SBATCH Run: biapy-py_v1.yaml
running BiaPy/run_biapy-py.py
Date     : 2026-07-24 17:34:34
Arguments: Namespace(config=PosixPath('BiaPy/configs/biapy-py_v1.yaml'), result_dir=PosixPath('metrics/biapy'), name='biapy-py_v1', run_id='0', gpu='0', world_size=1, local_rank=-1, dist_on_itp=False, dist_url='env://', dist_backend='nccl')
Job      : biapy-py_v1_0
BiaPy    : 3.6.8
Python   : 3.11.15 | packaged by conda-forge | (main, Jun 11 2026, 03:34:02) [GCC 14.3.0]
PyTorch  : 2.10.0
The following changes were made in order to adapt the input configuration:
Not using distributed mode
[17:34:35.426285] WARNING: seems that the channels requested are custom so BiaPy did not fill some varibles by default.
You will need to fill the following variables:
    - PROBLEM.INSTANCE_SEG.WATERSHED.SEED_CHANNELS
    - PROBLEM.INSTANCE_SEG.WATERSHED.SEED_CHANNELS_THRESH
    - PROBLEM.INSTANCE_SEG.WATERSHED.TOPOGRAPHIC_SURFACE_CHANNEL
    - PROBLEM.INSTANCE_SEG.WATERSHED.GROWTH_MASK_CHANNELS
    - PROBLEM.INSTANCE_SEG.WATERSHED.GROWTH_MASK_CHANNELS_THRESH

[17:34:35.430945] Configuration details:
[17:34:35.430951] AUGMENTOR:
  AFFINE_MODE: reflect
  AUG_NUM_SAMPLES: 10
  AUG_SAMPLES: True
  BRIGHTNESS: False
  BRIGHTNESS_FACTOR: (-0.1, 0.1)
  CBLUR_DOWN_RANGE: (2, 8)
  CBLUR_INSIDE: True
  CBLUR_SIZE: (0.2, 0.4)
  CHANNEL_SHUFFLE: False
  CMIX_SIZE: (0.2, 0.4)
  CNOISE_NB_ITERATIONS: (1, 3)
  CNOISE_SCALE: (0.05, 0.1)
  CNOISE_SIZE: (0.2, 0.4)
  CONTRAST: False
  CONTRAST_FACTOR: (-0.1, 0.1)
  COUT_APPLY_TO_MASK: False
  COUT_CVAL: 0.0
  COUT_NB_ITERATIONS: (1, 3)
  COUT_SIZE: (0.05, 0.3)
  CUTBLUR: False
  CUTMIX: False
  CUTNOISE: False
  CUTOUT: False
  DA_PROB: 0.5
  DRAW_GRID: True
  DROPOUT: False
  DROP_RANGE: (0, 0.2)
  ELASTIC: False
  ENABLE: True
  E_ALPHA: (12, 16)
  E_MODE: constant
  E_SIGMA: 4
  GAMMA_CONTRAST: False
  GAUSSIAN_NOISE: False
  GAUSSIAN_NOISE_MEAN: 0.0
  GAUSSIAN_NOISE_USE_INPUT_IMG_MEAN_AND_VAR: False
  GAUSSIAN_NOISE_VAR: 0.05
  GC_GAMMA: (1.25, 1.75)
  GRAYSCALE: False
  GRIDMASK: False
  GRID_D_RANGE: (0.4, 1)
  GRID_INVERT: False
  GRID_RATIO: 0.6
  GRID_ROTATE: 1.0
  G_BLUR: False
  G_SIGMA: (1.0, 2.0)
  HFLIP: True
  MB_KERNEL: (3, 7)
  MEDIAN_BLUR: False
  MISALIGNMENT: False
  MISSING_SECTIONS: False
  MISSP_CHANNEL_PB: 0.5
  MISSP_ITERATIONS: (10, 30)
  MOTB_K_RANGE: (8, 12)
  MOTION_BLUR: False
  MS_DISPLACEMENT: 16
  MS_ROTATE_RATIO: 0.5
  PEPPER: False
  PEPPER_AMOUNT: 0.05
  POISSON_NOISE: False
  RANDOM_ROT: True
  RANDOM_ROT_RANGE: (-180, 180)
  ROT90: False
  SALT: False
  SALT_AMOUNT: 0.05
  SALT_AND_PEPPER: False
  SALT_AND_PEPPER_AMOUNT: 0.05
  SALT_AND_PEPPER_PROP: 0.5
  SHEAR: False
  SHEAR_RANGE: (-20, 20)
  SHIFT: False
  SHIFT_RANGE: (0.1, 0.2)
  SHUFFLE_TRAIN_DATA_EACH_EPOCH: True
  SHUFFLE_VAL_DATA_EACH_EPOCH: False
  VFLIP: True
  ZFLIP: True
  ZOOM: False
  ZOOM_IN_Z: False
  ZOOM_RANGE: (0.8, 1.2)
DATA:
  CHECK_GENERATORS: False
  FILTER_BY_IMAGE: False
  FORCE_RGB: False
  NORMALIZATION:
    MEASURE_BY: image
    PERC_CLIP:
      ENABLE: False
      LOWER_PERC: -1.0
      LOWER_VALUE: -1.0
      UPPER_PERC: -1.0
      UPPER_VALUE: -1.0
    TYPE: zero_mean_unit_variance
    ZERO_MEAN_UNIT_VAR:
      MEAN_VAL: -1.0
      STD_VAL: -1.0
  N_CLASSES: 2
  PATCH_SIZE: (20, 128, 128, 3)
  PREPROCESS:
    CANNY:
      ENABLE: False
      HIGH_THRESHOLD: None
      LOW_THRESHOLD: None
    CLAHE:
      CLIP_LIMIT: 0.01
      ENABLE: False
      KERNEL_SIZE: None
    GAUSSIAN_BLUR:
      CHANNEL_AXIS: None
      ENABLE: False
      MODE: nearest
      SIGMA: 1
    MATCH_HISTOGRAM:
      ENABLE: False
      REFERENCE_PATH: user_data/test/x
    MEDIAN_BLUR:
      ENABLE: False
      KERNEL_SIZE: (3, 3, 1)
    RESIZE:
      ANTI_ALIASING: False
      CLIP: True
      CVAL: 0.0
      ENABLE: False
      MODE: reflect
      ORDER: 1
      OUTPUT_SHAPE: (512, 512)
      PRESERVE_RANGE: True
    TEST: False
    TRAIN: False
    VAL: False
    ZOOM:
      ENABLE: False
      ZOOM_FACTOR: [1, 1, 1, 1, 1]
  REFLECT_TO_COMPLETE_SHAPE: False
  SAVE_FILTERED_IMAGES: False
  SAVE_FILTERED_IMAGES_NUM: 3
  TEST:
    ARGMAX_TO_OUTPUT: True
    BINARY_MASKS: fisbe/biapy-py_data/test/raw/../bin_mask
    CHECK_DATA: True
    DETECTION_MASK_DIR: fisbe/biapy-py_data/test/label_detection_masks_2
    FILTER_SAMPLES:
      ENABLE: False
      NORM_BEFORE: False
      PROPS: []
      SIGNS: []
      VALUES: []
    GT_PATH: fisbe/biapy-py_data/test/label
    INPUT_IMG_AXES_ORDER: TZCYX
    INPUT_MASK_AXES_ORDER: TZCYX
    INPUT_ZARR_MULTIPLE_DATA: False
    INPUT_ZARR_MULTIPLE_DATA_GT_PATH: 
    INPUT_ZARR_MULTIPLE_DATA_ID_PATH: annotations.ids
    INPUT_ZARR_MULTIPLE_DATA_LOCATIONS_PATH: annotations.locations
    INPUT_ZARR_MULTIPLE_DATA_PARTNERS_PATH: annotations.presynaptic_site.partners
    INPUT_ZARR_MULTIPLE_DATA_RAW_PATH: 
    INPUT_ZARR_MULTIPLE_DATA_RESOLUTION_PATH: volumes.raw
    INSTANCE_CHANNELS_MASK_DIR: fisbe/biapy-py_data/test/label_F.erosion-0.dilation-0_C.mode-thick_Db.norm-True.mask_values-True_Dn.closing_size-3.norm-True.mask_values-True.decline_power-3
    IN_MEMORY: True
    LOAD_GT: True
    MEDIAN_PADDING: False
    OVERLAP: (0, 0, 0)
    PADDING: (4, 16, 16)
    PATH: fisbe/biapy-py_data/test/raw
    RESOLUTION: (1, 1, 1)
    SSL_SOURCE_DIR: fisbe/biapy-py_data/test/raw_ssl_source
    USE_VAL_AS_TEST: False
  TRAIN:
    CHECK_DATA: True
    DETECTION_MASK_DIR: fisbe/biapy-py_data/train/label_detection_masks_2
    FILTER_SAMPLES:
      ENABLE: False
      NORM_BEFORE: False
      PROPS: []
      SIGNS: []
      VALUES: []
    GT_PATH: fisbe/biapy-py_data/train/label
    INPUT_IMG_AXES_ORDER: TZCYX
    INPUT_MASK_AXES_ORDER: TZCYX
    INPUT_ZARR_MULTIPLE_DATA: False
    INPUT_ZARR_MULTIPLE_DATA_GT_PATH: 
    INPUT_ZARR_MULTIPLE_DATA_ID_PATH: annotations.ids
    INPUT_ZARR_MULTIPLE_DATA_LOCATIONS_PATH: annotations.locations
    INPUT_ZARR_MULTIPLE_DATA_PARTNERS_PATH: annotations.presynaptic_site.partners
    INPUT_ZARR_MULTIPLE_DATA_RAW_PATH: 
    INPUT_ZARR_MULTIPLE_DATA_RESOLUTION_PATH: volumes.raw
    INSTANCE_CHANNELS_MASK_DIR: fisbe/biapy-py_data/train/label_F.erosion-0.dilation-0_C.mode-thick_Db.norm-True.mask_values-True_Dn.closing_size-3.norm-True.mask_values-True.decline_power-3
    IN_MEMORY: True
    OVERLAP: (0, 0, 0)
    PADDING: (0, 0, 0)
    PATH: fisbe/biapy-py_data/train/raw
    RESOLUTION: (1, 1, 1)
    SSL_SOURCE_DIR: fisbe/biapy-py_data/train/raw_ssl_source
  VAL:
    CROSS_VAL: False
    CROSS_VAL_FOLD: 1
    CROSS_VAL_NFOLD: 5
    DETECTION_MASK_DIR: user_data/val/y_detection_masks_2
    DIST_EVAL: True
    FILTER_SAMPLES:
      ENABLE: False
      NORM_BEFORE: False
      PROPS: []
      SIGNS: []
      VALUES: []
    FROM_TRAIN: True
    GT_PATH: user_data/val/y
    INPUT_IMG_AXES_ORDER: TZCYX
    INPUT_MASK_AXES_ORDER: TZCYX
    INPUT_ZARR_MULTIPLE_DATA: False
    INPUT_ZARR_MULTIPLE_DATA_GT_PATH: 
    INPUT_ZARR_MULTIPLE_DATA_ID_PATH: annotations.ids
    INPUT_ZARR_MULTIPLE_DATA_LOCATIONS_PATH: annotations.locations
    INPUT_ZARR_MULTIPLE_DATA_PARTNERS_PATH: annotations.presynaptic_site.partners
    INPUT_ZARR_MULTIPLE_DATA_RAW_PATH: 
    INPUT_ZARR_MULTIPLE_DATA_RESOLUTION_PATH: volumes.raw
    INSTANCE_CHANNELS_MASK_DIR: user_data/val/y_F.erosion-0.dilation-0_C.mode-thick_Db.norm-True.mask_values-True_Dn.closing_size-3.norm-True.mask_values-True.decline_power-3
    IN_MEMORY: True
    OVERLAP: (0, 0, 0)
    PADDING: (0, 0, 0)
    PATH: user_data/val/x
    RANDOM: True
    RESOLUTION: (1, 1, 1)
    SPLIT_TRAIN: 0.1
    SSL_SOURCE_DIR: user_data/val/x_ssl_source
LOG:
  CHART_CREATION_FREQ: 5
  LOG_DIR: metrics/biapy/biapy-py_v1/train_logs
  LOG_FILE_PREFIX: biapy-py_v1_0
  TENSORBOARD_LOG_DIR: metrics/biapy/biapy-py_v1/results/biapy-py_v1_0/tensorboard
LOSS:
  CLASS_REBALANCE: none
  CLASS_WEIGHTS: []
  CONTRAST:
    ENABLE: False
    MEMORY_SIZE: 5000
    PIXEL_UPD_FREQ: 10
    PROJ_DIM: 256
  IGNORE_INDEX: -1
  TYPE: 
  WEIGHTS: [0.66, 0.34]
MODEL:
  ACTIVATION: ELU
  ARCHITECTURE: unet
  BMZ:
    EXPORT:
      AUTHORS: []
      CITE: []
      DATASET_INFO: [{}]
      DESCRIPTION: 
      DOCUMENTATION: 
      ENABLE: False
      LICENSE: CC-BY-4.0
      MODEL_NAME: 
      MODEL_VERSION: 0.1.0
      REUSE_BMZ_CONFIG: False
      TAGS: []
    SOURCE_MODEL_ID: 
  CONVNEXT_LAYERS: [2, 2, 2, 2, 2]
  CONVNEXT_LAYER_SCALE: 1e-06
  CONVNEXT_SD_PROB: 0.1
  CONVNEXT_STEM_K_SIZE: 2
  DROPOUT_VALUES: [0.0, 0.0, 0.0, 0.0, 0.0]
  FEATURE_MAPS: [16, 32, 64, 128, 256]
  HRNET:
    BLOCK_TYPE: BASIC
    CUSTOM: False
    HEAD_TYPE: FCN
    STAGE2:
      NUM_BLOCKS: [4, 4]
      NUM_BRANCHES: 2
      NUM_CHANNELS: [18, 36]
      NUM_MODULES: 1
    STAGE3:
      NUM_BLOCKS: [4, 4, 4]
      NUM_BRANCHES: 3
      NUM_CHANNELS: [18, 36, 72]
      NUM_MODULES: 4
    STAGE4:
      NUM_BLOCKS: [4, 4, 4, 4]
      NUM_BRANCHES: 4
      NUM_CHANNELS: [18, 36, 72, 144]
      NUM_MODULES: 3
    Z_DOWN: True
  ISOTROPY: [True, True, True, True, True]
  KERNEL_SIZE: 3
  LARGER_IO: False
  LOAD_CHECKPOINT: False
  LOAD_CHECKPOINT_EPOCH: best_on_val
  LOAD_CHECKPOINT_ONLY_WEIGHTS: True
  LOAD_MODEL_FROM_CHECKPOINT: True
  MAE_DEC_HIDDEN_SIZE: 512
  MAE_DEC_MLP_DIMS: 2048
  MAE_DEC_NUM_HEADS: 16
  MAE_DEC_NUM_LAYERS: 8
  MAE_MASK_RATIO: 0.5
  MAE_MASK_TYPE: grid
  NORMALIZATION: bn
  OUT_CHECKPOINT_FORMAT: pth
  RCAN_CONV_FILTERS: 16
  RCAN_RCAB_BLOCK_NUM: 20
  RCAN_REDUCTION_RATIO: 16
  RCAN_RG_BLOCK_NUM: 10
  RCAN_UPSCALING_LAYER: True
  SAVE_CKPT_FREQ: -1
  SKIP_UNMATCHED_LAYERS: False
  SOURCE: biapy
  TORCHVISION_MODEL_NAME: 
  UNETR_DEC_ACTIVATION: relu
  UNETR_DEC_KERNEL_SIZE: 3
  UNETR_VIT_HIDD_MULT: 3
  UNETR_VIT_NUM_FILTERS: 16
  UNET_SR_UPSAMPLE_POSITION: pre
  UPSAMPLE_LAYER: convtranspose
  VIT_EMBED_DIM: 768
  VIT_MLP_RATIO: 4.0
  VIT_MODEL: custom
  VIT_NORM_EPS: 1e-06
  VIT_NUM_HEADS: 12
  VIT_NUM_LAYERS: 12
  VIT_TOKEN_SIZE: 16
  Z_DOWN: [1, 1, 1, 1]
PATHS:
  BMZ_EXPORT_PATH: metrics/biapy/biapy-py_v1/results/biapy-py_v1_0/BMZ_files
  CHARTS: metrics/biapy/biapy-py_v1/results/biapy-py_v1_0/charts
  CHECKPOINT: metrics/biapy/biapy-py_v1/checkpoints
  CHECKPOINT_FILE: 
  DA_SAMPLES: metrics/biapy/biapy-py_v1/results/biapy-py_v1_0/aug
  FIL_SAMPLES_DIR: metrics/biapy/biapy-py_v1/results/biapy-py_v1_0/filtering_information
  GEN_CHECKS: metrics/biapy/biapy-py_v1/results/biapy-py_v1_0/gen_check
  GEN_MASK_CHECKS: metrics/biapy/biapy-py_v1/results/biapy-py_v1_0/gen_mask_check
  MAE_OUT_DIR: metrics/biapy/biapy-py_v1/results/biapy-py_v1_0/MAE_checks
  PROB_MAP_DIR: metrics/biapy/biapy-py_v1/prob_map
  PROB_MAP_FILENAME: prob_map.npy
  PROFILER: metrics/biapy/biapy-py_v1/results/biapy-py_v1_0/profiler
  RESULT_DIR:
    AS_3D_STACK: metrics/biapy/biapy-py_v1/results/biapy-py_v1_0/as_3d_stack
    AS_3D_STACK_BIN: metrics/biapy/biapy-py_v1/results/biapy-py_v1_0/as_3d_stack_binarized
    AS_3D_STACK_POST_PROCESSING: metrics/biapy/biapy-py_v1/results/biapy-py_v1_0/as_3d_stack_post_processing
    DET_ASSOC_POINTS: metrics/biapy/biapy-py_v1/results/biapy-py_v1_0/point_associations
    DET_LOCAL_MAX_COORDS_CHECK: metrics/biapy/biapy-py_v1/results/biapy-py_v1_0/per_image_local_max_check
    DET_LOCAL_MAX_COORDS_CHECK_POST_PROCESSING: metrics/biapy/biapy-py_v1/results/biapy-py_v1_0/per_image_local_max_check_post_processing
    FULL_IMAGE: metrics/biapy/biapy-py_v1/results/biapy-py_v1_0/full_image
    FULL_IMAGE_BIN: metrics/biapy/biapy-py_v1/results/biapy-py_v1_0/full_image_binarized
    FULL_IMAGE_INSTANCES: metrics/biapy/biapy-py_v1/results/biapy-py_v1_0/full_image_instances
    FULL_IMAGE_POST_PROCESSING: metrics/biapy/biapy-py_v1/results/biapy-py_v1_0/full_image_post_processing
    INST_ASSOC_POINTS: metrics/biapy/biapy-py_v1/results/biapy-py_v1_0/instance_associations
    PATH: metrics/biapy/biapy-py_v1/results/biapy-py_v1_0
    PER_IMAGE: metrics/biapy/biapy-py_v1/results/biapy-py_v1_0/per_image
    PER_IMAGE_BIN: metrics/biapy/biapy-py_v1/results/biapy-py_v1_0/per_image_binarized
    PER_IMAGE_INSTANCES: metrics/biapy/biapy-py_v1/results/biapy-py_v1_0/per_image_instances
    PER_IMAGE_POST_PROCESSING: metrics/biapy/biapy-py_v1/results/biapy-py_v1_0/per_image_post_processing
  TEST_FULL_GT_H5: fisbe/biapy-py_data/test/label/h5
  TEST_INSTANCE_CHANNELS_CHECK: metrics/biapy/biapy-py_v1/results/biapy-py_v1_0/test_FCDbDn_instance_channels
  TRAIN_INSTANCE_CHANNELS_CHECK: metrics/biapy/biapy-py_v1/results/biapy-py_v1_0/train_FCDbDn_instance_channels
  VAL_INSTANCE_CHANNELS_CHECK: metrics/biapy/biapy-py_v1/results/biapy-py_v1_0/val_FCDbDn_instance_channels
  WATERSHED_DIR: metrics/biapy/biapy-py_v1/results/biapy-py_v1_0/watershed
PROBLEM:
  DENOISING:
    LOAD_GT_DATA: False
    N2V_MANIPULATOR: uniform_withCP
    N2V_NEIGHBORHOOD_RADIUS: 5
    N2V_PERC_PIX: 0.198
    N2V_STRUCTMASK: False
  DETECTION:
    CENTRAL_POINT_DILATION: [2]
    CHECK_POINTS_CREATED: True
    DATA_CHECK_MW: False
  IMAGE_TO_IMAGE:
    MULTIPLE_RAW_ONE_TARGET_LOADER: False
  INSTANCE_SEG:
    BORDER_EXTRA_WEIGHTS: 
    DATA_CHANNELS: ['F', 'C', 'Db', 'Dn']
    DATA_CHANNELS_EXTRA_OPTS: [{'F': {'erosion': 0, 'dilation': 0}, 'C': {'mode': 'thick'}, 'Db': {'norm': True, 'mask_values': True}, 'Dn': {'closing_size': 3, 'norm': True, 'mask_values': True, 'decline_power': 3}}]
    DATA_CHANNELS_LOSSES: ['bce', 'bce', 'l1', 'l1']
    DATA_CHANNEL_WEIGHTS: (1, 1, 1, 1)
    EMBEDSEG:
      MIN_MASK_SUM: 0
      MIN_OBJECT_SIZE: 100
      MIN_UNCLUSTERED_SUM: 0
      SEED_THRESH: 0.5
    INSTANCE_CREATION_PROCESS: watershed
    STARDIST:
      NMS_IOU_THRESH: 0.3
      PROB_THRESH: 0.4
    SYNAPSES:
      BLOB_LOG_MAX_SIGMA: 10
      BLOB_LOG_MIN_SIGMA: 5
      BLOB_LOG_NUM_SIGMA: 2
      EXCLUDE_BORDER: False
      MIN_TH_TO_BE_PEAK: 0.2
      PEAK_LOCAL_MAX_MIN_DISTANCE: 1
      POINT_CREATION_FUNCTION: peak_local_max
      POSTSITE_DILATION: [2, 4, 4]
      POSTSITE_DILATION_DISTANCE_CHANNELS: [3, 10, 10]
      REMOVE_CLOSE_POINTS_RADIUS_BY_MASK: False
      REMOVE_CLOSE_POST_POINTS_RADIUS: 0
      REMOVE_CLOSE_PRE_POINTS_RADIUS: 0
      TH_TYPE: auto
    TYPE: regular
    WATERSHED:
      BY_2D_SLICES: False
      DATA_CHECK_MW: True
      DATA_REMOVE_BEFORE_MW: True
      DATA_REMOVE_SMALL_OBJ_BEFORE: 500
      ERODE_AND_DILATE_GROWTH_MASK: True
      FORE_DILATION_RADIUS: 1
      FORE_EROSION_RADIUS: 1
      GROWTH_MASK_CHANNELS: ['F']
      GROWTH_MASK_CHANNELS_THRESH: ['auto']
      SEED_CHANNELS: ['F', 'Db']
      SEED_CHANNELS_THRESH: ['auto', 'auto']
      SEED_MORPH_RADIUS: [1, 1]
      SEED_MORPH_SEQUENCE: ['erode', 'dilate']
      TOPOGRAPHIC_SURFACE_CHANNEL: Db
  NDIM: 3D
  PRINT_OLD_KEY_CHANGES: True
  SELF_SUPERVISED:
    NOISE: 0.2
    PRETEXT_TASK: crappify
    RESIZING_FACTOR: 4
  SEMANTIC_SEG:
    IGNORE_CLASS_ID: 0
  SUPER_RESOLUTION:
    UPSCALING: (1, 1, 1)
  TYPE: INSTANCE_SEG
SYSTEM:
  DEVICE: cpu
  NUM_CPUS: 128
  NUM_GPUS: 1
  NUM_WORKERS: -1
  PIN_MEM: True
  SEED: 0
TEST:
  ANALIZE_2D_IMGS_AS_3D_STACK: False
  AUGMENTATION: False
  AUGMENTATION_MODE: mean
  BY_CHUNKS:
    ENABLE: False
    FLUSH_EACH: 100
    SAVE_OUT_TIF: False
    WORKFLOW_PROCESS:
      ENABLE: True
      TYPE: chunk_by_chunk
  DET_BLOB_LOG_MAX_SIGMA: 10
  DET_BLOB_LOG_MIN_SIGMA: 5
  DET_BLOB_LOG_NUM_SIGMA: 2
  DET_EXCLUDE_BORDER: False
  DET_IGNORE_POINTS_OUTSIDE_BOX: []
  DET_MIN_TH_TO_BE_PEAK: 0.2
  DET_PEAK_LOCAL_MAX_MIN_DISTANCE: 1
  DET_POINT_CREATION_FUNCTION: peak_local_max
  DET_TH_TYPE: manual
  DET_TOLERANCE: 10
  ENABLE: True
  FULL_IMG: False
  MATCHING_STATS: True
  MATCHING_STATS_THS: [0.3, 0.5, 0.75]
  MATCHING_STATS_THS_COLORED_IMG: []
  METRICS: ['iou']
  METRICS_IN_CPU: True
  POST_PROCESSING:
    APPLY_MASK: False
    DET_WATERSHED: False
    DET_WATERSHED_DONUTS_CLASSES: [-1]
    DET_WATERSHED_DONUTS_NUCLEUS_DIAMETER: 30
    DET_WATERSHED_DONUTS_PATCH: [13, 120, 120]
    DET_WATERSHED_FIRST_DILATION: [-1, -1]
    INSTANCE_REFINEMENT:
      ENABLE: True
      OPERATIONS: ['remove_small_objects']
      VALUES: [500]
    MEASURE_PROPERTIES:
      ENABLE: False
      EXTRA_PROPS: []
      REMOVE_BY_PROPERTIES:
        ENABLE: False
        PROPS: []
        SIGNS: []
        VALUES: []
    MEDIAN_FILTER: False
    MEDIAN_FILTER_AXIS: []
    MEDIAN_FILTER_SIZE: []
    REMOVE_CLOSE_POINTS: False
    REMOVE_CLOSE_POINTS_RADIUS: 0
    REPARE_LARGE_BLOBS_SIZE: -1
    VORONOI_ON_MASK: False
    VORONOI_TH: 0.0
  REDUCE_MEMORY: False
  REUSE_PREDICTIONS: False
  SAVE_MODEL_RAW_OUTPUT: True
  VERBOSE: True
TRAIN:
  ACCUM_ITER: 1
  BATCH_SIZE: 30
  CHECKPOINT_MONITOR: val_loss
  ENABLE: True
  EPOCHS: 30
  LR: 0.001
  LR_SCHEDULER:
    MIN_LR: -1.0
    NAME: onecycle
    REDUCEONPLATEAU_FACTOR: 0.5
    REDUCEONPLATEAU_PATIENCE: -1
    WARMUP_COSINE_DECAY_EPOCHS: -1
  METRICS: ['iou']
  OPTIMIZER: ADAMW
  OPT_BETAS: (0.9, 0.999)
  PATIENCE: 10
  VERBOSE: False
  W_DECAY: 0.02
[17:34:40.776147] *~~~~~~~~~~~~~~~~~~~~~~~~~~~~~~~~~~~~~~~~~~~~~~~~~~*
[17:34:40.776169] Initializing Instance_Segmentation_Workflow
[17:34:40.776173] *~~~~~~~~~~~~~~~~~~~~~~~~~~~~~~~~~~~~~~~~~~~~~~~~~~*

[17:34:41.062739] Creating normalization module . . .
[17:34:41.062783] Normalization: using mean None and std: None
[17:34:41.062834] ###########################
[17:34:41.062837] #  PREPARE INSTANCE DATA  #
[17:34:41.062839] ###########################
[17:34:41.063455] You select to create ['F', 'C', 'Db', 'Dn'] channels from given instance labels and no file is detected in fisbe/biapy-py_data/train/label_F.erosion-0.dilation-0_C.mode-thick_Db.norm-True.mask_values-True_Dn.closing_size-3.norm-True.mask_values-True.decline_power-3 . So let's prepare the data. This process will be done just once!
[17:34:41.067466] Creating Y_train channels . . .
[17:46:42.022114] You select to create ['F', 'C', 'Db', 'Dn'] channels from given instance labels and no file is detected in fisbe/biapy-py_data/test/label_F.erosion-0.dilation-0_C.mode-thick_Db.norm-True.mask_values-True_Dn.closing_size-3.norm-True.mask_values-True.decline_power-3 . So let's prepare the data. This process will be done just once!
[17:46:42.025503] Creating Y_test channels . . .
[17:50:35.691860] DATA.TRAIN.GT_PATH changed from fisbe/biapy-py_data/train/label to fisbe/biapy-py_data/train/label_F.erosion-0.dilation-0_C.mode-thick_Db.norm-True.mask_values-True_Dn.closing_size-3.norm-True.mask_values-True.decline_power-3
[17:50:35.691886] DATA.TEST.GT_PATH changed from fisbe/biapy-py_data/test/label to fisbe/biapy-py_data/test/label_F.erosion-0.dilation-0_C.mode-thick_Db.norm-True.mask_values-True_Dn.closing_size-3.norm-True.mask_values-True.decline_power-3
[17:50:35.692578] ##########################
[17:50:35.692584] #   LOAD TRAINING DATA   #
[17:50:35.692586] ##########################
[17:50:35.692653] ### LOAD ###
[17:50:35.696107] Gathering raw images for training data . . .
[17:52:03.862520] Gathering labels for training data . . .
[17:53:14.546242] Checking training raw and label images' shapes . . .
[17:53:14.559784] Creating validation data from train . . .
[17:53:15.130824] Raw images chosen for training: ['fisbe/biapy-py_data/train/raw/R38F04-20181005_63_G3.tif', 'fisbe/biapy-py_data/train/raw/R38F04-20181005_63_H1.tif', 'fisbe/biapy-py_data/train/raw/R53A10-20181019_64_A4.tif', 'fisbe/biapy-py_data/train/raw/R75E01-20181030_64_D1.tif', 'fisbe/biapy-py_data/train/raw/VT008647-20171222_63_D1.tif', 'fisbe/biapy-py_data/train/raw/VT008647-20171222_63_E1.tif', 'fisbe/biapy-py_data/train/raw/VT019303-20171013_65_B6.tif', 'fisbe/biapy-py_data/train/raw/VT019307-20171013_65_F1.tif', 'fisbe/biapy-py_data/train/raw/VT033051-20171128_61_E2.tif', 'fisbe/biapy-py_data/train/raw/VT033051-20171128_61_E4.tif', 'fisbe/biapy-py_data/train/raw/VT040433-20170919_63_D6.tif', 'fisbe/biapy-py_data/train/raw/VT047848-20171020_66_I2.tif', 'fisbe/biapy-py_data/train/raw/VT047848-20171020_66_I3.tif', 'fisbe/biapy-py_data/train/raw/VT047848-20171020_66_I5.tif', 'fisbe/biapy-py_data/train/raw/VT047848-20171020_66_J2.tif', 'fisbe/biapy-py_data/train/raw/VT061467-20180911_62_E5.tif']
[17:53:15.130847] Raw images chosen for validation: ['fisbe/biapy-py_data/train/raw/R38F04-20181005_63_G5.tif', 'fisbe/biapy-py_data/train/raw/VT008647-20171222_63_D2.tif']
[17:53:15.130849] * Loading train images . . .
[17:53:34.563629] *** Loaded data shape is (13724, 20, 128, 128)
[17:53:34.563652] * Loading train GT . . .
[17:56:56.151483] *** Loaded data shape is (13724, 20, 128, 128)
[17:56:56.151499] * Loading validation images . . .
[17:57:09.724131] *** Loaded data shape is (1548, 20, 128, 128)
[17:57:09.724147] * Loading validation GT . . .
[17:57:34.828731] *** Loaded data shape is (1548, 20, 128, 128)
[17:57:34.828746] ### LOAD RESULTS ###
[17:57:34.828755] *** Loaded train data shape is: (13724, 20, 128, 128)
[17:57:34.828762] *** Loaded train GT shape is: (13724, 20, 128, 128)
[17:57:34.828768] *** Loaded validation data shape is: (1548, 20, 128, 128)
[17:57:34.828771] *** Loaded validation GT shape is: (1548, 20, 128, 128)
[17:57:34.828773] ### END LOAD ###
[17:57:34.828795] ###############
[17:57:34.828797] # Build model #
[17:57:34.828799] ###############
[17:57:41.620501] ==================================================================================================================================
Layer (type:depth-idx)                                  Input Shape               Output Shape              Param #
==================================================================================================================================
U_Net                                                   [1, 3, 20, 128, 128]      [1, 4, 20, 128, 128]      --
├─ModuleList: 1-7                                       --                        --                        (recursive)
│    └─DoubleConvBlock: 2-1                             [1, 3, 20, 128, 128]      [1, 16, 20, 128, 128]     --
│    │    └─Sequential: 3-1                             [1, 3, 20, 128, 128]      [1, 16, 20, 128, 128]     --
│    │    │    └─ConvBlock: 4-1                         [1, 3, 20, 128, 128]      [1, 16, 20, 128, 128]     --
│    │    │    │    └─Sequential: 5-1                   [1, 3, 20, 128, 128]      [1, 16, 20, 128, 128]     --
│    │    │    │    │    └─Conv3d: 6-1                  [1, 3, 20, 128, 128]      [1, 16, 20, 128, 128]     1,312
│    │    │    │    │    └─BatchNorm3d: 6-2             [1, 16, 20, 128, 128]     [1, 16, 20, 128, 128]     32
│    │    │    │    │    └─ELU: 6-3                     [1, 16, 20, 128, 128]     [1, 16, 20, 128, 128]     --
│    │    │    └─ConvBlock: 4-2                         [1, 16, 20, 128, 128]     [1, 16, 20, 128, 128]     --
│    │    │    │    └─Sequential: 5-2                   [1, 16, 20, 128, 128]     [1, 16, 20, 128, 128]     --
│    │    │    │    │    └─Conv3d: 6-4                  [1, 16, 20, 128, 128]     [1, 16, 20, 128, 128]     6,928
│    │    │    │    │    └─BatchNorm3d: 6-5             [1, 16, 20, 128, 128]     [1, 16, 20, 128, 128]     32
│    │    │    │    │    └─ELU: 6-6                     [1, 16, 20, 128, 128]     [1, 16, 20, 128, 128]     --
├─ModuleList: 1-8                                       --                        --                        --
│    └─MaxPool3d: 2-2                                   [1, 16, 20, 128, 128]     [1, 16, 20, 64, 64]       --
├─ModuleList: 1-7                                       --                        --                        (recursive)
│    └─DoubleConvBlock: 2-3                             [1, 16, 20, 64, 64]       [1, 32, 20, 64, 64]       --
│    │    └─Sequential: 3-2                             [1, 16, 20, 64, 64]       [1, 32, 20, 64, 64]       --
│    │    │    └─ConvBlock: 4-3                         [1, 16, 20, 64, 64]       [1, 32, 20, 64, 64]       --
│    │    │    │    └─Sequential: 5-3                   [1, 16, 20, 64, 64]       [1, 32, 20, 64, 64]       --
│    │    │    │    │    └─Conv3d: 6-7                  [1, 16, 20, 64, 64]       [1, 32, 20, 64, 64]       13,856
│    │    │    │    │    └─BatchNorm3d: 6-8             [1, 32, 20, 64, 64]       [1, 32, 20, 64, 64]       64
│    │    │    │    │    └─ELU: 6-9                     [1, 32, 20, 64, 64]       [1, 32, 20, 64, 64]       --
│    │    │    └─ConvBlock: 4-4                         [1, 32, 20, 64, 64]       [1, 32, 20, 64, 64]       --
│    │    │    │    └─Sequential: 5-4                   [1, 32, 20, 64, 64]       [1, 32, 20, 64, 64]       --
│    │    │    │    │    └─Conv3d: 6-10                 [1, 32, 20, 64, 64]       [1, 32, 20, 64, 64]       27,680
│    │    │    │    │    └─BatchNorm3d: 6-11            [1, 32, 20, 64, 64]       [1, 32, 20, 64, 64]       64
│    │    │    │    │    └─ELU: 6-12                    [1, 32, 20, 64, 64]       [1, 32, 20, 64, 64]       --
├─ModuleList: 1-8                                       --                        --                        --
│    └─MaxPool3d: 2-4                                   [1, 32, 20, 64, 64]       [1, 32, 20, 32, 32]       --
├─ModuleList: 1-7                                       --                        --                        (recursive)
│    └─DoubleConvBlock: 2-5                             [1, 32, 20, 32, 32]       [1, 64, 20, 32, 32]       --
│    │    └─Sequential: 3-3                             [1, 32, 20, 32, 32]       [1, 64, 20, 32, 32]       --
│    │    │    └─ConvBlock: 4-5                         [1, 32, 20, 32, 32]       [1, 64, 20, 32, 32]       --
│    │    │    │    └─Sequential: 5-5                   [1, 32, 20, 32, 32]       [1, 64, 20, 32, 32]       --
│    │    │    │    │    └─Conv3d: 6-13                 [1, 32, 20, 32, 32]       [1, 64, 20, 32, 32]       55,360
│    │    │    │    │    └─BatchNorm3d: 6-14            [1, 64, 20, 32, 32]       [1, 64, 20, 32, 32]       128
│    │    │    │    │    └─ELU: 6-15                    [1, 64, 20, 32, 32]       [1, 64, 20, 32, 32]       --
│    │    │    └─ConvBlock: 4-6                         [1, 64, 20, 32, 32]       [1, 64, 20, 32, 32]       --
│    │    │    │    └─Sequential: 5-6                   [1, 64, 20, 32, 32]       [1, 64, 20, 32, 32]       --
│    │    │    │    │    └─Conv3d: 6-16                 [1, 64, 20, 32, 32]       [1, 64, 20, 32, 32]       110,656
│    │    │    │    │    └─BatchNorm3d: 6-17            [1, 64, 20, 32, 32]       [1, 64, 20, 32, 32]       128
│    │    │    │    │    └─ELU: 6-18                    [1, 64, 20, 32, 32]       [1, 64, 20, 32, 32]       --
├─ModuleList: 1-8                                       --                        --                        --
│    └─MaxPool3d: 2-6                                   [1, 64, 20, 32, 32]       [1, 64, 20, 16, 16]       --
├─ModuleList: 1-7                                       --                        --                        (recursive)
│    └─DoubleConvBlock: 2-7                             [1, 64, 20, 16, 16]       [1, 128, 20, 16, 16]      --
│    │    └─Sequential: 3-4                             [1, 64, 20, 16, 16]       [1, 128, 20, 16, 16]      --
│    │    │    └─ConvBlock: 4-7                         [1, 64, 20, 16, 16]       [1, 128, 20, 16, 16]      --
│    │    │    │    └─Sequential: 5-7                   [1, 64, 20, 16, 16]       [1, 128, 20, 16, 16]      --
│    │    │    │    │    └─Conv3d: 6-19                 [1, 64, 20, 16, 16]       [1, 128, 20, 16, 16]      221,312
│    │    │    │    │    └─BatchNorm3d: 6-20            [1, 128, 20, 16, 16]      [1, 128, 20, 16, 16]      256
│    │    │    │    │    └─ELU: 6-21                    [1, 128, 20, 16, 16]      [1, 128, 20, 16, 16]      --
│    │    │    └─ConvBlock: 4-8                         [1, 128, 20, 16, 16]      [1, 128, 20, 16, 16]      --
│    │    │    │    └─Sequential: 5-8                   [1, 128, 20, 16, 16]      [1, 128, 20, 16, 16]      --
│    │    │    │    │    └─Conv3d: 6-22                 [1, 128, 20, 16, 16]      [1, 128, 20, 16, 16]      442,496
│    │    │    │    │    └─BatchNorm3d: 6-23            [1, 128, 20, 16, 16]      [1, 128, 20, 16, 16]      256
│    │    │    │    │    └─ELU: 6-24                    [1, 128, 20, 16, 16]      [1, 128, 20, 16, 16]      --
├─ModuleList: 1-8                                       --                        --                        --
│    └─MaxPool3d: 2-8                                   [1, 128, 20, 16, 16]      [1, 128, 20, 8, 8]        --
├─DoubleConvBlock: 1-9                                  [1, 128, 20, 8, 8]        [1, 256, 20, 8, 8]        --
│    └─Sequential: 2-9                                  [1, 128, 20, 8, 8]        [1, 256, 20, 8, 8]        --
│    │    └─ConvBlock: 3-5                              [1, 128, 20, 8, 8]        [1, 256, 20, 8, 8]        --
│    │    │    └─Sequential: 4-9                        [1, 128, 20, 8, 8]        [1, 256, 20, 8, 8]        --
│    │    │    │    └─Conv3d: 5-9                       [1, 128, 20, 8, 8]        [1, 256, 20, 8, 8]        884,992
│    │    │    │    └─BatchNorm3d: 5-10                 [1, 256, 20, 8, 8]        [1, 256, 20, 8, 8]        512
│    │    │    │    └─ELU: 5-11                         [1, 256, 20, 8, 8]        [1, 256, 20, 8, 8]        --
│    │    └─ConvBlock: 3-6                              [1, 256, 20, 8, 8]        [1, 256, 20, 8, 8]        --
│    │    │    └─Sequential: 4-10                       [1, 256, 20, 8, 8]        [1, 256, 20, 8, 8]        --
│    │    │    │    └─Conv3d: 5-12                      [1, 256, 20, 8, 8]        [1, 256, 20, 8, 8]        1,769,728
│    │    │    │    └─BatchNorm3d: 5-13                 [1, 256, 20, 8, 8]        [1, 256, 20, 8, 8]        512
│    │    │    │    └─ELU: 5-14                         [1, 256, 20, 8, 8]        [1, 256, 20, 8, 8]        --
├─ModuleList: 1-10                                      --                        --                        --
│    └─UpBlock: 2-10                                    [1, 256, 20, 8, 8]        [1, 128, 20, 16, 16]      --
│    │    └─Sequential: 3-7                             [1, 256, 20, 8, 8]        [1, 128, 20, 16, 16]      --
│    │    │    └─ConvTranspose3d: 4-11                  [1, 256, 20, 8, 8]        [1, 128, 20, 16, 16]      131,200
│    │    │    └─BatchNorm3d: 4-12                      [1, 128, 20, 16, 16]      [1, 128, 20, 16, 16]      256
│    │    │    └─ELU: 4-13                              [1, 128, 20, 16, 16]      [1, 128, 20, 16, 16]      --
│    │    └─DoubleConvBlock: 3-8                        [1, 256, 20, 16, 16]      [1, 128, 20, 16, 16]      --
│    │    │    └─Sequential: 4-14                       [1, 256, 20, 16, 16]      [1, 128, 20, 16, 16]      --
│    │    │    │    └─ConvBlock: 5-15                   [1, 256, 20, 16, 16]      [1, 128, 20, 16, 16]      --
│    │    │    │    │    └─Sequential: 6-25             [1, 256, 20, 16, 16]      [1, 128, 20, 16, 16]      --
│    │    │    │    │    │    └─Conv3d: 7-1             [1, 256, 20, 16, 16]      [1, 128, 20, 16, 16]      884,864
│    │    │    │    │    │    └─BatchNorm3d: 7-2        [1, 128, 20, 16, 16]      [1, 128, 20, 16, 16]      256
│    │    │    │    │    │    └─ELU: 7-3                [1, 128, 20, 16, 16]      [1, 128, 20, 16, 16]      --
│    │    │    │    └─ConvBlock: 5-16                   [1, 128, 20, 16, 16]      [1, 128, 20, 16, 16]      --
│    │    │    │    │    └─Sequential: 6-26             [1, 128, 20, 16, 16]      [1, 128, 20, 16, 16]      --
│    │    │    │    │    │    └─Conv3d: 7-4             [1, 128, 20, 16, 16]      [1, 128, 20, 16, 16]      442,496
│    │    │    │    │    │    └─BatchNorm3d: 7-5        [1, 128, 20, 16, 16]      [1, 128, 20, 16, 16]      256
│    │    │    │    │    │    └─ELU: 7-6                [1, 128, 20, 16, 16]      [1, 128, 20, 16, 16]      --
│    └─UpBlock: 2-11                                    [1, 128, 20, 16, 16]      [1, 64, 20, 32, 32]       --
│    │    └─Sequential: 3-9                             [1, 128, 20, 16, 16]      [1, 64, 20, 32, 32]       --
│    │    │    └─ConvTranspose3d: 4-15                  [1, 128, 20, 16, 16]      [1, 64, 20, 32, 32]       32,832
│    │    │    └─BatchNorm3d: 4-16                      [1, 64, 20, 32, 32]       [1, 64, 20, 32, 32]       128
│    │    │    └─ELU: 4-17                              [1, 64, 20, 32, 32]       [1, 64, 20, 32, 32]       --
│    │    └─DoubleConvBlock: 3-10                       [1, 128, 20, 32, 32]      [1, 64, 20, 32, 32]       --
│    │    │    └─Sequential: 4-18                       [1, 128, 20, 32, 32]      [1, 64, 20, 32, 32]       --
│    │    │    │    └─ConvBlock: 5-17                   [1, 128, 20, 32, 32]      [1, 64, 20, 32, 32]       --
│    │    │    │    │    └─Sequential: 6-27             [1, 128, 20, 32, 32]      [1, 64, 20, 32, 32]       --
│    │    │    │    │    │    └─Conv3d: 7-7             [1, 128, 20, 32, 32]      [1, 64, 20, 32, 32]       221,248
│    │    │    │    │    │    └─BatchNorm3d: 7-8        [1, 64, 20, 32, 32]       [1, 64, 20, 32, 32]       128
│    │    │    │    │    │    └─ELU: 7-9                [1, 64, 20, 32, 32]       [1, 64, 20, 32, 32]       --
│    │    │    │    └─ConvBlock: 5-18                   [1, 64, 20, 32, 32]       [1, 64, 20, 32, 32]       --
│    │    │    │    │    └─Sequential: 6-28             [1, 64, 20, 32, 32]       [1, 64, 20, 32, 32]       --
│    │    │    │    │    │    └─Conv3d: 7-10            [1, 64, 20, 32, 32]       [1, 64, 20, 32, 32]       110,656
│    │    │    │    │    │    └─BatchNorm3d: 7-11       [1, 64, 20, 32, 32]       [1, 64, 20, 32, 32]       128
│    │    │    │    │    │    └─ELU: 7-12               [1, 64, 20, 32, 32]       [1, 64, 20, 32, 32]       --
│    └─UpBlock: 2-12                                    [1, 64, 20, 32, 32]       [1, 32, 20, 64, 64]       --
│    │    └─Sequential: 3-11                            [1, 64, 20, 32, 32]       [1, 32, 20, 64, 64]       --
│    │    │    └─ConvTranspose3d: 4-19                  [1, 64, 20, 32, 32]       [1, 32, 20, 64, 64]       8,224
│    │    │    └─BatchNorm3d: 4-20                      [1, 32, 20, 64, 64]       [1, 32, 20, 64, 64]       64
│    │    │    └─ELU: 4-21                              [1, 32, 20, 64, 64]       [1, 32, 20, 64, 64]       --
│    │    └─DoubleConvBlock: 3-12                       [1, 64, 20, 64, 64]       [1, 32, 20, 64, 64]       --
│    │    │    └─Sequential: 4-22                       [1, 64, 20, 64, 64]       [1, 32, 20, 64, 64]       --
│    │    │    │    └─ConvBlock: 5-19                   [1, 64, 20, 64, 64]       [1, 32, 20, 64, 64]       --
│    │    │    │    │    └─Sequential: 6-29             [1, 64, 20, 64, 64]       [1, 32, 20, 64, 64]       --
│    │    │    │    │    │    └─Conv3d: 7-13            [1, 64, 20, 64, 64]       [1, 32, 20, 64, 64]       55,328
│    │    │    │    │    │    └─BatchNorm3d: 7-14       [1, 32, 20, 64, 64]       [1, 32, 20, 64, 64]       64
│    │    │    │    │    │    └─ELU: 7-15               [1, 32, 20, 64, 64]       [1, 32, 20, 64, 64]       --
│    │    │    │    └─ConvBlock: 5-20                   [1, 32, 20, 64, 64]       [1, 32, 20, 64, 64]       --
│    │    │    │    │    └─Sequential: 6-30             [1, 32, 20, 64, 64]       [1, 32, 20, 64, 64]       --
│    │    │    │    │    │    └─Conv3d: 7-16            [1, 32, 20, 64, 64]       [1, 32, 20, 64, 64]       27,680
│    │    │    │    │    │    └─BatchNorm3d: 7-17       [1, 32, 20, 64, 64]       [1, 32, 20, 64, 64]       64
│    │    │    │    │    │    └─ELU: 7-18               [1, 32, 20, 64, 64]       [1, 32, 20, 64, 64]       --
│    └─UpBlock: 2-13                                    [1, 32, 20, 64, 64]       [1, 16, 20, 128, 128]     --
│    │    └─Sequential: 3-13                            [1, 32, 20, 64, 64]       [1, 16, 20, 128, 128]     --
│    │    │    └─ConvTranspose3d: 4-23                  [1, 32, 20, 64, 64]       [1, 16, 20, 128, 128]     2,064
│    │    │    └─BatchNorm3d: 4-24                      [1, 16, 20, 128, 128]     [1, 16, 20, 128, 128]     32
│    │    │    └─ELU: 4-25                              [1, 16, 20, 128, 128]     [1, 16, 20, 128, 128]     --
│    │    └─DoubleConvBlock: 3-14                       [1, 32, 20, 128, 128]     [1, 16, 20, 128, 128]     --
│    │    │    └─Sequential: 4-26                       [1, 32, 20, 128, 128]     [1, 16, 20, 128, 128]     --
│    │    │    │    └─ConvBlock: 5-21                   [1, 32, 20, 128, 128]     [1, 16, 20, 128, 128]     --
│    │    │    │    │    └─Sequential: 6-31             [1, 32, 20, 128, 128]     [1, 16, 20, 128, 128]     --
│    │    │    │    │    │    └─Conv3d: 7-19            [1, 32, 20, 128, 128]     [1, 16, 20, 128, 128]     13,840
│    │    │    │    │    │    └─BatchNorm3d: 7-20       [1, 16, 20, 128, 128]     [1, 16, 20, 128, 128]     32
│    │    │    │    │    │    └─ELU: 7-21               [1, 16, 20, 128, 128]     [1, 16, 20, 128, 128]     --
│    │    │    │    └─ConvBlock: 5-22                   [1, 16, 20, 128, 128]     [1, 16, 20, 128, 128]     --
│    │    │    │    │    └─Sequential: 6-32             [1, 16, 20, 128, 128]     [1, 16, 20, 128, 128]     --
│    │    │    │    │    │    └─Conv3d: 7-22            [1, 16, 20, 128, 128]     [1, 16, 20, 128, 128]     6,928
│    │    │    │    │    │    └─BatchNorm3d: 7-23       [1, 16, 20, 128, 128]     [1, 16, 20, 128, 128]     32
│    │    │    │    │    │    └─ELU: 7-24               [1, 16, 20, 128, 128]     [1, 16, 20, 128, 128]     --
├─Conv3d: 1-11                                          [1, 16, 20, 128, 128]     [1, 4, 20, 128, 128]      68
==================================================================================================================================
Total params: 5,475,172
Trainable params: 5,475,172
Non-trainable params: 0
Total mult-adds (Units.GIGABYTES): 46.21
==================================================================================================================================
Input size (MB): 3.93
Forward/backward pass size (MB): 807.40
Params size (MB): 21.90
Estimated Total Size (MB): 833.24
==================================================================================================================================
[17:57:41.665186] ##############################
[17:57:41.665198] #  PREPARE TRAIN GENERATORS  #
[17:57:41.665201] ##############################
[17:57:41.665303] Initializing train data generator . . .
[17:57:41.693827] Checking which channel of the mask needs normalization . . .
[17:57:41.708370] Normalization config used for X: {'type': 'zero_mean_unit_variance', 'measure_by': 'image', 'mask_norm': 'as_mask', 'out_dtype': 'float32', 'do_percentile_clipping': False, 'channels_to_analize': 4, 'channel_info': {0: {'type': 'bin', 'div': False}, 1: {'type': 'bin', 'div': False}, 2: {'type': 'bin', 'div': False}, 3: {'type': 'bin', 'div': False}}, 'train_normalization': True, 'eps': 1e-06, 'orig_dtype': 'float32', 'fixed_mean': None, 'fixed_std': None, 'mean': 0.001648590317927301, 'std': 0.03944270312786102, 'last_X_norm': None, 'last_Y_norm': None, 'last_X_norm_extra_info': {'orig_dtype': 'uint16', 'mean': 11.58373026479304, 'std': 24.82163503540374}, 'last_Y_norm_extra_info': {}}
[17:57:41.708379] Normalization config used for Y: as_mask
[17:57:41.709191] Initializing val data generator . . .
[17:57:41.713949] Checking which channel of the mask needs normalization . . .
[17:57:41.818964] Normalization config used for X: {'type': 'zero_mean_unit_variance', 'measure_by': 'image', 'mask_norm': 'as_mask', 'out_dtype': 'float32', 'do_percentile_clipping': False, 'channels_to_analize': 4, 'channel_info': {0: {'type': 'bin', 'div': False}, 1: {'type': 'bin', 'div': False}, 2: {'type': 'bin', 'div': False}, 3: {'type': 'bin', 'div': False}}, 'train_normalization': True, 'eps': 1e-06, 'orig_dtype': 'float32', 'fixed_mean': None, 'fixed_std': None, 'mean': 0.0013727139448747039, 'std': 0.03523401543498039, 'last_X_norm': None, 'last_Y_norm': None, 'last_X_norm_extra_info': {'orig_dtype': 'uint16', 'mean': 48.50608749573399, 'std': 106.56128286600365}, 'last_Y_norm_extra_info': {}}
[17:57:41.818981] Normalization config used for Y: as_mask
[17:57:41.820034] Creating generator samples . . .
[17:57:41.820053] 0) Creating samples of data augmentation . . .
[17:57:44.532306] Train/val generators with 5 workers
[17:57:44.532321] Accumulate grad iterations: 1
[17:57:44.532324] Effective batch size: 30
[17:57:44.532328] Sampler_train = None
[17:57:44.575379] #######################
[17:57:44.575389] # Prepare logging tool #
[17:57:44.575392] #######################
[17:57:44.588296] AdamW (
Parameter Group 0
    amsgrad: False
    betas: (0.9, 0.999)
    capturable: False
    decoupled_weight_decay: True
    differentiable: False
    eps: 1e-08
    foreach: None
    fused: None
    lr: 0.001
    maximize: False
    weight_decay: 0.0

Parameter Group 1
    amsgrad: False
    betas: (0.9, 0.999)
    capturable: False
    decoupled_weight_decay: True
    differentiable: False
    eps: 1e-08
    foreach: None
    fused: None
    lr: 0.001
    maximize: False
    weight_decay: 0.02
)
[17:57:44.588418] #####################
[17:57:44.588423] #  TRAIN THE MODEL  #
[17:57:44.588425] #####################
[17:57:44.588429] Start training in epoch 1 - Total: 30
[17:57:44.588441] ~~~ Epoch 1/30 ~~~

[17:58:38.404065] Epoch: [1]  [  0/458]  eta: 6:50:09  loss: 9.0411 (9.0411)  IoU (F channel): 0.0075 (0.0075)  IoU (C channel): 0.0093 (0.0093)  L1 (Db channel): 0.8623 (0.8623)  L1 (Dn channel): 0.6623 (0.6623)  lr: 0.000040  iter-time: 53.7324
[17:58:42.955779] Epoch: [1]  [ 10/458]  eta: 0:39:33  loss: 10.2609 (10.2277)  IoU (F channel): 0.0017 (0.0032)  IoU (C channel): 0.0019 (0.0035)  L1 (Db channel): 0.8486 (0.8469)  L1 (Dn channel): 0.6704 (0.6667)  lr: 0.000040  iter-time: 5.2985
[17:58:47.587307] Epoch: [1]  [ 20/458]  eta: 0:21:52  loss: 7.7863 (8.7703)  IoU (F channel): 0.0016 (0.0027)  IoU (C channel): 0.0018 (0.0028)  L1 (Db channel): 0.7913 (0.8087)  L1 (Dn channel): 0.6793 (0.6785)  lr: 0.000040  iter-time: 0.4591
[17:58:52.799407] Epoch: [1]  [ 30/458]  eta: 0:15:40  loss: 6.6951 (8.0110)  IoU (F channel): 0.0021 (0.0026)  IoU (C channel): 0.0022 (0.0026)  L1 (Db channel): 0.7215 (0.7759)  L1 (Dn channel): 0.6718 (0.6718)  lr: 0.000040  iter-time: 0.4915
[17:58:57.854393] Epoch: [1]  [ 40/458]  eta: 0:12:25  loss: 5.8278 (7.4278)  IoU (F channel): 0.0022 (0.0027)  IoU (C channel): 0.0022 (0.0025)  L1 (Db channel): 0.6936 (0.7546)  L1 (Dn channel): 0.6455 (0.6614)  lr: 0.000040  iter-time: 0.5121
[17:59:02.806805] Epoch: [1]  [ 50/458]  eta: 0:10:24  loss: 4.7861 (6.9997)  IoU (F channel): 0.0014 (0.0025)  IoU (C channel): 0.0014 (0.0023)  L1 (Db channel): 0.6873 (0.7411)  L1 (Dn channel): 0.6069 (0.6510)  lr: 0.000040  iter-time: 0.4997
[17:59:07.511381] Epoch: [1]  [ 60/458]  eta: 0:09:00  loss: 4.5514 (6.5465)  IoU (F channel): 0.0011 (0.0025)  IoU (C channel): 0.0012 (0.0022)  L1 (Db channel): 0.6858 (0.7315)  L1 (Dn channel): 0.6056 (0.6432)  lr: 0.000041  iter-time: 0.4822
[17:59:12.111472] Epoch: [1]  [ 70/458]  eta: 0:07:57  loss: 4.1882 (6.2453)  IoU (F channel): 0.0011 (0.0023)  IoU (C channel): 0.0010 (0.0021)  L1 (Db channel): 0.6735 (0.7232)  L1 (Dn channel): 0.5942 (0.6353)  lr: 0.000041  iter-time: 0.4645
[17:59:16.702541] Epoch: [1]  [ 80/458]  eta: 0:07:09  loss: 4.0904 (5.9940)  IoU (F channel): 0.0017 (0.0023)  IoU (C channel): 0.0016 (0.0021)  L1 (Db channel): 0.6672 (0.7163)  L1 (Dn channel): 0.5810 (0.6280)  lr: 0.000041  iter-time: 0.4589
[17:59:21.706833] Epoch: [1]  [ 90/458]  eta: 0:06:32  loss: 4.0839 (5.7764)  IoU (F channel): 0.0023 (0.0024)  IoU (C channel): 0.0018 (0.0021)  L1 (Db channel): 0.6663 (0.7113)  L1 (Dn channel): 0.5738 (0.6220)  lr: 0.000041  iter-time: 0.4791
[17:59:26.372827] Epoch: [1]  [100/458]  eta: 0:06:00  loss: 3.7205 (5.5703)  IoU (F channel): 0.0015 (0.0023)  IoU (C channel): 0.0012 (0.0021)  L1 (Db channel): 0.6756 (0.7084)  L1 (Dn channel): 0.5726 (0.6167)  lr: 0.000041  iter-time: 0.4835
[17:59:31.181556] Epoch: [1]  [110/458]  eta: 0:05:33  loss: 3.4931 (5.3596)  IoU (F channel): 0.0013 (0.0023)  IoU (C channel): 0.0011 (0.0020)  L1 (Db channel): 0.6921 (0.7071)  L1 (Dn channel): 0.5704 (0.6125)  lr: 0.000042  iter-time: 0.4737
[17:59:35.863625] Epoch: [1]  [120/458]  eta: 0:05:10  loss: 3.3146 (5.2000)  IoU (F channel): 0.0014 (0.0023)  IoU (C channel): 0.0012 (0.0020)  L1 (Db channel): 0.6968 (0.7057)  L1 (Dn channel): 0.5666 (0.6085)  lr: 0.000042  iter-time: 0.4745
[17:59:41.603421] Epoch: [1]  [130/458]  eta: 0:04:52  loss: 3.2532 (5.0574)  IoU (F channel): 0.0013 (0.0023)  IoU (C channel): 0.0012 (0.0020)  L1 (Db channel): 0.6876 (0.7041)  L1 (Dn channel): 0.5634 (0.6048)  lr: 0.000042  iter-time: 0.5210
[17:59:46.097933] Epoch: [1]  [140/458]  eta: 0:04:33  loss: 3.0695 (4.9132)  IoU (F channel): 0.0012 (0.0023)  IoU (C channel): 0.0012 (0.0020)  L1 (Db channel): 0.6891 (0.7030)  L1 (Dn channel): 0.5605 (0.6016)  lr: 0.000043  iter-time: 0.5116
[17:59:51.305221] Epoch: [1]  [150/458]  eta: 0:04:18  loss: 2.9353 (4.7894)  IoU (F channel): 0.0014 (0.0023)  IoU (C channel): 0.0013 (0.0020)  L1 (Db channel): 0.6891 (0.7016)  L1 (Dn channel): 0.5579 (0.5984)  lr: 0.000043  iter-time: 0.4850
[17:59:56.330066] Epoch: [1]  [160/458]  eta: 0:04:03  loss: 2.9245 (4.6802)  IoU (F channel): 0.0011 (0.0022)  IoU (C channel): 0.0011 (0.0019)  L1 (Db channel): 0.6703 (0.6993)  L1 (Dn channel): 0.5508 (0.5954)  lr: 0.000044  iter-time: 0.5115
[18:00:01.005485] Epoch: [1]  [170/458]  eta: 0:03:49  loss: 2.7785 (4.5685)  IoU (F channel): 0.0011 (0.0022)  IoU (C channel): 0.0008 (0.0019)  L1 (Db channel): 0.6583 (0.6968)  L1 (Dn channel): 0.5498 (0.5928)  lr: 0.000044  iter-time: 0.4849
[18:00:05.695889] Epoch: [1]  [180/458]  eta: 0:03:36  loss: 2.6923 (4.4637)  IoU (F channel): 0.0011 (0.0022)  IoU (C channel): 0.0007 (0.0018)  L1 (Db channel): 0.6528 (0.6946)  L1 (Dn channel): 0.5529 (0.5908)  lr: 0.000045  iter-time: 0.4682
[18:00:10.431408] Epoch: [1]  [190/458]  eta: 0:03:24  loss: 2.6756 (4.3758)  IoU (F channel): 0.0009 (0.0021)  IoU (C channel): 0.0006 (0.0018)  L1 (Db channel): 0.6507 (0.6919)  L1 (Dn channel): 0.5529 (0.5886)  lr: 0.000045  iter-time: 0.4707
[18:00:15.524689] Epoch: [1]  [200/458]  eta: 0:03:13  loss: 2.6790 (4.2961)  IoU (F channel): 0.0006 (0.0020)  IoU (C channel): 0.0005 (0.0017)  L1 (Db channel): 0.6424 (0.6892)  L1 (Dn channel): 0.5458 (0.5866)  lr: 0.000046  iter-time: 0.4909
[18:00:20.485991] Epoch: [1]  [210/458]  eta: 0:03:03  loss: 2.6183 (4.2164)  IoU (F channel): 0.0009 (0.0020)  IoU (C channel): 0.0005 (0.0017)  L1 (Db channel): 0.6389 (0.6868)  L1 (Dn channel): 0.5459 (0.5847)  lr: 0.000046  iter-time: 0.5026
[18:00:25.136905] Epoch: [1]  [220/458]  eta: 0:02:52  loss: 2.5984 (4.1411)  IoU (F channel): 0.0011 (0.0020)  IoU (C channel): 0.0005 (0.0016)  L1 (Db channel): 0.6417 (0.6847)  L1 (Dn channel): 0.5473 (0.5830)  lr: 0.000047  iter-time: 0.4805
[18:00:29.784892] Epoch: [1]  [230/458]  eta: 0:02:42  loss: 2.4181 (4.0731)  IoU (F channel): 0.0009 (0.0019)  IoU (C channel): 0.0004 (0.0016)  L1 (Db channel): 0.6282 (0.6822)  L1 (Dn channel): 0.5444 (0.5813)  lr: 0.000047  iter-time: 0.4649
[18:00:34.923662] Epoch: [1]  [240/458]  eta: 0:02:33  loss: 2.3226 (4.0040)  IoU (F channel): 0.0004 (0.0019)  IoU (C channel): 0.0003 (0.0015)  L1 (Db channel): 0.6256 (0.6801)  L1 (Dn channel): 0.5444 (0.5799)  lr: 0.000048  iter-time: 0.4893
[18:00:39.563370] Epoch: [1]  [250/458]  eta: 0:02:24  loss: 2.3039 (3.9397)  IoU (F channel): 0.0004 (0.0018)  IoU (C channel): 0.0003 (0.0015)  L1 (Db channel): 0.6348 (0.6783)  L1 (Dn channel): 0.5472 (0.5785)  lr: 0.000049  iter-time: 0.4883
[18:00:44.251801] Epoch: [1]  [260/458]  eta: 0:02:16  loss: 2.3721 (3.8811)  IoU (F channel): 0.0008 (0.0018)  IoU (C channel): 0.0005 (0.0015)  L1 (Db channel): 0.6285 (0.6757)  L1 (Dn channel): 0.5401 (0.5767)  lr: 0.000049  iter-time: 0.4658
[18:00:48.926064] Epoch: [1]  [270/458]  eta: 0:02:07  loss: 2.3471 (3.8233)  IoU (F channel): 0.0009 (0.0018)  IoU (C channel): 0.0006 (0.0014)  L1 (Db channel): 0.5982 (0.6728)  L1 (Dn channel): 0.5273 (0.5748)  lr: 0.000050  iter-time: 0.4681
[18:00:54.352878] Epoch: [1]  [280/458]  eta: 0:02:00  loss: 2.2820 (3.7666)  IoU (F channel): 0.0007 (0.0017)  IoU (C channel): 0.0004 (0.0014)  L1 (Db channel): 0.5972 (0.6704)  L1 (Dn channel): 0.5285 (0.5734)  lr: 0.000051  iter-time: 0.5050
[18:00:59.096765] Epoch: [1]  [290/458]  eta: 0:01:52  loss: 2.1796 (3.7148)  IoU (F channel): 0.0005 (0.0017)  IoU (C channel): 0.0003 (0.0014)  L1 (Db channel): 0.6097 (0.6683)  L1 (Dn channel): 0.5396 (0.5724)  lr: 0.000052  iter-time: 0.5085
[18:01:03.880923] Epoch: [1]  [300/458]  eta: 0:01:44  loss: 2.2046 (3.6654)  IoU (F channel): 0.0007 (0.0017)  IoU (C channel): 0.0005 (0.0013)  L1 (Db channel): 0.6012 (0.6658)  L1 (Dn channel): 0.5417 (0.5713)  lr: 0.000053  iter-time: 0.4763
[18:01:08.405724] Epoch: [1]  [310/458]  eta: 0:01:36  loss: 2.2199 (3.6200)  IoU (F channel): 0.0009 (0.0017)  IoU (C channel): 0.0006 (0.0013)  L1 (Db channel): 0.5869 (0.6631)  L1 (Dn channel): 0.5387 (0.5703)  lr: 0.000053  iter-time: 0.4654
[18:01:13.231525] Epoch: [1]  [320/458]  eta: 0:01:29  loss: 2.1927 (3.5774)  IoU (F channel): 0.0006 (0.0017)  IoU (C channel): 0.0004 (0.0013)  L1 (Db channel): 0.5689 (0.6596)  L1 (Dn channel): 0.5324 (0.5688)  lr: 0.000054  iter-time: 0.4675
[18:01:18.061406] Epoch: [1]  [330/458]  eta: 0:01:22  loss: 2.1575 (3.5341)  IoU (F channel): 0.0006 (0.0016)  IoU (C channel): 0.0005 (0.0013)  L1 (Db channel): 0.5448 (0.6560)  L1 (Dn channel): 0.5205 (0.5673)  lr: 0.000055  iter-time: 0.4818
[18:01:23.635531] Epoch: [1]  [340/458]  eta: 0:01:15  loss: 2.1443 (3.4926)  IoU (F channel): 0.0009 (0.0016)  IoU (C channel): 0.0006 (0.0013)  L1 (Db channel): 0.5448 (0.6527)  L1 (Dn channel): 0.5238 (0.5661)  lr: 0.000056  iter-time: 0.5192
[18:01:28.611775] Epoch: [1]  [350/458]  eta: 0:01:08  loss: 2.1548 (3.4541)  IoU (F channel): 0.0006 (0.0016)  IoU (C channel): 0.0004 (0.0012)  L1 (Db channel): 0.5391 (0.6492)  L1 (Dn channel): 0.5256 (0.5648)  lr: 0.000057  iter-time: 0.5274
[18:01:33.404429] Epoch: [1]  [360/458]  eta: 0:01:02  loss: 2.1555 (3.4169)  IoU (F channel): 0.0004 (0.0016)  IoU (C channel): 0.0003 (0.0012)  L1 (Db channel): 0.5065 (0.6449)  L1 (Dn channel): 0.5073 (0.5628)  lr: 0.000058  iter-time: 0.4884
[18:01:38.293670] Epoch: [1]  [370/458]  eta: 0:00:55  loss: 2.0865 (3.3789)  IoU (F channel): 0.0004 (0.0016)  IoU (C channel): 0.0003 (0.0012)  L1 (Db channel): 0.4908 (0.6409)  L1 (Dn channel): 0.4961 (0.5611)  lr: 0.000059  iter-time: 0.4840
[18:01:43.404915] Epoch: [1]  [380/458]  eta: 0:00:48  loss: 2.0508 (3.3451)  IoU (F channel): 0.0007 (0.0015)  IoU (C channel): 0.0003 (0.0012)  L1 (Db channel): 0.4976 (0.6374)  L1 (Dn channel): 0.5046 (0.5598)  lr: 0.000060  iter-time: 0.4999
[18:01:48.050375] Epoch: [1]  [390/458]  eta: 0:00:42  loss: 2.0568 (3.3143)  IoU (F channel): 0.0009 (0.0015)  IoU (C channel): 0.0004 (0.0012)  L1 (Db channel): 0.5011 (0.6338)  L1 (Dn channel): 0.5127 (0.5586)  lr: 0.000061  iter-time: 0.4872
[18:01:52.829168] Epoch: [1]  [400/458]  eta: 0:00:35  loss: 2.0568 (3.2829)  IoU (F channel): 0.0010 (0.0015)  IoU (C channel): 0.0006 (0.0011)  L1 (Db channel): 0.4846 (0.6299)  L1 (Dn channel): 0.5097 (0.5573)  lr: 0.000062  iter-time: 0.4706
[18:01:57.508964] Epoch: [1]  [410/458]  eta: 0:00:29  loss: 2.0473 (3.2528)  IoU (F channel): 0.0008 (0.0015)  IoU (C channel): 0.0005 (0.0011)  L1 (Db channel): 0.4813 (0.6262)  L1 (Dn channel): 0.5097 (0.5561)  lr: 0.000063  iter-time: 0.4729
[18:02:02.163818] Epoch: [1]  [420/458]  eta: 0:00:23  loss: 1.9636 (3.2230)  IoU (F channel): 0.0006 (0.0015)  IoU (C channel): 0.0004 (0.0011)  L1 (Db channel): 0.4671 (0.6222)  L1 (Dn channel): 0.4988 (0.5545)  lr: 0.000065  iter-time: 0.4667
[18:02:07.078995] Epoch: [1]  [430/458]  eta: 0:00:17  loss: 1.9636 (3.1947)  IoU (F channel): 0.0009 (0.0015)  IoU (C channel): 0.0005 (0.0011)  L1 (Db channel): 0.4592 (0.6185)  L1 (Dn channel): 0.4912 (0.5530)  lr: 0.000066  iter-time: 0.4784
[18:02:11.960613] Epoch: [1]  [440/458]  eta: 0:00:10  loss: 2.0048 (3.1675)  IoU (F channel): 0.0007 (0.0015)  IoU (C channel): 0.0004 (0.0011)  L1 (Db channel): 0.4516 (0.6147)  L1 (Dn channel): 0.4882 (0.5515)  lr: 0.000067  iter-time: 0.4891
[18:02:16.586627] Epoch: [1]  [450/458]  eta: 0:00:04  loss: 1.9321 (3.1406)  IoU (F channel): 0.0007 (0.0015)  IoU (C channel): 0.0004 (0.0011)  L1 (Db channel): 0.4580 (0.6114)  L1 (Dn channel): 0.4926 (0.5503)  lr: 0.000068  iter-time: 0.4747
[18:02:37.890007] Epoch: [1]  [457/458]  eta: 0:00:00  loss: 1.9154 (3.1228)  IoU (F channel): 0.0007 (0.0014)  IoU (C channel): 0.0004 (0.0011)  L1 (Db channel): 0.4595 (0.6090)  L1 (Dn channel): 0.4976 (0.5496)  lr: 0.000069  iter-time: 1.3664
[18:02:38.592938] Epoch: [1] Total time: 0:04:54 (0.6419 s / it)
[18:02:38.593076] [Train] averaged stats: loss: 1.9154 (3.1228)  IoU (F channel): 0.0007 (0.0014)  IoU (C channel): 0.0004 (0.0011)  L1 (Db channel): 0.4595 (0.6090)  L1 (Dn channel): 0.4976 (0.5496)  lr: 0.000069
[18:02:42.739030] Epoch: [1]  [ 0/52]  eta: 0:03:35  loss: 1.4322 (1.4322)  IoU (F channel): 0.0000 (0.0000)  IoU (C channel): 0.0000 (0.0000)  L1 (Db channel): 0.4880 (0.4880)  L1 (Dn channel): 0.5895 (0.5895)  iter-time: 4.1443
[18:02:44.385711] Epoch: [1]  [10/52]  eta: 0:00:22  loss: 1.6669 (1.6836)  IoU (F channel): 0.0000 (0.0002)  IoU (C channel): 0.0001 (0.0001)  L1 (Db channel): 0.3993 (0.4065)  L1 (Dn channel): 0.4849 (0.4867)  iter-time: 0.5264
[18:02:46.007778] Epoch: [1]  [20/52]  eta: 0:00:11  loss: 1.6606 (1.6680)  IoU (F channel): 0.0003 (0.0020)  IoU (C channel): 0.0003 (0.0009)  L1 (Db channel): 0.3062 (0.3543)  L1 (Dn channel): 0.3396 (0.4067)  iter-time: 0.1634
[18:02:47.726812] Epoch: [1]  [30/52]  eta: 0:00:06  loss: 1.6319 (1.6298)  IoU (F channel): 0.0006 (0.0014)  IoU (C channel): 0.0003 (0.0006)  L1 (Db channel): 0.3212 (0.3789)  L1 (Dn channel): 0.3486 (0.4422)  iter-time: 0.1670
[18:02:49.281086] Epoch: [1]  [40/52]  eta: 0:00:03  loss: 1.7532 (1.7777)  IoU (F channel): 0.0002 (0.0018)  IoU (C channel): 0.0001 (0.0009)  L1 (Db channel): 0.4644 (0.3999)  L1 (Dn channel): 0.5071 (0.4579)  iter-time: 0.1636
[18:02:50.868602] Epoch: [1]  [50/52]  eta: 0:00:00  loss: 2.1483 (1.8309)  IoU (F channel): 0.0021 (0.0018)  IoU (C channel): 0.0011 (0.0013)  L1 (Db channel): 0.4625 (0.4086)  L1 (Dn channel): 0.5063 (0.4699)  iter-time: 0.1571
[18:02:53.176596] Epoch: [1]  [51/52]  eta: 0:00:00  loss: 2.1374 (1.8234)  IoU (F channel): 0.0021 (0.0018)  IoU (C channel): 0.0011 (0.0013)  L1 (Db channel): 0.4625 (0.4093)  L1 (Dn channel): 0.5063 (0.4718)  iter-time: 0.2647
[18:02:53.921865] Epoch: [1] Total time: 0:00:15 (0.2948 s / it)
[18:02:53.921891] [Val] averaged stats: loss: 2.1374 (1.8234)  IoU (F channel): 0.0021 (0.0018)  IoU (C channel): 0.0011 (0.0013)  L1 (Db channel): 0.4625 (0.4093)  L1 (Dn channel): 0.5063 (0.4718)
[18:02:53.922278] Val loss improved from inf to 1.8234259875921102, saving model to metrics/biapy/biapy-py_v1/checkpoints/biapy-py_v1_0-checkpoint-best.pth
[18:02:54.079064] [Val] best loss: 1.8234 best  IoU (F channel): 0.0018 IoU (C channel): 0.0013 L1 (Db channel): 0.4093 L1 (Dn channel): 0.4718 
[18:02:54.086877] [Time] 5.2m 5.2m/2.7h

[18:02:54.086890] ~~~ Epoch 2/30 ~~~

[18:03:00.041086] Epoch: [2]  [  0/458]  eta: 0:45:26  loss: 1.9363 (1.9363)  IoU (F channel): 0.0001 (0.0001)  IoU (C channel): 0.0001 (0.0001)  L1 (Db channel): 0.4416 (0.4416)  L1 (Dn channel): 0.4875 (0.4875)  lr: 0.000069  iter-time: 5.9531
[18:03:05.226750] Epoch: [2]  [ 10/458]  eta: 0:07:33  loss: 1.9450 (1.9374)  IoU (F channel): 0.0006 (0.0007)  IoU (C channel): 0.0003 (0.0005)  L1 (Db channel): 0.4433 (0.4448)  L1 (Dn channel): 0.4854 (0.4857)  lr: 0.000070  iter-time: 1.0126
[18:03:10.452873] Epoch: [2]  [ 20/458]  eta: 0:05:41  loss: 1.9287 (1.9382)  IoU (F channel): 0.0007 (0.0009)  IoU (C channel): 0.0004 (0.0005)  L1 (Db channel): 0.4360 (0.4335)  L1 (Dn channel): 0.4777 (0.4760)  lr: 0.000072  iter-time: 0.5205
[18:03:15.714844] Epoch: [2]  [ 30/458]  eta: 0:04:58  loss: 1.8751 (1.9173)  IoU (F channel): 0.0011 (0.0011)  IoU (C channel): 0.0006 (0.0006)  L1 (Db channel): 0.4230 (0.4301)  L1 (Dn channel): 0.4630 (0.4713)  lr: 0.000073  iter-time: 0.5243
[18:03:20.342838] Epoch: [2]  [ 40/458]  eta: 0:04:27  loss: 1.8686 (1.9135)  IoU (F channel): 0.0006 (0.0011)  IoU (C channel): 0.0003 (0.0006)  L1 (Db channel): 0.4162 (0.4233)  L1 (Dn channel): 0.4603 (0.4665)  lr: 0.000074  iter-time: 0.4944
[18:03:25.004979] Epoch: [2]  [ 50/458]  eta: 0:04:07  loss: 1.8826 (1.9115)  IoU (F channel): 0.0011 (0.0012)  IoU (C channel): 0.0005 (0.0006)  L1 (Db channel): 0.3731 (0.4105)  L1 (Dn channel): 0.4345 (0.4585)  lr: 0.000076  iter-time: 0.4644
[18:03:30.479123] Epoch: [2]  [ 60/458]  eta: 0:03:57  loss: 1.8891 (1.9132)  IoU (F channel): 0.0011 (0.0011)  IoU (C channel): 0.0005 (0.0006)  L1 (Db channel): 0.3663 (0.4069)  L1 (Dn channel): 0.4337 (0.4573)  lr: 0.000077  iter-time: 0.5067
[18:03:35.063876] Epoch: [2]  [ 70/458]  eta: 0:03:43  loss: 1.8796 (1.9053)  IoU (F channel): 0.0009 (0.0011)  IoU (C channel): 0.0005 (0.0006)  L1 (Db channel): 0.4090 (0.4083)  L1 (Dn channel): 0.4638 (0.4594)  lr: 0.000079  iter-time: 0.5029
[18:03:39.643441] Epoch: [2]  [ 80/458]  eta: 0:03:32  loss: 1.8724 (1.9054)  IoU (F channel): 0.0007 (0.0011)  IoU (C channel): 0.0004 (0.0006)  L1 (Db channel): 0.4090 (0.4048)  L1 (Dn channel): 0.4614 (0.4582)  lr: 0.000080  iter-time: 0.4581
[18:03:44.153944] Epoch: [2]  [ 90/458]  eta: 0:03:22  loss: 1.8724 (1.9007)  IoU (F channel): 0.0005 (0.0011)  IoU (C channel): 0.0004 (0.0006)  L1 (Db channel): 0.3628 (0.3984)  L1 (Dn channel): 0.4325 (0.4532)  lr: 0.000081  iter-time: 0.4544
[18:03:49.844095] Epoch: [2]  [100/458]  eta: 0:03:17  loss: 1.8239 (1.8932)  IoU (F channel): 0.0006 (0.0011)  IoU (C channel): 0.0005 (0.0006)  L1 (Db channel): 0.3208 (0.3893)  L1 (Dn channel): 0.3765 (0.4439)  lr: 0.000083  iter-time: 0.5100
[18:03:54.790346] Epoch: [2]  [110/458]  eta: 0:03:10  loss: 1.7971 (1.8837)  IoU (F channel): 0.0004 (0.0010)  IoU (C channel): 0.0004 (0.0006)  L1 (Db channel): 0.3040 (0.3812)  L1 (Dn channel): 0.3593 (0.4361)  lr: 0.000084  iter-time: 0.5318
[18:03:59.658733] Epoch: [2]  [120/458]  eta: 0:03:03  loss: 1.7971 (1.8872)  IoU (F channel): 0.0004 (0.0010)  IoU (C channel): 0.0004 (0.0006)  L1 (Db channel): 0.3090 (0.3773)  L1 (Dn channel): 0.3683 (0.4319)  lr: 0.000086  iter-time: 0.4907
[18:04:04.896527] Epoch: [2]  [130/458]  eta: 0:02:57  loss: 1.7764 (1.8783)  IoU (F channel): 0.0005 (0.0010)  IoU (C channel): 0.0004 (0.0006)  L1 (Db channel): 0.3130 (0.3708)  L1 (Dn channel): 0.3683 (0.4257)  lr: 0.000088  iter-time: 0.5052
[18:04:09.362174] Epoch: [2]  [140/458]  eta: 0:02:49  loss: 1.7750 (1.8716)  IoU (F channel): 0.0010 (0.0010)  IoU (C channel): 0.0007 (0.0006)  L1 (Db channel): 0.2942 (0.3656)  L1 (Dn channel): 0.3413 (0.4195)  lr: 0.000089  iter-time: 0.4851
[18:04:14.591325] Epoch: [2]  [150/458]  eta: 0:02:44  loss: 1.7067 (1.8620)  IoU (F channel): 0.0013 (0.0011)  IoU (C channel): 0.0014 (0.0007)  L1 (Db channel): 0.2978 (0.3608)  L1 (Dn channel): 0.3322 (0.4137)  lr: 0.000091  iter-time: 0.4847
[18:04:19.660424] Epoch: [2]  [160/458]  eta: 0:02:38  loss: 1.7434 (1.8569)  IoU (F channel): 0.0015 (0.0011)  IoU (C channel): 0.0015 (0.0008)  L1 (Db channel): 0.2646 (0.3541)  L1 (Dn channel): 0.3125 (0.4067)  lr: 0.000092  iter-time: 0.5148
[18:04:24.902827] Epoch: [2]  [170/458]  eta: 0:02:32  loss: 1.7325 (1.8500)  IoU (F channel): 0.0008 (0.0011)  IoU (C channel): 0.0010 (0.0008)  L1 (Db channel): 0.2435 (0.3477)  L1 (Dn channel): 0.2808 (0.3988)  lr: 0.000094  iter-time: 0.5155
[18:04:29.993071] Epoch: [2]  [180/458]  eta: 0:02:27  loss: 1.6389 (1.8403)  IoU (F channel): 0.0008 (0.0012)  IoU (C channel): 0.0012 (0.0009)  L1 (Db channel): 0.2407 (0.3413)  L1 (Dn channel): 0.2678 (0.3916)  lr: 0.000096  iter-time: 0.5165
[18:04:34.799427] Epoch: [2]  [190/458]  eta: 0:02:21  loss: 1.6325 (1.8308)  IoU (F channel): 0.0011 (0.0012)  IoU (C channel): 0.0016 (0.0010)  L1 (Db channel): 0.2442 (0.3366)  L1 (Dn channel): 0.2625 (0.3848)  lr: 0.000098  iter-time: 0.4942
[18:04:39.429920] Epoch: [2]  [200/458]  eta: 0:02:15  loss: 1.6623 (1.8236)  IoU (F channel): 0.0011 (0.0013)  IoU (C channel): 0.0019 (0.0011)  L1 (Db channel): 0.2444 (0.3319)  L1 (Dn channel): 0.2641 (0.3791)  lr: 0.000099  iter-time: 0.4712
[18:04:43.990854] Epoch: [2]  [210/458]  eta: 0:02:09  loss: 1.6317 (1.8151)  IoU (F channel): 0.0014 (0.0014)  IoU (C channel): 0.0024 (0.0012)  L1 (Db channel): 0.2340 (0.3272)  L1 (Dn channel): 0.2471 (0.3723)  lr: 0.000101  iter-time: 0.4595
[18:04:48.463789] Epoch: [2]  [220/458]  eta: 0:02:03  loss: 1.5901 (1.8070)  IoU (F channel): 0.0014 (0.0014)  IoU (C channel): 0.0022 (0.0013)  L1 (Db channel): 0.2414 (0.3240)  L1 (Dn channel): 0.2402 (0.3665)  lr: 0.000103  iter-time: 0.4516
[18:04:53.367919] Epoch: [2]  [230/458]  eta: 0:01:57  loss: 1.6353 (1.8009)  IoU (F channel): 0.0021 (0.0015)  IoU (C channel): 0.0022 (0.0014)  L1 (Db channel): 0.2553 (0.3213)  L1 (Dn channel): 0.2386 (0.3608)  lr: 0.000105  iter-time: 0.4688
[18:04:58.686880] Epoch: [2]  [240/458]  eta: 0:01:52  loss: 1.6213 (1.7923)  IoU (F channel): 0.0021 (0.0016)  IoU (C channel): 0.0031 (0.0016)  L1 (Db channel): 0.2665 (0.3192)  L1 (Dn channel): 0.2310 (0.3553)  lr: 0.000107  iter-time: 0.5111
[18:05:03.216232] Epoch: [2]  [250/458]  eta: 0:01:46  loss: 1.5672 (1.7842)  IoU (F channel): 0.0017 (0.0017)  IoU (C channel): 0.0027 (0.0017)  L1 (Db channel): 0.2751 (0.3177)  L1 (Dn channel): 0.2062 (0.3490)  lr: 0.000108  iter-time: 0.4924
[18:05:07.907390] Epoch: [2]  [260/458]  eta: 0:01:41  loss: 1.5661 (1.7781)  IoU (F channel): 0.0015 (0.0018)  IoU (C channel): 0.0024 (0.0018)  L1 (Db channel): 0.2743 (0.3158)  L1 (Dn channel): 0.2052 (0.3439)  lr: 0.000110  iter-time: 0.4610
[18:05:12.768357] Epoch: [2]  [270/458]  eta: 0:01:36  loss: 1.5766 (1.7726)  IoU (F channel): 0.0014 (0.0018)  IoU (C channel): 0.0020 (0.0018)  L1 (Db channel): 0.2743 (0.3143)  L1 (Dn channel): 0.2110 (0.3388)  lr: 0.000112  iter-time: 0.4775
[18:05:18.232939] Epoch: [2]  [280/458]  eta: 0:01:31  loss: 1.5963 (1.7663)  IoU (F channel): 0.0022 (0.0019)  IoU (C channel): 0.0031 (0.0020)  L1 (Db channel): 0.2758 (0.3128)  L1 (Dn channel): 0.2087 (0.3342)  lr: 0.000114  iter-time: 0.5162
[18:05:23.392214] Epoch: [2]  [290/458]  eta: 0:01:26  loss: 1.5572 (1.7591)  IoU (F channel): 0.0027 (0.0019)  IoU (C channel): 0.0067 (0.0021)  L1 (Db channel): 0.2849 (0.3121)  L1 (Dn channel): 0.2029 (0.3295)  lr: 0.000116  iter-time: 0.5311
[18:05:28.096432] Epoch: [2]  [300/458]  eta: 0:01:20  loss: 1.5371 (1.7539)  IoU (F channel): 0.0030 (0.0020)  IoU (C channel): 0.0055 (0.0024)  L1 (Db channel): 0.2878 (0.3110)  L1 (Dn channel): 0.1963 (0.3252)  lr: 0.000118  iter-time: 0.4925
[18:05:32.954712] Epoch: [2]  [310/458]  eta: 0:01:15  loss: 1.5100 (1.7448)  IoU (F channel): 0.0020 (0.0020)  IoU (C channel): 0.0037 (0.0025)  L1 (Db channel): 0.2794 (0.3102)  L1 (Dn channel): 0.1955 (0.3209)  lr: 0.000120  iter-time: 0.4774
[18:05:37.460432] Epoch: [2]  [320/458]  eta: 0:01:10  loss: 1.4876 (1.7376)  IoU (F channel): 0.0024 (0.0022)  IoU (C channel): 0.0049 (0.0029)  L1 (Db channel): 0.2955 (0.3102)  L1 (Dn channel): 0.1759 (0.3162)  lr: 0.000122  iter-time: 0.4676
[18:05:42.975971] Epoch: [2]  [330/458]  eta: 0:01:05  loss: 1.4956 (1.7310)  IoU (F channel): 0.0050 (0.0023)  IoU (C channel): 0.0096 (0.0032)  L1 (Db channel): 0.3154 (0.3109)  L1 (Dn channel): 0.1696 (0.3119)  lr: 0.000124  iter-time: 0.5005
[18:05:47.558449] Epoch: [2]  [340/458]  eta: 0:01:00  loss: 1.4847 (1.7248)  IoU (F channel): 0.0053 (0.0024)  IoU (C channel): 0.0124 (0.0035)  L1 (Db channel): 0.3452 (0.3122)  L1 (Dn channel): 0.1556 (0.3071)  lr: 0.000126  iter-time: 0.5048
[18:05:52.257436] Epoch: [2]  [350/458]  eta: 0:00:54  loss: 1.4181 (1.7152)  IoU (F channel): 0.0046 (0.0025)  IoU (C channel): 0.0139 (0.0040)  L1 (Db channel): 0.3412 (0.3128)  L1 (Dn channel): 0.1488 (0.3027)  lr: 0.000128  iter-time: 0.4640
[18:05:57.562108] Epoch: [2]  [360/458]  eta: 0:00:49  loss: 1.4416 (1.7086)  IoU (F channel): 0.0033 (0.0026)  IoU (C channel): 0.0096 (0.0043)  L1 (Db channel): 0.3332 (0.3135)  L1 (Dn channel): 0.1510 (0.2986)  lr: 0.000131  iter-time: 0.5001
[18:06:02.664844] Epoch: [2]  [370/458]  eta: 0:00:44  loss: 1.4416 (1.7006)  IoU (F channel): 0.0037 (0.0026)  IoU (C channel): 0.0118 (0.0047)  L1 (Db channel): 0.3625 (0.3151)  L1 (Dn channel): 0.1580 (0.2950)  lr: 0.000133  iter-time: 0.5203
[18:06:07.353665] Epoch: [2]  [380/458]  eta: 0:00:39  loss: 1.3813 (1.6920)  IoU (F channel): 0.0058 (0.0030)  IoU (C channel): 0.0176 (0.0055)  L1 (Db channel): 0.3613 (0.3159)  L1 (Dn channel): 0.1550 (0.2912)  lr: 0.000135  iter-time: 0.4895
[18:06:12.665993] Epoch: [2]  [390/458]  eta: 0:00:34  loss: 1.3676 (1.6848)  IoU (F channel): 0.0084 (0.0031)  IoU (C channel): 0.0290 (0.0061)  L1 (Db channel): 0.3613 (0.3175)  L1 (Dn channel): 0.1569 (0.2883)  lr: 0.000137  iter-time: 0.5000
[18:06:17.430037] Epoch: [2]  [400/458]  eta: 0:00:29  loss: 1.4139 (1.6784)  IoU (F channel): 0.0100 (0.0034)  IoU (C channel): 0.0272 (0.0068)  L1 (Db channel): 0.3693 (0.3186)  L1 (Dn channel): 0.1638 (0.2852)  lr: 0.000139  iter-time: 0.5037
[18:06:22.684948] Epoch: [2]  [410/458]  eta: 0:00:24  loss: 1.4487 (1.6748)  IoU (F channel): 0.0136 (0.0037)  IoU (C channel): 0.0262 (0.0074)  L1 (Db channel): 0.3760 (0.3201)  L1 (Dn channel): 0.1555 (0.2821)  lr: 0.000142  iter-time: 0.5009
[18:06:28.397958] Epoch: [2]  [420/458]  eta: 0:00:19  loss: 1.4555 (1.6696)  IoU (F channel): 0.0091 (0.0039)  IoU (C channel): 0.0247 (0.0077)  L1 (Db channel): 0.3671 (0.3210)  L1 (Dn channel): 0.1595 (0.2795)  lr: 0.000144  iter-time: 0.5483
[18:06:32.880915] Epoch: [2]  [430/458]  eta: 0:00:14  loss: 1.3985 (1.6634)  IoU (F channel): 0.0038 (0.0039)  IoU (C channel): 0.0064 (0.0078)  L1 (Db channel): 0.3515 (0.3214)  L1 (Dn channel): 0.1634 (0.2768)  lr: 0.000146  iter-time: 0.5097
[18:06:37.725301] Epoch: [2]  [440/458]  eta: 0:00:09  loss: 1.3985 (1.6575)  IoU (F channel): 0.0036 (0.0040)  IoU (C channel): 0.0099 (0.0080)  L1 (Db channel): 0.3547 (0.3226)  L1 (Dn channel): 0.1529 (0.2738)  lr: 0.000148  iter-time: 0.4663
[18:06:42.626801] Epoch: [2]  [450/458]  eta: 0:00:04  loss: 1.3922 (1.6523)  IoU (F channel): 0.0046 (0.0042)  IoU (C channel): 0.0130 (0.0081)  L1 (Db channel): 0.3745 (0.3238)  L1 (Dn channel): 0.1443 (0.2712)  lr: 0.000151  iter-time: 0.4872
[18:06:45.473324] Epoch: [2]  [457/458]  eta: 0:00:00  loss: 1.3759 (1.6476)  IoU (F channel): 0.0058 (0.0042)  IoU (C channel): 0.0100 (0.0082)  L1 (Db channel): 0.3827 (0.3250)  L1 (Dn channel): 0.1605 (0.2697)  lr: 0.000152  iter-time: 0.4723
[18:06:46.213018] Epoch: [2] Total time: 0:03:52 (0.5068 s / it)
[18:06:46.213095] [Train] averaged stats: loss: 1.3759 (1.6476)  IoU (F channel): 0.0058 (0.0042)  IoU (C channel): 0.0100 (0.0082)  L1 (Db channel): 0.3827 (0.3250)  L1 (Dn channel): 0.1605 (0.2697)  lr: 0.000152
[18:06:50.118015] Epoch: [2]  [ 0/52]  eta: 0:03:22  loss: 0.9835 (0.9835)  IoU (F channel): 0.0000 (0.0000)  IoU (C channel): 0.0000 (0.0000)  L1 (Db channel): 0.3532 (0.3532)  L1 (Dn channel): 0.1197 (0.1197)  iter-time: 3.9037
[18:06:51.889236] Epoch: [2]  [10/52]  eta: 0:00:21  loss: 1.2904 (1.1989)  IoU (F channel): 0.0000 (0.0051)  IoU (C channel): 0.0000 (0.0046)  L1 (Db channel): 0.3468 (0.3460)  L1 (Dn channel): 0.1265 (0.1281)  iter-time: 0.5159
[18:06:53.517893] Epoch: [2]  [20/52]  eta: 0:00:11  loss: 1.3249 (1.2760)  IoU (F channel): 0.0052 (0.0147)  IoU (C channel): 0.0079 (0.0099)  L1 (Db channel): 0.3599 (0.3633)  L1 (Dn channel): 0.1359 (0.1356)  iter-time: 0.1700
[18:06:55.132443] Epoch: [2]  [30/52]  eta: 0:00:06  loss: 1.3308 (1.2282)  IoU (F channel): 0.0048 (0.0113)  IoU (C channel): 0.0058 (0.0075)  L1 (Db channel): 0.3730 (0.3596)  L1 (Dn channel): 0.1359 (0.1351)  iter-time: 0.1621
[18:06:56.732419] Epoch: [2]  [40/52]  eta: 0:00:03  loss: 1.3590 (1.3954)  IoU (F channel): 0.0011 (0.0144)  IoU (C channel): 0.0033 (0.0099)  L1 (Db channel): 0.3847 (0.3991)  L1 (Dn channel): 0.1596 (0.1692)  iter-time: 0.1607
[18:06:58.336543] Epoch: [2]  [50/52]  eta: 0:00:00  loss: 1.7405 (1.4199)  IoU (F channel): 0.0118 (0.0133)  IoU (C channel): 0.0065 (0.0091)  L1 (Db channel): 0.4543 (0.4021)  L1 (Dn channel): 0.2021 (0.1746)  iter-time: 0.1602
[18:06:58.427874] Epoch: [2]  [51/52]  eta: 0:00:00  loss: 1.7405 (1.4115)  IoU (F channel): 0.0118 (0.0131)  IoU (C channel): 0.0065 (0.0090)  L1 (Db channel): 0.4543 (0.4007)  L1 (Dn channel): 0.2021 (0.1737)  iter-time: 0.1563
[18:06:59.087395] Epoch: [2] Total time: 0:00:12 (0.2476 s / it)
[18:06:59.087421] [Val] averaged stats: loss: 1.7405 (1.4115)  IoU (F channel): 0.0118 (0.0131)  IoU (C channel): 0.0065 (0.0090)  L1 (Db channel): 0.4543 (0.4007)  L1 (Dn channel): 0.2021 (0.1737)
[18:06:59.087780] Val loss improved from 1.8234259875921102 to 1.4114608707336278, saving model to metrics/biapy/biapy-py_v1/checkpoints/biapy-py_v1_0-checkpoint-best.pth
[18:06:59.198234] [Val] best loss: 1.4115 best  IoU (F channel): 0.0131 IoU (C channel): 0.0090 L1 (Db channel): 0.4007 L1 (Dn channel): 0.1737 
[18:06:59.206897] [Time] 4.1m 9.2m/2.1h

[18:06:59.206911] ~~~ Epoch 3/30 ~~~

[18:07:05.582340] Epoch: [3]  [  0/458]  eta: 0:48:39  loss: 1.3373 (1.3373)  IoU (F channel): 0.0025 (0.0025)  IoU (C channel): 0.0074 (0.0074)  L1 (Db channel): 0.3711 (0.3711)  L1 (Dn channel): 0.1536 (0.1536)  lr: 0.000153  iter-time: 6.3742
[18:07:10.707247] Epoch: [3]  [ 10/458]  eta: 0:07:48  loss: 1.3373 (1.3681)  IoU (F channel): 0.0057 (0.0110)  IoU (C channel): 0.0129 (0.0156)  L1 (Db channel): 0.4114 (0.3958)  L1 (Dn channel): 0.1397 (0.1413)  lr: 0.000155  iter-time: 1.0453
[18:07:15.195888] Epoch: [3]  [ 20/458]  eta: 0:05:33  loss: 1.3308 (1.3656)  IoU (F channel): 0.0085 (0.0101)  IoU (C channel): 0.0136 (0.0173)  L1 (Db channel): 0.3661 (0.3760)  L1 (Dn channel): 0.1435 (0.1464)  lr: 0.000157  iter-time: 0.4806
[18:07:20.787945] Epoch: [3]  [ 30/458]  eta: 0:04:57  loss: 1.3644 (1.3787)  IoU (F channel): 0.0059 (0.0089)  IoU (C channel): 0.0141 (0.0186)  L1 (Db channel): 0.3728 (0.3769)  L1 (Dn channel): 0.1550 (0.1518)  lr: 0.000160  iter-time: 0.5040
[18:07:25.569431] Epoch: [3]  [ 40/458]  eta: 0:04:28  loss: 1.3982 (1.3799)  IoU (F channel): 0.0044 (0.0092)  IoU (C channel): 0.0175 (0.0182)  L1 (Db channel): 0.3728 (0.3737)  L1 (Dn channel): 0.1552 (0.1518)  lr: 0.000162  iter-time: 0.5180
[18:07:30.225506] Epoch: [3]  [ 50/458]  eta: 0:04:08  loss: 1.3045 (1.3668)  IoU (F channel): 0.0106 (0.0113)  IoU (C channel): 0.0187 (0.0216)  L1 (Db channel): 0.3704 (0.3746)  L1 (Dn channel): 0.1533 (0.1518)  lr: 0.000165  iter-time: 0.4712
[18:07:34.756989] Epoch: [3]  [ 60/458]  eta: 0:03:51  loss: 1.3003 (1.3670)  IoU (F channel): 0.0147 (0.0111)  IoU (C channel): 0.0255 (0.0222)  L1 (Db channel): 0.3777 (0.3773)  L1 (Dn channel): 0.1556 (0.1533)  lr: 0.000167  iter-time: 0.4593
[18:07:40.141185] Epoch: [3]  [ 70/458]  eta: 0:03:43  loss: 1.2917 (1.3596)  IoU (F channel): 0.0116 (0.0127)  IoU (C channel): 0.0255 (0.0260)  L1 (Db channel): 0.3946 (0.3798)  L1 (Dn channel): 0.1557 (0.1535)  lr: 0.000170  iter-time: 0.4957
[18:07:44.718615] Epoch: [3]  [ 80/458]  eta: 0:03:32  loss: 1.2875 (1.3492)  IoU (F channel): 0.0087 (0.0128)  IoU (C channel): 0.0279 (0.0271)  L1 (Db channel): 0.4226 (0.3864)  L1 (Dn channel): 0.1539 (0.1537)  lr: 0.000172  iter-time: 0.4980
[18:07:49.374469] Epoch: [3]  [ 90/458]  eta: 0:03:22  loss: 1.2522 (1.3426)  IoU (F channel): 0.0079 (0.0136)  IoU (C channel): 0.0279 (0.0285)  L1 (Db channel): 0.4422 (0.3936)  L1 (Dn channel): 0.1517 (0.1535)  lr: 0.000175  iter-time: 0.4616
[18:07:54.021282] Epoch: [3]  [100/458]  eta: 0:03:14  loss: 1.2413 (1.3358)  IoU (F channel): 0.0097 (0.0136)  IoU (C channel): 0.0335 (0.0296)  L1 (Db channel): 0.4241 (0.3949)  L1 (Dn channel): 0.1513 (0.1534)  lr: 0.000177  iter-time: 0.4651
[18:07:59.393465] Epoch: [3]  [110/458]  eta: 0:03:08  loss: 1.2434 (1.3307)  IoU (F channel): 0.0097 (0.0132)  IoU (C channel): 0.0270 (0.0296)  L1 (Db channel): 0.4111 (0.3967)  L1 (Dn channel): 0.1578 (0.1543)  lr: 0.000180  iter-time: 0.5008
[18:08:04.029887] Epoch: [3]  [120/458]  eta: 0:03:01  loss: 1.2650 (1.3261)  IoU (F channel): 0.0078 (0.0131)  IoU (C channel): 0.0181 (0.0287)  L1 (Db channel): 0.4227 (0.4001)  L1 (Dn channel): 0.1609 (0.1548)  lr: 0.000182  iter-time: 0.5003
[18:08:08.682255] Epoch: [3]  [130/458]  eta: 0:02:53  loss: 1.2128 (1.3160)  IoU (F channel): 0.0100 (0.0133)  IoU (C channel): 0.0221 (0.0302)  L1 (Db channel): 0.4260 (0.4009)  L1 (Dn channel): 0.1555 (0.1548)  lr: 0.000185  iter-time: 0.4644
[18:08:13.325963] Epoch: [3]  [140/458]  eta: 0:02:47  loss: 1.2128 (1.3106)  IoU (F channel): 0.0152 (0.0133)  IoU (C channel): 0.0336 (0.0311)  L1 (Db channel): 0.4160 (0.4026)  L1 (Dn channel): 0.1591 (0.1554)  lr: 0.000188  iter-time: 0.4647
[18:08:18.274521] Epoch: [3]  [150/458]  eta: 0:02:41  loss: 1.2408 (1.3061)  IoU (F channel): 0.0152 (0.0136)  IoU (C channel): 0.0315 (0.0312)  L1 (Db channel): 0.4242 (0.4042)  L1 (Dn channel): 0.1616 (0.1559)  lr: 0.000190  iter-time: 0.4790
[18:08:23.283862] Epoch: [3]  [160/458]  eta: 0:02:35  loss: 1.2155 (1.2982)  IoU (F channel): 0.0084 (0.0134)  IoU (C channel): 0.0264 (0.0305)  L1 (Db channel): 0.4275 (0.4062)  L1 (Dn channel): 0.1626 (0.1564)  lr: 0.000193  iter-time: 0.4973
[18:08:27.963211] Epoch: [3]  [170/458]  eta: 0:02:29  loss: 1.1489 (1.2904)  IoU (F channel): 0.0099 (0.0132)  IoU (C channel): 0.0258 (0.0302)  L1 (Db channel): 0.4201 (0.4068)  L1 (Dn channel): 0.1614 (0.1567)  lr: 0.000196  iter-time: 0.4844
[18:08:32.485528] Epoch: [3]  [180/458]  eta: 0:02:23  loss: 1.1562 (1.2869)  IoU (F channel): 0.0086 (0.0129)  IoU (C channel): 0.0263 (0.0303)  L1 (Db channel): 0.4119 (0.4067)  L1 (Dn channel): 0.1624 (0.1571)  lr: 0.000198  iter-time: 0.4600
[18:08:37.339992] Epoch: [3]  [190/458]  eta: 0:02:17  loss: 1.1971 (1.2804)  IoU (F channel): 0.0052 (0.0128)  IoU (C channel): 0.0284 (0.0308)  L1 (Db channel): 0.4122 (0.4075)  L1 (Dn channel): 0.1641 (0.1576)  lr: 0.000201  iter-time: 0.4688
[18:08:42.625471] Epoch: [3]  [200/458]  eta: 0:02:12  loss: 1.1284 (1.2779)  IoU (F channel): 0.0058 (0.0127)  IoU (C channel): 0.0284 (0.0307)  L1 (Db channel): 0.4285 (0.4092)  L1 (Dn channel): 0.1695 (0.1585)  lr: 0.000204  iter-time: 0.5069
[18:08:47.103015] Epoch: [3]  [210/458]  eta: 0:02:06  loss: 1.1991 (1.2748)  IoU (F channel): 0.0061 (0.0125)  IoU (C channel): 0.0173 (0.0299)  L1 (Db channel): 0.4429 (0.4111)  L1 (Dn channel): 0.1786 (0.1598)  lr: 0.000207  iter-time: 0.4881
[18:08:52.377887] Epoch: [3]  [220/458]  eta: 0:02:01  loss: 1.1991 (1.2716)  IoU (F channel): 0.0060 (0.0122)  IoU (C channel): 0.0121 (0.0296)  L1 (Db channel): 0.4373 (0.4119)  L1 (Dn channel): 0.1745 (0.1603)  lr: 0.000209  iter-time: 0.4876
[18:08:56.826007] Epoch: [3]  [230/458]  eta: 0:01:56  loss: 1.1500 (1.2695)  IoU (F channel): 0.0040 (0.0119)  IoU (C channel): 0.0142 (0.0292)  L1 (Db channel): 0.4219 (0.4120)  L1 (Dn channel): 0.1713 (0.1608)  lr: 0.000212  iter-time: 0.4861
[18:09:02.447309] Epoch: [3]  [240/458]  eta: 0:01:51  loss: 1.1734 (1.2668)  IoU (F channel): 0.0027 (0.0116)  IoU (C channel): 0.0105 (0.0284)  L1 (Db channel): 0.4346 (0.4139)  L1 (Dn channel): 0.1720 (0.1615)  lr: 0.000215  iter-time: 0.5034
[18:09:08.092769] Epoch: [3]  [250/458]  eta: 0:01:46  loss: 1.1725 (1.2617)  IoU (F channel): 0.0027 (0.0117)  IoU (C channel): 0.0111 (0.0282)  L1 (Db channel): 0.4346 (0.4141)  L1 (Dn channel): 0.1720 (0.1619)  lr: 0.000218  iter-time: 0.5633
[18:09:12.559035] Epoch: [3]  [260/458]  eta: 0:01:41  loss: 1.0993 (1.2566)  IoU (F channel): 0.0049 (0.0116)  IoU (C channel): 0.0154 (0.0278)  L1 (Db channel): 0.4266 (0.4147)  L1 (Dn channel): 0.1722 (0.1624)  lr: 0.000221  iter-time: 0.5055
[18:09:17.097611] Epoch: [3]  [270/458]  eta: 0:01:35  loss: 1.0987 (1.2519)  IoU (F channel): 0.0048 (0.0114)  IoU (C channel): 0.0206 (0.0280)  L1 (Db channel): 0.4293 (0.4160)  L1 (Dn channel): 0.1774 (0.1631)  lr: 0.000223  iter-time: 0.4502
[18:09:22.371340] Epoch: [3]  [280/458]  eta: 0:01:30  loss: 1.0897 (1.2483)  IoU (F channel): 0.0016 (0.0111)  IoU (C channel): 0.0252 (0.0276)  L1 (Db channel): 0.4426 (0.4169)  L1 (Dn channel): 0.1825 (0.1639)  lr: 0.000226  iter-time: 0.4905
[18:09:27.619331] Epoch: [3]  [290/458]  eta: 0:01:25  loss: 1.1373 (1.2460)  IoU (F channel): 0.0007 (0.0107)  IoU (C channel): 0.0044 (0.0267)  L1 (Db channel): 0.4547 (0.4186)  L1 (Dn channel): 0.1891 (0.1649)  lr: 0.000229  iter-time: 0.5260
[18:09:32.098491] Epoch: [3]  [300/458]  eta: 0:01:20  loss: 1.0984 (1.2406)  IoU (F channel): 0.0005 (0.0104)  IoU (C channel): 0.0039 (0.0261)  L1 (Db channel): 0.4584 (0.4195)  L1 (Dn channel): 0.1913 (0.1658)  lr: 0.000232  iter-time: 0.4863
[18:09:37.059166] Epoch: [3]  [310/458]  eta: 0:01:15  loss: 1.0784 (1.2373)  IoU (F channel): 0.0015 (0.0102)  IoU (C channel): 0.0125 (0.0259)  L1 (Db channel): 0.4284 (0.4195)  L1 (Dn channel): 0.1862 (0.1663)  lr: 0.000235  iter-time: 0.4719
[18:09:41.713445] Epoch: [3]  [320/458]  eta: 0:01:09  loss: 1.0860 (1.2344)  IoU (F channel): 0.0021 (0.0100)  IoU (C channel): 0.0109 (0.0253)  L1 (Db channel): 0.4289 (0.4203)  L1 (Dn channel): 0.1832 (0.1669)  lr: 0.000238  iter-time: 0.4807
[18:09:46.845541] Epoch: [3]  [330/458]  eta: 0:01:04  loss: 1.0843 (1.2306)  IoU (F channel): 0.0021 (0.0098)  IoU (C channel): 0.0104 (0.0250)  L1 (Db channel): 0.4438 (0.4211)  L1 (Dn channel): 0.1850 (0.1678)  lr: 0.000241  iter-time: 0.4893
[18:09:51.801786] Epoch: [3]  [340/458]  eta: 0:00:59  loss: 1.0391 (1.2259)  IoU (F channel): 0.0013 (0.0095)  IoU (C channel): 0.0104 (0.0246)  L1 (Db channel): 0.4519 (0.4225)  L1 (Dn channel): 0.1919 (0.1686)  lr: 0.000244  iter-time: 0.5043
[18:09:56.468908] Epoch: [3]  [350/458]  eta: 0:00:54  loss: 1.0391 (1.2210)  IoU (F channel): 0.0007 (0.0093)  IoU (C channel): 0.0072 (0.0242)  L1 (Db channel): 0.4704 (0.4238)  L1 (Dn channel): 0.1948 (0.1694)  lr: 0.000247  iter-time: 0.4811
[18:10:01.169305] Epoch: [3]  [360/458]  eta: 0:00:49  loss: 1.0861 (1.2193)  IoU (F channel): 0.0007 (0.0091)  IoU (C channel): 0.0080 (0.0240)  L1 (Db channel): 0.4562 (0.4241)  L1 (Dn channel): 0.1966 (0.1703)  lr: 0.000250  iter-time: 0.4683
[18:10:05.719902] Epoch: [3]  [370/458]  eta: 0:00:44  loss: 1.0594 (1.2148)  IoU (F channel): 0.0007 (0.0089)  IoU (C channel): 0.0090 (0.0237)  L1 (Db channel): 0.4448 (0.4249)  L1 (Dn channel): 0.2010 (0.1711)  lr: 0.000253  iter-time: 0.4625
[18:10:10.988817] Epoch: [3]  [380/458]  eta: 0:00:39  loss: 1.0330 (1.2104)  IoU (F channel): 0.0007 (0.0087)  IoU (C channel): 0.0072 (0.0235)  L1 (Db channel): 0.4405 (0.4248)  L1 (Dn channel): 0.2013 (0.1719)  lr: 0.000256  iter-time: 0.4909
[18:10:15.751731] Epoch: [3]  [390/458]  eta: 0:00:34  loss: 1.0330 (1.2073)  IoU (F channel): 0.0014 (0.0086)  IoU (C channel): 0.0076 (0.0231)  L1 (Db channel): 0.4353 (0.4254)  L1 (Dn channel): 0.2043 (0.1729)  lr: 0.000259  iter-time: 0.5015
[18:10:20.285169] Epoch: [3]  [400/458]  eta: 0:00:29  loss: 1.0304 (1.2036)  IoU (F channel): 0.0013 (0.0084)  IoU (C channel): 0.0092 (0.0228)  L1 (Db channel): 0.4385 (0.4259)  L1 (Dn channel): 0.2096 (0.1738)  lr: 0.000262  iter-time: 0.4648
[18:10:25.666587] Epoch: [3]  [410/458]  eta: 0:00:24  loss: 1.0057 (1.1987)  IoU (F channel): 0.0012 (0.0083)  IoU (C channel): 0.0106 (0.0225)  L1 (Db channel): 0.4253 (0.4256)  L1 (Dn channel): 0.2094 (0.1746)  lr: 0.000265  iter-time: 0.4957
[18:10:30.734155] Epoch: [3]  [420/458]  eta: 0:00:19  loss: 0.9915 (1.1946)  IoU (F channel): 0.0013 (0.0081)  IoU (C channel): 0.0065 (0.0222)  L1 (Db channel): 0.4119 (0.4252)  L1 (Dn channel): 0.2067 (0.1754)  lr: 0.000268  iter-time: 0.5224
[18:10:35.217613] Epoch: [3]  [430/458]  eta: 0:00:14  loss: 0.9776 (1.1891)  IoU (F channel): 0.0013 (0.0079)  IoU (C channel): 0.0043 (0.0218)  L1 (Db channel): 0.4165 (0.4251)  L1 (Dn channel): 0.2129 (0.1763)  lr: 0.000272  iter-time: 0.4775
[18:10:40.258716] Epoch: [3]  [440/458]  eta: 0:00:09  loss: 0.9504 (1.1857)  IoU (F channel): 0.0014 (0.0078)  IoU (C channel): 0.0053 (0.0215)  L1 (Db channel): 0.4188 (0.4249)  L1 (Dn channel): 0.2148 (0.1772)  lr: 0.000275  iter-time: 0.4762
[18:10:45.101772] Epoch: [3]  [450/458]  eta: 0:00:04  loss: 0.9755 (1.1832)  IoU (F channel): 0.0013 (0.0077)  IoU (C channel): 0.0046 (0.0211)  L1 (Db channel): 0.4078 (0.4245)  L1 (Dn channel): 0.2131 (0.1779)  lr: 0.000278  iter-time: 0.4941
[18:10:47.949411] Epoch: [3]  [457/458]  eta: 0:00:00  loss: 0.9755 (1.1796)  IoU (F channel): 0.0016 (0.0076)  IoU (C channel): 0.0033 (0.0209)  L1 (Db channel): 0.4119 (0.4245)  L1 (Dn channel): 0.2139 (0.1785)  lr: 0.000280  iter-time: 0.4555
[18:10:48.679922] Epoch: [3] Total time: 0:03:49 (0.5010 s / it)
[18:10:48.679984] [Train] averaged stats: loss: 0.9755 (1.1796)  IoU (F channel): 0.0016 (0.0076)  IoU (C channel): 0.0033 (0.0209)  L1 (Db channel): 0.4119 (0.4245)  L1 (Dn channel): 0.2139 (0.1785)  lr: 0.000280
[18:10:52.402933] Epoch: [3]  [ 0/52]  eta: 0:03:13  loss: 0.6665 (0.6665)  IoU (F channel): 0.0000 (0.0000)  IoU (C channel): 0.0000 (0.0000)  L1 (Db channel): 0.5307 (0.5307)  L1 (Dn channel): 0.2081 (0.2081)  iter-time: 3.7217
[18:10:54.209508] Epoch: [3]  [10/52]  eta: 0:00:21  loss: 0.9841 (0.9225)  IoU (F channel): 0.0000 (0.0000)  IoU (C channel): 0.0000 (0.0000)  L1 (Db channel): 0.5109 (0.5112)  L1 (Dn channel): 0.2081 (0.2432)  iter-time: 0.5019
[18:10:55.819137] Epoch: [3]  [20/52]  eta: 0:00:10  loss: 1.1228 (1.0605)  IoU (F channel): 0.0000 (0.0002)  IoU (C channel): 0.0000 (0.0000)  L1 (Db channel): 0.5071 (0.4944)  L1 (Dn channel): 0.2762 (0.2856)  iter-time: 0.1704
[18:10:57.481208] Epoch: [3]  [30/52]  eta: 0:00:06  loss: 1.0614 (0.9742)  IoU (F channel): 0.0000 (0.0002)  IoU (C channel): 0.0000 (0.0001)  L1 (Db channel): 0.5128 (0.4986)  L1 (Dn channel): 0.2074 (0.2642)  iter-time: 0.1636
[18:10:59.161205] Epoch: [3]  [40/52]  eta: 0:00:03  loss: 0.8786 (1.0033)  IoU (F channel): 0.0001 (0.0026)  IoU (C channel): 0.0004 (0.0032)  L1 (Db channel): 0.4334 (0.4626)  L1 (Dn channel): 0.1981 (0.2468)  iter-time: 0.1671
[18:11:00.722552] Epoch: [3]  [50/52]  eta: 0:00:00  loss: 1.0382 (0.9934)  IoU (F channel): 0.0028 (0.0024)  IoU (C channel): 0.0052 (0.0032)  L1 (Db channel): 0.3712 (0.4606)  L1 (Dn channel): 0.1981 (0.2380)  iter-time: 0.1620
[18:11:00.814251] Epoch: [3]  [51/52]  eta: 0:00:00  loss: 1.0237 (0.9869)  IoU (F channel): 0.0028 (0.0024)  IoU (C channel): 0.0052 (0.0031)  L1 (Db channel): 0.3712 (0.4626)  L1 (Dn channel): 0.1994 (0.2373)  iter-time: 0.1580
[18:11:01.532844] Epoch: [3] Total time: 0:00:12 (0.2472 s / it)
[18:11:01.532869] [Val] averaged stats: loss: 1.0237 (0.9869)  IoU (F channel): 0.0028 (0.0024)  IoU (C channel): 0.0052 (0.0031)  L1 (Db channel): 0.3712 (0.4626)  L1 (Dn channel): 0.1994 (0.2373)
[18:11:01.533226] Val loss improved from 1.4114608707336278 to 0.9868871374772146, saving model to metrics/biapy/biapy-py_v1/checkpoints/biapy-py_v1_0-checkpoint-best.pth
[18:11:01.632876] [Val] best loss: 0.9869 best  IoU (F channel): 0.0024 IoU (C channel): 0.0031 L1 (Db channel): 0.4626 L1 (Dn channel): 0.2373 
[18:11:01.640644] [Time] 4.0m 13.3m/2.1h

[18:11:01.640658] ~~~ Epoch 4/30 ~~~

[18:11:06.366621] Epoch: [4]  [  0/458]  eta: 0:35:58  loss: 0.9636 (0.9636)  IoU (F channel): 0.0009 (0.0009)  IoU (C channel): 0.0027 (0.0027)  L1 (Db channel): 0.4264 (0.4264)  L1 (Dn channel): 0.2131 (0.2131)  lr: 0.000280  iter-time: 4.7124
[18:11:12.230260] Epoch: [4]  [ 10/458]  eta: 0:07:10  loss: 0.9452 (0.9466)  IoU (F channel): 0.0029 (0.0031)  IoU (C channel): 0.0276 (0.0450)  L1 (Db channel): 0.4336 (0.4344)  L1 (Dn channel): 0.2134 (0.2134)  lr: 0.000284  iter-time: 0.9614
[18:11:17.470382] Epoch: [4]  [ 20/458]  eta: 0:05:29  loss: 0.9364 (0.9764)  IoU (F channel): 0.0014 (0.0025)  IoU (C channel): 0.0141 (0.0274)  L1 (Db channel): 0.4475 (0.4477)  L1 (Dn channel): 0.2151 (0.2162)  lr: 0.000287  iter-time: 0.5551
[18:11:22.150981] Epoch: [4]  [ 30/458]  eta: 0:04:42  loss: 0.9541 (0.9794)  IoU (F channel): 0.0005 (0.0019)  IoU (C channel): 0.0043 (0.0201)  L1 (Db channel): 0.4647 (0.4532)  L1 (Dn channel): 0.2201 (0.2182)  lr: 0.000290  iter-time: 0.4960
[18:11:26.864830] Epoch: [4]  [ 40/458]  eta: 0:04:16  loss: 0.9655 (0.9833)  IoU (F channel): 0.0003 (0.0016)  IoU (C channel): 0.0043 (0.0168)  L1 (Db channel): 0.4582 (0.4537)  L1 (Dn channel): 0.2223 (0.2195)  lr: 0.000293  iter-time: 0.4697
[18:11:31.694233] Epoch: [4]  [ 50/458]  eta: 0:04:00  loss: 0.9303 (0.9772)  IoU (F channel): 0.0007 (0.0015)  IoU (C channel): 0.0067 (0.0159)  L1 (Db channel): 0.4427 (0.4500)  L1 (Dn channel): 0.2231 (0.2203)  lr: 0.000296  iter-time: 0.4771
[18:11:36.383955] Epoch: [4]  [ 60/458]  eta: 0:03:46  loss: 0.9231 (0.9637)  IoU (F channel): 0.0007 (0.0014)  IoU (C channel): 0.0071 (0.0143)  L1 (Db channel): 0.4432 (0.4492)  L1 (Dn channel): 0.2268 (0.2218)  lr: 0.000300  iter-time: 0.4758
[18:11:41.639114] Epoch: [4]  [ 70/458]  eta: 0:03:38  loss: 0.8452 (0.9527)  IoU (F channel): 0.0009 (0.0016)  IoU (C channel): 0.0071 (0.0144)  L1 (Db channel): 0.4538 (0.4522)  L1 (Dn channel): 0.2322 (0.2239)  lr: 0.000303  iter-time: 0.4971
[18:11:46.973493] Epoch: [4]  [ 80/458]  eta: 0:03:31  loss: 0.8436 (0.9432)  IoU (F channel): 0.0011 (0.0016)  IoU (C channel): 0.0067 (0.0134)  L1 (Db channel): 0.4569 (0.4504)  L1 (Dn channel): 0.2336 (0.2249)  lr: 0.000306  iter-time: 0.5294
[18:11:52.209360] Epoch: [4]  [ 90/458]  eta: 0:03:24  loss: 0.8620 (0.9409)  IoU (F channel): 0.0006 (0.0015)  IoU (C channel): 0.0034 (0.0121)  L1 (Db channel): 0.4516 (0.4521)  L1 (Dn channel): 0.2321 (0.2258)  lr: 0.000310  iter-time: 0.5284
[18:11:57.171857] Epoch: [4]  [100/458]  eta: 0:03:16  loss: 0.8810 (0.9421)  IoU (F channel): 0.0004 (0.0016)  IoU (C channel): 0.0017 (0.0113)  L1 (Db channel): 0.4677 (0.4539)  L1 (Dn channel): 0.2338 (0.2271)  lr: 0.000313  iter-time: 0.5099
[18:12:01.889380] Epoch: [4]  [110/458]  eta: 0:03:08  loss: 0.8682 (0.9319)  IoU (F channel): 0.0006 (0.0015)  IoU (C channel): 0.0024 (0.0108)  L1 (Db channel): 0.4627 (0.4536)  L1 (Dn channel): 0.2368 (0.2282)  lr: 0.000316  iter-time: 0.4839
[18:12:06.359455] Epoch: [4]  [120/458]  eta: 0:03:00  loss: 0.8547 (0.9280)  IoU (F channel): 0.0004 (0.0014)  IoU (C channel): 0.0017 (0.0100)  L1 (Db channel): 0.4627 (0.4545)  L1 (Dn channel): 0.2394 (0.2292)  lr: 0.000319  iter-time: 0.4593
[18:12:11.689028] Epoch: [4]  [130/458]  eta: 0:02:55  loss: 0.8437 (0.9213)  IoU (F channel): 0.0001 (0.0013)  IoU (C channel): 0.0023 (0.0095)  L1 (Db channel): 0.4697 (0.4556)  L1 (Dn channel): 0.2412 (0.2303)  lr: 0.000323  iter-time: 0.4899
[18:12:16.294851] Epoch: [4]  [140/458]  eta: 0:02:48  loss: 0.7972 (0.9151)  IoU (F channel): 0.0005 (0.0013)  IoU (C channel): 0.0043 (0.0095)  L1 (Db channel): 0.4566 (0.4552)  L1 (Dn channel): 0.2472 (0.2316)  lr: 0.000326  iter-time: 0.4967
[18:12:21.019067] Epoch: [4]  [150/458]  eta: 0:02:41  loss: 0.7827 (0.9068)  IoU (F channel): 0.0006 (0.0013)  IoU (C channel): 0.0069 (0.0097)  L1 (Db channel): 0.4509 (0.4553)  L1 (Dn channel): 0.2509 (0.2331)  lr: 0.000329  iter-time: 0.4664
[18:12:25.806418] Epoch: [4]  [160/458]  eta: 0:02:35  loss: 0.7530 (0.9009)  IoU (F channel): 0.0004 (0.0012)  IoU (C channel): 0.0048 (0.0092)  L1 (Db channel): 0.4483 (0.4548)  L1 (Dn channel): 0.2516 (0.2340)  lr: 0.000333  iter-time: 0.4749
[18:12:30.895546] Epoch: [4]  [170/458]  eta: 0:02:30  loss: 0.7801 (0.8985)  IoU (F channel): 0.0001 (0.0012)  IoU (C channel): 0.0007 (0.0087)  L1 (Db channel): 0.4483 (0.4549)  L1 (Dn channel): 0.2462 (0.2347)  lr: 0.000336  iter-time: 0.4932
[18:12:35.593820] Epoch: [4]  [180/458]  eta: 0:02:24  loss: 0.7955 (0.8927)  IoU (F channel): 0.0000 (0.0012)  IoU (C channel): 0.0006 (0.0086)  L1 (Db channel): 0.4511 (0.4546)  L1 (Dn channel): 0.2487 (0.2358)  lr: 0.000340  iter-time: 0.4893
[18:12:40.296007] Epoch: [4]  [190/458]  eta: 0:02:18  loss: 0.7475 (0.8880)  IoU (F channel): 0.0004 (0.0012)  IoU (C channel): 0.0055 (0.0087)  L1 (Db channel): 0.4517 (0.4552)  L1 (Dn channel): 0.2588 (0.2373)  lr: 0.000343  iter-time: 0.4700
[18:12:45.336951] Epoch: [4]  [200/458]  eta: 0:02:13  loss: 0.7552 (0.8821)  IoU (F channel): 0.0001 (0.0011)  IoU (C channel): 0.0018 (0.0083)  L1 (Db channel): 0.4722 (0.4562)  L1 (Dn channel): 0.2629 (0.2385)  lr: 0.000346  iter-time: 0.4871
[18:12:49.920611] Epoch: [4]  [210/458]  eta: 0:02:07  loss: 0.7552 (0.8758)  IoU (F channel): 0.0000 (0.0011)  IoU (C channel): 0.0011 (0.0081)  L1 (Db channel): 0.4667 (0.4563)  L1 (Dn channel): 0.2585 (0.2394)  lr: 0.000350  iter-time: 0.4812
[18:12:54.623957] Epoch: [4]  [220/458]  eta: 0:02:01  loss: 0.7042 (0.8712)  IoU (F channel): 0.0001 (0.0011)  IoU (C channel): 0.0024 (0.0079)  L1 (Db channel): 0.4630 (0.4569)  L1 (Dn channel): 0.2590 (0.2405)  lr: 0.000353  iter-time: 0.4643
[18:12:59.276921] Epoch: [4]  [230/458]  eta: 0:01:56  loss: 0.7124 (0.8679)  IoU (F channel): 0.0001 (0.0010)  IoU (C channel): 0.0010 (0.0076)  L1 (Db channel): 0.4700 (0.4575)  L1 (Dn channel): 0.2648 (0.2415)  lr: 0.000357  iter-time: 0.4677
[18:13:03.897903] Epoch: [4]  [240/458]  eta: 0:01:50  loss: 0.7511 (0.8628)  IoU (F channel): 0.0001 (0.0010)  IoU (C channel): 0.0010 (0.0074)  L1 (Db channel): 0.4674 (0.4576)  L1 (Dn channel): 0.2637 (0.2424)  lr: 0.000360  iter-time: 0.4636
[18:13:08.351126] Epoch: [4]  [250/458]  eta: 0:01:44  loss: 0.7459 (0.8575)  IoU (F channel): 0.0001 (0.0010)  IoU (C channel): 0.0018 (0.0072)  L1 (Db channel): 0.4624 (0.4578)  L1 (Dn channel): 0.2656 (0.2434)  lr: 0.000364  iter-time: 0.4536
[18:13:13.088249] Epoch: [4]  [260/458]  eta: 0:01:39  loss: 0.7152 (0.8528)  IoU (F channel): 0.0000 (0.0009)  IoU (C channel): 0.0004 (0.0070)  L1 (Db channel): 0.4730 (0.4588)  L1 (Dn channel): 0.2674 (0.2443)  lr: 0.000367  iter-time: 0.4594
[18:13:18.040204] Epoch: [4]  [270/458]  eta: 0:01:34  loss: 0.7152 (0.8488)  IoU (F channel): 0.0000 (0.0009)  IoU (C channel): 0.0008 (0.0068)  L1 (Db channel): 0.4616 (0.4585)  L1 (Dn channel): 0.2682 (0.2453)  lr: 0.000370  iter-time: 0.4844
[18:13:23.471940] Epoch: [4]  [280/458]  eta: 0:01:29  loss: 0.6956 (0.8438)  IoU (F channel): 0.0000 (0.0009)  IoU (C channel): 0.0020 (0.0067)  L1 (Db channel): 0.4518 (0.4585)  L1 (Dn channel): 0.2768 (0.2466)  lr: 0.000374  iter-time: 0.5191
[18:13:28.713980] Epoch: [4]  [290/458]  eta: 0:01:24  loss: 0.6489 (0.8384)  IoU (F channel): 0.0000 (0.0009)  IoU (C channel): 0.0007 (0.0065)  L1 (Db channel): 0.4654 (0.4589)  L1 (Dn channel): 0.2767 (0.2475)  lr: 0.000377  iter-time: 0.5336
[18:13:33.170901] Epoch: [4]  [300/458]  eta: 0:01:19  loss: 0.6448 (0.8328)  IoU (F channel): 0.0000 (0.0008)  IoU (C channel): 0.0002 (0.0063)  L1 (Db channel): 0.4625 (0.4588)  L1 (Dn channel): 0.2760 (0.2485)  lr: 0.000381  iter-time: 0.4849
[18:13:38.212416] Epoch: [4]  [310/458]  eta: 0:01:14  loss: 0.6383 (0.8288)  IoU (F channel): 0.0000 (0.0008)  IoU (C channel): 0.0001 (0.0061)  L1 (Db channel): 0.4588 (0.4588)  L1 (Dn channel): 0.2780 (0.2495)  lr: 0.000384  iter-time: 0.4748
[18:13:42.955392] Epoch: [4]  [320/458]  eta: 0:01:09  loss: 0.6827 (0.8246)  IoU (F channel): 0.0000 (0.0008)  IoU (C channel): 0.0002 (0.0059)  L1 (Db channel): 0.4605 (0.4589)  L1 (Dn channel): 0.2805 (0.2507)  lr: 0.000388  iter-time: 0.4886
[18:13:47.597306] Epoch: [4]  [330/458]  eta: 0:01:04  loss: 0.7061 (0.8223)  IoU (F channel): 0.0000 (0.0008)  IoU (C channel): 0.0001 (0.0057)  L1 (Db channel): 0.4654 (0.4592)  L1 (Dn channel): 0.2812 (0.2515)  lr: 0.000392  iter-time: 0.4686
[18:13:52.332459] Epoch: [4]  [340/458]  eta: 0:00:59  loss: 0.7514 (0.8202)  IoU (F channel): 0.0000 (0.0007)  IoU (C channel): 0.0000 (0.0056)  L1 (Db channel): 0.4654 (0.4594)  L1 (Dn channel): 0.2756 (0.2521)  lr: 0.000395  iter-time: 0.4688
[18:13:57.331242] Epoch: [4]  [350/458]  eta: 0:00:54  loss: 0.7302 (0.8164)  IoU (F channel): 0.0000 (0.0007)  IoU (C channel): 0.0000 (0.0054)  L1 (Db channel): 0.4515 (0.4588)  L1 (Dn channel): 0.2712 (0.2527)  lr: 0.000399  iter-time: 0.4866
[18:14:01.938931] Epoch: [4]  [360/458]  eta: 0:00:48  loss: 0.6223 (0.8103)  IoU (F channel): 0.0000 (0.0007)  IoU (C channel): 0.0001 (0.0053)  L1 (Db channel): 0.4486 (0.4590)  L1 (Dn channel): 0.2829 (0.2537)  lr: 0.000402  iter-time: 0.4803
[18:14:06.558130] Epoch: [4]  [370/458]  eta: 0:00:43  loss: 0.5959 (0.8055)  IoU (F channel): 0.0000 (0.0007)  IoU (C channel): 0.0002 (0.0051)  L1 (Db channel): 0.4836 (0.4598)  L1 (Dn channel): 0.2951 (0.2549)  lr: 0.000406  iter-time: 0.4613
[18:14:11.551062] Epoch: [4]  [380/458]  eta: 0:00:38  loss: 0.6281 (0.8025)  IoU (F channel): 0.0000 (0.0007)  IoU (C channel): 0.0000 (0.0050)  L1 (Db channel): 0.4862 (0.4604)  L1 (Dn channel): 0.2922 (0.2557)  lr: 0.000409  iter-time: 0.4805
[18:14:16.687263] Epoch: [4]  [390/458]  eta: 0:00:33  loss: 0.5972 (0.7971)  IoU (F channel): 0.0000 (0.0006)  IoU (C channel): 0.0000 (0.0049)  L1 (Db channel): 0.4669 (0.4599)  L1 (Dn channel): 0.2839 (0.2564)  lr: 0.000413  iter-time: 0.5064
[18:14:21.186512] Epoch: [4]  [400/458]  eta: 0:00:28  loss: 0.5537 (0.7913)  IoU (F channel): 0.0000 (0.0006)  IoU (C channel): 0.0000 (0.0048)  L1 (Db channel): 0.4512 (0.4598)  L1 (Dn channel): 0.2881 (0.2574)  lr: 0.000416  iter-time: 0.4817
[18:14:25.687058] Epoch: [4]  [410/458]  eta: 0:00:23  loss: 0.5537 (0.7877)  IoU (F channel): 0.0000 (0.0006)  IoU (C channel): 0.0003 (0.0047)  L1 (Db channel): 0.4592 (0.4597)  L1 (Dn channel): 0.2956 (0.2583)  lr: 0.000420  iter-time: 0.4499
[18:14:30.944800] Epoch: [4]  [420/458]  eta: 0:00:18  loss: 0.5327 (0.7824)  IoU (F channel): 0.0000 (0.0006)  IoU (C channel): 0.0001 (0.0046)  L1 (Db channel): 0.4594 (0.4599)  L1 (Dn channel): 0.2968 (0.2593)  lr: 0.000424  iter-time: 0.4879
[18:14:36.131888] Epoch: [4]  [430/458]  eta: 0:00:13  loss: 0.5321 (0.7788)  IoU (F channel): 0.0000 (0.0006)  IoU (C channel): 0.0001 (0.0045)  L1 (Db channel): 0.4720 (0.4601)  L1 (Dn channel): 0.3003 (0.2602)  lr: 0.000427  iter-time: 0.5222
[18:14:40.853003] Epoch: [4]  [440/458]  eta: 0:00:08  loss: 0.5311 (0.7747)  IoU (F channel): 0.0000 (0.0006)  IoU (C channel): 0.0003 (0.0044)  L1 (Db channel): 0.4771 (0.4608)  L1 (Dn channel): 0.3024 (0.2613)  lr: 0.000431  iter-time: 0.4953
[18:14:46.015005] Epoch: [4]  [450/458]  eta: 0:00:03  loss: 0.5535 (0.7707)  IoU (F channel): 0.0000 (0.0006)  IoU (C channel): 0.0001 (0.0043)  L1 (Db channel): 0.4877 (0.4613)  L1 (Dn channel): 0.3082 (0.2623)  lr: 0.000434  iter-time: 0.4941
[18:14:48.864049] Epoch: [4]  [457/458]  eta: 0:00:00  loss: 0.5887 (0.7681)  IoU (F channel): 0.0000 (0.0005)  IoU (C channel): 0.0000 (0.0042)  L1 (Db channel): 0.4823 (0.4615)  L1 (Dn channel): 0.3080 (0.2629)  lr: 0.000437  iter-time: 0.4752
[18:14:49.570948] Epoch: [4] Total time: 0:03:47 (0.4977 s / it)
[18:14:49.571008] [Train] averaged stats: loss: 0.5887 (0.7681)  IoU (F channel): 0.0000 (0.0005)  IoU (C channel): 0.0000 (0.0042)  L1 (Db channel): 0.4823 (0.4615)  L1 (Dn channel): 0.3080 (0.2629)  lr: 0.000437
[18:14:53.756579] Epoch: [4]  [ 0/52]  eta: 0:03:37  loss: 0.2917 (0.2917)  IoU (F channel): 0.0000 (0.0000)  IoU (C channel): 0.0000 (0.0000)  L1 (Db channel): 0.5430 (0.5430)  L1 (Dn channel): 0.4073 (0.4073)  iter-time: 4.1844
[18:14:55.440435] Epoch: [4]  [10/52]  eta: 0:00:22  loss: 0.5486 (0.5162)  IoU (F channel): 0.0000 (0.0000)  IoU (C channel): 0.0000 (0.0000)  L1 (Db channel): 0.5421 (0.5377)  L1 (Dn channel): 0.3915 (0.3601)  iter-time: 0.5334
[18:14:57.038399] Epoch: [4]  [20/52]  eta: 0:00:11  loss: 0.6482 (0.5965)  IoU (F channel): 0.0000 (0.0000)  IoU (C channel): 0.0000 (0.0000)  L1 (Db channel): 0.4166 (0.4647)  L1 (Dn channel): 0.2261 (0.2862)  iter-time: 0.1641
[18:14:58.637085] Epoch: [4]  [30/52]  eta: 0:00:06  loss: 0.6391 (0.5364)  IoU (F channel): 0.0000 (0.0000)  IoU (C channel): 0.0000 (0.0000)  L1 (Db channel): 0.4166 (0.4751)  L1 (Dn channel): 0.2358 (0.3087)  iter-time: 0.1598
[18:15:00.277072] Epoch: [4]  [40/52]  eta: 0:00:03  loss: 0.5207 (0.5722)  IoU (F channel): 0.0000 (0.0000)  IoU (C channel): 0.0000 (0.0000)  L1 (Db channel): 0.4065 (0.4396)  L1 (Dn channel): 0.2662 (0.2894)  iter-time: 0.1619
[18:15:01.836527] Epoch: [4]  [50/52]  eta: 0:00:00  loss: 0.6121 (0.5761)  IoU (F channel): 0.0000 (0.0000)  IoU (C channel): 0.0000 (0.0000)  L1 (Db channel): 0.3639 (0.4413)  L1 (Dn channel): 0.2281 (0.2921)  iter-time: 0.1599
[18:15:01.928504] Epoch: [4]  [51/52]  eta: 0:00:00  loss: 0.5764 (0.5706)  IoU (F channel): 0.0000 (0.0000)  IoU (C channel): 0.0000 (0.0000)  L1 (Db channel): 0.3639 (0.4433)  L1 (Dn channel): 0.2281 (0.2940)  iter-time: 0.1566
[18:15:02.666321] Epoch: [4] Total time: 0:00:13 (0.2518 s / it)
[18:15:02.666347] [Val] averaged stats: loss: 0.5764 (0.5706)  IoU (F channel): 0.0000 (0.0000)  IoU (C channel): 0.0000 (0.0000)  L1 (Db channel): 0.3639 (0.4433)  L1 (Dn channel): 0.2281 (0.2940)
[18:15:02.666708] Val loss improved from 0.9868871374772146 to 0.5705571226202525, saving model to metrics/biapy/biapy-py_v1/checkpoints/biapy-py_v1_0-checkpoint-best.pth
[18:15:02.782268] [Val] best loss: 0.5706 best  IoU (F channel): 0.0000 IoU (C channel): 0.0000 L1 (Db channel): 0.4433 L1 (Dn channel): 0.2940 
[18:15:02.791413] [Time] 4.0m 17.3m/2.1h

[18:15:02.791427] ~~~ Epoch 5/30 ~~~

[18:15:08.924080] Epoch: [5]  [  0/458]  eta: 0:46:48  loss: 0.6779 (0.6779)  IoU (F channel): 0.0000 (0.0000)  IoU (C channel): 0.0000 (0.0000)  L1 (Db channel): 0.4736 (0.4736)  L1 (Dn channel): 0.3066 (0.3066)  lr: 0.000437  iter-time: 6.1316
[18:15:14.200668] Epoch: [5]  [ 10/458]  eta: 0:07:44  loss: 0.6556 (0.6547)  IoU (F channel): 0.0000 (0.0000)  IoU (C channel): 0.0000 (0.0001)  L1 (Db channel): 0.4682 (0.4655)  L1 (Dn channel): 0.3066 (0.3066)  lr: 0.000441  iter-time: 1.0371
[18:15:18.829799] Epoch: [5]  [ 20/458]  eta: 0:05:34  loss: 0.5782 (0.6332)  IoU (F channel): 0.0000 (0.0000)  IoU (C channel): 0.0000 (0.0002)  L1 (Db channel): 0.4682 (0.4672)  L1 (Dn channel): 0.3103 (0.3103)  lr: 0.000444  iter-time: 0.4952
[18:15:24.069256] Epoch: [5]  [ 30/458]  eta: 0:04:53  loss: 0.5322 (0.6096)  IoU (F channel): 0.0000 (0.0000)  IoU (C channel): 0.0000 (0.0002)  L1 (Db channel): 0.4715 (0.4713)  L1 (Dn channel): 0.3137 (0.3110)  lr: 0.000448  iter-time: 0.4934
[18:15:28.728414] Epoch: [5]  [ 40/458]  eta: 0:04:24  loss: 0.5426 (0.5900)  IoU (F channel): 0.0000 (0.0000)  IoU (C channel): 0.0000 (0.0002)  L1 (Db channel): 0.4806 (0.4739)  L1 (Dn channel): 0.3099 (0.3098)  lr: 0.000452  iter-time: 0.4942
[18:15:33.193152] Epoch: [5]  [ 50/458]  eta: 0:04:03  loss: 0.4749 (0.5798)  IoU (F channel): 0.0000 (0.0000)  IoU (C channel): 0.0000 (0.0002)  L1 (Db channel): 0.4854 (0.4774)  L1 (Dn channel): 0.3066 (0.3092)  lr: 0.000455  iter-time: 0.4555
[18:15:38.449734] Epoch: [5]  [ 60/458]  eta: 0:03:52  loss: 0.5496 (0.5782)  IoU (F channel): 0.0000 (0.0000)  IoU (C channel): 0.0000 (0.0002)  L1 (Db channel): 0.4900 (0.4803)  L1 (Dn channel): 0.3103 (0.3102)  lr: 0.000459  iter-time: 0.4860
[18:15:44.072393] Epoch: [5]  [ 70/458]  eta: 0:03:45  loss: 0.5407 (0.5706)  IoU (F channel): 0.0000 (0.0000)  IoU (C channel): 0.0000 (0.0001)  L1 (Db channel): 0.4821 (0.4795)  L1 (Dn channel): 0.3141 (0.3105)  lr: 0.000463  iter-time: 0.5436
[18:15:48.600936] Epoch: [5]  [ 80/458]  eta: 0:03:33  loss: 0.5204 (0.5649)  IoU (F channel): 0.0000 (0.0000)  IoU (C channel): 0.0000 (0.0001)  L1 (Db channel): 0.4720 (0.4778)  L1 (Dn channel): 0.3114 (0.3106)  lr: 0.000466  iter-time: 0.5072
[18:15:53.076085] Epoch: [5]  [ 90/458]  eta: 0:03:23  loss: 0.5449 (0.5743)  IoU (F channel): 0.0000 (0.0000)  IoU (C channel): 0.0000 (0.0001)  L1 (Db channel): 0.4497 (0.4737)  L1 (Dn channel): 0.3128 (0.3119)  lr: 0.000470  iter-time: 0.4501
[18:15:57.812514] Epoch: [5]  [100/458]  eta: 0:03:14  loss: 0.4972 (0.5697)  IoU (F channel): 0.0000 (0.0000)  IoU (C channel): 0.0000 (0.0001)  L1 (Db channel): 0.4425 (0.4721)  L1 (Dn channel): 0.3198 (0.3127)  lr: 0.000473  iter-time: 0.4605
[18:16:03.118820] Epoch: [5]  [110/458]  eta: 0:03:09  loss: 0.4930 (0.5629)  IoU (F channel): 0.0000 (0.0000)  IoU (C channel): 0.0000 (0.0001)  L1 (Db channel): 0.4493 (0.4686)  L1 (Dn channel): 0.3194 (0.3132)  lr: 0.000477  iter-time: 0.5021
[18:16:08.056615] Epoch: [5]  [120/458]  eta: 0:03:02  loss: 0.4378 (0.5545)  IoU (F channel): 0.0000 (0.0000)  IoU (C channel): 0.0000 (0.0001)  L1 (Db channel): 0.4437 (0.4675)  L1 (Dn channel): 0.3206 (0.3142)  lr: 0.000481  iter-time: 0.5121
[18:16:12.832599] Epoch: [5]  [130/458]  eta: 0:02:55  loss: 0.4665 (0.5520)  IoU (F channel): 0.0000 (0.0000)  IoU (C channel): 0.0000 (0.0001)  L1 (Db channel): 0.4737 (0.4686)  L1 (Dn channel): 0.3239 (0.3151)  lr: 0.000484  iter-time: 0.4856
[18:16:17.814585] Epoch: [5]  [140/458]  eta: 0:02:49  loss: 0.4743 (0.5496)  IoU (F channel): 0.0000 (0.0000)  IoU (C channel): 0.0000 (0.0001)  L1 (Db channel): 0.4771 (0.4686)  L1 (Dn channel): 0.3298 (0.3162)  lr: 0.000488  iter-time: 0.4878
[18:16:23.004835] Epoch: [5]  [150/458]  eta: 0:02:43  loss: 0.4743 (0.5439)  IoU (F channel): 0.0000 (0.0000)  IoU (C channel): 0.0000 (0.0001)  L1 (Db channel): 0.4545 (0.4672)  L1 (Dn channel): 0.3312 (0.3172)  lr: 0.000492  iter-time: 0.5085
[18:16:27.585314] Epoch: [5]  [160/458]  eta: 0:02:36  loss: 0.4861 (0.5436)  IoU (F channel): 0.0000 (0.0001)  IoU (C channel): 0.0000 (0.0002)  L1 (Db channel): 0.4394 (0.4653)  L1 (Dn channel): 0.3304 (0.3179)  lr: 0.000495  iter-time: 0.4885
[18:16:32.210540] Epoch: [5]  [170/458]  eta: 0:02:30  loss: 0.4963 (0.5437)  IoU (F channel): 0.0000 (0.0001)  IoU (C channel): 0.0000 (0.0002)  L1 (Db channel): 0.4394 (0.4643)  L1 (Dn channel): 0.3287 (0.3186)  lr: 0.000499  iter-time: 0.4602
[18:16:36.762047] Epoch: [5]  [180/458]  eta: 0:02:24  loss: 0.5086 (0.5436)  IoU (F channel): 0.0000 (0.0001)  IoU (C channel): 0.0000 (0.0002)  L1 (Db channel): 0.4589 (0.4650)  L1 (Dn channel): 0.3287 (0.3192)  lr: 0.000503  iter-time: 0.4588
[18:16:42.308477] Epoch: [5]  [190/458]  eta: 0:02:19  loss: 0.4774 (0.5398)  IoU (F channel): 0.0000 (0.0001)  IoU (C channel): 0.0000 (0.0002)  L1 (Db channel): 0.4533 (0.4638)  L1 (Dn channel): 0.3284 (0.3196)  lr: 0.000506  iter-time: 0.5048
[18:16:46.889636] Epoch: [5]  [200/458]  eta: 0:02:13  loss: 0.4538 (0.5373)  IoU (F channel): 0.0000 (0.0001)  IoU (C channel): 0.0000 (0.0002)  L1 (Db channel): 0.4699 (0.4652)  L1 (Dn channel): 0.3309 (0.3204)  lr: 0.000510  iter-time: 0.5063
[18:16:51.521415] Epoch: [5]  [210/458]  eta: 0:02:07  loss: 0.4413 (0.5327)  IoU (F channel): 0.0000 (0.0001)  IoU (C channel): 0.0000 (0.0002)  L1 (Db channel): 0.4841 (0.4662)  L1 (Dn channel): 0.3355 (0.3212)  lr: 0.000514  iter-time: 0.4599
[18:16:56.035089] Epoch: [5]  [220/458]  eta: 0:02:01  loss: 0.4571 (0.5317)  IoU (F channel): 0.0000 (0.0001)  IoU (C channel): 0.0000 (0.0002)  L1 (Db channel): 0.4778 (0.4660)  L1 (Dn channel): 0.3352 (0.3218)  lr: 0.000517  iter-time: 0.4565
[18:17:00.699688] Epoch: [5]  [230/458]  eta: 0:01:56  loss: 0.4403 (0.5282)  IoU (F channel): 0.0000 (0.0001)  IoU (C channel): 0.0000 (0.0002)  L1 (Db channel): 0.4508 (0.4647)  L1 (Dn channel): 0.3352 (0.3224)  lr: 0.000521  iter-time: 0.4588
[18:17:05.223975] Epoch: [5]  [240/458]  eta: 0:01:50  loss: 0.4280 (0.5245)  IoU (F channel): 0.0000 (0.0001)  IoU (C channel): 0.0000 (0.0002)  L1 (Db channel): 0.4615 (0.4677)  L1 (Dn channel): 0.3365 (0.3230)  lr: 0.000525  iter-time: 0.4594
[18:17:10.432894] Epoch: [5]  [250/458]  eta: 0:01:45  loss: 0.4011 (0.5211)  IoU (F channel): 0.0000 (0.0001)  IoU (C channel): 0.0000 (0.0002)  L1 (Db channel): 0.5386 (0.4708)  L1 (Dn channel): 0.3409 (0.3239)  lr: 0.000528  iter-time: 0.4866
[18:17:15.139085] Epoch: [5]  [260/458]  eta: 0:01:40  loss: 0.4011 (0.5180)  IoU (F channel): 0.0000 (0.0001)  IoU (C channel): 0.0000 (0.0002)  L1 (Db channel): 0.4883 (0.4708)  L1 (Dn channel): 0.3421 (0.3245)  lr: 0.000532  iter-time: 0.4957
[18:17:19.938511] Epoch: [5]  [270/458]  eta: 0:01:35  loss: 0.4165 (0.5149)  IoU (F channel): 0.0000 (0.0001)  IoU (C channel): 0.0000 (0.0002)  L1 (Db channel): 0.4619 (0.4703)  L1 (Dn channel): 0.3329 (0.3248)  lr: 0.000536  iter-time: 0.4752
[18:17:25.021246] Epoch: [5]  [280/458]  eta: 0:01:30  loss: 0.4006 (0.5106)  IoU (F channel): 0.0000 (0.0001)  IoU (C channel): 0.0000 (0.0002)  L1 (Db channel): 0.4556 (0.4696)  L1 (Dn channel): 0.3330 (0.3252)  lr: 0.000539  iter-time: 0.4940
[18:17:29.987634] Epoch: [5]  [290/458]  eta: 0:01:24  loss: 0.3612 (0.5053)  IoU (F channel): 0.0000 (0.0001)  IoU (C channel): 0.0000 (0.0002)  L1 (Db channel): 0.4645 (0.4700)  L1 (Dn channel): 0.3388 (0.3258)  lr: 0.000543  iter-time: 0.5017
[18:17:34.463865] Epoch: [5]  [300/458]  eta: 0:01:19  loss: 0.3762 (0.5022)  IoU (F channel): 0.0000 (0.0001)  IoU (C channel): 0.0000 (0.0002)  L1 (Db channel): 0.4524 (0.4689)  L1 (Dn channel): 0.3433 (0.3263)  lr: 0.000547  iter-time: 0.4714
[18:17:39.101107] Epoch: [5]  [310/458]  eta: 0:01:14  loss: 0.4084 (0.4993)  IoU (F channel): 0.0000 (0.0001)  IoU (C channel): 0.0000 (0.0002)  L1 (Db channel): 0.4363 (0.4678)  L1 (Dn channel): 0.3352 (0.3266)  lr: 0.000550  iter-time: 0.4556
[18:17:43.740834] Epoch: [5]  [320/458]  eta: 0:01:09  loss: 0.4124 (0.4986)  IoU (F channel): 0.0000 (0.0001)  IoU (C channel): 0.0000 (0.0002)  L1 (Db channel): 0.4329 (0.4666)  L1 (Dn channel): 0.3347 (0.3269)  lr: 0.000554  iter-time: 0.4638
[18:17:48.542787] Epoch: [5]  [330/458]  eta: 0:01:04  loss: 0.3934 (0.4958)  IoU (F channel): 0.0000 (0.0001)  IoU (C channel): 0.0000 (0.0002)  L1 (Db channel): 0.4293 (0.4655)  L1 (Dn channel): 0.3377 (0.3273)  lr: 0.000557  iter-time: 0.4720
[18:17:53.683291] Epoch: [5]  [340/458]  eta: 0:00:59  loss: 0.3799 (0.4924)  IoU (F channel): 0.0000 (0.0001)  IoU (C channel): 0.0000 (0.0002)  L1 (Db channel): 0.4406 (0.4650)  L1 (Dn channel): 0.3413 (0.3280)  lr: 0.000561  iter-time: 0.4971
[18:17:58.303809] Epoch: [5]  [350/458]  eta: 0:00:53  loss: 0.3694 (0.4889)  IoU (F channel): 0.0000 (0.0001)  IoU (C channel): 0.0000 (0.0002)  L1 (Db channel): 0.4449 (0.4644)  L1 (Dn channel): 0.3516 (0.3286)  lr: 0.000565  iter-time: 0.4880
[18:18:03.557786] Epoch: [5]  [360/458]  eta: 0:00:49  loss: 0.3354 (0.4852)  IoU (F channel): 0.0000 (0.0001)  IoU (C channel): 0.0000 (0.0002)  L1 (Db channel): 0.4476 (0.4642)  L1 (Dn channel): 0.3489 (0.3292)  lr: 0.000568  iter-time: 0.4937
[18:18:08.694790] Epoch: [5]  [370/458]  eta: 0:00:44  loss: 0.3167 (0.4815)  IoU (F channel): 0.0000 (0.0001)  IoU (C channel): 0.0000 (0.0002)  L1 (Db channel): 0.4651 (0.4647)  L1 (Dn channel): 0.3521 (0.3299)  lr: 0.000572  iter-time: 0.5195
[18:18:13.156538] Epoch: [5]  [380/458]  eta: 0:00:38  loss: 0.3167 (0.4785)  IoU (F channel): 0.0000 (0.0001)  IoU (C channel): 0.0000 (0.0001)  L1 (Db channel): 0.4665 (0.4644)  L1 (Dn channel): 0.3520 (0.3304)  lr: 0.000576  iter-time: 0.4799
[18:18:17.622561] Epoch: [5]  [390/458]  eta: 0:00:33  loss: 0.3903 (0.4777)  IoU (F channel): 0.0000 (0.0001)  IoU (C channel): 0.0000 (0.0001)  L1 (Db channel): 0.4485 (0.4641)  L1 (Dn channel): 0.3491 (0.3309)  lr: 0.000579  iter-time: 0.4463
[18:18:23.726744] Epoch: [5]  [400/458]  eta: 0:00:29  loss: 0.3563 (0.4741)  IoU (F channel): 0.0000 (0.0001)  IoU (C channel): 0.0000 (0.0001)  L1 (Db channel): 0.4439 (0.4633)  L1 (Dn channel): 0.3441 (0.3311)  lr: 0.000583  iter-time: 0.5284
[18:18:28.205595] Epoch: [5]  [410/458]  eta: 0:00:23  loss: 0.3384 (0.4718)  IoU (F channel): 0.0000 (0.0001)  IoU (C channel): 0.0000 (0.0001)  L1 (Db channel): 0.4308 (0.4625)  L1 (Dn channel): 0.3423 (0.3315)  lr: 0.000587  iter-time: 0.5291
[18:18:32.875442] Epoch: [5]  [420/458]  eta: 0:00:18  loss: 0.3629 (0.4703)  IoU (F channel): 0.0000 (0.0001)  IoU (C channel): 0.0000 (0.0001)  L1 (Db channel): 0.4311 (0.4618)  L1 (Dn channel): 0.3416 (0.3316)  lr: 0.000590  iter-time: 0.4574
[18:18:38.166924] Epoch: [5]  [430/458]  eta: 0:00:13  loss: 0.3834 (0.4670)  IoU (F channel): 0.0000 (0.0001)  IoU (C channel): 0.0000 (0.0001)  L1 (Db channel): 0.4442 (0.4615)  L1 (Dn channel): 0.3440 (0.3320)  lr: 0.000594  iter-time: 0.4980
[18:18:42.899951] Epoch: [5]  [440/458]  eta: 0:00:08  loss: 0.3138 (0.4656)  IoU (F channel): 0.0000 (0.0001)  IoU (C channel): 0.0000 (0.0001)  L1 (Db channel): 0.4537 (0.4620)  L1 (Dn channel): 0.3501 (0.3324)  lr: 0.000597  iter-time: 0.5012
[18:18:47.735235] Epoch: [5]  [450/458]  eta: 0:00:03  loss: 0.3469 (0.4634)  IoU (F channel): 0.0000 (0.0001)  IoU (C channel): 0.0000 (0.0001)  L1 (Db channel): 0.4534 (0.4616)  L1 (Dn channel): 0.3481 (0.3328)  lr: 0.000601  iter-time: 0.4783
[18:18:50.583300] Epoch: [5]  [457/458]  eta: 0:00:00  loss: 0.3278 (0.4611)  IoU (F channel): 0.0000 (0.0001)  IoU (C channel): 0.0000 (0.0001)  L1 (Db channel): 0.4534 (0.4615)  L1 (Dn channel): 0.3450 (0.3329)  lr: 0.000604  iter-time: 0.4513
[18:18:51.288993] Epoch: [5] Total time: 0:03:48 (0.4989 s / it)
[18:18:51.289259] [Train] averaged stats: loss: 0.3278 (0.4611)  IoU (F channel): 0.0000 (0.0001)  IoU (C channel): 0.0000 (0.0001)  L1 (Db channel): 0.4534 (0.4615)  L1 (Dn channel): 0.3450 (0.3329)  lr: 0.000604
[18:18:54.626751] Epoch: [5]  [ 0/52]  eta: 0:02:53  loss: 0.0887 (0.0887)  IoU (F channel): 0.0000 (0.0000)  IoU (C channel): 0.0000 (0.0000)  L1 (Db channel): 0.5812 (0.5812)  L1 (Dn channel): 0.4414 (0.4414)  iter-time: 3.3363
[18:18:56.912040] Epoch: [5]  [10/52]  eta: 0:00:21  loss: 0.3202 (0.2799)  IoU (F channel): 0.0000 (0.0000)  IoU (C channel): 0.0000 (0.0000)  L1 (Db channel): 0.5522 (0.5233)  L1 (Dn channel): 0.4084 (0.3798)  iter-time: 0.5110
[18:18:58.556673] Epoch: [5]  [20/52]  eta: 0:00:11  loss: 0.4122 (0.3547)  IoU (F channel): 0.0000 (0.0000)  IoU (C channel): 0.0000 (0.0000)  L1 (Db channel): 0.3675 (0.4381)  L1 (Dn channel): 0.2576 (0.3127)  iter-time: 0.1965
[18:19:00.231147] Epoch: [5]  [30/52]  eta: 0:00:06  loss: 0.3966 (0.3070)  IoU (F channel): 0.0000 (0.0000)  IoU (C channel): 0.0000 (0.0000)  L1 (Db channel): 0.3675 (0.4620)  L1 (Dn channel): 0.2657 (0.3377)  iter-time: 0.1659
[18:19:01.865343] Epoch: [5]  [40/52]  eta: 0:00:03  loss: 0.3222 (0.3494)  IoU (F channel): 0.0000 (0.0000)  IoU (C channel): 0.0000 (0.0000)  L1 (Db channel): 0.4127 (0.4387)  L1 (Dn channel): 0.3129 (0.3273)  iter-time: 0.1654
[18:19:03.423384] Epoch: [5]  [50/52]  eta: 0:00:00  loss: 0.4343 (0.3521)  IoU (F channel): 0.0000 (0.0000)  IoU (C channel): 0.0000 (0.0000)  L1 (Db channel): 0.3689 (0.4419)  L1 (Dn channel): 0.2847 (0.3306)  iter-time: 0.1596
[18:19:03.515189] Epoch: [5]  [51/52]  eta: 0:00:00  loss: 0.3888 (0.3470)  IoU (F channel): 0.0000 (0.0000)  IoU (C channel): 0.0000 (0.0000)  L1 (Db channel): 0.3689 (0.4445)  L1 (Dn channel): 0.2847 (0.3326)  iter-time: 0.1564
[18:19:04.160349] Epoch: [5] Total time: 0:00:12 (0.2475 s / it)
[18:19:04.160376] [Val] averaged stats: loss: 0.3888 (0.3470)  IoU (F channel): 0.0000 (0.0000)  IoU (C channel): 0.0000 (0.0000)  L1 (Db channel): 0.3689 (0.4445)  L1 (Dn channel): 0.2847 (0.3326)
[18:19:04.160752] Val loss improved from 0.5705571226202525 to 0.34699739100268256, saving model to metrics/biapy/biapy-py_v1/checkpoints/biapy-py_v1_0-checkpoint-best.pth
[18:19:04.262422] [Val] best loss: 0.3470 best  IoU (F channel): 0.0000 IoU (C channel): 0.0000 L1 (Db channel): 0.4445 L1 (Dn channel): 0.3326 
[18:19:04.269534] Creating training plots . . .
[18:19:12.489057] [Time] 4.2m 21.5m/2.2h

[18:19:12.489089] ~~~ Epoch 6/30 ~~~

[18:19:17.705805] Epoch: [6]  [  0/458]  eta: 0:39:45  loss: 0.2822 (0.2822)  IoU (F channel): 0.0000 (0.0000)  IoU (C channel): 0.0000 (0.0000)  L1 (Db channel): 0.4377 (0.4377)  L1 (Dn channel): 0.3390 (0.3390)  lr: 0.000604  iter-time: 5.2086
[18:19:23.021535] Epoch: [6]  [ 10/458]  eta: 0:07:08  loss: 0.3193 (0.3819)  IoU (F channel): 0.0000 (0.0000)  IoU (C channel): 0.0000 (0.0000)  L1 (Db channel): 0.4508 (0.4476)  L1 (Dn channel): 0.3486 (0.3469)  lr: 0.000608  iter-time: 0.9567
[18:19:27.877121] Epoch: [6]  [ 20/458]  eta: 0:05:20  loss: 0.2971 (0.3491)  IoU (F channel): 0.0000 (0.0000)  IoU (C channel): 0.0000 (0.0000)  L1 (Db channel): 0.4562 (0.4489)  L1 (Dn channel): 0.3488 (0.3481)  lr: 0.000611  iter-time: 0.5085
[18:19:33.129124] Epoch: [6]  [ 30/458]  eta: 0:04:44  loss: 0.2899 (0.3464)  IoU (F channel): 0.0000 (0.0000)  IoU (C channel): 0.0000 (0.0000)  L1 (Db channel): 0.4510 (0.4481)  L1 (Dn channel): 0.3509 (0.3498)  lr: 0.000615  iter-time: 0.5053
[18:19:37.945237] Epoch: [6]  [ 40/458]  eta: 0:04:19  loss: 0.3126 (0.3478)  IoU (F channel): 0.0000 (0.0000)  IoU (C channel): 0.0000 (0.0000)  L1 (Db channel): 0.4306 (0.4424)  L1 (Dn channel): 0.3491 (0.3487)  lr: 0.000618  iter-time: 0.5033
[18:19:42.516931] Epoch: [6]  [ 50/458]  eta: 0:04:00  loss: 0.3373 (0.3546)  IoU (F channel): 0.0000 (0.0000)  IoU (C channel): 0.0000 (0.0000)  L1 (Db channel): 0.4171 (0.4382)  L1 (Dn channel): 0.3443 (0.3474)  lr: 0.000622  iter-time: 0.4693
[18:19:47.743786] Epoch: [6]  [ 60/458]  eta: 0:03:49  loss: 0.3508 (0.3521)  IoU (F channel): 0.0000 (0.0000)  IoU (C channel): 0.0000 (0.0000)  L1 (Db channel): 0.4163 (0.4339)  L1 (Dn channel): 0.3411 (0.3468)  lr: 0.000625  iter-time: 0.4899
[18:19:52.336965] Epoch: [6]  [ 70/458]  eta: 0:03:37  loss: 0.3369 (0.3549)  IoU (F channel): 0.0000 (0.0000)  IoU (C channel): 0.0000 (0.0000)  L1 (Db channel): 0.4209 (0.4332)  L1 (Dn channel): 0.3453 (0.3472)  lr: 0.000629  iter-time: 0.4909
[18:19:57.492285] Epoch: [6]  [ 80/458]  eta: 0:03:29  loss: 0.3347 (0.3569)  IoU (F channel): 0.0000 (0.0000)  IoU (C channel): 0.0000 (0.0000)  L1 (Db channel): 0.4215 (0.4306)  L1 (Dn channel): 0.3415 (0.3460)  lr: 0.000633  iter-time: 0.4874
[18:20:01.980154] Epoch: [6]  [ 90/458]  eta: 0:03:20  loss: 0.3250 (0.3563)  IoU (F channel): 0.0000 (0.0000)  IoU (C channel): 0.0000 (0.0000)  L1 (Db channel): 0.4266 (0.4322)  L1 (Dn channel): 0.3390 (0.3456)  lr: 0.000636  iter-time: 0.4821
[18:20:06.683013] Epoch: [6]  [100/458]  eta: 0:03:12  loss: 0.3031 (0.3521)  IoU (F channel): 0.0000 (0.0000)  IoU (C channel): 0.0000 (0.0000)  L1 (Db channel): 0.4415 (0.4328)  L1 (Dn channel): 0.3455 (0.3458)  lr: 0.000640  iter-time: 0.4595
[18:20:11.668740] Epoch: [6]  [110/458]  eta: 0:03:05  loss: 0.2810 (0.3479)  IoU (F channel): 0.0000 (0.0000)  IoU (C channel): 0.0000 (0.0000)  L1 (Db channel): 0.4313 (0.4328)  L1 (Dn channel): 0.3455 (0.3457)  lr: 0.000643  iter-time: 0.4843
[18:20:16.686573] Epoch: [6]  [120/458]  eta: 0:02:59  loss: 0.2810 (0.3482)  IoU (F channel): 0.0000 (0.0000)  IoU (C channel): 0.0000 (0.0000)  L1 (Db channel): 0.4385 (0.4339)  L1 (Dn channel): 0.3510 (0.3466)  lr: 0.000647  iter-time: 0.5001
[18:20:21.434293] Epoch: [6]  [130/458]  eta: 0:02:52  loss: 0.3394 (0.3515)  IoU (F channel): 0.0000 (0.0000)  IoU (C channel): 0.0000 (0.0000)  L1 (Db channel): 0.4287 (0.4318)  L1 (Dn channel): 0.3520 (0.3463)  lr: 0.000650  iter-time: 0.4882
[18:20:26.677814] Epoch: [6]  [140/458]  eta: 0:02:47  loss: 0.3394 (0.3498)  IoU (F channel): 0.0000 (0.0000)  IoU (C channel): 0.0000 (0.0000)  L1 (Db channel): 0.4020 (0.4294)  L1 (Dn channel): 0.3402 (0.3459)  lr: 0.000654  iter-time: 0.4995
[18:20:31.354068] Epoch: [6]  [150/458]  eta: 0:02:40  loss: 0.3361 (0.3540)  IoU (F channel): 0.0000 (0.0000)  IoU (C channel): 0.0000 (0.0000)  L1 (Db channel): 0.4129 (0.4289)  L1 (Dn channel): 0.3499 (0.3466)  lr: 0.000657  iter-time: 0.4959
[18:20:35.855954] Epoch: [6]  [160/458]  eta: 0:02:34  loss: 0.3580 (0.3533)  IoU (F channel): 0.0000 (0.0000)  IoU (C channel): 0.0000 (0.0000)  L1 (Db channel): 0.4326 (0.4304)  L1 (Dn channel): 0.3532 (0.3469)  lr: 0.000661  iter-time: 0.4588
[18:20:40.454551] Epoch: [6]  [170/458]  eta: 0:02:28  loss: 0.3408 (0.3534)  IoU (F channel): 0.0000 (0.0000)  IoU (C channel): 0.0000 (0.0000)  L1 (Db channel): 0.4419 (0.4309)  L1 (Dn channel): 0.3516 (0.3474)  lr: 0.000664  iter-time: 0.4550
[18:20:45.902745] Epoch: [6]  [180/458]  eta: 0:02:23  loss: 0.3538 (0.3524)  IoU (F channel): 0.0000 (0.0000)  IoU (C channel): 0.0000 (0.0000)  L1 (Db channel): 0.4351 (0.4312)  L1 (Dn channel): 0.3606 (0.3484)  lr: 0.000668  iter-time: 0.5022
[18:20:50.947048] Epoch: [6]  [190/458]  eta: 0:02:18  loss: 0.3216 (0.3531)  IoU (F channel): 0.0000 (0.0000)  IoU (C channel): 0.0000 (0.0000)  L1 (Db channel): 0.4198 (0.4301)  L1 (Dn channel): 0.3654 (0.3491)  lr: 0.000671  iter-time: 0.5245
[18:20:55.793972] Epoch: [6]  [200/458]  eta: 0:02:12  loss: 0.2997 (0.3523)  IoU (F channel): 0.0000 (0.0000)  IoU (C channel): 0.0000 (0.0000)  L1 (Db channel): 0.4135 (0.4298)  L1 (Dn channel): 0.3609 (0.3497)  lr: 0.000675  iter-time: 0.4945
[18:21:01.042018] Epoch: [6]  [210/458]  eta: 0:02:07  loss: 0.3044 (0.3522)  IoU (F channel): 0.0000 (0.0000)  IoU (C channel): 0.0000 (0.0000)  L1 (Db channel): 0.3937 (0.4271)  L1 (Dn channel): 0.3584 (0.3497)  lr: 0.000678  iter-time: 0.5047
[18:21:05.940063] Epoch: [6]  [220/458]  eta: 0:02:02  loss: 0.3311 (0.3537)  IoU (F channel): 0.0000 (0.0000)  IoU (C channel): 0.0000 (0.0000)  L1 (Db channel): 0.3589 (0.4236)  L1 (Dn channel): 0.3470 (0.3495)  lr: 0.000682  iter-time: 0.5072
[18:21:10.672879] Epoch: [6]  [230/458]  eta: 0:01:56  loss: 0.3311 (0.3531)  IoU (F channel): 0.0000 (0.0000)  IoU (C channel): 0.0000 (0.0000)  L1 (Db channel): 0.3520 (0.4206)  L1 (Dn channel): 0.3493 (0.3497)  lr: 0.000685  iter-time: 0.4815
[18:21:15.312337] Epoch: [6]  [240/458]  eta: 0:01:51  loss: 0.2907 (0.3523)  IoU (F channel): 0.0000 (0.0000)  IoU (C channel): 0.0000 (0.0000)  L1 (Db channel): 0.3592 (0.4183)  L1 (Dn channel): 0.3547 (0.3500)  lr: 0.000688  iter-time: 0.4685
[18:21:20.025766] Epoch: [6]  [250/458]  eta: 0:01:45  loss: 0.2618 (0.3491)  IoU (F channel): 0.0000 (0.0000)  IoU (C channel): 0.0000 (0.0000)  L1 (Db channel): 0.3590 (0.4161)  L1 (Dn channel): 0.3564 (0.3505)  lr: 0.000692  iter-time: 0.4676
[18:21:24.786808] Epoch: [6]  [260/458]  eta: 0:01:40  loss: 0.2725 (0.3472)  IoU (F channel): 0.0000 (0.0000)  IoU (C channel): 0.0000 (0.0000)  L1 (Db channel): 0.3696 (0.4145)  L1 (Dn channel): 0.3618 (0.3509)  lr: 0.000695  iter-time: 0.4736
[18:21:29.475860] Epoch: [6]  [270/458]  eta: 0:01:35  loss: 0.2612 (0.3444)  IoU (F channel): 0.0000 (0.0000)  IoU (C channel): 0.0000 (0.0000)  L1 (Db channel): 0.3797 (0.4133)  L1 (Dn channel): 0.3568 (0.3511)  lr: 0.000699  iter-time: 0.4724
[18:21:34.088505] Epoch: [6]  [280/458]  eta: 0:01:29  loss: 0.2390 (0.3435)  IoU (F channel): 0.0000 (0.0000)  IoU (C channel): 0.0000 (0.0000)  L1 (Db channel): 0.3932 (0.4131)  L1 (Dn channel): 0.3553 (0.3513)  lr: 0.000702  iter-time: 0.4650
[18:21:38.784436] Epoch: [6]  [290/458]  eta: 0:01:24  loss: 0.2494 (0.3430)  IoU (F channel): 0.0000 (0.0000)  IoU (C channel): 0.0000 (0.0000)  L1 (Db channel): 0.4076 (0.4129)  L1 (Dn channel): 0.3559 (0.3515)  lr: 0.000706  iter-time: 0.4648
[18:21:43.397114] Epoch: [6]  [300/458]  eta: 0:01:19  loss: 0.2908 (0.3423)  IoU (F channel): 0.0000 (0.0000)  IoU (C channel): 0.0000 (0.0000)  L1 (Db channel): 0.4093 (0.4128)  L1 (Dn channel): 0.3569 (0.3516)  lr: 0.000709  iter-time: 0.4648
[18:21:47.895679] Epoch: [6]  [310/458]  eta: 0:01:13  loss: 0.3060 (0.3409)  IoU (F channel): 0.0000 (0.0000)  IoU (C channel): 0.0000 (0.0000)  L1 (Db channel): 0.4105 (0.4129)  L1 (Dn channel): 0.3544 (0.3517)  lr: 0.000712  iter-time: 0.4555
[18:21:52.510865] Epoch: [6]  [320/458]  eta: 0:01:08  loss: 0.2743 (0.3395)  IoU (F channel): 0.0000 (0.0000)  IoU (C channel): 0.0000 (0.0000)  L1 (Db channel): 0.4164 (0.4129)  L1 (Dn channel): 0.3514 (0.3516)  lr: 0.000716  iter-time: 0.4556
[18:21:58.212775] Epoch: [6]  [330/458]  eta: 0:01:04  loss: 0.2746 (0.3406)  IoU (F channel): 0.0000 (0.0001)  IoU (C channel): 0.0000 (0.0001)  L1 (Db channel): 0.3699 (0.4110)  L1 (Dn channel): 0.3502 (0.3515)  lr: 0.000719  iter-time: 0.5158
[18:22:02.749004] Epoch: [6]  [340/458]  eta: 0:00:58  loss: 0.3407 (0.3418)  IoU (F channel): 0.0000 (0.0001)  IoU (C channel): 0.0000 (0.0001)  L1 (Db channel): 0.3699 (0.4108)  L1 (Dn channel): 0.3412 (0.3511)  lr: 0.000722  iter-time: 0.5118
[18:22:07.219433] Epoch: [6]  [350/458]  eta: 0:00:53  loss: 0.2895 (0.3405)  IoU (F channel): 0.0000 (0.0001)  IoU (C channel): 0.0000 (0.0001)  L1 (Db channel): 0.3896 (0.4101)  L1 (Dn channel): 0.3402 (0.3509)  lr: 0.000726  iter-time: 0.4496
[18:22:11.918915] Epoch: [6]  [360/458]  eta: 0:00:48  loss: 0.2593 (0.3398)  IoU (F channel): 0.0000 (0.0001)  IoU (C channel): 0.0000 (0.0001)  L1 (Db channel): 0.3896 (0.4095)  L1 (Dn channel): 0.3420 (0.3507)  lr: 0.000729  iter-time: 0.4578
[18:22:16.888867] Epoch: [6]  [370/458]  eta: 0:00:43  loss: 0.2935 (0.3394)  IoU (F channel): 0.0000 (0.0001)  IoU (C channel): 0.0000 (0.0001)  L1 (Db channel): 0.3922 (0.4093)  L1 (Dn channel): 0.3418 (0.3504)  lr: 0.000732  iter-time: 0.4834
[18:22:22.058708] Epoch: [6]  [380/458]  eta: 0:00:38  loss: 0.2554 (0.3379)  IoU (F channel): 0.0000 (0.0001)  IoU (C channel): 0.0000 (0.0001)  L1 (Db channel): 0.4094 (0.4100)  L1 (Dn channel): 0.3443 (0.3504)  lr: 0.000735  iter-time: 0.5069
[18:22:26.735943] Epoch: [6]  [390/458]  eta: 0:00:33  loss: 0.2554 (0.3376)  IoU (F channel): 0.0000 (0.0001)  IoU (C channel): 0.0000 (0.0001)  L1 (Db channel): 0.4504 (0.4115)  L1 (Dn channel): 0.3540 (0.3505)  lr: 0.000739  iter-time: 0.4923
[18:22:31.475835] Epoch: [6]  [400/458]  eta: 0:00:28  loss: 0.2590 (0.3365)  IoU (F channel): 0.0000 (0.0001)  IoU (C channel): 0.0000 (0.0001)  L1 (Db channel): 0.4111 (0.4111)  L1 (Dn channel): 0.3450 (0.3503)  lr: 0.000742  iter-time: 0.4708
[18:22:36.070526] Epoch: [6]  [410/458]  eta: 0:00:23  loss: 0.2438 (0.3356)  IoU (F channel): 0.0000 (0.0001)  IoU (C channel): 0.0000 (0.0001)  L1 (Db channel): 0.4046 (0.4118)  L1 (Dn channel): 0.3431 (0.3503)  lr: 0.000745  iter-time: 0.4666
[18:22:41.026159] Epoch: [6]  [420/458]  eta: 0:00:18  loss: 0.2246 (0.3364)  IoU (F channel): 0.0000 (0.0001)  IoU (C channel): 0.0000 (0.0001)  L1 (Db channel): 0.4570 (0.4132)  L1 (Dn channel): 0.3551 (0.3505)  lr: 0.000748  iter-time: 0.4774
[18:22:46.248977] Epoch: [6]  [430/458]  eta: 0:00:13  loss: 0.2867 (0.3356)  IoU (F channel): 0.0000 (0.0001)  IoU (C channel): 0.0000 (0.0001)  L1 (Db channel): 0.4465 (0.4135)  L1 (Dn channel): 0.3587 (0.3507)  lr: 0.000752  iter-time: 0.5088
[18:22:50.921632] Epoch: [6]  [440/458]  eta: 0:00:08  loss: 0.2731 (0.3347)  IoU (F channel): 0.0000 (0.0001)  IoU (C channel): 0.0000 (0.0001)  L1 (Db channel): 0.4058 (0.4130)  L1 (Dn channel): 0.3558 (0.3506)  lr: 0.000755  iter-time: 0.4947
[18:22:55.484070] Epoch: [6]  [450/458]  eta: 0:00:03  loss: 0.2334 (0.3333)  IoU (F channel): 0.0000 (0.0001)  IoU (C channel): 0.0000 (0.0001)  L1 (Db channel): 0.3979 (0.4128)  L1 (Dn channel): 0.3482 (0.3505)  lr: 0.000758  iter-time: 0.4617
[18:22:58.400591] Epoch: [6]  [457/458]  eta: 0:00:00  loss: 0.2348 (0.3332)  IoU (F channel): 0.0000 (0.0001)  IoU (C channel): 0.0000 (0.0001)  L1 (Db channel): 0.4002 (0.4131)  L1 (Dn channel): 0.3499 (0.3508)  lr: 0.000760  iter-time: 0.4431
[18:22:59.180240] Epoch: [6] Total time: 0:03:46 (0.4950 s / it)
[18:22:59.180611] [Train] averaged stats: loss: 0.2348 (0.3332)  IoU (F channel): 0.0000 (0.0001)  IoU (C channel): 0.0000 (0.0001)  L1 (Db channel): 0.4002 (0.4131)  L1 (Dn channel): 0.3499 (0.3508)  lr: 0.000760
[18:23:03.300747] Epoch: [6]  [ 0/52]  eta: 0:03:34  loss: 0.0350 (0.0350)  IoU (F channel): 0.0000 (0.0000)  IoU (C channel): 0.0000 (0.0000)  L1 (Db channel): 0.5199 (0.5199)  L1 (Dn channel): 0.5144 (0.5144)  iter-time: 4.1189
[18:23:04.950536] Epoch: [6]  [10/52]  eta: 0:00:22  loss: 0.2393 (0.2176)  IoU (F channel): 0.0000 (0.0000)  IoU (C channel): 0.0000 (0.0000)  L1 (Db channel): 0.4987 (0.4858)  L1 (Dn channel): 0.4501 (0.4172)  iter-time: 0.5244
[18:23:06.576636] Epoch: [6]  [20/52]  eta: 0:00:11  loss: 0.3554 (0.3036)  IoU (F channel): 0.0000 (0.0000)  IoU (C channel): 0.0000 (0.0000)  L1 (Db channel): 0.3847 (0.4257)  L1 (Dn channel): 0.2702 (0.3277)  iter-time: 0.1638
[18:23:08.199987] Epoch: [6]  [30/52]  eta: 0:00:06  loss: 0.3431 (0.2551)  IoU (F channel): 0.0000 (0.0000)  IoU (C channel): 0.0000 (0.0000)  L1 (Db channel): 0.3847 (0.4436)  L1 (Dn channel): 0.2720 (0.3639)  iter-time: 0.1624
[18:23:09.854445] Epoch: [6]  [40/52]  eta: 0:00:03  loss: 0.2604 (0.3048)  IoU (F channel): 0.0000 (0.0000)  IoU (C channel): 0.0000 (0.0000)  L1 (Db channel): 0.3999 (0.4126)  L1 (Dn channel): 0.3180 (0.3404)  iter-time: 0.1638
[18:23:11.424478] Epoch: [6]  [50/52]  eta: 0:00:00  loss: 0.4192 (0.3096)  IoU (F channel): 0.0000 (0.0000)  IoU (C channel): 0.0000 (0.0000)  L1 (Db channel): 0.3303 (0.4134)  L1 (Dn channel): 0.2680 (0.3434)  iter-time: 0.1612
[18:23:11.515783] Epoch: [6]  [51/52]  eta: 0:00:00  loss: 0.3659 (0.3044)  IoU (F channel): 0.0000 (0.0000)  IoU (C channel): 0.0000 (0.0000)  L1 (Db channel): 0.3303 (0.4156)  L1 (Dn channel): 0.2680 (0.3461)  iter-time: 0.1579
[18:23:12.265007] Epoch: [6] Total time: 0:00:13 (0.2516 s / it)
[18:23:12.265033] [Val] averaged stats: loss: 0.3659 (0.3044)  IoU (F channel): 0.0000 (0.0000)  IoU (C channel): 0.0000 (0.0000)  L1 (Db channel): 0.3303 (0.4156)  L1 (Dn channel): 0.2680 (0.3461)
[18:23:12.265435] Val loss improved from 0.34699739100268256 to 0.30437440145760775, saving model to metrics/biapy/biapy-py_v1/checkpoints/biapy-py_v1_0-checkpoint-best.pth
[18:23:12.379226] [Val] best loss: 0.3044 best  IoU (F channel): 0.0000 IoU (C channel): 0.0000 L1 (Db channel): 0.4156 L1 (Dn channel): 0.3461 
[18:23:12.387751] [Time] 4.0m 25.5m/2.1h

[18:23:12.387763] ~~~ Epoch 7/30 ~~~

[18:23:17.734508] Epoch: [7]  [  0/458]  eta: 0:40:48  loss: 0.2535 (0.2535)  IoU (F channel): 0.0000 (0.0000)  IoU (C channel): 0.0000 (0.0000)  L1 (Db channel): 0.4205 (0.4205)  L1 (Dn channel): 0.3586 (0.3586)  lr: 0.000761  iter-time: 5.3454
[18:23:23.045756] Epoch: [7]  [ 10/458]  eta: 0:07:13  loss: 0.2229 (0.2659)  IoU (F channel): 0.0000 (0.0000)  IoU (C channel): 0.0000 (0.0000)  L1 (Db channel): 0.3895 (0.3900)  L1 (Dn channel): 0.3644 (0.3656)  lr: 0.000764  iter-time: 0.9687
[18:23:28.100078] Epoch: [7]  [ 20/458]  eta: 0:05:27  loss: 0.2690 (0.3054)  IoU (F channel): 0.0000 (0.0000)  IoU (C channel): 0.0000 (0.0000)  L1 (Db channel): 0.3927 (0.3974)  L1 (Dn channel): 0.3634 (0.3606)  lr: 0.000767  iter-time: 0.5182
[18:23:32.906460] Epoch: [7]  [ 30/458]  eta: 0:04:43  loss: 0.2745 (0.2943)  IoU (F channel): 0.0000 (0.0000)  IoU (C channel): 0.0000 (0.0000)  L1 (Db channel): 0.4100 (0.3988)  L1 (Dn channel): 0.3545 (0.3583)  lr: 0.000770  iter-time: 0.4924
[18:23:37.511553] Epoch: [7]  [ 40/458]  eta: 0:04:15  loss: 0.2709 (0.2972)  IoU (F channel): 0.0000 (0.0000)  IoU (C channel): 0.0000 (0.0000)  L1 (Db channel): 0.3965 (0.3977)  L1 (Dn channel): 0.3581 (0.3589)  lr: 0.000773  iter-time: 0.4699
[18:23:42.179861] Epoch: [7]  [ 50/458]  eta: 0:03:58  loss: 0.2739 (0.3028)  IoU (F channel): 0.0000 (0.0000)  IoU (C channel): 0.0000 (0.0000)  L1 (Db channel): 0.4051 (0.4009)  L1 (Dn channel): 0.3597 (0.3586)  lr: 0.000776  iter-time: 0.4636
[18:23:47.153806] Epoch: [7]  [ 60/458]  eta: 0:03:46  loss: 0.2804 (0.2999)  IoU (F channel): 0.0000 (0.0000)  IoU (C channel): 0.0000 (0.0000)  L1 (Db channel): 0.4117 (0.4026)  L1 (Dn channel): 0.3566 (0.3582)  lr: 0.000779  iter-time: 0.4820
[18:23:52.707431] Epoch: [7]  [ 70/458]  eta: 0:03:40  loss: 0.2942 (0.3152)  IoU (F channel): 0.0000 (0.0000)  IoU (C channel): 0.0000 (0.0001)  L1 (Db channel): 0.4141 (0.4060)  L1 (Dn channel): 0.3603 (0.3595)  lr: 0.000782  iter-time: 0.5263
[18:23:57.241581] Epoch: [7]  [ 80/458]  eta: 0:03:29  loss: 0.3003 (0.3127)  IoU (F channel): 0.0000 (0.0000)  IoU (C channel): 0.0000 (0.0001)  L1 (Db channel): 0.4406 (0.4115)  L1 (Dn channel): 0.3668 (0.3607)  lr: 0.000785  iter-time: 0.5043
[18:24:02.350878] Epoch: [7]  [ 90/458]  eta: 0:03:21  loss: 0.2769 (0.3089)  IoU (F channel): 0.0000 (0.0000)  IoU (C channel): 0.0000 (0.0001)  L1 (Db channel): 0.4246 (0.4116)  L1 (Dn channel): 0.3680 (0.3615)  lr: 0.000788  iter-time: 0.4821
[18:24:07.533715] Epoch: [7]  [100/458]  eta: 0:03:15  loss: 0.2553 (0.3005)  IoU (F channel): 0.0000 (0.0000)  IoU (C channel): 0.0000 (0.0001)  L1 (Db channel): 0.4226 (0.4134)  L1 (Dn channel): 0.3713 (0.3627)  lr: 0.000791  iter-time: 0.5145
[18:24:12.139044] Epoch: [7]  [110/458]  eta: 0:03:07  loss: 0.2553 (0.3075)  IoU (F channel): 0.0000 (0.0000)  IoU (C channel): 0.0000 (0.0001)  L1 (Db channel): 0.4377 (0.4159)  L1 (Dn channel): 0.3745 (0.3637)  lr: 0.000794  iter-time: 0.4893
[18:24:16.766829] Epoch: [7]  [120/458]  eta: 0:02:59  loss: 0.2928 (0.3047)  IoU (F channel): 0.0000 (0.0000)  IoU (C channel): 0.0000 (0.0001)  L1 (Db channel): 0.4339 (0.4152)  L1 (Dn channel): 0.3667 (0.3637)  lr: 0.000797  iter-time: 0.4616
[18:24:21.717210] Epoch: [7]  [130/458]  eta: 0:02:53  loss: 0.2669 (0.3048)  IoU (F channel): 0.0000 (0.0000)  IoU (C channel): 0.0000 (0.0001)  L1 (Db channel): 0.3994 (0.4144)  L1 (Dn channel): 0.3655 (0.3639)  lr: 0.000800  iter-time: 0.4788
[18:24:26.749440] Epoch: [7]  [140/458]  eta: 0:02:47  loss: 0.2383 (0.3017)  IoU (F channel): 0.0000 (0.0000)  IoU (C channel): 0.0000 (0.0000)  L1 (Db channel): 0.4033 (0.4138)  L1 (Dn channel): 0.3655 (0.3637)  lr: 0.000803  iter-time: 0.4987
[18:24:31.418422] Epoch: [7]  [150/458]  eta: 0:02:41  loss: 0.2426 (0.2999)  IoU (F channel): 0.0000 (0.0000)  IoU (C channel): 0.0000 (0.0000)  L1 (Db channel): 0.3984 (0.4129)  L1 (Dn channel): 0.3626 (0.3638)  lr: 0.000806  iter-time: 0.4841
[18:24:36.479381] Epoch: [7]  [160/458]  eta: 0:02:35  loss: 0.2426 (0.2981)  IoU (F channel): 0.0000 (0.0000)  IoU (C channel): 0.0000 (0.0000)  L1 (Db channel): 0.4010 (0.4134)  L1 (Dn channel): 0.3639 (0.3638)  lr: 0.000809  iter-time: 0.4853
[18:24:40.964455] Epoch: [7]  [170/458]  eta: 0:02:29  loss: 0.2401 (0.2957)  IoU (F channel): 0.0000 (0.0000)  IoU (C channel): 0.0000 (0.0000)  L1 (Db channel): 0.4322 (0.4147)  L1 (Dn channel): 0.3621 (0.3636)  lr: 0.000812  iter-time: 0.4760
[18:24:45.802050] Epoch: [7]  [180/458]  eta: 0:02:23  loss: 0.2977 (0.2975)  IoU (F channel): 0.0000 (0.0000)  IoU (C channel): 0.0000 (0.0000)  L1 (Db channel): 0.3926 (0.4133)  L1 (Dn channel): 0.3554 (0.3629)  lr: 0.000815  iter-time: 0.4650
[18:24:50.744128] Epoch: [7]  [190/458]  eta: 0:02:17  loss: 0.2849 (0.2960)  IoU (F channel): 0.0000 (0.0000)  IoU (C channel): 0.0000 (0.0000)  L1 (Db channel): 0.3929 (0.4129)  L1 (Dn channel): 0.3533 (0.3626)  lr: 0.000818  iter-time: 0.4884
[18:24:55.590533] Epoch: [7]  [200/458]  eta: 0:02:12  loss: 0.2849 (0.2972)  IoU (F channel): 0.0000 (0.0000)  IoU (C channel): 0.0000 (0.0000)  L1 (Db channel): 0.4077 (0.4127)  L1 (Dn channel): 0.3569 (0.3624)  lr: 0.000821  iter-time: 0.4893
[18:25:00.707948] Epoch: [7]  [210/458]  eta: 0:02:07  loss: 0.2650 (0.2956)  IoU (F channel): 0.0000 (0.0000)  IoU (C channel): 0.0000 (0.0000)  L1 (Db channel): 0.4078 (0.4122)  L1 (Dn channel): 0.3521 (0.3617)  lr: 0.000824  iter-time: 0.4981
[18:25:05.791983] Epoch: [7]  [220/458]  eta: 0:02:02  loss: 0.2561 (0.2957)  IoU (F channel): 0.0000 (0.0000)  IoU (C channel): 0.0000 (0.0000)  L1 (Db channel): 0.4120 (0.4124)  L1 (Dn channel): 0.3504 (0.3614)  lr: 0.000826  iter-time: 0.5100
[18:25:10.430325] Epoch: [7]  [230/458]  eta: 0:01:56  loss: 0.2551 (0.2941)  IoU (F channel): 0.0000 (0.0000)  IoU (C channel): 0.0000 (0.0000)  L1 (Db channel): 0.4186 (0.4133)  L1 (Dn channel): 0.3541 (0.3612)  lr: 0.000829  iter-time: 0.4861
[18:25:14.939796] Epoch: [7]  [240/458]  eta: 0:01:50  loss: 0.2380 (0.2933)  IoU (F channel): 0.0000 (0.0000)  IoU (C channel): 0.0000 (0.0000)  L1 (Db channel): 0.4186 (0.4133)  L1 (Dn channel): 0.3570 (0.3610)  lr: 0.000832  iter-time: 0.4573
[18:25:20.075888] Epoch: [7]  [250/458]  eta: 0:01:45  loss: 0.2380 (0.2906)  IoU (F channel): 0.0000 (0.0000)  IoU (C channel): 0.0000 (0.0000)  L1 (Db channel): 0.3855 (0.4117)  L1 (Dn channel): 0.3528 (0.3605)  lr: 0.000835  iter-time: 0.4822
[18:25:24.644319] Epoch: [7]  [260/458]  eta: 0:01:40  loss: 0.2154 (0.2901)  IoU (F channel): 0.0000 (0.0000)  IoU (C channel): 0.0000 (0.0000)  L1 (Db channel): 0.3830 (0.4110)  L1 (Dn channel): 0.3514 (0.3602)  lr: 0.000838  iter-time: 0.4851
[18:25:29.119942] Epoch: [7]  [270/458]  eta: 0:01:34  loss: 0.2299 (0.2894)  IoU (F channel): 0.0000 (0.0000)  IoU (C channel): 0.0000 (0.0000)  L1 (Db channel): 0.3861 (0.4096)  L1 (Dn channel): 0.3532 (0.3596)  lr: 0.000840  iter-time: 0.4521
[18:25:34.318830] Epoch: [7]  [280/458]  eta: 0:01:29  loss: 0.2343 (0.2899)  IoU (F channel): 0.0000 (0.0000)  IoU (C channel): 0.0000 (0.0000)  L1 (Db channel): 0.3567 (0.4076)  L1 (Dn channel): 0.3295 (0.3585)  lr: 0.000843  iter-time: 0.4837
[18:25:40.120489] Epoch: [7]  [290/458]  eta: 0:01:25  loss: 0.2450 (0.2902)  IoU (F channel): 0.0000 (0.0000)  IoU (C channel): 0.0000 (0.0000)  L1 (Db channel): 0.3849 (0.4082)  L1 (Dn channel): 0.3267 (0.3574)  lr: 0.000846  iter-time: 0.5500
[18:25:44.784777] Epoch: [7]  [300/458]  eta: 0:01:19  loss: 0.3162 (0.2926)  IoU (F channel): 0.0000 (0.0000)  IoU (C channel): 0.0000 (0.0000)  L1 (Db channel): 0.4285 (0.4088)  L1 (Dn channel): 0.3295 (0.3566)  lr: 0.000848  iter-time: 0.5232
[18:25:49.309388] Epoch: [7]  [310/458]  eta: 0:01:14  loss: 0.3026 (0.2903)  IoU (F channel): 0.0000 (0.0000)  IoU (C channel): 0.0000 (0.0000)  L1 (Db channel): 0.4276 (0.4092)  L1 (Dn channel): 0.3386 (0.3563)  lr: 0.000851  iter-time: 0.4594
[18:25:54.494268] Epoch: [7]  [320/458]  eta: 0:01:09  loss: 0.2232 (0.2887)  IoU (F channel): 0.0000 (0.0000)  IoU (C channel): 0.0000 (0.0000)  L1 (Db channel): 0.4189 (0.4096)  L1 (Dn channel): 0.3459 (0.3559)  lr: 0.000854  iter-time: 0.4854
[18:25:59.157699] Epoch: [7]  [330/458]  eta: 0:01:04  loss: 0.2372 (0.2871)  IoU (F channel): 0.0000 (0.0000)  IoU (C channel): 0.0000 (0.0000)  L1 (Db channel): 0.4109 (0.4093)  L1 (Dn channel): 0.3441 (0.3556)  lr: 0.000856  iter-time: 0.4924
[18:26:03.850390] Epoch: [7]  [340/458]  eta: 0:00:59  loss: 0.2555 (0.2868)  IoU (F channel): 0.0000 (0.0000)  IoU (C channel): 0.0000 (0.0000)  L1 (Db channel): 0.4169 (0.4099)  L1 (Dn channel): 0.3444 (0.3553)  lr: 0.000859  iter-time: 0.4671
[18:26:08.446052] Epoch: [7]  [350/458]  eta: 0:00:54  loss: 0.2330 (0.2863)  IoU (F channel): 0.0000 (0.0000)  IoU (C channel): 0.0000 (0.0000)  L1 (Db channel): 0.4380 (0.4109)  L1 (Dn channel): 0.3478 (0.3551)  lr: 0.000862  iter-time: 0.4637
[18:26:13.183029] Epoch: [7]  [360/458]  eta: 0:00:49  loss: 0.2157 (0.2856)  IoU (F channel): 0.0000 (0.0000)  IoU (C channel): 0.0000 (0.0000)  L1 (Db channel): 0.4337 (0.4114)  L1 (Dn channel): 0.3484 (0.3549)  lr: 0.000864  iter-time: 0.4665
[18:26:18.042821] Epoch: [7]  [370/458]  eta: 0:00:44  loss: 0.2788 (0.2873)  IoU (F channel): 0.0000 (0.0000)  IoU (C channel): 0.0000 (0.0000)  L1 (Db channel): 0.4326 (0.4118)  L1 (Dn channel): 0.3489 (0.3548)  lr: 0.000867  iter-time: 0.4798
[18:26:22.615623] Epoch: [7]  [380/458]  eta: 0:00:38  loss: 0.3097 (0.2882)  IoU (F channel): 0.0000 (0.0000)  IoU (C channel): 0.0000 (0.0000)  L1 (Db channel): 0.3933 (0.4101)  L1 (Dn channel): 0.3450 (0.3544)  lr: 0.000869  iter-time: 0.4715
[18:26:27.264810] Epoch: [7]  [390/458]  eta: 0:00:33  loss: 0.2683 (0.2888)  IoU (F channel): 0.0000 (0.0000)  IoU (C channel): 0.0000 (0.0000)  L1 (Db channel): 0.3399 (0.4083)  L1 (Dn channel): 0.3420 (0.3543)  lr: 0.000872  iter-time: 0.4610
[18:26:32.053391] Epoch: [7]  [400/458]  eta: 0:00:28  loss: 0.2236 (0.2888)  IoU (F channel): 0.0000 (0.0000)  IoU (C channel): 0.0000 (0.0000)  L1 (Db channel): 0.3514 (0.4074)  L1 (Dn channel): 0.3510 (0.3542)  lr: 0.000874  iter-time: 0.4718
[18:26:36.690394] Epoch: [7]  [410/458]  eta: 0:00:23  loss: 0.2236 (0.2898)  IoU (F channel): 0.0000 (0.0001)  IoU (C channel): 0.0000 (0.0001)  L1 (Db channel): 0.3575 (0.4061)  L1 (Dn channel): 0.3450 (0.3540)  lr: 0.000877  iter-time: 0.4706
[18:26:41.925622] Epoch: [7]  [420/458]  eta: 0:00:18  loss: 0.2570 (0.2893)  IoU (F channel): 0.0000 (0.0001)  IoU (C channel): 0.0000 (0.0001)  L1 (Db channel): 0.3541 (0.4049)  L1 (Dn channel): 0.3346 (0.3534)  lr: 0.000879  iter-time: 0.4929
[18:26:46.697059] Epoch: [7]  [430/458]  eta: 0:00:13  loss: 0.2760 (0.2899)  IoU (F channel): 0.0000 (0.0001)  IoU (C channel): 0.0000 (0.0001)  L1 (Db channel): 0.3634 (0.4057)  L1 (Dn channel): 0.3303 (0.3529)  lr: 0.000881  iter-time: 0.5002
[18:26:51.595424] Epoch: [7]  [440/458]  eta: 0:00:08  loss: 0.2760 (0.2891)  IoU (F channel): 0.0000 (0.0001)  IoU (C channel): 0.0000 (0.0001)  L1 (Db channel): 0.4408 (0.4061)  L1 (Dn channel): 0.3338 (0.3525)  lr: 0.000884  iter-time: 0.4829
[18:26:56.855295] Epoch: [7]  [450/458]  eta: 0:00:03  loss: 0.2294 (0.2903)  IoU (F channel): 0.0000 (0.0001)  IoU (C channel): 0.0000 (0.0001)  L1 (Db channel): 0.3802 (0.4054)  L1 (Dn channel): 0.3343 (0.3521)  lr: 0.000886  iter-time: 0.5073
[18:26:59.701107] Epoch: [7]  [457/458]  eta: 0:00:00  loss: 0.2677 (0.2898)  IoU (F channel): 0.0000 (0.0001)  IoU (C channel): 0.0000 (0.0001)  L1 (Db channel): 0.3792 (0.4051)  L1 (Dn channel): 0.3323 (0.3518)  lr: 0.000888  iter-time: 0.4740
[18:27:00.417164] Epoch: [7] Total time: 0:03:48 (0.4979 s / it)
[18:27:00.417222] [Train] averaged stats: loss: 0.2677 (0.2898)  IoU (F channel): 0.0000 (0.0001)  IoU (C channel): 0.0000 (0.0001)  L1 (Db channel): 0.3792 (0.4051)  L1 (Dn channel): 0.3323 (0.3518)  lr: 0.000888
[18:27:03.966205] Epoch: [7]  [ 0/52]  eta: 0:03:04  loss: 0.0208 (0.0208)  IoU (F channel): 0.0000 (0.0000)  IoU (C channel): 0.0000 (0.0000)  L1 (Db channel): 0.4855 (0.4855)  L1 (Dn channel): 0.4212 (0.4212)  iter-time: 3.5472
[18:27:05.848886] Epoch: [7]  [10/52]  eta: 0:00:20  loss: 0.2523 (0.2051)  IoU (F channel): 0.0000 (0.0000)  IoU (C channel): 0.0000 (0.0000)  L1 (Db channel): 0.4475 (0.4432)  L1 (Dn channel): 0.3749 (0.3594)  iter-time: 0.4936
[18:27:07.441419] Epoch: [7]  [20/52]  eta: 0:00:10  loss: 0.3207 (0.2833)  IoU (F channel): 0.0000 (0.0000)  IoU (C channel): 0.0000 (0.0000)  L1 (Db channel): 0.3726 (0.4042)  L1 (Dn channel): 0.2724 (0.3065)  iter-time: 0.1737
[18:27:09.019964] Epoch: [7]  [30/52]  eta: 0:00:06  loss: 0.3176 (0.2352)  IoU (F channel): 0.0000 (0.0000)  IoU (C channel): 0.0000 (0.0000)  L1 (Db channel): 0.3726 (0.4195)  L1 (Dn channel): 0.2764 (0.3287)  iter-time: 0.1585
[18:27:10.630447] Epoch: [7]  [40/52]  eta: 0:00:02  loss: 0.2336 (0.2770)  IoU (F channel): 0.0000 (0.0000)  IoU (C channel): 0.0000 (0.0000)  L1 (Db channel): 0.3893 (0.4045)  L1 (Dn channel): 0.3057 (0.3152)  iter-time: 0.1594
[18:27:12.187615] Epoch: [7]  [50/52]  eta: 0:00:00  loss: 0.3698 (0.2802)  IoU (F channel): 0.0000 (0.0000)  IoU (C channel): 0.0000 (0.0000)  L1 (Db channel): 0.3623 (0.4072)  L1 (Dn channel): 0.2741 (0.3175)  iter-time: 0.1583
[18:27:12.278877] Epoch: [7]  [51/52]  eta: 0:00:00  loss: 0.3239 (0.2752)  IoU (F channel): 0.0000 (0.0000)  IoU (C channel): 0.0000 (0.0000)  L1 (Db channel): 0.3623 (0.4089)  L1 (Dn channel): 0.2741 (0.3192)  iter-time: 0.1551
[18:27:13.017722] Epoch: [7] Total time: 0:00:12 (0.2423 s / it)
[18:27:13.017756] [Val] averaged stats: loss: 0.3239 (0.2752)  IoU (F channel): 0.0000 (0.0000)  IoU (C channel): 0.0000 (0.0000)  L1 (Db channel): 0.3623 (0.4089)  L1 (Dn channel): 0.2741 (0.3192)
[18:27:13.018211] Val loss improved from 0.30437440145760775 to 0.27522210877102155, saving model to metrics/biapy/biapy-py_v1/checkpoints/biapy-py_v1_0-checkpoint-best.pth
[18:27:13.139104] [Val] best loss: 0.2752 best  IoU (F channel): 0.0000 IoU (C channel): 0.0000 L1 (Db channel): 0.4089 L1 (Dn channel): 0.3192 
[18:27:13.147102] [Time] 4.0m 29.5m/2.1h

[18:27:13.147116] ~~~ Epoch 8/30 ~~~

[18:27:19.271403] Epoch: [8]  [  0/458]  eta: 0:46:39  loss: 0.2290 (0.2290)  IoU (F channel): 0.0000 (0.0000)  IoU (C channel): 0.0000 (0.0000)  L1 (Db channel): 0.4000 (0.4000)  L1 (Dn channel): 0.3309 (0.3309)  lr: 0.000888  iter-time: 6.1119
[18:27:24.303016] Epoch: [8]  [ 10/458]  eta: 0:07:33  loss: 0.2290 (0.2587)  IoU (F channel): 0.0000 (0.0000)  IoU (C channel): 0.0000 (0.0000)  L1 (Db channel): 0.3991 (0.3950)  L1 (Dn channel): 0.3402 (0.3396)  lr: 0.000890  iter-time: 1.0130
[18:27:29.329957] Epoch: [8]  [ 20/458]  eta: 0:05:37  loss: 0.2401 (0.2608)  IoU (F channel): 0.0000 (0.0000)  IoU (C channel): 0.0000 (0.0000)  L1 (Db channel): 0.3955 (0.3988)  L1 (Dn channel): 0.3403 (0.3409)  lr: 0.000893  iter-time: 0.5029
[18:27:33.862030] Epoch: [8]  [ 30/458]  eta: 0:04:45  loss: 0.2468 (0.2591)  IoU (F channel): 0.0000 (0.0000)  IoU (C channel): 0.0000 (0.0000)  L1 (Db channel): 0.3940 (0.3956)  L1 (Dn channel): 0.3414 (0.3414)  lr: 0.000895  iter-time: 0.4779
[18:27:39.586543] Epoch: [8]  [ 40/458]  eta: 0:04:29  loss: 0.2312 (0.2649)  IoU (F channel): 0.0000 (0.0000)  IoU (C channel): 0.0000 (0.0000)  L1 (Db channel): 0.3944 (0.3975)  L1 (Dn channel): 0.3385 (0.3399)  lr: 0.000897  iter-time: 0.5128
[18:27:44.254767] Epoch: [8]  [ 50/458]  eta: 0:04:08  loss: 0.2222 (0.2598)  IoU (F channel): 0.0000 (0.0000)  IoU (C channel): 0.0000 (0.0000)  L1 (Db channel): 0.3942 (0.3953)  L1 (Dn channel): 0.3355 (0.3393)  lr: 0.000900  iter-time: 0.5182
[18:27:48.821142] Epoch: [8]  [ 60/458]  eta: 0:03:52  loss: 0.2222 (0.2667)  IoU (F channel): 0.0000 (0.0000)  IoU (C channel): 0.0000 (0.0000)  L1 (Db channel): 0.3211 (0.3801)  L1 (Dn channel): 0.3362 (0.3389)  lr: 0.000902  iter-time: 0.4602
[18:27:53.999700] Epoch: [8]  [ 70/458]  eta: 0:03:42  loss: 0.2714 (0.2706)  IoU (F channel): 0.0000 (0.0000)  IoU (C channel): 0.0000 (0.0000)  L1 (Db channel): 0.3090 (0.3710)  L1 (Dn channel): 0.3343 (0.3379)  lr: 0.000904  iter-time: 0.4862
[18:27:58.647988] Epoch: [8]  [ 80/458]  eta: 0:03:32  loss: 0.2667 (0.2740)  IoU (F channel): 0.0000 (0.0000)  IoU (C channel): 0.0000 (0.0000)  L1 (Db channel): 0.3267 (0.3674)  L1 (Dn channel): 0.3319 (0.3374)  lr: 0.000906  iter-time: 0.4903
[18:28:03.306404] Epoch: [8]  [ 90/458]  eta: 0:03:22  loss: 0.2526 (0.2737)  IoU (F channel): 0.0000 (0.0000)  IoU (C channel): 0.0000 (0.0000)  L1 (Db channel): 0.3286 (0.3614)  L1 (Dn channel): 0.3378 (0.3377)  lr: 0.000908  iter-time: 0.4646
[18:28:07.952100] Epoch: [8]  [100/458]  eta: 0:03:13  loss: 0.2295 (0.2770)  IoU (F channel): 0.0000 (0.0000)  IoU (C channel): 0.0000 (0.0000)  L1 (Db channel): 0.3037 (0.3558)  L1 (Dn channel): 0.3295 (0.3365)  lr: 0.000911  iter-time: 0.4645
[18:28:12.621514] Epoch: [8]  [110/458]  eta: 0:03:06  loss: 0.2614 (0.2788)  IoU (F channel): 0.0000 (0.0000)  IoU (C channel): 0.0000 (0.0000)  L1 (Db channel): 0.2980 (0.3498)  L1 (Dn channel): 0.3248 (0.3356)  lr: 0.000913  iter-time: 0.4657
[18:28:17.083343] Epoch: [8]  [120/458]  eta: 0:02:58  loss: 0.2620 (0.2779)  IoU (F channel): 0.0000 (0.0000)  IoU (C channel): 0.0000 (0.0000)  L1 (Db channel): 0.3028 (0.3491)  L1 (Dn channel): 0.3286 (0.3352)  lr: 0.000915  iter-time: 0.4565
[18:28:22.166537] Epoch: [8]  [130/458]  eta: 0:02:52  loss: 0.2685 (0.2827)  IoU (F channel): 0.0000 (0.0000)  IoU (C channel): 0.0000 (0.0000)  L1 (Db channel): 0.3900 (0.3534)  L1 (Dn channel): 0.3296 (0.3347)  lr: 0.000917  iter-time: 0.4772
[18:28:27.395950] Epoch: [8]  [140/458]  eta: 0:02:47  loss: 0.2989 (0.2851)  IoU (F channel): 0.0000 (0.0000)  IoU (C channel): 0.0000 (0.0000)  L1 (Db channel): 0.3779 (0.3479)  L1 (Dn channel): 0.3208 (0.3331)  lr: 0.000919  iter-time: 0.5156
[18:28:32.517899] Epoch: [8]  [150/458]  eta: 0:02:41  loss: 0.2686 (0.2824)  IoU (F channel): 0.0000 (0.0000)  IoU (C channel): 0.0000 (0.0000)  L1 (Db channel): 0.2643 (0.3432)  L1 (Dn channel): 0.3180 (0.3333)  lr: 0.000921  iter-time: 0.5175
[18:28:37.203782] Epoch: [8]  [160/458]  eta: 0:02:35  loss: 0.2695 (0.2833)  IoU (F channel): 0.0000 (0.0000)  IoU (C channel): 0.0000 (0.0000)  L1 (Db channel): 0.2802 (0.3396)  L1 (Dn channel): 0.3376 (0.3334)  lr: 0.000923  iter-time: 0.4903
[18:28:41.782337] Epoch: [8]  [170/458]  eta: 0:02:29  loss: 0.2695 (0.2826)  IoU (F channel): 0.0000 (0.0000)  IoU (C channel): 0.0000 (0.0000)  L1 (Db channel): 0.2793 (0.3360)  L1 (Dn channel): 0.3370 (0.3336)  lr: 0.000925  iter-time: 0.4632
[18:28:46.665187] Epoch: [8]  [180/458]  eta: 0:02:23  loss: 0.2597 (0.2834)  IoU (F channel): 0.0000 (0.0000)  IoU (C channel): 0.0000 (0.0000)  L1 (Db channel): 0.2774 (0.3326)  L1 (Dn channel): 0.3367 (0.3338)  lr: 0.000927  iter-time: 0.4730
[18:28:51.610864] Epoch: [8]  [190/458]  eta: 0:02:18  loss: 0.2288 (0.2824)  IoU (F channel): 0.0000 (0.0000)  IoU (C channel): 0.0000 (0.0000)  L1 (Db channel): 0.2779 (0.3298)  L1 (Dn channel): 0.3343 (0.3336)  lr: 0.000929  iter-time: 0.4914
[18:28:56.323977] Epoch: [8]  [200/458]  eta: 0:02:12  loss: 0.1981 (0.2804)  IoU (F channel): 0.0000 (0.0000)  IoU (C channel): 0.0000 (0.0000)  L1 (Db channel): 0.2790 (0.3273)  L1 (Dn channel): 0.3279 (0.3333)  lr: 0.000931  iter-time: 0.4829
[18:29:01.222639] Epoch: [8]  [210/458]  eta: 0:02:06  loss: 0.1847 (0.2764)  IoU (F channel): 0.0000 (0.0000)  IoU (C channel): 0.0000 (0.0000)  L1 (Db channel): 0.2844 (0.3254)  L1 (Dn channel): 0.3272 (0.3331)  lr: 0.000933  iter-time: 0.4805
[18:29:06.734905] Epoch: [8]  [220/458]  eta: 0:02:02  loss: 0.2013 (0.2752)  IoU (F channel): 0.0000 (0.0000)  IoU (C channel): 0.0000 (0.0000)  L1 (Db channel): 0.2841 (0.3232)  L1 (Dn channel): 0.3315 (0.3331)  lr: 0.000934  iter-time: 0.5205
[18:29:11.378817] Epoch: [8]  [230/458]  eta: 0:01:56  loss: 0.2341 (0.2787)  IoU (F channel): 0.0000 (0.0000)  IoU (C channel): 0.0000 (0.0000)  L1 (Db channel): 0.2938 (0.3242)  L1 (Dn channel): 0.3369 (0.3334)  lr: 0.000936  iter-time: 0.5077
[18:29:16.016983] Epoch: [8]  [240/458]  eta: 0:01:51  loss: 0.2078 (0.2760)  IoU (F channel): 0.0000 (0.0000)  IoU (C channel): 0.0000 (0.0000)  L1 (Db channel): 0.3776 (0.3273)  L1 (Dn channel): 0.3386 (0.3336)  lr: 0.000938  iter-time: 0.4636
[18:29:20.962763] Epoch: [8]  [250/458]  eta: 0:01:45  loss: 0.2340 (0.2784)  IoU (F channel): 0.0000 (0.0000)  IoU (C channel): 0.0000 (0.0000)  L1 (Db channel): 0.3795 (0.3283)  L1 (Dn channel): 0.3342 (0.3335)  lr: 0.000940  iter-time: 0.4786
[18:29:26.395792] Epoch: [8]  [260/458]  eta: 0:01:41  loss: 0.2692 (0.2782)  IoU (F channel): 0.0000 (0.0000)  IoU (C channel): 0.0000 (0.0000)  L1 (Db channel): 0.3138 (0.3273)  L1 (Dn channel): 0.3251 (0.3331)  lr: 0.000942  iter-time: 0.5189
[18:29:30.968998] Epoch: [8]  [270/458]  eta: 0:01:35  loss: 0.2286 (0.2760)  IoU (F channel): 0.0000 (0.0000)  IoU (C channel): 0.0000 (0.0000)  L1 (Db channel): 0.2977 (0.3259)  L1 (Dn channel): 0.3244 (0.3329)  lr: 0.000943  iter-time: 0.5002
[18:29:36.339002] Epoch: [8]  [280/458]  eta: 0:01:30  loss: 0.2151 (0.2763)  IoU (F channel): 0.0000 (0.0000)  IoU (C channel): 0.0000 (0.0000)  L1 (Db channel): 0.2840 (0.3243)  L1 (Dn channel): 0.3233 (0.3325)  lr: 0.000945  iter-time: 0.4971
[18:29:41.106834] Epoch: [8]  [290/458]  eta: 0:01:25  loss: 0.3147 (0.2782)  IoU (F channel): 0.0000 (0.0000)  IoU (C channel): 0.0000 (0.0000)  L1 (Db channel): 0.2814 (0.3229)  L1 (Dn channel): 0.3230 (0.3322)  lr: 0.000947  iter-time: 0.5068
[18:29:45.655199] Epoch: [8]  [300/458]  eta: 0:01:19  loss: 0.2158 (0.2754)  IoU (F channel): 0.0000 (0.0000)  IoU (C channel): 0.0000 (0.0000)  L1 (Db channel): 0.2876 (0.3220)  L1 (Dn channel): 0.3270 (0.3323)  lr: 0.000948  iter-time: 0.4657
[18:29:50.344187] Epoch: [8]  [310/458]  eta: 0:01:14  loss: 0.2065 (0.2757)  IoU (F channel): 0.0000 (0.0000)  IoU (C channel): 0.0000 (0.0000)  L1 (Db channel): 0.3038 (0.3217)  L1 (Dn channel): 0.3383 (0.3326)  lr: 0.000950  iter-time: 0.4618
[18:29:56.173205] Epoch: [8]  [320/458]  eta: 0:01:10  loss: 0.2561 (0.2755)  IoU (F channel): 0.0000 (0.0000)  IoU (C channel): 0.0000 (0.0000)  L1 (Db channel): 0.3194 (0.3218)  L1 (Dn channel): 0.3448 (0.3330)  lr: 0.000952  iter-time: 0.5258
[18:30:00.798088] Epoch: [8]  [330/458]  eta: 0:01:04  loss: 0.2380 (0.2754)  IoU (F channel): 0.0000 (0.0000)  IoU (C channel): 0.0000 (0.0000)  L1 (Db channel): 0.3223 (0.3218)  L1 (Dn channel): 0.3452 (0.3333)  lr: 0.000953  iter-time: 0.5226
[18:30:05.447590] Epoch: [8]  [340/458]  eta: 0:00:59  loss: 0.2206 (0.2750)  IoU (F channel): 0.0000 (0.0000)  IoU (C channel): 0.0000 (0.0000)  L1 (Db channel): 0.3186 (0.3217)  L1 (Dn channel): 0.3414 (0.3335)  lr: 0.000955  iter-time: 0.4636
[18:30:10.157355] Epoch: [8]  [350/458]  eta: 0:00:54  loss: 0.2590 (0.2784)  IoU (F channel): 0.0000 (0.0000)  IoU (C channel): 0.0000 (0.0000)  L1 (Db channel): 0.3215 (0.3219)  L1 (Dn channel): 0.3392 (0.3337)  lr: 0.000956  iter-time: 0.4679
[18:30:14.982724] Epoch: [8]  [360/458]  eta: 0:00:49  loss: 0.2908 (0.2778)  IoU (F channel): 0.0000 (0.0000)  IoU (C channel): 0.0000 (0.0000)  L1 (Db channel): 0.3318 (0.3224)  L1 (Dn channel): 0.3422 (0.3340)  lr: 0.000958  iter-time: 0.4767
[18:30:19.656489] Epoch: [8]  [370/458]  eta: 0:00:44  loss: 0.2080 (0.2766)  IoU (F channel): 0.0000 (0.0000)  IoU (C channel): 0.0000 (0.0000)  L1 (Db channel): 0.3307 (0.3224)  L1 (Dn channel): 0.3465 (0.3343)  lr: 0.000959  iter-time: 0.4749
[18:30:24.310345] Epoch: [8]  [380/458]  eta: 0:00:39  loss: 0.2232 (0.2770)  IoU (F channel): 0.0000 (0.0000)  IoU (C channel): 0.0000 (0.0000)  L1 (Db channel): 0.3320 (0.3231)  L1 (Dn channel): 0.3456 (0.3346)  lr: 0.000961  iter-time: 0.4663
[18:30:28.903086] Epoch: [8]  [390/458]  eta: 0:00:34  loss: 0.2562 (0.2784)  IoU (F channel): 0.0000 (0.0000)  IoU (C channel): 0.0000 (0.0000)  L1 (Db channel): 0.3613 (0.3242)  L1 (Dn channel): 0.3377 (0.3346)  lr: 0.000962  iter-time: 0.4622
[18:30:33.635032] Epoch: [8]  [400/458]  eta: 0:00:28  loss: 0.2615 (0.2782)  IoU (F channel): 0.0000 (0.0000)  IoU (C channel): 0.0000 (0.0000)  L1 (Db channel): 0.3503 (0.3244)  L1 (Dn channel): 0.3290 (0.3343)  lr: 0.000964  iter-time: 0.4662
[18:30:38.299452] Epoch: [8]  [410/458]  eta: 0:00:23  loss: 0.2777 (0.2784)  IoU (F channel): 0.0000 (0.0000)  IoU (C channel): 0.0000 (0.0000)  L1 (Db channel): 0.3317 (0.3246)  L1 (Dn channel): 0.3282 (0.3343)  lr: 0.000965  iter-time: 0.4691
[18:30:42.877293] Epoch: [8]  [420/458]  eta: 0:00:18  loss: 0.2011 (0.2760)  IoU (F channel): 0.0000 (0.0000)  IoU (C channel): 0.0000 (0.0000)  L1 (Db channel): 0.3332 (0.3249)  L1 (Dn channel): 0.3339 (0.3343)  lr: 0.000966  iter-time: 0.4614
[18:30:47.478857] Epoch: [8]  [430/458]  eta: 0:00:13  loss: 0.1987 (0.2767)  IoU (F channel): 0.0000 (0.0000)  IoU (C channel): 0.0000 (0.0000)  L1 (Db channel): 0.3219 (0.3243)  L1 (Dn channel): 0.3288 (0.3340)  lr: 0.000968  iter-time: 0.4589
[18:30:52.477818] Epoch: [8]  [440/458]  eta: 0:00:08  loss: 0.2230 (0.2749)  IoU (F channel): 0.0000 (0.0000)  IoU (C channel): 0.0000 (0.0000)  L1 (Db channel): 0.3064 (0.3240)  L1 (Dn channel): 0.3232 (0.3338)  lr: 0.000969  iter-time: 0.4800
[18:30:57.202850] Epoch: [8]  [450/458]  eta: 0:00:03  loss: 0.2245 (0.2752)  IoU (F channel): 0.0000 (0.0000)  IoU (C channel): 0.0000 (0.0000)  L1 (Db channel): 0.3266 (0.3244)  L1 (Dn channel): 0.3224 (0.3336)  lr: 0.000970  iter-time: 0.4861
[18:31:00.056277] Epoch: [8]  [457/458]  eta: 0:00:00  loss: 0.2245 (0.2735)  IoU (F channel): 0.0000 (0.0000)  IoU (C channel): 0.0000 (0.0000)  L1 (Db channel): 0.3318 (0.3245)  L1 (Dn channel): 0.3262 (0.3335)  lr: 0.000971  iter-time: 0.4450
[18:31:00.809908] Epoch: [8] Total time: 0:03:47 (0.4971 s / it)
[18:31:00.810083] [Train] averaged stats: loss: 0.2245 (0.2735)  IoU (F channel): 0.0000 (0.0000)  IoU (C channel): 0.0000 (0.0000)  L1 (Db channel): 0.3318 (0.3245)  L1 (Dn channel): 0.3262 (0.3335)  lr: 0.000971
[18:31:04.919624] Epoch: [8]  [ 0/52]  eta: 0:03:33  loss: 0.0089 (0.0089)  IoU (F channel): 0.0000 (0.0000)  IoU (C channel): 0.0000 (0.0000)  L1 (Db channel): 0.4188 (0.4188)  L1 (Dn channel): 0.4484 (0.4484)  iter-time: 4.1079
[18:31:06.551450] Epoch: [8]  [10/52]  eta: 0:00:21  loss: 0.1591 (0.1477)  IoU (F channel): 0.0000 (0.0000)  IoU (C channel): 0.0000 (0.0000)  L1 (Db channel): 0.3869 (0.3576)  L1 (Dn channel): 0.3937 (0.3595)  iter-time: 0.5218
[18:31:08.192675] Epoch: [8]  [20/52]  eta: 0:00:11  loss: 0.2819 (0.2345)  IoU (F channel): 0.0000 (0.0000)  IoU (C channel): 0.0000 (0.0000)  L1 (Db channel): 0.2640 (0.3004)  L1 (Dn channel): 0.2218 (0.2721)  iter-time: 0.1636
[18:31:09.815616] Epoch: [8]  [30/52]  eta: 0:00:06  loss: 0.2728 (0.1936)  IoU (F channel): 0.0000 (0.0000)  IoU (C channel): 0.0000 (0.0000)  L1 (Db channel): 0.2817 (0.3261)  L1 (Dn channel): 0.2332 (0.3117)  iter-time: 0.1632
[18:31:11.421410] Epoch: [8]  [40/52]  eta: 0:00:03  loss: 0.2096 (0.2455)  IoU (F channel): 0.0000 (0.0000)  IoU (C channel): 0.0000 (0.0000)  L1 (Db channel): 0.3008 (0.3100)  L1 (Dn channel): 0.2912 (0.2970)  iter-time: 0.1614
[18:31:13.015717] Epoch: [8]  [50/52]  eta: 0:00:00  loss: 0.3773 (0.2546)  IoU (F channel): 0.0000 (0.0000)  IoU (C channel): 0.0000 (0.0000)  L1 (Db channel): 0.2628 (0.3136)  L1 (Dn channel): 0.2454 (0.3034)  iter-time: 0.1600
[18:31:13.107118] Epoch: [8]  [51/52]  eta: 0:00:00  loss: 0.3224 (0.2499)  IoU (F channel): 0.0000 (0.0000)  IoU (C channel): 0.0000 (0.0000)  L1 (Db channel): 0.2628 (0.3155)  L1 (Dn channel): 0.2454 (0.3061)  iter-time: 0.1567
[18:31:13.878513] Epoch: [8] Total time: 0:00:13 (0.2513 s / it)
[18:31:13.878541] [Val] averaged stats: loss: 0.3224 (0.2499)  IoU (F channel): 0.0000 (0.0000)  IoU (C channel): 0.0000 (0.0000)  L1 (Db channel): 0.2628 (0.3155)  L1 (Dn channel): 0.2454 (0.3061)
[18:31:13.879097] Val loss improved from 0.27522210877102155 to 0.2499139025234259, saving model to metrics/biapy/biapy-py_v1/checkpoints/biapy-py_v1_0-checkpoint-best.pth
[18:31:13.992444] [Val] best loss: 0.2499 best  IoU (F channel): 0.0000 IoU (C channel): 0.0000 L1 (Db channel): 0.3155 L1 (Dn channel): 0.3061 
[18:31:14.001362] [Time] 4.0m 33.5m/2.1h

[18:31:14.001376] ~~~ Epoch 9/30 ~~~

[18:31:20.394376] Epoch: [9]  [  0/458]  eta: 0:48:41  loss: 0.1899 (0.1899)  IoU (F channel): 0.0000 (0.0000)  IoU (C channel): 0.0000 (0.0000)  L1 (Db channel): 0.3227 (0.3227)  L1 (Dn channel): 0.3264 (0.3264)  lr: 0.000971  iter-time: 6.3794
[18:31:25.318466] Epoch: [9]  [ 10/458]  eta: 0:07:39  loss: 0.2093 (0.2511)  IoU (F channel): 0.0000 (0.0000)  IoU (C channel): 0.0000 (0.0000)  L1 (Db channel): 0.3262 (0.3295)  L1 (Dn channel): 0.3287 (0.3293)  lr: 0.000973  iter-time: 1.0264
[18:31:30.097876] Epoch: [9]  [ 20/458]  eta: 0:05:35  loss: 0.2310 (0.2425)  IoU (F channel): 0.0000 (0.0000)  IoU (C channel): 0.0000 (0.0000)  L1 (Db channel): 0.3380 (0.3386)  L1 (Dn channel): 0.3316 (0.3320)  lr: 0.000974  iter-time: 0.4845
[18:31:35.006129] Epoch: [9]  [ 30/458]  eta: 0:04:49  loss: 0.2463 (0.2750)  IoU (F channel): 0.0000 (0.0000)  IoU (C channel): 0.0000 (0.0000)  L1 (Db channel): 0.3356 (0.3345)  L1 (Dn channel): 0.3280 (0.3292)  lr: 0.000975  iter-time: 0.4843
[18:31:40.010325] Epoch: [9]  [ 40/458]  eta: 0:04:24  loss: 0.3037 (0.3012)  IoU (F channel): 0.0000 (0.0000)  IoU (C channel): 0.0000 (0.0000)  L1 (Db channel): 0.3126 (0.3272)  L1 (Dn channel): 0.3175 (0.3252)  lr: 0.000976  iter-time: 0.4956
[18:31:44.690002] Epoch: [9]  [ 50/458]  eta: 0:04:05  loss: 0.2741 (0.2886)  IoU (F channel): 0.0000 (0.0000)  IoU (C channel): 0.0000 (0.0000)  L1 (Db channel): 0.3391 (0.3403)  L1 (Dn channel): 0.3217 (0.3263)  lr: 0.000977  iter-time: 0.4841
[18:31:49.548335] Epoch: [9]  [ 60/458]  eta: 0:03:51  loss: 0.2208 (0.2792)  IoU (F channel): 0.0000 (0.0000)  IoU (C channel): 0.0000 (0.0000)  L1 (Db channel): 0.4042 (0.3517)  L1 (Dn channel): 0.3329 (0.3274)  lr: 0.000978  iter-time: 0.4768
[18:31:54.721435] Epoch: [9]  [ 70/458]  eta: 0:03:42  loss: 0.2135 (0.2679)  IoU (F channel): 0.0000 (0.0000)  IoU (C channel): 0.0000 (0.0000)  L1 (Db channel): 0.3752 (0.3535)  L1 (Dn channel): 0.3284 (0.3270)  lr: 0.000979  iter-time: 0.5008
[18:31:59.389817] Epoch: [9]  [ 80/458]  eta: 0:03:31  loss: 0.2290 (0.2744)  IoU (F channel): 0.0000 (0.0000)  IoU (C channel): 0.0000 (0.0000)  L1 (Db channel): 0.3458 (0.3506)  L1 (Dn channel): 0.3171 (0.3253)  lr: 0.000980  iter-time: 0.4914
[18:32:04.029751] Epoch: [9]  [ 90/458]  eta: 0:03:22  loss: 0.2519 (0.2696)  IoU (F channel): 0.0000 (0.0000)  IoU (C channel): 0.0000 (0.0000)  L1 (Db channel): 0.3250 (0.3482)  L1 (Dn channel): 0.3122 (0.3241)  lr: 0.000981  iter-time: 0.4653
[18:32:09.628773] Epoch: [9]  [100/458]  eta: 0:03:17  loss: 0.2324 (0.2697)  IoU (F channel): 0.0000 (0.0000)  IoU (C channel): 0.0000 (0.0000)  L1 (Db channel): 0.3513 (0.3506)  L1 (Dn channel): 0.3210 (0.3249)  lr: 0.000982  iter-time: 0.5119
[18:32:14.170973] Epoch: [9]  [110/458]  eta: 0:03:08  loss: 0.2567 (0.2677)  IoU (F channel): 0.0000 (0.0000)  IoU (C channel): 0.0000 (0.0000)  L1 (Db channel): 0.3891 (0.3561)  L1 (Dn channel): 0.3336 (0.3259)  lr: 0.000983  iter-time: 0.5070
[18:32:19.311559] Epoch: [9]  [120/458]  eta: 0:03:02  loss: 0.2635 (0.2736)  IoU (F channel): 0.0000 (0.0000)  IoU (C channel): 0.0000 (0.0000)  L1 (Db channel): 0.4366 (0.3638)  L1 (Dn channel): 0.3341 (0.3267)  lr: 0.000984  iter-time: 0.4829
[18:32:24.193429] Epoch: [9]  [130/458]  eta: 0:02:55  loss: 0.2655 (0.2773)  IoU (F channel): 0.0000 (0.0000)  IoU (C channel): 0.0000 (0.0000)  L1 (Db channel): 0.4111 (0.3661)  L1 (Dn channel): 0.3198 (0.3257)  lr: 0.000985  iter-time: 0.4997
[18:32:28.775907] Epoch: [9]  [140/458]  eta: 0:02:48  loss: 0.2638 (0.2763)  IoU (F channel): 0.0000 (0.0000)  IoU (C channel): 0.0000 (0.0000)  L1 (Db channel): 0.3985 (0.3684)  L1 (Dn channel): 0.3153 (0.3253)  lr: 0.000986  iter-time: 0.4729
[18:32:33.840819] Epoch: [9]  [150/458]  eta: 0:02:42  loss: 0.2131 (0.2749)  IoU (F channel): 0.0000 (0.0000)  IoU (C channel): 0.0000 (0.0000)  L1 (Db channel): 0.3861 (0.3687)  L1 (Dn channel): 0.3236 (0.3256)  lr: 0.000987  iter-time: 0.4823
[18:32:39.160870] Epoch: [9]  [160/458]  eta: 0:02:37  loss: 0.2333 (0.2738)  IoU (F channel): 0.0000 (0.0000)  IoU (C channel): 0.0000 (0.0000)  L1 (Db channel): 0.3453 (0.3656)  L1 (Dn channel): 0.3204 (0.3246)  lr: 0.000988  iter-time: 0.5192
[18:32:44.095239] Epoch: [9]  [170/458]  eta: 0:02:31  loss: 0.2431 (0.2725)  IoU (F channel): 0.0000 (0.0000)  IoU (C channel): 0.0000 (0.0000)  L1 (Db channel): 0.3017 (0.3615)  L1 (Dn channel): 0.3044 (0.3234)  lr: 0.000989  iter-time: 0.5126
[18:32:49.288611] Epoch: [9]  [180/458]  eta: 0:02:26  loss: 0.2240 (0.2702)  IoU (F channel): 0.0000 (0.0000)  IoU (C channel): 0.0000 (0.0000)  L1 (Db channel): 0.3045 (0.3587)  L1 (Dn channel): 0.3038 (0.3221)  lr: 0.000989  iter-time: 0.5063
[18:32:53.990508] Epoch: [9]  [190/458]  eta: 0:02:20  loss: 0.2038 (0.2674)  IoU (F channel): 0.0000 (0.0000)  IoU (C channel): 0.0000 (0.0000)  L1 (Db channel): 0.3128 (0.3564)  L1 (Dn channel): 0.2952 (0.3206)  lr: 0.000990  iter-time: 0.4947
[18:32:58.505544] Epoch: [9]  [200/458]  eta: 0:02:14  loss: 0.2135 (0.2652)  IoU (F channel): 0.0000 (0.0000)  IoU (C channel): 0.0000 (0.0000)  L1 (Db channel): 0.3232 (0.3589)  L1 (Dn channel): 0.2991 (0.3210)  lr: 0.000991  iter-time: 0.4608
[18:33:03.861824] Epoch: [9]  [210/458]  eta: 0:02:09  loss: 0.2308 (0.2653)  IoU (F channel): 0.0000 (0.0000)  IoU (C channel): 0.0000 (0.0000)  L1 (Db channel): 0.3589 (0.3594)  L1 (Dn channel): 0.3257 (0.3214)  lr: 0.000992  iter-time: 0.4935
[18:33:08.431360] Epoch: [9]  [220/458]  eta: 0:02:03  loss: 0.2271 (0.2672)  IoU (F channel): 0.0000 (0.0000)  IoU (C channel): 0.0000 (0.0000)  L1 (Db channel): 0.3066 (0.3566)  L1 (Dn channel): 0.3043 (0.3205)  lr: 0.000992  iter-time: 0.4962
[18:33:13.359782] Epoch: [9]  [230/458]  eta: 0:01:57  loss: 0.2725 (0.2707)  IoU (F channel): 0.0000 (0.0000)  IoU (C channel): 0.0000 (0.0000)  L1 (Db channel): 0.2855 (0.3533)  L1 (Dn channel): 0.3018 (0.3197)  lr: 0.000993  iter-time: 0.4748
[18:33:18.195742] Epoch: [9]  [240/458]  eta: 0:01:52  loss: 0.2536 (0.2715)  IoU (F channel): 0.0000 (0.0000)  IoU (C channel): 0.0000 (0.0000)  L1 (Db channel): 0.2754 (0.3503)  L1 (Dn channel): 0.3023 (0.3189)  lr: 0.000994  iter-time: 0.4882
[18:33:23.196817] Epoch: [9]  [250/458]  eta: 0:01:46  loss: 0.2467 (0.2731)  IoU (F channel): 0.0000 (0.0000)  IoU (C channel): 0.0000 (0.0000)  L1 (Db channel): 0.2768 (0.3474)  L1 (Dn channel): 0.3048 (0.3185)  lr: 0.000994  iter-time: 0.4918
[18:33:27.726303] Epoch: [9]  [260/458]  eta: 0:01:41  loss: 0.2483 (0.2705)  IoU (F channel): 0.0000 (0.0000)  IoU (C channel): 0.0000 (0.0000)  L1 (Db channel): 0.2818 (0.3450)  L1 (Dn channel): 0.3058 (0.3179)  lr: 0.000995  iter-time: 0.4764
[18:33:33.068810] Epoch: [9]  [270/458]  eta: 0:01:36  loss: 0.2087 (0.2700)  IoU (F channel): 0.0000 (0.0000)  IoU (C channel): 0.0000 (0.0000)  L1 (Db channel): 0.2825 (0.3426)  L1 (Dn channel): 0.3072 (0.3176)  lr: 0.000995  iter-time: 0.4935
[18:33:37.927288] Epoch: [9]  [280/458]  eta: 0:01:31  loss: 0.2197 (0.2701)  IoU (F channel): 0.0000 (0.0000)  IoU (C channel): 0.0000 (0.0000)  L1 (Db channel): 0.2921 (0.3411)  L1 (Dn channel): 0.3088 (0.3173)  lr: 0.000996  iter-time: 0.5100
[18:33:42.581212] Epoch: [9]  [290/458]  eta: 0:01:25  loss: 0.2377 (0.2700)  IoU (F channel): 0.0000 (0.0000)  IoU (C channel): 0.0000 (0.0000)  L1 (Db channel): 0.2986 (0.3397)  L1 (Dn channel): 0.3083 (0.3171)  lr: 0.000996  iter-time: 0.4755
[18:33:47.711914] Epoch: [9]  [300/458]  eta: 0:01:20  loss: 0.2170 (0.2704)  IoU (F channel): 0.0000 (0.0000)  IoU (C channel): 0.0000 (0.0000)  L1 (Db channel): 0.2985 (0.3383)  L1 (Dn channel): 0.3071 (0.3168)  lr: 0.000997  iter-time: 0.4891
[18:33:52.899925] Epoch: [9]  [310/458]  eta: 0:01:15  loss: 0.2121 (0.2687)  IoU (F channel): 0.0000 (0.0000)  IoU (C channel): 0.0000 (0.0000)  L1 (Db channel): 0.3032 (0.3373)  L1 (Dn channel): 0.3135 (0.3168)  lr: 0.000997  iter-time: 0.5159
[18:33:58.692810] Epoch: [9]  [320/458]  eta: 0:01:10  loss: 0.2161 (0.2680)  IoU (F channel): 0.0000 (0.0000)  IoU (C channel): 0.0000 (0.0000)  L1 (Db channel): 0.3122 (0.3366)  L1 (Dn channel): 0.3085 (0.3165)  lr: 0.000997  iter-time: 0.5490
[18:34:03.206006] Epoch: [9]  [330/458]  eta: 0:01:05  loss: 0.2526 (0.2691)  IoU (F channel): 0.0000 (0.0000)  IoU (C channel): 0.0000 (0.0000)  L1 (Db channel): 0.3242 (0.3365)  L1 (Dn channel): 0.3047 (0.3162)  lr: 0.000998  iter-time: 0.5152
[18:34:07.698460] Epoch: [9]  [340/458]  eta: 0:01:00  loss: 0.2702 (0.2692)  IoU (F channel): 0.0000 (0.0000)  IoU (C channel): 0.0000 (0.0000)  L1 (Db channel): 0.3242 (0.3360)  L1 (Dn channel): 0.3012 (0.3155)  lr: 0.000998  iter-time: 0.4502
[18:34:13.247792] Epoch: [9]  [350/458]  eta: 0:00:55  loss: 0.2422 (0.2690)  IoU (F channel): 0.0000 (0.0000)  IoU (C channel): 0.0000 (0.0000)  L1 (Db channel): 0.3123 (0.3351)  L1 (Dn channel): 0.2914 (0.3149)  lr: 0.000998  iter-time: 0.5020
[18:34:17.816894] Epoch: [9]  [360/458]  eta: 0:00:49  loss: 0.2502 (0.2700)  IoU (F channel): 0.0000 (0.0000)  IoU (C channel): 0.0000 (0.0000)  L1 (Db channel): 0.3005 (0.3342)  L1 (Dn channel): 0.2878 (0.3142)  lr: 0.000999  iter-time: 0.5059
[18:34:22.396548] Epoch: [9]  [370/458]  eta: 0:00:44  loss: 0.2753 (0.2711)  IoU (F channel): 0.0000 (0.0000)  IoU (C channel): 0.0000 (0.0000)  L1 (Db channel): 0.3016 (0.3335)  L1 (Dn channel): 0.2924 (0.3137)  lr: 0.000999  iter-time: 0.4574
[18:34:27.476679] Epoch: [9]  [380/458]  eta: 0:00:39  loss: 0.2535 (0.2701)  IoU (F channel): 0.0000 (0.0000)  IoU (C channel): 0.0000 (0.0000)  L1 (Db channel): 0.3016 (0.3326)  L1 (Dn channel): 0.2974 (0.3133)  lr: 0.000999  iter-time: 0.4829
[18:34:32.242405] Epoch: [9]  [390/458]  eta: 0:00:34  loss: 0.2640 (0.2714)  IoU (F channel): 0.0000 (0.0000)  IoU (C channel): 0.0000 (0.0000)  L1 (Db channel): 0.2888 (0.3314)  L1 (Dn channel): 0.2973 (0.3129)  lr: 0.000999  iter-time: 0.4922
[18:34:37.044522] Epoch: [9]  [400/458]  eta: 0:00:29  loss: 0.2839 (0.2724)  IoU (F channel): 0.0000 (0.0000)  IoU (C channel): 0.0000 (0.0000)  L1 (Db channel): 0.2888 (0.3304)  L1 (Dn channel): 0.2973 (0.3125)  lr: 0.001000  iter-time: 0.4783
[18:34:41.540973] Epoch: [9]  [410/458]  eta: 0:00:24  loss: 0.2652 (0.2711)  IoU (F channel): 0.0000 (0.0000)  IoU (C channel): 0.0000 (0.0000)  L1 (Db channel): 0.2872 (0.3293)  L1 (Dn channel): 0.2988 (0.3123)  lr: 0.001000  iter-time: 0.4649
[18:34:47.062400] Epoch: [9]  [420/458]  eta: 0:00:19  loss: 0.2268 (0.2705)  IoU (F channel): 0.0000 (0.0000)  IoU (C channel): 0.0000 (0.0000)  L1 (Db channel): 0.2845 (0.3282)  L1 (Dn channel): 0.3002 (0.3119)  lr: 0.001000  iter-time: 0.5002
[18:34:51.778536] Epoch: [9]  [430/458]  eta: 0:00:14  loss: 0.2500 (0.2708)  IoU (F channel): 0.0000 (0.0000)  IoU (C channel): 0.0000 (0.0000)  L1 (Db channel): 0.2981 (0.3291)  L1 (Dn channel): 0.2981 (0.3116)  lr: 0.001000  iter-time: 0.5112
[18:34:56.461329] Epoch: [9]  [440/458]  eta: 0:00:09  loss: 0.2500 (0.2714)  IoU (F channel): 0.0000 (0.0000)  IoU (C channel): 0.0000 (0.0000)  L1 (Db channel): 0.3556 (0.3297)  L1 (Dn channel): 0.2999 (0.3114)  lr: 0.001000  iter-time: 0.4697
[18:35:01.066327] Epoch: [9]  [450/458]  eta: 0:00:04  loss: 0.2222 (0.2708)  IoU (F channel): 0.0000 (0.0000)  IoU (C channel): 0.0000 (0.0000)  L1 (Db channel): 0.3323 (0.3296)  L1 (Dn channel): 0.3014 (0.3111)  lr: 0.001000  iter-time: 0.4641
[18:35:03.913732] Epoch: [9]  [457/458]  eta: 0:00:00  loss: 0.2305 (0.2710)  IoU (F channel): 0.0000 (0.0000)  IoU (C channel): 0.0000 (0.0000)  L1 (Db channel): 0.3290 (0.3297)  L1 (Dn channel): 0.2991 (0.3109)  lr: 0.001000  iter-time: 0.4466
[18:35:04.654513] Epoch: [9] Total time: 0:03:50 (0.5036 s / it)
[18:35:04.654634] [Train] averaged stats: loss: 0.2305 (0.2710)  IoU (F channel): 0.0000 (0.0000)  IoU (C channel): 0.0000 (0.0000)  L1 (Db channel): 0.3290 (0.3297)  L1 (Dn channel): 0.2991 (0.3109)  lr: 0.001000
[18:35:08.478894] Epoch: [9]  [ 0/52]  eta: 0:03:18  loss: 0.0043 (0.0043)  IoU (F channel): 0.0000 (0.0000)  IoU (C channel): 0.0000 (0.0000)  L1 (Db channel): 0.4535 (0.4535)  L1 (Dn channel): 0.4357 (0.4357)  iter-time: 3.8230
[18:35:10.242261] Epoch: [9]  [10/52]  eta: 0:00:21  loss: 0.1740 (0.1498)  IoU (F channel): 0.0000 (0.0000)  IoU (C channel): 0.0000 (0.0000)  L1 (Db channel): 0.4434 (0.4210)  L1 (Dn channel): 0.4190 (0.3815)  iter-time: 0.5078
[18:35:11.880890] Epoch: [9]  [20/52]  eta: 0:00:11  loss: 0.2520 (0.2257)  IoU (F channel): 0.0000 (0.0000)  IoU (C channel): 0.0000 (0.0000)  L1 (Db channel): 0.3523 (0.3790)  L1 (Dn channel): 0.2502 (0.3052)  iter-time: 0.1701
[18:35:13.511824] Epoch: [9]  [30/52]  eta: 0:00:06  loss: 0.2884 (0.1942)  IoU (F channel): 0.0000 (0.0000)  IoU (C channel): 0.0000 (0.0000)  L1 (Db channel): 0.3686 (0.3960)  L1 (Dn channel): 0.2676 (0.3325)  iter-time: 0.1634
[18:35:15.153468] Epoch: [9]  [40/52]  eta: 0:00:03  loss: 0.2450 (0.2440)  IoU (F channel): 0.0000 (0.0000)  IoU (C channel): 0.0000 (0.0000)  L1 (Db channel): 0.3790 (0.3771)  L1 (Dn channel): 0.3039 (0.3055)  iter-time: 0.1636
[18:35:16.710158] Epoch: [9]  [50/52]  eta: 0:00:00  loss: 0.3463 (0.2510)  IoU (F channel): 0.0000 (0.0000)  IoU (C channel): 0.0000 (0.0000)  L1 (Db channel): 0.3253 (0.3784)  L1 (Dn channel): 0.2219 (0.3072)  iter-time: 0.1599
[18:35:16.801840] Epoch: [9]  [51/52]  eta: 0:00:00  loss: 0.2891 (0.2463)  IoU (F channel): 0.0000 (0.0000)  IoU (C channel): 0.0000 (0.0000)  L1 (Db channel): 0.3253 (0.3799)  L1 (Dn channel): 0.2219 (0.3093)  iter-time: 0.1566
[18:35:17.529008] Epoch: [9] Total time: 0:00:12 (0.2476 s / it)
[18:35:17.529046] [Val] averaged stats: loss: 0.2891 (0.2463)  IoU (F channel): 0.0000 (0.0000)  IoU (C channel): 0.0000 (0.0000)  L1 (Db channel): 0.3253 (0.3799)  L1 (Dn channel): 0.2219 (0.3093)
[18:35:17.529454] Val loss improved from 0.2499139025234259 to 0.24629721589959586, saving model to metrics/biapy/biapy-py_v1/checkpoints/biapy-py_v1_0-checkpoint-best.pth
[18:35:17.734941] [Val] best loss: 0.2463 best  IoU (F channel): 0.0000 IoU (C channel): 0.0000 L1 (Db channel): 0.3799 L1 (Dn channel): 0.3093 
[18:35:17.743540] [Time] 4.1m 37.6m/2.1h

[18:35:17.743569] ~~~ Epoch 10/30 ~~~

[18:35:23.359504] Epoch: [10]  [  0/458]  eta: 0:42:51  loss: 0.1958 (0.1958)  IoU (F channel): 0.0000 (0.0000)  IoU (C channel): 0.0000 (0.0000)  L1 (Db channel): 0.3046 (0.3046)  L1 (Dn channel): 0.2884 (0.2884)  lr: 0.001000  iter-time: 5.6142
[18:35:28.967237] Epoch: [10]  [ 10/458]  eta: 0:07:37  loss: 0.2892 (0.2670)  IoU (F channel): 0.0000 (0.0000)  IoU (C channel): 0.0000 (0.0000)  L1 (Db channel): 0.3189 (0.3193)  L1 (Dn channel): 0.2970 (0.2948)  lr: 0.001000  iter-time: 1.0201
[18:35:33.598314] Epoch: [10]  [ 20/458]  eta: 0:05:30  loss: 0.2332 (0.2611)  IoU (F channel): 0.0000 (0.0000)  IoU (C channel): 0.0000 (0.0000)  L1 (Db channel): 0.3234 (0.3226)  L1 (Dn channel): 0.2981 (0.2969)  lr: 0.001000  iter-time: 0.5119
[18:35:38.299801] Epoch: [10]  [ 30/458]  eta: 0:04:43  loss: 0.2106 (0.2381)  IoU (F channel): 0.0000 (0.0000)  IoU (C channel): 0.0000 (0.0000)  L1 (Db channel): 0.3311 (0.3275)  L1 (Dn channel): 0.3071 (0.3034)  lr: 0.001000  iter-time: 0.4665
[18:35:43.035885] Epoch: [10]  [ 40/458]  eta: 0:04:17  loss: 0.2251 (0.2572)  IoU (F channel): 0.0000 (0.0000)  IoU (C channel): 0.0000 (0.0000)  L1 (Db channel): 0.3289 (0.3273)  L1 (Dn channel): 0.3143 (0.3040)  lr: 0.001000  iter-time: 0.4718
[18:35:47.866733] Epoch: [10]  [ 50/458]  eta: 0:04:00  loss: 0.2301 (0.2514)  IoU (F channel): 0.0000 (0.0000)  IoU (C channel): 0.0000 (0.0000)  L1 (Db channel): 0.3252 (0.3264)  L1 (Dn channel): 0.2944 (0.3021)  lr: 0.001000  iter-time: 0.4783
[18:35:52.529834] Epoch: [10]  [ 60/458]  eta: 0:03:46  loss: 0.2069 (0.2479)  IoU (F channel): 0.0000 (0.0000)  IoU (C channel): 0.0000 (0.0000)  L1 (Db channel): 0.3252 (0.3275)  L1 (Dn channel): 0.3051 (0.3032)  lr: 0.001000  iter-time: 0.4746
[18:35:57.169815] Epoch: [10]  [ 70/458]  eta: 0:03:35  loss: 0.2469 (0.2598)  IoU (F channel): 0.0000 (0.0000)  IoU (C channel): 0.0000 (0.0000)  L1 (Db channel): 0.3303 (0.3283)  L1 (Dn channel): 0.2991 (0.3013)  lr: 0.001000  iter-time: 0.4651
[18:36:01.814896] Epoch: [10]  [ 80/458]  eta: 0:03:25  loss: 0.2730 (0.2674)  IoU (F channel): 0.0000 (0.0000)  IoU (C channel): 0.0000 (0.0000)  L1 (Db channel): 0.3217 (0.3260)  L1 (Dn channel): 0.2864 (0.2991)  lr: 0.001000  iter-time: 0.4642
[18:36:06.839414] Epoch: [10]  [ 90/458]  eta: 0:03:18  loss: 0.2414 (0.2658)  IoU (F channel): 0.0000 (0.0000)  IoU (C channel): 0.0000 (0.0000)  L1 (Db channel): 0.3023 (0.3229)  L1 (Dn channel): 0.2853 (0.2983)  lr: 0.001000  iter-time: 0.4828
[18:36:11.540607] Epoch: [10]  [100/458]  eta: 0:03:10  loss: 0.2414 (0.2684)  IoU (F channel): 0.0000 (0.0000)  IoU (C channel): 0.0000 (0.0000)  L1 (Db channel): 0.3000 (0.3222)  L1 (Dn channel): 0.3004 (0.2990)  lr: 0.001000  iter-time: 0.4838
[18:36:16.199663] Epoch: [10]  [110/458]  eta: 0:03:03  loss: 0.2162 (0.2644)  IoU (F channel): 0.0000 (0.0000)  IoU (C channel): 0.0000 (0.0000)  L1 (Db channel): 0.3271 (0.3236)  L1 (Dn channel): 0.3049 (0.2993)  lr: 0.001000  iter-time: 0.4661
[18:36:20.757915] Epoch: [10]  [120/458]  eta: 0:02:55  loss: 0.2328 (0.2675)  IoU (F channel): 0.0000 (0.0000)  IoU (C channel): 0.0000 (0.0000)  L1 (Db channel): 0.3203 (0.3227)  L1 (Dn channel): 0.2971 (0.2989)  lr: 0.001000  iter-time: 0.4608
[18:36:25.379060] Epoch: [10]  [130/458]  eta: 0:02:49  loss: 0.2212 (0.2637)  IoU (F channel): 0.0000 (0.0000)  IoU (C channel): 0.0000 (0.0000)  L1 (Db channel): 0.3101 (0.3217)  L1 (Dn channel): 0.2922 (0.2983)  lr: 0.001000  iter-time: 0.4589
[18:36:30.157332] Epoch: [10]  [140/458]  eta: 0:02:43  loss: 0.2143 (0.2639)  IoU (F channel): 0.0000 (0.0000)  IoU (C channel): 0.0000 (0.0000)  L1 (Db channel): 0.3077 (0.3205)  L1 (Dn channel): 0.2929 (0.2980)  lr: 0.000999  iter-time: 0.4699
[18:36:34.778782] Epoch: [10]  [150/458]  eta: 0:02:37  loss: 0.2053 (0.2654)  IoU (F channel): 0.0000 (0.0000)  IoU (C channel): 0.0000 (0.0000)  L1 (Db channel): 0.3041 (0.3191)  L1 (Dn channel): 0.2943 (0.2978)  lr: 0.000999  iter-time: 0.4699
[18:36:39.963234] Epoch: [10]  [160/458]  eta: 0:02:32  loss: 0.1880 (0.2615)  IoU (F channel): 0.0000 (0.0000)  IoU (C channel): 0.0000 (0.0000)  L1 (Db channel): 0.3078 (0.3200)  L1 (Dn channel): 0.2971 (0.2979)  lr: 0.000999  iter-time: 0.4902
[18:36:45.119623] Epoch: [10]  [170/458]  eta: 0:02:27  loss: 0.2068 (0.2626)  IoU (F channel): 0.0000 (0.0000)  IoU (C channel): 0.0000 (0.0000)  L1 (Db channel): 0.3388 (0.3211)  L1 (Dn channel): 0.3011 (0.2983)  lr: 0.000999  iter-time: 0.5170
[18:36:49.929636] Epoch: [10]  [180/458]  eta: 0:02:21  loss: 0.2084 (0.2595)  IoU (F channel): 0.0000 (0.0000)  IoU (C channel): 0.0000 (0.0000)  L1 (Db channel): 0.3245 (0.3208)  L1 (Dn channel): 0.2960 (0.2981)  lr: 0.000999  iter-time: 0.4983
[18:36:54.911392] Epoch: [10]  [190/458]  eta: 0:02:16  loss: 0.2444 (0.2601)  IoU (F channel): 0.0000 (0.0000)  IoU (C channel): 0.0000 (0.0000)  L1 (Db channel): 0.3214 (0.3217)  L1 (Dn channel): 0.2916 (0.2976)  lr: 0.000999  iter-time: 0.4889
[18:36:59.538330] Epoch: [10]  [200/458]  eta: 0:02:10  loss: 0.2534 (0.2618)  IoU (F channel): 0.0000 (0.0000)  IoU (C channel): 0.0000 (0.0000)  L1 (Db channel): 0.3657 (0.3245)  L1 (Dn channel): 0.2938 (0.2978)  lr: 0.000999  iter-time: 0.4797
[18:37:04.057426] Epoch: [10]  [210/458]  eta: 0:02:04  loss: 0.2116 (0.2612)  IoU (F channel): 0.0000 (0.0000)  IoU (C channel): 0.0000 (0.0000)  L1 (Db channel): 0.3237 (0.3236)  L1 (Dn channel): 0.2932 (0.2974)  lr: 0.000999  iter-time: 0.4572
[18:37:08.666845] Epoch: [10]  [220/458]  eta: 0:01:59  loss: 0.2006 (0.2596)  IoU (F channel): 0.0000 (0.0000)  IoU (C channel): 0.0000 (0.0000)  L1 (Db channel): 0.3050 (0.3230)  L1 (Dn channel): 0.2952 (0.2975)  lr: 0.000999  iter-time: 0.4564
[18:37:13.580011] Epoch: [10]  [230/458]  eta: 0:01:54  loss: 0.2554 (0.2640)  IoU (F channel): 0.0000 (0.0000)  IoU (C channel): 0.0000 (0.0000)  L1 (Db channel): 0.2947 (0.3212)  L1 (Dn channel): 0.2993 (0.2976)  lr: 0.000999  iter-time: 0.4761
[18:37:18.927516] Epoch: [10]  [240/458]  eta: 0:01:49  loss: 0.3083 (0.2644)  IoU (F channel): 0.0000 (0.0000)  IoU (C channel): 0.0000 (0.0000)  L1 (Db channel): 0.2524 (0.3182)  L1 (Dn channel): 0.2749 (0.2958)  lr: 0.000998  iter-time: 0.5130
[18:37:24.169557] Epoch: [10]  [250/458]  eta: 0:01:44  loss: 0.2702 (0.2648)  IoU (F channel): 0.0000 (0.0000)  IoU (C channel): 0.0000 (0.0000)  L1 (Db channel): 0.2487 (0.3157)  L1 (Dn channel): 0.2453 (0.2937)  lr: 0.000998  iter-time: 0.5294
[18:37:28.646447] Epoch: [10]  [260/458]  eta: 0:01:39  loss: 0.2474 (0.2663)  IoU (F channel): 0.0000 (0.0000)  IoU (C channel): 0.0000 (0.0000)  L1 (Db channel): 0.2647 (0.3147)  L1 (Dn channel): 0.2433 (0.2919)  lr: 0.000998  iter-time: 0.4859
[18:37:34.374098] Epoch: [10]  [270/458]  eta: 0:01:34  loss: 0.2474 (0.2665)  IoU (F channel): 0.0000 (0.0000)  IoU (C channel): 0.0000 (0.0000)  L1 (Db channel): 0.3376 (0.3159)  L1 (Dn channel): 0.2518 (0.2908)  lr: 0.000998  iter-time: 0.5101
[18:37:38.933673] Epoch: [10]  [280/458]  eta: 0:01:29  loss: 0.2381 (0.2651)  IoU (F channel): 0.0000 (0.0000)  IoU (C channel): 0.0000 (0.0000)  L1 (Db channel): 0.3376 (0.3157)  L1 (Dn channel): 0.2613 (0.2897)  lr: 0.000998  iter-time: 0.5143
[18:37:43.546341] Epoch: [10]  [290/458]  eta: 0:01:24  loss: 0.2032 (0.2629)  IoU (F channel): 0.0000 (0.0000)  IoU (C channel): 0.0000 (0.0000)  L1 (Db channel): 0.2630 (0.3133)  L1 (Dn channel): 0.2586 (0.2886)  lr: 0.000998  iter-time: 0.4585
[18:37:48.665562] Epoch: [10]  [300/458]  eta: 0:01:19  loss: 0.1983 (0.2630)  IoU (F channel): 0.0000 (0.0000)  IoU (C channel): 0.0000 (0.0000)  L1 (Db channel): 0.2468 (0.3113)  L1 (Dn channel): 0.2578 (0.2876)  lr: 0.000998  iter-time: 0.4865
[18:37:53.161411] Epoch: [10]  [310/458]  eta: 0:01:13  loss: 0.2642 (0.2642)  IoU (F channel): 0.0000 (0.0000)  IoU (C channel): 0.0000 (0.0000)  L1 (Db channel): 0.2575 (0.3097)  L1 (Dn channel): 0.2547 (0.2863)  lr: 0.000997  iter-time: 0.4807
[18:37:58.346887] Epoch: [10]  [320/458]  eta: 0:01:09  loss: 0.2445 (0.2639)  IoU (F channel): 0.0000 (0.0000)  IoU (C channel): 0.0000 (0.0000)  L1 (Db channel): 0.2575 (0.3080)  L1 (Dn channel): 0.2496 (0.2853)  lr: 0.000997  iter-time: 0.4840
[18:38:02.990225] Epoch: [10]  [330/458]  eta: 0:01:03  loss: 0.2083 (0.2635)  IoU (F channel): 0.0000 (0.0000)  IoU (C channel): 0.0000 (0.0000)  L1 (Db channel): 0.2515 (0.3062)  L1 (Dn channel): 0.2492 (0.2841)  lr: 0.000997  iter-time: 0.4914
[18:38:08.663052] Epoch: [10]  [340/458]  eta: 0:00:59  loss: 0.2006 (0.2625)  IoU (F channel): 0.0000 (0.0000)  IoU (C channel): 0.0000 (0.0000)  L1 (Db channel): 0.2484 (0.3045)  L1 (Dn channel): 0.2412 (0.2827)  lr: 0.000997  iter-time: 0.5158
[18:38:13.298464] Epoch: [10]  [350/458]  eta: 0:00:53  loss: 0.2011 (0.2630)  IoU (F channel): 0.0000 (0.0000)  IoU (C channel): 0.0000 (0.0000)  L1 (Db channel): 0.2634 (0.3036)  L1 (Dn channel): 0.2411 (0.2816)  lr: 0.000997  iter-time: 0.5148
[18:38:18.006534] Epoch: [10]  [360/458]  eta: 0:00:48  loss: 0.2396 (0.2621)  IoU (F channel): 0.0000 (0.0000)  IoU (C channel): 0.0000 (0.0000)  L1 (Db channel): 0.2730 (0.3028)  L1 (Dn channel): 0.2418 (0.2806)  lr: 0.000997  iter-time: 0.4666
[18:38:23.087292] Epoch: [10]  [370/458]  eta: 0:00:43  loss: 0.2396 (0.2626)  IoU (F channel): 0.0000 (0.0000)  IoU (C channel): 0.0000 (0.0000)  L1 (Db channel): 0.2697 (0.3020)  L1 (Dn channel): 0.2500 (0.2798)  lr: 0.000996  iter-time: 0.4894
[18:38:27.761863] Epoch: [10]  [380/458]  eta: 0:00:38  loss: 0.2881 (0.2641)  IoU (F channel): 0.0000 (0.0000)  IoU (C channel): 0.0000 (0.0000)  L1 (Db channel): 0.2711 (0.3012)  L1 (Dn channel): 0.2431 (0.2788)  lr: 0.000996  iter-time: 0.4877
[18:38:32.357719] Epoch: [10]  [390/458]  eta: 0:00:33  loss: 0.2545 (0.2632)  IoU (F channel): 0.0000 (0.0000)  IoU (C channel): 0.0000 (0.0000)  L1 (Db channel): 0.2687 (0.3003)  L1 (Dn channel): 0.2421 (0.2779)  lr: 0.000996  iter-time: 0.4635
[18:38:37.033181] Epoch: [10]  [400/458]  eta: 0:00:28  loss: 0.2171 (0.2635)  IoU (F channel): 0.0000 (0.0000)  IoU (C channel): 0.0000 (0.0000)  L1 (Db channel): 0.2628 (0.2994)  L1 (Dn channel): 0.2502 (0.2774)  lr: 0.000996  iter-time: 0.4635
[18:38:41.733988] Epoch: [10]  [410/458]  eta: 0:00:23  loss: 0.2966 (0.2651)  IoU (F channel): 0.0000 (0.0000)  IoU (C channel): 0.0000 (0.0000)  L1 (Db channel): 0.2725 (0.2990)  L1 (Dn channel): 0.2512 (0.2766)  lr: 0.000995  iter-time: 0.4687
[18:38:46.604121] Epoch: [10]  [420/458]  eta: 0:00:18  loss: 0.3113 (0.2661)  IoU (F channel): 0.0000 (0.0000)  IoU (C channel): 0.0000 (0.0000)  L1 (Db channel): 0.2831 (0.2986)  L1 (Dn channel): 0.2406 (0.2757)  lr: 0.000995  iter-time: 0.4785
[18:38:51.181510] Epoch: [10]  [430/458]  eta: 0:00:13  loss: 0.3096 (0.2675)  IoU (F channel): 0.0000 (0.0000)  IoU (C channel): 0.0000 (0.0000)  L1 (Db channel): 0.2846 (0.2983)  L1 (Dn channel): 0.2383 (0.2749)  lr: 0.000995  iter-time: 0.4723
[18:38:55.892605] Epoch: [10]  [440/458]  eta: 0:00:08  loss: 0.2688 (0.2680)  IoU (F channel): 0.0000 (0.0000)  IoU (C channel): 0.0000 (0.0000)  L1 (Db channel): 0.2820 (0.2978)  L1 (Dn channel): 0.2473 (0.2744)  lr: 0.000995  iter-time: 0.4644
[18:39:00.462804] Epoch: [10]  [450/458]  eta: 0:00:03  loss: 0.2266 (0.2675)  IoU (F channel): 0.0000 (0.0000)  IoU (C channel): 0.0000 (0.0000)  L1 (Db channel): 0.2595 (0.2969)  L1 (Dn channel): 0.2495 (0.2738)  lr: 0.000995  iter-time: 0.4635
[18:39:03.315641] Epoch: [10]  [457/458]  eta: 0:00:00  loss: 0.2265 (0.2673)  IoU (F channel): 0.0000 (0.0000)  IoU (C channel): 0.0000 (0.0000)  L1 (Db channel): 0.2537 (0.2961)  L1 (Dn channel): 0.2488 (0.2734)  lr: 0.000994  iter-time: 0.4415
[18:39:03.985291] Epoch: [10] Total time: 0:03:46 (0.4940 s / it)
[18:39:03.985398] [Train] averaged stats: loss: 0.2265 (0.2673)  IoU (F channel): 0.0000 (0.0000)  IoU (C channel): 0.0000 (0.0000)  L1 (Db channel): 0.2537 (0.2961)  L1 (Dn channel): 0.2488 (0.2734)  lr: 0.000994
[18:39:08.306800] Epoch: [10]  [ 0/52]  eta: 0:03:44  loss: 0.0052 (0.0052)  IoU (F channel): 0.0000 (0.0000)  IoU (C channel): 0.0000 (0.0000)  L1 (Db channel): 0.2949 (0.2949)  L1 (Dn channel): 0.3150 (0.3150)  iter-time: 4.3199
[18:39:10.028357] Epoch: [10]  [10/52]  eta: 0:00:23  loss: 0.1465 (0.1516)  IoU (F channel): 0.0000 (0.0000)  IoU (C channel): 0.0000 (0.0000)  L1 (Db channel): 0.2822 (0.2667)  L1 (Dn channel): 0.3068 (0.2774)  iter-time: 0.5492
[18:39:11.662780] Epoch: [10]  [20/52]  eta: 0:00:11  loss: 0.2982 (0.2373)  IoU (F channel): 0.0000 (0.0000)  IoU (C channel): 0.0000 (0.0000)  L1 (Db channel): 0.1958 (0.2229)  L1 (Dn channel): 0.2108 (0.2372)  iter-time: 0.1678
[18:39:13.294726] Epoch: [10]  [30/52]  eta: 0:00:06  loss: 0.2792 (0.1947)  IoU (F channel): 0.0000 (0.0000)  IoU (C channel): 0.0000 (0.0000)  L1 (Db channel): 0.1958 (0.2380)  L1 (Dn channel): 0.2301 (0.2558)  iter-time: 0.1633
[18:39:14.902853] Epoch: [10]  [40/52]  eta: 0:00:03  loss: 0.2041 (0.2427)  IoU (F channel): 0.0000 (0.0000)  IoU (C channel): 0.0000 (0.0000)  L1 (Db channel): 0.2167 (0.2213)  L1 (Dn channel): 0.2445 (0.2439)  iter-time: 0.1620
[18:39:16.460352] Epoch: [10]  [50/52]  eta: 0:00:00  loss: 0.3624 (0.2494)  IoU (F channel): 0.0000 (0.0000)  IoU (C channel): 0.0000 (0.0000)  L1 (Db channel): 0.1775 (0.2241)  L1 (Dn channel): 0.2057 (0.2461)  iter-time: 0.1582
[18:39:16.551748] Epoch: [10]  [51/52]  eta: 0:00:00  loss: 0.3131 (0.2447)  IoU (F channel): 0.0000 (0.0000)  IoU (C channel): 0.0000 (0.0000)  L1 (Db channel): 0.1775 (0.2256)  L1 (Dn channel): 0.2057 (0.2473)  iter-time: 0.1550
[18:39:17.299462] Epoch: [10] Total time: 0:00:13 (0.2560 s / it)
[18:39:17.299488] [Val] averaged stats: loss: 0.3131 (0.2447)  IoU (F channel): 0.0000 (0.0000)  IoU (C channel): 0.0000 (0.0000)  L1 (Db channel): 0.1775 (0.2256)  L1 (Dn channel): 0.2057 (0.2473)
[18:39:17.299859] Val loss improved from 0.24629721589959586 to 0.2446715943604851, saving model to metrics/biapy/biapy-py_v1/checkpoints/biapy-py_v1_0-checkpoint-best.pth
[18:39:17.401079] [Val] best loss: 0.2447 best  IoU (F channel): 0.0000 IoU (C channel): 0.0000 L1 (Db channel): 0.2256 L1 (Dn channel): 0.2473 
[18:39:17.409772] Creating training plots . . .
[18:39:23.287372] [Time] 4.1m 41.6m/2.1h

[18:39:23.287394] ~~~ Epoch 11/30 ~~~

[18:39:28.475185] Epoch: [11]  [  0/458]  eta: 0:39:35  loss: 0.3673 (0.3673)  IoU (F channel): 0.0000 (0.0000)  IoU (C channel): 0.0000 (0.0000)  L1 (Db channel): 0.2458 (0.2458)  L1 (Dn channel): 0.2477 (0.2477)  lr: 0.000994  iter-time: 5.1865
[18:39:33.090840] Epoch: [11]  [ 10/458]  eta: 0:06:39  loss: 0.3003 (0.3182)  IoU (F channel): 0.0000 (0.0000)  IoU (C channel): 0.0000 (0.0000)  L1 (Db channel): 0.2595 (0.2583)  L1 (Dn channel): 0.2523 (0.2521)  lr: 0.000994  iter-time: 0.8910
[18:39:39.571953] Epoch: [11]  [ 20/458]  eta: 0:05:39  loss: 0.2768 (0.2992)  IoU (F channel): 0.0000 (0.0000)  IoU (C channel): 0.0000 (0.0000)  L1 (Db channel): 0.2715 (0.2712)  L1 (Dn channel): 0.2544 (0.2544)  lr: 0.000994  iter-time: 0.5548
[18:39:44.154697] Epoch: [11]  [ 30/458]  eta: 0:04:48  loss: 0.2499 (0.3095)  IoU (F channel): 0.0000 (0.0000)  IoU (C channel): 0.0000 (0.0000)  L1 (Db channel): 0.2832 (0.2742)  L1 (Dn channel): 0.2548 (0.2541)  lr: 0.000994  iter-time: 0.5531
[18:39:49.068632] Epoch: [11]  [ 40/458]  eta: 0:04:22  loss: 0.2607 (0.3031)  IoU (F channel): 0.0000 (0.0000)  IoU (C channel): 0.0000 (0.0000)  L1 (Db channel): 0.2619 (0.2703)  L1 (Dn channel): 0.2443 (0.2499)  lr: 0.000993  iter-time: 0.4748
[18:39:54.031349] Epoch: [11]  [ 50/458]  eta: 0:04:05  loss: 0.2930 (0.3044)  IoU (F channel): 0.0000 (0.0000)  IoU (C channel): 0.0000 (0.0000)  L1 (Db channel): 0.2565 (0.2676)  L1 (Dn channel): 0.2364 (0.2475)  lr: 0.000993  iter-time: 0.4938
[18:39:58.912825] Epoch: [11]  [ 60/458]  eta: 0:03:52  loss: 0.2692 (0.2983)  IoU (F channel): 0.0000 (0.0000)  IoU (C channel): 0.0000 (0.0000)  L1 (Db channel): 0.2588 (0.2672)  L1 (Dn channel): 0.2396 (0.2469)  lr: 0.000993  iter-time: 0.4921
[18:40:04.148826] Epoch: [11]  [ 70/458]  eta: 0:03:43  loss: 0.2216 (0.2897)  IoU (F channel): 0.0000 (0.0000)  IoU (C channel): 0.0000 (0.0000)  L1 (Db channel): 0.2714 (0.2700)  L1 (Dn channel): 0.2479 (0.2483)  lr: 0.000993  iter-time: 0.5058
[18:40:09.073821] Epoch: [11]  [ 80/458]  eta: 0:03:33  loss: 0.1945 (0.2830)  IoU (F channel): 0.0000 (0.0000)  IoU (C channel): 0.0000 (0.0000)  L1 (Db channel): 0.2887 (0.2726)  L1 (Dn channel): 0.2600 (0.2502)  lr: 0.000992  iter-time: 0.5080
[18:40:13.770009] Epoch: [11]  [ 90/458]  eta: 0:03:24  loss: 0.2067 (0.2822)  IoU (F channel): 0.0000 (0.0000)  IoU (C channel): 0.0000 (0.0000)  L1 (Db channel): 0.2851 (0.2741)  L1 (Dn channel): 0.2600 (0.2508)  lr: 0.000992  iter-time: 0.4810
[18:40:18.796768] Epoch: [11]  [100/458]  eta: 0:03:16  loss: 0.2183 (0.2848)  IoU (F channel): 0.0000 (0.0000)  IoU (C channel): 0.0000 (0.0000)  L1 (Db channel): 0.2825 (0.2743)  L1 (Dn channel): 0.2558 (0.2515)  lr: 0.000992  iter-time: 0.4861
[18:40:23.525617] Epoch: [11]  [110/458]  eta: 0:03:08  loss: 0.2086 (0.2773)  IoU (F channel): 0.0000 (0.0000)  IoU (C channel): 0.0000 (0.0000)  L1 (Db channel): 0.2709 (0.2736)  L1 (Dn channel): 0.2598 (0.2526)  lr: 0.000991  iter-time: 0.4877
[18:40:28.360809] Epoch: [11]  [120/458]  eta: 0:03:01  loss: 0.1804 (0.2694)  IoU (F channel): 0.0000 (0.0000)  IoU (C channel): 0.0000 (0.0000)  L1 (Db channel): 0.2653 (0.2730)  L1 (Dn channel): 0.2644 (0.2535)  lr: 0.000991  iter-time: 0.4781
[18:40:33.230978] Epoch: [11]  [130/458]  eta: 0:02:55  loss: 0.2059 (0.2712)  IoU (F channel): 0.0000 (0.0000)  IoU (C channel): 0.0000 (0.0000)  L1 (Db channel): 0.2493 (0.2708)  L1 (Dn channel): 0.2479 (0.2527)  lr: 0.000991  iter-time: 0.4852
[18:40:38.762985] Epoch: [11]  [140/458]  eta: 0:02:50  loss: 0.2547 (0.2698)  IoU (F channel): 0.0000 (0.0000)  IoU (C channel): 0.0000 (0.0000)  L1 (Db channel): 0.2500 (0.2709)  L1 (Dn channel): 0.2462 (0.2525)  lr: 0.000990  iter-time: 0.5200
[18:40:43.268579] Epoch: [11]  [150/458]  eta: 0:02:43  loss: 0.2431 (0.2713)  IoU (F channel): 0.0000 (0.0000)  IoU (C channel): 0.0000 (0.0000)  L1 (Db channel): 0.2503 (0.2690)  L1 (Dn channel): 0.2509 (0.2526)  lr: 0.000990  iter-time: 0.5018
[18:40:47.749899] Epoch: [11]  [160/458]  eta: 0:02:36  loss: 0.2309 (0.2706)  IoU (F channel): 0.0000 (0.0000)  IoU (C channel): 0.0000 (0.0000)  L1 (Db channel): 0.2400 (0.2671)  L1 (Dn channel): 0.2520 (0.2526)  lr: 0.000990  iter-time: 0.4493
[18:40:52.441310] Epoch: [11]  [170/458]  eta: 0:02:30  loss: 0.2474 (0.2720)  IoU (F channel): 0.0000 (0.0000)  IoU (C channel): 0.0000 (0.0000)  L1 (Db channel): 0.2517 (0.2673)  L1 (Dn channel): 0.2536 (0.2529)  lr: 0.000989  iter-time: 0.4586
[18:40:58.227832] Epoch: [11]  [180/458]  eta: 0:02:25  loss: 0.2694 (0.2717)  IoU (F channel): 0.0000 (0.0000)  IoU (C channel): 0.0000 (0.0000)  L1 (Db channel): 0.2683 (0.2673)  L1 (Dn channel): 0.2629 (0.2538)  lr: 0.000989  iter-time: 0.5238
[18:41:03.433971] Epoch: [11]  [190/458]  eta: 0:02:20  loss: 0.2277 (0.2677)  IoU (F channel): 0.0000 (0.0000)  IoU (C channel): 0.0000 (0.0000)  L1 (Db channel): 0.2523 (0.2660)  L1 (Dn channel): 0.2680 (0.2545)  lr: 0.000989  iter-time: 0.5496
[18:41:07.941359] Epoch: [11]  [200/458]  eta: 0:02:14  loss: 0.2010 (0.2655)  IoU (F channel): 0.0000 (0.0000)  IoU (C channel): 0.0000 (0.0000)  L1 (Db channel): 0.2369 (0.2644)  L1 (Dn channel): 0.2670 (0.2551)  lr: 0.000988  iter-time: 0.4856
[18:41:12.966821] Epoch: [11]  [210/458]  eta: 0:02:08  loss: 0.2357 (0.2674)  IoU (F channel): 0.0000 (0.0000)  IoU (C channel): 0.0000 (0.0000)  L1 (Db channel): 0.2341 (0.2631)  L1 (Dn channel): 0.2610 (0.2551)  lr: 0.000988  iter-time: 0.4766
[18:41:17.581835] Epoch: [11]  [220/458]  eta: 0:02:03  loss: 0.2881 (0.2686)  IoU (F channel): 0.0000 (0.0000)  IoU (C channel): 0.0000 (0.0000)  L1 (Db channel): 0.2372 (0.2619)  L1 (Dn channel): 0.2498 (0.2546)  lr: 0.000988  iter-time: 0.4820
[18:41:22.101183] Epoch: [11]  [230/458]  eta: 0:01:57  loss: 0.2432 (0.2697)  IoU (F channel): 0.0000 (0.0000)  IoU (C channel): 0.0000 (0.0000)  L1 (Db channel): 0.2317 (0.2605)  L1 (Dn channel): 0.2422 (0.2540)  lr: 0.000987  iter-time: 0.4567
[18:41:26.711334] Epoch: [11]  [240/458]  eta: 0:01:51  loss: 0.2328 (0.2679)  IoU (F channel): 0.0000 (0.0000)  IoU (C channel): 0.0000 (0.0000)  L1 (Db channel): 0.2229 (0.2587)  L1 (Dn channel): 0.2396 (0.2534)  lr: 0.000987  iter-time: 0.4564
[18:41:31.778997] Epoch: [11]  [250/458]  eta: 0:01:46  loss: 0.2493 (0.2705)  IoU (F channel): 0.0000 (0.0001)  IoU (C channel): 0.0000 (0.0000)  L1 (Db channel): 0.2260 (0.2578)  L1 (Dn channel): 0.2452 (0.2533)  lr: 0.000987  iter-time: 0.4838
[18:41:36.657415] Epoch: [11]  [260/458]  eta: 0:01:41  loss: 0.3044 (0.2718)  IoU (F channel): 0.0000 (0.0001)  IoU (C channel): 0.0000 (0.0000)  L1 (Db channel): 0.2433 (0.2576)  L1 (Dn channel): 0.2535 (0.2533)  lr: 0.000986  iter-time: 0.4966
[18:41:41.217699] Epoch: [11]  [270/458]  eta: 0:01:35  loss: 0.2550 (0.2713)  IoU (F channel): 0.0000 (0.0001)  IoU (C channel): 0.0000 (0.0000)  L1 (Db channel): 0.2668 (0.2584)  L1 (Dn channel): 0.2550 (0.2535)  lr: 0.000986  iter-time: 0.4713
[18:41:46.585957] Epoch: [11]  [280/458]  eta: 0:01:30  loss: 0.1885 (0.2685)  IoU (F channel): 0.0000 (0.0000)  IoU (C channel): 0.0000 (0.0000)  L1 (Db channel): 0.2669 (0.2581)  L1 (Dn channel): 0.2569 (0.2536)  lr: 0.000985  iter-time: 0.4954
[18:41:51.063633] Epoch: [11]  [290/458]  eta: 0:01:25  loss: 0.1527 (0.2687)  IoU (F channel): 0.0000 (0.0001)  IoU (C channel): 0.0000 (0.0000)  L1 (Db channel): 0.2418 (0.2573)  L1 (Dn channel): 0.2560 (0.2538)  lr: 0.000985  iter-time: 0.4912
[18:41:57.102623] Epoch: [11]  [300/458]  eta: 0:01:20  loss: 0.2444 (0.2691)  IoU (F channel): 0.0000 (0.0000)  IoU (C channel): 0.0000 (0.0000)  L1 (Db channel): 0.2428 (0.2569)  L1 (Dn channel): 0.2530 (0.2536)  lr: 0.000985  iter-time: 0.5258
[18:42:01.619159] Epoch: [11]  [310/458]  eta: 0:01:15  loss: 0.2244 (0.2682)  IoU (F channel): 0.0000 (0.0000)  IoU (C channel): 0.0000 (0.0000)  L1 (Db channel): 0.2490 (0.2575)  L1 (Dn channel): 0.2540 (0.2545)  lr: 0.000984  iter-time: 0.5277
[18:42:06.260833] Epoch: [11]  [320/458]  eta: 0:01:10  loss: 0.2197 (0.2698)  IoU (F channel): 0.0000 (0.0000)  IoU (C channel): 0.0000 (0.0000)  L1 (Db channel): 0.2618 (0.2574)  L1 (Dn channel): 0.2930 (0.2559)  lr: 0.000984  iter-time: 0.4578
[18:42:11.045643] Epoch: [11]  [330/458]  eta: 0:01:04  loss: 0.2173 (0.2684)  IoU (F channel): 0.0000 (0.0000)  IoU (C channel): 0.0000 (0.0000)  L1 (Db channel): 0.2433 (0.2569)  L1 (Dn channel): 0.2789 (0.2560)  lr: 0.000983  iter-time: 0.4712
[18:42:16.085535] Epoch: [11]  [340/458]  eta: 0:00:59  loss: 0.2326 (0.2701)  IoU (F channel): 0.0000 (0.0000)  IoU (C channel): 0.0000 (0.0000)  L1 (Db channel): 0.2351 (0.2562)  L1 (Dn channel): 0.2482 (0.2557)  lr: 0.000983  iter-time: 0.4911
[18:42:20.827072] Epoch: [11]  [350/458]  eta: 0:00:54  loss: 0.2354 (0.2691)  IoU (F channel): 0.0000 (0.0000)  IoU (C channel): 0.0000 (0.0000)  L1 (Db channel): 0.2326 (0.2555)  L1 (Dn channel): 0.2460 (0.2554)  lr: 0.000983  iter-time: 0.4890
[18:42:25.330887] Epoch: [11]  [360/458]  eta: 0:00:49  loss: 0.1968 (0.2674)  IoU (F channel): 0.0000 (0.0000)  IoU (C channel): 0.0000 (0.0000)  L1 (Db channel): 0.2422 (0.2555)  L1 (Dn channel): 0.2478 (0.2552)  lr: 0.000982  iter-time: 0.4622
[18:42:30.268091] Epoch: [11]  [370/458]  eta: 0:00:44  loss: 0.1865 (0.2668)  IoU (F channel): 0.0000 (0.0001)  IoU (C channel): 0.0000 (0.0000)  L1 (Db channel): 0.2501 (0.2553)  L1 (Dn channel): 0.2452 (0.2549)  lr: 0.000982  iter-time: 0.4720
[18:42:35.639218] Epoch: [11]  [380/458]  eta: 0:00:39  loss: 0.2058 (0.2659)  IoU (F channel): 0.0000 (0.0001)  IoU (C channel): 0.0000 (0.0000)  L1 (Db channel): 0.2462 (0.2550)  L1 (Dn channel): 0.2396 (0.2543)  lr: 0.000981  iter-time: 0.5153
[18:42:40.403862] Epoch: [11]  [390/458]  eta: 0:00:34  loss: 0.2058 (0.2641)  IoU (F channel): 0.0000 (0.0001)  IoU (C channel): 0.0000 (0.0000)  L1 (Db channel): 0.2436 (0.2546)  L1 (Dn channel): 0.2401 (0.2541)  lr: 0.000981  iter-time: 0.5067
[18:42:45.006745] Epoch: [11]  [400/458]  eta: 0:00:29  loss: 0.2161 (0.2639)  IoU (F channel): 0.0000 (0.0000)  IoU (C channel): 0.0000 (0.0000)  L1 (Db channel): 0.2373 (0.2542)  L1 (Dn channel): 0.2500 (0.2541)  lr: 0.000980  iter-time: 0.4683
[18:42:49.593892] Epoch: [11]  [410/458]  eta: 0:00:24  loss: 0.2569 (0.2647)  IoU (F channel): 0.0000 (0.0000)  IoU (C channel): 0.0000 (0.0000)  L1 (Db channel): 0.2535 (0.2547)  L1 (Dn channel): 0.2571 (0.2544)  lr: 0.000980  iter-time: 0.4594
[18:42:54.698042] Epoch: [11]  [420/458]  eta: 0:00:19  loss: 0.2238 (0.2636)  IoU (F channel): 0.0000 (0.0000)  IoU (C channel): 0.0000 (0.0000)  L1 (Db channel): 0.2266 (0.2537)  L1 (Dn channel): 0.2710 (0.2550)  lr: 0.000979  iter-time: 0.4845
[18:42:59.700688] Epoch: [11]  [430/458]  eta: 0:00:14  loss: 0.2456 (0.2642)  IoU (F channel): 0.0000 (0.0000)  IoU (C channel): 0.0000 (0.0000)  L1 (Db channel): 0.2004 (0.2522)  L1 (Dn channel): 0.2723 (0.2551)  lr: 0.000979  iter-time: 0.5053
[18:43:05.056671] Epoch: [11]  [440/458]  eta: 0:00:09  loss: 0.2494 (0.2644)  IoU (F channel): 0.0000 (0.0000)  IoU (C channel): 0.0000 (0.0000)  L1 (Db channel): 0.1797 (0.2505)  L1 (Dn channel): 0.2404 (0.2546)  lr: 0.000979  iter-time: 0.5179
[18:43:09.505353] Epoch: [11]  [450/458]  eta: 0:00:04  loss: 0.2140 (0.2652)  IoU (F channel): 0.0000 (0.0000)  IoU (C channel): 0.0000 (0.0000)  L1 (Db channel): 0.1791 (0.2490)  L1 (Dn channel): 0.2370 (0.2543)  lr: 0.000978  iter-time: 0.4902
[18:43:12.351212] Epoch: [11]  [457/458]  eta: 0:00:00  loss: 0.1986 (0.2639)  IoU (F channel): 0.0000 (0.0000)  IoU (C channel): 0.0000 (0.0000)  L1 (Db channel): 0.1835 (0.2481)  L1 (Dn channel): 0.2410 (0.2542)  lr: 0.000978  iter-time: 0.4742
[18:43:13.054816] Epoch: [11] Total time: 0:03:49 (0.5017 s / it)
[18:43:13.054869] [Train] averaged stats: loss: 0.1986 (0.2639)  IoU (F channel): 0.0000 (0.0000)  IoU (C channel): 0.0000 (0.0000)  L1 (Db channel): 0.1835 (0.2481)  L1 (Dn channel): 0.2410 (0.2542)  lr: 0.000978
[18:43:17.584859] Epoch: [11]  [ 0/52]  eta: 0:03:55  loss: 0.0031 (0.0031)  IoU (F channel): 0.0000 (0.0000)  IoU (C channel): 0.0000 (0.0000)  L1 (Db channel): 0.2041 (0.2041)  L1 (Dn channel): 0.3496 (0.3496)  iter-time: 4.5287
[18:43:19.234886] Epoch: [11]  [10/52]  eta: 0:00:23  loss: 0.0993 (0.1338)  IoU (F channel): 0.0000 (0.0000)  IoU (C channel): 0.0000 (0.0000)  L1 (Db channel): 0.2164 (0.2154)  L1 (Dn channel): 0.3156 (0.2894)  iter-time: 0.5617
[18:43:20.996535] Epoch: [11]  [20/52]  eta: 0:00:12  loss: 0.2750 (0.2274)  IoU (F channel): 0.0000 (0.0000)  IoU (C channel): 0.0000 (0.0000)  L1 (Db channel): 0.2121 (0.2138)  L1 (Dn channel): 0.1936 (0.2296)  iter-time: 0.1705
[18:43:22.678199] Epoch: [11]  [30/52]  eta: 0:00:06  loss: 0.2750 (0.1893)  IoU (F channel): 0.0000 (0.0000)  IoU (C channel): 0.0000 (0.0000)  L1 (Db channel): 0.2076 (0.2117)  L1 (Dn channel): 0.1991 (0.2549)  iter-time: 0.1721
[18:43:24.284133] Epoch: [11]  [40/52]  eta: 0:00:03  loss: 0.1978 (0.2402)  IoU (F channel): 0.0000 (0.0000)  IoU (C channel): 0.0000 (0.0000)  L1 (Db channel): 0.1933 (0.2041)  L1 (Dn channel): 0.2248 (0.2392)  iter-time: 0.1643
[18:43:25.877590] Epoch: [11]  [50/52]  eta: 0:00:00  loss: 0.3524 (0.2494)  IoU (F channel): 0.0000 (0.0001)  IoU (C channel): 0.0000 (0.0000)  L1 (Db channel): 0.1858 (0.2034)  L1 (Dn channel): 0.1865 (0.2425)  iter-time: 0.1599
[18:43:25.968891] Epoch: [11]  [51/52]  eta: 0:00:00  loss: 0.2970 (0.2446)  IoU (F channel): 0.0000 (0.0001)  IoU (C channel): 0.0000 (0.0000)  L1 (Db channel): 0.1858 (0.2036)  L1 (Dn channel): 0.1865 (0.2444)  iter-time: 0.1567
[18:43:26.887115] Epoch: [11] Total time: 0:00:13 (0.2660 s / it)
[18:43:26.887146] [Val] averaged stats: loss: 0.2970 (0.2446)  IoU (F channel): 0.0000 (0.0001)  IoU (C channel): 0.0000 (0.0000)  L1 (Db channel): 0.1858 (0.2036)  L1 (Dn channel): 0.1865 (0.2444)
[18:43:26.887562] Val loss improved from 0.2446715943604851 to 0.2446258576327147, saving model to metrics/biapy/biapy-py_v1/checkpoints/biapy-py_v1_0-checkpoint-best.pth
[18:43:26.991627] [Val] best loss: 0.2446 best  IoU (F channel): 0.0001 IoU (C channel): 0.0000 L1 (Db channel): 0.2036 L1 (Dn channel): 0.2444 
[18:43:26.999881] [Time] 4.1m 45.7m/2.1h

[18:43:26.999894] ~~~ Epoch 12/30 ~~~

[18:43:32.238129] Epoch: [12]  [  0/458]  eta: 0:39:58  loss: 0.1831 (0.1831)  IoU (F channel): 0.0000 (0.0000)  IoU (C channel): 0.0000 (0.0000)  L1 (Db channel): 0.1878 (0.1878)  L1 (Dn channel): 0.2478 (0.2478)  lr: 0.000978  iter-time: 5.2371
[18:43:38.202884] Epoch: [12]  [ 10/458]  eta: 0:07:36  loss: 0.2014 (0.2225)  IoU (F channel): 0.0000 (0.0000)  IoU (C channel): 0.0000 (0.0000)  L1 (Db channel): 0.1950 (0.1951)  L1 (Dn channel): 0.2502 (0.2510)  lr: 0.000977  iter-time: 1.0183
[18:43:43.070759] Epoch: [12]  [ 20/458]  eta: 0:05:35  loss: 0.2054 (0.2190)  IoU (F channel): 0.0000 (0.0001)  IoU (C channel): 0.0000 (0.0000)  L1 (Db channel): 0.1947 (0.1957)  L1 (Dn channel): 0.2492 (0.2498)  lr: 0.000977  iter-time: 0.5416
[18:43:48.033073] Epoch: [12]  [ 30/458]  eta: 0:04:50  loss: 0.2338 (0.2442)  IoU (F channel): 0.0000 (0.0001)  IoU (C channel): 0.0000 (0.0000)  L1 (Db channel): 0.1913 (0.1939)  L1 (Dn channel): 0.2452 (0.2482)  lr: 0.000976  iter-time: 0.4915
[18:43:52.507246] Epoch: [12]  [ 40/458]  eta: 0:04:19  loss: 0.2363 (0.2464)  IoU (F channel): 0.0000 (0.0001)  IoU (C channel): 0.0000 (0.0000)  L1 (Db channel): 0.1882 (0.1933)  L1 (Dn channel): 0.2424 (0.2462)  lr: 0.000976  iter-time: 0.4715
[18:43:58.149900] Epoch: [12]  [ 50/458]  eta: 0:04:09  loss: 0.2062 (0.2529)  IoU (F channel): 0.0000 (0.0001)  IoU (C channel): 0.0000 (0.0000)  L1 (Db channel): 0.2007 (0.2088)  L1 (Dn channel): 0.2393 (0.2450)  lr: 0.000975  iter-time: 0.5055
[18:44:02.919628] Epoch: [12]  [ 60/458]  eta: 0:03:54  loss: 0.2315 (0.2545)  IoU (F channel): 0.0000 (0.0000)  IoU (C channel): 0.0000 (0.0000)  L1 (Db channel): 0.2880 (0.2239)  L1 (Dn channel): 0.2416 (0.2457)  lr: 0.000975  iter-time: 0.5205
[18:44:07.583824] Epoch: [12]  [ 70/458]  eta: 0:03:41  loss: 0.2315 (0.2512)  IoU (F channel): 0.0000 (0.0000)  IoU (C channel): 0.0000 (0.0000)  L1 (Db channel): 0.2918 (0.2333)  L1 (Dn channel): 0.2567 (0.2479)  lr: 0.000974  iter-time: 0.4716
[18:44:12.785186] Epoch: [12]  [ 80/458]  eta: 0:03:33  loss: 0.2243 (0.2535)  IoU (F channel): 0.0000 (0.0000)  IoU (C channel): 0.0000 (0.0000)  L1 (Db channel): 0.2813 (0.2380)  L1 (Dn channel): 0.2592 (0.2490)  lr: 0.000974  iter-time: 0.4932
[18:44:17.708453] Epoch: [12]  [ 90/458]  eta: 0:03:24  loss: 0.2243 (0.2516)  IoU (F channel): 0.0000 (0.0000)  IoU (C channel): 0.0000 (0.0000)  L1 (Db channel): 0.2432 (0.2366)  L1 (Dn channel): 0.2460 (0.2479)  lr: 0.000973  iter-time: 0.5056
[18:44:22.833277] Epoch: [12]  [100/458]  eta: 0:03:17  loss: 0.1863 (0.2464)  IoU (F channel): 0.0000 (0.0000)  IoU (C channel): 0.0000 (0.0000)  L1 (Db channel): 0.2194 (0.2346)  L1 (Dn channel): 0.2335 (0.2462)  lr: 0.000973  iter-time: 0.5017
[18:44:27.402445] Epoch: [12]  [110/458]  eta: 0:03:09  loss: 0.1649 (0.2425)  IoU (F channel): 0.0000 (0.0000)  IoU (C channel): 0.0000 (0.0000)  L1 (Db channel): 0.2139 (0.2325)  L1 (Dn channel): 0.2306 (0.2450)  lr: 0.000972  iter-time: 0.4846
[18:44:32.252811] Epoch: [12]  [120/458]  eta: 0:03:02  loss: 0.1933 (0.2449)  IoU (F channel): 0.0000 (0.0000)  IoU (C channel): 0.0000 (0.0000)  L1 (Db channel): 0.2179 (0.2322)  L1 (Dn channel): 0.2332 (0.2447)  lr: 0.000972  iter-time: 0.4709
[18:44:37.439680] Epoch: [12]  [130/458]  eta: 0:02:56  loss: 0.2514 (0.2458)  IoU (F channel): 0.0000 (0.0000)  IoU (C channel): 0.0000 (0.0000)  L1 (Db channel): 0.2272 (0.2322)  L1 (Dn channel): 0.2454 (0.2448)  lr: 0.000971  iter-time: 0.5018
[18:44:42.320824] Epoch: [12]  [140/458]  eta: 0:02:49  loss: 0.2636 (0.2484)  IoU (F channel): 0.0000 (0.0000)  IoU (C channel): 0.0000 (0.0000)  L1 (Db channel): 0.2233 (0.2313)  L1 (Dn channel): 0.2423 (0.2446)  lr: 0.000970  iter-time: 0.5033
[18:44:47.740068] Epoch: [12]  [150/458]  eta: 0:02:44  loss: 0.2554 (0.2508)  IoU (F channel): 0.0000 (0.0000)  IoU (C channel): 0.0000 (0.0000)  L1 (Db channel): 0.2175 (0.2303)  L1 (Dn channel): 0.2394 (0.2441)  lr: 0.000970  iter-time: 0.5150
[18:44:52.200453] Epoch: [12]  [160/458]  eta: 0:02:37  loss: 0.2582 (0.2559)  IoU (F channel): 0.0000 (0.0000)  IoU (C channel): 0.0000 (0.0000)  L1 (Db channel): 0.2233 (0.2304)  L1 (Dn channel): 0.2361 (0.2436)  lr: 0.000969  iter-time: 0.4939
[18:44:56.713326] Epoch: [12]  [170/458]  eta: 0:02:31  loss: 0.2893 (0.2579)  IoU (F channel): 0.0000 (0.0000)  IoU (C channel): 0.0000 (0.0001)  L1 (Db channel): 0.2301 (0.2303)  L1 (Dn channel): 0.2417 (0.2440)  lr: 0.000969  iter-time: 0.4486
[18:45:01.754442] Epoch: [12]  [180/458]  eta: 0:02:25  loss: 0.2592 (0.2601)  IoU (F channel): 0.0000 (0.0000)  IoU (C channel): 0.0000 (0.0001)  L1 (Db channel): 0.2349 (0.2315)  L1 (Dn channel): 0.2495 (0.2446)  lr: 0.000968  iter-time: 0.4776
[18:45:06.465966] Epoch: [12]  [190/458]  eta: 0:02:19  loss: 0.2294 (0.2586)  IoU (F channel): 0.0000 (0.0000)  IoU (C channel): 0.0000 (0.0001)  L1 (Db channel): 0.2246 (0.2309)  L1 (Dn channel): 0.2540 (0.2453)  lr: 0.000968  iter-time: 0.4876
[18:45:11.103863] Epoch: [12]  [200/458]  eta: 0:02:13  loss: 0.2196 (0.2581)  IoU (F channel): 0.0000 (0.0000)  IoU (C channel): 0.0000 (0.0001)  L1 (Db channel): 0.2188 (0.2302)  L1 (Dn channel): 0.2672 (0.2467)  lr: 0.000967  iter-time: 0.4674
[18:45:16.007672] Epoch: [12]  [210/458]  eta: 0:02:08  loss: 0.2276 (0.2575)  IoU (F channel): 0.0000 (0.0000)  IoU (C channel): 0.0000 (0.0001)  L1 (Db channel): 0.2075 (0.2290)  L1 (Dn channel): 0.2728 (0.2479)  lr: 0.000966  iter-time: 0.4770
[18:45:20.819812] Epoch: [12]  [220/458]  eta: 0:02:02  loss: 0.2267 (0.2568)  IoU (F channel): 0.0000 (0.0000)  IoU (C channel): 0.0000 (0.0001)  L1 (Db channel): 0.2092 (0.2283)  L1 (Dn channel): 0.2749 (0.2494)  lr: 0.000966  iter-time: 0.4857
[18:45:25.809183] Epoch: [12]  [230/458]  eta: 0:01:57  loss: 0.2348 (0.2583)  IoU (F channel): 0.0000 (0.0000)  IoU (C channel): 0.0000 (0.0001)  L1 (Db channel): 0.2134 (0.2277)  L1 (Dn channel): 0.2854 (0.2510)  lr: 0.000965  iter-time: 0.4900
[18:45:31.192569] Epoch: [12]  [240/458]  eta: 0:01:52  loss: 0.2884 (0.2598)  IoU (F channel): 0.0000 (0.0000)  IoU (C channel): 0.0000 (0.0001)  L1 (Db channel): 0.2198 (0.2281)  L1 (Dn channel): 0.2812 (0.2519)  lr: 0.000965  iter-time: 0.5186
[18:45:36.351857] Epoch: [12]  [250/458]  eta: 0:01:47  loss: 0.2324 (0.2581)  IoU (F channel): 0.0000 (0.0000)  IoU (C channel): 0.0000 (0.0001)  L1 (Db channel): 0.2834 (0.2318)  L1 (Dn channel): 0.2779 (0.2530)  lr: 0.000964  iter-time: 0.5271
[18:45:40.820634] Epoch: [12]  [260/458]  eta: 0:01:41  loss: 0.1701 (0.2560)  IoU (F channel): 0.0000 (0.0000)  IoU (C channel): 0.0000 (0.0001)  L1 (Db channel): 0.3101 (0.2347)  L1 (Dn channel): 0.2632 (0.2527)  lr: 0.000963  iter-time: 0.4813
[18:45:45.746893] Epoch: [12]  [270/458]  eta: 0:01:36  loss: 0.1723 (0.2550)  IoU (F channel): 0.0000 (0.0000)  IoU (C channel): 0.0000 (0.0001)  L1 (Db channel): 0.2878 (0.2357)  L1 (Dn channel): 0.2223 (0.2514)  lr: 0.000963  iter-time: 0.4697
[18:45:50.937001] Epoch: [12]  [280/458]  eta: 0:01:31  loss: 0.1965 (0.2532)  IoU (F channel): 0.0000 (0.0000)  IoU (C channel): 0.0000 (0.0001)  L1 (Db channel): 0.2351 (0.2341)  L1 (Dn channel): 0.2177 (0.2502)  lr: 0.000962  iter-time: 0.5057
[18:45:55.936816] Epoch: [12]  [290/458]  eta: 0:01:25  loss: 0.1680 (0.2514)  IoU (F channel): 0.0000 (0.0000)  IoU (C channel): 0.0000 (0.0001)  L1 (Db channel): 0.1808 (0.2322)  L1 (Dn channel): 0.2115 (0.2487)  lr: 0.000962  iter-time: 0.5094
[18:46:00.496109] Epoch: [12]  [300/458]  eta: 0:01:20  loss: 0.1680 (0.2515)  IoU (F channel): 0.0000 (0.0000)  IoU (C channel): 0.0000 (0.0001)  L1 (Db channel): 0.1791 (0.2305)  L1 (Dn channel): 0.2044 (0.2472)  lr: 0.000961  iter-time: 0.4779
[18:46:05.017771] Epoch: [12]  [310/458]  eta: 0:01:15  loss: 0.1997 (0.2516)  IoU (F channel): 0.0000 (0.0000)  IoU (C channel): 0.0000 (0.0001)  L1 (Db channel): 0.1861 (0.2293)  L1 (Dn channel): 0.2154 (0.2466)  lr: 0.000960  iter-time: 0.4540
[18:46:10.430936] Epoch: [12]  [320/458]  eta: 0:01:10  loss: 0.2257 (0.2522)  IoU (F channel): 0.0000 (0.0000)  IoU (C channel): 0.0000 (0.0001)  L1 (Db channel): 0.1927 (0.2282)  L1 (Dn channel): 0.2319 (0.2463)  lr: 0.000960  iter-time: 0.4967
[18:46:15.414597] Epoch: [12]  [330/458]  eta: 0:01:05  loss: 0.2679 (0.2547)  IoU (F channel): 0.0000 (0.0000)  IoU (C channel): 0.0000 (0.0001)  L1 (Db channel): 0.1918 (0.2270)  L1 (Dn channel): 0.2305 (0.2456)  lr: 0.000959  iter-time: 0.5198
[18:46:19.955720] Epoch: [12]  [340/458]  eta: 0:00:59  loss: 0.2761 (0.2541)  IoU (F channel): 0.0000 (0.0000)  IoU (C channel): 0.0000 (0.0001)  L1 (Db channel): 0.1981 (0.2269)  L1 (Dn channel): 0.2231 (0.2450)  lr: 0.000958  iter-time: 0.4762
[18:46:24.627904] Epoch: [12]  [350/458]  eta: 0:00:54  loss: 0.2203 (0.2538)  IoU (F channel): 0.0000 (0.0000)  IoU (C channel): 0.0000 (0.0001)  L1 (Db channel): 0.2365 (0.2272)  L1 (Dn channel): 0.2398 (0.2450)  lr: 0.000958  iter-time: 0.4606
[18:46:29.914203] Epoch: [12]  [360/458]  eta: 0:00:49  loss: 0.1915 (0.2526)  IoU (F channel): 0.0000 (0.0000)  IoU (C channel): 0.0000 (0.0001)  L1 (Db channel): 0.2171 (0.2265)  L1 (Dn channel): 0.2407 (0.2447)  lr: 0.000957  iter-time: 0.4978
[18:46:34.674917] Epoch: [12]  [370/458]  eta: 0:00:44  loss: 0.1916 (0.2538)  IoU (F channel): 0.0000 (0.0000)  IoU (C channel): 0.0000 (0.0001)  L1 (Db channel): 0.1981 (0.2257)  L1 (Dn channel): 0.2218 (0.2439)  lr: 0.000956  iter-time: 0.5023
[18:46:39.726934] Epoch: [12]  [380/458]  eta: 0:00:39  loss: 0.2101 (0.2533)  IoU (F channel): 0.0000 (0.0000)  IoU (C channel): 0.0000 (0.0001)  L1 (Db channel): 0.1943 (0.2249)  L1 (Dn channel): 0.2115 (0.2431)  lr: 0.000956  iter-time: 0.4906
[18:46:44.197969] Epoch: [12]  [390/458]  eta: 0:00:34  loss: 0.2130 (0.2527)  IoU (F channel): 0.0000 (0.0000)  IoU (C channel): 0.0000 (0.0001)  L1 (Db channel): 0.1943 (0.2243)  L1 (Dn channel): 0.2106 (0.2423)  lr: 0.000955  iter-time: 0.4761
[18:46:49.562141] Epoch: [12]  [400/458]  eta: 0:00:29  loss: 0.2247 (0.2534)  IoU (F channel): 0.0000 (0.0000)  IoU (C channel): 0.0000 (0.0001)  L1 (Db channel): 0.1825 (0.2231)  L1 (Dn channel): 0.2084 (0.2413)  lr: 0.000954  iter-time: 0.4917
[18:46:54.294953] Epoch: [12]  [410/458]  eta: 0:00:24  loss: 0.2357 (0.2529)  IoU (F channel): 0.0000 (0.0000)  IoU (C channel): 0.0000 (0.0001)  L1 (Db channel): 0.1764 (0.2221)  L1 (Dn channel): 0.2058 (0.2405)  lr: 0.000954  iter-time: 0.5048
[18:46:58.930814] Epoch: [12]  [420/458]  eta: 0:00:19  loss: 0.1901 (0.2517)  IoU (F channel): 0.0000 (0.0000)  IoU (C channel): 0.0000 (0.0001)  L1 (Db channel): 0.1884 (0.2215)  L1 (Dn channel): 0.2121 (0.2401)  lr: 0.000953  iter-time: 0.4684
[18:47:03.553108] Epoch: [12]  [430/458]  eta: 0:00:14  loss: 0.1901 (0.2515)  IoU (F channel): 0.0000 (0.0000)  IoU (C channel): 0.0000 (0.0001)  L1 (Db channel): 0.1991 (0.2210)  L1 (Dn channel): 0.2246 (0.2398)  lr: 0.000952  iter-time: 0.4628
[18:47:08.358984] Epoch: [12]  [440/458]  eta: 0:00:09  loss: 0.2120 (0.2512)  IoU (F channel): 0.0000 (0.0000)  IoU (C channel): 0.0000 (0.0001)  L1 (Db channel): 0.1964 (0.2204)  L1 (Dn channel): 0.2214 (0.2393)  lr: 0.000952  iter-time: 0.4713
[18:47:13.013537] Epoch: [12]  [450/458]  eta: 0:00:04  loss: 0.2455 (0.2537)  IoU (F channel): 0.0000 (0.0000)  IoU (C channel): 0.0000 (0.0001)  L1 (Db channel): 0.2036 (0.2203)  L1 (Dn channel): 0.2234 (0.2392)  lr: 0.000951  iter-time: 0.4729
[18:47:15.879964] Epoch: [12]  [457/458]  eta: 0:00:00  loss: 0.3659 (0.2543)  IoU (F channel): 0.0000 (0.0000)  IoU (C channel): 0.0000 (0.0001)  L1 (Db channel): 0.2036 (0.2199)  L1 (Dn channel): 0.2257 (0.2389)  lr: 0.000950  iter-time: 0.4433
[18:47:16.626321] Epoch: [12] Total time: 0:03:49 (0.5014 s / it)
[18:47:16.626376] [Train] averaged stats: loss: 0.3659 (0.2543)  IoU (F channel): 0.0000 (0.0000)  IoU (C channel): 0.0000 (0.0001)  L1 (Db channel): 0.2036 (0.2199)  L1 (Dn channel): 0.2257 (0.2389)  lr: 0.000950
[18:47:20.579914] Epoch: [12]  [ 0/52]  eta: 0:03:25  loss: 0.0016 (0.0016)  IoU (F channel): 0.0000 (0.0000)  IoU (C channel): 0.0000 (0.0000)  L1 (Db channel): 0.1504 (0.1504)  L1 (Dn channel): 0.3069 (0.3069)  iter-time: 3.9522
[18:47:22.474982] Epoch: [12]  [10/52]  eta: 0:00:22  loss: 0.1384 (0.1295)  IoU (F channel): 0.0000 (0.0000)  IoU (C channel): 0.0000 (0.0000)  L1 (Db channel): 0.2103 (0.1963)  L1 (Dn channel): 0.2962 (0.2790)  iter-time: 0.5315
[18:47:24.112991] Epoch: [12]  [20/52]  eta: 0:00:11  loss: 0.2553 (0.2181)  IoU (F channel): 0.0000 (0.0000)  IoU (C channel): 0.0000 (0.0000)  L1 (Db channel): 0.2285 (0.2155)  L1 (Dn channel): 0.1989 (0.2312)  iter-time: 0.1766
[18:47:25.765098] Epoch: [12]  [30/52]  eta: 0:00:06  loss: 0.2812 (0.1888)  IoU (F channel): 0.0000 (0.0000)  IoU (C channel): 0.0000 (0.0000)  L1 (Db channel): 0.2224 (0.2065)  L1 (Dn channel): 0.2049 (0.2456)  iter-time: 0.1645
[18:47:27.375040] Epoch: [12]  [40/52]  eta: 0:00:03  loss: 0.2423 (0.2351)  IoU (F channel): 0.0000 (0.0000)  IoU (C channel): 0.0000 (0.0000)  L1 (Db channel): 0.1986 (0.2047)  L1 (Dn channel): 0.2156 (0.2247)  iter-time: 0.1631
[18:47:28.933016] Epoch: [12]  [50/52]  eta: 0:00:00  loss: 0.3147 (0.2418)  IoU (F channel): 0.0000 (0.0001)  IoU (C channel): 0.0000 (0.0000)  L1 (Db channel): 0.2004 (0.2021)  L1 (Dn channel): 0.1635 (0.2252)  iter-time: 0.1584
[18:47:29.024369] Epoch: [12]  [51/52]  eta: 0:00:00  loss: 0.2621 (0.2372)  IoU (F channel): 0.0000 (0.0001)  IoU (C channel): 0.0000 (0.0000)  L1 (Db channel): 0.2004 (0.2011)  L1 (Dn channel): 0.1635 (0.2264)  iter-time: 0.1551
[18:47:29.765368] Epoch: [12] Total time: 0:00:13 (0.2527 s / it)
[18:47:29.765397] [Val] averaged stats: loss: 0.2621 (0.2372)  IoU (F channel): 0.0000 (0.0001)  IoU (C channel): 0.0000 (0.0000)  L1 (Db channel): 0.2004 (0.2011)  L1 (Dn channel): 0.1635 (0.2264)
[18:47:29.765791] Val loss improved from 0.2446258576327147 to 0.2372283576965296, saving model to metrics/biapy/biapy-py_v1/checkpoints/biapy-py_v1_0-checkpoint-best.pth
[18:47:29.868399] [Val] best loss: 0.2372 best  IoU (F channel): 0.0001 IoU (C channel): 0.0000 L1 (Db channel): 0.2011 L1 (Dn channel): 0.2264 
[18:47:29.876552] [Time] 4.0m 49.8m/2.1h

[18:47:29.876566] ~~~ Epoch 13/30 ~~~

[18:47:36.253185] Epoch: [13]  [  0/458]  eta: 0:48:39  loss: 0.2274 (0.2274)  IoU (F channel): 0.0000 (0.0000)  IoU (C channel): 0.0000 (0.0000)  L1 (Db channel): 0.1776 (0.1776)  L1 (Dn channel): 0.2197 (0.2197)  lr: 0.000950  iter-time: 6.3754
[18:47:41.384469] Epoch: [13]  [ 10/458]  eta: 0:07:48  loss: 0.2797 (0.2794)  IoU (F channel): 0.0000 (0.0000)  IoU (C channel): 0.0000 (0.0000)  L1 (Db channel): 0.1820 (0.1829)  L1 (Dn channel): 0.2187 (0.2190)  lr: 0.000950  iter-time: 1.0460
[18:47:45.833812] Epoch: [13]  [ 20/458]  eta: 0:05:32  loss: 0.2090 (0.2507)  IoU (F channel): 0.0000 (0.0000)  IoU (C channel): 0.0000 (0.0000)  L1 (Db channel): 0.1903 (0.1914)  L1 (Dn channel): 0.2193 (0.2190)  lr: 0.000949  iter-time: 0.4790
[18:47:51.055668] Epoch: [13]  [ 30/458]  eta: 0:04:52  loss: 0.1806 (0.2410)  IoU (F channel): 0.0000 (0.0003)  IoU (C channel): 0.0000 (0.0002)  L1 (Db channel): 0.2058 (0.1974)  L1 (Dn channel): 0.2213 (0.2204)  lr: 0.000948  iter-time: 0.4835
[18:47:56.260568] Epoch: [13]  [ 40/458]  eta: 0:04:28  loss: 0.1956 (0.2475)  IoU (F channel): 0.0000 (0.0003)  IoU (C channel): 0.0000 (0.0001)  L1 (Db channel): 0.2032 (0.1975)  L1 (Dn channel): 0.2213 (0.2197)  lr: 0.000947  iter-time: 0.5213
[18:48:01.813428] Epoch: [13]  [ 50/458]  eta: 0:04:15  loss: 0.2185 (0.2424)  IoU (F channel): 0.0000 (0.0002)  IoU (C channel): 0.0000 (0.0001)  L1 (Db channel): 0.2006 (0.1989)  L1 (Dn channel): 0.2134 (0.2184)  lr: 0.000947  iter-time: 0.5378
[18:48:06.371470] Epoch: [13]  [ 60/458]  eta: 0:03:58  loss: 0.2280 (0.2496)  IoU (F channel): 0.0000 (0.0002)  IoU (C channel): 0.0000 (0.0001)  L1 (Db channel): 0.2092 (0.2026)  L1 (Dn channel): 0.2130 (0.2180)  lr: 0.000946  iter-time: 0.5055
[18:48:10.836969] Epoch: [13]  [ 70/458]  eta: 0:03:43  loss: 0.2316 (0.2517)  IoU (F channel): 0.0000 (0.0002)  IoU (C channel): 0.0000 (0.0001)  L1 (Db channel): 0.2266 (0.2080)  L1 (Dn channel): 0.2195 (0.2185)  lr: 0.000945  iter-time: 0.4511
[18:48:16.155745] Epoch: [13]  [ 80/458]  eta: 0:03:35  loss: 0.1827 (0.2465)  IoU (F channel): 0.0000 (0.0001)  IoU (C channel): 0.0000 (0.0001)  L1 (Db channel): 0.2158 (0.2063)  L1 (Dn channel): 0.2205 (0.2185)  lr: 0.000945  iter-time: 0.4891
[18:48:20.611532] Epoch: [13]  [ 90/458]  eta: 0:03:25  loss: 0.1817 (0.2477)  IoU (F channel): 0.0000 (0.0001)  IoU (C channel): 0.0000 (0.0001)  L1 (Db channel): 0.1912 (0.2051)  L1 (Dn channel): 0.2135 (0.2176)  lr: 0.000944  iter-time: 0.4887
[18:48:26.850511] Epoch: [13]  [100/458]  eta: 0:03:21  loss: 0.2054 (0.2510)  IoU (F channel): 0.0000 (0.0001)  IoU (C channel): 0.0000 (0.0001)  L1 (Db channel): 0.1902 (0.2035)  L1 (Dn channel): 0.2085 (0.2168)  lr: 0.000943  iter-time: 0.5346
[18:48:31.355529] Epoch: [13]  [110/458]  eta: 0:03:12  loss: 0.2095 (0.2517)  IoU (F channel): 0.0000 (0.0001)  IoU (C channel): 0.0000 (0.0000)  L1 (Db channel): 0.2002 (0.2041)  L1 (Dn channel): 0.2091 (0.2163)  lr: 0.000942  iter-time: 0.5371
[18:48:36.334600] Epoch: [13]  [120/458]  eta: 0:03:05  loss: 0.2292 (0.2551)  IoU (F channel): 0.0000 (0.0001)  IoU (C channel): 0.0000 (0.0000)  L1 (Db channel): 0.2107 (0.2048)  L1 (Dn channel): 0.2146 (0.2164)  lr: 0.000941  iter-time: 0.4741
[18:48:41.394407] Epoch: [13]  [130/458]  eta: 0:02:59  loss: 0.2560 (0.2585)  IoU (F channel): 0.0000 (0.0001)  IoU (C channel): 0.0000 (0.0000)  L1 (Db channel): 0.2257 (0.2078)  L1 (Dn channel): 0.2182 (0.2167)  lr: 0.000941  iter-time: 0.5019
[18:48:46.010426] Epoch: [13]  [140/458]  eta: 0:02:51  loss: 0.2216 (0.2564)  IoU (F channel): 0.0000 (0.0001)  IoU (C channel): 0.0000 (0.0000)  L1 (Db channel): 0.2702 (0.2145)  L1 (Dn channel): 0.2203 (0.2172)  lr: 0.000940  iter-time: 0.4831
[18:48:51.195868] Epoch: [13]  [150/458]  eta: 0:02:45  loss: 0.2042 (0.2536)  IoU (F channel): 0.0000 (0.0001)  IoU (C channel): 0.0000 (0.0000)  L1 (Db channel): 0.3035 (0.2188)  L1 (Dn channel): 0.2247 (0.2180)  lr: 0.000939  iter-time: 0.4894
[18:48:55.793458] Epoch: [13]  [160/458]  eta: 0:02:38  loss: 0.2069 (0.2589)  IoU (F channel): 0.0000 (0.0001)  IoU (C channel): 0.0000 (0.0001)  L1 (Db channel): 0.3061 (0.2264)  L1 (Dn channel): 0.2420 (0.2204)  lr: 0.000938  iter-time: 0.4891
[18:49:00.434890] Epoch: [13]  [170/458]  eta: 0:02:32  loss: 0.2204 (0.2562)  IoU (F channel): 0.0000 (0.0001)  IoU (C channel): 0.0000 (0.0001)  L1 (Db channel): 0.3057 (0.2304)  L1 (Dn channel): 0.2631 (0.2231)  lr: 0.000938  iter-time: 0.4619
[18:49:05.198374] Epoch: [13]  [180/458]  eta: 0:02:26  loss: 0.2128 (0.2559)  IoU (F channel): 0.0000 (0.0001)  IoU (C channel): 0.0000 (0.0001)  L1 (Db channel): 0.2273 (0.2289)  L1 (Dn channel): 0.2592 (0.2243)  lr: 0.000937  iter-time: 0.4702
[18:49:10.647939] Epoch: [13]  [190/458]  eta: 0:02:21  loss: 0.2244 (0.2577)  IoU (F channel): 0.0000 (0.0001)  IoU (C channel): 0.0000 (0.0000)  L1 (Db channel): 0.1969 (0.2270)  L1 (Dn channel): 0.2414 (0.2251)  lr: 0.000936  iter-time: 0.5106
[18:49:16.128159] Epoch: [13]  [200/458]  eta: 0:02:16  loss: 0.2197 (0.2567)  IoU (F channel): 0.0000 (0.0001)  IoU (C channel): 0.0000 (0.0000)  L1 (Db channel): 0.1845 (0.2247)  L1 (Dn channel): 0.2423 (0.2262)  lr: 0.000935  iter-time: 0.5464
[18:49:20.606448] Epoch: [13]  [210/458]  eta: 0:02:10  loss: 0.2145 (0.2596)  IoU (F channel): 0.0000 (0.0001)  IoU (C channel): 0.0000 (0.0000)  L1 (Db channel): 0.1783 (0.2222)  L1 (Dn channel): 0.2442 (0.2268)  lr: 0.000934  iter-time: 0.4978
[18:49:25.110422] Epoch: [13]  [220/458]  eta: 0:02:04  loss: 0.2543 (0.2587)  IoU (F channel): 0.0000 (0.0001)  IoU (C channel): 0.0000 (0.0000)  L1 (Db channel): 0.1928 (0.2228)  L1 (Dn channel): 0.2352 (0.2272)  lr: 0.000934  iter-time: 0.4490
[18:49:30.364370] Epoch: [13]  [230/458]  eta: 0:01:58  loss: 0.2393 (0.2587)  IoU (F channel): 0.0000 (0.0001)  IoU (C channel): 0.0000 (0.0000)  L1 (Db channel): 0.2277 (0.2229)  L1 (Dn channel): 0.2318 (0.2273)  lr: 0.000933  iter-time: 0.4872
[18:49:35.315868] Epoch: [13]  [240/458]  eta: 0:01:53  loss: 0.1979 (0.2564)  IoU (F channel): 0.0000 (0.0001)  IoU (C channel): 0.0000 (0.0000)  L1 (Db channel): 0.2221 (0.2229)  L1 (Dn channel): 0.2258 (0.2271)  lr: 0.000932  iter-time: 0.5096
[18:49:39.805576] Epoch: [13]  [250/458]  eta: 0:01:47  loss: 0.2087 (0.2560)  IoU (F channel): 0.0000 (0.0001)  IoU (C channel): 0.0000 (0.0000)  L1 (Db channel): 0.2139 (0.2225)  L1 (Dn channel): 0.2188 (0.2267)  lr: 0.000931  iter-time: 0.4720
[18:49:44.319575] Epoch: [13]  [260/458]  eta: 0:01:41  loss: 0.2479 (0.2567)  IoU (F channel): 0.0000 (0.0001)  IoU (C channel): 0.0000 (0.0000)  L1 (Db channel): 0.2173 (0.2225)  L1 (Dn channel): 0.2209 (0.2266)  lr: 0.000930  iter-time: 0.4501
[18:49:49.544497] Epoch: [13]  [270/458]  eta: 0:01:36  loss: 0.2345 (0.2562)  IoU (F channel): 0.0000 (0.0001)  IoU (C channel): 0.0000 (0.0000)  L1 (Db channel): 0.2328 (0.2237)  L1 (Dn channel): 0.2226 (0.2265)  lr: 0.000929  iter-time: 0.4869
[18:49:54.321960] Epoch: [13]  [280/458]  eta: 0:01:31  loss: 0.2425 (0.2561)  IoU (F channel): 0.0000 (0.0001)  IoU (C channel): 0.0000 (0.0000)  L1 (Db channel): 0.2568 (0.2254)  L1 (Dn channel): 0.2310 (0.2268)  lr: 0.000929  iter-time: 0.5000
[18:49:59.334042] Epoch: [13]  [290/458]  eta: 0:01:26  loss: 0.2649 (0.2570)  IoU (F channel): 0.0000 (0.0001)  IoU (C channel): 0.0000 (0.0000)  L1 (Db channel): 0.2411 (0.2249)  L1 (Dn channel): 0.2322 (0.2270)  lr: 0.000928  iter-time: 0.4894
[18:50:03.824280] Epoch: [13]  [300/458]  eta: 0:01:20  loss: 0.2559 (0.2569)  IoU (F channel): 0.0000 (0.0001)  IoU (C channel): 0.0000 (0.0000)  L1 (Db channel): 0.1987 (0.2239)  L1 (Dn channel): 0.2296 (0.2270)  lr: 0.000927  iter-time: 0.4750
[18:50:08.627166] Epoch: [13]  [310/458]  eta: 0:01:15  loss: 0.2201 (0.2559)  IoU (F channel): 0.0000 (0.0001)  IoU (C channel): 0.0000 (0.0000)  L1 (Db channel): 0.1987 (0.2233)  L1 (Dn channel): 0.2296 (0.2273)  lr: 0.000926  iter-time: 0.4646
[18:50:13.691261] Epoch: [13]  [320/458]  eta: 0:01:10  loss: 0.1962 (0.2553)  IoU (F channel): 0.0000 (0.0001)  IoU (C channel): 0.0000 (0.0000)  L1 (Db channel): 0.2080 (0.2229)  L1 (Dn channel): 0.2340 (0.2275)  lr: 0.000925  iter-time: 0.4933
[18:50:18.148172] Epoch: [13]  [330/458]  eta: 0:01:05  loss: 0.2070 (0.2568)  IoU (F channel): 0.0000 (0.0001)  IoU (C channel): 0.0000 (0.0000)  L1 (Db channel): 0.2143 (0.2230)  L1 (Dn channel): 0.2346 (0.2277)  lr: 0.000924  iter-time: 0.4760
[18:50:23.545811] Epoch: [13]  [340/458]  eta: 0:01:00  loss: 0.1881 (0.2560)  IoU (F channel): 0.0000 (0.0001)  IoU (C channel): 0.0000 (0.0000)  L1 (Db channel): 0.2132 (0.2222)  L1 (Dn channel): 0.2327 (0.2278)  lr: 0.000923  iter-time: 0.4926
[18:50:28.127290] Epoch: [13]  [350/458]  eta: 0:00:54  loss: 0.2198 (0.2562)  IoU (F channel): 0.0000 (0.0001)  IoU (C channel): 0.0000 (0.0000)  L1 (Db channel): 0.2336 (0.2250)  L1 (Dn channel): 0.2397 (0.2288)  lr: 0.000923  iter-time: 0.4989
[18:50:33.074987] Epoch: [13]  [360/458]  eta: 0:00:49  loss: 0.2536 (0.2576)  IoU (F channel): 0.0000 (0.0001)  IoU (C channel): 0.0000 (0.0001)  L1 (Db channel): 0.3194 (0.2280)  L1 (Dn channel): 0.2581 (0.2297)  lr: 0.000922  iter-time: 0.4764
[18:50:37.759913] Epoch: [13]  [370/458]  eta: 0:00:44  loss: 0.3170 (0.2580)  IoU (F channel): 0.0000 (0.0001)  IoU (C channel): 0.0000 (0.0001)  L1 (Db channel): 0.3052 (0.2300)  L1 (Dn channel): 0.2586 (0.2306)  lr: 0.000921  iter-time: 0.4816
[18:50:42.666205] Epoch: [13]  [380/458]  eta: 0:00:39  loss: 0.2743 (0.2585)  IoU (F channel): 0.0000 (0.0001)  IoU (C channel): 0.0000 (0.0001)  L1 (Db channel): 0.2957 (0.2315)  L1 (Dn channel): 0.2657 (0.2316)  lr: 0.000920  iter-time: 0.4795
[18:50:47.344674] Epoch: [13]  [390/458]  eta: 0:00:34  loss: 0.2743 (0.2582)  IoU (F channel): 0.0000 (0.0001)  IoU (C channel): 0.0000 (0.0001)  L1 (Db channel): 0.2795 (0.2325)  L1 (Dn channel): 0.2657 (0.2324)  lr: 0.000919  iter-time: 0.4791
[18:50:52.063824] Epoch: [13]  [400/458]  eta: 0:00:29  loss: 0.2211 (0.2580)  IoU (F channel): 0.0000 (0.0001)  IoU (C channel): 0.0000 (0.0001)  L1 (Db channel): 0.2704 (0.2337)  L1 (Dn channel): 0.2634 (0.2332)  lr: 0.000918  iter-time: 0.4698
[18:50:56.554720] Epoch: [13]  [410/458]  eta: 0:00:24  loss: 0.2155 (0.2568)  IoU (F channel): 0.0000 (0.0001)  IoU (C channel): 0.0000 (0.0001)  L1 (Db channel): 0.2823 (0.2354)  L1 (Dn channel): 0.2709 (0.2343)  lr: 0.000917  iter-time: 0.4604
[18:51:01.179446] Epoch: [13]  [420/458]  eta: 0:00:19  loss: 0.1961 (0.2567)  IoU (F channel): 0.0000 (0.0002)  IoU (C channel): 0.0000 (0.0001)  L1 (Db channel): 0.2701 (0.2359)  L1 (Dn channel): 0.2706 (0.2350)  lr: 0.000916  iter-time: 0.4557
[18:51:06.438374] Epoch: [13]  [430/458]  eta: 0:00:14  loss: 0.1958 (0.2556)  IoU (F channel): 0.0000 (0.0002)  IoU (C channel): 0.0000 (0.0001)  L1 (Db channel): 0.2599 (0.2366)  L1 (Dn channel): 0.2612 (0.2356)  lr: 0.000915  iter-time: 0.4941
[18:51:11.341826] Epoch: [13]  [440/458]  eta: 0:00:09  loss: 0.1899 (0.2548)  IoU (F channel): 0.0000 (0.0001)  IoU (C channel): 0.0000 (0.0001)  L1 (Db channel): 0.2751 (0.2379)  L1 (Dn channel): 0.2639 (0.2363)  lr: 0.000915  iter-time: 0.5080
[18:51:15.894826] Epoch: [13]  [450/458]  eta: 0:00:04  loss: 0.1933 (0.2542)  IoU (F channel): 0.0000 (0.0001)  IoU (C channel): 0.0000 (0.0001)  L1 (Db channel): 0.2923 (0.2394)  L1 (Dn channel): 0.2706 (0.2373)  lr: 0.000914  iter-time: 0.4728
[18:51:18.745309] Epoch: [13]  [457/458]  eta: 0:00:00  loss: 0.2655 (0.2556)  IoU (F channel): 0.0000 (0.0001)  IoU (C channel): 0.0000 (0.0001)  L1 (Db channel): 0.2861 (0.2397)  L1 (Dn channel): 0.2826 (0.2381)  lr: 0.000913  iter-time: 0.4401
[18:51:19.520354] Epoch: [13] Total time: 0:03:49 (0.5014 s / it)
[18:51:19.520412] [Train] averaged stats: loss: 0.2655 (0.2556)  IoU (F channel): 0.0000 (0.0001)  IoU (C channel): 0.0000 (0.0001)  L1 (Db channel): 0.2861 (0.2397)  L1 (Dn channel): 0.2826 (0.2381)  lr: 0.000913
[18:51:23.986242] Epoch: [13]  [ 0/52]  eta: 0:03:52  loss: 0.0017 (0.0017)  IoU (F channel): 0.0000 (0.0000)  IoU (C channel): 0.0000 (0.0000)  L1 (Db channel): 0.1572 (0.1572)  L1 (Dn channel): 0.4949 (0.4949)  iter-time: 4.4644
[18:51:25.640000] Epoch: [13]  [10/52]  eta: 0:00:23  loss: 0.1646 (0.1340)  IoU (F channel): 0.0000 (0.0000)  IoU (C channel): 0.0000 (0.0000)  L1 (Db channel): 0.2337 (0.2278)  L1 (Dn channel): 0.4382 (0.4033)  iter-time: 0.5562
[18:51:27.210376] Epoch: [13]  [20/52]  eta: 0:00:11  loss: 0.2509 (0.2067)  IoU (F channel): 0.0000 (0.0000)  IoU (C channel): 0.0000 (0.0000)  L1 (Db channel): 0.2772 (0.2577)  L1 (Dn channel): 0.2325 (0.3033)  iter-time: 0.1612
[18:51:28.829761] Epoch: [13]  [30/52]  eta: 0:00:06  loss: 0.2712 (0.1780)  IoU (F channel): 0.0000 (0.0000)  IoU (C channel): 0.0000 (0.0000)  L1 (Db channel): 0.2725 (0.2483)  L1 (Dn channel): 0.2365 (0.3390)  iter-time: 0.1595
[18:51:30.448310] Epoch: [13]  [40/52]  eta: 0:00:03  loss: 0.2282 (0.2275)  IoU (F channel): 0.0000 (0.0000)  IoU (C channel): 0.0000 (0.0000)  L1 (Db channel): 0.2574 (0.2503)  L1 (Dn channel): 0.2848 (0.3030)  iter-time: 0.1619
[18:51:32.036785] Epoch: [13]  [50/52]  eta: 0:00:00  loss: 0.3272 (0.2404)  IoU (F channel): 0.0000 (0.0001)  IoU (C channel): 0.0000 (0.0000)  L1 (Db channel): 0.2613 (0.2493)  L1 (Dn channel): 0.1928 (0.3060)  iter-time: 0.1603
[18:51:32.128156] Epoch: [13]  [51/52]  eta: 0:00:00  loss: 0.2783 (0.2358)  IoU (F channel): 0.0000 (0.0001)  IoU (C channel): 0.0000 (0.0000)  L1 (Db channel): 0.2613 (0.2477)  L1 (Dn channel): 0.1928 (0.3092)  iter-time: 0.1571
[18:51:32.871772] Epoch: [13] Total time: 0:00:13 (0.2567 s / it)
[18:51:32.871796] [Val] averaged stats: loss: 0.2783 (0.2358)  IoU (F channel): 0.0000 (0.0001)  IoU (C channel): 0.0000 (0.0000)  L1 (Db channel): 0.2613 (0.2477)  L1 (Dn channel): 0.1928 (0.3092)
[18:51:32.872209] Val loss improved from 0.2372283576965296 to 0.23578591137461793, saving model to metrics/biapy/biapy-py_v1/checkpoints/biapy-py_v1_0-checkpoint-best.pth
[18:51:32.981813] [Val] best loss: 0.2358 best  IoU (F channel): 0.0001 IoU (C channel): 0.0000 L1 (Db channel): 0.2477 L1 (Dn channel): 0.3092 
[18:51:32.989723] [Time] 4.1m 53.8m/2.1h

[18:51:32.989737] ~~~ Epoch 14/30 ~~~

[18:51:38.665127] Epoch: [14]  [  0/458]  eta: 0:43:18  loss: 0.3031 (0.3031)  IoU (F channel): 0.0000 (0.0000)  IoU (C channel): 0.0000 (0.0000)  L1 (Db channel): 0.2466 (0.2466)  L1 (Dn channel): 0.2895 (0.2895)  lr: 0.000913  iter-time: 5.6743
[18:51:44.602767] Epoch: [14]  [ 10/458]  eta: 0:07:52  loss: 0.2920 (0.2931)  IoU (F channel): 0.0000 (0.0001)  IoU (C channel): 0.0000 (0.0000)  L1 (Db channel): 0.2520 (0.2535)  L1 (Dn channel): 0.2895 (0.2885)  lr: 0.000912  iter-time: 1.0556
[18:51:49.276433] Epoch: [14]  [ 20/458]  eta: 0:05:39  loss: 0.2691 (0.2690)  IoU (F channel): 0.0000 (0.0000)  IoU (C channel): 0.0000 (0.0000)  L1 (Db channel): 0.2558 (0.2586)  L1 (Dn channel): 0.2870 (0.2875)  lr: 0.000911  iter-time: 0.5305
[18:51:54.659789] Epoch: [14]  [ 30/458]  eta: 0:04:59  loss: 0.2425 (0.2688)  IoU (F channel): 0.0000 (0.0000)  IoU (C channel): 0.0000 (0.0000)  L1 (Db channel): 0.2326 (0.2437)  L1 (Dn channel): 0.2775 (0.2812)  lr: 0.000910  iter-time: 0.5028
[18:51:59.383606] Epoch: [14]  [ 40/458]  eta: 0:04:28  loss: 0.2183 (0.2675)  IoU (F channel): 0.0000 (0.0000)  IoU (C channel): 0.0000 (0.0000)  L1 (Db channel): 0.2105 (0.2366)  L1 (Dn channel): 0.2615 (0.2727)  lr: 0.000909  iter-time: 0.5046
[18:52:04.023880] Epoch: [14]  [ 50/458]  eta: 0:04:08  loss: 0.2197 (0.2726)  IoU (F channel): 0.0000 (0.0000)  IoU (C channel): 0.0000 (0.0000)  L1 (Db channel): 0.2124 (0.2326)  L1 (Dn channel): 0.2382 (0.2654)  lr: 0.000908  iter-time: 0.4675
[18:52:08.790609] Epoch: [14]  [ 60/458]  eta: 0:03:53  loss: 0.2384 (0.2774)  IoU (F channel): 0.0000 (0.0000)  IoU (C channel): 0.0000 (0.0000)  L1 (Db channel): 0.2204 (0.2313)  L1 (Dn channel): 0.2383 (0.2617)  lr: 0.000907  iter-time: 0.4688
[18:52:13.433363] Epoch: [14]  [ 70/458]  eta: 0:03:40  loss: 0.2304 (0.2708)  IoU (F channel): 0.0000 (0.0000)  IoU (C channel): 0.0000 (0.0000)  L1 (Db channel): 0.2287 (0.2318)  L1 (Dn channel): 0.2462 (0.2604)  lr: 0.000906  iter-time: 0.4690
[18:52:18.014760] Epoch: [14]  [ 80/458]  eta: 0:03:29  loss: 0.2304 (0.2731)  IoU (F channel): 0.0000 (0.0000)  IoU (C channel): 0.0000 (0.0000)  L1 (Db channel): 0.2320 (0.2312)  L1 (Dn channel): 0.2495 (0.2588)  lr: 0.000905  iter-time: 0.4611
[18:52:23.133832] Epoch: [14]  [ 90/458]  eta: 0:03:22  loss: 0.2259 (0.2682)  IoU (F channel): 0.0000 (0.0000)  IoU (C channel): 0.0000 (0.0002)  L1 (Db channel): 0.2320 (0.2320)  L1 (Dn channel): 0.2523 (0.2585)  lr: 0.000904  iter-time: 0.4850
[18:52:28.638213] Epoch: [14]  [100/458]  eta: 0:03:17  loss: 0.1850 (0.2632)  IoU (F channel): 0.0000 (0.0000)  IoU (C channel): 0.0000 (0.0001)  L1 (Db channel): 0.2389 (0.2322)  L1 (Dn channel): 0.2567 (0.2585)  lr: 0.000904  iter-time: 0.5311
[18:52:33.554987] Epoch: [14]  [110/458]  eta: 0:03:09  loss: 0.1952 (0.2632)  IoU (F channel): 0.0000 (0.0004)  IoU (C channel): 0.0000 (0.0001)  L1 (Db channel): 0.2331 (0.2325)  L1 (Dn channel): 0.2595 (0.2589)  lr: 0.000903  iter-time: 0.5210
[18:52:38.044981] Epoch: [14]  [120/458]  eta: 0:03:01  loss: 0.2566 (0.2648)  IoU (F channel): 0.0000 (0.0004)  IoU (C channel): 0.0000 (0.0001)  L1 (Db channel): 0.2533 (0.2367)  L1 (Dn channel): 0.2513 (0.2579)  lr: 0.000902  iter-time: 0.4703
[18:52:42.819756] Epoch: [14]  [130/458]  eta: 0:02:54  loss: 0.2426 (0.2642)  IoU (F channel): 0.0000 (0.0003)  IoU (C channel): 0.0000 (0.0001)  L1 (Db channel): 0.2958 (0.2423)  L1 (Dn channel): 0.2499 (0.2581)  lr: 0.000901  iter-time: 0.4632
[18:52:48.243891] Epoch: [14]  [140/458]  eta: 0:02:49  loss: 0.2369 (0.2723)  IoU (F channel): 0.0000 (0.0006)  IoU (C channel): 0.0000 (0.0001)  L1 (Db channel): 0.3069 (0.2467)  L1 (Dn channel): 0.2728 (0.2595)  lr: 0.000900  iter-time: 0.5099
[18:52:53.521825] Epoch: [14]  [150/458]  eta: 0:02:44  loss: 0.2170 (0.2695)  IoU (F channel): 0.0000 (0.0006)  IoU (C channel): 0.0000 (0.0001)  L1 (Db channel): 0.3009 (0.2504)  L1 (Dn channel): 0.2744 (0.2601)  lr: 0.000899  iter-time: 0.5350
[18:52:58.151454] Epoch: [14]  [160/458]  eta: 0:02:37  loss: 0.2046 (0.2675)  IoU (F channel): 0.0000 (0.0006)  IoU (C channel): 0.0000 (0.0001)  L1 (Db channel): 0.3002 (0.2539)  L1 (Dn channel): 0.2642 (0.2603)  lr: 0.000898  iter-time: 0.4949
[18:53:02.782820] Epoch: [14]  [170/458]  eta: 0:02:31  loss: 0.2254 (0.2674)  IoU (F channel): 0.0000 (0.0006)  IoU (C channel): 0.0000 (0.0001)  L1 (Db channel): 0.2992 (0.2562)  L1 (Dn channel): 0.2626 (0.2604)  lr: 0.000897  iter-time: 0.4626
[18:53:07.521596] Epoch: [14]  [180/458]  eta: 0:02:25  loss: 0.2179 (0.2653)  IoU (F channel): 0.0000 (0.0006)  IoU (C channel): 0.0000 (0.0001)  L1 (Db channel): 0.2724 (0.2567)  L1 (Dn channel): 0.2626 (0.2606)  lr: 0.000896  iter-time: 0.4684
[18:53:12.242823] Epoch: [14]  [190/458]  eta: 0:02:19  loss: 0.1950 (0.2650)  IoU (F channel): 0.0000 (0.0005)  IoU (C channel): 0.0000 (0.0001)  L1 (Db channel): 0.2558 (0.2564)  L1 (Dn channel): 0.2617 (0.2603)  lr: 0.000895  iter-time: 0.4729
[18:53:16.906391] Epoch: [14]  [200/458]  eta: 0:02:13  loss: 0.1955 (0.2640)  IoU (F channel): 0.0000 (0.0005)  IoU (C channel): 0.0000 (0.0001)  L1 (Db channel): 0.2445 (0.2552)  L1 (Dn channel): 0.2522 (0.2598)  lr: 0.000894  iter-time: 0.4692
[18:53:21.409976] Epoch: [14]  [210/458]  eta: 0:02:07  loss: 0.2062 (0.2616)  IoU (F channel): 0.0000 (0.0005)  IoU (C channel): 0.0000 (0.0001)  L1 (Db channel): 0.2163 (0.2529)  L1 (Dn channel): 0.2454 (0.2589)  lr: 0.000893  iter-time: 0.4583
[18:53:26.551085] Epoch: [14]  [220/458]  eta: 0:02:02  loss: 0.2095 (0.2633)  IoU (F channel): 0.0000 (0.0005)  IoU (C channel): 0.0000 (0.0001)  L1 (Db channel): 0.2060 (0.2509)  L1 (Dn channel): 0.2386 (0.2579)  lr: 0.000892  iter-time: 0.4822
[18:53:31.611446] Epoch: [14]  [230/458]  eta: 0:01:57  loss: 0.2136 (0.2645)  IoU (F channel): 0.0000 (0.0005)  IoU (C channel): 0.0000 (0.0001)  L1 (Db channel): 0.2139 (0.2494)  L1 (Dn channel): 0.2310 (0.2565)  lr: 0.000891  iter-time: 0.5100
[18:53:36.227092] Epoch: [14]  [240/458]  eta: 0:01:51  loss: 0.1942 (0.2616)  IoU (F channel): 0.0000 (0.0004)  IoU (C channel): 0.0000 (0.0001)  L1 (Db channel): 0.2157 (0.2482)  L1 (Dn channel): 0.2280 (0.2555)  lr: 0.000890  iter-time: 0.4837
[18:53:41.158867] Epoch: [14]  [250/458]  eta: 0:01:46  loss: 0.1964 (0.2619)  IoU (F channel): 0.0000 (0.0004)  IoU (C channel): 0.0000 (0.0001)  L1 (Db channel): 0.2178 (0.2469)  L1 (Dn channel): 0.2331 (0.2547)  lr: 0.000889  iter-time: 0.4773
[18:53:46.427397] Epoch: [14]  [260/458]  eta: 0:01:41  loss: 0.2320 (0.2611)  IoU (F channel): 0.0000 (0.0004)  IoU (C channel): 0.0000 (0.0001)  L1 (Db channel): 0.2221 (0.2462)  L1 (Dn channel): 0.2375 (0.2542)  lr: 0.000888  iter-time: 0.5093
[18:53:51.016994] Epoch: [14]  [270/458]  eta: 0:01:35  loss: 0.2224 (0.2600)  IoU (F channel): 0.0000 (0.0004)  IoU (C channel): 0.0000 (0.0001)  L1 (Db channel): 0.2269 (0.2453)  L1 (Dn channel): 0.2459 (0.2541)  lr: 0.000886  iter-time: 0.4922
[18:53:55.920790] Epoch: [14]  [280/458]  eta: 0:01:30  loss: 0.2126 (0.2604)  IoU (F channel): 0.0000 (0.0004)  IoU (C channel): 0.0000 (0.0001)  L1 (Db channel): 0.2195 (0.2444)  L1 (Dn channel): 0.2495 (0.2539)  lr: 0.000885  iter-time: 0.4746
[18:54:00.926439] Epoch: [14]  [290/458]  eta: 0:01:25  loss: 0.1921 (0.2595)  IoU (F channel): 0.0000 (0.0004)  IoU (C channel): 0.0000 (0.0001)  L1 (Db channel): 0.2213 (0.2438)  L1 (Dn channel): 0.2492 (0.2538)  lr: 0.000884  iter-time: 0.4948
[18:54:05.974599] Epoch: [14]  [300/458]  eta: 0:01:20  loss: 0.1767 (0.2581)  IoU (F channel): 0.0000 (0.0004)  IoU (C channel): 0.0000 (0.0001)  L1 (Db channel): 0.2251 (0.2431)  L1 (Dn channel): 0.2527 (0.2538)  lr: 0.000883  iter-time: 0.5020
[18:54:10.938290] Epoch: [14]  [310/458]  eta: 0:01:15  loss: 0.1456 (0.2551)  IoU (F channel): 0.0000 (0.0004)  IoU (C channel): 0.0000 (0.0001)  L1 (Db channel): 0.2223 (0.2424)  L1 (Dn channel): 0.2506 (0.2536)  lr: 0.000882  iter-time: 0.5005
[18:54:15.637798] Epoch: [14]  [320/458]  eta: 0:01:09  loss: 0.1536 (0.2555)  IoU (F channel): 0.0000 (0.0004)  IoU (C channel): 0.0000 (0.0001)  L1 (Db channel): 0.2252 (0.2419)  L1 (Dn channel): 0.2444 (0.2532)  lr: 0.000881  iter-time: 0.4831
[18:54:20.574017] Epoch: [14]  [330/458]  eta: 0:01:04  loss: 0.2293 (0.2554)  IoU (F channel): 0.0000 (0.0004)  IoU (C channel): 0.0000 (0.0001)  L1 (Db channel): 0.2272 (0.2414)  L1 (Dn channel): 0.2390 (0.2528)  lr: 0.000880  iter-time: 0.4817
[18:54:25.795464] Epoch: [14]  [340/458]  eta: 0:00:59  loss: 0.2485 (0.2569)  IoU (F channel): 0.0000 (0.0004)  IoU (C channel): 0.0000 (0.0001)  L1 (Db channel): 0.2280 (0.2411)  L1 (Dn channel): 0.2327 (0.2520)  lr: 0.000879  iter-time: 0.5078
[18:54:30.455476] Epoch: [14]  [350/458]  eta: 0:00:54  loss: 0.2206 (0.2564)  IoU (F channel): 0.0000 (0.0004)  IoU (C channel): 0.0000 (0.0001)  L1 (Db channel): 0.2290 (0.2408)  L1 (Dn channel): 0.2190 (0.2509)  lr: 0.000878  iter-time: 0.4940
[18:54:35.059101] Epoch: [14]  [360/458]  eta: 0:00:49  loss: 0.2050 (0.2562)  IoU (F channel): 0.0000 (0.0004)  IoU (C channel): 0.0000 (0.0001)  L1 (Db channel): 0.2270 (0.2405)  L1 (Dn channel): 0.2168 (0.2501)  lr: 0.000877  iter-time: 0.4631
[18:54:39.669779] Epoch: [14]  [370/458]  eta: 0:00:44  loss: 0.1717 (0.2543)  IoU (F channel): 0.0000 (0.0004)  IoU (C channel): 0.0000 (0.0001)  L1 (Db channel): 0.2271 (0.2402)  L1 (Dn channel): 0.2171 (0.2492)  lr: 0.000876  iter-time: 0.4606
[18:54:44.864019] Epoch: [14]  [380/458]  eta: 0:00:39  loss: 0.1576 (0.2526)  IoU (F channel): 0.0000 (0.0004)  IoU (C channel): 0.0000 (0.0001)  L1 (Db channel): 0.2250 (0.2398)  L1 (Dn channel): 0.2170 (0.2484)  lr: 0.000875  iter-time: 0.4901
[18:54:49.901109] Epoch: [14]  [390/458]  eta: 0:00:34  loss: 0.2038 (0.2546)  IoU (F channel): 0.0000 (0.0004)  IoU (C channel): 0.0000 (0.0001)  L1 (Db channel): 0.2320 (0.2400)  L1 (Dn channel): 0.2164 (0.2475)  lr: 0.000874  iter-time: 0.5115
[18:54:54.426903] Epoch: [14]  [400/458]  eta: 0:00:29  loss: 0.2583 (0.2544)  IoU (F channel): 0.0000 (0.0004)  IoU (C channel): 0.0000 (0.0001)  L1 (Db channel): 0.2760 (0.2415)  L1 (Dn channel): 0.2131 (0.2466)  lr: 0.000873  iter-time: 0.4781
[18:54:58.953223] Epoch: [14]  [410/458]  eta: 0:00:24  loss: 0.2054 (0.2534)  IoU (F channel): 0.0000 (0.0004)  IoU (C channel): 0.0000 (0.0001)  L1 (Db channel): 0.2951 (0.2429)  L1 (Dn channel): 0.2149 (0.2460)  lr: 0.000872  iter-time: 0.4525
[18:55:04.035901] Epoch: [14]  [420/458]  eta: 0:00:19  loss: 0.2011 (0.2534)  IoU (F channel): 0.0000 (0.0004)  IoU (C channel): 0.0000 (0.0001)  L1 (Db channel): 0.2757 (0.2429)  L1 (Dn channel): 0.2168 (0.2453)  lr: 0.000871  iter-time: 0.4804
[18:55:09.283410] Epoch: [14]  [430/458]  eta: 0:00:14  loss: 0.2511 (0.2538)  IoU (F channel): 0.0000 (0.0004)  IoU (C channel): 0.0000 (0.0001)  L1 (Db channel): 0.2424 (0.2429)  L1 (Dn channel): 0.2241 (0.2450)  lr: 0.000869  iter-time: 0.5164
[18:55:14.472278] Epoch: [14]  [440/458]  eta: 0:00:09  loss: 0.1990 (0.2526)  IoU (F channel): 0.0000 (0.0004)  IoU (C channel): 0.0000 (0.0000)  L1 (Db channel): 0.2250 (0.2424)  L1 (Dn channel): 0.2426 (0.2452)  lr: 0.000868  iter-time: 0.5217
[18:55:19.111032] Epoch: [14]  [450/458]  eta: 0:00:04  loss: 0.1830 (0.2523)  IoU (F channel): 0.0000 (0.0004)  IoU (C channel): 0.0000 (0.0000)  L1 (Db channel): 0.1878 (0.2408)  L1 (Dn channel): 0.2499 (0.2452)  lr: 0.000867  iter-time: 0.4913
[18:55:21.970641] Epoch: [14]  [457/458]  eta: 0:00:00  loss: 0.1959 (0.2520)  IoU (F channel): 0.0000 (0.0004)  IoU (C channel): 0.0000 (0.0000)  L1 (Db channel): 0.1696 (0.2397)  L1 (Dn channel): 0.2453 (0.2452)  lr: 0.000866  iter-time: 0.4600
[18:55:22.634928] Epoch: [14] Total time: 0:03:49 (0.5014 s / it)
[18:55:22.635215] [Train] averaged stats: loss: 0.1959 (0.2520)  IoU (F channel): 0.0000 (0.0004)  IoU (C channel): 0.0000 (0.0000)  L1 (Db channel): 0.1696 (0.2397)  L1 (Dn channel): 0.2453 (0.2452)  lr: 0.000866
[18:55:26.555949] Epoch: [14]  [ 0/52]  eta: 0:03:23  loss: 0.0015 (0.0015)  IoU (F channel): 0.0000 (0.0000)  IoU (C channel): 0.0000 (0.0000)  L1 (Db channel): 0.1457 (0.1457)  L1 (Dn channel): 0.2722 (0.2722)  iter-time: 3.9194
[18:55:28.412956] Epoch: [14]  [10/52]  eta: 0:00:22  loss: 0.1924 (0.1528)  IoU (F channel): 0.0000 (0.0000)  IoU (C channel): 0.0000 (0.0000)  L1 (Db channel): 0.2023 (0.1865)  L1 (Dn channel): 0.2722 (0.2548)  iter-time: 0.5251
[18:55:30.041362] Epoch: [14]  [20/52]  eta: 0:00:11  loss: 0.2555 (0.2301)  IoU (F channel): 0.0000 (0.0000)  IoU (C channel): 0.0000 (0.0000)  L1 (Db channel): 0.2115 (0.2002)  L1 (Dn channel): 0.2235 (0.2365)  iter-time: 0.1742
[18:55:31.600762] Epoch: [14]  [30/52]  eta: 0:00:06  loss: 0.2869 (0.1950)  IoU (F channel): 0.0000 (0.0000)  IoU (C channel): 0.0000 (0.0000)  L1 (Db channel): 0.2047 (0.1925)  L1 (Dn channel): 0.2413 (0.2495)  iter-time: 0.1594
[18:55:33.200173] Epoch: [14]  [40/52]  eta: 0:00:03  loss: 0.2223 (0.2449)  IoU (F channel): 0.0000 (0.0000)  IoU (C channel): 0.0000 (0.0000)  L1 (Db channel): 0.1680 (0.1862)  L1 (Dn channel): 0.2518 (0.2473)  iter-time: 0.1579
[18:55:34.759605] Epoch: [14]  [50/52]  eta: 0:00:00  loss: 0.3446 (0.2499)  IoU (F channel): 0.0000 (0.0001)  IoU (C channel): 0.0000 (0.0000)  L1 (Db channel): 0.1683 (0.1839)  L1 (Dn channel): 0.2394 (0.2492)  iter-time: 0.1579
[18:55:34.857781] Epoch: [14]  [51/52]  eta: 0:00:00  loss: 0.2866 (0.2451)  IoU (F channel): 0.0000 (0.0001)  IoU (C channel): 0.0000 (0.0000)  L1 (Db channel): 0.1680 (0.1832)  L1 (Dn channel): 0.2394 (0.2497)  iter-time: 0.1550
[18:55:35.625998] Epoch: [14] Total time: 0:00:12 (0.2498 s / it)
[18:55:35.626028] [Val] averaged stats: loss: 0.2866 (0.2451)  IoU (F channel): 0.0000 (0.0001)  IoU (C channel): 0.0000 (0.0000)  L1 (Db channel): 0.1680 (0.1832)  L1 (Dn channel): 0.2394 (0.2497)
[18:55:35.626400] [Val] best loss: 0.2358 best  IoU (F channel): 0.0001 IoU (C channel): 0.0000 L1 (Db channel): 0.2477 L1 (Dn channel): 0.3092 
EarlyStopping counter: 1 out of 10
[18:55:35.635785] [Time] 4.0m 57.9m/2.1h

[18:55:35.635799] ~~~ Epoch 15/30 ~~~

[18:55:41.198379] Epoch: [15]  [  0/458]  eta: 0:42:23  loss: 0.1756 (0.1756)  IoU (F channel): 0.0000 (0.0000)  IoU (C channel): 0.0000 (0.0000)  L1 (Db channel): 0.1673 (0.1673)  L1 (Dn channel): 0.2433 (0.2433)  lr: 0.000866  iter-time: 5.5541
[18:55:46.915822] Epoch: [15]  [ 10/458]  eta: 0:07:39  loss: 0.1782 (0.2173)  IoU (F channel): 0.0000 (0.0002)  IoU (C channel): 0.0000 (0.0000)  L1 (Db channel): 0.1662 (0.1671)  L1 (Dn channel): 0.2369 (0.2379)  lr: 0.000865  iter-time: 1.0246
[18:55:51.775625] Epoch: [15]  [ 20/458]  eta: 0:05:36  loss: 0.2251 (0.2795)  IoU (F channel): 0.0000 (0.0009)  IoU (C channel): 0.0000 (0.0001)  L1 (Db channel): 0.1714 (0.1709)  L1 (Dn channel): 0.2386 (0.2395)  lr: 0.000864  iter-time: 0.5282
[18:55:56.770792] Epoch: [15]  [ 30/458]  eta: 0:04:51  loss: 0.1921 (0.2530)  IoU (F channel): 0.0000 (0.0007)  IoU (C channel): 0.0000 (0.0001)  L1 (Db channel): 0.1818 (0.1779)  L1 (Dn channel): 0.2459 (0.2433)  lr: 0.000863  iter-time: 0.4921
[18:56:01.406881] Epoch: [15]  [ 40/458]  eta: 0:04:22  loss: 0.1808 (0.2550)  IoU (F channel): 0.0000 (0.0008)  IoU (C channel): 0.0000 (0.0001)  L1 (Db channel): 0.1993 (0.1840)  L1 (Dn channel): 0.2523 (0.2449)  lr: 0.000862  iter-time: 0.4815
[18:56:05.973001] Epoch: [15]  [ 50/458]  eta: 0:04:02  loss: 0.2340 (0.2494)  IoU (F channel): 0.0000 (0.0006)  IoU (C channel): 0.0000 (0.0001)  L1 (Db channel): 0.2047 (0.1889)  L1 (Dn channel): 0.2405 (0.2429)  lr: 0.000861  iter-time: 0.4601
[18:56:10.456729] Epoch: [15]  [ 60/458]  eta: 0:03:47  loss: 0.2139 (0.2495)  IoU (F channel): 0.0000 (0.0006)  IoU (C channel): 0.0000 (0.0001)  L1 (Db channel): 0.2059 (0.1926)  L1 (Dn channel): 0.2354 (0.2417)  lr: 0.000860  iter-time: 0.4524
[18:56:15.456052] Epoch: [15]  [ 70/458]  eta: 0:03:37  loss: 0.2002 (0.2515)  IoU (F channel): 0.0000 (0.0005)  IoU (C channel): 0.0000 (0.0001)  L1 (Db channel): 0.2292 (0.2074)  L1 (Dn channel): 0.2378 (0.2417)  lr: 0.000858  iter-time: 0.4741
[18:56:20.552593] Epoch: [15]  [ 80/458]  eta: 0:03:29  loss: 0.1981 (0.2489)  IoU (F channel): 0.0000 (0.0005)  IoU (C channel): 0.0000 (0.0001)  L1 (Db channel): 0.3049 (0.2201)  L1 (Dn channel): 0.2445 (0.2426)  lr: 0.000857  iter-time: 0.5047
[18:56:25.514658] Epoch: [15]  [ 90/458]  eta: 0:03:21  loss: 0.2089 (0.2572)  IoU (F channel): 0.0000 (0.0005)  IoU (C channel): 0.0000 (0.0001)  L1 (Db channel): 0.2959 (0.2259)  L1 (Dn channel): 0.2501 (0.2435)  lr: 0.000856  iter-time: 0.5029
[18:56:30.999785] Epoch: [15]  [100/458]  eta: 0:03:16  loss: 0.1578 (0.2491)  IoU (F channel): 0.0000 (0.0004)  IoU (C channel): 0.0000 (0.0001)  L1 (Db channel): 0.2395 (0.2246)  L1 (Dn channel): 0.2491 (0.2439)  lr: 0.000855  iter-time: 0.5223
[18:56:36.108552] Epoch: [15]  [110/458]  eta: 0:03:09  loss: 0.1620 (0.2488)  IoU (F channel): 0.0000 (0.0004)  IoU (C channel): 0.0000 (0.0001)  L1 (Db channel): 0.2100 (0.2244)  L1 (Dn channel): 0.2465 (0.2441)  lr: 0.000854  iter-time: 0.5296
[18:56:40.815810] Epoch: [15]  [120/458]  eta: 0:03:01  loss: 0.2120 (0.2471)  IoU (F channel): 0.0000 (0.0004)  IoU (C channel): 0.0000 (0.0001)  L1 (Db channel): 0.2335 (0.2263)  L1 (Dn channel): 0.2415 (0.2434)  lr: 0.000853  iter-time: 0.4907
[18:56:45.483874] Epoch: [15]  [130/458]  eta: 0:02:54  loss: 0.2015 (0.2474)  IoU (F channel): 0.0000 (0.0005)  IoU (C channel): 0.0000 (0.0000)  L1 (Db channel): 0.2347 (0.2264)  L1 (Dn channel): 0.2297 (0.2421)  lr: 0.000852  iter-time: 0.4687
[18:56:50.426469] Epoch: [15]  [140/458]  eta: 0:02:48  loss: 0.1962 (0.2447)  IoU (F channel): 0.0000 (0.0004)  IoU (C channel): 0.0000 (0.0001)  L1 (Db channel): 0.2225 (0.2261)  L1 (Dn channel): 0.2216 (0.2405)  lr: 0.000850  iter-time: 0.4805
[18:56:55.011985] Epoch: [15]  [150/458]  eta: 0:02:41  loss: 0.1966 (0.2460)  IoU (F channel): 0.0000 (0.0007)  IoU (C channel): 0.0000 (0.0001)  L1 (Db channel): 0.2144 (0.2241)  L1 (Dn channel): 0.2182 (0.2390)  lr: 0.000849  iter-time: 0.4763
[18:56:59.602734] Epoch: [15]  [160/458]  eta: 0:02:35  loss: 0.2247 (0.2495)  IoU (F channel): 0.0000 (0.0007)  IoU (C channel): 0.0000 (0.0001)  L1 (Db channel): 0.1815 (0.2213)  L1 (Dn channel): 0.2164 (0.2377)  lr: 0.000848  iter-time: 0.4587
[18:57:04.162131] Epoch: [15]  [170/458]  eta: 0:02:29  loss: 0.2463 (0.2510)  IoU (F channel): 0.0000 (0.0007)  IoU (C channel): 0.0000 (0.0001)  L1 (Db channel): 0.1786 (0.2188)  L1 (Dn channel): 0.2216 (0.2370)  lr: 0.000847  iter-time: 0.4574
[18:57:09.721381] Epoch: [15]  [180/458]  eta: 0:02:24  loss: 0.2392 (0.2507)  IoU (F channel): 0.0000 (0.0007)  IoU (C channel): 0.0000 (0.0001)  L1 (Db channel): 0.1830 (0.2170)  L1 (Dn channel): 0.2236 (0.2363)  lr: 0.000846  iter-time: 0.5059
[18:57:15.058852] Epoch: [15]  [190/458]  eta: 0:02:19  loss: 0.1925 (0.2471)  IoU (F channel): 0.0000 (0.0006)  IoU (C channel): 0.0000 (0.0001)  L1 (Db channel): 0.1857 (0.2153)  L1 (Dn channel): 0.2240 (0.2357)  lr: 0.000844  iter-time: 0.5448
[18:57:19.571961] Epoch: [15]  [200/458]  eta: 0:02:13  loss: 0.1786 (0.2486)  IoU (F channel): 0.0000 (0.0006)  IoU (C channel): 0.0000 (0.0001)  L1 (Db channel): 0.1848 (0.2138)  L1 (Dn channel): 0.2239 (0.2351)  lr: 0.000843  iter-time: 0.4925
[18:57:24.825210] Epoch: [15]  [210/458]  eta: 0:02:08  loss: 0.1925 (0.2472)  IoU (F channel): 0.0000 (0.0006)  IoU (C channel): 0.0000 (0.0001)  L1 (Db channel): 0.1841 (0.2125)  L1 (Dn channel): 0.2255 (0.2346)  lr: 0.000842  iter-time: 0.4877
[18:57:29.521792] Epoch: [15]  [220/458]  eta: 0:02:02  loss: 0.2060 (0.2460)  IoU (F channel): 0.0000 (0.0005)  IoU (C channel): 0.0000 (0.0001)  L1 (Db channel): 0.1834 (0.2112)  L1 (Dn channel): 0.2236 (0.2340)  lr: 0.000841  iter-time: 0.4968
[18:57:34.351848] Epoch: [15]  [230/458]  eta: 0:01:57  loss: 0.2219 (0.2460)  IoU (F channel): 0.0000 (0.0006)  IoU (C channel): 0.0000 (0.0001)  L1 (Db channel): 0.1795 (0.2097)  L1 (Dn channel): 0.2218 (0.2336)  lr: 0.000840  iter-time: 0.4763
[18:57:39.207445] Epoch: [15]  [240/458]  eta: 0:01:51  loss: 0.2235 (0.2475)  IoU (F channel): 0.0000 (0.0007)  IoU (C channel): 0.0000 (0.0001)  L1 (Db channel): 0.1755 (0.2082)  L1 (Dn channel): 0.2213 (0.2331)  lr: 0.000839  iter-time: 0.4836
[18:57:44.016206] Epoch: [15]  [250/458]  eta: 0:01:46  loss: 0.2235 (0.2486)  IoU (F channel): 0.0000 (0.0006)  IoU (C channel): 0.0000 (0.0001)  L1 (Db channel): 0.1729 (0.2068)  L1 (Dn channel): 0.2237 (0.2328)  lr: 0.000837  iter-time: 0.4825
[18:57:48.590899] Epoch: [15]  [260/458]  eta: 0:01:40  loss: 0.2224 (0.2487)  IoU (F channel): 0.0000 (0.0007)  IoU (C channel): 0.0000 (0.0000)  L1 (Db channel): 0.1816 (0.2062)  L1 (Dn channel): 0.2237 (0.2324)  lr: 0.000836  iter-time: 0.4691
[18:57:53.227929] Epoch: [15]  [270/458]  eta: 0:01:35  loss: 0.2296 (0.2491)  IoU (F channel): 0.0000 (0.0010)  IoU (C channel): 0.0000 (0.0000)  L1 (Db channel): 0.1876 (0.2054)  L1 (Dn channel): 0.2239 (0.2321)  lr: 0.000835  iter-time: 0.4605
[18:57:57.722018] Epoch: [15]  [280/458]  eta: 0:01:29  loss: 0.2384 (0.2509)  IoU (F channel): 0.0000 (0.0010)  IoU (C channel): 0.0000 (0.0000)  L1 (Db channel): 0.1530 (0.2033)  L1 (Dn channel): 0.2258 (0.2319)  lr: 0.000834  iter-time: 0.4565
[18:58:02.726858] Epoch: [15]  [290/458]  eta: 0:01:24  loss: 0.2384 (0.2528)  IoU (F channel): 0.0000 (0.0009)  IoU (C channel): 0.0000 (0.0000)  L1 (Db channel): 0.1489 (0.2015)  L1 (Dn channel): 0.2261 (0.2318)  lr: 0.000832  iter-time: 0.4749
[18:58:08.183543] Epoch: [15]  [300/458]  eta: 0:01:20  loss: 0.2425 (0.2535)  IoU (F channel): 0.0000 (0.0010)  IoU (C channel): 0.0000 (0.0001)  L1 (Db channel): 0.1500 (0.1999)  L1 (Dn channel): 0.2303 (0.2319)  lr: 0.000831  iter-time: 0.5230
[18:58:13.420880] Epoch: [15]  [310/458]  eta: 0:01:15  loss: 0.2169 (0.2518)  IoU (F channel): 0.0000 (0.0010)  IoU (C channel): 0.0000 (0.0001)  L1 (Db channel): 0.1533 (0.1985)  L1 (Dn channel): 0.2364 (0.2321)  lr: 0.000830  iter-time: 0.5346
[18:58:17.976316] Epoch: [15]  [320/458]  eta: 0:01:09  loss: 0.2333 (0.2533)  IoU (F channel): 0.0000 (0.0009)  IoU (C channel): 0.0000 (0.0001)  L1 (Db channel): 0.1593 (0.1974)  L1 (Dn channel): 0.2345 (0.2318)  lr: 0.000829  iter-time: 0.4896
[18:58:23.449952] Epoch: [15]  [330/458]  eta: 0:01:04  loss: 0.2382 (0.2537)  IoU (F channel): 0.0000 (0.0009)  IoU (C channel): 0.0000 (0.0000)  L1 (Db channel): 0.1654 (0.1966)  L1 (Dn channel): 0.2181 (0.2314)  lr: 0.000828  iter-time: 0.5014
[18:58:28.178875] Epoch: [15]  [340/458]  eta: 0:00:59  loss: 0.1854 (0.2521)  IoU (F channel): 0.0000 (0.0009)  IoU (C channel): 0.0000 (0.0001)  L1 (Db channel): 0.1747 (0.1960)  L1 (Dn channel): 0.2186 (0.2311)  lr: 0.000826  iter-time: 0.5101
[18:58:32.831783] Epoch: [15]  [350/458]  eta: 0:00:54  loss: 0.1785 (0.2520)  IoU (F channel): 0.0000 (0.0009)  IoU (C channel): 0.0000 (0.0001)  L1 (Db channel): 0.1764 (0.1955)  L1 (Dn channel): 0.2254 (0.2311)  lr: 0.000825  iter-time: 0.4690
[18:58:37.948945] Epoch: [15]  [360/458]  eta: 0:00:49  loss: 0.1785 (0.2519)  IoU (F channel): 0.0000 (0.0008)  IoU (C channel): 0.0000 (0.0001)  L1 (Db channel): 0.1789 (0.1951)  L1 (Dn channel): 0.2292 (0.2311)  lr: 0.000824  iter-time: 0.4884
[18:58:42.558941] Epoch: [15]  [370/458]  eta: 0:00:44  loss: 0.1966 (0.2516)  IoU (F channel): 0.0000 (0.0008)  IoU (C channel): 0.0000 (0.0001)  L1 (Db channel): 0.1790 (0.1946)  L1 (Dn channel): 0.2332 (0.2312)  lr: 0.000823  iter-time: 0.4863
[18:58:47.157023] Epoch: [15]  [380/458]  eta: 0:00:39  loss: 0.2233 (0.2517)  IoU (F channel): 0.0000 (0.0008)  IoU (C channel): 0.0000 (0.0001)  L1 (Db channel): 0.1884 (0.1947)  L1 (Dn channel): 0.2429 (0.2318)  lr: 0.000821  iter-time: 0.4603
[18:58:51.789388] Epoch: [15]  [390/458]  eta: 0:00:34  loss: 0.2578 (0.2520)  IoU (F channel): 0.0000 (0.0008)  IoU (C channel): 0.0000 (0.0001)  L1 (Db channel): 0.1910 (0.1946)  L1 (Dn channel): 0.2500 (0.2323)  lr: 0.000820  iter-time: 0.4615
[18:58:56.461038] Epoch: [15]  [400/458]  eta: 0:00:29  loss: 0.2521 (0.2523)  IoU (F channel): 0.0000 (0.0009)  IoU (C channel): 0.0000 (0.0001)  L1 (Db channel): 0.1823 (0.1941)  L1 (Dn channel): 0.2481 (0.2327)  lr: 0.000819  iter-time: 0.4651
[18:59:01.584697] Epoch: [15]  [410/458]  eta: 0:00:24  loss: 0.2252 (0.2514)  IoU (F channel): 0.0000 (0.0009)  IoU (C channel): 0.0000 (0.0001)  L1 (Db channel): 0.1785 (0.1938)  L1 (Dn channel): 0.2467 (0.2330)  lr: 0.000818  iter-time: 0.4897
[18:59:06.193253] Epoch: [15]  [420/458]  eta: 0:00:18  loss: 0.1906 (0.2507)  IoU (F channel): 0.0000 (0.0009)  IoU (C channel): 0.0000 (0.0000)  L1 (Db channel): 0.1828 (0.1936)  L1 (Dn channel): 0.2484 (0.2334)  lr: 0.000816  iter-time: 0.4865
[18:59:10.811896] Epoch: [15]  [430/458]  eta: 0:00:13  loss: 0.2311 (0.2520)  IoU (F channel): 0.0000 (0.0009)  IoU (C channel): 0.0000 (0.0000)  L1 (Db channel): 0.1879 (0.1935)  L1 (Dn channel): 0.2442 (0.2336)  lr: 0.000815  iter-time: 0.4613
[18:59:15.349472] Epoch: [15]  [440/458]  eta: 0:00:08  loss: 0.2267 (0.2504)  IoU (F channel): 0.0000 (0.0009)  IoU (C channel): 0.0000 (0.0000)  L1 (Db channel): 0.1879 (0.1933)  L1 (Dn channel): 0.2414 (0.2338)  lr: 0.000814  iter-time: 0.4577
[18:59:19.809733] Epoch: [15]  [450/458]  eta: 0:00:03  loss: 0.1923 (0.2505)  IoU (F channel): 0.0000 (0.0009)  IoU (C channel): 0.0000 (0.0000)  L1 (Db channel): 0.1803 (0.1930)  L1 (Dn channel): 0.2395 (0.2338)  lr: 0.000813  iter-time: 0.4498
[18:59:22.942277] Epoch: [15]  [457/458]  eta: 0:00:00  loss: 0.2608 (0.2520)  IoU (F channel): 0.0000 (0.0009)  IoU (C channel): 0.0000 (0.0000)  L1 (Db channel): 0.1803 (0.1929)  L1 (Dn channel): 0.2381 (0.2339)  lr: 0.000812  iter-time: 0.4457
[18:59:23.703670] Epoch: [15] Total time: 0:03:48 (0.4980 s / it)
[18:59:23.703765] [Train] averaged stats: loss: 0.2608 (0.2520)  IoU (F channel): 0.0000 (0.0009)  IoU (C channel): 0.0000 (0.0000)  L1 (Db channel): 0.1803 (0.1929)  L1 (Dn channel): 0.2381 (0.2339)  lr: 0.000812
[18:59:28.052690] Epoch: [15]  [ 0/52]  eta: 0:03:46  loss: 0.0011 (0.0011)  IoU (F channel): 0.0000 (0.0000)  IoU (C channel): 0.0000 (0.0000)  L1 (Db channel): 0.1930 (0.1930)  L1 (Dn channel): 0.3391 (0.3391)  iter-time: 4.3477
[18:59:29.642956] Epoch: [15]  [10/52]  eta: 0:00:22  loss: 0.1061 (0.1294)  IoU (F channel): 0.0000 (0.0000)  IoU (C channel): 0.0000 (0.0000)  L1 (Db channel): 0.2241 (0.2328)  L1 (Dn channel): 0.2880 (0.2784)  iter-time: 0.5394
[18:59:31.287170] Epoch: [15]  [20/52]  eta: 0:00:11  loss: 0.2506 (0.2194)  IoU (F channel): 0.0000 (0.0000)  IoU (C channel): 0.0000 (0.0000)  L1 (Db channel): 0.2758 (0.2573)  L1 (Dn channel): 0.1784 (0.2201)  iter-time: 0.1615
[18:59:32.911905] Epoch: [15]  [30/52]  eta: 0:00:06  loss: 0.2805 (0.1874)  IoU (F channel): 0.0000 (0.0000)  IoU (C channel): 0.0000 (0.0000)  L1 (Db channel): 0.2625 (0.2426)  L1 (Dn channel): 0.1900 (0.2454)  iter-time: 0.1634
[18:59:34.559944] Epoch: [15]  [40/52]  eta: 0:00:03  loss: 0.2233 (0.2369)  IoU (F channel): 0.0000 (0.0002)  IoU (C channel): 0.0000 (0.0000)  L1 (Db channel): 0.2398 (0.2449)  L1 (Dn channel): 0.2301 (0.2321)  iter-time: 0.1636
[18:59:36.124925] Epoch: [15]  [50/52]  eta: 0:00:00  loss: 0.3248 (0.2452)  IoU (F channel): 0.0000 (0.0003)  IoU (C channel): 0.0000 (0.0000)  L1 (Db channel): 0.2446 (0.2409)  L1 (Dn channel): 0.1888 (0.2357)  iter-time: 0.1606
[18:59:36.216328] Epoch: [15]  [51/52]  eta: 0:00:00  loss: 0.2705 (0.2405)  IoU (F channel): 0.0000 (0.0003)  IoU (C channel): 0.0000 (0.0000)  L1 (Db channel): 0.2433 (0.2400)  L1 (Dn channel): 0.1888 (0.2377)  iter-time: 0.1561
[18:59:37.048610] Epoch: [15] Total time: 0:00:13 (0.2566 s / it)
[18:59:37.048638] [Val] averaged stats: loss: 0.2705 (0.2405)  IoU (F channel): 0.0000 (0.0003)  IoU (C channel): 0.0000 (0.0000)  L1 (Db channel): 0.2433 (0.2400)  L1 (Dn channel): 0.1888 (0.2377)
[18:59:37.048978] [Val] best loss: 0.2358 best  IoU (F channel): 0.0001 IoU (C channel): 0.0000 L1 (Db channel): 0.2477 L1 (Dn channel): 0.3092 
[18:59:37.058550] Creating training plots . . .
EarlyStopping counter: 2 out of 10
[18:59:42.734054] [Time] 4.1m 1.0h/2.1h

[18:59:42.734074] ~~~ Epoch 16/30 ~~~

[18:59:48.906531] Epoch: [16]  [  0/458]  eta: 0:47:06  loss: 0.2640 (0.2640)  IoU (F channel): 0.0000 (0.0000)  IoU (C channel): 0.0000 (0.0000)  L1 (Db channel): 0.1868 (0.1868)  L1 (Dn channel): 0.2462 (0.2462)  lr: 0.000811  iter-time: 6.1713
[18:59:53.993613] Epoch: [16]  [ 10/458]  eta: 0:07:38  loss: 0.2145 (0.2507)  IoU (F channel): 0.0000 (0.0002)  IoU (C channel): 0.0000 (0.0000)  L1 (Db channel): 0.1912 (0.1898)  L1 (Dn channel): 0.2427 (0.2427)  lr: 0.000810  iter-time: 1.0234
[18:59:58.610544] Epoch: [16]  [ 20/458]  eta: 0:05:30  loss: 0.2145 (0.2433)  IoU (F channel): 0.0000 (0.0001)  IoU (C channel): 0.0000 (0.0000)  L1 (Db channel): 0.1921 (0.1923)  L1 (Dn channel): 0.2423 (0.2427)  lr: 0.000809  iter-time: 0.4845
[19:00:03.237220] Epoch: [16]  [ 30/458]  eta: 0:04:42  loss: 0.2453 (0.2526)  IoU (F channel): 0.0000 (0.0013)  IoU (C channel): 0.0000 (0.0000)  L1 (Db channel): 0.1929 (0.1919)  L1 (Dn channel): 0.2419 (0.2429)  lr: 0.000808  iter-time: 0.4615
[19:00:08.108896] Epoch: [16]  [ 40/458]  eta: 0:04:18  loss: 0.2660 (0.2576)  IoU (F channel): 0.0000 (0.0016)  IoU (C channel): 0.0000 (0.0000)  L1 (Db channel): 0.1888 (0.1895)  L1 (Dn channel): 0.2339 (0.2389)  lr: 0.000806  iter-time: 0.4748
[19:00:12.689841] Epoch: [16]  [ 50/458]  eta: 0:03:59  loss: 0.2400 (0.2528)  IoU (F channel): 0.0000 (0.0013)  IoU (C channel): 0.0000 (0.0000)  L1 (Db channel): 0.1724 (0.1858)  L1 (Dn channel): 0.2207 (0.2346)  lr: 0.000805  iter-time: 0.4725
[19:00:17.421407] Epoch: [16]  [ 60/458]  eta: 0:03:46  loss: 0.2189 (0.2476)  IoU (F channel): 0.0000 (0.0024)  IoU (C channel): 0.0000 (0.0000)  L1 (Db channel): 0.1751 (0.1855)  L1 (Dn channel): 0.2224 (0.2333)  lr: 0.000804  iter-time: 0.4650
[19:00:22.000093] Epoch: [16]  [ 70/458]  eta: 0:03:34  loss: 0.2053 (0.2462)  IoU (F channel): 0.0000 (0.0028)  IoU (C channel): 0.0000 (0.0000)  L1 (Db channel): 0.1875 (0.1862)  L1 (Dn channel): 0.2292 (0.2330)  lr: 0.000802  iter-time: 0.4649
[19:00:26.598918] Epoch: [16]  [ 80/458]  eta: 0:03:24  loss: 0.1873 (0.2377)  IoU (F channel): 0.0000 (0.0024)  IoU (C channel): 0.0000 (0.0000)  L1 (Db channel): 0.1929 (0.1870)  L1 (Dn channel): 0.2339 (0.2330)  lr: 0.000801  iter-time: 0.4588
[19:00:31.681406] Epoch: [16]  [ 90/458]  eta: 0:03:17  loss: 0.1860 (0.2360)  IoU (F channel): 0.0000 (0.0022)  IoU (C channel): 0.0000 (0.0000)  L1 (Db channel): 0.1990 (0.1891)  L1 (Dn channel): 0.2332 (0.2328)  lr: 0.000800  iter-time: 0.4836
[19:00:36.421888] Epoch: [16]  [100/458]  eta: 0:03:10  loss: 0.1985 (0.2387)  IoU (F channel): 0.0000 (0.0020)  IoU (C channel): 0.0000 (0.0000)  L1 (Db channel): 0.2183 (0.1929)  L1 (Dn channel): 0.2416 (0.2374)  lr: 0.000799  iter-time: 0.4906
[19:00:41.246888] Epoch: [16]  [110/458]  eta: 0:03:03  loss: 0.2193 (0.2442)  IoU (F channel): 0.0000 (0.0019)  IoU (C channel): 0.0000 (0.0000)  L1 (Db channel): 0.2325 (0.1970)  L1 (Dn channel): 0.3057 (0.2448)  lr: 0.000797  iter-time: 0.4782
[19:00:45.867940] Epoch: [16]  [120/458]  eta: 0:02:56  loss: 0.2164 (0.2440)  IoU (F channel): 0.0000 (0.0018)  IoU (C channel): 0.0000 (0.0000)  L1 (Db channel): 0.2413 (0.2006)  L1 (Dn channel): 0.3114 (0.2490)  lr: 0.000796  iter-time: 0.4722
[19:00:50.587486] Epoch: [16]  [130/458]  eta: 0:02:49  loss: 0.1851 (0.2382)  IoU (F channel): 0.0000 (0.0017)  IoU (C channel): 0.0000 (0.0000)  L1 (Db channel): 0.2243 (0.2017)  L1 (Dn channel): 0.2588 (0.2488)  lr: 0.000795  iter-time: 0.4669
[19:00:55.314863] Epoch: [16]  [140/458]  eta: 0:02:43  loss: 0.1772 (0.2388)  IoU (F channel): 0.0000 (0.0016)  IoU (C channel): 0.0000 (0.0000)  L1 (Db channel): 0.2159 (0.2028)  L1 (Dn channel): 0.2320 (0.2474)  lr: 0.000793  iter-time: 0.4723
[19:00:59.895383] Epoch: [16]  [150/458]  eta: 0:02:37  loss: 0.1679 (0.2347)  IoU (F channel): 0.0000 (0.0016)  IoU (C channel): 0.0000 (0.0000)  L1 (Db channel): 0.2216 (0.2049)  L1 (Dn channel): 0.2255 (0.2459)  lr: 0.000792  iter-time: 0.4653
[19:01:04.900228] Epoch: [16]  [160/458]  eta: 0:02:31  loss: 0.2084 (0.2373)  IoU (F channel): 0.0000 (0.0015)  IoU (C channel): 0.0000 (0.0000)  L1 (Db channel): 0.2535 (0.2094)  L1 (Dn channel): 0.2237 (0.2444)  lr: 0.000791  iter-time: 0.4792
[19:01:09.602861] Epoch: [16]  [170/458]  eta: 0:02:26  loss: 0.2334 (0.2353)  IoU (F channel): 0.0000 (0.0015)  IoU (C channel): 0.0000 (0.0000)  L1 (Db channel): 0.2621 (0.2112)  L1 (Dn channel): 0.2211 (0.2429)  lr: 0.000789  iter-time: 0.4853
[19:01:14.279846] Epoch: [16]  [180/458]  eta: 0:02:20  loss: 0.1861 (0.2376)  IoU (F channel): 0.0000 (0.0022)  IoU (C channel): 0.0000 (0.0001)  L1 (Db channel): 0.1989 (0.2097)  L1 (Dn channel): 0.2088 (0.2409)  lr: 0.000788  iter-time: 0.4689
[19:01:19.156953] Epoch: [16]  [190/458]  eta: 0:02:15  loss: 0.2290 (0.2397)  IoU (F channel): 0.0000 (0.0022)  IoU (C channel): 0.0000 (0.0001)  L1 (Db channel): 0.1817 (0.2084)  L1 (Dn channel): 0.2050 (0.2389)  lr: 0.000787  iter-time: 0.4770
[19:01:23.792305] Epoch: [16]  [200/458]  eta: 0:02:09  loss: 0.2285 (0.2389)  IoU (F channel): 0.0000 (0.0021)  IoU (C channel): 0.0000 (0.0001)  L1 (Db channel): 0.1925 (0.2079)  L1 (Dn channel): 0.2031 (0.2372)  lr: 0.000785  iter-time: 0.4749
[19:01:28.491566] Epoch: [16]  [210/458]  eta: 0:02:04  loss: 0.2285 (0.2399)  IoU (F channel): 0.0000 (0.0020)  IoU (C channel): 0.0000 (0.0001)  L1 (Db channel): 0.2016 (0.2077)  L1 (Dn channel): 0.2091 (0.2360)  lr: 0.000784  iter-time: 0.4667
[19:01:33.497853] Epoch: [16]  [220/458]  eta: 0:01:59  loss: 0.2315 (0.2406)  IoU (F channel): 0.0000 (0.0019)  IoU (C channel): 0.0000 (0.0001)  L1 (Db channel): 0.2073 (0.2077)  L1 (Dn channel): 0.2125 (0.2350)  lr: 0.000783  iter-time: 0.4852
[19:01:38.275831] Epoch: [16]  [230/458]  eta: 0:01:53  loss: 0.2197 (0.2408)  IoU (F channel): 0.0000 (0.0019)  IoU (C channel): 0.0000 (0.0001)  L1 (Db channel): 0.2132 (0.2082)  L1 (Dn channel): 0.2116 (0.2339)  lr: 0.000781  iter-time: 0.4891
[19:01:43.274286] Epoch: [16]  [240/458]  eta: 0:01:48  loss: 0.2157 (0.2421)  IoU (F channel): 0.0000 (0.0018)  IoU (C channel): 0.0000 (0.0001)  L1 (Db channel): 0.2261 (0.2092)  L1 (Dn channel): 0.2112 (0.2331)  lr: 0.000780  iter-time: 0.4887
[19:01:48.520640] Epoch: [16]  [250/458]  eta: 0:01:44  loss: 0.1969 (0.2398)  IoU (F channel): 0.0000 (0.0019)  IoU (C channel): 0.0000 (0.0001)  L1 (Db channel): 0.2271 (0.2098)  L1 (Dn channel): 0.2193 (0.2327)  lr: 0.000779  iter-time: 0.5122
[19:01:53.611363] Epoch: [16]  [260/458]  eta: 0:01:39  loss: 0.2080 (0.2412)  IoU (F channel): 0.0000 (0.0018)  IoU (C channel): 0.0000 (0.0001)  L1 (Db channel): 0.2270 (0.2104)  L1 (Dn channel): 0.2219 (0.2324)  lr: 0.000777  iter-time: 0.5168
[19:01:58.166494] Epoch: [16]  [270/458]  eta: 0:01:33  loss: 0.2336 (0.2406)  IoU (F channel): 0.0000 (0.0018)  IoU (C channel): 0.0000 (0.0001)  L1 (Db channel): 0.2181 (0.2102)  L1 (Dn channel): 0.2228 (0.2320)  lr: 0.000776  iter-time: 0.4822
[19:02:02.880152] Epoch: [16]  [280/458]  eta: 0:01:28  loss: 0.2072 (0.2405)  IoU (F channel): 0.0000 (0.0017)  IoU (C channel): 0.0000 (0.0001)  L1 (Db channel): 0.1955 (0.2095)  L1 (Dn channel): 0.2194 (0.2313)  lr: 0.000774  iter-time: 0.4634
[19:02:07.518932] Epoch: [16]  [290/458]  eta: 0:01:23  loss: 0.2133 (0.2395)  IoU (F channel): 0.0000 (0.0017)  IoU (C channel): 0.0000 (0.0001)  L1 (Db channel): 0.1926 (0.2090)  L1 (Dn channel): 0.2137 (0.2307)  lr: 0.000773  iter-time: 0.4675
[19:02:12.193706] Epoch: [16]  [300/458]  eta: 0:01:18  loss: 0.2146 (0.2386)  IoU (F channel): 0.0000 (0.0016)  IoU (C channel): 0.0000 (0.0001)  L1 (Db channel): 0.1947 (0.2088)  L1 (Dn channel): 0.2134 (0.2301)  lr: 0.000772  iter-time: 0.4656
[19:02:16.707811] Epoch: [16]  [310/458]  eta: 0:01:13  loss: 0.2146 (0.2376)  IoU (F channel): 0.0000 (0.0017)  IoU (C channel): 0.0000 (0.0001)  L1 (Db channel): 0.2082 (0.2089)  L1 (Dn channel): 0.2134 (0.2297)  lr: 0.000770  iter-time: 0.4594
[19:02:21.326841] Epoch: [16]  [320/458]  eta: 0:01:08  loss: 0.1882 (0.2392)  IoU (F channel): 0.0000 (0.0019)  IoU (C channel): 0.0000 (0.0001)  L1 (Db channel): 0.2102 (0.2088)  L1 (Dn channel): 0.2155 (0.2292)  lr: 0.000769  iter-time: 0.4566
[19:02:25.957888] Epoch: [16]  [330/458]  eta: 0:01:03  loss: 0.2092 (0.2402)  IoU (F channel): 0.0000 (0.0019)  IoU (C channel): 0.0000 (0.0001)  L1 (Db channel): 0.2100 (0.2089)  L1 (Dn channel): 0.2102 (0.2286)  lr: 0.000768  iter-time: 0.4624
[19:02:30.579822] Epoch: [16]  [340/458]  eta: 0:00:58  loss: 0.2232 (0.2406)  IoU (F channel): 0.0000 (0.0018)  IoU (C channel): 0.0000 (0.0001)  L1 (Db channel): 0.2146 (0.2092)  L1 (Dn channel): 0.2097 (0.2282)  lr: 0.000766  iter-time: 0.4626
[19:02:35.264260] Epoch: [16]  [350/458]  eta: 0:00:53  loss: 0.2183 (0.2398)  IoU (F channel): 0.0000 (0.0018)  IoU (C channel): 0.0000 (0.0001)  L1 (Db channel): 0.2168 (0.2095)  L1 (Dn channel): 0.2185 (0.2280)  lr: 0.000765  iter-time: 0.4652
[19:02:40.790908] Epoch: [16]  [360/458]  eta: 0:00:48  loss: 0.1884 (0.2402)  IoU (F channel): 0.0000 (0.0017)  IoU (C channel): 0.0000 (0.0001)  L1 (Db channel): 0.2170 (0.2098)  L1 (Dn channel): 0.2229 (0.2279)  lr: 0.000763  iter-time: 0.5105
[19:02:45.327048] Epoch: [16]  [370/458]  eta: 0:00:43  loss: 0.1794 (0.2396)  IoU (F channel): 0.0000 (0.0017)  IoU (C channel): 0.0000 (0.0002)  L1 (Db channel): 0.2095 (0.2096)  L1 (Dn channel): 0.2206 (0.2276)  lr: 0.000762  iter-time: 0.5031
[19:02:49.878091] Epoch: [16]  [380/458]  eta: 0:00:38  loss: 0.1826 (0.2390)  IoU (F channel): 0.0000 (0.0017)  IoU (C channel): 0.0000 (0.0002)  L1 (Db channel): 0.1954 (0.2091)  L1 (Dn channel): 0.2152 (0.2273)  lr: 0.000761  iter-time: 0.4543
[19:02:54.728098] Epoch: [16]  [390/458]  eta: 0:00:33  loss: 0.1858 (0.2391)  IoU (F channel): 0.0000 (0.0017)  IoU (C channel): 0.0000 (0.0002)  L1 (Db channel): 0.1898 (0.2086)  L1 (Dn channel): 0.2179 (0.2271)  lr: 0.000759  iter-time: 0.4700
[19:02:59.242612] Epoch: [16]  [400/458]  eta: 0:00:28  loss: 0.2082 (0.2409)  IoU (F channel): 0.0000 (0.0021)  IoU (C channel): 0.0000 (0.0002)  L1 (Db channel): 0.1893 (0.2081)  L1 (Dn channel): 0.2198 (0.2270)  lr: 0.000758  iter-time: 0.4682
[19:03:04.274161] Epoch: [16]  [410/458]  eta: 0:00:23  loss: 0.2333 (0.2414)  IoU (F channel): 0.0000 (0.0023)  IoU (C channel): 0.0000 (0.0002)  L1 (Db channel): 0.1916 (0.2078)  L1 (Dn channel): 0.2274 (0.2271)  lr: 0.000756  iter-time: 0.4772
[19:03:09.170749] Epoch: [16]  [420/458]  eta: 0:00:18  loss: 0.2237 (0.2422)  IoU (F channel): 0.0000 (0.0023)  IoU (C channel): 0.0000 (0.0003)  L1 (Db channel): 0.1995 (0.2076)  L1 (Dn channel): 0.2286 (0.2272)  lr: 0.000755  iter-time: 0.4963
[19:03:14.278201] Epoch: [16]  [430/458]  eta: 0:00:13  loss: 0.2237 (0.2423)  IoU (F channel): 0.0000 (0.0024)  IoU (C channel): 0.0000 (0.0003)  L1 (Db channel): 0.2010 (0.2075)  L1 (Dn channel): 0.2279 (0.2272)  lr: 0.000754  iter-time: 0.5001
[19:03:19.040934] Epoch: [16]  [440/458]  eta: 0:00:08  loss: 0.2374 (0.2426)  IoU (F channel): 0.0013 (0.0026)  IoU (C channel): 0.0000 (0.0003)  L1 (Db channel): 0.1989 (0.2072)  L1 (Dn channel): 0.2258 (0.2271)  lr: 0.000752  iter-time: 0.4934
[19:03:24.813848] Epoch: [16]  [450/458]  eta: 0:00:03  loss: 0.2201 (0.2435)  IoU (F channel): 0.0049 (0.0029)  IoU (C channel): 0.0000 (0.0003)  L1 (Db channel): 0.1962 (0.2070)  L1 (Dn channel): 0.2195 (0.2270)  lr: 0.000751  iter-time: 0.5267
[19:03:27.658889] Epoch: [16]  [457/458]  eta: 0:00:00  loss: 0.2195 (0.2427)  IoU (F channel): 0.0039 (0.0029)  IoU (C channel): 0.0000 (0.0003)  L1 (Db channel): 0.1999 (0.2070)  L1 (Dn channel): 0.2190 (0.2269)  lr: 0.000750  iter-time: 0.5143
[19:03:28.422673] Epoch: [16] Total time: 0:03:45 (0.4928 s / it)
[19:03:28.422895] [Train] averaged stats: loss: 0.2195 (0.2427)  IoU (F channel): 0.0039 (0.0029)  IoU (C channel): 0.0000 (0.0003)  L1 (Db channel): 0.1999 (0.2070)  L1 (Dn channel): 0.2190 (0.2269)  lr: 0.000750
[19:03:32.467307] Epoch: [16]  [ 0/52]  eta: 0:03:30  loss: 0.0010 (0.0010)  IoU (F channel): 0.0000 (0.0000)  IoU (C channel): 0.0000 (0.0000)  L1 (Db channel): 0.1527 (0.1527)  L1 (Dn channel): 0.3025 (0.3025)  iter-time: 4.0431
[19:03:34.373216] Epoch: [16]  [10/52]  eta: 0:00:22  loss: 0.1579 (0.1401)  IoU (F channel): 0.0000 (0.0000)  IoU (C channel): 0.0000 (0.0000)  L1 (Db channel): 0.2065 (0.2098)  L1 (Dn channel): 0.2560 (0.2476)  iter-time: 0.5408
[19:03:35.931894] Epoch: [16]  [20/52]  eta: 0:00:11  loss: 0.2423 (0.2184)  IoU (F channel): 0.0000 (0.0000)  IoU (C channel): 0.0000 (0.0000)  L1 (Db channel): 0.2983 (0.2700)  L1 (Dn channel): 0.1512 (0.1935)  iter-time: 0.1732
[19:03:37.598286] Epoch: [16]  [30/52]  eta: 0:00:06  loss: 0.2752 (0.1864)  IoU (F channel): 0.0000 (0.0001)  IoU (C channel): 0.0000 (0.0000)  L1 (Db channel): 0.2922 (0.2511)  L1 (Dn channel): 0.1626 (0.2136)  iter-time: 0.1612
[19:03:39.238403] Epoch: [16]  [40/52]  eta: 0:00:03  loss: 0.2061 (0.2363)  IoU (F channel): 0.0000 (0.0017)  IoU (C channel): 0.0000 (0.0000)  L1 (Db channel): 0.2916 (0.2727)  L1 (Dn channel): 0.1956 (0.2013)  iter-time: 0.1653
[19:03:40.794715] Epoch: [16]  [50/52]  eta: 0:00:00  loss: 0.3437 (0.2466)  IoU (F channel): 0.0000 (0.0016)  IoU (C channel): 0.0000 (0.0000)  L1 (Db channel): 0.3277 (0.2692)  L1 (Dn channel): 0.1635 (0.2035)  iter-time: 0.1598
[19:03:40.885965] Epoch: [16]  [51/52]  eta: 0:00:00  loss: 0.2941 (0.2419)  IoU (F channel): 0.0000 (0.0016)  IoU (C channel): 0.0000 (0.0000)  L1 (Db channel): 0.3277 (0.2672)  L1 (Dn channel): 0.1635 (0.2051)  iter-time: 0.1551
[19:03:41.618820] Epoch: [16] Total time: 0:00:13 (0.2537 s / it)
[19:03:41.618848] [Val] averaged stats: loss: 0.2941 (0.2419)  IoU (F channel): 0.0000 (0.0016)  IoU (C channel): 0.0000 (0.0000)  L1 (Db channel): 0.3277 (0.2672)  L1 (Dn channel): 0.1635 (0.2051)
[19:03:41.619258] [Val] best loss: 0.2358 best  IoU (F channel): 0.0001 IoU (C channel): 0.0000 L1 (Db channel): 0.2477 L1 (Dn channel): 0.3092 
EarlyStopping counter: 3 out of 10
[19:03:41.627091] [Time] 4.0m 1.1h/2.1h

[19:03:41.627098] ~~~ Epoch 17/30 ~~~

[19:03:46.827332] Epoch: [17]  [  0/458]  eta: 0:39:41  loss: 0.2066 (0.2066)  IoU (F channel): 0.0001 (0.0001)  IoU (C channel): 0.0000 (0.0000)  L1 (Db channel): 0.2068 (0.2068)  L1 (Dn channel): 0.2139 (0.2139)  lr: 0.000750  iter-time: 5.1990
[19:03:51.815408] Epoch: [17]  [ 10/458]  eta: 0:06:54  loss: 0.2066 (0.2360)  IoU (F channel): 0.0010 (0.0110)  IoU (C channel): 0.0000 (0.0002)  L1 (Db channel): 0.2038 (0.2009)  L1 (Dn channel): 0.2268 (0.2254)  lr: 0.000748  iter-time: 0.9251
[19:03:57.287778] Epoch: [17]  [ 20/458]  eta: 0:05:26  loss: 0.1885 (0.2325)  IoU (F channel): 0.0002 (0.0151)  IoU (C channel): 0.0000 (0.0038)  L1 (Db channel): 0.1933 (0.1959)  L1 (Dn channel): 0.2268 (0.2267)  lr: 0.000747  iter-time: 0.5224
[19:04:03.200657] Epoch: [17]  [ 30/458]  eta: 0:04:57  loss: 0.1997 (0.2317)  IoU (F channel): 0.0002 (0.0115)  IoU (C channel): 0.0000 (0.0026)  L1 (Db channel): 0.1874 (0.1920)  L1 (Dn channel): 0.2281 (0.2275)  lr: 0.000745  iter-time: 0.5692
[19:04:07.609501] Epoch: [17]  [ 40/458]  eta: 0:04:24  loss: 0.2111 (0.2505)  IoU (F channel): 0.0000 (0.0114)  IoU (C channel): 0.0000 (0.0019)  L1 (Db channel): 0.1874 (0.1924)  L1 (Dn channel): 0.2322 (0.2293)  lr: 0.000744  iter-time: 0.5160
[19:04:12.247889] Epoch: [17]  [ 50/458]  eta: 0:04:04  loss: 0.2560 (0.2513)  IoU (F channel): 0.0000 (0.0094)  IoU (C channel): 0.0000 (0.0016)  L1 (Db channel): 0.1977 (0.1943)  L1 (Dn channel): 0.2348 (0.2301)  lr: 0.000743  iter-time: 0.4523
[19:04:17.794171] Epoch: [17]  [ 60/458]  eta: 0:03:55  loss: 0.2736 (0.2668)  IoU (F channel): 0.0000 (0.0095)  IoU (C channel): 0.0000 (0.0016)  L1 (Db channel): 0.2098 (0.1974)  L1 (Dn channel): 0.2309 (0.2298)  lr: 0.000741  iter-time: 0.5092
[19:04:22.325919] Epoch: [17]  [ 70/458]  eta: 0:03:42  loss: 0.2331 (0.2580)  IoU (F channel): 0.0000 (0.0107)  IoU (C channel): 0.0000 (0.0015)  L1 (Db channel): 0.2157 (0.1999)  L1 (Dn channel): 0.2306 (0.2306)  lr: 0.000740  iter-time: 0.5038
[19:04:27.785512] Epoch: [17]  [ 80/458]  eta: 0:03:35  loss: 0.1660 (0.2442)  IoU (F channel): 0.0000 (0.0099)  IoU (C channel): 0.0001 (0.0045)  L1 (Db channel): 0.2157 (0.2010)  L1 (Dn channel): 0.2389 (0.2319)  lr: 0.000738  iter-time: 0.4995
[19:04:32.410601] Epoch: [17]  [ 90/458]  eta: 0:03:25  loss: 0.1583 (0.2420)  IoU (F channel): 0.0000 (0.0109)  IoU (C channel): 0.0001 (0.0041)  L1 (Db channel): 0.2098 (0.2017)  L1 (Dn channel): 0.2415 (0.2330)  lr: 0.000737  iter-time: 0.5042
[19:04:37.000533] Epoch: [17]  [100/458]  eta: 0:03:16  loss: 0.2341 (0.2436)  IoU (F channel): 0.0000 (0.0098)  IoU (C channel): 0.0000 (0.0037)  L1 (Db channel): 0.2014 (0.2014)  L1 (Dn channel): 0.2357 (0.2320)  lr: 0.000735  iter-time: 0.4607
[19:04:41.655891] Epoch: [17]  [110/458]  eta: 0:03:08  loss: 0.2615 (0.2531)  IoU (F channel): 0.0000 (0.0091)  IoU (C channel): 0.0000 (0.0034)  L1 (Db channel): 0.2035 (0.2026)  L1 (Dn channel): 0.2190 (0.2303)  lr: 0.000734  iter-time: 0.4622
[19:04:46.229503] Epoch: [17]  [120/458]  eta: 0:03:00  loss: 0.2960 (0.2563)  IoU (F channel): 0.0000 (0.0083)  IoU (C channel): 0.0000 (0.0031)  L1 (Db channel): 0.2178 (0.2046)  L1 (Dn channel): 0.2110 (0.2289)  lr: 0.000733  iter-time: 0.4614
[19:04:51.591259] Epoch: [17]  [130/458]  eta: 0:02:55  loss: 0.2383 (0.2573)  IoU (F channel): 0.0000 (0.0079)  IoU (C channel): 0.0000 (0.0029)  L1 (Db channel): 0.2036 (0.2040)  L1 (Dn channel): 0.2130 (0.2277)  lr: 0.000731  iter-time: 0.4967
[19:04:56.152505] Epoch: [17]  [140/458]  eta: 0:02:48  loss: 0.1987 (0.2547)  IoU (F channel): 0.0000 (0.0075)  IoU (C channel): 0.0000 (0.0027)  L1 (Db channel): 0.1885 (0.2023)  L1 (Dn channel): 0.2086 (0.2260)  lr: 0.000730  iter-time: 0.4961
[19:05:01.634080] Epoch: [17]  [150/458]  eta: 0:02:43  loss: 0.1891 (0.2513)  IoU (F channel): 0.0000 (0.0070)  IoU (C channel): 0.0000 (0.0030)  L1 (Db channel): 0.1726 (0.2001)  L1 (Dn channel): 0.2039 (0.2246)  lr: 0.000728  iter-time: 0.5021
[19:05:06.436257] Epoch: [17]  [160/458]  eta: 0:02:36  loss: 0.1768 (0.2484)  IoU (F channel): 0.0000 (0.0067)  IoU (C channel): 0.0000 (0.0029)  L1 (Db channel): 0.1632 (0.1976)  L1 (Dn channel): 0.2029 (0.2232)  lr: 0.000727  iter-time: 0.5141
[19:05:11.083848] Epoch: [17]  [170/458]  eta: 0:02:30  loss: 0.1715 (0.2453)  IoU (F channel): 0.0000 (0.0064)  IoU (C channel): 0.0000 (0.0029)  L1 (Db channel): 0.1618 (0.1954)  L1 (Dn channel): 0.2006 (0.2217)  lr: 0.000725  iter-time: 0.4724
[19:05:16.984003] Epoch: [17]  [180/458]  eta: 0:02:26  loss: 0.1747 (0.2463)  IoU (F channel): 0.0000 (0.0062)  IoU (C channel): 0.0000 (0.0030)  L1 (Db channel): 0.1548 (0.1930)  L1 (Dn channel): 0.2041 (0.2212)  lr: 0.000724  iter-time: 0.5273
[19:05:21.517527] Epoch: [17]  [190/458]  eta: 0:02:20  loss: 0.2096 (0.2454)  IoU (F channel): 0.0000 (0.0059)  IoU (C channel): 0.0000 (0.0028)  L1 (Db channel): 0.1504 (0.1911)  L1 (Dn channel): 0.2195 (0.2214)  lr: 0.000722  iter-time: 0.5216
[19:05:26.489058] Epoch: [17]  [200/458]  eta: 0:02:14  loss: 0.2230 (0.2469)  IoU (F channel): 0.0000 (0.0063)  IoU (C channel): 0.0000 (0.0027)  L1 (Db channel): 0.1604 (0.1901)  L1 (Dn channel): 0.2254 (0.2218)  lr: 0.000721  iter-time: 0.4752
[19:05:30.965802] Epoch: [17]  [210/458]  eta: 0:02:08  loss: 0.2044 (0.2454)  IoU (F channel): 0.0000 (0.0066)  IoU (C channel): 0.0000 (0.0030)  L1 (Db channel): 0.1823 (0.1907)  L1 (Dn channel): 0.2296 (0.2221)  lr: 0.000719  iter-time: 0.4723
[19:05:36.378630] Epoch: [17]  [220/458]  eta: 0:02:03  loss: 0.1827 (0.2433)  IoU (F channel): 0.0000 (0.0063)  IoU (C channel): 0.0000 (0.0030)  L1 (Db channel): 0.1883 (0.1904)  L1 (Dn channel): 0.2285 (0.2224)  lr: 0.000718  iter-time: 0.4936
[19:05:40.901651] Epoch: [17]  [230/458]  eta: 0:01:57  loss: 0.1806 (0.2402)  IoU (F channel): 0.0000 (0.0062)  IoU (C channel): 0.0012 (0.0037)  L1 (Db channel): 0.1544 (0.1888)  L1 (Dn channel): 0.2258 (0.2224)  lr: 0.000717  iter-time: 0.4959
[19:05:46.111604] Epoch: [17]  [240/458]  eta: 0:01:52  loss: 0.1893 (0.2403)  IoU (F channel): 0.0000 (0.0062)  IoU (C channel): 0.0023 (0.0048)  L1 (Db channel): 0.1544 (0.1874)  L1 (Dn channel): 0.2232 (0.2225)  lr: 0.000715  iter-time: 0.4866
[19:05:51.730384] Epoch: [17]  [250/458]  eta: 0:01:47  loss: 0.2027 (0.2414)  IoU (F channel): 0.0000 (0.0063)  IoU (C channel): 0.0062 (0.0053)  L1 (Db channel): 0.1557 (0.1858)  L1 (Dn channel): 0.2253 (0.2227)  lr: 0.000714  iter-time: 0.5414
[19:05:56.269807] Epoch: [17]  [260/458]  eta: 0:01:42  loss: 0.2310 (0.2419)  IoU (F channel): 0.0000 (0.0062)  IoU (C channel): 0.0000 (0.0051)  L1 (Db channel): 0.1564 (0.1851)  L1 (Dn channel): 0.2318 (0.2233)  lr: 0.000712  iter-time: 0.5078
[19:06:00.924983] Epoch: [17]  [270/458]  eta: 0:01:36  loss: 0.2067 (0.2408)  IoU (F channel): 0.0009 (0.0068)  IoU (C channel): 0.0002 (0.0053)  L1 (Db channel): 0.1622 (0.1844)  L1 (Dn channel): 0.2387 (0.2239)  lr: 0.000711  iter-time: 0.4597
[19:06:05.607888] Epoch: [17]  [280/458]  eta: 0:01:31  loss: 0.1634 (0.2385)  IoU (F channel): 0.0060 (0.0077)  IoU (C channel): 0.0026 (0.0054)  L1 (Db channel): 0.1622 (0.1838)  L1 (Dn channel): 0.2336 (0.2241)  lr: 0.000709  iter-time: 0.4668
[19:06:10.960960] Epoch: [17]  [290/458]  eta: 0:01:26  loss: 0.1863 (0.2389)  IoU (F channel): 0.0040 (0.0082)  IoU (C channel): 0.0026 (0.0059)  L1 (Db channel): 0.1590 (0.1828)  L1 (Dn channel): 0.2297 (0.2243)  lr: 0.000708  iter-time: 0.5017
[19:06:15.808754] Epoch: [17]  [300/458]  eta: 0:01:20  loss: 0.2296 (0.2405)  IoU (F channel): 0.0021 (0.0081)  IoU (C channel): 0.0006 (0.0060)  L1 (Db channel): 0.1612 (0.1823)  L1 (Dn channel): 0.2283 (0.2245)  lr: 0.000706  iter-time: 0.5100
[19:06:20.445074] Epoch: [17]  [310/458]  eta: 0:01:15  loss: 0.2545 (0.2418)  IoU (F channel): 0.0001 (0.0078)  IoU (C channel): 0.0000 (0.0058)  L1 (Db channel): 0.1683 (0.1819)  L1 (Dn channel): 0.2327 (0.2249)  lr: 0.000705  iter-time: 0.4741
[19:06:25.786436] Epoch: [17]  [320/458]  eta: 0:01:10  loss: 0.2190 (0.2421)  IoU (F channel): 0.0000 (0.0076)  IoU (C channel): 0.0000 (0.0057)  L1 (Db channel): 0.1359 (0.1802)  L1 (Dn channel): 0.2317 (0.2247)  lr: 0.000703  iter-time: 0.4983
[19:06:30.770464] Epoch: [17]  [330/458]  eta: 0:01:05  loss: 0.2217 (0.2454)  IoU (F channel): 0.0000 (0.0074)  IoU (C channel): 0.0000 (0.0057)  L1 (Db channel): 0.1288 (0.1789)  L1 (Dn channel): 0.2140 (0.2244)  lr: 0.000702  iter-time: 0.5151
[19:06:35.973209] Epoch: [17]  [340/458]  eta: 0:01:00  loss: 0.2828 (0.2472)  IoU (F channel): 0.0000 (0.0073)  IoU (C channel): 0.0000 (0.0058)  L1 (Db channel): 0.1390 (0.1777)  L1 (Dn channel): 0.2165 (0.2242)  lr: 0.000700  iter-time: 0.5086
[19:06:40.680892] Epoch: [17]  [350/458]  eta: 0:00:55  loss: 0.2170 (0.2460)  IoU (F channel): 0.0012 (0.0075)  IoU (C channel): 0.0009 (0.0073)  L1 (Db channel): 0.1375 (0.1764)  L1 (Dn channel): 0.2175 (0.2240)  lr: 0.000699  iter-time: 0.4954
[19:06:45.391224] Epoch: [17]  [360/458]  eta: 0:00:49  loss: 0.2195 (0.2469)  IoU (F channel): 0.0034 (0.0079)  IoU (C channel): 0.0094 (0.0077)  L1 (Db channel): 0.1338 (0.1752)  L1 (Dn channel): 0.2167 (0.2238)  lr: 0.000697  iter-time: 0.4708
[19:06:50.031703] Epoch: [17]  [370/458]  eta: 0:00:44  loss: 0.2195 (0.2453)  IoU (F channel): 0.0156 (0.0098)  IoU (C channel): 0.0144 (0.0087)  L1 (Db channel): 0.1321 (0.1740)  L1 (Dn channel): 0.2146 (0.2236)  lr: 0.000696  iter-time: 0.4675
[19:06:54.568118] Epoch: [17]  [380/458]  eta: 0:00:39  loss: 0.1705 (0.2441)  IoU (F channel): 0.0390 (0.0111)  IoU (C channel): 0.0204 (0.0100)  L1 (Db channel): 0.1324 (0.1730)  L1 (Dn channel): 0.2138 (0.2234)  lr: 0.000694  iter-time: 0.4588
[19:06:59.219053] Epoch: [17]  [390/458]  eta: 0:00:34  loss: 0.1965 (0.2445)  IoU (F channel): 0.0062 (0.0112)  IoU (C channel): 0.0061 (0.0098)  L1 (Db channel): 0.1378 (0.1721)  L1 (Dn channel): 0.2104 (0.2230)  lr: 0.000693  iter-time: 0.4593
[19:07:03.825263] Epoch: [17]  [400/458]  eta: 0:00:29  loss: 0.2796 (0.2450)  IoU (F channel): 0.0011 (0.0110)  IoU (C channel): 0.0008 (0.0096)  L1 (Db channel): 0.1402 (0.1715)  L1 (Dn channel): 0.2093 (0.2227)  lr: 0.000691  iter-time: 0.4628
[19:07:08.414424] Epoch: [17]  [410/458]  eta: 0:00:24  loss: 0.1994 (0.2455)  IoU (F channel): 0.0011 (0.0108)  IoU (C channel): 0.0001 (0.0094)  L1 (Db channel): 0.1447 (0.1709)  L1 (Dn channel): 0.2104 (0.2224)  lr: 0.000690  iter-time: 0.4592
[19:07:12.980817] Epoch: [17]  [420/458]  eta: 0:00:19  loss: 0.2011 (0.2448)  IoU (F channel): 0.0029 (0.0113)  IoU (C channel): 0.0004 (0.0098)  L1 (Db channel): 0.1442 (0.1703)  L1 (Dn channel): 0.2100 (0.2221)  lr: 0.000688  iter-time: 0.4572
[19:07:17.672219] Epoch: [17]  [430/458]  eta: 0:00:14  loss: 0.2109 (0.2447)  IoU (F channel): 0.0335 (0.0122)  IoU (C channel): 0.0086 (0.0101)  L1 (Db channel): 0.1430 (0.1696)  L1 (Dn channel): 0.2060 (0.2217)  lr: 0.000687  iter-time: 0.4628
[19:07:22.353661] Epoch: [17]  [440/458]  eta: 0:00:09  loss: 0.2282 (0.2454)  IoU (F channel): 0.0228 (0.0126)  IoU (C channel): 0.0203 (0.0106)  L1 (Db channel): 0.1472 (0.1692)  L1 (Dn channel): 0.2022 (0.2212)  lr: 0.000685  iter-time: 0.4686
[19:07:27.394373] Epoch: [17]  [450/458]  eta: 0:00:04  loss: 0.2534 (0.2454)  IoU (F channel): 0.0086 (0.0128)  IoU (C channel): 0.0003 (0.0104)  L1 (Db channel): 0.1576 (0.1693)  L1 (Dn channel): 0.2028 (0.2209)  lr: 0.000684  iter-time: 0.4861
[19:07:30.250548] Epoch: [17]  [457/458]  eta: 0:00:00  loss: 0.2081 (0.2444)  IoU (F channel): 0.0055 (0.0130)  IoU (C channel): 0.0000 (0.0103)  L1 (Db channel): 0.1666 (0.1693)  L1 (Dn channel): 0.2102 (0.2208)  lr: 0.000683  iter-time: 0.4671
[19:07:31.003138] Epoch: [17] Total time: 0:03:49 (0.5008 s / it)
[19:07:31.003238] [Train] averaged stats: loss: 0.2081 (0.2444)  IoU (F channel): 0.0055 (0.0130)  IoU (C channel): 0.0000 (0.0103)  L1 (Db channel): 0.1666 (0.1693)  L1 (Dn channel): 0.2102 (0.2208)  lr: 0.000683
[19:07:34.396797] Epoch: [17]  [ 0/52]  eta: 0:02:56  loss: 0.0006 (0.0006)  IoU (F channel): 0.0000 (0.0000)  IoU (C channel): 0.0000 (0.0000)  L1 (Db channel): 0.1479 (0.1479)  L1 (Dn channel): 0.2667 (0.2667)  iter-time: 3.3922
[19:07:36.384497] Epoch: [17]  [10/52]  eta: 0:00:20  loss: 0.0815 (0.1312)  IoU (F channel): 0.0000 (0.0000)  IoU (C channel): 0.0000 (0.0000)  L1 (Db channel): 0.1683 (0.1650)  L1 (Dn channel): 0.2253 (0.2168)  iter-time: 0.4891
[19:07:37.967361] Epoch: [17]  [20/52]  eta: 0:00:10  loss: 0.2670 (0.2211)  IoU (F channel): 0.0000 (0.0000)  IoU (C channel): 0.0000 (0.0000)  L1 (Db channel): 0.1841 (0.1791)  L1 (Dn channel): 0.1484 (0.1754)  iter-time: 0.1785
[19:07:39.622874] Epoch: [17]  [30/52]  eta: 0:00:06  loss: 0.2734 (0.1877)  IoU (F channel): 0.0000 (0.0001)  IoU (C channel): 0.0000 (0.0000)  L1 (Db channel): 0.1869 (0.1741)  L1 (Dn channel): 0.1577 (0.1958)  iter-time: 0.1619
[19:07:41.238018] Epoch: [17]  [40/52]  eta: 0:00:02  loss: 0.2102 (0.2366)  IoU (F channel): 0.0000 (0.0013)  IoU (C channel): 0.0000 (0.0000)  L1 (Db channel): 0.1798 (0.1765)  L1 (Dn channel): 0.1932 (0.1939)  iter-time: 0.1635
[19:07:42.819074] Epoch: [17]  [50/52]  eta: 0:00:00  loss: 0.3278 (0.2446)  IoU (F channel): 0.0000 (0.0012)  IoU (C channel): 0.0000 (0.0000)  L1 (Db channel): 0.1798 (0.1744)  L1 (Dn channel): 0.1824 (0.1977)  iter-time: 0.1598
[19:07:42.910331] Epoch: [17]  [51/52]  eta: 0:00:00  loss: 0.2806 (0.2399)  IoU (F channel): 0.0000 (0.0012)  IoU (C channel): 0.0000 (0.0000)  L1 (Db channel): 0.1781 (0.1740)  L1 (Dn channel): 0.1824 (0.1990)  iter-time: 0.1566
[19:07:43.646410] Epoch: [17] Total time: 0:00:12 (0.2431 s / it)
[19:07:43.646440] [Val] averaged stats: loss: 0.2806 (0.2399)  IoU (F channel): 0.0000 (0.0012)  IoU (C channel): 0.0000 (0.0000)  L1 (Db channel): 0.1781 (0.1740)  L1 (Dn channel): 0.1824 (0.1990)
[19:07:43.646777] [Val] best loss: 0.2358 best  IoU (F channel): 0.0001 IoU (C channel): 0.0000 L1 (Db channel): 0.2477 L1 (Dn channel): 0.3092 
EarlyStopping counter: 4 out of 10
[19:07:43.657255] [Time] 4.0m 1.2h/2.1h

[19:07:43.657267] ~~~ Epoch 18/30 ~~~

[19:07:49.763177] Epoch: [18]  [  0/458]  eta: 0:46:35  loss: 0.2344 (0.2344)  IoU (F channel): 0.0065 (0.0065)  IoU (C channel): 0.0000 (0.0000)  L1 (Db channel): 0.1546 (0.1546)  L1 (Dn channel): 0.2059 (0.2059)  lr: 0.000682  iter-time: 6.1046
[19:07:54.524850] Epoch: [18]  [ 10/458]  eta: 0:07:22  loss: 0.2344 (0.2541)  IoU (F channel): 0.0001 (0.0126)  IoU (C channel): 0.0000 (0.0014)  L1 (Db channel): 0.1600 (0.1587)  L1 (Dn channel): 0.2065 (0.2070)  lr: 0.000681  iter-time: 0.9878
[19:07:59.379011] Epoch: [18]  [ 20/458]  eta: 0:05:27  loss: 0.1900 (0.2388)  IoU (F channel): 0.0000 (0.0132)  IoU (C channel): 0.0000 (0.0008)  L1 (Db channel): 0.1647 (0.1647)  L1 (Dn channel): 0.2083 (0.2081)  lr: 0.000679  iter-time: 0.4807
[19:08:04.349439] Epoch: [18]  [ 30/458]  eta: 0:04:45  loss: 0.1941 (0.2412)  IoU (F channel): 0.0000 (0.0097)  IoU (C channel): 0.0000 (0.0014)  L1 (Db channel): 0.1717 (0.1664)  L1 (Dn channel): 0.2111 (0.2095)  lr: 0.000678  iter-time: 0.4905
[19:08:09.133912] Epoch: [18]  [ 40/458]  eta: 0:04:19  loss: 0.2089 (0.2347)  IoU (F channel): 0.0000 (0.0074)  IoU (C channel): 0.0010 (0.0047)  L1 (Db channel): 0.1768 (0.1754)  L1 (Dn channel): 0.2164 (0.2156)  lr: 0.000676  iter-time: 0.4871
[19:08:13.654347] Epoch: [18]  [ 50/458]  eta: 0:03:59  loss: 0.2089 (0.2419)  IoU (F channel): 0.0000 (0.0076)  IoU (C channel): 0.0000 (0.0040)  L1 (Db channel): 0.2968 (0.2135)  L1 (Dn channel): 0.2843 (0.2317)  lr: 0.000675  iter-time: 0.4652
[19:08:19.485122] Epoch: [18]  [ 60/458]  eta: 0:03:53  loss: 0.2363 (0.2506)  IoU (F channel): 0.0000 (0.0071)  IoU (C channel): 0.0011 (0.0083)  L1 (Db channel): 0.3065 (0.2217)  L1 (Dn channel): 0.2843 (0.2361)  lr: 0.000673  iter-time: 0.5175
[19:08:24.157176] Epoch: [18]  [ 70/458]  eta: 0:03:41  loss: 0.2209 (0.2433)  IoU (F channel): 0.0000 (0.0063)  IoU (C channel): 0.0022 (0.0098)  L1 (Db channel): 0.2264 (0.2208)  L1 (Dn channel): 0.2413 (0.2357)  lr: 0.000672  iter-time: 0.5251
[19:08:28.774020] Epoch: [18]  [ 80/458]  eta: 0:03:30  loss: 0.2026 (0.2382)  IoU (F channel): 0.0000 (0.0074)  IoU (C channel): 0.0001 (0.0086)  L1 (Db channel): 0.2061 (0.2182)  L1 (Dn channel): 0.2264 (0.2337)  lr: 0.000670  iter-time: 0.4644
[19:08:33.370052] Epoch: [18]  [ 90/458]  eta: 0:03:20  loss: 0.1872 (0.2331)  IoU (F channel): 0.0000 (0.0066)  IoU (C channel): 0.0000 (0.0080)  L1 (Db channel): 0.1952 (0.2152)  L1 (Dn channel): 0.2111 (0.2307)  lr: 0.000669  iter-time: 0.4606
[19:08:39.020762] Epoch: [18]  [100/458]  eta: 0:03:16  loss: 0.1695 (0.2311)  IoU (F channel): 0.0000 (0.0062)  IoU (C channel): 0.0000 (0.0076)  L1 (Db channel): 0.1929 (0.2133)  L1 (Dn channel): 0.2097 (0.2291)  lr: 0.000667  iter-time: 0.5123
[19:08:43.673933] Epoch: [18]  [110/458]  eta: 0:03:08  loss: 0.2128 (0.2408)  IoU (F channel): 0.0000 (0.0062)  IoU (C channel): 0.0003 (0.0070)  L1 (Db channel): 0.2019 (0.2133)  L1 (Dn channel): 0.2165 (0.2287)  lr: 0.000666  iter-time: 0.5151
[19:08:48.306502] Epoch: [18]  [120/458]  eta: 0:03:00  loss: 0.2240 (0.2398)  IoU (F channel): 0.0000 (0.0063)  IoU (C channel): 0.0000 (0.0064)  L1 (Db channel): 0.2110 (0.2131)  L1 (Dn channel): 0.2239 (0.2286)  lr: 0.000664  iter-time: 0.4641
[19:08:53.028854] Epoch: [18]  [130/458]  eta: 0:02:53  loss: 0.2099 (0.2417)  IoU (F channel): 0.0000 (0.0059)  IoU (C channel): 0.0000 (0.0060)  L1 (Db channel): 0.2140 (0.2131)  L1 (Dn channel): 0.2205 (0.2275)  lr: 0.000662  iter-time: 0.4676
[19:08:58.173885] Epoch: [18]  [140/458]  eta: 0:02:48  loss: 0.1688 (0.2378)  IoU (F channel): 0.0000 (0.0055)  IoU (C channel): 0.0000 (0.0057)  L1 (Db channel): 0.2150 (0.2136)  L1 (Dn channel): 0.2086 (0.2259)  lr: 0.000661  iter-time: 0.4933
[19:09:02.801323] Epoch: [18]  [150/458]  eta: 0:02:41  loss: 0.1718 (0.2411)  IoU (F channel): 0.0000 (0.0059)  IoU (C channel): 0.0000 (0.0053)  L1 (Db channel): 0.2263 (0.2150)  L1 (Dn channel): 0.2041 (0.2248)  lr: 0.000659  iter-time: 0.4877
[19:09:07.421296] Epoch: [18]  [160/458]  eta: 0:02:34  loss: 0.2141 (0.2401)  IoU (F channel): 0.0000 (0.0055)  IoU (C channel): 0.0000 (0.0050)  L1 (Db channel): 0.2330 (0.2159)  L1 (Dn channel): 0.2127 (0.2242)  lr: 0.000658  iter-time: 0.4615
[19:09:12.760017] Epoch: [18]  [170/458]  eta: 0:02:29  loss: 0.2132 (0.2390)  IoU (F channel): 0.0000 (0.0053)  IoU (C channel): 0.0000 (0.0048)  L1 (Db channel): 0.2269 (0.2164)  L1 (Dn channel): 0.2153 (0.2240)  lr: 0.000656  iter-time: 0.4968
[19:09:17.480860] Epoch: [18]  [180/458]  eta: 0:02:24  loss: 0.2268 (0.2403)  IoU (F channel): 0.0000 (0.0051)  IoU (C channel): 0.0000 (0.0045)  L1 (Db channel): 0.2203 (0.2166)  L1 (Dn channel): 0.2169 (0.2239)  lr: 0.000655  iter-time: 0.5019
[19:09:22.058284] Epoch: [18]  [190/458]  eta: 0:02:17  loss: 0.2612 (0.2412)  IoU (F channel): 0.0013 (0.0057)  IoU (C channel): 0.0000 (0.0045)  L1 (Db channel): 0.2177 (0.2166)  L1 (Dn channel): 0.2243 (0.2239)  lr: 0.000653  iter-time: 0.4648
[19:09:26.729926] Epoch: [18]  [200/458]  eta: 0:02:12  loss: 0.2612 (0.2429)  IoU (F channel): 0.0022 (0.0069)  IoU (C channel): 0.0002 (0.0044)  L1 (Db channel): 0.2139 (0.2165)  L1 (Dn channel): 0.2207 (0.2237)  lr: 0.000652  iter-time: 0.4624
[19:09:31.938239] Epoch: [18]  [210/458]  eta: 0:02:07  loss: 0.2268 (0.2438)  IoU (F channel): 0.0000 (0.0066)  IoU (C channel): 0.0000 (0.0042)  L1 (Db channel): 0.2094 (0.2162)  L1 (Dn channel): 0.2154 (0.2232)  lr: 0.000650  iter-time: 0.4939
[19:09:36.826958] Epoch: [18]  [220/458]  eta: 0:02:01  loss: 0.2456 (0.2470)  IoU (F channel): 0.0033 (0.0076)  IoU (C channel): 0.0000 (0.0042)  L1 (Db channel): 0.2031 (0.2154)  L1 (Dn channel): 0.2106 (0.2226)  lr: 0.000648  iter-time: 0.5048
[19:09:41.382378] Epoch: [18]  [230/458]  eta: 0:01:56  loss: 0.2083 (0.2453)  IoU (F channel): 0.0105 (0.0080)  IoU (C channel): 0.0002 (0.0042)  L1 (Db channel): 0.1934 (0.2141)  L1 (Dn channel): 0.2073 (0.2220)  lr: 0.000647  iter-time: 0.4716
[19:09:46.310795] Epoch: [18]  [240/458]  eta: 0:01:50  loss: 0.1946 (0.2429)  IoU (F channel): 0.0000 (0.0077)  IoU (C channel): 0.0000 (0.0040)  L1 (Db channel): 0.1837 (0.2127)  L1 (Dn channel): 0.2027 (0.2211)  lr: 0.000645  iter-time: 0.4736
[19:09:51.074428] Epoch: [18]  [250/458]  eta: 0:01:45  loss: 0.1946 (0.2452)  IoU (F channel): 0.0000 (0.0076)  IoU (C channel): 0.0000 (0.0038)  L1 (Db channel): 0.1818 (0.2115)  L1 (Dn channel): 0.2005 (0.2204)  lr: 0.000644  iter-time: 0.4841
[19:09:55.991856] Epoch: [18]  [260/458]  eta: 0:01:40  loss: 0.2253 (0.2446)  IoU (F channel): 0.0001 (0.0077)  IoU (C channel): 0.0000 (0.0038)  L1 (Db channel): 0.1995 (0.2118)  L1 (Dn channel): 0.2061 (0.2200)  lr: 0.000642  iter-time: 0.4835
[19:10:00.905871] Epoch: [18]  [270/458]  eta: 0:01:35  loss: 0.1826 (0.2443)  IoU (F channel): 0.0006 (0.0085)  IoU (C channel): 0.0000 (0.0045)  L1 (Db channel): 0.2239 (0.2126)  L1 (Dn channel): 0.2099 (0.2198)  lr: 0.000641  iter-time: 0.4915
[19:10:05.574336] Epoch: [18]  [280/458]  eta: 0:01:29  loss: 0.1874 (0.2437)  IoU (F channel): 0.0058 (0.0090)  IoU (C channel): 0.0012 (0.0049)  L1 (Db channel): 0.2312 (0.2132)  L1 (Dn channel): 0.2109 (0.2195)  lr: 0.000639  iter-time: 0.4790
[19:10:11.041735] Epoch: [18]  [290/458]  eta: 0:01:25  loss: 0.2086 (0.2441)  IoU (F channel): 0.0093 (0.0096)  IoU (C channel): 0.0014 (0.0050)  L1 (Db channel): 0.2324 (0.2139)  L1 (Dn channel): 0.2100 (0.2191)  lr: 0.000638  iter-time: 0.5067
[19:10:15.473698] Epoch: [18]  [300/458]  eta: 0:01:19  loss: 0.2211 (0.2440)  IoU (F channel): 0.0248 (0.0118)  IoU (C channel): 0.0016 (0.0066)  L1 (Db channel): 0.2339 (0.2145)  L1 (Dn channel): 0.2055 (0.2186)  lr: 0.000636  iter-time: 0.4949
[19:10:19.960923] Epoch: [18]  [310/458]  eta: 0:01:14  loss: 0.2211 (0.2453)  IoU (F channel): 0.0221 (0.0143)  IoU (C channel): 0.0092 (0.0069)  L1 (Db channel): 0.2141 (0.2140)  L1 (Dn channel): 0.2038 (0.2182)  lr: 0.000634  iter-time: 0.4459
[19:10:25.101818] Epoch: [18]  [320/458]  eta: 0:01:09  loss: 0.1897 (0.2446)  IoU (F channel): 0.0063 (0.0145)  IoU (C channel): 0.0001 (0.0068)  L1 (Db channel): 0.2017 (0.2137)  L1 (Dn channel): 0.2032 (0.2177)  lr: 0.000633  iter-time: 0.4813
[19:10:30.452875] Epoch: [18]  [330/458]  eta: 0:01:04  loss: 0.2137 (0.2448)  IoU (F channel): 0.0000 (0.0141)  IoU (C channel): 0.0000 (0.0066)  L1 (Db channel): 0.1943 (0.2129)  L1 (Dn channel): 0.1981 (0.2171)  lr: 0.000631  iter-time: 0.5245
[19:10:35.190473] Epoch: [18]  [340/458]  eta: 0:00:59  loss: 0.2369 (0.2457)  IoU (F channel): 0.0000 (0.0136)  IoU (C channel): 0.0003 (0.0065)  L1 (Db channel): 0.1978 (0.2127)  L1 (Dn channel): 0.1956 (0.2164)  lr: 0.000630  iter-time: 0.5044
[19:10:40.076850] Epoch: [18]  [350/458]  eta: 0:00:54  loss: 0.2080 (0.2454)  IoU (F channel): 0.0000 (0.0133)  IoU (C channel): 0.0002 (0.0065)  L1 (Db channel): 0.1996 (0.2123)  L1 (Dn channel): 0.1930 (0.2157)  lr: 0.000628  iter-time: 0.4811
[19:10:44.700124] Epoch: [18]  [360/458]  eta: 0:00:49  loss: 0.1892 (0.2448)  IoU (F channel): 0.0000 (0.0131)  IoU (C channel): 0.0008 (0.0070)  L1 (Db channel): 0.1888 (0.2113)  L1 (Dn channel): 0.1864 (0.2149)  lr: 0.000626  iter-time: 0.4754
[19:10:49.182605] Epoch: [18]  [370/458]  eta: 0:00:43  loss: 0.2205 (0.2464)  IoU (F channel): 0.0000 (0.0129)  IoU (C channel): 0.0003 (0.0071)  L1 (Db channel): 0.1855 (0.2109)  L1 (Dn channel): 0.1837 (0.2140)  lr: 0.000625  iter-time: 0.4552
[19:10:54.255942] Epoch: [18]  [380/458]  eta: 0:00:38  loss: 0.2522 (0.2464)  IoU (F channel): 0.0000 (0.0129)  IoU (C channel): 0.0003 (0.0074)  L1 (Db channel): 0.1938 (0.2105)  L1 (Dn channel): 0.1833 (0.2132)  lr: 0.000623  iter-time: 0.4777
[19:10:59.032834] Epoch: [18]  [390/458]  eta: 0:00:33  loss: 0.2027 (0.2452)  IoU (F channel): 0.0008 (0.0133)  IoU (C channel): 0.0022 (0.0081)  L1 (Db channel): 0.1950 (0.2102)  L1 (Dn channel): 0.1805 (0.2124)  lr: 0.000622  iter-time: 0.4924
[19:11:04.559514] Epoch: [18]  [400/458]  eta: 0:00:29  loss: 0.1982 (0.2449)  IoU (F channel): 0.0114 (0.0143)  IoU (C channel): 0.0111 (0.0087)  L1 (Db channel): 0.1910 (0.2096)  L1 (Dn channel): 0.1767 (0.2114)  lr: 0.000620  iter-time: 0.5151
[19:11:08.971142] Epoch: [18]  [410/458]  eta: 0:00:23  loss: 0.2433 (0.2457)  IoU (F channel): 0.0133 (0.0154)  IoU (C channel): 0.0098 (0.0095)  L1 (Db channel): 0.1910 (0.2094)  L1 (Dn channel): 0.1770 (0.2107)  lr: 0.000619  iter-time: 0.4969
[19:11:14.941556] Epoch: [18]  [420/458]  eta: 0:00:19  loss: 0.2324 (0.2462)  IoU (F channel): 0.0012 (0.0151)  IoU (C channel): 0.0011 (0.0093)  L1 (Db channel): 0.2110 (0.2096)  L1 (Dn channel): 0.1847 (0.2101)  lr: 0.000617  iter-time: 0.5190
[19:11:20.037802] Epoch: [18]  [430/458]  eta: 0:00:14  loss: 0.2292 (0.2463)  IoU (F channel): 0.0000 (0.0149)  IoU (C channel): 0.0000 (0.0092)  L1 (Db channel): 0.2147 (0.2098)  L1 (Dn channel): 0.1906 (0.2098)  lr: 0.000615  iter-time: 0.5533
[19:11:24.771756] Epoch: [18]  [440/458]  eta: 0:00:09  loss: 0.2104 (0.2457)  IoU (F channel): 0.0025 (0.0151)  IoU (C channel): 0.0012 (0.0095)  L1 (Db channel): 0.2141 (0.2098)  L1 (Dn channel): 0.1939 (0.2095)  lr: 0.000614  iter-time: 0.4915
[19:11:29.647881] Epoch: [18]  [450/458]  eta: 0:00:04  loss: 0.2029 (0.2454)  IoU (F channel): 0.0121 (0.0159)  IoU (C channel): 0.0088 (0.0104)  L1 (Db channel): 0.2074 (0.2097)  L1 (Dn channel): 0.1996 (0.2093)  lr: 0.000612  iter-time: 0.4805
[19:11:32.498598] Epoch: [18]  [457/458]  eta: 0:00:00  loss: 0.2002 (0.2452)  IoU (F channel): 0.0121 (0.0159)  IoU (C channel): 0.0049 (0.0103)  L1 (Db channel): 0.2067 (0.2096)  L1 (Dn channel): 0.2022 (0.2092)  lr: 0.000611  iter-time: 0.4564
[19:11:33.240315] Epoch: [18] Total time: 0:03:49 (0.5013 s / it)
[19:11:33.240366] [Train] averaged stats: loss: 0.2002 (0.2452)  IoU (F channel): 0.0121 (0.0159)  IoU (C channel): 0.0049 (0.0103)  L1 (Db channel): 0.2067 (0.2096)  L1 (Dn channel): 0.2022 (0.2092)  lr: 0.000611
[19:11:36.858585] Epoch: [18]  [ 0/52]  eta: 0:03:08  loss: 0.0006 (0.0006)  IoU (F channel): 0.0000 (0.0000)  IoU (C channel): 0.0000 (0.0000)  L1 (Db channel): 0.1609 (0.1609)  L1 (Dn channel): 0.2905 (0.2905)  iter-time: 3.6171
[19:11:38.970145] Epoch: [18]  [10/52]  eta: 0:00:21  loss: 0.1236 (0.1375)  IoU (F channel): 0.0000 (0.0000)  IoU (C channel): 0.0000 (0.0000)  L1 (Db channel): 0.1923 (0.2121)  L1 (Dn channel): 0.2715 (0.2641)  iter-time: 0.5208
[19:11:40.576011] Epoch: [18]  [20/52]  eta: 0:00:11  loss: 0.2397 (0.2164)  IoU (F channel): 0.0000 (0.0000)  IoU (C channel): 0.0000 (0.0000)  L1 (Db channel): 0.2728 (0.2461)  L1 (Dn channel): 0.2139 (0.2287)  iter-time: 0.1858
[19:11:42.209837] Epoch: [18]  [30/52]  eta: 0:00:06  loss: 0.2594 (0.1821)  IoU (F channel): 0.0000 (0.0004)  IoU (C channel): 0.0000 (0.0000)  L1 (Db channel): 0.2706 (0.2274)  L1 (Dn channel): 0.2139 (0.2364)  iter-time: 0.1620
[19:11:43.829453] Epoch: [18]  [40/52]  eta: 0:00:03  loss: 0.2032 (0.2324)  IoU (F channel): 0.0000 (0.0017)  IoU (C channel): 0.0000 (0.0000)  L1 (Db channel): 0.2450 (0.2377)  L1 (Dn channel): 0.2147 (0.2247)  iter-time: 0.1626
[19:11:45.394218] Epoch: [18]  [50/52]  eta: 0:00:00  loss: 0.3422 (0.2428)  IoU (F channel): 0.0000 (0.0015)  IoU (C channel): 0.0000 (0.0000)  L1 (Db channel): 0.2707 (0.2328)  L1 (Dn channel): 0.1967 (0.2227)  iter-time: 0.1592
[19:11:45.485430] Epoch: [18]  [51/52]  eta: 0:00:00  loss: 0.2924 (0.2382)  IoU (F channel): 0.0000 (0.0014)  IoU (C channel): 0.0000 (0.0000)  L1 (Db channel): 0.2707 (0.2309)  L1 (Dn channel): 0.1967 (0.2234)  iter-time: 0.1556
[19:11:46.177308] Epoch: [18] Total time: 0:00:12 (0.2488 s / it)
[19:11:46.177333] [Val] averaged stats: loss: 0.2924 (0.2382)  IoU (F channel): 0.0000 (0.0014)  IoU (C channel): 0.0000 (0.0000)  L1 (Db channel): 0.2707 (0.2309)  L1 (Dn channel): 0.1967 (0.2234)
[19:11:46.177821] [Val] best loss: 0.2358 best  IoU (F channel): 0.0001 IoU (C channel): 0.0000 L1 (Db channel): 0.2477 L1 (Dn channel): 0.3092 
EarlyStopping counter: 5 out of 10
[19:11:46.187024] [Time] 4.0m 1.2h/2.1h

[19:11:46.187036] ~~~ Epoch 19/30 ~~~

[19:11:51.476443] Epoch: [19]  [  0/458]  eta: 0:40:16  loss: 0.2186 (0.2186)  IoU (F channel): 0.1474 (0.1474)  IoU (C channel): 0.1312 (0.1312)  L1 (Db channel): 0.2042 (0.2042)  L1 (Dn channel): 0.1973 (0.1973)  lr: 0.000611  iter-time: 5.2761
[19:11:57.150831] Epoch: [19]  [ 10/458]  eta: 0:07:25  loss: 0.2208 (0.2258)  IoU (F channel): 0.0000 (0.0302)  IoU (C channel): 0.0092 (0.0290)  L1 (Db channel): 0.2039 (0.2026)  L1 (Dn channel): 0.2013 (0.2018)  lr: 0.000609  iter-time: 0.9954
[19:12:02.802061] Epoch: [19]  [ 20/458]  eta: 0:05:46  loss: 0.1973 (0.2188)  IoU (F channel): 0.0000 (0.0202)  IoU (C channel): 0.0012 (0.0207)  L1 (Db channel): 0.2114 (0.2145)  L1 (Dn channel): 0.2048 (0.2056)  lr: 0.000608  iter-time: 0.5662
[19:12:07.389391] Epoch: [19]  [ 30/458]  eta: 0:04:52  loss: 0.1788 (0.2204)  IoU (F channel): 0.0011 (0.0282)  IoU (C channel): 0.0045 (0.0230)  L1 (Db channel): 0.2173 (0.2151)  L1 (Dn channel): 0.2059 (0.2053)  lr: 0.000606  iter-time: 0.5112
[19:12:12.474692] Epoch: [19]  [ 40/458]  eta: 0:04:27  loss: 0.1788 (0.2142)  IoU (F channel): 0.0143 (0.0365)  IoU (C channel): 0.0180 (0.0375)  L1 (Db channel): 0.2093 (0.2113)  L1 (Dn channel): 0.2057 (0.2060)  lr: 0.000605  iter-time: 0.4829
[19:12:16.933495] Epoch: [19]  [ 50/458]  eta: 0:04:05  loss: 0.1767 (0.2173)  IoU (F channel): 0.0021 (0.0303)  IoU (C channel): 0.0033 (0.0323)  L1 (Db channel): 0.1936 (0.2086)  L1 (Dn channel): 0.2066 (0.2061)  lr: 0.000603  iter-time: 0.4771
[19:12:22.497465] Epoch: [19]  [ 60/458]  eta: 0:03:56  loss: 0.1568 (0.2159)  IoU (F channel): 0.0036 (0.0392)  IoU (C channel): 0.0095 (0.0342)  L1 (Db channel): 0.2113 (0.2136)  L1 (Dn channel): 0.2095 (0.2081)  lr: 0.000601  iter-time: 0.5004
[19:12:27.508887] Epoch: [19]  [ 70/458]  eta: 0:03:45  loss: 0.2054 (0.2185)  IoU (F channel): 0.0304 (0.0444)  IoU (C channel): 0.0267 (0.0373)  L1 (Db channel): 0.2544 (0.2236)  L1 (Dn channel): 0.2215 (0.2102)  lr: 0.000600  iter-time: 0.5280
[19:12:32.198106] Epoch: [19]  [ 80/458]  eta: 0:03:34  loss: 0.2166 (0.2230)  IoU (F channel): 0.0121 (0.0418)  IoU (C channel): 0.0123 (0.0350)  L1 (Db channel): 0.2882 (0.2326)  L1 (Dn channel): 0.2221 (0.2114)  lr: 0.000598  iter-time: 0.4850
[19:12:36.871343] Epoch: [19]  [ 90/458]  eta: 0:03:24  loss: 0.2154 (0.2250)  IoU (F channel): 0.0105 (0.0409)  IoU (C channel): 0.0123 (0.0353)  L1 (Db channel): 0.2835 (0.2376)  L1 (Dn channel): 0.2227 (0.2127)  lr: 0.000597  iter-time: 0.4681
[19:12:41.536512] Epoch: [19]  [100/458]  eta: 0:03:15  loss: 0.2077 (0.2263)  IoU (F channel): 0.0040 (0.0374)  IoU (C channel): 0.0067 (0.0328)  L1 (Db channel): 0.2631 (0.2384)  L1 (Dn channel): 0.2187 (0.2126)  lr: 0.000595  iter-time: 0.4664
[19:12:46.157853] Epoch: [19]  [110/458]  eta: 0:03:07  loss: 0.1897 (0.2266)  IoU (F channel): 0.0002 (0.0346)  IoU (C channel): 0.0023 (0.0301)  L1 (Db channel): 0.2402 (0.2382)  L1 (Dn channel): 0.2084 (0.2122)  lr: 0.000593  iter-time: 0.4638
[19:12:50.601338] Epoch: [19]  [120/458]  eta: 0:02:59  loss: 0.1802 (0.2257)  IoU (F channel): 0.0002 (0.0323)  IoU (C channel): 0.0004 (0.0285)  L1 (Db channel): 0.2261 (0.2370)  L1 (Dn channel): 0.2061 (0.2115)  lr: 0.000592  iter-time: 0.4532
[19:12:55.824069] Epoch: [19]  [130/458]  eta: 0:02:54  loss: 0.2026 (0.2299)  IoU (F channel): 0.0021 (0.0312)  IoU (C channel): 0.0012 (0.0269)  L1 (Db channel): 0.2041 (0.2338)  L1 (Dn channel): 0.2027 (0.2108)  lr: 0.000590  iter-time: 0.4832
[19:13:01.234041] Epoch: [19]  [140/458]  eta: 0:02:49  loss: 0.2026 (0.2253)  IoU (F channel): 0.0082 (0.0334)  IoU (C channel): 0.0056 (0.0273)  L1 (Db channel): 0.1971 (0.2318)  L1 (Dn channel): 0.2031 (0.2102)  lr: 0.000589  iter-time: 0.5316
[19:13:05.711686] Epoch: [19]  [150/458]  eta: 0:02:42  loss: 0.1577 (0.2211)  IoU (F channel): 0.0273 (0.0385)  IoU (C channel): 0.0242 (0.0299)  L1 (Db channel): 0.2106 (0.2311)  L1 (Dn channel): 0.2037 (0.2099)  lr: 0.000587  iter-time: 0.4943
[19:13:10.462401] Epoch: [19]  [160/458]  eta: 0:02:35  loss: 0.1842 (0.2248)  IoU (F channel): 0.0438 (0.0416)  IoU (C channel): 0.0445 (0.0316)  L1 (Db channel): 0.2115 (0.2300)  L1 (Dn channel): 0.2049 (0.2097)  lr: 0.000585  iter-time: 0.4607
[19:13:15.133417] Epoch: [19]  [170/458]  eta: 0:02:29  loss: 0.1866 (0.2240)  IoU (F channel): 0.0158 (0.0401)  IoU (C channel): 0.0160 (0.0305)  L1 (Db channel): 0.2232 (0.2306)  L1 (Dn channel): 0.2046 (0.2093)  lr: 0.000584  iter-time: 0.4704
[19:13:20.630616] Epoch: [19]  [180/458]  eta: 0:02:24  loss: 0.1692 (0.2214)  IoU (F channel): 0.0053 (0.0387)  IoU (C channel): 0.0013 (0.0290)  L1 (Db channel): 0.2316 (0.2303)  L1 (Dn channel): 0.2007 (0.2087)  lr: 0.000582  iter-time: 0.5083
[19:13:25.618515] Epoch: [19]  [190/458]  eta: 0:02:19  loss: 0.1857 (0.2231)  IoU (F channel): 0.0004 (0.0368)  IoU (C channel): 0.0002 (0.0280)  L1 (Db channel): 0.2373 (0.2315)  L1 (Dn channel): 0.1951 (0.2079)  lr: 0.000580  iter-time: 0.5242
[19:13:30.550858] Epoch: [19]  [200/458]  eta: 0:02:13  loss: 0.2216 (0.2240)  IoU (F channel): 0.0028 (0.0355)  IoU (C channel): 0.0006 (0.0270)  L1 (Db channel): 0.2604 (0.2329)  L1 (Dn channel): 0.1959 (0.2075)  lr: 0.000579  iter-time: 0.4959
[19:13:35.240065] Epoch: [19]  [210/458]  eta: 0:02:08  loss: 0.2061 (0.2246)  IoU (F channel): 0.0063 (0.0346)  IoU (C channel): 0.0011 (0.0266)  L1 (Db channel): 0.2604 (0.2342)  L1 (Dn channel): 0.1987 (0.2071)  lr: 0.000577  iter-time: 0.4810
[19:13:40.251698] Epoch: [19]  [220/458]  eta: 0:02:02  loss: 0.2071 (0.2236)  IoU (F channel): 0.0109 (0.0348)  IoU (C channel): 0.0040 (0.0265)  L1 (Db channel): 0.2474 (0.2344)  L1 (Dn channel): 0.1951 (0.2065)  lr: 0.000576  iter-time: 0.4849
[19:13:45.617434] Epoch: [19]  [230/458]  eta: 0:01:57  loss: 0.2046 (0.2226)  IoU (F channel): 0.0236 (0.0353)  IoU (C channel): 0.0072 (0.0270)  L1 (Db channel): 0.2310 (0.2342)  L1 (Dn channel): 0.1923 (0.2059)  lr: 0.000574  iter-time: 0.5188
[19:13:50.129098] Epoch: [19]  [240/458]  eta: 0:01:52  loss: 0.1610 (0.2227)  IoU (F channel): 0.0172 (0.0356)  IoU (C channel): 0.0172 (0.0276)  L1 (Db channel): 0.2216 (0.2334)  L1 (Dn channel): 0.1954 (0.2055)  lr: 0.000572  iter-time: 0.4938
[19:13:55.256697] Epoch: [19]  [250/458]  eta: 0:01:46  loss: 0.1693 (0.2218)  IoU (F channel): 0.0012 (0.0350)  IoU (C channel): 0.0082 (0.0267)  L1 (Db channel): 0.2057 (0.2322)  L1 (Dn channel): 0.1958 (0.2051)  lr: 0.000571  iter-time: 0.4819
[19:13:59.847295] Epoch: [19]  [260/458]  eta: 0:01:41  loss: 0.1825 (0.2219)  IoU (F channel): 0.0009 (0.0366)  IoU (C channel): 0.0018 (0.0276)  L1 (Db channel): 0.1991 (0.2307)  L1 (Dn channel): 0.1948 (0.2049)  lr: 0.000569  iter-time: 0.4858
[19:14:04.862836] Epoch: [19]  [270/458]  eta: 0:01:36  loss: 0.1852 (0.2254)  IoU (F channel): 0.0063 (0.0368)  IoU (C channel): 0.0096 (0.0272)  L1 (Db channel): 0.2002 (0.2294)  L1 (Dn channel): 0.1983 (0.2048)  lr: 0.000568  iter-time: 0.4802
[19:14:09.855270] Epoch: [19]  [280/458]  eta: 0:01:30  loss: 0.2127 (0.2254)  IoU (F channel): 0.0029 (0.0355)  IoU (C channel): 0.0001 (0.0263)  L1 (Db channel): 0.2058 (0.2289)  L1 (Dn channel): 0.2013 (0.2047)  lr: 0.000566  iter-time: 0.5003
[19:14:14.652132] Epoch: [19]  [290/458]  eta: 0:01:25  loss: 0.2322 (0.2262)  IoU (F channel): 0.0020 (0.0348)  IoU (C channel): 0.0001 (0.0257)  L1 (Db channel): 0.2231 (0.2293)  L1 (Dn channel): 0.2042 (0.2048)  lr: 0.000564  iter-time: 0.4894
[19:14:19.487703] Epoch: [19]  [300/458]  eta: 0:01:20  loss: 0.2085 (0.2271)  IoU (F channel): 0.0020 (0.0345)  IoU (C channel): 0.0012 (0.0252)  L1 (Db channel): 0.2470 (0.2299)  L1 (Dn channel): 0.2027 (0.2046)  lr: 0.000563  iter-time: 0.4809
[19:14:24.722855] Epoch: [19]  [310/458]  eta: 0:01:15  loss: 0.1918 (0.2282)  IoU (F channel): 0.0009 (0.0346)  IoU (C channel): 0.0042 (0.0251)  L1 (Db channel): 0.2354 (0.2299)  L1 (Dn channel): 0.1935 (0.2042)  lr: 0.000561  iter-time: 0.5028
[19:14:29.955069] Epoch: [19]  [320/458]  eta: 0:01:10  loss: 0.2160 (0.2300)  IoU (F channel): 0.0066 (0.0341)  IoU (C channel): 0.0062 (0.0247)  L1 (Db channel): 0.2292 (0.2301)  L1 (Dn channel): 0.1891 (0.2036)  lr: 0.000559  iter-time: 0.5233
[19:14:34.438934] Epoch: [19]  [330/458]  eta: 0:01:05  loss: 0.2301 (0.2299)  IoU (F channel): 0.0110 (0.0345)  IoU (C channel): 0.0118 (0.0257)  L1 (Db channel): 0.2284 (0.2300)  L1 (Dn channel): 0.1881 (0.2033)  lr: 0.000558  iter-time: 0.4857
[19:14:38.999296] Epoch: [19]  [340/458]  eta: 0:00:59  loss: 0.1831 (0.2298)  IoU (F channel): 0.0110 (0.0340)  IoU (C channel): 0.0154 (0.0266)  L1 (Db channel): 0.2268 (0.2300)  L1 (Dn channel): 0.1900 (0.2029)  lr: 0.000556  iter-time: 0.4521
[19:14:43.962876] Epoch: [19]  [350/458]  eta: 0:00:54  loss: 0.2089 (0.2304)  IoU (F channel): 0.0024 (0.0334)  IoU (C channel): 0.0147 (0.0262)  L1 (Db channel): 0.2268 (0.2296)  L1 (Dn channel): 0.1880 (0.2024)  lr: 0.000555  iter-time: 0.4761
[19:14:48.896159] Epoch: [19]  [360/458]  eta: 0:00:49  loss: 0.2373 (0.2313)  IoU (F channel): 0.0022 (0.0330)  IoU (C channel): 0.0078 (0.0262)  L1 (Db channel): 0.2173 (0.2296)  L1 (Dn channel): 0.1855 (0.2019)  lr: 0.000553  iter-time: 0.4948
[19:14:54.880308] Epoch: [19]  [370/458]  eta: 0:00:44  loss: 0.2449 (0.2322)  IoU (F channel): 0.0011 (0.0329)  IoU (C channel): 0.0087 (0.0261)  L1 (Db channel): 0.2265 (0.2298)  L1 (Dn channel): 0.1850 (0.2014)  lr: 0.000551  iter-time: 0.5458
[19:14:59.417820] Epoch: [19]  [380/458]  eta: 0:00:39  loss: 0.2203 (0.2322)  IoU (F channel): 0.0053 (0.0322)  IoU (C channel): 0.0107 (0.0259)  L1 (Db channel): 0.2372 (0.2301)  L1 (Dn channel): 0.1876 (0.2012)  lr: 0.000550  iter-time: 0.5260
[19:15:03.879357] Epoch: [19]  [390/458]  eta: 0:00:34  loss: 0.2300 (0.2348)  IoU (F channel): 0.0074 (0.0330)  IoU (C channel): 0.0107 (0.0267)  L1 (Db channel): 0.2372 (0.2303)  L1 (Dn channel): 0.1991 (0.2013)  lr: 0.000548  iter-time: 0.4499
[19:15:09.097436] Epoch: [19]  [400/458]  eta: 0:00:29  loss: 0.1973 (0.2335)  IoU (F channel): 0.0074 (0.0332)  IoU (C channel): 0.0111 (0.0272)  L1 (Db channel): 0.2024 (0.2291)  L1 (Dn channel): 0.2043 (0.2013)  lr: 0.000546  iter-time: 0.4839
[19:15:13.759859] Epoch: [19]  [410/458]  eta: 0:00:24  loss: 0.1751 (0.2327)  IoU (F channel): 0.0399 (0.0351)  IoU (C channel): 0.0669 (0.0301)  L1 (Db channel): 0.1700 (0.2273)  L1 (Dn channel): 0.1968 (0.2012)  lr: 0.000545  iter-time: 0.4940
[19:15:18.329959] Epoch: [19]  [420/458]  eta: 0:00:19  loss: 0.1909 (0.2327)  IoU (F channel): 0.0691 (0.0384)  IoU (C channel): 0.1260 (0.0333)  L1 (Db channel): 0.1551 (0.2256)  L1 (Dn channel): 0.1917 (0.2009)  lr: 0.000543  iter-time: 0.4616
[19:15:23.486585] Epoch: [19]  [430/458]  eta: 0:00:14  loss: 0.2287 (0.2350)  IoU (F channel): 0.0057 (0.0379)  IoU (C channel): 0.0728 (0.0331)  L1 (Db channel): 0.1769 (0.2250)  L1 (Dn channel): 0.1907 (0.2008)  lr: 0.000542  iter-time: 0.4863
[19:15:27.951220] Epoch: [19]  [440/458]  eta: 0:00:09  loss: 0.2287 (0.2349)  IoU (F channel): 0.0009 (0.0375)  IoU (C channel): 0.0053 (0.0327)  L1 (Db channel): 0.2156 (0.2254)  L1 (Dn channel): 0.2040 (0.2011)  lr: 0.000540  iter-time: 0.4810
[19:15:32.808658] Epoch: [19]  [450/458]  eta: 0:00:04  loss: 0.2184 (0.2357)  IoU (F channel): 0.0009 (0.0369)  IoU (C channel): 0.0023 (0.0324)  L1 (Db channel): 0.2558 (0.2261)  L1 (Dn channel): 0.2188 (0.2015)  lr: 0.000538  iter-time: 0.4660
[19:15:35.673085] Epoch: [19]  [457/458]  eta: 0:00:00  loss: 0.2184 (0.2373)  IoU (F channel): 0.0018 (0.0365)  IoU (C channel): 0.0074 (0.0322)  L1 (Db channel): 0.2652 (0.2270)  L1 (Dn channel): 0.2256 (0.2020)  lr: 0.000537  iter-time: 0.4531
[19:15:36.342732] Epoch: [19] Total time: 0:03:50 (0.5025 s / it)
[19:15:36.342911] [Train] averaged stats: loss: 0.2184 (0.2373)  IoU (F channel): 0.0018 (0.0365)  IoU (C channel): 0.0074 (0.0322)  L1 (Db channel): 0.2652 (0.2270)  L1 (Dn channel): 0.2256 (0.2020)  lr: 0.000537
[19:15:40.187021] Epoch: [19]  [ 0/52]  eta: 0:03:19  loss: 0.0005 (0.0005)  IoU (F channel): 0.0000 (0.0000)  IoU (C channel): 0.0000 (0.0000)  L1 (Db channel): 0.2931 (0.2931)  L1 (Dn channel): 0.3635 (0.3635)  iter-time: 3.8429
[19:15:41.917509] Epoch: [19]  [10/52]  eta: 0:00:21  loss: 0.1180 (0.1265)  IoU (F channel): 0.0000 (0.0000)  IoU (C channel): 0.0000 (0.0000)  L1 (Db channel): 0.2931 (0.2991)  L1 (Dn channel): 0.2886 (0.2806)  iter-time: 0.5066
[19:15:43.609478] Epoch: [19]  [20/52]  eta: 0:00:11  loss: 0.2456 (0.2058)  IoU (F channel): 0.0000 (0.0000)  IoU (C channel): 0.0000 (0.0000)  L1 (Db channel): 0.3126 (0.3086)  L1 (Dn channel): 0.1459 (0.2053)  iter-time: 0.1711
[19:15:45.234254] Epoch: [19]  [30/52]  eta: 0:00:06  loss: 0.2668 (0.1770)  IoU (F channel): 0.0000 (0.0016)  IoU (C channel): 0.0000 (0.0000)  L1 (Db channel): 0.3024 (0.2980)  L1 (Dn channel): 0.1548 (0.2362)  iter-time: 0.1658
[19:15:46.850698] Epoch: [19]  [40/52]  eta: 0:00:03  loss: 0.2041 (0.2234)  IoU (F channel): 0.0000 (0.0031)  IoU (C channel): 0.0000 (0.0000)  L1 (Db channel): 0.2908 (0.2989)  L1 (Dn channel): 0.2065 (0.2205)  iter-time: 0.1620
[19:15:48.409758] Epoch: [19]  [50/52]  eta: 0:00:00  loss: 0.3059 (0.2362)  IoU (F channel): 0.0000 (0.0027)  IoU (C channel): 0.0000 (0.0000)  L1 (Db channel): 0.3015 (0.2949)  L1 (Dn channel): 0.1696 (0.2256)  iter-time: 0.1587
[19:15:48.501377] Epoch: [19]  [51/52]  eta: 0:00:00  loss: 0.2721 (0.2317)  IoU (F channel): 0.0000 (0.0026)  IoU (C channel): 0.0000 (0.0000)  L1 (Db channel): 0.3015 (0.2941)  L1 (Dn channel): 0.1696 (0.2281)  iter-time: 0.1555
[19:15:49.241734] Epoch: [19] Total time: 0:00:12 (0.2480 s / it)
[19:15:49.241760] [Val] averaged stats: loss: 0.2721 (0.2317)  IoU (F channel): 0.0000 (0.0026)  IoU (C channel): 0.0000 (0.0000)  L1 (Db channel): 0.3015 (0.2941)  L1 (Dn channel): 0.1696 (0.2281)
[19:15:49.242121] Val loss improved from 0.23578591137461793 to 0.23166818381567003, saving model to metrics/biapy/biapy-py_v1/checkpoints/biapy-py_v1_0-checkpoint-best.pth
[19:15:49.371108] [Val] best loss: 0.2317 best  IoU (F channel): 0.0026 IoU (C channel): 0.0000 L1 (Db channel): 0.2941 L1 (Dn channel): 0.2281 
[19:15:49.379527] [Time] 4.1m 1.3h/2.1h

[19:15:49.379541] ~~~ Epoch 20/30 ~~~

[19:15:54.953981] Epoch: [20]  [  0/458]  eta: 0:42:32  loss: 0.1624 (0.1624)  IoU (F channel): 0.0000 (0.0000)  IoU (C channel): 0.0000 (0.0000)  L1 (Db channel): 0.2761 (0.2761)  L1 (Dn channel): 0.2310 (0.2310)  lr: 0.000537  iter-time: 5.5733
[19:15:59.949644] Epoch: [20]  [ 10/458]  eta: 0:07:10  loss: 0.2110 (0.2359)  IoU (F channel): 0.0042 (0.0209)  IoU (C channel): 0.0028 (0.0230)  L1 (Db channel): 0.2761 (0.2785)  L1 (Dn channel): 0.2323 (0.2365)  lr: 0.000535  iter-time: 0.9608
[19:16:05.798011] Epoch: [20]  [ 20/458]  eta: 0:05:42  loss: 0.2168 (0.2365)  IoU (F channel): 0.0042 (0.0188)  IoU (C channel): 0.0172 (0.0217)  L1 (Db channel): 0.2646 (0.2691)  L1 (Dn channel): 0.2300 (0.2317)  lr: 0.000534  iter-time: 0.5421
[19:16:10.458864] Epoch: [20]  [ 30/458]  eta: 0:04:50  loss: 0.2168 (0.2429)  IoU (F channel): 0.0033 (0.0208)  IoU (C channel): 0.0172 (0.0233)  L1 (Db channel): 0.2596 (0.2710)  L1 (Dn channel): 0.2224 (0.2272)  lr: 0.000532  iter-time: 0.5254
[19:16:15.673938] Epoch: [20]  [ 40/458]  eta: 0:04:28  loss: 0.1945 (0.2337)  IoU (F channel): 0.0079 (0.0215)  IoU (C channel): 0.0068 (0.0243)  L1 (Db channel): 0.2342 (0.2561)  L1 (Dn channel): 0.2068 (0.2194)  lr: 0.000531  iter-time: 0.4937
[19:16:20.377915] Epoch: [20]  [ 50/458]  eta: 0:04:07  loss: 0.1735 (0.2365)  IoU (F channel): 0.0051 (0.0254)  IoU (C channel): 0.0057 (0.0246)  L1 (Db channel): 0.2342 (0.2581)  L1 (Dn channel): 0.1870 (0.2126)  lr: 0.000529  iter-time: 0.4959
[19:16:24.971492] Epoch: [20]  [ 60/458]  eta: 0:03:52  loss: 0.1868 (0.2352)  IoU (F channel): 0.0098 (0.0299)  IoU (C channel): 0.0150 (0.0298)  L1 (Db channel): 0.2782 (0.2677)  L1 (Dn channel): 0.1817 (0.2069)  lr: 0.000527  iter-time: 0.4648
[19:16:30.333321] Epoch: [20]  [ 70/458]  eta: 0:03:43  loss: 0.2049 (0.2324)  IoU (F channel): 0.0395 (0.0348)  IoU (C channel): 0.0294 (0.0342)  L1 (Db channel): 0.2809 (0.2661)  L1 (Dn channel): 0.1738 (0.2024)  lr: 0.000526  iter-time: 0.4977
[19:16:35.135428] Epoch: [20]  [ 80/458]  eta: 0:03:33  loss: 0.2049 (0.2370)  IoU (F channel): 0.0210 (0.0361)  IoU (C channel): 0.0370 (0.0364)  L1 (Db channel): 0.2453 (0.2628)  L1 (Dn channel): 0.1699 (0.1981)  lr: 0.000524  iter-time: 0.5075
[19:16:39.725399] Epoch: [20]  [ 90/458]  eta: 0:03:23  loss: 0.1878 (0.2380)  IoU (F channel): 0.0096 (0.0363)  IoU (C channel): 0.0466 (0.0386)  L1 (Db channel): 0.2297 (0.2580)  L1 (Dn channel): 0.1656 (0.1946)  lr: 0.000522  iter-time: 0.4684
[19:16:44.222051] Epoch: [20]  [100/458]  eta: 0:03:14  loss: 0.2257 (0.2423)  IoU (F channel): 0.0075 (0.0402)  IoU (C channel): 0.0136 (0.0426)  L1 (Db channel): 0.2374 (0.2564)  L1 (Dn channel): 0.1625 (0.1913)  lr: 0.000521  iter-time: 0.4537
[19:16:49.365445] Epoch: [20]  [110/458]  eta: 0:03:07  loss: 0.2225 (0.2392)  IoU (F channel): 0.0174 (0.0385)  IoU (C channel): 0.0270 (0.0422)  L1 (Db channel): 0.2295 (0.2529)  L1 (Dn channel): 0.1608 (0.1886)  lr: 0.000519  iter-time: 0.4815
[19:16:54.491592] Epoch: [20]  [120/458]  eta: 0:03:01  loss: 0.2053 (0.2380)  IoU (F channel): 0.0234 (0.0431)  IoU (C channel): 0.0322 (0.0437)  L1 (Db channel): 0.2003 (0.2467)  L1 (Dn channel): 0.1582 (0.1859)  lr: 0.000517  iter-time: 0.5129
[19:16:59.195957] Epoch: [20]  [130/458]  eta: 0:02:54  loss: 0.1948 (0.2386)  IoU (F channel): 0.0079 (0.0405)  IoU (C channel): 0.0220 (0.0422)  L1 (Db channel): 0.1671 (0.2403)  L1 (Dn channel): 0.1566 (0.1837)  lr: 0.000516  iter-time: 0.4915
[19:17:03.721386] Epoch: [20]  [140/458]  eta: 0:02:47  loss: 0.1948 (0.2372)  IoU (F channel): 0.0055 (0.0403)  IoU (C channel): 0.0262 (0.0441)  L1 (Db channel): 0.1652 (0.2352)  L1 (Dn channel): 0.1563 (0.1818)  lr: 0.000514  iter-time: 0.4614
[19:17:08.739655] Epoch: [20]  [150/458]  eta: 0:02:41  loss: 0.2427 (0.2389)  IoU (F channel): 0.0351 (0.0417)  IoU (C channel): 0.0844 (0.0493)  L1 (Db channel): 0.1658 (0.2306)  L1 (Dn channel): 0.1564 (0.1802)  lr: 0.000513  iter-time: 0.4771
[19:17:14.405791] Epoch: [20]  [160/458]  eta: 0:02:37  loss: 0.2396 (0.2371)  IoU (F channel): 0.0527 (0.0426)  IoU (C channel): 0.0901 (0.0518)  L1 (Db channel): 0.1685 (0.2268)  L1 (Dn channel): 0.1596 (0.1791)  lr: 0.000511  iter-time: 0.5337
[19:17:18.950983] Epoch: [20]  [170/458]  eta: 0:02:30  loss: 0.1695 (0.2350)  IoU (F channel): 0.0359 (0.0448)  IoU (C channel): 0.0651 (0.0540)  L1 (Db channel): 0.1714 (0.2237)  L1 (Dn channel): 0.1661 (0.1787)  lr: 0.000509  iter-time: 0.5100
[19:17:23.606391] Epoch: [20]  [180/458]  eta: 0:02:24  loss: 0.1837 (0.2356)  IoU (F channel): 0.0152 (0.0444)  IoU (C channel): 0.0299 (0.0528)  L1 (Db channel): 0.1821 (0.2219)  L1 (Dn channel): 0.1732 (0.1785)  lr: 0.000508  iter-time: 0.4600
[19:17:28.257889] Epoch: [20]  [190/458]  eta: 0:02:18  loss: 0.2407 (0.2399)  IoU (F channel): 0.0152 (0.0448)  IoU (C channel): 0.0197 (0.0527)  L1 (Db channel): 0.1957 (0.2208)  L1 (Dn channel): 0.1749 (0.1784)  lr: 0.000506  iter-time: 0.4653
[19:17:32.939853] Epoch: [20]  [200/458]  eta: 0:02:12  loss: 0.2470 (0.2404)  IoU (F channel): 0.0125 (0.0447)  IoU (C channel): 0.0151 (0.0518)  L1 (Db channel): 0.2003 (0.2198)  L1 (Dn channel): 0.1789 (0.1786)  lr: 0.000504  iter-time: 0.4666
[19:17:37.519288] Epoch: [20]  [210/458]  eta: 0:02:07  loss: 0.2470 (0.2416)  IoU (F channel): 0.0312 (0.0445)  IoU (C channel): 0.0167 (0.0510)  L1 (Db channel): 0.1984 (0.2187)  L1 (Dn channel): 0.1834 (0.1788)  lr: 0.000503  iter-time: 0.4630
[19:17:42.656414] Epoch: [20]  [220/458]  eta: 0:02:01  loss: 0.2364 (0.2414)  IoU (F channel): 0.0152 (0.0473)  IoU (C channel): 0.0180 (0.0530)  L1 (Db channel): 0.1619 (0.2154)  L1 (Dn channel): 0.1781 (0.1787)  lr: 0.000501  iter-time: 0.4851
[19:17:47.289999] Epoch: [20]  [230/458]  eta: 0:01:56  loss: 0.2062 (0.2408)  IoU (F channel): 0.0184 (0.0466)  IoU (C channel): 0.0159 (0.0516)  L1 (Db channel): 0.1390 (0.2121)  L1 (Dn channel): 0.1713 (0.1784)  lr: 0.000500  iter-time: 0.4873
[19:17:52.380948] Epoch: [20]  [240/458]  eta: 0:01:51  loss: 0.2062 (0.2416)  IoU (F channel): 0.0351 (0.0475)  IoU (C channel): 0.0171 (0.0514)  L1 (Db channel): 0.1459 (0.2098)  L1 (Dn channel): 0.1703 (0.1782)  lr: 0.000498  iter-time: 0.4857
[19:17:56.919419] Epoch: [20]  [250/458]  eta: 0:01:45  loss: 0.2258 (0.2415)  IoU (F channel): 0.0685 (0.0515)  IoU (C channel): 0.0468 (0.0521)  L1 (Db channel): 0.1606 (0.2083)  L1 (Dn channel): 0.1720 (0.1780)  lr: 0.000496  iter-time: 0.4814
[19:18:01.463544] Epoch: [20]  [260/458]  eta: 0:01:40  loss: 0.2212 (0.2413)  IoU (F channel): 0.0324 (0.0553)  IoU (C channel): 0.0565 (0.0553)  L1 (Db channel): 0.1716 (0.2070)  L1 (Dn channel): 0.1718 (0.1777)  lr: 0.000495  iter-time: 0.4540
[19:18:06.222875] Epoch: [20]  [270/458]  eta: 0:01:34  loss: 0.1967 (0.2404)  IoU (F channel): 0.0213 (0.0563)  IoU (C channel): 0.0424 (0.0553)  L1 (Db channel): 0.1723 (0.2059)  L1 (Dn channel): 0.1673 (0.1773)  lr: 0.000493  iter-time: 0.4651
[19:18:11.373654] Epoch: [20]  [280/458]  eta: 0:01:29  loss: 0.1814 (0.2404)  IoU (F channel): 0.0196 (0.0570)  IoU (C channel): 0.0186 (0.0549)  L1 (Db channel): 0.1792 (0.2050)  L1 (Dn channel): 0.1663 (0.1768)  lr: 0.000491  iter-time: 0.4954
[19:18:16.015028] Epoch: [20]  [290/458]  eta: 0:01:24  loss: 0.1882 (0.2417)  IoU (F channel): 0.0066 (0.0557)  IoU (C channel): 0.0107 (0.0541)  L1 (Db channel): 0.1740 (0.2039)  L1 (Dn channel): 0.1635 (0.1763)  lr: 0.000490  iter-time: 0.4895
[19:18:20.670386] Epoch: [20]  [300/458]  eta: 0:01:19  loss: 0.2408 (0.2424)  IoU (F channel): 0.0062 (0.0557)  IoU (C channel): 0.0107 (0.0544)  L1 (Db channel): 0.1675 (0.2024)  L1 (Dn channel): 0.1602 (0.1758)  lr: 0.000488  iter-time: 0.4641
[19:18:25.445941] Epoch: [20]  [310/458]  eta: 0:01:14  loss: 0.1947 (0.2417)  IoU (F channel): 0.0179 (0.0577)  IoU (C channel): 0.0254 (0.0573)  L1 (Db channel): 0.1724 (0.2018)  L1 (Dn channel): 0.1625 (0.1754)  lr: 0.000486  iter-time: 0.4708
[19:18:30.134119] Epoch: [20]  [320/458]  eta: 0:01:09  loss: 0.2210 (0.2444)  IoU (F channel): 0.0179 (0.0592)  IoU (C channel): 0.0382 (0.0587)  L1 (Db channel): 0.1847 (0.2014)  L1 (Dn channel): 0.1629 (0.1751)  lr: 0.000485  iter-time: 0.4731
[19:18:34.626234] Epoch: [20]  [330/458]  eta: 0:01:03  loss: 0.2432 (0.2442)  IoU (F channel): 0.0187 (0.0599)  IoU (C channel): 0.0382 (0.0594)  L1 (Db channel): 0.1884 (0.2011)  L1 (Dn channel): 0.1629 (0.1748)  lr: 0.000483  iter-time: 0.4589
[19:18:39.758935] Epoch: [20]  [340/458]  eta: 0:00:58  loss: 0.2365 (0.2440)  IoU (F channel): 0.0257 (0.0608)  IoU (C channel): 0.0204 (0.0596)  L1 (Db channel): 0.1865 (0.2005)  L1 (Dn channel): 0.1654 (0.1745)  lr: 0.000482  iter-time: 0.4812
[19:18:44.420257] Epoch: [20]  [350/458]  eta: 0:00:53  loss: 0.2167 (0.2448)  IoU (F channel): 0.0267 (0.0616)  IoU (C channel): 0.0324 (0.0601)  L1 (Db channel): 0.1786 (0.1998)  L1 (Dn channel): 0.1693 (0.1745)  lr: 0.000480  iter-time: 0.4896
[19:18:49.058741] Epoch: [20]  [360/458]  eta: 0:00:48  loss: 0.1990 (0.2448)  IoU (F channel): 0.0467 (0.0634)  IoU (C channel): 0.0377 (0.0614)  L1 (Db channel): 0.1773 (0.1992)  L1 (Dn channel): 0.1771 (0.1749)  lr: 0.000478  iter-time: 0.4649
[19:18:53.633052] Epoch: [20]  [370/458]  eta: 0:00:43  loss: 0.2020 (0.2440)  IoU (F channel): 0.0889 (0.0657)  IoU (C channel): 0.0641 (0.0636)  L1 (Db channel): 0.1772 (0.1987)  L1 (Dn channel): 0.1866 (0.1752)  lr: 0.000477  iter-time: 0.4606
[19:18:58.507793] Epoch: [20]  [380/458]  eta: 0:00:38  loss: 0.1911 (0.2429)  IoU (F channel): 0.1297 (0.0682)  IoU (C channel): 0.1172 (0.0650)  L1 (Db channel): 0.1779 (0.1982)  L1 (Dn channel): 0.1832 (0.1754)  lr: 0.000475  iter-time: 0.4724
[19:19:03.047123] Epoch: [20]  [390/458]  eta: 0:00:33  loss: 0.1848 (0.2424)  IoU (F channel): 0.0528 (0.0675)  IoU (C channel): 0.0865 (0.0661)  L1 (Db channel): 0.1801 (0.1977)  L1 (Dn channel): 0.1768 (0.1754)  lr: 0.000473  iter-time: 0.4706
[19:19:07.922793] Epoch: [20]  [400/458]  eta: 0:00:28  loss: 0.1739 (0.2409)  IoU (F channel): 0.0243 (0.0669)  IoU (C channel): 0.0741 (0.0663)  L1 (Db channel): 0.1699 (0.1969)  L1 (Dn channel): 0.1771 (0.1755)  lr: 0.000472  iter-time: 0.4707
[19:19:12.589333] Epoch: [20]  [410/458]  eta: 0:00:23  loss: 0.1742 (0.2410)  IoU (F channel): 0.0347 (0.0682)  IoU (C channel): 0.0602 (0.0680)  L1 (Db channel): 0.1676 (0.1962)  L1 (Dn channel): 0.1799 (0.1757)  lr: 0.000470  iter-time: 0.4770
[19:19:18.142415] Epoch: [20]  [420/458]  eta: 0:00:18  loss: 0.2076 (0.2415)  IoU (F channel): 0.0204 (0.0672)  IoU (C channel): 0.0440 (0.0672)  L1 (Db channel): 0.1784 (0.1961)  L1 (Dn channel): 0.1769 (0.1757)  lr: 0.000469  iter-time: 0.5104
[19:19:22.729453] Epoch: [20]  [430/458]  eta: 0:00:13  loss: 0.2077 (0.2415)  IoU (F channel): 0.0101 (0.0662)  IoU (C channel): 0.0148 (0.0662)  L1 (Db channel): 0.1790 (0.1955)  L1 (Dn channel): 0.1800 (0.1759)  lr: 0.000467  iter-time: 0.5064
[19:19:27.337301] Epoch: [20]  [440/458]  eta: 0:00:08  loss: 0.2538 (0.2426)  IoU (F channel): 0.0289 (0.0667)  IoU (C channel): 0.0215 (0.0665)  L1 (Db channel): 0.1704 (0.1949)  L1 (Dn channel): 0.1831 (0.1761)  lr: 0.000465  iter-time: 0.4597
[19:19:31.940192] Epoch: [20]  [450/458]  eta: 0:00:03  loss: 0.2080 (0.2415)  IoU (F channel): 0.0289 (0.0671)  IoU (C channel): 0.0306 (0.0660)  L1 (Db channel): 0.1651 (0.1943)  L1 (Dn channel): 0.1806 (0.1761)  lr: 0.000464  iter-time: 0.4605
[19:19:34.792298] Epoch: [20]  [457/458]  eta: 0:00:00  loss: 0.1856 (0.2410)  IoU (F channel): 0.0183 (0.0674)  IoU (C channel): 0.0319 (0.0667)  L1 (Db channel): 0.1674 (0.1938)  L1 (Dn channel): 0.1790 (0.1762)  lr: 0.000462  iter-time: 0.4398
[19:19:35.535062] Epoch: [20] Total time: 0:03:46 (0.4938 s / it)
[19:19:35.535122] [Train] averaged stats: loss: 0.1856 (0.2410)  IoU (F channel): 0.0183 (0.0674)  IoU (C channel): 0.0319 (0.0667)  L1 (Db channel): 0.1674 (0.1938)  L1 (Dn channel): 0.1790 (0.1762)  lr: 0.000462
[19:19:39.574278] Epoch: [20]  [ 0/52]  eta: 0:03:29  loss: 0.0003 (0.0003)  IoU (F channel): 0.0000 (0.0000)  IoU (C channel): 0.0000 (0.0000)  L1 (Db channel): 0.0995 (0.0995)  L1 (Dn channel): 0.1648 (0.1648)  iter-time: 4.0378
[19:19:41.253638] Epoch: [20]  [10/52]  eta: 0:00:21  loss: 0.2206 (0.1561)  IoU (F channel): 0.0000 (0.0000)  IoU (C channel): 0.0000 (0.0000)  L1 (Db channel): 0.1599 (0.1645)  L1 (Dn channel): 0.1780 (0.1760)  iter-time: 0.5197
[19:19:42.897255] Epoch: [20]  [20/52]  eta: 0:00:11  loss: 0.2601 (0.2198)  IoU (F channel): 0.0000 (0.0002)  IoU (C channel): 0.0000 (0.0000)  L1 (Db channel): 0.2749 (0.2265)  L1 (Dn channel): 0.1896 (0.1849)  iter-time: 0.1661
[19:19:44.526858] Epoch: [20]  [30/52]  eta: 0:00:06  loss: 0.2676 (0.1915)  IoU (F channel): 0.0000 (0.0033)  IoU (C channel): 0.0000 (0.0000)  L1 (Db channel): 0.2691 (0.2019)  L1 (Dn channel): 0.1918 (0.1825)  iter-time: 0.1636
[19:19:46.170558] Epoch: [20]  [40/52]  eta: 0:00:03  loss: 0.2471 (0.2369)  IoU (F channel): 0.0000 (0.0032)  IoU (C channel): 0.0000 (0.0001)  L1 (Db channel): 0.2282 (0.2207)  L1 (Dn channel): 0.1809 (0.1828)  iter-time: 0.1636
[19:19:47.731911] Epoch: [20]  [50/52]  eta: 0:00:00  loss: 0.3150 (0.2425)  IoU (F channel): 0.0000 (0.0027)  IoU (C channel): 0.0001 (0.0002)  L1 (Db channel): 0.2764 (0.2152)  L1 (Dn channel): 0.1798 (0.1817)  iter-time: 0.1602
[19:19:47.824651] Epoch: [20]  [51/52]  eta: 0:00:00  loss: 0.2610 (0.2379)  IoU (F channel): 0.0000 (0.0027)  IoU (C channel): 0.0001 (0.0002)  L1 (Db channel): 0.2764 (0.2126)  L1 (Dn channel): 0.1797 (0.1815)  iter-time: 0.1569
[19:19:48.493924] Epoch: [20] Total time: 0:00:12 (0.2492 s / it)
[19:19:48.493951] [Val] averaged stats: loss: 0.2610 (0.2379)  IoU (F channel): 0.0000 (0.0027)  IoU (C channel): 0.0001 (0.0002)  L1 (Db channel): 0.2764 (0.2126)  L1 (Dn channel): 0.1797 (0.1815)
[19:19:48.494368] [Val] best loss: 0.2317 best  IoU (F channel): 0.0026 IoU (C channel): 0.0000 L1 (Db channel): 0.2941 L1 (Dn channel): 0.2281 
[19:19:48.503284] Creating training plots . . .
EarlyStopping counter: 1 out of 10
[19:19:55.150334] [Time] 4.1m 1.4h/2.1h

[19:19:55.150361] ~~~ Epoch 21/30 ~~~

[19:20:01.088447] Epoch: [21]  [  0/458]  eta: 0:45:18  loss: 0.4383 (0.4383)  IoU (F channel): 0.0188 (0.0188)  IoU (C channel): 0.0250 (0.0250)  L1 (Db channel): 0.1813 (0.1813)  L1 (Dn channel): 0.1700 (0.1700)  lr: 0.000462  iter-time: 5.9362
[19:20:06.155549] Epoch: [21]  [ 10/458]  eta: 0:07:28  loss: 0.2066 (0.2437)  IoU (F channel): 0.0331 (0.0700)  IoU (C channel): 0.0932 (0.0947)  L1 (Db channel): 0.1778 (0.1741)  L1 (Dn channel): 0.1772 (0.1773)  lr: 0.000461  iter-time: 1.0002
[19:20:10.794932] Epoch: [21]  [ 20/458]  eta: 0:05:26  loss: 0.1990 (0.2230)  IoU (F channel): 0.0627 (0.1160)  IoU (C channel): 0.0932 (0.1070)  L1 (Db channel): 0.1779 (0.1807)  L1 (Dn channel): 0.1792 (0.1790)  lr: 0.000459  iter-time: 0.4852
[19:20:15.533368] Epoch: [21]  [ 30/458]  eta: 0:04:41  loss: 0.1831 (0.2173)  IoU (F channel): 0.1333 (0.1535)  IoU (C channel): 0.0997 (0.1332)  L1 (Db channel): 0.1930 (0.1856)  L1 (Dn channel): 0.1818 (0.1803)  lr: 0.000457  iter-time: 0.4688
[19:20:20.211412] Epoch: [21]  [ 40/458]  eta: 0:04:15  loss: 0.1831 (0.2209)  IoU (F channel): 0.1805 (0.1628)  IoU (C channel): 0.1201 (0.1347)  L1 (Db channel): 0.1920 (0.1857)  L1 (Dn channel): 0.1827 (0.1811)  lr: 0.000456  iter-time: 0.4701
[19:20:25.273971] Epoch: [21]  [ 50/458]  eta: 0:04:00  loss: 0.2509 (0.2305)  IoU (F channel): 0.0886 (0.1539)  IoU (C channel): 0.0830 (0.1282)  L1 (Db channel): 0.1837 (0.1849)  L1 (Dn channel): 0.1860 (0.1823)  lr: 0.000454  iter-time: 0.4863
[19:20:30.119190] Epoch: [21]  [ 60/458]  eta: 0:03:48  loss: 0.1850 (0.2270)  IoU (F channel): 0.0637 (0.1412)  IoU (C channel): 0.0514 (0.1179)  L1 (Db channel): 0.1854 (0.1855)  L1 (Dn channel): 0.1883 (0.1839)  lr: 0.000453  iter-time: 0.4953
[19:20:34.716826] Epoch: [21]  [ 70/458]  eta: 0:03:36  loss: 0.1799 (0.2276)  IoU (F channel): 0.0359 (0.1318)  IoU (C channel): 0.0558 (0.1139)  L1 (Db channel): 0.2028 (0.1905)  L1 (Dn channel): 0.1930 (0.1857)  lr: 0.000451  iter-time: 0.4721
[19:20:39.361798] Epoch: [21]  [ 80/458]  eta: 0:03:26  loss: 0.2100 (0.2454)  IoU (F channel): 0.0132 (0.1180)  IoU (C channel): 0.0421 (0.1053)  L1 (Db channel): 0.2222 (0.1942)  L1 (Dn channel): 0.1975 (0.1873)  lr: 0.000449  iter-time: 0.4621
[19:20:44.214476] Epoch: [21]  [ 90/458]  eta: 0:03:18  loss: 0.1685 (0.2371)  IoU (F channel): 0.0132 (0.1187)  IoU (C channel): 0.0275 (0.1045)  L1 (Db channel): 0.2117 (0.1953)  L1 (Dn channel): 0.1974 (0.1882)  lr: 0.000448  iter-time: 0.4748
[19:20:48.873027] Epoch: [21]  [100/458]  eta: 0:03:10  loss: 0.1685 (0.2357)  IoU (F channel): 0.0924 (0.1217)  IoU (C channel): 0.0731 (0.1070)  L1 (Db channel): 0.1968 (0.1947)  L1 (Dn channel): 0.1922 (0.1885)  lr: 0.000446  iter-time: 0.4755
[19:20:53.547843] Epoch: [21]  [110/458]  eta: 0:03:03  loss: 0.2033 (0.2353)  IoU (F channel): 0.1497 (0.1337)  IoU (C channel): 0.1278 (0.1164)  L1 (Db channel): 0.1833 (0.1924)  L1 (Dn channel): 0.1886 (0.1886)  lr: 0.000444  iter-time: 0.4666
[19:20:58.123438] Epoch: [21]  [120/458]  eta: 0:02:55  loss: 0.1848 (0.2331)  IoU (F channel): 0.0874 (0.1258)  IoU (C channel): 0.1168 (0.1159)  L1 (Db channel): 0.1779 (0.1911)  L1 (Dn channel): 0.1830 (0.1877)  lr: 0.000443  iter-time: 0.4619
[19:21:03.098673] Epoch: [21]  [130/458]  eta: 0:02:50  loss: 0.1848 (0.2319)  IoU (F channel): 0.0220 (0.1258)  IoU (C channel): 0.1110 (0.1216)  L1 (Db channel): 0.1636 (0.1880)  L1 (Dn channel): 0.1758 (0.1867)  lr: 0.000441  iter-time: 0.4769
[19:21:08.127467] Epoch: [21]  [140/458]  eta: 0:02:44  loss: 0.1910 (0.2331)  IoU (F channel): 0.1009 (0.1297)  IoU (C channel): 0.1310 (0.1244)  L1 (Db channel): 0.1445 (0.1846)  L1 (Dn channel): 0.1759 (0.1861)  lr: 0.000440  iter-time: 0.5001
[19:21:12.908952] Epoch: [21]  [150/458]  eta: 0:02:38  loss: 0.1910 (0.2349)  IoU (F channel): 0.1009 (0.1288)  IoU (C channel): 0.1125 (0.1241)  L1 (Db channel): 0.1510 (0.1834)  L1 (Dn channel): 0.1781 (0.1858)  lr: 0.000438  iter-time: 0.4905
[19:21:17.728079] Epoch: [21]  [160/458]  eta: 0:02:32  loss: 0.1562 (0.2304)  IoU (F channel): 0.0804 (0.1336)  IoU (C channel): 0.1743 (0.1357)  L1 (Db channel): 0.1728 (0.1835)  L1 (Dn channel): 0.1836 (0.1859)  lr: 0.000436  iter-time: 0.4800
[19:21:23.303551] Epoch: [21]  [170/458]  eta: 0:02:28  loss: 0.1919 (0.2331)  IoU (F channel): 0.1342 (0.1322)  IoU (C channel): 0.1795 (0.1369)  L1 (Db channel): 0.1704 (0.1813)  L1 (Dn channel): 0.1865 (0.1861)  lr: 0.000435  iter-time: 0.5197
[19:21:27.742282] Epoch: [21]  [180/458]  eta: 0:02:22  loss: 0.2578 (0.2356)  IoU (F channel): 0.0769 (0.1287)  IoU (C channel): 0.1040 (0.1350)  L1 (Db channel): 0.1234 (0.1779)  L1 (Dn channel): 0.1898 (0.1865)  lr: 0.000433  iter-time: 0.5006
[19:21:32.922567] Epoch: [21]  [190/458]  eta: 0:02:17  loss: 0.2551 (0.2360)  IoU (F channel): 0.0286 (0.1256)  IoU (C channel): 0.0747 (0.1342)  L1 (Db channel): 0.1233 (0.1753)  L1 (Dn channel): 0.1946 (0.1871)  lr: 0.000431  iter-time: 0.4809
[19:21:38.240458] Epoch: [21]  [200/458]  eta: 0:02:12  loss: 0.1977 (0.2346)  IoU (F channel): 0.0286 (0.1247)  IoU (C channel): 0.1248 (0.1375)  L1 (Db channel): 0.1304 (0.1732)  L1 (Dn channel): 0.1981 (0.1877)  lr: 0.000430  iter-time: 0.5248
[19:21:42.954444] Epoch: [21]  [210/458]  eta: 0:02:06  loss: 0.2422 (0.2373)  IoU (F channel): 0.0305 (0.1214)  IoU (C channel): 0.1099 (0.1352)  L1 (Db channel): 0.1285 (0.1710)  L1 (Dn channel): 0.1933 (0.1879)  lr: 0.000428  iter-time: 0.5015
[19:21:48.321251] Epoch: [21]  [220/458]  eta: 0:02:01  loss: 0.2015 (0.2356)  IoU (F channel): 0.0220 (0.1187)  IoU (C channel): 0.0676 (0.1343)  L1 (Db channel): 0.1224 (0.1688)  L1 (Dn channel): 0.1903 (0.1879)  lr: 0.000427  iter-time: 0.5040
[19:21:52.794297] Epoch: [21]  [230/458]  eta: 0:01:56  loss: 0.1974 (0.2376)  IoU (F channel): 0.0203 (0.1179)  IoU (C channel): 0.0542 (0.1335)  L1 (Db channel): 0.1215 (0.1666)  L1 (Dn channel): 0.1921 (0.1882)  lr: 0.000425  iter-time: 0.4919
[19:21:57.267132] Epoch: [21]  [240/458]  eta: 0:01:50  loss: 0.2125 (0.2400)  IoU (F channel): 0.0326 (0.1172)  IoU (C channel): 0.0542 (0.1326)  L1 (Db channel): 0.1194 (0.1647)  L1 (Dn channel): 0.1940 (0.1884)  lr: 0.000423  iter-time: 0.4472
[19:22:02.109164] Epoch: [21]  [250/458]  eta: 0:01:45  loss: 0.2334 (0.2403)  IoU (F channel): 0.0173 (0.1128)  IoU (C channel): 0.0159 (0.1278)  L1 (Db channel): 0.1196 (0.1631)  L1 (Dn channel): 0.1974 (0.1891)  lr: 0.000422  iter-time: 0.4657
[19:22:07.193140] Epoch: [21]  [260/458]  eta: 0:01:40  loss: 0.2544 (0.2409)  IoU (F channel): 0.0036 (0.1094)  IoU (C channel): 0.0126 (0.1239)  L1 (Db channel): 0.1380 (0.1627)  L1 (Dn channel): 0.2097 (0.1901)  lr: 0.000420  iter-time: 0.4962
[19:22:11.648653] Epoch: [21]  [270/458]  eta: 0:01:34  loss: 0.2386 (0.2415)  IoU (F channel): 0.0036 (0.1061)  IoU (C channel): 0.0171 (0.1213)  L1 (Db channel): 0.1541 (0.1625)  L1 (Dn channel): 0.2167 (0.1913)  lr: 0.000419  iter-time: 0.4769
[19:22:17.234764] Epoch: [21]  [280/458]  eta: 0:01:29  loss: 0.2440 (0.2444)  IoU (F channel): 0.0033 (0.1029)  IoU (C channel): 0.0129 (0.1178)  L1 (Db channel): 0.1436 (0.1616)  L1 (Dn channel): 0.2162 (0.1922)  lr: 0.000417  iter-time: 0.5020
[19:22:21.685874] Epoch: [21]  [290/458]  eta: 0:01:24  loss: 0.2755 (0.2465)  IoU (F channel): 0.0032 (0.0997)  IoU (C channel): 0.0018 (0.1138)  L1 (Db channel): 0.1377 (0.1609)  L1 (Dn channel): 0.2143 (0.1929)  lr: 0.000415  iter-time: 0.5018
[19:22:26.180369] Epoch: [21]  [300/458]  eta: 0:01:19  loss: 0.2444 (0.2467)  IoU (F channel): 0.0074 (0.0980)  IoU (C channel): 0.0035 (0.1118)  L1 (Db channel): 0.1357 (0.1598)  L1 (Dn channel): 0.2114 (0.1933)  lr: 0.000414  iter-time: 0.4472
[19:22:32.040196] Epoch: [21]  [310/458]  eta: 0:01:14  loss: 0.2193 (0.2464)  IoU (F channel): 0.0221 (0.0956)  IoU (C channel): 0.0362 (0.1100)  L1 (Db channel): 0.1307 (0.1589)  L1 (Dn channel): 0.1973 (0.1934)  lr: 0.000412  iter-time: 0.5176
[19:22:36.818111] Epoch: [21]  [320/458]  eta: 0:01:09  loss: 0.1774 (0.2453)  IoU (F channel): 0.0255 (0.0957)  IoU (C channel): 0.0673 (0.1097)  L1 (Db channel): 0.1320 (0.1581)  L1 (Dn channel): 0.1899 (0.1931)  lr: 0.000410  iter-time: 0.5318
[19:22:42.091998] Epoch: [21]  [330/458]  eta: 0:01:04  loss: 0.1848 (0.2450)  IoU (F channel): 0.0665 (0.0977)  IoU (C channel): 0.0744 (0.1102)  L1 (Db channel): 0.1322 (0.1573)  L1 (Dn channel): 0.1827 (0.1927)  lr: 0.000409  iter-time: 0.5025
[19:22:46.590296] Epoch: [21]  [340/458]  eta: 0:00:59  loss: 0.1962 (0.2441)  IoU (F channel): 0.1004 (0.0985)  IoU (C channel): 0.0783 (0.1114)  L1 (Db channel): 0.1334 (0.1566)  L1 (Dn channel): 0.1786 (0.1923)  lr: 0.000407  iter-time: 0.4885
[19:22:51.459424] Epoch: [21]  [350/458]  eta: 0:00:54  loss: 0.1624 (0.2422)  IoU (F channel): 0.1004 (0.1002)  IoU (C channel): 0.0663 (0.1120)  L1 (Db channel): 0.1334 (0.1559)  L1 (Dn channel): 0.1776 (0.1918)  lr: 0.000406  iter-time: 0.4683
[19:22:56.168367] Epoch: [21]  [360/458]  eta: 0:00:49  loss: 0.1624 (0.2417)  IoU (F channel): 0.0936 (0.0998)  IoU (C channel): 0.0663 (0.1110)  L1 (Db channel): 0.1315 (0.1553)  L1 (Dn channel): 0.1744 (0.1913)  lr: 0.000404  iter-time: 0.4788
[19:23:00.893321] Epoch: [21]  [370/458]  eta: 0:00:44  loss: 0.2014 (0.2426)  IoU (F channel): 0.1017 (0.1007)  IoU (C channel): 0.0558 (0.1111)  L1 (Db channel): 0.1368 (0.1549)  L1 (Dn channel): 0.1738 (0.1909)  lr: 0.000402  iter-time: 0.4716
[19:23:05.871898] Epoch: [21]  [380/458]  eta: 0:00:39  loss: 0.1876 (0.2411)  IoU (F channel): 0.0924 (0.1007)  IoU (C channel): 0.1153 (0.1117)  L1 (Db channel): 0.1434 (0.1547)  L1 (Dn channel): 0.1734 (0.1904)  lr: 0.000401  iter-time: 0.4851
[19:23:10.507614] Epoch: [21]  [390/458]  eta: 0:00:33  loss: 0.1777 (0.2413)  IoU (F channel): 0.0650 (0.0999)  IoU (C channel): 0.0950 (0.1114)  L1 (Db channel): 0.1434 (0.1543)  L1 (Dn channel): 0.1746 (0.1901)  lr: 0.000399  iter-time: 0.4806
[19:23:15.118377] Epoch: [21]  [400/458]  eta: 0:00:28  loss: 0.1925 (0.2399)  IoU (F channel): 0.0392 (0.0994)  IoU (C channel): 0.0625 (0.1103)  L1 (Db channel): 0.1454 (0.1542)  L1 (Dn channel): 0.1764 (0.1898)  lr: 0.000398  iter-time: 0.4617
[19:23:19.607799] Epoch: [21]  [410/458]  eta: 0:00:23  loss: 0.1925 (0.2392)  IoU (F channel): 0.0275 (0.0982)  IoU (C channel): 0.0202 (0.1085)  L1 (Db channel): 0.1524 (0.1542)  L1 (Dn channel): 0.1766 (0.1895)  lr: 0.000396  iter-time: 0.4543
[19:23:25.133100] Epoch: [21]  [420/458]  eta: 0:00:18  loss: 0.2132 (0.2394)  IoU (F channel): 0.0293 (0.0985)  IoU (C channel): 0.0261 (0.1082)  L1 (Db channel): 0.1504 (0.1539)  L1 (Dn channel): 0.1733 (0.1891)  lr: 0.000394  iter-time: 0.5007
[19:23:29.749413] Epoch: [21]  [430/458]  eta: 0:00:13  loss: 0.2203 (0.2385)  IoU (F channel): 0.0421 (0.0984)  IoU (C channel): 0.0728 (0.1088)  L1 (Db channel): 0.1445 (0.1538)  L1 (Dn channel): 0.1741 (0.1888)  lr: 0.000393  iter-time: 0.5064
[19:23:34.444447] Epoch: [21]  [440/458]  eta: 0:00:08  loss: 0.1631 (0.2373)  IoU (F channel): 0.0301 (0.0973)  IoU (C channel): 0.0990 (0.1088)  L1 (Db channel): 0.1468 (0.1537)  L1 (Dn channel): 0.1740 (0.1885)  lr: 0.000391  iter-time: 0.4649
[19:23:39.052989] Epoch: [21]  [450/458]  eta: 0:00:03  loss: 0.1696 (0.2371)  IoU (F channel): 0.0420 (0.0988)  IoU (C channel): 0.1049 (0.1098)  L1 (Db channel): 0.1530 (0.1538)  L1 (Dn channel): 0.1736 (0.1882)  lr: 0.000390  iter-time: 0.4651
[19:23:41.897702] Epoch: [21]  [457/458]  eta: 0:00:00  loss: 0.1849 (0.2370)  IoU (F channel): 0.0818 (0.0992)  IoU (C channel): 0.1049 (0.1099)  L1 (Db channel): 0.1530 (0.1538)  L1 (Dn channel): 0.1742 (0.1880)  lr: 0.000389  iter-time: 0.4435
[19:23:42.656644] Epoch: [21] Total time: 0:03:47 (0.4967 s / it)
[19:23:42.656709] [Train] averaged stats: loss: 0.1849 (0.2370)  IoU (F channel): 0.0818 (0.0992)  IoU (C channel): 0.1049 (0.1099)  L1 (Db channel): 0.1530 (0.1538)  L1 (Dn channel): 0.1742 (0.1880)  lr: 0.000389
[19:23:46.920290] Epoch: [21]  [ 0/52]  eta: 0:03:41  loss: 0.0004 (0.0004)  IoU (F channel): 0.0000 (0.0000)  IoU (C channel): 0.0000 (0.0000)  L1 (Db channel): 0.1110 (0.1110)  L1 (Dn channel): 0.2092 (0.2092)  iter-time: 4.2623
[19:23:48.670113] Epoch: [21]  [10/52]  eta: 0:00:22  loss: 0.1369 (0.1357)  IoU (F channel): 0.0000 (0.0000)  IoU (C channel): 0.0000 (0.0000)  L1 (Db channel): 0.1750 (0.1872)  L1 (Dn channel): 0.1906 (0.1830)  iter-time: 0.5465
[19:23:50.286714] Epoch: [21]  [20/52]  eta: 0:00:11  loss: 0.2797 (0.2288)  IoU (F channel): 0.0000 (0.0007)  IoU (C channel): 0.0000 (0.0002)  L1 (Db channel): 0.2910 (0.2433)  L1 (Dn channel): 0.1377 (0.1540)  iter-time: 0.1683
[19:23:51.952912] Epoch: [21]  [30/52]  eta: 0:00:06  loss: 0.2797 (0.1914)  IoU (F channel): 0.0000 (0.0062)  IoU (C channel): 0.0000 (0.0011)  L1 (Db channel): 0.2619 (0.2127)  L1 (Dn channel): 0.1438 (0.1688)  iter-time: 0.1641
[19:23:53.588021] Epoch: [21]  [40/52]  eta: 0:00:03  loss: 0.1984 (0.2416)  IoU (F channel): 0.0000 (0.0075)  IoU (C channel): 0.0307 (0.0236)  L1 (Db channel): 0.2182 (0.2211)  L1 (Dn channel): 0.1697 (0.1667)  iter-time: 0.1650
[19:23:55.168123] Epoch: [21]  [50/52]  eta: 0:00:00  loss: 0.3419 (0.2516)  IoU (F channel): 0.0000 (0.0063)  IoU (C channel): 0.0391 (0.0218)  L1 (Db channel): 0.2439 (0.2127)  L1 (Dn channel): 0.1586 (0.1695)  iter-time: 0.1607
[19:23:55.259540] Epoch: [21]  [51/52]  eta: 0:00:00  loss: 0.2902 (0.2468)  IoU (F channel): 0.0000 (0.0062)  IoU (C channel): 0.0310 (0.0214)  L1 (Db channel): 0.2439 (0.2104)  L1 (Dn channel): 0.1586 (0.1704)  iter-time: 0.1573
[19:23:55.996811] Epoch: [21] Total time: 0:00:13 (0.2565 s / it)
[19:23:55.996834] [Val] averaged stats: loss: 0.2902 (0.2468)  IoU (F channel): 0.0000 (0.0062)  IoU (C channel): 0.0310 (0.0214)  L1 (Db channel): 0.2439 (0.2104)  L1 (Dn channel): 0.1586 (0.1704)
[19:23:55.997336] [Val] best loss: 0.2317 best  IoU (F channel): 0.0026 IoU (C channel): 0.0000 L1 (Db channel): 0.2941 L1 (Dn channel): 0.2281 
EarlyStopping counter: 2 out of 10
[19:23:56.006113] [Time] 4.0m 1.4h/2.1h

[19:23:56.006124] ~~~ Epoch 22/30 ~~~

[19:24:01.722409] Epoch: [22]  [  0/458]  eta: 0:43:31  loss: 0.3926 (0.3926)  IoU (F channel): 0.0213 (0.0213)  IoU (C channel): 0.1799 (0.1799)  L1 (Db channel): 0.1548 (0.1548)  L1 (Dn channel): 0.1769 (0.1769)  lr: 0.000388  iter-time: 5.7026
[19:24:06.571979] Epoch: [22]  [ 10/458]  eta: 0:07:09  loss: 0.2853 (0.2703)  IoU (F channel): 0.0213 (0.0610)  IoU (C channel): 0.1277 (0.1415)  L1 (Db channel): 0.1525 (0.1523)  L1 (Dn channel): 0.1783 (0.1796)  lr: 0.000387  iter-time: 0.9592
[19:24:12.272406] Epoch: [22]  [ 20/458]  eta: 0:05:38  loss: 0.1958 (0.2198)  IoU (F channel): 0.0220 (0.0605)  IoU (C channel): 0.0713 (0.1180)  L1 (Db channel): 0.1500 (0.1495)  L1 (Dn channel): 0.1820 (0.1825)  lr: 0.000385  iter-time: 0.5268
[19:24:16.815830] Epoch: [22]  [ 30/458]  eta: 0:04:46  loss: 0.2109 (0.2436)  IoU (F channel): 0.0237 (0.0649)  IoU (C channel): 0.0632 (0.1167)  L1 (Db channel): 0.1500 (0.1518)  L1 (Dn channel): 0.1833 (0.1830)  lr: 0.000384  iter-time: 0.5115
[19:24:22.040353] Epoch: [22]  [ 40/458]  eta: 0:04:25  loss: 0.2255 (0.2522)  IoU (F channel): 0.0455 (0.0850)  IoU (C channel): 0.0913 (0.1270)  L1 (Db channel): 0.1558 (0.1543)  L1 (Dn channel): 0.1872 (0.1846)  lr: 0.000382  iter-time: 0.4883
[19:24:26.611832] Epoch: [22]  [ 50/458]  eta: 0:04:04  loss: 0.1982 (0.2411)  IoU (F channel): 0.0391 (0.0771)  IoU (C channel): 0.0678 (0.1140)  L1 (Db channel): 0.1690 (0.1580)  L1 (Dn channel): 0.1877 (0.1854)  lr: 0.000380  iter-time: 0.4897
[19:24:31.306797] Epoch: [22]  [ 60/458]  eta: 0:03:50  loss: 0.1811 (0.2320)  IoU (F channel): 0.0474 (0.0903)  IoU (C channel): 0.0678 (0.1189)  L1 (Db channel): 0.1691 (0.1591)  L1 (Dn channel): 0.1892 (0.1861)  lr: 0.000379  iter-time: 0.4633
[19:24:36.072652] Epoch: [22]  [ 70/458]  eta: 0:03:38  loss: 0.2176 (0.2343)  IoU (F channel): 0.0825 (0.0929)  IoU (C channel): 0.1439 (0.1270)  L1 (Db channel): 0.1624 (0.1593)  L1 (Dn channel): 0.1887 (0.1863)  lr: 0.000377  iter-time: 0.4730
[19:24:41.109104] Epoch: [22]  [ 80/458]  eta: 0:03:30  loss: 0.2481 (0.2384)  IoU (F channel): 0.0739 (0.0920)  IoU (C channel): 0.1155 (0.1252)  L1 (Db channel): 0.1603 (0.1605)  L1 (Dn channel): 0.1864 (0.1863)  lr: 0.000376  iter-time: 0.4901
[19:24:46.238009] Epoch: [22]  [ 90/458]  eta: 0:03:23  loss: 0.1942 (0.2327)  IoU (F channel): 0.0221 (0.0854)  IoU (C channel): 0.1069 (0.1237)  L1 (Db channel): 0.1641 (0.1609)  L1 (Dn channel): 0.1850 (0.1862)  lr: 0.000374  iter-time: 0.5082
[19:24:50.760401] Epoch: [22]  [100/458]  eta: 0:03:13  loss: 0.1597 (0.2308)  IoU (F channel): 0.0140 (0.0843)  IoU (C channel): 0.0672 (0.1196)  L1 (Db channel): 0.1607 (0.1612)  L1 (Dn channel): 0.1853 (0.1862)  lr: 0.000373  iter-time: 0.4825
[19:24:56.034181] Epoch: [22]  [110/458]  eta: 0:03:08  loss: 0.1825 (0.2312)  IoU (F channel): 0.0119 (0.0875)  IoU (C channel): 0.0535 (0.1248)  L1 (Db channel): 0.1605 (0.1613)  L1 (Dn channel): 0.1869 (0.1862)  lr: 0.000371  iter-time: 0.4897
[19:25:01.657928] Epoch: [22]  [120/458]  eta: 0:03:03  loss: 0.2187 (0.2337)  IoU (F channel): 0.0153 (0.0865)  IoU (C channel): 0.1390 (0.1283)  L1 (Db channel): 0.1566 (0.1604)  L1 (Dn channel): 0.1835 (0.1858)  lr: 0.000369  iter-time: 0.5448
[19:25:06.288616] Epoch: [22]  [130/458]  eta: 0:02:55  loss: 0.2157 (0.2334)  IoU (F channel): 0.0281 (0.0836)  IoU (C channel): 0.1390 (0.1285)  L1 (Db channel): 0.1670 (0.1634)  L1 (Dn channel): 0.1846 (0.1861)  lr: 0.000368  iter-time: 0.5127
[19:25:10.918951] Epoch: [22]  [140/458]  eta: 0:02:48  loss: 0.2157 (0.2343)  IoU (F channel): 0.0432 (0.0827)  IoU (C channel): 0.1426 (0.1313)  L1 (Db channel): 0.2058 (0.1667)  L1 (Dn channel): 0.1910 (0.1865)  lr: 0.000366  iter-time: 0.4630
[19:25:15.523788] Epoch: [22]  [150/458]  eta: 0:02:42  loss: 0.2399 (0.2383)  IoU (F channel): 0.1367 (0.0903)  IoU (C channel): 0.1751 (0.1368)  L1 (Db channel): 0.2097 (0.1697)  L1 (Dn channel): 0.1926 (0.1874)  lr: 0.000365  iter-time: 0.4617
[19:25:20.245883] Epoch: [22]  [160/458]  eta: 0:02:35  loss: 0.2349 (0.2396)  IoU (F channel): 0.1361 (0.0875)  IoU (C channel): 0.2041 (0.1404)  L1 (Db channel): 0.2099 (0.1723)  L1 (Dn channel): 0.2005 (0.1882)  lr: 0.000363  iter-time: 0.4663
[19:25:25.339898] Epoch: [22]  [170/458]  eta: 0:02:30  loss: 0.2058 (0.2399)  IoU (F channel): 0.0067 (0.0849)  IoU (C channel): 0.1671 (0.1408)  L1 (Db channel): 0.1998 (0.1737)  L1 (Dn channel): 0.1962 (0.1888)  lr: 0.000362  iter-time: 0.4907
[19:25:30.198510] Epoch: [22]  [180/458]  eta: 0:02:24  loss: 0.2004 (0.2397)  IoU (F channel): 0.0565 (0.0861)  IoU (C channel): 0.1752 (0.1450)  L1 (Db channel): 0.1950 (0.1747)  L1 (Dn channel): 0.1942 (0.1891)  lr: 0.000360  iter-time: 0.4975
[19:25:34.840122] Epoch: [22]  [190/458]  eta: 0:02:18  loss: 0.2059 (0.2423)  IoU (F channel): 0.0725 (0.0874)  IoU (C channel): 0.1995 (0.1471)  L1 (Db channel): 0.1930 (0.1754)  L1 (Dn channel): 0.1929 (0.1893)  lr: 0.000358  iter-time: 0.4749
[19:25:39.567079] Epoch: [22]  [200/458]  eta: 0:02:12  loss: 0.2174 (0.2423)  IoU (F channel): 0.0855 (0.0891)  IoU (C channel): 0.1995 (0.1520)  L1 (Db channel): 0.1822 (0.1758)  L1 (Dn channel): 0.1881 (0.1891)  lr: 0.000357  iter-time: 0.4684
[19:25:44.577405] Epoch: [22]  [210/458]  eta: 0:02:07  loss: 0.2076 (0.2424)  IoU (F channel): 0.1364 (0.0942)  IoU (C channel): 0.2759 (0.1584)  L1 (Db channel): 0.1838 (0.1764)  L1 (Dn channel): 0.1842 (0.1889)  lr: 0.000355  iter-time: 0.4863
[19:25:49.310489] Epoch: [22]  [220/458]  eta: 0:02:01  loss: 0.2441 (0.2434)  IoU (F channel): 0.1383 (0.0957)  IoU (C channel): 0.2384 (0.1619)  L1 (Db channel): 0.1888 (0.1772)  L1 (Dn channel): 0.1852 (0.1887)  lr: 0.000354  iter-time: 0.4861
[19:25:53.825064] Epoch: [22]  [230/458]  eta: 0:01:56  loss: 0.2441 (0.2427)  IoU (F channel): 0.1671 (0.1017)  IoU (C channel): 0.2321 (0.1650)  L1 (Db channel): 0.1957 (0.1779)  L1 (Dn channel): 0.1852 (0.1886)  lr: 0.000352  iter-time: 0.4618
[19:25:58.368706] Epoch: [22]  [240/458]  eta: 0:01:50  loss: 0.1677 (0.2402)  IoU (F channel): 0.0632 (0.0996)  IoU (C channel): 0.1895 (0.1624)  L1 (Db channel): 0.1880 (0.1781)  L1 (Dn channel): 0.1834 (0.1884)  lr: 0.000351  iter-time: 0.4528
[19:26:03.654800] Epoch: [22]  [250/458]  eta: 0:01:45  loss: 0.1542 (0.2382)  IoU (F channel): 0.0239 (0.1000)  IoU (C channel): 0.1120 (0.1619)  L1 (Db channel): 0.1821 (0.1783)  L1 (Dn channel): 0.1848 (0.1883)  lr: 0.000349  iter-time: 0.4914
[19:26:08.772401] Epoch: [22]  [260/458]  eta: 0:01:40  loss: 0.1542 (0.2384)  IoU (F channel): 0.0329 (0.1001)  IoU (C channel): 0.1519 (0.1653)  L1 (Db channel): 0.1860 (0.1788)  L1 (Dn channel): 0.1846 (0.1880)  lr: 0.000347  iter-time: 0.5196
[19:26:13.438446] Epoch: [22]  [270/458]  eta: 0:01:35  loss: 0.2137 (0.2392)  IoU (F channel): 0.1370 (0.1040)  IoU (C channel): 0.2530 (0.1686)  L1 (Db channel): 0.1707 (0.1775)  L1 (Dn channel): 0.1750 (0.1874)  lr: 0.000346  iter-time: 0.4886
[19:26:18.062515] Epoch: [22]  [280/458]  eta: 0:01:29  loss: 0.2137 (0.2382)  IoU (F channel): 0.1187 (0.1038)  IoU (C channel): 0.2484 (0.1717)  L1 (Db channel): 0.1379 (0.1760)  L1 (Dn channel): 0.1709 (0.1867)  lr: 0.000344  iter-time: 0.4644
[19:26:23.022325] Epoch: [22]  [290/458]  eta: 0:01:24  loss: 0.1876 (0.2374)  IoU (F channel): 0.0391 (0.1047)  IoU (C channel): 0.2065 (0.1746)  L1 (Db channel): 0.1295 (0.1742)  L1 (Dn channel): 0.1670 (0.1861)  lr: 0.000343  iter-time: 0.4791
[19:26:27.799885] Epoch: [22]  [300/458]  eta: 0:01:19  loss: 0.1899 (0.2363)  IoU (F channel): 0.0449 (0.1046)  IoU (C channel): 0.1590 (0.1742)  L1 (Db channel): 0.1295 (0.1729)  L1 (Dn channel): 0.1672 (0.1855)  lr: 0.000341  iter-time: 0.4868
[19:26:32.420900] Epoch: [22]  [310/458]  eta: 0:01:14  loss: 0.1829 (0.2357)  IoU (F channel): 0.0523 (0.1045)  IoU (C channel): 0.1590 (0.1742)  L1 (Db channel): 0.1381 (0.1721)  L1 (Dn channel): 0.1689 (0.1851)  lr: 0.000340  iter-time: 0.4699
[19:26:37.064606] Epoch: [22]  [320/458]  eta: 0:01:09  loss: 0.1753 (0.2351)  IoU (F channel): 0.0713 (0.1052)  IoU (C channel): 0.2163 (0.1765)  L1 (Db channel): 0.1476 (0.1712)  L1 (Dn channel): 0.1732 (0.1847)  lr: 0.000338  iter-time: 0.4632
[19:26:41.589728] Epoch: [22]  [330/458]  eta: 0:01:04  loss: 0.1753 (0.2340)  IoU (F channel): 0.0631 (0.1044)  IoU (C channel): 0.1639 (0.1747)  L1 (Db channel): 0.1482 (0.1706)  L1 (Dn channel): 0.1727 (0.1843)  lr: 0.000337  iter-time: 0.4584
[19:26:46.080665] Epoch: [22]  [340/458]  eta: 0:00:58  loss: 0.1861 (0.2347)  IoU (F channel): 0.0151 (0.1042)  IoU (C channel): 0.0599 (0.1721)  L1 (Db channel): 0.1504 (0.1700)  L1 (Dn channel): 0.1714 (0.1840)  lr: 0.000335  iter-time: 0.4507
[19:26:51.843624] Epoch: [22]  [350/458]  eta: 0:00:54  loss: 0.2882 (0.2361)  IoU (F channel): 0.0262 (0.1044)  IoU (C channel): 0.0472 (0.1708)  L1 (Db channel): 0.1513 (0.1696)  L1 (Dn channel): 0.1759 (0.1838)  lr: 0.000334  iter-time: 0.5126
[19:26:56.478157] Epoch: [22]  [360/458]  eta: 0:00:48  loss: 0.1733 (0.2349)  IoU (F channel): 0.0482 (0.1048)  IoU (C channel): 0.0999 (0.1705)  L1 (Db channel): 0.1580 (0.1695)  L1 (Dn channel): 0.1785 (0.1838)  lr: 0.000332  iter-time: 0.5198
[19:27:01.140165] Epoch: [22]  [370/458]  eta: 0:00:43  loss: 0.1730 (0.2367)  IoU (F channel): 0.1282 (0.1086)  IoU (C channel): 0.1743 (0.1734)  L1 (Db channel): 0.1590 (0.1691)  L1 (Dn channel): 0.1790 (0.1836)  lr: 0.000330  iter-time: 0.4648
[19:27:06.156826] Epoch: [22]  [380/458]  eta: 0:00:38  loss: 0.1972 (0.2372)  IoU (F channel): 0.1282 (0.1103)  IoU (C channel): 0.2566 (0.1739)  L1 (Db channel): 0.1578 (0.1688)  L1 (Dn channel): 0.1767 (0.1834)  lr: 0.000329  iter-time: 0.4839
[19:27:10.771579] Epoch: [22]  [390/458]  eta: 0:00:33  loss: 0.1800 (0.2374)  IoU (F channel): 0.1059 (0.1114)  IoU (C channel): 0.1752 (0.1750)  L1 (Db channel): 0.1524 (0.1684)  L1 (Dn channel): 0.1733 (0.1831)  lr: 0.000327  iter-time: 0.4815
[19:27:15.334086] Epoch: [22]  [400/458]  eta: 0:00:28  loss: 0.1802 (0.2372)  IoU (F channel): 0.1692 (0.1135)  IoU (C channel): 0.1715 (0.1755)  L1 (Db channel): 0.1510 (0.1679)  L1 (Dn channel): 0.1719 (0.1829)  lr: 0.000326  iter-time: 0.4587
[19:27:20.547922] Epoch: [22]  [410/458]  eta: 0:00:23  loss: 0.1928 (0.2368)  IoU (F channel): 0.1356 (0.1154)  IoU (C channel): 0.1715 (0.1765)  L1 (Db channel): 0.1449 (0.1674)  L1 (Dn channel): 0.1714 (0.1826)  lr: 0.000324  iter-time: 0.4886
[19:27:25.029936] Epoch: [22]  [420/458]  eta: 0:00:18  loss: 0.1864 (0.2364)  IoU (F channel): 0.1356 (0.1170)  IoU (C channel): 0.2461 (0.1784)  L1 (Db channel): 0.1496 (0.1670)  L1 (Dn channel): 0.1710 (0.1823)  lr: 0.000323  iter-time: 0.4847
[19:27:30.344337] Epoch: [22]  [430/458]  eta: 0:00:13  loss: 0.1583 (0.2355)  IoU (F channel): 0.1413 (0.1183)  IoU (C channel): 0.2069 (0.1795)  L1 (Db channel): 0.1515 (0.1666)  L1 (Dn channel): 0.1699 (0.1820)  lr: 0.000321  iter-time: 0.4897
[19:27:35.148793] Epoch: [22]  [440/458]  eta: 0:00:08  loss: 0.1692 (0.2343)  IoU (F channel): 0.1098 (0.1188)  IoU (C channel): 0.1637 (0.1794)  L1 (Db channel): 0.1481 (0.1662)  L1 (Dn channel): 0.1690 (0.1817)  lr: 0.000320  iter-time: 0.5059
[19:27:39.922900] Epoch: [22]  [450/458]  eta: 0:00:03  loss: 0.2036 (0.2347)  IoU (F channel): 0.0870 (0.1185)  IoU (C channel): 0.1575 (0.1797)  L1 (Db channel): 0.1442 (0.1657)  L1 (Dn channel): 0.1680 (0.1814)  lr: 0.000318  iter-time: 0.4789
[19:27:42.766320] Epoch: [22]  [457/458]  eta: 0:00:00  loss: 0.2366 (0.2357)  IoU (F channel): 0.1024 (0.1189)  IoU (C channel): 0.1937 (0.1806)  L1 (Db channel): 0.1470 (0.1655)  L1 (Dn channel): 0.1693 (0.1813)  lr: 0.000317  iter-time: 0.4495
[19:27:43.495593] Epoch: [22] Total time: 0:03:47 (0.4967 s / it)
[19:27:43.495824] [Train] averaged stats: loss: 0.2366 (0.2357)  IoU (F channel): 0.1024 (0.1189)  IoU (C channel): 0.1937 (0.1806)  L1 (Db channel): 0.1470 (0.1655)  L1 (Dn channel): 0.1693 (0.1813)  lr: 0.000317
[19:27:48.094815] Epoch: [22]  [ 0/52]  eta: 0:03:59  loss: 0.0003 (0.0003)  IoU (F channel): 0.0000 (0.0000)  IoU (C channel): 0.0000 (0.0000)  L1 (Db channel): 0.1509 (0.1509)  L1 (Dn channel): 0.2358 (0.2358)  iter-time: 4.5972
[19:27:49.710596] Epoch: [22]  [10/52]  eta: 0:00:23  loss: 0.1416 (0.1280)  IoU (F channel): 0.0000 (0.0000)  IoU (C channel): 0.0000 (0.0011)  L1 (Db channel): 0.1785 (0.1868)  L1 (Dn channel): 0.1978 (0.1961)  iter-time: 0.5648
[19:27:51.337797] Epoch: [22]  [20/52]  eta: 0:00:11  loss: 0.2352 (0.2067)  IoU (F channel): 0.0000 (0.0020)  IoU (C channel): 0.0006 (0.0018)  L1 (Db channel): 0.2469 (0.2217)  L1 (Dn channel): 0.1357 (0.1627)  iter-time: 0.1621
[19:27:52.963479] Epoch: [22]  [30/52]  eta: 0:00:06  loss: 0.2783 (0.1787)  IoU (F channel): 0.0000 (0.0079)  IoU (C channel): 0.0007 (0.0069)  L1 (Db channel): 0.2237 (0.2008)  L1 (Dn channel): 0.1405 (0.1743)  iter-time: 0.1626
[19:27:54.579970] Epoch: [22]  [40/52]  eta: 0:00:03  loss: 0.2026 (0.2268)  IoU (F channel): 0.0083 (0.0163)  IoU (C channel): 0.0963 (0.0622)  L1 (Db channel): 0.1867 (0.2012)  L1 (Dn channel): 0.1442 (0.1608)  iter-time: 0.1621
[19:27:56.137125] Epoch: [22]  [50/52]  eta: 0:00:00  loss: 0.3192 (0.2378)  IoU (F channel): 0.0083 (0.0138)  IoU (C channel): 0.1143 (0.0574)  L1 (Db channel): 0.1976 (0.1933)  L1 (Dn channel): 0.1195 (0.1609)  iter-time: 0.1586
[19:27:56.228501] Epoch: [22]  [51/52]  eta: 0:00:00  loss: 0.2766 (0.2332)  IoU (F channel): 0.0015 (0.0135)  IoU (C channel): 0.0963 (0.0563)  L1 (Db channel): 0.1976 (0.1918)  L1 (Dn channel): 0.1195 (0.1622)  iter-time: 0.1554
[19:27:56.976020] Epoch: [22] Total time: 0:00:13 (0.2592 s / it)
[19:27:56.976050] [Val] averaged stats: loss: 0.2766 (0.2332)  IoU (F channel): 0.0015 (0.0135)  IoU (C channel): 0.0963 (0.0563)  L1 (Db channel): 0.1976 (0.1918)  L1 (Dn channel): 0.1195 (0.1622)
[19:27:56.976415] [Val] best loss: 0.2317 best  IoU (F channel): 0.0026 IoU (C channel): 0.0000 L1 (Db channel): 0.2941 L1 (Dn channel): 0.2281 
EarlyStopping counter: 3 out of 10
[19:27:56.984683] [Time] 4.0m 1.5h/2.1h

[19:27:56.984691] ~~~ Epoch 23/30 ~~~

[19:28:02.956068] Epoch: [23]  [  0/458]  eta: 0:45:34  loss: 0.1799 (0.1799)  IoU (F channel): 0.0192 (0.0192)  IoU (C channel): 0.0549 (0.0549)  L1 (Db channel): 0.1584 (0.1584)  L1 (Dn channel): 0.1666 (0.1666)  lr: 0.000317  iter-time: 5.9702
[19:28:08.461944] Epoch: [23]  [ 10/458]  eta: 0:07:47  loss: 0.1799 (0.2007)  IoU (F channel): 0.1640 (0.1615)  IoU (C channel): 0.2230 (0.2124)  L1 (Db channel): 0.1611 (0.1594)  L1 (Dn channel): 0.1673 (0.1674)  lr: 0.000316  iter-time: 1.0432
[19:28:13.492787] Epoch: [23]  [ 20/458]  eta: 0:05:44  loss: 0.1808 (0.2274)  IoU (F channel): 0.1640 (0.1853)  IoU (C channel): 0.2230 (0.2268)  L1 (Db channel): 0.1615 (0.1621)  L1 (Dn channel): 0.1673 (0.1678)  lr: 0.000314  iter-time: 0.5268
[19:28:18.243285] Epoch: [23]  [ 30/458]  eta: 0:04:53  loss: 0.1833 (0.2089)  IoU (F channel): 0.1013 (0.1576)  IoU (C channel): 0.1796 (0.1990)  L1 (Db channel): 0.1679 (0.1658)  L1 (Dn channel): 0.1692 (0.1681)  lr: 0.000312  iter-time: 0.4890
[19:28:22.878392] Epoch: [23]  [ 40/458]  eta: 0:04:23  loss: 0.1676 (0.2109)  IoU (F channel): 0.1013 (0.1625)  IoU (C channel): 0.1464 (0.1998)  L1 (Db channel): 0.1745 (0.1683)  L1 (Dn channel): 0.1689 (0.1680)  lr: 0.000311  iter-time: 0.4687
[19:28:27.611106] Epoch: [23]  [ 50/458]  eta: 0:04:04  loss: 0.1615 (0.2154)  IoU (F channel): 0.0684 (0.1609)  IoU (C channel): 0.1520 (0.1936)  L1 (Db channel): 0.1741 (0.1698)  L1 (Dn channel): 0.1685 (0.1681)  lr: 0.000309  iter-time: 0.4678
[19:28:32.371920] Epoch: [23]  [ 60/458]  eta: 0:03:50  loss: 0.1786 (0.2251)  IoU (F channel): 0.0595 (0.1529)  IoU (C channel): 0.1414 (0.1847)  L1 (Db channel): 0.1647 (0.1684)  L1 (Dn channel): 0.1675 (0.1675)  lr: 0.000308  iter-time: 0.4746
[19:28:38.020329] Epoch: [23]  [ 70/458]  eta: 0:03:44  loss: 0.2090 (0.2209)  IoU (F channel): 0.0495 (0.1403)  IoU (C channel): 0.0850 (0.1715)  L1 (Db channel): 0.1508 (0.1653)  L1 (Dn channel): 0.1655 (0.1673)  lr: 0.000306  iter-time: 0.5204
[19:28:43.024046] Epoch: [23]  [ 80/458]  eta: 0:03:34  loss: 0.2090 (0.2282)  IoU (F channel): 0.0388 (0.1359)  IoU (C channel): 0.0889 (0.1708)  L1 (Db channel): 0.1482 (0.1630)  L1 (Dn channel): 0.1664 (0.1674)  lr: 0.000305  iter-time: 0.5325
[19:28:47.494899] Epoch: [23]  [ 90/458]  eta: 0:03:24  loss: 0.2545 (0.2350)  IoU (F channel): 0.0718 (0.1329)  IoU (C channel): 0.1636 (0.1728)  L1 (Db channel): 0.1507 (0.1621)  L1 (Dn channel): 0.1687 (0.1679)  lr: 0.000303  iter-time: 0.4737
[19:28:53.148182] Epoch: [23]  [100/458]  eta: 0:03:19  loss: 0.2370 (0.2384)  IoU (F channel): 0.0850 (0.1296)  IoU (C channel): 0.1636 (0.1768)  L1 (Db channel): 0.1618 (0.1628)  L1 (Dn channel): 0.1727 (0.1685)  lr: 0.000302  iter-time: 0.5061
[19:28:57.718448] Epoch: [23]  [110/458]  eta: 0:03:10  loss: 0.1871 (0.2347)  IoU (F channel): 0.0735 (0.1323)  IoU (C channel): 0.1505 (0.1781)  L1 (Db channel): 0.1720 (0.1638)  L1 (Dn channel): 0.1748 (0.1691)  lr: 0.000300  iter-time: 0.5111
[19:29:02.381337] Epoch: [23]  [120/458]  eta: 0:03:02  loss: 0.1827 (0.2343)  IoU (F channel): 0.0771 (0.1311)  IoU (C channel): 0.1803 (0.1785)  L1 (Db channel): 0.1746 (0.1643)  L1 (Dn channel): 0.1724 (0.1691)  lr: 0.000299  iter-time: 0.4616
[19:29:06.997722] Epoch: [23]  [130/458]  eta: 0:02:55  loss: 0.2059 (0.2337)  IoU (F channel): 0.0805 (0.1305)  IoU (C channel): 0.1712 (0.1769)  L1 (Db channel): 0.1653 (0.1640)  L1 (Dn channel): 0.1698 (0.1693)  lr: 0.000297  iter-time: 0.4639
[19:29:12.564804] Epoch: [23]  [140/458]  eta: 0:02:50  loss: 0.2059 (0.2353)  IoU (F channel): 0.0661 (0.1309)  IoU (C channel): 0.1478 (0.1758)  L1 (Db channel): 0.1570 (0.1637)  L1 (Dn channel): 0.1723 (0.1696)  lr: 0.000296  iter-time: 0.5091
[19:29:17.330937] Epoch: [23]  [150/458]  eta: 0:02:43  loss: 0.1943 (0.2343)  IoU (F channel): 0.0528 (0.1289)  IoU (C channel): 0.1894 (0.1793)  L1 (Db channel): 0.1586 (0.1632)  L1 (Dn channel): 0.1695 (0.1695)  lr: 0.000294  iter-time: 0.5166
[19:29:22.374933] Epoch: [23]  [160/458]  eta: 0:02:38  loss: 0.1773 (0.2327)  IoU (F channel): 0.0415 (0.1313)  IoU (C channel): 0.2198 (0.1837)  L1 (Db channel): 0.1551 (0.1626)  L1 (Dn channel): 0.1685 (0.1695)  lr: 0.000293  iter-time: 0.4904
[19:29:27.148508] Epoch: [23]  [170/458]  eta: 0:02:31  loss: 0.1874 (0.2322)  IoU (F channel): 0.0506 (0.1334)  IoU (C channel): 0.1474 (0.1844)  L1 (Db channel): 0.1538 (0.1622)  L1 (Dn channel): 0.1690 (0.1696)  lr: 0.000291  iter-time: 0.4908
[19:29:32.223891] Epoch: [23]  [180/458]  eta: 0:02:26  loss: 0.2219 (0.2314)  IoU (F channel): 0.0486 (0.1296)  IoU (C channel): 0.1203 (0.1797)  L1 (Db channel): 0.1599 (0.1625)  L1 (Dn channel): 0.1696 (0.1697)  lr: 0.000290  iter-time: 0.4924
[19:29:36.675181] Epoch: [23]  [190/458]  eta: 0:02:19  loss: 0.2089 (0.2317)  IoU (F channel): 0.0351 (0.1271)  IoU (C channel): 0.1029 (0.1778)  L1 (Db channel): 0.1630 (0.1625)  L1 (Dn channel): 0.1686 (0.1696)  lr: 0.000289  iter-time: 0.4763
[19:29:41.178116] Epoch: [23]  [200/458]  eta: 0:02:13  loss: 0.1904 (0.2298)  IoU (F channel): 0.0423 (0.1245)  IoU (C channel): 0.1121 (0.1764)  L1 (Db channel): 0.1573 (0.1615)  L1 (Dn channel): 0.1656 (0.1695)  lr: 0.000287  iter-time: 0.4476
[19:29:47.015121] Epoch: [23]  [210/458]  eta: 0:02:09  loss: 0.1977 (0.2286)  IoU (F channel): 0.0423 (0.1219)  IoU (C channel): 0.1694 (0.1784)  L1 (Db channel): 0.1375 (0.1603)  L1 (Dn channel): 0.1663 (0.1694)  lr: 0.000286  iter-time: 0.5169
[19:29:51.494154] Epoch: [23]  [220/458]  eta: 0:02:03  loss: 0.2044 (0.2293)  IoU (F channel): 0.0483 (0.1212)  IoU (C channel): 0.2089 (0.1793)  L1 (Db channel): 0.1344 (0.1592)  L1 (Dn channel): 0.1661 (0.1691)  lr: 0.000284  iter-time: 0.5157
[19:29:55.949005] Epoch: [23]  [230/458]  eta: 0:01:57  loss: 0.2206 (0.2298)  IoU (F channel): 0.0448 (0.1192)  IoU (C channel): 0.2456 (0.1828)  L1 (Db channel): 0.1386 (0.1583)  L1 (Dn channel): 0.1620 (0.1688)  lr: 0.000283  iter-time: 0.4466
[19:30:02.014160] Epoch: [23]  [240/458]  eta: 0:01:53  loss: 0.2182 (0.2311)  IoU (F channel): 0.0454 (0.1196)  IoU (C channel): 0.2686 (0.1866)  L1 (Db channel): 0.1411 (0.1576)  L1 (Dn channel): 0.1610 (0.1685)  lr: 0.000281  iter-time: 0.5259
[19:30:06.644461] Epoch: [23]  [250/458]  eta: 0:01:47  loss: 0.1748 (0.2296)  IoU (F channel): 0.0935 (0.1222)  IoU (C channel): 0.2884 (0.1917)  L1 (Db channel): 0.1464 (0.1575)  L1 (Dn channel): 0.1604 (0.1683)  lr: 0.000280  iter-time: 0.5347
[19:30:11.118113] Epoch: [23]  [260/458]  eta: 0:01:41  loss: 0.1745 (0.2294)  IoU (F channel): 0.0962 (0.1221)  IoU (C channel): 0.2761 (0.1922)  L1 (Db channel): 0.1521 (0.1571)  L1 (Dn channel): 0.1604 (0.1680)  lr: 0.000278  iter-time: 0.4551
[19:30:16.245823] Epoch: [23]  [270/458]  eta: 0:01:36  loss: 0.1855 (0.2280)  IoU (F channel): 0.0479 (0.1211)  IoU (C channel): 0.1549 (0.1919)  L1 (Db channel): 0.1468 (0.1567)  L1 (Dn channel): 0.1609 (0.1677)  lr: 0.000277  iter-time: 0.4800
[19:30:21.387183] Epoch: [23]  [280/458]  eta: 0:01:31  loss: 0.1794 (0.2283)  IoU (F channel): 0.0486 (0.1204)  IoU (C channel): 0.1930 (0.1931)  L1 (Db channel): 0.1491 (0.1563)  L1 (Dn channel): 0.1597 (0.1675)  lr: 0.000275  iter-time: 0.5134
[19:30:25.841540] Epoch: [23]  [290/458]  eta: 0:01:25  loss: 0.1567 (0.2259)  IoU (F channel): 0.0570 (0.1231)  IoU (C channel): 0.2459 (0.1936)  L1 (Db channel): 0.1489 (0.1559)  L1 (Dn channel): 0.1608 (0.1673)  lr: 0.000274  iter-time: 0.4797
[19:30:31.213274] Epoch: [23]  [300/458]  eta: 0:01:20  loss: 0.1829 (0.2281)  IoU (F channel): 0.1000 (0.1237)  IoU (C channel): 0.2306 (0.1968)  L1 (Db channel): 0.1435 (0.1555)  L1 (Dn channel): 0.1617 (0.1672)  lr: 0.000272  iter-time: 0.4912
[19:30:36.450612] Epoch: [23]  [310/458]  eta: 0:01:15  loss: 0.2501 (0.2295)  IoU (F channel): 0.0373 (0.1217)  IoU (C channel): 0.1275 (0.1930)  L1 (Db channel): 0.1481 (0.1555)  L1 (Dn channel): 0.1639 (0.1671)  lr: 0.000271  iter-time: 0.5304
[19:30:40.951532] Epoch: [23]  [320/458]  eta: 0:01:10  loss: 0.1938 (0.2293)  IoU (F channel): 0.0523 (0.1206)  IoU (C channel): 0.0758 (0.1896)  L1 (Db channel): 0.1514 (0.1554)  L1 (Dn channel): 0.1651 (0.1671)  lr: 0.000269  iter-time: 0.4868
[19:30:46.631728] Epoch: [23]  [330/458]  eta: 0:01:05  loss: 0.1915 (0.2291)  IoU (F channel): 0.0645 (0.1201)  IoU (C channel): 0.0961 (0.1892)  L1 (Db channel): 0.1567 (0.1556)  L1 (Dn channel): 0.1656 (0.1671)  lr: 0.000268  iter-time: 0.5090
[19:30:51.099581] Epoch: [23]  [340/458]  eta: 0:01:00  loss: 0.2182 (0.2311)  IoU (F channel): 0.0368 (0.1184)  IoU (C channel): 0.1353 (0.1874)  L1 (Db channel): 0.1624 (0.1558)  L1 (Dn channel): 0.1668 (0.1671)  lr: 0.000267  iter-time: 0.5073
[19:30:56.103484] Epoch: [23]  [350/458]  eta: 0:00:55  loss: 0.2123 (0.2311)  IoU (F channel): 0.0298 (0.1165)  IoU (C channel): 0.0903 (0.1844)  L1 (Db channel): 0.1674 (0.1563)  L1 (Dn channel): 0.1626 (0.1669)  lr: 0.000265  iter-time: 0.4735
[19:31:01.394857] Epoch: [23]  [360/458]  eta: 0:00:50  loss: 0.1848 (0.2314)  IoU (F channel): 0.0754 (0.1172)  IoU (C channel): 0.1405 (0.1848)  L1 (Db channel): 0.1707 (0.1567)  L1 (Dn channel): 0.1585 (0.1667)  lr: 0.000264  iter-time: 0.5147
[19:31:05.950672] Epoch: [23]  [370/458]  eta: 0:00:44  loss: 0.1856 (0.2319)  IoU (F channel): 0.0760 (0.1177)  IoU (C channel): 0.1689 (0.1852)  L1 (Db channel): 0.1738 (0.1573)  L1 (Dn channel): 0.1611 (0.1665)  lr: 0.000262  iter-time: 0.4923
[19:31:10.485835] Epoch: [23]  [380/458]  eta: 0:00:39  loss: 0.2186 (0.2322)  IoU (F channel): 0.0573 (0.1184)  IoU (C channel): 0.1779 (0.1856)  L1 (Db channel): 0.1730 (0.1576)  L1 (Dn channel): 0.1611 (0.1664)  lr: 0.000261  iter-time: 0.4545
[19:31:16.834625] Epoch: [23]  [390/458]  eta: 0:00:34  loss: 0.2298 (0.2334)  IoU (F channel): 0.0590 (0.1188)  IoU (C channel): 0.1779 (0.1858)  L1 (Db channel): 0.1655 (0.1577)  L1 (Dn channel): 0.1609 (0.1663)  lr: 0.000259  iter-time: 0.5441
[19:31:21.415798] Epoch: [23]  [400/458]  eta: 0:00:29  loss: 0.2185 (0.2327)  IoU (F channel): 0.0907 (0.1193)  IoU (C channel): 0.1943 (0.1864)  L1 (Db channel): 0.1558 (0.1576)  L1 (Dn channel): 0.1613 (0.1662)  lr: 0.000258  iter-time: 0.5464
[19:31:26.040889] Epoch: [23]  [410/458]  eta: 0:00:24  loss: 0.1687 (0.2321)  IoU (F channel): 0.0934 (0.1207)  IoU (C channel): 0.2114 (0.1882)  L1 (Db channel): 0.1538 (0.1575)  L1 (Dn channel): 0.1613 (0.1661)  lr: 0.000257  iter-time: 0.4602
[19:31:30.699210] Epoch: [23]  [420/458]  eta: 0:00:19  loss: 0.1919 (0.2332)  IoU (F channel): 0.1678 (0.1224)  IoU (C channel): 0.2326 (0.1900)  L1 (Db channel): 0.1544 (0.1575)  L1 (Dn channel): 0.1593 (0.1659)  lr: 0.000255  iter-time: 0.4641
[19:31:35.349195] Epoch: [23]  [430/458]  eta: 0:00:14  loss: 0.2176 (0.2328)  IoU (F channel): 0.0807 (0.1222)  IoU (C channel): 0.2024 (0.1894)  L1 (Db channel): 0.1580 (0.1575)  L1 (Dn channel): 0.1585 (0.1658)  lr: 0.000254  iter-time: 0.4653
[19:31:40.553024] Epoch: [23]  [440/458]  eta: 0:00:09  loss: 0.2015 (0.2320)  IoU (F channel): 0.0487 (0.1202)  IoU (C channel): 0.1120 (0.1875)  L1 (Db channel): 0.1603 (0.1577)  L1 (Dn channel): 0.1584 (0.1656)  lr: 0.000252  iter-time: 0.4922
[19:31:45.055415] Epoch: [23]  [450/458]  eta: 0:00:04  loss: 0.2015 (0.2330)  IoU (F channel): 0.0130 (0.1198)  IoU (C channel): 0.1028 (0.1861)  L1 (Db channel): 0.1612 (0.1578)  L1 (Dn channel): 0.1584 (0.1655)  lr: 0.000251  iter-time: 0.4848
[19:31:47.902550] Epoch: [23]  [457/458]  eta: 0:00:00  loss: 0.2550 (0.2354)  IoU (F channel): 0.0776 (0.1201)  IoU (C channel): 0.1279 (0.1853)  L1 (Db channel): 0.1551 (0.1577)  L1 (Dn channel): 0.1616 (0.1655)  lr: 0.000250  iter-time: 0.4501
[19:31:48.565926] Epoch: [23] Total time: 0:03:51 (0.5056 s / it)
[19:31:48.565985] [Train] averaged stats: loss: 0.2550 (0.2354)  IoU (F channel): 0.0776 (0.1201)  IoU (C channel): 0.1279 (0.1853)  L1 (Db channel): 0.1551 (0.1577)  L1 (Dn channel): 0.1616 (0.1655)  lr: 0.000250
[19:31:52.231849] Epoch: [23]  [ 0/52]  eta: 0:03:10  loss: 0.0003 (0.0003)  IoU (F channel): 0.0000 (0.0000)  IoU (C channel): 0.0000 (0.0000)  L1 (Db channel): 0.1060 (0.1060)  L1 (Dn channel): 0.1769 (0.1769)  iter-time: 3.6647
[19:31:54.141550] Epoch: [23]  [10/52]  eta: 0:00:21  loss: 0.1548 (0.1501)  IoU (F channel): 0.0000 (0.0000)  IoU (C channel): 0.0000 (0.0000)  L1 (Db channel): 0.1645 (0.1647)  L1 (Dn channel): 0.1702 (0.1650)  iter-time: 0.5067
[19:31:55.787844] Epoch: [23]  [20/52]  eta: 0:00:11  loss: 0.3179 (0.2528)  IoU (F channel): 0.0000 (0.0002)  IoU (C channel): 0.0000 (0.0000)  L1 (Db channel): 0.2437 (0.2074)  L1 (Dn channel): 0.1373 (0.1476)  iter-time: 0.1778
[19:31:57.405256] Epoch: [23]  [30/52]  eta: 0:00:06  loss: 0.3179 (0.2092)  IoU (F channel): 0.0000 (0.0056)  IoU (C channel): 0.0000 (0.0014)  L1 (Db channel): 0.2187 (0.1833)  L1 (Dn channel): 0.1397 (0.1539)  iter-time: 0.1631
[19:31:59.018565] Epoch: [23]  [40/52]  eta: 0:00:03  loss: 0.2122 (0.2534)  IoU (F channel): 0.0000 (0.0086)  IoU (C channel): 0.0423 (0.0316)  L1 (Db channel): 0.1818 (0.1877)  L1 (Dn channel): 0.1444 (0.1483)  iter-time: 0.1615
[19:32:00.575351] Epoch: [23]  [50/52]  eta: 0:00:00  loss: 0.3228 (0.2600)  IoU (F channel): 0.0001 (0.0072)  IoU (C channel): 0.0495 (0.0298)  L1 (Db channel): 0.2032 (0.1805)  L1 (Dn channel): 0.1318 (0.1485)  iter-time: 0.1585
[19:32:00.666823] Epoch: [23]  [51/52]  eta: 0:00:00  loss: 0.2773 (0.2550)  IoU (F channel): 0.0001 (0.0070)  IoU (C channel): 0.0429 (0.0292)  L1 (Db channel): 0.2032 (0.1787)  L1 (Dn channel): 0.1318 (0.1491)  iter-time: 0.1553
[19:32:01.421074] Epoch: [23] Total time: 0:00:12 (0.2472 s / it)
[19:32:01.421103] [Val] averaged stats: loss: 0.2773 (0.2550)  IoU (F channel): 0.0001 (0.0070)  IoU (C channel): 0.0429 (0.0292)  L1 (Db channel): 0.2032 (0.1787)  L1 (Dn channel): 0.1318 (0.1491)
[19:32:01.421546] [Val] best loss: 0.2317 best  IoU (F channel): 0.0026 IoU (C channel): 0.0000 L1 (Db channel): 0.2941 L1 (Dn channel): 0.2281 
EarlyStopping counter: 4 out of 10
[19:32:01.431558] [Time] 4.1m 1.6h/2.1h

[19:32:01.431570] ~~~ Epoch 24/30 ~~~

[19:32:08.172155] Epoch: [24]  [  0/458]  eta: 0:51:26  loss: 0.1518 (0.1518)  IoU (F channel): 0.0000 (0.0000)  IoU (C channel): 0.0002 (0.0002)  L1 (Db channel): 0.1588 (0.1588)  L1 (Dn channel): 0.1578 (0.1578)  lr: 0.000250  iter-time: 6.7392
[19:32:12.666822] Epoch: [24]  [ 10/458]  eta: 0:07:37  loss: 0.1606 (0.1705)  IoU (F channel): 0.0248 (0.0594)  IoU (C channel): 0.1215 (0.1580)  L1 (Db channel): 0.1588 (0.1580)  L1 (Dn channel): 0.1578 (0.1580)  lr: 0.000248  iter-time: 1.0212
[19:32:17.173219] Epoch: [24]  [ 20/458]  eta: 0:05:28  loss: 0.1718 (0.2342)  IoU (F channel): 0.0430 (0.0600)  IoU (C channel): 0.1563 (0.1874)  L1 (Db channel): 0.1607 (0.1609)  L1 (Dn channel): 0.1594 (0.1597)  lr: 0.000247  iter-time: 0.4500
[19:32:22.796901] Epoch: [24]  [ 30/458]  eta: 0:04:54  loss: 0.1734 (0.2204)  IoU (F channel): 0.0718 (0.0925)  IoU (C channel): 0.2036 (0.2033)  L1 (Db channel): 0.1607 (0.1614)  L1 (Dn channel): 0.1597 (0.1600)  lr: 0.000245  iter-time: 0.5064
[19:32:27.868287] Epoch: [24]  [ 40/458]  eta: 0:04:29  loss: 0.1734 (0.2236)  IoU (F channel): 0.1046 (0.1009)  IoU (C channel): 0.2036 (0.1994)  L1 (Db channel): 0.1542 (0.1574)  L1 (Dn channel): 0.1563 (0.1591)  lr: 0.000244  iter-time: 0.5347
[19:32:32.344173] Epoch: [24]  [ 50/458]  eta: 0:04:07  loss: 0.2233 (0.2295)  IoU (F channel): 0.0769 (0.1045)  IoU (C channel): 0.1801 (0.1939)  L1 (Db channel): 0.1439 (0.1548)  L1 (Dn channel): 0.1559 (0.1587)  lr: 0.000243  iter-time: 0.4773
[19:32:37.508539] Epoch: [24]  [ 60/458]  eta: 0:03:55  loss: 0.1714 (0.2200)  IoU (F channel): 0.0505 (0.0995)  IoU (C channel): 0.1628 (0.1901)  L1 (Db channel): 0.1450 (0.1536)  L1 (Dn channel): 0.1564 (0.1583)  lr: 0.000241  iter-time: 0.4819
[19:32:42.576931] Epoch: [24]  [ 70/458]  eta: 0:03:44  loss: 0.1674 (0.2223)  IoU (F channel): 0.0577 (0.1089)  IoU (C channel): 0.1418 (0.1909)  L1 (Db channel): 0.1484 (0.1529)  L1 (Dn channel): 0.1572 (0.1584)  lr: 0.000240  iter-time: 0.5116
[19:32:48.061264] Epoch: [24]  [ 80/458]  eta: 0:03:37  loss: 0.1904 (0.2239)  IoU (F channel): 0.0577 (0.1055)  IoU (C channel): 0.1123 (0.1802)  L1 (Db channel): 0.1529 (0.1535)  L1 (Dn channel): 0.1592 (0.1586)  lr: 0.000238  iter-time: 0.5276
[19:32:53.139179] Epoch: [24]  [ 90/458]  eta: 0:03:29  loss: 0.1870 (0.2243)  IoU (F channel): 0.0659 (0.1120)  IoU (C channel): 0.1008 (0.1790)  L1 (Db channel): 0.1557 (0.1537)  L1 (Dn channel): 0.1595 (0.1588)  lr: 0.000237  iter-time: 0.5280
[19:32:57.714451] Epoch: [24]  [100/458]  eta: 0:03:19  loss: 0.2132 (0.2284)  IoU (F channel): 0.1120 (0.1177)  IoU (C channel): 0.2168 (0.1827)  L1 (Db channel): 0.1538 (0.1533)  L1 (Dn channel): 0.1618 (0.1594)  lr: 0.000236  iter-time: 0.4820
[19:33:02.410932] Epoch: [24]  [110/458]  eta: 0:03:11  loss: 0.2205 (0.2300)  IoU (F channel): 0.1175 (0.1250)  IoU (C channel): 0.2460 (0.1924)  L1 (Db channel): 0.1534 (0.1537)  L1 (Dn channel): 0.1610 (0.1596)  lr: 0.000234  iter-time: 0.4629
[19:33:06.975837] Epoch: [24]  [120/458]  eta: 0:03:03  loss: 0.2060 (0.2279)  IoU (F channel): 0.1362 (0.1286)  IoU (C channel): 0.2587 (0.1986)  L1 (Db channel): 0.1562 (0.1537)  L1 (Dn channel): 0.1604 (0.1597)  lr: 0.000233  iter-time: 0.4630
[19:33:12.027947] Epoch: [24]  [130/458]  eta: 0:02:56  loss: 0.1807 (0.2276)  IoU (F channel): 0.1362 (0.1309)  IoU (C channel): 0.2028 (0.2003)  L1 (Db channel): 0.1585 (0.1543)  L1 (Dn channel): 0.1604 (0.1598)  lr: 0.000232  iter-time: 0.4808
[19:33:16.661195] Epoch: [24]  [140/458]  eta: 0:02:49  loss: 0.2239 (0.2305)  IoU (F channel): 0.0783 (0.1291)  IoU (C channel): 0.1649 (0.2020)  L1 (Db channel): 0.1663 (0.1555)  L1 (Dn channel): 0.1598 (0.1597)  lr: 0.000230  iter-time: 0.4842
[19:33:21.147849] Epoch: [24]  [150/458]  eta: 0:02:42  loss: 0.1969 (0.2314)  IoU (F channel): 0.0817 (0.1289)  IoU (C channel): 0.1599 (0.2004)  L1 (Db channel): 0.1771 (0.1570)  L1 (Dn channel): 0.1596 (0.1597)  lr: 0.000229  iter-time: 0.4559
[19:33:26.386328] Epoch: [24]  [160/458]  eta: 0:02:37  loss: 0.1814 (0.2283)  IoU (F channel): 0.1535 (0.1339)  IoU (C channel): 0.1615 (0.2019)  L1 (Db channel): 0.1844 (0.1594)  L1 (Dn channel): 0.1602 (0.1599)  lr: 0.000227  iter-time: 0.4862
[19:33:31.517418] Epoch: [24]  [170/458]  eta: 0:02:31  loss: 0.1805 (0.2309)  IoU (F channel): 0.1965 (0.1346)  IoU (C channel): 0.1902 (0.2014)  L1 (Db channel): 0.2001 (0.1622)  L1 (Dn channel): 0.1625 (0.1603)  lr: 0.000226  iter-time: 0.5180
[19:33:36.111011] Epoch: [24]  [180/458]  eta: 0:02:25  loss: 0.1912 (0.2303)  IoU (F channel): 0.1962 (0.1402)  IoU (C channel): 0.2011 (0.2045)  L1 (Db channel): 0.2084 (0.1651)  L1 (Dn channel): 0.1652 (0.1606)  lr: 0.000225  iter-time: 0.4857
[19:33:40.539377] Epoch: [24]  [190/458]  eta: 0:02:19  loss: 0.2292 (0.2350)  IoU (F channel): 0.1962 (0.1415)  IoU (C channel): 0.2424 (0.2061)  L1 (Db channel): 0.2070 (0.1670)  L1 (Dn channel): 0.1642 (0.1607)  lr: 0.000223  iter-time: 0.4510
[19:33:46.046817] Epoch: [24]  [200/458]  eta: 0:02:14  loss: 0.2480 (0.2344)  IoU (F channel): 0.0933 (0.1414)  IoU (C channel): 0.2424 (0.2075)  L1 (Db channel): 0.1898 (0.1678)  L1 (Dn channel): 0.1590 (0.1605)  lr: 0.000222  iter-time: 0.4967
[19:33:51.017040] Epoch: [24]  [210/458]  eta: 0:02:08  loss: 0.1843 (0.2368)  IoU (F channel): 0.0639 (0.1393)  IoU (C channel): 0.1702 (0.2070)  L1 (Db channel): 0.1736 (0.1679)  L1 (Dn channel): 0.1570 (0.1604)  lr: 0.000221  iter-time: 0.5238
[19:33:55.520324] Epoch: [24]  [220/458]  eta: 0:02:02  loss: 0.2264 (0.2376)  IoU (F channel): 0.0615 (0.1368)  IoU (C channel): 0.2136 (0.2084)  L1 (Db channel): 0.1707 (0.1681)  L1 (Dn channel): 0.1579 (0.1602)  lr: 0.000219  iter-time: 0.4736
[19:34:00.963810] Epoch: [24]  [230/458]  eta: 0:01:57  loss: 0.2264 (0.2373)  IoU (F channel): 0.0464 (0.1332)  IoU (C channel): 0.2421 (0.2098)  L1 (Db channel): 0.1697 (0.1682)  L1 (Dn channel): 0.1563 (0.1600)  lr: 0.000218  iter-time: 0.4973
[19:34:05.936854] Epoch: [24]  [240/458]  eta: 0:01:52  loss: 0.1944 (0.2358)  IoU (F channel): 0.0499 (0.1315)  IoU (C channel): 0.2524 (0.2108)  L1 (Db channel): 0.1663 (0.1681)  L1 (Dn channel): 0.1542 (0.1598)  lr: 0.000217  iter-time: 0.5208
[19:34:11.232105] Epoch: [24]  [250/458]  eta: 0:01:47  loss: 0.1679 (0.2380)  IoU (F channel): 0.0807 (0.1305)  IoU (C channel): 0.1821 (0.2114)  L1 (Db channel): 0.1623 (0.1677)  L1 (Dn channel): 0.1540 (0.1596)  lr: 0.000215  iter-time: 0.5133
[19:34:15.928017] Epoch: [24]  [260/458]  eta: 0:01:42  loss: 0.2262 (0.2381)  IoU (F channel): 0.0793 (0.1299)  IoU (C channel): 0.1879 (0.2132)  L1 (Db channel): 0.1575 (0.1673)  L1 (Dn channel): 0.1530 (0.1593)  lr: 0.000214  iter-time: 0.4995
[19:34:20.366919] Epoch: [24]  [270/458]  eta: 0:01:36  loss: 0.1999 (0.2366)  IoU (F channel): 0.0574 (0.1279)  IoU (C channel): 0.2571 (0.2170)  L1 (Db channel): 0.1575 (0.1667)  L1 (Dn channel): 0.1540 (0.1592)  lr: 0.000213  iter-time: 0.4567
[19:34:25.522909] Epoch: [24]  [280/458]  eta: 0:01:31  loss: 0.1571 (0.2361)  IoU (F channel): 0.0285 (0.1281)  IoU (C channel): 0.2861 (0.2183)  L1 (Db channel): 0.1578 (0.1666)  L1 (Dn channel): 0.1537 (0.1589)  lr: 0.000211  iter-time: 0.4797
[19:34:30.834975] Epoch: [24]  [290/458]  eta: 0:01:26  loss: 0.1939 (0.2350)  IoU (F channel): 0.0184 (0.1262)  IoU (C channel): 0.2055 (0.2172)  L1 (Db channel): 0.1584 (0.1662)  L1 (Dn channel): 0.1525 (0.1587)  lr: 0.000210  iter-time: 0.5233
[19:34:35.423265] Epoch: [24]  [300/458]  eta: 0:01:20  loss: 0.2028 (0.2360)  IoU (F channel): 0.0296 (0.1259)  IoU (C channel): 0.1880 (0.2168)  L1 (Db channel): 0.1571 (0.1660)  L1 (Dn channel): 0.1528 (0.1586)  lr: 0.000209  iter-time: 0.4949
[19:34:39.840750] Epoch: [24]  [310/458]  eta: 0:01:15  loss: 0.2069 (0.2359)  IoU (F channel): 0.1022 (0.1281)  IoU (C channel): 0.1747 (0.2167)  L1 (Db channel): 0.1571 (0.1657)  L1 (Dn channel): 0.1530 (0.1584)  lr: 0.000207  iter-time: 0.4502
[19:34:45.699495] Epoch: [24]  [320/458]  eta: 0:01:10  loss: 0.1935 (0.2346)  IoU (F channel): 0.1345 (0.1305)  IoU (C channel): 0.1747 (0.2170)  L1 (Db channel): 0.1571 (0.1655)  L1 (Dn channel): 0.1542 (0.1583)  lr: 0.000206  iter-time: 0.5137
[19:34:50.366133] Epoch: [24]  [330/458]  eta: 0:01:05  loss: 0.1651 (0.2332)  IoU (F channel): 0.0973 (0.1307)  IoU (C channel): 0.2196 (0.2168)  L1 (Db channel): 0.1552 (0.1651)  L1 (Dn channel): 0.1515 (0.1581)  lr: 0.000205  iter-time: 0.5262
[19:34:54.971909] Epoch: [24]  [340/458]  eta: 0:01:00  loss: 0.1598 (0.2327)  IoU (F channel): 0.1100 (0.1321)  IoU (C channel): 0.1860 (0.2155)  L1 (Db channel): 0.1524 (0.1649)  L1 (Dn channel): 0.1511 (0.1579)  lr: 0.000203  iter-time: 0.4635
[19:34:59.539894] Epoch: [24]  [350/458]  eta: 0:00:54  loss: 0.2447 (0.2343)  IoU (F channel): 0.0887 (0.1304)  IoU (C channel): 0.1274 (0.2133)  L1 (Db channel): 0.1694 (0.1655)  L1 (Dn channel): 0.1539 (0.1578)  lr: 0.000202  iter-time: 0.4586
[19:35:04.643466] Epoch: [24]  [360/458]  eta: 0:00:49  loss: 0.2536 (0.2358)  IoU (F channel): 0.0481 (0.1295)  IoU (C channel): 0.1232 (0.2111)  L1 (Db channel): 0.1858 (0.1659)  L1 (Dn channel): 0.1559 (0.1578)  lr: 0.000201  iter-time: 0.4828
[19:35:09.288735] Epoch: [24]  [370/458]  eta: 0:00:44  loss: 0.2117 (0.2353)  IoU (F channel): 0.0450 (0.1298)  IoU (C channel): 0.1757 (0.2118)  L1 (Db channel): 0.1777 (0.1662)  L1 (Dn channel): 0.1597 (0.1579)  lr: 0.000199  iter-time: 0.4867
[19:35:13.798541] Epoch: [24]  [380/458]  eta: 0:00:39  loss: 0.1706 (0.2340)  IoU (F channel): 0.0731 (0.1311)  IoU (C channel): 0.1811 (0.2112)  L1 (Db channel): 0.1765 (0.1664)  L1 (Dn channel): 0.1627 (0.1580)  lr: 0.000198  iter-time: 0.4577
[19:35:18.485853] Epoch: [24]  [390/458]  eta: 0:00:34  loss: 0.1807 (0.2341)  IoU (F channel): 0.1557 (0.1320)  IoU (C channel): 0.1866 (0.2113)  L1 (Db channel): 0.1803 (0.1669)  L1 (Dn channel): 0.1647 (0.1582)  lr: 0.000197  iter-time: 0.4598
[19:35:23.322524] Epoch: [24]  [400/458]  eta: 0:00:29  loss: 0.2043 (0.2340)  IoU (F channel): 0.1966 (0.1338)  IoU (C channel): 0.2268 (0.2122)  L1 (Db channel): 0.1779 (0.1670)  L1 (Dn channel): 0.1654 (0.1584)  lr: 0.000195  iter-time: 0.4761
[19:35:29.046878] Epoch: [24]  [410/458]  eta: 0:00:24  loss: 0.1797 (0.2337)  IoU (F channel): 0.1966 (0.1356)  IoU (C channel): 0.2268 (0.2127)  L1 (Db channel): 0.1666 (0.1671)  L1 (Dn channel): 0.1639 (0.1585)  lr: 0.000194  iter-time: 0.5280
[19:35:33.565818] Epoch: [24]  [420/458]  eta: 0:00:19  loss: 0.2098 (0.2347)  IoU (F channel): 0.0963 (0.1345)  IoU (C channel): 0.1694 (0.2130)  L1 (Db channel): 0.1666 (0.1671)  L1 (Dn channel): 0.1617 (0.1586)  lr: 0.000193  iter-time: 0.5121
[19:35:38.779322] Epoch: [24]  [430/458]  eta: 0:00:14  loss: 0.2365 (0.2346)  IoU (F channel): 0.1550 (0.1375)  IoU (C channel): 0.2278 (0.2151)  L1 (Db channel): 0.1629 (0.1670)  L1 (Dn channel): 0.1604 (0.1587)  lr: 0.000192  iter-time: 0.4865
[19:35:43.411480] Epoch: [24]  [440/458]  eta: 0:00:09  loss: 0.1939 (0.2349)  IoU (F channel): 0.1763 (0.1381)  IoU (C channel): 0.2799 (0.2160)  L1 (Db channel): 0.1595 (0.1669)  L1 (Dn channel): 0.1587 (0.1587)  lr: 0.000190  iter-time: 0.4912
[19:35:48.028987] Epoch: [24]  [450/458]  eta: 0:00:04  loss: 0.2191 (0.2358)  IoU (F channel): 0.0756 (0.1387)  IoU (C channel): 0.2445 (0.2174)  L1 (Db channel): 0.1665 (0.1671)  L1 (Dn channel): 0.1575 (0.1587)  lr: 0.000189  iter-time: 0.4614
[19:35:50.878322] Epoch: [24]  [457/458]  eta: 0:00:00  loss: 0.2043 (0.2351)  IoU (F channel): 0.0949 (0.1382)  IoU (C channel): 0.2584 (0.2179)  L1 (Db channel): 0.1786 (0.1673)  L1 (Dn channel): 0.1593 (0.1587)  lr: 0.000188  iter-time: 0.4408
[19:35:51.661061] Epoch: [24] Total time: 0:03:50 (0.5027 s / it)
[19:35:51.661129] [Train] averaged stats: loss: 0.2043 (0.2351)  IoU (F channel): 0.0949 (0.1382)  IoU (C channel): 0.2584 (0.2179)  L1 (Db channel): 0.1786 (0.1673)  L1 (Dn channel): 0.1593 (0.1587)  lr: 0.000188
[19:35:55.442778] Epoch: [24]  [ 0/52]  eta: 0:03:16  loss: 0.0003 (0.0003)  IoU (F channel): 0.0000 (0.0000)  IoU (C channel): 0.0000 (0.0000)  L1 (Db channel): 0.1424 (0.1424)  L1 (Dn channel): 0.1463 (0.1463)  iter-time: 3.7804
[19:35:57.143552] Epoch: [24]  [10/52]  eta: 0:00:20  loss: 0.1220 (0.1365)  IoU (F channel): 0.0000 (0.0000)  IoU (C channel): 0.0000 (0.0003)  L1 (Db channel): 0.1681 (0.1763)  L1 (Dn channel): 0.1367 (0.1352)  iter-time: 0.4983
[19:35:58.809851] Epoch: [24]  [20/52]  eta: 0:00:10  loss: 0.2821 (0.2328)  IoU (F channel): 0.0000 (0.0030)  IoU (C channel): 0.0001 (0.0004)  L1 (Db channel): 0.2318 (0.2085)  L1 (Dn channel): 0.1234 (0.1277)  iter-time: 0.1683
[19:36:00.469023] Epoch: [24]  [30/52]  eta: 0:00:06  loss: 0.2821 (0.1946)  IoU (F channel): 0.0000 (0.0095)  IoU (C channel): 0.0001 (0.0052)  L1 (Db channel): 0.2118 (0.1907)  L1 (Dn channel): 0.1253 (0.1311)  iter-time: 0.1662
[19:36:02.053723] Epoch: [24]  [40/52]  eta: 0:00:03  loss: 0.2033 (0.2420)  IoU (F channel): 0.0008 (0.0141)  IoU (C channel): 0.0970 (0.0594)  L1 (Db channel): 0.1981 (0.2005)  L1 (Dn channel): 0.1431 (0.1346)  iter-time: 0.1622
[19:36:03.644234] Epoch: [24]  [50/52]  eta: 0:00:00  loss: 0.3373 (0.2494)  IoU (F channel): 0.0008 (0.0118)  IoU (C channel): 0.1024 (0.0563)  L1 (Db channel): 0.2211 (0.1952)  L1 (Dn channel): 0.1410 (0.1347)  iter-time: 0.1587
[19:36:03.735558] Epoch: [24]  [51/52]  eta: 0:00:00  loss: 0.2849 (0.2446)  IoU (F channel): 0.0008 (0.0115)  IoU (C channel): 0.0970 (0.0552)  L1 (Db channel): 0.2211 (0.1937)  L1 (Dn channel): 0.1398 (0.1348)  iter-time: 0.1555
[19:36:04.470618] Epoch: [24] Total time: 0:00:12 (0.2463 s / it)
[19:36:04.470642] [Val] averaged stats: loss: 0.2849 (0.2446)  IoU (F channel): 0.0008 (0.0115)  IoU (C channel): 0.0970 (0.0552)  L1 (Db channel): 0.2211 (0.1937)  L1 (Dn channel): 0.1398 (0.1348)
[19:36:04.471113] [Val] best loss: 0.2317 best  IoU (F channel): 0.0026 IoU (C channel): 0.0000 L1 (Db channel): 0.2941 L1 (Dn channel): 0.2281 
EarlyStopping counter: 5 out of 10
[19:36:04.480706] [Time] 4.1m 1.6h/2.1h

[19:36:04.480719] ~~~ Epoch 25/30 ~~~

[19:36:10.871005] Epoch: [25]  [  0/458]  eta: 0:48:44  loss: 0.1232 (0.1232)  IoU (F channel): 0.1775 (0.1775)  IoU (C channel): 0.1514 (0.1514)  L1 (Db channel): 0.1820 (0.1820)  L1 (Dn channel): 0.1626 (0.1626)  lr: 0.000188  iter-time: 6.3857
[19:36:15.925903] Epoch: [25]  [ 10/458]  eta: 0:07:45  loss: 0.2330 (0.2235)  IoU (F channel): 0.0825 (0.1069)  IoU (C channel): 0.1809 (0.1962)  L1 (Db channel): 0.1723 (0.1773)  L1 (Dn channel): 0.1591 (0.1594)  lr: 0.000187  iter-time: 1.0400
[19:36:20.881636] Epoch: [25]  [ 20/458]  eta: 0:05:41  loss: 0.2330 (0.2392)  IoU (F channel): 0.1043 (0.1689)  IoU (C channel): 0.2663 (0.2312)  L1 (Db channel): 0.1626 (0.1649)  L1 (Dn channel): 0.1578 (0.1589)  lr: 0.000185  iter-time: 0.4999
[19:36:25.597689] Epoch: [25]  [ 30/458]  eta: 0:04:51  loss: 0.1636 (0.2137)  IoU (F channel): 0.1503 (0.1688)  IoU (C channel): 0.2754 (0.2227)  L1 (Db channel): 0.1522 (0.1604)  L1 (Dn channel): 0.1572 (0.1579)  lr: 0.000184  iter-time: 0.4830
[19:36:30.072904] Epoch: [25]  [ 40/458]  eta: 0:04:20  loss: 0.1770 (0.2141)  IoU (F channel): 0.0681 (0.1498)  IoU (C channel): 0.1971 (0.2212)  L1 (Db channel): 0.1436 (0.1554)  L1 (Dn channel): 0.1553 (0.1576)  lr: 0.000183  iter-time: 0.4595
[19:36:34.813960] Epoch: [25]  [ 50/458]  eta: 0:04:02  loss: 0.2040 (0.2153)  IoU (F channel): 0.0681 (0.1548)  IoU (C channel): 0.2231 (0.2284)  L1 (Db channel): 0.1358 (0.1507)  L1 (Dn channel): 0.1572 (0.1578)  lr: 0.000182  iter-time: 0.4607
[19:36:39.815652] Epoch: [25]  [ 60/458]  eta: 0:03:50  loss: 0.1650 (0.2073)  IoU (F channel): 0.0547 (0.1528)  IoU (C channel): 0.2231 (0.2305)  L1 (Db channel): 0.1266 (0.1462)  L1 (Dn channel): 0.1596 (0.1585)  lr: 0.000180  iter-time: 0.4871
[19:36:44.937794] Epoch: [25]  [ 70/458]  eta: 0:03:40  loss: 0.1746 (0.2111)  IoU (F channel): 0.1012 (0.1548)  IoU (C channel): 0.2272 (0.2332)  L1 (Db channel): 0.1244 (0.1436)  L1 (Dn channel): 0.1608 (0.1593)  lr: 0.000179  iter-time: 0.5061
[19:36:49.520787] Epoch: [25]  [ 80/458]  eta: 0:03:30  loss: 0.1908 (0.2086)  IoU (F channel): 0.1012 (0.1506)  IoU (C channel): 0.2436 (0.2356)  L1 (Db channel): 0.1282 (0.1422)  L1 (Dn channel): 0.1616 (0.1597)  lr: 0.000178  iter-time: 0.4852
[19:36:54.344846] Epoch: [25]  [ 90/458]  eta: 0:03:21  loss: 0.2009 (0.2185)  IoU (F channel): 0.1224 (0.1526)  IoU (C channel): 0.2422 (0.2429)  L1 (Db channel): 0.1317 (0.1414)  L1 (Dn channel): 0.1630 (0.1601)  lr: 0.000177  iter-time: 0.4703
[19:36:59.135938] Epoch: [25]  [100/458]  eta: 0:03:13  loss: 0.2453 (0.2204)  IoU (F channel): 0.0960 (0.1459)  IoU (C channel): 0.2303 (0.2443)  L1 (Db channel): 0.1366 (0.1412)  L1 (Dn channel): 0.1641 (0.1604)  lr: 0.000175  iter-time: 0.4807
[19:37:04.192955] Epoch: [25]  [110/458]  eta: 0:03:07  loss: 0.1941 (0.2224)  IoU (F channel): 0.1093 (0.1505)  IoU (C channel): 0.2672 (0.2489)  L1 (Db channel): 0.1360 (0.1407)  L1 (Dn channel): 0.1641 (0.1607)  lr: 0.000174  iter-time: 0.4923
[19:37:08.829000] Epoch: [25]  [120/458]  eta: 0:02:59  loss: 0.2147 (0.2289)  IoU (F channel): 0.1727 (0.1501)  IoU (C channel): 0.2770 (0.2508)  L1 (Db channel): 0.1366 (0.1407)  L1 (Dn channel): 0.1651 (0.1611)  lr: 0.000173  iter-time: 0.4846
[19:37:13.754955] Epoch: [25]  [130/458]  eta: 0:02:53  loss: 0.2342 (0.2313)  IoU (F channel): 0.1576 (0.1513)  IoU (C channel): 0.2662 (0.2545)  L1 (Db channel): 0.1462 (0.1413)  L1 (Dn channel): 0.1664 (0.1615)  lr: 0.000172  iter-time: 0.4780
[19:37:18.440619] Epoch: [25]  [140/458]  eta: 0:02:46  loss: 0.2105 (0.2306)  IoU (F channel): 0.0959 (0.1486)  IoU (C channel): 0.2726 (0.2554)  L1 (Db channel): 0.1466 (0.1415)  L1 (Dn channel): 0.1674 (0.1620)  lr: 0.000170  iter-time: 0.4805
[19:37:23.190680] Epoch: [25]  [150/458]  eta: 0:02:40  loss: 0.1873 (0.2332)  IoU (F channel): 0.0514 (0.1455)  IoU (C channel): 0.2297 (0.2524)  L1 (Db channel): 0.1430 (0.1419)  L1 (Dn channel): 0.1674 (0.1623)  lr: 0.000169  iter-time: 0.4717
[19:37:27.852819] Epoch: [25]  [160/458]  eta: 0:02:34  loss: 0.1896 (0.2310)  IoU (F channel): 0.0390 (0.1410)  IoU (C channel): 0.1785 (0.2470)  L1 (Db channel): 0.1487 (0.1423)  L1 (Dn channel): 0.1657 (0.1625)  lr: 0.000168  iter-time: 0.4705
[19:37:32.442204] Epoch: [25]  [170/458]  eta: 0:02:28  loss: 0.1964 (0.2302)  IoU (F channel): 0.0258 (0.1356)  IoU (C channel): 0.1493 (0.2419)  L1 (Db channel): 0.1485 (0.1425)  L1 (Dn channel): 0.1623 (0.1624)  lr: 0.000167  iter-time: 0.4625
[19:37:37.381034] Epoch: [25]  [180/458]  eta: 0:02:22  loss: 0.1799 (0.2286)  IoU (F channel): 0.0822 (0.1365)  IoU (C channel): 0.1560 (0.2380)  L1 (Db channel): 0.1400 (0.1421)  L1 (Dn channel): 0.1618 (0.1625)  lr: 0.000166  iter-time: 0.4764
[19:37:43.588599] Epoch: [25]  [190/458]  eta: 0:02:19  loss: 0.2001 (0.2296)  IoU (F channel): 0.1360 (0.1399)  IoU (C channel): 0.1961 (0.2402)  L1 (Db channel): 0.1336 (0.1416)  L1 (Dn channel): 0.1626 (0.1625)  lr: 0.000164  iter-time: 0.5572
[19:37:48.012277] Epoch: [25]  [200/458]  eta: 0:02:12  loss: 0.1900 (0.2276)  IoU (F channel): 0.1211 (0.1419)  IoU (C channel): 0.2719 (0.2412)  L1 (Db channel): 0.1306 (0.1411)  L1 (Dn channel): 0.1607 (0.1624)  lr: 0.000163  iter-time: 0.5315
[19:37:52.993407] Epoch: [25]  [210/458]  eta: 0:02:07  loss: 0.1937 (0.2310)  IoU (F channel): 0.1055 (0.1429)  IoU (C channel): 0.2536 (0.2419)  L1 (Db channel): 0.1306 (0.1405)  L1 (Dn channel): 0.1597 (0.1623)  lr: 0.000162  iter-time: 0.4696
[19:37:57.668713] Epoch: [25]  [220/458]  eta: 0:02:01  loss: 0.1994 (0.2306)  IoU (F channel): 0.1275 (0.1461)  IoU (C channel): 0.2321 (0.2419)  L1 (Db channel): 0.1275 (0.1398)  L1 (Dn channel): 0.1592 (0.1623)  lr: 0.000161  iter-time: 0.4822
[19:38:02.345869] Epoch: [25]  [230/458]  eta: 0:01:56  loss: 0.1994 (0.2314)  IoU (F channel): 0.1426 (0.1460)  IoU (C channel): 0.2325 (0.2420)  L1 (Db channel): 0.1249 (0.1392)  L1 (Dn channel): 0.1609 (0.1623)  lr: 0.000160  iter-time: 0.4675
[19:38:06.991826] Epoch: [25]  [240/458]  eta: 0:01:50  loss: 0.2247 (0.2323)  IoU (F channel): 0.1856 (0.1495)  IoU (C channel): 0.2473 (0.2433)  L1 (Db channel): 0.1280 (0.1388)  L1 (Dn channel): 0.1632 (0.1624)  lr: 0.000158  iter-time: 0.4661
[19:38:12.457427] Epoch: [25]  [250/458]  eta: 0:01:46  loss: 0.2247 (0.2346)  IoU (F channel): 0.1057 (0.1479)  IoU (C channel): 0.2673 (0.2438)  L1 (Db channel): 0.1299 (0.1386)  L1 (Dn channel): 0.1635 (0.1624)  lr: 0.000157  iter-time: 0.5049
[19:38:17.069469] Epoch: [25]  [260/458]  eta: 0:01:40  loss: 0.2164 (0.2339)  IoU (F channel): 0.0871 (0.1449)  IoU (C channel): 0.2132 (0.2422)  L1 (Db channel): 0.1347 (0.1386)  L1 (Dn channel): 0.1619 (0.1623)  lr: 0.000156  iter-time: 0.5032
[19:38:21.632068] Epoch: [25]  [270/458]  eta: 0:01:35  loss: 0.1832 (0.2338)  IoU (F channel): 0.0421 (0.1422)  IoU (C channel): 0.2110 (0.2413)  L1 (Db channel): 0.1384 (0.1385)  L1 (Dn channel): 0.1558 (0.1620)  lr: 0.000155  iter-time: 0.4587
[19:38:26.961922] Epoch: [25]  [280/458]  eta: 0:01:30  loss: 0.1864 (0.2354)  IoU (F channel): 0.0518 (0.1437)  IoU (C channel): 0.2359 (0.2424)  L1 (Db channel): 0.1326 (0.1382)  L1 (Dn channel): 0.1546 (0.1619)  lr: 0.000154  iter-time: 0.4945
[19:38:31.473338] Epoch: [25]  [290/458]  eta: 0:01:24  loss: 0.1855 (0.2359)  IoU (F channel): 0.1041 (0.1450)  IoU (C channel): 0.2446 (0.2432)  L1 (Db channel): 0.1324 (0.1381)  L1 (Dn channel): 0.1561 (0.1618)  lr: 0.000152  iter-time: 0.4919
[19:38:36.640542] Epoch: [25]  [300/458]  eta: 0:01:19  loss: 0.1722 (0.2341)  IoU (F channel): 0.2023 (0.1468)  IoU (C channel): 0.2318 (0.2440)  L1 (Db channel): 0.1335 (0.1380)  L1 (Dn channel): 0.1558 (0.1616)  lr: 0.000151  iter-time: 0.4832
[19:38:41.374873] Epoch: [25]  [310/458]  eta: 0:01:14  loss: 0.2373 (0.2371)  IoU (F channel): 0.1171 (0.1466)  IoU (C channel): 0.3187 (0.2470)  L1 (Db channel): 0.1358 (0.1379)  L1 (Dn channel): 0.1564 (0.1615)  lr: 0.000150  iter-time: 0.4944
[19:38:46.067023] Epoch: [25]  [320/458]  eta: 0:01:09  loss: 0.2469 (0.2365)  IoU (F channel): 0.0935 (0.1472)  IoU (C channel): 0.3810 (0.2500)  L1 (Db channel): 0.1332 (0.1379)  L1 (Dn channel): 0.1572 (0.1613)  lr: 0.000149  iter-time: 0.4712
[19:38:50.711313] Epoch: [25]  [330/458]  eta: 0:01:04  loss: 0.1737 (0.2369)  IoU (F channel): 0.0592 (0.1478)  IoU (C channel): 0.2851 (0.2502)  L1 (Db channel): 0.1359 (0.1379)  L1 (Dn channel): 0.1571 (0.1612)  lr: 0.000148  iter-time: 0.4667
[19:38:55.353416] Epoch: [25]  [340/458]  eta: 0:00:59  loss: 0.1871 (0.2363)  IoU (F channel): 0.1320 (0.1488)  IoU (C channel): 0.2707 (0.2514)  L1 (Db channel): 0.1380 (0.1380)  L1 (Dn channel): 0.1572 (0.1611)  lr: 0.000147  iter-time: 0.4642
[19:38:59.933346] Epoch: [25]  [350/458]  eta: 0:00:53  loss: 0.1871 (0.2355)  IoU (F channel): 0.1320 (0.1475)  IoU (C channel): 0.2618 (0.2516)  L1 (Db channel): 0.1408 (0.1380)  L1 (Dn channel): 0.1594 (0.1611)  lr: 0.000145  iter-time: 0.4610
[19:39:04.653733] Epoch: [25]  [360/458]  eta: 0:00:48  loss: 0.1959 (0.2359)  IoU (F channel): 0.0876 (0.1463)  IoU (C channel): 0.2618 (0.2517)  L1 (Db channel): 0.1406 (0.1381)  L1 (Dn channel): 0.1594 (0.1611)  lr: 0.000144  iter-time: 0.4649
[19:39:09.372021] Epoch: [25]  [370/458]  eta: 0:00:43  loss: 0.2142 (0.2360)  IoU (F channel): 0.0827 (0.1457)  IoU (C channel): 0.2207 (0.2523)  L1 (Db channel): 0.1422 (0.1383)  L1 (Dn channel): 0.1592 (0.1611)  lr: 0.000143  iter-time: 0.4719
[19:39:14.263889] Epoch: [25]  [380/458]  eta: 0:00:38  loss: 0.2330 (0.2369)  IoU (F channel): 0.0899 (0.1480)  IoU (C channel): 0.2481 (0.2527)  L1 (Db channel): 0.1437 (0.1386)  L1 (Dn channel): 0.1592 (0.1611)  lr: 0.000142  iter-time: 0.4804
[19:39:18.728790] Epoch: [25]  [390/458]  eta: 0:00:33  loss: 0.2330 (0.2374)  IoU (F channel): 0.1167 (0.1475)  IoU (C channel): 0.2335 (0.2513)  L1 (Db channel): 0.1499 (0.1388)  L1 (Dn channel): 0.1607 (0.1612)  lr: 0.000141  iter-time: 0.4678
[19:39:23.630711] Epoch: [25]  [400/458]  eta: 0:00:28  loss: 0.1854 (0.2367)  IoU (F channel): 0.1167 (0.1486)  IoU (C channel): 0.2027 (0.2512)  L1 (Db channel): 0.1481 (0.1391)  L1 (Dn channel): 0.1607 (0.1612)  lr: 0.000140  iter-time: 0.4683
[19:39:28.582401] Epoch: [25]  [410/458]  eta: 0:00:23  loss: 0.1991 (0.2364)  IoU (F channel): 0.0543 (0.1468)  IoU (C channel): 0.1846 (0.2505)  L1 (Db channel): 0.1481 (0.1394)  L1 (Dn channel): 0.1573 (0.1611)  lr: 0.000139  iter-time: 0.4926
[19:39:33.527780] Epoch: [25]  [420/458]  eta: 0:00:18  loss: 0.2297 (0.2375)  IoU (F channel): 0.0980 (0.1477)  IoU (C channel): 0.2400 (0.2512)  L1 (Db channel): 0.1541 (0.1397)  L1 (Dn channel): 0.1573 (0.1610)  lr: 0.000138  iter-time: 0.4948
[19:39:38.004913] Epoch: [25]  [430/458]  eta: 0:00:13  loss: 0.1859 (0.2373)  IoU (F channel): 0.1237 (0.1471)  IoU (C channel): 0.2420 (0.2516)  L1 (Db channel): 0.1545 (0.1400)  L1 (Dn channel): 0.1572 (0.1608)  lr: 0.000136  iter-time: 0.4711
[19:39:43.982981] Epoch: [25]  [440/458]  eta: 0:00:08  loss: 0.1819 (0.2369)  IoU (F channel): 0.0812 (0.1477)  IoU (C channel): 0.3185 (0.2539)  L1 (Db channel): 0.1457 (0.1401)  L1 (Dn channel): 0.1554 (0.1607)  lr: 0.000135  iter-time: 0.5227
[19:39:48.706019] Epoch: [25]  [450/458]  eta: 0:00:03  loss: 0.1660 (0.2360)  IoU (F channel): 0.1841 (0.1486)  IoU (C channel): 0.3754 (0.2559)  L1 (Db channel): 0.1453 (0.1402)  L1 (Dn channel): 0.1547 (0.1606)  lr: 0.000134  iter-time: 0.5350
[19:39:51.553649] Epoch: [25]  [457/458]  eta: 0:00:00  loss: 0.1984 (0.2364)  IoU (F channel): 0.1323 (0.1484)  IoU (C channel): 0.3376 (0.2560)  L1 (Db channel): 0.1441 (0.1402)  L1 (Dn channel): 0.1544 (0.1605)  lr: 0.000133  iter-time: 0.4956
[19:39:52.311886] Epoch: [25] Total time: 0:03:47 (0.4974 s / it)
[19:39:52.311949] [Train] averaged stats: loss: 0.1984 (0.2364)  IoU (F channel): 0.1323 (0.1484)  IoU (C channel): 0.3376 (0.2560)  L1 (Db channel): 0.1441 (0.1402)  L1 (Dn channel): 0.1544 (0.1605)  lr: 0.000133
[19:39:55.833546] Epoch: [25]  [ 0/52]  eta: 0:03:03  loss: 0.0002 (0.0002)  IoU (F channel): 0.0000 (0.0000)  IoU (C channel): 0.0000 (0.0000)  L1 (Db channel): 0.1245 (0.1245)  L1 (Dn channel): 0.1443 (0.1443)  iter-time: 3.5204
[19:39:57.807642] Epoch: [25]  [10/52]  eta: 0:00:20  loss: 0.1944 (0.1411)  IoU (F channel): 0.0000 (0.0000)  IoU (C channel): 0.0000 (0.0010)  L1 (Db channel): 0.1604 (0.1682)  L1 (Dn channel): 0.1414 (0.1400)  iter-time: 0.4995
[19:39:59.436875] Epoch: [25]  [20/52]  eta: 0:00:10  loss: 0.2630 (0.2228)  IoU (F channel): 0.0000 (0.0013)  IoU (C channel): 0.0016 (0.0021)  L1 (Db channel): 0.2375 (0.2099)  L1 (Dn channel): 0.1360 (0.1374)  iter-time: 0.1801
[19:40:01.052046] Epoch: [25]  [30/52]  eta: 0:00:06  loss: 0.2968 (0.1945)  IoU (F channel): 0.0000 (0.0063)  IoU (C channel): 0.0022 (0.0148)  L1 (Db channel): 0.2198 (0.1858)  L1 (Dn channel): 0.1343 (0.1371)  iter-time: 0.1622
[19:40:02.678883] Epoch: [25]  [40/52]  eta: 0:00:03  loss: 0.2394 (0.2413)  IoU (F channel): 0.0000 (0.0075)  IoU (C channel): 0.1674 (0.0957)  L1 (Db channel): 0.1684 (0.1871)  L1 (Dn channel): 0.1261 (0.1337)  iter-time: 0.1621
[19:40:04.237140] Epoch: [25]  [50/52]  eta: 0:00:00  loss: 0.3183 (0.2483)  IoU (F channel): 0.0007 (0.0062)  IoU (C channel): 0.1711 (0.0903)  L1 (Db channel): 0.1899 (0.1788)  L1 (Dn channel): 0.1226 (0.1318)  iter-time: 0.1592
[19:40:04.328640] Epoch: [25]  [51/52]  eta: 0:00:00  loss: 0.2709 (0.2436)  IoU (F channel): 0.0007 (0.0061)  IoU (C channel): 0.1674 (0.0885)  L1 (Db channel): 0.1899 (0.1770)  L1 (Dn channel): 0.1226 (0.1318)  iter-time: 0.1549
[19:40:05.085407] Epoch: [25] Total time: 0:00:12 (0.2456 s / it)
[19:40:05.085431] [Val] averaged stats: loss: 0.2709 (0.2436)  IoU (F channel): 0.0007 (0.0061)  IoU (C channel): 0.1674 (0.0885)  L1 (Db channel): 0.1899 (0.1770)  L1 (Dn channel): 0.1226 (0.1318)
[19:40:05.085870] [Val] best loss: 0.2317 best  IoU (F channel): 0.0026 IoU (C channel): 0.0000 L1 (Db channel): 0.2941 L1 (Dn channel): 0.2281 
[19:40:05.095973] Creating training plots . . .
EarlyStopping counter: 6 out of 10
[19:40:10.634329] [Time] 4.1m 1.7h/2.1h

[19:40:10.634352] ~~~ Epoch 26/30 ~~~

[19:40:15.695310] Epoch: [26]  [  0/458]  eta: 0:38:34  loss: 0.2741 (0.2741)  IoU (F channel): 0.1724 (0.1724)  IoU (C channel): 0.3871 (0.3871)  L1 (Db channel): 0.1516 (0.1516)  L1 (Dn channel): 0.1559 (0.1559)  lr: 0.000133  iter-time: 5.0532
[19:40:21.053705] Epoch: [26]  [ 10/458]  eta: 0:07:03  loss: 0.2219 (0.2992)  IoU (F channel): 0.0847 (0.1065)  IoU (C channel): 0.3672 (0.3148)  L1 (Db channel): 0.1436 (0.1459)  L1 (Dn channel): 0.1559 (0.1546)  lr: 0.000132  iter-time: 0.9464
[19:40:26.215858] Epoch: [26]  [ 20/458]  eta: 0:05:24  loss: 0.1936 (0.2603)  IoU (F channel): 0.0847 (0.1273)  IoU (C channel): 0.2568 (0.2710)  L1 (Db channel): 0.1458 (0.1488)  L1 (Dn channel): 0.1545 (0.1550)  lr: 0.000131  iter-time: 0.5259
[19:40:30.980226] Epoch: [26]  [ 30/458]  eta: 0:04:40  loss: 0.1883 (0.2604)  IoU (F channel): 0.0966 (0.1384)  IoU (C channel): 0.2501 (0.2686)  L1 (Db channel): 0.1476 (0.1476)  L1 (Dn channel): 0.1574 (0.1562)  lr: 0.000130  iter-time: 0.4962
[19:40:36.263085] Epoch: [26]  [ 40/458]  eta: 0:04:21  loss: 0.1981 (0.2554)  IoU (F channel): 0.1333 (0.1478)  IoU (C channel): 0.2610 (0.2713)  L1 (Db channel): 0.1377 (0.1453)  L1 (Dn channel): 0.1582 (0.1573)  lr: 0.000129  iter-time: 0.5023
[19:40:41.115211] Epoch: [26]  [ 50/458]  eta: 0:04:03  loss: 0.2120 (0.2621)  IoU (F channel): 0.1473 (0.1471)  IoU (C channel): 0.2217 (0.2613)  L1 (Db channel): 0.1362 (0.1439)  L1 (Dn channel): 0.1599 (0.1580)  lr: 0.000128  iter-time: 0.5067
[19:40:45.666196] Epoch: [26]  [ 60/458]  eta: 0:03:48  loss: 0.2480 (0.2581)  IoU (F channel): 0.0855 (0.1394)  IoU (C channel): 0.2213 (0.2569)  L1 (Db channel): 0.1417 (0.1440)  L1 (Dn channel): 0.1584 (0.1577)  lr: 0.000127  iter-time: 0.4701
[19:40:50.317080] Epoch: [26]  [ 70/458]  eta: 0:03:36  loss: 0.2466 (0.2632)  IoU (F channel): 0.0502 (0.1334)  IoU (C channel): 0.2601 (0.2573)  L1 (Db channel): 0.1439 (0.1443)  L1 (Dn channel): 0.1558 (0.1574)  lr: 0.000126  iter-time: 0.4600
[19:40:56.290316] Epoch: [26]  [ 80/458]  eta: 0:03:32  loss: 0.2000 (0.2556)  IoU (F channel): 0.0646 (0.1319)  IoU (C channel): 0.1749 (0.2487)  L1 (Db channel): 0.1434 (0.1447)  L1 (Dn channel): 0.1546 (0.1572)  lr: 0.000125  iter-time: 0.5311
[19:41:01.339966] Epoch: [26]  [ 90/458]  eta: 0:03:24  loss: 0.1743 (0.2532)  IoU (F channel): 0.0778 (0.1346)  IoU (C channel): 0.2120 (0.2501)  L1 (Db channel): 0.1518 (0.1460)  L1 (Dn channel): 0.1547 (0.1572)  lr: 0.000123  iter-time: 0.5511
[19:41:05.867806] Epoch: [26]  [100/458]  eta: 0:03:15  loss: 0.1688 (0.2452)  IoU (F channel): 0.2070 (0.1424)  IoU (C channel): 0.3193 (0.2576)  L1 (Db channel): 0.1559 (0.1469)  L1 (Dn channel): 0.1560 (0.1573)  lr: 0.000122  iter-time: 0.4788
[19:41:10.327788] Epoch: [26]  [110/458]  eta: 0:03:07  loss: 0.1842 (0.2513)  IoU (F channel): 0.1244 (0.1406)  IoU (C channel): 0.3212 (0.2607)  L1 (Db channel): 0.1594 (0.1490)  L1 (Dn channel): 0.1565 (0.1572)  lr: 0.000121  iter-time: 0.4493
[19:41:15.613699] Epoch: [26]  [120/458]  eta: 0:03:01  loss: 0.2212 (0.2525)  IoU (F channel): 0.1244 (0.1528)  IoU (C channel): 0.2778 (0.2650)  L1 (Db channel): 0.1695 (0.1505)  L1 (Dn channel): 0.1563 (0.1573)  lr: 0.000120  iter-time: 0.4872
[19:41:20.282640] Epoch: [26]  [130/458]  eta: 0:02:54  loss: 0.2212 (0.2538)  IoU (F channel): 0.0955 (0.1511)  IoU (C channel): 0.3253 (0.2713)  L1 (Db channel): 0.1654 (0.1518)  L1 (Dn channel): 0.1563 (0.1572)  lr: 0.000119  iter-time: 0.4977
[19:41:25.439685] Epoch: [26]  [140/458]  eta: 0:02:48  loss: 0.2050 (0.2507)  IoU (F channel): 0.0734 (0.1542)  IoU (C channel): 0.3245 (0.2728)  L1 (Db channel): 0.1704 (0.1532)  L1 (Dn channel): 0.1571 (0.1574)  lr: 0.000118  iter-time: 0.4912
[19:41:30.033301] Epoch: [26]  [150/458]  eta: 0:02:41  loss: 0.2269 (0.2513)  IoU (F channel): 0.1087 (0.1548)  IoU (C channel): 0.2650 (0.2756)  L1 (Db channel): 0.1738 (0.1550)  L1 (Dn channel): 0.1590 (0.1576)  lr: 0.000117  iter-time: 0.4875
[19:41:35.423258] Epoch: [26]  [160/458]  eta: 0:02:36  loss: 0.2080 (0.2477)  IoU (F channel): 0.1087 (0.1547)  IoU (C channel): 0.2650 (0.2753)  L1 (Db channel): 0.1818 (0.1568)  L1 (Dn channel): 0.1590 (0.1577)  lr: 0.000116  iter-time: 0.4991
[19:41:40.146951] Epoch: [26]  [170/458]  eta: 0:02:30  loss: 0.1677 (0.2488)  IoU (F channel): 0.1040 (0.1541)  IoU (C channel): 0.2436 (0.2734)  L1 (Db channel): 0.1823 (0.1583)  L1 (Dn channel): 0.1595 (0.1578)  lr: 0.000115  iter-time: 0.5056
[19:41:44.692069] Epoch: [26]  [180/458]  eta: 0:02:24  loss: 0.2222 (0.2490)  IoU (F channel): 0.1198 (0.1540)  IoU (C channel): 0.2451 (0.2731)  L1 (Db channel): 0.1796 (0.1595)  L1 (Dn channel): 0.1612 (0.1581)  lr: 0.000114  iter-time: 0.4634
[19:41:49.223043] Epoch: [26]  [190/458]  eta: 0:02:18  loss: 0.1933 (0.2489)  IoU (F channel): 0.1238 (0.1509)  IoU (C channel): 0.2526 (0.2722)  L1 (Db channel): 0.1804 (0.1605)  L1 (Dn channel): 0.1626 (0.1583)  lr: 0.000113  iter-time: 0.4537
[19:41:54.235956] Epoch: [26]  [200/458]  eta: 0:02:12  loss: 0.1745 (0.2458)  IoU (F channel): 0.0281 (0.1488)  IoU (C channel): 0.2520 (0.2677)  L1 (Db channel): 0.1840 (0.1618)  L1 (Dn channel): 0.1611 (0.1584)  lr: 0.000112  iter-time: 0.4771
[19:41:58.745050] Epoch: [26]  [210/458]  eta: 0:02:07  loss: 0.1745 (0.2423)  IoU (F channel): 0.1031 (0.1529)  IoU (C channel): 0.1871 (0.2688)  L1 (Db channel): 0.1852 (0.1629)  L1 (Dn channel): 0.1609 (0.1587)  lr: 0.000111  iter-time: 0.4760
[19:42:03.384042] Epoch: [26]  [220/458]  eta: 0:02:01  loss: 0.1778 (0.2408)  IoU (F channel): 0.1939 (0.1570)  IoU (C channel): 0.2782 (0.2702)  L1 (Db channel): 0.1852 (0.1639)  L1 (Dn channel): 0.1607 (0.1587)  lr: 0.000110  iter-time: 0.4573
[19:42:08.108197] Epoch: [26]  [230/458]  eta: 0:01:55  loss: 0.1792 (0.2420)  IoU (F channel): 0.2262 (0.1613)  IoU (C channel): 0.3030 (0.2716)  L1 (Db channel): 0.1832 (0.1647)  L1 (Dn channel): 0.1592 (0.1587)  lr: 0.000109  iter-time: 0.4681
[19:42:13.105842] Epoch: [26]  [240/458]  eta: 0:01:50  loss: 0.1873 (0.2412)  IoU (F channel): 0.2170 (0.1647)  IoU (C channel): 0.3094 (0.2758)  L1 (Db channel): 0.1824 (0.1653)  L1 (Dn channel): 0.1585 (0.1587)  lr: 0.000108  iter-time: 0.4860
[19:42:18.438492] Epoch: [26]  [250/458]  eta: 0:01:45  loss: 0.1670 (0.2406)  IoU (F channel): 0.3361 (0.1736)  IoU (C channel): 0.3528 (0.2782)  L1 (Db channel): 0.1797 (0.1656)  L1 (Dn channel): 0.1557 (0.1586)  lr: 0.000107  iter-time: 0.5164
[19:42:23.055904] Epoch: [26]  [260/458]  eta: 0:01:40  loss: 0.1619 (0.2401)  IoU (F channel): 0.2874 (0.1761)  IoU (C channel): 0.3254 (0.2796)  L1 (Db channel): 0.1734 (0.1661)  L1 (Dn channel): 0.1544 (0.1584)  lr: 0.000106  iter-time: 0.4974
[19:42:27.709510] Epoch: [26]  [270/458]  eta: 0:01:35  loss: 0.1538 (0.2387)  IoU (F channel): 0.2056 (0.1800)  IoU (C channel): 0.3294 (0.2830)  L1 (Db channel): 0.1709 (0.1660)  L1 (Dn channel): 0.1546 (0.1583)  lr: 0.000105  iter-time: 0.4635
[19:42:32.694697] Epoch: [26]  [280/458]  eta: 0:01:29  loss: 0.2054 (0.2397)  IoU (F channel): 0.1488 (0.1793)  IoU (C channel): 0.3199 (0.2825)  L1 (Db channel): 0.1675 (0.1662)  L1 (Dn channel): 0.1551 (0.1582)  lr: 0.000104  iter-time: 0.4819
[19:42:37.351047] Epoch: [26]  [290/458]  eta: 0:01:24  loss: 0.2476 (0.2399)  IoU (F channel): 0.1670 (0.1792)  IoU (C channel): 0.2897 (0.2807)  L1 (Db channel): 0.1699 (0.1663)  L1 (Dn channel): 0.1553 (0.1581)  lr: 0.000103  iter-time: 0.4820
[19:42:42.023065] Epoch: [26]  [300/458]  eta: 0:01:19  loss: 0.2401 (0.2400)  IoU (F channel): 0.1103 (0.1782)  IoU (C channel): 0.2013 (0.2804)  L1 (Db channel): 0.1681 (0.1663)  L1 (Dn channel): 0.1580 (0.1581)  lr: 0.000102  iter-time: 0.4663
[19:42:47.059700] Epoch: [26]  [310/458]  eta: 0:01:14  loss: 0.1929 (0.2394)  IoU (F channel): 0.1103 (0.1795)  IoU (C channel): 0.2958 (0.2812)  L1 (Db channel): 0.1632 (0.1663)  L1 (Dn channel): 0.1580 (0.1581)  lr: 0.000101  iter-time: 0.4854
[19:42:51.874292] Epoch: [26]  [320/458]  eta: 0:01:09  loss: 0.1945 (0.2407)  IoU (F channel): 0.1442 (0.1836)  IoU (C channel): 0.2958 (0.2818)  L1 (Db channel): 0.1632 (0.1662)  L1 (Dn channel): 0.1600 (0.1583)  lr: 0.000100  iter-time: 0.4925
[19:42:56.501382] Epoch: [26]  [330/458]  eta: 0:01:04  loss: 0.2096 (0.2407)  IoU (F channel): 0.1332 (0.1848)  IoU (C channel): 0.2864 (0.2813)  L1 (Db channel): 0.1607 (0.1660)  L1 (Dn channel): 0.1600 (0.1583)  lr: 0.000099  iter-time: 0.4716
[19:43:01.683216] Epoch: [26]  [340/458]  eta: 0:00:59  loss: 0.2058 (0.2411)  IoU (F channel): 0.1343 (0.1854)  IoU (C channel): 0.2964 (0.2831)  L1 (Db channel): 0.1591 (0.1657)  L1 (Dn channel): 0.1585 (0.1583)  lr: 0.000098  iter-time: 0.4900
[19:43:06.213847] Epoch: [26]  [350/458]  eta: 0:00:54  loss: 0.1762 (0.2385)  IoU (F channel): 0.1750 (0.1869)  IoU (C channel): 0.3536 (0.2863)  L1 (Db channel): 0.1564 (0.1654)  L1 (Dn channel): 0.1580 (0.1583)  lr: 0.000097  iter-time: 0.4855
[19:43:10.629435] Epoch: [26]  [360/458]  eta: 0:00:48  loss: 0.1700 (0.2374)  IoU (F channel): 0.1734 (0.1873)  IoU (C channel): 0.4096 (0.2889)  L1 (Db channel): 0.1563 (0.1652)  L1 (Dn channel): 0.1566 (0.1583)  lr: 0.000096  iter-time: 0.4472
[19:43:15.917917] Epoch: [26]  [370/458]  eta: 0:00:43  loss: 0.1806 (0.2383)  IoU (F channel): 0.1734 (0.1861)  IoU (C channel): 0.3461 (0.2886)  L1 (Db channel): 0.1557 (0.1649)  L1 (Dn channel): 0.1575 (0.1582)  lr: 0.000095  iter-time: 0.4851
[19:43:20.821816] Epoch: [26]  [380/458]  eta: 0:00:38  loss: 0.1806 (0.2375)  IoU (F channel): 0.2076 (0.1875)  IoU (C channel): 0.3236 (0.2904)  L1 (Db channel): 0.1557 (0.1647)  L1 (Dn channel): 0.1562 (0.1582)  lr: 0.000094  iter-time: 0.5096
[19:43:25.613866] Epoch: [26]  [390/458]  eta: 0:00:33  loss: 0.2252 (0.2383)  IoU (F channel): 0.1597 (0.1870)  IoU (C channel): 0.3236 (0.2906)  L1 (Db channel): 0.1599 (0.1646)  L1 (Dn channel): 0.1542 (0.1582)  lr: 0.000093  iter-time: 0.4847
[19:43:30.750714] Epoch: [26]  [400/458]  eta: 0:00:28  loss: 0.2357 (0.2382)  IoU (F channel): 0.1236 (0.1860)  IoU (C channel): 0.3390 (0.2930)  L1 (Db channel): 0.1634 (0.1646)  L1 (Dn channel): 0.1573 (0.1582)  lr: 0.000092  iter-time: 0.4964
[19:43:35.695154] Epoch: [26]  [410/458]  eta: 0:00:23  loss: 0.1798 (0.2361)  IoU (F channel): 0.1522 (0.1894)  IoU (C channel): 0.3443 (0.2946)  L1 (Db channel): 0.1591 (0.1646)  L1 (Dn channel): 0.1580 (0.1582)  lr: 0.000091  iter-time: 0.5040
[19:43:40.491896] Epoch: [26]  [420/458]  eta: 0:00:18  loss: 0.1702 (0.2357)  IoU (F channel): 0.1518 (0.1886)  IoU (C channel): 0.2716 (0.2929)  L1 (Db channel): 0.1668 (0.1647)  L1 (Dn channel): 0.1559 (0.1582)  lr: 0.000090  iter-time: 0.4870
[19:43:45.845092] Epoch: [26]  [430/458]  eta: 0:00:13  loss: 0.2153 (0.2359)  IoU (F channel): 0.1218 (0.1873)  IoU (C channel): 0.2716 (0.2948)  L1 (Db channel): 0.1711 (0.1650)  L1 (Dn channel): 0.1574 (0.1582)  lr: 0.000089  iter-time: 0.5074
[19:43:50.448920] Epoch: [26]  [440/458]  eta: 0:00:08  loss: 0.2274 (0.2365)  IoU (F channel): 0.1584 (0.1884)  IoU (C channel): 0.4061 (0.2970)  L1 (Db channel): 0.1669 (0.1650)  L1 (Dn channel): 0.1571 (0.1582)  lr: 0.000088  iter-time: 0.4978
[19:43:55.435113] Epoch: [26]  [450/458]  eta: 0:00:03  loss: 0.2000 (0.2363)  IoU (F channel): 0.2031 (0.1892)  IoU (C channel): 0.3810 (0.2985)  L1 (Db channel): 0.1646 (0.1648)  L1 (Dn channel): 0.1582 (0.1582)  lr: 0.000087  iter-time: 0.4794
[19:43:58.281947] Epoch: [26]  [457/458]  eta: 0:00:00  loss: 0.2330 (0.2363)  IoU (F channel): 0.1779 (0.1878)  IoU (C channel): 0.3801 (0.2984)  L1 (Db channel): 0.1642 (0.1649)  L1 (Dn channel): 0.1582 (0.1582)  lr: 0.000087  iter-time: 0.4583
[19:43:59.029118] Epoch: [26] Total time: 0:03:48 (0.4987 s / it)
[19:43:59.029183] [Train] averaged stats: loss: 0.2330 (0.2363)  IoU (F channel): 0.1779 (0.1878)  IoU (C channel): 0.3801 (0.2984)  L1 (Db channel): 0.1642 (0.1649)  L1 (Dn channel): 0.1582 (0.1582)  lr: 0.000087
[19:44:02.813713] Epoch: [26]  [ 0/52]  eta: 0:03:16  loss: 0.0002 (0.0002)  IoU (F channel): 0.0000 (0.0000)  IoU (C channel): 0.0000 (0.0000)  L1 (Db channel): 0.1533 (0.1533)  L1 (Dn channel): 0.1921 (0.1921)  iter-time: 3.7833
[19:44:04.688239] Epoch: [26]  [10/52]  eta: 0:00:21  loss: 0.1957 (0.1521)  IoU (F channel): 0.0000 (0.0000)  IoU (C channel): 0.0000 (0.0014)  L1 (Db channel): 0.1712 (0.1822)  L1 (Dn channel): 0.1613 (0.1642)  iter-time: 0.5143
[19:44:06.324771] Epoch: [26]  [20/52]  eta: 0:00:11  loss: 0.2414 (0.2241)  IoU (F channel): 0.0000 (0.0035)  IoU (C channel): 0.0020 (0.0027)  L1 (Db channel): 0.2476 (0.2236)  L1 (Dn channel): 0.1407 (0.1519)  iter-time: 0.1755
[19:44:07.947905] Epoch: [26]  [30/52]  eta: 0:00:06  loss: 0.2889 (0.1900)  IoU (F channel): 0.0000 (0.0092)  IoU (C channel): 0.0037 (0.0133)  L1 (Db channel): 0.2333 (0.2036)  L1 (Dn channel): 0.1454 (0.1570)  iter-time: 0.1629
[19:44:09.543449] Epoch: [26]  [40/52]  eta: 0:00:03  loss: 0.2109 (0.2337)  IoU (F channel): 0.0066 (0.0171)  IoU (C channel): 0.1655 (0.0932)  L1 (Db channel): 0.2081 (0.2108)  L1 (Dn channel): 0.1519 (0.1549)  iter-time: 0.1609
[19:44:11.101441] Epoch: [26]  [50/52]  eta: 0:00:00  loss: 0.3112 (0.2422)  IoU (F channel): 0.0066 (0.0145)  IoU (C channel): 0.1730 (0.0888)  L1 (Db channel): 0.2229 (0.2039)  L1 (Dn channel): 0.1462 (0.1545)  iter-time: 0.1576
[19:44:11.193335] Epoch: [26]  [51/52]  eta: 0:00:00  loss: 0.2684 (0.2375)  IoU (F channel): 0.0046 (0.0142)  IoU (C channel): 0.1655 (0.0871)  L1 (Db channel): 0.2229 (0.2021)  L1 (Dn channel): 0.1462 (0.1550)  iter-time: 0.1544
[19:44:11.944663] Epoch: [26] Total time: 0:00:12 (0.2484 s / it)
[19:44:11.944692] [Val] averaged stats: loss: 0.2684 (0.2375)  IoU (F channel): 0.0046 (0.0142)  IoU (C channel): 0.1655 (0.0871)  L1 (Db channel): 0.2229 (0.2021)  L1 (Dn channel): 0.1462 (0.1550)
[19:44:11.945304] [Val] best loss: 0.2317 best  IoU (F channel): 0.0026 IoU (C channel): 0.0000 L1 (Db channel): 0.2941 L1 (Dn channel): 0.2281 
EarlyStopping counter: 7 out of 10
[19:44:11.955546] [Time] 4.0m 1.8h/2.1h

[19:44:11.955559] ~~~ Epoch 27/30 ~~~

[19:44:18.207835] Epoch: [27]  [  0/458]  eta: 0:47:42  loss: 0.2397 (0.2397)  IoU (F channel): 0.2232 (0.2232)  IoU (C channel): 0.2960 (0.2960)  L1 (Db channel): 0.1640 (0.1640)  L1 (Dn channel): 0.1606 (0.1606)  lr: 0.000087  iter-time: 6.2509
[19:44:23.646600] Epoch: [27]  [ 10/458]  eta: 0:07:56  loss: 0.1867 (0.1868)  IoU (F channel): 0.1624 (0.1537)  IoU (C channel): 0.2835 (0.2843)  L1 (Db channel): 0.1634 (0.1654)  L1 (Dn channel): 0.1593 (0.1595)  lr: 0.000086  iter-time: 1.0626
[19:44:28.849544] Epoch: [27]  [ 20/458]  eta: 0:05:52  loss: 0.1867 (0.2087)  IoU (F channel): 0.0997 (0.1291)  IoU (C channel): 0.2195 (0.2404)  L1 (Db channel): 0.1671 (0.1669)  L1 (Dn channel): 0.1572 (0.1578)  lr: 0.000085  iter-time: 0.5320
[19:44:33.315125] Epoch: [27]  [ 30/458]  eta: 0:04:54  loss: 0.1940 (0.2105)  IoU (F channel): 0.1303 (0.1630)  IoU (C channel): 0.2406 (0.2526)  L1 (Db channel): 0.1667 (0.1661)  L1 (Dn channel): 0.1584 (0.1599)  lr: 0.000084  iter-time: 0.4834
[19:44:38.995022] Epoch: [27]  [ 40/458]  eta: 0:04:35  loss: 0.1995 (0.2239)  IoU (F channel): 0.1675 (0.1736)  IoU (C channel): 0.3212 (0.2741)  L1 (Db channel): 0.1637 (0.1658)  L1 (Dn channel): 0.1614 (0.1606)  lr: 0.000083  iter-time: 0.5072
[19:44:44.630652] Epoch: [27]  [ 50/458]  eta: 0:04:21  loss: 0.2276 (0.2278)  IoU (F channel): 0.1383 (0.1684)  IoU (C channel): 0.3045 (0.2813)  L1 (Db channel): 0.1642 (0.1651)  L1 (Dn channel): 0.1632 (0.1619)  lr: 0.000082  iter-time: 0.5657
[19:44:49.148187] Epoch: [27]  [ 60/458]  eta: 0:04:02  loss: 0.1752 (0.2262)  IoU (F channel): 0.0998 (0.1614)  IoU (C channel): 0.2987 (0.2891)  L1 (Db channel): 0.1611 (0.1638)  L1 (Dn channel): 0.1663 (0.1627)  lr: 0.000081  iter-time: 0.5076
[19:44:54.103518] Epoch: [27]  [ 70/458]  eta: 0:03:50  loss: 0.1752 (0.2280)  IoU (F channel): 0.1331 (0.1596)  IoU (C channel): 0.3262 (0.2888)  L1 (Db channel): 0.1603 (0.1633)  L1 (Dn channel): 0.1639 (0.1629)  lr: 0.000080  iter-time: 0.4736
[19:44:59.161864] Epoch: [27]  [ 80/458]  eta: 0:03:40  loss: 0.1731 (0.2209)  IoU (F channel): 0.1529 (0.1695)  IoU (C channel): 0.3103 (0.2850)  L1 (Db channel): 0.1581 (0.1622)  L1 (Dn channel): 0.1621 (0.1627)  lr: 0.000079  iter-time: 0.5006
[19:45:03.817932] Epoch: [27]  [ 90/458]  eta: 0:03:29  loss: 0.1731 (0.2253)  IoU (F channel): 0.1935 (0.1732)  IoU (C channel): 0.3121 (0.2964)  L1 (Db channel): 0.1553 (0.1615)  L1 (Dn channel): 0.1621 (0.1627)  lr: 0.000079  iter-time: 0.4856
[19:45:08.404930] Epoch: [27]  [100/458]  eta: 0:03:20  loss: 0.1924 (0.2271)  IoU (F channel): 0.1359 (0.1666)  IoU (C channel): 0.3009 (0.2871)  L1 (Db channel): 0.1584 (0.1611)  L1 (Dn channel): 0.1631 (0.1627)  lr: 0.000078  iter-time: 0.4621
[19:45:13.295839] Epoch: [27]  [110/458]  eta: 0:03:12  loss: 0.1894 (0.2258)  IoU (F channel): 0.1753 (0.1787)  IoU (C channel): 0.2439 (0.2928)  L1 (Db channel): 0.1550 (0.1602)  L1 (Dn channel): 0.1610 (0.1624)  lr: 0.000077  iter-time: 0.4738
[19:45:18.448407] Epoch: [27]  [120/458]  eta: 0:03:05  loss: 0.1936 (0.2253)  IoU (F channel): 0.2242 (0.1810)  IoU (C channel): 0.3236 (0.2911)  L1 (Db channel): 0.1516 (0.1600)  L1 (Dn channel): 0.1601 (0.1624)  lr: 0.000076  iter-time: 0.5021
[19:45:23.092437] Epoch: [27]  [130/458]  eta: 0:02:58  loss: 0.1936 (0.2252)  IoU (F channel): 0.1368 (0.1816)  IoU (C channel): 0.2980 (0.2923)  L1 (Db channel): 0.1588 (0.1597)  L1 (Dn channel): 0.1591 (0.1622)  lr: 0.000075  iter-time: 0.4894
[19:45:28.014956] Epoch: [27]  [140/458]  eta: 0:02:51  loss: 0.1756 (0.2232)  IoU (F channel): 0.1162 (0.1805)  IoU (C channel): 0.2739 (0.2898)  L1 (Db channel): 0.1610 (0.1599)  L1 (Dn channel): 0.1571 (0.1617)  lr: 0.000074  iter-time: 0.4779
[19:45:32.604004] Epoch: [27]  [150/458]  eta: 0:02:44  loss: 0.1943 (0.2279)  IoU (F channel): 0.1640 (0.1815)  IoU (C channel): 0.2498 (0.2878)  L1 (Db channel): 0.1567 (0.1595)  L1 (Dn channel): 0.1572 (0.1617)  lr: 0.000073  iter-time: 0.4755
[19:45:37.140814] Epoch: [27]  [160/458]  eta: 0:02:37  loss: 0.2083 (0.2263)  IoU (F channel): 0.1851 (0.1830)  IoU (C channel): 0.2839 (0.2904)  L1 (Db channel): 0.1554 (0.1593)  L1 (Dn channel): 0.1595 (0.1617)  lr: 0.000073  iter-time: 0.4562
[19:45:41.645830] Epoch: [27]  [170/458]  eta: 0:02:31  loss: 0.1892 (0.2238)  IoU (F channel): 0.1110 (0.1797)  IoU (C channel): 0.3135 (0.2899)  L1 (Db channel): 0.1537 (0.1588)  L1 (Dn channel): 0.1602 (0.1616)  lr: 0.000072  iter-time: 0.4520
[19:45:46.510195] Epoch: [27]  [180/458]  eta: 0:02:25  loss: 0.1931 (0.2277)  IoU (F channel): 0.0849 (0.1793)  IoU (C channel): 0.2624 (0.2901)  L1 (Db channel): 0.1546 (0.1588)  L1 (Dn channel): 0.1568 (0.1613)  lr: 0.000071  iter-time: 0.4684
[19:45:51.206922] Epoch: [27]  [190/458]  eta: 0:02:19  loss: 0.2329 (0.2275)  IoU (F channel): 0.1086 (0.1803)  IoU (C channel): 0.2624 (0.2897)  L1 (Db channel): 0.1559 (0.1586)  L1 (Dn channel): 0.1545 (0.1609)  lr: 0.000070  iter-time: 0.4780
[19:45:56.040856] Epoch: [27]  [200/458]  eta: 0:02:13  loss: 0.2337 (0.2275)  IoU (F channel): 0.1072 (0.1784)  IoU (C channel): 0.2812 (0.2908)  L1 (Db channel): 0.1550 (0.1585)  L1 (Dn channel): 0.1549 (0.1607)  lr: 0.000069  iter-time: 0.4765
[19:46:01.106142] Epoch: [27]  [210/458]  eta: 0:02:08  loss: 0.2640 (0.2295)  IoU (F channel): 0.0783 (0.1764)  IoU (C channel): 0.2812 (0.2908)  L1 (Db channel): 0.1540 (0.1583)  L1 (Dn channel): 0.1559 (0.1605)  lr: 0.000068  iter-time: 0.4949
[19:46:05.772753] Epoch: [27]  [220/458]  eta: 0:02:02  loss: 0.2379 (0.2330)  IoU (F channel): 0.0783 (0.1761)  IoU (C channel): 0.2809 (0.2909)  L1 (Db channel): 0.1543 (0.1583)  L1 (Dn channel): 0.1552 (0.1603)  lr: 0.000068  iter-time: 0.4865
[19:46:10.517911] Epoch: [27]  [230/458]  eta: 0:01:56  loss: 0.2072 (0.2330)  IoU (F channel): 0.0824 (0.1753)  IoU (C channel): 0.2699 (0.2897)  L1 (Db channel): 0.1547 (0.1584)  L1 (Dn channel): 0.1553 (0.1601)  lr: 0.000067  iter-time: 0.4705
[19:46:15.130256] Epoch: [27]  [240/458]  eta: 0:01:51  loss: 0.1921 (0.2325)  IoU (F channel): 0.1072 (0.1745)  IoU (C channel): 0.2676 (0.2887)  L1 (Db channel): 0.1547 (0.1583)  L1 (Dn channel): 0.1564 (0.1600)  lr: 0.000066  iter-time: 0.4678
[19:46:19.692894] Epoch: [27]  [250/458]  eta: 0:01:45  loss: 0.1946 (0.2327)  IoU (F channel): 0.1106 (0.1728)  IoU (C channel): 0.2562 (0.2884)  L1 (Db channel): 0.1547 (0.1582)  L1 (Dn channel): 0.1560 (0.1598)  lr: 0.000065  iter-time: 0.4587
[19:46:24.697841] Epoch: [27]  [260/458]  eta: 0:01:40  loss: 0.2064 (0.2322)  IoU (F channel): 0.1106 (0.1747)  IoU (C channel): 0.2687 (0.2877)  L1 (Db channel): 0.1526 (0.1580)  L1 (Dn channel): 0.1559 (0.1597)  lr: 0.000064  iter-time: 0.4783
[19:46:29.426340] Epoch: [27]  [270/458]  eta: 0:01:35  loss: 0.2013 (0.2323)  IoU (F channel): 0.0597 (0.1711)  IoU (C channel): 0.2531 (0.2851)  L1 (Db channel): 0.1560 (0.1581)  L1 (Dn channel): 0.1559 (0.1596)  lr: 0.000064  iter-time: 0.4866
[19:46:34.133444] Epoch: [27]  [280/458]  eta: 0:01:30  loss: 0.1777 (0.2312)  IoU (F channel): 0.0446 (0.1692)  IoU (C channel): 0.2505 (0.2831)  L1 (Db channel): 0.1595 (0.1581)  L1 (Dn channel): 0.1555 (0.1594)  lr: 0.000063  iter-time: 0.4717
[19:46:39.273532] Epoch: [27]  [290/458]  eta: 0:01:25  loss: 0.1854 (0.2313)  IoU (F channel): 0.0650 (0.1670)  IoU (C channel): 0.2655 (0.2823)  L1 (Db channel): 0.1580 (0.1580)  L1 (Dn channel): 0.1537 (0.1592)  lr: 0.000062  iter-time: 0.4923
[19:46:43.770018] Epoch: [27]  [300/458]  eta: 0:01:19  loss: 0.2254 (0.2326)  IoU (F channel): 0.0651 (0.1657)  IoU (C channel): 0.2397 (0.2810)  L1 (Db channel): 0.1613 (0.1582)  L1 (Dn channel): 0.1525 (0.1590)  lr: 0.000061  iter-time: 0.4817
[19:46:48.515694] Epoch: [27]  [310/458]  eta: 0:01:14  loss: 0.2457 (0.2336)  IoU (F channel): 0.2120 (0.1684)  IoU (C channel): 0.2936 (0.2827)  L1 (Db channel): 0.1613 (0.1583)  L1 (Dn channel): 0.1547 (0.1590)  lr: 0.000060  iter-time: 0.4614
[19:46:53.198290] Epoch: [27]  [320/458]  eta: 0:01:09  loss: 0.1672 (0.2320)  IoU (F channel): 0.2306 (0.1698)  IoU (C channel): 0.3025 (0.2829)  L1 (Db channel): 0.1674 (0.1587)  L1 (Dn channel): 0.1554 (0.1589)  lr: 0.000060  iter-time: 0.4707
[19:46:58.414888] Epoch: [27]  [330/458]  eta: 0:01:04  loss: 0.1527 (0.2321)  IoU (F channel): 0.2111 (0.1714)  IoU (C channel): 0.2800 (0.2839)  L1 (Db channel): 0.1688 (0.1590)  L1 (Dn channel): 0.1552 (0.1588)  lr: 0.000059  iter-time: 0.4949
[19:47:03.113233] Epoch: [27]  [340/458]  eta: 0:00:59  loss: 0.2062 (0.2318)  IoU (F channel): 0.1358 (0.1725)  IoU (C channel): 0.2799 (0.2834)  L1 (Db channel): 0.1679 (0.1592)  L1 (Dn channel): 0.1546 (0.1587)  lr: 0.000058  iter-time: 0.4957
[19:47:07.790948] Epoch: [27]  [350/458]  eta: 0:00:54  loss: 0.1918 (0.2318)  IoU (F channel): 0.0848 (0.1695)  IoU (C channel): 0.2523 (0.2833)  L1 (Db channel): 0.1680 (0.1595)  L1 (Dn channel): 0.1546 (0.1586)  lr: 0.000057  iter-time: 0.4687
[19:47:12.302905] Epoch: [27]  [360/458]  eta: 0:00:48  loss: 0.1918 (0.2320)  IoU (F channel): 0.0523 (0.1683)  IoU (C channel): 0.2523 (0.2834)  L1 (Db channel): 0.1685 (0.1598)  L1 (Dn channel): 0.1557 (0.1585)  lr: 0.000057  iter-time: 0.4594
[19:47:16.782918] Epoch: [27]  [370/458]  eta: 0:00:43  loss: 0.1948 (0.2321)  IoU (F channel): 0.0876 (0.1679)  IoU (C channel): 0.2884 (0.2833)  L1 (Db channel): 0.1660 (0.1598)  L1 (Dn channel): 0.1561 (0.1585)  lr: 0.000056  iter-time: 0.4495
[19:47:22.137058] Epoch: [27]  [380/458]  eta: 0:00:38  loss: 0.1948 (0.2321)  IoU (F channel): 0.1394 (0.1689)  IoU (C channel): 0.2956 (0.2858)  L1 (Db channel): 0.1604 (0.1599)  L1 (Dn channel): 0.1555 (0.1585)  lr: 0.000055  iter-time: 0.4916
[19:47:26.740103] Epoch: [27]  [390/458]  eta: 0:00:33  loss: 0.1833 (0.2310)  IoU (F channel): 0.1742 (0.1689)  IoU (C channel): 0.3960 (0.2875)  L1 (Db channel): 0.1686 (0.1600)  L1 (Dn channel): 0.1558 (0.1584)  lr: 0.000054  iter-time: 0.4978
[19:47:31.413079] Epoch: [27]  [400/458]  eta: 0:00:28  loss: 0.1680 (0.2296)  IoU (F channel): 0.2149 (0.1702)  IoU (C channel): 0.3386 (0.2879)  L1 (Db channel): 0.1577 (0.1600)  L1 (Dn channel): 0.1569 (0.1584)  lr: 0.000054  iter-time: 0.4637
[19:47:36.517094] Epoch: [27]  [410/458]  eta: 0:00:23  loss: 0.1880 (0.2298)  IoU (F channel): 0.2255 (0.1707)  IoU (C channel): 0.3283 (0.2888)  L1 (Db channel): 0.1568 (0.1600)  L1 (Dn channel): 0.1571 (0.1584)  lr: 0.000053  iter-time: 0.4888
[19:47:41.647820] Epoch: [27]  [420/458]  eta: 0:00:18  loss: 0.2114 (0.2285)  IoU (F channel): 0.1671 (0.1706)  IoU (C channel): 0.2997 (0.2905)  L1 (Db channel): 0.1628 (0.1601)  L1 (Dn channel): 0.1575 (0.1584)  lr: 0.000052  iter-time: 0.5116
[19:47:46.304574] Epoch: [27]  [430/458]  eta: 0:00:13  loss: 0.1722 (0.2291)  IoU (F channel): 0.1485 (0.1704)  IoU (C channel): 0.3620 (0.2921)  L1 (Db channel): 0.1666 (0.1603)  L1 (Dn channel): 0.1571 (0.1583)  lr: 0.000051  iter-time: 0.4893
[19:47:51.131370] Epoch: [27]  [440/458]  eta: 0:00:08  loss: 0.1684 (0.2288)  IoU (F channel): 0.0867 (0.1697)  IoU (C channel): 0.3230 (0.2917)  L1 (Db channel): 0.1654 (0.1604)  L1 (Dn channel): 0.1560 (0.1583)  lr: 0.000051  iter-time: 0.4741
[19:47:55.762068] Epoch: [27]  [450/458]  eta: 0:00:03  loss: 0.1772 (0.2277)  IoU (F channel): 0.0867 (0.1698)  IoU (C channel): 0.3021 (0.2919)  L1 (Db channel): 0.1623 (0.1605)  L1 (Dn channel): 0.1564 (0.1582)  lr: 0.000050  iter-time: 0.4728
[19:47:58.614967] Epoch: [27]  [457/458]  eta: 0:00:00  loss: 0.1792 (0.2279)  IoU (F channel): 0.1632 (0.1706)  IoU (C channel): 0.3230 (0.2924)  L1 (Db channel): 0.1585 (0.1605)  L1 (Dn channel): 0.1564 (0.1582)  lr: 0.000049  iter-time: 0.4441
[19:47:59.321044] Epoch: [27] Total time: 0:03:47 (0.4964 s / it)
[19:47:59.321215] [Train] averaged stats: loss: 0.1792 (0.2279)  IoU (F channel): 0.1632 (0.1706)  IoU (C channel): 0.3230 (0.2924)  L1 (Db channel): 0.1585 (0.1605)  L1 (Dn channel): 0.1564 (0.1582)  lr: 0.000049
[19:48:03.103613] Epoch: [27]  [ 0/52]  eta: 0:03:16  loss: 0.0002 (0.0002)  IoU (F channel): 0.0000 (0.0000)  IoU (C channel): 0.0000 (0.0000)  L1 (Db channel): 0.1566 (0.1566)  L1 (Dn channel): 0.2091 (0.2091)  iter-time: 3.7813
[19:48:04.955790] Epoch: [27]  [10/52]  eta: 0:00:21  loss: 0.1747 (0.1356)  IoU (F channel): 0.0000 (0.0000)  IoU (C channel): 0.0000 (0.0015)  L1 (Db channel): 0.1783 (0.1870)  L1 (Dn channel): 0.1715 (0.1743)  iter-time: 0.5121
[19:48:06.633126] Epoch: [27]  [20/52]  eta: 0:00:11  loss: 0.2468 (0.2162)  IoU (F channel): 0.0000 (0.0035)  IoU (C channel): 0.0026 (0.0032)  L1 (Db channel): 0.2481 (0.2230)  L1 (Dn channel): 0.1318 (0.1511)  iter-time: 0.1764
[19:48:08.260667] Epoch: [27]  [30/52]  eta: 0:00:06  loss: 0.2870 (0.1845)  IoU (F channel): 0.0000 (0.0093)  IoU (C channel): 0.0039 (0.0117)  L1 (Db channel): 0.2315 (0.2031)  L1 (Dn channel): 0.1351 (0.1580)  iter-time: 0.1652
[19:48:09.861876] Epoch: [27]  [40/52]  eta: 0:00:03  loss: 0.2211 (0.2321)  IoU (F channel): 0.0024 (0.0149)  IoU (C channel): 0.1558 (0.0877)  L1 (Db channel): 0.1961 (0.2063)  L1 (Dn channel): 0.1358 (0.1488)  iter-time: 0.1614
[19:48:11.445398] Epoch: [27]  [50/52]  eta: 0:00:00  loss: 0.3189 (0.2420)  IoU (F channel): 0.0024 (0.0125)  IoU (C channel): 0.1584 (0.0840)  L1 (Db channel): 0.2116 (0.1990)  L1 (Dn channel): 0.1184 (0.1482)  iter-time: 0.1592
[19:48:11.537081] Epoch: [27]  [51/52]  eta: 0:00:00  loss: 0.2749 (0.2374)  IoU (F channel): 0.0024 (0.0123)  IoU (C channel): 0.1558 (0.0824)  L1 (Db channel): 0.2116 (0.1973)  L1 (Dn channel): 0.1184 (0.1490)  iter-time: 0.1560
[19:48:12.279905] Epoch: [27] Total time: 0:00:12 (0.2492 s / it)
[19:48:12.279934] [Val] averaged stats: loss: 0.2749 (0.2374)  IoU (F channel): 0.0024 (0.0123)  IoU (C channel): 0.1558 (0.0824)  L1 (Db channel): 0.2116 (0.1973)  L1 (Dn channel): 0.1184 (0.1490)
[19:48:12.280625] [Val] best loss: 0.2317 best  IoU (F channel): 0.0026 IoU (C channel): 0.0000 L1 (Db channel): 0.2941 L1 (Dn channel): 0.2281 
EarlyStopping counter: 8 out of 10
[19:48:12.292911] [Time] 4.0m 1.8h/2.1h

[19:48:12.292923] ~~~ Epoch 28/30 ~~~

[19:48:18.372169] Epoch: [28]  [  0/458]  eta: 0:46:23  loss: 0.1872 (0.1872)  IoU (F channel): 0.2648 (0.2648)  IoU (C channel): 0.4912 (0.4912)  L1 (Db channel): 0.1634 (0.1634)  L1 (Dn channel): 0.1546 (0.1546)  lr: 0.000049  iter-time: 6.0779
[19:48:23.082437] Epoch: [28]  [ 10/458]  eta: 0:07:19  loss: 0.2552 (0.2974)  IoU (F channel): 0.2147 (0.2372)  IoU (C channel): 0.3351 (0.3362)  L1 (Db channel): 0.1634 (0.1627)  L1 (Dn channel): 0.1570 (0.1566)  lr: 0.000049  iter-time: 0.9807
[19:48:28.331937] Epoch: [28]  [ 20/458]  eta: 0:05:34  loss: 0.2085 (0.2632)  IoU (F channel): 0.1554 (0.2133)  IoU (C channel): 0.3351 (0.3293)  L1 (Db channel): 0.1651 (0.1642)  L1 (Dn channel): 0.1561 (0.1562)  lr: 0.000048  iter-time: 0.4979
[19:48:32.857694] Epoch: [28]  [ 30/458]  eta: 0:04:43  loss: 0.1836 (0.2394)  IoU (F channel): 0.0891 (0.1853)  IoU (C channel): 0.3568 (0.3344)  L1 (Db channel): 0.1660 (0.1662)  L1 (Dn channel): 0.1557 (0.1567)  lr: 0.000047  iter-time: 0.4887
[19:48:37.500910] Epoch: [28]  [ 40/458]  eta: 0:04:16  loss: 0.1694 (0.2407)  IoU (F channel): 0.0733 (0.1729)  IoU (C channel): 0.3259 (0.3337)  L1 (Db channel): 0.1689 (0.1664)  L1 (Dn channel): 0.1570 (0.1567)  lr: 0.000047  iter-time: 0.4584
[19:48:43.256184] Epoch: [28]  [ 50/458]  eta: 0:04:07  loss: 0.1655 (0.2304)  IoU (F channel): 0.0882 (0.1701)  IoU (C channel): 0.3062 (0.3230)  L1 (Db channel): 0.1682 (0.1668)  L1 (Dn channel): 0.1560 (0.1567)  lr: 0.000046  iter-time: 0.5199
[19:48:47.909809] Epoch: [28]  [ 60/458]  eta: 0:03:52  loss: 0.2005 (0.2371)  IoU (F channel): 0.1450 (0.1744)  IoU (C channel): 0.2932 (0.3246)  L1 (Db channel): 0.1638 (0.1655)  L1 (Dn channel): 0.1559 (0.1572)  lr: 0.000045  iter-time: 0.5204
[19:48:52.564333] Epoch: [28]  [ 70/458]  eta: 0:03:40  loss: 0.2382 (0.2448)  IoU (F channel): 0.1450 (0.1763)  IoU (C channel): 0.3125 (0.3288)  L1 (Db channel): 0.1618 (0.1647)  L1 (Dn channel): 0.1576 (0.1576)  lr: 0.000045  iter-time: 0.4653
[19:48:57.245417] Epoch: [28]  [ 80/458]  eta: 0:03:29  loss: 0.2344 (0.2420)  IoU (F channel): 0.1046 (0.1711)  IoU (C channel): 0.2789 (0.3209)  L1 (Db channel): 0.1661 (0.1653)  L1 (Dn channel): 0.1563 (0.1574)  lr: 0.000044  iter-time: 0.4661
[19:49:02.436402] Epoch: [28]  [ 90/458]  eta: 0:03:22  loss: 0.1930 (0.2398)  IoU (F channel): 0.1180 (0.1716)  IoU (C channel): 0.2818 (0.3200)  L1 (Db channel): 0.1692 (0.1656)  L1 (Dn channel): 0.1565 (0.1575)  lr: 0.000043  iter-time: 0.4923
[19:49:07.817836] Epoch: [28]  [100/458]  eta: 0:03:16  loss: 0.1637 (0.2378)  IoU (F channel): 0.1227 (0.1717)  IoU (C channel): 0.3515 (0.3196)  L1 (Db channel): 0.1682 (0.1659)  L1 (Dn channel): 0.1571 (0.1576)  lr: 0.000043  iter-time: 0.5280
[19:49:12.565828] Epoch: [28]  [110/458]  eta: 0:03:08  loss: 0.1708 (0.2447)  IoU (F channel): 0.1227 (0.1715)  IoU (C channel): 0.2820 (0.3141)  L1 (Db channel): 0.1682 (0.1664)  L1 (Dn channel): 0.1579 (0.1577)  lr: 0.000042  iter-time: 0.5064
[19:49:17.596319] Epoch: [28]  [120/458]  eta: 0:03:02  loss: 0.2133 (0.2455)  IoU (F channel): 0.2038 (0.1749)  IoU (C channel): 0.2747 (0.3137)  L1 (Db channel): 0.1646 (0.1663)  L1 (Dn channel): 0.1580 (0.1578)  lr: 0.000041  iter-time: 0.4889
[19:49:22.244295] Epoch: [28]  [130/458]  eta: 0:02:55  loss: 0.2382 (0.2477)  IoU (F channel): 0.2038 (0.1775)  IoU (C channel): 0.3128 (0.3153)  L1 (Db channel): 0.1601 (0.1663)  L1 (Dn channel): 0.1572 (0.1577)  lr: 0.000041  iter-time: 0.4839
[19:49:28.192779] Epoch: [28]  [140/458]  eta: 0:02:51  loss: 0.2489 (0.2490)  IoU (F channel): 0.1037 (0.1722)  IoU (C channel): 0.2880 (0.3120)  L1 (Db channel): 0.1641 (0.1665)  L1 (Dn channel): 0.1591 (0.1579)  lr: 0.000040  iter-time: 0.5298
[19:49:32.847248] Epoch: [28]  [150/458]  eta: 0:02:44  loss: 0.2341 (0.2476)  IoU (F channel): 0.1402 (0.1755)  IoU (C channel): 0.2759 (0.3132)  L1 (Db channel): 0.1705 (0.1666)  L1 (Dn channel): 0.1598 (0.1581)  lr: 0.000039  iter-time: 0.5301
[19:49:37.388050] Epoch: [28]  [160/458]  eta: 0:02:37  loss: 0.1762 (0.2455)  IoU (F channel): 0.1451 (0.1741)  IoU (C channel): 0.3385 (0.3131)  L1 (Db channel): 0.1730 (0.1668)  L1 (Dn channel): 0.1586 (0.1581)  lr: 0.000039  iter-time: 0.4597
[19:49:42.753682] Epoch: [28]  [170/458]  eta: 0:02:32  loss: 0.1762 (0.2451)  IoU (F channel): 0.1680 (0.1788)  IoU (C channel): 0.3385 (0.3131)  L1 (Db channel): 0.1705 (0.1669)  L1 (Dn channel): 0.1588 (0.1582)  lr: 0.000038  iter-time: 0.4952
[19:49:47.779822] Epoch: [28]  [180/458]  eta: 0:02:26  loss: 0.2277 (0.2447)  IoU (F channel): 0.1458 (0.1770)  IoU (C channel): 0.2744 (0.3121)  L1 (Db channel): 0.1637 (0.1669)  L1 (Dn channel): 0.1583 (0.1581)  lr: 0.000037  iter-time: 0.5195
[19:49:52.350464] Epoch: [28]  [190/458]  eta: 0:02:20  loss: 0.2269 (0.2429)  IoU (F channel): 0.0858 (0.1746)  IoU (C channel): 0.2685 (0.3116)  L1 (Db channel): 0.1729 (0.1673)  L1 (Dn channel): 0.1559 (0.1581)  lr: 0.000037  iter-time: 0.4798
[19:49:57.023732] Epoch: [28]  [200/458]  eta: 0:02:14  loss: 0.1766 (0.2413)  IoU (F channel): 0.0918 (0.1736)  IoU (C channel): 0.2985 (0.3123)  L1 (Db channel): 0.1704 (0.1672)  L1 (Dn channel): 0.1560 (0.1580)  lr: 0.000036  iter-time: 0.4621
[19:50:01.488476] Epoch: [28]  [210/458]  eta: 0:02:08  loss: 0.1766 (0.2383)  IoU (F channel): 0.1671 (0.1734)  IoU (C channel): 0.3082 (0.3108)  L1 (Db channel): 0.1663 (0.1674)  L1 (Dn channel): 0.1562 (0.1580)  lr: 0.000036  iter-time: 0.4568
[19:50:06.689270] Epoch: [28]  [220/458]  eta: 0:02:03  loss: 0.1850 (0.2387)  IoU (F channel): 0.1671 (0.1741)  IoU (C channel): 0.3056 (0.3112)  L1 (Db channel): 0.1645 (0.1673)  L1 (Dn channel): 0.1573 (0.1581)  lr: 0.000035  iter-time: 0.4832
[19:50:11.468854] Epoch: [28]  [230/458]  eta: 0:01:57  loss: 0.1850 (0.2372)  IoU (F channel): 0.1499 (0.1735)  IoU (C channel): 0.2913 (0.3096)  L1 (Db channel): 0.1733 (0.1677)  L1 (Dn channel): 0.1580 (0.1581)  lr: 0.000034  iter-time: 0.4989
[19:50:17.048826] Epoch: [28]  [240/458]  eta: 0:01:52  loss: 0.1828 (0.2366)  IoU (F channel): 0.1100 (0.1746)  IoU (C channel): 0.2732 (0.3089)  L1 (Db channel): 0.1750 (0.1678)  L1 (Dn channel): 0.1578 (0.1581)  lr: 0.000034  iter-time: 0.5179
[19:50:21.474026] Epoch: [28]  [250/458]  eta: 0:01:47  loss: 0.1826 (0.2357)  IoU (F channel): 0.1549 (0.1740)  IoU (C channel): 0.2865 (0.3081)  L1 (Db channel): 0.1754 (0.1682)  L1 (Dn channel): 0.1573 (0.1580)  lr: 0.000033  iter-time: 0.5002
[19:50:25.942678] Epoch: [28]  [260/458]  eta: 0:01:41  loss: 0.1905 (0.2373)  IoU (F channel): 0.1158 (0.1763)  IoU (C channel): 0.3048 (0.3084)  L1 (Db channel): 0.1681 (0.1680)  L1 (Dn channel): 0.1573 (0.1580)  lr: 0.000033  iter-time: 0.4446
[19:50:31.944880] Epoch: [28]  [270/458]  eta: 0:01:36  loss: 0.1905 (0.2356)  IoU (F channel): 0.1237 (0.1765)  IoU (C channel): 0.3079 (0.3075)  L1 (Db channel): 0.1630 (0.1678)  L1 (Dn channel): 0.1581 (0.1581)  lr: 0.000032  iter-time: 0.5235
[19:50:36.407869] Epoch: [28]  [280/458]  eta: 0:01:31  loss: 0.1943 (0.2347)  IoU (F channel): 0.1005 (0.1734)  IoU (C channel): 0.3028 (0.3070)  L1 (Db channel): 0.1591 (0.1675)  L1 (Dn channel): 0.1571 (0.1581)  lr: 0.000031  iter-time: 0.5232
[19:50:41.326911] Epoch: [28]  [290/458]  eta: 0:01:26  loss: 0.1798 (0.2324)  IoU (F channel): 0.0924 (0.1729)  IoU (C channel): 0.3451 (0.3077)  L1 (Db channel): 0.1585 (0.1673)  L1 (Dn channel): 0.1573 (0.1581)  lr: 0.000031  iter-time: 0.4690
[19:50:46.650746] Epoch: [28]  [300/458]  eta: 0:01:21  loss: 0.1602 (0.2303)  IoU (F channel): 0.1723 (0.1750)  IoU (C channel): 0.3584 (0.3090)  L1 (Db channel): 0.1603 (0.1671)  L1 (Dn channel): 0.1583 (0.1581)  lr: 0.000030  iter-time: 0.5121
[19:50:51.101671] Epoch: [28]  [310/458]  eta: 0:01:15  loss: 0.1732 (0.2299)  IoU (F channel): 0.2213 (0.1768)  IoU (C channel): 0.3215 (0.3092)  L1 (Db channel): 0.1642 (0.1670)  L1 (Dn channel): 0.1583 (0.1582)  lr: 0.000030  iter-time: 0.4887
[19:50:56.971446] Epoch: [28]  [320/458]  eta: 0:01:10  loss: 0.1964 (0.2299)  IoU (F channel): 0.1411 (0.1788)  IoU (C channel): 0.3093 (0.3097)  L1 (Db channel): 0.1642 (0.1669)  L1 (Dn channel): 0.1586 (0.1582)  lr: 0.000029  iter-time: 0.5153
[19:51:01.686817] Epoch: [28]  [330/458]  eta: 0:01:05  loss: 0.1929 (0.2301)  IoU (F channel): 0.1401 (0.1800)  IoU (C channel): 0.3093 (0.3102)  L1 (Db channel): 0.1666 (0.1669)  L1 (Dn channel): 0.1586 (0.1583)  lr: 0.000029  iter-time: 0.5285
[19:51:06.324330] Epoch: [28]  [340/458]  eta: 0:01:00  loss: 0.1661 (0.2306)  IoU (F channel): 0.1059 (0.1798)  IoU (C channel): 0.2935 (0.3083)  L1 (Db channel): 0.1666 (0.1668)  L1 (Dn channel): 0.1594 (0.1583)  lr: 0.000028  iter-time: 0.4676
[19:51:11.316114] Epoch: [28]  [350/458]  eta: 0:00:55  loss: 0.2190 (0.2317)  IoU (F channel): 0.1606 (0.1825)  IoU (C channel): 0.3160 (0.3107)  L1 (Db channel): 0.1611 (0.1666)  L1 (Dn channel): 0.1585 (0.1583)  lr: 0.000028  iter-time: 0.4814
[19:51:16.014857] Epoch: [28]  [360/458]  eta: 0:00:49  loss: 0.2127 (0.2312)  IoU (F channel): 0.2213 (0.1838)  IoU (C channel): 0.4000 (0.3119)  L1 (Db channel): 0.1639 (0.1667)  L1 (Dn channel): 0.1579 (0.1583)  lr: 0.000027  iter-time: 0.4845
[19:51:20.661852] Epoch: [28]  [370/458]  eta: 0:00:44  loss: 0.2127 (0.2321)  IoU (F channel): 0.1363 (0.1826)  IoU (C channel): 0.3729 (0.3123)  L1 (Db channel): 0.1638 (0.1665)  L1 (Dn channel): 0.1586 (0.1583)  lr: 0.000027  iter-time: 0.4672
[19:51:25.794263] Epoch: [28]  [380/458]  eta: 0:00:39  loss: 0.2632 (0.2334)  IoU (F channel): 0.0867 (0.1824)  IoU (C channel): 0.2985 (0.3125)  L1 (Db channel): 0.1638 (0.1665)  L1 (Dn channel): 0.1570 (0.1583)  lr: 0.000026  iter-time: 0.4889
[19:51:30.323422] Epoch: [28]  [390/458]  eta: 0:00:34  loss: 0.2140 (0.2327)  IoU (F channel): 0.1533 (0.1824)  IoU (C channel): 0.2942 (0.3127)  L1 (Db channel): 0.1673 (0.1664)  L1 (Dn channel): 0.1568 (0.1583)  lr: 0.000026  iter-time: 0.4830
[19:51:35.339515] Epoch: [28]  [400/458]  eta: 0:00:29  loss: 0.1599 (0.2320)  IoU (F channel): 0.1917 (0.1821)  IoU (C channel): 0.3147 (0.3126)  L1 (Db channel): 0.1635 (0.1663)  L1 (Dn channel): 0.1587 (0.1583)  lr: 0.000025  iter-time: 0.4766
[19:51:40.475177] Epoch: [28]  [410/458]  eta: 0:00:24  loss: 0.1599 (0.2313)  IoU (F channel): 0.2079 (0.1829)  IoU (C channel): 0.3147 (0.3129)  L1 (Db channel): 0.1610 (0.1662)  L1 (Dn channel): 0.1598 (0.1584)  lr: 0.000024  iter-time: 0.5064
[19:51:45.137372] Epoch: [28]  [420/458]  eta: 0:00:19  loss: 0.1936 (0.2315)  IoU (F channel): 0.2212 (0.1835)  IoU (C channel): 0.3416 (0.3141)  L1 (Db channel): 0.1614 (0.1662)  L1 (Dn channel): 0.1606 (0.1584)  lr: 0.000024  iter-time: 0.4889
[19:51:49.838431] Epoch: [28]  [430/458]  eta: 0:00:14  loss: 0.2243 (0.2320)  IoU (F channel): 0.1356 (0.1829)  IoU (C channel): 0.3416 (0.3145)  L1 (Db channel): 0.1614 (0.1660)  L1 (Dn channel): 0.1589 (0.1584)  lr: 0.000023  iter-time: 0.4670
[19:51:54.461267] Epoch: [28]  [440/458]  eta: 0:00:09  loss: 0.2269 (0.2328)  IoU (F channel): 0.1431 (0.1823)  IoU (C channel): 0.2930 (0.3142)  L1 (Db channel): 0.1591 (0.1658)  L1 (Dn channel): 0.1586 (0.1585)  lr: 0.000023  iter-time: 0.4655
[19:51:59.459851] Epoch: [28]  [450/458]  eta: 0:00:04  loss: 0.1798 (0.2317)  IoU (F channel): 0.1059 (0.1813)  IoU (C channel): 0.2939 (0.3140)  L1 (Db channel): 0.1602 (0.1657)  L1 (Dn channel): 0.1582 (0.1585)  lr: 0.000023  iter-time: 0.4810
[19:52:02.306082] Epoch: [28]  [457/458]  eta: 0:00:00  loss: 0.1657 (0.2311)  IoU (F channel): 0.0934 (0.1809)  IoU (C channel): 0.2681 (0.3134)  L1 (Db channel): 0.1663 (0.1658)  L1 (Dn channel): 0.1586 (0.1586)  lr: 0.000022  iter-time: 0.4589
[19:52:03.001020] Epoch: [28] Total time: 0:03:50 (0.5037 s / it)
[19:52:03.001450] [Train] averaged stats: loss: 0.1657 (0.2311)  IoU (F channel): 0.0934 (0.1809)  IoU (C channel): 0.2681 (0.3134)  L1 (Db channel): 0.1663 (0.1658)  L1 (Dn channel): 0.1586 (0.1586)  lr: 0.000022
[19:52:06.692168] Epoch: [28]  [ 0/52]  eta: 0:03:11  loss: 0.0002 (0.0002)  IoU (F channel): 0.0000 (0.0000)  IoU (C channel): 0.0000 (0.0000)  L1 (Db channel): 0.1462 (0.1462)  L1 (Dn channel): 0.1969 (0.1969)  iter-time: 3.6893
[19:52:08.578978] Epoch: [28]  [10/52]  eta: 0:00:21  loss: 0.1708 (0.1321)  IoU (F channel): 0.0000 (0.0000)  IoU (C channel): 0.0000 (0.0020)  L1 (Db channel): 0.1640 (0.1730)  L1 (Dn channel): 0.1580 (0.1620)  iter-time: 0.5069
[19:52:10.202579] Epoch: [28]  [20/52]  eta: 0:00:10  loss: 0.2193 (0.2018)  IoU (F channel): 0.0000 (0.0033)  IoU (C channel): 0.0050 (0.0061)  L1 (Db channel): 0.2296 (0.2073)  L1 (Dn channel): 0.1246 (0.1431)  iter-time: 0.1755
[19:52:11.863123] Epoch: [28]  [30/52]  eta: 0:00:06  loss: 0.2700 (0.1760)  IoU (F channel): 0.0000 (0.0090)  IoU (C channel): 0.0071 (0.0174)  L1 (Db channel): 0.2156 (0.1882)  L1 (Dn channel): 0.1313 (0.1497)  iter-time: 0.1642
[19:52:13.488406] Epoch: [28]  [40/52]  eta: 0:00:03  loss: 0.2228 (0.2239)  IoU (F channel): 0.0030 (0.0151)  IoU (C channel): 0.1668 (0.0962)  L1 (Db channel): 0.1839 (0.1929)  L1 (Dn channel): 0.1336 (0.1442)  iter-time: 0.1643
[19:52:15.045127] Epoch: [28]  [50/52]  eta: 0:00:00  loss: 0.3184 (0.2339)  IoU (F channel): 0.0031 (0.0128)  IoU (C channel): 0.1733 (0.0915)  L1 (Db channel): 0.1997 (0.1857)  L1 (Dn channel): 0.1240 (0.1438)  iter-time: 0.1591
[19:52:15.136617] Epoch: [28]  [51/52]  eta: 0:00:00  loss: 0.2723 (0.2294)  IoU (F channel): 0.0031 (0.0126)  IoU (C channel): 0.1668 (0.0898)  L1 (Db channel): 0.1997 (0.1840)  L1 (Dn channel): 0.1240 (0.1444)  iter-time: 0.1554
[19:52:15.790385] Epoch: [28] Total time: 0:00:12 (0.2459 s / it)
[19:52:15.790409] [Val] averaged stats: loss: 0.2723 (0.2294)  IoU (F channel): 0.0031 (0.0126)  IoU (C channel): 0.1668 (0.0898)  L1 (Db channel): 0.1997 (0.1840)  L1 (Dn channel): 0.1240 (0.1444)
[19:52:15.791802] Val loss improved from 0.23166818381567003 to 0.22937210151912252, saving model to metrics/biapy/biapy-py_v1/checkpoints/biapy-py_v1_0-checkpoint-best.pth
[19:52:15.905905] [Val] best loss: 0.2294 best  IoU (F channel): 0.0126 IoU (C channel): 0.0898 L1 (Db channel): 0.1840 L1 (Dn channel): 0.1444 
[19:52:15.913437] [Time] 4.1m 1.9h/2.1h

[19:52:15.913449] ~~~ Epoch 29/30 ~~~

[19:52:21.062202] Epoch: [29]  [  0/458]  eta: 0:39:14  loss: 0.1249 (0.1249)  IoU (F channel): 0.4051 (0.4051)  IoU (C channel): 0.3828 (0.3828)  L1 (Db channel): 0.1573 (0.1573)  L1 (Dn channel): 0.1588 (0.1588)  lr: 0.000022  iter-time: 5.1416
[19:52:26.556914] Epoch: [29]  [ 10/458]  eta: 0:07:13  loss: 0.1977 (0.2053)  IoU (F channel): 0.1430 (0.1763)  IoU (C channel): 0.2943 (0.2913)  L1 (Db channel): 0.1634 (0.1637)  L1 (Dn channel): 0.1588 (0.1583)  lr: 0.000022  iter-time: 0.9669
[19:52:32.223831] Epoch: [29]  [ 20/458]  eta: 0:05:40  loss: 0.1977 (0.2139)  IoU (F channel): 0.0896 (0.1475)  IoU (C channel): 0.2835 (0.2800)  L1 (Db channel): 0.1660 (0.1669)  L1 (Dn channel): 0.1581 (0.1587)  lr: 0.000021  iter-time: 0.5580
[19:52:36.688162] Epoch: [29]  [ 30/458]  eta: 0:04:46  loss: 0.2214 (0.2418)  IoU (F channel): 0.0634 (0.1482)  IoU (C channel): 0.3198 (0.3042)  L1 (Db channel): 0.1701 (0.1667)  L1 (Dn channel): 0.1595 (0.1592)  lr: 0.000021  iter-time: 0.5065
[19:52:42.081912] Epoch: [29]  [ 40/458]  eta: 0:04:26  loss: 0.2343 (0.2389)  IoU (F channel): 0.1036 (0.1522)  IoU (C channel): 0.3721 (0.3165)  L1 (Db channel): 0.1651 (0.1664)  L1 (Dn channel): 0.1581 (0.1590)  lr: 0.000020  iter-time: 0.4928
[19:52:47.141031] Epoch: [29]  [ 50/458]  eta: 0:04:09  loss: 0.2070 (0.2429)  IoU (F channel): 0.1200 (0.1515)  IoU (C channel): 0.2996 (0.3109)  L1 (Db channel): 0.1653 (0.1665)  L1 (Dn channel): 0.1575 (0.1589)  lr: 0.000020  iter-time: 0.5226
[19:52:52.875834] Epoch: [29]  [ 60/458]  eta: 0:04:01  loss: 0.1774 (0.2426)  IoU (F channel): 0.1954 (0.1785)  IoU (C channel): 0.3100 (0.3163)  L1 (Db channel): 0.1642 (0.1655)  L1 (Dn channel): 0.1610 (0.1599)  lr: 0.000019  iter-time: 0.5396
[19:52:57.492895] Epoch: [29]  [ 70/458]  eta: 0:03:47  loss: 0.1751 (0.2359)  IoU (F channel): 0.2168 (0.1816)  IoU (C channel): 0.3100 (0.3108)  L1 (Db channel): 0.1694 (0.1659)  L1 (Dn channel): 0.1623 (0.1600)  lr: 0.000019  iter-time: 0.5175
[19:53:02.239222] Epoch: [29]  [ 80/458]  eta: 0:03:36  loss: 0.1751 (0.2331)  IoU (F channel): 0.1420 (0.1796)  IoU (C channel): 0.2622 (0.3103)  L1 (Db channel): 0.1695 (0.1667)  L1 (Dn channel): 0.1597 (0.1598)  lr: 0.000018  iter-time: 0.4681
[19:53:06.764949] Epoch: [29]  [ 90/458]  eta: 0:03:25  loss: 0.1917 (0.2306)  IoU (F channel): 0.1108 (0.1799)  IoU (C channel): 0.3132 (0.3125)  L1 (Db channel): 0.1658 (0.1666)  L1 (Dn channel): 0.1597 (0.1600)  lr: 0.000018  iter-time: 0.4635
[19:53:11.995898] Epoch: [29]  [100/458]  eta: 0:03:18  loss: 0.1995 (0.2343)  IoU (F channel): 0.1108 (0.1753)  IoU (C channel): 0.3304 (0.3128)  L1 (Db channel): 0.1643 (0.1664)  L1 (Dn channel): 0.1599 (0.1600)  lr: 0.000018  iter-time: 0.4878
[19:53:16.483701] Epoch: [29]  [110/458]  eta: 0:03:09  loss: 0.2328 (0.2329)  IoU (F channel): 0.0911 (0.1768)  IoU (C channel): 0.3292 (0.3086)  L1 (Db channel): 0.1684 (0.1672)  L1 (Dn channel): 0.1587 (0.1599)  lr: 0.000017  iter-time: 0.4859
[19:53:21.901463] Epoch: [29]  [120/458]  eta: 0:03:04  loss: 0.1687 (0.2297)  IoU (F channel): 0.1063 (0.1718)  IoU (C channel): 0.3322 (0.3096)  L1 (Db channel): 0.1699 (0.1678)  L1 (Dn channel): 0.1590 (0.1600)  lr: 0.000017  iter-time: 0.4952
[19:53:27.005800] Epoch: [29]  [130/458]  eta: 0:02:57  loss: 0.1665 (0.2270)  IoU (F channel): 0.1253 (0.1749)  IoU (C channel): 0.3554 (0.3141)  L1 (Db channel): 0.1720 (0.1684)  L1 (Dn channel): 0.1596 (0.1600)  lr: 0.000016  iter-time: 0.5260
[19:53:32.400208] Epoch: [29]  [140/458]  eta: 0:02:52  loss: 0.1701 (0.2241)  IoU (F channel): 0.1672 (0.1750)  IoU (C channel): 0.3407 (0.3119)  L1 (Db channel): 0.1765 (0.1690)  L1 (Dn channel): 0.1598 (0.1599)  lr: 0.000016  iter-time: 0.5249
[19:53:36.952456] Epoch: [29]  [150/458]  eta: 0:02:45  loss: 0.1757 (0.2243)  IoU (F channel): 0.1060 (0.1733)  IoU (C channel): 0.2933 (0.3117)  L1 (Db channel): 0.1721 (0.1688)  L1 (Dn channel): 0.1576 (0.1599)  lr: 0.000015  iter-time: 0.4973
[19:53:41.461991] Epoch: [29]  [160/458]  eta: 0:02:38  loss: 0.1656 (0.2238)  IoU (F channel): 0.1432 (0.1743)  IoU (C channel): 0.3851 (0.3154)  L1 (Db channel): 0.1682 (0.1690)  L1 (Dn channel): 0.1576 (0.1599)  lr: 0.000015  iter-time: 0.4530
[19:53:46.550656] Epoch: [29]  [170/458]  eta: 0:02:32  loss: 0.1599 (0.2259)  IoU (F channel): 0.1989 (0.1749)  IoU (C channel): 0.3669 (0.3155)  L1 (Db channel): 0.1655 (0.1688)  L1 (Dn channel): 0.1587 (0.1598)  lr: 0.000015  iter-time: 0.4798
[19:53:51.452662] Epoch: [29]  [180/458]  eta: 0:02:26  loss: 0.1949 (0.2287)  IoU (F channel): 0.1257 (0.1735)  IoU (C channel): 0.3556 (0.3181)  L1 (Db channel): 0.1659 (0.1688)  L1 (Dn channel): 0.1586 (0.1597)  lr: 0.000014  iter-time: 0.4995
[19:53:56.248606] Epoch: [29]  [190/458]  eta: 0:02:20  loss: 0.2032 (0.2292)  IoU (F channel): 0.1064 (0.1737)  IoU (C channel): 0.3495 (0.3191)  L1 (Db channel): 0.1667 (0.1688)  L1 (Dn channel): 0.1586 (0.1596)  lr: 0.000014  iter-time: 0.4848
[19:54:01.144890] Epoch: [29]  [200/458]  eta: 0:02:15  loss: 0.1978 (0.2278)  IoU (F channel): 0.1113 (0.1725)  IoU (C channel): 0.3056 (0.3176)  L1 (Db channel): 0.1730 (0.1691)  L1 (Dn channel): 0.1582 (0.1595)  lr: 0.000014  iter-time: 0.4845
[19:54:05.877124] Epoch: [29]  [210/458]  eta: 0:02:09  loss: 0.1643 (0.2258)  IoU (F channel): 0.0780 (0.1693)  IoU (C channel): 0.3350 (0.3202)  L1 (Db channel): 0.1723 (0.1691)  L1 (Dn channel): 0.1570 (0.1595)  lr: 0.000013  iter-time: 0.4813
[19:54:10.606751] Epoch: [29]  [220/458]  eta: 0:02:03  loss: 0.1643 (0.2246)  IoU (F channel): 0.0780 (0.1676)  IoU (C channel): 0.3350 (0.3177)  L1 (Db channel): 0.1776 (0.1696)  L1 (Dn channel): 0.1582 (0.1595)  lr: 0.000013  iter-time: 0.4730
[19:54:16.266142] Epoch: [29]  [230/458]  eta: 0:01:58  loss: 0.1874 (0.2232)  IoU (F channel): 0.1033 (0.1688)  IoU (C channel): 0.2645 (0.3170)  L1 (Db channel): 0.1741 (0.1696)  L1 (Dn channel): 0.1581 (0.1594)  lr: 0.000012  iter-time: 0.5194
[19:54:20.879028] Epoch: [29]  [240/458]  eta: 0:01:53  loss: 0.1901 (0.2240)  IoU (F channel): 0.1497 (0.1693)  IoU (C channel): 0.3300 (0.3194)  L1 (Db channel): 0.1679 (0.1695)  L1 (Dn channel): 0.1577 (0.1594)  lr: 0.000012  iter-time: 0.5135
[19:54:25.688337] Epoch: [29]  [250/458]  eta: 0:01:47  loss: 0.2241 (0.2241)  IoU (F channel): 0.1154 (0.1690)  IoU (C channel): 0.3437 (0.3184)  L1 (Db channel): 0.1683 (0.1696)  L1 (Dn channel): 0.1573 (0.1593)  lr: 0.000012  iter-time: 0.4710
[19:54:30.292956] Epoch: [29]  [260/458]  eta: 0:01:41  loss: 0.2164 (0.2250)  IoU (F channel): 0.1002 (0.1693)  IoU (C channel): 0.3437 (0.3197)  L1 (Db channel): 0.1756 (0.1700)  L1 (Dn channel): 0.1581 (0.1593)  lr: 0.000011  iter-time: 0.4706
[19:54:35.268199] Epoch: [29]  [270/458]  eta: 0:01:36  loss: 0.1603 (0.2232)  IoU (F channel): 0.1116 (0.1689)  IoU (C channel): 0.3206 (0.3180)  L1 (Db channel): 0.1766 (0.1704)  L1 (Dn channel): 0.1580 (0.1593)  lr: 0.000011  iter-time: 0.4785
[19:54:39.886921] Epoch: [29]  [280/458]  eta: 0:01:31  loss: 0.1547 (0.2219)  IoU (F channel): 0.1115 (0.1678)  IoU (C channel): 0.2597 (0.3163)  L1 (Db channel): 0.1784 (0.1706)  L1 (Dn channel): 0.1570 (0.1592)  lr: 0.000011  iter-time: 0.4792
[19:54:44.406897] Epoch: [29]  [290/458]  eta: 0:01:25  loss: 0.2051 (0.2230)  IoU (F channel): 0.0854 (0.1681)  IoU (C channel): 0.2621 (0.3155)  L1 (Db channel): 0.1787 (0.1709)  L1 (Dn channel): 0.1575 (0.1592)  lr: 0.000010  iter-time: 0.4569
[19:54:49.773852] Epoch: [29]  [300/458]  eta: 0:01:20  loss: 0.2006 (0.2222)  IoU (F channel): 0.1642 (0.1700)  IoU (C channel): 0.2494 (0.3136)  L1 (Db channel): 0.1787 (0.1710)  L1 (Dn channel): 0.1569 (0.1592)  lr: 0.000010  iter-time: 0.4943
[19:54:54.292625] Epoch: [29]  [310/458]  eta: 0:01:15  loss: 0.2006 (0.2235)  IoU (F channel): 0.1929 (0.1703)  IoU (C channel): 0.2570 (0.3139)  L1 (Db channel): 0.1776 (0.1711)  L1 (Dn channel): 0.1569 (0.1592)  lr: 0.000010  iter-time: 0.4942
[19:54:59.760280] Epoch: [29]  [320/458]  eta: 0:01:10  loss: 0.2033 (0.2228)  IoU (F channel): 0.0759 (0.1707)  IoU (C channel): 0.3252 (0.3134)  L1 (Db channel): 0.1776 (0.1714)  L1 (Dn channel): 0.1602 (0.1593)  lr: 0.000009  iter-time: 0.4992
[19:55:04.249569] Epoch: [29]  [330/458]  eta: 0:01:05  loss: 0.1827 (0.2219)  IoU (F channel): 0.0986 (0.1727)  IoU (C channel): 0.3325 (0.3131)  L1 (Db channel): 0.1752 (0.1714)  L1 (Dn channel): 0.1593 (0.1593)  lr: 0.000009  iter-time: 0.4978
[19:55:08.929659] Epoch: [29]  [340/458]  eta: 0:00:59  loss: 0.1734 (0.2222)  IoU (F channel): 0.1702 (0.1731)  IoU (C channel): 0.3325 (0.3127)  L1 (Db channel): 0.1750 (0.1717)  L1 (Dn channel): 0.1576 (0.1592)  lr: 0.000009  iter-time: 0.4584
[19:55:14.018836] Epoch: [29]  [350/458]  eta: 0:00:54  loss: 0.1878 (0.2226)  IoU (F channel): 0.1342 (0.1721)  IoU (C channel): 0.3256 (0.3119)  L1 (Db channel): 0.1750 (0.1719)  L1 (Dn channel): 0.1570 (0.1592)  lr: 0.000008  iter-time: 0.4884
[19:55:19.179801] Epoch: [29]  [360/458]  eta: 0:00:49  loss: 0.1529 (0.2217)  IoU (F channel): 0.1342 (0.1738)  IoU (C channel): 0.2921 (0.3117)  L1 (Db channel): 0.1727 (0.1719)  L1 (Dn channel): 0.1584 (0.1592)  lr: 0.000008  iter-time: 0.5124
[19:55:23.974275] Epoch: [29]  [370/458]  eta: 0:00:44  loss: 0.1408 (0.2206)  IoU (F channel): 0.1258 (0.1727)  IoU (C channel): 0.2921 (0.3122)  L1 (Db channel): 0.1756 (0.1720)  L1 (Dn channel): 0.1597 (0.1592)  lr: 0.000008  iter-time: 0.4977
[19:55:28.639073] Epoch: [29]  [380/458]  eta: 0:00:39  loss: 0.1803 (0.2213)  IoU (F channel): 0.1299 (0.1742)  IoU (C channel): 0.3435 (0.3136)  L1 (Db channel): 0.1769 (0.1720)  L1 (Dn channel): 0.1596 (0.1592)  lr: 0.000008  iter-time: 0.4729
[19:55:33.743746] Epoch: [29]  [390/458]  eta: 0:00:34  loss: 0.1991 (0.2216)  IoU (F channel): 0.1114 (0.1726)  IoU (C channel): 0.3206 (0.3122)  L1 (Db channel): 0.1787 (0.1723)  L1 (Dn channel): 0.1592 (0.1592)  lr: 0.000007  iter-time: 0.4884
[19:55:38.347591] Epoch: [29]  [400/458]  eta: 0:00:29  loss: 0.2207 (0.2238)  IoU (F channel): 0.1391 (0.1746)  IoU (C channel): 0.2955 (0.3130)  L1 (Db channel): 0.1798 (0.1724)  L1 (Dn channel): 0.1580 (0.1592)  lr: 0.000007  iter-time: 0.4853
[19:55:42.907463] Epoch: [29]  [410/458]  eta: 0:00:24  loss: 0.2281 (0.2246)  IoU (F channel): 0.1333 (0.1727)  IoU (C channel): 0.3042 (0.3121)  L1 (Db channel): 0.1806 (0.1726)  L1 (Dn channel): 0.1581 (0.1592)  lr: 0.000007  iter-time: 0.4581
[19:55:47.423670] Epoch: [29]  [420/458]  eta: 0:00:19  loss: 0.1965 (0.2240)  IoU (F channel): 0.1004 (0.1718)  IoU (C channel): 0.1966 (0.3108)  L1 (Db channel): 0.1745 (0.1726)  L1 (Dn channel): 0.1601 (0.1593)  lr: 0.000006  iter-time: 0.4537
[19:55:52.558056] Epoch: [29]  [430/458]  eta: 0:00:14  loss: 0.1866 (0.2240)  IoU (F channel): 0.1004 (0.1723)  IoU (C channel): 0.2902 (0.3108)  L1 (Db channel): 0.1688 (0.1725)  L1 (Dn channel): 0.1587 (0.1593)  lr: 0.000006  iter-time: 0.4825
[19:55:57.656443] Epoch: [29]  [440/458]  eta: 0:00:09  loss: 0.1668 (0.2243)  IoU (F channel): 0.1221 (0.1725)  IoU (C channel): 0.3186 (0.3111)  L1 (Db channel): 0.1688 (0.1725)  L1 (Dn channel): 0.1586 (0.1593)  lr: 0.000006  iter-time: 0.5116
[19:56:03.348316] Epoch: [29]  [450/458]  eta: 0:00:04  loss: 0.2737 (0.2264)  IoU (F channel): 0.1408 (0.1742)  IoU (C channel): 0.3421 (0.3115)  L1 (Db channel): 0.1737 (0.1725)  L1 (Dn channel): 0.1565 (0.1593)  lr: 0.000006  iter-time: 0.5394
[19:56:06.195860] Epoch: [29]  [457/458]  eta: 0:00:00  loss: 0.2612 (0.2272)  IoU (F channel): 0.2136 (0.1737)  IoU (C channel): 0.3274 (0.3118)  L1 (Db channel): 0.1713 (0.1726)  L1 (Dn channel): 0.1565 (0.1592)  lr: 0.000006  iter-time: 0.5255
[19:56:06.924963] Epoch: [29] Total time: 0:03:51 (0.5044 s / it)
[19:56:06.925086] [Train] averaged stats: loss: 0.2612 (0.2272)  IoU (F channel): 0.2136 (0.1737)  IoU (C channel): 0.3274 (0.3118)  L1 (Db channel): 0.1713 (0.1726)  L1 (Dn channel): 0.1565 (0.1592)  lr: 0.000006
[19:56:10.944020] Epoch: [29]  [ 0/52]  eta: 0:03:28  loss: 0.0002 (0.0002)  IoU (F channel): 0.0000 (0.0000)  IoU (C channel): 0.0000 (0.0000)  L1 (Db channel): 0.1700 (0.1700)  L1 (Dn channel): 0.2102 (0.2102)  iter-time: 4.0171
[19:56:12.735816] Epoch: [29]  [10/52]  eta: 0:00:22  loss: 0.1777 (0.1362)  IoU (F channel): 0.0000 (0.0000)  IoU (C channel): 0.0000 (0.0026)  L1 (Db channel): 0.1835 (0.1938)  L1 (Dn channel): 0.1720 (0.1765)  iter-time: 0.5281
[19:56:14.415457] Epoch: [29]  [20/52]  eta: 0:00:11  loss: 0.2213 (0.2063)  IoU (F channel): 0.0000 (0.0035)  IoU (C channel): 0.0041 (0.0056)  L1 (Db channel): 0.2493 (0.2279)  L1 (Dn channel): 0.1405 (0.1570)  iter-time: 0.1735
[19:56:16.000168] Epoch: [29]  [30/52]  eta: 0:00:06  loss: 0.2685 (0.1766)  IoU (F channel): 0.0000 (0.0093)  IoU (C channel): 0.0063 (0.0142)  L1 (Db channel): 0.2348 (0.2093)  L1 (Dn channel): 0.1454 (0.1638)  iter-time: 0.1632
[19:56:17.559364] Epoch: [29]  [40/52]  eta: 0:00:03  loss: 0.2206 (0.2246)  IoU (F channel): 0.0033 (0.0157)  IoU (C channel): 0.1646 (0.0926)  L1 (Db channel): 0.2086 (0.2149)  L1 (Dn channel): 0.1455 (0.1571)  iter-time: 0.1572
[19:56:19.139455] Epoch: [29]  [50/52]  eta: 0:00:00  loss: 0.3182 (0.2354)  IoU (F channel): 0.0033 (0.0133)  IoU (C channel): 0.1692 (0.0885)  L1 (Db channel): 0.2234 (0.2081)  L1 (Dn channel): 0.1340 (0.1569)  iter-time: 0.1569
[19:56:19.230858] Epoch: [29]  [51/52]  eta: 0:00:00  loss: 0.2729 (0.2309)  IoU (F channel): 0.0025 (0.0130)  IoU (C channel): 0.1646 (0.0868)  L1 (Db channel): 0.2234 (0.2065)  L1 (Dn channel): 0.1340 (0.1576)  iter-time: 0.1537
[19:56:19.983771] Epoch: [29] Total time: 0:00:13 (0.2511 s / it)
[19:56:19.983800] [Val] averaged stats: loss: 0.2729 (0.2309)  IoU (F channel): 0.0025 (0.0130)  IoU (C channel): 0.1646 (0.0868)  L1 (Db channel): 0.2234 (0.2065)  L1 (Dn channel): 0.1340 (0.1576)
[19:56:19.984313] [Val] best loss: 0.2294 best  IoU (F channel): 0.0126 IoU (C channel): 0.0898 L1 (Db channel): 0.1840 L1 (Dn channel): 0.1444 
EarlyStopping counter: 1 out of 10
[19:56:19.992771] [Time] 4.1m 2.0h/2.1h

[19:56:19.992779] ~~~ Epoch 30/30 ~~~

[19:56:25.240374] Epoch: [30]  [  0/458]  eta: 0:39:57  loss: 0.2226 (0.2226)  IoU (F channel): 0.0879 (0.0879)  IoU (C channel): 0.3844 (0.3844)  L1 (Db channel): 0.1696 (0.1696)  L1 (Dn channel): 0.1554 (0.1554)  lr: 0.000006  iter-time: 5.2347
[19:56:30.930612] Epoch: [30]  [ 10/458]  eta: 0:07:24  loss: 0.1664 (0.2042)  IoU (F channel): 0.0936 (0.1535)  IoU (C channel): 0.3683 (0.3414)  L1 (Db channel): 0.1764 (0.1775)  L1 (Dn channel): 0.1575 (0.1588)  lr: 0.000005  iter-time: 0.9931
[19:56:35.838761] Epoch: [30]  [ 20/458]  eta: 0:05:30  loss: 0.2138 (0.2220)  IoU (F channel): 0.2041 (0.1824)  IoU (C channel): 0.3412 (0.3525)  L1 (Db channel): 0.1707 (0.1745)  L1 (Dn channel): 0.1584 (0.1600)  lr: 0.000005  iter-time: 0.5298
[19:56:41.047517] Epoch: [30]  [ 30/458]  eta: 0:04:50  loss: 0.1942 (0.2213)  IoU (F channel): 0.1485 (0.1650)  IoU (C channel): 0.2902 (0.3092)  L1 (Db channel): 0.1690 (0.1744)  L1 (Dn channel): 0.1591 (0.1601)  lr: 0.000005  iter-time: 0.5053
[19:56:45.868929] Epoch: [30]  [ 40/458]  eta: 0:04:23  loss: 0.1678 (0.2147)  IoU (F channel): 0.1256 (0.1746)  IoU (C channel): 0.2804 (0.3139)  L1 (Db channel): 0.1739 (0.1755)  L1 (Dn channel): 0.1604 (0.1603)  lr: 0.000005  iter-time: 0.5005
[19:56:50.334209] Epoch: [30]  [ 50/458]  eta: 0:04:02  loss: 0.2010 (0.2316)  IoU (F channel): 0.2286 (0.2004)  IoU (C channel): 0.3572 (0.3242)  L1 (Db channel): 0.1745 (0.1751)  L1 (Dn channel): 0.1608 (0.1603)  lr: 0.000004  iter-time: 0.4638
[19:56:55.597856] Epoch: [30]  [ 60/458]  eta: 0:03:52  loss: 0.2011 (0.2269)  IoU (F channel): 0.2201 (0.1946)  IoU (C channel): 0.3246 (0.3209)  L1 (Db channel): 0.1745 (0.1756)  L1 (Dn channel): 0.1577 (0.1598)  lr: 0.000004  iter-time: 0.4864
[19:57:00.802835] Epoch: [30]  [ 70/458]  eta: 0:03:42  loss: 0.2011 (0.2293)  IoU (F channel): 0.1637 (0.1926)  IoU (C channel): 0.2623 (0.3141)  L1 (Db channel): 0.1789 (0.1756)  L1 (Dn channel): 0.1568 (0.1598)  lr: 0.000004  iter-time: 0.5234
[19:57:05.487035] Epoch: [30]  [ 80/458]  eta: 0:03:32  loss: 0.2035 (0.2281)  IoU (F channel): 0.1637 (0.1951)  IoU (C channel): 0.2146 (0.3068)  L1 (Db channel): 0.1730 (0.1750)  L1 (Dn channel): 0.1593 (0.1602)  lr: 0.000004  iter-time: 0.4944
[19:57:10.169712] Epoch: [30]  [ 90/458]  eta: 0:03:22  loss: 0.2002 (0.2277)  IoU (F channel): 0.2260 (0.2033)  IoU (C channel): 0.2887 (0.3142)  L1 (Db channel): 0.1730 (0.1743)  L1 (Dn channel): 0.1593 (0.1604)  lr: 0.000004  iter-time: 0.4683
[19:57:15.145883] Epoch: [30]  [100/458]  eta: 0:03:15  loss: 0.2033 (0.2318)  IoU (F channel): 0.2215 (0.2003)  IoU (C channel): 0.3332 (0.3149)  L1 (Db channel): 0.1751 (0.1744)  L1 (Dn channel): 0.1591 (0.1602)  lr: 0.000003  iter-time: 0.4829
[19:57:19.737158] Epoch: [30]  [110/458]  eta: 0:03:07  loss: 0.2118 (0.2355)  IoU (F channel): 0.1632 (0.2001)  IoU (C channel): 0.3304 (0.3132)  L1 (Db channel): 0.1757 (0.1742)  L1 (Dn channel): 0.1595 (0.1602)  lr: 0.000003  iter-time: 0.4783
[19:57:25.547287] Epoch: [30]  [120/458]  eta: 0:03:02  loss: 0.2099 (0.2387)  IoU (F channel): 0.2055 (0.2031)  IoU (C channel): 0.3043 (0.3127)  L1 (Db channel): 0.1717 (0.1740)  L1 (Dn channel): 0.1602 (0.1603)  lr: 0.000003  iter-time: 0.5195
[19:57:30.112057] Epoch: [30]  [130/458]  eta: 0:02:55  loss: 0.1927 (0.2362)  IoU (F channel): 0.1586 (0.1986)  IoU (C channel): 0.2740 (0.3115)  L1 (Db channel): 0.1716 (0.1738)  L1 (Dn channel): 0.1591 (0.1603)  lr: 0.000003  iter-time: 0.5182
[19:57:34.540786] Epoch: [30]  [140/458]  eta: 0:02:48  loss: 0.1927 (0.2374)  IoU (F channel): 0.1214 (0.1960)  IoU (C channel): 0.3171 (0.3121)  L1 (Db channel): 0.1716 (0.1738)  L1 (Dn channel): 0.1580 (0.1602)  lr: 0.000003  iter-time: 0.4496
[19:57:39.089549] Epoch: [30]  [150/458]  eta: 0:02:41  loss: 0.2000 (0.2385)  IoU (F channel): 0.1301 (0.1933)  IoU (C channel): 0.3182 (0.3120)  L1 (Db channel): 0.1752 (0.1739)  L1 (Dn channel): 0.1588 (0.1602)  lr: 0.000002  iter-time: 0.4488
[19:57:44.095840] Epoch: [30]  [160/458]  eta: 0:02:35  loss: 0.1927 (0.2383)  IoU (F channel): 0.1301 (0.1944)  IoU (C channel): 0.3116 (0.3128)  L1 (Db channel): 0.1722 (0.1739)  L1 (Dn channel): 0.1579 (0.1600)  lr: 0.000002  iter-time: 0.4777
[19:57:49.231434] Epoch: [30]  [170/458]  eta: 0:02:30  loss: 0.1729 (0.2341)  IoU (F channel): 0.1240 (0.1934)  IoU (C channel): 0.3584 (0.3173)  L1 (Db channel): 0.1708 (0.1740)  L1 (Dn channel): 0.1574 (0.1600)  lr: 0.000002  iter-time: 0.5070
[19:57:54.053921] Epoch: [30]  [180/458]  eta: 0:02:24  loss: 0.1620 (0.2301)  IoU (F channel): 0.0814 (0.1945)  IoU (C channel): 0.3772 (0.3178)  L1 (Db channel): 0.1770 (0.1742)  L1 (Dn channel): 0.1585 (0.1599)  lr: 0.000002  iter-time: 0.4978
[19:57:59.267207] Epoch: [30]  [190/458]  eta: 0:02:19  loss: 0.1743 (0.2311)  IoU (F channel): 0.1697 (0.1949)  IoU (C channel): 0.3423 (0.3192)  L1 (Db channel): 0.1755 (0.1740)  L1 (Dn channel): 0.1585 (0.1600)  lr: 0.000002  iter-time: 0.5017
[19:58:04.446224] Epoch: [30]  [200/458]  eta: 0:02:14  loss: 0.2392 (0.2315)  IoU (F channel): 0.1160 (0.1926)  IoU (C channel): 0.3343 (0.3190)  L1 (Db channel): 0.1707 (0.1740)  L1 (Dn channel): 0.1610 (0.1600)  lr: 0.000002  iter-time: 0.5195
[19:58:08.938969] Epoch: [30]  [210/458]  eta: 0:02:07  loss: 0.2002 (0.2305)  IoU (F channel): 0.0725 (0.1906)  IoU (C channel): 0.3311 (0.3191)  L1 (Db channel): 0.1768 (0.1741)  L1 (Dn channel): 0.1587 (0.1601)  lr: 0.000002  iter-time: 0.4835
[19:58:13.473289] Epoch: [30]  [220/458]  eta: 0:02:02  loss: 0.1679 (0.2316)  IoU (F channel): 0.0870 (0.1893)  IoU (C channel): 0.2812 (0.3162)  L1 (Db channel): 0.1767 (0.1741)  L1 (Dn channel): 0.1584 (0.1601)  lr: 0.000001  iter-time: 0.4513
[19:58:18.608837] Epoch: [30]  [230/458]  eta: 0:01:57  loss: 0.1937 (0.2314)  IoU (F channel): 0.1162 (0.1883)  IoU (C channel): 0.2684 (0.3153)  L1 (Db channel): 0.1785 (0.1743)  L1 (Dn channel): 0.1577 (0.1600)  lr: 0.000001  iter-time: 0.4834
[19:58:23.950923] Epoch: [30]  [240/458]  eta: 0:01:52  loss: 0.1937 (0.2312)  IoU (F channel): 0.1106 (0.1858)  IoU (C channel): 0.2960 (0.3124)  L1 (Db channel): 0.1773 (0.1744)  L1 (Dn channel): 0.1577 (0.1599)  lr: 0.000001  iter-time: 0.5238
[19:58:28.964958] Epoch: [30]  [250/458]  eta: 0:01:46  loss: 0.1931 (0.2308)  IoU (F channel): 0.0805 (0.1832)  IoU (C channel): 0.2767 (0.3111)  L1 (Db channel): 0.1764 (0.1744)  L1 (Dn channel): 0.1579 (0.1599)  lr: 0.000001  iter-time: 0.5177
[19:58:34.069916] Epoch: [30]  [260/458]  eta: 0:01:41  loss: 0.1931 (0.2318)  IoU (F channel): 0.1038 (0.1845)  IoU (C channel): 0.2767 (0.3096)  L1 (Db channel): 0.1782 (0.1746)  L1 (Dn channel): 0.1571 (0.1598)  lr: 0.000001  iter-time: 0.5045
[19:58:39.563941] Epoch: [30]  [270/458]  eta: 0:01:36  loss: 0.1872 (0.2312)  IoU (F channel): 0.1096 (0.1823)  IoU (C channel): 0.3260 (0.3101)  L1 (Db channel): 0.1778 (0.1745)  L1 (Dn channel): 0.1568 (0.1597)  lr: 0.000001  iter-time: 0.5285
[19:58:44.234517] Epoch: [30]  [280/458]  eta: 0:01:31  loss: 0.1867 (0.2303)  IoU (F channel): 0.0733 (0.1816)  IoU (C channel): 0.3260 (0.3088)  L1 (Db channel): 0.1721 (0.1746)  L1 (Dn channel): 0.1578 (0.1598)  lr: 0.000001  iter-time: 0.5077
[19:58:48.844535] Epoch: [30]  [290/458]  eta: 0:01:25  loss: 0.1629 (0.2284)  IoU (F channel): 0.1639 (0.1835)  IoU (C channel): 0.3161 (0.3090)  L1 (Db channel): 0.1775 (0.1746)  L1 (Dn channel): 0.1576 (0.1597)  lr: 0.000001  iter-time: 0.4635
[19:58:53.729857] Epoch: [30]  [300/458]  eta: 0:01:20  loss: 0.1660 (0.2291)  IoU (F channel): 0.1487 (0.1822)  IoU (C channel): 0.3227 (0.3108)  L1 (Db channel): 0.1782 (0.1746)  L1 (Dn channel): 0.1574 (0.1597)  lr: 0.000001  iter-time: 0.4747
[19:58:58.985869] Epoch: [30]  [310/458]  eta: 0:01:15  loss: 0.1939 (0.2287)  IoU (F channel): 0.1319 (0.1817)  IoU (C channel): 0.3397 (0.3124)  L1 (Db channel): 0.1730 (0.1745)  L1 (Dn channel): 0.1578 (0.1596)  lr: 0.000001  iter-time: 0.5070
[19:59:03.554434] Epoch: [30]  [320/458]  eta: 0:01:10  loss: 0.2109 (0.2289)  IoU (F channel): 0.1768 (0.1865)  IoU (C channel): 0.3742 (0.3136)  L1 (Db channel): 0.1751 (0.1746)  L1 (Dn channel): 0.1589 (0.1596)  lr: 0.000000  iter-time: 0.4907
[19:59:08.148967] Epoch: [30]  [330/458]  eta: 0:01:04  loss: 0.1865 (0.2279)  IoU (F channel): 0.2394 (0.1880)  IoU (C channel): 0.3114 (0.3122)  L1 (Db channel): 0.1759 (0.1746)  L1 (Dn channel): 0.1582 (0.1595)  lr: 0.000000  iter-time: 0.4577
[19:59:12.701880] Epoch: [30]  [340/458]  eta: 0:00:59  loss: 0.2036 (0.2291)  IoU (F channel): 0.1899 (0.1874)  IoU (C channel): 0.2707 (0.3111)  L1 (Db channel): 0.1742 (0.1745)  L1 (Dn channel): 0.1589 (0.1596)  lr: 0.000000  iter-time: 0.4573
[19:59:17.496776] Epoch: [30]  [350/458]  eta: 0:00:54  loss: 0.2243 (0.2293)  IoU (F channel): 0.1158 (0.1859)  IoU (C channel): 0.2707 (0.3100)  L1 (Db channel): 0.1748 (0.1747)  L1 (Dn channel): 0.1591 (0.1596)  lr: 0.000000  iter-time: 0.4673
[19:59:22.265482] Epoch: [30]  [360/458]  eta: 0:00:49  loss: 0.1749 (0.2292)  IoU (F channel): 0.1224 (0.1873)  IoU (C channel): 0.3198 (0.3109)  L1 (Db channel): 0.1748 (0.1745)  L1 (Dn channel): 0.1573 (0.1596)  lr: 0.000000  iter-time: 0.4781
[19:59:26.793435] Epoch: [30]  [370/458]  eta: 0:00:44  loss: 0.1812 (0.2284)  IoU (F channel): 0.1224 (0.1859)  IoU (C channel): 0.3122 (0.3110)  L1 (Db channel): 0.1747 (0.1746)  L1 (Dn channel): 0.1577 (0.1595)  lr: 0.000000  iter-time: 0.4648
[19:59:31.472216] Epoch: [30]  [380/458]  eta: 0:00:39  loss: 0.1943 (0.2298)  IoU (F channel): 0.0968 (0.1853)  IoU (C channel): 0.2963 (0.3102)  L1 (Db channel): 0.1773 (0.1747)  L1 (Dn channel): 0.1578 (0.1595)  lr: 0.000000  iter-time: 0.4603
[19:59:36.148301] Epoch: [30]  [390/458]  eta: 0:00:34  loss: 0.2143 (0.2299)  IoU (F channel): 0.1706 (0.1864)  IoU (C channel): 0.2963 (0.3108)  L1 (Db channel): 0.1765 (0.1747)  L1 (Dn channel): 0.1583 (0.1595)  lr: 0.000000  iter-time: 0.4677
[19:59:40.872363] Epoch: [30]  [400/458]  eta: 0:00:29  loss: 0.1835 (0.2286)  IoU (F channel): 0.1706 (0.1870)  IoU (C channel): 0.3159 (0.3112)  L1 (Db channel): 0.1734 (0.1747)  L1 (Dn channel): 0.1584 (0.1595)  lr: 0.000000  iter-time: 0.4699
[19:59:45.460044] Epoch: [30]  [410/458]  eta: 0:00:23  loss: 0.1798 (0.2282)  IoU (F channel): 0.1368 (0.1863)  IoU (C channel): 0.3234 (0.3123)  L1 (Db channel): 0.1704 (0.1747)  L1 (Dn channel): 0.1578 (0.1595)  lr: 0.000000  iter-time: 0.4655
[19:59:50.023101] Epoch: [30]  [420/458]  eta: 0:00:18  loss: 0.1719 (0.2265)  IoU (F channel): 0.1105 (0.1855)  IoU (C channel): 0.3234 (0.3117)  L1 (Db channel): 0.1704 (0.1747)  L1 (Dn channel): 0.1593 (0.1596)  lr: 0.000000  iter-time: 0.4575
[19:59:54.800984] Epoch: [30]  [430/458]  eta: 0:00:13  loss: 0.1649 (0.2261)  IoU (F channel): 0.1105 (0.1841)  IoU (C channel): 0.2922 (0.3110)  L1 (Db channel): 0.1790 (0.1748)  L1 (Dn channel): 0.1583 (0.1595)  lr: 0.000000  iter-time: 0.4670
[19:59:59.571832] Epoch: [30]  [440/458]  eta: 0:00:08  loss: 0.1703 (0.2255)  IoU (F channel): 0.1163 (0.1842)  IoU (C channel): 0.3404 (0.3116)  L1 (Db channel): 0.1724 (0.1747)  L1 (Dn channel): 0.1580 (0.1596)  lr: 0.000000  iter-time: 0.4774
[20:00:04.552908] Epoch: [30]  [450/458]  eta: 0:00:03  loss: 0.2017 (0.2260)  IoU (F channel): 0.1065 (0.1842)  IoU (C channel): 0.3239 (0.3110)  L1 (Db channel): 0.1724 (0.1747)  L1 (Dn channel): 0.1580 (0.1595)  lr: 0.000000  iter-time: 0.4875
[20:00:07.415188] Epoch: [30]  [457/458]  eta: 0:00:00  loss: 0.1851 (0.2260)  IoU (F channel): 0.0929 (0.1834)  IoU (C channel): 0.3237 (0.3114)  L1 (Db channel): 0.1772 (0.1748)  L1 (Dn channel): 0.1587 (0.1596)  lr: 0.000000  iter-time: 0.4631
[20:00:08.185531] Epoch: [30] Total time: 0:03:48 (0.4982 s / it)
[20:00:08.185610] [Train] averaged stats: loss: 0.1851 (0.2260)  IoU (F channel): 0.0929 (0.1834)  IoU (C channel): 0.3237 (0.3114)  L1 (Db channel): 0.1772 (0.1748)  L1 (Dn channel): 0.1587 (0.1596)  lr: 0.000000
