SBATCH Run: biapy-channel-scale-zarr-seunet.yaml, mode: train, job-name: biapy-channel-scale-zarr-seunet, run-id: 1_w3443
SLURM_CPUS_PER_TASK=16
running BiaPy/run_biapy-py.py
Patched BiaPy create_instance_channels: float32 channels + full-volume Zarr v2 GT export
Mode overrides (train): TRAIN.ENABLE=True, TEST.ENABLE=False, MODEL.LOAD_CHECKPOINT=False
CPU overrides: SYSTEM.NUM_CPUS=16, SYSTEM.NUM_WORKERS=16
Date     : 2026-08-23 10:05:01
Arguments: Namespace(config={'SYSTEM': {'NUM_CPUS': 16, 'NUM_WORKERS': -1}, 'PROBLEM': {'TYPE': 'INSTANCE_SEG', 'NDIM': '3D', 'INSTANCE_SEG': {'DATA_CHANNELS': ['F', 'Dc', 'Dn', 'P'], 'DATA_CHANNELS_EXTRA_OPTS': [{'P': {'type': 'skeleton', 'dilation': 2}, 'Dc': {'type': 'skeleton', 'mask_values': False}, 'Dn': {'mask_values': False, 'decline_power': 2}}], 'DATA_CHANNEL_WEIGHTS': '(3.0, 4.0, 4.0, 3.0)', 'WATERSHED': {'SEED_CHANNELS': ['Dc', 'Dn'], 'SEED_CHANNELS_THRESH': ['auto', 0.05], 'TOPOGRAPHIC_SURFACE_CHANNEL': 'F', 'GROWTH_MASK_CHANNELS': ['F'], 'GROWTH_MASK_CHANNELS_THRESH': ['auto'], 'DATA_CHECK_MW': True}}}, 'DATA': {'PATCH_SIZE': '(80, 128, 128, 3)', 'TRAIN': {'PATH': 'fisbe/biapy-channel-scale-zarr/train/raw', 'GT_PATH': 'fisbe/biapy-channel-scale-zarr/train/label', 'INPUT_IMG_AXES_ORDER': 'ZYXC', 'INPUT_MASK_AXES_ORDER': 'ZYXC', 'IN_MEMORY': False}, 'VAL': {'PATH': 'fisbe/biapy-no-aug-zarr/val/raw', 'GT_PATH': 'fisbe/biapy-no-aug-zarr/val/label', 'FROM_TRAIN': False, 'INPUT_IMG_AXES_ORDER': 'ZYXC', 'INPUT_MASK_AXES_ORDER': 'ZYXC', 'IN_MEMORY': False}, 'TEST': {'PATH': 'fisbe/biapy-no-aug-zarr/test/raw', 'GT_PATH': 'fisbe/biapy-no-aug-zarr/test/label', 'INPUT_IMG_AXES_ORDER': 'ZYXC', 'INPUT_MASK_AXES_ORDER': 'ZYXC', 'IN_MEMORY': False, 'LOAD_GT': True, 'PADDING': '(4,16,16)'}}, 'AUGMENTOR': {'ENABLE': False, 'RANDOM_ROT': False, 'VFLIP': False, 'HFLIP': False, 'ZFLIP': False}, 'MODEL': {'ARCHITECTURE': 'seunet', 'FEATURE_MAPS': [16, 32, 64, 128, 256], 'Z_DOWN': [1, 1, 1, 1], 'LOAD_CHECKPOINT': False}, 'TRAIN': {'ENABLE': True, 'OPTIMIZER': 'ADAMW', 'LR': 0.001, 'BATCH_SIZE': 34, 'EPOCHS': 60, 'PATIENCE': 10, 'LR_SCHEDULER': {'NAME': 'onecycle'}}, 'TEST': {'ENABLE': False, 'REUSE_PREDICTIONS': False, 'AUGMENTATION': False, 'FULL_IMG': False, 'BY_CHUNKS': {'ENABLE': True, 'FORMAT': 'zarr', 'SAVE_OUT_TIF': True, 'INPUT_IMG_AXES_ORDER': 'ZYXC', 'WORKFLOW_PROCESS': {'ENABLE': True, 'TYPE': 'entire_pred'}}, 'POST_PROCESSING': {'INSTANCE_REFINEMENT': {'ENABLE': True, 'OPERATIONS': ['remove_small_objects'], 'VALUES': [1000]}}}}, result_dir='metrics/biapy', name='biapy-channel-scale-zarr-seunet', run_id='1_w3443', gpu='0', world_size=1, local_rank=-1, dist_on_itp=False, dist_url='env://', dist_backend='nccl')
Job      : biapy-channel-scale-zarr-seunet_1_w3443
BiaPy    : 3.7.0
Python   : 3.11.15 | packaged by conda-forge | (main, Jun 11 2026, 03:34:02) [GCC 14.3.0]
PyTorch  : 2.12.1+cu130
The following changes were made in order to adapt the input configuration:
Not using distributed mode
[10:05:02.148469] **** Using GPU: 'cuda' for training
[10:05:02.263961] CPU budget(total)=16 | per_rank=16 | main_threads=4 | num_workers(per_rank)=8 | world_size=1
[10:05:02.301780] Configuration details:
[10:05:02.301796] AUGMENTOR:
  AFFINE_MODE: reflect
  AUG_NUM_SAMPLES: 10
  AUG_SAMPLES: True
  BRIGHTNESS: False
  BRIGHTNESS_FACTOR: (-0.1, 0.1)
  BRIGHTNESS_PROB: 0.5
  CBLUR_DOWN_RANGE: (2, 8)
  CBLUR_INSIDE: True
  CBLUR_SIZE: (0.2, 0.4)
  CHANNEL_SHUFFLE: False
  CHANNEL_SHUFFLE_PROB: 0.5
  CMIX_SIZE: (0.2, 0.4)
  CNOISE_NB_ITERATIONS: (1, 3)
  CNOISE_SCALE: (0.05, 0.1)
  CNOISE_SIZE: (0.2, 0.4)
  CONTRAST: False
  CONTRAST_FACTOR: (-0.1, 0.1)
  CONTRAST_PROB: 0.5
  COUT_APPLY_TO_MASK: False
  COUT_CVAL: 0.0
  COUT_NB_ITERATIONS: (1, 3)
  COUT_SIZE: (0.05, 0.3)
  CUTBLUR: False
  CUTBLUR_PROB: 0.5
  CUTMIX: False
  CUTMIX_PROB: 0.5
  CUTNOISE: False
  CUTNOISE_PROB: 0.5
  CUTOUT: False
  CUTOUT_PROB: 0.5
  DRAW_GRID: True
  DROPOUT: False
  DROPOUT_PROB: 0.5
  DROP_RANGE: (0, 0.2)
  ELASTIC: False
  ELASTIC_PROB: 0.5
  ENABLE: False
  E_ALPHA: (12, 16)
  E_MODE: constant
  E_SIGMA: 4
  GAMMA_CONTRAST: False
  GAMMA_CONTRAST_PROB: 0.5
  GAUSSIAN_NOISE: False
  GAUSSIAN_NOISE_MEAN: 0.0
  GAUSSIAN_NOISE_PROB: 0.5
  GAUSSIAN_NOISE_USE_INPUT_IMG_MEAN_AND_VAR: False
  GAUSSIAN_NOISE_VAR: 0.05
  GC_GAMMA: (1.25, 1.75)
  GRAYSCALE: False
  GRAYSCALE_PROB: 0.5
  GRIDMASK: False
  GRIDMASK_PROB: 0.5
  GRID_D_RANGE: (0.4, 1)
  GRID_INVERT: False
  GRID_RATIO: 0.6
  GRID_ROTATE: 1.0
  G_BLUR: False
  G_BLUR_PROB: 0.5
  G_SIGMA: (1.0, 2.0)
  HFLIP: False
  HFLIP_PROB: 0.5
  MB_KERNEL: (3, 7)
  MEDIAN_BLUR: False
  MEDIAN_BLUR_PROB: 0.5
  MISALIGNMENT: False
  MISALIGNMENT_PROB: 0.5
  MISSING_SECTIONS: False
  MISSING_SECTIONS_PROB: 0.5
  MISSP_CHANNEL_PB: 0.5
  MISSP_ITERATIONS: (10, 30)
  MOTB_K_RANGE: (8, 12)
  MOTION_BLUR: False
  MOTION_BLUR_PROB: 0.5
  MS_DISPLACEMENT: 16
  MS_ROTATE_RATIO: 0.5
  PEPPER: False
  PEPPER_AMOUNT: 0.05
  PEPPER_PROB: 0.5
  POISSON_NOISE: False
  POISSON_NOISE_PROB: 0.5
  RANDOM_ROT: False
  RANDOM_ROT_PROB: 0.5
  RANDOM_ROT_RANGE: (-180, 180)
  ROT90: False
  ROT90_PROB: 0.5
  SALT: False
  SALT_AMOUNT: 0.05
  SALT_AND_PEPPER: False
  SALT_AND_PEPPER_AMOUNT: 0.05
  SALT_AND_PEPPER_PROB: 0.5
  SALT_AND_PEPPER_PROP: 0.5
  SALT_PROB: 0.5
  SHEAR: False
  SHEAR_PROB: 0.5
  SHEAR_RANGE: (-20, 20)
  SHIFT: False
  SHIFT_PROB: 0.5
  SHIFT_RANGE: (0.1, 0.2)
  SHUFFLE_TRAIN_DATA_EACH_EPOCH: True
  SHUFFLE_VAL_DATA_EACH_EPOCH: False
  VFLIP: False
  VFLIP_PROB: 0.5
  ZFLIP: False
  ZFLIP_PROB: 0.5
  ZOOM: False
  ZOOM_IN_Z: False
  ZOOM_PROB: 0.5
  ZOOM_RANGE: (0.5, 1.5)
DATA:
  CHECK_GENERATORS: False
  FILTER_BY_IMAGE: False
  FORCE_RGB: False
  NORMALIZATION:
    PERC_CLIP:
      ENABLE: False
      LOWER_PERC: -1.0
      LOWER_VALUE: [-1.0]
      UPPER_PERC: -1.0
      UPPER_VALUE: [-1.0]
    TYPE: zero_mean_unit_variance
    ZERO_MEAN_UNIT_VAR:
      MEAN_VAL: [-1.0]
      STD_VAL: [-1.0]
  N_CLASSES: 2
  PATCH_SIZE: (80, 128, 128, 3)
  PREPROCESS:
    CANNY:
      ENABLE: False
      HIGH_THRESHOLD: None
      LOW_THRESHOLD: None
    CLAHE:
      CLIP_LIMIT: 0.01
      ENABLE: False
      KERNEL_SIZE: None
    GAUSSIAN_BLUR:
      CHANNEL_AXIS: None
      ENABLE: False
      MODE: nearest
      SIGMA: 1
    MATCH_HISTOGRAM:
      ENABLE: False
      REFERENCE_PATH: user_data/test/x
    MEDIAN_BLUR:
      ENABLE: False
      KERNEL_SIZE: (3, 3, 1)
    RESIZE:
      ANTI_ALIASING: False
      CLIP: True
      CVAL: 0.0
      ENABLE: False
      MODE: reflect
      ORDER: 1
      OUTPUT_SHAPE: (512, 512)
      PRESERVE_RANGE: True
    TEST: False
    TRAIN: False
    VAL: False
    ZOOM:
      ENABLE: False
      ZOOM_FACTOR: [1, 1, 1, 1, 1]
  REFLECT_TO_COMPLETE_SHAPE: True
  SAVE_FILTERED_IMAGES: False
  SAVE_FILTERED_IMAGES_NUM: 3
  TEST:
    BINARY_MASKS: fisbe/biapy-no-aug-zarr/test/raw/../bin_mask
    CHECK_DATA: True
    DETECTION_MASK_DIR: fisbe/biapy-no-aug-zarr/test/label_detection_masks_2
    FILTER_SAMPLES:
      ENABLE: False
      NORM_BEFORE: False
      PROPS: []
      SIGNS: []
      VALUES: []
    GT_PATH: fisbe/biapy-no-aug-zarr/test/label
    INPUT_IMG_AXES_ORDER: ZYXC
    INPUT_MASK_AXES_ORDER: ZYXC
    INPUT_ZARR_MULTIPLE_DATA: False
    INPUT_ZARR_MULTIPLE_DATA_GT_PATH: 
    INPUT_ZARR_MULTIPLE_DATA_ID_PATH: annotations.ids
    INPUT_ZARR_MULTIPLE_DATA_LOCATIONS_PATH: annotations.locations
    INPUT_ZARR_MULTIPLE_DATA_PARTNERS_PATH: annotations.presynaptic_site.partners
    INPUT_ZARR_MULTIPLE_DATA_RAW_PATH: 
    INPUT_ZARR_MULTIPLE_DATA_RESOLUTION_PATH: volumes.raw
    INSTANCE_CHANNELS_MASK_DIR: fisbe/biapy-no-aug-zarr/test/label_F.erosion-0.dilation-0_Dc.type-skeleton.norm-True.mask_values-False_Dn.closing_size-3.norm-True.mask_values-False.decline_power-2_P.type-skeleton.dilation-2.erosion-0
    IN_MEMORY: False
    LOAD_GT: True
    MEDIAN_PADDING: False
    OVERLAP: (0, 0, 0)
    PADDING: (4, 16, 16)
    PATH: fisbe/biapy-no-aug-zarr/test/raw
    RESOLUTION: (1, 1, 1)
    SSL_SOURCE_DIR: fisbe/biapy-no-aug-zarr/test/raw_ssl_source
    USE_VAL_AS_TEST: False
  TRAIN:
    CHECK_DATA: True
    DETECTION_MASK_DIR: fisbe/biapy-channel-scale-zarr/train/label_detection_masks_2
    EXTRACT_RANDOM_PATCH: False
    FILTER_SAMPLES:
      ENABLE: False
      NORM_BEFORE: False
      PROPS: []
      SIGNS: []
      VALUES: []
    GT_PATH: fisbe/biapy-channel-scale-zarr/train/label
    INPUT_IMG_AXES_ORDER: ZYXC
    INPUT_MASK_AXES_ORDER: ZYXC
    INPUT_ZARR_MULTIPLE_DATA: False
    INPUT_ZARR_MULTIPLE_DATA_GT_PATH: 
    INPUT_ZARR_MULTIPLE_DATA_ID_PATH: annotations.ids
    INPUT_ZARR_MULTIPLE_DATA_LOCATIONS_PATH: annotations.locations
    INPUT_ZARR_MULTIPLE_DATA_PARTNERS_PATH: annotations.presynaptic_site.partners
    INPUT_ZARR_MULTIPLE_DATA_RAW_PATH: 
    INPUT_ZARR_MULTIPLE_DATA_RESOLUTION_PATH: volumes.raw
    INSTANCE_CHANNELS_MASK_DIR: fisbe/biapy-channel-scale-zarr/train/label_F.erosion-0.dilation-0_Dc.type-skeleton.norm-True.mask_values-False_Dn.closing_size-3.norm-True.mask_values-False.decline_power-2_P.type-skeleton.dilation-2.erosion-0
    IN_MEMORY: False
    OVERLAP: (0, 0, 0)
    PADDING: (0, 0, 0)
    PATH: fisbe/biapy-channel-scale-zarr/train/raw
    PROBABILITY_MAP: False
    REPLICATE: 0
    RESOLUTION: (1, 1, 1)
    SSL_SOURCE_DIR: fisbe/biapy-channel-scale-zarr/train/raw_ssl_source
    W_BACKGROUND: 0.06
    W_FOREGROUND: 0.94
  VAL:
    CROSS_VAL: False
    CROSS_VAL_FOLD: 1
    CROSS_VAL_NFOLD: 5
    DETECTION_MASK_DIR: fisbe/biapy-no-aug-zarr/val/label_detection_masks_2
    DIST_EVAL: True
    FILTER_SAMPLES:
      ENABLE: False
      NORM_BEFORE: False
      PROPS: []
      SIGNS: []
      VALUES: []
    FROM_TRAIN: False
    GT_PATH: fisbe/biapy-no-aug-zarr/val/label
    INPUT_IMG_AXES_ORDER: ZYXC
    INPUT_MASK_AXES_ORDER: ZYXC
    INPUT_ZARR_MULTIPLE_DATA: False
    INPUT_ZARR_MULTIPLE_DATA_GT_PATH: 
    INPUT_ZARR_MULTIPLE_DATA_ID_PATH: annotations.ids
    INPUT_ZARR_MULTIPLE_DATA_LOCATIONS_PATH: annotations.locations
    INPUT_ZARR_MULTIPLE_DATA_PARTNERS_PATH: annotations.presynaptic_site.partners
    INPUT_ZARR_MULTIPLE_DATA_RAW_PATH: 
    INPUT_ZARR_MULTIPLE_DATA_RESOLUTION_PATH: volumes.raw
    INSTANCE_CHANNELS_MASK_DIR: fisbe/biapy-no-aug-zarr/val/label_F.erosion-0.dilation-0_Dc.type-skeleton.norm-True.mask_values-False_Dn.closing_size-3.norm-True.mask_values-False.decline_power-2_P.type-skeleton.dilation-2.erosion-0
    IN_MEMORY: False
    OVERLAP: (0, 0, 0)
    PADDING: (0, 0, 0)
    PATH: fisbe/biapy-no-aug-zarr/val/raw
    RANDOM: True
    RESOLUTION: (1, 1, 1)
    SPLIT_TRAIN: 0.1
    SSL_SOURCE_DIR: fisbe/biapy-no-aug-zarr/val/raw_ssl_source
LOG:
  CHART_CREATION_FREQ: 5
  LOG_DIR: metrics/biapy/biapy-channel-scale-zarr-seunet/logs
  LOG_FILE_PREFIX: biapy-channel-scale-zarr-seunet_1_w3443
  TENSORBOARD_LOG_DIR: metrics/biapy/biapy-channel-scale-zarr-seunet/results/biapy-channel-scale-zarr-seunet_1_w3443/tensorboard
LOSS:
  CLASS_REBALANCE: none
  CLASS_WEIGHTS: []
  CONTRAST:
    ENABLE: False
    MEMORY_SIZE: 5000
    PIXEL_UPD_FREQ: 10
    PROJ_DIM: 256
  CYCLEGAN:
    ALPHA_PERCEPTUAL: 0.0
    DELTA_MSE: 0.0
    GAMMA_SSIM: 1.0
    LAMBDA_GAN: 1.0
    LAMBDA_RECON: 10.0
  IGNORE_INDEX: -1
  TYPE: 
  WEIGHTS: [1.0, 1.0]
MODEL:
  ACTIVATION: elu
  ARCHITECTURE: seunet
  BMZ:
    EXPORT:
      AUTHORS: []
      CITE: []
      DATASET_INFO: [{}]
      DESCRIPTION: 
      DOCUMENTATION: 
      ENABLE: False
      LICENSE: CC-BY-4.0
      MODEL_NAME: 
      MODEL_VERSION: 0.1.0
      REUSE_BMZ_CONFIG: False
      TAGS: []
    SOURCE_MODEL_ID: 
  CONVNEXT_LAYER_SCALE: 1e-06
  CONVNEXT_SD_PROB: 0.1
  CONVNEXT_STEM_K_SIZE: 2
  CONV_BLOCK_ORDER: conv_norm_act
  CONV_LAYERS: [2, 2, 2, 2, 2]
  DROPOUT_VALUES: [0.0, 0.0, 0.0, 0.0, 0.0]
  FEATURE_MAPS: [16, 32, 64, 128, 256]
  FREEZE_LAYERS_MATCHING: []
  HRNET:
    BLOCK_TYPE: BASIC
    HEAD_TYPE: FCN
    NUM_BLOCKS: [[4, 4], [4, 4, 4], [4, 4, 4, 4]]
    NUM_BRANCHES: [2, 3, 4]
    NUM_CHANNELS: [[18, 36], [18, 36, 72], [18, 36, 72, 144]]
    NUM_MODULES: [1, 4, 3]
    NUM_STAGES: 3
    VARIANT: W48
    YX_DOWN: [0, 0, 0]
    Z_DOWN: [0, 0, 0]
  ISOTROPY: [True, True, True, True, True]
  ITEMS_TO_LOAD_FROM_CHECKPOINT: ['weights', 'norm', 'model_arch']
  KERNEL_SIZE: 3
  LARGER_IO: False
  LOAD_CHECKPOINT: False
  LOAD_CHECKPOINT_EPOCH: best_on_val
  MAE_DEC_HIDDEN_SIZE: 512
  MAE_DEC_MLP_DIMS: 2048
  MAE_DEC_NUM_HEADS: 16
  MAE_DEC_NUM_LAYERS: 8
  MAE_MASK_RATIO: 0.5
  MAE_MASK_TYPE: grid
  NAFNET:
    ARCHITECTURE_D: patchgan
    DEC_BLK_NUMS: [2, 2, 2, 2]
    DW_EXPAND: 2
    ENC_BLK_NUMS: [2, 2, 4, 8]
    FFN_EXPAND: 2
    MIDDLE_BLK_NUM: 12
    PATCHGAN:
      BASE_FILTERS: 64
    WIDTH: 16
  NORMALIZATION: in
  OUT_CHECKPOINT_FORMAT: pth
  RCAN_CONV_FILTERS: 16
  RCAN_RCAB_BLOCK_NUM: 20
  RCAN_REDUCTION_RATIO: 16
  RCAN_RG_BLOCK_NUM: 10
  RCAN_UPSCALING_LAYER: True
  SAVE_CKPT_FREQ: -1
  SKIP_UNMATCHED_LAYERS: False
  SOURCE: biapy
  STUNET:
    PRETRAINED: False
    VARIANT: base
  TORCHVISION_MODEL_NAME: 
  UNETR_VIT_HIDD_MULT: -1
  UNETR_VIT_MODEL: custom
  UNETR_VIT_NUM_FILTERS: 16
  UNET_SR_UPSAMPLE_POSITION: pre
  UPSAMPLE_LAYER: convtranspose
  VIT_EMBED_DIM: 768
  VIT_MLP_RATIO: 4.0
  VIT_MODEL: custom
  VIT_NORM_EPS: 1e-06
  VIT_NUM_HEADS: 12
  VIT_NUM_LAYERS: 12
  VIT_PRETRAINED_WEIGHTS: 
  VIT_TOKEN_SIZE: 16
  YX_DOWN: [2, 2, 2, 2]
  Z_DOWN: [1, 1, 1, 1]
PATHS:
  BMZ_EXPORT_PATH: metrics/biapy/biapy-channel-scale-zarr-seunet/results/biapy-channel-scale-zarr-seunet_1_w3443/BMZ_files
  CHARTS: metrics/biapy/biapy-channel-scale-zarr-seunet/results/biapy-channel-scale-zarr-seunet_1_w3443/charts
  CHECKPOINT: metrics/biapy/biapy-channel-scale-zarr-seunet/checkpoints
  CHECKPOINT_FILE: 
  DA_SAMPLES: metrics/biapy/biapy-channel-scale-zarr-seunet/results/biapy-channel-scale-zarr-seunet_1_w3443/aug
  FIL_SAMPLES_DIR: metrics/biapy/biapy-channel-scale-zarr-seunet/results/biapy-channel-scale-zarr-seunet_1_w3443/filtering_information
  GEN_CHECKS: metrics/biapy/biapy-channel-scale-zarr-seunet/results/biapy-channel-scale-zarr-seunet_1_w3443/gen_check
  GEN_MASK_CHECKS: metrics/biapy/biapy-channel-scale-zarr-seunet/results/biapy-channel-scale-zarr-seunet_1_w3443/gen_mask_check
  MAE_OUT_DIR: metrics/biapy/biapy-channel-scale-zarr-seunet/results/biapy-channel-scale-zarr-seunet_1_w3443/MAE_checks
  PROB_MAP_DIR: metrics/biapy/biapy-channel-scale-zarr-seunet/prob_map
  PROB_MAP_FILENAME: prob_map.npy
  PROFILER: metrics/biapy/biapy-channel-scale-zarr-seunet/results/biapy-channel-scale-zarr-seunet_1_w3443/profiler
  RESULT_DIR:
    AS_3D_STACK: metrics/biapy/biapy-channel-scale-zarr-seunet/results/biapy-channel-scale-zarr-seunet_1_w3443/as_3d_stack
    AS_3D_STACK_BIN: metrics/biapy/biapy-channel-scale-zarr-seunet/results/biapy-channel-scale-zarr-seunet_1_w3443/as_3d_stack_binarized
    AS_3D_STACK_POST_PROCESSING: metrics/biapy/biapy-channel-scale-zarr-seunet/results/biapy-channel-scale-zarr-seunet_1_w3443/as_3d_stack_post_processing
    DET_ASSOC_POINTS: metrics/biapy/biapy-channel-scale-zarr-seunet/results/biapy-channel-scale-zarr-seunet_1_w3443/point_associations
    DET_LOCAL_MAX_COORDS_CHECK: metrics/biapy/biapy-channel-scale-zarr-seunet/results/biapy-channel-scale-zarr-seunet_1_w3443/per_image_local_max_check
    DET_LOCAL_MAX_COORDS_CHECK_POST_PROCESSING: metrics/biapy/biapy-channel-scale-zarr-seunet/results/biapy-channel-scale-zarr-seunet_1_w3443/per_image_local_max_check_post_processing
    FULL_IMAGE: metrics/biapy/biapy-channel-scale-zarr-seunet/results/biapy-channel-scale-zarr-seunet_1_w3443/full_image
    FULL_IMAGE_BIN: metrics/biapy/biapy-channel-scale-zarr-seunet/results/biapy-channel-scale-zarr-seunet_1_w3443/full_image_binarized
    FULL_IMAGE_INSTANCES: metrics/biapy/biapy-channel-scale-zarr-seunet/results/biapy-channel-scale-zarr-seunet_1_w3443/full_image_instances
    FULL_IMAGE_POST_PROCESSING: metrics/biapy/biapy-channel-scale-zarr-seunet/results/biapy-channel-scale-zarr-seunet_1_w3443/full_image_post_processing
    INST_ASSOC_POINTS: metrics/biapy/biapy-channel-scale-zarr-seunet/results/biapy-channel-scale-zarr-seunet_1_w3443/instance_associations
    PATH: metrics/biapy/biapy-channel-scale-zarr-seunet/results/biapy-channel-scale-zarr-seunet_1_w3443
    PER_IMAGE: metrics/biapy/biapy-channel-scale-zarr-seunet/results/biapy-channel-scale-zarr-seunet_1_w3443/per_image
    PER_IMAGE_BIN: metrics/biapy/biapy-channel-scale-zarr-seunet/results/biapy-channel-scale-zarr-seunet_1_w3443/per_image_binarized
    PER_IMAGE_INSTANCES: metrics/biapy/biapy-channel-scale-zarr-seunet/results/biapy-channel-scale-zarr-seunet_1_w3443/per_image_instances
    PER_IMAGE_POST_PROCESSING: metrics/biapy/biapy-channel-scale-zarr-seunet/results/biapy-channel-scale-zarr-seunet_1_w3443/per_image_post_processing
  TEST_FULL_GT_H5: fisbe/biapy-no-aug-zarr/test/label/h5
  TEST_INSTANCE_CHANNELS_CHECK: metrics/biapy/biapy-channel-scale-zarr-seunet/results/biapy-channel-scale-zarr-seunet_1_w3443/test_FDcDnP_instance_channels
  TRAIN_INSTANCE_CHANNELS_CHECK: metrics/biapy/biapy-channel-scale-zarr-seunet/results/biapy-channel-scale-zarr-seunet_1_w3443/train_FDcDnP_instance_channels
  VAL_INSTANCE_CHANNELS_CHECK: metrics/biapy/biapy-channel-scale-zarr-seunet/results/biapy-channel-scale-zarr-seunet_1_w3443/val_FDcDnP_instance_channels
  WATERSHED_DIR: metrics/biapy/biapy-channel-scale-zarr-seunet/results/biapy-channel-scale-zarr-seunet_1_w3443/watershed
PROBLEM:
  DENOISING:
    LOAD_GT_DATA: False
    N2V_MANIPULATOR: uniform_withCP
    N2V_NEIGHBORHOOD_RADIUS: 5
    N2V_PERC_PIX: 0.198
    N2V_STRUCTMASK: False
  DETECTION:
    CENTRAL_POINT_DILATION: [2]
    CHECK_POINTS_CREATED: True
    CLASS_REBALANCE_WITHIN_CHANNELS: True
    DATA_CHANNEL_WEIGHTS: (1, 1)
    DATA_CHECK_MW: False
    SEPARATED_DECODERS_DIVIDE_FEATURE_MAPS: False
    SEPARATED_DECODERS_PER_HEAD: False
  IMAGE_TO_IMAGE:
    CHANNELS_PER_HEAD_INFO: []
    MULTIPLE_RAW_ONE_TARGET_LOADER: False
    OUTPUT_CHANNELS: 1
    OUTPUT_CHANNEL_ACT: []
    SEPARATED_DECODERS_DIVIDE_FEATURE_MAPS: False
    SEPARATED_DECODERS_PER_HEAD: False
  INSTANCE_SEG:
    BORDER_EXTRA_WEIGHTS: 
    CELLPOSE:
      DIAMETER: 0.0
      DIAM_MEAN: 30.0
      FG_THRESH: 0.5
      FLOW_THRESHOLD: 0.4
      N_STEPS: 200
      SCALE_RANGE: 0.5
      TEST_DOUBLE_INFERENCE: True
    CHANNELS_PER_HEAD_INFO: []
    CLASS_REBALANCE_WITHIN_CHANNELS: True
    DATA_CHANNELS: ['F', 'Dc', 'Dn', 'P']
    DATA_CHANNELS_EXTRA_OPTS: [{'P': {'type': 'skeleton', 'dilation': 2, 'erosion': 0}, 'Dc': {'type': 'skeleton', 'norm': True, 'mask_values': False}, 'Dn': {'closing_size': 3, 'norm': True, 'mask_values': False, 'decline_power': 2}, 'F': {'erosion': 0, 'dilation': 0}}]
    DATA_CHANNELS_LOSSES: ['bce', 'l1', 'l1', 'bce']
    DATA_CHANNEL_WEIGHTS: (3.0, 4.0, 4.0, 3.0)
    EMBEDSEG:
      FG_THRESH: 0.5
      GRID_SIZE: -1
      MIN_MASK_SUM: 0
      MIN_UNCLUSTERED_SUM: 0
      SEED_THRESH: 0.9
    INSTANCE_CREATION_PROCESS: watershed
    OMNIPOSE:
      FLOW_THRESHOLD: 0.4
      MASK_THRESHOLD: 0.0
      NITER: 0
    SEPARATED_DECODERS_DIVIDE_FEATURE_MAPS: False
    SEPARATED_DECODERS_PER_HEAD: False
    STARDIST:
      GRID: []
      NMS_IOU_THRESH: 0.3
      PROB_THRESH: 0.4
    SYNAPSES:
      BLOB_LOG_MAX_SIGMA: 10
      BLOB_LOG_MIN_SIGMA: 5
      BLOB_LOG_NUM_SIGMA: 2
      EXCLUDE_BORDER: False
      MIN_TH_TO_BE_PEAK: 0.2
      PEAK_LOCAL_MAX_MIN_DISTANCE: 1
      POINT_CREATION_FUNCTION: peak_local_max
      REMOVE_CLOSE_POINTS_RADIUS_BY_MASK: False
      REMOVE_CLOSE_POST_POINTS_RADIUS: 0
      REMOVE_CLOSE_PRE_POINTS_RADIUS: 0
      TH_TYPE: auto
    TYPE: regular
    WATERSHED:
      BY_2D_SLICES: False
      DATA_CHECK_MW: True
      DATA_REMOVE_BEFORE_MW: False
      DATA_REMOVE_SMALL_OBJ_BEFORE: 10
      ERODE_AND_DILATE_GROWTH_MASK: False
      FORE_DILATION_RADIUS: 5
      FORE_EROSION_RADIUS: 5
      GROWTH_MASK_CHANNELS: ['F']
      GROWTH_MASK_CHANNELS_THRESH: ['auto']
      SEED_CHANNELS: ['Dc', 'Dn']
      SEED_CHANNELS_THRESH: ['auto', 0.05]
      SEED_MORPH_RADIUS: []
      SEED_MORPH_SEQUENCE: []
      TOPOGRAPHIC_SURFACE_CHANNEL: F
  NDIM: 3D
  PRINT_OLD_KEY_CHANGES: True
  SELF_SUPERVISED:
    NOISE: 0.2
    PRETEXT_TASK: crappify
    RESIZING_FACTOR: 4
  SEMANTIC_SEG:
    IGNORE_CLASS_ID: 0
  SUPER_RESOLUTION:
    UPSCALING: (1, 1, 1)
  TYPE: INSTANCE_SEG
SYSTEM:
  DEVICE: cpu
  NUM_CPUS: 16
  NUM_GPUS: 1
  NUM_WORKERS: -1
  PIN_MEM: True
  SEED: 0
TEST:
  ANALIZE_2D_IMGS_AS_3D_STACK: False
  AUGMENTATION: False
  AUGMENTATION_GROUP: auto
  AUGMENTATION_MODE: mean
  BY_CHUNKS:
    ENABLE: True
    FLUSH_EACH: 100
    PHASES: ['prediction', 'instance_creation', 'instance_merging']
    SAVE_OUT_TIF: True
    WORKFLOW_PROCESS:
      ENABLE: True
      INSTANCE_SEG_HALO: -1
      INSTANCE_SEG_MERGE_IOU_TH: 0.3
      TYPE: entire_pred
    Z_END: -1
    Z_START: -1
  DET_BLOB_LOG_MAX_SIGMA: 10
  DET_BLOB_LOG_MIN_SIGMA: 5
  DET_BLOB_LOG_NUM_SIGMA: 2
  DET_EXCLUDE_BORDER: False
  DET_IGNORE_POINTS_OUTSIDE_BOX: []
  DET_MIN_TH_TO_BE_PEAK: 0.2
  DET_PEAK_LOCAL_MAX_MIN_DISTANCE: 1
  DET_POINT_CREATION_FUNCTION: peak_local_max
  DET_TH_TYPE: manual
  DET_TOLERANCE: 10
  ENABLE: False
  FULL_IMG: False
  MATCHING_STATS: True
  MATCHING_STATS_BY_IMAGE: True
  MATCHING_STATS_THS: [0.3, 0.5, 0.75]
  MATCHING_STATS_THS_COLORED_IMG: []
  METRICS: ['iou']
  METRICS_IN_CPU: False
  POST_PROCESSING:
    APPLY_MASK: False
    DET_WATERSHED: False
    DET_WATERSHED_DONUTS_CLASSES: [-1]
    DET_WATERSHED_DONUTS_NUCLEUS_DIAMETER: 30
    DET_WATERSHED_DONUTS_PATCH: [13, 120, 120]
    DET_WATERSHED_FIRST_DILATION: [-1, -1]
    INSTANCE_REFINEMENT:
      ENABLE: True
      OPERATIONS: ['remove_small_objects']
      VALUES: [1000]
    MEASURE_PROPERTIES:
      ENABLE: False
      EXTRA_PROPS: []
      REMOVE_BY_PROPERTIES:
        ENABLE: False
        PROPS: []
        SIGNS: []
        VALUES: []
    MEDIAN_FILTER: False
    MEDIAN_FILTER_AXIS: []
    MEDIAN_FILTER_SIZE: []
    REMOVE_CLOSE_POINTS: False
    REMOVE_CLOSE_POINTS_RADIUS: 0
    REPARE_LARGE_BLOBS_SIZE: -1
    VORONOI_ON_MASK: False
    VORONOI_TH: 0.0
  REDUCE_MEMORY: False
  REUSE_PREDICTIONS: False
  SAVE_MODEL_RAW_OUTPUT: True
  VERBOSE: True
TRAIN:
  BATCH_SIZE: 34
  CHECKPOINT_MONITOR: val_loss
  ENABLE: True
  EPOCHS: 60
  GRADIENT_CLIP_NORM: 0.0
  LR: [0.001]
  LR_SCHEDULER:
    MIN_LR: [-1.0]
    NAME: onecycle
    REDUCEONPLATEAU_FACTOR: 0.5
    REDUCEONPLATEAU_PATIENCE: -1
    WARMUP_COSINE_DECAY_EPOCHS: -1
  METRICS: ['iou']
  OPTIMIZER: ['ADAMW']
  OPT_BETAS: [[0.9, 0.999]]
  PATIENCE: 10
  VERBOSE: False
  W_DECAY: 0.02
[10:05:02.499370] *~~~~~~~~~~~~~~~~~~~~~~~~~~~~~~~~~~~~~~~~~~~~~~~~~~*
[10:05:02.499394] Initializing Instance_Segmentation_Workflow
[10:05:02.499400] *~~~~~~~~~~~~~~~~~~~~~~~~~~~~~~~~~~~~~~~~~~~~~~~~~~*

[10:05:02.870295] Creating normalization module . . .
[10:05:02.870351] Normalization module created with the following configuration:
[10:05:02.870359]   type: zero_mean_unit_variance
[10:05:02.870366]   target_type: mask
[10:05:02.870371]   out_dtype: float32
[10:05:02.870378]   norm_target: False
[10:05:02.870383]   percentile_clip: False
[10:05:02.870392]   per_lower_bound: -1.0
[10:05:02.870398]   per_upper_bound: -1.0
[10:05:02.870411]   lower_bound_val: [-1.0]
[10:05:02.870417]   upper_bound_val: [-1.0]
[10:05:02.870423]   mean: [-1.0]
[10:05:02.870429]   std: [-1.0]
[10:05:02.870450] ###########################
[10:05:02.870456] #  PREPARE INSTANCE DATA  #
[10:05:02.870461] ###########################
[10:05:02.872553] DATA.TRAIN.GT_PATH changed from fisbe/biapy-channel-scale-zarr/train/label to fisbe/biapy-channel-scale-zarr/train/label_F.erosion-0.dilation-0_Dc.type-skeleton.norm-True.mask_values-False_Dn.closing_size-3.norm-True.mask_values-False.decline_power-2_P.type-skeleton.dilation-2.erosion-0
[10:05:02.872564] DATA.VAL.GT_PATH changed from fisbe/biapy-no-aug-zarr/val/label to fisbe/biapy-no-aug-zarr/val/label_F.erosion-0.dilation-0_Dc.type-skeleton.norm-True.mask_values-False_Dn.closing_size-3.norm-True.mask_values-False.decline_power-2_P.type-skeleton.dilation-2.erosion-0
[10:05:02.872966] Training on PATH=fisbe/biapy-channel-scale-zarr/train/raw GT_PATH=fisbe/biapy-channel-scale-zarr/train/label_F.erosion-0.dilation-0_Dc.type-skeleton.norm-True.mask_values-False_Dn.closing_size-3.norm-True.mask_values-False.decline_power-2_P.type-skeleton.dilation-2.erosion-0
[10:05:02.873004] ##########################
[10:05:02.873011] #   LOAD TRAINING DATA   #
[10:05:02.873020] ##########################
[10:05:02.873083] ### LOAD ###
[10:05:02.879046] Gathering raw images for training data . . .
[10:05:03.757938] Gathering labels for training data . . .
[10:05:04.509573] Checking training raw and label images' shapes . . .
[10:05:04.520181] Gathering raw images for validation data . . .
[10:05:04.563641] Gathering labels for validation data . . .
[10:05:04.618129] Checking validation raw and label images' shapes . . .
[10:05:04.618796] ### LOAD RESULTS ###
[10:05:04.618809] *** Loaded train data shape is: (16676, 80, 128, 128)
[10:05:04.618817] *** Loaded train GT shape is: (16676, 80, 128, 128)
[10:05:04.618824] *** Loaded validation data shape is: (900, 80, 128, 128)
[10:05:04.618831] *** Loaded validation GT shape is: (900, 80, 128, 128)
[10:05:04.618836] ### END LOAD ###
[10:05:04.618865] ###############
[10:05:04.618872] # Build model #
[10:05:04.618877] ###############
[10:05:04.642522] Selected output channels:
[10:05:04.642547]   - 0 channel for F+Dc+Dn+P output
[10:05:08.983600] =================================================================================================================================================
Layer (type:depth-idx)                                                 Input Shape               Output Shape              Param #
=================================================================================================================================================
SE_U_Net                                                               [1, 3, 80, 128, 128]      [1, 4, 80, 128, 128]      --
├─ModuleList: 1-7                                                      --                        --                        (recursive)
│    └─ConvBlock: 2-1                                                  [1, 3, 80, 128, 128]      [1, 16, 80, 128, 128]     --
│    │    └─Sequential: 3-1                                            [1, 3, 80, 128, 128]      [1, 16, 80, 128, 128]     --
│    │    │    └─ConvBlock: 4-1                                        [1, 3, 80, 128, 128]      [1, 16, 80, 128, 128]     --
│    │    │    │    └─Sequential: 5-1                                  [1, 3, 80, 128, 128]      [1, 16, 80, 128, 128]     --
│    │    │    │    │    └─Conv3d: 6-1                                 [1, 3, 80, 128, 128]      [1, 16, 80, 128, 128]     1,312
│    │    │    │    │    └─InstanceNorm3d: 6-2                         [1, 16, 80, 128, 128]     [1, 16, 80, 128, 128]     32
│    │    │    │    │    └─ELU: 6-3                                    [1, 16, 80, 128, 128]     [1, 16, 80, 128, 128]     --
│    │    │    │    │    └─SqExBlock: 6-4                              [1, 16, 80, 128, 128]     [1, 16, 80, 128, 128]     --
│    │    │    │    │    │    └─AdaptiveAvgPool3d: 7-1                 [1, 16, 80, 128, 128]     [1, 16, 1, 1, 1]          --
│    │    │    │    │    │    └─Sequential: 7-2                        [1, 16]                   [1, 16]                   --
│    │    │    │    │    │    │    └─Linear: 8-1                       [1, 16]                   [1, 1]                    16
│    │    │    │    │    │    │    └─ReLU: 8-2                         [1, 1]                    [1, 1]                    --
│    │    │    │    │    │    │    └─Linear: 8-3                       [1, 1]                    [1, 16]                   16
│    │    │    │    │    │    │    └─Sigmoid: 8-4                      [1, 16]                   [1, 16]                   --
│    │    │    └─ConvBlock: 4-2                                        [1, 16, 80, 128, 128]     [1, 16, 80, 128, 128]     --
│    │    │    │    └─Sequential: 5-2                                  [1, 16, 80, 128, 128]     [1, 16, 80, 128, 128]     --
│    │    │    │    │    └─Conv3d: 6-5                                 [1, 16, 80, 128, 128]     [1, 16, 80, 128, 128]     6,928
│    │    │    │    │    └─InstanceNorm3d: 6-6                         [1, 16, 80, 128, 128]     [1, 16, 80, 128, 128]     32
│    │    │    │    │    └─ELU: 6-7                                    [1, 16, 80, 128, 128]     [1, 16, 80, 128, 128]     --
│    │    │    │    │    └─SqExBlock: 6-8                              [1, 16, 80, 128, 128]     [1, 16, 80, 128, 128]     --
│    │    │    │    │    │    └─AdaptiveAvgPool3d: 7-3                 [1, 16, 80, 128, 128]     [1, 16, 1, 1, 1]          --
│    │    │    │    │    │    └─Sequential: 7-4                        [1, 16]                   [1, 16]                   --
│    │    │    │    │    │    │    └─Linear: 8-5                       [1, 16]                   [1, 1]                    16
│    │    │    │    │    │    │    └─ReLU: 8-6                         [1, 1]                    [1, 1]                    --
│    │    │    │    │    │    │    └─Linear: 8-7                       [1, 1]                    [1, 16]                   16
│    │    │    │    │    │    │    └─Sigmoid: 8-8                      [1, 16]                   [1, 16]                   --
├─ModuleList: 1-8                                                      --                        --                        --
│    └─MaxPool3d: 2-2                                                  [1, 16, 80, 128, 128]     [1, 16, 80, 64, 64]       --
├─ModuleList: 1-7                                                      --                        --                        (recursive)
│    └─ConvBlock: 2-3                                                  [1, 16, 80, 64, 64]       [1, 32, 80, 64, 64]       --
│    │    └─Sequential: 3-2                                            [1, 16, 80, 64, 64]       [1, 32, 80, 64, 64]       --
│    │    │    └─ConvBlock: 4-3                                        [1, 16, 80, 64, 64]       [1, 32, 80, 64, 64]       --
│    │    │    │    └─Sequential: 5-3                                  [1, 16, 80, 64, 64]       [1, 32, 80, 64, 64]       --
│    │    │    │    │    └─Conv3d: 6-9                                 [1, 16, 80, 64, 64]       [1, 32, 80, 64, 64]       13,856
│    │    │    │    │    └─InstanceNorm3d: 6-10                        [1, 32, 80, 64, 64]       [1, 32, 80, 64, 64]       64
│    │    │    │    │    └─ELU: 6-11                                   [1, 32, 80, 64, 64]       [1, 32, 80, 64, 64]       --
│    │    │    │    │    └─SqExBlock: 6-12                             [1, 32, 80, 64, 64]       [1, 32, 80, 64, 64]       --
│    │    │    │    │    │    └─AdaptiveAvgPool3d: 7-5                 [1, 32, 80, 64, 64]       [1, 32, 1, 1, 1]          --
│    │    │    │    │    │    └─Sequential: 7-6                        [1, 32]                   [1, 32]                   --
│    │    │    │    │    │    │    └─Linear: 8-9                       [1, 32]                   [1, 2]                    64
│    │    │    │    │    │    │    └─ReLU: 8-10                        [1, 2]                    [1, 2]                    --
│    │    │    │    │    │    │    └─Linear: 8-11                      [1, 2]                    [1, 32]                   64
│    │    │    │    │    │    │    └─Sigmoid: 8-12                     [1, 32]                   [1, 32]                   --
│    │    │    └─ConvBlock: 4-4                                        [1, 32, 80, 64, 64]       [1, 32, 80, 64, 64]       --
│    │    │    │    └─Sequential: 5-4                                  [1, 32, 80, 64, 64]       [1, 32, 80, 64, 64]       --
│    │    │    │    │    └─Conv3d: 6-13                                [1, 32, 80, 64, 64]       [1, 32, 80, 64, 64]       27,680
│    │    │    │    │    └─InstanceNorm3d: 6-14                        [1, 32, 80, 64, 64]       [1, 32, 80, 64, 64]       64
│    │    │    │    │    └─ELU: 6-15                                   [1, 32, 80, 64, 64]       [1, 32, 80, 64, 64]       --
│    │    │    │    │    └─SqExBlock: 6-16                             [1, 32, 80, 64, 64]       [1, 32, 80, 64, 64]       --
│    │    │    │    │    │    └─AdaptiveAvgPool3d: 7-7                 [1, 32, 80, 64, 64]       [1, 32, 1, 1, 1]          --
│    │    │    │    │    │    └─Sequential: 7-8                        [1, 32]                   [1, 32]                   --
│    │    │    │    │    │    │    └─Linear: 8-13                      [1, 32]                   [1, 2]                    64
│    │    │    │    │    │    │    └─ReLU: 8-14                        [1, 2]                    [1, 2]                    --
│    │    │    │    │    │    │    └─Linear: 8-15                      [1, 2]                    [1, 32]                   64
│    │    │    │    │    │    │    └─Sigmoid: 8-16                     [1, 32]                   [1, 32]                   --
├─ModuleList: 1-8                                                      --                        --                        --
│    └─MaxPool3d: 2-4                                                  [1, 32, 80, 64, 64]       [1, 32, 80, 32, 32]       --
├─ModuleList: 1-7                                                      --                        --                        (recursive)
│    └─ConvBlock: 2-5                                                  [1, 32, 80, 32, 32]       [1, 64, 80, 32, 32]       --
│    │    └─Sequential: 3-3                                            [1, 32, 80, 32, 32]       [1, 64, 80, 32, 32]       --
│    │    │    └─ConvBlock: 4-5                                        [1, 32, 80, 32, 32]       [1, 64, 80, 32, 32]       --
│    │    │    │    └─Sequential: 5-5                                  [1, 32, 80, 32, 32]       [1, 64, 80, 32, 32]       --
│    │    │    │    │    └─Conv3d: 6-17                                [1, 32, 80, 32, 32]       [1, 64, 80, 32, 32]       55,360
│    │    │    │    │    └─InstanceNorm3d: 6-18                        [1, 64, 80, 32, 32]       [1, 64, 80, 32, 32]       128
│    │    │    │    │    └─ELU: 6-19                                   [1, 64, 80, 32, 32]       [1, 64, 80, 32, 32]       --
│    │    │    │    │    └─SqExBlock: 6-20                             [1, 64, 80, 32, 32]       [1, 64, 80, 32, 32]       --
│    │    │    │    │    │    └─AdaptiveAvgPool3d: 7-9                 [1, 64, 80, 32, 32]       [1, 64, 1, 1, 1]          --
│    │    │    │    │    │    └─Sequential: 7-10                       [1, 64]                   [1, 64]                   --
│    │    │    │    │    │    │    └─Linear: 8-17                      [1, 64]                   [1, 4]                    256
│    │    │    │    │    │    │    └─ReLU: 8-18                        [1, 4]                    [1, 4]                    --
│    │    │    │    │    │    │    └─Linear: 8-19                      [1, 4]                    [1, 64]                   256
│    │    │    │    │    │    │    └─Sigmoid: 8-20                     [1, 64]                   [1, 64]                   --
│    │    │    └─ConvBlock: 4-6                                        [1, 64, 80, 32, 32]       [1, 64, 80, 32, 32]       --
│    │    │    │    └─Sequential: 5-6                                  [1, 64, 80, 32, 32]       [1, 64, 80, 32, 32]       --
│    │    │    │    │    └─Conv3d: 6-21                                [1, 64, 80, 32, 32]       [1, 64, 80, 32, 32]       110,656
│    │    │    │    │    └─InstanceNorm3d: 6-22                        [1, 64, 80, 32, 32]       [1, 64, 80, 32, 32]       128
│    │    │    │    │    └─ELU: 6-23                                   [1, 64, 80, 32, 32]       [1, 64, 80, 32, 32]       --
│    │    │    │    │    └─SqExBlock: 6-24                             [1, 64, 80, 32, 32]       [1, 64, 80, 32, 32]       --
│    │    │    │    │    │    └─AdaptiveAvgPool3d: 7-11                [1, 64, 80, 32, 32]       [1, 64, 1, 1, 1]          --
│    │    │    │    │    │    └─Sequential: 7-12                       [1, 64]                   [1, 64]                   --
│    │    │    │    │    │    │    └─Linear: 8-21                      [1, 64]                   [1, 4]                    256
│    │    │    │    │    │    │    └─ReLU: 8-22                        [1, 4]                    [1, 4]                    --
│    │    │    │    │    │    │    └─Linear: 8-23                      [1, 4]                    [1, 64]                   256
│    │    │    │    │    │    │    └─Sigmoid: 8-24                     [1, 64]                   [1, 64]                   --
├─ModuleList: 1-8                                                      --                        --                        --
│    └─MaxPool3d: 2-6                                                  [1, 64, 80, 32, 32]       [1, 64, 80, 16, 16]       --
├─ModuleList: 1-7                                                      --                        --                        (recursive)
│    └─ConvBlock: 2-7                                                  [1, 64, 80, 16, 16]       [1, 128, 80, 16, 16]      --
│    │    └─Sequential: 3-4                                            [1, 64, 80, 16, 16]       [1, 128, 80, 16, 16]      --
│    │    │    └─ConvBlock: 4-7                                        [1, 64, 80, 16, 16]       [1, 128, 80, 16, 16]      --
│    │    │    │    └─Sequential: 5-7                                  [1, 64, 80, 16, 16]       [1, 128, 80, 16, 16]      --
│    │    │    │    │    └─Conv3d: 6-25                                [1, 64, 80, 16, 16]       [1, 128, 80, 16, 16]      221,312
│    │    │    │    │    └─InstanceNorm3d: 6-26                        [1, 128, 80, 16, 16]      [1, 128, 80, 16, 16]      256
│    │    │    │    │    └─ELU: 6-27                                   [1, 128, 80, 16, 16]      [1, 128, 80, 16, 16]      --
│    │    │    │    │    └─SqExBlock: 6-28                             [1, 128, 80, 16, 16]      [1, 128, 80, 16, 16]      --
│    │    │    │    │    │    └─AdaptiveAvgPool3d: 7-13                [1, 128, 80, 16, 16]      [1, 128, 1, 1, 1]         --
│    │    │    │    │    │    └─Sequential: 7-14                       [1, 128]                  [1, 128]                  --
│    │    │    │    │    │    │    └─Linear: 8-25                      [1, 128]                  [1, 8]                    1,024
│    │    │    │    │    │    │    └─ReLU: 8-26                        [1, 8]                    [1, 8]                    --
│    │    │    │    │    │    │    └─Linear: 8-27                      [1, 8]                    [1, 128]                  1,024
│    │    │    │    │    │    │    └─Sigmoid: 8-28                     [1, 128]                  [1, 128]                  --
│    │    │    └─ConvBlock: 4-8                                        [1, 128, 80, 16, 16]      [1, 128, 80, 16, 16]      --
│    │    │    │    └─Sequential: 5-8                                  [1, 128, 80, 16, 16]      [1, 128, 80, 16, 16]      --
│    │    │    │    │    └─Conv3d: 6-29                                [1, 128, 80, 16, 16]      [1, 128, 80, 16, 16]      442,496
│    │    │    │    │    └─InstanceNorm3d: 6-30                        [1, 128, 80, 16, 16]      [1, 128, 80, 16, 16]      256
│    │    │    │    │    └─ELU: 6-31                                   [1, 128, 80, 16, 16]      [1, 128, 80, 16, 16]      --
│    │    │    │    │    └─SqExBlock: 6-32                             [1, 128, 80, 16, 16]      [1, 128, 80, 16, 16]      --
│    │    │    │    │    │    └─AdaptiveAvgPool3d: 7-15                [1, 128, 80, 16, 16]      [1, 128, 1, 1, 1]         --
│    │    │    │    │    │    └─Sequential: 7-16                       [1, 128]                  [1, 128]                  --
│    │    │    │    │    │    │    └─Linear: 8-29                      [1, 128]                  [1, 8]                    1,024
│    │    │    │    │    │    │    └─ReLU: 8-30                        [1, 8]                    [1, 8]                    --
│    │    │    │    │    │    │    └─Linear: 8-31                      [1, 8]                    [1, 128]                  1,024
│    │    │    │    │    │    │    └─Sigmoid: 8-32                     [1, 128]                  [1, 128]                  --
├─ModuleList: 1-8                                                      --                        --                        --
│    └─MaxPool3d: 2-8                                                  [1, 128, 80, 16, 16]      [1, 128, 80, 8, 8]        --
├─ConvBlock: 1-9                                                       [1, 128, 80, 8, 8]        [1, 256, 80, 8, 8]        --
│    └─Sequential: 2-9                                                 [1, 128, 80, 8, 8]        [1, 256, 80, 8, 8]        --
│    │    └─ConvBlock: 3-5                                             [1, 128, 80, 8, 8]        [1, 256, 80, 8, 8]        --
│    │    │    └─Sequential: 4-9                                       [1, 128, 80, 8, 8]        [1, 256, 80, 8, 8]        --
│    │    │    │    └─Conv3d: 5-9                                      [1, 128, 80, 8, 8]        [1, 256, 80, 8, 8]        884,992
│    │    │    │    └─InstanceNorm3d: 5-10                             [1, 256, 80, 8, 8]        [1, 256, 80, 8, 8]        512
│    │    │    │    └─ELU: 5-11                                        [1, 256, 80, 8, 8]        [1, 256, 80, 8, 8]        --
│    │    │    │    └─SqExBlock: 5-12                                  [1, 256, 80, 8, 8]        [1, 256, 80, 8, 8]        --
│    │    │    │    │    └─AdaptiveAvgPool3d: 6-33                     [1, 256, 80, 8, 8]        [1, 256, 1, 1, 1]         --
│    │    │    │    │    └─Sequential: 6-34                            [1, 256]                  [1, 256]                  --
│    │    │    │    │    │    └─Linear: 7-17                           [1, 256]                  [1, 16]                   4,096
│    │    │    │    │    │    └─ReLU: 7-18                             [1, 16]                   [1, 16]                   --
│    │    │    │    │    │    └─Linear: 7-19                           [1, 16]                   [1, 256]                  4,096
│    │    │    │    │    │    └─Sigmoid: 7-20                          [1, 256]                  [1, 256]                  --
│    │    └─ConvBlock: 3-6                                             [1, 256, 80, 8, 8]        [1, 256, 80, 8, 8]        --
│    │    │    └─Sequential: 4-10                                      [1, 256, 80, 8, 8]        [1, 256, 80, 8, 8]        --
│    │    │    │    └─Conv3d: 5-13                                     [1, 256, 80, 8, 8]        [1, 256, 80, 8, 8]        1,769,728
│    │    │    │    └─InstanceNorm3d: 5-14                             [1, 256, 80, 8, 8]        [1, 256, 80, 8, 8]        512
│    │    │    │    └─ELU: 5-15                                        [1, 256, 80, 8, 8]        [1, 256, 80, 8, 8]        --
│    │    │    │    └─SqExBlock: 5-16                                  [1, 256, 80, 8, 8]        [1, 256, 80, 8, 8]        --
│    │    │    │    │    └─AdaptiveAvgPool3d: 6-35                     [1, 256, 80, 8, 8]        [1, 256, 1, 1, 1]         --
│    │    │    │    │    └─Sequential: 6-36                            [1, 256]                  [1, 256]                  --
│    │    │    │    │    │    └─Linear: 7-21                           [1, 256]                  [1, 16]                   4,096
│    │    │    │    │    │    └─ReLU: 7-22                             [1, 16]                   [1, 16]                   --
│    │    │    │    │    │    └─Linear: 7-23                           [1, 16]                   [1, 256]                  4,096
│    │    │    │    │    │    └─Sigmoid: 7-24                          [1, 256]                  [1, 256]                  --
├─ModuleList: 1-10                                                     --                        --                        --
│    └─ModuleList: 2-10                                                --                        --                        --
│    │    └─UpBlock: 3-7                                               [1, 256, 80, 8, 8]        [1, 128, 80, 16, 16]      --
│    │    │    └─Sequential: 4-11                                      [1, 256, 80, 8, 8]        [1, 128, 80, 16, 16]      --
│    │    │    │    └─ConvTranspose3d: 5-17                            [1, 256, 80, 8, 8]        [1, 128, 80, 16, 16]      131,200
│    │    │    │    └─InstanceNorm3d: 5-18                             [1, 128, 80, 16, 16]      [1, 128, 80, 16, 16]      256
│    │    │    │    └─ELU: 5-19                                        [1, 128, 80, 16, 16]      [1, 128, 80, 16, 16]      --
│    │    │    └─ConvBlock: 4-12                                       [1, 256, 80, 16, 16]      [1, 128, 80, 16, 16]      --
│    │    │    │    └─Sequential: 5-20                                 [1, 256, 80, 16, 16]      [1, 128, 80, 16, 16]      --
│    │    │    │    │    └─ConvBlock: 6-37                             [1, 256, 80, 16, 16]      [1, 128, 80, 16, 16]      --
│    │    │    │    │    │    └─Sequential: 7-25                       [1, 256, 80, 16, 16]      [1, 128, 80, 16, 16]      --
│    │    │    │    │    │    │    └─Conv3d: 8-33                      [1, 256, 80, 16, 16]      [1, 128, 80, 16, 16]      884,864
│    │    │    │    │    │    │    └─InstanceNorm3d: 8-34              [1, 128, 80, 16, 16]      [1, 128, 80, 16, 16]      256
│    │    │    │    │    │    │    └─ELU: 8-35                         [1, 128, 80, 16, 16]      [1, 128, 80, 16, 16]      --
│    │    │    │    │    │    │    └─SqExBlock: 8-36                   [1, 128, 80, 16, 16]      [1, 128, 80, 16, 16]      --
│    │    │    │    │    │    │    │    └─AdaptiveAvgPool3d: 9-1       [1, 128, 80, 16, 16]      [1, 128, 1, 1, 1]         --
│    │    │    │    │    │    │    │    └─Sequential: 9-2              [1, 128]                  [1, 128]                  --
│    │    │    │    │    │    │    │    │    └─Linear: 10-1            [1, 128]                  [1, 8]                    1,024
│    │    │    │    │    │    │    │    │    └─ReLU: 10-2              [1, 8]                    [1, 8]                    --
│    │    │    │    │    │    │    │    │    └─Linear: 10-3            [1, 8]                    [1, 128]                  1,024
│    │    │    │    │    │    │    │    │    └─Sigmoid: 10-4           [1, 128]                  [1, 128]                  --
│    │    │    │    │    └─ConvBlock: 6-38                             [1, 128, 80, 16, 16]      [1, 128, 80, 16, 16]      --
│    │    │    │    │    │    └─Sequential: 7-26                       [1, 128, 80, 16, 16]      [1, 128, 80, 16, 16]      --
│    │    │    │    │    │    │    └─Conv3d: 8-37                      [1, 128, 80, 16, 16]      [1, 128, 80, 16, 16]      442,496
│    │    │    │    │    │    │    └─InstanceNorm3d: 8-38              [1, 128, 80, 16, 16]      [1, 128, 80, 16, 16]      256
│    │    │    │    │    │    │    └─ELU: 8-39                         [1, 128, 80, 16, 16]      [1, 128, 80, 16, 16]      --
│    │    │    │    │    │    │    └─SqExBlock: 8-40                   [1, 128, 80, 16, 16]      [1, 128, 80, 16, 16]      --
│    │    │    │    │    │    │    │    └─AdaptiveAvgPool3d: 9-3       [1, 128, 80, 16, 16]      [1, 128, 1, 1, 1]         --
│    │    │    │    │    │    │    │    └─Sequential: 9-4              [1, 128]                  [1, 128]                  --
│    │    │    │    │    │    │    │    │    └─Linear: 10-5            [1, 128]                  [1, 8]                    1,024
│    │    │    │    │    │    │    │    │    └─ReLU: 10-6              [1, 8]                    [1, 8]                    --
│    │    │    │    │    │    │    │    │    └─Linear: 10-7            [1, 8]                    [1, 128]                  1,024
│    │    │    │    │    │    │    │    │    └─Sigmoid: 10-8           [1, 128]                  [1, 128]                  --
│    │    └─UpBlock: 3-8                                               [1, 128, 80, 16, 16]      [1, 64, 80, 32, 32]       --
│    │    │    └─Sequential: 4-13                                      [1, 128, 80, 16, 16]      [1, 64, 80, 32, 32]       --
│    │    │    │    └─ConvTranspose3d: 5-21                            [1, 128, 80, 16, 16]      [1, 64, 80, 32, 32]       32,832
│    │    │    │    └─InstanceNorm3d: 5-22                             [1, 64, 80, 32, 32]       [1, 64, 80, 32, 32]       128
│    │    │    │    └─ELU: 5-23                                        [1, 64, 80, 32, 32]       [1, 64, 80, 32, 32]       --
│    │    │    └─ConvBlock: 4-14                                       [1, 128, 80, 32, 32]      [1, 64, 80, 32, 32]       --
│    │    │    │    └─Sequential: 5-24                                 [1, 128, 80, 32, 32]      [1, 64, 80, 32, 32]       --
│    │    │    │    │    └─ConvBlock: 6-39                             [1, 128, 80, 32, 32]      [1, 64, 80, 32, 32]       --
│    │    │    │    │    │    └─Sequential: 7-27                       [1, 128, 80, 32, 32]      [1, 64, 80, 32, 32]       --
│    │    │    │    │    │    │    └─Conv3d: 8-41                      [1, 128, 80, 32, 32]      [1, 64, 80, 32, 32]       221,248
│    │    │    │    │    │    │    └─InstanceNorm3d: 8-42              [1, 64, 80, 32, 32]       [1, 64, 80, 32, 32]       128
│    │    │    │    │    │    │    └─ELU: 8-43                         [1, 64, 80, 32, 32]       [1, 64, 80, 32, 32]       --
│    │    │    │    │    │    │    └─SqExBlock: 8-44                   [1, 64, 80, 32, 32]       [1, 64, 80, 32, 32]       --
│    │    │    │    │    │    │    │    └─AdaptiveAvgPool3d: 9-5       [1, 64, 80, 32, 32]       [1, 64, 1, 1, 1]          --
│    │    │    │    │    │    │    │    └─Sequential: 9-6              [1, 64]                   [1, 64]                   --
│    │    │    │    │    │    │    │    │    └─Linear: 10-9            [1, 64]                   [1, 4]                    256
│    │    │    │    │    │    │    │    │    └─ReLU: 10-10             [1, 4]                    [1, 4]                    --
│    │    │    │    │    │    │    │    │    └─Linear: 10-11           [1, 4]                    [1, 64]                   256
│    │    │    │    │    │    │    │    │    └─Sigmoid: 10-12          [1, 64]                   [1, 64]                   --
│    │    │    │    │    └─ConvBlock: 6-40                             [1, 64, 80, 32, 32]       [1, 64, 80, 32, 32]       --
│    │    │    │    │    │    └─Sequential: 7-28                       [1, 64, 80, 32, 32]       [1, 64, 80, 32, 32]       --
│    │    │    │    │    │    │    └─Conv3d: 8-45                      [1, 64, 80, 32, 32]       [1, 64, 80, 32, 32]       110,656
│    │    │    │    │    │    │    └─InstanceNorm3d: 8-46              [1, 64, 80, 32, 32]       [1, 64, 80, 32, 32]       128
│    │    │    │    │    │    │    └─ELU: 8-47                         [1, 64, 80, 32, 32]       [1, 64, 80, 32, 32]       --
│    │    │    │    │    │    │    └─SqExBlock: 8-48                   [1, 64, 80, 32, 32]       [1, 64, 80, 32, 32]       --
│    │    │    │    │    │    │    │    └─AdaptiveAvgPool3d: 9-7       [1, 64, 80, 32, 32]       [1, 64, 1, 1, 1]          --
│    │    │    │    │    │    │    │    └─Sequential: 9-8              [1, 64]                   [1, 64]                   --
│    │    │    │    │    │    │    │    │    └─Linear: 10-13           [1, 64]                   [1, 4]                    256
│    │    │    │    │    │    │    │    │    └─ReLU: 10-14             [1, 4]                    [1, 4]                    --
│    │    │    │    │    │    │    │    │    └─Linear: 10-15           [1, 4]                    [1, 64]                   256
│    │    │    │    │    │    │    │    │    └─Sigmoid: 10-16          [1, 64]                   [1, 64]                   --
│    │    └─UpBlock: 3-9                                               [1, 64, 80, 32, 32]       [1, 32, 80, 64, 64]       --
│    │    │    └─Sequential: 4-15                                      [1, 64, 80, 32, 32]       [1, 32, 80, 64, 64]       --
│    │    │    │    └─ConvTranspose3d: 5-25                            [1, 64, 80, 32, 32]       [1, 32, 80, 64, 64]       8,224
│    │    │    │    └─InstanceNorm3d: 5-26                             [1, 32, 80, 64, 64]       [1, 32, 80, 64, 64]       64
│    │    │    │    └─ELU: 5-27                                        [1, 32, 80, 64, 64]       [1, 32, 80, 64, 64]       --
│    │    │    └─ConvBlock: 4-16                                       [1, 64, 80, 64, 64]       [1, 32, 80, 64, 64]       --
│    │    │    │    └─Sequential: 5-28                                 [1, 64, 80, 64, 64]       [1, 32, 80, 64, 64]       --
│    │    │    │    │    └─ConvBlock: 6-41                             [1, 64, 80, 64, 64]       [1, 32, 80, 64, 64]       --
│    │    │    │    │    │    └─Sequential: 7-29                       [1, 64, 80, 64, 64]       [1, 32, 80, 64, 64]       --
│    │    │    │    │    │    │    └─Conv3d: 8-49                      [1, 64, 80, 64, 64]       [1, 32, 80, 64, 64]       55,328
│    │    │    │    │    │    │    └─InstanceNorm3d: 8-50              [1, 32, 80, 64, 64]       [1, 32, 80, 64, 64]       64
│    │    │    │    │    │    │    └─ELU: 8-51                         [1, 32, 80, 64, 64]       [1, 32, 80, 64, 64]       --
│    │    │    │    │    │    │    └─SqExBlock: 8-52                   [1, 32, 80, 64, 64]       [1, 32, 80, 64, 64]       --
│    │    │    │    │    │    │    │    └─AdaptiveAvgPool3d: 9-9       [1, 32, 80, 64, 64]       [1, 32, 1, 1, 1]          --
│    │    │    │    │    │    │    │    └─Sequential: 9-10             [1, 32]                   [1, 32]                   --
│    │    │    │    │    │    │    │    │    └─Linear: 10-17           [1, 32]                   [1, 2]                    64
│    │    │    │    │    │    │    │    │    └─ReLU: 10-18             [1, 2]                    [1, 2]                    --
│    │    │    │    │    │    │    │    │    └─Linear: 10-19           [1, 2]                    [1, 32]                   64
│    │    │    │    │    │    │    │    │    └─Sigmoid: 10-20          [1, 32]                   [1, 32]                   --
│    │    │    │    │    └─ConvBlock: 6-42                             [1, 32, 80, 64, 64]       [1, 32, 80, 64, 64]       --
│    │    │    │    │    │    └─Sequential: 7-30                       [1, 32, 80, 64, 64]       [1, 32, 80, 64, 64]       --
│    │    │    │    │    │    │    └─Conv3d: 8-53                      [1, 32, 80, 64, 64]       [1, 32, 80, 64, 64]       27,680
│    │    │    │    │    │    │    └─InstanceNorm3d: 8-54              [1, 32, 80, 64, 64]       [1, 32, 80, 64, 64]       64
│    │    │    │    │    │    │    └─ELU: 8-55                         [1, 32, 80, 64, 64]       [1, 32, 80, 64, 64]       --
│    │    │    │    │    │    │    └─SqExBlock: 8-56                   [1, 32, 80, 64, 64]       [1, 32, 80, 64, 64]       --
│    │    │    │    │    │    │    │    └─AdaptiveAvgPool3d: 9-11      [1, 32, 80, 64, 64]       [1, 32, 1, 1, 1]          --
│    │    │    │    │    │    │    │    └─Sequential: 9-12             [1, 32]                   [1, 32]                   --
│    │    │    │    │    │    │    │    │    └─Linear: 10-21           [1, 32]                   [1, 2]                    64
│    │    │    │    │    │    │    │    │    └─ReLU: 10-22             [1, 2]                    [1, 2]                    --
│    │    │    │    │    │    │    │    │    └─Linear: 10-23           [1, 2]                    [1, 32]                   64
│    │    │    │    │    │    │    │    │    └─Sigmoid: 10-24          [1, 32]                   [1, 32]                   --
│    │    └─UpBlock: 3-10                                              [1, 32, 80, 64, 64]       [1, 16, 80, 128, 128]     --
│    │    │    └─Sequential: 4-17                                      [1, 32, 80, 64, 64]       [1, 16, 80, 128, 128]     --
│    │    │    │    └─ConvTranspose3d: 5-29                            [1, 32, 80, 64, 64]       [1, 16, 80, 128, 128]     2,064
│    │    │    │    └─InstanceNorm3d: 5-30                             [1, 16, 80, 128, 128]     [1, 16, 80, 128, 128]     32
│    │    │    │    └─ELU: 5-31                                        [1, 16, 80, 128, 128]     [1, 16, 80, 128, 128]     --
│    │    │    └─ConvBlock: 4-18                                       [1, 32, 80, 128, 128]     [1, 16, 80, 128, 128]     --
│    │    │    │    └─Sequential: 5-32                                 [1, 32, 80, 128, 128]     [1, 16, 80, 128, 128]     --
│    │    │    │    │    └─ConvBlock: 6-43                             [1, 32, 80, 128, 128]     [1, 16, 80, 128, 128]     --
│    │    │    │    │    │    └─Sequential: 7-31                       [1, 32, 80, 128, 128]     [1, 16, 80, 128, 128]     --
│    │    │    │    │    │    │    └─Conv3d: 8-57                      [1, 32, 80, 128, 128]     [1, 16, 80, 128, 128]     13,840
│    │    │    │    │    │    │    └─InstanceNorm3d: 8-58              [1, 16, 80, 128, 128]     [1, 16, 80, 128, 128]     32
│    │    │    │    │    │    │    └─ELU: 8-59                         [1, 16, 80, 128, 128]     [1, 16, 80, 128, 128]     --
│    │    │    │    │    │    │    └─SqExBlock: 8-60                   [1, 16, 80, 128, 128]     [1, 16, 80, 128, 128]     --
│    │    │    │    │    │    │    │    └─AdaptiveAvgPool3d: 9-13      [1, 16, 80, 128, 128]     [1, 16, 1, 1, 1]          --
│    │    │    │    │    │    │    │    └─Sequential: 9-14             [1, 16]                   [1, 16]                   --
│    │    │    │    │    │    │    │    │    └─Linear: 10-25           [1, 16]                   [1, 1]                    16
│    │    │    │    │    │    │    │    │    └─ReLU: 10-26             [1, 1]                    [1, 1]                    --
│    │    │    │    │    │    │    │    │    └─Linear: 10-27           [1, 1]                    [1, 16]                   16
│    │    │    │    │    │    │    │    │    └─Sigmoid: 10-28          [1, 16]                   [1, 16]                   --
│    │    │    │    │    └─ConvBlock: 6-44                             [1, 16, 80, 128, 128]     [1, 16, 80, 128, 128]     --
│    │    │    │    │    │    └─Sequential: 7-32                       [1, 16, 80, 128, 128]     [1, 16, 80, 128, 128]     --
│    │    │    │    │    │    │    └─Conv3d: 8-61                      [1, 16, 80, 128, 128]     [1, 16, 80, 128, 128]     6,928
│    │    │    │    │    │    │    └─InstanceNorm3d: 8-62              [1, 16, 80, 128, 128]     [1, 16, 80, 128, 128]     32
│    │    │    │    │    │    │    └─ELU: 8-63                         [1, 16, 80, 128, 128]     [1, 16, 80, 128, 128]     --
│    │    │    │    │    │    │    └─SqExBlock: 8-64                   [1, 16, 80, 128, 128]     [1, 16, 80, 128, 128]     --
│    │    │    │    │    │    │    │    └─AdaptiveAvgPool3d: 9-15      [1, 16, 80, 128, 128]     [1, 16, 1, 1, 1]          --
│    │    │    │    │    │    │    │    └─Sequential: 9-16             [1, 16]                   [1, 16]                   --
│    │    │    │    │    │    │    │    │    └─Linear: 10-29           [1, 16]                   [1, 1]                    16
│    │    │    │    │    │    │    │    │    └─ReLU: 10-30             [1, 1]                    [1, 1]                    --
│    │    │    │    │    │    │    │    │    └─Linear: 10-31           [1, 1]                    [1, 16]                   16
│    │    │    │    │    │    │    │    │    └─Sigmoid: 10-32          [1, 16]                   [1, 16]                   --
├─Sequential: 1-11                                                     --                        --                        --
│    └─Conv3d: 2-11                                                    [1, 16, 80, 128, 128]     [1, 4, 80, 128, 128]      68
=================================================================================================================================================
Total params: 5,502,436
Trainable params: 5,502,436
Non-trainable params: 0
Total mult-adds (Units.GIGABYTES): 184.86
=================================================================================================================================================
Input size (MB): 15.73
Forward/backward pass size (MB): 3229.63
Params size (MB): 22.01
Estimated Total Size (MB): 3267.37
=================================================================================================================================================
[10:05:09.046448] ##############################
[10:05:09.046476] #  PREPARE TRAIN GENERATORS  #
[10:05:09.046482] ##############################
[10:05:09.046633] Initializing train data generator . . .
[10:05:09.130190] Checking which channel of the mask needs normalization . . .
[10:05:09.221070] Normalization config used for X (first sample): {'type': 'zero_mean_unit_variance', 'target_type': 'mask', 'out_dtype': 'float32', 'norm_target': False, 'percentile_clip': False, 'per_lower_bound': -1.0, 'per_upper_bound': -1.0, 'lower_bound_val': [-1.0], 'upper_bound_val': [-1.0], 'mean': [-1.0], 'std': [-1.0]}
[10:05:09.221106] Normalization config used for Y: {'target_type': 'mask', 'orig_dtype': 'float32', 'per_channel_info': {0: {'type': 'bin', 'div': False}, 1: {'type': 'bin', 'div': False}, 2: {'type': 'bin', 'div': False}, 3: {'type': 'bin', 'div': False}}}
[10:05:09.221987] Initializing val data generator . . .
[10:05:09.304678] Checking which channel of the mask needs normalization . . .
[10:05:09.385862] Normalization config used for X (first sample): {'type': 'zero_mean_unit_variance', 'target_type': 'mask', 'out_dtype': 'float32', 'norm_target': False, 'percentile_clip': False, 'per_lower_bound': -1.0, 'per_upper_bound': -1.0, 'lower_bound_val': [-1.0], 'upper_bound_val': [-1.0], 'mean': [-1.0], 'std': [-1.0]}
[10:05:09.385893] Normalization config used for Y: {'target_type': 'mask', 'orig_dtype': 'float32', 'per_channel_info': {0: {'type': 'bin', 'div': False}, 1: {'type': 'bin', 'div': False}, 2: {'type': 'bin', 'div': False}, 3: {'type': 'bin', 'div': False}}}
[10:05:09.386584] Train/val generators with 8 workers
[10:05:09.386599] Effective batch size: 34
[10:05:09.386605] Sampler_train = None
[10:05:09.443649] #######################
[10:05:09.443674] # Prepare logging tool #
[10:05:09.443680] #######################
[10:05:09.466496] AdamW (
Parameter Group 0
    amsgrad: False
    betas: (0.9, 0.999)
    capturable: False
    decoupled_weight_decay: True
    differentiable: False
    eps: 1e-08
    foreach: None
    fused: None
    lr: 0.001
    maximize: False
    weight_decay: 0.02
)
[10:05:09.466615] #####################
[10:05:09.466625] #  TRAIN THE MODEL  #
[10:05:09.466630] #####################
[10:05:09.466638] Start training in epoch 1 - Total: 60
[10:05:09.466654] ~~~ Epoch 1/60 ~~~

[10:06:02.853141] Epoch: [1]  [  0/491]  eta: 7:16:25  loss: 7.6350 (7.6350)  IoU (F channel): 0.0007 (0.0007)  L1 (Dc channel): 0.3575 (0.3575)  L1 (Dn channel): 0.3863 (0.3863)  IoU (P channel): 0.0009 (0.0009)  lr: 0.000040  iter-time: 53.3313
[10:06:12.030092] Epoch: [1]  [ 10/491]  eta: 0:45:33  loss: 7.1684 (7.1402)  IoU (F channel): 0.0007 (0.0008)  L1 (Dc channel): 0.3094 (0.3055)  L1 (Dn channel): 0.3282 (0.3232)  IoU (P channel): 0.0009 (0.0011)  lr: 0.000040  iter-time: 5.6825
[10:06:21.289684] Epoch: [1]  [ 20/491]  eta: 0:26:49  loss: 6.5818 (6.7586)  IoU (F channel): 0.0010 (0.0012)  L1 (Dc channel): 0.2502 (0.2678)  L1 (Dn channel): 0.2494 (0.2737)  IoU (P channel): 0.0015 (0.0018)  lr: 0.000040  iter-time: 0.9217
[10:06:30.516698] Epoch: [1]  [ 30/491]  eta: 0:20:04  loss: 6.0577 (6.4844)  IoU (F channel): 0.0014 (0.0013)  L1 (Dc channel): 0.1956 (0.2401)  L1 (Dn channel): 0.1837 (0.2386)  IoU (P channel): 0.0019 (0.0020)  lr: 0.000040  iter-time: 0.9242
[10:06:39.777280] Epoch: [1]  [ 40/491]  eta: 0:16:32  loss: 5.7894 (6.2809)  IoU (F channel): 0.0014 (0.0014)  L1 (Dc channel): 0.1679 (0.2194)  L1 (Dn channel): 0.1491 (0.2129)  IoU (P channel): 0.0021 (0.0021)  lr: 0.000040  iter-time: 0.9242
[10:06:49.029644] Epoch: [1]  [ 50/491]  eta: 0:14:20  loss: 5.5304 (6.1176)  IoU (F channel): 0.0017 (0.0015)  L1 (Dc channel): 0.1432 (0.2031)  L1 (Dn channel): 0.1160 (0.1925)  IoU (P channel): 0.0025 (0.0022)  lr: 0.000040  iter-time: 0.9255
[10:06:58.272714] Epoch: [1]  [ 60/491]  eta: 0:12:48  loss: 5.3633 (5.9878)  IoU (F channel): 0.0017 (0.0016)  L1 (Dc channel): 0.1284 (0.1903)  L1 (Dn channel): 0.0988 (0.1763)  IoU (P channel): 0.0019 (0.0022)  lr: 0.000040  iter-time: 0.9247
[10:07:07.471550] Epoch: [1]  [ 70/491]  eta: 0:11:39  loss: 5.2515 (5.8784)  IoU (F channel): 0.0015 (0.0016)  L1 (Dc channel): 0.1182 (0.1796)  L1 (Dn channel): 0.0856 (0.1627)  IoU (P channel): 0.0016 (0.0021)  lr: 0.000040  iter-time: 0.9220
[10:07:16.628643] Epoch: [1]  [ 80/491]  eta: 0:10:44  loss: 5.1704 (5.7862)  IoU (F channel): 0.0015 (0.0016)  L1 (Dc channel): 0.1106 (0.1708)  L1 (Dn channel): 0.0732 (0.1515)  IoU (P channel): 0.0016 (0.0021)  lr: 0.000040  iter-time: 0.9177
[10:07:26.102265] Epoch: [1]  [ 90/491]  eta: 0:10:01  loss: 5.0677 (5.7015)  IoU (F channel): 0.0020 (0.0018)  L1 (Dc channel): 0.1033 (0.1630)  L1 (Dn channel): 0.0665 (0.1417)  IoU (P channel): 0.0020 (0.0022)  lr: 0.000040  iter-time: 0.9314
[10:07:35.855046] Epoch: [1]  [100/491]  eta: 0:09:26  loss: 4.9957 (5.6286)  IoU (F channel): 0.0021 (0.0018)  L1 (Dc channel): 0.0957 (0.1560)  L1 (Dn channel): 0.0610 (0.1334)  IoU (P channel): 0.0020 (0.0022)  lr: 0.000040  iter-time: 0.9612
[10:07:45.082706] Epoch: [1]  [110/491]  eta: 0:08:53  loss: 4.9243 (5.5616)  IoU (F channel): 0.0025 (0.0020)  L1 (Dc channel): 0.0880 (0.1497)  L1 (Dn channel): 0.0547 (0.1261)  IoU (P channel): 0.0023 (0.0022)  lr: 0.000040  iter-time: 0.9489
[10:07:54.264338] Epoch: [1]  [120/491]  eta: 0:08:25  loss: 4.8725 (5.5032)  IoU (F channel): 0.0020 (0.0020)  L1 (Dc channel): 0.0838 (0.1440)  L1 (Dn channel): 0.0518 (0.1199)  IoU (P channel): 0.0021 (0.0022)  lr: 0.000040  iter-time: 0.9203
[10:08:03.482679] Epoch: [1]  [130/491]  eta: 0:07:59  loss: 4.7900 (5.4475)  IoU (F channel): 0.0022 (0.0021)  L1 (Dc channel): 0.0763 (0.1386)  L1 (Dn channel): 0.0472 (0.1142)  IoU (P channel): 0.0020 (0.0022)  lr: 0.000041  iter-time: 0.9199
[10:08:12.716385] Epoch: [1]  [140/491]  eta: 0:07:35  loss: 4.7408 (5.3949)  IoU (F channel): 0.0027 (0.0021)  L1 (Dc channel): 0.0673 (0.1334)  L1 (Dn channel): 0.0434 (0.1091)  IoU (P channel): 0.0020 (0.0022)  lr: 0.000041  iter-time: 0.9225
[10:08:22.075902] Epoch: [1]  [150/491]  eta: 0:07:14  loss: 4.6805 (5.3461)  IoU (F channel): 0.0024 (0.0022)  L1 (Dc channel): 0.0618 (0.1285)  L1 (Dn channel): 0.0418 (0.1045)  IoU (P channel): 0.0018 (0.0022)  lr: 0.000041  iter-time: 0.9295
[10:08:31.270993] Epoch: [1]  [160/491]  eta: 0:06:54  loss: 4.6259 (5.2997)  IoU (F channel): 0.0021 (0.0023)  L1 (Dc channel): 0.0543 (0.1238)  L1 (Dn channel): 0.0376 (0.1003)  IoU (P channel): 0.0018 (0.0022)  lr: 0.000041  iter-time: 0.9276
[10:08:40.552949] Epoch: [1]  [170/491]  eta: 0:06:36  loss: 4.5802 (5.2566)  IoU (F channel): 0.0026 (0.0023)  L1 (Dc channel): 0.0509 (0.1194)  L1 (Dn channel): 0.0361 (0.0965)  IoU (P channel): 0.0020 (0.0022)  lr: 0.000041  iter-time: 0.9237
[10:08:49.884617] Epoch: [1]  [180/491]  eta: 0:06:18  loss: 4.5383 (5.2153)  IoU (F channel): 0.0029 (0.0024)  L1 (Dc channel): 0.0465 (0.1152)  L1 (Dn channel): 0.0325 (0.0928)  IoU (P channel): 0.0025 (0.0023)  lr: 0.000041  iter-time: 0.9306
[10:08:59.144913] Epoch: [1]  [190/491]  eta: 0:06:01  loss: 4.4967 (5.1769)  IoU (F channel): 0.0032 (0.0025)  L1 (Dc channel): 0.0414 (0.1112)  L1 (Dn channel): 0.0301 (0.0895)  IoU (P channel): 0.0026 (0.0023)  lr: 0.000041  iter-time: 0.9295
[10:09:08.271828] Epoch: [1]  [200/491]  eta: 0:05:45  loss: 4.4564 (5.1408)  IoU (F channel): 0.0025 (0.0025)  L1 (Dc channel): 0.0374 (0.1075)  L1 (Dn channel): 0.0268 (0.0864)  IoU (P channel): 0.0023 (0.0023)  lr: 0.000041  iter-time: 0.9193
[10:09:17.394514] Epoch: [1]  [210/491]  eta: 0:05:30  loss: 4.4400 (5.1070)  IoU (F channel): 0.0025 (0.0025)  L1 (Dc channel): 0.0350 (0.1040)  L1 (Dn channel): 0.0255 (0.0834)  IoU (P channel): 0.0024 (0.0024)  lr: 0.000041  iter-time: 0.9124
[10:09:26.515581] Epoch: [1]  [220/491]  eta: 0:05:15  loss: 4.4022 (5.0746)  IoU (F channel): 0.0034 (0.0026)  L1 (Dc channel): 0.0327 (0.1007)  L1 (Dn channel): 0.0234 (0.0807)  IoU (P channel): 0.0034 (0.0024)  lr: 0.000041  iter-time: 0.9121
[10:09:35.665163] Epoch: [1]  [230/491]  eta: 0:05:00  loss: 4.3841 (5.0446)  IoU (F channel): 0.0032 (0.0026)  L1 (Dc channel): 0.0294 (0.0976)  L1 (Dn channel): 0.0220 (0.0781)  IoU (P channel): 0.0034 (0.0025)  lr: 0.000042  iter-time: 0.9134
[10:09:44.785692] Epoch: [1]  [240/491]  eta: 0:04:46  loss: 4.3712 (5.0162)  IoU (F channel): 0.0045 (0.0027)  L1 (Dc channel): 0.0282 (0.0947)  L1 (Dn channel): 0.0212 (0.0758)  IoU (P channel): 0.0045 (0.0026)  lr: 0.000042  iter-time: 0.9134
[10:09:54.050617] Epoch: [1]  [250/491]  eta: 0:04:33  loss: 4.3569 (4.9895)  IoU (F channel): 0.0045 (0.0027)  L1 (Dc channel): 0.0262 (0.0919)  L1 (Dn channel): 0.0197 (0.0735)  IoU (P channel): 0.0046 (0.0027)  lr: 0.000042  iter-time: 0.9192
[10:10:03.191462] Epoch: [1]  [260/491]  eta: 0:04:19  loss: 4.3335 (4.9640)  IoU (F channel): 0.0032 (0.0028)  L1 (Dc channel): 0.0248 (0.0893)  L1 (Dn channel): 0.0189 (0.0714)  IoU (P channel): 0.0038 (0.0028)  lr: 0.000042  iter-time: 0.9202
[10:10:12.423433] Epoch: [1]  [270/491]  eta: 0:04:06  loss: 4.3135 (4.9398)  IoU (F channel): 0.0037 (0.0029)  L1 (Dc channel): 0.0228 (0.0868)  L1 (Dn channel): 0.0175 (0.0694)  IoU (P channel): 0.0037 (0.0029)  lr: 0.000042  iter-time: 0.9185
[10:10:21.562551] Epoch: [1]  [280/491]  eta: 0:03:54  loss: 4.2931 (4.9166)  IoU (F channel): 0.0056 (0.0031)  L1 (Dc channel): 0.0222 (0.0845)  L1 (Dn channel): 0.0169 (0.0675)  IoU (P channel): 0.0064 (0.0031)  lr: 0.000042  iter-time: 0.9184
[10:10:30.824666] Epoch: [1]  [290/491]  eta: 0:03:41  loss: 4.2839 (4.8948)  IoU (F channel): 0.0067 (0.0032)  L1 (Dc channel): 0.0212 (0.0823)  L1 (Dn channel): 0.0166 (0.0658)  IoU (P channel): 0.0077 (0.0033)  lr: 0.000043  iter-time: 0.9199
[10:10:40.115590] Epoch: [1]  [300/491]  eta: 0:03:29  loss: 4.2815 (4.8744)  IoU (F channel): 0.0042 (0.0032)  L1 (Dc channel): 0.0198 (0.0802)  L1 (Dn channel): 0.0153 (0.0641)  IoU (P channel): 0.0053 (0.0033)  lr: 0.000043  iter-time: 0.9275
[10:10:49.234666] Epoch: [1]  [310/491]  eta: 0:03:17  loss: 4.2717 (4.8548)  IoU (F channel): 0.0032 (0.0032)  L1 (Dc channel): 0.0186 (0.0782)  L1 (Dn channel): 0.0143 (0.0625)  IoU (P channel): 0.0043 (0.0034)  lr: 0.000043  iter-time: 0.9204
[10:10:58.444557] Epoch: [1]  [320/491]  eta: 0:03:05  loss: 4.2659 (4.8361)  IoU (F channel): 0.0039 (0.0032)  L1 (Dc channel): 0.0178 (0.0763)  L1 (Dn channel): 0.0136 (0.0609)  IoU (P channel): 0.0053 (0.0034)  lr: 0.000043  iter-time: 0.9164
[10:11:07.636722] Epoch: [1]  [330/491]  eta: 0:02:54  loss: 4.2472 (4.8181)  IoU (F channel): 0.0038 (0.0034)  L1 (Dc channel): 0.0175 (0.0745)  L1 (Dn channel): 0.0136 (0.0595)  IoU (P channel): 0.0053 (0.0036)  lr: 0.000043  iter-time: 0.9200
[10:11:16.764818] Epoch: [1]  [340/491]  eta: 0:02:42  loss: 4.2441 (4.8011)  IoU (F channel): 0.0034 (0.0034)  L1 (Dc channel): 0.0171 (0.0728)  L1 (Dn channel): 0.0130 (0.0582)  IoU (P channel): 0.0041 (0.0037)  lr: 0.000044  iter-time: 0.9159
[10:11:25.886396] Epoch: [1]  [350/491]  eta: 0:02:31  loss: 4.2391 (4.7850)  IoU (F channel): 0.0035 (0.0035)  L1 (Dc channel): 0.0164 (0.0712)  L1 (Dn channel): 0.0128 (0.0569)  IoU (P channel): 0.0044 (0.0037)  lr: 0.000044  iter-time: 0.9124
[10:11:35.051565] Epoch: [1]  [360/491]  eta: 0:02:19  loss: 4.2255 (4.7694)  IoU (F channel): 0.0056 (0.0035)  L1 (Dc channel): 0.0159 (0.0697)  L1 (Dn channel): 0.0121 (0.0556)  IoU (P channel): 0.0066 (0.0038)  lr: 0.000044  iter-time: 0.9142
[10:11:44.273579] Epoch: [1]  [370/491]  eta: 0:02:08  loss: 4.2178 (4.7544)  IoU (F channel): 0.0058 (0.0036)  L1 (Dc channel): 0.0153 (0.0682)  L1 (Dn channel): 0.0120 (0.0545)  IoU (P channel): 0.0069 (0.0039)  lr: 0.000044  iter-time: 0.9192
[10:11:53.454933] Epoch: [1]  [380/491]  eta: 0:01:57  loss: 4.2118 (4.7401)  IoU (F channel): 0.0055 (0.0036)  L1 (Dc channel): 0.0151 (0.0668)  L1 (Dn channel): 0.0116 (0.0533)  IoU (P channel): 0.0063 (0.0040)  lr: 0.000044  iter-time: 0.9201
[10:12:02.579973] Epoch: [1]  [390/491]  eta: 0:01:46  loss: 4.2013 (4.7262)  IoU (F channel): 0.0055 (0.0037)  L1 (Dc channel): 0.0143 (0.0655)  L1 (Dn channel): 0.0114 (0.0523)  IoU (P channel): 0.0057 (0.0041)  lr: 0.000045  iter-time: 0.9152
[10:12:11.833326] Epoch: [1]  [400/491]  eta: 0:01:35  loss: 4.1946 (4.7129)  IoU (F channel): 0.0042 (0.0037)  L1 (Dc channel): 0.0137 (0.0642)  L1 (Dn channel): 0.0107 (0.0512)  IoU (P channel): 0.0052 (0.0041)  lr: 0.000045  iter-time: 0.9188
[10:12:21.175125] Epoch: [1]  [410/491]  eta: 0:01:25  loss: 4.1923 (4.7002)  IoU (F channel): 0.0042 (0.0038)  L1 (Dc channel): 0.0133 (0.0630)  L1 (Dn channel): 0.0107 (0.0502)  IoU (P channel): 0.0050 (0.0041)  lr: 0.000045  iter-time: 0.9296
[10:12:30.372567] Epoch: [1]  [420/491]  eta: 0:01:14  loss: 4.1849 (4.6876)  IoU (F channel): 0.0048 (0.0038)  L1 (Dc channel): 0.0130 (0.0618)  L1 (Dn channel): 0.0102 (0.0493)  IoU (P channel): 0.0057 (0.0042)  lr: 0.000045  iter-time: 0.9269
[10:12:39.519148] Epoch: [1]  [430/491]  eta: 0:01:03  loss: 4.1662 (4.6754)  IoU (F channel): 0.0078 (0.0039)  L1 (Dc channel): 0.0124 (0.0606)  L1 (Dn channel): 0.0103 (0.0484)  IoU (P channel): 0.0089 (0.0044)  lr: 0.000046  iter-time: 0.9171
[10:12:48.638556] Epoch: [1]  [440/491]  eta: 0:00:53  loss: 4.1657 (4.6638)  IoU (F channel): 0.0045 (0.0040)  L1 (Dc channel): 0.0122 (0.0595)  L1 (Dn channel): 0.0103 (0.0475)  IoU (P channel): 0.0066 (0.0044)  lr: 0.000046  iter-time: 0.9132
[10:12:57.758041] Epoch: [1]  [450/491]  eta: 0:00:42  loss: 4.1637 (4.6527)  IoU (F channel): 0.0039 (0.0040)  L1 (Dc channel): 0.0113 (0.0584)  L1 (Dn channel): 0.0095 (0.0467)  IoU (P channel): 0.0050 (0.0044)  lr: 0.000046  iter-time: 0.9119
[10:13:07.046415] Epoch: [1]  [460/491]  eta: 0:00:32  loss: 4.1597 (4.6420)  IoU (F channel): 0.0042 (0.0040)  L1 (Dc channel): 0.0112 (0.0574)  L1 (Dn channel): 0.0096 (0.0459)  IoU (P channel): 0.0048 (0.0045)  lr: 0.000046  iter-time: 0.9203
[10:13:16.166465] Epoch: [1]  [470/491]  eta: 0:00:21  loss: 4.1591 (4.6314)  IoU (F channel): 0.0032 (0.0040)  L1 (Dc channel): 0.0110 (0.0564)  L1 (Dn channel): 0.0090 (0.0451)  IoU (P channel): 0.0032 (0.0045)  lr: 0.000047  iter-time: 0.9203
[10:13:25.373494] Epoch: [1]  [480/491]  eta: 0:00:11  loss: 4.1378 (4.6210)  IoU (F channel): 0.0055 (0.0041)  L1 (Dc channel): 0.0111 (0.0555)  L1 (Dn channel): 0.0091 (0.0443)  IoU (P channel): 0.0065 (0.0046)  lr: 0.000047  iter-time: 0.9162
[10:13:49.462927] Epoch: [1]  [490/491]  eta: 0:00:01  loss: 4.1378 (4.6112)  IoU (F channel): 0.0058 (0.0042)  L1 (Dc channel): 0.0107 (0.0546)  L1 (Dn channel): 0.0091 (0.0436)  IoU (P channel): 0.0083 (0.0047)  lr: 0.000047  iter-time: 1.6647
[10:13:49.463099] Epoch: [1] Total time: 0:08:39 (1.0591 s / it)
[10:13:49.463152] [Train] averaged stats: loss: 4.1378 (4.6112)  IoU (F channel): 0.0058 (0.0042)  L1 (Dc channel): 0.0107 (0.0546)  L1 (Dn channel): 0.0091 (0.0436)  IoU (P channel): 0.0083 (0.0047)  lr: 0.000047
[10:13:57.580034] Epoch: [1]  [ 0/27]  eta: 0:03:39  loss: 4.1506 (4.1506)  IoU (F channel): 0.0000 (0.0000)  L1 (Dc channel): 0.0080 (0.0080)  L1 (Dn channel): 0.0068 (0.0068)  IoU (P channel): 0.0000 (0.0000)  iter-time: 8.1145
[10:14:04.213086] Epoch: [1]  [10/27]  eta: 0:00:22  loss: 4.1390 (4.1377)  IoU (F channel): 0.0045 (0.0061)  L1 (Dc channel): 0.0106 (0.0101)  L1 (Dn channel): 0.0090 (0.0091)  IoU (P channel): 0.0067 (0.0076)  iter-time: 1.3406
[10:14:11.967864] Epoch: [1]  [20/27]  eta: 0:00:07  loss: 4.1342 (4.1343)  IoU (F channel): 0.0045 (0.0066)  L1 (Dc channel): 0.0105 (0.0103)  L1 (Dn channel): 0.0090 (0.0092)  IoU (P channel): 0.0067 (0.0077)  iter-time: 0.7194
[10:14:14.331875] Epoch: [1]  [26/27]  eta: 0:00:00  loss: 4.1255 (4.1321)  IoU (F channel): 0.0035 (0.0062)  L1 (Dc channel): 0.0102 (0.0101)  L1 (Dn channel): 0.0090 (0.0089)  IoU (P channel): 0.0045 (0.0076)  iter-time: 0.7103
[10:14:14.331978] Epoch: [1] Total time: 0:00:24 (0.9210 s / it)
[10:14:14.332006] [Val] averaged stats: loss: 4.1255 (4.1321)  IoU (F channel): 0.0035 (0.0062)  L1 (Dc channel): 0.0102 (0.0101)  L1 (Dn channel): 0.0090 (0.0089)  IoU (P channel): 0.0045 (0.0076)
[10:14:14.332237] Val loss improved from inf to 4.132065172548647, saving model to metrics/biapy/biapy-channel-scale-zarr-seunet/checkpoints/biapy-channel-scale-zarr-seunet_1_w3443-checkpoint-best.pth
[10:14:14.490877] [Val] best loss: 4.1321 best  IoU (F channel): 0.0062 L1 (Dc channel): 0.0101 L1 (Dn channel): 0.0089 IoU (P channel): 0.0076 
[10:14:14.498272] [Time] 9.1m 9.1m/9.2h

[10:14:14.498294] ~~~ Epoch 2/60 ~~~

[10:14:21.942677] Epoch: [2]  [  0/491]  eta: 1:00:54  loss: 4.1303 (4.1303)  IoU (F channel): 0.0038 (0.0038)  L1 (Dc channel): 0.0096 (0.0096)  L1 (Dn channel): 0.0083 (0.0083)  IoU (P channel): 0.0046 (0.0046)  lr: 0.000047  iter-time: 7.4422
[10:14:31.219695] Epoch: [2]  [ 10/491]  eta: 0:12:11  loss: 4.1247 (4.1180)  IoU (F channel): 0.0074 (0.0083)  L1 (Dc channel): 0.0106 (0.0106)  L1 (Dn channel): 0.0089 (0.0090)  IoU (P channel): 0.0072 (0.0093)  lr: 0.000048  iter-time: 1.5198
[10:14:40.568162] Epoch: [2]  [ 20/491]  eta: 0:09:44  loss: 4.1249 (4.1239)  IoU (F channel): 0.0047 (0.0065)  L1 (Dc channel): 0.0099 (0.0102)  L1 (Dn channel): 0.0088 (0.0087)  IoU (P channel): 0.0060 (0.0075)  lr: 0.000048  iter-time: 0.9312
[10:14:49.811055] Epoch: [2]  [ 30/491]  eta: 0:08:45  loss: 4.1212 (4.1191)  IoU (F channel): 0.0046 (0.0076)  L1 (Dc channel): 0.0097 (0.0100)  L1 (Dn channel): 0.0085 (0.0087)  IoU (P channel): 0.0059 (0.0086)  lr: 0.000048  iter-time: 0.9295
[10:14:59.117007] Epoch: [2]  [ 40/491]  eta: 0:08:10  loss: 4.1048 (4.1161)  IoU (F channel): 0.0059 (0.0075)  L1 (Dc channel): 0.0095 (0.0099)  L1 (Dn channel): 0.0085 (0.0087)  IoU (P channel): 0.0091 (0.0087)  lr: 0.000049  iter-time: 0.9273
[10:15:08.320557] Epoch: [2]  [ 50/491]  eta: 0:07:45  loss: 4.1048 (4.1148)  IoU (F channel): 0.0047 (0.0071)  L1 (Dc channel): 0.0094 (0.0098)  L1 (Dn channel): 0.0084 (0.0086)  IoU (P channel): 0.0054 (0.0082)  lr: 0.000049  iter-time: 0.9253
[10:15:17.758190] Epoch: [2]  [ 60/491]  eta: 0:07:26  loss: 4.1087 (4.1133)  IoU (F channel): 0.0039 (0.0068)  L1 (Dc channel): 0.0091 (0.0096)  L1 (Dn channel): 0.0082 (0.0085)  IoU (P channel): 0.0046 (0.0080)  lr: 0.000049  iter-time: 0.9319
[10:15:27.170016] Epoch: [2]  [ 70/491]  eta: 0:07:10  loss: 4.0987 (4.1103)  IoU (F channel): 0.0051 (0.0068)  L1 (Dc channel): 0.0088 (0.0095)  L1 (Dn channel): 0.0079 (0.0084)  IoU (P channel): 0.0059 (0.0079)  lr: 0.000050  iter-time: 0.9424
[10:15:36.659478] Epoch: [2]  [ 80/491]  eta: 0:06:56  loss: 4.0858 (4.1061)  IoU (F channel): 0.0082 (0.0075)  L1 (Dc channel): 0.0087 (0.0095)  L1 (Dn channel): 0.0076 (0.0084)  IoU (P channel): 0.0088 (0.0086)  lr: 0.000050  iter-time: 0.9449
[10:15:45.894545] Epoch: [2]  [ 90/491]  eta: 0:06:42  loss: 4.0833 (4.1038)  IoU (F channel): 0.0082 (0.0076)  L1 (Dc channel): 0.0087 (0.0094)  L1 (Dn channel): 0.0079 (0.0084)  IoU (P channel): 0.0091 (0.0087)  lr: 0.000050  iter-time: 0.9361
[10:15:55.097325] Epoch: [2]  [100/491]  eta: 0:06:29  loss: 4.0775 (4.1010)  IoU (F channel): 0.0070 (0.0077)  L1 (Dc channel): 0.0088 (0.0093)  L1 (Dn channel): 0.0081 (0.0083)  IoU (P channel): 0.0087 (0.0090)  lr: 0.000051  iter-time: 0.9218
[10:16:04.297988] Epoch: [2]  [110/491]  eta: 0:06:16  loss: 4.0766 (4.0991)  IoU (F channel): 0.0059 (0.0075)  L1 (Dc channel): 0.0083 (0.0092)  L1 (Dn channel): 0.0078 (0.0083)  IoU (P channel): 0.0078 (0.0088)  lr: 0.000051  iter-time: 0.9201
[10:16:13.449619] Epoch: [2]  [120/491]  eta: 0:06:04  loss: 4.0810 (4.0976)  IoU (F channel): 0.0041 (0.0072)  L1 (Dc channel): 0.0078 (0.0091)  L1 (Dn channel): 0.0071 (0.0082)  IoU (P channel): 0.0059 (0.0085)  lr: 0.000051  iter-time: 0.9175
[10:16:22.783128] Epoch: [2]  [130/491]  eta: 0:05:53  loss: 4.0796 (4.0959)  IoU (F channel): 0.0039 (0.0071)  L1 (Dc channel): 0.0079 (0.0091)  L1 (Dn channel): 0.0072 (0.0081)  IoU (P channel): 0.0053 (0.0085)  lr: 0.000052  iter-time: 0.9241
[10:16:32.136065] Epoch: [2]  [140/491]  eta: 0:05:42  loss: 4.0651 (4.0931)  IoU (F channel): 0.0068 (0.0072)  L1 (Dc channel): 0.0081 (0.0090)  L1 (Dn channel): 0.0073 (0.0080)  IoU (P channel): 0.0078 (0.0086)  lr: 0.000052  iter-time: 0.9342
[10:16:41.337926] Epoch: [2]  [150/491]  eta: 0:05:31  loss: 4.0608 (4.0914)  IoU (F channel): 0.0073 (0.0072)  L1 (Dc channel): 0.0082 (0.0089)  L1 (Dn channel): 0.0073 (0.0080)  IoU (P channel): 0.0084 (0.0085)  lr: 0.000052  iter-time: 0.9276
[10:16:50.473743] Epoch: [2]  [160/491]  eta: 0:05:20  loss: 4.0608 (4.0890)  IoU (F channel): 0.0060 (0.0072)  L1 (Dc channel): 0.0081 (0.0089)  L1 (Dn channel): 0.0072 (0.0079)  IoU (P channel): 0.0077 (0.0086)  lr: 0.000053  iter-time: 0.9168
[10:16:59.702248] Epoch: [2]  [170/491]  eta: 0:05:10  loss: 4.0524 (4.0868)  IoU (F channel): 0.0061 (0.0073)  L1 (Dc channel): 0.0078 (0.0088)  L1 (Dn channel): 0.0071 (0.0079)  IoU (P channel): 0.0085 (0.0087)  lr: 0.000053  iter-time: 0.9181
[10:17:08.840947] Epoch: [2]  [180/491]  eta: 0:04:59  loss: 4.0517 (4.0847)  IoU (F channel): 0.0061 (0.0072)  L1 (Dc channel): 0.0077 (0.0087)  L1 (Dn channel): 0.0071 (0.0079)  IoU (P channel): 0.0080 (0.0087)  lr: 0.000054  iter-time: 0.9183
[10:17:17.976046] Epoch: [2]  [190/491]  eta: 0:04:49  loss: 4.0429 (4.0821)  IoU (F channel): 0.0060 (0.0073)  L1 (Dc channel): 0.0073 (0.0087)  L1 (Dn channel): 0.0070 (0.0078)  IoU (P channel): 0.0061 (0.0087)  lr: 0.000054  iter-time: 0.9136
[10:17:27.113533] Epoch: [2]  [200/491]  eta: 0:04:38  loss: 4.0322 (4.0795)  IoU (F channel): 0.0061 (0.0073)  L1 (Dc channel): 0.0073 (0.0086)  L1 (Dn channel): 0.0069 (0.0078)  IoU (P channel): 0.0070 (0.0088)  lr: 0.000054  iter-time: 0.9135
[10:17:36.245747] Epoch: [2]  [210/491]  eta: 0:04:28  loss: 4.0289 (4.0770)  IoU (F channel): 0.0065 (0.0074)  L1 (Dc channel): 0.0072 (0.0085)  L1 (Dn channel): 0.0068 (0.0077)  IoU (P channel): 0.0080 (0.0088)  lr: 0.000055  iter-time: 0.9134
[10:17:45.379365] Epoch: [2]  [220/491]  eta: 0:04:18  loss: 4.0289 (4.0746)  IoU (F channel): 0.0067 (0.0074)  L1 (Dc channel): 0.0071 (0.0085)  L1 (Dn channel): 0.0065 (0.0077)  IoU (P channel): 0.0080 (0.0089)  lr: 0.000055  iter-time: 0.9132
[10:17:54.804597] Epoch: [2]  [230/491]  eta: 0:04:08  loss: 4.0226 (4.0725)  IoU (F channel): 0.0060 (0.0074)  L1 (Dc channel): 0.0071 (0.0084)  L1 (Dn channel): 0.0065 (0.0076)  IoU (P channel): 0.0078 (0.0089)  lr: 0.000056  iter-time: 0.9278
[10:18:04.139809] Epoch: [2]  [240/491]  eta: 0:03:59  loss: 4.0219 (4.0700)  IoU (F channel): 0.0071 (0.0075)  L1 (Dc channel): 0.0071 (0.0084)  L1 (Dn channel): 0.0066 (0.0076)  IoU (P channel): 0.0098 (0.0091)  lr: 0.000056  iter-time: 0.9379
[10:18:13.395778] Epoch: [2]  [250/491]  eta: 0:03:49  loss: 4.0125 (4.0675)  IoU (F channel): 0.0081 (0.0076)  L1 (Dc channel): 0.0069 (0.0083)  L1 (Dn channel): 0.0067 (0.0076)  IoU (P channel): 0.0106 (0.0092)  lr: 0.000057  iter-time: 0.9294
[10:18:22.778858] Epoch: [2]  [260/491]  eta: 0:03:39  loss: 4.0049 (4.0649)  IoU (F channel): 0.0094 (0.0077)  L1 (Dc channel): 0.0068 (0.0082)  L1 (Dn channel): 0.0067 (0.0075)  IoU (P channel): 0.0106 (0.0093)  lr: 0.000057  iter-time: 0.9318
[10:18:31.991729] Epoch: [2]  [270/491]  eta: 0:03:29  loss: 3.9971 (4.0625)  IoU (F channel): 0.0067 (0.0076)  L1 (Dc channel): 0.0067 (0.0082)  L1 (Dn channel): 0.0066 (0.0075)  IoU (P channel): 0.0100 (0.0093)  lr: 0.000058  iter-time: 0.9297
[10:18:41.288675] Epoch: [2]  [280/491]  eta: 0:03:20  loss: 4.0017 (4.0605)  IoU (F channel): 0.0056 (0.0076)  L1 (Dc channel): 0.0066 (0.0081)  L1 (Dn channel): 0.0063 (0.0074)  IoU (P channel): 0.0069 (0.0092)  lr: 0.000058  iter-time: 0.9254
[10:18:50.575355] Epoch: [2]  [290/491]  eta: 0:03:10  loss: 3.9947 (4.0580)  IoU (F channel): 0.0073 (0.0077)  L1 (Dc channel): 0.0065 (0.0081)  L1 (Dn channel): 0.0060 (0.0074)  IoU (P channel): 0.0078 (0.0093)  lr: 0.000058  iter-time: 0.9290
[10:18:59.888292] Epoch: [2]  [300/491]  eta: 0:03:01  loss: 3.9874 (4.0555)  IoU (F channel): 0.0081 (0.0077)  L1 (Dc channel): 0.0063 (0.0080)  L1 (Dn channel): 0.0060 (0.0073)  IoU (P channel): 0.0112 (0.0094)  lr: 0.000059  iter-time: 0.9298
[10:19:09.160792] Epoch: [2]  [310/491]  eta: 0:02:51  loss: 3.9874 (4.0532)  IoU (F channel): 0.0065 (0.0077)  L1 (Dc channel): 0.0062 (0.0080)  L1 (Dn channel): 0.0060 (0.0073)  IoU (P channel): 0.0082 (0.0093)  lr: 0.000059  iter-time: 0.9292
[10:19:18.500131] Epoch: [2]  [320/491]  eta: 0:02:41  loss: 3.9856 (4.0509)  IoU (F channel): 0.0067 (0.0078)  L1 (Dc channel): 0.0061 (0.0079)  L1 (Dn channel): 0.0058 (0.0073)  IoU (P channel): 0.0077 (0.0094)  lr: 0.000060  iter-time: 0.9305
[10:19:28.057128] Epoch: [2]  [330/491]  eta: 0:02:32  loss: 3.9725 (4.0486)  IoU (F channel): 0.0074 (0.0077)  L1 (Dc channel): 0.0061 (0.0079)  L1 (Dn channel): 0.0058 (0.0072)  IoU (P channel): 0.0081 (0.0094)  lr: 0.000060  iter-time: 0.9447
[10:19:37.341379] Epoch: [2]  [340/491]  eta: 0:02:22  loss: 3.9725 (4.0462)  IoU (F channel): 0.0073 (0.0078)  L1 (Dc channel): 0.0060 (0.0078)  L1 (Dn channel): 0.0056 (0.0072)  IoU (P channel): 0.0087 (0.0094)  lr: 0.000061  iter-time: 0.9419
[10:19:46.745677] Epoch: [2]  [350/491]  eta: 0:02:13  loss: 3.9671 (4.0438)  IoU (F channel): 0.0072 (0.0078)  L1 (Dc channel): 0.0060 (0.0077)  L1 (Dn channel): 0.0056 (0.0071)  IoU (P channel): 0.0087 (0.0094)  lr: 0.000061  iter-time: 0.9343
[10:19:56.032228] Epoch: [2]  [360/491]  eta: 0:02:03  loss: 3.9609 (4.0416)  IoU (F channel): 0.0072 (0.0078)  L1 (Dc channel): 0.0059 (0.0077)  L1 (Dn channel): 0.0057 (0.0071)  IoU (P channel): 0.0085 (0.0094)  lr: 0.000062  iter-time: 0.9344
[10:20:05.174447] Epoch: [2]  [370/491]  eta: 0:01:54  loss: 3.9596 (4.0393)  IoU (F channel): 0.0073 (0.0078)  L1 (Dc channel): 0.0058 (0.0076)  L1 (Dn channel): 0.0056 (0.0070)  IoU (P channel): 0.0087 (0.0094)  lr: 0.000062  iter-time: 0.9213
[10:20:14.431298] Epoch: [2]  [380/491]  eta: 0:01:44  loss: 3.9539 (4.0369)  IoU (F channel): 0.0080 (0.0079)  L1 (Dc channel): 0.0056 (0.0076)  L1 (Dn channel): 0.0054 (0.0070)  IoU (P channel): 0.0116 (0.0095)  lr: 0.000063  iter-time: 0.9199
[10:20:23.672174] Epoch: [2]  [390/491]  eta: 0:01:35  loss: 3.9400 (4.0343)  IoU (F channel): 0.0095 (0.0080)  L1 (Dc channel): 0.0056 (0.0075)  L1 (Dn channel): 0.0055 (0.0070)  IoU (P channel): 0.0127 (0.0096)  lr: 0.000063  iter-time: 0.9248
[10:20:32.944834] Epoch: [2]  [400/491]  eta: 0:01:25  loss: 3.9394 (4.0319)  IoU (F channel): 0.0089 (0.0080)  L1 (Dc channel): 0.0057 (0.0075)  L1 (Dn channel): 0.0055 (0.0069)  IoU (P channel): 0.0096 (0.0096)  lr: 0.000064  iter-time: 0.9256
[10:20:42.179502] Epoch: [2]  [410/491]  eta: 0:01:16  loss: 3.9394 (4.0295)  IoU (F channel): 0.0051 (0.0080)  L1 (Dc channel): 0.0056 (0.0074)  L1 (Dn channel): 0.0054 (0.0069)  IoU (P channel): 0.0081 (0.0096)  lr: 0.000064  iter-time: 0.9252
[10:20:51.384777] Epoch: [2]  [420/491]  eta: 0:01:06  loss: 3.9338 (4.0271)  IoU (F channel): 0.0057 (0.0080)  L1 (Dc channel): 0.0056 (0.0074)  L1 (Dn channel): 0.0053 (0.0069)  IoU (P channel): 0.0073 (0.0096)  lr: 0.000065  iter-time: 0.9219
[10:21:00.717779] Epoch: [2]  [430/491]  eta: 0:00:57  loss: 3.9275 (4.0247)  IoU (F channel): 0.0077 (0.0080)  L1 (Dc channel): 0.0055 (0.0074)  L1 (Dn channel): 0.0052 (0.0068)  IoU (P channel): 0.0086 (0.0097)  lr: 0.000066  iter-time: 0.9268
[10:21:09.869401] Epoch: [2]  [440/491]  eta: 0:00:48  loss: 3.9191 (4.0222)  IoU (F channel): 0.0077 (0.0081)  L1 (Dc channel): 0.0054 (0.0073)  L1 (Dn channel): 0.0052 (0.0068)  IoU (P channel): 0.0095 (0.0097)  lr: 0.000066  iter-time: 0.9241
[10:21:19.012769] Epoch: [2]  [450/491]  eta: 0:00:38  loss: 3.9175 (4.0200)  IoU (F channel): 0.0055 (0.0080)  L1 (Dc channel): 0.0053 (0.0073)  L1 (Dn channel): 0.0050 (0.0067)  IoU (P channel): 0.0073 (0.0097)  lr: 0.000067  iter-time: 0.9146
[10:21:28.256133] Epoch: [2]  [460/491]  eta: 0:00:29  loss: 3.9178 (4.0175)  IoU (F channel): 0.0073 (0.0082)  L1 (Dc channel): 0.0052 (0.0072)  L1 (Dn channel): 0.0050 (0.0067)  IoU (P channel): 0.0089 (0.0098)  lr: 0.000067  iter-time: 0.9192
[10:21:37.396513] Epoch: [2]  [470/491]  eta: 0:00:19  loss: 3.9065 (4.0151)  IoU (F channel): 0.0082 (0.0082)  L1 (Dc channel): 0.0051 (0.0072)  L1 (Dn channel): 0.0051 (0.0067)  IoU (P channel): 0.0117 (0.0098)  lr: 0.000068  iter-time: 0.9191
[10:21:46.541475] Epoch: [2]  [480/491]  eta: 0:00:10  loss: 3.9065 (4.0128)  IoU (F channel): 0.0079 (0.0083)  L1 (Dc channel): 0.0052 (0.0071)  L1 (Dn channel): 0.0049 (0.0066)  IoU (P channel): 0.0104 (0.0098)  lr: 0.000068  iter-time: 0.9141
[10:21:55.177521] Epoch: [2]  [490/491]  eta: 0:00:00  loss: 3.8880 (4.0101)  IoU (F channel): 0.0091 (0.0083)  L1 (Dc channel): 0.0053 (0.0071)  L1 (Dn channel): 0.0050 (0.0066)  IoU (P channel): 0.0106 (0.0099)  lr: 0.000069  iter-time: 0.8890
[10:21:55.177743] Epoch: [2] Total time: 0:07:40 (0.9382 s / it)
[10:21:55.177817] [Train] averaged stats: loss: 3.8880 (4.0101)  IoU (F channel): 0.0091 (0.0083)  L1 (Dc channel): 0.0053 (0.0071)  L1 (Dn channel): 0.0050 (0.0066)  IoU (P channel): 0.0106 (0.0099)  lr: 0.000069
[10:22:01.456675] Epoch: [2]  [ 0/27]  eta: 0:02:49  loss: 3.9225 (3.9225)  IoU (F channel): 0.0000 (0.0000)  L1 (Dc channel): 0.0043 (0.0043)  L1 (Dn channel): 0.0041 (0.0041)  IoU (P channel): 0.0000 (0.0000)  iter-time: 6.2778
[10:22:11.598838] Epoch: [2]  [10/27]  eta: 0:00:25  loss: 3.8969 (3.9007)  IoU (F channel): 0.0067 (0.0088)  L1 (Dc channel): 0.0054 (0.0052)  L1 (Dn channel): 0.0053 (0.0057)  IoU (P channel): 0.0082 (0.0108)  iter-time: 1.4927
[10:22:18.568187] Epoch: [2]  [20/27]  eta: 0:00:07  loss: 3.8952 (3.8958)  IoU (F channel): 0.0067 (0.0100)  L1 (Dc channel): 0.0054 (0.0053)  L1 (Dn channel): 0.0053 (0.0057)  IoU (P channel): 0.0082 (0.0114)  iter-time: 0.8555
[10:22:20.721386] Epoch: [2]  [26/27]  eta: 0:00:00  loss: 3.8875 (3.8941)  IoU (F channel): 0.0054 (0.0095)  L1 (Dc channel): 0.0052 (0.0052)  L1 (Dn channel): 0.0053 (0.0056)  IoU (P channel): 0.0066 (0.0113)  iter-time: 0.7181
[10:22:20.721489] Epoch: [2] Total time: 0:00:25 (0.9460 s / it)
[10:22:20.721508] [Val] averaged stats: loss: 3.8875 (3.8941)  IoU (F channel): 0.0054 (0.0095)  L1 (Dc channel): 0.0052 (0.0052)  L1 (Dn channel): 0.0053 (0.0056)  IoU (P channel): 0.0066 (0.0113)
[10:22:20.721742] Val loss improved from 4.132065172548647 to 3.894111960022538, saving model to metrics/biapy/biapy-channel-scale-zarr-seunet/checkpoints/biapy-channel-scale-zarr-seunet_1_w3443-checkpoint-best.pth
[10:22:20.827474] [Val] best loss: 3.8941 best  IoU (F channel): 0.0095 L1 (Dc channel): 0.0052 L1 (Dn channel): 0.0056 IoU (P channel): 0.0113 
[10:22:20.837810] [Time] 8.1m 17.2m/8.3h

[10:22:20.837832] ~~~ Epoch 3/60 ~~~

[10:22:29.764807] Epoch: [3]  [  0/491]  eta: 1:13:02  loss: 3.8741 (3.8741)  IoU (F channel): 0.0209 (0.0209)  L1 (Dc channel): 0.0057 (0.0057)  L1 (Dn channel): 0.0063 (0.0063)  IoU (P channel): 0.0245 (0.0245)  lr: 0.000069  iter-time: 8.9253
[10:22:39.164713] Epoch: [3]  [ 10/491]  eta: 0:13:21  loss: 3.8863 (3.8825)  IoU (F channel): 0.0084 (0.0109)  L1 (Dc channel): 0.0055 (0.0055)  L1 (Dn channel): 0.0052 (0.0054)  IoU (P channel): 0.0131 (0.0133)  lr: 0.000070  iter-time: 1.6658
[10:22:48.458646] Epoch: [3]  [ 20/491]  eta: 0:10:19  loss: 3.8863 (3.8836)  IoU (F channel): 0.0077 (0.0095)  L1 (Dc channel): 0.0052 (0.0053)  L1 (Dn channel): 0.0051 (0.0053)  IoU (P channel): 0.0093 (0.0115)  lr: 0.000070  iter-time: 0.9346
[10:22:57.624744] Epoch: [3]  [ 30/491]  eta: 0:09:06  loss: 3.8796 (3.8798)  IoU (F channel): 0.0078 (0.0103)  L1 (Dc channel): 0.0052 (0.0053)  L1 (Dn channel): 0.0049 (0.0052)  IoU (P channel): 0.0089 (0.0120)  lr: 0.000071  iter-time: 0.9229
[10:23:06.761542] Epoch: [3]  [ 40/491]  eta: 0:08:25  loss: 3.8754 (3.8775)  IoU (F channel): 0.0079 (0.0103)  L1 (Dc channel): 0.0052 (0.0053)  L1 (Dn channel): 0.0049 (0.0052)  IoU (P channel): 0.0087 (0.0118)  lr: 0.000071  iter-time: 0.9150
[10:23:15.948057] Epoch: [3]  [ 50/491]  eta: 0:07:56  loss: 3.8645 (3.8740)  IoU (F channel): 0.0095 (0.0110)  L1 (Dc channel): 0.0051 (0.0053)  L1 (Dn channel): 0.0050 (0.0052)  IoU (P channel): 0.0113 (0.0125)  lr: 0.000072  iter-time: 0.9161
[10:23:25.085179] Epoch: [3]  [ 60/491]  eta: 0:07:33  loss: 3.8588 (3.8714)  IoU (F channel): 0.0110 (0.0113)  L1 (Dc channel): 0.0051 (0.0052)  L1 (Dn channel): 0.0050 (0.0051)  IoU (P channel): 0.0132 (0.0128)  lr: 0.000073  iter-time: 0.9161
[10:23:34.219755] Epoch: [3]  [ 70/491]  eta: 0:07:15  loss: 3.8613 (3.8702)  IoU (F channel): 0.0083 (0.0108)  L1 (Dc channel): 0.0051 (0.0052)  L1 (Dn channel): 0.0050 (0.0051)  IoU (P channel): 0.0099 (0.0122)  lr: 0.000073  iter-time: 0.9135
[10:23:43.361368] Epoch: [3]  [ 80/491]  eta: 0:06:58  loss: 3.8543 (3.8667)  IoU (F channel): 0.0075 (0.0110)  L1 (Dc channel): 0.0051 (0.0052)  L1 (Dn channel): 0.0050 (0.0051)  IoU (P channel): 0.0088 (0.0124)  lr: 0.000074  iter-time: 0.9137
[10:23:52.507010] Epoch: [3]  [ 90/491]  eta: 0:06:43  loss: 3.8335 (3.8629)  IoU (F channel): 0.0119 (0.0113)  L1 (Dc channel): 0.0051 (0.0052)  L1 (Dn channel): 0.0050 (0.0051)  IoU (P channel): 0.0128 (0.0127)  lr: 0.000075  iter-time: 0.9143
[10:24:01.654624] Epoch: [3]  [100/491]  eta: 0:06:30  loss: 3.8327 (3.8594)  IoU (F channel): 0.0134 (0.0117)  L1 (Dc channel): 0.0053 (0.0052)  L1 (Dn channel): 0.0053 (0.0052)  IoU (P channel): 0.0155 (0.0130)  lr: 0.000075  iter-time: 0.9146
[10:24:10.804098] Epoch: [3]  [110/491]  eta: 0:06:17  loss: 3.8319 (3.8567)  IoU (F channel): 0.0104 (0.0115)  L1 (Dc channel): 0.0053 (0.0052)  L1 (Dn channel): 0.0051 (0.0051)  IoU (P channel): 0.0132 (0.0128)  lr: 0.000076  iter-time: 0.9147
[10:24:19.975884] Epoch: [3]  [120/491]  eta: 0:06:05  loss: 3.8319 (3.8546)  IoU (F channel): 0.0088 (0.0114)  L1 (Dc channel): 0.0051 (0.0052)  L1 (Dn channel): 0.0051 (0.0051)  IoU (P channel): 0.0080 (0.0127)  lr: 0.000076  iter-time: 0.9159
[10:24:29.174102] Epoch: [3]  [130/491]  eta: 0:05:53  loss: 3.8244 (3.8520)  IoU (F channel): 0.0092 (0.0115)  L1 (Dc channel): 0.0053 (0.0052)  L1 (Dn channel): 0.0049 (0.0051)  IoU (P channel): 0.0117 (0.0128)  lr: 0.000077  iter-time: 0.9183
[10:24:38.392661] Epoch: [3]  [140/491]  eta: 0:05:42  loss: 3.8149 (3.8491)  IoU (F channel): 0.0125 (0.0117)  L1 (Dc channel): 0.0054 (0.0052)  L1 (Dn channel): 0.0050 (0.0051)  IoU (P channel): 0.0136 (0.0130)  lr: 0.000078  iter-time: 0.9207
[10:24:47.536158] Epoch: [3]  [150/491]  eta: 0:05:31  loss: 3.8128 (3.8467)  IoU (F channel): 0.0094 (0.0115)  L1 (Dc channel): 0.0052 (0.0052)  L1 (Dn channel): 0.0050 (0.0051)  IoU (P channel): 0.0116 (0.0128)  lr: 0.000078  iter-time: 0.9180
[10:24:56.715194] Epoch: [3]  [160/491]  eta: 0:05:20  loss: 3.7980 (3.8437)  IoU (F channel): 0.0094 (0.0116)  L1 (Dc channel): 0.0051 (0.0052)  L1 (Dn channel): 0.0049 (0.0051)  IoU (P channel): 0.0116 (0.0129)  lr: 0.000079  iter-time: 0.9160
[10:25:05.860225] Epoch: [3]  [170/491]  eta: 0:05:09  loss: 3.7908 (3.8400)  IoU (F channel): 0.0133 (0.0119)  L1 (Dc channel): 0.0051 (0.0052)  L1 (Dn channel): 0.0049 (0.0051)  IoU (P channel): 0.0151 (0.0132)  lr: 0.000080  iter-time: 0.9161
[10:25:15.059767] Epoch: [3]  [180/491]  eta: 0:04:59  loss: 3.7807 (3.8371)  IoU (F channel): 0.0124 (0.0119)  L1 (Dc channel): 0.0051 (0.0052)  L1 (Dn channel): 0.0049 (0.0051)  IoU (P channel): 0.0140 (0.0131)  lr: 0.000080  iter-time: 0.9171
[10:25:24.229823] Epoch: [3]  [190/491]  eta: 0:04:48  loss: 3.7822 (3.8340)  IoU (F channel): 0.0079 (0.0117)  L1 (Dc channel): 0.0049 (0.0052)  L1 (Dn channel): 0.0049 (0.0051)  IoU (P channel): 0.0082 (0.0130)  lr: 0.000081  iter-time: 0.9183
[10:25:33.392506] Epoch: [3]  [200/491]  eta: 0:04:38  loss: 3.7798 (3.8310)  IoU (F channel): 0.0080 (0.0117)  L1 (Dc channel): 0.0048 (0.0052)  L1 (Dn channel): 0.0048 (0.0051)  IoU (P channel): 0.0096 (0.0130)  lr: 0.000082  iter-time: 0.9165
[10:25:42.632522] Epoch: [3]  [210/491]  eta: 0:04:28  loss: 3.7698 (3.8279)  IoU (F channel): 0.0095 (0.0117)  L1 (Dc channel): 0.0048 (0.0052)  L1 (Dn channel): 0.0047 (0.0051)  IoU (P channel): 0.0105 (0.0130)  lr: 0.000083  iter-time: 0.9200
[10:25:51.774660] Epoch: [3]  [220/491]  eta: 0:04:18  loss: 3.7597 (3.8246)  IoU (F channel): 0.0105 (0.0118)  L1 (Dc channel): 0.0048 (0.0052)  L1 (Dn channel): 0.0049 (0.0051)  IoU (P channel): 0.0110 (0.0132)  lr: 0.000083  iter-time: 0.9190
[10:26:01.023723] Epoch: [3]  [230/491]  eta: 0:04:08  loss: 3.7498 (3.8212)  IoU (F channel): 0.0117 (0.0118)  L1 (Dc channel): 0.0049 (0.0051)  L1 (Dn channel): 0.0048 (0.0051)  IoU (P channel): 0.0151 (0.0132)  lr: 0.000084  iter-time: 0.9195
[10:26:10.319876] Epoch: [3]  [240/491]  eta: 0:03:58  loss: 3.7467 (3.8180)  IoU (F channel): 0.0097 (0.0117)  L1 (Dc channel): 0.0046 (0.0051)  L1 (Dn channel): 0.0045 (0.0050)  IoU (P channel): 0.0108 (0.0131)  lr: 0.000085  iter-time: 0.9272
[10:26:19.461425] Epoch: [3]  [250/491]  eta: 0:03:49  loss: 3.7330 (3.8144)  IoU (F channel): 0.0094 (0.0118)  L1 (Dc channel): 0.0046 (0.0051)  L1 (Dn channel): 0.0045 (0.0050)  IoU (P channel): 0.0092 (0.0132)  lr: 0.000085  iter-time: 0.9218
[10:26:28.728795] Epoch: [3]  [260/491]  eta: 0:03:39  loss: 3.7274 (3.8110)  IoU (F channel): 0.0109 (0.0118)  L1 (Dc channel): 0.0047 (0.0051)  L1 (Dn channel): 0.0046 (0.0050)  IoU (P channel): 0.0129 (0.0133)  lr: 0.000086  iter-time: 0.9203
[10:26:37.909687] Epoch: [3]  [270/491]  eta: 0:03:29  loss: 3.7205 (3.8075)  IoU (F channel): 0.0111 (0.0118)  L1 (Dc channel): 0.0048 (0.0051)  L1 (Dn channel): 0.0046 (0.0050)  IoU (P channel): 0.0131 (0.0133)  lr: 0.000087  iter-time: 0.9223
[10:26:47.075566] Epoch: [3]  [280/491]  eta: 0:03:19  loss: 3.7171 (3.8042)  IoU (F channel): 0.0098 (0.0118)  L1 (Dc channel): 0.0048 (0.0051)  L1 (Dn channel): 0.0044 (0.0050)  IoU (P channel): 0.0123 (0.0133)  lr: 0.000088  iter-time: 0.9172
[10:26:56.222875] Epoch: [3]  [290/491]  eta: 0:03:10  loss: 3.7124 (3.8008)  IoU (F channel): 0.0098 (0.0118)  L1 (Dc channel): 0.0047 (0.0050)  L1 (Dn channel): 0.0044 (0.0050)  IoU (P channel): 0.0123 (0.0135)  lr: 0.000088  iter-time: 0.9155
[10:27:05.403559] Epoch: [3]  [300/491]  eta: 0:03:00  loss: 3.6998 (3.7973)  IoU (F channel): 0.0098 (0.0118)  L1 (Dc channel): 0.0046 (0.0050)  L1 (Dn channel): 0.0044 (0.0049)  IoU (P channel): 0.0137 (0.0135)  lr: 0.000089  iter-time: 0.9163
[10:27:14.569704] Epoch: [3]  [310/491]  eta: 0:02:50  loss: 3.6880 (3.7937)  IoU (F channel): 0.0129 (0.0119)  L1 (Dc channel): 0.0047 (0.0050)  L1 (Dn channel): 0.0045 (0.0050)  IoU (P channel): 0.0162 (0.0137)  lr: 0.000090  iter-time: 0.9172
[10:27:23.737559] Epoch: [3]  [320/491]  eta: 0:02:41  loss: 3.6759 (3.7899)  IoU (F channel): 0.0153 (0.0120)  L1 (Dc channel): 0.0049 (0.0050)  L1 (Dn channel): 0.0047 (0.0049)  IoU (P channel): 0.0179 (0.0139)  lr: 0.000091  iter-time: 0.9166
[10:27:33.009191] Epoch: [3]  [330/491]  eta: 0:02:31  loss: 3.6704 (3.7863)  IoU (F channel): 0.0112 (0.0120)  L1 (Dc channel): 0.0049 (0.0050)  L1 (Dn channel): 0.0046 (0.0049)  IoU (P channel): 0.0147 (0.0139)  lr: 0.000091  iter-time: 0.9218
[10:27:42.284629] Epoch: [3]  [340/491]  eta: 0:02:22  loss: 3.6646 (3.7827)  IoU (F channel): 0.0093 (0.0119)  L1 (Dc channel): 0.0049 (0.0050)  L1 (Dn channel): 0.0046 (0.0049)  IoU (P channel): 0.0126 (0.0139)  lr: 0.000092  iter-time: 0.9272
[10:27:51.512641] Epoch: [3]  [350/491]  eta: 0:02:12  loss: 3.6597 (3.7791)  IoU (F channel): 0.0087 (0.0119)  L1 (Dc channel): 0.0047 (0.0050)  L1 (Dn channel): 0.0043 (0.0049)  IoU (P channel): 0.0126 (0.0140)  lr: 0.000093  iter-time: 0.9250
[10:28:00.653766] Epoch: [3]  [360/491]  eta: 0:02:03  loss: 3.6544 (3.7753)  IoU (F channel): 0.0106 (0.0120)  L1 (Dc channel): 0.0049 (0.0050)  L1 (Dn channel): 0.0043 (0.0049)  IoU (P channel): 0.0165 (0.0141)  lr: 0.000094  iter-time: 0.9184
[10:28:09.790824] Epoch: [3]  [370/491]  eta: 0:01:53  loss: 3.6406 (3.7717)  IoU (F channel): 0.0111 (0.0120)  L1 (Dc channel): 0.0049 (0.0050)  L1 (Dn channel): 0.0043 (0.0049)  IoU (P channel): 0.0161 (0.0142)  lr: 0.000094  iter-time: 0.9138
[10:28:18.958718] Epoch: [3]  [380/491]  eta: 0:01:44  loss: 3.6345 (3.7680)  IoU (F channel): 0.0091 (0.0120)  L1 (Dc channel): 0.0047 (0.0050)  L1 (Dn channel): 0.0043 (0.0049)  IoU (P channel): 0.0147 (0.0143)  lr: 0.000095  iter-time: 0.9152
[10:28:28.273311] Epoch: [3]  [390/491]  eta: 0:01:34  loss: 3.6217 (3.7642)  IoU (F channel): 0.0107 (0.0120)  L1 (Dc channel): 0.0047 (0.0050)  L1 (Dn channel): 0.0043 (0.0049)  IoU (P channel): 0.0177 (0.0144)  lr: 0.000096  iter-time: 0.9240
[10:28:37.434996] Epoch: [3]  [400/491]  eta: 0:01:25  loss: 3.6163 (3.7603)  IoU (F channel): 0.0097 (0.0120)  L1 (Dc channel): 0.0047 (0.0050)  L1 (Dn channel): 0.0043 (0.0049)  IoU (P channel): 0.0172 (0.0145)  lr: 0.000097  iter-time: 0.9237
[10:28:46.576723] Epoch: [3]  [410/491]  eta: 0:01:16  loss: 3.6007 (3.7564)  IoU (F channel): 0.0116 (0.0121)  L1 (Dc channel): 0.0046 (0.0050)  L1 (Dn channel): 0.0043 (0.0048)  IoU (P channel): 0.0195 (0.0147)  lr: 0.000098  iter-time: 0.9151
[10:28:55.774236] Epoch: [3]  [420/491]  eta: 0:01:06  loss: 3.5905 (3.7523)  IoU (F channel): 0.0129 (0.0121)  L1 (Dc channel): 0.0044 (0.0050)  L1 (Dn channel): 0.0042 (0.0048)  IoU (P channel): 0.0199 (0.0148)  lr: 0.000098  iter-time: 0.9168
[10:29:05.041317] Epoch: [3]  [430/491]  eta: 0:00:57  loss: 3.5797 (3.7484)  IoU (F channel): 0.0080 (0.0120)  L1 (Dc channel): 0.0043 (0.0050)  L1 (Dn channel): 0.0040 (0.0048)  IoU (P channel): 0.0176 (0.0149)  lr: 0.000099  iter-time: 0.9231
[10:29:14.381498] Epoch: [3]  [440/491]  eta: 0:00:47  loss: 3.5662 (3.7441)  IoU (F channel): 0.0109 (0.0121)  L1 (Dc channel): 0.0043 (0.0050)  L1 (Dn channel): 0.0040 (0.0048)  IoU (P channel): 0.0211 (0.0151)  lr: 0.000100  iter-time: 0.9302
[10:29:23.580112] Epoch: [3]  [450/491]  eta: 0:00:38  loss: 3.5583 (3.7400)  IoU (F channel): 0.0106 (0.0121)  L1 (Dc channel): 0.0044 (0.0049)  L1 (Dn channel): 0.0040 (0.0048)  IoU (P channel): 0.0175 (0.0152)  lr: 0.000101  iter-time: 0.9268
[10:29:32.721709] Epoch: [3]  [460/491]  eta: 0:00:29  loss: 3.5567 (3.7358)  IoU (F channel): 0.0098 (0.0121)  L1 (Dc channel): 0.0042 (0.0049)  L1 (Dn channel): 0.0038 (0.0048)  IoU (P channel): 0.0158 (0.0153)  lr: 0.000102  iter-time: 0.9169
[10:29:41.911635] Epoch: [3]  [470/491]  eta: 0:00:19  loss: 3.5451 (3.7318)  IoU (F channel): 0.0102 (0.0121)  L1 (Dc channel): 0.0042 (0.0049)  L1 (Dn channel): 0.0037 (0.0047)  IoU (P channel): 0.0211 (0.0155)  lr: 0.000103  iter-time: 0.9165
[10:29:51.115392] Epoch: [3]  [480/491]  eta: 0:00:10  loss: 3.5275 (3.7274)  IoU (F channel): 0.0131 (0.0121)  L1 (Dc channel): 0.0043 (0.0049)  L1 (Dn channel): 0.0037 (0.0047)  IoU (P channel): 0.0240 (0.0156)  lr: 0.000103  iter-time: 0.9196
[10:29:59.764539] Epoch: [3]  [490/491]  eta: 0:00:00  loss: 3.5187 (3.7231)  IoU (F channel): 0.0102 (0.0121)  L1 (Dc channel): 0.0041 (0.0049)  L1 (Dn channel): 0.0036 (0.0047)  IoU (P channel): 0.0202 (0.0157)  lr: 0.000104  iter-time: 0.8926
[10:29:59.764652] Epoch: [3] Total time: 0:07:38 (0.9347 s / it)
[10:29:59.764693] [Train] averaged stats: loss: 3.5187 (3.7231)  IoU (F channel): 0.0102 (0.0121)  L1 (Dc channel): 0.0041 (0.0049)  L1 (Dn channel): 0.0036 (0.0047)  IoU (P channel): 0.0202 (0.0157)  lr: 0.000104
[10:30:06.855537] Epoch: [3]  [ 0/27]  eta: 0:03:11  loss: 3.5395 (3.5395)  IoU (F channel): 0.0000 (0.0000)  L1 (Dc channel): 0.0032 (0.0032)  L1 (Dn channel): 0.0028 (0.0028)  IoU (P channel): 0.0000 (0.0000)  iter-time: 7.0896
[10:30:15.056950] Epoch: [3]  [10/27]  eta: 0:00:23  loss: 3.5214 (3.5266)  IoU (F channel): 0.0078 (0.0113)  L1 (Dc channel): 0.0041 (0.0040)  L1 (Dn channel): 0.0033 (0.0039)  IoU (P channel): 0.0136 (0.0203)  iter-time: 1.3901
[10:30:21.748030] Epoch: [3]  [20/27]  eta: 0:00:07  loss: 3.5183 (3.5192)  IoU (F channel): 0.0078 (0.0130)  L1 (Dc channel): 0.0041 (0.0040)  L1 (Dn channel): 0.0033 (0.0038)  IoU (P channel): 0.0136 (0.0227)  iter-time: 0.7446
[10:30:23.745937] Epoch: [3]  [26/27]  eta: 0:00:00  loss: 3.5126 (3.5173)  IoU (F channel): 0.0071 (0.0123)  L1 (Dc channel): 0.0039 (0.0039)  L1 (Dn channel): 0.0033 (0.0037)  IoU (P channel): 0.0151 (0.0228)  iter-time: 0.6197
[10:30:23.746027] Epoch: [3] Total time: 0:00:23 (0.8882 s / it)
[10:30:23.746043] [Val] averaged stats: loss: 3.5126 (3.5173)  IoU (F channel): 0.0071 (0.0123)  L1 (Dc channel): 0.0039 (0.0039)  L1 (Dn channel): 0.0033 (0.0037)  IoU (P channel): 0.0151 (0.0228)
[10:30:23.746234] Val loss improved from 3.894111960022538 to 3.517308588381167, saving model to metrics/biapy/biapy-channel-scale-zarr-seunet/checkpoints/biapy-channel-scale-zarr-seunet_1_w3443-checkpoint-best.pth
[10:30:23.862706] [Val] best loss: 3.5173 best  IoU (F channel): 0.0123 L1 (Dc channel): 0.0039 L1 (Dn channel): 0.0037 IoU (P channel): 0.0228 
[10:30:23.871153] [Time] 8.1m 25.2m/8.2h

[10:30:23.871171] ~~~ Epoch 4/60 ~~~

[10:30:32.615780] Epoch: [4]  [  0/491]  eta: 1:11:32  loss: 3.5052 (3.5052)  IoU (F channel): 0.0102 (0.0102)  L1 (Dc channel): 0.0042 (0.0042)  L1 (Dn channel): 0.0038 (0.0038)  IoU (P channel): 0.0159 (0.0159)  lr: 0.000104  iter-time: 8.7433
[10:30:42.253128] Epoch: [4]  [ 10/491]  eta: 0:13:23  loss: 3.5042 (3.5010)  IoU (F channel): 0.0105 (0.0125)  L1 (Dc channel): 0.0041 (0.0040)  L1 (Dn channel): 0.0039 (0.0037)  IoU (P channel): 0.0174 (0.0249)  lr: 0.000105  iter-time: 1.6708
[10:30:51.592026] Epoch: [4]  [ 20/491]  eta: 0:10:21  loss: 3.4966 (3.4969)  IoU (F channel): 0.0107 (0.0129)  L1 (Dc channel): 0.0042 (0.0042)  L1 (Dn channel): 0.0039 (0.0039)  IoU (P channel): 0.0179 (0.0252)  lr: 0.000106  iter-time: 0.9487
[10:31:00.861456] Epoch: [4]  [ 30/491]  eta: 0:09:10  loss: 3.4885 (3.4958)  IoU (F channel): 0.0100 (0.0124)  L1 (Dc channel): 0.0042 (0.0042)  L1 (Dn channel): 0.0040 (0.0039)  IoU (P channel): 0.0186 (0.0239)  lr: 0.000107  iter-time: 0.9303
[10:31:10.080393] Epoch: [4]  [ 40/491]  eta: 0:08:28  loss: 3.4882 (3.4926)  IoU (F channel): 0.0077 (0.0119)  L1 (Dc channel): 0.0042 (0.0042)  L1 (Dn channel): 0.0038 (0.0039)  IoU (P channel): 0.0183 (0.0232)  lr: 0.000108  iter-time: 0.9243
[10:31:19.232025] Epoch: [4]  [ 50/491]  eta: 0:07:58  loss: 3.4744 (3.4887)  IoU (F channel): 0.0093 (0.0120)  L1 (Dc channel): 0.0042 (0.0042)  L1 (Dn channel): 0.0035 (0.0038)  IoU (P channel): 0.0228 (0.0235)  lr: 0.000109  iter-time: 0.9184
[10:31:28.441360] Epoch: [4]  [ 60/491]  eta: 0:07:36  loss: 3.4588 (3.4832)  IoU (F channel): 0.0096 (0.0117)  L1 (Dc channel): 0.0041 (0.0042)  L1 (Dn channel): 0.0035 (0.0038)  IoU (P channel): 0.0241 (0.0240)  lr: 0.000110  iter-time: 0.9180
[10:31:37.595238] Epoch: [4]  [ 70/491]  eta: 0:07:17  loss: 3.4470 (3.4776)  IoU (F channel): 0.0096 (0.0118)  L1 (Dc channel): 0.0040 (0.0041)  L1 (Dn channel): 0.0036 (0.0038)  IoU (P channel): 0.0236 (0.0241)  lr: 0.000111  iter-time: 0.9181
[10:31:46.787374] Epoch: [4]  [ 80/491]  eta: 0:07:00  loss: 3.4353 (3.4713)  IoU (F channel): 0.0093 (0.0115)  L1 (Dc channel): 0.0038 (0.0041)  L1 (Dn channel): 0.0035 (0.0038)  IoU (P channel): 0.0200 (0.0238)  lr: 0.000111  iter-time: 0.9172
[10:31:55.932145] Epoch: [4]  [ 90/491]  eta: 0:06:45  loss: 3.4196 (3.4652)  IoU (F channel): 0.0098 (0.0119)  L1 (Dc channel): 0.0039 (0.0041)  L1 (Dn channel): 0.0035 (0.0037)  IoU (P channel): 0.0258 (0.0248)  lr: 0.000112  iter-time: 0.9168
[10:32:05.071931] Epoch: [4]  [100/491]  eta: 0:06:31  loss: 3.4072 (3.4591)  IoU (F channel): 0.0130 (0.0120)  L1 (Dc channel): 0.0040 (0.0041)  L1 (Dn channel): 0.0035 (0.0038)  IoU (P channel): 0.0309 (0.0253)  lr: 0.000113  iter-time: 0.9141
[10:32:14.270635] Epoch: [4]  [110/491]  eta: 0:06:18  loss: 3.4071 (3.4544)  IoU (F channel): 0.0117 (0.0120)  L1 (Dc channel): 0.0040 (0.0041)  L1 (Dn channel): 0.0037 (0.0038)  IoU (P channel): 0.0271 (0.0255)  lr: 0.000114  iter-time: 0.9168
[10:32:23.417327] Epoch: [4]  [120/491]  eta: 0:06:06  loss: 3.3992 (3.4489)  IoU (F channel): 0.0097 (0.0118)  L1 (Dc channel): 0.0039 (0.0041)  L1 (Dn channel): 0.0037 (0.0037)  IoU (P channel): 0.0216 (0.0252)  lr: 0.000115  iter-time: 0.9172
[10:32:32.560749] Epoch: [4]  [130/491]  eta: 0:05:54  loss: 3.3812 (3.4435)  IoU (F channel): 0.0095 (0.0117)  L1 (Dc channel): 0.0038 (0.0040)  L1 (Dn channel): 0.0034 (0.0037)  IoU (P channel): 0.0237 (0.0253)  lr: 0.000116  iter-time: 0.9144
[10:32:41.788122] Epoch: [4]  [140/491]  eta: 0:05:43  loss: 3.3703 (3.4372)  IoU (F channel): 0.0101 (0.0118)  L1 (Dc channel): 0.0037 (0.0040)  L1 (Dn channel): 0.0032 (0.0037)  IoU (P channel): 0.0250 (0.0262)  lr: 0.000117  iter-time: 0.9184
[10:32:51.037857] Epoch: [4]  [150/491]  eta: 0:05:32  loss: 3.3540 (3.4314)  IoU (F channel): 0.0076 (0.0116)  L1 (Dc channel): 0.0038 (0.0040)  L1 (Dn channel): 0.0031 (0.0037)  IoU (P channel): 0.0234 (0.0261)  lr: 0.000118  iter-time: 0.9237
[10:33:00.298362] Epoch: [4]  [160/491]  eta: 0:05:21  loss: 3.3411 (3.4254)  IoU (F channel): 0.0084 (0.0116)  L1 (Dc channel): 0.0037 (0.0040)  L1 (Dn channel): 0.0031 (0.0036)  IoU (P channel): 0.0281 (0.0264)  lr: 0.000119  iter-time: 0.9254
[10:33:09.457032] Epoch: [4]  [170/491]  eta: 0:05:10  loss: 3.3312 (3.4198)  IoU (F channel): 0.0092 (0.0116)  L1 (Dc channel): 0.0036 (0.0040)  L1 (Dn channel): 0.0032 (0.0036)  IoU (P channel): 0.0281 (0.0266)  lr: 0.000120  iter-time: 0.9209
[10:33:18.607432] Epoch: [4]  [180/491]  eta: 0:05:00  loss: 3.3220 (3.4140)  IoU (F channel): 0.0092 (0.0116)  L1 (Dc channel): 0.0037 (0.0040)  L1 (Dn channel): 0.0032 (0.0036)  IoU (P channel): 0.0235 (0.0269)  lr: 0.000121  iter-time: 0.9154
[10:33:27.861444] Epoch: [4]  [190/491]  eta: 0:04:49  loss: 3.3066 (3.4079)  IoU (F channel): 0.0081 (0.0115)  L1 (Dc channel): 0.0037 (0.0039)  L1 (Dn channel): 0.0032 (0.0036)  IoU (P channel): 0.0258 (0.0270)  lr: 0.000122  iter-time: 0.9201
[10:33:37.082023] Epoch: [4]  [200/491]  eta: 0:04:39  loss: 3.2915 (3.4021)  IoU (F channel): 0.0078 (0.0113)  L1 (Dc channel): 0.0036 (0.0039)  L1 (Dn channel): 0.0033 (0.0036)  IoU (P channel): 0.0271 (0.0273)  lr: 0.000123  iter-time: 0.9236
[10:33:46.252593] Epoch: [4]  [210/491]  eta: 0:04:29  loss: 3.2817 (3.3961)  IoU (F channel): 0.0070 (0.0113)  L1 (Dc channel): 0.0036 (0.0039)  L1 (Dn channel): 0.0033 (0.0036)  IoU (P channel): 0.0368 (0.0280)  lr: 0.000123  iter-time: 0.9194
[10:33:55.510552] Epoch: [4]  [220/491]  eta: 0:04:19  loss: 3.2698 (3.3900)  IoU (F channel): 0.0074 (0.0112)  L1 (Dc channel): 0.0036 (0.0039)  L1 (Dn channel): 0.0032 (0.0036)  IoU (P channel): 0.0278 (0.0281)  lr: 0.000124  iter-time: 0.9213
[10:34:04.858956] Epoch: [4]  [230/491]  eta: 0:04:09  loss: 3.2525 (3.3840)  IoU (F channel): 0.0074 (0.0111)  L1 (Dc channel): 0.0035 (0.0039)  L1 (Dn channel): 0.0030 (0.0035)  IoU (P channel): 0.0278 (0.0284)  lr: 0.000125  iter-time: 0.9302
[10:34:14.115780] Epoch: [4]  [240/491]  eta: 0:03:59  loss: 3.2485 (3.3782)  IoU (F channel): 0.0095 (0.0111)  L1 (Dc channel): 0.0034 (0.0039)  L1 (Dn channel): 0.0030 (0.0035)  IoU (P channel): 0.0341 (0.0287)  lr: 0.000126  iter-time: 0.9301
[10:34:23.262826] Epoch: [4]  [250/491]  eta: 0:03:49  loss: 3.2244 (3.3719)  IoU (F channel): 0.0082 (0.0110)  L1 (Dc channel): 0.0034 (0.0038)  L1 (Dn channel): 0.0030 (0.0035)  IoU (P channel): 0.0318 (0.0287)  lr: 0.000127  iter-time: 0.9201
[10:34:32.414666] Epoch: [4]  [260/491]  eta: 0:03:39  loss: 3.2123 (3.3657)  IoU (F channel): 0.0088 (0.0110)  L1 (Dc channel): 0.0034 (0.0038)  L1 (Dn channel): 0.0030 (0.0035)  IoU (P channel): 0.0345 (0.0292)  lr: 0.000128  iter-time: 0.9148
[10:34:41.595748] Epoch: [4]  [270/491]  eta: 0:03:30  loss: 3.2012 (3.3594)  IoU (F channel): 0.0093 (0.0108)  L1 (Dc channel): 0.0032 (0.0038)  L1 (Dn channel): 0.0029 (0.0035)  IoU (P channel): 0.0323 (0.0292)  lr: 0.000129  iter-time: 0.9165
[10:34:50.812987] Epoch: [4]  [280/491]  eta: 0:03:20  loss: 3.1912 (3.3529)  IoU (F channel): 0.0094 (0.0110)  L1 (Dc channel): 0.0032 (0.0038)  L1 (Dn channel): 0.0029 (0.0035)  IoU (P channel): 0.0322 (0.0301)  lr: 0.000130  iter-time: 0.9198
[10:34:59.958203] Epoch: [4]  [290/491]  eta: 0:03:10  loss: 3.1763 (3.3468)  IoU (F channel): 0.0117 (0.0111)  L1 (Dc channel): 0.0033 (0.0038)  L1 (Dn channel): 0.0031 (0.0035)  IoU (P channel): 0.0387 (0.0303)  lr: 0.000131  iter-time: 0.9180
[10:35:09.121916] Epoch: [4]  [300/491]  eta: 0:03:00  loss: 3.1710 (3.3408)  IoU (F channel): 0.0084 (0.0110)  L1 (Dc channel): 0.0033 (0.0038)  L1 (Dn channel): 0.0029 (0.0034)  IoU (P channel): 0.0281 (0.0304)  lr: 0.000132  iter-time: 0.9154
[10:35:18.415655] Epoch: [4]  [310/491]  eta: 0:02:51  loss: 3.1566 (3.3346)  IoU (F channel): 0.0087 (0.0111)  L1 (Dc channel): 0.0034 (0.0037)  L1 (Dn channel): 0.0029 (0.0034)  IoU (P channel): 0.0303 (0.0306)  lr: 0.000133  iter-time: 0.9228
[10:35:27.563555] Epoch: [4]  [320/491]  eta: 0:02:41  loss: 3.1399 (3.3283)  IoU (F channel): 0.0104 (0.0111)  L1 (Dc channel): 0.0034 (0.0037)  L1 (Dn channel): 0.0029 (0.0034)  IoU (P channel): 0.0414 (0.0311)  lr: 0.000134  iter-time: 0.9220
[10:35:36.707240] Epoch: [4]  [330/491]  eta: 0:02:32  loss: 3.1237 (3.3219)  IoU (F channel): 0.0120 (0.0112)  L1 (Dc channel): 0.0035 (0.0037)  L1 (Dn channel): 0.0030 (0.0034)  IoU (P channel): 0.0414 (0.0316)  lr: 0.000135  iter-time: 0.9145
[10:35:45.858554] Epoch: [4]  [340/491]  eta: 0:02:22  loss: 3.1030 (3.3153)  IoU (F channel): 0.0086 (0.0112)  L1 (Dc channel): 0.0033 (0.0037)  L1 (Dn channel): 0.0029 (0.0034)  IoU (P channel): 0.0356 (0.0318)  lr: 0.000136  iter-time: 0.9147
[10:35:55.010458] Epoch: [4]  [350/491]  eta: 0:02:13  loss: 3.0938 (3.3088)  IoU (F channel): 0.0086 (0.0112)  L1 (Dc channel): 0.0031 (0.0037)  L1 (Dn channel): 0.0027 (0.0034)  IoU (P channel): 0.0364 (0.0319)  lr: 0.000137  iter-time: 0.9151
[10:36:04.159994] Epoch: [4]  [360/491]  eta: 0:02:03  loss: 3.0836 (3.3024)  IoU (F channel): 0.0104 (0.0112)  L1 (Dc channel): 0.0031 (0.0037)  L1 (Dn channel): 0.0027 (0.0034)  IoU (P channel): 0.0386 (0.0320)  lr: 0.000138  iter-time: 0.9150
[10:36:13.303346] Epoch: [4]  [370/491]  eta: 0:01:53  loss: 3.0679 (3.2961)  IoU (F channel): 0.0089 (0.0111)  L1 (Dc channel): 0.0031 (0.0037)  L1 (Dn channel): 0.0029 (0.0034)  IoU (P channel): 0.0386 (0.0323)  lr: 0.000139  iter-time: 0.9145
[10:36:22.450489] Epoch: [4]  [380/491]  eta: 0:01:44  loss: 3.0497 (3.2894)  IoU (F channel): 0.0115 (0.0111)  L1 (Dc channel): 0.0029 (0.0036)  L1 (Dn channel): 0.0026 (0.0033)  IoU (P channel): 0.0481 (0.0327)  lr: 0.000141  iter-time: 0.9144
[10:36:31.599274] Epoch: [4]  [390/491]  eta: 0:01:34  loss: 3.0357 (3.2829)  IoU (F channel): 0.0115 (0.0112)  L1 (Dc channel): 0.0029 (0.0036)  L1 (Dn channel): 0.0027 (0.0033)  IoU (P channel): 0.0553 (0.0334)  lr: 0.000142  iter-time: 0.9147
[10:36:40.797341] Epoch: [4]  [400/491]  eta: 0:01:25  loss: 3.0295 (3.2763)  IoU (F channel): 0.0085 (0.0111)  L1 (Dc channel): 0.0030 (0.0036)  L1 (Dn channel): 0.0027 (0.0033)  IoU (P channel): 0.0428 (0.0335)  lr: 0.000143  iter-time: 0.9172
[10:36:49.985967] Epoch: [4]  [410/491]  eta: 0:01:16  loss: 3.0124 (3.2700)  IoU (F channel): 0.0084 (0.0112)  L1 (Dc channel): 0.0030 (0.0036)  L1 (Dn channel): 0.0027 (0.0033)  IoU (P channel): 0.0399 (0.0341)  lr: 0.000144  iter-time: 0.9192
[10:36:59.128876] Epoch: [4]  [420/491]  eta: 0:01:06  loss: 3.0044 (3.2636)  IoU (F channel): 0.0150 (0.0114)  L1 (Dc channel): 0.0029 (0.0036)  L1 (Dn channel): 0.0029 (0.0033)  IoU (P channel): 0.0538 (0.0347)  lr: 0.000145  iter-time: 0.9165
[10:37:08.315110] Epoch: [4]  [430/491]  eta: 0:00:57  loss: 2.9869 (3.2572)  IoU (F channel): 0.0129 (0.0114)  L1 (Dc channel): 0.0030 (0.0036)  L1 (Dn channel): 0.0029 (0.0033)  IoU (P channel): 0.0481 (0.0347)  lr: 0.000146  iter-time: 0.9163
[10:37:17.466860] Epoch: [4]  [440/491]  eta: 0:00:47  loss: 2.9880 (3.2513)  IoU (F channel): 0.0088 (0.0115)  L1 (Dc channel): 0.0033 (0.0036)  L1 (Dn channel): 0.0030 (0.0033)  IoU (P channel): 0.0437 (0.0354)  lr: 0.000147  iter-time: 0.9168
[10:37:26.614082] Epoch: [4]  [450/491]  eta: 0:00:38  loss: 2.9785 (3.2451)  IoU (F channel): 0.0085 (0.0115)  L1 (Dc channel): 0.0038 (0.0036)  L1 (Dn channel): 0.0034 (0.0033)  IoU (P channel): 0.0440 (0.0357)  lr: 0.000148  iter-time: 0.9148
[10:37:35.822171] Epoch: [4]  [460/491]  eta: 0:00:29  loss: 2.9633 (3.2390)  IoU (F channel): 0.0090 (0.0116)  L1 (Dc channel): 0.0037 (0.0036)  L1 (Dn channel): 0.0033 (0.0033)  IoU (P channel): 0.0321 (0.0358)  lr: 0.000149  iter-time: 0.9177
[10:37:45.241238] Epoch: [4]  [470/491]  eta: 0:00:19  loss: 2.9460 (3.2325)  IoU (F channel): 0.0127 (0.0117)  L1 (Dc channel): 0.0034 (0.0036)  L1 (Dn channel): 0.0029 (0.0033)  IoU (P channel): 0.0499 (0.0364)  lr: 0.000150  iter-time: 0.9312
[10:37:54.432752] Epoch: [4]  [480/491]  eta: 0:00:10  loss: 2.9145 (3.2258)  IoU (F channel): 0.0127 (0.0118)  L1 (Dc channel): 0.0032 (0.0036)  L1 (Dn channel): 0.0028 (0.0033)  IoU (P channel): 0.0514 (0.0367)  lr: 0.000151  iter-time: 0.9304
[10:38:03.080837] Epoch: [4]  [490/491]  eta: 0:00:00  loss: 2.9080 (3.2192)  IoU (F channel): 0.0126 (0.0118)  L1 (Dc channel): 0.0031 (0.0036)  L1 (Dn channel): 0.0027 (0.0033)  IoU (P channel): 0.0480 (0.0371)  lr: 0.000152  iter-time: 0.8919
[10:38:03.080951] Epoch: [4] Total time: 0:07:39 (0.9353 s / it)
[10:38:03.080987] [Train] averaged stats: loss: 2.9080 (3.2192)  IoU (F channel): 0.0126 (0.0118)  L1 (Dc channel): 0.0031 (0.0036)  L1 (Dn channel): 0.0027 (0.0033)  IoU (P channel): 0.0480 (0.0371)  lr: 0.000152
[10:38:10.173564] Epoch: [4]  [ 0/27]  eta: 0:03:11  loss: 2.9014 (2.9014)  IoU (F channel): 0.0000 (0.0000)  L1 (Dc channel): 0.0027 (0.0027)  L1 (Dn channel): 0.0022 (0.0022)  IoU (P channel): 0.0000 (0.0000)  iter-time: 7.0913
[10:38:16.869494] Epoch: [4]  [10/27]  eta: 0:00:21  loss: 2.9033 (2.9171)  IoU (F channel): 0.0104 (0.0148)  L1 (Dc channel): 0.0030 (0.0031)  L1 (Dn channel): 0.0025 (0.0031)  IoU (P channel): 0.0330 (0.0442)  iter-time: 1.2533
[10:38:23.049364] Epoch: [4]  [20/27]  eta: 0:00:06  loss: 2.9032 (2.9077)  IoU (F channel): 0.0104 (0.0174)  L1 (Dc channel): 0.0031 (0.0032)  L1 (Dn channel): 0.0025 (0.0031)  IoU (P channel): 0.0363 (0.0529)  iter-time: 0.6437
[10:38:26.103688] Epoch: [4]  [26/27]  eta: 0:00:00  loss: 2.9014 (2.9054)  IoU (F channel): 0.0088 (0.0165)  L1 (Dc channel): 0.0031 (0.0031)  L1 (Dn channel): 0.0026 (0.0030)  IoU (P channel): 0.0459 (0.0533)  iter-time: 0.6503
[10:38:26.103784] Epoch: [4] Total time: 0:00:23 (0.8527 s / it)
[10:38:26.103800] [Val] averaged stats: loss: 2.9014 (2.9054)  IoU (F channel): 0.0088 (0.0165)  L1 (Dc channel): 0.0031 (0.0031)  L1 (Dn channel): 0.0026 (0.0030)  IoU (P channel): 0.0459 (0.0533)
[10:38:26.104043] Val loss improved from 3.517308588381167 to 2.905387313277633, saving model to metrics/biapy/biapy-channel-scale-zarr-seunet/checkpoints/biapy-channel-scale-zarr-seunet_1_w3443-checkpoint-best.pth
[10:38:26.242149] [Val] best loss: 2.9054 best  IoU (F channel): 0.0165 L1 (Dc channel): 0.0031 L1 (Dn channel): 0.0030 IoU (P channel): 0.0533 
[10:38:26.249292] [Time] 8.0m 33.3m/8.2h

[10:38:26.249322] ~~~ Epoch 5/60 ~~~

[10:38:33.116322] Epoch: [5]  [  0/491]  eta: 0:56:10  loss: 2.9208 (2.9208)  IoU (F channel): 0.0110 (0.0110)  L1 (Dc channel): 0.0033 (0.0033)  L1 (Dn channel): 0.0032 (0.0032)  IoU (P channel): 0.0497 (0.0497)  lr: 0.000152  iter-time: 6.8647
[10:38:42.672249] Epoch: [5]  [ 10/491]  eta: 0:11:57  loss: 2.8832 (2.8855)  IoU (F channel): 0.0070 (0.0112)  L1 (Dc channel): 0.0030 (0.0031)  L1 (Dn channel): 0.0026 (0.0027)  IoU (P channel): 0.0376 (0.0471)  lr: 0.000154  iter-time: 1.4927
[10:38:51.824372] Epoch: [5]  [ 20/491]  eta: 0:09:33  loss: 2.8770 (2.8781)  IoU (F channel): 0.0130 (0.0124)  L1 (Dc channel): 0.0029 (0.0030)  L1 (Dn channel): 0.0025 (0.0026)  IoU (P channel): 0.0402 (0.0499)  lr: 0.000155  iter-time: 0.9353
[10:39:01.003793] Epoch: [5]  [ 30/491]  eta: 0:08:36  loss: 2.8582 (2.8688)  IoU (F channel): 0.0132 (0.0124)  L1 (Dc channel): 0.0030 (0.0030)  L1 (Dn channel): 0.0026 (0.0027)  IoU (P channel): 0.0619 (0.0515)  lr: 0.000156  iter-time: 0.9165
[10:39:10.155009] Epoch: [5]  [ 40/491]  eta: 0:08:02  loss: 2.8426 (2.8602)  IoU (F channel): 0.0121 (0.0129)  L1 (Dc channel): 0.0030 (0.0030)  L1 (Dn channel): 0.0026 (0.0027)  IoU (P channel): 0.0621 (0.0543)  lr: 0.000157  iter-time: 0.9164
[10:39:19.347317] Epoch: [5]  [ 50/491]  eta: 0:07:39  loss: 2.8193 (2.8515)  IoU (F channel): 0.0109 (0.0137)  L1 (Dc channel): 0.0029 (0.0030)  L1 (Dn channel): 0.0026 (0.0027)  IoU (P channel): 0.0547 (0.0562)  lr: 0.000158  iter-time: 0.9171
[10:39:28.498797] Epoch: [5]  [ 60/491]  eta: 0:07:19  loss: 2.8072 (2.8454)  IoU (F channel): 0.0109 (0.0143)  L1 (Dc channel): 0.0029 (0.0030)  L1 (Dn channel): 0.0027 (0.0027)  IoU (P channel): 0.0497 (0.0573)  lr: 0.000159  iter-time: 0.9171
[10:39:37.654163] Epoch: [5]  [ 70/491]  eta: 0:07:03  loss: 2.7938 (2.8368)  IoU (F channel): 0.0139 (0.0151)  L1 (Dc channel): 0.0029 (0.0030)  L1 (Dn channel): 0.0025 (0.0027)  IoU (P channel): 0.0565 (0.0581)  lr: 0.000160  iter-time: 0.9152
[10:39:46.809064] Epoch: [5]  [ 80/491]  eta: 0:06:48  loss: 2.7778 (2.8293)  IoU (F channel): 0.0169 (0.0159)  L1 (Dc channel): 0.0029 (0.0030)  L1 (Dn channel): 0.0027 (0.0028)  IoU (P channel): 0.0616 (0.0600)  lr: 0.000161  iter-time: 0.9154
[10:39:56.073840] Epoch: [5]  [ 90/491]  eta: 0:06:35  loss: 2.7626 (2.8207)  IoU (F channel): 0.0154 (0.0158)  L1 (Dc channel): 0.0028 (0.0030)  L1 (Dn channel): 0.0028 (0.0028)  IoU (P channel): 0.0585 (0.0598)  lr: 0.000162  iter-time: 0.9209
[10:40:05.419963] Epoch: [5]  [100/491]  eta: 0:06:23  loss: 2.7416 (2.8122)  IoU (F channel): 0.0104 (0.0160)  L1 (Dc channel): 0.0028 (0.0029)  L1 (Dn channel): 0.0025 (0.0027)  IoU (P channel): 0.0517 (0.0600)  lr: 0.000164  iter-time: 0.9304
[10:40:14.688627] Epoch: [5]  [110/491]  eta: 0:06:12  loss: 2.7202 (2.8040)  IoU (F channel): 0.0134 (0.0163)  L1 (Dc channel): 0.0027 (0.0029)  L1 (Dn channel): 0.0026 (0.0028)  IoU (P channel): 0.0527 (0.0614)  lr: 0.000165  iter-time: 0.9306
[10:40:24.254332] Epoch: [5]  [120/491]  eta: 0:06:01  loss: 2.7077 (2.7953)  IoU (F channel): 0.0142 (0.0163)  L1 (Dc channel): 0.0027 (0.0029)  L1 (Dn channel): 0.0026 (0.0027)  IoU (P channel): 0.0717 (0.0625)  lr: 0.000166  iter-time: 0.9416
[10:40:33.780922] Epoch: [5]  [130/491]  eta: 0:05:51  loss: 2.6904 (2.7870)  IoU (F channel): 0.0144 (0.0162)  L1 (Dc channel): 0.0028 (0.0029)  L1 (Dn channel): 0.0025 (0.0027)  IoU (P channel): 0.0639 (0.0623)  lr: 0.000167  iter-time: 0.9545
[10:40:42.935709] Epoch: [5]  [140/491]  eta: 0:05:40  loss: 2.6834 (2.7799)  IoU (F channel): 0.0151 (0.0172)  L1 (Dc channel): 0.0029 (0.0029)  L1 (Dn channel): 0.0026 (0.0027)  IoU (P channel): 0.0607 (0.0642)  lr: 0.000168  iter-time: 0.9339
[10:40:52.353416] Epoch: [5]  [150/491]  eta: 0:05:29  loss: 2.6624 (2.7717)  IoU (F channel): 0.0151 (0.0172)  L1 (Dc channel): 0.0029 (0.0029)  L1 (Dn channel): 0.0025 (0.0027)  IoU (P channel): 0.0607 (0.0642)  lr: 0.000169  iter-time: 0.9285
[10:41:01.686134] Epoch: [5]  [160/491]  eta: 0:05:19  loss: 2.6482 (2.7642)  IoU (F channel): 0.0114 (0.0178)  L1 (Dc channel): 0.0029 (0.0029)  L1 (Dn channel): 0.0025 (0.0027)  IoU (P channel): 0.0501 (0.0643)  lr: 0.000171  iter-time: 0.9374
[10:41:11.051679] Epoch: [5]  [170/491]  eta: 0:05:09  loss: 2.6371 (2.7560)  IoU (F channel): 0.0157 (0.0179)  L1 (Dc channel): 0.0027 (0.0029)  L1 (Dn channel): 0.0025 (0.0027)  IoU (P channel): 0.0617 (0.0650)  lr: 0.000172  iter-time: 0.9348
[10:41:20.360949] Epoch: [5]  [180/491]  eta: 0:04:59  loss: 2.6110 (2.7475)  IoU (F channel): 0.0159 (0.0179)  L1 (Dc channel): 0.0027 (0.0029)  L1 (Dn channel): 0.0025 (0.0027)  IoU (P channel): 0.0710 (0.0652)  lr: 0.000173  iter-time: 0.9336
[10:41:29.607307] Epoch: [5]  [190/491]  eta: 0:04:48  loss: 2.5970 (2.7398)  IoU (F channel): 0.0218 (0.0185)  L1 (Dc channel): 0.0027 (0.0029)  L1 (Dn channel): 0.0026 (0.0027)  IoU (P channel): 0.0762 (0.0666)  lr: 0.000174  iter-time: 0.9276
[10:41:38.922066] Epoch: [5]  [200/491]  eta: 0:04:38  loss: 2.5801 (2.7319)  IoU (F channel): 0.0251 (0.0191)  L1 (Dc channel): 0.0031 (0.0029)  L1 (Dn channel): 0.0030 (0.0027)  IoU (P channel): 0.0883 (0.0680)  lr: 0.000175  iter-time: 0.9279
[10:41:48.331855] Epoch: [5]  [210/491]  eta: 0:04:29  loss: 2.5629 (2.7238)  IoU (F channel): 0.0167 (0.0193)  L1 (Dc channel): 0.0031 (0.0029)  L1 (Dn channel): 0.0031 (0.0028)  IoU (P channel): 0.0678 (0.0684)  lr: 0.000176  iter-time: 0.9361
[10:41:57.847411] Epoch: [5]  [220/491]  eta: 0:04:19  loss: 2.5452 (2.7163)  IoU (F channel): 0.0159 (0.0194)  L1 (Dc channel): 0.0030 (0.0029)  L1 (Dn channel): 0.0029 (0.0028)  IoU (P channel): 0.0678 (0.0683)  lr: 0.000178  iter-time: 0.9461
[10:42:07.384746] Epoch: [5]  [230/491]  eta: 0:04:09  loss: 2.5328 (2.7078)  IoU (F channel): 0.0229 (0.0201)  L1 (Dc channel): 0.0032 (0.0029)  L1 (Dn channel): 0.0028 (0.0028)  IoU (P channel): 0.0769 (0.0693)  lr: 0.000179  iter-time: 0.9525
[10:42:16.764750] Epoch: [5]  [240/491]  eta: 0:04:00  loss: 2.5013 (2.6994)  IoU (F channel): 0.0250 (0.0204)  L1 (Dc channel): 0.0029 (0.0029)  L1 (Dn channel): 0.0028 (0.0028)  IoU (P channel): 0.0869 (0.0702)  lr: 0.000180  iter-time: 0.9457
[10:42:25.922651] Epoch: [5]  [250/491]  eta: 0:03:50  loss: 2.4881 (2.6909)  IoU (F channel): 0.0293 (0.0211)  L1 (Dc channel): 0.0030 (0.0030)  L1 (Dn channel): 0.0029 (0.0028)  IoU (P channel): 0.1030 (0.0716)  lr: 0.000181  iter-time: 0.9267
[10:42:35.079256] Epoch: [5]  [260/491]  eta: 0:03:40  loss: 2.4773 (2.6827)  IoU (F channel): 0.0310 (0.0219)  L1 (Dc channel): 0.0030 (0.0030)  L1 (Dn channel): 0.0029 (0.0028)  IoU (P channel): 0.0821 (0.0721)  lr: 0.000182  iter-time: 0.9156
[10:42:44.340663] Epoch: [5]  [270/491]  eta: 0:03:30  loss: 2.4645 (2.6745)  IoU (F channel): 0.0313 (0.0222)  L1 (Dc channel): 0.0029 (0.0030)  L1 (Dn channel): 0.0028 (0.0028)  IoU (P channel): 0.0821 (0.0732)  lr: 0.000184  iter-time: 0.9208
[10:42:53.492098] Epoch: [5]  [280/491]  eta: 0:03:20  loss: 2.4372 (2.6656)  IoU (F channel): 0.0330 (0.0225)  L1 (Dc channel): 0.0028 (0.0030)  L1 (Dn channel): 0.0028 (0.0028)  IoU (P channel): 0.0974 (0.0739)  lr: 0.000185  iter-time: 0.9206
[10:43:02.648366] Epoch: [5]  [290/491]  eta: 0:03:10  loss: 2.4138 (2.6572)  IoU (F channel): 0.0330 (0.0230)  L1 (Dc channel): 0.0026 (0.0029)  L1 (Dn channel): 0.0026 (0.0028)  IoU (P channel): 0.0949 (0.0743)  lr: 0.000186  iter-time: 0.9153
[10:43:11.806334] Epoch: [5]  [300/491]  eta: 0:03:01  loss: 2.4094 (2.6485)  IoU (F channel): 0.0303 (0.0233)  L1 (Dc channel): 0.0026 (0.0029)  L1 (Dn channel): 0.0025 (0.0028)  IoU (P channel): 0.0894 (0.0747)  lr: 0.000187  iter-time: 0.9156
[10:43:20.962391] Epoch: [5]  [310/491]  eta: 0:02:51  loss: 2.3865 (2.6405)  IoU (F channel): 0.0349 (0.0237)  L1 (Dc channel): 0.0029 (0.0029)  L1 (Dn channel): 0.0027 (0.0028)  IoU (P channel): 0.0909 (0.0753)  lr: 0.000189  iter-time: 0.9156
[10:43:30.122088] Epoch: [5]  [320/491]  eta: 0:02:41  loss: 2.3729 (2.6318)  IoU (F channel): 0.0376 (0.0244)  L1 (Dc channel): 0.0026 (0.0029)  L1 (Dn channel): 0.0029 (0.0028)  IoU (P channel): 0.0962 (0.0763)  lr: 0.000190  iter-time: 0.9157
[10:43:39.488489] Epoch: [5]  [330/491]  eta: 0:02:32  loss: 2.3351 (2.6229)  IoU (F channel): 0.0388 (0.0247)  L1 (Dc channel): 0.0026 (0.0029)  L1 (Dn channel): 0.0024 (0.0028)  IoU (P channel): 0.0983 (0.0763)  lr: 0.000191  iter-time: 0.9262
[10:43:48.787605] Epoch: [5]  [340/491]  eta: 0:02:22  loss: 2.3300 (2.6140)  IoU (F channel): 0.0383 (0.0254)  L1 (Dc channel): 0.0024 (0.0029)  L1 (Dn channel): 0.0022 (0.0028)  IoU (P channel): 0.0798 (0.0769)  lr: 0.000192  iter-time: 0.9331
[10:43:58.289360] Epoch: [5]  [350/491]  eta: 0:02:13  loss: 2.3075 (2.6054)  IoU (F channel): 0.0516 (0.0263)  L1 (Dc channel): 0.0024 (0.0029)  L1 (Dn channel): 0.0021 (0.0027)  IoU (P channel): 0.1072 (0.0780)  lr: 0.000194  iter-time: 0.9399
[10:44:07.447367] Epoch: [5]  [360/491]  eta: 0:02:03  loss: 2.2970 (2.5969)  IoU (F channel): 0.0436 (0.0267)  L1 (Dc channel): 0.0026 (0.0029)  L1 (Dn channel): 0.0024 (0.0027)  IoU (P channel): 0.1084 (0.0786)  lr: 0.000195  iter-time: 0.9329
[10:44:16.691287] Epoch: [5]  [370/491]  eta: 0:01:54  loss: 2.2915 (2.5886)  IoU (F channel): 0.0469 (0.0276)  L1 (Dc channel): 0.0027 (0.0029)  L1 (Dn channel): 0.0026 (0.0027)  IoU (P channel): 0.1087 (0.0797)  lr: 0.000196  iter-time: 0.9200
[10:44:25.841827] Epoch: [5]  [380/491]  eta: 0:01:44  loss: 2.2717 (2.5801)  IoU (F channel): 0.0510 (0.0283)  L1 (Dc channel): 0.0026 (0.0029)  L1 (Dn channel): 0.0024 (0.0027)  IoU (P channel): 0.1159 (0.0805)  lr: 0.000197  iter-time: 0.9196
[10:44:35.068243] Epoch: [5]  [390/491]  eta: 0:01:35  loss: 2.2445 (2.5712)  IoU (F channel): 0.0495 (0.0291)  L1 (Dc channel): 0.0026 (0.0029)  L1 (Dn channel): 0.0024 (0.0027)  IoU (P channel): 0.1007 (0.0812)  lr: 0.000199  iter-time: 0.9188
[10:44:44.218812] Epoch: [5]  [400/491]  eta: 0:01:25  loss: 2.2231 (2.5624)  IoU (F channel): 0.0414 (0.0298)  L1 (Dc channel): 0.0026 (0.0029)  L1 (Dn channel): 0.0024 (0.0027)  IoU (P channel): 0.1066 (0.0821)  lr: 0.000200  iter-time: 0.9187
[10:44:53.371661] Epoch: [5]  [410/491]  eta: 0:01:16  loss: 2.2243 (2.5544)  IoU (F channel): 0.0628 (0.0306)  L1 (Dc channel): 0.0026 (0.0029)  L1 (Dn channel): 0.0024 (0.0027)  IoU (P channel): 0.1168 (0.0829)  lr: 0.000201  iter-time: 0.9151
[10:45:02.568018] Epoch: [5]  [420/491]  eta: 0:01:06  loss: 2.2130 (2.5461)  IoU (F channel): 0.0682 (0.0313)  L1 (Dc channel): 0.0027 (0.0029)  L1 (Dn channel): 0.0024 (0.0027)  IoU (P channel): 0.1173 (0.0835)  lr: 0.000202  iter-time: 0.9174
[10:45:11.790755] Epoch: [5]  [430/491]  eta: 0:00:57  loss: 2.1911 (2.5373)  IoU (F channel): 0.0656 (0.0321)  L1 (Dc channel): 0.0026 (0.0028)  L1 (Dn channel): 0.0023 (0.0027)  IoU (P channel): 0.1036 (0.0842)  lr: 0.000204  iter-time: 0.9208
[10:45:21.076336] Epoch: [5]  [440/491]  eta: 0:00:47  loss: 2.1620 (2.5291)  IoU (F channel): 0.0485 (0.0334)  L1 (Dc channel): 0.0025 (0.0028)  L1 (Dn channel): 0.0023 (0.0027)  IoU (P channel): 0.1109 (0.0852)  lr: 0.000205  iter-time: 0.9253
[10:45:30.238513] Epoch: [5]  [450/491]  eta: 0:00:38  loss: 2.1471 (2.5206)  IoU (F channel): 0.0520 (0.0339)  L1 (Dc channel): 0.0025 (0.0028)  L1 (Dn channel): 0.0025 (0.0027)  IoU (P channel): 0.1109 (0.0857)  lr: 0.000206  iter-time: 0.9223
[10:45:39.498782] Epoch: [5]  [460/491]  eta: 0:00:29  loss: 2.1371 (2.5121)  IoU (F channel): 0.0530 (0.0346)  L1 (Dc channel): 0.0027 (0.0028)  L1 (Dn channel): 0.0025 (0.0027)  IoU (P channel): 0.1043 (0.0863)  lr: 0.000208  iter-time: 0.9210
[10:45:48.798191] Epoch: [5]  [470/491]  eta: 0:00:19  loss: 2.1189 (2.5035)  IoU (F channel): 0.0730 (0.0351)  L1 (Dc channel): 0.0028 (0.0028)  L1 (Dn channel): 0.0024 (0.0027)  IoU (P channel): 0.1164 (0.0866)  lr: 0.000209  iter-time: 0.9279
[10:45:57.972711] Epoch: [5]  [480/491]  eta: 0:00:10  loss: 2.0997 (2.4953)  IoU (F channel): 0.0759 (0.0362)  L1 (Dc channel): 0.0027 (0.0028)  L1 (Dn channel): 0.0024 (0.0027)  IoU (P channel): 0.1185 (0.0874)  lr: 0.000210  iter-time: 0.9236
[10:46:06.625217] Epoch: [5]  [490/491]  eta: 0:00:00  loss: 2.0751 (2.4865)  IoU (F channel): 0.0803 (0.0371)  L1 (Dc channel): 0.0024 (0.0028)  L1 (Dn channel): 0.0023 (0.0027)  IoU (P channel): 0.1185 (0.0881)  lr: 0.000211  iter-time: 0.8913
[10:46:06.625469] Epoch: [5] Total time: 0:07:40 (0.9376 s / it)
[10:46:06.625497] [Train] averaged stats: loss: 2.0751 (2.4865)  IoU (F channel): 0.0803 (0.0371)  L1 (Dc channel): 0.0024 (0.0028)  L1 (Dn channel): 0.0023 (0.0027)  IoU (P channel): 0.1185 (0.0881)  lr: 0.000211
[10:46:11.190521] Epoch: [5]  [ 0/27]  eta: 0:02:03  loss: 2.0546 (2.0546)  IoU (F channel): 0.0000 (0.0000)  L1 (Dc channel): 0.0025 (0.0025)  L1 (Dn channel): 0.0018 (0.0018)  IoU (P channel): 0.0000 (0.0000)  iter-time: 4.5640
[10:46:20.150932] Epoch: [5]  [10/27]  eta: 0:00:20  loss: 2.0674 (2.0851)  IoU (F channel): 0.0384 (0.0466)  L1 (Dc channel): 0.0027 (0.0030)  L1 (Dn channel): 0.0021 (0.0028)  IoU (P channel): 0.0619 (0.0800)  iter-time: 1.2295
[10:46:26.033545] Epoch: [5]  [20/27]  eta: 0:00:06  loss: 2.0617 (2.0727)  IoU (F channel): 0.0400 (0.0525)  L1 (Dc channel): 0.0027 (0.0030)  L1 (Dn channel): 0.0021 (0.0027)  IoU (P channel): 0.0690 (0.0873)  iter-time: 0.7421
[10:46:28.229846] Epoch: [5]  [26/27]  eta: 0:00:00  loss: 2.0617 (2.0717)  IoU (F channel): 0.0436 (0.0506)  L1 (Dc channel): 0.0029 (0.0030)  L1 (Dn channel): 0.0022 (0.0026)  IoU (P channel): 0.0690 (0.0853)  iter-time: 0.6395
[10:46:28.229938] Epoch: [5] Total time: 0:00:21 (0.8001 s / it)
[10:46:28.229958] [Val] averaged stats: loss: 2.0617 (2.0717)  IoU (F channel): 0.0436 (0.0506)  L1 (Dc channel): 0.0029 (0.0030)  L1 (Dn channel): 0.0022 (0.0026)  IoU (P channel): 0.0690 (0.0853)
[10:46:28.230155] Val loss improved from 2.905387313277633 to 2.071706939626623, saving model to metrics/biapy/biapy-channel-scale-zarr-seunet/checkpoints/biapy-channel-scale-zarr-seunet_1_w3443-checkpoint-best.pth
[10:46:28.369032] [Val] best loss: 2.0717 best  IoU (F channel): 0.0506 L1 (Dc channel): 0.0030 L1 (Dn channel): 0.0026 IoU (P channel): 0.0853 
[10:46:28.378737] Creating training plots . . .
[10:46:37.628115] [Time] 8.2m 41.5m/8.3h

[10:46:37.628158] ~~~ Epoch 6/60 ~~~

[10:46:45.201472] Epoch: [6]  [  0/491]  eta: 1:01:57  loss: 2.0461 (2.0461)  IoU (F channel): 0.0733 (0.0733)  L1 (Dc channel): 0.0028 (0.0028)  L1 (Dn channel): 0.0021 (0.0021)  IoU (P channel): 0.1629 (0.1629)  lr: 0.000212  iter-time: 7.5714
[10:46:54.764266] Epoch: [6]  [ 10/491]  eta: 0:12:29  loss: 2.0459 (2.0479)  IoU (F channel): 0.0466 (0.0515)  L1 (Dc channel): 0.0027 (0.0028)  L1 (Dn channel): 0.0027 (0.0027)  IoU (P channel): 0.0937 (0.0944)  lr: 0.000213  iter-time: 1.5575
[10:47:03.928298] Epoch: [6]  [ 20/491]  eta: 0:09:49  loss: 2.0247 (2.0370)  IoU (F channel): 0.0593 (0.0757)  L1 (Dc channel): 0.0027 (0.0028)  L1 (Dn channel): 0.0027 (0.0027)  IoU (P channel): 0.0956 (0.1186)  lr: 0.000214  iter-time: 0.9362
[10:47:13.135371] Epoch: [6]  [ 30/491]  eta: 0:08:47  loss: 2.0133 (2.0356)  IoU (F channel): 0.0826 (0.0825)  L1 (Dc channel): 0.0028 (0.0028)  L1 (Dn channel): 0.0027 (0.0027)  IoU (P channel): 0.1238 (0.1239)  lr: 0.000216  iter-time: 0.9184
[10:47:22.290446] Epoch: [6]  [ 40/491]  eta: 0:08:11  loss: 2.0057 (2.0265)  IoU (F channel): 0.0746 (0.0829)  L1 (Dc channel): 0.0027 (0.0028)  L1 (Dn channel): 0.0025 (0.0026)  IoU (P channel): 0.1238 (0.1242)  lr: 0.000217  iter-time: 0.9180
[10:47:31.441552] Epoch: [6]  [ 50/491]  eta: 0:07:45  loss: 1.9878 (2.0191)  IoU (F channel): 0.0746 (0.0835)  L1 (Dc channel): 0.0026 (0.0028)  L1 (Dn channel): 0.0025 (0.0026)  IoU (P channel): 0.1219 (0.1252)  lr: 0.000218  iter-time: 0.9152
[10:47:40.637755] Epoch: [6]  [ 60/491]  eta: 0:07:25  loss: 1.9764 (2.0117)  IoU (F channel): 0.0732 (0.0849)  L1 (Dc channel): 0.0026 (0.0028)  L1 (Dn channel): 0.0026 (0.0026)  IoU (P channel): 0.1032 (0.1243)  lr: 0.000220  iter-time: 0.9173
[10:47:49.935173] Epoch: [6]  [ 70/491]  eta: 0:07:08  loss: 1.9505 (2.0035)  IoU (F channel): 0.0759 (0.0869)  L1 (Dc channel): 0.0027 (0.0028)  L1 (Dn channel): 0.0026 (0.0027)  IoU (P channel): 0.1319 (0.1257)  lr: 0.000221  iter-time: 0.9246
[10:47:59.089835] Epoch: [6]  [ 80/491]  eta: 0:06:53  loss: 1.9329 (1.9958)  IoU (F channel): 0.0901 (0.0875)  L1 (Dc channel): 0.0028 (0.0028)  L1 (Dn channel): 0.0028 (0.0027)  IoU (P channel): 0.1475 (0.1259)  lr: 0.000222  iter-time: 0.9225
[10:48:08.250774] Epoch: [6]  [ 90/491]  eta: 0:06:39  loss: 1.9152 (1.9864)  IoU (F channel): 0.0783 (0.0890)  L1 (Dc channel): 0.0026 (0.0027)  L1 (Dn channel): 0.0026 (0.0027)  IoU (P channel): 0.1473 (0.1267)  lr: 0.000224  iter-time: 0.9157
[10:48:17.409373] Epoch: [6]  [100/491]  eta: 0:06:26  loss: 1.8906 (1.9780)  IoU (F channel): 0.0783 (0.0898)  L1 (Dc channel): 0.0024 (0.0027)  L1 (Dn channel): 0.0024 (0.0026)  IoU (P channel): 0.1186 (0.1267)  lr: 0.000225  iter-time: 0.9159
[10:48:26.564984] Epoch: [6]  [110/491]  eta: 0:06:13  loss: 1.8737 (1.9675)  IoU (F channel): 0.0869 (0.0896)  L1 (Dc channel): 0.0024 (0.0027)  L1 (Dn channel): 0.0023 (0.0026)  IoU (P channel): 0.1300 (0.1280)  lr: 0.000226  iter-time: 0.9156
[10:48:35.861130] Epoch: [6]  [120/491]  eta: 0:06:02  loss: 1.8502 (1.9578)  IoU (F channel): 0.0861 (0.0914)  L1 (Dc channel): 0.0024 (0.0027)  L1 (Dn channel): 0.0021 (0.0026)  IoU (P channel): 0.1269 (0.1272)  lr: 0.000228  iter-time: 0.9225
[10:48:45.122552] Epoch: [6]  [130/491]  eta: 0:05:51  loss: 1.8301 (1.9500)  IoU (F channel): 0.0768 (0.0917)  L1 (Dc channel): 0.0024 (0.0026)  L1 (Dn channel): 0.0021 (0.0025)  IoU (P channel): 0.1162 (0.1260)  lr: 0.000229  iter-time: 0.9278
[10:48:54.330620] Epoch: [6]  [140/491]  eta: 0:05:40  loss: 1.8195 (1.9413)  IoU (F channel): 0.0789 (0.0929)  L1 (Dc channel): 0.0024 (0.0026)  L1 (Dn channel): 0.0022 (0.0025)  IoU (P channel): 0.1232 (0.1274)  lr: 0.000230  iter-time: 0.9233
[10:49:03.484631] Epoch: [6]  [150/491]  eta: 0:05:29  loss: 1.7935 (1.9309)  IoU (F channel): 0.0977 (0.0942)  L1 (Dc channel): 0.0023 (0.0026)  L1 (Dn channel): 0.0022 (0.0025)  IoU (P channel): 0.1232 (0.1287)  lr: 0.000232  iter-time: 0.9180
[10:49:12.665788] Epoch: [6]  [160/491]  eta: 0:05:18  loss: 1.7766 (1.9220)  IoU (F channel): 0.0984 (0.0971)  L1 (Dc channel): 0.0023 (0.0026)  L1 (Dn channel): 0.0022 (0.0025)  IoU (P channel): 0.1439 (0.1311)  lr: 0.000233  iter-time: 0.9167
[10:49:21.839746] Epoch: [6]  [170/491]  eta: 0:05:08  loss: 1.7676 (1.9136)  IoU (F channel): 0.0891 (0.0974)  L1 (Dc channel): 0.0025 (0.0026)  L1 (Dn channel): 0.0022 (0.0025)  IoU (P channel): 0.1382 (0.1301)  lr: 0.000234  iter-time: 0.9176
[10:49:30.994971] Epoch: [6]  [180/491]  eta: 0:04:57  loss: 1.7460 (1.9043)  IoU (F channel): 0.1008 (0.0994)  L1 (Dc channel): 0.0025 (0.0026)  L1 (Dn channel): 0.0021 (0.0025)  IoU (P channel): 0.1263 (0.1311)  lr: 0.000236  iter-time: 0.9164
[10:49:40.242667] Epoch: [6]  [190/491]  eta: 0:04:47  loss: 1.7297 (1.8948)  IoU (F channel): 0.1008 (0.0993)  L1 (Dc channel): 0.0024 (0.0026)  L1 (Dn channel): 0.0020 (0.0024)  IoU (P channel): 0.1491 (0.1307)  lr: 0.000237  iter-time: 0.9200
[10:49:49.457533] Epoch: [6]  [200/491]  eta: 0:04:37  loss: 1.7054 (1.8852)  IoU (F channel): 0.0989 (0.1003)  L1 (Dc channel): 0.0023 (0.0026)  L1 (Dn channel): 0.0020 (0.0024)  IoU (P channel): 0.1177 (0.1310)  lr: 0.000239  iter-time: 0.9230
[10:49:58.620168] Epoch: [6]  [210/491]  eta: 0:04:27  loss: 1.6951 (1.8765)  IoU (F channel): 0.1014 (0.1022)  L1 (Dc channel): 0.0023 (0.0025)  L1 (Dn channel): 0.0021 (0.0024)  IoU (P channel): 0.1289 (0.1322)  lr: 0.000240  iter-time: 0.9188
[10:50:07.779934] Epoch: [6]  [220/491]  eta: 0:04:17  loss: 1.6758 (1.8683)  IoU (F channel): 0.1244 (0.1039)  L1 (Dc channel): 0.0023 (0.0025)  L1 (Dn channel): 0.0021 (0.0024)  IoU (P channel): 0.1773 (0.1342)  lr: 0.000241  iter-time: 0.9160
[10:50:17.043790] Epoch: [6]  [230/491]  eta: 0:04:07  loss: 1.6641 (1.8592)  IoU (F channel): 0.1275 (0.1053)  L1 (Dc channel): 0.0025 (0.0025)  L1 (Dn channel): 0.0024 (0.0024)  IoU (P channel): 0.1787 (0.1359)  lr: 0.000243  iter-time: 0.9211
[10:50:26.188309] Epoch: [6]  [240/491]  eta: 0:03:58  loss: 1.6482 (1.8514)  IoU (F channel): 0.1178 (0.1060)  L1 (Dc channel): 0.0025 (0.0025)  L1 (Dn channel): 0.0022 (0.0024)  IoU (P channel): 0.1337 (0.1355)  lr: 0.000244  iter-time: 0.9203
[10:50:35.377488] Epoch: [6]  [250/491]  eta: 0:03:48  loss: 1.6587 (1.8450)  IoU (F channel): 0.0970 (0.1062)  L1 (Dc channel): 0.0027 (0.0026)  L1 (Dn channel): 0.0023 (0.0024)  IoU (P channel): 0.1198 (0.1351)  lr: 0.000245  iter-time: 0.9166
[10:50:44.555971] Epoch: [6]  [260/491]  eta: 0:03:38  loss: 1.6500 (1.8376)  IoU (F channel): 0.1179 (0.1070)  L1 (Dc channel): 0.0027 (0.0026)  L1 (Dn channel): 0.0027 (0.0024)  IoU (P channel): 0.1269 (0.1345)  lr: 0.000247  iter-time: 0.9183
[10:50:53.710479] Epoch: [6]  [270/491]  eta: 0:03:28  loss: 1.6170 (1.8303)  IoU (F channel): 0.0957 (0.1070)  L1 (Dc channel): 0.0029 (0.0026)  L1 (Dn channel): 0.0028 (0.0025)  IoU (P channel): 0.1021 (0.1335)  lr: 0.000248  iter-time: 0.9165
[10:51:02.884181] Epoch: [6]  [280/491]  eta: 0:03:19  loss: 1.5979 (1.8223)  IoU (F channel): 0.0957 (0.1083)  L1 (Dc channel): 0.0030 (0.0026)  L1 (Dn channel): 0.0028 (0.0025)  IoU (P channel): 0.1079 (0.1339)  lr: 0.000250  iter-time: 0.9163
[10:51:12.048744] Epoch: [6]  [290/491]  eta: 0:03:09  loss: 1.5822 (1.8143)  IoU (F channel): 0.1341 (0.1105)  L1 (Dc channel): 0.0029 (0.0026)  L1 (Dn channel): 0.0027 (0.0025)  IoU (P channel): 0.1277 (0.1342)  lr: 0.000251  iter-time: 0.9168
[10:51:21.207768] Epoch: [6]  [300/491]  eta: 0:02:59  loss: 1.5637 (1.8063)  IoU (F channel): 0.1175 (0.1102)  L1 (Dc channel): 0.0028 (0.0026)  L1 (Dn channel): 0.0028 (0.0025)  IoU (P channel): 0.1224 (0.1337)  lr: 0.000253  iter-time: 0.9161
[10:51:30.374785] Epoch: [6]  [310/491]  eta: 0:02:50  loss: 1.5451 (1.7977)  IoU (F channel): 0.1175 (0.1122)  L1 (Dc channel): 0.0027 (0.0026)  L1 (Dn channel): 0.0028 (0.0025)  IoU (P channel): 0.1246 (0.1347)  lr: 0.000254  iter-time: 0.9162
[10:51:39.555372] Epoch: [6]  [320/491]  eta: 0:02:40  loss: 1.5317 (1.7899)  IoU (F channel): 0.1414 (0.1129)  L1 (Dc channel): 0.0027 (0.0026)  L1 (Dn channel): 0.0028 (0.0025)  IoU (P channel): 0.1455 (0.1349)  lr: 0.000255  iter-time: 0.9173
[10:51:48.714887] Epoch: [6]  [330/491]  eta: 0:02:31  loss: 1.5270 (1.7812)  IoU (F channel): 0.1295 (0.1134)  L1 (Dc channel): 0.0026 (0.0026)  L1 (Dn channel): 0.0028 (0.0025)  IoU (P channel): 0.1434 (0.1355)  lr: 0.000257  iter-time: 0.9169
[10:51:58.050332] Epoch: [6]  [340/491]  eta: 0:02:21  loss: 1.4928 (1.7727)  IoU (F channel): 0.1173 (0.1148)  L1 (Dc channel): 0.0025 (0.0026)  L1 (Dn channel): 0.0025 (0.0025)  IoU (P channel): 0.1410 (0.1365)  lr: 0.000258  iter-time: 0.9246
[10:52:07.389993] Epoch: [6]  [350/491]  eta: 0:02:12  loss: 1.4652 (1.7641)  IoU (F channel): 0.1332 (0.1164)  L1 (Dc channel): 0.0023 (0.0026)  L1 (Dn channel): 0.0024 (0.0025)  IoU (P channel): 0.1429 (0.1374)  lr: 0.000260  iter-time: 0.9337
[10:52:16.681231] Epoch: [6]  [360/491]  eta: 0:02:03  loss: 1.4534 (1.7554)  IoU (F channel): 0.1738 (0.1175)  L1 (Dc channel): 0.0024 (0.0026)  L1 (Dn channel): 0.0023 (0.0025)  IoU (P channel): 0.1793 (0.1379)  lr: 0.000261  iter-time: 0.9314
[10:52:25.835442] Epoch: [6]  [370/491]  eta: 0:01:53  loss: 1.4534 (1.7480)  IoU (F channel): 0.1263 (0.1182)  L1 (Dc channel): 0.0026 (0.0026)  L1 (Dn channel): 0.0024 (0.0025)  IoU (P channel): 0.1338 (0.1382)  lr: 0.000263  iter-time: 0.9222
[10:52:35.101922] Epoch: [6]  [380/491]  eta: 0:01:44  loss: 1.4666 (1.7406)  IoU (F channel): 0.1457 (0.1200)  L1 (Dc channel): 0.0028 (0.0026)  L1 (Dn channel): 0.0027 (0.0025)  IoU (P channel): 0.1292 (0.1386)  lr: 0.000264  iter-time: 0.9209
[10:52:44.452506] Epoch: [6]  [390/491]  eta: 0:01:34  loss: 1.4349 (1.7340)  IoU (F channel): 0.1494 (0.1205)  L1 (Dc channel): 0.0030 (0.0027)  L1 (Dn channel): 0.0030 (0.0026)  IoU (P channel): 0.1408 (0.1387)  lr: 0.000265  iter-time: 0.9308
[10:52:53.802626] Epoch: [6]  [400/491]  eta: 0:01:25  loss: 1.4323 (1.7262)  IoU (F channel): 0.1281 (0.1206)  L1 (Dc channel): 0.0029 (0.0027)  L1 (Dn channel): 0.0030 (0.0026)  IoU (P channel): 0.1222 (0.1384)  lr: 0.000267  iter-time: 0.9349
[10:53:03.076830] Epoch: [6]  [410/491]  eta: 0:01:15  loss: 1.3933 (1.7181)  IoU (F channel): 0.1123 (0.1212)  L1 (Dc channel): 0.0028 (0.0027)  L1 (Dn channel): 0.0027 (0.0026)  IoU (P channel): 0.1067 (0.1385)  lr: 0.000268  iter-time: 0.9311
[10:53:12.479461] Epoch: [6]  [420/491]  eta: 0:01:06  loss: 1.3628 (1.7103)  IoU (F channel): 0.1520 (0.1223)  L1 (Dc channel): 0.0026 (0.0027)  L1 (Dn channel): 0.0024 (0.0026)  IoU (P channel): 0.1680 (0.1394)  lr: 0.000270  iter-time: 0.9337
[10:53:22.096045] Epoch: [6]  [430/491]  eta: 0:00:57  loss: 1.3504 (1.7022)  IoU (F channel): 0.1548 (0.1230)  L1 (Dc channel): 0.0027 (0.0027)  L1 (Dn channel): 0.0024 (0.0026)  IoU (P channel): 0.1650 (0.1398)  lr: 0.000271  iter-time: 0.9508
[10:53:31.542157] Epoch: [6]  [440/491]  eta: 0:00:47  loss: 1.3464 (1.6942)  IoU (F channel): 0.1281 (0.1236)  L1 (Dc channel): 0.0024 (0.0027)  L1 (Dn channel): 0.0023 (0.0026)  IoU (P channel): 0.1348 (0.1399)  lr: 0.000273  iter-time: 0.9530
[10:53:40.746277] Epoch: [6]  [450/491]  eta: 0:00:38  loss: 1.3267 (1.6862)  IoU (F channel): 0.1081 (0.1242)  L1 (Dc channel): 0.0025 (0.0027)  L1 (Dn channel): 0.0024 (0.0026)  IoU (P channel): 0.1243 (0.1401)  lr: 0.000274  iter-time: 0.9324
[10:53:50.028437] Epoch: [6]  [460/491]  eta: 0:00:29  loss: 1.3126 (1.6781)  IoU (F channel): 0.1129 (0.1248)  L1 (Dc channel): 0.0026 (0.0027)  L1 (Dn channel): 0.0025 (0.0026)  IoU (P channel): 0.1348 (0.1405)  lr: 0.000276  iter-time: 0.9242
[10:53:59.283616] Epoch: [6]  [470/491]  eta: 0:00:19  loss: 1.2833 (1.6697)  IoU (F channel): 0.1191 (0.1251)  L1 (Dc channel): 0.0024 (0.0027)  L1 (Dn channel): 0.0022 (0.0026)  IoU (P channel): 0.1328 (0.1406)  lr: 0.000277  iter-time: 0.9267
[10:54:08.481507] Epoch: [6]  [480/491]  eta: 0:00:10  loss: 1.2702 (1.6616)  IoU (F channel): 0.1191 (0.1257)  L1 (Dc channel): 0.0022 (0.0027)  L1 (Dn channel): 0.0022 (0.0026)  IoU (P channel): 0.1279 (0.1410)  lr: 0.000279  iter-time: 0.9225
[10:54:17.141438] Epoch: [6]  [490/491]  eta: 0:00:00  loss: 1.2556 (1.6534)  IoU (F channel): 0.1403 (0.1271)  L1 (Dc channel): 0.0023 (0.0026)  L1 (Dn channel): 0.0021 (0.0025)  IoU (P channel): 0.1379 (0.1417)  lr: 0.000280  iter-time: 0.8928
[10:54:17.141543] Epoch: [6] Total time: 0:07:39 (0.9359 s / it)
[10:54:17.141575] [Train] averaged stats: loss: 1.2556 (1.6534)  IoU (F channel): 0.1403 (0.1271)  L1 (Dc channel): 0.0023 (0.0026)  L1 (Dn channel): 0.0021 (0.0025)  IoU (P channel): 0.1379 (0.1417)  lr: 0.000280
[10:54:24.152727] Epoch: [6]  [ 0/27]  eta: 0:03:09  loss: 1.2029 (1.2029)  IoU (F channel): 0.0000 (0.0000)  L1 (Dc channel): 0.0027 (0.0027)  L1 (Dn channel): 0.0023 (0.0023)  IoU (P channel): 0.0000 (0.0000)  iter-time: 7.0101
[10:54:29.691507] Epoch: [6]  [10/27]  eta: 0:00:19  loss: 1.2585 (1.3159)  IoU (F channel): 0.1766 (0.1678)  L1 (Dc channel): 0.0028 (0.0029)  L1 (Dn channel): 0.0025 (0.0031)  IoU (P channel): 0.1733 (0.1378)  iter-time: 1.1408
[10:54:35.720200] Epoch: [6]  [20/27]  eta: 0:00:06  loss: 1.2609 (1.3046)  IoU (F channel): 0.2019 (0.1908)  L1 (Dc channel): 0.0028 (0.0029)  L1 (Dn channel): 0.0025 (0.0030)  IoU (P channel): 0.1755 (0.1523)  iter-time: 0.5783
[10:54:38.915288] Epoch: [6]  [26/27]  eta: 0:00:00  loss: 1.2745 (1.3027)  IoU (F channel): 0.1992 (0.1811)  L1 (Dc channel): 0.0028 (0.0029)  L1 (Dn channel): 0.0027 (0.0030)  IoU (P channel): 0.1755 (0.1472)  iter-time: 0.6382
[10:54:38.915400] Epoch: [6] Total time: 0:00:21 (0.8064 s / it)
[10:54:38.915422] [Val] averaged stats: loss: 1.2745 (1.3027)  IoU (F channel): 0.1992 (0.1811)  L1 (Dc channel): 0.0028 (0.0029)  L1 (Dn channel): 0.0027 (0.0030)  IoU (P channel): 0.1755 (0.1472)
[10:54:38.915635] Val loss improved from 2.071706939626623 to 1.302730299808361, saving model to metrics/biapy/biapy-channel-scale-zarr-seunet/checkpoints/biapy-channel-scale-zarr-seunet_1_w3443-checkpoint-best.pth
[10:54:39.021270] [Val] best loss: 1.3027 best  IoU (F channel): 0.1811 L1 (Dc channel): 0.0029 L1 (Dn channel): 0.0030 IoU (P channel): 0.1472 
[10:54:39.029174] [Time] 8.0m 49.5m/8.2h

[10:54:39.029194] ~~~ Epoch 7/60 ~~~

[10:54:47.385794] Epoch: [7]  [  0/491]  eta: 1:08:22  loss: 1.2422 (1.2422)  IoU (F channel): 0.2652 (0.2652)  L1 (Dc channel): 0.0029 (0.0029)  L1 (Dn channel): 0.0030 (0.0030)  IoU (P channel): 0.2915 (0.2915)  lr: 0.000280  iter-time: 8.3551
[10:54:56.699630] Epoch: [7]  [ 10/491]  eta: 0:12:52  loss: 1.2299 (1.2438)  IoU (F channel): 0.1342 (0.1544)  L1 (Dc channel): 0.0027 (0.0026)  L1 (Dn channel): 0.0028 (0.0026)  IoU (P channel): 0.1564 (0.1596)  lr: 0.000282  iter-time: 1.6062
[10:55:05.908849] Epoch: [7]  [ 20/491]  eta: 0:10:02  loss: 1.2349 (1.2628)  IoU (F channel): 0.1601 (0.1751)  L1 (Dc channel): 0.0027 (0.0027)  L1 (Dn channel): 0.0026 (0.0027)  IoU (P channel): 0.1694 (0.1652)  lr: 0.000283  iter-time: 0.9260
[10:55:15.089140] Epoch: [7]  [ 30/491]  eta: 0:08:56  loss: 1.2463 (1.2566)  IoU (F channel): 0.2162 (0.1871)  L1 (Dc channel): 0.0027 (0.0027)  L1 (Dn channel): 0.0025 (0.0026)  IoU (P channel): 0.1827 (0.1703)  lr: 0.000285  iter-time: 0.9193
[10:55:24.254471] Epoch: [7]  [ 40/491]  eta: 0:08:17  loss: 1.2024 (1.2454)  IoU (F channel): 0.1743 (0.1786)  L1 (Dc channel): 0.0027 (0.0026)  L1 (Dn channel): 0.0025 (0.0026)  IoU (P channel): 0.1738 (0.1659)  lr: 0.000286  iter-time: 0.9172
[10:55:33.415629] Epoch: [7]  [ 50/491]  eta: 0:07:50  loss: 1.1911 (1.2395)  IoU (F channel): 0.1454 (0.1759)  L1 (Dc channel): 0.0024 (0.0026)  L1 (Dn channel): 0.0025 (0.0025)  IoU (P channel): 0.1774 (0.1645)  lr: 0.000288  iter-time: 0.9162
[10:55:42.637117] Epoch: [7]  [ 60/491]  eta: 0:07:29  loss: 1.1710 (1.2306)  IoU (F channel): 0.1511 (0.1735)  L1 (Dc channel): 0.0025 (0.0026)  L1 (Dn channel): 0.0023 (0.0025)  IoU (P channel): 0.1774 (0.1655)  lr: 0.000289  iter-time: 0.9190
[10:55:51.799780] Epoch: [7]  [ 70/491]  eta: 0:07:11  loss: 1.1487 (1.2184)  IoU (F channel): 0.1818 (0.1790)  L1 (Dc channel): 0.0022 (0.0025)  L1 (Dn channel): 0.0018 (0.0024)  IoU (P channel): 0.1741 (0.1707)  lr: 0.000291  iter-time: 0.9191
[10:56:00.989032] Epoch: [7]  [ 80/491]  eta: 0:06:55  loss: 1.1232 (1.2100)  IoU (F channel): 0.2147 (0.1831)  L1 (Dc channel): 0.0022 (0.0025)  L1 (Dn channel): 0.0017 (0.0024)  IoU (P channel): 0.2095 (0.1768)  lr: 0.000292  iter-time: 0.9175
[10:56:10.155747] Epoch: [7]  [ 90/491]  eta: 0:06:41  loss: 1.1423 (1.2053)  IoU (F channel): 0.2042 (0.1839)  L1 (Dc channel): 0.0022 (0.0025)  L1 (Dn channel): 0.0020 (0.0024)  IoU (P channel): 0.1996 (0.1764)  lr: 0.000294  iter-time: 0.9177
[10:56:19.319056] Epoch: [7]  [100/491]  eta: 0:06:28  loss: 1.1681 (1.2047)  IoU (F channel): 0.1486 (0.1808)  L1 (Dc channel): 0.0025 (0.0025)  L1 (Dn channel): 0.0022 (0.0024)  IoU (P channel): 0.1639 (0.1748)  lr: 0.000295  iter-time: 0.9164
[10:56:28.537539] Epoch: [7]  [110/491]  eta: 0:06:15  loss: 1.1429 (1.1984)  IoU (F channel): 0.1830 (0.1831)  L1 (Dc channel): 0.0025 (0.0025)  L1 (Dn channel): 0.0022 (0.0024)  IoU (P channel): 0.1716 (0.1764)  lr: 0.000297  iter-time: 0.9190
[10:56:37.741476] Epoch: [7]  [120/491]  eta: 0:06:03  loss: 1.0960 (1.1917)  IoU (F channel): 0.1784 (0.1819)  L1 (Dc channel): 0.0024 (0.0025)  L1 (Dn channel): 0.0021 (0.0024)  IoU (P channel): 0.1773 (0.1756)  lr: 0.000298  iter-time: 0.9210
[10:56:46.900705] Epoch: [7]  [130/491]  eta: 0:05:52  loss: 1.0859 (1.1832)  IoU (F channel): 0.1784 (0.1826)  L1 (Dc channel): 0.0023 (0.0025)  L1 (Dn channel): 0.0021 (0.0023)  IoU (P channel): 0.1855 (0.1762)  lr: 0.000300  iter-time: 0.9180
[10:56:56.077388] Epoch: [7]  [140/491]  eta: 0:05:41  loss: 1.0739 (1.1749)  IoU (F channel): 0.1828 (0.1821)  L1 (Dc channel): 0.0022 (0.0025)  L1 (Dn channel): 0.0018 (0.0023)  IoU (P channel): 0.1722 (0.1762)  lr: 0.000301  iter-time: 0.9167
[10:57:05.250715] Epoch: [7]  [150/491]  eta: 0:05:30  loss: 1.0611 (1.1677)  IoU (F channel): 0.1793 (0.1829)  L1 (Dc channel): 0.0022 (0.0025)  L1 (Dn channel): 0.0019 (0.0023)  IoU (P channel): 0.1561 (0.1771)  lr: 0.000303  iter-time: 0.9174
[10:57:14.444365] Epoch: [7]  [160/491]  eta: 0:05:19  loss: 1.0398 (1.1605)  IoU (F channel): 0.1986 (0.1839)  L1 (Dc channel): 0.0022 (0.0025)  L1 (Dn channel): 0.0019 (0.0022)  IoU (P channel): 0.1799 (0.1773)  lr: 0.000304  iter-time: 0.9182
[10:57:23.678746] Epoch: [7]  [170/491]  eta: 0:05:09  loss: 1.0248 (1.1540)  IoU (F channel): 0.1613 (0.1838)  L1 (Dc channel): 0.0022 (0.0024)  L1 (Dn channel): 0.0018 (0.0022)  IoU (P channel): 0.1799 (0.1778)  lr: 0.000306  iter-time: 0.9213
[10:57:32.840728] Epoch: [7]  [180/491]  eta: 0:04:58  loss: 1.0098 (1.1467)  IoU (F channel): 0.1613 (0.1874)  L1 (Dc channel): 0.0023 (0.0024)  L1 (Dn channel): 0.0020 (0.0022)  IoU (P channel): 0.1860 (0.1808)  lr: 0.000307  iter-time: 0.9197
[10:57:42.073649] Epoch: [7]  [190/491]  eta: 0:04:48  loss: 1.0007 (1.1389)  IoU (F channel): 0.2139 (0.1887)  L1 (Dc channel): 0.0023 (0.0024)  L1 (Dn channel): 0.0021 (0.0022)  IoU (P channel): 0.2221 (0.1825)  lr: 0.000309  iter-time: 0.9197
[10:57:51.269471] Epoch: [7]  [200/491]  eta: 0:04:38  loss: 0.9847 (1.1311)  IoU (F channel): 0.1989 (0.1899)  L1 (Dc channel): 0.0022 (0.0024)  L1 (Dn channel): 0.0020 (0.0022)  IoU (P channel): 0.2018 (0.1840)  lr: 0.000310  iter-time: 0.9213
[10:58:00.433956] Epoch: [7]  [210/491]  eta: 0:04:28  loss: 0.9899 (1.1270)  IoU (F channel): 0.1738 (0.1902)  L1 (Dc channel): 0.0023 (0.0024)  L1 (Dn channel): 0.0021 (0.0022)  IoU (P channel): 0.1708 (0.1848)  lr: 0.000312  iter-time: 0.9179
[10:58:09.693958] Epoch: [7]  [220/491]  eta: 0:04:18  loss: 0.9961 (1.1202)  IoU (F channel): 0.2097 (0.1938)  L1 (Dc channel): 0.0025 (0.0024)  L1 (Dn channel): 0.0024 (0.0022)  IoU (P channel): 0.1940 (0.1871)  lr: 0.000313  iter-time: 0.9211
[10:58:18.852819] Epoch: [7]  [230/491]  eta: 0:04:08  loss: 0.9621 (1.1143)  IoU (F channel): 0.1914 (0.1931)  L1 (Dc channel): 0.0025 (0.0024)  L1 (Dn channel): 0.0024 (0.0022)  IoU (P channel): 0.1856 (0.1863)  lr: 0.000315  iter-time: 0.9208
[10:58:28.095653] Epoch: [7]  [240/491]  eta: 0:03:58  loss: 0.9663 (1.1084)  IoU (F channel): 0.1784 (0.1950)  L1 (Dc channel): 0.0027 (0.0025)  L1 (Dn channel): 0.0026 (0.0023)  IoU (P channel): 0.1698 (0.1875)  lr: 0.000317  iter-time: 0.9200
[10:58:37.258335] Epoch: [7]  [250/491]  eta: 0:03:48  loss: 0.9392 (1.1019)  IoU (F channel): 0.1937 (0.1959)  L1 (Dc channel): 0.0024 (0.0024)  L1 (Dn channel): 0.0022 (0.0023)  IoU (P channel): 0.2119 (0.1880)  lr: 0.000318  iter-time: 0.9202
[10:58:46.418080] Epoch: [7]  [260/491]  eta: 0:03:38  loss: 0.9267 (1.0975)  IoU (F channel): 0.1843 (0.1954)  L1 (Dc channel): 0.0022 (0.0025)  L1 (Dn channel): 0.0020 (0.0023)  IoU (P channel): 0.1693 (0.1871)  lr: 0.000320  iter-time: 0.9160
[10:58:55.616051] Epoch: [7]  [270/491]  eta: 0:03:29  loss: 0.9426 (1.0922)  IoU (F channel): 0.2003 (0.1971)  L1 (Dc channel): 0.0028 (0.0025)  L1 (Dn channel): 0.0020 (0.0023)  IoU (P channel): 0.1669 (0.1872)  lr: 0.000321  iter-time: 0.9178
[10:59:04.773818] Epoch: [7]  [280/491]  eta: 0:03:19  loss: 0.9150 (1.0869)  IoU (F channel): 0.2003 (0.1955)  L1 (Dc channel): 0.0027 (0.0025)  L1 (Dn channel): 0.0020 (0.0023)  IoU (P channel): 0.1678 (0.1857)  lr: 0.000323  iter-time: 0.9177
[10:59:13.932262] Epoch: [7]  [290/491]  eta: 0:03:09  loss: 0.9020 (1.0818)  IoU (F channel): 0.1943 (0.1965)  L1 (Dc channel): 0.0027 (0.0025)  L1 (Dn channel): 0.0020 (0.0023)  IoU (P channel): 0.1820 (0.1862)  lr: 0.000324  iter-time: 0.9157
[10:59:23.098078] Epoch: [7]  [300/491]  eta: 0:03:00  loss: 0.8978 (1.0764)  IoU (F channel): 0.2068 (0.1976)  L1 (Dc channel): 0.0027 (0.0025)  L1 (Dn channel): 0.0020 (0.0023)  IoU (P channel): 0.2073 (0.1871)  lr: 0.000326  iter-time: 0.9161
[10:59:32.255866] Epoch: [7]  [310/491]  eta: 0:02:50  loss: 0.8845 (1.0706)  IoU (F channel): 0.1876 (0.1976)  L1 (Dc channel): 0.0025 (0.0025)  L1 (Dn channel): 0.0020 (0.0023)  IoU (P channel): 0.1988 (0.1874)  lr: 0.000327  iter-time: 0.9161
[10:59:41.460498] Epoch: [7]  [320/491]  eta: 0:02:41  loss: 0.8759 (1.0645)  IoU (F channel): 0.1885 (0.1985)  L1 (Dc channel): 0.0026 (0.0025)  L1 (Dn channel): 0.0023 (0.0023)  IoU (P channel): 0.1982 (0.1879)  lr: 0.000329  iter-time: 0.9180
[10:59:50.823386] Epoch: [7]  [330/491]  eta: 0:02:31  loss: 0.8679 (1.0583)  IoU (F channel): 0.2040 (0.1990)  L1 (Dc channel): 0.0024 (0.0025)  L1 (Dn channel): 0.0023 (0.0023)  IoU (P channel): 0.2142 (0.1886)  lr: 0.000331  iter-time: 0.9283
[10:59:59.988727] Epoch: [7]  [340/491]  eta: 0:02:22  loss: 0.8400 (1.0519)  IoU (F channel): 0.2063 (0.1988)  L1 (Dc channel): 0.0023 (0.0025)  L1 (Dn channel): 0.0020 (0.0023)  IoU (P channel): 0.1867 (0.1884)  lr: 0.000332  iter-time: 0.9263
[11:00:09.149870] Epoch: [7]  [350/491]  eta: 0:02:12  loss: 0.8383 (1.0459)  IoU (F channel): 0.1883 (0.1988)  L1 (Dc channel): 0.0022 (0.0025)  L1 (Dn channel): 0.0018 (0.0023)  IoU (P channel): 0.1822 (0.1888)  lr: 0.000334  iter-time: 0.9162
[11:00:18.310631] Epoch: [7]  [360/491]  eta: 0:02:03  loss: 0.8144 (1.0393)  IoU (F channel): 0.1963 (0.1997)  L1 (Dc channel): 0.0022 (0.0025)  L1 (Dn channel): 0.0022 (0.0023)  IoU (P channel): 0.2032 (0.1895)  lr: 0.000335  iter-time: 0.9160
[11:00:27.492609] Epoch: [7]  [370/491]  eta: 0:01:53  loss: 0.7984 (1.0333)  IoU (F channel): 0.1930 (0.2004)  L1 (Dc channel): 0.0023 (0.0025)  L1 (Dn channel): 0.0024 (0.0023)  IoU (P channel): 0.1957 (0.1901)  lr: 0.000337  iter-time: 0.9170
[11:00:36.709851] Epoch: [7]  [380/491]  eta: 0:01:44  loss: 0.8056 (1.0288)  IoU (F channel): 0.1900 (0.1997)  L1 (Dc channel): 0.0026 (0.0025)  L1 (Dn channel): 0.0024 (0.0023)  IoU (P channel): 0.1820 (0.1895)  lr: 0.000338  iter-time: 0.9199
[11:00:45.874577] Epoch: [7]  [390/491]  eta: 0:01:34  loss: 0.7945 (1.0228)  IoU (F channel): 0.2470 (0.2018)  L1 (Dc channel): 0.0026 (0.0025)  L1 (Dn channel): 0.0021 (0.0023)  IoU (P channel): 0.2061 (0.1906)  lr: 0.000340  iter-time: 0.9190
[11:00:55.031931] Epoch: [7]  [400/491]  eta: 0:01:25  loss: 0.7824 (1.0175)  IoU (F channel): 0.2460 (0.2018)  L1 (Dc channel): 0.0024 (0.0025)  L1 (Dn channel): 0.0021 (0.0023)  IoU (P channel): 0.2158 (0.1907)  lr: 0.000342  iter-time: 0.9160
[11:01:04.217304] Epoch: [7]  [410/491]  eta: 0:01:15  loss: 0.7999 (1.0127)  IoU (F channel): 0.2137 (0.2018)  L1 (Dc channel): 0.0024 (0.0025)  L1 (Dn channel): 0.0021 (0.0023)  IoU (P channel): 0.1990 (0.1905)  lr: 0.000343  iter-time: 0.9170
[11:01:13.467003] Epoch: [7]  [420/491]  eta: 0:01:06  loss: 0.7999 (1.0081)  IoU (F channel): 0.2252 (0.2018)  L1 (Dc channel): 0.0027 (0.0025)  L1 (Dn channel): 0.0021 (0.0023)  IoU (P channel): 0.1990 (0.1905)  lr: 0.000345  iter-time: 0.9216
[11:01:22.697505] Epoch: [7]  [430/491]  eta: 0:00:57  loss: 0.7705 (1.0024)  IoU (F channel): 0.2264 (0.2026)  L1 (Dc channel): 0.0027 (0.0025)  L1 (Dn channel): 0.0022 (0.0023)  IoU (P channel): 0.2188 (0.1913)  lr: 0.000346  iter-time: 0.9239
[11:01:31.857177] Epoch: [7]  [440/491]  eta: 0:00:47  loss: 0.7397 (0.9964)  IoU (F channel): 0.2121 (0.2029)  L1 (Dc channel): 0.0024 (0.0025)  L1 (Dn channel): 0.0020 (0.0023)  IoU (P channel): 0.2188 (0.1917)  lr: 0.000348  iter-time: 0.9194
[11:01:41.025377] Epoch: [7]  [450/491]  eta: 0:00:38  loss: 0.7482 (0.9916)  IoU (F channel): 0.2023 (0.2038)  L1 (Dc channel): 0.0024 (0.0025)  L1 (Dn channel): 0.0022 (0.0023)  IoU (P channel): 0.2081 (0.1924)  lr: 0.000349  iter-time: 0.9163
[11:01:50.195243] Epoch: [7]  [460/491]  eta: 0:00:28  loss: 0.7482 (0.9859)  IoU (F channel): 0.2267 (0.2045)  L1 (Dc channel): 0.0025 (0.0025)  L1 (Dn channel): 0.0022 (0.0023)  IoU (P channel): 0.2506 (0.1934)  lr: 0.000351  iter-time: 0.9168
[11:01:59.383430] Epoch: [7]  [470/491]  eta: 0:00:19  loss: 0.7146 (0.9801)  IoU (F channel): 0.2478 (0.2055)  L1 (Dc channel): 0.0025 (0.0025)  L1 (Dn channel): 0.0019 (0.0023)  IoU (P channel): 0.2506 (0.1944)  lr: 0.000353  iter-time: 0.9178
[11:02:08.543503] Epoch: [7]  [480/491]  eta: 0:00:10  loss: 0.6983 (0.9741)  IoU (F channel): 0.2320 (0.2060)  L1 (Dc channel): 0.0023 (0.0025)  L1 (Dn channel): 0.0017 (0.0022)  IoU (P channel): 0.2123 (0.1946)  lr: 0.000354  iter-time: 0.9173
[11:02:17.201067] Epoch: [7]  [490/491]  eta: 0:00:00  loss: 0.6916 (0.9688)  IoU (F channel): 0.2022 (0.2062)  L1 (Dc channel): 0.0023 (0.0025)  L1 (Dn channel): 0.0018 (0.0022)  IoU (P channel): 0.1955 (0.1948)  lr: 0.000356  iter-time: 0.8908
[11:02:17.201477] Epoch: [7] Total time: 0:07:38 (0.9331 s / it)
[11:02:17.201507] [Train] averaged stats: loss: 0.6916 (0.9688)  IoU (F channel): 0.2022 (0.2062)  L1 (Dc channel): 0.0023 (0.0025)  L1 (Dn channel): 0.0018 (0.0022)  IoU (P channel): 0.1955 (0.1948)  lr: 0.000356
[11:02:24.121869] Epoch: [7]  [ 0/27]  eta: 0:03:06  loss: 0.6301 (0.6301)  IoU (F channel): 0.0000 (0.0000)  L1 (Dc channel): 0.0017 (0.0017)  L1 (Dn channel): 0.0013 (0.0013)  IoU (P channel): 0.0000 (0.0000)  iter-time: 6.9190
[11:02:29.555573] Epoch: [7]  [10/27]  eta: 0:00:19  loss: 0.7070 (0.7767)  IoU (F channel): 0.2561 (0.2070)  L1 (Dc channel): 0.0020 (0.0023)  L1 (Dn channel): 0.0016 (0.0023)  IoU (P channel): 0.2292 (0.1782)  iter-time: 1.1229
[11:02:36.156649] Epoch: [7]  [20/27]  eta: 0:00:06  loss: 0.7070 (0.7589)  IoU (F channel): 0.2806 (0.2321)  L1 (Dc channel): 0.0021 (0.0023)  L1 (Dn channel): 0.0016 (0.0022)  IoU (P channel): 0.2292 (0.1911)  iter-time: 0.6017
[11:02:37.702264] Epoch: [7]  [26/27]  eta: 0:00:00  loss: 0.7238 (0.7571)  IoU (F channel): 0.2702 (0.2288)  L1 (Dc channel): 0.0022 (0.0023)  L1 (Dn channel): 0.0018 (0.0021)  IoU (P channel): 0.2184 (0.1906)  iter-time: 0.5882
[11:02:37.702363] Epoch: [7] Total time: 0:00:20 (0.7592 s / it)
[11:02:37.702383] [Val] averaged stats: loss: 0.7238 (0.7571)  IoU (F channel): 0.2702 (0.2288)  L1 (Dc channel): 0.0022 (0.0023)  L1 (Dn channel): 0.0018 (0.0021)  IoU (P channel): 0.2184 (0.1906)
[11:02:37.702577] Val loss improved from 1.302730299808361 to 0.7571394598042523, saving model to metrics/biapy/biapy-channel-scale-zarr-seunet/checkpoints/biapy-channel-scale-zarr-seunet_1_w3443-checkpoint-best.pth
[11:02:37.854013] [Val] best loss: 0.7571 best  IoU (F channel): 0.2288 L1 (Dc channel): 0.0023 L1 (Dn channel): 0.0021 IoU (P channel): 0.1906 
[11:02:37.860260] [Time] 8.0m 57.5m/8.1h

[11:02:37.860285] ~~~ Epoch 8/60 ~~~

[11:02:44.505403] Epoch: [8]  [  0/491]  eta: 0:54:21  loss: 0.6744 (0.6744)  IoU (F channel): 0.3022 (0.3022)  L1 (Dc channel): 0.0022 (0.0022)  L1 (Dn channel): 0.0021 (0.0021)  IoU (P channel): 0.2365 (0.2365)  lr: 0.000356  iter-time: 6.6433
[11:02:53.878752] Epoch: [8]  [ 10/491]  eta: 0:11:40  loss: 0.6990 (0.6986)  IoU (F channel): 0.2900 (0.2550)  L1 (Dc channel): 0.0024 (0.0024)  L1 (Dn channel): 0.0022 (0.0021)  IoU (P channel): 0.2601 (0.2532)  lr: 0.000358  iter-time: 1.4559
[11:03:03.044182] Epoch: [8]  [ 20/491]  eta: 0:09:24  loss: 0.6973 (0.7099)  IoU (F channel): 0.2639 (0.2627)  L1 (Dc channel): 0.0025 (0.0024)  L1 (Dn channel): 0.0022 (0.0023)  IoU (P channel): 0.2655 (0.2549)  lr: 0.000359  iter-time: 0.9268
[11:03:12.216357] Epoch: [8]  [ 30/491]  eta: 0:08:30  loss: 0.6782 (0.7168)  IoU (F channel): 0.2639 (0.2648)  L1 (Dc channel): 0.0025 (0.0025)  L1 (Dn channel): 0.0022 (0.0023)  IoU (P channel): 0.2737 (0.2524)  lr: 0.000361  iter-time: 0.9168
[11:03:21.404499] Epoch: [8]  [ 40/491]  eta: 0:07:58  loss: 0.7200 (0.7288)  IoU (F channel): 0.2417 (0.2500)  L1 (Dc channel): 0.0026 (0.0027)  L1 (Dn channel): 0.0023 (0.0024)  IoU (P channel): 0.2411 (0.2359)  lr: 0.000362  iter-time: 0.9179
[11:03:30.570492] Epoch: [8]  [ 50/491]  eta: 0:07:35  loss: 0.7200 (0.7284)  IoU (F channel): 0.1515 (0.2355)  L1 (Dc channel): 0.0030 (0.0027)  L1 (Dn channel): 0.0024 (0.0025)  IoU (P channel): 0.1647 (0.2231)  lr: 0.000364  iter-time: 0.9176
[11:03:39.744844] Epoch: [8]  [ 60/491]  eta: 0:07:17  loss: 0.6863 (0.7241)  IoU (F channel): 0.1575 (0.2267)  L1 (Dc channel): 0.0026 (0.0027)  L1 (Dn channel): 0.0023 (0.0024)  IoU (P channel): 0.1487 (0.2148)  lr: 0.000366  iter-time: 0.9169
[11:03:48.910631] Epoch: [8]  [ 70/491]  eta: 0:07:01  loss: 0.6656 (0.7114)  IoU (F channel): 0.1987 (0.2295)  L1 (Dc channel): 0.0024 (0.0026)  L1 (Dn channel): 0.0020 (0.0024)  IoU (P channel): 0.1897 (0.2157)  lr: 0.000367  iter-time: 0.9169
[11:03:58.068578] Epoch: [8]  [ 80/491]  eta: 0:06:46  loss: 0.6612 (0.7114)  IoU (F channel): 0.2292 (0.2341)  L1 (Dc channel): 0.0023 (0.0026)  L1 (Dn channel): 0.0021 (0.0024)  IoU (P channel): 0.2318 (0.2192)  lr: 0.000369  iter-time: 0.9161
[11:04:07.226852] Epoch: [8]  [ 90/491]  eta: 0:06:33  loss: 0.6612 (0.7053)  IoU (F channel): 0.2051 (0.2302)  L1 (Dc channel): 0.0022 (0.0026)  L1 (Dn channel): 0.0017 (0.0023)  IoU (P channel): 0.2202 (0.2174)  lr: 0.000371  iter-time: 0.9157
[11:04:16.383697] Epoch: [8]  [100/491]  eta: 0:06:21  loss: 0.6492 (0.7020)  IoU (F channel): 0.2051 (0.2297)  L1 (Dc channel): 0.0022 (0.0025)  L1 (Dn channel): 0.0018 (0.0023)  IoU (P channel): 0.2170 (0.2160)  lr: 0.000372  iter-time: 0.9157
[11:04:25.587574] Epoch: [8]  [110/491]  eta: 0:06:09  loss: 0.6358 (0.6964)  IoU (F channel): 0.2423 (0.2350)  L1 (Dc channel): 0.0024 (0.0026)  L1 (Dn channel): 0.0021 (0.0023)  IoU (P channel): 0.2277 (0.2207)  lr: 0.000374  iter-time: 0.9179
[11:04:34.754727] Epoch: [8]  [120/491]  eta: 0:05:58  loss: 0.6285 (0.6921)  IoU (F channel): 0.2258 (0.2325)  L1 (Dc channel): 0.0025 (0.0026)  L1 (Dn channel): 0.0022 (0.0023)  IoU (P channel): 0.2221 (0.2196)  lr: 0.000375  iter-time: 0.9184
[11:04:44.122046] Epoch: [8]  [130/491]  eta: 0:05:47  loss: 0.6329 (0.6883)  IoU (F channel): 0.2515 (0.2373)  L1 (Dc channel): 0.0028 (0.0026)  L1 (Dn channel): 0.0022 (0.0023)  IoU (P channel): 0.2221 (0.2226)  lr: 0.000377  iter-time: 0.9266
[11:04:53.287651] Epoch: [8]  [140/491]  eta: 0:05:37  loss: 0.6294 (0.6830)  IoU (F channel): 0.2948 (0.2376)  L1 (Dc channel): 0.0025 (0.0026)  L1 (Dn channel): 0.0022 (0.0023)  IoU (P channel): 0.2403 (0.2226)  lr: 0.000379  iter-time: 0.9265
[11:05:02.553601] Epoch: [8]  [150/491]  eta: 0:05:26  loss: 0.6118 (0.6786)  IoU (F channel): 0.2130 (0.2360)  L1 (Dc channel): 0.0026 (0.0026)  L1 (Dn channel): 0.0022 (0.0023)  IoU (P channel): 0.2023 (0.2220)  lr: 0.000380  iter-time: 0.9215
[11:05:11.733661] Epoch: [8]  [160/491]  eta: 0:05:16  loss: 0.5812 (0.6722)  IoU (F channel): 0.2184 (0.2380)  L1 (Dc channel): 0.0023 (0.0025)  L1 (Dn channel): 0.0019 (0.0023)  IoU (P channel): 0.2188 (0.2251)  lr: 0.000382  iter-time: 0.9222
[11:05:20.896216] Epoch: [8]  [170/491]  eta: 0:05:06  loss: 0.5721 (0.6684)  IoU (F channel): 0.2441 (0.2388)  L1 (Dc channel): 0.0021 (0.0025)  L1 (Dn channel): 0.0018 (0.0023)  IoU (P channel): 0.2652 (0.2258)  lr: 0.000384  iter-time: 0.9170
[11:05:30.064412] Epoch: [8]  [180/491]  eta: 0:04:55  loss: 0.5602 (0.6622)  IoU (F channel): 0.2726 (0.2396)  L1 (Dc channel): 0.0023 (0.0025)  L1 (Dn channel): 0.0021 (0.0023)  IoU (P channel): 0.2518 (0.2268)  lr: 0.000385  iter-time: 0.9164
[11:05:39.223593] Epoch: [8]  [190/491]  eta: 0:04:45  loss: 0.5663 (0.6585)  IoU (F channel): 0.2493 (0.2391)  L1 (Dc channel): 0.0022 (0.0025)  L1 (Dn channel): 0.0020 (0.0023)  IoU (P channel): 0.2518 (0.2264)  lr: 0.000387  iter-time: 0.9163
[11:05:48.393967] Epoch: [8]  [200/491]  eta: 0:04:35  loss: 0.5724 (0.6535)  IoU (F channel): 0.2493 (0.2405)  L1 (Dc channel): 0.0022 (0.0025)  L1 (Dn channel): 0.0019 (0.0022)  IoU (P channel): 0.2342 (0.2283)  lr: 0.000389  iter-time: 0.9164
[11:05:57.551660] Epoch: [8]  [210/491]  eta: 0:04:25  loss: 0.5556 (0.6503)  IoU (F channel): 0.2641 (0.2416)  L1 (Dc channel): 0.0022 (0.0025)  L1 (Dn channel): 0.0019 (0.0022)  IoU (P channel): 0.2843 (0.2303)  lr: 0.000390  iter-time: 0.9163
[11:06:06.713750] Epoch: [8]  [220/491]  eta: 0:04:16  loss: 0.5562 (0.6462)  IoU (F channel): 0.2197 (0.2425)  L1 (Dc channel): 0.0024 (0.0025)  L1 (Dn channel): 0.0020 (0.0022)  IoU (P channel): 0.2664 (0.2315)  lr: 0.000392  iter-time: 0.9159
[11:06:15.987105] Epoch: [8]  [230/491]  eta: 0:04:06  loss: 0.5444 (0.6419)  IoU (F channel): 0.2197 (0.2426)  L1 (Dc channel): 0.0021 (0.0025)  L1 (Dn channel): 0.0016 (0.0022)  IoU (P channel): 0.2316 (0.2310)  lr: 0.000393  iter-time: 0.9216
[11:06:25.234738] Epoch: [8]  [240/491]  eta: 0:03:56  loss: 0.5379 (0.6382)  IoU (F channel): 0.2573 (0.2442)  L1 (Dc channel): 0.0020 (0.0024)  L1 (Dn channel): 0.0015 (0.0022)  IoU (P channel): 0.2402 (0.2321)  lr: 0.000395  iter-time: 0.9259
[11:06:34.449544] Epoch: [8]  [250/491]  eta: 0:03:47  loss: 0.5175 (0.6337)  IoU (F channel): 0.2507 (0.2437)  L1 (Dc channel): 0.0021 (0.0024)  L1 (Dn channel): 0.0017 (0.0022)  IoU (P channel): 0.2412 (0.2316)  lr: 0.000397  iter-time: 0.9230
[11:06:43.621882] Epoch: [8]  [260/491]  eta: 0:03:37  loss: 0.5113 (0.6293)  IoU (F channel): 0.2543 (0.2448)  L1 (Dc channel): 0.0021 (0.0024)  L1 (Dn channel): 0.0018 (0.0022)  IoU (P channel): 0.2420 (0.2328)  lr: 0.000398  iter-time: 0.9192
[11:06:52.862845] Epoch: [8]  [270/491]  eta: 0:03:27  loss: 0.5404 (0.6301)  IoU (F channel): 0.2461 (0.2428)  L1 (Dc channel): 0.0024 (0.0024)  L1 (Dn channel): 0.0021 (0.0022)  IoU (P channel): 0.2281 (0.2301)  lr: 0.000400  iter-time: 0.9206
[11:07:02.122937] Epoch: [8]  [280/491]  eta: 0:03:18  loss: 0.5723 (0.6306)  IoU (F channel): 0.1778 (0.2398)  L1 (Dc channel): 0.0030 (0.0025)  L1 (Dn channel): 0.0021 (0.0022)  IoU (P channel): 0.1257 (0.2265)  lr: 0.000402  iter-time: 0.9249
[11:07:11.284594] Epoch: [8]  [290/491]  eta: 0:03:08  loss: 0.5627 (0.6285)  IoU (F channel): 0.1463 (0.2366)  L1 (Dc channel): 0.0028 (0.0025)  L1 (Dn channel): 0.0020 (0.0022)  IoU (P channel): 0.1213 (0.2227)  lr: 0.000403  iter-time: 0.9210
[11:07:20.584417] Epoch: [8]  [300/491]  eta: 0:02:59  loss: 0.5771 (0.6277)  IoU (F channel): 0.1463 (0.2353)  L1 (Dc channel): 0.0028 (0.0025)  L1 (Dn channel): 0.0020 (0.0022)  IoU (P channel): 0.1318 (0.2205)  lr: 0.000405  iter-time: 0.9230
[11:07:29.803115] Epoch: [8]  [310/491]  eta: 0:02:49  loss: 0.5877 (0.6267)  IoU (F channel): 0.2079 (0.2349)  L1 (Dc channel): 0.0028 (0.0025)  L1 (Dn channel): 0.0022 (0.0022)  IoU (P channel): 0.1618 (0.2193)  lr: 0.000407  iter-time: 0.9258
[11:07:39.025225] Epoch: [8]  [320/491]  eta: 0:02:40  loss: 0.5384 (0.6233)  IoU (F channel): 0.2245 (0.2353)  L1 (Dc channel): 0.0026 (0.0025)  L1 (Dn channel): 0.0022 (0.0022)  IoU (P channel): 0.1957 (0.2193)  lr: 0.000408  iter-time: 0.9219
[11:07:48.191916] Epoch: [8]  [330/491]  eta: 0:02:30  loss: 0.5277 (0.6208)  IoU (F channel): 0.2015 (0.2344)  L1 (Dc channel): 0.0026 (0.0025)  L1 (Dn channel): 0.0020 (0.0022)  IoU (P channel): 0.1915 (0.2182)  lr: 0.000410  iter-time: 0.9193
[11:07:57.496259] Epoch: [8]  [340/491]  eta: 0:02:21  loss: 0.5277 (0.6184)  IoU (F channel): 0.2029 (0.2363)  L1 (Dc channel): 0.0027 (0.0025)  L1 (Dn channel): 0.0020 (0.0022)  IoU (P channel): 0.1915 (0.2189)  lr: 0.000412  iter-time: 0.9234
[11:08:06.660834] Epoch: [8]  [350/491]  eta: 0:02:12  loss: 0.4879 (0.6151)  IoU (F channel): 0.2125 (0.2358)  L1 (Dc channel): 0.0025 (0.0025)  L1 (Dn channel): 0.0020 (0.0022)  IoU (P channel): 0.1787 (0.2179)  lr: 0.000413  iter-time: 0.9233
[11:08:15.821802] Epoch: [8]  [360/491]  eta: 0:02:02  loss: 0.4842 (0.6115)  IoU (F channel): 0.1797 (0.2347)  L1 (Dc channel): 0.0025 (0.0025)  L1 (Dn channel): 0.0019 (0.0022)  IoU (P channel): 0.1787 (0.2175)  lr: 0.000415  iter-time: 0.9162
[11:08:25.030673] Epoch: [8]  [370/491]  eta: 0:01:53  loss: 0.4765 (0.6081)  IoU (F channel): 0.2390 (0.2353)  L1 (Dc channel): 0.0024 (0.0025)  L1 (Dn channel): 0.0018 (0.0021)  IoU (P channel): 0.2147 (0.2180)  lr: 0.000417  iter-time: 0.9184
[11:08:34.190872] Epoch: [8]  [380/491]  eta: 0:01:43  loss: 0.4629 (0.6046)  IoU (F channel): 0.2491 (0.2342)  L1 (Dc channel): 0.0024 (0.0025)  L1 (Dn channel): 0.0016 (0.0021)  IoU (P channel): 0.2213 (0.2175)  lr: 0.000418  iter-time: 0.9184
[11:08:43.351555] Epoch: [8]  [390/491]  eta: 0:01:34  loss: 0.4656 (0.6019)  IoU (F channel): 0.2204 (0.2352)  L1 (Dc channel): 0.0021 (0.0025)  L1 (Dn channel): 0.0019 (0.0021)  IoU (P channel): 0.2181 (0.2176)  lr: 0.000420  iter-time: 0.9159
[11:08:52.540144] Epoch: [8]  [400/491]  eta: 0:01:25  loss: 0.4685 (0.5985)  IoU (F channel): 0.2675 (0.2367)  L1 (Dc channel): 0.0022 (0.0025)  L1 (Dn channel): 0.0017 (0.0021)  IoU (P channel): 0.2365 (0.2188)  lr: 0.000422  iter-time: 0.9173
[11:09:01.705795] Epoch: [8]  [410/491]  eta: 0:01:15  loss: 0.4582 (0.5952)  IoU (F channel): 0.2593 (0.2362)  L1 (Dc channel): 0.0025 (0.0025)  L1 (Dn channel): 0.0016 (0.0021)  IoU (P channel): 0.2344 (0.2184)  lr: 0.000423  iter-time: 0.9176
[11:09:10.867689] Epoch: [8]  [420/491]  eta: 0:01:06  loss: 0.4362 (0.5918)  IoU (F channel): 0.2109 (0.2369)  L1 (Dc channel): 0.0027 (0.0025)  L1 (Dn channel): 0.0018 (0.0021)  IoU (P channel): 0.2121 (0.2193)  lr: 0.000425  iter-time: 0.9163
[11:09:20.105376] Epoch: [8]  [430/491]  eta: 0:00:56  loss: 0.4299 (0.5882)  IoU (F channel): 0.2109 (0.2364)  L1 (Dc channel): 0.0025 (0.0025)  L1 (Dn channel): 0.0020 (0.0021)  IoU (P channel): 0.2121 (0.2192)  lr: 0.000427  iter-time: 0.9199
[11:09:29.405827] Epoch: [8]  [440/491]  eta: 0:00:47  loss: 0.4291 (0.5853)  IoU (F channel): 0.2141 (0.2364)  L1 (Dc channel): 0.0023 (0.0025)  L1 (Dn channel): 0.0020 (0.0021)  IoU (P channel): 0.2084 (0.2190)  lr: 0.000428  iter-time: 0.9268
[11:09:38.707450] Epoch: [8]  [450/491]  eta: 0:00:38  loss: 0.4274 (0.5818)  IoU (F channel): 0.2445 (0.2360)  L1 (Dc channel): 0.0026 (0.0025)  L1 (Dn channel): 0.0021 (0.0021)  IoU (P channel): 0.2357 (0.2190)  lr: 0.000430  iter-time: 0.9300
[11:09:47.867436] Epoch: [8]  [460/491]  eta: 0:00:28  loss: 0.4056 (0.5785)  IoU (F channel): 0.2445 (0.2367)  L1 (Dc channel): 0.0020 (0.0025)  L1 (Dn channel): 0.0018 (0.0021)  IoU (P channel): 0.2543 (0.2196)  lr: 0.000432  iter-time: 0.9230
[11:09:57.032191] Epoch: [8]  [470/491]  eta: 0:00:19  loss: 0.4013 (0.5757)  IoU (F channel): 0.2619 (0.2381)  L1 (Dc channel): 0.0019 (0.0025)  L1 (Dn channel): 0.0016 (0.0021)  IoU (P channel): 0.2618 (0.2208)  lr: 0.000433  iter-time: 0.9161
[11:10:06.197421] Epoch: [8]  [480/491]  eta: 0:00:10  loss: 0.4053 (0.5729)  IoU (F channel): 0.2895 (0.2388)  L1 (Dc channel): 0.0019 (0.0025)  L1 (Dn channel): 0.0017 (0.0021)  IoU (P channel): 0.2722 (0.2216)  lr: 0.000435  iter-time: 0.9164
[11:10:14.855622] Epoch: [8]  [490/491]  eta: 0:00:00  loss: 0.4394 (0.5705)  IoU (F channel): 0.2613 (0.2392)  L1 (Dc channel): 0.0022 (0.0025)  L1 (Dn channel): 0.0018 (0.0021)  IoU (P channel): 0.2722 (0.2221)  lr: 0.000437  iter-time: 0.8911
[11:10:14.855892] Epoch: [8] Total time: 0:07:36 (0.9307 s / it)
[11:10:14.855921] [Train] averaged stats: loss: 0.4394 (0.5705)  IoU (F channel): 0.2613 (0.2392)  L1 (Dc channel): 0.0022 (0.0025)  L1 (Dn channel): 0.0018 (0.0021)  IoU (P channel): 0.2722 (0.2221)  lr: 0.000437
[11:10:22.368757] Epoch: [8]  [ 0/27]  eta: 0:03:22  loss: 0.3638 (0.3638)  IoU (F channel): 0.0000 (0.0000)  L1 (Dc channel): 0.0020 (0.0020)  L1 (Dn channel): 0.0015 (0.0015)  IoU (P channel): 0.0000 (0.0000)  iter-time: 7.5117
[11:10:27.389541] Epoch: [8]  [10/27]  eta: 0:00:19  loss: 0.4564 (0.5070)  IoU (F channel): 0.1148 (0.1321)  L1 (Dc channel): 0.0024 (0.0026)  L1 (Dn channel): 0.0018 (0.0025)  IoU (P channel): 0.1141 (0.1263)  iter-time: 1.1393
[11:10:33.435979] Epoch: [8]  [20/27]  eta: 0:00:06  loss: 0.4380 (0.4807)  IoU (F channel): 0.1463 (0.1524)  L1 (Dc channel): 0.0024 (0.0026)  L1 (Dn channel): 0.0019 (0.0024)  IoU (P channel): 0.1229 (0.1417)  iter-time: 0.5533
[11:10:35.854827] Epoch: [8]  [26/27]  eta: 0:00:00  loss: 0.4343 (0.4803)  IoU (F channel): 0.1463 (0.1439)  L1 (Dc channel): 0.0025 (0.0026)  L1 (Dn channel): 0.0020 (0.0023)  IoU (P channel): 0.1416 (0.1361)  iter-time: 0.5247
[11:10:35.854921] Epoch: [8] Total time: 0:00:20 (0.7777 s / it)
[11:10:35.854942] [Val] averaged stats: loss: 0.4343 (0.4803)  IoU (F channel): 0.1463 (0.1439)  L1 (Dc channel): 0.0025 (0.0026)  L1 (Dn channel): 0.0020 (0.0023)  IoU (P channel): 0.1416 (0.1361)
[11:10:35.855130] Val loss improved from 0.7571394598042523 to 0.48025633449907656, saving model to metrics/biapy/biapy-channel-scale-zarr-seunet/checkpoints/biapy-channel-scale-zarr-seunet_1_w3443-checkpoint-best.pth
[11:10:35.965593] [Val] best loss: 0.4803 best  IoU (F channel): 0.1439 L1 (Dc channel): 0.0026 L1 (Dn channel): 0.0023 IoU (P channel): 0.1361 
[11:10:35.974832] [Time] 8.0m 1.1h/8.1h

[11:10:35.974851] ~~~ Epoch 9/60 ~~~

[11:10:42.796623] Epoch: [9]  [  0/491]  eta: 0:55:48  loss: 0.5704 (0.5704)  IoU (F channel): 0.4277 (0.4277)  L1 (Dc channel): 0.0033 (0.0033)  L1 (Dn channel): 0.0031 (0.0031)  IoU (P channel): 0.3491 (0.3491)  lr: 0.000437  iter-time: 6.8198
[11:10:52.101665] Epoch: [9]  [ 10/491]  eta: 0:11:45  loss: 0.4242 (0.4443)  IoU (F channel): 0.2851 (0.2977)  L1 (Dc channel): 0.0024 (0.0026)  L1 (Dn channel): 0.0019 (0.0020)  IoU (P channel): 0.2543 (0.2682)  lr: 0.000439  iter-time: 1.4658
[11:11:01.372529] Epoch: [9]  [ 20/491]  eta: 0:09:29  loss: 0.4174 (0.4400)  IoU (F channel): 0.2613 (0.2768)  L1 (Dc channel): 0.0024 (0.0026)  L1 (Dn channel): 0.0019 (0.0022)  IoU (P channel): 0.2502 (0.2543)  lr: 0.000440  iter-time: 0.9287
[11:11:10.581785] Epoch: [9]  [ 30/491]  eta: 0:08:34  loss: 0.3953 (0.4260)  IoU (F channel): 0.2410 (0.2669)  L1 (Dc channel): 0.0026 (0.0026)  L1 (Dn channel): 0.0023 (0.0022)  IoU (P channel): 0.2400 (0.2458)  lr: 0.000442  iter-time: 0.9238
[11:11:19.741703] Epoch: [9]  [ 40/491]  eta: 0:08:01  loss: 0.3928 (0.4261)  IoU (F channel): 0.2410 (0.2640)  L1 (Dc channel): 0.0024 (0.0025)  L1 (Dn channel): 0.0022 (0.0023)  IoU (P channel): 0.2400 (0.2469)  lr: 0.000444  iter-time: 0.9183
[11:11:28.920946] Epoch: [9]  [ 50/491]  eta: 0:07:37  loss: 0.4177 (0.4317)  IoU (F channel): 0.2219 (0.2593)  L1 (Dc channel): 0.0024 (0.0025)  L1 (Dn channel): 0.0022 (0.0023)  IoU (P channel): 0.2245 (0.2414)  lr: 0.000445  iter-time: 0.9169
[11:11:38.084243] Epoch: [9]  [ 60/491]  eta: 0:07:18  loss: 0.4318 (0.4323)  IoU (F channel): 0.1945 (0.2485)  L1 (Dc channel): 0.0023 (0.0025)  L1 (Dn channel): 0.0020 (0.0022)  IoU (P channel): 0.1541 (0.2307)  lr: 0.000447  iter-time: 0.9170
[11:11:47.280588] Epoch: [9]  [ 70/491]  eta: 0:07:02  loss: 0.4062 (0.4314)  IoU (F channel): 0.1945 (0.2498)  L1 (Dc channel): 0.0023 (0.0025)  L1 (Dn channel): 0.0017 (0.0022)  IoU (P channel): 0.1541 (0.2291)  lr: 0.000449  iter-time: 0.9179
[11:11:56.524621] Epoch: [9]  [ 80/491]  eta: 0:06:48  loss: 0.3986 (0.4274)  IoU (F channel): 0.2706 (0.2527)  L1 (Dc channel): 0.0020 (0.0024)  L1 (Dn channel): 0.0016 (0.0021)  IoU (P channel): 0.2447 (0.2335)  lr: 0.000450  iter-time: 0.9219
[11:12:05.689090] Epoch: [9]  [ 90/491]  eta: 0:06:35  loss: 0.3909 (0.4209)  IoU (F channel): 0.2190 (0.2503)  L1 (Dc channel): 0.0020 (0.0024)  L1 (Dn channel): 0.0015 (0.0020)  IoU (P channel): 0.2366 (0.2316)  lr: 0.000452  iter-time: 0.9203
[11:12:14.913102] Epoch: [9]  [100/491]  eta: 0:06:22  loss: 0.3522 (0.4170)  IoU (F channel): 0.2159 (0.2484)  L1 (Dc channel): 0.0020 (0.0023)  L1 (Dn channel): 0.0014 (0.0020)  IoU (P channel): 0.2367 (0.2317)  lr: 0.000454  iter-time: 0.9193
[11:12:24.078081] Epoch: [9]  [110/491]  eta: 0:06:11  loss: 0.3584 (0.4139)  IoU (F channel): 0.2573 (0.2501)  L1 (Dc channel): 0.0019 (0.0023)  L1 (Dn channel): 0.0014 (0.0019)  IoU (P channel): 0.2551 (0.2334)  lr: 0.000455  iter-time: 0.9194
[11:12:33.379296] Epoch: [9]  [120/491]  eta: 0:05:59  loss: 0.3672 (0.4107)  IoU (F channel): 0.2607 (0.2504)  L1 (Dc channel): 0.0019 (0.0023)  L1 (Dn channel): 0.0014 (0.0019)  IoU (P channel): 0.2415 (0.2342)  lr: 0.000457  iter-time: 0.9232
[11:12:42.543282] Epoch: [9]  [130/491]  eta: 0:05:48  loss: 0.3470 (0.4057)  IoU (F channel): 0.2370 (0.2519)  L1 (Dc channel): 0.0019 (0.0022)  L1 (Dn channel): 0.0014 (0.0019)  IoU (P channel): 0.2396 (0.2357)  lr: 0.000459  iter-time: 0.9231
[11:12:51.779560] Epoch: [9]  [140/491]  eta: 0:05:38  loss: 0.3424 (0.4020)  IoU (F channel): 0.2903 (0.2560)  L1 (Dc channel): 0.0019 (0.0022)  L1 (Dn channel): 0.0015 (0.0019)  IoU (P channel): 0.2423 (0.2378)  lr: 0.000461  iter-time: 0.9199
[11:13:00.942348] Epoch: [9]  [150/491]  eta: 0:05:27  loss: 0.3566 (0.3991)  IoU (F channel): 0.2907 (0.2554)  L1 (Dc channel): 0.0019 (0.0022)  L1 (Dn channel): 0.0017 (0.0018)  IoU (P channel): 0.2423 (0.2369)  lr: 0.000462  iter-time: 0.9198
[11:13:10.104899] Epoch: [9]  [160/491]  eta: 0:05:16  loss: 0.3517 (0.3969)  IoU (F channel): 0.2431 (0.2589)  L1 (Dc channel): 0.0019 (0.0022)  L1 (Dn channel): 0.0017 (0.0019)  IoU (P channel): 0.2144 (0.2393)  lr: 0.000464  iter-time: 0.9162
[11:13:19.329941] Epoch: [9]  [170/491]  eta: 0:05:06  loss: 0.3354 (0.3953)  IoU (F channel): 0.2435 (0.2583)  L1 (Dc channel): 0.0021 (0.0022)  L1 (Dn channel): 0.0016 (0.0019)  IoU (P channel): 0.2292 (0.2396)  lr: 0.000466  iter-time: 0.9193
[11:13:28.492585] Epoch: [9]  [180/491]  eta: 0:04:56  loss: 0.3457 (0.3926)  IoU (F channel): 0.2435 (0.2601)  L1 (Dc channel): 0.0025 (0.0022)  L1 (Dn channel): 0.0016 (0.0018)  IoU (P channel): 0.2292 (0.2403)  lr: 0.000467  iter-time: 0.9193
[11:13:37.650608] Epoch: [9]  [190/491]  eta: 0:04:46  loss: 0.3367 (0.3923)  IoU (F channel): 0.3068 (0.2611)  L1 (Dc channel): 0.0028 (0.0022)  L1 (Dn channel): 0.0016 (0.0018)  IoU (P channel): 0.2686 (0.2405)  lr: 0.000469  iter-time: 0.9159
[11:13:46.804544] Epoch: [9]  [200/491]  eta: 0:04:36  loss: 0.3729 (0.3925)  IoU (F channel): 0.3024 (0.2623)  L1 (Dc channel): 0.0028 (0.0023)  L1 (Dn channel): 0.0015 (0.0018)  IoU (P channel): 0.2343 (0.2406)  lr: 0.000471  iter-time: 0.9155
[11:13:55.964842] Epoch: [9]  [210/491]  eta: 0:04:26  loss: 0.3516 (0.3898)  IoU (F channel): 0.3336 (0.2668)  L1 (Dc channel): 0.0022 (0.0023)  L1 (Dn channel): 0.0014 (0.0018)  IoU (P channel): 0.2622 (0.2443)  lr: 0.000472  iter-time: 0.9156
[11:14:05.123324] Epoch: [9]  [220/491]  eta: 0:04:16  loss: 0.3283 (0.3882)  IoU (F channel): 0.3137 (0.2660)  L1 (Dc channel): 0.0019 (0.0022)  L1 (Dn channel): 0.0016 (0.0018)  IoU (P channel): 0.2855 (0.2442)  lr: 0.000474  iter-time: 0.9158
[11:14:14.323441] Epoch: [9]  [230/491]  eta: 0:04:06  loss: 0.3449 (0.3867)  IoU (F channel): 0.2800 (0.2665)  L1 (Dc channel): 0.0020 (0.0022)  L1 (Dn channel): 0.0015 (0.0018)  IoU (P channel): 0.2438 (0.2442)  lr: 0.000476  iter-time: 0.9178
[11:14:23.478579] Epoch: [9]  [240/491]  eta: 0:03:56  loss: 0.3258 (0.3845)  IoU (F channel): 0.2831 (0.2676)  L1 (Dc channel): 0.0018 (0.0022)  L1 (Dn channel): 0.0015 (0.0018)  IoU (P channel): 0.2598 (0.2452)  lr: 0.000477  iter-time: 0.9177
[11:14:32.649534] Epoch: [9]  [250/491]  eta: 0:03:47  loss: 0.3258 (0.3835)  IoU (F channel): 0.2831 (0.2671)  L1 (Dc channel): 0.0017 (0.0022)  L1 (Dn channel): 0.0014 (0.0018)  IoU (P channel): 0.2814 (0.2454)  lr: 0.000479  iter-time: 0.9162
[11:14:42.147177] Epoch: [9]  [260/491]  eta: 0:03:37  loss: 0.3162 (0.3806)  IoU (F channel): 0.2742 (0.2677)  L1 (Dc channel): 0.0018 (0.0022)  L1 (Dn channel): 0.0014 (0.0018)  IoU (P channel): 0.2465 (0.2453)  lr: 0.000481  iter-time: 0.9333
[11:14:51.301836] Epoch: [9]  [270/491]  eta: 0:03:28  loss: 0.3374 (0.3822)  IoU (F channel): 0.2437 (0.2656)  L1 (Dc channel): 0.0022 (0.0022)  L1 (Dn channel): 0.0016 (0.0018)  IoU (P channel): 0.2105 (0.2439)  lr: 0.000483  iter-time: 0.9325
[11:15:00.455443] Epoch: [9]  [280/491]  eta: 0:03:18  loss: 0.3547 (0.3823)  IoU (F channel): 0.2437 (0.2669)  L1 (Dc channel): 0.0023 (0.0022)  L1 (Dn channel): 0.0016 (0.0018)  IoU (P channel): 0.2381 (0.2448)  lr: 0.000484  iter-time: 0.9153
[11:15:09.664513] Epoch: [9]  [290/491]  eta: 0:03:09  loss: 0.3547 (0.3829)  IoU (F channel): 0.2635 (0.2651)  L1 (Dc channel): 0.0026 (0.0022)  L1 (Dn channel): 0.0015 (0.0018)  IoU (P channel): 0.2082 (0.2425)  lr: 0.000486  iter-time: 0.9180
[11:15:18.933420] Epoch: [9]  [300/491]  eta: 0:02:59  loss: 0.3424 (0.3815)  IoU (F channel): 0.2198 (0.2646)  L1 (Dc channel): 0.0026 (0.0022)  L1 (Dn channel): 0.0016 (0.0018)  IoU (P channel): 0.1852 (0.2420)  lr: 0.000488  iter-time: 0.9238
[11:15:28.201030] Epoch: [9]  [310/491]  eta: 0:02:50  loss: 0.3545 (0.3808)  IoU (F channel): 0.2598 (0.2648)  L1 (Dc channel): 0.0026 (0.0022)  L1 (Dn channel): 0.0017 (0.0018)  IoU (P channel): 0.2557 (0.2425)  lr: 0.000489  iter-time: 0.9267
[11:15:37.474149] Epoch: [9]  [320/491]  eta: 0:02:40  loss: 0.3547 (0.3805)  IoU (F channel): 0.2598 (0.2643)  L1 (Dc channel): 0.0023 (0.0022)  L1 (Dn channel): 0.0017 (0.0018)  IoU (P channel): 0.2562 (0.2421)  lr: 0.000491  iter-time: 0.9269
[11:15:46.651996] Epoch: [9]  [330/491]  eta: 0:02:31  loss: 0.3199 (0.3798)  IoU (F channel): 0.2640 (0.2656)  L1 (Dc channel): 0.0021 (0.0022)  L1 (Dn channel): 0.0019 (0.0018)  IoU (P channel): 0.2085 (0.2423)  lr: 0.000493  iter-time: 0.9225
[11:15:55.813910] Epoch: [9]  [340/491]  eta: 0:02:21  loss: 0.3220 (0.3796)  IoU (F channel): 0.2537 (0.2651)  L1 (Dc channel): 0.0023 (0.0022)  L1 (Dn channel): 0.0019 (0.0018)  IoU (P channel): 0.2277 (0.2420)  lr: 0.000495  iter-time: 0.9169
[11:16:05.036116] Epoch: [9]  [350/491]  eta: 0:02:12  loss: 0.3259 (0.3782)  IoU (F channel): 0.2083 (0.2641)  L1 (Dc channel): 0.0021 (0.0022)  L1 (Dn channel): 0.0016 (0.0018)  IoU (P channel): 0.2277 (0.2413)  lr: 0.000496  iter-time: 0.9191
[11:16:14.189690] Epoch: [9]  [360/491]  eta: 0:02:02  loss: 0.3278 (0.3770)  IoU (F channel): 0.2238 (0.2637)  L1 (Dc channel): 0.0021 (0.0022)  L1 (Dn channel): 0.0016 (0.0018)  IoU (P channel): 0.2330 (0.2411)  lr: 0.000498  iter-time: 0.9187
[11:16:23.359903] Epoch: [9]  [370/491]  eta: 0:01:53  loss: 0.3125 (0.3754)  IoU (F channel): 0.2719 (0.2634)  L1 (Dc channel): 0.0020 (0.0022)  L1 (Dn channel): 0.0016 (0.0018)  IoU (P channel): 0.2629 (0.2408)  lr: 0.000500  iter-time: 0.9161
[11:16:32.643396] Epoch: [9]  [380/491]  eta: 0:01:43  loss: 0.3125 (0.3739)  IoU (F channel): 0.3060 (0.2641)  L1 (Dc channel): 0.0020 (0.0022)  L1 (Dn channel): 0.0016 (0.0018)  IoU (P channel): 0.2679 (0.2414)  lr: 0.000501  iter-time: 0.9226
[11:16:41.977127] Epoch: [9]  [390/491]  eta: 0:01:34  loss: 0.2856 (0.3720)  IoU (F channel): 0.2657 (0.2638)  L1 (Dc channel): 0.0020 (0.0022)  L1 (Dn channel): 0.0018 (0.0018)  IoU (P channel): 0.2673 (0.2418)  lr: 0.000503  iter-time: 0.9307
[11:16:51.159849] Epoch: [9]  [400/491]  eta: 0:01:25  loss: 0.3023 (0.3706)  IoU (F channel): 0.2758 (0.2647)  L1 (Dc channel): 0.0023 (0.0022)  L1 (Dn channel): 0.0018 (0.0018)  IoU (P channel): 0.2714 (0.2432)  lr: 0.000505  iter-time: 0.9257
[11:17:00.475513] Epoch: [9]  [410/491]  eta: 0:01:15  loss: 0.2883 (0.3689)  IoU (F channel): 0.2849 (0.2650)  L1 (Dc channel): 0.0022 (0.0022)  L1 (Dn channel): 0.0018 (0.0018)  IoU (P channel): 0.2767 (0.2439)  lr: 0.000506  iter-time: 0.9248
[11:17:09.631458] Epoch: [9]  [420/491]  eta: 0:01:06  loss: 0.2822 (0.3678)  IoU (F channel): 0.2849 (0.2653)  L1 (Dc channel): 0.0018 (0.0022)  L1 (Dn channel): 0.0017 (0.0018)  IoU (P channel): 0.2686 (0.2442)  lr: 0.000508  iter-time: 0.9235
[11:17:18.784747] Epoch: [9]  [430/491]  eta: 0:00:57  loss: 0.2840 (0.3665)  IoU (F channel): 0.2931 (0.2661)  L1 (Dc channel): 0.0018 (0.0022)  L1 (Dn channel): 0.0015 (0.0018)  IoU (P channel): 0.2740 (0.2446)  lr: 0.000510  iter-time: 0.9154
[11:17:27.949429] Epoch: [9]  [440/491]  eta: 0:00:47  loss: 0.3107 (0.3654)  IoU (F channel): 0.2520 (0.2658)  L1 (Dc channel): 0.0020 (0.0022)  L1 (Dn channel): 0.0016 (0.0018)  IoU (P channel): 0.2579 (0.2447)  lr: 0.000512  iter-time: 0.9158
[11:17:37.260676] Epoch: [9]  [450/491]  eta: 0:00:38  loss: 0.3100 (0.3642)  IoU (F channel): 0.2640 (0.2662)  L1 (Dc channel): 0.0021 (0.0022)  L1 (Dn channel): 0.0018 (0.0018)  IoU (P channel): 0.2613 (0.2453)  lr: 0.000513  iter-time: 0.9237
[11:17:46.417414] Epoch: [9]  [460/491]  eta: 0:00:28  loss: 0.2907 (0.3628)  IoU (F channel): 0.2745 (0.2662)  L1 (Dc channel): 0.0019 (0.0022)  L1 (Dn channel): 0.0017 (0.0018)  IoU (P channel): 0.2689 (0.2455)  lr: 0.000515  iter-time: 0.9233
[11:17:55.688081] Epoch: [9]  [470/491]  eta: 0:00:19  loss: 0.2914 (0.3614)  IoU (F channel): 0.2719 (0.2665)  L1 (Dc channel): 0.0019 (0.0022)  L1 (Dn channel): 0.0016 (0.0018)  IoU (P channel): 0.2494 (0.2459)  lr: 0.000517  iter-time: 0.9213
[11:18:04.851171] Epoch: [9]  [480/491]  eta: 0:00:10  loss: 0.2928 (0.3599)  IoU (F channel): 0.2777 (0.2672)  L1 (Dc channel): 0.0020 (0.0022)  L1 (Dn channel): 0.0015 (0.0018)  IoU (P channel): 0.2494 (0.2463)  lr: 0.000518  iter-time: 0.9216
[11:18:13.504394] Epoch: [9]  [490/491]  eta: 0:00:00  loss: 0.2584 (0.3579)  IoU (F channel): 0.2728 (0.2666)  L1 (Dc channel): 0.0018 (0.0022)  L1 (Dn channel): 0.0013 (0.0018)  IoU (P channel): 0.2608 (0.2460)  lr: 0.000520  iter-time: 0.8907
[11:18:13.504495] Epoch: [9] Total time: 0:07:37 (0.9318 s / it)
[11:18:13.504526] [Train] averaged stats: loss: 0.2584 (0.3579)  IoU (F channel): 0.2728 (0.2666)  L1 (Dc channel): 0.0018 (0.0022)  L1 (Dn channel): 0.0013 (0.0018)  IoU (P channel): 0.2608 (0.2460)  lr: 0.000520
[11:18:19.294129] Epoch: [9]  [ 0/27]  eta: 0:02:36  loss: 0.1949 (0.1949)  IoU (F channel): 0.0000 (0.0000)  L1 (Dc channel): 0.0014 (0.0014)  L1 (Dn channel): 0.0009 (0.0009)  IoU (P channel): 0.0000 (0.0000)  iter-time: 5.7885
[11:18:25.956315] Epoch: [9]  [10/27]  eta: 0:00:19  loss: 0.3040 (0.3950)  IoU (F channel): 0.2936 (0.2305)  L1 (Dc channel): 0.0014 (0.0016)  L1 (Dn channel): 0.0011 (0.0017)  IoU (P channel): 0.2666 (0.1871)  iter-time: 1.1318
[11:18:30.938737] Epoch: [9]  [20/27]  eta: 0:00:05  loss: 0.3296 (0.3757)  IoU (F channel): 0.3386 (0.2650)  L1 (Dc channel): 0.0015 (0.0016)  L1 (Dn channel): 0.0011 (0.0016)  IoU (P channel): 0.2666 (0.2077)  iter-time: 0.5822
[11:18:35.086454] Epoch: [9]  [26/27]  eta: 0:00:00  loss: 0.3353 (0.3727)  IoU (F channel): 0.3386 (0.2720)  L1 (Dc channel): 0.0016 (0.0016)  L1 (Dn channel): 0.0013 (0.0016)  IoU (P channel): 0.2479 (0.2136)  iter-time: 0.6131
[11:18:35.086571] Epoch: [9] Total time: 0:00:21 (0.7993 s / it)
[11:18:35.086590] [Val] averaged stats: loss: 0.3353 (0.3727)  IoU (F channel): 0.3386 (0.2720)  L1 (Dc channel): 0.0016 (0.0016)  L1 (Dn channel): 0.0013 (0.0016)  IoU (P channel): 0.2479 (0.2136)
[11:18:35.086928] Val loss improved from 0.48025633449907656 to 0.37266385168940935, saving model to metrics/biapy/biapy-channel-scale-zarr-seunet/checkpoints/biapy-channel-scale-zarr-seunet_1_w3443-checkpoint-best.pth
[11:18:35.245934] [Val] best loss: 0.3727 best  IoU (F channel): 0.2720 L1 (Dc channel): 0.0016 L1 (Dn channel): 0.0016 IoU (P channel): 0.2136 
[11:18:35.254451] [Time] 8.0m 1.2h/8.1h

[11:18:35.254481] ~~~ Epoch 10/60 ~~~

[11:18:41.463467] Epoch: [10]  [  0/491]  eta: 0:50:47  loss: 0.2211 (0.2211)  IoU (F channel): 0.4073 (0.4073)  L1 (Dc channel): 0.0015 (0.0015)  L1 (Dn channel): 0.0011 (0.0011)  IoU (P channel): 0.2883 (0.2883)  lr: 0.000520  iter-time: 6.2064
[11:18:51.083296] Epoch: [10]  [ 10/491]  eta: 0:11:31  loss: 0.3101 (0.3080)  IoU (F channel): 0.3352 (0.3240)  L1 (Dc channel): 0.0018 (0.0019)  L1 (Dn channel): 0.0016 (0.0018)  IoU (P channel): 0.2883 (0.2861)  lr: 0.000522  iter-time: 1.4386
[11:19:00.280363] Epoch: [10]  [ 20/491]  eta: 0:09:21  loss: 0.3064 (0.3017)  IoU (F channel): 0.2806 (0.3112)  L1 (Dc channel): 0.0018 (0.0019)  L1 (Dn channel): 0.0019 (0.0019)  IoU (P channel): 0.2816 (0.2827)  lr: 0.000524  iter-time: 0.9407
[11:19:09.516649] Epoch: [10]  [ 30/491]  eta: 0:08:29  loss: 0.2795 (0.2930)  IoU (F channel): 0.2806 (0.3050)  L1 (Dc channel): 0.0019 (0.0019)  L1 (Dn channel): 0.0017 (0.0018)  IoU (P channel): 0.2605 (0.2734)  lr: 0.000525  iter-time: 0.9216
[11:19:18.684282] Epoch: [10]  [ 40/491]  eta: 0:07:57  loss: 0.2562 (0.2853)  IoU (F channel): 0.2461 (0.2954)  L1 (Dc channel): 0.0018 (0.0019)  L1 (Dn channel): 0.0013 (0.0017)  IoU (P channel): 0.2146 (0.2673)  lr: 0.000527  iter-time: 0.9201
[11:19:27.848075] Epoch: [10]  [ 50/491]  eta: 0:07:34  loss: 0.2562 (0.2827)  IoU (F channel): 0.2778 (0.2928)  L1 (Dc channel): 0.0017 (0.0019)  L1 (Dn channel): 0.0016 (0.0018)  IoU (P channel): 0.2671 (0.2649)  lr: 0.000529  iter-time: 0.9164
[11:19:37.004018] Epoch: [10]  [ 60/491]  eta: 0:07:16  loss: 0.2646 (0.2814)  IoU (F channel): 0.2891 (0.2930)  L1 (Dc channel): 0.0016 (0.0018)  L1 (Dn channel): 0.0015 (0.0017)  IoU (P channel): 0.2694 (0.2650)  lr: 0.000530  iter-time: 0.9158
[11:19:46.177279] Epoch: [10]  [ 70/491]  eta: 0:07:00  loss: 0.2878 (0.2864)  IoU (F channel): 0.2726 (0.2926)  L1 (Dc channel): 0.0018 (0.0019)  L1 (Dn channel): 0.0015 (0.0017)  IoU (P channel): 0.2734 (0.2638)  lr: 0.000532  iter-time: 0.9164
[11:19:55.384723] Epoch: [10]  [ 80/491]  eta: 0:06:46  loss: 0.2878 (0.2857)  IoU (F channel): 0.2023 (0.2838)  L1 (Dc channel): 0.0020 (0.0019)  L1 (Dn channel): 0.0019 (0.0018)  IoU (P channel): 0.1979 (0.2565)  lr: 0.000534  iter-time: 0.9189
[11:20:04.546954] Epoch: [10]  [ 90/491]  eta: 0:06:33  loss: 0.2838 (0.2865)  IoU (F channel): 0.2077 (0.2815)  L1 (Dc channel): 0.0023 (0.0020)  L1 (Dn channel): 0.0021 (0.0018)  IoU (P channel): 0.2040 (0.2531)  lr: 0.000536  iter-time: 0.9184
[11:20:13.810764] Epoch: [10]  [100/491]  eta: 0:06:21  loss: 0.2780 (0.2856)  IoU (F channel): 0.2761 (0.2873)  L1 (Dc channel): 0.0020 (0.0020)  L1 (Dn channel): 0.0016 (0.0018)  IoU (P channel): 0.2417 (0.2554)  lr: 0.000537  iter-time: 0.9212
[11:20:22.989511] Epoch: [10]  [110/491]  eta: 0:06:09  loss: 0.2629 (0.2831)  IoU (F channel): 0.2561 (0.2809)  L1 (Dc channel): 0.0017 (0.0019)  L1 (Dn channel): 0.0015 (0.0018)  IoU (P channel): 0.2391 (0.2508)  lr: 0.000539  iter-time: 0.9220
[11:20:32.343663] Epoch: [10]  [120/491]  eta: 0:05:58  loss: 0.2629 (0.2836)  IoU (F channel): 0.2043 (0.2771)  L1 (Dc channel): 0.0018 (0.0019)  L1 (Dn channel): 0.0016 (0.0018)  IoU (P channel): 0.1914 (0.2485)  lr: 0.000541  iter-time: 0.9265
[11:20:41.506635] Epoch: [10]  [130/491]  eta: 0:05:47  loss: 0.2565 (0.2819)  IoU (F channel): 0.2445 (0.2845)  L1 (Dc channel): 0.0020 (0.0020)  L1 (Dn channel): 0.0017 (0.0018)  IoU (P channel): 0.2285 (0.2511)  lr: 0.000542  iter-time: 0.9257
[11:20:50.690876] Epoch: [10]  [140/491]  eta: 0:05:37  loss: 0.2660 (0.2816)  IoU (F channel): 0.3092 (0.2842)  L1 (Dc channel): 0.0019 (0.0020)  L1 (Dn channel): 0.0017 (0.0018)  IoU (P channel): 0.2778 (0.2517)  lr: 0.000544  iter-time: 0.9172
[11:20:59.844860] Epoch: [10]  [150/491]  eta: 0:05:26  loss: 0.2660 (0.2795)  IoU (F channel): 0.2996 (0.2844)  L1 (Dc channel): 0.0018 (0.0019)  L1 (Dn channel): 0.0016 (0.0018)  IoU (P channel): 0.2694 (0.2528)  lr: 0.000546  iter-time: 0.9168
[11:21:09.110328] Epoch: [10]  [160/491]  eta: 0:05:16  loss: 0.2368 (0.2793)  IoU (F channel): 0.2214 (0.2807)  L1 (Dc channel): 0.0017 (0.0019)  L1 (Dn channel): 0.0013 (0.0018)  IoU (P channel): 0.2485 (0.2494)  lr: 0.000548  iter-time: 0.9209
[11:21:18.266772] Epoch: [10]  [170/491]  eta: 0:05:05  loss: 0.2392 (0.2774)  IoU (F channel): 0.2485 (0.2806)  L1 (Dc channel): 0.0018 (0.0019)  L1 (Dn channel): 0.0012 (0.0017)  IoU (P channel): 0.2603 (0.2496)  lr: 0.000549  iter-time: 0.9210
[11:21:27.511545] Epoch: [10]  [180/491]  eta: 0:04:55  loss: 0.2402 (0.2759)  IoU (F channel): 0.2485 (0.2799)  L1 (Dc channel): 0.0018 (0.0019)  L1 (Dn channel): 0.0013 (0.0017)  IoU (P channel): 0.2603 (0.2507)  lr: 0.000551  iter-time: 0.9200
[11:21:36.666209] Epoch: [10]  [190/491]  eta: 0:04:45  loss: 0.2430 (0.2744)  IoU (F channel): 0.2652 (0.2809)  L1 (Dc channel): 0.0018 (0.0019)  L1 (Dn channel): 0.0013 (0.0017)  IoU (P channel): 0.2884 (0.2529)  lr: 0.000553  iter-time: 0.9199
[11:21:45.945475] Epoch: [10]  [200/491]  eta: 0:04:36  loss: 0.2245 (0.2720)  IoU (F channel): 0.2952 (0.2821)  L1 (Dc channel): 0.0017 (0.0019)  L1 (Dn channel): 0.0014 (0.0017)  IoU (P channel): 0.3000 (0.2540)  lr: 0.000554  iter-time: 0.9216
[11:21:55.100853] Epoch: [10]  [210/491]  eta: 0:04:26  loss: 0.2336 (0.2713)  IoU (F channel): 0.2906 (0.2821)  L1 (Dc channel): 0.0017 (0.0019)  L1 (Dn channel): 0.0018 (0.0017)  IoU (P channel): 0.2577 (0.2551)  lr: 0.000556  iter-time: 0.9216
[11:22:04.317750] Epoch: [10]  [220/491]  eta: 0:04:16  loss: 0.2336 (0.2701)  IoU (F channel): 0.2623 (0.2818)  L1 (Dc channel): 0.0017 (0.0019)  L1 (Dn channel): 0.0018 (0.0017)  IoU (P channel): 0.2501 (0.2555)  lr: 0.000558  iter-time: 0.9185
[11:22:13.527773] Epoch: [10]  [230/491]  eta: 0:04:06  loss: 0.2208 (0.2693)  IoU (F channel): 0.2918 (0.2831)  L1 (Dc channel): 0.0018 (0.0019)  L1 (Dn channel): 0.0016 (0.0017)  IoU (P channel): 0.2586 (0.2567)  lr: 0.000559  iter-time: 0.9212
[11:22:22.698370] Epoch: [10]  [240/491]  eta: 0:03:56  loss: 0.2208 (0.2676)  IoU (F channel): 0.2608 (0.2813)  L1 (Dc channel): 0.0020 (0.0019)  L1 (Dn channel): 0.0017 (0.0017)  IoU (P channel): 0.2420 (0.2561)  lr: 0.000561  iter-time: 0.9189
[11:22:31.931345] Epoch: [10]  [250/491]  eta: 0:03:47  loss: 0.2106 (0.2664)  IoU (F channel): 0.2499 (0.2790)  L1 (Dc channel): 0.0019 (0.0019)  L1 (Dn channel): 0.0017 (0.0017)  IoU (P channel): 0.2366 (0.2546)  lr: 0.000563  iter-time: 0.9201
[11:22:41.206285] Epoch: [10]  [260/491]  eta: 0:03:37  loss: 0.2167 (0.2660)  IoU (F channel): 0.2719 (0.2813)  L1 (Dc channel): 0.0018 (0.0019)  L1 (Dn channel): 0.0017 (0.0017)  IoU (P channel): 0.2771 (0.2570)  lr: 0.000565  iter-time: 0.9253
[11:22:50.376950] Epoch: [10]  [270/491]  eta: 0:03:28  loss: 0.2229 (0.2646)  IoU (F channel): 0.2779 (0.2811)  L1 (Dc channel): 0.0016 (0.0019)  L1 (Dn channel): 0.0016 (0.0017)  IoU (P channel): 0.2843 (0.2573)  lr: 0.000566  iter-time: 0.9222
[11:22:59.726258] Epoch: [10]  [280/491]  eta: 0:03:18  loss: 0.2204 (0.2630)  IoU (F channel): 0.2648 (0.2795)  L1 (Dc channel): 0.0018 (0.0019)  L1 (Dn channel): 0.0016 (0.0017)  IoU (P channel): 0.2773 (0.2571)  lr: 0.000568  iter-time: 0.9259
[11:23:09.120885] Epoch: [10]  [290/491]  eta: 0:03:09  loss: 0.2206 (0.2620)  IoU (F channel): 0.2701 (0.2805)  L1 (Dc channel): 0.0018 (0.0019)  L1 (Dn channel): 0.0016 (0.0017)  IoU (P channel): 0.2798 (0.2581)  lr: 0.000570  iter-time: 0.9371
[11:23:18.432276] Epoch: [10]  [300/491]  eta: 0:02:59  loss: 0.2391 (0.2609)  IoU (F channel): 0.2539 (0.2802)  L1 (Dc channel): 0.0017 (0.0019)  L1 (Dn channel): 0.0018 (0.0017)  IoU (P channel): 0.2655 (0.2582)  lr: 0.000571  iter-time: 0.9351
[11:23:27.714725] Epoch: [10]  [310/491]  eta: 0:02:50  loss: 0.2133 (0.2596)  IoU (F channel): 0.2621 (0.2823)  L1 (Dc channel): 0.0018 (0.0019)  L1 (Dn channel): 0.0015 (0.0017)  IoU (P channel): 0.2557 (0.2595)  lr: 0.000573  iter-time: 0.9295
[11:23:36.959613] Epoch: [10]  [320/491]  eta: 0:02:40  loss: 0.2187 (0.2595)  IoU (F channel): 0.2621 (0.2810)  L1 (Dc channel): 0.0019 (0.0019)  L1 (Dn channel): 0.0015 (0.0017)  IoU (P channel): 0.2603 (0.2590)  lr: 0.000575  iter-time: 0.9263
[11:23:46.528638] Epoch: [10]  [330/491]  eta: 0:02:31  loss: 0.2235 (0.2586)  IoU (F channel): 0.2473 (0.2820)  L1 (Dc channel): 0.0020 (0.0019)  L1 (Dn channel): 0.0018 (0.0017)  IoU (P channel): 0.2603 (0.2595)  lr: 0.000576  iter-time: 0.9405
[11:23:55.900679] Epoch: [10]  [340/491]  eta: 0:02:21  loss: 0.2268 (0.2585)  IoU (F channel): 0.2873 (0.2825)  L1 (Dc channel): 0.0020 (0.0019)  L1 (Dn channel): 0.0020 (0.0017)  IoU (P channel): 0.2671 (0.2596)  lr: 0.000578  iter-time: 0.9469
[11:24:05.388243] Epoch: [10]  [350/491]  eta: 0:02:12  loss: 0.2599 (0.2594)  IoU (F channel): 0.3098 (0.2834)  L1 (Dc channel): 0.0023 (0.0019)  L1 (Dn channel): 0.0021 (0.0017)  IoU (P channel): 0.2454 (0.2597)  lr: 0.000580  iter-time: 0.9429
[11:24:14.741965] Epoch: [10]  [360/491]  eta: 0:02:03  loss: 0.2878 (0.2610)  IoU (F channel): 0.3098 (0.2840)  L1 (Dc channel): 0.0026 (0.0020)  L1 (Dn channel): 0.0022 (0.0018)  IoU (P channel): 0.2414 (0.2595)  lr: 0.000582  iter-time: 0.9419
[11:24:23.985820] Epoch: [10]  [370/491]  eta: 0:01:53  loss: 0.2462 (0.2604)  IoU (F channel): 0.2691 (0.2843)  L1 (Dc channel): 0.0026 (0.0020)  L1 (Dn channel): 0.0023 (0.0018)  IoU (P channel): 0.2686 (0.2595)  lr: 0.000583  iter-time: 0.9297
[11:24:33.344293] Epoch: [10]  [380/491]  eta: 0:01:44  loss: 0.2392 (0.2607)  IoU (F channel): 0.2440 (0.2833)  L1 (Dc channel): 0.0023 (0.0020)  L1 (Dn channel): 0.0022 (0.0018)  IoU (P channel): 0.2465 (0.2591)  lr: 0.000585  iter-time: 0.9300
[11:24:42.644179] Epoch: [10]  [390/491]  eta: 0:01:34  loss: 0.2398 (0.2607)  IoU (F channel): 0.2352 (0.2830)  L1 (Dc channel): 0.0023 (0.0020)  L1 (Dn channel): 0.0020 (0.0018)  IoU (P channel): 0.2301 (0.2588)  lr: 0.000587  iter-time: 0.9328
[11:24:51.878672] Epoch: [10]  [400/491]  eta: 0:01:25  loss: 0.2238 (0.2598)  IoU (F channel): 0.2761 (0.2835)  L1 (Dc channel): 0.0019 (0.0020)  L1 (Dn channel): 0.0018 (0.0018)  IoU (P channel): 0.2365 (0.2594)  lr: 0.000588  iter-time: 0.9266
[11:25:01.108684] Epoch: [10]  [410/491]  eta: 0:01:16  loss: 0.2179 (0.2589)  IoU (F channel): 0.2889 (0.2837)  L1 (Dc channel): 0.0019 (0.0020)  L1 (Dn channel): 0.0019 (0.0018)  IoU (P channel): 0.2811 (0.2595)  lr: 0.000590  iter-time: 0.9231
[11:25:10.463606] Epoch: [10]  [420/491]  eta: 0:01:06  loss: 0.2155 (0.2585)  IoU (F channel): 0.2511 (0.2824)  L1 (Dc channel): 0.0019 (0.0020)  L1 (Dn channel): 0.0018 (0.0018)  IoU (P channel): 0.2281 (0.2590)  lr: 0.000592  iter-time: 0.9291
[11:25:19.684649] Epoch: [10]  [430/491]  eta: 0:00:57  loss: 0.2194 (0.2576)  IoU (F channel): 0.2752 (0.2830)  L1 (Dc channel): 0.0018 (0.0020)  L1 (Dn channel): 0.0017 (0.0018)  IoU (P channel): 0.2826 (0.2598)  lr: 0.000593  iter-time: 0.9287
[11:25:28.931424] Epoch: [10]  [440/491]  eta: 0:00:47  loss: 0.2038 (0.2566)  IoU (F channel): 0.3079 (0.2836)  L1 (Dc channel): 0.0016 (0.0020)  L1 (Dn channel): 0.0018 (0.0018)  IoU (P channel): 0.3097 (0.2605)  lr: 0.000595  iter-time: 0.9233
[11:25:38.095328] Epoch: [10]  [450/491]  eta: 0:00:38  loss: 0.2038 (0.2558)  IoU (F channel): 0.2940 (0.2833)  L1 (Dc channel): 0.0018 (0.0020)  L1 (Dn channel): 0.0018 (0.0018)  IoU (P channel): 0.2736 (0.2602)  lr: 0.000597  iter-time: 0.9204
[11:25:47.426582] Epoch: [10]  [460/491]  eta: 0:00:29  loss: 0.2458 (0.2561)  IoU (F channel): 0.2927 (0.2835)  L1 (Dc channel): 0.0021 (0.0020)  L1 (Dn channel): 0.0020 (0.0018)  IoU (P channel): 0.2736 (0.2602)  lr: 0.000598  iter-time: 0.9247
[11:25:56.584015] Epoch: [10]  [470/491]  eta: 0:00:19  loss: 0.2446 (0.2553)  IoU (F channel): 0.2620 (0.2832)  L1 (Dc channel): 0.0021 (0.0020)  L1 (Dn channel): 0.0018 (0.0018)  IoU (P channel): 0.2758 (0.2599)  lr: 0.000600  iter-time: 0.9243
[11:26:05.753305] Epoch: [10]  [480/491]  eta: 0:00:10  loss: 0.2128 (0.2550)  IoU (F channel): 0.2435 (0.2824)  L1 (Dc channel): 0.0019 (0.0020)  L1 (Dn channel): 0.0014 (0.0018)  IoU (P channel): 0.2376 (0.2591)  lr: 0.000602  iter-time: 0.9162
[11:26:14.408432] Epoch: [10]  [490/491]  eta: 0:00:00  loss: 0.2144 (0.2541)  IoU (F channel): 0.2916 (0.2837)  L1 (Dc channel): 0.0017 (0.0020)  L1 (Dn channel): 0.0013 (0.0018)  IoU (P channel): 0.2771 (0.2598)  lr: 0.000603  iter-time: 0.8911
[11:26:14.408544] Epoch: [10] Total time: 0:07:39 (0.9351 s / it)
[11:26:14.408581] [Train] averaged stats: loss: 0.2144 (0.2541)  IoU (F channel): 0.2916 (0.2837)  L1 (Dc channel): 0.0017 (0.0020)  L1 (Dn channel): 0.0013 (0.0018)  IoU (P channel): 0.2771 (0.2598)  lr: 0.000603
[11:26:19.936255] Epoch: [10]  [ 0/27]  eta: 0:02:29  loss: 0.1509 (0.1509)  IoU (F channel): 0.0000 (0.0000)  L1 (Dc channel): 0.0013 (0.0013)  L1 (Dn channel): 0.0011 (0.0011)  IoU (P channel): 0.0000 (0.0000)  iter-time: 5.5264
[11:26:27.326362] Epoch: [10]  [10/27]  eta: 0:00:19  loss: 0.2431 (0.3014)  IoU (F channel): 0.1461 (0.1357)  L1 (Dc channel): 0.0015 (0.0017)  L1 (Dn channel): 0.0013 (0.0020)  IoU (P channel): 0.1383 (0.1308)  iter-time: 1.1742
[11:26:31.617140] Epoch: [10]  [20/27]  eta: 0:00:05  loss: 0.2186 (0.2762)  IoU (F channel): 0.1550 (0.1658)  L1 (Dc channel): 0.0015 (0.0017)  L1 (Dn channel): 0.0013 (0.0018)  IoU (P channel): 0.1447 (0.1501)  iter-time: 0.5840
[11:26:33.713937] Epoch: [10]  [26/27]  eta: 0:00:00  loss: 0.2168 (0.2722)  IoU (F channel): 0.2023 (0.1678)  L1 (Dc channel): 0.0015 (0.0017)  L1 (Dn channel): 0.0014 (0.0018)  IoU (P channel): 0.2021 (0.1551)  iter-time: 0.4540
[11:26:33.714021] Epoch: [10] Total time: 0:00:19 (0.7150 s / it)
[11:26:33.714039] [Val] averaged stats: loss: 0.2168 (0.2722)  IoU (F channel): 0.2023 (0.1678)  L1 (Dc channel): 0.0015 (0.0017)  L1 (Dn channel): 0.0014 (0.0018)  IoU (P channel): 0.2021 (0.1551)
[11:26:33.714241] Val loss improved from 0.37266385168940935 to 0.2721846776979941, saving model to metrics/biapy/biapy-channel-scale-zarr-seunet/checkpoints/biapy-channel-scale-zarr-seunet_1_w3443-checkpoint-best.pth
[11:26:33.852210] [Val] best loss: 0.2722 best  IoU (F channel): 0.1678 L1 (Dc channel): 0.0017 L1 (Dn channel): 0.0018 IoU (P channel): 0.1551 
[11:26:33.859480] Creating training plots . . .
[11:26:40.222357] [Time] 8.1m 1.4h/8.2h

[11:26:40.222410] ~~~ Epoch 11/60 ~~~

[11:26:45.523957] Epoch: [11]  [  0/491]  eta: 0:43:21  loss: 0.2145 (0.2145)  IoU (F channel): 0.1529 (0.1529)  L1 (Dc channel): 0.0018 (0.0018)  L1 (Dn channel): 0.0020 (0.0020)  IoU (P channel): 0.1611 (0.1611)  lr: 0.000604  iter-time: 5.2993
[11:26:55.470420] Epoch: [11]  [ 10/491]  eta: 0:11:06  loss: 0.2232 (0.2237)  IoU (F channel): 0.2586 (0.2682)  L1 (Dc channel): 0.0017 (0.0017)  L1 (Dn channel): 0.0013 (0.0014)  IoU (P channel): 0.2413 (0.2351)  lr: 0.000605  iter-time: 1.3859
[11:27:04.887722] Epoch: [11]  [ 20/491]  eta: 0:09:13  loss: 0.2131 (0.2140)  IoU (F channel): 0.2731 (0.2791)  L1 (Dc channel): 0.0016 (0.0016)  L1 (Dn channel): 0.0012 (0.0013)  IoU (P channel): 0.2532 (0.2515)  lr: 0.000607  iter-time: 0.9680
[11:27:14.128959] Epoch: [11]  [ 30/491]  eta: 0:08:24  loss: 0.1963 (0.2221)  IoU (F channel): 0.2448 (0.2666)  L1 (Dc channel): 0.0016 (0.0016)  L1 (Dn channel): 0.0013 (0.0014)  IoU (P channel): 0.2389 (0.2458)  lr: 0.000609  iter-time: 0.9328
[11:27:23.290640] Epoch: [11]  [ 40/491]  eta: 0:07:53  loss: 0.2151 (0.2205)  IoU (F channel): 0.2448 (0.2765)  L1 (Dc channel): 0.0016 (0.0016)  L1 (Dn channel): 0.0013 (0.0014)  IoU (P channel): 0.2389 (0.2483)  lr: 0.000610  iter-time: 0.9200
[11:27:32.606574] Epoch: [11]  [ 50/491]  eta: 0:07:32  loss: 0.2340 (0.2243)  IoU (F channel): 0.2668 (0.2788)  L1 (Dc channel): 0.0018 (0.0017)  L1 (Dn channel): 0.0016 (0.0015)  IoU (P channel): 0.2439 (0.2510)  lr: 0.000612  iter-time: 0.9238
[11:27:41.763354] Epoch: [11]  [ 60/491]  eta: 0:07:14  loss: 0.2374 (0.2283)  IoU (F channel): 0.2668 (0.2813)  L1 (Dc channel): 0.0023 (0.0018)  L1 (Dn channel): 0.0019 (0.0016)  IoU (P channel): 0.2529 (0.2522)  lr: 0.000614  iter-time: 0.9235
[11:27:50.930894] Epoch: [11]  [ 70/491]  eta: 0:06:59  loss: 0.2115 (0.2289)  IoU (F channel): 0.2383 (0.2803)  L1 (Dc channel): 0.0022 (0.0019)  L1 (Dn channel): 0.0019 (0.0017)  IoU (P channel): 0.2435 (0.2484)  lr: 0.000615  iter-time: 0.9161
[11:28:00.091492] Epoch: [11]  [ 80/491]  eta: 0:06:45  loss: 0.2153 (0.2279)  IoU (F channel): 0.3232 (0.2877)  L1 (Dc channel): 0.0020 (0.0019)  L1 (Dn channel): 0.0021 (0.0017)  IoU (P channel): 0.2435 (0.2566)  lr: 0.000617  iter-time: 0.9163
[11:28:09.256464] Epoch: [11]  [ 90/491]  eta: 0:06:32  loss: 0.2153 (0.2258)  IoU (F channel): 0.3443 (0.2944)  L1 (Dc channel): 0.0019 (0.0019)  L1 (Dn channel): 0.0016 (0.0017)  IoU (P channel): 0.2973 (0.2612)  lr: 0.000619  iter-time: 0.9162
[11:28:18.472925] Epoch: [11]  [100/491]  eta: 0:06:20  loss: 0.1979 (0.2231)  IoU (F channel): 0.2777 (0.2933)  L1 (Dc channel): 0.0018 (0.0019)  L1 (Dn channel): 0.0015 (0.0017)  IoU (P channel): 0.2902 (0.2622)  lr: 0.000620  iter-time: 0.9190
[11:28:27.683612] Epoch: [11]  [110/491]  eta: 0:06:08  loss: 0.2068 (0.2228)  IoU (F channel): 0.2715 (0.2935)  L1 (Dc channel): 0.0017 (0.0019)  L1 (Dn channel): 0.0017 (0.0017)  IoU (P channel): 0.2767 (0.2620)  lr: 0.000622  iter-time: 0.9212
[11:28:36.886397] Epoch: [11]  [120/491]  eta: 0:05:57  loss: 0.1769 (0.2188)  IoU (F channel): 0.3183 (0.2953)  L1 (Dc channel): 0.0017 (0.0019)  L1 (Dn channel): 0.0015 (0.0017)  IoU (P channel): 0.2774 (0.2635)  lr: 0.000624  iter-time: 0.9205
[11:28:46.079506] Epoch: [11]  [130/491]  eta: 0:05:46  loss: 0.1824 (0.2171)  IoU (F channel): 0.2676 (0.2920)  L1 (Dc channel): 0.0018 (0.0019)  L1 (Dn channel): 0.0013 (0.0017)  IoU (P channel): 0.2771 (0.2630)  lr: 0.000625  iter-time: 0.9197
[11:28:55.239388] Epoch: [11]  [140/491]  eta: 0:05:36  loss: 0.1937 (0.2156)  IoU (F channel): 0.3061 (0.2955)  L1 (Dc channel): 0.0018 (0.0018)  L1 (Dn channel): 0.0015 (0.0017)  IoU (P channel): 0.2896 (0.2649)  lr: 0.000627  iter-time: 0.9175
[11:29:04.516123] Epoch: [11]  [150/491]  eta: 0:05:25  loss: 0.1772 (0.2139)  IoU (F channel): 0.3138 (0.2954)  L1 (Dc channel): 0.0018 (0.0019)  L1 (Dn channel): 0.0016 (0.0017)  IoU (P channel): 0.2896 (0.2645)  lr: 0.000629  iter-time: 0.9217
[11:29:13.685215] Epoch: [11]  [160/491]  eta: 0:05:15  loss: 0.1779 (0.2133)  IoU (F channel): 0.2839 (0.2923)  L1 (Dc channel): 0.0020 (0.0019)  L1 (Dn channel): 0.0018 (0.0017)  IoU (P channel): 0.2253 (0.2628)  lr: 0.000630  iter-time: 0.9222
[11:29:22.866818] Epoch: [11]  [170/491]  eta: 0:05:05  loss: 0.1883 (0.2126)  IoU (F channel): 0.2578 (0.2929)  L1 (Dc channel): 0.0019 (0.0019)  L1 (Dn channel): 0.0018 (0.0017)  IoU (P channel): 0.2614 (0.2638)  lr: 0.000632  iter-time: 0.9174
[11:29:32.030198] Epoch: [11]  [180/491]  eta: 0:04:55  loss: 0.1733 (0.2102)  IoU (F channel): 0.2667 (0.2914)  L1 (Dc channel): 0.0016 (0.0019)  L1 (Dn channel): 0.0013 (0.0017)  IoU (P channel): 0.2614 (0.2636)  lr: 0.000634  iter-time: 0.9171
[11:29:41.191583] Epoch: [11]  [190/491]  eta: 0:04:45  loss: 0.1699 (0.2095)  IoU (F channel): 0.2921 (0.2928)  L1 (Dc channel): 0.0016 (0.0019)  L1 (Dn channel): 0.0013 (0.0017)  IoU (P channel): 0.2800 (0.2648)  lr: 0.000635  iter-time: 0.9161
[11:29:50.426672] Epoch: [11]  [200/491]  eta: 0:04:35  loss: 0.1646 (0.2076)  IoU (F channel): 0.3141 (0.2945)  L1 (Dc channel): 0.0017 (0.0018)  L1 (Dn channel): 0.0015 (0.0017)  IoU (P channel): 0.3091 (0.2663)  lr: 0.000637  iter-time: 0.9197
[11:29:59.589480] Epoch: [11]  [210/491]  eta: 0:04:25  loss: 0.1610 (0.2067)  IoU (F channel): 0.3076 (0.2939)  L1 (Dc channel): 0.0016 (0.0018)  L1 (Dn channel): 0.0014 (0.0017)  IoU (P channel): 0.2650 (0.2661)  lr: 0.000639  iter-time: 0.9198
[11:30:08.858068] Epoch: [11]  [220/491]  eta: 0:04:15  loss: 0.1654 (0.2051)  IoU (F channel): 0.2741 (0.2941)  L1 (Dc channel): 0.0016 (0.0018)  L1 (Dn channel): 0.0015 (0.0017)  IoU (P channel): 0.2558 (0.2657)  lr: 0.000640  iter-time: 0.9215
[11:30:18.122232] Epoch: [11]  [230/491]  eta: 0:04:06  loss: 0.1654 (0.2041)  IoU (F channel): 0.2724 (0.2934)  L1 (Dc channel): 0.0015 (0.0018)  L1 (Dn channel): 0.0017 (0.0017)  IoU (P channel): 0.2842 (0.2656)  lr: 0.000642  iter-time: 0.9265
[11:30:27.286267] Epoch: [11]  [240/491]  eta: 0:03:56  loss: 0.1900 (0.2041)  IoU (F channel): 0.2665 (0.2944)  L1 (Dc channel): 0.0016 (0.0018)  L1 (Dn channel): 0.0020 (0.0017)  IoU (P channel): 0.2913 (0.2672)  lr: 0.000644  iter-time: 0.9213
[11:30:36.468033] Epoch: [11]  [250/491]  eta: 0:03:46  loss: 0.1909 (0.2041)  IoU (F channel): 0.2665 (0.2931)  L1 (Dc channel): 0.0019 (0.0018)  L1 (Dn channel): 0.0018 (0.0017)  IoU (P channel): 0.2609 (0.2663)  lr: 0.000645  iter-time: 0.9172
[11:30:45.669935] Epoch: [11]  [260/491]  eta: 0:03:37  loss: 0.1822 (0.2033)  IoU (F channel): 0.2578 (0.2934)  L1 (Dc channel): 0.0015 (0.0018)  L1 (Dn channel): 0.0013 (0.0017)  IoU (P channel): 0.2594 (0.2665)  lr: 0.000647  iter-time: 0.9191
[11:30:54.847753] Epoch: [11]  [270/491]  eta: 0:03:27  loss: 0.1854 (0.2029)  IoU (F channel): 0.3010 (0.2941)  L1 (Dc channel): 0.0014 (0.0018)  L1 (Dn channel): 0.0011 (0.0017)  IoU (P channel): 0.2875 (0.2673)  lr: 0.000649  iter-time: 0.9189
[11:31:04.028030] Epoch: [11]  [280/491]  eta: 0:03:18  loss: 0.2125 (0.2054)  IoU (F channel): 0.2555 (0.2923)  L1 (Dc channel): 0.0015 (0.0018)  L1 (Dn channel): 0.0014 (0.0017)  IoU (P channel): 0.2222 (0.2647)  lr: 0.000650  iter-time: 0.9178
[11:31:13.245684] Epoch: [11]  [290/491]  eta: 0:03:08  loss: 0.2140 (0.2058)  IoU (F channel): 0.2019 (0.2908)  L1 (Dc channel): 0.0019 (0.0018)  L1 (Dn channel): 0.0014 (0.0017)  IoU (P channel): 0.1691 (0.2629)  lr: 0.000652  iter-time: 0.9198
[11:31:22.409847] Epoch: [11]  [300/491]  eta: 0:02:59  loss: 0.2152 (0.2062)  IoU (F channel): 0.2684 (0.2897)  L1 (Dc channel): 0.0021 (0.0018)  L1 (Dn channel): 0.0014 (0.0017)  IoU (P channel): 0.2197 (0.2620)  lr: 0.000653  iter-time: 0.9190
[11:31:31.571137] Epoch: [11]  [310/491]  eta: 0:02:49  loss: 0.2152 (0.2082)  IoU (F channel): 0.2700 (0.2902)  L1 (Dc channel): 0.0021 (0.0019)  L1 (Dn channel): 0.0015 (0.0017)  IoU (P channel): 0.2428 (0.2619)  lr: 0.000655  iter-time: 0.9162
[11:31:40.743332] Epoch: [11]  [320/491]  eta: 0:02:40  loss: 0.2080 (0.2095)  IoU (F channel): 0.2698 (0.2877)  L1 (Dc channel): 0.0033 (0.0019)  L1 (Dn channel): 0.0030 (0.0018)  IoU (P channel): 0.2294 (0.2590)  lr: 0.000657  iter-time: 0.9166
[11:31:49.988114] Epoch: [11]  [330/491]  eta: 0:02:30  loss: 0.2090 (0.2118)  IoU (F channel): 0.1896 (0.2853)  L1 (Dc channel): 0.0035 (0.0020)  L1 (Dn channel): 0.0031 (0.0018)  IoU (P channel): 0.1837 (0.2573)  lr: 0.000658  iter-time: 0.9207
[11:31:59.173604] Epoch: [11]  [340/491]  eta: 0:02:21  loss: 0.2233 (0.2127)  IoU (F channel): 0.2397 (0.2844)  L1 (Dc channel): 0.0031 (0.0020)  L1 (Dn channel): 0.0023 (0.0018)  IoU (P channel): 0.2166 (0.2568)  lr: 0.000660  iter-time: 0.9214
[11:32:08.506876] Epoch: [11]  [350/491]  eta: 0:02:11  loss: 0.2275 (0.2142)  IoU (F channel): 0.2607 (0.2842)  L1 (Dc channel): 0.0029 (0.0020)  L1 (Dn channel): 0.0023 (0.0018)  IoU (P channel): 0.2578 (0.2563)  lr: 0.000662  iter-time: 0.9258
[11:32:17.741347] Epoch: [11]  [360/491]  eta: 0:02:02  loss: 0.2275 (0.2164)  IoU (F channel): 0.2607 (0.2825)  L1 (Dc channel): 0.0028 (0.0021)  L1 (Dn channel): 0.0024 (0.0019)  IoU (P channel): 0.2547 (0.2549)  lr: 0.000663  iter-time: 0.9282
[11:32:27.061896] Epoch: [11]  [370/491]  eta: 0:01:53  loss: 0.2491 (0.2192)  IoU (F channel): 0.1902 (0.2819)  L1 (Dc channel): 0.0033 (0.0021)  L1 (Dn channel): 0.0025 (0.0019)  IoU (P channel): 0.1549 (0.2533)  lr: 0.000665  iter-time: 0.9276
[11:32:36.222329] Epoch: [11]  [380/491]  eta: 0:01:43  loss: 0.3176 (0.2220)  IoU (F channel): 0.1865 (0.2802)  L1 (Dc channel): 0.0036 (0.0022)  L1 (Dn channel): 0.0026 (0.0019)  IoU (P channel): 0.1549 (0.2518)  lr: 0.000667  iter-time: 0.9239
[11:32:45.380340] Epoch: [11]  [390/491]  eta: 0:01:34  loss: 0.3325 (0.2261)  IoU (F channel): 0.1811 (0.2786)  L1 (Dc channel): 0.0034 (0.0022)  L1 (Dn channel): 0.0026 (0.0019)  IoU (P channel): 0.1561 (0.2502)  lr: 0.000668  iter-time: 0.9158
[11:32:54.534564] Epoch: [11]  [400/491]  eta: 0:01:24  loss: 0.2606 (0.2255)  IoU (F channel): 0.2174 (0.2775)  L1 (Dc channel): 0.0030 (0.0022)  L1 (Dn channel): 0.0022 (0.0019)  IoU (P channel): 0.1690 (0.2490)  lr: 0.000670  iter-time: 0.9155
[11:33:03.760769] Epoch: [11]  [410/491]  eta: 0:01:15  loss: 0.1895 (0.2254)  IoU (F channel): 0.2174 (0.2760)  L1 (Dc channel): 0.0026 (0.0022)  L1 (Dn channel): 0.0020 (0.0019)  IoU (P channel): 0.1991 (0.2478)  lr: 0.000671  iter-time: 0.9189
[11:33:12.980455] Epoch: [11]  [420/491]  eta: 0:01:06  loss: 0.1870 (0.2250)  IoU (F channel): 0.2392 (0.2771)  L1 (Dc channel): 0.0026 (0.0022)  L1 (Dn channel): 0.0023 (0.0019)  IoU (P channel): 0.2290 (0.2486)  lr: 0.000673  iter-time: 0.9222
[11:33:22.139656] Epoch: [11]  [430/491]  eta: 0:00:56  loss: 0.1805 (0.2250)  IoU (F channel): 0.2714 (0.2775)  L1 (Dc channel): 0.0026 (0.0022)  L1 (Dn channel): 0.0023 (0.0020)  IoU (P channel): 0.2669 (0.2486)  lr: 0.000675  iter-time: 0.9188
[11:33:31.298065] Epoch: [11]  [440/491]  eta: 0:00:47  loss: 0.1931 (0.2244)  IoU (F channel): 0.2545 (0.2774)  L1 (Dc channel): 0.0022 (0.0022)  L1 (Dn channel): 0.0018 (0.0019)  IoU (P channel): 0.2462 (0.2490)  lr: 0.000676  iter-time: 0.9158
[11:33:40.453884] Epoch: [11]  [450/491]  eta: 0:00:38  loss: 0.1931 (0.2236)  IoU (F channel): 0.2505 (0.2777)  L1 (Dc channel): 0.0021 (0.0022)  L1 (Dn channel): 0.0015 (0.0019)  IoU (P channel): 0.2524 (0.2494)  lr: 0.000678  iter-time: 0.9156
[11:33:49.616489] Epoch: [11]  [460/491]  eta: 0:00:28  loss: 0.1668 (0.2231)  IoU (F channel): 0.2742 (0.2781)  L1 (Dc channel): 0.0021 (0.0022)  L1 (Dn channel): 0.0016 (0.0019)  IoU (P channel): 0.2524 (0.2495)  lr: 0.000679  iter-time: 0.9158
[11:33:58.786483] Epoch: [11]  [470/491]  eta: 0:00:19  loss: 0.1802 (0.2225)  IoU (F channel): 0.3204 (0.2791)  L1 (Dc channel): 0.0020 (0.0022)  L1 (Dn channel): 0.0018 (0.0019)  IoU (P channel): 0.2753 (0.2503)  lr: 0.000681  iter-time: 0.9165
[11:34:07.954366] Epoch: [11]  [480/491]  eta: 0:00:10  loss: 0.1786 (0.2212)  IoU (F channel): 0.3220 (0.2795)  L1 (Dc channel): 0.0019 (0.0022)  L1 (Dn channel): 0.0015 (0.0019)  IoU (P channel): 0.2696 (0.2505)  lr: 0.000683  iter-time: 0.9168
[11:34:16.621113] Epoch: [11]  [490/491]  eta: 0:00:00  loss: 0.1546 (0.2206)  IoU (F channel): 0.3172 (0.2799)  L1 (Dc channel): 0.0017 (0.0022)  L1 (Dn channel): 0.0013 (0.0019)  IoU (P channel): 0.2598 (0.2507)  lr: 0.000684  iter-time: 0.8916
[11:34:16.621216] Epoch: [11] Total time: 0:07:36 (0.9295 s / it)
[11:34:16.621246] [Train] averaged stats: loss: 0.1546 (0.2206)  IoU (F channel): 0.3172 (0.2799)  L1 (Dc channel): 0.0017 (0.0022)  L1 (Dn channel): 0.0013 (0.0019)  IoU (P channel): 0.2598 (0.2507)  lr: 0.000684
[11:34:24.096168] Epoch: [11]  [ 0/27]  eta: 0:03:21  loss: 0.0986 (0.0986)  IoU (F channel): 0.0000 (0.0000)  L1 (Dc channel): 0.0014 (0.0014)  L1 (Dn channel): 0.0007 (0.0007)  IoU (P channel): 0.0000 (0.0000)  iter-time: 7.4738
[11:34:28.910475] Epoch: [11]  [10/27]  eta: 0:00:18  loss: 0.1958 (0.2634)  IoU (F channel): 0.2325 (0.1725)  L1 (Dc channel): 0.0015 (0.0017)  L1 (Dn channel): 0.0009 (0.0016)  IoU (P channel): 0.2029 (0.1613)  iter-time: 1.1171
[11:34:32.480108] Epoch: [11]  [20/27]  eta: 0:00:05  loss: 0.1893 (0.2433)  IoU (F channel): 0.2325 (0.1929)  L1 (Dc channel): 0.0016 (0.0017)  L1 (Dn channel): 0.0009 (0.0015)  IoU (P channel): 0.2029 (0.1735)  iter-time: 0.4192
[11:34:37.520180] Epoch: [11]  [26/27]  eta: 0:00:00  loss: 0.1893 (0.2427)  IoU (F channel): 0.1961 (0.1843)  L1 (Dc channel): 0.0017 (0.0017)  L1 (Dn channel): 0.0011 (0.0014)  IoU (P channel): 0.1845 (0.1671)  iter-time: 0.5798
[11:34:37.520289] Epoch: [11] Total time: 0:00:20 (0.7740 s / it)
[11:34:37.520316] [Val] averaged stats: loss: 0.1893 (0.2427)  IoU (F channel): 0.1961 (0.1843)  L1 (Dc channel): 0.0017 (0.0017)  L1 (Dn channel): 0.0011 (0.0014)  IoU (P channel): 0.1845 (0.1671)
[11:34:37.520518] Val loss improved from 0.2721846776979941 to 0.2426687981243487, saving model to metrics/biapy/biapy-channel-scale-zarr-seunet/checkpoints/biapy-channel-scale-zarr-seunet_1_w3443-checkpoint-best.pth
[11:34:37.674912] [Val] best loss: 0.2427 best  IoU (F channel): 0.1843 L1 (Dc channel): 0.0017 L1 (Dn channel): 0.0014 IoU (P channel): 0.1671 
[11:34:37.683587] [Time] 8.0m 1.5h/8.1h

[11:34:37.683621] ~~~ Epoch 12/60 ~~~

[11:34:45.340355] Epoch: [12]  [  0/491]  eta: 1:02:38  loss: 0.1462 (0.1462)  IoU (F channel): 0.1858 (0.1858)  L1 (Dc channel): 0.0017 (0.0017)  L1 (Dn channel): 0.0011 (0.0011)  IoU (P channel): 0.1727 (0.1727)  lr: 0.000684  iter-time: 7.6549
[11:34:54.687206] Epoch: [12]  [ 10/491]  eta: 0:12:23  loss: 0.1630 (0.1780)  IoU (F channel): 0.1945 (0.2314)  L1 (Dc channel): 0.0017 (0.0017)  L1 (Dn channel): 0.0012 (0.0014)  IoU (P channel): 0.2174 (0.2140)  lr: 0.000686  iter-time: 1.5455
[11:35:03.865802] Epoch: [12]  [ 20/491]  eta: 0:09:47  loss: 0.1677 (0.1803)  IoU (F channel): 0.2930 (0.2654)  L1 (Dc channel): 0.0017 (0.0018)  L1 (Dn channel): 0.0014 (0.0014)  IoU (P channel): 0.2539 (0.2420)  lr: 0.000688  iter-time: 0.9262
[11:35:13.029046] Epoch: [12]  [ 30/491]  eta: 0:08:45  loss: 0.1507 (0.1713)  IoU (F channel): 0.3105 (0.2849)  L1 (Dc channel): 0.0016 (0.0017)  L1 (Dn channel): 0.0012 (0.0014)  IoU (P channel): 0.2724 (0.2554)  lr: 0.000689  iter-time: 0.9170
[11:35:22.294500] Epoch: [12]  [ 40/491]  eta: 0:08:10  loss: 0.1484 (0.1733)  IoU (F channel): 0.3105 (0.2918)  L1 (Dc channel): 0.0015 (0.0017)  L1 (Dn channel): 0.0012 (0.0013)  IoU (P channel): 0.2724 (0.2545)  lr: 0.000691  iter-time: 0.9213
[11:35:31.457600] Epoch: [12]  [ 50/491]  eta: 0:07:44  loss: 0.1714 (0.1812)  IoU (F channel): 0.2532 (0.2900)  L1 (Dc channel): 0.0016 (0.0017)  L1 (Dn channel): 0.0014 (0.0014)  IoU (P channel): 0.2571 (0.2561)  lr: 0.000692  iter-time: 0.9213
[11:35:40.619255] Epoch: [12]  [ 60/491]  eta: 0:07:24  loss: 0.1770 (0.1774)  IoU (F channel): 0.2537 (0.2913)  L1 (Dc channel): 0.0016 (0.0017)  L1 (Dn channel): 0.0015 (0.0014)  IoU (P channel): 0.2360 (0.2570)  lr: 0.000694  iter-time: 0.9161
[11:35:49.779452] Epoch: [12]  [ 70/491]  eta: 0:07:07  loss: 0.1548 (0.1788)  IoU (F channel): 0.2781 (0.2853)  L1 (Dc channel): 0.0017 (0.0017)  L1 (Dn channel): 0.0014 (0.0014)  IoU (P channel): 0.2408 (0.2509)  lr: 0.000696  iter-time: 0.9160
[11:35:58.996765] Epoch: [12]  [ 80/491]  eta: 0:06:52  loss: 0.1505 (0.1781)  IoU (F channel): 0.2781 (0.2857)  L1 (Dc channel): 0.0017 (0.0017)  L1 (Dn channel): 0.0013 (0.0014)  IoU (P channel): 0.2527 (0.2522)  lr: 0.000697  iter-time: 0.9188
[11:36:08.170163] Epoch: [12]  [ 90/491]  eta: 0:06:38  loss: 0.1808 (0.1818)  IoU (F channel): 0.2836 (0.2855)  L1 (Dc channel): 0.0017 (0.0017)  L1 (Dn channel): 0.0017 (0.0015)  IoU (P channel): 0.2594 (0.2535)  lr: 0.000699  iter-time: 0.9194
[11:36:17.332320] Epoch: [12]  [100/491]  eta: 0:06:25  loss: 0.1965 (0.1845)  IoU (F channel): 0.2470 (0.2836)  L1 (Dc channel): 0.0018 (0.0018)  L1 (Dn channel): 0.0019 (0.0015)  IoU (P channel): 0.2410 (0.2540)  lr: 0.000700  iter-time: 0.9166
[11:36:26.511980] Epoch: [12]  [110/491]  eta: 0:06:13  loss: 0.1866 (0.1850)  IoU (F channel): 0.2540 (0.2857)  L1 (Dc channel): 0.0019 (0.0018)  L1 (Dn channel): 0.0020 (0.0016)  IoU (P channel): 0.2654 (0.2572)  lr: 0.000702  iter-time: 0.9170
[11:36:35.779537] Epoch: [12]  [120/491]  eta: 0:06:02  loss: 0.1610 (0.1849)  IoU (F channel): 0.3133 (0.2871)  L1 (Dc channel): 0.0018 (0.0018)  L1 (Dn channel): 0.0019 (0.0016)  IoU (P channel): 0.2664 (0.2590)  lr: 0.000704  iter-time: 0.9223
[11:36:44.934517] Epoch: [12]  [130/491]  eta: 0:05:50  loss: 0.1610 (0.1849)  IoU (F channel): 0.2428 (0.2826)  L1 (Dc channel): 0.0018 (0.0018)  L1 (Dn channel): 0.0018 (0.0016)  IoU (P channel): 0.2415 (0.2560)  lr: 0.000705  iter-time: 0.9210
[11:36:54.175420] Epoch: [12]  [140/491]  eta: 0:05:39  loss: 0.1738 (0.1853)  IoU (F channel): 0.2117 (0.2825)  L1 (Dc channel): 0.0019 (0.0018)  L1 (Dn channel): 0.0017 (0.0016)  IoU (P channel): 0.2181 (0.2551)  lr: 0.000707  iter-time: 0.9197
[11:37:03.336484] Epoch: [12]  [150/491]  eta: 0:05:28  loss: 0.1783 (0.1870)  IoU (F channel): 0.2967 (0.2835)  L1 (Dc channel): 0.0019 (0.0018)  L1 (Dn channel): 0.0017 (0.0017)  IoU (P channel): 0.2559 (0.2559)  lr: 0.000708  iter-time: 0.9200
[11:37:12.503870] Epoch: [12]  [160/491]  eta: 0:05:18  loss: 0.1672 (0.1855)  IoU (F channel): 0.3005 (0.2845)  L1 (Dc channel): 0.0019 (0.0018)  L1 (Dn channel): 0.0016 (0.0017)  IoU (P channel): 0.2902 (0.2574)  lr: 0.000710  iter-time: 0.9163
[11:37:21.660327] Epoch: [12]  [170/491]  eta: 0:05:07  loss: 0.1634 (0.1868)  IoU (F channel): 0.2616 (0.2833)  L1 (Dc channel): 0.0019 (0.0018)  L1 (Dn channel): 0.0015 (0.0017)  IoU (P channel): 0.2506 (0.2560)  lr: 0.000711  iter-time: 0.9161
[11:37:30.863077] Epoch: [12]  [180/491]  eta: 0:04:57  loss: 0.2178 (0.1910)  IoU (F channel): 0.2746 (0.2847)  L1 (Dc channel): 0.0019 (0.0018)  L1 (Dn channel): 0.0018 (0.0017)  IoU (P channel): 0.2423 (0.2564)  lr: 0.000713  iter-time: 0.9178
[11:37:40.093627] Epoch: [12]  [190/491]  eta: 0:04:47  loss: 0.2092 (0.1901)  IoU (F channel): 0.3539 (0.2901)  L1 (Dc channel): 0.0018 (0.0018)  L1 (Dn channel): 0.0016 (0.0017)  IoU (P channel): 0.2941 (0.2585)  lr: 0.000714  iter-time: 0.9215
[11:37:49.336977] Epoch: [12]  [200/491]  eta: 0:04:37  loss: 0.1515 (0.1896)  IoU (F channel): 0.2752 (0.2850)  L1 (Dc channel): 0.0018 (0.0018)  L1 (Dn channel): 0.0015 (0.0017)  IoU (P channel): 0.2355 (0.2548)  lr: 0.000716  iter-time: 0.9236
[11:37:58.593790] Epoch: [12]  [210/491]  eta: 0:04:27  loss: 0.1615 (0.1887)  IoU (F channel): 0.2603 (0.2876)  L1 (Dc channel): 0.0018 (0.0018)  L1 (Dn channel): 0.0013 (0.0017)  IoU (P channel): 0.2039 (0.2550)  lr: 0.000718  iter-time: 0.9249
[11:38:07.827080] Epoch: [12]  [220/491]  eta: 0:04:17  loss: 0.1699 (0.1881)  IoU (F channel): 0.3274 (0.2894)  L1 (Dc channel): 0.0016 (0.0018)  L1 (Dn channel): 0.0013 (0.0017)  IoU (P channel): 0.2767 (0.2558)  lr: 0.000719  iter-time: 0.9244
[11:38:17.143410] Epoch: [12]  [230/491]  eta: 0:04:07  loss: 0.1389 (0.1854)  IoU (F channel): 0.3054 (0.2887)  L1 (Dc channel): 0.0015 (0.0018)  L1 (Dn channel): 0.0012 (0.0016)  IoU (P channel): 0.2766 (0.2559)  lr: 0.000721  iter-time: 0.9274
[11:38:26.297649] Epoch: [12]  [240/491]  eta: 0:03:58  loss: 0.1257 (0.1833)  IoU (F channel): 0.3082 (0.2910)  L1 (Dc channel): 0.0013 (0.0018)  L1 (Dn channel): 0.0011 (0.0016)  IoU (P channel): 0.2679 (0.2577)  lr: 0.000722  iter-time: 0.9234
[11:38:35.497042] Epoch: [12]  [250/491]  eta: 0:03:48  loss: 0.1324 (0.1817)  IoU (F channel): 0.3189 (0.2897)  L1 (Dc channel): 0.0015 (0.0018)  L1 (Dn channel): 0.0013 (0.0016)  IoU (P channel): 0.2649 (0.2573)  lr: 0.000724  iter-time: 0.9176
[11:38:44.654389] Epoch: [12]  [260/491]  eta: 0:03:38  loss: 0.1290 (0.1804)  IoU (F channel): 0.2987 (0.2920)  L1 (Dc channel): 0.0015 (0.0018)  L1 (Dn channel): 0.0016 (0.0016)  IoU (P channel): 0.2983 (0.2600)  lr: 0.000725  iter-time: 0.9177
[11:38:53.892193] Epoch: [12]  [270/491]  eta: 0:03:28  loss: 0.1363 (0.1795)  IoU (F channel): 0.3021 (0.2929)  L1 (Dc channel): 0.0017 (0.0018)  L1 (Dn channel): 0.0019 (0.0016)  IoU (P channel): 0.3110 (0.2614)  lr: 0.000727  iter-time: 0.9197
[11:39:03.046389] Epoch: [12]  [280/491]  eta: 0:03:19  loss: 0.1416 (0.1788)  IoU (F channel): 0.3022 (0.2944)  L1 (Dc channel): 0.0018 (0.0018)  L1 (Dn channel): 0.0019 (0.0016)  IoU (P channel): 0.3057 (0.2633)  lr: 0.000728  iter-time: 0.9195
[11:39:12.201106] Epoch: [12]  [290/491]  eta: 0:03:09  loss: 0.1581 (0.1782)  IoU (F channel): 0.2996 (0.2947)  L1 (Dc channel): 0.0018 (0.0018)  L1 (Dn channel): 0.0019 (0.0017)  IoU (P channel): 0.3018 (0.2640)  lr: 0.000730  iter-time: 0.9153
[11:39:21.354422] Epoch: [12]  [300/491]  eta: 0:02:59  loss: 0.1595 (0.1778)  IoU (F channel): 0.2633 (0.2937)  L1 (Dc channel): 0.0018 (0.0018)  L1 (Dn channel): 0.0018 (0.0017)  IoU (P channel): 0.2909 (0.2644)  lr: 0.000731  iter-time: 0.9153
[11:39:30.510236] Epoch: [12]  [310/491]  eta: 0:02:50  loss: 0.1520 (0.1778)  IoU (F channel): 0.2571 (0.2938)  L1 (Dc channel): 0.0019 (0.0018)  L1 (Dn channel): 0.0019 (0.0017)  IoU (P channel): 0.2893 (0.2648)  lr: 0.000733  iter-time: 0.9154
[11:39:39.664931] Epoch: [12]  [320/491]  eta: 0:02:40  loss: 0.1296 (0.1769)  IoU (F channel): 0.2728 (0.2937)  L1 (Dc channel): 0.0018 (0.0018)  L1 (Dn channel): 0.0017 (0.0017)  IoU (P channel): 0.2523 (0.2643)  lr: 0.000735  iter-time: 0.9154
[11:39:48.837006] Epoch: [12]  [330/491]  eta: 0:02:31  loss: 0.1473 (0.1770)  IoU (F channel): 0.2794 (0.2948)  L1 (Dc channel): 0.0018 (0.0018)  L1 (Dn channel): 0.0017 (0.0017)  IoU (P channel): 0.2535 (0.2656)  lr: 0.000736  iter-time: 0.9162
[11:39:58.041006] Epoch: [12]  [340/491]  eta: 0:02:21  loss: 0.1473 (0.1761)  IoU (F channel): 0.2449 (0.2931)  L1 (Dc channel): 0.0016 (0.0018)  L1 (Dn channel): 0.0018 (0.0017)  IoU (P channel): 0.2426 (0.2644)  lr: 0.000738  iter-time: 0.9187
[11:40:07.331111] Epoch: [12]  [350/491]  eta: 0:02:12  loss: 0.1421 (0.1760)  IoU (F channel): 0.2250 (0.2927)  L1 (Dc channel): 0.0018 (0.0018)  L1 (Dn channel): 0.0016 (0.0017)  IoU (P channel): 0.1947 (0.2641)  lr: 0.000739  iter-time: 0.9246
[11:40:16.485584] Epoch: [12]  [360/491]  eta: 0:02:02  loss: 0.1721 (0.1781)  IoU (F channel): 0.3190 (0.2920)  L1 (Dc channel): 0.0020 (0.0018)  L1 (Dn channel): 0.0019 (0.0017)  IoU (P channel): 0.2842 (0.2633)  lr: 0.000741  iter-time: 0.9221
[11:40:25.646514] Epoch: [12]  [370/491]  eta: 0:01:53  loss: 0.1728 (0.1780)  IoU (F channel): 0.3121 (0.2926)  L1 (Dc channel): 0.0022 (0.0019)  L1 (Dn channel): 0.0021 (0.0017)  IoU (P channel): 0.2393 (0.2625)  lr: 0.000742  iter-time: 0.9157
[11:40:34.804148] Epoch: [12]  [380/491]  eta: 0:01:44  loss: 0.1807 (0.1799)  IoU (F channel): 0.2477 (0.2907)  L1 (Dc channel): 0.0023 (0.0019)  L1 (Dn channel): 0.0022 (0.0017)  IoU (P channel): 0.1811 (0.2600)  lr: 0.000744  iter-time: 0.9158
[11:40:43.958798] Epoch: [12]  [390/491]  eta: 0:01:34  loss: 0.2753 (0.1850)  IoU (F channel): 0.1888 (0.2888)  L1 (Dc channel): 0.0024 (0.0019)  L1 (Dn channel): 0.0022 (0.0017)  IoU (P channel): 0.1649 (0.2576)  lr: 0.000745  iter-time: 0.9155
[11:40:53.197344] Epoch: [12]  [400/491]  eta: 0:01:25  loss: 0.2554 (0.1866)  IoU (F channel): 0.1944 (0.2875)  L1 (Dc channel): 0.0031 (0.0019)  L1 (Dn channel): 0.0026 (0.0018)  IoU (P channel): 0.1649 (0.2561)  lr: 0.000747  iter-time: 0.9195
[11:41:02.474269] Epoch: [12]  [410/491]  eta: 0:01:15  loss: 0.2165 (0.1867)  IoU (F channel): 0.2388 (0.2872)  L1 (Dc channel): 0.0027 (0.0019)  L1 (Dn channel): 0.0023 (0.0018)  IoU (P channel): 0.1990 (0.2555)  lr: 0.000748  iter-time: 0.9257
[11:41:11.700408] Epoch: [12]  [420/491]  eta: 0:01:06  loss: 0.1638 (0.1868)  IoU (F channel): 0.2566 (0.2875)  L1 (Dc channel): 0.0023 (0.0020)  L1 (Dn channel): 0.0021 (0.0018)  IoU (P channel): 0.2464 (0.2558)  lr: 0.000750  iter-time: 0.9251
[11:41:20.927876] Epoch: [12]  [430/491]  eta: 0:00:57  loss: 0.1638 (0.1863)  IoU (F channel): 0.2884 (0.2878)  L1 (Dc channel): 0.0020 (0.0020)  L1 (Dn channel): 0.0019 (0.0018)  IoU (P channel): 0.2597 (0.2562)  lr: 0.000751  iter-time: 0.9226
[11:41:30.265024] Epoch: [12]  [440/491]  eta: 0:00:47  loss: 0.1742 (0.1867)  IoU (F channel): 0.2647 (0.2870)  L1 (Dc channel): 0.0020 (0.0020)  L1 (Dn channel): 0.0018 (0.0018)  IoU (P channel): 0.2581 (0.2552)  lr: 0.000753  iter-time: 0.9281
[11:41:39.554950] Epoch: [12]  [450/491]  eta: 0:00:38  loss: 0.1795 (0.1867)  IoU (F channel): 0.2496 (0.2866)  L1 (Dc channel): 0.0020 (0.0020)  L1 (Dn channel): 0.0021 (0.0018)  IoU (P channel): 0.2427 (0.2550)  lr: 0.000754  iter-time: 0.9312
[11:41:48.951855] Epoch: [12]  [460/491]  eta: 0:00:28  loss: 0.1943 (0.1869)  IoU (F channel): 0.2991 (0.2872)  L1 (Dc channel): 0.0019 (0.0020)  L1 (Dn channel): 0.0019 (0.0018)  IoU (P channel): 0.2730 (0.2556)  lr: 0.000756  iter-time: 0.9342
[11:41:58.334294] Epoch: [12]  [470/491]  eta: 0:00:19  loss: 0.1665 (0.1862)  IoU (F channel): 0.3137 (0.2872)  L1 (Dc channel): 0.0018 (0.0020)  L1 (Dn channel): 0.0017 (0.0018)  IoU (P channel): 0.2514 (0.2552)  lr: 0.000757  iter-time: 0.9388
[11:42:07.610193] Epoch: [12]  [480/491]  eta: 0:00:10  loss: 0.1464 (0.1858)  IoU (F channel): 0.3452 (0.2882)  L1 (Dc channel): 0.0019 (0.0020)  L1 (Dn channel): 0.0019 (0.0018)  IoU (P channel): 0.2954 (0.2562)  lr: 0.000759  iter-time: 0.9327
[11:42:16.276851] Epoch: [12]  [490/491]  eta: 0:00:00  loss: 0.1511 (0.1853)  IoU (F channel): 0.2604 (0.2877)  L1 (Dc channel): 0.0020 (0.0020)  L1 (Dn channel): 0.0019 (0.0018)  IoU (P channel): 0.2726 (0.2560)  lr: 0.000760  iter-time: 0.8970
[11:42:16.276961] Epoch: [12] Total time: 0:07:38 (0.9340 s / it)
[11:42:16.276994] [Train] averaged stats: loss: 0.1511 (0.1853)  IoU (F channel): 0.2604 (0.2877)  L1 (Dc channel): 0.0020 (0.0020)  L1 (Dn channel): 0.0019 (0.0018)  IoU (P channel): 0.2726 (0.2560)  lr: 0.000760
[11:42:24.626069] Epoch: [12]  [ 0/27]  eta: 0:03:45  loss: 0.0873 (0.0873)  IoU (F channel): 0.0000 (0.0000)  L1 (Dc channel): 0.0020 (0.0020)  L1 (Dn channel): 0.0016 (0.0016)  IoU (P channel): 0.0000 (0.0000)  iter-time: 8.3474
[11:42:29.594168] Epoch: [12]  [10/27]  eta: 0:00:20  loss: 0.1804 (0.2577)  IoU (F channel): 0.2763 (0.2015)  L1 (Dc channel): 0.0020 (0.0022)  L1 (Dn channel): 0.0016 (0.0023)  IoU (P channel): 0.1999 (0.1713)  iter-time: 1.2105
[11:42:34.703667] Epoch: [12]  [20/27]  eta: 0:00:06  loss: 0.1765 (0.2336)  IoU (F channel): 0.2941 (0.2313)  L1 (Dc channel): 0.0021 (0.0023)  L1 (Dn channel): 0.0017 (0.0022)  IoU (P channel): 0.2176 (0.1917)  iter-time: 0.5038
[11:42:37.745644] Epoch: [12]  [26/27]  eta: 0:00:00  loss: 0.1765 (0.2359)  IoU (F channel): 0.3019 (0.2272)  L1 (Dc channel): 0.0022 (0.0022)  L1 (Dn channel): 0.0019 (0.0022)  IoU (P channel): 0.2176 (0.1896)  iter-time: 0.5636
[11:42:37.745769] Epoch: [12] Total time: 0:00:21 (0.7951 s / it)
[11:42:37.745788] [Val] averaged stats: loss: 0.1765 (0.2359)  IoU (F channel): 0.3019 (0.2272)  L1 (Dc channel): 0.0022 (0.0022)  L1 (Dn channel): 0.0019 (0.0022)  IoU (P channel): 0.2176 (0.1896)
[11:42:37.746002] Val loss improved from 0.2426687981243487 to 0.23591606263761167, saving model to metrics/biapy/biapy-channel-scale-zarr-seunet/checkpoints/biapy-channel-scale-zarr-seunet_1_w3443-checkpoint-best.pth
[11:42:37.887875] [Val] best loss: 0.2359 best  IoU (F channel): 0.2272 L1 (Dc channel): 0.0022 L1 (Dn channel): 0.0022 IoU (P channel): 0.1896 
[11:42:37.894600] [Time] 8.0m 1.6h/8.2h

[11:42:37.894622] ~~~ Epoch 13/60 ~~~

[11:42:44.946042] Epoch: [13]  [  0/491]  eta: 0:57:41  loss: 0.1263 (0.1263)  IoU (F channel): 0.4163 (0.4163)  L1 (Dc channel): 0.0023 (0.0023)  L1 (Dn channel): 0.0018 (0.0018)  IoU (P channel): 0.2910 (0.2910)  lr: 0.000760  iter-time: 7.0499
[11:42:54.400607] Epoch: [13]  [ 10/491]  eta: 0:12:01  loss: 0.1686 (0.1734)  IoU (F channel): 0.2587 (0.2817)  L1 (Dc channel): 0.0019 (0.0019)  L1 (Dn channel): 0.0018 (0.0018)  IoU (P channel): 0.2668 (0.2664)  lr: 0.000762  iter-time: 1.5003
[11:43:03.864021] Epoch: [13]  [ 20/491]  eta: 0:09:42  loss: 0.1636 (0.1703)  IoU (F channel): 0.2675 (0.3003)  L1 (Dc channel): 0.0019 (0.0020)  L1 (Dn channel): 0.0019 (0.0019)  IoU (P channel): 0.2723 (0.2779)  lr: 0.000763  iter-time: 0.9458
[11:43:13.067223] Epoch: [13]  [ 30/491]  eta: 0:08:42  loss: 0.1385 (0.1577)  IoU (F channel): 0.3253 (0.3044)  L1 (Dc channel): 0.0018 (0.0019)  L1 (Dn channel): 0.0017 (0.0018)  IoU (P channel): 0.2801 (0.2779)  lr: 0.000765  iter-time: 0.9332
[11:43:22.227250] Epoch: [13]  [ 40/491]  eta: 0:08:07  loss: 0.1228 (0.1530)  IoU (F channel): 0.2786 (0.2939)  L1 (Dc channel): 0.0018 (0.0018)  L1 (Dn channel): 0.0017 (0.0018)  IoU (P channel): 0.2517 (0.2722)  lr: 0.000766  iter-time: 0.9181
[11:43:31.387009] Epoch: [13]  [ 50/491]  eta: 0:07:42  loss: 0.1228 (0.1507)  IoU (F channel): 0.2646 (0.2944)  L1 (Dc channel): 0.0016 (0.0018)  L1 (Dn channel): 0.0018 (0.0018)  IoU (P channel): 0.2415 (0.2667)  lr: 0.000768  iter-time: 0.9159
[11:43:40.762364] Epoch: [13]  [ 60/491]  eta: 0:07:24  loss: 0.1297 (0.1513)  IoU (F channel): 0.2942 (0.2969)  L1 (Dc channel): 0.0016 (0.0018)  L1 (Dn channel): 0.0018 (0.0018)  IoU (P channel): 0.2436 (0.2667)  lr: 0.000769  iter-time: 0.9266
[11:43:50.018011] Epoch: [13]  [ 70/491]  eta: 0:07:07  loss: 0.1587 (0.1577)  IoU (F channel): 0.2565 (0.2935)  L1 (Dc channel): 0.0017 (0.0018)  L1 (Dn channel): 0.0017 (0.0019)  IoU (P channel): 0.2308 (0.2634)  lr: 0.000771  iter-time: 0.9314
[11:43:59.223345] Epoch: [13]  [ 80/491]  eta: 0:06:52  loss: 0.1651 (0.1598)  IoU (F channel): 0.1883 (0.2836)  L1 (Dc channel): 0.0019 (0.0018)  L1 (Dn channel): 0.0017 (0.0018)  IoU (P channel): 0.1845 (0.2549)  lr: 0.000772  iter-time: 0.9229
[11:44:08.425185] Epoch: [13]  [ 90/491]  eta: 0:06:38  loss: 0.1696 (0.1631)  IoU (F channel): 0.2155 (0.2877)  L1 (Dc channel): 0.0019 (0.0019)  L1 (Dn channel): 0.0018 (0.0019)  IoU (P channel): 0.2348 (0.2575)  lr: 0.000773  iter-time: 0.9203
[11:44:17.584257] Epoch: [13]  [100/491]  eta: 0:06:25  loss: 0.1489 (0.1628)  IoU (F channel): 0.3034 (0.2892)  L1 (Dc channel): 0.0017 (0.0018)  L1 (Dn channel): 0.0019 (0.0019)  IoU (P channel): 0.2474 (0.2599)  lr: 0.000775  iter-time: 0.9180
[11:44:26.743688] Epoch: [13]  [110/491]  eta: 0:06:13  loss: 0.1491 (0.1621)  IoU (F channel): 0.3034 (0.2897)  L1 (Dc channel): 0.0018 (0.0018)  L1 (Dn channel): 0.0017 (0.0019)  IoU (P channel): 0.2732 (0.2613)  lr: 0.000776  iter-time: 0.9158
[11:44:35.900467] Epoch: [13]  [120/491]  eta: 0:06:01  loss: 0.1502 (0.1616)  IoU (F channel): 0.3038 (0.2918)  L1 (Dc channel): 0.0018 (0.0018)  L1 (Dn channel): 0.0016 (0.0019)  IoU (P channel): 0.2818 (0.2619)  lr: 0.000778  iter-time: 0.9157
[11:44:45.053494] Epoch: [13]  [130/491]  eta: 0:05:50  loss: 0.1296 (0.1598)  IoU (F channel): 0.3128 (0.2947)  L1 (Dc channel): 0.0017 (0.0018)  L1 (Dn channel): 0.0016 (0.0019)  IoU (P channel): 0.2824 (0.2649)  lr: 0.000779  iter-time: 0.9154
[11:44:54.206746] Epoch: [13]  [140/491]  eta: 0:05:39  loss: 0.1259 (0.1590)  IoU (F channel): 0.2881 (0.2936)  L1 (Dc channel): 0.0018 (0.0018)  L1 (Dn channel): 0.0016 (0.0019)  IoU (P channel): 0.2748 (0.2641)  lr: 0.000781  iter-time: 0.9152
[11:45:03.363215] Epoch: [13]  [150/491]  eta: 0:05:28  loss: 0.1543 (0.1586)  IoU (F channel): 0.2960 (0.2966)  L1 (Dc channel): 0.0017 (0.0018)  L1 (Dn channel): 0.0017 (0.0019)  IoU (P channel): 0.2778 (0.2658)  lr: 0.000782  iter-time: 0.9154
[11:45:12.523558] Epoch: [13]  [160/491]  eta: 0:05:17  loss: 0.1430 (0.1579)  IoU (F channel): 0.3179 (0.2977)  L1 (Dc channel): 0.0017 (0.0018)  L1 (Dn channel): 0.0018 (0.0019)  IoU (P channel): 0.3066 (0.2673)  lr: 0.000783  iter-time: 0.9157
[11:45:21.687549] Epoch: [13]  [170/491]  eta: 0:05:07  loss: 0.1116 (0.1545)  IoU (F channel): 0.3166 (0.2992)  L1 (Dc channel): 0.0017 (0.0018)  L1 (Dn channel): 0.0017 (0.0018)  IoU (P channel): 0.2836 (0.2681)  lr: 0.000785  iter-time: 0.9161
[11:45:30.867177] Epoch: [13]  [180/491]  eta: 0:04:57  loss: 0.1098 (0.1557)  IoU (F channel): 0.2779 (0.2983)  L1 (Dc channel): 0.0016 (0.0018)  L1 (Dn channel): 0.0016 (0.0018)  IoU (P channel): 0.2640 (0.2672)  lr: 0.000786  iter-time: 0.9171
[11:45:40.137588] Epoch: [13]  [190/491]  eta: 0:04:47  loss: 0.1389 (0.1550)  IoU (F channel): 0.2523 (0.2987)  L1 (Dc channel): 0.0018 (0.0018)  L1 (Dn channel): 0.0018 (0.0018)  IoU (P channel): 0.2524 (0.2675)  lr: 0.000788  iter-time: 0.9224
[11:45:49.295654] Epoch: [13]  [200/491]  eta: 0:04:37  loss: 0.1495 (0.1557)  IoU (F channel): 0.3005 (0.3000)  L1 (Dc channel): 0.0018 (0.0018)  L1 (Dn channel): 0.0019 (0.0018)  IoU (P channel): 0.2855 (0.2691)  lr: 0.000789  iter-time: 0.9213
[11:45:58.455478] Epoch: [13]  [210/491]  eta: 0:04:27  loss: 0.1401 (0.1540)  IoU (F channel): 0.2786 (0.2974)  L1 (Dc channel): 0.0016 (0.0018)  L1 (Dn channel): 0.0016 (0.0018)  IoU (P channel): 0.2651 (0.2667)  lr: 0.000791  iter-time: 0.9158
[11:46:07.610664] Epoch: [13]  [220/491]  eta: 0:04:17  loss: 0.1401 (0.1545)  IoU (F channel): 0.2764 (0.2970)  L1 (Dc channel): 0.0016 (0.0018)  L1 (Dn channel): 0.0015 (0.0018)  IoU (P channel): 0.2242 (0.2658)  lr: 0.000792  iter-time: 0.9156
[11:46:16.769112] Epoch: [13]  [230/491]  eta: 0:04:07  loss: 0.1454 (0.1547)  IoU (F channel): 0.2841 (0.2984)  L1 (Dc channel): 0.0017 (0.0018)  L1 (Dn channel): 0.0017 (0.0018)  IoU (P channel): 0.2345 (0.2663)  lr: 0.000793  iter-time: 0.9156
[11:46:25.958111] Epoch: [13]  [240/491]  eta: 0:03:57  loss: 0.1663 (0.1562)  IoU (F channel): 0.2820 (0.2985)  L1 (Dc channel): 0.0018 (0.0018)  L1 (Dn channel): 0.0015 (0.0018)  IoU (P channel): 0.2486 (0.2659)  lr: 0.000795  iter-time: 0.9172
[11:46:35.246918] Epoch: [13]  [250/491]  eta: 0:03:47  loss: 0.1705 (0.1569)  IoU (F channel): 0.2820 (0.2979)  L1 (Dc channel): 0.0017 (0.0018)  L1 (Dn channel): 0.0015 (0.0018)  IoU (P channel): 0.2546 (0.2650)  lr: 0.000796  iter-time: 0.9238
[11:46:44.480291] Epoch: [13]  [260/491]  eta: 0:03:38  loss: 0.1508 (0.1582)  IoU (F channel): 0.2458 (0.2960)  L1 (Dc channel): 0.0018 (0.0018)  L1 (Dn channel): 0.0013 (0.0018)  IoU (P channel): 0.2175 (0.2625)  lr: 0.000798  iter-time: 0.9260
[11:46:53.639999] Epoch: [13]  [270/491]  eta: 0:03:28  loss: 0.1508 (0.1586)  IoU (F channel): 0.2836 (0.2978)  L1 (Dc channel): 0.0016 (0.0018)  L1 (Dn channel): 0.0015 (0.0018)  IoU (P channel): 0.2565 (0.2636)  lr: 0.000799  iter-time: 0.9196
[11:47:02.797185] Epoch: [13]  [280/491]  eta: 0:03:18  loss: 0.1472 (0.1582)  IoU (F channel): 0.2832 (0.2976)  L1 (Dc channel): 0.0017 (0.0018)  L1 (Dn channel): 0.0016 (0.0018)  IoU (P channel): 0.2699 (0.2638)  lr: 0.000800  iter-time: 0.9157
[11:47:11.955049] Epoch: [13]  [290/491]  eta: 0:03:09  loss: 0.1399 (0.1578)  IoU (F channel): 0.2661 (0.2968)  L1 (Dc channel): 0.0017 (0.0018)  L1 (Dn channel): 0.0016 (0.0018)  IoU (P channel): 0.2563 (0.2637)  lr: 0.000802  iter-time: 0.9157
[11:47:21.119193] Epoch: [13]  [300/491]  eta: 0:02:59  loss: 0.1327 (0.1573)  IoU (F channel): 0.2655 (0.2958)  L1 (Dc channel): 0.0016 (0.0018)  L1 (Dn channel): 0.0016 (0.0018)  IoU (P channel): 0.2554 (0.2637)  lr: 0.000803  iter-time: 0.9160
[11:47:30.320618] Epoch: [13]  [310/491]  eta: 0:02:50  loss: 0.1199 (0.1568)  IoU (F channel): 0.2472 (0.2967)  L1 (Dc channel): 0.0017 (0.0018)  L1 (Dn channel): 0.0015 (0.0018)  IoU (P channel): 0.2446 (0.2638)  lr: 0.000804  iter-time: 0.9181
[11:47:39.526361] Epoch: [13]  [320/491]  eta: 0:02:40  loss: 0.1385 (0.1570)  IoU (F channel): 0.2816 (0.2969)  L1 (Dc channel): 0.0019 (0.0018)  L1 (Dn channel): 0.0018 (0.0018)  IoU (P channel): 0.2547 (0.2643)  lr: 0.000806  iter-time: 0.9202
[11:47:48.695614] Epoch: [13]  [330/491]  eta: 0:02:31  loss: 0.1302 (0.1561)  IoU (F channel): 0.2816 (0.2979)  L1 (Dc channel): 0.0020 (0.0018)  L1 (Dn channel): 0.0018 (0.0018)  IoU (P channel): 0.2725 (0.2654)  lr: 0.000807  iter-time: 0.9186
[11:47:57.971881] Epoch: [13]  [340/491]  eta: 0:02:21  loss: 0.1193 (0.1550)  IoU (F channel): 0.2930 (0.2987)  L1 (Dc channel): 0.0017 (0.0018)  L1 (Dn channel): 0.0017 (0.0018)  IoU (P channel): 0.3155 (0.2663)  lr: 0.000809  iter-time: 0.9222
[11:48:07.172945] Epoch: [13]  [350/491]  eta: 0:02:12  loss: 0.1213 (0.1547)  IoU (F channel): 0.2910 (0.2984)  L1 (Dc channel): 0.0016 (0.0018)  L1 (Dn channel): 0.0017 (0.0018)  IoU (P channel): 0.2676 (0.2661)  lr: 0.000810  iter-time: 0.9238
[11:48:16.340205] Epoch: [13]  [360/491]  eta: 0:02:02  loss: 0.1300 (0.1545)  IoU (F channel): 0.2910 (0.2988)  L1 (Dc channel): 0.0018 (0.0018)  L1 (Dn channel): 0.0017 (0.0018)  IoU (P channel): 0.2676 (0.2667)  lr: 0.000811  iter-time: 0.9183
[11:48:25.504663] Epoch: [13]  [370/491]  eta: 0:01:53  loss: 0.1300 (0.1538)  IoU (F channel): 0.2929 (0.2991)  L1 (Dc channel): 0.0018 (0.0018)  L1 (Dn channel): 0.0016 (0.0018)  IoU (P channel): 0.2745 (0.2670)  lr: 0.000813  iter-time: 0.9165
[11:48:34.775020] Epoch: [13]  [380/491]  eta: 0:01:43  loss: 0.1159 (0.1537)  IoU (F channel): 0.2918 (0.2988)  L1 (Dc channel): 0.0017 (0.0018)  L1 (Dn channel): 0.0020 (0.0018)  IoU (P channel): 0.2732 (0.2669)  lr: 0.000814  iter-time: 0.9216
[11:48:43.933472] Epoch: [13]  [390/491]  eta: 0:01:34  loss: 0.1128 (0.1531)  IoU (F channel): 0.3065 (0.3000)  L1 (Dc channel): 0.0017 (0.0018)  L1 (Dn channel): 0.0016 (0.0018)  IoU (P channel): 0.2786 (0.2680)  lr: 0.000815  iter-time: 0.9213
[11:48:53.183315] Epoch: [13]  [400/491]  eta: 0:01:25  loss: 0.1115 (0.1529)  IoU (F channel): 0.2752 (0.2987)  L1 (Dc channel): 0.0017 (0.0018)  L1 (Dn channel): 0.0016 (0.0018)  IoU (P channel): 0.2883 (0.2673)  lr: 0.000817  iter-time: 0.9203
[11:49:02.403639] Epoch: [13]  [410/491]  eta: 0:01:15  loss: 0.1115 (0.1526)  IoU (F channel): 0.2749 (0.2986)  L1 (Dc channel): 0.0017 (0.0018)  L1 (Dn channel): 0.0017 (0.0018)  IoU (P channel): 0.2486 (0.2672)  lr: 0.000818  iter-time: 0.9234
[11:49:11.562744] Epoch: [13]  [420/491]  eta: 0:01:06  loss: 0.1088 (0.1519)  IoU (F channel): 0.3017 (0.2989)  L1 (Dc channel): 0.0017 (0.0018)  L1 (Dn channel): 0.0017 (0.0018)  IoU (P channel): 0.2478 (0.2669)  lr: 0.000819  iter-time: 0.9189
[11:49:20.762957] Epoch: [13]  [430/491]  eta: 0:00:57  loss: 0.1183 (0.1517)  IoU (F channel): 0.3312 (0.3001)  L1 (Dc channel): 0.0017 (0.0018)  L1 (Dn channel): 0.0017 (0.0018)  IoU (P channel): 0.2495 (0.2678)  lr: 0.000821  iter-time: 0.9179
[11:49:29.921716] Epoch: [13]  [440/491]  eta: 0:00:47  loss: 0.1470 (0.1517)  IoU (F channel): 0.3197 (0.3002)  L1 (Dc channel): 0.0016 (0.0018)  L1 (Dn channel): 0.0017 (0.0018)  IoU (P channel): 0.2928 (0.2681)  lr: 0.000822  iter-time: 0.9179
[11:49:39.270023] Epoch: [13]  [450/491]  eta: 0:00:38  loss: 0.1390 (0.1512)  IoU (F channel): 0.3058 (0.3000)  L1 (Dc channel): 0.0017 (0.0018)  L1 (Dn channel): 0.0017 (0.0018)  IoU (P channel): 0.2753 (0.2679)  lr: 0.000823  iter-time: 0.9252
[11:49:48.542373] Epoch: [13]  [460/491]  eta: 0:00:28  loss: 0.1283 (0.1512)  IoU (F channel): 0.3251 (0.3011)  L1 (Dc channel): 0.0016 (0.0018)  L1 (Dn channel): 0.0017 (0.0018)  IoU (P channel): 0.2861 (0.2689)  lr: 0.000825  iter-time: 0.9309
[11:49:57.856811] Epoch: [13]  [470/491]  eta: 0:00:19  loss: 0.1306 (0.1510)  IoU (F channel): 0.2822 (0.3009)  L1 (Dc channel): 0.0016 (0.0018)  L1 (Dn channel): 0.0016 (0.0018)  IoU (P channel): 0.2938 (0.2687)  lr: 0.000826  iter-time: 0.9292
[11:50:07.015660] Epoch: [13]  [480/491]  eta: 0:00:10  loss: 0.1490 (0.1507)  IoU (F channel): 0.2822 (0.3006)  L1 (Dc channel): 0.0018 (0.0018)  L1 (Dn channel): 0.0015 (0.0018)  IoU (P channel): 0.2783 (0.2684)  lr: 0.000827  iter-time: 0.9236
[11:50:15.675415] Epoch: [13]  [490/491]  eta: 0:00:00  loss: 0.1502 (0.1506)  IoU (F channel): 0.3022 (0.3009)  L1 (Dc channel): 0.0017 (0.0018)  L1 (Dn channel): 0.0017 (0.0018)  IoU (P channel): 0.2882 (0.2690)  lr: 0.000829  iter-time: 0.8908
[11:50:15.675649] Epoch: [13] Total time: 0:07:37 (0.9323 s / it)
[11:50:15.675717] [Train] averaged stats: loss: 0.1502 (0.1506)  IoU (F channel): 0.3022 (0.3009)  L1 (Dc channel): 0.0017 (0.0018)  L1 (Dn channel): 0.0017 (0.0018)  IoU (P channel): 0.2882 (0.2690)  lr: 0.000829
[11:50:22.317527] Epoch: [13]  [ 0/27]  eta: 0:02:59  loss: 0.0563 (0.0563)  IoU (F channel): 0.0000 (0.0000)  L1 (Dc channel): 0.0016 (0.0016)  L1 (Dn channel): 0.0011 (0.0011)  IoU (P channel): 0.0000 (0.0000)  iter-time: 6.6407
[11:50:28.605068] Epoch: [13]  [10/27]  eta: 0:00:19  loss: 0.1517 (0.2607)  IoU (F channel): 0.3252 (0.2348)  L1 (Dc channel): 0.0017 (0.0018)  L1 (Dn channel): 0.0012 (0.0018)  IoU (P channel): 0.2384 (0.1968)  iter-time: 1.1753
[11:50:34.368505] Epoch: [13]  [20/27]  eta: 0:00:06  loss: 0.1451 (0.2241)  IoU (F channel): 0.3252 (0.2607)  L1 (Dc channel): 0.0017 (0.0018)  L1 (Dn channel): 0.0012 (0.0017)  IoU (P channel): 0.2734 (0.2117)  iter-time: 0.6025
[11:50:36.460001] Epoch: [13]  [26/27]  eta: 0:00:00  loss: 0.1451 (0.2164)  IoU (F channel): 0.2951 (0.2579)  L1 (Dc channel): 0.0017 (0.0018)  L1 (Dn channel): 0.0014 (0.0017)  IoU (P channel): 0.2710 (0.2139)  iter-time: 0.5640
[11:50:36.460093] Epoch: [13] Total time: 0:00:20 (0.7698 s / it)
[11:50:36.460111] [Val] averaged stats: loss: 0.1451 (0.2164)  IoU (F channel): 0.2951 (0.2579)  L1 (Dc channel): 0.0017 (0.0018)  L1 (Dn channel): 0.0014 (0.0017)  IoU (P channel): 0.2710 (0.2139)
[11:50:36.460319] Val loss improved from 0.23591606263761167 to 0.21640297439363268, saving model to metrics/biapy/biapy-channel-scale-zarr-seunet/checkpoints/biapy-channel-scale-zarr-seunet_1_w3443-checkpoint-best.pth
[11:50:36.578886] [Val] best loss: 0.2164 best  IoU (F channel): 0.2579 L1 (Dc channel): 0.0018 L1 (Dn channel): 0.0017 IoU (P channel): 0.2139 
[11:50:36.586462] [Time] 8.0m 1.8h/8.1h

[11:50:36.586487] ~~~ Epoch 14/60 ~~~

[11:50:41.610570] Epoch: [14]  [  0/491]  eta: 0:41:06  loss: 0.1154 (0.1154)  IoU (F channel): 0.3822 (0.3822)  L1 (Dc channel): 0.0019 (0.0019)  L1 (Dn channel): 0.0017 (0.0017)  IoU (P channel): 0.3454 (0.3454)  lr: 0.000829  iter-time: 5.0229
[11:50:51.459095] Epoch: [14]  [ 10/491]  eta: 0:10:50  loss: 0.1154 (0.1179)  IoU (F channel): 0.3791 (0.3894)  L1 (Dc channel): 0.0015 (0.0016)  L1 (Dn channel): 0.0016 (0.0016)  IoU (P channel): 0.3111 (0.3227)  lr: 0.000830  iter-time: 1.3518
[11:51:00.613709] Epoch: [14]  [ 20/491]  eta: 0:08:58  loss: 0.1154 (0.1290)  IoU (F channel): 0.3180 (0.3477)  L1 (Dc channel): 0.0016 (0.0017)  L1 (Dn channel): 0.0017 (0.0017)  IoU (P channel): 0.2966 (0.3012)  lr: 0.000831  iter-time: 0.9501
[11:51:09.768689] Epoch: [14]  [ 30/491]  eta: 0:08:13  loss: 0.1154 (0.1296)  IoU (F channel): 0.3165 (0.3505)  L1 (Dc channel): 0.0018 (0.0017)  L1 (Dn channel): 0.0018 (0.0017)  IoU (P channel): 0.3251 (0.3088)  lr: 0.000833  iter-time: 0.9154
[11:51:18.926834] Epoch: [14]  [ 40/491]  eta: 0:07:45  loss: 0.1134 (0.1280)  IoU (F channel): 0.3253 (0.3312)  L1 (Dc channel): 0.0017 (0.0017)  L1 (Dn channel): 0.0016 (0.0018)  IoU (P channel): 0.2981 (0.2963)  lr: 0.000834  iter-time: 0.9156
[11:51:28.107860] Epoch: [14]  [ 50/491]  eta: 0:07:25  loss: 0.0999 (0.1245)  IoU (F channel): 0.3253 (0.3444)  L1 (Dc channel): 0.0017 (0.0017)  L1 (Dn channel): 0.0015 (0.0018)  IoU (P channel): 0.2878 (0.3029)  lr: 0.000835  iter-time: 0.9168
[11:51:37.286445] Epoch: [14]  [ 60/491]  eta: 0:07:08  loss: 0.1204 (0.1288)  IoU (F channel): 0.3663 (0.3403)  L1 (Dc channel): 0.0017 (0.0017)  L1 (Dn channel): 0.0017 (0.0018)  IoU (P channel): 0.3123 (0.3019)  lr: 0.000837  iter-time: 0.9178
[11:51:46.587863] Epoch: [14]  [ 70/491]  eta: 0:06:55  loss: 0.1304 (0.1334)  IoU (F channel): 0.2990 (0.3351)  L1 (Dc channel): 0.0017 (0.0017)  L1 (Dn channel): 0.0017 (0.0018)  IoU (P channel): 0.3049 (0.3002)  lr: 0.000838  iter-time: 0.9239
[11:51:55.781311] Epoch: [14]  [ 80/491]  eta: 0:06:41  loss: 0.1267 (0.1307)  IoU (F channel): 0.3133 (0.3396)  L1 (Dc channel): 0.0017 (0.0017)  L1 (Dn channel): 0.0014 (0.0018)  IoU (P channel): 0.2825 (0.2999)  lr: 0.000839  iter-time: 0.9246
[11:52:04.939549] Epoch: [14]  [ 90/491]  eta: 0:06:29  loss: 0.1275 (0.1327)  IoU (F channel): 0.2795 (0.3325)  L1 (Dc channel): 0.0017 (0.0017)  L1 (Dn channel): 0.0018 (0.0018)  IoU (P channel): 0.2778 (0.2976)  lr: 0.000840  iter-time: 0.9175
[11:52:14.175379] Epoch: [14]  [100/491]  eta: 0:06:17  loss: 0.1269 (0.1302)  IoU (F channel): 0.3031 (0.3382)  L1 (Dc channel): 0.0016 (0.0017)  L1 (Dn channel): 0.0018 (0.0018)  IoU (P channel): 0.3109 (0.2994)  lr: 0.000842  iter-time: 0.9196
[11:52:23.332052] Epoch: [14]  [110/491]  eta: 0:06:06  loss: 0.0980 (0.1286)  IoU (F channel): 0.3476 (0.3407)  L1 (Dc channel): 0.0015 (0.0016)  L1 (Dn channel): 0.0014 (0.0017)  IoU (P channel): 0.3153 (0.2991)  lr: 0.000843  iter-time: 0.9195
[11:52:32.493987] Epoch: [14]  [120/491]  eta: 0:05:55  loss: 0.1092 (0.1287)  IoU (F channel): 0.3249 (0.3346)  L1 (Dc channel): 0.0015 (0.0016)  L1 (Dn channel): 0.0015 (0.0017)  IoU (P channel): 0.2949 (0.2957)  lr: 0.000844  iter-time: 0.9158
[11:52:42.043206] Epoch: [14]  [130/491]  eta: 0:05:45  loss: 0.1184 (0.1284)  IoU (F channel): 0.2950 (0.3331)  L1 (Dc channel): 0.0015 (0.0016)  L1 (Dn channel): 0.0017 (0.0017)  IoU (P channel): 0.2917 (0.2950)  lr: 0.000845  iter-time: 0.9354
[11:52:51.269277] Epoch: [14]  [140/491]  eta: 0:05:35  loss: 0.1193 (0.1307)  IoU (F channel): 0.2761 (0.3307)  L1 (Dc channel): 0.0017 (0.0016)  L1 (Dn channel): 0.0016 (0.0017)  IoU (P channel): 0.2802 (0.2922)  lr: 0.000847  iter-time: 0.9386
[11:53:00.501064] Epoch: [14]  [150/491]  eta: 0:05:24  loss: 0.1449 (0.1317)  IoU (F channel): 0.2684 (0.3267)  L1 (Dc channel): 0.0018 (0.0017)  L1 (Dn channel): 0.0017 (0.0017)  IoU (P channel): 0.2290 (0.2880)  lr: 0.000848  iter-time: 0.9228
[11:53:09.668461] Epoch: [14]  [160/491]  eta: 0:05:14  loss: 0.1254 (0.1329)  IoU (F channel): 0.2838 (0.3279)  L1 (Dc channel): 0.0018 (0.0017)  L1 (Dn channel): 0.0015 (0.0017)  IoU (P channel): 0.2535 (0.2887)  lr: 0.000849  iter-time: 0.9199
[11:53:18.899668] Epoch: [14]  [170/491]  eta: 0:05:04  loss: 0.1040 (0.1315)  IoU (F channel): 0.3088 (0.3275)  L1 (Dc channel): 0.0016 (0.0017)  L1 (Dn channel): 0.0010 (0.0017)  IoU (P channel): 0.2678 (0.2874)  lr: 0.000850  iter-time: 0.9198
[11:53:28.451930] Epoch: [14]  [180/491]  eta: 0:04:55  loss: 0.1101 (0.1317)  IoU (F channel): 0.3061 (0.3258)  L1 (Dc channel): 0.0015 (0.0017)  L1 (Dn channel): 0.0010 (0.0016)  IoU (P channel): 0.2660 (0.2872)  lr: 0.000852  iter-time: 0.9390
[11:53:37.733864] Epoch: [14]  [190/491]  eta: 0:04:45  loss: 0.1161 (0.1304)  IoU (F channel): 0.3323 (0.3283)  L1 (Dc channel): 0.0015 (0.0017)  L1 (Dn channel): 0.0012 (0.0016)  IoU (P channel): 0.2986 (0.2879)  lr: 0.000853  iter-time: 0.9415
[11:53:47.054550] Epoch: [14]  [200/491]  eta: 0:04:35  loss: 0.1250 (0.1311)  IoU (F channel): 0.3291 (0.3265)  L1 (Dc channel): 0.0015 (0.0016)  L1 (Dn channel): 0.0015 (0.0016)  IoU (P channel): 0.2986 (0.2870)  lr: 0.000854  iter-time: 0.9300
[11:53:56.247378] Epoch: [14]  [210/491]  eta: 0:04:25  loss: 0.1451 (0.1318)  IoU (F channel): 0.2883 (0.3255)  L1 (Dc channel): 0.0015 (0.0016)  L1 (Dn channel): 0.0016 (0.0016)  IoU (P channel): 0.2422 (0.2855)  lr: 0.000855  iter-time: 0.9255
[11:54:05.573547] Epoch: [14]  [220/491]  eta: 0:04:16  loss: 0.1061 (0.1306)  IoU (F channel): 0.2650 (0.3238)  L1 (Dc channel): 0.0013 (0.0016)  L1 (Dn channel): 0.0014 (0.0016)  IoU (P channel): 0.2319 (0.2839)  lr: 0.000857  iter-time: 0.9258
[11:54:14.863885] Epoch: [14]  [230/491]  eta: 0:04:06  loss: 0.1104 (0.1305)  IoU (F channel): 0.3003 (0.3233)  L1 (Dc channel): 0.0012 (0.0016)  L1 (Dn channel): 0.0015 (0.0016)  IoU (P channel): 0.2624 (0.2840)  lr: 0.000858  iter-time: 0.9307
[11:54:24.124177] Epoch: [14]  [240/491]  eta: 0:03:56  loss: 0.1376 (0.1311)  IoU (F channel): 0.3158 (0.3239)  L1 (Dc channel): 0.0014 (0.0016)  L1 (Dn channel): 0.0018 (0.0016)  IoU (P channel): 0.2916 (0.2854)  lr: 0.000859  iter-time: 0.9274
[11:54:33.365476] Epoch: [14]  [250/491]  eta: 0:03:47  loss: 0.1238 (0.1308)  IoU (F channel): 0.2985 (0.3222)  L1 (Dc channel): 0.0017 (0.0016)  L1 (Dn channel): 0.0015 (0.0016)  IoU (P channel): 0.2996 (0.2855)  lr: 0.000860  iter-time: 0.9250
[11:54:42.682681] Epoch: [14]  [260/491]  eta: 0:03:37  loss: 0.1089 (0.1301)  IoU (F channel): 0.3037 (0.3223)  L1 (Dc channel): 0.0016 (0.0016)  L1 (Dn channel): 0.0015 (0.0016)  IoU (P channel): 0.2845 (0.2856)  lr: 0.000861  iter-time: 0.9278
[11:54:51.842383] Epoch: [14]  [270/491]  eta: 0:03:28  loss: 0.1294 (0.1306)  IoU (F channel): 0.3049 (0.3220)  L1 (Dc channel): 0.0016 (0.0016)  L1 (Dn channel): 0.0016 (0.0016)  IoU (P channel): 0.2839 (0.2855)  lr: 0.000863  iter-time: 0.9237
[11:55:01.224451] Epoch: [14]  [280/491]  eta: 0:03:18  loss: 0.1144 (0.1299)  IoU (F channel): 0.3116 (0.3217)  L1 (Dc channel): 0.0016 (0.0016)  L1 (Dn channel): 0.0017 (0.0016)  IoU (P channel): 0.2816 (0.2857)  lr: 0.000864  iter-time: 0.9270
[11:55:10.554369] Epoch: [14]  [290/491]  eta: 0:03:09  loss: 0.1197 (0.1298)  IoU (F channel): 0.3216 (0.3219)  L1 (Dc channel): 0.0016 (0.0016)  L1 (Dn channel): 0.0015 (0.0016)  IoU (P channel): 0.2947 (0.2860)  lr: 0.000865  iter-time: 0.9355
[11:55:19.722998] Epoch: [14]  [300/491]  eta: 0:02:59  loss: 0.1260 (0.1295)  IoU (F channel): 0.3195 (0.3216)  L1 (Dc channel): 0.0015 (0.0016)  L1 (Dn channel): 0.0016 (0.0016)  IoU (P channel): 0.3139 (0.2859)  lr: 0.000866  iter-time: 0.9248
[11:55:29.113106] Epoch: [14]  [310/491]  eta: 0:02:50  loss: 0.1204 (0.1296)  IoU (F channel): 0.3040 (0.3217)  L1 (Dc channel): 0.0015 (0.0016)  L1 (Dn channel): 0.0017 (0.0016)  IoU (P channel): 0.2566 (0.2858)  lr: 0.000867  iter-time: 0.9278
[11:55:38.281750] Epoch: [14]  [320/491]  eta: 0:02:40  loss: 0.1267 (0.1294)  IoU (F channel): 0.3186 (0.3218)  L1 (Dc channel): 0.0016 (0.0016)  L1 (Dn channel): 0.0017 (0.0016)  IoU (P channel): 0.2985 (0.2860)  lr: 0.000868  iter-time: 0.9278
[11:55:47.456785] Epoch: [14]  [330/491]  eta: 0:02:31  loss: 0.1132 (0.1288)  IoU (F channel): 0.3399 (0.3234)  L1 (Dc channel): 0.0017 (0.0016)  L1 (Dn channel): 0.0017 (0.0016)  IoU (P channel): 0.2985 (0.2867)  lr: 0.000870  iter-time: 0.9171
[11:55:56.703034] Epoch: [14]  [340/491]  eta: 0:02:21  loss: 0.1122 (0.1289)  IoU (F channel): 0.3601 (0.3245)  L1 (Dc channel): 0.0016 (0.0016)  L1 (Dn channel): 0.0016 (0.0017)  IoU (P channel): 0.3210 (0.2877)  lr: 0.000871  iter-time: 0.9210
[11:56:05.874347] Epoch: [14]  [350/491]  eta: 0:02:12  loss: 0.1292 (0.1293)  IoU (F channel): 0.3324 (0.3251)  L1 (Dc channel): 0.0016 (0.0016)  L1 (Dn channel): 0.0016 (0.0017)  IoU (P channel): 0.3276 (0.2889)  lr: 0.000872  iter-time: 0.9208
[11:56:15.037554] Epoch: [14]  [360/491]  eta: 0:02:02  loss: 0.1244 (0.1290)  IoU (F channel): 0.3296 (0.3247)  L1 (Dc channel): 0.0016 (0.0016)  L1 (Dn channel): 0.0016 (0.0017)  IoU (P channel): 0.3083 (0.2889)  lr: 0.000873  iter-time: 0.9166
[11:56:24.380992] Epoch: [14]  [370/491]  eta: 0:01:53  loss: 0.0994 (0.1286)  IoU (F channel): 0.2777 (0.3245)  L1 (Dc channel): 0.0015 (0.0016)  L1 (Dn channel): 0.0015 (0.0017)  IoU (P channel): 0.2900 (0.2894)  lr: 0.000874  iter-time: 0.9252
[11:56:33.650336] Epoch: [14]  [380/491]  eta: 0:01:44  loss: 0.1025 (0.1281)  IoU (F channel): 0.2886 (0.3247)  L1 (Dc channel): 0.0015 (0.0016)  L1 (Dn channel): 0.0016 (0.0016)  IoU (P channel): 0.2881 (0.2891)  lr: 0.000875  iter-time: 0.9305
[11:56:43.082150] Epoch: [14]  [390/491]  eta: 0:01:34  loss: 0.1051 (0.1287)  IoU (F channel): 0.2973 (0.3248)  L1 (Dc channel): 0.0015 (0.0016)  L1 (Dn channel): 0.0016 (0.0017)  IoU (P channel): 0.2659 (0.2891)  lr: 0.000877  iter-time: 0.9349
[11:56:52.338257] Epoch: [14]  [400/491]  eta: 0:01:25  loss: 0.1019 (0.1279)  IoU (F channel): 0.2833 (0.3249)  L1 (Dc channel): 0.0016 (0.0016)  L1 (Dn channel): 0.0016 (0.0016)  IoU (P channel): 0.2681 (0.2887)  lr: 0.000878  iter-time: 0.9343
[11:57:01.563487] Epoch: [14]  [410/491]  eta: 0:01:15  loss: 0.0994 (0.1283)  IoU (F channel): 0.2942 (0.3243)  L1 (Dc channel): 0.0016 (0.0016)  L1 (Dn channel): 0.0017 (0.0017)  IoU (P channel): 0.2726 (0.2884)  lr: 0.000879  iter-time: 0.9240
[11:57:10.740936] Epoch: [14]  [420/491]  eta: 0:01:06  loss: 0.1165 (0.1282)  IoU (F channel): 0.3075 (0.3238)  L1 (Dc channel): 0.0015 (0.0016)  L1 (Dn channel): 0.0017 (0.0017)  IoU (P channel): 0.2715 (0.2877)  lr: 0.000880  iter-time: 0.9200
[11:57:19.903719] Epoch: [14]  [430/491]  eta: 0:00:57  loss: 0.1010 (0.1278)  IoU (F channel): 0.3335 (0.3242)  L1 (Dc channel): 0.0015 (0.0016)  L1 (Dn channel): 0.0017 (0.0017)  IoU (P channel): 0.2715 (0.2879)  lr: 0.000881  iter-time: 0.9169
[11:57:29.308071] Epoch: [14]  [440/491]  eta: 0:00:47  loss: 0.0952 (0.1270)  IoU (F channel): 0.3088 (0.3243)  L1 (Dc channel): 0.0016 (0.0016)  L1 (Dn channel): 0.0016 (0.0017)  IoU (P channel): 0.2719 (0.2878)  lr: 0.000882  iter-time: 0.9282
[11:57:38.469309] Epoch: [14]  [450/491]  eta: 0:00:38  loss: 0.1073 (0.1274)  IoU (F channel): 0.3088 (0.3237)  L1 (Dc channel): 0.0016 (0.0016)  L1 (Dn channel): 0.0017 (0.0017)  IoU (P channel): 0.2909 (0.2877)  lr: 0.000883  iter-time: 0.9282
[11:57:47.635728] Epoch: [14]  [460/491]  eta: 0:00:28  loss: 0.1219 (0.1272)  IoU (F channel): 0.3028 (0.3230)  L1 (Dc channel): 0.0016 (0.0016)  L1 (Dn channel): 0.0017 (0.0017)  IoU (P channel): 0.3050 (0.2879)  lr: 0.000884  iter-time: 0.9163
[11:57:56.879757] Epoch: [14]  [470/491]  eta: 0:00:19  loss: 0.1008 (0.1268)  IoU (F channel): 0.3171 (0.3238)  L1 (Dc channel): 0.0017 (0.0016)  L1 (Dn channel): 0.0016 (0.0017)  IoU (P channel): 0.3050 (0.2881)  lr: 0.000886  iter-time: 0.9204
[11:58:06.083390] Epoch: [14]  [480/491]  eta: 0:00:10  loss: 0.0983 (0.1266)  IoU (F channel): 0.3198 (0.3232)  L1 (Dc channel): 0.0016 (0.0016)  L1 (Dn channel): 0.0017 (0.0017)  IoU (P channel): 0.3023 (0.2879)  lr: 0.000887  iter-time: 0.9223
[11:58:14.743027] Epoch: [14]  [490/491]  eta: 0:00:00  loss: 0.1109 (0.1263)  IoU (F channel): 0.3214 (0.3236)  L1 (Dc channel): 0.0016 (0.0016)  L1 (Dn channel): 0.0016 (0.0017)  IoU (P channel): 0.3023 (0.2883)  lr: 0.000888  iter-time: 0.8931
[11:58:14.743137] Epoch: [14] Total time: 0:07:38 (0.9331 s / it)
[11:58:14.743167] [Train] averaged stats: loss: 0.1109 (0.1263)  IoU (F channel): 0.3214 (0.3236)  L1 (Dc channel): 0.0016 (0.0016)  L1 (Dn channel): 0.0016 (0.0017)  IoU (P channel): 0.3023 (0.2883)  lr: 0.000888
[11:58:22.587589] Epoch: [14]  [ 0/27]  eta: 0:03:31  loss: 0.0364 (0.0364)  IoU (F channel): 0.0000 (0.0000)  L1 (Dc channel): 0.0010 (0.0010)  L1 (Dn channel): 0.0011 (0.0011)  IoU (P channel): 0.0000 (0.0000)  iter-time: 7.8431
[11:58:26.545431] Epoch: [14]  [10/27]  eta: 0:00:18  loss: 0.1664 (0.2457)  IoU (F channel): 0.3248 (0.2376)  L1 (Dc channel): 0.0011 (0.0013)  L1 (Dn channel): 0.0012 (0.0018)  IoU (P channel): 0.2452 (0.1948)  iter-time: 1.0728
[11:58:33.046373] Epoch: [14]  [20/27]  eta: 0:00:06  loss: 0.1386 (0.2150)  IoU (F channel): 0.3248 (0.2695)  L1 (Dc channel): 0.0012 (0.0013)  L1 (Dn channel): 0.0012 (0.0017)  IoU (P channel): 0.2752 (0.2162)  iter-time: 0.5229
[11:58:34.697237] Epoch: [14]  [26/27]  eta: 0:00:00  loss: 0.1386 (0.2255)  IoU (F channel): 0.3123 (0.2820)  L1 (Dc channel): 0.0013 (0.0013)  L1 (Dn channel): 0.0014 (0.0017)  IoU (P channel): 0.3014 (0.2243)  iter-time: 0.5178
[11:58:34.697397] Epoch: [14] Total time: 0:00:19 (0.7390 s / it)
[11:58:34.697429] [Val] averaged stats: loss: 0.1386 (0.2255)  IoU (F channel): 0.3123 (0.2820)  L1 (Dc channel): 0.0013 (0.0013)  L1 (Dn channel): 0.0014 (0.0017)  IoU (P channel): 0.3014 (0.2243)
[11:58:34.697674] [Val] best loss: 0.2164 best  IoU (F channel): 0.2579 L1 (Dc channel): 0.0018 L1 (Dn channel): 0.0017 IoU (P channel): 0.2139 
EarlyStopping counter: 1 out of 10
[11:58:34.710327] [Time] 8.0m 1.9h/8.1h

[11:58:34.710345] ~~~ Epoch 15/60 ~~~

[11:58:41.569032] Epoch: [15]  [  0/491]  eta: 0:56:06  loss: 0.1465 (0.1465)  IoU (F channel): 0.3920 (0.3920)  L1 (Dc channel): 0.0014 (0.0014)  L1 (Dn channel): 0.0017 (0.0017)  IoU (P channel): 0.3140 (0.3140)  lr: 0.000888  iter-time: 6.8569
[11:58:51.109384] Epoch: [15]  [ 10/491]  eta: 0:11:56  loss: 0.0989 (0.1064)  IoU (F channel): 0.3593 (0.3604)  L1 (Dc channel): 0.0016 (0.0015)  L1 (Dn channel): 0.0016 (0.0016)  IoU (P channel): 0.3140 (0.3011)  lr: 0.000889  iter-time: 1.4906
[11:59:00.463881] Epoch: [15]  [ 20/491]  eta: 0:09:37  loss: 0.0989 (0.1103)  IoU (F channel): 0.3480 (0.3435)  L1 (Dc channel): 0.0016 (0.0016)  L1 (Dn channel): 0.0015 (0.0016)  IoU (P channel): 0.2915 (0.2959)  lr: 0.000890  iter-time: 0.9446
[11:59:09.670882] Epoch: [15]  [ 30/491]  eta: 0:08:39  loss: 0.0987 (0.1123)  IoU (F channel): 0.3035 (0.3357)  L1 (Dc channel): 0.0013 (0.0015)  L1 (Dn channel): 0.0015 (0.0016)  IoU (P channel): 0.2678 (0.2945)  lr: 0.000891  iter-time: 0.9280
[11:59:18.824866] Epoch: [15]  [ 40/491]  eta: 0:08:05  loss: 0.1084 (0.1131)  IoU (F channel): 0.3219 (0.3478)  L1 (Dc channel): 0.0013 (0.0015)  L1 (Dn channel): 0.0015 (0.0016)  IoU (P channel): 0.3056 (0.3042)  lr: 0.000892  iter-time: 0.9180
[11:59:27.978379] Epoch: [15]  [ 50/491]  eta: 0:07:40  loss: 0.1057 (0.1096)  IoU (F channel): 0.3613 (0.3490)  L1 (Dc channel): 0.0015 (0.0015)  L1 (Dn channel): 0.0015 (0.0016)  IoU (P channel): 0.3166 (0.3074)  lr: 0.000893  iter-time: 0.9153
[11:59:37.210778] Epoch: [15]  [ 60/491]  eta: 0:07:21  loss: 0.0981 (0.1105)  IoU (F channel): 0.3475 (0.3520)  L1 (Dc channel): 0.0014 (0.0015)  L1 (Dn channel): 0.0016 (0.0016)  IoU (P channel): 0.3128 (0.3086)  lr: 0.000894  iter-time: 0.9192
[11:59:46.365179] Epoch: [15]  [ 70/491]  eta: 0:07:04  loss: 0.0978 (0.1096)  IoU (F channel): 0.3768 (0.3532)  L1 (Dc channel): 0.0014 (0.0015)  L1 (Dn channel): 0.0017 (0.0017)  IoU (P channel): 0.3109 (0.3069)  lr: 0.000895  iter-time: 0.9192
[11:59:55.618215] Epoch: [15]  [ 80/491]  eta: 0:06:50  loss: 0.1189 (0.1136)  IoU (F channel): 0.3656 (0.3534)  L1 (Dc channel): 0.0014 (0.0015)  L1 (Dn channel): 0.0017 (0.0017)  IoU (P channel): 0.3287 (0.3060)  lr: 0.000897  iter-time: 0.9203
[12:00:04.797276] Epoch: [15]  [ 90/491]  eta: 0:06:36  loss: 0.1345 (0.1214)  IoU (F channel): 0.2904 (0.3457)  L1 (Dc channel): 0.0020 (0.0017)  L1 (Dn channel): 0.0018 (0.0017)  IoU (P channel): 0.2203 (0.2987)  lr: 0.000898  iter-time: 0.9214
[12:00:13.955813] Epoch: [15]  [100/491]  eta: 0:06:24  loss: 0.1354 (0.1235)  IoU (F channel): 0.2883 (0.3433)  L1 (Dc channel): 0.0023 (0.0017)  L1 (Dn channel): 0.0017 (0.0017)  IoU (P channel): 0.2452 (0.2965)  lr: 0.000899  iter-time: 0.9167
[12:00:23.155705] Epoch: [15]  [110/491]  eta: 0:06:12  loss: 0.1228 (0.1242)  IoU (F channel): 0.3143 (0.3417)  L1 (Dc channel): 0.0019 (0.0017)  L1 (Dn channel): 0.0014 (0.0017)  IoU (P channel): 0.2624 (0.2951)  lr: 0.000900  iter-time: 0.9178
[12:00:32.463235] Epoch: [15]  [120/491]  eta: 0:06:00  loss: 0.1212 (0.1267)  IoU (F channel): 0.3050 (0.3378)  L1 (Dc channel): 0.0016 (0.0017)  L1 (Dn channel): 0.0012 (0.0016)  IoU (P channel): 0.2300 (0.2899)  lr: 0.000901  iter-time: 0.9252
[12:00:41.647671] Epoch: [15]  [130/491]  eta: 0:05:49  loss: 0.1307 (0.1333)  IoU (F channel): 0.2332 (0.3290)  L1 (Dc channel): 0.0016 (0.0017)  L1 (Dn channel): 0.0013 (0.0016)  IoU (P channel): 0.2217 (0.2825)  lr: 0.000902  iter-time: 0.9245
[12:00:50.802395] Epoch: [15]  [140/491]  eta: 0:05:38  loss: 0.1513 (0.1344)  IoU (F channel): 0.2457 (0.3263)  L1 (Dc channel): 0.0019 (0.0017)  L1 (Dn channel): 0.0013 (0.0016)  IoU (P channel): 0.2290 (0.2800)  lr: 0.000903  iter-time: 0.9169
[12:00:59.956883] Epoch: [15]  [150/491]  eta: 0:05:27  loss: 0.1513 (0.1358)  IoU (F channel): 0.2783 (0.3226)  L1 (Dc channel): 0.0017 (0.0017)  L1 (Dn channel): 0.0012 (0.0016)  IoU (P channel): 0.2386 (0.2765)  lr: 0.000904  iter-time: 0.9154
[12:01:09.160593] Epoch: [15]  [160/491]  eta: 0:05:17  loss: 0.1257 (0.1359)  IoU (F channel): 0.3041 (0.3233)  L1 (Dc channel): 0.0015 (0.0017)  L1 (Dn channel): 0.0012 (0.0016)  IoU (P channel): 0.2622 (0.2761)  lr: 0.000905  iter-time: 0.9178
[12:01:18.361563] Epoch: [15]  [170/491]  eta: 0:05:07  loss: 0.1242 (0.1361)  IoU (F channel): 0.3172 (0.3226)  L1 (Dc channel): 0.0013 (0.0017)  L1 (Dn channel): 0.0011 (0.0015)  IoU (P channel): 0.2677 (0.2771)  lr: 0.000906  iter-time: 0.9201
[12:01:27.526930] Epoch: [15]  [180/491]  eta: 0:04:56  loss: 0.1451 (0.1394)  IoU (F channel): 0.3172 (0.3233)  L1 (Dc channel): 0.0016 (0.0017)  L1 (Dn channel): 0.0013 (0.0015)  IoU (P channel): 0.2984 (0.2768)  lr: 0.000907  iter-time: 0.9182
[12:01:36.683769] Epoch: [15]  [190/491]  eta: 0:04:46  loss: 0.1615 (0.1398)  IoU (F channel): 0.3090 (0.3228)  L1 (Dc channel): 0.0019 (0.0017)  L1 (Dn channel): 0.0013 (0.0015)  IoU (P channel): 0.3021 (0.2770)  lr: 0.000908  iter-time: 0.9160
[12:01:45.938358] Epoch: [15]  [200/491]  eta: 0:04:36  loss: 0.1477 (0.1413)  IoU (F channel): 0.2983 (0.3217)  L1 (Dc channel): 0.0014 (0.0017)  L1 (Dn channel): 0.0013 (0.0015)  IoU (P channel): 0.2748 (0.2767)  lr: 0.000909  iter-time: 0.9205
[12:01:55.149585] Epoch: [15]  [210/491]  eta: 0:04:26  loss: 0.1314 (0.1414)  IoU (F channel): 0.2983 (0.3202)  L1 (Dc channel): 0.0014 (0.0017)  L1 (Dn channel): 0.0013 (0.0015)  IoU (P channel): 0.2536 (0.2756)  lr: 0.000910  iter-time: 0.9232
[12:02:04.422938] Epoch: [15]  [220/491]  eta: 0:04:17  loss: 0.1020 (0.1397)  IoU (F channel): 0.2991 (0.3199)  L1 (Dc channel): 0.0017 (0.0017)  L1 (Dn channel): 0.0012 (0.0015)  IoU (P channel): 0.2321 (0.2743)  lr: 0.000911  iter-time: 0.9241
[12:02:13.674834] Epoch: [15]  [230/491]  eta: 0:04:07  loss: 0.0944 (0.1389)  IoU (F channel): 0.2873 (0.3188)  L1 (Dc channel): 0.0017 (0.0017)  L1 (Dn channel): 0.0010 (0.0015)  IoU (P channel): 0.2323 (0.2734)  lr: 0.000912  iter-time: 0.9262
[12:02:22.833020] Epoch: [15]  [240/491]  eta: 0:03:57  loss: 0.0977 (0.1373)  IoU (F channel): 0.3299 (0.3206)  L1 (Dc channel): 0.0016 (0.0017)  L1 (Dn channel): 0.0010 (0.0015)  IoU (P channel): 0.2583 (0.2743)  lr: 0.000913  iter-time: 0.9204
[12:02:32.129450] Epoch: [15]  [250/491]  eta: 0:03:47  loss: 0.0991 (0.1375)  IoU (F channel): 0.3588 (0.3203)  L1 (Dc channel): 0.0015 (0.0017)  L1 (Dn channel): 0.0011 (0.0015)  IoU (P channel): 0.2681 (0.2740)  lr: 0.000914  iter-time: 0.9226
[12:02:41.450002] Epoch: [15]  [260/491]  eta: 0:03:38  loss: 0.1481 (0.1379)  IoU (F channel): 0.2781 (0.3199)  L1 (Dc channel): 0.0016 (0.0017)  L1 (Dn channel): 0.0016 (0.0015)  IoU (P channel): 0.2601 (0.2737)  lr: 0.000915  iter-time: 0.9307
[12:02:50.612157] Epoch: [15]  [270/491]  eta: 0:03:28  loss: 0.1712 (0.1392)  IoU (F channel): 0.2860 (0.3207)  L1 (Dc channel): 0.0017 (0.0017)  L1 (Dn channel): 0.0016 (0.0015)  IoU (P channel): 0.2871 (0.2741)  lr: 0.000916  iter-time: 0.9240
[12:02:59.877118] Epoch: [15]  [280/491]  eta: 0:03:19  loss: 0.1374 (0.1389)  IoU (F channel): 0.2826 (0.3192)  L1 (Dc channel): 0.0015 (0.0017)  L1 (Dn channel): 0.0015 (0.0015)  IoU (P channel): 0.2476 (0.2729)  lr: 0.000917  iter-time: 0.9212
[12:03:09.068115] Epoch: [15]  [290/491]  eta: 0:03:09  loss: 0.1194 (0.1380)  IoU (F channel): 0.2932 (0.3189)  L1 (Dc channel): 0.0015 (0.0017)  L1 (Dn channel): 0.0016 (0.0015)  IoU (P channel): 0.2619 (0.2730)  lr: 0.000918  iter-time: 0.9227
[12:03:18.241745] Epoch: [15]  [300/491]  eta: 0:02:59  loss: 0.1175 (0.1376)  IoU (F channel): 0.2939 (0.3182)  L1 (Dc channel): 0.0017 (0.0017)  L1 (Dn channel): 0.0018 (0.0015)  IoU (P channel): 0.2756 (0.2730)  lr: 0.000919  iter-time: 0.9181
[12:03:27.406228] Epoch: [15]  [310/491]  eta: 0:02:50  loss: 0.1095 (0.1377)  IoU (F channel): 0.3149 (0.3190)  L1 (Dc channel): 0.0017 (0.0017)  L1 (Dn channel): 0.0018 (0.0015)  IoU (P channel): 0.2898 (0.2739)  lr: 0.000920  iter-time: 0.9168
[12:03:36.579588] Epoch: [15]  [320/491]  eta: 0:02:40  loss: 0.1127 (0.1370)  IoU (F channel): 0.3149 (0.3176)  L1 (Dc channel): 0.0016 (0.0017)  L1 (Dn channel): 0.0016 (0.0015)  IoU (P channel): 0.2600 (0.2730)  lr: 0.000921  iter-time: 0.9168
[12:03:45.743546] Epoch: [15]  [330/491]  eta: 0:02:31  loss: 0.1120 (0.1363)  IoU (F channel): 0.2806 (0.3171)  L1 (Dc channel): 0.0016 (0.0017)  L1 (Dn channel): 0.0016 (0.0015)  IoU (P channel): 0.2513 (0.2727)  lr: 0.000921  iter-time: 0.9168
[12:03:54.905131] Epoch: [15]  [340/491]  eta: 0:02:21  loss: 0.1140 (0.1359)  IoU (F channel): 0.2908 (0.3174)  L1 (Dc channel): 0.0016 (0.0017)  L1 (Dn channel): 0.0016 (0.0015)  IoU (P channel): 0.2636 (0.2733)  lr: 0.000922  iter-time: 0.9162
[12:04:04.069654] Epoch: [15]  [350/491]  eta: 0:02:12  loss: 0.0924 (0.1347)  IoU (F channel): 0.3260 (0.3190)  L1 (Dc channel): 0.0015 (0.0017)  L1 (Dn channel): 0.0015 (0.0015)  IoU (P channel): 0.3105 (0.2744)  lr: 0.000923  iter-time: 0.9162
[12:04:13.232214] Epoch: [15]  [360/491]  eta: 0:02:02  loss: 0.0910 (0.1341)  IoU (F channel): 0.3398 (0.3186)  L1 (Dc channel): 0.0015 (0.0017)  L1 (Dn channel): 0.0014 (0.0015)  IoU (P channel): 0.3000 (0.2739)  lr: 0.000924  iter-time: 0.9163
[12:04:22.504767] Epoch: [15]  [370/491]  eta: 0:01:53  loss: 0.1173 (0.1342)  IoU (F channel): 0.3095 (0.3185)  L1 (Dc channel): 0.0016 (0.0017)  L1 (Dn channel): 0.0014 (0.0015)  IoU (P channel): 0.2676 (0.2738)  lr: 0.000925  iter-time: 0.9217
[12:04:31.674936] Epoch: [15]  [380/491]  eta: 0:01:43  loss: 0.1215 (0.1338)  IoU (F channel): 0.3095 (0.3190)  L1 (Dc channel): 0.0017 (0.0017)  L1 (Dn channel): 0.0016 (0.0015)  IoU (P channel): 0.2729 (0.2745)  lr: 0.000926  iter-time: 0.9220
[12:04:40.905640] Epoch: [15]  [390/491]  eta: 0:01:34  loss: 0.1292 (0.1360)  IoU (F channel): 0.2959 (0.3173)  L1 (Dc channel): 0.0017 (0.0017)  L1 (Dn channel): 0.0018 (0.0016)  IoU (P channel): 0.2547 (0.2731)  lr: 0.000927  iter-time: 0.9199
[12:04:50.095612] Epoch: [15]  [400/491]  eta: 0:01:25  loss: 0.1859 (0.1378)  IoU (F channel): 0.2404 (0.3152)  L1 (Dc channel): 0.0019 (0.0017)  L1 (Dn channel): 0.0016 (0.0016)  IoU (P channel): 0.2035 (0.2711)  lr: 0.000928  iter-time: 0.9209
[12:04:59.311265] Epoch: [15]  [410/491]  eta: 0:01:15  loss: 0.1233 (0.1375)  IoU (F channel): 0.1741 (0.3128)  L1 (Dc channel): 0.0019 (0.0017)  L1 (Dn channel): 0.0011 (0.0016)  IoU (P channel): 0.1590 (0.2687)  lr: 0.000929  iter-time: 0.9202
[12:05:08.480723] Epoch: [15]  [420/491]  eta: 0:01:06  loss: 0.1453 (0.1389)  IoU (F channel): 0.2154 (0.3128)  L1 (Dc channel): 0.0018 (0.0017)  L1 (Dn channel): 0.0015 (0.0016)  IoU (P channel): 0.2044 (0.2684)  lr: 0.000930  iter-time: 0.9191
[12:05:17.688642] Epoch: [15]  [430/491]  eta: 0:00:57  loss: 0.1453 (0.1390)  IoU (F channel): 0.3510 (0.3138)  L1 (Dc channel): 0.0016 (0.0017)  L1 (Dn channel): 0.0015 (0.0016)  IoU (P channel): 0.2717 (0.2690)  lr: 0.000931  iter-time: 0.9187
[12:05:26.844344] Epoch: [15]  [440/491]  eta: 0:00:47  loss: 0.1123 (0.1384)  IoU (F channel): 0.3047 (0.3123)  L1 (Dc channel): 0.0014 (0.0017)  L1 (Dn channel): 0.0010 (0.0015)  IoU (P channel): 0.2153 (0.2676)  lr: 0.000931  iter-time: 0.9181
[12:05:36.000995] Epoch: [15]  [450/491]  eta: 0:00:38  loss: 0.1238 (0.1396)  IoU (F channel): 0.2682 (0.3115)  L1 (Dc channel): 0.0014 (0.0017)  L1 (Dn channel): 0.0010 (0.0015)  IoU (P channel): 0.2058 (0.2666)  lr: 0.000932  iter-time: 0.9155
[12:05:45.156143] Epoch: [15]  [460/491]  eta: 0:00:28  loss: 0.1685 (0.1412)  IoU (F channel): 0.2828 (0.3108)  L1 (Dc channel): 0.0018 (0.0017)  L1 (Dn channel): 0.0014 (0.0015)  IoU (P channel): 0.2576 (0.2660)  lr: 0.000933  iter-time: 0.9155
[12:05:54.391434] Epoch: [15]  [470/491]  eta: 0:00:19  loss: 0.1552 (0.1412)  IoU (F channel): 0.2709 (0.3100)  L1 (Dc channel): 0.0019 (0.0017)  L1 (Dn channel): 0.0015 (0.0016)  IoU (P channel): 0.2615 (0.2649)  lr: 0.000934  iter-time: 0.9194
[12:06:03.551843] Epoch: [15]  [480/491]  eta: 0:00:10  loss: 0.1346 (0.1425)  IoU (F channel): 0.2571 (0.3097)  L1 (Dc channel): 0.0019 (0.0017)  L1 (Dn channel): 0.0016 (0.0016)  IoU (P channel): 0.2435 (0.2645)  lr: 0.000935  iter-time: 0.9197
[12:06:12.206028] Epoch: [15]  [490/491]  eta: 0:00:00  loss: 0.1383 (0.1426)  IoU (F channel): 0.3733 (0.3101)  L1 (Dc channel): 0.0020 (0.0017)  L1 (Dn channel): 0.0016 (0.0016)  IoU (P channel): 0.2681 (0.2644)  lr: 0.000936  iter-time: 0.8906
[12:06:12.206140] Epoch: [15] Total time: 0:07:37 (0.9318 s / it)
[12:06:12.206170] [Train] averaged stats: loss: 0.1383 (0.1426)  IoU (F channel): 0.3733 (0.3101)  L1 (Dc channel): 0.0020 (0.0017)  L1 (Dn channel): 0.0016 (0.0016)  IoU (P channel): 0.2681 (0.2644)  lr: 0.000936
[12:06:18.378060] Epoch: [15]  [ 0/27]  eta: 0:02:46  loss: 0.0460 (0.0460)  IoU (F channel): 0.0000 (0.0000)  L1 (Dc channel): 0.0010 (0.0010)  L1 (Dn channel): 0.0006 (0.0006)  IoU (P channel): 0.0000 (0.0000)  iter-time: 6.1708
[12:06:25.024457] Epoch: [15]  [10/27]  eta: 0:00:19  loss: 0.1510 (0.2272)  IoU (F channel): 0.3253 (0.2259)  L1 (Dc channel): 0.0012 (0.0014)  L1 (Dn channel): 0.0009 (0.0016)  IoU (P channel): 0.2142 (0.1824)  iter-time: 1.1652
[12:06:31.822920] Epoch: [15]  [20/27]  eta: 0:00:06  loss: 0.1510 (0.2149)  IoU (F channel): 0.3230 (0.2435)  L1 (Dc channel): 0.0013 (0.0015)  L1 (Dn channel): 0.0009 (0.0014)  IoU (P channel): 0.2149 (0.1915)  iter-time: 0.6722
[12:06:33.708023] Epoch: [15]  [26/27]  eta: 0:00:00  loss: 0.1406 (0.2206)  IoU (F channel): 0.3084 (0.2357)  L1 (Dc channel): 0.0013 (0.0014)  L1 (Dn channel): 0.0011 (0.0014)  IoU (P channel): 0.2149 (0.1877)  iter-time: 0.5572
[12:06:33.708133] Epoch: [15] Total time: 0:00:21 (0.7963 s / it)
[12:06:33.708150] [Val] averaged stats: loss: 0.1406 (0.2206)  IoU (F channel): 0.3084 (0.2357)  L1 (Dc channel): 0.0013 (0.0014)  L1 (Dn channel): 0.0011 (0.0014)  IoU (P channel): 0.2149 (0.1877)
[12:06:33.708335] [Val] best loss: 0.2164 best  IoU (F channel): 0.2579 L1 (Dc channel): 0.0018 L1 (Dn channel): 0.0017 IoU (P channel): 0.2139 
[12:06:33.717978] Creating training plots . . .
EarlyStopping counter: 2 out of 10
[12:06:40.696671] [Time] 8.1m 2.0h/8.2h

[12:06:40.696694] ~~~ Epoch 16/60 ~~~

[12:06:47.073857] Epoch: [16]  [  0/491]  eta: 0:52:10  loss: 0.0946 (0.0946)  IoU (F channel): 0.3583 (0.3583)  L1 (Dc channel): 0.0012 (0.0012)  L1 (Dn channel): 0.0008 (0.0008)  IoU (P channel): 0.2622 (0.2622)  lr: 0.000936  iter-time: 6.3749
[12:06:56.876466] Epoch: [16]  [ 10/491]  eta: 0:11:47  loss: 0.0946 (0.1244)  IoU (F channel): 0.2121 (0.2466)  L1 (Dc channel): 0.0013 (0.0015)  L1 (Dn channel): 0.0011 (0.0012)  IoU (P channel): 0.1586 (0.1922)  lr: 0.000937  iter-time: 1.4706
[12:07:06.089729] Epoch: [16]  [ 20/491]  eta: 0:09:29  loss: 0.1199 (0.1298)  IoU (F channel): 0.2977 (0.2882)  L1 (Dc channel): 0.0014 (0.0016)  L1 (Dn channel): 0.0011 (0.0012)  IoU (P channel): 0.2615 (0.2381)  lr: 0.000938  iter-time: 0.9507
[12:07:15.417354] Epoch: [16]  [ 30/491]  eta: 0:08:36  loss: 0.1224 (0.1304)  IoU (F channel): 0.2977 (0.2935)  L1 (Dc channel): 0.0014 (0.0015)  L1 (Dn channel): 0.0013 (0.0014)  IoU (P channel): 0.2663 (0.2505)  lr: 0.000938  iter-time: 0.9269
[12:07:24.657593] Epoch: [16]  [ 40/491]  eta: 0:08:03  loss: 0.1141 (0.1307)  IoU (F channel): 0.3005 (0.3018)  L1 (Dc channel): 0.0015 (0.0015)  L1 (Dn channel): 0.0018 (0.0015)  IoU (P channel): 0.2956 (0.2632)  lr: 0.000939  iter-time: 0.9282
[12:07:33.950971] Epoch: [16]  [ 50/491]  eta: 0:07:40  loss: 0.1154 (0.1279)  IoU (F channel): 0.2833 (0.2897)  L1 (Dc channel): 0.0016 (0.0016)  L1 (Dn channel): 0.0016 (0.0015)  IoU (P channel): 0.2659 (0.2520)  lr: 0.000940  iter-time: 0.9266
[12:07:43.172499] Epoch: [16]  [ 60/491]  eta: 0:07:21  loss: 0.1154 (0.1295)  IoU (F channel): 0.2729 (0.3007)  L1 (Dc channel): 0.0017 (0.0016)  L1 (Dn channel): 0.0016 (0.0016)  IoU (P channel): 0.2375 (0.2582)  lr: 0.000941  iter-time: 0.9256
[12:07:52.615318] Epoch: [16]  [ 70/491]  eta: 0:07:06  loss: 0.1069 (0.1312)  IoU (F channel): 0.3242 (0.3037)  L1 (Dc channel): 0.0016 (0.0016)  L1 (Dn channel): 0.0016 (0.0016)  IoU (P channel): 0.2658 (0.2579)  lr: 0.000942  iter-time: 0.9331
[12:08:01.934430] Epoch: [16]  [ 80/491]  eta: 0:06:52  loss: 0.1054 (0.1289)  IoU (F channel): 0.2665 (0.2987)  L1 (Dc channel): 0.0015 (0.0016)  L1 (Dn channel): 0.0016 (0.0016)  IoU (P channel): 0.2415 (0.2534)  lr: 0.000942  iter-time: 0.9380
[12:08:11.455957] Epoch: [16]  [ 90/491]  eta: 0:06:39  loss: 0.1115 (0.1288)  IoU (F channel): 0.3028 (0.3027)  L1 (Dc channel): 0.0016 (0.0016)  L1 (Dn channel): 0.0018 (0.0016)  IoU (P channel): 0.2667 (0.2570)  lr: 0.000943  iter-time: 0.9419
[12:08:20.884173] Epoch: [16]  [100/491]  eta: 0:06:27  loss: 0.1163 (0.1275)  IoU (F channel): 0.3283 (0.3033)  L1 (Dc channel): 0.0017 (0.0016)  L1 (Dn channel): 0.0017 (0.0016)  IoU (P channel): 0.2667 (0.2581)  lr: 0.000944  iter-time: 0.9473
[12:08:30.258365] Epoch: [16]  [110/491]  eta: 0:06:16  loss: 0.0953 (0.1256)  IoU (F channel): 0.3055 (0.3063)  L1 (Dc channel): 0.0016 (0.0016)  L1 (Dn channel): 0.0016 (0.0016)  IoU (P channel): 0.2681 (0.2624)  lr: 0.000945  iter-time: 0.9400
[12:08:39.550719] Epoch: [16]  [120/491]  eta: 0:06:04  loss: 0.1170 (0.1271)  IoU (F channel): 0.3451 (0.3124)  L1 (Dc channel): 0.0017 (0.0016)  L1 (Dn channel): 0.0017 (0.0017)  IoU (P channel): 0.2906 (0.2667)  lr: 0.000946  iter-time: 0.9332
[12:08:48.950646] Epoch: [16]  [130/491]  eta: 0:05:53  loss: 0.1328 (0.1278)  IoU (F channel): 0.3451 (0.3127)  L1 (Dc channel): 0.0017 (0.0016)  L1 (Dn channel): 0.0019 (0.0017)  IoU (P channel): 0.2937 (0.2690)  lr: 0.000946  iter-time: 0.9345
[12:08:58.200147] Epoch: [16]  [140/491]  eta: 0:05:42  loss: 0.1032 (0.1253)  IoU (F channel): 0.3321 (0.3147)  L1 (Dc channel): 0.0016 (0.0016)  L1 (Dn channel): 0.0016 (0.0017)  IoU (P channel): 0.2937 (0.2698)  lr: 0.000947  iter-time: 0.9323
[12:09:07.449822] Epoch: [16]  [150/491]  eta: 0:05:31  loss: 0.0934 (0.1251)  IoU (F channel): 0.3249 (0.3154)  L1 (Dc channel): 0.0015 (0.0016)  L1 (Dn channel): 0.0017 (0.0017)  IoU (P channel): 0.2798 (0.2711)  lr: 0.000948  iter-time: 0.9248
[12:09:16.712388] Epoch: [16]  [160/491]  eta: 0:05:20  loss: 0.1131 (0.1248)  IoU (F channel): 0.3249 (0.3192)  L1 (Dc channel): 0.0016 (0.0016)  L1 (Dn channel): 0.0017 (0.0017)  IoU (P channel): 0.2916 (0.2735)  lr: 0.000949  iter-time: 0.9255
[12:09:25.868627] Epoch: [16]  [170/491]  eta: 0:05:10  loss: 0.1167 (0.1244)  IoU (F channel): 0.3289 (0.3200)  L1 (Dc channel): 0.0016 (0.0016)  L1 (Dn channel): 0.0017 (0.0017)  IoU (P channel): 0.2979 (0.2751)  lr: 0.000950  iter-time: 0.9208
[12:09:35.029439] Epoch: [16]  [180/491]  eta: 0:04:59  loss: 0.1053 (0.1239)  IoU (F channel): 0.3188 (0.3218)  L1 (Dc channel): 0.0016 (0.0016)  L1 (Dn channel): 0.0015 (0.0017)  IoU (P channel): 0.2961 (0.2759)  lr: 0.000950  iter-time: 0.9157
[12:09:44.293892] Epoch: [16]  [190/491]  eta: 0:04:49  loss: 0.1052 (0.1237)  IoU (F channel): 0.3188 (0.3214)  L1 (Dc channel): 0.0016 (0.0016)  L1 (Dn channel): 0.0015 (0.0017)  IoU (P channel): 0.2730 (0.2749)  lr: 0.000951  iter-time: 0.9212
[12:09:53.537045] Epoch: [16]  [200/491]  eta: 0:04:39  loss: 0.1126 (0.1241)  IoU (F channel): 0.3179 (0.3213)  L1 (Dc channel): 0.0016 (0.0016)  L1 (Dn channel): 0.0017 (0.0017)  IoU (P channel): 0.2484 (0.2748)  lr: 0.000952  iter-time: 0.9253
[12:10:02.871837] Epoch: [16]  [210/491]  eta: 0:04:29  loss: 0.1013 (0.1230)  IoU (F channel): 0.3179 (0.3231)  L1 (Dc channel): 0.0015 (0.0016)  L1 (Dn channel): 0.0016 (0.0017)  IoU (P channel): 0.2710 (0.2760)  lr: 0.000953  iter-time: 0.9288
[12:10:12.135589] Epoch: [16]  [220/491]  eta: 0:04:19  loss: 0.0977 (0.1227)  IoU (F channel): 0.3187 (0.3244)  L1 (Dc channel): 0.0015 (0.0016)  L1 (Dn channel): 0.0017 (0.0017)  IoU (P channel): 0.2775 (0.2771)  lr: 0.000953  iter-time: 0.9298
[12:10:21.374370] Epoch: [16]  [230/491]  eta: 0:04:09  loss: 0.0977 (0.1219)  IoU (F channel): 0.3231 (0.3252)  L1 (Dc channel): 0.0014 (0.0016)  L1 (Dn channel): 0.0015 (0.0017)  IoU (P channel): 0.2756 (0.2770)  lr: 0.000954  iter-time: 0.9250
[12:10:30.550480] Epoch: [16]  [240/491]  eta: 0:03:59  loss: 0.0911 (0.1222)  IoU (F channel): 0.3231 (0.3261)  L1 (Dc channel): 0.0016 (0.0016)  L1 (Dn channel): 0.0015 (0.0017)  IoU (P channel): 0.2966 (0.2784)  lr: 0.000955  iter-time: 0.9206
[12:10:39.708742] Epoch: [16]  [250/491]  eta: 0:03:49  loss: 0.0838 (0.1213)  IoU (F channel): 0.3530 (0.3259)  L1 (Dc channel): 0.0015 (0.0016)  L1 (Dn channel): 0.0018 (0.0017)  IoU (P channel): 0.2966 (0.2782)  lr: 0.000955  iter-time: 0.9166
[12:10:48.870915] Epoch: [16]  [260/491]  eta: 0:03:39  loss: 0.0838 (0.1212)  IoU (F channel): 0.3126 (0.3252)  L1 (Dc channel): 0.0013 (0.0016)  L1 (Dn channel): 0.0016 (0.0017)  IoU (P channel): 0.2541 (0.2777)  lr: 0.000956  iter-time: 0.9159
[12:10:58.102449] Epoch: [16]  [270/491]  eta: 0:03:29  loss: 0.0902 (0.1202)  IoU (F channel): 0.2935 (0.3245)  L1 (Dc channel): 0.0013 (0.0016)  L1 (Dn channel): 0.0015 (0.0017)  IoU (P channel): 0.2576 (0.2772)  lr: 0.000957  iter-time: 0.9195
[12:11:07.379582] Epoch: [16]  [280/491]  eta: 0:03:20  loss: 0.0913 (0.1195)  IoU (F channel): 0.3227 (0.3248)  L1 (Dc channel): 0.0014 (0.0016)  L1 (Dn channel): 0.0014 (0.0017)  IoU (P channel): 0.2904 (0.2785)  lr: 0.000958  iter-time: 0.9253
[12:11:16.549589] Epoch: [16]  [290/491]  eta: 0:03:10  loss: 0.0913 (0.1185)  IoU (F channel): 0.3275 (0.3250)  L1 (Dc channel): 0.0014 (0.0016)  L1 (Dn channel): 0.0014 (0.0017)  IoU (P channel): 0.2957 (0.2791)  lr: 0.000958  iter-time: 0.9223
[12:11:25.706568] Epoch: [16]  [300/491]  eta: 0:03:00  loss: 0.0844 (0.1175)  IoU (F channel): 0.2972 (0.3244)  L1 (Dc channel): 0.0014 (0.0016)  L1 (Dn channel): 0.0014 (0.0017)  IoU (P channel): 0.2897 (0.2790)  lr: 0.000959  iter-time: 0.9162
[12:11:34.862222] Epoch: [16]  [310/491]  eta: 0:02:51  loss: 0.0826 (0.1169)  IoU (F channel): 0.3222 (0.3252)  L1 (Dc channel): 0.0014 (0.0016)  L1 (Dn channel): 0.0015 (0.0017)  IoU (P channel): 0.3074 (0.2803)  lr: 0.000960  iter-time: 0.9155
[12:11:44.069072] Epoch: [16]  [320/491]  eta: 0:02:41  loss: 0.0849 (0.1163)  IoU (F channel): 0.3401 (0.3263)  L1 (Dc channel): 0.0014 (0.0016)  L1 (Dn channel): 0.0015 (0.0017)  IoU (P channel): 0.3131 (0.2810)  lr: 0.000960  iter-time: 0.9180
[12:11:53.227305] Epoch: [16]  [330/491]  eta: 0:02:31  loss: 0.0826 (0.1157)  IoU (F channel): 0.3435 (0.3268)  L1 (Dc channel): 0.0015 (0.0016)  L1 (Dn channel): 0.0015 (0.0017)  IoU (P channel): 0.3013 (0.2817)  lr: 0.000961  iter-time: 0.9182
[12:12:02.513859] Epoch: [16]  [340/491]  eta: 0:02:22  loss: 0.0972 (0.1152)  IoU (F channel): 0.3535 (0.3271)  L1 (Dc channel): 0.0015 (0.0016)  L1 (Dn channel): 0.0014 (0.0017)  IoU (P channel): 0.3013 (0.2824)  lr: 0.000962  iter-time: 0.9221
[12:12:11.713144] Epoch: [16]  [350/491]  eta: 0:02:12  loss: 0.1056 (0.1153)  IoU (F channel): 0.3426 (0.3264)  L1 (Dc channel): 0.0015 (0.0016)  L1 (Dn channel): 0.0015 (0.0017)  IoU (P channel): 0.3024 (0.2814)  lr: 0.000962  iter-time: 0.9242
[12:12:20.913644] Epoch: [16]  [360/491]  eta: 0:02:03  loss: 0.1056 (0.1154)  IoU (F channel): 0.3089 (0.3265)  L1 (Dc channel): 0.0015 (0.0016)  L1 (Dn channel): 0.0015 (0.0017)  IoU (P channel): 0.2795 (0.2814)  lr: 0.000963  iter-time: 0.9199
[12:12:30.176350] Epoch: [16]  [370/491]  eta: 0:01:53  loss: 0.1080 (0.1157)  IoU (F channel): 0.2925 (0.3256)  L1 (Dc channel): 0.0015 (0.0016)  L1 (Dn channel): 0.0015 (0.0017)  IoU (P channel): 0.2743 (0.2810)  lr: 0.000964  iter-time: 0.9231
[12:12:39.457377] Epoch: [16]  [380/491]  eta: 0:01:44  loss: 0.1085 (0.1156)  IoU (F channel): 0.3132 (0.3263)  L1 (Dc channel): 0.0015 (0.0016)  L1 (Dn channel): 0.0017 (0.0017)  IoU (P channel): 0.2706 (0.2814)  lr: 0.000964  iter-time: 0.9271
[12:12:48.695437] Epoch: [16]  [390/491]  eta: 0:01:35  loss: 0.1085 (0.1159)  IoU (F channel): 0.3130 (0.3251)  L1 (Dc channel): 0.0015 (0.0016)  L1 (Dn channel): 0.0017 (0.0017)  IoU (P channel): 0.2706 (0.2808)  lr: 0.000965  iter-time: 0.9258
[12:12:57.883155] Epoch: [16]  [400/491]  eta: 0:01:25  loss: 0.1222 (0.1160)  IoU (F channel): 0.3323 (0.3260)  L1 (Dc channel): 0.0015 (0.0016)  L1 (Dn channel): 0.0016 (0.0017)  IoU (P channel): 0.2900 (0.2818)  lr: 0.000966  iter-time: 0.9211
[12:13:07.041822] Epoch: [16]  [410/491]  eta: 0:01:16  loss: 0.1049 (0.1157)  IoU (F channel): 0.3482 (0.3269)  L1 (Dc channel): 0.0015 (0.0016)  L1 (Dn channel): 0.0016 (0.0017)  IoU (P channel): 0.3305 (0.2829)  lr: 0.000966  iter-time: 0.9172
[12:13:16.237619] Epoch: [16]  [420/491]  eta: 0:01:06  loss: 0.1055 (0.1161)  IoU (F channel): 0.3500 (0.3277)  L1 (Dc channel): 0.0015 (0.0016)  L1 (Dn channel): 0.0016 (0.0017)  IoU (P channel): 0.3240 (0.2834)  lr: 0.000967  iter-time: 0.9176
[12:13:25.399750] Epoch: [16]  [430/491]  eta: 0:00:57  loss: 0.1068 (0.1160)  IoU (F channel): 0.3157 (0.3272)  L1 (Dc channel): 0.0016 (0.0016)  L1 (Dn channel): 0.0016 (0.0017)  IoU (P channel): 0.2892 (0.2833)  lr: 0.000968  iter-time: 0.9178
[12:13:34.559157] Epoch: [16]  [440/491]  eta: 0:00:47  loss: 0.1047 (0.1160)  IoU (F channel): 0.3157 (0.3279)  L1 (Dc channel): 0.0014 (0.0016)  L1 (Dn channel): 0.0015 (0.0017)  IoU (P channel): 0.2868 (0.2837)  lr: 0.000968  iter-time: 0.9160
[12:13:43.714703] Epoch: [16]  [450/491]  eta: 0:00:38  loss: 0.1092 (0.1162)  IoU (F channel): 0.3438 (0.3280)  L1 (Dc channel): 0.0014 (0.0016)  L1 (Dn channel): 0.0016 (0.0017)  IoU (P channel): 0.3067 (0.2842)  lr: 0.000969  iter-time: 0.9157
[12:13:52.874464] Epoch: [16]  [460/491]  eta: 0:00:29  loss: 0.1029 (0.1154)  IoU (F channel): 0.3231 (0.3282)  L1 (Dc channel): 0.0015 (0.0016)  L1 (Dn channel): 0.0015 (0.0017)  IoU (P channel): 0.3021 (0.2840)  lr: 0.000969  iter-time: 0.9157
[12:14:02.191169] Epoch: [16]  [470/491]  eta: 0:00:19  loss: 0.0814 (0.1152)  IoU (F channel): 0.3218 (0.3272)  L1 (Dc channel): 0.0014 (0.0016)  L1 (Dn channel): 0.0014 (0.0017)  IoU (P channel): 0.2403 (0.2828)  lr: 0.000970  iter-time: 0.9237
[12:14:11.376136] Epoch: [16]  [480/491]  eta: 0:00:10  loss: 0.1055 (0.1160)  IoU (F channel): 0.3462 (0.3276)  L1 (Dc channel): 0.0017 (0.0016)  L1 (Dn channel): 0.0016 (0.0017)  IoU (P channel): 0.2386 (0.2825)  lr: 0.000971  iter-time: 0.9250
[12:14:20.038068] Epoch: [16]  [490/491]  eta: 0:00:00  loss: 0.1142 (0.1159)  IoU (F channel): 0.3462 (0.3279)  L1 (Dc channel): 0.0016 (0.0016)  L1 (Dn channel): 0.0016 (0.0017)  IoU (P channel): 0.2428 (0.2822)  lr: 0.000971  iter-time: 0.8922
[12:14:20.038271] Epoch: [16] Total time: 0:07:39 (0.9355 s / it)
[12:14:20.038307] [Train] averaged stats: loss: 0.1142 (0.1159)  IoU (F channel): 0.3462 (0.3279)  L1 (Dc channel): 0.0016 (0.0016)  L1 (Dn channel): 0.0016 (0.0017)  IoU (P channel): 0.2428 (0.2822)  lr: 0.000971
[12:14:24.770189] Epoch: [16]  [ 0/27]  eta: 0:02:07  loss: 0.0307 (0.0307)  IoU (F channel): 0.0000 (0.0000)  L1 (Dc channel): 0.0009 (0.0009)  L1 (Dn channel): 0.0016 (0.0016)  IoU (P channel): 0.0000 (0.0000)  iter-time: 4.7307
[12:14:32.811926] Epoch: [16]  [10/27]  eta: 0:00:19  loss: 0.1636 (0.3078)  IoU (F channel): 0.3452 (0.2304)  L1 (Dc channel): 0.0010 (0.0012)  L1 (Dn channel): 0.0016 (0.0023)  IoU (P channel): 0.2113 (0.1816)  iter-time: 1.1611
[12:14:37.065212] Epoch: [16]  [20/27]  eta: 0:00:05  loss: 0.1340 (0.2448)  IoU (F channel): 0.3203 (0.2599)  L1 (Dc channel): 0.0011 (0.0013)  L1 (Dn channel): 0.0016 (0.0022)  IoU (P channel): 0.2559 (0.2044)  iter-time: 0.6147
[12:14:38.608999] Epoch: [16]  [26/27]  eta: 0:00:00  loss: 0.1340 (0.2499)  IoU (F channel): 0.3203 (0.2740)  L1 (Dc channel): 0.0012 (0.0012)  L1 (Dn channel): 0.0018 (0.0021)  IoU (P channel): 0.2630 (0.2122)  iter-time: 0.4336
[12:14:38.609084] Epoch: [16] Total time: 0:00:18 (0.6878 s / it)
[12:14:38.609108] [Val] averaged stats: loss: 0.1340 (0.2499)  IoU (F channel): 0.3203 (0.2740)  L1 (Dc channel): 0.0012 (0.0012)  L1 (Dn channel): 0.0018 (0.0021)  IoU (P channel): 0.2630 (0.2122)
[12:14:38.609291] [Val] best loss: 0.2164 best  IoU (F channel): 0.2579 L1 (Dc channel): 0.0018 L1 (Dn channel): 0.0017 IoU (P channel): 0.2139 
EarlyStopping counter: 3 out of 10
[12:14:38.620449] [Time] 8.0m 2.2h/8.1h

[12:14:38.620470] ~~~ Epoch 17/60 ~~~

[12:14:45.822991] Epoch: [17]  [  0/491]  eta: 0:58:54  loss: 0.1402 (0.1402)  IoU (F channel): 0.4109 (0.4109)  L1 (Dc channel): 0.0015 (0.0015)  L1 (Dn channel): 0.0020 (0.0020)  IoU (P channel): 0.3772 (0.3772)  lr: 0.000971  iter-time: 7.1993
[12:14:55.386518] Epoch: [17]  [ 10/491]  eta: 0:12:12  loss: 0.1095 (0.1134)  IoU (F channel): 0.2950 (0.3239)  L1 (Dc channel): 0.0011 (0.0012)  L1 (Dn channel): 0.0016 (0.0016)  IoU (P channel): 0.2515 (0.2705)  lr: 0.000972  iter-time: 1.5238
[12:15:04.545658] Epoch: [17]  [ 20/491]  eta: 0:09:41  loss: 0.1030 (0.1158)  IoU (F channel): 0.2950 (0.3396)  L1 (Dc channel): 0.0013 (0.0013)  L1 (Dn channel): 0.0016 (0.0017)  IoU (P channel): 0.2680 (0.2905)  lr: 0.000972  iter-time: 0.9360
[12:15:13.786581] Epoch: [17]  [ 30/491]  eta: 0:08:42  loss: 0.1000 (0.1082)  IoU (F channel): 0.3562 (0.3421)  L1 (Dc channel): 0.0013 (0.0013)  L1 (Dn channel): 0.0015 (0.0016)  IoU (P channel): 0.3019 (0.2878)  lr: 0.000973  iter-time: 0.9199
[12:15:22.949101] Epoch: [17]  [ 40/491]  eta: 0:08:07  loss: 0.0942 (0.1044)  IoU (F channel): 0.3282 (0.3360)  L1 (Dc channel): 0.0013 (0.0013)  L1 (Dn channel): 0.0014 (0.0016)  IoU (P channel): 0.2983 (0.2866)  lr: 0.000973  iter-time: 0.9201
[12:15:32.112615] Epoch: [17]  [ 50/491]  eta: 0:07:42  loss: 0.0984 (0.1068)  IoU (F channel): 0.3296 (0.3442)  L1 (Dc channel): 0.0016 (0.0014)  L1 (Dn channel): 0.0014 (0.0016)  IoU (P channel): 0.3047 (0.2908)  lr: 0.000974  iter-time: 0.9162
[12:15:41.301825] Epoch: [17]  [ 60/491]  eta: 0:07:22  loss: 0.1058 (0.1059)  IoU (F channel): 0.3145 (0.3342)  L1 (Dc channel): 0.0015 (0.0014)  L1 (Dn channel): 0.0016 (0.0016)  IoU (P channel): 0.3087 (0.2845)  lr: 0.000975  iter-time: 0.9175
[12:15:50.464386] Epoch: [17]  [ 70/491]  eta: 0:07:05  loss: 0.1060 (0.1065)  IoU (F channel): 0.2936 (0.3326)  L1 (Dc channel): 0.0014 (0.0014)  L1 (Dn channel): 0.0016 (0.0016)  IoU (P channel): 0.2605 (0.2828)  lr: 0.000975  iter-time: 0.9175
[12:15:59.708714] Epoch: [17]  [ 80/491]  eta: 0:06:51  loss: 0.1060 (0.1064)  IoU (F channel): 0.3328 (0.3366)  L1 (Dc channel): 0.0014 (0.0014)  L1 (Dn channel): 0.0016 (0.0016)  IoU (P channel): 0.3007 (0.2887)  lr: 0.000976  iter-time: 0.9202
[12:16:09.071964] Epoch: [17]  [ 90/491]  eta: 0:06:38  loss: 0.1073 (0.1079)  IoU (F channel): 0.2992 (0.3334)  L1 (Dc channel): 0.0014 (0.0014)  L1 (Dn channel): 0.0015 (0.0016)  IoU (P channel): 0.2868 (0.2870)  lr: 0.000976  iter-time: 0.9302
[12:16:18.336571] Epoch: [17]  [100/491]  eta: 0:06:25  loss: 0.1144 (0.1095)  IoU (F channel): 0.2933 (0.3397)  L1 (Dc channel): 0.0015 (0.0014)  L1 (Dn channel): 0.0016 (0.0016)  IoU (P channel): 0.2845 (0.2903)  lr: 0.000977  iter-time: 0.9312
[12:16:27.494050] Epoch: [17]  [110/491]  eta: 0:06:13  loss: 0.1010 (0.1072)  IoU (F channel): 0.3561 (0.3409)  L1 (Dc channel): 0.0015 (0.0014)  L1 (Dn channel): 0.0014 (0.0016)  IoU (P channel): 0.2845 (0.2883)  lr: 0.000977  iter-time: 0.9210
[12:16:36.864418] Epoch: [17]  [120/491]  eta: 0:06:02  loss: 0.0781 (0.1072)  IoU (F channel): 0.3421 (0.3406)  L1 (Dc channel): 0.0013 (0.0014)  L1 (Dn channel): 0.0014 (0.0016)  IoU (P channel): 0.2585 (0.2874)  lr: 0.000978  iter-time: 0.9263
[12:16:46.268873] Epoch: [17]  [130/491]  eta: 0:05:51  loss: 0.0980 (0.1070)  IoU (F channel): 0.2959 (0.3381)  L1 (Dc channel): 0.0014 (0.0014)  L1 (Dn channel): 0.0015 (0.0016)  IoU (P channel): 0.2617 (0.2860)  lr: 0.000978  iter-time: 0.9386
[12:16:55.511786] Epoch: [17]  [140/491]  eta: 0:05:40  loss: 0.1061 (0.1067)  IoU (F channel): 0.3056 (0.3395)  L1 (Dc channel): 0.0014 (0.0014)  L1 (Dn channel): 0.0016 (0.0016)  IoU (P channel): 0.2834 (0.2882)  lr: 0.000979  iter-time: 0.9322
[12:17:04.683003] Epoch: [17]  [150/491]  eta: 0:05:29  loss: 0.1071 (0.1076)  IoU (F channel): 0.3375 (0.3412)  L1 (Dc channel): 0.0014 (0.0014)  L1 (Dn channel): 0.0016 (0.0016)  IoU (P channel): 0.3211 (0.2902)  lr: 0.000979  iter-time: 0.9206
[12:17:13.844789] Epoch: [17]  [160/491]  eta: 0:05:19  loss: 0.0873 (0.1064)  IoU (F channel): 0.3393 (0.3418)  L1 (Dc channel): 0.0014 (0.0014)  L1 (Dn channel): 0.0014 (0.0016)  IoU (P channel): 0.3017 (0.2910)  lr: 0.000980  iter-time: 0.9165
[12:17:23.018265] Epoch: [17]  [170/491]  eta: 0:05:08  loss: 0.0867 (0.1055)  IoU (F channel): 0.3250 (0.3404)  L1 (Dc channel): 0.0013 (0.0014)  L1 (Dn channel): 0.0013 (0.0016)  IoU (P channel): 0.2900 (0.2902)  lr: 0.000980  iter-time: 0.9167
[12:17:32.215880] Epoch: [17]  [180/491]  eta: 0:04:58  loss: 0.1072 (0.1064)  IoU (F channel): 0.3105 (0.3407)  L1 (Dc channel): 0.0016 (0.0014)  L1 (Dn channel): 0.0014 (0.0016)  IoU (P channel): 0.2989 (0.2906)  lr: 0.000981  iter-time: 0.9184
[12:17:41.377339] Epoch: [17]  [190/491]  eta: 0:04:47  loss: 0.1187 (0.1080)  IoU (F channel): 0.3325 (0.3399)  L1 (Dc channel): 0.0015 (0.0014)  L1 (Dn channel): 0.0015 (0.0016)  IoU (P channel): 0.2989 (0.2898)  lr: 0.000981  iter-time: 0.9178
[12:17:50.533484] Epoch: [17]  [200/491]  eta: 0:04:37  loss: 0.1119 (0.1090)  IoU (F channel): 0.2799 (0.3373)  L1 (Dc channel): 0.0014 (0.0014)  L1 (Dn channel): 0.0014 (0.0016)  IoU (P channel): 0.2544 (0.2871)  lr: 0.000982  iter-time: 0.9158
[12:17:59.881008] Epoch: [17]  [210/491]  eta: 0:04:27  loss: 0.1119 (0.1118)  IoU (F channel): 0.2590 (0.3361)  L1 (Dc channel): 0.0014 (0.0015)  L1 (Dn channel): 0.0014 (0.0016)  IoU (P channel): 0.2245 (0.2863)  lr: 0.000982  iter-time: 0.9251
[12:18:09.173192] Epoch: [17]  [220/491]  eta: 0:04:18  loss: 0.1700 (0.1155)  IoU (F channel): 0.2518 (0.3339)  L1 (Dc channel): 0.0017 (0.0015)  L1 (Dn channel): 0.0014 (0.0016)  IoU (P channel): 0.2133 (0.2832)  lr: 0.000983  iter-time: 0.9318
[12:18:18.340440] Epoch: [17]  [230/491]  eta: 0:04:08  loss: 0.1452 (0.1159)  IoU (F channel): 0.3340 (0.3346)  L1 (Dc channel): 0.0015 (0.0015)  L1 (Dn channel): 0.0013 (0.0016)  IoU (P channel): 0.2562 (0.2830)  lr: 0.000983  iter-time: 0.9228
[12:18:27.711900] Epoch: [17]  [240/491]  eta: 0:03:58  loss: 0.1307 (0.1166)  IoU (F channel): 0.3209 (0.3339)  L1 (Dc channel): 0.0012 (0.0015)  L1 (Dn channel): 0.0012 (0.0015)  IoU (P channel): 0.2681 (0.2827)  lr: 0.000983  iter-time: 0.9268
[12:18:36.990975] Epoch: [17]  [250/491]  eta: 0:03:48  loss: 0.1050 (0.1161)  IoU (F channel): 0.3381 (0.3355)  L1 (Dc channel): 0.0011 (0.0014)  L1 (Dn channel): 0.0011 (0.0015)  IoU (P channel): 0.2777 (0.2838)  lr: 0.000984  iter-time: 0.9324
[12:18:46.347907] Epoch: [17]  [260/491]  eta: 0:03:39  loss: 0.0905 (0.1152)  IoU (F channel): 0.3559 (0.3375)  L1 (Dc channel): 0.0010 (0.0014)  L1 (Dn channel): 0.0009 (0.0015)  IoU (P channel): 0.2979 (0.2847)  lr: 0.000984  iter-time: 0.9317
[12:18:55.736021] Epoch: [17]  [270/491]  eta: 0:03:29  loss: 0.0982 (0.1159)  IoU (F channel): 0.3597 (0.3375)  L1 (Dc channel): 0.0010 (0.0014)  L1 (Dn channel): 0.0009 (0.0015)  IoU (P channel): 0.2808 (0.2842)  lr: 0.000985  iter-time: 0.9371
[12:19:05.105881] Epoch: [17]  [280/491]  eta: 0:03:20  loss: 0.1177 (0.1157)  IoU (F channel): 0.3664 (0.3378)  L1 (Dc channel): 0.0011 (0.0014)  L1 (Dn channel): 0.0012 (0.0015)  IoU (P channel): 0.2781 (0.2840)  lr: 0.000985  iter-time: 0.9378
[12:19:14.559190] Epoch: [17]  [290/491]  eta: 0:03:10  loss: 0.0992 (0.1161)  IoU (F channel): 0.3419 (0.3382)  L1 (Dc channel): 0.0012 (0.0014)  L1 (Dn channel): 0.0014 (0.0015)  IoU (P channel): 0.2747 (0.2839)  lr: 0.000986  iter-time: 0.9410
[12:19:23.747182] Epoch: [17]  [300/491]  eta: 0:03:00  loss: 0.0928 (0.1162)  IoU (F channel): 0.3419 (0.3392)  L1 (Dc channel): 0.0016 (0.0014)  L1 (Dn channel): 0.0018 (0.0015)  IoU (P channel): 0.2625 (0.2841)  lr: 0.000986  iter-time: 0.9319
[12:19:33.050936] Epoch: [17]  [310/491]  eta: 0:02:51  loss: 0.1004 (0.1160)  IoU (F channel): 0.3405 (0.3390)  L1 (Dc channel): 0.0015 (0.0014)  L1 (Dn channel): 0.0016 (0.0015)  IoU (P channel): 0.2833 (0.2847)  lr: 0.000986  iter-time: 0.9245
[12:19:42.442336] Epoch: [17]  [320/491]  eta: 0:02:41  loss: 0.0943 (0.1151)  IoU (F channel): 0.3405 (0.3402)  L1 (Dc channel): 0.0013 (0.0014)  L1 (Dn channel): 0.0015 (0.0015)  IoU (P channel): 0.2870 (0.2851)  lr: 0.000987  iter-time: 0.9346
[12:19:51.936950] Epoch: [17]  [330/491]  eta: 0:02:32  loss: 0.0960 (0.1153)  IoU (F channel): 0.3666 (0.3399)  L1 (Dc channel): 0.0012 (0.0014)  L1 (Dn channel): 0.0015 (0.0015)  IoU (P channel): 0.2730 (0.2849)  lr: 0.000987  iter-time: 0.9442
[12:20:01.355437] Epoch: [17]  [340/491]  eta: 0:02:22  loss: 0.1087 (0.1160)  IoU (F channel): 0.3080 (0.3392)  L1 (Dc channel): 0.0014 (0.0014)  L1 (Dn channel): 0.0016 (0.0015)  IoU (P channel): 0.2507 (0.2834)  lr: 0.000988  iter-time: 0.9455
[12:20:10.571178] Epoch: [17]  [350/491]  eta: 0:02:13  loss: 0.1038 (0.1155)  IoU (F channel): 0.2856 (0.3378)  L1 (Dc channel): 0.0015 (0.0014)  L1 (Dn channel): 0.0015 (0.0015)  IoU (P channel): 0.2332 (0.2820)  lr: 0.000988  iter-time: 0.9316
[12:20:19.846119] Epoch: [17]  [360/491]  eta: 0:02:03  loss: 0.1085 (0.1160)  IoU (F channel): 0.2788 (0.3357)  L1 (Dc channel): 0.0012 (0.0014)  L1 (Dn channel): 0.0012 (0.0015)  IoU (P channel): 0.2374 (0.2807)  lr: 0.000988  iter-time: 0.9244
[12:20:29.243123] Epoch: [17]  [370/491]  eta: 0:01:54  loss: 0.1085 (0.1161)  IoU (F channel): 0.3303 (0.3355)  L1 (Dc channel): 0.0012 (0.0014)  L1 (Dn channel): 0.0013 (0.0015)  IoU (P channel): 0.2377 (0.2794)  lr: 0.000989  iter-time: 0.9335
[12:20:38.455857] Epoch: [17]  [380/491]  eta: 0:01:44  loss: 0.0948 (0.1158)  IoU (F channel): 0.3864 (0.3382)  L1 (Dc channel): 0.0015 (0.0014)  L1 (Dn channel): 0.0014 (0.0015)  IoU (P channel): 0.3210 (0.2811)  lr: 0.000989  iter-time: 0.9304
[12:20:47.648796] Epoch: [17]  [390/491]  eta: 0:01:35  loss: 0.1040 (0.1154)  IoU (F channel): 0.3726 (0.3379)  L1 (Dc channel): 0.0015 (0.0014)  L1 (Dn channel): 0.0017 (0.0015)  IoU (P channel): 0.3205 (0.2807)  lr: 0.000989  iter-time: 0.9202
[12:20:56.825868] Epoch: [17]  [400/491]  eta: 0:01:25  loss: 0.1081 (0.1156)  IoU (F channel): 0.3156 (0.3370)  L1 (Dc channel): 0.0015 (0.0014)  L1 (Dn channel): 0.0016 (0.0015)  IoU (P channel): 0.2596 (0.2797)  lr: 0.000990  iter-time: 0.9184
[12:21:05.990963] Epoch: [17]  [410/491]  eta: 0:01:16  loss: 0.1425 (0.1168)  IoU (F channel): 0.3167 (0.3362)  L1 (Dc channel): 0.0015 (0.0014)  L1 (Dn channel): 0.0016 (0.0015)  IoU (P channel): 0.2668 (0.2789)  lr: 0.000990  iter-time: 0.9170
[12:21:15.258090] Epoch: [17]  [420/491]  eta: 0:01:06  loss: 0.1206 (0.1164)  IoU (F channel): 0.3021 (0.3361)  L1 (Dc channel): 0.0013 (0.0014)  L1 (Dn channel): 0.0014 (0.0015)  IoU (P channel): 0.2635 (0.2784)  lr: 0.000991  iter-time: 0.9215
[12:21:24.468261] Epoch: [17]  [430/491]  eta: 0:00:57  loss: 0.1050 (0.1167)  IoU (F channel): 0.3021 (0.3365)  L1 (Dc channel): 0.0013 (0.0014)  L1 (Dn channel): 0.0012 (0.0015)  IoU (P channel): 0.2506 (0.2783)  lr: 0.000991  iter-time: 0.9238
[12:21:33.640860] Epoch: [17]  [440/491]  eta: 0:00:47  loss: 0.1009 (0.1161)  IoU (F channel): 0.3006 (0.3359)  L1 (Dc channel): 0.0013 (0.0014)  L1 (Dn channel): 0.0010 (0.0015)  IoU (P channel): 0.2664 (0.2780)  lr: 0.000991  iter-time: 0.9190
[12:21:42.922117] Epoch: [17]  [450/491]  eta: 0:00:38  loss: 0.0989 (0.1164)  IoU (F channel): 0.3278 (0.3367)  L1 (Dc channel): 0.0013 (0.0014)  L1 (Dn channel): 0.0012 (0.0015)  IoU (P channel): 0.2927 (0.2786)  lr: 0.000992  iter-time: 0.9225
[12:21:52.273508] Epoch: [17]  [460/491]  eta: 0:00:29  loss: 0.1174 (0.1163)  IoU (F channel): 0.3652 (0.3372)  L1 (Dc channel): 0.0013 (0.0014)  L1 (Dn channel): 0.0015 (0.0015)  IoU (P channel): 0.2927 (0.2789)  lr: 0.000992  iter-time: 0.9315
[12:22:01.431668] Epoch: [17]  [470/491]  eta: 0:00:19  loss: 0.1114 (0.1163)  IoU (F channel): 0.3232 (0.3377)  L1 (Dc channel): 0.0013 (0.0014)  L1 (Dn channel): 0.0015 (0.0015)  IoU (P channel): 0.2962 (0.2800)  lr: 0.000992  iter-time: 0.9253
[12:22:10.589420] Epoch: [17]  [480/491]  eta: 0:00:10  loss: 0.0874 (0.1159)  IoU (F channel): 0.3168 (0.3373)  L1 (Dc channel): 0.0011 (0.0014)  L1 (Dn channel): 0.0015 (0.0015)  IoU (P channel): 0.3002 (0.2797)  lr: 0.000992  iter-time: 0.9157
[12:22:19.246871] Epoch: [17]  [490/491]  eta: 0:00:00  loss: 0.0874 (0.1159)  IoU (F channel): 0.3286 (0.3379)  L1 (Dc channel): 0.0010 (0.0014)  L1 (Dn channel): 0.0015 (0.0015)  IoU (P channel): 0.2996 (0.2806)  lr: 0.000993  iter-time: 0.8907
[12:22:19.247129] Epoch: [17] Total time: 0:07:40 (0.9381 s / it)
[12:22:19.247160] [Train] averaged stats: loss: 0.0874 (0.1159)  IoU (F channel): 0.3286 (0.3379)  L1 (Dc channel): 0.0010 (0.0014)  L1 (Dn channel): 0.0015 (0.0015)  IoU (P channel): 0.2996 (0.2806)  lr: 0.000993
[12:22:24.549386] Epoch: [17]  [ 0/27]  eta: 0:02:23  loss: 0.0261 (0.0261)  IoU (F channel): 0.0000 (0.0000)  L1 (Dc channel): 0.0007 (0.0007)  L1 (Dn channel): 0.0011 (0.0011)  IoU (P channel): 0.0000 (0.0000)  iter-time: 5.3011
[12:22:31.549642] Epoch: [17]  [10/27]  eta: 0:00:19  loss: 0.1382 (0.1889)  IoU (F channel): 0.2850 (0.2084)  L1 (Dc channel): 0.0009 (0.0010)  L1 (Dn channel): 0.0013 (0.0019)  IoU (P channel): 0.2180 (0.1735)  iter-time: 1.1183
[12:22:35.795242] Epoch: [17]  [20/27]  eta: 0:00:05  loss: 0.1249 (0.1794)  IoU (F channel): 0.2850 (0.2422)  L1 (Dc channel): 0.0009 (0.0010)  L1 (Dn channel): 0.0013 (0.0018)  IoU (P channel): 0.2217 (0.1966)  iter-time: 0.5622
[12:22:38.788153] Epoch: [17]  [26/27]  eta: 0:00:00  loss: 0.1249 (0.1745)  IoU (F channel): 0.2842 (0.2528)  L1 (Dc channel): 0.0009 (0.0010)  L1 (Dn channel): 0.0015 (0.0018)  IoU (P channel): 0.2684 (0.2059)  iter-time: 0.5062
[12:22:38.788271] Epoch: [17] Total time: 0:00:19 (0.7237 s / it)
[12:22:38.788292] [Val] averaged stats: loss: 0.1249 (0.1745)  IoU (F channel): 0.2842 (0.2528)  L1 (Dc channel): 0.0009 (0.0010)  L1 (Dn channel): 0.0015 (0.0018)  IoU (P channel): 0.2684 (0.2059)
[12:22:38.788502] Val loss improved from 0.21640297439363268 to 0.17453251034021378, saving model to metrics/biapy/biapy-channel-scale-zarr-seunet/checkpoints/biapy-channel-scale-zarr-seunet_1_w3443-checkpoint-best.pth
[12:22:38.918891] [Val] best loss: 0.1745 best  IoU (F channel): 0.2528 L1 (Dc channel): 0.0010 L1 (Dn channel): 0.0018 IoU (P channel): 0.2059 
[12:22:38.926298] [Time] 8.0m 2.3h/8.2h

[12:22:38.926317] ~~~ Epoch 18/60 ~~~

[12:22:43.906557] Epoch: [18]  [  0/491]  eta: 0:40:44  loss: 0.1532 (0.1532)  IoU (F channel): 0.5082 (0.5082)  L1 (Dc channel): 0.0013 (0.0013)  L1 (Dn channel): 0.0016 (0.0016)  IoU (P channel): 0.3697 (0.3697)  lr: 0.000993  iter-time: 4.9785
[12:22:53.387067] Epoch: [18]  [ 10/491]  eta: 0:10:32  loss: 0.1437 (0.1345)  IoU (F channel): 0.3175 (0.3775)  L1 (Dc channel): 0.0016 (0.0016)  L1 (Dn channel): 0.0019 (0.0020)  IoU (P channel): 0.3135 (0.3207)  lr: 0.000993  iter-time: 1.3143
[12:23:02.554516] Epoch: [18]  [ 20/491]  eta: 0:08:49  loss: 0.1154 (0.1142)  IoU (F channel): 0.3175 (0.3647)  L1 (Dc channel): 0.0015 (0.0015)  L1 (Dn channel): 0.0015 (0.0018)  IoU (P channel): 0.3022 (0.3061)  lr: 0.000993  iter-time: 0.9323
[12:23:11.713777] Epoch: [18]  [ 30/491]  eta: 0:08:07  loss: 0.0920 (0.1128)  IoU (F channel): 0.3516 (0.3710)  L1 (Dc channel): 0.0016 (0.0015)  L1 (Dn channel): 0.0015 (0.0017)  IoU (P channel): 0.3140 (0.3115)  lr: 0.000994  iter-time: 0.9162
[12:23:20.885081] Epoch: [18]  [ 40/491]  eta: 0:07:41  loss: 0.0950 (0.1058)  IoU (F channel): 0.3685 (0.3699)  L1 (Dc channel): 0.0016 (0.0015)  L1 (Dn channel): 0.0014 (0.0016)  IoU (P channel): 0.3140 (0.3101)  lr: 0.000994  iter-time: 0.9164
[12:23:30.044531] Epoch: [18]  [ 50/491]  eta: 0:07:21  loss: 0.0948 (0.1064)  IoU (F channel): 0.3466 (0.3703)  L1 (Dc channel): 0.0015 (0.0015)  L1 (Dn channel): 0.0014 (0.0017)  IoU (P channel): 0.3051 (0.3102)  lr: 0.000994  iter-time: 0.9164
[12:23:39.450716] Epoch: [18]  [ 60/491]  eta: 0:07:07  loss: 0.0961 (0.1046)  IoU (F channel): 0.3394 (0.3651)  L1 (Dc channel): 0.0015 (0.0015)  L1 (Dn channel): 0.0016 (0.0016)  IoU (P channel): 0.2953 (0.3096)  lr: 0.000994  iter-time: 0.9281
[12:23:48.707934] Epoch: [18]  [ 70/491]  eta: 0:06:53  loss: 0.1083 (0.1079)  IoU (F channel): 0.3394 (0.3629)  L1 (Dc channel): 0.0014 (0.0015)  L1 (Dn channel): 0.0016 (0.0017)  IoU (P channel): 0.2953 (0.3089)  lr: 0.000995  iter-time: 0.9330
[12:23:57.895191] Epoch: [18]  [ 80/491]  eta: 0:06:40  loss: 0.1147 (0.1102)  IoU (F channel): 0.3754 (0.3649)  L1 (Dc channel): 0.0014 (0.0015)  L1 (Dn channel): 0.0017 (0.0017)  IoU (P channel): 0.3016 (0.3083)  lr: 0.000995  iter-time: 0.9221
[12:24:07.049899] Epoch: [18]  [ 90/491]  eta: 0:06:28  loss: 0.0909 (0.1095)  IoU (F channel): 0.3485 (0.3624)  L1 (Dc channel): 0.0014 (0.0015)  L1 (Dn channel): 0.0015 (0.0017)  IoU (P channel): 0.2942 (0.3063)  lr: 0.000995  iter-time: 0.9170
[12:24:16.212782] Epoch: [18]  [100/491]  eta: 0:06:16  loss: 0.0760 (0.1082)  IoU (F channel): 0.3445 (0.3607)  L1 (Dc channel): 0.0014 (0.0015)  L1 (Dn channel): 0.0012 (0.0016)  IoU (P channel): 0.2942 (0.3051)  lr: 0.000995  iter-time: 0.9158
[12:24:25.539551] Epoch: [18]  [110/491]  eta: 0:06:05  loss: 0.0772 (0.1061)  IoU (F channel): 0.3206 (0.3539)  L1 (Dc channel): 0.0014 (0.0015)  L1 (Dn channel): 0.0011 (0.0016)  IoU (P channel): 0.2793 (0.2985)  lr: 0.000996  iter-time: 0.9244
[12:24:34.785686] Epoch: [18]  [120/491]  eta: 0:05:55  loss: 0.0996 (0.1071)  IoU (F channel): 0.3252 (0.3571)  L1 (Dc channel): 0.0012 (0.0014)  L1 (Dn channel): 0.0011 (0.0016)  IoU (P channel): 0.2970 (0.3019)  lr: 0.000996  iter-time: 0.9285
[12:24:43.948802] Epoch: [18]  [130/491]  eta: 0:05:44  loss: 0.1016 (0.1060)  IoU (F channel): 0.3778 (0.3568)  L1 (Dc channel): 0.0010 (0.0014)  L1 (Dn channel): 0.0015 (0.0016)  IoU (P channel): 0.2914 (0.3002)  lr: 0.000996  iter-time: 0.9203
[12:24:53.200028] Epoch: [18]  [140/491]  eta: 0:05:34  loss: 0.0908 (0.1052)  IoU (F channel): 0.3559 (0.3585)  L1 (Dc channel): 0.0009 (0.0014)  L1 (Dn channel): 0.0015 (0.0016)  IoU (P channel): 0.2914 (0.3017)  lr: 0.000996  iter-time: 0.9206
[12:25:02.358197] Epoch: [18]  [150/491]  eta: 0:05:23  loss: 0.0860 (0.1046)  IoU (F channel): 0.3383 (0.3567)  L1 (Dc channel): 0.0010 (0.0014)  L1 (Dn channel): 0.0015 (0.0016)  IoU (P channel): 0.3000 (0.3000)  lr: 0.000997  iter-time: 0.9204
[12:25:11.614600] Epoch: [18]  [160/491]  eta: 0:05:13  loss: 0.0794 (0.1029)  IoU (F channel): 0.3191 (0.3560)  L1 (Dc channel): 0.0012 (0.0014)  L1 (Dn channel): 0.0014 (0.0016)  IoU (P channel): 0.2797 (0.2992)  lr: 0.000997  iter-time: 0.9206
[12:25:20.900790] Epoch: [18]  [170/491]  eta: 0:05:04  loss: 0.0794 (0.1020)  IoU (F channel): 0.3831 (0.3570)  L1 (Dc channel): 0.0013 (0.0014)  L1 (Dn channel): 0.0014 (0.0016)  IoU (P channel): 0.2889 (0.2998)  lr: 0.000997  iter-time: 0.9270
[12:25:30.126987] Epoch: [18]  [180/491]  eta: 0:04:54  loss: 0.0900 (0.1027)  IoU (F channel): 0.3777 (0.3552)  L1 (Dc channel): 0.0015 (0.0014)  L1 (Dn channel): 0.0014 (0.0016)  IoU (P channel): 0.3143 (0.2991)  lr: 0.000997  iter-time: 0.9255
[12:25:39.283033] Epoch: [18]  [190/491]  eta: 0:04:44  loss: 0.0916 (0.1016)  IoU (F channel): 0.3346 (0.3564)  L1 (Dc channel): 0.0014 (0.0014)  L1 (Dn channel): 0.0014 (0.0016)  IoU (P channel): 0.3035 (0.3004)  lr: 0.000997  iter-time: 0.9190
[12:25:48.444707] Epoch: [18]  [200/491]  eta: 0:04:34  loss: 0.0952 (0.1019)  IoU (F channel): 0.3395 (0.3564)  L1 (Dc channel): 0.0014 (0.0014)  L1 (Dn channel): 0.0015 (0.0016)  IoU (P channel): 0.3035 (0.3017)  lr: 0.000997  iter-time: 0.9158
[12:25:57.602843] Epoch: [18]  [210/491]  eta: 0:04:24  loss: 0.0952 (0.1008)  IoU (F channel): 0.3386 (0.3561)  L1 (Dc channel): 0.0014 (0.0014)  L1 (Dn channel): 0.0013 (0.0015)  IoU (P channel): 0.3053 (0.3019)  lr: 0.000998  iter-time: 0.9159
[12:26:06.759996] Epoch: [18]  [220/491]  eta: 0:04:14  loss: 0.0685 (0.0998)  IoU (F channel): 0.3472 (0.3564)  L1 (Dc channel): 0.0013 (0.0014)  L1 (Dn channel): 0.0012 (0.0015)  IoU (P channel): 0.3053 (0.3013)  lr: 0.000998  iter-time: 0.9157
[12:26:15.959299] Epoch: [18]  [230/491]  eta: 0:04:05  loss: 0.0852 (0.1000)  IoU (F channel): 0.3658 (0.3576)  L1 (Dc channel): 0.0013 (0.0014)  L1 (Dn channel): 0.0014 (0.0015)  IoU (P channel): 0.3056 (0.3018)  lr: 0.000998  iter-time: 0.9177
[12:26:25.132426] Epoch: [18]  [240/491]  eta: 0:03:55  loss: 0.0869 (0.0993)  IoU (F channel): 0.3539 (0.3563)  L1 (Dc channel): 0.0013 (0.0014)  L1 (Dn channel): 0.0013 (0.0015)  IoU (P channel): 0.3133 (0.3013)  lr: 0.000998  iter-time: 0.9185
[12:26:34.295548] Epoch: [18]  [250/491]  eta: 0:03:45  loss: 0.0869 (0.0994)  IoU (F channel): 0.3265 (0.3564)  L1 (Dc channel): 0.0012 (0.0014)  L1 (Dn channel): 0.0013 (0.0015)  IoU (P channel): 0.3107 (0.3019)  lr: 0.000998  iter-time: 0.9167
[12:26:43.514451] Epoch: [18]  [260/491]  eta: 0:03:36  loss: 0.0799 (0.0991)  IoU (F channel): 0.3293 (0.3575)  L1 (Dc channel): 0.0014 (0.0014)  L1 (Dn channel): 0.0014 (0.0015)  IoU (P channel): 0.2991 (0.3020)  lr: 0.000998  iter-time: 0.9190
[12:26:52.669882] Epoch: [18]  [270/491]  eta: 0:03:26  loss: 0.0788 (0.0998)  IoU (F channel): 0.3272 (0.3578)  L1 (Dc channel): 0.0014 (0.0014)  L1 (Dn channel): 0.0014 (0.0015)  IoU (P channel): 0.2951 (0.3020)  lr: 0.000999  iter-time: 0.9186
[12:27:01.854120] Epoch: [18]  [280/491]  eta: 0:03:17  loss: 0.0885 (0.0997)  IoU (F channel): 0.3279 (0.3574)  L1 (Dc channel): 0.0014 (0.0014)  L1 (Dn channel): 0.0013 (0.0015)  IoU (P channel): 0.2951 (0.3022)  lr: 0.000999  iter-time: 0.9169
[12:27:11.086945] Epoch: [18]  [290/491]  eta: 0:03:07  loss: 0.0849 (0.0998)  IoU (F channel): 0.3368 (0.3576)  L1 (Dc channel): 0.0013 (0.0014)  L1 (Dn channel): 0.0013 (0.0015)  IoU (P channel): 0.2984 (0.3021)  lr: 0.000999  iter-time: 0.9207
[12:27:20.281605] Epoch: [18]  [300/491]  eta: 0:02:58  loss: 0.0817 (0.0998)  IoU (F channel): 0.3273 (0.3573)  L1 (Dc channel): 0.0012 (0.0014)  L1 (Dn channel): 0.0016 (0.0015)  IoU (P channel): 0.2882 (0.3012)  lr: 0.000999  iter-time: 0.9212
[12:27:29.492515] Epoch: [18]  [310/491]  eta: 0:02:49  loss: 0.0888 (0.0998)  IoU (F channel): 0.3171 (0.3562)  L1 (Dc channel): 0.0012 (0.0014)  L1 (Dn channel): 0.0015 (0.0015)  IoU (P channel): 0.2845 (0.3006)  lr: 0.000999  iter-time: 0.9202
[12:27:38.645456] Epoch: [18]  [320/491]  eta: 0:02:39  loss: 0.0785 (0.0997)  IoU (F channel): 0.3068 (0.3548)  L1 (Dc channel): 0.0015 (0.0014)  L1 (Dn channel): 0.0016 (0.0015)  IoU (P channel): 0.2648 (0.2997)  lr: 0.000999  iter-time: 0.9181
[12:27:47.898753] Epoch: [18]  [330/491]  eta: 0:02:30  loss: 0.0863 (0.0996)  IoU (F channel): 0.3172 (0.3546)  L1 (Dc channel): 0.0014 (0.0014)  L1 (Dn channel): 0.0015 (0.0015)  IoU (P channel): 0.2668 (0.2999)  lr: 0.000999  iter-time: 0.9202
[12:27:57.187880] Epoch: [18]  [340/491]  eta: 0:02:20  loss: 0.0873 (0.0992)  IoU (F channel): 0.3439 (0.3541)  L1 (Dc channel): 0.0013 (0.0014)  L1 (Dn channel): 0.0013 (0.0015)  IoU (P channel): 0.3092 (0.3002)  lr: 0.000999  iter-time: 0.9270
[12:28:06.367048] Epoch: [18]  [350/491]  eta: 0:02:11  loss: 0.0891 (0.1002)  IoU (F channel): 0.3439 (0.3540)  L1 (Dc channel): 0.0014 (0.0014)  L1 (Dn channel): 0.0017 (0.0015)  IoU (P channel): 0.2957 (0.2998)  lr: 0.000999  iter-time: 0.9233
[12:28:15.532167] Epoch: [18]  [360/491]  eta: 0:02:02  loss: 0.1245 (0.1011)  IoU (F channel): 0.2935 (0.3526)  L1 (Dc channel): 0.0016 (0.0014)  L1 (Dn channel): 0.0017 (0.0015)  IoU (P channel): 0.2381 (0.2981)  lr: 0.000999  iter-time: 0.9171
[12:28:24.713977] Epoch: [18]  [370/491]  eta: 0:01:52  loss: 0.1253 (0.1018)  IoU (F channel): 0.3211 (0.3532)  L1 (Dc channel): 0.0015 (0.0014)  L1 (Dn channel): 0.0017 (0.0016)  IoU (P channel): 0.2549 (0.2981)  lr: 0.001000  iter-time: 0.9172
[12:28:33.886389] Epoch: [18]  [380/491]  eta: 0:01:43  loss: 0.1253 (0.1029)  IoU (F channel): 0.3418 (0.3524)  L1 (Dc channel): 0.0015 (0.0014)  L1 (Dn channel): 0.0017 (0.0016)  IoU (P channel): 0.2674 (0.2969)  lr: 0.001000  iter-time: 0.9176
[12:28:43.045530] Epoch: [18]  [390/491]  eta: 0:01:34  loss: 0.0965 (0.1024)  IoU (F channel): 0.3807 (0.3536)  L1 (Dc channel): 0.0014 (0.0014)  L1 (Dn channel): 0.0015 (0.0016)  IoU (P channel): 0.3151 (0.2977)  lr: 0.001000  iter-time: 0.9165
[12:28:52.210326] Epoch: [18]  [400/491]  eta: 0:01:24  loss: 0.0745 (0.1014)  IoU (F channel): 0.3836 (0.3537)  L1 (Dc channel): 0.0012 (0.0014)  L1 (Dn channel): 0.0014 (0.0015)  IoU (P channel): 0.3060 (0.2973)  lr: 0.001000  iter-time: 0.9161
[12:29:01.478782] Epoch: [18]  [410/491]  eta: 0:01:15  loss: 0.0671 (0.1011)  IoU (F channel): 0.3546 (0.3534)  L1 (Dc channel): 0.0012 (0.0014)  L1 (Dn channel): 0.0012 (0.0015)  IoU (P channel): 0.2891 (0.2967)  lr: 0.001000  iter-time: 0.9215
[12:29:10.853098] Epoch: [18]  [420/491]  eta: 0:01:06  loss: 0.0702 (0.1007)  IoU (F channel): 0.3620 (0.3538)  L1 (Dc channel): 0.0013 (0.0014)  L1 (Dn channel): 0.0014 (0.0015)  IoU (P channel): 0.2984 (0.2970)  lr: 0.001000  iter-time: 0.9320
[12:29:20.334312] Epoch: [18]  [430/491]  eta: 0:00:56  loss: 0.0732 (0.1009)  IoU (F channel): 0.3620 (0.3532)  L1 (Dc channel): 0.0014 (0.0014)  L1 (Dn channel): 0.0014 (0.0015)  IoU (P channel): 0.2900 (0.2964)  lr: 0.001000  iter-time: 0.9426
[12:29:29.729771] Epoch: [18]  [440/491]  eta: 0:00:47  loss: 0.1008 (0.1015)  IoU (F channel): 0.3337 (0.3528)  L1 (Dc channel): 0.0012 (0.0014)  L1 (Dn channel): 0.0015 (0.0015)  IoU (P channel): 0.2800 (0.2961)  lr: 0.001000  iter-time: 0.9437
[12:29:38.912107] Epoch: [18]  [450/491]  eta: 0:00:38  loss: 0.1106 (0.1019)  IoU (F channel): 0.4016 (0.3547)  L1 (Dc channel): 0.0014 (0.0014)  L1 (Dn channel): 0.0015 (0.0015)  IoU (P channel): 0.2973 (0.2964)  lr: 0.001000  iter-time: 0.9288
[12:29:48.073624] Epoch: [18]  [460/491]  eta: 0:00:28  loss: 0.1132 (0.1029)  IoU (F channel): 0.4394 (0.3554)  L1 (Dc channel): 0.0015 (0.0014)  L1 (Dn channel): 0.0015 (0.0015)  IoU (P channel): 0.2973 (0.2961)  lr: 0.001000  iter-time: 0.9171
[12:29:57.358957] Epoch: [18]  [470/491]  eta: 0:00:19  loss: 0.1195 (0.1039)  IoU (F channel): 0.2852 (0.3529)  L1 (Dc channel): 0.0014 (0.0014)  L1 (Dn channel): 0.0014 (0.0015)  IoU (P channel): 0.2218 (0.2940)  lr: 0.001000  iter-time: 0.9222
[12:30:06.525947] Epoch: [18]  [480/491]  eta: 0:00:10  loss: 0.1195 (0.1043)  IoU (F channel): 0.2763 (0.3523)  L1 (Dc channel): 0.0014 (0.0014)  L1 (Dn channel): 0.0013 (0.0015)  IoU (P channel): 0.2312 (0.2931)  lr: 0.001000  iter-time: 0.9225
[12:30:15.191709] Epoch: [18]  [490/491]  eta: 0:00:00  loss: 0.0998 (0.1044)  IoU (F channel): 0.3033 (0.3509)  L1 (Dc channel): 0.0012 (0.0014)  L1 (Dn channel): 0.0012 (0.0015)  IoU (P channel): 0.2375 (0.2915)  lr: 0.001000  iter-time: 0.8916
[12:30:15.192013] Epoch: [18] Total time: 0:07:36 (0.9293 s / it)
[12:30:15.192044] [Train] averaged stats: loss: 0.0998 (0.1044)  IoU (F channel): 0.3033 (0.3509)  L1 (Dc channel): 0.0012 (0.0014)  L1 (Dn channel): 0.0012 (0.0015)  IoU (P channel): 0.2375 (0.2915)  lr: 0.001000
[12:30:22.615512] Epoch: [18]  [ 0/27]  eta: 0:03:20  loss: 0.0265 (0.0265)  IoU (F channel): 0.0000 (0.0000)  L1 (Dc channel): 0.0007 (0.0007)  L1 (Dn channel): 0.0008 (0.0008)  IoU (P channel): 0.0000 (0.0000)  iter-time: 7.4222
[12:30:28.369270] Epoch: [18]  [10/27]  eta: 0:00:20  loss: 0.1200 (0.1757)  IoU (F channel): 0.3705 (0.2544)  L1 (Dc channel): 0.0008 (0.0010)  L1 (Dn channel): 0.0010 (0.0016)  IoU (P channel): 0.2401 (0.2013)  iter-time: 1.1978
[12:30:34.899528] Epoch: [18]  [20/27]  eta: 0:00:06  loss: 0.1220 (0.1812)  IoU (F channel): 0.3716 (0.2804)  L1 (Dc channel): 0.0009 (0.0010)  L1 (Dn channel): 0.0010 (0.0015)  IoU (P channel): 0.2638 (0.2138)  iter-time: 0.6142
[12:30:38.644702] Epoch: [18]  [26/27]  eta: 0:00:00  loss: 0.1229 (0.1911)  IoU (F channel): 0.3405 (0.2741)  L1 (Dc channel): 0.0009 (0.0010)  L1 (Dn channel): 0.0011 (0.0015)  IoU (P channel): 0.2638 (0.2095)  iter-time: 0.6738
[12:30:38.644822] Epoch: [18] Total time: 0:00:23 (0.8686 s / it)
[12:30:38.644840] [Val] averaged stats: loss: 0.1229 (0.1911)  IoU (F channel): 0.3405 (0.2741)  L1 (Dc channel): 0.0009 (0.0010)  L1 (Dn channel): 0.0011 (0.0015)  IoU (P channel): 0.2638 (0.2095)
[12:30:38.645004] [Val] best loss: 0.1745 best  IoU (F channel): 0.2528 L1 (Dc channel): 0.0010 L1 (Dn channel): 0.0018 IoU (P channel): 0.2059 
EarlyStopping counter: 1 out of 10
[12:30:38.656654] [Time] 8.0m 2.4h/8.2h

[12:30:38.656672] ~~~ Epoch 19/60 ~~~

[12:30:45.950792] Epoch: [19]  [  0/491]  eta: 0:59:40  loss: 0.1625 (0.1625)  IoU (F channel): 0.4417 (0.4417)  L1 (Dc channel): 0.0015 (0.0015)  L1 (Dn channel): 0.0021 (0.0021)  IoU (P channel): 0.3546 (0.3546)  lr: 0.001000  iter-time: 7.2921
[12:30:55.577263] Epoch: [19]  [ 10/491]  eta: 0:12:19  loss: 0.1042 (0.1111)  IoU (F channel): 0.3232 (0.3613)  L1 (Dc channel): 0.0011 (0.0012)  L1 (Dn channel): 0.0011 (0.0012)  IoU (P channel): 0.2970 (0.2903)  lr: 0.001000  iter-time: 1.5379
[12:31:04.897530] Epoch: [19]  [ 20/491]  eta: 0:09:48  loss: 0.0960 (0.1033)  IoU (F channel): 0.3523 (0.3707)  L1 (Dc channel): 0.0013 (0.0012)  L1 (Dn channel): 0.0011 (0.0014)  IoU (P channel): 0.2702 (0.2865)  lr: 0.001000  iter-time: 0.9472
[12:31:14.303936] Epoch: [19]  [ 30/491]  eta: 0:08:50  loss: 0.0827 (0.0931)  IoU (F channel): 0.3440 (0.3515)  L1 (Dc channel): 0.0013 (0.0012)  L1 (Dn channel): 0.0014 (0.0014)  IoU (P channel): 0.2702 (0.2779)  lr: 0.001000  iter-time: 0.9362
[12:31:23.669421] Epoch: [19]  [ 40/491]  eta: 0:08:15  loss: 0.0887 (0.0997)  IoU (F channel): 0.3067 (0.3534)  L1 (Dc channel): 0.0013 (0.0013)  L1 (Dn channel): 0.0014 (0.0014)  IoU (P channel): 0.2723 (0.2816)  lr: 0.001000  iter-time: 0.9385
[12:31:32.990595] Epoch: [19]  [ 50/491]  eta: 0:07:49  loss: 0.0931 (0.0987)  IoU (F channel): 0.3844 (0.3572)  L1 (Dc channel): 0.0015 (0.0013)  L1 (Dn channel): 0.0015 (0.0015)  IoU (P channel): 0.2778 (0.2844)  lr: 0.001000  iter-time: 0.9342
[12:31:42.249926] Epoch: [19]  [ 60/491]  eta: 0:07:29  loss: 0.0931 (0.1020)  IoU (F channel): 0.3400 (0.3549)  L1 (Dc channel): 0.0014 (0.0013)  L1 (Dn channel): 0.0017 (0.0015)  IoU (P channel): 0.3031 (0.2879)  lr: 0.001000  iter-time: 0.9289
[12:31:51.464704] Epoch: [19]  [ 70/491]  eta: 0:07:11  loss: 0.0924 (0.1000)  IoU (F channel): 0.3245 (0.3487)  L1 (Dc channel): 0.0013 (0.0013)  L1 (Dn channel): 0.0015 (0.0015)  IoU (P channel): 0.2736 (0.2833)  lr: 0.001000  iter-time: 0.9236
[12:32:00.727776] Epoch: [19]  [ 80/491]  eta: 0:06:56  loss: 0.0862 (0.1003)  IoU (F channel): 0.2746 (0.3437)  L1 (Dc channel): 0.0013 (0.0014)  L1 (Dn channel): 0.0015 (0.0015)  IoU (P channel): 0.2777 (0.2826)  lr: 0.001000  iter-time: 0.9238
[12:32:09.885755] Epoch: [19]  [ 90/491]  eta: 0:06:41  loss: 0.0880 (0.0988)  IoU (F channel): 0.3329 (0.3460)  L1 (Dc channel): 0.0013 (0.0013)  L1 (Dn channel): 0.0015 (0.0015)  IoU (P channel): 0.2995 (0.2852)  lr: 0.001000  iter-time: 0.9209
[12:32:19.108385] Epoch: [19]  [100/491]  eta: 0:06:28  loss: 0.0890 (0.0986)  IoU (F channel): 0.3381 (0.3448)  L1 (Dc channel): 0.0013 (0.0014)  L1 (Dn channel): 0.0015 (0.0015)  IoU (P channel): 0.3102 (0.2861)  lr: 0.001000  iter-time: 0.9189
[12:32:28.291547] Epoch: [19]  [110/491]  eta: 0:06:16  loss: 0.0954 (0.0993)  IoU (F channel): 0.3627 (0.3487)  L1 (Dc channel): 0.0013 (0.0014)  L1 (Dn channel): 0.0015 (0.0016)  IoU (P channel): 0.3051 (0.2888)  lr: 0.001000  iter-time: 0.9202
[12:32:37.606773] Epoch: [19]  [120/491]  eta: 0:06:04  loss: 0.0936 (0.0986)  IoU (F channel): 0.3627 (0.3478)  L1 (Dc channel): 0.0013 (0.0014)  L1 (Dn channel): 0.0015 (0.0016)  IoU (P channel): 0.3032 (0.2870)  lr: 0.001000  iter-time: 0.9248
[12:32:46.792506] Epoch: [19]  [130/491]  eta: 0:05:53  loss: 0.0861 (0.0994)  IoU (F channel): 0.3034 (0.3456)  L1 (Dc channel): 0.0013 (0.0014)  L1 (Dn channel): 0.0014 (0.0016)  IoU (P channel): 0.2681 (0.2870)  lr: 0.001000  iter-time: 0.9249
[12:32:56.152154] Epoch: [19]  [140/491]  eta: 0:05:42  loss: 0.0861 (0.0992)  IoU (F channel): 0.3352 (0.3456)  L1 (Dc channel): 0.0012 (0.0014)  L1 (Dn channel): 0.0014 (0.0015)  IoU (P channel): 0.2681 (0.2864)  lr: 0.001000  iter-time: 0.9272
[12:33:05.329271] Epoch: [19]  [150/491]  eta: 0:05:31  loss: 0.0907 (0.1002)  IoU (F channel): 0.3466 (0.3439)  L1 (Dc channel): 0.0013 (0.0014)  L1 (Dn channel): 0.0014 (0.0015)  IoU (P channel): 0.2471 (0.2837)  lr: 0.001000  iter-time: 0.9267
[12:33:14.491411] Epoch: [19]  [160/491]  eta: 0:05:20  loss: 0.0980 (0.1007)  IoU (F channel): 0.3205 (0.3439)  L1 (Dc channel): 0.0015 (0.0014)  L1 (Dn channel): 0.0015 (0.0016)  IoU (P channel): 0.2548 (0.2826)  lr: 0.001000  iter-time: 0.9169
[12:33:23.731934] Epoch: [19]  [170/491]  eta: 0:05:09  loss: 0.1012 (0.1018)  IoU (F channel): 0.3590 (0.3474)  L1 (Dc channel): 0.0014 (0.0014)  L1 (Dn channel): 0.0017 (0.0016)  IoU (P channel): 0.3030 (0.2849)  lr: 0.001000  iter-time: 0.9200
[12:33:32.892063] Epoch: [19]  [180/491]  eta: 0:04:59  loss: 0.0842 (0.1009)  IoU (F channel): 0.3590 (0.3485)  L1 (Dc channel): 0.0013 (0.0014)  L1 (Dn channel): 0.0015 (0.0016)  IoU (P channel): 0.3156 (0.2858)  lr: 0.001000  iter-time: 0.9199
[12:33:42.051017] Epoch: [19]  [190/491]  eta: 0:04:48  loss: 0.0788 (0.1007)  IoU (F channel): 0.3646 (0.3496)  L1 (Dc channel): 0.0013 (0.0014)  L1 (Dn channel): 0.0015 (0.0016)  IoU (P channel): 0.3217 (0.2873)  lr: 0.001000  iter-time: 0.9159
[12:33:51.251515] Epoch: [19]  [200/491]  eta: 0:04:38  loss: 0.0822 (0.1002)  IoU (F channel): 0.3644 (0.3506)  L1 (Dc channel): 0.0012 (0.0014)  L1 (Dn channel): 0.0013 (0.0016)  IoU (P channel): 0.3262 (0.2886)  lr: 0.001000  iter-time: 0.9179
[12:34:00.413517] Epoch: [19]  [210/491]  eta: 0:04:28  loss: 0.0899 (0.1002)  IoU (F channel): 0.3513 (0.3510)  L1 (Dc channel): 0.0012 (0.0014)  L1 (Dn channel): 0.0015 (0.0016)  IoU (P channel): 0.3277 (0.2894)  lr: 0.001000  iter-time: 0.9180
[12:34:09.586936] Epoch: [19]  [220/491]  eta: 0:04:18  loss: 0.1015 (0.1002)  IoU (F channel): 0.3511 (0.3505)  L1 (Dc channel): 0.0013 (0.0014)  L1 (Dn channel): 0.0015 (0.0016)  IoU (P channel): 0.3113 (0.2891)  lr: 0.001000  iter-time: 0.9167
[12:34:18.826811] Epoch: [19]  [230/491]  eta: 0:04:08  loss: 0.0825 (0.0989)  IoU (F channel): 0.3672 (0.3505)  L1 (Dc channel): 0.0013 (0.0014)  L1 (Dn channel): 0.0014 (0.0016)  IoU (P channel): 0.2621 (0.2877)  lr: 0.001000  iter-time: 0.9205
[12:34:27.985694] Epoch: [19]  [240/491]  eta: 0:03:58  loss: 0.0775 (0.0994)  IoU (F channel): 0.3696 (0.3524)  L1 (Dc channel): 0.0012 (0.0014)  L1 (Dn channel): 0.0014 (0.0016)  IoU (P channel): 0.2909 (0.2898)  lr: 0.001000  iter-time: 0.9198
[12:34:37.188273] Epoch: [19]  [250/491]  eta: 0:03:48  loss: 0.0875 (0.0991)  IoU (F channel): 0.3483 (0.3514)  L1 (Dc channel): 0.0012 (0.0014)  L1 (Dn channel): 0.0014 (0.0016)  IoU (P channel): 0.3019 (0.2894)  lr: 0.001000  iter-time: 0.9180
[12:34:46.380132] Epoch: [19]  [260/491]  eta: 0:03:39  loss: 0.0829 (0.0986)  IoU (F channel): 0.3417 (0.3514)  L1 (Dc channel): 0.0012 (0.0014)  L1 (Dn channel): 0.0014 (0.0016)  IoU (P channel): 0.2815 (0.2899)  lr: 0.001000  iter-time: 0.9196
[12:34:55.682837] Epoch: [19]  [270/491]  eta: 0:03:29  loss: 0.0751 (0.0982)  IoU (F channel): 0.3769 (0.3540)  L1 (Dc channel): 0.0012 (0.0014)  L1 (Dn channel): 0.0014 (0.0016)  IoU (P channel): 0.3080 (0.2921)  lr: 0.001000  iter-time: 0.9246
[12:35:04.903434] Epoch: [19]  [280/491]  eta: 0:03:19  loss: 0.0905 (0.0981)  IoU (F channel): 0.3701 (0.3536)  L1 (Dc channel): 0.0012 (0.0014)  L1 (Dn channel): 0.0014 (0.0016)  IoU (P channel): 0.3111 (0.2918)  lr: 0.001000  iter-time: 0.9261
[12:35:14.114624] Epoch: [19]  [290/491]  eta: 0:03:10  loss: 0.0925 (0.0983)  IoU (F channel): 0.3578 (0.3553)  L1 (Dc channel): 0.0013 (0.0014)  L1 (Dn channel): 0.0015 (0.0016)  IoU (P channel): 0.3011 (0.2926)  lr: 0.001000  iter-time: 0.9215
[12:35:23.510349] Epoch: [19]  [300/491]  eta: 0:03:00  loss: 0.0751 (0.0979)  IoU (F channel): 0.3865 (0.3551)  L1 (Dc channel): 0.0013 (0.0014)  L1 (Dn channel): 0.0015 (0.0016)  IoU (P channel): 0.2865 (0.2922)  lr: 0.000999  iter-time: 0.9302
[12:35:32.750681] Epoch: [19]  [310/491]  eta: 0:02:51  loss: 0.0822 (0.0982)  IoU (F channel): 0.3486 (0.3554)  L1 (Dc channel): 0.0013 (0.0014)  L1 (Dn channel): 0.0015 (0.0016)  IoU (P channel): 0.2820 (0.2927)  lr: 0.000999  iter-time: 0.9317
[12:35:41.914734] Epoch: [19]  [320/491]  eta: 0:02:41  loss: 0.0857 (0.0984)  IoU (F channel): 0.3648 (0.3553)  L1 (Dc channel): 0.0014 (0.0014)  L1 (Dn channel): 0.0016 (0.0016)  IoU (P channel): 0.3085 (0.2931)  lr: 0.000999  iter-time: 0.9201
[12:35:51.249966] Epoch: [19]  [330/491]  eta: 0:02:32  loss: 0.1107 (0.0995)  IoU (F channel): 0.3648 (0.3563)  L1 (Dc channel): 0.0014 (0.0014)  L1 (Dn channel): 0.0015 (0.0016)  IoU (P channel): 0.3146 (0.2940)  lr: 0.000999  iter-time: 0.9248
[12:36:00.421815] Epoch: [19]  [340/491]  eta: 0:02:22  loss: 0.0925 (0.0992)  IoU (F channel): 0.3915 (0.3558)  L1 (Dc channel): 0.0012 (0.0014)  L1 (Dn channel): 0.0015 (0.0016)  IoU (P channel): 0.2893 (0.2935)  lr: 0.000999  iter-time: 0.9252
[12:36:09.588467] Epoch: [19]  [350/491]  eta: 0:02:12  loss: 0.0828 (0.0990)  IoU (F channel): 0.3574 (0.3552)  L1 (Dc channel): 0.0012 (0.0014)  L1 (Dn channel): 0.0012 (0.0016)  IoU (P channel): 0.2850 (0.2927)  lr: 0.000999  iter-time: 0.9168
[12:36:18.881220] Epoch: [19]  [360/491]  eta: 0:02:03  loss: 0.0891 (0.0991)  IoU (F channel): 0.3366 (0.3557)  L1 (Dc channel): 0.0013 (0.0014)  L1 (Dn channel): 0.0014 (0.0016)  IoU (P channel): 0.3000 (0.2932)  lr: 0.000999  iter-time: 0.9228
[12:36:28.117429] Epoch: [19]  [370/491]  eta: 0:01:53  loss: 0.1014 (0.0992)  IoU (F channel): 0.3366 (0.3558)  L1 (Dc channel): 0.0013 (0.0013)  L1 (Dn channel): 0.0014 (0.0016)  IoU (P channel): 0.3018 (0.2929)  lr: 0.000999  iter-time: 0.9263
[12:36:37.276777] Epoch: [19]  [380/491]  eta: 0:01:44  loss: 0.1014 (0.0999)  IoU (F channel): 0.3359 (0.3556)  L1 (Dc channel): 0.0012 (0.0013)  L1 (Dn channel): 0.0014 (0.0016)  IoU (P channel): 0.2950 (0.2928)  lr: 0.000999  iter-time: 0.9197
[12:36:46.514586] Epoch: [19]  [390/491]  eta: 0:01:35  loss: 0.0941 (0.0997)  IoU (F channel): 0.3444 (0.3552)  L1 (Dc channel): 0.0013 (0.0013)  L1 (Dn channel): 0.0013 (0.0016)  IoU (P channel): 0.2777 (0.2924)  lr: 0.000999  iter-time: 0.9197
[12:36:55.680973] Epoch: [19]  [400/491]  eta: 0:01:25  loss: 0.0881 (0.0995)  IoU (F channel): 0.3148 (0.3546)  L1 (Dc channel): 0.0012 (0.0013)  L1 (Dn channel): 0.0013 (0.0016)  IoU (P channel): 0.2807 (0.2919)  lr: 0.000999  iter-time: 0.9201
[12:37:04.866091] Epoch: [19]  [410/491]  eta: 0:01:16  loss: 0.0881 (0.0994)  IoU (F channel): 0.3387 (0.3559)  L1 (Dc channel): 0.0012 (0.0013)  L1 (Dn channel): 0.0013 (0.0016)  IoU (P channel): 0.3028 (0.2928)  lr: 0.000999  iter-time: 0.9175
[12:37:14.042732] Epoch: [19]  [420/491]  eta: 0:01:06  loss: 0.0809 (0.0989)  IoU (F channel): 0.3594 (0.3561)  L1 (Dc channel): 0.0013 (0.0013)  L1 (Dn channel): 0.0014 (0.0016)  IoU (P channel): 0.3054 (0.2923)  lr: 0.000999  iter-time: 0.9180
[12:37:23.258741] Epoch: [19]  [430/491]  eta: 0:00:57  loss: 0.0714 (0.0987)  IoU (F channel): 0.3469 (0.3566)  L1 (Dc channel): 0.0012 (0.0013)  L1 (Dn channel): 0.0013 (0.0016)  IoU (P channel): 0.2717 (0.2927)  lr: 0.000999  iter-time: 0.9195
[12:37:32.583252] Epoch: [19]  [440/491]  eta: 0:00:47  loss: 0.0975 (0.0988)  IoU (F channel): 0.3257 (0.3564)  L1 (Dc channel): 0.0013 (0.0013)  L1 (Dn channel): 0.0014 (0.0016)  IoU (P channel): 0.2885 (0.2927)  lr: 0.000999  iter-time: 0.9269
[12:37:41.746468] Epoch: [19]  [450/491]  eta: 0:00:38  loss: 0.1086 (0.0990)  IoU (F channel): 0.3343 (0.3570)  L1 (Dc channel): 0.0012 (0.0013)  L1 (Dn channel): 0.0014 (0.0016)  IoU (P channel): 0.3041 (0.2934)  lr: 0.000999  iter-time: 0.9242
[12:37:50.903902] Epoch: [19]  [460/491]  eta: 0:00:29  loss: 0.0896 (0.0985)  IoU (F channel): 0.3721 (0.3575)  L1 (Dc channel): 0.0008 (0.0013)  L1 (Dn channel): 0.0013 (0.0016)  IoU (P channel): 0.3139 (0.2939)  lr: 0.000999  iter-time: 0.9159
[12:38:00.105512] Epoch: [19]  [470/491]  eta: 0:00:19  loss: 0.0790 (0.0982)  IoU (F channel): 0.3721 (0.3579)  L1 (Dc channel): 0.0008 (0.0013)  L1 (Dn channel): 0.0014 (0.0016)  IoU (P channel): 0.3138 (0.2947)  lr: 0.000999  iter-time: 0.9178
[12:38:09.268111] Epoch: [19]  [480/491]  eta: 0:00:10  loss: 0.0749 (0.0979)  IoU (F channel): 0.3522 (0.3578)  L1 (Dc channel): 0.0008 (0.0013)  L1 (Dn channel): 0.0014 (0.0015)  IoU (P channel): 0.3011 (0.2949)  lr: 0.000999  iter-time: 0.9181
[12:38:17.933169] Epoch: [19]  [490/491]  eta: 0:00:00  loss: 0.0785 (0.0977)  IoU (F channel): 0.3494 (0.3579)  L1 (Dc channel): 0.0008 (0.0013)  L1 (Dn channel): 0.0013 (0.0015)  IoU (P channel): 0.3045 (0.2948)  lr: 0.000999  iter-time: 0.8913
[12:38:17.933410] Epoch: [19] Total time: 0:07:39 (0.9354 s / it)
[12:38:17.933438] [Train] averaged stats: loss: 0.0785 (0.0977)  IoU (F channel): 0.3494 (0.3579)  L1 (Dc channel): 0.0008 (0.0013)  L1 (Dn channel): 0.0013 (0.0015)  IoU (P channel): 0.3045 (0.2948)  lr: 0.000999
[12:38:24.590191] Epoch: [19]  [ 0/27]  eta: 0:02:59  loss: 0.0164 (0.0164)  IoU (F channel): 0.0000 (0.0000)  L1 (Dc channel): 0.0008 (0.0008)  L1 (Dn channel): 0.0008 (0.0008)  IoU (P channel): 0.0000 (0.0000)  iter-time: 6.6557
[12:38:30.136241] Epoch: [19]  [10/27]  eta: 0:00:18  loss: 0.1354 (0.2204)  IoU (F channel): 0.3810 (0.2694)  L1 (Dc channel): 0.0009 (0.0010)  L1 (Dn channel): 0.0010 (0.0016)  IoU (P channel): 0.2620 (0.2068)  iter-time: 1.1092
[12:38:36.073989] Epoch: [19]  [20/27]  eta: 0:00:06  loss: 0.1354 (0.2011)  IoU (F channel): 0.3692 (0.2946)  L1 (Dc channel): 0.0009 (0.0011)  L1 (Dn channel): 0.0010 (0.0015)  IoU (P channel): 0.2949 (0.2249)  iter-time: 0.5741
[12:38:39.935610] Epoch: [19]  [26/27]  eta: 0:00:00  loss: 0.1326 (0.2062)  IoU (F channel): 0.3692 (0.3098)  L1 (Dc channel): 0.0009 (0.0010)  L1 (Dn channel): 0.0012 (0.0015)  IoU (P channel): 0.3019 (0.2363)  iter-time: 0.5817
[12:38:39.935713] Epoch: [19] Total time: 0:00:22 (0.8149 s / it)
[12:38:39.935737] [Val] averaged stats: loss: 0.1326 (0.2062)  IoU (F channel): 0.3692 (0.3098)  L1 (Dc channel): 0.0009 (0.0010)  L1 (Dn channel): 0.0012 (0.0015)  IoU (P channel): 0.3019 (0.2363)
[12:38:39.935906] [Val] best loss: 0.1745 best  IoU (F channel): 0.2528 L1 (Dc channel): 0.0010 L1 (Dn channel): 0.0018 IoU (P channel): 0.2059 
EarlyStopping counter: 2 out of 10
[12:38:39.948087] [Time] 8.0m 2.6h/8.2h

[12:38:39.948107] ~~~ Epoch 20/60 ~~~

[12:38:45.745367] Epoch: [20]  [  0/491]  eta: 0:47:25  loss: 0.0471 (0.0471)  IoU (F channel): 0.4809 (0.4809)  L1 (Dc channel): 0.0010 (0.0010)  L1 (Dn channel): 0.0010 (0.0010)  IoU (P channel): 0.2751 (0.2751)  lr: 0.000999  iter-time: 5.7948
[12:38:55.693658] Epoch: [20]  [ 10/491]  eta: 0:11:28  loss: 0.0806 (0.0782)  IoU (F channel): 0.2819 (0.3120)  L1 (Dc channel): 0.0008 (0.0008)  L1 (Dn channel): 0.0012 (0.0012)  IoU (P channel): 0.2838 (0.2685)  lr: 0.000999  iter-time: 1.4311
[12:39:04.859997] Epoch: [20]  [ 20/491]  eta: 0:09:18  loss: 0.0880 (0.0883)  IoU (F channel): 0.3656 (0.3509)  L1 (Dc channel): 0.0008 (0.0008)  L1 (Dn channel): 0.0012 (0.0013)  IoU (P channel): 0.3024 (0.2909)  lr: 0.000998  iter-time: 0.9556
[12:39:14.339678] Epoch: [20]  [ 30/491]  eta: 0:08:31  loss: 0.0880 (0.0895)  IoU (F channel): 0.3658 (0.3517)  L1 (Dc channel): 0.0008 (0.0008)  L1 (Dn channel): 0.0014 (0.0015)  IoU (P channel): 0.3024 (0.2941)  lr: 0.000998  iter-time: 0.9322
[12:39:23.502796] Epoch: [20]  [ 40/491]  eta: 0:07:59  loss: 0.0704 (0.0861)  IoU (F channel): 0.3485 (0.3537)  L1 (Dc channel): 0.0008 (0.0008)  L1 (Dn channel): 0.0013 (0.0015)  IoU (P channel): 0.2883 (0.2959)  lr: 0.000998  iter-time: 0.9320
[12:39:32.669670] Epoch: [20]  [ 50/491]  eta: 0:07:35  loss: 0.0714 (0.0856)  IoU (F channel): 0.3831 (0.3619)  L1 (Dc channel): 0.0008 (0.0008)  L1 (Dn channel): 0.0013 (0.0014)  IoU (P channel): 0.2893 (0.3008)  lr: 0.000998  iter-time: 0.9163
[12:39:41.828053] Epoch: [20]  [ 60/491]  eta: 0:07:17  loss: 0.0630 (0.0832)  IoU (F channel): 0.3373 (0.3583)  L1 (Dc channel): 0.0008 (0.0008)  L1 (Dn channel): 0.0013 (0.0014)  IoU (P channel): 0.2692 (0.2960)  lr: 0.000998  iter-time: 0.9161
[12:39:50.988422] Epoch: [20]  [ 70/491]  eta: 0:07:01  loss: 0.0630 (0.0829)  IoU (F channel): 0.3346 (0.3556)  L1 (Dc channel): 0.0008 (0.0008)  L1 (Dn channel): 0.0013 (0.0014)  IoU (P channel): 0.2792 (0.2965)  lr: 0.000998  iter-time: 0.9158
[12:40:00.152669] Epoch: [20]  [ 80/491]  eta: 0:06:46  loss: 0.0677 (0.0821)  IoU (F channel): 0.3465 (0.3609)  L1 (Dc channel): 0.0009 (0.0009)  L1 (Dn channel): 0.0013 (0.0014)  IoU (P channel): 0.3071 (0.2964)  lr: 0.000998  iter-time: 0.9161
[12:40:09.437694] Epoch: [20]  [ 90/491]  eta: 0:06:34  loss: 0.0814 (0.0834)  IoU (F channel): 0.3772 (0.3643)  L1 (Dc channel): 0.0012 (0.0009)  L1 (Dn channel): 0.0012 (0.0014)  IoU (P channel): 0.3071 (0.2987)  lr: 0.000998  iter-time: 0.9223
[12:40:18.646813] Epoch: [20]  [100/491]  eta: 0:06:22  loss: 0.0827 (0.0825)  IoU (F channel): 0.3772 (0.3682)  L1 (Dc channel): 0.0012 (0.0009)  L1 (Dn channel): 0.0012 (0.0014)  IoU (P channel): 0.3154 (0.3021)  lr: 0.000998  iter-time: 0.9246
[12:40:27.859369] Epoch: [20]  [110/491]  eta: 0:06:10  loss: 0.0782 (0.0840)  IoU (F channel): 0.3624 (0.3679)  L1 (Dc channel): 0.0012 (0.0010)  L1 (Dn channel): 0.0012 (0.0014)  IoU (P channel): 0.3076 (0.3030)  lr: 0.000998  iter-time: 0.9210
[12:40:37.053573] Epoch: [20]  [120/491]  eta: 0:05:59  loss: 0.0972 (0.0861)  IoU (F channel): 0.3519 (0.3694)  L1 (Dc channel): 0.0012 (0.0010)  L1 (Dn channel): 0.0015 (0.0014)  IoU (P channel): 0.3128 (0.3049)  lr: 0.000998  iter-time: 0.9202
[12:40:46.221680] Epoch: [20]  [130/491]  eta: 0:05:47  loss: 0.0753 (0.0849)  IoU (F channel): 0.3759 (0.3735)  L1 (Dc channel): 0.0012 (0.0010)  L1 (Dn channel): 0.0014 (0.0014)  IoU (P channel): 0.3300 (0.3060)  lr: 0.000998  iter-time: 0.9180
[12:40:55.393845] Epoch: [20]  [140/491]  eta: 0:05:37  loss: 0.0700 (0.0844)  IoU (F channel): 0.3873 (0.3726)  L1 (Dc channel): 0.0012 (0.0010)  L1 (Dn channel): 0.0013 (0.0014)  IoU (P channel): 0.3051 (0.3051)  lr: 0.000998  iter-time: 0.9169
[12:41:04.564259] Epoch: [20]  [150/491]  eta: 0:05:26  loss: 0.0611 (0.0846)  IoU (F channel): 0.3873 (0.3748)  L1 (Dc channel): 0.0012 (0.0010)  L1 (Dn channel): 0.0013 (0.0014)  IoU (P channel): 0.3035 (0.3058)  lr: 0.000998  iter-time: 0.9170
[12:41:13.742111] Epoch: [20]  [160/491]  eta: 0:05:16  loss: 0.0788 (0.0848)  IoU (F channel): 0.3947 (0.3747)  L1 (Dc channel): 0.0012 (0.0011)  L1 (Dn channel): 0.0014 (0.0014)  IoU (P channel): 0.3004 (0.3049)  lr: 0.000998  iter-time: 0.9173
[12:41:22.938474] Epoch: [20]  [170/491]  eta: 0:05:05  loss: 0.0853 (0.0854)  IoU (F channel): 0.4071 (0.3778)  L1 (Dc channel): 0.0013 (0.0011)  L1 (Dn channel): 0.0014 (0.0014)  IoU (P channel): 0.3205 (0.3067)  lr: 0.000997  iter-time: 0.9186
[12:41:32.179405] Epoch: [20]  [180/491]  eta: 0:04:55  loss: 0.0911 (0.0858)  IoU (F channel): 0.3957 (0.3779)  L1 (Dc channel): 0.0012 (0.0011)  L1 (Dn channel): 0.0014 (0.0014)  IoU (P channel): 0.3319 (0.3072)  lr: 0.000997  iter-time: 0.9218
[12:41:41.341176] Epoch: [20]  [190/491]  eta: 0:04:45  loss: 0.0899 (0.0859)  IoU (F channel): 0.3768 (0.3788)  L1 (Dc channel): 0.0012 (0.0011)  L1 (Dn channel): 0.0013 (0.0014)  IoU (P channel): 0.3064 (0.3073)  lr: 0.000997  iter-time: 0.9200
[12:41:50.504207] Epoch: [20]  [200/491]  eta: 0:04:35  loss: 0.0794 (0.0858)  IoU (F channel): 0.3849 (0.3787)  L1 (Dc channel): 0.0012 (0.0011)  L1 (Dn channel): 0.0013 (0.0014)  IoU (P channel): 0.2900 (0.3066)  lr: 0.000997  iter-time: 0.9161
[12:41:59.700460] Epoch: [20]  [210/491]  eta: 0:04:25  loss: 0.0762 (0.0861)  IoU (F channel): 0.3778 (0.3777)  L1 (Dc channel): 0.0011 (0.0011)  L1 (Dn channel): 0.0013 (0.0014)  IoU (P channel): 0.2843 (0.3066)  lr: 0.000997  iter-time: 0.9178
[12:42:08.865432] Epoch: [20]  [220/491]  eta: 0:04:16  loss: 0.0831 (0.0865)  IoU (F channel): 0.3782 (0.3775)  L1 (Dc channel): 0.0010 (0.0011)  L1 (Dn channel): 0.0014 (0.0014)  IoU (P channel): 0.3068 (0.3073)  lr: 0.000997  iter-time: 0.9179
[12:42:18.025570] Epoch: [20]  [230/491]  eta: 0:04:06  loss: 0.0875 (0.0871)  IoU (F channel): 0.3843 (0.3789)  L1 (Dc channel): 0.0011 (0.0011)  L1 (Dn channel): 0.0013 (0.0014)  IoU (P channel): 0.3236 (0.3084)  lr: 0.000997  iter-time: 0.9161
[12:42:27.275392] Epoch: [20]  [240/491]  eta: 0:03:56  loss: 0.0842 (0.0870)  IoU (F channel): 0.3586 (0.3789)  L1 (Dc channel): 0.0011 (0.0011)  L1 (Dn channel): 0.0012 (0.0014)  IoU (P channel): 0.3031 (0.3086)  lr: 0.000997  iter-time: 0.9204
[12:42:36.441262] Epoch: [20]  [250/491]  eta: 0:03:47  loss: 0.0811 (0.0865)  IoU (F channel): 0.3590 (0.3786)  L1 (Dc channel): 0.0010 (0.0011)  L1 (Dn channel): 0.0012 (0.0014)  IoU (P channel): 0.3057 (0.3082)  lr: 0.000997  iter-time: 0.9207
[12:42:45.636298] Epoch: [20]  [260/491]  eta: 0:03:37  loss: 0.0938 (0.0886)  IoU (F channel): 0.3705 (0.3797)  L1 (Dc channel): 0.0013 (0.0011)  L1 (Dn channel): 0.0013 (0.0014)  IoU (P channel): 0.3231 (0.3088)  lr: 0.000997  iter-time: 0.9179
[12:42:54.901527] Epoch: [20]  [270/491]  eta: 0:03:27  loss: 0.1122 (0.0941)  IoU (F channel): 0.3305 (0.3751)  L1 (Dc channel): 0.0019 (0.0012)  L1 (Dn channel): 0.0016 (0.0014)  IoU (P channel): 0.2467 (0.3043)  lr: 0.000997  iter-time: 0.9229
[12:43:04.104790] Epoch: [20]  [280/491]  eta: 0:03:18  loss: 0.1916 (0.0989)  IoU (F channel): 0.2579 (0.3698)  L1 (Dc channel): 0.0022 (0.0012)  L1 (Dn channel): 0.0016 (0.0014)  IoU (P channel): 0.1815 (0.2991)  lr: 0.000997  iter-time: 0.9233
[12:43:13.266459] Epoch: [20]  [290/491]  eta: 0:03:08  loss: 0.1916 (0.1013)  IoU (F channel): 0.2605 (0.3677)  L1 (Dc channel): 0.0023 (0.0012)  L1 (Dn channel): 0.0015 (0.0014)  IoU (P channel): 0.1822 (0.2961)  lr: 0.000996  iter-time: 0.9181
[12:43:22.423958] Epoch: [20]  [300/491]  eta: 0:02:59  loss: 0.1259 (0.1018)  IoU (F channel): 0.2683 (0.3650)  L1 (Dc channel): 0.0016 (0.0012)  L1 (Dn channel): 0.0013 (0.0014)  IoU (P channel): 0.2088 (0.2938)  lr: 0.000996  iter-time: 0.9158
[12:43:31.579681] Epoch: [20]  [310/491]  eta: 0:02:49  loss: 0.0981 (0.1021)  IoU (F channel): 0.2683 (0.3633)  L1 (Dc channel): 0.0011 (0.0012)  L1 (Dn channel): 0.0013 (0.0014)  IoU (P channel): 0.2590 (0.2929)  lr: 0.000996  iter-time: 0.9156
[12:43:40.844492] Epoch: [20]  [320/491]  eta: 0:02:40  loss: 0.1178 (0.1031)  IoU (F channel): 0.3033 (0.3617)  L1 (Dc channel): 0.0011 (0.0012)  L1 (Dn channel): 0.0015 (0.0014)  IoU (P channel): 0.2652 (0.2918)  lr: 0.000996  iter-time: 0.9209
[12:43:50.003193] Epoch: [20]  [330/491]  eta: 0:02:30  loss: 0.1229 (0.1033)  IoU (F channel): 0.3045 (0.3608)  L1 (Dc channel): 0.0012 (0.0012)  L1 (Dn channel): 0.0016 (0.0014)  IoU (P channel): 0.2646 (0.2914)  lr: 0.000996  iter-time: 0.9211
[12:43:59.376135] Epoch: [20]  [340/491]  eta: 0:02:21  loss: 0.1009 (0.1033)  IoU (F channel): 0.3245 (0.3606)  L1 (Dc channel): 0.0011 (0.0012)  L1 (Dn channel): 0.0015 (0.0015)  IoU (P channel): 0.2646 (0.2912)  lr: 0.000996  iter-time: 0.9265
[12:44:08.771693] Epoch: [20]  [350/491]  eta: 0:02:12  loss: 0.0802 (0.1034)  IoU (F channel): 0.3371 (0.3608)  L1 (Dc channel): 0.0011 (0.0012)  L1 (Dn channel): 0.0017 (0.0015)  IoU (P channel): 0.2697 (0.2909)  lr: 0.000996  iter-time: 0.9383
[12:44:18.052572] Epoch: [20]  [360/491]  eta: 0:02:02  loss: 0.0976 (0.1040)  IoU (F channel): 0.3469 (0.3608)  L1 (Dc channel): 0.0010 (0.0012)  L1 (Dn channel): 0.0015 (0.0015)  IoU (P channel): 0.2951 (0.2908)  lr: 0.000996  iter-time: 0.9337
[12:44:27.209202] Epoch: [20]  [370/491]  eta: 0:01:53  loss: 0.1131 (0.1048)  IoU (F channel): 0.3028 (0.3597)  L1 (Dc channel): 0.0010 (0.0012)  L1 (Dn channel): 0.0012 (0.0015)  IoU (P channel): 0.2249 (0.2894)  lr: 0.000996  iter-time: 0.9218
[12:44:36.479395] Epoch: [20]  [380/491]  eta: 0:01:43  loss: 0.1131 (0.1054)  IoU (F channel): 0.2927 (0.3591)  L1 (Dc channel): 0.0011 (0.0012)  L1 (Dn channel): 0.0011 (0.0015)  IoU (P channel): 0.2252 (0.2889)  lr: 0.000996  iter-time: 0.9212
[12:44:45.635468] Epoch: [20]  [390/491]  eta: 0:01:34  loss: 0.1027 (0.1059)  IoU (F channel): 0.3210 (0.3586)  L1 (Dc channel): 0.0010 (0.0012)  L1 (Dn channel): 0.0012 (0.0015)  IoU (P channel): 0.2425 (0.2884)  lr: 0.000995  iter-time: 0.9212
[12:44:54.859864] Epoch: [20]  [400/491]  eta: 0:01:25  loss: 0.1011 (0.1062)  IoU (F channel): 0.3539 (0.3590)  L1 (Dc channel): 0.0011 (0.0012)  L1 (Dn channel): 0.0013 (0.0015)  IoU (P channel): 0.2897 (0.2888)  lr: 0.000995  iter-time: 0.9189
[12:45:04.020330] Epoch: [20]  [410/491]  eta: 0:01:15  loss: 0.1016 (0.1062)  IoU (F channel): 0.3176 (0.3573)  L1 (Dc channel): 0.0011 (0.0012)  L1 (Dn channel): 0.0014 (0.0015)  IoU (P channel): 0.2699 (0.2876)  lr: 0.000995  iter-time: 0.9191
[12:45:13.181710] Epoch: [20]  [420/491]  eta: 0:01:06  loss: 0.0983 (0.1062)  IoU (F channel): 0.3176 (0.3578)  L1 (Dc channel): 0.0011 (0.0012)  L1 (Dn channel): 0.0014 (0.0015)  IoU (P channel): 0.2575 (0.2872)  lr: 0.000995  iter-time: 0.9160
[12:45:22.339184] Epoch: [20]  [430/491]  eta: 0:00:56  loss: 0.0933 (0.1065)  IoU (F channel): 0.3749 (0.3572)  L1 (Dc channel): 0.0012 (0.0012)  L1 (Dn channel): 0.0014 (0.0015)  IoU (P channel): 0.2678 (0.2864)  lr: 0.000995  iter-time: 0.9158
[12:45:31.551731] Epoch: [20]  [440/491]  eta: 0:00:47  loss: 0.0791 (0.1061)  IoU (F channel): 0.3831 (0.3582)  L1 (Dc channel): 0.0012 (0.0012)  L1 (Dn channel): 0.0013 (0.0015)  IoU (P channel): 0.2953 (0.2873)  lr: 0.000995  iter-time: 0.9184
[12:45:40.768512] Epoch: [20]  [450/491]  eta: 0:00:38  loss: 0.0737 (0.1059)  IoU (F channel): 0.3326 (0.3579)  L1 (Dc channel): 0.0012 (0.0012)  L1 (Dn channel): 0.0013 (0.0015)  IoU (P channel): 0.2948 (0.2869)  lr: 0.000995  iter-time: 0.9213
[12:45:49.959697] Epoch: [20]  [460/491]  eta: 0:00:28  loss: 0.0872 (0.1060)  IoU (F channel): 0.3224 (0.3578)  L1 (Dc channel): 0.0012 (0.0012)  L1 (Dn channel): 0.0010 (0.0015)  IoU (P channel): 0.2846 (0.2871)  lr: 0.000995  iter-time: 0.9203
[12:45:59.253073] Epoch: [20]  [470/491]  eta: 0:00:19  loss: 0.0771 (0.1056)  IoU (F channel): 0.3405 (0.3579)  L1 (Dc channel): 0.0012 (0.0012)  L1 (Dn channel): 0.0008 (0.0014)  IoU (P channel): 0.2826 (0.2872)  lr: 0.000995  iter-time: 0.9241
[12:46:08.510998] Epoch: [20]  [480/491]  eta: 0:00:10  loss: 0.0831 (0.1053)  IoU (F channel): 0.3700 (0.3580)  L1 (Dc channel): 0.0012 (0.0012)  L1 (Dn channel): 0.0011 (0.0014)  IoU (P channel): 0.2984 (0.2877)  lr: 0.000995  iter-time: 0.9274
[12:46:17.171173] Epoch: [20]  [490/491]  eta: 0:00:00  loss: 0.0957 (0.1053)  IoU (F channel): 0.3795 (0.3587)  L1 (Dc channel): 0.0011 (0.0012)  L1 (Dn channel): 0.0016 (0.0015)  IoU (P channel): 0.3136 (0.2881)  lr: 0.000994  iter-time: 0.8958
[12:46:17.171280] Epoch: [20] Total time: 0:07:37 (0.9312 s / it)
[12:46:17.171314] [Train] averaged stats: loss: 0.0957 (0.1053)  IoU (F channel): 0.3795 (0.3587)  L1 (Dc channel): 0.0011 (0.0012)  L1 (Dn channel): 0.0016 (0.0015)  IoU (P channel): 0.3136 (0.2881)  lr: 0.000994
[12:46:25.121712] Epoch: [20]  [ 0/27]  eta: 0:03:34  loss: 0.0252 (0.0252)  IoU (F channel): 0.0000 (0.0000)  L1 (Dc channel): 0.0010 (0.0010)  L1 (Dn channel): 0.0012 (0.0012)  IoU (P channel): 0.0000 (0.0000)  iter-time: 7.9491
[12:46:29.379845] Epoch: [20]  [10/27]  eta: 0:00:18  loss: 0.1470 (0.2155)  IoU (F channel): 0.3506 (0.2498)  L1 (Dc channel): 0.0011 (0.0012)  L1 (Dn channel): 0.0013 (0.0019)  IoU (P channel): 0.2446 (0.1934)  iter-time: 1.1097
[12:46:37.060797] Epoch: [20]  [20/27]  eta: 0:00:06  loss: 0.1205 (0.1848)  IoU (F channel): 0.3540 (0.2842)  L1 (Dc channel): 0.0012 (0.0013)  L1 (Dn channel): 0.0013 (0.0018)  IoU (P channel): 0.2882 (0.2157)  iter-time: 0.5969
[12:46:38.583492] Epoch: [20]  [26/27]  eta: 0:00:00  loss: 0.1249 (0.1924)  IoU (F channel): 0.3540 (0.2983)  L1 (Dc channel): 0.0012 (0.0013)  L1 (Dn channel): 0.0015 (0.0018)  IoU (P channel): 0.3261 (0.2266)  iter-time: 0.5715
[12:46:38.583589] Epoch: [20] Total time: 0:00:21 (0.7930 s / it)
[12:46:38.583606] [Val] averaged stats: loss: 0.1249 (0.1924)  IoU (F channel): 0.3540 (0.2983)  L1 (Dc channel): 0.0012 (0.0013)  L1 (Dn channel): 0.0015 (0.0018)  IoU (P channel): 0.3261 (0.2266)
[12:46:38.583788] [Val] best loss: 0.1745 best  IoU (F channel): 0.2528 L1 (Dc channel): 0.0010 L1 (Dn channel): 0.0018 IoU (P channel): 0.2059 
[12:46:38.596157] Creating training plots . . .
EarlyStopping counter: 3 out of 10
[12:46:46.095476] [Time] 8.1m 2.7h/8.2h

[12:46:46.095502] ~~~ Epoch 21/60 ~~~

[12:46:50.993381] Epoch: [21]  [  0/491]  eta: 0:40:03  loss: 0.0858 (0.0858)  IoU (F channel): 0.4021 (0.4021)  L1 (Dc channel): 0.0013 (0.0013)  L1 (Dn channel): 0.0019 (0.0019)  IoU (P channel): 0.3599 (0.3599)  lr: 0.000994  iter-time: 4.8958
[12:47:00.673281] Epoch: [21]  [ 10/491]  eta: 0:10:37  loss: 0.0997 (0.1021)  IoU (F channel): 0.3481 (0.3617)  L1 (Dc channel): 0.0013 (0.0013)  L1 (Dn channel): 0.0015 (0.0017)  IoU (P channel): 0.3132 (0.3069)  lr: 0.000994  iter-time: 1.3249
[12:47:09.833339] Epoch: [21]  [ 20/491]  eta: 0:08:52  loss: 0.0943 (0.0944)  IoU (F channel): 0.3610 (0.3777)  L1 (Dc channel): 0.0012 (0.0013)  L1 (Dn channel): 0.0015 (0.0016)  IoU (P channel): 0.3132 (0.3135)  lr: 0.000994  iter-time: 0.9419
[12:47:18.994841] Epoch: [21]  [ 30/491]  eta: 0:08:09  loss: 0.0991 (0.1045)  IoU (F channel): 0.3826 (0.3795)  L1 (Dc channel): 0.0012 (0.0013)  L1 (Dn channel): 0.0015 (0.0017)  IoU (P channel): 0.3189 (0.3164)  lr: 0.000994  iter-time: 0.9160
[12:47:28.149259] Epoch: [21]  [ 40/491]  eta: 0:07:42  loss: 0.1068 (0.1030)  IoU (F channel): 0.3582 (0.3767)  L1 (Dc channel): 0.0012 (0.0012)  L1 (Dn channel): 0.0015 (0.0016)  IoU (P channel): 0.3164 (0.3163)  lr: 0.000994  iter-time: 0.9157
[12:47:37.448990] Epoch: [21]  [ 50/491]  eta: 0:07:23  loss: 0.0862 (0.1000)  IoU (F channel): 0.3688 (0.3768)  L1 (Dc channel): 0.0011 (0.0012)  L1 (Dn channel): 0.0013 (0.0015)  IoU (P channel): 0.2938 (0.3134)  lr: 0.000994  iter-time: 0.9226
[12:47:46.602441] Epoch: [21]  [ 60/491]  eta: 0:07:07  loss: 0.0862 (0.0968)  IoU (F channel): 0.3851 (0.3757)  L1 (Dc channel): 0.0012 (0.0012)  L1 (Dn channel): 0.0012 (0.0015)  IoU (P channel): 0.2928 (0.3108)  lr: 0.000994  iter-time: 0.9225
[12:47:55.802641] Epoch: [21]  [ 70/491]  eta: 0:06:53  loss: 0.0809 (0.0945)  IoU (F channel): 0.3415 (0.3755)  L1 (Dc channel): 0.0012 (0.0012)  L1 (Dn channel): 0.0012 (0.0015)  IoU (P channel): 0.3040 (0.3103)  lr: 0.000994  iter-time: 0.9176
[12:48:05.037280] Epoch: [21]  [ 80/491]  eta: 0:06:40  loss: 0.0809 (0.0940)  IoU (F channel): 0.3664 (0.3753)  L1 (Dc channel): 0.0012 (0.0012)  L1 (Dn channel): 0.0013 (0.0015)  IoU (P channel): 0.3054 (0.3108)  lr: 0.000993  iter-time: 0.9216
[12:48:14.278394] Epoch: [21]  [ 90/491]  eta: 0:06:28  loss: 0.0910 (0.0934)  IoU (F channel): 0.3658 (0.3716)  L1 (Dc channel): 0.0012 (0.0012)  L1 (Dn channel): 0.0013 (0.0015)  IoU (P channel): 0.3027 (0.3078)  lr: 0.000993  iter-time: 0.9237
[12:48:23.439177] Epoch: [21]  [100/491]  eta: 0:06:16  loss: 0.0910 (0.0943)  IoU (F channel): 0.3613 (0.3730)  L1 (Dc channel): 0.0012 (0.0012)  L1 (Dn channel): 0.0013 (0.0014)  IoU (P channel): 0.2738 (0.3061)  lr: 0.000993  iter-time: 0.9200
[12:48:32.602966] Epoch: [21]  [110/491]  eta: 0:06:05  loss: 0.0950 (0.0946)  IoU (F channel): 0.3414 (0.3749)  L1 (Dc channel): 0.0013 (0.0012)  L1 (Dn channel): 0.0013 (0.0015)  IoU (P channel): 0.2830 (0.3080)  lr: 0.000993  iter-time: 0.9161
[12:48:41.774198] Epoch: [21]  [120/491]  eta: 0:05:54  loss: 0.0890 (0.0936)  IoU (F channel): 0.3988 (0.3775)  L1 (Dc channel): 0.0012 (0.0012)  L1 (Dn channel): 0.0013 (0.0014)  IoU (P channel): 0.3376 (0.3090)  lr: 0.000993  iter-time: 0.9166
[12:48:50.934662] Epoch: [21]  [130/491]  eta: 0:05:43  loss: 0.0825 (0.0928)  IoU (F channel): 0.4072 (0.3762)  L1 (Dc channel): 0.0012 (0.0012)  L1 (Dn channel): 0.0013 (0.0014)  IoU (P channel): 0.3086 (0.3072)  lr: 0.000993  iter-time: 0.9165
[12:49:00.100711] Epoch: [21]  [140/491]  eta: 0:05:33  loss: 0.0838 (0.0926)  IoU (F channel): 0.3949 (0.3762)  L1 (Dc channel): 0.0012 (0.0012)  L1 (Dn channel): 0.0012 (0.0014)  IoU (P channel): 0.3086 (0.3094)  lr: 0.000993  iter-time: 0.9162
[12:49:09.266291] Epoch: [21]  [150/491]  eta: 0:05:23  loss: 0.0844 (0.0933)  IoU (F channel): 0.3949 (0.3792)  L1 (Dc channel): 0.0012 (0.0012)  L1 (Dn channel): 0.0012 (0.0014)  IoU (P channel): 0.3223 (0.3109)  lr: 0.000993  iter-time: 0.9165
[12:49:18.421634] Epoch: [21]  [160/491]  eta: 0:05:13  loss: 0.0850 (0.0940)  IoU (F channel): 0.3888 (0.3796)  L1 (Dc channel): 0.0014 (0.0012)  L1 (Dn channel): 0.0014 (0.0014)  IoU (P channel): 0.2928 (0.3097)  lr: 0.000992  iter-time: 0.9159
[12:49:27.577497] Epoch: [21]  [170/491]  eta: 0:05:03  loss: 0.0909 (0.0952)  IoU (F channel): 0.3683 (0.3787)  L1 (Dc channel): 0.0014 (0.0012)  L1 (Dn channel): 0.0015 (0.0014)  IoU (P channel): 0.2770 (0.3069)  lr: 0.000992  iter-time: 0.9155
[12:49:36.762741] Epoch: [21]  [180/491]  eta: 0:04:53  loss: 0.1012 (0.0954)  IoU (F channel): 0.3249 (0.3763)  L1 (Dc channel): 0.0012 (0.0012)  L1 (Dn channel): 0.0015 (0.0015)  IoU (P channel): 0.2906 (0.3057)  lr: 0.000992  iter-time: 0.9169
[12:49:46.061933] Epoch: [21]  [190/491]  eta: 0:04:43  loss: 0.0776 (0.0948)  IoU (F channel): 0.3444 (0.3764)  L1 (Dc channel): 0.0012 (0.0012)  L1 (Dn channel): 0.0012 (0.0014)  IoU (P channel): 0.2993 (0.3061)  lr: 0.000992  iter-time: 0.9241
[12:49:55.551442] Epoch: [21]  [200/491]  eta: 0:04:34  loss: 0.0678 (0.0939)  IoU (F channel): 0.3371 (0.3737)  L1 (Dc channel): 0.0011 (0.0012)  L1 (Dn channel): 0.0011 (0.0014)  IoU (P channel): 0.2852 (0.3042)  lr: 0.000992  iter-time: 0.9393
[12:50:04.724792] Epoch: [21]  [210/491]  eta: 0:04:24  loss: 0.0694 (0.0945)  IoU (F channel): 0.3519 (0.3762)  L1 (Dc channel): 0.0012 (0.0012)  L1 (Dn channel): 0.0011 (0.0014)  IoU (P channel): 0.2957 (0.3056)  lr: 0.000992  iter-time: 0.9330
[12:50:14.153181] Epoch: [21]  [220/491]  eta: 0:04:15  loss: 0.0799 (0.0939)  IoU (F channel): 0.3813 (0.3744)  L1 (Dc channel): 0.0012 (0.0012)  L1 (Dn channel): 0.0012 (0.0014)  IoU (P channel): 0.2896 (0.3035)  lr: 0.000992  iter-time: 0.9300
[12:50:23.524204] Epoch: [21]  [230/491]  eta: 0:04:05  loss: 0.0799 (0.0940)  IoU (F channel): 0.3700 (0.3754)  L1 (Dc channel): 0.0012 (0.0012)  L1 (Dn channel): 0.0014 (0.0014)  IoU (P channel): 0.3059 (0.3045)  lr: 0.000991  iter-time: 0.9399
[12:50:32.897173] Epoch: [21]  [240/491]  eta: 0:03:56  loss: 0.0772 (0.0934)  IoU (F channel): 0.3700 (0.3766)  L1 (Dc channel): 0.0011 (0.0012)  L1 (Dn channel): 0.0014 (0.0014)  IoU (P channel): 0.3252 (0.3056)  lr: 0.000991  iter-time: 0.9371
[12:50:42.154585] Epoch: [21]  [250/491]  eta: 0:03:46  loss: 0.0679 (0.0930)  IoU (F channel): 0.3562 (0.3769)  L1 (Dc channel): 0.0011 (0.0012)  L1 (Dn channel): 0.0013 (0.0014)  IoU (P channel): 0.3189 (0.3063)  lr: 0.000991  iter-time: 0.9314
[12:50:51.417836] Epoch: [21]  [260/491]  eta: 0:03:37  loss: 0.0863 (0.0928)  IoU (F channel): 0.3840 (0.3767)  L1 (Dc channel): 0.0012 (0.0012)  L1 (Dn channel): 0.0012 (0.0014)  IoU (P channel): 0.3220 (0.3056)  lr: 0.000991  iter-time: 0.9259
[12:51:00.693637] Epoch: [21]  [270/491]  eta: 0:03:27  loss: 0.0756 (0.0920)  IoU (F channel): 0.3893 (0.3762)  L1 (Dc channel): 0.0011 (0.0012)  L1 (Dn channel): 0.0012 (0.0014)  IoU (P channel): 0.3213 (0.3056)  lr: 0.000991  iter-time: 0.9268
[12:51:10.059982] Epoch: [21]  [280/491]  eta: 0:03:18  loss: 0.0677 (0.0912)  IoU (F channel): 0.3764 (0.3771)  L1 (Dc channel): 0.0011 (0.0012)  L1 (Dn channel): 0.0011 (0.0014)  IoU (P channel): 0.3265 (0.3066)  lr: 0.000991  iter-time: 0.9320
[12:51:19.396134] Epoch: [21]  [290/491]  eta: 0:03:08  loss: 0.0677 (0.0910)  IoU (F channel): 0.3915 (0.3782)  L1 (Dc channel): 0.0011 (0.0012)  L1 (Dn channel): 0.0012 (0.0014)  IoU (P channel): 0.3247 (0.3068)  lr: 0.000991  iter-time: 0.9350
[12:51:28.639625] Epoch: [21]  [300/491]  eta: 0:02:59  loss: 0.0726 (0.0914)  IoU (F channel): 0.3864 (0.3768)  L1 (Dc channel): 0.0012 (0.0012)  L1 (Dn channel): 0.0014 (0.0014)  IoU (P channel): 0.2924 (0.3068)  lr: 0.000990  iter-time: 0.9289
[12:51:38.014217] Epoch: [21]  [310/491]  eta: 0:02:49  loss: 0.0925 (0.0913)  IoU (F channel): 0.3507 (0.3758)  L1 (Dc channel): 0.0012 (0.0012)  L1 (Dn channel): 0.0014 (0.0014)  IoU (P channel): 0.3047 (0.3060)  lr: 0.000990  iter-time: 0.9308
[12:51:47.412929] Epoch: [21]  [320/491]  eta: 0:02:40  loss: 0.0829 (0.0908)  IoU (F channel): 0.3878 (0.3772)  L1 (Dc channel): 0.0011 (0.0012)  L1 (Dn channel): 0.0013 (0.0014)  IoU (P channel): 0.3298 (0.3066)  lr: 0.000990  iter-time: 0.9385
[12:51:56.746299] Epoch: [21]  [330/491]  eta: 0:02:31  loss: 0.0592 (0.0898)  IoU (F channel): 0.3940 (0.3767)  L1 (Dc channel): 0.0011 (0.0012)  L1 (Dn channel): 0.0013 (0.0014)  IoU (P channel): 0.3207 (0.3056)  lr: 0.000990  iter-time: 0.9365
[12:52:06.066364] Epoch: [21]  [340/491]  eta: 0:02:21  loss: 0.0711 (0.0897)  IoU (F channel): 0.3801 (0.3773)  L1 (Dc channel): 0.0011 (0.0012)  L1 (Dn channel): 0.0013 (0.0014)  IoU (P channel): 0.3142 (0.3066)  lr: 0.000990  iter-time: 0.9326
[12:52:15.283912] Epoch: [21]  [350/491]  eta: 0:02:12  loss: 0.0847 (0.0898)  IoU (F channel): 0.3736 (0.3780)  L1 (Dc channel): 0.0012 (0.0012)  L1 (Dn channel): 0.0013 (0.0014)  IoU (P channel): 0.3138 (0.3071)  lr: 0.000990  iter-time: 0.9268
[12:52:24.536835] Epoch: [21]  [360/491]  eta: 0:02:02  loss: 0.0885 (0.0900)  IoU (F channel): 0.3713 (0.3782)  L1 (Dc channel): 0.0012 (0.0012)  L1 (Dn channel): 0.0012 (0.0014)  IoU (P channel): 0.3135 (0.3077)  lr: 0.000990  iter-time: 0.9234
[12:52:33.695789] Epoch: [21]  [370/491]  eta: 0:01:53  loss: 0.0867 (0.0898)  IoU (F channel): 0.3895 (0.3781)  L1 (Dc channel): 0.0012 (0.0012)  L1 (Dn channel): 0.0011 (0.0014)  IoU (P channel): 0.3021 (0.3074)  lr: 0.000989  iter-time: 0.9205
[12:52:42.852464] Epoch: [21]  [380/491]  eta: 0:01:43  loss: 0.0743 (0.0897)  IoU (F channel): 0.4038 (0.3787)  L1 (Dc channel): 0.0011 (0.0012)  L1 (Dn channel): 0.0013 (0.0014)  IoU (P channel): 0.3136 (0.3075)  lr: 0.000989  iter-time: 0.9157
[12:52:52.013952] Epoch: [21]  [390/491]  eta: 0:01:34  loss: 0.0779 (0.0896)  IoU (F channel): 0.3701 (0.3787)  L1 (Dc channel): 0.0012 (0.0012)  L1 (Dn channel): 0.0013 (0.0014)  IoU (P channel): 0.3163 (0.3075)  lr: 0.000989  iter-time: 0.9158
[12:53:01.340191] Epoch: [21]  [400/491]  eta: 0:01:25  loss: 0.0810 (0.0894)  IoU (F channel): 0.3645 (0.3790)  L1 (Dc channel): 0.0012 (0.0012)  L1 (Dn channel): 0.0012 (0.0014)  IoU (P channel): 0.3163 (0.3080)  lr: 0.000989  iter-time: 0.9243
[12:53:10.714103] Epoch: [21]  [410/491]  eta: 0:01:15  loss: 0.0791 (0.0892)  IoU (F channel): 0.3859 (0.3788)  L1 (Dc channel): 0.0011 (0.0012)  L1 (Dn channel): 0.0013 (0.0014)  IoU (P channel): 0.3309 (0.3082)  lr: 0.000989  iter-time: 0.9349
[12:53:19.908119] Epoch: [21]  [420/491]  eta: 0:01:06  loss: 0.0791 (0.0890)  IoU (F channel): 0.3888 (0.3787)  L1 (Dc channel): 0.0011 (0.0012)  L1 (Dn channel): 0.0012 (0.0014)  IoU (P channel): 0.3272 (0.3085)  lr: 0.000989  iter-time: 0.9283
[12:53:29.115956] Epoch: [21]  [430/491]  eta: 0:00:57  loss: 0.0653 (0.0885)  IoU (F channel): 0.3507 (0.3789)  L1 (Dc channel): 0.0011 (0.0012)  L1 (Dn channel): 0.0011 (0.0014)  IoU (P channel): 0.3140 (0.3087)  lr: 0.000988  iter-time: 0.9200
[12:53:38.311325] Epoch: [21]  [440/491]  eta: 0:00:47  loss: 0.0557 (0.0878)  IoU (F channel): 0.3857 (0.3793)  L1 (Dc channel): 0.0010 (0.0012)  L1 (Dn channel): 0.0011 (0.0014)  IoU (P channel): 0.3266 (0.3087)  lr: 0.000988  iter-time: 0.9200
[12:53:47.541003] Epoch: [21]  [450/491]  eta: 0:00:38  loss: 0.0629 (0.0876)  IoU (F channel): 0.3948 (0.3804)  L1 (Dc channel): 0.0010 (0.0012)  L1 (Dn channel): 0.0011 (0.0014)  IoU (P channel): 0.3381 (0.3092)  lr: 0.000988  iter-time: 0.9211
[12:53:56.693821] Epoch: [21]  [460/491]  eta: 0:00:28  loss: 0.0766 (0.0877)  IoU (F channel): 0.3587 (0.3803)  L1 (Dc channel): 0.0011 (0.0012)  L1 (Dn channel): 0.0011 (0.0014)  IoU (P channel): 0.3133 (0.3090)  lr: 0.000988  iter-time: 0.9190
[12:54:05.941739] Epoch: [21]  [470/491]  eta: 0:00:19  loss: 0.0826 (0.0876)  IoU (F channel): 0.3591 (0.3805)  L1 (Dc channel): 0.0011 (0.0012)  L1 (Dn channel): 0.0012 (0.0014)  IoU (P channel): 0.3097 (0.3090)  lr: 0.000988  iter-time: 0.9199
[12:54:15.098733] Epoch: [21]  [480/491]  eta: 0:00:10  loss: 0.0731 (0.0875)  IoU (F channel): 0.3912 (0.3811)  L1 (Dc channel): 0.0011 (0.0012)  L1 (Dn channel): 0.0013 (0.0014)  IoU (P channel): 0.3152 (0.3095)  lr: 0.000988  iter-time: 0.9201
[12:54:23.754527] Epoch: [21]  [490/491]  eta: 0:00:00  loss: 0.0737 (0.0876)  IoU (F channel): 0.3761 (0.3806)  L1 (Dc channel): 0.0010 (0.0012)  L1 (Dn channel): 0.0013 (0.0014)  IoU (P channel): 0.3205 (0.3095)  lr: 0.000987  iter-time: 0.8905
[12:54:23.754632] Epoch: [21] Total time: 0:07:37 (0.9321 s / it)
[12:54:23.754669] [Train] averaged stats: loss: 0.0737 (0.0876)  IoU (F channel): 0.3761 (0.3806)  L1 (Dc channel): 0.0010 (0.0012)  L1 (Dn channel): 0.0013 (0.0014)  IoU (P channel): 0.3205 (0.3095)  lr: 0.000987
[12:54:31.405034] Epoch: [21]  [ 0/27]  eta: 0:03:26  loss: 0.0176 (0.0176)  IoU (F channel): 0.0000 (0.0000)  L1 (Dc channel): 0.0012 (0.0012)  L1 (Dn channel): 0.0008 (0.0008)  IoU (P channel): 0.0000 (0.0000)  iter-time: 7.6491
[12:54:36.888944] Epoch: [21]  [10/27]  eta: 0:00:20  loss: 0.1344 (0.1835)  IoU (F channel): 0.3676 (0.2643)  L1 (Dc channel): 0.0012 (0.0015)  L1 (Dn channel): 0.0009 (0.0016)  IoU (P channel): 0.2606 (0.2013)  iter-time: 1.1939
[12:54:40.988664] Epoch: [21]  [20/27]  eta: 0:00:05  loss: 0.1182 (0.1735)  IoU (F channel): 0.3676 (0.2856)  L1 (Dc channel): 0.0014 (0.0015)  L1 (Dn channel): 0.0009 (0.0015)  IoU (P channel): 0.2615 (0.2134)  iter-time: 0.4791
[12:54:45.224870] Epoch: [21]  [26/27]  eta: 0:00:00  loss: 0.1270 (0.1869)  IoU (F channel): 0.3562 (0.2964)  L1 (Dc channel): 0.0015 (0.0015)  L1 (Dn channel): 0.0012 (0.0015)  IoU (P channel): 0.3100 (0.2252)  iter-time: 0.5932
[12:54:45.224971] Epoch: [21] Total time: 0:00:21 (0.7952 s / it)
[12:54:45.224989] [Val] averaged stats: loss: 0.1270 (0.1869)  IoU (F channel): 0.3562 (0.2964)  L1 (Dc channel): 0.0015 (0.0015)  L1 (Dn channel): 0.0012 (0.0015)  IoU (P channel): 0.3100 (0.2252)
[12:54:45.225163] [Val] best loss: 0.1745 best  IoU (F channel): 0.2528 L1 (Dc channel): 0.0010 L1 (Dn channel): 0.0018 IoU (P channel): 0.2059 
EarlyStopping counter: 4 out of 10
[12:54:45.236436] [Time] 8.0m 2.8h/8.2h

[12:54:45.236456] ~~~ Epoch 22/60 ~~~

[12:54:51.753649] Epoch: [22]  [  0/491]  eta: 0:53:19  loss: 0.1197 (0.1197)  IoU (F channel): 0.2816 (0.2816)  L1 (Dc channel): 0.0019 (0.0019)  L1 (Dn channel): 0.0019 (0.0019)  IoU (P channel): 0.2676 (0.2676)  lr: 0.000987  iter-time: 6.5159
[12:55:01.407012] Epoch: [22]  [ 10/491]  eta: 0:11:46  loss: 0.0717 (0.0817)  IoU (F channel): 0.3531 (0.3712)  L1 (Dc channel): 0.0011 (0.0011)  L1 (Dn channel): 0.0012 (0.0013)  IoU (P channel): 0.3236 (0.3119)  lr: 0.000987  iter-time: 1.4698
[12:55:10.580636] Epoch: [22]  [ 20/491]  eta: 0:09:28  loss: 0.0661 (0.0797)  IoU (F channel): 0.3770 (0.3697)  L1 (Dc channel): 0.0011 (0.0011)  L1 (Dn channel): 0.0012 (0.0013)  IoU (P channel): 0.3456 (0.3212)  lr: 0.000987  iter-time: 0.9412
[12:55:19.802770] Epoch: [22]  [ 30/491]  eta: 0:08:33  loss: 0.0661 (0.0787)  IoU (F channel): 0.3782 (0.3718)  L1 (Dc channel): 0.0010 (0.0011)  L1 (Dn channel): 0.0013 (0.0013)  IoU (P channel): 0.3221 (0.3148)  lr: 0.000987  iter-time: 0.9197
[12:55:28.978017] Epoch: [22]  [ 40/491]  eta: 0:08:01  loss: 0.0716 (0.0796)  IoU (F channel): 0.3916 (0.3865)  L1 (Dc channel): 0.0010 (0.0011)  L1 (Dn channel): 0.0012 (0.0014)  IoU (P channel): 0.3138 (0.3186)  lr: 0.000987  iter-time: 0.9197
[12:55:38.224256] Epoch: [22]  [ 50/491]  eta: 0:07:38  loss: 0.0797 (0.0792)  IoU (F channel): 0.3920 (0.3873)  L1 (Dc channel): 0.0010 (0.0011)  L1 (Dn channel): 0.0012 (0.0013)  IoU (P channel): 0.3266 (0.3209)  lr: 0.000987  iter-time: 0.9209
[12:55:47.453834] Epoch: [22]  [ 60/491]  eta: 0:07:19  loss: 0.0730 (0.0774)  IoU (F channel): 0.3471 (0.3863)  L1 (Dc channel): 0.0009 (0.0011)  L1 (Dn channel): 0.0011 (0.0013)  IoU (P channel): 0.3114 (0.3188)  lr: 0.000986  iter-time: 0.9237
[12:55:56.720443] Epoch: [22]  [ 70/491]  eta: 0:07:03  loss: 0.0741 (0.0794)  IoU (F channel): 0.4027 (0.3946)  L1 (Dc channel): 0.0011 (0.0011)  L1 (Dn channel): 0.0012 (0.0013)  IoU (P channel): 0.3144 (0.3217)  lr: 0.000986  iter-time: 0.9247
[12:56:05.881899] Epoch: [22]  [ 80/491]  eta: 0:06:49  loss: 0.0839 (0.0807)  IoU (F channel): 0.4146 (0.3930)  L1 (Dc channel): 0.0011 (0.0011)  L1 (Dn channel): 0.0013 (0.0013)  IoU (P channel): 0.3057 (0.3185)  lr: 0.000986  iter-time: 0.9213
[12:56:15.100748] Epoch: [22]  [ 90/491]  eta: 0:06:35  loss: 0.0842 (0.0813)  IoU (F channel): 0.3795 (0.3902)  L1 (Dc channel): 0.0010 (0.0011)  L1 (Dn channel): 0.0011 (0.0013)  IoU (P channel): 0.2910 (0.3146)  lr: 0.000986  iter-time: 0.9189
[12:56:24.358134] Epoch: [22]  [100/491]  eta: 0:06:23  loss: 0.0728 (0.0793)  IoU (F channel): 0.3434 (0.3911)  L1 (Dc channel): 0.0007 (0.0011)  L1 (Dn channel): 0.0007 (0.0013)  IoU (P channel): 0.2899 (0.3147)  lr: 0.000986  iter-time: 0.9237
[12:56:33.567510] Epoch: [22]  [110/491]  eta: 0:06:11  loss: 0.0633 (0.0791)  IoU (F channel): 0.4025 (0.3916)  L1 (Dc channel): 0.0007 (0.0010)  L1 (Dn channel): 0.0011 (0.0013)  IoU (P channel): 0.3201 (0.3135)  lr: 0.000985  iter-time: 0.9232
[12:56:42.728012] Epoch: [22]  [120/491]  eta: 0:06:00  loss: 0.0737 (0.0787)  IoU (F channel): 0.3747 (0.3928)  L1 (Dc channel): 0.0007 (0.0010)  L1 (Dn channel): 0.0012 (0.0013)  IoU (P channel): 0.3067 (0.3134)  lr: 0.000985  iter-time: 0.9184
[12:56:51.882885] Epoch: [22]  [130/491]  eta: 0:05:48  loss: 0.0737 (0.0786)  IoU (F channel): 0.3682 (0.3928)  L1 (Dc channel): 0.0009 (0.0010)  L1 (Dn channel): 0.0013 (0.0013)  IoU (P channel): 0.3169 (0.3138)  lr: 0.000985  iter-time: 0.9157
[12:57:01.120776] Epoch: [22]  [140/491]  eta: 0:05:38  loss: 0.0722 (0.0780)  IoU (F channel): 0.3660 (0.3926)  L1 (Dc channel): 0.0011 (0.0010)  L1 (Dn channel): 0.0014 (0.0013)  IoU (P channel): 0.3270 (0.3150)  lr: 0.000985  iter-time: 0.9195
[12:57:10.277769] Epoch: [22]  [150/491]  eta: 0:05:27  loss: 0.0737 (0.0788)  IoU (F channel): 0.4174 (0.3947)  L1 (Dc channel): 0.0011 (0.0010)  L1 (Dn channel): 0.0012 (0.0013)  IoU (P channel): 0.3282 (0.3156)  lr: 0.000985  iter-time: 0.9196
[12:57:19.439199] Epoch: [22]  [160/491]  eta: 0:05:16  loss: 0.0786 (0.0789)  IoU (F channel): 0.4174 (0.3963)  L1 (Dc channel): 0.0010 (0.0010)  L1 (Dn channel): 0.0012 (0.0013)  IoU (P channel): 0.3328 (0.3166)  lr: 0.000985  iter-time: 0.9158
[12:57:28.633780] Epoch: [22]  [170/491]  eta: 0:05:06  loss: 0.0717 (0.0785)  IoU (F channel): 0.3849 (0.3958)  L1 (Dc channel): 0.0010 (0.0010)  L1 (Dn channel): 0.0013 (0.0013)  IoU (P channel): 0.3215 (0.3151)  lr: 0.000984  iter-time: 0.9177
[12:57:37.811432] Epoch: [22]  [180/491]  eta: 0:04:56  loss: 0.0718 (0.0784)  IoU (F channel): 0.3784 (0.3959)  L1 (Dc channel): 0.0011 (0.0010)  L1 (Dn channel): 0.0013 (0.0013)  IoU (P channel): 0.3172 (0.3153)  lr: 0.000984  iter-time: 0.9185
[12:57:47.066491] Epoch: [22]  [190/491]  eta: 0:04:46  loss: 0.0686 (0.0785)  IoU (F channel): 0.3784 (0.3951)  L1 (Dc channel): 0.0011 (0.0010)  L1 (Dn channel): 0.0013 (0.0013)  IoU (P channel): 0.3143 (0.3161)  lr: 0.000984  iter-time: 0.9215
[12:57:56.341705] Epoch: [22]  [200/491]  eta: 0:04:36  loss: 0.0662 (0.0785)  IoU (F channel): 0.4014 (0.3971)  L1 (Dc channel): 0.0010 (0.0011)  L1 (Dn channel): 0.0013 (0.0013)  IoU (P channel): 0.3344 (0.3173)  lr: 0.000984  iter-time: 0.9264
[12:58:05.564083] Epoch: [22]  [210/491]  eta: 0:04:26  loss: 0.0744 (0.0793)  IoU (F channel): 0.4004 (0.3970)  L1 (Dc channel): 0.0012 (0.0011)  L1 (Dn channel): 0.0015 (0.0013)  IoU (P channel): 0.3183 (0.3171)  lr: 0.000984  iter-time: 0.9247
[12:58:14.729174] Epoch: [22]  [220/491]  eta: 0:04:16  loss: 0.0835 (0.0792)  IoU (F channel): 0.3843 (0.3960)  L1 (Dc channel): 0.0012 (0.0011)  L1 (Dn channel): 0.0013 (0.0013)  IoU (P channel): 0.3038 (0.3170)  lr: 0.000983  iter-time: 0.9192
[12:58:23.892872] Epoch: [22]  [230/491]  eta: 0:04:07  loss: 0.0635 (0.0792)  IoU (F channel): 0.3871 (0.3975)  L1 (Dc channel): 0.0011 (0.0011)  L1 (Dn channel): 0.0013 (0.0013)  IoU (P channel): 0.3279 (0.3165)  lr: 0.000983  iter-time: 0.9163
[12:58:33.058351] Epoch: [22]  [240/491]  eta: 0:03:57  loss: 0.0729 (0.0791)  IoU (F channel): 0.3974 (0.3978)  L1 (Dc channel): 0.0011 (0.0011)  L1 (Dn channel): 0.0013 (0.0013)  IoU (P channel): 0.3041 (0.3164)  lr: 0.000983  iter-time: 0.9164
[12:58:42.242735] Epoch: [22]  [250/491]  eta: 0:03:47  loss: 0.0770 (0.0794)  IoU (F channel): 0.3913 (0.3988)  L1 (Dc channel): 0.0011 (0.0011)  L1 (Dn channel): 0.0012 (0.0013)  IoU (P channel): 0.3041 (0.3171)  lr: 0.000983  iter-time: 0.9174
[12:58:51.396205] Epoch: [22]  [260/491]  eta: 0:03:37  loss: 0.0811 (0.0792)  IoU (F channel): 0.3819 (0.3987)  L1 (Dc channel): 0.0011 (0.0011)  L1 (Dn channel): 0.0013 (0.0013)  IoU (P channel): 0.3010 (0.3165)  lr: 0.000983  iter-time: 0.9168
[12:59:00.557670] Epoch: [22]  [270/491]  eta: 0:03:28  loss: 0.0720 (0.0792)  IoU (F channel): 0.3902 (0.3985)  L1 (Dc channel): 0.0011 (0.0011)  L1 (Dn channel): 0.0013 (0.0013)  IoU (P channel): 0.3010 (0.3162)  lr: 0.000982  iter-time: 0.9157
[12:59:09.719609] Epoch: [22]  [280/491]  eta: 0:03:18  loss: 0.0690 (0.0793)  IoU (F channel): 0.3931 (0.3992)  L1 (Dc channel): 0.0010 (0.0011)  L1 (Dn channel): 0.0013 (0.0013)  IoU (P channel): 0.3171 (0.3172)  lr: 0.000982  iter-time: 0.9161
[12:59:18.884700] Epoch: [22]  [290/491]  eta: 0:03:08  loss: 0.0758 (0.0793)  IoU (F channel): 0.3905 (0.3993)  L1 (Dc channel): 0.0009 (0.0011)  L1 (Dn channel): 0.0013 (0.0013)  IoU (P channel): 0.3413 (0.3176)  lr: 0.000982  iter-time: 0.9162
[12:59:28.053937] Epoch: [22]  [300/491]  eta: 0:02:59  loss: 0.0726 (0.0790)  IoU (F channel): 0.3632 (0.3983)  L1 (Dc channel): 0.0009 (0.0011)  L1 (Dn channel): 0.0011 (0.0013)  IoU (P channel): 0.3156 (0.3170)  lr: 0.000982  iter-time: 0.9166
[12:59:37.301092] Epoch: [22]  [310/491]  eta: 0:02:49  loss: 0.0645 (0.0787)  IoU (F channel): 0.3584 (0.3978)  L1 (Dc channel): 0.0009 (0.0011)  L1 (Dn channel): 0.0012 (0.0013)  IoU (P channel): 0.3043 (0.3160)  lr: 0.000982  iter-time: 0.9207
[12:59:46.571074] Epoch: [22]  [320/491]  eta: 0:02:40  loss: 0.0806 (0.0797)  IoU (F channel): 0.3616 (0.3976)  L1 (Dc channel): 0.0011 (0.0011)  L1 (Dn channel): 0.0013 (0.0013)  IoU (P channel): 0.2598 (0.3151)  lr: 0.000981  iter-time: 0.9258
[12:59:55.849436] Epoch: [22]  [330/491]  eta: 0:02:31  loss: 0.0985 (0.0806)  IoU (F channel): 0.3959 (0.3982)  L1 (Dc channel): 0.0012 (0.0011)  L1 (Dn channel): 0.0013 (0.0013)  IoU (P channel): 0.3395 (0.3161)  lr: 0.000981  iter-time: 0.9273
[13:00:05.214912] Epoch: [22]  [340/491]  eta: 0:02:21  loss: 0.0876 (0.0805)  IoU (F channel): 0.3918 (0.3979)  L1 (Dc channel): 0.0012 (0.0011)  L1 (Dn channel): 0.0012 (0.0013)  IoU (P channel): 0.3328 (0.3159)  lr: 0.000981  iter-time: 0.9321
[13:00:14.487819] Epoch: [22]  [350/491]  eta: 0:02:12  loss: 0.0842 (0.0808)  IoU (F channel): 0.3508 (0.3981)  L1 (Dc channel): 0.0009 (0.0011)  L1 (Dn channel): 0.0011 (0.0013)  IoU (P channel): 0.3167 (0.3162)  lr: 0.000981  iter-time: 0.9318
[13:00:23.671477] Epoch: [22]  [360/491]  eta: 0:02:02  loss: 0.0846 (0.0807)  IoU (F channel): 0.3782 (0.3993)  L1 (Dc channel): 0.0008 (0.0011)  L1 (Dn channel): 0.0010 (0.0013)  IoU (P channel): 0.3199 (0.3164)  lr: 0.000981  iter-time: 0.9227
[13:00:32.905908] Epoch: [22]  [370/491]  eta: 0:01:53  loss: 0.0693 (0.0807)  IoU (F channel): 0.3997 (0.3988)  L1 (Dc channel): 0.0008 (0.0011)  L1 (Dn channel): 0.0011 (0.0013)  IoU (P channel): 0.2914 (0.3158)  lr: 0.000980  iter-time: 0.9208
[13:00:42.258777] Epoch: [22]  [380/491]  eta: 0:01:44  loss: 0.0693 (0.0808)  IoU (F channel): 0.3674 (0.3992)  L1 (Dc channel): 0.0008 (0.0010)  L1 (Dn channel): 0.0014 (0.0013)  IoU (P channel): 0.3014 (0.3158)  lr: 0.000980  iter-time: 0.9292
[13:00:51.561725] Epoch: [22]  [390/491]  eta: 0:01:34  loss: 0.0843 (0.0811)  IoU (F channel): 0.3835 (0.3988)  L1 (Dc channel): 0.0008 (0.0010)  L1 (Dn channel): 0.0014 (0.0013)  IoU (P channel): 0.3319 (0.3159)  lr: 0.000980  iter-time: 0.9327
[13:01:00.898011] Epoch: [22]  [400/491]  eta: 0:01:25  loss: 0.0752 (0.0812)  IoU (F channel): 0.3803 (0.3990)  L1 (Dc channel): 0.0009 (0.0010)  L1 (Dn channel): 0.0012 (0.0013)  IoU (P channel): 0.3319 (0.3161)  lr: 0.000980  iter-time: 0.9319
[13:01:10.163518] Epoch: [22]  [410/491]  eta: 0:01:15  loss: 0.0711 (0.0816)  IoU (F channel): 0.3803 (0.3987)  L1 (Dc channel): 0.0010 (0.0010)  L1 (Dn channel): 0.0011 (0.0013)  IoU (P channel): 0.3096 (0.3160)  lr: 0.000980  iter-time: 0.9299
[13:01:19.666439] Epoch: [22]  [420/491]  eta: 0:01:06  loss: 0.0656 (0.0813)  IoU (F channel): 0.3519 (0.3974)  L1 (Dc channel): 0.0010 (0.0010)  L1 (Dn channel): 0.0011 (0.0013)  IoU (P channel): 0.2945 (0.3155)  lr: 0.000979  iter-time: 0.9383
[13:01:28.935856] Epoch: [22]  [430/491]  eta: 0:00:57  loss: 0.0656 (0.0810)  IoU (F channel): 0.3694 (0.3993)  L1 (Dc channel): 0.0010 (0.0010)  L1 (Dn channel): 0.0011 (0.0013)  IoU (P channel): 0.3021 (0.3154)  lr: 0.000979  iter-time: 0.9385
[13:01:38.278509] Epoch: [22]  [440/491]  eta: 0:00:47  loss: 0.0836 (0.0814)  IoU (F channel): 0.4356 (0.3984)  L1 (Dc channel): 0.0010 (0.0010)  L1 (Dn channel): 0.0011 (0.0013)  IoU (P channel): 0.2941 (0.3148)  lr: 0.000979  iter-time: 0.9305
[13:01:47.563917] Epoch: [22]  [450/491]  eta: 0:00:38  loss: 0.0836 (0.0813)  IoU (F channel): 0.3830 (0.3987)  L1 (Dc channel): 0.0010 (0.0010)  L1 (Dn channel): 0.0012 (0.0013)  IoU (P channel): 0.3087 (0.3152)  lr: 0.000979  iter-time: 0.9313
[13:01:56.795935] Epoch: [22]  [460/491]  eta: 0:00:29  loss: 0.0626 (0.0815)  IoU (F channel): 0.3944 (0.3989)  L1 (Dc channel): 0.0010 (0.0010)  L1 (Dn channel): 0.0012 (0.0013)  IoU (P channel): 0.3204 (0.3155)  lr: 0.000978  iter-time: 0.9258
[13:02:06.089984] Epoch: [22]  [470/491]  eta: 0:00:19  loss: 0.0689 (0.0812)  IoU (F channel): 0.3680 (0.3978)  L1 (Dc channel): 0.0009 (0.0010)  L1 (Dn channel): 0.0011 (0.0013)  IoU (P channel): 0.2725 (0.3147)  lr: 0.000978  iter-time: 0.9262
[13:02:15.392677] Epoch: [22]  [480/491]  eta: 0:00:10  loss: 0.0601 (0.0810)  IoU (F channel): 0.3587 (0.3975)  L1 (Dc channel): 0.0007 (0.0010)  L1 (Dn channel): 0.0011 (0.0013)  IoU (P channel): 0.2644 (0.3144)  lr: 0.000978  iter-time: 0.9297
[13:02:24.055681] Epoch: [22]  [490/491]  eta: 0:00:00  loss: 0.0605 (0.0810)  IoU (F channel): 0.3824 (0.3969)  L1 (Dc channel): 0.0008 (0.0010)  L1 (Dn channel): 0.0012 (0.0013)  IoU (P channel): 0.2922 (0.3136)  lr: 0.000978  iter-time: 0.8982
[13:02:24.055805] Epoch: [22] Total time: 0:07:38 (0.9345 s / it)
[13:02:24.055839] [Train] averaged stats: loss: 0.0605 (0.0810)  IoU (F channel): 0.3824 (0.3969)  L1 (Dc channel): 0.0008 (0.0010)  L1 (Dn channel): 0.0012 (0.0013)  IoU (P channel): 0.2922 (0.3136)  lr: 0.000978
[13:02:29.967439] Epoch: [22]  [ 0/27]  eta: 0:02:39  loss: 0.0208 (0.0208)  IoU (F channel): 0.0000 (0.0000)  L1 (Dc channel): 0.0010 (0.0010)  L1 (Dn channel): 0.0008 (0.0008)  IoU (P channel): 0.0000 (0.0000)  iter-time: 5.9104
[13:02:37.030200] Epoch: [22]  [10/27]  eta: 0:00:20  loss: 0.0981 (0.1715)  IoU (F channel): 0.3043 (0.2417)  L1 (Dc channel): 0.0012 (0.0013)  L1 (Dn channel): 0.0010 (0.0016)  IoU (P channel): 0.2420 (0.1913)  iter-time: 1.1793
[13:02:42.036056] Epoch: [22]  [20/27]  eta: 0:00:05  loss: 0.0981 (0.1624)  IoU (F channel): 0.3043 (0.2656)  L1 (Dc channel): 0.0013 (0.0014)  L1 (Dn channel): 0.0010 (0.0015)  IoU (P channel): 0.2566 (0.1999)  iter-time: 0.6034
[13:02:43.620357] Epoch: [22]  [26/27]  eta: 0:00:00  loss: 0.1055 (0.1653)  IoU (F channel): 0.3015 (0.2652)  L1 (Dc channel): 0.0013 (0.0014)  L1 (Dn channel): 0.0012 (0.0015)  IoU (P channel): 0.2486 (0.2016)  iter-time: 0.5389
[13:02:43.620447] Epoch: [22] Total time: 0:00:19 (0.7246 s / it)
[13:02:43.620467] [Val] averaged stats: loss: 0.1055 (0.1653)  IoU (F channel): 0.3015 (0.2652)  L1 (Dc channel): 0.0013 (0.0014)  L1 (Dn channel): 0.0012 (0.0015)  IoU (P channel): 0.2486 (0.2016)
[13:02:43.620652] Val loss improved from 0.17453251034021378 to 0.1653335653245449, saving model to metrics/biapy/biapy-channel-scale-zarr-seunet/checkpoints/biapy-channel-scale-zarr-seunet_1_w3443-checkpoint-best.pth
[13:02:43.754172] [Val] best loss: 0.1653 best  IoU (F channel): 0.2652 L1 (Dc channel): 0.0014 L1 (Dn channel): 0.0015 IoU (P channel): 0.2016 
[13:02:43.762632] [Time] 8.0m 3.0h/8.1h

[13:02:43.762652] ~~~ Epoch 23/60 ~~~

[13:02:49.394775] Epoch: [23]  [  0/491]  eta: 0:46:04  loss: 0.0655 (0.0655)  IoU (F channel): 0.2590 (0.2590)  L1 (Dc channel): 0.0012 (0.0012)  L1 (Dn channel): 0.0011 (0.0011)  IoU (P channel): 0.2536 (0.2536)  lr: 0.000978  iter-time: 5.6305
[13:02:58.953368] Epoch: [23]  [ 10/491]  eta: 0:11:04  loss: 0.0833 (0.0908)  IoU (F channel): 0.3595 (0.3911)  L1 (Dc channel): 0.0012 (0.0011)  L1 (Dn channel): 0.0013 (0.0013)  IoU (P channel): 0.3294 (0.3227)  lr: 0.000978  iter-time: 1.3807
[13:03:08.283722] Epoch: [23]  [ 20/491]  eta: 0:09:09  loss: 0.0807 (0.0803)  IoU (F channel): 0.3595 (0.3707)  L1 (Dc channel): 0.0011 (0.0011)  L1 (Dn channel): 0.0012 (0.0013)  IoU (P channel): 0.3048 (0.2997)  lr: 0.000977  iter-time: 0.9443
[13:03:17.445390] Epoch: [23]  [ 30/491]  eta: 0:08:20  loss: 0.0638 (0.0804)  IoU (F channel): 0.3634 (0.3735)  L1 (Dc channel): 0.0011 (0.0011)  L1 (Dn channel): 0.0011 (0.0012)  IoU (P channel): 0.2683 (0.2952)  lr: 0.000977  iter-time: 0.9245
[13:03:26.607389] Epoch: [23]  [ 40/491]  eta: 0:07:51  loss: 0.0593 (0.0751)  IoU (F channel): 0.4025 (0.3832)  L1 (Dc channel): 0.0010 (0.0011)  L1 (Dn channel): 0.0011 (0.0012)  IoU (P channel): 0.3207 (0.3031)  lr: 0.000977  iter-time: 0.9161
[13:03:35.868695] Epoch: [23]  [ 50/491]  eta: 0:07:30  loss: 0.0611 (0.0761)  IoU (F channel): 0.4062 (0.3864)  L1 (Dc channel): 0.0010 (0.0011)  L1 (Dn channel): 0.0012 (0.0012)  IoU (P channel): 0.3214 (0.3044)  lr: 0.000977  iter-time: 0.9211
[13:03:45.084772] Epoch: [23]  [ 60/491]  eta: 0:07:13  loss: 0.0691 (0.0750)  IoU (F channel): 0.4054 (0.3861)  L1 (Dc channel): 0.0010 (0.0011)  L1 (Dn channel): 0.0013 (0.0012)  IoU (P channel): 0.2862 (0.2995)  lr: 0.000976  iter-time: 0.9238
[13:03:54.254873] Epoch: [23]  [ 70/491]  eta: 0:06:57  loss: 0.0615 (0.0748)  IoU (F channel): 0.4214 (0.3947)  L1 (Dc channel): 0.0009 (0.0011)  L1 (Dn channel): 0.0012 (0.0013)  IoU (P channel): 0.3008 (0.3034)  lr: 0.000976  iter-time: 0.9192
[13:04:03.513751] Epoch: [23]  [ 80/491]  eta: 0:06:44  loss: 0.0844 (0.0778)  IoU (F channel): 0.4420 (0.4029)  L1 (Dc channel): 0.0012 (0.0011)  L1 (Dn channel): 0.0014 (0.0013)  IoU (P channel): 0.3423 (0.3109)  lr: 0.000976  iter-time: 0.9213
[13:04:12.677150] Epoch: [23]  [ 90/491]  eta: 0:06:31  loss: 0.0869 (0.0789)  IoU (F channel): 0.4305 (0.4030)  L1 (Dc channel): 0.0009 (0.0011)  L1 (Dn channel): 0.0013 (0.0013)  IoU (P channel): 0.3433 (0.3129)  lr: 0.000976  iter-time: 0.9210
[13:04:21.849778] Epoch: [23]  [100/491]  eta: 0:06:19  loss: 0.0718 (0.0778)  IoU (F channel): 0.3796 (0.4009)  L1 (Dc channel): 0.0008 (0.0010)  L1 (Dn channel): 0.0012 (0.0013)  IoU (P channel): 0.3330 (0.3130)  lr: 0.000975  iter-time: 0.9167
[13:04:31.076362] Epoch: [23]  [110/491]  eta: 0:06:08  loss: 0.0779 (0.0783)  IoU (F channel): 0.3833 (0.4011)  L1 (Dc channel): 0.0007 (0.0010)  L1 (Dn channel): 0.0011 (0.0013)  IoU (P channel): 0.3194 (0.3128)  lr: 0.000975  iter-time: 0.9198
[13:04:40.234978] Epoch: [23]  [120/491]  eta: 0:05:57  loss: 0.0781 (0.0784)  IoU (F channel): 0.4084 (0.4045)  L1 (Dc channel): 0.0009 (0.0010)  L1 (Dn channel): 0.0011 (0.0013)  IoU (P channel): 0.3194 (0.3124)  lr: 0.000975  iter-time: 0.9191
[13:04:49.495187] Epoch: [23]  [130/491]  eta: 0:05:46  loss: 0.0662 (0.0792)  IoU (F channel): 0.3969 (0.4029)  L1 (Dc channel): 0.0009 (0.0010)  L1 (Dn channel): 0.0011 (0.0013)  IoU (P channel): 0.3030 (0.3117)  lr: 0.000975  iter-time: 0.9208
[13:04:58.801376] Epoch: [23]  [140/491]  eta: 0:05:36  loss: 0.0823 (0.0806)  IoU (F channel): 0.3434 (0.4002)  L1 (Dc channel): 0.0011 (0.0010)  L1 (Dn channel): 0.0012 (0.0013)  IoU (P channel): 0.3059 (0.3113)  lr: 0.000974  iter-time: 0.9282
[13:05:08.200974] Epoch: [23]  [150/491]  eta: 0:05:25  loss: 0.0784 (0.0802)  IoU (F channel): 0.3568 (0.3989)  L1 (Dc channel): 0.0011 (0.0010)  L1 (Dn channel): 0.0013 (0.0013)  IoU (P channel): 0.3115 (0.3115)  lr: 0.000974  iter-time: 0.9272
[13:05:17.474171] Epoch: [23]  [160/491]  eta: 0:05:15  loss: 0.0634 (0.0800)  IoU (F channel): 0.3682 (0.3976)  L1 (Dc channel): 0.0010 (0.0010)  L1 (Dn channel): 0.0012 (0.0013)  IoU (P channel): 0.3091 (0.3108)  lr: 0.000974  iter-time: 0.9256
[13:05:26.731933] Epoch: [23]  [170/491]  eta: 0:05:05  loss: 0.0775 (0.0802)  IoU (F channel): 0.3718 (0.3983)  L1 (Dc channel): 0.0010 (0.0010)  L1 (Dn channel): 0.0012 (0.0013)  IoU (P channel): 0.3247 (0.3128)  lr: 0.000974  iter-time: 0.9264
[13:05:35.896957] Epoch: [23]  [180/491]  eta: 0:04:55  loss: 0.0775 (0.0810)  IoU (F channel): 0.4219 (0.4007)  L1 (Dc channel): 0.0010 (0.0010)  L1 (Dn channel): 0.0012 (0.0013)  IoU (P channel): 0.3506 (0.3159)  lr: 0.000974  iter-time: 0.9210
[13:05:45.081461] Epoch: [23]  [190/491]  eta: 0:04:45  loss: 0.0639 (0.0809)  IoU (F channel): 0.4145 (0.4004)  L1 (Dc channel): 0.0009 (0.0010)  L1 (Dn channel): 0.0011 (0.0013)  IoU (P channel): 0.3376 (0.3152)  lr: 0.000973  iter-time: 0.9173
[13:05:54.239555] Epoch: [23]  [200/491]  eta: 0:04:35  loss: 0.1316 (0.0993)  IoU (F channel): 0.3201 (0.3922)  L1 (Dc channel): 0.0012 (0.0011)  L1 (Dn channel): 0.0015 (0.0014)  IoU (P channel): 0.2657 (0.3083)  lr: 0.000973  iter-time: 0.9170
[13:06:03.403893] Epoch: [23]  [210/491]  eta: 0:04:25  loss: 0.2315 (0.1101)  IoU (F channel): 0.1543 (0.3811)  L1 (Dc channel): 0.0036 (0.0013)  L1 (Dn channel): 0.0034 (0.0015)  IoU (P channel): 0.1190 (0.2991)  lr: 0.000973  iter-time: 0.9160
[13:06:12.644426] Epoch: [23]  [220/491]  eta: 0:04:15  loss: 0.2597 (0.1234)  IoU (F channel): 0.1227 (0.3687)  L1 (Dc channel): 0.0038 (0.0014)  L1 (Dn channel): 0.0034 (0.0016)  IoU (P channel): 0.0812 (0.2887)  lr: 0.000973  iter-time: 0.9201
[13:06:21.851875] Epoch: [23]  [230/491]  eta: 0:04:06  loss: 0.2178 (0.1287)  IoU (F channel): 0.1161 (0.3584)  L1 (Dc channel): 0.0027 (0.0014)  L1 (Dn channel): 0.0023 (0.0016)  IoU (P channel): 0.0759 (0.2799)  lr: 0.000972  iter-time: 0.9223
[13:06:31.008143] Epoch: [23]  [240/491]  eta: 0:03:56  loss: 0.2232 (0.1367)  IoU (F channel): 0.1383 (0.3507)  L1 (Dc channel): 0.0025 (0.0015)  L1 (Dn channel): 0.0021 (0.0017)  IoU (P channel): 0.0949 (0.2733)  lr: 0.000972  iter-time: 0.9181
[13:06:40.172151] Epoch: [23]  [250/491]  eta: 0:03:46  loss: 0.2362 (0.1421)  IoU (F channel): 0.1383 (0.3428)  L1 (Dc channel): 0.0025 (0.0015)  L1 (Dn channel): 0.0019 (0.0017)  IoU (P channel): 0.0877 (0.2668)  lr: 0.000972  iter-time: 0.9159
[13:06:49.340894] Epoch: [23]  [260/491]  eta: 0:03:37  loss: 0.2533 (0.1487)  IoU (F channel): 0.1240 (0.3353)  L1 (Dc channel): 0.0022 (0.0015)  L1 (Dn channel): 0.0017 (0.0017)  IoU (P channel): 0.0894 (0.2606)  lr: 0.000972  iter-time: 0.9165
[13:06:58.502473] Epoch: [23]  [270/491]  eta: 0:03:27  loss: 0.2271 (0.1514)  IoU (F channel): 0.1402 (0.3289)  L1 (Dc channel): 0.0020 (0.0016)  L1 (Dn channel): 0.0016 (0.0017)  IoU (P channel): 0.0957 (0.2551)  lr: 0.000971  iter-time: 0.9164
[13:07:07.784749] Epoch: [23]  [280/491]  eta: 0:03:18  loss: 0.1919 (0.1546)  IoU (F channel): 0.1641 (0.3236)  L1 (Dc channel): 0.0022 (0.0016)  L1 (Dn channel): 0.0019 (0.0017)  IoU (P channel): 0.1089 (0.2509)  lr: 0.000971  iter-time: 0.9221
[13:07:16.967677] Epoch: [23]  [290/491]  eta: 0:03:08  loss: 0.1919 (0.1566)  IoU (F channel): 0.1830 (0.3209)  L1 (Dc channel): 0.0022 (0.0016)  L1 (Dn channel): 0.0022 (0.0017)  IoU (P channel): 0.1386 (0.2486)  lr: 0.000971  iter-time: 0.9231
[13:07:26.262013] Epoch: [23]  [300/491]  eta: 0:02:59  loss: 0.1720 (0.1596)  IoU (F channel): 0.2311 (0.3170)  L1 (Dc channel): 0.0022 (0.0016)  L1 (Dn channel): 0.0022 (0.0017)  IoU (P channel): 0.1857 (0.2462)  lr: 0.000971  iter-time: 0.9237
[13:07:35.453673] Epoch: [23]  [310/491]  eta: 0:02:49  loss: 0.1530 (0.1594)  IoU (F channel): 0.2415 (0.3167)  L1 (Dc channel): 0.0022 (0.0016)  L1 (Dn channel): 0.0023 (0.0017)  IoU (P channel): 0.1965 (0.2459)  lr: 0.000970  iter-time: 0.9242
[13:07:44.670963] Epoch: [23]  [320/491]  eta: 0:02:40  loss: 0.1309 (0.1590)  IoU (F channel): 0.2908 (0.3154)  L1 (Dc channel): 0.0019 (0.0016)  L1 (Dn channel): 0.0019 (0.0018)  IoU (P channel): 0.2298 (0.2449)  lr: 0.000970  iter-time: 0.9203
[13:07:53.947720] Epoch: [23]  [330/491]  eta: 0:02:30  loss: 0.1251 (0.1599)  IoU (F channel): 0.2370 (0.3137)  L1 (Dc channel): 0.0018 (0.0017)  L1 (Dn channel): 0.0017 (0.0018)  IoU (P channel): 0.1874 (0.2442)  lr: 0.000970  iter-time: 0.9246
[13:08:03.103563] Epoch: [23]  [340/491]  eta: 0:02:21  loss: 0.1463 (0.1609)  IoU (F channel): 0.2650 (0.3131)  L1 (Dc channel): 0.0019 (0.0017)  L1 (Dn channel): 0.0018 (0.0018)  IoU (P channel): 0.1889 (0.2432)  lr: 0.000969  iter-time: 0.9215
[13:08:12.260063] Epoch: [23]  [350/491]  eta: 0:02:11  loss: 0.1537 (0.1611)  IoU (F channel): 0.2618 (0.3101)  L1 (Dc channel): 0.0016 (0.0017)  L1 (Dn channel): 0.0017 (0.0018)  IoU (P channel): 0.1689 (0.2405)  lr: 0.000969  iter-time: 0.9155
[13:08:21.415704] Epoch: [23]  [360/491]  eta: 0:02:02  loss: 0.1626 (0.1618)  IoU (F channel): 0.2618 (0.3097)  L1 (Dc channel): 0.0016 (0.0017)  L1 (Dn channel): 0.0016 (0.0018)  IoU (P channel): 0.1747 (0.2404)  lr: 0.000969  iter-time: 0.9155
[13:08:30.586051] Epoch: [23]  [370/491]  eta: 0:01:53  loss: 0.1392 (0.1607)  IoU (F channel): 0.3058 (0.3094)  L1 (Dc channel): 0.0016 (0.0017)  L1 (Dn channel): 0.0015 (0.0018)  IoU (P channel): 0.2409 (0.2405)  lr: 0.000969  iter-time: 0.9162
[13:08:39.743065] Epoch: [23]  [380/491]  eta: 0:01:43  loss: 0.1031 (0.1594)  IoU (F channel): 0.3218 (0.3104)  L1 (Dc channel): 0.0014 (0.0016)  L1 (Dn channel): 0.0013 (0.0017)  IoU (P channel): 0.2342 (0.2412)  lr: 0.000968  iter-time: 0.9163
[13:08:48.995132] Epoch: [23]  [390/491]  eta: 0:01:34  loss: 0.1029 (0.1583)  IoU (F channel): 0.3008 (0.3095)  L1 (Dc channel): 0.0014 (0.0016)  L1 (Dn channel): 0.0011 (0.0017)  IoU (P channel): 0.2342 (0.2411)  lr: 0.000968  iter-time: 0.9203
[13:08:58.158075] Epoch: [23]  [400/491]  eta: 0:01:24  loss: 0.0932 (0.1575)  IoU (F channel): 0.2556 (0.3087)  L1 (Dc channel): 0.0014 (0.0016)  L1 (Dn channel): 0.0012 (0.0017)  IoU (P channel): 0.2294 (0.2407)  lr: 0.000968  iter-time: 0.9206
[13:09:07.615246] Epoch: [23]  [410/491]  eta: 0:01:15  loss: 0.1055 (0.1566)  IoU (F channel): 0.2482 (0.3090)  L1 (Dc channel): 0.0014 (0.0016)  L1 (Dn channel): 0.0013 (0.0017)  IoU (P channel): 0.2315 (0.2412)  lr: 0.000968  iter-time: 0.9309
[13:09:16.774704] Epoch: [23]  [420/491]  eta: 0:01:06  loss: 0.1338 (0.1563)  IoU (F channel): 0.3117 (0.3095)  L1 (Dc channel): 0.0014 (0.0016)  L1 (Dn channel): 0.0014 (0.0017)  IoU (P channel): 0.2484 (0.2419)  lr: 0.000967  iter-time: 0.9307
[13:09:25.934931] Epoch: [23]  [430/491]  eta: 0:00:56  loss: 0.1284 (0.1557)  IoU (F channel): 0.2954 (0.3087)  L1 (Dc channel): 0.0015 (0.0016)  L1 (Dn channel): 0.0013 (0.0017)  IoU (P channel): 0.2350 (0.2412)  lr: 0.000967  iter-time: 0.9159
[13:09:35.219470] Epoch: [23]  [440/491]  eta: 0:00:47  loss: 0.1341 (0.1562)  IoU (F channel): 0.2363 (0.3075)  L1 (Dc channel): 0.0015 (0.0016)  L1 (Dn channel): 0.0011 (0.0017)  IoU (P channel): 0.1664 (0.2403)  lr: 0.000967  iter-time: 0.9221
[13:09:44.387807] Epoch: [23]  [450/491]  eta: 0:00:38  loss: 0.1339 (0.1563)  IoU (F channel): 0.1739 (0.3045)  L1 (Dc channel): 0.0014 (0.0016)  L1 (Dn channel): 0.0011 (0.0017)  IoU (P channel): 0.1463 (0.2379)  lr: 0.000967  iter-time: 0.9225
[13:09:53.661228] Epoch: [23]  [460/491]  eta: 0:00:28  loss: 0.1252 (0.1563)  IoU (F channel): 0.1953 (0.3047)  L1 (Dc channel): 0.0012 (0.0016)  L1 (Dn channel): 0.0012 (0.0017)  IoU (P channel): 0.1482 (0.2376)  lr: 0.000966  iter-time: 0.9220
[13:10:03.009722] Epoch: [23]  [470/491]  eta: 0:00:19  loss: 0.1382 (0.1559)  IoU (F channel): 0.2768 (0.3042)  L1 (Dc channel): 0.0013 (0.0016)  L1 (Dn channel): 0.0013 (0.0017)  IoU (P channel): 0.2267 (0.2375)  lr: 0.000966  iter-time: 0.9310
[13:10:12.254063] Epoch: [23]  [480/491]  eta: 0:00:10  loss: 0.1340 (0.1558)  IoU (F channel): 0.2980 (0.3045)  L1 (Dc channel): 0.0014 (0.0016)  L1 (Dn channel): 0.0015 (0.0017)  IoU (P channel): 0.2700 (0.2381)  lr: 0.000966  iter-time: 0.9295
[13:10:20.915523] Epoch: [23]  [490/491]  eta: 0:00:00  loss: 0.1197 (0.1549)  IoU (F channel): 0.3004 (0.3037)  L1 (Dc channel): 0.0013 (0.0016)  L1 (Dn channel): 0.0012 (0.0016)  IoU (P channel): 0.2462 (0.2377)  lr: 0.000965  iter-time: 0.8952
[13:10:20.915640] Epoch: [23] Total time: 0:07:37 (0.9311 s / it)
[13:10:20.915674] [Train] averaged stats: loss: 0.1197 (0.1549)  IoU (F channel): 0.3004 (0.3037)  L1 (Dc channel): 0.0013 (0.0016)  L1 (Dn channel): 0.0012 (0.0016)  IoU (P channel): 0.2462 (0.2377)  lr: 0.000965
[13:10:25.922448] Epoch: [23]  [ 0/27]  eta: 0:02:15  loss: 0.0549 (0.0549)  IoU (F channel): 0.0000 (0.0000)  L1 (Dc channel): 0.0011 (0.0011)  L1 (Dn channel): 0.0005 (0.0005)  IoU (P channel): 0.0000 (0.0000)  iter-time: 5.0053
[13:10:31.906403] Epoch: [23]  [10/27]  eta: 0:00:16  loss: 0.1538 (0.2160)  IoU (F channel): 0.1389 (0.1519)  L1 (Dc channel): 0.0013 (0.0014)  L1 (Dn channel): 0.0007 (0.0013)  IoU (P channel): 0.1166 (0.1271)  iter-time: 0.9990
[13:10:39.506101] Epoch: [23]  [20/27]  eta: 0:00:06  loss: 0.1357 (0.1984)  IoU (F channel): 0.1419 (0.1895)  L1 (Dc channel): 0.0013 (0.0014)  L1 (Dn channel): 0.0007 (0.0012)  IoU (P channel): 0.1169 (0.1477)  iter-time: 0.6791
[13:10:41.607276] Epoch: [23]  [26/27]  eta: 0:00:00  loss: 0.1286 (0.1908)  IoU (F channel): 0.2128 (0.1851)  L1 (Dc channel): 0.0013 (0.0014)  L1 (Dn channel): 0.0009 (0.0012)  IoU (P channel): 0.1939 (0.1484)  iter-time: 0.6005
[13:10:41.607393] Epoch: [23] Total time: 0:00:20 (0.7663 s / it)
[13:10:41.607414] [Val] averaged stats: loss: 0.1286 (0.1908)  IoU (F channel): 0.2128 (0.1851)  L1 (Dc channel): 0.0013 (0.0014)  L1 (Dn channel): 0.0009 (0.0012)  IoU (P channel): 0.1939 (0.1484)
[13:10:41.607595] [Val] best loss: 0.1653 best  IoU (F channel): 0.2652 L1 (Dc channel): 0.0014 L1 (Dn channel): 0.0015 IoU (P channel): 0.2016 
EarlyStopping counter: 1 out of 10
[13:10:41.618850] [Time] 8.0m 3.1h/8.1h

[13:10:41.618877] ~~~ Epoch 24/60 ~~~

[13:10:47.593100] Epoch: [24]  [  0/491]  eta: 0:48:50  loss: 0.0906 (0.0906)  IoU (F channel): 0.1688 (0.1688)  L1 (Dc channel): 0.0013 (0.0013)  L1 (Dn channel): 0.0008 (0.0008)  IoU (P channel): 0.1503 (0.1503)  lr: 0.000965  iter-time: 5.9677
[13:10:57.263978] Epoch: [24]  [ 10/491]  eta: 0:11:23  loss: 0.0994 (0.1182)  IoU (F channel): 0.3193 (0.3081)  L1 (Dc channel): 0.0012 (0.0013)  L1 (Dn channel): 0.0011 (0.0013)  IoU (P channel): 0.2799 (0.2676)  lr: 0.000965  iter-time: 1.4216
[13:11:06.708319] Epoch: [24]  [ 20/491]  eta: 0:09:22  loss: 0.1103 (0.1224)  IoU (F channel): 0.2992 (0.2970)  L1 (Dc channel): 0.0012 (0.0012)  L1 (Dn channel): 0.0011 (0.0012)  IoU (P channel): 0.2719 (0.2584)  lr: 0.000965  iter-time: 0.9556
[13:11:16.080179] Epoch: [24]  [ 30/491]  eta: 0:08:32  loss: 0.1201 (0.1361)  IoU (F channel): 0.2863 (0.3115)  L1 (Dc channel): 0.0012 (0.0013)  L1 (Dn channel): 0.0010 (0.0013)  IoU (P channel): 0.2592 (0.2695)  lr: 0.000965  iter-time: 0.9407
[13:11:25.398122] Epoch: [24]  [ 40/491]  eta: 0:08:01  loss: 0.1027 (0.1271)  IoU (F channel): 0.3244 (0.3221)  L1 (Dc channel): 0.0011 (0.0012)  L1 (Dn channel): 0.0010 (0.0012)  IoU (P channel): 0.2592 (0.2718)  lr: 0.000964  iter-time: 0.9344
[13:11:34.655162] Epoch: [24]  [ 50/491]  eta: 0:07:38  loss: 0.0921 (0.1216)  IoU (F channel): 0.3244 (0.3240)  L1 (Dc channel): 0.0010 (0.0012)  L1 (Dn channel): 0.0009 (0.0012)  IoU (P channel): 0.2531 (0.2694)  lr: 0.000964  iter-time: 0.9286
[13:11:44.062151] Epoch: [24]  [ 60/491]  eta: 0:07:21  loss: 0.0921 (0.1185)  IoU (F channel): 0.3029 (0.3288)  L1 (Dc channel): 0.0010 (0.0012)  L1 (Dn channel): 0.0009 (0.0012)  IoU (P channel): 0.2604 (0.2725)  lr: 0.000964  iter-time: 0.9331
[13:11:53.418863] Epoch: [24]  [ 70/491]  eta: 0:07:05  loss: 0.0969 (0.1198)  IoU (F channel): 0.3136 (0.3264)  L1 (Dc channel): 0.0011 (0.0012)  L1 (Dn channel): 0.0011 (0.0012)  IoU (P channel): 0.2825 (0.2726)  lr: 0.000963  iter-time: 0.9381
[13:12:02.754551] Epoch: [24]  [ 80/491]  eta: 0:06:51  loss: 0.0964 (0.1173)  IoU (F channel): 0.3444 (0.3323)  L1 (Dc channel): 0.0011 (0.0012)  L1 (Dn channel): 0.0011 (0.0012)  IoU (P channel): 0.2823 (0.2767)  lr: 0.000963  iter-time: 0.9345
[13:12:12.186506] Epoch: [24]  [ 90/491]  eta: 0:06:39  loss: 0.0938 (0.1170)  IoU (F channel): 0.3635 (0.3324)  L1 (Dc channel): 0.0011 (0.0012)  L1 (Dn channel): 0.0010 (0.0012)  IoU (P channel): 0.2823 (0.2775)  lr: 0.000963  iter-time: 0.9382
[13:12:21.485873] Epoch: [24]  [100/491]  eta: 0:06:26  loss: 0.0952 (0.1163)  IoU (F channel): 0.3608 (0.3356)  L1 (Dc channel): 0.0012 (0.0012)  L1 (Dn channel): 0.0011 (0.0012)  IoU (P channel): 0.2594 (0.2780)  lr: 0.000963  iter-time: 0.9365
[13:12:30.731991] Epoch: [24]  [110/491]  eta: 0:06:14  loss: 0.0886 (0.1138)  IoU (F channel): 0.3164 (0.3328)  L1 (Dc channel): 0.0010 (0.0012)  L1 (Dn channel): 0.0009 (0.0012)  IoU (P channel): 0.2736 (0.2780)  lr: 0.000962  iter-time: 0.9271
[13:12:40.042399] Epoch: [24]  [120/491]  eta: 0:06:03  loss: 0.0940 (0.1137)  IoU (F channel): 0.3026 (0.3329)  L1 (Dc channel): 0.0009 (0.0012)  L1 (Dn channel): 0.0010 (0.0012)  IoU (P channel): 0.2924 (0.2805)  lr: 0.000962  iter-time: 0.9276
[13:12:49.204494] Epoch: [24]  [130/491]  eta: 0:05:51  loss: 0.0940 (0.1131)  IoU (F channel): 0.3382 (0.3353)  L1 (Dc channel): 0.0010 (0.0012)  L1 (Dn channel): 0.0011 (0.0012)  IoU (P channel): 0.2959 (0.2811)  lr: 0.000962  iter-time: 0.9235
[13:12:58.378425] Epoch: [24]  [140/491]  eta: 0:05:40  loss: 0.0863 (0.1112)  IoU (F channel): 0.3637 (0.3396)  L1 (Dc channel): 0.0009 (0.0011)  L1 (Dn channel): 0.0011 (0.0012)  IoU (P channel): 0.2925 (0.2843)  lr: 0.000961  iter-time: 0.9167
[13:13:07.534820] Epoch: [24]  [150/491]  eta: 0:05:29  loss: 0.0836 (0.1104)  IoU (F channel): 0.3901 (0.3423)  L1 (Dc channel): 0.0009 (0.0011)  L1 (Dn channel): 0.0012 (0.0012)  IoU (P channel): 0.2932 (0.2851)  lr: 0.000961  iter-time: 0.9164
[13:13:16.694008] Epoch: [24]  [160/491]  eta: 0:05:18  loss: 0.0820 (0.1087)  IoU (F channel): 0.3827 (0.3436)  L1 (Dc channel): 0.0009 (0.0011)  L1 (Dn channel): 0.0013 (0.0012)  IoU (P channel): 0.2901 (0.2843)  lr: 0.000961  iter-time: 0.9157
[13:13:25.859314] Epoch: [24]  [170/491]  eta: 0:05:08  loss: 0.0911 (0.1087)  IoU (F channel): 0.3332 (0.3421)  L1 (Dc channel): 0.0009 (0.0011)  L1 (Dn channel): 0.0014 (0.0012)  IoU (P channel): 0.2779 (0.2843)  lr: 0.000960  iter-time: 0.9161
[13:13:35.019610] Epoch: [24]  [180/491]  eta: 0:04:57  loss: 0.0974 (0.1084)  IoU (F channel): 0.3284 (0.3434)  L1 (Dc channel): 0.0009 (0.0011)  L1 (Dn channel): 0.0013 (0.0013)  IoU (P channel): 0.2746 (0.2843)  lr: 0.000960  iter-time: 0.9162
[13:13:44.211346] Epoch: [24]  [190/491]  eta: 0:04:47  loss: 0.0761 (0.1078)  IoU (F channel): 0.3862 (0.3466)  L1 (Dc channel): 0.0008 (0.0011)  L1 (Dn channel): 0.0012 (0.0013)  IoU (P channel): 0.2746 (0.2861)  lr: 0.000960  iter-time: 0.9175
[13:13:53.379980] Epoch: [24]  [200/491]  eta: 0:04:37  loss: 0.0761 (0.1092)  IoU (F channel): 0.3845 (0.3474)  L1 (Dc channel): 0.0011 (0.0011)  L1 (Dn channel): 0.0014 (0.0013)  IoU (P channel): 0.3106 (0.2867)  lr: 0.000960  iter-time: 0.9179
[13:14:02.549403] Epoch: [24]  [210/491]  eta: 0:04:27  loss: 0.1149 (0.1102)  IoU (F channel): 0.2904 (0.3436)  L1 (Dc channel): 0.0012 (0.0011)  L1 (Dn channel): 0.0014 (0.0013)  IoU (P channel): 0.2399 (0.2837)  lr: 0.000959  iter-time: 0.9168
[13:14:11.932017] Epoch: [24]  [220/491]  eta: 0:04:17  loss: 0.0976 (0.1101)  IoU (F channel): 0.2913 (0.3447)  L1 (Dc channel): 0.0011 (0.0011)  L1 (Dn channel): 0.0013 (0.0013)  IoU (P channel): 0.2399 (0.2837)  lr: 0.000959  iter-time: 0.9275
[13:14:21.098606] Epoch: [24]  [230/491]  eta: 0:04:07  loss: 0.0957 (0.1101)  IoU (F channel): 0.3459 (0.3456)  L1 (Dc channel): 0.0009 (0.0011)  L1 (Dn channel): 0.0013 (0.0013)  IoU (P channel): 0.2957 (0.2848)  lr: 0.000959  iter-time: 0.9273
[13:14:30.259556] Epoch: [24]  [240/491]  eta: 0:03:58  loss: 0.0923 (0.1094)  IoU (F channel): 0.3459 (0.3468)  L1 (Dc channel): 0.0009 (0.0011)  L1 (Dn channel): 0.0014 (0.0013)  IoU (P channel): 0.2995 (0.2857)  lr: 0.000958  iter-time: 0.9163
[13:14:39.430799] Epoch: [24]  [250/491]  eta: 0:03:48  loss: 0.0922 (0.1086)  IoU (F channel): 0.3608 (0.3485)  L1 (Dc channel): 0.0009 (0.0011)  L1 (Dn channel): 0.0012 (0.0013)  IoU (P channel): 0.2995 (0.2868)  lr: 0.000958  iter-time: 0.9165
[13:14:48.741956] Epoch: [24]  [260/491]  eta: 0:03:38  loss: 0.0790 (0.1077)  IoU (F channel): 0.3786 (0.3485)  L1 (Dc channel): 0.0011 (0.0011)  L1 (Dn channel): 0.0011 (0.0013)  IoU (P channel): 0.2932 (0.2862)  lr: 0.000958  iter-time: 0.9240
[13:14:57.966299] Epoch: [24]  [270/491]  eta: 0:03:29  loss: 0.0690 (0.1070)  IoU (F channel): 0.3493 (0.3487)  L1 (Dc channel): 0.0011 (0.0011)  L1 (Dn channel): 0.0011 (0.0013)  IoU (P channel): 0.2932 (0.2869)  lr: 0.000957  iter-time: 0.9267
[13:15:07.159181] Epoch: [24]  [280/491]  eta: 0:03:19  loss: 0.0778 (0.1060)  IoU (F channel): 0.3392 (0.3500)  L1 (Dc channel): 0.0012 (0.0011)  L1 (Dn channel): 0.0012 (0.0013)  IoU (P channel): 0.2997 (0.2873)  lr: 0.000957  iter-time: 0.9208
[13:15:16.593158] Epoch: [24]  [290/491]  eta: 0:03:09  loss: 0.0777 (0.1052)  IoU (F channel): 0.3424 (0.3501)  L1 (Dc channel): 0.0011 (0.0011)  L1 (Dn channel): 0.0011 (0.0013)  IoU (P channel): 0.2897 (0.2877)  lr: 0.000957  iter-time: 0.9312
[13:15:25.849336] Epoch: [24]  [300/491]  eta: 0:03:00  loss: 0.0759 (0.1049)  IoU (F channel): 0.3545 (0.3499)  L1 (Dc channel): 0.0011 (0.0011)  L1 (Dn channel): 0.0011 (0.0013)  IoU (P channel): 0.2733 (0.2874)  lr: 0.000957  iter-time: 0.9344
[13:15:35.011437] Epoch: [24]  [310/491]  eta: 0:02:50  loss: 0.0870 (0.1045)  IoU (F channel): 0.3548 (0.3516)  L1 (Dc channel): 0.0009 (0.0011)  L1 (Dn channel): 0.0012 (0.0013)  IoU (P channel): 0.2915 (0.2883)  lr: 0.000956  iter-time: 0.9208
[13:15:44.176158] Epoch: [24]  [320/491]  eta: 0:02:41  loss: 0.0972 (0.1042)  IoU (F channel): 0.3799 (0.3529)  L1 (Dc channel): 0.0009 (0.0011)  L1 (Dn channel): 0.0012 (0.0013)  IoU (P channel): 0.3075 (0.2888)  lr: 0.000956  iter-time: 0.9162
[13:15:53.698846] Epoch: [24]  [330/491]  eta: 0:02:31  loss: 0.0845 (0.1034)  IoU (F channel): 0.3491 (0.3526)  L1 (Dc channel): 0.0007 (0.0011)  L1 (Dn channel): 0.0011 (0.0013)  IoU (P channel): 0.2886 (0.2880)  lr: 0.000956  iter-time: 0.9342
[13:16:03.008592] Epoch: [24]  [340/491]  eta: 0:02:22  loss: 0.0726 (0.1027)  IoU (F channel): 0.3556 (0.3537)  L1 (Dc channel): 0.0007 (0.0011)  L1 (Dn channel): 0.0010 (0.0013)  IoU (P channel): 0.2879 (0.2890)  lr: 0.000955  iter-time: 0.9415
[13:16:12.172654] Epoch: [24]  [350/491]  eta: 0:02:12  loss: 0.0711 (0.1022)  IoU (F channel): 0.3544 (0.3533)  L1 (Dc channel): 0.0008 (0.0011)  L1 (Dn channel): 0.0011 (0.0013)  IoU (P channel): 0.2879 (0.2886)  lr: 0.000955  iter-time: 0.9236
[13:16:21.407249] Epoch: [24]  [360/491]  eta: 0:02:03  loss: 0.0711 (0.1018)  IoU (F channel): 0.3253 (0.3531)  L1 (Dc channel): 0.0011 (0.0011)  L1 (Dn channel): 0.0011 (0.0013)  IoU (P channel): 0.2689 (0.2884)  lr: 0.000955  iter-time: 0.9198
[13:16:30.572516] Epoch: [24]  [370/491]  eta: 0:01:53  loss: 0.0866 (0.1017)  IoU (F channel): 0.3580 (0.3536)  L1 (Dc channel): 0.0011 (0.0011)  L1 (Dn channel): 0.0013 (0.0013)  IoU (P channel): 0.3103 (0.2890)  lr: 0.000954  iter-time: 0.9199
[13:16:39.856067] Epoch: [24]  [380/491]  eta: 0:01:44  loss: 0.0866 (0.1018)  IoU (F channel): 0.3537 (0.3530)  L1 (Dc channel): 0.0009 (0.0011)  L1 (Dn channel): 0.0013 (0.0013)  IoU (P channel): 0.2844 (0.2885)  lr: 0.000954  iter-time: 0.9223
[13:16:49.065084] Epoch: [24]  [390/491]  eta: 0:01:34  loss: 0.0738 (0.1011)  IoU (F channel): 0.3519 (0.3534)  L1 (Dc channel): 0.0011 (0.0011)  L1 (Dn channel): 0.0011 (0.0013)  IoU (P channel): 0.2762 (0.2886)  lr: 0.000954  iter-time: 0.9245
[13:16:58.235494] Epoch: [24]  [400/491]  eta: 0:01:25  loss: 0.0732 (0.1005)  IoU (F channel): 0.3483 (0.3533)  L1 (Dc channel): 0.0011 (0.0011)  L1 (Dn channel): 0.0011 (0.0013)  IoU (P channel): 0.2714 (0.2881)  lr: 0.000953  iter-time: 0.9188
[13:17:07.405882] Epoch: [24]  [410/491]  eta: 0:01:16  loss: 0.0740 (0.1001)  IoU (F channel): 0.3425 (0.3542)  L1 (Dc channel): 0.0011 (0.0011)  L1 (Dn channel): 0.0012 (0.0013)  IoU (P channel): 0.2865 (0.2885)  lr: 0.000953  iter-time: 0.9169
[13:17:16.710774] Epoch: [24]  [420/491]  eta: 0:01:06  loss: 0.0818 (0.0996)  IoU (F channel): 0.3782 (0.3549)  L1 (Dc channel): 0.0011 (0.0011)  L1 (Dn channel): 0.0012 (0.0013)  IoU (P channel): 0.2994 (0.2893)  lr: 0.000953  iter-time: 0.9237
[13:17:25.912577] Epoch: [24]  [430/491]  eta: 0:00:57  loss: 0.0811 (0.0993)  IoU (F channel): 0.3849 (0.3555)  L1 (Dc channel): 0.0011 (0.0011)  L1 (Dn channel): 0.0012 (0.0013)  IoU (P channel): 0.3197 (0.2903)  lr: 0.000952  iter-time: 0.9252
[13:17:35.208715] Epoch: [24]  [440/491]  eta: 0:00:47  loss: 0.0785 (0.0990)  IoU (F channel): 0.3702 (0.3553)  L1 (Dc channel): 0.0011 (0.0011)  L1 (Dn channel): 0.0012 (0.0013)  IoU (P channel): 0.2966 (0.2895)  lr: 0.000952  iter-time: 0.9248
[13:17:44.373607] Epoch: [24]  [450/491]  eta: 0:00:38  loss: 0.0716 (0.0986)  IoU (F channel): 0.3158 (0.3556)  L1 (Dc channel): 0.0011 (0.0011)  L1 (Dn channel): 0.0011 (0.0013)  IoU (P channel): 0.2689 (0.2896)  lr: 0.000952  iter-time: 0.9229
[13:17:53.559248] Epoch: [24]  [460/491]  eta: 0:00:29  loss: 0.0654 (0.0982)  IoU (F channel): 0.3570 (0.3561)  L1 (Dc channel): 0.0011 (0.0011)  L1 (Dn channel): 0.0011 (0.0013)  IoU (P channel): 0.3035 (0.2896)  lr: 0.000951  iter-time: 0.9174
[13:18:02.774368] Epoch: [24]  [470/491]  eta: 0:00:19  loss: 0.0801 (0.0982)  IoU (F channel): 0.3836 (0.3567)  L1 (Dc channel): 0.0011 (0.0011)  L1 (Dn channel): 0.0011 (0.0013)  IoU (P channel): 0.3035 (0.2898)  lr: 0.000951  iter-time: 0.9199
[13:18:11.934414] Epoch: [24]  [480/491]  eta: 0:00:10  loss: 0.0673 (0.0977)  IoU (F channel): 0.3453 (0.3562)  L1 (Dc channel): 0.0010 (0.0011)  L1 (Dn channel): 0.0011 (0.0013)  IoU (P channel): 0.2742 (0.2894)  lr: 0.000951  iter-time: 0.9186
[13:18:20.602268] Epoch: [24]  [490/491]  eta: 0:00:00  loss: 0.0711 (0.0980)  IoU (F channel): 0.3414 (0.3559)  L1 (Dc channel): 0.0010 (0.0011)  L1 (Dn channel): 0.0012 (0.0013)  IoU (P channel): 0.2634 (0.2890)  lr: 0.000950  iter-time: 0.8913
[13:18:20.602376] Epoch: [24] Total time: 0:07:38 (0.9348 s / it)
[13:18:20.602410] [Train] averaged stats: loss: 0.0711 (0.0980)  IoU (F channel): 0.3414 (0.3559)  L1 (Dc channel): 0.0010 (0.0011)  L1 (Dn channel): 0.0012 (0.0013)  IoU (P channel): 0.2634 (0.2890)  lr: 0.000950
[13:18:27.726894] Epoch: [24]  [ 0/27]  eta: 0:03:12  loss: 0.1321 (0.1321)  IoU (F channel): 0.0000 (0.0000)  L1 (Dc channel): 0.0011 (0.0011)  L1 (Dn channel): 0.0010 (0.0010)  IoU (P channel): 0.0000 (0.0000)  iter-time: 7.1234
[13:18:31.933064] Epoch: [24]  [10/27]  eta: 0:00:17  loss: 0.2286 (0.2595)  IoU (F channel): 0.0956 (0.1343)  L1 (Dc channel): 0.0012 (0.0013)  L1 (Dn channel): 0.0011 (0.0018)  IoU (P channel): 0.0849 (0.1126)  iter-time: 1.0299
[13:18:37.134334] Epoch: [24]  [20/27]  eta: 0:00:05  loss: 0.1967 (0.2356)  IoU (F channel): 0.1179 (0.1574)  L1 (Dc channel): 0.0012 (0.0013)  L1 (Dn channel): 0.0011 (0.0017)  IoU (P channel): 0.0952 (0.1243)  iter-time: 0.4703
[13:18:41.034912] Epoch: [24]  [26/27]  eta: 0:00:00  loss: 0.1573 (0.2252)  IoU (F channel): 0.1192 (0.1475)  L1 (Dc channel): 0.0012 (0.0013)  L1 (Dn channel): 0.0013 (0.0016)  IoU (P channel): 0.0952 (0.1204)  iter-time: 0.5618
[13:18:41.035064] Epoch: [24] Total time: 0:00:20 (0.7567 s / it)
[13:18:41.035103] [Val] averaged stats: loss: 0.1573 (0.2252)  IoU (F channel): 0.1192 (0.1475)  L1 (Dc channel): 0.0012 (0.0013)  L1 (Dn channel): 0.0013 (0.0016)  IoU (P channel): 0.0952 (0.1204)
[13:18:41.035410] [Val] best loss: 0.1653 best  IoU (F channel): 0.2652 L1 (Dc channel): 0.0014 L1 (Dn channel): 0.0015 IoU (P channel): 0.2016 
EarlyStopping counter: 2 out of 10
[13:18:41.046056] [Time] 8.0m 3.2h/8.2h

[13:18:41.046074] ~~~ Epoch 25/60 ~~~

[13:18:45.986274] Epoch: [25]  [  0/491]  eta: 0:40:24  loss: 0.1566 (0.1566)  IoU (F channel): 0.1723 (0.1723)  L1 (Dc channel): 0.0013 (0.0013)  L1 (Dn channel): 0.0012 (0.0012)  IoU (P channel): 0.1493 (0.1493)  lr: 0.000950  iter-time: 4.9378
[13:18:56.479036] Epoch: [25]  [ 10/491]  eta: 0:11:14  loss: 0.1017 (0.1111)  IoU (F channel): 0.2392 (0.3105)  L1 (Dc channel): 0.0011 (0.0010)  L1 (Dn channel): 0.0012 (0.0012)  IoU (P channel): 0.2339 (0.2425)  lr: 0.000950  iter-time: 1.4027
[13:19:05.644082] Epoch: [25]  [ 20/491]  eta: 0:09:11  loss: 0.0860 (0.1017)  IoU (F channel): 0.2922 (0.3039)  L1 (Dc channel): 0.0009 (0.0010)  L1 (Dn channel): 0.0010 (0.0011)  IoU (P channel): 0.2522 (0.2517)  lr: 0.000950  iter-time: 0.9828
[13:19:14.805648] Epoch: [25]  [ 30/491]  eta: 0:08:21  loss: 0.0829 (0.0938)  IoU (F channel): 0.3105 (0.3223)  L1 (Dc channel): 0.0011 (0.0011)  L1 (Dn channel): 0.0010 (0.0011)  IoU (P channel): 0.2902 (0.2634)  lr: 0.000949  iter-time: 0.9162
[13:19:23.963892] Epoch: [25]  [ 40/491]  eta: 0:07:52  loss: 0.0968 (0.0998)  IoU (F channel): 0.3731 (0.3352)  L1 (Dc channel): 0.0012 (0.0011)  L1 (Dn channel): 0.0013 (0.0012)  IoU (P channel): 0.3144 (0.2785)  lr: 0.000949  iter-time: 0.9159
[13:19:33.121713] Epoch: [25]  [ 50/491]  eta: 0:07:30  loss: 0.0975 (0.0976)  IoU (F channel): 0.3272 (0.3331)  L1 (Dc channel): 0.0011 (0.0011)  L1 (Dn channel): 0.0014 (0.0012)  IoU (P channel): 0.3140 (0.2760)  lr: 0.000949  iter-time: 0.9157
[13:19:42.323370] Epoch: [25]  [ 60/491]  eta: 0:07:12  loss: 0.0798 (0.0970)  IoU (F channel): 0.3325 (0.3420)  L1 (Dc channel): 0.0011 (0.0011)  L1 (Dn channel): 0.0012 (0.0012)  IoU (P channel): 0.2809 (0.2795)  lr: 0.000948  iter-time: 0.9179
[13:19:51.568680] Epoch: [25]  [ 70/491]  eta: 0:06:58  loss: 0.0896 (0.0979)  IoU (F channel): 0.4053 (0.3448)  L1 (Dc channel): 0.0012 (0.0011)  L1 (Dn channel): 0.0013 (0.0012)  IoU (P channel): 0.3305 (0.2831)  lr: 0.000948  iter-time: 0.9223
[13:20:00.729278] Epoch: [25]  [ 80/491]  eta: 0:06:44  loss: 0.0941 (0.0962)  IoU (F channel): 0.3451 (0.3474)  L1 (Dc channel): 0.0011 (0.0011)  L1 (Dn channel): 0.0012 (0.0012)  IoU (P channel): 0.2941 (0.2852)  lr: 0.000948  iter-time: 0.9202
[13:20:09.885179] Epoch: [25]  [ 90/491]  eta: 0:06:31  loss: 0.0732 (0.0957)  IoU (F channel): 0.3579 (0.3520)  L1 (Dc channel): 0.0011 (0.0011)  L1 (Dn channel): 0.0011 (0.0013)  IoU (P channel): 0.2933 (0.2875)  lr: 0.000947  iter-time: 0.9157
[13:20:19.149852] Epoch: [25]  [100/491]  eta: 0:06:19  loss: 0.0599 (0.0913)  IoU (F channel): 0.3964 (0.3556)  L1 (Dc channel): 0.0010 (0.0011)  L1 (Dn channel): 0.0010 (0.0012)  IoU (P channel): 0.2933 (0.2887)  lr: 0.000947  iter-time: 0.9209
[13:20:28.427003] Epoch: [25]  [110/491]  eta: 0:06:08  loss: 0.0525 (0.0899)  IoU (F channel): 0.4055 (0.3609)  L1 (Dc channel): 0.0009 (0.0011)  L1 (Dn channel): 0.0010 (0.0012)  IoU (P channel): 0.2856 (0.2896)  lr: 0.000947  iter-time: 0.9270
[13:20:37.780060] Epoch: [25]  [120/491]  eta: 0:05:57  loss: 0.0908 (0.0916)  IoU (F channel): 0.4082 (0.3602)  L1 (Dc channel): 0.0010 (0.0011)  L1 (Dn channel): 0.0012 (0.0013)  IoU (P channel): 0.2856 (0.2904)  lr: 0.000946  iter-time: 0.9314
[13:20:47.029377] Epoch: [25]  [130/491]  eta: 0:05:47  loss: 0.0908 (0.0923)  IoU (F channel): 0.3748 (0.3599)  L1 (Dc channel): 0.0011 (0.0011)  L1 (Dn channel): 0.0012 (0.0012)  IoU (P channel): 0.2854 (0.2898)  lr: 0.000946  iter-time: 0.9300
[13:20:56.326060] Epoch: [25]  [140/491]  eta: 0:05:36  loss: 0.0846 (0.0918)  IoU (F channel): 0.3748 (0.3600)  L1 (Dc channel): 0.0011 (0.0011)  L1 (Dn channel): 0.0010 (0.0012)  IoU (P channel): 0.2857 (0.2896)  lr: 0.000946  iter-time: 0.9272
[13:21:05.526311] Epoch: [25]  [150/491]  eta: 0:05:26  loss: 0.0836 (0.0918)  IoU (F channel): 0.3171 (0.3600)  L1 (Dc channel): 0.0011 (0.0011)  L1 (Dn channel): 0.0010 (0.0012)  IoU (P channel): 0.3204 (0.2908)  lr: 0.000945  iter-time: 0.9247
[13:21:14.682849] Epoch: [25]  [160/491]  eta: 0:05:15  loss: 0.0788 (0.0910)  IoU (F channel): 0.3968 (0.3649)  L1 (Dc channel): 0.0011 (0.0011)  L1 (Dn channel): 0.0011 (0.0012)  IoU (P channel): 0.3436 (0.2952)  lr: 0.000945  iter-time: 0.9177
[13:21:23.847393] Epoch: [25]  [170/491]  eta: 0:05:05  loss: 0.0806 (0.0923)  IoU (F channel): 0.3968 (0.3660)  L1 (Dc channel): 0.0011 (0.0011)  L1 (Dn channel): 0.0013 (0.0013)  IoU (P channel): 0.3375 (0.2973)  lr: 0.000945  iter-time: 0.9160
[13:21:33.019344] Epoch: [25]  [180/491]  eta: 0:04:55  loss: 0.0806 (0.0925)  IoU (F channel): 0.3582 (0.3657)  L1 (Dc channel): 0.0009 (0.0011)  L1 (Dn channel): 0.0011 (0.0012)  IoU (P channel): 0.3035 (0.2963)  lr: 0.000944  iter-time: 0.9167
[13:21:42.207107] Epoch: [25]  [190/491]  eta: 0:04:45  loss: 0.0694 (0.0913)  IoU (F channel): 0.3381 (0.3648)  L1 (Dc channel): 0.0007 (0.0011)  L1 (Dn channel): 0.0010 (0.0012)  IoU (P channel): 0.2666 (0.2952)  lr: 0.000944  iter-time: 0.9179
[13:21:51.368028] Epoch: [25]  [200/491]  eta: 0:04:35  loss: 0.0736 (0.0912)  IoU (F channel): 0.3381 (0.3649)  L1 (Dc channel): 0.0007 (0.0010)  L1 (Dn channel): 0.0010 (0.0012)  IoU (P channel): 0.3037 (0.2952)  lr: 0.000944  iter-time: 0.9173
[13:22:00.522262] Epoch: [25]  [210/491]  eta: 0:04:25  loss: 0.0844 (0.0912)  IoU (F channel): 0.3492 (0.3646)  L1 (Dc channel): 0.0010 (0.0010)  L1 (Dn channel): 0.0011 (0.0012)  IoU (P channel): 0.2669 (0.2940)  lr: 0.000943  iter-time: 0.9157
[13:22:09.681622] Epoch: [25]  [220/491]  eta: 0:04:15  loss: 0.0844 (0.0916)  IoU (F channel): 0.3615 (0.3659)  L1 (Dc channel): 0.0011 (0.0010)  L1 (Dn channel): 0.0012 (0.0012)  IoU (P channel): 0.2859 (0.2950)  lr: 0.000943  iter-time: 0.9156
[13:22:18.841615] Epoch: [25]  [230/491]  eta: 0:04:06  loss: 0.0816 (0.0913)  IoU (F channel): 0.3580 (0.3648)  L1 (Dc channel): 0.0011 (0.0010)  L1 (Dn channel): 0.0013 (0.0012)  IoU (P channel): 0.2894 (0.2939)  lr: 0.000943  iter-time: 0.9159
[13:22:28.011449] Epoch: [25]  [240/491]  eta: 0:03:56  loss: 0.0590 (0.0912)  IoU (F channel): 0.3480 (0.3663)  L1 (Dc channel): 0.0011 (0.0010)  L1 (Dn channel): 0.0010 (0.0012)  IoU (P channel): 0.2632 (0.2922)  lr: 0.000942  iter-time: 0.9164
[13:22:37.280318] Epoch: [25]  [250/491]  eta: 0:03:46  loss: 0.0799 (0.0911)  IoU (F channel): 0.3932 (0.3663)  L1 (Dc channel): 0.0010 (0.0010)  L1 (Dn channel): 0.0010 (0.0012)  IoU (P channel): 0.2615 (0.2911)  lr: 0.000942  iter-time: 0.9218
[13:22:46.562139] Epoch: [25]  [260/491]  eta: 0:03:37  loss: 0.0799 (0.0904)  IoU (F channel): 0.3594 (0.3654)  L1 (Dc channel): 0.0010 (0.0010)  L1 (Dn channel): 0.0010 (0.0012)  IoU (P channel): 0.2638 (0.2902)  lr: 0.000941  iter-time: 0.9274
[13:22:55.724474] Epoch: [25]  [270/491]  eta: 0:03:27  loss: 0.0708 (0.0901)  IoU (F channel): 0.3590 (0.3659)  L1 (Dc channel): 0.0009 (0.0010)  L1 (Dn channel): 0.0011 (0.0012)  IoU (P channel): 0.2793 (0.2906)  lr: 0.000941  iter-time: 0.9221
[13:23:04.887458] Epoch: [25]  [280/491]  eta: 0:03:18  loss: 0.0708 (0.0898)  IoU (F channel): 0.3189 (0.3645)  L1 (Dc channel): 0.0009 (0.0010)  L1 (Dn channel): 0.0010 (0.0012)  IoU (P channel): 0.2709 (0.2891)  lr: 0.000941  iter-time: 0.9162
[13:23:14.044724] Epoch: [25]  [290/491]  eta: 0:03:08  loss: 0.0994 (0.0909)  IoU (F channel): 0.3752 (0.3653)  L1 (Dc channel): 0.0010 (0.0010)  L1 (Dn channel): 0.0011 (0.0012)  IoU (P channel): 0.2717 (0.2901)  lr: 0.000940  iter-time: 0.9159
[13:23:23.199967] Epoch: [25]  [300/491]  eta: 0:02:59  loss: 0.0660 (0.0901)  IoU (F channel): 0.3977 (0.3669)  L1 (Dc channel): 0.0009 (0.0010)  L1 (Dn channel): 0.0009 (0.0012)  IoU (P channel): 0.3361 (0.2915)  lr: 0.000940  iter-time: 0.9155
[13:23:32.463711] Epoch: [25]  [310/491]  eta: 0:02:49  loss: 0.0660 (0.0898)  IoU (F channel): 0.3687 (0.3667)  L1 (Dc channel): 0.0007 (0.0010)  L1 (Dn channel): 0.0010 (0.0012)  IoU (P channel): 0.3105 (0.2915)  lr: 0.000940  iter-time: 0.9208
[13:23:41.622753] Epoch: [25]  [320/491]  eta: 0:02:40  loss: 0.0703 (0.0888)  IoU (F channel): 0.3697 (0.3680)  L1 (Dc channel): 0.0006 (0.0010)  L1 (Dn channel): 0.0010 (0.0012)  IoU (P channel): 0.3005 (0.2920)  lr: 0.000939  iter-time: 0.9210
[13:23:50.921000] Epoch: [25]  [330/491]  eta: 0:02:30  loss: 0.0703 (0.0889)  IoU (F channel): 0.3808 (0.3687)  L1 (Dc channel): 0.0007 (0.0010)  L1 (Dn channel): 0.0012 (0.0012)  IoU (P channel): 0.3176 (0.2931)  lr: 0.000939  iter-time: 0.9228
[13:24:00.086348] Epoch: [25]  [340/491]  eta: 0:02:21  loss: 0.0925 (0.0890)  IoU (F channel): 0.3815 (0.3691)  L1 (Dc channel): 0.0008 (0.0010)  L1 (Dn channel): 0.0012 (0.0012)  IoU (P channel): 0.3210 (0.2935)  lr: 0.000939  iter-time: 0.9231
[13:24:09.266540] Epoch: [25]  [350/491]  eta: 0:02:11  loss: 0.0925 (0.0895)  IoU (F channel): 0.3815 (0.3697)  L1 (Dc channel): 0.0007 (0.0010)  L1 (Dn channel): 0.0011 (0.0012)  IoU (P channel): 0.2884 (0.2929)  lr: 0.000938  iter-time: 0.9172
[13:24:18.421542] Epoch: [25]  [360/491]  eta: 0:02:02  loss: 0.0978 (0.0902)  IoU (F channel): 0.3556 (0.3703)  L1 (Dc channel): 0.0007 (0.0010)  L1 (Dn channel): 0.0011 (0.0012)  IoU (P channel): 0.2517 (0.2926)  lr: 0.000938  iter-time: 0.9167
[13:24:27.735061] Epoch: [25]  [370/491]  eta: 0:01:53  loss: 0.0890 (0.0906)  IoU (F channel): 0.3406 (0.3698)  L1 (Dc channel): 0.0009 (0.0010)  L1 (Dn channel): 0.0012 (0.0012)  IoU (P channel): 0.2990 (0.2922)  lr: 0.000937  iter-time: 0.9233
[13:24:37.008795] Epoch: [25]  [380/491]  eta: 0:01:43  loss: 0.0846 (0.0908)  IoU (F channel): 0.3406 (0.3707)  L1 (Dc channel): 0.0009 (0.0010)  L1 (Dn channel): 0.0011 (0.0012)  IoU (P channel): 0.2990 (0.2928)  lr: 0.000937  iter-time: 0.9292
[13:24:46.480632] Epoch: [25]  [390/491]  eta: 0:01:34  loss: 0.0849 (0.0910)  IoU (F channel): 0.3775 (0.3705)  L1 (Dc channel): 0.0008 (0.0010)  L1 (Dn channel): 0.0011 (0.0012)  IoU (P channel): 0.3108 (0.2926)  lr: 0.000937  iter-time: 0.9371
[13:24:55.749651] Epoch: [25]  [400/491]  eta: 0:01:25  loss: 0.0909 (0.0912)  IoU (F channel): 0.4029 (0.3720)  L1 (Dc channel): 0.0009 (0.0010)  L1 (Dn channel): 0.0012 (0.0012)  IoU (P channel): 0.3248 (0.2933)  lr: 0.000936  iter-time: 0.9369
[13:25:05.029460] Epoch: [25]  [410/491]  eta: 0:01:15  loss: 0.0921 (0.0913)  IoU (F channel): 0.4160 (0.3725)  L1 (Dc channel): 0.0010 (0.0010)  L1 (Dn channel): 0.0011 (0.0012)  IoU (P channel): 0.3248 (0.2940)  lr: 0.000936  iter-time: 0.9273
[13:25:14.415486] Epoch: [25]  [420/491]  eta: 0:01:06  loss: 0.0886 (0.0908)  IoU (F channel): 0.3908 (0.3731)  L1 (Dc channel): 0.0010 (0.0010)  L1 (Dn channel): 0.0010 (0.0012)  IoU (P channel): 0.3125 (0.2944)  lr: 0.000936  iter-time: 0.9332
[13:25:23.679460] Epoch: [25]  [430/491]  eta: 0:00:56  loss: 0.0775 (0.0904)  IoU (F channel): 0.3868 (0.3730)  L1 (Dc channel): 0.0010 (0.0010)  L1 (Dn channel): 0.0011 (0.0012)  IoU (P channel): 0.3052 (0.2945)  lr: 0.000935  iter-time: 0.9324
[13:25:32.920521] Epoch: [25]  [440/491]  eta: 0:00:47  loss: 0.0775 (0.0901)  IoU (F channel): 0.3873 (0.3732)  L1 (Dc channel): 0.0011 (0.0010)  L1 (Dn channel): 0.0011 (0.0012)  IoU (P channel): 0.3105 (0.2951)  lr: 0.000935  iter-time: 0.9251
[13:25:42.173508] Epoch: [25]  [450/491]  eta: 0:00:38  loss: 0.0810 (0.0905)  IoU (F channel): 0.3902 (0.3737)  L1 (Dc channel): 0.0011 (0.0010)  L1 (Dn channel): 0.0011 (0.0012)  IoU (P channel): 0.3078 (0.2955)  lr: 0.000934  iter-time: 0.9246
[13:25:51.428904] Epoch: [25]  [460/491]  eta: 0:00:28  loss: 0.0883 (0.0905)  IoU (F channel): 0.4171 (0.3745)  L1 (Dc channel): 0.0011 (0.0010)  L1 (Dn channel): 0.0013 (0.0012)  IoU (P channel): 0.3227 (0.2962)  lr: 0.000934  iter-time: 0.9253
[13:26:00.718465] Epoch: [25]  [470/491]  eta: 0:00:19  loss: 0.0756 (0.0905)  IoU (F channel): 0.3705 (0.3744)  L1 (Dc channel): 0.0010 (0.0010)  L1 (Dn channel): 0.0012 (0.0012)  IoU (P channel): 0.3163 (0.2968)  lr: 0.000934  iter-time: 0.9271
[13:26:09.932443] Epoch: [25]  [480/491]  eta: 0:00:10  loss: 0.0709 (0.0903)  IoU (F channel): 0.3579 (0.3747)  L1 (Dc channel): 0.0009 (0.0010)  L1 (Dn channel): 0.0010 (0.0012)  IoU (P channel): 0.3024 (0.2970)  lr: 0.000933  iter-time: 0.9250
[13:26:18.598734] Epoch: [25]  [490/491]  eta: 0:00:00  loss: 0.0735 (0.0901)  IoU (F channel): 0.3960 (0.3752)  L1 (Dc channel): 0.0009 (0.0010)  L1 (Dn channel): 0.0010 (0.0012)  IoU (P channel): 0.2931 (0.2969)  lr: 0.000933  iter-time: 0.8939
[13:26:18.598957] Epoch: [25] Total time: 0:07:37 (0.9319 s / it)
[13:26:18.599031] [Train] averaged stats: loss: 0.0735 (0.0901)  IoU (F channel): 0.3960 (0.3752)  L1 (Dc channel): 0.0009 (0.0010)  L1 (Dn channel): 0.0010 (0.0012)  IoU (P channel): 0.2931 (0.2969)  lr: 0.000933
[13:26:25.376060] Epoch: [25]  [ 0/27]  eta: 0:03:02  loss: 0.0516 (0.0516)  IoU (F channel): 0.0000 (0.0000)  L1 (Dc channel): 0.0009 (0.0009)  L1 (Dn channel): 0.0006 (0.0006)  IoU (P channel): 0.0000 (0.0000)  iter-time: 6.7753
[13:26:31.401953] Epoch: [25]  [10/27]  eta: 0:00:19  loss: 0.0983 (0.1894)  IoU (F channel): 0.2402 (0.2179)  L1 (Dc channel): 0.0009 (0.0011)  L1 (Dn channel): 0.0007 (0.0013)  IoU (P channel): 0.1851 (0.1725)  iter-time: 1.1637
[13:26:38.119446] Epoch: [25]  [20/27]  eta: 0:00:06  loss: 0.0983 (0.1657)  IoU (F channel): 0.2402 (0.2463)  L1 (Dc channel): 0.0010 (0.0011)  L1 (Dn channel): 0.0007 (0.0012)  IoU (P channel): 0.2465 (0.1876)  iter-time: 0.6371
[13:26:40.803946] Epoch: [25]  [26/27]  eta: 0:00:00  loss: 0.1034 (0.1590)  IoU (F channel): 0.2480 (0.2385)  L1 (Dc channel): 0.0010 (0.0011)  L1 (Dn channel): 0.0009 (0.0012)  IoU (P channel): 0.2347 (0.1855)  iter-time: 0.6086
[13:26:40.804094] Epoch: [25] Total time: 0:00:22 (0.8224 s / it)
[13:26:40.804125] [Val] averaged stats: loss: 0.1034 (0.1590)  IoU (F channel): 0.2480 (0.2385)  L1 (Dc channel): 0.0010 (0.0011)  L1 (Dn channel): 0.0009 (0.0012)  IoU (P channel): 0.2347 (0.1855)
[13:26:40.804334] Val loss improved from 0.1653335653245449 to 0.15897361258113826, saving model to metrics/biapy/biapy-channel-scale-zarr-seunet/checkpoints/biapy-channel-scale-zarr-seunet_1_w3443-checkpoint-best.pth
[13:26:40.919483] [Val] best loss: 0.1590 best  IoU (F channel): 0.2385 L1 (Dc channel): 0.0011 L1 (Dn channel): 0.0012 IoU (P channel): 0.1855 
[13:26:40.927719] Creating training plots . . .
[13:26:47.981651] [Time] 8.1m 3.4h/8.2h

[13:26:47.981707] ~~~ Epoch 26/60 ~~~

[13:26:55.196074] Epoch: [26]  [  0/491]  eta: 0:59:01  loss: 0.0555 (0.0555)  IoU (F channel): 0.1328 (0.1328)  L1 (Dc channel): 0.0009 (0.0009)  L1 (Dn channel): 0.0006 (0.0006)  IoU (P channel): 0.1089 (0.1089)  lr: 0.000933  iter-time: 7.2128
[13:27:04.531513] Epoch: [26]  [ 10/491]  eta: 0:12:03  loss: 0.0855 (0.0960)  IoU (F channel): 0.3033 (0.3120)  L1 (Dc channel): 0.0010 (0.0010)  L1 (Dn channel): 0.0009 (0.0012)  IoU (P channel): 0.3066 (0.2721)  lr: 0.000933  iter-time: 1.5042
[13:27:13.808916] Epoch: [26]  [ 20/491]  eta: 0:09:39  loss: 0.0805 (0.0945)  IoU (F channel): 0.3241 (0.3437)  L1 (Dc channel): 0.0010 (0.0010)  L1 (Dn channel): 0.0011 (0.0012)  IoU (P channel): 0.3132 (0.2955)  lr: 0.000932  iter-time: 0.9305
[13:27:22.988342] Epoch: [26]  [ 30/491]  eta: 0:08:40  loss: 0.0794 (0.0886)  IoU (F channel): 0.3510 (0.3541)  L1 (Dc channel): 0.0009 (0.0010)  L1 (Dn channel): 0.0010 (0.0011)  IoU (P channel): 0.2886 (0.2936)  lr: 0.000932  iter-time: 0.9227
[13:27:32.256899] Epoch: [26]  [ 40/491]  eta: 0:08:06  loss: 0.0763 (0.0869)  IoU (F channel): 0.3510 (0.3643)  L1 (Dc channel): 0.0010 (0.0010)  L1 (Dn channel): 0.0010 (0.0011)  IoU (P channel): 0.3075 (0.3051)  lr: 0.000931  iter-time: 0.9223
[13:27:41.517778] Epoch: [26]  [ 50/491]  eta: 0:07:42  loss: 0.0765 (0.0870)  IoU (F channel): 0.3676 (0.3685)  L1 (Dc channel): 0.0010 (0.0010)  L1 (Dn channel): 0.0011 (0.0012)  IoU (P channel): 0.3355 (0.3087)  lr: 0.000931  iter-time: 0.9264
[13:27:50.834594] Epoch: [26]  [ 60/491]  eta: 0:07:24  loss: 0.0678 (0.0838)  IoU (F channel): 0.3692 (0.3725)  L1 (Dc channel): 0.0010 (0.0010)  L1 (Dn channel): 0.0011 (0.0012)  IoU (P channel): 0.3077 (0.3088)  lr: 0.000931  iter-time: 0.9288
[13:28:00.230943] Epoch: [26]  [ 70/491]  eta: 0:07:08  loss: 0.0591 (0.0809)  IoU (F channel): 0.4170 (0.3785)  L1 (Dc channel): 0.0009 (0.0010)  L1 (Dn channel): 0.0009 (0.0011)  IoU (P channel): 0.3222 (0.3116)  lr: 0.000930  iter-time: 0.9355
[13:28:09.573376] Epoch: [26]  [ 80/491]  eta: 0:06:53  loss: 0.0591 (0.0794)  IoU (F channel): 0.4133 (0.3782)  L1 (Dc channel): 0.0010 (0.0010)  L1 (Dn channel): 0.0009 (0.0011)  IoU (P channel): 0.3163 (0.3092)  lr: 0.000930  iter-time: 0.9368
[13:28:18.846109] Epoch: [26]  [ 90/491]  eta: 0:06:40  loss: 0.0699 (0.0784)  IoU (F channel): 0.3891 (0.3810)  L1 (Dc channel): 0.0010 (0.0010)  L1 (Dn channel): 0.0009 (0.0011)  IoU (P channel): 0.3056 (0.3096)  lr: 0.000929  iter-time: 0.9307
[13:28:28.113410] Epoch: [26]  [100/491]  eta: 0:06:27  loss: 0.0680 (0.0786)  IoU (F channel): 0.3892 (0.3834)  L1 (Dc channel): 0.0009 (0.0010)  L1 (Dn channel): 0.0010 (0.0012)  IoU (P channel): 0.3027 (0.3100)  lr: 0.000929  iter-time: 0.9269
[13:28:37.361961] Epoch: [26]  [110/491]  eta: 0:06:15  loss: 0.0815 (0.0799)  IoU (F channel): 0.3903 (0.3860)  L1 (Dc channel): 0.0009 (0.0010)  L1 (Dn channel): 0.0012 (0.0012)  IoU (P channel): 0.3093 (0.3130)  lr: 0.000929  iter-time: 0.9257
[13:28:46.523703] Epoch: [26]  [120/491]  eta: 0:06:03  loss: 0.0869 (0.0812)  IoU (F channel): 0.3903 (0.3880)  L1 (Dc channel): 0.0011 (0.0010)  L1 (Dn channel): 0.0012 (0.0012)  IoU (P channel): 0.3311 (0.3154)  lr: 0.000928  iter-time: 0.9204
[13:28:55.730210] Epoch: [26]  [130/491]  eta: 0:05:51  loss: 0.0869 (0.0810)  IoU (F channel): 0.3925 (0.3900)  L1 (Dc channel): 0.0010 (0.0010)  L1 (Dn channel): 0.0011 (0.0012)  IoU (P channel): 0.3302 (0.3159)  lr: 0.000928  iter-time: 0.9183
[13:29:04.945677] Epoch: [26]  [140/491]  eta: 0:05:40  loss: 0.0770 (0.0815)  IoU (F channel): 0.3911 (0.3912)  L1 (Dc channel): 0.0009 (0.0010)  L1 (Dn channel): 0.0011 (0.0012)  IoU (P channel): 0.3098 (0.3166)  lr: 0.000928  iter-time: 0.9210
[13:29:14.106532] Epoch: [26]  [150/491]  eta: 0:05:29  loss: 0.0770 (0.0808)  IoU (F channel): 0.3815 (0.3917)  L1 (Dc channel): 0.0009 (0.0010)  L1 (Dn channel): 0.0012 (0.0012)  IoU (P channel): 0.2953 (0.3148)  lr: 0.000927  iter-time: 0.9187
[13:29:23.376400] Epoch: [26]  [160/491]  eta: 0:05:19  loss: 0.0735 (0.0811)  IoU (F channel): 0.4251 (0.3956)  L1 (Dc channel): 0.0010 (0.0010)  L1 (Dn channel): 0.0011 (0.0012)  IoU (P channel): 0.3279 (0.3173)  lr: 0.000927  iter-time: 0.9214
[13:29:32.537831] Epoch: [26]  [170/491]  eta: 0:05:08  loss: 0.0735 (0.0811)  IoU (F channel): 0.4283 (0.3961)  L1 (Dc channel): 0.0010 (0.0010)  L1 (Dn channel): 0.0012 (0.0012)  IoU (P channel): 0.3392 (0.3173)  lr: 0.000926  iter-time: 0.9215
[13:29:41.874651] Epoch: [26]  [180/491]  eta: 0:04:58  loss: 0.0724 (0.0815)  IoU (F channel): 0.3697 (0.3951)  L1 (Dc channel): 0.0009 (0.0010)  L1 (Dn channel): 0.0011 (0.0012)  IoU (P channel): 0.3034 (0.3170)  lr: 0.000926  iter-time: 0.9248
[13:29:51.168460] Epoch: [26]  [190/491]  eta: 0:04:48  loss: 0.0630 (0.0811)  IoU (F channel): 0.3642 (0.3946)  L1 (Dc channel): 0.0009 (0.0010)  L1 (Dn channel): 0.0010 (0.0012)  IoU (P channel): 0.2964 (0.3167)  lr: 0.000926  iter-time: 0.9314
[13:30:00.334536] Epoch: [26]  [200/491]  eta: 0:04:38  loss: 0.0570 (0.0810)  IoU (F channel): 0.3707 (0.3946)  L1 (Dc channel): 0.0009 (0.0010)  L1 (Dn channel): 0.0009 (0.0012)  IoU (P channel): 0.3027 (0.3171)  lr: 0.000925  iter-time: 0.9229
[13:30:09.514457] Epoch: [26]  [210/491]  eta: 0:04:28  loss: 0.0661 (0.0802)  IoU (F channel): 0.3981 (0.3958)  L1 (Dc channel): 0.0009 (0.0010)  L1 (Dn channel): 0.0009 (0.0012)  IoU (P channel): 0.3210 (0.3177)  lr: 0.000925  iter-time: 0.9172
[13:30:18.674445] Epoch: [26]  [220/491]  eta: 0:04:18  loss: 0.0653 (0.0798)  IoU (F channel): 0.4343 (0.3962)  L1 (Dc channel): 0.0009 (0.0010)  L1 (Dn channel): 0.0009 (0.0012)  IoU (P channel): 0.3210 (0.3176)  lr: 0.000924  iter-time: 0.9169
[13:30:27.884959] Epoch: [26]  [230/491]  eta: 0:04:08  loss: 0.0653 (0.0795)  IoU (F channel): 0.4278 (0.3974)  L1 (Dc channel): 0.0010 (0.0010)  L1 (Dn channel): 0.0009 (0.0011)  IoU (P channel): 0.3064 (0.3174)  lr: 0.000924  iter-time: 0.9184
[13:30:37.048717] Epoch: [26]  [240/491]  eta: 0:03:58  loss: 0.0566 (0.0786)  IoU (F channel): 0.3874 (0.3957)  L1 (Dc channel): 0.0009 (0.0010)  L1 (Dn channel): 0.0010 (0.0011)  IoU (P channel): 0.3027 (0.3162)  lr: 0.000924  iter-time: 0.9186
[13:30:46.264154] Epoch: [26]  [250/491]  eta: 0:03:48  loss: 0.0635 (0.0784)  IoU (F channel): 0.3998 (0.3973)  L1 (Dc channel): 0.0009 (0.0010)  L1 (Dn channel): 0.0010 (0.0011)  IoU (P channel): 0.3241 (0.3170)  lr: 0.000923  iter-time: 0.9188
[13:30:55.573571] Epoch: [26]  [260/491]  eta: 0:03:39  loss: 0.0674 (0.0784)  IoU (F channel): 0.4075 (0.3973)  L1 (Dc channel): 0.0008 (0.0010)  L1 (Dn channel): 0.0010 (0.0011)  IoU (P channel): 0.3040 (0.3166)  lr: 0.000923  iter-time: 0.9261
[13:31:05.005968] Epoch: [26]  [270/491]  eta: 0:03:29  loss: 0.0698 (0.0786)  IoU (F channel): 0.3815 (0.3988)  L1 (Dc channel): 0.0009 (0.0010)  L1 (Dn channel): 0.0010 (0.0011)  IoU (P channel): 0.3083 (0.3178)  lr: 0.000922  iter-time: 0.9370
[13:31:14.167057] Epoch: [26]  [280/491]  eta: 0:03:19  loss: 0.0698 (0.0781)  IoU (F channel): 0.3815 (0.3980)  L1 (Dc channel): 0.0009 (0.0010)  L1 (Dn channel): 0.0010 (0.0011)  IoU (P channel): 0.3272 (0.3173)  lr: 0.000922  iter-time: 0.9296
[13:31:23.437570] Epoch: [26]  [290/491]  eta: 0:03:10  loss: 0.0737 (0.0782)  IoU (F channel): 0.3760 (0.3993)  L1 (Dc channel): 0.0009 (0.0010)  L1 (Dn channel): 0.0009 (0.0011)  IoU (P channel): 0.3349 (0.3181)  lr: 0.000921  iter-time: 0.9214
[13:31:32.597188] Epoch: [26]  [300/491]  eta: 0:03:00  loss: 0.0796 (0.0782)  IoU (F channel): 0.3922 (0.3993)  L1 (Dc channel): 0.0010 (0.0010)  L1 (Dn channel): 0.0010 (0.0011)  IoU (P channel): 0.3009 (0.3177)  lr: 0.000921  iter-time: 0.9214
[13:31:41.756628] Epoch: [26]  [310/491]  eta: 0:02:50  loss: 0.0872 (0.0789)  IoU (F channel): 0.4029 (0.4009)  L1 (Dc channel): 0.0010 (0.0010)  L1 (Dn channel): 0.0011 (0.0011)  IoU (P channel): 0.2994 (0.3182)  lr: 0.000921  iter-time: 0.9158
[13:31:50.929057] Epoch: [26]  [320/491]  eta: 0:02:41  loss: 0.0725 (0.0789)  IoU (F channel): 0.3878 (0.3992)  L1 (Dc channel): 0.0007 (0.0010)  L1 (Dn channel): 0.0012 (0.0011)  IoU (P channel): 0.2940 (0.3166)  lr: 0.000920  iter-time: 0.9165
[13:32:00.191081] Epoch: [26]  [330/491]  eta: 0:02:31  loss: 0.0679 (0.0790)  IoU (F channel): 0.3805 (0.3988)  L1 (Dc channel): 0.0010 (0.0010)  L1 (Dn channel): 0.0012 (0.0012)  IoU (P channel): 0.2940 (0.3173)  lr: 0.000920  iter-time: 0.9216
[13:32:09.475689] Epoch: [26]  [340/491]  eta: 0:02:22  loss: 0.0873 (0.0794)  IoU (F channel): 0.4118 (0.3992)  L1 (Dc channel): 0.0011 (0.0010)  L1 (Dn channel): 0.0011 (0.0012)  IoU (P channel): 0.2994 (0.3174)  lr: 0.000919  iter-time: 0.9272
[13:32:18.638620] Epoch: [26]  [350/491]  eta: 0:02:12  loss: 0.0936 (0.0795)  IoU (F channel): 0.4392 (0.4005)  L1 (Dc channel): 0.0011 (0.0010)  L1 (Dn channel): 0.0011 (0.0012)  IoU (P channel): 0.3101 (0.3178)  lr: 0.000919  iter-time: 0.9223
[13:32:27.916034] Epoch: [26]  [360/491]  eta: 0:02:03  loss: 0.0659 (0.0792)  IoU (F channel): 0.4261 (0.4016)  L1 (Dc channel): 0.0010 (0.0010)  L1 (Dn channel): 0.0010 (0.0012)  IoU (P channel): 0.3265 (0.3183)  lr: 0.000919  iter-time: 0.9219
[13:32:37.213830] Epoch: [26]  [370/491]  eta: 0:01:53  loss: 0.0596 (0.0792)  IoU (F channel): 0.4031 (0.4006)  L1 (Dc channel): 0.0010 (0.0010)  L1 (Dn channel): 0.0010 (0.0012)  IoU (P channel): 0.3232 (0.3177)  lr: 0.000918  iter-time: 0.9286
[13:32:46.378326] Epoch: [26]  [380/491]  eta: 0:01:44  loss: 0.0758 (0.0795)  IoU (F channel): 0.3174 (0.4001)  L1 (Dc channel): 0.0010 (0.0010)  L1 (Dn channel): 0.0010 (0.0012)  IoU (P channel): 0.2839 (0.3171)  lr: 0.000918  iter-time: 0.9230
[13:32:55.536567] Epoch: [26]  [390/491]  eta: 0:01:34  loss: 0.0844 (0.0800)  IoU (F channel): 0.3567 (0.4007)  L1 (Dc channel): 0.0010 (0.0010)  L1 (Dn channel): 0.0011 (0.0012)  IoU (P channel): 0.3066 (0.3175)  lr: 0.000917  iter-time: 0.9160
[13:33:04.696849] Epoch: [26]  [400/491]  eta: 0:01:25  loss: 0.0640 (0.0796)  IoU (F channel): 0.3982 (0.4013)  L1 (Dc channel): 0.0009 (0.0010)  L1 (Dn channel): 0.0011 (0.0012)  IoU (P channel): 0.3110 (0.3175)  lr: 0.000917  iter-time: 0.9158
[13:33:13.857486] Epoch: [26]  [410/491]  eta: 0:01:16  loss: 0.0626 (0.0794)  IoU (F channel): 0.3843 (0.4005)  L1 (Dc channel): 0.0009 (0.0010)  L1 (Dn channel): 0.0010 (0.0012)  IoU (P channel): 0.2996 (0.3170)  lr: 0.000916  iter-time: 0.9159
[13:33:23.025731] Epoch: [26]  [420/491]  eta: 0:01:06  loss: 0.0603 (0.0791)  IoU (F channel): 0.3621 (0.3996)  L1 (Dc channel): 0.0009 (0.0010)  L1 (Dn channel): 0.0010 (0.0012)  IoU (P channel): 0.2682 (0.3159)  lr: 0.000916  iter-time: 0.9163
[13:33:32.185334] Epoch: [26]  [430/491]  eta: 0:00:57  loss: 0.0688 (0.0792)  IoU (F channel): 0.3573 (0.3986)  L1 (Dc channel): 0.0010 (0.0010)  L1 (Dn channel): 0.0010 (0.0012)  IoU (P channel): 0.2610 (0.3150)  lr: 0.000916  iter-time: 0.9163
[13:33:41.347142] Epoch: [26]  [440/491]  eta: 0:00:47  loss: 0.0783 (0.0795)  IoU (F channel): 0.3715 (0.3982)  L1 (Dc channel): 0.0010 (0.0010)  L1 (Dn channel): 0.0012 (0.0012)  IoU (P channel): 0.2797 (0.3148)  lr: 0.000915  iter-time: 0.9160
[13:33:50.509429] Epoch: [26]  [450/491]  eta: 0:00:38  loss: 0.0688 (0.0792)  IoU (F channel): 0.4108 (0.3991)  L1 (Dc channel): 0.0009 (0.0010)  L1 (Dn channel): 0.0010 (0.0012)  IoU (P channel): 0.2932 (0.3148)  lr: 0.000915  iter-time: 0.9161
[13:33:59.673598] Epoch: [26]  [460/491]  eta: 0:00:29  loss: 0.0597 (0.0793)  IoU (F channel): 0.4038 (0.3992)  L1 (Dc channel): 0.0009 (0.0010)  L1 (Dn channel): 0.0010 (0.0012)  IoU (P channel): 0.2904 (0.3144)  lr: 0.000914  iter-time: 0.9162
[13:34:08.956950] Epoch: [26]  [470/491]  eta: 0:00:19  loss: 0.0762 (0.0796)  IoU (F channel): 0.3883 (0.3995)  L1 (Dc channel): 0.0010 (0.0010)  L1 (Dn channel): 0.0011 (0.0012)  IoU (P channel): 0.3011 (0.3147)  lr: 0.000914  iter-time: 0.9222
[13:34:18.124234] Epoch: [26]  [480/491]  eta: 0:00:10  loss: 0.0753 (0.0795)  IoU (F channel): 0.4128 (0.4006)  L1 (Dc channel): 0.0010 (0.0010)  L1 (Dn channel): 0.0011 (0.0012)  IoU (P channel): 0.3139 (0.3152)  lr: 0.000914  iter-time: 0.9224
[13:34:26.781735] Epoch: [26]  [490/491]  eta: 0:00:00  loss: 0.0682 (0.0794)  IoU (F channel): 0.3957 (0.4002)  L1 (Dc channel): 0.0009 (0.0010)  L1 (Dn channel): 0.0010 (0.0012)  IoU (P channel): 0.3231 (0.3154)  lr: 0.000913  iter-time: 0.8911
[13:34:26.781901] Epoch: [26] Total time: 0:07:38 (0.9344 s / it)
[13:34:26.781949] [Train] averaged stats: loss: 0.0682 (0.0794)  IoU (F channel): 0.3957 (0.4002)  L1 (Dc channel): 0.0009 (0.0010)  L1 (Dn channel): 0.0010 (0.0012)  IoU (P channel): 0.3231 (0.3154)  lr: 0.000913
[13:34:33.094161] Epoch: [26]  [ 0/27]  eta: 0:02:50  loss: 0.0103 (0.0103)  IoU (F channel): 0.0000 (0.0000)  L1 (Dc channel): 0.0007 (0.0007)  L1 (Dn channel): 0.0005 (0.0005)  IoU (P channel): 0.0000 (0.0000)  iter-time: 6.3108
[13:34:39.388280] Epoch: [26]  [10/27]  eta: 0:00:19  loss: 0.1425 (0.2405)  IoU (F channel): 0.4429 (0.3096)  L1 (Dc channel): 0.0007 (0.0009)  L1 (Dn channel): 0.0007 (0.0013)  IoU (P channel): 0.2915 (0.2240)  iter-time: 1.1459
[13:34:46.376165] Epoch: [26]  [20/27]  eta: 0:00:06  loss: 0.1135 (0.2133)  IoU (F channel): 0.4354 (0.3251)  L1 (Dc channel): 0.0008 (0.0009)  L1 (Dn channel): 0.0007 (0.0012)  IoU (P channel): 0.2915 (0.2411)  iter-time: 0.6641
[13:34:48.674263] Epoch: [26]  [26/27]  eta: 0:00:00  loss: 0.1252 (0.2314)  IoU (F channel): 0.3794 (0.3328)  L1 (Dc channel): 0.0008 (0.0009)  L1 (Dn channel): 0.0009 (0.0011)  IoU (P channel): 0.3035 (0.2468)  iter-time: 0.5510
[13:34:48.674379] Epoch: [26] Total time: 0:00:21 (0.8108 s / it)
[13:34:48.674424] [Val] averaged stats: loss: 0.1252 (0.2314)  IoU (F channel): 0.3794 (0.3328)  L1 (Dc channel): 0.0008 (0.0009)  L1 (Dn channel): 0.0009 (0.0011)  IoU (P channel): 0.3035 (0.2468)
[13:34:48.674600] [Val] best loss: 0.1590 best  IoU (F channel): 0.2385 L1 (Dc channel): 0.0011 L1 (Dn channel): 0.0012 IoU (P channel): 0.1855 
EarlyStopping counter: 1 out of 10
[13:34:48.688307] [Time] 8.0m 3.5h/8.2h

[13:34:48.688324] ~~~ Epoch 27/60 ~~~

[13:34:55.913868] Epoch: [27]  [  0/491]  eta: 0:59:07  loss: 0.0867 (0.0867)  IoU (F channel): 0.3429 (0.3429)  L1 (Dc channel): 0.0009 (0.0009)  L1 (Dn channel): 0.0011 (0.0011)  IoU (P channel): 0.3155 (0.3155)  lr: 0.000913  iter-time: 7.2243
[13:35:05.216737] Epoch: [27]  [ 10/491]  eta: 0:12:02  loss: 0.0867 (0.0841)  IoU (F channel): 0.4058 (0.4176)  L1 (Dc channel): 0.0009 (0.0010)  L1 (Dn channel): 0.0011 (0.0012)  IoU (P channel): 0.3155 (0.3120)  lr: 0.000913  iter-time: 1.5024
[13:35:14.540712] Epoch: [27]  [ 20/491]  eta: 0:09:39  loss: 0.0598 (0.0789)  IoU (F channel): 0.4033 (0.3867)  L1 (Dc channel): 0.0009 (0.0010)  L1 (Dn channel): 0.0011 (0.0012)  IoU (P channel): 0.3055 (0.3038)  lr: 0.000912  iter-time: 0.9312
[13:35:23.708979] Epoch: [27]  [ 30/491]  eta: 0:08:40  loss: 0.0598 (0.0762)  IoU (F channel): 0.4192 (0.4084)  L1 (Dc channel): 0.0009 (0.0009)  L1 (Dn channel): 0.0010 (0.0012)  IoU (P channel): 0.3134 (0.3147)  lr: 0.000912  iter-time: 0.9245
[13:35:32.875775] Epoch: [27]  [ 40/491]  eta: 0:08:05  loss: 0.0662 (0.0742)  IoU (F channel): 0.4372 (0.4044)  L1 (Dc channel): 0.0009 (0.0009)  L1 (Dn channel): 0.0009 (0.0011)  IoU (P channel): 0.3212 (0.3091)  lr: 0.000911  iter-time: 0.9166
[13:35:42.137063] Epoch: [27]  [ 50/491]  eta: 0:07:42  loss: 0.0729 (0.0752)  IoU (F channel): 0.3848 (0.3969)  L1 (Dc channel): 0.0009 (0.0009)  L1 (Dn channel): 0.0011 (0.0012)  IoU (P channel): 0.3242 (0.3081)  lr: 0.000911  iter-time: 0.9213
[13:35:51.307680] Epoch: [27]  [ 60/491]  eta: 0:07:22  loss: 0.0755 (0.0759)  IoU (F channel): 0.3620 (0.3943)  L1 (Dc channel): 0.0009 (0.0009)  L1 (Dn channel): 0.0010 (0.0011)  IoU (P channel): 0.3372 (0.3080)  lr: 0.000910  iter-time: 0.9215
[13:36:00.465297] Epoch: [27]  [ 70/491]  eta: 0:07:05  loss: 0.0800 (0.0772)  IoU (F channel): 0.3620 (0.3962)  L1 (Dc channel): 0.0009 (0.0009)  L1 (Dn channel): 0.0010 (0.0011)  IoU (P channel): 0.3146 (0.3064)  lr: 0.000910  iter-time: 0.9163
[13:36:09.697740] Epoch: [27]  [ 80/491]  eta: 0:06:50  loss: 0.0829 (0.0784)  IoU (F channel): 0.3514 (0.3904)  L1 (Dc channel): 0.0009 (0.0009)  L1 (Dn channel): 0.0010 (0.0011)  IoU (P channel): 0.3242 (0.3051)  lr: 0.000910  iter-time: 0.9194
[13:36:19.043348] Epoch: [27]  [ 90/491]  eta: 0:06:38  loss: 0.0850 (0.0798)  IoU (F channel): 0.3863 (0.3971)  L1 (Dc channel): 0.0009 (0.0009)  L1 (Dn channel): 0.0011 (0.0011)  IoU (P channel): 0.3272 (0.3087)  lr: 0.000909  iter-time: 0.9287
[13:36:28.224650] Epoch: [27]  [100/491]  eta: 0:06:25  loss: 0.0850 (0.0801)  IoU (F channel): 0.4265 (0.3983)  L1 (Dc channel): 0.0009 (0.0009)  L1 (Dn channel): 0.0011 (0.0012)  IoU (P channel): 0.3458 (0.3125)  lr: 0.000909  iter-time: 0.9262
[13:36:37.424748] Epoch: [27]  [110/491]  eta: 0:06:13  loss: 0.0650 (0.0782)  IoU (F channel): 0.4221 (0.4004)  L1 (Dc channel): 0.0008 (0.0009)  L1 (Dn channel): 0.0009 (0.0011)  IoU (P channel): 0.3458 (0.3136)  lr: 0.000908  iter-time: 0.9190
[13:36:46.625709] Epoch: [27]  [120/491]  eta: 0:06:01  loss: 0.0503 (0.0768)  IoU (F channel): 0.4221 (0.4027)  L1 (Dc channel): 0.0008 (0.0009)  L1 (Dn channel): 0.0007 (0.0011)  IoU (P channel): 0.3307 (0.3149)  lr: 0.000908  iter-time: 0.9199
[13:36:55.956575] Epoch: [27]  [130/491]  eta: 0:05:50  loss: 0.0670 (0.0770)  IoU (F channel): 0.4151 (0.4056)  L1 (Dc channel): 0.0009 (0.0009)  L1 (Dn channel): 0.0011 (0.0011)  IoU (P channel): 0.3341 (0.3170)  lr: 0.000907  iter-time: 0.9265
[13:37:05.118936] Epoch: [27]  [140/491]  eta: 0:05:39  loss: 0.0754 (0.0769)  IoU (F channel): 0.4144 (0.4054)  L1 (Dc channel): 0.0009 (0.0009)  L1 (Dn channel): 0.0011 (0.0011)  IoU (P channel): 0.3240 (0.3153)  lr: 0.000907  iter-time: 0.9246
[13:37:14.276395] Epoch: [27]  [150/491]  eta: 0:05:28  loss: 0.0760 (0.0771)  IoU (F channel): 0.4366 (0.4084)  L1 (Dc channel): 0.0009 (0.0009)  L1 (Dn channel): 0.0010 (0.0011)  IoU (P channel): 0.3030 (0.3164)  lr: 0.000906  iter-time: 0.9159
[13:37:23.433792] Epoch: [27]  [160/491]  eta: 0:05:18  loss: 0.0867 (0.0786)  IoU (F channel): 0.4562 (0.4100)  L1 (Dc channel): 0.0010 (0.0009)  L1 (Dn channel): 0.0013 (0.0012)  IoU (P channel): 0.3412 (0.3193)  lr: 0.000906  iter-time: 0.9156
[13:37:32.622607] Epoch: [27]  [170/491]  eta: 0:05:07  loss: 0.0884 (0.0779)  IoU (F channel): 0.3900 (0.4092)  L1 (Dc channel): 0.0010 (0.0009)  L1 (Dn channel): 0.0012 (0.0011)  IoU (P channel): 0.3412 (0.3191)  lr: 0.000906  iter-time: 0.9172
[13:37:41.786069] Epoch: [27]  [180/491]  eta: 0:04:57  loss: 0.0616 (0.0774)  IoU (F channel): 0.3559 (0.4072)  L1 (Dc channel): 0.0008 (0.0009)  L1 (Dn channel): 0.0009 (0.0011)  IoU (P channel): 0.2981 (0.3177)  lr: 0.000905  iter-time: 0.9175
[13:37:50.953411] Epoch: [27]  [190/491]  eta: 0:04:47  loss: 0.0559 (0.0772)  IoU (F channel): 0.3884 (0.4090)  L1 (Dc channel): 0.0008 (0.0009)  L1 (Dn channel): 0.0009 (0.0012)  IoU (P channel): 0.2927 (0.3178)  lr: 0.000905  iter-time: 0.9164
[13:38:00.138032] Epoch: [27]  [200/491]  eta: 0:04:37  loss: 0.0713 (0.0774)  IoU (F channel): 0.4357 (0.4130)  L1 (Dc channel): 0.0008 (0.0009)  L1 (Dn channel): 0.0009 (0.0012)  IoU (P channel): 0.3149 (0.3196)  lr: 0.000904  iter-time: 0.9175
[13:38:09.319027] Epoch: [27]  [210/491]  eta: 0:04:27  loss: 0.0744 (0.0770)  IoU (F channel): 0.4402 (0.4129)  L1 (Dc channel): 0.0008 (0.0009)  L1 (Dn channel): 0.0010 (0.0012)  IoU (P channel): 0.3242 (0.3191)  lr: 0.000904  iter-time: 0.9182
[13:38:18.654561] Epoch: [27]  [220/491]  eta: 0:04:17  loss: 0.0730 (0.0769)  IoU (F channel): 0.3933 (0.4127)  L1 (Dc channel): 0.0009 (0.0009)  L1 (Dn channel): 0.0010 (0.0011)  IoU (P channel): 0.3135 (0.3194)  lr: 0.000903  iter-time: 0.9257
[13:38:27.822659] Epoch: [27]  [230/491]  eta: 0:04:07  loss: 0.0562 (0.0758)  IoU (F channel): 0.3877 (0.4118)  L1 (Dc channel): 0.0008 (0.0009)  L1 (Dn channel): 0.0008 (0.0011)  IoU (P channel): 0.3063 (0.3185)  lr: 0.000903  iter-time: 0.9251
[13:38:36.983328] Epoch: [27]  [240/491]  eta: 0:03:57  loss: 0.0462 (0.0752)  IoU (F channel): 0.4204 (0.4130)  L1 (Dc channel): 0.0008 (0.0009)  L1 (Dn channel): 0.0008 (0.0011)  IoU (P channel): 0.3063 (0.3188)  lr: 0.000902  iter-time: 0.9163
[13:38:46.194313] Epoch: [27]  [250/491]  eta: 0:03:48  loss: 0.0748 (0.0757)  IoU (F channel): 0.3971 (0.4121)  L1 (Dc channel): 0.0008 (0.0009)  L1 (Dn channel): 0.0011 (0.0011)  IoU (P channel): 0.3232 (0.3192)  lr: 0.000902  iter-time: 0.9185
[13:38:55.356560] Epoch: [27]  [260/491]  eta: 0:03:38  loss: 0.0692 (0.0754)  IoU (F channel): 0.4018 (0.4140)  L1 (Dc channel): 0.0009 (0.0009)  L1 (Dn channel): 0.0012 (0.0011)  IoU (P channel): 0.3361 (0.3205)  lr: 0.000902  iter-time: 0.9185
[13:39:04.918688] Epoch: [27]  [270/491]  eta: 0:03:28  loss: 0.0635 (0.0751)  IoU (F channel): 0.4199 (0.4129)  L1 (Dc channel): 0.0009 (0.0009)  L1 (Dn channel): 0.0010 (0.0011)  IoU (P channel): 0.3247 (0.3199)  lr: 0.000901  iter-time: 0.9361
[13:39:14.200231] Epoch: [27]  [280/491]  eta: 0:03:19  loss: 0.0726 (0.0753)  IoU (F channel): 0.3861 (0.4142)  L1 (Dc channel): 0.0009 (0.0009)  L1 (Dn channel): 0.0009 (0.0011)  IoU (P channel): 0.3129 (0.3206)  lr: 0.000901  iter-time: 0.9421
[13:39:23.399320] Epoch: [27]  [290/491]  eta: 0:03:09  loss: 0.0764 (0.0758)  IoU (F channel): 0.3944 (0.4147)  L1 (Dc channel): 0.0009 (0.0009)  L1 (Dn channel): 0.0009 (0.0011)  IoU (P channel): 0.3332 (0.3217)  lr: 0.000900  iter-time: 0.9239
[13:39:32.577679] Epoch: [27]  [300/491]  eta: 0:03:00  loss: 0.0735 (0.0757)  IoU (F channel): 0.3837 (0.4140)  L1 (Dc channel): 0.0009 (0.0009)  L1 (Dn channel): 0.0009 (0.0011)  IoU (P channel): 0.3224 (0.3212)  lr: 0.000900  iter-time: 0.9188
[13:39:41.903889] Epoch: [27]  [310/491]  eta: 0:02:50  loss: 0.0739 (0.0758)  IoU (F channel): 0.3545 (0.4139)  L1 (Dc channel): 0.0009 (0.0009)  L1 (Dn channel): 0.0010 (0.0011)  IoU (P channel): 0.2956 (0.3214)  lr: 0.000899  iter-time: 0.9251
[13:39:51.071437] Epoch: [27]  [320/491]  eta: 0:02:41  loss: 0.0543 (0.0752)  IoU (F channel): 0.3959 (0.4142)  L1 (Dc channel): 0.0008 (0.0009)  L1 (Dn channel): 0.0010 (0.0011)  IoU (P channel): 0.2887 (0.3213)  lr: 0.000899  iter-time: 0.9246
[13:40:00.271747] Epoch: [27]  [330/491]  eta: 0:02:31  loss: 0.0681 (0.0751)  IoU (F channel): 0.3841 (0.4136)  L1 (Dc channel): 0.0008 (0.0009)  L1 (Dn channel): 0.0010 (0.0011)  IoU (P channel): 0.3110 (0.3212)  lr: 0.000898  iter-time: 0.9183
[13:40:09.452506] Epoch: [27]  [340/491]  eta: 0:02:22  loss: 0.0777 (0.0753)  IoU (F channel): 0.3663 (0.4124)  L1 (Dc channel): 0.0008 (0.0009)  L1 (Dn channel): 0.0010 (0.0011)  IoU (P channel): 0.3025 (0.3206)  lr: 0.000898  iter-time: 0.9190
[13:40:18.613469] Epoch: [27]  [350/491]  eta: 0:02:12  loss: 0.0636 (0.0750)  IoU (F channel): 0.3663 (0.4123)  L1 (Dc channel): 0.0009 (0.0009)  L1 (Dn channel): 0.0009 (0.0011)  IoU (P channel): 0.3021 (0.3205)  lr: 0.000897  iter-time: 0.9170
[13:40:27.777690] Epoch: [27]  [360/491]  eta: 0:02:03  loss: 0.0708 (0.0761)  IoU (F channel): 0.3908 (0.4122)  L1 (Dc channel): 0.0009 (0.0009)  L1 (Dn channel): 0.0011 (0.0011)  IoU (P channel): 0.3021 (0.3202)  lr: 0.000897  iter-time: 0.9161
[13:40:36.962976] Epoch: [27]  [370/491]  eta: 0:01:53  loss: 0.0790 (0.0761)  IoU (F channel): 0.3908 (0.4117)  L1 (Dc channel): 0.0009 (0.0009)  L1 (Dn channel): 0.0011 (0.0011)  IoU (P channel): 0.3010 (0.3194)  lr: 0.000897  iter-time: 0.9173
[13:40:46.249480] Epoch: [27]  [380/491]  eta: 0:01:44  loss: 0.0592 (0.0762)  IoU (F channel): 0.4089 (0.4122)  L1 (Dc channel): 0.0009 (0.0009)  L1 (Dn channel): 0.0010 (0.0011)  IoU (P channel): 0.3141 (0.3200)  lr: 0.000896  iter-time: 0.9234
[13:40:55.522614] Epoch: [27]  [390/491]  eta: 0:01:34  loss: 0.0753 (0.0763)  IoU (F channel): 0.4115 (0.4134)  L1 (Dc channel): 0.0009 (0.0009)  L1 (Dn channel): 0.0010 (0.0011)  IoU (P channel): 0.3141 (0.3202)  lr: 0.000896  iter-time: 0.9279
[13:41:04.683765] Epoch: [27]  [400/491]  eta: 0:01:25  loss: 0.0704 (0.0762)  IoU (F channel): 0.4126 (0.4134)  L1 (Dc channel): 0.0009 (0.0009)  L1 (Dn channel): 0.0010 (0.0011)  IoU (P channel): 0.3139 (0.3204)  lr: 0.000895  iter-time: 0.9216
[13:41:13.845237] Epoch: [27]  [410/491]  eta: 0:01:15  loss: 0.0654 (0.0760)  IoU (F channel): 0.4120 (0.4135)  L1 (Dc channel): 0.0009 (0.0009)  L1 (Dn channel): 0.0009 (0.0011)  IoU (P channel): 0.3218 (0.3205)  lr: 0.000895  iter-time: 0.9160
[13:41:23.004624] Epoch: [27]  [420/491]  eta: 0:01:06  loss: 0.0697 (0.0762)  IoU (F channel): 0.3845 (0.4131)  L1 (Dc channel): 0.0009 (0.0009)  L1 (Dn channel): 0.0010 (0.0011)  IoU (P channel): 0.3260 (0.3207)  lr: 0.000894  iter-time: 0.9159
[13:41:32.166489] Epoch: [27]  [430/491]  eta: 0:00:57  loss: 0.0570 (0.0759)  IoU (F channel): 0.4044 (0.4134)  L1 (Dc channel): 0.0008 (0.0009)  L1 (Dn channel): 0.0009 (0.0011)  IoU (P channel): 0.3260 (0.3204)  lr: 0.000894  iter-time: 0.9160
[13:41:41.330103] Epoch: [27]  [440/491]  eta: 0:00:47  loss: 0.0561 (0.0758)  IoU (F channel): 0.3956 (0.4122)  L1 (Dc channel): 0.0008 (0.0009)  L1 (Dn channel): 0.0009 (0.0011)  IoU (P channel): 0.3051 (0.3196)  lr: 0.000893  iter-time: 0.9162
[13:41:50.534979] Epoch: [27]  [450/491]  eta: 0:00:38  loss: 0.0759 (0.0761)  IoU (F channel): 0.3898 (0.4121)  L1 (Dc channel): 0.0008 (0.0009)  L1 (Dn channel): 0.0009 (0.0011)  IoU (P channel): 0.2940 (0.3197)  lr: 0.000893  iter-time: 0.9183
[13:41:59.765652] Epoch: [27]  [460/491]  eta: 0:00:28  loss: 0.0659 (0.0759)  IoU (F channel): 0.4162 (0.4133)  L1 (Dc channel): 0.0009 (0.0009)  L1 (Dn channel): 0.0010 (0.0011)  IoU (P channel): 0.3345 (0.3204)  lr: 0.000892  iter-time: 0.9217
[13:42:08.991847] Epoch: [27]  [470/491]  eta: 0:00:19  loss: 0.0751 (0.0770)  IoU (F channel): 0.4758 (0.4138)  L1 (Dc channel): 0.0008 (0.0009)  L1 (Dn channel): 0.0010 (0.0011)  IoU (P channel): 0.3599 (0.3204)  lr: 0.000892  iter-time: 0.9227
[13:42:18.189883] Epoch: [27]  [480/491]  eta: 0:00:10  loss: 0.1192 (0.0782)  IoU (F channel): 0.4214 (0.4127)  L1 (Dc channel): 0.0009 (0.0009)  L1 (Dn channel): 0.0010 (0.0011)  IoU (P channel): 0.2955 (0.3190)  lr: 0.000891  iter-time: 0.9211
[13:42:26.852471] Epoch: [27]  [490/491]  eta: 0:00:00  loss: 0.1093 (0.0786)  IoU (F channel): 0.3405 (0.4106)  L1 (Dc channel): 0.0011 (0.0009)  L1 (Dn channel): 0.0010 (0.0011)  IoU (P channel): 0.2408 (0.3169)  lr: 0.000891  iter-time: 0.8930
[13:42:26.852696] Epoch: [27] Total time: 0:07:38 (0.9331 s / it)
[13:42:26.852770] [Train] averaged stats: loss: 0.1093 (0.0786)  IoU (F channel): 0.3405 (0.4106)  L1 (Dc channel): 0.0011 (0.0009)  L1 (Dn channel): 0.0010 (0.0011)  IoU (P channel): 0.2408 (0.3169)  lr: 0.000891
[13:42:33.198728] Epoch: [27]  [ 0/27]  eta: 0:02:51  loss: 0.0451 (0.0451)  IoU (F channel): 0.0000 (0.0000)  L1 (Dc channel): 0.0007 (0.0007)  L1 (Dn channel): 0.0004 (0.0004)  IoU (P channel): 0.0000 (0.0000)  iter-time: 6.3449
[13:42:39.681963] Epoch: [27]  [10/27]  eta: 0:00:19  loss: 0.1620 (0.2281)  IoU (F channel): 0.2539 (0.2115)  L1 (Dc channel): 0.0007 (0.0009)  L1 (Dn channel): 0.0006 (0.0012)  IoU (P channel): 0.1429 (0.1586)  iter-time: 1.1662
[13:42:43.733596] Epoch: [27]  [20/27]  eta: 0:00:05  loss: 0.1350 (0.2059)  IoU (F channel): 0.2773 (0.2428)  L1 (Dc channel): 0.0008 (0.0009)  L1 (Dn channel): 0.0006 (0.0011)  IoU (P channel): 0.1659 (0.1759)  iter-time: 0.5267
[13:42:48.268862] Epoch: [27]  [26/27]  eta: 0:00:00  loss: 0.1058 (0.2041)  IoU (F channel): 0.2909 (0.2428)  L1 (Dc channel): 0.0008 (0.0009)  L1 (Dn channel): 0.0008 (0.0010)  IoU (P channel): 0.2071 (0.1779)  iter-time: 0.5803
[13:42:48.268999] Epoch: [27] Total time: 0:00:21 (0.7932 s / it)
[13:42:48.269028] [Val] averaged stats: loss: 0.1058 (0.2041)  IoU (F channel): 0.2909 (0.2428)  L1 (Dc channel): 0.0008 (0.0009)  L1 (Dn channel): 0.0008 (0.0010)  IoU (P channel): 0.2071 (0.1779)
[13:42:48.269320] [Val] best loss: 0.1590 best  IoU (F channel): 0.2385 L1 (Dc channel): 0.0011 L1 (Dn channel): 0.0012 IoU (P channel): 0.1855 
EarlyStopping counter: 2 out of 10
[13:42:48.279521] [Time] 8.0m 3.6h/8.2h

[13:42:48.279538] ~~~ Epoch 28/60 ~~~

[13:42:53.806331] Epoch: [28]  [  0/491]  eta: 0:45:12  loss: 0.0907 (0.0907)  IoU (F channel): 0.3348 (0.3348)  L1 (Dc channel): 0.0010 (0.0010)  L1 (Dn channel): 0.0012 (0.0012)  IoU (P channel): 0.2714 (0.2714)  lr: 0.000891  iter-time: 5.5238
[13:43:03.923615] Epoch: [28]  [ 10/491]  eta: 0:11:23  loss: 0.0948 (0.1078)  IoU (F channel): 0.3348 (0.3878)  L1 (Dc channel): 0.0010 (0.0010)  L1 (Dn channel): 0.0010 (0.0010)  IoU (P channel): 0.2714 (0.2815)  lr: 0.000890  iter-time: 1.4218
[13:43:13.126445] Epoch: [28]  [ 20/491]  eta: 0:09:17  loss: 0.0753 (0.0862)  IoU (F channel): 0.3941 (0.4099)  L1 (Dc channel): 0.0008 (0.0008)  L1 (Dn channel): 0.0007 (0.0008)  IoU (P channel): 0.3309 (0.3055)  lr: 0.000890  iter-time: 0.9659
[13:43:22.396946] Epoch: [28]  [ 30/491]  eta: 0:08:27  loss: 0.0687 (0.0840)  IoU (F channel): 0.4075 (0.4060)  L1 (Dc channel): 0.0007 (0.0008)  L1 (Dn channel): 0.0007 (0.0008)  IoU (P channel): 0.3244 (0.3107)  lr: 0.000889  iter-time: 0.9236
[13:43:31.558919] Epoch: [28]  [ 40/491]  eta: 0:07:56  loss: 0.0758 (0.0843)  IoU (F channel): 0.3886 (0.4047)  L1 (Dc channel): 0.0008 (0.0008)  L1 (Dn channel): 0.0009 (0.0009)  IoU (P channel): 0.3062 (0.3040)  lr: 0.000889  iter-time: 0.9215
[13:43:40.717423] Epoch: [28]  [ 50/491]  eta: 0:07:33  loss: 0.0720 (0.0827)  IoU (F channel): 0.4398 (0.4168)  L1 (Dc channel): 0.0008 (0.0008)  L1 (Dn channel): 0.0008 (0.0008)  IoU (P channel): 0.3096 (0.3133)  lr: 0.000888  iter-time: 0.9159
[13:43:49.954635] Epoch: [28]  [ 60/491]  eta: 0:07:15  loss: 0.0679 (0.0838)  IoU (F channel): 0.4386 (0.4170)  L1 (Dc channel): 0.0007 (0.0008)  L1 (Dn channel): 0.0008 (0.0009)  IoU (P channel): 0.3445 (0.3135)  lr: 0.000888  iter-time: 0.9197
[13:43:59.112541] Epoch: [28]  [ 70/491]  eta: 0:06:59  loss: 0.0774 (0.0831)  IoU (F channel): 0.4112 (0.4178)  L1 (Dc channel): 0.0007 (0.0008)  L1 (Dn channel): 0.0011 (0.0009)  IoU (P channel): 0.3065 (0.3133)  lr: 0.000887  iter-time: 0.9197
[13:44:08.363586] Epoch: [28]  [ 80/491]  eta: 0:06:46  loss: 0.0676 (0.0808)  IoU (F channel): 0.3706 (0.4072)  L1 (Dc channel): 0.0005 (0.0008)  L1 (Dn channel): 0.0008 (0.0009)  IoU (P channel): 0.2897 (0.3073)  lr: 0.000887  iter-time: 0.9204
[13:44:17.527167] Epoch: [28]  [ 90/491]  eta: 0:06:33  loss: 0.0747 (0.0814)  IoU (F channel): 0.4041 (0.4112)  L1 (Dc channel): 0.0006 (0.0008)  L1 (Dn channel): 0.0009 (0.0010)  IoU (P channel): 0.3226 (0.3127)  lr: 0.000887  iter-time: 0.9206
[13:44:26.795597] Epoch: [28]  [100/491]  eta: 0:06:21  loss: 0.0771 (0.0807)  IoU (F channel): 0.4214 (0.4104)  L1 (Dc channel): 0.0006 (0.0007)  L1 (Dn channel): 0.0010 (0.0010)  IoU (P channel): 0.3400 (0.3125)  lr: 0.000886  iter-time: 0.9215
[13:44:36.097818] Epoch: [28]  [110/491]  eta: 0:06:10  loss: 0.0635 (0.0804)  IoU (F channel): 0.3263 (0.4059)  L1 (Dc channel): 0.0005 (0.0007)  L1 (Dn channel): 0.0010 (0.0010)  IoU (P channel): 0.2945 (0.3108)  lr: 0.000886  iter-time: 0.9284
[13:44:45.265647] Epoch: [28]  [120/491]  eta: 0:05:58  loss: 0.0635 (0.0796)  IoU (F channel): 0.3699 (0.4062)  L1 (Dc channel): 0.0006 (0.0007)  L1 (Dn channel): 0.0010 (0.0010)  IoU (P channel): 0.3163 (0.3108)  lr: 0.000885  iter-time: 0.9234
[13:44:54.435581] Epoch: [28]  [130/491]  eta: 0:05:47  loss: 0.0717 (0.0786)  IoU (F channel): 0.4018 (0.4070)  L1 (Dc channel): 0.0005 (0.0007)  L1 (Dn channel): 0.0010 (0.0010)  IoU (P channel): 0.3165 (0.3112)  lr: 0.000885  iter-time: 0.9168
[13:45:03.598737] Epoch: [28]  [140/491]  eta: 0:05:36  loss: 0.0664 (0.0780)  IoU (F channel): 0.4325 (0.4074)  L1 (Dc channel): 0.0006 (0.0007)  L1 (Dn channel): 0.0010 (0.0010)  IoU (P channel): 0.3089 (0.3101)  lr: 0.000884  iter-time: 0.9165
[13:45:12.764106] Epoch: [28]  [150/491]  eta: 0:05:26  loss: 0.0573 (0.0768)  IoU (F channel): 0.3832 (0.4048)  L1 (Dc channel): 0.0006 (0.0007)  L1 (Dn channel): 0.0008 (0.0010)  IoU (P channel): 0.2945 (0.3095)  lr: 0.000884  iter-time: 0.9163
[13:45:21.920269] Epoch: [28]  [160/491]  eta: 0:05:15  loss: 0.0624 (0.0769)  IoU (F channel): 0.3832 (0.4052)  L1 (Dc channel): 0.0007 (0.0007)  L1 (Dn channel): 0.0009 (0.0010)  IoU (P channel): 0.3009 (0.3095)  lr: 0.000883  iter-time: 0.9160
[13:45:31.077818] Epoch: [28]  [170/491]  eta: 0:05:05  loss: 0.0748 (0.0771)  IoU (F channel): 0.4063 (0.4045)  L1 (Dc channel): 0.0009 (0.0007)  L1 (Dn channel): 0.0009 (0.0010)  IoU (P channel): 0.3195 (0.3105)  lr: 0.000883  iter-time: 0.9156
[13:45:40.254165] Epoch: [28]  [180/491]  eta: 0:04:55  loss: 0.0748 (0.0771)  IoU (F channel): 0.4063 (0.4069)  L1 (Dc channel): 0.0008 (0.0007)  L1 (Dn channel): 0.0009 (0.0010)  IoU (P channel): 0.3383 (0.3122)  lr: 0.000882  iter-time: 0.9166
[13:45:49.411768] Epoch: [28]  [190/491]  eta: 0:04:45  loss: 0.0725 (0.0775)  IoU (F channel): 0.4368 (0.4058)  L1 (Dc channel): 0.0008 (0.0007)  L1 (Dn channel): 0.0011 (0.0010)  IoU (P channel): 0.3306 (0.3117)  lr: 0.000882  iter-time: 0.9166
[13:45:58.579587] Epoch: [28]  [200/491]  eta: 0:04:35  loss: 0.0669 (0.0770)  IoU (F channel): 0.3977 (0.4050)  L1 (Dc channel): 0.0008 (0.0007)  L1 (Dn channel): 0.0009 (0.0010)  IoU (P channel): 0.3177 (0.3109)  lr: 0.000881  iter-time: 0.9162
[13:46:07.740514] Epoch: [28]  [210/491]  eta: 0:04:25  loss: 0.0669 (0.0770)  IoU (F channel): 0.3977 (0.4054)  L1 (Dc channel): 0.0008 (0.0007)  L1 (Dn channel): 0.0009 (0.0010)  IoU (P channel): 0.3385 (0.3124)  lr: 0.000881  iter-time: 0.9163
[13:46:16.974288] Epoch: [28]  [220/491]  eta: 0:04:15  loss: 0.0687 (0.0766)  IoU (F channel): 0.3993 (0.4051)  L1 (Dc channel): 0.0008 (0.0007)  L1 (Dn channel): 0.0010 (0.0010)  IoU (P channel): 0.3421 (0.3126)  lr: 0.000880  iter-time: 0.9196
[13:46:26.286260] Epoch: [28]  [230/491]  eta: 0:04:06  loss: 0.0529 (0.0759)  IoU (F channel): 0.3869 (0.4046)  L1 (Dc channel): 0.0007 (0.0007)  L1 (Dn channel): 0.0008 (0.0010)  IoU (P channel): 0.2823 (0.3115)  lr: 0.000880  iter-time: 0.9272
[13:46:35.682744] Epoch: [28]  [240/491]  eta: 0:03:56  loss: 0.0627 (0.0763)  IoU (F channel): 0.3869 (0.4043)  L1 (Dc channel): 0.0008 (0.0008)  L1 (Dn channel): 0.0010 (0.0010)  IoU (P channel): 0.2796 (0.3121)  lr: 0.000879  iter-time: 0.9353
[13:46:44.974284] Epoch: [28]  [250/491]  eta: 0:03:47  loss: 0.0704 (0.0758)  IoU (F channel): 0.3878 (0.4049)  L1 (Dc channel): 0.0008 (0.0008)  L1 (Dn channel): 0.0009 (0.0010)  IoU (P channel): 0.3338 (0.3133)  lr: 0.000879  iter-time: 0.9343
[13:46:54.201362] Epoch: [28]  [260/491]  eta: 0:03:37  loss: 0.0492 (0.0753)  IoU (F channel): 0.3887 (0.4042)  L1 (Dc channel): 0.0008 (0.0008)  L1 (Dn channel): 0.0009 (0.0010)  IoU (P channel): 0.3069 (0.3129)  lr: 0.000878  iter-time: 0.9258
[13:47:03.359129] Epoch: [28]  [270/491]  eta: 0:03:27  loss: 0.0654 (0.0753)  IoU (F channel): 0.4127 (0.4059)  L1 (Dc channel): 0.0007 (0.0008)  L1 (Dn channel): 0.0009 (0.0010)  IoU (P channel): 0.3034 (0.3143)  lr: 0.000878  iter-time: 0.9191
[13:47:12.590132] Epoch: [28]  [280/491]  eta: 0:03:18  loss: 0.0762 (0.0753)  IoU (F channel): 0.4605 (0.4071)  L1 (Dc channel): 0.0008 (0.0008)  L1 (Dn channel): 0.0011 (0.0010)  IoU (P channel): 0.3243 (0.3157)  lr: 0.000877  iter-time: 0.9193
[13:47:21.756630] Epoch: [28]  [290/491]  eta: 0:03:08  loss: 0.0696 (0.0756)  IoU (F channel): 0.4212 (0.4077)  L1 (Dc channel): 0.0008 (0.0008)  L1 (Dn channel): 0.0009 (0.0010)  IoU (P channel): 0.3243 (0.3162)  lr: 0.000877  iter-time: 0.9198
[13:47:30.913222] Epoch: [28]  [300/491]  eta: 0:02:59  loss: 0.0744 (0.0764)  IoU (F channel): 0.3681 (0.4061)  L1 (Dc channel): 0.0009 (0.0008)  L1 (Dn channel): 0.0009 (0.0010)  IoU (P channel): 0.3073 (0.3162)  lr: 0.000876  iter-time: 0.9161
[13:47:40.120743] Epoch: [28]  [310/491]  eta: 0:02:49  loss: 0.0826 (0.0764)  IoU (F channel): 0.3742 (0.4057)  L1 (Dc channel): 0.0009 (0.0008)  L1 (Dn channel): 0.0008 (0.0010)  IoU (P channel): 0.3242 (0.3166)  lr: 0.000876  iter-time: 0.9181
[13:47:49.284357] Epoch: [28]  [320/491]  eta: 0:02:40  loss: 0.0755 (0.0765)  IoU (F channel): 0.3755 (0.4049)  L1 (Dc channel): 0.0008 (0.0008)  L1 (Dn channel): 0.0009 (0.0010)  IoU (P channel): 0.3403 (0.3169)  lr: 0.000875  iter-time: 0.9185
[13:47:58.447288] Epoch: [28]  [330/491]  eta: 0:02:30  loss: 0.0714 (0.0762)  IoU (F channel): 0.3501 (0.4048)  L1 (Dc channel): 0.0008 (0.0008)  L1 (Dn channel): 0.0008 (0.0010)  IoU (P channel): 0.3207 (0.3172)  lr: 0.000875  iter-time: 0.9162
[13:48:07.601994] Epoch: [28]  [340/491]  eta: 0:02:21  loss: 0.0548 (0.0763)  IoU (F channel): 0.3791 (0.4047)  L1 (Dc channel): 0.0008 (0.0008)  L1 (Dn channel): 0.0008 (0.0010)  IoU (P channel): 0.3026 (0.3171)  lr: 0.000874  iter-time: 0.9158
[13:48:16.759352] Epoch: [28]  [350/491]  eta: 0:02:11  loss: 0.0556 (0.0759)  IoU (F channel): 0.3956 (0.4051)  L1 (Dc channel): 0.0008 (0.0008)  L1 (Dn channel): 0.0009 (0.0010)  IoU (P channel): 0.3171 (0.3173)  lr: 0.000874  iter-time: 0.9155
[13:48:26.054680] Epoch: [28]  [360/491]  eta: 0:02:02  loss: 0.0632 (0.0762)  IoU (F channel): 0.4317 (0.4067)  L1 (Dc channel): 0.0009 (0.0008)  L1 (Dn channel): 0.0009 (0.0011)  IoU (P channel): 0.3171 (0.3182)  lr: 0.000873  iter-time: 0.9225
[13:48:35.238509] Epoch: [28]  [370/491]  eta: 0:01:53  loss: 0.0632 (0.0759)  IoU (F channel): 0.4441 (0.4077)  L1 (Dc channel): 0.0008 (0.0008)  L1 (Dn channel): 0.0009 (0.0010)  IoU (P channel): 0.3202 (0.3188)  lr: 0.000873  iter-time: 0.9238
[13:48:44.398576] Epoch: [28]  [380/491]  eta: 0:01:43  loss: 0.0585 (0.0754)  IoU (F channel): 0.4158 (0.4081)  L1 (Dc channel): 0.0008 (0.0008)  L1 (Dn channel): 0.0009 (0.0010)  IoU (P channel): 0.3202 (0.3187)  lr: 0.000872  iter-time: 0.9171
[13:48:53.633690] Epoch: [28]  [390/491]  eta: 0:01:34  loss: 0.0603 (0.0753)  IoU (F channel): 0.4065 (0.4083)  L1 (Dc channel): 0.0008 (0.0008)  L1 (Dn channel): 0.0008 (0.0010)  IoU (P channel): 0.3173 (0.3193)  lr: 0.000872  iter-time: 0.9196
[13:49:02.795250] Epoch: [28]  [400/491]  eta: 0:01:24  loss: 0.0789 (0.0753)  IoU (F channel): 0.3810 (0.4085)  L1 (Dc channel): 0.0008 (0.0008)  L1 (Dn channel): 0.0010 (0.0010)  IoU (P channel): 0.3373 (0.3198)  lr: 0.000871  iter-time: 0.9197
[13:49:11.957613] Epoch: [28]  [410/491]  eta: 0:01:15  loss: 0.0636 (0.0752)  IoU (F channel): 0.4101 (0.4089)  L1 (Dc channel): 0.0008 (0.0008)  L1 (Dn channel): 0.0011 (0.0011)  IoU (P channel): 0.3361 (0.3200)  lr: 0.000871  iter-time: 0.9161
[13:49:21.116841] Epoch: [28]  [420/491]  eta: 0:01:06  loss: 0.0569 (0.0749)  IoU (F channel): 0.4101 (0.4095)  L1 (Dc channel): 0.0007 (0.0008)  L1 (Dn channel): 0.0009 (0.0011)  IoU (P channel): 0.3210 (0.3197)  lr: 0.000870  iter-time: 0.9160
[13:49:30.312828] Epoch: [28]  [430/491]  eta: 0:00:56  loss: 0.0646 (0.0751)  IoU (F channel): 0.4189 (0.4099)  L1 (Dc channel): 0.0007 (0.0008)  L1 (Dn channel): 0.0011 (0.0011)  IoU (P channel): 0.3120 (0.3199)  lr: 0.000870  iter-time: 0.9177
[13:49:39.465733] Epoch: [28]  [440/491]  eta: 0:00:47  loss: 0.0711 (0.0750)  IoU (F channel): 0.4401 (0.4113)  L1 (Dc channel): 0.0007 (0.0008)  L1 (Dn channel): 0.0010 (0.0011)  IoU (P channel): 0.3233 (0.3201)  lr: 0.000869  iter-time: 0.9173
[13:49:48.741915] Epoch: [28]  [450/491]  eta: 0:00:38  loss: 0.0711 (0.0753)  IoU (F channel): 0.4401 (0.4113)  L1 (Dc channel): 0.0007 (0.0008)  L1 (Dn channel): 0.0008 (0.0011)  IoU (P channel): 0.3179 (0.3204)  lr: 0.000869  iter-time: 0.9214
[13:49:57.902707] Epoch: [28]  [460/491]  eta: 0:00:28  loss: 0.0714 (0.0751)  IoU (F channel): 0.4493 (0.4123)  L1 (Dc channel): 0.0008 (0.0008)  L1 (Dn channel): 0.0008 (0.0011)  IoU (P channel): 0.3179 (0.3205)  lr: 0.000868  iter-time: 0.9218
[13:50:07.066195] Epoch: [28]  [470/491]  eta: 0:00:19  loss: 0.0621 (0.0751)  IoU (F channel): 0.4493 (0.4124)  L1 (Dc channel): 0.0008 (0.0008)  L1 (Dn channel): 0.0008 (0.0011)  IoU (P channel): 0.3196 (0.3204)  lr: 0.000868  iter-time: 0.9161
[13:50:16.244455] Epoch: [28]  [480/491]  eta: 0:00:10  loss: 0.0579 (0.0751)  IoU (F channel): 0.4121 (0.4132)  L1 (Dc channel): 0.0008 (0.0008)  L1 (Dn channel): 0.0008 (0.0011)  IoU (P channel): 0.3161 (0.3202)  lr: 0.000867  iter-time: 0.9170
[13:50:24.901711] Epoch: [28]  [490/491]  eta: 0:00:00  loss: 0.0674 (0.0751)  IoU (F channel): 0.4122 (0.4121)  L1 (Dc channel): 0.0008 (0.0008)  L1 (Dn channel): 0.0008 (0.0011)  IoU (P channel): 0.2861 (0.3192)  lr: 0.000866  iter-time: 0.8917
[13:50:24.901908] Epoch: [28] Total time: 0:07:36 (0.9300 s / it)
[13:50:24.901961] [Train] averaged stats: loss: 0.0674 (0.0751)  IoU (F channel): 0.4122 (0.4121)  L1 (Dc channel): 0.0008 (0.0008)  L1 (Dn channel): 0.0008 (0.0011)  IoU (P channel): 0.2861 (0.3192)  lr: 0.000866
[13:50:30.774300] Epoch: [28]  [ 0/27]  eta: 0:02:38  loss: 0.0740 (0.0740)  IoU (F channel): 0.0000 (0.0000)  L1 (Dc channel): 0.0008 (0.0008)  L1 (Dn channel): 0.0006 (0.0006)  IoU (P channel): 0.0000 (0.0000)  iter-time: 5.8704
[13:50:35.312843] Epoch: [28]  [10/27]  eta: 0:00:16  loss: 0.1696 (0.2380)  IoU (F channel): 0.1459 (0.1982)  L1 (Dc channel): 0.0009 (0.0010)  L1 (Dn channel): 0.0008 (0.0014)  IoU (P channel): 0.1157 (0.1517)  iter-time: 0.9462
[13:50:42.163953] Epoch: [28]  [20/27]  eta: 0:00:05  loss: 0.1337 (0.2014)  IoU (F channel): 0.1599 (0.2327)  L1 (Dc channel): 0.0009 (0.0010)  L1 (Dn channel): 0.0008 (0.0013)  IoU (P channel): 0.1185 (0.1722)  iter-time: 0.5694
[13:50:45.780058] Epoch: [28]  [26/27]  eta: 0:00:00  loss: 0.1277 (0.1860)  IoU (F channel): 0.2324 (0.2378)  L1 (Dc channel): 0.0009 (0.0010)  L1 (Dn channel): 0.0010 (0.0012)  IoU (P channel): 0.1857 (0.1787)  iter-time: 0.5957
[13:50:45.780158] Epoch: [28] Total time: 0:00:20 (0.7732 s / it)
[13:50:45.780178] [Val] averaged stats: loss: 0.1277 (0.1860)  IoU (F channel): 0.2324 (0.2378)  L1 (Dc channel): 0.0009 (0.0010)  L1 (Dn channel): 0.0010 (0.0012)  IoU (P channel): 0.1857 (0.1787)
[13:50:45.780342] [Val] best loss: 0.1590 best  IoU (F channel): 0.2385 L1 (Dc channel): 0.0011 L1 (Dn channel): 0.0012 IoU (P channel): 0.1855 
EarlyStopping counter: 3 out of 10
[13:50:45.790764] [Time] 8.0m 3.8h/8.1h

[13:50:45.790782] ~~~ Epoch 29/60 ~~~

[13:50:52.616970] Epoch: [29]  [  0/491]  eta: 0:55:50  loss: 0.1123 (0.1123)  IoU (F channel): 0.4257 (0.4257)  L1 (Dc channel): 0.0011 (0.0011)  L1 (Dn channel): 0.0016 (0.0016)  IoU (P channel): 0.3013 (0.3013)  lr: 0.000866  iter-time: 6.8248
[13:51:01.984995] Epoch: [29]  [ 10/491]  eta: 0:11:48  loss: 0.0622 (0.0885)  IoU (F channel): 0.3921 (0.3922)  L1 (Dc channel): 0.0008 (0.0008)  L1 (Dn channel): 0.0009 (0.0010)  IoU (P channel): 0.2720 (0.2819)  lr: 0.000866  iter-time: 1.4720
[13:51:11.202435] Epoch: [29]  [ 20/491]  eta: 0:09:29  loss: 0.0721 (0.0842)  IoU (F channel): 0.3864 (0.3722)  L1 (Dc channel): 0.0008 (0.0008)  L1 (Dn channel): 0.0009 (0.0010)  IoU (P channel): 0.2681 (0.2720)  lr: 0.000865  iter-time: 0.9292
[13:51:20.398457] Epoch: [29]  [ 30/491]  eta: 0:08:34  loss: 0.0725 (0.0770)  IoU (F channel): 0.4185 (0.4024)  L1 (Dc channel): 0.0008 (0.0008)  L1 (Dn channel): 0.0009 (0.0010)  IoU (P channel): 0.2878 (0.2847)  lr: 0.000865  iter-time: 0.9206
[13:51:29.686429] Epoch: [29]  [ 40/491]  eta: 0:08:02  loss: 0.0725 (0.0762)  IoU (F channel): 0.4369 (0.3958)  L1 (Dc channel): 0.0008 (0.0008)  L1 (Dn channel): 0.0009 (0.0010)  IoU (P channel): 0.3090 (0.2921)  lr: 0.000864  iter-time: 0.9241
[13:51:39.004397] Epoch: [29]  [ 50/491]  eta: 0:07:39  loss: 0.0778 (0.0804)  IoU (F channel): 0.4013 (0.4015)  L1 (Dc channel): 0.0008 (0.0008)  L1 (Dn channel): 0.0010 (0.0010)  IoU (P channel): 0.3248 (0.3015)  lr: 0.000864  iter-time: 0.9274
[13:51:48.347856] Epoch: [29]  [ 60/491]  eta: 0:07:21  loss: 0.0849 (0.0832)  IoU (F channel): 0.4013 (0.4015)  L1 (Dc channel): 0.0009 (0.0008)  L1 (Dn channel): 0.0011 (0.0010)  IoU (P channel): 0.3248 (0.3021)  lr: 0.000863  iter-time: 0.9302
[13:51:57.598496] Epoch: [29]  [ 70/491]  eta: 0:07:05  loss: 0.0723 (0.0832)  IoU (F channel): 0.3964 (0.3998)  L1 (Dc channel): 0.0008 (0.0008)  L1 (Dn channel): 0.0009 (0.0010)  IoU (P channel): 0.2702 (0.2972)  lr: 0.000863  iter-time: 0.9296
[13:52:06.831474] Epoch: [29]  [ 80/491]  eta: 0:06:50  loss: 0.0626 (0.0809)  IoU (F channel): 0.3631 (0.3968)  L1 (Dc channel): 0.0006 (0.0008)  L1 (Dn channel): 0.0008 (0.0010)  IoU (P channel): 0.2700 (0.2957)  lr: 0.000862  iter-time: 0.9241
[13:52:16.458638] Epoch: [29]  [ 90/491]  eta: 0:06:39  loss: 0.0619 (0.0797)  IoU (F channel): 0.4257 (0.4017)  L1 (Dc channel): 0.0006 (0.0008)  L1 (Dn channel): 0.0008 (0.0010)  IoU (P channel): 0.3024 (0.2992)  lr: 0.000862  iter-time: 0.9428
[13:52:25.964905] Epoch: [29]  [100/491]  eta: 0:06:27  loss: 0.0652 (0.0797)  IoU (F channel): 0.4281 (0.4025)  L1 (Dc channel): 0.0008 (0.0008)  L1 (Dn channel): 0.0009 (0.0010)  IoU (P channel): 0.3304 (0.3005)  lr: 0.000861  iter-time: 0.9565
[13:52:35.306171] Epoch: [29]  [110/491]  eta: 0:06:15  loss: 0.0692 (0.0779)  IoU (F channel): 0.4307 (0.4119)  L1 (Dc channel): 0.0008 (0.0008)  L1 (Dn channel): 0.0009 (0.0010)  IoU (P channel): 0.3361 (0.3067)  lr: 0.000861  iter-time: 0.9423
[13:52:44.531677] Epoch: [29]  [120/491]  eta: 0:06:03  loss: 0.0614 (0.0779)  IoU (F channel): 0.4212 (0.4089)  L1 (Dc channel): 0.0008 (0.0008)  L1 (Dn channel): 0.0009 (0.0010)  IoU (P channel): 0.3268 (0.3062)  lr: 0.000860  iter-time: 0.9282
[13:52:53.849871] Epoch: [29]  [130/491]  eta: 0:05:52  loss: 0.0605 (0.0776)  IoU (F channel): 0.3653 (0.4087)  L1 (Dc channel): 0.0008 (0.0008)  L1 (Dn channel): 0.0009 (0.0010)  IoU (P channel): 0.3087 (0.3069)  lr: 0.000860  iter-time: 0.9271
[13:53:03.182909] Epoch: [29]  [140/491]  eta: 0:05:41  loss: 0.0641 (0.0766)  IoU (F channel): 0.3901 (0.4080)  L1 (Dc channel): 0.0007 (0.0008)  L1 (Dn channel): 0.0009 (0.0010)  IoU (P channel): 0.3160 (0.3077)  lr: 0.000859  iter-time: 0.9324
[13:53:12.479241] Epoch: [29]  [150/491]  eta: 0:05:31  loss: 0.0619 (0.0757)  IoU (F channel): 0.3901 (0.4079)  L1 (Dc channel): 0.0007 (0.0008)  L1 (Dn channel): 0.0008 (0.0010)  IoU (P channel): 0.3175 (0.3077)  lr: 0.000859  iter-time: 0.9313
[13:53:21.806368] Epoch: [29]  [160/491]  eta: 0:05:20  loss: 0.0619 (0.0758)  IoU (F channel): 0.4407 (0.4128)  L1 (Dc channel): 0.0007 (0.0008)  L1 (Dn channel): 0.0010 (0.0010)  IoU (P channel): 0.3335 (0.3110)  lr: 0.000858  iter-time: 0.9310
[13:53:31.142589] Epoch: [29]  [170/491]  eta: 0:05:10  loss: 0.0640 (0.0757)  IoU (F channel): 0.4278 (0.4125)  L1 (Dc channel): 0.0008 (0.0008)  L1 (Dn channel): 0.0010 (0.0010)  IoU (P channel): 0.3252 (0.3117)  lr: 0.000857  iter-time: 0.9330
[13:53:40.365159] Epoch: [29]  [180/491]  eta: 0:04:59  loss: 0.0640 (0.0753)  IoU (F channel): 0.4121 (0.4127)  L1 (Dc channel): 0.0008 (0.0008)  L1 (Dn channel): 0.0010 (0.0010)  IoU (P channel): 0.3085 (0.3110)  lr: 0.000857  iter-time: 0.9278
[13:53:49.774862] Epoch: [29]  [190/491]  eta: 0:04:49  loss: 0.0622 (0.0748)  IoU (F channel): 0.4121 (0.4120)  L1 (Dc channel): 0.0007 (0.0008)  L1 (Dn channel): 0.0009 (0.0010)  IoU (P channel): 0.3085 (0.3113)  lr: 0.000856  iter-time: 0.9315
[13:53:59.386579] Epoch: [29]  [200/491]  eta: 0:04:40  loss: 0.0622 (0.0748)  IoU (F channel): 0.4044 (0.4130)  L1 (Dc channel): 0.0005 (0.0008)  L1 (Dn channel): 0.0008 (0.0010)  IoU (P channel): 0.2968 (0.3106)  lr: 0.000856  iter-time: 0.9510
[13:54:08.797580] Epoch: [29]  [210/491]  eta: 0:04:30  loss: 0.0653 (0.0749)  IoU (F channel): 0.3955 (0.4137)  L1 (Dc channel): 0.0006 (0.0008)  L1 (Dn channel): 0.0009 (0.0010)  IoU (P channel): 0.3113 (0.3113)  lr: 0.000855  iter-time: 0.9510
[13:54:18.052894] Epoch: [29]  [220/491]  eta: 0:04:20  loss: 0.0562 (0.0744)  IoU (F channel): 0.3930 (0.4145)  L1 (Dc channel): 0.0006 (0.0008)  L1 (Dn channel): 0.0009 (0.0010)  IoU (P channel): 0.3339 (0.3126)  lr: 0.000855  iter-time: 0.9332
[13:54:27.279180] Epoch: [29]  [230/491]  eta: 0:04:10  loss: 0.0617 (0.0747)  IoU (F channel): 0.4349 (0.4163)  L1 (Dc channel): 0.0006 (0.0008)  L1 (Dn channel): 0.0009 (0.0010)  IoU (P channel): 0.3420 (0.3140)  lr: 0.000854  iter-time: 0.9239
[13:54:36.473828] Epoch: [29]  [240/491]  eta: 0:04:00  loss: 0.0671 (0.0746)  IoU (F channel): 0.4453 (0.4180)  L1 (Dc channel): 0.0006 (0.0007)  L1 (Dn channel): 0.0010 (0.0010)  IoU (P channel): 0.3494 (0.3150)  lr: 0.000854  iter-time: 0.9209
[13:54:45.708999] Epoch: [29]  [250/491]  eta: 0:03:50  loss: 0.0679 (0.0745)  IoU (F channel): 0.4320 (0.4181)  L1 (Dc channel): 0.0006 (0.0007)  L1 (Dn channel): 0.0012 (0.0010)  IoU (P channel): 0.3494 (0.3155)  lr: 0.000853  iter-time: 0.9214
[13:54:54.925819] Epoch: [29]  [260/491]  eta: 0:03:40  loss: 0.0735 (0.0748)  IoU (F channel): 0.4320 (0.4189)  L1 (Dc channel): 0.0006 (0.0007)  L1 (Dn channel): 0.0010 (0.0010)  IoU (P channel): 0.3379 (0.3163)  lr: 0.000853  iter-time: 0.9225
[13:55:04.156200] Epoch: [29]  [270/491]  eta: 0:03:30  loss: 0.0596 (0.0747)  IoU (F channel): 0.4362 (0.4197)  L1 (Dc channel): 0.0008 (0.0007)  L1 (Dn channel): 0.0010 (0.0010)  IoU (P channel): 0.3400 (0.3175)  lr: 0.000852  iter-time: 0.9223
[13:55:13.321920] Epoch: [29]  [280/491]  eta: 0:03:20  loss: 0.0596 (0.0744)  IoU (F channel): 0.4320 (0.4201)  L1 (Dc channel): 0.0008 (0.0007)  L1 (Dn channel): 0.0010 (0.0010)  IoU (P channel): 0.3335 (0.3178)  lr: 0.000852  iter-time: 0.9197
[13:55:22.506074] Epoch: [29]  [290/491]  eta: 0:03:11  loss: 0.0693 (0.0751)  IoU (F channel): 0.4297 (0.4222)  L1 (Dc channel): 0.0008 (0.0008)  L1 (Dn channel): 0.0010 (0.0010)  IoU (P channel): 0.3322 (0.3190)  lr: 0.000851  iter-time: 0.9174
[13:55:31.680053] Epoch: [29]  [300/491]  eta: 0:03:01  loss: 0.0874 (0.0752)  IoU (F channel): 0.4413 (0.4220)  L1 (Dc channel): 0.0009 (0.0008)  L1 (Dn channel): 0.0012 (0.0011)  IoU (P channel): 0.3431 (0.3187)  lr: 0.000850  iter-time: 0.9178
[13:55:41.064382] Epoch: [29]  [310/491]  eta: 0:02:51  loss: 0.0692 (0.0750)  IoU (F channel): 0.4246 (0.4216)  L1 (Dc channel): 0.0007 (0.0008)  L1 (Dn channel): 0.0010 (0.0010)  IoU (P channel): 0.3050 (0.3189)  lr: 0.000850  iter-time: 0.9278
[13:55:50.228775] Epoch: [29]  [320/491]  eta: 0:02:42  loss: 0.0692 (0.0748)  IoU (F channel): 0.4598 (0.4233)  L1 (Dc channel): 0.0008 (0.0008)  L1 (Dn channel): 0.0009 (0.0010)  IoU (P channel): 0.3260 (0.3195)  lr: 0.000849  iter-time: 0.9273
[13:55:59.579947] Epoch: [29]  [330/491]  eta: 0:02:32  loss: 0.0611 (0.0745)  IoU (F channel): 0.4782 (0.4247)  L1 (Dc channel): 0.0008 (0.0008)  L1 (Dn channel): 0.0010 (0.0010)  IoU (P channel): 0.3260 (0.3200)  lr: 0.000849  iter-time: 0.9257
[13:56:08.745141] Epoch: [29]  [340/491]  eta: 0:02:22  loss: 0.0505 (0.0741)  IoU (F channel): 0.4782 (0.4248)  L1 (Dc channel): 0.0007 (0.0008)  L1 (Dn channel): 0.0009 (0.0010)  IoU (P channel): 0.2986 (0.3197)  lr: 0.000848  iter-time: 0.9257
[13:56:18.080650] Epoch: [29]  [350/491]  eta: 0:02:13  loss: 0.0535 (0.0739)  IoU (F channel): 0.4133 (0.4253)  L1 (Dc channel): 0.0007 (0.0008)  L1 (Dn channel): 0.0008 (0.0010)  IoU (P channel): 0.2972 (0.3197)  lr: 0.000848  iter-time: 0.9249
[13:56:27.249153] Epoch: [29]  [360/491]  eta: 0:02:03  loss: 0.0649 (0.0734)  IoU (F channel): 0.4040 (0.4241)  L1 (Dc channel): 0.0007 (0.0008)  L1 (Dn channel): 0.0009 (0.0010)  IoU (P channel): 0.2978 (0.3195)  lr: 0.000847  iter-time: 0.9251
[13:56:36.440391] Epoch: [29]  [370/491]  eta: 0:01:54  loss: 0.0566 (0.0730)  IoU (F channel): 0.4017 (0.4235)  L1 (Dc channel): 0.0007 (0.0008)  L1 (Dn channel): 0.0008 (0.0010)  IoU (P channel): 0.3129 (0.3195)  lr: 0.000847  iter-time: 0.9179
[13:56:45.609292] Epoch: [29]  [380/491]  eta: 0:01:44  loss: 0.0529 (0.0726)  IoU (F channel): 0.4149 (0.4242)  L1 (Dc channel): 0.0007 (0.0008)  L1 (Dn channel): 0.0008 (0.0010)  IoU (P channel): 0.3129 (0.3196)  lr: 0.000846  iter-time: 0.9179
[13:56:54.777672] Epoch: [29]  [390/491]  eta: 0:01:35  loss: 0.0529 (0.0723)  IoU (F channel): 0.4205 (0.4246)  L1 (Dc channel): 0.0007 (0.0008)  L1 (Dn channel): 0.0009 (0.0010)  IoU (P channel): 0.3356 (0.3197)  lr: 0.000846  iter-time: 0.9168
[13:57:03.939433] Epoch: [29]  [400/491]  eta: 0:01:25  loss: 0.0593 (0.0720)  IoU (F channel): 0.4083 (0.4238)  L1 (Dc channel): 0.0007 (0.0008)  L1 (Dn channel): 0.0008 (0.0010)  IoU (P channel): 0.3162 (0.3198)  lr: 0.000845  iter-time: 0.9164
[13:57:13.201723] Epoch: [29]  [410/491]  eta: 0:01:16  loss: 0.0512 (0.0715)  IoU (F channel): 0.4076 (0.4244)  L1 (Dc channel): 0.0007 (0.0008)  L1 (Dn channel): 0.0008 (0.0010)  IoU (P channel): 0.3205 (0.3201)  lr: 0.000844  iter-time: 0.9211
[13:57:22.792876] Epoch: [29]  [420/491]  eta: 0:01:06  loss: 0.0733 (0.0718)  IoU (F channel): 0.4724 (0.4257)  L1 (Dc channel): 0.0007 (0.0008)  L1 (Dn channel): 0.0010 (0.0010)  IoU (P channel): 0.3269 (0.3204)  lr: 0.000844  iter-time: 0.9425
[13:57:32.059209] Epoch: [29]  [430/491]  eta: 0:00:57  loss: 0.0756 (0.0719)  IoU (F channel): 0.4501 (0.4256)  L1 (Dc channel): 0.0008 (0.0008)  L1 (Dn channel): 0.0010 (0.0010)  IoU (P channel): 0.3269 (0.3206)  lr: 0.000843  iter-time: 0.9427
[13:57:41.290886] Epoch: [29]  [440/491]  eta: 0:00:48  loss: 0.0684 (0.0718)  IoU (F channel): 0.4501 (0.4266)  L1 (Dc channel): 0.0008 (0.0008)  L1 (Dn channel): 0.0008 (0.0010)  IoU (P channel): 0.3113 (0.3211)  lr: 0.000843  iter-time: 0.9248
[13:57:50.456376] Epoch: [29]  [450/491]  eta: 0:00:38  loss: 0.0653 (0.0719)  IoU (F channel): 0.4545 (0.4270)  L1 (Dc channel): 0.0008 (0.0008)  L1 (Dn channel): 0.0008 (0.0010)  IoU (P channel): 0.3113 (0.3212)  lr: 0.000842  iter-time: 0.9198
[13:57:59.716126] Epoch: [29]  [460/491]  eta: 0:00:29  loss: 0.0633 (0.0717)  IoU (F channel): 0.4215 (0.4267)  L1 (Dc channel): 0.0007 (0.0008)  L1 (Dn channel): 0.0007 (0.0010)  IoU (P channel): 0.3225 (0.3211)  lr: 0.000842  iter-time: 0.9212
[13:58:08.880768] Epoch: [29]  [470/491]  eta: 0:00:19  loss: 0.0662 (0.0719)  IoU (F channel): 0.4079 (0.4270)  L1 (Dc channel): 0.0007 (0.0008)  L1 (Dn channel): 0.0010 (0.0010)  IoU (P channel): 0.3384 (0.3218)  lr: 0.000841  iter-time: 0.9211
[13:58:18.041749] Epoch: [29]  [480/491]  eta: 0:00:10  loss: 0.0662 (0.0715)  IoU (F channel): 0.4079 (0.4268)  L1 (Dc channel): 0.0007 (0.0008)  L1 (Dn channel): 0.0009 (0.0010)  IoU (P channel): 0.3244 (0.3216)  lr: 0.000841  iter-time: 0.9162
[13:58:26.714827] Epoch: [29]  [490/491]  eta: 0:00:00  loss: 0.0515 (0.0716)  IoU (F channel): 0.3923 (0.4270)  L1 (Dc channel): 0.0007 (0.0008)  L1 (Dn channel): 0.0008 (0.0010)  IoU (P channel): 0.3246 (0.3219)  lr: 0.000840  iter-time: 0.8916
[13:58:26.715001] Epoch: [29] Total time: 0:07:40 (0.9387 s / it)
[13:58:26.715042] [Train] averaged stats: loss: 0.0515 (0.0716)  IoU (F channel): 0.3923 (0.4270)  L1 (Dc channel): 0.0007 (0.0008)  L1 (Dn channel): 0.0008 (0.0010)  IoU (P channel): 0.3246 (0.3219)  lr: 0.000840
[13:58:31.047957] Epoch: [29]  [ 0/27]  eta: 0:01:56  loss: 0.0081 (0.0081)  IoU (F channel): 0.0000 (0.0000)  L1 (Dc channel): 0.0003 (0.0003)  L1 (Dn channel): 0.0004 (0.0004)  IoU (P channel): 0.0000 (0.0000)  iter-time: 4.3309
[13:58:38.891931] Epoch: [29]  [10/27]  eta: 0:00:18  loss: 0.1183 (0.2469)  IoU (F channel): 0.4536 (0.3367)  L1 (Dc channel): 0.0005 (0.0006)  L1 (Dn channel): 0.0005 (0.0011)  IoU (P channel): 0.2878 (0.2370)  iter-time: 1.1068
[13:58:44.397345] Epoch: [29]  [20/27]  eta: 0:00:05  loss: 0.1007 (0.2168)  IoU (F channel): 0.4512 (0.3462)  L1 (Dc channel): 0.0005 (0.0006)  L1 (Dn channel): 0.0005 (0.0010)  IoU (P channel): 0.2878 (0.2472)  iter-time: 0.6674
[13:58:46.557131] Epoch: [29]  [26/27]  eta: 0:00:00  loss: 0.0835 (0.2150)  IoU (F channel): 0.3982 (0.3502)  L1 (Dc channel): 0.0005 (0.0006)  L1 (Dn channel): 0.0007 (0.0010)  IoU (P channel): 0.2798 (0.2514)  iter-time: 0.4730
[13:58:46.557233] Epoch: [29] Total time: 0:00:19 (0.7348 s / it)
[13:58:46.557255] [Val] averaged stats: loss: 0.0835 (0.2150)  IoU (F channel): 0.3982 (0.3502)  L1 (Dc channel): 0.0005 (0.0006)  L1 (Dn channel): 0.0007 (0.0010)  IoU (P channel): 0.2798 (0.2514)
[13:58:46.557431] [Val] best loss: 0.1590 best  IoU (F channel): 0.2385 L1 (Dc channel): 0.0011 L1 (Dn channel): 0.0012 IoU (P channel): 0.1855 
EarlyStopping counter: 4 out of 10
[13:58:46.566797] [Time] 8.0m 3.9h/8.2h

[13:58:46.566818] ~~~ Epoch 30/60 ~~~

[13:58:51.878692] Epoch: [30]  [  0/491]  eta: 0:43:26  loss: 0.0664 (0.0664)  IoU (F channel): 0.5321 (0.5321)  L1 (Dc channel): 0.0005 (0.0005)  L1 (Dn channel): 0.0006 (0.0006)  IoU (P channel): 0.3783 (0.3783)  lr: 0.000840  iter-time: 5.3092
[13:59:01.951502] Epoch: [30]  [ 10/491]  eta: 0:11:12  loss: 0.0664 (0.0705)  IoU (F channel): 0.4433 (0.4461)  L1 (Dc channel): 0.0008 (0.0008)  L1 (Dn channel): 0.0010 (0.0010)  IoU (P channel): 0.3320 (0.3256)  lr: 0.000839  iter-time: 1.3983
[13:59:11.116743] Epoch: [30]  [ 20/491]  eta: 0:09:10  loss: 0.0740 (0.0742)  IoU (F channel): 0.4341 (0.4405)  L1 (Dc channel): 0.0008 (0.0008)  L1 (Dn channel): 0.0010 (0.0010)  IoU (P channel): 0.3101 (0.3140)  lr: 0.000839  iter-time: 0.9618
[13:59:20.289086] Epoch: [30]  [ 30/491]  eta: 0:08:21  loss: 0.0611 (0.0709)  IoU (F channel): 0.4086 (0.4312)  L1 (Dc channel): 0.0007 (0.0008)  L1 (Dn channel): 0.0009 (0.0010)  IoU (P channel): 0.3137 (0.3170)  lr: 0.000838  iter-time: 0.9168
[13:59:29.452838] Epoch: [30]  [ 40/491]  eta: 0:07:51  loss: 0.0539 (0.0699)  IoU (F channel): 0.4343 (0.4497)  L1 (Dc channel): 0.0007 (0.0008)  L1 (Dn channel): 0.0009 (0.0010)  IoU (P channel): 0.3457 (0.3264)  lr: 0.000838  iter-time: 0.9167
[13:59:38.751974] Epoch: [30]  [ 50/491]  eta: 0:07:31  loss: 0.0706 (0.0690)  IoU (F channel): 0.4351 (0.4447)  L1 (Dc channel): 0.0007 (0.0008)  L1 (Dn channel): 0.0009 (0.0010)  IoU (P channel): 0.3457 (0.3242)  lr: 0.000837  iter-time: 0.9230
[13:59:47.916059] Epoch: [30]  [ 60/491]  eta: 0:07:13  loss: 0.0706 (0.0698)  IoU (F channel): 0.4135 (0.4400)  L1 (Dc channel): 0.0007 (0.0008)  L1 (Dn channel): 0.0008 (0.0010)  IoU (P channel): 0.2996 (0.3241)  lr: 0.000837  iter-time: 0.9231
[13:59:57.203729] Epoch: [30]  [ 70/491]  eta: 0:06:58  loss: 0.0715 (0.0706)  IoU (F channel): 0.4094 (0.4388)  L1 (Dc channel): 0.0008 (0.0008)  L1 (Dn channel): 0.0008 (0.0010)  IoU (P channel): 0.3295 (0.3240)  lr: 0.000836  iter-time: 0.9225
[14:00:06.509417] Epoch: [30]  [ 80/491]  eta: 0:06:45  loss: 0.0703 (0.0703)  IoU (F channel): 0.4297 (0.4386)  L1 (Dc channel): 0.0008 (0.0008)  L1 (Dn channel): 0.0009 (0.0010)  IoU (P channel): 0.3341 (0.3221)  lr: 0.000835  iter-time: 0.9295
[14:00:15.673232] Epoch: [30]  [ 90/491]  eta: 0:06:32  loss: 0.0678 (0.0706)  IoU (F channel): 0.4371 (0.4409)  L1 (Dc channel): 0.0008 (0.0008)  L1 (Dn channel): 0.0011 (0.0010)  IoU (P channel): 0.3374 (0.3249)  lr: 0.000835  iter-time: 0.9233
[14:00:24.837042] Epoch: [30]  [100/491]  eta: 0:06:20  loss: 0.0678 (0.0713)  IoU (F channel): 0.4452 (0.4389)  L1 (Dc channel): 0.0007 (0.0008)  L1 (Dn channel): 0.0011 (0.0011)  IoU (P channel): 0.3402 (0.3249)  lr: 0.000834  iter-time: 0.9163
[14:00:34.139973] Epoch: [30]  [110/491]  eta: 0:06:09  loss: 0.0614 (0.0716)  IoU (F channel): 0.3840 (0.4347)  L1 (Dc channel): 0.0008 (0.0008)  L1 (Dn channel): 0.0009 (0.0011)  IoU (P channel): 0.3137 (0.3232)  lr: 0.000834  iter-time: 0.9232
[14:00:43.313313] Epoch: [30]  [120/491]  eta: 0:05:57  loss: 0.0548 (0.0711)  IoU (F channel): 0.4132 (0.4366)  L1 (Dc channel): 0.0008 (0.0008)  L1 (Dn channel): 0.0009 (0.0011)  IoU (P channel): 0.3115 (0.3246)  lr: 0.000833  iter-time: 0.9237
[14:00:52.577476] Epoch: [30]  [130/491]  eta: 0:05:47  loss: 0.0571 (0.0701)  IoU (F channel): 0.4427 (0.4369)  L1 (Dc channel): 0.0007 (0.0008)  L1 (Dn channel): 0.0008 (0.0010)  IoU (P channel): 0.3401 (0.3253)  lr: 0.000833  iter-time: 0.9218
[14:01:01.742766] Epoch: [30]  [140/491]  eta: 0:05:36  loss: 0.0547 (0.0690)  IoU (F channel): 0.4518 (0.4401)  L1 (Dc channel): 0.0007 (0.0008)  L1 (Dn channel): 0.0007 (0.0010)  IoU (P channel): 0.3306 (0.3250)  lr: 0.000832  iter-time: 0.9214
[14:01:10.905148] Epoch: [30]  [150/491]  eta: 0:05:25  loss: 0.0565 (0.0685)  IoU (F channel): 0.4407 (0.4413)  L1 (Dc channel): 0.0007 (0.0008)  L1 (Dn channel): 0.0009 (0.0010)  IoU (P channel): 0.2958 (0.3243)  lr: 0.000832  iter-time: 0.9163
[14:01:20.077736] Epoch: [30]  [160/491]  eta: 0:05:15  loss: 0.0627 (0.0682)  IoU (F channel): 0.4031 (0.4369)  L1 (Dc channel): 0.0007 (0.0008)  L1 (Dn channel): 0.0009 (0.0010)  IoU (P channel): 0.2948 (0.3225)  lr: 0.000831  iter-time: 0.9167
[14:01:29.406442] Epoch: [30]  [170/491]  eta: 0:05:05  loss: 0.0633 (0.0685)  IoU (F channel): 0.3815 (0.4371)  L1 (Dc channel): 0.0007 (0.0008)  L1 (Dn channel): 0.0008 (0.0010)  IoU (P channel): 0.2969 (0.3241)  lr: 0.000830  iter-time: 0.9250
[14:01:38.645062] Epoch: [30]  [180/491]  eta: 0:04:55  loss: 0.0786 (0.0696)  IoU (F channel): 0.4138 (0.4351)  L1 (Dc channel): 0.0007 (0.0008)  L1 (Dn channel): 0.0008 (0.0010)  IoU (P channel): 0.3360 (0.3233)  lr: 0.000830  iter-time: 0.9282
[14:01:48.146808] Epoch: [30]  [190/491]  eta: 0:04:46  loss: 0.0771 (0.0697)  IoU (F channel): 0.4093 (0.4365)  L1 (Dc channel): 0.0007 (0.0008)  L1 (Dn channel): 0.0007 (0.0010)  IoU (P channel): 0.3360 (0.3243)  lr: 0.000829  iter-time: 0.9369
[14:01:57.398964] Epoch: [30]  [200/491]  eta: 0:04:36  loss: 0.0778 (0.0717)  IoU (F channel): 0.3719 (0.4333)  L1 (Dc channel): 0.0008 (0.0008)  L1 (Dn channel): 0.0009 (0.0010)  IoU (P channel): 0.2829 (0.3212)  lr: 0.000829  iter-time: 0.9376
[14:02:06.675710] Epoch: [30]  [210/491]  eta: 0:04:26  loss: 0.0847 (0.0728)  IoU (F channel): 0.3719 (0.4309)  L1 (Dc channel): 0.0008 (0.0008)  L1 (Dn channel): 0.0009 (0.0010)  IoU (P channel): 0.2657 (0.3196)  lr: 0.000828  iter-time: 0.9263
[14:02:15.836099] Epoch: [30]  [220/491]  eta: 0:04:16  loss: 0.0775 (0.0729)  IoU (F channel): 0.4005 (0.4326)  L1 (Dc channel): 0.0007 (0.0008)  L1 (Dn channel): 0.0007 (0.0010)  IoU (P channel): 0.2876 (0.3195)  lr: 0.000827  iter-time: 0.9217
[14:02:24.996249] Epoch: [30]  [230/491]  eta: 0:04:06  loss: 0.0538 (0.0720)  IoU (F channel): 0.4348 (0.4322)  L1 (Dc channel): 0.0007 (0.0008)  L1 (Dn channel): 0.0007 (0.0010)  IoU (P channel): 0.2832 (0.3178)  lr: 0.000827  iter-time: 0.9159
[14:02:34.155447] Epoch: [30]  [240/491]  eta: 0:03:57  loss: 0.0531 (0.0720)  IoU (F channel): 0.4141 (0.4316)  L1 (Dc channel): 0.0007 (0.0008)  L1 (Dn channel): 0.0008 (0.0010)  IoU (P channel): 0.3035 (0.3176)  lr: 0.000826  iter-time: 0.9159
[14:02:43.335349] Epoch: [30]  [250/491]  eta: 0:03:47  loss: 0.0800 (0.0722)  IoU (F channel): 0.4248 (0.4308)  L1 (Dc channel): 0.0007 (0.0008)  L1 (Dn channel): 0.0007 (0.0010)  IoU (P channel): 0.3226 (0.3175)  lr: 0.000826  iter-time: 0.9169
[14:02:52.493187] Epoch: [30]  [260/491]  eta: 0:03:37  loss: 0.0772 (0.0722)  IoU (F channel): 0.4216 (0.4294)  L1 (Dc channel): 0.0008 (0.0008)  L1 (Dn channel): 0.0006 (0.0010)  IoU (P channel): 0.3210 (0.3171)  lr: 0.000825  iter-time: 0.9168
[14:03:01.651409] Epoch: [30]  [270/491]  eta: 0:03:27  loss: 0.0741 (0.0724)  IoU (F channel): 0.4091 (0.4294)  L1 (Dc channel): 0.0008 (0.0008)  L1 (Dn channel): 0.0007 (0.0010)  IoU (P channel): 0.3305 (0.3176)  lr: 0.000825  iter-time: 0.9157
[14:03:10.883640] Epoch: [30]  [280/491]  eta: 0:03:18  loss: 0.0549 (0.0723)  IoU (F channel): 0.4188 (0.4301)  L1 (Dc channel): 0.0008 (0.0008)  L1 (Dn channel): 0.0009 (0.0010)  IoU (P channel): 0.2990 (0.3173)  lr: 0.000824  iter-time: 0.9194
[14:03:20.310049] Epoch: [30]  [290/491]  eta: 0:03:09  loss: 0.0534 (0.0724)  IoU (F channel): 0.4188 (0.4301)  L1 (Dc channel): 0.0008 (0.0008)  L1 (Dn channel): 0.0009 (0.0010)  IoU (P channel): 0.2979 (0.3177)  lr: 0.000823  iter-time: 0.9328
[14:03:29.504434] Epoch: [30]  [300/491]  eta: 0:02:59  loss: 0.0753 (0.0728)  IoU (F channel): 0.4002 (0.4283)  L1 (Dc channel): 0.0008 (0.0008)  L1 (Dn channel): 0.0010 (0.0010)  IoU (P channel): 0.3443 (0.3174)  lr: 0.000823  iter-time: 0.9309
[14:03:38.663426] Epoch: [30]  [310/491]  eta: 0:02:49  loss: 0.0661 (0.0730)  IoU (F channel): 0.3999 (0.4276)  L1 (Dc channel): 0.0007 (0.0008)  L1 (Dn channel): 0.0009 (0.0010)  IoU (P channel): 0.3471 (0.3178)  lr: 0.000822  iter-time: 0.9176
[14:03:47.838924] Epoch: [30]  [320/491]  eta: 0:02:40  loss: 0.0561 (0.0725)  IoU (F channel): 0.3840 (0.4263)  L1 (Dc channel): 0.0007 (0.0008)  L1 (Dn channel): 0.0008 (0.0010)  IoU (P channel): 0.3477 (0.3174)  lr: 0.000822  iter-time: 0.9166
[14:03:57.107797] Epoch: [30]  [330/491]  eta: 0:02:31  loss: 0.0514 (0.0722)  IoU (F channel): 0.3840 (0.4263)  L1 (Dc channel): 0.0006 (0.0008)  L1 (Dn channel): 0.0009 (0.0010)  IoU (P channel): 0.3385 (0.3176)  lr: 0.000821  iter-time: 0.9221
[14:04:06.269835] Epoch: [30]  [340/491]  eta: 0:02:21  loss: 0.0510 (0.0721)  IoU (F channel): 0.4424 (0.4275)  L1 (Dc channel): 0.0007 (0.0008)  L1 (Dn channel): 0.0009 (0.0010)  IoU (P channel): 0.3457 (0.3189)  lr: 0.000821  iter-time: 0.9214
[14:04:15.433540] Epoch: [30]  [350/491]  eta: 0:02:12  loss: 0.0558 (0.0720)  IoU (F channel): 0.4324 (0.4277)  L1 (Dc channel): 0.0007 (0.0008)  L1 (Dn channel): 0.0008 (0.0010)  IoU (P channel): 0.3404 (0.3187)  lr: 0.000820  iter-time: 0.9162
[14:04:24.592571] Epoch: [30]  [360/491]  eta: 0:02:02  loss: 0.0645 (0.0721)  IoU (F channel): 0.4103 (0.4275)  L1 (Dc channel): 0.0007 (0.0008)  L1 (Dn channel): 0.0008 (0.0010)  IoU (P channel): 0.2929 (0.3183)  lr: 0.000819  iter-time: 0.9160
[14:04:33.753028] Epoch: [30]  [370/491]  eta: 0:01:53  loss: 0.0690 (0.0722)  IoU (F channel): 0.4436 (0.4282)  L1 (Dc channel): 0.0007 (0.0008)  L1 (Dn channel): 0.0009 (0.0010)  IoU (P channel): 0.3128 (0.3186)  lr: 0.000819  iter-time: 0.9159
[14:04:42.912782] Epoch: [30]  [380/491]  eta: 0:01:43  loss: 0.0653 (0.0721)  IoU (F channel): 0.4327 (0.4276)  L1 (Dc channel): 0.0007 (0.0008)  L1 (Dn channel): 0.0009 (0.0010)  IoU (P channel): 0.3128 (0.3183)  lr: 0.000818  iter-time: 0.9159
[14:04:52.080026] Epoch: [30]  [390/491]  eta: 0:01:34  loss: 0.0586 (0.0719)  IoU (F channel): 0.3808 (0.4260)  L1 (Dc channel): 0.0006 (0.0008)  L1 (Dn channel): 0.0008 (0.0010)  IoU (P channel): 0.2984 (0.3174)  lr: 0.000818  iter-time: 0.9162
[14:05:01.524711] Epoch: [30]  [400/491]  eta: 0:01:25  loss: 0.0649 (0.0722)  IoU (F channel): 0.3181 (0.4252)  L1 (Dc channel): 0.0007 (0.0008)  L1 (Dn channel): 0.0007 (0.0010)  IoU (P channel): 0.2292 (0.3165)  lr: 0.000817  iter-time: 0.9305
[14:05:10.899903] Epoch: [30]  [410/491]  eta: 0:01:15  loss: 0.0716 (0.0726)  IoU (F channel): 0.4075 (0.4253)  L1 (Dc channel): 0.0007 (0.0008)  L1 (Dn channel): 0.0006 (0.0010)  IoU (P channel): 0.2741 (0.3162)  lr: 0.000816  iter-time: 0.9409
[14:05:20.115991] Epoch: [30]  [420/491]  eta: 0:01:06  loss: 0.0719 (0.0727)  IoU (F channel): 0.4236 (0.4254)  L1 (Dc channel): 0.0008 (0.0008)  L1 (Dn channel): 0.0007 (0.0010)  IoU (P channel): 0.3053 (0.3163)  lr: 0.000816  iter-time: 0.9295
[14:05:29.335272] Epoch: [30]  [430/491]  eta: 0:00:56  loss: 0.0641 (0.0728)  IoU (F channel): 0.4236 (0.4252)  L1 (Dc channel): 0.0008 (0.0008)  L1 (Dn channel): 0.0008 (0.0010)  IoU (P channel): 0.3206 (0.3160)  lr: 0.000815  iter-time: 0.9217
[14:05:38.496244] Epoch: [30]  [440/491]  eta: 0:00:47  loss: 0.0634 (0.0729)  IoU (F channel): 0.4151 (0.4253)  L1 (Dc channel): 0.0008 (0.0008)  L1 (Dn channel): 0.0008 (0.0010)  IoU (P channel): 0.3236 (0.3163)  lr: 0.000815  iter-time: 0.9189
[14:05:47.679122] Epoch: [30]  [450/491]  eta: 0:00:38  loss: 0.0523 (0.0726)  IoU (F channel): 0.4151 (0.4251)  L1 (Dc channel): 0.0007 (0.0008)  L1 (Dn channel): 0.0008 (0.0010)  IoU (P channel): 0.3027 (0.3153)  lr: 0.000814  iter-time: 0.9171
[14:05:56.839898] Epoch: [30]  [460/491]  eta: 0:00:28  loss: 0.0508 (0.0728)  IoU (F channel): 0.4305 (0.4252)  L1 (Dc channel): 0.0008 (0.0008)  L1 (Dn channel): 0.0009 (0.0010)  IoU (P channel): 0.3026 (0.3157)  lr: 0.000813  iter-time: 0.9171
[14:06:06.008037] Epoch: [30]  [470/491]  eta: 0:00:19  loss: 0.0674 (0.0730)  IoU (F channel): 0.4311 (0.4255)  L1 (Dc channel): 0.0008 (0.0008)  L1 (Dn channel): 0.0010 (0.0010)  IoU (P channel): 0.3151 (0.3159)  lr: 0.000813  iter-time: 0.9163
[14:06:15.171361] Epoch: [30]  [480/491]  eta: 0:00:10  loss: 0.0776 (0.0732)  IoU (F channel): 0.3939 (0.4250)  L1 (Dc channel): 0.0008 (0.0008)  L1 (Dn channel): 0.0009 (0.0010)  IoU (P channel): 0.2737 (0.3157)  lr: 0.000812  iter-time: 0.9165
[14:06:23.829841] Epoch: [30]  [490/491]  eta: 0:00:00  loss: 0.0636 (0.0732)  IoU (F channel): 0.4262 (0.4248)  L1 (Dc channel): 0.0007 (0.0008)  L1 (Dn channel): 0.0008 (0.0010)  IoU (P channel): 0.2834 (0.3157)  lr: 0.000812  iter-time: 0.8910
[14:06:23.829956] Epoch: [30] Total time: 0:07:37 (0.9313 s / it)
[14:06:23.829985] [Train] averaged stats: loss: 0.0636 (0.0732)  IoU (F channel): 0.4262 (0.4248)  L1 (Dc channel): 0.0007 (0.0008)  L1 (Dn channel): 0.0008 (0.0010)  IoU (P channel): 0.2834 (0.3157)  lr: 0.000812
[14:06:30.903990] Epoch: [30]  [ 0/27]  eta: 0:03:10  loss: 0.0082 (0.0082)  IoU (F channel): 0.0000 (0.0000)  L1 (Dc channel): 0.0005 (0.0005)  L1 (Dn channel): 0.0004 (0.0004)  IoU (P channel): 0.0000 (0.0000)  iter-time: 7.0726
[14:06:35.973814] Epoch: [30]  [10/27]  eta: 0:00:18  loss: 0.1416 (0.2374)  IoU (F channel): 0.4726 (0.3330)  L1 (Dc channel): 0.0006 (0.0007)  L1 (Dn channel): 0.0005 (0.0012)  IoU (P channel): 0.2983 (0.2332)  iter-time: 1.1038
[14:06:42.131078] Epoch: [30]  [20/27]  eta: 0:00:06  loss: 0.1052 (0.2090)  IoU (F channel): 0.4593 (0.3484)  L1 (Dc channel): 0.0006 (0.0008)  L1 (Dn channel): 0.0005 (0.0011)  IoU (P channel): 0.2983 (0.2467)  iter-time: 0.5613
[14:06:44.559280] Epoch: [30]  [26/27]  eta: 0:00:00  loss: 0.1128 (0.2256)  IoU (F channel): 0.4114 (0.3534)  L1 (Dc channel): 0.0007 (0.0008)  L1 (Dn channel): 0.0008 (0.0010)  IoU (P channel): 0.3042 (0.2533)  iter-time: 0.5345
[14:06:44.559375] Epoch: [30] Total time: 0:00:20 (0.7677 s / it)
[14:06:44.559399] [Val] averaged stats: loss: 0.1128 (0.2256)  IoU (F channel): 0.4114 (0.3534)  L1 (Dc channel): 0.0007 (0.0008)  L1 (Dn channel): 0.0008 (0.0010)  IoU (P channel): 0.3042 (0.2533)
[14:06:44.559568] [Val] best loss: 0.1590 best  IoU (F channel): 0.2385 L1 (Dc channel): 0.0011 L1 (Dn channel): 0.0012 IoU (P channel): 0.1855 
[14:06:44.569921] Creating training plots . . .
EarlyStopping counter: 5 out of 10
[14:06:51.189790] [Time] 8.1m 4.0h/8.2h

[14:06:51.189814] ~~~ Epoch 31/60 ~~~

[14:06:58.474621] Epoch: [31]  [  0/491]  eta: 0:59:36  loss: 0.1725 (0.1725)  IoU (F channel): 0.5034 (0.5034)  L1 (Dc channel): 0.0014 (0.0014)  L1 (Dn channel): 0.0020 (0.0020)  IoU (P channel): 0.3738 (0.3738)  lr: 0.000812  iter-time: 7.2833
[14:07:07.997243] Epoch: [31]  [ 10/491]  eta: 0:12:14  loss: 0.0717 (0.0803)  IoU (F channel): 0.4195 (0.3973)  L1 (Dc channel): 0.0007 (0.0008)  L1 (Dn channel): 0.0011 (0.0011)  IoU (P channel): 0.2659 (0.2870)  lr: 0.000811  iter-time: 1.5277
[14:07:17.158323] Epoch: [31]  [ 20/491]  eta: 0:09:42  loss: 0.0606 (0.0766)  IoU (F channel): 0.4195 (0.4251)  L1 (Dc channel): 0.0007 (0.0008)  L1 (Dn channel): 0.0008 (0.0011)  IoU (P channel): 0.3023 (0.3077)  lr: 0.000810  iter-time: 0.9341
[14:07:26.389706] Epoch: [31]  [ 30/491]  eta: 0:08:43  loss: 0.0610 (0.0748)  IoU (F channel): 0.4625 (0.4418)  L1 (Dc channel): 0.0007 (0.0007)  L1 (Dn channel): 0.0008 (0.0011)  IoU (P channel): 0.3381 (0.3235)  lr: 0.000810  iter-time: 0.9195
[14:07:35.567642] Epoch: [31]  [ 40/491]  eta: 0:08:08  loss: 0.0606 (0.0721)  IoU (F channel): 0.4439 (0.4373)  L1 (Dc channel): 0.0007 (0.0007)  L1 (Dn channel): 0.0010 (0.0011)  IoU (P channel): 0.3429 (0.3232)  lr: 0.000809  iter-time: 0.9204
[14:07:44.800825] Epoch: [31]  [ 50/491]  eta: 0:07:43  loss: 0.0598 (0.0708)  IoU (F channel): 0.4291 (0.4362)  L1 (Dc channel): 0.0007 (0.0007)  L1 (Dn channel): 0.0008 (0.0010)  IoU (P channel): 0.3365 (0.3260)  lr: 0.000809  iter-time: 0.9204
[14:07:53.963645] Epoch: [31]  [ 60/491]  eta: 0:07:23  loss: 0.0690 (0.0729)  IoU (F channel): 0.4275 (0.4431)  L1 (Dc channel): 0.0007 (0.0008)  L1 (Dn channel): 0.0009 (0.0011)  IoU (P channel): 0.3504 (0.3325)  lr: 0.000808  iter-time: 0.9197
[14:08:03.127424] Epoch: [31]  [ 70/491]  eta: 0:07:06  loss: 0.0775 (0.0748)  IoU (F channel): 0.4215 (0.4409)  L1 (Dc channel): 0.0008 (0.0008)  L1 (Dn channel): 0.0009 (0.0011)  IoU (P channel): 0.3508 (0.3320)  lr: 0.000807  iter-time: 0.9162
[14:08:12.323067] Epoch: [31]  [ 80/491]  eta: 0:06:51  loss: 0.0555 (0.0720)  IoU (F channel): 0.4215 (0.4449)  L1 (Dc channel): 0.0007 (0.0008)  L1 (Dn channel): 0.0007 (0.0011)  IoU (P channel): 0.3300 (0.3335)  lr: 0.000807  iter-time: 0.9178
[14:08:21.574914] Epoch: [31]  [ 90/491]  eta: 0:06:38  loss: 0.0543 (0.0706)  IoU (F channel): 0.4220 (0.4357)  L1 (Dc channel): 0.0006 (0.0007)  L1 (Dn channel): 0.0007 (0.0011)  IoU (P channel): 0.3222 (0.3287)  lr: 0.000806  iter-time: 0.9222
[14:08:30.739876] Epoch: [31]  [100/491]  eta: 0:06:25  loss: 0.0496 (0.0691)  IoU (F channel): 0.4030 (0.4359)  L1 (Dc channel): 0.0006 (0.0007)  L1 (Dn channel): 0.0007 (0.0010)  IoU (P channel): 0.3214 (0.3293)  lr: 0.000806  iter-time: 0.9207
[14:08:39.905564] Epoch: [31]  [110/491]  eta: 0:06:13  loss: 0.0502 (0.0682)  IoU (F channel): 0.4201 (0.4360)  L1 (Dc channel): 0.0007 (0.0007)  L1 (Dn channel): 0.0008 (0.0010)  IoU (P channel): 0.3231 (0.3289)  lr: 0.000805  iter-time: 0.9164
[14:08:49.073065] Epoch: [31]  [120/491]  eta: 0:06:01  loss: 0.0527 (0.0668)  IoU (F channel): 0.4258 (0.4375)  L1 (Dc channel): 0.0007 (0.0007)  L1 (Dn channel): 0.0008 (0.0010)  IoU (P channel): 0.3231 (0.3284)  lr: 0.000804  iter-time: 0.9166
[14:08:58.380586] Epoch: [31]  [130/491]  eta: 0:05:50  loss: 0.0527 (0.0664)  IoU (F channel): 0.4258 (0.4388)  L1 (Dc channel): 0.0007 (0.0007)  L1 (Dn channel): 0.0007 (0.0010)  IoU (P channel): 0.3071 (0.3273)  lr: 0.000804  iter-time: 0.9236
[14:09:07.564469] Epoch: [31]  [140/491]  eta: 0:05:39  loss: 0.0649 (0.0672)  IoU (F channel): 0.4223 (0.4392)  L1 (Dc channel): 0.0007 (0.0007)  L1 (Dn channel): 0.0009 (0.0010)  IoU (P channel): 0.3231 (0.3290)  lr: 0.000803  iter-time: 0.9244
[14:09:16.729717] Epoch: [31]  [150/491]  eta: 0:05:28  loss: 0.0609 (0.0667)  IoU (F channel): 0.4223 (0.4377)  L1 (Dc channel): 0.0006 (0.0007)  L1 (Dn channel): 0.0008 (0.0010)  IoU (P channel): 0.3231 (0.3279)  lr: 0.000803  iter-time: 0.9173
[14:09:25.889185] Epoch: [31]  [160/491]  eta: 0:05:18  loss: 0.0549 (0.0672)  IoU (F channel): 0.4051 (0.4365)  L1 (Dc channel): 0.0005 (0.0007)  L1 (Dn channel): 0.0007 (0.0010)  IoU (P channel): 0.3016 (0.3274)  lr: 0.000802  iter-time: 0.9161
[14:09:35.053216] Epoch: [31]  [170/491]  eta: 0:05:07  loss: 0.0508 (0.0659)  IoU (F channel): 0.4051 (0.4363)  L1 (Dc channel): 0.0005 (0.0007)  L1 (Dn channel): 0.0007 (0.0010)  IoU (P channel): 0.3264 (0.3286)  lr: 0.000801  iter-time: 0.9161
[14:09:44.319759] Epoch: [31]  [180/491]  eta: 0:04:57  loss: 0.0411 (0.0649)  IoU (F channel): 0.4182 (0.4360)  L1 (Dc channel): 0.0004 (0.0007)  L1 (Dn channel): 0.0007 (0.0010)  IoU (P channel): 0.3402 (0.3286)  lr: 0.000801  iter-time: 0.9214
[14:09:53.560705] Epoch: [31]  [190/491]  eta: 0:04:47  loss: 0.0435 (0.0647)  IoU (F channel): 0.4319 (0.4371)  L1 (Dc channel): 0.0005 (0.0007)  L1 (Dn channel): 0.0008 (0.0010)  IoU (P channel): 0.3379 (0.3296)  lr: 0.000800  iter-time: 0.9253
[14:10:02.882835] Epoch: [31]  [200/491]  eta: 0:04:37  loss: 0.0583 (0.0644)  IoU (F channel): 0.4358 (0.4395)  L1 (Dc channel): 0.0007 (0.0007)  L1 (Dn channel): 0.0008 (0.0010)  IoU (P channel): 0.3323 (0.3295)  lr: 0.000800  iter-time: 0.9281
[14:10:12.052877] Epoch: [31]  [210/491]  eta: 0:04:27  loss: 0.0635 (0.0651)  IoU (F channel): 0.4694 (0.4404)  L1 (Dc channel): 0.0008 (0.0007)  L1 (Dn channel): 0.0009 (0.0010)  IoU (P channel): 0.3276 (0.3305)  lr: 0.000799  iter-time: 0.9245
[14:10:21.266603] Epoch: [31]  [220/491]  eta: 0:04:17  loss: 0.0572 (0.0645)  IoU (F channel): 0.4506 (0.4403)  L1 (Dc channel): 0.0007 (0.0007)  L1 (Dn channel): 0.0010 (0.0010)  IoU (P channel): 0.3684 (0.3317)  lr: 0.000798  iter-time: 0.9191
[14:10:30.421488] Epoch: [31]  [230/491]  eta: 0:04:07  loss: 0.0572 (0.0643)  IoU (F channel): 0.4272 (0.4400)  L1 (Dc channel): 0.0007 (0.0007)  L1 (Dn channel): 0.0008 (0.0010)  IoU (P channel): 0.3597 (0.3317)  lr: 0.000798  iter-time: 0.9183
[14:10:39.580020] Epoch: [31]  [240/491]  eta: 0:03:57  loss: 0.0684 (0.0645)  IoU (F channel): 0.4453 (0.4407)  L1 (Dc channel): 0.0007 (0.0007)  L1 (Dn channel): 0.0010 (0.0010)  IoU (P channel): 0.3302 (0.3318)  lr: 0.000797  iter-time: 0.9156
[14:10:48.737725] Epoch: [31]  [250/491]  eta: 0:03:48  loss: 0.0654 (0.0640)  IoU (F channel): 0.4634 (0.4418)  L1 (Dc channel): 0.0007 (0.0007)  L1 (Dn channel): 0.0009 (0.0010)  IoU (P channel): 0.3296 (0.3308)  lr: 0.000797  iter-time: 0.9157
[14:10:57.896231] Epoch: [31]  [260/491]  eta: 0:03:38  loss: 0.0441 (0.0637)  IoU (F channel): 0.4577 (0.4412)  L1 (Dc channel): 0.0006 (0.0007)  L1 (Dn channel): 0.0007 (0.0010)  IoU (P channel): 0.3296 (0.3313)  lr: 0.000796  iter-time: 0.9157
[14:11:07.056608] Epoch: [31]  [270/491]  eta: 0:03:28  loss: 0.0547 (0.0637)  IoU (F channel): 0.4656 (0.4425)  L1 (Dc channel): 0.0007 (0.0007)  L1 (Dn channel): 0.0009 (0.0010)  IoU (P channel): 0.3415 (0.3323)  lr: 0.000795  iter-time: 0.9158
[14:11:16.215084] Epoch: [31]  [280/491]  eta: 0:03:18  loss: 0.0590 (0.0641)  IoU (F channel): 0.4649 (0.4431)  L1 (Dc channel): 0.0007 (0.0007)  L1 (Dn channel): 0.0008 (0.0010)  IoU (P channel): 0.3302 (0.3323)  lr: 0.000795  iter-time: 0.9158
[14:11:25.372560] Epoch: [31]  [290/491]  eta: 0:03:09  loss: 0.0500 (0.0640)  IoU (F channel): 0.4596 (0.4430)  L1 (Dc channel): 0.0006 (0.0007)  L1 (Dn channel): 0.0007 (0.0010)  IoU (P channel): 0.3242 (0.3322)  lr: 0.000794  iter-time: 0.9157
[14:11:34.672108] Epoch: [31]  [300/491]  eta: 0:02:59  loss: 0.0498 (0.0644)  IoU (F channel): 0.4600 (0.4436)  L1 (Dc channel): 0.0006 (0.0007)  L1 (Dn channel): 0.0008 (0.0010)  IoU (P channel): 0.3275 (0.3321)  lr: 0.000793  iter-time: 0.9227
[14:11:43.988712] Epoch: [31]  [310/491]  eta: 0:02:50  loss: 0.0793 (0.0652)  IoU (F channel): 0.4682 (0.4452)  L1 (Dc channel): 0.0007 (0.0007)  L1 (Dn channel): 0.0010 (0.0010)  IoU (P channel): 0.3442 (0.3333)  lr: 0.000793  iter-time: 0.9307
[14:11:53.145955] Epoch: [31]  [320/491]  eta: 0:02:40  loss: 0.0756 (0.0654)  IoU (F channel): 0.4951 (0.4465)  L1 (Dc channel): 0.0008 (0.0007)  L1 (Dn channel): 0.0010 (0.0010)  IoU (P channel): 0.3463 (0.3336)  lr: 0.000792  iter-time: 0.9236
[14:12:02.348088] Epoch: [31]  [330/491]  eta: 0:02:31  loss: 0.0592 (0.0653)  IoU (F channel): 0.4503 (0.4470)  L1 (Dc channel): 0.0007 (0.0007)  L1 (Dn channel): 0.0009 (0.0010)  IoU (P channel): 0.3455 (0.3341)  lr: 0.000792  iter-time: 0.9179
[14:12:11.535261] Epoch: [31]  [340/491]  eta: 0:02:21  loss: 0.0490 (0.0647)  IoU (F channel): 0.4356 (0.4462)  L1 (Dc channel): 0.0007 (0.0007)  L1 (Dn channel): 0.0007 (0.0010)  IoU (P channel): 0.3225 (0.3332)  lr: 0.000791  iter-time: 0.9194
[14:12:20.774910] Epoch: [31]  [350/491]  eta: 0:02:12  loss: 0.0427 (0.0647)  IoU (F channel): 0.4252 (0.4460)  L1 (Dc channel): 0.0007 (0.0007)  L1 (Dn channel): 0.0007 (0.0010)  IoU (P channel): 0.3225 (0.3330)  lr: 0.000790  iter-time: 0.9212
[14:12:30.091456] Epoch: [31]  [360/491]  eta: 0:02:02  loss: 0.0552 (0.0644)  IoU (F channel): 0.4261 (0.4463)  L1 (Dc channel): 0.0006 (0.0007)  L1 (Dn channel): 0.0007 (0.0010)  IoU (P channel): 0.3254 (0.3328)  lr: 0.000790  iter-time: 0.9277
[14:12:39.254781] Epoch: [31]  [370/491]  eta: 0:01:53  loss: 0.0507 (0.0642)  IoU (F channel): 0.4400 (0.4472)  L1 (Dc channel): 0.0006 (0.0007)  L1 (Dn channel): 0.0007 (0.0010)  IoU (P channel): 0.3329 (0.3331)  lr: 0.000789  iter-time: 0.9239
[14:12:48.622602] Epoch: [31]  [380/491]  eta: 0:01:44  loss: 0.0685 (0.0646)  IoU (F channel): 0.4405 (0.4475)  L1 (Dc channel): 0.0007 (0.0007)  L1 (Dn channel): 0.0009 (0.0010)  IoU (P channel): 0.3360 (0.3334)  lr: 0.000788  iter-time: 0.9264
[14:12:57.857219] Epoch: [31]  [390/491]  eta: 0:01:34  loss: 0.0659 (0.0643)  IoU (F channel): 0.5076 (0.4493)  L1 (Dc channel): 0.0007 (0.0007)  L1 (Dn channel): 0.0008 (0.0010)  IoU (P channel): 0.3604 (0.3341)  lr: 0.000788  iter-time: 0.9300
[14:13:07.053042] Epoch: [31]  [400/491]  eta: 0:01:25  loss: 0.0460 (0.0641)  IoU (F channel): 0.4626 (0.4487)  L1 (Dc channel): 0.0006 (0.0007)  L1 (Dn channel): 0.0007 (0.0010)  IoU (P channel): 0.3386 (0.3337)  lr: 0.000787  iter-time: 0.9214
[14:13:16.399689] Epoch: [31]  [410/491]  eta: 0:01:15  loss: 0.0459 (0.0638)  IoU (F channel): 0.4214 (0.4480)  L1 (Dc channel): 0.0006 (0.0007)  L1 (Dn channel): 0.0007 (0.0010)  IoU (P channel): 0.2937 (0.3330)  lr: 0.000787  iter-time: 0.9270
[14:13:25.560390] Epoch: [31]  [420/491]  eta: 0:01:06  loss: 0.0508 (0.0643)  IoU (F channel): 0.4233 (0.4471)  L1 (Dc channel): 0.0006 (0.0007)  L1 (Dn channel): 0.0008 (0.0010)  IoU (P channel): 0.3156 (0.3328)  lr: 0.000786  iter-time: 0.9252
[14:13:34.717741] Epoch: [31]  [430/491]  eta: 0:00:57  loss: 0.0710 (0.0650)  IoU (F channel): 0.4233 (0.4467)  L1 (Dc channel): 0.0007 (0.0007)  L1 (Dn channel): 0.0008 (0.0010)  IoU (P channel): 0.3030 (0.3318)  lr: 0.000785  iter-time: 0.9158
[14:13:43.910666] Epoch: [31]  [440/491]  eta: 0:00:47  loss: 0.1138 (0.0663)  IoU (F channel): 0.4393 (0.4468)  L1 (Dc channel): 0.0008 (0.0007)  L1 (Dn channel): 0.0009 (0.0010)  IoU (P channel): 0.3030 (0.3309)  lr: 0.000785  iter-time: 0.9174
[14:13:53.087278] Epoch: [31]  [450/491]  eta: 0:00:38  loss: 0.1021 (0.0668)  IoU (F channel): 0.3520 (0.4445)  L1 (Dc channel): 0.0007 (0.0007)  L1 (Dn channel): 0.0008 (0.0010)  IoU (P channel): 0.2741 (0.3292)  lr: 0.000784  iter-time: 0.9184
[14:14:02.344957] Epoch: [31]  [460/491]  eta: 0:00:28  loss: 0.0762 (0.0669)  IoU (F channel): 0.4067 (0.4455)  L1 (Dc channel): 0.0006 (0.0007)  L1 (Dn channel): 0.0008 (0.0010)  IoU (P channel): 0.2902 (0.3293)  lr: 0.000783  iter-time: 0.9216
[14:14:11.501909] Epoch: [31]  [470/491]  eta: 0:00:19  loss: 0.0546 (0.0669)  IoU (F channel): 0.4403 (0.4450)  L1 (Dc channel): 0.0006 (0.0007)  L1 (Dn channel): 0.0007 (0.0010)  IoU (P channel): 0.3233 (0.3291)  lr: 0.000783  iter-time: 0.9206
[14:14:20.655300] Epoch: [31]  [480/491]  eta: 0:00:10  loss: 0.0619 (0.0673)  IoU (F channel): 0.4117 (0.4448)  L1 (Dc channel): 0.0006 (0.0007)  L1 (Dn channel): 0.0010 (0.0010)  IoU (P channel): 0.3180 (0.3289)  lr: 0.000782  iter-time: 0.9154
[14:14:29.322675] Epoch: [31]  [490/491]  eta: 0:00:00  loss: 0.0772 (0.0676)  IoU (F channel): 0.4115 (0.4444)  L1 (Dc channel): 0.0006 (0.0007)  L1 (Dn channel): 0.0010 (0.0010)  IoU (P channel): 0.2928 (0.3283)  lr: 0.000782  iter-time: 0.8909
[14:14:29.322791] Epoch: [31] Total time: 0:07:38 (0.9331 s / it)
[14:14:29.322828] [Train] averaged stats: loss: 0.0772 (0.0676)  IoU (F channel): 0.4115 (0.4444)  L1 (Dc channel): 0.0006 (0.0007)  L1 (Dn channel): 0.0010 (0.0010)  IoU (P channel): 0.2928 (0.3283)  lr: 0.000782
[14:14:37.517523] Epoch: [31]  [ 0/27]  eta: 0:03:41  loss: 0.0129 (0.0129)  IoU (F channel): 0.0000 (0.0000)  L1 (Dc channel): 0.0003 (0.0003)  L1 (Dn channel): 0.0006 (0.0006)  IoU (P channel): 0.0000 (0.0000)  iter-time: 8.1934
[14:14:42.242023] Epoch: [31]  [10/27]  eta: 0:00:19  loss: 0.0852 (0.1896)  IoU (F channel): 0.4727 (0.3369)  L1 (Dc channel): 0.0004 (0.0005)  L1 (Dn channel): 0.0007 (0.0014)  IoU (P channel): 0.2930 (0.2382)  iter-time: 1.1743
[14:14:47.441784] Epoch: [31]  [20/27]  eta: 0:00:06  loss: 0.0852 (0.1768)  IoU (F channel): 0.4727 (0.3541)  L1 (Dc channel): 0.0004 (0.0005)  L1 (Dn channel): 0.0007 (0.0013)  IoU (P channel): 0.3130 (0.2485)  iter-time: 0.4962
[14:14:50.612594] Epoch: [31]  [26/27]  eta: 0:00:00  loss: 0.0884 (0.1686)  IoU (F channel): 0.4100 (0.3562)  L1 (Dc channel): 0.0004 (0.0005)  L1 (Dn channel): 0.0009 (0.0012)  IoU (P channel): 0.2859 (0.2514)  iter-time: 0.5663
[14:14:50.612764] Epoch: [31] Total time: 0:00:21 (0.7885 s / it)
[14:14:50.612798] [Val] averaged stats: loss: 0.0884 (0.1686)  IoU (F channel): 0.4100 (0.3562)  L1 (Dc channel): 0.0004 (0.0005)  L1 (Dn channel): 0.0009 (0.0012)  IoU (P channel): 0.2859 (0.2514)
[14:14:50.612993] [Val] best loss: 0.1590 best  IoU (F channel): 0.2385 L1 (Dc channel): 0.0011 L1 (Dn channel): 0.0012 IoU (P channel): 0.1855 
EarlyStopping counter: 6 out of 10
[14:14:50.624636] [Time] 8.0m 4.2h/8.2h

[14:14:50.624668] ~~~ Epoch 32/60 ~~~

[14:14:56.588031] Epoch: [32]  [  0/491]  eta: 0:48:46  loss: 0.1246 (0.1246)  IoU (F channel): 0.6301 (0.6301)  L1 (Dc channel): 0.0010 (0.0010)  L1 (Dn channel): 0.0028 (0.0028)  IoU (P channel): 0.4388 (0.4388)  lr: 0.000782  iter-time: 5.9608
[14:15:06.080971] Epoch: [32]  [ 10/491]  eta: 0:11:15  loss: 0.0850 (0.0908)  IoU (F channel): 0.4671 (0.4608)  L1 (Dc channel): 0.0008 (0.0007)  L1 (Dn channel): 0.0009 (0.0012)  IoU (P channel): 0.3271 (0.3406)  lr: 0.000781  iter-time: 1.4048
[14:15:15.253012] Epoch: [32]  [ 20/491]  eta: 0:09:12  loss: 0.0551 (0.0743)  IoU (F channel): 0.3992 (0.4214)  L1 (Dc channel): 0.0007 (0.0007)  L1 (Dn channel): 0.0007 (0.0010)  IoU (P channel): 0.3149 (0.3131)  lr: 0.000780  iter-time: 0.9332
[14:15:24.410346] Epoch: [32]  [ 30/491]  eta: 0:08:22  loss: 0.0489 (0.0703)  IoU (F channel): 0.4211 (0.4319)  L1 (Dc channel): 0.0007 (0.0007)  L1 (Dn channel): 0.0009 (0.0010)  IoU (P channel): 0.3099 (0.3210)  lr: 0.000780  iter-time: 0.9163
[14:15:33.564981] Epoch: [32]  [ 40/491]  eta: 0:07:52  loss: 0.0756 (0.0727)  IoU (F channel): 0.4211 (0.4319)  L1 (Dc channel): 0.0007 (0.0007)  L1 (Dn channel): 0.0010 (0.0010)  IoU (P channel): 0.3357 (0.3282)  lr: 0.000779  iter-time: 0.9155
[14:15:42.724464] Epoch: [32]  [ 50/491]  eta: 0:07:30  loss: 0.0691 (0.0704)  IoU (F channel): 0.4012 (0.4255)  L1 (Dc channel): 0.0007 (0.0007)  L1 (Dn channel): 0.0010 (0.0010)  IoU (P channel): 0.3242 (0.3235)  lr: 0.000778  iter-time: 0.9156
[14:15:51.915478] Epoch: [32]  [ 60/491]  eta: 0:07:12  loss: 0.0539 (0.0698)  IoU (F channel): 0.4174 (0.4331)  L1 (Dc channel): 0.0007 (0.0007)  L1 (Dn channel): 0.0008 (0.0010)  IoU (P channel): 0.3242 (0.3264)  lr: 0.000778  iter-time: 0.9174
[14:16:01.080992] Epoch: [32]  [ 70/491]  eta: 0:06:57  loss: 0.0575 (0.0694)  IoU (F channel): 0.4541 (0.4346)  L1 (Dc channel): 0.0007 (0.0007)  L1 (Dn channel): 0.0009 (0.0010)  IoU (P channel): 0.3335 (0.3248)  lr: 0.000777  iter-time: 0.9177
[14:16:10.237205] Epoch: [32]  [ 80/491]  eta: 0:06:43  loss: 0.0575 (0.0683)  IoU (F channel): 0.4615 (0.4431)  L1 (Dc channel): 0.0007 (0.0007)  L1 (Dn channel): 0.0009 (0.0010)  IoU (P channel): 0.3359 (0.3288)  lr: 0.000776  iter-time: 0.9159
[14:16:19.441046] Epoch: [32]  [ 90/491]  eta: 0:06:31  loss: 0.0636 (0.0670)  IoU (F channel): 0.4653 (0.4406)  L1 (Dc channel): 0.0007 (0.0007)  L1 (Dn channel): 0.0008 (0.0010)  IoU (P channel): 0.3429 (0.3291)  lr: 0.000776  iter-time: 0.9179
[14:16:28.782021] Epoch: [32]  [100/491]  eta: 0:06:19  loss: 0.0621 (0.0664)  IoU (F channel): 0.4313 (0.4427)  L1 (Dc channel): 0.0007 (0.0007)  L1 (Dn channel): 0.0008 (0.0010)  IoU (P channel): 0.3318 (0.3303)  lr: 0.000775  iter-time: 0.9271
[14:16:37.937815] Epoch: [32]  [110/491]  eta: 0:06:08  loss: 0.0644 (0.0673)  IoU (F channel): 0.4231 (0.4395)  L1 (Dc channel): 0.0007 (0.0007)  L1 (Dn channel): 0.0010 (0.0010)  IoU (P channel): 0.3318 (0.3284)  lr: 0.000775  iter-time: 0.9247
[14:16:47.106636] Epoch: [32]  [120/491]  eta: 0:05:57  loss: 0.0704 (0.0671)  IoU (F channel): 0.4231 (0.4410)  L1 (Dc channel): 0.0007 (0.0007)  L1 (Dn channel): 0.0008 (0.0010)  IoU (P channel): 0.3080 (0.3302)  lr: 0.000774  iter-time: 0.9161
[14:16:56.387359] Epoch: [32]  [130/491]  eta: 0:05:46  loss: 0.0594 (0.0665)  IoU (F channel): 0.4700 (0.4425)  L1 (Dc channel): 0.0007 (0.0007)  L1 (Dn channel): 0.0007 (0.0010)  IoU (P channel): 0.3329 (0.3310)  lr: 0.000773  iter-time: 0.9223
[14:17:05.579417] Epoch: [32]  [140/491]  eta: 0:05:35  loss: 0.0567 (0.0665)  IoU (F channel): 0.4669 (0.4420)  L1 (Dc channel): 0.0007 (0.0007)  L1 (Dn channel): 0.0007 (0.0009)  IoU (P channel): 0.3291 (0.3296)  lr: 0.000773  iter-time: 0.9235
[14:17:14.741001] Epoch: [32]  [150/491]  eta: 0:05:25  loss: 0.0527 (0.0662)  IoU (F channel): 0.4452 (0.4432)  L1 (Dc channel): 0.0007 (0.0007)  L1 (Dn channel): 0.0007 (0.0009)  IoU (P channel): 0.3181 (0.3286)  lr: 0.000772  iter-time: 0.9175
[14:17:23.907041] Epoch: [32]  [160/491]  eta: 0:05:15  loss: 0.0505 (0.0654)  IoU (F channel): 0.4641 (0.4435)  L1 (Dc channel): 0.0006 (0.0007)  L1 (Dn channel): 0.0007 (0.0009)  IoU (P channel): 0.3300 (0.3290)  lr: 0.000771  iter-time: 0.9163
[14:17:33.082802] Epoch: [32]  [170/491]  eta: 0:05:04  loss: 0.0497 (0.0645)  IoU (F channel): 0.4599 (0.4438)  L1 (Dc channel): 0.0006 (0.0007)  L1 (Dn channel): 0.0007 (0.0009)  IoU (P channel): 0.3398 (0.3293)  lr: 0.000771  iter-time: 0.9170
[14:17:42.323623] Epoch: [32]  [180/491]  eta: 0:04:54  loss: 0.0511 (0.0648)  IoU (F channel): 0.4196 (0.4438)  L1 (Dc channel): 0.0007 (0.0007)  L1 (Dn channel): 0.0007 (0.0009)  IoU (P channel): 0.3295 (0.3296)  lr: 0.000770  iter-time: 0.9207
[14:17:51.487011] Epoch: [32]  [190/491]  eta: 0:04:44  loss: 0.0622 (0.0652)  IoU (F channel): 0.4827 (0.4469)  L1 (Dc channel): 0.0007 (0.0007)  L1 (Dn channel): 0.0008 (0.0009)  IoU (P channel): 0.3295 (0.3311)  lr: 0.000769  iter-time: 0.9201
[14:18:00.643884] Epoch: [32]  [200/491]  eta: 0:04:35  loss: 0.0523 (0.0650)  IoU (F channel): 0.4827 (0.4482)  L1 (Dc channel): 0.0006 (0.0007)  L1 (Dn channel): 0.0008 (0.0009)  IoU (P channel): 0.3375 (0.3312)  lr: 0.000769  iter-time: 0.9159
[14:18:09.798381] Epoch: [32]  [210/491]  eta: 0:04:25  loss: 0.0419 (0.0641)  IoU (F channel): 0.4694 (0.4489)  L1 (Dc channel): 0.0007 (0.0007)  L1 (Dn channel): 0.0006 (0.0009)  IoU (P channel): 0.3216 (0.3308)  lr: 0.000768  iter-time: 0.9154
[14:18:18.958788] Epoch: [32]  [220/491]  eta: 0:04:15  loss: 0.0448 (0.0639)  IoU (F channel): 0.4256 (0.4479)  L1 (Dc channel): 0.0006 (0.0007)  L1 (Dn channel): 0.0007 (0.0009)  IoU (P channel): 0.3042 (0.3296)  lr: 0.000768  iter-time: 0.9156
[14:18:28.160317] Epoch: [32]  [230/491]  eta: 0:04:05  loss: 0.0510 (0.0640)  IoU (F channel): 0.4163 (0.4490)  L1 (Dc channel): 0.0006 (0.0007)  L1 (Dn channel): 0.0008 (0.0009)  IoU (P channel): 0.3151 (0.3302)  lr: 0.000767  iter-time: 0.9180
[14:18:37.315009] Epoch: [32]  [240/491]  eta: 0:03:56  loss: 0.0598 (0.0641)  IoU (F channel): 0.4600 (0.4493)  L1 (Dc channel): 0.0006 (0.0007)  L1 (Dn channel): 0.0008 (0.0009)  IoU (P channel): 0.3581 (0.3321)  lr: 0.000766  iter-time: 0.9177
[14:18:46.527382] Epoch: [32]  [250/491]  eta: 0:03:46  loss: 0.0547 (0.0637)  IoU (F channel): 0.4442 (0.4492)  L1 (Dc channel): 0.0006 (0.0007)  L1 (Dn channel): 0.0007 (0.0009)  IoU (P channel): 0.3581 (0.3321)  lr: 0.000766  iter-time: 0.9182
[14:18:55.796872] Epoch: [32]  [260/491]  eta: 0:03:36  loss: 0.0426 (0.0635)  IoU (F channel): 0.4671 (0.4507)  L1 (Dc channel): 0.0006 (0.0007)  L1 (Dn channel): 0.0007 (0.0009)  IoU (P channel): 0.3355 (0.3328)  lr: 0.000765  iter-time: 0.9239
[14:19:04.988447] Epoch: [32]  [270/491]  eta: 0:03:27  loss: 0.0502 (0.0634)  IoU (F channel): 0.4521 (0.4503)  L1 (Dc channel): 0.0006 (0.0007)  L1 (Dn channel): 0.0007 (0.0009)  IoU (P channel): 0.3318 (0.3322)  lr: 0.000764  iter-time: 0.9229
[14:19:14.167404] Epoch: [32]  [280/491]  eta: 0:03:17  loss: 0.0542 (0.0630)  IoU (F channel): 0.4489 (0.4509)  L1 (Dc channel): 0.0006 (0.0007)  L1 (Dn channel): 0.0007 (0.0009)  IoU (P channel): 0.3214 (0.3327)  lr: 0.000764  iter-time: 0.9184
[14:19:23.544575] Epoch: [32]  [290/491]  eta: 0:03:08  loss: 0.0529 (0.0630)  IoU (F channel): 0.4840 (0.4526)  L1 (Dc channel): 0.0006 (0.0007)  L1 (Dn channel): 0.0007 (0.0009)  IoU (P channel): 0.3390 (0.3339)  lr: 0.000763  iter-time: 0.9277
[14:19:32.820417] Epoch: [32]  [300/491]  eta: 0:02:59  loss: 0.0581 (0.0632)  IoU (F channel): 0.4840 (0.4535)  L1 (Dc channel): 0.0006 (0.0007)  L1 (Dn channel): 0.0009 (0.0009)  IoU (P channel): 0.3308 (0.3342)  lr: 0.000762  iter-time: 0.9325
[14:19:42.053535] Epoch: [32]  [310/491]  eta: 0:02:49  loss: 0.0773 (0.0636)  IoU (F channel): 0.4269 (0.4519)  L1 (Dc channel): 0.0007 (0.0007)  L1 (Dn channel): 0.0010 (0.0009)  IoU (P channel): 0.3147 (0.3331)  lr: 0.000762  iter-time: 0.9253
[14:19:51.208600] Epoch: [32]  [320/491]  eta: 0:02:40  loss: 0.0773 (0.0644)  IoU (F channel): 0.4068 (0.4514)  L1 (Dc channel): 0.0007 (0.0007)  L1 (Dn channel): 0.0011 (0.0009)  IoU (P channel): 0.3182 (0.3329)  lr: 0.000761  iter-time: 0.9193
[14:20:00.380959] Epoch: [32]  [330/491]  eta: 0:02:30  loss: 0.0811 (0.0649)  IoU (F channel): 0.4264 (0.4517)  L1 (Dc channel): 0.0007 (0.0007)  L1 (Dn channel): 0.0010 (0.0009)  IoU (P channel): 0.3350 (0.3334)  lr: 0.000760  iter-time: 0.9162
[14:20:09.722353] Epoch: [32]  [340/491]  eta: 0:02:21  loss: 0.0577 (0.0646)  IoU (F channel): 0.4571 (0.4525)  L1 (Dc channel): 0.0007 (0.0007)  L1 (Dn channel): 0.0008 (0.0009)  IoU (P channel): 0.3500 (0.3336)  lr: 0.000760  iter-time: 0.9256
[14:20:18.959201] Epoch: [32]  [350/491]  eta: 0:02:11  loss: 0.0497 (0.0646)  IoU (F channel): 0.4817 (0.4534)  L1 (Dc channel): 0.0006 (0.0007)  L1 (Dn channel): 0.0008 (0.0009)  IoU (P channel): 0.3389 (0.3335)  lr: 0.000759  iter-time: 0.9288
[14:20:28.188700] Epoch: [32]  [360/491]  eta: 0:02:02  loss: 0.0574 (0.0647)  IoU (F channel): 0.4795 (0.4531)  L1 (Dc channel): 0.0007 (0.0007)  L1 (Dn channel): 0.0008 (0.0009)  IoU (P channel): 0.3368 (0.3338)  lr: 0.000758  iter-time: 0.9232
[14:20:37.826360] Epoch: [32]  [370/491]  eta: 0:01:53  loss: 0.0565 (0.0649)  IoU (F channel): 0.3605 (0.4508)  L1 (Dc channel): 0.0007 (0.0007)  L1 (Dn channel): 0.0008 (0.0009)  IoU (P channel): 0.2904 (0.3326)  lr: 0.000758  iter-time: 0.9432
[14:20:47.125220] Epoch: [32]  [380/491]  eta: 0:01:43  loss: 0.0565 (0.0647)  IoU (F channel): 0.4025 (0.4522)  L1 (Dc channel): 0.0006 (0.0007)  L1 (Dn channel): 0.0008 (0.0009)  IoU (P channel): 0.2778 (0.3328)  lr: 0.000757  iter-time: 0.9467
[14:20:56.402099] Epoch: [32]  [390/491]  eta: 0:01:34  loss: 0.0573 (0.0645)  IoU (F channel): 0.4572 (0.4523)  L1 (Dc channel): 0.0005 (0.0007)  L1 (Dn channel): 0.0007 (0.0009)  IoU (P channel): 0.3391 (0.3324)  lr: 0.000757  iter-time: 0.9287
[14:21:05.658571] Epoch: [32]  [400/491]  eta: 0:01:25  loss: 0.0598 (0.0643)  IoU (F channel): 0.4548 (0.4521)  L1 (Dc channel): 0.0005 (0.0007)  L1 (Dn channel): 0.0008 (0.0009)  IoU (P channel): 0.3294 (0.3322)  lr: 0.000756  iter-time: 0.9265
[14:21:14.908334] Epoch: [32]  [410/491]  eta: 0:01:15  loss: 0.0622 (0.0647)  IoU (F channel): 0.4011 (0.4508)  L1 (Dc channel): 0.0005 (0.0007)  L1 (Dn channel): 0.0007 (0.0009)  IoU (P channel): 0.3222 (0.3320)  lr: 0.000755  iter-time: 0.9252
[14:21:24.075911] Epoch: [32]  [420/491]  eta: 0:01:06  loss: 0.0579 (0.0645)  IoU (F channel): 0.4011 (0.4512)  L1 (Dc channel): 0.0007 (0.0007)  L1 (Dn channel): 0.0006 (0.0009)  IoU (P channel): 0.3466 (0.3328)  lr: 0.000755  iter-time: 0.9207
[14:21:33.344906] Epoch: [32]  [430/491]  eta: 0:00:56  loss: 0.0554 (0.0648)  IoU (F channel): 0.4739 (0.4507)  L1 (Dc channel): 0.0007 (0.0007)  L1 (Dn channel): 0.0007 (0.0009)  IoU (P channel): 0.3752 (0.3330)  lr: 0.000754  iter-time: 0.9217
[14:21:42.665867] Epoch: [32]  [440/491]  eta: 0:00:47  loss: 0.0723 (0.0649)  IoU (F channel): 0.3971 (0.4497)  L1 (Dc channel): 0.0007 (0.0007)  L1 (Dn channel): 0.0010 (0.0009)  IoU (P channel): 0.3321 (0.3327)  lr: 0.000753  iter-time: 0.9294
[14:21:52.019223] Epoch: [32]  [450/491]  eta: 0:00:38  loss: 0.0703 (0.0649)  IoU (F channel): 0.4538 (0.4503)  L1 (Dc channel): 0.0006 (0.0007)  L1 (Dn channel): 0.0009 (0.0009)  IoU (P channel): 0.3152 (0.3327)  lr: 0.000753  iter-time: 0.9336
[14:22:01.322077] Epoch: [32]  [460/491]  eta: 0:00:28  loss: 0.0558 (0.0647)  IoU (F channel): 0.4599 (0.4507)  L1 (Dc channel): 0.0006 (0.0007)  L1 (Dn channel): 0.0008 (0.0009)  IoU (P channel): 0.3186 (0.3328)  lr: 0.000752  iter-time: 0.9326
[14:22:10.766619] Epoch: [32]  [470/491]  eta: 0:00:19  loss: 0.0656 (0.0648)  IoU (F channel): 0.4599 (0.4510)  L1 (Dc channel): 0.0007 (0.0007)  L1 (Dn channel): 0.0008 (0.0009)  IoU (P channel): 0.3422 (0.3331)  lr: 0.000751  iter-time: 0.9372
[14:22:20.166496] Epoch: [32]  [480/491]  eta: 0:00:10  loss: 0.0662 (0.0647)  IoU (F channel): 0.4961 (0.4503)  L1 (Dc channel): 0.0006 (0.0007)  L1 (Dn channel): 0.0007 (0.0009)  IoU (P channel): 0.3422 (0.3329)  lr: 0.000751  iter-time: 0.9421
[14:22:28.826949] Epoch: [32]  [490/491]  eta: 0:00:00  loss: 0.0450 (0.0646)  IoU (F channel): 0.4487 (0.4512)  L1 (Dc channel): 0.0006 (0.0007)  L1 (Dn channel): 0.0007 (0.0009)  IoU (P channel): 0.3200 (0.3328)  lr: 0.000750  iter-time: 0.9029
[14:22:28.827053] Epoch: [32] Total time: 0:07:38 (0.9332 s / it)
[14:22:28.827086] [Train] averaged stats: loss: 0.0450 (0.0646)  IoU (F channel): 0.4487 (0.4512)  L1 (Dc channel): 0.0006 (0.0007)  L1 (Dn channel): 0.0007 (0.0009)  IoU (P channel): 0.3200 (0.3328)  lr: 0.000750
[14:22:33.416949] Epoch: [32]  [ 0/27]  eta: 0:02:03  loss: 0.0101 (0.0101)  IoU (F channel): 0.0000 (0.0000)  L1 (Dc channel): 0.0004 (0.0004)  L1 (Dn channel): 0.0003 (0.0003)  IoU (P channel): 0.0000 (0.0000)  iter-time: 4.5887
[14:22:39.877289] Epoch: [32]  [10/27]  eta: 0:00:17  loss: 0.1233 (0.2098)  IoU (F channel): 0.4333 (0.3272)  L1 (Dc channel): 0.0004 (0.0006)  L1 (Dn channel): 0.0005 (0.0011)  IoU (P channel): 0.2744 (0.2357)  iter-time: 1.0044
[14:22:46.635689] Epoch: [32]  [20/27]  eta: 0:00:05  loss: 0.0986 (0.1887)  IoU (F channel): 0.4319 (0.3372)  L1 (Dc channel): 0.0005 (0.0006)  L1 (Dn channel): 0.0005 (0.0010)  IoU (P channel): 0.2819 (0.2386)  iter-time: 0.6609
[14:22:49.638661] Epoch: [32]  [26/27]  eta: 0:00:00  loss: 0.0860 (0.1996)  IoU (F channel): 0.4076 (0.3402)  L1 (Dc channel): 0.0005 (0.0006)  L1 (Dn channel): 0.0007 (0.0010)  IoU (P channel): 0.2966 (0.2452)  iter-time: 0.6281
[14:22:49.638776] Epoch: [32] Total time: 0:00:20 (0.7708 s / it)
[14:22:49.638795] [Val] averaged stats: loss: 0.0860 (0.1996)  IoU (F channel): 0.4076 (0.3402)  L1 (Dc channel): 0.0005 (0.0006)  L1 (Dn channel): 0.0007 (0.0010)  IoU (P channel): 0.2966 (0.2452)
[14:22:49.638967] [Val] best loss: 0.1590 best  IoU (F channel): 0.2385 L1 (Dc channel): 0.0011 L1 (Dn channel): 0.0012 IoU (P channel): 0.1855 
EarlyStopping counter: 7 out of 10
[14:22:49.648612] [Time] 8.0m 4.3h/8.2h

[14:22:49.648630] ~~~ Epoch 33/60 ~~~

[14:22:56.688789] Epoch: [33]  [  0/491]  eta: 0:57:36  loss: 0.0492 (0.0492)  IoU (F channel): 0.4135 (0.4135)  L1 (Dc channel): 0.0006 (0.0006)  L1 (Dn channel): 0.0007 (0.0007)  IoU (P channel): 0.3174 (0.3174)  lr: 0.000750  iter-time: 7.0389
[14:23:06.137827] Epoch: [33]  [ 10/491]  eta: 0:12:00  loss: 0.0559 (0.0540)  IoU (F channel): 0.4514 (0.4751)  L1 (Dc channel): 0.0006 (0.0006)  L1 (Dn channel): 0.0009 (0.0009)  IoU (P channel): 0.3346 (0.3483)  lr: 0.000749  iter-time: 1.4988
[14:23:15.431227] Epoch: [33]  [ 20/491]  eta: 0:09:38  loss: 0.0553 (0.0577)  IoU (F channel): 0.4530 (0.4788)  L1 (Dc channel): 0.0006 (0.0007)  L1 (Dn channel): 0.0009 (0.0010)  IoU (P channel): 0.3406 (0.3499)  lr: 0.000749  iter-time: 0.9370
[14:23:24.584723] Epoch: [33]  [ 30/491]  eta: 0:08:39  loss: 0.0548 (0.0601)  IoU (F channel): 0.4765 (0.4799)  L1 (Dc channel): 0.0007 (0.0007)  L1 (Dn channel): 0.0008 (0.0010)  IoU (P channel): 0.3549 (0.3521)  lr: 0.000748  iter-time: 0.9222
[14:23:33.741464] Epoch: [33]  [ 40/491]  eta: 0:08:04  loss: 0.0540 (0.0622)  IoU (F channel): 0.4685 (0.4683)  L1 (Dc channel): 0.0006 (0.0007)  L1 (Dn channel): 0.0008 (0.0009)  IoU (P channel): 0.3549 (0.3492)  lr: 0.000747  iter-time: 0.9154
[14:23:43.009150] Epoch: [33]  [ 50/491]  eta: 0:07:41  loss: 0.0615 (0.0631)  IoU (F channel): 0.4359 (0.4705)  L1 (Dc channel): 0.0007 (0.0007)  L1 (Dn channel): 0.0008 (0.0010)  IoU (P channel): 0.3543 (0.3515)  lr: 0.000747  iter-time: 0.9211
[14:23:52.242170] Epoch: [33]  [ 60/491]  eta: 0:07:22  loss: 0.0586 (0.0625)  IoU (F channel): 0.4278 (0.4668)  L1 (Dc channel): 0.0007 (0.0007)  L1 (Dn channel): 0.0009 (0.0009)  IoU (P channel): 0.3469 (0.3496)  lr: 0.000746  iter-time: 0.9249
[14:24:01.496767] Epoch: [33]  [ 70/491]  eta: 0:07:05  loss: 0.0520 (0.0617)  IoU (F channel): 0.4306 (0.4657)  L1 (Dc channel): 0.0006 (0.0007)  L1 (Dn channel): 0.0007 (0.0009)  IoU (P channel): 0.3231 (0.3462)  lr: 0.000745  iter-time: 0.9243
[14:24:10.756863] Epoch: [33]  [ 80/491]  eta: 0:06:51  loss: 0.0506 (0.0614)  IoU (F channel): 0.4609 (0.4606)  L1 (Dc channel): 0.0006 (0.0007)  L1 (Dn channel): 0.0006 (0.0009)  IoU (P channel): 0.3231 (0.3429)  lr: 0.000745  iter-time: 0.9256
[14:24:20.017830] Epoch: [33]  [ 90/491]  eta: 0:06:38  loss: 0.0569 (0.0613)  IoU (F channel): 0.4747 (0.4643)  L1 (Dc channel): 0.0006 (0.0007)  L1 (Dn channel): 0.0008 (0.0009)  IoU (P channel): 0.3430 (0.3422)  lr: 0.000744  iter-time: 0.9260
[14:24:29.293873] Epoch: [33]  [100/491]  eta: 0:06:25  loss: 0.0551 (0.0619)  IoU (F channel): 0.4929 (0.4657)  L1 (Dc channel): 0.0006 (0.0007)  L1 (Dn channel): 0.0009 (0.0009)  IoU (P channel): 0.3364 (0.3409)  lr: 0.000743  iter-time: 0.9267
[14:24:38.518976] Epoch: [33]  [110/491]  eta: 0:06:13  loss: 0.0708 (0.0631)  IoU (F channel): 0.4485 (0.4652)  L1 (Dc channel): 0.0007 (0.0007)  L1 (Dn channel): 0.0009 (0.0009)  IoU (P channel): 0.3496 (0.3424)  lr: 0.000743  iter-time: 0.9249
[14:24:47.722384] Epoch: [33]  [120/491]  eta: 0:06:01  loss: 0.0580 (0.0624)  IoU (F channel): 0.4703 (0.4683)  L1 (Dc channel): 0.0006 (0.0007)  L1 (Dn channel): 0.0008 (0.0009)  IoU (P channel): 0.3496 (0.3409)  lr: 0.000742  iter-time: 0.9213
[14:24:56.885554] Epoch: [33]  [130/491]  eta: 0:05:50  loss: 0.0507 (0.0627)  IoU (F channel): 0.4826 (0.4711)  L1 (Dc channel): 0.0006 (0.0007)  L1 (Dn channel): 0.0008 (0.0010)  IoU (P channel): 0.3264 (0.3416)  lr: 0.000741  iter-time: 0.9182
[14:25:06.042584] Epoch: [33]  [140/491]  eta: 0:05:39  loss: 0.0565 (0.0624)  IoU (F channel): 0.4494 (0.4688)  L1 (Dc channel): 0.0006 (0.0007)  L1 (Dn channel): 0.0009 (0.0009)  IoU (P channel): 0.3284 (0.3410)  lr: 0.000741  iter-time: 0.9159
[14:25:15.297719] Epoch: [33]  [150/491]  eta: 0:05:28  loss: 0.0520 (0.0619)  IoU (F channel): 0.4577 (0.4699)  L1 (Dc channel): 0.0006 (0.0007)  L1 (Dn channel): 0.0008 (0.0009)  IoU (P channel): 0.3284 (0.3406)  lr: 0.000740  iter-time: 0.9205
[14:25:24.456205] Epoch: [33]  [160/491]  eta: 0:05:18  loss: 0.0520 (0.0615)  IoU (F channel): 0.4552 (0.4694)  L1 (Dc channel): 0.0006 (0.0007)  L1 (Dn channel): 0.0008 (0.0009)  IoU (P channel): 0.3331 (0.3411)  lr: 0.000739  iter-time: 0.9206
[14:25:33.618126] Epoch: [33]  [170/491]  eta: 0:05:07  loss: 0.0629 (0.0622)  IoU (F channel): 0.4509 (0.4697)  L1 (Dc channel): 0.0006 (0.0007)  L1 (Dn channel): 0.0008 (0.0009)  IoU (P channel): 0.3738 (0.3427)  lr: 0.000739  iter-time: 0.9159
[14:25:42.960344] Epoch: [33]  [180/491]  eta: 0:04:57  loss: 0.0689 (0.0623)  IoU (F channel): 0.4826 (0.4714)  L1 (Dc channel): 0.0007 (0.0007)  L1 (Dn channel): 0.0008 (0.0009)  IoU (P channel): 0.3665 (0.3431)  lr: 0.000738  iter-time: 0.9251
[14:25:52.330382] Epoch: [33]  [190/491]  eta: 0:04:47  loss: 0.0621 (0.0623)  IoU (F channel): 0.5020 (0.4716)  L1 (Dc channel): 0.0007 (0.0007)  L1 (Dn channel): 0.0008 (0.0010)  IoU (P channel): 0.3457 (0.3435)  lr: 0.000737  iter-time: 0.9355
[14:26:01.658960] Epoch: [33]  [200/491]  eta: 0:04:37  loss: 0.0536 (0.0622)  IoU (F channel): 0.4589 (0.4699)  L1 (Dc channel): 0.0006 (0.0007)  L1 (Dn channel): 0.0008 (0.0009)  IoU (P channel): 0.3366 (0.3424)  lr: 0.000737  iter-time: 0.9348
[14:26:10.820368] Epoch: [33]  [210/491]  eta: 0:04:27  loss: 0.0534 (0.0621)  IoU (F channel): 0.4480 (0.4696)  L1 (Dc channel): 0.0006 (0.0007)  L1 (Dn channel): 0.0007 (0.0009)  IoU (P channel): 0.3270 (0.3414)  lr: 0.000736  iter-time: 0.9244
[14:26:20.010456] Epoch: [33]  [220/491]  eta: 0:04:17  loss: 0.0487 (0.0617)  IoU (F channel): 0.4762 (0.4681)  L1 (Dc channel): 0.0006 (0.0007)  L1 (Dn channel): 0.0009 (0.0009)  IoU (P channel): 0.3381 (0.3424)  lr: 0.000735  iter-time: 0.9175
[14:26:29.163071] Epoch: [33]  [230/491]  eta: 0:04:07  loss: 0.0456 (0.0614)  IoU (F channel): 0.4534 (0.4695)  L1 (Dc channel): 0.0007 (0.0007)  L1 (Dn channel): 0.0008 (0.0009)  IoU (P channel): 0.3580 (0.3440)  lr: 0.000735  iter-time: 0.9170
[14:26:38.389405] Epoch: [33]  [240/491]  eta: 0:03:58  loss: 0.0489 (0.0615)  IoU (F channel): 0.4534 (0.4695)  L1 (Dc channel): 0.0006 (0.0007)  L1 (Dn channel): 0.0008 (0.0009)  IoU (P channel): 0.3363 (0.3434)  lr: 0.000734  iter-time: 0.9188
[14:26:47.545281] Epoch: [33]  [250/491]  eta: 0:03:48  loss: 0.0650 (0.0616)  IoU (F channel): 0.4487 (0.4690)  L1 (Dc channel): 0.0006 (0.0007)  L1 (Dn channel): 0.0009 (0.0009)  IoU (P channel): 0.3335 (0.3430)  lr: 0.000733  iter-time: 0.9190
[14:26:56.729929] Epoch: [33]  [260/491]  eta: 0:03:38  loss: 0.0720 (0.0618)  IoU (F channel): 0.4663 (0.4690)  L1 (Dc channel): 0.0005 (0.0007)  L1 (Dn channel): 0.0008 (0.0009)  IoU (P channel): 0.3416 (0.3429)  lr: 0.000733  iter-time: 0.9169
[14:27:05.883395] Epoch: [33]  [270/491]  eta: 0:03:28  loss: 0.0771 (0.0624)  IoU (F channel): 0.4438 (0.4687)  L1 (Dc channel): 0.0005 (0.0007)  L1 (Dn channel): 0.0009 (0.0009)  IoU (P channel): 0.3416 (0.3425)  lr: 0.000732  iter-time: 0.9168
[14:27:15.109520] Epoch: [33]  [280/491]  eta: 0:03:19  loss: 0.0480 (0.0618)  IoU (F channel): 0.4438 (0.4693)  L1 (Dc channel): 0.0005 (0.0006)  L1 (Dn channel): 0.0009 (0.0009)  IoU (P channel): 0.3456 (0.3428)  lr: 0.000731  iter-time: 0.9189
[14:27:24.368171] Epoch: [33]  [290/491]  eta: 0:03:09  loss: 0.0416 (0.0613)  IoU (F channel): 0.4739 (0.4698)  L1 (Dc channel): 0.0005 (0.0006)  L1 (Dn channel): 0.0007 (0.0009)  IoU (P channel): 0.3383 (0.3424)  lr: 0.000730  iter-time: 0.9241
[14:27:33.525765] Epoch: [33]  [300/491]  eta: 0:03:00  loss: 0.0543 (0.0617)  IoU (F channel): 0.4733 (0.4701)  L1 (Dc channel): 0.0006 (0.0006)  L1 (Dn channel): 0.0007 (0.0009)  IoU (P channel): 0.3463 (0.3434)  lr: 0.000730  iter-time: 0.9207
[14:27:42.858590] Epoch: [33]  [310/491]  eta: 0:02:50  loss: 0.0547 (0.0617)  IoU (F channel): 0.4733 (0.4708)  L1 (Dc channel): 0.0006 (0.0006)  L1 (Dn channel): 0.0008 (0.0009)  IoU (P channel): 0.3587 (0.3438)  lr: 0.000729  iter-time: 0.9244
[14:27:52.041694] Epoch: [33]  [320/491]  eta: 0:02:41  loss: 0.0522 (0.0615)  IoU (F channel): 0.4505 (0.4703)  L1 (Dc channel): 0.0006 (0.0006)  L1 (Dn channel): 0.0007 (0.0009)  IoU (P channel): 0.3387 (0.3437)  lr: 0.000728  iter-time: 0.9256
[14:28:01.204133] Epoch: [33]  [330/491]  eta: 0:02:31  loss: 0.0593 (0.0614)  IoU (F channel): 0.4463 (0.4701)  L1 (Dc channel): 0.0006 (0.0006)  L1 (Dn channel): 0.0007 (0.0009)  IoU (P channel): 0.3297 (0.3430)  lr: 0.000728  iter-time: 0.9172
[14:28:10.431055] Epoch: [33]  [340/491]  eta: 0:02:22  loss: 0.0593 (0.0641)  IoU (F channel): 0.4308 (0.4692)  L1 (Dc channel): 0.0006 (0.0006)  L1 (Dn channel): 0.0008 (0.0009)  IoU (P channel): 0.3203 (0.3421)  lr: 0.000727  iter-time: 0.9194
[14:28:19.626356] Epoch: [33]  [350/491]  eta: 0:02:12  loss: 0.0810 (0.0680)  IoU (F channel): 0.3902 (0.4648)  L1 (Dc channel): 0.0008 (0.0007)  L1 (Dn channel): 0.0008 (0.0009)  IoU (P channel): 0.2698 (0.3384)  lr: 0.000726  iter-time: 0.9210
[14:28:28.818188] Epoch: [33]  [360/491]  eta: 0:02:03  loss: 0.1310 (0.0696)  IoU (F channel): 0.2577 (0.4596)  L1 (Dc channel): 0.0011 (0.0007)  L1 (Dn channel): 0.0011 (0.0009)  IoU (P channel): 0.1759 (0.3342)  lr: 0.000726  iter-time: 0.9193
[14:28:38.074454] Epoch: [33]  [370/491]  eta: 0:01:53  loss: 0.1186 (0.0712)  IoU (F channel): 0.3037 (0.4560)  L1 (Dc channel): 0.0011 (0.0007)  L1 (Dn channel): 0.0011 (0.0009)  IoU (P channel): 0.2212 (0.3322)  lr: 0.000725  iter-time: 0.9223
[14:28:47.345585] Epoch: [33]  [380/491]  eta: 0:01:44  loss: 0.1003 (0.0724)  IoU (F channel): 0.3252 (0.4535)  L1 (Dc channel): 0.0008 (0.0007)  L1 (Dn channel): 0.0009 (0.0009)  IoU (P channel): 0.2584 (0.3309)  lr: 0.000724  iter-time: 0.9263
[14:28:56.611132] Epoch: [33]  [390/491]  eta: 0:01:34  loss: 0.1052 (0.0737)  IoU (F channel): 0.3716 (0.4507)  L1 (Dc channel): 0.0008 (0.0007)  L1 (Dn channel): 0.0009 (0.0010)  IoU (P channel): 0.2793 (0.3292)  lr: 0.000724  iter-time: 0.9267
[14:29:05.811949] Epoch: [33]  [400/491]  eta: 0:01:25  loss: 0.1130 (0.0757)  IoU (F channel): 0.3676 (0.4473)  L1 (Dc channel): 0.0007 (0.0007)  L1 (Dn channel): 0.0010 (0.0010)  IoU (P channel): 0.2385 (0.3263)  lr: 0.000723  iter-time: 0.9232
[14:29:15.075173] Epoch: [33]  [410/491]  eta: 0:01:15  loss: 0.0877 (0.0764)  IoU (F channel): 0.3603 (0.4462)  L1 (Dc channel): 0.0007 (0.0007)  L1 (Dn channel): 0.0007 (0.0010)  IoU (P channel): 0.2605 (0.3256)  lr: 0.000722  iter-time: 0.9231
[14:29:24.438621] Epoch: [33]  [420/491]  eta: 0:01:06  loss: 0.1017 (0.0773)  IoU (F channel): 0.3413 (0.4417)  L1 (Dc channel): 0.0007 (0.0007)  L1 (Dn channel): 0.0007 (0.0010)  IoU (P channel): 0.2342 (0.3223)  lr: 0.000722  iter-time: 0.9312
[14:29:33.675680] Epoch: [33]  [430/491]  eta: 0:00:57  loss: 0.0993 (0.0780)  IoU (F channel): 0.3117 (0.4394)  L1 (Dc channel): 0.0008 (0.0007)  L1 (Dn channel): 0.0008 (0.0010)  IoU (P channel): 0.2055 (0.3205)  lr: 0.000721  iter-time: 0.9299
[14:29:42.911940] Epoch: [33]  [440/491]  eta: 0:00:47  loss: 0.0659 (0.0778)  IoU (F channel): 0.3511 (0.4374)  L1 (Dc channel): 0.0007 (0.0007)  L1 (Dn channel): 0.0007 (0.0009)  IoU (P channel): 0.2346 (0.3188)  lr: 0.000720  iter-time: 0.9235
[14:29:52.137838] Epoch: [33]  [450/491]  eta: 0:00:38  loss: 0.0805 (0.0792)  IoU (F channel): 0.3929 (0.4358)  L1 (Dc channel): 0.0007 (0.0007)  L1 (Dn channel): 0.0007 (0.0009)  IoU (P channel): 0.2445 (0.3178)  lr: 0.000720  iter-time: 0.9230
[14:30:01.303280] Epoch: [33]  [460/491]  eta: 0:00:29  loss: 0.0828 (0.0793)  IoU (F channel): 0.3618 (0.4338)  L1 (Dc channel): 0.0007 (0.0007)  L1 (Dn channel): 0.0008 (0.0009)  IoU (P channel): 0.2415 (0.3166)  lr: 0.000719  iter-time: 0.9195
[14:30:10.472887] Epoch: [33]  [470/491]  eta: 0:00:19  loss: 0.0736 (0.0794)  IoU (F channel): 0.3618 (0.4329)  L1 (Dc channel): 0.0006 (0.0007)  L1 (Dn channel): 0.0009 (0.0009)  IoU (P channel): 0.2648 (0.3162)  lr: 0.000718  iter-time: 0.9167
[14:30:19.627505] Epoch: [33]  [480/491]  eta: 0:00:10  loss: 0.0759 (0.0797)  IoU (F channel): 0.3606 (0.4315)  L1 (Dc channel): 0.0006 (0.0007)  L1 (Dn channel): 0.0008 (0.0009)  IoU (P channel): 0.2725 (0.3156)  lr: 0.000718  iter-time: 0.9161
[14:30:28.282510] Epoch: [33]  [490/491]  eta: 0:00:00  loss: 0.0719 (0.0795)  IoU (F channel): 0.3500 (0.4312)  L1 (Dc channel): 0.0006 (0.0007)  L1 (Dn channel): 0.0007 (0.0009)  IoU (P channel): 0.2963 (0.3159)  lr: 0.000717  iter-time: 0.8904
[14:30:28.282605] Epoch: [33] Total time: 0:07:38 (0.9341 s / it)
[14:30:28.282637] [Train] averaged stats: loss: 0.0719 (0.0795)  IoU (F channel): 0.3500 (0.4312)  L1 (Dc channel): 0.0006 (0.0007)  L1 (Dn channel): 0.0007 (0.0009)  IoU (P channel): 0.2963 (0.3159)  lr: 0.000717
[14:30:33.631944] Epoch: [33]  [ 0/27]  eta: 0:02:24  loss: 0.0228 (0.0228)  IoU (F channel): 0.0000 (0.0000)  L1 (Dc channel): 0.0004 (0.0004)  L1 (Dn channel): 0.0004 (0.0004)  IoU (P channel): 0.0000 (0.0000)  iter-time: 5.3483
[14:30:40.709997] Epoch: [33]  [10/27]  eta: 0:00:19  loss: 0.1137 (0.2562)  IoU (F channel): 0.3236 (0.2377)  L1 (Dc channel): 0.0005 (0.0006)  L1 (Dn channel): 0.0006 (0.0012)  IoU (P channel): 0.2464 (0.1807)  iter-time: 1.1296
[14:30:47.158913] Epoch: [33]  [20/27]  eta: 0:00:06  loss: 0.1065 (0.2017)  IoU (F channel): 0.3236 (0.2578)  L1 (Dc channel): 0.0005 (0.0007)  L1 (Dn channel): 0.0006 (0.0011)  IoU (P channel): 0.2533 (0.1897)  iter-time: 0.6763
[14:30:49.711313] Epoch: [33]  [26/27]  eta: 0:00:00  loss: 0.1065 (0.1969)  IoU (F channel): 0.2774 (0.2578)  L1 (Dc channel): 0.0005 (0.0007)  L1 (Dn channel): 0.0008 (0.0011)  IoU (P channel): 0.2452 (0.1921)  iter-time: 0.6080
[14:30:49.711408] Epoch: [33] Total time: 0:00:21 (0.7936 s / it)
[14:30:49.711436] [Val] averaged stats: loss: 0.1065 (0.1969)  IoU (F channel): 0.2774 (0.2578)  L1 (Dc channel): 0.0005 (0.0007)  L1 (Dn channel): 0.0008 (0.0011)  IoU (P channel): 0.2452 (0.1921)
[14:30:49.711596] [Val] best loss: 0.1590 best  IoU (F channel): 0.2385 L1 (Dc channel): 0.0011 L1 (Dn channel): 0.0012 IoU (P channel): 0.1855 
EarlyStopping counter: 8 out of 10
[14:30:49.724362] [Time] 8.0m 4.4h/8.2h

[14:30:49.724383] ~~~ Epoch 34/60 ~~~

[14:30:56.747512] Epoch: [34]  [  0/491]  eta: 0:57:27  loss: 0.0480 (0.0480)  IoU (F channel): 0.3085 (0.3085)  L1 (Dc channel): 0.0005 (0.0005)  L1 (Dn channel): 0.0006 (0.0006)  IoU (P channel): 0.2370 (0.2370)  lr: 0.000717  iter-time: 7.0204
[14:31:06.613081] Epoch: [34]  [ 10/491]  eta: 0:12:18  loss: 0.0790 (0.0728)  IoU (F channel): 0.3159 (0.3254)  L1 (Dc channel): 0.0007 (0.0007)  L1 (Dn channel): 0.0008 (0.0008)  IoU (P channel): 0.2765 (0.2659)  lr: 0.000716  iter-time: 1.5350
[14:31:16.002003] Epoch: [34]  [ 20/491]  eta: 0:09:49  loss: 0.0749 (0.0752)  IoU (F channel): 0.4148 (0.3740)  L1 (Dc channel): 0.0007 (0.0007)  L1 (Dn channel): 0.0008 (0.0009)  IoU (P channel): 0.3276 (0.3077)  lr: 0.000715  iter-time: 0.9626
[14:31:25.309476] Epoch: [34]  [ 30/491]  eta: 0:08:49  loss: 0.0691 (0.0699)  IoU (F channel): 0.4148 (0.3855)  L1 (Dc channel): 0.0006 (0.0007)  L1 (Dn channel): 0.0007 (0.0008)  IoU (P channel): 0.3292 (0.3073)  lr: 0.000715  iter-time: 0.9347
[14:31:34.500248] Epoch: [34]  [ 40/491]  eta: 0:08:12  loss: 0.0572 (0.0719)  IoU (F channel): 0.4032 (0.3922)  L1 (Dc channel): 0.0006 (0.0007)  L1 (Dn channel): 0.0006 (0.0009)  IoU (P channel): 0.3044 (0.3107)  lr: 0.000714  iter-time: 0.9248
[14:31:43.710421] Epoch: [34]  [ 50/491]  eta: 0:07:46  loss: 0.0627 (0.0699)  IoU (F channel): 0.4027 (0.3877)  L1 (Dc channel): 0.0006 (0.0007)  L1 (Dn channel): 0.0007 (0.0008)  IoU (P channel): 0.2859 (0.3063)  lr: 0.000713  iter-time: 0.9199
[14:31:52.937556] Epoch: [34]  [ 60/491]  eta: 0:07:26  loss: 0.0630 (0.0701)  IoU (F channel): 0.4513 (0.4039)  L1 (Dc channel): 0.0006 (0.0007)  L1 (Dn channel): 0.0007 (0.0008)  IoU (P channel): 0.3137 (0.3132)  lr: 0.000713  iter-time: 0.9217
[14:32:02.299365] Epoch: [34]  [ 70/491]  eta: 0:07:10  loss: 0.0588 (0.0684)  IoU (F channel): 0.4513 (0.4022)  L1 (Dc channel): 0.0006 (0.0007)  L1 (Dn channel): 0.0008 (0.0008)  IoU (P channel): 0.3244 (0.3121)  lr: 0.000712  iter-time: 0.9294
[14:32:11.660285] Epoch: [34]  [ 80/491]  eta: 0:06:55  loss: 0.0663 (0.0679)  IoU (F channel): 0.4077 (0.4030)  L1 (Dc channel): 0.0006 (0.0007)  L1 (Dn channel): 0.0008 (0.0008)  IoU (P channel): 0.3098 (0.3116)  lr: 0.000711  iter-time: 0.9360
[14:32:21.089881] Epoch: [34]  [ 90/491]  eta: 0:06:42  loss: 0.0705 (0.0688)  IoU (F channel): 0.4129 (0.4099)  L1 (Dc channel): 0.0006 (0.0007)  L1 (Dn channel): 0.0008 (0.0009)  IoU (P channel): 0.3228 (0.3145)  lr: 0.000711  iter-time: 0.9394
[14:32:30.346765] Epoch: [34]  [100/491]  eta: 0:06:29  loss: 0.0695 (0.0688)  IoU (F channel): 0.4124 (0.4126)  L1 (Dc channel): 0.0007 (0.0007)  L1 (Dn channel): 0.0010 (0.0009)  IoU (P channel): 0.3277 (0.3163)  lr: 0.000710  iter-time: 0.9342
[14:32:39.823756] Epoch: [34]  [110/491]  eta: 0:06:17  loss: 0.0610 (0.0691)  IoU (F channel): 0.4124 (0.4146)  L1 (Dc channel): 0.0006 (0.0007)  L1 (Dn channel): 0.0007 (0.0009)  IoU (P channel): 0.3277 (0.3175)  lr: 0.000709  iter-time: 0.9366
[14:32:49.329625] Epoch: [34]  [120/491]  eta: 0:06:06  loss: 0.0610 (0.0679)  IoU (F channel): 0.4083 (0.4130)  L1 (Dc channel): 0.0006 (0.0007)  L1 (Dn channel): 0.0007 (0.0009)  IoU (P channel): 0.3087 (0.3167)  lr: 0.000709  iter-time: 0.9490
[14:32:58.732100] Epoch: [34]  [130/491]  eta: 0:05:55  loss: 0.0615 (0.0680)  IoU (F channel): 0.4083 (0.4169)  L1 (Dc channel): 0.0006 (0.0007)  L1 (Dn channel): 0.0007 (0.0009)  IoU (P channel): 0.3109 (0.3176)  lr: 0.000708  iter-time: 0.9453
[14:33:08.020650] Epoch: [34]  [140/491]  eta: 0:05:44  loss: 0.0653 (0.0680)  IoU (F channel): 0.4435 (0.4186)  L1 (Dc channel): 0.0007 (0.0007)  L1 (Dn channel): 0.0008 (0.0009)  IoU (P channel): 0.3281 (0.3177)  lr: 0.000707  iter-time: 0.9344
[14:33:17.349075] Epoch: [34]  [150/491]  eta: 0:05:33  loss: 0.0513 (0.0668)  IoU (F channel): 0.4485 (0.4209)  L1 (Dc channel): 0.0006 (0.0007)  L1 (Dn channel): 0.0007 (0.0009)  IoU (P channel): 0.3249 (0.3194)  lr: 0.000706  iter-time: 0.9307
[14:33:26.835813] Epoch: [34]  [160/491]  eta: 0:05:22  loss: 0.0506 (0.0665)  IoU (F channel): 0.4547 (0.4219)  L1 (Dc channel): 0.0006 (0.0007)  L1 (Dn channel): 0.0007 (0.0009)  IoU (P channel): 0.3231 (0.3197)  lr: 0.000706  iter-time: 0.9406
[14:33:36.085616] Epoch: [34]  [170/491]  eta: 0:05:12  loss: 0.0660 (0.0667)  IoU (F channel): 0.4372 (0.4229)  L1 (Dc channel): 0.0006 (0.0007)  L1 (Dn channel): 0.0008 (0.0009)  IoU (P channel): 0.3270 (0.3204)  lr: 0.000705  iter-time: 0.9367
[14:33:45.406493] Epoch: [34]  [180/491]  eta: 0:05:01  loss: 0.0603 (0.0663)  IoU (F channel): 0.4372 (0.4262)  L1 (Dc channel): 0.0006 (0.0006)  L1 (Dn channel): 0.0008 (0.0009)  IoU (P channel): 0.3270 (0.3208)  lr: 0.000704  iter-time: 0.9284
[14:33:54.883685] Epoch: [34]  [190/491]  eta: 0:04:51  loss: 0.0530 (0.0668)  IoU (F channel): 0.4542 (0.4268)  L1 (Dc channel): 0.0006 (0.0006)  L1 (Dn channel): 0.0007 (0.0009)  IoU (P channel): 0.3346 (0.3206)  lr: 0.000704  iter-time: 0.9398
[14:34:04.082861] Epoch: [34]  [200/491]  eta: 0:04:41  loss: 0.0576 (0.0670)  IoU (F channel): 0.4381 (0.4270)  L1 (Dc channel): 0.0006 (0.0007)  L1 (Dn channel): 0.0008 (0.0009)  IoU (P channel): 0.3416 (0.3220)  lr: 0.000703  iter-time: 0.9337
[14:34:13.334372] Epoch: [34]  [210/491]  eta: 0:04:31  loss: 0.0562 (0.0664)  IoU (F channel): 0.4355 (0.4257)  L1 (Dc channel): 0.0005 (0.0006)  L1 (Dn channel): 0.0006 (0.0009)  IoU (P channel): 0.3480 (0.3221)  lr: 0.000702  iter-time: 0.9224
[14:34:22.503135] Epoch: [34]  [220/491]  eta: 0:04:20  loss: 0.0452 (0.0661)  IoU (F channel): 0.4377 (0.4274)  L1 (Dc channel): 0.0005 (0.0006)  L1 (Dn channel): 0.0006 (0.0009)  IoU (P channel): 0.3438 (0.3226)  lr: 0.000702  iter-time: 0.9209
[14:34:31.762611] Epoch: [34]  [230/491]  eta: 0:04:10  loss: 0.0603 (0.0662)  IoU (F channel): 0.4377 (0.4267)  L1 (Dc channel): 0.0006 (0.0006)  L1 (Dn channel): 0.0007 (0.0009)  IoU (P channel): 0.3108 (0.3221)  lr: 0.000701  iter-time: 0.9213
[14:34:41.192775] Epoch: [34]  [240/491]  eta: 0:04:01  loss: 0.0641 (0.0665)  IoU (F channel): 0.4250 (0.4276)  L1 (Dc channel): 0.0006 (0.0006)  L1 (Dn channel): 0.0007 (0.0009)  IoU (P channel): 0.3390 (0.3229)  lr: 0.000700  iter-time: 0.9344
[14:34:50.350445] Epoch: [34]  [250/491]  eta: 0:03:51  loss: 0.0641 (0.0669)  IoU (F channel): 0.4348 (0.4280)  L1 (Dc channel): 0.0007 (0.0006)  L1 (Dn channel): 0.0009 (0.0009)  IoU (P channel): 0.3360 (0.3232)  lr: 0.000699  iter-time: 0.9293
[14:34:59.578683] Epoch: [34]  [260/491]  eta: 0:03:41  loss: 0.0698 (0.0672)  IoU (F channel): 0.4402 (0.4293)  L1 (Dc channel): 0.0006 (0.0006)  L1 (Dn channel): 0.0010 (0.0009)  IoU (P channel): 0.3360 (0.3242)  lr: 0.000699  iter-time: 0.9192
[14:35:08.736741] Epoch: [34]  [270/491]  eta: 0:03:31  loss: 0.0683 (0.0670)  IoU (F channel): 0.4222 (0.4293)  L1 (Dc channel): 0.0006 (0.0006)  L1 (Dn channel): 0.0008 (0.0009)  IoU (P channel): 0.3143 (0.3234)  lr: 0.000698  iter-time: 0.9192
[14:35:17.892071] Epoch: [34]  [280/491]  eta: 0:03:21  loss: 0.0640 (0.0670)  IoU (F channel): 0.4394 (0.4309)  L1 (Dc channel): 0.0006 (0.0006)  L1 (Dn channel): 0.0008 (0.0009)  IoU (P channel): 0.3125 (0.3241)  lr: 0.000697  iter-time: 0.9156
[14:35:27.049108] Epoch: [34]  [290/491]  eta: 0:03:11  loss: 0.0522 (0.0664)  IoU (F channel): 0.4424 (0.4311)  L1 (Dc channel): 0.0006 (0.0006)  L1 (Dn channel): 0.0006 (0.0009)  IoU (P channel): 0.3227 (0.3236)  lr: 0.000697  iter-time: 0.9155
[14:35:36.209948] Epoch: [34]  [300/491]  eta: 0:03:01  loss: 0.0526 (0.0665)  IoU (F channel): 0.4424 (0.4323)  L1 (Dc channel): 0.0006 (0.0006)  L1 (Dn channel): 0.0007 (0.0009)  IoU (P channel): 0.3227 (0.3244)  lr: 0.000696  iter-time: 0.9158
[14:35:45.530297] Epoch: [34]  [310/491]  eta: 0:02:52  loss: 0.0772 (0.0670)  IoU (F channel): 0.4844 (0.4345)  L1 (Dc channel): 0.0007 (0.0006)  L1 (Dn channel): 0.0010 (0.0009)  IoU (P channel): 0.3412 (0.3257)  lr: 0.000695  iter-time: 0.9240
[14:35:54.698359] Epoch: [34]  [320/491]  eta: 0:02:42  loss: 0.0772 (0.0672)  IoU (F channel): 0.4424 (0.4348)  L1 (Dc channel): 0.0006 (0.0007)  L1 (Dn channel): 0.0008 (0.0009)  IoU (P channel): 0.3439 (0.3263)  lr: 0.000695  iter-time: 0.9243
[14:36:03.867888] Epoch: [34]  [330/491]  eta: 0:02:32  loss: 0.0581 (0.0667)  IoU (F channel): 0.4413 (0.4351)  L1 (Dc channel): 0.0006 (0.0006)  L1 (Dn channel): 0.0006 (0.0009)  IoU (P channel): 0.3412 (0.3264)  lr: 0.000694  iter-time: 0.9168
[14:36:13.033943] Epoch: [34]  [340/491]  eta: 0:02:23  loss: 0.0478 (0.0666)  IoU (F channel): 0.4473 (0.4350)  L1 (Dc channel): 0.0005 (0.0006)  L1 (Dn channel): 0.0007 (0.0009)  IoU (P channel): 0.3299 (0.3265)  lr: 0.000693  iter-time: 0.9167
[14:36:22.305501] Epoch: [34]  [350/491]  eta: 0:02:13  loss: 0.0617 (0.0668)  IoU (F channel): 0.4490 (0.4363)  L1 (Dc channel): 0.0006 (0.0006)  L1 (Dn channel): 0.0007 (0.0009)  IoU (P channel): 0.3433 (0.3279)  lr: 0.000692  iter-time: 0.9217
[14:36:31.755701] Epoch: [34]  [360/491]  eta: 0:02:04  loss: 0.0616 (0.0666)  IoU (F channel): 0.4711 (0.4367)  L1 (Dc channel): 0.0006 (0.0006)  L1 (Dn channel): 0.0008 (0.0009)  IoU (P channel): 0.3534 (0.3284)  lr: 0.000692  iter-time: 0.9359
[14:36:41.011848] Epoch: [34]  [370/491]  eta: 0:01:54  loss: 0.0591 (0.0666)  IoU (F channel): 0.4375 (0.4369)  L1 (Dc channel): 0.0006 (0.0006)  L1 (Dn channel): 0.0009 (0.0009)  IoU (P channel): 0.3534 (0.3288)  lr: 0.000691  iter-time: 0.9352
[14:36:50.184037] Epoch: [34]  [380/491]  eta: 0:01:45  loss: 0.0578 (0.0664)  IoU (F channel): 0.4375 (0.4379)  L1 (Dc channel): 0.0006 (0.0006)  L1 (Dn channel): 0.0008 (0.0009)  IoU (P channel): 0.3388 (0.3293)  lr: 0.000690  iter-time: 0.9213
[14:36:59.354403] Epoch: [34]  [390/491]  eta: 0:01:35  loss: 0.0548 (0.0663)  IoU (F channel): 0.4623 (0.4380)  L1 (Dc channel): 0.0006 (0.0006)  L1 (Dn channel): 0.0007 (0.0009)  IoU (P channel): 0.3388 (0.3296)  lr: 0.000690  iter-time: 0.9170
[14:37:08.513113] Epoch: [34]  [400/491]  eta: 0:01:25  loss: 0.0518 (0.0665)  IoU (F channel): 0.4636 (0.4395)  L1 (Dc channel): 0.0006 (0.0006)  L1 (Dn channel): 0.0007 (0.0009)  IoU (P channel): 0.3344 (0.3301)  lr: 0.000689  iter-time: 0.9163
[14:37:17.676516] Epoch: [34]  [410/491]  eta: 0:01:16  loss: 0.0460 (0.0660)  IoU (F channel): 0.4078 (0.4378)  L1 (Dc channel): 0.0005 (0.0006)  L1 (Dn channel): 0.0007 (0.0009)  IoU (P channel): 0.3234 (0.3290)  lr: 0.000688  iter-time: 0.9160
[14:37:26.952471] Epoch: [34]  [420/491]  eta: 0:01:06  loss: 0.0499 (0.0663)  IoU (F channel): 0.4016 (0.4393)  L1 (Dc channel): 0.0005 (0.0006)  L1 (Dn channel): 0.0007 (0.0009)  IoU (P channel): 0.3116 (0.3295)  lr: 0.000688  iter-time: 0.9219
[14:37:36.194003] Epoch: [34]  [430/491]  eta: 0:00:57  loss: 0.0549 (0.0660)  IoU (F channel): 0.4806 (0.4401)  L1 (Dc channel): 0.0006 (0.0006)  L1 (Dn channel): 0.0008 (0.0009)  IoU (P channel): 0.3450 (0.3299)  lr: 0.000687  iter-time: 0.9258
[14:37:45.353139] Epoch: [34]  [440/491]  eta: 0:00:48  loss: 0.0450 (0.0659)  IoU (F channel): 0.4456 (0.4406)  L1 (Dc channel): 0.0006 (0.0006)  L1 (Dn channel): 0.0006 (0.0009)  IoU (P channel): 0.3450 (0.3301)  lr: 0.000686  iter-time: 0.9199
[14:37:54.676514] Epoch: [34]  [450/491]  eta: 0:00:38  loss: 0.0450 (0.0655)  IoU (F channel): 0.4590 (0.4418)  L1 (Dc channel): 0.0006 (0.0006)  L1 (Dn channel): 0.0008 (0.0009)  IoU (P channel): 0.3490 (0.3310)  lr: 0.000685  iter-time: 0.9240
[14:38:03.845162] Epoch: [34]  [460/491]  eta: 0:00:29  loss: 0.0546 (0.0654)  IoU (F channel): 0.4369 (0.4422)  L1 (Dc channel): 0.0005 (0.0006)  L1 (Dn channel): 0.0008 (0.0009)  IoU (P channel): 0.3532 (0.3316)  lr: 0.000685  iter-time: 0.9245
[14:38:13.011281] Epoch: [34]  [470/491]  eta: 0:00:19  loss: 0.0546 (0.0652)  IoU (F channel): 0.4543 (0.4431)  L1 (Dc channel): 0.0005 (0.0006)  L1 (Dn channel): 0.0006 (0.0009)  IoU (P channel): 0.3532 (0.3321)  lr: 0.000684  iter-time: 0.9166
[14:38:22.170153] Epoch: [34]  [480/491]  eta: 0:00:10  loss: 0.0432 (0.0652)  IoU (F channel): 0.4572 (0.4432)  L1 (Dc channel): 0.0005 (0.0006)  L1 (Dn channel): 0.0007 (0.0009)  IoU (P channel): 0.3341 (0.3320)  lr: 0.000683  iter-time: 0.9161
[14:38:30.823909] Epoch: [34]  [490/491]  eta: 0:00:00  loss: 0.0500 (0.0652)  IoU (F channel): 0.4731 (0.4442)  L1 (Dc channel): 0.0006 (0.0006)  L1 (Dn channel): 0.0007 (0.0009)  IoU (P channel): 0.3324 (0.3324)  lr: 0.000683  iter-time: 0.8905
[14:38:30.824027] Epoch: [34] Total time: 0:07:41 (0.9391 s / it)
[14:38:30.824056] [Train] averaged stats: loss: 0.0500 (0.0652)  IoU (F channel): 0.4731 (0.4442)  L1 (Dc channel): 0.0006 (0.0006)  L1 (Dn channel): 0.0007 (0.0009)  IoU (P channel): 0.3324 (0.3324)  lr: 0.000683
[14:38:36.611937] Epoch: [34]  [ 0/27]  eta: 0:02:36  loss: 0.0075 (0.0075)  IoU (F channel): 0.0000 (0.0000)  L1 (Dc channel): 0.0004 (0.0004)  L1 (Dn channel): 0.0003 (0.0003)  IoU (P channel): 0.0000 (0.0000)  iter-time: 5.7867
[14:38:42.662506] Epoch: [34]  [10/27]  eta: 0:00:18  loss: 0.0997 (0.1917)  IoU (F channel): 0.4378 (0.3264)  L1 (Dc channel): 0.0005 (0.0006)  L1 (Dn channel): 0.0005 (0.0011)  IoU (P channel): 0.2771 (0.2337)  iter-time: 1.0761
[14:38:48.026845] Epoch: [34]  [20/27]  eta: 0:00:05  loss: 0.0956 (0.1775)  IoU (F channel): 0.4378 (0.3360)  L1 (Dc channel): 0.0005 (0.0006)  L1 (Dn channel): 0.0005 (0.0010)  IoU (P channel): 0.2951 (0.2385)  iter-time: 0.5707
[14:38:49.546471] Epoch: [34]  [26/27]  eta: 0:00:00  loss: 0.0913 (0.1959)  IoU (F channel): 0.4251 (0.3427)  L1 (Dc channel): 0.0005 (0.0006)  L1 (Dn channel): 0.0007 (0.0010)  IoU (P channel): 0.2951 (0.2445)  iter-time: 0.4996
[14:38:49.546582] Epoch: [34] Total time: 0:00:18 (0.6934 s / it)
[14:38:49.546606] [Val] averaged stats: loss: 0.0913 (0.1959)  IoU (F channel): 0.4251 (0.3427)  L1 (Dc channel): 0.0005 (0.0006)  L1 (Dn channel): 0.0007 (0.0010)  IoU (P channel): 0.2951 (0.2445)
[14:38:49.546776] [Val] best loss: 0.1590 best  IoU (F channel): 0.2385 L1 (Dc channel): 0.0011 L1 (Dn channel): 0.0012 IoU (P channel): 0.1855 
EarlyStopping counter: 9 out of 10
[14:38:49.555714] [Time] 8.0m 4.6h/8.2h

[14:38:49.555729] ~~~ Epoch 35/60 ~~~

[14:38:54.933792] Epoch: [35]  [  0/491]  eta: 0:43:59  loss: 0.0329 (0.0329)  IoU (F channel): 0.3827 (0.3827)  L1 (Dc channel): 0.0005 (0.0005)  L1 (Dn channel): 0.0005 (0.0005)  IoU (P channel): 0.3463 (0.3463)  lr: 0.000683  iter-time: 5.3762
[14:39:05.527356] Epoch: [35]  [ 10/491]  eta: 0:11:38  loss: 0.0392 (0.0404)  IoU (F channel): 0.4277 (0.4496)  L1 (Dc channel): 0.0005 (0.0005)  L1 (Dn channel): 0.0005 (0.0005)  IoU (P channel): 0.3317 (0.3261)  lr: 0.000682  iter-time: 1.4517
[14:39:14.704615] Epoch: [35]  [ 20/491]  eta: 0:09:23  loss: 0.0514 (0.0527)  IoU (F channel): 0.4473 (0.4548)  L1 (Dc channel): 0.0006 (0.0006)  L1 (Dn channel): 0.0006 (0.0007)  IoU (P channel): 0.3361 (0.3312)  lr: 0.000681  iter-time: 0.9884
[14:39:23.943232] Epoch: [35]  [ 30/491]  eta: 0:08:31  loss: 0.0568 (0.0523)  IoU (F channel): 0.4473 (0.4546)  L1 (Dc channel): 0.0006 (0.0006)  L1 (Dn channel): 0.0006 (0.0007)  IoU (P channel): 0.3337 (0.3298)  lr: 0.000680  iter-time: 0.9207
[14:39:33.131655] Epoch: [35]  [ 40/491]  eta: 0:07:59  loss: 0.0559 (0.0547)  IoU (F channel): 0.4559 (0.4582)  L1 (Dc channel): 0.0005 (0.0006)  L1 (Dn channel): 0.0006 (0.0007)  IoU (P channel): 0.3337 (0.3361)  lr: 0.000680  iter-time: 0.9213
[14:39:42.301933] Epoch: [35]  [ 50/491]  eta: 0:07:36  loss: 0.0622 (0.0582)  IoU (F channel): 0.5072 (0.4689)  L1 (Dc channel): 0.0006 (0.0006)  L1 (Dn channel): 0.0007 (0.0008)  IoU (P channel): 0.3398 (0.3394)  lr: 0.000679  iter-time: 0.9178
[14:39:51.621140] Epoch: [35]  [ 60/491]  eta: 0:07:18  loss: 0.0639 (0.0587)  IoU (F channel): 0.4669 (0.4633)  L1 (Dc channel): 0.0006 (0.0006)  L1 (Dn channel): 0.0009 (0.0008)  IoU (P channel): 0.3478 (0.3412)  lr: 0.000678  iter-time: 0.9244
[14:40:00.852165] Epoch: [35]  [ 70/491]  eta: 0:07:02  loss: 0.0641 (0.0593)  IoU (F channel): 0.4386 (0.4631)  L1 (Dc channel): 0.0006 (0.0006)  L1 (Dn channel): 0.0008 (0.0008)  IoU (P channel): 0.3513 (0.3429)  lr: 0.000678  iter-time: 0.9274
[14:40:10.018869] Epoch: [35]  [ 80/491]  eta: 0:06:48  loss: 0.0641 (0.0585)  IoU (F channel): 0.4638 (0.4646)  L1 (Dc channel): 0.0006 (0.0006)  L1 (Dn channel): 0.0008 (0.0008)  IoU (P channel): 0.3513 (0.3438)  lr: 0.000677  iter-time: 0.9198
[14:40:19.244190] Epoch: [35]  [ 90/491]  eta: 0:06:35  loss: 0.0545 (0.0591)  IoU (F channel): 0.4676 (0.4653)  L1 (Dc channel): 0.0005 (0.0006)  L1 (Dn channel): 0.0008 (0.0008)  IoU (P channel): 0.3378 (0.3410)  lr: 0.000676  iter-time: 0.9195
[14:40:28.502837] Epoch: [35]  [100/491]  eta: 0:06:23  loss: 0.0531 (0.0580)  IoU (F channel): 0.4847 (0.4691)  L1 (Dc channel): 0.0005 (0.0006)  L1 (Dn channel): 0.0007 (0.0008)  IoU (P channel): 0.3392 (0.3436)  lr: 0.000675  iter-time: 0.9241
[14:40:37.848367] Epoch: [35]  [110/491]  eta: 0:06:11  loss: 0.0468 (0.0581)  IoU (F channel): 0.4847 (0.4719)  L1 (Dc channel): 0.0005 (0.0006)  L1 (Dn channel): 0.0006 (0.0008)  IoU (P channel): 0.3520 (0.3442)  lr: 0.000675  iter-time: 0.9301
[14:40:47.129632] Epoch: [35]  [120/491]  eta: 0:06:00  loss: 0.0603 (0.0594)  IoU (F channel): 0.4754 (0.4725)  L1 (Dc channel): 0.0006 (0.0006)  L1 (Dn channel): 0.0008 (0.0008)  IoU (P channel): 0.3570 (0.3460)  lr: 0.000674  iter-time: 0.9312
[14:40:56.377195] Epoch: [35]  [130/491]  eta: 0:05:49  loss: 0.0548 (0.0590)  IoU (F channel): 0.4576 (0.4714)  L1 (Dc channel): 0.0006 (0.0006)  L1 (Dn channel): 0.0007 (0.0008)  IoU (P channel): 0.3495 (0.3461)  lr: 0.000673  iter-time: 0.9263
[14:41:05.718469] Epoch: [35]  [140/491]  eta: 0:05:38  loss: 0.0536 (0.0587)  IoU (F channel): 0.4572 (0.4705)  L1 (Dc channel): 0.0005 (0.0006)  L1 (Dn channel): 0.0007 (0.0008)  IoU (P channel): 0.3512 (0.3473)  lr: 0.000673  iter-time: 0.9293
[14:41:15.156609] Epoch: [35]  [150/491]  eta: 0:05:28  loss: 0.0418 (0.0576)  IoU (F channel): 0.4753 (0.4714)  L1 (Dc channel): 0.0005 (0.0006)  L1 (Dn channel): 0.0006 (0.0008)  IoU (P channel): 0.3542 (0.3475)  lr: 0.000672  iter-time: 0.9389
[14:41:24.459592] Epoch: [35]  [160/491]  eta: 0:05:18  loss: 0.0368 (0.0580)  IoU (F channel): 0.4753 (0.4701)  L1 (Dc channel): 0.0005 (0.0006)  L1 (Dn channel): 0.0006 (0.0008)  IoU (P channel): 0.3326 (0.3467)  lr: 0.000671  iter-time: 0.9369
[14:41:33.739180] Epoch: [35]  [170/491]  eta: 0:05:08  loss: 0.0542 (0.0578)  IoU (F channel): 0.4804 (0.4733)  L1 (Dc channel): 0.0006 (0.0006)  L1 (Dn channel): 0.0007 (0.0008)  IoU (P channel): 0.3462 (0.3482)  lr: 0.000670  iter-time: 0.9290
[14:41:43.021308] Epoch: [35]  [180/491]  eta: 0:04:58  loss: 0.0582 (0.0584)  IoU (F channel): 0.4804 (0.4736)  L1 (Dc channel): 0.0006 (0.0006)  L1 (Dn channel): 0.0009 (0.0008)  IoU (P channel): 0.3481 (0.3482)  lr: 0.000670  iter-time: 0.9279
[14:41:52.339594] Epoch: [35]  [190/491]  eta: 0:04:48  loss: 0.0554 (0.0582)  IoU (F channel): 0.4778 (0.4757)  L1 (Dc channel): 0.0005 (0.0006)  L1 (Dn channel): 0.0008 (0.0008)  IoU (P channel): 0.3476 (0.3492)  lr: 0.000669  iter-time: 0.9299
[14:42:01.644365] Epoch: [35]  [200/491]  eta: 0:04:38  loss: 0.0453 (0.0575)  IoU (F channel): 0.4956 (0.4750)  L1 (Dc channel): 0.0005 (0.0006)  L1 (Dn channel): 0.0007 (0.0008)  IoU (P channel): 0.3444 (0.3469)  lr: 0.000668  iter-time: 0.9310
[14:42:11.009992] Epoch: [35]  [210/491]  eta: 0:04:28  loss: 0.0550 (0.0589)  IoU (F channel): 0.4648 (0.4749)  L1 (Dc channel): 0.0005 (0.0006)  L1 (Dn channel): 0.0007 (0.0008)  IoU (P channel): 0.3430 (0.3473)  lr: 0.000668  iter-time: 0.9334
[14:42:20.298079] Epoch: [35]  [220/491]  eta: 0:04:18  loss: 0.0605 (0.0591)  IoU (F channel): 0.4648 (0.4747)  L1 (Dc channel): 0.0006 (0.0006)  L1 (Dn channel): 0.0008 (0.0008)  IoU (P channel): 0.3484 (0.3481)  lr: 0.000667  iter-time: 0.9325
[14:42:29.811015] Epoch: [35]  [230/491]  eta: 0:04:08  loss: 0.0521 (0.0589)  IoU (F channel): 0.4277 (0.4733)  L1 (Dc channel): 0.0006 (0.0006)  L1 (Dn channel): 0.0008 (0.0008)  IoU (P channel): 0.3420 (0.3474)  lr: 0.000666  iter-time: 0.9399
[14:42:39.243931] Epoch: [35]  [240/491]  eta: 0:03:59  loss: 0.0560 (0.0596)  IoU (F channel): 0.4652 (0.4747)  L1 (Dc channel): 0.0006 (0.0006)  L1 (Dn channel): 0.0008 (0.0009)  IoU (P channel): 0.3601 (0.3482)  lr: 0.000665  iter-time: 0.9472
[14:42:48.664931] Epoch: [35]  [250/491]  eta: 0:03:49  loss: 0.0542 (0.0598)  IoU (F channel): 0.4670 (0.4742)  L1 (Dc channel): 0.0006 (0.0006)  L1 (Dn channel): 0.0008 (0.0009)  IoU (P channel): 0.3617 (0.3482)  lr: 0.000665  iter-time: 0.9426
[14:42:57.933398] Epoch: [35]  [260/491]  eta: 0:03:39  loss: 0.0507 (0.0595)  IoU (F channel): 0.4670 (0.4749)  L1 (Dc channel): 0.0005 (0.0006)  L1 (Dn channel): 0.0007 (0.0009)  IoU (P channel): 0.3403 (0.3480)  lr: 0.000664  iter-time: 0.9343
[14:43:07.266005] Epoch: [35]  [270/491]  eta: 0:03:30  loss: 0.0587 (0.0599)  IoU (F channel): 0.4987 (0.4755)  L1 (Dc channel): 0.0007 (0.0006)  L1 (Dn channel): 0.0008 (0.0009)  IoU (P channel): 0.3618 (0.3488)  lr: 0.000663  iter-time: 0.9299
[14:43:16.647078] Epoch: [35]  [280/491]  eta: 0:03:20  loss: 0.0587 (0.0597)  IoU (F channel): 0.4503 (0.4743)  L1 (Dc channel): 0.0006 (0.0006)  L1 (Dn channel): 0.0007 (0.0008)  IoU (P channel): 0.3618 (0.3482)  lr: 0.000663  iter-time: 0.9356
[14:43:25.960997] Epoch: [35]  [290/491]  eta: 0:03:10  loss: 0.0521 (0.0595)  IoU (F channel): 0.4503 (0.4741)  L1 (Dc channel): 0.0005 (0.0006)  L1 (Dn channel): 0.0006 (0.0008)  IoU (P channel): 0.3420 (0.3480)  lr: 0.000662  iter-time: 0.9346
[14:43:35.121150] Epoch: [35]  [300/491]  eta: 0:03:01  loss: 0.0521 (0.0593)  IoU (F channel): 0.4591 (0.4731)  L1 (Dc channel): 0.0005 (0.0006)  L1 (Dn channel): 0.0007 (0.0008)  IoU (P channel): 0.3437 (0.3479)  lr: 0.000661  iter-time: 0.9236
[14:43:44.294338] Epoch: [35]  [310/491]  eta: 0:02:51  loss: 0.0467 (0.0589)  IoU (F channel): 0.4603 (0.4731)  L1 (Dc channel): 0.0005 (0.0006)  L1 (Dn channel): 0.0007 (0.0008)  IoU (P channel): 0.3320 (0.3471)  lr: 0.000660  iter-time: 0.9166
[14:43:53.459430] Epoch: [35]  [320/491]  eta: 0:02:41  loss: 0.0463 (0.0589)  IoU (F channel): 0.4704 (0.4727)  L1 (Dc channel): 0.0005 (0.0006)  L1 (Dn channel): 0.0007 (0.0008)  IoU (P channel): 0.3445 (0.3477)  lr: 0.000660  iter-time: 0.9168
[14:44:02.619802] Epoch: [35]  [330/491]  eta: 0:02:32  loss: 0.0656 (0.0590)  IoU (F channel): 0.4711 (0.4732)  L1 (Dc channel): 0.0006 (0.0006)  L1 (Dn channel): 0.0008 (0.0008)  IoU (P channel): 0.3560 (0.3479)  lr: 0.000659  iter-time: 0.9162
[14:44:11.779316] Epoch: [35]  [340/491]  eta: 0:02:22  loss: 0.0622 (0.0591)  IoU (F channel): 0.4716 (0.4737)  L1 (Dc channel): 0.0006 (0.0006)  L1 (Dn channel): 0.0008 (0.0008)  IoU (P channel): 0.3504 (0.3479)  lr: 0.000658  iter-time: 0.9159
[14:44:20.977366] Epoch: [35]  [350/491]  eta: 0:02:13  loss: 0.0453 (0.0588)  IoU (F channel): 0.4876 (0.4745)  L1 (Dc channel): 0.0005 (0.0006)  L1 (Dn channel): 0.0007 (0.0008)  IoU (P channel): 0.3312 (0.3475)  lr: 0.000657  iter-time: 0.9178
[14:44:30.238904] Epoch: [35]  [360/491]  eta: 0:02:03  loss: 0.0453 (0.0587)  IoU (F channel): 0.5008 (0.4743)  L1 (Dc channel): 0.0005 (0.0006)  L1 (Dn channel): 0.0006 (0.0008)  IoU (P channel): 0.3367 (0.3471)  lr: 0.000657  iter-time: 0.9229
[14:44:39.414331] Epoch: [35]  [370/491]  eta: 0:01:54  loss: 0.0511 (0.0586)  IoU (F channel): 0.4746 (0.4746)  L1 (Dc channel): 0.0006 (0.0006)  L1 (Dn channel): 0.0008 (0.0008)  IoU (P channel): 0.3299 (0.3474)  lr: 0.000656  iter-time: 0.9218
[14:44:48.595582] Epoch: [35]  [380/491]  eta: 0:01:44  loss: 0.0511 (0.0583)  IoU (F channel): 0.4727 (0.4745)  L1 (Dc channel): 0.0005 (0.0006)  L1 (Dn channel): 0.0007 (0.0008)  IoU (P channel): 0.3346 (0.3473)  lr: 0.000655  iter-time: 0.9177
[14:44:57.892336] Epoch: [35]  [390/491]  eta: 0:01:35  loss: 0.0493 (0.0582)  IoU (F channel): 0.4634 (0.4751)  L1 (Dc channel): 0.0005 (0.0006)  L1 (Dn channel): 0.0007 (0.0008)  IoU (P channel): 0.3432 (0.3477)  lr: 0.000655  iter-time: 0.9238
[14:45:07.060075] Epoch: [35]  [400/491]  eta: 0:01:25  loss: 0.0562 (0.0582)  IoU (F channel): 0.4709 (0.4748)  L1 (Dc channel): 0.0005 (0.0006)  L1 (Dn channel): 0.0007 (0.0008)  IoU (P channel): 0.3363 (0.3471)  lr: 0.000654  iter-time: 0.9231
[14:45:16.221616] Epoch: [35]  [410/491]  eta: 0:01:16  loss: 0.0430 (0.0578)  IoU (F channel): 0.4813 (0.4751)  L1 (Dc channel): 0.0005 (0.0006)  L1 (Dn channel): 0.0007 (0.0008)  IoU (P channel): 0.3253 (0.3468)  lr: 0.000653  iter-time: 0.9164
[14:45:25.380836] Epoch: [35]  [420/491]  eta: 0:01:06  loss: 0.0430 (0.0582)  IoU (F channel): 0.5122 (0.4764)  L1 (Dc channel): 0.0005 (0.0006)  L1 (Dn channel): 0.0007 (0.0008)  IoU (P channel): 0.3582 (0.3473)  lr: 0.000652  iter-time: 0.9159
[14:45:34.545422] Epoch: [35]  [430/491]  eta: 0:00:57  loss: 0.0615 (0.0582)  IoU (F channel): 0.4821 (0.4757)  L1 (Dc channel): 0.0005 (0.0006)  L1 (Dn channel): 0.0008 (0.0008)  IoU (P channel): 0.3488 (0.3474)  lr: 0.000652  iter-time: 0.9161
[14:45:43.705399] Epoch: [35]  [440/491]  eta: 0:00:47  loss: 0.0530 (0.0582)  IoU (F channel): 0.4848 (0.4767)  L1 (Dc channel): 0.0004 (0.0006)  L1 (Dn channel): 0.0007 (0.0008)  IoU (P channel): 0.3437 (0.3475)  lr: 0.000651  iter-time: 0.9161
[14:45:52.877097] Epoch: [35]  [450/491]  eta: 0:00:38  loss: 0.0528 (0.0582)  IoU (F channel): 0.5179 (0.4774)  L1 (Dc channel): 0.0004 (0.0006)  L1 (Dn channel): 0.0007 (0.0008)  IoU (P channel): 0.3437 (0.3477)  lr: 0.000650  iter-time: 0.9165
[14:46:02.193739] Epoch: [35]  [460/491]  eta: 0:00:29  loss: 0.0512 (0.0583)  IoU (F channel): 0.4471 (0.4772)  L1 (Dc channel): 0.0004 (0.0006)  L1 (Dn channel): 0.0007 (0.0008)  IoU (P channel): 0.3366 (0.3479)  lr: 0.000649  iter-time: 0.9243
[14:46:11.441642] Epoch: [35]  [470/491]  eta: 0:00:19  loss: 0.0492 (0.0582)  IoU (F channel): 0.4707 (0.4783)  L1 (Dc channel): 0.0004 (0.0006)  L1 (Dn channel): 0.0007 (0.0008)  IoU (P channel): 0.3672 (0.3482)  lr: 0.000649  iter-time: 0.9281
[14:46:20.599033] Epoch: [35]  [480/491]  eta: 0:00:10  loss: 0.0594 (0.0583)  IoU (F channel): 0.4975 (0.4785)  L1 (Dc channel): 0.0005 (0.0006)  L1 (Dn channel): 0.0007 (0.0008)  IoU (P channel): 0.3701 (0.3487)  lr: 0.000648  iter-time: 0.9201
[14:46:29.255275] Epoch: [35]  [490/491]  eta: 0:00:00  loss: 0.0617 (0.0585)  IoU (F channel): 0.4542 (0.4779)  L1 (Dc channel): 0.0005 (0.0006)  L1 (Dn channel): 0.0007 (0.0008)  IoU (P channel): 0.3631 (0.3484)  lr: 0.000647  iter-time: 0.8906
[14:46:29.255549] Epoch: [35] Total time: 0:07:39 (0.9363 s / it)
[14:46:29.255582] [Train] averaged stats: loss: 0.0617 (0.0585)  IoU (F channel): 0.4542 (0.4779)  L1 (Dc channel): 0.0005 (0.0006)  L1 (Dn channel): 0.0007 (0.0008)  IoU (P channel): 0.3631 (0.3484)  lr: 0.000647
[14:46:35.869857] Epoch: [35]  [ 0/27]  eta: 0:02:58  loss: 0.0126 (0.0126)  IoU (F channel): 0.0000 (0.0000)  L1 (Dc channel): 0.0004 (0.0004)  L1 (Dn channel): 0.0002 (0.0002)  IoU (P channel): 0.0000 (0.0000)  iter-time: 6.6131
[14:46:41.819251] Epoch: [35]  [10/27]  eta: 0:00:19  loss: 0.1652 (0.2762)  IoU (F channel): 0.4674 (0.3224)  L1 (Dc channel): 0.0005 (0.0006)  L1 (Dn channel): 0.0003 (0.0009)  IoU (P channel): 0.2941 (0.2284)  iter-time: 1.1420
[14:46:48.549369] Epoch: [35]  [20/27]  eta: 0:00:06  loss: 0.1189 (0.2298)  IoU (F channel): 0.4364 (0.3464)  L1 (Dc channel): 0.0005 (0.0006)  L1 (Dn channel): 0.0003 (0.0008)  IoU (P channel): 0.2941 (0.2484)  iter-time: 0.6339
[14:46:50.070112] Epoch: [35]  [26/27]  eta: 0:00:00  loss: 0.0969 (0.2273)  IoU (F channel): 0.4364 (0.3605)  L1 (Dc channel): 0.0005 (0.0006)  L1 (Dn channel): 0.0005 (0.0008)  IoU (P channel): 0.3195 (0.2590)  iter-time: 0.5132
[14:46:50.070216] Epoch: [35] Total time: 0:00:20 (0.7709 s / it)
[14:46:50.070233] [Val] averaged stats: loss: 0.0969 (0.2273)  IoU (F channel): 0.4364 (0.3605)  L1 (Dc channel): 0.0005 (0.0006)  L1 (Dn channel): 0.0005 (0.0008)  IoU (P channel): 0.3195 (0.2590)
[14:46:50.070396] [Val] best loss: 0.1590 best  IoU (F channel): 0.2385 L1 (Dc channel): 0.0011 L1 (Dn channel): 0.0012 IoU (P channel): 0.1855 
[14:46:50.082743] Creating training plots . . .
EarlyStopping counter: 10 out of 10
[14:46:56.800484] Early stopping
[14:46:56.800524] Training time: 4:41:47
[14:46:56.800565] Train loss: 0.05845864602723092
[14:46:56.800571] Train IoU (F channel): 0.4779049652778447
[14:46:56.800577] Train L1 (Dc channel): 0.0005758302451939799
[14:46:56.800582] Train L1 (Dn channel): 0.0008417497781831335
[14:46:56.800588] Train IoU (P channel): 0.34843632375514194
[14:46:56.800593] Validation loss: 0.15897361258113826
[14:46:56.800598] Validation IoU (F channel): 0.23854655027389526
[14:46:56.800603] Validation L1 (Dc channel): 0.001096413703635335
[14:46:56.800608] Validation L1 (Dn channel): 0.001198320183902979
[14:46:56.800613] Validation IoU (P channel): 0.1854810118675232
[14:46:56.800618] 
[14:46:56.800623] Finished Training
[14:46:56.802634] Loading checkpoint from file metrics/biapy/biapy-channel-scale-zarr-seunet/checkpoints/biapy-channel-scale-zarr-seunet_1_w3443-checkpoint-best.pth
[14:46:56.919794] Model weights loaded!
[14:46:56.950291] Normalization used in when creating BMZ data: {'type': 'zero_mean_unit_variance', 'percentile_clip': False, 'orig_dtype': 'float32', 'out_dtype': 'float32', 'per_channel_info': {'0': {'mean': 0.0, 'std': 0.0}, '1': {'mean': 4.8933820724487305, 'std': 0.9863380193710327}, '2': {'mean': 1.0, 'std': 0.0}}}
[14:46:56.971445] Releasing memory . . .
