SBATCH Run: biapy-channel-scale-zarr-seunet.yaml, mode: train, job-name: biapy-channel-scale-zarr-seunet, run-id: 0
SLURM_CPUS_PER_TASK=16
running BiaPy/run_biapy-py.py
Patched BiaPy create_instance_channels: float32 channels + full-volume Zarr v2 GT export
Mode overrides (train): TRAIN.ENABLE=True, TEST.ENABLE=False, MODEL.LOAD_CHECKPOINT=False
CPU overrides: SYSTEM.NUM_CPUS=16, SYSTEM.NUM_WORKERS=16
Date     : 2026-08-26 12:05:44
Arguments: Namespace(config={'SYSTEM': {'NUM_CPUS': 16, 'NUM_WORKERS': -1}, 'PROBLEM': {'TYPE': 'INSTANCE_SEG', 'NDIM': '3D', 'INSTANCE_SEG': {'DATA_CHANNELS': ['F', 'Dc', 'Dn', 'P'], 'DATA_CHANNELS_EXTRA_OPTS': [{'P': {'type': 'skeleton', 'dilation': 2}, 'Dc': {'type': 'skeleton', 'mask_values': False}, 'Dn': {'mask_values': False, 'decline_power': 2}}], 'DATA_CHANNEL_WEIGHTS': '(3.0, 4.0, 4.0, 3.0)', 'WATERSHED': {'SEED_CHANNELS': ['Dc', 'Dn'], 'SEED_CHANNELS_THRESH': ['auto', 0.05], 'TOPOGRAPHIC_SURFACE_CHANNEL': 'F', 'GROWTH_MASK_CHANNELS': ['F'], 'GROWTH_MASK_CHANNELS_THRESH': ['auto'], 'DATA_CHECK_MW': True}}}, 'DATA': {'PATCH_SIZE': '(80, 128, 128, 3)', 'TRAIN': {'PATH': 'fisbe/biapy-channel-scale-zarr/train/raw', 'GT_PATH': 'fisbe/biapy-channel-scale-zarr/train/label', 'INPUT_IMG_AXES_ORDER': 'ZYXC', 'INPUT_MASK_AXES_ORDER': 'ZYXC', 'IN_MEMORY': False}, 'VAL': {'PATH': 'fisbe/biapy-no-aug-zarr/val/raw', 'GT_PATH': 'fisbe/biapy-no-aug-zarr/val/label', 'FROM_TRAIN': False, 'INPUT_IMG_AXES_ORDER': 'ZYXC', 'INPUT_MASK_AXES_ORDER': 'ZYXC', 'IN_MEMORY': False}, 'TEST': {'PATH': 'fisbe/biapy-no-aug-zarr/test/raw', 'GT_PATH': 'fisbe/biapy-no-aug-zarr/test/label', 'INPUT_IMG_AXES_ORDER': 'ZYXC', 'INPUT_MASK_AXES_ORDER': 'ZYXC', 'IN_MEMORY': False, 'LOAD_GT': True, 'PADDING': '(4,16,16)'}}, 'AUGMENTOR': {'ENABLE': False, 'RANDOM_ROT': False, 'VFLIP': False, 'HFLIP': False, 'ZFLIP': False}, 'MODEL': {'ARCHITECTURE': 'seunet', 'FEATURE_MAPS': [16, 32, 64, 128, 256], 'Z_DOWN': [1, 1, 1, 1], 'LOAD_CHECKPOINT': False}, 'TRAIN': {'ENABLE': True, 'OPTIMIZER': 'ADAMW', 'LR': 0.001, 'BATCH_SIZE': 34, 'EPOCHS': 60, 'PATIENCE': 10, 'LR_SCHEDULER': {'NAME': 'onecycle'}}, 'TEST': {'ENABLE': False, 'REUSE_PREDICTIONS': False, 'AUGMENTATION': False, 'FULL_IMG': False, 'BY_CHUNKS': {'ENABLE': True, 'FORMAT': 'zarr', 'SAVE_OUT_TIF': True, 'INPUT_IMG_AXES_ORDER': 'ZYXC', 'WORKFLOW_PROCESS': {'ENABLE': True, 'TYPE': 'entire_pred'}}, 'POST_PROCESSING': {'INSTANCE_REFINEMENT': {'ENABLE': True, 'OPERATIONS': ['remove_small_objects'], 'VALUES': [1000]}}}}, result_dir='metrics/biapy', name='biapy-channel-scale-zarr-seunet', run_id='0', gpu='0', world_size=1, local_rank=-1, dist_on_itp=False, dist_url='env://', dist_backend='nccl')
Job      : biapy-channel-scale-zarr-seunet_0
BiaPy    : 3.7.0
Python   : 3.11.15 | packaged by conda-forge | (main, Jun 11 2026, 03:34:02) [GCC 14.3.0]
PyTorch  : 2.12.1+cu130
The following changes were made in order to adapt the input configuration:
Not using distributed mode
[12:05:45.318521] **** Using GPU: 'cuda' for training
[12:05:45.448596] CPU budget(total)=16 | per_rank=16 | main_threads=4 | num_workers(per_rank)=8 | world_size=1
[12:05:45.490739] Configuration details:
[12:05:45.490756] AUGMENTOR:
  AFFINE_MODE: reflect
  AUG_NUM_SAMPLES: 10
  AUG_SAMPLES: True
  BRIGHTNESS: False
  BRIGHTNESS_FACTOR: (-0.1, 0.1)
  BRIGHTNESS_PROB: 0.5
  CBLUR_DOWN_RANGE: (2, 8)
  CBLUR_INSIDE: True
  CBLUR_SIZE: (0.2, 0.4)
  CHANNEL_SHUFFLE: False
  CHANNEL_SHUFFLE_PROB: 0.5
  CMIX_SIZE: (0.2, 0.4)
  CNOISE_NB_ITERATIONS: (1, 3)
  CNOISE_SCALE: (0.05, 0.1)
  CNOISE_SIZE: (0.2, 0.4)
  CONTRAST: False
  CONTRAST_FACTOR: (-0.1, 0.1)
  CONTRAST_PROB: 0.5
  COUT_APPLY_TO_MASK: False
  COUT_CVAL: 0.0
  COUT_NB_ITERATIONS: (1, 3)
  COUT_SIZE: (0.05, 0.3)
  CUTBLUR: False
  CUTBLUR_PROB: 0.5
  CUTMIX: False
  CUTMIX_PROB: 0.5
  CUTNOISE: False
  CUTNOISE_PROB: 0.5
  CUTOUT: False
  CUTOUT_PROB: 0.5
  DRAW_GRID: True
  DROPOUT: False
  DROPOUT_PROB: 0.5
  DROP_RANGE: (0, 0.2)
  ELASTIC: False
  ELASTIC_PROB: 0.5
  ENABLE: False
  E_ALPHA: (12, 16)
  E_MODE: constant
  E_SIGMA: 4
  GAMMA_CONTRAST: False
  GAMMA_CONTRAST_PROB: 0.5
  GAUSSIAN_NOISE: False
  GAUSSIAN_NOISE_MEAN: 0.0
  GAUSSIAN_NOISE_PROB: 0.5
  GAUSSIAN_NOISE_USE_INPUT_IMG_MEAN_AND_VAR: False
  GAUSSIAN_NOISE_VAR: 0.05
  GC_GAMMA: (1.25, 1.75)
  GRAYSCALE: False
  GRAYSCALE_PROB: 0.5
  GRIDMASK: False
  GRIDMASK_PROB: 0.5
  GRID_D_RANGE: (0.4, 1)
  GRID_INVERT: False
  GRID_RATIO: 0.6
  GRID_ROTATE: 1.0
  G_BLUR: False
  G_BLUR_PROB: 0.5
  G_SIGMA: (1.0, 2.0)
  HFLIP: False
  HFLIP_PROB: 0.5
  MB_KERNEL: (3, 7)
  MEDIAN_BLUR: False
  MEDIAN_BLUR_PROB: 0.5
  MISALIGNMENT: False
  MISALIGNMENT_PROB: 0.5
  MISSING_SECTIONS: False
  MISSING_SECTIONS_PROB: 0.5
  MISSP_CHANNEL_PB: 0.5
  MISSP_ITERATIONS: (10, 30)
  MOTB_K_RANGE: (8, 12)
  MOTION_BLUR: False
  MOTION_BLUR_PROB: 0.5
  MS_DISPLACEMENT: 16
  MS_ROTATE_RATIO: 0.5
  PEPPER: False
  PEPPER_AMOUNT: 0.05
  PEPPER_PROB: 0.5
  POISSON_NOISE: False
  POISSON_NOISE_PROB: 0.5
  RANDOM_ROT: False
  RANDOM_ROT_PROB: 0.5
  RANDOM_ROT_RANGE: (-180, 180)
  ROT90: False
  ROT90_PROB: 0.5
  SALT: False
  SALT_AMOUNT: 0.05
  SALT_AND_PEPPER: False
  SALT_AND_PEPPER_AMOUNT: 0.05
  SALT_AND_PEPPER_PROB: 0.5
  SALT_AND_PEPPER_PROP: 0.5
  SALT_PROB: 0.5
  SHEAR: False
  SHEAR_PROB: 0.5
  SHEAR_RANGE: (-20, 20)
  SHIFT: False
  SHIFT_PROB: 0.5
  SHIFT_RANGE: (0.1, 0.2)
  SHUFFLE_TRAIN_DATA_EACH_EPOCH: True
  SHUFFLE_VAL_DATA_EACH_EPOCH: False
  VFLIP: False
  VFLIP_PROB: 0.5
  ZFLIP: False
  ZFLIP_PROB: 0.5
  ZOOM: False
  ZOOM_IN_Z: False
  ZOOM_PROB: 0.5
  ZOOM_RANGE: (0.5, 1.5)
DATA:
  CHECK_GENERATORS: False
  FILTER_BY_IMAGE: False
  FORCE_RGB: False
  NORMALIZATION:
    PERC_CLIP:
      ENABLE: False
      LOWER_PERC: -1.0
      LOWER_VALUE: [-1.0]
      UPPER_PERC: -1.0
      UPPER_VALUE: [-1.0]
    TYPE: zero_mean_unit_variance
    ZERO_MEAN_UNIT_VAR:
      MEAN_VAL: [-1.0]
      STD_VAL: [-1.0]
  N_CLASSES: 2
  PATCH_SIZE: (80, 128, 128, 3)
  PREPROCESS:
    CANNY:
      ENABLE: False
      HIGH_THRESHOLD: None
      LOW_THRESHOLD: None
    CLAHE:
      CLIP_LIMIT: 0.01
      ENABLE: False
      KERNEL_SIZE: None
    GAUSSIAN_BLUR:
      CHANNEL_AXIS: None
      ENABLE: False
      MODE: nearest
      SIGMA: 1
    MATCH_HISTOGRAM:
      ENABLE: False
      REFERENCE_PATH: user_data/test/x
    MEDIAN_BLUR:
      ENABLE: False
      KERNEL_SIZE: (3, 3, 1)
    RESIZE:
      ANTI_ALIASING: False
      CLIP: True
      CVAL: 0.0
      ENABLE: False
      MODE: reflect
      ORDER: 1
      OUTPUT_SHAPE: (512, 512)
      PRESERVE_RANGE: True
    TEST: False
    TRAIN: False
    VAL: False
    ZOOM:
      ENABLE: False
      ZOOM_FACTOR: [1, 1, 1, 1, 1]
  REFLECT_TO_COMPLETE_SHAPE: True
  SAVE_FILTERED_IMAGES: False
  SAVE_FILTERED_IMAGES_NUM: 3
  TEST:
    BINARY_MASKS: fisbe/biapy-no-aug-zarr/test/raw/../bin_mask
    CHECK_DATA: True
    DETECTION_MASK_DIR: fisbe/biapy-no-aug-zarr/test/label_detection_masks_2
    FILTER_SAMPLES:
      ENABLE: False
      NORM_BEFORE: False
      PROPS: []
      SIGNS: []
      VALUES: []
    GT_PATH: fisbe/biapy-no-aug-zarr/test/label
    INPUT_IMG_AXES_ORDER: ZYXC
    INPUT_MASK_AXES_ORDER: ZYXC
    INPUT_ZARR_MULTIPLE_DATA: False
    INPUT_ZARR_MULTIPLE_DATA_GT_PATH: 
    INPUT_ZARR_MULTIPLE_DATA_ID_PATH: annotations.ids
    INPUT_ZARR_MULTIPLE_DATA_LOCATIONS_PATH: annotations.locations
    INPUT_ZARR_MULTIPLE_DATA_PARTNERS_PATH: annotations.presynaptic_site.partners
    INPUT_ZARR_MULTIPLE_DATA_RAW_PATH: 
    INPUT_ZARR_MULTIPLE_DATA_RESOLUTION_PATH: volumes.raw
    INSTANCE_CHANNELS_MASK_DIR: fisbe/biapy-no-aug-zarr/test/label_F.erosion-0.dilation-0_Dc.type-skeleton.norm-True.mask_values-False_Dn.closing_size-3.norm-True.mask_values-False.decline_power-2_P.type-skeleton.dilation-2.erosion-0
    IN_MEMORY: False
    LOAD_GT: True
    MEDIAN_PADDING: False
    OVERLAP: (0, 0, 0)
    PADDING: (4, 16, 16)
    PATH: fisbe/biapy-no-aug-zarr/test/raw
    RESOLUTION: (1, 1, 1)
    SSL_SOURCE_DIR: fisbe/biapy-no-aug-zarr/test/raw_ssl_source
    USE_VAL_AS_TEST: False
  TRAIN:
    CHECK_DATA: True
    DETECTION_MASK_DIR: fisbe/biapy-channel-scale-zarr/train/label_detection_masks_2
    EXTRACT_RANDOM_PATCH: False
    FILTER_SAMPLES:
      ENABLE: False
      NORM_BEFORE: False
      PROPS: []
      SIGNS: []
      VALUES: []
    GT_PATH: fisbe/biapy-channel-scale-zarr/train/label
    INPUT_IMG_AXES_ORDER: ZYXC
    INPUT_MASK_AXES_ORDER: ZYXC
    INPUT_ZARR_MULTIPLE_DATA: False
    INPUT_ZARR_MULTIPLE_DATA_GT_PATH: 
    INPUT_ZARR_MULTIPLE_DATA_ID_PATH: annotations.ids
    INPUT_ZARR_MULTIPLE_DATA_LOCATIONS_PATH: annotations.locations
    INPUT_ZARR_MULTIPLE_DATA_PARTNERS_PATH: annotations.presynaptic_site.partners
    INPUT_ZARR_MULTIPLE_DATA_RAW_PATH: 
    INPUT_ZARR_MULTIPLE_DATA_RESOLUTION_PATH: volumes.raw
    INSTANCE_CHANNELS_MASK_DIR: fisbe/biapy-channel-scale-zarr/train/label_F.erosion-0.dilation-0_Dc.type-skeleton.norm-True.mask_values-False_Dn.closing_size-3.norm-True.mask_values-False.decline_power-2_P.type-skeleton.dilation-2.erosion-0
    IN_MEMORY: False
    OVERLAP: (0, 0, 0)
    PADDING: (0, 0, 0)
    PATH: fisbe/biapy-channel-scale-zarr/train/raw
    PROBABILITY_MAP: False
    REPLICATE: 0
    RESOLUTION: (1, 1, 1)
    SSL_SOURCE_DIR: fisbe/biapy-channel-scale-zarr/train/raw_ssl_source
    W_BACKGROUND: 0.06
    W_FOREGROUND: 0.94
  VAL:
    CROSS_VAL: False
    CROSS_VAL_FOLD: 1
    CROSS_VAL_NFOLD: 5
    DETECTION_MASK_DIR: fisbe/biapy-no-aug-zarr/val/label_detection_masks_2
    DIST_EVAL: True
    FILTER_SAMPLES:
      ENABLE: False
      NORM_BEFORE: False
      PROPS: []
      SIGNS: []
      VALUES: []
    FROM_TRAIN: False
    GT_PATH: fisbe/biapy-no-aug-zarr/val/label
    INPUT_IMG_AXES_ORDER: ZYXC
    INPUT_MASK_AXES_ORDER: ZYXC
    INPUT_ZARR_MULTIPLE_DATA: False
    INPUT_ZARR_MULTIPLE_DATA_GT_PATH: 
    INPUT_ZARR_MULTIPLE_DATA_ID_PATH: annotations.ids
    INPUT_ZARR_MULTIPLE_DATA_LOCATIONS_PATH: annotations.locations
    INPUT_ZARR_MULTIPLE_DATA_PARTNERS_PATH: annotations.presynaptic_site.partners
    INPUT_ZARR_MULTIPLE_DATA_RAW_PATH: 
    INPUT_ZARR_MULTIPLE_DATA_RESOLUTION_PATH: volumes.raw
    INSTANCE_CHANNELS_MASK_DIR: fisbe/biapy-no-aug-zarr/val/label_F.erosion-0.dilation-0_Dc.type-skeleton.norm-True.mask_values-False_Dn.closing_size-3.norm-True.mask_values-False.decline_power-2_P.type-skeleton.dilation-2.erosion-0
    IN_MEMORY: False
    OVERLAP: (0, 0, 0)
    PADDING: (0, 0, 0)
    PATH: fisbe/biapy-no-aug-zarr/val/raw
    RANDOM: True
    RESOLUTION: (1, 1, 1)
    SPLIT_TRAIN: 0.1
    SSL_SOURCE_DIR: fisbe/biapy-no-aug-zarr/val/raw_ssl_source
LOG:
  CHART_CREATION_FREQ: 5
  LOG_DIR: metrics/biapy/biapy-channel-scale-zarr-seunet/logs
  LOG_FILE_PREFIX: biapy-channel-scale-zarr-seunet_0
  TENSORBOARD_LOG_DIR: metrics/biapy/biapy-channel-scale-zarr-seunet/results/biapy-channel-scale-zarr-seunet_0/tensorboard
LOSS:
  CLASS_REBALANCE: none
  CLASS_WEIGHTS: []
  CONTRAST:
    ENABLE: False
    MEMORY_SIZE: 5000
    PIXEL_UPD_FREQ: 10
    PROJ_DIM: 256
  CYCLEGAN:
    ALPHA_PERCEPTUAL: 0.0
    DELTA_MSE: 0.0
    GAMMA_SSIM: 1.0
    LAMBDA_GAN: 1.0
    LAMBDA_RECON: 10.0
  IGNORE_INDEX: -1
  TYPE: 
  WEIGHTS: [1.0, 1.0]
MODEL:
  ACTIVATION: elu
  ARCHITECTURE: seunet
  BMZ:
    EXPORT:
      AUTHORS: []
      CITE: []
      DATASET_INFO: [{}]
      DESCRIPTION: 
      DOCUMENTATION: 
      ENABLE: False
      LICENSE: CC-BY-4.0
      MODEL_NAME: 
      MODEL_VERSION: 0.1.0
      REUSE_BMZ_CONFIG: False
      TAGS: []
    SOURCE_MODEL_ID: 
  CONVNEXT_LAYER_SCALE: 1e-06
  CONVNEXT_SD_PROB: 0.1
  CONVNEXT_STEM_K_SIZE: 2
  CONV_BLOCK_ORDER: conv_norm_act
  CONV_LAYERS: [2, 2, 2, 2, 2]
  DROPOUT_VALUES: [0.0, 0.0, 0.0, 0.0, 0.0]
  FEATURE_MAPS: [16, 32, 64, 128, 256]
  FREEZE_LAYERS_MATCHING: []
  HRNET:
    BLOCK_TYPE: BASIC
    HEAD_TYPE: FCN
    NUM_BLOCKS: [[4, 4], [4, 4, 4], [4, 4, 4, 4]]
    NUM_BRANCHES: [2, 3, 4]
    NUM_CHANNELS: [[18, 36], [18, 36, 72], [18, 36, 72, 144]]
    NUM_MODULES: [1, 4, 3]
    NUM_STAGES: 3
    VARIANT: W48
    YX_DOWN: [0, 0, 0]
    Z_DOWN: [0, 0, 0]
  ISOTROPY: [True, True, True, True, True]
  ITEMS_TO_LOAD_FROM_CHECKPOINT: ['weights', 'norm', 'model_arch']
  KERNEL_SIZE: 3
  LARGER_IO: False
  LOAD_CHECKPOINT: False
  LOAD_CHECKPOINT_EPOCH: best_on_val
  MAE_DEC_HIDDEN_SIZE: 512
  MAE_DEC_MLP_DIMS: 2048
  MAE_DEC_NUM_HEADS: 16
  MAE_DEC_NUM_LAYERS: 8
  MAE_MASK_RATIO: 0.5
  MAE_MASK_TYPE: grid
  NAFNET:
    ARCHITECTURE_D: patchgan
    DEC_BLK_NUMS: [2, 2, 2, 2]
    DW_EXPAND: 2
    ENC_BLK_NUMS: [2, 2, 4, 8]
    FFN_EXPAND: 2
    MIDDLE_BLK_NUM: 12
    PATCHGAN:
      BASE_FILTERS: 64
    WIDTH: 16
  NORMALIZATION: in
  OUT_CHECKPOINT_FORMAT: pth
  RCAN_CONV_FILTERS: 16
  RCAN_RCAB_BLOCK_NUM: 20
  RCAN_REDUCTION_RATIO: 16
  RCAN_RG_BLOCK_NUM: 10
  RCAN_UPSCALING_LAYER: True
  SAVE_CKPT_FREQ: -1
  SKIP_UNMATCHED_LAYERS: False
  SOURCE: biapy
  STUNET:
    PRETRAINED: False
    VARIANT: base
  TORCHVISION_MODEL_NAME: 
  UNETR_VIT_HIDD_MULT: -1
  UNETR_VIT_MODEL: custom
  UNETR_VIT_NUM_FILTERS: 16
  UNET_SR_UPSAMPLE_POSITION: pre
  UPSAMPLE_LAYER: convtranspose
  VIT_EMBED_DIM: 768
  VIT_MLP_RATIO: 4.0
  VIT_MODEL: custom
  VIT_NORM_EPS: 1e-06
  VIT_NUM_HEADS: 12
  VIT_NUM_LAYERS: 12
  VIT_PRETRAINED_WEIGHTS: 
  VIT_TOKEN_SIZE: 16
  YX_DOWN: [2, 2, 2, 2]
  Z_DOWN: [1, 1, 1, 1]
PATHS:
  BMZ_EXPORT_PATH: metrics/biapy/biapy-channel-scale-zarr-seunet/results/biapy-channel-scale-zarr-seunet_0/BMZ_files
  CHARTS: metrics/biapy/biapy-channel-scale-zarr-seunet/results/biapy-channel-scale-zarr-seunet_0/charts
  CHECKPOINT: metrics/biapy/biapy-channel-scale-zarr-seunet/checkpoints
  CHECKPOINT_FILE: 
  DA_SAMPLES: metrics/biapy/biapy-channel-scale-zarr-seunet/results/biapy-channel-scale-zarr-seunet_0/aug
  FIL_SAMPLES_DIR: metrics/biapy/biapy-channel-scale-zarr-seunet/results/biapy-channel-scale-zarr-seunet_0/filtering_information
  GEN_CHECKS: metrics/biapy/biapy-channel-scale-zarr-seunet/results/biapy-channel-scale-zarr-seunet_0/gen_check
  GEN_MASK_CHECKS: metrics/biapy/biapy-channel-scale-zarr-seunet/results/biapy-channel-scale-zarr-seunet_0/gen_mask_check
  MAE_OUT_DIR: metrics/biapy/biapy-channel-scale-zarr-seunet/results/biapy-channel-scale-zarr-seunet_0/MAE_checks
  PROB_MAP_DIR: metrics/biapy/biapy-channel-scale-zarr-seunet/prob_map
  PROB_MAP_FILENAME: prob_map.npy
  PROFILER: metrics/biapy/biapy-channel-scale-zarr-seunet/results/biapy-channel-scale-zarr-seunet_0/profiler
  RESULT_DIR:
    AS_3D_STACK: metrics/biapy/biapy-channel-scale-zarr-seunet/results/biapy-channel-scale-zarr-seunet_0/as_3d_stack
    AS_3D_STACK_BIN: metrics/biapy/biapy-channel-scale-zarr-seunet/results/biapy-channel-scale-zarr-seunet_0/as_3d_stack_binarized
    AS_3D_STACK_POST_PROCESSING: metrics/biapy/biapy-channel-scale-zarr-seunet/results/biapy-channel-scale-zarr-seunet_0/as_3d_stack_post_processing
    DET_ASSOC_POINTS: metrics/biapy/biapy-channel-scale-zarr-seunet/results/biapy-channel-scale-zarr-seunet_0/point_associations
    DET_LOCAL_MAX_COORDS_CHECK: metrics/biapy/biapy-channel-scale-zarr-seunet/results/biapy-channel-scale-zarr-seunet_0/per_image_local_max_check
    DET_LOCAL_MAX_COORDS_CHECK_POST_PROCESSING: metrics/biapy/biapy-channel-scale-zarr-seunet/results/biapy-channel-scale-zarr-seunet_0/per_image_local_max_check_post_processing
    FULL_IMAGE: metrics/biapy/biapy-channel-scale-zarr-seunet/results/biapy-channel-scale-zarr-seunet_0/full_image
    FULL_IMAGE_BIN: metrics/biapy/biapy-channel-scale-zarr-seunet/results/biapy-channel-scale-zarr-seunet_0/full_image_binarized
    FULL_IMAGE_INSTANCES: metrics/biapy/biapy-channel-scale-zarr-seunet/results/biapy-channel-scale-zarr-seunet_0/full_image_instances
    FULL_IMAGE_POST_PROCESSING: metrics/biapy/biapy-channel-scale-zarr-seunet/results/biapy-channel-scale-zarr-seunet_0/full_image_post_processing
    INST_ASSOC_POINTS: metrics/biapy/biapy-channel-scale-zarr-seunet/results/biapy-channel-scale-zarr-seunet_0/instance_associations
    PATH: metrics/biapy/biapy-channel-scale-zarr-seunet/results/biapy-channel-scale-zarr-seunet_0
    PER_IMAGE: metrics/biapy/biapy-channel-scale-zarr-seunet/results/biapy-channel-scale-zarr-seunet_0/per_image
    PER_IMAGE_BIN: metrics/biapy/biapy-channel-scale-zarr-seunet/results/biapy-channel-scale-zarr-seunet_0/per_image_binarized
    PER_IMAGE_INSTANCES: metrics/biapy/biapy-channel-scale-zarr-seunet/results/biapy-channel-scale-zarr-seunet_0/per_image_instances
    PER_IMAGE_POST_PROCESSING: metrics/biapy/biapy-channel-scale-zarr-seunet/results/biapy-channel-scale-zarr-seunet_0/per_image_post_processing
  TEST_FULL_GT_H5: fisbe/biapy-no-aug-zarr/test/label/h5
  TEST_INSTANCE_CHANNELS_CHECK: metrics/biapy/biapy-channel-scale-zarr-seunet/results/biapy-channel-scale-zarr-seunet_0/test_FDcDnP_instance_channels
  TRAIN_INSTANCE_CHANNELS_CHECK: metrics/biapy/biapy-channel-scale-zarr-seunet/results/biapy-channel-scale-zarr-seunet_0/train_FDcDnP_instance_channels
  VAL_INSTANCE_CHANNELS_CHECK: metrics/biapy/biapy-channel-scale-zarr-seunet/results/biapy-channel-scale-zarr-seunet_0/val_FDcDnP_instance_channels
  WATERSHED_DIR: metrics/biapy/biapy-channel-scale-zarr-seunet/results/biapy-channel-scale-zarr-seunet_0/watershed
PROBLEM:
  DENOISING:
    LOAD_GT_DATA: False
    N2V_MANIPULATOR: uniform_withCP
    N2V_NEIGHBORHOOD_RADIUS: 5
    N2V_PERC_PIX: 0.198
    N2V_STRUCTMASK: False
  DETECTION:
    CENTRAL_POINT_DILATION: [2]
    CHECK_POINTS_CREATED: True
    CLASS_REBALANCE_WITHIN_CHANNELS: True
    DATA_CHANNEL_WEIGHTS: (1, 1)
    DATA_CHECK_MW: False
    SEPARATED_DECODERS_DIVIDE_FEATURE_MAPS: False
    SEPARATED_DECODERS_PER_HEAD: False
  IMAGE_TO_IMAGE:
    CHANNELS_PER_HEAD_INFO: []
    MULTIPLE_RAW_ONE_TARGET_LOADER: False
    OUTPUT_CHANNELS: 1
    OUTPUT_CHANNEL_ACT: []
    SEPARATED_DECODERS_DIVIDE_FEATURE_MAPS: False
    SEPARATED_DECODERS_PER_HEAD: False
  INSTANCE_SEG:
    BORDER_EXTRA_WEIGHTS: 
    CELLPOSE:
      DIAMETER: 0.0
      DIAM_MEAN: 30.0
      FG_THRESH: 0.5
      FLOW_THRESHOLD: 0.4
      N_STEPS: 200
      SCALE_RANGE: 0.5
      TEST_DOUBLE_INFERENCE: True
    CHANNELS_PER_HEAD_INFO: []
    CLASS_REBALANCE_WITHIN_CHANNELS: True
    DATA_CHANNELS: ['F', 'Dc', 'Dn', 'P']
    DATA_CHANNELS_EXTRA_OPTS: [{'P': {'type': 'skeleton', 'dilation': 2, 'erosion': 0}, 'Dc': {'type': 'skeleton', 'norm': True, 'mask_values': False}, 'Dn': {'closing_size': 3, 'norm': True, 'mask_values': False, 'decline_power': 2}, 'F': {'erosion': 0, 'dilation': 0}}]
    DATA_CHANNELS_LOSSES: ['bce', 'l1', 'l1', 'bce']
    DATA_CHANNEL_WEIGHTS: (3.0, 4.0, 4.0, 3.0)
    EMBEDSEG:
      FG_THRESH: 0.5
      GRID_SIZE: -1
      MIN_MASK_SUM: 0
      MIN_UNCLUSTERED_SUM: 0
      SEED_THRESH: 0.9
    INSTANCE_CREATION_PROCESS: watershed
    OMNIPOSE:
      FLOW_THRESHOLD: 0.4
      MASK_THRESHOLD: 0.0
      NITER: 0
    SEPARATED_DECODERS_DIVIDE_FEATURE_MAPS: False
    SEPARATED_DECODERS_PER_HEAD: False
    STARDIST:
      GRID: []
      NMS_IOU_THRESH: 0.3
      PROB_THRESH: 0.4
    SYNAPSES:
      BLOB_LOG_MAX_SIGMA: 10
      BLOB_LOG_MIN_SIGMA: 5
      BLOB_LOG_NUM_SIGMA: 2
      EXCLUDE_BORDER: False
      MIN_TH_TO_BE_PEAK: 0.2
      PEAK_LOCAL_MAX_MIN_DISTANCE: 1
      POINT_CREATION_FUNCTION: peak_local_max
      REMOVE_CLOSE_POINTS_RADIUS_BY_MASK: False
      REMOVE_CLOSE_POST_POINTS_RADIUS: 0
      REMOVE_CLOSE_PRE_POINTS_RADIUS: 0
      TH_TYPE: auto
    TYPE: regular
    WATERSHED:
      BY_2D_SLICES: False
      DATA_CHECK_MW: True
      DATA_REMOVE_BEFORE_MW: False
      DATA_REMOVE_SMALL_OBJ_BEFORE: 10
      ERODE_AND_DILATE_GROWTH_MASK: False
      FORE_DILATION_RADIUS: 5
      FORE_EROSION_RADIUS: 5
      GROWTH_MASK_CHANNELS: ['F']
      GROWTH_MASK_CHANNELS_THRESH: ['auto']
      SEED_CHANNELS: ['Dc', 'Dn']
      SEED_CHANNELS_THRESH: ['auto', 0.05]
      SEED_MORPH_RADIUS: []
      SEED_MORPH_SEQUENCE: []
      TOPOGRAPHIC_SURFACE_CHANNEL: F
  NDIM: 3D
  PRINT_OLD_KEY_CHANGES: True
  SELF_SUPERVISED:
    NOISE: 0.2
    PRETEXT_TASK: crappify
    RESIZING_FACTOR: 4
  SEMANTIC_SEG:
    IGNORE_CLASS_ID: 0
  SUPER_RESOLUTION:
    UPSCALING: (1, 1, 1)
  TYPE: INSTANCE_SEG
SYSTEM:
  DEVICE: cpu
  NUM_CPUS: 16
  NUM_GPUS: 1
  NUM_WORKERS: -1
  PIN_MEM: True
  SEED: 0
TEST:
  ANALIZE_2D_IMGS_AS_3D_STACK: False
  AUGMENTATION: False
  AUGMENTATION_GROUP: auto
  AUGMENTATION_MODE: mean
  BY_CHUNKS:
    ENABLE: True
    FLUSH_EACH: 100
    PHASES: ['prediction', 'instance_creation', 'instance_merging']
    SAVE_OUT_TIF: True
    WORKFLOW_PROCESS:
      ENABLE: True
      INSTANCE_SEG_HALO: -1
      INSTANCE_SEG_MERGE_IOU_TH: 0.3
      TYPE: entire_pred
    Z_END: -1
    Z_START: -1
  DET_BLOB_LOG_MAX_SIGMA: 10
  DET_BLOB_LOG_MIN_SIGMA: 5
  DET_BLOB_LOG_NUM_SIGMA: 2
  DET_EXCLUDE_BORDER: False
  DET_IGNORE_POINTS_OUTSIDE_BOX: []
  DET_MIN_TH_TO_BE_PEAK: 0.2
  DET_PEAK_LOCAL_MAX_MIN_DISTANCE: 1
  DET_POINT_CREATION_FUNCTION: peak_local_max
  DET_TH_TYPE: manual
  DET_TOLERANCE: 10
  ENABLE: False
  FULL_IMG: False
  MATCHING_STATS: True
  MATCHING_STATS_BY_IMAGE: True
  MATCHING_STATS_THS: [0.3, 0.5, 0.75]
  MATCHING_STATS_THS_COLORED_IMG: []
  METRICS: ['iou']
  METRICS_IN_CPU: False
  POST_PROCESSING:
    APPLY_MASK: False
    DET_WATERSHED: False
    DET_WATERSHED_DONUTS_CLASSES: [-1]
    DET_WATERSHED_DONUTS_NUCLEUS_DIAMETER: 30
    DET_WATERSHED_DONUTS_PATCH: [13, 120, 120]
    DET_WATERSHED_FIRST_DILATION: [-1, -1]
    INSTANCE_REFINEMENT:
      ENABLE: True
      OPERATIONS: ['remove_small_objects']
      VALUES: [1000]
    MEASURE_PROPERTIES:
      ENABLE: False
      EXTRA_PROPS: []
      REMOVE_BY_PROPERTIES:
        ENABLE: False
        PROPS: []
        SIGNS: []
        VALUES: []
    MEDIAN_FILTER: False
    MEDIAN_FILTER_AXIS: []
    MEDIAN_FILTER_SIZE: []
    REMOVE_CLOSE_POINTS: False
    REMOVE_CLOSE_POINTS_RADIUS: 0
    REPARE_LARGE_BLOBS_SIZE: -1
    VORONOI_ON_MASK: False
    VORONOI_TH: 0.0
  REDUCE_MEMORY: False
  REUSE_PREDICTIONS: False
  SAVE_MODEL_RAW_OUTPUT: True
  VERBOSE: True
TRAIN:
  BATCH_SIZE: 34
  CHECKPOINT_MONITOR: val_loss
  ENABLE: True
  EPOCHS: 60
  GRADIENT_CLIP_NORM: 0.0
  LR: [0.001]
  LR_SCHEDULER:
    MIN_LR: [-1.0]
    NAME: onecycle
    REDUCEONPLATEAU_FACTOR: 0.5
    REDUCEONPLATEAU_PATIENCE: -1
    WARMUP_COSINE_DECAY_EPOCHS: -1
  METRICS: ['iou']
  OPTIMIZER: ['ADAMW']
  OPT_BETAS: [[0.9, 0.999]]
  PATIENCE: 10
  VERBOSE: False
  W_DECAY: 0.02
[12:05:45.762297] *~~~~~~~~~~~~~~~~~~~~~~~~~~~~~~~~~~~~~~~~~~~~~~~~~~*
[12:05:45.762326] Initializing Instance_Segmentation_Workflow
[12:05:45.762333] *~~~~~~~~~~~~~~~~~~~~~~~~~~~~~~~~~~~~~~~~~~~~~~~~~~*

[12:05:46.107396] Creating normalization module . . .
[12:05:46.107451] Normalization module created with the following configuration:
[12:05:46.107460]   type: zero_mean_unit_variance
[12:05:46.107467]   target_type: mask
[12:05:46.107473]   out_dtype: float32
[12:05:46.107479]   norm_target: False
[12:05:46.107485]   percentile_clip: False
[12:05:46.107494]   per_lower_bound: -1.0
[12:05:46.107499]   per_upper_bound: -1.0
[12:05:46.107514]   lower_bound_val: [-1.0]
[12:05:46.107519]   upper_bound_val: [-1.0]
[12:05:46.107525]   mean: [-1.0]
[12:05:46.107531]   std: [-1.0]
[12:05:46.107552] ###########################
[12:05:46.107558] #  PREPARE INSTANCE DATA  #
[12:05:46.107563] ###########################
[12:05:46.109971] DATA.TRAIN.GT_PATH changed from fisbe/biapy-channel-scale-zarr/train/label to fisbe/biapy-channel-scale-zarr/train/label_F.erosion-0.dilation-0_Dc.type-skeleton.norm-True.mask_values-False_Dn.closing_size-3.norm-True.mask_values-False.decline_power-2_P.type-skeleton.dilation-2.erosion-0
[12:05:46.109983] DATA.VAL.GT_PATH changed from fisbe/biapy-no-aug-zarr/val/label to fisbe/biapy-no-aug-zarr/val/label_F.erosion-0.dilation-0_Dc.type-skeleton.norm-True.mask_values-False_Dn.closing_size-3.norm-True.mask_values-False.decline_power-2_P.type-skeleton.dilation-2.erosion-0
[12:05:46.110360] Training on PATH=fisbe/biapy-channel-scale-zarr/train/raw GT_PATH=fisbe/biapy-channel-scale-zarr/train/label_F.erosion-0.dilation-0_Dc.type-skeleton.norm-True.mask_values-False_Dn.closing_size-3.norm-True.mask_values-False.decline_power-2_P.type-skeleton.dilation-2.erosion-0
[12:05:46.110397] ##########################
[12:05:46.110404] #   LOAD TRAINING DATA   #
[12:05:46.110409] ##########################
[12:05:46.110470] ### LOAD ###
[12:05:46.116604] Gathering raw images for training data . . .
[12:05:47.001762] Gathering labels for training data . . .
[12:05:47.866625] Checking training raw and label images' shapes . . .
[12:05:47.877757] Gathering raw images for validation data . . .
[12:05:47.974410] Gathering labels for validation data . . .
[12:05:48.045165] Checking validation raw and label images' shapes . . .
[12:05:48.045825] ### LOAD RESULTS ###
[12:05:48.045838] *** Loaded train data shape is: (16676, 80, 128, 128)
[12:05:48.045846] *** Loaded train GT shape is: (16676, 80, 128, 128)
[12:05:48.045853] *** Loaded validation data shape is: (900, 80, 128, 128)
[12:05:48.045860] *** Loaded validation GT shape is: (900, 80, 128, 128)
[12:05:48.045865] ### END LOAD ###
[12:05:48.045903] ###############
[12:05:48.045909] # Build model #
[12:05:48.045915] ###############
[12:05:48.072122] Selected output channels:
[12:05:48.072146]   - 0 channel for F+Dc+Dn+P output
[12:05:53.522971] =================================================================================================================================================
Layer (type:depth-idx)                                                 Input Shape               Output Shape              Param #
=================================================================================================================================================
SE_U_Net                                                               [1, 3, 80, 128, 128]      [1, 4, 80, 128, 128]      --
├─ModuleList: 1-7                                                      --                        --                        (recursive)
│    └─ConvBlock: 2-1                                                  [1, 3, 80, 128, 128]      [1, 16, 80, 128, 128]     --
│    │    └─Sequential: 3-1                                            [1, 3, 80, 128, 128]      [1, 16, 80, 128, 128]     --
│    │    │    └─ConvBlock: 4-1                                        [1, 3, 80, 128, 128]      [1, 16, 80, 128, 128]     --
│    │    │    │    └─Sequential: 5-1                                  [1, 3, 80, 128, 128]      [1, 16, 80, 128, 128]     --
│    │    │    │    │    └─Conv3d: 6-1                                 [1, 3, 80, 128, 128]      [1, 16, 80, 128, 128]     1,312
│    │    │    │    │    └─InstanceNorm3d: 6-2                         [1, 16, 80, 128, 128]     [1, 16, 80, 128, 128]     32
│    │    │    │    │    └─ELU: 6-3                                    [1, 16, 80, 128, 128]     [1, 16, 80, 128, 128]     --
│    │    │    │    │    └─SqExBlock: 6-4                              [1, 16, 80, 128, 128]     [1, 16, 80, 128, 128]     --
│    │    │    │    │    │    └─AdaptiveAvgPool3d: 7-1                 [1, 16, 80, 128, 128]     [1, 16, 1, 1, 1]          --
│    │    │    │    │    │    └─Sequential: 7-2                        [1, 16]                   [1, 16]                   --
│    │    │    │    │    │    │    └─Linear: 8-1                       [1, 16]                   [1, 1]                    16
│    │    │    │    │    │    │    └─ReLU: 8-2                         [1, 1]                    [1, 1]                    --
│    │    │    │    │    │    │    └─Linear: 8-3                       [1, 1]                    [1, 16]                   16
│    │    │    │    │    │    │    └─Sigmoid: 8-4                      [1, 16]                   [1, 16]                   --
│    │    │    └─ConvBlock: 4-2                                        [1, 16, 80, 128, 128]     [1, 16, 80, 128, 128]     --
│    │    │    │    └─Sequential: 5-2                                  [1, 16, 80, 128, 128]     [1, 16, 80, 128, 128]     --
│    │    │    │    │    └─Conv3d: 6-5                                 [1, 16, 80, 128, 128]     [1, 16, 80, 128, 128]     6,928
│    │    │    │    │    └─InstanceNorm3d: 6-6                         [1, 16, 80, 128, 128]     [1, 16, 80, 128, 128]     32
│    │    │    │    │    └─ELU: 6-7                                    [1, 16, 80, 128, 128]     [1, 16, 80, 128, 128]     --
│    │    │    │    │    └─SqExBlock: 6-8                              [1, 16, 80, 128, 128]     [1, 16, 80, 128, 128]     --
│    │    │    │    │    │    └─AdaptiveAvgPool3d: 7-3                 [1, 16, 80, 128, 128]     [1, 16, 1, 1, 1]          --
│    │    │    │    │    │    └─Sequential: 7-4                        [1, 16]                   [1, 16]                   --
│    │    │    │    │    │    │    └─Linear: 8-5                       [1, 16]                   [1, 1]                    16
│    │    │    │    │    │    │    └─ReLU: 8-6                         [1, 1]                    [1, 1]                    --
│    │    │    │    │    │    │    └─Linear: 8-7                       [1, 1]                    [1, 16]                   16
│    │    │    │    │    │    │    └─Sigmoid: 8-8                      [1, 16]                   [1, 16]                   --
├─ModuleList: 1-8                                                      --                        --                        --
│    └─MaxPool3d: 2-2                                                  [1, 16, 80, 128, 128]     [1, 16, 80, 64, 64]       --
├─ModuleList: 1-7                                                      --                        --                        (recursive)
│    └─ConvBlock: 2-3                                                  [1, 16, 80, 64, 64]       [1, 32, 80, 64, 64]       --
│    │    └─Sequential: 3-2                                            [1, 16, 80, 64, 64]       [1, 32, 80, 64, 64]       --
│    │    │    └─ConvBlock: 4-3                                        [1, 16, 80, 64, 64]       [1, 32, 80, 64, 64]       --
│    │    │    │    └─Sequential: 5-3                                  [1, 16, 80, 64, 64]       [1, 32, 80, 64, 64]       --
│    │    │    │    │    └─Conv3d: 6-9                                 [1, 16, 80, 64, 64]       [1, 32, 80, 64, 64]       13,856
│    │    │    │    │    └─InstanceNorm3d: 6-10                        [1, 32, 80, 64, 64]       [1, 32, 80, 64, 64]       64
│    │    │    │    │    └─ELU: 6-11                                   [1, 32, 80, 64, 64]       [1, 32, 80, 64, 64]       --
│    │    │    │    │    └─SqExBlock: 6-12                             [1, 32, 80, 64, 64]       [1, 32, 80, 64, 64]       --
│    │    │    │    │    │    └─AdaptiveAvgPool3d: 7-5                 [1, 32, 80, 64, 64]       [1, 32, 1, 1, 1]          --
│    │    │    │    │    │    └─Sequential: 7-6                        [1, 32]                   [1, 32]                   --
│    │    │    │    │    │    │    └─Linear: 8-9                       [1, 32]                   [1, 2]                    64
│    │    │    │    │    │    │    └─ReLU: 8-10                        [1, 2]                    [1, 2]                    --
│    │    │    │    │    │    │    └─Linear: 8-11                      [1, 2]                    [1, 32]                   64
│    │    │    │    │    │    │    └─Sigmoid: 8-12                     [1, 32]                   [1, 32]                   --
│    │    │    └─ConvBlock: 4-4                                        [1, 32, 80, 64, 64]       [1, 32, 80, 64, 64]       --
│    │    │    │    └─Sequential: 5-4                                  [1, 32, 80, 64, 64]       [1, 32, 80, 64, 64]       --
│    │    │    │    │    └─Conv3d: 6-13                                [1, 32, 80, 64, 64]       [1, 32, 80, 64, 64]       27,680
│    │    │    │    │    └─InstanceNorm3d: 6-14                        [1, 32, 80, 64, 64]       [1, 32, 80, 64, 64]       64
│    │    │    │    │    └─ELU: 6-15                                   [1, 32, 80, 64, 64]       [1, 32, 80, 64, 64]       --
│    │    │    │    │    └─SqExBlock: 6-16                             [1, 32, 80, 64, 64]       [1, 32, 80, 64, 64]       --
│    │    │    │    │    │    └─AdaptiveAvgPool3d: 7-7                 [1, 32, 80, 64, 64]       [1, 32, 1, 1, 1]          --
│    │    │    │    │    │    └─Sequential: 7-8                        [1, 32]                   [1, 32]                   --
│    │    │    │    │    │    │    └─Linear: 8-13                      [1, 32]                   [1, 2]                    64
│    │    │    │    │    │    │    └─ReLU: 8-14                        [1, 2]                    [1, 2]                    --
│    │    │    │    │    │    │    └─Linear: 8-15                      [1, 2]                    [1, 32]                   64
│    │    │    │    │    │    │    └─Sigmoid: 8-16                     [1, 32]                   [1, 32]                   --
├─ModuleList: 1-8                                                      --                        --                        --
│    └─MaxPool3d: 2-4                                                  [1, 32, 80, 64, 64]       [1, 32, 80, 32, 32]       --
├─ModuleList: 1-7                                                      --                        --                        (recursive)
│    └─ConvBlock: 2-5                                                  [1, 32, 80, 32, 32]       [1, 64, 80, 32, 32]       --
│    │    └─Sequential: 3-3                                            [1, 32, 80, 32, 32]       [1, 64, 80, 32, 32]       --
│    │    │    └─ConvBlock: 4-5                                        [1, 32, 80, 32, 32]       [1, 64, 80, 32, 32]       --
│    │    │    │    └─Sequential: 5-5                                  [1, 32, 80, 32, 32]       [1, 64, 80, 32, 32]       --
│    │    │    │    │    └─Conv3d: 6-17                                [1, 32, 80, 32, 32]       [1, 64, 80, 32, 32]       55,360
│    │    │    │    │    └─InstanceNorm3d: 6-18                        [1, 64, 80, 32, 32]       [1, 64, 80, 32, 32]       128
│    │    │    │    │    └─ELU: 6-19                                   [1, 64, 80, 32, 32]       [1, 64, 80, 32, 32]       --
│    │    │    │    │    └─SqExBlock: 6-20                             [1, 64, 80, 32, 32]       [1, 64, 80, 32, 32]       --
│    │    │    │    │    │    └─AdaptiveAvgPool3d: 7-9                 [1, 64, 80, 32, 32]       [1, 64, 1, 1, 1]          --
│    │    │    │    │    │    └─Sequential: 7-10                       [1, 64]                   [1, 64]                   --
│    │    │    │    │    │    │    └─Linear: 8-17                      [1, 64]                   [1, 4]                    256
│    │    │    │    │    │    │    └─ReLU: 8-18                        [1, 4]                    [1, 4]                    --
│    │    │    │    │    │    │    └─Linear: 8-19                      [1, 4]                    [1, 64]                   256
│    │    │    │    │    │    │    └─Sigmoid: 8-20                     [1, 64]                   [1, 64]                   --
│    │    │    └─ConvBlock: 4-6                                        [1, 64, 80, 32, 32]       [1, 64, 80, 32, 32]       --
│    │    │    │    └─Sequential: 5-6                                  [1, 64, 80, 32, 32]       [1, 64, 80, 32, 32]       --
│    │    │    │    │    └─Conv3d: 6-21                                [1, 64, 80, 32, 32]       [1, 64, 80, 32, 32]       110,656
│    │    │    │    │    └─InstanceNorm3d: 6-22                        [1, 64, 80, 32, 32]       [1, 64, 80, 32, 32]       128
│    │    │    │    │    └─ELU: 6-23                                   [1, 64, 80, 32, 32]       [1, 64, 80, 32, 32]       --
│    │    │    │    │    └─SqExBlock: 6-24                             [1, 64, 80, 32, 32]       [1, 64, 80, 32, 32]       --
│    │    │    │    │    │    └─AdaptiveAvgPool3d: 7-11                [1, 64, 80, 32, 32]       [1, 64, 1, 1, 1]          --
│    │    │    │    │    │    └─Sequential: 7-12                       [1, 64]                   [1, 64]                   --
│    │    │    │    │    │    │    └─Linear: 8-21                      [1, 64]                   [1, 4]                    256
│    │    │    │    │    │    │    └─ReLU: 8-22                        [1, 4]                    [1, 4]                    --
│    │    │    │    │    │    │    └─Linear: 8-23                      [1, 4]                    [1, 64]                   256
│    │    │    │    │    │    │    └─Sigmoid: 8-24                     [1, 64]                   [1, 64]                   --
├─ModuleList: 1-8                                                      --                        --                        --
│    └─MaxPool3d: 2-6                                                  [1, 64, 80, 32, 32]       [1, 64, 80, 16, 16]       --
├─ModuleList: 1-7                                                      --                        --                        (recursive)
│    └─ConvBlock: 2-7                                                  [1, 64, 80, 16, 16]       [1, 128, 80, 16, 16]      --
│    │    └─Sequential: 3-4                                            [1, 64, 80, 16, 16]       [1, 128, 80, 16, 16]      --
│    │    │    └─ConvBlock: 4-7                                        [1, 64, 80, 16, 16]       [1, 128, 80, 16, 16]      --
│    │    │    │    └─Sequential: 5-7                                  [1, 64, 80, 16, 16]       [1, 128, 80, 16, 16]      --
│    │    │    │    │    └─Conv3d: 6-25                                [1, 64, 80, 16, 16]       [1, 128, 80, 16, 16]      221,312
│    │    │    │    │    └─InstanceNorm3d: 6-26                        [1, 128, 80, 16, 16]      [1, 128, 80, 16, 16]      256
│    │    │    │    │    └─ELU: 6-27                                   [1, 128, 80, 16, 16]      [1, 128, 80, 16, 16]      --
│    │    │    │    │    └─SqExBlock: 6-28                             [1, 128, 80, 16, 16]      [1, 128, 80, 16, 16]      --
│    │    │    │    │    │    └─AdaptiveAvgPool3d: 7-13                [1, 128, 80, 16, 16]      [1, 128, 1, 1, 1]         --
│    │    │    │    │    │    └─Sequential: 7-14                       [1, 128]                  [1, 128]                  --
│    │    │    │    │    │    │    └─Linear: 8-25                      [1, 128]                  [1, 8]                    1,024
│    │    │    │    │    │    │    └─ReLU: 8-26                        [1, 8]                    [1, 8]                    --
│    │    │    │    │    │    │    └─Linear: 8-27                      [1, 8]                    [1, 128]                  1,024
│    │    │    │    │    │    │    └─Sigmoid: 8-28                     [1, 128]                  [1, 128]                  --
│    │    │    └─ConvBlock: 4-8                                        [1, 128, 80, 16, 16]      [1, 128, 80, 16, 16]      --
│    │    │    │    └─Sequential: 5-8                                  [1, 128, 80, 16, 16]      [1, 128, 80, 16, 16]      --
│    │    │    │    │    └─Conv3d: 6-29                                [1, 128, 80, 16, 16]      [1, 128, 80, 16, 16]      442,496
│    │    │    │    │    └─InstanceNorm3d: 6-30                        [1, 128, 80, 16, 16]      [1, 128, 80, 16, 16]      256
│    │    │    │    │    └─ELU: 6-31                                   [1, 128, 80, 16, 16]      [1, 128, 80, 16, 16]      --
│    │    │    │    │    └─SqExBlock: 6-32                             [1, 128, 80, 16, 16]      [1, 128, 80, 16, 16]      --
│    │    │    │    │    │    └─AdaptiveAvgPool3d: 7-15                [1, 128, 80, 16, 16]      [1, 128, 1, 1, 1]         --
│    │    │    │    │    │    └─Sequential: 7-16                       [1, 128]                  [1, 128]                  --
│    │    │    │    │    │    │    └─Linear: 8-29                      [1, 128]                  [1, 8]                    1,024
│    │    │    │    │    │    │    └─ReLU: 8-30                        [1, 8]                    [1, 8]                    --
│    │    │    │    │    │    │    └─Linear: 8-31                      [1, 8]                    [1, 128]                  1,024
│    │    │    │    │    │    │    └─Sigmoid: 8-32                     [1, 128]                  [1, 128]                  --
├─ModuleList: 1-8                                                      --                        --                        --
│    └─MaxPool3d: 2-8                                                  [1, 128, 80, 16, 16]      [1, 128, 80, 8, 8]        --
├─ConvBlock: 1-9                                                       [1, 128, 80, 8, 8]        [1, 256, 80, 8, 8]        --
│    └─Sequential: 2-9                                                 [1, 128, 80, 8, 8]        [1, 256, 80, 8, 8]        --
│    │    └─ConvBlock: 3-5                                             [1, 128, 80, 8, 8]        [1, 256, 80, 8, 8]        --
│    │    │    └─Sequential: 4-9                                       [1, 128, 80, 8, 8]        [1, 256, 80, 8, 8]        --
│    │    │    │    └─Conv3d: 5-9                                      [1, 128, 80, 8, 8]        [1, 256, 80, 8, 8]        884,992
│    │    │    │    └─InstanceNorm3d: 5-10                             [1, 256, 80, 8, 8]        [1, 256, 80, 8, 8]        512
│    │    │    │    └─ELU: 5-11                                        [1, 256, 80, 8, 8]        [1, 256, 80, 8, 8]        --
│    │    │    │    └─SqExBlock: 5-12                                  [1, 256, 80, 8, 8]        [1, 256, 80, 8, 8]        --
│    │    │    │    │    └─AdaptiveAvgPool3d: 6-33                     [1, 256, 80, 8, 8]        [1, 256, 1, 1, 1]         --
│    │    │    │    │    └─Sequential: 6-34                            [1, 256]                  [1, 256]                  --
│    │    │    │    │    │    └─Linear: 7-17                           [1, 256]                  [1, 16]                   4,096
│    │    │    │    │    │    └─ReLU: 7-18                             [1, 16]                   [1, 16]                   --
│    │    │    │    │    │    └─Linear: 7-19                           [1, 16]                   [1, 256]                  4,096
│    │    │    │    │    │    └─Sigmoid: 7-20                          [1, 256]                  [1, 256]                  --
│    │    └─ConvBlock: 3-6                                             [1, 256, 80, 8, 8]        [1, 256, 80, 8, 8]        --
│    │    │    └─Sequential: 4-10                                      [1, 256, 80, 8, 8]        [1, 256, 80, 8, 8]        --
│    │    │    │    └─Conv3d: 5-13                                     [1, 256, 80, 8, 8]        [1, 256, 80, 8, 8]        1,769,728
│    │    │    │    └─InstanceNorm3d: 5-14                             [1, 256, 80, 8, 8]        [1, 256, 80, 8, 8]        512
│    │    │    │    └─ELU: 5-15                                        [1, 256, 80, 8, 8]        [1, 256, 80, 8, 8]        --
│    │    │    │    └─SqExBlock: 5-16                                  [1, 256, 80, 8, 8]        [1, 256, 80, 8, 8]        --
│    │    │    │    │    └─AdaptiveAvgPool3d: 6-35                     [1, 256, 80, 8, 8]        [1, 256, 1, 1, 1]         --
│    │    │    │    │    └─Sequential: 6-36                            [1, 256]                  [1, 256]                  --
│    │    │    │    │    │    └─Linear: 7-21                           [1, 256]                  [1, 16]                   4,096
│    │    │    │    │    │    └─ReLU: 7-22                             [1, 16]                   [1, 16]                   --
│    │    │    │    │    │    └─Linear: 7-23                           [1, 16]                   [1, 256]                  4,096
│    │    │    │    │    │    └─Sigmoid: 7-24                          [1, 256]                  [1, 256]                  --
├─ModuleList: 1-10                                                     --                        --                        --
│    └─ModuleList: 2-10                                                --                        --                        --
│    │    └─UpBlock: 3-7                                               [1, 256, 80, 8, 8]        [1, 128, 80, 16, 16]      --
│    │    │    └─Sequential: 4-11                                      [1, 256, 80, 8, 8]        [1, 128, 80, 16, 16]      --
│    │    │    │    └─ConvTranspose3d: 5-17                            [1, 256, 80, 8, 8]        [1, 128, 80, 16, 16]      131,200
│    │    │    │    └─InstanceNorm3d: 5-18                             [1, 128, 80, 16, 16]      [1, 128, 80, 16, 16]      256
│    │    │    │    └─ELU: 5-19                                        [1, 128, 80, 16, 16]      [1, 128, 80, 16, 16]      --
│    │    │    └─ConvBlock: 4-12                                       [1, 256, 80, 16, 16]      [1, 128, 80, 16, 16]      --
│    │    │    │    └─Sequential: 5-20                                 [1, 256, 80, 16, 16]      [1, 128, 80, 16, 16]      --
│    │    │    │    │    └─ConvBlock: 6-37                             [1, 256, 80, 16, 16]      [1, 128, 80, 16, 16]      --
│    │    │    │    │    │    └─Sequential: 7-25                       [1, 256, 80, 16, 16]      [1, 128, 80, 16, 16]      --
│    │    │    │    │    │    │    └─Conv3d: 8-33                      [1, 256, 80, 16, 16]      [1, 128, 80, 16, 16]      884,864
│    │    │    │    │    │    │    └─InstanceNorm3d: 8-34              [1, 128, 80, 16, 16]      [1, 128, 80, 16, 16]      256
│    │    │    │    │    │    │    └─ELU: 8-35                         [1, 128, 80, 16, 16]      [1, 128, 80, 16, 16]      --
│    │    │    │    │    │    │    └─SqExBlock: 8-36                   [1, 128, 80, 16, 16]      [1, 128, 80, 16, 16]      --
│    │    │    │    │    │    │    │    └─AdaptiveAvgPool3d: 9-1       [1, 128, 80, 16, 16]      [1, 128, 1, 1, 1]         --
│    │    │    │    │    │    │    │    └─Sequential: 9-2              [1, 128]                  [1, 128]                  --
│    │    │    │    │    │    │    │    │    └─Linear: 10-1            [1, 128]                  [1, 8]                    1,024
│    │    │    │    │    │    │    │    │    └─ReLU: 10-2              [1, 8]                    [1, 8]                    --
│    │    │    │    │    │    │    │    │    └─Linear: 10-3            [1, 8]                    [1, 128]                  1,024
│    │    │    │    │    │    │    │    │    └─Sigmoid: 10-4           [1, 128]                  [1, 128]                  --
│    │    │    │    │    └─ConvBlock: 6-38                             [1, 128, 80, 16, 16]      [1, 128, 80, 16, 16]      --
│    │    │    │    │    │    └─Sequential: 7-26                       [1, 128, 80, 16, 16]      [1, 128, 80, 16, 16]      --
│    │    │    │    │    │    │    └─Conv3d: 8-37                      [1, 128, 80, 16, 16]      [1, 128, 80, 16, 16]      442,496
│    │    │    │    │    │    │    └─InstanceNorm3d: 8-38              [1, 128, 80, 16, 16]      [1, 128, 80, 16, 16]      256
│    │    │    │    │    │    │    └─ELU: 8-39                         [1, 128, 80, 16, 16]      [1, 128, 80, 16, 16]      --
│    │    │    │    │    │    │    └─SqExBlock: 8-40                   [1, 128, 80, 16, 16]      [1, 128, 80, 16, 16]      --
│    │    │    │    │    │    │    │    └─AdaptiveAvgPool3d: 9-3       [1, 128, 80, 16, 16]      [1, 128, 1, 1, 1]         --
│    │    │    │    │    │    │    │    └─Sequential: 9-4              [1, 128]                  [1, 128]                  --
│    │    │    │    │    │    │    │    │    └─Linear: 10-5            [1, 128]                  [1, 8]                    1,024
│    │    │    │    │    │    │    │    │    └─ReLU: 10-6              [1, 8]                    [1, 8]                    --
│    │    │    │    │    │    │    │    │    └─Linear: 10-7            [1, 8]                    [1, 128]                  1,024
│    │    │    │    │    │    │    │    │    └─Sigmoid: 10-8           [1, 128]                  [1, 128]                  --
│    │    └─UpBlock: 3-8                                               [1, 128, 80, 16, 16]      [1, 64, 80, 32, 32]       --
│    │    │    └─Sequential: 4-13                                      [1, 128, 80, 16, 16]      [1, 64, 80, 32, 32]       --
│    │    │    │    └─ConvTranspose3d: 5-21                            [1, 128, 80, 16, 16]      [1, 64, 80, 32, 32]       32,832
│    │    │    │    └─InstanceNorm3d: 5-22                             [1, 64, 80, 32, 32]       [1, 64, 80, 32, 32]       128
│    │    │    │    └─ELU: 5-23                                        [1, 64, 80, 32, 32]       [1, 64, 80, 32, 32]       --
│    │    │    └─ConvBlock: 4-14                                       [1, 128, 80, 32, 32]      [1, 64, 80, 32, 32]       --
│    │    │    │    └─Sequential: 5-24                                 [1, 128, 80, 32, 32]      [1, 64, 80, 32, 32]       --
│    │    │    │    │    └─ConvBlock: 6-39                             [1, 128, 80, 32, 32]      [1, 64, 80, 32, 32]       --
│    │    │    │    │    │    └─Sequential: 7-27                       [1, 128, 80, 32, 32]      [1, 64, 80, 32, 32]       --
│    │    │    │    │    │    │    └─Conv3d: 8-41                      [1, 128, 80, 32, 32]      [1, 64, 80, 32, 32]       221,248
│    │    │    │    │    │    │    └─InstanceNorm3d: 8-42              [1, 64, 80, 32, 32]       [1, 64, 80, 32, 32]       128
│    │    │    │    │    │    │    └─ELU: 8-43                         [1, 64, 80, 32, 32]       [1, 64, 80, 32, 32]       --
│    │    │    │    │    │    │    └─SqExBlock: 8-44                   [1, 64, 80, 32, 32]       [1, 64, 80, 32, 32]       --
│    │    │    │    │    │    │    │    └─AdaptiveAvgPool3d: 9-5       [1, 64, 80, 32, 32]       [1, 64, 1, 1, 1]          --
│    │    │    │    │    │    │    │    └─Sequential: 9-6              [1, 64]                   [1, 64]                   --
│    │    │    │    │    │    │    │    │    └─Linear: 10-9            [1, 64]                   [1, 4]                    256
│    │    │    │    │    │    │    │    │    └─ReLU: 10-10             [1, 4]                    [1, 4]                    --
│    │    │    │    │    │    │    │    │    └─Linear: 10-11           [1, 4]                    [1, 64]                   256
│    │    │    │    │    │    │    │    │    └─Sigmoid: 10-12          [1, 64]                   [1, 64]                   --
│    │    │    │    │    └─ConvBlock: 6-40                             [1, 64, 80, 32, 32]       [1, 64, 80, 32, 32]       --
│    │    │    │    │    │    └─Sequential: 7-28                       [1, 64, 80, 32, 32]       [1, 64, 80, 32, 32]       --
│    │    │    │    │    │    │    └─Conv3d: 8-45                      [1, 64, 80, 32, 32]       [1, 64, 80, 32, 32]       110,656
│    │    │    │    │    │    │    └─InstanceNorm3d: 8-46              [1, 64, 80, 32, 32]       [1, 64, 80, 32, 32]       128
│    │    │    │    │    │    │    └─ELU: 8-47                         [1, 64, 80, 32, 32]       [1, 64, 80, 32, 32]       --
│    │    │    │    │    │    │    └─SqExBlock: 8-48                   [1, 64, 80, 32, 32]       [1, 64, 80, 32, 32]       --
│    │    │    │    │    │    │    │    └─AdaptiveAvgPool3d: 9-7       [1, 64, 80, 32, 32]       [1, 64, 1, 1, 1]          --
│    │    │    │    │    │    │    │    └─Sequential: 9-8              [1, 64]                   [1, 64]                   --
│    │    │    │    │    │    │    │    │    └─Linear: 10-13           [1, 64]                   [1, 4]                    256
│    │    │    │    │    │    │    │    │    └─ReLU: 10-14             [1, 4]                    [1, 4]                    --
│    │    │    │    │    │    │    │    │    └─Linear: 10-15           [1, 4]                    [1, 64]                   256
│    │    │    │    │    │    │    │    │    └─Sigmoid: 10-16          [1, 64]                   [1, 64]                   --
│    │    └─UpBlock: 3-9                                               [1, 64, 80, 32, 32]       [1, 32, 80, 64, 64]       --
│    │    │    └─Sequential: 4-15                                      [1, 64, 80, 32, 32]       [1, 32, 80, 64, 64]       --
│    │    │    │    └─ConvTranspose3d: 5-25                            [1, 64, 80, 32, 32]       [1, 32, 80, 64, 64]       8,224
│    │    │    │    └─InstanceNorm3d: 5-26                             [1, 32, 80, 64, 64]       [1, 32, 80, 64, 64]       64
│    │    │    │    └─ELU: 5-27                                        [1, 32, 80, 64, 64]       [1, 32, 80, 64, 64]       --
│    │    │    └─ConvBlock: 4-16                                       [1, 64, 80, 64, 64]       [1, 32, 80, 64, 64]       --
│    │    │    │    └─Sequential: 5-28                                 [1, 64, 80, 64, 64]       [1, 32, 80, 64, 64]       --
│    │    │    │    │    └─ConvBlock: 6-41                             [1, 64, 80, 64, 64]       [1, 32, 80, 64, 64]       --
│    │    │    │    │    │    └─Sequential: 7-29                       [1, 64, 80, 64, 64]       [1, 32, 80, 64, 64]       --
│    │    │    │    │    │    │    └─Conv3d: 8-49                      [1, 64, 80, 64, 64]       [1, 32, 80, 64, 64]       55,328
│    │    │    │    │    │    │    └─InstanceNorm3d: 8-50              [1, 32, 80, 64, 64]       [1, 32, 80, 64, 64]       64
│    │    │    │    │    │    │    └─ELU: 8-51                         [1, 32, 80, 64, 64]       [1, 32, 80, 64, 64]       --
│    │    │    │    │    │    │    └─SqExBlock: 8-52                   [1, 32, 80, 64, 64]       [1, 32, 80, 64, 64]       --
│    │    │    │    │    │    │    │    └─AdaptiveAvgPool3d: 9-9       [1, 32, 80, 64, 64]       [1, 32, 1, 1, 1]          --
│    │    │    │    │    │    │    │    └─Sequential: 9-10             [1, 32]                   [1, 32]                   --
│    │    │    │    │    │    │    │    │    └─Linear: 10-17           [1, 32]                   [1, 2]                    64
│    │    │    │    │    │    │    │    │    └─ReLU: 10-18             [1, 2]                    [1, 2]                    --
│    │    │    │    │    │    │    │    │    └─Linear: 10-19           [1, 2]                    [1, 32]                   64
│    │    │    │    │    │    │    │    │    └─Sigmoid: 10-20          [1, 32]                   [1, 32]                   --
│    │    │    │    │    └─ConvBlock: 6-42                             [1, 32, 80, 64, 64]       [1, 32, 80, 64, 64]       --
│    │    │    │    │    │    └─Sequential: 7-30                       [1, 32, 80, 64, 64]       [1, 32, 80, 64, 64]       --
│    │    │    │    │    │    │    └─Conv3d: 8-53                      [1, 32, 80, 64, 64]       [1, 32, 80, 64, 64]       27,680
│    │    │    │    │    │    │    └─InstanceNorm3d: 8-54              [1, 32, 80, 64, 64]       [1, 32, 80, 64, 64]       64
│    │    │    │    │    │    │    └─ELU: 8-55                         [1, 32, 80, 64, 64]       [1, 32, 80, 64, 64]       --
│    │    │    │    │    │    │    └─SqExBlock: 8-56                   [1, 32, 80, 64, 64]       [1, 32, 80, 64, 64]       --
│    │    │    │    │    │    │    │    └─AdaptiveAvgPool3d: 9-11      [1, 32, 80, 64, 64]       [1, 32, 1, 1, 1]          --
│    │    │    │    │    │    │    │    └─Sequential: 9-12             [1, 32]                   [1, 32]                   --
│    │    │    │    │    │    │    │    │    └─Linear: 10-21           [1, 32]                   [1, 2]                    64
│    │    │    │    │    │    │    │    │    └─ReLU: 10-22             [1, 2]                    [1, 2]                    --
│    │    │    │    │    │    │    │    │    └─Linear: 10-23           [1, 2]                    [1, 32]                   64
│    │    │    │    │    │    │    │    │    └─Sigmoid: 10-24          [1, 32]                   [1, 32]                   --
│    │    └─UpBlock: 3-10                                              [1, 32, 80, 64, 64]       [1, 16, 80, 128, 128]     --
│    │    │    └─Sequential: 4-17                                      [1, 32, 80, 64, 64]       [1, 16, 80, 128, 128]     --
│    │    │    │    └─ConvTranspose3d: 5-29                            [1, 32, 80, 64, 64]       [1, 16, 80, 128, 128]     2,064
│    │    │    │    └─InstanceNorm3d: 5-30                             [1, 16, 80, 128, 128]     [1, 16, 80, 128, 128]     32
│    │    │    │    └─ELU: 5-31                                        [1, 16, 80, 128, 128]     [1, 16, 80, 128, 128]     --
│    │    │    └─ConvBlock: 4-18                                       [1, 32, 80, 128, 128]     [1, 16, 80, 128, 128]     --
│    │    │    │    └─Sequential: 5-32                                 [1, 32, 80, 128, 128]     [1, 16, 80, 128, 128]     --
│    │    │    │    │    └─ConvBlock: 6-43                             [1, 32, 80, 128, 128]     [1, 16, 80, 128, 128]     --
│    │    │    │    │    │    └─Sequential: 7-31                       [1, 32, 80, 128, 128]     [1, 16, 80, 128, 128]     --
│    │    │    │    │    │    │    └─Conv3d: 8-57                      [1, 32, 80, 128, 128]     [1, 16, 80, 128, 128]     13,840
│    │    │    │    │    │    │    └─InstanceNorm3d: 8-58              [1, 16, 80, 128, 128]     [1, 16, 80, 128, 128]     32
│    │    │    │    │    │    │    └─ELU: 8-59                         [1, 16, 80, 128, 128]     [1, 16, 80, 128, 128]     --
│    │    │    │    │    │    │    └─SqExBlock: 8-60                   [1, 16, 80, 128, 128]     [1, 16, 80, 128, 128]     --
│    │    │    │    │    │    │    │    └─AdaptiveAvgPool3d: 9-13      [1, 16, 80, 128, 128]     [1, 16, 1, 1, 1]          --
│    │    │    │    │    │    │    │    └─Sequential: 9-14             [1, 16]                   [1, 16]                   --
│    │    │    │    │    │    │    │    │    └─Linear: 10-25           [1, 16]                   [1, 1]                    16
│    │    │    │    │    │    │    │    │    └─ReLU: 10-26             [1, 1]                    [1, 1]                    --
│    │    │    │    │    │    │    │    │    └─Linear: 10-27           [1, 1]                    [1, 16]                   16
│    │    │    │    │    │    │    │    │    └─Sigmoid: 10-28          [1, 16]                   [1, 16]                   --
│    │    │    │    │    └─ConvBlock: 6-44                             [1, 16, 80, 128, 128]     [1, 16, 80, 128, 128]     --
│    │    │    │    │    │    └─Sequential: 7-32                       [1, 16, 80, 128, 128]     [1, 16, 80, 128, 128]     --
│    │    │    │    │    │    │    └─Conv3d: 8-61                      [1, 16, 80, 128, 128]     [1, 16, 80, 128, 128]     6,928
│    │    │    │    │    │    │    └─InstanceNorm3d: 8-62              [1, 16, 80, 128, 128]     [1, 16, 80, 128, 128]     32
│    │    │    │    │    │    │    └─ELU: 8-63                         [1, 16, 80, 128, 128]     [1, 16, 80, 128, 128]     --
│    │    │    │    │    │    │    └─SqExBlock: 8-64                   [1, 16, 80, 128, 128]     [1, 16, 80, 128, 128]     --
│    │    │    │    │    │    │    │    └─AdaptiveAvgPool3d: 9-15      [1, 16, 80, 128, 128]     [1, 16, 1, 1, 1]          --
│    │    │    │    │    │    │    │    └─Sequential: 9-16             [1, 16]                   [1, 16]                   --
│    │    │    │    │    │    │    │    │    └─Linear: 10-29           [1, 16]                   [1, 1]                    16
│    │    │    │    │    │    │    │    │    └─ReLU: 10-30             [1, 1]                    [1, 1]                    --
│    │    │    │    │    │    │    │    │    └─Linear: 10-31           [1, 1]                    [1, 16]                   16
│    │    │    │    │    │    │    │    │    └─Sigmoid: 10-32          [1, 16]                   [1, 16]                   --
├─Sequential: 1-11                                                     --                        --                        --
│    └─Conv3d: 2-11                                                    [1, 16, 80, 128, 128]     [1, 4, 80, 128, 128]      68
=================================================================================================================================================
Total params: 5,502,436
Trainable params: 5,502,436
Non-trainable params: 0
Total mult-adds (Units.GIGABYTES): 184.86
=================================================================================================================================================
Input size (MB): 15.73
Forward/backward pass size (MB): 3229.63
Params size (MB): 22.01
Estimated Total Size (MB): 3267.37
=================================================================================================================================================
[12:05:53.593181] ##############################
[12:05:53.593208] #  PREPARE TRAIN GENERATORS  #
[12:05:53.593214] ##############################
[12:05:53.593364] Initializing train data generator . . .
[12:05:53.860715] Checking which channel of the mask needs normalization . . .
[12:05:54.066210] Normalization config used for X (first sample): {'type': 'zero_mean_unit_variance', 'target_type': 'mask', 'out_dtype': 'float32', 'norm_target': False, 'percentile_clip': False, 'per_lower_bound': -1.0, 'per_upper_bound': -1.0, 'lower_bound_val': [-1.0], 'upper_bound_val': [-1.0], 'mean': [-1.0], 'std': [-1.0]}
[12:05:54.066242] Normalization config used for Y: {'target_type': 'mask', 'orig_dtype': 'float32', 'per_channel_info': {0: {'type': 'bin', 'div': False}, 1: {'type': 'bin', 'div': False}, 2: {'type': 'bin', 'div': False}, 3: {'type': 'bin', 'div': False}}}
[12:05:54.067131] Initializing val data generator . . .
[12:05:54.227361] Checking which channel of the mask needs normalization . . .
[12:05:54.391165] Normalization config used for X (first sample): {'type': 'zero_mean_unit_variance', 'target_type': 'mask', 'out_dtype': 'float32', 'norm_target': False, 'percentile_clip': False, 'per_lower_bound': -1.0, 'per_upper_bound': -1.0, 'lower_bound_val': [-1.0], 'upper_bound_val': [-1.0], 'mean': [-1.0], 'std': [-1.0]}
[12:05:54.391196] Normalization config used for Y: {'target_type': 'mask', 'orig_dtype': 'float32', 'per_channel_info': {0: {'type': 'bin', 'div': False}, 1: {'type': 'bin', 'div': False}, 2: {'type': 'bin', 'div': False}, 3: {'type': 'bin', 'div': False}}}
[12:05:54.391889] Train/val generators with 8 workers
[12:05:54.391903] Effective batch size: 34
[12:05:54.391909] Sampler_train = None
[12:05:54.550146] #######################
[12:05:54.550172] # Prepare logging tool #
[12:05:54.550178] #######################
[12:05:54.567511] AdamW (
Parameter Group 0
    amsgrad: False
    betas: (0.9, 0.999)
    capturable: False
    decoupled_weight_decay: True
    differentiable: False
    eps: 1e-08
    foreach: None
    fused: None
    lr: 0.001
    maximize: False
    weight_decay: 0.02
)
[12:05:54.567627] #####################
[12:05:54.567636] #  TRAIN THE MODEL  #
[12:05:54.567641] #####################
[12:05:54.567648] Start training in epoch 1 - Total: 60
[12:05:54.567664] ~~~ Epoch 1/60 ~~~

[12:06:47.132053] Epoch: [1]  [  0/491]  eta: 7:09:41  loss: 7.6350 (7.6350)  IoU (F channel): 0.0007 (0.0007)  L1 (Dc channel): 0.3575 (0.3575)  L1 (Dn channel): 0.3863 (0.3863)  IoU (P channel): 0.0009 (0.0009)  lr: 0.000040  iter-time: 52.5087
[12:06:56.288511] Epoch: [1]  [ 10/491]  eta: 0:44:56  loss: 7.1684 (7.1402)  IoU (F channel): 0.0007 (0.0008)  L1 (Dc channel): 0.3094 (0.3055)  L1 (Dn channel): 0.3282 (0.3232)  IoU (P channel): 0.0009 (0.0011)  lr: 0.000040  iter-time: 5.6058
[12:07:05.470225] Epoch: [1]  [ 20/491]  eta: 0:26:28  loss: 6.5818 (6.7586)  IoU (F channel): 0.0010 (0.0012)  L1 (Dc channel): 0.2502 (0.2678)  L1 (Dn channel): 0.2494 (0.2737)  IoU (P channel): 0.0015 (0.0018)  lr: 0.000040  iter-time: 0.9168
[12:07:15.054725] Epoch: [1]  [ 30/491]  eta: 0:19:56  loss: 6.0577 (6.4844)  IoU (F channel): 0.0014 (0.0013)  L1 (Dc channel): 0.1956 (0.2401)  L1 (Dn channel): 0.1837 (0.2386)  IoU (P channel): 0.0019 (0.0020)  lr: 0.000040  iter-time: 0.9382
[12:07:24.290613] Epoch: [1]  [ 40/491]  eta: 0:16:26  loss: 5.7894 (6.2809)  IoU (F channel): 0.0014 (0.0014)  L1 (Dc channel): 0.1679 (0.2194)  L1 (Dn channel): 0.1491 (0.2129)  IoU (P channel): 0.0021 (0.0021)  lr: 0.000040  iter-time: 0.9409
[12:07:33.496651] Epoch: [1]  [ 50/491]  eta: 0:14:14  loss: 5.5304 (6.1176)  IoU (F channel): 0.0017 (0.0015)  L1 (Dc channel): 0.1432 (0.2031)  L1 (Dn channel): 0.1160 (0.1925)  IoU (P channel): 0.0025 (0.0022)  lr: 0.000040  iter-time: 0.9220
[12:07:42.936842] Epoch: [1]  [ 60/491]  eta: 0:12:45  loss: 5.3633 (5.9878)  IoU (F channel): 0.0017 (0.0016)  L1 (Dc channel): 0.1284 (0.1903)  L1 (Dn channel): 0.0988 (0.1763)  IoU (P channel): 0.0019 (0.0022)  lr: 0.000040  iter-time: 0.9322
[12:07:52.180945] Epoch: [1]  [ 70/491]  eta: 0:11:37  loss: 5.2515 (5.8784)  IoU (F channel): 0.0015 (0.0016)  L1 (Dc channel): 0.1182 (0.1796)  L1 (Dn channel): 0.0856 (0.1627)  IoU (P channel): 0.0016 (0.0021)  lr: 0.000040  iter-time: 0.9341
[12:08:01.519332] Epoch: [1]  [ 80/491]  eta: 0:10:43  loss: 5.1704 (5.7862)  IoU (F channel): 0.0015 (0.0016)  L1 (Dc channel): 0.1106 (0.1708)  L1 (Dn channel): 0.0732 (0.1515)  IoU (P channel): 0.0016 (0.0021)  lr: 0.000040  iter-time: 0.9290
[12:08:10.917358] Epoch: [1]  [ 90/491]  eta: 0:10:00  loss: 5.0677 (5.7015)  IoU (F channel): 0.0020 (0.0018)  L1 (Dc channel): 0.1033 (0.1630)  L1 (Dn channel): 0.0665 (0.1417)  IoU (P channel): 0.0020 (0.0022)  lr: 0.000040  iter-time: 0.9367
[12:08:20.121427] Epoch: [1]  [100/491]  eta: 0:09:23  loss: 4.9957 (5.6286)  IoU (F channel): 0.0021 (0.0018)  L1 (Dc channel): 0.0957 (0.1560)  L1 (Dn channel): 0.0610 (0.1334)  IoU (P channel): 0.0020 (0.0022)  lr: 0.000040  iter-time: 0.9300
[12:08:29.398827] Epoch: [1]  [110/491]  eta: 0:08:51  loss: 4.9243 (5.5616)  IoU (F channel): 0.0025 (0.0020)  L1 (Dc channel): 0.0880 (0.1497)  L1 (Dn channel): 0.0547 (0.1261)  IoU (P channel): 0.0023 (0.0022)  lr: 0.000040  iter-time: 0.9240
[12:08:38.781525] Epoch: [1]  [120/491]  eta: 0:08:23  loss: 4.8725 (5.5032)  IoU (F channel): 0.0020 (0.0020)  L1 (Dc channel): 0.0838 (0.1440)  L1 (Dn channel): 0.0518 (0.1199)  IoU (P channel): 0.0021 (0.0022)  lr: 0.000040  iter-time: 0.9329
[12:08:48.070505] Epoch: [1]  [130/491]  eta: 0:07:57  loss: 4.7900 (5.4475)  IoU (F channel): 0.0022 (0.0021)  L1 (Dc channel): 0.0763 (0.1386)  L1 (Dn channel): 0.0472 (0.1142)  IoU (P channel): 0.0020 (0.0022)  lr: 0.000041  iter-time: 0.9335
[12:08:57.664623] Epoch: [1]  [140/491]  eta: 0:07:35  loss: 4.7408 (5.3949)  IoU (F channel): 0.0027 (0.0021)  L1 (Dc channel): 0.0673 (0.1334)  L1 (Dn channel): 0.0434 (0.1091)  IoU (P channel): 0.0020 (0.0022)  lr: 0.000041  iter-time: 0.9440
[12:09:07.146987] Epoch: [1]  [150/491]  eta: 0:07:14  loss: 4.6805 (5.3461)  IoU (F channel): 0.0024 (0.0022)  L1 (Dc channel): 0.0618 (0.1285)  L1 (Dn channel): 0.0418 (0.1045)  IoU (P channel): 0.0018 (0.0022)  lr: 0.000041  iter-time: 0.9537
[12:09:16.482031] Epoch: [1]  [160/491]  eta: 0:06:54  loss: 4.6259 (5.2997)  IoU (F channel): 0.0021 (0.0023)  L1 (Dc channel): 0.0543 (0.1238)  L1 (Dn channel): 0.0376 (0.1003)  IoU (P channel): 0.0018 (0.0022)  lr: 0.000041  iter-time: 0.9408
[12:09:25.616976] Epoch: [1]  [170/491]  eta: 0:06:36  loss: 4.5802 (5.2566)  IoU (F channel): 0.0026 (0.0023)  L1 (Dc channel): 0.0509 (0.1194)  L1 (Dn channel): 0.0361 (0.0965)  IoU (P channel): 0.0020 (0.0022)  lr: 0.000041  iter-time: 0.9234
[12:09:35.010764] Epoch: [1]  [180/491]  eta: 0:06:18  loss: 4.5383 (5.2153)  IoU (F channel): 0.0029 (0.0024)  L1 (Dc channel): 0.0465 (0.1152)  L1 (Dn channel): 0.0325 (0.0928)  IoU (P channel): 0.0025 (0.0023)  lr: 0.000041  iter-time: 0.9263
[12:09:44.284828] Epoch: [1]  [190/491]  eta: 0:06:01  loss: 4.4967 (5.1769)  IoU (F channel): 0.0032 (0.0025)  L1 (Dc channel): 0.0414 (0.1112)  L1 (Dn channel): 0.0301 (0.0895)  IoU (P channel): 0.0026 (0.0023)  lr: 0.000041  iter-time: 0.9333
[12:09:53.613551] Epoch: [1]  [200/491]  eta: 0:05:45  loss: 4.4564 (5.1408)  IoU (F channel): 0.0025 (0.0025)  L1 (Dc channel): 0.0374 (0.1075)  L1 (Dn channel): 0.0268 (0.0864)  IoU (P channel): 0.0023 (0.0023)  lr: 0.000041  iter-time: 0.9300
[12:10:02.832083] Epoch: [1]  [210/491]  eta: 0:05:30  loss: 4.4400 (5.1070)  IoU (F channel): 0.0025 (0.0025)  L1 (Dc channel): 0.0350 (0.1040)  L1 (Dn channel): 0.0255 (0.0834)  IoU (P channel): 0.0024 (0.0024)  lr: 0.000041  iter-time: 0.9272
[12:10:12.206906] Epoch: [1]  [220/491]  eta: 0:05:15  loss: 4.4022 (5.0746)  IoU (F channel): 0.0034 (0.0026)  L1 (Dc channel): 0.0327 (0.1007)  L1 (Dn channel): 0.0234 (0.0807)  IoU (P channel): 0.0034 (0.0024)  lr: 0.000041  iter-time: 0.9295
[12:10:21.638325] Epoch: [1]  [230/491]  eta: 0:05:01  loss: 4.3841 (5.0446)  IoU (F channel): 0.0032 (0.0026)  L1 (Dc channel): 0.0294 (0.0976)  L1 (Dn channel): 0.0220 (0.0781)  IoU (P channel): 0.0034 (0.0025)  lr: 0.000042  iter-time: 0.9402
[12:10:30.885544] Epoch: [1]  [240/491]  eta: 0:04:47  loss: 4.3712 (5.0162)  IoU (F channel): 0.0045 (0.0027)  L1 (Dc channel): 0.0282 (0.0947)  L1 (Dn channel): 0.0212 (0.0758)  IoU (P channel): 0.0045 (0.0026)  lr: 0.000042  iter-time: 0.9338
[12:10:40.304863] Epoch: [1]  [250/491]  eta: 0:04:34  loss: 4.3569 (4.9895)  IoU (F channel): 0.0045 (0.0027)  L1 (Dc channel): 0.0262 (0.0919)  L1 (Dn channel): 0.0197 (0.0735)  IoU (P channel): 0.0046 (0.0027)  lr: 0.000042  iter-time: 0.9332
[12:10:49.719127] Epoch: [1]  [260/491]  eta: 0:04:21  loss: 4.3335 (4.9640)  IoU (F channel): 0.0032 (0.0028)  L1 (Dc channel): 0.0248 (0.0893)  L1 (Dn channel): 0.0189 (0.0714)  IoU (P channel): 0.0038 (0.0028)  lr: 0.000042  iter-time: 0.9416
[12:10:59.195837] Epoch: [1]  [270/491]  eta: 0:04:08  loss: 4.3135 (4.9398)  IoU (F channel): 0.0037 (0.0029)  L1 (Dc channel): 0.0228 (0.0868)  L1 (Dn channel): 0.0175 (0.0694)  IoU (P channel): 0.0037 (0.0029)  lr: 0.000042  iter-time: 0.9444
[12:11:08.558854] Epoch: [1]  [280/491]  eta: 0:03:55  loss: 4.2931 (4.9166)  IoU (F channel): 0.0056 (0.0031)  L1 (Dc channel): 0.0222 (0.0845)  L1 (Dn channel): 0.0169 (0.0675)  IoU (P channel): 0.0064 (0.0031)  lr: 0.000042  iter-time: 0.9418
[12:11:17.930583] Epoch: [1]  [290/491]  eta: 0:03:43  loss: 4.2839 (4.8948)  IoU (F channel): 0.0067 (0.0032)  L1 (Dc channel): 0.0212 (0.0823)  L1 (Dn channel): 0.0166 (0.0658)  IoU (P channel): 0.0077 (0.0033)  lr: 0.000043  iter-time: 0.9366
[12:11:27.159846] Epoch: [1]  [300/491]  eta: 0:03:30  loss: 4.2815 (4.8744)  IoU (F channel): 0.0042 (0.0032)  L1 (Dc channel): 0.0198 (0.0802)  L1 (Dn channel): 0.0153 (0.0641)  IoU (P channel): 0.0053 (0.0033)  lr: 0.000043  iter-time: 0.9300
[12:11:36.297364] Epoch: [1]  [310/491]  eta: 0:03:18  loss: 4.2717 (4.8548)  IoU (F channel): 0.0032 (0.0032)  L1 (Dc channel): 0.0186 (0.0782)  L1 (Dn channel): 0.0143 (0.0625)  IoU (P channel): 0.0043 (0.0034)  lr: 0.000043  iter-time: 0.9182
[12:11:45.898594] Epoch: [1]  [320/491]  eta: 0:03:07  loss: 4.2659 (4.8361)  IoU (F channel): 0.0039 (0.0032)  L1 (Dc channel): 0.0178 (0.0763)  L1 (Dn channel): 0.0136 (0.0609)  IoU (P channel): 0.0053 (0.0034)  lr: 0.000043  iter-time: 0.9368
[12:11:55.347266] Epoch: [1]  [330/491]  eta: 0:02:55  loss: 4.2472 (4.8181)  IoU (F channel): 0.0038 (0.0034)  L1 (Dc channel): 0.0175 (0.0745)  L1 (Dn channel): 0.0136 (0.0595)  IoU (P channel): 0.0053 (0.0036)  lr: 0.000043  iter-time: 0.9524
[12:12:04.733188] Epoch: [1]  [340/491]  eta: 0:02:43  loss: 4.2441 (4.8011)  IoU (F channel): 0.0034 (0.0034)  L1 (Dc channel): 0.0171 (0.0728)  L1 (Dn channel): 0.0130 (0.0582)  IoU (P channel): 0.0041 (0.0037)  lr: 0.000044  iter-time: 0.9416
[12:12:13.932888] Epoch: [1]  [350/491]  eta: 0:02:32  loss: 4.2391 (4.7850)  IoU (F channel): 0.0035 (0.0035)  L1 (Dc channel): 0.0164 (0.0712)  L1 (Dn channel): 0.0128 (0.0569)  IoU (P channel): 0.0044 (0.0037)  lr: 0.000044  iter-time: 0.9292
[12:12:23.170668] Epoch: [1]  [360/491]  eta: 0:02:20  loss: 4.2255 (4.7694)  IoU (F channel): 0.0056 (0.0035)  L1 (Dc channel): 0.0159 (0.0697)  L1 (Dn channel): 0.0121 (0.0556)  IoU (P channel): 0.0066 (0.0038)  lr: 0.000044  iter-time: 0.9218
[12:12:32.582810] Epoch: [1]  [370/491]  eta: 0:02:09  loss: 4.2178 (4.7544)  IoU (F channel): 0.0058 (0.0036)  L1 (Dc channel): 0.0153 (0.0682)  L1 (Dn channel): 0.0120 (0.0545)  IoU (P channel): 0.0069 (0.0039)  lr: 0.000044  iter-time: 0.9324
[12:12:41.847492] Epoch: [1]  [380/491]  eta: 0:01:58  loss: 4.2118 (4.7401)  IoU (F channel): 0.0055 (0.0036)  L1 (Dc channel): 0.0151 (0.0668)  L1 (Dn channel): 0.0116 (0.0533)  IoU (P channel): 0.0063 (0.0040)  lr: 0.000044  iter-time: 0.9337
[12:12:51.606256] Epoch: [1]  [390/491]  eta: 0:01:47  loss: 4.2013 (4.7262)  IoU (F channel): 0.0055 (0.0037)  L1 (Dc channel): 0.0143 (0.0655)  L1 (Dn channel): 0.0114 (0.0523)  IoU (P channel): 0.0057 (0.0041)  lr: 0.000045  iter-time: 0.9511
[12:13:01.022024] Epoch: [1]  [400/491]  eta: 0:01:36  loss: 4.1946 (4.7129)  IoU (F channel): 0.0042 (0.0037)  L1 (Dc channel): 0.0137 (0.0642)  L1 (Dn channel): 0.0107 (0.0512)  IoU (P channel): 0.0052 (0.0041)  lr: 0.000045  iter-time: 0.9586
[12:13:10.351528] Epoch: [1]  [410/491]  eta: 0:01:25  loss: 4.1923 (4.7002)  IoU (F channel): 0.0042 (0.0038)  L1 (Dc channel): 0.0133 (0.0630)  L1 (Dn channel): 0.0107 (0.0502)  IoU (P channel): 0.0050 (0.0041)  lr: 0.000045  iter-time: 0.9371
[12:13:19.725680] Epoch: [1]  [420/491]  eta: 0:01:15  loss: 4.1849 (4.6876)  IoU (F channel): 0.0048 (0.0038)  L1 (Dc channel): 0.0130 (0.0618)  L1 (Dn channel): 0.0102 (0.0493)  IoU (P channel): 0.0057 (0.0042)  lr: 0.000045  iter-time: 0.9351
[12:13:28.924754] Epoch: [1]  [430/491]  eta: 0:01:04  loss: 4.1662 (4.6754)  IoU (F channel): 0.0078 (0.0039)  L1 (Dc channel): 0.0124 (0.0606)  L1 (Dn channel): 0.0103 (0.0484)  IoU (P channel): 0.0089 (0.0044)  lr: 0.000046  iter-time: 0.9285
[12:13:38.333110] Epoch: [1]  [440/491]  eta: 0:00:53  loss: 4.1657 (4.6638)  IoU (F channel): 0.0045 (0.0040)  L1 (Dc channel): 0.0122 (0.0595)  L1 (Dn channel): 0.0103 (0.0475)  IoU (P channel): 0.0066 (0.0044)  lr: 0.000046  iter-time: 0.9302
[12:13:47.601877] Epoch: [1]  [450/491]  eta: 0:00:42  loss: 4.1637 (4.6527)  IoU (F channel): 0.0039 (0.0040)  L1 (Dc channel): 0.0113 (0.0584)  L1 (Dn channel): 0.0095 (0.0467)  IoU (P channel): 0.0050 (0.0044)  lr: 0.000046  iter-time: 0.9337
[12:13:57.009857] Epoch: [1]  [460/491]  eta: 0:00:32  loss: 4.1597 (4.6420)  IoU (F channel): 0.0042 (0.0040)  L1 (Dc channel): 0.0112 (0.0574)  L1 (Dn channel): 0.0096 (0.0459)  IoU (P channel): 0.0048 (0.0045)  lr: 0.000046  iter-time: 0.9337
[12:14:06.253497] Epoch: [1]  [470/491]  eta: 0:00:21  loss: 4.1591 (4.6314)  IoU (F channel): 0.0032 (0.0040)  L1 (Dc channel): 0.0110 (0.0564)  L1 (Dn channel): 0.0090 (0.0451)  IoU (P channel): 0.0032 (0.0045)  lr: 0.000047  iter-time: 0.9325
[12:14:15.558980] Epoch: [1]  [480/491]  eta: 0:00:11  loss: 4.1378 (4.6210)  IoU (F channel): 0.0055 (0.0041)  L1 (Dc channel): 0.0111 (0.0555)  L1 (Dn channel): 0.0091 (0.0443)  IoU (P channel): 0.0065 (0.0046)  lr: 0.000047  iter-time: 0.9274
[12:14:40.071770] Epoch: [1]  [490/491]  eta: 0:00:01  loss: 4.1378 (4.6112)  IoU (F channel): 0.0058 (0.0042)  L1 (Dc channel): 0.0107 (0.0546)  L1 (Dn channel): 0.0091 (0.0436)  IoU (P channel): 0.0083 (0.0047)  lr: 0.000047  iter-time: 1.6908
[12:14:40.071926] Epoch: [1] Total time: 0:08:45 (1.0703 s / it)
[12:14:40.071971] [Train] averaged stats: loss: 4.1378 (4.6112)  IoU (F channel): 0.0058 (0.0042)  L1 (Dc channel): 0.0107 (0.0546)  L1 (Dn channel): 0.0091 (0.0436)  IoU (P channel): 0.0083 (0.0047)  lr: 0.000047
[12:14:45.872427] Epoch: [1]  [ 0/27]  eta: 0:02:36  loss: 4.1506 (4.1506)  IoU (F channel): 0.0000 (0.0000)  L1 (Dc channel): 0.0080 (0.0080)  L1 (Dn channel): 0.0068 (0.0068)  IoU (P channel): 0.0000 (0.0000)  iter-time: 5.7987
[12:14:54.421727] Epoch: [1]  [10/27]  eta: 0:00:22  loss: 4.1390 (4.1377)  IoU (F channel): 0.0045 (0.0061)  L1 (Dc channel): 0.0106 (0.0101)  L1 (Dn channel): 0.0090 (0.0091)  IoU (P channel): 0.0067 (0.0076)  iter-time: 1.3043
[12:15:02.873119] Epoch: [1]  [20/27]  eta: 0:00:07  loss: 4.1342 (4.1343)  IoU (F channel): 0.0045 (0.0066)  L1 (Dc channel): 0.0105 (0.0103)  L1 (Dn channel): 0.0090 (0.0092)  IoU (P channel): 0.0067 (0.0077)  iter-time: 0.8500
[12:15:04.377059] Epoch: [1]  [26/27]  eta: 0:00:00  loss: 4.1255 (4.1321)  IoU (F channel): 0.0035 (0.0062)  L1 (Dc channel): 0.0102 (0.0101)  L1 (Dn channel): 0.0090 (0.0089)  IoU (P channel): 0.0045 (0.0076)  iter-time: 0.7373
[12:15:04.377189] Epoch: [1] Total time: 0:00:24 (0.9001 s / it)
[12:15:04.377219] [Val] averaged stats: loss: 4.1255 (4.1321)  IoU (F channel): 0.0035 (0.0062)  L1 (Dc channel): 0.0102 (0.0101)  L1 (Dn channel): 0.0090 (0.0089)  IoU (P channel): 0.0045 (0.0076)
[12:15:04.377536] Val loss improved from inf to 4.132065172548647, saving model to metrics/biapy/biapy-channel-scale-zarr-seunet/checkpoints/biapy-channel-scale-zarr-seunet_0-checkpoint-best.pth
[12:15:04.609203] [Val] best loss: 4.1321 best  IoU (F channel): 0.0062 L1 (Dc channel): 0.0101 L1 (Dn channel): 0.0089 IoU (P channel): 0.0076 
[12:15:04.620179] [Time] 9.2m 9.2m/9.3h

[12:15:04.620213] ~~~ Epoch 2/60 ~~~

[12:15:10.657358] Epoch: [2]  [  0/491]  eta: 0:49:23  loss: 4.1303 (4.1303)  IoU (F channel): 0.0038 (0.0038)  L1 (Dc channel): 0.0096 (0.0096)  L1 (Dn channel): 0.0083 (0.0083)  IoU (P channel): 0.0046 (0.0046)  lr: 0.000047  iter-time: 6.0353
[12:15:20.177644] Epoch: [2]  [ 10/491]  eta: 0:11:20  loss: 4.1247 (4.1180)  IoU (F channel): 0.0074 (0.0083)  L1 (Dc channel): 0.0106 (0.0106)  L1 (Dn channel): 0.0089 (0.0090)  IoU (P channel): 0.0072 (0.0093)  lr: 0.000048  iter-time: 1.4141
[12:15:29.546552] Epoch: [2]  [ 20/491]  eta: 0:09:18  loss: 4.1249 (4.1239)  IoU (F channel): 0.0047 (0.0065)  L1 (Dc channel): 0.0099 (0.0102)  L1 (Dn channel): 0.0088 (0.0087)  IoU (P channel): 0.0060 (0.0075)  lr: 0.000048  iter-time: 0.9444
[12:15:38.790060] Epoch: [2]  [ 30/491]  eta: 0:08:28  loss: 4.1212 (4.1191)  IoU (F channel): 0.0046 (0.0076)  L1 (Dc channel): 0.0097 (0.0100)  L1 (Dn channel): 0.0085 (0.0087)  IoU (P channel): 0.0059 (0.0086)  lr: 0.000048  iter-time: 0.9305
[12:15:48.196353] Epoch: [2]  [ 40/491]  eta: 0:07:59  loss: 4.1048 (4.1161)  IoU (F channel): 0.0059 (0.0075)  L1 (Dc channel): 0.0095 (0.0099)  L1 (Dn channel): 0.0085 (0.0087)  IoU (P channel): 0.0091 (0.0087)  lr: 0.000049  iter-time: 0.9323
[12:15:57.468135] Epoch: [2]  [ 50/491]  eta: 0:07:36  loss: 4.1048 (4.1148)  IoU (F channel): 0.0047 (0.0071)  L1 (Dc channel): 0.0094 (0.0098)  L1 (Dn channel): 0.0084 (0.0086)  IoU (P channel): 0.0054 (0.0082)  lr: 0.000049  iter-time: 0.9338
[12:16:06.762574] Epoch: [2]  [ 60/491]  eta: 0:07:19  loss: 4.1087 (4.1133)  IoU (F channel): 0.0039 (0.0068)  L1 (Dc channel): 0.0091 (0.0096)  L1 (Dn channel): 0.0082 (0.0085)  IoU (P channel): 0.0046 (0.0080)  lr: 0.000049  iter-time: 0.9282
[12:16:16.057111] Epoch: [2]  [ 70/491]  eta: 0:07:03  loss: 4.0987 (4.1103)  IoU (F channel): 0.0051 (0.0068)  L1 (Dc channel): 0.0088 (0.0095)  L1 (Dn channel): 0.0079 (0.0084)  IoU (P channel): 0.0059 (0.0079)  lr: 0.000050  iter-time: 0.9293
[12:16:25.299831] Epoch: [2]  [ 80/491]  eta: 0:06:49  loss: 4.0858 (4.1061)  IoU (F channel): 0.0082 (0.0075)  L1 (Dc channel): 0.0087 (0.0095)  L1 (Dn channel): 0.0076 (0.0084)  IoU (P channel): 0.0088 (0.0086)  lr: 0.000050  iter-time: 0.9267
[12:16:34.622570] Epoch: [2]  [ 90/491]  eta: 0:06:36  loss: 4.0833 (4.1038)  IoU (F channel): 0.0082 (0.0076)  L1 (Dc channel): 0.0087 (0.0094)  L1 (Dn channel): 0.0079 (0.0084)  IoU (P channel): 0.0091 (0.0087)  lr: 0.000050  iter-time: 0.9282
[12:16:43.935309] Epoch: [2]  [100/491]  eta: 0:06:24  loss: 4.0775 (4.1010)  IoU (F channel): 0.0070 (0.0077)  L1 (Dc channel): 0.0088 (0.0093)  L1 (Dn channel): 0.0081 (0.0083)  IoU (P channel): 0.0087 (0.0090)  lr: 0.000051  iter-time: 0.9317
[12:16:53.113436] Epoch: [2]  [110/491]  eta: 0:06:12  loss: 4.0766 (4.0991)  IoU (F channel): 0.0059 (0.0075)  L1 (Dc channel): 0.0083 (0.0092)  L1 (Dn channel): 0.0078 (0.0083)  IoU (P channel): 0.0078 (0.0088)  lr: 0.000051  iter-time: 0.9244
[12:17:02.391007] Epoch: [2]  [120/491]  eta: 0:06:01  loss: 4.0810 (4.0976)  IoU (F channel): 0.0041 (0.0072)  L1 (Dc channel): 0.0078 (0.0091)  L1 (Dn channel): 0.0071 (0.0082)  IoU (P channel): 0.0059 (0.0085)  lr: 0.000051  iter-time: 0.9227
[12:17:11.603136] Epoch: [2]  [130/491]  eta: 0:05:49  loss: 4.0796 (4.0959)  IoU (F channel): 0.0039 (0.0071)  L1 (Dc channel): 0.0079 (0.0091)  L1 (Dn channel): 0.0072 (0.0081)  IoU (P channel): 0.0053 (0.0085)  lr: 0.000052  iter-time: 0.9244
[12:17:20.895662] Epoch: [2]  [140/491]  eta: 0:05:39  loss: 4.0651 (4.0931)  IoU (F channel): 0.0068 (0.0072)  L1 (Dc channel): 0.0081 (0.0090)  L1 (Dn channel): 0.0073 (0.0080)  IoU (P channel): 0.0078 (0.0086)  lr: 0.000052  iter-time: 0.9251
[12:17:30.124232] Epoch: [2]  [150/491]  eta: 0:05:28  loss: 4.0608 (4.0914)  IoU (F channel): 0.0073 (0.0072)  L1 (Dc channel): 0.0082 (0.0089)  L1 (Dn channel): 0.0073 (0.0080)  IoU (P channel): 0.0084 (0.0085)  lr: 0.000052  iter-time: 0.9260
[12:17:39.521921] Epoch: [2]  [160/491]  eta: 0:05:18  loss: 4.0608 (4.0890)  IoU (F channel): 0.0060 (0.0072)  L1 (Dc channel): 0.0081 (0.0089)  L1 (Dn channel): 0.0072 (0.0079)  IoU (P channel): 0.0077 (0.0086)  lr: 0.000053  iter-time: 0.9312
[12:17:48.745834] Epoch: [2]  [170/491]  eta: 0:05:08  loss: 4.0524 (4.0868)  IoU (F channel): 0.0061 (0.0073)  L1 (Dc channel): 0.0078 (0.0088)  L1 (Dn channel): 0.0071 (0.0079)  IoU (P channel): 0.0085 (0.0087)  lr: 0.000053  iter-time: 0.9310
[12:17:57.894214] Epoch: [2]  [180/491]  eta: 0:04:57  loss: 4.0517 (4.0847)  IoU (F channel): 0.0061 (0.0072)  L1 (Dc channel): 0.0077 (0.0087)  L1 (Dn channel): 0.0071 (0.0079)  IoU (P channel): 0.0080 (0.0087)  lr: 0.000054  iter-time: 0.9185
[12:18:07.233300] Epoch: [2]  [190/491]  eta: 0:04:47  loss: 4.0429 (4.0821)  IoU (F channel): 0.0060 (0.0073)  L1 (Dc channel): 0.0073 (0.0087)  L1 (Dn channel): 0.0070 (0.0078)  IoU (P channel): 0.0061 (0.0087)  lr: 0.000054  iter-time: 0.9242
[12:18:16.444694] Epoch: [2]  [200/491]  eta: 0:04:37  loss: 4.0322 (4.0795)  IoU (F channel): 0.0061 (0.0073)  L1 (Dc channel): 0.0073 (0.0086)  L1 (Dn channel): 0.0069 (0.0078)  IoU (P channel): 0.0070 (0.0088)  lr: 0.000054  iter-time: 0.9274
[12:18:25.681861] Epoch: [2]  [210/491]  eta: 0:04:27  loss: 4.0289 (4.0770)  IoU (F channel): 0.0065 (0.0074)  L1 (Dc channel): 0.0072 (0.0085)  L1 (Dn channel): 0.0068 (0.0077)  IoU (P channel): 0.0080 (0.0088)  lr: 0.000055  iter-time: 0.9223
[12:18:34.883320] Epoch: [2]  [220/491]  eta: 0:04:17  loss: 4.0289 (4.0746)  IoU (F channel): 0.0067 (0.0074)  L1 (Dc channel): 0.0071 (0.0085)  L1 (Dn channel): 0.0065 (0.0077)  IoU (P channel): 0.0080 (0.0089)  lr: 0.000055  iter-time: 0.9218
[12:18:44.248558] Epoch: [2]  [230/491]  eta: 0:04:08  loss: 4.0226 (4.0725)  IoU (F channel): 0.0060 (0.0074)  L1 (Dc channel): 0.0071 (0.0084)  L1 (Dn channel): 0.0065 (0.0076)  IoU (P channel): 0.0078 (0.0089)  lr: 0.000056  iter-time: 0.9282
[12:18:53.615975] Epoch: [2]  [240/491]  eta: 0:03:58  loss: 4.0219 (4.0700)  IoU (F channel): 0.0071 (0.0075)  L1 (Dc channel): 0.0071 (0.0084)  L1 (Dn channel): 0.0066 (0.0076)  IoU (P channel): 0.0098 (0.0091)  lr: 0.000056  iter-time: 0.9365
[12:19:03.119646] Epoch: [2]  [250/491]  eta: 0:03:48  loss: 4.0125 (4.0675)  IoU (F channel): 0.0081 (0.0076)  L1 (Dc channel): 0.0069 (0.0083)  L1 (Dn channel): 0.0067 (0.0076)  IoU (P channel): 0.0106 (0.0092)  lr: 0.000057  iter-time: 0.9435
[12:19:12.279467] Epoch: [2]  [260/491]  eta: 0:03:39  loss: 4.0049 (4.0649)  IoU (F channel): 0.0094 (0.0077)  L1 (Dc channel): 0.0068 (0.0082)  L1 (Dn channel): 0.0067 (0.0075)  IoU (P channel): 0.0106 (0.0093)  lr: 0.000057  iter-time: 0.9331
[12:19:21.448115] Epoch: [2]  [270/491]  eta: 0:03:29  loss: 3.9971 (4.0625)  IoU (F channel): 0.0067 (0.0076)  L1 (Dc channel): 0.0067 (0.0082)  L1 (Dn channel): 0.0066 (0.0075)  IoU (P channel): 0.0100 (0.0093)  lr: 0.000058  iter-time: 0.9163
[12:19:30.584510] Epoch: [2]  [280/491]  eta: 0:03:19  loss: 4.0017 (4.0605)  IoU (F channel): 0.0056 (0.0076)  L1 (Dc channel): 0.0066 (0.0081)  L1 (Dn channel): 0.0063 (0.0074)  IoU (P channel): 0.0069 (0.0092)  lr: 0.000058  iter-time: 0.9151
[12:19:39.903531] Epoch: [2]  [290/491]  eta: 0:03:10  loss: 3.9947 (4.0580)  IoU (F channel): 0.0073 (0.0077)  L1 (Dc channel): 0.0065 (0.0081)  L1 (Dn channel): 0.0060 (0.0074)  IoU (P channel): 0.0078 (0.0093)  lr: 0.000058  iter-time: 0.9226
[12:19:49.101455] Epoch: [2]  [300/491]  eta: 0:03:00  loss: 3.9874 (4.0555)  IoU (F channel): 0.0081 (0.0077)  L1 (Dc channel): 0.0063 (0.0080)  L1 (Dn channel): 0.0060 (0.0073)  IoU (P channel): 0.0112 (0.0094)  lr: 0.000059  iter-time: 0.9257
[12:19:58.445224] Epoch: [2]  [310/491]  eta: 0:02:50  loss: 3.9874 (4.0532)  IoU (F channel): 0.0065 (0.0077)  L1 (Dc channel): 0.0062 (0.0080)  L1 (Dn channel): 0.0060 (0.0073)  IoU (P channel): 0.0082 (0.0093)  lr: 0.000059  iter-time: 0.9269
[12:20:07.582717] Epoch: [2]  [320/491]  eta: 0:02:41  loss: 3.9856 (4.0509)  IoU (F channel): 0.0067 (0.0078)  L1 (Dc channel): 0.0061 (0.0079)  L1 (Dn channel): 0.0058 (0.0073)  IoU (P channel): 0.0077 (0.0094)  lr: 0.000060  iter-time: 0.9240
[12:20:16.857642] Epoch: [2]  [330/491]  eta: 0:02:31  loss: 3.9725 (4.0486)  IoU (F channel): 0.0074 (0.0077)  L1 (Dc channel): 0.0061 (0.0079)  L1 (Dn channel): 0.0058 (0.0072)  IoU (P channel): 0.0081 (0.0094)  lr: 0.000060  iter-time: 0.9205
[12:20:26.094335] Epoch: [2]  [340/491]  eta: 0:02:22  loss: 3.9725 (4.0462)  IoU (F channel): 0.0073 (0.0078)  L1 (Dc channel): 0.0060 (0.0078)  L1 (Dn channel): 0.0056 (0.0072)  IoU (P channel): 0.0087 (0.0094)  lr: 0.000061  iter-time: 0.9255
[12:20:35.441163] Epoch: [2]  [350/491]  eta: 0:02:12  loss: 3.9671 (4.0438)  IoU (F channel): 0.0072 (0.0078)  L1 (Dc channel): 0.0060 (0.0077)  L1 (Dn channel): 0.0056 (0.0071)  IoU (P channel): 0.0087 (0.0094)  lr: 0.000061  iter-time: 0.9291
[12:20:44.673352] Epoch: [2]  [360/491]  eta: 0:02:03  loss: 3.9609 (4.0416)  IoU (F channel): 0.0072 (0.0078)  L1 (Dc channel): 0.0059 (0.0077)  L1 (Dn channel): 0.0057 (0.0071)  IoU (P channel): 0.0085 (0.0094)  lr: 0.000062  iter-time: 0.9289
[12:20:53.890643] Epoch: [2]  [370/491]  eta: 0:01:53  loss: 3.9596 (4.0393)  IoU (F channel): 0.0073 (0.0078)  L1 (Dc channel): 0.0058 (0.0076)  L1 (Dn channel): 0.0056 (0.0070)  IoU (P channel): 0.0087 (0.0094)  lr: 0.000062  iter-time: 0.9224
[12:21:03.296402] Epoch: [2]  [380/491]  eta: 0:01:44  loss: 3.9539 (4.0369)  IoU (F channel): 0.0080 (0.0079)  L1 (Dc channel): 0.0056 (0.0076)  L1 (Dn channel): 0.0054 (0.0070)  IoU (P channel): 0.0116 (0.0095)  lr: 0.000063  iter-time: 0.9310
[12:21:12.446367] Epoch: [2]  [390/491]  eta: 0:01:35  loss: 3.9400 (4.0343)  IoU (F channel): 0.0095 (0.0080)  L1 (Dc channel): 0.0056 (0.0075)  L1 (Dn channel): 0.0055 (0.0070)  IoU (P channel): 0.0127 (0.0096)  lr: 0.000063  iter-time: 0.9277
[12:21:21.682186] Epoch: [2]  [400/491]  eta: 0:01:25  loss: 3.9394 (4.0319)  IoU (F channel): 0.0089 (0.0080)  L1 (Dc channel): 0.0057 (0.0075)  L1 (Dn channel): 0.0055 (0.0069)  IoU (P channel): 0.0096 (0.0096)  lr: 0.000064  iter-time: 0.9192
[12:21:31.032683] Epoch: [2]  [410/491]  eta: 0:01:16  loss: 3.9394 (4.0295)  IoU (F channel): 0.0051 (0.0080)  L1 (Dc channel): 0.0056 (0.0074)  L1 (Dn channel): 0.0054 (0.0069)  IoU (P channel): 0.0081 (0.0096)  lr: 0.000064  iter-time: 0.9292
[12:21:40.268742] Epoch: [2]  [420/491]  eta: 0:01:06  loss: 3.9338 (4.0271)  IoU (F channel): 0.0057 (0.0080)  L1 (Dc channel): 0.0056 (0.0074)  L1 (Dn channel): 0.0053 (0.0069)  IoU (P channel): 0.0073 (0.0096)  lr: 0.000065  iter-time: 0.9292
[12:21:49.474754] Epoch: [2]  [430/491]  eta: 0:00:57  loss: 3.9275 (4.0247)  IoU (F channel): 0.0077 (0.0080)  L1 (Dc channel): 0.0055 (0.0074)  L1 (Dn channel): 0.0052 (0.0068)  IoU (P channel): 0.0086 (0.0097)  lr: 0.000066  iter-time: 0.9220
[12:21:58.690057] Epoch: [2]  [440/491]  eta: 0:00:47  loss: 3.9191 (4.0222)  IoU (F channel): 0.0077 (0.0081)  L1 (Dc channel): 0.0054 (0.0073)  L1 (Dn channel): 0.0052 (0.0068)  IoU (P channel): 0.0095 (0.0097)  lr: 0.000066  iter-time: 0.9210
[12:22:07.997010] Epoch: [2]  [450/491]  eta: 0:00:38  loss: 3.9175 (4.0200)  IoU (F channel): 0.0055 (0.0080)  L1 (Dc channel): 0.0053 (0.0073)  L1 (Dn channel): 0.0050 (0.0067)  IoU (P channel): 0.0073 (0.0097)  lr: 0.000067  iter-time: 0.9260
[12:22:17.359291] Epoch: [2]  [460/491]  eta: 0:00:29  loss: 3.9178 (4.0175)  IoU (F channel): 0.0073 (0.0082)  L1 (Dc channel): 0.0052 (0.0072)  L1 (Dn channel): 0.0050 (0.0067)  IoU (P channel): 0.0089 (0.0098)  lr: 0.000067  iter-time: 0.9333
[12:22:26.594111] Epoch: [2]  [470/491]  eta: 0:00:19  loss: 3.9065 (4.0151)  IoU (F channel): 0.0082 (0.0082)  L1 (Dc channel): 0.0051 (0.0072)  L1 (Dn channel): 0.0051 (0.0067)  IoU (P channel): 0.0117 (0.0098)  lr: 0.000068  iter-time: 0.9297
[12:22:35.871769] Epoch: [2]  [480/491]  eta: 0:00:10  loss: 3.9065 (4.0128)  IoU (F channel): 0.0079 (0.0083)  L1 (Dc channel): 0.0052 (0.0071)  L1 (Dn channel): 0.0049 (0.0066)  IoU (P channel): 0.0104 (0.0098)  lr: 0.000068  iter-time: 0.9255
[12:22:44.494771] Epoch: [2]  [490/491]  eta: 0:00:00  loss: 3.8880 (4.0101)  IoU (F channel): 0.0091 (0.0083)  L1 (Dc channel): 0.0053 (0.0071)  L1 (Dn channel): 0.0050 (0.0066)  IoU (P channel): 0.0106 (0.0099)  lr: 0.000069  iter-time: 0.8949
[12:22:44.495021] Epoch: [2] Total time: 0:07:39 (0.9366 s / it)
[12:22:44.495047] [Train] averaged stats: loss: 3.8880 (4.0101)  IoU (F channel): 0.0091 (0.0083)  L1 (Dc channel): 0.0053 (0.0071)  L1 (Dn channel): 0.0050 (0.0066)  IoU (P channel): 0.0106 (0.0099)  lr: 0.000069
[12:22:51.200635] Epoch: [2]  [ 0/27]  eta: 0:03:01  loss: 3.9225 (3.9225)  IoU (F channel): 0.0000 (0.0000)  L1 (Dc channel): 0.0043 (0.0043)  L1 (Dn channel): 0.0041 (0.0041)  IoU (P channel): 0.0000 (0.0000)  iter-time: 6.7042
[12:22:58.900923] Epoch: [2]  [10/27]  eta: 0:00:22  loss: 3.8969 (3.9007)  IoU (F channel): 0.0067 (0.0088)  L1 (Dc channel): 0.0054 (0.0052)  L1 (Dn channel): 0.0053 (0.0057)  IoU (P channel): 0.0082 (0.0108)  iter-time: 1.3095
[12:23:05.705354] Epoch: [2]  [20/27]  eta: 0:00:07  loss: 3.8952 (3.8958)  IoU (F channel): 0.0067 (0.0100)  L1 (Dc channel): 0.0054 (0.0053)  L1 (Dn channel): 0.0053 (0.0057)  IoU (P channel): 0.0082 (0.0114)  iter-time: 0.7252
[12:23:08.635361] Epoch: [2]  [26/27]  eta: 0:00:00  loss: 3.8875 (3.8941)  IoU (F channel): 0.0054 (0.0095)  L1 (Dc channel): 0.0052 (0.0052)  L1 (Dn channel): 0.0053 (0.0056)  IoU (P channel): 0.0066 (0.0113)  iter-time: 0.6585
[12:23:08.635504] Epoch: [2] Total time: 0:00:24 (0.8941 s / it)
[12:23:08.635521] [Val] averaged stats: loss: 3.8875 (3.8941)  IoU (F channel): 0.0054 (0.0095)  L1 (Dc channel): 0.0052 (0.0052)  L1 (Dn channel): 0.0053 (0.0056)  IoU (P channel): 0.0066 (0.0113)
[12:23:08.635721] Val loss improved from 4.132065172548647 to 3.894111960022538, saving model to metrics/biapy/biapy-channel-scale-zarr-seunet/checkpoints/biapy-channel-scale-zarr-seunet_0-checkpoint-best.pth
[12:23:08.759665] [Val] best loss: 3.8941 best  IoU (F channel): 0.0095 L1 (Dc channel): 0.0052 L1 (Dn channel): 0.0056 IoU (P channel): 0.0113 
[12:23:08.770780] [Time] 8.1m 17.2m/8.2h

[12:23:08.770812] ~~~ Epoch 3/60 ~~~

[12:23:16.887991] Epoch: [3]  [  0/491]  eta: 1:06:24  loss: 3.8741 (3.8741)  IoU (F channel): 0.0209 (0.0209)  L1 (Dc channel): 0.0057 (0.0057)  L1 (Dn channel): 0.0063 (0.0063)  IoU (P channel): 0.0245 (0.0245)  lr: 0.000069  iter-time: 8.1158
[12:23:26.536785] Epoch: [3]  [ 10/491]  eta: 0:12:56  loss: 3.8863 (3.8825)  IoU (F channel): 0.0084 (0.0109)  L1 (Dc channel): 0.0055 (0.0055)  L1 (Dn channel): 0.0052 (0.0054)  IoU (P channel): 0.0131 (0.0133)  lr: 0.000070  iter-time: 1.6147
[12:23:35.798666] Epoch: [3]  [ 20/491]  eta: 0:10:06  loss: 3.8863 (3.8836)  IoU (F channel): 0.0077 (0.0095)  L1 (Dc channel): 0.0052 (0.0053)  L1 (Dn channel): 0.0051 (0.0053)  IoU (P channel): 0.0093 (0.0115)  lr: 0.000070  iter-time: 0.9453
[12:23:45.150573] Epoch: [3]  [ 30/491]  eta: 0:09:00  loss: 3.8796 (3.8798)  IoU (F channel): 0.0078 (0.0103)  L1 (Dc channel): 0.0052 (0.0053)  L1 (Dn channel): 0.0049 (0.0052)  IoU (P channel): 0.0089 (0.0120)  lr: 0.000071  iter-time: 0.9305
[12:23:54.555014] Epoch: [3]  [ 40/491]  eta: 0:08:23  loss: 3.8754 (3.8775)  IoU (F channel): 0.0079 (0.0103)  L1 (Dc channel): 0.0052 (0.0053)  L1 (Dn channel): 0.0049 (0.0052)  IoU (P channel): 0.0087 (0.0118)  lr: 0.000071  iter-time: 0.9377
[12:24:03.881568] Epoch: [3]  [ 50/491]  eta: 0:07:56  loss: 3.8645 (3.8740)  IoU (F channel): 0.0095 (0.0110)  L1 (Dc channel): 0.0051 (0.0053)  L1 (Dn channel): 0.0050 (0.0052)  IoU (P channel): 0.0113 (0.0125)  lr: 0.000072  iter-time: 0.9365
[12:24:13.415788] Epoch: [3]  [ 60/491]  eta: 0:07:36  loss: 3.8588 (3.8714)  IoU (F channel): 0.0110 (0.0113)  L1 (Dc channel): 0.0051 (0.0052)  L1 (Dn channel): 0.0050 (0.0051)  IoU (P channel): 0.0132 (0.0128)  lr: 0.000073  iter-time: 0.9429
[12:24:22.736273] Epoch: [3]  [ 70/491]  eta: 0:07:18  loss: 3.8613 (3.8702)  IoU (F channel): 0.0083 (0.0108)  L1 (Dc channel): 0.0051 (0.0052)  L1 (Dn channel): 0.0050 (0.0051)  IoU (P channel): 0.0099 (0.0122)  lr: 0.000073  iter-time: 0.9426
[12:24:32.293151] Epoch: [3]  [ 80/491]  eta: 0:07:03  loss: 3.8543 (3.8667)  IoU (F channel): 0.0075 (0.0110)  L1 (Dc channel): 0.0051 (0.0052)  L1 (Dn channel): 0.0050 (0.0051)  IoU (P channel): 0.0088 (0.0124)  lr: 0.000074  iter-time: 0.9437
[12:24:41.667922] Epoch: [3]  [ 90/491]  eta: 0:06:49  loss: 3.8335 (3.8629)  IoU (F channel): 0.0119 (0.0113)  L1 (Dc channel): 0.0051 (0.0052)  L1 (Dn channel): 0.0050 (0.0051)  IoU (P channel): 0.0128 (0.0127)  lr: 0.000075  iter-time: 0.9464
[12:24:50.913570] Epoch: [3]  [100/491]  eta: 0:06:35  loss: 3.8327 (3.8594)  IoU (F channel): 0.0134 (0.0117)  L1 (Dc channel): 0.0053 (0.0052)  L1 (Dn channel): 0.0053 (0.0052)  IoU (P channel): 0.0155 (0.0130)  lr: 0.000075  iter-time: 0.9309
[12:25:00.626045] Epoch: [3]  [110/491]  eta: 0:06:23  loss: 3.8319 (3.8567)  IoU (F channel): 0.0104 (0.0115)  L1 (Dc channel): 0.0053 (0.0052)  L1 (Dn channel): 0.0051 (0.0051)  IoU (P channel): 0.0132 (0.0128)  lr: 0.000076  iter-time: 0.9478
[12:25:09.924861] Epoch: [3]  [120/491]  eta: 0:06:11  loss: 3.8319 (3.8546)  IoU (F channel): 0.0088 (0.0114)  L1 (Dc channel): 0.0051 (0.0052)  L1 (Dn channel): 0.0051 (0.0051)  IoU (P channel): 0.0080 (0.0127)  lr: 0.000076  iter-time: 0.9504
[12:25:19.255394] Epoch: [3]  [130/491]  eta: 0:05:59  loss: 3.8244 (3.8520)  IoU (F channel): 0.0092 (0.0115)  L1 (Dc channel): 0.0053 (0.0052)  L1 (Dn channel): 0.0049 (0.0051)  IoU (P channel): 0.0117 (0.0128)  lr: 0.000077  iter-time: 0.9314
[12:25:28.710490] Epoch: [3]  [140/491]  eta: 0:05:48  loss: 3.8149 (3.8491)  IoU (F channel): 0.0125 (0.0117)  L1 (Dc channel): 0.0054 (0.0052)  L1 (Dn channel): 0.0050 (0.0051)  IoU (P channel): 0.0136 (0.0130)  lr: 0.000078  iter-time: 0.9392
[12:25:38.022916] Epoch: [3]  [150/491]  eta: 0:05:37  loss: 3.8128 (3.8467)  IoU (F channel): 0.0094 (0.0115)  L1 (Dc channel): 0.0052 (0.0052)  L1 (Dn channel): 0.0050 (0.0051)  IoU (P channel): 0.0116 (0.0128)  lr: 0.000078  iter-time: 0.9383
[12:25:47.395862] Epoch: [3]  [160/491]  eta: 0:05:26  loss: 3.7980 (3.8437)  IoU (F channel): 0.0094 (0.0116)  L1 (Dc channel): 0.0051 (0.0052)  L1 (Dn channel): 0.0049 (0.0051)  IoU (P channel): 0.0116 (0.0129)  lr: 0.000079  iter-time: 0.9341
[12:25:56.587474] Epoch: [3]  [170/491]  eta: 0:05:14  loss: 3.7908 (3.8400)  IoU (F channel): 0.0133 (0.0119)  L1 (Dc channel): 0.0051 (0.0052)  L1 (Dn channel): 0.0049 (0.0051)  IoU (P channel): 0.0151 (0.0132)  lr: 0.000080  iter-time: 0.9281
[12:26:06.081731] Epoch: [3]  [180/491]  eta: 0:05:04  loss: 3.7807 (3.8371)  IoU (F channel): 0.0124 (0.0119)  L1 (Dc channel): 0.0051 (0.0052)  L1 (Dn channel): 0.0049 (0.0051)  IoU (P channel): 0.0140 (0.0131)  lr: 0.000080  iter-time: 0.9342
[12:26:15.352759] Epoch: [3]  [190/491]  eta: 0:04:53  loss: 3.7822 (3.8340)  IoU (F channel): 0.0079 (0.0117)  L1 (Dc channel): 0.0049 (0.0052)  L1 (Dn channel): 0.0049 (0.0051)  IoU (P channel): 0.0082 (0.0130)  lr: 0.000081  iter-time: 0.9381
[12:26:24.630666] Epoch: [3]  [200/491]  eta: 0:04:43  loss: 3.7798 (3.8310)  IoU (F channel): 0.0080 (0.0117)  L1 (Dc channel): 0.0048 (0.0052)  L1 (Dn channel): 0.0048 (0.0051)  IoU (P channel): 0.0096 (0.0130)  lr: 0.000082  iter-time: 0.9273
[12:26:34.048582] Epoch: [3]  [210/491]  eta: 0:04:33  loss: 3.7698 (3.8279)  IoU (F channel): 0.0095 (0.0117)  L1 (Dc channel): 0.0048 (0.0052)  L1 (Dn channel): 0.0047 (0.0051)  IoU (P channel): 0.0105 (0.0130)  lr: 0.000083  iter-time: 0.9347
[12:26:43.237919] Epoch: [3]  [220/491]  eta: 0:04:22  loss: 3.7597 (3.8246)  IoU (F channel): 0.0105 (0.0118)  L1 (Dc channel): 0.0048 (0.0052)  L1 (Dn channel): 0.0049 (0.0051)  IoU (P channel): 0.0110 (0.0132)  lr: 0.000083  iter-time: 0.9302
[12:26:52.547657] Epoch: [3]  [230/491]  eta: 0:04:12  loss: 3.7498 (3.8212)  IoU (F channel): 0.0117 (0.0118)  L1 (Dc channel): 0.0049 (0.0051)  L1 (Dn channel): 0.0048 (0.0051)  IoU (P channel): 0.0151 (0.0132)  lr: 0.000084  iter-time: 0.9249
[12:27:02.151149] Epoch: [3]  [240/491]  eta: 0:04:03  loss: 3.7467 (3.8180)  IoU (F channel): 0.0097 (0.0117)  L1 (Dc channel): 0.0046 (0.0051)  L1 (Dn channel): 0.0045 (0.0050)  IoU (P channel): 0.0108 (0.0131)  lr: 0.000085  iter-time: 0.9456
[12:27:11.477273] Epoch: [3]  [250/491]  eta: 0:03:53  loss: 3.7330 (3.8144)  IoU (F channel): 0.0094 (0.0118)  L1 (Dc channel): 0.0046 (0.0051)  L1 (Dn channel): 0.0045 (0.0050)  IoU (P channel): 0.0092 (0.0132)  lr: 0.000085  iter-time: 0.9464
[12:27:20.838433] Epoch: [3]  [260/491]  eta: 0:03:43  loss: 3.7274 (3.8110)  IoU (F channel): 0.0109 (0.0118)  L1 (Dc channel): 0.0047 (0.0051)  L1 (Dn channel): 0.0046 (0.0050)  IoU (P channel): 0.0129 (0.0133)  lr: 0.000086  iter-time: 0.9343
[12:27:30.428202] Epoch: [3]  [270/491]  eta: 0:03:33  loss: 3.7205 (3.8075)  IoU (F channel): 0.0111 (0.0118)  L1 (Dc channel): 0.0048 (0.0051)  L1 (Dn channel): 0.0046 (0.0050)  IoU (P channel): 0.0131 (0.0133)  lr: 0.000087  iter-time: 0.9474
[12:27:39.828330] Epoch: [3]  [280/491]  eta: 0:03:23  loss: 3.7171 (3.8042)  IoU (F channel): 0.0098 (0.0118)  L1 (Dc channel): 0.0048 (0.0051)  L1 (Dn channel): 0.0044 (0.0050)  IoU (P channel): 0.0123 (0.0133)  lr: 0.000088  iter-time: 0.9494
[12:27:48.999922] Epoch: [3]  [290/491]  eta: 0:03:13  loss: 3.7124 (3.8008)  IoU (F channel): 0.0098 (0.0118)  L1 (Dc channel): 0.0047 (0.0050)  L1 (Dn channel): 0.0044 (0.0050)  IoU (P channel): 0.0123 (0.0135)  lr: 0.000088  iter-time: 0.9285
[12:27:58.256051] Epoch: [3]  [300/491]  eta: 0:03:03  loss: 3.6998 (3.7973)  IoU (F channel): 0.0098 (0.0118)  L1 (Dc channel): 0.0046 (0.0050)  L1 (Dn channel): 0.0044 (0.0049)  IoU (P channel): 0.0137 (0.0135)  lr: 0.000089  iter-time: 0.9213
[12:28:07.651847] Epoch: [3]  [310/491]  eta: 0:02:53  loss: 3.6880 (3.7937)  IoU (F channel): 0.0129 (0.0119)  L1 (Dc channel): 0.0047 (0.0050)  L1 (Dn channel): 0.0045 (0.0050)  IoU (P channel): 0.0162 (0.0137)  lr: 0.000090  iter-time: 0.9325
[12:28:17.179160] Epoch: [3]  [320/491]  eta: 0:02:44  loss: 3.6759 (3.7899)  IoU (F channel): 0.0153 (0.0120)  L1 (Dc channel): 0.0049 (0.0050)  L1 (Dn channel): 0.0047 (0.0049)  IoU (P channel): 0.0179 (0.0139)  lr: 0.000091  iter-time: 0.9460
[12:28:26.444962] Epoch: [3]  [330/491]  eta: 0:02:34  loss: 3.6704 (3.7863)  IoU (F channel): 0.0112 (0.0120)  L1 (Dc channel): 0.0049 (0.0050)  L1 (Dn channel): 0.0046 (0.0049)  IoU (P channel): 0.0147 (0.0139)  lr: 0.000091  iter-time: 0.9395
[12:28:35.817432] Epoch: [3]  [340/491]  eta: 0:02:24  loss: 3.6646 (3.7827)  IoU (F channel): 0.0093 (0.0119)  L1 (Dc channel): 0.0049 (0.0050)  L1 (Dn channel): 0.0046 (0.0049)  IoU (P channel): 0.0126 (0.0139)  lr: 0.000092  iter-time: 0.9318
[12:28:45.246361] Epoch: [3]  [350/491]  eta: 0:02:15  loss: 3.6597 (3.7791)  IoU (F channel): 0.0087 (0.0119)  L1 (Dc channel): 0.0047 (0.0050)  L1 (Dn channel): 0.0043 (0.0049)  IoU (P channel): 0.0126 (0.0140)  lr: 0.000093  iter-time: 0.9343
[12:28:54.623435] Epoch: [3]  [360/491]  eta: 0:02:05  loss: 3.6544 (3.7753)  IoU (F channel): 0.0106 (0.0120)  L1 (Dc channel): 0.0049 (0.0050)  L1 (Dn channel): 0.0043 (0.0049)  IoU (P channel): 0.0165 (0.0141)  lr: 0.000094  iter-time: 0.9346
[12:29:04.094218] Epoch: [3]  [370/491]  eta: 0:01:55  loss: 3.6406 (3.7717)  IoU (F channel): 0.0111 (0.0120)  L1 (Dc channel): 0.0049 (0.0050)  L1 (Dn channel): 0.0043 (0.0049)  IoU (P channel): 0.0161 (0.0142)  lr: 0.000094  iter-time: 0.9423
[12:29:13.465057] Epoch: [3]  [380/491]  eta: 0:01:46  loss: 3.6345 (3.7680)  IoU (F channel): 0.0091 (0.0120)  L1 (Dc channel): 0.0047 (0.0050)  L1 (Dn channel): 0.0043 (0.0049)  IoU (P channel): 0.0147 (0.0143)  lr: 0.000095  iter-time: 0.9420
[12:29:23.048393] Epoch: [3]  [390/491]  eta: 0:01:36  loss: 3.6217 (3.7642)  IoU (F channel): 0.0107 (0.0120)  L1 (Dc channel): 0.0047 (0.0050)  L1 (Dn channel): 0.0043 (0.0049)  IoU (P channel): 0.0177 (0.0144)  lr: 0.000096  iter-time: 0.9476
[12:29:32.514988] Epoch: [3]  [400/491]  eta: 0:01:27  loss: 3.6163 (3.7603)  IoU (F channel): 0.0097 (0.0120)  L1 (Dc channel): 0.0047 (0.0050)  L1 (Dn channel): 0.0043 (0.0049)  IoU (P channel): 0.0172 (0.0145)  lr: 0.000097  iter-time: 0.9524
[12:29:41.742963] Epoch: [3]  [410/491]  eta: 0:01:17  loss: 3.6007 (3.7564)  IoU (F channel): 0.0116 (0.0121)  L1 (Dc channel): 0.0046 (0.0050)  L1 (Dn channel): 0.0043 (0.0048)  IoU (P channel): 0.0195 (0.0147)  lr: 0.000098  iter-time: 0.9346
[12:29:51.137544] Epoch: [3]  [420/491]  eta: 0:01:07  loss: 3.5905 (3.7523)  IoU (F channel): 0.0129 (0.0121)  L1 (Dc channel): 0.0044 (0.0050)  L1 (Dn channel): 0.0042 (0.0048)  IoU (P channel): 0.0199 (0.0148)  lr: 0.000098  iter-time: 0.9310
[12:30:00.452233] Epoch: [3]  [430/491]  eta: 0:00:58  loss: 3.5797 (3.7484)  IoU (F channel): 0.0080 (0.0120)  L1 (Dc channel): 0.0043 (0.0050)  L1 (Dn channel): 0.0040 (0.0048)  IoU (P channel): 0.0176 (0.0149)  lr: 0.000099  iter-time: 0.9353
[12:30:09.594370] Epoch: [3]  [440/491]  eta: 0:00:48  loss: 3.5662 (3.7441)  IoU (F channel): 0.0109 (0.0121)  L1 (Dc channel): 0.0043 (0.0050)  L1 (Dn channel): 0.0040 (0.0048)  IoU (P channel): 0.0211 (0.0151)  lr: 0.000100  iter-time: 0.9227
[12:30:18.877677] Epoch: [3]  [450/491]  eta: 0:00:39  loss: 3.5583 (3.7400)  IoU (F channel): 0.0106 (0.0121)  L1 (Dc channel): 0.0044 (0.0049)  L1 (Dn channel): 0.0040 (0.0048)  IoU (P channel): 0.0175 (0.0152)  lr: 0.000101  iter-time: 0.9211
[12:30:28.238795] Epoch: [3]  [460/491]  eta: 0:00:29  loss: 3.5567 (3.7358)  IoU (F channel): 0.0098 (0.0121)  L1 (Dc channel): 0.0042 (0.0049)  L1 (Dn channel): 0.0038 (0.0048)  IoU (P channel): 0.0158 (0.0153)  lr: 0.000102  iter-time: 0.9321
[12:30:37.549683] Epoch: [3]  [470/491]  eta: 0:00:20  loss: 3.5451 (3.7318)  IoU (F channel): 0.0102 (0.0121)  L1 (Dc channel): 0.0042 (0.0049)  L1 (Dn channel): 0.0037 (0.0047)  IoU (P channel): 0.0211 (0.0155)  lr: 0.000103  iter-time: 0.9334
[12:30:46.734821] Epoch: [3]  [480/491]  eta: 0:00:10  loss: 3.5275 (3.7274)  IoU (F channel): 0.0131 (0.0121)  L1 (Dc channel): 0.0043 (0.0049)  L1 (Dn channel): 0.0037 (0.0047)  IoU (P channel): 0.0240 (0.0156)  lr: 0.000103  iter-time: 0.9247
[12:30:55.373885] Epoch: [3]  [490/491]  eta: 0:00:00  loss: 3.5187 (3.7231)  IoU (F channel): 0.0102 (0.0121)  L1 (Dc channel): 0.0041 (0.0049)  L1 (Dn channel): 0.0036 (0.0047)  IoU (P channel): 0.0202 (0.0157)  lr: 0.000104  iter-time: 0.8911
[12:30:55.373985] Epoch: [3] Total time: 0:07:46 (0.9503 s / it)
[12:30:55.374016] [Train] averaged stats: loss: 3.5187 (3.7231)  IoU (F channel): 0.0102 (0.0121)  L1 (Dc channel): 0.0041 (0.0049)  L1 (Dn channel): 0.0036 (0.0047)  IoU (P channel): 0.0202 (0.0157)  lr: 0.000104
[12:31:00.312928] Epoch: [3]  [ 0/27]  eta: 0:02:13  loss: 3.5395 (3.5395)  IoU (F channel): 0.0000 (0.0000)  L1 (Dc channel): 0.0032 (0.0032)  L1 (Dn channel): 0.0028 (0.0028)  IoU (P channel): 0.0000 (0.0000)  iter-time: 4.9379
[12:31:09.546674] Epoch: [3]  [10/27]  eta: 0:00:21  loss: 3.5214 (3.5266)  IoU (F channel): 0.0078 (0.0113)  L1 (Dc channel): 0.0041 (0.0040)  L1 (Dn channel): 0.0033 (0.0039)  IoU (P channel): 0.0136 (0.0203)  iter-time: 1.2883
[12:31:17.320004] Epoch: [3]  [20/27]  eta: 0:00:07  loss: 3.5183 (3.5192)  IoU (F channel): 0.0078 (0.0130)  L1 (Dc channel): 0.0041 (0.0040)  L1 (Dn channel): 0.0033 (0.0038)  IoU (P channel): 0.0136 (0.0227)  iter-time: 0.8503
[12:31:18.829143] Epoch: [3]  [26/27]  eta: 0:00:00  loss: 3.5126 (3.5173)  IoU (F channel): 0.0071 (0.0123)  L1 (Dc channel): 0.0039 (0.0039)  L1 (Dn channel): 0.0033 (0.0037)  IoU (P channel): 0.0151 (0.0228)  iter-time: 0.6626
[12:31:18.829257] Epoch: [3] Total time: 0:00:23 (0.8687 s / it)
[12:31:18.829273] [Val] averaged stats: loss: 3.5126 (3.5173)  IoU (F channel): 0.0071 (0.0123)  L1 (Dc channel): 0.0039 (0.0039)  L1 (Dn channel): 0.0033 (0.0037)  IoU (P channel): 0.0151 (0.0228)
[12:31:18.829485] Val loss improved from 3.894111960022538 to 3.517308588381167, saving model to metrics/biapy/biapy-channel-scale-zarr-seunet/checkpoints/biapy-channel-scale-zarr-seunet_0-checkpoint-best.pth
[12:31:18.947223] [Val] best loss: 3.5173 best  IoU (F channel): 0.0123 L1 (Dc channel): 0.0039 L1 (Dn channel): 0.0037 IoU (P channel): 0.0228 
[12:31:18.958313] [Time] 8.2m 25.4m/8.3h

[12:31:18.958344] ~~~ Epoch 4/60 ~~~

[12:31:26.433891] Epoch: [4]  [  0/491]  eta: 1:01:09  loss: 3.5052 (3.5052)  IoU (F channel): 0.0102 (0.0102)  L1 (Dc channel): 0.0042 (0.0042)  L1 (Dn channel): 0.0038 (0.0038)  IoU (P channel): 0.0159 (0.0159)  lr: 0.000104  iter-time: 7.4740
[12:31:36.381082] Epoch: [4]  [ 10/491]  eta: 0:12:41  loss: 3.5042 (3.5010)  IoU (F channel): 0.0105 (0.0125)  L1 (Dc channel): 0.0041 (0.0040)  L1 (Dn channel): 0.0039 (0.0037)  IoU (P channel): 0.0174 (0.0249)  lr: 0.000105  iter-time: 1.5836
[12:31:45.626830] Epoch: [4]  [ 20/491]  eta: 0:09:58  loss: 3.4966 (3.4969)  IoU (F channel): 0.0107 (0.0129)  L1 (Dc channel): 0.0042 (0.0042)  L1 (Dn channel): 0.0039 (0.0039)  IoU (P channel): 0.0179 (0.0252)  lr: 0.000106  iter-time: 0.9595
[12:31:55.007200] Epoch: [4]  [ 30/491]  eta: 0:08:56  loss: 3.4885 (3.4958)  IoU (F channel): 0.0100 (0.0124)  L1 (Dc channel): 0.0042 (0.0042)  L1 (Dn channel): 0.0040 (0.0039)  IoU (P channel): 0.0186 (0.0239)  lr: 0.000107  iter-time: 0.9312
[12:32:04.492837] Epoch: [4]  [ 40/491]  eta: 0:08:20  loss: 3.4882 (3.4926)  IoU (F channel): 0.0077 (0.0119)  L1 (Dc channel): 0.0042 (0.0042)  L1 (Dn channel): 0.0038 (0.0039)  IoU (P channel): 0.0183 (0.0232)  lr: 0.000108  iter-time: 0.9432
[12:32:13.796059] Epoch: [4]  [ 50/491]  eta: 0:07:54  loss: 3.4744 (3.4887)  IoU (F channel): 0.0093 (0.0120)  L1 (Dc channel): 0.0042 (0.0042)  L1 (Dn channel): 0.0035 (0.0038)  IoU (P channel): 0.0228 (0.0235)  lr: 0.000109  iter-time: 0.9394
[12:32:22.957601] Epoch: [4]  [ 60/491]  eta: 0:07:32  loss: 3.4588 (3.4832)  IoU (F channel): 0.0096 (0.0117)  L1 (Dc channel): 0.0041 (0.0042)  L1 (Dn channel): 0.0035 (0.0038)  IoU (P channel): 0.0241 (0.0240)  lr: 0.000110  iter-time: 0.9231
[12:32:32.316935] Epoch: [4]  [ 70/491]  eta: 0:07:14  loss: 3.4470 (3.4776)  IoU (F channel): 0.0096 (0.0118)  L1 (Dc channel): 0.0040 (0.0041)  L1 (Dn channel): 0.0036 (0.0038)  IoU (P channel): 0.0236 (0.0241)  lr: 0.000111  iter-time: 0.9259
[12:32:41.794343] Epoch: [4]  [ 80/491]  eta: 0:07:00  loss: 3.4353 (3.4713)  IoU (F channel): 0.0093 (0.0115)  L1 (Dc channel): 0.0038 (0.0041)  L1 (Dn channel): 0.0035 (0.0038)  IoU (P channel): 0.0200 (0.0238)  lr: 0.000111  iter-time: 0.9417
[12:32:50.993981] Epoch: [4]  [ 90/491]  eta: 0:06:45  loss: 3.4196 (3.4652)  IoU (F channel): 0.0098 (0.0119)  L1 (Dc channel): 0.0039 (0.0041)  L1 (Dn channel): 0.0035 (0.0037)  IoU (P channel): 0.0258 (0.0248)  lr: 0.000112  iter-time: 0.9337
[12:33:00.134362] Epoch: [4]  [100/491]  eta: 0:06:31  loss: 3.4072 (3.4591)  IoU (F channel): 0.0130 (0.0120)  L1 (Dc channel): 0.0040 (0.0041)  L1 (Dn channel): 0.0035 (0.0038)  IoU (P channel): 0.0309 (0.0253)  lr: 0.000113  iter-time: 0.9169
[12:33:09.448662] Epoch: [4]  [110/491]  eta: 0:06:19  loss: 3.4071 (3.4544)  IoU (F channel): 0.0117 (0.0120)  L1 (Dc channel): 0.0040 (0.0041)  L1 (Dn channel): 0.0037 (0.0038)  IoU (P channel): 0.0271 (0.0255)  lr: 0.000114  iter-time: 0.9226
[12:33:18.715060] Epoch: [4]  [120/491]  eta: 0:06:07  loss: 3.3992 (3.4489)  IoU (F channel): 0.0097 (0.0118)  L1 (Dc channel): 0.0039 (0.0041)  L1 (Dn channel): 0.0037 (0.0037)  IoU (P channel): 0.0216 (0.0252)  lr: 0.000115  iter-time: 0.9289
[12:33:28.037573] Epoch: [4]  [130/491]  eta: 0:05:55  loss: 3.3812 (3.4435)  IoU (F channel): 0.0095 (0.0117)  L1 (Dc channel): 0.0038 (0.0040)  L1 (Dn channel): 0.0034 (0.0037)  IoU (P channel): 0.0237 (0.0253)  lr: 0.000116  iter-time: 0.9293
[12:33:37.361899] Epoch: [4]  [140/491]  eta: 0:05:44  loss: 3.3703 (3.4372)  IoU (F channel): 0.0101 (0.0118)  L1 (Dc channel): 0.0037 (0.0040)  L1 (Dn channel): 0.0032 (0.0037)  IoU (P channel): 0.0250 (0.0262)  lr: 0.000117  iter-time: 0.9322
[12:33:46.896915] Epoch: [4]  [150/491]  eta: 0:05:34  loss: 3.3540 (3.4314)  IoU (F channel): 0.0076 (0.0116)  L1 (Dc channel): 0.0038 (0.0040)  L1 (Dn channel): 0.0031 (0.0037)  IoU (P channel): 0.0234 (0.0261)  lr: 0.000118  iter-time: 0.9428
[12:33:56.183135] Epoch: [4]  [160/491]  eta: 0:05:23  loss: 3.3411 (3.4254)  IoU (F channel): 0.0084 (0.0116)  L1 (Dc channel): 0.0037 (0.0040)  L1 (Dn channel): 0.0031 (0.0036)  IoU (P channel): 0.0281 (0.0264)  lr: 0.000119  iter-time: 0.9409
[12:34:05.456469] Epoch: [4]  [170/491]  eta: 0:05:12  loss: 3.3312 (3.4198)  IoU (F channel): 0.0092 (0.0116)  L1 (Dc channel): 0.0036 (0.0040)  L1 (Dn channel): 0.0032 (0.0036)  IoU (P channel): 0.0281 (0.0266)  lr: 0.000120  iter-time: 0.9279
[12:34:14.677243] Epoch: [4]  [180/491]  eta: 0:05:01  loss: 3.3220 (3.4140)  IoU (F channel): 0.0092 (0.0116)  L1 (Dc channel): 0.0037 (0.0040)  L1 (Dn channel): 0.0032 (0.0036)  IoU (P channel): 0.0235 (0.0269)  lr: 0.000121  iter-time: 0.9246
[12:34:23.858249] Epoch: [4]  [190/491]  eta: 0:04:51  loss: 3.3066 (3.4079)  IoU (F channel): 0.0081 (0.0115)  L1 (Dc channel): 0.0037 (0.0039)  L1 (Dn channel): 0.0032 (0.0036)  IoU (P channel): 0.0258 (0.0270)  lr: 0.000122  iter-time: 0.9200
[12:34:33.001485] Epoch: [4]  [200/491]  eta: 0:04:40  loss: 3.2915 (3.4021)  IoU (F channel): 0.0078 (0.0113)  L1 (Dc channel): 0.0036 (0.0039)  L1 (Dn channel): 0.0033 (0.0036)  IoU (P channel): 0.0271 (0.0273)  lr: 0.000123  iter-time: 0.9161
[12:34:42.145554] Epoch: [4]  [210/491]  eta: 0:04:30  loss: 3.2817 (3.3961)  IoU (F channel): 0.0070 (0.0113)  L1 (Dc channel): 0.0036 (0.0039)  L1 (Dn channel): 0.0033 (0.0036)  IoU (P channel): 0.0368 (0.0280)  lr: 0.000123  iter-time: 0.9143
[12:34:51.378244] Epoch: [4]  [220/491]  eta: 0:04:20  loss: 3.2698 (3.3900)  IoU (F channel): 0.0074 (0.0112)  L1 (Dc channel): 0.0036 (0.0039)  L1 (Dn channel): 0.0032 (0.0036)  IoU (P channel): 0.0278 (0.0281)  lr: 0.000124  iter-time: 0.9187
[12:35:00.521960] Epoch: [4]  [230/491]  eta: 0:04:10  loss: 3.2525 (3.3840)  IoU (F channel): 0.0074 (0.0111)  L1 (Dc channel): 0.0035 (0.0039)  L1 (Dn channel): 0.0030 (0.0035)  IoU (P channel): 0.0278 (0.0284)  lr: 0.000125  iter-time: 0.9187
[12:35:09.664912] Epoch: [4]  [240/491]  eta: 0:04:00  loss: 3.2485 (3.3782)  IoU (F channel): 0.0095 (0.0111)  L1 (Dc channel): 0.0034 (0.0039)  L1 (Dn channel): 0.0030 (0.0035)  IoU (P channel): 0.0341 (0.0287)  lr: 0.000126  iter-time: 0.9142
[12:35:18.807168] Epoch: [4]  [250/491]  eta: 0:03:50  loss: 3.2244 (3.3719)  IoU (F channel): 0.0082 (0.0110)  L1 (Dc channel): 0.0034 (0.0038)  L1 (Dn channel): 0.0030 (0.0035)  IoU (P channel): 0.0318 (0.0287)  lr: 0.000127  iter-time: 0.9142
[12:35:28.031215] Epoch: [4]  [260/491]  eta: 0:03:40  loss: 3.2123 (3.3657)  IoU (F channel): 0.0088 (0.0110)  L1 (Dc channel): 0.0034 (0.0038)  L1 (Dn channel): 0.0030 (0.0035)  IoU (P channel): 0.0345 (0.0292)  lr: 0.000128  iter-time: 0.9182
[12:35:37.542237] Epoch: [4]  [270/491]  eta: 0:03:30  loss: 3.2012 (3.3594)  IoU (F channel): 0.0093 (0.0108)  L1 (Dc channel): 0.0032 (0.0038)  L1 (Dn channel): 0.0029 (0.0035)  IoU (P channel): 0.0323 (0.0292)  lr: 0.000129  iter-time: 0.9366
[12:35:46.921376] Epoch: [4]  [280/491]  eta: 0:03:21  loss: 3.1912 (3.3529)  IoU (F channel): 0.0094 (0.0110)  L1 (Dc channel): 0.0032 (0.0038)  L1 (Dn channel): 0.0029 (0.0035)  IoU (P channel): 0.0322 (0.0301)  lr: 0.000130  iter-time: 0.9444
[12:35:56.215456] Epoch: [4]  [290/491]  eta: 0:03:11  loss: 3.1763 (3.3468)  IoU (F channel): 0.0117 (0.0111)  L1 (Dc channel): 0.0033 (0.0038)  L1 (Dn channel): 0.0031 (0.0035)  IoU (P channel): 0.0387 (0.0303)  lr: 0.000131  iter-time: 0.9336
[12:36:05.434966] Epoch: [4]  [300/491]  eta: 0:03:01  loss: 3.1710 (3.3408)  IoU (F channel): 0.0084 (0.0110)  L1 (Dc channel): 0.0033 (0.0038)  L1 (Dn channel): 0.0029 (0.0034)  IoU (P channel): 0.0281 (0.0304)  lr: 0.000132  iter-time: 0.9256
[12:36:14.577986] Epoch: [4]  [310/491]  eta: 0:02:52  loss: 3.1566 (3.3346)  IoU (F channel): 0.0087 (0.0111)  L1 (Dc channel): 0.0034 (0.0037)  L1 (Dn channel): 0.0029 (0.0034)  IoU (P channel): 0.0303 (0.0306)  lr: 0.000133  iter-time: 0.9180
[12:36:23.728733] Epoch: [4]  [320/491]  eta: 0:02:42  loss: 3.1399 (3.3283)  IoU (F channel): 0.0104 (0.0111)  L1 (Dc channel): 0.0034 (0.0037)  L1 (Dn channel): 0.0029 (0.0034)  IoU (P channel): 0.0414 (0.0311)  lr: 0.000134  iter-time: 0.9146
[12:36:32.980854] Epoch: [4]  [330/491]  eta: 0:02:32  loss: 3.1237 (3.3219)  IoU (F channel): 0.0120 (0.0112)  L1 (Dc channel): 0.0035 (0.0037)  L1 (Dn channel): 0.0030 (0.0034)  IoU (P channel): 0.0414 (0.0316)  lr: 0.000135  iter-time: 0.9200
[12:36:42.167951] Epoch: [4]  [340/491]  eta: 0:02:23  loss: 3.1030 (3.3153)  IoU (F channel): 0.0086 (0.0112)  L1 (Dc channel): 0.0033 (0.0037)  L1 (Dn channel): 0.0029 (0.0034)  IoU (P channel): 0.0356 (0.0318)  lr: 0.000136  iter-time: 0.9219
[12:36:51.301296] Epoch: [4]  [350/491]  eta: 0:02:13  loss: 3.0938 (3.3088)  IoU (F channel): 0.0086 (0.0112)  L1 (Dc channel): 0.0031 (0.0037)  L1 (Dn channel): 0.0027 (0.0034)  IoU (P channel): 0.0364 (0.0319)  lr: 0.000137  iter-time: 0.9159
[12:37:00.576513] Epoch: [4]  [360/491]  eta: 0:02:03  loss: 3.0836 (3.3024)  IoU (F channel): 0.0104 (0.0112)  L1 (Dc channel): 0.0031 (0.0037)  L1 (Dn channel): 0.0027 (0.0034)  IoU (P channel): 0.0386 (0.0320)  lr: 0.000138  iter-time: 0.9203
[12:37:09.719674] Epoch: [4]  [370/491]  eta: 0:01:54  loss: 3.0679 (3.2961)  IoU (F channel): 0.0089 (0.0111)  L1 (Dc channel): 0.0031 (0.0037)  L1 (Dn channel): 0.0029 (0.0034)  IoU (P channel): 0.0386 (0.0323)  lr: 0.000139  iter-time: 0.9208
[12:37:19.047554] Epoch: [4]  [380/491]  eta: 0:01:44  loss: 3.0497 (3.2894)  IoU (F channel): 0.0115 (0.0111)  L1 (Dc channel): 0.0029 (0.0036)  L1 (Dn channel): 0.0026 (0.0033)  IoU (P channel): 0.0481 (0.0327)  lr: 0.000141  iter-time: 0.9235
[12:37:28.313665] Epoch: [4]  [390/491]  eta: 0:01:35  loss: 3.0357 (3.2829)  IoU (F channel): 0.0115 (0.0112)  L1 (Dc channel): 0.0029 (0.0036)  L1 (Dn channel): 0.0027 (0.0033)  IoU (P channel): 0.0553 (0.0334)  lr: 0.000142  iter-time: 0.9296
[12:37:37.872960] Epoch: [4]  [400/491]  eta: 0:01:25  loss: 3.0295 (3.2763)  IoU (F channel): 0.0085 (0.0111)  L1 (Dc channel): 0.0030 (0.0036)  L1 (Dn channel): 0.0027 (0.0033)  IoU (P channel): 0.0428 (0.0335)  lr: 0.000143  iter-time: 0.9412
[12:37:47.093544] Epoch: [4]  [410/491]  eta: 0:01:16  loss: 3.0124 (3.2700)  IoU (F channel): 0.0084 (0.0112)  L1 (Dc channel): 0.0030 (0.0036)  L1 (Dn channel): 0.0027 (0.0033)  IoU (P channel): 0.0399 (0.0341)  lr: 0.000144  iter-time: 0.9389
[12:37:56.320925] Epoch: [4]  [420/491]  eta: 0:01:07  loss: 3.0044 (3.2636)  IoU (F channel): 0.0150 (0.0114)  L1 (Dc channel): 0.0029 (0.0036)  L1 (Dn channel): 0.0029 (0.0033)  IoU (P channel): 0.0538 (0.0347)  lr: 0.000145  iter-time: 0.9223
[12:38:05.601490] Epoch: [4]  [430/491]  eta: 0:00:57  loss: 2.9869 (3.2572)  IoU (F channel): 0.0129 (0.0114)  L1 (Dc channel): 0.0030 (0.0036)  L1 (Dn channel): 0.0029 (0.0033)  IoU (P channel): 0.0481 (0.0347)  lr: 0.000146  iter-time: 0.9253
[12:38:15.065451] Epoch: [4]  [440/491]  eta: 0:00:48  loss: 2.9880 (3.2513)  IoU (F channel): 0.0088 (0.0115)  L1 (Dc channel): 0.0033 (0.0036)  L1 (Dn channel): 0.0030 (0.0033)  IoU (P channel): 0.0437 (0.0354)  lr: 0.000147  iter-time: 0.9371
[12:38:24.371609] Epoch: [4]  [450/491]  eta: 0:00:38  loss: 2.9785 (3.2451)  IoU (F channel): 0.0085 (0.0115)  L1 (Dc channel): 0.0038 (0.0036)  L1 (Dn channel): 0.0034 (0.0033)  IoU (P channel): 0.0440 (0.0357)  lr: 0.000148  iter-time: 0.9384
[12:38:33.611541] Epoch: [4]  [460/491]  eta: 0:00:29  loss: 2.9633 (3.2390)  IoU (F channel): 0.0090 (0.0116)  L1 (Dc channel): 0.0037 (0.0036)  L1 (Dn channel): 0.0033 (0.0033)  IoU (P channel): 0.0321 (0.0358)  lr: 0.000149  iter-time: 0.9272
[12:38:43.032227] Epoch: [4]  [470/491]  eta: 0:00:19  loss: 2.9460 (3.2325)  IoU (F channel): 0.0127 (0.0117)  L1 (Dc channel): 0.0034 (0.0036)  L1 (Dn channel): 0.0029 (0.0033)  IoU (P channel): 0.0499 (0.0364)  lr: 0.000150  iter-time: 0.9329
[12:38:52.278916] Epoch: [4]  [480/491]  eta: 0:00:10  loss: 2.9145 (3.2258)  IoU (F channel): 0.0127 (0.0118)  L1 (Dc channel): 0.0032 (0.0036)  L1 (Dn channel): 0.0028 (0.0033)  IoU (P channel): 0.0514 (0.0367)  lr: 0.000151  iter-time: 0.9333
[12:39:00.923670] Epoch: [4]  [490/491]  eta: 0:00:00  loss: 2.9080 (3.2192)  IoU (F channel): 0.0126 (0.0118)  L1 (Dc channel): 0.0031 (0.0036)  L1 (Dn channel): 0.0027 (0.0033)  IoU (P channel): 0.0480 (0.0371)  lr: 0.000152  iter-time: 0.8945
[12:39:00.923774] Epoch: [4] Total time: 0:07:41 (0.9409 s / it)
[12:39:00.923801] [Train] averaged stats: loss: 2.9080 (3.2192)  IoU (F channel): 0.0126 (0.0118)  L1 (Dc channel): 0.0031 (0.0036)  L1 (Dn channel): 0.0027 (0.0033)  IoU (P channel): 0.0480 (0.0371)  lr: 0.000152
[12:39:11.852868] Epoch: [4]  [ 0/27]  eta: 0:04:55  loss: 2.9014 (2.9014)  IoU (F channel): 0.0000 (0.0000)  L1 (Dc channel): 0.0027 (0.0027)  L1 (Dn channel): 0.0022 (0.0022)  IoU (P channel): 0.0000 (0.0000)  iter-time: 10.9280
[12:39:17.806135] Epoch: [4]  [10/27]  eta: 0:00:26  loss: 2.9033 (2.9171)  IoU (F channel): 0.0104 (0.0148)  L1 (Dc channel): 0.0030 (0.0031)  L1 (Dn channel): 0.0025 (0.0031)  IoU (P channel): 0.0330 (0.0442)  iter-time: 1.5346
[12:39:27.484391] Epoch: [4]  [20/27]  eta: 0:00:08  loss: 2.9032 (2.9077)  IoU (F channel): 0.0104 (0.0174)  L1 (Dc channel): 0.0031 (0.0032)  L1 (Dn channel): 0.0025 (0.0031)  IoU (P channel): 0.0363 (0.0529)  iter-time: 0.7815
[12:39:29.082989] Epoch: [4]  [26/27]  eta: 0:00:01  loss: 2.9014 (2.9054)  IoU (F channel): 0.0088 (0.0165)  L1 (Dc channel): 0.0031 (0.0031)  L1 (Dn channel): 0.0026 (0.0030)  IoU (P channel): 0.0459 (0.0533)  iter-time: 0.7111
[12:39:29.083074] Epoch: [4] Total time: 0:00:28 (1.0429 s / it)
[12:39:29.083093] [Val] averaged stats: loss: 2.9014 (2.9054)  IoU (F channel): 0.0088 (0.0165)  L1 (Dc channel): 0.0031 (0.0031)  L1 (Dn channel): 0.0026 (0.0030)  IoU (P channel): 0.0459 (0.0533)
[12:39:29.083462] Val loss improved from 3.517308588381167 to 2.905387313277633, saving model to metrics/biapy/biapy-channel-scale-zarr-seunet/checkpoints/biapy-channel-scale-zarr-seunet_0-checkpoint-best.pth
[12:39:29.232315] [Val] best loss: 2.9054 best  IoU (F channel): 0.0165 L1 (Dc channel): 0.0031 L1 (Dn channel): 0.0030 IoU (P channel): 0.0533 
[12:39:29.241292] [Time] 8.2m 33.6m/8.3h

[12:39:29.241327] ~~~ Epoch 5/60 ~~~

[12:39:36.286321] Epoch: [5]  [  0/491]  eta: 0:57:38  loss: 2.9208 (2.9208)  IoU (F channel): 0.0110 (0.0110)  L1 (Dc channel): 0.0033 (0.0033)  L1 (Dn channel): 0.0032 (0.0032)  IoU (P channel): 0.0497 (0.0497)  lr: 0.000152  iter-time: 7.0435
[12:39:46.398489] Epoch: [5]  [ 10/491]  eta: 0:12:30  loss: 2.8832 (2.8855)  IoU (F channel): 0.0070 (0.0112)  L1 (Dc channel): 0.0030 (0.0031)  L1 (Dn channel): 0.0026 (0.0027)  IoU (P channel): 0.0376 (0.0471)  lr: 0.000154  iter-time: 1.5594
[12:39:55.771772] Epoch: [5]  [ 20/491]  eta: 0:09:54  loss: 2.8770 (2.8781)  IoU (F channel): 0.0130 (0.0124)  L1 (Dc channel): 0.0029 (0.0030)  L1 (Dn channel): 0.0025 (0.0026)  IoU (P channel): 0.0402 (0.0499)  lr: 0.000155  iter-time: 0.9741
[12:40:05.003680] Epoch: [5]  [ 30/491]  eta: 0:08:51  loss: 2.8582 (2.8688)  IoU (F channel): 0.0132 (0.0124)  L1 (Dc channel): 0.0030 (0.0030)  L1 (Dn channel): 0.0026 (0.0027)  IoU (P channel): 0.0619 (0.0515)  lr: 0.000156  iter-time: 0.9301
[12:40:14.392199] Epoch: [5]  [ 40/491]  eta: 0:08:16  loss: 2.8426 (2.8602)  IoU (F channel): 0.0121 (0.0129)  L1 (Dc channel): 0.0030 (0.0030)  L1 (Dn channel): 0.0026 (0.0027)  IoU (P channel): 0.0621 (0.0543)  lr: 0.000157  iter-time: 0.9309
[12:40:23.766093] Epoch: [5]  [ 50/491]  eta: 0:07:51  loss: 2.8193 (2.8515)  IoU (F channel): 0.0109 (0.0137)  L1 (Dc channel): 0.0029 (0.0030)  L1 (Dn channel): 0.0026 (0.0027)  IoU (P channel): 0.0547 (0.0562)  lr: 0.000158  iter-time: 0.9380
[12:40:32.950046] Epoch: [5]  [ 60/491]  eta: 0:07:30  loss: 2.8072 (2.8454)  IoU (F channel): 0.0109 (0.0143)  L1 (Dc channel): 0.0029 (0.0030)  L1 (Dn channel): 0.0027 (0.0027)  IoU (P channel): 0.0497 (0.0573)  lr: 0.000159  iter-time: 0.9278
[12:40:42.399525] Epoch: [5]  [ 70/491]  eta: 0:07:13  loss: 2.7938 (2.8368)  IoU (F channel): 0.0139 (0.0151)  L1 (Dc channel): 0.0029 (0.0030)  L1 (Dn channel): 0.0025 (0.0027)  IoU (P channel): 0.0565 (0.0581)  lr: 0.000160  iter-time: 0.9315
[12:40:51.743902] Epoch: [5]  [ 80/491]  eta: 0:06:58  loss: 2.7778 (2.8293)  IoU (F channel): 0.0169 (0.0159)  L1 (Dc channel): 0.0029 (0.0030)  L1 (Dn channel): 0.0027 (0.0028)  IoU (P channel): 0.0616 (0.0600)  lr: 0.000161  iter-time: 0.9396
[12:41:00.974693] Epoch: [5]  [ 90/491]  eta: 0:06:44  loss: 2.7626 (2.8207)  IoU (F channel): 0.0154 (0.0158)  L1 (Dc channel): 0.0028 (0.0030)  L1 (Dn channel): 0.0028 (0.0028)  IoU (P channel): 0.0585 (0.0598)  lr: 0.000162  iter-time: 0.9287
[12:41:10.385085] Epoch: [5]  [100/491]  eta: 0:06:31  loss: 2.7416 (2.8122)  IoU (F channel): 0.0104 (0.0160)  L1 (Dc channel): 0.0028 (0.0029)  L1 (Dn channel): 0.0025 (0.0027)  IoU (P channel): 0.0517 (0.0600)  lr: 0.000164  iter-time: 0.9320
[12:41:19.881492] Epoch: [5]  [110/491]  eta: 0:06:19  loss: 2.7202 (2.8040)  IoU (F channel): 0.0134 (0.0163)  L1 (Dc channel): 0.0027 (0.0029)  L1 (Dn channel): 0.0026 (0.0028)  IoU (P channel): 0.0527 (0.0614)  lr: 0.000165  iter-time: 0.9452
[12:41:29.381800] Epoch: [5]  [120/491]  eta: 0:06:08  loss: 2.7077 (2.7953)  IoU (F channel): 0.0142 (0.0163)  L1 (Dc channel): 0.0027 (0.0029)  L1 (Dn channel): 0.0026 (0.0027)  IoU (P channel): 0.0717 (0.0625)  lr: 0.000166  iter-time: 0.9497
[12:41:38.884445] Epoch: [5]  [130/491]  eta: 0:05:57  loss: 2.6904 (2.7870)  IoU (F channel): 0.0144 (0.0162)  L1 (Dc channel): 0.0028 (0.0029)  L1 (Dn channel): 0.0025 (0.0027)  IoU (P channel): 0.0639 (0.0623)  lr: 0.000167  iter-time: 0.9500
[12:41:48.202610] Epoch: [5]  [140/491]  eta: 0:05:45  loss: 2.6834 (2.7799)  IoU (F channel): 0.0151 (0.0172)  L1 (Dc channel): 0.0029 (0.0029)  L1 (Dn channel): 0.0026 (0.0027)  IoU (P channel): 0.0607 (0.0642)  lr: 0.000168  iter-time: 0.9409
[12:41:57.536792] Epoch: [5]  [150/491]  eta: 0:05:34  loss: 2.6624 (2.7717)  IoU (F channel): 0.0151 (0.0172)  L1 (Dc channel): 0.0029 (0.0029)  L1 (Dn channel): 0.0025 (0.0027)  IoU (P channel): 0.0607 (0.0642)  lr: 0.000169  iter-time: 0.9325
[12:42:06.697788] Epoch: [5]  [160/491]  eta: 0:05:23  loss: 2.6482 (2.7642)  IoU (F channel): 0.0114 (0.0178)  L1 (Dc channel): 0.0029 (0.0029)  L1 (Dn channel): 0.0025 (0.0027)  IoU (P channel): 0.0501 (0.0643)  lr: 0.000171  iter-time: 0.9246
[12:42:15.906488] Epoch: [5]  [170/491]  eta: 0:05:12  loss: 2.6371 (2.7560)  IoU (F channel): 0.0157 (0.0179)  L1 (Dc channel): 0.0027 (0.0029)  L1 (Dn channel): 0.0025 (0.0027)  IoU (P channel): 0.0617 (0.0650)  lr: 0.000172  iter-time: 0.9184
[12:42:25.145221] Epoch: [5]  [180/491]  eta: 0:05:02  loss: 2.6110 (2.7475)  IoU (F channel): 0.0159 (0.0179)  L1 (Dc channel): 0.0027 (0.0029)  L1 (Dn channel): 0.0025 (0.0027)  IoU (P channel): 0.0710 (0.0652)  lr: 0.000173  iter-time: 0.9223
[12:42:34.458194] Epoch: [5]  [190/491]  eta: 0:04:51  loss: 2.5970 (2.7398)  IoU (F channel): 0.0218 (0.0185)  L1 (Dc channel): 0.0027 (0.0029)  L1 (Dn channel): 0.0026 (0.0027)  IoU (P channel): 0.0762 (0.0666)  lr: 0.000174  iter-time: 0.9274
[12:42:43.860182] Epoch: [5]  [200/491]  eta: 0:04:41  loss: 2.5801 (2.7319)  IoU (F channel): 0.0251 (0.0191)  L1 (Dc channel): 0.0031 (0.0029)  L1 (Dn channel): 0.0030 (0.0027)  IoU (P channel): 0.0883 (0.0680)  lr: 0.000175  iter-time: 0.9356
[12:42:53.082455] Epoch: [5]  [210/491]  eta: 0:04:31  loss: 2.5629 (2.7238)  IoU (F channel): 0.0167 (0.0193)  L1 (Dc channel): 0.0031 (0.0029)  L1 (Dn channel): 0.0031 (0.0028)  IoU (P channel): 0.0678 (0.0684)  lr: 0.000176  iter-time: 0.9311
[12:43:02.228909] Epoch: [5]  [220/491]  eta: 0:04:21  loss: 2.5452 (2.7163)  IoU (F channel): 0.0159 (0.0194)  L1 (Dc channel): 0.0030 (0.0029)  L1 (Dn channel): 0.0029 (0.0028)  IoU (P channel): 0.0678 (0.0683)  lr: 0.000178  iter-time: 0.9183
[12:43:11.407643] Epoch: [5]  [230/491]  eta: 0:04:10  loss: 2.5328 (2.7078)  IoU (F channel): 0.0229 (0.0201)  L1 (Dc channel): 0.0032 (0.0029)  L1 (Dn channel): 0.0028 (0.0028)  IoU (P channel): 0.0769 (0.0693)  lr: 0.000179  iter-time: 0.9162
[12:43:20.642570] Epoch: [5]  [240/491]  eta: 0:04:00  loss: 2.5013 (2.6994)  IoU (F channel): 0.0250 (0.0204)  L1 (Dc channel): 0.0029 (0.0029)  L1 (Dn channel): 0.0028 (0.0028)  IoU (P channel): 0.0869 (0.0702)  lr: 0.000180  iter-time: 0.9206
[12:43:29.929324] Epoch: [5]  [250/491]  eta: 0:03:51  loss: 2.4881 (2.6909)  IoU (F channel): 0.0293 (0.0211)  L1 (Dc channel): 0.0030 (0.0030)  L1 (Dn channel): 0.0029 (0.0028)  IoU (P channel): 0.1030 (0.0716)  lr: 0.000181  iter-time: 0.9260
[12:43:39.184333] Epoch: [5]  [260/491]  eta: 0:03:41  loss: 2.4773 (2.6827)  IoU (F channel): 0.0310 (0.0219)  L1 (Dc channel): 0.0030 (0.0030)  L1 (Dn channel): 0.0029 (0.0028)  IoU (P channel): 0.0821 (0.0721)  lr: 0.000182  iter-time: 0.9270
[12:43:48.431528] Epoch: [5]  [270/491]  eta: 0:03:31  loss: 2.4645 (2.6745)  IoU (F channel): 0.0313 (0.0222)  L1 (Dc channel): 0.0029 (0.0030)  L1 (Dn channel): 0.0028 (0.0028)  IoU (P channel): 0.0821 (0.0732)  lr: 0.000184  iter-time: 0.9250
[12:43:57.567556] Epoch: [5]  [280/491]  eta: 0:03:21  loss: 2.4372 (2.6656)  IoU (F channel): 0.0330 (0.0225)  L1 (Dc channel): 0.0028 (0.0030)  L1 (Dn channel): 0.0028 (0.0028)  IoU (P channel): 0.0974 (0.0739)  lr: 0.000185  iter-time: 0.9191
[12:44:06.738579] Epoch: [5]  [290/491]  eta: 0:03:11  loss: 2.4138 (2.6572)  IoU (F channel): 0.0330 (0.0230)  L1 (Dc channel): 0.0026 (0.0029)  L1 (Dn channel): 0.0026 (0.0028)  IoU (P channel): 0.0949 (0.0743)  lr: 0.000186  iter-time: 0.9153
[12:44:15.876452] Epoch: [5]  [300/491]  eta: 0:03:01  loss: 2.4094 (2.6485)  IoU (F channel): 0.0303 (0.0233)  L1 (Dc channel): 0.0026 (0.0029)  L1 (Dn channel): 0.0025 (0.0028)  IoU (P channel): 0.0894 (0.0747)  lr: 0.000187  iter-time: 0.9153
[12:44:25.212199] Epoch: [5]  [310/491]  eta: 0:02:52  loss: 2.3865 (2.6405)  IoU (F channel): 0.0349 (0.0237)  L1 (Dc channel): 0.0029 (0.0029)  L1 (Dn channel): 0.0027 (0.0028)  IoU (P channel): 0.0909 (0.0753)  lr: 0.000189  iter-time: 0.9236
[12:44:34.464856] Epoch: [5]  [320/491]  eta: 0:02:42  loss: 2.3729 (2.6318)  IoU (F channel): 0.0376 (0.0244)  L1 (Dc channel): 0.0026 (0.0029)  L1 (Dn channel): 0.0029 (0.0028)  IoU (P channel): 0.0962 (0.0763)  lr: 0.000190  iter-time: 0.9293
[12:44:43.737631] Epoch: [5]  [330/491]  eta: 0:02:32  loss: 2.3351 (2.6229)  IoU (F channel): 0.0388 (0.0247)  L1 (Dc channel): 0.0026 (0.0029)  L1 (Dn channel): 0.0024 (0.0028)  IoU (P channel): 0.0983 (0.0763)  lr: 0.000191  iter-time: 0.9262
[12:44:53.002290] Epoch: [5]  [340/491]  eta: 0:02:23  loss: 2.3300 (2.6140)  IoU (F channel): 0.0383 (0.0254)  L1 (Dc channel): 0.0024 (0.0029)  L1 (Dn channel): 0.0022 (0.0028)  IoU (P channel): 0.0798 (0.0769)  lr: 0.000192  iter-time: 0.9267
[12:45:02.252117] Epoch: [5]  [350/491]  eta: 0:02:13  loss: 2.3075 (2.6054)  IoU (F channel): 0.0516 (0.0263)  L1 (Dc channel): 0.0024 (0.0029)  L1 (Dn channel): 0.0021 (0.0027)  IoU (P channel): 0.1072 (0.0780)  lr: 0.000194  iter-time: 0.9256
[12:45:11.587103] Epoch: [5]  [360/491]  eta: 0:02:04  loss: 2.2970 (2.5969)  IoU (F channel): 0.0436 (0.0267)  L1 (Dc channel): 0.0026 (0.0029)  L1 (Dn channel): 0.0024 (0.0027)  IoU (P channel): 0.1084 (0.0786)  lr: 0.000195  iter-time: 0.9291
[12:45:20.839659] Epoch: [5]  [370/491]  eta: 0:01:54  loss: 2.2915 (2.5886)  IoU (F channel): 0.0469 (0.0276)  L1 (Dc channel): 0.0027 (0.0029)  L1 (Dn channel): 0.0026 (0.0027)  IoU (P channel): 0.1087 (0.0797)  lr: 0.000196  iter-time: 0.9293
[12:45:30.151751] Epoch: [5]  [380/491]  eta: 0:01:45  loss: 2.2717 (2.5801)  IoU (F channel): 0.0510 (0.0283)  L1 (Dc channel): 0.0026 (0.0029)  L1 (Dn channel): 0.0024 (0.0027)  IoU (P channel): 0.1159 (0.0805)  lr: 0.000197  iter-time: 0.9281
[12:45:39.442071] Epoch: [5]  [390/491]  eta: 0:01:35  loss: 2.2445 (2.5712)  IoU (F channel): 0.0495 (0.0291)  L1 (Dc channel): 0.0026 (0.0029)  L1 (Dn channel): 0.0024 (0.0027)  IoU (P channel): 0.1007 (0.0812)  lr: 0.000199  iter-time: 0.9300
[12:45:48.742202] Epoch: [5]  [400/491]  eta: 0:01:26  loss: 2.2231 (2.5624)  IoU (F channel): 0.0414 (0.0298)  L1 (Dc channel): 0.0026 (0.0029)  L1 (Dn channel): 0.0024 (0.0027)  IoU (P channel): 0.1066 (0.0821)  lr: 0.000200  iter-time: 0.9294
[12:45:57.981762] Epoch: [5]  [410/491]  eta: 0:01:16  loss: 2.2243 (2.5544)  IoU (F channel): 0.0628 (0.0306)  L1 (Dc channel): 0.0026 (0.0029)  L1 (Dn channel): 0.0024 (0.0027)  IoU (P channel): 0.1168 (0.0829)  lr: 0.000201  iter-time: 0.9268
[12:46:07.278155] Epoch: [5]  [420/491]  eta: 0:01:07  loss: 2.2130 (2.5461)  IoU (F channel): 0.0682 (0.0313)  L1 (Dc channel): 0.0027 (0.0029)  L1 (Dn channel): 0.0024 (0.0027)  IoU (P channel): 0.1173 (0.0835)  lr: 0.000202  iter-time: 0.9267
[12:46:16.541938] Epoch: [5]  [430/491]  eta: 0:00:57  loss: 2.1911 (2.5373)  IoU (F channel): 0.0656 (0.0321)  L1 (Dc channel): 0.0026 (0.0028)  L1 (Dn channel): 0.0023 (0.0027)  IoU (P channel): 0.1036 (0.0842)  lr: 0.000204  iter-time: 0.9279
[12:46:25.920996] Epoch: [5]  [440/491]  eta: 0:00:48  loss: 2.1620 (2.5291)  IoU (F channel): 0.0485 (0.0334)  L1 (Dc channel): 0.0025 (0.0028)  L1 (Dn channel): 0.0023 (0.0027)  IoU (P channel): 0.1109 (0.0852)  lr: 0.000205  iter-time: 0.9320
[12:46:35.086565] Epoch: [5]  [450/491]  eta: 0:00:38  loss: 2.1471 (2.5206)  IoU (F channel): 0.0520 (0.0339)  L1 (Dc channel): 0.0025 (0.0028)  L1 (Dn channel): 0.0025 (0.0027)  IoU (P channel): 0.1109 (0.0857)  lr: 0.000206  iter-time: 0.9271
[12:46:44.517823] Epoch: [5]  [460/491]  eta: 0:00:29  loss: 2.1371 (2.5121)  IoU (F channel): 0.0530 (0.0346)  L1 (Dc channel): 0.0027 (0.0028)  L1 (Dn channel): 0.0025 (0.0027)  IoU (P channel): 0.1043 (0.0863)  lr: 0.000208  iter-time: 0.9297
[12:46:53.829499] Epoch: [5]  [470/491]  eta: 0:00:19  loss: 2.1189 (2.5035)  IoU (F channel): 0.0730 (0.0351)  L1 (Dc channel): 0.0028 (0.0028)  L1 (Dn channel): 0.0024 (0.0027)  IoU (P channel): 0.1164 (0.0866)  lr: 0.000209  iter-time: 0.9370
[12:47:03.087007] Epoch: [5]  [480/491]  eta: 0:00:10  loss: 2.0997 (2.4953)  IoU (F channel): 0.0759 (0.0362)  L1 (Dc channel): 0.0027 (0.0028)  L1 (Dn channel): 0.0024 (0.0027)  IoU (P channel): 0.1185 (0.0874)  lr: 0.000210  iter-time: 0.9284
[12:47:11.737624] Epoch: [5]  [490/491]  eta: 0:00:00  loss: 2.0751 (2.4865)  IoU (F channel): 0.0803 (0.0371)  L1 (Dc channel): 0.0024 (0.0028)  L1 (Dn channel): 0.0023 (0.0027)  IoU (P channel): 0.1185 (0.0881)  lr: 0.000211  iter-time: 0.8953
[12:47:11.737727] Epoch: [5] Total time: 0:07:42 (0.9419 s / it)
[12:47:11.737754] [Train] averaged stats: loss: 2.0751 (2.4865)  IoU (F channel): 0.0803 (0.0371)  L1 (Dc channel): 0.0024 (0.0028)  L1 (Dn channel): 0.0023 (0.0027)  IoU (P channel): 0.1185 (0.0881)  lr: 0.000211
[12:47:18.699223] Epoch: [5]  [ 0/27]  eta: 0:03:07  loss: 2.0546 (2.0546)  IoU (F channel): 0.0000 (0.0000)  L1 (Dc channel): 0.0025 (0.0025)  L1 (Dn channel): 0.0018 (0.0018)  IoU (P channel): 0.0000 (0.0000)  iter-time: 6.9603
[12:47:25.452664] Epoch: [5]  [10/27]  eta: 0:00:21  loss: 2.0674 (2.0851)  IoU (F channel): 0.0384 (0.0466)  L1 (Dc channel): 0.0027 (0.0030)  L1 (Dn channel): 0.0021 (0.0028)  IoU (P channel): 0.0619 (0.0800)  iter-time: 1.2467
[12:47:30.470260] Epoch: [5]  [20/27]  eta: 0:00:06  loss: 2.0617 (2.0727)  IoU (F channel): 0.0400 (0.0525)  L1 (Dc channel): 0.0027 (0.0030)  L1 (Dn channel): 0.0021 (0.0027)  IoU (P channel): 0.0690 (0.0873)  iter-time: 0.5885
[12:47:31.984866] Epoch: [5]  [26/27]  eta: 0:00:00  loss: 2.0617 (2.0717)  IoU (F channel): 0.0436 (0.0506)  L1 (Dc channel): 0.0029 (0.0030)  L1 (Dn channel): 0.0022 (0.0026)  IoU (P channel): 0.0690 (0.0853)  iter-time: 0.5253
[12:47:31.984962] Epoch: [5] Total time: 0:00:20 (0.7499 s / it)
[12:47:31.984979] [Val] averaged stats: loss: 2.0617 (2.0717)  IoU (F channel): 0.0436 (0.0506)  L1 (Dc channel): 0.0029 (0.0030)  L1 (Dn channel): 0.0022 (0.0026)  IoU (P channel): 0.0690 (0.0853)
[12:47:31.985158] Val loss improved from 2.905387313277633 to 2.071706939626623, saving model to metrics/biapy/biapy-channel-scale-zarr-seunet/checkpoints/biapy-channel-scale-zarr-seunet_0-checkpoint-best.pth
[12:47:32.105357] [Val] best loss: 2.0717 best  IoU (F channel): 0.0506 L1 (Dc channel): 0.0030 L1 (Dn channel): 0.0026 IoU (P channel): 0.0853 
[12:47:32.123215] Creating training plots . . .
[12:47:40.727981] [Time] 8.2m 41.8m/8.3h

[12:47:40.728023] ~~~ Epoch 6/60 ~~~

[12:47:46.574702] Epoch: [6]  [  0/491]  eta: 0:47:49  loss: 2.0461 (2.0461)  IoU (F channel): 0.0733 (0.0733)  L1 (Dc channel): 0.0028 (0.0028)  L1 (Dn channel): 0.0021 (0.0021)  IoU (P channel): 0.1629 (0.1629)  lr: 0.000212  iter-time: 5.8450
[12:47:56.292850] Epoch: [6]  [ 10/491]  eta: 0:11:20  loss: 2.0459 (2.0479)  IoU (F channel): 0.0466 (0.0515)  L1 (Dc channel): 0.0027 (0.0028)  L1 (Dn channel): 0.0027 (0.0027)  IoU (P channel): 0.0937 (0.0944)  lr: 0.000213  iter-time: 1.4147
[12:48:05.589915] Epoch: [6]  [ 20/491]  eta: 0:09:17  loss: 2.0247 (2.0370)  IoU (F channel): 0.0593 (0.0757)  L1 (Dc channel): 0.0027 (0.0028)  L1 (Dn channel): 0.0027 (0.0027)  IoU (P channel): 0.0956 (0.1186)  lr: 0.000214  iter-time: 0.9506
[12:48:14.935580] Epoch: [6]  [ 30/491]  eta: 0:08:28  loss: 2.0133 (2.0356)  IoU (F channel): 0.0826 (0.0825)  L1 (Dc channel): 0.0028 (0.0028)  L1 (Dn channel): 0.0027 (0.0027)  IoU (P channel): 0.1238 (0.1239)  lr: 0.000216  iter-time: 0.9320
[12:48:24.091777] Epoch: [6]  [ 40/491]  eta: 0:07:56  loss: 2.0057 (2.0265)  IoU (F channel): 0.0746 (0.0829)  L1 (Dc channel): 0.0027 (0.0028)  L1 (Dn channel): 0.0025 (0.0026)  IoU (P channel): 0.1238 (0.1242)  lr: 0.000217  iter-time: 0.9250
[12:48:33.303768] Epoch: [6]  [ 50/491]  eta: 0:07:34  loss: 1.9878 (2.0191)  IoU (F channel): 0.0746 (0.0835)  L1 (Dc channel): 0.0026 (0.0028)  L1 (Dn channel): 0.0025 (0.0026)  IoU (P channel): 0.1219 (0.1252)  lr: 0.000218  iter-time: 0.9183
[12:48:42.565042] Epoch: [6]  [ 60/491]  eta: 0:07:16  loss: 1.9764 (2.0117)  IoU (F channel): 0.0732 (0.0849)  L1 (Dc channel): 0.0026 (0.0028)  L1 (Dn channel): 0.0026 (0.0026)  IoU (P channel): 0.1032 (0.1243)  lr: 0.000220  iter-time: 0.9236
[12:48:51.889140] Epoch: [6]  [ 70/491]  eta: 0:07:01  loss: 1.9505 (2.0035)  IoU (F channel): 0.0759 (0.0869)  L1 (Dc channel): 0.0027 (0.0028)  L1 (Dn channel): 0.0026 (0.0027)  IoU (P channel): 0.1319 (0.1257)  lr: 0.000221  iter-time: 0.9292
[12:49:01.200085] Epoch: [6]  [ 80/491]  eta: 0:06:48  loss: 1.9329 (1.9958)  IoU (F channel): 0.0901 (0.0875)  L1 (Dc channel): 0.0028 (0.0028)  L1 (Dn channel): 0.0028 (0.0027)  IoU (P channel): 0.1475 (0.1259)  lr: 0.000222  iter-time: 0.9317
[12:49:10.601866] Epoch: [6]  [ 90/491]  eta: 0:06:35  loss: 1.9152 (1.9864)  IoU (F channel): 0.0783 (0.0890)  L1 (Dc channel): 0.0026 (0.0027)  L1 (Dn channel): 0.0026 (0.0027)  IoU (P channel): 0.1473 (0.1267)  lr: 0.000224  iter-time: 0.9355
[12:49:19.767766] Epoch: [6]  [100/491]  eta: 0:06:23  loss: 1.8906 (1.9780)  IoU (F channel): 0.0783 (0.0898)  L1 (Dc channel): 0.0024 (0.0027)  L1 (Dn channel): 0.0024 (0.0026)  IoU (P channel): 0.1186 (0.1267)  lr: 0.000225  iter-time: 0.9283
[12:49:29.150119] Epoch: [6]  [110/491]  eta: 0:06:12  loss: 1.8737 (1.9675)  IoU (F channel): 0.0869 (0.0896)  L1 (Dc channel): 0.0024 (0.0027)  L1 (Dn channel): 0.0023 (0.0026)  IoU (P channel): 0.1300 (0.1280)  lr: 0.000226  iter-time: 0.9273
[12:49:38.535905] Epoch: [6]  [120/491]  eta: 0:06:01  loss: 1.8502 (1.9578)  IoU (F channel): 0.0861 (0.0914)  L1 (Dc channel): 0.0024 (0.0027)  L1 (Dn channel): 0.0021 (0.0026)  IoU (P channel): 0.1269 (0.1272)  lr: 0.000228  iter-time: 0.9383
[12:49:47.690213] Epoch: [6]  [130/491]  eta: 0:05:49  loss: 1.8301 (1.9500)  IoU (F channel): 0.0768 (0.0917)  L1 (Dc channel): 0.0024 (0.0026)  L1 (Dn channel): 0.0021 (0.0025)  IoU (P channel): 0.1162 (0.1260)  lr: 0.000229  iter-time: 0.9269
[12:49:56.844912] Epoch: [6]  [140/491]  eta: 0:05:38  loss: 1.8195 (1.9413)  IoU (F channel): 0.0789 (0.0929)  L1 (Dc channel): 0.0024 (0.0026)  L1 (Dn channel): 0.0022 (0.0025)  IoU (P channel): 0.1232 (0.1274)  lr: 0.000230  iter-time: 0.9154
[12:50:06.028984] Epoch: [6]  [150/491]  eta: 0:05:28  loss: 1.7935 (1.9309)  IoU (F channel): 0.0977 (0.0942)  L1 (Dc channel): 0.0023 (0.0026)  L1 (Dn channel): 0.0022 (0.0025)  IoU (P channel): 0.1232 (0.1287)  lr: 0.000232  iter-time: 0.9169
[12:50:15.285605] Epoch: [6]  [160/491]  eta: 0:05:17  loss: 1.7766 (1.9220)  IoU (F channel): 0.0984 (0.0971)  L1 (Dc channel): 0.0023 (0.0026)  L1 (Dn channel): 0.0022 (0.0025)  IoU (P channel): 0.1439 (0.1311)  lr: 0.000233  iter-time: 0.9219
[12:50:24.635760] Epoch: [6]  [170/491]  eta: 0:05:07  loss: 1.7676 (1.9136)  IoU (F channel): 0.0891 (0.0974)  L1 (Dc channel): 0.0025 (0.0026)  L1 (Dn channel): 0.0022 (0.0025)  IoU (P channel): 0.1382 (0.1301)  lr: 0.000234  iter-time: 0.9302
[12:50:33.909930] Epoch: [6]  [180/491]  eta: 0:04:57  loss: 1.7460 (1.9043)  IoU (F channel): 0.1008 (0.0994)  L1 (Dc channel): 0.0025 (0.0026)  L1 (Dn channel): 0.0021 (0.0025)  IoU (P channel): 0.1263 (0.1311)  lr: 0.000236  iter-time: 0.9311
[12:50:43.101004] Epoch: [6]  [190/491]  eta: 0:04:47  loss: 1.7297 (1.8948)  IoU (F channel): 0.1008 (0.0993)  L1 (Dc channel): 0.0024 (0.0026)  L1 (Dn channel): 0.0020 (0.0024)  IoU (P channel): 0.1491 (0.1307)  lr: 0.000237  iter-time: 0.9232
[12:50:52.354361] Epoch: [6]  [200/491]  eta: 0:04:37  loss: 1.7054 (1.8852)  IoU (F channel): 0.0989 (0.1003)  L1 (Dc channel): 0.0023 (0.0026)  L1 (Dn channel): 0.0020 (0.0024)  IoU (P channel): 0.1177 (0.1310)  lr: 0.000239  iter-time: 0.9221
[12:51:01.510750] Epoch: [6]  [210/491]  eta: 0:04:27  loss: 1.6951 (1.8765)  IoU (F channel): 0.1014 (0.1022)  L1 (Dc channel): 0.0023 (0.0025)  L1 (Dn channel): 0.0021 (0.0024)  IoU (P channel): 0.1289 (0.1322)  lr: 0.000240  iter-time: 0.9204
[12:51:10.669290] Epoch: [6]  [220/491]  eta: 0:04:17  loss: 1.6758 (1.8683)  IoU (F channel): 0.1244 (0.1039)  L1 (Dc channel): 0.0023 (0.0025)  L1 (Dn channel): 0.0021 (0.0024)  IoU (P channel): 0.1773 (0.1342)  lr: 0.000241  iter-time: 0.9156
[12:51:19.914197] Epoch: [6]  [230/491]  eta: 0:04:07  loss: 1.6641 (1.8592)  IoU (F channel): 0.1275 (0.1053)  L1 (Dc channel): 0.0025 (0.0025)  L1 (Dn channel): 0.0024 (0.0024)  IoU (P channel): 0.1787 (0.1359)  lr: 0.000243  iter-time: 0.9200
[12:51:29.304102] Epoch: [6]  [240/491]  eta: 0:03:58  loss: 1.6482 (1.8514)  IoU (F channel): 0.1178 (0.1060)  L1 (Dc channel): 0.0025 (0.0025)  L1 (Dn channel): 0.0022 (0.0024)  IoU (P channel): 0.1337 (0.1355)  lr: 0.000244  iter-time: 0.9317
[12:51:38.664487] Epoch: [6]  [250/491]  eta: 0:03:48  loss: 1.6587 (1.8450)  IoU (F channel): 0.0970 (0.1062)  L1 (Dc channel): 0.0027 (0.0026)  L1 (Dn channel): 0.0023 (0.0024)  IoU (P channel): 0.1198 (0.1351)  lr: 0.000245  iter-time: 0.9374
[12:51:47.844213] Epoch: [6]  [260/491]  eta: 0:03:38  loss: 1.6500 (1.8376)  IoU (F channel): 0.1179 (0.1070)  L1 (Dc channel): 0.0027 (0.0026)  L1 (Dn channel): 0.0027 (0.0024)  IoU (P channel): 0.1269 (0.1345)  lr: 0.000247  iter-time: 0.9269
[12:51:57.174939] Epoch: [6]  [270/491]  eta: 0:03:29  loss: 1.6170 (1.8303)  IoU (F channel): 0.0957 (0.1070)  L1 (Dc channel): 0.0029 (0.0026)  L1 (Dn channel): 0.0028 (0.0025)  IoU (P channel): 0.1021 (0.1335)  lr: 0.000248  iter-time: 0.9254
[12:52:06.573262] Epoch: [6]  [280/491]  eta: 0:03:19  loss: 1.5979 (1.8223)  IoU (F channel): 0.0957 (0.1083)  L1 (Dc channel): 0.0030 (0.0026)  L1 (Dn channel): 0.0028 (0.0025)  IoU (P channel): 0.1079 (0.1339)  lr: 0.000250  iter-time: 0.9364
[12:52:15.839637] Epoch: [6]  [290/491]  eta: 0:03:10  loss: 1.5822 (1.8143)  IoU (F channel): 0.1341 (0.1105)  L1 (Dc channel): 0.0029 (0.0026)  L1 (Dn channel): 0.0027 (0.0025)  IoU (P channel): 0.1277 (0.1342)  lr: 0.000251  iter-time: 0.9331
[12:52:24.998147] Epoch: [6]  [300/491]  eta: 0:03:00  loss: 1.5637 (1.8063)  IoU (F channel): 0.1175 (0.1102)  L1 (Dc channel): 0.0028 (0.0026)  L1 (Dn channel): 0.0028 (0.0025)  IoU (P channel): 0.1224 (0.1337)  lr: 0.000253  iter-time: 0.9211
[12:52:34.230599] Epoch: [6]  [310/491]  eta: 0:02:50  loss: 1.5451 (1.7977)  IoU (F channel): 0.1175 (0.1122)  L1 (Dc channel): 0.0027 (0.0026)  L1 (Dn channel): 0.0028 (0.0025)  IoU (P channel): 0.1246 (0.1347)  lr: 0.000254  iter-time: 0.9194
[12:52:43.535692] Epoch: [6]  [320/491]  eta: 0:02:41  loss: 1.5317 (1.7899)  IoU (F channel): 0.1414 (0.1129)  L1 (Dc channel): 0.0027 (0.0026)  L1 (Dn channel): 0.0028 (0.0025)  IoU (P channel): 0.1455 (0.1349)  lr: 0.000255  iter-time: 0.9268
[12:52:52.698133] Epoch: [6]  [330/491]  eta: 0:02:31  loss: 1.5270 (1.7812)  IoU (F channel): 0.1295 (0.1134)  L1 (Dc channel): 0.0026 (0.0026)  L1 (Dn channel): 0.0028 (0.0025)  IoU (P channel): 0.1434 (0.1355)  lr: 0.000257  iter-time: 0.9233
[12:53:01.853207] Epoch: [6]  [340/491]  eta: 0:02:22  loss: 1.4928 (1.7727)  IoU (F channel): 0.1173 (0.1148)  L1 (Dc channel): 0.0025 (0.0026)  L1 (Dn channel): 0.0025 (0.0025)  IoU (P channel): 0.1410 (0.1365)  lr: 0.000258  iter-time: 0.9158
[12:53:11.094419] Epoch: [6]  [350/491]  eta: 0:02:12  loss: 1.4652 (1.7641)  IoU (F channel): 0.1332 (0.1164)  L1 (Dc channel): 0.0023 (0.0026)  L1 (Dn channel): 0.0024 (0.0025)  IoU (P channel): 0.1429 (0.1374)  lr: 0.000260  iter-time: 0.9197
[12:53:20.294340] Epoch: [6]  [360/491]  eta: 0:02:03  loss: 1.4534 (1.7554)  IoU (F channel): 0.1738 (0.1175)  L1 (Dc channel): 0.0024 (0.0026)  L1 (Dn channel): 0.0023 (0.0025)  IoU (P channel): 0.1793 (0.1379)  lr: 0.000261  iter-time: 0.9219
[12:53:29.843506] Epoch: [6]  [370/491]  eta: 0:01:53  loss: 1.4534 (1.7480)  IoU (F channel): 0.1263 (0.1182)  L1 (Dc channel): 0.0026 (0.0026)  L1 (Dn channel): 0.0024 (0.0025)  IoU (P channel): 0.1338 (0.1382)  lr: 0.000263  iter-time: 0.9374
[12:53:39.161051] Epoch: [6]  [380/491]  eta: 0:01:44  loss: 1.4666 (1.7406)  IoU (F channel): 0.1457 (0.1200)  L1 (Dc channel): 0.0028 (0.0026)  L1 (Dn channel): 0.0027 (0.0025)  IoU (P channel): 0.1292 (0.1386)  lr: 0.000264  iter-time: 0.9432
[12:53:48.464763] Epoch: [6]  [390/491]  eta: 0:01:34  loss: 1.4349 (1.7340)  IoU (F channel): 0.1494 (0.1205)  L1 (Dc channel): 0.0030 (0.0027)  L1 (Dn channel): 0.0030 (0.0026)  IoU (P channel): 0.1408 (0.1387)  lr: 0.000265  iter-time: 0.9309
[12:53:57.713317] Epoch: [6]  [400/491]  eta: 0:01:25  loss: 1.4323 (1.7262)  IoU (F channel): 0.1281 (0.1206)  L1 (Dc channel): 0.0029 (0.0027)  L1 (Dn channel): 0.0030 (0.0026)  IoU (P channel): 0.1222 (0.1384)  lr: 0.000267  iter-time: 0.9275
[12:54:07.135084] Epoch: [6]  [410/491]  eta: 0:01:16  loss: 1.3933 (1.7181)  IoU (F channel): 0.1123 (0.1212)  L1 (Dc channel): 0.0028 (0.0027)  L1 (Dn channel): 0.0027 (0.0026)  IoU (P channel): 0.1067 (0.1385)  lr: 0.000268  iter-time: 0.9334
[12:54:16.551315] Epoch: [6]  [420/491]  eta: 0:01:06  loss: 1.3628 (1.7103)  IoU (F channel): 0.1520 (0.1223)  L1 (Dc channel): 0.0026 (0.0027)  L1 (Dn channel): 0.0024 (0.0026)  IoU (P channel): 0.1680 (0.1394)  lr: 0.000270  iter-time: 0.9418
[12:54:25.848004] Epoch: [6]  [430/491]  eta: 0:00:57  loss: 1.3504 (1.7022)  IoU (F channel): 0.1548 (0.1230)  L1 (Dc channel): 0.0027 (0.0027)  L1 (Dn channel): 0.0024 (0.0026)  IoU (P channel): 0.1650 (0.1398)  lr: 0.000271  iter-time: 0.9355
[12:54:35.011749] Epoch: [6]  [440/491]  eta: 0:00:47  loss: 1.3464 (1.6942)  IoU (F channel): 0.1281 (0.1236)  L1 (Dc channel): 0.0024 (0.0027)  L1 (Dn channel): 0.0023 (0.0026)  IoU (P channel): 0.1348 (0.1399)  lr: 0.000273  iter-time: 0.9229
[12:54:44.154484] Epoch: [6]  [450/491]  eta: 0:00:38  loss: 1.3267 (1.6862)  IoU (F channel): 0.1081 (0.1242)  L1 (Dc channel): 0.0025 (0.0027)  L1 (Dn channel): 0.0024 (0.0026)  IoU (P channel): 0.1243 (0.1401)  lr: 0.000274  iter-time: 0.9152
[12:54:53.642234] Epoch: [6]  [460/491]  eta: 0:00:29  loss: 1.3126 (1.6781)  IoU (F channel): 0.1129 (0.1248)  L1 (Dc channel): 0.0026 (0.0027)  L1 (Dn channel): 0.0025 (0.0026)  IoU (P channel): 0.1348 (0.1405)  lr: 0.000276  iter-time: 0.9314
[12:55:02.997650] Epoch: [6]  [470/491]  eta: 0:00:19  loss: 1.2833 (1.6697)  IoU (F channel): 0.1191 (0.1251)  L1 (Dc channel): 0.0024 (0.0027)  L1 (Dn channel): 0.0022 (0.0026)  IoU (P channel): 0.1328 (0.1406)  lr: 0.000277  iter-time: 0.9420
[12:55:12.151939] Epoch: [6]  [480/491]  eta: 0:00:10  loss: 1.2702 (1.6616)  IoU (F channel): 0.1191 (0.1257)  L1 (Dc channel): 0.0022 (0.0027)  L1 (Dn channel): 0.0022 (0.0026)  IoU (P channel): 0.1279 (0.1410)  lr: 0.000279  iter-time: 0.9254
[12:55:20.806728] Epoch: [6]  [490/491]  eta: 0:00:00  loss: 1.2556 (1.6534)  IoU (F channel): 0.1403 (0.1271)  L1 (Dc channel): 0.0023 (0.0026)  L1 (Dn channel): 0.0021 (0.0025)  IoU (P channel): 0.1379 (0.1417)  lr: 0.000280  iter-time: 0.8904
[12:55:20.807016] Epoch: [6] Total time: 0:07:40 (0.9370 s / it)
[12:55:20.807055] [Train] averaged stats: loss: 1.2556 (1.6534)  IoU (F channel): 0.1403 (0.1271)  L1 (Dc channel): 0.0023 (0.0026)  L1 (Dn channel): 0.0021 (0.0025)  IoU (P channel): 0.1379 (0.1417)  lr: 0.000280
[12:55:27.999251] Epoch: [6]  [ 0/27]  eta: 0:03:14  loss: 1.2029 (1.2029)  IoU (F channel): 0.0000 (0.0000)  L1 (Dc channel): 0.0027 (0.0027)  L1 (Dn channel): 0.0023 (0.0023)  IoU (P channel): 0.0000 (0.0000)  iter-time: 7.1910
[12:55:32.565229] Epoch: [6]  [10/27]  eta: 0:00:18  loss: 1.2585 (1.3159)  IoU (F channel): 0.1766 (0.1678)  L1 (Dc channel): 0.0028 (0.0029)  L1 (Dn channel): 0.0025 (0.0031)  IoU (P channel): 0.1733 (0.1378)  iter-time: 1.0688
[12:55:39.334634] Epoch: [6]  [20/27]  eta: 0:00:06  loss: 1.2609 (1.3046)  IoU (F channel): 0.2019 (0.1908)  L1 (Dc channel): 0.0028 (0.0029)  L1 (Dn channel): 0.0025 (0.0030)  IoU (P channel): 0.1755 (0.1523)  iter-time: 0.5667
[12:55:42.038328] Epoch: [6]  [26/27]  eta: 0:00:00  loss: 1.2745 (1.3027)  IoU (F channel): 0.1992 (0.1811)  L1 (Dc channel): 0.0028 (0.0029)  L1 (Dn channel): 0.0027 (0.0030)  IoU (P channel): 0.1755 (0.1472)  iter-time: 0.5825
[12:55:42.038426] Epoch: [6] Total time: 0:00:21 (0.7863 s / it)
[12:55:42.038449] [Val] averaged stats: loss: 1.2745 (1.3027)  IoU (F channel): 0.1992 (0.1811)  L1 (Dc channel): 0.0028 (0.0029)  L1 (Dn channel): 0.0027 (0.0030)  IoU (P channel): 0.1755 (0.1472)
[12:55:42.038667] Val loss improved from 2.071706939626623 to 1.302730299808361, saving model to metrics/biapy/biapy-channel-scale-zarr-seunet/checkpoints/biapy-channel-scale-zarr-seunet_0-checkpoint-best.pth
[12:55:42.180494] [Val] best loss: 1.3027 best  IoU (F channel): 0.1811 L1 (Dc channel): 0.0029 L1 (Dn channel): 0.0030 IoU (P channel): 0.1472 
[12:55:42.191124] [Time] 8.0m 49.8m/8.2h

[12:55:42.191154] ~~~ Epoch 7/60 ~~~

[12:55:48.850517] Epoch: [7]  [  0/491]  eta: 0:54:29  loss: 1.2422 (1.2422)  IoU (F channel): 0.2652 (0.2652)  L1 (Dc channel): 0.0029 (0.0029)  L1 (Dn channel): 0.0030 (0.0030)  IoU (P channel): 0.2915 (0.2915)  lr: 0.000280  iter-time: 6.6581
[12:55:58.167283] Epoch: [7]  [ 10/491]  eta: 0:11:38  loss: 1.2299 (1.2438)  IoU (F channel): 0.1342 (0.1544)  L1 (Dc channel): 0.0027 (0.0026)  L1 (Dn channel): 0.0028 (0.0026)  IoU (P channel): 0.1564 (0.1596)  lr: 0.000282  iter-time: 1.4522
[12:56:07.466172] Epoch: [7]  [ 20/491]  eta: 0:09:26  loss: 1.2349 (1.2628)  IoU (F channel): 0.1601 (0.1751)  L1 (Dc channel): 0.0027 (0.0027)  L1 (Dn channel): 0.0026 (0.0027)  IoU (P channel): 0.1694 (0.1652)  lr: 0.000283  iter-time: 0.9307
[12:56:16.780536] Epoch: [7]  [ 30/491]  eta: 0:08:34  loss: 1.2463 (1.2566)  IoU (F channel): 0.2162 (0.1871)  L1 (Dc channel): 0.0027 (0.0027)  L1 (Dn channel): 0.0025 (0.0026)  IoU (P channel): 0.1827 (0.1703)  lr: 0.000285  iter-time: 0.9305
[12:56:25.934868] Epoch: [7]  [ 40/491]  eta: 0:08:01  loss: 1.2024 (1.2454)  IoU (F channel): 0.1743 (0.1786)  L1 (Dc channel): 0.0027 (0.0026)  L1 (Dn channel): 0.0025 (0.0026)  IoU (P channel): 0.1738 (0.1659)  lr: 0.000286  iter-time: 0.9233
[12:56:35.131478] Epoch: [7]  [ 50/491]  eta: 0:07:37  loss: 1.1911 (1.2395)  IoU (F channel): 0.1454 (0.1759)  L1 (Dc channel): 0.0024 (0.0026)  L1 (Dn channel): 0.0025 (0.0025)  IoU (P channel): 0.1774 (0.1645)  lr: 0.000288  iter-time: 0.9174
[12:56:44.300942] Epoch: [7]  [ 60/491]  eta: 0:07:18  loss: 1.1710 (1.2306)  IoU (F channel): 0.1511 (0.1735)  L1 (Dc channel): 0.0025 (0.0026)  L1 (Dn channel): 0.0023 (0.0025)  IoU (P channel): 0.1774 (0.1655)  lr: 0.000289  iter-time: 0.9182
[12:56:53.642271] Epoch: [7]  [ 70/491]  eta: 0:07:03  loss: 1.1487 (1.2184)  IoU (F channel): 0.1818 (0.1790)  L1 (Dc channel): 0.0022 (0.0025)  L1 (Dn channel): 0.0018 (0.0024)  IoU (P channel): 0.1741 (0.1707)  lr: 0.000291  iter-time: 0.9254
[12:57:02.917255] Epoch: [7]  [ 80/491]  eta: 0:06:49  loss: 1.1232 (1.2100)  IoU (F channel): 0.2147 (0.1831)  L1 (Dc channel): 0.0022 (0.0025)  L1 (Dn channel): 0.0017 (0.0024)  IoU (P channel): 0.2095 (0.1768)  lr: 0.000292  iter-time: 0.9307
[12:57:12.087868] Epoch: [7]  [ 90/491]  eta: 0:06:36  loss: 1.1423 (1.2053)  IoU (F channel): 0.2042 (0.1839)  L1 (Dc channel): 0.0022 (0.0025)  L1 (Dn channel): 0.0020 (0.0024)  IoU (P channel): 0.1996 (0.1764)  lr: 0.000294  iter-time: 0.9222
[12:57:21.465205] Epoch: [7]  [100/491]  eta: 0:06:24  loss: 1.1681 (1.2047)  IoU (F channel): 0.1486 (0.1808)  L1 (Dc channel): 0.0025 (0.0025)  L1 (Dn channel): 0.0022 (0.0024)  IoU (P channel): 0.1639 (0.1748)  lr: 0.000295  iter-time: 0.9273
[12:57:30.817536] Epoch: [7]  [110/491]  eta: 0:06:12  loss: 1.1429 (1.1984)  IoU (F channel): 0.1830 (0.1831)  L1 (Dc channel): 0.0025 (0.0025)  L1 (Dn channel): 0.0022 (0.0024)  IoU (P channel): 0.1716 (0.1764)  lr: 0.000297  iter-time: 0.9364
[12:57:40.135315] Epoch: [7]  [120/491]  eta: 0:06:01  loss: 1.0960 (1.1917)  IoU (F channel): 0.1784 (0.1819)  L1 (Dc channel): 0.0024 (0.0025)  L1 (Dn channel): 0.0021 (0.0024)  IoU (P channel): 0.1773 (0.1756)  lr: 0.000298  iter-time: 0.9334
[12:57:49.299549] Epoch: [7]  [130/491]  eta: 0:05:50  loss: 1.0859 (1.1832)  IoU (F channel): 0.1784 (0.1826)  L1 (Dc channel): 0.0023 (0.0025)  L1 (Dn channel): 0.0021 (0.0023)  IoU (P channel): 0.1855 (0.1762)  lr: 0.000300  iter-time: 0.9240
[12:57:58.544540] Epoch: [7]  [140/491]  eta: 0:05:39  loss: 1.0739 (1.1749)  IoU (F channel): 0.1828 (0.1821)  L1 (Dc channel): 0.0022 (0.0025)  L1 (Dn channel): 0.0018 (0.0023)  IoU (P channel): 0.1722 (0.1762)  lr: 0.000301  iter-time: 0.9204
[12:58:07.832778] Epoch: [7]  [150/491]  eta: 0:05:28  loss: 1.0611 (1.1677)  IoU (F channel): 0.1793 (0.1829)  L1 (Dc channel): 0.0022 (0.0025)  L1 (Dn channel): 0.0019 (0.0023)  IoU (P channel): 0.1561 (0.1771)  lr: 0.000303  iter-time: 0.9265
[12:58:17.199040] Epoch: [7]  [160/491]  eta: 0:05:18  loss: 1.0398 (1.1605)  IoU (F channel): 0.1986 (0.1839)  L1 (Dc channel): 0.0022 (0.0025)  L1 (Dn channel): 0.0019 (0.0022)  IoU (P channel): 0.1799 (0.1773)  lr: 0.000304  iter-time: 0.9326
[12:58:26.555689] Epoch: [7]  [170/491]  eta: 0:05:08  loss: 1.0248 (1.1540)  IoU (F channel): 0.1613 (0.1838)  L1 (Dc channel): 0.0022 (0.0024)  L1 (Dn channel): 0.0018 (0.0022)  IoU (P channel): 0.1799 (0.1778)  lr: 0.000306  iter-time: 0.9360
[12:58:35.820721] Epoch: [7]  [180/491]  eta: 0:04:58  loss: 1.0098 (1.1467)  IoU (F channel): 0.1613 (0.1874)  L1 (Dc channel): 0.0023 (0.0024)  L1 (Dn channel): 0.0020 (0.0022)  IoU (P channel): 0.1860 (0.1808)  lr: 0.000307  iter-time: 0.9310
[12:58:45.121278] Epoch: [7]  [190/491]  eta: 0:04:48  loss: 1.0007 (1.1389)  IoU (F channel): 0.2139 (0.1887)  L1 (Dc channel): 0.0023 (0.0024)  L1 (Dn channel): 0.0021 (0.0022)  IoU (P channel): 0.2221 (0.1825)  lr: 0.000309  iter-time: 0.9282
[12:58:54.365651] Epoch: [7]  [200/491]  eta: 0:04:38  loss: 0.9847 (1.1311)  IoU (F channel): 0.1989 (0.1899)  L1 (Dc channel): 0.0022 (0.0024)  L1 (Dn channel): 0.0020 (0.0022)  IoU (P channel): 0.2018 (0.1840)  lr: 0.000310  iter-time: 0.9271
[12:59:03.660136] Epoch: [7]  [210/491]  eta: 0:04:28  loss: 0.9899 (1.1270)  IoU (F channel): 0.1738 (0.1902)  L1 (Dc channel): 0.0023 (0.0024)  L1 (Dn channel): 0.0021 (0.0022)  IoU (P channel): 0.1708 (0.1848)  lr: 0.000312  iter-time: 0.9268
[12:59:12.906028] Epoch: [7]  [220/491]  eta: 0:04:18  loss: 0.9961 (1.1202)  IoU (F channel): 0.2097 (0.1938)  L1 (Dc channel): 0.0025 (0.0024)  L1 (Dn channel): 0.0024 (0.0022)  IoU (P channel): 0.1940 (0.1871)  lr: 0.000313  iter-time: 0.9269
[12:59:22.107606] Epoch: [7]  [230/491]  eta: 0:04:08  loss: 0.9621 (1.1143)  IoU (F channel): 0.1914 (0.1931)  L1 (Dc channel): 0.0025 (0.0024)  L1 (Dn channel): 0.0024 (0.0022)  IoU (P channel): 0.1856 (0.1863)  lr: 0.000315  iter-time: 0.9223
[12:59:31.391643] Epoch: [7]  [240/491]  eta: 0:03:58  loss: 0.9663 (1.1084)  IoU (F channel): 0.1784 (0.1950)  L1 (Dc channel): 0.0027 (0.0025)  L1 (Dn channel): 0.0026 (0.0023)  IoU (P channel): 0.1698 (0.1875)  lr: 0.000317  iter-time: 0.9242
[12:59:40.773534] Epoch: [7]  [250/491]  eta: 0:03:49  loss: 0.9392 (1.1019)  IoU (F channel): 0.1937 (0.1959)  L1 (Dc channel): 0.0024 (0.0024)  L1 (Dn channel): 0.0022 (0.0023)  IoU (P channel): 0.2119 (0.1880)  lr: 0.000318  iter-time: 0.9332
[12:59:49.941942] Epoch: [7]  [260/491]  eta: 0:03:39  loss: 0.9267 (1.0975)  IoU (F channel): 0.1843 (0.1954)  L1 (Dc channel): 0.0022 (0.0025)  L1 (Dn channel): 0.0020 (0.0023)  IoU (P channel): 0.1693 (0.1871)  lr: 0.000320  iter-time: 0.9274
[12:59:59.221532] Epoch: [7]  [270/491]  eta: 0:03:29  loss: 0.9426 (1.0922)  IoU (F channel): 0.2003 (0.1971)  L1 (Dc channel): 0.0028 (0.0025)  L1 (Dn channel): 0.0020 (0.0023)  IoU (P channel): 0.1669 (0.1872)  lr: 0.000321  iter-time: 0.9223
[13:00:08.548421] Epoch: [7]  [280/491]  eta: 0:03:19  loss: 0.9150 (1.0869)  IoU (F channel): 0.2003 (0.1955)  L1 (Dc channel): 0.0027 (0.0025)  L1 (Dn channel): 0.0020 (0.0023)  IoU (P channel): 0.1678 (0.1857)  lr: 0.000323  iter-time: 0.9302
[13:00:17.734159] Epoch: [7]  [290/491]  eta: 0:03:10  loss: 0.9020 (1.0818)  IoU (F channel): 0.1943 (0.1965)  L1 (Dc channel): 0.0027 (0.0025)  L1 (Dn channel): 0.0020 (0.0023)  IoU (P channel): 0.1820 (0.1862)  lr: 0.000324  iter-time: 0.9255
[13:00:26.899647] Epoch: [7]  [300/491]  eta: 0:03:00  loss: 0.8978 (1.0764)  IoU (F channel): 0.2068 (0.1976)  L1 (Dc channel): 0.0027 (0.0025)  L1 (Dn channel): 0.0020 (0.0023)  IoU (P channel): 0.2073 (0.1871)  lr: 0.000326  iter-time: 0.9174
[13:00:36.079979] Epoch: [7]  [310/491]  eta: 0:02:51  loss: 0.8845 (1.0706)  IoU (F channel): 0.1876 (0.1976)  L1 (Dc channel): 0.0025 (0.0025)  L1 (Dn channel): 0.0020 (0.0023)  IoU (P channel): 0.1988 (0.1874)  lr: 0.000327  iter-time: 0.9172
[13:00:45.331785] Epoch: [7]  [320/491]  eta: 0:02:41  loss: 0.8759 (1.0645)  IoU (F channel): 0.1885 (0.1985)  L1 (Dc channel): 0.0026 (0.0025)  L1 (Dn channel): 0.0023 (0.0023)  IoU (P channel): 0.1982 (0.1879)  lr: 0.000329  iter-time: 0.9215
[13:00:54.536682] Epoch: [7]  [330/491]  eta: 0:02:31  loss: 0.8679 (1.0583)  IoU (F channel): 0.2040 (0.1990)  L1 (Dc channel): 0.0024 (0.0025)  L1 (Dn channel): 0.0023 (0.0023)  IoU (P channel): 0.2142 (0.1886)  lr: 0.000331  iter-time: 0.9227
[13:01:03.771644] Epoch: [7]  [340/491]  eta: 0:02:22  loss: 0.8400 (1.0519)  IoU (F channel): 0.2063 (0.1988)  L1 (Dc channel): 0.0023 (0.0025)  L1 (Dn channel): 0.0020 (0.0023)  IoU (P channel): 0.1867 (0.1884)  lr: 0.000332  iter-time: 0.9218
[13:01:13.008840] Epoch: [7]  [350/491]  eta: 0:02:12  loss: 0.8383 (1.0459)  IoU (F channel): 0.1883 (0.1988)  L1 (Dc channel): 0.0022 (0.0025)  L1 (Dn channel): 0.0018 (0.0023)  IoU (P channel): 0.1822 (0.1888)  lr: 0.000334  iter-time: 0.9235
[13:01:22.231041] Epoch: [7]  [360/491]  eta: 0:02:03  loss: 0.8144 (1.0393)  IoU (F channel): 0.1963 (0.1997)  L1 (Dc channel): 0.0022 (0.0025)  L1 (Dn channel): 0.0022 (0.0023)  IoU (P channel): 0.2032 (0.1895)  lr: 0.000335  iter-time: 0.9228
[13:01:31.563473] Epoch: [7]  [370/491]  eta: 0:01:53  loss: 0.7984 (1.0333)  IoU (F channel): 0.1930 (0.2004)  L1 (Dc channel): 0.0023 (0.0025)  L1 (Dn channel): 0.0024 (0.0023)  IoU (P channel): 0.1957 (0.1901)  lr: 0.000337  iter-time: 0.9276
[13:01:40.821295] Epoch: [7]  [380/491]  eta: 0:01:44  loss: 0.8056 (1.0288)  IoU (F channel): 0.1900 (0.1997)  L1 (Dc channel): 0.0026 (0.0025)  L1 (Dn channel): 0.0024 (0.0023)  IoU (P channel): 0.1820 (0.1895)  lr: 0.000338  iter-time: 0.9294
[13:01:50.118846] Epoch: [7]  [390/491]  eta: 0:01:35  loss: 0.7945 (1.0228)  IoU (F channel): 0.2470 (0.2018)  L1 (Dc channel): 0.0026 (0.0025)  L1 (Dn channel): 0.0021 (0.0023)  IoU (P channel): 0.2061 (0.1906)  lr: 0.000340  iter-time: 0.9277
[13:01:59.354479] Epoch: [7]  [400/491]  eta: 0:01:25  loss: 0.7824 (1.0175)  IoU (F channel): 0.2460 (0.2018)  L1 (Dc channel): 0.0024 (0.0025)  L1 (Dn channel): 0.0021 (0.0023)  IoU (P channel): 0.2158 (0.1907)  lr: 0.000342  iter-time: 0.9266
[13:02:08.599823] Epoch: [7]  [410/491]  eta: 0:01:16  loss: 0.7999 (1.0127)  IoU (F channel): 0.2137 (0.2018)  L1 (Dc channel): 0.0024 (0.0025)  L1 (Dn channel): 0.0021 (0.0023)  IoU (P channel): 0.1990 (0.1905)  lr: 0.000343  iter-time: 0.9240
[13:02:17.758608] Epoch: [7]  [420/491]  eta: 0:01:06  loss: 0.7999 (1.0081)  IoU (F channel): 0.2252 (0.2018)  L1 (Dc channel): 0.0027 (0.0025)  L1 (Dn channel): 0.0021 (0.0023)  IoU (P channel): 0.1990 (0.1905)  lr: 0.000345  iter-time: 0.9201
[13:02:27.002685] Epoch: [7]  [430/491]  eta: 0:00:57  loss: 0.7705 (1.0024)  IoU (F channel): 0.2264 (0.2026)  L1 (Dc channel): 0.0027 (0.0025)  L1 (Dn channel): 0.0022 (0.0023)  IoU (P channel): 0.2188 (0.1913)  lr: 0.000346  iter-time: 0.9200
[13:02:36.159733] Epoch: [7]  [440/491]  eta: 0:00:47  loss: 0.7397 (0.9964)  IoU (F channel): 0.2121 (0.2029)  L1 (Dc channel): 0.0024 (0.0025)  L1 (Dn channel): 0.0020 (0.0023)  IoU (P channel): 0.2188 (0.1917)  lr: 0.000348  iter-time: 0.9200
[13:02:45.360860] Epoch: [7]  [450/491]  eta: 0:00:38  loss: 0.7482 (0.9916)  IoU (F channel): 0.2023 (0.2038)  L1 (Dc channel): 0.0024 (0.0025)  L1 (Dn channel): 0.0022 (0.0023)  IoU (P channel): 0.2081 (0.1924)  lr: 0.000349  iter-time: 0.9178
[13:02:54.771374] Epoch: [7]  [460/491]  eta: 0:00:29  loss: 0.7482 (0.9859)  IoU (F channel): 0.2267 (0.2045)  L1 (Dc channel): 0.0025 (0.0025)  L1 (Dn channel): 0.0022 (0.0023)  IoU (P channel): 0.2506 (0.1934)  lr: 0.000351  iter-time: 0.9305
[13:03:04.011186] Epoch: [7]  [470/491]  eta: 0:00:19  loss: 0.7146 (0.9801)  IoU (F channel): 0.2478 (0.2055)  L1 (Dc channel): 0.0025 (0.0025)  L1 (Dn channel): 0.0019 (0.0023)  IoU (P channel): 0.2506 (0.1944)  lr: 0.000353  iter-time: 0.9324
[13:03:13.266541] Epoch: [7]  [480/491]  eta: 0:00:10  loss: 0.6983 (0.9741)  IoU (F channel): 0.2320 (0.2060)  L1 (Dc channel): 0.0023 (0.0025)  L1 (Dn channel): 0.0017 (0.0022)  IoU (P channel): 0.2123 (0.1946)  lr: 0.000354  iter-time: 0.9247
[13:03:21.921351] Epoch: [7]  [490/491]  eta: 0:00:00  loss: 0.6916 (0.9688)  IoU (F channel): 0.2022 (0.2062)  L1 (Dc channel): 0.0023 (0.0025)  L1 (Dn channel): 0.0018 (0.0022)  IoU (P channel): 0.1955 (0.1948)  lr: 0.000356  iter-time: 0.8954
[13:03:21.921455] Epoch: [7] Total time: 0:07:39 (0.9363 s / it)
[13:03:21.921482] [Train] averaged stats: loss: 0.6916 (0.9688)  IoU (F channel): 0.2022 (0.2062)  L1 (Dc channel): 0.0023 (0.0025)  L1 (Dn channel): 0.0018 (0.0022)  IoU (P channel): 0.1955 (0.1948)  lr: 0.000356
[13:03:27.903921] Epoch: [7]  [ 0/27]  eta: 0:02:41  loss: 0.6301 (0.6301)  IoU (F channel): 0.0000 (0.0000)  L1 (Dc channel): 0.0017 (0.0017)  L1 (Dn channel): 0.0013 (0.0013)  IoU (P channel): 0.0000 (0.0000)  iter-time: 5.9812
[13:03:35.028959] Epoch: [7]  [10/27]  eta: 0:00:20  loss: 0.7070 (0.7767)  IoU (F channel): 0.2561 (0.2070)  L1 (Dc channel): 0.0020 (0.0023)  L1 (Dn channel): 0.0016 (0.0023)  IoU (P channel): 0.2292 (0.1782)  iter-time: 1.1914
[13:03:39.432499] Epoch: [7]  [20/27]  eta: 0:00:05  loss: 0.7070 (0.7589)  IoU (F channel): 0.2806 (0.2321)  L1 (Dc channel): 0.0021 (0.0023)  L1 (Dn channel): 0.0016 (0.0022)  IoU (P channel): 0.2292 (0.1911)  iter-time: 0.5764
[13:03:43.520314] Epoch: [7]  [26/27]  eta: 0:00:00  loss: 0.7238 (0.7571)  IoU (F channel): 0.2702 (0.2288)  L1 (Dc channel): 0.0022 (0.0023)  L1 (Dn channel): 0.0018 (0.0021)  IoU (P channel): 0.2184 (0.1906)  iter-time: 0.5419
[13:03:43.520423] Epoch: [7] Total time: 0:00:21 (0.7999 s / it)
[13:03:43.520446] [Val] averaged stats: loss: 0.7238 (0.7571)  IoU (F channel): 0.2702 (0.2288)  L1 (Dc channel): 0.0022 (0.0023)  L1 (Dn channel): 0.0018 (0.0021)  IoU (P channel): 0.2184 (0.1906)
[13:03:43.520642] Val loss improved from 1.302730299808361 to 0.7571394598042523, saving model to metrics/biapy/biapy-channel-scale-zarr-seunet/checkpoints/biapy-channel-scale-zarr-seunet_0-checkpoint-best.pth
[13:03:43.661415] [Val] best loss: 0.7571 best  IoU (F channel): 0.2288 L1 (Dc channel): 0.0023 L1 (Dn channel): 0.0021 IoU (P channel): 0.1906 
[13:03:43.671399] [Time] 8.0m 57.8m/8.2h

[13:03:43.671422] ~~~ Epoch 8/60 ~~~

[13:03:49.217638] Epoch: [8]  [  0/491]  eta: 0:45:22  loss: 0.6744 (0.6744)  IoU (F channel): 0.3022 (0.3022)  L1 (Dc channel): 0.0022 (0.0022)  L1 (Dn channel): 0.0021 (0.0021)  IoU (P channel): 0.2365 (0.2365)  lr: 0.000356  iter-time: 5.5448
[13:03:58.763375] Epoch: [8]  [ 10/491]  eta: 0:10:59  loss: 0.6990 (0.6986)  IoU (F channel): 0.2900 (0.2550)  L1 (Dc channel): 0.0024 (0.0024)  L1 (Dn channel): 0.0022 (0.0021)  IoU (P channel): 0.2601 (0.2532)  lr: 0.000358  iter-time: 1.3717
[13:04:07.916898] Epoch: [8]  [ 20/491]  eta: 0:09:03  loss: 0.6973 (0.7099)  IoU (F channel): 0.2639 (0.2627)  L1 (Dc channel): 0.0025 (0.0024)  L1 (Dn channel): 0.0022 (0.0023)  IoU (P channel): 0.2655 (0.2549)  lr: 0.000359  iter-time: 0.9348
[13:04:17.085097] Epoch: [8]  [ 30/491]  eta: 0:08:16  loss: 0.6782 (0.7168)  IoU (F channel): 0.2639 (0.2648)  L1 (Dc channel): 0.0025 (0.0025)  L1 (Dn channel): 0.0022 (0.0023)  IoU (P channel): 0.2737 (0.2524)  lr: 0.000361  iter-time: 0.9160
[13:04:26.380769] Epoch: [8]  [ 40/491]  eta: 0:07:49  loss: 0.7200 (0.7288)  IoU (F channel): 0.2417 (0.2500)  L1 (Dc channel): 0.0026 (0.0027)  L1 (Dn channel): 0.0023 (0.0024)  IoU (P channel): 0.2411 (0.2359)  lr: 0.000362  iter-time: 0.9231
[13:04:35.587178] Epoch: [8]  [ 50/491]  eta: 0:07:28  loss: 0.7200 (0.7284)  IoU (F channel): 0.1515 (0.2355)  L1 (Dc channel): 0.0030 (0.0027)  L1 (Dn channel): 0.0024 (0.0025)  IoU (P channel): 0.1647 (0.2231)  lr: 0.000364  iter-time: 0.9250
[13:04:44.916720] Epoch: [8]  [ 60/491]  eta: 0:07:12  loss: 0.6863 (0.7241)  IoU (F channel): 0.1575 (0.2267)  L1 (Dc channel): 0.0026 (0.0027)  L1 (Dn channel): 0.0023 (0.0024)  IoU (P channel): 0.1487 (0.2148)  lr: 0.000366  iter-time: 0.9267
[13:04:54.233267] Epoch: [8]  [ 70/491]  eta: 0:06:58  loss: 0.6656 (0.7114)  IoU (F channel): 0.1987 (0.2295)  L1 (Dc channel): 0.0024 (0.0026)  L1 (Dn channel): 0.0020 (0.0024)  IoU (P channel): 0.1897 (0.2157)  lr: 0.000367  iter-time: 0.9322
[13:05:03.392062] Epoch: [8]  [ 80/491]  eta: 0:06:44  loss: 0.6612 (0.7114)  IoU (F channel): 0.2292 (0.2341)  L1 (Dc channel): 0.0023 (0.0026)  L1 (Dn channel): 0.0021 (0.0024)  IoU (P channel): 0.2318 (0.2192)  lr: 0.000369  iter-time: 0.9236
[13:05:12.609961] Epoch: [8]  [ 90/491]  eta: 0:06:31  loss: 0.6612 (0.7053)  IoU (F channel): 0.2051 (0.2302)  L1 (Dc channel): 0.0022 (0.0026)  L1 (Dn channel): 0.0017 (0.0023)  IoU (P channel): 0.2202 (0.2174)  lr: 0.000371  iter-time: 0.9187
[13:05:21.851706] Epoch: [8]  [100/491]  eta: 0:06:20  loss: 0.6492 (0.7020)  IoU (F channel): 0.2051 (0.2297)  L1 (Dc channel): 0.0022 (0.0025)  L1 (Dn channel): 0.0018 (0.0023)  IoU (P channel): 0.2170 (0.2160)  lr: 0.000372  iter-time: 0.9229
[13:05:31.079508] Epoch: [8]  [110/491]  eta: 0:06:08  loss: 0.6358 (0.6964)  IoU (F channel): 0.2423 (0.2350)  L1 (Dc channel): 0.0024 (0.0026)  L1 (Dn channel): 0.0021 (0.0023)  IoU (P channel): 0.2277 (0.2207)  lr: 0.000374  iter-time: 0.9234
[13:05:40.314722] Epoch: [8]  [120/491]  eta: 0:05:57  loss: 0.6285 (0.6921)  IoU (F channel): 0.2258 (0.2325)  L1 (Dc channel): 0.0025 (0.0026)  L1 (Dn channel): 0.0022 (0.0023)  IoU (P channel): 0.2221 (0.2196)  lr: 0.000375  iter-time: 0.9230
[13:05:49.587815] Epoch: [8]  [130/491]  eta: 0:05:46  loss: 0.6329 (0.6883)  IoU (F channel): 0.2515 (0.2373)  L1 (Dc channel): 0.0028 (0.0026)  L1 (Dn channel): 0.0022 (0.0023)  IoU (P channel): 0.2221 (0.2226)  lr: 0.000377  iter-time: 0.9253
[13:05:58.732353] Epoch: [8]  [140/491]  eta: 0:05:36  loss: 0.6294 (0.6830)  IoU (F channel): 0.2948 (0.2376)  L1 (Dc channel): 0.0025 (0.0026)  L1 (Dn channel): 0.0022 (0.0023)  IoU (P channel): 0.2403 (0.2226)  lr: 0.000379  iter-time: 0.9207
[13:06:07.986956] Epoch: [8]  [150/491]  eta: 0:05:25  loss: 0.6118 (0.6786)  IoU (F channel): 0.2130 (0.2360)  L1 (Dc channel): 0.0026 (0.0026)  L1 (Dn channel): 0.0022 (0.0023)  IoU (P channel): 0.2023 (0.2220)  lr: 0.000380  iter-time: 0.9198
[13:06:17.205706] Epoch: [8]  [160/491]  eta: 0:05:15  loss: 0.5812 (0.6722)  IoU (F channel): 0.2184 (0.2380)  L1 (Dc channel): 0.0023 (0.0025)  L1 (Dn channel): 0.0019 (0.0023)  IoU (P channel): 0.2188 (0.2251)  lr: 0.000382  iter-time: 0.9235
[13:06:26.541504] Epoch: [8]  [170/491]  eta: 0:05:05  loss: 0.5721 (0.6684)  IoU (F channel): 0.2441 (0.2388)  L1 (Dc channel): 0.0021 (0.0025)  L1 (Dn channel): 0.0018 (0.0023)  IoU (P channel): 0.2652 (0.2258)  lr: 0.000384  iter-time: 0.9276
[13:06:35.790753] Epoch: [8]  [180/491]  eta: 0:04:55  loss: 0.5602 (0.6622)  IoU (F channel): 0.2726 (0.2396)  L1 (Dc channel): 0.0023 (0.0025)  L1 (Dn channel): 0.0021 (0.0023)  IoU (P channel): 0.2518 (0.2268)  lr: 0.000385  iter-time: 0.9292
[13:06:45.017517] Epoch: [8]  [190/491]  eta: 0:04:45  loss: 0.5663 (0.6585)  IoU (F channel): 0.2493 (0.2391)  L1 (Dc channel): 0.0022 (0.0025)  L1 (Dn channel): 0.0020 (0.0023)  IoU (P channel): 0.2518 (0.2264)  lr: 0.000387  iter-time: 0.9237
[13:06:54.304111] Epoch: [8]  [200/491]  eta: 0:04:35  loss: 0.5724 (0.6535)  IoU (F channel): 0.2493 (0.2405)  L1 (Dc channel): 0.0022 (0.0025)  L1 (Dn channel): 0.0019 (0.0022)  IoU (P channel): 0.2342 (0.2283)  lr: 0.000389  iter-time: 0.9256
[13:07:03.551213] Epoch: [8]  [210/491]  eta: 0:04:26  loss: 0.5556 (0.6503)  IoU (F channel): 0.2641 (0.2416)  L1 (Dc channel): 0.0022 (0.0025)  L1 (Dn channel): 0.0019 (0.0022)  IoU (P channel): 0.2843 (0.2303)  lr: 0.000390  iter-time: 0.9266
[13:07:12.899906] Epoch: [8]  [220/491]  eta: 0:04:16  loss: 0.5562 (0.6462)  IoU (F channel): 0.2197 (0.2425)  L1 (Dc channel): 0.0024 (0.0025)  L1 (Dn channel): 0.0020 (0.0022)  IoU (P channel): 0.2664 (0.2315)  lr: 0.000392  iter-time: 0.9297
[13:07:22.459933] Epoch: [8]  [230/491]  eta: 0:04:07  loss: 0.5444 (0.6419)  IoU (F channel): 0.2197 (0.2426)  L1 (Dc channel): 0.0021 (0.0025)  L1 (Dn channel): 0.0016 (0.0022)  IoU (P channel): 0.2316 (0.2310)  lr: 0.000393  iter-time: 0.9453
[13:07:31.615988] Epoch: [8]  [240/491]  eta: 0:03:57  loss: 0.5379 (0.6382)  IoU (F channel): 0.2573 (0.2442)  L1 (Dc channel): 0.0020 (0.0024)  L1 (Dn channel): 0.0015 (0.0022)  IoU (P channel): 0.2402 (0.2321)  lr: 0.000395  iter-time: 0.9357
[13:07:41.110621] Epoch: [8]  [250/491]  eta: 0:03:47  loss: 0.5175 (0.6337)  IoU (F channel): 0.2507 (0.2437)  L1 (Dc channel): 0.0021 (0.0024)  L1 (Dn channel): 0.0017 (0.0022)  IoU (P channel): 0.2412 (0.2316)  lr: 0.000397  iter-time: 0.9324
[13:07:50.412495] Epoch: [8]  [260/491]  eta: 0:03:38  loss: 0.5113 (0.6293)  IoU (F channel): 0.2543 (0.2448)  L1 (Dc channel): 0.0021 (0.0024)  L1 (Dn channel): 0.0018 (0.0022)  IoU (P channel): 0.2420 (0.2328)  lr: 0.000398  iter-time: 0.9397
[13:07:59.675945] Epoch: [8]  [270/491]  eta: 0:03:28  loss: 0.5404 (0.6301)  IoU (F channel): 0.2461 (0.2428)  L1 (Dc channel): 0.0024 (0.0024)  L1 (Dn channel): 0.0021 (0.0022)  IoU (P channel): 0.2281 (0.2301)  lr: 0.000400  iter-time: 0.9281
[13:08:09.065530] Epoch: [8]  [280/491]  eta: 0:03:19  loss: 0.5723 (0.6306)  IoU (F channel): 0.1778 (0.2398)  L1 (Dc channel): 0.0030 (0.0025)  L1 (Dn channel): 0.0021 (0.0022)  IoU (P channel): 0.1257 (0.2265)  lr: 0.000402  iter-time: 0.9325
[13:08:18.427935] Epoch: [8]  [290/491]  eta: 0:03:09  loss: 0.5627 (0.6285)  IoU (F channel): 0.1463 (0.2366)  L1 (Dc channel): 0.0028 (0.0025)  L1 (Dn channel): 0.0020 (0.0022)  IoU (P channel): 0.1213 (0.2227)  lr: 0.000403  iter-time: 0.9375
[13:08:27.720035] Epoch: [8]  [300/491]  eta: 0:03:00  loss: 0.5771 (0.6277)  IoU (F channel): 0.1463 (0.2353)  L1 (Dc channel): 0.0028 (0.0025)  L1 (Dn channel): 0.0020 (0.0022)  IoU (P channel): 0.1318 (0.2205)  lr: 0.000405  iter-time: 0.9326
[13:08:36.938780] Epoch: [8]  [310/491]  eta: 0:02:50  loss: 0.5877 (0.6267)  IoU (F channel): 0.2079 (0.2349)  L1 (Dc channel): 0.0028 (0.0025)  L1 (Dn channel): 0.0022 (0.0022)  IoU (P channel): 0.1618 (0.2193)  lr: 0.000407  iter-time: 0.9254
[13:08:46.151217] Epoch: [8]  [320/491]  eta: 0:02:41  loss: 0.5384 (0.6233)  IoU (F channel): 0.2245 (0.2353)  L1 (Dc channel): 0.0026 (0.0025)  L1 (Dn channel): 0.0022 (0.0022)  IoU (P channel): 0.1957 (0.2193)  lr: 0.000408  iter-time: 0.9214
[13:08:55.495479] Epoch: [8]  [330/491]  eta: 0:02:31  loss: 0.5277 (0.6208)  IoU (F channel): 0.2015 (0.2344)  L1 (Dc channel): 0.0026 (0.0025)  L1 (Dn channel): 0.0020 (0.0022)  IoU (P channel): 0.1915 (0.2182)  lr: 0.000410  iter-time: 0.9277
[13:09:04.849815] Epoch: [8]  [340/491]  eta: 0:02:22  loss: 0.5277 (0.6184)  IoU (F channel): 0.2029 (0.2363)  L1 (Dc channel): 0.0027 (0.0025)  L1 (Dn channel): 0.0020 (0.0022)  IoU (P channel): 0.1915 (0.2189)  lr: 0.000412  iter-time: 0.9348
[13:09:14.229706] Epoch: [8]  [350/491]  eta: 0:02:12  loss: 0.4879 (0.6151)  IoU (F channel): 0.2125 (0.2358)  L1 (Dc channel): 0.0025 (0.0025)  L1 (Dn channel): 0.0020 (0.0022)  IoU (P channel): 0.1787 (0.2179)  lr: 0.000413  iter-time: 0.9366
[13:09:23.391318] Epoch: [8]  [360/491]  eta: 0:02:03  loss: 0.4842 (0.6115)  IoU (F channel): 0.1797 (0.2347)  L1 (Dc channel): 0.0025 (0.0025)  L1 (Dn channel): 0.0019 (0.0022)  IoU (P channel): 0.1787 (0.2175)  lr: 0.000415  iter-time: 0.9270
[13:09:32.617375] Epoch: [8]  [370/491]  eta: 0:01:53  loss: 0.4765 (0.6081)  IoU (F channel): 0.2390 (0.2353)  L1 (Dc channel): 0.0024 (0.0025)  L1 (Dn channel): 0.0018 (0.0021)  IoU (P channel): 0.2147 (0.2180)  lr: 0.000417  iter-time: 0.9193
[13:09:41.835661] Epoch: [8]  [380/491]  eta: 0:01:44  loss: 0.4629 (0.6046)  IoU (F channel): 0.2491 (0.2342)  L1 (Dc channel): 0.0024 (0.0025)  L1 (Dn channel): 0.0016 (0.0021)  IoU (P channel): 0.2213 (0.2175)  lr: 0.000418  iter-time: 0.9221
[13:09:51.131685] Epoch: [8]  [390/491]  eta: 0:01:34  loss: 0.4656 (0.6019)  IoU (F channel): 0.2204 (0.2352)  L1 (Dc channel): 0.0021 (0.0025)  L1 (Dn channel): 0.0019 (0.0021)  IoU (P channel): 0.2181 (0.2176)  lr: 0.000420  iter-time: 0.9256
[13:10:00.349510] Epoch: [8]  [400/491]  eta: 0:01:25  loss: 0.4685 (0.5985)  IoU (F channel): 0.2675 (0.2367)  L1 (Dc channel): 0.0022 (0.0025)  L1 (Dn channel): 0.0017 (0.0021)  IoU (P channel): 0.2365 (0.2188)  lr: 0.000422  iter-time: 0.9255
[13:10:09.624406] Epoch: [8]  [410/491]  eta: 0:01:16  loss: 0.4582 (0.5952)  IoU (F channel): 0.2593 (0.2362)  L1 (Dc channel): 0.0025 (0.0025)  L1 (Dn channel): 0.0016 (0.0021)  IoU (P channel): 0.2344 (0.2184)  lr: 0.000423  iter-time: 0.9245
[13:10:18.988425] Epoch: [8]  [420/491]  eta: 0:01:06  loss: 0.4362 (0.5918)  IoU (F channel): 0.2109 (0.2369)  L1 (Dc channel): 0.0027 (0.0025)  L1 (Dn channel): 0.0018 (0.0021)  IoU (P channel): 0.2121 (0.2193)  lr: 0.000425  iter-time: 0.9318
[13:10:28.197514] Epoch: [8]  [430/491]  eta: 0:00:57  loss: 0.4299 (0.5882)  IoU (F channel): 0.2109 (0.2364)  L1 (Dc channel): 0.0025 (0.0025)  L1 (Dn channel): 0.0020 (0.0021)  IoU (P channel): 0.2121 (0.2192)  lr: 0.000427  iter-time: 0.9286
[13:10:37.389637] Epoch: [8]  [440/491]  eta: 0:00:47  loss: 0.4291 (0.5853)  IoU (F channel): 0.2141 (0.2364)  L1 (Dc channel): 0.0023 (0.0025)  L1 (Dn channel): 0.0020 (0.0021)  IoU (P channel): 0.2084 (0.2190)  lr: 0.000428  iter-time: 0.9199
[13:10:46.591109] Epoch: [8]  [450/491]  eta: 0:00:38  loss: 0.4274 (0.5818)  IoU (F channel): 0.2445 (0.2360)  L1 (Dc channel): 0.0026 (0.0025)  L1 (Dn channel): 0.0021 (0.0021)  IoU (P channel): 0.2357 (0.2190)  lr: 0.000430  iter-time: 0.9196
[13:10:55.778709] Epoch: [8]  [460/491]  eta: 0:00:29  loss: 0.4056 (0.5785)  IoU (F channel): 0.2445 (0.2367)  L1 (Dc channel): 0.0020 (0.0025)  L1 (Dn channel): 0.0018 (0.0021)  IoU (P channel): 0.2543 (0.2196)  lr: 0.000432  iter-time: 0.9194
[13:11:05.141911] Epoch: [8]  [470/491]  eta: 0:00:19  loss: 0.4013 (0.5757)  IoU (F channel): 0.2619 (0.2381)  L1 (Dc channel): 0.0019 (0.0025)  L1 (Dn channel): 0.0016 (0.0021)  IoU (P channel): 0.2618 (0.2208)  lr: 0.000433  iter-time: 0.9274
[13:11:14.353411] Epoch: [8]  [480/491]  eta: 0:00:10  loss: 0.4053 (0.5729)  IoU (F channel): 0.2895 (0.2388)  L1 (Dc channel): 0.0019 (0.0025)  L1 (Dn channel): 0.0017 (0.0021)  IoU (P channel): 0.2722 (0.2216)  lr: 0.000435  iter-time: 0.9287
[13:11:23.001327] Epoch: [8]  [490/491]  eta: 0:00:00  loss: 0.4394 (0.5705)  IoU (F channel): 0.2613 (0.2392)  L1 (Dc channel): 0.0022 (0.0025)  L1 (Dn channel): 0.0018 (0.0021)  IoU (P channel): 0.2722 (0.2221)  lr: 0.000437  iter-time: 0.8929
[13:11:23.001447] Epoch: [8] Total time: 0:07:39 (0.9355 s / it)
[13:11:23.001481] [Train] averaged stats: loss: 0.4394 (0.5705)  IoU (F channel): 0.2613 (0.2392)  L1 (Dc channel): 0.0022 (0.0025)  L1 (Dn channel): 0.0018 (0.0021)  IoU (P channel): 0.2722 (0.2221)  lr: 0.000437
[13:11:28.561448] Epoch: [8]  [ 0/27]  eta: 0:02:30  loss: 0.3638 (0.3638)  IoU (F channel): 0.0000 (0.0000)  L1 (Dc channel): 0.0020 (0.0020)  L1 (Dn channel): 0.0015 (0.0015)  IoU (P channel): 0.0000 (0.0000)  iter-time: 5.5589
[13:11:34.394399] Epoch: [8]  [10/27]  eta: 0:00:17  loss: 0.4564 (0.5070)  IoU (F channel): 0.1148 (0.1321)  L1 (Dc channel): 0.0024 (0.0026)  L1 (Dn channel): 0.0018 (0.0025)  IoU (P channel): 0.1141 (0.1263)  iter-time: 1.0356
[13:11:42.383472] Epoch: [8]  [20/27]  eta: 0:00:06  loss: 0.4380 (0.4807)  IoU (F channel): 0.1463 (0.1524)  L1 (Dc channel): 0.0024 (0.0026)  L1 (Dn channel): 0.0019 (0.0024)  IoU (P channel): 0.1229 (0.1417)  iter-time: 0.6911
[13:11:44.192795] Epoch: [8]  [26/27]  eta: 0:00:00  loss: 0.4343 (0.4803)  IoU (F channel): 0.1463 (0.1439)  L1 (Dc channel): 0.0025 (0.0026)  L1 (Dn channel): 0.0020 (0.0023)  IoU (P channel): 0.1416 (0.1361)  iter-time: 0.6047
[13:11:44.192878] Epoch: [8] Total time: 0:00:21 (0.7848 s / it)
[13:11:44.192900] [Val] averaged stats: loss: 0.4343 (0.4803)  IoU (F channel): 0.1463 (0.1439)  L1 (Dc channel): 0.0025 (0.0026)  L1 (Dn channel): 0.0020 (0.0023)  IoU (P channel): 0.1416 (0.1361)
[13:11:44.193106] Val loss improved from 0.7571394598042523 to 0.48025633449907656, saving model to metrics/biapy/biapy-channel-scale-zarr-seunet/checkpoints/biapy-channel-scale-zarr-seunet_0-checkpoint-best.pth
[13:11:44.314781] [Val] best loss: 0.4803 best  IoU (F channel): 0.1439 L1 (Dc channel): 0.0026 L1 (Dn channel): 0.0023 IoU (P channel): 0.1361 
[13:11:44.327742] [Time] 8.0m 1.1h/8.2h

[13:11:44.327764] ~~~ Epoch 9/60 ~~~

[13:11:49.865492] Epoch: [9]  [  0/491]  eta: 0:45:18  loss: 0.5704 (0.5704)  IoU (F channel): 0.4277 (0.4277)  L1 (Dc channel): 0.0033 (0.0033)  L1 (Dn channel): 0.0031 (0.0031)  IoU (P channel): 0.3491 (0.3491)  lr: 0.000437  iter-time: 5.5366
[13:11:59.515829] Epoch: [9]  [ 10/491]  eta: 0:11:04  loss: 0.4242 (0.4443)  IoU (F channel): 0.2851 (0.2977)  L1 (Dc channel): 0.0024 (0.0026)  L1 (Dn channel): 0.0019 (0.0020)  IoU (P channel): 0.2543 (0.2682)  lr: 0.000439  iter-time: 1.3805
[13:12:08.835260] Epoch: [9]  [ 20/491]  eta: 0:09:09  loss: 0.4174 (0.4400)  IoU (F channel): 0.2613 (0.2768)  L1 (Dc channel): 0.0024 (0.0026)  L1 (Dn channel): 0.0019 (0.0022)  IoU (P channel): 0.2502 (0.2543)  lr: 0.000440  iter-time: 0.9484
[13:12:18.355689] Epoch: [9]  [ 30/491]  eta: 0:08:25  loss: 0.3953 (0.4260)  IoU (F channel): 0.2410 (0.2669)  L1 (Dc channel): 0.0026 (0.0026)  L1 (Dn channel): 0.0023 (0.0022)  IoU (P channel): 0.2400 (0.2458)  lr: 0.000442  iter-time: 0.9419
[13:12:27.661148] Epoch: [9]  [ 40/491]  eta: 0:07:56  loss: 0.3928 (0.4261)  IoU (F channel): 0.2410 (0.2640)  L1 (Dc channel): 0.0024 (0.0025)  L1 (Dn channel): 0.0022 (0.0023)  IoU (P channel): 0.2400 (0.2469)  lr: 0.000444  iter-time: 0.9412
[13:12:36.858166] Epoch: [9]  [ 50/491]  eta: 0:07:34  loss: 0.4177 (0.4317)  IoU (F channel): 0.2219 (0.2593)  L1 (Dc channel): 0.0024 (0.0025)  L1 (Dn channel): 0.0022 (0.0023)  IoU (P channel): 0.2245 (0.2414)  lr: 0.000445  iter-time: 0.9250
[13:12:46.036405] Epoch: [9]  [ 60/491]  eta: 0:07:15  loss: 0.4318 (0.4323)  IoU (F channel): 0.1945 (0.2485)  L1 (Dc channel): 0.0023 (0.0025)  L1 (Dn channel): 0.0020 (0.0022)  IoU (P channel): 0.1541 (0.2307)  lr: 0.000447  iter-time: 0.9186
[13:12:55.245006] Epoch: [9]  [ 70/491]  eta: 0:07:00  loss: 0.4062 (0.4314)  IoU (F channel): 0.1945 (0.2498)  L1 (Dc channel): 0.0023 (0.0025)  L1 (Dn channel): 0.0017 (0.0022)  IoU (P channel): 0.1541 (0.2291)  lr: 0.000449  iter-time: 0.9192
[13:13:04.538491] Epoch: [9]  [ 80/491]  eta: 0:06:46  loss: 0.3986 (0.4274)  IoU (F channel): 0.2706 (0.2527)  L1 (Dc channel): 0.0020 (0.0024)  L1 (Dn channel): 0.0016 (0.0021)  IoU (P channel): 0.2447 (0.2335)  lr: 0.000450  iter-time: 0.9250
[13:13:14.029538] Epoch: [9]  [ 90/491]  eta: 0:06:35  loss: 0.3909 (0.4209)  IoU (F channel): 0.2190 (0.2503)  L1 (Dc channel): 0.0020 (0.0024)  L1 (Dn channel): 0.0015 (0.0020)  IoU (P channel): 0.2366 (0.2316)  lr: 0.000452  iter-time: 0.9391
[13:13:23.363795] Epoch: [9]  [100/491]  eta: 0:06:23  loss: 0.3522 (0.4170)  IoU (F channel): 0.2159 (0.2484)  L1 (Dc channel): 0.0020 (0.0023)  L1 (Dn channel): 0.0014 (0.0020)  IoU (P channel): 0.2367 (0.2317)  lr: 0.000454  iter-time: 0.9412
[13:13:32.654485] Epoch: [9]  [110/491]  eta: 0:06:11  loss: 0.3584 (0.4139)  IoU (F channel): 0.2573 (0.2501)  L1 (Dc channel): 0.0019 (0.0023)  L1 (Dn channel): 0.0014 (0.0019)  IoU (P channel): 0.2551 (0.2334)  lr: 0.000455  iter-time: 0.9311
[13:13:41.844073] Epoch: [9]  [120/491]  eta: 0:06:00  loss: 0.3672 (0.4107)  IoU (F channel): 0.2607 (0.2504)  L1 (Dc channel): 0.0019 (0.0023)  L1 (Dn channel): 0.0014 (0.0019)  IoU (P channel): 0.2415 (0.2342)  lr: 0.000457  iter-time: 0.9239
[13:13:51.125055] Epoch: [9]  [130/491]  eta: 0:05:49  loss: 0.3470 (0.4057)  IoU (F channel): 0.2370 (0.2519)  L1 (Dc channel): 0.0019 (0.0022)  L1 (Dn channel): 0.0014 (0.0019)  IoU (P channel): 0.2396 (0.2357)  lr: 0.000459  iter-time: 0.9234
[13:14:00.329260] Epoch: [9]  [140/491]  eta: 0:05:38  loss: 0.3424 (0.4020)  IoU (F channel): 0.2903 (0.2560)  L1 (Dc channel): 0.0019 (0.0022)  L1 (Dn channel): 0.0015 (0.0019)  IoU (P channel): 0.2423 (0.2378)  lr: 0.000461  iter-time: 0.9242
[13:14:09.547545] Epoch: [9]  [150/491]  eta: 0:05:27  loss: 0.3566 (0.3991)  IoU (F channel): 0.2907 (0.2554)  L1 (Dc channel): 0.0019 (0.0022)  L1 (Dn channel): 0.0017 (0.0018)  IoU (P channel): 0.2423 (0.2369)  lr: 0.000462  iter-time: 0.9210
[13:14:18.855192] Epoch: [9]  [160/491]  eta: 0:05:17  loss: 0.3517 (0.3969)  IoU (F channel): 0.2431 (0.2589)  L1 (Dc channel): 0.0019 (0.0022)  L1 (Dn channel): 0.0017 (0.0019)  IoU (P channel): 0.2144 (0.2393)  lr: 0.000464  iter-time: 0.9262
[13:14:28.233393] Epoch: [9]  [170/491]  eta: 0:05:07  loss: 0.3354 (0.3953)  IoU (F channel): 0.2435 (0.2583)  L1 (Dc channel): 0.0021 (0.0022)  L1 (Dn channel): 0.0016 (0.0019)  IoU (P channel): 0.2292 (0.2396)  lr: 0.000466  iter-time: 0.9342
[13:14:37.529267] Epoch: [9]  [180/491]  eta: 0:04:57  loss: 0.3457 (0.3926)  IoU (F channel): 0.2435 (0.2601)  L1 (Dc channel): 0.0025 (0.0022)  L1 (Dn channel): 0.0016 (0.0018)  IoU (P channel): 0.2292 (0.2403)  lr: 0.000467  iter-time: 0.9336
[13:14:46.822123] Epoch: [9]  [190/491]  eta: 0:04:47  loss: 0.3367 (0.3923)  IoU (F channel): 0.3068 (0.2611)  L1 (Dc channel): 0.0028 (0.0022)  L1 (Dn channel): 0.0016 (0.0018)  IoU (P channel): 0.2686 (0.2405)  lr: 0.000469  iter-time: 0.9293
[13:14:56.155600] Epoch: [9]  [200/491]  eta: 0:04:37  loss: 0.3729 (0.3925)  IoU (F channel): 0.3024 (0.2623)  L1 (Dc channel): 0.0028 (0.0023)  L1 (Dn channel): 0.0015 (0.0018)  IoU (P channel): 0.2343 (0.2406)  lr: 0.000471  iter-time: 0.9312
[13:15:05.309795] Epoch: [9]  [210/491]  eta: 0:04:27  loss: 0.3516 (0.3898)  IoU (F channel): 0.3336 (0.2668)  L1 (Dc channel): 0.0022 (0.0023)  L1 (Dn channel): 0.0014 (0.0018)  IoU (P channel): 0.2622 (0.2443)  lr: 0.000472  iter-time: 0.9243
[13:15:14.513860] Epoch: [9]  [220/491]  eta: 0:04:17  loss: 0.3283 (0.3882)  IoU (F channel): 0.3137 (0.2660)  L1 (Dc channel): 0.0019 (0.0022)  L1 (Dn channel): 0.0016 (0.0018)  IoU (P channel): 0.2855 (0.2442)  lr: 0.000474  iter-time: 0.9178
[13:15:23.813869] Epoch: [9]  [230/491]  eta: 0:04:07  loss: 0.3449 (0.3867)  IoU (F channel): 0.2800 (0.2665)  L1 (Dc channel): 0.0020 (0.0022)  L1 (Dn channel): 0.0015 (0.0018)  IoU (P channel): 0.2438 (0.2442)  lr: 0.000476  iter-time: 0.9251
[13:15:33.031572] Epoch: [9]  [240/491]  eta: 0:03:58  loss: 0.3258 (0.3845)  IoU (F channel): 0.2831 (0.2676)  L1 (Dc channel): 0.0018 (0.0022)  L1 (Dn channel): 0.0015 (0.0018)  IoU (P channel): 0.2598 (0.2452)  lr: 0.000477  iter-time: 0.9258
[13:15:42.293564] Epoch: [9]  [250/491]  eta: 0:03:48  loss: 0.3258 (0.3835)  IoU (F channel): 0.2831 (0.2671)  L1 (Dc channel): 0.0017 (0.0022)  L1 (Dn channel): 0.0014 (0.0018)  IoU (P channel): 0.2814 (0.2454)  lr: 0.000479  iter-time: 0.9239
[13:15:51.525865] Epoch: [9]  [260/491]  eta: 0:03:38  loss: 0.3162 (0.3806)  IoU (F channel): 0.2742 (0.2677)  L1 (Dc channel): 0.0018 (0.0022)  L1 (Dn channel): 0.0014 (0.0018)  IoU (P channel): 0.2465 (0.2453)  lr: 0.000481  iter-time: 0.9246
[13:16:00.981586] Epoch: [9]  [270/491]  eta: 0:03:29  loss: 0.3374 (0.3822)  IoU (F channel): 0.2437 (0.2656)  L1 (Dc channel): 0.0022 (0.0022)  L1 (Dn channel): 0.0016 (0.0018)  IoU (P channel): 0.2105 (0.2439)  lr: 0.000483  iter-time: 0.9343
[13:16:10.175125] Epoch: [9]  [280/491]  eta: 0:03:19  loss: 0.3547 (0.3823)  IoU (F channel): 0.2437 (0.2669)  L1 (Dc channel): 0.0023 (0.0022)  L1 (Dn channel): 0.0016 (0.0018)  IoU (P channel): 0.2381 (0.2448)  lr: 0.000484  iter-time: 0.9324
[13:16:19.478072] Epoch: [9]  [290/491]  eta: 0:03:10  loss: 0.3547 (0.3829)  IoU (F channel): 0.2635 (0.2651)  L1 (Dc channel): 0.0026 (0.0022)  L1 (Dn channel): 0.0015 (0.0018)  IoU (P channel): 0.2082 (0.2425)  lr: 0.000486  iter-time: 0.9247
[13:16:28.796808] Epoch: [9]  [300/491]  eta: 0:03:00  loss: 0.3424 (0.3815)  IoU (F channel): 0.2198 (0.2646)  L1 (Dc channel): 0.0026 (0.0022)  L1 (Dn channel): 0.0016 (0.0018)  IoU (P channel): 0.1852 (0.2420)  lr: 0.000488  iter-time: 0.9310
[13:16:38.152256] Epoch: [9]  [310/491]  eta: 0:02:50  loss: 0.3545 (0.3808)  IoU (F channel): 0.2598 (0.2648)  L1 (Dc channel): 0.0026 (0.0022)  L1 (Dn channel): 0.0017 (0.0018)  IoU (P channel): 0.2557 (0.2425)  lr: 0.000489  iter-time: 0.9336
[13:16:47.787927] Epoch: [9]  [320/491]  eta: 0:02:41  loss: 0.3547 (0.3805)  IoU (F channel): 0.2598 (0.2643)  L1 (Dc channel): 0.0023 (0.0022)  L1 (Dn channel): 0.0017 (0.0018)  IoU (P channel): 0.2562 (0.2421)  lr: 0.000491  iter-time: 0.9494
[13:16:56.999604] Epoch: [9]  [330/491]  eta: 0:02:32  loss: 0.3199 (0.3798)  IoU (F channel): 0.2640 (0.2656)  L1 (Dc channel): 0.0021 (0.0022)  L1 (Dn channel): 0.0019 (0.0018)  IoU (P channel): 0.2085 (0.2423)  lr: 0.000493  iter-time: 0.9423
[13:17:06.211706] Epoch: [9]  [340/491]  eta: 0:02:22  loss: 0.3220 (0.3796)  IoU (F channel): 0.2537 (0.2651)  L1 (Dc channel): 0.0023 (0.0022)  L1 (Dn channel): 0.0019 (0.0018)  IoU (P channel): 0.2277 (0.2420)  lr: 0.000495  iter-time: 0.9211
[13:17:15.518801] Epoch: [9]  [350/491]  eta: 0:02:13  loss: 0.3259 (0.3782)  IoU (F channel): 0.2083 (0.2641)  L1 (Dc channel): 0.0021 (0.0022)  L1 (Dn channel): 0.0016 (0.0018)  IoU (P channel): 0.2277 (0.2413)  lr: 0.000496  iter-time: 0.9258
[13:17:24.802672] Epoch: [9]  [360/491]  eta: 0:02:03  loss: 0.3278 (0.3770)  IoU (F channel): 0.2238 (0.2637)  L1 (Dc channel): 0.0021 (0.0022)  L1 (Dn channel): 0.0016 (0.0018)  IoU (P channel): 0.2330 (0.2411)  lr: 0.000498  iter-time: 0.9294
[13:17:34.004717] Epoch: [9]  [370/491]  eta: 0:01:54  loss: 0.3125 (0.3754)  IoU (F channel): 0.2719 (0.2634)  L1 (Dc channel): 0.0020 (0.0022)  L1 (Dn channel): 0.0016 (0.0018)  IoU (P channel): 0.2629 (0.2408)  lr: 0.000500  iter-time: 0.9242
[13:17:43.205786] Epoch: [9]  [380/491]  eta: 0:01:44  loss: 0.3125 (0.3739)  IoU (F channel): 0.3060 (0.2641)  L1 (Dc channel): 0.0020 (0.0022)  L1 (Dn channel): 0.0016 (0.0018)  IoU (P channel): 0.2679 (0.2414)  lr: 0.000501  iter-time: 0.9201
[13:17:52.492524] Epoch: [9]  [390/491]  eta: 0:01:35  loss: 0.2856 (0.3720)  IoU (F channel): 0.2657 (0.2638)  L1 (Dc channel): 0.0020 (0.0022)  L1 (Dn channel): 0.0018 (0.0018)  IoU (P channel): 0.2673 (0.2418)  lr: 0.000503  iter-time: 0.9243
[13:18:01.831925] Epoch: [9]  [400/491]  eta: 0:01:25  loss: 0.3023 (0.3706)  IoU (F channel): 0.2758 (0.2647)  L1 (Dc channel): 0.0023 (0.0022)  L1 (Dn channel): 0.0018 (0.0018)  IoU (P channel): 0.2714 (0.2432)  lr: 0.000505  iter-time: 0.9312
[13:18:11.047648] Epoch: [9]  [410/491]  eta: 0:01:16  loss: 0.2883 (0.3689)  IoU (F channel): 0.2849 (0.2650)  L1 (Dc channel): 0.0022 (0.0022)  L1 (Dn channel): 0.0018 (0.0018)  IoU (P channel): 0.2767 (0.2439)  lr: 0.000506  iter-time: 0.9276
[13:18:20.335730] Epoch: [9]  [420/491]  eta: 0:01:06  loss: 0.2822 (0.3678)  IoU (F channel): 0.2849 (0.2653)  L1 (Dc channel): 0.0018 (0.0022)  L1 (Dn channel): 0.0017 (0.0018)  IoU (P channel): 0.2686 (0.2442)  lr: 0.000508  iter-time: 0.9251
[13:18:29.637134] Epoch: [9]  [430/491]  eta: 0:00:57  loss: 0.2840 (0.3665)  IoU (F channel): 0.2931 (0.2661)  L1 (Dc channel): 0.0018 (0.0022)  L1 (Dn channel): 0.0015 (0.0018)  IoU (P channel): 0.2740 (0.2446)  lr: 0.000510  iter-time: 0.9294
[13:18:38.956754] Epoch: [9]  [440/491]  eta: 0:00:47  loss: 0.3107 (0.3654)  IoU (F channel): 0.2520 (0.2658)  L1 (Dc channel): 0.0020 (0.0022)  L1 (Dn channel): 0.0016 (0.0018)  IoU (P channel): 0.2579 (0.2447)  lr: 0.000512  iter-time: 0.9309
[13:18:48.117082] Epoch: [9]  [450/491]  eta: 0:00:38  loss: 0.3100 (0.3642)  IoU (F channel): 0.2640 (0.2662)  L1 (Dc channel): 0.0021 (0.0022)  L1 (Dn channel): 0.0018 (0.0018)  IoU (P channel): 0.2613 (0.2453)  lr: 0.000513  iter-time: 0.9238
[13:18:57.377917] Epoch: [9]  [460/491]  eta: 0:00:29  loss: 0.2907 (0.3628)  IoU (F channel): 0.2745 (0.2662)  L1 (Dc channel): 0.0019 (0.0022)  L1 (Dn channel): 0.0017 (0.0018)  IoU (P channel): 0.2689 (0.2455)  lr: 0.000515  iter-time: 0.9209
[13:19:06.629723] Epoch: [9]  [470/491]  eta: 0:00:19  loss: 0.2914 (0.3614)  IoU (F channel): 0.2719 (0.2665)  L1 (Dc channel): 0.0019 (0.0022)  L1 (Dn channel): 0.0016 (0.0018)  IoU (P channel): 0.2494 (0.2459)  lr: 0.000517  iter-time: 0.9255
[13:19:15.869758] Epoch: [9]  [480/491]  eta: 0:00:10  loss: 0.2928 (0.3599)  IoU (F channel): 0.2777 (0.2672)  L1 (Dc channel): 0.0020 (0.0022)  L1 (Dn channel): 0.0015 (0.0018)  IoU (P channel): 0.2494 (0.2463)  lr: 0.000518  iter-time: 0.9245
[13:19:24.524349] Epoch: [9]  [490/491]  eta: 0:00:00  loss: 0.2584 (0.3579)  IoU (F channel): 0.2728 (0.2666)  L1 (Dc channel): 0.0018 (0.0022)  L1 (Dn channel): 0.0013 (0.0018)  IoU (P channel): 0.2608 (0.2460)  lr: 0.000520  iter-time: 0.8947
[13:19:24.524454] Epoch: [9] Total time: 0:07:40 (0.9373 s / it)
[13:19:24.524482] [Train] averaged stats: loss: 0.2584 (0.3579)  IoU (F channel): 0.2728 (0.2666)  L1 (Dc channel): 0.0018 (0.0022)  L1 (Dn channel): 0.0013 (0.0018)  IoU (P channel): 0.2608 (0.2460)  lr: 0.000520
[13:19:30.726498] Epoch: [9]  [ 0/27]  eta: 0:02:47  loss: 0.1949 (0.1949)  IoU (F channel): 0.0000 (0.0000)  L1 (Dc channel): 0.0014 (0.0014)  L1 (Dn channel): 0.0009 (0.0009)  IoU (P channel): 0.0000 (0.0000)  iter-time: 6.2008
[13:19:36.784261] Epoch: [9]  [10/27]  eta: 0:00:18  loss: 0.3040 (0.3950)  IoU (F channel): 0.2936 (0.2305)  L1 (Dc channel): 0.0014 (0.0016)  L1 (Dn channel): 0.0011 (0.0017)  IoU (P channel): 0.2666 (0.1871)  iter-time: 1.1144
[13:19:42.279610] Epoch: [9]  [20/27]  eta: 0:00:05  loss: 0.3296 (0.3757)  IoU (F channel): 0.3386 (0.2650)  L1 (Dc channel): 0.0015 (0.0016)  L1 (Dn channel): 0.0011 (0.0016)  IoU (P channel): 0.2666 (0.2077)  iter-time: 0.5776
[13:19:44.819775] Epoch: [9]  [26/27]  eta: 0:00:00  loss: 0.3353 (0.3727)  IoU (F channel): 0.3386 (0.2720)  L1 (Dc channel): 0.0016 (0.0016)  L1 (Dn channel): 0.0013 (0.0016)  IoU (P channel): 0.2479 (0.2136)  iter-time: 0.5949
[13:19:44.819887] Epoch: [9] Total time: 0:00:20 (0.7516 s / it)
[13:19:44.819905] [Val] averaged stats: loss: 0.3353 (0.3727)  IoU (F channel): 0.3386 (0.2720)  L1 (Dc channel): 0.0016 (0.0016)  L1 (Dn channel): 0.0013 (0.0016)  IoU (P channel): 0.2479 (0.2136)
[13:19:44.820096] Val loss improved from 0.48025633449907656 to 0.37266385168940935, saving model to metrics/biapy/biapy-channel-scale-zarr-seunet/checkpoints/biapy-channel-scale-zarr-seunet_0-checkpoint-best.pth
[13:19:44.944878] [Val] best loss: 0.3727 best  IoU (F channel): 0.2720 L1 (Dc channel): 0.0016 L1 (Dn channel): 0.0016 IoU (P channel): 0.2136 
[13:19:44.957319] [Time] 8.0m 1.2h/8.2h

[13:19:44.957350] ~~~ Epoch 10/60 ~~~

[13:19:51.174776] Epoch: [10]  [  0/491]  eta: 0:50:52  loss: 0.2211 (0.2211)  IoU (F channel): 0.4073 (0.4073)  L1 (Dc channel): 0.0015 (0.0015)  L1 (Dn channel): 0.0011 (0.0011)  IoU (P channel): 0.2883 (0.2883)  lr: 0.000520  iter-time: 6.2161
[13:20:00.662084] Epoch: [10]  [ 10/491]  eta: 0:11:26  loss: 0.3101 (0.3080)  IoU (F channel): 0.3352 (0.3240)  L1 (Dc channel): 0.0018 (0.0019)  L1 (Dn channel): 0.0016 (0.0018)  IoU (P channel): 0.2883 (0.2861)  lr: 0.000522  iter-time: 1.4275
[13:20:09.853701] Epoch: [10]  [ 20/491]  eta: 0:09:18  loss: 0.3064 (0.3017)  IoU (F channel): 0.2806 (0.3112)  L1 (Dc channel): 0.0018 (0.0019)  L1 (Dn channel): 0.0019 (0.0019)  IoU (P channel): 0.2816 (0.2827)  lr: 0.000524  iter-time: 0.9338
[13:20:19.022026] Epoch: [10]  [ 30/491]  eta: 0:08:26  loss: 0.2795 (0.2930)  IoU (F channel): 0.2806 (0.3050)  L1 (Dc channel): 0.0019 (0.0019)  L1 (Dn channel): 0.0017 (0.0018)  IoU (P channel): 0.2605 (0.2734)  lr: 0.000525  iter-time: 0.9179
[13:20:28.264705] Epoch: [10]  [ 40/491]  eta: 0:07:56  loss: 0.2562 (0.2853)  IoU (F channel): 0.2461 (0.2954)  L1 (Dc channel): 0.0018 (0.0019)  L1 (Dn channel): 0.0013 (0.0017)  IoU (P channel): 0.2146 (0.2673)  lr: 0.000527  iter-time: 0.9204
[13:20:37.802797] Epoch: [10]  [ 50/491]  eta: 0:07:36  loss: 0.2562 (0.2827)  IoU (F channel): 0.2778 (0.2928)  L1 (Dc channel): 0.0017 (0.0019)  L1 (Dn channel): 0.0016 (0.0018)  IoU (P channel): 0.2671 (0.2649)  lr: 0.000529  iter-time: 0.9387
[13:20:47.737393] Epoch: [10]  [ 60/491]  eta: 0:07:23  loss: 0.2646 (0.2814)  IoU (F channel): 0.2891 (0.2930)  L1 (Dc channel): 0.0016 (0.0018)  L1 (Dn channel): 0.0015 (0.0017)  IoU (P channel): 0.2694 (0.2650)  lr: 0.000530  iter-time: 0.9731
[13:20:57.012999] Epoch: [10]  [ 70/491]  eta: 0:07:07  loss: 0.2878 (0.2864)  IoU (F channel): 0.2726 (0.2926)  L1 (Dc channel): 0.0018 (0.0019)  L1 (Dn channel): 0.0015 (0.0017)  IoU (P channel): 0.2734 (0.2638)  lr: 0.000532  iter-time: 0.9600
[13:21:06.388544] Epoch: [10]  [ 80/491]  eta: 0:06:53  loss: 0.2878 (0.2857)  IoU (F channel): 0.2023 (0.2838)  L1 (Dc channel): 0.0020 (0.0019)  L1 (Dn channel): 0.0019 (0.0018)  IoU (P channel): 0.1979 (0.2565)  lr: 0.000534  iter-time: 0.9321
[13:21:15.953478] Epoch: [10]  [ 90/491]  eta: 0:06:40  loss: 0.2838 (0.2865)  IoU (F channel): 0.2077 (0.2815)  L1 (Dc channel): 0.0023 (0.0020)  L1 (Dn channel): 0.0021 (0.0018)  IoU (P channel): 0.2040 (0.2531)  lr: 0.000536  iter-time: 0.9468
[13:21:25.433771] Epoch: [10]  [100/491]  eta: 0:06:28  loss: 0.2780 (0.2856)  IoU (F channel): 0.2761 (0.2873)  L1 (Dc channel): 0.0020 (0.0020)  L1 (Dn channel): 0.0016 (0.0018)  IoU (P channel): 0.2417 (0.2554)  lr: 0.000537  iter-time: 0.9521
[13:21:34.922563] Epoch: [10]  [110/491]  eta: 0:06:17  loss: 0.2629 (0.2831)  IoU (F channel): 0.2561 (0.2809)  L1 (Dc channel): 0.0017 (0.0019)  L1 (Dn channel): 0.0015 (0.0018)  IoU (P channel): 0.2391 (0.2508)  lr: 0.000539  iter-time: 0.9484
[13:21:44.336635] Epoch: [10]  [120/491]  eta: 0:06:05  loss: 0.2629 (0.2836)  IoU (F channel): 0.2043 (0.2771)  L1 (Dc channel): 0.0018 (0.0019)  L1 (Dn channel): 0.0016 (0.0018)  IoU (P channel): 0.1914 (0.2485)  lr: 0.000541  iter-time: 0.9450
[13:21:53.733375] Epoch: [10]  [130/491]  eta: 0:05:54  loss: 0.2565 (0.2819)  IoU (F channel): 0.2445 (0.2845)  L1 (Dc channel): 0.0020 (0.0020)  L1 (Dn channel): 0.0017 (0.0018)  IoU (P channel): 0.2285 (0.2511)  lr: 0.000542  iter-time: 0.9404
[13:22:03.024058] Epoch: [10]  [140/491]  eta: 0:05:43  loss: 0.2660 (0.2816)  IoU (F channel): 0.3092 (0.2842)  L1 (Dc channel): 0.0019 (0.0020)  L1 (Dn channel): 0.0017 (0.0018)  IoU (P channel): 0.2778 (0.2517)  lr: 0.000544  iter-time: 0.9342
[13:22:12.195117] Epoch: [10]  [150/491]  eta: 0:05:32  loss: 0.2660 (0.2795)  IoU (F channel): 0.2996 (0.2844)  L1 (Dc channel): 0.0018 (0.0019)  L1 (Dn channel): 0.0016 (0.0018)  IoU (P channel): 0.2694 (0.2528)  lr: 0.000546  iter-time: 0.9230
[13:22:21.436700] Epoch: [10]  [160/491]  eta: 0:05:21  loss: 0.2368 (0.2793)  IoU (F channel): 0.2214 (0.2807)  L1 (Dc channel): 0.0017 (0.0019)  L1 (Dn channel): 0.0013 (0.0018)  IoU (P channel): 0.2485 (0.2494)  lr: 0.000548  iter-time: 0.9205
[13:22:30.702969] Epoch: [10]  [170/491]  eta: 0:05:11  loss: 0.2392 (0.2774)  IoU (F channel): 0.2485 (0.2806)  L1 (Dc channel): 0.0018 (0.0019)  L1 (Dn channel): 0.0012 (0.0017)  IoU (P channel): 0.2603 (0.2496)  lr: 0.000549  iter-time: 0.9253
[13:22:40.128869] Epoch: [10]  [180/491]  eta: 0:05:00  loss: 0.2402 (0.2759)  IoU (F channel): 0.2485 (0.2799)  L1 (Dc channel): 0.0018 (0.0019)  L1 (Dn channel): 0.0013 (0.0017)  IoU (P channel): 0.2603 (0.2507)  lr: 0.000551  iter-time: 0.9345
[13:22:49.404469] Epoch: [10]  [190/491]  eta: 0:04:50  loss: 0.2430 (0.2744)  IoU (F channel): 0.2652 (0.2809)  L1 (Dc channel): 0.0018 (0.0019)  L1 (Dn channel): 0.0013 (0.0017)  IoU (P channel): 0.2884 (0.2529)  lr: 0.000553  iter-time: 0.9350
[13:22:58.836939] Epoch: [10]  [200/491]  eta: 0:04:40  loss: 0.2245 (0.2720)  IoU (F channel): 0.2952 (0.2821)  L1 (Dc channel): 0.0017 (0.0019)  L1 (Dn channel): 0.0014 (0.0017)  IoU (P channel): 0.3000 (0.2540)  lr: 0.000554  iter-time: 0.9353
[13:23:08.056205] Epoch: [10]  [210/491]  eta: 0:04:30  loss: 0.2336 (0.2713)  IoU (F channel): 0.2906 (0.2821)  L1 (Dc channel): 0.0017 (0.0019)  L1 (Dn channel): 0.0018 (0.0017)  IoU (P channel): 0.2577 (0.2551)  lr: 0.000556  iter-time: 0.9324
[13:23:17.336557] Epoch: [10]  [220/491]  eta: 0:04:20  loss: 0.2336 (0.2701)  IoU (F channel): 0.2623 (0.2818)  L1 (Dc channel): 0.0017 (0.0019)  L1 (Dn channel): 0.0018 (0.0017)  IoU (P channel): 0.2501 (0.2555)  lr: 0.000558  iter-time: 0.9249
[13:23:26.575762] Epoch: [10]  [230/491]  eta: 0:04:10  loss: 0.2208 (0.2693)  IoU (F channel): 0.2918 (0.2831)  L1 (Dc channel): 0.0018 (0.0019)  L1 (Dn channel): 0.0016 (0.0017)  IoU (P channel): 0.2586 (0.2567)  lr: 0.000559  iter-time: 0.9259
[13:23:36.020326] Epoch: [10]  [240/491]  eta: 0:04:00  loss: 0.2208 (0.2676)  IoU (F channel): 0.2608 (0.2813)  L1 (Dc channel): 0.0020 (0.0019)  L1 (Dn channel): 0.0017 (0.0017)  IoU (P channel): 0.2420 (0.2561)  lr: 0.000561  iter-time: 0.9341
[13:23:45.216430] Epoch: [10]  [250/491]  eta: 0:03:50  loss: 0.2106 (0.2664)  IoU (F channel): 0.2499 (0.2790)  L1 (Dc channel): 0.0019 (0.0019)  L1 (Dn channel): 0.0017 (0.0017)  IoU (P channel): 0.2366 (0.2546)  lr: 0.000563  iter-time: 0.9319
[13:23:54.502301] Epoch: [10]  [260/491]  eta: 0:03:40  loss: 0.2167 (0.2660)  IoU (F channel): 0.2719 (0.2813)  L1 (Dc channel): 0.0018 (0.0019)  L1 (Dn channel): 0.0017 (0.0017)  IoU (P channel): 0.2771 (0.2570)  lr: 0.000565  iter-time: 0.9240
[13:24:03.753435] Epoch: [10]  [270/491]  eta: 0:03:31  loss: 0.2229 (0.2646)  IoU (F channel): 0.2779 (0.2811)  L1 (Dc channel): 0.0016 (0.0019)  L1 (Dn channel): 0.0016 (0.0017)  IoU (P channel): 0.2843 (0.2573)  lr: 0.000566  iter-time: 0.9267
[13:24:13.115886] Epoch: [10]  [280/491]  eta: 0:03:21  loss: 0.2204 (0.2630)  IoU (F channel): 0.2648 (0.2795)  L1 (Dc channel): 0.0018 (0.0019)  L1 (Dn channel): 0.0016 (0.0017)  IoU (P channel): 0.2773 (0.2571)  lr: 0.000568  iter-time: 0.9305
[13:24:22.382298] Epoch: [10]  [290/491]  eta: 0:03:11  loss: 0.2206 (0.2620)  IoU (F channel): 0.2701 (0.2805)  L1 (Dc channel): 0.0018 (0.0019)  L1 (Dn channel): 0.0016 (0.0017)  IoU (P channel): 0.2798 (0.2581)  lr: 0.000570  iter-time: 0.9314
[13:24:31.598499] Epoch: [10]  [300/491]  eta: 0:03:01  loss: 0.2391 (0.2609)  IoU (F channel): 0.2539 (0.2802)  L1 (Dc channel): 0.0017 (0.0019)  L1 (Dn channel): 0.0018 (0.0017)  IoU (P channel): 0.2655 (0.2582)  lr: 0.000571  iter-time: 0.9240
[13:24:40.959099] Epoch: [10]  [310/491]  eta: 0:02:52  loss: 0.2133 (0.2596)  IoU (F channel): 0.2621 (0.2823)  L1 (Dc channel): 0.0018 (0.0019)  L1 (Dn channel): 0.0015 (0.0017)  IoU (P channel): 0.2557 (0.2595)  lr: 0.000573  iter-time: 0.9287
[13:24:50.210241] Epoch: [10]  [320/491]  eta: 0:02:42  loss: 0.2187 (0.2595)  IoU (F channel): 0.2621 (0.2810)  L1 (Dc channel): 0.0019 (0.0019)  L1 (Dn channel): 0.0015 (0.0017)  IoU (P channel): 0.2603 (0.2590)  lr: 0.000575  iter-time: 0.9305
[13:24:59.447605] Epoch: [10]  [330/491]  eta: 0:02:32  loss: 0.2235 (0.2586)  IoU (F channel): 0.2473 (0.2820)  L1 (Dc channel): 0.0020 (0.0019)  L1 (Dn channel): 0.0018 (0.0017)  IoU (P channel): 0.2603 (0.2595)  lr: 0.000576  iter-time: 0.9243
[13:25:08.645397] Epoch: [10]  [340/491]  eta: 0:02:23  loss: 0.2268 (0.2585)  IoU (F channel): 0.2873 (0.2825)  L1 (Dc channel): 0.0020 (0.0019)  L1 (Dn channel): 0.0020 (0.0017)  IoU (P channel): 0.2671 (0.2596)  lr: 0.000578  iter-time: 0.9216
[13:25:17.879714] Epoch: [10]  [350/491]  eta: 0:02:13  loss: 0.2599 (0.2594)  IoU (F channel): 0.3098 (0.2834)  L1 (Dc channel): 0.0023 (0.0019)  L1 (Dn channel): 0.0021 (0.0017)  IoU (P channel): 0.2454 (0.2597)  lr: 0.000580  iter-time: 0.9215
[13:25:27.108665] Epoch: [10]  [360/491]  eta: 0:02:04  loss: 0.2878 (0.2610)  IoU (F channel): 0.3098 (0.2840)  L1 (Dc channel): 0.0026 (0.0020)  L1 (Dn channel): 0.0022 (0.0018)  IoU (P channel): 0.2414 (0.2595)  lr: 0.000582  iter-time: 0.9230
[13:25:36.522559] Epoch: [10]  [370/491]  eta: 0:01:54  loss: 0.2462 (0.2604)  IoU (F channel): 0.2691 (0.2843)  L1 (Dc channel): 0.0026 (0.0020)  L1 (Dn channel): 0.0023 (0.0018)  IoU (P channel): 0.2686 (0.2595)  lr: 0.000583  iter-time: 0.9320
[13:25:45.817652] Epoch: [10]  [380/491]  eta: 0:01:45  loss: 0.2392 (0.2607)  IoU (F channel): 0.2440 (0.2833)  L1 (Dc channel): 0.0023 (0.0020)  L1 (Dn channel): 0.0022 (0.0018)  IoU (P channel): 0.2465 (0.2591)  lr: 0.000585  iter-time: 0.9353
[13:25:55.013588] Epoch: [10]  [390/491]  eta: 0:01:35  loss: 0.2398 (0.2607)  IoU (F channel): 0.2352 (0.2830)  L1 (Dc channel): 0.0023 (0.0020)  L1 (Dn channel): 0.0020 (0.0018)  IoU (P channel): 0.2301 (0.2588)  lr: 0.000587  iter-time: 0.9245
[13:26:04.197528] Epoch: [10]  [400/491]  eta: 0:01:26  loss: 0.2238 (0.2598)  IoU (F channel): 0.2761 (0.2835)  L1 (Dc channel): 0.0019 (0.0020)  L1 (Dn channel): 0.0018 (0.0018)  IoU (P channel): 0.2365 (0.2594)  lr: 0.000588  iter-time: 0.9189
[13:26:13.474656] Epoch: [10]  [410/491]  eta: 0:01:16  loss: 0.2179 (0.2589)  IoU (F channel): 0.2889 (0.2837)  L1 (Dc channel): 0.0019 (0.0020)  L1 (Dn channel): 0.0019 (0.0018)  IoU (P channel): 0.2811 (0.2595)  lr: 0.000590  iter-time: 0.9229
[13:26:22.815501] Epoch: [10]  [420/491]  eta: 0:01:07  loss: 0.2155 (0.2585)  IoU (F channel): 0.2511 (0.2824)  L1 (Dc channel): 0.0019 (0.0020)  L1 (Dn channel): 0.0018 (0.0018)  IoU (P channel): 0.2281 (0.2590)  lr: 0.000592  iter-time: 0.9308
[13:26:32.081433] Epoch: [10]  [430/491]  eta: 0:00:57  loss: 0.2194 (0.2576)  IoU (F channel): 0.2752 (0.2830)  L1 (Dc channel): 0.0018 (0.0020)  L1 (Dn channel): 0.0017 (0.0018)  IoU (P channel): 0.2826 (0.2598)  lr: 0.000593  iter-time: 0.9302
[13:26:41.383745] Epoch: [10]  [440/491]  eta: 0:00:48  loss: 0.2038 (0.2566)  IoU (F channel): 0.3079 (0.2836)  L1 (Dc channel): 0.0016 (0.0020)  L1 (Dn channel): 0.0018 (0.0018)  IoU (P channel): 0.3097 (0.2605)  lr: 0.000595  iter-time: 0.9283
[13:26:50.628650] Epoch: [10]  [450/491]  eta: 0:00:38  loss: 0.2038 (0.2558)  IoU (F channel): 0.2940 (0.2833)  L1 (Dc channel): 0.0018 (0.0020)  L1 (Dn channel): 0.0018 (0.0018)  IoU (P channel): 0.2736 (0.2602)  lr: 0.000597  iter-time: 0.9272
[13:26:59.950242] Epoch: [10]  [460/491]  eta: 0:00:29  loss: 0.2458 (0.2561)  IoU (F channel): 0.2927 (0.2835)  L1 (Dc channel): 0.0021 (0.0020)  L1 (Dn channel): 0.0020 (0.0018)  IoU (P channel): 0.2736 (0.2602)  lr: 0.000598  iter-time: 0.9282
[13:27:09.261983] Epoch: [10]  [470/491]  eta: 0:00:19  loss: 0.2446 (0.2553)  IoU (F channel): 0.2620 (0.2832)  L1 (Dc channel): 0.0021 (0.0020)  L1 (Dn channel): 0.0018 (0.0018)  IoU (P channel): 0.2758 (0.2599)  lr: 0.000600  iter-time: 0.9316
[13:27:18.605215] Epoch: [10]  [480/491]  eta: 0:00:10  loss: 0.2128 (0.2550)  IoU (F channel): 0.2435 (0.2824)  L1 (Dc channel): 0.0019 (0.0020)  L1 (Dn channel): 0.0014 (0.0018)  IoU (P channel): 0.2376 (0.2591)  lr: 0.000602  iter-time: 0.9326
[13:27:27.249902] Epoch: [10]  [490/491]  eta: 0:00:00  loss: 0.2144 (0.2541)  IoU (F channel): 0.2916 (0.2837)  L1 (Dc channel): 0.0017 (0.0020)  L1 (Dn channel): 0.0013 (0.0018)  IoU (P channel): 0.2771 (0.2598)  lr: 0.000603  iter-time: 0.8993
[13:27:27.250002] Epoch: [10] Total time: 0:07:42 (0.9415 s / it)
[13:27:27.250032] [Train] averaged stats: loss: 0.2144 (0.2541)  IoU (F channel): 0.2916 (0.2837)  L1 (Dc channel): 0.0017 (0.0020)  L1 (Dn channel): 0.0013 (0.0018)  IoU (P channel): 0.2771 (0.2598)  lr: 0.000603
[13:27:35.200457] Epoch: [10]  [ 0/27]  eta: 0:03:34  loss: 0.1509 (0.1509)  IoU (F channel): 0.0000 (0.0000)  L1 (Dc channel): 0.0013 (0.0013)  L1 (Dn channel): 0.0011 (0.0011)  IoU (P channel): 0.0000 (0.0000)  iter-time: 7.9494
[13:27:41.294840] Epoch: [10]  [10/27]  eta: 0:00:21  loss: 0.2431 (0.3014)  IoU (F channel): 0.1461 (0.1357)  L1 (Dc channel): 0.0015 (0.0017)  L1 (Dn channel): 0.0013 (0.0020)  IoU (P channel): 0.1383 (0.1308)  iter-time: 1.2767
[13:27:47.509407] Epoch: [10]  [20/27]  eta: 0:00:06  loss: 0.2186 (0.2762)  IoU (F channel): 0.1550 (0.1658)  L1 (Dc channel): 0.0015 (0.0017)  L1 (Dn channel): 0.0013 (0.0018)  IoU (P channel): 0.1447 (0.1501)  iter-time: 0.6154
[13:27:51.970657] Epoch: [10]  [26/27]  eta: 0:00:00  loss: 0.2168 (0.2722)  IoU (F channel): 0.2023 (0.1678)  L1 (Dc channel): 0.0015 (0.0017)  L1 (Dn channel): 0.0014 (0.0018)  IoU (P channel): 0.2021 (0.1551)  iter-time: 0.7266
[13:27:51.970770] Epoch: [10] Total time: 0:00:24 (0.9156 s / it)
[13:27:51.970793] [Val] averaged stats: loss: 0.2168 (0.2722)  IoU (F channel): 0.2023 (0.1678)  L1 (Dc channel): 0.0015 (0.0017)  L1 (Dn channel): 0.0014 (0.0018)  IoU (P channel): 0.2021 (0.1551)
[13:27:51.971002] Val loss improved from 0.37266385168940935 to 0.2721846776979941, saving model to metrics/biapy/biapy-channel-scale-zarr-seunet/checkpoints/biapy-channel-scale-zarr-seunet_0-checkpoint-best.pth
[13:27:52.099264] [Val] best loss: 0.2722 best  IoU (F channel): 0.1678 L1 (Dc channel): 0.0017 L1 (Dn channel): 0.0018 IoU (P channel): 0.1551 
[13:27:52.114734] Creating training plots . . .
[13:27:58.230454] [Time] 8.2m 1.4h/8.4h

[13:27:58.230497] ~~~ Epoch 11/60 ~~~

[13:28:05.829158] Epoch: [11]  [  0/491]  eta: 1:02:09  loss: 0.2145 (0.2145)  IoU (F channel): 0.1529 (0.1529)  L1 (Dc channel): 0.0018 (0.0018)  L1 (Dn channel): 0.0020 (0.0020)  IoU (P channel): 0.1611 (0.1611)  lr: 0.000604  iter-time: 7.5966
[13:28:15.830897] Epoch: [11]  [ 10/491]  eta: 0:12:49  loss: 0.2232 (0.2237)  IoU (F channel): 0.2586 (0.2682)  L1 (Dc channel): 0.0017 (0.0017)  L1 (Dn channel): 0.0013 (0.0014)  IoU (P channel): 0.2413 (0.2351)  lr: 0.000605  iter-time: 1.5997
[13:28:25.585672] Epoch: [11]  [ 20/491]  eta: 0:10:13  loss: 0.2131 (0.2140)  IoU (F channel): 0.2731 (0.2791)  L1 (Dc channel): 0.0016 (0.0016)  L1 (Dn channel): 0.0012 (0.0013)  IoU (P channel): 0.2532 (0.2515)  lr: 0.000607  iter-time: 0.9877
[13:28:34.949127] Epoch: [11]  [ 30/491]  eta: 0:09:05  loss: 0.1963 (0.2221)  IoU (F channel): 0.2448 (0.2666)  L1 (Dc channel): 0.0016 (0.0016)  L1 (Dn channel): 0.0013 (0.0014)  IoU (P channel): 0.2389 (0.2458)  lr: 0.000609  iter-time: 0.9558
[13:28:44.181983] Epoch: [11]  [ 40/491]  eta: 0:08:25  loss: 0.2151 (0.2205)  IoU (F channel): 0.2448 (0.2765)  L1 (Dc channel): 0.0016 (0.0016)  L1 (Dn channel): 0.0013 (0.0014)  IoU (P channel): 0.2389 (0.2483)  lr: 0.000610  iter-time: 0.9296
[13:28:53.578659] Epoch: [11]  [ 50/491]  eta: 0:07:58  loss: 0.2340 (0.2243)  IoU (F channel): 0.2668 (0.2788)  L1 (Dc channel): 0.0018 (0.0017)  L1 (Dn channel): 0.0016 (0.0015)  IoU (P channel): 0.2439 (0.2510)  lr: 0.000612  iter-time: 0.9313
[13:29:02.863963] Epoch: [11]  [ 60/491]  eta: 0:07:36  loss: 0.2374 (0.2283)  IoU (F channel): 0.2668 (0.2813)  L1 (Dc channel): 0.0023 (0.0018)  L1 (Dn channel): 0.0019 (0.0016)  IoU (P channel): 0.2529 (0.2522)  lr: 0.000614  iter-time: 0.9340
[13:29:12.306177] Epoch: [11]  [ 70/491]  eta: 0:07:19  loss: 0.2115 (0.2289)  IoU (F channel): 0.2383 (0.2803)  L1 (Dc channel): 0.0022 (0.0019)  L1 (Dn channel): 0.0019 (0.0017)  IoU (P channel): 0.2435 (0.2484)  lr: 0.000615  iter-time: 0.9363
[13:29:21.792019] Epoch: [11]  [ 80/491]  eta: 0:07:03  loss: 0.2153 (0.2279)  IoU (F channel): 0.3232 (0.2877)  L1 (Dc channel): 0.0020 (0.0019)  L1 (Dn channel): 0.0021 (0.0017)  IoU (P channel): 0.2435 (0.2566)  lr: 0.000617  iter-time: 0.9463
[13:29:31.176909] Epoch: [11]  [ 90/491]  eta: 0:06:49  loss: 0.2153 (0.2258)  IoU (F channel): 0.3443 (0.2944)  L1 (Dc channel): 0.0019 (0.0019)  L1 (Dn channel): 0.0016 (0.0017)  IoU (P channel): 0.2973 (0.2612)  lr: 0.000619  iter-time: 0.9434
[13:29:40.674161] Epoch: [11]  [100/491]  eta: 0:06:36  loss: 0.1979 (0.2231)  IoU (F channel): 0.2777 (0.2933)  L1 (Dc channel): 0.0018 (0.0019)  L1 (Dn channel): 0.0015 (0.0017)  IoU (P channel): 0.2902 (0.2622)  lr: 0.000620  iter-time: 0.9439
[13:29:49.933911] Epoch: [11]  [110/491]  eta: 0:06:23  loss: 0.2068 (0.2228)  IoU (F channel): 0.2715 (0.2935)  L1 (Dc channel): 0.0017 (0.0019)  L1 (Dn channel): 0.0017 (0.0017)  IoU (P channel): 0.2767 (0.2620)  lr: 0.000622  iter-time: 0.9377
[13:29:59.138149] Epoch: [11]  [120/491]  eta: 0:06:10  loss: 0.1769 (0.2188)  IoU (F channel): 0.3183 (0.2953)  L1 (Dc channel): 0.0017 (0.0019)  L1 (Dn channel): 0.0015 (0.0017)  IoU (P channel): 0.2774 (0.2635)  lr: 0.000624  iter-time: 0.9230
[13:30:08.412175] Epoch: [11]  [130/491]  eta: 0:05:58  loss: 0.1824 (0.2171)  IoU (F channel): 0.2676 (0.2920)  L1 (Dc channel): 0.0018 (0.0019)  L1 (Dn channel): 0.0013 (0.0017)  IoU (P channel): 0.2771 (0.2630)  lr: 0.000625  iter-time: 0.9238
[13:30:17.653620] Epoch: [11]  [140/491]  eta: 0:05:47  loss: 0.1937 (0.2156)  IoU (F channel): 0.3061 (0.2955)  L1 (Dc channel): 0.0018 (0.0018)  L1 (Dn channel): 0.0015 (0.0017)  IoU (P channel): 0.2896 (0.2649)  lr: 0.000627  iter-time: 0.9257
[13:30:27.163835] Epoch: [11]  [150/491]  eta: 0:05:36  loss: 0.1772 (0.2139)  IoU (F channel): 0.3138 (0.2954)  L1 (Dc channel): 0.0018 (0.0019)  L1 (Dn channel): 0.0016 (0.0017)  IoU (P channel): 0.2896 (0.2645)  lr: 0.000629  iter-time: 0.9375
[13:30:36.342189] Epoch: [11]  [160/491]  eta: 0:05:25  loss: 0.1779 (0.2133)  IoU (F channel): 0.2839 (0.2923)  L1 (Dc channel): 0.0020 (0.0019)  L1 (Dn channel): 0.0018 (0.0017)  IoU (P channel): 0.2253 (0.2628)  lr: 0.000630  iter-time: 0.9343
[13:30:45.681726] Epoch: [11]  [170/491]  eta: 0:05:14  loss: 0.1883 (0.2126)  IoU (F channel): 0.2578 (0.2929)  L1 (Dc channel): 0.0019 (0.0019)  L1 (Dn channel): 0.0018 (0.0017)  IoU (P channel): 0.2614 (0.2638)  lr: 0.000632  iter-time: 0.9258
[13:30:55.010215] Epoch: [11]  [180/491]  eta: 0:05:03  loss: 0.1733 (0.2102)  IoU (F channel): 0.2667 (0.2914)  L1 (Dc channel): 0.0016 (0.0019)  L1 (Dn channel): 0.0013 (0.0017)  IoU (P channel): 0.2614 (0.2636)  lr: 0.000634  iter-time: 0.9333
[13:31:04.267727] Epoch: [11]  [190/491]  eta: 0:04:53  loss: 0.1699 (0.2095)  IoU (F channel): 0.2921 (0.2928)  L1 (Dc channel): 0.0016 (0.0019)  L1 (Dn channel): 0.0013 (0.0017)  IoU (P channel): 0.2800 (0.2648)  lr: 0.000635  iter-time: 0.9292
[13:31:13.613701] Epoch: [11]  [200/491]  eta: 0:04:42  loss: 0.1646 (0.2076)  IoU (F channel): 0.3141 (0.2945)  L1 (Dc channel): 0.0017 (0.0018)  L1 (Dn channel): 0.0015 (0.0017)  IoU (P channel): 0.3091 (0.2663)  lr: 0.000637  iter-time: 0.9300
[13:31:22.847276] Epoch: [11]  [210/491]  eta: 0:04:32  loss: 0.1610 (0.2067)  IoU (F channel): 0.3076 (0.2939)  L1 (Dc channel): 0.0016 (0.0018)  L1 (Dn channel): 0.0014 (0.0017)  IoU (P channel): 0.2650 (0.2661)  lr: 0.000639  iter-time: 0.9289
[13:31:32.146964] Epoch: [11]  [220/491]  eta: 0:04:22  loss: 0.1654 (0.2051)  IoU (F channel): 0.2741 (0.2941)  L1 (Dc channel): 0.0016 (0.0018)  L1 (Dn channel): 0.0015 (0.0017)  IoU (P channel): 0.2558 (0.2657)  lr: 0.000640  iter-time: 0.9265
[13:31:41.418664] Epoch: [11]  [230/491]  eta: 0:04:12  loss: 0.1654 (0.2041)  IoU (F channel): 0.2724 (0.2934)  L1 (Dc channel): 0.0015 (0.0018)  L1 (Dn channel): 0.0017 (0.0017)  IoU (P channel): 0.2842 (0.2656)  lr: 0.000642  iter-time: 0.9285
[13:31:50.691095] Epoch: [11]  [240/491]  eta: 0:04:02  loss: 0.1900 (0.2041)  IoU (F channel): 0.2665 (0.2944)  L1 (Dc channel): 0.0016 (0.0018)  L1 (Dn channel): 0.0020 (0.0017)  IoU (P channel): 0.2913 (0.2672)  lr: 0.000644  iter-time: 0.9271
[13:31:59.905858] Epoch: [11]  [250/491]  eta: 0:03:52  loss: 0.1909 (0.2041)  IoU (F channel): 0.2665 (0.2931)  L1 (Dc channel): 0.0019 (0.0018)  L1 (Dn channel): 0.0018 (0.0017)  IoU (P channel): 0.2609 (0.2663)  lr: 0.000645  iter-time: 0.9243
[13:32:09.237233] Epoch: [11]  [260/491]  eta: 0:03:42  loss: 0.1822 (0.2033)  IoU (F channel): 0.2578 (0.2934)  L1 (Dc channel): 0.0015 (0.0018)  L1 (Dn channel): 0.0013 (0.0017)  IoU (P channel): 0.2594 (0.2665)  lr: 0.000647  iter-time: 0.9272
[13:32:18.521264] Epoch: [11]  [270/491]  eta: 0:03:32  loss: 0.1854 (0.2029)  IoU (F channel): 0.3010 (0.2941)  L1 (Dc channel): 0.0014 (0.0018)  L1 (Dn channel): 0.0011 (0.0017)  IoU (P channel): 0.2875 (0.2673)  lr: 0.000649  iter-time: 0.9307
[13:32:27.930715] Epoch: [11]  [280/491]  eta: 0:03:22  loss: 0.2125 (0.2054)  IoU (F channel): 0.2555 (0.2923)  L1 (Dc channel): 0.0015 (0.0018)  L1 (Dn channel): 0.0014 (0.0017)  IoU (P channel): 0.2222 (0.2647)  lr: 0.000650  iter-time: 0.9345
[13:32:37.165644] Epoch: [11]  [290/491]  eta: 0:03:12  loss: 0.2140 (0.2058)  IoU (F channel): 0.2019 (0.2908)  L1 (Dc channel): 0.0019 (0.0018)  L1 (Dn channel): 0.0014 (0.0017)  IoU (P channel): 0.1691 (0.2629)  lr: 0.000652  iter-time: 0.9321
[13:32:46.575801] Epoch: [11]  [300/491]  eta: 0:03:02  loss: 0.2152 (0.2062)  IoU (F channel): 0.2684 (0.2897)  L1 (Dc channel): 0.0021 (0.0018)  L1 (Dn channel): 0.0014 (0.0017)  IoU (P channel): 0.2197 (0.2620)  lr: 0.000653  iter-time: 0.9322
[13:32:55.955328] Epoch: [11]  [310/491]  eta: 0:02:53  loss: 0.2152 (0.2082)  IoU (F channel): 0.2700 (0.2902)  L1 (Dc channel): 0.0021 (0.0019)  L1 (Dn channel): 0.0015 (0.0017)  IoU (P channel): 0.2428 (0.2619)  lr: 0.000655  iter-time: 0.9394
[13:33:05.377428] Epoch: [11]  [320/491]  eta: 0:02:43  loss: 0.2080 (0.2095)  IoU (F channel): 0.2698 (0.2877)  L1 (Dc channel): 0.0033 (0.0019)  L1 (Dn channel): 0.0030 (0.0018)  IoU (P channel): 0.2294 (0.2590)  lr: 0.000657  iter-time: 0.9399
[13:33:14.729718] Epoch: [11]  [330/491]  eta: 0:02:33  loss: 0.2090 (0.2118)  IoU (F channel): 0.1896 (0.2853)  L1 (Dc channel): 0.0035 (0.0020)  L1 (Dn channel): 0.0031 (0.0018)  IoU (P channel): 0.1837 (0.2573)  lr: 0.000658  iter-time: 0.9386
[13:33:24.051781] Epoch: [11]  [340/491]  eta: 0:02:24  loss: 0.2233 (0.2127)  IoU (F channel): 0.2397 (0.2844)  L1 (Dc channel): 0.0031 (0.0020)  L1 (Dn channel): 0.0023 (0.0018)  IoU (P channel): 0.2166 (0.2568)  lr: 0.000660  iter-time: 0.9336
[13:33:33.347168] Epoch: [11]  [350/491]  eta: 0:02:14  loss: 0.2275 (0.2142)  IoU (F channel): 0.2607 (0.2842)  L1 (Dc channel): 0.0029 (0.0020)  L1 (Dn channel): 0.0023 (0.0018)  IoU (P channel): 0.2578 (0.2563)  lr: 0.000662  iter-time: 0.9308
[13:33:42.740118] Epoch: [11]  [360/491]  eta: 0:02:04  loss: 0.2275 (0.2164)  IoU (F channel): 0.2607 (0.2825)  L1 (Dc channel): 0.0028 (0.0021)  L1 (Dn channel): 0.0024 (0.0019)  IoU (P channel): 0.2547 (0.2549)  lr: 0.000663  iter-time: 0.9343
[13:33:52.046870] Epoch: [11]  [370/491]  eta: 0:01:55  loss: 0.2491 (0.2192)  IoU (F channel): 0.1902 (0.2819)  L1 (Dc channel): 0.0033 (0.0021)  L1 (Dn channel): 0.0025 (0.0019)  IoU (P channel): 0.1549 (0.2533)  lr: 0.000665  iter-time: 0.9349
[13:34:01.304113] Epoch: [11]  [380/491]  eta: 0:01:45  loss: 0.3176 (0.2220)  IoU (F channel): 0.1865 (0.2802)  L1 (Dc channel): 0.0036 (0.0022)  L1 (Dn channel): 0.0026 (0.0019)  IoU (P channel): 0.1549 (0.2518)  lr: 0.000667  iter-time: 0.9281
[13:34:10.570979] Epoch: [11]  [390/491]  eta: 0:01:36  loss: 0.3325 (0.2261)  IoU (F channel): 0.1811 (0.2786)  L1 (Dc channel): 0.0034 (0.0022)  L1 (Dn channel): 0.0026 (0.0019)  IoU (P channel): 0.1561 (0.2502)  lr: 0.000668  iter-time: 0.9261
[13:34:19.970316] Epoch: [11]  [400/491]  eta: 0:01:26  loss: 0.2606 (0.2255)  IoU (F channel): 0.2174 (0.2775)  L1 (Dc channel): 0.0030 (0.0022)  L1 (Dn channel): 0.0022 (0.0019)  IoU (P channel): 0.1690 (0.2490)  lr: 0.000670  iter-time: 0.9332
[13:34:29.272096] Epoch: [11]  [410/491]  eta: 0:01:17  loss: 0.1895 (0.2254)  IoU (F channel): 0.2174 (0.2760)  L1 (Dc channel): 0.0026 (0.0022)  L1 (Dn channel): 0.0020 (0.0019)  IoU (P channel): 0.1991 (0.2478)  lr: 0.000671  iter-time: 0.9349
[13:34:38.499178] Epoch: [11]  [420/491]  eta: 0:01:07  loss: 0.1870 (0.2250)  IoU (F channel): 0.2392 (0.2771)  L1 (Dc channel): 0.0026 (0.0022)  L1 (Dn channel): 0.0023 (0.0019)  IoU (P channel): 0.2290 (0.2486)  lr: 0.000673  iter-time: 0.9263
[13:34:47.704408] Epoch: [11]  [430/491]  eta: 0:00:57  loss: 0.1805 (0.2250)  IoU (F channel): 0.2714 (0.2775)  L1 (Dc channel): 0.0026 (0.0022)  L1 (Dn channel): 0.0023 (0.0020)  IoU (P channel): 0.2669 (0.2486)  lr: 0.000675  iter-time: 0.9215
[13:34:57.186326] Epoch: [11]  [440/491]  eta: 0:00:48  loss: 0.1931 (0.2244)  IoU (F channel): 0.2545 (0.2774)  L1 (Dc channel): 0.0022 (0.0022)  L1 (Dn channel): 0.0018 (0.0019)  IoU (P channel): 0.2462 (0.2490)  lr: 0.000676  iter-time: 0.9343
[13:35:06.557959] Epoch: [11]  [450/491]  eta: 0:00:38  loss: 0.1931 (0.2236)  IoU (F channel): 0.2505 (0.2777)  L1 (Dc channel): 0.0021 (0.0022)  L1 (Dn channel): 0.0015 (0.0019)  IoU (P channel): 0.2524 (0.2494)  lr: 0.000678  iter-time: 0.9426
[13:35:15.815020] Epoch: [11]  [460/491]  eta: 0:00:29  loss: 0.1668 (0.2231)  IoU (F channel): 0.2742 (0.2781)  L1 (Dc channel): 0.0021 (0.0022)  L1 (Dn channel): 0.0016 (0.0019)  IoU (P channel): 0.2524 (0.2495)  lr: 0.000679  iter-time: 0.9313
[13:35:25.065199] Epoch: [11]  [470/491]  eta: 0:00:19  loss: 0.1802 (0.2225)  IoU (F channel): 0.3204 (0.2791)  L1 (Dc channel): 0.0020 (0.0022)  L1 (Dn channel): 0.0018 (0.0019)  IoU (P channel): 0.2753 (0.2503)  lr: 0.000681  iter-time: 0.9252
[13:35:34.265837] Epoch: [11]  [480/491]  eta: 0:00:10  loss: 0.1786 (0.2212)  IoU (F channel): 0.3220 (0.2795)  L1 (Dc channel): 0.0019 (0.0022)  L1 (Dn channel): 0.0015 (0.0019)  IoU (P channel): 0.2696 (0.2505)  lr: 0.000683  iter-time: 0.9224
[13:35:42.919754] Epoch: [11]  [490/491]  eta: 0:00:00  loss: 0.1546 (0.2206)  IoU (F channel): 0.3172 (0.2799)  L1 (Dc channel): 0.0017 (0.0022)  L1 (Dn channel): 0.0013 (0.0019)  IoU (P channel): 0.2598 (0.2507)  lr: 0.000684  iter-time: 0.8927
[13:35:42.919856] Epoch: [11] Total time: 0:07:44 (0.9464 s / it)
[13:35:42.919896] [Train] averaged stats: loss: 0.1546 (0.2206)  IoU (F channel): 0.3172 (0.2799)  L1 (Dc channel): 0.0017 (0.0022)  L1 (Dn channel): 0.0013 (0.0019)  IoU (P channel): 0.2598 (0.2507)  lr: 0.000684
[13:35:49.331577] Epoch: [11]  [ 0/27]  eta: 0:02:53  loss: 0.0986 (0.0986)  IoU (F channel): 0.0000 (0.0000)  L1 (Dc channel): 0.0014 (0.0014)  L1 (Dn channel): 0.0007 (0.0007)  IoU (P channel): 0.0000 (0.0000)  iter-time: 6.4105
[13:35:56.600135] Epoch: [11]  [10/27]  eta: 0:00:21  loss: 0.1958 (0.2634)  IoU (F channel): 0.2325 (0.1725)  L1 (Dc channel): 0.0015 (0.0017)  L1 (Dn channel): 0.0009 (0.0016)  IoU (P channel): 0.2029 (0.1613)  iter-time: 1.2435
[13:36:02.796547] Epoch: [11]  [20/27]  eta: 0:00:06  loss: 0.1893 (0.2433)  IoU (F channel): 0.2325 (0.1929)  L1 (Dc channel): 0.0016 (0.0017)  L1 (Dn channel): 0.0009 (0.0015)  IoU (P channel): 0.2029 (0.1735)  iter-time: 0.6732
[13:36:04.311630] Epoch: [11]  [26/27]  eta: 0:00:00  loss: 0.1893 (0.2427)  IoU (F channel): 0.1961 (0.1843)  L1 (Dc channel): 0.0017 (0.0017)  L1 (Dn channel): 0.0011 (0.0014)  IoU (P channel): 0.1845 (0.1671)  iter-time: 0.5850
[13:36:04.311710] Epoch: [11] Total time: 0:00:21 (0.7923 s / it)
[13:36:04.311727] [Val] averaged stats: loss: 0.1893 (0.2427)  IoU (F channel): 0.1961 (0.1843)  L1 (Dc channel): 0.0017 (0.0017)  L1 (Dn channel): 0.0011 (0.0014)  IoU (P channel): 0.1845 (0.1671)
[13:36:04.311920] Val loss improved from 0.2721846776979941 to 0.2426687981243487, saving model to metrics/biapy/biapy-channel-scale-zarr-seunet/checkpoints/biapy-channel-scale-zarr-seunet_0-checkpoint-best.pth
[13:36:04.439129] [Val] best loss: 0.2427 best  IoU (F channel): 0.1843 L1 (Dc channel): 0.0017 L1 (Dn channel): 0.0014 IoU (P channel): 0.1671 
[13:36:04.446722] [Time] 8.1m 1.5h/8.3h

[13:36:04.446753] ~~~ Epoch 12/60 ~~~

[13:36:11.433914] Epoch: [12]  [  0/491]  eta: 0:57:10  loss: 0.1462 (0.1462)  IoU (F channel): 0.1858 (0.1858)  L1 (Dc channel): 0.0017 (0.0017)  L1 (Dn channel): 0.0011 (0.0011)  IoU (P channel): 0.1727 (0.1727)  lr: 0.000684  iter-time: 6.9859
[13:36:20.819845] Epoch: [12]  [ 10/491]  eta: 0:11:55  loss: 0.1630 (0.1780)  IoU (F channel): 0.1945 (0.2314)  L1 (Dc channel): 0.0017 (0.0017)  L1 (Dn channel): 0.0012 (0.0014)  IoU (P channel): 0.2174 (0.2140)  lr: 0.000686  iter-time: 1.4882
[13:36:30.160433] Epoch: [12]  [ 20/491]  eta: 0:09:36  loss: 0.1677 (0.1803)  IoU (F channel): 0.2930 (0.2654)  L1 (Dc channel): 0.0017 (0.0018)  L1 (Dn channel): 0.0014 (0.0014)  IoU (P channel): 0.2539 (0.2420)  lr: 0.000688  iter-time: 0.9362
[13:36:39.512709] Epoch: [12]  [ 30/491]  eta: 0:08:41  loss: 0.1507 (0.1713)  IoU (F channel): 0.3105 (0.2849)  L1 (Dc channel): 0.0016 (0.0017)  L1 (Dn channel): 0.0012 (0.0014)  IoU (P channel): 0.2724 (0.2554)  lr: 0.000689  iter-time: 0.9345
[13:36:48.758509] Epoch: [12]  [ 40/491]  eta: 0:08:07  loss: 0.1484 (0.1733)  IoU (F channel): 0.3105 (0.2918)  L1 (Dc channel): 0.0015 (0.0017)  L1 (Dn channel): 0.0012 (0.0013)  IoU (P channel): 0.2724 (0.2545)  lr: 0.000691  iter-time: 0.9298
[13:36:58.026342] Epoch: [12]  [ 50/491]  eta: 0:07:43  loss: 0.1714 (0.1812)  IoU (F channel): 0.2532 (0.2900)  L1 (Dc channel): 0.0016 (0.0017)  L1 (Dn channel): 0.0014 (0.0014)  IoU (P channel): 0.2571 (0.2561)  lr: 0.000692  iter-time: 0.9256
[13:37:07.342851] Epoch: [12]  [ 60/491]  eta: 0:07:24  loss: 0.1770 (0.1774)  IoU (F channel): 0.2537 (0.2913)  L1 (Dc channel): 0.0016 (0.0017)  L1 (Dn channel): 0.0015 (0.0014)  IoU (P channel): 0.2360 (0.2570)  lr: 0.000694  iter-time: 0.9291
[13:37:16.740757] Epoch: [12]  [ 70/491]  eta: 0:07:08  loss: 0.1548 (0.1788)  IoU (F channel): 0.2781 (0.2853)  L1 (Dc channel): 0.0017 (0.0017)  L1 (Dn channel): 0.0014 (0.0014)  IoU (P channel): 0.2408 (0.2509)  lr: 0.000696  iter-time: 0.9356
[13:37:25.992994] Epoch: [12]  [ 80/491]  eta: 0:06:53  loss: 0.1505 (0.1781)  IoU (F channel): 0.2781 (0.2857)  L1 (Dc channel): 0.0017 (0.0017)  L1 (Dn channel): 0.0013 (0.0014)  IoU (P channel): 0.2527 (0.2522)  lr: 0.000697  iter-time: 0.9324
[13:37:35.207334] Epoch: [12]  [ 90/491]  eta: 0:06:39  loss: 0.1808 (0.1818)  IoU (F channel): 0.2836 (0.2855)  L1 (Dc channel): 0.0017 (0.0017)  L1 (Dn channel): 0.0017 (0.0015)  IoU (P channel): 0.2594 (0.2535)  lr: 0.000699  iter-time: 0.9232
[13:37:44.493553] Epoch: [12]  [100/491]  eta: 0:06:27  loss: 0.1965 (0.1845)  IoU (F channel): 0.2470 (0.2836)  L1 (Dc channel): 0.0018 (0.0018)  L1 (Dn channel): 0.0019 (0.0015)  IoU (P channel): 0.2410 (0.2540)  lr: 0.000700  iter-time: 0.9249
[13:37:53.878694] Epoch: [12]  [110/491]  eta: 0:06:15  loss: 0.1866 (0.1850)  IoU (F channel): 0.2540 (0.2857)  L1 (Dc channel): 0.0019 (0.0018)  L1 (Dn channel): 0.0020 (0.0016)  IoU (P channel): 0.2654 (0.2572)  lr: 0.000702  iter-time: 0.9334
[13:38:03.026495] Epoch: [12]  [120/491]  eta: 0:06:03  loss: 0.1610 (0.1849)  IoU (F channel): 0.3133 (0.2871)  L1 (Dc channel): 0.0018 (0.0018)  L1 (Dn channel): 0.0019 (0.0016)  IoU (P channel): 0.2664 (0.2590)  lr: 0.000704  iter-time: 0.9265
[13:38:12.327422] Epoch: [12]  [130/491]  eta: 0:05:52  loss: 0.1610 (0.1849)  IoU (F channel): 0.2428 (0.2826)  L1 (Dc channel): 0.0018 (0.0018)  L1 (Dn channel): 0.0018 (0.0016)  IoU (P channel): 0.2415 (0.2560)  lr: 0.000705  iter-time: 0.9223
[13:38:21.594848] Epoch: [12]  [140/491]  eta: 0:05:41  loss: 0.1738 (0.1853)  IoU (F channel): 0.2117 (0.2825)  L1 (Dc channel): 0.0019 (0.0018)  L1 (Dn channel): 0.0017 (0.0016)  IoU (P channel): 0.2181 (0.2551)  lr: 0.000707  iter-time: 0.9282
[13:38:30.922854] Epoch: [12]  [150/491]  eta: 0:05:30  loss: 0.1783 (0.1870)  IoU (F channel): 0.2967 (0.2835)  L1 (Dc channel): 0.0019 (0.0018)  L1 (Dn channel): 0.0017 (0.0017)  IoU (P channel): 0.2559 (0.2559)  lr: 0.000708  iter-time: 0.9297
[13:38:40.235552] Epoch: [12]  [160/491]  eta: 0:05:20  loss: 0.1672 (0.1855)  IoU (F channel): 0.3005 (0.2845)  L1 (Dc channel): 0.0019 (0.0018)  L1 (Dn channel): 0.0016 (0.0017)  IoU (P channel): 0.2902 (0.2574)  lr: 0.000710  iter-time: 0.9319
[13:38:49.485706] Epoch: [12]  [170/491]  eta: 0:05:09  loss: 0.1634 (0.1868)  IoU (F channel): 0.2616 (0.2833)  L1 (Dc channel): 0.0019 (0.0018)  L1 (Dn channel): 0.0015 (0.0017)  IoU (P channel): 0.2506 (0.2560)  lr: 0.000711  iter-time: 0.9280
[13:38:58.791842] Epoch: [12]  [180/491]  eta: 0:04:59  loss: 0.2178 (0.1910)  IoU (F channel): 0.2746 (0.2847)  L1 (Dc channel): 0.0019 (0.0018)  L1 (Dn channel): 0.0018 (0.0017)  IoU (P channel): 0.2423 (0.2564)  lr: 0.000713  iter-time: 0.9277
[13:39:08.128808] Epoch: [12]  [190/491]  eta: 0:04:49  loss: 0.2092 (0.1901)  IoU (F channel): 0.3539 (0.2901)  L1 (Dc channel): 0.0018 (0.0018)  L1 (Dn channel): 0.0016 (0.0017)  IoU (P channel): 0.2941 (0.2585)  lr: 0.000714  iter-time: 0.9321
[13:39:17.520413] Epoch: [12]  [200/491]  eta: 0:04:39  loss: 0.1515 (0.1896)  IoU (F channel): 0.2752 (0.2850)  L1 (Dc channel): 0.0018 (0.0018)  L1 (Dn channel): 0.0015 (0.0017)  IoU (P channel): 0.2355 (0.2548)  lr: 0.000716  iter-time: 0.9363
[13:39:26.864995] Epoch: [12]  [210/491]  eta: 0:04:29  loss: 0.1615 (0.1887)  IoU (F channel): 0.2603 (0.2876)  L1 (Dc channel): 0.0018 (0.0018)  L1 (Dn channel): 0.0013 (0.0017)  IoU (P channel): 0.2039 (0.2550)  lr: 0.000718  iter-time: 0.9367
[13:39:36.055145] Epoch: [12]  [220/491]  eta: 0:04:19  loss: 0.1699 (0.1881)  IoU (F channel): 0.3274 (0.2894)  L1 (Dc channel): 0.0016 (0.0018)  L1 (Dn channel): 0.0013 (0.0017)  IoU (P channel): 0.2767 (0.2558)  lr: 0.000719  iter-time: 0.9266
[13:39:45.672300] Epoch: [12]  [230/491]  eta: 0:04:09  loss: 0.1389 (0.1854)  IoU (F channel): 0.3054 (0.2887)  L1 (Dc channel): 0.0015 (0.0018)  L1 (Dn channel): 0.0012 (0.0016)  IoU (P channel): 0.2766 (0.2559)  lr: 0.000721  iter-time: 0.9402
[13:39:54.853993] Epoch: [12]  [240/491]  eta: 0:03:59  loss: 0.1257 (0.1833)  IoU (F channel): 0.3082 (0.2910)  L1 (Dc channel): 0.0013 (0.0018)  L1 (Dn channel): 0.0011 (0.0016)  IoU (P channel): 0.2679 (0.2577)  lr: 0.000722  iter-time: 0.9398
[13:40:04.075367] Epoch: [12]  [250/491]  eta: 0:03:50  loss: 0.1324 (0.1817)  IoU (F channel): 0.3189 (0.2897)  L1 (Dc channel): 0.0015 (0.0018)  L1 (Dn channel): 0.0013 (0.0016)  IoU (P channel): 0.2649 (0.2573)  lr: 0.000724  iter-time: 0.9201
[13:40:13.400523] Epoch: [12]  [260/491]  eta: 0:03:40  loss: 0.1290 (0.1804)  IoU (F channel): 0.2987 (0.2920)  L1 (Dc channel): 0.0015 (0.0018)  L1 (Dn channel): 0.0016 (0.0016)  IoU (P channel): 0.2983 (0.2600)  lr: 0.000725  iter-time: 0.9272
[13:40:22.653786] Epoch: [12]  [270/491]  eta: 0:03:30  loss: 0.1363 (0.1795)  IoU (F channel): 0.3021 (0.2929)  L1 (Dc channel): 0.0017 (0.0018)  L1 (Dn channel): 0.0019 (0.0016)  IoU (P channel): 0.3110 (0.2614)  lr: 0.000727  iter-time: 0.9288
[13:40:32.049832] Epoch: [12]  [280/491]  eta: 0:03:20  loss: 0.1416 (0.1788)  IoU (F channel): 0.3022 (0.2944)  L1 (Dc channel): 0.0018 (0.0018)  L1 (Dn channel): 0.0019 (0.0016)  IoU (P channel): 0.3057 (0.2633)  lr: 0.000728  iter-time: 0.9323
[13:40:41.275798] Epoch: [12]  [290/491]  eta: 0:03:11  loss: 0.1581 (0.1782)  IoU (F channel): 0.2996 (0.2947)  L1 (Dc channel): 0.0018 (0.0018)  L1 (Dn channel): 0.0019 (0.0017)  IoU (P channel): 0.3018 (0.2640)  lr: 0.000730  iter-time: 0.9310
[13:40:50.528625] Epoch: [12]  [300/491]  eta: 0:03:01  loss: 0.1595 (0.1778)  IoU (F channel): 0.2633 (0.2937)  L1 (Dc channel): 0.0018 (0.0018)  L1 (Dn channel): 0.0018 (0.0017)  IoU (P channel): 0.2909 (0.2644)  lr: 0.000731  iter-time: 0.9238
[13:41:00.004077] Epoch: [12]  [310/491]  eta: 0:02:51  loss: 0.1520 (0.1778)  IoU (F channel): 0.2571 (0.2938)  L1 (Dc channel): 0.0019 (0.0018)  L1 (Dn channel): 0.0019 (0.0017)  IoU (P channel): 0.2893 (0.2648)  lr: 0.000733  iter-time: 0.9363
[13:41:09.274279] Epoch: [12]  [320/491]  eta: 0:02:42  loss: 0.1296 (0.1769)  IoU (F channel): 0.2728 (0.2937)  L1 (Dc channel): 0.0018 (0.0018)  L1 (Dn channel): 0.0017 (0.0017)  IoU (P channel): 0.2523 (0.2643)  lr: 0.000735  iter-time: 0.9372
[13:41:18.506858] Epoch: [12]  [330/491]  eta: 0:02:32  loss: 0.1473 (0.1770)  IoU (F channel): 0.2794 (0.2948)  L1 (Dc channel): 0.0018 (0.0018)  L1 (Dn channel): 0.0017 (0.0017)  IoU (P channel): 0.2535 (0.2656)  lr: 0.000736  iter-time: 0.9250
[13:41:27.717439] Epoch: [12]  [340/491]  eta: 0:02:23  loss: 0.1473 (0.1761)  IoU (F channel): 0.2449 (0.2931)  L1 (Dc channel): 0.0016 (0.0018)  L1 (Dn channel): 0.0018 (0.0017)  IoU (P channel): 0.2426 (0.2644)  lr: 0.000738  iter-time: 0.9220
[13:41:36.964501] Epoch: [12]  [350/491]  eta: 0:02:13  loss: 0.1421 (0.1760)  IoU (F channel): 0.2250 (0.2927)  L1 (Dc channel): 0.0018 (0.0018)  L1 (Dn channel): 0.0016 (0.0017)  IoU (P channel): 0.1947 (0.2641)  lr: 0.000739  iter-time: 0.9228
[13:41:46.322376] Epoch: [12]  [360/491]  eta: 0:02:04  loss: 0.1721 (0.1781)  IoU (F channel): 0.3190 (0.2920)  L1 (Dc channel): 0.0020 (0.0018)  L1 (Dn channel): 0.0019 (0.0017)  IoU (P channel): 0.2842 (0.2633)  lr: 0.000741  iter-time: 0.9302
[13:41:55.598264] Epoch: [12]  [370/491]  eta: 0:01:54  loss: 0.1728 (0.1780)  IoU (F channel): 0.3121 (0.2926)  L1 (Dc channel): 0.0022 (0.0019)  L1 (Dn channel): 0.0021 (0.0017)  IoU (P channel): 0.2393 (0.2625)  lr: 0.000742  iter-time: 0.9316
[13:42:04.840535] Epoch: [12]  [380/491]  eta: 0:01:44  loss: 0.1807 (0.1799)  IoU (F channel): 0.2477 (0.2907)  L1 (Dc channel): 0.0023 (0.0019)  L1 (Dn channel): 0.0022 (0.0017)  IoU (P channel): 0.1811 (0.2600)  lr: 0.000744  iter-time: 0.9258
[13:42:14.179259] Epoch: [12]  [390/491]  eta: 0:01:35  loss: 0.2753 (0.1850)  IoU (F channel): 0.1888 (0.2888)  L1 (Dc channel): 0.0024 (0.0019)  L1 (Dn channel): 0.0022 (0.0017)  IoU (P channel): 0.1649 (0.2576)  lr: 0.000745  iter-time: 0.9289
[13:42:23.424246] Epoch: [12]  [400/491]  eta: 0:01:25  loss: 0.2554 (0.1866)  IoU (F channel): 0.1944 (0.2875)  L1 (Dc channel): 0.0031 (0.0019)  L1 (Dn channel): 0.0026 (0.0018)  IoU (P channel): 0.1649 (0.2561)  lr: 0.000747  iter-time: 0.9291
[13:42:32.636202] Epoch: [12]  [410/491]  eta: 0:01:16  loss: 0.2165 (0.1867)  IoU (F channel): 0.2388 (0.2872)  L1 (Dc channel): 0.0027 (0.0019)  L1 (Dn channel): 0.0023 (0.0018)  IoU (P channel): 0.1990 (0.2555)  lr: 0.000748  iter-time: 0.9227
[13:42:42.120927] Epoch: [12]  [420/491]  eta: 0:01:07  loss: 0.1638 (0.1868)  IoU (F channel): 0.2566 (0.2875)  L1 (Dc channel): 0.0023 (0.0020)  L1 (Dn channel): 0.0021 (0.0018)  IoU (P channel): 0.2464 (0.2558)  lr: 0.000750  iter-time: 0.9347
[13:42:51.412449] Epoch: [12]  [430/491]  eta: 0:00:57  loss: 0.1638 (0.1863)  IoU (F channel): 0.2884 (0.2878)  L1 (Dc channel): 0.0020 (0.0020)  L1 (Dn channel): 0.0019 (0.0018)  IoU (P channel): 0.2597 (0.2562)  lr: 0.000751  iter-time: 0.9386
[13:43:00.719953] Epoch: [12]  [440/491]  eta: 0:00:48  loss: 0.1742 (0.1867)  IoU (F channel): 0.2647 (0.2870)  L1 (Dc channel): 0.0020 (0.0020)  L1 (Dn channel): 0.0018 (0.0018)  IoU (P channel): 0.2581 (0.2552)  lr: 0.000753  iter-time: 0.9299
[13:43:09.944961] Epoch: [12]  [450/491]  eta: 0:00:38  loss: 0.1795 (0.1867)  IoU (F channel): 0.2496 (0.2866)  L1 (Dc channel): 0.0020 (0.0020)  L1 (Dn channel): 0.0021 (0.0018)  IoU (P channel): 0.2427 (0.2550)  lr: 0.000754  iter-time: 0.9265
[13:43:19.196019] Epoch: [12]  [460/491]  eta: 0:00:29  loss: 0.1943 (0.1869)  IoU (F channel): 0.2991 (0.2872)  L1 (Dc channel): 0.0019 (0.0020)  L1 (Dn channel): 0.0019 (0.0018)  IoU (P channel): 0.2730 (0.2556)  lr: 0.000756  iter-time: 0.9237
[13:43:28.427531] Epoch: [12]  [470/491]  eta: 0:00:19  loss: 0.1665 (0.1862)  IoU (F channel): 0.3137 (0.2872)  L1 (Dc channel): 0.0018 (0.0020)  L1 (Dn channel): 0.0017 (0.0018)  IoU (P channel): 0.2514 (0.2552)  lr: 0.000757  iter-time: 0.9240
[13:43:37.617673] Epoch: [12]  [480/491]  eta: 0:00:10  loss: 0.1464 (0.1858)  IoU (F channel): 0.3452 (0.2882)  L1 (Dc channel): 0.0019 (0.0020)  L1 (Dn channel): 0.0019 (0.0018)  IoU (P channel): 0.2954 (0.2562)  lr: 0.000759  iter-time: 0.9210
[13:43:46.267304] Epoch: [12]  [490/491]  eta: 0:00:00  loss: 0.1511 (0.1853)  IoU (F channel): 0.2604 (0.2877)  L1 (Dc channel): 0.0020 (0.0020)  L1 (Dn channel): 0.0019 (0.0018)  IoU (P channel): 0.2726 (0.2560)  lr: 0.000760  iter-time: 0.8919
[13:43:46.267441] Epoch: [12] Total time: 0:07:41 (0.9406 s / it)
[13:43:46.267475] [Train] averaged stats: loss: 0.1511 (0.1853)  IoU (F channel): 0.2604 (0.2877)  L1 (Dc channel): 0.0020 (0.0020)  L1 (Dn channel): 0.0019 (0.0018)  IoU (P channel): 0.2726 (0.2560)  lr: 0.000760
[13:43:53.568563] Epoch: [12]  [ 0/27]  eta: 0:03:17  loss: 0.0873 (0.0873)  IoU (F channel): 0.0000 (0.0000)  L1 (Dc channel): 0.0020 (0.0020)  L1 (Dn channel): 0.0016 (0.0016)  IoU (P channel): 0.0000 (0.0000)  iter-time: 7.2996
[13:44:01.403580] Epoch: [12]  [10/27]  eta: 0:00:23  loss: 0.1804 (0.2577)  IoU (F channel): 0.2763 (0.2015)  L1 (Dc channel): 0.0020 (0.0022)  L1 (Dn channel): 0.0016 (0.0023)  IoU (P channel): 0.1999 (0.1713)  iter-time: 1.3758
[13:44:06.442721] Epoch: [12]  [20/27]  eta: 0:00:06  loss: 0.1765 (0.2336)  IoU (F channel): 0.2941 (0.2313)  L1 (Dc channel): 0.0021 (0.0023)  L1 (Dn channel): 0.0017 (0.0022)  IoU (P channel): 0.2176 (0.1917)  iter-time: 0.6437
[13:44:09.513038] Epoch: [12]  [26/27]  eta: 0:00:00  loss: 0.1765 (0.2359)  IoU (F channel): 0.3019 (0.2272)  L1 (Dc channel): 0.0022 (0.0022)  L1 (Dn channel): 0.0019 (0.0022)  IoU (P channel): 0.2176 (0.1896)  iter-time: 0.6458
[13:44:09.513174] Epoch: [12] Total time: 0:00:23 (0.8609 s / it)
[13:44:09.513194] [Val] averaged stats: loss: 0.1765 (0.2359)  IoU (F channel): 0.3019 (0.2272)  L1 (Dc channel): 0.0022 (0.0022)  L1 (Dn channel): 0.0019 (0.0022)  IoU (P channel): 0.2176 (0.1896)
[13:44:09.513399] Val loss improved from 0.2426687981243487 to 0.23591606263761167, saving model to metrics/biapy/biapy-channel-scale-zarr-seunet/checkpoints/biapy-channel-scale-zarr-seunet_0-checkpoint-best.pth
[13:44:09.629671] [Val] best loss: 0.2359 best  IoU (F channel): 0.2272 L1 (Dc channel): 0.0022 L1 (Dn channel): 0.0022 IoU (P channel): 0.1896 
[13:44:09.637942] [Time] 8.1m 1.6h/8.2h

[13:44:09.637962] ~~~ Epoch 13/60 ~~~

[13:44:18.427573] Epoch: [13]  [  0/491]  eta: 1:11:55  loss: 0.1263 (0.1263)  IoU (F channel): 0.4163 (0.4163)  L1 (Dc channel): 0.0023 (0.0023)  L1 (Dn channel): 0.0018 (0.0018)  IoU (P channel): 0.2910 (0.2910)  lr: 0.000760  iter-time: 8.7882
[13:44:29.663347] Epoch: [13]  [ 10/491]  eta: 0:14:35  loss: 0.1686 (0.1734)  IoU (F channel): 0.2587 (0.2817)  L1 (Dc channel): 0.0019 (0.0019)  L1 (Dn channel): 0.0018 (0.0018)  IoU (P channel): 0.2668 (0.2664)  lr: 0.000762  iter-time: 1.8203
[13:44:38.876701] Epoch: [13]  [ 20/491]  eta: 0:10:55  loss: 0.1636 (0.1703)  IoU (F channel): 0.2675 (0.3003)  L1 (Dc channel): 0.0019 (0.0020)  L1 (Dn channel): 0.0019 (0.0019)  IoU (P channel): 0.2723 (0.2779)  lr: 0.000763  iter-time: 1.0224
[13:44:48.187641] Epoch: [13]  [ 30/491]  eta: 0:09:33  loss: 0.1385 (0.1577)  IoU (F channel): 0.3253 (0.3044)  L1 (Dc channel): 0.0018 (0.0019)  L1 (Dn channel): 0.0017 (0.0018)  IoU (P channel): 0.2801 (0.2779)  lr: 0.000765  iter-time: 0.9261
[13:44:57.435054] Epoch: [13]  [ 40/491]  eta: 0:08:45  loss: 0.1228 (0.1530)  IoU (F channel): 0.2786 (0.2939)  L1 (Dc channel): 0.0018 (0.0018)  L1 (Dn channel): 0.0017 (0.0018)  IoU (P channel): 0.2517 (0.2722)  lr: 0.000766  iter-time: 0.9278
[13:45:06.815598] Epoch: [13]  [ 50/491]  eta: 0:08:14  loss: 0.1228 (0.1507)  IoU (F channel): 0.2646 (0.2944)  L1 (Dc channel): 0.0016 (0.0018)  L1 (Dn channel): 0.0018 (0.0018)  IoU (P channel): 0.2415 (0.2667)  lr: 0.000768  iter-time: 0.9313
[13:45:16.245446] Epoch: [13]  [ 60/491]  eta: 0:07:50  loss: 0.1297 (0.1513)  IoU (F channel): 0.2942 (0.2969)  L1 (Dc channel): 0.0016 (0.0018)  L1 (Dn channel): 0.0018 (0.0018)  IoU (P channel): 0.2436 (0.2667)  lr: 0.000769  iter-time: 0.9404
[13:45:25.702724] Epoch: [13]  [ 70/491]  eta: 0:07:30  loss: 0.1587 (0.1577)  IoU (F channel): 0.2565 (0.2935)  L1 (Dc channel): 0.0017 (0.0018)  L1 (Dn channel): 0.0017 (0.0019)  IoU (P channel): 0.2308 (0.2634)  lr: 0.000771  iter-time: 0.9442
[13:45:35.437986] Epoch: [13]  [ 80/491]  eta: 0:07:15  loss: 0.1651 (0.1598)  IoU (F channel): 0.1883 (0.2836)  L1 (Dc channel): 0.0019 (0.0018)  L1 (Dn channel): 0.0017 (0.0018)  IoU (P channel): 0.1845 (0.2549)  lr: 0.000772  iter-time: 0.9595
[13:45:44.999223] Epoch: [13]  [ 90/491]  eta: 0:07:00  loss: 0.1696 (0.1631)  IoU (F channel): 0.2155 (0.2877)  L1 (Dc channel): 0.0019 (0.0019)  L1 (Dn channel): 0.0018 (0.0019)  IoU (P channel): 0.2348 (0.2575)  lr: 0.000773  iter-time: 0.9647
[13:45:54.358678] Epoch: [13]  [100/491]  eta: 0:06:45  loss: 0.1489 (0.1628)  IoU (F channel): 0.3034 (0.2892)  L1 (Dc channel): 0.0017 (0.0018)  L1 (Dn channel): 0.0019 (0.0019)  IoU (P channel): 0.2474 (0.2599)  lr: 0.000775  iter-time: 0.9459
[13:46:03.666448] Epoch: [13]  [110/491]  eta: 0:06:31  loss: 0.1491 (0.1621)  IoU (F channel): 0.3034 (0.2897)  L1 (Dc channel): 0.0018 (0.0018)  L1 (Dn channel): 0.0017 (0.0019)  IoU (P channel): 0.2732 (0.2613)  lr: 0.000776  iter-time: 0.9332
[13:46:13.106524] Epoch: [13]  [120/491]  eta: 0:06:18  loss: 0.1502 (0.1616)  IoU (F channel): 0.3038 (0.2918)  L1 (Dc channel): 0.0018 (0.0018)  L1 (Dn channel): 0.0016 (0.0019)  IoU (P channel): 0.2818 (0.2619)  lr: 0.000778  iter-time: 0.9373
[13:46:22.591413] Epoch: [13]  [130/491]  eta: 0:06:06  loss: 0.1296 (0.1598)  IoU (F channel): 0.3128 (0.2947)  L1 (Dc channel): 0.0017 (0.0018)  L1 (Dn channel): 0.0016 (0.0019)  IoU (P channel): 0.2824 (0.2649)  lr: 0.000779  iter-time: 0.9461
[13:46:31.945125] Epoch: [13]  [140/491]  eta: 0:05:54  loss: 0.1259 (0.1590)  IoU (F channel): 0.2881 (0.2936)  L1 (Dc channel): 0.0018 (0.0018)  L1 (Dn channel): 0.0016 (0.0019)  IoU (P channel): 0.2748 (0.2641)  lr: 0.000781  iter-time: 0.9418
[13:46:41.121734] Epoch: [13]  [150/491]  eta: 0:05:42  loss: 0.1543 (0.1586)  IoU (F channel): 0.2960 (0.2966)  L1 (Dc channel): 0.0017 (0.0018)  L1 (Dn channel): 0.0017 (0.0019)  IoU (P channel): 0.2778 (0.2658)  lr: 0.000782  iter-time: 0.9264
[13:46:50.391727] Epoch: [13]  [160/491]  eta: 0:05:30  loss: 0.1430 (0.1579)  IoU (F channel): 0.3179 (0.2977)  L1 (Dc channel): 0.0017 (0.0018)  L1 (Dn channel): 0.0018 (0.0019)  IoU (P channel): 0.3066 (0.2673)  lr: 0.000783  iter-time: 0.9222
[13:46:59.555837] Epoch: [13]  [170/491]  eta: 0:05:18  loss: 0.1116 (0.1545)  IoU (F channel): 0.3166 (0.2992)  L1 (Dc channel): 0.0017 (0.0018)  L1 (Dn channel): 0.0017 (0.0018)  IoU (P channel): 0.2836 (0.2681)  lr: 0.000785  iter-time: 0.9216
[13:47:08.891909] Epoch: [13]  [180/491]  eta: 0:05:07  loss: 0.1098 (0.1557)  IoU (F channel): 0.2779 (0.2983)  L1 (Dc channel): 0.0016 (0.0018)  L1 (Dn channel): 0.0016 (0.0018)  IoU (P channel): 0.2640 (0.2672)  lr: 0.000786  iter-time: 0.9249
[13:47:18.295134] Epoch: [13]  [190/491]  eta: 0:04:57  loss: 0.1389 (0.1550)  IoU (F channel): 0.2523 (0.2987)  L1 (Dc channel): 0.0018 (0.0018)  L1 (Dn channel): 0.0018 (0.0018)  IoU (P channel): 0.2524 (0.2675)  lr: 0.000788  iter-time: 0.9368
[13:47:27.753742] Epoch: [13]  [200/491]  eta: 0:04:46  loss: 0.1495 (0.1557)  IoU (F channel): 0.3005 (0.3000)  L1 (Dc channel): 0.0018 (0.0018)  L1 (Dn channel): 0.0019 (0.0018)  IoU (P channel): 0.2855 (0.2691)  lr: 0.000789  iter-time: 0.9430
[13:47:37.118227] Epoch: [13]  [210/491]  eta: 0:04:36  loss: 0.1401 (0.1540)  IoU (F channel): 0.2786 (0.2974)  L1 (Dc channel): 0.0016 (0.0018)  L1 (Dn channel): 0.0016 (0.0018)  IoU (P channel): 0.2651 (0.2667)  lr: 0.000791  iter-time: 0.9410
[13:47:46.446214] Epoch: [13]  [220/491]  eta: 0:04:25  loss: 0.1401 (0.1545)  IoU (F channel): 0.2764 (0.2970)  L1 (Dc channel): 0.0016 (0.0018)  L1 (Dn channel): 0.0015 (0.0018)  IoU (P channel): 0.2242 (0.2658)  lr: 0.000792  iter-time: 0.9345
[13:47:55.972153] Epoch: [13]  [230/491]  eta: 0:04:15  loss: 0.1454 (0.1547)  IoU (F channel): 0.2841 (0.2984)  L1 (Dc channel): 0.0017 (0.0018)  L1 (Dn channel): 0.0017 (0.0018)  IoU (P channel): 0.2345 (0.2663)  lr: 0.000793  iter-time: 0.9425
[13:48:05.134816] Epoch: [13]  [240/491]  eta: 0:04:05  loss: 0.1663 (0.1562)  IoU (F channel): 0.2820 (0.2985)  L1 (Dc channel): 0.0018 (0.0018)  L1 (Dn channel): 0.0015 (0.0018)  IoU (P channel): 0.2486 (0.2659)  lr: 0.000795  iter-time: 0.9343
[13:48:14.490741] Epoch: [13]  [250/491]  eta: 0:03:55  loss: 0.1705 (0.1569)  IoU (F channel): 0.2820 (0.2979)  L1 (Dc channel): 0.0017 (0.0018)  L1 (Dn channel): 0.0015 (0.0018)  IoU (P channel): 0.2546 (0.2650)  lr: 0.000796  iter-time: 0.9258
[13:48:23.958946] Epoch: [13]  [260/491]  eta: 0:03:45  loss: 0.1508 (0.1582)  IoU (F channel): 0.2458 (0.2960)  L1 (Dc channel): 0.0018 (0.0018)  L1 (Dn channel): 0.0013 (0.0018)  IoU (P channel): 0.2175 (0.2625)  lr: 0.000798  iter-time: 0.9411
[13:48:33.257449] Epoch: [13]  [270/491]  eta: 0:03:34  loss: 0.1508 (0.1586)  IoU (F channel): 0.2836 (0.2978)  L1 (Dc channel): 0.0016 (0.0018)  L1 (Dn channel): 0.0015 (0.0018)  IoU (P channel): 0.2565 (0.2636)  lr: 0.000799  iter-time: 0.9382
[13:48:42.662469] Epoch: [13]  [280/491]  eta: 0:03:24  loss: 0.1472 (0.1582)  IoU (F channel): 0.2832 (0.2976)  L1 (Dc channel): 0.0017 (0.0018)  L1 (Dn channel): 0.0016 (0.0018)  IoU (P channel): 0.2699 (0.2638)  lr: 0.000800  iter-time: 0.9351
[13:48:51.923032] Epoch: [13]  [290/491]  eta: 0:03:14  loss: 0.1399 (0.1578)  IoU (F channel): 0.2661 (0.2968)  L1 (Dc channel): 0.0017 (0.0018)  L1 (Dn channel): 0.0016 (0.0018)  IoU (P channel): 0.2563 (0.2637)  lr: 0.000802  iter-time: 0.9332
[13:49:01.241005] Epoch: [13]  [300/491]  eta: 0:03:05  loss: 0.1327 (0.1573)  IoU (F channel): 0.2655 (0.2958)  L1 (Dc channel): 0.0016 (0.0018)  L1 (Dn channel): 0.0016 (0.0018)  IoU (P channel): 0.2554 (0.2637)  lr: 0.000803  iter-time: 0.9288
[13:49:10.675151] Epoch: [13]  [310/491]  eta: 0:02:55  loss: 0.1199 (0.1568)  IoU (F channel): 0.2472 (0.2967)  L1 (Dc channel): 0.0017 (0.0018)  L1 (Dn channel): 0.0015 (0.0018)  IoU (P channel): 0.2446 (0.2638)  lr: 0.000804  iter-time: 0.9375
[13:49:20.253559] Epoch: [13]  [320/491]  eta: 0:02:45  loss: 0.1385 (0.1570)  IoU (F channel): 0.2816 (0.2969)  L1 (Dc channel): 0.0019 (0.0018)  L1 (Dn channel): 0.0018 (0.0018)  IoU (P channel): 0.2547 (0.2643)  lr: 0.000806  iter-time: 0.9505
[13:49:29.700771] Epoch: [13]  [330/491]  eta: 0:02:35  loss: 0.1302 (0.1561)  IoU (F channel): 0.2816 (0.2979)  L1 (Dc channel): 0.0020 (0.0018)  L1 (Dn channel): 0.0018 (0.0018)  IoU (P channel): 0.2725 (0.2654)  lr: 0.000807  iter-time: 0.9511
[13:49:39.180879] Epoch: [13]  [340/491]  eta: 0:02:25  loss: 0.1193 (0.1550)  IoU (F channel): 0.2930 (0.2987)  L1 (Dc channel): 0.0017 (0.0018)  L1 (Dn channel): 0.0017 (0.0018)  IoU (P channel): 0.3155 (0.2663)  lr: 0.000809  iter-time: 0.9462
[13:49:48.550572] Epoch: [13]  [350/491]  eta: 0:02:16  loss: 0.1213 (0.1547)  IoU (F channel): 0.2910 (0.2984)  L1 (Dc channel): 0.0016 (0.0018)  L1 (Dn channel): 0.0017 (0.0018)  IoU (P channel): 0.2676 (0.2661)  lr: 0.000810  iter-time: 0.9424
[13:49:57.829774] Epoch: [13]  [360/491]  eta: 0:02:06  loss: 0.1300 (0.1545)  IoU (F channel): 0.2910 (0.2988)  L1 (Dc channel): 0.0018 (0.0018)  L1 (Dn channel): 0.0017 (0.0018)  IoU (P channel): 0.2676 (0.2667)  lr: 0.000811  iter-time: 0.9323
[13:50:07.220705] Epoch: [13]  [370/491]  eta: 0:01:56  loss: 0.1300 (0.1538)  IoU (F channel): 0.2929 (0.2991)  L1 (Dc channel): 0.0018 (0.0018)  L1 (Dn channel): 0.0016 (0.0018)  IoU (P channel): 0.2745 (0.2670)  lr: 0.000813  iter-time: 0.9334
[13:50:16.478587] Epoch: [13]  [380/491]  eta: 0:01:46  loss: 0.1159 (0.1537)  IoU (F channel): 0.2918 (0.2988)  L1 (Dc channel): 0.0017 (0.0018)  L1 (Dn channel): 0.0020 (0.0018)  IoU (P channel): 0.2732 (0.2669)  lr: 0.000814  iter-time: 0.9324
[13:50:25.696867] Epoch: [13]  [390/491]  eta: 0:01:37  loss: 0.1128 (0.1531)  IoU (F channel): 0.3065 (0.3000)  L1 (Dc channel): 0.0017 (0.0018)  L1 (Dn channel): 0.0016 (0.0018)  IoU (P channel): 0.2786 (0.2680)  lr: 0.000815  iter-time: 0.9237
[13:50:34.886835] Epoch: [13]  [400/491]  eta: 0:01:27  loss: 0.1115 (0.1529)  IoU (F channel): 0.2752 (0.2987)  L1 (Dc channel): 0.0017 (0.0018)  L1 (Dn channel): 0.0016 (0.0018)  IoU (P channel): 0.2883 (0.2673)  lr: 0.000817  iter-time: 0.9203
[13:50:44.339323] Epoch: [13]  [410/491]  eta: 0:01:17  loss: 0.1115 (0.1526)  IoU (F channel): 0.2749 (0.2986)  L1 (Dc channel): 0.0017 (0.0018)  L1 (Dn channel): 0.0017 (0.0018)  IoU (P channel): 0.2486 (0.2672)  lr: 0.000818  iter-time: 0.9320
[13:50:53.693158] Epoch: [13]  [420/491]  eta: 0:01:08  loss: 0.1088 (0.1519)  IoU (F channel): 0.3017 (0.2989)  L1 (Dc channel): 0.0017 (0.0018)  L1 (Dn channel): 0.0017 (0.0018)  IoU (P channel): 0.2478 (0.2669)  lr: 0.000819  iter-time: 0.9402
[13:51:03.108158] Epoch: [13]  [430/491]  eta: 0:00:58  loss: 0.1183 (0.1517)  IoU (F channel): 0.3312 (0.3001)  L1 (Dc channel): 0.0017 (0.0018)  L1 (Dn channel): 0.0017 (0.0018)  IoU (P channel): 0.2495 (0.2678)  lr: 0.000821  iter-time: 0.9383
[13:51:12.496971] Epoch: [13]  [440/491]  eta: 0:00:48  loss: 0.1470 (0.1517)  IoU (F channel): 0.3197 (0.3002)  L1 (Dc channel): 0.0016 (0.0018)  L1 (Dn channel): 0.0017 (0.0018)  IoU (P channel): 0.2928 (0.2681)  lr: 0.000822  iter-time: 0.9401
[13:51:21.865687] Epoch: [13]  [450/491]  eta: 0:00:39  loss: 0.1390 (0.1512)  IoU (F channel): 0.3058 (0.3000)  L1 (Dc channel): 0.0017 (0.0018)  L1 (Dn channel): 0.0017 (0.0018)  IoU (P channel): 0.2753 (0.2679)  lr: 0.000823  iter-time: 0.9378
[13:51:31.428051] Epoch: [13]  [460/491]  eta: 0:00:29  loss: 0.1283 (0.1512)  IoU (F channel): 0.3251 (0.3011)  L1 (Dc channel): 0.0016 (0.0018)  L1 (Dn channel): 0.0017 (0.0018)  IoU (P channel): 0.2861 (0.2689)  lr: 0.000825  iter-time: 0.9465
[13:51:40.904937] Epoch: [13]  [470/491]  eta: 0:00:20  loss: 0.1306 (0.1510)  IoU (F channel): 0.2822 (0.3009)  L1 (Dc channel): 0.0016 (0.0018)  L1 (Dn channel): 0.0016 (0.0018)  IoU (P channel): 0.2938 (0.2687)  lr: 0.000826  iter-time: 0.9518
[13:51:50.130303] Epoch: [13]  [480/491]  eta: 0:00:10  loss: 0.1490 (0.1507)  IoU (F channel): 0.2822 (0.3006)  L1 (Dc channel): 0.0018 (0.0018)  L1 (Dn channel): 0.0015 (0.0018)  IoU (P channel): 0.2783 (0.2684)  lr: 0.000827  iter-time: 0.9350
[13:51:58.787458] Epoch: [13]  [490/491]  eta: 0:00:00  loss: 0.1502 (0.1506)  IoU (F channel): 0.3022 (0.3009)  L1 (Dc channel): 0.0017 (0.0018)  L1 (Dn channel): 0.0017 (0.0018)  IoU (P channel): 0.2882 (0.2690)  lr: 0.000829  iter-time: 0.8940
[13:51:58.787603] Epoch: [13] Total time: 0:07:49 (0.9555 s / it)
[13:51:58.787843] [Train] averaged stats: loss: 0.1502 (0.1506)  IoU (F channel): 0.3022 (0.3009)  L1 (Dc channel): 0.0017 (0.0018)  L1 (Dn channel): 0.0017 (0.0018)  IoU (P channel): 0.2882 (0.2690)  lr: 0.000829
[13:52:06.396582] Epoch: [13]  [ 0/27]  eta: 0:03:25  loss: 0.0563 (0.0563)  IoU (F channel): 0.0000 (0.0000)  L1 (Dc channel): 0.0016 (0.0016)  L1 (Dn channel): 0.0011 (0.0011)  IoU (P channel): 0.0000 (0.0000)  iter-time: 7.6073
[13:52:12.481585] Epoch: [13]  [10/27]  eta: 0:00:21  loss: 0.1517 (0.2607)  IoU (F channel): 0.3252 (0.2348)  L1 (Dc channel): 0.0017 (0.0018)  L1 (Dn channel): 0.0012 (0.0018)  IoU (P channel): 0.2384 (0.1968)  iter-time: 1.2447
[13:52:19.549974] Epoch: [13]  [20/27]  eta: 0:00:06  loss: 0.1451 (0.2241)  IoU (F channel): 0.3252 (0.2607)  L1 (Dc channel): 0.0017 (0.0018)  L1 (Dn channel): 0.0012 (0.0017)  IoU (P channel): 0.2734 (0.2117)  iter-time: 0.6576
[13:52:22.995020] Epoch: [13]  [26/27]  eta: 0:00:00  loss: 0.1451 (0.2164)  IoU (F channel): 0.2951 (0.2579)  L1 (Dc channel): 0.0017 (0.0018)  L1 (Dn channel): 0.0014 (0.0017)  IoU (P channel): 0.2710 (0.2139)  iter-time: 0.6742
[13:52:22.995135] Epoch: [13] Total time: 0:00:24 (0.8965 s / it)
[13:52:22.995161] [Val] averaged stats: loss: 0.1451 (0.2164)  IoU (F channel): 0.2951 (0.2579)  L1 (Dc channel): 0.0017 (0.0018)  L1 (Dn channel): 0.0014 (0.0017)  IoU (P channel): 0.2710 (0.2139)
[13:52:22.995377] Val loss improved from 0.23591606263761167 to 0.21640297439363268, saving model to metrics/biapy/biapy-channel-scale-zarr-seunet/checkpoints/biapy-channel-scale-zarr-seunet_0-checkpoint-best.pth
[13:52:23.126794] [Val] best loss: 0.2164 best  IoU (F channel): 0.2579 L1 (Dc channel): 0.0018 L1 (Dn channel): 0.0017 IoU (P channel): 0.2139 
[13:52:23.140692] [Time] 8.2m 1.8h/8.4h

[13:52:23.140714] ~~~ Epoch 14/60 ~~~

[13:52:34.903386] Epoch: [14]  [  0/491]  eta: 1:36:14  loss: 0.1154 (0.1154)  IoU (F channel): 0.3822 (0.3822)  L1 (Dc channel): 0.0019 (0.0019)  L1 (Dn channel): 0.0017 (0.0017)  IoU (P channel): 0.3454 (0.3454)  lr: 0.000829  iter-time: 11.7615
[13:52:44.664845] Epoch: [14]  [ 10/491]  eta: 0:15:41  loss: 0.1154 (0.1179)  IoU (F channel): 0.3791 (0.3894)  L1 (Dc channel): 0.0015 (0.0016)  L1 (Dn channel): 0.0016 (0.0016)  IoU (P channel): 0.3111 (0.3227)  lr: 0.000830  iter-time: 1.9565
[13:52:54.103393] Epoch: [14]  [ 20/491]  eta: 0:11:34  loss: 0.1154 (0.1290)  IoU (F channel): 0.3180 (0.3477)  L1 (Dc channel): 0.0016 (0.0017)  L1 (Dn channel): 0.0017 (0.0017)  IoU (P channel): 0.2966 (0.3012)  lr: 0.000831  iter-time: 0.9599
[13:53:03.469326] Epoch: [14]  [ 30/491]  eta: 0:09:59  loss: 0.1154 (0.1296)  IoU (F channel): 0.3165 (0.3505)  L1 (Dc channel): 0.0018 (0.0017)  L1 (Dn channel): 0.0018 (0.0017)  IoU (P channel): 0.3251 (0.3088)  lr: 0.000833  iter-time: 0.9401
[13:53:12.788209] Epoch: [14]  [ 40/491]  eta: 0:09:06  loss: 0.1134 (0.1280)  IoU (F channel): 0.3253 (0.3312)  L1 (Dc channel): 0.0017 (0.0017)  L1 (Dn channel): 0.0016 (0.0018)  IoU (P channel): 0.2981 (0.2963)  lr: 0.000834  iter-time: 0.9341
[13:53:22.216035] Epoch: [14]  [ 50/491]  eta: 0:08:30  loss: 0.0999 (0.1245)  IoU (F channel): 0.3253 (0.3444)  L1 (Dc channel): 0.0017 (0.0017)  L1 (Dn channel): 0.0015 (0.0018)  IoU (P channel): 0.2878 (0.3029)  lr: 0.000835  iter-time: 0.9372
[13:53:31.511186] Epoch: [14]  [ 60/491]  eta: 0:08:03  loss: 0.1204 (0.1288)  IoU (F channel): 0.3663 (0.3403)  L1 (Dc channel): 0.0017 (0.0017)  L1 (Dn channel): 0.0017 (0.0018)  IoU (P channel): 0.3123 (0.3019)  lr: 0.000837  iter-time: 0.9360
[13:53:40.998310] Epoch: [14]  [ 70/491]  eta: 0:07:41  loss: 0.1304 (0.1334)  IoU (F channel): 0.2990 (0.3351)  L1 (Dc channel): 0.0017 (0.0017)  L1 (Dn channel): 0.0017 (0.0018)  IoU (P channel): 0.3049 (0.3002)  lr: 0.000838  iter-time: 0.9390
[13:53:50.378030] Epoch: [14]  [ 80/491]  eta: 0:07:22  loss: 0.1267 (0.1307)  IoU (F channel): 0.3133 (0.3396)  L1 (Dc channel): 0.0017 (0.0017)  L1 (Dn channel): 0.0014 (0.0018)  IoU (P channel): 0.2825 (0.2999)  lr: 0.000839  iter-time: 0.9432
[13:53:59.669064] Epoch: [14]  [ 90/491]  eta: 0:07:05  loss: 0.1275 (0.1327)  IoU (F channel): 0.2795 (0.3325)  L1 (Dc channel): 0.0017 (0.0017)  L1 (Dn channel): 0.0018 (0.0018)  IoU (P channel): 0.2778 (0.2976)  lr: 0.000840  iter-time: 0.9334
[13:54:09.076849] Epoch: [14]  [100/491]  eta: 0:06:50  loss: 0.1269 (0.1302)  IoU (F channel): 0.3031 (0.3382)  L1 (Dc channel): 0.0016 (0.0017)  L1 (Dn channel): 0.0018 (0.0018)  IoU (P channel): 0.3109 (0.2994)  lr: 0.000842  iter-time: 0.9349
[13:54:18.527726] Epoch: [14]  [110/491]  eta: 0:06:36  loss: 0.0980 (0.1286)  IoU (F channel): 0.3476 (0.3407)  L1 (Dc channel): 0.0015 (0.0016)  L1 (Dn channel): 0.0014 (0.0017)  IoU (P channel): 0.3153 (0.2991)  lr: 0.000843  iter-time: 0.9428
[13:54:27.858967] Epoch: [14]  [120/491]  eta: 0:06:22  loss: 0.1092 (0.1287)  IoU (F channel): 0.3249 (0.3346)  L1 (Dc channel): 0.0015 (0.0016)  L1 (Dn channel): 0.0015 (0.0017)  IoU (P channel): 0.2949 (0.2957)  lr: 0.000844  iter-time: 0.9390
[13:54:37.219013] Epoch: [14]  [130/491]  eta: 0:06:09  loss: 0.1184 (0.1284)  IoU (F channel): 0.2950 (0.3331)  L1 (Dc channel): 0.0015 (0.0016)  L1 (Dn channel): 0.0017 (0.0017)  IoU (P channel): 0.2917 (0.2950)  lr: 0.000845  iter-time: 0.9344
[13:54:46.457495] Epoch: [14]  [140/491]  eta: 0:05:56  loss: 0.1193 (0.1307)  IoU (F channel): 0.2761 (0.3307)  L1 (Dc channel): 0.0017 (0.0016)  L1 (Dn channel): 0.0016 (0.0017)  IoU (P channel): 0.2802 (0.2922)  lr: 0.000847  iter-time: 0.9297
[13:54:55.912572] Epoch: [14]  [150/491]  eta: 0:05:44  loss: 0.1449 (0.1317)  IoU (F channel): 0.2684 (0.3267)  L1 (Dc channel): 0.0018 (0.0017)  L1 (Dn channel): 0.0017 (0.0017)  IoU (P channel): 0.2290 (0.2880)  lr: 0.000848  iter-time: 0.9345
[13:55:05.271000] Epoch: [14]  [160/491]  eta: 0:05:33  loss: 0.1254 (0.1329)  IoU (F channel): 0.2838 (0.3279)  L1 (Dc channel): 0.0018 (0.0017)  L1 (Dn channel): 0.0015 (0.0017)  IoU (P channel): 0.2535 (0.2887)  lr: 0.000849  iter-time: 0.9405
[13:55:14.519908] Epoch: [14]  [170/491]  eta: 0:05:21  loss: 0.1040 (0.1315)  IoU (F channel): 0.3088 (0.3275)  L1 (Dc channel): 0.0016 (0.0017)  L1 (Dn channel): 0.0010 (0.0017)  IoU (P channel): 0.2678 (0.2874)  lr: 0.000850  iter-time: 0.9302
[13:55:23.847958] Epoch: [14]  [180/491]  eta: 0:05:10  loss: 0.1101 (0.1317)  IoU (F channel): 0.3061 (0.3258)  L1 (Dc channel): 0.0015 (0.0017)  L1 (Dn channel): 0.0010 (0.0016)  IoU (P channel): 0.2660 (0.2872)  lr: 0.000852  iter-time: 0.9287
[13:55:33.149120] Epoch: [14]  [190/491]  eta: 0:04:59  loss: 0.1161 (0.1304)  IoU (F channel): 0.3323 (0.3283)  L1 (Dc channel): 0.0015 (0.0017)  L1 (Dn channel): 0.0012 (0.0016)  IoU (P channel): 0.2986 (0.2879)  lr: 0.000853  iter-time: 0.9313
[13:55:42.443831] Epoch: [14]  [200/491]  eta: 0:04:48  loss: 0.1250 (0.1311)  IoU (F channel): 0.3291 (0.3265)  L1 (Dc channel): 0.0015 (0.0016)  L1 (Dn channel): 0.0015 (0.0016)  IoU (P channel): 0.2986 (0.2870)  lr: 0.000854  iter-time: 0.9297
[13:55:51.902495] Epoch: [14]  [210/491]  eta: 0:04:37  loss: 0.1451 (0.1318)  IoU (F channel): 0.2883 (0.3255)  L1 (Dc channel): 0.0015 (0.0016)  L1 (Dn channel): 0.0016 (0.0016)  IoU (P channel): 0.2422 (0.2855)  lr: 0.000855  iter-time: 0.9375
[13:56:01.366651] Epoch: [14]  [220/491]  eta: 0:04:27  loss: 0.1061 (0.1306)  IoU (F channel): 0.2650 (0.3238)  L1 (Dc channel): 0.0013 (0.0016)  L1 (Dn channel): 0.0014 (0.0016)  IoU (P channel): 0.2319 (0.2839)  lr: 0.000857  iter-time: 0.9460
[13:56:10.566544] Epoch: [14]  [230/491]  eta: 0:04:16  loss: 0.1104 (0.1305)  IoU (F channel): 0.3003 (0.3233)  L1 (Dc channel): 0.0012 (0.0016)  L1 (Dn channel): 0.0015 (0.0016)  IoU (P channel): 0.2624 (0.2840)  lr: 0.000858  iter-time: 0.9331
[13:56:19.970010] Epoch: [14]  [240/491]  eta: 0:04:06  loss: 0.1376 (0.1311)  IoU (F channel): 0.3158 (0.3239)  L1 (Dc channel): 0.0014 (0.0016)  L1 (Dn channel): 0.0018 (0.0016)  IoU (P channel): 0.2916 (0.2854)  lr: 0.000859  iter-time: 0.9301
[13:56:29.277198] Epoch: [14]  [250/491]  eta: 0:03:56  loss: 0.1238 (0.1308)  IoU (F channel): 0.2985 (0.3222)  L1 (Dc channel): 0.0017 (0.0016)  L1 (Dn channel): 0.0015 (0.0016)  IoU (P channel): 0.2996 (0.2855)  lr: 0.000860  iter-time: 0.9354
[13:56:38.653246] Epoch: [14]  [260/491]  eta: 0:03:46  loss: 0.1089 (0.1301)  IoU (F channel): 0.3037 (0.3223)  L1 (Dc channel): 0.0016 (0.0016)  L1 (Dn channel): 0.0015 (0.0016)  IoU (P channel): 0.2845 (0.2856)  lr: 0.000861  iter-time: 0.9340
[13:56:47.976779] Epoch: [14]  [270/491]  eta: 0:03:35  loss: 0.1294 (0.1306)  IoU (F channel): 0.3049 (0.3220)  L1 (Dc channel): 0.0016 (0.0016)  L1 (Dn channel): 0.0016 (0.0016)  IoU (P channel): 0.2839 (0.2855)  lr: 0.000863  iter-time: 0.9348
[13:56:57.351577] Epoch: [14]  [280/491]  eta: 0:03:25  loss: 0.1144 (0.1299)  IoU (F channel): 0.3116 (0.3217)  L1 (Dc channel): 0.0016 (0.0016)  L1 (Dn channel): 0.0017 (0.0016)  IoU (P channel): 0.2816 (0.2857)  lr: 0.000864  iter-time: 0.9348
[13:57:06.654479] Epoch: [14]  [290/491]  eta: 0:03:15  loss: 0.1197 (0.1298)  IoU (F channel): 0.3216 (0.3219)  L1 (Dc channel): 0.0016 (0.0016)  L1 (Dn channel): 0.0015 (0.0016)  IoU (P channel): 0.2947 (0.2860)  lr: 0.000865  iter-time: 0.9338
[13:57:16.053957] Epoch: [14]  [300/491]  eta: 0:03:05  loss: 0.1260 (0.1295)  IoU (F channel): 0.3195 (0.3216)  L1 (Dc channel): 0.0015 (0.0016)  L1 (Dn channel): 0.0016 (0.0016)  IoU (P channel): 0.3139 (0.2859)  lr: 0.000866  iter-time: 0.9350
[13:57:25.207849] Epoch: [14]  [310/491]  eta: 0:02:55  loss: 0.1204 (0.1296)  IoU (F channel): 0.3040 (0.3217)  L1 (Dc channel): 0.0015 (0.0016)  L1 (Dn channel): 0.0017 (0.0016)  IoU (P channel): 0.2566 (0.2858)  lr: 0.000867  iter-time: 0.9276
[13:57:34.748922] Epoch: [14]  [320/491]  eta: 0:02:45  loss: 0.1267 (0.1294)  IoU (F channel): 0.3186 (0.3218)  L1 (Dc channel): 0.0016 (0.0016)  L1 (Dn channel): 0.0017 (0.0016)  IoU (P channel): 0.2985 (0.2860)  lr: 0.000868  iter-time: 0.9346
[13:57:44.144556] Epoch: [14]  [330/491]  eta: 0:02:36  loss: 0.1132 (0.1288)  IoU (F channel): 0.3399 (0.3234)  L1 (Dc channel): 0.0017 (0.0016)  L1 (Dn channel): 0.0017 (0.0016)  IoU (P channel): 0.2985 (0.2867)  lr: 0.000870  iter-time: 0.9467
[13:57:53.621649] Epoch: [14]  [340/491]  eta: 0:02:26  loss: 0.1122 (0.1289)  IoU (F channel): 0.3601 (0.3245)  L1 (Dc channel): 0.0016 (0.0016)  L1 (Dn channel): 0.0016 (0.0017)  IoU (P channel): 0.3210 (0.2877)  lr: 0.000871  iter-time: 0.9435
[13:58:03.040564] Epoch: [14]  [350/491]  eta: 0:02:16  loss: 0.1292 (0.1293)  IoU (F channel): 0.3324 (0.3251)  L1 (Dc channel): 0.0016 (0.0016)  L1 (Dn channel): 0.0016 (0.0017)  IoU (P channel): 0.3276 (0.2889)  lr: 0.000872  iter-time: 0.9447
[13:58:12.282581] Epoch: [14]  [360/491]  eta: 0:02:06  loss: 0.1244 (0.1290)  IoU (F channel): 0.3296 (0.3247)  L1 (Dc channel): 0.0016 (0.0016)  L1 (Dn channel): 0.0016 (0.0017)  IoU (P channel): 0.3083 (0.2889)  lr: 0.000873  iter-time: 0.9329
[13:58:21.527613] Epoch: [14]  [370/491]  eta: 0:01:56  loss: 0.0994 (0.1286)  IoU (F channel): 0.2777 (0.3245)  L1 (Dc channel): 0.0015 (0.0016)  L1 (Dn channel): 0.0015 (0.0017)  IoU (P channel): 0.2900 (0.2894)  lr: 0.000874  iter-time: 0.9242
[13:58:30.808815] Epoch: [14]  [380/491]  eta: 0:01:47  loss: 0.1025 (0.1281)  IoU (F channel): 0.2886 (0.3247)  L1 (Dc channel): 0.0015 (0.0016)  L1 (Dn channel): 0.0016 (0.0016)  IoU (P channel): 0.2881 (0.2891)  lr: 0.000875  iter-time: 0.9262
[13:58:40.074705] Epoch: [14]  [390/491]  eta: 0:01:37  loss: 0.1051 (0.1287)  IoU (F channel): 0.2973 (0.3248)  L1 (Dc channel): 0.0015 (0.0016)  L1 (Dn channel): 0.0016 (0.0017)  IoU (P channel): 0.2659 (0.2891)  lr: 0.000877  iter-time: 0.9273
[13:58:49.299031] Epoch: [14]  [400/491]  eta: 0:01:27  loss: 0.1019 (0.1279)  IoU (F channel): 0.2833 (0.3249)  L1 (Dc channel): 0.0016 (0.0016)  L1 (Dn channel): 0.0016 (0.0016)  IoU (P channel): 0.2681 (0.2887)  lr: 0.000878  iter-time: 0.9244
[13:58:58.579807] Epoch: [14]  [410/491]  eta: 0:01:17  loss: 0.0994 (0.1283)  IoU (F channel): 0.2942 (0.3243)  L1 (Dc channel): 0.0016 (0.0016)  L1 (Dn channel): 0.0017 (0.0017)  IoU (P channel): 0.2726 (0.2884)  lr: 0.000879  iter-time: 0.9252
[13:59:07.887293] Epoch: [14]  [420/491]  eta: 0:01:08  loss: 0.1165 (0.1282)  IoU (F channel): 0.3075 (0.3238)  L1 (Dc channel): 0.0015 (0.0016)  L1 (Dn channel): 0.0017 (0.0017)  IoU (P channel): 0.2715 (0.2877)  lr: 0.000880  iter-time: 0.9293
[13:59:17.044564] Epoch: [14]  [430/491]  eta: 0:00:58  loss: 0.1010 (0.1278)  IoU (F channel): 0.3335 (0.3242)  L1 (Dc channel): 0.0015 (0.0016)  L1 (Dn channel): 0.0017 (0.0017)  IoU (P channel): 0.2715 (0.2879)  lr: 0.000881  iter-time: 0.9231
[13:59:26.223252] Epoch: [14]  [440/491]  eta: 0:00:48  loss: 0.0952 (0.1270)  IoU (F channel): 0.3088 (0.3243)  L1 (Dc channel): 0.0016 (0.0016)  L1 (Dn channel): 0.0016 (0.0017)  IoU (P channel): 0.2719 (0.2878)  lr: 0.000882  iter-time: 0.9167
[13:59:35.447824] Epoch: [14]  [450/491]  eta: 0:00:39  loss: 0.1073 (0.1274)  IoU (F channel): 0.3088 (0.3237)  L1 (Dc channel): 0.0016 (0.0016)  L1 (Dn channel): 0.0017 (0.0017)  IoU (P channel): 0.2909 (0.2877)  lr: 0.000883  iter-time: 0.9201
[13:59:44.681269] Epoch: [14]  [460/491]  eta: 0:00:29  loss: 0.1219 (0.1272)  IoU (F channel): 0.3028 (0.3230)  L1 (Dc channel): 0.0016 (0.0016)  L1 (Dn channel): 0.0017 (0.0017)  IoU (P channel): 0.3050 (0.2879)  lr: 0.000884  iter-time: 0.9228
[13:59:53.913644] Epoch: [14]  [470/491]  eta: 0:00:20  loss: 0.1008 (0.1268)  IoU (F channel): 0.3171 (0.3238)  L1 (Dc channel): 0.0017 (0.0016)  L1 (Dn channel): 0.0016 (0.0017)  IoU (P channel): 0.3050 (0.2881)  lr: 0.000886  iter-time: 0.9232
[14:00:03.229071] Epoch: [14]  [480/491]  eta: 0:00:10  loss: 0.0983 (0.1266)  IoU (F channel): 0.3198 (0.3232)  L1 (Dc channel): 0.0016 (0.0016)  L1 (Dn channel): 0.0017 (0.0017)  IoU (P channel): 0.3023 (0.2879)  lr: 0.000887  iter-time: 0.9273
[14:00:11.885657] Epoch: [14]  [490/491]  eta: 0:00:00  loss: 0.1109 (0.1263)  IoU (F channel): 0.3214 (0.3236)  L1 (Dc channel): 0.0016 (0.0016)  L1 (Dn channel): 0.0016 (0.0017)  IoU (P channel): 0.3023 (0.2883)  lr: 0.000888  iter-time: 0.8985
[14:00:11.885771] Epoch: [14] Total time: 0:07:48 (0.9547 s / it)
[14:00:11.885801] [Train] averaged stats: loss: 0.1109 (0.1263)  IoU (F channel): 0.3214 (0.3236)  L1 (Dc channel): 0.0016 (0.0016)  L1 (Dn channel): 0.0016 (0.0017)  IoU (P channel): 0.3023 (0.2883)  lr: 0.000888
[14:00:18.658540] Epoch: [14]  [ 0/27]  eta: 0:03:02  loss: 0.0364 (0.0364)  IoU (F channel): 0.0000 (0.0000)  L1 (Dc channel): 0.0010 (0.0010)  L1 (Dn channel): 0.0011 (0.0011)  IoU (P channel): 0.0000 (0.0000)  iter-time: 6.7714
[14:00:27.329789] Epoch: [14]  [10/27]  eta: 0:00:23  loss: 0.1664 (0.2457)  IoU (F channel): 0.3248 (0.2376)  L1 (Dc channel): 0.0011 (0.0013)  L1 (Dn channel): 0.0012 (0.0018)  IoU (P channel): 0.2452 (0.1948)  iter-time: 1.4038
[14:00:32.255968] Epoch: [14]  [20/27]  eta: 0:00:06  loss: 0.1386 (0.2150)  IoU (F channel): 0.3248 (0.2695)  L1 (Dc channel): 0.0012 (0.0013)  L1 (Dn channel): 0.0012 (0.0017)  IoU (P channel): 0.2752 (0.2162)  iter-time: 0.6798
[14:00:35.303154] Epoch: [14]  [26/27]  eta: 0:00:00  loss: 0.1386 (0.2255)  IoU (F channel): 0.3123 (0.2820)  L1 (Dc channel): 0.0013 (0.0013)  L1 (Dn channel): 0.0014 (0.0017)  IoU (P channel): 0.3014 (0.2243)  iter-time: 0.6491
[14:00:35.303262] Epoch: [14] Total time: 0:00:23 (0.8673 s / it)
[14:00:35.303286] [Val] averaged stats: loss: 0.1386 (0.2255)  IoU (F channel): 0.3123 (0.2820)  L1 (Dc channel): 0.0013 (0.0013)  L1 (Dn channel): 0.0014 (0.0017)  IoU (P channel): 0.3014 (0.2243)
[14:00:35.303454] [Val] best loss: 0.2164 best  IoU (F channel): 0.2579 L1 (Dc channel): 0.0018 L1 (Dn channel): 0.0017 IoU (P channel): 0.2139 
EarlyStopping counter: 1 out of 10
[14:00:35.316495] [Time] 8.2m 1.9h/8.3h

[14:00:35.316514] ~~~ Epoch 15/60 ~~~

[14:00:43.745842] Epoch: [15]  [  0/491]  eta: 1:08:58  loss: 0.1465 (0.1465)  IoU (F channel): 0.3920 (0.3920)  L1 (Dc channel): 0.0014 (0.0014)  L1 (Dn channel): 0.0017 (0.0017)  IoU (P channel): 0.3140 (0.3140)  lr: 0.000888  iter-time: 8.4278
[14:00:53.292936] Epoch: [15]  [ 10/491]  eta: 0:13:05  loss: 0.0989 (0.1064)  IoU (F channel): 0.3593 (0.3604)  L1 (Dc channel): 0.0016 (0.0015)  L1 (Dn channel): 0.0016 (0.0016)  IoU (P channel): 0.3140 (0.3011)  lr: 0.000889  iter-time: 1.6340
[14:01:02.587789] Epoch: [15]  [ 20/491]  eta: 0:10:11  loss: 0.0989 (0.1103)  IoU (F channel): 0.3480 (0.3435)  L1 (Dc channel): 0.0016 (0.0016)  L1 (Dn channel): 0.0015 (0.0016)  IoU (P channel): 0.2915 (0.2959)  lr: 0.000890  iter-time: 0.9420
[14:01:11.902362] Epoch: [15]  [ 30/491]  eta: 0:09:03  loss: 0.0987 (0.1123)  IoU (F channel): 0.3035 (0.3357)  L1 (Dc channel): 0.0013 (0.0015)  L1 (Dn channel): 0.0015 (0.0016)  IoU (P channel): 0.2678 (0.2945)  lr: 0.000891  iter-time: 0.9304
[14:01:21.241946] Epoch: [15]  [ 40/491]  eta: 0:08:25  loss: 0.1084 (0.1131)  IoU (F channel): 0.3219 (0.3478)  L1 (Dc channel): 0.0013 (0.0015)  L1 (Dn channel): 0.0015 (0.0016)  IoU (P channel): 0.3056 (0.3042)  lr: 0.000892  iter-time: 0.9326
[14:01:30.607201] Epoch: [15]  [ 50/491]  eta: 0:07:58  loss: 0.1057 (0.1096)  IoU (F channel): 0.3613 (0.3490)  L1 (Dc channel): 0.0015 (0.0015)  L1 (Dn channel): 0.0015 (0.0016)  IoU (P channel): 0.3166 (0.3074)  lr: 0.000893  iter-time: 0.9352
[14:01:40.005225] Epoch: [15]  [ 60/491]  eta: 0:07:37  loss: 0.0981 (0.1105)  IoU (F channel): 0.3475 (0.3520)  L1 (Dc channel): 0.0014 (0.0015)  L1 (Dn channel): 0.0016 (0.0016)  IoU (P channel): 0.3128 (0.3086)  lr: 0.000894  iter-time: 0.9381
[14:01:49.321800] Epoch: [15]  [ 70/491]  eta: 0:07:18  loss: 0.0978 (0.1096)  IoU (F channel): 0.3768 (0.3532)  L1 (Dc channel): 0.0014 (0.0015)  L1 (Dn channel): 0.0017 (0.0017)  IoU (P channel): 0.3109 (0.3069)  lr: 0.000895  iter-time: 0.9356
[14:01:58.793083] Epoch: [15]  [ 80/491]  eta: 0:07:03  loss: 0.1189 (0.1136)  IoU (F channel): 0.3656 (0.3534)  L1 (Dc channel): 0.0014 (0.0015)  L1 (Dn channel): 0.0017 (0.0017)  IoU (P channel): 0.3287 (0.3060)  lr: 0.000897  iter-time: 0.9393
[14:02:08.067087] Epoch: [15]  [ 90/491]  eta: 0:06:48  loss: 0.1345 (0.1214)  IoU (F channel): 0.2904 (0.3457)  L1 (Dc channel): 0.0020 (0.0017)  L1 (Dn channel): 0.0018 (0.0017)  IoU (P channel): 0.2203 (0.2987)  lr: 0.000898  iter-time: 0.9371
[14:02:17.450260] Epoch: [15]  [100/491]  eta: 0:06:35  loss: 0.1354 (0.1235)  IoU (F channel): 0.2883 (0.3433)  L1 (Dc channel): 0.0023 (0.0017)  L1 (Dn channel): 0.0017 (0.0017)  IoU (P channel): 0.2452 (0.2965)  lr: 0.000899  iter-time: 0.9327
[14:02:26.819414] Epoch: [15]  [110/491]  eta: 0:06:22  loss: 0.1228 (0.1242)  IoU (F channel): 0.3143 (0.3417)  L1 (Dc channel): 0.0019 (0.0017)  L1 (Dn channel): 0.0014 (0.0017)  IoU (P channel): 0.2624 (0.2951)  lr: 0.000900  iter-time: 0.9375
[14:02:36.035417] Epoch: [15]  [120/491]  eta: 0:06:10  loss: 0.1212 (0.1267)  IoU (F channel): 0.3050 (0.3378)  L1 (Dc channel): 0.0016 (0.0017)  L1 (Dn channel): 0.0012 (0.0016)  IoU (P channel): 0.2300 (0.2899)  lr: 0.000901  iter-time: 0.9292
[14:02:45.354686] Epoch: [15]  [130/491]  eta: 0:05:58  loss: 0.1307 (0.1333)  IoU (F channel): 0.2332 (0.3290)  L1 (Dc channel): 0.0016 (0.0017)  L1 (Dn channel): 0.0013 (0.0016)  IoU (P channel): 0.2217 (0.2825)  lr: 0.000902  iter-time: 0.9267
[14:02:54.628763] Epoch: [15]  [140/491]  eta: 0:05:46  loss: 0.1513 (0.1344)  IoU (F channel): 0.2457 (0.3263)  L1 (Dc channel): 0.0019 (0.0017)  L1 (Dn channel): 0.0013 (0.0016)  IoU (P channel): 0.2290 (0.2800)  lr: 0.000903  iter-time: 0.9296
[14:03:03.960647] Epoch: [15]  [150/491]  eta: 0:05:35  loss: 0.1513 (0.1358)  IoU (F channel): 0.2783 (0.3226)  L1 (Dc channel): 0.0017 (0.0017)  L1 (Dn channel): 0.0012 (0.0016)  IoU (P channel): 0.2386 (0.2765)  lr: 0.000904  iter-time: 0.9302
[14:03:13.383515] Epoch: [15]  [160/491]  eta: 0:05:24  loss: 0.1257 (0.1359)  IoU (F channel): 0.3041 (0.3233)  L1 (Dc channel): 0.0015 (0.0017)  L1 (Dn channel): 0.0012 (0.0016)  IoU (P channel): 0.2622 (0.2761)  lr: 0.000905  iter-time: 0.9376
[14:03:22.706725] Epoch: [15]  [170/491]  eta: 0:05:14  loss: 0.1242 (0.1361)  IoU (F channel): 0.3172 (0.3226)  L1 (Dc channel): 0.0013 (0.0017)  L1 (Dn channel): 0.0011 (0.0015)  IoU (P channel): 0.2677 (0.2771)  lr: 0.000906  iter-time: 0.9372
[14:03:32.104086] Epoch: [15]  [180/491]  eta: 0:05:03  loss: 0.1451 (0.1394)  IoU (F channel): 0.3172 (0.3233)  L1 (Dc channel): 0.0016 (0.0017)  L1 (Dn channel): 0.0013 (0.0015)  IoU (P channel): 0.2984 (0.2768)  lr: 0.000907  iter-time: 0.9359
[14:03:41.542940] Epoch: [15]  [190/491]  eta: 0:04:53  loss: 0.1615 (0.1398)  IoU (F channel): 0.3090 (0.3228)  L1 (Dc channel): 0.0019 (0.0017)  L1 (Dn channel): 0.0013 (0.0015)  IoU (P channel): 0.3021 (0.2770)  lr: 0.000908  iter-time: 0.9417
[14:03:51.054463] Epoch: [15]  [200/491]  eta: 0:04:43  loss: 0.1477 (0.1413)  IoU (F channel): 0.2983 (0.3217)  L1 (Dc channel): 0.0014 (0.0017)  L1 (Dn channel): 0.0013 (0.0015)  IoU (P channel): 0.2748 (0.2767)  lr: 0.000909  iter-time: 0.9474
[14:04:00.362816] Epoch: [15]  [210/491]  eta: 0:04:33  loss: 0.1314 (0.1414)  IoU (F channel): 0.2983 (0.3202)  L1 (Dc channel): 0.0014 (0.0017)  L1 (Dn channel): 0.0013 (0.0015)  IoU (P channel): 0.2536 (0.2756)  lr: 0.000910  iter-time: 0.9408
[14:04:09.814628] Epoch: [15]  [220/491]  eta: 0:04:22  loss: 0.1020 (0.1397)  IoU (F channel): 0.2991 (0.3199)  L1 (Dc channel): 0.0017 (0.0017)  L1 (Dn channel): 0.0012 (0.0015)  IoU (P channel): 0.2321 (0.2743)  lr: 0.000911  iter-time: 0.9379
[14:04:19.210686] Epoch: [15]  [230/491]  eta: 0:04:12  loss: 0.0944 (0.1389)  IoU (F channel): 0.2873 (0.3188)  L1 (Dc channel): 0.0017 (0.0017)  L1 (Dn channel): 0.0010 (0.0015)  IoU (P channel): 0.2323 (0.2734)  lr: 0.000912  iter-time: 0.9423
[14:04:28.500103] Epoch: [15]  [240/491]  eta: 0:04:02  loss: 0.0977 (0.1373)  IoU (F channel): 0.3299 (0.3206)  L1 (Dc channel): 0.0016 (0.0017)  L1 (Dn channel): 0.0010 (0.0015)  IoU (P channel): 0.2583 (0.2743)  lr: 0.000913  iter-time: 0.9341
[14:04:37.959627] Epoch: [15]  [250/491]  eta: 0:03:52  loss: 0.0991 (0.1375)  IoU (F channel): 0.3588 (0.3203)  L1 (Dc channel): 0.0015 (0.0017)  L1 (Dn channel): 0.0011 (0.0015)  IoU (P channel): 0.2681 (0.2740)  lr: 0.000914  iter-time: 0.9373
[14:04:47.364621] Epoch: [15]  [260/491]  eta: 0:03:43  loss: 0.1481 (0.1379)  IoU (F channel): 0.2781 (0.3199)  L1 (Dc channel): 0.0016 (0.0017)  L1 (Dn channel): 0.0016 (0.0015)  IoU (P channel): 0.2601 (0.2737)  lr: 0.000915  iter-time: 0.9431
[14:04:56.824701] Epoch: [15]  [270/491]  eta: 0:03:33  loss: 0.1712 (0.1392)  IoU (F channel): 0.2860 (0.3207)  L1 (Dc channel): 0.0017 (0.0017)  L1 (Dn channel): 0.0016 (0.0015)  IoU (P channel): 0.2871 (0.2741)  lr: 0.000916  iter-time: 0.9432
[14:05:06.216826] Epoch: [15]  [280/491]  eta: 0:03:23  loss: 0.1374 (0.1389)  IoU (F channel): 0.2826 (0.3192)  L1 (Dc channel): 0.0015 (0.0017)  L1 (Dn channel): 0.0015 (0.0015)  IoU (P channel): 0.2476 (0.2729)  lr: 0.000917  iter-time: 0.9425
[14:05:15.722338] Epoch: [15]  [290/491]  eta: 0:03:13  loss: 0.1194 (0.1380)  IoU (F channel): 0.2932 (0.3189)  L1 (Dc channel): 0.0015 (0.0017)  L1 (Dn channel): 0.0016 (0.0015)  IoU (P channel): 0.2619 (0.2730)  lr: 0.000918  iter-time: 0.9448
[14:05:25.007736] Epoch: [15]  [300/491]  eta: 0:03:03  loss: 0.1175 (0.1376)  IoU (F channel): 0.2939 (0.3182)  L1 (Dc channel): 0.0017 (0.0017)  L1 (Dn channel): 0.0018 (0.0015)  IoU (P channel): 0.2756 (0.2730)  lr: 0.000919  iter-time: 0.9394
[14:05:34.555160] Epoch: [15]  [310/491]  eta: 0:02:54  loss: 0.1095 (0.1377)  IoU (F channel): 0.3149 (0.3190)  L1 (Dc channel): 0.0017 (0.0017)  L1 (Dn channel): 0.0018 (0.0015)  IoU (P channel): 0.2898 (0.2739)  lr: 0.000920  iter-time: 0.9415
[14:05:43.962164] Epoch: [15]  [320/491]  eta: 0:02:44  loss: 0.1127 (0.1370)  IoU (F channel): 0.3149 (0.3176)  L1 (Dc channel): 0.0016 (0.0017)  L1 (Dn channel): 0.0016 (0.0015)  IoU (P channel): 0.2600 (0.2730)  lr: 0.000921  iter-time: 0.9476
[14:05:53.186256] Epoch: [15]  [330/491]  eta: 0:02:34  loss: 0.1120 (0.1363)  IoU (F channel): 0.2806 (0.3171)  L1 (Dc channel): 0.0016 (0.0017)  L1 (Dn channel): 0.0016 (0.0015)  IoU (P channel): 0.2513 (0.2727)  lr: 0.000921  iter-time: 0.9314
[14:06:02.475129] Epoch: [15]  [340/491]  eta: 0:02:24  loss: 0.1140 (0.1359)  IoU (F channel): 0.2908 (0.3174)  L1 (Dc channel): 0.0016 (0.0017)  L1 (Dn channel): 0.0016 (0.0015)  IoU (P channel): 0.2636 (0.2733)  lr: 0.000922  iter-time: 0.9255
[14:06:11.782975] Epoch: [15]  [350/491]  eta: 0:02:15  loss: 0.0924 (0.1347)  IoU (F channel): 0.3260 (0.3190)  L1 (Dc channel): 0.0015 (0.0017)  L1 (Dn channel): 0.0015 (0.0015)  IoU (P channel): 0.3105 (0.2744)  lr: 0.000923  iter-time: 0.9297
[14:06:21.242809] Epoch: [15]  [360/491]  eta: 0:02:05  loss: 0.0910 (0.1341)  IoU (F channel): 0.3398 (0.3186)  L1 (Dc channel): 0.0015 (0.0017)  L1 (Dn channel): 0.0014 (0.0015)  IoU (P channel): 0.3000 (0.2739)  lr: 0.000924  iter-time: 0.9383
[14:06:30.613800] Epoch: [15]  [370/491]  eta: 0:01:55  loss: 0.1173 (0.1342)  IoU (F channel): 0.3095 (0.3185)  L1 (Dc channel): 0.0016 (0.0017)  L1 (Dn channel): 0.0014 (0.0015)  IoU (P channel): 0.2676 (0.2738)  lr: 0.000925  iter-time: 0.9414
[14:06:39.918139] Epoch: [15]  [380/491]  eta: 0:01:46  loss: 0.1215 (0.1338)  IoU (F channel): 0.3095 (0.3190)  L1 (Dc channel): 0.0017 (0.0017)  L1 (Dn channel): 0.0016 (0.0015)  IoU (P channel): 0.2729 (0.2745)  lr: 0.000926  iter-time: 0.9336
[14:06:49.234312] Epoch: [15]  [390/491]  eta: 0:01:36  loss: 0.1292 (0.1360)  IoU (F channel): 0.2959 (0.3173)  L1 (Dc channel): 0.0017 (0.0017)  L1 (Dn channel): 0.0018 (0.0016)  IoU (P channel): 0.2547 (0.2731)  lr: 0.000927  iter-time: 0.9309
[14:06:58.581485] Epoch: [15]  [400/491]  eta: 0:01:26  loss: 0.1859 (0.1378)  IoU (F channel): 0.2404 (0.3152)  L1 (Dc channel): 0.0019 (0.0017)  L1 (Dn channel): 0.0016 (0.0016)  IoU (P channel): 0.2035 (0.2711)  lr: 0.000928  iter-time: 0.9331
[14:07:07.932774] Epoch: [15]  [410/491]  eta: 0:01:17  loss: 0.1233 (0.1375)  IoU (F channel): 0.1741 (0.3128)  L1 (Dc channel): 0.0019 (0.0017)  L1 (Dn channel): 0.0011 (0.0016)  IoU (P channel): 0.1590 (0.2687)  lr: 0.000929  iter-time: 0.9348
[14:07:17.224754] Epoch: [15]  [420/491]  eta: 0:01:07  loss: 0.1453 (0.1389)  IoU (F channel): 0.2154 (0.3128)  L1 (Dc channel): 0.0018 (0.0017)  L1 (Dn channel): 0.0015 (0.0016)  IoU (P channel): 0.2044 (0.2684)  lr: 0.000930  iter-time: 0.9320
[14:07:26.678960] Epoch: [15]  [430/491]  eta: 0:00:58  loss: 0.1453 (0.1390)  IoU (F channel): 0.3510 (0.3138)  L1 (Dc channel): 0.0016 (0.0017)  L1 (Dn channel): 0.0015 (0.0016)  IoU (P channel): 0.2717 (0.2690)  lr: 0.000931  iter-time: 0.9371
[14:07:35.987878] Epoch: [15]  [440/491]  eta: 0:00:48  loss: 0.1123 (0.1384)  IoU (F channel): 0.3047 (0.3123)  L1 (Dc channel): 0.0014 (0.0017)  L1 (Dn channel): 0.0010 (0.0015)  IoU (P channel): 0.2153 (0.2676)  lr: 0.000931  iter-time: 0.9380
[14:07:45.248013] Epoch: [15]  [450/491]  eta: 0:00:39  loss: 0.1238 (0.1396)  IoU (F channel): 0.2682 (0.3115)  L1 (Dc channel): 0.0014 (0.0017)  L1 (Dn channel): 0.0010 (0.0015)  IoU (P channel): 0.2058 (0.2666)  lr: 0.000932  iter-time: 0.9283
[14:07:54.647788] Epoch: [15]  [460/491]  eta: 0:00:29  loss: 0.1685 (0.1412)  IoU (F channel): 0.2828 (0.3108)  L1 (Dc channel): 0.0018 (0.0017)  L1 (Dn channel): 0.0014 (0.0015)  IoU (P channel): 0.2576 (0.2660)  lr: 0.000933  iter-time: 0.9329
[14:08:03.860497] Epoch: [15]  [470/491]  eta: 0:00:19  loss: 0.1552 (0.1412)  IoU (F channel): 0.2709 (0.3100)  L1 (Dc channel): 0.0019 (0.0017)  L1 (Dn channel): 0.0015 (0.0016)  IoU (P channel): 0.2615 (0.2649)  lr: 0.000934  iter-time: 0.9305
[14:08:13.140779] Epoch: [15]  [480/491]  eta: 0:00:10  loss: 0.1346 (0.1425)  IoU (F channel): 0.2571 (0.3097)  L1 (Dc channel): 0.0019 (0.0017)  L1 (Dn channel): 0.0016 (0.0016)  IoU (P channel): 0.2435 (0.2645)  lr: 0.000935  iter-time: 0.9245
[14:08:21.805749] Epoch: [15]  [490/491]  eta: 0:00:00  loss: 0.1383 (0.1426)  IoU (F channel): 0.3733 (0.3101)  L1 (Dc channel): 0.0020 (0.0017)  L1 (Dn channel): 0.0016 (0.0016)  IoU (P channel): 0.2681 (0.2644)  lr: 0.000936  iter-time: 0.8972
[14:08:21.805875] Epoch: [15] Total time: 0:07:46 (0.9501 s / it)
[14:08:21.805923] [Train] averaged stats: loss: 0.1383 (0.1426)  IoU (F channel): 0.3733 (0.3101)  L1 (Dc channel): 0.0020 (0.0017)  L1 (Dn channel): 0.0016 (0.0016)  IoU (P channel): 0.2681 (0.2644)  lr: 0.000936
[14:08:28.586976] Epoch: [15]  [ 0/27]  eta: 0:03:03  loss: 0.0460 (0.0460)  IoU (F channel): 0.0000 (0.0000)  L1 (Dc channel): 0.0010 (0.0010)  L1 (Dn channel): 0.0006 (0.0006)  IoU (P channel): 0.0000 (0.0000)  iter-time: 6.7795
[14:08:35.417793] Epoch: [15]  [10/27]  eta: 0:00:21  loss: 0.1510 (0.2272)  IoU (F channel): 0.3253 (0.2259)  L1 (Dc channel): 0.0012 (0.0014)  L1 (Dn channel): 0.0009 (0.0016)  IoU (P channel): 0.2142 (0.1824)  iter-time: 1.2373
[14:08:42.229051] Epoch: [15]  [20/27]  eta: 0:00:06  loss: 0.1510 (0.2149)  IoU (F channel): 0.3230 (0.2435)  L1 (Dc channel): 0.0013 (0.0015)  L1 (Dn channel): 0.0009 (0.0014)  IoU (P channel): 0.2149 (0.1915)  iter-time: 0.6821
[14:08:46.994668] Epoch: [15]  [26/27]  eta: 0:00:00  loss: 0.1406 (0.2206)  IoU (F channel): 0.3084 (0.2357)  L1 (Dc channel): 0.0013 (0.0014)  L1 (Dn channel): 0.0011 (0.0014)  IoU (P channel): 0.2149 (0.1877)  iter-time: 0.7470
[14:08:46.994764] Epoch: [15] Total time: 0:00:25 (0.9329 s / it)
[14:08:46.994791] [Val] averaged stats: loss: 0.1406 (0.2206)  IoU (F channel): 0.3084 (0.2357)  L1 (Dc channel): 0.0013 (0.0014)  L1 (Dn channel): 0.0011 (0.0014)  IoU (P channel): 0.2149 (0.1877)
[14:08:46.994981] [Val] best loss: 0.2164 best  IoU (F channel): 0.2579 L1 (Dc channel): 0.0018 L1 (Dn channel): 0.0017 IoU (P channel): 0.2139 
[14:08:47.007792] Creating training plots . . .
EarlyStopping counter: 2 out of 10
[14:08:53.561719] [Time] 8.3m 2.0h/8.4h

[14:08:53.561748] ~~~ Epoch 16/60 ~~~

[14:08:59.536308] Epoch: [16]  [  0/491]  eta: 0:48:52  loss: 0.0946 (0.0946)  IoU (F channel): 0.3583 (0.3583)  L1 (Dc channel): 0.0012 (0.0012)  L1 (Dn channel): 0.0008 (0.0008)  IoU (P channel): 0.2622 (0.2622)  lr: 0.000936  iter-time: 5.9722
[14:09:09.355160] Epoch: [16]  [ 10/491]  eta: 0:11:30  loss: 0.0946 (0.1244)  IoU (F channel): 0.2121 (0.2466)  L1 (Dc channel): 0.0013 (0.0015)  L1 (Dn channel): 0.0011 (0.0012)  IoU (P channel): 0.1586 (0.1922)  lr: 0.000937  iter-time: 1.4355
[14:09:18.779118] Epoch: [16]  [ 20/491]  eta: 0:09:25  loss: 0.1199 (0.1298)  IoU (F channel): 0.2977 (0.2882)  L1 (Dc channel): 0.0014 (0.0016)  L1 (Dn channel): 0.0011 (0.0012)  IoU (P channel): 0.2615 (0.2381)  lr: 0.000938  iter-time: 0.9620
[14:09:28.262467] Epoch: [16]  [ 30/491]  eta: 0:08:35  loss: 0.1224 (0.1304)  IoU (F channel): 0.2977 (0.2935)  L1 (Dc channel): 0.0014 (0.0015)  L1 (Dn channel): 0.0013 (0.0014)  IoU (P channel): 0.2663 (0.2505)  lr: 0.000938  iter-time: 0.9452
[14:09:37.705336] Epoch: [16]  [ 40/491]  eta: 0:08:05  loss: 0.1141 (0.1307)  IoU (F channel): 0.3005 (0.3018)  L1 (Dc channel): 0.0015 (0.0015)  L1 (Dn channel): 0.0018 (0.0015)  IoU (P channel): 0.2956 (0.2632)  lr: 0.000939  iter-time: 0.9462
[14:09:47.275412] Epoch: [16]  [ 50/491]  eta: 0:07:44  loss: 0.1154 (0.1279)  IoU (F channel): 0.2833 (0.2897)  L1 (Dc channel): 0.0016 (0.0016)  L1 (Dn channel): 0.0016 (0.0015)  IoU (P channel): 0.2659 (0.2520)  lr: 0.000940  iter-time: 0.9505
[14:09:56.754268] Epoch: [16]  [ 60/491]  eta: 0:07:26  loss: 0.1154 (0.1295)  IoU (F channel): 0.2729 (0.3007)  L1 (Dc channel): 0.0017 (0.0016)  L1 (Dn channel): 0.0016 (0.0016)  IoU (P channel): 0.2375 (0.2582)  lr: 0.000941  iter-time: 0.9523
[14:10:06.163155] Epoch: [16]  [ 70/491]  eta: 0:07:10  loss: 0.1069 (0.1312)  IoU (F channel): 0.3242 (0.3037)  L1 (Dc channel): 0.0016 (0.0016)  L1 (Dn channel): 0.0016 (0.0016)  IoU (P channel): 0.2658 (0.2579)  lr: 0.000942  iter-time: 0.9443
[14:10:15.438482] Epoch: [16]  [ 80/491]  eta: 0:06:55  loss: 0.1054 (0.1289)  IoU (F channel): 0.2665 (0.2987)  L1 (Dc channel): 0.0015 (0.0016)  L1 (Dn channel): 0.0016 (0.0016)  IoU (P channel): 0.2415 (0.2534)  lr: 0.000942  iter-time: 0.9341
[14:10:24.873917] Epoch: [16]  [ 90/491]  eta: 0:06:42  loss: 0.1115 (0.1288)  IoU (F channel): 0.3028 (0.3027)  L1 (Dc channel): 0.0016 (0.0016)  L1 (Dn channel): 0.0018 (0.0016)  IoU (P channel): 0.2667 (0.2570)  lr: 0.000943  iter-time: 0.9354
[14:10:34.322341] Epoch: [16]  [100/491]  eta: 0:06:30  loss: 0.1163 (0.1275)  IoU (F channel): 0.3283 (0.3033)  L1 (Dc channel): 0.0017 (0.0016)  L1 (Dn channel): 0.0017 (0.0016)  IoU (P channel): 0.2667 (0.2581)  lr: 0.000944  iter-time: 0.9440
[14:10:43.613493] Epoch: [16]  [110/491]  eta: 0:06:17  loss: 0.0953 (0.1256)  IoU (F channel): 0.3055 (0.3063)  L1 (Dc channel): 0.0016 (0.0016)  L1 (Dn channel): 0.0016 (0.0016)  IoU (P channel): 0.2681 (0.2624)  lr: 0.000945  iter-time: 0.9369
[14:10:53.108117] Epoch: [16]  [120/491]  eta: 0:06:06  loss: 0.1170 (0.1271)  IoU (F channel): 0.3451 (0.3124)  L1 (Dc channel): 0.0017 (0.0016)  L1 (Dn channel): 0.0017 (0.0017)  IoU (P channel): 0.2906 (0.2667)  lr: 0.000946  iter-time: 0.9392
[14:11:02.554548] Epoch: [16]  [130/491]  eta: 0:05:55  loss: 0.1328 (0.1278)  IoU (F channel): 0.3451 (0.3127)  L1 (Dc channel): 0.0017 (0.0016)  L1 (Dn channel): 0.0019 (0.0017)  IoU (P channel): 0.2937 (0.2690)  lr: 0.000946  iter-time: 0.9469
[14:11:12.125863] Epoch: [16]  [140/491]  eta: 0:05:44  loss: 0.1032 (0.1253)  IoU (F channel): 0.3321 (0.3147)  L1 (Dc channel): 0.0016 (0.0016)  L1 (Dn channel): 0.0016 (0.0017)  IoU (P channel): 0.2937 (0.2698)  lr: 0.000947  iter-time: 0.9508
[14:11:21.311958] Epoch: [16]  [150/491]  eta: 0:05:33  loss: 0.0934 (0.1251)  IoU (F channel): 0.3249 (0.3154)  L1 (Dc channel): 0.0015 (0.0016)  L1 (Dn channel): 0.0017 (0.0017)  IoU (P channel): 0.2798 (0.2711)  lr: 0.000948  iter-time: 0.9378
[14:11:30.460594] Epoch: [16]  [160/491]  eta: 0:05:22  loss: 0.1131 (0.1248)  IoU (F channel): 0.3249 (0.3192)  L1 (Dc channel): 0.0016 (0.0016)  L1 (Dn channel): 0.0017 (0.0017)  IoU (P channel): 0.2916 (0.2735)  lr: 0.000949  iter-time: 0.9166
[14:11:39.877131] Epoch: [16]  [170/491]  eta: 0:05:12  loss: 0.1167 (0.1244)  IoU (F channel): 0.3289 (0.3200)  L1 (Dc channel): 0.0016 (0.0016)  L1 (Dn channel): 0.0017 (0.0017)  IoU (P channel): 0.2979 (0.2751)  lr: 0.000950  iter-time: 0.9282
[14:11:49.185624] Epoch: [16]  [180/491]  eta: 0:05:01  loss: 0.1053 (0.1239)  IoU (F channel): 0.3188 (0.3218)  L1 (Dc channel): 0.0016 (0.0016)  L1 (Dn channel): 0.0015 (0.0017)  IoU (P channel): 0.2961 (0.2759)  lr: 0.000950  iter-time: 0.9361
[14:11:58.671838] Epoch: [16]  [190/491]  eta: 0:04:51  loss: 0.1052 (0.1237)  IoU (F channel): 0.3188 (0.3214)  L1 (Dc channel): 0.0016 (0.0016)  L1 (Dn channel): 0.0015 (0.0017)  IoU (P channel): 0.2730 (0.2749)  lr: 0.000951  iter-time: 0.9396
[14:12:08.028216] Epoch: [16]  [200/491]  eta: 0:04:41  loss: 0.1126 (0.1241)  IoU (F channel): 0.3179 (0.3213)  L1 (Dc channel): 0.0016 (0.0016)  L1 (Dn channel): 0.0017 (0.0017)  IoU (P channel): 0.2484 (0.2748)  lr: 0.000952  iter-time: 0.9420
[14:12:17.314149] Epoch: [16]  [210/491]  eta: 0:04:31  loss: 0.1013 (0.1230)  IoU (F channel): 0.3179 (0.3231)  L1 (Dc channel): 0.0015 (0.0016)  L1 (Dn channel): 0.0016 (0.0017)  IoU (P channel): 0.2710 (0.2760)  lr: 0.000953  iter-time: 0.9320
[14:12:26.580888] Epoch: [16]  [220/491]  eta: 0:04:21  loss: 0.0977 (0.1227)  IoU (F channel): 0.3187 (0.3244)  L1 (Dc channel): 0.0015 (0.0016)  L1 (Dn channel): 0.0017 (0.0017)  IoU (P channel): 0.2775 (0.2771)  lr: 0.000953  iter-time: 0.9275
[14:12:35.880334] Epoch: [16]  [230/491]  eta: 0:04:11  loss: 0.0977 (0.1219)  IoU (F channel): 0.3231 (0.3252)  L1 (Dc channel): 0.0014 (0.0016)  L1 (Dn channel): 0.0015 (0.0017)  IoU (P channel): 0.2756 (0.2770)  lr: 0.000954  iter-time: 0.9282
[14:12:45.230524] Epoch: [16]  [240/491]  eta: 0:04:01  loss: 0.0911 (0.1222)  IoU (F channel): 0.3231 (0.3261)  L1 (Dc channel): 0.0016 (0.0016)  L1 (Dn channel): 0.0015 (0.0017)  IoU (P channel): 0.2966 (0.2784)  lr: 0.000955  iter-time: 0.9323
[14:12:54.596727] Epoch: [16]  [250/491]  eta: 0:03:51  loss: 0.0838 (0.1213)  IoU (F channel): 0.3530 (0.3259)  L1 (Dc channel): 0.0015 (0.0016)  L1 (Dn channel): 0.0018 (0.0017)  IoU (P channel): 0.2966 (0.2782)  lr: 0.000955  iter-time: 0.9357
[14:13:03.938807] Epoch: [16]  [260/491]  eta: 0:03:41  loss: 0.0838 (0.1212)  IoU (F channel): 0.3126 (0.3252)  L1 (Dc channel): 0.0013 (0.0016)  L1 (Dn channel): 0.0016 (0.0017)  IoU (P channel): 0.2541 (0.2777)  lr: 0.000956  iter-time: 0.9353
[14:13:13.201310] Epoch: [16]  [270/491]  eta: 0:03:31  loss: 0.0902 (0.1202)  IoU (F channel): 0.2935 (0.3245)  L1 (Dc channel): 0.0013 (0.0016)  L1 (Dn channel): 0.0015 (0.0017)  IoU (P channel): 0.2576 (0.2772)  lr: 0.000957  iter-time: 0.9301
[14:13:22.608350] Epoch: [16]  [280/491]  eta: 0:03:21  loss: 0.0913 (0.1195)  IoU (F channel): 0.3227 (0.3248)  L1 (Dc channel): 0.0014 (0.0016)  L1 (Dn channel): 0.0014 (0.0017)  IoU (P channel): 0.2904 (0.2785)  lr: 0.000958  iter-time: 0.9334
[14:13:31.966568] Epoch: [16]  [290/491]  eta: 0:03:12  loss: 0.0913 (0.1185)  IoU (F channel): 0.3275 (0.3250)  L1 (Dc channel): 0.0014 (0.0016)  L1 (Dn channel): 0.0014 (0.0017)  IoU (P channel): 0.2957 (0.2791)  lr: 0.000958  iter-time: 0.9381
[14:13:41.369560] Epoch: [16]  [300/491]  eta: 0:03:02  loss: 0.0844 (0.1175)  IoU (F channel): 0.2972 (0.3244)  L1 (Dc channel): 0.0014 (0.0016)  L1 (Dn channel): 0.0014 (0.0017)  IoU (P channel): 0.2897 (0.2790)  lr: 0.000959  iter-time: 0.9379
[14:13:50.634239] Epoch: [16]  [310/491]  eta: 0:02:52  loss: 0.0826 (0.1169)  IoU (F channel): 0.3222 (0.3252)  L1 (Dc channel): 0.0014 (0.0016)  L1 (Dn channel): 0.0015 (0.0017)  IoU (P channel): 0.3074 (0.2803)  lr: 0.000960  iter-time: 0.9333
[14:14:00.029663] Epoch: [16]  [320/491]  eta: 0:02:43  loss: 0.0849 (0.1163)  IoU (F channel): 0.3401 (0.3263)  L1 (Dc channel): 0.0014 (0.0016)  L1 (Dn channel): 0.0015 (0.0017)  IoU (P channel): 0.3131 (0.2810)  lr: 0.000960  iter-time: 0.9329
[14:14:09.494036] Epoch: [16]  [330/491]  eta: 0:02:33  loss: 0.0826 (0.1157)  IoU (F channel): 0.3435 (0.3268)  L1 (Dc channel): 0.0015 (0.0016)  L1 (Dn channel): 0.0015 (0.0017)  IoU (P channel): 0.3013 (0.2817)  lr: 0.000961  iter-time: 0.9428
[14:14:18.878806] Epoch: [16]  [340/491]  eta: 0:02:24  loss: 0.0972 (0.1152)  IoU (F channel): 0.3535 (0.3271)  L1 (Dc channel): 0.0015 (0.0016)  L1 (Dn channel): 0.0014 (0.0017)  IoU (P channel): 0.3013 (0.2824)  lr: 0.000962  iter-time: 0.9423
[14:14:28.415417] Epoch: [16]  [350/491]  eta: 0:02:14  loss: 0.1056 (0.1153)  IoU (F channel): 0.3426 (0.3264)  L1 (Dc channel): 0.0015 (0.0016)  L1 (Dn channel): 0.0015 (0.0017)  IoU (P channel): 0.3024 (0.2814)  lr: 0.000962  iter-time: 0.9459
[14:14:37.638657] Epoch: [16]  [360/491]  eta: 0:02:04  loss: 0.1056 (0.1154)  IoU (F channel): 0.3089 (0.3265)  L1 (Dc channel): 0.0015 (0.0016)  L1 (Dn channel): 0.0015 (0.0017)  IoU (P channel): 0.2795 (0.2814)  lr: 0.000963  iter-time: 0.9379
[14:14:47.031630] Epoch: [16]  [370/491]  eta: 0:01:55  loss: 0.1080 (0.1157)  IoU (F channel): 0.2925 (0.3256)  L1 (Dc channel): 0.0015 (0.0016)  L1 (Dn channel): 0.0015 (0.0017)  IoU (P channel): 0.2743 (0.2810)  lr: 0.000964  iter-time: 0.9307
[14:14:56.470111] Epoch: [16]  [380/491]  eta: 0:01:45  loss: 0.1085 (0.1156)  IoU (F channel): 0.3132 (0.3263)  L1 (Dc channel): 0.0015 (0.0016)  L1 (Dn channel): 0.0017 (0.0017)  IoU (P channel): 0.2706 (0.2814)  lr: 0.000964  iter-time: 0.9415
[14:15:05.728424] Epoch: [16]  [390/491]  eta: 0:01:36  loss: 0.1085 (0.1159)  IoU (F channel): 0.3130 (0.3251)  L1 (Dc channel): 0.0015 (0.0016)  L1 (Dn channel): 0.0017 (0.0017)  IoU (P channel): 0.2706 (0.2808)  lr: 0.000965  iter-time: 0.9347
[14:15:15.104311] Epoch: [16]  [400/491]  eta: 0:01:26  loss: 0.1222 (0.1160)  IoU (F channel): 0.3323 (0.3260)  L1 (Dc channel): 0.0015 (0.0016)  L1 (Dn channel): 0.0016 (0.0017)  IoU (P channel): 0.2900 (0.2818)  lr: 0.000966  iter-time: 0.9316
[14:15:24.663810] Epoch: [16]  [410/491]  eta: 0:01:17  loss: 0.1049 (0.1157)  IoU (F channel): 0.3482 (0.3269)  L1 (Dc channel): 0.0015 (0.0016)  L1 (Dn channel): 0.0016 (0.0017)  IoU (P channel): 0.3305 (0.2829)  lr: 0.000966  iter-time: 0.9466
[14:15:34.101444] Epoch: [16]  [420/491]  eta: 0:01:07  loss: 0.1055 (0.1161)  IoU (F channel): 0.3500 (0.3277)  L1 (Dc channel): 0.0015 (0.0016)  L1 (Dn channel): 0.0016 (0.0017)  IoU (P channel): 0.3240 (0.2834)  lr: 0.000967  iter-time: 0.9497
[14:15:43.522741] Epoch: [16]  [430/491]  eta: 0:00:58  loss: 0.1068 (0.1160)  IoU (F channel): 0.3157 (0.3272)  L1 (Dc channel): 0.0016 (0.0016)  L1 (Dn channel): 0.0016 (0.0017)  IoU (P channel): 0.2892 (0.2833)  lr: 0.000968  iter-time: 0.9428
[14:15:52.748197] Epoch: [16]  [440/491]  eta: 0:00:48  loss: 0.1047 (0.1160)  IoU (F channel): 0.3157 (0.3279)  L1 (Dc channel): 0.0014 (0.0016)  L1 (Dn channel): 0.0015 (0.0017)  IoU (P channel): 0.2868 (0.2837)  lr: 0.000968  iter-time: 0.9322
[14:16:02.051829] Epoch: [16]  [450/491]  eta: 0:00:38  loss: 0.1092 (0.1162)  IoU (F channel): 0.3438 (0.3280)  L1 (Dc channel): 0.0014 (0.0016)  L1 (Dn channel): 0.0016 (0.0017)  IoU (P channel): 0.3067 (0.2842)  lr: 0.000969  iter-time: 0.9264
[14:16:11.348488] Epoch: [16]  [460/491]  eta: 0:00:29  loss: 0.1029 (0.1154)  IoU (F channel): 0.3231 (0.3282)  L1 (Dc channel): 0.0015 (0.0016)  L1 (Dn channel): 0.0015 (0.0017)  IoU (P channel): 0.3021 (0.2840)  lr: 0.000969  iter-time: 0.9299
[14:16:20.891835] Epoch: [16]  [470/491]  eta: 0:00:19  loss: 0.0814 (0.1152)  IoU (F channel): 0.3218 (0.3272)  L1 (Dc channel): 0.0014 (0.0016)  L1 (Dn channel): 0.0014 (0.0017)  IoU (P channel): 0.2403 (0.2828)  lr: 0.000970  iter-time: 0.9419
[14:16:30.207361] Epoch: [16]  [480/491]  eta: 0:00:10  loss: 0.1055 (0.1160)  IoU (F channel): 0.3462 (0.3276)  L1 (Dc channel): 0.0017 (0.0016)  L1 (Dn channel): 0.0016 (0.0017)  IoU (P channel): 0.2386 (0.2825)  lr: 0.000971  iter-time: 0.9428
[14:16:38.859632] Epoch: [16]  [490/491]  eta: 0:00:00  loss: 0.1142 (0.1159)  IoU (F channel): 0.3462 (0.3279)  L1 (Dc channel): 0.0016 (0.0016)  L1 (Dn channel): 0.0016 (0.0017)  IoU (P channel): 0.2428 (0.2822)  lr: 0.000971  iter-time: 0.8983
[14:16:38.859756] Epoch: [16] Total time: 0:07:45 (0.9477 s / it)
[14:16:38.859799] [Train] averaged stats: loss: 0.1142 (0.1159)  IoU (F channel): 0.3462 (0.3279)  L1 (Dc channel): 0.0016 (0.0016)  L1 (Dn channel): 0.0016 (0.0017)  IoU (P channel): 0.2428 (0.2822)  lr: 0.000971
[14:16:44.886622] Epoch: [16]  [ 0/27]  eta: 0:02:42  loss: 0.0307 (0.0307)  IoU (F channel): 0.0000 (0.0000)  L1 (Dc channel): 0.0009 (0.0009)  L1 (Dn channel): 0.0016 (0.0016)  IoU (P channel): 0.0000 (0.0000)  iter-time: 6.0253
[14:16:54.869272] Epoch: [16]  [10/27]  eta: 0:00:24  loss: 0.1636 (0.3078)  IoU (F channel): 0.3452 (0.2304)  L1 (Dc channel): 0.0010 (0.0012)  L1 (Dn channel): 0.0016 (0.0023)  IoU (P channel): 0.2113 (0.1816)  iter-time: 1.4552
[14:17:00.574276] Epoch: [16]  [20/27]  eta: 0:00:07  loss: 0.1340 (0.2448)  IoU (F channel): 0.3203 (0.2599)  L1 (Dc channel): 0.0011 (0.0013)  L1 (Dn channel): 0.0016 (0.0022)  IoU (P channel): 0.2559 (0.2044)  iter-time: 0.7843
[14:17:02.093735] Epoch: [16]  [26/27]  eta: 0:00:00  loss: 0.1340 (0.2499)  IoU (F channel): 0.3203 (0.2740)  L1 (Dc channel): 0.0012 (0.0012)  L1 (Dn channel): 0.0018 (0.0021)  IoU (P channel): 0.2630 (0.2122)  iter-time: 0.5855
[14:17:02.093873] Epoch: [16] Total time: 0:00:23 (0.8605 s / it)
[14:17:02.093898] [Val] averaged stats: loss: 0.1340 (0.2499)  IoU (F channel): 0.3203 (0.2740)  L1 (Dc channel): 0.0012 (0.0012)  L1 (Dn channel): 0.0018 (0.0021)  IoU (P channel): 0.2630 (0.2122)
[14:17:02.094074] [Val] best loss: 0.2164 best  IoU (F channel): 0.2579 L1 (Dc channel): 0.0018 L1 (Dn channel): 0.0017 IoU (P channel): 0.2139 
EarlyStopping counter: 3 out of 10
[14:17:02.105270] [Time] 8.1m 2.2h/8.3h

[14:17:02.105290] ~~~ Epoch 17/60 ~~~

[14:17:09.264182] Epoch: [17]  [  0/491]  eta: 0:58:34  loss: 0.1402 (0.1402)  IoU (F channel): 0.4109 (0.4109)  L1 (Dc channel): 0.0015 (0.0015)  L1 (Dn channel): 0.0020 (0.0020)  IoU (P channel): 0.3772 (0.3772)  lr: 0.000971  iter-time: 7.1577
[14:17:18.883148] Epoch: [17]  [ 10/491]  eta: 0:12:13  loss: 0.1095 (0.1134)  IoU (F channel): 0.2950 (0.3239)  L1 (Dc channel): 0.0011 (0.0012)  L1 (Dn channel): 0.0016 (0.0016)  IoU (P channel): 0.2515 (0.2705)  lr: 0.000972  iter-time: 1.5250
[14:17:28.322468] Epoch: [17]  [ 20/491]  eta: 0:09:47  loss: 0.1030 (0.1158)  IoU (F channel): 0.2950 (0.3396)  L1 (Dc channel): 0.0013 (0.0013)  L1 (Dn channel): 0.0016 (0.0017)  IoU (P channel): 0.2680 (0.2905)  lr: 0.000972  iter-time: 0.9528
[14:17:37.791656] Epoch: [17]  [ 30/491]  eta: 0:08:50  loss: 0.1000 (0.1082)  IoU (F channel): 0.3562 (0.3421)  L1 (Dc channel): 0.0013 (0.0013)  L1 (Dn channel): 0.0015 (0.0016)  IoU (P channel): 0.3019 (0.2878)  lr: 0.000973  iter-time: 0.9453
[14:17:47.251625] Epoch: [17]  [ 40/491]  eta: 0:08:16  loss: 0.0942 (0.1044)  IoU (F channel): 0.3282 (0.3360)  L1 (Dc channel): 0.0013 (0.0013)  L1 (Dn channel): 0.0014 (0.0016)  IoU (P channel): 0.2983 (0.2866)  lr: 0.000973  iter-time: 0.9464
[14:17:56.675055] Epoch: [17]  [ 50/491]  eta: 0:07:51  loss: 0.0984 (0.1068)  IoU (F channel): 0.3296 (0.3442)  L1 (Dc channel): 0.0016 (0.0014)  L1 (Dn channel): 0.0014 (0.0016)  IoU (P channel): 0.3047 (0.2908)  lr: 0.000974  iter-time: 0.9441
[14:18:05.993791] Epoch: [17]  [ 60/491]  eta: 0:07:31  loss: 0.1058 (0.1059)  IoU (F channel): 0.3145 (0.3342)  L1 (Dc channel): 0.0015 (0.0014)  L1 (Dn channel): 0.0016 (0.0016)  IoU (P channel): 0.3087 (0.2845)  lr: 0.000975  iter-time: 0.9370
[14:18:15.462601] Epoch: [17]  [ 70/491]  eta: 0:07:14  loss: 0.1060 (0.1065)  IoU (F channel): 0.2936 (0.3326)  L1 (Dc channel): 0.0014 (0.0014)  L1 (Dn channel): 0.0016 (0.0016)  IoU (P channel): 0.2605 (0.2828)  lr: 0.000975  iter-time: 0.9393
[14:18:24.886185] Epoch: [17]  [ 80/491]  eta: 0:06:59  loss: 0.1060 (0.1064)  IoU (F channel): 0.3328 (0.3366)  L1 (Dc channel): 0.0014 (0.0014)  L1 (Dn channel): 0.0016 (0.0016)  IoU (P channel): 0.3007 (0.2887)  lr: 0.000976  iter-time: 0.9445
[14:18:34.218069] Epoch: [17]  [ 90/491]  eta: 0:06:45  loss: 0.1073 (0.1079)  IoU (F channel): 0.2992 (0.3334)  L1 (Dc channel): 0.0014 (0.0014)  L1 (Dn channel): 0.0015 (0.0016)  IoU (P channel): 0.2868 (0.2870)  lr: 0.000976  iter-time: 0.9376
[14:18:43.579150] Epoch: [17]  [100/491]  eta: 0:06:32  loss: 0.1144 (0.1095)  IoU (F channel): 0.2933 (0.3397)  L1 (Dc channel): 0.0015 (0.0014)  L1 (Dn channel): 0.0016 (0.0016)  IoU (P channel): 0.2845 (0.2903)  lr: 0.000977  iter-time: 0.9345
[14:18:52.921907] Epoch: [17]  [110/491]  eta: 0:06:20  loss: 0.1010 (0.1072)  IoU (F channel): 0.3561 (0.3409)  L1 (Dc channel): 0.0015 (0.0014)  L1 (Dn channel): 0.0014 (0.0016)  IoU (P channel): 0.2845 (0.2883)  lr: 0.000977  iter-time: 0.9351
[14:19:02.234126] Epoch: [17]  [120/491]  eta: 0:06:08  loss: 0.0781 (0.1072)  IoU (F channel): 0.3421 (0.3406)  L1 (Dc channel): 0.0013 (0.0014)  L1 (Dn channel): 0.0014 (0.0016)  IoU (P channel): 0.2585 (0.2874)  lr: 0.000978  iter-time: 0.9326
[14:19:11.499248] Epoch: [17]  [130/491]  eta: 0:05:56  loss: 0.0980 (0.1070)  IoU (F channel): 0.2959 (0.3381)  L1 (Dc channel): 0.0014 (0.0014)  L1 (Dn channel): 0.0015 (0.0016)  IoU (P channel): 0.2617 (0.2860)  lr: 0.000978  iter-time: 0.9288
[14:19:21.010073] Epoch: [17]  [140/491]  eta: 0:05:45  loss: 0.1061 (0.1067)  IoU (F channel): 0.3056 (0.3395)  L1 (Dc channel): 0.0014 (0.0014)  L1 (Dn channel): 0.0016 (0.0016)  IoU (P channel): 0.2834 (0.2882)  lr: 0.000979  iter-time: 0.9387
[14:19:30.373483] Epoch: [17]  [150/491]  eta: 0:05:34  loss: 0.1071 (0.1076)  IoU (F channel): 0.3375 (0.3412)  L1 (Dc channel): 0.0014 (0.0014)  L1 (Dn channel): 0.0016 (0.0016)  IoU (P channel): 0.3211 (0.2902)  lr: 0.000979  iter-time: 0.9436
[14:19:39.804329] Epoch: [17]  [160/491]  eta: 0:05:24  loss: 0.0873 (0.1064)  IoU (F channel): 0.3393 (0.3418)  L1 (Dc channel): 0.0014 (0.0014)  L1 (Dn channel): 0.0014 (0.0016)  IoU (P channel): 0.3017 (0.2910)  lr: 0.000980  iter-time: 0.9396
[14:19:49.256823] Epoch: [17]  [170/491]  eta: 0:05:13  loss: 0.0867 (0.1055)  IoU (F channel): 0.3250 (0.3404)  L1 (Dc channel): 0.0013 (0.0014)  L1 (Dn channel): 0.0013 (0.0016)  IoU (P channel): 0.2900 (0.2902)  lr: 0.000980  iter-time: 0.9383
[14:19:58.585845] Epoch: [17]  [180/491]  eta: 0:05:02  loss: 0.1072 (0.1064)  IoU (F channel): 0.3105 (0.3407)  L1 (Dc channel): 0.0016 (0.0014)  L1 (Dn channel): 0.0014 (0.0016)  IoU (P channel): 0.2989 (0.2906)  lr: 0.000981  iter-time: 0.9332
[14:20:07.878893] Epoch: [17]  [190/491]  eta: 0:04:52  loss: 0.1187 (0.1080)  IoU (F channel): 0.3325 (0.3399)  L1 (Dc channel): 0.0015 (0.0014)  L1 (Dn channel): 0.0015 (0.0016)  IoU (P channel): 0.2989 (0.2898)  lr: 0.000981  iter-time: 0.9310
[14:20:17.407149] Epoch: [17]  [200/491]  eta: 0:04:42  loss: 0.1119 (0.1090)  IoU (F channel): 0.2799 (0.3373)  L1 (Dc channel): 0.0014 (0.0014)  L1 (Dn channel): 0.0014 (0.0016)  IoU (P channel): 0.2544 (0.2871)  lr: 0.000982  iter-time: 0.9410
[14:20:26.699586] Epoch: [17]  [210/491]  eta: 0:04:32  loss: 0.1119 (0.1118)  IoU (F channel): 0.2590 (0.3361)  L1 (Dc channel): 0.0014 (0.0015)  L1 (Dn channel): 0.0014 (0.0016)  IoU (P channel): 0.2245 (0.2863)  lr: 0.000982  iter-time: 0.9409
[14:20:36.083298] Epoch: [17]  [220/491]  eta: 0:04:22  loss: 0.1700 (0.1155)  IoU (F channel): 0.2518 (0.3339)  L1 (Dc channel): 0.0017 (0.0015)  L1 (Dn channel): 0.0014 (0.0016)  IoU (P channel): 0.2133 (0.2832)  lr: 0.000983  iter-time: 0.9337
[14:20:45.622086] Epoch: [17]  [230/491]  eta: 0:04:12  loss: 0.1452 (0.1159)  IoU (F channel): 0.3340 (0.3346)  L1 (Dc channel): 0.0015 (0.0015)  L1 (Dn channel): 0.0013 (0.0016)  IoU (P channel): 0.2562 (0.2830)  lr: 0.000983  iter-time: 0.9460
[14:20:55.158239] Epoch: [17]  [240/491]  eta: 0:04:02  loss: 0.1307 (0.1166)  IoU (F channel): 0.3209 (0.3339)  L1 (Dc channel): 0.0012 (0.0015)  L1 (Dn channel): 0.0012 (0.0015)  IoU (P channel): 0.2681 (0.2827)  lr: 0.000983  iter-time: 0.9536
[14:21:04.398204] Epoch: [17]  [250/491]  eta: 0:03:52  loss: 0.1050 (0.1161)  IoU (F channel): 0.3381 (0.3355)  L1 (Dc channel): 0.0011 (0.0014)  L1 (Dn channel): 0.0011 (0.0015)  IoU (P channel): 0.2777 (0.2838)  lr: 0.000984  iter-time: 0.9387
[14:21:13.745658] Epoch: [17]  [260/491]  eta: 0:03:42  loss: 0.0905 (0.1152)  IoU (F channel): 0.3559 (0.3375)  L1 (Dc channel): 0.0010 (0.0014)  L1 (Dn channel): 0.0009 (0.0015)  IoU (P channel): 0.2979 (0.2847)  lr: 0.000984  iter-time: 0.9293
[14:21:23.098712] Epoch: [17]  [270/491]  eta: 0:03:32  loss: 0.0982 (0.1159)  IoU (F channel): 0.3597 (0.3375)  L1 (Dc channel): 0.0010 (0.0014)  L1 (Dn channel): 0.0009 (0.0015)  IoU (P channel): 0.2808 (0.2842)  lr: 0.000985  iter-time: 0.9349
[14:21:32.545441] Epoch: [17]  [280/491]  eta: 0:03:22  loss: 0.1177 (0.1157)  IoU (F channel): 0.3664 (0.3378)  L1 (Dc channel): 0.0011 (0.0014)  L1 (Dn channel): 0.0012 (0.0015)  IoU (P channel): 0.2781 (0.2840)  lr: 0.000985  iter-time: 0.9399
[14:21:42.033140] Epoch: [17]  [290/491]  eta: 0:03:13  loss: 0.0992 (0.1161)  IoU (F channel): 0.3419 (0.3382)  L1 (Dc channel): 0.0012 (0.0014)  L1 (Dn channel): 0.0014 (0.0015)  IoU (P channel): 0.2747 (0.2839)  lr: 0.000986  iter-time: 0.9466
[14:21:51.448509] Epoch: [17]  [300/491]  eta: 0:03:03  loss: 0.0928 (0.1162)  IoU (F channel): 0.3419 (0.3392)  L1 (Dc channel): 0.0016 (0.0014)  L1 (Dn channel): 0.0018 (0.0015)  IoU (P channel): 0.2625 (0.2841)  lr: 0.000986  iter-time: 0.9450
[14:22:01.011960] Epoch: [17]  [310/491]  eta: 0:02:53  loss: 0.1004 (0.1160)  IoU (F channel): 0.3405 (0.3390)  L1 (Dc channel): 0.0015 (0.0014)  L1 (Dn channel): 0.0016 (0.0015)  IoU (P channel): 0.2833 (0.2847)  lr: 0.000986  iter-time: 0.9463
[14:22:10.304811] Epoch: [17]  [320/491]  eta: 0:02:44  loss: 0.0943 (0.1151)  IoU (F channel): 0.3405 (0.3402)  L1 (Dc channel): 0.0013 (0.0014)  L1 (Dn channel): 0.0015 (0.0015)  IoU (P channel): 0.2870 (0.2851)  lr: 0.000987  iter-time: 0.9402
[14:22:19.699443] Epoch: [17]  [330/491]  eta: 0:02:34  loss: 0.0960 (0.1153)  IoU (F channel): 0.3666 (0.3399)  L1 (Dc channel): 0.0012 (0.0014)  L1 (Dn channel): 0.0015 (0.0015)  IoU (P channel): 0.2730 (0.2849)  lr: 0.000987  iter-time: 0.9342
[14:22:28.992582] Epoch: [17]  [340/491]  eta: 0:02:24  loss: 0.1087 (0.1160)  IoU (F channel): 0.3080 (0.3392)  L1 (Dc channel): 0.0014 (0.0014)  L1 (Dn channel): 0.0016 (0.0015)  IoU (P channel): 0.2507 (0.2834)  lr: 0.000988  iter-time: 0.9343
[14:22:38.396899] Epoch: [17]  [350/491]  eta: 0:02:15  loss: 0.1038 (0.1155)  IoU (F channel): 0.2856 (0.3378)  L1 (Dc channel): 0.0015 (0.0014)  L1 (Dn channel): 0.0015 (0.0015)  IoU (P channel): 0.2332 (0.2820)  lr: 0.000988  iter-time: 0.9348
[14:22:47.904689] Epoch: [17]  [360/491]  eta: 0:02:05  loss: 0.1085 (0.1160)  IoU (F channel): 0.2788 (0.3357)  L1 (Dc channel): 0.0012 (0.0014)  L1 (Dn channel): 0.0012 (0.0015)  IoU (P channel): 0.2374 (0.2807)  lr: 0.000988  iter-time: 0.9455
[14:22:57.235631] Epoch: [17]  [370/491]  eta: 0:01:55  loss: 0.1085 (0.1161)  IoU (F channel): 0.3303 (0.3355)  L1 (Dc channel): 0.0012 (0.0014)  L1 (Dn channel): 0.0013 (0.0015)  IoU (P channel): 0.2377 (0.2794)  lr: 0.000989  iter-time: 0.9418
[14:23:06.479617] Epoch: [17]  [380/491]  eta: 0:01:46  loss: 0.0948 (0.1158)  IoU (F channel): 0.3864 (0.3382)  L1 (Dc channel): 0.0015 (0.0014)  L1 (Dn channel): 0.0014 (0.0015)  IoU (P channel): 0.3210 (0.2811)  lr: 0.000989  iter-time: 0.9286
[14:23:16.032691] Epoch: [17]  [390/491]  eta: 0:01:36  loss: 0.1040 (0.1154)  IoU (F channel): 0.3726 (0.3379)  L1 (Dc channel): 0.0015 (0.0014)  L1 (Dn channel): 0.0017 (0.0015)  IoU (P channel): 0.3205 (0.2807)  lr: 0.000989  iter-time: 0.9398
[14:23:25.500322] Epoch: [17]  [400/491]  eta: 0:01:26  loss: 0.1081 (0.1156)  IoU (F channel): 0.3156 (0.3370)  L1 (Dc channel): 0.0015 (0.0014)  L1 (Dn channel): 0.0016 (0.0015)  IoU (P channel): 0.2596 (0.2797)  lr: 0.000990  iter-time: 0.9509
[14:23:35.033864] Epoch: [17]  [410/491]  eta: 0:01:17  loss: 0.1425 (0.1168)  IoU (F channel): 0.3167 (0.3362)  L1 (Dc channel): 0.0015 (0.0014)  L1 (Dn channel): 0.0016 (0.0015)  IoU (P channel): 0.2668 (0.2789)  lr: 0.000990  iter-time: 0.9450
[14:23:44.415540] Epoch: [17]  [420/491]  eta: 0:01:07  loss: 0.1206 (0.1164)  IoU (F channel): 0.3021 (0.3361)  L1 (Dc channel): 0.0013 (0.0014)  L1 (Dn channel): 0.0014 (0.0015)  IoU (P channel): 0.2635 (0.2784)  lr: 0.000991  iter-time: 0.9407
[14:23:53.837637] Epoch: [17]  [430/491]  eta: 0:00:58  loss: 0.1050 (0.1167)  IoU (F channel): 0.3021 (0.3365)  L1 (Dc channel): 0.0013 (0.0014)  L1 (Dn channel): 0.0012 (0.0015)  IoU (P channel): 0.2506 (0.2783)  lr: 0.000991  iter-time: 0.9401
[14:24:03.233599] Epoch: [17]  [440/491]  eta: 0:00:48  loss: 0.1009 (0.1161)  IoU (F channel): 0.3006 (0.3359)  L1 (Dc channel): 0.0013 (0.0014)  L1 (Dn channel): 0.0010 (0.0015)  IoU (P channel): 0.2664 (0.2780)  lr: 0.000991  iter-time: 0.9408
[14:24:12.595518] Epoch: [17]  [450/491]  eta: 0:00:39  loss: 0.0989 (0.1164)  IoU (F channel): 0.3278 (0.3367)  L1 (Dc channel): 0.0013 (0.0014)  L1 (Dn channel): 0.0012 (0.0015)  IoU (P channel): 0.2927 (0.2786)  lr: 0.000992  iter-time: 0.9378
[14:24:22.112503] Epoch: [17]  [460/491]  eta: 0:00:29  loss: 0.1174 (0.1163)  IoU (F channel): 0.3652 (0.3372)  L1 (Dc channel): 0.0013 (0.0014)  L1 (Dn channel): 0.0015 (0.0015)  IoU (P channel): 0.2927 (0.2789)  lr: 0.000992  iter-time: 0.9438
[14:24:31.464979] Epoch: [17]  [470/491]  eta: 0:00:20  loss: 0.1114 (0.1163)  IoU (F channel): 0.3232 (0.3377)  L1 (Dc channel): 0.0013 (0.0014)  L1 (Dn channel): 0.0015 (0.0015)  IoU (P channel): 0.2962 (0.2800)  lr: 0.000992  iter-time: 0.9434
[14:24:40.744766] Epoch: [17]  [480/491]  eta: 0:00:10  loss: 0.0874 (0.1159)  IoU (F channel): 0.3168 (0.3373)  L1 (Dc channel): 0.0011 (0.0014)  L1 (Dn channel): 0.0015 (0.0015)  IoU (P channel): 0.3002 (0.2797)  lr: 0.000992  iter-time: 0.9315
[14:24:49.409325] Epoch: [17]  [490/491]  eta: 0:00:00  loss: 0.0874 (0.1159)  IoU (F channel): 0.3286 (0.3379)  L1 (Dc channel): 0.0010 (0.0014)  L1 (Dn channel): 0.0015 (0.0015)  IoU (P channel): 0.2996 (0.2806)  lr: 0.000993  iter-time: 0.8971
[14:24:49.409443] Epoch: [17] Total time: 0:07:47 (0.9517 s / it)
[14:24:49.409481] [Train] averaged stats: loss: 0.0874 (0.1159)  IoU (F channel): 0.3286 (0.3379)  L1 (Dc channel): 0.0010 (0.0014)  L1 (Dn channel): 0.0015 (0.0015)  IoU (P channel): 0.2996 (0.2806)  lr: 0.000993
[14:24:58.190831] Epoch: [17]  [ 0/27]  eta: 0:03:57  loss: 0.0261 (0.0261)  IoU (F channel): 0.0000 (0.0000)  L1 (Dc channel): 0.0007 (0.0007)  L1 (Dn channel): 0.0011 (0.0011)  IoU (P channel): 0.0000 (0.0000)  iter-time: 8.7800
[14:25:04.573555] Epoch: [17]  [10/27]  eta: 0:00:23  loss: 0.1382 (0.1889)  IoU (F channel): 0.2850 (0.2084)  L1 (Dc channel): 0.0009 (0.0010)  L1 (Dn channel): 0.0013 (0.0019)  IoU (P channel): 0.2180 (0.1735)  iter-time: 1.3784
[14:25:09.510145] Epoch: [17]  [20/27]  eta: 0:00:06  loss: 0.1249 (0.1794)  IoU (F channel): 0.2850 (0.2422)  L1 (Dc channel): 0.0009 (0.0010)  L1 (Dn channel): 0.0013 (0.0018)  IoU (P channel): 0.2217 (0.1966)  iter-time: 0.5659
[14:25:13.184176] Epoch: [17]  [26/27]  eta: 0:00:00  loss: 0.1249 (0.1745)  IoU (F channel): 0.2842 (0.2528)  L1 (Dc channel): 0.0009 (0.0010)  L1 (Dn channel): 0.0015 (0.0018)  IoU (P channel): 0.2684 (0.2059)  iter-time: 0.6206
[14:25:13.184307] Epoch: [17] Total time: 0:00:23 (0.8805 s / it)
[14:25:13.184323] [Val] averaged stats: loss: 0.1249 (0.1745)  IoU (F channel): 0.2842 (0.2528)  L1 (Dc channel): 0.0009 (0.0010)  L1 (Dn channel): 0.0015 (0.0018)  IoU (P channel): 0.2684 (0.2059)
[14:25:13.184534] Val loss improved from 0.21640297439363268 to 0.17453251034021378, saving model to metrics/biapy/biapy-channel-scale-zarr-seunet/checkpoints/biapy-channel-scale-zarr-seunet_0-checkpoint-best.pth
[14:25:13.320045] [Val] best loss: 0.1745 best  IoU (F channel): 0.2528 L1 (Dc channel): 0.0010 L1 (Dn channel): 0.0018 IoU (P channel): 0.2059 
[14:25:13.345733] [Time] 8.2m 2.3h/8.3h

[14:25:13.345768] ~~~ Epoch 18/60 ~~~

[14:25:19.526609] Epoch: [18]  [  0/491]  eta: 0:50:33  loss: 0.1532 (0.1532)  IoU (F channel): 0.5082 (0.5082)  L1 (Dc channel): 0.0013 (0.0013)  L1 (Dn channel): 0.0016 (0.0016)  IoU (P channel): 0.3697 (0.3697)  lr: 0.000993  iter-time: 6.1789
[14:25:29.143885] Epoch: [18]  [ 10/491]  eta: 0:11:30  loss: 0.1437 (0.1345)  IoU (F channel): 0.3175 (0.3775)  L1 (Dc channel): 0.0016 (0.0016)  L1 (Dn channel): 0.0019 (0.0020)  IoU (P channel): 0.3135 (0.3207)  lr: 0.000993  iter-time: 1.4359
[14:25:38.642414] Epoch: [18]  [ 20/491]  eta: 0:09:27  loss: 0.1154 (0.1142)  IoU (F channel): 0.3175 (0.3647)  L1 (Dc channel): 0.0015 (0.0015)  L1 (Dn channel): 0.0015 (0.0018)  IoU (P channel): 0.3022 (0.3061)  lr: 0.000993  iter-time: 0.9557
[14:25:48.256938] Epoch: [18]  [ 30/491]  eta: 0:08:39  loss: 0.0920 (0.1128)  IoU (F channel): 0.3516 (0.3710)  L1 (Dc channel): 0.0016 (0.0015)  L1 (Dn channel): 0.0015 (0.0017)  IoU (P channel): 0.3140 (0.3115)  lr: 0.000994  iter-time: 0.9555
[14:25:57.516272] Epoch: [18]  [ 40/491]  eta: 0:08:05  loss: 0.0950 (0.1058)  IoU (F channel): 0.3685 (0.3699)  L1 (Dc channel): 0.0016 (0.0015)  L1 (Dn channel): 0.0014 (0.0016)  IoU (P channel): 0.3140 (0.3101)  lr: 0.000994  iter-time: 0.9436
[14:26:07.097440] Epoch: [18]  [ 50/491]  eta: 0:07:44  loss: 0.0948 (0.1064)  IoU (F channel): 0.3466 (0.3703)  L1 (Dc channel): 0.0015 (0.0015)  L1 (Dn channel): 0.0014 (0.0017)  IoU (P channel): 0.3051 (0.3102)  lr: 0.000994  iter-time: 0.9419
[14:26:16.436259] Epoch: [18]  [ 60/491]  eta: 0:07:25  loss: 0.0961 (0.1046)  IoU (F channel): 0.3394 (0.3651)  L1 (Dc channel): 0.0015 (0.0015)  L1 (Dn channel): 0.0016 (0.0016)  IoU (P channel): 0.2953 (0.3096)  lr: 0.000994  iter-time: 0.9459
[14:26:25.846143] Epoch: [18]  [ 70/491]  eta: 0:07:09  loss: 0.1083 (0.1079)  IoU (F channel): 0.3394 (0.3629)  L1 (Dc channel): 0.0014 (0.0015)  L1 (Dn channel): 0.0016 (0.0017)  IoU (P channel): 0.2953 (0.3089)  lr: 0.000995  iter-time: 0.9373
[14:26:35.115504] Epoch: [18]  [ 80/491]  eta: 0:06:54  loss: 0.1147 (0.1102)  IoU (F channel): 0.3754 (0.3649)  L1 (Dc channel): 0.0014 (0.0015)  L1 (Dn channel): 0.0017 (0.0017)  IoU (P channel): 0.3016 (0.3083)  lr: 0.000995  iter-time: 0.9338
[14:26:44.688853] Epoch: [18]  [ 90/491]  eta: 0:06:42  loss: 0.0909 (0.1095)  IoU (F channel): 0.3485 (0.3624)  L1 (Dc channel): 0.0014 (0.0015)  L1 (Dn channel): 0.0015 (0.0017)  IoU (P channel): 0.2942 (0.3063)  lr: 0.000995  iter-time: 0.9420
[14:26:54.092050] Epoch: [18]  [100/491]  eta: 0:06:29  loss: 0.0760 (0.1082)  IoU (F channel): 0.3445 (0.3607)  L1 (Dc channel): 0.0014 (0.0015)  L1 (Dn channel): 0.0012 (0.0016)  IoU (P channel): 0.2942 (0.3051)  lr: 0.000995  iter-time: 0.9487
[14:27:03.481437] Epoch: [18]  [110/491]  eta: 0:06:17  loss: 0.0772 (0.1061)  IoU (F channel): 0.3206 (0.3539)  L1 (Dc channel): 0.0014 (0.0015)  L1 (Dn channel): 0.0011 (0.0016)  IoU (P channel): 0.2793 (0.2985)  lr: 0.000996  iter-time: 0.9395
[14:27:12.918508] Epoch: [18]  [120/491]  eta: 0:06:06  loss: 0.0996 (0.1071)  IoU (F channel): 0.3252 (0.3571)  L1 (Dc channel): 0.0012 (0.0014)  L1 (Dn channel): 0.0011 (0.0016)  IoU (P channel): 0.2970 (0.3019)  lr: 0.000996  iter-time: 0.9412
[14:27:22.304049] Epoch: [18]  [130/491]  eta: 0:05:55  loss: 0.1016 (0.1060)  IoU (F channel): 0.3778 (0.3568)  L1 (Dc channel): 0.0010 (0.0014)  L1 (Dn channel): 0.0015 (0.0016)  IoU (P channel): 0.2914 (0.3002)  lr: 0.000996  iter-time: 0.9410
[14:27:31.777476] Epoch: [18]  [140/491]  eta: 0:05:44  loss: 0.0908 (0.1052)  IoU (F channel): 0.3559 (0.3585)  L1 (Dc channel): 0.0009 (0.0014)  L1 (Dn channel): 0.0015 (0.0016)  IoU (P channel): 0.2914 (0.3017)  lr: 0.000996  iter-time: 0.9428
[14:27:41.311285] Epoch: [18]  [150/491]  eta: 0:05:34  loss: 0.0860 (0.1046)  IoU (F channel): 0.3383 (0.3567)  L1 (Dc channel): 0.0010 (0.0014)  L1 (Dn channel): 0.0015 (0.0016)  IoU (P channel): 0.3000 (0.3000)  lr: 0.000997  iter-time: 0.9503
[14:27:50.644540] Epoch: [18]  [160/491]  eta: 0:05:23  loss: 0.0794 (0.1029)  IoU (F channel): 0.3191 (0.3560)  L1 (Dc channel): 0.0012 (0.0014)  L1 (Dn channel): 0.0014 (0.0016)  IoU (P channel): 0.2797 (0.2992)  lr: 0.000997  iter-time: 0.9432
[14:28:00.023606] Epoch: [18]  [170/491]  eta: 0:05:12  loss: 0.0794 (0.1020)  IoU (F channel): 0.3831 (0.3570)  L1 (Dc channel): 0.0013 (0.0014)  L1 (Dn channel): 0.0014 (0.0016)  IoU (P channel): 0.2889 (0.2998)  lr: 0.000997  iter-time: 0.9355
[14:28:09.299129] Epoch: [18]  [180/491]  eta: 0:05:02  loss: 0.0900 (0.1027)  IoU (F channel): 0.3777 (0.3552)  L1 (Dc channel): 0.0015 (0.0014)  L1 (Dn channel): 0.0014 (0.0016)  IoU (P channel): 0.3143 (0.2991)  lr: 0.000997  iter-time: 0.9326
[14:28:18.727634] Epoch: [18]  [190/491]  eta: 0:04:52  loss: 0.0916 (0.1016)  IoU (F channel): 0.3346 (0.3564)  L1 (Dc channel): 0.0014 (0.0014)  L1 (Dn channel): 0.0014 (0.0016)  IoU (P channel): 0.3035 (0.3004)  lr: 0.000997  iter-time: 0.9351
[14:28:28.054540] Epoch: [18]  [200/491]  eta: 0:04:41  loss: 0.0952 (0.1019)  IoU (F channel): 0.3395 (0.3564)  L1 (Dc channel): 0.0014 (0.0014)  L1 (Dn channel): 0.0015 (0.0016)  IoU (P channel): 0.3035 (0.3017)  lr: 0.000997  iter-time: 0.9377
[14:28:37.558134] Epoch: [18]  [210/491]  eta: 0:04:31  loss: 0.0952 (0.1008)  IoU (F channel): 0.3386 (0.3561)  L1 (Dc channel): 0.0014 (0.0014)  L1 (Dn channel): 0.0013 (0.0015)  IoU (P channel): 0.3053 (0.3019)  lr: 0.000998  iter-time: 0.9414
[14:28:46.906958] Epoch: [18]  [220/491]  eta: 0:04:21  loss: 0.0685 (0.0998)  IoU (F channel): 0.3472 (0.3564)  L1 (Dc channel): 0.0013 (0.0014)  L1 (Dn channel): 0.0012 (0.0015)  IoU (P channel): 0.3053 (0.3013)  lr: 0.000998  iter-time: 0.9425
[14:28:56.130842] Epoch: [18]  [230/491]  eta: 0:04:11  loss: 0.0852 (0.1000)  IoU (F channel): 0.3658 (0.3576)  L1 (Dc channel): 0.0013 (0.0014)  L1 (Dn channel): 0.0014 (0.0015)  IoU (P channel): 0.3056 (0.3018)  lr: 0.000998  iter-time: 0.9285
[14:29:05.397578] Epoch: [18]  [240/491]  eta: 0:04:01  loss: 0.0869 (0.0993)  IoU (F channel): 0.3539 (0.3563)  L1 (Dc channel): 0.0013 (0.0014)  L1 (Dn channel): 0.0013 (0.0015)  IoU (P channel): 0.3133 (0.3013)  lr: 0.000998  iter-time: 0.9244
[14:29:14.710324] Epoch: [18]  [250/491]  eta: 0:03:51  loss: 0.0869 (0.0994)  IoU (F channel): 0.3265 (0.3564)  L1 (Dc channel): 0.0012 (0.0014)  L1 (Dn channel): 0.0013 (0.0015)  IoU (P channel): 0.3107 (0.3019)  lr: 0.000998  iter-time: 0.9289
[14:29:24.131918] Epoch: [18]  [260/491]  eta: 0:03:41  loss: 0.0799 (0.0991)  IoU (F channel): 0.3293 (0.3575)  L1 (Dc channel): 0.0014 (0.0014)  L1 (Dn channel): 0.0014 (0.0015)  IoU (P channel): 0.2991 (0.3020)  lr: 0.000998  iter-time: 0.9366
[14:29:33.484236] Epoch: [18]  [270/491]  eta: 0:03:32  loss: 0.0788 (0.0998)  IoU (F channel): 0.3272 (0.3578)  L1 (Dc channel): 0.0014 (0.0014)  L1 (Dn channel): 0.0014 (0.0015)  IoU (P channel): 0.2951 (0.3020)  lr: 0.000999  iter-time: 0.9386
[14:29:42.789042] Epoch: [18]  [280/491]  eta: 0:03:22  loss: 0.0885 (0.0997)  IoU (F channel): 0.3279 (0.3574)  L1 (Dc channel): 0.0014 (0.0014)  L1 (Dn channel): 0.0013 (0.0015)  IoU (P channel): 0.2951 (0.3022)  lr: 0.000999  iter-time: 0.9328
[14:29:52.405200] Epoch: [18]  [290/491]  eta: 0:03:12  loss: 0.0849 (0.0998)  IoU (F channel): 0.3368 (0.3576)  L1 (Dc channel): 0.0013 (0.0014)  L1 (Dn channel): 0.0013 (0.0015)  IoU (P channel): 0.2984 (0.3021)  lr: 0.000999  iter-time: 0.9459
[14:30:01.725000] Epoch: [18]  [300/491]  eta: 0:03:02  loss: 0.0817 (0.0998)  IoU (F channel): 0.3273 (0.3573)  L1 (Dc channel): 0.0012 (0.0014)  L1 (Dn channel): 0.0016 (0.0015)  IoU (P channel): 0.2882 (0.3012)  lr: 0.000999  iter-time: 0.9467
[14:30:11.104192] Epoch: [18]  [310/491]  eta: 0:02:53  loss: 0.0888 (0.0998)  IoU (F channel): 0.3171 (0.3562)  L1 (Dc channel): 0.0012 (0.0014)  L1 (Dn channel): 0.0015 (0.0015)  IoU (P channel): 0.2845 (0.3006)  lr: 0.000999  iter-time: 0.9348
[14:30:20.593990] Epoch: [18]  [320/491]  eta: 0:02:43  loss: 0.0785 (0.0997)  IoU (F channel): 0.3068 (0.3548)  L1 (Dc channel): 0.0015 (0.0014)  L1 (Dn channel): 0.0016 (0.0015)  IoU (P channel): 0.2648 (0.2997)  lr: 0.000999  iter-time: 0.9433
[14:30:29.975854] Epoch: [18]  [330/491]  eta: 0:02:33  loss: 0.0863 (0.0996)  IoU (F channel): 0.3172 (0.3546)  L1 (Dc channel): 0.0014 (0.0014)  L1 (Dn channel): 0.0015 (0.0015)  IoU (P channel): 0.2668 (0.2999)  lr: 0.000999  iter-time: 0.9434
[14:30:39.316905] Epoch: [18]  [340/491]  eta: 0:02:24  loss: 0.0873 (0.0992)  IoU (F channel): 0.3439 (0.3541)  L1 (Dc channel): 0.0013 (0.0014)  L1 (Dn channel): 0.0013 (0.0015)  IoU (P channel): 0.3092 (0.3002)  lr: 0.000999  iter-time: 0.9360
[14:30:48.698377] Epoch: [18]  [350/491]  eta: 0:02:14  loss: 0.0891 (0.1002)  IoU (F channel): 0.3439 (0.3540)  L1 (Dc channel): 0.0014 (0.0014)  L1 (Dn channel): 0.0017 (0.0015)  IoU (P channel): 0.2957 (0.2998)  lr: 0.000999  iter-time: 0.9360
[14:30:57.983062] Epoch: [18]  [360/491]  eta: 0:02:05  loss: 0.1245 (0.1011)  IoU (F channel): 0.2935 (0.3526)  L1 (Dc channel): 0.0016 (0.0014)  L1 (Dn channel): 0.0017 (0.0015)  IoU (P channel): 0.2381 (0.2981)  lr: 0.000999  iter-time: 0.9332
[14:31:07.310366] Epoch: [18]  [370/491]  eta: 0:01:55  loss: 0.1253 (0.1018)  IoU (F channel): 0.3211 (0.3532)  L1 (Dc channel): 0.0015 (0.0014)  L1 (Dn channel): 0.0017 (0.0016)  IoU (P channel): 0.2549 (0.2981)  lr: 0.001000  iter-time: 0.9305
[14:31:16.744093] Epoch: [18]  [380/491]  eta: 0:01:45  loss: 0.1253 (0.1029)  IoU (F channel): 0.3418 (0.3524)  L1 (Dc channel): 0.0015 (0.0014)  L1 (Dn channel): 0.0017 (0.0016)  IoU (P channel): 0.2674 (0.2969)  lr: 0.001000  iter-time: 0.9379
[14:31:26.243480] Epoch: [18]  [390/491]  eta: 0:01:36  loss: 0.0965 (0.1024)  IoU (F channel): 0.3807 (0.3536)  L1 (Dc channel): 0.0014 (0.0014)  L1 (Dn channel): 0.0015 (0.0016)  IoU (P channel): 0.3151 (0.2977)  lr: 0.001000  iter-time: 0.9465
[14:31:35.741770] Epoch: [18]  [400/491]  eta: 0:01:26  loss: 0.0745 (0.1014)  IoU (F channel): 0.3836 (0.3537)  L1 (Dc channel): 0.0012 (0.0014)  L1 (Dn channel): 0.0014 (0.0015)  IoU (P channel): 0.3060 (0.2973)  lr: 0.001000  iter-time: 0.9498
[14:31:45.121470] Epoch: [18]  [410/491]  eta: 0:01:17  loss: 0.0671 (0.1011)  IoU (F channel): 0.3546 (0.3534)  L1 (Dc channel): 0.0012 (0.0014)  L1 (Dn channel): 0.0012 (0.0015)  IoU (P channel): 0.2891 (0.2967)  lr: 0.001000  iter-time: 0.9438
[14:31:54.544242] Epoch: [18]  [420/491]  eta: 0:01:07  loss: 0.0702 (0.1007)  IoU (F channel): 0.3620 (0.3538)  L1 (Dc channel): 0.0013 (0.0014)  L1 (Dn channel): 0.0014 (0.0015)  IoU (P channel): 0.2984 (0.2970)  lr: 0.001000  iter-time: 0.9400
[14:32:04.217579] Epoch: [18]  [430/491]  eta: 0:00:58  loss: 0.0732 (0.1009)  IoU (F channel): 0.3620 (0.3532)  L1 (Dc channel): 0.0014 (0.0014)  L1 (Dn channel): 0.0014 (0.0015)  IoU (P channel): 0.2900 (0.2964)  lr: 0.001000  iter-time: 0.9547
[14:32:13.505015] Epoch: [18]  [440/491]  eta: 0:00:48  loss: 0.1008 (0.1015)  IoU (F channel): 0.3337 (0.3528)  L1 (Dc channel): 0.0012 (0.0014)  L1 (Dn channel): 0.0015 (0.0015)  IoU (P channel): 0.2800 (0.2961)  lr: 0.001000  iter-time: 0.9479
[14:32:23.068895] Epoch: [18]  [450/491]  eta: 0:00:39  loss: 0.1106 (0.1019)  IoU (F channel): 0.4016 (0.3547)  L1 (Dc channel): 0.0014 (0.0014)  L1 (Dn channel): 0.0015 (0.0015)  IoU (P channel): 0.2973 (0.2964)  lr: 0.001000  iter-time: 0.9424
[14:32:32.497595] Epoch: [18]  [460/491]  eta: 0:00:29  loss: 0.1132 (0.1029)  IoU (F channel): 0.4394 (0.3554)  L1 (Dc channel): 0.0015 (0.0014)  L1 (Dn channel): 0.0015 (0.0015)  IoU (P channel): 0.2973 (0.2961)  lr: 0.001000  iter-time: 0.9495
[14:32:41.981124] Epoch: [18]  [470/491]  eta: 0:00:20  loss: 0.1195 (0.1039)  IoU (F channel): 0.2852 (0.3529)  L1 (Dc channel): 0.0014 (0.0014)  L1 (Dn channel): 0.0014 (0.0015)  IoU (P channel): 0.2218 (0.2940)  lr: 0.001000  iter-time: 0.9455
[14:32:51.157373] Epoch: [18]  [480/491]  eta: 0:00:10  loss: 0.1195 (0.1043)  IoU (F channel): 0.2763 (0.3523)  L1 (Dc channel): 0.0014 (0.0014)  L1 (Dn channel): 0.0013 (0.0015)  IoU (P channel): 0.2312 (0.2931)  lr: 0.001000  iter-time: 0.9329
[14:32:59.812050] Epoch: [18]  [490/491]  eta: 0:00:00  loss: 0.0998 (0.1044)  IoU (F channel): 0.3033 (0.3509)  L1 (Dc channel): 0.0012 (0.0014)  L1 (Dn channel): 0.0012 (0.0015)  IoU (P channel): 0.2375 (0.2915)  lr: 0.001000  iter-time: 0.8914
[14:32:59.812189] Epoch: [18] Total time: 0:07:46 (0.9500 s / it)
[14:32:59.812227] [Train] averaged stats: loss: 0.0998 (0.1044)  IoU (F channel): 0.3033 (0.3509)  L1 (Dc channel): 0.0012 (0.0014)  L1 (Dn channel): 0.0012 (0.0015)  IoU (P channel): 0.2375 (0.2915)  lr: 0.001000
[14:33:07.416494] Epoch: [18]  [ 0/27]  eta: 0:03:25  loss: 0.0265 (0.0265)  IoU (F channel): 0.0000 (0.0000)  L1 (Dc channel): 0.0007 (0.0007)  L1 (Dn channel): 0.0008 (0.0008)  IoU (P channel): 0.0000 (0.0000)  iter-time: 7.6028
[14:33:11.935235] Epoch: [18]  [10/27]  eta: 0:00:18  loss: 0.1200 (0.1757)  IoU (F channel): 0.3705 (0.2544)  L1 (Dc channel): 0.0008 (0.0010)  L1 (Dn channel): 0.0010 (0.0016)  IoU (P channel): 0.2401 (0.2013)  iter-time: 1.1019
[14:33:19.258266] Epoch: [18]  [20/27]  eta: 0:00:06  loss: 0.1220 (0.1812)  IoU (F channel): 0.3716 (0.2804)  L1 (Dc channel): 0.0009 (0.0010)  L1 (Dn channel): 0.0010 (0.0015)  IoU (P channel): 0.2638 (0.2138)  iter-time: 0.5921
[14:33:21.238633] Epoch: [18]  [26/27]  eta: 0:00:00  loss: 0.1229 (0.1911)  IoU (F channel): 0.3405 (0.2741)  L1 (Dc channel): 0.0009 (0.0010)  L1 (Dn channel): 0.0011 (0.0015)  IoU (P channel): 0.2638 (0.2095)  iter-time: 0.6025
[14:33:21.238717] Epoch: [18] Total time: 0:00:21 (0.7935 s / it)
[14:33:21.238734] [Val] averaged stats: loss: 0.1229 (0.1911)  IoU (F channel): 0.3405 (0.2741)  L1 (Dc channel): 0.0009 (0.0010)  L1 (Dn channel): 0.0011 (0.0015)  IoU (P channel): 0.2638 (0.2095)
[14:33:21.238909] [Val] best loss: 0.1745 best  IoU (F channel): 0.2528 L1 (Dc channel): 0.0010 L1 (Dn channel): 0.0018 IoU (P channel): 0.2059 
EarlyStopping counter: 1 out of 10
[14:33:21.252754] [Time] 8.1m 2.5h/8.3h

[14:33:21.252772] ~~~ Epoch 19/60 ~~~

[14:33:28.695011] Epoch: [19]  [  0/491]  eta: 1:00:53  loss: 0.1625 (0.1625)  IoU (F channel): 0.4417 (0.4417)  L1 (Dc channel): 0.0015 (0.0015)  L1 (Dn channel): 0.0021 (0.0021)  IoU (P channel): 0.3546 (0.3546)  lr: 0.001000  iter-time: 7.4408
[14:33:38.179536] Epoch: [19]  [ 10/491]  eta: 0:12:20  loss: 0.1042 (0.1111)  IoU (F channel): 0.3232 (0.3613)  L1 (Dc channel): 0.0011 (0.0012)  L1 (Dn channel): 0.0011 (0.0012)  IoU (P channel): 0.2970 (0.2903)  lr: 0.001000  iter-time: 1.5386
[14:33:47.634333] Epoch: [19]  [ 20/491]  eta: 0:09:51  loss: 0.0960 (0.1033)  IoU (F channel): 0.3523 (0.3707)  L1 (Dc channel): 0.0013 (0.0012)  L1 (Dn channel): 0.0011 (0.0014)  IoU (P channel): 0.2702 (0.2865)  lr: 0.001000  iter-time: 0.9469
[14:33:56.834597] Epoch: [19]  [ 30/491]  eta: 0:08:49  loss: 0.0827 (0.0931)  IoU (F channel): 0.3440 (0.3515)  L1 (Dc channel): 0.0013 (0.0012)  L1 (Dn channel): 0.0014 (0.0014)  IoU (P channel): 0.2702 (0.2779)  lr: 0.001000  iter-time: 0.9327
[14:34:06.184048] Epoch: [19]  [ 40/491]  eta: 0:08:14  loss: 0.0887 (0.0997)  IoU (F channel): 0.3067 (0.3534)  L1 (Dc channel): 0.0013 (0.0013)  L1 (Dn channel): 0.0014 (0.0014)  IoU (P channel): 0.2723 (0.2816)  lr: 0.001000  iter-time: 0.9274
[14:34:15.445142] Epoch: [19]  [ 50/491]  eta: 0:07:48  loss: 0.0931 (0.0987)  IoU (F channel): 0.3844 (0.3572)  L1 (Dc channel): 0.0015 (0.0013)  L1 (Dn channel): 0.0015 (0.0015)  IoU (P channel): 0.2778 (0.2844)  lr: 0.001000  iter-time: 0.9304
[14:34:24.769993] Epoch: [19]  [ 60/491]  eta: 0:07:28  loss: 0.0931 (0.1020)  IoU (F channel): 0.3400 (0.3549)  L1 (Dc channel): 0.0014 (0.0013)  L1 (Dn channel): 0.0017 (0.0015)  IoU (P channel): 0.3031 (0.2879)  lr: 0.001000  iter-time: 0.9292
[14:34:33.948452] Epoch: [19]  [ 70/491]  eta: 0:07:11  loss: 0.0924 (0.1000)  IoU (F channel): 0.3245 (0.3487)  L1 (Dc channel): 0.0013 (0.0013)  L1 (Dn channel): 0.0015 (0.0015)  IoU (P channel): 0.2736 (0.2833)  lr: 0.001000  iter-time: 0.9251
[14:34:43.157498] Epoch: [19]  [ 80/491]  eta: 0:06:55  loss: 0.0862 (0.1003)  IoU (F channel): 0.2746 (0.3437)  L1 (Dc channel): 0.0013 (0.0014)  L1 (Dn channel): 0.0015 (0.0015)  IoU (P channel): 0.2777 (0.2826)  lr: 0.001000  iter-time: 0.9193
[14:34:52.454730] Epoch: [19]  [ 90/491]  eta: 0:06:41  loss: 0.0880 (0.0988)  IoU (F channel): 0.3329 (0.3460)  L1 (Dc channel): 0.0013 (0.0013)  L1 (Dn channel): 0.0015 (0.0015)  IoU (P channel): 0.2995 (0.2852)  lr: 0.001000  iter-time: 0.9252
[14:35:01.881110] Epoch: [19]  [100/491]  eta: 0:06:29  loss: 0.0890 (0.0986)  IoU (F channel): 0.3381 (0.3448)  L1 (Dc channel): 0.0013 (0.0014)  L1 (Dn channel): 0.0015 (0.0015)  IoU (P channel): 0.3102 (0.2861)  lr: 0.001000  iter-time: 0.9361
[14:35:11.161059] Epoch: [19]  [110/491]  eta: 0:06:17  loss: 0.0954 (0.0993)  IoU (F channel): 0.3627 (0.3487)  L1 (Dc channel): 0.0013 (0.0014)  L1 (Dn channel): 0.0015 (0.0016)  IoU (P channel): 0.3051 (0.2888)  lr: 0.001000  iter-time: 0.9352
[14:35:20.422947] Epoch: [19]  [120/491]  eta: 0:06:05  loss: 0.0936 (0.0986)  IoU (F channel): 0.3627 (0.3478)  L1 (Dc channel): 0.0013 (0.0014)  L1 (Dn channel): 0.0015 (0.0016)  IoU (P channel): 0.3032 (0.2870)  lr: 0.001000  iter-time: 0.9270
[14:35:29.811365] Epoch: [19]  [130/491]  eta: 0:05:54  loss: 0.0861 (0.0994)  IoU (F channel): 0.3034 (0.3456)  L1 (Dc channel): 0.0013 (0.0014)  L1 (Dn channel): 0.0014 (0.0016)  IoU (P channel): 0.2681 (0.2870)  lr: 0.001000  iter-time: 0.9324
[14:35:39.439130] Epoch: [19]  [140/491]  eta: 0:05:43  loss: 0.0861 (0.0992)  IoU (F channel): 0.3352 (0.3456)  L1 (Dc channel): 0.0012 (0.0014)  L1 (Dn channel): 0.0014 (0.0015)  IoU (P channel): 0.2681 (0.2864)  lr: 0.001000  iter-time: 0.9507
[14:35:48.771966] Epoch: [19]  [150/491]  eta: 0:05:33  loss: 0.0907 (0.1002)  IoU (F channel): 0.3466 (0.3439)  L1 (Dc channel): 0.0013 (0.0014)  L1 (Dn channel): 0.0014 (0.0015)  IoU (P channel): 0.2471 (0.2837)  lr: 0.001000  iter-time: 0.9479
[14:35:57.968000] Epoch: [19]  [160/491]  eta: 0:05:22  loss: 0.0980 (0.1007)  IoU (F channel): 0.3205 (0.3439)  L1 (Dc channel): 0.0015 (0.0014)  L1 (Dn channel): 0.0015 (0.0016)  IoU (P channel): 0.2548 (0.2826)  lr: 0.001000  iter-time: 0.9263
[14:36:07.265789] Epoch: [19]  [170/491]  eta: 0:05:11  loss: 0.1012 (0.1018)  IoU (F channel): 0.3590 (0.3474)  L1 (Dc channel): 0.0014 (0.0014)  L1 (Dn channel): 0.0017 (0.0016)  IoU (P channel): 0.3030 (0.2849)  lr: 0.001000  iter-time: 0.9245
[14:36:16.625039] Epoch: [19]  [180/491]  eta: 0:05:01  loss: 0.0842 (0.1009)  IoU (F channel): 0.3590 (0.3485)  L1 (Dc channel): 0.0013 (0.0014)  L1 (Dn channel): 0.0015 (0.0016)  IoU (P channel): 0.3156 (0.2858)  lr: 0.001000  iter-time: 0.9327
[14:36:25.957054] Epoch: [19]  [190/491]  eta: 0:04:51  loss: 0.0788 (0.1007)  IoU (F channel): 0.3646 (0.3496)  L1 (Dc channel): 0.0013 (0.0014)  L1 (Dn channel): 0.0015 (0.0016)  IoU (P channel): 0.3217 (0.2873)  lr: 0.001000  iter-time: 0.9344
[14:36:35.223040] Epoch: [19]  [200/491]  eta: 0:04:40  loss: 0.0822 (0.1002)  IoU (F channel): 0.3644 (0.3506)  L1 (Dc channel): 0.0012 (0.0014)  L1 (Dn channel): 0.0013 (0.0016)  IoU (P channel): 0.3262 (0.2886)  lr: 0.001000  iter-time: 0.9298
[14:36:44.527472] Epoch: [19]  [210/491]  eta: 0:04:30  loss: 0.0899 (0.1002)  IoU (F channel): 0.3513 (0.3510)  L1 (Dc channel): 0.0012 (0.0014)  L1 (Dn channel): 0.0015 (0.0016)  IoU (P channel): 0.3277 (0.2894)  lr: 0.001000  iter-time: 0.9284
[14:36:53.771667] Epoch: [19]  [220/491]  eta: 0:04:20  loss: 0.1015 (0.1002)  IoU (F channel): 0.3511 (0.3505)  L1 (Dc channel): 0.0013 (0.0014)  L1 (Dn channel): 0.0015 (0.0016)  IoU (P channel): 0.3113 (0.2891)  lr: 0.001000  iter-time: 0.9273
[14:37:03.067019] Epoch: [19]  [230/491]  eta: 0:04:10  loss: 0.0825 (0.0989)  IoU (F channel): 0.3672 (0.3505)  L1 (Dc channel): 0.0013 (0.0014)  L1 (Dn channel): 0.0014 (0.0016)  IoU (P channel): 0.2621 (0.2877)  lr: 0.001000  iter-time: 0.9268
[14:37:12.367214] Epoch: [19]  [240/491]  eta: 0:04:00  loss: 0.0775 (0.0994)  IoU (F channel): 0.3696 (0.3524)  L1 (Dc channel): 0.0012 (0.0014)  L1 (Dn channel): 0.0014 (0.0016)  IoU (P channel): 0.2909 (0.2898)  lr: 0.001000  iter-time: 0.9297
[14:37:21.653157] Epoch: [19]  [250/491]  eta: 0:03:50  loss: 0.0875 (0.0991)  IoU (F channel): 0.3483 (0.3514)  L1 (Dc channel): 0.0012 (0.0014)  L1 (Dn channel): 0.0014 (0.0016)  IoU (P channel): 0.3019 (0.2894)  lr: 0.001000  iter-time: 0.9292
[14:37:30.854536] Epoch: [19]  [260/491]  eta: 0:03:40  loss: 0.0829 (0.0986)  IoU (F channel): 0.3417 (0.3514)  L1 (Dc channel): 0.0012 (0.0014)  L1 (Dn channel): 0.0014 (0.0016)  IoU (P channel): 0.2815 (0.2899)  lr: 0.001000  iter-time: 0.9243
[14:37:40.152983] Epoch: [19]  [270/491]  eta: 0:03:31  loss: 0.0751 (0.0982)  IoU (F channel): 0.3769 (0.3540)  L1 (Dc channel): 0.0012 (0.0014)  L1 (Dn channel): 0.0014 (0.0016)  IoU (P channel): 0.3080 (0.2921)  lr: 0.001000  iter-time: 0.9249
[14:37:49.615428] Epoch: [19]  [280/491]  eta: 0:03:21  loss: 0.0905 (0.0981)  IoU (F channel): 0.3701 (0.3536)  L1 (Dc channel): 0.0012 (0.0014)  L1 (Dn channel): 0.0014 (0.0016)  IoU (P channel): 0.3111 (0.2918)  lr: 0.001000  iter-time: 0.9379
[14:37:59.002277] Epoch: [19]  [290/491]  eta: 0:03:11  loss: 0.0925 (0.0983)  IoU (F channel): 0.3578 (0.3553)  L1 (Dc channel): 0.0013 (0.0014)  L1 (Dn channel): 0.0015 (0.0016)  IoU (P channel): 0.3011 (0.2926)  lr: 0.001000  iter-time: 0.9423
[14:38:08.359606] Epoch: [19]  [300/491]  eta: 0:03:02  loss: 0.0751 (0.0979)  IoU (F channel): 0.3865 (0.3551)  L1 (Dc channel): 0.0013 (0.0014)  L1 (Dn channel): 0.0015 (0.0016)  IoU (P channel): 0.2865 (0.2922)  lr: 0.000999  iter-time: 0.9371
[14:38:17.767117] Epoch: [19]  [310/491]  eta: 0:02:52  loss: 0.0822 (0.0982)  IoU (F channel): 0.3486 (0.3554)  L1 (Dc channel): 0.0013 (0.0014)  L1 (Dn channel): 0.0015 (0.0016)  IoU (P channel): 0.2820 (0.2927)  lr: 0.000999  iter-time: 0.9381
[14:38:27.052494] Epoch: [19]  [320/491]  eta: 0:02:42  loss: 0.0857 (0.0984)  IoU (F channel): 0.3648 (0.3553)  L1 (Dc channel): 0.0014 (0.0014)  L1 (Dn channel): 0.0016 (0.0016)  IoU (P channel): 0.3085 (0.2931)  lr: 0.000999  iter-time: 0.9345
[14:38:36.349037] Epoch: [19]  [330/491]  eta: 0:02:33  loss: 0.1107 (0.0995)  IoU (F channel): 0.3648 (0.3563)  L1 (Dc channel): 0.0014 (0.0014)  L1 (Dn channel): 0.0015 (0.0016)  IoU (P channel): 0.3146 (0.2940)  lr: 0.000999  iter-time: 0.9290
[14:38:45.750854] Epoch: [19]  [340/491]  eta: 0:02:23  loss: 0.0925 (0.0992)  IoU (F channel): 0.3915 (0.3558)  L1 (Dc channel): 0.0012 (0.0014)  L1 (Dn channel): 0.0015 (0.0016)  IoU (P channel): 0.2893 (0.2935)  lr: 0.000999  iter-time: 0.9348
[14:38:55.077893] Epoch: [19]  [350/491]  eta: 0:02:14  loss: 0.0828 (0.0990)  IoU (F channel): 0.3574 (0.3552)  L1 (Dc channel): 0.0012 (0.0014)  L1 (Dn channel): 0.0012 (0.0016)  IoU (P channel): 0.2850 (0.2927)  lr: 0.000999  iter-time: 0.9363
[14:39:04.378275] Epoch: [19]  [360/491]  eta: 0:02:04  loss: 0.0891 (0.0991)  IoU (F channel): 0.3366 (0.3557)  L1 (Dc channel): 0.0013 (0.0014)  L1 (Dn channel): 0.0014 (0.0016)  IoU (P channel): 0.3000 (0.2932)  lr: 0.000999  iter-time: 0.9313
[14:39:13.752849] Epoch: [19]  [370/491]  eta: 0:01:54  loss: 0.1014 (0.0992)  IoU (F channel): 0.3366 (0.3558)  L1 (Dc channel): 0.0013 (0.0013)  L1 (Dn channel): 0.0014 (0.0016)  IoU (P channel): 0.3018 (0.2929)  lr: 0.000999  iter-time: 0.9336
[14:39:23.045784] Epoch: [19]  [380/491]  eta: 0:01:45  loss: 0.1014 (0.0999)  IoU (F channel): 0.3359 (0.3556)  L1 (Dc channel): 0.0012 (0.0013)  L1 (Dn channel): 0.0014 (0.0016)  IoU (P channel): 0.2950 (0.2928)  lr: 0.000999  iter-time: 0.9333
[14:39:32.426296] Epoch: [19]  [390/491]  eta: 0:01:35  loss: 0.0941 (0.0997)  IoU (F channel): 0.3444 (0.3552)  L1 (Dc channel): 0.0013 (0.0013)  L1 (Dn channel): 0.0013 (0.0016)  IoU (P channel): 0.2777 (0.2924)  lr: 0.000999  iter-time: 0.9336
[14:39:41.661295] Epoch: [19]  [400/491]  eta: 0:01:26  loss: 0.0881 (0.0995)  IoU (F channel): 0.3148 (0.3546)  L1 (Dc channel): 0.0012 (0.0013)  L1 (Dn channel): 0.0013 (0.0016)  IoU (P channel): 0.2807 (0.2919)  lr: 0.000999  iter-time: 0.9307
[14:39:51.075358] Epoch: [19]  [410/491]  eta: 0:01:16  loss: 0.0881 (0.0994)  IoU (F channel): 0.3387 (0.3559)  L1 (Dc channel): 0.0012 (0.0013)  L1 (Dn channel): 0.0013 (0.0016)  IoU (P channel): 0.3028 (0.2928)  lr: 0.000999  iter-time: 0.9323
[14:40:00.380372] Epoch: [19]  [420/491]  eta: 0:01:07  loss: 0.0809 (0.0989)  IoU (F channel): 0.3594 (0.3561)  L1 (Dc channel): 0.0013 (0.0013)  L1 (Dn channel): 0.0014 (0.0016)  IoU (P channel): 0.3054 (0.2923)  lr: 0.000999  iter-time: 0.9358
[14:40:09.804004] Epoch: [19]  [430/491]  eta: 0:00:57  loss: 0.0714 (0.0987)  IoU (F channel): 0.3469 (0.3566)  L1 (Dc channel): 0.0012 (0.0013)  L1 (Dn channel): 0.0013 (0.0016)  IoU (P channel): 0.2717 (0.2927)  lr: 0.000999  iter-time: 0.9363
[14:40:19.098003] Epoch: [19]  [440/491]  eta: 0:00:48  loss: 0.0975 (0.0988)  IoU (F channel): 0.3257 (0.3564)  L1 (Dc channel): 0.0013 (0.0013)  L1 (Dn channel): 0.0014 (0.0016)  IoU (P channel): 0.2885 (0.2927)  lr: 0.000999  iter-time: 0.9358
[14:40:28.329651] Epoch: [19]  [450/491]  eta: 0:00:38  loss: 0.1086 (0.0990)  IoU (F channel): 0.3343 (0.3570)  L1 (Dc channel): 0.0012 (0.0013)  L1 (Dn channel): 0.0014 (0.0016)  IoU (P channel): 0.3041 (0.2934)  lr: 0.000999  iter-time: 0.9262
[14:40:37.509714] Epoch: [19]  [460/491]  eta: 0:00:29  loss: 0.0896 (0.0985)  IoU (F channel): 0.3721 (0.3575)  L1 (Dc channel): 0.0008 (0.0013)  L1 (Dn channel): 0.0013 (0.0016)  IoU (P channel): 0.3139 (0.2939)  lr: 0.000999  iter-time: 0.9204
[14:40:46.915032] Epoch: [19]  [470/491]  eta: 0:00:19  loss: 0.0790 (0.0982)  IoU (F channel): 0.3721 (0.3579)  L1 (Dc channel): 0.0008 (0.0013)  L1 (Dn channel): 0.0014 (0.0016)  IoU (P channel): 0.3138 (0.2947)  lr: 0.000999  iter-time: 0.9291
[14:40:56.222744] Epoch: [19]  [480/491]  eta: 0:00:10  loss: 0.0749 (0.0979)  IoU (F channel): 0.3522 (0.3578)  L1 (Dc channel): 0.0008 (0.0013)  L1 (Dn channel): 0.0014 (0.0015)  IoU (P channel): 0.3011 (0.2949)  lr: 0.000999  iter-time: 0.9355
[14:41:04.898680] Epoch: [19]  [490/491]  eta: 0:00:00  loss: 0.0785 (0.0977)  IoU (F channel): 0.3494 (0.3579)  L1 (Dc channel): 0.0008 (0.0013)  L1 (Dn channel): 0.0013 (0.0015)  IoU (P channel): 0.3045 (0.2948)  lr: 0.000999  iter-time: 0.8990
[14:41:04.899031] Epoch: [19] Total time: 0:07:43 (0.9443 s / it)
[14:41:04.899086] [Train] averaged stats: loss: 0.0785 (0.0977)  IoU (F channel): 0.3494 (0.3579)  L1 (Dc channel): 0.0008 (0.0013)  L1 (Dn channel): 0.0013 (0.0015)  IoU (P channel): 0.3045 (0.2948)  lr: 0.000999
[14:41:09.622044] Epoch: [19]  [ 0/27]  eta: 0:02:07  loss: 0.0164 (0.0164)  IoU (F channel): 0.0000 (0.0000)  L1 (Dc channel): 0.0008 (0.0008)  L1 (Dn channel): 0.0008 (0.0008)  IoU (P channel): 0.0000 (0.0000)  iter-time: 4.7209
[14:41:18.264839] Epoch: [19]  [10/27]  eta: 0:00:20  loss: 0.1354 (0.2204)  IoU (F channel): 0.3810 (0.2694)  L1 (Dc channel): 0.0009 (0.0010)  L1 (Dn channel): 0.0010 (0.0016)  IoU (P channel): 0.2620 (0.2068)  iter-time: 1.2148
[14:41:24.830393] Epoch: [19]  [20/27]  eta: 0:00:06  loss: 0.1354 (0.2011)  IoU (F channel): 0.3692 (0.2946)  L1 (Dc channel): 0.0009 (0.0011)  L1 (Dn channel): 0.0010 (0.0015)  IoU (P channel): 0.2949 (0.2249)  iter-time: 0.7604
[14:41:28.327878] Epoch: [19]  [26/27]  eta: 0:00:00  loss: 0.1326 (0.2062)  IoU (F channel): 0.3692 (0.3098)  L1 (Dc channel): 0.0009 (0.0010)  L1 (Dn channel): 0.0012 (0.0015)  IoU (P channel): 0.3019 (0.2363)  iter-time: 0.6710
[14:41:28.327982] Epoch: [19] Total time: 0:00:23 (0.8677 s / it)
[14:41:28.328001] [Val] averaged stats: loss: 0.1326 (0.2062)  IoU (F channel): 0.3692 (0.3098)  L1 (Dc channel): 0.0009 (0.0010)  L1 (Dn channel): 0.0012 (0.0015)  IoU (P channel): 0.3019 (0.2363)
[14:41:28.328166] [Val] best loss: 0.1745 best  IoU (F channel): 0.2528 L1 (Dc channel): 0.0010 L1 (Dn channel): 0.0018 IoU (P channel): 0.2059 
EarlyStopping counter: 2 out of 10
[14:41:28.340122] [Time] 8.1m 2.6h/8.3h

[14:41:28.340138] ~~~ Epoch 20/60 ~~~

[14:41:36.041142] Epoch: [20]  [  0/491]  eta: 1:03:00  loss: 0.0471 (0.0471)  IoU (F channel): 0.4809 (0.4809)  L1 (Dc channel): 0.0010 (0.0010)  L1 (Dn channel): 0.0010 (0.0010)  IoU (P channel): 0.2751 (0.2751)  lr: 0.000999  iter-time: 7.6997
[14:41:45.554905] Epoch: [20]  [ 10/491]  eta: 0:12:32  loss: 0.0806 (0.0782)  IoU (F channel): 0.2819 (0.3120)  L1 (Dc channel): 0.0008 (0.0008)  L1 (Dn channel): 0.0012 (0.0012)  IoU (P channel): 0.2838 (0.2685)  lr: 0.000999  iter-time: 1.5648
[14:41:55.005031] Epoch: [20]  [ 20/491]  eta: 0:09:57  loss: 0.0880 (0.0883)  IoU (F channel): 0.3656 (0.3509)  L1 (Dc channel): 0.0008 (0.0008)  L1 (Dn channel): 0.0012 (0.0013)  IoU (P channel): 0.3024 (0.2909)  lr: 0.000998  iter-time: 0.9481
[14:42:04.354178] Epoch: [20]  [ 30/491]  eta: 0:08:55  loss: 0.0880 (0.0895)  IoU (F channel): 0.3658 (0.3517)  L1 (Dc channel): 0.0008 (0.0008)  L1 (Dn channel): 0.0014 (0.0015)  IoU (P channel): 0.3024 (0.2941)  lr: 0.000998  iter-time: 0.9399
[14:42:13.887760] Epoch: [20]  [ 40/491]  eta: 0:08:20  loss: 0.0704 (0.0861)  IoU (F channel): 0.3485 (0.3537)  L1 (Dc channel): 0.0008 (0.0008)  L1 (Dn channel): 0.0013 (0.0015)  IoU (P channel): 0.2883 (0.2959)  lr: 0.000998  iter-time: 0.9440
[14:42:23.298916] Epoch: [20]  [ 50/491]  eta: 0:07:55  loss: 0.0714 (0.0856)  IoU (F channel): 0.3831 (0.3619)  L1 (Dc channel): 0.0008 (0.0008)  L1 (Dn channel): 0.0013 (0.0014)  IoU (P channel): 0.2893 (0.3008)  lr: 0.000998  iter-time: 0.9471
[14:42:32.793668] Epoch: [20]  [ 60/491]  eta: 0:07:35  loss: 0.0630 (0.0832)  IoU (F channel): 0.3373 (0.3583)  L1 (Dc channel): 0.0008 (0.0008)  L1 (Dn channel): 0.0013 (0.0014)  IoU (P channel): 0.2692 (0.2960)  lr: 0.000998  iter-time: 0.9452
[14:42:42.172052] Epoch: [20]  [ 70/491]  eta: 0:07:17  loss: 0.0630 (0.0829)  IoU (F channel): 0.3346 (0.3556)  L1 (Dc channel): 0.0008 (0.0008)  L1 (Dn channel): 0.0013 (0.0014)  IoU (P channel): 0.2792 (0.2965)  lr: 0.000998  iter-time: 0.9435
[14:42:51.363605] Epoch: [20]  [ 80/491]  eta: 0:07:01  loss: 0.0677 (0.0821)  IoU (F channel): 0.3465 (0.3609)  L1 (Dc channel): 0.0009 (0.0009)  L1 (Dn channel): 0.0013 (0.0014)  IoU (P channel): 0.3071 (0.2964)  lr: 0.000998  iter-time: 0.9284
[14:43:00.724947] Epoch: [20]  [ 90/491]  eta: 0:06:47  loss: 0.0814 (0.0834)  IoU (F channel): 0.3772 (0.3643)  L1 (Dc channel): 0.0012 (0.0009)  L1 (Dn channel): 0.0012 (0.0014)  IoU (P channel): 0.3071 (0.2987)  lr: 0.000998  iter-time: 0.9275
[14:43:10.070574] Epoch: [20]  [100/491]  eta: 0:06:33  loss: 0.0827 (0.0825)  IoU (F channel): 0.3772 (0.3682)  L1 (Dc channel): 0.0012 (0.0009)  L1 (Dn channel): 0.0012 (0.0014)  IoU (P channel): 0.3154 (0.3021)  lr: 0.000998  iter-time: 0.9353
[14:43:19.524942] Epoch: [20]  [110/491]  eta: 0:06:21  loss: 0.0782 (0.0840)  IoU (F channel): 0.3624 (0.3679)  L1 (Dc channel): 0.0012 (0.0010)  L1 (Dn channel): 0.0012 (0.0014)  IoU (P channel): 0.3076 (0.3030)  lr: 0.000998  iter-time: 0.9399
[14:43:28.851273] Epoch: [20]  [120/491]  eta: 0:06:09  loss: 0.0972 (0.0861)  IoU (F channel): 0.3519 (0.3694)  L1 (Dc channel): 0.0012 (0.0010)  L1 (Dn channel): 0.0015 (0.0014)  IoU (P channel): 0.3128 (0.3049)  lr: 0.000998  iter-time: 0.9389
[14:43:38.115847] Epoch: [20]  [130/491]  eta: 0:05:57  loss: 0.0753 (0.0849)  IoU (F channel): 0.3759 (0.3735)  L1 (Dc channel): 0.0012 (0.0010)  L1 (Dn channel): 0.0014 (0.0014)  IoU (P channel): 0.3300 (0.3060)  lr: 0.000998  iter-time: 0.9294
[14:43:47.510219] Epoch: [20]  [140/491]  eta: 0:05:46  loss: 0.0700 (0.0844)  IoU (F channel): 0.3873 (0.3726)  L1 (Dc channel): 0.0012 (0.0010)  L1 (Dn channel): 0.0013 (0.0014)  IoU (P channel): 0.3051 (0.3051)  lr: 0.000998  iter-time: 0.9328
[14:43:56.788711] Epoch: [20]  [150/491]  eta: 0:05:35  loss: 0.0611 (0.0846)  IoU (F channel): 0.3873 (0.3748)  L1 (Dc channel): 0.0012 (0.0010)  L1 (Dn channel): 0.0013 (0.0014)  IoU (P channel): 0.3035 (0.3058)  lr: 0.000998  iter-time: 0.9335
[14:44:06.268462] Epoch: [20]  [160/491]  eta: 0:05:24  loss: 0.0788 (0.0848)  IoU (F channel): 0.3947 (0.3747)  L1 (Dc channel): 0.0012 (0.0011)  L1 (Dn channel): 0.0014 (0.0014)  IoU (P channel): 0.3004 (0.3049)  lr: 0.000998  iter-time: 0.9378
[14:44:15.587984] Epoch: [20]  [170/491]  eta: 0:05:13  loss: 0.0853 (0.0854)  IoU (F channel): 0.4071 (0.3778)  L1 (Dc channel): 0.0013 (0.0011)  L1 (Dn channel): 0.0014 (0.0014)  IoU (P channel): 0.3205 (0.3067)  lr: 0.000997  iter-time: 0.9398
[14:44:24.978204] Epoch: [20]  [180/491]  eta: 0:05:03  loss: 0.0911 (0.0858)  IoU (F channel): 0.3957 (0.3779)  L1 (Dc channel): 0.0012 (0.0011)  L1 (Dn channel): 0.0014 (0.0014)  IoU (P channel): 0.3319 (0.3072)  lr: 0.000997  iter-time: 0.9353
[14:44:34.340003] Epoch: [20]  [190/491]  eta: 0:04:53  loss: 0.0899 (0.0859)  IoU (F channel): 0.3768 (0.3788)  L1 (Dc channel): 0.0012 (0.0011)  L1 (Dn channel): 0.0013 (0.0014)  IoU (P channel): 0.3064 (0.3073)  lr: 0.000997  iter-time: 0.9374
[14:44:43.764850] Epoch: [20]  [200/491]  eta: 0:04:42  loss: 0.0794 (0.0858)  IoU (F channel): 0.3849 (0.3787)  L1 (Dc channel): 0.0012 (0.0011)  L1 (Dn channel): 0.0013 (0.0014)  IoU (P channel): 0.2900 (0.3066)  lr: 0.000997  iter-time: 0.9392
[14:44:53.070514] Epoch: [20]  [210/491]  eta: 0:04:32  loss: 0.0762 (0.0861)  IoU (F channel): 0.3778 (0.3777)  L1 (Dc channel): 0.0011 (0.0011)  L1 (Dn channel): 0.0013 (0.0014)  IoU (P channel): 0.2843 (0.3066)  lr: 0.000997  iter-time: 0.9364
[14:45:02.326909] Epoch: [20]  [220/491]  eta: 0:04:22  loss: 0.0831 (0.0865)  IoU (F channel): 0.3782 (0.3775)  L1 (Dc channel): 0.0010 (0.0011)  L1 (Dn channel): 0.0014 (0.0014)  IoU (P channel): 0.3068 (0.3073)  lr: 0.000997  iter-time: 0.9280
[14:45:11.748059] Epoch: [20]  [230/491]  eta: 0:04:12  loss: 0.0875 (0.0871)  IoU (F channel): 0.3843 (0.3789)  L1 (Dc channel): 0.0011 (0.0011)  L1 (Dn channel): 0.0013 (0.0014)  IoU (P channel): 0.3236 (0.3084)  lr: 0.000997  iter-time: 0.9337
[14:45:21.094865] Epoch: [20]  [240/491]  eta: 0:04:02  loss: 0.0842 (0.0870)  IoU (F channel): 0.3586 (0.3789)  L1 (Dc channel): 0.0011 (0.0011)  L1 (Dn channel): 0.0012 (0.0014)  IoU (P channel): 0.3031 (0.3086)  lr: 0.000997  iter-time: 0.9383
[14:45:30.505600] Epoch: [20]  [250/491]  eta: 0:03:52  loss: 0.0811 (0.0865)  IoU (F channel): 0.3590 (0.3786)  L1 (Dc channel): 0.0010 (0.0011)  L1 (Dn channel): 0.0012 (0.0014)  IoU (P channel): 0.3057 (0.3082)  lr: 0.000997  iter-time: 0.9378
[14:45:39.904673] Epoch: [20]  [260/491]  eta: 0:03:42  loss: 0.0938 (0.0886)  IoU (F channel): 0.3705 (0.3797)  L1 (Dc channel): 0.0013 (0.0011)  L1 (Dn channel): 0.0013 (0.0014)  IoU (P channel): 0.3231 (0.3088)  lr: 0.000997  iter-time: 0.9404
[14:45:49.330118] Epoch: [20]  [270/491]  eta: 0:03:32  loss: 0.1122 (0.0941)  IoU (F channel): 0.3305 (0.3751)  L1 (Dc channel): 0.0019 (0.0012)  L1 (Dn channel): 0.0016 (0.0014)  IoU (P channel): 0.2467 (0.3043)  lr: 0.000997  iter-time: 0.9411
[14:45:58.758716] Epoch: [20]  [280/491]  eta: 0:03:23  loss: 0.1916 (0.0989)  IoU (F channel): 0.2579 (0.3698)  L1 (Dc channel): 0.0022 (0.0012)  L1 (Dn channel): 0.0016 (0.0014)  IoU (P channel): 0.1815 (0.2991)  lr: 0.000997  iter-time: 0.9426
[14:46:08.130618] Epoch: [20]  [290/491]  eta: 0:03:13  loss: 0.1916 (0.1013)  IoU (F channel): 0.2605 (0.3677)  L1 (Dc channel): 0.0023 (0.0012)  L1 (Dn channel): 0.0015 (0.0014)  IoU (P channel): 0.1822 (0.2961)  lr: 0.000996  iter-time: 0.9399
[14:46:17.537964] Epoch: [20]  [300/491]  eta: 0:03:03  loss: 0.1259 (0.1018)  IoU (F channel): 0.2683 (0.3650)  L1 (Dc channel): 0.0016 (0.0012)  L1 (Dn channel): 0.0013 (0.0014)  IoU (P channel): 0.2088 (0.2938)  lr: 0.000996  iter-time: 0.9388
[14:46:26.991160] Epoch: [20]  [310/491]  eta: 0:02:53  loss: 0.0981 (0.1021)  IoU (F channel): 0.2683 (0.3633)  L1 (Dc channel): 0.0011 (0.0012)  L1 (Dn channel): 0.0013 (0.0014)  IoU (P channel): 0.2590 (0.2929)  lr: 0.000996  iter-time: 0.9429
[14:46:36.154018] Epoch: [20]  [320/491]  eta: 0:02:43  loss: 0.1178 (0.1031)  IoU (F channel): 0.3033 (0.3617)  L1 (Dc channel): 0.0011 (0.0012)  L1 (Dn channel): 0.0015 (0.0014)  IoU (P channel): 0.2652 (0.2918)  lr: 0.000996  iter-time: 0.9307
[14:46:45.398684] Epoch: [20]  [330/491]  eta: 0:02:34  loss: 0.1229 (0.1033)  IoU (F channel): 0.3045 (0.3608)  L1 (Dc channel): 0.0012 (0.0012)  L1 (Dn channel): 0.0016 (0.0014)  IoU (P channel): 0.2646 (0.2914)  lr: 0.000996  iter-time: 0.9203
[14:46:54.890713] Epoch: [20]  [340/491]  eta: 0:02:24  loss: 0.1009 (0.1033)  IoU (F channel): 0.3245 (0.3606)  L1 (Dc channel): 0.0011 (0.0012)  L1 (Dn channel): 0.0015 (0.0015)  IoU (P channel): 0.2646 (0.2912)  lr: 0.000996  iter-time: 0.9367
[14:47:04.261050] Epoch: [20]  [350/491]  eta: 0:02:14  loss: 0.0802 (0.1034)  IoU (F channel): 0.3371 (0.3608)  L1 (Dc channel): 0.0011 (0.0012)  L1 (Dn channel): 0.0017 (0.0015)  IoU (P channel): 0.2697 (0.2909)  lr: 0.000996  iter-time: 0.9430
[14:47:13.456121] Epoch: [20]  [360/491]  eta: 0:02:05  loss: 0.0976 (0.1040)  IoU (F channel): 0.3469 (0.3608)  L1 (Dc channel): 0.0010 (0.0012)  L1 (Dn channel): 0.0015 (0.0015)  IoU (P channel): 0.2951 (0.2908)  lr: 0.000996  iter-time: 0.9282
[14:47:22.913648] Epoch: [20]  [370/491]  eta: 0:01:55  loss: 0.1131 (0.1048)  IoU (F channel): 0.3028 (0.3597)  L1 (Dc channel): 0.0010 (0.0012)  L1 (Dn channel): 0.0012 (0.0015)  IoU (P channel): 0.2249 (0.2894)  lr: 0.000996  iter-time: 0.9325
[14:47:32.331972] Epoch: [20]  [380/491]  eta: 0:01:46  loss: 0.1131 (0.1054)  IoU (F channel): 0.2927 (0.3591)  L1 (Dc channel): 0.0011 (0.0012)  L1 (Dn channel): 0.0011 (0.0015)  IoU (P channel): 0.2252 (0.2889)  lr: 0.000996  iter-time: 0.9436
[14:47:41.745249] Epoch: [20]  [390/491]  eta: 0:01:36  loss: 0.1027 (0.1059)  IoU (F channel): 0.3210 (0.3586)  L1 (Dc channel): 0.0010 (0.0012)  L1 (Dn channel): 0.0012 (0.0015)  IoU (P channel): 0.2425 (0.2884)  lr: 0.000995  iter-time: 0.9414
[14:47:51.061782] Epoch: [20]  [400/491]  eta: 0:01:26  loss: 0.1011 (0.1062)  IoU (F channel): 0.3539 (0.3590)  L1 (Dc channel): 0.0011 (0.0012)  L1 (Dn channel): 0.0013 (0.0015)  IoU (P channel): 0.2897 (0.2888)  lr: 0.000995  iter-time: 0.9364
[14:48:00.379362] Epoch: [20]  [410/491]  eta: 0:01:17  loss: 0.1016 (0.1062)  IoU (F channel): 0.3176 (0.3573)  L1 (Dc channel): 0.0011 (0.0012)  L1 (Dn channel): 0.0014 (0.0015)  IoU (P channel): 0.2699 (0.2876)  lr: 0.000995  iter-time: 0.9316
[14:48:09.666507] Epoch: [20]  [420/491]  eta: 0:01:07  loss: 0.0983 (0.1062)  IoU (F channel): 0.3176 (0.3578)  L1 (Dc channel): 0.0011 (0.0012)  L1 (Dn channel): 0.0014 (0.0015)  IoU (P channel): 0.2575 (0.2872)  lr: 0.000995  iter-time: 0.9301
[14:48:19.115853] Epoch: [20]  [430/491]  eta: 0:00:58  loss: 0.0933 (0.1065)  IoU (F channel): 0.3749 (0.3572)  L1 (Dc channel): 0.0012 (0.0012)  L1 (Dn channel): 0.0014 (0.0015)  IoU (P channel): 0.2678 (0.2864)  lr: 0.000995  iter-time: 0.9367
[14:48:28.360354] Epoch: [20]  [440/491]  eta: 0:00:48  loss: 0.0791 (0.1061)  IoU (F channel): 0.3831 (0.3582)  L1 (Dc channel): 0.0012 (0.0012)  L1 (Dn channel): 0.0013 (0.0015)  IoU (P channel): 0.2953 (0.2873)  lr: 0.000995  iter-time: 0.9346
[14:48:37.611269] Epoch: [20]  [450/491]  eta: 0:00:39  loss: 0.0737 (0.1059)  IoU (F channel): 0.3326 (0.3579)  L1 (Dc channel): 0.0012 (0.0012)  L1 (Dn channel): 0.0013 (0.0015)  IoU (P channel): 0.2948 (0.2869)  lr: 0.000995  iter-time: 0.9247
[14:48:46.946477] Epoch: [20]  [460/491]  eta: 0:00:29  loss: 0.0872 (0.1060)  IoU (F channel): 0.3224 (0.3578)  L1 (Dc channel): 0.0012 (0.0012)  L1 (Dn channel): 0.0010 (0.0015)  IoU (P channel): 0.2846 (0.2871)  lr: 0.000995  iter-time: 0.9292
[14:48:56.140063] Epoch: [20]  [470/491]  eta: 0:00:19  loss: 0.0771 (0.1056)  IoU (F channel): 0.3405 (0.3579)  L1 (Dc channel): 0.0012 (0.0012)  L1 (Dn channel): 0.0008 (0.0014)  IoU (P channel): 0.2826 (0.2872)  lr: 0.000995  iter-time: 0.9263
[14:49:05.431720] Epoch: [20]  [480/491]  eta: 0:00:10  loss: 0.0831 (0.1053)  IoU (F channel): 0.3700 (0.3580)  L1 (Dc channel): 0.0012 (0.0012)  L1 (Dn channel): 0.0011 (0.0014)  IoU (P channel): 0.2984 (0.2877)  lr: 0.000995  iter-time: 0.9241
[14:49:14.088328] Epoch: [20]  [490/491]  eta: 0:00:00  loss: 0.0957 (0.1053)  IoU (F channel): 0.3795 (0.3587)  L1 (Dc channel): 0.0011 (0.0012)  L1 (Dn channel): 0.0016 (0.0015)  IoU (P channel): 0.3136 (0.2881)  lr: 0.000994  iter-time: 0.8973
[14:49:14.088454] Epoch: [20] Total time: 0:07:45 (0.9486 s / it)
[14:49:14.088491] [Train] averaged stats: loss: 0.0957 (0.1053)  IoU (F channel): 0.3795 (0.3587)  L1 (Dc channel): 0.0011 (0.0012)  L1 (Dn channel): 0.0016 (0.0015)  IoU (P channel): 0.3136 (0.2881)  lr: 0.000994
[14:49:19.702344] Epoch: [20]  [ 0/27]  eta: 0:02:31  loss: 0.0252 (0.0252)  IoU (F channel): 0.0000 (0.0000)  L1 (Dc channel): 0.0010 (0.0010)  L1 (Dn channel): 0.0012 (0.0012)  IoU (P channel): 0.0000 (0.0000)  iter-time: 5.6126
[14:49:26.626417] Epoch: [20]  [10/27]  eta: 0:00:19  loss: 0.1470 (0.2155)  IoU (F channel): 0.3506 (0.2498)  L1 (Dc channel): 0.0011 (0.0012)  L1 (Dn channel): 0.0013 (0.0019)  IoU (P channel): 0.2446 (0.1934)  iter-time: 1.1396
[14:49:34.162314] Epoch: [20]  [20/27]  eta: 0:00:06  loss: 0.1205 (0.1848)  IoU (F channel): 0.3540 (0.2842)  L1 (Dc channel): 0.0012 (0.0013)  L1 (Dn channel): 0.0013 (0.0018)  IoU (P channel): 0.2882 (0.2157)  iter-time: 0.7229
[14:49:35.681275] Epoch: [20]  [26/27]  eta: 0:00:00  loss: 0.1249 (0.1924)  IoU (F channel): 0.3540 (0.2983)  L1 (Dc channel): 0.0012 (0.0013)  L1 (Dn channel): 0.0015 (0.0018)  IoU (P channel): 0.3261 (0.2266)  iter-time: 0.6405
[14:49:35.681469] Epoch: [20] Total time: 0:00:21 (0.7997 s / it)
[14:49:35.681492] [Val] averaged stats: loss: 0.1249 (0.1924)  IoU (F channel): 0.3540 (0.2983)  L1 (Dc channel): 0.0012 (0.0013)  L1 (Dn channel): 0.0015 (0.0018)  IoU (P channel): 0.3261 (0.2266)
[14:49:35.681683] [Val] best loss: 0.1745 best  IoU (F channel): 0.2528 L1 (Dc channel): 0.0010 L1 (Dn channel): 0.0018 IoU (P channel): 0.2059 
[14:49:35.694313] Creating training plots . . .
EarlyStopping counter: 3 out of 10
[14:49:42.971363] [Time] 8.2m 2.7h/8.4h

[14:49:42.971390] ~~~ Epoch 21/60 ~~~

[14:49:48.943786] Epoch: [21]  [  0/491]  eta: 0:48:51  loss: 0.0858 (0.0858)  IoU (F channel): 0.4021 (0.4021)  L1 (Dc channel): 0.0013 (0.0013)  L1 (Dn channel): 0.0019 (0.0019)  IoU (P channel): 0.3599 (0.3599)  lr: 0.000994  iter-time: 5.9710
[14:49:59.513794] Epoch: [21]  [ 10/491]  eta: 0:12:03  loss: 0.0997 (0.1021)  IoU (F channel): 0.3481 (0.3617)  L1 (Dc channel): 0.0013 (0.0013)  L1 (Dn channel): 0.0015 (0.0017)  IoU (P channel): 0.3132 (0.3069)  lr: 0.000994  iter-time: 1.5036
[14:50:08.791244] Epoch: [21]  [ 20/491]  eta: 0:09:39  loss: 0.0943 (0.0944)  IoU (F channel): 0.3610 (0.3777)  L1 (Dc channel): 0.0012 (0.0013)  L1 (Dn channel): 0.0015 (0.0016)  IoU (P channel): 0.3132 (0.3135)  lr: 0.000994  iter-time: 0.9923
[14:50:18.348009] Epoch: [21]  [ 30/491]  eta: 0:08:46  loss: 0.0991 (0.1045)  IoU (F channel): 0.3826 (0.3795)  L1 (Dc channel): 0.0012 (0.0013)  L1 (Dn channel): 0.0015 (0.0017)  IoU (P channel): 0.3189 (0.3164)  lr: 0.000994  iter-time: 0.9416
[14:50:27.755299] Epoch: [21]  [ 40/491]  eta: 0:08:12  loss: 0.1068 (0.1030)  IoU (F channel): 0.3582 (0.3767)  L1 (Dc channel): 0.0012 (0.0012)  L1 (Dn channel): 0.0015 (0.0016)  IoU (P channel): 0.3164 (0.3163)  lr: 0.000994  iter-time: 0.9481
[14:50:37.079068] Epoch: [21]  [ 50/491]  eta: 0:07:47  loss: 0.0862 (0.1000)  IoU (F channel): 0.3688 (0.3768)  L1 (Dc channel): 0.0011 (0.0012)  L1 (Dn channel): 0.0013 (0.0015)  IoU (P channel): 0.2938 (0.3134)  lr: 0.000994  iter-time: 0.9364
[14:50:46.455730] Epoch: [21]  [ 60/491]  eta: 0:07:28  loss: 0.0862 (0.0968)  IoU (F channel): 0.3851 (0.3757)  L1 (Dc channel): 0.0012 (0.0012)  L1 (Dn channel): 0.0012 (0.0015)  IoU (P channel): 0.2928 (0.3108)  lr: 0.000994  iter-time: 0.9349
[14:50:55.867620] Epoch: [21]  [ 70/491]  eta: 0:07:12  loss: 0.0809 (0.0945)  IoU (F channel): 0.3415 (0.3755)  L1 (Dc channel): 0.0012 (0.0012)  L1 (Dn channel): 0.0012 (0.0015)  IoU (P channel): 0.3040 (0.3103)  lr: 0.000994  iter-time: 0.9393
[14:51:05.640999] Epoch: [21]  [ 80/491]  eta: 0:06:59  loss: 0.0809 (0.0940)  IoU (F channel): 0.3664 (0.3753)  L1 (Dc channel): 0.0012 (0.0012)  L1 (Dn channel): 0.0013 (0.0015)  IoU (P channel): 0.3054 (0.3108)  lr: 0.000993  iter-time: 0.9591
[14:51:14.983771] Epoch: [21]  [ 90/491]  eta: 0:06:45  loss: 0.0910 (0.0934)  IoU (F channel): 0.3658 (0.3716)  L1 (Dc channel): 0.0012 (0.0012)  L1 (Dn channel): 0.0013 (0.0015)  IoU (P channel): 0.3027 (0.3078)  lr: 0.000993  iter-time: 0.9557
[14:51:24.321353] Epoch: [21]  [100/491]  eta: 0:06:32  loss: 0.0910 (0.0943)  IoU (F channel): 0.3613 (0.3730)  L1 (Dc channel): 0.0012 (0.0012)  L1 (Dn channel): 0.0013 (0.0014)  IoU (P channel): 0.2738 (0.3061)  lr: 0.000993  iter-time: 0.9339
[14:51:33.712573] Epoch: [21]  [110/491]  eta: 0:06:20  loss: 0.0950 (0.0946)  IoU (F channel): 0.3414 (0.3749)  L1 (Dc channel): 0.0013 (0.0012)  L1 (Dn channel): 0.0013 (0.0015)  IoU (P channel): 0.2830 (0.3080)  lr: 0.000993  iter-time: 0.9363
[14:51:42.995263] Epoch: [21]  [120/491]  eta: 0:06:07  loss: 0.0890 (0.0936)  IoU (F channel): 0.3988 (0.3775)  L1 (Dc channel): 0.0012 (0.0012)  L1 (Dn channel): 0.0013 (0.0014)  IoU (P channel): 0.3376 (0.3090)  lr: 0.000993  iter-time: 0.9336
[14:51:52.403211] Epoch: [21]  [130/491]  eta: 0:05:56  loss: 0.0825 (0.0928)  IoU (F channel): 0.4072 (0.3762)  L1 (Dc channel): 0.0012 (0.0012)  L1 (Dn channel): 0.0013 (0.0014)  IoU (P channel): 0.3086 (0.3072)  lr: 0.000993  iter-time: 0.9344
[14:52:01.720979] Epoch: [21]  [140/491]  eta: 0:05:45  loss: 0.0838 (0.0926)  IoU (F channel): 0.3949 (0.3762)  L1 (Dc channel): 0.0012 (0.0012)  L1 (Dn channel): 0.0012 (0.0014)  IoU (P channel): 0.3086 (0.3094)  lr: 0.000993  iter-time: 0.9362
[14:52:11.193612] Epoch: [21]  [150/491]  eta: 0:05:34  loss: 0.0844 (0.0933)  IoU (F channel): 0.3949 (0.3792)  L1 (Dc channel): 0.0012 (0.0012)  L1 (Dn channel): 0.0012 (0.0014)  IoU (P channel): 0.3223 (0.3109)  lr: 0.000993  iter-time: 0.9394
[14:52:20.443475] Epoch: [21]  [160/491]  eta: 0:05:23  loss: 0.0850 (0.0940)  IoU (F channel): 0.3888 (0.3796)  L1 (Dc channel): 0.0014 (0.0012)  L1 (Dn channel): 0.0014 (0.0014)  IoU (P channel): 0.2928 (0.3097)  lr: 0.000992  iter-time: 0.9360
[14:52:29.652971] Epoch: [21]  [170/491]  eta: 0:05:12  loss: 0.0909 (0.0952)  IoU (F channel): 0.3683 (0.3787)  L1 (Dc channel): 0.0014 (0.0012)  L1 (Dn channel): 0.0015 (0.0014)  IoU (P channel): 0.2770 (0.3069)  lr: 0.000992  iter-time: 0.9229
[14:52:39.048936] Epoch: [21]  [180/491]  eta: 0:05:02  loss: 0.1012 (0.0954)  IoU (F channel): 0.3249 (0.3763)  L1 (Dc channel): 0.0012 (0.0012)  L1 (Dn channel): 0.0015 (0.0015)  IoU (P channel): 0.2906 (0.3057)  lr: 0.000992  iter-time: 0.9302
[14:52:48.501501] Epoch: [21]  [190/491]  eta: 0:04:52  loss: 0.0776 (0.0948)  IoU (F channel): 0.3444 (0.3764)  L1 (Dc channel): 0.0012 (0.0012)  L1 (Dn channel): 0.0012 (0.0014)  IoU (P channel): 0.2993 (0.3061)  lr: 0.000992  iter-time: 0.9423
[14:52:57.969287] Epoch: [21]  [200/491]  eta: 0:04:42  loss: 0.0678 (0.0939)  IoU (F channel): 0.3371 (0.3737)  L1 (Dc channel): 0.0011 (0.0012)  L1 (Dn channel): 0.0011 (0.0014)  IoU (P channel): 0.2852 (0.3042)  lr: 0.000992  iter-time: 0.9459
[14:53:07.433349] Epoch: [21]  [210/491]  eta: 0:04:32  loss: 0.0694 (0.0945)  IoU (F channel): 0.3519 (0.3762)  L1 (Dc channel): 0.0012 (0.0012)  L1 (Dn channel): 0.0011 (0.0014)  IoU (P channel): 0.2957 (0.3056)  lr: 0.000992  iter-time: 0.9465
[14:53:16.775442] Epoch: [21]  [220/491]  eta: 0:04:22  loss: 0.0799 (0.0939)  IoU (F channel): 0.3813 (0.3744)  L1 (Dc channel): 0.0012 (0.0012)  L1 (Dn channel): 0.0012 (0.0014)  IoU (P channel): 0.2896 (0.3035)  lr: 0.000992  iter-time: 0.9402
[14:53:26.220704] Epoch: [21]  [230/491]  eta: 0:04:12  loss: 0.0799 (0.0940)  IoU (F channel): 0.3700 (0.3754)  L1 (Dc channel): 0.0012 (0.0012)  L1 (Dn channel): 0.0014 (0.0014)  IoU (P channel): 0.3059 (0.3045)  lr: 0.000991  iter-time: 0.9392
[14:53:35.586851] Epoch: [21]  [240/491]  eta: 0:04:02  loss: 0.0772 (0.0934)  IoU (F channel): 0.3700 (0.3766)  L1 (Dc channel): 0.0011 (0.0012)  L1 (Dn channel): 0.0014 (0.0014)  IoU (P channel): 0.3252 (0.3056)  lr: 0.000991  iter-time: 0.9404
[14:53:44.925400] Epoch: [21]  [250/491]  eta: 0:03:52  loss: 0.0679 (0.0930)  IoU (F channel): 0.3562 (0.3769)  L1 (Dc channel): 0.0011 (0.0012)  L1 (Dn channel): 0.0013 (0.0014)  IoU (P channel): 0.3189 (0.3063)  lr: 0.000991  iter-time: 0.9351
[14:53:54.093630] Epoch: [21]  [260/491]  eta: 0:03:42  loss: 0.0863 (0.0928)  IoU (F channel): 0.3840 (0.3767)  L1 (Dc channel): 0.0012 (0.0012)  L1 (Dn channel): 0.0012 (0.0014)  IoU (P channel): 0.3220 (0.3056)  lr: 0.000991  iter-time: 0.9252
[14:54:03.523891] Epoch: [21]  [270/491]  eta: 0:03:32  loss: 0.0756 (0.0920)  IoU (F channel): 0.3893 (0.3762)  L1 (Dc channel): 0.0011 (0.0012)  L1 (Dn channel): 0.0012 (0.0014)  IoU (P channel): 0.3213 (0.3056)  lr: 0.000991  iter-time: 0.9298
[14:54:12.962056] Epoch: [21]  [280/491]  eta: 0:03:22  loss: 0.0677 (0.0912)  IoU (F channel): 0.3764 (0.3771)  L1 (Dc channel): 0.0011 (0.0012)  L1 (Dn channel): 0.0011 (0.0014)  IoU (P channel): 0.3265 (0.3066)  lr: 0.000991  iter-time: 0.9433
[14:54:22.301053] Epoch: [21]  [290/491]  eta: 0:03:12  loss: 0.0677 (0.0910)  IoU (F channel): 0.3915 (0.3782)  L1 (Dc channel): 0.0011 (0.0012)  L1 (Dn channel): 0.0012 (0.0014)  IoU (P channel): 0.3247 (0.3068)  lr: 0.000991  iter-time: 0.9388
[14:54:31.782564] Epoch: [21]  [300/491]  eta: 0:03:03  loss: 0.0726 (0.0914)  IoU (F channel): 0.3864 (0.3768)  L1 (Dc channel): 0.0012 (0.0012)  L1 (Dn channel): 0.0014 (0.0014)  IoU (P channel): 0.2924 (0.3068)  lr: 0.000990  iter-time: 0.9409
[14:54:41.167059] Epoch: [21]  [310/491]  eta: 0:02:53  loss: 0.0925 (0.0913)  IoU (F channel): 0.3507 (0.3758)  L1 (Dc channel): 0.0012 (0.0012)  L1 (Dn channel): 0.0014 (0.0014)  IoU (P channel): 0.3047 (0.3060)  lr: 0.000990  iter-time: 0.9431
[14:54:50.532851] Epoch: [21]  [320/491]  eta: 0:02:43  loss: 0.0829 (0.0908)  IoU (F channel): 0.3878 (0.3772)  L1 (Dc channel): 0.0011 (0.0012)  L1 (Dn channel): 0.0013 (0.0014)  IoU (P channel): 0.3298 (0.3066)  lr: 0.000990  iter-time: 0.9374
[14:54:59.959767] Epoch: [21]  [330/491]  eta: 0:02:34  loss: 0.0592 (0.0898)  IoU (F channel): 0.3940 (0.3767)  L1 (Dc channel): 0.0011 (0.0012)  L1 (Dn channel): 0.0013 (0.0014)  IoU (P channel): 0.3207 (0.3056)  lr: 0.000990  iter-time: 0.9395
[14:55:09.181431] Epoch: [21]  [340/491]  eta: 0:02:24  loss: 0.0711 (0.0897)  IoU (F channel): 0.3801 (0.3773)  L1 (Dc channel): 0.0011 (0.0012)  L1 (Dn channel): 0.0013 (0.0014)  IoU (P channel): 0.3142 (0.3066)  lr: 0.000990  iter-time: 0.9323
[14:55:18.730262] Epoch: [21]  [350/491]  eta: 0:02:14  loss: 0.0847 (0.0898)  IoU (F channel): 0.3736 (0.3780)  L1 (Dc channel): 0.0012 (0.0012)  L1 (Dn channel): 0.0013 (0.0014)  IoU (P channel): 0.3138 (0.3071)  lr: 0.000990  iter-time: 0.9384
[14:55:28.078029] Epoch: [21]  [360/491]  eta: 0:02:05  loss: 0.0885 (0.0900)  IoU (F channel): 0.3713 (0.3782)  L1 (Dc channel): 0.0012 (0.0012)  L1 (Dn channel): 0.0012 (0.0014)  IoU (P channel): 0.3135 (0.3077)  lr: 0.000990  iter-time: 0.9447
[14:55:37.562596] Epoch: [21]  [370/491]  eta: 0:01:55  loss: 0.0867 (0.0898)  IoU (F channel): 0.3895 (0.3781)  L1 (Dc channel): 0.0012 (0.0012)  L1 (Dn channel): 0.0011 (0.0014)  IoU (P channel): 0.3021 (0.3074)  lr: 0.000989  iter-time: 0.9415
[14:55:46.817829] Epoch: [21]  [380/491]  eta: 0:01:45  loss: 0.0743 (0.0897)  IoU (F channel): 0.4038 (0.3787)  L1 (Dc channel): 0.0011 (0.0012)  L1 (Dn channel): 0.0013 (0.0014)  IoU (P channel): 0.3136 (0.3075)  lr: 0.000989  iter-time: 0.9369
[14:55:56.326978] Epoch: [21]  [390/491]  eta: 0:01:36  loss: 0.0779 (0.0896)  IoU (F channel): 0.3701 (0.3787)  L1 (Dc channel): 0.0012 (0.0012)  L1 (Dn channel): 0.0013 (0.0014)  IoU (P channel): 0.3163 (0.3075)  lr: 0.000989  iter-time: 0.9381
[14:56:05.677383] Epoch: [21]  [400/491]  eta: 0:01:26  loss: 0.0810 (0.0894)  IoU (F channel): 0.3645 (0.3790)  L1 (Dc channel): 0.0012 (0.0012)  L1 (Dn channel): 0.0012 (0.0014)  IoU (P channel): 0.3163 (0.3080)  lr: 0.000989  iter-time: 0.9429
[14:56:15.023081] Epoch: [21]  [410/491]  eta: 0:01:17  loss: 0.0791 (0.0892)  IoU (F channel): 0.3859 (0.3788)  L1 (Dc channel): 0.0011 (0.0012)  L1 (Dn channel): 0.0013 (0.0014)  IoU (P channel): 0.3309 (0.3082)  lr: 0.000989  iter-time: 0.9328
[14:56:24.305778] Epoch: [21]  [420/491]  eta: 0:01:07  loss: 0.0791 (0.0890)  IoU (F channel): 0.3888 (0.3787)  L1 (Dc channel): 0.0011 (0.0012)  L1 (Dn channel): 0.0012 (0.0014)  IoU (P channel): 0.3272 (0.3085)  lr: 0.000989  iter-time: 0.9294
[14:56:33.509581] Epoch: [21]  [430/491]  eta: 0:00:58  loss: 0.0653 (0.0885)  IoU (F channel): 0.3507 (0.3789)  L1 (Dc channel): 0.0011 (0.0012)  L1 (Dn channel): 0.0011 (0.0014)  IoU (P channel): 0.3140 (0.3087)  lr: 0.000988  iter-time: 0.9242
[14:56:42.796846] Epoch: [21]  [440/491]  eta: 0:00:48  loss: 0.0557 (0.0878)  IoU (F channel): 0.3857 (0.3793)  L1 (Dc channel): 0.0010 (0.0012)  L1 (Dn channel): 0.0011 (0.0014)  IoU (P channel): 0.3266 (0.3087)  lr: 0.000988  iter-time: 0.9245
[14:56:52.135084] Epoch: [21]  [450/491]  eta: 0:00:39  loss: 0.0629 (0.0876)  IoU (F channel): 0.3948 (0.3804)  L1 (Dc channel): 0.0010 (0.0012)  L1 (Dn channel): 0.0011 (0.0014)  IoU (P channel): 0.3381 (0.3092)  lr: 0.000988  iter-time: 0.9311
[14:57:01.569376] Epoch: [21]  [460/491]  eta: 0:00:29  loss: 0.0766 (0.0877)  IoU (F channel): 0.3587 (0.3803)  L1 (Dc channel): 0.0011 (0.0012)  L1 (Dn channel): 0.0011 (0.0014)  IoU (P channel): 0.3133 (0.3090)  lr: 0.000988  iter-time: 0.9385
[14:57:10.997385] Epoch: [21]  [470/491]  eta: 0:00:19  loss: 0.0826 (0.0876)  IoU (F channel): 0.3591 (0.3805)  L1 (Dc channel): 0.0011 (0.0012)  L1 (Dn channel): 0.0012 (0.0014)  IoU (P channel): 0.3097 (0.3090)  lr: 0.000988  iter-time: 0.9430
[14:57:20.166510] Epoch: [21]  [480/491]  eta: 0:00:10  loss: 0.0731 (0.0875)  IoU (F channel): 0.3912 (0.3811)  L1 (Dc channel): 0.0011 (0.0012)  L1 (Dn channel): 0.0013 (0.0014)  IoU (P channel): 0.3152 (0.3095)  lr: 0.000988  iter-time: 0.9297
[14:57:28.831220] Epoch: [21]  [490/491]  eta: 0:00:00  loss: 0.0737 (0.0876)  IoU (F channel): 0.3761 (0.3806)  L1 (Dc channel): 0.0010 (0.0012)  L1 (Dn channel): 0.0013 (0.0014)  IoU (P channel): 0.3205 (0.3095)  lr: 0.000987  iter-time: 0.8916
[14:57:28.831368] Epoch: [21] Total time: 0:07:45 (0.9488 s / it)
[14:57:28.831403] [Train] averaged stats: loss: 0.0737 (0.0876)  IoU (F channel): 0.3761 (0.3806)  L1 (Dc channel): 0.0010 (0.0012)  L1 (Dn channel): 0.0013 (0.0014)  IoU (P channel): 0.3205 (0.3095)  lr: 0.000987
[14:57:38.256782] Epoch: [21]  [ 0/27]  eta: 0:04:14  loss: 0.0176 (0.0176)  IoU (F channel): 0.0000 (0.0000)  L1 (Dc channel): 0.0012 (0.0012)  L1 (Dn channel): 0.0008 (0.0008)  IoU (P channel): 0.0000 (0.0000)  iter-time: 9.4237
[14:57:44.480850] Epoch: [21]  [10/27]  eta: 0:00:24  loss: 0.1344 (0.1835)  IoU (F channel): 0.3676 (0.2643)  L1 (Dc channel): 0.0012 (0.0015)  L1 (Dn channel): 0.0009 (0.0016)  IoU (P channel): 0.2606 (0.2013)  iter-time: 1.4225
[14:57:49.485560] Epoch: [21]  [20/27]  eta: 0:00:06  loss: 0.1182 (0.1735)  IoU (F channel): 0.3676 (0.2856)  L1 (Dc channel): 0.0014 (0.0015)  L1 (Dn channel): 0.0009 (0.0015)  IoU (P channel): 0.2615 (0.2134)  iter-time: 0.5614
[14:57:52.252877] Epoch: [21]  [26/27]  eta: 0:00:00  loss: 0.1270 (0.1869)  IoU (F channel): 0.3562 (0.2964)  L1 (Dc channel): 0.0015 (0.0015)  L1 (Dn channel): 0.0012 (0.0015)  IoU (P channel): 0.3100 (0.2252)  iter-time: 0.6111
[14:57:52.253039] Epoch: [21] Total time: 0:00:23 (0.8674 s / it)
[14:57:52.253060] [Val] averaged stats: loss: 0.1270 (0.1869)  IoU (F channel): 0.3562 (0.2964)  L1 (Dc channel): 0.0015 (0.0015)  L1 (Dn channel): 0.0012 (0.0015)  IoU (P channel): 0.3100 (0.2252)
[14:57:52.253247] [Val] best loss: 0.1745 best  IoU (F channel): 0.2528 L1 (Dc channel): 0.0010 L1 (Dn channel): 0.0018 IoU (P channel): 0.2059 
EarlyStopping counter: 4 out of 10
[14:57:52.265363] [Time] 8.2m 2.9h/8.3h

[14:57:52.265385] ~~~ Epoch 22/60 ~~~

[14:58:00.514158] Epoch: [22]  [  0/491]  eta: 1:07:29  loss: 0.1197 (0.1197)  IoU (F channel): 0.2816 (0.2816)  L1 (Dc channel): 0.0019 (0.0019)  L1 (Dn channel): 0.0019 (0.0019)  IoU (P channel): 0.2676 (0.2676)  lr: 0.000987  iter-time: 8.2473
[14:58:10.079529] Epoch: [22]  [ 10/491]  eta: 0:12:58  loss: 0.0717 (0.0817)  IoU (F channel): 0.3531 (0.3712)  L1 (Dc channel): 0.0011 (0.0011)  L1 (Dn channel): 0.0012 (0.0013)  IoU (P channel): 0.3236 (0.3119)  lr: 0.000987  iter-time: 1.6192
[14:58:19.661857] Epoch: [22]  [ 20/491]  eta: 0:10:14  loss: 0.0661 (0.0797)  IoU (F channel): 0.3770 (0.3697)  L1 (Dc channel): 0.0011 (0.0011)  L1 (Dn channel): 0.0012 (0.0013)  IoU (P channel): 0.3456 (0.3212)  lr: 0.000987  iter-time: 0.9573
[14:58:29.028147] Epoch: [22]  [ 30/491]  eta: 0:09:06  loss: 0.0661 (0.0787)  IoU (F channel): 0.3782 (0.3718)  L1 (Dc channel): 0.0010 (0.0011)  L1 (Dn channel): 0.0013 (0.0013)  IoU (P channel): 0.3221 (0.3148)  lr: 0.000987  iter-time: 0.9473
[14:58:38.206357] Epoch: [22]  [ 40/491]  eta: 0:08:25  loss: 0.0716 (0.0796)  IoU (F channel): 0.3916 (0.3865)  L1 (Dc channel): 0.0010 (0.0011)  L1 (Dn channel): 0.0012 (0.0014)  IoU (P channel): 0.3138 (0.3186)  lr: 0.000987  iter-time: 0.9271
[14:58:47.725751] Epoch: [22]  [ 50/491]  eta: 0:07:59  loss: 0.0797 (0.0792)  IoU (F channel): 0.3920 (0.3873)  L1 (Dc channel): 0.0010 (0.0011)  L1 (Dn channel): 0.0012 (0.0013)  IoU (P channel): 0.3266 (0.3209)  lr: 0.000987  iter-time: 0.9348
[14:58:57.190683] Epoch: [22]  [ 60/491]  eta: 0:07:38  loss: 0.0730 (0.0774)  IoU (F channel): 0.3471 (0.3863)  L1 (Dc channel): 0.0009 (0.0011)  L1 (Dn channel): 0.0011 (0.0013)  IoU (P channel): 0.3114 (0.3188)  lr: 0.000986  iter-time: 0.9491
[14:59:06.430269] Epoch: [22]  [ 70/491]  eta: 0:07:19  loss: 0.0741 (0.0794)  IoU (F channel): 0.4027 (0.3946)  L1 (Dc channel): 0.0011 (0.0011)  L1 (Dn channel): 0.0012 (0.0013)  IoU (P channel): 0.3144 (0.3217)  lr: 0.000986  iter-time: 0.9351
[14:59:15.922206] Epoch: [22]  [ 80/491]  eta: 0:07:04  loss: 0.0839 (0.0807)  IoU (F channel): 0.4146 (0.3930)  L1 (Dc channel): 0.0011 (0.0011)  L1 (Dn channel): 0.0013 (0.0013)  IoU (P channel): 0.3057 (0.3185)  lr: 0.000986  iter-time: 0.9365
[14:59:25.308348] Epoch: [22]  [ 90/491]  eta: 0:06:49  loss: 0.0842 (0.0813)  IoU (F channel): 0.3795 (0.3902)  L1 (Dc channel): 0.0010 (0.0011)  L1 (Dn channel): 0.0011 (0.0013)  IoU (P channel): 0.2910 (0.3146)  lr: 0.000986  iter-time: 0.9438
[14:59:34.658180] Epoch: [22]  [100/491]  eta: 0:06:36  loss: 0.0728 (0.0793)  IoU (F channel): 0.3434 (0.3911)  L1 (Dc channel): 0.0007 (0.0011)  L1 (Dn channel): 0.0007 (0.0013)  IoU (P channel): 0.2899 (0.3147)  lr: 0.000986  iter-time: 0.9367
[14:59:43.863236] Epoch: [22]  [110/491]  eta: 0:06:23  loss: 0.0633 (0.0791)  IoU (F channel): 0.4025 (0.3916)  L1 (Dc channel): 0.0007 (0.0010)  L1 (Dn channel): 0.0011 (0.0013)  IoU (P channel): 0.3201 (0.3135)  lr: 0.000985  iter-time: 0.9277
[14:59:53.120858] Epoch: [22]  [120/491]  eta: 0:06:10  loss: 0.0737 (0.0787)  IoU (F channel): 0.3747 (0.3928)  L1 (Dc channel): 0.0007 (0.0010)  L1 (Dn channel): 0.0012 (0.0013)  IoU (P channel): 0.3067 (0.3134)  lr: 0.000985  iter-time: 0.9230
[15:00:02.499769] Epoch: [22]  [130/491]  eta: 0:05:58  loss: 0.0737 (0.0786)  IoU (F channel): 0.3682 (0.3928)  L1 (Dc channel): 0.0009 (0.0010)  L1 (Dn channel): 0.0013 (0.0013)  IoU (P channel): 0.3169 (0.3138)  lr: 0.000985  iter-time: 0.9317
[15:00:11.954583] Epoch: [22]  [140/491]  eta: 0:05:47  loss: 0.0722 (0.0780)  IoU (F channel): 0.3660 (0.3926)  L1 (Dc channel): 0.0011 (0.0010)  L1 (Dn channel): 0.0014 (0.0013)  IoU (P channel): 0.3270 (0.3150)  lr: 0.000985  iter-time: 0.9416
[15:00:21.373209] Epoch: [22]  [150/491]  eta: 0:05:36  loss: 0.0737 (0.0788)  IoU (F channel): 0.4174 (0.3947)  L1 (Dc channel): 0.0011 (0.0010)  L1 (Dn channel): 0.0012 (0.0013)  IoU (P channel): 0.3282 (0.3156)  lr: 0.000985  iter-time: 0.9436
[15:00:30.530952] Epoch: [22]  [160/491]  eta: 0:05:25  loss: 0.0786 (0.0789)  IoU (F channel): 0.4174 (0.3963)  L1 (Dc channel): 0.0010 (0.0010)  L1 (Dn channel): 0.0012 (0.0013)  IoU (P channel): 0.3328 (0.3166)  lr: 0.000985  iter-time: 0.9287
[15:00:40.182326] Epoch: [22]  [170/491]  eta: 0:05:15  loss: 0.0717 (0.0785)  IoU (F channel): 0.3849 (0.3958)  L1 (Dc channel): 0.0010 (0.0010)  L1 (Dn channel): 0.0013 (0.0013)  IoU (P channel): 0.3215 (0.3151)  lr: 0.000984  iter-time: 0.9404
[15:00:49.693566] Epoch: [22]  [180/491]  eta: 0:05:04  loss: 0.0718 (0.0784)  IoU (F channel): 0.3784 (0.3959)  L1 (Dc channel): 0.0011 (0.0010)  L1 (Dn channel): 0.0013 (0.0013)  IoU (P channel): 0.3172 (0.3153)  lr: 0.000984  iter-time: 0.9580
[15:00:58.938423] Epoch: [22]  [190/491]  eta: 0:04:54  loss: 0.0686 (0.0785)  IoU (F channel): 0.3784 (0.3951)  L1 (Dc channel): 0.0011 (0.0010)  L1 (Dn channel): 0.0013 (0.0013)  IoU (P channel): 0.3143 (0.3161)  lr: 0.000984  iter-time: 0.9377
[15:01:08.390761] Epoch: [22]  [200/491]  eta: 0:04:43  loss: 0.0662 (0.0785)  IoU (F channel): 0.4014 (0.3971)  L1 (Dc channel): 0.0010 (0.0011)  L1 (Dn channel): 0.0013 (0.0013)  IoU (P channel): 0.3344 (0.3173)  lr: 0.000984  iter-time: 0.9348
[15:01:17.711340] Epoch: [22]  [210/491]  eta: 0:04:33  loss: 0.0744 (0.0793)  IoU (F channel): 0.4004 (0.3970)  L1 (Dc channel): 0.0012 (0.0011)  L1 (Dn channel): 0.0015 (0.0013)  IoU (P channel): 0.3183 (0.3171)  lr: 0.000984  iter-time: 0.9386
[15:01:27.368156] Epoch: [22]  [220/491]  eta: 0:04:23  loss: 0.0835 (0.0792)  IoU (F channel): 0.3843 (0.3960)  L1 (Dc channel): 0.0012 (0.0011)  L1 (Dn channel): 0.0013 (0.0013)  IoU (P channel): 0.3038 (0.3170)  lr: 0.000983  iter-time: 0.9487
[15:01:36.808247] Epoch: [22]  [230/491]  eta: 0:04:13  loss: 0.0635 (0.0792)  IoU (F channel): 0.3871 (0.3975)  L1 (Dc channel): 0.0011 (0.0011)  L1 (Dn channel): 0.0013 (0.0013)  IoU (P channel): 0.3279 (0.3165)  lr: 0.000983  iter-time: 0.9547
[15:01:46.205851] Epoch: [22]  [240/491]  eta: 0:04:03  loss: 0.0729 (0.0791)  IoU (F channel): 0.3974 (0.3978)  L1 (Dc channel): 0.0011 (0.0011)  L1 (Dn channel): 0.0013 (0.0013)  IoU (P channel): 0.3041 (0.3164)  lr: 0.000983  iter-time: 0.9418
[15:01:55.496705] Epoch: [22]  [250/491]  eta: 0:03:53  loss: 0.0770 (0.0794)  IoU (F channel): 0.3913 (0.3988)  L1 (Dc channel): 0.0011 (0.0011)  L1 (Dn channel): 0.0012 (0.0013)  IoU (P channel): 0.3041 (0.3171)  lr: 0.000983  iter-time: 0.9343
[15:02:05.052926] Epoch: [22]  [260/491]  eta: 0:03:43  loss: 0.0811 (0.0792)  IoU (F channel): 0.3819 (0.3987)  L1 (Dc channel): 0.0011 (0.0011)  L1 (Dn channel): 0.0013 (0.0013)  IoU (P channel): 0.3010 (0.3165)  lr: 0.000983  iter-time: 0.9422
[15:02:14.346816] Epoch: [22]  [270/491]  eta: 0:03:33  loss: 0.0720 (0.0792)  IoU (F channel): 0.3902 (0.3985)  L1 (Dc channel): 0.0011 (0.0011)  L1 (Dn channel): 0.0013 (0.0013)  IoU (P channel): 0.3010 (0.3162)  lr: 0.000982  iter-time: 0.9424
[15:02:23.722532] Epoch: [22]  [280/491]  eta: 0:03:23  loss: 0.0690 (0.0793)  IoU (F channel): 0.3931 (0.3992)  L1 (Dc channel): 0.0010 (0.0011)  L1 (Dn channel): 0.0013 (0.0013)  IoU (P channel): 0.3171 (0.3172)  lr: 0.000982  iter-time: 0.9334
[15:02:33.083752] Epoch: [22]  [290/491]  eta: 0:03:13  loss: 0.0758 (0.0793)  IoU (F channel): 0.3905 (0.3993)  L1 (Dc channel): 0.0009 (0.0011)  L1 (Dn channel): 0.0013 (0.0013)  IoU (P channel): 0.3413 (0.3176)  lr: 0.000982  iter-time: 0.9367
[15:02:42.455957] Epoch: [22]  [300/491]  eta: 0:03:04  loss: 0.0726 (0.0790)  IoU (F channel): 0.3632 (0.3983)  L1 (Dc channel): 0.0009 (0.0011)  L1 (Dn channel): 0.0011 (0.0013)  IoU (P channel): 0.3156 (0.3170)  lr: 0.000982  iter-time: 0.9366
[15:02:51.832590] Epoch: [22]  [310/491]  eta: 0:02:54  loss: 0.0645 (0.0787)  IoU (F channel): 0.3584 (0.3978)  L1 (Dc channel): 0.0009 (0.0011)  L1 (Dn channel): 0.0012 (0.0013)  IoU (P channel): 0.3043 (0.3160)  lr: 0.000982  iter-time: 0.9373
[15:03:01.231719] Epoch: [22]  [320/491]  eta: 0:02:44  loss: 0.0806 (0.0797)  IoU (F channel): 0.3616 (0.3976)  L1 (Dc channel): 0.0011 (0.0011)  L1 (Dn channel): 0.0013 (0.0013)  IoU (P channel): 0.2598 (0.3151)  lr: 0.000981  iter-time: 0.9387
[15:03:10.601109] Epoch: [22]  [330/491]  eta: 0:02:34  loss: 0.0985 (0.0806)  IoU (F channel): 0.3959 (0.3982)  L1 (Dc channel): 0.0012 (0.0011)  L1 (Dn channel): 0.0013 (0.0013)  IoU (P channel): 0.3395 (0.3161)  lr: 0.000981  iter-time: 0.9383
[15:03:19.998138] Epoch: [22]  [340/491]  eta: 0:02:25  loss: 0.0876 (0.0805)  IoU (F channel): 0.3918 (0.3979)  L1 (Dc channel): 0.0012 (0.0011)  L1 (Dn channel): 0.0012 (0.0013)  IoU (P channel): 0.3328 (0.3159)  lr: 0.000981  iter-time: 0.9382
[15:03:29.254703] Epoch: [22]  [350/491]  eta: 0:02:15  loss: 0.0842 (0.0808)  IoU (F channel): 0.3508 (0.3981)  L1 (Dc channel): 0.0009 (0.0011)  L1 (Dn channel): 0.0011 (0.0013)  IoU (P channel): 0.3167 (0.3162)  lr: 0.000981  iter-time: 0.9326
[15:03:38.532982] Epoch: [22]  [360/491]  eta: 0:02:05  loss: 0.0846 (0.0807)  IoU (F channel): 0.3782 (0.3993)  L1 (Dc channel): 0.0008 (0.0011)  L1 (Dn channel): 0.0010 (0.0013)  IoU (P channel): 0.3199 (0.3164)  lr: 0.000981  iter-time: 0.9266
[15:03:47.912388] Epoch: [22]  [370/491]  eta: 0:01:55  loss: 0.0693 (0.0807)  IoU (F channel): 0.3997 (0.3988)  L1 (Dc channel): 0.0008 (0.0011)  L1 (Dn channel): 0.0011 (0.0013)  IoU (P channel): 0.2914 (0.3158)  lr: 0.000980  iter-time: 0.9328
[15:03:57.279005] Epoch: [22]  [380/491]  eta: 0:01:46  loss: 0.0693 (0.0808)  IoU (F channel): 0.3674 (0.3992)  L1 (Dc channel): 0.0008 (0.0010)  L1 (Dn channel): 0.0014 (0.0013)  IoU (P channel): 0.3014 (0.3158)  lr: 0.000980  iter-time: 0.9372
[15:04:06.536032] Epoch: [22]  [390/491]  eta: 0:01:36  loss: 0.0843 (0.0811)  IoU (F channel): 0.3835 (0.3988)  L1 (Dc channel): 0.0008 (0.0010)  L1 (Dn channel): 0.0014 (0.0013)  IoU (P channel): 0.3319 (0.3159)  lr: 0.000980  iter-time: 0.9311
[15:04:15.843045] Epoch: [22]  [400/491]  eta: 0:01:27  loss: 0.0752 (0.0812)  IoU (F channel): 0.3803 (0.3990)  L1 (Dc channel): 0.0009 (0.0010)  L1 (Dn channel): 0.0012 (0.0013)  IoU (P channel): 0.3319 (0.3161)  lr: 0.000980  iter-time: 0.9281
[15:04:25.107918] Epoch: [22]  [410/491]  eta: 0:01:17  loss: 0.0711 (0.0816)  IoU (F channel): 0.3803 (0.3987)  L1 (Dc channel): 0.0010 (0.0010)  L1 (Dn channel): 0.0011 (0.0013)  IoU (P channel): 0.3096 (0.3160)  lr: 0.000980  iter-time: 0.9285
[15:04:34.524821] Epoch: [22]  [420/491]  eta: 0:01:07  loss: 0.0656 (0.0813)  IoU (F channel): 0.3519 (0.3974)  L1 (Dc channel): 0.0010 (0.0010)  L1 (Dn channel): 0.0011 (0.0013)  IoU (P channel): 0.2945 (0.3155)  lr: 0.000979  iter-time: 0.9340
[15:04:43.815344] Epoch: [22]  [430/491]  eta: 0:00:58  loss: 0.0656 (0.0810)  IoU (F channel): 0.3694 (0.3993)  L1 (Dc channel): 0.0010 (0.0010)  L1 (Dn channel): 0.0011 (0.0013)  IoU (P channel): 0.3021 (0.3154)  lr: 0.000979  iter-time: 0.9353
[15:04:53.199849] Epoch: [22]  [440/491]  eta: 0:00:48  loss: 0.0836 (0.0814)  IoU (F channel): 0.4356 (0.3984)  L1 (Dc channel): 0.0010 (0.0010)  L1 (Dn channel): 0.0011 (0.0013)  IoU (P channel): 0.2941 (0.3148)  lr: 0.000979  iter-time: 0.9336
[15:05:02.589088] Epoch: [22]  [450/491]  eta: 0:00:39  loss: 0.0836 (0.0813)  IoU (F channel): 0.3830 (0.3987)  L1 (Dc channel): 0.0010 (0.0010)  L1 (Dn channel): 0.0012 (0.0013)  IoU (P channel): 0.3087 (0.3152)  lr: 0.000979  iter-time: 0.9386
[15:05:11.834238] Epoch: [22]  [460/491]  eta: 0:00:29  loss: 0.0626 (0.0815)  IoU (F channel): 0.3944 (0.3989)  L1 (Dc channel): 0.0010 (0.0010)  L1 (Dn channel): 0.0012 (0.0013)  IoU (P channel): 0.3204 (0.3155)  lr: 0.000978  iter-time: 0.9316
[15:05:21.291348] Epoch: [22]  [470/491]  eta: 0:00:20  loss: 0.0689 (0.0812)  IoU (F channel): 0.3680 (0.3978)  L1 (Dc channel): 0.0009 (0.0010)  L1 (Dn channel): 0.0011 (0.0013)  IoU (P channel): 0.2725 (0.3147)  lr: 0.000978  iter-time: 0.9278
[15:05:30.498603] Epoch: [22]  [480/491]  eta: 0:00:10  loss: 0.0601 (0.0810)  IoU (F channel): 0.3587 (0.3975)  L1 (Dc channel): 0.0007 (0.0010)  L1 (Dn channel): 0.0011 (0.0013)  IoU (P channel): 0.2644 (0.3144)  lr: 0.000978  iter-time: 0.9259
[15:05:39.157260] Epoch: [22]  [490/491]  eta: 0:00:00  loss: 0.0605 (0.0810)  IoU (F channel): 0.3824 (0.3969)  L1 (Dc channel): 0.0008 (0.0010)  L1 (Dn channel): 0.0012 (0.0013)  IoU (P channel): 0.2922 (0.3136)  lr: 0.000978  iter-time: 0.8932
[15:05:39.157545] Epoch: [22] Total time: 0:07:46 (0.9509 s / it)
[15:05:39.157576] [Train] averaged stats: loss: 0.0605 (0.0810)  IoU (F channel): 0.3824 (0.3969)  L1 (Dc channel): 0.0008 (0.0010)  L1 (Dn channel): 0.0012 (0.0013)  IoU (P channel): 0.2922 (0.3136)  lr: 0.000978
[15:05:45.175546] Epoch: [22]  [ 0/27]  eta: 0:02:42  loss: 0.0208 (0.0208)  IoU (F channel): 0.0000 (0.0000)  L1 (Dc channel): 0.0010 (0.0010)  L1 (Dn channel): 0.0008 (0.0008)  IoU (P channel): 0.0000 (0.0000)  iter-time: 6.0167
[15:05:54.014577] Epoch: [22]  [10/27]  eta: 0:00:22  loss: 0.0981 (0.1715)  IoU (F channel): 0.3043 (0.2417)  L1 (Dc channel): 0.0012 (0.0013)  L1 (Dn channel): 0.0010 (0.0016)  IoU (P channel): 0.2420 (0.1913)  iter-time: 1.3505
[15:06:01.355337] Epoch: [22]  [20/27]  eta: 0:00:07  loss: 0.0981 (0.1624)  IoU (F channel): 0.3043 (0.2656)  L1 (Dc channel): 0.0013 (0.0014)  L1 (Dn channel): 0.0010 (0.0015)  IoU (P channel): 0.2566 (0.1999)  iter-time: 0.8089
[15:06:02.874186] Epoch: [22]  [26/27]  eta: 0:00:00  loss: 0.1055 (0.1653)  IoU (F channel): 0.3015 (0.2652)  L1 (Dc channel): 0.0013 (0.0014)  L1 (Dn channel): 0.0012 (0.0015)  IoU (P channel): 0.2486 (0.2016)  iter-time: 0.6859
[15:06:02.874279] Epoch: [22] Total time: 0:00:23 (0.8784 s / it)
[15:06:02.874298] [Val] averaged stats: loss: 0.1055 (0.1653)  IoU (F channel): 0.3015 (0.2652)  L1 (Dc channel): 0.0013 (0.0014)  L1 (Dn channel): 0.0012 (0.0015)  IoU (P channel): 0.2486 (0.2016)
[15:06:02.874499] Val loss improved from 0.17453251034021378 to 0.1653335653245449, saving model to metrics/biapy/biapy-channel-scale-zarr-seunet/checkpoints/biapy-channel-scale-zarr-seunet_0-checkpoint-best.pth
[15:06:03.003192] [Val] best loss: 0.1653 best  IoU (F channel): 0.2652 L1 (Dc channel): 0.0014 L1 (Dn channel): 0.0015 IoU (P channel): 0.2016 
[15:06:03.014695] [Time] 8.2m 3.0h/8.3h

[15:06:03.014727] ~~~ Epoch 23/60 ~~~

[15:06:08.854316] Epoch: [23]  [  0/491]  eta: 0:47:46  loss: 0.0655 (0.0655)  IoU (F channel): 0.2590 (0.2590)  L1 (Dc channel): 0.0012 (0.0012)  L1 (Dn channel): 0.0011 (0.0011)  IoU (P channel): 0.2536 (0.2536)  lr: 0.000978  iter-time: 5.8384
[15:06:18.786466] Epoch: [23]  [ 10/491]  eta: 0:11:29  loss: 0.0833 (0.0908)  IoU (F channel): 0.3595 (0.3911)  L1 (Dc channel): 0.0012 (0.0011)  L1 (Dn channel): 0.0013 (0.0013)  IoU (P channel): 0.3294 (0.3227)  lr: 0.000978  iter-time: 1.4336
[15:06:28.106270] Epoch: [23]  [ 20/491]  eta: 0:09:22  loss: 0.0807 (0.0803)  IoU (F channel): 0.3595 (0.3707)  L1 (Dc channel): 0.0011 (0.0011)  L1 (Dn channel): 0.0012 (0.0013)  IoU (P channel): 0.3048 (0.2997)  lr: 0.000977  iter-time: 0.9625
[15:06:37.388339] Epoch: [23]  [ 30/491]  eta: 0:08:31  loss: 0.0638 (0.0804)  IoU (F channel): 0.3634 (0.3735)  L1 (Dc channel): 0.0011 (0.0011)  L1 (Dn channel): 0.0011 (0.0012)  IoU (P channel): 0.2683 (0.2952)  lr: 0.000977  iter-time: 0.9300
[15:06:46.689904] Epoch: [23]  [ 40/491]  eta: 0:08:00  loss: 0.0593 (0.0751)  IoU (F channel): 0.4025 (0.3832)  L1 (Dc channel): 0.0010 (0.0011)  L1 (Dn channel): 0.0011 (0.0012)  IoU (P channel): 0.3207 (0.3031)  lr: 0.000977  iter-time: 0.9291
[15:06:55.969705] Epoch: [23]  [ 50/491]  eta: 0:07:37  loss: 0.0611 (0.0761)  IoU (F channel): 0.4062 (0.3864)  L1 (Dc channel): 0.0010 (0.0011)  L1 (Dn channel): 0.0012 (0.0012)  IoU (P channel): 0.3214 (0.3044)  lr: 0.000977  iter-time: 0.9290
[15:07:05.540479] Epoch: [23]  [ 60/491]  eta: 0:07:21  loss: 0.0691 (0.0750)  IoU (F channel): 0.4054 (0.3861)  L1 (Dc channel): 0.0010 (0.0011)  L1 (Dn channel): 0.0013 (0.0012)  IoU (P channel): 0.2862 (0.2995)  lr: 0.000976  iter-time: 0.9424
[15:07:14.753918] Epoch: [23]  [ 70/491]  eta: 0:07:05  loss: 0.0615 (0.0748)  IoU (F channel): 0.4214 (0.3947)  L1 (Dc channel): 0.0009 (0.0011)  L1 (Dn channel): 0.0012 (0.0013)  IoU (P channel): 0.3008 (0.3034)  lr: 0.000976  iter-time: 0.9391
[15:07:24.032781] Epoch: [23]  [ 80/491]  eta: 0:06:51  loss: 0.0844 (0.0778)  IoU (F channel): 0.4420 (0.4029)  L1 (Dc channel): 0.0012 (0.0011)  L1 (Dn channel): 0.0014 (0.0013)  IoU (P channel): 0.3423 (0.3109)  lr: 0.000976  iter-time: 0.9245
[15:07:33.418405] Epoch: [23]  [ 90/491]  eta: 0:06:38  loss: 0.0869 (0.0789)  IoU (F channel): 0.4305 (0.4030)  L1 (Dc channel): 0.0009 (0.0011)  L1 (Dn channel): 0.0013 (0.0013)  IoU (P channel): 0.3433 (0.3129)  lr: 0.000976  iter-time: 0.9331
[15:07:42.679808] Epoch: [23]  [100/491]  eta: 0:06:25  loss: 0.0718 (0.0778)  IoU (F channel): 0.3796 (0.4009)  L1 (Dc channel): 0.0008 (0.0010)  L1 (Dn channel): 0.0012 (0.0013)  IoU (P channel): 0.3330 (0.3130)  lr: 0.000975  iter-time: 0.9322
[15:07:52.022600] Epoch: [23]  [110/491]  eta: 0:06:14  loss: 0.0779 (0.0783)  IoU (F channel): 0.3833 (0.4011)  L1 (Dc channel): 0.0007 (0.0010)  L1 (Dn channel): 0.0011 (0.0013)  IoU (P channel): 0.3194 (0.3128)  lr: 0.000975  iter-time: 0.9301
[15:08:01.365254] Epoch: [23]  [120/491]  eta: 0:06:02  loss: 0.0781 (0.0784)  IoU (F channel): 0.4084 (0.4045)  L1 (Dc channel): 0.0009 (0.0010)  L1 (Dn channel): 0.0011 (0.0013)  IoU (P channel): 0.3194 (0.3124)  lr: 0.000975  iter-time: 0.9341
[15:08:10.738471] Epoch: [23]  [130/491]  eta: 0:05:51  loss: 0.0662 (0.0792)  IoU (F channel): 0.3969 (0.4029)  L1 (Dc channel): 0.0009 (0.0010)  L1 (Dn channel): 0.0011 (0.0013)  IoU (P channel): 0.3030 (0.3117)  lr: 0.000975  iter-time: 0.9357
[15:08:20.135012] Epoch: [23]  [140/491]  eta: 0:05:41  loss: 0.0823 (0.0806)  IoU (F channel): 0.3434 (0.4002)  L1 (Dc channel): 0.0011 (0.0010)  L1 (Dn channel): 0.0012 (0.0013)  IoU (P channel): 0.3059 (0.3113)  lr: 0.000974  iter-time: 0.9384
[15:08:29.657653] Epoch: [23]  [150/491]  eta: 0:05:31  loss: 0.0784 (0.0802)  IoU (F channel): 0.3568 (0.3989)  L1 (Dc channel): 0.0011 (0.0010)  L1 (Dn channel): 0.0013 (0.0013)  IoU (P channel): 0.3115 (0.3115)  lr: 0.000974  iter-time: 0.9459
[15:08:39.034362] Epoch: [23]  [160/491]  eta: 0:05:20  loss: 0.0634 (0.0800)  IoU (F channel): 0.3682 (0.3976)  L1 (Dc channel): 0.0010 (0.0010)  L1 (Dn channel): 0.0012 (0.0013)  IoU (P channel): 0.3091 (0.3108)  lr: 0.000974  iter-time: 0.9449
[15:08:48.307440] Epoch: [23]  [170/491]  eta: 0:05:10  loss: 0.0775 (0.0802)  IoU (F channel): 0.3718 (0.3983)  L1 (Dc channel): 0.0010 (0.0010)  L1 (Dn channel): 0.0012 (0.0013)  IoU (P channel): 0.3247 (0.3128)  lr: 0.000974  iter-time: 0.9324
[15:08:57.726505] Epoch: [23]  [180/491]  eta: 0:05:00  loss: 0.0775 (0.0810)  IoU (F channel): 0.4219 (0.4007)  L1 (Dc channel): 0.0010 (0.0010)  L1 (Dn channel): 0.0012 (0.0013)  IoU (P channel): 0.3506 (0.3159)  lr: 0.000974  iter-time: 0.9345
[15:09:06.872728] Epoch: [23]  [190/491]  eta: 0:04:49  loss: 0.0639 (0.0809)  IoU (F channel): 0.4145 (0.4004)  L1 (Dc channel): 0.0009 (0.0010)  L1 (Dn channel): 0.0011 (0.0013)  IoU (P channel): 0.3376 (0.3152)  lr: 0.000973  iter-time: 0.9282
[15:09:16.157497] Epoch: [23]  [200/491]  eta: 0:04:39  loss: 0.1316 (0.0993)  IoU (F channel): 0.3201 (0.3922)  L1 (Dc channel): 0.0012 (0.0011)  L1 (Dn channel): 0.0015 (0.0014)  IoU (P channel): 0.2657 (0.3083)  lr: 0.000973  iter-time: 0.9215
[15:09:25.430056] Epoch: [23]  [210/491]  eta: 0:04:29  loss: 0.2315 (0.1101)  IoU (F channel): 0.1543 (0.3811)  L1 (Dc channel): 0.0036 (0.0013)  L1 (Dn channel): 0.0034 (0.0015)  IoU (P channel): 0.1190 (0.2991)  lr: 0.000973  iter-time: 0.9278
[15:09:34.631595] Epoch: [23]  [220/491]  eta: 0:04:19  loss: 0.2597 (0.1234)  IoU (F channel): 0.1227 (0.3687)  L1 (Dc channel): 0.0038 (0.0014)  L1 (Dn channel): 0.0034 (0.0016)  IoU (P channel): 0.0812 (0.2887)  lr: 0.000973  iter-time: 0.9236
[15:09:43.896125] Epoch: [23]  [230/491]  eta: 0:04:09  loss: 0.2178 (0.1287)  IoU (F channel): 0.1161 (0.3584)  L1 (Dc channel): 0.0027 (0.0014)  L1 (Dn channel): 0.0023 (0.0016)  IoU (P channel): 0.0759 (0.2799)  lr: 0.000972  iter-time: 0.9232
[15:09:53.324169] Epoch: [23]  [240/491]  eta: 0:03:59  loss: 0.2232 (0.1367)  IoU (F channel): 0.1383 (0.3507)  L1 (Dc channel): 0.0025 (0.0015)  L1 (Dn channel): 0.0021 (0.0017)  IoU (P channel): 0.0949 (0.2733)  lr: 0.000972  iter-time: 0.9345
[15:10:02.660111] Epoch: [23]  [250/491]  eta: 0:03:50  loss: 0.2362 (0.1421)  IoU (F channel): 0.1383 (0.3428)  L1 (Dc channel): 0.0025 (0.0015)  L1 (Dn channel): 0.0019 (0.0017)  IoU (P channel): 0.0877 (0.2668)  lr: 0.000972  iter-time: 0.9381
[15:10:11.989675] Epoch: [23]  [260/491]  eta: 0:03:40  loss: 0.2533 (0.1487)  IoU (F channel): 0.1240 (0.3353)  L1 (Dc channel): 0.0022 (0.0015)  L1 (Dn channel): 0.0017 (0.0017)  IoU (P channel): 0.0894 (0.2606)  lr: 0.000972  iter-time: 0.9331
[15:10:21.451463] Epoch: [23]  [270/491]  eta: 0:03:30  loss: 0.2271 (0.1514)  IoU (F channel): 0.1402 (0.3289)  L1 (Dc channel): 0.0020 (0.0016)  L1 (Dn channel): 0.0016 (0.0017)  IoU (P channel): 0.0957 (0.2551)  lr: 0.000971  iter-time: 0.9394
[15:10:30.801748] Epoch: [23]  [280/491]  eta: 0:03:21  loss: 0.1919 (0.1546)  IoU (F channel): 0.1641 (0.3236)  L1 (Dc channel): 0.0022 (0.0016)  L1 (Dn channel): 0.0019 (0.0017)  IoU (P channel): 0.1089 (0.2509)  lr: 0.000971  iter-time: 0.9405
[15:10:40.199006] Epoch: [23]  [290/491]  eta: 0:03:11  loss: 0.1919 (0.1566)  IoU (F channel): 0.1830 (0.3209)  L1 (Dc channel): 0.0022 (0.0016)  L1 (Dn channel): 0.0022 (0.0017)  IoU (P channel): 0.1386 (0.2486)  lr: 0.000971  iter-time: 0.9372
[15:10:49.451449] Epoch: [23]  [300/491]  eta: 0:03:01  loss: 0.1720 (0.1596)  IoU (F channel): 0.2311 (0.3170)  L1 (Dc channel): 0.0022 (0.0016)  L1 (Dn channel): 0.0022 (0.0017)  IoU (P channel): 0.1857 (0.2462)  lr: 0.000971  iter-time: 0.9323
[15:10:58.846390] Epoch: [23]  [310/491]  eta: 0:02:52  loss: 0.1530 (0.1594)  IoU (F channel): 0.2415 (0.3167)  L1 (Dc channel): 0.0022 (0.0016)  L1 (Dn channel): 0.0023 (0.0017)  IoU (P channel): 0.1965 (0.2459)  lr: 0.000970  iter-time: 0.9322
[15:11:08.159584] Epoch: [23]  [320/491]  eta: 0:02:42  loss: 0.1309 (0.1590)  IoU (F channel): 0.2908 (0.3154)  L1 (Dc channel): 0.0019 (0.0016)  L1 (Dn channel): 0.0019 (0.0018)  IoU (P channel): 0.2298 (0.2449)  lr: 0.000970  iter-time: 0.9353
[15:11:17.621693] Epoch: [23]  [330/491]  eta: 0:02:33  loss: 0.1251 (0.1599)  IoU (F channel): 0.2370 (0.3137)  L1 (Dc channel): 0.0018 (0.0017)  L1 (Dn channel): 0.0017 (0.0018)  IoU (P channel): 0.1874 (0.2442)  lr: 0.000970  iter-time: 0.9386
[15:11:26.794505] Epoch: [23]  [340/491]  eta: 0:02:23  loss: 0.1463 (0.1609)  IoU (F channel): 0.2650 (0.3131)  L1 (Dc channel): 0.0019 (0.0017)  L1 (Dn channel): 0.0018 (0.0018)  IoU (P channel): 0.1889 (0.2432)  lr: 0.000969  iter-time: 0.9316
[15:11:36.036508] Epoch: [23]  [350/491]  eta: 0:02:13  loss: 0.1537 (0.1611)  IoU (F channel): 0.2618 (0.3101)  L1 (Dc channel): 0.0016 (0.0017)  L1 (Dn channel): 0.0017 (0.0018)  IoU (P channel): 0.1689 (0.2405)  lr: 0.000969  iter-time: 0.9206
[15:11:45.469744] Epoch: [23]  [360/491]  eta: 0:02:04  loss: 0.1626 (0.1618)  IoU (F channel): 0.2618 (0.3097)  L1 (Dc channel): 0.0016 (0.0017)  L1 (Dn channel): 0.0016 (0.0018)  IoU (P channel): 0.1747 (0.2404)  lr: 0.000969  iter-time: 0.9337
[15:11:54.704195] Epoch: [23]  [370/491]  eta: 0:01:54  loss: 0.1392 (0.1607)  IoU (F channel): 0.3058 (0.3094)  L1 (Dc channel): 0.0016 (0.0017)  L1 (Dn channel): 0.0015 (0.0018)  IoU (P channel): 0.2409 (0.2405)  lr: 0.000969  iter-time: 0.9333
[15:12:04.018420] Epoch: [23]  [380/491]  eta: 0:01:45  loss: 0.1031 (0.1594)  IoU (F channel): 0.3218 (0.3104)  L1 (Dc channel): 0.0014 (0.0016)  L1 (Dn channel): 0.0013 (0.0017)  IoU (P channel): 0.2342 (0.2412)  lr: 0.000968  iter-time: 0.9273
[15:12:13.326991] Epoch: [23]  [390/491]  eta: 0:01:35  loss: 0.1029 (0.1583)  IoU (F channel): 0.3008 (0.3095)  L1 (Dc channel): 0.0014 (0.0016)  L1 (Dn channel): 0.0011 (0.0017)  IoU (P channel): 0.2342 (0.2411)  lr: 0.000968  iter-time: 0.9311
[15:12:22.688331] Epoch: [23]  [400/491]  eta: 0:01:26  loss: 0.0932 (0.1575)  IoU (F channel): 0.2556 (0.3087)  L1 (Dc channel): 0.0014 (0.0016)  L1 (Dn channel): 0.0012 (0.0017)  IoU (P channel): 0.2294 (0.2407)  lr: 0.000968  iter-time: 0.9334
[15:12:32.123006] Epoch: [23]  [410/491]  eta: 0:01:16  loss: 0.1055 (0.1566)  IoU (F channel): 0.2482 (0.3090)  L1 (Dc channel): 0.0014 (0.0016)  L1 (Dn channel): 0.0013 (0.0017)  IoU (P channel): 0.2315 (0.2412)  lr: 0.000968  iter-time: 0.9397
[15:12:41.362200] Epoch: [23]  [420/491]  eta: 0:01:07  loss: 0.1338 (0.1563)  IoU (F channel): 0.3117 (0.3095)  L1 (Dc channel): 0.0014 (0.0016)  L1 (Dn channel): 0.0014 (0.0017)  IoU (P channel): 0.2484 (0.2419)  lr: 0.000967  iter-time: 0.9336
[15:12:50.744742] Epoch: [23]  [430/491]  eta: 0:00:57  loss: 0.1284 (0.1557)  IoU (F channel): 0.2954 (0.3087)  L1 (Dc channel): 0.0015 (0.0016)  L1 (Dn channel): 0.0013 (0.0017)  IoU (P channel): 0.2350 (0.2412)  lr: 0.000967  iter-time: 0.9310
[15:13:00.125337] Epoch: [23]  [440/491]  eta: 0:00:48  loss: 0.1341 (0.1562)  IoU (F channel): 0.2363 (0.3075)  L1 (Dc channel): 0.0015 (0.0016)  L1 (Dn channel): 0.0011 (0.0017)  IoU (P channel): 0.1664 (0.2403)  lr: 0.000967  iter-time: 0.9355
[15:13:09.281675] Epoch: [23]  [450/491]  eta: 0:00:38  loss: 0.1339 (0.1563)  IoU (F channel): 0.1739 (0.3045)  L1 (Dc channel): 0.0014 (0.0016)  L1 (Dn channel): 0.0011 (0.0017)  IoU (P channel): 0.1463 (0.2379)  lr: 0.000967  iter-time: 0.9242
[15:13:18.720463] Epoch: [23]  [460/491]  eta: 0:00:29  loss: 0.1252 (0.1563)  IoU (F channel): 0.1953 (0.3047)  L1 (Dc channel): 0.0012 (0.0016)  L1 (Dn channel): 0.0012 (0.0017)  IoU (P channel): 0.1482 (0.2376)  lr: 0.000966  iter-time: 0.9297
[15:13:27.971226] Epoch: [23]  [470/491]  eta: 0:00:19  loss: 0.1382 (0.1559)  IoU (F channel): 0.2768 (0.3042)  L1 (Dc channel): 0.0013 (0.0016)  L1 (Dn channel): 0.0013 (0.0017)  IoU (P channel): 0.2267 (0.2375)  lr: 0.000966  iter-time: 0.9344
[15:13:37.226747] Epoch: [23]  [480/491]  eta: 0:00:10  loss: 0.1340 (0.1558)  IoU (F channel): 0.2980 (0.3045)  L1 (Dc channel): 0.0014 (0.0016)  L1 (Dn channel): 0.0015 (0.0017)  IoU (P channel): 0.2700 (0.2381)  lr: 0.000966  iter-time: 0.9252
[15:13:45.882419] Epoch: [23]  [490/491]  eta: 0:00:00  loss: 0.1197 (0.1549)  IoU (F channel): 0.3004 (0.3037)  L1 (Dc channel): 0.0013 (0.0016)  L1 (Dn channel): 0.0012 (0.0016)  IoU (P channel): 0.2462 (0.2377)  lr: 0.000965  iter-time: 0.8955
[15:13:45.882533] Epoch: [23] Total time: 0:07:42 (0.9427 s / it)
[15:13:45.882565] [Train] averaged stats: loss: 0.1197 (0.1549)  IoU (F channel): 0.3004 (0.3037)  L1 (Dc channel): 0.0013 (0.0016)  L1 (Dn channel): 0.0012 (0.0016)  IoU (P channel): 0.2462 (0.2377)  lr: 0.000965
[15:13:54.527905] Epoch: [23]  [ 0/27]  eta: 0:03:53  loss: 0.0549 (0.0549)  IoU (F channel): 0.0000 (0.0000)  L1 (Dc channel): 0.0011 (0.0011)  L1 (Dn channel): 0.0005 (0.0005)  IoU (P channel): 0.0000 (0.0000)  iter-time: 8.6440
[15:14:00.583897] Epoch: [23]  [10/27]  eta: 0:00:22  loss: 0.1538 (0.2160)  IoU (F channel): 0.1389 (0.1519)  L1 (Dc channel): 0.0013 (0.0014)  L1 (Dn channel): 0.0007 (0.0013)  IoU (P channel): 0.1166 (0.1271)  iter-time: 1.3363
[15:14:07.874896] Epoch: [23]  [20/27]  eta: 0:00:07  loss: 0.1357 (0.1984)  IoU (F channel): 0.1419 (0.1895)  L1 (Dc channel): 0.0013 (0.0014)  L1 (Dn channel): 0.0007 (0.0012)  IoU (P channel): 0.1169 (0.1477)  iter-time: 0.6673
[15:14:10.167006] Epoch: [23]  [26/27]  eta: 0:00:00  loss: 0.1286 (0.1908)  IoU (F channel): 0.2128 (0.1851)  L1 (Dc channel): 0.0013 (0.0014)  L1 (Dn channel): 0.0009 (0.0012)  IoU (P channel): 0.1939 (0.1484)  iter-time: 0.6787
[15:14:10.167097] Epoch: [23] Total time: 0:00:24 (0.8994 s / it)
[15:14:10.167114] [Val] averaged stats: loss: 0.1286 (0.1908)  IoU (F channel): 0.2128 (0.1851)  L1 (Dc channel): 0.0013 (0.0014)  L1 (Dn channel): 0.0009 (0.0012)  IoU (P channel): 0.1939 (0.1484)
[15:14:10.167300] [Val] best loss: 0.1653 best  IoU (F channel): 0.2652 L1 (Dc channel): 0.0014 L1 (Dn channel): 0.0015 IoU (P channel): 0.2016 
EarlyStopping counter: 1 out of 10
[15:14:10.182493] [Time] 8.1m 3.1h/8.3h

[15:14:10.182517] ~~~ Epoch 24/60 ~~~

[15:14:18.022459] Epoch: [24]  [  0/491]  eta: 1:04:08  loss: 0.0906 (0.0906)  IoU (F channel): 0.1688 (0.1688)  L1 (Dc channel): 0.0013 (0.0013)  L1 (Dn channel): 0.0008 (0.0008)  IoU (P channel): 0.1503 (0.1503)  lr: 0.000965  iter-time: 7.8382
[15:14:27.618368] Epoch: [24]  [ 10/491]  eta: 0:12:42  loss: 0.0994 (0.1182)  IoU (F channel): 0.3193 (0.3081)  L1 (Dc channel): 0.0012 (0.0013)  L1 (Dn channel): 0.0011 (0.0013)  IoU (P channel): 0.2799 (0.2676)  lr: 0.000965  iter-time: 1.5848
[15:14:36.971261] Epoch: [24]  [ 20/491]  eta: 0:10:00  loss: 0.1103 (0.1224)  IoU (F channel): 0.2992 (0.2970)  L1 (Dc channel): 0.0012 (0.0012)  L1 (Dn channel): 0.0011 (0.0012)  IoU (P channel): 0.2719 (0.2584)  lr: 0.000965  iter-time: 0.9473
[15:14:46.328309] Epoch: [24]  [ 30/491]  eta: 0:08:57  loss: 0.1201 (0.1361)  IoU (F channel): 0.2863 (0.3115)  L1 (Dc channel): 0.0012 (0.0013)  L1 (Dn channel): 0.0010 (0.0013)  IoU (P channel): 0.2592 (0.2695)  lr: 0.000965  iter-time: 0.9354
[15:14:55.672297] Epoch: [24]  [ 40/491]  eta: 0:08:20  loss: 0.1027 (0.1271)  IoU (F channel): 0.3244 (0.3221)  L1 (Dc channel): 0.0011 (0.0012)  L1 (Dn channel): 0.0010 (0.0012)  IoU (P channel): 0.2592 (0.2718)  lr: 0.000964  iter-time: 0.9350
[15:15:04.943236] Epoch: [24]  [ 50/491]  eta: 0:07:53  loss: 0.0921 (0.1216)  IoU (F channel): 0.3244 (0.3240)  L1 (Dc channel): 0.0010 (0.0012)  L1 (Dn channel): 0.0009 (0.0012)  IoU (P channel): 0.2531 (0.2694)  lr: 0.000964  iter-time: 0.9307
[15:15:14.327728] Epoch: [24]  [ 60/491]  eta: 0:07:33  loss: 0.0921 (0.1185)  IoU (F channel): 0.3029 (0.3288)  L1 (Dc channel): 0.0010 (0.0012)  L1 (Dn channel): 0.0009 (0.0012)  IoU (P channel): 0.2604 (0.2725)  lr: 0.000964  iter-time: 0.9327
[15:15:23.563332] Epoch: [24]  [ 70/491]  eta: 0:07:15  loss: 0.0969 (0.1198)  IoU (F channel): 0.3136 (0.3264)  L1 (Dc channel): 0.0011 (0.0012)  L1 (Dn channel): 0.0011 (0.0012)  IoU (P channel): 0.2825 (0.2726)  lr: 0.000963  iter-time: 0.9309
[15:15:32.831352] Epoch: [24]  [ 80/491]  eta: 0:06:59  loss: 0.0964 (0.1173)  IoU (F channel): 0.3444 (0.3323)  L1 (Dc channel): 0.0011 (0.0012)  L1 (Dn channel): 0.0011 (0.0012)  IoU (P channel): 0.2823 (0.2767)  lr: 0.000963  iter-time: 0.9251
[15:15:42.023592] Epoch: [24]  [ 90/491]  eta: 0:06:44  loss: 0.0938 (0.1170)  IoU (F channel): 0.3635 (0.3324)  L1 (Dc channel): 0.0011 (0.0012)  L1 (Dn channel): 0.0010 (0.0012)  IoU (P channel): 0.2823 (0.2775)  lr: 0.000963  iter-time: 0.9229
[15:15:51.424047] Epoch: [24]  [100/491]  eta: 0:06:31  loss: 0.0952 (0.1163)  IoU (F channel): 0.3608 (0.3356)  L1 (Dc channel): 0.0012 (0.0012)  L1 (Dn channel): 0.0011 (0.0012)  IoU (P channel): 0.2594 (0.2780)  lr: 0.000963  iter-time: 0.9295
[15:16:00.719050] Epoch: [24]  [110/491]  eta: 0:06:19  loss: 0.0886 (0.1138)  IoU (F channel): 0.3164 (0.3328)  L1 (Dc channel): 0.0010 (0.0012)  L1 (Dn channel): 0.0009 (0.0012)  IoU (P channel): 0.2736 (0.2780)  lr: 0.000962  iter-time: 0.9347
[15:16:10.133755] Epoch: [24]  [120/491]  eta: 0:06:07  loss: 0.0940 (0.1137)  IoU (F channel): 0.3026 (0.3329)  L1 (Dc channel): 0.0009 (0.0012)  L1 (Dn channel): 0.0010 (0.0012)  IoU (P channel): 0.2924 (0.2805)  lr: 0.000962  iter-time: 0.9354
[15:16:19.442865] Epoch: [24]  [130/491]  eta: 0:05:56  loss: 0.0940 (0.1131)  IoU (F channel): 0.3382 (0.3353)  L1 (Dc channel): 0.0010 (0.0012)  L1 (Dn channel): 0.0011 (0.0012)  IoU (P channel): 0.2959 (0.2811)  lr: 0.000962  iter-time: 0.9361
[15:16:28.858058] Epoch: [24]  [140/491]  eta: 0:05:45  loss: 0.0863 (0.1112)  IoU (F channel): 0.3637 (0.3396)  L1 (Dc channel): 0.0009 (0.0011)  L1 (Dn channel): 0.0011 (0.0012)  IoU (P channel): 0.2925 (0.2843)  lr: 0.000961  iter-time: 0.9360
[15:16:38.125500] Epoch: [24]  [150/491]  eta: 0:05:34  loss: 0.0836 (0.1104)  IoU (F channel): 0.3901 (0.3423)  L1 (Dc channel): 0.0009 (0.0011)  L1 (Dn channel): 0.0012 (0.0012)  IoU (P channel): 0.2932 (0.2851)  lr: 0.000961  iter-time: 0.9340
[15:16:47.540209] Epoch: [24]  [160/491]  eta: 0:05:23  loss: 0.0820 (0.1087)  IoU (F channel): 0.3827 (0.3436)  L1 (Dc channel): 0.0009 (0.0011)  L1 (Dn channel): 0.0013 (0.0012)  IoU (P channel): 0.2901 (0.2843)  lr: 0.000961  iter-time: 0.9340
[15:16:57.009756] Epoch: [24]  [170/491]  eta: 0:05:13  loss: 0.0911 (0.1087)  IoU (F channel): 0.3332 (0.3421)  L1 (Dc channel): 0.0009 (0.0011)  L1 (Dn channel): 0.0014 (0.0012)  IoU (P channel): 0.2779 (0.2843)  lr: 0.000960  iter-time: 0.9441
[15:17:06.447154] Epoch: [24]  [180/491]  eta: 0:05:02  loss: 0.0974 (0.1084)  IoU (F channel): 0.3284 (0.3434)  L1 (Dc channel): 0.0009 (0.0011)  L1 (Dn channel): 0.0013 (0.0013)  IoU (P channel): 0.2746 (0.2843)  lr: 0.000960  iter-time: 0.9452
[15:17:15.776443] Epoch: [24]  [190/491]  eta: 0:04:52  loss: 0.0761 (0.1078)  IoU (F channel): 0.3862 (0.3466)  L1 (Dc channel): 0.0008 (0.0011)  L1 (Dn channel): 0.0012 (0.0013)  IoU (P channel): 0.2746 (0.2861)  lr: 0.000960  iter-time: 0.9382
[15:17:25.165425] Epoch: [24]  [200/491]  eta: 0:04:42  loss: 0.0761 (0.1092)  IoU (F channel): 0.3845 (0.3474)  L1 (Dc channel): 0.0011 (0.0011)  L1 (Dn channel): 0.0014 (0.0013)  IoU (P channel): 0.3106 (0.2867)  lr: 0.000960  iter-time: 0.9358
[15:17:34.665083] Epoch: [24]  [210/491]  eta: 0:04:32  loss: 0.1149 (0.1102)  IoU (F channel): 0.2904 (0.3436)  L1 (Dc channel): 0.0012 (0.0011)  L1 (Dn channel): 0.0014 (0.0013)  IoU (P channel): 0.2399 (0.2837)  lr: 0.000959  iter-time: 0.9443
[15:17:43.994314] Epoch: [24]  [220/491]  eta: 0:04:22  loss: 0.0976 (0.1101)  IoU (F channel): 0.2913 (0.3447)  L1 (Dc channel): 0.0011 (0.0011)  L1 (Dn channel): 0.0013 (0.0013)  IoU (P channel): 0.2399 (0.2837)  lr: 0.000959  iter-time: 0.9413
[15:17:53.250895] Epoch: [24]  [230/491]  eta: 0:04:12  loss: 0.0957 (0.1101)  IoU (F channel): 0.3459 (0.3456)  L1 (Dc channel): 0.0009 (0.0011)  L1 (Dn channel): 0.0013 (0.0013)  IoU (P channel): 0.2957 (0.2848)  lr: 0.000959  iter-time: 0.9292
[15:18:02.480304] Epoch: [24]  [240/491]  eta: 0:04:01  loss: 0.0923 (0.1094)  IoU (F channel): 0.3459 (0.3468)  L1 (Dc channel): 0.0009 (0.0011)  L1 (Dn channel): 0.0014 (0.0013)  IoU (P channel): 0.2995 (0.2857)  lr: 0.000958  iter-time: 0.9242
[15:18:11.845637] Epoch: [24]  [250/491]  eta: 0:03:52  loss: 0.0922 (0.1086)  IoU (F channel): 0.3608 (0.3485)  L1 (Dc channel): 0.0009 (0.0011)  L1 (Dn channel): 0.0012 (0.0013)  IoU (P channel): 0.2995 (0.2868)  lr: 0.000958  iter-time: 0.9296
[15:18:21.362965] Epoch: [24]  [260/491]  eta: 0:03:42  loss: 0.0790 (0.1077)  IoU (F channel): 0.3786 (0.3485)  L1 (Dc channel): 0.0011 (0.0011)  L1 (Dn channel): 0.0011 (0.0013)  IoU (P channel): 0.2932 (0.2862)  lr: 0.000958  iter-time: 0.9440
[15:18:30.681329] Epoch: [24]  [270/491]  eta: 0:03:32  loss: 0.0690 (0.1070)  IoU (F channel): 0.3493 (0.3487)  L1 (Dc channel): 0.0011 (0.0011)  L1 (Dn channel): 0.0011 (0.0013)  IoU (P channel): 0.2932 (0.2869)  lr: 0.000957  iter-time: 0.9416
[15:18:39.935259] Epoch: [24]  [280/491]  eta: 0:03:22  loss: 0.0778 (0.1060)  IoU (F channel): 0.3392 (0.3500)  L1 (Dc channel): 0.0012 (0.0011)  L1 (Dn channel): 0.0012 (0.0013)  IoU (P channel): 0.2997 (0.2873)  lr: 0.000957  iter-time: 0.9285
[15:18:49.182470] Epoch: [24]  [290/491]  eta: 0:03:12  loss: 0.0777 (0.1052)  IoU (F channel): 0.3424 (0.3501)  L1 (Dc channel): 0.0011 (0.0011)  L1 (Dn channel): 0.0011 (0.0013)  IoU (P channel): 0.2897 (0.2877)  lr: 0.000957  iter-time: 0.9249
[15:18:58.530971] Epoch: [24]  [300/491]  eta: 0:03:02  loss: 0.0759 (0.1049)  IoU (F channel): 0.3545 (0.3499)  L1 (Dc channel): 0.0011 (0.0011)  L1 (Dn channel): 0.0011 (0.0013)  IoU (P channel): 0.2733 (0.2874)  lr: 0.000957  iter-time: 0.9297
[15:19:07.884387] Epoch: [24]  [310/491]  eta: 0:02:53  loss: 0.0870 (0.1045)  IoU (F channel): 0.3548 (0.3516)  L1 (Dc channel): 0.0009 (0.0011)  L1 (Dn channel): 0.0012 (0.0013)  IoU (P channel): 0.2915 (0.2883)  lr: 0.000956  iter-time: 0.9349
[15:19:17.317103] Epoch: [24]  [320/491]  eta: 0:02:43  loss: 0.0972 (0.1042)  IoU (F channel): 0.3799 (0.3529)  L1 (Dc channel): 0.0009 (0.0011)  L1 (Dn channel): 0.0012 (0.0013)  IoU (P channel): 0.3075 (0.2888)  lr: 0.000956  iter-time: 0.9391
[15:19:26.543553] Epoch: [24]  [330/491]  eta: 0:02:33  loss: 0.0845 (0.1034)  IoU (F channel): 0.3491 (0.3526)  L1 (Dc channel): 0.0007 (0.0011)  L1 (Dn channel): 0.0011 (0.0013)  IoU (P channel): 0.2886 (0.2880)  lr: 0.000956  iter-time: 0.9328
[15:19:35.919075] Epoch: [24]  [340/491]  eta: 0:02:24  loss: 0.0726 (0.1027)  IoU (F channel): 0.3556 (0.3537)  L1 (Dc channel): 0.0007 (0.0011)  L1 (Dn channel): 0.0010 (0.0013)  IoU (P channel): 0.2879 (0.2890)  lr: 0.000955  iter-time: 0.9300
[15:19:45.239833] Epoch: [24]  [350/491]  eta: 0:02:14  loss: 0.0711 (0.1022)  IoU (F channel): 0.3544 (0.3533)  L1 (Dc channel): 0.0008 (0.0011)  L1 (Dn channel): 0.0011 (0.0013)  IoU (P channel): 0.2879 (0.2886)  lr: 0.000955  iter-time: 0.9347
[15:19:54.629145] Epoch: [24]  [360/491]  eta: 0:02:04  loss: 0.0711 (0.1018)  IoU (F channel): 0.3253 (0.3531)  L1 (Dc channel): 0.0011 (0.0011)  L1 (Dn channel): 0.0011 (0.0013)  IoU (P channel): 0.2689 (0.2884)  lr: 0.000955  iter-time: 0.9354
[15:20:03.981436] Epoch: [24]  [370/491]  eta: 0:01:55  loss: 0.0866 (0.1017)  IoU (F channel): 0.3580 (0.3536)  L1 (Dc channel): 0.0011 (0.0011)  L1 (Dn channel): 0.0013 (0.0013)  IoU (P channel): 0.3103 (0.2890)  lr: 0.000954  iter-time: 0.9369
[15:20:13.485370] Epoch: [24]  [380/491]  eta: 0:01:45  loss: 0.0866 (0.1018)  IoU (F channel): 0.3537 (0.3530)  L1 (Dc channel): 0.0009 (0.0011)  L1 (Dn channel): 0.0013 (0.0013)  IoU (P channel): 0.2844 (0.2885)  lr: 0.000954  iter-time: 0.9427
[15:20:22.915898] Epoch: [24]  [390/491]  eta: 0:01:36  loss: 0.0738 (0.1011)  IoU (F channel): 0.3519 (0.3534)  L1 (Dc channel): 0.0011 (0.0011)  L1 (Dn channel): 0.0011 (0.0013)  IoU (P channel): 0.2762 (0.2886)  lr: 0.000954  iter-time: 0.9466
[15:20:32.329887] Epoch: [24]  [400/491]  eta: 0:01:26  loss: 0.0732 (0.1005)  IoU (F channel): 0.3483 (0.3533)  L1 (Dc channel): 0.0011 (0.0011)  L1 (Dn channel): 0.0011 (0.0013)  IoU (P channel): 0.2714 (0.2881)  lr: 0.000953  iter-time: 0.9421
[15:20:41.502899] Epoch: [24]  [410/491]  eta: 0:01:17  loss: 0.0740 (0.1001)  IoU (F channel): 0.3425 (0.3542)  L1 (Dc channel): 0.0011 (0.0011)  L1 (Dn channel): 0.0012 (0.0013)  IoU (P channel): 0.2865 (0.2885)  lr: 0.000953  iter-time: 0.9292
[15:20:50.952758] Epoch: [24]  [420/491]  eta: 0:01:07  loss: 0.0818 (0.0996)  IoU (F channel): 0.3782 (0.3549)  L1 (Dc channel): 0.0011 (0.0011)  L1 (Dn channel): 0.0012 (0.0013)  IoU (P channel): 0.2994 (0.2893)  lr: 0.000953  iter-time: 0.9310
[15:21:00.451786] Epoch: [24]  [430/491]  eta: 0:00:58  loss: 0.0811 (0.0993)  IoU (F channel): 0.3849 (0.3555)  L1 (Dc channel): 0.0011 (0.0011)  L1 (Dn channel): 0.0012 (0.0013)  IoU (P channel): 0.3197 (0.2903)  lr: 0.000952  iter-time: 0.9473
[15:21:09.882972] Epoch: [24]  [440/491]  eta: 0:00:48  loss: 0.0785 (0.0990)  IoU (F channel): 0.3702 (0.3553)  L1 (Dc channel): 0.0011 (0.0011)  L1 (Dn channel): 0.0012 (0.0013)  IoU (P channel): 0.2966 (0.2895)  lr: 0.000952  iter-time: 0.9464
[15:21:19.168024] Epoch: [24]  [450/491]  eta: 0:00:38  loss: 0.0716 (0.0986)  IoU (F channel): 0.3158 (0.3556)  L1 (Dc channel): 0.0011 (0.0011)  L1 (Dn channel): 0.0011 (0.0013)  IoU (P channel): 0.2689 (0.2896)  lr: 0.000952  iter-time: 0.9357
[15:21:28.574309] Epoch: [24]  [460/491]  eta: 0:00:29  loss: 0.0654 (0.0982)  IoU (F channel): 0.3570 (0.3561)  L1 (Dc channel): 0.0011 (0.0011)  L1 (Dn channel): 0.0011 (0.0013)  IoU (P channel): 0.3035 (0.2896)  lr: 0.000951  iter-time: 0.9345
[15:21:37.978432] Epoch: [24]  [470/491]  eta: 0:00:19  loss: 0.0801 (0.0982)  IoU (F channel): 0.3836 (0.3567)  L1 (Dc channel): 0.0011 (0.0011)  L1 (Dn channel): 0.0011 (0.0013)  IoU (P channel): 0.3035 (0.2898)  lr: 0.000951  iter-time: 0.9381
[15:21:47.316503] Epoch: [24]  [480/491]  eta: 0:00:10  loss: 0.0673 (0.0977)  IoU (F channel): 0.3453 (0.3562)  L1 (Dc channel): 0.0010 (0.0011)  L1 (Dn channel): 0.0011 (0.0013)  IoU (P channel): 0.2742 (0.2894)  lr: 0.000951  iter-time: 0.9347
[15:21:55.973112] Epoch: [24]  [490/491]  eta: 0:00:00  loss: 0.0711 (0.0980)  IoU (F channel): 0.3414 (0.3559)  L1 (Dc channel): 0.0010 (0.0011)  L1 (Dn channel): 0.0012 (0.0013)  IoU (P channel): 0.2634 (0.2890)  lr: 0.000950  iter-time: 0.8997
[15:21:55.973226] Epoch: [24] Total time: 0:07:45 (0.9487 s / it)
[15:21:55.973256] [Train] averaged stats: loss: 0.0711 (0.0980)  IoU (F channel): 0.3414 (0.3559)  L1 (Dc channel): 0.0010 (0.0011)  L1 (Dn channel): 0.0012 (0.0013)  IoU (P channel): 0.2634 (0.2890)  lr: 0.000950
[15:22:01.140895] Epoch: [24]  [ 0/27]  eta: 0:02:19  loss: 0.1321 (0.1321)  IoU (F channel): 0.0000 (0.0000)  L1 (Dc channel): 0.0011 (0.0011)  L1 (Dn channel): 0.0010 (0.0010)  IoU (P channel): 0.0000 (0.0000)  iter-time: 5.1664
[15:22:09.614513] Epoch: [24]  [10/27]  eta: 0:00:21  loss: 0.2286 (0.2595)  IoU (F channel): 0.0956 (0.1343)  L1 (Dc channel): 0.0012 (0.0013)  L1 (Dn channel): 0.0011 (0.0018)  IoU (P channel): 0.0849 (0.1126)  iter-time: 1.2400
[15:22:16.783138] Epoch: [24]  [20/27]  eta: 0:00:06  loss: 0.1967 (0.2356)  IoU (F channel): 0.1179 (0.1574)  L1 (Dc channel): 0.0012 (0.0013)  L1 (Dn channel): 0.0011 (0.0017)  IoU (P channel): 0.0952 (0.1243)  iter-time: 0.7821
[15:22:20.819183] Epoch: [24]  [26/27]  eta: 0:00:00  loss: 0.1573 (0.2252)  IoU (F channel): 0.1192 (0.1475)  L1 (Dc channel): 0.0012 (0.0013)  L1 (Dn channel): 0.0013 (0.0016)  IoU (P channel): 0.0952 (0.1204)  iter-time: 0.6971
[15:22:20.819291] Epoch: [24] Total time: 0:00:24 (0.9202 s / it)
[15:22:20.819323] [Val] averaged stats: loss: 0.1573 (0.2252)  IoU (F channel): 0.1192 (0.1475)  L1 (Dc channel): 0.0012 (0.0013)  L1 (Dn channel): 0.0013 (0.0016)  IoU (P channel): 0.0952 (0.1204)
[15:22:20.819509] [Val] best loss: 0.1653 best  IoU (F channel): 0.2652 L1 (Dc channel): 0.0014 L1 (Dn channel): 0.0015 IoU (P channel): 0.2016 
EarlyStopping counter: 2 out of 10
[15:22:20.831237] [Time] 8.2m 3.3h/8.3h

[15:22:20.831257] ~~~ Epoch 25/60 ~~~

[15:22:27.692422] Epoch: [25]  [  0/491]  eta: 0:56:08  loss: 0.1566 (0.1566)  IoU (F channel): 0.1723 (0.1723)  L1 (Dc channel): 0.0013 (0.0013)  L1 (Dn channel): 0.0012 (0.0012)  IoU (P channel): 0.1493 (0.1493)  lr: 0.000950  iter-time: 6.8599
[15:22:37.246616] Epoch: [25]  [ 10/491]  eta: 0:11:57  loss: 0.1017 (0.1111)  IoU (F channel): 0.2392 (0.3105)  L1 (Dc channel): 0.0011 (0.0010)  L1 (Dn channel): 0.0012 (0.0012)  IoU (P channel): 0.2339 (0.2425)  lr: 0.000950  iter-time: 1.4921
[15:22:46.611095] Epoch: [25]  [ 20/491]  eta: 0:09:38  loss: 0.0860 (0.1017)  IoU (F channel): 0.2922 (0.3039)  L1 (Dc channel): 0.0009 (0.0010)  L1 (Dn channel): 0.0010 (0.0011)  IoU (P channel): 0.2522 (0.2517)  lr: 0.000950  iter-time: 0.9458
[15:22:55.968797] Epoch: [25]  [ 30/491]  eta: 0:08:42  loss: 0.0829 (0.0938)  IoU (F channel): 0.3105 (0.3223)  L1 (Dc channel): 0.0011 (0.0011)  L1 (Dn channel): 0.0010 (0.0011)  IoU (P channel): 0.2902 (0.2634)  lr: 0.000949  iter-time: 0.9360
[15:23:05.215923] Epoch: [25]  [ 40/491]  eta: 0:08:08  loss: 0.0968 (0.0998)  IoU (F channel): 0.3731 (0.3352)  L1 (Dc channel): 0.0012 (0.0011)  L1 (Dn channel): 0.0013 (0.0012)  IoU (P channel): 0.3144 (0.2785)  lr: 0.000949  iter-time: 0.9301
[15:23:14.669043] Epoch: [25]  [ 50/491]  eta: 0:07:45  loss: 0.0975 (0.0976)  IoU (F channel): 0.3272 (0.3331)  L1 (Dc channel): 0.0011 (0.0011)  L1 (Dn channel): 0.0014 (0.0012)  IoU (P channel): 0.3140 (0.2760)  lr: 0.000949  iter-time: 0.9349
[15:23:23.990957] Epoch: [25]  [ 60/491]  eta: 0:07:26  loss: 0.0798 (0.0970)  IoU (F channel): 0.3325 (0.3420)  L1 (Dc channel): 0.0011 (0.0011)  L1 (Dn channel): 0.0012 (0.0012)  IoU (P channel): 0.2809 (0.2795)  lr: 0.000948  iter-time: 0.9387
[15:23:33.218292] Epoch: [25]  [ 70/491]  eta: 0:07:09  loss: 0.0896 (0.0979)  IoU (F channel): 0.4053 (0.3448)  L1 (Dc channel): 0.0012 (0.0011)  L1 (Dn channel): 0.0013 (0.0012)  IoU (P channel): 0.3305 (0.2831)  lr: 0.000948  iter-time: 0.9274
[15:23:42.707863] Epoch: [25]  [ 80/491]  eta: 0:06:55  loss: 0.0941 (0.0962)  IoU (F channel): 0.3451 (0.3474)  L1 (Dc channel): 0.0011 (0.0011)  L1 (Dn channel): 0.0012 (0.0012)  IoU (P channel): 0.2941 (0.2852)  lr: 0.000948  iter-time: 0.9357
[15:23:52.369039] Epoch: [25]  [ 90/491]  eta: 0:06:43  loss: 0.0732 (0.0957)  IoU (F channel): 0.3579 (0.3520)  L1 (Dc channel): 0.0011 (0.0011)  L1 (Dn channel): 0.0011 (0.0013)  IoU (P channel): 0.2933 (0.2875)  lr: 0.000947  iter-time: 0.9574
[15:24:01.771929] Epoch: [25]  [100/491]  eta: 0:06:30  loss: 0.0599 (0.0913)  IoU (F channel): 0.3964 (0.3556)  L1 (Dc channel): 0.0010 (0.0011)  L1 (Dn channel): 0.0010 (0.0012)  IoU (P channel): 0.2933 (0.2887)  lr: 0.000947  iter-time: 0.9531
[15:24:11.050072] Epoch: [25]  [110/491]  eta: 0:06:18  loss: 0.0525 (0.0899)  IoU (F channel): 0.4055 (0.3609)  L1 (Dc channel): 0.0009 (0.0011)  L1 (Dn channel): 0.0010 (0.0012)  IoU (P channel): 0.2856 (0.2896)  lr: 0.000947  iter-time: 0.9339
[15:24:20.356818] Epoch: [25]  [120/491]  eta: 0:06:06  loss: 0.0908 (0.0916)  IoU (F channel): 0.4082 (0.3602)  L1 (Dc channel): 0.0010 (0.0011)  L1 (Dn channel): 0.0012 (0.0013)  IoU (P channel): 0.2856 (0.2904)  lr: 0.000946  iter-time: 0.9291
[15:24:29.655777] Epoch: [25]  [130/491]  eta: 0:05:54  loss: 0.0908 (0.0923)  IoU (F channel): 0.3748 (0.3599)  L1 (Dc channel): 0.0011 (0.0011)  L1 (Dn channel): 0.0012 (0.0012)  IoU (P channel): 0.2854 (0.2898)  lr: 0.000946  iter-time: 0.9302
[15:24:38.898030] Epoch: [25]  [140/491]  eta: 0:05:43  loss: 0.0846 (0.0918)  IoU (F channel): 0.3748 (0.3600)  L1 (Dc channel): 0.0011 (0.0011)  L1 (Dn channel): 0.0010 (0.0012)  IoU (P channel): 0.2857 (0.2896)  lr: 0.000946  iter-time: 0.9270
[15:24:48.222593] Epoch: [25]  [150/491]  eta: 0:05:32  loss: 0.0836 (0.0918)  IoU (F channel): 0.3171 (0.3600)  L1 (Dc channel): 0.0011 (0.0011)  L1 (Dn channel): 0.0010 (0.0012)  IoU (P channel): 0.3204 (0.2908)  lr: 0.000945  iter-time: 0.9282
[15:24:57.552544] Epoch: [25]  [160/491]  eta: 0:05:22  loss: 0.0788 (0.0910)  IoU (F channel): 0.3968 (0.3649)  L1 (Dc channel): 0.0011 (0.0011)  L1 (Dn channel): 0.0011 (0.0012)  IoU (P channel): 0.3436 (0.2952)  lr: 0.000945  iter-time: 0.9326
[15:25:06.712602] Epoch: [25]  [170/491]  eta: 0:05:11  loss: 0.0806 (0.0923)  IoU (F channel): 0.3968 (0.3660)  L1 (Dc channel): 0.0011 (0.0011)  L1 (Dn channel): 0.0013 (0.0013)  IoU (P channel): 0.3375 (0.2973)  lr: 0.000945  iter-time: 0.9244
[15:25:16.172237] Epoch: [25]  [180/491]  eta: 0:05:01  loss: 0.0806 (0.0925)  IoU (F channel): 0.3582 (0.3657)  L1 (Dc channel): 0.0009 (0.0011)  L1 (Dn channel): 0.0011 (0.0012)  IoU (P channel): 0.3035 (0.2963)  lr: 0.000944  iter-time: 0.9309
[15:25:25.612513] Epoch: [25]  [190/491]  eta: 0:04:51  loss: 0.0694 (0.0913)  IoU (F channel): 0.3381 (0.3648)  L1 (Dc channel): 0.0007 (0.0011)  L1 (Dn channel): 0.0010 (0.0012)  IoU (P channel): 0.2666 (0.2952)  lr: 0.000944  iter-time: 0.9449
[15:25:34.920623] Epoch: [25]  [200/491]  eta: 0:04:40  loss: 0.0736 (0.0912)  IoU (F channel): 0.3381 (0.3649)  L1 (Dc channel): 0.0007 (0.0010)  L1 (Dn channel): 0.0010 (0.0012)  IoU (P channel): 0.3037 (0.2952)  lr: 0.000944  iter-time: 0.9373
[15:25:44.244342] Epoch: [25]  [210/491]  eta: 0:04:30  loss: 0.0844 (0.0912)  IoU (F channel): 0.3492 (0.3646)  L1 (Dc channel): 0.0010 (0.0010)  L1 (Dn channel): 0.0011 (0.0012)  IoU (P channel): 0.2669 (0.2940)  lr: 0.000943  iter-time: 0.9315
[15:25:53.488505] Epoch: [25]  [220/491]  eta: 0:04:20  loss: 0.0844 (0.0916)  IoU (F channel): 0.3615 (0.3659)  L1 (Dc channel): 0.0011 (0.0010)  L1 (Dn channel): 0.0012 (0.0012)  IoU (P channel): 0.2859 (0.2950)  lr: 0.000943  iter-time: 0.9283
[15:26:02.671441] Epoch: [25]  [230/491]  eta: 0:04:10  loss: 0.0816 (0.0913)  IoU (F channel): 0.3580 (0.3648)  L1 (Dc channel): 0.0011 (0.0010)  L1 (Dn channel): 0.0013 (0.0012)  IoU (P channel): 0.2894 (0.2939)  lr: 0.000943  iter-time: 0.9213
[15:26:11.990209] Epoch: [25]  [240/491]  eta: 0:04:00  loss: 0.0590 (0.0912)  IoU (F channel): 0.3480 (0.3663)  L1 (Dc channel): 0.0011 (0.0010)  L1 (Dn channel): 0.0010 (0.0012)  IoU (P channel): 0.2632 (0.2922)  lr: 0.000942  iter-time: 0.9250
[15:26:21.317865] Epoch: [25]  [250/491]  eta: 0:03:50  loss: 0.0799 (0.0911)  IoU (F channel): 0.3932 (0.3663)  L1 (Dc channel): 0.0010 (0.0010)  L1 (Dn channel): 0.0010 (0.0012)  IoU (P channel): 0.2615 (0.2911)  lr: 0.000942  iter-time: 0.9322
[15:26:30.887559] Epoch: [25]  [260/491]  eta: 0:03:41  loss: 0.0799 (0.0904)  IoU (F channel): 0.3594 (0.3654)  L1 (Dc channel): 0.0010 (0.0010)  L1 (Dn channel): 0.0010 (0.0012)  IoU (P channel): 0.2638 (0.2902)  lr: 0.000941  iter-time: 0.9448
[15:26:40.319714] Epoch: [25]  [270/491]  eta: 0:03:31  loss: 0.0708 (0.0901)  IoU (F channel): 0.3590 (0.3659)  L1 (Dc channel): 0.0009 (0.0010)  L1 (Dn channel): 0.0011 (0.0012)  IoU (P channel): 0.2793 (0.2906)  lr: 0.000941  iter-time: 0.9500
[15:26:49.590167] Epoch: [25]  [280/491]  eta: 0:03:21  loss: 0.0708 (0.0898)  IoU (F channel): 0.3189 (0.3645)  L1 (Dc channel): 0.0009 (0.0010)  L1 (Dn channel): 0.0010 (0.0012)  IoU (P channel): 0.2709 (0.2891)  lr: 0.000941  iter-time: 0.9350
[15:26:58.942430] Epoch: [25]  [290/491]  eta: 0:03:12  loss: 0.0994 (0.0909)  IoU (F channel): 0.3752 (0.3653)  L1 (Dc channel): 0.0010 (0.0010)  L1 (Dn channel): 0.0011 (0.0012)  IoU (P channel): 0.2717 (0.2901)  lr: 0.000940  iter-time: 0.9310
[15:27:08.190371] Epoch: [25]  [300/491]  eta: 0:03:02  loss: 0.0660 (0.0901)  IoU (F channel): 0.3977 (0.3669)  L1 (Dc channel): 0.0009 (0.0010)  L1 (Dn channel): 0.0009 (0.0012)  IoU (P channel): 0.3361 (0.2915)  lr: 0.000940  iter-time: 0.9299
[15:27:17.798533] Epoch: [25]  [310/491]  eta: 0:02:52  loss: 0.0660 (0.0898)  IoU (F channel): 0.3687 (0.3667)  L1 (Dc channel): 0.0007 (0.0010)  L1 (Dn channel): 0.0010 (0.0012)  IoU (P channel): 0.3105 (0.2915)  lr: 0.000940  iter-time: 0.9427
[15:27:27.180976] Epoch: [25]  [320/491]  eta: 0:02:43  loss: 0.0703 (0.0888)  IoU (F channel): 0.3697 (0.3680)  L1 (Dc channel): 0.0006 (0.0010)  L1 (Dn channel): 0.0010 (0.0012)  IoU (P channel): 0.3005 (0.2920)  lr: 0.000939  iter-time: 0.9494
[15:27:36.498876] Epoch: [25]  [330/491]  eta: 0:02:33  loss: 0.0703 (0.0889)  IoU (F channel): 0.3808 (0.3687)  L1 (Dc channel): 0.0007 (0.0010)  L1 (Dn channel): 0.0012 (0.0012)  IoU (P channel): 0.3176 (0.2931)  lr: 0.000939  iter-time: 0.9349
[15:27:46.008624] Epoch: [25]  [340/491]  eta: 0:02:23  loss: 0.0925 (0.0890)  IoU (F channel): 0.3815 (0.3691)  L1 (Dc channel): 0.0008 (0.0010)  L1 (Dn channel): 0.0012 (0.0012)  IoU (P channel): 0.3210 (0.2935)  lr: 0.000939  iter-time: 0.9412
[15:27:55.492397] Epoch: [25]  [350/491]  eta: 0:02:14  loss: 0.0925 (0.0895)  IoU (F channel): 0.3815 (0.3697)  L1 (Dc channel): 0.0007 (0.0010)  L1 (Dn channel): 0.0011 (0.0012)  IoU (P channel): 0.2884 (0.2929)  lr: 0.000938  iter-time: 0.9495
[15:28:04.976733] Epoch: [25]  [360/491]  eta: 0:02:04  loss: 0.0978 (0.0902)  IoU (F channel): 0.3556 (0.3703)  L1 (Dc channel): 0.0007 (0.0010)  L1 (Dn channel): 0.0011 (0.0012)  IoU (P channel): 0.2517 (0.2926)  lr: 0.000938  iter-time: 0.9483
[15:28:14.277671] Epoch: [25]  [370/491]  eta: 0:01:55  loss: 0.0890 (0.0906)  IoU (F channel): 0.3406 (0.3698)  L1 (Dc channel): 0.0009 (0.0010)  L1 (Dn channel): 0.0012 (0.0012)  IoU (P channel): 0.2990 (0.2922)  lr: 0.000937  iter-time: 0.9391
[15:28:23.702605] Epoch: [25]  [380/491]  eta: 0:01:45  loss: 0.0846 (0.0908)  IoU (F channel): 0.3406 (0.3707)  L1 (Dc channel): 0.0009 (0.0010)  L1 (Dn channel): 0.0011 (0.0012)  IoU (P channel): 0.2990 (0.2928)  lr: 0.000937  iter-time: 0.9362
[15:28:33.117817] Epoch: [25]  [390/491]  eta: 0:01:36  loss: 0.0849 (0.0910)  IoU (F channel): 0.3775 (0.3705)  L1 (Dc channel): 0.0008 (0.0010)  L1 (Dn channel): 0.0011 (0.0012)  IoU (P channel): 0.3108 (0.2926)  lr: 0.000937  iter-time: 0.9419
[15:28:42.720756] Epoch: [25]  [400/491]  eta: 0:01:26  loss: 0.0909 (0.0912)  IoU (F channel): 0.4029 (0.3720)  L1 (Dc channel): 0.0009 (0.0010)  L1 (Dn channel): 0.0012 (0.0012)  IoU (P channel): 0.3248 (0.2933)  lr: 0.000936  iter-time: 0.9508
[15:28:52.178957] Epoch: [25]  [410/491]  eta: 0:01:17  loss: 0.0921 (0.0913)  IoU (F channel): 0.4160 (0.3725)  L1 (Dc channel): 0.0010 (0.0010)  L1 (Dn channel): 0.0011 (0.0012)  IoU (P channel): 0.3248 (0.2940)  lr: 0.000936  iter-time: 0.9530
[15:29:01.553677] Epoch: [25]  [420/491]  eta: 0:01:07  loss: 0.0886 (0.0908)  IoU (F channel): 0.3908 (0.3731)  L1 (Dc channel): 0.0010 (0.0010)  L1 (Dn channel): 0.0010 (0.0012)  IoU (P channel): 0.3125 (0.2944)  lr: 0.000936  iter-time: 0.9415
[15:29:10.824998] Epoch: [25]  [430/491]  eta: 0:00:58  loss: 0.0775 (0.0904)  IoU (F channel): 0.3868 (0.3730)  L1 (Dc channel): 0.0010 (0.0010)  L1 (Dn channel): 0.0011 (0.0012)  IoU (P channel): 0.3052 (0.2945)  lr: 0.000935  iter-time: 0.9322
[15:29:20.273077] Epoch: [25]  [440/491]  eta: 0:00:48  loss: 0.0775 (0.0901)  IoU (F channel): 0.3873 (0.3732)  L1 (Dc channel): 0.0011 (0.0010)  L1 (Dn channel): 0.0011 (0.0012)  IoU (P channel): 0.3105 (0.2951)  lr: 0.000935  iter-time: 0.9358
[15:29:29.697609] Epoch: [25]  [450/491]  eta: 0:00:38  loss: 0.0810 (0.0905)  IoU (F channel): 0.3902 (0.3737)  L1 (Dc channel): 0.0011 (0.0010)  L1 (Dn channel): 0.0011 (0.0012)  IoU (P channel): 0.3078 (0.2955)  lr: 0.000934  iter-time: 0.9435
[15:29:39.057492] Epoch: [25]  [460/491]  eta: 0:00:29  loss: 0.0883 (0.0905)  IoU (F channel): 0.4171 (0.3745)  L1 (Dc channel): 0.0011 (0.0010)  L1 (Dn channel): 0.0013 (0.0012)  IoU (P channel): 0.3227 (0.2962)  lr: 0.000934  iter-time: 0.9391
[15:29:48.361183] Epoch: [25]  [470/491]  eta: 0:00:19  loss: 0.0756 (0.0905)  IoU (F channel): 0.3705 (0.3744)  L1 (Dc channel): 0.0010 (0.0010)  L1 (Dn channel): 0.0012 (0.0012)  IoU (P channel): 0.3163 (0.2968)  lr: 0.000934  iter-time: 0.9331
[15:29:57.597590] Epoch: [25]  [480/491]  eta: 0:00:10  loss: 0.0709 (0.0903)  IoU (F channel): 0.3579 (0.3747)  L1 (Dc channel): 0.0009 (0.0010)  L1 (Dn channel): 0.0010 (0.0012)  IoU (P channel): 0.3024 (0.2970)  lr: 0.000933  iter-time: 0.9269
[15:30:06.253493] Epoch: [25]  [490/491]  eta: 0:00:00  loss: 0.0735 (0.0901)  IoU (F channel): 0.3960 (0.3752)  L1 (Dc channel): 0.0009 (0.0010)  L1 (Dn channel): 0.0010 (0.0012)  IoU (P channel): 0.2931 (0.2969)  lr: 0.000933  iter-time: 0.8945
[15:30:06.253594] Epoch: [25] Total time: 0:07:45 (0.9479 s / it)
[15:30:06.253623] [Train] averaged stats: loss: 0.0735 (0.0901)  IoU (F channel): 0.3960 (0.3752)  L1 (Dc channel): 0.0009 (0.0010)  L1 (Dn channel): 0.0010 (0.0012)  IoU (P channel): 0.2931 (0.2969)  lr: 0.000933
[15:30:13.552825] Epoch: [25]  [ 0/27]  eta: 0:03:17  loss: 0.0516 (0.0516)  IoU (F channel): 0.0000 (0.0000)  L1 (Dc channel): 0.0009 (0.0009)  L1 (Dn channel): 0.0006 (0.0006)  IoU (P channel): 0.0000 (0.0000)  iter-time: 7.2981
[15:30:21.149445] Epoch: [25]  [10/27]  eta: 0:00:23  loss: 0.0983 (0.1894)  IoU (F channel): 0.2402 (0.2179)  L1 (Dc channel): 0.0009 (0.0011)  L1 (Dn channel): 0.0007 (0.0013)  IoU (P channel): 0.1851 (0.1725)  iter-time: 1.3540
[15:30:27.179138] Epoch: [25]  [20/27]  eta: 0:00:06  loss: 0.0983 (0.1657)  IoU (F channel): 0.2402 (0.2463)  L1 (Dc channel): 0.0010 (0.0011)  L1 (Dn channel): 0.0007 (0.0012)  IoU (P channel): 0.2465 (0.1876)  iter-time: 0.6813
[15:30:29.513004] Epoch: [25]  [26/27]  eta: 0:00:00  loss: 0.1034 (0.1590)  IoU (F channel): 0.2480 (0.2385)  L1 (Dc channel): 0.0010 (0.0011)  L1 (Dn channel): 0.0009 (0.0012)  IoU (P channel): 0.2347 (0.1855)  iter-time: 0.6170
[15:30:29.513098] Epoch: [25] Total time: 0:00:23 (0.8614 s / it)
[15:30:29.513117] [Val] averaged stats: loss: 0.1034 (0.1590)  IoU (F channel): 0.2480 (0.2385)  L1 (Dc channel): 0.0010 (0.0011)  L1 (Dn channel): 0.0009 (0.0012)  IoU (P channel): 0.2347 (0.1855)
[15:30:29.513306] Val loss improved from 0.1653335653245449 to 0.15897361258113826, saving model to metrics/biapy/biapy-channel-scale-zarr-seunet/checkpoints/biapy-channel-scale-zarr-seunet_0-checkpoint-best.pth
[15:30:29.628962] [Val] best loss: 0.1590 best  IoU (F channel): 0.2385 L1 (Dc channel): 0.0011 L1 (Dn channel): 0.0012 IoU (P channel): 0.1855 
[15:30:29.640461] Creating training plots . . .
[15:30:36.075898] [Time] 8.3m 3.4h/8.4h

[15:30:36.075942] ~~~ Epoch 26/60 ~~~

[15:30:43.814202] Epoch: [26]  [  0/491]  eta: 1:03:18  loss: 0.0555 (0.0555)  IoU (F channel): 0.1328 (0.1328)  L1 (Dc channel): 0.0009 (0.0009)  L1 (Dn channel): 0.0006 (0.0006)  IoU (P channel): 0.1089 (0.1089)  lr: 0.000933  iter-time: 7.7367
[15:30:53.389757] Epoch: [26]  [ 10/491]  eta: 0:12:36  loss: 0.0855 (0.0960)  IoU (F channel): 0.3033 (0.3120)  L1 (Dc channel): 0.0010 (0.0010)  L1 (Dn channel): 0.0009 (0.0012)  IoU (P channel): 0.3066 (0.2721)  lr: 0.000933  iter-time: 1.5738
[15:31:02.889130] Epoch: [26]  [ 20/491]  eta: 0:10:01  loss: 0.0805 (0.0945)  IoU (F channel): 0.3241 (0.3437)  L1 (Dc channel): 0.0010 (0.0010)  L1 (Dn channel): 0.0011 (0.0012)  IoU (P channel): 0.3132 (0.2955)  lr: 0.000932  iter-time: 0.9536
[15:31:12.284761] Epoch: [26]  [ 30/491]  eta: 0:08:58  loss: 0.0794 (0.0886)  IoU (F channel): 0.3510 (0.3541)  L1 (Dc channel): 0.0009 (0.0010)  L1 (Dn channel): 0.0010 (0.0011)  IoU (P channel): 0.2886 (0.2936)  lr: 0.000932  iter-time: 0.9446
[15:31:21.529959] Epoch: [26]  [ 40/491]  eta: 0:08:19  loss: 0.0763 (0.0869)  IoU (F channel): 0.3510 (0.3643)  L1 (Dc channel): 0.0010 (0.0010)  L1 (Dn channel): 0.0010 (0.0011)  IoU (P channel): 0.3075 (0.3051)  lr: 0.000931  iter-time: 0.9319
[15:31:30.767354] Epoch: [26]  [ 50/491]  eta: 0:07:52  loss: 0.0765 (0.0870)  IoU (F channel): 0.3676 (0.3685)  L1 (Dc channel): 0.0010 (0.0010)  L1 (Dn channel): 0.0011 (0.0012)  IoU (P channel): 0.3355 (0.3087)  lr: 0.000931  iter-time: 0.9240
[15:31:40.011416] Epoch: [26]  [ 60/491]  eta: 0:07:31  loss: 0.0678 (0.0838)  IoU (F channel): 0.3692 (0.3725)  L1 (Dc channel): 0.0010 (0.0010)  L1 (Dn channel): 0.0011 (0.0012)  IoU (P channel): 0.3077 (0.3088)  lr: 0.000931  iter-time: 0.9239
[15:31:49.376864] Epoch: [26]  [ 70/491]  eta: 0:07:14  loss: 0.0591 (0.0809)  IoU (F channel): 0.4170 (0.3785)  L1 (Dc channel): 0.0009 (0.0010)  L1 (Dn channel): 0.0009 (0.0011)  IoU (P channel): 0.3222 (0.3116)  lr: 0.000930  iter-time: 0.9304
[15:31:58.806504] Epoch: [26]  [ 80/491]  eta: 0:06:59  loss: 0.0591 (0.0794)  IoU (F channel): 0.4133 (0.3782)  L1 (Dc channel): 0.0010 (0.0010)  L1 (Dn channel): 0.0009 (0.0011)  IoU (P channel): 0.3163 (0.3092)  lr: 0.000930  iter-time: 0.9397
[15:32:08.106179] Epoch: [26]  [ 90/491]  eta: 0:06:45  loss: 0.0699 (0.0784)  IoU (F channel): 0.3891 (0.3810)  L1 (Dc channel): 0.0010 (0.0010)  L1 (Dn channel): 0.0009 (0.0011)  IoU (P channel): 0.3056 (0.3096)  lr: 0.000929  iter-time: 0.9364
[15:32:17.387637] Epoch: [26]  [100/491]  eta: 0:06:32  loss: 0.0680 (0.0786)  IoU (F channel): 0.3892 (0.3834)  L1 (Dc channel): 0.0009 (0.0010)  L1 (Dn channel): 0.0010 (0.0012)  IoU (P channel): 0.3027 (0.3100)  lr: 0.000929  iter-time: 0.9290
[15:32:26.706856] Epoch: [26]  [110/491]  eta: 0:06:19  loss: 0.0815 (0.0799)  IoU (F channel): 0.3903 (0.3860)  L1 (Dc channel): 0.0009 (0.0010)  L1 (Dn channel): 0.0012 (0.0012)  IoU (P channel): 0.3093 (0.3130)  lr: 0.000929  iter-time: 0.9299
[15:32:35.972549] Epoch: [26]  [120/491]  eta: 0:06:07  loss: 0.0869 (0.0812)  IoU (F channel): 0.3903 (0.3880)  L1 (Dc channel): 0.0011 (0.0010)  L1 (Dn channel): 0.0012 (0.0012)  IoU (P channel): 0.3311 (0.3154)  lr: 0.000928  iter-time: 0.9291
[15:32:45.266358] Epoch: [26]  [130/491]  eta: 0:05:55  loss: 0.0869 (0.0810)  IoU (F channel): 0.3925 (0.3900)  L1 (Dc channel): 0.0010 (0.0010)  L1 (Dn channel): 0.0011 (0.0012)  IoU (P channel): 0.3302 (0.3159)  lr: 0.000928  iter-time: 0.9279
[15:32:54.533460] Epoch: [26]  [140/491]  eta: 0:05:44  loss: 0.0770 (0.0815)  IoU (F channel): 0.3911 (0.3912)  L1 (Dc channel): 0.0009 (0.0010)  L1 (Dn channel): 0.0011 (0.0012)  IoU (P channel): 0.3098 (0.3166)  lr: 0.000928  iter-time: 0.9280
[15:33:03.816738] Epoch: [26]  [150/491]  eta: 0:05:33  loss: 0.0770 (0.0808)  IoU (F channel): 0.3815 (0.3917)  L1 (Dc channel): 0.0009 (0.0010)  L1 (Dn channel): 0.0012 (0.0012)  IoU (P channel): 0.2953 (0.3148)  lr: 0.000927  iter-time: 0.9274
[15:33:13.053677] Epoch: [26]  [160/491]  eta: 0:05:22  loss: 0.0735 (0.0811)  IoU (F channel): 0.4251 (0.3956)  L1 (Dc channel): 0.0010 (0.0010)  L1 (Dn channel): 0.0011 (0.0012)  IoU (P channel): 0.3279 (0.3173)  lr: 0.000927  iter-time: 0.9259
[15:33:22.334713] Epoch: [26]  [170/491]  eta: 0:05:12  loss: 0.0735 (0.0811)  IoU (F channel): 0.4283 (0.3961)  L1 (Dc channel): 0.0010 (0.0010)  L1 (Dn channel): 0.0012 (0.0012)  IoU (P channel): 0.3392 (0.3173)  lr: 0.000926  iter-time: 0.9258
[15:33:31.653875] Epoch: [26]  [180/491]  eta: 0:05:01  loss: 0.0724 (0.0815)  IoU (F channel): 0.3697 (0.3951)  L1 (Dc channel): 0.0009 (0.0010)  L1 (Dn channel): 0.0011 (0.0012)  IoU (P channel): 0.3034 (0.3170)  lr: 0.000926  iter-time: 0.9299
[15:33:40.992755] Epoch: [26]  [190/491]  eta: 0:04:51  loss: 0.0630 (0.0811)  IoU (F channel): 0.3642 (0.3946)  L1 (Dc channel): 0.0009 (0.0010)  L1 (Dn channel): 0.0010 (0.0012)  IoU (P channel): 0.2964 (0.3167)  lr: 0.000926  iter-time: 0.9328
[15:33:50.268618] Epoch: [26]  [200/491]  eta: 0:04:41  loss: 0.0570 (0.0810)  IoU (F channel): 0.3707 (0.3946)  L1 (Dc channel): 0.0009 (0.0010)  L1 (Dn channel): 0.0009 (0.0012)  IoU (P channel): 0.3027 (0.3171)  lr: 0.000925  iter-time: 0.9306
[15:33:59.559761] Epoch: [26]  [210/491]  eta: 0:04:30  loss: 0.0661 (0.0802)  IoU (F channel): 0.3981 (0.3958)  L1 (Dc channel): 0.0009 (0.0010)  L1 (Dn channel): 0.0009 (0.0012)  IoU (P channel): 0.3210 (0.3177)  lr: 0.000925  iter-time: 0.9282
[15:34:08.882996] Epoch: [26]  [220/491]  eta: 0:04:20  loss: 0.0653 (0.0798)  IoU (F channel): 0.4343 (0.3962)  L1 (Dc channel): 0.0009 (0.0010)  L1 (Dn channel): 0.0009 (0.0012)  IoU (P channel): 0.3210 (0.3176)  lr: 0.000924  iter-time: 0.9306
[15:34:18.079673] Epoch: [26]  [230/491]  eta: 0:04:10  loss: 0.0653 (0.0795)  IoU (F channel): 0.4278 (0.3974)  L1 (Dc channel): 0.0010 (0.0010)  L1 (Dn channel): 0.0009 (0.0011)  IoU (P channel): 0.3064 (0.3174)  lr: 0.000924  iter-time: 0.9259
[15:34:27.312694] Epoch: [26]  [240/491]  eta: 0:04:00  loss: 0.0566 (0.0786)  IoU (F channel): 0.3874 (0.3957)  L1 (Dc channel): 0.0009 (0.0010)  L1 (Dn channel): 0.0010 (0.0011)  IoU (P channel): 0.3027 (0.3162)  lr: 0.000924  iter-time: 0.9214
[15:34:36.663520] Epoch: [26]  [250/491]  eta: 0:03:50  loss: 0.0635 (0.0784)  IoU (F channel): 0.3998 (0.3973)  L1 (Dc channel): 0.0009 (0.0010)  L1 (Dn channel): 0.0010 (0.0011)  IoU (P channel): 0.3241 (0.3170)  lr: 0.000923  iter-time: 0.9291
[15:34:45.859665] Epoch: [26]  [260/491]  eta: 0:03:41  loss: 0.0674 (0.0784)  IoU (F channel): 0.4075 (0.3973)  L1 (Dc channel): 0.0008 (0.0010)  L1 (Dn channel): 0.0010 (0.0011)  IoU (P channel): 0.3040 (0.3166)  lr: 0.000923  iter-time: 0.9272
[15:34:55.323756] Epoch: [26]  [270/491]  eta: 0:03:31  loss: 0.0698 (0.0786)  IoU (F channel): 0.3815 (0.3988)  L1 (Dc channel): 0.0009 (0.0010)  L1 (Dn channel): 0.0010 (0.0011)  IoU (P channel): 0.3083 (0.3178)  lr: 0.000922  iter-time: 0.9329
[15:35:04.724826] Epoch: [26]  [280/491]  eta: 0:03:21  loss: 0.0698 (0.0781)  IoU (F channel): 0.3815 (0.3980)  L1 (Dc channel): 0.0009 (0.0010)  L1 (Dn channel): 0.0010 (0.0011)  IoU (P channel): 0.3272 (0.3173)  lr: 0.000922  iter-time: 0.9432
[15:35:14.030200] Epoch: [26]  [290/491]  eta: 0:03:11  loss: 0.0737 (0.0782)  IoU (F channel): 0.3760 (0.3993)  L1 (Dc channel): 0.0009 (0.0010)  L1 (Dn channel): 0.0009 (0.0011)  IoU (P channel): 0.3349 (0.3181)  lr: 0.000921  iter-time: 0.9352
[15:35:23.208803] Epoch: [26]  [300/491]  eta: 0:03:02  loss: 0.0796 (0.0782)  IoU (F channel): 0.3922 (0.3993)  L1 (Dc channel): 0.0010 (0.0010)  L1 (Dn channel): 0.0010 (0.0011)  IoU (P channel): 0.3009 (0.3177)  lr: 0.000921  iter-time: 0.9241
[15:35:32.427637] Epoch: [26]  [310/491]  eta: 0:02:52  loss: 0.0872 (0.0789)  IoU (F channel): 0.4029 (0.4009)  L1 (Dc channel): 0.0010 (0.0010)  L1 (Dn channel): 0.0011 (0.0011)  IoU (P channel): 0.2994 (0.3182)  lr: 0.000921  iter-time: 0.9197
[15:35:41.700927] Epoch: [26]  [320/491]  eta: 0:02:42  loss: 0.0725 (0.0789)  IoU (F channel): 0.3878 (0.3992)  L1 (Dc channel): 0.0007 (0.0010)  L1 (Dn channel): 0.0012 (0.0011)  IoU (P channel): 0.2940 (0.3166)  lr: 0.000920  iter-time: 0.9245
[15:35:51.070671] Epoch: [26]  [330/491]  eta: 0:02:33  loss: 0.0679 (0.0790)  IoU (F channel): 0.3805 (0.3988)  L1 (Dc channel): 0.0010 (0.0010)  L1 (Dn channel): 0.0012 (0.0012)  IoU (P channel): 0.2940 (0.3173)  lr: 0.000920  iter-time: 0.9321
[15:36:00.505270] Epoch: [26]  [340/491]  eta: 0:02:23  loss: 0.0873 (0.0794)  IoU (F channel): 0.4118 (0.3992)  L1 (Dc channel): 0.0011 (0.0010)  L1 (Dn channel): 0.0011 (0.0012)  IoU (P channel): 0.2994 (0.3174)  lr: 0.000919  iter-time: 0.9401
[15:36:09.829371] Epoch: [26]  [350/491]  eta: 0:02:14  loss: 0.0936 (0.0795)  IoU (F channel): 0.4392 (0.4005)  L1 (Dc channel): 0.0011 (0.0010)  L1 (Dn channel): 0.0011 (0.0012)  IoU (P channel): 0.3101 (0.3178)  lr: 0.000919  iter-time: 0.9378
[15:36:19.210505] Epoch: [26]  [360/491]  eta: 0:02:04  loss: 0.0659 (0.0792)  IoU (F channel): 0.4261 (0.4016)  L1 (Dc channel): 0.0010 (0.0010)  L1 (Dn channel): 0.0010 (0.0012)  IoU (P channel): 0.3265 (0.3183)  lr: 0.000919  iter-time: 0.9351
[15:36:28.495551] Epoch: [26]  [370/491]  eta: 0:01:54  loss: 0.0596 (0.0792)  IoU (F channel): 0.4031 (0.4006)  L1 (Dc channel): 0.0010 (0.0010)  L1 (Dn channel): 0.0010 (0.0012)  IoU (P channel): 0.3232 (0.3177)  lr: 0.000918  iter-time: 0.9332
[15:36:37.780767] Epoch: [26]  [380/491]  eta: 0:01:45  loss: 0.0758 (0.0795)  IoU (F channel): 0.3174 (0.4001)  L1 (Dc channel): 0.0010 (0.0010)  L1 (Dn channel): 0.0010 (0.0012)  IoU (P channel): 0.2839 (0.3171)  lr: 0.000918  iter-time: 0.9284
[15:36:47.199432] Epoch: [26]  [390/491]  eta: 0:01:35  loss: 0.0844 (0.0800)  IoU (F channel): 0.3567 (0.4007)  L1 (Dc channel): 0.0010 (0.0010)  L1 (Dn channel): 0.0011 (0.0012)  IoU (P channel): 0.3066 (0.3175)  lr: 0.000917  iter-time: 0.9351
[15:36:56.475312] Epoch: [26]  [400/491]  eta: 0:01:26  loss: 0.0640 (0.0796)  IoU (F channel): 0.3982 (0.4013)  L1 (Dc channel): 0.0009 (0.0010)  L1 (Dn channel): 0.0011 (0.0012)  IoU (P channel): 0.3110 (0.3175)  lr: 0.000917  iter-time: 0.9346
[15:37:05.718406] Epoch: [26]  [410/491]  eta: 0:01:16  loss: 0.0626 (0.0794)  IoU (F channel): 0.3843 (0.4005)  L1 (Dc channel): 0.0009 (0.0010)  L1 (Dn channel): 0.0010 (0.0012)  IoU (P channel): 0.2996 (0.3170)  lr: 0.000916  iter-time: 0.9258
[15:37:14.961947] Epoch: [26]  [420/491]  eta: 0:01:07  loss: 0.0603 (0.0791)  IoU (F channel): 0.3621 (0.3996)  L1 (Dc channel): 0.0009 (0.0010)  L1 (Dn channel): 0.0010 (0.0012)  IoU (P channel): 0.2682 (0.3159)  lr: 0.000916  iter-time: 0.9242
[15:37:24.292041] Epoch: [26]  [430/491]  eta: 0:00:57  loss: 0.0688 (0.0792)  IoU (F channel): 0.3573 (0.3986)  L1 (Dc channel): 0.0010 (0.0010)  L1 (Dn channel): 0.0010 (0.0012)  IoU (P channel): 0.2610 (0.3150)  lr: 0.000916  iter-time: 0.9285
[15:37:33.809696] Epoch: [26]  [440/491]  eta: 0:00:48  loss: 0.0783 (0.0795)  IoU (F channel): 0.3715 (0.3982)  L1 (Dc channel): 0.0010 (0.0010)  L1 (Dn channel): 0.0012 (0.0012)  IoU (P channel): 0.2797 (0.3148)  lr: 0.000915  iter-time: 0.9422
[15:37:43.185869] Epoch: [26]  [450/491]  eta: 0:00:38  loss: 0.0688 (0.0792)  IoU (F channel): 0.4108 (0.3991)  L1 (Dc channel): 0.0009 (0.0010)  L1 (Dn channel): 0.0010 (0.0012)  IoU (P channel): 0.2932 (0.3148)  lr: 0.000915  iter-time: 0.9445
[15:37:52.500466] Epoch: [26]  [460/491]  eta: 0:00:29  loss: 0.0597 (0.0793)  IoU (F channel): 0.4038 (0.3992)  L1 (Dc channel): 0.0009 (0.0010)  L1 (Dn channel): 0.0010 (0.0012)  IoU (P channel): 0.2904 (0.3144)  lr: 0.000914  iter-time: 0.9344
[15:38:01.795010] Epoch: [26]  [470/491]  eta: 0:00:19  loss: 0.0762 (0.0796)  IoU (F channel): 0.3883 (0.3995)  L1 (Dc channel): 0.0010 (0.0010)  L1 (Dn channel): 0.0011 (0.0012)  IoU (P channel): 0.3011 (0.3147)  lr: 0.000914  iter-time: 0.9304
[15:38:11.004015] Epoch: [26]  [480/491]  eta: 0:00:10  loss: 0.0753 (0.0795)  IoU (F channel): 0.4128 (0.4006)  L1 (Dc channel): 0.0010 (0.0010)  L1 (Dn channel): 0.0011 (0.0012)  IoU (P channel): 0.3139 (0.3152)  lr: 0.000914  iter-time: 0.9251
[15:38:19.659768] Epoch: [26]  [490/491]  eta: 0:00:00  loss: 0.0682 (0.0794)  IoU (F channel): 0.3957 (0.4002)  L1 (Dc channel): 0.0009 (0.0010)  L1 (Dn channel): 0.0010 (0.0012)  IoU (P channel): 0.3231 (0.3154)  lr: 0.000913  iter-time: 0.8931
[15:38:19.659901] Epoch: [26] Total time: 0:07:43 (0.9442 s / it)
[15:38:19.659941] [Train] averaged stats: loss: 0.0682 (0.0794)  IoU (F channel): 0.3957 (0.4002)  L1 (Dc channel): 0.0009 (0.0010)  L1 (Dn channel): 0.0010 (0.0012)  IoU (P channel): 0.3231 (0.3154)  lr: 0.000913
[15:38:28.863712] Epoch: [26]  [ 0/27]  eta: 0:04:08  loss: 0.0103 (0.0103)  IoU (F channel): 0.0000 (0.0000)  L1 (Dc channel): 0.0007 (0.0007)  L1 (Dn channel): 0.0005 (0.0005)  IoU (P channel): 0.0000 (0.0000)  iter-time: 9.2026
[15:38:33.353651] Epoch: [26]  [10/27]  eta: 0:00:21  loss: 0.1425 (0.2405)  IoU (F channel): 0.4429 (0.3096)  L1 (Dc channel): 0.0007 (0.0009)  L1 (Dn channel): 0.0007 (0.0013)  IoU (P channel): 0.2915 (0.2240)  iter-time: 1.2447
[15:38:40.677674] Epoch: [26]  [20/27]  eta: 0:00:07  loss: 0.1135 (0.2133)  IoU (F channel): 0.4354 (0.3251)  L1 (Dc channel): 0.0008 (0.0009)  L1 (Dn channel): 0.0007 (0.0012)  IoU (P channel): 0.2915 (0.2411)  iter-time: 0.5907
[15:38:43.709239] Epoch: [26]  [26/27]  eta: 0:00:00  loss: 0.1252 (0.2314)  IoU (F channel): 0.3794 (0.3328)  L1 (Dc channel): 0.0008 (0.0009)  L1 (Dn channel): 0.0009 (0.0011)  IoU (P channel): 0.3035 (0.2468)  iter-time: 0.6592
[15:38:43.709344] Epoch: [26] Total time: 0:00:24 (0.8907 s / it)
[15:38:43.709363] [Val] averaged stats: loss: 0.1252 (0.2314)  IoU (F channel): 0.3794 (0.3328)  L1 (Dc channel): 0.0008 (0.0009)  L1 (Dn channel): 0.0009 (0.0011)  IoU (P channel): 0.3035 (0.2468)
[15:38:43.709537] [Val] best loss: 0.1590 best  IoU (F channel): 0.2385 L1 (Dc channel): 0.0011 L1 (Dn channel): 0.0012 IoU (P channel): 0.1855 
EarlyStopping counter: 1 out of 10
[15:38:43.721863] [Time] 8.1m 3.5h/8.3h

[15:38:43.721889] ~~~ Epoch 27/60 ~~~

[15:38:50.541066] Epoch: [27]  [  0/491]  eta: 0:55:47  loss: 0.0867 (0.0867)  IoU (F channel): 0.3429 (0.3429)  L1 (Dc channel): 0.0009 (0.0009)  L1 (Dn channel): 0.0011 (0.0011)  IoU (P channel): 0.3155 (0.3155)  lr: 0.000913  iter-time: 6.8178
[15:38:59.871418] Epoch: [27]  [ 10/491]  eta: 0:11:46  loss: 0.0867 (0.0841)  IoU (F channel): 0.4058 (0.4176)  L1 (Dc channel): 0.0009 (0.0010)  L1 (Dn channel): 0.0011 (0.0012)  IoU (P channel): 0.3155 (0.3120)  lr: 0.000913  iter-time: 1.4679
[15:39:09.386697] Epoch: [27]  [ 20/491]  eta: 0:09:35  loss: 0.0598 (0.0789)  IoU (F channel): 0.4033 (0.3867)  L1 (Dc channel): 0.0009 (0.0010)  L1 (Dn channel): 0.0011 (0.0012)  IoU (P channel): 0.3055 (0.3038)  lr: 0.000912  iter-time: 0.9422
[15:39:18.710792] Epoch: [27]  [ 30/491]  eta: 0:08:40  loss: 0.0598 (0.0762)  IoU (F channel): 0.4192 (0.4084)  L1 (Dc channel): 0.0009 (0.0009)  L1 (Dn channel): 0.0010 (0.0012)  IoU (P channel): 0.3134 (0.3147)  lr: 0.000912  iter-time: 0.9419
[15:39:27.998908] Epoch: [27]  [ 40/491]  eta: 0:08:06  loss: 0.0662 (0.0742)  IoU (F channel): 0.4372 (0.4044)  L1 (Dc channel): 0.0009 (0.0009)  L1 (Dn channel): 0.0009 (0.0011)  IoU (P channel): 0.3212 (0.3091)  lr: 0.000911  iter-time: 0.9305
[15:39:37.326732] Epoch: [27]  [ 50/491]  eta: 0:07:43  loss: 0.0729 (0.0752)  IoU (F channel): 0.3848 (0.3969)  L1 (Dc channel): 0.0009 (0.0009)  L1 (Dn channel): 0.0011 (0.0012)  IoU (P channel): 0.3242 (0.3081)  lr: 0.000911  iter-time: 0.9307
[15:39:46.807805] Epoch: [27]  [ 60/491]  eta: 0:07:25  loss: 0.0755 (0.0759)  IoU (F channel): 0.3620 (0.3943)  L1 (Dc channel): 0.0009 (0.0009)  L1 (Dn channel): 0.0010 (0.0011)  IoU (P channel): 0.3372 (0.3080)  lr: 0.000910  iter-time: 0.9403
[15:39:56.301677] Epoch: [27]  [ 70/491]  eta: 0:07:10  loss: 0.0800 (0.0772)  IoU (F channel): 0.3620 (0.3962)  L1 (Dc channel): 0.0009 (0.0009)  L1 (Dn channel): 0.0010 (0.0011)  IoU (P channel): 0.3146 (0.3064)  lr: 0.000910  iter-time: 0.9486
[15:40:05.735034] Epoch: [27]  [ 80/491]  eta: 0:06:56  loss: 0.0829 (0.0784)  IoU (F channel): 0.3514 (0.3904)  L1 (Dc channel): 0.0009 (0.0009)  L1 (Dn channel): 0.0010 (0.0011)  IoU (P channel): 0.3242 (0.3051)  lr: 0.000910  iter-time: 0.9462
[15:40:15.291436] Epoch: [27]  [ 90/491]  eta: 0:06:43  loss: 0.0850 (0.0798)  IoU (F channel): 0.3863 (0.3971)  L1 (Dc channel): 0.0009 (0.0009)  L1 (Dn channel): 0.0011 (0.0011)  IoU (P channel): 0.3272 (0.3087)  lr: 0.000909  iter-time: 0.9494
[15:40:24.764651] Epoch: [27]  [100/491]  eta: 0:06:31  loss: 0.0850 (0.0801)  IoU (F channel): 0.4265 (0.3983)  L1 (Dc channel): 0.0009 (0.0009)  L1 (Dn channel): 0.0011 (0.0012)  IoU (P channel): 0.3458 (0.3125)  lr: 0.000909  iter-time: 0.9514
[15:40:34.251180] Epoch: [27]  [110/491]  eta: 0:06:19  loss: 0.0650 (0.0782)  IoU (F channel): 0.4221 (0.4004)  L1 (Dc channel): 0.0008 (0.0009)  L1 (Dn channel): 0.0009 (0.0011)  IoU (P channel): 0.3458 (0.3136)  lr: 0.000908  iter-time: 0.9433
[15:40:43.686416] Epoch: [27]  [120/491]  eta: 0:06:07  loss: 0.0503 (0.0768)  IoU (F channel): 0.4221 (0.4027)  L1 (Dc channel): 0.0008 (0.0009)  L1 (Dn channel): 0.0007 (0.0011)  IoU (P channel): 0.3307 (0.3149)  lr: 0.000908  iter-time: 0.9414
[15:40:53.095317] Epoch: [27]  [130/491]  eta: 0:05:56  loss: 0.0670 (0.0770)  IoU (F channel): 0.4151 (0.4056)  L1 (Dc channel): 0.0009 (0.0009)  L1 (Dn channel): 0.0011 (0.0011)  IoU (P channel): 0.3341 (0.3170)  lr: 0.000907  iter-time: 0.9421
[15:41:02.440506] Epoch: [27]  [140/491]  eta: 0:05:45  loss: 0.0754 (0.0769)  IoU (F channel): 0.4144 (0.4054)  L1 (Dc channel): 0.0009 (0.0009)  L1 (Dn channel): 0.0011 (0.0011)  IoU (P channel): 0.3240 (0.3153)  lr: 0.000907  iter-time: 0.9376
[15:41:11.984796] Epoch: [27]  [150/491]  eta: 0:05:34  loss: 0.0760 (0.0771)  IoU (F channel): 0.4366 (0.4084)  L1 (Dc channel): 0.0009 (0.0009)  L1 (Dn channel): 0.0010 (0.0011)  IoU (P channel): 0.3030 (0.3164)  lr: 0.000906  iter-time: 0.9443
[15:41:21.593947] Epoch: [27]  [160/491]  eta: 0:05:24  loss: 0.0867 (0.0786)  IoU (F channel): 0.4562 (0.4100)  L1 (Dc channel): 0.0010 (0.0009)  L1 (Dn channel): 0.0013 (0.0012)  IoU (P channel): 0.3412 (0.3193)  lr: 0.000906  iter-time: 0.9575
[15:41:30.961637] Epoch: [27]  [170/491]  eta: 0:05:13  loss: 0.0884 (0.0779)  IoU (F channel): 0.3900 (0.4092)  L1 (Dc channel): 0.0010 (0.0009)  L1 (Dn channel): 0.0012 (0.0011)  IoU (P channel): 0.3412 (0.3191)  lr: 0.000906  iter-time: 0.9487
[15:41:40.270100] Epoch: [27]  [180/491]  eta: 0:05:03  loss: 0.0616 (0.0774)  IoU (F channel): 0.3559 (0.4072)  L1 (Dc channel): 0.0008 (0.0009)  L1 (Dn channel): 0.0009 (0.0011)  IoU (P channel): 0.2981 (0.3177)  lr: 0.000905  iter-time: 0.9337
[15:41:49.553233] Epoch: [27]  [190/491]  eta: 0:04:52  loss: 0.0559 (0.0772)  IoU (F channel): 0.3884 (0.4090)  L1 (Dc channel): 0.0008 (0.0009)  L1 (Dn channel): 0.0009 (0.0012)  IoU (P channel): 0.2927 (0.3178)  lr: 0.000905  iter-time: 0.9295
[15:41:59.138371] Epoch: [27]  [200/491]  eta: 0:04:42  loss: 0.0713 (0.0774)  IoU (F channel): 0.4357 (0.4130)  L1 (Dc channel): 0.0008 (0.0009)  L1 (Dn channel): 0.0009 (0.0012)  IoU (P channel): 0.3149 (0.3196)  lr: 0.000904  iter-time: 0.9433
[15:42:08.631453] Epoch: [27]  [210/491]  eta: 0:04:32  loss: 0.0744 (0.0770)  IoU (F channel): 0.4402 (0.4129)  L1 (Dc channel): 0.0008 (0.0009)  L1 (Dn channel): 0.0010 (0.0012)  IoU (P channel): 0.3242 (0.3191)  lr: 0.000904  iter-time: 0.9538
[15:42:18.116237] Epoch: [27]  [220/491]  eta: 0:04:22  loss: 0.0730 (0.0769)  IoU (F channel): 0.3933 (0.4127)  L1 (Dc channel): 0.0009 (0.0009)  L1 (Dn channel): 0.0010 (0.0011)  IoU (P channel): 0.3135 (0.3194)  lr: 0.000903  iter-time: 0.9488
[15:42:27.511340] Epoch: [27]  [230/491]  eta: 0:04:12  loss: 0.0562 (0.0758)  IoU (F channel): 0.3877 (0.4118)  L1 (Dc channel): 0.0008 (0.0009)  L1 (Dn channel): 0.0008 (0.0011)  IoU (P channel): 0.3063 (0.3185)  lr: 0.000903  iter-time: 0.9439
[15:42:37.004642] Epoch: [27]  [240/491]  eta: 0:04:02  loss: 0.0462 (0.0752)  IoU (F channel): 0.4204 (0.4130)  L1 (Dc channel): 0.0008 (0.0009)  L1 (Dn channel): 0.0008 (0.0011)  IoU (P channel): 0.3063 (0.3188)  lr: 0.000902  iter-time: 0.9443
[15:42:46.389907] Epoch: [27]  [250/491]  eta: 0:03:52  loss: 0.0748 (0.0757)  IoU (F channel): 0.3971 (0.4121)  L1 (Dc channel): 0.0008 (0.0009)  L1 (Dn channel): 0.0011 (0.0011)  IoU (P channel): 0.3232 (0.3192)  lr: 0.000902  iter-time: 0.9438
[15:42:55.798628] Epoch: [27]  [260/491]  eta: 0:03:42  loss: 0.0692 (0.0754)  IoU (F channel): 0.4018 (0.4140)  L1 (Dc channel): 0.0009 (0.0009)  L1 (Dn channel): 0.0012 (0.0011)  IoU (P channel): 0.3361 (0.3205)  lr: 0.000902  iter-time: 0.9396
[15:43:05.213478] Epoch: [27]  [270/491]  eta: 0:03:33  loss: 0.0635 (0.0751)  IoU (F channel): 0.4199 (0.4129)  L1 (Dc channel): 0.0009 (0.0009)  L1 (Dn channel): 0.0010 (0.0011)  IoU (P channel): 0.3247 (0.3199)  lr: 0.000901  iter-time: 0.9411
[15:43:14.530706] Epoch: [27]  [280/491]  eta: 0:03:23  loss: 0.0726 (0.0753)  IoU (F channel): 0.3861 (0.4142)  L1 (Dc channel): 0.0009 (0.0009)  L1 (Dn channel): 0.0009 (0.0011)  IoU (P channel): 0.3129 (0.3206)  lr: 0.000901  iter-time: 0.9365
[15:43:24.137082] Epoch: [27]  [290/491]  eta: 0:03:13  loss: 0.0764 (0.0758)  IoU (F channel): 0.3944 (0.4147)  L1 (Dc channel): 0.0009 (0.0009)  L1 (Dn channel): 0.0009 (0.0011)  IoU (P channel): 0.3332 (0.3217)  lr: 0.000900  iter-time: 0.9460
[15:43:33.579649] Epoch: [27]  [300/491]  eta: 0:03:03  loss: 0.0735 (0.0757)  IoU (F channel): 0.3837 (0.4140)  L1 (Dc channel): 0.0009 (0.0009)  L1 (Dn channel): 0.0009 (0.0011)  IoU (P channel): 0.3224 (0.3212)  lr: 0.000900  iter-time: 0.9523
[15:43:43.100279] Epoch: [27]  [310/491]  eta: 0:02:54  loss: 0.0739 (0.0758)  IoU (F channel): 0.3545 (0.4139)  L1 (Dc channel): 0.0009 (0.0009)  L1 (Dn channel): 0.0010 (0.0011)  IoU (P channel): 0.2956 (0.3214)  lr: 0.000899  iter-time: 0.9481
[15:43:52.347762] Epoch: [27]  [320/491]  eta: 0:02:44  loss: 0.0543 (0.0752)  IoU (F channel): 0.3959 (0.4142)  L1 (Dc channel): 0.0008 (0.0009)  L1 (Dn channel): 0.0010 (0.0011)  IoU (P channel): 0.2887 (0.3213)  lr: 0.000899  iter-time: 0.9383
[15:44:01.518759] Epoch: [27]  [330/491]  eta: 0:02:34  loss: 0.0681 (0.0751)  IoU (F channel): 0.3841 (0.4136)  L1 (Dc channel): 0.0008 (0.0009)  L1 (Dn channel): 0.0010 (0.0011)  IoU (P channel): 0.3110 (0.3212)  lr: 0.000898  iter-time: 0.9208
[15:44:10.749945] Epoch: [27]  [340/491]  eta: 0:02:24  loss: 0.0777 (0.0753)  IoU (F channel): 0.3663 (0.4124)  L1 (Dc channel): 0.0008 (0.0009)  L1 (Dn channel): 0.0010 (0.0011)  IoU (P channel): 0.3025 (0.3206)  lr: 0.000898  iter-time: 0.9200
[15:44:19.896484] Epoch: [27]  [350/491]  eta: 0:02:14  loss: 0.0636 (0.0750)  IoU (F channel): 0.3663 (0.4123)  L1 (Dc channel): 0.0009 (0.0009)  L1 (Dn channel): 0.0009 (0.0011)  IoU (P channel): 0.3021 (0.3205)  lr: 0.000897  iter-time: 0.9187
[15:44:29.089793] Epoch: [27]  [360/491]  eta: 0:02:05  loss: 0.0708 (0.0761)  IoU (F channel): 0.3908 (0.4122)  L1 (Dc channel): 0.0009 (0.0009)  L1 (Dn channel): 0.0011 (0.0011)  IoU (P channel): 0.3021 (0.3202)  lr: 0.000897  iter-time: 0.9169
[15:44:38.263780] Epoch: [27]  [370/491]  eta: 0:01:55  loss: 0.0790 (0.0761)  IoU (F channel): 0.3908 (0.4117)  L1 (Dc channel): 0.0009 (0.0009)  L1 (Dn channel): 0.0011 (0.0011)  IoU (P channel): 0.3010 (0.3194)  lr: 0.000897  iter-time: 0.9183
[15:44:47.733171] Epoch: [27]  [380/491]  eta: 0:01:46  loss: 0.0592 (0.0762)  IoU (F channel): 0.4089 (0.4122)  L1 (Dc channel): 0.0009 (0.0009)  L1 (Dn channel): 0.0010 (0.0011)  IoU (P channel): 0.3141 (0.3200)  lr: 0.000896  iter-time: 0.9320
[15:44:56.919996] Epoch: [27]  [390/491]  eta: 0:01:36  loss: 0.0753 (0.0763)  IoU (F channel): 0.4115 (0.4134)  L1 (Dc channel): 0.0009 (0.0009)  L1 (Dn channel): 0.0010 (0.0011)  IoU (P channel): 0.3141 (0.3202)  lr: 0.000896  iter-time: 0.9327
[15:45:06.078106] Epoch: [27]  [400/491]  eta: 0:01:26  loss: 0.0704 (0.0762)  IoU (F channel): 0.4126 (0.4134)  L1 (Dc channel): 0.0009 (0.0009)  L1 (Dn channel): 0.0010 (0.0011)  IoU (P channel): 0.3139 (0.3204)  lr: 0.000895  iter-time: 0.9171
[15:45:15.237516] Epoch: [27]  [410/491]  eta: 0:01:17  loss: 0.0654 (0.0760)  IoU (F channel): 0.4120 (0.4135)  L1 (Dc channel): 0.0009 (0.0009)  L1 (Dn channel): 0.0009 (0.0011)  IoU (P channel): 0.3218 (0.3205)  lr: 0.000895  iter-time: 0.9158
[15:45:24.486789] Epoch: [27]  [420/491]  eta: 0:01:07  loss: 0.0697 (0.0762)  IoU (F channel): 0.3845 (0.4131)  L1 (Dc channel): 0.0009 (0.0009)  L1 (Dn channel): 0.0010 (0.0011)  IoU (P channel): 0.3260 (0.3207)  lr: 0.000894  iter-time: 0.9203
[15:45:33.769185] Epoch: [27]  [430/491]  eta: 0:00:58  loss: 0.0570 (0.0759)  IoU (F channel): 0.4044 (0.4134)  L1 (Dc channel): 0.0008 (0.0009)  L1 (Dn channel): 0.0009 (0.0011)  IoU (P channel): 0.3260 (0.3204)  lr: 0.000894  iter-time: 0.9265
[15:45:43.034334] Epoch: [27]  [440/491]  eta: 0:00:48  loss: 0.0561 (0.0758)  IoU (F channel): 0.3956 (0.4122)  L1 (Dc channel): 0.0008 (0.0009)  L1 (Dn channel): 0.0009 (0.0011)  IoU (P channel): 0.3051 (0.3196)  lr: 0.000893  iter-time: 0.9273
[15:45:52.189795] Epoch: [27]  [450/491]  eta: 0:00:38  loss: 0.0759 (0.0761)  IoU (F channel): 0.3898 (0.4121)  L1 (Dc channel): 0.0008 (0.0009)  L1 (Dn channel): 0.0009 (0.0011)  IoU (P channel): 0.2940 (0.3197)  lr: 0.000893  iter-time: 0.9209
[15:46:01.493235] Epoch: [27]  [460/491]  eta: 0:00:29  loss: 0.0659 (0.0759)  IoU (F channel): 0.4162 (0.4133)  L1 (Dc channel): 0.0009 (0.0009)  L1 (Dn channel): 0.0010 (0.0011)  IoU (P channel): 0.3345 (0.3204)  lr: 0.000892  iter-time: 0.9229
[15:46:10.682688] Epoch: [27]  [470/491]  eta: 0:00:19  loss: 0.0751 (0.0770)  IoU (F channel): 0.4758 (0.4138)  L1 (Dc channel): 0.0008 (0.0009)  L1 (Dn channel): 0.0010 (0.0011)  IoU (P channel): 0.3599 (0.3204)  lr: 0.000892  iter-time: 0.9246
[15:46:19.835797] Epoch: [27]  [480/491]  eta: 0:00:10  loss: 0.1192 (0.0782)  IoU (F channel): 0.4214 (0.4127)  L1 (Dc channel): 0.0009 (0.0009)  L1 (Dn channel): 0.0010 (0.0011)  IoU (P channel): 0.2955 (0.3190)  lr: 0.000891  iter-time: 0.9170
[15:46:28.492781] Epoch: [27]  [490/491]  eta: 0:00:00  loss: 0.1093 (0.0786)  IoU (F channel): 0.3405 (0.4106)  L1 (Dc channel): 0.0011 (0.0009)  L1 (Dn channel): 0.0010 (0.0011)  IoU (P channel): 0.2408 (0.3169)  lr: 0.000891  iter-time: 0.8904
[15:46:28.493003] Epoch: [27] Total time: 0:07:44 (0.9466 s / it)
[15:46:28.493048] [Train] averaged stats: loss: 0.1093 (0.0786)  IoU (F channel): 0.3405 (0.4106)  L1 (Dc channel): 0.0011 (0.0009)  L1 (Dn channel): 0.0010 (0.0011)  IoU (P channel): 0.2408 (0.3169)  lr: 0.000891
[15:46:37.322398] Epoch: [27]  [ 0/27]  eta: 0:03:58  loss: 0.0451 (0.0451)  IoU (F channel): 0.0000 (0.0000)  L1 (Dc channel): 0.0007 (0.0007)  L1 (Dn channel): 0.0004 (0.0004)  IoU (P channel): 0.0000 (0.0000)  iter-time: 8.8280
[15:46:45.045627] Epoch: [27]  [10/27]  eta: 0:00:25  loss: 0.1620 (0.2281)  IoU (F channel): 0.2539 (0.2115)  L1 (Dc channel): 0.0007 (0.0009)  L1 (Dn channel): 0.0006 (0.0012)  IoU (P channel): 0.1429 (0.1586)  iter-time: 1.5046
[15:46:52.748341] Epoch: [27]  [20/27]  eta: 0:00:08  loss: 0.1350 (0.2059)  IoU (F channel): 0.2773 (0.2428)  L1 (Dc channel): 0.0008 (0.0009)  L1 (Dn channel): 0.0006 (0.0011)  IoU (P channel): 0.1659 (0.1759)  iter-time: 0.7713
[15:46:57.343192] Epoch: [27]  [26/27]  eta: 0:00:01  loss: 0.1058 (0.2041)  IoU (F channel): 0.2909 (0.2428)  L1 (Dc channel): 0.0008 (0.0009)  L1 (Dn channel): 0.0008 (0.0010)  IoU (P channel): 0.2071 (0.1779)  iter-time: 0.9180
[15:46:57.343308] Epoch: [27] Total time: 0:00:28 (1.0685 s / it)
[15:46:57.343334] [Val] averaged stats: loss: 0.1058 (0.2041)  IoU (F channel): 0.2909 (0.2428)  L1 (Dc channel): 0.0008 (0.0009)  L1 (Dn channel): 0.0008 (0.0010)  IoU (P channel): 0.2071 (0.1779)
[15:46:57.343518] [Val] best loss: 0.1590 best  IoU (F channel): 0.2385 L1 (Dc channel): 0.0011 L1 (Dn channel): 0.0012 IoU (P channel): 0.1855 
EarlyStopping counter: 2 out of 10
[15:46:57.356901] [Time] 8.2m 3.7h/8.3h

[15:46:57.356919] ~~~ Epoch 28/60 ~~~

[15:47:04.733026] Epoch: [28]  [  0/491]  eta: 1:00:20  loss: 0.0907 (0.0907)  IoU (F channel): 0.3348 (0.3348)  L1 (Dc channel): 0.0010 (0.0010)  L1 (Dn channel): 0.0012 (0.0012)  IoU (P channel): 0.2714 (0.2714)  lr: 0.000891  iter-time: 7.3735
[15:47:14.370631] Epoch: [28]  [ 10/491]  eta: 0:12:23  loss: 0.0948 (0.1078)  IoU (F channel): 0.3348 (0.3878)  L1 (Dc channel): 0.0010 (0.0010)  L1 (Dn channel): 0.0010 (0.0010)  IoU (P channel): 0.2714 (0.2815)  lr: 0.000890  iter-time: 1.5463
[15:47:23.680435] Epoch: [28]  [ 20/491]  eta: 0:09:50  loss: 0.0753 (0.0862)  IoU (F channel): 0.3941 (0.4099)  L1 (Dc channel): 0.0008 (0.0008)  L1 (Dn channel): 0.0007 (0.0008)  IoU (P channel): 0.3309 (0.3055)  lr: 0.000890  iter-time: 0.9472
[15:47:33.118601] Epoch: [28]  [ 30/491]  eta: 0:08:51  loss: 0.0687 (0.0840)  IoU (F channel): 0.4075 (0.4060)  L1 (Dc channel): 0.0007 (0.0008)  L1 (Dn channel): 0.0007 (0.0008)  IoU (P channel): 0.3244 (0.3107)  lr: 0.000889  iter-time: 0.9373
[15:47:42.463849] Epoch: [28]  [ 40/491]  eta: 0:08:16  loss: 0.0758 (0.0843)  IoU (F channel): 0.3886 (0.4047)  L1 (Dc channel): 0.0008 (0.0008)  L1 (Dn channel): 0.0009 (0.0009)  IoU (P channel): 0.3062 (0.3040)  lr: 0.000889  iter-time: 0.9390
[15:47:51.881854] Epoch: [28]  [ 50/491]  eta: 0:07:51  loss: 0.0720 (0.0827)  IoU (F channel): 0.4398 (0.4168)  L1 (Dc channel): 0.0008 (0.0008)  L1 (Dn channel): 0.0008 (0.0008)  IoU (P channel): 0.3096 (0.3133)  lr: 0.000888  iter-time: 0.9380
[15:48:01.378030] Epoch: [28]  [ 60/491]  eta: 0:07:32  loss: 0.0679 (0.0838)  IoU (F channel): 0.4386 (0.4170)  L1 (Dc channel): 0.0007 (0.0008)  L1 (Dn channel): 0.0008 (0.0009)  IoU (P channel): 0.3445 (0.3135)  lr: 0.000888  iter-time: 0.9456
[15:48:10.679582] Epoch: [28]  [ 70/491]  eta: 0:07:14  loss: 0.0774 (0.0831)  IoU (F channel): 0.4112 (0.4178)  L1 (Dc channel): 0.0007 (0.0008)  L1 (Dn channel): 0.0011 (0.0009)  IoU (P channel): 0.3065 (0.3133)  lr: 0.000887  iter-time: 0.9398
[15:48:20.040035] Epoch: [28]  [ 80/491]  eta: 0:06:59  loss: 0.0676 (0.0808)  IoU (F channel): 0.3706 (0.4072)  L1 (Dc channel): 0.0005 (0.0008)  L1 (Dn channel): 0.0008 (0.0009)  IoU (P channel): 0.2897 (0.3073)  lr: 0.000887  iter-time: 0.9330
[15:48:29.486079] Epoch: [28]  [ 90/491]  eta: 0:06:45  loss: 0.0747 (0.0814)  IoU (F channel): 0.4041 (0.4112)  L1 (Dc channel): 0.0006 (0.0008)  L1 (Dn channel): 0.0009 (0.0010)  IoU (P channel): 0.3226 (0.3127)  lr: 0.000887  iter-time: 0.9402
[15:48:38.723531] Epoch: [28]  [100/491]  eta: 0:06:32  loss: 0.0771 (0.0807)  IoU (F channel): 0.4214 (0.4104)  L1 (Dc channel): 0.0006 (0.0007)  L1 (Dn channel): 0.0010 (0.0010)  IoU (P channel): 0.3400 (0.3125)  lr: 0.000886  iter-time: 0.9341
[15:48:48.303187] Epoch: [28]  [110/491]  eta: 0:06:20  loss: 0.0635 (0.0804)  IoU (F channel): 0.3263 (0.4059)  L1 (Dc channel): 0.0005 (0.0007)  L1 (Dn channel): 0.0010 (0.0010)  IoU (P channel): 0.2945 (0.3108)  lr: 0.000886  iter-time: 0.9408
[15:48:57.652902] Epoch: [28]  [120/491]  eta: 0:06:08  loss: 0.0635 (0.0796)  IoU (F channel): 0.3699 (0.4062)  L1 (Dc channel): 0.0006 (0.0007)  L1 (Dn channel): 0.0010 (0.0010)  IoU (P channel): 0.3163 (0.3108)  lr: 0.000885  iter-time: 0.9463
[15:49:07.030029] Epoch: [28]  [130/491]  eta: 0:05:57  loss: 0.0717 (0.0786)  IoU (F channel): 0.4018 (0.4070)  L1 (Dc channel): 0.0005 (0.0007)  L1 (Dn channel): 0.0010 (0.0010)  IoU (P channel): 0.3165 (0.3112)  lr: 0.000885  iter-time: 0.9362
[15:49:16.376358] Epoch: [28]  [140/491]  eta: 0:05:46  loss: 0.0664 (0.0780)  IoU (F channel): 0.4325 (0.4074)  L1 (Dc channel): 0.0006 (0.0007)  L1 (Dn channel): 0.0010 (0.0010)  IoU (P channel): 0.3089 (0.3101)  lr: 0.000884  iter-time: 0.9361
[15:49:25.789186] Epoch: [28]  [150/491]  eta: 0:05:35  loss: 0.0573 (0.0768)  IoU (F channel): 0.3832 (0.4048)  L1 (Dc channel): 0.0006 (0.0007)  L1 (Dn channel): 0.0008 (0.0010)  IoU (P channel): 0.2945 (0.3095)  lr: 0.000884  iter-time: 0.9378
[15:49:35.194655] Epoch: [28]  [160/491]  eta: 0:05:24  loss: 0.0624 (0.0769)  IoU (F channel): 0.3832 (0.4052)  L1 (Dc channel): 0.0007 (0.0007)  L1 (Dn channel): 0.0009 (0.0010)  IoU (P channel): 0.3009 (0.3095)  lr: 0.000883  iter-time: 0.9407
[15:49:44.580771] Epoch: [28]  [170/491]  eta: 0:05:13  loss: 0.0748 (0.0771)  IoU (F channel): 0.4063 (0.4045)  L1 (Dc channel): 0.0009 (0.0007)  L1 (Dn channel): 0.0009 (0.0010)  IoU (P channel): 0.3195 (0.3105)  lr: 0.000883  iter-time: 0.9394
[15:49:53.985975] Epoch: [28]  [180/491]  eta: 0:05:03  loss: 0.0748 (0.0771)  IoU (F channel): 0.4063 (0.4069)  L1 (Dc channel): 0.0008 (0.0007)  L1 (Dn channel): 0.0009 (0.0010)  IoU (P channel): 0.3383 (0.3122)  lr: 0.000882  iter-time: 0.9394
[15:50:03.291574] Epoch: [28]  [190/491]  eta: 0:04:52  loss: 0.0725 (0.0775)  IoU (F channel): 0.4368 (0.4058)  L1 (Dc channel): 0.0008 (0.0007)  L1 (Dn channel): 0.0011 (0.0010)  IoU (P channel): 0.3306 (0.3117)  lr: 0.000882  iter-time: 0.9354
[15:50:12.692043] Epoch: [28]  [200/491]  eta: 0:04:42  loss: 0.0669 (0.0770)  IoU (F channel): 0.3977 (0.4050)  L1 (Dc channel): 0.0008 (0.0007)  L1 (Dn channel): 0.0009 (0.0010)  IoU (P channel): 0.3177 (0.3109)  lr: 0.000881  iter-time: 0.9352
[15:50:21.897451] Epoch: [28]  [210/491]  eta: 0:04:32  loss: 0.0669 (0.0770)  IoU (F channel): 0.3977 (0.4054)  L1 (Dc channel): 0.0008 (0.0007)  L1 (Dn channel): 0.0009 (0.0010)  IoU (P channel): 0.3385 (0.3124)  lr: 0.000881  iter-time: 0.9302
[15:50:31.485402] Epoch: [28]  [220/491]  eta: 0:04:22  loss: 0.0687 (0.0766)  IoU (F channel): 0.3993 (0.4051)  L1 (Dc channel): 0.0008 (0.0007)  L1 (Dn channel): 0.0010 (0.0010)  IoU (P channel): 0.3421 (0.3126)  lr: 0.000880  iter-time: 0.9396
[15:50:40.731720] Epoch: [28]  [230/491]  eta: 0:04:12  loss: 0.0529 (0.0759)  IoU (F channel): 0.3869 (0.4046)  L1 (Dc channel): 0.0007 (0.0007)  L1 (Dn channel): 0.0008 (0.0010)  IoU (P channel): 0.2823 (0.3115)  lr: 0.000880  iter-time: 0.9416
[15:50:50.160822] Epoch: [28]  [240/491]  eta: 0:04:02  loss: 0.0627 (0.0763)  IoU (F channel): 0.3869 (0.4043)  L1 (Dc channel): 0.0008 (0.0008)  L1 (Dn channel): 0.0010 (0.0010)  IoU (P channel): 0.2796 (0.3121)  lr: 0.000879  iter-time: 0.9337
[15:50:59.506631] Epoch: [28]  [250/491]  eta: 0:03:52  loss: 0.0704 (0.0758)  IoU (F channel): 0.3878 (0.4049)  L1 (Dc channel): 0.0008 (0.0008)  L1 (Dn channel): 0.0009 (0.0010)  IoU (P channel): 0.3338 (0.3133)  lr: 0.000879  iter-time: 0.9386
[15:51:08.755537] Epoch: [28]  [260/491]  eta: 0:03:42  loss: 0.0492 (0.0753)  IoU (F channel): 0.3887 (0.4042)  L1 (Dc channel): 0.0008 (0.0008)  L1 (Dn channel): 0.0009 (0.0010)  IoU (P channel): 0.3069 (0.3129)  lr: 0.000878  iter-time: 0.9296
[15:51:18.113474] Epoch: [28]  [270/491]  eta: 0:03:32  loss: 0.0654 (0.0753)  IoU (F channel): 0.4127 (0.4059)  L1 (Dc channel): 0.0007 (0.0008)  L1 (Dn channel): 0.0009 (0.0010)  IoU (P channel): 0.3034 (0.3143)  lr: 0.000878  iter-time: 0.9302
[15:51:27.730313] Epoch: [28]  [280/491]  eta: 0:03:22  loss: 0.0762 (0.0753)  IoU (F channel): 0.4605 (0.4071)  L1 (Dc channel): 0.0008 (0.0008)  L1 (Dn channel): 0.0011 (0.0010)  IoU (P channel): 0.3243 (0.3157)  lr: 0.000877  iter-time: 0.9486
[15:51:37.010280] Epoch: [28]  [290/491]  eta: 0:03:13  loss: 0.0696 (0.0756)  IoU (F channel): 0.4212 (0.4077)  L1 (Dc channel): 0.0008 (0.0008)  L1 (Dn channel): 0.0009 (0.0010)  IoU (P channel): 0.3243 (0.3162)  lr: 0.000877  iter-time: 0.9447
[15:51:46.430456] Epoch: [28]  [300/491]  eta: 0:03:03  loss: 0.0744 (0.0764)  IoU (F channel): 0.3681 (0.4061)  L1 (Dc channel): 0.0009 (0.0008)  L1 (Dn channel): 0.0009 (0.0010)  IoU (P channel): 0.3073 (0.3162)  lr: 0.000876  iter-time: 0.9349
[15:51:55.688769] Epoch: [28]  [310/491]  eta: 0:02:53  loss: 0.0826 (0.0764)  IoU (F channel): 0.3742 (0.4057)  L1 (Dc channel): 0.0009 (0.0008)  L1 (Dn channel): 0.0008 (0.0010)  IoU (P channel): 0.3242 (0.3166)  lr: 0.000876  iter-time: 0.9338
[15:52:05.223879] Epoch: [28]  [320/491]  eta: 0:02:43  loss: 0.0755 (0.0765)  IoU (F channel): 0.3755 (0.4049)  L1 (Dc channel): 0.0008 (0.0008)  L1 (Dn channel): 0.0009 (0.0010)  IoU (P channel): 0.3403 (0.3169)  lr: 0.000875  iter-time: 0.9396
[15:52:14.609018] Epoch: [28]  [330/491]  eta: 0:02:34  loss: 0.0714 (0.0762)  IoU (F channel): 0.3501 (0.4048)  L1 (Dc channel): 0.0008 (0.0008)  L1 (Dn channel): 0.0008 (0.0010)  IoU (P channel): 0.3207 (0.3172)  lr: 0.000875  iter-time: 0.9459
[15:52:24.081811] Epoch: [28]  [340/491]  eta: 0:02:24  loss: 0.0548 (0.0763)  IoU (F channel): 0.3791 (0.4047)  L1 (Dc channel): 0.0008 (0.0008)  L1 (Dn channel): 0.0008 (0.0010)  IoU (P channel): 0.3026 (0.3171)  lr: 0.000874  iter-time: 0.9428
[15:52:33.279977] Epoch: [28]  [350/491]  eta: 0:02:14  loss: 0.0556 (0.0759)  IoU (F channel): 0.3956 (0.4051)  L1 (Dc channel): 0.0008 (0.0008)  L1 (Dn channel): 0.0009 (0.0010)  IoU (P channel): 0.3171 (0.3173)  lr: 0.000874  iter-time: 0.9335
[15:52:42.831735] Epoch: [28]  [360/491]  eta: 0:02:05  loss: 0.0632 (0.0762)  IoU (F channel): 0.4317 (0.4067)  L1 (Dc channel): 0.0009 (0.0008)  L1 (Dn channel): 0.0009 (0.0011)  IoU (P channel): 0.3171 (0.3182)  lr: 0.000873  iter-time: 0.9374
[15:52:52.061488] Epoch: [28]  [370/491]  eta: 0:01:55  loss: 0.0632 (0.0759)  IoU (F channel): 0.4441 (0.4077)  L1 (Dc channel): 0.0008 (0.0008)  L1 (Dn channel): 0.0009 (0.0010)  IoU (P channel): 0.3202 (0.3188)  lr: 0.000873  iter-time: 0.9390
[15:53:01.439369] Epoch: [28]  [380/491]  eta: 0:01:46  loss: 0.0585 (0.0754)  IoU (F channel): 0.4158 (0.4081)  L1 (Dc channel): 0.0008 (0.0008)  L1 (Dn channel): 0.0009 (0.0010)  IoU (P channel): 0.3202 (0.3187)  lr: 0.000872  iter-time: 0.9281
[15:53:10.724543] Epoch: [28]  [390/491]  eta: 0:01:36  loss: 0.0603 (0.0753)  IoU (F channel): 0.4065 (0.4083)  L1 (Dc channel): 0.0008 (0.0008)  L1 (Dn channel): 0.0008 (0.0010)  IoU (P channel): 0.3173 (0.3193)  lr: 0.000872  iter-time: 0.9308
[15:53:20.278538] Epoch: [28]  [400/491]  eta: 0:01:26  loss: 0.0789 (0.0753)  IoU (F channel): 0.3810 (0.4085)  L1 (Dc channel): 0.0008 (0.0008)  L1 (Dn channel): 0.0010 (0.0010)  IoU (P channel): 0.3373 (0.3198)  lr: 0.000871  iter-time: 0.9418
[15:53:29.627289] Epoch: [28]  [410/491]  eta: 0:01:17  loss: 0.0636 (0.0752)  IoU (F channel): 0.4101 (0.4089)  L1 (Dc channel): 0.0008 (0.0008)  L1 (Dn channel): 0.0011 (0.0011)  IoU (P channel): 0.3361 (0.3200)  lr: 0.000871  iter-time: 0.9450
[15:53:38.877140] Epoch: [28]  [420/491]  eta: 0:01:07  loss: 0.0569 (0.0749)  IoU (F channel): 0.4101 (0.4095)  L1 (Dc channel): 0.0007 (0.0008)  L1 (Dn channel): 0.0009 (0.0011)  IoU (P channel): 0.3210 (0.3197)  lr: 0.000870  iter-time: 0.9298
[15:53:48.367240] Epoch: [28]  [430/491]  eta: 0:00:58  loss: 0.0646 (0.0751)  IoU (F channel): 0.4189 (0.4099)  L1 (Dc channel): 0.0007 (0.0008)  L1 (Dn channel): 0.0011 (0.0011)  IoU (P channel): 0.3120 (0.3199)  lr: 0.000870  iter-time: 0.9369
[15:53:57.759569] Epoch: [28]  [440/491]  eta: 0:00:48  loss: 0.0711 (0.0750)  IoU (F channel): 0.4401 (0.4113)  L1 (Dc channel): 0.0007 (0.0008)  L1 (Dn channel): 0.0010 (0.0011)  IoU (P channel): 0.3233 (0.3201)  lr: 0.000869  iter-time: 0.9440
[15:54:07.196453] Epoch: [28]  [450/491]  eta: 0:00:39  loss: 0.0711 (0.0753)  IoU (F channel): 0.4401 (0.4113)  L1 (Dc channel): 0.0007 (0.0008)  L1 (Dn channel): 0.0008 (0.0011)  IoU (P channel): 0.3179 (0.3204)  lr: 0.000869  iter-time: 0.9413
[15:54:16.733000] Epoch: [28]  [460/491]  eta: 0:00:29  loss: 0.0714 (0.0751)  IoU (F channel): 0.4493 (0.4123)  L1 (Dc channel): 0.0008 (0.0008)  L1 (Dn channel): 0.0008 (0.0011)  IoU (P channel): 0.3179 (0.3205)  lr: 0.000868  iter-time: 0.9485
[15:54:26.165054] Epoch: [28]  [470/491]  eta: 0:00:20  loss: 0.0621 (0.0751)  IoU (F channel): 0.4493 (0.4124)  L1 (Dc channel): 0.0008 (0.0008)  L1 (Dn channel): 0.0008 (0.0011)  IoU (P channel): 0.3196 (0.3204)  lr: 0.000868  iter-time: 0.9483
[15:54:35.517830] Epoch: [28]  [480/491]  eta: 0:00:10  loss: 0.0579 (0.0751)  IoU (F channel): 0.4121 (0.4132)  L1 (Dc channel): 0.0008 (0.0008)  L1 (Dn channel): 0.0008 (0.0011)  IoU (P channel): 0.3161 (0.3202)  lr: 0.000867  iter-time: 0.9391
[15:54:44.173432] Epoch: [28]  [490/491]  eta: 0:00:00  loss: 0.0674 (0.0751)  IoU (F channel): 0.4122 (0.4121)  L1 (Dc channel): 0.0008 (0.0008)  L1 (Dn channel): 0.0008 (0.0011)  IoU (P channel): 0.2861 (0.3192)  lr: 0.000866  iter-time: 0.9003
[15:54:44.173537] Epoch: [28] Total time: 0:07:46 (0.9507 s / it)
[15:54:44.173566] [Train] averaged stats: loss: 0.0674 (0.0751)  IoU (F channel): 0.4122 (0.4121)  L1 (Dc channel): 0.0008 (0.0008)  L1 (Dn channel): 0.0008 (0.0011)  IoU (P channel): 0.2861 (0.3192)  lr: 0.000866
[15:54:52.482477] Epoch: [28]  [ 0/27]  eta: 0:03:44  loss: 0.0740 (0.0740)  IoU (F channel): 0.0000 (0.0000)  L1 (Dc channel): 0.0008 (0.0008)  L1 (Dn channel): 0.0006 (0.0006)  IoU (P channel): 0.0000 (0.0000)  iter-time: 8.3078
[15:54:57.755209] Epoch: [28]  [10/27]  eta: 0:00:20  loss: 0.1696 (0.2380)  IoU (F channel): 0.1459 (0.1982)  L1 (Dc channel): 0.0009 (0.0010)  L1 (Dn channel): 0.0008 (0.0014)  IoU (P channel): 0.1157 (0.1517)  iter-time: 1.2346
[15:55:04.480901] Epoch: [28]  [20/27]  eta: 0:00:06  loss: 0.1337 (0.2014)  IoU (F channel): 0.1599 (0.2327)  L1 (Dc channel): 0.0009 (0.0010)  L1 (Dn channel): 0.0008 (0.0013)  IoU (P channel): 0.1185 (0.1722)  iter-time: 0.5999
[15:55:06.773263] Epoch: [28]  [26/27]  eta: 0:00:00  loss: 0.1277 (0.1860)  IoU (F channel): 0.2324 (0.2378)  L1 (Dc channel): 0.0009 (0.0010)  L1 (Dn channel): 0.0010 (0.0012)  IoU (P channel): 0.1857 (0.1787)  iter-time: 0.6285
[15:55:06.773362] Epoch: [28] Total time: 0:00:22 (0.8370 s / it)
[15:55:06.773383] [Val] averaged stats: loss: 0.1277 (0.1860)  IoU (F channel): 0.2324 (0.2378)  L1 (Dc channel): 0.0009 (0.0010)  L1 (Dn channel): 0.0010 (0.0012)  IoU (P channel): 0.1857 (0.1787)
[15:55:06.773564] [Val] best loss: 0.1590 best  IoU (F channel): 0.2385 L1 (Dc channel): 0.0011 L1 (Dn channel): 0.0012 IoU (P channel): 0.1855 
EarlyStopping counter: 3 out of 10
[15:55:06.790497] [Time] 8.2m 3.8h/8.3h

[15:55:06.790517] ~~~ Epoch 29/60 ~~~

[15:55:13.076630] Epoch: [29]  [  0/491]  eta: 0:51:25  loss: 0.1123 (0.1123)  IoU (F channel): 0.4257 (0.4257)  L1 (Dc channel): 0.0011 (0.0011)  L1 (Dn channel): 0.0016 (0.0016)  IoU (P channel): 0.3013 (0.3013)  lr: 0.000866  iter-time: 6.2848
[15:55:22.485859] Epoch: [29]  [ 10/491]  eta: 0:11:26  loss: 0.0622 (0.0885)  IoU (F channel): 0.3921 (0.3922)  L1 (Dc channel): 0.0008 (0.0008)  L1 (Dn channel): 0.0009 (0.0010)  IoU (P channel): 0.2720 (0.2819)  lr: 0.000866  iter-time: 1.4266
[15:55:31.919178] Epoch: [29]  [ 20/491]  eta: 0:09:23  loss: 0.0721 (0.0842)  IoU (F channel): 0.3864 (0.3722)  L1 (Dc channel): 0.0008 (0.0008)  L1 (Dn channel): 0.0009 (0.0010)  IoU (P channel): 0.2681 (0.2720)  lr: 0.000865  iter-time: 0.9420
[15:55:41.373030] Epoch: [29]  [ 30/491]  eta: 0:08:34  loss: 0.0725 (0.0770)  IoU (F channel): 0.4185 (0.4024)  L1 (Dc channel): 0.0008 (0.0008)  L1 (Dn channel): 0.0009 (0.0010)  IoU (P channel): 0.2878 (0.2847)  lr: 0.000865  iter-time: 0.9442
[15:55:51.113697] Epoch: [29]  [ 40/491]  eta: 0:08:07  loss: 0.0725 (0.0762)  IoU (F channel): 0.4369 (0.3958)  L1 (Dc channel): 0.0008 (0.0008)  L1 (Dn channel): 0.0009 (0.0010)  IoU (P channel): 0.3090 (0.2921)  lr: 0.000864  iter-time: 0.9596
[15:56:00.692344] Epoch: [29]  [ 50/491]  eta: 0:07:46  loss: 0.0778 (0.0804)  IoU (F channel): 0.4013 (0.4015)  L1 (Dc channel): 0.0008 (0.0008)  L1 (Dn channel): 0.0010 (0.0010)  IoU (P channel): 0.3248 (0.3015)  lr: 0.000864  iter-time: 0.9658
[15:56:10.040445] Epoch: [29]  [ 60/491]  eta: 0:07:26  loss: 0.0849 (0.0832)  IoU (F channel): 0.4013 (0.4015)  L1 (Dc channel): 0.0009 (0.0008)  L1 (Dn channel): 0.0011 (0.0010)  IoU (P channel): 0.3248 (0.3021)  lr: 0.000863  iter-time: 0.9462
[15:56:19.451730] Epoch: [29]  [ 70/491]  eta: 0:07:10  loss: 0.0723 (0.0832)  IoU (F channel): 0.3964 (0.3998)  L1 (Dc channel): 0.0008 (0.0008)  L1 (Dn channel): 0.0009 (0.0010)  IoU (P channel): 0.2702 (0.2972)  lr: 0.000863  iter-time: 0.9379
[15:56:28.757039] Epoch: [29]  [ 80/491]  eta: 0:06:55  loss: 0.0626 (0.0809)  IoU (F channel): 0.3631 (0.3968)  L1 (Dc channel): 0.0006 (0.0008)  L1 (Dn channel): 0.0008 (0.0010)  IoU (P channel): 0.2700 (0.2957)  lr: 0.000862  iter-time: 0.9357
[15:56:38.090486] Epoch: [29]  [ 90/491]  eta: 0:06:42  loss: 0.0619 (0.0797)  IoU (F channel): 0.4257 (0.4017)  L1 (Dc channel): 0.0006 (0.0008)  L1 (Dn channel): 0.0008 (0.0010)  IoU (P channel): 0.3024 (0.2992)  lr: 0.000862  iter-time: 0.9318
[15:56:47.589163] Epoch: [29]  [100/491]  eta: 0:06:30  loss: 0.0652 (0.0797)  IoU (F channel): 0.4281 (0.4025)  L1 (Dc channel): 0.0008 (0.0008)  L1 (Dn channel): 0.0009 (0.0010)  IoU (P channel): 0.3304 (0.3005)  lr: 0.000861  iter-time: 0.9415
[15:56:56.971911] Epoch: [29]  [110/491]  eta: 0:06:18  loss: 0.0692 (0.0779)  IoU (F channel): 0.4307 (0.4119)  L1 (Dc channel): 0.0008 (0.0008)  L1 (Dn channel): 0.0009 (0.0010)  IoU (P channel): 0.3361 (0.3067)  lr: 0.000861  iter-time: 0.9439
[15:57:06.171225] Epoch: [29]  [120/491]  eta: 0:06:05  loss: 0.0614 (0.0779)  IoU (F channel): 0.4212 (0.4089)  L1 (Dc channel): 0.0008 (0.0008)  L1 (Dn channel): 0.0009 (0.0010)  IoU (P channel): 0.3268 (0.3062)  lr: 0.000860  iter-time: 0.9289
[15:57:15.413169] Epoch: [29]  [130/491]  eta: 0:05:54  loss: 0.0605 (0.0776)  IoU (F channel): 0.3653 (0.4087)  L1 (Dc channel): 0.0008 (0.0008)  L1 (Dn channel): 0.0009 (0.0010)  IoU (P channel): 0.3087 (0.3069)  lr: 0.000860  iter-time: 0.9219
[15:57:24.663307] Epoch: [29]  [140/491]  eta: 0:05:43  loss: 0.0641 (0.0766)  IoU (F channel): 0.3901 (0.4080)  L1 (Dc channel): 0.0007 (0.0008)  L1 (Dn channel): 0.0009 (0.0010)  IoU (P channel): 0.3160 (0.3077)  lr: 0.000859  iter-time: 0.9245
[15:57:34.347651] Epoch: [29]  [150/491]  eta: 0:05:33  loss: 0.0619 (0.0757)  IoU (F channel): 0.3901 (0.4079)  L1 (Dc channel): 0.0007 (0.0008)  L1 (Dn channel): 0.0008 (0.0010)  IoU (P channel): 0.3175 (0.3077)  lr: 0.000859  iter-time: 0.9466
[15:57:43.849261] Epoch: [29]  [160/491]  eta: 0:05:22  loss: 0.0619 (0.0758)  IoU (F channel): 0.4407 (0.4128)  L1 (Dc channel): 0.0007 (0.0008)  L1 (Dn channel): 0.0010 (0.0010)  IoU (P channel): 0.3335 (0.3110)  lr: 0.000858  iter-time: 0.9592
[15:57:53.254885] Epoch: [29]  [170/491]  eta: 0:05:12  loss: 0.0640 (0.0757)  IoU (F channel): 0.4278 (0.4125)  L1 (Dc channel): 0.0008 (0.0008)  L1 (Dn channel): 0.0010 (0.0010)  IoU (P channel): 0.3252 (0.3117)  lr: 0.000857  iter-time: 0.9453
[15:58:02.528225] Epoch: [29]  [180/491]  eta: 0:05:01  loss: 0.0640 (0.0753)  IoU (F channel): 0.4121 (0.4127)  L1 (Dc channel): 0.0008 (0.0008)  L1 (Dn channel): 0.0010 (0.0010)  IoU (P channel): 0.3085 (0.3110)  lr: 0.000857  iter-time: 0.9339
[15:58:11.804048] Epoch: [29]  [190/491]  eta: 0:04:51  loss: 0.0622 (0.0748)  IoU (F channel): 0.4121 (0.4120)  L1 (Dc channel): 0.0007 (0.0008)  L1 (Dn channel): 0.0009 (0.0010)  IoU (P channel): 0.3085 (0.3113)  lr: 0.000856  iter-time: 0.9273
[15:58:21.325400] Epoch: [29]  [200/491]  eta: 0:04:41  loss: 0.0622 (0.0748)  IoU (F channel): 0.4044 (0.4130)  L1 (Dc channel): 0.0005 (0.0008)  L1 (Dn channel): 0.0008 (0.0010)  IoU (P channel): 0.2968 (0.3106)  lr: 0.000856  iter-time: 0.9397
[15:58:30.579726] Epoch: [29]  [210/491]  eta: 0:04:31  loss: 0.0653 (0.0749)  IoU (F channel): 0.3955 (0.4137)  L1 (Dc channel): 0.0006 (0.0008)  L1 (Dn channel): 0.0009 (0.0010)  IoU (P channel): 0.3113 (0.3113)  lr: 0.000855  iter-time: 0.9387
[15:58:39.930059] Epoch: [29]  [220/491]  eta: 0:04:21  loss: 0.0562 (0.0744)  IoU (F channel): 0.3930 (0.4145)  L1 (Dc channel): 0.0006 (0.0008)  L1 (Dn channel): 0.0009 (0.0010)  IoU (P channel): 0.3339 (0.3126)  lr: 0.000855  iter-time: 0.9301
[15:58:49.295179] Epoch: [29]  [230/491]  eta: 0:04:11  loss: 0.0617 (0.0747)  IoU (F channel): 0.4349 (0.4163)  L1 (Dc channel): 0.0006 (0.0008)  L1 (Dn channel): 0.0009 (0.0010)  IoU (P channel): 0.3420 (0.3140)  lr: 0.000854  iter-time: 0.9356
[15:58:58.937223] Epoch: [29]  [240/491]  eta: 0:04:01  loss: 0.0671 (0.0746)  IoU (F channel): 0.4453 (0.4180)  L1 (Dc channel): 0.0006 (0.0007)  L1 (Dn channel): 0.0010 (0.0010)  IoU (P channel): 0.3494 (0.3150)  lr: 0.000854  iter-time: 0.9502
[15:59:08.200013] Epoch: [29]  [250/491]  eta: 0:03:51  loss: 0.0679 (0.0745)  IoU (F channel): 0.4320 (0.4181)  L1 (Dc channel): 0.0006 (0.0007)  L1 (Dn channel): 0.0012 (0.0010)  IoU (P channel): 0.3494 (0.3155)  lr: 0.000853  iter-time: 0.9451
[15:59:17.668586] Epoch: [29]  [260/491]  eta: 0:03:42  loss: 0.0735 (0.0748)  IoU (F channel): 0.4320 (0.4189)  L1 (Dc channel): 0.0006 (0.0007)  L1 (Dn channel): 0.0010 (0.0010)  IoU (P channel): 0.3379 (0.3163)  lr: 0.000853  iter-time: 0.9365
[15:59:26.981712] Epoch: [29]  [270/491]  eta: 0:03:32  loss: 0.0596 (0.0747)  IoU (F channel): 0.4362 (0.4197)  L1 (Dc channel): 0.0008 (0.0007)  L1 (Dn channel): 0.0010 (0.0010)  IoU (P channel): 0.3400 (0.3175)  lr: 0.000852  iter-time: 0.9390
[15:59:36.230558] Epoch: [29]  [280/491]  eta: 0:03:22  loss: 0.0596 (0.0744)  IoU (F channel): 0.4320 (0.4201)  L1 (Dc channel): 0.0008 (0.0007)  L1 (Dn channel): 0.0010 (0.0010)  IoU (P channel): 0.3335 (0.3178)  lr: 0.000852  iter-time: 0.9280
[15:59:45.474590] Epoch: [29]  [290/491]  eta: 0:03:12  loss: 0.0693 (0.0751)  IoU (F channel): 0.4297 (0.4222)  L1 (Dc channel): 0.0008 (0.0008)  L1 (Dn channel): 0.0010 (0.0010)  IoU (P channel): 0.3322 (0.3190)  lr: 0.000851  iter-time: 0.9245
[15:59:55.107701] Epoch: [29]  [300/491]  eta: 0:03:02  loss: 0.0874 (0.0752)  IoU (F channel): 0.4413 (0.4220)  L1 (Dc channel): 0.0009 (0.0008)  L1 (Dn channel): 0.0012 (0.0011)  IoU (P channel): 0.3431 (0.3187)  lr: 0.000850  iter-time: 0.9437
[16:00:04.588680] Epoch: [29]  [310/491]  eta: 0:02:53  loss: 0.0692 (0.0750)  IoU (F channel): 0.4246 (0.4216)  L1 (Dc channel): 0.0007 (0.0008)  L1 (Dn channel): 0.0010 (0.0010)  IoU (P channel): 0.3050 (0.3189)  lr: 0.000850  iter-time: 0.9556
[16:00:14.214523] Epoch: [29]  [320/491]  eta: 0:02:43  loss: 0.0692 (0.0748)  IoU (F channel): 0.4598 (0.4233)  L1 (Dc channel): 0.0008 (0.0008)  L1 (Dn channel): 0.0009 (0.0010)  IoU (P channel): 0.3260 (0.3195)  lr: 0.000849  iter-time: 0.9552
[16:00:23.841777] Epoch: [29]  [330/491]  eta: 0:02:34  loss: 0.0611 (0.0745)  IoU (F channel): 0.4782 (0.4247)  L1 (Dc channel): 0.0008 (0.0008)  L1 (Dn channel): 0.0010 (0.0010)  IoU (P channel): 0.3260 (0.3200)  lr: 0.000849  iter-time: 0.9625
[16:00:33.266172] Epoch: [29]  [340/491]  eta: 0:02:24  loss: 0.0505 (0.0741)  IoU (F channel): 0.4782 (0.4248)  L1 (Dc channel): 0.0007 (0.0008)  L1 (Dn channel): 0.0009 (0.0010)  IoU (P channel): 0.2986 (0.3197)  lr: 0.000848  iter-time: 0.9524
[16:00:42.445546] Epoch: [29]  [350/491]  eta: 0:02:14  loss: 0.0535 (0.0739)  IoU (F channel): 0.4133 (0.4253)  L1 (Dc channel): 0.0007 (0.0008)  L1 (Dn channel): 0.0008 (0.0010)  IoU (P channel): 0.2972 (0.3197)  lr: 0.000848  iter-time: 0.9301
[16:00:51.657523] Epoch: [29]  [360/491]  eta: 0:02:05  loss: 0.0649 (0.0734)  IoU (F channel): 0.4040 (0.4241)  L1 (Dc channel): 0.0007 (0.0008)  L1 (Dn channel): 0.0009 (0.0010)  IoU (P channel): 0.2978 (0.3195)  lr: 0.000847  iter-time: 0.9195
[16:01:00.970873] Epoch: [29]  [370/491]  eta: 0:01:55  loss: 0.0566 (0.0730)  IoU (F channel): 0.4017 (0.4235)  L1 (Dc channel): 0.0007 (0.0008)  L1 (Dn channel): 0.0008 (0.0010)  IoU (P channel): 0.3129 (0.3195)  lr: 0.000847  iter-time: 0.9262
[16:01:10.407814] Epoch: [29]  [380/491]  eta: 0:01:45  loss: 0.0529 (0.0726)  IoU (F channel): 0.4149 (0.4242)  L1 (Dc channel): 0.0007 (0.0008)  L1 (Dn channel): 0.0008 (0.0010)  IoU (P channel): 0.3129 (0.3196)  lr: 0.000846  iter-time: 0.9374
[16:01:19.681533] Epoch: [29]  [390/491]  eta: 0:01:36  loss: 0.0529 (0.0723)  IoU (F channel): 0.4205 (0.4246)  L1 (Dc channel): 0.0007 (0.0008)  L1 (Dn channel): 0.0009 (0.0010)  IoU (P channel): 0.3356 (0.3197)  lr: 0.000846  iter-time: 0.9354
[16:01:29.051567] Epoch: [29]  [400/491]  eta: 0:01:26  loss: 0.0593 (0.0720)  IoU (F channel): 0.4083 (0.4238)  L1 (Dc channel): 0.0007 (0.0008)  L1 (Dn channel): 0.0008 (0.0010)  IoU (P channel): 0.3162 (0.3198)  lr: 0.000845  iter-time: 0.9321
[16:01:38.615195] Epoch: [29]  [410/491]  eta: 0:01:17  loss: 0.0512 (0.0715)  IoU (F channel): 0.4076 (0.4244)  L1 (Dc channel): 0.0007 (0.0008)  L1 (Dn channel): 0.0008 (0.0010)  IoU (P channel): 0.3205 (0.3201)  lr: 0.000844  iter-time: 0.9466
[16:01:48.035893] Epoch: [29]  [420/491]  eta: 0:01:07  loss: 0.0733 (0.0718)  IoU (F channel): 0.4724 (0.4257)  L1 (Dc channel): 0.0007 (0.0008)  L1 (Dn channel): 0.0010 (0.0010)  IoU (P channel): 0.3269 (0.3204)  lr: 0.000844  iter-time: 0.9491
[16:01:57.290904] Epoch: [29]  [430/491]  eta: 0:00:58  loss: 0.0756 (0.0719)  IoU (F channel): 0.4501 (0.4256)  L1 (Dc channel): 0.0008 (0.0008)  L1 (Dn channel): 0.0010 (0.0010)  IoU (P channel): 0.3269 (0.3206)  lr: 0.000843  iter-time: 0.9337
[16:02:06.716987] Epoch: [29]  [440/491]  eta: 0:00:48  loss: 0.0684 (0.0718)  IoU (F channel): 0.4501 (0.4266)  L1 (Dc channel): 0.0008 (0.0008)  L1 (Dn channel): 0.0008 (0.0010)  IoU (P channel): 0.3113 (0.3211)  lr: 0.000843  iter-time: 0.9340
[16:02:16.335432] Epoch: [29]  [450/491]  eta: 0:00:39  loss: 0.0653 (0.0719)  IoU (F channel): 0.4545 (0.4270)  L1 (Dc channel): 0.0008 (0.0008)  L1 (Dn channel): 0.0008 (0.0010)  IoU (P channel): 0.3113 (0.3212)  lr: 0.000842  iter-time: 0.9521
[16:02:25.761058] Epoch: [29]  [460/491]  eta: 0:00:29  loss: 0.0633 (0.0717)  IoU (F channel): 0.4215 (0.4267)  L1 (Dc channel): 0.0007 (0.0008)  L1 (Dn channel): 0.0007 (0.0010)  IoU (P channel): 0.3225 (0.3211)  lr: 0.000842  iter-time: 0.9521
[16:02:35.099121] Epoch: [29]  [470/491]  eta: 0:00:19  loss: 0.0662 (0.0719)  IoU (F channel): 0.4079 (0.4270)  L1 (Dc channel): 0.0007 (0.0008)  L1 (Dn channel): 0.0010 (0.0010)  IoU (P channel): 0.3384 (0.3218)  lr: 0.000841  iter-time: 0.9381
[16:02:44.491549] Epoch: [29]  [480/491]  eta: 0:00:10  loss: 0.0662 (0.0715)  IoU (F channel): 0.4079 (0.4268)  L1 (Dc channel): 0.0007 (0.0008)  L1 (Dn channel): 0.0009 (0.0010)  IoU (P channel): 0.3244 (0.3216)  lr: 0.000841  iter-time: 0.9364
[16:02:53.135181] Epoch: [29]  [490/491]  eta: 0:00:00  loss: 0.0515 (0.0716)  IoU (F channel): 0.3923 (0.4270)  L1 (Dc channel): 0.0007 (0.0008)  L1 (Dn channel): 0.0008 (0.0010)  IoU (P channel): 0.3246 (0.3219)  lr: 0.000840  iter-time: 0.9017
[16:02:53.135282] Epoch: [29] Total time: 0:07:46 (0.9498 s / it)
[16:02:53.135310] [Train] averaged stats: loss: 0.0515 (0.0716)  IoU (F channel): 0.3923 (0.4270)  L1 (Dc channel): 0.0007 (0.0008)  L1 (Dn channel): 0.0008 (0.0010)  IoU (P channel): 0.3246 (0.3219)  lr: 0.000840
[16:02:59.419749] Epoch: [29]  [ 0/27]  eta: 0:02:49  loss: 0.0081 (0.0081)  IoU (F channel): 0.0000 (0.0000)  L1 (Dc channel): 0.0003 (0.0003)  L1 (Dn channel): 0.0004 (0.0004)  IoU (P channel): 0.0000 (0.0000)  iter-time: 6.2834
[16:03:07.734251] Epoch: [29]  [10/27]  eta: 0:00:22  loss: 0.1183 (0.2469)  IoU (F channel): 0.4536 (0.3367)  L1 (Dc channel): 0.0005 (0.0006)  L1 (Dn channel): 0.0005 (0.0011)  IoU (P channel): 0.2878 (0.2370)  iter-time: 1.3270
[16:03:15.546047] Epoch: [29]  [20/27]  eta: 0:00:07  loss: 0.1007 (0.2168)  IoU (F channel): 0.4512 (0.3462)  L1 (Dc channel): 0.0005 (0.0006)  L1 (Dn channel): 0.0005 (0.0010)  IoU (P channel): 0.2878 (0.2472)  iter-time: 0.8063
[16:03:18.172969] Epoch: [29]  [26/27]  eta: 0:00:00  loss: 0.0835 (0.2150)  IoU (F channel): 0.3982 (0.3502)  L1 (Dc channel): 0.0005 (0.0006)  L1 (Dn channel): 0.0007 (0.0010)  IoU (P channel): 0.2798 (0.2514)  iter-time: 0.6928
[16:03:18.173073] Epoch: [29] Total time: 0:00:25 (0.9273 s / it)
[16:03:18.173094] [Val] averaged stats: loss: 0.0835 (0.2150)  IoU (F channel): 0.3982 (0.3502)  L1 (Dc channel): 0.0005 (0.0006)  L1 (Dn channel): 0.0007 (0.0010)  IoU (P channel): 0.2798 (0.2514)
[16:03:18.173270] [Val] best loss: 0.1590 best  IoU (F channel): 0.2385 L1 (Dc channel): 0.0011 L1 (Dn channel): 0.0012 IoU (P channel): 0.1855 
EarlyStopping counter: 4 out of 10
[16:03:18.185885] [Time] 8.2m 4.0h/8.3h

[16:03:18.185905] ~~~ Epoch 30/60 ~~~

[16:03:24.255804] Epoch: [30]  [  0/491]  eta: 0:49:39  loss: 0.0664 (0.0664)  IoU (F channel): 0.5321 (0.5321)  L1 (Dc channel): 0.0005 (0.0005)  L1 (Dn channel): 0.0006 (0.0006)  IoU (P channel): 0.3783 (0.3783)  lr: 0.000840  iter-time: 6.0682
[16:03:34.068807] Epoch: [30]  [ 10/491]  eta: 0:11:34  loss: 0.0664 (0.0705)  IoU (F channel): 0.4433 (0.4461)  L1 (Dc channel): 0.0008 (0.0008)  L1 (Dn channel): 0.0010 (0.0010)  IoU (P channel): 0.3320 (0.3256)  lr: 0.000839  iter-time: 1.4436
[16:03:43.335504] Epoch: [30]  [ 20/491]  eta: 0:09:23  loss: 0.0740 (0.0742)  IoU (F channel): 0.4341 (0.4405)  L1 (Dc channel): 0.0008 (0.0008)  L1 (Dn channel): 0.0010 (0.0010)  IoU (P channel): 0.3101 (0.3140)  lr: 0.000839  iter-time: 0.9539
[16:03:52.482005] Epoch: [30]  [ 30/491]  eta: 0:08:29  loss: 0.0611 (0.0709)  IoU (F channel): 0.4086 (0.4312)  L1 (Dc channel): 0.0007 (0.0008)  L1 (Dn channel): 0.0009 (0.0010)  IoU (P channel): 0.3137 (0.3170)  lr: 0.000838  iter-time: 0.9206
[16:04:01.624972] Epoch: [30]  [ 40/491]  eta: 0:07:57  loss: 0.0539 (0.0699)  IoU (F channel): 0.4343 (0.4497)  L1 (Dc channel): 0.0007 (0.0008)  L1 (Dn channel): 0.0009 (0.0010)  IoU (P channel): 0.3457 (0.3264)  lr: 0.000838  iter-time: 0.9144
[16:04:11.053836] Epoch: [30]  [ 50/491]  eta: 0:07:37  loss: 0.0706 (0.0690)  IoU (F channel): 0.4351 (0.4447)  L1 (Dc channel): 0.0007 (0.0008)  L1 (Dn channel): 0.0009 (0.0010)  IoU (P channel): 0.3457 (0.3242)  lr: 0.000837  iter-time: 0.9285
[16:04:20.758367] Epoch: [30]  [ 60/491]  eta: 0:07:22  loss: 0.0706 (0.0698)  IoU (F channel): 0.4135 (0.4400)  L1 (Dc channel): 0.0007 (0.0008)  L1 (Dn channel): 0.0008 (0.0010)  IoU (P channel): 0.2996 (0.3241)  lr: 0.000837  iter-time: 0.9565
[16:04:29.985205] Epoch: [30]  [ 70/491]  eta: 0:07:05  loss: 0.0715 (0.0706)  IoU (F channel): 0.4094 (0.4388)  L1 (Dc channel): 0.0008 (0.0008)  L1 (Dn channel): 0.0008 (0.0010)  IoU (P channel): 0.3295 (0.3240)  lr: 0.000836  iter-time: 0.9464
[16:04:39.143425] Epoch: [30]  [ 80/491]  eta: 0:06:50  loss: 0.0703 (0.0703)  IoU (F channel): 0.4297 (0.4386)  L1 (Dc channel): 0.0008 (0.0008)  L1 (Dn channel): 0.0009 (0.0010)  IoU (P channel): 0.3341 (0.3221)  lr: 0.000835  iter-time: 0.9191
[16:04:48.438064] Epoch: [30]  [ 90/491]  eta: 0:06:37  loss: 0.0678 (0.0706)  IoU (F channel): 0.4371 (0.4409)  L1 (Dc channel): 0.0008 (0.0008)  L1 (Dn channel): 0.0011 (0.0010)  IoU (P channel): 0.3374 (0.3249)  lr: 0.000835  iter-time: 0.9225
[16:04:57.711338] Epoch: [30]  [100/491]  eta: 0:06:25  loss: 0.0678 (0.0713)  IoU (F channel): 0.4452 (0.4389)  L1 (Dc channel): 0.0007 (0.0008)  L1 (Dn channel): 0.0011 (0.0011)  IoU (P channel): 0.3402 (0.3249)  lr: 0.000834  iter-time: 0.9282
[16:05:06.865777] Epoch: [30]  [110/491]  eta: 0:06:12  loss: 0.0614 (0.0716)  IoU (F channel): 0.3840 (0.4347)  L1 (Dc channel): 0.0008 (0.0008)  L1 (Dn channel): 0.0009 (0.0011)  IoU (P channel): 0.3137 (0.3232)  lr: 0.000834  iter-time: 0.9212
[16:05:16.022267] Epoch: [30]  [120/491]  eta: 0:06:01  loss: 0.0548 (0.0711)  IoU (F channel): 0.4132 (0.4366)  L1 (Dc channel): 0.0008 (0.0008)  L1 (Dn channel): 0.0009 (0.0011)  IoU (P channel): 0.3115 (0.3246)  lr: 0.000833  iter-time: 0.9155
[16:05:25.179162] Epoch: [30]  [130/491]  eta: 0:05:49  loss: 0.0571 (0.0701)  IoU (F channel): 0.4427 (0.4369)  L1 (Dc channel): 0.0007 (0.0008)  L1 (Dn channel): 0.0008 (0.0010)  IoU (P channel): 0.3401 (0.3253)  lr: 0.000833  iter-time: 0.9156
[16:05:34.567314] Epoch: [30]  [140/491]  eta: 0:05:39  loss: 0.0547 (0.0690)  IoU (F channel): 0.4518 (0.4401)  L1 (Dc channel): 0.0007 (0.0008)  L1 (Dn channel): 0.0007 (0.0010)  IoU (P channel): 0.3306 (0.3250)  lr: 0.000832  iter-time: 0.9271
[16:05:43.757291] Epoch: [30]  [150/491]  eta: 0:05:28  loss: 0.0565 (0.0685)  IoU (F channel): 0.4407 (0.4413)  L1 (Dc channel): 0.0007 (0.0008)  L1 (Dn channel): 0.0009 (0.0010)  IoU (P channel): 0.2958 (0.3243)  lr: 0.000832  iter-time: 0.9288
[16:05:52.977212] Epoch: [30]  [160/491]  eta: 0:05:18  loss: 0.0627 (0.0682)  IoU (F channel): 0.4031 (0.4369)  L1 (Dc channel): 0.0007 (0.0008)  L1 (Dn channel): 0.0009 (0.0010)  IoU (P channel): 0.2948 (0.3225)  lr: 0.000831  iter-time: 0.9204
[16:06:02.234988] Epoch: [30]  [170/491]  eta: 0:05:07  loss: 0.0633 (0.0685)  IoU (F channel): 0.3815 (0.4371)  L1 (Dc channel): 0.0007 (0.0008)  L1 (Dn channel): 0.0008 (0.0010)  IoU (P channel): 0.2969 (0.3241)  lr: 0.000830  iter-time: 0.9238
[16:06:11.636050] Epoch: [30]  [180/491]  eta: 0:04:57  loss: 0.0786 (0.0696)  IoU (F channel): 0.4138 (0.4351)  L1 (Dc channel): 0.0007 (0.0008)  L1 (Dn channel): 0.0008 (0.0010)  IoU (P channel): 0.3360 (0.3233)  lr: 0.000830  iter-time: 0.9328
[16:06:20.943066] Epoch: [30]  [190/491]  eta: 0:04:47  loss: 0.0771 (0.0697)  IoU (F channel): 0.4093 (0.4365)  L1 (Dc channel): 0.0007 (0.0008)  L1 (Dn channel): 0.0007 (0.0010)  IoU (P channel): 0.3360 (0.3243)  lr: 0.000829  iter-time: 0.9353
[16:06:30.183312] Epoch: [30]  [200/491]  eta: 0:04:37  loss: 0.0778 (0.0717)  IoU (F channel): 0.3719 (0.4333)  L1 (Dc channel): 0.0008 (0.0008)  L1 (Dn channel): 0.0009 (0.0010)  IoU (P channel): 0.2829 (0.3212)  lr: 0.000829  iter-time: 0.9273
[16:06:39.385199] Epoch: [30]  [210/491]  eta: 0:04:27  loss: 0.0847 (0.0728)  IoU (F channel): 0.3719 (0.4309)  L1 (Dc channel): 0.0008 (0.0008)  L1 (Dn channel): 0.0009 (0.0010)  IoU (P channel): 0.2657 (0.3196)  lr: 0.000828  iter-time: 0.9220
[16:06:48.906214] Epoch: [30]  [220/491]  eta: 0:04:18  loss: 0.0775 (0.0729)  IoU (F channel): 0.4005 (0.4326)  L1 (Dc channel): 0.0007 (0.0008)  L1 (Dn channel): 0.0007 (0.0010)  IoU (P channel): 0.2876 (0.3195)  lr: 0.000827  iter-time: 0.9281
[16:06:58.165900] Epoch: [30]  [230/491]  eta: 0:04:08  loss: 0.0538 (0.0720)  IoU (F channel): 0.4348 (0.4322)  L1 (Dc channel): 0.0007 (0.0008)  L1 (Dn channel): 0.0007 (0.0010)  IoU (P channel): 0.2832 (0.3178)  lr: 0.000827  iter-time: 0.9309
[16:07:07.496443] Epoch: [30]  [240/491]  eta: 0:03:58  loss: 0.0531 (0.0720)  IoU (F channel): 0.4141 (0.4316)  L1 (Dc channel): 0.0007 (0.0008)  L1 (Dn channel): 0.0008 (0.0010)  IoU (P channel): 0.3035 (0.3176)  lr: 0.000826  iter-time: 0.9294
[16:07:16.871208] Epoch: [30]  [250/491]  eta: 0:03:48  loss: 0.0800 (0.0722)  IoU (F channel): 0.4248 (0.4308)  L1 (Dc channel): 0.0007 (0.0008)  L1 (Dn channel): 0.0007 (0.0010)  IoU (P channel): 0.3226 (0.3175)  lr: 0.000826  iter-time: 0.9352
[16:07:26.305368] Epoch: [30]  [260/491]  eta: 0:03:39  loss: 0.0772 (0.0722)  IoU (F channel): 0.4216 (0.4294)  L1 (Dc channel): 0.0008 (0.0008)  L1 (Dn channel): 0.0006 (0.0010)  IoU (P channel): 0.3210 (0.3171)  lr: 0.000825  iter-time: 0.9403
[16:07:35.576405] Epoch: [30]  [270/491]  eta: 0:03:29  loss: 0.0741 (0.0724)  IoU (F channel): 0.4091 (0.4294)  L1 (Dc channel): 0.0008 (0.0008)  L1 (Dn channel): 0.0007 (0.0010)  IoU (P channel): 0.3305 (0.3176)  lr: 0.000825  iter-time: 0.9351
[16:07:44.932989] Epoch: [30]  [280/491]  eta: 0:03:20  loss: 0.0549 (0.0723)  IoU (F channel): 0.4188 (0.4301)  L1 (Dc channel): 0.0008 (0.0008)  L1 (Dn channel): 0.0009 (0.0010)  IoU (P channel): 0.2990 (0.3173)  lr: 0.000824  iter-time: 0.9312
[16:07:54.186159] Epoch: [30]  [290/491]  eta: 0:03:10  loss: 0.0534 (0.0724)  IoU (F channel): 0.4188 (0.4301)  L1 (Dc channel): 0.0008 (0.0008)  L1 (Dn channel): 0.0009 (0.0010)  IoU (P channel): 0.2979 (0.3177)  lr: 0.000823  iter-time: 0.9304
[16:08:03.579553] Epoch: [30]  [300/491]  eta: 0:03:00  loss: 0.0753 (0.0728)  IoU (F channel): 0.4002 (0.4283)  L1 (Dc channel): 0.0008 (0.0008)  L1 (Dn channel): 0.0010 (0.0010)  IoU (P channel): 0.3443 (0.3174)  lr: 0.000823  iter-time: 0.9322
[16:08:13.019148] Epoch: [30]  [310/491]  eta: 0:02:51  loss: 0.0661 (0.0730)  IoU (F channel): 0.3999 (0.4276)  L1 (Dc channel): 0.0007 (0.0008)  L1 (Dn channel): 0.0009 (0.0010)  IoU (P channel): 0.3471 (0.3178)  lr: 0.000822  iter-time: 0.9415
[16:08:22.390122] Epoch: [30]  [320/491]  eta: 0:02:41  loss: 0.0561 (0.0725)  IoU (F channel): 0.3840 (0.4263)  L1 (Dc channel): 0.0007 (0.0008)  L1 (Dn channel): 0.0008 (0.0010)  IoU (P channel): 0.3477 (0.3174)  lr: 0.000822  iter-time: 0.9404
[16:08:31.775328] Epoch: [30]  [330/491]  eta: 0:02:32  loss: 0.0514 (0.0722)  IoU (F channel): 0.3840 (0.4263)  L1 (Dc channel): 0.0006 (0.0008)  L1 (Dn channel): 0.0009 (0.0010)  IoU (P channel): 0.3385 (0.3176)  lr: 0.000821  iter-time: 0.9377
[16:08:41.071837] Epoch: [30]  [340/491]  eta: 0:02:22  loss: 0.0510 (0.0721)  IoU (F channel): 0.4424 (0.4275)  L1 (Dc channel): 0.0007 (0.0008)  L1 (Dn channel): 0.0009 (0.0010)  IoU (P channel): 0.3457 (0.3189)  lr: 0.000821  iter-time: 0.9340
[16:08:50.441811] Epoch: [30]  [350/491]  eta: 0:02:13  loss: 0.0558 (0.0720)  IoU (F channel): 0.4324 (0.4277)  L1 (Dc channel): 0.0007 (0.0008)  L1 (Dn channel): 0.0008 (0.0010)  IoU (P channel): 0.3404 (0.3187)  lr: 0.000820  iter-time: 0.9332
[16:08:59.794571] Epoch: [30]  [360/491]  eta: 0:02:03  loss: 0.0645 (0.0721)  IoU (F channel): 0.4103 (0.4275)  L1 (Dc channel): 0.0007 (0.0008)  L1 (Dn channel): 0.0008 (0.0010)  IoU (P channel): 0.2929 (0.3183)  lr: 0.000819  iter-time: 0.9360
[16:09:09.035465] Epoch: [30]  [370/491]  eta: 0:01:54  loss: 0.0690 (0.0722)  IoU (F channel): 0.4436 (0.4282)  L1 (Dc channel): 0.0007 (0.0008)  L1 (Dn channel): 0.0009 (0.0010)  IoU (P channel): 0.3128 (0.3186)  lr: 0.000819  iter-time: 0.9295
[16:09:18.604176] Epoch: [30]  [380/491]  eta: 0:01:44  loss: 0.0653 (0.0721)  IoU (F channel): 0.4327 (0.4276)  L1 (Dc channel): 0.0007 (0.0008)  L1 (Dn channel): 0.0009 (0.0010)  IoU (P channel): 0.3128 (0.3183)  lr: 0.000818  iter-time: 0.9403
[16:09:27.966601] Epoch: [30]  [390/491]  eta: 0:01:35  loss: 0.0586 (0.0719)  IoU (F channel): 0.3808 (0.4260)  L1 (Dc channel): 0.0006 (0.0008)  L1 (Dn channel): 0.0008 (0.0010)  IoU (P channel): 0.2984 (0.3174)  lr: 0.000818  iter-time: 0.9464
[16:09:37.298341] Epoch: [30]  [400/491]  eta: 0:01:25  loss: 0.0649 (0.0722)  IoU (F channel): 0.3181 (0.4252)  L1 (Dc channel): 0.0007 (0.0008)  L1 (Dn channel): 0.0007 (0.0010)  IoU (P channel): 0.2292 (0.3165)  lr: 0.000817  iter-time: 0.9346
[16:09:46.560134] Epoch: [30]  [410/491]  eta: 0:01:16  loss: 0.0716 (0.0726)  IoU (F channel): 0.4075 (0.4253)  L1 (Dc channel): 0.0007 (0.0008)  L1 (Dn channel): 0.0006 (0.0010)  IoU (P channel): 0.2741 (0.3162)  lr: 0.000816  iter-time: 0.9296
[16:09:56.061647] Epoch: [30]  [420/491]  eta: 0:01:07  loss: 0.0719 (0.0727)  IoU (F channel): 0.4236 (0.4254)  L1 (Dc channel): 0.0008 (0.0008)  L1 (Dn channel): 0.0007 (0.0010)  IoU (P channel): 0.3053 (0.3163)  lr: 0.000816  iter-time: 0.9380
[16:10:05.372590] Epoch: [30]  [430/491]  eta: 0:00:57  loss: 0.0641 (0.0728)  IoU (F channel): 0.4236 (0.4252)  L1 (Dc channel): 0.0008 (0.0008)  L1 (Dn channel): 0.0008 (0.0010)  IoU (P channel): 0.3206 (0.3160)  lr: 0.000815  iter-time: 0.9405
[16:10:14.858260] Epoch: [30]  [440/491]  eta: 0:00:48  loss: 0.0634 (0.0729)  IoU (F channel): 0.4151 (0.4253)  L1 (Dc channel): 0.0008 (0.0008)  L1 (Dn channel): 0.0008 (0.0010)  IoU (P channel): 0.3236 (0.3163)  lr: 0.000815  iter-time: 0.9397
[16:10:24.415575] Epoch: [30]  [450/491]  eta: 0:00:38  loss: 0.0523 (0.0726)  IoU (F channel): 0.4151 (0.4251)  L1 (Dc channel): 0.0007 (0.0008)  L1 (Dn channel): 0.0008 (0.0010)  IoU (P channel): 0.3027 (0.3153)  lr: 0.000814  iter-time: 0.9520
[16:10:33.814150] Epoch: [30]  [460/491]  eta: 0:00:29  loss: 0.0508 (0.0728)  IoU (F channel): 0.4305 (0.4252)  L1 (Dc channel): 0.0008 (0.0008)  L1 (Dn channel): 0.0009 (0.0010)  IoU (P channel): 0.3026 (0.3157)  lr: 0.000813  iter-time: 0.9477
[16:10:43.100857] Epoch: [30]  [470/491]  eta: 0:00:19  loss: 0.0674 (0.0730)  IoU (F channel): 0.4311 (0.4255)  L1 (Dc channel): 0.0008 (0.0008)  L1 (Dn channel): 0.0010 (0.0010)  IoU (P channel): 0.3151 (0.3159)  lr: 0.000813  iter-time: 0.9341
[16:10:52.447602] Epoch: [30]  [480/491]  eta: 0:00:10  loss: 0.0776 (0.0732)  IoU (F channel): 0.3939 (0.4250)  L1 (Dc channel): 0.0008 (0.0008)  L1 (Dn channel): 0.0009 (0.0010)  IoU (P channel): 0.2737 (0.3157)  lr: 0.000812  iter-time: 0.9315
[16:11:01.103498] Epoch: [30]  [490/491]  eta: 0:00:00  loss: 0.0636 (0.0732)  IoU (F channel): 0.4262 (0.4248)  L1 (Dc channel): 0.0007 (0.0008)  L1 (Dn channel): 0.0008 (0.0010)  IoU (P channel): 0.2834 (0.3157)  lr: 0.000812  iter-time: 0.9000
[16:11:01.103604] Epoch: [30] Total time: 0:07:42 (0.9428 s / it)
[16:11:01.103748] [Train] averaged stats: loss: 0.0636 (0.0732)  IoU (F channel): 0.4262 (0.4248)  L1 (Dc channel): 0.0007 (0.0008)  L1 (Dn channel): 0.0008 (0.0010)  IoU (P channel): 0.2834 (0.3157)  lr: 0.000812
[16:11:06.553059] Epoch: [30]  [ 0/27]  eta: 0:02:27  loss: 0.0082 (0.0082)  IoU (F channel): 0.0000 (0.0000)  L1 (Dc channel): 0.0005 (0.0005)  L1 (Dn channel): 0.0004 (0.0004)  IoU (P channel): 0.0000 (0.0000)  iter-time: 5.4481
[16:11:16.594365] Epoch: [30]  [10/27]  eta: 0:00:23  loss: 0.1416 (0.2374)  IoU (F channel): 0.4726 (0.3330)  L1 (Dc channel): 0.0006 (0.0007)  L1 (Dn channel): 0.0005 (0.0012)  IoU (P channel): 0.2983 (0.2332)  iter-time: 1.4081
[16:11:24.981916] Epoch: [30]  [20/27]  eta: 0:00:07  loss: 0.1052 (0.2090)  IoU (F channel): 0.4593 (0.3484)  L1 (Dc channel): 0.0006 (0.0008)  L1 (Dn channel): 0.0005 (0.0011)  IoU (P channel): 0.2983 (0.2467)  iter-time: 0.9214
[16:11:27.176051] Epoch: [30]  [26/27]  eta: 0:00:00  loss: 0.1128 (0.2256)  IoU (F channel): 0.4114 (0.3534)  L1 (Dc channel): 0.0007 (0.0008)  L1 (Dn channel): 0.0008 (0.0010)  IoU (P channel): 0.3042 (0.2533)  iter-time: 0.7752
[16:11:27.176275] Epoch: [30] Total time: 0:00:26 (0.9656 s / it)
[16:11:27.176318] [Val] averaged stats: loss: 0.1128 (0.2256)  IoU (F channel): 0.4114 (0.3534)  L1 (Dc channel): 0.0007 (0.0008)  L1 (Dn channel): 0.0008 (0.0010)  IoU (P channel): 0.3042 (0.2533)
[16:11:27.176587] [Val] best loss: 0.1590 best  IoU (F channel): 0.2385 L1 (Dc channel): 0.0011 L1 (Dn channel): 0.0012 IoU (P channel): 0.1855 
[16:11:27.191075] Creating training plots . . .
EarlyStopping counter: 5 out of 10
[16:11:33.982678] [Time] 8.3m 4.1h/8.4h

[16:11:33.982702] ~~~ Epoch 31/60 ~~~

[16:11:42.410639] Epoch: [31]  [  0/491]  eta: 1:08:57  loss: 0.1725 (0.1725)  IoU (F channel): 0.5034 (0.5034)  L1 (Dc channel): 0.0014 (0.0014)  L1 (Dn channel): 0.0020 (0.0020)  IoU (P channel): 0.3738 (0.3738)  lr: 0.000812  iter-time: 8.4264
[16:11:51.862665] Epoch: [31]  [ 10/491]  eta: 0:13:01  loss: 0.0717 (0.0803)  IoU (F channel): 0.4195 (0.3973)  L1 (Dc channel): 0.0007 (0.0008)  L1 (Dn channel): 0.0011 (0.0011)  IoU (P channel): 0.2659 (0.2870)  lr: 0.000811  iter-time: 1.6252
[16:12:01.260592] Epoch: [31]  [ 20/491]  eta: 0:10:11  loss: 0.0606 (0.0766)  IoU (F channel): 0.4195 (0.4251)  L1 (Dc channel): 0.0007 (0.0008)  L1 (Dn channel): 0.0008 (0.0011)  IoU (P channel): 0.3023 (0.3077)  lr: 0.000810  iter-time: 0.9424
[16:12:10.508865] Epoch: [31]  [ 30/491]  eta: 0:09:03  loss: 0.0610 (0.0748)  IoU (F channel): 0.4625 (0.4418)  L1 (Dc channel): 0.0007 (0.0007)  L1 (Dn channel): 0.0008 (0.0011)  IoU (P channel): 0.3381 (0.3235)  lr: 0.000810  iter-time: 0.9321
[16:12:19.840975] Epoch: [31]  [ 40/491]  eta: 0:08:24  loss: 0.0606 (0.0721)  IoU (F channel): 0.4439 (0.4373)  L1 (Dc channel): 0.0007 (0.0007)  L1 (Dn channel): 0.0010 (0.0011)  IoU (P channel): 0.3429 (0.3232)  lr: 0.000809  iter-time: 0.9289
[16:12:29.299693] Epoch: [31]  [ 50/491]  eta: 0:07:58  loss: 0.0598 (0.0708)  IoU (F channel): 0.4291 (0.4362)  L1 (Dc channel): 0.0007 (0.0007)  L1 (Dn channel): 0.0008 (0.0010)  IoU (P channel): 0.3365 (0.3260)  lr: 0.000809  iter-time: 0.9394
[16:12:38.570361] Epoch: [31]  [ 60/491]  eta: 0:07:36  loss: 0.0690 (0.0729)  IoU (F channel): 0.4275 (0.4431)  L1 (Dc channel): 0.0007 (0.0008)  L1 (Dn channel): 0.0009 (0.0011)  IoU (P channel): 0.3504 (0.3325)  lr: 0.000808  iter-time: 0.9364
[16:12:47.943573] Epoch: [31]  [ 70/491]  eta: 0:07:18  loss: 0.0775 (0.0748)  IoU (F channel): 0.4215 (0.4409)  L1 (Dc channel): 0.0008 (0.0008)  L1 (Dn channel): 0.0009 (0.0011)  IoU (P channel): 0.3508 (0.3320)  lr: 0.000807  iter-time: 0.9321
[16:12:57.389988] Epoch: [31]  [ 80/491]  eta: 0:07:03  loss: 0.0555 (0.0720)  IoU (F channel): 0.4215 (0.4449)  L1 (Dc channel): 0.0007 (0.0008)  L1 (Dn channel): 0.0007 (0.0011)  IoU (P channel): 0.3300 (0.3335)  lr: 0.000807  iter-time: 0.9409
[16:13:06.805313] Epoch: [31]  [ 90/491]  eta: 0:06:48  loss: 0.0543 (0.0706)  IoU (F channel): 0.4220 (0.4357)  L1 (Dc channel): 0.0006 (0.0007)  L1 (Dn channel): 0.0007 (0.0011)  IoU (P channel): 0.3222 (0.3287)  lr: 0.000806  iter-time: 0.9430
[16:13:15.978378] Epoch: [31]  [100/491]  eta: 0:06:34  loss: 0.0496 (0.0691)  IoU (F channel): 0.4030 (0.4359)  L1 (Dc channel): 0.0006 (0.0007)  L1 (Dn channel): 0.0007 (0.0010)  IoU (P channel): 0.3214 (0.3293)  lr: 0.000806  iter-time: 0.9293
[16:13:25.199696] Epoch: [31]  [110/491]  eta: 0:06:21  loss: 0.0502 (0.0682)  IoU (F channel): 0.4201 (0.4360)  L1 (Dc channel): 0.0007 (0.0007)  L1 (Dn channel): 0.0008 (0.0010)  IoU (P channel): 0.3231 (0.3289)  lr: 0.000805  iter-time: 0.9196
[16:13:34.693407] Epoch: [31]  [120/491]  eta: 0:06:10  loss: 0.0527 (0.0668)  IoU (F channel): 0.4258 (0.4375)  L1 (Dc channel): 0.0007 (0.0007)  L1 (Dn channel): 0.0008 (0.0010)  IoU (P channel): 0.3231 (0.3284)  lr: 0.000804  iter-time: 0.9356
[16:13:44.348540] Epoch: [31]  [130/491]  eta: 0:05:59  loss: 0.0527 (0.0664)  IoU (F channel): 0.4258 (0.4388)  L1 (Dc channel): 0.0007 (0.0007)  L1 (Dn channel): 0.0007 (0.0010)  IoU (P channel): 0.3071 (0.3273)  lr: 0.000804  iter-time: 0.9573
[16:13:53.757716] Epoch: [31]  [140/491]  eta: 0:05:47  loss: 0.0649 (0.0672)  IoU (F channel): 0.4223 (0.4392)  L1 (Dc channel): 0.0007 (0.0007)  L1 (Dn channel): 0.0009 (0.0010)  IoU (P channel): 0.3231 (0.3290)  lr: 0.000803  iter-time: 0.9531
[16:14:03.139922] Epoch: [31]  [150/491]  eta: 0:05:36  loss: 0.0609 (0.0667)  IoU (F channel): 0.4223 (0.4377)  L1 (Dc channel): 0.0006 (0.0007)  L1 (Dn channel): 0.0008 (0.0010)  IoU (P channel): 0.3231 (0.3279)  lr: 0.000803  iter-time: 0.9395
[16:14:12.475069] Epoch: [31]  [160/491]  eta: 0:05:25  loss: 0.0549 (0.0672)  IoU (F channel): 0.4051 (0.4365)  L1 (Dc channel): 0.0005 (0.0007)  L1 (Dn channel): 0.0007 (0.0010)  IoU (P channel): 0.3016 (0.3274)  lr: 0.000802  iter-time: 0.9358
[16:14:21.909154] Epoch: [31]  [170/491]  eta: 0:05:15  loss: 0.0508 (0.0659)  IoU (F channel): 0.4051 (0.4363)  L1 (Dc channel): 0.0005 (0.0007)  L1 (Dn channel): 0.0007 (0.0010)  IoU (P channel): 0.3264 (0.3286)  lr: 0.000801  iter-time: 0.9384
[16:14:31.506256] Epoch: [31]  [180/491]  eta: 0:05:04  loss: 0.0411 (0.0649)  IoU (F channel): 0.4182 (0.4360)  L1 (Dc channel): 0.0004 (0.0007)  L1 (Dn channel): 0.0007 (0.0010)  IoU (P channel): 0.3402 (0.3286)  lr: 0.000801  iter-time: 0.9514
[16:14:41.296254] Epoch: [31]  [190/491]  eta: 0:04:55  loss: 0.0435 (0.0647)  IoU (F channel): 0.4319 (0.4371)  L1 (Dc channel): 0.0005 (0.0007)  L1 (Dn channel): 0.0008 (0.0010)  IoU (P channel): 0.3379 (0.3296)  lr: 0.000800  iter-time: 0.9692
[16:14:50.538202] Epoch: [31]  [200/491]  eta: 0:04:44  loss: 0.0583 (0.0644)  IoU (F channel): 0.4358 (0.4395)  L1 (Dc channel): 0.0007 (0.0007)  L1 (Dn channel): 0.0008 (0.0010)  IoU (P channel): 0.3323 (0.3295)  lr: 0.000800  iter-time: 0.9514
[16:14:59.913305] Epoch: [31]  [210/491]  eta: 0:04:34  loss: 0.0635 (0.0651)  IoU (F channel): 0.4694 (0.4404)  L1 (Dc channel): 0.0008 (0.0007)  L1 (Dn channel): 0.0009 (0.0010)  IoU (P channel): 0.3276 (0.3305)  lr: 0.000799  iter-time: 0.9307
[16:15:09.154494] Epoch: [31]  [220/491]  eta: 0:04:23  loss: 0.0572 (0.0645)  IoU (F channel): 0.4506 (0.4403)  L1 (Dc channel): 0.0007 (0.0007)  L1 (Dn channel): 0.0010 (0.0010)  IoU (P channel): 0.3684 (0.3317)  lr: 0.000798  iter-time: 0.9307
[16:15:18.370941] Epoch: [31]  [230/491]  eta: 0:04:13  loss: 0.0572 (0.0643)  IoU (F channel): 0.4272 (0.4400)  L1 (Dc channel): 0.0007 (0.0007)  L1 (Dn channel): 0.0008 (0.0010)  IoU (P channel): 0.3597 (0.3317)  lr: 0.000798  iter-time: 0.9228
[16:15:27.589787] Epoch: [31]  [240/491]  eta: 0:04:03  loss: 0.0684 (0.0645)  IoU (F channel): 0.4453 (0.4407)  L1 (Dc channel): 0.0007 (0.0007)  L1 (Dn channel): 0.0010 (0.0010)  IoU (P channel): 0.3302 (0.3318)  lr: 0.000797  iter-time: 0.9217
[16:15:36.785106] Epoch: [31]  [250/491]  eta: 0:03:53  loss: 0.0654 (0.0640)  IoU (F channel): 0.4634 (0.4418)  L1 (Dc channel): 0.0007 (0.0007)  L1 (Dn channel): 0.0009 (0.0010)  IoU (P channel): 0.3296 (0.3308)  lr: 0.000797  iter-time: 0.9206
[16:15:46.157167] Epoch: [31]  [260/491]  eta: 0:03:43  loss: 0.0441 (0.0637)  IoU (F channel): 0.4577 (0.4412)  L1 (Dc channel): 0.0006 (0.0007)  L1 (Dn channel): 0.0007 (0.0010)  IoU (P channel): 0.3296 (0.3313)  lr: 0.000796  iter-time: 0.9283
[16:15:55.423099] Epoch: [31]  [270/491]  eta: 0:03:33  loss: 0.0547 (0.0637)  IoU (F channel): 0.4656 (0.4425)  L1 (Dc channel): 0.0007 (0.0007)  L1 (Dn channel): 0.0009 (0.0010)  IoU (P channel): 0.3415 (0.3323)  lr: 0.000795  iter-time: 0.9318
[16:16:04.782378] Epoch: [31]  [280/491]  eta: 0:03:23  loss: 0.0590 (0.0641)  IoU (F channel): 0.4649 (0.4431)  L1 (Dc channel): 0.0007 (0.0007)  L1 (Dn channel): 0.0008 (0.0010)  IoU (P channel): 0.3302 (0.3323)  lr: 0.000795  iter-time: 0.9311
[16:16:14.095862] Epoch: [31]  [290/491]  eta: 0:03:13  loss: 0.0500 (0.0640)  IoU (F channel): 0.4596 (0.4430)  L1 (Dc channel): 0.0006 (0.0007)  L1 (Dn channel): 0.0007 (0.0010)  IoU (P channel): 0.3242 (0.3322)  lr: 0.000794  iter-time: 0.9335
[16:16:23.349914] Epoch: [31]  [300/491]  eta: 0:03:03  loss: 0.0498 (0.0644)  IoU (F channel): 0.4600 (0.4436)  L1 (Dc channel): 0.0006 (0.0007)  L1 (Dn channel): 0.0008 (0.0010)  IoU (P channel): 0.3275 (0.3321)  lr: 0.000793  iter-time: 0.9283
[16:16:32.548760] Epoch: [31]  [310/491]  eta: 0:02:53  loss: 0.0793 (0.0652)  IoU (F channel): 0.4682 (0.4452)  L1 (Dc channel): 0.0007 (0.0007)  L1 (Dn channel): 0.0010 (0.0010)  IoU (P channel): 0.3442 (0.3333)  lr: 0.000793  iter-time: 0.9225
[16:16:41.850551] Epoch: [31]  [320/491]  eta: 0:02:43  loss: 0.0756 (0.0654)  IoU (F channel): 0.4951 (0.4465)  L1 (Dc channel): 0.0008 (0.0007)  L1 (Dn channel): 0.0010 (0.0010)  IoU (P channel): 0.3463 (0.3336)  lr: 0.000792  iter-time: 0.9249
[16:16:51.393088] Epoch: [31]  [330/491]  eta: 0:02:34  loss: 0.0592 (0.0653)  IoU (F channel): 0.4503 (0.4470)  L1 (Dc channel): 0.0007 (0.0007)  L1 (Dn channel): 0.0009 (0.0010)  IoU (P channel): 0.3455 (0.3341)  lr: 0.000792  iter-time: 0.9421
[16:17:00.816680] Epoch: [31]  [340/491]  eta: 0:02:24  loss: 0.0490 (0.0647)  IoU (F channel): 0.4356 (0.4462)  L1 (Dc channel): 0.0007 (0.0007)  L1 (Dn channel): 0.0007 (0.0010)  IoU (P channel): 0.3225 (0.3332)  lr: 0.000791  iter-time: 0.9482
[16:17:10.360153] Epoch: [31]  [350/491]  eta: 0:02:15  loss: 0.0427 (0.0647)  IoU (F channel): 0.4252 (0.4460)  L1 (Dc channel): 0.0007 (0.0007)  L1 (Dn channel): 0.0007 (0.0010)  IoU (P channel): 0.3225 (0.3330)  lr: 0.000790  iter-time: 0.9482
[16:17:19.798476] Epoch: [31]  [360/491]  eta: 0:02:05  loss: 0.0552 (0.0644)  IoU (F channel): 0.4261 (0.4463)  L1 (Dc channel): 0.0006 (0.0007)  L1 (Dn channel): 0.0007 (0.0010)  IoU (P channel): 0.3254 (0.3328)  lr: 0.000790  iter-time: 0.9490
[16:17:29.341045] Epoch: [31]  [370/491]  eta: 0:01:55  loss: 0.0507 (0.0642)  IoU (F channel): 0.4400 (0.4472)  L1 (Dc channel): 0.0006 (0.0007)  L1 (Dn channel): 0.0007 (0.0010)  IoU (P channel): 0.3329 (0.3331)  lr: 0.000789  iter-time: 0.9489
[16:17:38.698935] Epoch: [31]  [380/491]  eta: 0:01:46  loss: 0.0685 (0.0646)  IoU (F channel): 0.4405 (0.4475)  L1 (Dc channel): 0.0007 (0.0007)  L1 (Dn channel): 0.0009 (0.0010)  IoU (P channel): 0.3360 (0.3334)  lr: 0.000788  iter-time: 0.9449
[16:17:48.172677] Epoch: [31]  [390/491]  eta: 0:01:36  loss: 0.0659 (0.0643)  IoU (F channel): 0.5076 (0.4493)  L1 (Dc channel): 0.0007 (0.0007)  L1 (Dn channel): 0.0008 (0.0010)  IoU (P channel): 0.3604 (0.3341)  lr: 0.000788  iter-time: 0.9414
[16:17:57.368468] Epoch: [31]  [400/491]  eta: 0:01:26  loss: 0.0460 (0.0641)  IoU (F channel): 0.4626 (0.4487)  L1 (Dc channel): 0.0006 (0.0007)  L1 (Dn channel): 0.0007 (0.0010)  IoU (P channel): 0.3386 (0.3337)  lr: 0.000787  iter-time: 0.9333
[16:18:06.811251] Epoch: [31]  [410/491]  eta: 0:01:17  loss: 0.0459 (0.0638)  IoU (F channel): 0.4214 (0.4480)  L1 (Dc channel): 0.0006 (0.0007)  L1 (Dn channel): 0.0007 (0.0010)  IoU (P channel): 0.2937 (0.3330)  lr: 0.000787  iter-time: 0.9318
[16:18:15.972629] Epoch: [31]  [420/491]  eta: 0:01:07  loss: 0.0508 (0.0643)  IoU (F channel): 0.4233 (0.4471)  L1 (Dc channel): 0.0006 (0.0007)  L1 (Dn channel): 0.0008 (0.0010)  IoU (P channel): 0.3156 (0.3328)  lr: 0.000786  iter-time: 0.9301
[16:18:25.131909] Epoch: [31]  [430/491]  eta: 0:00:58  loss: 0.0710 (0.0650)  IoU (F channel): 0.4233 (0.4467)  L1 (Dc channel): 0.0007 (0.0007)  L1 (Dn channel): 0.0008 (0.0010)  IoU (P channel): 0.3030 (0.3318)  lr: 0.000785  iter-time: 0.9159
[16:18:34.292689] Epoch: [31]  [440/491]  eta: 0:00:48  loss: 0.1138 (0.0663)  IoU (F channel): 0.4393 (0.4468)  L1 (Dc channel): 0.0008 (0.0007)  L1 (Dn channel): 0.0009 (0.0010)  IoU (P channel): 0.3030 (0.3309)  lr: 0.000785  iter-time: 0.9159
[16:18:43.480954] Epoch: [31]  [450/491]  eta: 0:00:39  loss: 0.1021 (0.0668)  IoU (F channel): 0.3520 (0.4445)  L1 (Dc channel): 0.0007 (0.0007)  L1 (Dn channel): 0.0008 (0.0010)  IoU (P channel): 0.2741 (0.3292)  lr: 0.000784  iter-time: 0.9173
[16:18:52.653527] Epoch: [31]  [460/491]  eta: 0:00:29  loss: 0.0762 (0.0669)  IoU (F channel): 0.4067 (0.4455)  L1 (Dc channel): 0.0006 (0.0007)  L1 (Dn channel): 0.0008 (0.0010)  IoU (P channel): 0.2902 (0.3293)  lr: 0.000783  iter-time: 0.9179
[16:19:01.830321] Epoch: [31]  [470/491]  eta: 0:00:19  loss: 0.0546 (0.0669)  IoU (F channel): 0.4403 (0.4450)  L1 (Dc channel): 0.0006 (0.0007)  L1 (Dn channel): 0.0007 (0.0010)  IoU (P channel): 0.3233 (0.3291)  lr: 0.000783  iter-time: 0.9173
[16:19:11.009671] Epoch: [31]  [480/491]  eta: 0:00:10  loss: 0.0619 (0.0673)  IoU (F channel): 0.4117 (0.4448)  L1 (Dc channel): 0.0006 (0.0007)  L1 (Dn channel): 0.0010 (0.0010)  IoU (P channel): 0.3180 (0.3289)  lr: 0.000782  iter-time: 0.9176
[16:19:19.666214] Epoch: [31]  [490/491]  eta: 0:00:00  loss: 0.0772 (0.0676)  IoU (F channel): 0.4115 (0.4444)  L1 (Dc channel): 0.0006 (0.0007)  L1 (Dn channel): 0.0010 (0.0010)  IoU (P channel): 0.2928 (0.3283)  lr: 0.000782  iter-time: 0.8917
[16:19:19.666322] Epoch: [31] Total time: 0:07:45 (0.9484 s / it)
[16:19:19.666357] [Train] averaged stats: loss: 0.0772 (0.0676)  IoU (F channel): 0.4115 (0.4444)  L1 (Dc channel): 0.0006 (0.0007)  L1 (Dn channel): 0.0010 (0.0010)  IoU (P channel): 0.2928 (0.3283)  lr: 0.000782
[16:19:25.562801] Epoch: [31]  [ 0/27]  eta: 0:02:39  loss: 0.0129 (0.0129)  IoU (F channel): 0.0000 (0.0000)  L1 (Dc channel): 0.0003 (0.0003)  L1 (Dn channel): 0.0006 (0.0006)  IoU (P channel): 0.0000 (0.0000)  iter-time: 5.8953
[16:19:33.304329] Epoch: [31]  [10/27]  eta: 0:00:21  loss: 0.0852 (0.1896)  IoU (F channel): 0.4727 (0.3369)  L1 (Dc channel): 0.0004 (0.0005)  L1 (Dn channel): 0.0007 (0.0014)  IoU (P channel): 0.2930 (0.2382)  iter-time: 1.2397
[16:19:41.213943] Epoch: [31]  [20/27]  eta: 0:00:07  loss: 0.0852 (0.1768)  IoU (F channel): 0.4727 (0.3541)  L1 (Dc channel): 0.0004 (0.0005)  L1 (Dn channel): 0.0007 (0.0013)  IoU (P channel): 0.3130 (0.2485)  iter-time: 0.7825
[16:19:46.992287] Epoch: [31]  [26/27]  eta: 0:00:01  loss: 0.0884 (0.1686)  IoU (F channel): 0.4100 (0.3562)  L1 (Dc channel): 0.0004 (0.0005)  L1 (Dn channel): 0.0009 (0.0012)  IoU (P channel): 0.2859 (0.2514)  iter-time: 0.8419
[16:19:46.992403] Epoch: [31] Total time: 0:00:27 (1.0120 s / it)
[16:19:46.992421] [Val] averaged stats: loss: 0.0884 (0.1686)  IoU (F channel): 0.4100 (0.3562)  L1 (Dc channel): 0.0004 (0.0005)  L1 (Dn channel): 0.0009 (0.0012)  IoU (P channel): 0.2859 (0.2514)
[16:19:46.992608] [Val] best loss: 0.1590 best  IoU (F channel): 0.2385 L1 (Dc channel): 0.0011 L1 (Dn channel): 0.0012 IoU (P channel): 0.1855 
EarlyStopping counter: 6 out of 10
[16:19:47.007722] [Time] 8.2m 4.2h/8.3h

[16:19:47.007739] ~~~ Epoch 32/60 ~~~

[16:19:54.517333] Epoch: [32]  [  0/491]  eta: 1:01:26  loss: 0.1246 (0.1246)  IoU (F channel): 0.6301 (0.6301)  L1 (Dc channel): 0.0010 (0.0010)  L1 (Dn channel): 0.0028 (0.0028)  IoU (P channel): 0.4388 (0.4388)  lr: 0.000782  iter-time: 7.5075
[16:20:03.999292] Epoch: [32]  [ 10/491]  eta: 0:12:22  loss: 0.0850 (0.0908)  IoU (F channel): 0.4671 (0.4608)  L1 (Dc channel): 0.0008 (0.0007)  L1 (Dn channel): 0.0009 (0.0012)  IoU (P channel): 0.3271 (0.3406)  lr: 0.000781  iter-time: 1.5444
[16:20:13.301600] Epoch: [32]  [ 20/491]  eta: 0:09:49  loss: 0.0551 (0.0743)  IoU (F channel): 0.3992 (0.4214)  L1 (Dc channel): 0.0007 (0.0007)  L1 (Dn channel): 0.0007 (0.0010)  IoU (P channel): 0.3149 (0.3131)  lr: 0.000780  iter-time: 0.9391
[16:20:22.525979] Epoch: [32]  [ 30/491]  eta: 0:08:48  loss: 0.0489 (0.0703)  IoU (F channel): 0.4211 (0.4319)  L1 (Dc channel): 0.0007 (0.0007)  L1 (Dn channel): 0.0009 (0.0010)  IoU (P channel): 0.3099 (0.3210)  lr: 0.000780  iter-time: 0.9262
[16:20:31.675031] Epoch: [32]  [ 40/491]  eta: 0:08:11  loss: 0.0756 (0.0727)  IoU (F channel): 0.4211 (0.4319)  L1 (Dc channel): 0.0007 (0.0007)  L1 (Dn channel): 0.0010 (0.0010)  IoU (P channel): 0.3357 (0.3282)  lr: 0.000779  iter-time: 0.9185
[16:20:41.193726] Epoch: [32]  [ 50/491]  eta: 0:07:48  loss: 0.0691 (0.0704)  IoU (F channel): 0.4012 (0.4255)  L1 (Dc channel): 0.0007 (0.0007)  L1 (Dn channel): 0.0010 (0.0010)  IoU (P channel): 0.3242 (0.3235)  lr: 0.000778  iter-time: 0.9332
[16:20:50.549584] Epoch: [32]  [ 60/491]  eta: 0:07:28  loss: 0.0539 (0.0698)  IoU (F channel): 0.4174 (0.4331)  L1 (Dc channel): 0.0007 (0.0007)  L1 (Dn channel): 0.0008 (0.0010)  IoU (P channel): 0.3242 (0.3264)  lr: 0.000778  iter-time: 0.9436
[16:20:59.847731] Epoch: [32]  [ 70/491]  eta: 0:07:11  loss: 0.0575 (0.0694)  IoU (F channel): 0.4541 (0.4346)  L1 (Dc channel): 0.0007 (0.0007)  L1 (Dn channel): 0.0009 (0.0010)  IoU (P channel): 0.3335 (0.3248)  lr: 0.000777  iter-time: 0.9326
[16:21:09.230000] Epoch: [32]  [ 80/491]  eta: 0:06:57  loss: 0.0575 (0.0683)  IoU (F channel): 0.4615 (0.4431)  L1 (Dc channel): 0.0007 (0.0007)  L1 (Dn channel): 0.0009 (0.0010)  IoU (P channel): 0.3359 (0.3288)  lr: 0.000776  iter-time: 0.9339
[16:21:18.498577] Epoch: [32]  [ 90/491]  eta: 0:06:43  loss: 0.0636 (0.0670)  IoU (F channel): 0.4653 (0.4406)  L1 (Dc channel): 0.0007 (0.0007)  L1 (Dn channel): 0.0008 (0.0010)  IoU (P channel): 0.3429 (0.3291)  lr: 0.000776  iter-time: 0.9324
[16:21:27.903503] Epoch: [32]  [100/491]  eta: 0:06:30  loss: 0.0621 (0.0664)  IoU (F channel): 0.4313 (0.4427)  L1 (Dc channel): 0.0007 (0.0007)  L1 (Dn channel): 0.0008 (0.0010)  IoU (P channel): 0.3318 (0.3303)  lr: 0.000775  iter-time: 0.9336
[16:21:37.110635] Epoch: [32]  [110/491]  eta: 0:06:17  loss: 0.0644 (0.0673)  IoU (F channel): 0.4231 (0.4395)  L1 (Dc channel): 0.0007 (0.0007)  L1 (Dn channel): 0.0010 (0.0010)  IoU (P channel): 0.3318 (0.3284)  lr: 0.000775  iter-time: 0.9305
[16:21:46.441254] Epoch: [32]  [120/491]  eta: 0:06:06  loss: 0.0704 (0.0671)  IoU (F channel): 0.4231 (0.4410)  L1 (Dc channel): 0.0007 (0.0007)  L1 (Dn channel): 0.0008 (0.0010)  IoU (P channel): 0.3080 (0.3302)  lr: 0.000774  iter-time: 0.9268
[16:21:55.691104] Epoch: [32]  [130/491]  eta: 0:05:54  loss: 0.0594 (0.0665)  IoU (F channel): 0.4700 (0.4425)  L1 (Dc channel): 0.0007 (0.0007)  L1 (Dn channel): 0.0007 (0.0010)  IoU (P channel): 0.3329 (0.3310)  lr: 0.000773  iter-time: 0.9289
[16:22:04.984148] Epoch: [32]  [140/491]  eta: 0:05:43  loss: 0.0567 (0.0665)  IoU (F channel): 0.4669 (0.4420)  L1 (Dc channel): 0.0007 (0.0007)  L1 (Dn channel): 0.0007 (0.0009)  IoU (P channel): 0.3291 (0.3296)  lr: 0.000773  iter-time: 0.9271
[16:22:14.375648] Epoch: [32]  [150/491]  eta: 0:05:32  loss: 0.0527 (0.0662)  IoU (F channel): 0.4452 (0.4432)  L1 (Dc channel): 0.0007 (0.0007)  L1 (Dn channel): 0.0007 (0.0009)  IoU (P channel): 0.3181 (0.3286)  lr: 0.000772  iter-time: 0.9341
[16:22:23.669049] Epoch: [32]  [160/491]  eta: 0:05:22  loss: 0.0505 (0.0654)  IoU (F channel): 0.4641 (0.4435)  L1 (Dc channel): 0.0006 (0.0007)  L1 (Dn channel): 0.0007 (0.0009)  IoU (P channel): 0.3300 (0.3290)  lr: 0.000771  iter-time: 0.9341
[16:22:33.036802] Epoch: [32]  [170/491]  eta: 0:05:11  loss: 0.0497 (0.0645)  IoU (F channel): 0.4599 (0.4438)  L1 (Dc channel): 0.0006 (0.0007)  L1 (Dn channel): 0.0007 (0.0009)  IoU (P channel): 0.3398 (0.3293)  lr: 0.000771  iter-time: 0.9329
[16:22:42.257284] Epoch: [32]  [180/491]  eta: 0:05:01  loss: 0.0511 (0.0648)  IoU (F channel): 0.4196 (0.4438)  L1 (Dc channel): 0.0007 (0.0007)  L1 (Dn channel): 0.0007 (0.0009)  IoU (P channel): 0.3295 (0.3296)  lr: 0.000770  iter-time: 0.9293
[16:22:51.732419] Epoch: [32]  [190/491]  eta: 0:04:51  loss: 0.0622 (0.0652)  IoU (F channel): 0.4827 (0.4469)  L1 (Dc channel): 0.0007 (0.0007)  L1 (Dn channel): 0.0008 (0.0009)  IoU (P channel): 0.3295 (0.3311)  lr: 0.000769  iter-time: 0.9347
[16:23:01.014935] Epoch: [32]  [200/491]  eta: 0:04:40  loss: 0.0523 (0.0650)  IoU (F channel): 0.4827 (0.4482)  L1 (Dc channel): 0.0006 (0.0007)  L1 (Dn channel): 0.0008 (0.0009)  IoU (P channel): 0.3375 (0.3312)  lr: 0.000769  iter-time: 0.9377
[16:23:10.349283] Epoch: [32]  [210/491]  eta: 0:04:30  loss: 0.0419 (0.0641)  IoU (F channel): 0.4694 (0.4489)  L1 (Dc channel): 0.0007 (0.0007)  L1 (Dn channel): 0.0006 (0.0009)  IoU (P channel): 0.3216 (0.3308)  lr: 0.000768  iter-time: 0.9307
[16:23:19.730117] Epoch: [32]  [220/491]  eta: 0:04:20  loss: 0.0448 (0.0639)  IoU (F channel): 0.4256 (0.4479)  L1 (Dc channel): 0.0006 (0.0007)  L1 (Dn channel): 0.0007 (0.0009)  IoU (P channel): 0.3042 (0.3296)  lr: 0.000768  iter-time: 0.9356
[16:23:29.141942] Epoch: [32]  [230/491]  eta: 0:04:10  loss: 0.0510 (0.0640)  IoU (F channel): 0.4163 (0.4490)  L1 (Dc channel): 0.0006 (0.0007)  L1 (Dn channel): 0.0008 (0.0009)  IoU (P channel): 0.3151 (0.3302)  lr: 0.000767  iter-time: 0.9395
[16:23:38.459335] Epoch: [32]  [240/491]  eta: 0:04:01  loss: 0.0598 (0.0641)  IoU (F channel): 0.4600 (0.4493)  L1 (Dc channel): 0.0006 (0.0007)  L1 (Dn channel): 0.0008 (0.0009)  IoU (P channel): 0.3581 (0.3321)  lr: 0.000766  iter-time: 0.9364
[16:23:47.867409] Epoch: [32]  [250/491]  eta: 0:03:51  loss: 0.0547 (0.0637)  IoU (F channel): 0.4442 (0.4492)  L1 (Dc channel): 0.0006 (0.0007)  L1 (Dn channel): 0.0007 (0.0009)  IoU (P channel): 0.3581 (0.3321)  lr: 0.000766  iter-time: 0.9362
[16:23:57.178689] Epoch: [32]  [260/491]  eta: 0:03:41  loss: 0.0426 (0.0635)  IoU (F channel): 0.4671 (0.4507)  L1 (Dc channel): 0.0006 (0.0007)  L1 (Dn channel): 0.0007 (0.0009)  IoU (P channel): 0.3355 (0.3328)  lr: 0.000765  iter-time: 0.9358
[16:24:06.605615] Epoch: [32]  [270/491]  eta: 0:03:31  loss: 0.0502 (0.0634)  IoU (F channel): 0.4521 (0.4503)  L1 (Dc channel): 0.0006 (0.0007)  L1 (Dn channel): 0.0007 (0.0009)  IoU (P channel): 0.3318 (0.3322)  lr: 0.000764  iter-time: 0.9368
[16:24:15.940494] Epoch: [32]  [280/491]  eta: 0:03:21  loss: 0.0542 (0.0630)  IoU (F channel): 0.4489 (0.4509)  L1 (Dc channel): 0.0006 (0.0007)  L1 (Dn channel): 0.0007 (0.0009)  IoU (P channel): 0.3214 (0.3327)  lr: 0.000764  iter-time: 0.9380
[16:24:25.380852] Epoch: [32]  [290/491]  eta: 0:03:12  loss: 0.0529 (0.0630)  IoU (F channel): 0.4840 (0.4526)  L1 (Dc channel): 0.0006 (0.0007)  L1 (Dn channel): 0.0007 (0.0009)  IoU (P channel): 0.3390 (0.3339)  lr: 0.000763  iter-time: 0.9386
[16:24:34.657818] Epoch: [32]  [300/491]  eta: 0:03:02  loss: 0.0581 (0.0632)  IoU (F channel): 0.4840 (0.4535)  L1 (Dc channel): 0.0006 (0.0007)  L1 (Dn channel): 0.0009 (0.0009)  IoU (P channel): 0.3308 (0.3342)  lr: 0.000762  iter-time: 0.9357
[16:24:43.953070] Epoch: [32]  [310/491]  eta: 0:02:52  loss: 0.0773 (0.0636)  IoU (F channel): 0.4269 (0.4519)  L1 (Dc channel): 0.0007 (0.0007)  L1 (Dn channel): 0.0010 (0.0009)  IoU (P channel): 0.3147 (0.3331)  lr: 0.000762  iter-time: 0.9285
[16:24:53.392532] Epoch: [32]  [320/491]  eta: 0:02:43  loss: 0.0773 (0.0644)  IoU (F channel): 0.4068 (0.4514)  L1 (Dc channel): 0.0007 (0.0007)  L1 (Dn channel): 0.0011 (0.0009)  IoU (P channel): 0.3182 (0.3329)  lr: 0.000761  iter-time: 0.9366
[16:25:02.763874] Epoch: [32]  [330/491]  eta: 0:02:33  loss: 0.0811 (0.0649)  IoU (F channel): 0.4264 (0.4517)  L1 (Dc channel): 0.0007 (0.0007)  L1 (Dn channel): 0.0010 (0.0009)  IoU (P channel): 0.3350 (0.3334)  lr: 0.000760  iter-time: 0.9404
[16:25:12.074799] Epoch: [32]  [340/491]  eta: 0:02:23  loss: 0.0577 (0.0646)  IoU (F channel): 0.4571 (0.4525)  L1 (Dc channel): 0.0007 (0.0007)  L1 (Dn channel): 0.0008 (0.0009)  IoU (P channel): 0.3500 (0.3336)  lr: 0.000760  iter-time: 0.9340
[16:25:21.504833] Epoch: [32]  [350/491]  eta: 0:02:14  loss: 0.0497 (0.0646)  IoU (F channel): 0.4817 (0.4534)  L1 (Dc channel): 0.0006 (0.0007)  L1 (Dn channel): 0.0008 (0.0009)  IoU (P channel): 0.3389 (0.3335)  lr: 0.000759  iter-time: 0.9370
[16:25:30.795132] Epoch: [32]  [360/491]  eta: 0:02:04  loss: 0.0574 (0.0647)  IoU (F channel): 0.4795 (0.4531)  L1 (Dc channel): 0.0007 (0.0007)  L1 (Dn channel): 0.0008 (0.0009)  IoU (P channel): 0.3368 (0.3338)  lr: 0.000758  iter-time: 0.9359
[16:25:40.278522] Epoch: [32]  [370/491]  eta: 0:01:55  loss: 0.0565 (0.0649)  IoU (F channel): 0.3605 (0.4508)  L1 (Dc channel): 0.0007 (0.0007)  L1 (Dn channel): 0.0008 (0.0009)  IoU (P channel): 0.2904 (0.3326)  lr: 0.000758  iter-time: 0.9386
[16:25:49.548427] Epoch: [32]  [380/491]  eta: 0:01:45  loss: 0.0565 (0.0647)  IoU (F channel): 0.4025 (0.4522)  L1 (Dc channel): 0.0006 (0.0007)  L1 (Dn channel): 0.0008 (0.0009)  IoU (P channel): 0.2778 (0.3328)  lr: 0.000757  iter-time: 0.9375
[16:25:58.889588] Epoch: [32]  [390/491]  eta: 0:01:36  loss: 0.0573 (0.0645)  IoU (F channel): 0.4572 (0.4523)  L1 (Dc channel): 0.0005 (0.0007)  L1 (Dn channel): 0.0007 (0.0009)  IoU (P channel): 0.3391 (0.3324)  lr: 0.000757  iter-time: 0.9305
[16:26:08.340728] Epoch: [32]  [400/491]  eta: 0:01:26  loss: 0.0598 (0.0643)  IoU (F channel): 0.4548 (0.4521)  L1 (Dc channel): 0.0005 (0.0007)  L1 (Dn channel): 0.0008 (0.0009)  IoU (P channel): 0.3294 (0.3322)  lr: 0.000756  iter-time: 0.9395
[16:26:17.760774] Epoch: [32]  [410/491]  eta: 0:01:17  loss: 0.0622 (0.0647)  IoU (F channel): 0.4011 (0.4508)  L1 (Dc channel): 0.0005 (0.0007)  L1 (Dn channel): 0.0007 (0.0009)  IoU (P channel): 0.3222 (0.3320)  lr: 0.000755  iter-time: 0.9434
[16:26:27.103203] Epoch: [32]  [420/491]  eta: 0:01:07  loss: 0.0579 (0.0645)  IoU (F channel): 0.4011 (0.4512)  L1 (Dc channel): 0.0007 (0.0007)  L1 (Dn channel): 0.0006 (0.0009)  IoU (P channel): 0.3466 (0.3328)  lr: 0.000755  iter-time: 0.9380
[16:26:36.455473] Epoch: [32]  [430/491]  eta: 0:00:57  loss: 0.0554 (0.0648)  IoU (F channel): 0.4739 (0.4507)  L1 (Dc channel): 0.0007 (0.0007)  L1 (Dn channel): 0.0007 (0.0009)  IoU (P channel): 0.3752 (0.3330)  lr: 0.000754  iter-time: 0.9347
[16:26:45.778452] Epoch: [32]  [440/491]  eta: 0:00:48  loss: 0.0723 (0.0649)  IoU (F channel): 0.3971 (0.4497)  L1 (Dc channel): 0.0007 (0.0007)  L1 (Dn channel): 0.0010 (0.0009)  IoU (P channel): 0.3321 (0.3327)  lr: 0.000753  iter-time: 0.9336
[16:26:54.993535] Epoch: [32]  [450/491]  eta: 0:00:38  loss: 0.0703 (0.0649)  IoU (F channel): 0.4538 (0.4503)  L1 (Dc channel): 0.0006 (0.0007)  L1 (Dn channel): 0.0009 (0.0009)  IoU (P channel): 0.3152 (0.3327)  lr: 0.000753  iter-time: 0.9267
[16:27:04.316182] Epoch: [32]  [460/491]  eta: 0:00:29  loss: 0.0558 (0.0647)  IoU (F channel): 0.4599 (0.4507)  L1 (Dc channel): 0.0006 (0.0007)  L1 (Dn channel): 0.0008 (0.0009)  IoU (P channel): 0.3186 (0.3328)  lr: 0.000752  iter-time: 0.9268
[16:27:13.652725] Epoch: [32]  [470/491]  eta: 0:00:19  loss: 0.0656 (0.0648)  IoU (F channel): 0.4599 (0.4510)  L1 (Dc channel): 0.0007 (0.0007)  L1 (Dn channel): 0.0008 (0.0009)  IoU (P channel): 0.3422 (0.3331)  lr: 0.000751  iter-time: 0.9329
[16:27:22.877949] Epoch: [32]  [480/491]  eta: 0:00:10  loss: 0.0662 (0.0647)  IoU (F channel): 0.4961 (0.4503)  L1 (Dc channel): 0.0006 (0.0007)  L1 (Dn channel): 0.0007 (0.0009)  IoU (P channel): 0.3422 (0.3329)  lr: 0.000751  iter-time: 0.9280
[16:27:31.535172] Epoch: [32]  [490/491]  eta: 0:00:00  loss: 0.0450 (0.0646)  IoU (F channel): 0.4487 (0.4512)  L1 (Dc channel): 0.0006 (0.0007)  L1 (Dn channel): 0.0007 (0.0009)  IoU (P channel): 0.3200 (0.3328)  lr: 0.000750  iter-time: 0.8941
[16:27:31.535417] Epoch: [32] Total time: 0:07:44 (0.9461 s / it)
[16:27:31.535451] [Train] averaged stats: loss: 0.0450 (0.0646)  IoU (F channel): 0.4487 (0.4512)  L1 (Dc channel): 0.0006 (0.0007)  L1 (Dn channel): 0.0007 (0.0009)  IoU (P channel): 0.3200 (0.3328)  lr: 0.000750
[16:27:35.268133] Epoch: [32]  [ 0/27]  eta: 0:01:40  loss: 0.0101 (0.0101)  IoU (F channel): 0.0000 (0.0000)  L1 (Dc channel): 0.0004 (0.0004)  L1 (Dn channel): 0.0003 (0.0003)  IoU (P channel): 0.0000 (0.0000)  iter-time: 3.7316
[16:27:44.339918] Epoch: [32]  [10/27]  eta: 0:00:19  loss: 0.1233 (0.2098)  IoU (F channel): 0.4333 (0.3272)  L1 (Dc channel): 0.0004 (0.0006)  L1 (Dn channel): 0.0005 (0.0011)  IoU (P channel): 0.2744 (0.2357)  iter-time: 1.1639
[16:27:51.288686] Epoch: [32]  [20/27]  eta: 0:00:06  loss: 0.0986 (0.1887)  IoU (F channel): 0.4319 (0.3372)  L1 (Dc channel): 0.0005 (0.0006)  L1 (Dn channel): 0.0005 (0.0010)  IoU (P channel): 0.2819 (0.2386)  iter-time: 0.8010
[16:27:52.872147] Epoch: [32]  [26/27]  eta: 0:00:00  loss: 0.0860 (0.1996)  IoU (F channel): 0.4076 (0.3402)  L1 (Dc channel): 0.0005 (0.0006)  L1 (Dn channel): 0.0007 (0.0010)  IoU (P channel): 0.2966 (0.2452)  iter-time: 0.5327
[16:27:52.872254] Epoch: [32] Total time: 0:00:21 (0.7902 s / it)
[16:27:52.872272] [Val] averaged stats: loss: 0.0860 (0.1996)  IoU (F channel): 0.4076 (0.3402)  L1 (Dc channel): 0.0005 (0.0006)  L1 (Dn channel): 0.0007 (0.0010)  IoU (P channel): 0.2966 (0.2452)
[16:27:52.872441] [Val] best loss: 0.1590 best  IoU (F channel): 0.2385 L1 (Dc channel): 0.0011 L1 (Dn channel): 0.0012 IoU (P channel): 0.1855 
EarlyStopping counter: 7 out of 10
[16:27:52.891575] [Time] 8.1m 4.4h/8.3h

[16:27:52.891599] ~~~ Epoch 33/60 ~~~

[16:27:58.825422] Epoch: [33]  [  0/491]  eta: 0:48:32  loss: 0.0492 (0.0492)  IoU (F channel): 0.4135 (0.4135)  L1 (Dc channel): 0.0006 (0.0006)  L1 (Dn channel): 0.0007 (0.0007)  IoU (P channel): 0.3174 (0.3174)  lr: 0.000750  iter-time: 5.9312
[16:28:09.463691] Epoch: [33]  [ 10/491]  eta: 0:12:04  loss: 0.0559 (0.0540)  IoU (F channel): 0.4514 (0.4751)  L1 (Dc channel): 0.0006 (0.0006)  L1 (Dn channel): 0.0009 (0.0009)  IoU (P channel): 0.3346 (0.3483)  lr: 0.000749  iter-time: 1.5062
[16:28:18.830381] Epoch: [33]  [ 20/491]  eta: 0:09:41  loss: 0.0553 (0.0577)  IoU (F channel): 0.4530 (0.4788)  L1 (Dc channel): 0.0006 (0.0007)  L1 (Dn channel): 0.0009 (0.0010)  IoU (P channel): 0.3406 (0.3499)  lr: 0.000749  iter-time: 1.0001
[16:28:28.100331] Epoch: [33]  [ 30/491]  eta: 0:08:43  loss: 0.0548 (0.0601)  IoU (F channel): 0.4765 (0.4799)  L1 (Dc channel): 0.0007 (0.0007)  L1 (Dn channel): 0.0008 (0.0010)  IoU (P channel): 0.3549 (0.3521)  lr: 0.000748  iter-time: 0.9317
[16:28:37.283606] Epoch: [33]  [ 40/491]  eta: 0:08:08  loss: 0.0540 (0.0622)  IoU (F channel): 0.4685 (0.4683)  L1 (Dc channel): 0.0006 (0.0007)  L1 (Dn channel): 0.0008 (0.0009)  IoU (P channel): 0.3549 (0.3492)  lr: 0.000747  iter-time: 0.9226
[16:28:46.457912] Epoch: [33]  [ 50/491]  eta: 0:07:43  loss: 0.0615 (0.0631)  IoU (F channel): 0.4359 (0.4705)  L1 (Dc channel): 0.0007 (0.0007)  L1 (Dn channel): 0.0008 (0.0010)  IoU (P channel): 0.3543 (0.3515)  lr: 0.000747  iter-time: 0.9178
[16:28:56.018170] Epoch: [33]  [ 60/491]  eta: 0:07:25  loss: 0.0586 (0.0625)  IoU (F channel): 0.4278 (0.4668)  L1 (Dc channel): 0.0007 (0.0007)  L1 (Dn channel): 0.0009 (0.0009)  IoU (P channel): 0.3469 (0.3496)  lr: 0.000746  iter-time: 0.9366
[16:29:05.317419] Epoch: [33]  [ 70/491]  eta: 0:07:09  loss: 0.0520 (0.0617)  IoU (F channel): 0.4306 (0.4657)  L1 (Dc channel): 0.0006 (0.0007)  L1 (Dn channel): 0.0007 (0.0009)  IoU (P channel): 0.3231 (0.3462)  lr: 0.000745  iter-time: 0.9429
[16:29:14.470744] Epoch: [33]  [ 80/491]  eta: 0:06:53  loss: 0.0506 (0.0614)  IoU (F channel): 0.4609 (0.4606)  L1 (Dc channel): 0.0006 (0.0007)  L1 (Dn channel): 0.0006 (0.0009)  IoU (P channel): 0.3231 (0.3429)  lr: 0.000745  iter-time: 0.9225
[16:29:23.951716] Epoch: [33]  [ 90/491]  eta: 0:06:41  loss: 0.0569 (0.0613)  IoU (F channel): 0.4747 (0.4643)  L1 (Dc channel): 0.0006 (0.0007)  L1 (Dn channel): 0.0008 (0.0009)  IoU (P channel): 0.3430 (0.3422)  lr: 0.000744  iter-time: 0.9316
[16:29:33.318013] Epoch: [33]  [100/491]  eta: 0:06:28  loss: 0.0551 (0.0619)  IoU (F channel): 0.4929 (0.4657)  L1 (Dc channel): 0.0006 (0.0007)  L1 (Dn channel): 0.0009 (0.0009)  IoU (P channel): 0.3364 (0.3409)  lr: 0.000743  iter-time: 0.9422
[16:29:42.708121] Epoch: [33]  [110/491]  eta: 0:06:16  loss: 0.0708 (0.0631)  IoU (F channel): 0.4485 (0.4652)  L1 (Dc channel): 0.0007 (0.0007)  L1 (Dn channel): 0.0009 (0.0009)  IoU (P channel): 0.3496 (0.3424)  lr: 0.000743  iter-time: 0.9377
[16:29:51.917213] Epoch: [33]  [120/491]  eta: 0:06:04  loss: 0.0580 (0.0624)  IoU (F channel): 0.4703 (0.4683)  L1 (Dc channel): 0.0006 (0.0007)  L1 (Dn channel): 0.0008 (0.0009)  IoU (P channel): 0.3496 (0.3409)  lr: 0.000742  iter-time: 0.9299
[16:30:01.319835] Epoch: [33]  [130/491]  eta: 0:05:53  loss: 0.0507 (0.0627)  IoU (F channel): 0.4826 (0.4711)  L1 (Dc channel): 0.0006 (0.0007)  L1 (Dn channel): 0.0008 (0.0010)  IoU (P channel): 0.3264 (0.3416)  lr: 0.000741  iter-time: 0.9305
[16:30:10.931051] Epoch: [33]  [140/491]  eta: 0:05:43  loss: 0.0565 (0.0624)  IoU (F channel): 0.4494 (0.4688)  L1 (Dc channel): 0.0006 (0.0007)  L1 (Dn channel): 0.0009 (0.0009)  IoU (P channel): 0.3284 (0.3410)  lr: 0.000741  iter-time: 0.9506
[16:30:20.551523] Epoch: [33]  [150/491]  eta: 0:05:33  loss: 0.0520 (0.0619)  IoU (F channel): 0.4577 (0.4699)  L1 (Dc channel): 0.0006 (0.0007)  L1 (Dn channel): 0.0008 (0.0009)  IoU (P channel): 0.3284 (0.3406)  lr: 0.000740  iter-time: 0.9615
[16:30:30.023262] Epoch: [33]  [160/491]  eta: 0:05:23  loss: 0.0520 (0.0615)  IoU (F channel): 0.4552 (0.4694)  L1 (Dc channel): 0.0006 (0.0007)  L1 (Dn channel): 0.0008 (0.0009)  IoU (P channel): 0.3331 (0.3411)  lr: 0.000739  iter-time: 0.9545
[16:30:39.460946] Epoch: [33]  [170/491]  eta: 0:05:12  loss: 0.0629 (0.0622)  IoU (F channel): 0.4509 (0.4697)  L1 (Dc channel): 0.0006 (0.0007)  L1 (Dn channel): 0.0008 (0.0009)  IoU (P channel): 0.3738 (0.3427)  lr: 0.000739  iter-time: 0.9453
[16:30:48.810046] Epoch: [33]  [180/491]  eta: 0:05:02  loss: 0.0689 (0.0623)  IoU (F channel): 0.4826 (0.4714)  L1 (Dc channel): 0.0007 (0.0007)  L1 (Dn channel): 0.0008 (0.0009)  IoU (P channel): 0.3665 (0.3431)  lr: 0.000738  iter-time: 0.9392
[16:30:58.093690] Epoch: [33]  [190/491]  eta: 0:04:51  loss: 0.0621 (0.0623)  IoU (F channel): 0.5020 (0.4716)  L1 (Dc channel): 0.0007 (0.0007)  L1 (Dn channel): 0.0008 (0.0010)  IoU (P channel): 0.3457 (0.3435)  lr: 0.000737  iter-time: 0.9315
[16:31:07.537900] Epoch: [33]  [200/491]  eta: 0:04:41  loss: 0.0536 (0.0622)  IoU (F channel): 0.4589 (0.4699)  L1 (Dc channel): 0.0006 (0.0007)  L1 (Dn channel): 0.0008 (0.0009)  IoU (P channel): 0.3366 (0.3424)  lr: 0.000737  iter-time: 0.9363
[16:31:16.810832] Epoch: [33]  [210/491]  eta: 0:04:31  loss: 0.0534 (0.0621)  IoU (F channel): 0.4480 (0.4696)  L1 (Dc channel): 0.0006 (0.0007)  L1 (Dn channel): 0.0007 (0.0009)  IoU (P channel): 0.3270 (0.3414)  lr: 0.000736  iter-time: 0.9357
[16:31:26.135370] Epoch: [33]  [220/491]  eta: 0:04:21  loss: 0.0487 (0.0617)  IoU (F channel): 0.4762 (0.4681)  L1 (Dc channel): 0.0006 (0.0007)  L1 (Dn channel): 0.0009 (0.0009)  IoU (P channel): 0.3381 (0.3424)  lr: 0.000735  iter-time: 0.9298
[16:31:35.497082] Epoch: [33]  [230/491]  eta: 0:04:11  loss: 0.0456 (0.0614)  IoU (F channel): 0.4534 (0.4695)  L1 (Dc channel): 0.0007 (0.0007)  L1 (Dn channel): 0.0008 (0.0009)  IoU (P channel): 0.3580 (0.3440)  lr: 0.000735  iter-time: 0.9342
[16:31:44.864543] Epoch: [33]  [240/491]  eta: 0:04:01  loss: 0.0489 (0.0615)  IoU (F channel): 0.4534 (0.4695)  L1 (Dc channel): 0.0006 (0.0007)  L1 (Dn channel): 0.0008 (0.0009)  IoU (P channel): 0.3363 (0.3434)  lr: 0.000734  iter-time: 0.9363
[16:31:54.168189] Epoch: [33]  [250/491]  eta: 0:03:51  loss: 0.0650 (0.0616)  IoU (F channel): 0.4487 (0.4690)  L1 (Dc channel): 0.0006 (0.0007)  L1 (Dn channel): 0.0009 (0.0009)  IoU (P channel): 0.3335 (0.3430)  lr: 0.000733  iter-time: 0.9334
[16:32:03.767237] Epoch: [33]  [260/491]  eta: 0:03:42  loss: 0.0720 (0.0618)  IoU (F channel): 0.4663 (0.4690)  L1 (Dc channel): 0.0005 (0.0007)  L1 (Dn channel): 0.0008 (0.0009)  IoU (P channel): 0.3416 (0.3429)  lr: 0.000733  iter-time: 0.9450
[16:32:13.394283] Epoch: [33]  [270/491]  eta: 0:03:32  loss: 0.0771 (0.0624)  IoU (F channel): 0.4438 (0.4687)  L1 (Dc channel): 0.0005 (0.0007)  L1 (Dn channel): 0.0009 (0.0009)  IoU (P channel): 0.3416 (0.3425)  lr: 0.000732  iter-time: 0.9612
[16:32:22.791617] Epoch: [33]  [280/491]  eta: 0:03:22  loss: 0.0480 (0.0618)  IoU (F channel): 0.4438 (0.4693)  L1 (Dc channel): 0.0005 (0.0006)  L1 (Dn channel): 0.0009 (0.0009)  IoU (P channel): 0.3456 (0.3428)  lr: 0.000731  iter-time: 0.9511
[16:32:32.118167] Epoch: [33]  [290/491]  eta: 0:03:12  loss: 0.0416 (0.0613)  IoU (F channel): 0.4739 (0.4698)  L1 (Dc channel): 0.0005 (0.0006)  L1 (Dn channel): 0.0007 (0.0009)  IoU (P channel): 0.3383 (0.3424)  lr: 0.000730  iter-time: 0.9361
[16:32:41.615833] Epoch: [33]  [300/491]  eta: 0:03:03  loss: 0.0543 (0.0617)  IoU (F channel): 0.4733 (0.4701)  L1 (Dc channel): 0.0006 (0.0006)  L1 (Dn channel): 0.0007 (0.0009)  IoU (P channel): 0.3463 (0.3434)  lr: 0.000730  iter-time: 0.9411
[16:32:51.099138] Epoch: [33]  [310/491]  eta: 0:02:53  loss: 0.0547 (0.0617)  IoU (F channel): 0.4733 (0.4708)  L1 (Dc channel): 0.0006 (0.0006)  L1 (Dn channel): 0.0008 (0.0009)  IoU (P channel): 0.3587 (0.3438)  lr: 0.000729  iter-time: 0.9489
[16:33:00.585181] Epoch: [33]  [320/491]  eta: 0:02:43  loss: 0.0522 (0.0615)  IoU (F channel): 0.4505 (0.4703)  L1 (Dc channel): 0.0006 (0.0006)  L1 (Dn channel): 0.0007 (0.0009)  IoU (P channel): 0.3387 (0.3437)  lr: 0.000728  iter-time: 0.9483
[16:33:09.902335] Epoch: [33]  [330/491]  eta: 0:02:34  loss: 0.0593 (0.0614)  IoU (F channel): 0.4463 (0.4701)  L1 (Dc channel): 0.0006 (0.0006)  L1 (Dn channel): 0.0007 (0.0009)  IoU (P channel): 0.3297 (0.3430)  lr: 0.000728  iter-time: 0.9400
[16:33:19.280269] Epoch: [33]  [340/491]  eta: 0:02:24  loss: 0.0593 (0.0641)  IoU (F channel): 0.4308 (0.4692)  L1 (Dc channel): 0.0006 (0.0006)  L1 (Dn channel): 0.0008 (0.0009)  IoU (P channel): 0.3203 (0.3421)  lr: 0.000727  iter-time: 0.9346
[16:33:28.857128] Epoch: [33]  [350/491]  eta: 0:02:14  loss: 0.0810 (0.0680)  IoU (F channel): 0.3902 (0.4648)  L1 (Dc channel): 0.0008 (0.0007)  L1 (Dn channel): 0.0008 (0.0009)  IoU (P channel): 0.2698 (0.3384)  lr: 0.000726  iter-time: 0.9476
[16:33:38.323117] Epoch: [33]  [360/491]  eta: 0:02:05  loss: 0.1310 (0.0696)  IoU (F channel): 0.2577 (0.4596)  L1 (Dc channel): 0.0011 (0.0007)  L1 (Dn channel): 0.0011 (0.0009)  IoU (P channel): 0.1759 (0.3342)  lr: 0.000726  iter-time: 0.9520
[16:33:47.658322] Epoch: [33]  [370/491]  eta: 0:01:55  loss: 0.1186 (0.0712)  IoU (F channel): 0.3037 (0.4560)  L1 (Dc channel): 0.0011 (0.0007)  L1 (Dn channel): 0.0011 (0.0009)  IoU (P channel): 0.2212 (0.3322)  lr: 0.000725  iter-time: 0.9399
[16:33:56.978107] Epoch: [33]  [380/491]  eta: 0:01:46  loss: 0.1003 (0.0724)  IoU (F channel): 0.3252 (0.4535)  L1 (Dc channel): 0.0008 (0.0007)  L1 (Dn channel): 0.0009 (0.0009)  IoU (P channel): 0.2584 (0.3309)  lr: 0.000724  iter-time: 0.9326
[16:34:06.432116] Epoch: [33]  [390/491]  eta: 0:01:36  loss: 0.1052 (0.0737)  IoU (F channel): 0.3716 (0.4507)  L1 (Dc channel): 0.0008 (0.0007)  L1 (Dn channel): 0.0009 (0.0010)  IoU (P channel): 0.2793 (0.3292)  lr: 0.000724  iter-time: 0.9386
[16:34:15.847784] Epoch: [33]  [400/491]  eta: 0:01:26  loss: 0.1130 (0.0757)  IoU (F channel): 0.3676 (0.4473)  L1 (Dc channel): 0.0007 (0.0007)  L1 (Dn channel): 0.0010 (0.0010)  IoU (P channel): 0.2385 (0.3263)  lr: 0.000723  iter-time: 0.9434
[16:34:25.174051] Epoch: [33]  [410/491]  eta: 0:01:17  loss: 0.0877 (0.0764)  IoU (F channel): 0.3603 (0.4462)  L1 (Dc channel): 0.0007 (0.0007)  L1 (Dn channel): 0.0007 (0.0010)  IoU (P channel): 0.2605 (0.3256)  lr: 0.000722  iter-time: 0.9370
[16:34:34.398443] Epoch: [33]  [420/491]  eta: 0:01:07  loss: 0.1017 (0.0773)  IoU (F channel): 0.3413 (0.4417)  L1 (Dc channel): 0.0007 (0.0007)  L1 (Dn channel): 0.0007 (0.0010)  IoU (P channel): 0.2342 (0.3223)  lr: 0.000722  iter-time: 0.9274
[16:34:43.610676] Epoch: [33]  [430/491]  eta: 0:00:58  loss: 0.0993 (0.0780)  IoU (F channel): 0.3117 (0.4394)  L1 (Dc channel): 0.0008 (0.0007)  L1 (Dn channel): 0.0008 (0.0010)  IoU (P channel): 0.2055 (0.3205)  lr: 0.000721  iter-time: 0.9217
[16:34:52.958549] Epoch: [33]  [440/491]  eta: 0:00:48  loss: 0.0659 (0.0778)  IoU (F channel): 0.3511 (0.4374)  L1 (Dc channel): 0.0007 (0.0007)  L1 (Dn channel): 0.0007 (0.0009)  IoU (P channel): 0.2346 (0.3188)  lr: 0.000720  iter-time: 0.9279
[16:35:02.382640] Epoch: [33]  [450/491]  eta: 0:00:39  loss: 0.0805 (0.0792)  IoU (F channel): 0.3929 (0.4358)  L1 (Dc channel): 0.0007 (0.0007)  L1 (Dn channel): 0.0007 (0.0009)  IoU (P channel): 0.2445 (0.3178)  lr: 0.000720  iter-time: 0.9385
[16:35:11.783221] Epoch: [33]  [460/491]  eta: 0:00:29  loss: 0.0828 (0.0793)  IoU (F channel): 0.3618 (0.4338)  L1 (Dc channel): 0.0007 (0.0007)  L1 (Dn channel): 0.0008 (0.0009)  IoU (P channel): 0.2415 (0.3166)  lr: 0.000719  iter-time: 0.9411
[16:35:21.012703] Epoch: [33]  [470/491]  eta: 0:00:19  loss: 0.0736 (0.0794)  IoU (F channel): 0.3618 (0.4329)  L1 (Dc channel): 0.0006 (0.0007)  L1 (Dn channel): 0.0009 (0.0009)  IoU (P channel): 0.2648 (0.3162)  lr: 0.000718  iter-time: 0.9314
[16:35:30.212432] Epoch: [33]  [480/491]  eta: 0:00:10  loss: 0.0759 (0.0797)  IoU (F channel): 0.3606 (0.4315)  L1 (Dc channel): 0.0006 (0.0007)  L1 (Dn channel): 0.0008 (0.0009)  IoU (P channel): 0.2725 (0.3156)  lr: 0.000718  iter-time: 0.9214
[16:35:38.856043] Epoch: [33]  [490/491]  eta: 0:00:00  loss: 0.0719 (0.0795)  IoU (F channel): 0.3500 (0.4312)  L1 (Dc channel): 0.0006 (0.0007)  L1 (Dn channel): 0.0007 (0.0009)  IoU (P channel): 0.2963 (0.3159)  lr: 0.000717  iter-time: 0.8921
[16:35:38.856335] Epoch: [33] Total time: 0:07:45 (0.9490 s / it)
[16:35:38.856370] [Train] averaged stats: loss: 0.0719 (0.0795)  IoU (F channel): 0.3500 (0.4312)  L1 (Dc channel): 0.0006 (0.0007)  L1 (Dn channel): 0.0007 (0.0009)  IoU (P channel): 0.2963 (0.3159)  lr: 0.000717
[16:35:46.541349] Epoch: [33]  [ 0/27]  eta: 0:03:27  loss: 0.0228 (0.0228)  IoU (F channel): 0.0000 (0.0000)  L1 (Dc channel): 0.0004 (0.0004)  L1 (Dn channel): 0.0004 (0.0004)  IoU (P channel): 0.0000 (0.0000)  iter-time: 7.6838
[16:35:51.497116] Epoch: [33]  [10/27]  eta: 0:00:19  loss: 0.1137 (0.2562)  IoU (F channel): 0.3236 (0.2377)  L1 (Dc channel): 0.0005 (0.0006)  L1 (Dn channel): 0.0006 (0.0012)  IoU (P channel): 0.2464 (0.1807)  iter-time: 1.1490
[16:35:58.599894] Epoch: [33]  [20/27]  eta: 0:00:06  loss: 0.1065 (0.2017)  IoU (F channel): 0.3236 (0.2578)  L1 (Dc channel): 0.0005 (0.0007)  L1 (Dn channel): 0.0006 (0.0011)  IoU (P channel): 0.2533 (0.1897)  iter-time: 0.6029
[16:36:01.106142] Epoch: [33]  [26/27]  eta: 0:00:00  loss: 0.1065 (0.1969)  IoU (F channel): 0.2774 (0.2578)  L1 (Dc channel): 0.0005 (0.0007)  L1 (Dn channel): 0.0008 (0.0011)  IoU (P channel): 0.2452 (0.1921)  iter-time: 0.6393
[16:36:01.106266] Epoch: [33] Total time: 0:00:22 (0.8240 s / it)
[16:36:01.106297] [Val] averaged stats: loss: 0.1065 (0.1969)  IoU (F channel): 0.2774 (0.2578)  L1 (Dc channel): 0.0005 (0.0007)  L1 (Dn channel): 0.0008 (0.0011)  IoU (P channel): 0.2452 (0.1921)
[16:36:01.106485] [Val] best loss: 0.1590 best  IoU (F channel): 0.2385 L1 (Dc channel): 0.0011 L1 (Dn channel): 0.0012 IoU (P channel): 0.1855 
EarlyStopping counter: 8 out of 10
[16:36:01.117331] [Time] 8.1m 4.5h/8.3h

[16:36:01.117348] ~~~ Epoch 34/60 ~~~

[16:36:07.227193] Epoch: [34]  [  0/491]  eta: 0:49:58  loss: 0.0480 (0.0480)  IoU (F channel): 0.3085 (0.3085)  L1 (Dc channel): 0.0005 (0.0005)  L1 (Dn channel): 0.0006 (0.0006)  IoU (P channel): 0.2370 (0.2370)  lr: 0.000717  iter-time: 6.1070
[16:36:16.845272] Epoch: [34]  [ 10/491]  eta: 0:11:27  loss: 0.0790 (0.0728)  IoU (F channel): 0.3159 (0.3254)  L1 (Dc channel): 0.0007 (0.0007)  L1 (Dn channel): 0.0008 (0.0008)  IoU (P channel): 0.2765 (0.2659)  lr: 0.000716  iter-time: 1.4295
[16:36:26.294201] Epoch: [34]  [ 20/491]  eta: 0:09:24  loss: 0.0749 (0.0752)  IoU (F channel): 0.4148 (0.3740)  L1 (Dc channel): 0.0007 (0.0007)  L1 (Dn channel): 0.0008 (0.0009)  IoU (P channel): 0.3276 (0.3077)  lr: 0.000715  iter-time: 0.9532
[16:36:35.525194] Epoch: [34]  [ 30/491]  eta: 0:08:31  loss: 0.0691 (0.0699)  IoU (F channel): 0.4148 (0.3855)  L1 (Dc channel): 0.0006 (0.0007)  L1 (Dn channel): 0.0007 (0.0008)  IoU (P channel): 0.3292 (0.3073)  lr: 0.000715  iter-time: 0.9339
[16:36:44.794651] Epoch: [34]  [ 40/491]  eta: 0:08:00  loss: 0.0572 (0.0719)  IoU (F channel): 0.4032 (0.3922)  L1 (Dc channel): 0.0006 (0.0007)  L1 (Dn channel): 0.0006 (0.0009)  IoU (P channel): 0.3044 (0.3107)  lr: 0.000714  iter-time: 0.9249
[16:36:54.116286] Epoch: [34]  [ 50/491]  eta: 0:07:38  loss: 0.0627 (0.0699)  IoU (F channel): 0.4027 (0.3877)  L1 (Dc channel): 0.0006 (0.0007)  L1 (Dn channel): 0.0007 (0.0008)  IoU (P channel): 0.2859 (0.3063)  lr: 0.000713  iter-time: 0.9294
[16:37:03.349431] Epoch: [34]  [ 60/491]  eta: 0:07:19  loss: 0.0630 (0.0701)  IoU (F channel): 0.4513 (0.4039)  L1 (Dc channel): 0.0006 (0.0007)  L1 (Dn channel): 0.0007 (0.0008)  IoU (P channel): 0.3137 (0.3132)  lr: 0.000713  iter-time: 0.9276
[16:37:12.830558] Epoch: [34]  [ 70/491]  eta: 0:07:05  loss: 0.0588 (0.0684)  IoU (F channel): 0.4513 (0.4022)  L1 (Dc channel): 0.0006 (0.0007)  L1 (Dn channel): 0.0008 (0.0008)  IoU (P channel): 0.3244 (0.3121)  lr: 0.000712  iter-time: 0.9356
[16:37:22.185798] Epoch: [34]  [ 80/491]  eta: 0:06:51  loss: 0.0663 (0.0679)  IoU (F channel): 0.4077 (0.4030)  L1 (Dc channel): 0.0006 (0.0007)  L1 (Dn channel): 0.0008 (0.0008)  IoU (P channel): 0.3098 (0.3116)  lr: 0.000711  iter-time: 0.9417
[16:37:31.599660] Epoch: [34]  [ 90/491]  eta: 0:06:38  loss: 0.0705 (0.0688)  IoU (F channel): 0.4129 (0.4099)  L1 (Dc channel): 0.0006 (0.0007)  L1 (Dn channel): 0.0008 (0.0009)  IoU (P channel): 0.3228 (0.3145)  lr: 0.000711  iter-time: 0.9383
[16:37:40.893382] Epoch: [34]  [100/491]  eta: 0:06:26  loss: 0.0695 (0.0688)  IoU (F channel): 0.4124 (0.4126)  L1 (Dc channel): 0.0007 (0.0007)  L1 (Dn channel): 0.0010 (0.0009)  IoU (P channel): 0.3277 (0.3163)  lr: 0.000710  iter-time: 0.9353
[16:37:50.161073] Epoch: [34]  [110/491]  eta: 0:06:14  loss: 0.0610 (0.0691)  IoU (F channel): 0.4124 (0.4146)  L1 (Dc channel): 0.0006 (0.0007)  L1 (Dn channel): 0.0007 (0.0009)  IoU (P channel): 0.3277 (0.3175)  lr: 0.000709  iter-time: 0.9279
[16:37:59.600756] Epoch: [34]  [120/491]  eta: 0:06:03  loss: 0.0610 (0.0679)  IoU (F channel): 0.4083 (0.4130)  L1 (Dc channel): 0.0006 (0.0007)  L1 (Dn channel): 0.0007 (0.0009)  IoU (P channel): 0.3087 (0.3167)  lr: 0.000709  iter-time: 0.9352
[16:38:08.886004] Epoch: [34]  [130/491]  eta: 0:05:52  loss: 0.0615 (0.0680)  IoU (F channel): 0.4083 (0.4169)  L1 (Dc channel): 0.0006 (0.0007)  L1 (Dn channel): 0.0007 (0.0009)  IoU (P channel): 0.3109 (0.3176)  lr: 0.000708  iter-time: 0.9361
[16:38:18.106832] Epoch: [34]  [140/491]  eta: 0:05:40  loss: 0.0653 (0.0680)  IoU (F channel): 0.4435 (0.4186)  L1 (Dc channel): 0.0007 (0.0007)  L1 (Dn channel): 0.0008 (0.0009)  IoU (P channel): 0.3281 (0.3177)  lr: 0.000707  iter-time: 0.9252
[16:38:27.417126] Epoch: [34]  [150/491]  eta: 0:05:30  loss: 0.0513 (0.0668)  IoU (F channel): 0.4485 (0.4209)  L1 (Dc channel): 0.0006 (0.0007)  L1 (Dn channel): 0.0007 (0.0009)  IoU (P channel): 0.3249 (0.3194)  lr: 0.000706  iter-time: 0.9265
[16:38:36.787594] Epoch: [34]  [160/491]  eta: 0:05:19  loss: 0.0506 (0.0665)  IoU (F channel): 0.4547 (0.4219)  L1 (Dc channel): 0.0006 (0.0007)  L1 (Dn channel): 0.0007 (0.0009)  IoU (P channel): 0.3231 (0.3197)  lr: 0.000706  iter-time: 0.9339
[16:38:46.077955] Epoch: [34]  [170/491]  eta: 0:05:09  loss: 0.0660 (0.0667)  IoU (F channel): 0.4372 (0.4229)  L1 (Dc channel): 0.0006 (0.0007)  L1 (Dn channel): 0.0008 (0.0009)  IoU (P channel): 0.3270 (0.3204)  lr: 0.000705  iter-time: 0.9329
[16:38:55.270490] Epoch: [34]  [180/491]  eta: 0:04:59  loss: 0.0603 (0.0663)  IoU (F channel): 0.4372 (0.4262)  L1 (Dc channel): 0.0006 (0.0006)  L1 (Dn channel): 0.0008 (0.0009)  IoU (P channel): 0.3270 (0.3208)  lr: 0.000704  iter-time: 0.9241
[16:39:04.420315] Epoch: [34]  [190/491]  eta: 0:04:48  loss: 0.0530 (0.0668)  IoU (F channel): 0.4542 (0.4268)  L1 (Dc channel): 0.0006 (0.0006)  L1 (Dn channel): 0.0007 (0.0009)  IoU (P channel): 0.3346 (0.3206)  lr: 0.000704  iter-time: 0.9170
[16:39:13.785103] Epoch: [34]  [200/491]  eta: 0:04:38  loss: 0.0576 (0.0670)  IoU (F channel): 0.4381 (0.4270)  L1 (Dc channel): 0.0006 (0.0007)  L1 (Dn channel): 0.0008 (0.0009)  IoU (P channel): 0.3416 (0.3220)  lr: 0.000703  iter-time: 0.9256
[16:39:23.082208] Epoch: [34]  [210/491]  eta: 0:04:28  loss: 0.0562 (0.0664)  IoU (F channel): 0.4355 (0.4257)  L1 (Dc channel): 0.0005 (0.0006)  L1 (Dn channel): 0.0006 (0.0009)  IoU (P channel): 0.3480 (0.3221)  lr: 0.000702  iter-time: 0.9330
[16:39:32.501007] Epoch: [34]  [220/491]  eta: 0:04:19  loss: 0.0452 (0.0661)  IoU (F channel): 0.4377 (0.4274)  L1 (Dc channel): 0.0005 (0.0006)  L1 (Dn channel): 0.0006 (0.0009)  IoU (P channel): 0.3438 (0.3226)  lr: 0.000702  iter-time: 0.9357
[16:39:41.939139] Epoch: [34]  [230/491]  eta: 0:04:09  loss: 0.0603 (0.0662)  IoU (F channel): 0.4377 (0.4267)  L1 (Dc channel): 0.0006 (0.0006)  L1 (Dn channel): 0.0007 (0.0009)  IoU (P channel): 0.3108 (0.3221)  lr: 0.000701  iter-time: 0.9427
[16:39:51.181191] Epoch: [34]  [240/491]  eta: 0:03:59  loss: 0.0641 (0.0665)  IoU (F channel): 0.4250 (0.4276)  L1 (Dc channel): 0.0006 (0.0006)  L1 (Dn channel): 0.0007 (0.0009)  IoU (P channel): 0.3390 (0.3229)  lr: 0.000700  iter-time: 0.9339
[16:40:00.661204] Epoch: [34]  [250/491]  eta: 0:03:49  loss: 0.0641 (0.0669)  IoU (F channel): 0.4348 (0.4280)  L1 (Dc channel): 0.0007 (0.0006)  L1 (Dn channel): 0.0009 (0.0009)  IoU (P channel): 0.3360 (0.3232)  lr: 0.000699  iter-time: 0.9360
[16:40:10.055601] Epoch: [34]  [260/491]  eta: 0:03:40  loss: 0.0698 (0.0672)  IoU (F channel): 0.4402 (0.4293)  L1 (Dc channel): 0.0006 (0.0006)  L1 (Dn channel): 0.0010 (0.0009)  IoU (P channel): 0.3360 (0.3242)  lr: 0.000699  iter-time: 0.9436
[16:40:19.387100] Epoch: [34]  [270/491]  eta: 0:03:30  loss: 0.0683 (0.0670)  IoU (F channel): 0.4222 (0.4293)  L1 (Dc channel): 0.0006 (0.0006)  L1 (Dn channel): 0.0008 (0.0009)  IoU (P channel): 0.3143 (0.3234)  lr: 0.000698  iter-time: 0.9362
[16:40:28.745783] Epoch: [34]  [280/491]  eta: 0:03:20  loss: 0.0640 (0.0670)  IoU (F channel): 0.4394 (0.4309)  L1 (Dc channel): 0.0006 (0.0006)  L1 (Dn channel): 0.0008 (0.0009)  IoU (P channel): 0.3125 (0.3241)  lr: 0.000697  iter-time: 0.9344
[16:40:38.140125] Epoch: [34]  [290/491]  eta: 0:03:11  loss: 0.0522 (0.0664)  IoU (F channel): 0.4424 (0.4311)  L1 (Dc channel): 0.0006 (0.0006)  L1 (Dn channel): 0.0006 (0.0009)  IoU (P channel): 0.3227 (0.3236)  lr: 0.000697  iter-time: 0.9376
[16:40:47.433030] Epoch: [34]  [300/491]  eta: 0:03:01  loss: 0.0526 (0.0665)  IoU (F channel): 0.4424 (0.4323)  L1 (Dc channel): 0.0006 (0.0006)  L1 (Dn channel): 0.0007 (0.0009)  IoU (P channel): 0.3227 (0.3244)  lr: 0.000696  iter-time: 0.9343
[16:40:56.826841] Epoch: [34]  [310/491]  eta: 0:02:52  loss: 0.0772 (0.0670)  IoU (F channel): 0.4844 (0.4345)  L1 (Dc channel): 0.0007 (0.0006)  L1 (Dn channel): 0.0010 (0.0009)  IoU (P channel): 0.3412 (0.3257)  lr: 0.000695  iter-time: 0.9342
[16:41:06.242747] Epoch: [34]  [320/491]  eta: 0:02:42  loss: 0.0772 (0.0672)  IoU (F channel): 0.4424 (0.4348)  L1 (Dc channel): 0.0006 (0.0007)  L1 (Dn channel): 0.0008 (0.0009)  IoU (P channel): 0.3439 (0.3263)  lr: 0.000695  iter-time: 0.9404
[16:41:15.401237] Epoch: [34]  [330/491]  eta: 0:02:32  loss: 0.0581 (0.0667)  IoU (F channel): 0.4413 (0.4351)  L1 (Dc channel): 0.0006 (0.0006)  L1 (Dn channel): 0.0006 (0.0009)  IoU (P channel): 0.3412 (0.3264)  lr: 0.000694  iter-time: 0.9286
[16:41:24.722251] Epoch: [34]  [340/491]  eta: 0:02:23  loss: 0.0478 (0.0666)  IoU (F channel): 0.4473 (0.4350)  L1 (Dc channel): 0.0005 (0.0006)  L1 (Dn channel): 0.0007 (0.0009)  IoU (P channel): 0.3299 (0.3265)  lr: 0.000693  iter-time: 0.9239
[16:41:34.090310] Epoch: [34]  [350/491]  eta: 0:02:13  loss: 0.0617 (0.0668)  IoU (F channel): 0.4490 (0.4363)  L1 (Dc channel): 0.0006 (0.0006)  L1 (Dn channel): 0.0007 (0.0009)  IoU (P channel): 0.3433 (0.3279)  lr: 0.000692  iter-time: 0.9344
[16:41:43.440322] Epoch: [34]  [360/491]  eta: 0:02:04  loss: 0.0616 (0.0666)  IoU (F channel): 0.4711 (0.4367)  L1 (Dc channel): 0.0006 (0.0006)  L1 (Dn channel): 0.0008 (0.0009)  IoU (P channel): 0.3534 (0.3284)  lr: 0.000692  iter-time: 0.9358
[16:41:52.867867] Epoch: [34]  [370/491]  eta: 0:01:54  loss: 0.0591 (0.0666)  IoU (F channel): 0.4375 (0.4369)  L1 (Dc channel): 0.0006 (0.0006)  L1 (Dn channel): 0.0009 (0.0009)  IoU (P channel): 0.3534 (0.3288)  lr: 0.000691  iter-time: 0.9388
[16:42:02.272616] Epoch: [34]  [380/491]  eta: 0:01:45  loss: 0.0578 (0.0664)  IoU (F channel): 0.4375 (0.4379)  L1 (Dc channel): 0.0006 (0.0006)  L1 (Dn channel): 0.0008 (0.0009)  IoU (P channel): 0.3388 (0.3293)  lr: 0.000690  iter-time: 0.9415
[16:42:11.593242] Epoch: [34]  [390/491]  eta: 0:01:35  loss: 0.0548 (0.0663)  IoU (F channel): 0.4623 (0.4380)  L1 (Dc channel): 0.0006 (0.0006)  L1 (Dn channel): 0.0007 (0.0009)  IoU (P channel): 0.3388 (0.3296)  lr: 0.000690  iter-time: 0.9361
[16:42:20.810950] Epoch: [34]  [400/491]  eta: 0:01:26  loss: 0.0518 (0.0665)  IoU (F channel): 0.4636 (0.4395)  L1 (Dc channel): 0.0006 (0.0006)  L1 (Dn channel): 0.0007 (0.0009)  IoU (P channel): 0.3344 (0.3301)  lr: 0.000689  iter-time: 0.9268
[16:42:30.150091] Epoch: [34]  [410/491]  eta: 0:01:16  loss: 0.0460 (0.0660)  IoU (F channel): 0.4078 (0.4378)  L1 (Dc channel): 0.0005 (0.0006)  L1 (Dn channel): 0.0007 (0.0009)  IoU (P channel): 0.3234 (0.3290)  lr: 0.000688  iter-time: 0.9277
[16:42:39.369406] Epoch: [34]  [420/491]  eta: 0:01:07  loss: 0.0499 (0.0663)  IoU (F channel): 0.4016 (0.4393)  L1 (Dc channel): 0.0005 (0.0006)  L1 (Dn channel): 0.0007 (0.0009)  IoU (P channel): 0.3116 (0.3295)  lr: 0.000688  iter-time: 0.9278
[16:42:48.710276] Epoch: [34]  [430/491]  eta: 0:00:57  loss: 0.0549 (0.0660)  IoU (F channel): 0.4806 (0.4401)  L1 (Dc channel): 0.0006 (0.0006)  L1 (Dn channel): 0.0008 (0.0009)  IoU (P channel): 0.3450 (0.3299)  lr: 0.000687  iter-time: 0.9279
[16:42:58.119991] Epoch: [34]  [440/491]  eta: 0:00:48  loss: 0.0450 (0.0659)  IoU (F channel): 0.4456 (0.4406)  L1 (Dc channel): 0.0006 (0.0006)  L1 (Dn channel): 0.0006 (0.0009)  IoU (P channel): 0.3450 (0.3301)  lr: 0.000686  iter-time: 0.9374
[16:43:07.391390] Epoch: [34]  [450/491]  eta: 0:00:38  loss: 0.0450 (0.0655)  IoU (F channel): 0.4590 (0.4418)  L1 (Dc channel): 0.0006 (0.0006)  L1 (Dn channel): 0.0008 (0.0009)  IoU (P channel): 0.3490 (0.3310)  lr: 0.000685  iter-time: 0.9339
[16:43:16.558624] Epoch: [34]  [460/491]  eta: 0:00:29  loss: 0.0546 (0.0654)  IoU (F channel): 0.4369 (0.4422)  L1 (Dc channel): 0.0005 (0.0006)  L1 (Dn channel): 0.0008 (0.0009)  IoU (P channel): 0.3532 (0.3316)  lr: 0.000685  iter-time: 0.9218
[16:43:25.873556] Epoch: [34]  [470/491]  eta: 0:00:19  loss: 0.0546 (0.0652)  IoU (F channel): 0.4543 (0.4431)  L1 (Dc channel): 0.0005 (0.0006)  L1 (Dn channel): 0.0006 (0.0009)  IoU (P channel): 0.3532 (0.3321)  lr: 0.000684  iter-time: 0.9240
[16:43:35.115761] Epoch: [34]  [480/491]  eta: 0:00:10  loss: 0.0432 (0.0652)  IoU (F channel): 0.4572 (0.4432)  L1 (Dc channel): 0.0005 (0.0006)  L1 (Dn channel): 0.0007 (0.0009)  IoU (P channel): 0.3341 (0.3320)  lr: 0.000683  iter-time: 0.9277
[16:43:43.765306] Epoch: [34]  [490/491]  eta: 0:00:00  loss: 0.0500 (0.0652)  IoU (F channel): 0.4731 (0.4442)  L1 (Dc channel): 0.0006 (0.0006)  L1 (Dn channel): 0.0007 (0.0009)  IoU (P channel): 0.3324 (0.3324)  lr: 0.000683  iter-time: 0.8945
[16:43:43.765412] Epoch: [34] Total time: 0:07:42 (0.9423 s / it)
[16:43:43.765588] [Train] averaged stats: loss: 0.0500 (0.0652)  IoU (F channel): 0.4731 (0.4442)  L1 (Dc channel): 0.0006 (0.0006)  L1 (Dn channel): 0.0007 (0.0009)  IoU (P channel): 0.3324 (0.3324)  lr: 0.000683
[16:43:48.994269] Epoch: [34]  [ 0/27]  eta: 0:02:21  loss: 0.0075 (0.0075)  IoU (F channel): 0.0000 (0.0000)  L1 (Dc channel): 0.0004 (0.0004)  L1 (Dn channel): 0.0003 (0.0003)  IoU (P channel): 0.0000 (0.0000)  iter-time: 5.2276
[16:43:57.932634] Epoch: [34]  [10/27]  eta: 0:00:21  loss: 0.0997 (0.1917)  IoU (F channel): 0.4378 (0.3264)  L1 (Dc channel): 0.0005 (0.0006)  L1 (Dn channel): 0.0005 (0.0011)  IoU (P channel): 0.2771 (0.2337)  iter-time: 1.2878
[16:44:03.396300] Epoch: [34]  [20/27]  eta: 0:00:06  loss: 0.0956 (0.1775)  IoU (F channel): 0.4378 (0.3360)  L1 (Dc channel): 0.0005 (0.0006)  L1 (Dn channel): 0.0005 (0.0010)  IoU (P channel): 0.2951 (0.2385)  iter-time: 0.7200
[16:44:05.932347] Epoch: [34]  [26/27]  eta: 0:00:00  loss: 0.0913 (0.1959)  IoU (F channel): 0.4251 (0.3427)  L1 (Dc channel): 0.0005 (0.0006)  L1 (Dn channel): 0.0007 (0.0010)  IoU (P channel): 0.2951 (0.2445)  iter-time: 0.6109
[16:44:05.932441] Epoch: [34] Total time: 0:00:22 (0.8210 s / it)
[16:44:05.932468] [Val] averaged stats: loss: 0.0913 (0.1959)  IoU (F channel): 0.4251 (0.3427)  L1 (Dc channel): 0.0005 (0.0006)  L1 (Dn channel): 0.0007 (0.0010)  IoU (P channel): 0.2951 (0.2445)
[16:44:05.932639] [Val] best loss: 0.1590 best  IoU (F channel): 0.2385 L1 (Dc channel): 0.0011 L1 (Dn channel): 0.0012 IoU (P channel): 0.1855 
EarlyStopping counter: 9 out of 10
[16:44:05.948711] [Time] 8.1m 4.6h/8.3h

[16:44:05.948730] ~~~ Epoch 35/60 ~~~

[16:44:11.979023] Epoch: [35]  [  0/491]  eta: 0:49:20  loss: 0.0329 (0.0329)  IoU (F channel): 0.3827 (0.3827)  L1 (Dc channel): 0.0005 (0.0005)  L1 (Dn channel): 0.0005 (0.0005)  IoU (P channel): 0.3463 (0.3463)  lr: 0.000683  iter-time: 6.0290
[16:44:21.570073] Epoch: [35]  [ 10/491]  eta: 0:11:22  loss: 0.0392 (0.0404)  IoU (F channel): 0.4277 (0.4496)  L1 (Dc channel): 0.0005 (0.0005)  L1 (Dn channel): 0.0005 (0.0005)  IoU (P channel): 0.3317 (0.3261)  lr: 0.000682  iter-time: 1.4199
[16:44:30.933687] Epoch: [35]  [ 20/491]  eta: 0:09:20  loss: 0.0514 (0.0527)  IoU (F channel): 0.4473 (0.4548)  L1 (Dc channel): 0.0006 (0.0006)  L1 (Dn channel): 0.0006 (0.0007)  IoU (P channel): 0.3361 (0.3312)  lr: 0.000681  iter-time: 0.9476
[16:44:40.526775] Epoch: [35]  [ 30/491]  eta: 0:08:34  loss: 0.0568 (0.0523)  IoU (F channel): 0.4473 (0.4546)  L1 (Dc channel): 0.0006 (0.0006)  L1 (Dn channel): 0.0006 (0.0007)  IoU (P channel): 0.3337 (0.3298)  lr: 0.000680  iter-time: 0.9477
[16:44:49.893854] Epoch: [35]  [ 40/491]  eta: 0:08:03  loss: 0.0559 (0.0547)  IoU (F channel): 0.4559 (0.4582)  L1 (Dc channel): 0.0005 (0.0006)  L1 (Dn channel): 0.0006 (0.0007)  IoU (P channel): 0.3337 (0.3361)  lr: 0.000680  iter-time: 0.9479
[16:44:59.181556] Epoch: [35]  [ 50/491]  eta: 0:07:40  loss: 0.0622 (0.0582)  IoU (F channel): 0.5072 (0.4689)  L1 (Dc channel): 0.0006 (0.0006)  L1 (Dn channel): 0.0007 (0.0008)  IoU (P channel): 0.3398 (0.3394)  lr: 0.000679  iter-time: 0.9326
[16:45:08.441608] Epoch: [35]  [ 60/491]  eta: 0:07:21  loss: 0.0639 (0.0587)  IoU (F channel): 0.4669 (0.4633)  L1 (Dc channel): 0.0006 (0.0006)  L1 (Dn channel): 0.0009 (0.0008)  IoU (P channel): 0.3478 (0.3412)  lr: 0.000678  iter-time: 0.9273
[16:45:17.887081] Epoch: [35]  [ 70/491]  eta: 0:07:06  loss: 0.0641 (0.0593)  IoU (F channel): 0.4386 (0.4631)  L1 (Dc channel): 0.0006 (0.0006)  L1 (Dn channel): 0.0008 (0.0008)  IoU (P channel): 0.3513 (0.3429)  lr: 0.000678  iter-time: 0.9352
[16:45:27.254201] Epoch: [35]  [ 80/491]  eta: 0:06:52  loss: 0.0641 (0.0585)  IoU (F channel): 0.4638 (0.4646)  L1 (Dc channel): 0.0006 (0.0006)  L1 (Dn channel): 0.0008 (0.0008)  IoU (P channel): 0.3513 (0.3438)  lr: 0.000677  iter-time: 0.9405
[16:45:36.482934] Epoch: [35]  [ 90/491]  eta: 0:06:38  loss: 0.0545 (0.0591)  IoU (F channel): 0.4676 (0.4653)  L1 (Dc channel): 0.0005 (0.0006)  L1 (Dn channel): 0.0008 (0.0008)  IoU (P channel): 0.3378 (0.3410)  lr: 0.000676  iter-time: 0.9296
[16:45:45.838281] Epoch: [35]  [100/491]  eta: 0:06:26  loss: 0.0531 (0.0580)  IoU (F channel): 0.4847 (0.4691)  L1 (Dc channel): 0.0005 (0.0006)  L1 (Dn channel): 0.0007 (0.0008)  IoU (P channel): 0.3392 (0.3436)  lr: 0.000675  iter-time: 0.9291
[16:45:55.042599] Epoch: [35]  [110/491]  eta: 0:06:14  loss: 0.0468 (0.0581)  IoU (F channel): 0.4847 (0.4719)  L1 (Dc channel): 0.0005 (0.0006)  L1 (Dn channel): 0.0006 (0.0008)  IoU (P channel): 0.3520 (0.3442)  lr: 0.000675  iter-time: 0.9279
[16:46:04.320728] Epoch: [35]  [120/491]  eta: 0:06:02  loss: 0.0603 (0.0594)  IoU (F channel): 0.4754 (0.4725)  L1 (Dc channel): 0.0006 (0.0006)  L1 (Dn channel): 0.0008 (0.0008)  IoU (P channel): 0.3570 (0.3460)  lr: 0.000674  iter-time: 0.9240
[16:46:13.505859] Epoch: [35]  [130/491]  eta: 0:05:51  loss: 0.0548 (0.0590)  IoU (F channel): 0.4576 (0.4714)  L1 (Dc channel): 0.0006 (0.0006)  L1 (Dn channel): 0.0007 (0.0008)  IoU (P channel): 0.3495 (0.3461)  lr: 0.000673  iter-time: 0.9231
[16:46:22.666903] Epoch: [35]  [140/491]  eta: 0:05:40  loss: 0.0536 (0.0587)  IoU (F channel): 0.4572 (0.4705)  L1 (Dc channel): 0.0005 (0.0006)  L1 (Dn channel): 0.0007 (0.0008)  IoU (P channel): 0.3512 (0.3473)  lr: 0.000673  iter-time: 0.9172
[16:46:31.874410] Epoch: [35]  [150/491]  eta: 0:05:29  loss: 0.0418 (0.0576)  IoU (F channel): 0.4753 (0.4714)  L1 (Dc channel): 0.0005 (0.0006)  L1 (Dn channel): 0.0006 (0.0008)  IoU (P channel): 0.3542 (0.3475)  lr: 0.000672  iter-time: 0.9183
[16:46:41.239806] Epoch: [35]  [160/491]  eta: 0:05:19  loss: 0.0368 (0.0580)  IoU (F channel): 0.4753 (0.4701)  L1 (Dc channel): 0.0005 (0.0006)  L1 (Dn channel): 0.0006 (0.0008)  IoU (P channel): 0.3326 (0.3467)  lr: 0.000671  iter-time: 0.9285
[16:46:50.581590] Epoch: [35]  [170/491]  eta: 0:05:09  loss: 0.0542 (0.0578)  IoU (F channel): 0.4804 (0.4733)  L1 (Dc channel): 0.0006 (0.0006)  L1 (Dn channel): 0.0007 (0.0008)  IoU (P channel): 0.3462 (0.3482)  lr: 0.000670  iter-time: 0.9353
[16:46:59.739808] Epoch: [35]  [180/491]  eta: 0:04:58  loss: 0.0582 (0.0584)  IoU (F channel): 0.4804 (0.4736)  L1 (Dc channel): 0.0006 (0.0006)  L1 (Dn channel): 0.0009 (0.0008)  IoU (P channel): 0.3481 (0.3482)  lr: 0.000670  iter-time: 0.9249
[16:47:09.041371] Epoch: [35]  [190/491]  eta: 0:04:48  loss: 0.0554 (0.0582)  IoU (F channel): 0.4778 (0.4757)  L1 (Dc channel): 0.0005 (0.0006)  L1 (Dn channel): 0.0008 (0.0008)  IoU (P channel): 0.3476 (0.3492)  lr: 0.000669  iter-time: 0.9229
[16:47:18.261617] Epoch: [35]  [200/491]  eta: 0:04:38  loss: 0.0453 (0.0575)  IoU (F channel): 0.4956 (0.4750)  L1 (Dc channel): 0.0005 (0.0006)  L1 (Dn channel): 0.0007 (0.0008)  IoU (P channel): 0.3444 (0.3469)  lr: 0.000668  iter-time: 0.9260
[16:47:27.439490] Epoch: [35]  [210/491]  eta: 0:04:28  loss: 0.0550 (0.0589)  IoU (F channel): 0.4648 (0.4749)  L1 (Dc channel): 0.0005 (0.0006)  L1 (Dn channel): 0.0007 (0.0008)  IoU (P channel): 0.3430 (0.3473)  lr: 0.000668  iter-time: 0.9198
[16:47:36.598658] Epoch: [35]  [220/491]  eta: 0:04:18  loss: 0.0605 (0.0591)  IoU (F channel): 0.4648 (0.4747)  L1 (Dc channel): 0.0006 (0.0006)  L1 (Dn channel): 0.0008 (0.0008)  IoU (P channel): 0.3484 (0.3481)  lr: 0.000667  iter-time: 0.9167
[16:47:45.828142] Epoch: [35]  [230/491]  eta: 0:04:08  loss: 0.0521 (0.0589)  IoU (F channel): 0.4277 (0.4733)  L1 (Dc channel): 0.0006 (0.0006)  L1 (Dn channel): 0.0008 (0.0008)  IoU (P channel): 0.3420 (0.3474)  lr: 0.000666  iter-time: 0.9193
[16:47:55.029331] Epoch: [35]  [240/491]  eta: 0:03:58  loss: 0.0560 (0.0596)  IoU (F channel): 0.4652 (0.4747)  L1 (Dc channel): 0.0006 (0.0006)  L1 (Dn channel): 0.0008 (0.0009)  IoU (P channel): 0.3601 (0.3482)  lr: 0.000665  iter-time: 0.9214
[16:48:04.236352] Epoch: [35]  [250/491]  eta: 0:03:48  loss: 0.0542 (0.0598)  IoU (F channel): 0.4670 (0.4742)  L1 (Dc channel): 0.0006 (0.0006)  L1 (Dn channel): 0.0008 (0.0009)  IoU (P channel): 0.3617 (0.3482)  lr: 0.000665  iter-time: 0.9203
[16:48:13.543515] Epoch: [35]  [260/491]  eta: 0:03:39  loss: 0.0507 (0.0595)  IoU (F channel): 0.4670 (0.4749)  L1 (Dc channel): 0.0005 (0.0006)  L1 (Dn channel): 0.0007 (0.0009)  IoU (P channel): 0.3403 (0.3480)  lr: 0.000664  iter-time: 0.9256
[16:48:22.686919] Epoch: [35]  [270/491]  eta: 0:03:29  loss: 0.0587 (0.0599)  IoU (F channel): 0.4987 (0.4755)  L1 (Dc channel): 0.0007 (0.0006)  L1 (Dn channel): 0.0008 (0.0009)  IoU (P channel): 0.3618 (0.3488)  lr: 0.000663  iter-time: 0.9224
[16:48:31.875357] Epoch: [35]  [280/491]  eta: 0:03:19  loss: 0.0587 (0.0597)  IoU (F channel): 0.4503 (0.4743)  L1 (Dc channel): 0.0006 (0.0006)  L1 (Dn channel): 0.0007 (0.0008)  IoU (P channel): 0.3618 (0.3482)  lr: 0.000663  iter-time: 0.9165
[16:48:41.264415] Epoch: [35]  [290/491]  eta: 0:03:10  loss: 0.0521 (0.0595)  IoU (F channel): 0.4503 (0.4741)  L1 (Dc channel): 0.0005 (0.0006)  L1 (Dn channel): 0.0006 (0.0008)  IoU (P channel): 0.3420 (0.3480)  lr: 0.000662  iter-time: 0.9287
[16:48:50.624216] Epoch: [35]  [300/491]  eta: 0:03:00  loss: 0.0521 (0.0593)  IoU (F channel): 0.4591 (0.4731)  L1 (Dc channel): 0.0005 (0.0006)  L1 (Dn channel): 0.0007 (0.0008)  IoU (P channel): 0.3437 (0.3479)  lr: 0.000661  iter-time: 0.9373
[16:48:59.883761] Epoch: [35]  [310/491]  eta: 0:02:51  loss: 0.0467 (0.0589)  IoU (F channel): 0.4603 (0.4731)  L1 (Dc channel): 0.0005 (0.0006)  L1 (Dn channel): 0.0007 (0.0008)  IoU (P channel): 0.3320 (0.3471)  lr: 0.000660  iter-time: 0.9309
[16:49:09.201198] Epoch: [35]  [320/491]  eta: 0:02:41  loss: 0.0463 (0.0589)  IoU (F channel): 0.4704 (0.4727)  L1 (Dc channel): 0.0005 (0.0006)  L1 (Dn channel): 0.0007 (0.0008)  IoU (P channel): 0.3445 (0.3477)  lr: 0.000660  iter-time: 0.9288
[16:49:18.445976] Epoch: [35]  [330/491]  eta: 0:02:31  loss: 0.0656 (0.0590)  IoU (F channel): 0.4711 (0.4732)  L1 (Dc channel): 0.0006 (0.0006)  L1 (Dn channel): 0.0008 (0.0008)  IoU (P channel): 0.3560 (0.3479)  lr: 0.000659  iter-time: 0.9280
[16:49:27.664458] Epoch: [35]  [340/491]  eta: 0:02:22  loss: 0.0622 (0.0591)  IoU (F channel): 0.4716 (0.4737)  L1 (Dc channel): 0.0006 (0.0006)  L1 (Dn channel): 0.0008 (0.0008)  IoU (P channel): 0.3504 (0.3479)  lr: 0.000658  iter-time: 0.9230
[16:49:36.890004] Epoch: [35]  [350/491]  eta: 0:02:12  loss: 0.0453 (0.0588)  IoU (F channel): 0.4876 (0.4745)  L1 (Dc channel): 0.0005 (0.0006)  L1 (Dn channel): 0.0007 (0.0008)  IoU (P channel): 0.3312 (0.3475)  lr: 0.000657  iter-time: 0.9221
[16:49:46.090698] Epoch: [35]  [360/491]  eta: 0:02:03  loss: 0.0453 (0.0587)  IoU (F channel): 0.5008 (0.4743)  L1 (Dc channel): 0.0005 (0.0006)  L1 (Dn channel): 0.0006 (0.0008)  IoU (P channel): 0.3367 (0.3471)  lr: 0.000657  iter-time: 0.9212
[16:49:55.475078] Epoch: [35]  [370/491]  eta: 0:01:53  loss: 0.0511 (0.0586)  IoU (F channel): 0.4746 (0.4746)  L1 (Dc channel): 0.0006 (0.0006)  L1 (Dn channel): 0.0008 (0.0008)  IoU (P channel): 0.3299 (0.3474)  lr: 0.000656  iter-time: 0.9292
[16:50:04.771740] Epoch: [35]  [380/491]  eta: 0:01:44  loss: 0.0511 (0.0583)  IoU (F channel): 0.4727 (0.4745)  L1 (Dc channel): 0.0005 (0.0006)  L1 (Dn channel): 0.0007 (0.0008)  IoU (P channel): 0.3346 (0.3473)  lr: 0.000655  iter-time: 0.9339
[16:50:13.996532] Epoch: [35]  [390/491]  eta: 0:01:35  loss: 0.0493 (0.0582)  IoU (F channel): 0.4634 (0.4751)  L1 (Dc channel): 0.0005 (0.0006)  L1 (Dn channel): 0.0007 (0.0008)  IoU (P channel): 0.3432 (0.3477)  lr: 0.000655  iter-time: 0.9260
[16:50:23.196482] Epoch: [35]  [400/491]  eta: 0:01:25  loss: 0.0562 (0.0582)  IoU (F channel): 0.4709 (0.4748)  L1 (Dc channel): 0.0005 (0.0006)  L1 (Dn channel): 0.0007 (0.0008)  IoU (P channel): 0.3363 (0.3471)  lr: 0.000654  iter-time: 0.9211
[16:50:32.548249] Epoch: [35]  [410/491]  eta: 0:01:16  loss: 0.0430 (0.0578)  IoU (F channel): 0.4813 (0.4751)  L1 (Dc channel): 0.0005 (0.0006)  L1 (Dn channel): 0.0007 (0.0008)  IoU (P channel): 0.3253 (0.3468)  lr: 0.000653  iter-time: 0.9275
[16:50:41.739776] Epoch: [35]  [420/491]  eta: 0:01:06  loss: 0.0430 (0.0582)  IoU (F channel): 0.5122 (0.4764)  L1 (Dc channel): 0.0005 (0.0006)  L1 (Dn channel): 0.0007 (0.0008)  IoU (P channel): 0.3582 (0.3473)  lr: 0.000652  iter-time: 0.9270
[16:50:51.157178] Epoch: [35]  [430/491]  eta: 0:00:57  loss: 0.0615 (0.0582)  IoU (F channel): 0.4821 (0.4757)  L1 (Dc channel): 0.0005 (0.0006)  L1 (Dn channel): 0.0008 (0.0008)  IoU (P channel): 0.3488 (0.3474)  lr: 0.000652  iter-time: 0.9303
[16:51:00.390141] Epoch: [35]  [440/491]  eta: 0:00:47  loss: 0.0530 (0.0582)  IoU (F channel): 0.4848 (0.4767)  L1 (Dc channel): 0.0004 (0.0006)  L1 (Dn channel): 0.0007 (0.0008)  IoU (P channel): 0.3437 (0.3475)  lr: 0.000651  iter-time: 0.9324
[16:51:09.535309] Epoch: [35]  [450/491]  eta: 0:00:38  loss: 0.0528 (0.0582)  IoU (F channel): 0.5179 (0.4774)  L1 (Dc channel): 0.0004 (0.0006)  L1 (Dn channel): 0.0007 (0.0008)  IoU (P channel): 0.3437 (0.3477)  lr: 0.000650  iter-time: 0.9188
[16:51:18.820704] Epoch: [35]  [460/491]  eta: 0:00:29  loss: 0.0512 (0.0583)  IoU (F channel): 0.4471 (0.4772)  L1 (Dc channel): 0.0004 (0.0006)  L1 (Dn channel): 0.0007 (0.0008)  IoU (P channel): 0.3366 (0.3479)  lr: 0.000649  iter-time: 0.9214
[16:51:28.138228] Epoch: [35]  [470/491]  eta: 0:00:19  loss: 0.0492 (0.0582)  IoU (F channel): 0.4707 (0.4783)  L1 (Dc channel): 0.0004 (0.0006)  L1 (Dn channel): 0.0007 (0.0008)  IoU (P channel): 0.3672 (0.3482)  lr: 0.000649  iter-time: 0.9300
[16:51:37.365490] Epoch: [35]  [480/491]  eta: 0:00:10  loss: 0.0594 (0.0583)  IoU (F channel): 0.4975 (0.4785)  L1 (Dc channel): 0.0005 (0.0006)  L1 (Dn channel): 0.0007 (0.0008)  IoU (P channel): 0.3701 (0.3487)  lr: 0.000648  iter-time: 0.9271
[16:51:46.019682] Epoch: [35]  [490/491]  eta: 0:00:00  loss: 0.0617 (0.0585)  IoU (F channel): 0.4542 (0.4779)  L1 (Dc channel): 0.0005 (0.0006)  L1 (Dn channel): 0.0007 (0.0008)  IoU (P channel): 0.3631 (0.3484)  lr: 0.000647  iter-time: 0.8940
[16:51:46.019793] Epoch: [35] Total time: 0:07:40 (0.9370 s / it)
[16:51:46.019820] [Train] averaged stats: loss: 0.0617 (0.0585)  IoU (F channel): 0.4542 (0.4779)  L1 (Dc channel): 0.0005 (0.0006)  L1 (Dn channel): 0.0007 (0.0008)  IoU (P channel): 0.3631 (0.3484)  lr: 0.000647
[16:51:52.423419] Epoch: [35]  [ 0/27]  eta: 0:02:52  loss: 0.0126 (0.0126)  IoU (F channel): 0.0000 (0.0000)  L1 (Dc channel): 0.0004 (0.0004)  L1 (Dn channel): 0.0002 (0.0002)  IoU (P channel): 0.0000 (0.0000)  iter-time: 6.4026
[16:51:59.094971] Epoch: [35]  [10/27]  eta: 0:00:20  loss: 0.1652 (0.2762)  IoU (F channel): 0.4674 (0.3224)  L1 (Dc channel): 0.0005 (0.0006)  L1 (Dn channel): 0.0003 (0.0009)  IoU (P channel): 0.2941 (0.2284)  iter-time: 1.1885
[16:52:05.895688] Epoch: [35]  [20/27]  eta: 0:00:06  loss: 0.1189 (0.2298)  IoU (F channel): 0.4364 (0.3464)  L1 (Dc channel): 0.0005 (0.0006)  L1 (Dn channel): 0.0003 (0.0008)  IoU (P channel): 0.2941 (0.2484)  iter-time: 0.6736
[16:52:07.423450] Epoch: [35]  [26/27]  eta: 0:00:00  loss: 0.0969 (0.2273)  IoU (F channel): 0.4364 (0.3605)  L1 (Dc channel): 0.0005 (0.0006)  L1 (Dn channel): 0.0005 (0.0008)  IoU (P channel): 0.3195 (0.2590)  iter-time: 0.6004
[16:52:07.423548] Epoch: [35] Total time: 0:00:21 (0.7927 s / it)
[16:52:07.423569] [Val] averaged stats: loss: 0.0969 (0.2273)  IoU (F channel): 0.4364 (0.3605)  L1 (Dc channel): 0.0005 (0.0006)  L1 (Dn channel): 0.0005 (0.0008)  IoU (P channel): 0.3195 (0.2590)
[16:52:07.423749] [Val] best loss: 0.1590 best  IoU (F channel): 0.2385 L1 (Dc channel): 0.0011 L1 (Dn channel): 0.0012 IoU (P channel): 0.1855 
[16:52:07.434661] Creating training plots . . .
EarlyStopping counter: 10 out of 10
[16:52:13.927636] Early stopping
[16:52:13.927671] Training time: 4:46:19
[16:52:13.927714] Train loss: 0.05845864602723092
[16:52:13.927725] Train IoU (F channel): 0.4779049652778447
[16:52:13.927730] Train L1 (Dc channel): 0.0005758302451939799
[16:52:13.927735] Train L1 (Dn channel): 0.0008417497781831335
[16:52:13.927740] Train IoU (P channel): 0.34843632375514194
[16:52:13.927745] Validation loss: 0.15897361258113826
[16:52:13.927750] Validation IoU (F channel): 0.23854655027389526
[16:52:13.927755] Validation L1 (Dc channel): 0.001096413703635335
[16:52:13.927760] Validation L1 (Dn channel): 0.001198320183902979
[16:52:13.927765] Validation IoU (P channel): 0.1854810118675232
[16:52:13.927770] 
[16:52:13.927775] Finished Training
[16:52:13.932069] Loading checkpoint from file metrics/biapy/biapy-channel-scale-zarr-seunet/checkpoints/biapy-channel-scale-zarr-seunet_0-checkpoint-best.pth
[16:52:14.090955] Model weights loaded!
[16:52:14.123537] Normalization used in when creating BMZ data: {'type': 'zero_mean_unit_variance', 'percentile_clip': False, 'orig_dtype': 'float32', 'out_dtype': 'float32', 'per_channel_info': {'0': {'mean': 0.0, 'std': 0.0}, '1': {'mean': 4.8933820724487305, 'std': 0.9863380193710327}, '2': {'mean': 1.0, 'std': 0.0}}}
[16:52:14.144941] Releasing memory . . .
