SBATCH Run: biapy-channel-scale-zarr-unetr.yaml, mode: train, job-name: biapy-channel-scale-zarr-unetr, run-id: 0
SLURM_CPUS_PER_TASK=16
running BiaPy/run_biapy-py.py
Patched BiaPy create_instance_channels: float32 channels + full-volume Zarr v2 GT export
Mode overrides (train): TRAIN.ENABLE=True, TEST.ENABLE=False, MODEL.LOAD_CHECKPOINT=False
CPU overrides: SYSTEM.NUM_CPUS=16, SYSTEM.NUM_WORKERS=16
Date     : 2026-08-19 18:04:52
Arguments: Namespace(config={'SYSTEM': {'NUM_CPUS': 16, 'NUM_WORKERS': -1}, 'PROBLEM': {'TYPE': 'INSTANCE_SEG', 'NDIM': '3D', 'INSTANCE_SEG': {'DATA_CHANNELS': ['F', 'Dc', 'Dn', 'P'], 'DATA_CHANNELS_EXTRA_OPTS': [{'P': {'type': 'skeleton', 'dilation': 2}, 'Dc': {'type': 'skeleton', 'mask_values': False}, 'Dn': {'mask_values': False, 'decline_power': 2}}], 'DATA_CHANNEL_WEIGHTS': '(1.0, 3.0, 3.0, 2.0)', 'WATERSHED': {'SEED_CHANNELS': ['P'], 'SEED_CHANNELS_THRESH': ['auto'], 'TOPOGRAPHIC_SURFACE_CHANNEL': 'F', 'GROWTH_MASK_CHANNELS': ['F'], 'GROWTH_MASK_CHANNELS_THRESH': ['auto'], 'DATA_CHECK_MW': True}}}, 'DATA': {'PATCH_SIZE': '(160, 160, 160, 3)', 'TRAIN': {'PATH': 'fisbe/biapy-channel-scale-zarr/train/raw', 'GT_PATH': 'fisbe/biapy-channel-scale-zarr/train/label', 'INPUT_IMG_AXES_ORDER': 'ZYXC', 'INPUT_MASK_AXES_ORDER': 'ZYXC', 'IN_MEMORY': False}, 'VAL': {'PATH': 'fisbe/biapy-no-aug-zarr/val/raw', 'GT_PATH': 'fisbe/biapy-no-aug-zarr/val/label', 'FROM_TRAIN': False, 'INPUT_IMG_AXES_ORDER': 'ZYXC', 'INPUT_MASK_AXES_ORDER': 'ZYXC', 'IN_MEMORY': False}, 'TEST': {'PATH': 'fisbe/biapy-no-aug-zarr/test/raw', 'GT_PATH': 'fisbe/biapy-no-aug-zarr/test/label', 'INPUT_IMG_AXES_ORDER': 'ZYXC', 'INPUT_MASK_AXES_ORDER': 'ZYXC', 'IN_MEMORY': False, 'LOAD_GT': True, 'PADDING': '(4,16,16)'}}, 'AUGMENTOR': {'ENABLE': False, 'RANDOM_ROT': False, 'VFLIP': False, 'HFLIP': False, 'ZFLIP': False}, 'MODEL': {'ARCHITECTURE': 'unetr', 'LOAD_CHECKPOINT': False}, 'TRAIN': {'ENABLE': True, 'OPTIMIZER': 'ADAMW', 'LR': 0.001, 'BATCH_SIZE': 17, 'EPOCHS': 60, 'PATIENCE': 10, 'LR_SCHEDULER': {'NAME': 'onecycle'}}, 'TEST': {'ENABLE': False, 'AUGMENTATION': False, 'FULL_IMG': False, 'BY_CHUNKS': {'ENABLE': True, 'FORMAT': 'zarr', 'SAVE_OUT_TIF': True, 'INPUT_IMG_AXES_ORDER': 'ZYXC', 'WORKFLOW_PROCESS': {'ENABLE': True, 'TYPE': 'entire_pred'}}, 'POST_PROCESSING': {'INSTANCE_REFINEMENT': {'ENABLE': True, 'OPERATIONS': ['remove_small_objects'], 'VALUES': [1000]}}}}, result_dir='metrics/biapy', name='biapy-channel-scale-zarr-unetr', run_id='0', gpu='0', world_size=1, local_rank=-1, dist_on_itp=False, dist_url='env://', dist_backend='nccl')
Job      : biapy-channel-scale-zarr-unetr_0
BiaPy    : 3.7.0
Python   : 3.11.15 | packaged by conda-forge | (main, Jun 11 2026, 03:34:02) [GCC 14.3.0]
PyTorch  : 2.12.1+cu130
The following changes were made in order to adapt the input configuration:
Not using distributed mode
[18:04:52.520468] **** Using GPU: 'cuda' for training
[18:04:52.639707] CPU budget(total)=16 | per_rank=16 | main_threads=4 | num_workers(per_rank)=8 | world_size=1
[18:04:52.679489] Configuration details:
[18:04:52.679508] AUGMENTOR:
  AFFINE_MODE: reflect
  AUG_NUM_SAMPLES: 10
  AUG_SAMPLES: True
  BRIGHTNESS: False
  BRIGHTNESS_FACTOR: (-0.1, 0.1)
  BRIGHTNESS_PROB: 0.5
  CBLUR_DOWN_RANGE: (2, 8)
  CBLUR_INSIDE: True
  CBLUR_SIZE: (0.2, 0.4)
  CHANNEL_SHUFFLE: False
  CHANNEL_SHUFFLE_PROB: 0.5
  CMIX_SIZE: (0.2, 0.4)
  CNOISE_NB_ITERATIONS: (1, 3)
  CNOISE_SCALE: (0.05, 0.1)
  CNOISE_SIZE: (0.2, 0.4)
  CONTRAST: False
  CONTRAST_FACTOR: (-0.1, 0.1)
  CONTRAST_PROB: 0.5
  COUT_APPLY_TO_MASK: False
  COUT_CVAL: 0.0
  COUT_NB_ITERATIONS: (1, 3)
  COUT_SIZE: (0.05, 0.3)
  CUTBLUR: False
  CUTBLUR_PROB: 0.5
  CUTMIX: False
  CUTMIX_PROB: 0.5
  CUTNOISE: False
  CUTNOISE_PROB: 0.5
  CUTOUT: False
  CUTOUT_PROB: 0.5
  DRAW_GRID: True
  DROPOUT: False
  DROPOUT_PROB: 0.5
  DROP_RANGE: (0, 0.2)
  ELASTIC: False
  ELASTIC_PROB: 0.5
  ENABLE: False
  E_ALPHA: (12, 16)
  E_MODE: constant
  E_SIGMA: 4
  GAMMA_CONTRAST: False
  GAMMA_CONTRAST_PROB: 0.5
  GAUSSIAN_NOISE: False
  GAUSSIAN_NOISE_MEAN: 0.0
  GAUSSIAN_NOISE_PROB: 0.5
  GAUSSIAN_NOISE_USE_INPUT_IMG_MEAN_AND_VAR: False
  GAUSSIAN_NOISE_VAR: 0.05
  GC_GAMMA: (1.25, 1.75)
  GRAYSCALE: False
  GRAYSCALE_PROB: 0.5
  GRIDMASK: False
  GRIDMASK_PROB: 0.5
  GRID_D_RANGE: (0.4, 1)
  GRID_INVERT: False
  GRID_RATIO: 0.6
  GRID_ROTATE: 1.0
  G_BLUR: False
  G_BLUR_PROB: 0.5
  G_SIGMA: (1.0, 2.0)
  HFLIP: False
  HFLIP_PROB: 0.5
  MB_KERNEL: (3, 7)
  MEDIAN_BLUR: False
  MEDIAN_BLUR_PROB: 0.5
  MISALIGNMENT: False
  MISALIGNMENT_PROB: 0.5
  MISSING_SECTIONS: False
  MISSING_SECTIONS_PROB: 0.5
  MISSP_CHANNEL_PB: 0.5
  MISSP_ITERATIONS: (10, 30)
  MOTB_K_RANGE: (8, 12)
  MOTION_BLUR: False
  MOTION_BLUR_PROB: 0.5
  MS_DISPLACEMENT: 16
  MS_ROTATE_RATIO: 0.5
  PEPPER: False
  PEPPER_AMOUNT: 0.05
  PEPPER_PROB: 0.5
  POISSON_NOISE: False
  POISSON_NOISE_PROB: 0.5
  RANDOM_ROT: False
  RANDOM_ROT_PROB: 0.5
  RANDOM_ROT_RANGE: (-180, 180)
  ROT90: False
  ROT90_PROB: 0.5
  SALT: False
  SALT_AMOUNT: 0.05
  SALT_AND_PEPPER: False
  SALT_AND_PEPPER_AMOUNT: 0.05
  SALT_AND_PEPPER_PROB: 0.5
  SALT_AND_PEPPER_PROP: 0.5
  SALT_PROB: 0.5
  SHEAR: False
  SHEAR_PROB: 0.5
  SHEAR_RANGE: (-20, 20)
  SHIFT: False
  SHIFT_PROB: 0.5
  SHIFT_RANGE: (0.1, 0.2)
  SHUFFLE_TRAIN_DATA_EACH_EPOCH: True
  SHUFFLE_VAL_DATA_EACH_EPOCH: False
  VFLIP: False
  VFLIP_PROB: 0.5
  ZFLIP: False
  ZFLIP_PROB: 0.5
  ZOOM: False
  ZOOM_IN_Z: False
  ZOOM_PROB: 0.5
  ZOOM_RANGE: (0.5, 1.5)
DATA:
  CHECK_GENERATORS: False
  FILTER_BY_IMAGE: False
  FORCE_RGB: False
  NORMALIZATION:
    PERC_CLIP:
      ENABLE: False
      LOWER_PERC: -1.0
      LOWER_VALUE: [-1.0]
      UPPER_PERC: -1.0
      UPPER_VALUE: [-1.0]
    TYPE: zero_mean_unit_variance
    ZERO_MEAN_UNIT_VAR:
      MEAN_VAL: [-1.0]
      STD_VAL: [-1.0]
  N_CLASSES: 2
  PATCH_SIZE: (160, 160, 160, 3)
  PREPROCESS:
    CANNY:
      ENABLE: False
      HIGH_THRESHOLD: None
      LOW_THRESHOLD: None
    CLAHE:
      CLIP_LIMIT: 0.01
      ENABLE: False
      KERNEL_SIZE: None
    GAUSSIAN_BLUR:
      CHANNEL_AXIS: None
      ENABLE: False
      MODE: nearest
      SIGMA: 1
    MATCH_HISTOGRAM:
      ENABLE: False
      REFERENCE_PATH: user_data/test/x
    MEDIAN_BLUR:
      ENABLE: False
      KERNEL_SIZE: (3, 3, 1)
    RESIZE:
      ANTI_ALIASING: False
      CLIP: True
      CVAL: 0.0
      ENABLE: False
      MODE: reflect
      ORDER: 1
      OUTPUT_SHAPE: (512, 512)
      PRESERVE_RANGE: True
    TEST: False
    TRAIN: False
    VAL: False
    ZOOM:
      ENABLE: False
      ZOOM_FACTOR: [1, 1, 1, 1, 1]
  REFLECT_TO_COMPLETE_SHAPE: True
  SAVE_FILTERED_IMAGES: False
  SAVE_FILTERED_IMAGES_NUM: 3
  TEST:
    BINARY_MASKS: fisbe/biapy-no-aug-zarr/test/raw/../bin_mask
    CHECK_DATA: True
    DETECTION_MASK_DIR: fisbe/biapy-no-aug-zarr/test/label_detection_masks_2
    FILTER_SAMPLES:
      ENABLE: False
      NORM_BEFORE: False
      PROPS: []
      SIGNS: []
      VALUES: []
    GT_PATH: fisbe/biapy-no-aug-zarr/test/label
    INPUT_IMG_AXES_ORDER: ZYXC
    INPUT_MASK_AXES_ORDER: ZYXC
    INPUT_ZARR_MULTIPLE_DATA: False
    INPUT_ZARR_MULTIPLE_DATA_GT_PATH: 
    INPUT_ZARR_MULTIPLE_DATA_ID_PATH: annotations.ids
    INPUT_ZARR_MULTIPLE_DATA_LOCATIONS_PATH: annotations.locations
    INPUT_ZARR_MULTIPLE_DATA_PARTNERS_PATH: annotations.presynaptic_site.partners
    INPUT_ZARR_MULTIPLE_DATA_RAW_PATH: 
    INPUT_ZARR_MULTIPLE_DATA_RESOLUTION_PATH: volumes.raw
    INSTANCE_CHANNELS_MASK_DIR: fisbe/biapy-no-aug-zarr/test/label_F.erosion-0.dilation-0_Dc.type-skeleton.norm-True.mask_values-False_Dn.closing_size-3.norm-True.mask_values-False.decline_power-2_P.type-skeleton.dilation-2.erosion-0
    IN_MEMORY: False
    LOAD_GT: True
    MEDIAN_PADDING: False
    OVERLAP: (0, 0, 0)
    PADDING: (4, 16, 16)
    PATH: fisbe/biapy-no-aug-zarr/test/raw
    RESOLUTION: (1, 1, 1)
    SSL_SOURCE_DIR: fisbe/biapy-no-aug-zarr/test/raw_ssl_source
    USE_VAL_AS_TEST: False
  TRAIN:
    CHECK_DATA: True
    DETECTION_MASK_DIR: fisbe/biapy-channel-scale-zarr/train/label_detection_masks_2
    EXTRACT_RANDOM_PATCH: False
    FILTER_SAMPLES:
      ENABLE: False
      NORM_BEFORE: False
      PROPS: []
      SIGNS: []
      VALUES: []
    GT_PATH: fisbe/biapy-channel-scale-zarr/train/label
    INPUT_IMG_AXES_ORDER: ZYXC
    INPUT_MASK_AXES_ORDER: ZYXC
    INPUT_ZARR_MULTIPLE_DATA: False
    INPUT_ZARR_MULTIPLE_DATA_GT_PATH: 
    INPUT_ZARR_MULTIPLE_DATA_ID_PATH: annotations.ids
    INPUT_ZARR_MULTIPLE_DATA_LOCATIONS_PATH: annotations.locations
    INPUT_ZARR_MULTIPLE_DATA_PARTNERS_PATH: annotations.presynaptic_site.partners
    INPUT_ZARR_MULTIPLE_DATA_RAW_PATH: 
    INPUT_ZARR_MULTIPLE_DATA_RESOLUTION_PATH: volumes.raw
    INSTANCE_CHANNELS_MASK_DIR: fisbe/biapy-channel-scale-zarr/train/label_F.erosion-0.dilation-0_Dc.type-skeleton.norm-True.mask_values-False_Dn.closing_size-3.norm-True.mask_values-False.decline_power-2_P.type-skeleton.dilation-2.erosion-0
    IN_MEMORY: False
    OVERLAP: (0, 0, 0)
    PADDING: (0, 0, 0)
    PATH: fisbe/biapy-channel-scale-zarr/train/raw
    PROBABILITY_MAP: False
    REPLICATE: 0
    RESOLUTION: (1, 1, 1)
    SSL_SOURCE_DIR: fisbe/biapy-channel-scale-zarr/train/raw_ssl_source
    W_BACKGROUND: 0.06
    W_FOREGROUND: 0.94
  VAL:
    CROSS_VAL: False
    CROSS_VAL_FOLD: 1
    CROSS_VAL_NFOLD: 5
    DETECTION_MASK_DIR: fisbe/biapy-no-aug-zarr/val/label_detection_masks_2
    DIST_EVAL: True
    FILTER_SAMPLES:
      ENABLE: False
      NORM_BEFORE: False
      PROPS: []
      SIGNS: []
      VALUES: []
    FROM_TRAIN: False
    GT_PATH: fisbe/biapy-no-aug-zarr/val/label
    INPUT_IMG_AXES_ORDER: ZYXC
    INPUT_MASK_AXES_ORDER: ZYXC
    INPUT_ZARR_MULTIPLE_DATA: False
    INPUT_ZARR_MULTIPLE_DATA_GT_PATH: 
    INPUT_ZARR_MULTIPLE_DATA_ID_PATH: annotations.ids
    INPUT_ZARR_MULTIPLE_DATA_LOCATIONS_PATH: annotations.locations
    INPUT_ZARR_MULTIPLE_DATA_PARTNERS_PATH: annotations.presynaptic_site.partners
    INPUT_ZARR_MULTIPLE_DATA_RAW_PATH: 
    INPUT_ZARR_MULTIPLE_DATA_RESOLUTION_PATH: volumes.raw
    INSTANCE_CHANNELS_MASK_DIR: fisbe/biapy-no-aug-zarr/val/label_F.erosion-0.dilation-0_Dc.type-skeleton.norm-True.mask_values-False_Dn.closing_size-3.norm-True.mask_values-False.decline_power-2_P.type-skeleton.dilation-2.erosion-0
    IN_MEMORY: False
    OVERLAP: (0, 0, 0)
    PADDING: (0, 0, 0)
    PATH: fisbe/biapy-no-aug-zarr/val/raw
    RANDOM: True
    RESOLUTION: (1, 1, 1)
    SPLIT_TRAIN: 0.1
    SSL_SOURCE_DIR: fisbe/biapy-no-aug-zarr/val/raw_ssl_source
LOG:
  CHART_CREATION_FREQ: 5
  LOG_DIR: metrics/biapy/biapy-channel-scale-zarr-unetr/logs
  LOG_FILE_PREFIX: biapy-channel-scale-zarr-unetr_0
  TENSORBOARD_LOG_DIR: metrics/biapy/biapy-channel-scale-zarr-unetr/results/biapy-channel-scale-zarr-unetr_0/tensorboard
LOSS:
  CLASS_REBALANCE: none
  CLASS_WEIGHTS: []
  CONTRAST:
    ENABLE: False
    MEMORY_SIZE: 5000
    PIXEL_UPD_FREQ: 10
    PROJ_DIM: 256
  CYCLEGAN:
    ALPHA_PERCEPTUAL: 0.0
    DELTA_MSE: 0.0
    GAMMA_SSIM: 1.0
    LAMBDA_GAN: 1.0
    LAMBDA_RECON: 10.0
  IGNORE_INDEX: -1
  TYPE: 
  WEIGHTS: [1.0, 1.0]
MODEL:
  ACTIVATION: elu
  ARCHITECTURE: unetr
  BMZ:
    EXPORT:
      AUTHORS: []
      CITE: []
      DATASET_INFO: [{}]
      DESCRIPTION: 
      DOCUMENTATION: 
      ENABLE: False
      LICENSE: CC-BY-4.0
      MODEL_NAME: 
      MODEL_VERSION: 0.1.0
      REUSE_BMZ_CONFIG: False
      TAGS: []
    SOURCE_MODEL_ID: 
  CONVNEXT_LAYER_SCALE: 1e-06
  CONVNEXT_SD_PROB: 0.1
  CONVNEXT_STEM_K_SIZE: 2
  CONV_BLOCK_ORDER: conv_norm_act
  CONV_LAYERS: [2, 2, 2, 2, 2]
  DROPOUT_VALUES: [0.0]
  FEATURE_MAPS: [16, 32, 64, 128, 256]
  FREEZE_LAYERS_MATCHING: []
  HRNET:
    BLOCK_TYPE: BASIC
    HEAD_TYPE: FCN
    NUM_BLOCKS: [[4, 4], [4, 4, 4], [4, 4, 4, 4]]
    NUM_BRANCHES: [2, 3, 4]
    NUM_CHANNELS: [[18, 36], [18, 36, 72], [18, 36, 72, 144]]
    NUM_MODULES: [1, 4, 3]
    NUM_STAGES: 3
    VARIANT: W48
    YX_DOWN: [0, 0, 0]
    Z_DOWN: [0, 0, 0]
  ISOTROPY: [True, True, True, True, True]
  ITEMS_TO_LOAD_FROM_CHECKPOINT: ['weights', 'norm', 'model_arch']
  KERNEL_SIZE: 3
  LARGER_IO: False
  LOAD_CHECKPOINT: False
  LOAD_CHECKPOINT_EPOCH: best_on_val
  MAE_DEC_HIDDEN_SIZE: 512
  MAE_DEC_MLP_DIMS: 2048
  MAE_DEC_NUM_HEADS: 16
  MAE_DEC_NUM_LAYERS: 8
  MAE_MASK_RATIO: 0.5
  MAE_MASK_TYPE: grid
  NAFNET:
    ARCHITECTURE_D: patchgan
    DEC_BLK_NUMS: [2, 2, 2, 2]
    DW_EXPAND: 2
    ENC_BLK_NUMS: [2, 2, 4, 8]
    FFN_EXPAND: 2
    MIDDLE_BLK_NUM: 12
    PATCHGAN:
      BASE_FILTERS: 64
    WIDTH: 16
  NORMALIZATION: in
  OUT_CHECKPOINT_FORMAT: pth
  RCAN_CONV_FILTERS: 16
  RCAN_RCAB_BLOCK_NUM: 20
  RCAN_REDUCTION_RATIO: 16
  RCAN_RG_BLOCK_NUM: 10
  RCAN_UPSCALING_LAYER: True
  SAVE_CKPT_FREQ: -1
  SKIP_UNMATCHED_LAYERS: False
  SOURCE: biapy
  STUNET:
    PRETRAINED: False
    VARIANT: base
  TORCHVISION_MODEL_NAME: 
  UNETR_VIT_HIDD_MULT: -1
  UNETR_VIT_MODEL: custom
  UNETR_VIT_NUM_FILTERS: 16
  UNET_SR_UPSAMPLE_POSITION: pre
  UPSAMPLE_LAYER: convtranspose
  VIT_EMBED_DIM: 768
  VIT_MLP_RATIO: 4.0
  VIT_MODEL: custom
  VIT_NORM_EPS: 1e-06
  VIT_NUM_HEADS: 12
  VIT_NUM_LAYERS: 12
  VIT_PRETRAINED_WEIGHTS: 
  VIT_TOKEN_SIZE: 16
  YX_DOWN: [2, 2, 2, 2]
  Z_DOWN: [2, 2, 2, 2]
PATHS:
  BMZ_EXPORT_PATH: metrics/biapy/biapy-channel-scale-zarr-unetr/results/biapy-channel-scale-zarr-unetr_0/BMZ_files
  CHARTS: metrics/biapy/biapy-channel-scale-zarr-unetr/results/biapy-channel-scale-zarr-unetr_0/charts
  CHECKPOINT: metrics/biapy/biapy-channel-scale-zarr-unetr/checkpoints
  CHECKPOINT_FILE: 
  DA_SAMPLES: metrics/biapy/biapy-channel-scale-zarr-unetr/results/biapy-channel-scale-zarr-unetr_0/aug
  FIL_SAMPLES_DIR: metrics/biapy/biapy-channel-scale-zarr-unetr/results/biapy-channel-scale-zarr-unetr_0/filtering_information
  GEN_CHECKS: metrics/biapy/biapy-channel-scale-zarr-unetr/results/biapy-channel-scale-zarr-unetr_0/gen_check
  GEN_MASK_CHECKS: metrics/biapy/biapy-channel-scale-zarr-unetr/results/biapy-channel-scale-zarr-unetr_0/gen_mask_check
  MAE_OUT_DIR: metrics/biapy/biapy-channel-scale-zarr-unetr/results/biapy-channel-scale-zarr-unetr_0/MAE_checks
  PROB_MAP_DIR: metrics/biapy/biapy-channel-scale-zarr-unetr/prob_map
  PROB_MAP_FILENAME: prob_map.npy
  PROFILER: metrics/biapy/biapy-channel-scale-zarr-unetr/results/biapy-channel-scale-zarr-unetr_0/profiler
  RESULT_DIR:
    AS_3D_STACK: metrics/biapy/biapy-channel-scale-zarr-unetr/results/biapy-channel-scale-zarr-unetr_0/as_3d_stack
    AS_3D_STACK_BIN: metrics/biapy/biapy-channel-scale-zarr-unetr/results/biapy-channel-scale-zarr-unetr_0/as_3d_stack_binarized
    AS_3D_STACK_POST_PROCESSING: metrics/biapy/biapy-channel-scale-zarr-unetr/results/biapy-channel-scale-zarr-unetr_0/as_3d_stack_post_processing
    DET_ASSOC_POINTS: metrics/biapy/biapy-channel-scale-zarr-unetr/results/biapy-channel-scale-zarr-unetr_0/point_associations
    DET_LOCAL_MAX_COORDS_CHECK: metrics/biapy/biapy-channel-scale-zarr-unetr/results/biapy-channel-scale-zarr-unetr_0/per_image_local_max_check
    DET_LOCAL_MAX_COORDS_CHECK_POST_PROCESSING: metrics/biapy/biapy-channel-scale-zarr-unetr/results/biapy-channel-scale-zarr-unetr_0/per_image_local_max_check_post_processing
    FULL_IMAGE: metrics/biapy/biapy-channel-scale-zarr-unetr/results/biapy-channel-scale-zarr-unetr_0/full_image
    FULL_IMAGE_BIN: metrics/biapy/biapy-channel-scale-zarr-unetr/results/biapy-channel-scale-zarr-unetr_0/full_image_binarized
    FULL_IMAGE_INSTANCES: metrics/biapy/biapy-channel-scale-zarr-unetr/results/biapy-channel-scale-zarr-unetr_0/full_image_instances
    FULL_IMAGE_POST_PROCESSING: metrics/biapy/biapy-channel-scale-zarr-unetr/results/biapy-channel-scale-zarr-unetr_0/full_image_post_processing
    INST_ASSOC_POINTS: metrics/biapy/biapy-channel-scale-zarr-unetr/results/biapy-channel-scale-zarr-unetr_0/instance_associations
    PATH: metrics/biapy/biapy-channel-scale-zarr-unetr/results/biapy-channel-scale-zarr-unetr_0
    PER_IMAGE: metrics/biapy/biapy-channel-scale-zarr-unetr/results/biapy-channel-scale-zarr-unetr_0/per_image
    PER_IMAGE_BIN: metrics/biapy/biapy-channel-scale-zarr-unetr/results/biapy-channel-scale-zarr-unetr_0/per_image_binarized
    PER_IMAGE_INSTANCES: metrics/biapy/biapy-channel-scale-zarr-unetr/results/biapy-channel-scale-zarr-unetr_0/per_image_instances
    PER_IMAGE_POST_PROCESSING: metrics/biapy/biapy-channel-scale-zarr-unetr/results/biapy-channel-scale-zarr-unetr_0/per_image_post_processing
  TEST_FULL_GT_H5: fisbe/biapy-no-aug-zarr/test/label/h5
  TEST_INSTANCE_CHANNELS_CHECK: metrics/biapy/biapy-channel-scale-zarr-unetr/results/biapy-channel-scale-zarr-unetr_0/test_FDcDnP_instance_channels
  TRAIN_INSTANCE_CHANNELS_CHECK: metrics/biapy/biapy-channel-scale-zarr-unetr/results/biapy-channel-scale-zarr-unetr_0/train_FDcDnP_instance_channels
  VAL_INSTANCE_CHANNELS_CHECK: metrics/biapy/biapy-channel-scale-zarr-unetr/results/biapy-channel-scale-zarr-unetr_0/val_FDcDnP_instance_channels
  WATERSHED_DIR: metrics/biapy/biapy-channel-scale-zarr-unetr/results/biapy-channel-scale-zarr-unetr_0/watershed
PROBLEM:
  DENOISING:
    LOAD_GT_DATA: False
    N2V_MANIPULATOR: uniform_withCP
    N2V_NEIGHBORHOOD_RADIUS: 5
    N2V_PERC_PIX: 0.198
    N2V_STRUCTMASK: False
  DETECTION:
    CENTRAL_POINT_DILATION: [2]
    CHECK_POINTS_CREATED: True
    CLASS_REBALANCE_WITHIN_CHANNELS: True
    DATA_CHANNEL_WEIGHTS: (1, 1)
    DATA_CHECK_MW: False
    SEPARATED_DECODERS_DIVIDE_FEATURE_MAPS: False
    SEPARATED_DECODERS_PER_HEAD: False
  IMAGE_TO_IMAGE:
    CHANNELS_PER_HEAD_INFO: []
    MULTIPLE_RAW_ONE_TARGET_LOADER: False
    OUTPUT_CHANNELS: 1
    OUTPUT_CHANNEL_ACT: []
    SEPARATED_DECODERS_DIVIDE_FEATURE_MAPS: False
    SEPARATED_DECODERS_PER_HEAD: False
  INSTANCE_SEG:
    BORDER_EXTRA_WEIGHTS: 
    CELLPOSE:
      DIAMETER: 0.0
      DIAM_MEAN: 30.0
      FG_THRESH: 0.5
      FLOW_THRESHOLD: 0.4
      N_STEPS: 200
      SCALE_RANGE: 0.5
      TEST_DOUBLE_INFERENCE: True
    CHANNELS_PER_HEAD_INFO: []
    CLASS_REBALANCE_WITHIN_CHANNELS: True
    DATA_CHANNELS: ['F', 'Dc', 'Dn', 'P']
    DATA_CHANNELS_EXTRA_OPTS: [{'P': {'type': 'skeleton', 'dilation': 2, 'erosion': 0}, 'Dc': {'type': 'skeleton', 'norm': True, 'mask_values': False}, 'Dn': {'closing_size': 3, 'norm': True, 'mask_values': False, 'decline_power': 2}, 'F': {'erosion': 0, 'dilation': 0}}]
    DATA_CHANNELS_LOSSES: ['bce', 'l1', 'l1', 'bce']
    DATA_CHANNEL_WEIGHTS: (1.0, 3.0, 3.0, 2.0)
    EMBEDSEG:
      FG_THRESH: 0.5
      GRID_SIZE: -1
      MIN_MASK_SUM: 0
      MIN_UNCLUSTERED_SUM: 0
      SEED_THRESH: 0.9
    INSTANCE_CREATION_PROCESS: watershed
    OMNIPOSE:
      FLOW_THRESHOLD: 0.4
      MASK_THRESHOLD: 0.0
      NITER: 0
    SEPARATED_DECODERS_DIVIDE_FEATURE_MAPS: False
    SEPARATED_DECODERS_PER_HEAD: False
    STARDIST:
      GRID: []
      NMS_IOU_THRESH: 0.3
      PROB_THRESH: 0.4
    SYNAPSES:
      BLOB_LOG_MAX_SIGMA: 10
      BLOB_LOG_MIN_SIGMA: 5
      BLOB_LOG_NUM_SIGMA: 2
      EXCLUDE_BORDER: False
      MIN_TH_TO_BE_PEAK: 0.2
      PEAK_LOCAL_MAX_MIN_DISTANCE: 1
      POINT_CREATION_FUNCTION: peak_local_max
      REMOVE_CLOSE_POINTS_RADIUS_BY_MASK: False
      REMOVE_CLOSE_POST_POINTS_RADIUS: 0
      REMOVE_CLOSE_PRE_POINTS_RADIUS: 0
      TH_TYPE: auto
    TYPE: regular
    WATERSHED:
      BY_2D_SLICES: False
      DATA_CHECK_MW: True
      DATA_REMOVE_BEFORE_MW: False
      DATA_REMOVE_SMALL_OBJ_BEFORE: 10
      ERODE_AND_DILATE_GROWTH_MASK: False
      FORE_DILATION_RADIUS: 5
      FORE_EROSION_RADIUS: 5
      GROWTH_MASK_CHANNELS: ['F']
      GROWTH_MASK_CHANNELS_THRESH: ['auto']
      SEED_CHANNELS: ['P']
      SEED_CHANNELS_THRESH: ['auto']
      SEED_MORPH_RADIUS: []
      SEED_MORPH_SEQUENCE: []
      TOPOGRAPHIC_SURFACE_CHANNEL: F
  NDIM: 3D
  PRINT_OLD_KEY_CHANGES: True
  SELF_SUPERVISED:
    NOISE: 0.2
    PRETEXT_TASK: crappify
    RESIZING_FACTOR: 4
  SEMANTIC_SEG:
    IGNORE_CLASS_ID: 0
  SUPER_RESOLUTION:
    UPSCALING: (1, 1, 1)
  TYPE: INSTANCE_SEG
SYSTEM:
  DEVICE: cpu
  NUM_CPUS: 16
  NUM_GPUS: 1
  NUM_WORKERS: -1
  PIN_MEM: True
  SEED: 0
TEST:
  ANALIZE_2D_IMGS_AS_3D_STACK: False
  AUGMENTATION: False
  AUGMENTATION_GROUP: auto
  AUGMENTATION_MODE: mean
  BY_CHUNKS:
    ENABLE: True
    FLUSH_EACH: 100
    PHASES: ['prediction', 'instance_creation', 'instance_merging']
    SAVE_OUT_TIF: True
    WORKFLOW_PROCESS:
      ENABLE: True
      INSTANCE_SEG_HALO: -1
      INSTANCE_SEG_MERGE_IOU_TH: 0.3
      TYPE: entire_pred
    Z_END: -1
    Z_START: -1
  DET_BLOB_LOG_MAX_SIGMA: 10
  DET_BLOB_LOG_MIN_SIGMA: 5
  DET_BLOB_LOG_NUM_SIGMA: 2
  DET_EXCLUDE_BORDER: False
  DET_IGNORE_POINTS_OUTSIDE_BOX: []
  DET_MIN_TH_TO_BE_PEAK: 0.2
  DET_PEAK_LOCAL_MAX_MIN_DISTANCE: 1
  DET_POINT_CREATION_FUNCTION: peak_local_max
  DET_TH_TYPE: manual
  DET_TOLERANCE: 10
  ENABLE: False
  FULL_IMG: False
  MATCHING_STATS: True
  MATCHING_STATS_BY_IMAGE: True
  MATCHING_STATS_THS: [0.3, 0.5, 0.75]
  MATCHING_STATS_THS_COLORED_IMG: []
  METRICS: ['iou']
  METRICS_IN_CPU: False
  POST_PROCESSING:
    APPLY_MASK: False
    DET_WATERSHED: False
    DET_WATERSHED_DONUTS_CLASSES: [-1]
    DET_WATERSHED_DONUTS_NUCLEUS_DIAMETER: 30
    DET_WATERSHED_DONUTS_PATCH: [13, 120, 120]
    DET_WATERSHED_FIRST_DILATION: [-1, -1]
    INSTANCE_REFINEMENT:
      ENABLE: True
      OPERATIONS: ['remove_small_objects']
      VALUES: [1000]
    MEASURE_PROPERTIES:
      ENABLE: False
      EXTRA_PROPS: []
      REMOVE_BY_PROPERTIES:
        ENABLE: False
        PROPS: []
        SIGNS: []
        VALUES: []
    MEDIAN_FILTER: False
    MEDIAN_FILTER_AXIS: []
    MEDIAN_FILTER_SIZE: []
    REMOVE_CLOSE_POINTS: False
    REMOVE_CLOSE_POINTS_RADIUS: 0
    REPARE_LARGE_BLOBS_SIZE: -1
    VORONOI_ON_MASK: False
    VORONOI_TH: 0.0
  REDUCE_MEMORY: False
  REUSE_PREDICTIONS: False
  SAVE_MODEL_RAW_OUTPUT: True
  VERBOSE: True
TRAIN:
  BATCH_SIZE: 17
  CHECKPOINT_MONITOR: val_loss
  ENABLE: True
  EPOCHS: 60
  GRADIENT_CLIP_NORM: 0.0
  LR: [0.001]
  LR_SCHEDULER:
    MIN_LR: [-1.0]
    NAME: onecycle
    REDUCEONPLATEAU_FACTOR: 0.5
    REDUCEONPLATEAU_PATIENCE: -1
    WARMUP_COSINE_DECAY_EPOCHS: -1
  METRICS: ['iou']
  OPTIMIZER: ['ADAMW']
  OPT_BETAS: [[0.9, 0.999]]
  PATIENCE: 10
  VERBOSE: False
  W_DECAY: 0.02
[18:04:52.870337] *~~~~~~~~~~~~~~~~~~~~~~~~~~~~~~~~~~~~~~~~~~~~~~~~~~*
[18:04:52.870362] Initializing Instance_Segmentation_Workflow
[18:04:52.870369] *~~~~~~~~~~~~~~~~~~~~~~~~~~~~~~~~~~~~~~~~~~~~~~~~~~*

[18:04:53.175516] Creating normalization module . . .
[18:04:53.175558] Normalization module created with the following configuration:
[18:04:53.175567]   type: zero_mean_unit_variance
[18:04:53.175574]   target_type: mask
[18:04:53.175579]   out_dtype: float32
[18:04:53.175587]   norm_target: False
[18:04:53.175592]   percentile_clip: False
[18:04:53.175600]   per_lower_bound: -1.0
[18:04:53.175606]   per_upper_bound: -1.0
[18:04:53.175620]   lower_bound_val: [-1.0]
[18:04:53.175625]   upper_bound_val: [-1.0]
[18:04:53.175631]   mean: [-1.0]
[18:04:53.175637]   std: [-1.0]
[18:04:53.175667] ###########################
[18:04:53.175672] #  PREPARE INSTANCE DATA  #
[18:04:53.175678] ###########################
[18:04:53.178256] DATA.TRAIN.GT_PATH changed from fisbe/biapy-channel-scale-zarr/train/label to fisbe/biapy-channel-scale-zarr/train/label_F.erosion-0.dilation-0_Dc.type-skeleton.norm-True.mask_values-False_Dn.closing_size-3.norm-True.mask_values-False.decline_power-2_P.type-skeleton.dilation-2.erosion-0
[18:04:53.178269] DATA.VAL.GT_PATH changed from fisbe/biapy-no-aug-zarr/val/label to fisbe/biapy-no-aug-zarr/val/label_F.erosion-0.dilation-0_Dc.type-skeleton.norm-True.mask_values-False_Dn.closing_size-3.norm-True.mask_values-False.decline_power-2_P.type-skeleton.dilation-2.erosion-0
[18:04:53.178587] Training on PATH=fisbe/biapy-channel-scale-zarr/train/raw GT_PATH=fisbe/biapy-channel-scale-zarr/train/label_F.erosion-0.dilation-0_Dc.type-skeleton.norm-True.mask_values-False_Dn.closing_size-3.norm-True.mask_values-False.decline_power-2_P.type-skeleton.dilation-2.erosion-0
[18:04:53.178614] ##########################
[18:04:53.178621] #   LOAD TRAINING DATA   #
[18:04:53.178626] ##########################
[18:04:53.178694] ### LOAD ###
[18:04:53.185153] Gathering raw images for training data . . .
[18:04:53.913558] Gathering labels for training data . . .
[18:04:54.650686] Checking training raw and label images' shapes . . .
[18:04:54.654842] Gathering raw images for validation data . . .
[18:04:54.707268] Gathering labels for validation data . . .
[18:04:54.756583] Checking validation raw and label images' shapes . . .
[18:04:54.756903] ### LOAD RESULTS ###
[18:04:54.756920] *** Loaded train data shape is: (6072, 160, 160, 160)
[18:04:54.756928] *** Loaded train GT shape is: (6072, 160, 160, 160)
[18:04:54.756935] *** Loaded validation data shape is: (375, 160, 160, 160)
[18:04:54.756942] *** Loaded validation GT shape is: (375, 160, 160, 160)
[18:04:54.756947] ### END LOAD ###
[18:04:54.756977] ###############
[18:04:54.756984] # Build model #
[18:04:54.756989] ###############
[18:04:54.797646] Selected output channels:
[18:04:54.797676]   - 0 channel for F+Dc+Dn+P output
[18:04:54.797691] Extracting UNETR's skip connections every 3 transformer blocks, i.e. from the blocks [3, 6, 9] of the 12 of the encoder
[18:05:00.283112] ==================================================================================================================================
Layer (type:depth-idx)                                  Input Shape               Output Shape              Param #
==================================================================================================================================
UNETR                                                   [1, 3, 160, 160, 160]     [1, 4, 160, 160, 160]     769,536
├─PatchEmbed: 1-1                                       [1, 3, 160, 160, 160]     [1, 1000, 768]            --
│    └─Conv3d: 2-1                                      [1, 3, 160, 160, 160]     [1, 768, 10, 10, 10]      9,437,952
│    └─Identity: 2-2                                    [1, 1000, 768]            [1, 1000, 768]            --
├─Identity: 1-2                                         [1, 1001, 768]            [1, 1001, 768]            --
├─ModuleList: 1-3                                       --                        --                        --
│    └─Block: 2-3                                       [1, 1001, 768]            [1, 1001, 768]            --
│    │    └─LayerNorm: 3-1                              [1, 1001, 768]            [1, 1001, 768]            1,536
│    │    └─Attention: 3-2                              [1, 1001, 768]            [1, 1001, 768]            --
│    │    │    └─Linear: 4-1                            [1, 1001, 768]            [1, 1001, 2304]           1,771,776
│    │    │    └─Identity: 4-2                          [1, 12, 1001, 64]         [1, 12, 1001, 64]         --
│    │    │    └─Identity: 4-3                          [1, 12, 1001, 64]         [1, 12, 1001, 64]         --
│    │    │    └─Linear: 4-4                            [1, 1001, 768]            [1, 1001, 768]            590,592
│    │    │    └─Dropout: 4-5                           [1, 1001, 768]            [1, 1001, 768]            --
│    │    └─Identity: 3-3                               [1, 1001, 768]            [1, 1001, 768]            --
│    │    └─Identity: 3-4                               [1, 1001, 768]            [1, 1001, 768]            --
│    │    └─LayerNorm: 3-5                              [1, 1001, 768]            [1, 1001, 768]            1,536
│    │    └─Mlp: 3-6                                    [1, 1001, 768]            [1, 1001, 768]            --
│    │    │    └─Linear: 4-6                            [1, 1001, 768]            [1, 1001, 3072]           2,362,368
│    │    │    └─GELU: 4-7                              [1, 1001, 3072]           [1, 1001, 3072]           --
│    │    │    └─Dropout: 4-8                           [1, 1001, 3072]           [1, 1001, 3072]           --
│    │    │    └─Identity: 4-9                          [1, 1001, 3072]           [1, 1001, 3072]           --
│    │    │    └─Linear: 4-10                           [1, 1001, 3072]           [1, 1001, 768]            2,360,064
│    │    │    └─Dropout: 4-11                          [1, 1001, 768]            [1, 1001, 768]            --
│    │    └─Identity: 3-7                               [1, 1001, 768]            [1, 1001, 768]            --
│    │    └─Identity: 3-8                               [1, 1001, 768]            [1, 1001, 768]            --
│    └─Block: 2-4                                       [1, 1001, 768]            [1, 1001, 768]            --
│    │    └─LayerNorm: 3-9                              [1, 1001, 768]            [1, 1001, 768]            1,536
│    │    └─Attention: 3-10                             [1, 1001, 768]            [1, 1001, 768]            --
│    │    │    └─Linear: 4-12                           [1, 1001, 768]            [1, 1001, 2304]           1,771,776
│    │    │    └─Identity: 4-13                         [1, 12, 1001, 64]         [1, 12, 1001, 64]         --
│    │    │    └─Identity: 4-14                         [1, 12, 1001, 64]         [1, 12, 1001, 64]         --
│    │    │    └─Linear: 4-15                           [1, 1001, 768]            [1, 1001, 768]            590,592
│    │    │    └─Dropout: 4-16                          [1, 1001, 768]            [1, 1001, 768]            --
│    │    └─Identity: 3-11                              [1, 1001, 768]            [1, 1001, 768]            --
│    │    └─Identity: 3-12                              [1, 1001, 768]            [1, 1001, 768]            --
│    │    └─LayerNorm: 3-13                             [1, 1001, 768]            [1, 1001, 768]            1,536
│    │    └─Mlp: 3-14                                   [1, 1001, 768]            [1, 1001, 768]            --
│    │    │    └─Linear: 4-17                           [1, 1001, 768]            [1, 1001, 3072]           2,362,368
│    │    │    └─GELU: 4-18                             [1, 1001, 3072]           [1, 1001, 3072]           --
│    │    │    └─Dropout: 4-19                          [1, 1001, 3072]           [1, 1001, 3072]           --
│    │    │    └─Identity: 4-20                         [1, 1001, 3072]           [1, 1001, 3072]           --
│    │    │    └─Linear: 4-21                           [1, 1001, 3072]           [1, 1001, 768]            2,360,064
│    │    │    └─Dropout: 4-22                          [1, 1001, 768]            [1, 1001, 768]            --
│    │    └─Identity: 3-15                              [1, 1001, 768]            [1, 1001, 768]            --
│    │    └─Identity: 3-16                              [1, 1001, 768]            [1, 1001, 768]            --
│    └─Block: 2-5                                       [1, 1001, 768]            [1, 1001, 768]            --
│    │    └─LayerNorm: 3-17                             [1, 1001, 768]            [1, 1001, 768]            1,536
│    │    └─Attention: 3-18                             [1, 1001, 768]            [1, 1001, 768]            --
│    │    │    └─Linear: 4-23                           [1, 1001, 768]            [1, 1001, 2304]           1,771,776
│    │    │    └─Identity: 4-24                         [1, 12, 1001, 64]         [1, 12, 1001, 64]         --
│    │    │    └─Identity: 4-25                         [1, 12, 1001, 64]         [1, 12, 1001, 64]         --
│    │    │    └─Linear: 4-26                           [1, 1001, 768]            [1, 1001, 768]            590,592
│    │    │    └─Dropout: 4-27                          [1, 1001, 768]            [1, 1001, 768]            --
│    │    └─Identity: 3-19                              [1, 1001, 768]            [1, 1001, 768]            --
│    │    └─Identity: 3-20                              [1, 1001, 768]            [1, 1001, 768]            --
│    │    └─LayerNorm: 3-21                             [1, 1001, 768]            [1, 1001, 768]            1,536
│    │    └─Mlp: 3-22                                   [1, 1001, 768]            [1, 1001, 768]            --
│    │    │    └─Linear: 4-28                           [1, 1001, 768]            [1, 1001, 3072]           2,362,368
│    │    │    └─GELU: 4-29                             [1, 1001, 3072]           [1, 1001, 3072]           --
│    │    │    └─Dropout: 4-30                          [1, 1001, 3072]           [1, 1001, 3072]           --
│    │    │    └─Identity: 4-31                         [1, 1001, 3072]           [1, 1001, 3072]           --
│    │    │    └─Linear: 4-32                           [1, 1001, 3072]           [1, 1001, 768]            2,360,064
│    │    │    └─Dropout: 4-33                          [1, 1001, 768]            [1, 1001, 768]            --
│    │    └─Identity: 3-23                              [1, 1001, 768]            [1, 1001, 768]            --
│    │    └─Identity: 3-24                              [1, 1001, 768]            [1, 1001, 768]            --
│    └─Block: 2-6                                       [1, 1001, 768]            [1, 1001, 768]            --
│    │    └─LayerNorm: 3-25                             [1, 1001, 768]            [1, 1001, 768]            1,536
│    │    └─Attention: 3-26                             [1, 1001, 768]            [1, 1001, 768]            --
│    │    │    └─Linear: 4-34                           [1, 1001, 768]            [1, 1001, 2304]           1,771,776
│    │    │    └─Identity: 4-35                         [1, 12, 1001, 64]         [1, 12, 1001, 64]         --
│    │    │    └─Identity: 4-36                         [1, 12, 1001, 64]         [1, 12, 1001, 64]         --
│    │    │    └─Linear: 4-37                           [1, 1001, 768]            [1, 1001, 768]            590,592
│    │    │    └─Dropout: 4-38                          [1, 1001, 768]            [1, 1001, 768]            --
│    │    └─Identity: 3-27                              [1, 1001, 768]            [1, 1001, 768]            --
│    │    └─Identity: 3-28                              [1, 1001, 768]            [1, 1001, 768]            --
│    │    └─LayerNorm: 3-29                             [1, 1001, 768]            [1, 1001, 768]            1,536
│    │    └─Mlp: 3-30                                   [1, 1001, 768]            [1, 1001, 768]            --
│    │    │    └─Linear: 4-39                           [1, 1001, 768]            [1, 1001, 3072]           2,362,368
│    │    │    └─GELU: 4-40                             [1, 1001, 3072]           [1, 1001, 3072]           --
│    │    │    └─Dropout: 4-41                          [1, 1001, 3072]           [1, 1001, 3072]           --
│    │    │    └─Identity: 4-42                         [1, 1001, 3072]           [1, 1001, 3072]           --
│    │    │    └─Linear: 4-43                           [1, 1001, 3072]           [1, 1001, 768]            2,360,064
│    │    │    └─Dropout: 4-44                          [1, 1001, 768]            [1, 1001, 768]            --
│    │    └─Identity: 3-31                              [1, 1001, 768]            [1, 1001, 768]            --
│    │    └─Identity: 3-32                              [1, 1001, 768]            [1, 1001, 768]            --
│    └─Block: 2-7                                       [1, 1001, 768]            [1, 1001, 768]            --
│    │    └─LayerNorm: 3-33                             [1, 1001, 768]            [1, 1001, 768]            1,536
│    │    └─Attention: 3-34                             [1, 1001, 768]            [1, 1001, 768]            --
│    │    │    └─Linear: 4-45                           [1, 1001, 768]            [1, 1001, 2304]           1,771,776
│    │    │    └─Identity: 4-46                         [1, 12, 1001, 64]         [1, 12, 1001, 64]         --
│    │    │    └─Identity: 4-47                         [1, 12, 1001, 64]         [1, 12, 1001, 64]         --
│    │    │    └─Linear: 4-48                           [1, 1001, 768]            [1, 1001, 768]            590,592
│    │    │    └─Dropout: 4-49                          [1, 1001, 768]            [1, 1001, 768]            --
│    │    └─Identity: 3-35                              [1, 1001, 768]            [1, 1001, 768]            --
│    │    └─Identity: 3-36                              [1, 1001, 768]            [1, 1001, 768]            --
│    │    └─LayerNorm: 3-37                             [1, 1001, 768]            [1, 1001, 768]            1,536
│    │    └─Mlp: 3-38                                   [1, 1001, 768]            [1, 1001, 768]            --
│    │    │    └─Linear: 4-50                           [1, 1001, 768]            [1, 1001, 3072]           2,362,368
│    │    │    └─GELU: 4-51                             [1, 1001, 3072]           [1, 1001, 3072]           --
│    │    │    └─Dropout: 4-52                          [1, 1001, 3072]           [1, 1001, 3072]           --
│    │    │    └─Identity: 4-53                         [1, 1001, 3072]           [1, 1001, 3072]           --
│    │    │    └─Linear: 4-54                           [1, 1001, 3072]           [1, 1001, 768]            2,360,064
│    │    │    └─Dropout: 4-55                          [1, 1001, 768]            [1, 1001, 768]            --
│    │    └─Identity: 3-39                              [1, 1001, 768]            [1, 1001, 768]            --
│    │    └─Identity: 3-40                              [1, 1001, 768]            [1, 1001, 768]            --
│    └─Block: 2-8                                       [1, 1001, 768]            [1, 1001, 768]            --
│    │    └─LayerNorm: 3-41                             [1, 1001, 768]            [1, 1001, 768]            1,536
│    │    └─Attention: 3-42                             [1, 1001, 768]            [1, 1001, 768]            --
│    │    │    └─Linear: 4-56                           [1, 1001, 768]            [1, 1001, 2304]           1,771,776
│    │    │    └─Identity: 4-57                         [1, 12, 1001, 64]         [1, 12, 1001, 64]         --
│    │    │    └─Identity: 4-58                         [1, 12, 1001, 64]         [1, 12, 1001, 64]         --
│    │    │    └─Linear: 4-59                           [1, 1001, 768]            [1, 1001, 768]            590,592
│    │    │    └─Dropout: 4-60                          [1, 1001, 768]            [1, 1001, 768]            --
│    │    └─Identity: 3-43                              [1, 1001, 768]            [1, 1001, 768]            --
│    │    └─Identity: 3-44                              [1, 1001, 768]            [1, 1001, 768]            --
│    │    └─LayerNorm: 3-45                             [1, 1001, 768]            [1, 1001, 768]            1,536
│    │    └─Mlp: 3-46                                   [1, 1001, 768]            [1, 1001, 768]            --
│    │    │    └─Linear: 4-61                           [1, 1001, 768]            [1, 1001, 3072]           2,362,368
│    │    │    └─GELU: 4-62                             [1, 1001, 3072]           [1, 1001, 3072]           --
│    │    │    └─Dropout: 4-63                          [1, 1001, 3072]           [1, 1001, 3072]           --
│    │    │    └─Identity: 4-64                         [1, 1001, 3072]           [1, 1001, 3072]           --
│    │    │    └─Linear: 4-65                           [1, 1001, 3072]           [1, 1001, 768]            2,360,064
│    │    │    └─Dropout: 4-66                          [1, 1001, 768]            [1, 1001, 768]            --
│    │    └─Identity: 3-47                              [1, 1001, 768]            [1, 1001, 768]            --
│    │    └─Identity: 3-48                              [1, 1001, 768]            [1, 1001, 768]            --
│    └─Block: 2-9                                       [1, 1001, 768]            [1, 1001, 768]            --
│    │    └─LayerNorm: 3-49                             [1, 1001, 768]            [1, 1001, 768]            1,536
│    │    └─Attention: 3-50                             [1, 1001, 768]            [1, 1001, 768]            --
│    │    │    └─Linear: 4-67                           [1, 1001, 768]            [1, 1001, 2304]           1,771,776
│    │    │    └─Identity: 4-68                         [1, 12, 1001, 64]         [1, 12, 1001, 64]         --
│    │    │    └─Identity: 4-69                         [1, 12, 1001, 64]         [1, 12, 1001, 64]         --
│    │    │    └─Linear: 4-70                           [1, 1001, 768]            [1, 1001, 768]            590,592
│    │    │    └─Dropout: 4-71                          [1, 1001, 768]            [1, 1001, 768]            --
│    │    └─Identity: 3-51                              [1, 1001, 768]            [1, 1001, 768]            --
│    │    └─Identity: 3-52                              [1, 1001, 768]            [1, 1001, 768]            --
│    │    └─LayerNorm: 3-53                             [1, 1001, 768]            [1, 1001, 768]            1,536
│    │    └─Mlp: 3-54                                   [1, 1001, 768]            [1, 1001, 768]            --
│    │    │    └─Linear: 4-72                           [1, 1001, 768]            [1, 1001, 3072]           2,362,368
│    │    │    └─GELU: 4-73                             [1, 1001, 3072]           [1, 1001, 3072]           --
│    │    │    └─Dropout: 4-74                          [1, 1001, 3072]           [1, 1001, 3072]           --
│    │    │    └─Identity: 4-75                         [1, 1001, 3072]           [1, 1001, 3072]           --
│    │    │    └─Linear: 4-76                           [1, 1001, 3072]           [1, 1001, 768]            2,360,064
│    │    │    └─Dropout: 4-77                          [1, 1001, 768]            [1, 1001, 768]            --
│    │    └─Identity: 3-55                              [1, 1001, 768]            [1, 1001, 768]            --
│    │    └─Identity: 3-56                              [1, 1001, 768]            [1, 1001, 768]            --
│    └─Block: 2-10                                      [1, 1001, 768]            [1, 1001, 768]            --
│    │    └─LayerNorm: 3-57                             [1, 1001, 768]            [1, 1001, 768]            1,536
│    │    └─Attention: 3-58                             [1, 1001, 768]            [1, 1001, 768]            --
│    │    │    └─Linear: 4-78                           [1, 1001, 768]            [1, 1001, 2304]           1,771,776
│    │    │    └─Identity: 4-79                         [1, 12, 1001, 64]         [1, 12, 1001, 64]         --
│    │    │    └─Identity: 4-80                         [1, 12, 1001, 64]         [1, 12, 1001, 64]         --
│    │    │    └─Linear: 4-81                           [1, 1001, 768]            [1, 1001, 768]            590,592
│    │    │    └─Dropout: 4-82                          [1, 1001, 768]            [1, 1001, 768]            --
│    │    └─Identity: 3-59                              [1, 1001, 768]            [1, 1001, 768]            --
│    │    └─Identity: 3-60                              [1, 1001, 768]            [1, 1001, 768]            --
│    │    └─LayerNorm: 3-61                             [1, 1001, 768]            [1, 1001, 768]            1,536
│    │    └─Mlp: 3-62                                   [1, 1001, 768]            [1, 1001, 768]            --
│    │    │    └─Linear: 4-83                           [1, 1001, 768]            [1, 1001, 3072]           2,362,368
│    │    │    └─GELU: 4-84                             [1, 1001, 3072]           [1, 1001, 3072]           --
│    │    │    └─Dropout: 4-85                          [1, 1001, 3072]           [1, 1001, 3072]           --
│    │    │    └─Identity: 4-86                         [1, 1001, 3072]           [1, 1001, 3072]           --
│    │    │    └─Linear: 4-87                           [1, 1001, 3072]           [1, 1001, 768]            2,360,064
│    │    │    └─Dropout: 4-88                          [1, 1001, 768]            [1, 1001, 768]            --
│    │    └─Identity: 3-63                              [1, 1001, 768]            [1, 1001, 768]            --
│    │    └─Identity: 3-64                              [1, 1001, 768]            [1, 1001, 768]            --
│    └─Block: 2-11                                      [1, 1001, 768]            [1, 1001, 768]            --
│    │    └─LayerNorm: 3-65                             [1, 1001, 768]            [1, 1001, 768]            1,536
│    │    └─Attention: 3-66                             [1, 1001, 768]            [1, 1001, 768]            --
│    │    │    └─Linear: 4-89                           [1, 1001, 768]            [1, 1001, 2304]           1,771,776
│    │    │    └─Identity: 4-90                         [1, 12, 1001, 64]         [1, 12, 1001, 64]         --
│    │    │    └─Identity: 4-91                         [1, 12, 1001, 64]         [1, 12, 1001, 64]         --
│    │    │    └─Linear: 4-92                           [1, 1001, 768]            [1, 1001, 768]            590,592
│    │    │    └─Dropout: 4-93                          [1, 1001, 768]            [1, 1001, 768]            --
│    │    └─Identity: 3-67                              [1, 1001, 768]            [1, 1001, 768]            --
│    │    └─Identity: 3-68                              [1, 1001, 768]            [1, 1001, 768]            --
│    │    └─LayerNorm: 3-69                             [1, 1001, 768]            [1, 1001, 768]            1,536
│    │    └─Mlp: 3-70                                   [1, 1001, 768]            [1, 1001, 768]            --
│    │    │    └─Linear: 4-94                           [1, 1001, 768]            [1, 1001, 3072]           2,362,368
│    │    │    └─GELU: 4-95                             [1, 1001, 3072]           [1, 1001, 3072]           --
│    │    │    └─Dropout: 4-96                          [1, 1001, 3072]           [1, 1001, 3072]           --
│    │    │    └─Identity: 4-97                         [1, 1001, 3072]           [1, 1001, 3072]           --
│    │    │    └─Linear: 4-98                           [1, 1001, 3072]           [1, 1001, 768]            2,360,064
│    │    │    └─Dropout: 4-99                          [1, 1001, 768]            [1, 1001, 768]            --
│    │    └─Identity: 3-71                              [1, 1001, 768]            [1, 1001, 768]            --
│    │    └─Identity: 3-72                              [1, 1001, 768]            [1, 1001, 768]            --
│    └─Block: 2-12                                      [1, 1001, 768]            [1, 1001, 768]            --
│    │    └─LayerNorm: 3-73                             [1, 1001, 768]            [1, 1001, 768]            1,536
│    │    └─Attention: 3-74                             [1, 1001, 768]            [1, 1001, 768]            --
│    │    │    └─Linear: 4-100                          [1, 1001, 768]            [1, 1001, 2304]           1,771,776
│    │    │    └─Identity: 4-101                        [1, 12, 1001, 64]         [1, 12, 1001, 64]         --
│    │    │    └─Identity: 4-102                        [1, 12, 1001, 64]         [1, 12, 1001, 64]         --
│    │    │    └─Linear: 4-103                          [1, 1001, 768]            [1, 1001, 768]            590,592
│    │    │    └─Dropout: 4-104                         [1, 1001, 768]            [1, 1001, 768]            --
│    │    └─Identity: 3-75                              [1, 1001, 768]            [1, 1001, 768]            --
│    │    └─Identity: 3-76                              [1, 1001, 768]            [1, 1001, 768]            --
│    │    └─LayerNorm: 3-77                             [1, 1001, 768]            [1, 1001, 768]            1,536
│    │    └─Mlp: 3-78                                   [1, 1001, 768]            [1, 1001, 768]            --
│    │    │    └─Linear: 4-105                          [1, 1001, 768]            [1, 1001, 3072]           2,362,368
│    │    │    └─GELU: 4-106                            [1, 1001, 3072]           [1, 1001, 3072]           --
│    │    │    └─Dropout: 4-107                         [1, 1001, 3072]           [1, 1001, 3072]           --
│    │    │    └─Identity: 4-108                        [1, 1001, 3072]           [1, 1001, 3072]           --
│    │    │    └─Linear: 4-109                          [1, 1001, 3072]           [1, 1001, 768]            2,360,064
│    │    │    └─Dropout: 4-110                         [1, 1001, 768]            [1, 1001, 768]            --
│    │    └─Identity: 3-79                              [1, 1001, 768]            [1, 1001, 768]            --
│    │    └─Identity: 3-80                              [1, 1001, 768]            [1, 1001, 768]            --
│    └─Block: 2-13                                      [1, 1001, 768]            [1, 1001, 768]            --
│    │    └─LayerNorm: 3-81                             [1, 1001, 768]            [1, 1001, 768]            1,536
│    │    └─Attention: 3-82                             [1, 1001, 768]            [1, 1001, 768]            --
│    │    │    └─Linear: 4-111                          [1, 1001, 768]            [1, 1001, 2304]           1,771,776
│    │    │    └─Identity: 4-112                        [1, 12, 1001, 64]         [1, 12, 1001, 64]         --
│    │    │    └─Identity: 4-113                        [1, 12, 1001, 64]         [1, 12, 1001, 64]         --
│    │    │    └─Linear: 4-114                          [1, 1001, 768]            [1, 1001, 768]            590,592
│    │    │    └─Dropout: 4-115                         [1, 1001, 768]            [1, 1001, 768]            --
│    │    └─Identity: 3-83                              [1, 1001, 768]            [1, 1001, 768]            --
│    │    └─Identity: 3-84                              [1, 1001, 768]            [1, 1001, 768]            --
│    │    └─LayerNorm: 3-85                             [1, 1001, 768]            [1, 1001, 768]            1,536
│    │    └─Mlp: 3-86                                   [1, 1001, 768]            [1, 1001, 768]            --
│    │    │    └─Linear: 4-116                          [1, 1001, 768]            [1, 1001, 3072]           2,362,368
│    │    │    └─GELU: 4-117                            [1, 1001, 3072]           [1, 1001, 3072]           --
│    │    │    └─Dropout: 4-118                         [1, 1001, 3072]           [1, 1001, 3072]           --
│    │    │    └─Identity: 4-119                        [1, 1001, 3072]           [1, 1001, 3072]           --
│    │    │    └─Linear: 4-120                          [1, 1001, 3072]           [1, 1001, 768]            2,360,064
│    │    │    └─Dropout: 4-121                         [1, 1001, 768]            [1, 1001, 768]            --
│    │    └─Identity: 3-87                              [1, 1001, 768]            [1, 1001, 768]            --
│    │    └─Identity: 3-88                              [1, 1001, 768]            [1, 1001, 768]            --
│    └─Block: 2-14                                      [1, 1001, 768]            [1, 1001, 768]            --
│    │    └─LayerNorm: 3-89                             [1, 1001, 768]            [1, 1001, 768]            1,536
│    │    └─Attention: 3-90                             [1, 1001, 768]            [1, 1001, 768]            --
│    │    │    └─Linear: 4-122                          [1, 1001, 768]            [1, 1001, 2304]           1,771,776
│    │    │    └─Identity: 4-123                        [1, 12, 1001, 64]         [1, 12, 1001, 64]         --
│    │    │    └─Identity: 4-124                        [1, 12, 1001, 64]         [1, 12, 1001, 64]         --
│    │    │    └─Linear: 4-125                          [1, 1001, 768]            [1, 1001, 768]            590,592
│    │    │    └─Dropout: 4-126                         [1, 1001, 768]            [1, 1001, 768]            --
│    │    └─Identity: 3-91                              [1, 1001, 768]            [1, 1001, 768]            --
│    │    └─Identity: 3-92                              [1, 1001, 768]            [1, 1001, 768]            --
│    │    └─LayerNorm: 3-93                             [1, 1001, 768]            [1, 1001, 768]            1,536
│    │    └─Mlp: 3-94                                   [1, 1001, 768]            [1, 1001, 768]            --
│    │    │    └─Linear: 4-127                          [1, 1001, 768]            [1, 1001, 3072]           2,362,368
│    │    │    └─GELU: 4-128                            [1, 1001, 3072]           [1, 1001, 3072]           --
│    │    │    └─Dropout: 4-129                         [1, 1001, 3072]           [1, 1001, 3072]           --
│    │    │    └─Identity: 4-130                        [1, 1001, 3072]           [1, 1001, 3072]           --
│    │    │    └─Linear: 4-131                          [1, 1001, 3072]           [1, 1001, 768]            2,360,064
│    │    │    └─Dropout: 4-132                         [1, 1001, 768]            [1, 1001, 768]            --
│    │    └─Identity: 3-95                              [1, 1001, 768]            [1, 1001, 768]            --
│    │    └─Identity: 3-96                              [1, 1001, 768]            [1, 1001, 768]            --
├─ConvTranspose3d: 1-4                                  [1, 768, 10, 10, 10]      [1, 128, 20, 20, 20]      786,432
├─ModuleList: 1-11                                      --                        --                        (recursive)
│    └─Sequential: 2-15                                 [1, 768, 10, 10, 10]      [1, 128, 20, 20, 20]      --
│    │    └─ConvTranspose3d: 3-97                       [1, 768, 10, 10, 10]      [1, 128, 20, 20, 20]      786,432
│    │    └─ConvBlock: 3-98                             [1, 128, 20, 20, 20]      [1, 128, 20, 20, 20]      --
│    │    │    └─Sequential: 4-133                      [1, 128, 20, 20, 20]      [1, 128, 20, 20, 20]      --
│    │    │    │    └─Conv3d: 5-1                       [1, 128, 20, 20, 20]      [1, 128, 20, 20, 20]      442,496
│    │    │    │    └─InstanceNorm3d: 5-2               [1, 128, 20, 20, 20]      [1, 128, 20, 20, 20]      256
│    │    │    │    └─ELU: 5-3                          [1, 128, 20, 20, 20]      [1, 128, 20, 20, 20]      --
├─ModuleList: 1-14                                      --                        --                        (recursive)
│    └─DoubleConvBlock: 2-16                            [1, 256, 20, 20, 20]      [1, 128, 20, 20, 20]      --
│    │    └─Sequential: 3-99                            [1, 256, 20, 20, 20]      [1, 128, 20, 20, 20]      --
│    │    │    └─ConvBlock: 4-134                       [1, 256, 20, 20, 20]      [1, 128, 20, 20, 20]      --
│    │    │    │    └─Sequential: 5-4                   [1, 256, 20, 20, 20]      [1, 128, 20, 20, 20]      --
│    │    │    │    │    └─Conv3d: 6-1                  [1, 256, 20, 20, 20]      [1, 128, 20, 20, 20]      884,864
│    │    │    │    │    └─InstanceNorm3d: 6-2          [1, 128, 20, 20, 20]      [1, 128, 20, 20, 20]      256
│    │    │    │    │    └─ELU: 6-3                     [1, 128, 20, 20, 20]      [1, 128, 20, 20, 20]      --
│    │    │    └─ConvBlock: 4-135                       [1, 128, 20, 20, 20]      [1, 128, 20, 20, 20]      --
│    │    │    │    └─Sequential: 5-5                   [1, 128, 20, 20, 20]      [1, 128, 20, 20, 20]      --
│    │    │    │    │    └─Conv3d: 6-4                  [1, 128, 20, 20, 20]      [1, 128, 20, 20, 20]      442,496
│    │    │    │    │    └─InstanceNorm3d: 6-5          [1, 128, 20, 20, 20]      [1, 128, 20, 20, 20]      256
│    │    │    │    │    └─ELU: 6-6                     [1, 128, 20, 20, 20]      [1, 128, 20, 20, 20]      --
├─ModuleList: 1-13                                      --                        --                        (recursive)
│    └─ConvTranspose3d: 2-17                            [1, 128, 20, 20, 20]      [1, 64, 40, 40, 40]       65,536
├─ModuleList: 1-11                                      --                        --                        (recursive)
│    └─Sequential: 2-18                                 [1, 768, 10, 10, 10]      [1, 64, 40, 40, 40]       --
│    │    └─ConvTranspose3d: 3-100                      [1, 768, 10, 10, 10]      [1, 64, 20, 20, 20]       393,216
│    │    └─ConvBlock: 3-101                            [1, 64, 20, 20, 20]       [1, 64, 20, 20, 20]       --
│    │    │    └─Sequential: 4-136                      [1, 64, 20, 20, 20]       [1, 64, 20, 20, 20]       --
│    │    │    │    └─Conv3d: 5-6                       [1, 64, 20, 20, 20]       [1, 64, 20, 20, 20]       110,656
│    │    │    │    └─InstanceNorm3d: 5-7               [1, 64, 20, 20, 20]       [1, 64, 20, 20, 20]       128
│    │    │    │    └─ELU: 5-8                          [1, 64, 20, 20, 20]       [1, 64, 20, 20, 20]       --
│    │    └─ConvTranspose3d: 3-102                      [1, 64, 20, 20, 20]       [1, 64, 40, 40, 40]       32,768
│    │    └─ConvBlock: 3-103                            [1, 64, 40, 40, 40]       [1, 64, 40, 40, 40]       --
│    │    │    └─Sequential: 4-137                      [1, 64, 40, 40, 40]       [1, 64, 40, 40, 40]       --
│    │    │    │    └─Conv3d: 5-9                       [1, 64, 40, 40, 40]       [1, 64, 40, 40, 40]       110,656
│    │    │    │    └─InstanceNorm3d: 5-10              [1, 64, 40, 40, 40]       [1, 64, 40, 40, 40]       128
│    │    │    │    └─ELU: 5-11                         [1, 64, 40, 40, 40]       [1, 64, 40, 40, 40]       --
├─ModuleList: 1-14                                      --                        --                        (recursive)
│    └─DoubleConvBlock: 2-19                            [1, 128, 40, 40, 40]      [1, 64, 40, 40, 40]       --
│    │    └─Sequential: 3-104                           [1, 128, 40, 40, 40]      [1, 64, 40, 40, 40]       --
│    │    │    └─ConvBlock: 4-138                       [1, 128, 40, 40, 40]      [1, 64, 40, 40, 40]       --
│    │    │    │    └─Sequential: 5-12                  [1, 128, 40, 40, 40]      [1, 64, 40, 40, 40]       --
│    │    │    │    │    └─Conv3d: 6-7                  [1, 128, 40, 40, 40]      [1, 64, 40, 40, 40]       221,248
│    │    │    │    │    └─InstanceNorm3d: 6-8          [1, 64, 40, 40, 40]       [1, 64, 40, 40, 40]       128
│    │    │    │    │    └─ELU: 6-9                     [1, 64, 40, 40, 40]       [1, 64, 40, 40, 40]       --
│    │    │    └─ConvBlock: 4-139                       [1, 64, 40, 40, 40]       [1, 64, 40, 40, 40]       --
│    │    │    │    └─Sequential: 5-13                  [1, 64, 40, 40, 40]       [1, 64, 40, 40, 40]       --
│    │    │    │    │    └─Conv3d: 6-10                 [1, 64, 40, 40, 40]       [1, 64, 40, 40, 40]       110,656
│    │    │    │    │    └─InstanceNorm3d: 6-11         [1, 64, 40, 40, 40]       [1, 64, 40, 40, 40]       128
│    │    │    │    │    └─ELU: 6-12                    [1, 64, 40, 40, 40]       [1, 64, 40, 40, 40]       --
├─ModuleList: 1-13                                      --                        --                        (recursive)
│    └─ConvTranspose3d: 2-20                            [1, 64, 40, 40, 40]       [1, 32, 80, 80, 80]       16,384
├─ModuleList: 1-11                                      --                        --                        (recursive)
│    └─Sequential: 2-21                                 [1, 768, 10, 10, 10]      [1, 32, 80, 80, 80]       --
│    │    └─ConvTranspose3d: 3-105                      [1, 768, 10, 10, 10]      [1, 32, 20, 20, 20]       196,608
│    │    └─ConvBlock: 3-106                            [1, 32, 20, 20, 20]       [1, 32, 20, 20, 20]       --
│    │    │    └─Sequential: 4-140                      [1, 32, 20, 20, 20]       [1, 32, 20, 20, 20]       --
│    │    │    │    └─Conv3d: 5-14                      [1, 32, 20, 20, 20]       [1, 32, 20, 20, 20]       27,680
│    │    │    │    └─InstanceNorm3d: 5-15              [1, 32, 20, 20, 20]       [1, 32, 20, 20, 20]       64
│    │    │    │    └─ELU: 5-16                         [1, 32, 20, 20, 20]       [1, 32, 20, 20, 20]       --
│    │    └─ConvTranspose3d: 3-107                      [1, 32, 20, 20, 20]       [1, 32, 40, 40, 40]       8,192
│    │    └─ConvBlock: 3-108                            [1, 32, 40, 40, 40]       [1, 32, 40, 40, 40]       --
│    │    │    └─Sequential: 4-141                      [1, 32, 40, 40, 40]       [1, 32, 40, 40, 40]       --
│    │    │    │    └─Conv3d: 5-17                      [1, 32, 40, 40, 40]       [1, 32, 40, 40, 40]       27,680
│    │    │    │    └─InstanceNorm3d: 5-18              [1, 32, 40, 40, 40]       [1, 32, 40, 40, 40]       64
│    │    │    │    └─ELU: 5-19                         [1, 32, 40, 40, 40]       [1, 32, 40, 40, 40]       --
│    │    └─ConvTranspose3d: 3-109                      [1, 32, 40, 40, 40]       [1, 32, 80, 80, 80]       8,192
│    │    └─ConvBlock: 3-110                            [1, 32, 80, 80, 80]       [1, 32, 80, 80, 80]       --
│    │    │    └─Sequential: 4-142                      [1, 32, 80, 80, 80]       [1, 32, 80, 80, 80]       --
│    │    │    │    └─Conv3d: 5-20                      [1, 32, 80, 80, 80]       [1, 32, 80, 80, 80]       27,680
│    │    │    │    └─InstanceNorm3d: 5-21              [1, 32, 80, 80, 80]       [1, 32, 80, 80, 80]       64
│    │    │    │    └─ELU: 5-22                         [1, 32, 80, 80, 80]       [1, 32, 80, 80, 80]       --
├─ModuleList: 1-14                                      --                        --                        (recursive)
│    └─DoubleConvBlock: 2-22                            [1, 64, 80, 80, 80]       [1, 32, 80, 80, 80]       --
│    │    └─Sequential: 3-111                           [1, 64, 80, 80, 80]       [1, 32, 80, 80, 80]       --
│    │    │    └─ConvBlock: 4-143                       [1, 64, 80, 80, 80]       [1, 32, 80, 80, 80]       --
│    │    │    │    └─Sequential: 5-23                  [1, 64, 80, 80, 80]       [1, 32, 80, 80, 80]       --
│    │    │    │    │    └─Conv3d: 6-13                 [1, 64, 80, 80, 80]       [1, 32, 80, 80, 80]       55,328
│    │    │    │    │    └─InstanceNorm3d: 6-14         [1, 32, 80, 80, 80]       [1, 32, 80, 80, 80]       64
│    │    │    │    │    └─ELU: 6-15                    [1, 32, 80, 80, 80]       [1, 32, 80, 80, 80]       --
│    │    │    └─ConvBlock: 4-144                       [1, 32, 80, 80, 80]       [1, 32, 80, 80, 80]       --
│    │    │    │    └─Sequential: 5-24                  [1, 32, 80, 80, 80]       [1, 32, 80, 80, 80]       --
│    │    │    │    │    └─Conv3d: 6-16                 [1, 32, 80, 80, 80]       [1, 32, 80, 80, 80]       27,680
│    │    │    │    │    └─InstanceNorm3d: 6-17         [1, 32, 80, 80, 80]       [1, 32, 80, 80, 80]       64
│    │    │    │    │    └─ELU: 6-18                    [1, 32, 80, 80, 80]       [1, 32, 80, 80, 80]       --
├─ModuleList: 1-13                                      --                        --                        (recursive)
│    └─ConvTranspose3d: 2-23                            [1, 32, 80, 80, 80]       [1, 16, 160, 160, 160]    4,096
├─ModuleList: 1-14                                      --                        --                        (recursive)
│    └─DoubleConvBlock: 2-24                            [1, 3, 160, 160, 160]     [1, 16, 160, 160, 160]    --
│    │    └─Sequential: 3-112                           [1, 3, 160, 160, 160]     [1, 16, 160, 160, 160]    --
│    │    │    └─ConvBlock: 4-145                       [1, 3, 160, 160, 160]     [1, 16, 160, 160, 160]    --
│    │    │    │    └─Sequential: 5-25                  [1, 3, 160, 160, 160]     [1, 16, 160, 160, 160]    --
│    │    │    │    │    └─Conv3d: 6-19                 [1, 3, 160, 160, 160]     [1, 16, 160, 160, 160]    1,312
│    │    │    │    │    └─InstanceNorm3d: 6-20         [1, 16, 160, 160, 160]    [1, 16, 160, 160, 160]    32
│    │    │    │    │    └─ELU: 6-21                    [1, 16, 160, 160, 160]    [1, 16, 160, 160, 160]    --
│    │    │    └─ConvBlock: 4-146                       [1, 16, 160, 160, 160]    [1, 16, 160, 160, 160]    --
│    │    │    │    └─Sequential: 5-26                  [1, 16, 160, 160, 160]    [1, 16, 160, 160, 160]    --
│    │    │    │    │    └─Conv3d: 6-22                 [1, 16, 160, 160, 160]    [1, 16, 160, 160, 160]    6,928
│    │    │    │    │    └─InstanceNorm3d: 6-23         [1, 16, 160, 160, 160]    [1, 16, 160, 160, 160]    32
│    │    │    │    │    └─ELU: 6-24                    [1, 16, 160, 160, 160]    [1, 16, 160, 160, 160]    --
│    └─DoubleConvBlock: 2-25                            [1, 32, 160, 160, 160]    [1, 16, 160, 160, 160]    --
│    │    └─Sequential: 3-113                           [1, 32, 160, 160, 160]    [1, 16, 160, 160, 160]    --
│    │    │    └─ConvBlock: 4-147                       [1, 32, 160, 160, 160]    [1, 16, 160, 160, 160]    --
│    │    │    │    └─Sequential: 5-27                  [1, 32, 160, 160, 160]    [1, 16, 160, 160, 160]    --
│    │    │    │    │    └─Conv3d: 6-25                 [1, 32, 160, 160, 160]    [1, 16, 160, 160, 160]    13,840
│    │    │    │    │    └─InstanceNorm3d: 6-26         [1, 16, 160, 160, 160]    [1, 16, 160, 160, 160]    32
│    │    │    │    │    └─ELU: 6-27                    [1, 16, 160, 160, 160]    [1, 16, 160, 160, 160]    --
│    │    │    └─ConvBlock: 4-148                       [1, 16, 160, 160, 160]    [1, 16, 160, 160, 160]    --
│    │    │    │    └─Sequential: 5-28                  [1, 16, 160, 160, 160]    [1, 16, 160, 160, 160]    --
│    │    │    │    │    └─Conv3d: 6-28                 [1, 16, 160, 160, 160]    [1, 16, 160, 160, 160]    6,928
│    │    │    │    │    └─InstanceNorm3d: 6-29         [1, 16, 160, 160, 160]    [1, 16, 160, 160, 160]    32
│    │    │    │    │    └─ELU: 6-30                    [1, 16, 160, 160, 160]    [1, 16, 160, 160, 160]    --
├─Sequential: 1-15                                      --                        --                        --
│    └─Conv3d: 2-26                                     [1, 16, 160, 160, 160]    [1, 4, 160, 160, 160]     68
==================================================================================================================================
Total params: 100,079,732
Trainable params: 99,310,964
Non-trainable params: 768,768
Total mult-adds (Units.GIGABYTES): 284.13
==================================================================================================================================
Input size (MB): 49.15
Forward/backward pass size (MB): 7111.47
Params size (MB): 397.24
Estimated Total Size (MB): 7557.86
==================================================================================================================================
[18:05:00.358464] ##############################
[18:05:00.358490] #  PREPARE TRAIN GENERATORS  #
[18:05:00.358497] ##############################
[18:05:00.358681] Initializing train data generator . . .
[18:05:00.510336] Checking which channel of the mask needs normalization . . .
[18:05:00.713165] Normalization config used for X (first sample): {'type': 'zero_mean_unit_variance', 'target_type': 'mask', 'out_dtype': 'float32', 'norm_target': False, 'percentile_clip': False, 'per_lower_bound': -1.0, 'per_upper_bound': -1.0, 'lower_bound_val': [-1.0], 'upper_bound_val': [-1.0], 'mean': [-1.0], 'std': [-1.0]}
[18:05:00.713208] Normalization config used for Y: {'target_type': 'mask', 'orig_dtype': 'float32', 'per_channel_info': {0: {'type': 'bin', 'div': False}, 1: {'type': 'bin', 'div': False}, 2: {'type': 'bin', 'div': False}, 3: {'type': 'bin', 'div': False}}}
[18:05:00.713388] Initializing val data generator . . .
[18:05:00.848342] Checking which channel of the mask needs normalization . . .
[18:05:01.053161] Normalization config used for X (first sample): {'type': 'zero_mean_unit_variance', 'target_type': 'mask', 'out_dtype': 'float32', 'norm_target': False, 'percentile_clip': False, 'per_lower_bound': -1.0, 'per_upper_bound': -1.0, 'lower_bound_val': [-1.0], 'upper_bound_val': [-1.0], 'mean': [-1.0], 'std': [-1.0]}
[18:05:01.053208] Normalization config used for Y: {'target_type': 'mask', 'orig_dtype': 'float32', 'per_channel_info': {0: {'type': 'bin', 'div': False}, 1: {'type': 'bin', 'div': False}, 2: {'type': 'bin', 'div': False}, 3: {'type': 'bin', 'div': False}}}
[18:05:01.053450] Train/val generators with 8 workers
[18:05:01.053461] Effective batch size: 17
[18:05:01.053469] Sampler_train = None
[18:05:01.137825] #######################
[18:05:01.137857] # Prepare logging tool #
[18:05:01.137864] #######################
[18:05:01.157070] AdamW (
Parameter Group 0
    amsgrad: False
    betas: (0.9, 0.999)
    capturable: False
    decoupled_weight_decay: True
    differentiable: False
    eps: 1e-08
    foreach: None
    fused: None
    lr: 0.001
    maximize: False
    weight_decay: 0.02
)
[18:05:01.157219] #####################
[18:05:01.157229] #  TRAIN THE MODEL  #
[18:05:01.157234] #####################
[18:05:01.157242] Start training in epoch 1 - Total: 60
[18:05:01.157258] ~~~ Epoch 1/60 ~~~

[18:06:13.684612] Epoch: [1]  [  0/358]  eta: 7:12:27  loss: 6.5769 (6.5769)  IoU (F channel): 0.0008 (0.0008)  L1 (Dc channel): 0.9237 (0.9237)  L1 (Dn channel): 0.4551 (0.4551)  IoU (P channel): 0.0002 (0.0002)  lr: 0.000040  iter-time: 72.4781
[18:06:25.099841] Epoch: [1]  [ 10/358]  eta: 0:44:14  loss: 6.0274 (6.0913)  IoU (F channel): 0.0030 (0.0036)  L1 (Dc channel): 0.7370 (0.7545)  L1 (Dn channel): 0.4670 (0.4638)  IoU (P channel): 0.0012 (0.0012)  lr: 0.000040  iter-time: 7.6265
[18:06:36.579373] Epoch: [1]  [ 20/358]  eta: 0:25:34  loss: 5.6598 (5.7655)  IoU (F channel): 0.0025 (0.0034)  L1 (Dc channel): 0.6560 (0.6857)  L1 (Dn channel): 0.4443 (0.4369)  IoU (P channel): 0.0009 (0.0012)  lr: 0.000040  iter-time: 1.1446
[18:06:48.404670] Epoch: [1]  [ 30/358]  eta: 0:18:54  loss: 5.1767 (5.5374)  IoU (F channel): 0.0025 (0.0032)  L1 (Dc channel): 0.5675 (0.6398)  L1 (Dn channel): 0.3886 (0.4160)  IoU (P channel): 0.0009 (0.0013)  lr: 0.000040  iter-time: 1.1650
[18:07:00.071471] Epoch: [1]  [ 40/358]  eta: 0:15:21  loss: 4.7853 (5.3314)  IoU (F channel): 0.0024 (0.0031)  L1 (Dc channel): 0.5015 (0.6011)  L1 (Dn channel): 0.3456 (0.3960)  IoU (P channel): 0.0012 (0.0014)  lr: 0.000040  iter-time: 1.1744
[18:07:11.827885] Epoch: [1]  [ 50/358]  eta: 0:13:08  loss: 4.5507 (5.1736)  IoU (F channel): 0.0021 (0.0029)  L1 (Dc channel): 0.4571 (0.5725)  L1 (Dn channel): 0.3163 (0.3799)  IoU (P channel): 0.0014 (0.0015)  lr: 0.000040  iter-time: 1.1710
[18:07:23.500697] Epoch: [1]  [ 60/358]  eta: 0:11:35  loss: 4.3607 (5.0219)  IoU (F channel): 0.0028 (0.0030)  L1 (Dc channel): 0.4288 (0.5457)  L1 (Dn channel): 0.2972 (0.3639)  IoU (P channel): 0.0028 (0.0019)  lr: 0.000040  iter-time: 1.1713
[18:07:34.829403] Epoch: [1]  [ 70/358]  eta: 0:10:23  loss: 4.1400 (4.8877)  IoU (F channel): 0.0026 (0.0028)  L1 (Dc channel): 0.3916 (0.5220)  L1 (Dn channel): 0.2669 (0.3489)  IoU (P channel): 0.0034 (0.0021)  lr: 0.000040  iter-time: 1.1499
[18:07:46.320714] Epoch: [1]  [ 80/358]  eta: 0:09:26  loss: 3.9795 (4.7651)  IoU (F channel): 0.0023 (0.0028)  L1 (Dc channel): 0.3572 (0.5007)  L1 (Dn channel): 0.2508 (0.3350)  IoU (P channel): 0.0036 (0.0023)  lr: 0.000040  iter-time: 1.1409
[18:07:57.783969] Epoch: [1]  [ 90/358]  eta: 0:08:39  loss: 3.8124 (4.6498)  IoU (F channel): 0.0032 (0.0030)  L1 (Dc channel): 0.3342 (0.4811)  L1 (Dn channel): 0.2283 (0.3218)  IoU (P channel): 0.0046 (0.0027)  lr: 0.000040  iter-time: 1.1476
[18:08:09.191517] Epoch: [1]  [100/358]  eta: 0:08:00  loss: 3.5974 (4.5412)  IoU (F channel): 0.0038 (0.0031)  L1 (Dc channel): 0.3066 (0.4628)  L1 (Dn channel): 0.2008 (0.3093)  IoU (P channel): 0.0060 (0.0030)  lr: 0.000041  iter-time: 1.1434
[18:08:20.773422] Epoch: [1]  [110/358]  eta: 0:07:25  loss: 3.5185 (4.4497)  IoU (F channel): 0.0033 (0.0031)  L1 (Dc channel): 0.2888 (0.4475)  L1 (Dn channel): 0.1926 (0.2987)  IoU (P channel): 0.0059 (0.0033)  lr: 0.000041  iter-time: 1.1493
[18:08:32.170680] Epoch: [1]  [120/358]  eta: 0:06:54  loss: 3.4880 (4.3618)  IoU (F channel): 0.0027 (0.0031)  L1 (Dc channel): 0.2834 (0.4325)  L1 (Dn channel): 0.1832 (0.2885)  IoU (P channel): 0.0039 (0.0034)  lr: 0.000041  iter-time: 1.1488
[18:08:43.541642] Epoch: [1]  [130/358]  eta: 0:06:26  loss: 3.3286 (4.2797)  IoU (F channel): 0.0025 (0.0031)  L1 (Dc channel): 0.2588 (0.4185)  L1 (Dn channel): 0.1692 (0.2791)  IoU (P channel): 0.0036 (0.0036)  lr: 0.000041  iter-time: 1.1383
[18:08:59.075116] Epoch: [1]  [140/358]  eta: 0:06:07  loss: 3.2544 (4.2060)  IoU (F channel): 0.0025 (0.0031)  L1 (Dc channel): 0.2476 (0.4060)  L1 (Dn channel): 0.1613 (0.2708)  IoU (P channel): 0.0051 (0.0037)  lr: 0.000041  iter-time: 1.3450
[18:09:10.988781] Epoch: [1]  [150/358]  eta: 0:05:44  loss: 3.1936 (4.1373)  IoU (F channel): 0.0037 (0.0032)  L1 (Dc channel): 0.2367 (0.3945)  L1 (Dn channel): 0.1582 (0.2633)  IoU (P channel): 0.0057 (0.0039)  lr: 0.000041  iter-time: 1.3721
[18:09:22.822910] Epoch: [1]  [160/358]  eta: 0:05:21  loss: 3.1110 (4.0729)  IoU (F channel): 0.0032 (0.0031)  L1 (Dc channel): 0.2199 (0.3835)  L1 (Dn channel): 0.1478 (0.2560)  IoU (P channel): 0.0053 (0.0039)  lr: 0.000041  iter-time: 1.1872
[18:09:34.444671] Epoch: [1]  [170/358]  eta: 0:05:00  loss: 3.0232 (4.0101)  IoU (F channel): 0.0028 (0.0031)  L1 (Dc channel): 0.2072 (0.3728)  L1 (Dn channel): 0.1400 (0.2491)  IoU (P channel): 0.0055 (0.0041)  lr: 0.000042  iter-time: 1.1726
[18:09:46.065599] Epoch: [1]  [180/358]  eta: 0:04:40  loss: 2.9698 (3.9523)  IoU (F channel): 0.0026 (0.0031)  L1 (Dc channel): 0.1971 (0.3630)  L1 (Dn channel): 0.1341 (0.2426)  IoU (P channel): 0.0039 (0.0042)  lr: 0.000042  iter-time: 1.1620
[18:09:57.393051] Epoch: [1]  [190/358]  eta: 0:04:20  loss: 2.9406 (3.8996)  IoU (F channel): 0.0023 (0.0031)  L1 (Dc channel): 0.1954 (0.3542)  L1 (Dn channel): 0.1314 (0.2368)  IoU (P channel): 0.0045 (0.0043)  lr: 0.000042  iter-time: 1.1473
[18:10:08.802469] Epoch: [1]  [200/358]  eta: 0:04:01  loss: 2.9032 (3.8481)  IoU (F channel): 0.0032 (0.0031)  L1 (Dc channel): 0.1871 (0.3456)  L1 (Dn channel): 0.1248 (0.2311)  IoU (P channel): 0.0058 (0.0045)  lr: 0.000042  iter-time: 1.1367
[18:10:20.415874] Epoch: [1]  [210/358]  eta: 0:03:43  loss: 2.8624 (3.8010)  IoU (F channel): 0.0035 (0.0032)  L1 (Dc channel): 0.1819 (0.3377)  L1 (Dn channel): 0.1194 (0.2259)  IoU (P channel): 0.0065 (0.0046)  lr: 0.000043  iter-time: 1.1510
[18:10:31.829295] Epoch: [1]  [220/358]  eta: 0:03:26  loss: 2.8260 (3.7553)  IoU (F channel): 0.0036 (0.0032)  L1 (Dc channel): 0.1743 (0.3301)  L1 (Dn channel): 0.1166 (0.2208)  IoU (P channel): 0.0065 (0.0047)  lr: 0.000043  iter-time: 1.1512
[18:10:43.355585] Epoch: [1]  [230/358]  eta: 0:03:09  loss: 2.8067 (3.7128)  IoU (F channel): 0.0030 (0.0032)  L1 (Dc channel): 0.1685 (0.3230)  L1 (Dn channel): 0.1120 (0.2161)  IoU (P channel): 0.0064 (0.0048)  lr: 0.000043  iter-time: 1.1468
[18:10:54.949847] Epoch: [1]  [240/358]  eta: 0:02:53  loss: 2.7321 (3.6712)  IoU (F channel): 0.0025 (0.0032)  L1 (Dc channel): 0.1584 (0.3161)  L1 (Dn channel): 0.1050 (0.2114)  IoU (P channel): 0.0064 (0.0049)  lr: 0.000043  iter-time: 1.1559
[18:11:06.568325] Epoch: [1]  [250/358]  eta: 0:02:37  loss: 2.7108 (3.6336)  IoU (F channel): 0.0029 (0.0032)  L1 (Dc channel): 0.1571 (0.3099)  L1 (Dn channel): 0.1040 (0.2073)  IoU (P channel): 0.0068 (0.0050)  lr: 0.000044  iter-time: 1.1605
[18:11:18.203307] Epoch: [1]  [260/358]  eta: 0:02:21  loss: 2.7067 (3.5973)  IoU (F channel): 0.0029 (0.0032)  L1 (Dc channel): 0.1589 (0.3040)  L1 (Dn channel): 0.1040 (0.2032)  IoU (P channel): 0.0073 (0.0052)  lr: 0.000044  iter-time: 1.1625
[18:11:30.073831] Epoch: [1]  [270/358]  eta: 0:02:06  loss: 2.6339 (3.5613)  IoU (F channel): 0.0030 (0.0032)  L1 (Dc channel): 0.1435 (0.2979)  L1 (Dn channel): 0.0965 (0.1992)  IoU (P channel): 0.0060 (0.0052)  lr: 0.000044  iter-time: 1.1665
[18:11:41.707840] Epoch: [1]  [280/358]  eta: 0:01:51  loss: 2.6051 (3.5267)  IoU (F channel): 0.0027 (0.0032)  L1 (Dc channel): 0.1385 (0.2923)  L1 (Dn channel): 0.0908 (0.1953)  IoU (P channel): 0.0055 (0.0053)  lr: 0.000044  iter-time: 1.1664
[18:11:53.238694] Epoch: [1]  [290/358]  eta: 0:01:36  loss: 2.5681 (3.4935)  IoU (F channel): 0.0030 (0.0032)  L1 (Dc channel): 0.1360 (0.2869)  L1 (Dn channel): 0.0882 (0.1916)  IoU (P channel): 0.0083 (0.0054)  lr: 0.000045  iter-time: 1.1581
[18:12:04.699714] Epoch: [1]  [300/358]  eta: 0:01:21  loss: 2.5378 (3.4614)  IoU (F channel): 0.0040 (0.0033)  L1 (Dc channel): 0.1334 (0.2817)  L1 (Dn channel): 0.0862 (0.1881)  IoU (P channel): 0.0083 (0.0056)  lr: 0.000045  iter-time: 1.1494
[18:12:16.412724] Epoch: [1]  [310/358]  eta: 0:01:07  loss: 2.5141 (3.4306)  IoU (F channel): 0.0034 (0.0033)  L1 (Dc channel): 0.1256 (0.2766)  L1 (Dn channel): 0.0816 (0.1846)  IoU (P channel): 0.0071 (0.0057)  lr: 0.000046  iter-time: 1.1585
[18:12:27.846626] Epoch: [1]  [320/358]  eta: 0:00:52  loss: 2.5008 (3.4016)  IoU (F channel): 0.0034 (0.0033)  L1 (Dc channel): 0.1272 (0.2721)  L1 (Dn channel): 0.0822 (0.1814)  IoU (P channel): 0.0091 (0.0059)  lr: 0.000046  iter-time: 1.1572
[18:12:39.568297] Epoch: [1]  [330/358]  eta: 0:00:38  loss: 2.4708 (3.3729)  IoU (F channel): 0.0033 (0.0033)  L1 (Dc channel): 0.1196 (0.2674)  L1 (Dn channel): 0.0780 (0.1781)  IoU (P channel): 0.0088 (0.0059)  lr: 0.000046  iter-time: 1.1576
[18:12:51.215108] Epoch: [1]  [340/358]  eta: 0:00:24  loss: 2.4371 (3.3453)  IoU (F channel): 0.0028 (0.0033)  L1 (Dc channel): 0.1162 (0.2629)  L1 (Dn channel): 0.0698 (0.1750)  IoU (P channel): 0.0063 (0.0059)  lr: 0.000047  iter-time: 1.1683
[18:13:02.686892] Epoch: [1]  [350/358]  eta: 0:00:10  loss: 2.3878 (3.3180)  IoU (F channel): 0.0025 (0.0033)  L1 (Dc channel): 0.1102 (0.2585)  L1 (Dn channel): 0.0687 (0.1719)  IoU (P channel): 0.0069 (0.0060)  lr: 0.000047  iter-time: 1.1558
[18:13:20.116101] Epoch: [1]  [357/358]  eta: 0:00:01  loss: 2.3799 (3.2995)  IoU (F channel): 0.0028 (0.0033)  L1 (Dc channel): 0.1085 (0.2556)  L1 (Dn channel): 0.0663 (0.1699)  IoU (P channel): 0.0075 (0.0061)  lr: 0.000047  iter-time: 1.6212
[18:13:20.116225] Epoch: [1] Total time: 0:08:18 (1.3937 s / it)
[18:13:20.116272] [Train] averaged stats: loss: 2.3799 (3.2995)  IoU (F channel): 0.0028 (0.0033)  L1 (Dc channel): 0.1085 (0.2556)  L1 (Dn channel): 0.0663 (0.1699)  IoU (P channel): 0.0075 (0.0061)  lr: 0.000047
[18:14:46.553824] Epoch: [1]  [ 0/23]  eta: 0:33:08  loss: 2.4152 (2.4152)  IoU (F channel): 0.0001 (0.0001)  L1 (Dc channel): 0.1110 (0.1110)  L1 (Dn channel): 0.0624 (0.0624)  IoU (P channel): 0.0009 (0.0009)  iter-time: 86.4352
[18:15:01.315240] Epoch: [1]  [10/23]  eta: 0:01:59  loss: 2.4152 (2.4098)  IoU (F channel): 0.0025 (0.0032)  L1 (Dc channel): 0.1168 (0.1140)  L1 (Dn channel): 0.0667 (0.0672)  IoU (P channel): 0.0079 (0.0091)  iter-time: 9.1996
[18:15:06.266568] Epoch: [1]  [20/23]  eta: 0:00:15  loss: 2.3750 (2.3856)  IoU (F channel): 0.0035 (0.0036)  L1 (Dc channel): 0.1113 (0.1101)  L1 (Dn channel): 0.0676 (0.0667)  IoU (P channel): 0.0079 (0.0098)  iter-time: 0.9856
[18:15:07.021476] Epoch: [1]  [22/23]  eta: 0:00:04  loss: 2.3621 (2.3826)  IoU (F channel): 0.0030 (0.0034)  L1 (Dc channel): 0.1072 (0.1095)  L1 (Dn channel): 0.0668 (0.0661)  IoU (P channel): 0.0079 (0.0094)  iter-time: 0.9277
[18:15:07.021609] Epoch: [1] Total time: 0:01:46 (4.6480 s / it)
[18:15:07.021640] [Val] averaged stats: loss: 2.3621 (2.3826)  IoU (F channel): 0.0030 (0.0034)  L1 (Dc channel): 0.1072 (0.1095)  L1 (Dn channel): 0.0668 (0.0661)  IoU (P channel): 0.0079 (0.0094)
[18:15:07.021843] Val loss improved from inf to 2.3825625129367993, saving model to metrics/biapy/biapy-channel-scale-zarr-unetr/checkpoints/biapy-channel-scale-zarr-unetr_0-checkpoint-best.pth
[18:15:08.323202] [Val] best loss: 2.3826 best  IoU (F channel): 0.0034 L1 (Dc channel): 0.1095 L1 (Dn channel): 0.0661 IoU (P channel): 0.0094 
[18:15:08.333309] [Time] 10.1m 10.1m/10.3h

[18:15:08.333342] ~~~ Epoch 2/60 ~~~

[18:17:28.360250] Epoch: [2]  [  0/358]  eta: 13:55:28  loss: 2.4614 (2.4614)  IoU (F channel): 0.0005 (0.0005)  L1 (Dc channel): 0.1174 (0.1174)  L1 (Dn channel): 0.0722 (0.0722)  IoU (P channel): 0.0018 (0.0018)  lr: 0.000047  iter-time: 140.0249
[18:17:41.968069] Epoch: [2]  [ 10/358]  eta: 1:21:00  loss: 2.3684 (2.3607)  IoU (F channel): 0.0032 (0.0033)  L1 (Dc channel): 0.1074 (0.1058)  L1 (Dn channel): 0.0648 (0.0644)  IoU (P channel): 0.0078 (0.0091)  lr: 0.000048  iter-time: 13.9662
[18:17:53.419408] Epoch: [2]  [ 20/358]  eta: 0:44:16  loss: 2.3470 (2.3566)  IoU (F channel): 0.0033 (0.0036)  L1 (Dc channel): 0.1028 (0.1051)  L1 (Dn channel): 0.0631 (0.0649)  IoU (P channel): 0.0093 (0.0096)  lr: 0.000048  iter-time: 1.2527
[18:18:05.032559] Epoch: [2]  [ 30/358]  eta: 0:31:09  loss: 2.3451 (2.3499)  IoU (F channel): 0.0024 (0.0036)  L1 (Dc channel): 0.1016 (0.1042)  L1 (Dn channel): 0.0626 (0.0641)  IoU (P channel): 0.0069 (0.0094)  lr: 0.000049  iter-time: 1.1530
[18:18:16.420583] Epoch: [2]  [ 40/358]  eta: 0:24:18  loss: 2.3005 (2.3301)  IoU (F channel): 0.0029 (0.0036)  L1 (Dc channel): 0.0946 (0.1012)  L1 (Dn channel): 0.0571 (0.0620)  IoU (P channel): 0.0083 (0.0097)  lr: 0.000049  iter-time: 1.1499
[18:18:28.067636] Epoch: [2]  [ 50/358]  eta: 0:20:06  loss: 2.2936 (2.3247)  IoU (F channel): 0.0027 (0.0034)  L1 (Dc channel): 0.0964 (0.1005)  L1 (Dn channel): 0.0567 (0.0612)  IoU (P channel): 0.0084 (0.0095)  lr: 0.000050  iter-time: 1.1516
[18:18:39.622009] Epoch: [2]  [ 60/358]  eta: 0:17:12  loss: 2.2919 (2.3163)  IoU (F channel): 0.0023 (0.0033)  L1 (Dc channel): 0.0958 (0.0993)  L1 (Dn channel): 0.0576 (0.0605)  IoU (P channel): 0.0082 (0.0095)  lr: 0.000050  iter-time: 1.1599
[18:18:51.252774] Epoch: [2]  [ 70/358]  eta: 0:15:04  loss: 2.2554 (2.3053)  IoU (F channel): 0.0024 (0.0033)  L1 (Dc channel): 0.0880 (0.0978)  L1 (Dn channel): 0.0544 (0.0594)  IoU (P channel): 0.0072 (0.0096)  lr: 0.000050  iter-time: 1.1591
[18:19:02.962149] Epoch: [2]  [ 80/358]  eta: 0:13:25  loss: 2.2249 (2.2979)  IoU (F channel): 0.0033 (0.0033)  L1 (Dc channel): 0.0876 (0.0970)  L1 (Dn channel): 0.0523 (0.0588)  IoU (P channel): 0.0100 (0.0098)  lr: 0.000051  iter-time: 1.1668
[18:19:14.599598] Epoch: [2]  [ 90/358]  eta: 0:12:05  loss: 2.2245 (2.2873)  IoU (F channel): 0.0033 (0.0035)  L1 (Dc channel): 0.0875 (0.0956)  L1 (Dn channel): 0.0511 (0.0578)  IoU (P channel): 0.0111 (0.0104)  lr: 0.000051  iter-time: 1.1672
[18:19:26.076089] Epoch: [2]  [100/358]  eta: 0:10:58  loss: 2.1934 (2.2782)  IoU (F channel): 0.0031 (0.0034)  L1 (Dc channel): 0.0832 (0.0943)  L1 (Dn channel): 0.0503 (0.0569)  IoU (P channel): 0.0094 (0.0103)  lr: 0.000052  iter-time: 1.1555
[18:19:37.651372] Epoch: [2]  [110/358]  eta: 0:10:01  loss: 2.2126 (2.2730)  IoU (F channel): 0.0027 (0.0034)  L1 (Dc channel): 0.0858 (0.0936)  L1 (Dn channel): 0.0507 (0.0565)  IoU (P channel): 0.0088 (0.0103)  lr: 0.000052  iter-time: 1.1524
[18:19:49.506373] Epoch: [2]  [120/358]  eta: 0:09:13  loss: 2.1942 (2.2645)  IoU (F channel): 0.0029 (0.0034)  L1 (Dc channel): 0.0846 (0.0924)  L1 (Dn channel): 0.0499 (0.0557)  IoU (P channel): 0.0095 (0.0103)  lr: 0.000053  iter-time: 1.1714
[18:20:01.053117] Epoch: [2]  [130/358]  eta: 0:08:29  loss: 2.1590 (2.2558)  IoU (F channel): 0.0030 (0.0034)  L1 (Dc channel): 0.0779 (0.0913)  L1 (Dn channel): 0.0460 (0.0549)  IoU (P channel): 0.0106 (0.0106)  lr: 0.000054  iter-time: 1.1699
[18:20:12.736738] Epoch: [2]  [140/358]  eta: 0:07:50  loss: 2.1496 (2.2478)  IoU (F channel): 0.0025 (0.0033)  L1 (Dc channel): 0.0769 (0.0902)  L1 (Dn channel): 0.0447 (0.0542)  IoU (P channel): 0.0094 (0.0106)  lr: 0.000054  iter-time: 1.1614
[18:20:24.535536] Epoch: [2]  [150/358]  eta: 0:07:15  loss: 2.1319 (2.2400)  IoU (F channel): 0.0023 (0.0033)  L1 (Dc channel): 0.0721 (0.0890)  L1 (Dn channel): 0.0425 (0.0534)  IoU (P channel): 0.0091 (0.0105)  lr: 0.000055  iter-time: 1.1740
[18:20:36.129326] Epoch: [2]  [160/358]  eta: 0:06:43  loss: 2.1162 (2.2328)  IoU (F channel): 0.0016 (0.0032)  L1 (Dc channel): 0.0710 (0.0880)  L1 (Dn channel): 0.0418 (0.0527)  IoU (P channel): 0.0087 (0.0106)  lr: 0.000055  iter-time: 1.1695
[18:20:47.599582] Epoch: [2]  [170/358]  eta: 0:06:12  loss: 2.1050 (2.2251)  IoU (F channel): 0.0019 (0.0032)  L1 (Dc channel): 0.0687 (0.0870)  L1 (Dn channel): 0.0399 (0.0520)  IoU (P channel): 0.0087 (0.0107)  lr: 0.000056  iter-time: 1.1531
[18:20:59.333096] Epoch: [2]  [180/358]  eta: 0:05:45  loss: 2.0860 (2.2180)  IoU (F channel): 0.0028 (0.0032)  L1 (Dc channel): 0.0678 (0.0860)  L1 (Dn channel): 0.0400 (0.0514)  IoU (P channel): 0.0126 (0.0109)  lr: 0.000056  iter-time: 1.1601
[18:21:10.821726] Epoch: [2]  [190/358]  eta: 0:05:18  loss: 2.0770 (2.2104)  IoU (F channel): 0.0029 (0.0032)  L1 (Dc channel): 0.0674 (0.0850)  L1 (Dn channel): 0.0401 (0.0508)  IoU (P channel): 0.0131 (0.0110)  lr: 0.000057  iter-time: 1.1610
[18:21:22.538591] Epoch: [2]  [200/358]  eta: 0:04:54  loss: 2.0585 (2.2031)  IoU (F channel): 0.0024 (0.0032)  L1 (Dc channel): 0.0639 (0.0841)  L1 (Dn channel): 0.0395 (0.0502)  IoU (P channel): 0.0129 (0.0112)  lr: 0.000058  iter-time: 1.1601
[18:21:34.022503] Epoch: [2]  [210/358]  eta: 0:04:30  loss: 2.0316 (2.1948)  IoU (F channel): 0.0028 (0.0033)  L1 (Dc channel): 0.0612 (0.0830)  L1 (Dn channel): 0.0350 (0.0495)  IoU (P channel): 0.0135 (0.0116)  lr: 0.000058  iter-time: 1.1599
[18:21:45.668142] Epoch: [2]  [220/358]  eta: 0:04:08  loss: 2.0307 (2.1876)  IoU (F channel): 0.0032 (0.0033)  L1 (Dc channel): 0.0603 (0.0820)  L1 (Dn channel): 0.0344 (0.0489)  IoU (P channel): 0.0148 (0.0117)  lr: 0.000059  iter-time: 1.1563
[18:21:57.467382] Epoch: [2]  [230/358]  eta: 0:03:46  loss: 2.0131 (2.1796)  IoU (F channel): 0.0038 (0.0033)  L1 (Dc channel): 0.0583 (0.0809)  L1 (Dn channel): 0.0338 (0.0482)  IoU (P channel): 0.0148 (0.0119)  lr: 0.000060  iter-time: 1.1721
[18:22:08.978127] Epoch: [2]  [240/358]  eta: 0:03:25  loss: 1.9964 (2.1719)  IoU (F channel): 0.0044 (0.0033)  L1 (Dc channel): 0.0562 (0.0799)  L1 (Dn channel): 0.0328 (0.0476)  IoU (P channel): 0.0170 (0.0120)  lr: 0.000060  iter-time: 1.1654
[18:22:20.499829] Epoch: [2]  [250/358]  eta: 0:03:05  loss: 1.9861 (2.1645)  IoU (F channel): 0.0031 (0.0034)  L1 (Dc channel): 0.0555 (0.0789)  L1 (Dn channel): 0.0327 (0.0470)  IoU (P channel): 0.0139 (0.0122)  lr: 0.000061  iter-time: 1.1514
[18:22:32.198036] Epoch: [2]  [260/358]  eta: 0:02:46  loss: 1.9800 (2.1573)  IoU (F channel): 0.0033 (0.0034)  L1 (Dc channel): 0.0538 (0.0780)  L1 (Dn channel): 0.0314 (0.0464)  IoU (P channel): 0.0149 (0.0124)  lr: 0.000062  iter-time: 1.1608
[18:22:43.944305] Epoch: [2]  [270/358]  eta: 0:02:27  loss: 1.9673 (2.1504)  IoU (F channel): 0.0034 (0.0034)  L1 (Dc channel): 0.0528 (0.0771)  L1 (Dn channel): 0.0306 (0.0458)  IoU (P channel): 0.0157 (0.0126)  lr: 0.000062  iter-time: 1.1721
[18:22:55.750307] Epoch: [2]  [280/358]  eta: 0:02:09  loss: 1.9561 (2.1433)  IoU (F channel): 0.0038 (0.0034)  L1 (Dc channel): 0.0516 (0.0761)  L1 (Dn channel): 0.0304 (0.0452)  IoU (P channel): 0.0174 (0.0127)  lr: 0.000063  iter-time: 1.1775
[18:23:07.399264] Epoch: [2]  [290/358]  eta: 0:01:51  loss: 1.9449 (2.1361)  IoU (F channel): 0.0036 (0.0035)  L1 (Dc channel): 0.0506 (0.0752)  L1 (Dn channel): 0.0285 (0.0446)  IoU (P channel): 0.0162 (0.0129)  lr: 0.000064  iter-time: 1.1726
[18:23:19.109479] Epoch: [2]  [300/358]  eta: 0:01:34  loss: 1.9094 (2.1284)  IoU (F channel): 0.0038 (0.0035)  L1 (Dc channel): 0.0439 (0.0741)  L1 (Dn channel): 0.0264 (0.0440)  IoU (P channel): 0.0157 (0.0130)  lr: 0.000065  iter-time: 1.1678
[18:23:30.576098] Epoch: [2]  [310/358]  eta: 0:01:17  loss: 1.9001 (2.1214)  IoU (F channel): 0.0035 (0.0035)  L1 (Dc channel): 0.0434 (0.0732)  L1 (Dn channel): 0.0249 (0.0434)  IoU (P channel): 0.0153 (0.0131)  lr: 0.000065  iter-time: 1.1587
[18:23:42.407626] Epoch: [2]  [320/358]  eta: 0:01:00  loss: 1.8989 (2.1143)  IoU (F channel): 0.0041 (0.0036)  L1 (Dc channel): 0.0438 (0.0723)  L1 (Dn channel): 0.0249 (0.0429)  IoU (P channel): 0.0153 (0.0133)  lr: 0.000066  iter-time: 1.1647
[18:23:53.754972] Epoch: [2]  [330/358]  eta: 0:00:44  loss: 1.8674 (2.1073)  IoU (F channel): 0.0046 (0.0036)  L1 (Dc channel): 0.0429 (0.0714)  L1 (Dn channel): 0.0239 (0.0423)  IoU (P channel): 0.0175 (0.0135)  lr: 0.000067  iter-time: 1.1588
[18:24:05.199450] Epoch: [2]  [340/358]  eta: 0:00:28  loss: 1.8737 (2.1006)  IoU (F channel): 0.0044 (0.0036)  L1 (Dc channel): 0.0418 (0.0706)  L1 (Dn channel): 0.0232 (0.0417)  IoU (P channel): 0.0135 (0.0135)  lr: 0.000068  iter-time: 1.1395
[18:24:16.583540] Epoch: [2]  [350/358]  eta: 0:00:12  loss: 1.8575 (2.0934)  IoU (F channel): 0.0049 (0.0038)  L1 (Dc channel): 0.0409 (0.0697)  L1 (Dn channel): 0.0231 (0.0412)  IoU (P channel): 0.0157 (0.0139)  lr: 0.000068  iter-time: 1.1413
[18:24:23.558036] Epoch: [2]  [357/358]  eta: 0:00:01  loss: 1.8559 (2.0886)  IoU (F channel): 0.0064 (0.0038)  L1 (Dc channel): 0.0403 (0.0691)  L1 (Dn channel): 0.0227 (0.0408)  IoU (P channel): 0.0218 (0.0140)  lr: 0.000069  iter-time: 1.0904
[18:24:23.558125] Epoch: [2] Total time: 0:09:15 (1.5509 s / it)
[18:24:23.558154] [Train] averaged stats: loss: 1.8559 (2.0886)  IoU (F channel): 0.0064 (0.0038)  L1 (Dc channel): 0.0403 (0.0691)  L1 (Dn channel): 0.0227 (0.0408)  IoU (P channel): 0.0218 (0.0140)  lr: 0.000069
[18:24:34.001815] Epoch: [2]  [ 0/23]  eta: 0:04:00  loss: 1.8475 (1.8475)  IoU (F channel): 0.0002 (0.0002)  L1 (Dc channel): 0.0338 (0.0338)  L1 (Dn channel): 0.0180 (0.0180)  IoU (P channel): 0.0017 (0.0017)  iter-time: 10.4420
[18:24:40.178249] Epoch: [2]  [10/23]  eta: 0:00:19  loss: 1.8526 (1.8573)  IoU (F channel): 0.0038 (0.0052)  L1 (Dc channel): 0.0365 (0.0378)  L1 (Dn channel): 0.0216 (0.0214)  IoU (P channel): 0.0149 (0.0166)  iter-time: 1.5107
[18:24:45.179255] Epoch: [2]  [20/23]  eta: 0:00:03  loss: 1.8349 (1.8412)  IoU (F channel): 0.0055 (0.0057)  L1 (Dc channel): 0.0367 (0.0369)  L1 (Dn channel): 0.0216 (0.0212)  IoU (P channel): 0.0171 (0.0200)  iter-time: 0.5588
[18:24:45.600942] Epoch: [2]  [22/23]  eta: 0:00:00  loss: 1.8251 (1.8398)  IoU (F channel): 0.0052 (0.0055)  L1 (Dc channel): 0.0359 (0.0365)  L1 (Dn channel): 0.0202 (0.0208)  IoU (P channel): 0.0171 (0.0192)  iter-time: 0.5327
[18:24:45.601039] Epoch: [2] Total time: 0:00:22 (0.9583 s / it)
[18:24:45.601060] [Val] averaged stats: loss: 1.8251 (1.8398)  IoU (F channel): 0.0052 (0.0055)  L1 (Dc channel): 0.0359 (0.0365)  L1 (Dn channel): 0.0202 (0.0208)  IoU (P channel): 0.0171 (0.0192)
[18:24:45.601259] Val loss improved from 2.3825625129367993 to 1.8398234066755876, saving model to metrics/biapy/biapy-channel-scale-zarr-unetr/checkpoints/biapy-channel-scale-zarr-unetr_0-checkpoint-best.pth
[18:24:46.970143] [Val] best loss: 1.8398 best  IoU (F channel): 0.0055 L1 (Dc channel): 0.0365 L1 (Dn channel): 0.0208 IoU (P channel): 0.0192 
[18:24:46.977031] [Time] 9.6m 19.8m/9.8h

[18:24:46.977052] ~~~ Epoch 3/60 ~~~

[18:25:12.460047] Epoch: [3]  [  0/358]  eta: 2:32:02  loss: 1.8167 (1.8167)  IoU (F channel): 0.0031 (0.0031)  L1 (Dc channel): 0.0333 (0.0333)  L1 (Dn channel): 0.0174 (0.0174)  IoU (P channel): 0.0095 (0.0095)  lr: 0.000069  iter-time: 25.4810
[18:25:24.475024] Epoch: [3]  [ 10/358]  eta: 0:19:46  loss: 1.8336 (1.8365)  IoU (F channel): 0.0028 (0.0047)  L1 (Dc channel): 0.0355 (0.0365)  L1 (Dn channel): 0.0200 (0.0204)  IoU (P channel): 0.0095 (0.0142)  lr: 0.000070  iter-time: 3.4086
[18:25:36.093879] Epoch: [3]  [ 20/358]  eta: 0:13:10  loss: 1.8217 (1.8307)  IoU (F channel): 0.0037 (0.0053)  L1 (Dc channel): 0.0358 (0.0364)  L1 (Dn channel): 0.0200 (0.0204)  IoU (P channel): 0.0133 (0.0170)  lr: 0.000071  iter-time: 1.1815
[18:25:47.700401] Epoch: [3]  [ 30/358]  eta: 0:10:42  loss: 1.8177 (1.8252)  IoU (F channel): 0.0040 (0.0049)  L1 (Dc channel): 0.0353 (0.0359)  L1 (Dn channel): 0.0199 (0.0202)  IoU (P channel): 0.0173 (0.0168)  lr: 0.000071  iter-time: 1.1611
[18:25:59.548292] Epoch: [3]  [ 40/358]  eta: 0:09:22  loss: 1.8011 (1.8178)  IoU (F channel): 0.0037 (0.0051)  L1 (Dc channel): 0.0325 (0.0350)  L1 (Dn channel): 0.0187 (0.0198)  IoU (P channel): 0.0133 (0.0173)  lr: 0.000072  iter-time: 1.1726
[18:26:11.059750] Epoch: [3]  [ 50/358]  eta: 0:08:27  loss: 1.7869 (1.8091)  IoU (F channel): 0.0046 (0.0052)  L1 (Dc channel): 0.0316 (0.0341)  L1 (Dn channel): 0.0175 (0.0193)  IoU (P channel): 0.0175 (0.0182)  lr: 0.000073  iter-time: 1.1678
[18:26:22.714824] Epoch: [3]  [ 60/358]  eta: 0:07:47  loss: 1.7659 (1.8021)  IoU (F channel): 0.0047 (0.0051)  L1 (Dc channel): 0.0296 (0.0332)  L1 (Dn channel): 0.0173 (0.0189)  IoU (P channel): 0.0230 (0.0185)  lr: 0.000074  iter-time: 1.1582
[18:26:34.528875] Epoch: [3]  [ 70/358]  eta: 0:07:16  loss: 1.7659 (1.7969)  IoU (F channel): 0.0045 (0.0049)  L1 (Dc channel): 0.0288 (0.0327)  L1 (Dn channel): 0.0171 (0.0186)  IoU (P channel): 0.0214 (0.0181)  lr: 0.000075  iter-time: 1.1733
[18:26:45.961392] Epoch: [3]  [ 80/358]  eta: 0:06:48  loss: 1.7571 (1.7923)  IoU (F channel): 0.0037 (0.0050)  L1 (Dc channel): 0.0291 (0.0323)  L1 (Dn channel): 0.0167 (0.0184)  IoU (P channel): 0.0138 (0.0184)  lr: 0.000076  iter-time: 1.1622
[18:26:57.622159] Epoch: [3]  [ 90/358]  eta: 0:06:24  loss: 1.7493 (1.7858)  IoU (F channel): 0.0049 (0.0053)  L1 (Dc channel): 0.0290 (0.0317)  L1 (Dn channel): 0.0167 (0.0182)  IoU (P channel): 0.0211 (0.0198)  lr: 0.000077  iter-time: 1.1545
[18:27:09.515381] Epoch: [3]  [100/358]  eta: 0:06:04  loss: 1.7243 (1.7792)  IoU (F channel): 0.0054 (0.0053)  L1 (Dc channel): 0.0252 (0.0310)  L1 (Dn channel): 0.0150 (0.0178)  IoU (P channel): 0.0211 (0.0200)  lr: 0.000078  iter-time: 1.1775
[18:27:21.345123] Epoch: [3]  [110/358]  eta: 0:05:44  loss: 1.7119 (1.7732)  IoU (F channel): 0.0051 (0.0055)  L1 (Dc channel): 0.0237 (0.0305)  L1 (Dn channel): 0.0147 (0.0176)  IoU (P channel): 0.0203 (0.0207)  lr: 0.000078  iter-time: 1.1860
[18:27:32.773712] Epoch: [3]  [120/358]  eta: 0:05:26  loss: 1.7088 (1.7676)  IoU (F channel): 0.0051 (0.0055)  L1 (Dc channel): 0.0252 (0.0301)  L1 (Dn channel): 0.0151 (0.0174)  IoU (P channel): 0.0208 (0.0208)  lr: 0.000079  iter-time: 1.1628
[18:27:44.411799] Epoch: [3]  [130/358]  eta: 0:05:08  loss: 1.7004 (1.7621)  IoU (F channel): 0.0048 (0.0056)  L1 (Dc channel): 0.0250 (0.0296)  L1 (Dn channel): 0.0150 (0.0171)  IoU (P channel): 0.0183 (0.0211)  lr: 0.000080  iter-time: 1.1532
[18:27:56.130058] Epoch: [3]  [140/358]  eta: 0:04:52  loss: 1.6828 (1.7563)  IoU (F channel): 0.0041 (0.0056)  L1 (Dc channel): 0.0216 (0.0290)  L1 (Dn channel): 0.0138 (0.0169)  IoU (P channel): 0.0170 (0.0211)  lr: 0.000081  iter-time: 1.1677
[18:28:07.582606] Epoch: [3]  [150/358]  eta: 0:04:36  loss: 1.6711 (1.7508)  IoU (F channel): 0.0039 (0.0056)  L1 (Dc channel): 0.0211 (0.0286)  L1 (Dn channel): 0.0134 (0.0167)  IoU (P channel): 0.0186 (0.0214)  lr: 0.000082  iter-time: 1.1584
[18:28:19.380749] Epoch: [3]  [160/358]  eta: 0:04:21  loss: 1.6673 (1.7456)  IoU (F channel): 0.0047 (0.0056)  L1 (Dc channel): 0.0215 (0.0282)  L1 (Dn channel): 0.0129 (0.0165)  IoU (P channel): 0.0207 (0.0216)  lr: 0.000083  iter-time: 1.1624
[18:28:30.987181] Epoch: [3]  [170/358]  eta: 0:04:06  loss: 1.6596 (1.7401)  IoU (F channel): 0.0070 (0.0057)  L1 (Dc channel): 0.0207 (0.0277)  L1 (Dn channel): 0.0128 (0.0163)  IoU (P channel): 0.0289 (0.0223)  lr: 0.000084  iter-time: 1.1701
[18:28:42.642609] Epoch: [3]  [180/358]  eta: 0:03:51  loss: 1.6438 (1.7348)  IoU (F channel): 0.0059 (0.0057)  L1 (Dc channel): 0.0206 (0.0273)  L1 (Dn channel): 0.0126 (0.0161)  IoU (P channel): 0.0256 (0.0223)  lr: 0.000085  iter-time: 1.1629
[18:28:54.407462] Epoch: [3]  [190/358]  eta: 0:03:37  loss: 1.6430 (1.7299)  IoU (F channel): 0.0046 (0.0058)  L1 (Dc channel): 0.0206 (0.0270)  L1 (Dn channel): 0.0126 (0.0159)  IoU (P channel): 0.0207 (0.0226)  lr: 0.000086  iter-time: 1.1709
[18:29:06.134386] Epoch: [3]  [200/358]  eta: 0:03:23  loss: 1.6289 (1.7250)  IoU (F channel): 0.0056 (0.0058)  L1 (Dc channel): 0.0204 (0.0266)  L1 (Dn channel): 0.0128 (0.0158)  IoU (P channel): 0.0240 (0.0227)  lr: 0.000087  iter-time: 1.1744
[18:29:17.749808] Epoch: [3]  [210/358]  eta: 0:03:09  loss: 1.6206 (1.7200)  IoU (F channel): 0.0056 (0.0059)  L1 (Dc channel): 0.0199 (0.0263)  L1 (Dn channel): 0.0128 (0.0156)  IoU (P channel): 0.0282 (0.0232)  lr: 0.000088  iter-time: 1.1669
[18:29:29.728318] Epoch: [3]  [220/358]  eta: 0:02:56  loss: 1.6137 (1.7154)  IoU (F channel): 0.0059 (0.0059)  L1 (Dc channel): 0.0197 (0.0260)  L1 (Dn channel): 0.0120 (0.0155)  IoU (P channel): 0.0276 (0.0234)  lr: 0.000089  iter-time: 1.1796
[18:29:41.277666] Epoch: [3]  [230/358]  eta: 0:02:43  loss: 1.6005 (1.7107)  IoU (F channel): 0.0036 (0.0058)  L1 (Dc channel): 0.0188 (0.0257)  L1 (Dn channel): 0.0121 (0.0153)  IoU (P channel): 0.0190 (0.0234)  lr: 0.000090  iter-time: 1.1763
[18:29:53.309427] Epoch: [3]  [240/358]  eta: 0:02:29  loss: 1.5949 (1.7057)  IoU (F channel): 0.0038 (0.0058)  L1 (Dc channel): 0.0175 (0.0254)  L1 (Dn channel): 0.0113 (0.0152)  IoU (P channel): 0.0183 (0.0235)  lr: 0.000091  iter-time: 1.1789
[18:30:05.027260] Epoch: [3]  [250/358]  eta: 0:02:16  loss: 1.5821 (1.7003)  IoU (F channel): 0.0057 (0.0060)  L1 (Dc channel): 0.0167 (0.0251)  L1 (Dn channel): 0.0108 (0.0150)  IoU (P channel): 0.0256 (0.0245)  lr: 0.000092  iter-time: 1.1873
[18:30:16.815152] Epoch: [3]  [260/358]  eta: 0:02:03  loss: 1.5670 (1.6955)  IoU (F channel): 0.0076 (0.0060)  L1 (Dc channel): 0.0168 (0.0248)  L1 (Dn channel): 0.0111 (0.0149)  IoU (P channel): 0.0329 (0.0246)  lr: 0.000093  iter-time: 1.1751
[18:30:28.673236] Epoch: [3]  [270/358]  eta: 0:01:50  loss: 1.5668 (1.6908)  IoU (F channel): 0.0078 (0.0062)  L1 (Dc channel): 0.0168 (0.0245)  L1 (Dn channel): 0.0111 (0.0147)  IoU (P channel): 0.0286 (0.0255)  lr: 0.000095  iter-time: 1.1821
[18:30:40.458018] Epoch: [3]  [280/358]  eta: 0:01:38  loss: 1.5589 (1.6857)  IoU (F channel): 0.0081 (0.0063)  L1 (Dc channel): 0.0162 (0.0242)  L1 (Dn channel): 0.0109 (0.0146)  IoU (P channel): 0.0336 (0.0258)  lr: 0.000096  iter-time: 1.1819
[18:30:52.189539] Epoch: [3]  [290/358]  eta: 0:01:25  loss: 1.5466 (1.6809)  IoU (F channel): 0.0083 (0.0064)  L1 (Dc channel): 0.0157 (0.0239)  L1 (Dn channel): 0.0100 (0.0144)  IoU (P channel): 0.0320 (0.0261)  lr: 0.000097  iter-time: 1.1756
[18:31:03.774776] Epoch: [3]  [300/358]  eta: 0:01:12  loss: 1.5415 (1.6764)  IoU (F channel): 0.0075 (0.0065)  L1 (Dc channel): 0.0165 (0.0237)  L1 (Dn channel): 0.0106 (0.0143)  IoU (P channel): 0.0228 (0.0262)  lr: 0.000098  iter-time: 1.1656
[18:31:15.263499] Epoch: [3]  [310/358]  eta: 0:00:59  loss: 1.5408 (1.6717)  IoU (F channel): 0.0085 (0.0067)  L1 (Dc channel): 0.0166 (0.0235)  L1 (Dn channel): 0.0103 (0.0142)  IoU (P channel): 0.0322 (0.0270)  lr: 0.000099  iter-time: 1.1535
[18:31:26.929899] Epoch: [3]  [320/358]  eta: 0:00:47  loss: 1.5315 (1.6674)  IoU (F channel): 0.0104 (0.0068)  L1 (Dc channel): 0.0168 (0.0233)  L1 (Dn channel): 0.0101 (0.0141)  IoU (P channel): 0.0348 (0.0272)  lr: 0.000100  iter-time: 1.1576
[18:31:38.496747] Epoch: [3]  [330/358]  eta: 0:00:34  loss: 1.5295 (1.6631)  IoU (F channel): 0.0087 (0.0069)  L1 (Dc channel): 0.0174 (0.0231)  L1 (Dn channel): 0.0105 (0.0140)  IoU (P channel): 0.0302 (0.0274)  lr: 0.000101  iter-time: 1.1615
[18:31:50.215202] Epoch: [3]  [340/358]  eta: 0:00:22  loss: 1.5146 (1.6585)  IoU (F channel): 0.0077 (0.0069)  L1 (Dc channel): 0.0174 (0.0229)  L1 (Dn channel): 0.0105 (0.0139)  IoU (P channel): 0.0314 (0.0278)  lr: 0.000102  iter-time: 1.1641
[18:32:01.582588] Epoch: [3]  [350/358]  eta: 0:00:09  loss: 1.5033 (1.6542)  IoU (F channel): 0.0082 (0.0070)  L1 (Dc channel): 0.0176 (0.0228)  L1 (Dn channel): 0.0101 (0.0138)  IoU (P channel): 0.0337 (0.0280)  lr: 0.000104  iter-time: 1.1541
[18:32:08.563305] Epoch: [3]  [357/358]  eta: 0:00:01  loss: 1.5028 (1.6513)  IoU (F channel): 0.0088 (0.0071)  L1 (Dc channel): 0.0177 (0.0226)  L1 (Dn channel): 0.0101 (0.0137)  IoU (P channel): 0.0402 (0.0287)  lr: 0.000104  iter-time: 1.0974
[18:32:08.563415] Epoch: [3] Total time: 0:07:21 (1.2335 s / it)
[18:32:08.563447] [Train] averaged stats: loss: 1.5028 (1.6513)  IoU (F channel): 0.0088 (0.0071)  L1 (Dc channel): 0.0177 (0.0226)  L1 (Dn channel): 0.0101 (0.0137)  IoU (P channel): 0.0402 (0.0287)  lr: 0.000104
[18:32:16.459421] Epoch: [3]  [ 0/23]  eta: 0:03:01  loss: 1.5006 (1.5006)  IoU (F channel): 0.0002 (0.0002)  L1 (Dc channel): 0.0147 (0.0147)  L1 (Dn channel): 0.0093 (0.0093)  IoU (P channel): 0.0024 (0.0024)  iter-time: 7.8946
[18:32:23.071959] Epoch: [3]  [10/23]  eta: 0:00:17  loss: 1.5103 (1.5117)  IoU (F channel): 0.0063 (0.0089)  L1 (Dc channel): 0.0156 (0.0157)  L1 (Dn channel): 0.0103 (0.0105)  IoU (P channel): 0.0311 (0.0318)  iter-time: 1.3188
[18:32:27.479760] Epoch: [3]  [20/23]  eta: 0:00:02  loss: 1.4902 (1.4993)  IoU (F channel): 0.0083 (0.0106)  L1 (Dc channel): 0.0159 (0.0157)  L1 (Dn channel): 0.0102 (0.0103)  IoU (P channel): 0.0375 (0.0425)  iter-time: 0.5510
[18:32:27.897740] Epoch: [3]  [22/23]  eta: 0:00:00  loss: 1.4867 (1.4985)  IoU (F channel): 0.0083 (0.0100)  L1 (Dc channel): 0.0149 (0.0156)  L1 (Dn channel): 0.0097 (0.0101)  IoU (P channel): 0.0375 (0.0407)  iter-time: 0.5200
[18:32:27.897823] Epoch: [3] Total time: 0:00:19 (0.8406 s / it)
[18:32:27.897843] [Val] averaged stats: loss: 1.4867 (1.4985)  IoU (F channel): 0.0083 (0.0100)  L1 (Dc channel): 0.0149 (0.0156)  L1 (Dn channel): 0.0097 (0.0101)  IoU (P channel): 0.0375 (0.0407)
[18:32:27.898028] Val loss improved from 1.8398234066755876 to 1.4985381675803142, saving model to metrics/biapy/biapy-channel-scale-zarr-unetr/checkpoints/biapy-channel-scale-zarr-unetr_0-checkpoint-best.pth
[18:32:29.242568] [Val] best loss: 1.4985 best  IoU (F channel): 0.0100 L1 (Dc channel): 0.0156 L1 (Dn channel): 0.0101 IoU (P channel): 0.0407 
[18:32:29.261508] [Time] 7.7m 27.5m/7.9h

[18:32:29.261540] ~~~ Epoch 4/60 ~~~

[18:32:41.191018] Epoch: [4]  [  0/358]  eta: 1:11:09  loss: 1.5123 (1.5123)  IoU (F channel): 0.0329 (0.0329)  L1 (Dc channel): 0.0147 (0.0147)  L1 (Dn channel): 0.0116 (0.0116)  IoU (P channel): 0.0974 (0.0974)  lr: 0.000104  iter-time: 11.9271
[18:32:53.735128] Epoch: [4]  [ 10/358]  eta: 0:12:54  loss: 1.4841 (1.4900)  IoU (F channel): 0.0110 (0.0125)  L1 (Dc channel): 0.0170 (0.0165)  L1 (Dn channel): 0.0098 (0.0101)  IoU (P channel): 0.0408 (0.0426)  lr: 0.000106  iter-time: 2.2245
[18:33:05.421739] Epoch: [4]  [ 20/358]  eta: 0:09:41  loss: 1.4841 (1.4881)  IoU (F channel): 0.0096 (0.0128)  L1 (Dc channel): 0.0167 (0.0164)  L1 (Dn channel): 0.0100 (0.0103)  IoU (P channel): 0.0324 (0.0483)  lr: 0.000107  iter-time: 1.2114
[18:33:16.930973] Epoch: [4]  [ 30/358]  eta: 0:08:24  loss: 1.4776 (1.4837)  IoU (F channel): 0.0085 (0.0120)  L1 (Dc channel): 0.0151 (0.0160)  L1 (Dn channel): 0.0097 (0.0100)  IoU (P channel): 0.0324 (0.0445)  lr: 0.000108  iter-time: 1.1597
[18:33:28.747182] Epoch: [4]  [ 40/358]  eta: 0:07:41  loss: 1.4611 (1.4779)  IoU (F channel): 0.0074 (0.0114)  L1 (Dc channel): 0.0147 (0.0157)  L1 (Dn channel): 0.0093 (0.0098)  IoU (P channel): 0.0329 (0.0442)  lr: 0.000109  iter-time: 1.1661
[18:33:40.379974] Epoch: [4]  [ 50/358]  eta: 0:07:09  loss: 1.4473 (1.4707)  IoU (F channel): 0.0075 (0.0114)  L1 (Dc channel): 0.0136 (0.0152)  L1 (Dn channel): 0.0085 (0.0095)  IoU (P channel): 0.0427 (0.0452)  lr: 0.000110  iter-time: 1.1723
[18:33:52.136212] Epoch: [4]  [ 60/358]  eta: 0:06:44  loss: 1.4438 (1.4667)  IoU (F channel): 0.0138 (0.0122)  L1 (Dc channel): 0.0138 (0.0152)  L1 (Dn channel): 0.0086 (0.0095)  IoU (P channel): 0.0463 (0.0463)  lr: 0.000112  iter-time: 1.1693
[18:34:03.928803] Epoch: [4]  [ 70/358]  eta: 0:06:23  loss: 1.4414 (1.4614)  IoU (F channel): 0.0141 (0.0126)  L1 (Dc channel): 0.0138 (0.0150)  L1 (Dn channel): 0.0091 (0.0094)  IoU (P channel): 0.0543 (0.0479)  lr: 0.000113  iter-time: 1.1773
[18:34:15.779804] Epoch: [4]  [ 80/358]  eta: 0:06:05  loss: 1.4263 (1.4574)  IoU (F channel): 0.0158 (0.0132)  L1 (Dc channel): 0.0139 (0.0150)  L1 (Dn channel): 0.0087 (0.0094)  IoU (P channel): 0.0543 (0.0490)  lr: 0.000114  iter-time: 1.1820
[18:34:27.220945] Epoch: [4]  [ 90/358]  eta: 0:05:47  loss: 1.4256 (1.4535)  IoU (F channel): 0.0149 (0.0136)  L1 (Dc channel): 0.0143 (0.0150)  L1 (Dn channel): 0.0086 (0.0093)  IoU (P channel): 0.0431 (0.0502)  lr: 0.000115  iter-time: 1.1645
[18:34:38.761276] Epoch: [4]  [100/358]  eta: 0:05:30  loss: 1.4175 (1.4493)  IoU (F channel): 0.0153 (0.0138)  L1 (Dc channel): 0.0141 (0.0149)  L1 (Dn channel): 0.0087 (0.0093)  IoU (P channel): 0.0487 (0.0499)  lr: 0.000117  iter-time: 1.1489
[18:35:18.286640] Epoch: [4]  [110/358]  eta: 0:06:17  loss: 1.4141 (1.4462)  IoU (F channel): 0.0094 (0.0136)  L1 (Dc channel): 0.0143 (0.0149)  L1 (Dn channel): 0.0087 (0.0092)  IoU (P channel): 0.0315 (0.0491)  lr: 0.000118  iter-time: 2.5531
[18:35:29.871897] Epoch: [4]  [120/358]  eta: 0:05:55  loss: 1.4017 (1.4423)  IoU (F channel): 0.0094 (0.0137)  L1 (Dc channel): 0.0141 (0.0148)  L1 (Dn channel): 0.0085 (0.0092)  IoU (P channel): 0.0378 (0.0494)  lr: 0.000119  iter-time: 2.5554
[18:35:41.421151] Epoch: [4]  [130/358]  eta: 0:05:34  loss: 1.3889 (1.4378)  IoU (F channel): 0.0152 (0.0142)  L1 (Dc channel): 0.0137 (0.0148)  L1 (Dn channel): 0.0085 (0.0091)  IoU (P channel): 0.0531 (0.0503)  lr: 0.000120  iter-time: 1.1566
[18:35:52.907772] Epoch: [4]  [140/358]  eta: 0:05:14  loss: 1.3819 (1.4334)  IoU (F channel): 0.0188 (0.0144)  L1 (Dc channel): 0.0132 (0.0146)  L1 (Dn channel): 0.0080 (0.0091)  IoU (P channel): 0.0547 (0.0509)  lr: 0.000122  iter-time: 1.1517
[18:36:04.361044] Epoch: [4]  [150/358]  eta: 0:04:56  loss: 1.3695 (1.4288)  IoU (F channel): 0.0151 (0.0146)  L1 (Dc channel): 0.0128 (0.0145)  L1 (Dn channel): 0.0078 (0.0090)  IoU (P channel): 0.0559 (0.0512)  lr: 0.000123  iter-time: 1.1469
[18:36:16.124022] Epoch: [4]  [160/358]  eta: 0:04:38  loss: 1.3609 (1.4244)  IoU (F channel): 0.0151 (0.0147)  L1 (Dc channel): 0.0124 (0.0144)  L1 (Dn channel): 0.0081 (0.0089)  IoU (P channel): 0.0433 (0.0508)  lr: 0.000124  iter-time: 1.1607
[18:36:27.759859] Epoch: [4]  [170/358]  eta: 0:04:22  loss: 1.3581 (1.4203)  IoU (F channel): 0.0145 (0.0148)  L1 (Dc channel): 0.0129 (0.0143)  L1 (Dn channel): 0.0081 (0.0089)  IoU (P channel): 0.0433 (0.0509)  lr: 0.000126  iter-time: 1.1698
[18:36:39.349829] Epoch: [4]  [180/358]  eta: 0:04:05  loss: 1.3420 (1.4159)  IoU (F channel): 0.0171 (0.0154)  L1 (Dc channel): 0.0126 (0.0142)  L1 (Dn channel): 0.0080 (0.0088)  IoU (P channel): 0.0597 (0.0521)  lr: 0.000127  iter-time: 1.1611
[18:36:50.803301] Epoch: [4]  [190/358]  eta: 0:03:50  loss: 1.3330 (1.4116)  IoU (F channel): 0.0233 (0.0158)  L1 (Dc channel): 0.0125 (0.0141)  L1 (Dn channel): 0.0078 (0.0088)  IoU (P channel): 0.0605 (0.0527)  lr: 0.000128  iter-time: 1.1520
[18:37:02.104844] Epoch: [4]  [200/358]  eta: 0:03:34  loss: 1.3308 (1.4075)  IoU (F channel): 0.0239 (0.0167)  L1 (Dc channel): 0.0130 (0.0141)  L1 (Dn channel): 0.0078 (0.0087)  IoU (P channel): 0.0653 (0.0542)  lr: 0.000130  iter-time: 1.1376
[18:37:13.430032] Epoch: [4]  [210/358]  eta: 0:03:19  loss: 1.3196 (1.4032)  IoU (F channel): 0.0204 (0.0168)  L1 (Dc channel): 0.0127 (0.0140)  L1 (Dn channel): 0.0079 (0.0087)  IoU (P channel): 0.0584 (0.0543)  lr: 0.000131  iter-time: 1.1309
[18:37:35.124008] Epoch: [4]  [220/358]  eta: 0:03:10  loss: 1.3190 (1.3992)  IoU (F channel): 0.0187 (0.0169)  L1 (Dc channel): 0.0123 (0.0139)  L1 (Dn channel): 0.0077 (0.0087)  IoU (P channel): 0.0571 (0.0544)  lr: 0.000133  iter-time: 1.6504
[18:37:46.786761] Epoch: [4]  [230/358]  eta: 0:02:55  loss: 1.3138 (1.3954)  IoU (F channel): 0.0191 (0.0171)  L1 (Dc channel): 0.0126 (0.0139)  L1 (Dn channel): 0.0076 (0.0086)  IoU (P channel): 0.0534 (0.0545)  lr: 0.000134  iter-time: 1.6676
[18:37:58.708759] Epoch: [4]  [240/358]  eta: 0:02:41  loss: 1.3076 (1.3920)  IoU (F channel): 0.0241 (0.0181)  L1 (Dc channel): 0.0126 (0.0138)  L1 (Dn channel): 0.0086 (0.0086)  IoU (P channel): 0.0690 (0.0561)  lr: 0.000135  iter-time: 1.1791
[18:38:10.303267] Epoch: [4]  [250/358]  eta: 0:02:26  loss: 1.2931 (1.3878)  IoU (F channel): 0.0226 (0.0183)  L1 (Dc channel): 0.0125 (0.0138)  L1 (Dn channel): 0.0082 (0.0086)  IoU (P channel): 0.0651 (0.0563)  lr: 0.000137  iter-time: 1.1757
[18:38:21.769672] Epoch: [4]  [260/358]  eta: 0:02:12  loss: 1.2846 (1.3840)  IoU (F channel): 0.0201 (0.0190)  L1 (Dc channel): 0.0122 (0.0138)  L1 (Dn channel): 0.0075 (0.0086)  IoU (P channel): 0.0502 (0.0569)  lr: 0.000138  iter-time: 1.1529
[18:38:33.322590] Epoch: [4]  [270/358]  eta: 0:01:58  loss: 1.2749 (1.3796)  IoU (F channel): 0.0241 (0.0193)  L1 (Dc channel): 0.0120 (0.0137)  L1 (Dn channel): 0.0075 (0.0085)  IoU (P channel): 0.0584 (0.0575)  lr: 0.000140  iter-time: 1.1508
[18:38:45.022699] Epoch: [4]  [280/358]  eta: 0:01:44  loss: 1.2569 (1.3753)  IoU (F channel): 0.0290 (0.0196)  L1 (Dc channel): 0.0117 (0.0136)  L1 (Dn channel): 0.0073 (0.0085)  IoU (P channel): 0.0751 (0.0579)  lr: 0.000141  iter-time: 1.1625
[18:38:56.559753] Epoch: [4]  [290/358]  eta: 0:01:30  loss: 1.2519 (1.3710)  IoU (F channel): 0.0340 (0.0205)  L1 (Dc channel): 0.0117 (0.0136)  L1 (Dn channel): 0.0071 (0.0085)  IoU (P channel): 0.0828 (0.0595)  lr: 0.000142  iter-time: 1.1617
[18:39:08.001812] Epoch: [4]  [300/358]  eta: 0:01:16  loss: 1.2507 (1.3674)  IoU (F channel): 0.0314 (0.0210)  L1 (Dc channel): 0.0126 (0.0136)  L1 (Dn channel): 0.0078 (0.0084)  IoU (P channel): 0.0785 (0.0603)  lr: 0.000144  iter-time: 1.1488
[18:39:19.550894] Epoch: [4]  [310/358]  eta: 0:01:03  loss: 1.2432 (1.3632)  IoU (F channel): 0.0246 (0.0213)  L1 (Dc channel): 0.0125 (0.0135)  L1 (Dn channel): 0.0078 (0.0084)  IoU (P channel): 0.0630 (0.0607)  lr: 0.000145  iter-time: 1.1494
[18:39:31.283954] Epoch: [4]  [320/358]  eta: 0:00:49  loss: 1.2375 (1.3592)  IoU (F channel): 0.0316 (0.0220)  L1 (Dc channel): 0.0114 (0.0135)  L1 (Dn channel): 0.0074 (0.0084)  IoU (P channel): 0.0683 (0.0614)  lr: 0.000147  iter-time: 1.1639
[18:39:42.714424] Epoch: [4]  [330/358]  eta: 0:00:36  loss: 1.2294 (1.3553)  IoU (F channel): 0.0362 (0.0225)  L1 (Dc channel): 0.0116 (0.0134)  L1 (Dn channel): 0.0073 (0.0084)  IoU (P channel): 0.0774 (0.0622)  lr: 0.000148  iter-time: 1.1580
[18:39:54.381829] Epoch: [4]  [340/358]  eta: 0:00:23  loss: 1.2129 (1.3510)  IoU (F channel): 0.0390 (0.0230)  L1 (Dc channel): 0.0115 (0.0134)  L1 (Dn channel): 0.0073 (0.0083)  IoU (P channel): 0.0900 (0.0629)  lr: 0.000150  iter-time: 1.1547
[18:40:05.662043] Epoch: [4]  [350/358]  eta: 0:00:10  loss: 1.2040 (1.3468)  IoU (F channel): 0.0309 (0.0232)  L1 (Dc channel): 0.0110 (0.0133)  L1 (Dn channel): 0.0073 (0.0083)  IoU (P channel): 0.0899 (0.0634)  lr: 0.000151  iter-time: 1.1473
[18:40:12.658949] Epoch: [4]  [357/358]  eta: 0:00:01  loss: 1.2000 (1.3440)  IoU (F channel): 0.0290 (0.0237)  L1 (Dc channel): 0.0115 (0.0133)  L1 (Dn channel): 0.0075 (0.0083)  IoU (P channel): 0.0833 (0.0641)  lr: 0.000152  iter-time: 1.0829
[18:40:12.659195] Epoch: [4] Total time: 0:07:43 (1.2944 s / it)
[18:40:12.659224] [Train] averaged stats: loss: 1.2000 (1.3440)  IoU (F channel): 0.0290 (0.0237)  L1 (Dc channel): 0.0115 (0.0133)  L1 (Dn channel): 0.0075 (0.0083)  IoU (P channel): 0.0833 (0.0641)  lr: 0.000152
[18:40:33.054969] Epoch: [4]  [ 0/23]  eta: 0:07:49  loss: 1.1888 (1.1888)  IoU (F channel): 0.0009 (0.0009)  L1 (Dc channel): 0.0104 (0.0104)  L1 (Dn channel): 0.0073 (0.0073)  IoU (P channel): 0.0036 (0.0036)  iter-time: 20.3944
[18:40:40.076999] Epoch: [4]  [10/23]  eta: 0:00:32  loss: 1.1989 (1.2177)  IoU (F channel): 0.0311 (0.0358)  L1 (Dc channel): 0.0113 (0.0114)  L1 (Dn channel): 0.0080 (0.0083)  IoU (P channel): 0.0718 (0.0699)  iter-time: 2.4924
[18:40:45.460918] Epoch: [4]  [20/23]  eta: 0:00:04  loss: 1.1940 (1.2063)  IoU (F channel): 0.0407 (0.0463)  L1 (Dc channel): 0.0113 (0.0113)  L1 (Dn channel): 0.0079 (0.0081)  IoU (P channel): 0.0897 (0.0912)  iter-time: 0.6203
[18:40:45.881171] Epoch: [4]  [22/23]  eta: 0:00:01  loss: 1.1913 (1.2052)  IoU (F channel): 0.0407 (0.0443)  L1 (Dc channel): 0.0110 (0.0111)  L1 (Dn channel): 0.0078 (0.0081)  IoU (P channel): 0.0897 (0.0883)  iter-time: 0.5184
[18:40:45.881250] Epoch: [4] Total time: 0:00:33 (1.4444 s / it)
[18:40:45.881271] [Val] averaged stats: loss: 1.1913 (1.2052)  IoU (F channel): 0.0407 (0.0443)  L1 (Dc channel): 0.0110 (0.0111)  L1 (Dn channel): 0.0078 (0.0081)  IoU (P channel): 0.0897 (0.0883)
[18:40:45.881470] Val loss improved from 1.4985381675803142 to 1.2052292098169741, saving model to metrics/biapy/biapy-channel-scale-zarr-unetr/checkpoints/biapy-channel-scale-zarr-unetr_0-checkpoint-best.pth
[18:40:47.078630] [Val] best loss: 1.2052 best  IoU (F channel): 0.0443 L1 (Dc channel): 0.0111 L1 (Dn channel): 0.0081 IoU (P channel): 0.0883 
[18:40:47.088784] [Time] 8.3m 35.8m/8.5h

[18:40:47.088806] ~~~ Epoch 5/60 ~~~

[18:41:11.025537] Epoch: [5]  [  0/358]  eta: 2:22:48  loss: 1.1832 (1.1832)  IoU (F channel): 0.0326 (0.0326)  L1 (Dc channel): 0.0114 (0.0114)  L1 (Dn channel): 0.0077 (0.0077)  IoU (P channel): 0.0738 (0.0738)  lr: 0.000152  iter-time: 23.9342
[18:41:23.310431] Epoch: [5]  [ 10/358]  eta: 0:19:05  loss: 1.1837 (1.1869)  IoU (F channel): 0.0282 (0.0268)  L1 (Dc channel): 0.0118 (0.0123)  L1 (Dn channel): 0.0072 (0.0071)  IoU (P channel): 0.0687 (0.0671)  lr: 0.000154  iter-time: 3.2925
[18:41:35.140100] Epoch: [5]  [ 20/358]  eta: 0:12:53  loss: 1.1835 (1.1830)  IoU (F channel): 0.0282 (0.0376)  L1 (Dc channel): 0.0114 (0.0115)  L1 (Dn channel): 0.0069 (0.0071)  IoU (P channel): 0.0750 (0.0839)  lr: 0.000156  iter-time: 1.2056
[18:41:46.735478] Epoch: [5]  [ 30/358]  eta: 0:10:31  loss: 1.1714 (1.1804)  IoU (F channel): 0.0474 (0.0438)  L1 (Dc channel): 0.0102 (0.0115)  L1 (Dn channel): 0.0069 (0.0071)  IoU (P channel): 0.1039 (0.0922)  lr: 0.000157  iter-time: 1.1711
[18:41:58.319158] Epoch: [5]  [ 40/358]  eta: 0:09:12  loss: 1.1636 (1.1766)  IoU (F channel): 0.0475 (0.0467)  L1 (Dc channel): 0.0112 (0.0113)  L1 (Dn channel): 0.0072 (0.0071)  IoU (P channel): 0.1110 (0.0975)  lr: 0.000159  iter-time: 1.1588
[18:42:09.918201] Epoch: [5]  [ 50/358]  eta: 0:08:20  loss: 1.1531 (1.1710)  IoU (F channel): 0.0475 (0.0467)  L1 (Dc channel): 0.0114 (0.0114)  L1 (Dn channel): 0.0070 (0.0070)  IoU (P channel): 0.1024 (0.0969)  lr: 0.000160  iter-time: 1.1590
[18:42:21.525751] Epoch: [5]  [ 60/358]  eta: 0:07:41  loss: 1.1460 (1.1670)  IoU (F channel): 0.0500 (0.0492)  L1 (Dc channel): 0.0112 (0.0113)  L1 (Dn channel): 0.0070 (0.0070)  IoU (P channel): 0.1259 (0.1020)  lr: 0.000162  iter-time: 1.1602
[18:42:32.939148] Epoch: [5]  [ 70/358]  eta: 0:07:09  loss: 1.1357 (1.1613)  IoU (F channel): 0.0477 (0.0486)  L1 (Dc channel): 0.0108 (0.0113)  L1 (Dn channel): 0.0069 (0.0070)  IoU (P channel): 0.1057 (0.1006)  lr: 0.000163  iter-time: 1.1509
[18:42:44.625826] Epoch: [5]  [ 80/358]  eta: 0:06:43  loss: 1.1215 (1.1570)  IoU (F channel): 0.0440 (0.0494)  L1 (Dc channel): 0.0102 (0.0112)  L1 (Dn channel): 0.0065 (0.0070)  IoU (P channel): 0.0891 (0.1005)  lr: 0.000165  iter-time: 1.1548
[18:42:56.186109] Epoch: [5]  [ 90/358]  eta: 0:06:20  loss: 1.1134 (1.1519)  IoU (F channel): 0.0435 (0.0495)  L1 (Dc channel): 0.0099 (0.0111)  L1 (Dn channel): 0.0064 (0.0069)  IoU (P channel): 0.0891 (0.1016)  lr: 0.000166  iter-time: 1.1622
[18:43:08.013232] Epoch: [5]  [100/358]  eta: 0:05:59  loss: 1.1096 (1.1471)  IoU (F channel): 0.0435 (0.0506)  L1 (Dc channel): 0.0107 (0.0111)  L1 (Dn channel): 0.0064 (0.0069)  IoU (P channel): 0.0955 (0.1032)  lr: 0.000168  iter-time: 1.1692
[18:43:19.299767] Epoch: [5]  [110/358]  eta: 0:05:40  loss: 1.0977 (1.1421)  IoU (F channel): 0.0429 (0.0510)  L1 (Dc channel): 0.0104 (0.0110)  L1 (Dn channel): 0.0065 (0.0069)  IoU (P channel): 0.0955 (0.1033)  lr: 0.000170  iter-time: 1.1555
[18:43:31.027329] Epoch: [5]  [120/358]  eta: 0:05:22  loss: 1.0963 (1.1382)  IoU (F channel): 0.0498 (0.0521)  L1 (Dc channel): 0.0106 (0.0111)  L1 (Dn channel): 0.0066 (0.0069)  IoU (P channel): 0.1129 (0.1051)  lr: 0.000171  iter-time: 1.1505
[18:43:42.442916] Epoch: [5]  [130/358]  eta: 0:05:05  loss: 1.0861 (1.1344)  IoU (F channel): 0.0620 (0.0536)  L1 (Dc channel): 0.0116 (0.0111)  L1 (Dn channel): 0.0070 (0.0069)  IoU (P channel): 0.1142 (0.1068)  lr: 0.000173  iter-time: 1.1570
[18:43:53.875139] Epoch: [5]  [140/358]  eta: 0:04:48  loss: 1.0803 (1.1303)  IoU (F channel): 0.0626 (0.0549)  L1 (Dc channel): 0.0120 (0.0112)  L1 (Dn channel): 0.0070 (0.0070)  IoU (P channel): 0.1142 (0.1075)  lr: 0.000174  iter-time: 1.1423
[18:44:05.402343] Epoch: [5]  [150/358]  eta: 0:04:33  loss: 1.0630 (1.1257)  IoU (F channel): 0.0626 (0.0562)  L1 (Dc channel): 0.0109 (0.0111)  L1 (Dn channel): 0.0066 (0.0070)  IoU (P channel): 0.1210 (0.1085)  lr: 0.000176  iter-time: 1.1478
[18:44:17.314834] Epoch: [5]  [160/358]  eta: 0:04:18  loss: 1.0554 (1.1216)  IoU (F channel): 0.0585 (0.0572)  L1 (Dc channel): 0.0102 (0.0111)  L1 (Dn channel): 0.0065 (0.0070)  IoU (P channel): 0.1197 (0.1093)  lr: 0.000178  iter-time: 1.1718
[18:44:28.744015] Epoch: [5]  [170/358]  eta: 0:04:03  loss: 1.0512 (1.1172)  IoU (F channel): 0.0533 (0.0575)  L1 (Dc channel): 0.0105 (0.0112)  L1 (Dn channel): 0.0068 (0.0070)  IoU (P channel): 0.0995 (0.1095)  lr: 0.000179  iter-time: 1.1669
[18:44:57.280739] Epoch: [5]  [180/358]  eta: 0:04:06  loss: 1.0338 (1.1125)  IoU (F channel): 0.0647 (0.0584)  L1 (Dc channel): 0.0104 (0.0111)  L1 (Dn channel): 0.0065 (0.0070)  IoU (P channel): 0.1322 (0.1107)  lr: 0.000181  iter-time: 1.9981
[18:45:31.503559] Epoch: [5]  [190/358]  eta: 0:04:10  loss: 1.0227 (1.1080)  IoU (F channel): 0.0763 (0.0607)  L1 (Dc channel): 0.0093 (0.0110)  L1 (Dn channel): 0.0062 (0.0069)  IoU (P channel): 0.1312 (0.1122)  lr: 0.000183  iter-time: 3.1378
[18:45:43.367570] Epoch: [5]  [200/358]  eta: 0:03:52  loss: 1.0178 (1.1039)  IoU (F channel): 0.1103 (0.0635)  L1 (Dc channel): 0.0093 (0.0110)  L1 (Dn channel): 0.0063 (0.0069)  IoU (P channel): 0.1546 (0.1147)  lr: 0.000184  iter-time: 2.3041
[18:45:55.170000] Epoch: [5]  [210/358]  eta: 0:03:36  loss: 1.0108 (1.0997)  IoU (F channel): 0.0727 (0.0645)  L1 (Dc channel): 0.0098 (0.0110)  L1 (Dn channel): 0.0063 (0.0069)  IoU (P channel): 0.1484 (0.1155)  lr: 0.000186  iter-time: 1.1832
[18:46:06.550349] Epoch: [5]  [220/358]  eta: 0:03:19  loss: 1.0101 (1.0956)  IoU (F channel): 0.0691 (0.0656)  L1 (Dc channel): 0.0098 (0.0109)  L1 (Dn channel): 0.0063 (0.0069)  IoU (P channel): 0.1266 (0.1169)  lr: 0.000188  iter-time: 1.1589
[18:46:18.157779] Epoch: [5]  [230/358]  eta: 0:03:03  loss: 1.0056 (1.0918)  IoU (F channel): 0.0718 (0.0666)  L1 (Dc channel): 0.0102 (0.0109)  L1 (Dn channel): 0.0066 (0.0069)  IoU (P channel): 0.1338 (0.1176)  lr: 0.000189  iter-time: 1.1492
[18:46:29.535134] Epoch: [5]  [240/358]  eta: 0:02:47  loss: 0.9889 (1.0873)  IoU (F channel): 0.0858 (0.0675)  L1 (Dc channel): 0.0106 (0.0109)  L1 (Dn channel): 0.0067 (0.0069)  IoU (P channel): 0.1369 (0.1188)  lr: 0.000191  iter-time: 1.1491
[18:47:10.147913] Epoch: [5]  [250/358]  eta: 0:02:44  loss: 0.9717 (1.0831)  IoU (F channel): 0.0706 (0.0677)  L1 (Dc channel): 0.0103 (0.0109)  L1 (Dn channel): 0.0063 (0.0069)  IoU (P channel): 0.1197 (0.1189)  lr: 0.000193  iter-time: 2.5994
[18:47:22.245443] Epoch: [5]  [260/358]  eta: 0:02:28  loss: 0.9590 (1.0784)  IoU (F channel): 0.0706 (0.0692)  L1 (Dc channel): 0.0103 (0.0109)  L1 (Dn channel): 0.0065 (0.0069)  IoU (P channel): 0.1331 (0.1205)  lr: 0.000194  iter-time: 2.6354
[18:47:34.019410] Epoch: [5]  [270/358]  eta: 0:02:12  loss: 0.9536 (1.0737)  IoU (F channel): 0.0868 (0.0697)  L1 (Dc channel): 0.0102 (0.0109)  L1 (Dn channel): 0.0064 (0.0068)  IoU (P channel): 0.1525 (0.1214)  lr: 0.000196  iter-time: 1.1934
[18:47:46.447284] Epoch: [5]  [280/358]  eta: 0:01:56  loss: 0.9526 (1.0694)  IoU (F channel): 0.0868 (0.0708)  L1 (Dc channel): 0.0099 (0.0108)  L1 (Dn channel): 0.0062 (0.0068)  IoU (P channel): 0.1354 (0.1221)  lr: 0.000198  iter-time: 1.2099
[18:47:57.981328] Epoch: [5]  [290/358]  eta: 0:01:40  loss: 0.9371 (1.0648)  IoU (F channel): 0.0858 (0.0708)  L1 (Dc channel): 0.0094 (0.0108)  L1 (Dn channel): 0.0060 (0.0068)  IoU (P channel): 0.1336 (0.1218)  lr: 0.000200  iter-time: 1.1979
[18:48:09.957003] Epoch: [5]  [300/358]  eta: 0:01:25  loss: 0.9319 (1.0606)  IoU (F channel): 0.1094 (0.0726)  L1 (Dc channel): 0.0100 (0.0108)  L1 (Dn channel): 0.0061 (0.0068)  IoU (P channel): 0.1574 (0.1238)  lr: 0.000201  iter-time: 1.1753
[18:48:21.827929] Epoch: [5]  [310/358]  eta: 0:01:10  loss: 0.9338 (1.0564)  IoU (F channel): 0.1165 (0.0739)  L1 (Dc channel): 0.0101 (0.0108)  L1 (Dn channel): 0.0062 (0.0068)  IoU (P channel): 0.1702 (0.1248)  lr: 0.000203  iter-time: 1.1922
[18:48:33.381043] Epoch: [5]  [320/358]  eta: 0:00:55  loss: 0.9106 (1.0516)  IoU (F channel): 0.1037 (0.0748)  L1 (Dc channel): 0.0102 (0.0108)  L1 (Dn channel): 0.0062 (0.0068)  IoU (P channel): 0.1535 (0.1251)  lr: 0.000205  iter-time: 1.1711
[18:48:44.723339] Epoch: [5]  [330/358]  eta: 0:00:40  loss: 0.8990 (1.0469)  IoU (F channel): 0.0956 (0.0754)  L1 (Dc channel): 0.0096 (0.0107)  L1 (Dn channel): 0.0062 (0.0067)  IoU (P channel): 0.1123 (0.1254)  lr: 0.000207  iter-time: 1.1446
[18:48:56.340182] Epoch: [5]  [340/358]  eta: 0:00:25  loss: 0.8856 (1.0421)  IoU (F channel): 0.0956 (0.0760)  L1 (Dc channel): 0.0090 (0.0107)  L1 (Dn channel): 0.0059 (0.0067)  IoU (P channel): 0.1160 (0.1260)  lr: 0.000208  iter-time: 1.1478
[18:49:07.709800] Epoch: [5]  [350/358]  eta: 0:00:11  loss: 0.8853 (1.0382)  IoU (F channel): 0.1181 (0.0783)  L1 (Dc channel): 0.0095 (0.0107)  L1 (Dn channel): 0.0060 (0.0067)  IoU (P channel): 0.1811 (0.1284)  lr: 0.000210  iter-time: 1.1492
[18:49:14.706798] Epoch: [5]  [357/358]  eta: 0:00:01  loss: 0.8864 (1.0351)  IoU (F channel): 0.1181 (0.0784)  L1 (Dc channel): 0.0099 (0.0107)  L1 (Dn channel): 0.0062 (0.0067)  IoU (P channel): 0.1619 (0.1282)  lr: 0.000212  iter-time: 1.0975
[18:49:14.706897] Epoch: [5] Total time: 0:08:27 (1.4179 s / it)
[18:49:14.706924] [Train] averaged stats: loss: 0.8864 (1.0351)  IoU (F channel): 0.1181 (0.0784)  L1 (Dc channel): 0.0099 (0.0107)  L1 (Dn channel): 0.0062 (0.0067)  IoU (P channel): 0.1619 (0.1282)  lr: 0.000212
[18:49:58.675772] Epoch: [5]  [ 0/23]  eta: 0:16:51  loss: 0.8558 (0.8558)  IoU (F channel): 0.0019 (0.0019)  L1 (Dc channel): 0.0100 (0.0100)  L1 (Dn channel): 0.0054 (0.0054)  IoU (P channel): 0.0018 (0.0018)  iter-time: 43.9675
[18:50:08.893969] Epoch: [5]  [10/23]  eta: 0:01:04  loss: 0.8763 (0.9127)  IoU (F channel): 0.0860 (0.0792)  L1 (Dc channel): 0.0095 (0.0097)  L1 (Dn channel): 0.0058 (0.0064)  IoU (P channel): 0.0946 (0.0900)  iter-time: 4.9259
[18:50:12.937798] Epoch: [5]  [20/23]  eta: 0:00:08  loss: 0.8802 (0.9021)  IoU (F channel): 0.1010 (0.1082)  L1 (Dc channel): 0.0096 (0.0098)  L1 (Dn channel): 0.0063 (0.0065)  IoU (P channel): 0.1163 (0.1202)  iter-time: 0.7131
[18:50:13.358832] Epoch: [5]  [22/23]  eta: 0:00:02  loss: 0.8802 (0.8996)  IoU (F channel): 0.1010 (0.1048)  L1 (Dc channel): 0.0095 (0.0096)  L1 (Dn channel): 0.0063 (0.0065)  IoU (P channel): 0.1246 (0.1174)  iter-time: 0.5888
[18:50:13.358931] Epoch: [5] Total time: 0:00:58 (2.5500 s / it)
[18:50:13.358957] [Val] averaged stats: loss: 0.8802 (0.8996)  IoU (F channel): 0.1010 (0.1048)  L1 (Dc channel): 0.0095 (0.0096)  L1 (Dn channel): 0.0063 (0.0065)  IoU (P channel): 0.1246 (0.1174)
[18:50:13.359153] Val loss improved from 1.2052292098169741 to 0.8995913241220557, saving model to metrics/biapy/biapy-channel-scale-zarr-unetr/checkpoints/biapy-channel-scale-zarr-unetr_0-checkpoint-best.pth
[18:50:14.737005] [Val] best loss: 0.8996 best  IoU (F channel): 0.1048 L1 (Dc channel): 0.0096 L1 (Dn channel): 0.0065 IoU (P channel): 0.1174 
[18:50:14.746264] Creating training plots . . .
[18:50:24.371589] [Time] 9.6m 45.4m/9.7h

[18:50:24.371654] ~~~ Epoch 6/60 ~~~

[18:50:36.230007] Epoch: [6]  [  0/358]  eta: 1:10:43  loss: 0.8501 (0.8501)  IoU (F channel): 0.1627 (0.1627)  L1 (Dc channel): 0.0100 (0.0100)  L1 (Dn channel): 0.0059 (0.0059)  IoU (P channel): 0.2298 (0.2298)  lr: 0.000212  iter-time: 11.8531
[18:50:47.759077] Epoch: [6]  [ 10/358]  eta: 0:12:19  loss: 0.8803 (0.8953)  IoU (F channel): 0.1087 (0.1168)  L1 (Dc channel): 0.0106 (0.0109)  L1 (Dn channel): 0.0065 (0.0065)  IoU (P channel): 0.1387 (0.1438)  lr: 0.000213  iter-time: 2.1255
[18:50:59.336255] Epoch: [6]  [ 20/358]  eta: 0:09:22  loss: 0.8719 (0.8856)  IoU (F channel): 0.0949 (0.1146)  L1 (Dc channel): 0.0106 (0.0109)  L1 (Dn channel): 0.0065 (0.0066)  IoU (P channel): 0.1387 (0.1431)  lr: 0.000215  iter-time: 1.1551
[18:51:11.183117] Epoch: [6]  [ 30/358]  eta: 0:08:15  loss: 0.8616 (0.8763)  IoU (F channel): 0.0928 (0.1033)  L1 (Dc channel): 0.0104 (0.0108)  L1 (Dn channel): 0.0062 (0.0064)  IoU (P channel): 0.1363 (0.1360)  lr: 0.000217  iter-time: 1.1710
[18:51:23.051749] Epoch: [6]  [ 40/358]  eta: 0:07:35  loss: 0.8521 (0.8731)  IoU (F channel): 0.0928 (0.1094)  L1 (Dc channel): 0.0100 (0.0108)  L1 (Dn channel): 0.0060 (0.0065)  IoU (P channel): 0.1587 (0.1438)  lr: 0.000219  iter-time: 1.1856
[18:51:34.875582] Epoch: [6]  [ 50/358]  eta: 0:07:05  loss: 0.8361 (0.8638)  IoU (F channel): 0.1031 (0.1080)  L1 (Dc channel): 0.0098 (0.0106)  L1 (Dn channel): 0.0059 (0.0064)  IoU (P channel): 0.1391 (0.1427)  lr: 0.000221  iter-time: 1.1844
[18:51:46.557724] Epoch: [6]  [ 60/358]  eta: 0:06:41  loss: 0.8167 (0.8570)  IoU (F channel): 0.0984 (0.1152)  L1 (Dc channel): 0.0095 (0.0104)  L1 (Dn channel): 0.0059 (0.0063)  IoU (P channel): 0.1362 (0.1468)  lr: 0.000223  iter-time: 1.1751
[18:51:58.352139] Epoch: [6]  [ 70/358]  eta: 0:06:21  loss: 0.8147 (0.8514)  IoU (F channel): 0.1330 (0.1172)  L1 (Dc channel): 0.0095 (0.0103)  L1 (Dn channel): 0.0060 (0.0063)  IoU (P channel): 0.1582 (0.1482)  lr: 0.000224  iter-time: 1.1736
[18:52:09.939810] Epoch: [6]  [ 80/358]  eta: 0:06:02  loss: 0.8092 (0.8463)  IoU (F channel): 0.1180 (0.1186)  L1 (Dc channel): 0.0095 (0.0102)  L1 (Dn channel): 0.0058 (0.0062)  IoU (P channel): 0.1582 (0.1497)  lr: 0.000226  iter-time: 1.1689
[18:52:21.907656] Epoch: [6]  [ 90/358]  eta: 0:05:46  loss: 0.8124 (0.8437)  IoU (F channel): 0.1303 (0.1236)  L1 (Dc channel): 0.0095 (0.0102)  L1 (Dn channel): 0.0061 (0.0063)  IoU (P channel): 0.1692 (0.1553)  lr: 0.000228  iter-time: 1.1776
[18:52:33.681594] Epoch: [6]  [100/358]  eta: 0:05:30  loss: 0.8031 (0.8385)  IoU (F channel): 0.1551 (0.1250)  L1 (Dc channel): 0.0104 (0.0103)  L1 (Dn channel): 0.0068 (0.0063)  IoU (P channel): 0.1951 (0.1565)  lr: 0.000230  iter-time: 1.1869
[18:52:45.514025] Epoch: [6]  [110/358]  eta: 0:05:15  loss: 0.7845 (0.8336)  IoU (F channel): 0.1542 (0.1262)  L1 (Dc channel): 0.0101 (0.0103)  L1 (Dn channel): 0.0067 (0.0063)  IoU (P channel): 0.1671 (0.1571)  lr: 0.000232  iter-time: 1.1802
[18:52:57.465104] Epoch: [6]  [120/358]  eta: 0:05:01  loss: 0.7780 (0.8293)  IoU (F channel): 0.1542 (0.1278)  L1 (Dc channel): 0.0101 (0.0104)  L1 (Dn channel): 0.0067 (0.0064)  IoU (P channel): 0.1574 (0.1582)  lr: 0.000234  iter-time: 1.1890
[18:53:09.685155] Epoch: [6]  [130/358]  eta: 0:04:47  loss: 0.7694 (0.8252)  IoU (F channel): 0.1360 (0.1317)  L1 (Dc channel): 0.0098 (0.0103)  L1 (Dn channel): 0.0063 (0.0064)  IoU (P channel): 0.1768 (0.1611)  lr: 0.000236  iter-time: 1.2084
[18:53:21.450742] Epoch: [6]  [140/358]  eta: 0:04:33  loss: 0.7477 (0.8192)  IoU (F channel): 0.1642 (0.1338)  L1 (Dc channel): 0.0090 (0.0102)  L1 (Dn channel): 0.0057 (0.0063)  IoU (P channel): 0.1937 (0.1634)  lr: 0.000238  iter-time: 1.1991
[18:53:33.251715] Epoch: [6]  [150/358]  eta: 0:04:20  loss: 0.7312 (0.8148)  IoU (F channel): 0.1642 (0.1358)  L1 (Dc channel): 0.0085 (0.0101)  L1 (Dn channel): 0.0054 (0.0063)  IoU (P channel): 0.2165 (0.1657)  lr: 0.000239  iter-time: 1.1782
[18:53:45.220331] Epoch: [6]  [160/358]  eta: 0:04:06  loss: 0.7347 (0.8099)  IoU (F channel): 0.1602 (0.1389)  L1 (Dc channel): 0.0085 (0.0100)  L1 (Dn channel): 0.0054 (0.0062)  IoU (P channel): 0.1793 (0.1673)  lr: 0.000241  iter-time: 1.1883
[18:53:57.090800] Epoch: [6]  [170/358]  eta: 0:03:53  loss: 0.7254 (0.8054)  IoU (F channel): 0.1583 (0.1394)  L1 (Dc channel): 0.0092 (0.0100)  L1 (Dn channel): 0.0056 (0.0062)  IoU (P channel): 0.1783 (0.1682)  lr: 0.000243  iter-time: 1.1918
[18:54:08.789252] Epoch: [6]  [180/358]  eta: 0:03:40  loss: 0.7130 (0.8000)  IoU (F channel): 0.0969 (0.1367)  L1 (Dc channel): 0.0092 (0.0100)  L1 (Dn channel): 0.0055 (0.0062)  IoU (P channel): 0.1490 (0.1666)  lr: 0.000245  iter-time: 1.1783
[18:54:20.689904] Epoch: [6]  [190/358]  eta: 0:03:27  loss: 0.7040 (0.7962)  IoU (F channel): 0.1280 (0.1401)  L1 (Dc channel): 0.0091 (0.0099)  L1 (Dn channel): 0.0054 (0.0061)  IoU (P channel): 0.1930 (0.1705)  lr: 0.000247  iter-time: 1.1798
[18:54:32.635183] Epoch: [6]  [200/358]  eta: 0:03:15  loss: 0.7088 (0.7919)  IoU (F channel): 0.2020 (0.1406)  L1 (Dc channel): 0.0091 (0.0100)  L1 (Dn channel): 0.0058 (0.0061)  IoU (P channel): 0.2054 (0.1703)  lr: 0.000249  iter-time: 1.1921
[18:54:44.544883] Epoch: [6]  [210/358]  eta: 0:03:02  loss: 0.7088 (0.7878)  IoU (F channel): 0.1444 (0.1416)  L1 (Dc channel): 0.0097 (0.0100)  L1 (Dn channel): 0.0058 (0.0061)  IoU (P channel): 0.1680 (0.1702)  lr: 0.000251  iter-time: 1.1926
[18:54:56.475575] Epoch: [6]  [220/358]  eta: 0:02:49  loss: 0.6878 (0.7835)  IoU (F channel): 0.1673 (0.1437)  L1 (Dc channel): 0.0085 (0.0099)  L1 (Dn channel): 0.0052 (0.0061)  IoU (P channel): 0.1787 (0.1706)  lr: 0.000253  iter-time: 1.1919
[18:55:08.476529] Epoch: [6]  [230/358]  eta: 0:02:37  loss: 0.6880 (0.7799)  IoU (F channel): 0.1523 (0.1441)  L1 (Dc channel): 0.0090 (0.0100)  L1 (Dn channel): 0.0056 (0.0061)  IoU (P channel): 0.1765 (0.1710)  lr: 0.000255  iter-time: 1.1964
[18:55:20.201320] Epoch: [6]  [240/358]  eta: 0:02:24  loss: 0.6792 (0.7754)  IoU (F channel): 0.1788 (0.1460)  L1 (Dc channel): 0.0100 (0.0099)  L1 (Dn channel): 0.0060 (0.0061)  IoU (P channel): 0.2081 (0.1731)  lr: 0.000257  iter-time: 1.1861
[18:55:31.598436] Epoch: [6]  [250/358]  eta: 0:02:12  loss: 0.6744 (0.7715)  IoU (F channel): 0.1881 (0.1469)  L1 (Dc channel): 0.0090 (0.0099)  L1 (Dn channel): 0.0054 (0.0061)  IoU (P channel): 0.2081 (0.1740)  lr: 0.000259  iter-time: 1.1559
[18:55:43.927445] Epoch: [6]  [260/358]  eta: 0:01:59  loss: 0.6708 (0.7677)  IoU (F channel): 0.1582 (0.1485)  L1 (Dc channel): 0.0086 (0.0098)  L1 (Dn channel): 0.0053 (0.0060)  IoU (P channel): 0.1723 (0.1742)  lr: 0.000261  iter-time: 1.1862
[18:55:55.647438] Epoch: [6]  [270/358]  eta: 0:01:47  loss: 0.6522 (0.7631)  IoU (F channel): 0.1471 (0.1484)  L1 (Dc channel): 0.0086 (0.0098)  L1 (Dn channel): 0.0054 (0.0060)  IoU (P channel): 0.1595 (0.1730)  lr: 0.000263  iter-time: 1.2023
[18:56:07.314414] Epoch: [6]  [280/358]  eta: 0:01:35  loss: 0.6410 (0.7588)  IoU (F channel): 0.1409 (0.1484)  L1 (Dc channel): 0.0092 (0.0098)  L1 (Dn channel): 0.0055 (0.0060)  IoU (P channel): 0.1351 (0.1725)  lr: 0.000265  iter-time: 1.1692
[18:56:19.452143] Epoch: [6]  [290/358]  eta: 0:01:22  loss: 0.6307 (0.7546)  IoU (F channel): 0.1177 (0.1488)  L1 (Dc channel): 0.0096 (0.0097)  L1 (Dn channel): 0.0056 (0.0060)  IoU (P channel): 0.1390 (0.1727)  lr: 0.000267  iter-time: 1.1901
[18:56:31.594828] Epoch: [6]  [300/358]  eta: 0:01:10  loss: 0.6279 (0.7507)  IoU (F channel): 0.1653 (0.1502)  L1 (Dc channel): 0.0092 (0.0097)  L1 (Dn channel): 0.0055 (0.0060)  IoU (P channel): 0.1778 (0.1731)  lr: 0.000269  iter-time: 1.2139
[18:56:43.257531] Epoch: [6]  [310/358]  eta: 0:00:58  loss: 0.6092 (0.7461)  IoU (F channel): 0.1653 (0.1512)  L1 (Dc channel): 0.0087 (0.0097)  L1 (Dn channel): 0.0052 (0.0060)  IoU (P channel): 0.1778 (0.1736)  lr: 0.000271  iter-time: 1.1901
[18:56:55.149174] Epoch: [6]  [320/358]  eta: 0:00:46  loss: 0.6023 (0.7420)  IoU (F channel): 0.1794 (0.1521)  L1 (Dc channel): 0.0083 (0.0097)  L1 (Dn channel): 0.0051 (0.0059)  IoU (P channel): 0.1818 (0.1743)  lr: 0.000273  iter-time: 1.1776
[18:57:06.746510] Epoch: [6]  [330/358]  eta: 0:00:34  loss: 0.6082 (0.7380)  IoU (F channel): 0.1919 (0.1535)  L1 (Dc channel): 0.0084 (0.0096)  L1 (Dn channel): 0.0051 (0.0059)  IoU (P channel): 0.2155 (0.1751)  lr: 0.000275  iter-time: 1.1743
[18:57:18.600204] Epoch: [6]  [340/358]  eta: 0:00:21  loss: 0.6128 (0.7348)  IoU (F channel): 0.1683 (0.1535)  L1 (Dc channel): 0.0095 (0.0097)  L1 (Dn channel): 0.0053 (0.0059)  IoU (P channel): 0.1968 (0.1747)  lr: 0.000277  iter-time: 1.1723
[18:57:30.168936] Epoch: [6]  [350/358]  eta: 0:00:09  loss: 0.5974 (0.7312)  IoU (F channel): 0.1683 (0.1546)  L1 (Dc channel): 0.0100 (0.0097)  L1 (Dn channel): 0.0060 (0.0059)  IoU (P channel): 0.1868 (0.1751)  lr: 0.000279  iter-time: 1.1709
[18:57:37.174289] Epoch: [6]  [357/358]  eta: 0:00:01  loss: 0.5974 (0.7287)  IoU (F channel): 0.1854 (0.1562)  L1 (Dc channel): 0.0099 (0.0097)  L1 (Dn channel): 0.0061 (0.0059)  IoU (P channel): 0.1849 (0.1758)  lr: 0.000280  iter-time: 1.1045
[18:57:37.174390] Epoch: [6] Total time: 0:07:12 (1.2089 s / it)
[18:57:37.174422] [Train] averaged stats: loss: 0.5974 (0.7287)  IoU (F channel): 0.1854 (0.1562)  L1 (Dc channel): 0.0099 (0.0097)  L1 (Dn channel): 0.0061 (0.0059)  IoU (P channel): 0.1849 (0.1758)  lr: 0.000280
[18:57:42.477063] Epoch: [6]  [ 0/23]  eta: 0:02:01  loss: 0.5593 (0.5593)  IoU (F channel): 0.0030 (0.0030)  L1 (Dc channel): 0.0099 (0.0099)  L1 (Dn channel): 0.0058 (0.0058)  IoU (P channel): 0.0010 (0.0010)  iter-time: 5.3012
[18:57:51.554763] Epoch: [6]  [10/23]  eta: 0:00:16  loss: 0.5857 (0.6324)  IoU (F channel): 0.1175 (0.1189)  L1 (Dc channel): 0.0093 (0.0096)  L1 (Dn channel): 0.0063 (0.0068)  IoU (P channel): 0.1367 (0.1267)  iter-time: 1.3071
[18:57:56.505417] Epoch: [6]  [20/23]  eta: 0:00:02  loss: 0.6062 (0.6273)  IoU (F channel): 0.1361 (0.1438)  L1 (Dc channel): 0.0093 (0.0098)  L1 (Dn channel): 0.0061 (0.0066)  IoU (P channel): 0.1459 (0.1433)  iter-time: 0.7014
[18:57:56.926218] Epoch: [6]  [22/23]  eta: 0:00:00  loss: 0.6062 (0.6234)  IoU (F channel): 0.1361 (0.1395)  L1 (Dc channel): 0.0093 (0.0098)  L1 (Dn channel): 0.0060 (0.0065)  IoU (P channel): 0.1508 (0.1402)  iter-time: 0.5294
[18:57:56.926305] Epoch: [6] Total time: 0:00:19 (0.8587 s / it)
[18:57:56.926327] [Val] averaged stats: loss: 0.6062 (0.6234)  IoU (F channel): 0.1361 (0.1395)  L1 (Dc channel): 0.0093 (0.0098)  L1 (Dn channel): 0.0060 (0.0065)  IoU (P channel): 0.1508 (0.1402)
[18:57:56.926532] Val loss improved from 0.8995913241220557 to 0.6234313301418138, saving model to metrics/biapy/biapy-channel-scale-zarr-unetr/checkpoints/biapy-channel-scale-zarr-unetr_0-checkpoint-best.pth
[18:57:58.303701] [Val] best loss: 0.6234 best  IoU (F channel): 0.1395 L1 (Dc channel): 0.0098 L1 (Dn channel): 0.0065 IoU (P channel): 0.1402 
[18:57:58.313257] [Time] 7.6m 53.0m/7.8h

[18:57:58.313280] ~~~ Epoch 7/60 ~~~

[18:58:07.114479] Epoch: [7]  [  0/358]  eta: 0:52:29  loss: 0.5938 (0.5938)  IoU (F channel): 0.1930 (0.1930)  L1 (Dc channel): 0.0098 (0.0098)  L1 (Dn channel): 0.0063 (0.0063)  IoU (P channel): 0.2421 (0.2421)  lr: 0.000280  iter-time: 8.7988
[18:58:18.732778] Epoch: [7]  [ 10/358]  eta: 0:10:45  loss: 0.5780 (0.5936)  IoU (F channel): 0.1585 (0.1713)  L1 (Dc channel): 0.0099 (0.0102)  L1 (Dn channel): 0.0063 (0.0064)  IoU (P channel): 0.1862 (0.1914)  lr: 0.000282  iter-time: 1.8560
[18:58:30.771767] Epoch: [7]  [ 20/358]  eta: 0:08:42  loss: 0.5693 (0.5819)  IoU (F channel): 0.1791 (0.1860)  L1 (Dc channel): 0.0091 (0.0094)  L1 (Dn channel): 0.0060 (0.0060)  IoU (P channel): 0.2014 (0.2044)  lr: 0.000284  iter-time: 1.1827
[18:58:42.489560] Epoch: [7]  [ 30/358]  eta: 0:07:47  loss: 0.5571 (0.5720)  IoU (F channel): 0.2108 (0.1873)  L1 (Dc channel): 0.0079 (0.0090)  L1 (Dn channel): 0.0051 (0.0057)  IoU (P channel): 0.2269 (0.2048)  lr: 0.000286  iter-time: 1.1877
[18:58:54.221367] Epoch: [7]  [ 40/358]  eta: 0:07:13  loss: 0.5418 (0.5648)  IoU (F channel): 0.1916 (0.1894)  L1 (Dc channel): 0.0079 (0.0088)  L1 (Dn channel): 0.0050 (0.0055)  IoU (P channel): 0.2293 (0.2046)  lr: 0.000288  iter-time: 1.1723
[18:59:06.012861] Epoch: [7]  [ 50/358]  eta: 0:06:48  loss: 0.5346 (0.5596)  IoU (F channel): 0.1895 (0.1865)  L1 (Dc channel): 0.0078 (0.0087)  L1 (Dn channel): 0.0052 (0.0055)  IoU (P channel): 0.1934 (0.2018)  lr: 0.000290  iter-time: 1.1760
[18:59:17.525810] Epoch: [7]  [ 60/358]  eta: 0:06:26  loss: 0.5430 (0.5615)  IoU (F channel): 0.1844 (0.1877)  L1 (Dc channel): 0.0078 (0.0089)  L1 (Dn channel): 0.0053 (0.0055)  IoU (P channel): 0.1751 (0.1965)  lr: 0.000293  iter-time: 1.1650
[18:59:29.185021] Epoch: [7]  [ 70/358]  eta: 0:06:08  loss: 0.5434 (0.5611)  IoU (F channel): 0.1805 (0.1846)  L1 (Dc channel): 0.0098 (0.0091)  L1 (Dn channel): 0.0058 (0.0056)  IoU (P channel): 0.1796 (0.1939)  lr: 0.000295  iter-time: 1.1584
[18:59:40.854841] Epoch: [7]  [ 80/358]  eta: 0:05:51  loss: 0.5419 (0.5614)  IoU (F channel): 0.1549 (0.1808)  L1 (Dc channel): 0.0102 (0.0093)  L1 (Dn channel): 0.0059 (0.0057)  IoU (P channel): 0.1601 (0.1872)  lr: 0.000297  iter-time: 1.1663
[18:59:52.562066] Epoch: [7]  [ 90/358]  eta: 0:05:36  loss: 0.5380 (0.5593)  IoU (F channel): 0.1750 (0.1811)  L1 (Dc channel): 0.0104 (0.0094)  L1 (Dn channel): 0.0060 (0.0057)  IoU (P channel): 0.1675 (0.1870)  lr: 0.000299  iter-time: 1.1687
[19:00:04.408309] Epoch: [7]  [100/358]  eta: 0:05:22  loss: 0.5258 (0.5569)  IoU (F channel): 0.1587 (0.1796)  L1 (Dc channel): 0.0103 (0.0095)  L1 (Dn channel): 0.0063 (0.0058)  IoU (P channel): 0.1775 (0.1850)  lr: 0.000301  iter-time: 1.1775
[19:00:16.197386] Epoch: [7]  [110/358]  eta: 0:05:08  loss: 0.5293 (0.5553)  IoU (F channel): 0.1517 (0.1790)  L1 (Dc channel): 0.0103 (0.0096)  L1 (Dn channel): 0.0063 (0.0058)  IoU (P channel): 0.1775 (0.1852)  lr: 0.000303  iter-time: 1.1816
[19:00:28.161562] Epoch: [7]  [120/358]  eta: 0:04:54  loss: 0.5309 (0.5541)  IoU (F channel): 0.2011 (0.1810)  L1 (Dc channel): 0.0095 (0.0095)  L1 (Dn channel): 0.0057 (0.0058)  IoU (P channel): 0.1900 (0.1847)  lr: 0.000305  iter-time: 1.1875
[19:00:39.789051] Epoch: [7]  [130/358]  eta: 0:04:40  loss: 0.5081 (0.5506)  IoU (F channel): 0.1607 (0.1795)  L1 (Dc channel): 0.0086 (0.0094)  L1 (Dn channel): 0.0052 (0.0057)  IoU (P channel): 0.1514 (0.1816)  lr: 0.000307  iter-time: 1.1794
[19:00:51.467924] Epoch: [7]  [140/358]  eta: 0:04:27  loss: 0.5127 (0.5491)  IoU (F channel): 0.1526 (0.1785)  L1 (Dc channel): 0.0084 (0.0094)  L1 (Dn channel): 0.0051 (0.0057)  IoU (P channel): 0.1345 (0.1792)  lr: 0.000309  iter-time: 1.1651
[19:01:03.328003] Epoch: [7]  [150/358]  eta: 0:04:14  loss: 0.5231 (0.5464)  IoU (F channel): 0.1676 (0.1782)  L1 (Dc channel): 0.0085 (0.0093)  L1 (Dn channel): 0.0053 (0.0057)  IoU (P channel): 0.1359 (0.1777)  lr: 0.000311  iter-time: 1.1768
[19:01:15.055711] Epoch: [7]  [160/358]  eta: 0:04:01  loss: 0.4965 (0.5451)  IoU (F channel): 0.1725 (0.1806)  L1 (Dc channel): 0.0089 (0.0093)  L1 (Dn channel): 0.0054 (0.0057)  IoU (P channel): 0.1719 (0.1788)  lr: 0.000313  iter-time: 1.1792
[19:01:26.892026] Epoch: [7]  [170/358]  eta: 0:03:49  loss: 0.4820 (0.5412)  IoU (F channel): 0.1618 (0.1791)  L1 (Dc channel): 0.0098 (0.0094)  L1 (Dn channel): 0.0060 (0.0058)  IoU (P channel): 0.1652 (0.1774)  lr: 0.000316  iter-time: 1.1780
[19:01:38.726062] Epoch: [7]  [180/358]  eta: 0:03:36  loss: 0.4934 (0.5397)  IoU (F channel): 0.1473 (0.1789)  L1 (Dc channel): 0.0096 (0.0094)  L1 (Dn channel): 0.0054 (0.0057)  IoU (P channel): 0.1449 (0.1760)  lr: 0.000318  iter-time: 1.1834
[19:01:50.563027] Epoch: [7]  [190/358]  eta: 0:03:24  loss: 0.4944 (0.5366)  IoU (F channel): 0.1857 (0.1790)  L1 (Dc channel): 0.0087 (0.0093)  L1 (Dn channel): 0.0051 (0.0057)  IoU (P channel): 0.1681 (0.1761)  lr: 0.000320  iter-time: 1.1834
[19:02:02.461910] Epoch: [7]  [200/358]  eta: 0:03:11  loss: 0.4727 (0.5335)  IoU (F channel): 0.1857 (0.1794)  L1 (Dc channel): 0.0085 (0.0093)  L1 (Dn channel): 0.0051 (0.0057)  IoU (P channel): 0.1697 (0.1760)  lr: 0.000322  iter-time: 1.1866
[19:02:14.525733] Epoch: [7]  [210/358]  eta: 0:02:59  loss: 0.4887 (0.5321)  IoU (F channel): 0.1752 (0.1795)  L1 (Dc channel): 0.0089 (0.0094)  L1 (Dn channel): 0.0051 (0.0057)  IoU (P channel): 0.1663 (0.1749)  lr: 0.000324  iter-time: 1.1980
[19:02:26.312751] Epoch: [7]  [220/358]  eta: 0:02:47  loss: 0.4703 (0.5290)  IoU (F channel): 0.1845 (0.1800)  L1 (Dc channel): 0.0099 (0.0094)  L1 (Dn channel): 0.0056 (0.0057)  IoU (P channel): 0.1655 (0.1749)  lr: 0.000326  iter-time: 1.1924
[19:02:38.042198] Epoch: [7]  [230/358]  eta: 0:02:34  loss: 0.4565 (0.5263)  IoU (F channel): 0.1915 (0.1788)  L1 (Dc channel): 0.0102 (0.0094)  L1 (Dn channel): 0.0057 (0.0057)  IoU (P channel): 0.1797 (0.1744)  lr: 0.000328  iter-time: 1.1757
[19:02:50.070453] Epoch: [7]  [240/358]  eta: 0:02:22  loss: 0.4574 (0.5241)  IoU (F channel): 0.1927 (0.1806)  L1 (Dc channel): 0.0102 (0.0094)  L1 (Dn channel): 0.0056 (0.0057)  IoU (P channel): 0.1935 (0.1752)  lr: 0.000330  iter-time: 1.1877
[19:03:02.129738] Epoch: [7]  [250/358]  eta: 0:02:10  loss: 0.4599 (0.5232)  IoU (F channel): 0.1786 (0.1803)  L1 (Dc channel): 0.0093 (0.0095)  L1 (Dn channel): 0.0060 (0.0058)  IoU (P channel): 0.1753 (0.1734)  lr: 0.000333  iter-time: 1.2042
[19:03:14.256691] Epoch: [7]  [260/358]  eta: 0:01:58  loss: 0.4591 (0.5214)  IoU (F channel): 0.1970 (0.1825)  L1 (Dc channel): 0.0101 (0.0095)  L1 (Dn channel): 0.0065 (0.0058)  IoU (P channel): 0.1648 (0.1744)  lr: 0.000335  iter-time: 1.2091
[19:03:25.861952] Epoch: [7]  [270/358]  eta: 0:01:46  loss: 0.4472 (0.5191)  IoU (F channel): 0.1564 (0.1811)  L1 (Dc channel): 0.0098 (0.0095)  L1 (Dn channel): 0.0059 (0.0058)  IoU (P channel): 0.1576 (0.1732)  lr: 0.000337  iter-time: 1.1864
[19:03:37.871926] Epoch: [7]  [280/358]  eta: 0:01:34  loss: 0.4296 (0.5166)  IoU (F channel): 0.1361 (0.1815)  L1 (Dc channel): 0.0093 (0.0095)  L1 (Dn channel): 0.0056 (0.0058)  IoU (P channel): 0.1254 (0.1733)  lr: 0.000339  iter-time: 1.1806
[19:03:49.719709] Epoch: [7]  [290/358]  eta: 0:01:22  loss: 0.4165 (0.5131)  IoU (F channel): 0.2101 (0.1824)  L1 (Dc channel): 0.0084 (0.0094)  L1 (Dn channel): 0.0054 (0.0058)  IoU (P channel): 0.1949 (0.1742)  lr: 0.000341  iter-time: 1.1927
[19:04:01.594354] Epoch: [7]  [300/358]  eta: 0:01:09  loss: 0.3964 (0.5094)  IoU (F channel): 0.2283 (0.1828)  L1 (Dc channel): 0.0074 (0.0094)  L1 (Dn channel): 0.0048 (0.0057)  IoU (P channel): 0.1949 (0.1745)  lr: 0.000343  iter-time: 1.1859
[19:04:13.096288] Epoch: [7]  [310/358]  eta: 0:00:57  loss: 0.3886 (0.5058)  IoU (F channel): 0.2120 (0.1834)  L1 (Dc channel): 0.0074 (0.0093)  L1 (Dn channel): 0.0047 (0.0057)  IoU (P channel): 0.1647 (0.1747)  lr: 0.000346  iter-time: 1.1687
[19:04:25.028434] Epoch: [7]  [320/358]  eta: 0:00:45  loss: 0.3927 (0.5028)  IoU (F channel): 0.2246 (0.1847)  L1 (Dc channel): 0.0076 (0.0092)  L1 (Dn channel): 0.0049 (0.0057)  IoU (P channel): 0.1770 (0.1750)  lr: 0.000348  iter-time: 1.1716
[19:04:37.108640] Epoch: [7]  [330/358]  eta: 0:00:33  loss: 0.3927 (0.5001)  IoU (F channel): 0.2241 (0.1859)  L1 (Dc channel): 0.0070 (0.0092)  L1 (Dn channel): 0.0050 (0.0057)  IoU (P channel): 0.2030 (0.1756)  lr: 0.000350  iter-time: 1.2005
[19:04:48.656475] Epoch: [7]  [340/358]  eta: 0:00:21  loss: 0.3728 (0.4968)  IoU (F channel): 0.2124 (0.1866)  L1 (Dc channel): 0.0072 (0.0091)  L1 (Dn channel): 0.0049 (0.0057)  IoU (P channel): 0.2018 (0.1758)  lr: 0.000352  iter-time: 1.1812
[19:05:00.000857] Epoch: [7]  [350/358]  eta: 0:00:09  loss: 0.3687 (0.4935)  IoU (F channel): 0.1971 (0.1872)  L1 (Dc channel): 0.0073 (0.0091)  L1 (Dn channel): 0.0047 (0.0056)  IoU (P channel): 0.1789 (0.1765)  lr: 0.000354  iter-time: 1.1444
[19:05:07.008013] Epoch: [7]  [357/358]  eta: 0:00:01  loss: 0.3668 (0.4917)  IoU (F channel): 0.1971 (0.1886)  L1 (Dc channel): 0.0069 (0.0090)  L1 (Dn channel): 0.0046 (0.0056)  IoU (P channel): 0.2021 (0.1779)  lr: 0.000356  iter-time: 1.0963
[19:05:07.008113] Epoch: [7] Total time: 0:07:08 (1.1975 s / it)
[19:05:07.008141] [Train] averaged stats: loss: 0.3668 (0.4917)  IoU (F channel): 0.1971 (0.1886)  L1 (Dc channel): 0.0069 (0.0090)  L1 (Dn channel): 0.0046 (0.0056)  IoU (P channel): 0.2021 (0.1779)  lr: 0.000356
[19:05:15.183674] Epoch: [7]  [ 0/23]  eta: 0:03:07  loss: 0.3419 (0.3419)  IoU (F channel): 0.0017 (0.0017)  L1 (Dc channel): 0.0060 (0.0060)  L1 (Dn channel): 0.0039 (0.0039)  IoU (P channel): 0.0010 (0.0010)  iter-time: 8.1737
[19:05:22.103929] Epoch: [7]  [10/23]  eta: 0:00:17  loss: 0.3718 (0.4263)  IoU (F channel): 0.1497 (0.1367)  L1 (Dc channel): 0.0067 (0.0070)  L1 (Dn channel): 0.0044 (0.0049)  IoU (P channel): 0.1245 (0.1229)  iter-time: 1.3721
[19:05:26.746847] Epoch: [7]  [20/23]  eta: 0:00:02  loss: 0.3787 (0.4159)  IoU (F channel): 0.1669 (0.1618)  L1 (Dc channel): 0.0070 (0.0070)  L1 (Dn channel): 0.0045 (0.0049)  IoU (P channel): 0.1542 (0.1427)  iter-time: 0.5781
[19:05:27.167618] Epoch: [7]  [22/23]  eta: 0:00:00  loss: 0.3787 (0.4101)  IoU (F channel): 0.1748 (0.1573)  L1 (Dc channel): 0.0067 (0.0068)  L1 (Dn channel): 0.0045 (0.0048)  IoU (P channel): 0.1636 (0.1410)  iter-time: 0.5416
[19:05:27.167729] Epoch: [7] Total time: 0:00:20 (0.8765 s / it)
[19:05:27.167752] [Val] averaged stats: loss: 0.3787 (0.4101)  IoU (F channel): 0.1748 (0.1573)  L1 (Dc channel): 0.0067 (0.0068)  L1 (Dn channel): 0.0045 (0.0048)  IoU (P channel): 0.1636 (0.1410)
[19:05:27.167968] Val loss improved from 0.6234313301418138 to 0.4100978478141453, saving model to metrics/biapy/biapy-channel-scale-zarr-unetr/checkpoints/biapy-channel-scale-zarr-unetr_0-checkpoint-best.pth
[19:05:28.632288] [Val] best loss: 0.4101 best  IoU (F channel): 0.1573 L1 (Dc channel): 0.0068 L1 (Dn channel): 0.0048 IoU (P channel): 0.1410 
[19:05:28.641076] [Time] 7.5m 1.0h/7.8h

[19:05:28.641094] ~~~ Epoch 8/60 ~~~

[19:05:35.844884] Epoch: [8]  [  0/358]  eta: 0:42:57  loss: 0.3385 (0.3385)  IoU (F channel): 0.2049 (0.2049)  L1 (Dc channel): 0.0066 (0.0066)  L1 (Dn channel): 0.0046 (0.0046)  IoU (P channel): 0.1903 (0.1903)  lr: 0.000356  iter-time: 7.2007
[19:05:50.129863] Epoch: [8]  [ 10/358]  eta: 0:11:19  loss: 0.3746 (0.3844)  IoU (F channel): 0.2167 (0.2287)  L1 (Dc channel): 0.0067 (0.0069)  L1 (Dn channel): 0.0048 (0.0051)  IoU (P channel): 0.2381 (0.2213)  lr: 0.000358  iter-time: 1.9531
[19:06:02.046484] Epoch: [8]  [ 20/358]  eta: 0:08:57  loss: 0.3687 (0.3784)  IoU (F channel): 0.2251 (0.2323)  L1 (Dc channel): 0.0067 (0.0070)  L1 (Dn channel): 0.0046 (0.0050)  IoU (P channel): 0.2381 (0.2199)  lr: 0.000361  iter-time: 1.3099
[19:06:13.781853] Epoch: [8]  [ 30/358]  eta: 0:07:57  loss: 0.3541 (0.3717)  IoU (F channel): 0.2515 (0.2435)  L1 (Dc channel): 0.0068 (0.0070)  L1 (Dn channel): 0.0046 (0.0050)  IoU (P channel): 0.2065 (0.2238)  lr: 0.000363  iter-time: 1.1824
[19:06:25.503979] Epoch: [8]  [ 40/358]  eta: 0:07:20  loss: 0.3548 (0.3745)  IoU (F channel): 0.2515 (0.2430)  L1 (Dc channel): 0.0066 (0.0069)  L1 (Dn channel): 0.0046 (0.0049)  IoU (P channel): 0.2187 (0.2223)  lr: 0.000365  iter-time: 1.1727
[19:06:37.417962] Epoch: [8]  [ 50/358]  eta: 0:06:55  loss: 0.3562 (0.3745)  IoU (F channel): 0.1871 (0.2357)  L1 (Dc channel): 0.0071 (0.0070)  L1 (Dn channel): 0.0048 (0.0050)  IoU (P channel): 0.2114 (0.2155)  lr: 0.000367  iter-time: 1.1816
[19:06:48.742815] Epoch: [8]  [ 60/358]  eta: 0:06:31  loss: 0.3747 (0.3794)  IoU (F channel): 0.1396 (0.2221)  L1 (Dc channel): 0.0084 (0.0076)  L1 (Dn channel): 0.0051 (0.0051)  IoU (P channel): 0.1551 (0.2009)  lr: 0.000369  iter-time: 1.1618
[19:07:00.699042] Epoch: [8]  [ 70/358]  eta: 0:06:13  loss: 0.3614 (0.3761)  IoU (F channel): 0.1440 (0.2137)  L1 (Dc channel): 0.0094 (0.0078)  L1 (Dn channel): 0.0052 (0.0051)  IoU (P channel): 0.1242 (0.1916)  lr: 0.000372  iter-time: 1.1639
[19:07:12.030426] Epoch: [8]  [ 80/358]  eta: 0:05:54  loss: 0.3626 (0.3821)  IoU (F channel): 0.1582 (0.2069)  L1 (Dc channel): 0.0095 (0.0081)  L1 (Dn channel): 0.0054 (0.0053)  IoU (P channel): 0.1323 (0.1835)  lr: 0.000374  iter-time: 1.1642
[19:07:23.899700] Epoch: [8]  [ 90/358]  eta: 0:05:39  loss: 0.3869 (0.3821)  IoU (F channel): 0.1754 (0.2083)  L1 (Dc channel): 0.0093 (0.0081)  L1 (Dn channel): 0.0060 (0.0053)  IoU (P channel): 0.1374 (0.1825)  lr: 0.000376  iter-time: 1.1599
[19:07:35.642386] Epoch: [8]  [100/358]  eta: 0:05:24  loss: 0.3844 (0.3861)  IoU (F channel): 0.1868 (0.2064)  L1 (Dc channel): 0.0080 (0.0081)  L1 (Dn channel): 0.0058 (0.0054)  IoU (P channel): 0.1418 (0.1788)  lr: 0.000378  iter-time: 1.1804
[19:07:47.670615] Epoch: [8]  [110/358]  eta: 0:05:10  loss: 0.3649 (0.3837)  IoU (F channel): 0.1525 (0.2013)  L1 (Dc channel): 0.0079 (0.0081)  L1 (Dn channel): 0.0053 (0.0053)  IoU (P channel): 0.1219 (0.1747)  lr: 0.000381  iter-time: 1.1883
[19:07:59.337659] Epoch: [8]  [120/358]  eta: 0:04:56  loss: 0.3617 (0.3851)  IoU (F channel): 0.1917 (0.2017)  L1 (Dc channel): 0.0076 (0.0081)  L1 (Dn channel): 0.0053 (0.0053)  IoU (P channel): 0.1458 (0.1740)  lr: 0.000383  iter-time: 1.1846
[19:08:11.145046] Epoch: [8]  [130/358]  eta: 0:04:42  loss: 0.3742 (0.3863)  IoU (F channel): 0.1947 (0.2009)  L1 (Dc channel): 0.0079 (0.0082)  L1 (Dn channel): 0.0055 (0.0054)  IoU (P channel): 0.1550 (0.1722)  lr: 0.000385  iter-time: 1.1736
[19:08:23.059662] Epoch: [8]  [140/358]  eta: 0:04:29  loss: 0.3848 (0.3888)  IoU (F channel): 0.1988 (0.2006)  L1 (Dc channel): 0.0092 (0.0083)  L1 (Dn channel): 0.0065 (0.0055)  IoU (P channel): 0.1493 (0.1699)  lr: 0.000387  iter-time: 1.1860
[19:08:34.866673] Epoch: [8]  [150/358]  eta: 0:04:16  loss: 0.3922 (0.3871)  IoU (F channel): 0.1927 (0.1996)  L1 (Dc channel): 0.0091 (0.0084)  L1 (Dn channel): 0.0067 (0.0056)  IoU (P channel): 0.1493 (0.1691)  lr: 0.000390  iter-time: 1.1859
[19:08:46.641821] Epoch: [8]  [160/358]  eta: 0:04:03  loss: 0.3481 (0.3853)  IoU (F channel): 0.1888 (0.1991)  L1 (Dc channel): 0.0090 (0.0084)  L1 (Dn channel): 0.0058 (0.0056)  IoU (P channel): 0.1757 (0.1690)  lr: 0.000392  iter-time: 1.1789
[19:08:58.492843] Epoch: [8]  [170/358]  eta: 0:03:50  loss: 0.3278 (0.3825)  IoU (F channel): 0.1796 (0.1967)  L1 (Dc channel): 0.0083 (0.0084)  L1 (Dn channel): 0.0055 (0.0056)  IoU (P channel): 0.1483 (0.1662)  lr: 0.000394  iter-time: 1.1811
[19:09:10.254363] Epoch: [8]  [180/358]  eta: 0:03:37  loss: 0.3305 (0.3807)  IoU (F channel): 0.1919 (0.1979)  L1 (Dc channel): 0.0084 (0.0084)  L1 (Dn channel): 0.0055 (0.0056)  IoU (P channel): 0.1393 (0.1664)  lr: 0.000396  iter-time: 1.1804
[19:09:22.196931] Epoch: [8]  [190/358]  eta: 0:03:25  loss: 0.3228 (0.3786)  IoU (F channel): 0.2089 (0.1974)  L1 (Dc channel): 0.0079 (0.0084)  L1 (Dn channel): 0.0051 (0.0055)  IoU (P channel): 0.1621 (0.1652)  lr: 0.000399  iter-time: 1.1850
[19:09:34.495179] Epoch: [8]  [200/358]  eta: 0:03:13  loss: 0.3096 (0.3758)  IoU (F channel): 0.1709 (0.1977)  L1 (Dc channel): 0.0076 (0.0083)  L1 (Dn channel): 0.0047 (0.0055)  IoU (P channel): 0.1513 (0.1653)  lr: 0.000401  iter-time: 1.2118
[19:09:46.406960] Epoch: [8]  [210/358]  eta: 0:03:00  loss: 0.3101 (0.3739)  IoU (F channel): 0.1808 (0.1983)  L1 (Dc channel): 0.0078 (0.0083)  L1 (Dn channel): 0.0051 (0.0055)  IoU (P channel): 0.1688 (0.1650)  lr: 0.000403  iter-time: 1.2103
[19:09:58.250344] Epoch: [8]  [220/358]  eta: 0:02:48  loss: 0.3087 (0.3712)  IoU (F channel): 0.2189 (0.1990)  L1 (Dc channel): 0.0076 (0.0083)  L1 (Dn channel): 0.0052 (0.0055)  IoU (P channel): 0.1740 (0.1658)  lr: 0.000405  iter-time: 1.1876
[19:10:09.789027] Epoch: [8]  [230/358]  eta: 0:02:35  loss: 0.2991 (0.3684)  IoU (F channel): 0.2189 (0.1985)  L1 (Dc channel): 0.0070 (0.0082)  L1 (Dn channel): 0.0051 (0.0055)  IoU (P channel): 0.1740 (0.1658)  lr: 0.000408  iter-time: 1.1689
[19:10:21.807088] Epoch: [8]  [240/358]  eta: 0:02:23  loss: 0.2798 (0.3652)  IoU (F channel): 0.2255 (0.2003)  L1 (Dc channel): 0.0064 (0.0081)  L1 (Dn channel): 0.0049 (0.0054)  IoU (P channel): 0.1731 (0.1666)  lr: 0.000410  iter-time: 1.1776
[19:10:33.903390] Epoch: [8]  [250/358]  eta: 0:02:11  loss: 0.2854 (0.3632)  IoU (F channel): 0.2161 (0.1998)  L1 (Dc channel): 0.0066 (0.0081)  L1 (Dn channel): 0.0051 (0.0054)  IoU (P channel): 0.1610 (0.1653)  lr: 0.000412  iter-time: 1.2055
[19:10:45.909518] Epoch: [8]  [260/358]  eta: 0:01:59  loss: 0.2932 (0.3610)  IoU (F channel): 0.2161 (0.2026)  L1 (Dc channel): 0.0071 (0.0081)  L1 (Dn channel): 0.0050 (0.0054)  IoU (P channel): 0.1619 (0.1666)  lr: 0.000414  iter-time: 1.2049
[19:10:57.559126] Epoch: [8]  [270/358]  eta: 0:01:46  loss: 0.2693 (0.3577)  IoU (F channel): 0.2070 (0.2024)  L1 (Dc channel): 0.0068 (0.0080)  L1 (Dn channel): 0.0046 (0.0054)  IoU (P channel): 0.1794 (0.1663)  lr: 0.000417  iter-time: 1.1826
[19:11:10.058367] Epoch: [8]  [280/358]  eta: 0:01:34  loss: 0.2657 (0.3547)  IoU (F channel): 0.1820 (0.2033)  L1 (Dc channel): 0.0065 (0.0080)  L1 (Dn channel): 0.0046 (0.0054)  IoU (P channel): 0.1457 (0.1666)  lr: 0.000419  iter-time: 1.2073
[19:11:22.030174] Epoch: [8]  [290/358]  eta: 0:01:22  loss: 0.2760 (0.3537)  IoU (F channel): 0.2499 (0.2048)  L1 (Dc channel): 0.0066 (0.0079)  L1 (Dn channel): 0.0045 (0.0053)  IoU (P channel): 0.1761 (0.1674)  lr: 0.000421  iter-time: 1.2234
[19:11:33.921729] Epoch: [8]  [300/358]  eta: 0:01:10  loss: 0.2760 (0.3511)  IoU (F channel): 0.2176 (0.2051)  L1 (Dc channel): 0.0068 (0.0079)  L1 (Dn channel): 0.0046 (0.0053)  IoU (P channel): 0.1673 (0.1674)  lr: 0.000424  iter-time: 1.1930
[19:11:45.829782] Epoch: [8]  [310/358]  eta: 0:00:58  loss: 0.2658 (0.3490)  IoU (F channel): 0.2547 (0.2070)  L1 (Dc channel): 0.0062 (0.0078)  L1 (Dn channel): 0.0044 (0.0053)  IoU (P channel): 0.1859 (0.1680)  lr: 0.000426  iter-time: 1.1898
[19:11:57.298557] Epoch: [8]  [320/358]  eta: 0:00:46  loss: 0.2549 (0.3469)  IoU (F channel): 0.2425 (0.2076)  L1 (Dc channel): 0.0056 (0.0077)  L1 (Dn channel): 0.0040 (0.0052)  IoU (P channel): 0.1812 (0.1683)  lr: 0.000428  iter-time: 1.1686
[19:12:08.970672] Epoch: [8]  [330/358]  eta: 0:00:33  loss: 0.2649 (0.3455)  IoU (F channel): 0.2214 (0.2080)  L1 (Dc channel): 0.0059 (0.0077)  L1 (Dn channel): 0.0042 (0.0052)  IoU (P channel): 0.1649 (0.1685)  lr: 0.000431  iter-time: 1.1569
[19:12:21.121855] Epoch: [8]  [340/358]  eta: 0:00:21  loss: 0.2696 (0.3437)  IoU (F channel): 0.2277 (0.2080)  L1 (Dc channel): 0.0060 (0.0077)  L1 (Dn channel): 0.0045 (0.0052)  IoU (P channel): 0.1702 (0.1685)  lr: 0.000433  iter-time: 1.1910
[19:12:32.480575] Epoch: [8]  [350/358]  eta: 0:00:09  loss: 0.2768 (0.3425)  IoU (F channel): 0.2246 (0.2082)  L1 (Dc channel): 0.0064 (0.0076)  L1 (Dn channel): 0.0046 (0.0052)  IoU (P channel): 0.1514 (0.1679)  lr: 0.000435  iter-time: 1.1753
[19:12:39.491769] Epoch: [8]  [357/358]  eta: 0:00:01  loss: 0.2858 (0.3413)  IoU (F channel): 0.2065 (0.2079)  L1 (Dc channel): 0.0063 (0.0076)  L1 (Dn channel): 0.0047 (0.0052)  IoU (P channel): 0.1405 (0.1672)  lr: 0.000437  iter-time: 1.0942
[19:12:39.491941] Epoch: [8] Total time: 0:07:10 (1.2035 s / it)
[19:12:39.491970] [Train] averaged stats: loss: 0.2858 (0.3413)  IoU (F channel): 0.2065 (0.2079)  L1 (Dc channel): 0.0063 (0.0076)  L1 (Dn channel): 0.0047 (0.0052)  IoU (P channel): 0.1405 (0.1672)  lr: 0.000437
[19:12:45.109251] Epoch: [8]  [ 0/23]  eta: 0:02:09  loss: 0.2201 (0.2201)  IoU (F channel): 0.0011 (0.0011)  L1 (Dc channel): 0.0064 (0.0064)  L1 (Dn channel): 0.0045 (0.0045)  IoU (P channel): 0.0000 (0.0000)  iter-time: 5.6158
[19:12:53.439919] Epoch: [8]  [10/23]  eta: 0:00:16  loss: 0.2547 (0.3267)  IoU (F channel): 0.1780 (0.1706)  L1 (Dc channel): 0.0066 (0.0067)  L1 (Dn channel): 0.0051 (0.0053)  IoU (P channel): 0.1488 (0.1380)  iter-time: 1.2678
[19:12:58.109341] Epoch: [8]  [20/23]  eta: 0:00:02  loss: 0.2741 (0.3188)  IoU (F channel): 0.1863 (0.1934)  L1 (Dc channel): 0.0066 (0.0067)  L1 (Dn channel): 0.0048 (0.0051)  IoU (P channel): 0.1491 (0.1494)  iter-time: 0.6500
[19:12:58.530583] Epoch: [8]  [22/23]  eta: 0:00:00  loss: 0.2741 (0.3134)  IoU (F channel): 0.1863 (0.1883)  L1 (Dc channel): 0.0066 (0.0067)  L1 (Dn channel): 0.0047 (0.0050)  IoU (P channel): 0.1488 (0.1465)  iter-time: 0.4715
[19:12:58.530666] Epoch: [8] Total time: 0:00:19 (0.8277 s / it)
[19:12:58.530688] [Val] averaged stats: loss: 0.2741 (0.3134)  IoU (F channel): 0.1863 (0.1883)  L1 (Dc channel): 0.0066 (0.0067)  L1 (Dn channel): 0.0047 (0.0050)  IoU (P channel): 0.1488 (0.1465)
[19:12:58.530902] Val loss improved from 0.4100978478141453 to 0.313432352050491, saving model to metrics/biapy/biapy-channel-scale-zarr-unetr/checkpoints/biapy-channel-scale-zarr-unetr_0-checkpoint-best.pth
[19:12:59.948104] [Val] best loss: 0.3134 best  IoU (F channel): 0.1883 L1 (Dc channel): 0.0067 L1 (Dn channel): 0.0050 IoU (P channel): 0.1465 
[19:12:59.958691] [Time] 7.5m 1.1h/7.8h

[19:12:59.958716] ~~~ Epoch 9/60 ~~~

[19:13:09.509415] Epoch: [9]  [  0/358]  eta: 0:56:58  loss: 0.2639 (0.2639)  IoU (F channel): 0.3057 (0.3057)  L1 (Dc channel): 0.0065 (0.0065)  L1 (Dn channel): 0.0049 (0.0049)  IoU (P channel): 0.2095 (0.2095)  lr: 0.000437  iter-time: 9.5478
[19:13:21.422305] Epoch: [9]  [ 10/358]  eta: 0:11:18  loss: 0.2496 (0.2522)  IoU (F channel): 0.2571 (0.2585)  L1 (Dc channel): 0.0062 (0.0063)  L1 (Dn channel): 0.0043 (0.0042)  IoU (P channel): 0.2095 (0.2060)  lr: 0.000439  iter-time: 1.9508
[19:13:33.206943] Epoch: [9]  [ 20/358]  eta: 0:08:55  loss: 0.2378 (0.2473)  IoU (F channel): 0.2497 (0.2565)  L1 (Dc channel): 0.0061 (0.0061)  L1 (Dn channel): 0.0043 (0.0045)  IoU (P channel): 0.2004 (0.1996)  lr: 0.000442  iter-time: 1.1847
[19:13:45.163783] Epoch: [9]  [ 30/358]  eta: 0:07:58  loss: 0.2481 (0.2708)  IoU (F channel): 0.2497 (0.2618)  L1 (Dc channel): 0.0064 (0.0065)  L1 (Dn channel): 0.0047 (0.0047)  IoU (P channel): 0.2004 (0.1995)  lr: 0.000444  iter-time: 1.1869
[19:13:56.794005] Epoch: [9]  [ 40/358]  eta: 0:07:20  loss: 0.3048 (0.2839)  IoU (F channel): 0.2163 (0.2438)  L1 (Dc channel): 0.0070 (0.0066)  L1 (Dn channel): 0.0050 (0.0049)  IoU (P channel): 0.1543 (0.1828)  lr: 0.000446  iter-time: 1.1792
[19:14:08.677303] Epoch: [9]  [ 50/358]  eta: 0:06:54  loss: 0.2977 (0.2868)  IoU (F channel): 0.1911 (0.2405)  L1 (Dc channel): 0.0072 (0.0068)  L1 (Dn channel): 0.0048 (0.0049)  IoU (P channel): 0.1451 (0.1792)  lr: 0.000449  iter-time: 1.1755
[19:14:20.223515] Epoch: [9]  [ 60/358]  eta: 0:06:32  loss: 0.2869 (0.2951)  IoU (F channel): 0.1911 (0.2311)  L1 (Dc channel): 0.0072 (0.0069)  L1 (Dn channel): 0.0051 (0.0050)  IoU (P channel): 0.1451 (0.1695)  lr: 0.000451  iter-time: 1.1713
[19:14:32.023294] Epoch: [9]  [ 70/358]  eta: 0:06:13  loss: 0.2869 (0.2925)  IoU (F channel): 0.2277 (0.2350)  L1 (Dc channel): 0.0068 (0.0068)  L1 (Dn channel): 0.0051 (0.0050)  IoU (P channel): 0.1713 (0.1744)  lr: 0.000453  iter-time: 1.1671
[19:14:44.103928] Epoch: [9]  [ 80/358]  eta: 0:05:57  loss: 0.2561 (0.2875)  IoU (F channel): 0.2279 (0.2345)  L1 (Dc channel): 0.0061 (0.0068)  L1 (Dn channel): 0.0047 (0.0049)  IoU (P channel): 0.1885 (0.1756)  lr: 0.000455  iter-time: 1.1938
[19:14:56.065337] Epoch: [9]  [ 90/358]  eta: 0:05:41  loss: 0.2409 (0.2836)  IoU (F channel): 0.2108 (0.2324)  L1 (Dc channel): 0.0063 (0.0067)  L1 (Dn channel): 0.0045 (0.0049)  IoU (P channel): 0.1774 (0.1758)  lr: 0.000458  iter-time: 1.2019
[19:15:07.963970] Epoch: [9]  [100/358]  eta: 0:05:26  loss: 0.2415 (0.2823)  IoU (F channel): 0.2559 (0.2376)  L1 (Dc channel): 0.0063 (0.0067)  L1 (Dn channel): 0.0045 (0.0049)  IoU (P channel): 0.2209 (0.1798)  lr: 0.000460  iter-time: 1.1928
[19:15:19.674350] Epoch: [9]  [110/358]  eta: 0:05:12  loss: 0.2609 (0.2804)  IoU (F channel): 0.2568 (0.2381)  L1 (Dc channel): 0.0064 (0.0067)  L1 (Dn channel): 0.0045 (0.0049)  IoU (P channel): 0.2125 (0.1801)  lr: 0.000462  iter-time: 1.1803
[19:15:31.678012] Epoch: [9]  [120/358]  eta: 0:04:58  loss: 0.2438 (0.2758)  IoU (F channel): 0.2336 (0.2374)  L1 (Dc channel): 0.0057 (0.0065)  L1 (Dn channel): 0.0044 (0.0048)  IoU (P channel): 0.1751 (0.1797)  lr: 0.000465  iter-time: 1.1855
[19:15:43.935436] Epoch: [9]  [130/358]  eta: 0:04:45  loss: 0.2116 (0.2713)  IoU (F channel): 0.2272 (0.2348)  L1 (Dc channel): 0.0051 (0.0064)  L1 (Dn channel): 0.0040 (0.0047)  IoU (P channel): 0.1673 (0.1781)  lr: 0.000467  iter-time: 1.2129
[19:15:55.791861] Epoch: [9]  [140/358]  eta: 0:04:31  loss: 0.2199 (0.2704)  IoU (F channel): 0.2406 (0.2375)  L1 (Dc channel): 0.0051 (0.0064)  L1 (Dn channel): 0.0040 (0.0047)  IoU (P channel): 0.1773 (0.1805)  lr: 0.000469  iter-time: 1.2055
[19:16:07.532223] Epoch: [9]  [150/358]  eta: 0:04:18  loss: 0.2350 (0.2698)  IoU (F channel): 0.2501 (0.2376)  L1 (Dc channel): 0.0056 (0.0063)  L1 (Dn channel): 0.0048 (0.0047)  IoU (P channel): 0.1773 (0.1802)  lr: 0.000472  iter-time: 1.1797
[19:16:19.322856] Epoch: [9]  [160/358]  eta: 0:04:05  loss: 0.2309 (0.2685)  IoU (F channel): 0.2422 (0.2377)  L1 (Dc channel): 0.0062 (0.0064)  L1 (Dn channel): 0.0048 (0.0047)  IoU (P channel): 0.1801 (0.1816)  lr: 0.000474  iter-time: 1.1764
[19:16:31.026736] Epoch: [9]  [170/358]  eta: 0:03:52  loss: 0.2147 (0.2655)  IoU (F channel): 0.2347 (0.2383)  L1 (Dc channel): 0.0066 (0.0064)  L1 (Dn channel): 0.0043 (0.0047)  IoU (P channel): 0.1853 (0.1820)  lr: 0.000476  iter-time: 1.1746
[19:16:42.859127] Epoch: [9]  [180/358]  eta: 0:03:39  loss: 0.2122 (0.2640)  IoU (F channel): 0.2794 (0.2398)  L1 (Dc channel): 0.0060 (0.0063)  L1 (Dn channel): 0.0043 (0.0047)  IoU (P channel): 0.1831 (0.1827)  lr: 0.000479  iter-time: 1.1767
[19:16:54.389431] Epoch: [9]  [190/358]  eta: 0:03:26  loss: 0.2122 (0.2618)  IoU (F channel): 0.2473 (0.2389)  L1 (Dc channel): 0.0057 (0.0063)  L1 (Dn channel): 0.0043 (0.0046)  IoU (P channel): 0.1536 (0.1811)  lr: 0.000481  iter-time: 1.1680
[19:17:06.221846] Epoch: [9]  [200/358]  eta: 0:03:13  loss: 0.2148 (0.2607)  IoU (F channel): 0.2769 (0.2420)  L1 (Dc channel): 0.0056 (0.0063)  L1 (Dn channel): 0.0042 (0.0046)  IoU (P channel): 0.1859 (0.1826)  lr: 0.000483  iter-time: 1.1680
[19:17:18.223742] Epoch: [9]  [210/358]  eta: 0:03:01  loss: 0.2238 (0.2592)  IoU (F channel): 0.2954 (0.2434)  L1 (Dc channel): 0.0051 (0.0062)  L1 (Dn channel): 0.0041 (0.0046)  IoU (P channel): 0.1935 (0.1835)  lr: 0.000486  iter-time: 1.1915
[19:17:30.121260] Epoch: [9]  [220/358]  eta: 0:02:48  loss: 0.2076 (0.2570)  IoU (F channel): 0.2110 (0.2413)  L1 (Dc channel): 0.0054 (0.0062)  L1 (Dn channel): 0.0041 (0.0046)  IoU (P channel): 0.1688 (0.1818)  lr: 0.000488  iter-time: 1.1948
[19:17:41.748494] Epoch: [9]  [230/358]  eta: 0:02:36  loss: 0.2039 (0.2553)  IoU (F channel): 0.2110 (0.2424)  L1 (Dc channel): 0.0053 (0.0061)  L1 (Dn channel): 0.0042 (0.0046)  IoU (P channel): 0.1787 (0.1826)  lr: 0.000490  iter-time: 1.1761
[19:17:53.563353] Epoch: [9]  [240/358]  eta: 0:02:23  loss: 0.2132 (0.2538)  IoU (F channel): 0.2790 (0.2425)  L1 (Dc channel): 0.0050 (0.0061)  L1 (Dn channel): 0.0042 (0.0045)  IoU (P channel): 0.2044 (0.1826)  lr: 0.000493  iter-time: 1.1719
[19:18:05.200808] Epoch: [9]  [250/358]  eta: 0:02:11  loss: 0.2183 (0.2532)  IoU (F channel): 0.2790 (0.2431)  L1 (Dc channel): 0.0055 (0.0061)  L1 (Dn channel): 0.0040 (0.0045)  IoU (P channel): 0.2083 (0.1835)  lr: 0.000495  iter-time: 1.1724
[19:18:17.171433] Epoch: [9]  [260/358]  eta: 0:01:59  loss: 0.2475 (0.2535)  IoU (F channel): 0.2673 (0.2439)  L1 (Dc channel): 0.0058 (0.0061)  L1 (Dn channel): 0.0043 (0.0045)  IoU (P channel): 0.2055 (0.1836)  lr: 0.000497  iter-time: 1.1802
[19:18:28.819957] Epoch: [9]  [270/358]  eta: 0:01:46  loss: 0.2383 (0.2513)  IoU (F channel): 0.2629 (0.2434)  L1 (Dc channel): 0.0054 (0.0061)  L1 (Dn channel): 0.0039 (0.0045)  IoU (P channel): 0.1765 (0.1835)  lr: 0.000500  iter-time: 1.1808
[19:18:40.466002] Epoch: [9]  [280/358]  eta: 0:01:34  loss: 0.1853 (0.2508)  IoU (F channel): 0.1839 (0.2426)  L1 (Dc channel): 0.0050 (0.0060)  L1 (Dn channel): 0.0038 (0.0045)  IoU (P channel): 0.1752 (0.1830)  lr: 0.000502  iter-time: 1.1645
[19:18:52.181755] Epoch: [9]  [290/358]  eta: 0:01:22  loss: 0.1969 (0.2499)  IoU (F channel): 0.1845 (0.2427)  L1 (Dc channel): 0.0056 (0.0060)  L1 (Dn channel): 0.0040 (0.0045)  IoU (P channel): 0.1652 (0.1829)  lr: 0.000504  iter-time: 1.1679
[19:19:03.995382] Epoch: [9]  [300/358]  eta: 0:01:10  loss: 0.1965 (0.2486)  IoU (F channel): 0.2271 (0.2422)  L1 (Dc channel): 0.0057 (0.0060)  L1 (Dn channel): 0.0040 (0.0045)  IoU (P channel): 0.1560 (0.1819)  lr: 0.000507  iter-time: 1.1763
[19:19:15.612069] Epoch: [9]  [310/358]  eta: 0:00:57  loss: 0.1768 (0.2467)  IoU (F channel): 0.2391 (0.2429)  L1 (Dc channel): 0.0051 (0.0060)  L1 (Dn channel): 0.0039 (0.0044)  IoU (P channel): 0.1673 (0.1827)  lr: 0.000509  iter-time: 1.1713
[19:19:27.364468] Epoch: [9]  [320/358]  eta: 0:00:45  loss: 0.1827 (0.2452)  IoU (F channel): 0.2791 (0.2451)  L1 (Dc channel): 0.0048 (0.0059)  L1 (Dn channel): 0.0037 (0.0044)  IoU (P channel): 0.2182 (0.1839)  lr: 0.000511  iter-time: 1.1683
[19:19:39.229936] Epoch: [9]  [330/358]  eta: 0:00:33  loss: 0.1961 (0.2438)  IoU (F channel): 0.3177 (0.2462)  L1 (Dc channel): 0.0048 (0.0059)  L1 (Dn channel): 0.0037 (0.0044)  IoU (P channel): 0.2461 (0.1849)  lr: 0.000514  iter-time: 1.1807
[19:19:51.050976] Epoch: [9]  [340/358]  eta: 0:00:21  loss: 0.1810 (0.2420)  IoU (F channel): 0.2505 (0.2456)  L1 (Dc channel): 0.0048 (0.0059)  L1 (Dn channel): 0.0036 (0.0044)  IoU (P channel): 0.2086 (0.1846)  lr: 0.000516  iter-time: 1.1841
[19:20:02.435110] Epoch: [9]  [350/358]  eta: 0:00:09  loss: 0.1936 (0.2411)  IoU (F channel): 0.2313 (0.2455)  L1 (Dc channel): 0.0047 (0.0058)  L1 (Dn channel): 0.0036 (0.0044)  IoU (P channel): 0.1656 (0.1847)  lr: 0.000518  iter-time: 1.1601
[19:20:09.442411] Epoch: [9]  [357/358]  eta: 0:00:01  loss: 0.1936 (0.2400)  IoU (F channel): 0.2321 (0.2474)  L1 (Dc channel): 0.0047 (0.0058)  L1 (Dn channel): 0.0037 (0.0044)  IoU (P channel): 0.1824 (0.1860)  lr: 0.000520  iter-time: 1.0969
[19:20:09.442518] Epoch: [9] Total time: 0:07:09 (1.1997 s / it)
[19:20:09.442547] [Train] averaged stats: loss: 0.1936 (0.2400)  IoU (F channel): 0.2321 (0.2474)  L1 (Dc channel): 0.0047 (0.0058)  L1 (Dn channel): 0.0037 (0.0044)  IoU (P channel): 0.1824 (0.1860)  lr: 0.000520
[19:20:14.766691] Epoch: [9]  [ 0/23]  eta: 0:02:02  loss: 0.1477 (0.1477)  IoU (F channel): 0.0001 (0.0001)  L1 (Dc channel): 0.0040 (0.0040)  L1 (Dn channel): 0.0041 (0.0041)  IoU (P channel): 0.0000 (0.0000)  iter-time: 5.3226
[19:20:23.424983] Epoch: [9]  [10/23]  eta: 0:00:16  loss: 0.1817 (0.2587)  IoU (F channel): 0.2382 (0.2044)  L1 (Dc channel): 0.0048 (0.0051)  L1 (Dn channel): 0.0044 (0.0050)  IoU (P channel): 0.1761 (0.1641)  iter-time: 1.2709
[19:20:28.061837] Epoch: [9]  [20/23]  eta: 0:00:02  loss: 0.1953 (0.2539)  IoU (F channel): 0.2382 (0.2363)  L1 (Dc channel): 0.0052 (0.0054)  L1 (Dn channel): 0.0048 (0.0051)  IoU (P channel): 0.1783 (0.1771)  iter-time: 0.6647
[19:20:28.482908] Epoch: [9]  [22/23]  eta: 0:00:00  loss: 0.1953 (0.2479)  IoU (F channel): 0.2253 (0.2272)  L1 (Dc channel): 0.0051 (0.0053)  L1 (Dn channel): 0.0048 (0.0050)  IoU (P channel): 0.1793 (0.1713)  iter-time: 0.4933
[19:20:28.482987] Epoch: [9] Total time: 0:00:19 (0.8278 s / it)
[19:20:28.483008] [Val] averaged stats: loss: 0.1953 (0.2479)  IoU (F channel): 0.2253 (0.2272)  L1 (Dc channel): 0.0051 (0.0053)  L1 (Dn channel): 0.0048 (0.0050)  IoU (P channel): 0.1793 (0.1713)
[19:20:28.483234] Val loss improved from 0.313432352050491 to 0.24791790285836096, saving model to metrics/biapy/biapy-channel-scale-zarr-unetr/checkpoints/biapy-channel-scale-zarr-unetr_0-checkpoint-best.pth
[19:20:30.026116] [Val] best loss: 0.2479 best  IoU (F channel): 0.2272 L1 (Dc channel): 0.0053 L1 (Dn channel): 0.0050 IoU (P channel): 0.1713 
[19:20:30.034850] [Time] 7.5m 1.3h/7.8h

[19:20:30.034882] ~~~ Epoch 10/60 ~~~

[19:20:37.251471] Epoch: [10]  [  0/358]  eta: 0:43:02  loss: 0.1731 (0.1731)  IoU (F channel): 0.0745 (0.0745)  L1 (Dc channel): 0.0053 (0.0053)  L1 (Dn channel): 0.0050 (0.0050)  IoU (P channel): 0.0384 (0.0384)  lr: 0.000520  iter-time: 7.2137
[19:20:49.552704] Epoch: [10]  [ 10/358]  eta: 0:10:17  loss: 0.1810 (0.1968)  IoU (F channel): 0.2209 (0.2225)  L1 (Dc channel): 0.0053 (0.0057)  L1 (Dn channel): 0.0043 (0.0042)  IoU (P channel): 0.1434 (0.1690)  lr: 0.000523  iter-time: 1.7740
[19:21:01.324682] Epoch: [10]  [ 20/358]  eta: 0:08:23  loss: 0.1810 (0.1970)  IoU (F channel): 0.2691 (0.2492)  L1 (Dc channel): 0.0059 (0.0058)  L1 (Dn channel): 0.0042 (0.0044)  IoU (P channel): 0.1660 (0.1777)  lr: 0.000525  iter-time: 1.2035
[19:21:13.161908] Epoch: [10]  [ 30/358]  eta: 0:07:36  loss: 0.1934 (0.2054)  IoU (F channel): 0.2691 (0.2549)  L1 (Dc channel): 0.0061 (0.0060)  L1 (Dn channel): 0.0048 (0.0045)  IoU (P channel): 0.1697 (0.1774)  lr: 0.000527  iter-time: 1.1802
[19:21:25.050942] Epoch: [10]  [ 40/358]  eta: 0:07:06  loss: 0.2000 (0.2141)  IoU (F channel): 0.2476 (0.2457)  L1 (Dc channel): 0.0069 (0.0064)  L1 (Dn channel): 0.0048 (0.0046)  IoU (P channel): 0.1453 (0.1687)  lr: 0.000530  iter-time: 1.1861
[19:21:36.636341] Epoch: [10]  [ 50/358]  eta: 0:06:42  loss: 0.2088 (0.2180)  IoU (F channel): 0.2432 (0.2391)  L1 (Dc channel): 0.0067 (0.0063)  L1 (Dn channel): 0.0047 (0.0047)  IoU (P channel): 0.1420 (0.1641)  lr: 0.000532  iter-time: 1.1736
[19:21:48.301598] Epoch: [10]  [ 60/358]  eta: 0:06:22  loss: 0.2127 (0.2171)  IoU (F channel): 0.2352 (0.2431)  L1 (Dc channel): 0.0056 (0.0061)  L1 (Dn channel): 0.0044 (0.0046)  IoU (P channel): 0.1611 (0.1693)  lr: 0.000534  iter-time: 1.1624
[19:22:00.273989] Epoch: [10]  [ 70/358]  eta: 0:06:05  loss: 0.1917 (0.2153)  IoU (F channel): 0.2352 (0.2423)  L1 (Dc channel): 0.0053 (0.0060)  L1 (Dn channel): 0.0039 (0.0045)  IoU (P channel): 0.1722 (0.1699)  lr: 0.000537  iter-time: 1.1817
[19:22:12.342852] Epoch: [10]  [ 80/358]  eta: 0:05:51  loss: 0.1792 (0.2120)  IoU (F channel): 0.2293 (0.2414)  L1 (Dc channel): 0.0052 (0.0059)  L1 (Dn channel): 0.0038 (0.0044)  IoU (P channel): 0.1502 (0.1693)  lr: 0.000539  iter-time: 1.2019
[19:22:24.120431] Epoch: [10]  [ 90/358]  eta: 0:05:35  loss: 0.1792 (0.2103)  IoU (F channel): 0.2506 (0.2412)  L1 (Dc channel): 0.0052 (0.0058)  L1 (Dn channel): 0.0037 (0.0044)  IoU (P channel): 0.1774 (0.1698)  lr: 0.000541  iter-time: 1.1921
[19:22:35.817095] Epoch: [10]  [100/358]  eta: 0:05:21  loss: 0.1779 (0.2066)  IoU (F channel): 0.2505 (0.2419)  L1 (Dc channel): 0.0049 (0.0057)  L1 (Dn channel): 0.0037 (0.0043)  IoU (P channel): 0.1694 (0.1707)  lr: 0.000544  iter-time: 1.1735
[19:22:47.575552] Epoch: [10]  [110/358]  eta: 0:05:07  loss: 0.1634 (0.2037)  IoU (F channel): 0.2505 (0.2456)  L1 (Dc channel): 0.0046 (0.0056)  L1 (Dn channel): 0.0036 (0.0043)  IoU (P channel): 0.1866 (0.1747)  lr: 0.000546  iter-time: 1.1726
[19:22:59.218916] Epoch: [10]  [120/358]  eta: 0:04:53  loss: 0.1636 (0.2022)  IoU (F channel): 0.3016 (0.2484)  L1 (Dc channel): 0.0046 (0.0056)  L1 (Dn channel): 0.0037 (0.0043)  IoU (P channel): 0.2305 (0.1779)  lr: 0.000548  iter-time: 1.1699
[19:23:11.011049] Epoch: [10]  [130/358]  eta: 0:04:40  loss: 0.1658 (0.2012)  IoU (F channel): 0.2464 (0.2478)  L1 (Dc channel): 0.0046 (0.0055)  L1 (Dn channel): 0.0038 (0.0042)  IoU (P channel): 0.1822 (0.1779)  lr: 0.000551  iter-time: 1.1716
[19:23:22.761331] Epoch: [10]  [140/358]  eta: 0:04:27  loss: 0.1759 (0.2011)  IoU (F channel): 0.2984 (0.2530)  L1 (Dc channel): 0.0047 (0.0055)  L1 (Dn channel): 0.0039 (0.0042)  IoU (P channel): 0.2189 (0.1808)  lr: 0.000553  iter-time: 1.1769
[19:23:34.116371] Epoch: [10]  [150/358]  eta: 0:04:13  loss: 0.1855 (0.1995)  IoU (F channel): 0.3025 (0.2550)  L1 (Dc channel): 0.0050 (0.0054)  L1 (Dn channel): 0.0038 (0.0042)  IoU (P channel): 0.2203 (0.1815)  lr: 0.000555  iter-time: 1.1551
[19:23:45.870781] Epoch: [10]  [160/358]  eta: 0:04:00  loss: 0.1893 (0.1996)  IoU (F channel): 0.2211 (0.2518)  L1 (Dc channel): 0.0050 (0.0054)  L1 (Dn channel): 0.0037 (0.0042)  IoU (P channel): 0.1569 (0.1801)  lr: 0.000558  iter-time: 1.1553
[19:23:57.644426] Epoch: [10]  [170/358]  eta: 0:03:48  loss: 0.2036 (0.1993)  IoU (F channel): 0.2337 (0.2543)  L1 (Dc channel): 0.0049 (0.0054)  L1 (Dn channel): 0.0037 (0.0041)  IoU (P channel): 0.1571 (0.1808)  lr: 0.000560  iter-time: 1.1763
[19:24:09.241338] Epoch: [10]  [180/358]  eta: 0:03:35  loss: 0.1910 (0.1981)  IoU (F channel): 0.3043 (0.2567)  L1 (Dc channel): 0.0048 (0.0054)  L1 (Dn channel): 0.0037 (0.0042)  IoU (P channel): 0.1949 (0.1832)  lr: 0.000562  iter-time: 1.1684
[19:24:20.937887] Epoch: [10]  [190/358]  eta: 0:03:23  loss: 0.1751 (0.1978)  IoU (F channel): 0.2535 (0.2574)  L1 (Dc channel): 0.0056 (0.0054)  L1 (Dn channel): 0.0044 (0.0042)  IoU (P channel): 0.1887 (0.1839)  lr: 0.000565  iter-time: 1.1645
[19:24:32.703871] Epoch: [10]  [200/358]  eta: 0:03:10  loss: 0.1751 (0.1970)  IoU (F channel): 0.2535 (0.2593)  L1 (Dc channel): 0.0056 (0.0055)  L1 (Dn channel): 0.0044 (0.0042)  IoU (P channel): 0.1887 (0.1857)  lr: 0.000567  iter-time: 1.1730
[19:24:44.360780] Epoch: [10]  [210/358]  eta: 0:02:58  loss: 0.1695 (0.1964)  IoU (F channel): 0.2866 (0.2600)  L1 (Dc channel): 0.0053 (0.0054)  L1 (Dn channel): 0.0042 (0.0042)  IoU (P channel): 0.2422 (0.1863)  lr: 0.000569  iter-time: 1.1709
[19:24:56.089186] Epoch: [10]  [220/358]  eta: 0:02:46  loss: 0.1689 (0.1962)  IoU (F channel): 0.2835 (0.2609)  L1 (Dc channel): 0.0051 (0.0054)  L1 (Dn channel): 0.0040 (0.0042)  IoU (P channel): 0.2054 (0.1870)  lr: 0.000572  iter-time: 1.1691
[19:25:07.753874] Epoch: [10]  [230/358]  eta: 0:02:33  loss: 0.1832 (0.1959)  IoU (F channel): 0.2841 (0.2617)  L1 (Dc channel): 0.0052 (0.0054)  L1 (Dn channel): 0.0038 (0.0042)  IoU (P channel): 0.1990 (0.1867)  lr: 0.000574  iter-time: 1.1695
[19:25:19.686738] Epoch: [10]  [240/358]  eta: 0:02:21  loss: 0.1915 (0.1957)  IoU (F channel): 0.3018 (0.2632)  L1 (Dc channel): 0.0047 (0.0054)  L1 (Dn channel): 0.0035 (0.0041)  IoU (P channel): 0.1874 (0.1875)  lr: 0.000576  iter-time: 1.1797
[19:25:31.494488] Epoch: [10]  [250/358]  eta: 0:02:09  loss: 0.1794 (0.1953)  IoU (F channel): 0.2814 (0.2639)  L1 (Dc channel): 0.0048 (0.0054)  L1 (Dn channel): 0.0035 (0.0041)  IoU (P channel): 0.1874 (0.1885)  lr: 0.000579  iter-time: 1.1868
[19:25:43.215487] Epoch: [10]  [260/358]  eta: 0:01:57  loss: 0.1565 (0.1939)  IoU (F channel): 0.2435 (0.2641)  L1 (Dc channel): 0.0051 (0.0054)  L1 (Dn channel): 0.0042 (0.0041)  IoU (P channel): 0.1810 (0.1881)  lr: 0.000581  iter-time: 1.1763
[19:25:54.640838] Epoch: [10]  [270/358]  eta: 0:01:45  loss: 0.1563 (0.1937)  IoU (F channel): 0.2435 (0.2640)  L1 (Dc channel): 0.0052 (0.0054)  L1 (Dn channel): 0.0042 (0.0042)  IoU (P channel): 0.1504 (0.1879)  lr: 0.000583  iter-time: 1.1572
[19:26:06.279432] Epoch: [10]  [280/358]  eta: 0:01:33  loss: 0.1655 (0.1936)  IoU (F channel): 0.2351 (0.2638)  L1 (Dc channel): 0.0054 (0.0054)  L1 (Dn channel): 0.0042 (0.0042)  IoU (P channel): 0.1640 (0.1873)  lr: 0.000586  iter-time: 1.1531
[19:26:17.950514] Epoch: [10]  [290/358]  eta: 0:01:21  loss: 0.1790 (0.1935)  IoU (F channel): 0.2514 (0.2648)  L1 (Dc channel): 0.0056 (0.0054)  L1 (Dn channel): 0.0040 (0.0042)  IoU (P channel): 0.1763 (0.1882)  lr: 0.000588  iter-time: 1.1653
[19:26:29.536759] Epoch: [10]  [300/358]  eta: 0:01:09  loss: 0.1773 (0.1927)  IoU (F channel): 0.2936 (0.2657)  L1 (Dc channel): 0.0056 (0.0054)  L1 (Dn channel): 0.0041 (0.0042)  IoU (P channel): 0.2014 (0.1890)  lr: 0.000590  iter-time: 1.1627
[19:26:41.136807] Epoch: [10]  [310/358]  eta: 0:00:57  loss: 0.1673 (0.1922)  IoU (F channel): 0.2979 (0.2666)  L1 (Dc channel): 0.0054 (0.0054)  L1 (Dn channel): 0.0041 (0.0042)  IoU (P channel): 0.1834 (0.1892)  lr: 0.000593  iter-time: 1.1592
[19:26:52.881375] Epoch: [10]  [320/358]  eta: 0:00:45  loss: 0.1628 (0.1915)  IoU (F channel): 0.2763 (0.2652)  L1 (Dc channel): 0.0055 (0.0054)  L1 (Dn channel): 0.0043 (0.0042)  IoU (P channel): 0.1596 (0.1875)  lr: 0.000595  iter-time: 1.1671
[19:27:04.771841] Epoch: [10]  [330/358]  eta: 0:00:33  loss: 0.1635 (0.1914)  IoU (F channel): 0.2611 (0.2669)  L1 (Dc channel): 0.0057 (0.0054)  L1 (Dn channel): 0.0043 (0.0042)  IoU (P channel): 0.1710 (0.1886)  lr: 0.000597  iter-time: 1.1815
[19:27:16.475756] Epoch: [10]  [340/358]  eta: 0:00:21  loss: 0.1603 (0.1910)  IoU (F channel): 0.3126 (0.2675)  L1 (Dc channel): 0.0050 (0.0054)  L1 (Dn channel): 0.0042 (0.0042)  IoU (P channel): 0.2084 (0.1888)  lr: 0.000600  iter-time: 1.1795
[19:27:27.847798] Epoch: [10]  [350/358]  eta: 0:00:09  loss: 0.1552 (0.1909)  IoU (F channel): 0.3019 (0.2671)  L1 (Dc channel): 0.0050 (0.0054)  L1 (Dn channel): 0.0038 (0.0042)  IoU (P channel): 0.1995 (0.1892)  lr: 0.000602  iter-time: 1.1536
[19:27:34.847281] Epoch: [10]  [357/358]  eta: 0:00:01  loss: 0.1603 (0.1932)  IoU (F channel): 0.2324 (0.2661)  L1 (Dc channel): 0.0047 (0.0054)  L1 (Dn channel): 0.0038 (0.0042)  IoU (P channel): 0.1879 (0.1888)  lr: 0.000603  iter-time: 1.1030
[19:27:34.847459] Epoch: [10] Total time: 0:07:04 (1.1866 s / it)
[19:27:34.847489] [Train] averaged stats: loss: 0.1603 (0.1932)  IoU (F channel): 0.2324 (0.2661)  L1 (Dc channel): 0.0047 (0.0054)  L1 (Dn channel): 0.0038 (0.0042)  IoU (P channel): 0.1879 (0.1888)  lr: 0.000603
[19:27:44.721932] Epoch: [10]  [ 0/23]  eta: 0:03:47  loss: 0.2132 (0.2132)  IoU (F channel): 0.0010 (0.0010)  L1 (Dc channel): 0.0074 (0.0074)  L1 (Dn channel): 0.0041 (0.0041)  IoU (P channel): 0.0011 (0.0011)  iter-time: 9.8729
[19:27:49.721158] Epoch: [10]  [10/23]  eta: 0:00:17  loss: 0.2331 (0.2785)  IoU (F channel): 0.1039 (0.0985)  L1 (Dc channel): 0.0082 (0.0084)  L1 (Dn channel): 0.0046 (0.0050)  IoU (P channel): 0.0691 (0.0655)  iter-time: 1.3520
[19:27:54.141803] Epoch: [10]  [20/23]  eta: 0:00:02  loss: 0.2331 (0.2668)  IoU (F channel): 0.1101 (0.1146)  L1 (Dc channel): 0.0082 (0.0085)  L1 (Dn channel): 0.0046 (0.0050)  IoU (P channel): 0.0691 (0.0724)  iter-time: 0.4709
[19:27:54.562181] Epoch: [10]  [22/23]  eta: 0:00:00  loss: 0.2267 (0.2624)  IoU (F channel): 0.1101 (0.1151)  L1 (Dc channel): 0.0081 (0.0084)  L1 (Dn channel): 0.0045 (0.0049)  IoU (P channel): 0.0691 (0.0748)  iter-time: 0.4391
[19:27:54.562268] Epoch: [10] Total time: 0:00:19 (0.8571 s / it)
[19:27:54.562290] [Val] averaged stats: loss: 0.2267 (0.2624)  IoU (F channel): 0.1101 (0.1151)  L1 (Dc channel): 0.0081 (0.0084)  L1 (Dn channel): 0.0045 (0.0049)  IoU (P channel): 0.0691 (0.0748)
[19:27:54.562471] [Val] best loss: 0.2479 best  IoU (F channel): 0.2272 L1 (Dc channel): 0.0053 L1 (Dn channel): 0.0050 IoU (P channel): 0.1713 
[19:27:54.571656] Creating training plots . . .
EarlyStopping counter: 1 out of 10
[19:28:01.210183] [Time] 7.5m 1.4h/7.8h

[19:28:01.210205] ~~~ Epoch 11/60 ~~~

[19:28:11.528723] Epoch: [11]  [  0/358]  eta: 1:01:33  loss: 0.2377 (0.2377)  IoU (F channel): 0.2102 (0.2102)  L1 (Dc channel): 0.0097 (0.0097)  L1 (Dn channel): 0.0050 (0.0050)  IoU (P channel): 0.1275 (0.1275)  lr: 0.000604  iter-time: 10.3165
[19:28:23.223595] Epoch: [11]  [ 10/358]  eta: 0:11:36  loss: 0.2377 (0.2446)  IoU (F channel): 0.2102 (0.1800)  L1 (Dc channel): 0.0087 (0.0086)  L1 (Dn channel): 0.0058 (0.0060)  IoU (P channel): 0.1264 (0.1168)  lr: 0.000606  iter-time: 2.0009
[19:28:34.922294] Epoch: [11]  [ 20/358]  eta: 0:09:02  loss: 0.2167 (0.2334)  IoU (F channel): 0.1909 (0.1852)  L1 (Dc channel): 0.0072 (0.0076)  L1 (Dn channel): 0.0054 (0.0055)  IoU (P channel): 0.1201 (0.1248)  lr: 0.000608  iter-time: 1.1695
[19:28:46.590407] Epoch: [11]  [ 30/358]  eta: 0:08:00  loss: 0.1808 (0.2440)  IoU (F channel): 0.1909 (0.1883)  L1 (Dc channel): 0.0062 (0.0071)  L1 (Dn channel): 0.0043 (0.0051)  IoU (P channel): 0.1201 (0.1284)  lr: 0.000611  iter-time: 1.1681
[19:28:58.159407] Epoch: [11]  [ 40/358]  eta: 0:07:21  loss: 0.1712 (0.2279)  IoU (F channel): 0.1886 (0.1890)  L1 (Dc channel): 0.0054 (0.0066)  L1 (Dn channel): 0.0040 (0.0048)  IoU (P channel): 0.1125 (0.1248)  lr: 0.000613  iter-time: 1.1617
[19:29:10.054944] Epoch: [11]  [ 50/358]  eta: 0:06:55  loss: 0.1662 (0.2189)  IoU (F channel): 0.1929 (0.1987)  L1 (Dc channel): 0.0052 (0.0064)  L1 (Dn channel): 0.0038 (0.0047)  IoU (P channel): 0.1125 (0.1305)  lr: 0.000615  iter-time: 1.1731
[19:29:21.591449] Epoch: [11]  [ 60/358]  eta: 0:06:32  loss: 0.1572 (0.2131)  IoU (F channel): 0.2392 (0.2099)  L1 (Dc channel): 0.0056 (0.0064)  L1 (Dn channel): 0.0041 (0.0046)  IoU (P channel): 0.1694 (0.1384)  lr: 0.000617  iter-time: 1.1714
[19:29:33.194669] Epoch: [11]  [ 70/358]  eta: 0:06:13  loss: 0.1657 (0.2097)  IoU (F channel): 0.2284 (0.2124)  L1 (Dc channel): 0.0056 (0.0062)  L1 (Dn channel): 0.0041 (0.0045)  IoU (P channel): 0.1694 (0.1422)  lr: 0.000620  iter-time: 1.1568
[19:29:44.927330] Epoch: [11]  [ 80/358]  eta: 0:05:55  loss: 0.1899 (0.2093)  IoU (F channel): 0.2284 (0.2161)  L1 (Dc channel): 0.0055 (0.0062)  L1 (Dn channel): 0.0043 (0.0046)  IoU (P channel): 0.1639 (0.1457)  lr: 0.000622  iter-time: 1.1667
[19:29:56.566726] Epoch: [11]  [ 90/358]  eta: 0:05:39  loss: 0.1899 (0.2074)  IoU (F channel): 0.2215 (0.2198)  L1 (Dc channel): 0.0060 (0.0062)  L1 (Dn channel): 0.0045 (0.0046)  IoU (P channel): 0.1616 (0.1497)  lr: 0.000624  iter-time: 1.1685
[19:30:08.320090] Epoch: [11]  [100/358]  eta: 0:05:24  loss: 0.1646 (0.2058)  IoU (F channel): 0.1709 (0.2185)  L1 (Dc channel): 0.0051 (0.0061)  L1 (Dn channel): 0.0040 (0.0045)  IoU (P channel): 0.1308 (0.1497)  lr: 0.000627  iter-time: 1.1695
[19:30:19.783100] Epoch: [11]  [110/358]  eta: 0:05:09  loss: 0.1777 (0.2092)  IoU (F channel): 0.1769 (0.2202)  L1 (Dc channel): 0.0049 (0.0060)  L1 (Dn channel): 0.0038 (0.0045)  IoU (P channel): 0.1445 (0.1513)  lr: 0.000629  iter-time: 1.1607
[19:30:31.385634] Epoch: [11]  [120/358]  eta: 0:04:55  loss: 0.1841 (0.2103)  IoU (F channel): 0.2567 (0.2223)  L1 (Dc channel): 0.0055 (0.0060)  L1 (Dn channel): 0.0041 (0.0045)  IoU (P channel): 0.2007 (0.1538)  lr: 0.000631  iter-time: 1.1531
[19:30:42.900447] Epoch: [11]  [130/358]  eta: 0:04:41  loss: 0.1798 (0.2082)  IoU (F channel): 0.1985 (0.2192)  L1 (Dc channel): 0.0055 (0.0059)  L1 (Dn channel): 0.0039 (0.0044)  IoU (P channel): 0.1312 (0.1516)  lr: 0.000633  iter-time: 1.1557
[19:30:54.678749] Epoch: [11]  [140/358]  eta: 0:04:28  loss: 0.1690 (0.2055)  IoU (F channel): 0.1840 (0.2208)  L1 (Dc channel): 0.0051 (0.0059)  L1 (Dn channel): 0.0039 (0.0044)  IoU (P channel): 0.1505 (0.1533)  lr: 0.000636  iter-time: 1.1645
[19:31:06.309220] Epoch: [11]  [150/358]  eta: 0:04:14  loss: 0.1532 (0.2025)  IoU (F channel): 0.2181 (0.2205)  L1 (Dc channel): 0.0051 (0.0058)  L1 (Dn channel): 0.0042 (0.0044)  IoU (P channel): 0.1601 (0.1526)  lr: 0.000638  iter-time: 1.1702
[19:31:18.084028] Epoch: [11]  [160/358]  eta: 0:04:02  loss: 0.1622 (0.2016)  IoU (F channel): 0.2191 (0.2231)  L1 (Dc channel): 0.0049 (0.0058)  L1 (Dn channel): 0.0041 (0.0044)  IoU (P channel): 0.1601 (0.1539)  lr: 0.000640  iter-time: 1.1700
[19:31:29.685499] Epoch: [11]  [170/358]  eta: 0:03:49  loss: 0.1583 (0.1990)  IoU (F channel): 0.2908 (0.2265)  L1 (Dc channel): 0.0048 (0.0057)  L1 (Dn channel): 0.0039 (0.0043)  IoU (P channel): 0.1944 (0.1571)  lr: 0.000643  iter-time: 1.1686
[19:31:41.452732] Epoch: [11]  [180/358]  eta: 0:03:36  loss: 0.1448 (0.1967)  IoU (F channel): 0.2862 (0.2284)  L1 (Dc channel): 0.0048 (0.0057)  L1 (Dn channel): 0.0038 (0.0043)  IoU (P channel): 0.1872 (0.1581)  lr: 0.000645  iter-time: 1.1683
[19:31:53.291590] Epoch: [11]  [190/358]  eta: 0:03:24  loss: 0.1349 (0.1932)  IoU (F channel): 0.2501 (0.2303)  L1 (Dc channel): 0.0046 (0.0056)  L1 (Dn channel): 0.0036 (0.0043)  IoU (P channel): 0.1718 (0.1594)  lr: 0.000647  iter-time: 1.1801
[19:32:04.828435] Epoch: [11]  [200/358]  eta: 0:03:11  loss: 0.1349 (0.1923)  IoU (F channel): 0.2686 (0.2317)  L1 (Dc channel): 0.0044 (0.0055)  L1 (Dn channel): 0.0036 (0.0042)  IoU (P channel): 0.1718 (0.1604)  lr: 0.000649  iter-time: 1.1686
[19:32:16.305033] Epoch: [11]  [210/358]  eta: 0:02:58  loss: 0.1453 (0.1909)  IoU (F channel): 0.2759 (0.2348)  L1 (Dc channel): 0.0045 (0.0055)  L1 (Dn channel): 0.0037 (0.0042)  IoU (P channel): 0.1776 (0.1624)  lr: 0.000652  iter-time: 1.1505
[19:32:27.994379] Epoch: [11]  [220/358]  eta: 0:02:46  loss: 0.1477 (0.1903)  IoU (F channel): 0.2769 (0.2360)  L1 (Dc channel): 0.0045 (0.0055)  L1 (Dn channel): 0.0037 (0.0042)  IoU (P channel): 0.1953 (0.1638)  lr: 0.000654  iter-time: 1.1581
[19:32:39.698382] Epoch: [11]  [230/358]  eta: 0:02:34  loss: 0.1494 (0.1894)  IoU (F channel): 0.2634 (0.2361)  L1 (Dc channel): 0.0048 (0.0054)  L1 (Dn channel): 0.0037 (0.0042)  IoU (P channel): 0.1632 (0.1640)  lr: 0.000656  iter-time: 1.1695
[19:32:51.311813] Epoch: [11]  [240/358]  eta: 0:02:22  loss: 0.1334 (0.1873)  IoU (F channel): 0.2522 (0.2361)  L1 (Dc channel): 0.0047 (0.0054)  L1 (Dn channel): 0.0037 (0.0042)  IoU (P channel): 0.1680 (0.1641)  lr: 0.000658  iter-time: 1.1657
[19:33:03.117295] Epoch: [11]  [250/358]  eta: 0:02:09  loss: 0.1334 (0.1866)  IoU (F channel): 0.2074 (0.2357)  L1 (Dc channel): 0.0044 (0.0054)  L1 (Dn channel): 0.0035 (0.0042)  IoU (P channel): 0.1545 (0.1638)  lr: 0.000661  iter-time: 1.1708
[19:33:14.783038] Epoch: [11]  [260/358]  eta: 0:01:57  loss: 0.1725 (0.1871)  IoU (F channel): 0.2496 (0.2374)  L1 (Dc channel): 0.0045 (0.0053)  L1 (Dn channel): 0.0038 (0.0042)  IoU (P channel): 0.1536 (0.1640)  lr: 0.000663  iter-time: 1.1734
[19:33:26.512051] Epoch: [11]  [270/358]  eta: 0:01:45  loss: 0.1749 (0.1877)  IoU (F channel): 0.2869 (0.2393)  L1 (Dc channel): 0.0051 (0.0053)  L1 (Dn channel): 0.0040 (0.0042)  IoU (P channel): 0.1937 (0.1658)  lr: 0.000665  iter-time: 1.1695
[19:33:38.230608] Epoch: [11]  [280/358]  eta: 0:01:33  loss: 0.1447 (0.1863)  IoU (F channel): 0.2996 (0.2395)  L1 (Dc channel): 0.0050 (0.0053)  L1 (Dn channel): 0.0038 (0.0042)  IoU (P channel): 0.2180 (0.1660)  lr: 0.000667  iter-time: 1.1722
[19:33:50.034616] Epoch: [11]  [290/358]  eta: 0:01:21  loss: 0.1504 (0.1858)  IoU (F channel): 0.2137 (0.2399)  L1 (Dc channel): 0.0048 (0.0053)  L1 (Dn channel): 0.0037 (0.0041)  IoU (P channel): 0.1521 (0.1662)  lr: 0.000669  iter-time: 1.1760
[19:34:01.701483] Epoch: [11]  [300/358]  eta: 0:01:09  loss: 0.1573 (0.1851)  IoU (F channel): 0.2690 (0.2421)  L1 (Dc channel): 0.0045 (0.0053)  L1 (Dn channel): 0.0037 (0.0041)  IoU (P channel): 0.1810 (0.1675)  lr: 0.000672  iter-time: 1.1734
[19:34:13.326858] Epoch: [11]  [310/358]  eta: 0:00:57  loss: 0.1530 (0.1839)  IoU (F channel): 0.2690 (0.2428)  L1 (Dc channel): 0.0042 (0.0052)  L1 (Dn channel): 0.0036 (0.0041)  IoU (P channel): 0.1810 (0.1680)  lr: 0.000674  iter-time: 1.1644
[19:34:24.998596] Epoch: [11]  [320/358]  eta: 0:00:45  loss: 0.1309 (0.1818)  IoU (F channel): 0.2418 (0.2424)  L1 (Dc channel): 0.0040 (0.0052)  L1 (Dn channel): 0.0033 (0.0041)  IoU (P channel): 0.1528 (0.1676)  lr: 0.000676  iter-time: 1.1647
[19:34:36.683446] Epoch: [11]  [330/358]  eta: 0:00:33  loss: 0.1192 (0.1809)  IoU (F channel): 0.2901 (0.2446)  L1 (Dc channel): 0.0043 (0.0052)  L1 (Dn channel): 0.0035 (0.0041)  IoU (P channel): 0.1759 (0.1689)  lr: 0.000678  iter-time: 1.1676
[19:34:48.779125] Epoch: [11]  [340/358]  eta: 0:00:21  loss: 0.1335 (0.1795)  IoU (F channel): 0.2905 (0.2458)  L1 (Dc channel): 0.0041 (0.0052)  L1 (Dn channel): 0.0035 (0.0041)  IoU (P channel): 0.2043 (0.1700)  lr: 0.000681  iter-time: 1.1888
[19:35:00.067616] Epoch: [11]  [350/358]  eta: 0:00:09  loss: 0.1493 (0.1796)  IoU (F channel): 0.2626 (0.2457)  L1 (Dc channel): 0.0046 (0.0052)  L1 (Dn channel): 0.0038 (0.0041)  IoU (P channel): 0.1849 (0.1705)  lr: 0.000683  iter-time: 1.1691
[19:35:07.075492] Epoch: [11]  [357/358]  eta: 0:00:01  loss: 0.1408 (0.1787)  IoU (F channel): 0.2366 (0.2445)  L1 (Dc channel): 0.0049 (0.0052)  L1 (Dn channel): 0.0036 (0.0040)  IoU (P channel): 0.1503 (0.1698)  lr: 0.000684  iter-time: 1.0932
[19:35:07.075593] Epoch: [11] Total time: 0:07:05 (1.1896 s / it)
[19:35:07.075623] [Train] averaged stats: loss: 0.1408 (0.1787)  IoU (F channel): 0.2366 (0.2445)  L1 (Dc channel): 0.0049 (0.0052)  L1 (Dn channel): 0.0036 (0.0040)  IoU (P channel): 0.1503 (0.1698)  lr: 0.000684
[19:35:14.115774] Epoch: [11]  [ 0/23]  eta: 0:02:41  loss: 0.1143 (0.1143)  IoU (F channel): 0.0024 (0.0024)  L1 (Dc channel): 0.0059 (0.0059)  L1 (Dn channel): 0.0029 (0.0029)  IoU (P channel): 0.0018 (0.0018)  iter-time: 7.0388
[19:35:20.380358] Epoch: [11]  [10/23]  eta: 0:00:15  loss: 0.1513 (0.2134)  IoU (F channel): 0.1967 (0.1679)  L1 (Dc channel): 0.0056 (0.0058)  L1 (Dn channel): 0.0032 (0.0036)  IoU (P channel): 0.1514 (0.1208)  iter-time: 1.2093
[19:35:26.023134] Epoch: [11]  [20/23]  eta: 0:00:02  loss: 0.1561 (0.2026)  IoU (F channel): 0.2043 (0.2013)  L1 (Dc channel): 0.0056 (0.0057)  L1 (Dn channel): 0.0032 (0.0036)  IoU (P channel): 0.1527 (0.1425)  iter-time: 0.5953
[19:35:26.444480] Epoch: [11]  [22/23]  eta: 0:00:00  loss: 0.1561 (0.1971)  IoU (F channel): 0.2043 (0.1970)  L1 (Dc channel): 0.0056 (0.0057)  L1 (Dn channel): 0.0032 (0.0035)  IoU (P channel): 0.1627 (0.1406)  iter-time: 0.5162
[19:35:26.444566] Epoch: [11] Total time: 0:00:19 (0.8421 s / it)
[19:35:26.444590] [Val] averaged stats: loss: 0.1561 (0.1971)  IoU (F channel): 0.2043 (0.1970)  L1 (Dc channel): 0.0056 (0.0057)  L1 (Dn channel): 0.0032 (0.0035)  IoU (P channel): 0.1627 (0.1406)
[19:35:26.444806] Val loss improved from 0.24791790285836096 to 0.1971141112887341, saving model to metrics/biapy/biapy-channel-scale-zarr-unetr/checkpoints/biapy-channel-scale-zarr-unetr_0-checkpoint-best.pth
[19:35:27.823981] [Val] best loss: 0.1971 best  IoU (F channel): 0.1970 L1 (Dc channel): 0.0057 L1 (Dn channel): 0.0035 IoU (P channel): 0.1406 
[19:35:27.832364] [Time] 7.4m 1.5h/7.7h

[19:35:27.832395] ~~~ Epoch 12/60 ~~~

[19:35:37.837754] Epoch: [12]  [  0/358]  eta: 0:59:41  loss: 0.2064 (0.2064)  IoU (F channel): 0.3606 (0.3606)  L1 (Dc channel): 0.0058 (0.0058)  L1 (Dn channel): 0.0032 (0.0032)  IoU (P channel): 0.2391 (0.2391)  lr: 0.000685  iter-time: 10.0030
[19:35:49.526823] Epoch: [12]  [ 10/358]  eta: 0:11:26  loss: 0.1386 (0.1578)  IoU (F channel): 0.3042 (0.3017)  L1 (Dc channel): 0.0060 (0.0059)  L1 (Dn channel): 0.0049 (0.0049)  IoU (P channel): 0.2084 (0.2025)  lr: 0.000687  iter-time: 1.9719
[19:36:01.203995] Epoch: [12]  [ 20/358]  eta: 0:08:57  loss: 0.1319 (0.1528)  IoU (F channel): 0.2705 (0.2951)  L1 (Dc channel): 0.0050 (0.0054)  L1 (Dn channel): 0.0044 (0.0044)  IoU (P channel): 0.1998 (0.2046)  lr: 0.000689  iter-time: 1.1682
[19:36:12.796825] Epoch: [12]  [ 30/358]  eta: 0:07:55  loss: 0.1321 (0.1567)  IoU (F channel): 0.2705 (0.3001)  L1 (Dc channel): 0.0045 (0.0051)  L1 (Dn channel): 0.0038 (0.0042)  IoU (P channel): 0.2012 (0.2100)  lr: 0.000691  iter-time: 1.1633
[19:36:24.380653] Epoch: [12]  [ 40/358]  eta: 0:07:18  loss: 0.1414 (0.1538)  IoU (F channel): 0.2625 (0.2857)  L1 (Dc channel): 0.0045 (0.0051)  L1 (Dn channel): 0.0037 (0.0041)  IoU (P channel): 0.2012 (0.2049)  lr: 0.000693  iter-time: 1.1587
[19:36:35.842498] Epoch: [12]  [ 50/358]  eta: 0:06:50  loss: 0.1398 (0.1519)  IoU (F channel): 0.2518 (0.2838)  L1 (Dc channel): 0.0045 (0.0050)  L1 (Dn channel): 0.0037 (0.0041)  IoU (P channel): 0.1721 (0.2024)  lr: 0.000695  iter-time: 1.1521
[19:36:47.794906] Epoch: [12]  [ 60/358]  eta: 0:06:30  loss: 0.1381 (0.1508)  IoU (F channel): 0.2383 (0.2724)  L1 (Dc channel): 0.0044 (0.0049)  L1 (Dn channel): 0.0037 (0.0040)  IoU (P channel): 0.1776 (0.1952)  lr: 0.000698  iter-time: 1.1706
[19:36:59.557606] Epoch: [12]  [ 70/358]  eta: 0:06:12  loss: 0.1205 (0.1506)  IoU (F channel): 0.2519 (0.2737)  L1 (Dc channel): 0.0042 (0.0048)  L1 (Dn channel): 0.0032 (0.0039)  IoU (P channel): 0.1689 (0.1938)  lr: 0.000700  iter-time: 1.1856
[19:37:11.202067] Epoch: [12]  [ 80/358]  eta: 0:05:54  loss: 0.1248 (0.1507)  IoU (F channel): 0.2989 (0.2766)  L1 (Dc channel): 0.0041 (0.0048)  L1 (Dn channel): 0.0033 (0.0039)  IoU (P channel): 0.1693 (0.1935)  lr: 0.000702  iter-time: 1.1702
[19:37:22.961626] Epoch: [12]  [ 90/358]  eta: 0:05:39  loss: 0.1458 (0.1526)  IoU (F channel): 0.2705 (0.2706)  L1 (Dc channel): 0.0043 (0.0047)  L1 (Dn channel): 0.0034 (0.0038)  IoU (P channel): 0.1773 (0.1902)  lr: 0.000704  iter-time: 1.1701
[19:37:34.577987] Epoch: [12]  [100/358]  eta: 0:05:23  loss: 0.1546 (0.1532)  IoU (F channel): 0.2626 (0.2692)  L1 (Dc channel): 0.0042 (0.0047)  L1 (Dn channel): 0.0034 (0.0038)  IoU (P channel): 0.1773 (0.1889)  lr: 0.000706  iter-time: 1.1687
[19:37:46.166872] Epoch: [12]  [110/358]  eta: 0:05:09  loss: 0.1345 (0.1520)  IoU (F channel): 0.2867 (0.2716)  L1 (Dc channel): 0.0042 (0.0047)  L1 (Dn channel): 0.0036 (0.0038)  IoU (P channel): 0.2176 (0.1909)  lr: 0.000708  iter-time: 1.1601
[19:37:57.877729] Epoch: [12]  [120/358]  eta: 0:04:55  loss: 0.1135 (0.1503)  IoU (F channel): 0.2620 (0.2704)  L1 (Dc channel): 0.0041 (0.0046)  L1 (Dn channel): 0.0034 (0.0038)  IoU (P channel): 0.1801 (0.1889)  lr: 0.000711  iter-time: 1.1648
[19:38:09.496477] Epoch: [12]  [130/358]  eta: 0:04:41  loss: 0.1179 (0.1494)  IoU (F channel): 0.2680 (0.2732)  L1 (Dc channel): 0.0042 (0.0046)  L1 (Dn channel): 0.0036 (0.0038)  IoU (P channel): 0.1715 (0.1890)  lr: 0.000713  iter-time: 1.1663
[19:38:21.148341] Epoch: [12]  [140/358]  eta: 0:04:27  loss: 0.1343 (0.1486)  IoU (F channel): 0.3141 (0.2766)  L1 (Dc channel): 0.0042 (0.0046)  L1 (Dn channel): 0.0035 (0.0038)  IoU (P channel): 0.1882 (0.1908)  lr: 0.000715  iter-time: 1.1634
[19:38:32.800835] Epoch: [12]  [150/358]  eta: 0:04:14  loss: 0.1125 (0.1469)  IoU (F channel): 0.3414 (0.2779)  L1 (Dc channel): 0.0042 (0.0046)  L1 (Dn channel): 0.0035 (0.0038)  IoU (P channel): 0.2022 (0.1922)  lr: 0.000717  iter-time: 1.1651
[19:38:44.415085] Epoch: [12]  [160/358]  eta: 0:04:01  loss: 0.1325 (0.1471)  IoU (F channel): 0.2664 (0.2774)  L1 (Dc channel): 0.0045 (0.0046)  L1 (Dn channel): 0.0036 (0.0038)  IoU (P channel): 0.1968 (0.1926)  lr: 0.000719  iter-time: 1.1631
[19:38:56.036499] Epoch: [12]  [170/358]  eta: 0:03:48  loss: 0.1495 (0.1490)  IoU (F channel): 0.2615 (0.2779)  L1 (Dc channel): 0.0044 (0.0046)  L1 (Dn channel): 0.0037 (0.0038)  IoU (P channel): 0.1820 (0.1921)  lr: 0.000721  iter-time: 1.1616
[19:39:07.636486] Epoch: [12]  [180/358]  eta: 0:03:36  loss: 0.1440 (0.1479)  IoU (F channel): 0.2733 (0.2772)  L1 (Dc channel): 0.0042 (0.0046)  L1 (Dn channel): 0.0037 (0.0038)  IoU (P channel): 0.1840 (0.1928)  lr: 0.000723  iter-time: 1.1609
[19:39:19.175661] Epoch: [12]  [190/358]  eta: 0:03:23  loss: 0.1443 (0.1490)  IoU (F channel): 0.2315 (0.2736)  L1 (Dc channel): 0.0042 (0.0046)  L1 (Dn channel): 0.0036 (0.0038)  IoU (P channel): 0.1520 (0.1905)  lr: 0.000726  iter-time: 1.1568
[19:39:30.787992] Epoch: [12]  [200/358]  eta: 0:03:10  loss: 0.1490 (0.1484)  IoU (F channel): 0.2325 (0.2741)  L1 (Dc channel): 0.0041 (0.0045)  L1 (Dn channel): 0.0031 (0.0037)  IoU (P channel): 0.1642 (0.1910)  lr: 0.000728  iter-time: 1.1573
[19:39:42.451078] Epoch: [12]  [210/358]  eta: 0:02:58  loss: 0.1260 (0.1484)  IoU (F channel): 0.2496 (0.2716)  L1 (Dc channel): 0.0037 (0.0045)  L1 (Dn channel): 0.0030 (0.0037)  IoU (P channel): 0.1931 (0.1893)  lr: 0.000730  iter-time: 1.1635
[19:39:54.215513] Epoch: [12]  [220/358]  eta: 0:02:46  loss: 0.1232 (0.1486)  IoU (F channel): 0.2518 (0.2733)  L1 (Dc channel): 0.0035 (0.0045)  L1 (Dn channel): 0.0031 (0.0037)  IoU (P channel): 0.1843 (0.1907)  lr: 0.000732  iter-time: 1.1712
[19:40:05.715804] Epoch: [12]  [230/358]  eta: 0:02:33  loss: 0.1232 (0.1487)  IoU (F channel): 0.2601 (0.2718)  L1 (Dc channel): 0.0045 (0.0045)  L1 (Dn channel): 0.0038 (0.0037)  IoU (P channel): 0.1843 (0.1900)  lr: 0.000734  iter-time: 1.1631
[19:40:17.249346] Epoch: [12]  [240/358]  eta: 0:02:21  loss: 0.1348 (0.1487)  IoU (F channel): 0.2301 (0.2714)  L1 (Dc channel): 0.0051 (0.0045)  L1 (Dn channel): 0.0040 (0.0038)  IoU (P channel): 0.1586 (0.1899)  lr: 0.000736  iter-time: 1.1515
[19:40:29.035779] Epoch: [12]  [250/358]  eta: 0:02:09  loss: 0.1231 (0.1485)  IoU (F channel): 0.2268 (0.2689)  L1 (Dc channel): 0.0048 (0.0045)  L1 (Dn channel): 0.0038 (0.0038)  IoU (P channel): 0.1568 (0.1882)  lr: 0.000738  iter-time: 1.1658
[19:40:40.722401] Epoch: [12]  [260/358]  eta: 0:01:57  loss: 0.1315 (0.1490)  IoU (F channel): 0.2893 (0.2700)  L1 (Dc channel): 0.0048 (0.0046)  L1 (Dn channel): 0.0039 (0.0038)  IoU (P channel): 0.1833 (0.1889)  lr: 0.000740  iter-time: 1.1735
[19:40:52.351857] Epoch: [12]  [270/358]  eta: 0:01:45  loss: 0.1389 (0.1482)  IoU (F channel): 0.2909 (0.2697)  L1 (Dc channel): 0.0047 (0.0046)  L1 (Dn channel): 0.0038 (0.0038)  IoU (P channel): 0.1833 (0.1885)  lr: 0.000742  iter-time: 1.1656
[19:41:03.992435] Epoch: [12]  [280/358]  eta: 0:01:33  loss: 0.1275 (0.1485)  IoU (F channel): 0.2306 (0.2693)  L1 (Dc channel): 0.0044 (0.0045)  L1 (Dn channel): 0.0033 (0.0038)  IoU (P channel): 0.1854 (0.1888)  lr: 0.000744  iter-time: 1.1633
[19:41:15.699479] Epoch: [12]  [290/358]  eta: 0:01:21  loss: 0.1275 (0.1481)  IoU (F channel): 0.2359 (0.2698)  L1 (Dc channel): 0.0041 (0.0045)  L1 (Dn channel): 0.0036 (0.0038)  IoU (P channel): 0.1911 (0.1889)  lr: 0.000746  iter-time: 1.1672
[19:41:27.008875] Epoch: [12]  [300/358]  eta: 0:01:09  loss: 0.1231 (0.1474)  IoU (F channel): 0.2738 (0.2712)  L1 (Dc channel): 0.0039 (0.0045)  L1 (Dn channel): 0.0034 (0.0037)  IoU (P channel): 0.1930 (0.1900)  lr: 0.000748  iter-time: 1.1507
[19:41:38.840301] Epoch: [12]  [310/358]  eta: 0:00:57  loss: 0.1233 (0.1468)  IoU (F channel): 0.3067 (0.2722)  L1 (Dc channel): 0.0036 (0.0045)  L1 (Dn channel): 0.0030 (0.0037)  IoU (P channel): 0.2131 (0.1906)  lr: 0.000751  iter-time: 1.1569
[19:41:50.463141] Epoch: [12]  [320/358]  eta: 0:00:45  loss: 0.1389 (0.1468)  IoU (F channel): 0.3166 (0.2731)  L1 (Dc channel): 0.0037 (0.0045)  L1 (Dn channel): 0.0030 (0.0037)  IoU (P channel): 0.2253 (0.1918)  lr: 0.000753  iter-time: 1.1725
[19:42:01.966597] Epoch: [12]  [330/358]  eta: 0:00:33  loss: 0.1292 (0.1460)  IoU (F channel): 0.3024 (0.2734)  L1 (Dc channel): 0.0037 (0.0044)  L1 (Dn channel): 0.0031 (0.0037)  IoU (P channel): 0.2073 (0.1921)  lr: 0.000755  iter-time: 1.1561
[19:42:13.520866] Epoch: [12]  [340/358]  eta: 0:00:21  loss: 0.1141 (0.1454)  IoU (F channel): 0.2760 (0.2733)  L1 (Dc channel): 0.0034 (0.0044)  L1 (Dn channel): 0.0027 (0.0037)  IoU (P channel): 0.1861 (0.1920)  lr: 0.000757  iter-time: 1.1527
[19:42:24.947852] Epoch: [12]  [350/358]  eta: 0:00:09  loss: 0.1169 (0.1456)  IoU (F channel): 0.3031 (0.2733)  L1 (Dc channel): 0.0036 (0.0044)  L1 (Dn channel): 0.0028 (0.0036)  IoU (P channel): 0.1947 (0.1922)  lr: 0.000759  iter-time: 1.1489
[19:42:31.951353] Epoch: [12]  [357/358]  eta: 0:00:01  loss: 0.1242 (0.1463)  IoU (F channel): 0.2348 (0.2717)  L1 (Dc channel): 0.0037 (0.0044)  L1 (Dn channel): 0.0028 (0.0036)  IoU (P channel): 0.1684 (0.1911)  lr: 0.000760  iter-time: 1.0909
[19:42:31.951596] Epoch: [12] Total time: 0:07:04 (1.1847 s / it)
[19:42:31.951624] [Train] averaged stats: loss: 0.1242 (0.1463)  IoU (F channel): 0.2348 (0.2717)  L1 (Dc channel): 0.0037 (0.0044)  L1 (Dn channel): 0.0028 (0.0036)  IoU (P channel): 0.1684 (0.1911)  lr: 0.000760
[19:42:37.951335] Epoch: [12]  [ 0/23]  eta: 0:02:17  loss: 0.1374 (0.1374)  IoU (F channel): 0.0000 (0.0000)  L1 (Dc channel): 0.0065 (0.0065)  L1 (Dn channel): 0.0062 (0.0062)  IoU (P channel): 0.0000 (0.0000)  iter-time: 5.9983
[19:42:46.597801] Epoch: [12]  [10/23]  eta: 0:00:17  loss: 0.1400 (0.2274)  IoU (F channel): 0.1935 (0.1693)  L1 (Dc channel): 0.0062 (0.0063)  L1 (Dn channel): 0.0062 (0.0065)  IoU (P channel): 0.1465 (0.1287)  iter-time: 1.3313
[19:42:50.864323] Epoch: [12]  [20/23]  eta: 0:00:02  loss: 0.1400 (0.2091)  IoU (F channel): 0.1943 (0.1894)  L1 (Dc channel): 0.0062 (0.0062)  L1 (Dn channel): 0.0061 (0.0062)  IoU (P channel): 0.1465 (0.1372)  iter-time: 0.6456
[19:42:51.286522] Epoch: [12]  [22/23]  eta: 0:00:00  loss: 0.1396 (0.2030)  IoU (F channel): 0.1943 (0.1860)  L1 (Dc channel): 0.0060 (0.0061)  L1 (Dn channel): 0.0061 (0.0062)  IoU (P channel): 0.1465 (0.1363)  iter-time: 0.4894
[19:42:51.286609] Epoch: [12] Total time: 0:00:19 (0.8406 s / it)
[19:42:51.286633] [Val] averaged stats: loss: 0.1396 (0.2030)  IoU (F channel): 0.1943 (0.1860)  L1 (Dc channel): 0.0060 (0.0061)  L1 (Dn channel): 0.0061 (0.0062)  IoU (P channel): 0.1465 (0.1363)
[19:42:51.286816] [Val] best loss: 0.1971 best  IoU (F channel): 0.1970 L1 (Dc channel): 0.0057 L1 (Dn channel): 0.0035 IoU (P channel): 0.1406 
EarlyStopping counter: 1 out of 10
[19:42:51.298498] [Time] 7.4m 1.6h/7.7h

[19:42:51.298515] ~~~ Epoch 13/60 ~~~

[19:42:57.848563] Epoch: [13]  [  0/358]  eta: 0:39:04  loss: 0.1128 (0.1128)  IoU (F channel): 0.2741 (0.2741)  L1 (Dc channel): 0.0059 (0.0059)  L1 (Dn channel): 0.0064 (0.0064)  IoU (P channel): 0.2061 (0.2061)  lr: 0.000760  iter-time: 6.5480
[19:43:11.795595] Epoch: [13]  [ 10/358]  eta: 0:10:48  loss: 0.1398 (0.1523)  IoU (F channel): 0.3299 (0.3215)  L1 (Dc channel): 0.0049 (0.0050)  L1 (Dn channel): 0.0046 (0.0047)  IoU (P channel): 0.2359 (0.2368)  lr: 0.000762  iter-time: 1.8630
[19:43:23.351688] Epoch: [13]  [ 20/358]  eta: 0:08:35  loss: 0.1294 (0.1427)  IoU (F channel): 0.2745 (0.2788)  L1 (Dc channel): 0.0046 (0.0048)  L1 (Dn channel): 0.0040 (0.0043)  IoU (P channel): 0.1719 (0.1977)  lr: 0.000764  iter-time: 1.2750
[19:43:35.075127] Epoch: [13]  [ 30/358]  eta: 0:07:43  loss: 0.1433 (0.1501)  IoU (F channel): 0.1729 (0.2637)  L1 (Dc channel): 0.0042 (0.0046)  L1 (Dn channel): 0.0036 (0.0040)  IoU (P channel): 0.1340 (0.1857)  lr: 0.000766  iter-time: 1.1638
[19:43:46.630739] Epoch: [13]  [ 40/358]  eta: 0:07:09  loss: 0.1531 (0.1499)  IoU (F channel): 0.2469 (0.2721)  L1 (Dc channel): 0.0039 (0.0044)  L1 (Dn channel): 0.0033 (0.0039)  IoU (P channel): 0.1582 (0.1909)  lr: 0.000768  iter-time: 1.1638
[19:43:58.110022] Epoch: [13]  [ 50/358]  eta: 0:06:43  loss: 0.1278 (0.1508)  IoU (F channel): 0.2469 (0.2638)  L1 (Dc channel): 0.0038 (0.0043)  L1 (Dn channel): 0.0032 (0.0037)  IoU (P channel): 0.1618 (0.1893)  lr: 0.000770  iter-time: 1.1516
[19:44:09.650092] Epoch: [13]  [ 60/358]  eta: 0:06:22  loss: 0.1123 (0.1455)  IoU (F channel): 0.2669 (0.2709)  L1 (Dc channel): 0.0036 (0.0042)  L1 (Dn channel): 0.0033 (0.0037)  IoU (P channel): 0.1618 (0.1925)  lr: 0.000772  iter-time: 1.1507
[19:44:21.191015] Epoch: [13]  [ 70/358]  eta: 0:06:04  loss: 0.1123 (0.1468)  IoU (F channel): 0.2929 (0.2769)  L1 (Dc channel): 0.0040 (0.0042)  L1 (Dn channel): 0.0034 (0.0036)  IoU (P channel): 0.1864 (0.1941)  lr: 0.000774  iter-time: 1.1538
[19:44:32.836010] Epoch: [13]  [ 80/358]  eta: 0:05:48  loss: 0.1352 (0.1451)  IoU (F channel): 0.2532 (0.2717)  L1 (Dc channel): 0.0039 (0.0042)  L1 (Dn channel): 0.0034 (0.0036)  IoU (P channel): 0.1776 (0.1928)  lr: 0.000776  iter-time: 1.1591
[19:44:44.571746] Epoch: [13]  [ 90/358]  eta: 0:05:33  loss: 0.1111 (0.1430)  IoU (F channel): 0.2658 (0.2731)  L1 (Dc channel): 0.0041 (0.0043)  L1 (Dn channel): 0.0040 (0.0037)  IoU (P channel): 0.1611 (0.1935)  lr: 0.000778  iter-time: 1.1688
[19:44:56.122476] Epoch: [13]  [100/358]  eta: 0:05:18  loss: 0.1160 (0.1421)  IoU (F channel): 0.2712 (0.2744)  L1 (Dc channel): 0.0042 (0.0043)  L1 (Dn channel): 0.0037 (0.0037)  IoU (P channel): 0.1919 (0.1925)  lr: 0.000780  iter-time: 1.1641
[19:45:07.791984] Epoch: [13]  [110/358]  eta: 0:05:04  loss: 0.1286 (0.1426)  IoU (F channel): 0.2697 (0.2747)  L1 (Dc channel): 0.0041 (0.0043)  L1 (Dn channel): 0.0034 (0.0037)  IoU (P channel): 0.1876 (0.1938)  lr: 0.000782  iter-time: 1.1608
[19:45:19.385864] Epoch: [13]  [120/358]  eta: 0:04:51  loss: 0.1351 (0.1425)  IoU (F channel): 0.2597 (0.2723)  L1 (Dc channel): 0.0043 (0.0043)  L1 (Dn channel): 0.0040 (0.0037)  IoU (P channel): 0.1876 (0.1927)  lr: 0.000784  iter-time: 1.1630
[19:45:31.032478] Epoch: [13]  [130/358]  eta: 0:04:37  loss: 0.1314 (0.1414)  IoU (F channel): 0.2752 (0.2760)  L1 (Dc channel): 0.0043 (0.0043)  L1 (Dn channel): 0.0038 (0.0037)  IoU (P channel): 0.1877 (0.1950)  lr: 0.000786  iter-time: 1.1619
[19:45:42.765720] Epoch: [13]  [140/358]  eta: 0:04:25  loss: 0.1248 (0.1413)  IoU (F channel): 0.3200 (0.2784)  L1 (Dc channel): 0.0037 (0.0042)  L1 (Dn channel): 0.0033 (0.0037)  IoU (P channel): 0.2063 (0.1969)  lr: 0.000788  iter-time: 1.1688
[19:45:54.446202] Epoch: [13]  [150/358]  eta: 0:04:12  loss: 0.1242 (0.1403)  IoU (F channel): 0.2719 (0.2769)  L1 (Dc channel): 0.0034 (0.0042)  L1 (Dn channel): 0.0029 (0.0036)  IoU (P channel): 0.1918 (0.1960)  lr: 0.000790  iter-time: 1.1705
[19:46:06.204351] Epoch: [13]  [160/358]  eta: 0:03:59  loss: 0.1237 (0.1407)  IoU (F channel): 0.2082 (0.2748)  L1 (Dc channel): 0.0035 (0.0042)  L1 (Dn channel): 0.0030 (0.0036)  IoU (P channel): 0.1698 (0.1946)  lr: 0.000792  iter-time: 1.1718
[19:46:17.915807] Epoch: [13]  [170/358]  eta: 0:03:47  loss: 0.1167 (0.1397)  IoU (F channel): 0.2012 (0.2730)  L1 (Dc channel): 0.0034 (0.0041)  L1 (Dn channel): 0.0031 (0.0036)  IoU (P channel): 0.1454 (0.1933)  lr: 0.000794  iter-time: 1.1733
[19:46:29.577609] Epoch: [13]  [180/358]  eta: 0:03:34  loss: 0.1145 (0.1388)  IoU (F channel): 0.2656 (0.2739)  L1 (Dc channel): 0.0034 (0.0041)  L1 (Dn channel): 0.0032 (0.0036)  IoU (P channel): 0.1589 (0.1936)  lr: 0.000796  iter-time: 1.1685
[19:46:41.117181] Epoch: [13]  [190/358]  eta: 0:03:22  loss: 0.1033 (0.1373)  IoU (F channel): 0.2775 (0.2738)  L1 (Dc channel): 0.0036 (0.0041)  L1 (Dn channel): 0.0029 (0.0035)  IoU (P channel): 0.2019 (0.1932)  lr: 0.000798  iter-time: 1.1599
[19:46:52.734134] Epoch: [13]  [200/358]  eta: 0:03:09  loss: 0.0984 (0.1358)  IoU (F channel): 0.2746 (0.2729)  L1 (Dc channel): 0.0036 (0.0040)  L1 (Dn channel): 0.0026 (0.0035)  IoU (P channel): 0.1774 (0.1918)  lr: 0.000800  iter-time: 1.1577
[19:47:04.311403] Epoch: [13]  [210/358]  eta: 0:02:57  loss: 0.1101 (0.1368)  IoU (F channel): 0.2746 (0.2729)  L1 (Dc channel): 0.0032 (0.0040)  L1 (Dn channel): 0.0028 (0.0035)  IoU (P channel): 0.1761 (0.1918)  lr: 0.000802  iter-time: 1.1595
[19:47:16.045866] Epoch: [13]  [220/358]  eta: 0:02:45  loss: 0.1182 (0.1366)  IoU (F channel): 0.2499 (0.2727)  L1 (Dc channel): 0.0036 (0.0040)  L1 (Dn channel): 0.0028 (0.0034)  IoU (P channel): 0.1761 (0.1917)  lr: 0.000803  iter-time: 1.1654
[19:47:27.900690] Epoch: [13]  [230/358]  eta: 0:02:33  loss: 0.1246 (0.1364)  IoU (F channel): 0.3106 (0.2755)  L1 (Dc channel): 0.0035 (0.0040)  L1 (Dn channel): 0.0029 (0.0034)  IoU (P channel): 0.2193 (0.1937)  lr: 0.000805  iter-time: 1.1793
[19:47:39.515471] Epoch: [13]  [240/358]  eta: 0:02:21  loss: 0.1239 (0.1359)  IoU (F channel): 0.3106 (0.2746)  L1 (Dc channel): 0.0037 (0.0040)  L1 (Dn channel): 0.0032 (0.0035)  IoU (P channel): 0.2303 (0.1939)  lr: 0.000807  iter-time: 1.1733
[19:47:51.299660] Epoch: [13]  [250/358]  eta: 0:02:09  loss: 0.1147 (0.1349)  IoU (F channel): 0.2619 (0.2766)  L1 (Dc channel): 0.0046 (0.0040)  L1 (Dn channel): 0.0034 (0.0035)  IoU (P channel): 0.2303 (0.1953)  lr: 0.000809  iter-time: 1.1698
[19:48:02.890804] Epoch: [13]  [260/358]  eta: 0:01:56  loss: 0.1018 (0.1344)  IoU (F channel): 0.2746 (0.2772)  L1 (Dc channel): 0.0040 (0.0040)  L1 (Dn channel): 0.0033 (0.0035)  IoU (P channel): 0.2225 (0.1961)  lr: 0.000811  iter-time: 1.1686
[19:48:14.809797] Epoch: [13]  [270/358]  eta: 0:01:45  loss: 0.1133 (0.1343)  IoU (F channel): 0.3027 (0.2788)  L1 (Dc channel): 0.0032 (0.0040)  L1 (Dn channel): 0.0032 (0.0035)  IoU (P channel): 0.2230 (0.1979)  lr: 0.000813  iter-time: 1.1754
[19:48:26.524771] Epoch: [13]  [280/358]  eta: 0:01:33  loss: 0.1112 (0.1337)  IoU (F channel): 0.3027 (0.2782)  L1 (Dc channel): 0.0030 (0.0040)  L1 (Dn channel): 0.0027 (0.0034)  IoU (P channel): 0.2250 (0.1978)  lr: 0.000815  iter-time: 1.1815
[19:48:38.391919] Epoch: [13]  [290/358]  eta: 0:01:21  loss: 0.1051 (0.1326)  IoU (F channel): 0.2624 (0.2789)  L1 (Dc channel): 0.0030 (0.0039)  L1 (Dn channel): 0.0026 (0.0034)  IoU (P channel): 0.1852 (0.1980)  lr: 0.000816  iter-time: 1.1789
[19:48:49.967737] Epoch: [13]  [300/358]  eta: 0:01:09  loss: 0.1056 (0.1327)  IoU (F channel): 0.2596 (0.2775)  L1 (Dc channel): 0.0035 (0.0039)  L1 (Dn channel): 0.0027 (0.0034)  IoU (P channel): 0.1892 (0.1974)  lr: 0.000818  iter-time: 1.1720
[19:49:01.787895] Epoch: [13]  [310/358]  eta: 0:00:57  loss: 0.1212 (0.1326)  IoU (F channel): 0.2269 (0.2759)  L1 (Dc channel): 0.0035 (0.0039)  L1 (Dn channel): 0.0029 (0.0034)  IoU (P channel): 0.1671 (0.1961)  lr: 0.000820  iter-time: 1.1696
[19:49:13.369117] Epoch: [13]  [320/358]  eta: 0:00:45  loss: 0.1213 (0.1325)  IoU (F channel): 0.2319 (0.2765)  L1 (Dc channel): 0.0032 (0.0039)  L1 (Dn channel): 0.0029 (0.0034)  IoU (P channel): 0.1605 (0.1961)  lr: 0.000822  iter-time: 1.1699
[19:49:25.361098] Epoch: [13]  [330/358]  eta: 0:00:33  loss: 0.1213 (0.1328)  IoU (F channel): 0.2368 (0.2761)  L1 (Dc channel): 0.0032 (0.0039)  L1 (Dn channel): 0.0028 (0.0034)  IoU (P channel): 0.1736 (0.1954)  lr: 0.000824  iter-time: 1.1785
[19:49:37.059741] Epoch: [13]  [340/358]  eta: 0:00:21  loss: 0.1177 (0.1320)  IoU (F channel): 0.2779 (0.2772)  L1 (Dc channel): 0.0034 (0.0039)  L1 (Dn channel): 0.0029 (0.0034)  IoU (P channel): 0.1778 (0.1958)  lr: 0.000826  iter-time: 1.1843
[19:49:48.342140] Epoch: [13]  [350/358]  eta: 0:00:09  loss: 0.1033 (0.1311)  IoU (F channel): 0.3215 (0.2785)  L1 (Dc channel): 0.0034 (0.0039)  L1 (Dn channel): 0.0030 (0.0033)  IoU (P channel): 0.2222 (0.1964)  lr: 0.000827  iter-time: 1.1489
[19:49:55.357310] Epoch: [13]  [357/358]  eta: 0:00:01  loss: 0.1121 (0.1317)  IoU (F channel): 0.3218 (0.2794)  L1 (Dc channel): 0.0037 (0.0039)  L1 (Dn channel): 0.0032 (0.0034)  IoU (P channel): 0.2335 (0.1976)  lr: 0.000829  iter-time: 1.0923
[19:49:55.357464] Epoch: [13] Total time: 0:07:04 (1.1845 s / it)
[19:49:55.357495] [Train] averaged stats: loss: 0.1121 (0.1317)  IoU (F channel): 0.3218 (0.2794)  L1 (Dc channel): 0.0037 (0.0039)  L1 (Dn channel): 0.0032 (0.0034)  IoU (P channel): 0.2335 (0.1976)  lr: 0.000829
[19:50:02.865823] Epoch: [13]  [ 0/23]  eta: 0:02:52  loss: 0.1849 (0.1849)  IoU (F channel): 0.0000 (0.0000)  L1 (Dc channel): 0.0058 (0.0058)  L1 (Dn channel): 0.0039 (0.0039)  IoU (P channel): 0.0000 (0.0000)  iter-time: 7.5068
[19:50:08.167042] Epoch: [13]  [10/23]  eta: 0:00:15  loss: 0.1849 (0.2616)  IoU (F channel): 0.0843 (0.0914)  L1 (Dc channel): 0.0058 (0.0060)  L1 (Dn channel): 0.0040 (0.0045)  IoU (P channel): 0.0818 (0.0690)  iter-time: 1.1643
[19:50:13.147719] Epoch: [13]  [20/23]  eta: 0:00:02  loss: 0.1984 (0.2407)  IoU (F channel): 0.1003 (0.1018)  L1 (Dc channel): 0.0061 (0.0061)  L1 (Dn channel): 0.0043 (0.0045)  IoU (P channel): 0.0818 (0.0746)  iter-time: 0.5140
[19:50:13.946663] Epoch: [13]  [22/23]  eta: 0:00:00  loss: 0.1984 (0.2368)  IoU (F channel): 0.1003 (0.1028)  L1 (Dc channel): 0.0061 (0.0060)  L1 (Dn channel): 0.0043 (0.0044)  IoU (P channel): 0.0818 (0.0766)  iter-time: 0.4985
[19:50:13.946773] Epoch: [13] Total time: 0:00:18 (0.8082 s / it)
[19:50:13.946795] [Val] averaged stats: loss: 0.1984 (0.2368)  IoU (F channel): 0.1003 (0.1028)  L1 (Dc channel): 0.0061 (0.0060)  L1 (Dn channel): 0.0043 (0.0044)  IoU (P channel): 0.0818 (0.0766)
[19:50:13.946967] [Val] best loss: 0.1971 best  IoU (F channel): 0.1970 L1 (Dc channel): 0.0057 L1 (Dn channel): 0.0035 IoU (P channel): 0.1406 
EarlyStopping counter: 2 out of 10
[19:50:13.957692] [Time] 7.4m 1.8h/7.7h

[19:50:13.957709] ~~~ Epoch 14/60 ~~~

[19:50:22.702850] Epoch: [14]  [  0/358]  eta: 0:52:10  loss: 0.1734 (0.1734)  IoU (F channel): 0.0498 (0.0498)  L1 (Dc channel): 0.0059 (0.0059)  L1 (Dn channel): 0.0041 (0.0041)  IoU (P channel): 0.0429 (0.0429)  lr: 0.000829  iter-time: 8.7434
[19:50:34.873761] Epoch: [14]  [ 10/358]  eta: 0:11:01  loss: 0.1424 (0.1491)  IoU (F channel): 0.2693 (0.2450)  L1 (Dc channel): 0.0055 (0.0055)  L1 (Dn channel): 0.0048 (0.0048)  IoU (P channel): 0.1838 (0.1776)  lr: 0.000831  iter-time: 1.9011
[19:50:46.499306] Epoch: [14]  [ 20/358]  eta: 0:08:43  loss: 0.1340 (0.1501)  IoU (F channel): 0.2693 (0.2583)  L1 (Dc channel): 0.0054 (0.0054)  L1 (Dn channel): 0.0046 (0.0047)  IoU (P channel): 0.1883 (0.1864)  lr: 0.000832  iter-time: 1.1897
[19:50:58.081178] Epoch: [14]  [ 30/358]  eta: 0:07:46  loss: 0.1079 (0.1370)  IoU (F channel): 0.2708 (0.2714)  L1 (Dc channel): 0.0045 (0.0051)  L1 (Dn channel): 0.0041 (0.0045)  IoU (P channel): 0.2069 (0.1992)  lr: 0.000834  iter-time: 1.1602
[19:51:09.494866] Epoch: [14]  [ 40/358]  eta: 0:07:10  loss: 0.1012 (0.1282)  IoU (F channel): 0.2848 (0.2677)  L1 (Dc channel): 0.0037 (0.0046)  L1 (Dn channel): 0.0029 (0.0041)  IoU (P channel): 0.2139 (0.1960)  lr: 0.000836  iter-time: 1.1496
[19:51:21.210723] Epoch: [14]  [ 50/358]  eta: 0:06:46  loss: 0.0995 (0.1274)  IoU (F channel): 0.2909 (0.2696)  L1 (Dc channel): 0.0031 (0.0044)  L1 (Dn channel): 0.0027 (0.0038)  IoU (P channel): 0.1708 (0.1960)  lr: 0.000838  iter-time: 1.1563
[19:51:32.852427] Epoch: [14]  [ 60/358]  eta: 0:06:25  loss: 0.1047 (0.1267)  IoU (F channel): 0.2727 (0.2673)  L1 (Dc channel): 0.0033 (0.0042)  L1 (Dn channel): 0.0027 (0.0037)  IoU (P channel): 0.1722 (0.1934)  lr: 0.000839  iter-time: 1.1677
[19:51:44.452397] Epoch: [14]  [ 70/358]  eta: 0:06:07  loss: 0.1056 (0.1252)  IoU (F channel): 0.2827 (0.2733)  L1 (Dc channel): 0.0033 (0.0041)  L1 (Dn channel): 0.0027 (0.0035)  IoU (P channel): 0.2002 (0.1965)  lr: 0.000841  iter-time: 1.1619
[19:51:56.323268] Epoch: [14]  [ 80/358]  eta: 0:05:51  loss: 0.1056 (0.1266)  IoU (F channel): 0.2060 (0.2610)  L1 (Dc channel): 0.0032 (0.0040)  L1 (Dn channel): 0.0029 (0.0035)  IoU (P channel): 0.1526 (0.1871)  lr: 0.000843  iter-time: 1.1734
[19:52:07.972299] Epoch: [14]  [ 90/358]  eta: 0:05:35  loss: 0.1342 (0.1279)  IoU (F channel): 0.2122 (0.2625)  L1 (Dc channel): 0.0032 (0.0040)  L1 (Dn channel): 0.0030 (0.0035)  IoU (P channel): 0.1526 (0.1881)  lr: 0.000845  iter-time: 1.1759
[19:52:19.847571] Epoch: [14]  [100/358]  eta: 0:05:21  loss: 0.1128 (0.1264)  IoU (F channel): 0.2756 (0.2649)  L1 (Dc channel): 0.0034 (0.0040)  L1 (Dn channel): 0.0031 (0.0034)  IoU (P channel): 0.1765 (0.1886)  lr: 0.000846  iter-time: 1.1761
[19:52:31.486190] Epoch: [14]  [110/358]  eta: 0:05:07  loss: 0.1143 (0.1277)  IoU (F channel): 0.2279 (0.2610)  L1 (Dc channel): 0.0038 (0.0040)  L1 (Dn channel): 0.0036 (0.0035)  IoU (P channel): 0.1541 (0.1855)  lr: 0.000848  iter-time: 1.1755
[19:52:43.202910] Epoch: [14]  [120/358]  eta: 0:04:53  loss: 0.1185 (0.1267)  IoU (F channel): 0.2483 (0.2668)  L1 (Dc channel): 0.0037 (0.0039)  L1 (Dn channel): 0.0034 (0.0034)  IoU (P channel): 0.1748 (0.1886)  lr: 0.000850  iter-time: 1.1676
[19:52:54.934306] Epoch: [14]  [130/358]  eta: 0:04:40  loss: 0.0948 (0.1259)  IoU (F channel): 0.2911 (0.2701)  L1 (Dc channel): 0.0033 (0.0039)  L1 (Dn channel): 0.0030 (0.0034)  IoU (P channel): 0.1950 (0.1901)  lr: 0.000852  iter-time: 1.1722
[19:53:06.697619] Epoch: [14]  [140/358]  eta: 0:04:27  loss: 0.1197 (0.1286)  IoU (F channel): 0.2773 (0.2700)  L1 (Dc channel): 0.0042 (0.0040)  L1 (Dn channel): 0.0039 (0.0035)  IoU (P channel): 0.1876 (0.1895)  lr: 0.000853  iter-time: 1.1746
[19:53:18.091152] Epoch: [14]  [150/358]  eta: 0:04:13  loss: 0.1407 (0.1300)  IoU (F channel): 0.2307 (0.2692)  L1 (Dc channel): 0.0054 (0.0041)  L1 (Dn channel): 0.0046 (0.0036)  IoU (P channel): 0.1750 (0.1892)  lr: 0.000855  iter-time: 1.1577
[19:53:29.626442] Epoch: [14]  [160/358]  eta: 0:04:00  loss: 0.1441 (0.1313)  IoU (F channel): 0.2621 (0.2697)  L1 (Dc channel): 0.0038 (0.0041)  L1 (Dn channel): 0.0037 (0.0036)  IoU (P channel): 0.1687 (0.1895)  lr: 0.000857  iter-time: 1.1463
[19:53:41.416693] Epoch: [14]  [170/358]  eta: 0:03:48  loss: 0.1341 (0.1313)  IoU (F channel): 0.2789 (0.2689)  L1 (Dc channel): 0.0031 (0.0040)  L1 (Dn channel): 0.0029 (0.0035)  IoU (P channel): 0.2032 (0.1892)  lr: 0.000858  iter-time: 1.1661
[19:53:53.160926] Epoch: [14]  [180/358]  eta: 0:03:35  loss: 0.1218 (0.1310)  IoU (F channel): 0.2221 (0.2685)  L1 (Dc channel): 0.0035 (0.0040)  L1 (Dn channel): 0.0030 (0.0035)  IoU (P channel): 0.1965 (0.1890)  lr: 0.000860  iter-time: 1.1766
[19:54:04.901577] Epoch: [14]  [190/358]  eta: 0:03:23  loss: 0.1030 (0.1302)  IoU (F channel): 0.2861 (0.2679)  L1 (Dc channel): 0.0038 (0.0040)  L1 (Dn channel): 0.0031 (0.0035)  IoU (P channel): 0.1777 (0.1879)  lr: 0.000862  iter-time: 1.1701
[19:54:16.673517] Epoch: [14]  [200/358]  eta: 0:03:10  loss: 0.1032 (0.1294)  IoU (F channel): 0.2656 (0.2690)  L1 (Dc channel): 0.0038 (0.0040)  L1 (Dn channel): 0.0034 (0.0035)  IoU (P channel): 0.1929 (0.1892)  lr: 0.000863  iter-time: 1.1714
[19:54:28.246768] Epoch: [14]  [210/358]  eta: 0:02:58  loss: 0.1073 (0.1300)  IoU (F channel): 0.2548 (0.2698)  L1 (Dc channel): 0.0035 (0.0040)  L1 (Dn channel): 0.0031 (0.0035)  IoU (P channel): 0.2106 (0.1903)  lr: 0.000865  iter-time: 1.1671
[19:54:39.740265] Epoch: [14]  [220/358]  eta: 0:02:45  loss: 0.1468 (0.1303)  IoU (F channel): 0.2856 (0.2715)  L1 (Dc channel): 0.0039 (0.0040)  L1 (Dn channel): 0.0032 (0.0035)  IoU (P channel): 0.2177 (0.1916)  lr: 0.000866  iter-time: 1.1532
[19:54:51.515055] Epoch: [14]  [230/358]  eta: 0:02:33  loss: 0.1227 (0.1299)  IoU (F channel): 0.2856 (0.2721)  L1 (Dc channel): 0.0044 (0.0040)  L1 (Dn channel): 0.0039 (0.0035)  IoU (P channel): 0.2139 (0.1925)  lr: 0.000868  iter-time: 1.1632
[19:55:03.325236] Epoch: [14]  [240/358]  eta: 0:02:21  loss: 0.1166 (0.1294)  IoU (F channel): 0.2406 (0.2703)  L1 (Dc channel): 0.0042 (0.0040)  L1 (Dn channel): 0.0034 (0.0035)  IoU (P channel): 0.1784 (0.1916)  lr: 0.000870  iter-time: 1.1791
[19:55:14.945026] Epoch: [14]  [250/358]  eta: 0:02:09  loss: 0.1157 (0.1293)  IoU (F channel): 0.2008 (0.2693)  L1 (Dc channel): 0.0039 (0.0040)  L1 (Dn channel): 0.0031 (0.0035)  IoU (P channel): 0.1714 (0.1909)  lr: 0.000871  iter-time: 1.1713
[19:55:26.587234] Epoch: [14]  [260/358]  eta: 0:01:57  loss: 0.0927 (0.1286)  IoU (F channel): 0.2178 (0.2692)  L1 (Dc channel): 0.0032 (0.0040)  L1 (Dn channel): 0.0029 (0.0035)  IoU (P channel): 0.1633 (0.1911)  lr: 0.000873  iter-time: 1.1629
[19:55:38.392287] Epoch: [14]  [270/358]  eta: 0:01:45  loss: 0.0927 (0.1274)  IoU (F channel): 0.2152 (0.2673)  L1 (Dc channel): 0.0034 (0.0040)  L1 (Dn channel): 0.0029 (0.0035)  IoU (P channel): 0.1507 (0.1900)  lr: 0.000874  iter-time: 1.1722
[19:55:49.895974] Epoch: [14]  [280/358]  eta: 0:01:33  loss: 0.0973 (0.1269)  IoU (F channel): 0.2527 (0.2689)  L1 (Dc channel): 0.0045 (0.0040)  L1 (Dn channel): 0.0037 (0.0035)  IoU (P channel): 0.1765 (0.1910)  lr: 0.000876  iter-time: 1.1653
[19:56:01.749912] Epoch: [14]  [290/358]  eta: 0:01:21  loss: 0.0982 (0.1268)  IoU (F channel): 0.3239 (0.2701)  L1 (Dc channel): 0.0042 (0.0040)  L1 (Dn channel): 0.0036 (0.0035)  IoU (P channel): 0.2243 (0.1916)  lr: 0.000878  iter-time: 1.1677
[19:56:13.530167] Epoch: [14]  [300/358]  eta: 0:01:09  loss: 0.1148 (0.1266)  IoU (F channel): 0.2860 (0.2705)  L1 (Dc channel): 0.0039 (0.0040)  L1 (Dn channel): 0.0032 (0.0035)  IoU (P channel): 0.2158 (0.1925)  lr: 0.000879  iter-time: 1.1815
[19:56:25.537220] Epoch: [14]  [310/358]  eta: 0:00:57  loss: 0.1148 (0.1261)  IoU (F channel): 0.2691 (0.2718)  L1 (Dc channel): 0.0030 (0.0040)  L1 (Dn channel): 0.0029 (0.0035)  IoU (P channel): 0.2158 (0.1934)  lr: 0.000881  iter-time: 1.1892
[19:56:37.296396] Epoch: [14]  [320/358]  eta: 0:00:45  loss: 0.0940 (0.1252)  IoU (F channel): 0.2603 (0.2715)  L1 (Dc channel): 0.0030 (0.0039)  L1 (Dn channel): 0.0026 (0.0034)  IoU (P channel): 0.2012 (0.1939)  lr: 0.000882  iter-time: 1.1881
[19:56:48.889495] Epoch: [14]  [330/358]  eta: 0:00:33  loss: 0.0970 (0.1251)  IoU (F channel): 0.2645 (0.2724)  L1 (Dc channel): 0.0033 (0.0039)  L1 (Dn channel): 0.0028 (0.0034)  IoU (P channel): 0.2018 (0.1945)  lr: 0.000884  iter-time: 1.1674
[19:57:00.474664] Epoch: [14]  [340/358]  eta: 0:00:21  loss: 0.1002 (0.1245)  IoU (F channel): 0.2901 (0.2727)  L1 (Dc channel): 0.0030 (0.0039)  L1 (Dn channel): 0.0026 (0.0034)  IoU (P channel): 0.2088 (0.1945)  lr: 0.000885  iter-time: 1.1588
[19:57:11.802298] Epoch: [14]  [350/358]  eta: 0:00:09  loss: 0.1042 (0.1246)  IoU (F channel): 0.2572 (0.2726)  L1 (Dc channel): 0.0030 (0.0039)  L1 (Dn channel): 0.0025 (0.0034)  IoU (P channel): 0.1978 (0.1947)  lr: 0.000887  iter-time: 1.1455
[19:57:18.804847] Epoch: [14]  [357/358]  eta: 0:00:01  loss: 0.1114 (0.1249)  IoU (F channel): 0.2568 (0.2730)  L1 (Dc channel): 0.0036 (0.0039)  L1 (Dn channel): 0.0031 (0.0034)  IoU (P channel): 0.1749 (0.1950)  lr: 0.000888  iter-time: 1.0970
[19:57:18.804954] Epoch: [14] Total time: 0:07:04 (1.1867 s / it)
[19:57:18.804985] [Train] averaged stats: loss: 0.1114 (0.1249)  IoU (F channel): 0.2568 (0.2730)  L1 (Dc channel): 0.0036 (0.0039)  L1 (Dn channel): 0.0031 (0.0034)  IoU (P channel): 0.1749 (0.1950)  lr: 0.000888
[19:57:26.866565] Epoch: [14]  [ 0/23]  eta: 0:03:05  loss: 0.0876 (0.0876)  IoU (F channel): 0.0000 (0.0000)  L1 (Dc channel): 0.0029 (0.0029)  L1 (Dn channel): 0.0025 (0.0025)  IoU (P channel): 0.0000 (0.0000)  iter-time: 8.0600
[19:57:32.722020] Epoch: [14]  [10/23]  eta: 0:00:16  loss: 0.1007 (0.1815)  IoU (F channel): 0.2901 (0.2437)  L1 (Dc channel): 0.0031 (0.0032)  L1 (Dn channel): 0.0027 (0.0032)  IoU (P channel): 0.2099 (0.1887)  iter-time: 1.2650
[19:57:37.281009] Epoch: [14]  [20/23]  eta: 0:00:02  loss: 0.1425 (0.1922)  IoU (F channel): 0.2624 (0.2588)  L1 (Dc channel): 0.0031 (0.0032)  L1 (Dn channel): 0.0027 (0.0031)  IoU (P channel): 0.1962 (0.1937)  iter-time: 0.5207
[19:57:37.702858] Epoch: [14]  [22/23]  eta: 0:00:00  loss: 0.1425 (0.1853)  IoU (F channel): 0.2511 (0.2512)  L1 (Dc channel): 0.0031 (0.0033)  L1 (Dn channel): 0.0028 (0.0031)  IoU (P channel): 0.1914 (0.1897)  iter-time: 0.4693
[19:57:37.702940] Epoch: [14] Total time: 0:00:18 (0.8216 s / it)
[19:57:37.702961] [Val] averaged stats: loss: 0.1425 (0.1853)  IoU (F channel): 0.2511 (0.2512)  L1 (Dc channel): 0.0031 (0.0033)  L1 (Dn channel): 0.0028 (0.0031)  IoU (P channel): 0.1914 (0.1897)
[19:57:37.703171] Val loss improved from 0.1971141112887341 to 0.1853113499996455, saving model to metrics/biapy/biapy-channel-scale-zarr-unetr/checkpoints/biapy-channel-scale-zarr-unetr_0-checkpoint-best.pth
[19:57:39.067969] [Val] best loss: 0.1853 best  IoU (F channel): 0.2512 L1 (Dc channel): 0.0033 L1 (Dn channel): 0.0031 IoU (P channel): 0.1897 
[19:57:39.075926] [Time] 7.4m 1.9h/7.7h

[19:57:39.075946] ~~~ Epoch 15/60 ~~~

[19:57:45.491187] Epoch: [15]  [  0/358]  eta: 0:38:15  loss: 0.1978 (0.1978)  IoU (F channel): 0.3293 (0.3293)  L1 (Dc channel): 0.0033 (0.0033)  L1 (Dn channel): 0.0032 (0.0032)  IoU (P channel): 0.2070 (0.2070)  lr: 0.000888  iter-time: 6.4127
[19:57:57.499883] Epoch: [15]  [ 10/358]  eta: 0:09:42  loss: 0.1040 (0.1056)  IoU (F channel): 0.3293 (0.3268)  L1 (Dc channel): 0.0040 (0.0039)  L1 (Dn channel): 0.0032 (0.0037)  IoU (P channel): 0.2135 (0.2184)  lr: 0.000889  iter-time: 1.6745
[19:58:08.998099] Epoch: [15]  [ 20/358]  eta: 0:08:01  loss: 0.0960 (0.1054)  IoU (F channel): 0.3043 (0.3086)  L1 (Dc channel): 0.0035 (0.0038)  L1 (Dn channel): 0.0032 (0.0034)  IoU (P channel): 0.2179 (0.2184)  lr: 0.000891  iter-time: 1.1752
[19:58:20.629842] Epoch: [15]  [ 30/358]  eta: 0:07:19  loss: 0.1039 (0.1124)  IoU (F channel): 0.2798 (0.3012)  L1 (Dc channel): 0.0035 (0.0039)  L1 (Dn channel): 0.0031 (0.0035)  IoU (P channel): 0.2050 (0.2167)  lr: 0.000892  iter-time: 1.1563
[19:58:32.405398] Epoch: [15]  [ 40/358]  eta: 0:06:53  loss: 0.1024 (0.1088)  IoU (F channel): 0.2960 (0.3061)  L1 (Dc channel): 0.0034 (0.0037)  L1 (Dn channel): 0.0030 (0.0033)  IoU (P channel): 0.2201 (0.2201)  lr: 0.000894  iter-time: 1.1701
[19:58:44.136950] Epoch: [15]  [ 50/358]  eta: 0:06:32  loss: 0.0920 (0.1098)  IoU (F channel): 0.2987 (0.3021)  L1 (Dc channel): 0.0030 (0.0036)  L1 (Dn channel): 0.0027 (0.0032)  IoU (P channel): 0.2201 (0.2191)  lr: 0.000895  iter-time: 1.1751
[19:58:55.852013] Epoch: [15]  [ 60/358]  eta: 0:06:14  loss: 0.0977 (0.1079)  IoU (F channel): 0.2602 (0.2914)  L1 (Dc channel): 0.0028 (0.0034)  L1 (Dn channel): 0.0023 (0.0031)  IoU (P channel): 0.1931 (0.2122)  lr: 0.000897  iter-time: 1.1721
[19:59:07.569864] Epoch: [15]  [ 70/358]  eta: 0:05:58  loss: 0.0977 (0.1067)  IoU (F channel): 0.2512 (0.2894)  L1 (Dc channel): 0.0026 (0.0033)  L1 (Dn channel): 0.0022 (0.0030)  IoU (P channel): 0.1970 (0.2121)  lr: 0.000898  iter-time: 1.1715
[19:59:19.262340] Epoch: [15]  [ 80/358]  eta: 0:05:43  loss: 0.0786 (0.1058)  IoU (F channel): 0.2776 (0.2951)  L1 (Dc channel): 0.0025 (0.0032)  L1 (Dn channel): 0.0022 (0.0029)  IoU (P channel): 0.2188 (0.2138)  lr: 0.000900  iter-time: 1.1703
[19:59:30.965810] Epoch: [15]  [ 90/358]  eta: 0:05:29  loss: 0.0824 (0.1081)  IoU (F channel): 0.3038 (0.2937)  L1 (Dc channel): 0.0026 (0.0032)  L1 (Dn channel): 0.0022 (0.0029)  IoU (P channel): 0.2188 (0.2126)  lr: 0.000901  iter-time: 1.1696
[19:59:42.739286] Epoch: [15]  [100/358]  eta: 0:05:15  loss: 0.0931 (0.1075)  IoU (F channel): 0.2676 (0.2910)  L1 (Dc channel): 0.0029 (0.0032)  L1 (Dn channel): 0.0027 (0.0029)  IoU (P channel): 0.1817 (0.2107)  lr: 0.000903  iter-time: 1.1737
[19:59:54.394331] Epoch: [15]  [110/358]  eta: 0:05:02  loss: 0.0891 (0.1061)  IoU (F channel): 0.2526 (0.2855)  L1 (Dc channel): 0.0034 (0.0032)  L1 (Dn channel): 0.0027 (0.0029)  IoU (P channel): 0.1644 (0.2077)  lr: 0.000904  iter-time: 1.1713
[20:00:06.202098] Epoch: [15]  [120/358]  eta: 0:04:49  loss: 0.0940 (0.1068)  IoU (F channel): 0.2539 (0.2895)  L1 (Dc channel): 0.0027 (0.0031)  L1 (Dn channel): 0.0027 (0.0029)  IoU (P channel): 0.1884 (0.2105)  lr: 0.000905  iter-time: 1.1730
[20:00:17.921351] Epoch: [15]  [130/358]  eta: 0:04:36  loss: 0.1047 (0.1065)  IoU (F channel): 0.3265 (0.2954)  L1 (Dc channel): 0.0026 (0.0031)  L1 (Dn channel): 0.0024 (0.0029)  IoU (P channel): 0.2249 (0.2148)  lr: 0.000907  iter-time: 1.1762
[20:00:29.507685] Epoch: [15]  [140/358]  eta: 0:04:23  loss: 0.0976 (0.1070)  IoU (F channel): 0.3265 (0.2937)  L1 (Dc channel): 0.0028 (0.0031)  L1 (Dn channel): 0.0023 (0.0028)  IoU (P channel): 0.2201 (0.2135)  lr: 0.000908  iter-time: 1.1651
[20:00:41.200569] Epoch: [15]  [150/358]  eta: 0:04:10  loss: 0.0976 (0.1066)  IoU (F channel): 0.2425 (0.2903)  L1 (Dc channel): 0.0028 (0.0031)  L1 (Dn channel): 0.0023 (0.0028)  IoU (P channel): 0.1654 (0.2107)  lr: 0.000910  iter-time: 1.1638
[20:00:52.811877] Epoch: [15]  [160/358]  eta: 0:03:58  loss: 0.1080 (0.1079)  IoU (F channel): 0.2444 (0.2915)  L1 (Dc channel): 0.0027 (0.0030)  L1 (Dn channel): 0.0023 (0.0028)  IoU (P channel): 0.1773 (0.2104)  lr: 0.000911  iter-time: 1.1650
[20:01:04.601052] Epoch: [15]  [170/358]  eta: 0:03:45  loss: 0.1018 (0.1073)  IoU (F channel): 0.3612 (0.2950)  L1 (Dc channel): 0.0027 (0.0030)  L1 (Dn channel): 0.0027 (0.0028)  IoU (P channel): 0.2445 (0.2128)  lr: 0.000912  iter-time: 1.1698
[20:01:16.630210] Epoch: [15]  [180/358]  eta: 0:03:33  loss: 0.0995 (0.1076)  IoU (F channel): 0.3014 (0.2942)  L1 (Dc channel): 0.0028 (0.0031)  L1 (Dn channel): 0.0029 (0.0028)  IoU (P channel): 0.2225 (0.2123)  lr: 0.000914  iter-time: 1.1907
[20:01:28.184515] Epoch: [15]  [190/358]  eta: 0:03:21  loss: 0.1022 (0.1075)  IoU (F channel): 0.2862 (0.2923)  L1 (Dc channel): 0.0027 (0.0031)  L1 (Dn channel): 0.0027 (0.0028)  IoU (P channel): 0.1878 (0.2114)  lr: 0.000915  iter-time: 1.1790
[20:01:39.732866] Epoch: [15]  [200/358]  eta: 0:03:09  loss: 0.1106 (0.1096)  IoU (F channel): 0.2862 (0.2924)  L1 (Dc channel): 0.0030 (0.0031)  L1 (Dn channel): 0.0025 (0.0028)  IoU (P channel): 0.1878 (0.2114)  lr: 0.000916  iter-time: 1.1549
[20:01:51.456530] Epoch: [15]  [210/358]  eta: 0:02:56  loss: 0.1238 (0.1107)  IoU (F channel): 0.2070 (0.2879)  L1 (Dc channel): 0.0033 (0.0031)  L1 (Dn channel): 0.0029 (0.0028)  IoU (P channel): 0.1650 (0.2081)  lr: 0.000918  iter-time: 1.1634
[20:02:03.038782] Epoch: [15]  [220/358]  eta: 0:02:44  loss: 0.1008 (0.1102)  IoU (F channel): 0.2284 (0.2879)  L1 (Dc channel): 0.0036 (0.0031)  L1 (Dn channel): 0.0032 (0.0028)  IoU (P channel): 0.1638 (0.2079)  lr: 0.000919  iter-time: 1.1651
[20:02:14.749671] Epoch: [15]  [230/358]  eta: 0:02:32  loss: 0.0800 (0.1101)  IoU (F channel): 0.2778 (0.2891)  L1 (Dc channel): 0.0034 (0.0031)  L1 (Dn channel): 0.0027 (0.0028)  IoU (P channel): 0.1690 (0.2081)  lr: 0.000920  iter-time: 1.1645
[20:02:26.581413] Epoch: [15]  [240/358]  eta: 0:02:20  loss: 0.1053 (0.1110)  IoU (F channel): 0.2860 (0.2888)  L1 (Dc channel): 0.0035 (0.0031)  L1 (Dn channel): 0.0029 (0.0029)  IoU (P channel): 0.1703 (0.2081)  lr: 0.000921  iter-time: 1.1769
[20:02:38.310385] Epoch: [15]  [250/358]  eta: 0:02:08  loss: 0.1072 (0.1107)  IoU (F channel): 0.2788 (0.2882)  L1 (Dc channel): 0.0032 (0.0031)  L1 (Dn channel): 0.0032 (0.0029)  IoU (P channel): 0.1947 (0.2077)  lr: 0.000923  iter-time: 1.1779
[20:02:50.097353] Epoch: [15]  [260/358]  eta: 0:01:56  loss: 0.0996 (0.1111)  IoU (F channel): 0.2686 (0.2880)  L1 (Dc channel): 0.0032 (0.0031)  L1 (Dn channel): 0.0030 (0.0029)  IoU (P channel): 0.1947 (0.2076)  lr: 0.000924  iter-time: 1.1756
[20:03:01.557420] Epoch: [15]  [270/358]  eta: 0:01:44  loss: 0.1042 (0.1110)  IoU (F channel): 0.3013 (0.2890)  L1 (Dc channel): 0.0032 (0.0032)  L1 (Dn channel): 0.0029 (0.0029)  IoU (P channel): 0.2348 (0.2088)  lr: 0.000925  iter-time: 1.1622
[20:03:13.515696] Epoch: [15]  [280/358]  eta: 0:01:32  loss: 0.0933 (0.1106)  IoU (F channel): 0.2978 (0.2893)  L1 (Dc channel): 0.0034 (0.0032)  L1 (Dn channel): 0.0031 (0.0029)  IoU (P channel): 0.2295 (0.2089)  lr: 0.000926  iter-time: 1.1707
[20:03:25.058499] Epoch: [15]  [290/358]  eta: 0:01:20  loss: 0.0838 (0.1100)  IoU (F channel): 0.2600 (0.2891)  L1 (Dc channel): 0.0029 (0.0032)  L1 (Dn channel): 0.0026 (0.0029)  IoU (P channel): 0.1964 (0.2085)  lr: 0.000928  iter-time: 1.1749
[20:03:36.861475] Epoch: [15]  [300/358]  eta: 0:01:08  loss: 0.0869 (0.1108)  IoU (F channel): 0.2988 (0.2904)  L1 (Dc channel): 0.0030 (0.0032)  L1 (Dn channel): 0.0026 (0.0029)  IoU (P channel): 0.2227 (0.2096)  lr: 0.000929  iter-time: 1.1671
[20:03:48.392121] Epoch: [15]  [310/358]  eta: 0:00:56  loss: 0.1239 (0.1109)  IoU (F channel): 0.2761 (0.2901)  L1 (Dc channel): 0.0031 (0.0032)  L1 (Dn channel): 0.0034 (0.0029)  IoU (P channel): 0.2227 (0.2096)  lr: 0.000930  iter-time: 1.1665
[20:04:00.159388] Epoch: [15]  [320/358]  eta: 0:00:45  loss: 0.1071 (0.1105)  IoU (F channel): 0.2761 (0.2914)  L1 (Dc channel): 0.0035 (0.0032)  L1 (Dn channel): 0.0032 (0.0029)  IoU (P channel): 0.2083 (0.2097)  lr: 0.000931  iter-time: 1.1647
[20:04:11.842001] Epoch: [15]  [330/358]  eta: 0:00:33  loss: 0.0930 (0.1108)  IoU (F channel): 0.3112 (0.2911)  L1 (Dc channel): 0.0036 (0.0032)  L1 (Dn channel): 0.0036 (0.0030)  IoU (P channel): 0.2291 (0.2096)  lr: 0.000933  iter-time: 1.1723
[20:04:23.436769] Epoch: [15]  [340/358]  eta: 0:00:21  loss: 0.0958 (0.1105)  IoU (F channel): 0.2632 (0.2903)  L1 (Dc channel): 0.0036 (0.0032)  L1 (Dn channel): 0.0032 (0.0030)  IoU (P channel): 0.2254 (0.2096)  lr: 0.000934  iter-time: 1.1637
[20:04:34.789907] Epoch: [15]  [350/358]  eta: 0:00:09  loss: 0.0958 (0.1107)  IoU (F channel): 0.2859 (0.2919)  L1 (Dc channel): 0.0032 (0.0032)  L1 (Dn channel): 0.0024 (0.0030)  IoU (P channel): 0.2293 (0.2109)  lr: 0.000935  iter-time: 1.1473
[20:04:41.788223] Epoch: [15]  [357/358]  eta: 0:00:01  loss: 0.0958 (0.1106)  IoU (F channel): 0.2811 (0.2895)  L1 (Dc channel): 0.0027 (0.0032)  L1 (Dn channel): 0.0024 (0.0030)  IoU (P channel): 0.2056 (0.2092)  lr: 0.000936  iter-time: 1.0871
[20:04:41.788342] Epoch: [15] Total time: 0:07:02 (1.1808 s / it)
[20:04:41.788381] [Train] averaged stats: loss: 0.0958 (0.1106)  IoU (F channel): 0.2811 (0.2895)  L1 (Dc channel): 0.0027 (0.0032)  L1 (Dn channel): 0.0024 (0.0030)  IoU (P channel): 0.2056 (0.2092)  lr: 0.000936
[20:04:49.325314] Epoch: [15]  [ 0/23]  eta: 0:02:53  loss: 0.0804 (0.0804)  IoU (F channel): 0.0000 (0.0000)  L1 (Dc channel): 0.0027 (0.0027)  L1 (Dn channel): 0.0032 (0.0032)  IoU (P channel): 0.0000 (0.0000)  iter-time: 7.5351
[20:04:56.267292] Epoch: [15]  [10/23]  eta: 0:00:17  loss: 0.0989 (0.2017)  IoU (F channel): 0.2713 (0.2496)  L1 (Dc channel): 0.0031 (0.0031)  L1 (Dn channel): 0.0032 (0.0037)  IoU (P channel): 0.2101 (0.1943)  iter-time: 1.3161
[20:05:00.738538] Epoch: [15]  [20/23]  eta: 0:00:02  loss: 0.1108 (0.1858)  IoU (F channel): 0.3324 (0.2923)  L1 (Dc channel): 0.0031 (0.0031)  L1 (Dn channel): 0.0033 (0.0036)  IoU (P channel): 0.2421 (0.2200)  iter-time: 0.5706
[20:05:01.160107] Epoch: [15]  [22/23]  eta: 0:00:00  loss: 0.1108 (0.1777)  IoU (F channel): 0.3070 (0.2836)  L1 (Dc channel): 0.0031 (0.0031)  L1 (Dn channel): 0.0034 (0.0036)  IoU (P channel): 0.2382 (0.2153)  iter-time: 0.5183
[20:05:01.160187] Epoch: [15] Total time: 0:00:19 (0.8422 s / it)
[20:05:01.160209] [Val] averaged stats: loss: 0.1108 (0.1777)  IoU (F channel): 0.3070 (0.2836)  L1 (Dc channel): 0.0031 (0.0031)  L1 (Dn channel): 0.0034 (0.0036)  IoU (P channel): 0.2382 (0.2153)
[20:05:01.160398] Val loss improved from 0.1853113499996455 to 0.17771184185276862, saving model to metrics/biapy/biapy-channel-scale-zarr-unetr/checkpoints/biapy-channel-scale-zarr-unetr_0-checkpoint-best.pth
[20:05:02.582732] [Val] best loss: 0.1777 best  IoU (F channel): 0.2836 L1 (Dc channel): 0.0031 L1 (Dn channel): 0.0036 IoU (P channel): 0.2153 
[20:05:02.592115] Creating training plots . . .
[20:05:09.523697] [Time] 7.5m 2.0h/7.8h

[20:05:09.523756] ~~~ Epoch 16/60 ~~~

[20:05:17.164201] Epoch: [16]  [  0/358]  eta: 0:45:34  loss: 0.0913 (0.0913)  IoU (F channel): 0.3266 (0.3266)  L1 (Dc channel): 0.0031 (0.0031)  L1 (Dn channel): 0.0034 (0.0034)  IoU (P channel): 0.2785 (0.2785)  lr: 0.000936  iter-time: 7.6379
[20:05:29.317761] Epoch: [16]  [ 10/358]  eta: 0:10:26  loss: 0.0865 (0.0916)  IoU (F channel): 0.3266 (0.3275)  L1 (Dc channel): 0.0027 (0.0029)  L1 (Dn channel): 0.0025 (0.0026)  IoU (P channel): 0.2746 (0.2392)  lr: 0.000937  iter-time: 1.7991
[20:05:41.038117] Epoch: [16]  [ 20/358]  eta: 0:08:27  loss: 0.0839 (0.0905)  IoU (F channel): 0.2982 (0.3185)  L1 (Dc channel): 0.0026 (0.0027)  L1 (Dn channel): 0.0024 (0.0026)  IoU (P channel): 0.2339 (0.2248)  lr: 0.000938  iter-time: 1.1935
[20:05:52.734297] Epoch: [16]  [ 30/358]  eta: 0:07:37  loss: 0.0839 (0.0911)  IoU (F channel): 0.3301 (0.3184)  L1 (Dc channel): 0.0024 (0.0026)  L1 (Dn channel): 0.0025 (0.0026)  IoU (P channel): 0.2408 (0.2255)  lr: 0.000939  iter-time: 1.1707
[20:06:04.298688] Epoch: [16]  [ 40/358]  eta: 0:07:04  loss: 0.1009 (0.0936)  IoU (F channel): 0.3343 (0.3099)  L1 (Dc channel): 0.0025 (0.0027)  L1 (Dn channel): 0.0025 (0.0026)  IoU (P channel): 0.2469 (0.2212)  lr: 0.000941  iter-time: 1.1629
[20:06:16.087972] Epoch: [16]  [ 50/358]  eta: 0:06:41  loss: 0.0837 (0.0927)  IoU (F channel): 0.3185 (0.3068)  L1 (Dc channel): 0.0026 (0.0027)  L1 (Dn channel): 0.0025 (0.0026)  IoU (P channel): 0.2225 (0.2216)  lr: 0.000942  iter-time: 1.1675
[20:06:27.761166] Epoch: [16]  [ 60/358]  eta: 0:06:22  loss: 0.0901 (0.0976)  IoU (F channel): 0.2714 (0.2995)  L1 (Dc channel): 0.0026 (0.0027)  L1 (Dn channel): 0.0026 (0.0027)  IoU (P channel): 0.1929 (0.2165)  lr: 0.000943  iter-time: 1.1730
[20:06:39.556745] Epoch: [16]  [ 70/358]  eta: 0:06:05  loss: 0.0901 (0.0966)  IoU (F channel): 0.2714 (0.3010)  L1 (Dc channel): 0.0025 (0.0027)  L1 (Dn channel): 0.0027 (0.0027)  IoU (P channel): 0.1887 (0.2168)  lr: 0.000944  iter-time: 1.1733
[20:06:51.280625] Epoch: [16]  [ 80/358]  eta: 0:05:49  loss: 0.0852 (0.0980)  IoU (F channel): 0.3054 (0.3020)  L1 (Dc channel): 0.0023 (0.0027)  L1 (Dn channel): 0.0032 (0.0027)  IoU (P channel): 0.2166 (0.2186)  lr: 0.000945  iter-time: 1.1758
[20:07:03.126416] Epoch: [16]  [ 90/358]  eta: 0:05:34  loss: 0.1129 (0.1029)  IoU (F channel): 0.2620 (0.3000)  L1 (Dc channel): 0.0026 (0.0028)  L1 (Dn channel): 0.0033 (0.0028)  IoU (P channel): 0.2093 (0.2170)  lr: 0.000946  iter-time: 1.1783
[20:07:15.047899] Epoch: [16]  [100/358]  eta: 0:05:20  loss: 0.1119 (0.1025)  IoU (F channel): 0.2625 (0.3036)  L1 (Dc channel): 0.0029 (0.0028)  L1 (Dn channel): 0.0029 (0.0028)  IoU (P channel): 0.2093 (0.2178)  lr: 0.000947  iter-time: 1.1882
[20:07:26.783207] Epoch: [16]  [110/358]  eta: 0:05:06  loss: 0.0906 (0.1016)  IoU (F channel): 0.2816 (0.2990)  L1 (Dc channel): 0.0027 (0.0028)  L1 (Dn channel): 0.0025 (0.0027)  IoU (P channel): 0.1859 (0.2149)  lr: 0.000948  iter-time: 1.1827
[20:07:38.509768] Epoch: [16]  [120/358]  eta: 0:04:53  loss: 0.0904 (0.1016)  IoU (F channel): 0.2179 (0.2961)  L1 (Dc channel): 0.0028 (0.0028)  L1 (Dn channel): 0.0023 (0.0027)  IoU (P channel): 0.1913 (0.2142)  lr: 0.000949  iter-time: 1.1729
[20:07:50.045799] Epoch: [16]  [130/358]  eta: 0:04:39  loss: 0.1028 (0.1047)  IoU (F channel): 0.2442 (0.2969)  L1 (Dc channel): 0.0028 (0.0028)  L1 (Dn channel): 0.0028 (0.0028)  IoU (P channel): 0.1919 (0.2149)  lr: 0.000950  iter-time: 1.1630
[20:08:01.794053] Epoch: [16]  [140/358]  eta: 0:04:26  loss: 0.0856 (0.1029)  IoU (F channel): 0.2629 (0.2947)  L1 (Dc channel): 0.0028 (0.0028)  L1 (Dn channel): 0.0025 (0.0027)  IoU (P channel): 0.1764 (0.2141)  lr: 0.000951  iter-time: 1.1640
[20:08:13.691778] Epoch: [16]  [150/358]  eta: 0:04:13  loss: 0.0725 (0.1019)  IoU (F channel): 0.2409 (0.2918)  L1 (Dc channel): 0.0024 (0.0028)  L1 (Dn channel): 0.0023 (0.0027)  IoU (P channel): 0.1764 (0.2122)  lr: 0.000952  iter-time: 1.1821
[20:08:25.243399] Epoch: [16]  [160/358]  eta: 0:04:00  loss: 0.0877 (0.1024)  IoU (F channel): 0.2061 (0.2883)  L1 (Dc channel): 0.0024 (0.0028)  L1 (Dn channel): 0.0024 (0.0027)  IoU (P channel): 0.1764 (0.2101)  lr: 0.000953  iter-time: 1.1723
[20:08:36.989485] Epoch: [16]  [170/358]  eta: 0:03:48  loss: 0.0894 (0.1032)  IoU (F channel): 0.2553 (0.2897)  L1 (Dc channel): 0.0031 (0.0028)  L1 (Dn channel): 0.0026 (0.0027)  IoU (P channel): 0.1992 (0.2110)  lr: 0.000954  iter-time: 1.1647
[20:08:48.740528] Epoch: [16]  [180/358]  eta: 0:03:35  loss: 0.1173 (0.1043)  IoU (F channel): 0.2627 (0.2891)  L1 (Dc channel): 0.0028 (0.0028)  L1 (Dn channel): 0.0030 (0.0027)  IoU (P channel): 0.2222 (0.2110)  lr: 0.000955  iter-time: 1.1747
[20:09:00.380179] Epoch: [16]  [190/358]  eta: 0:03:23  loss: 0.1256 (0.1051)  IoU (F channel): 0.2641 (0.2886)  L1 (Dc channel): 0.0028 (0.0028)  L1 (Dn channel): 0.0031 (0.0028)  IoU (P channel): 0.1941 (0.2106)  lr: 0.000956  iter-time: 1.1694
[20:09:11.832965] Epoch: [16]  [200/358]  eta: 0:03:10  loss: 0.0833 (0.1035)  IoU (F channel): 0.2728 (0.2879)  L1 (Dc channel): 0.0030 (0.0028)  L1 (Dn channel): 0.0027 (0.0028)  IoU (P channel): 0.1858 (0.2099)  lr: 0.000957  iter-time: 1.1545
[20:09:23.568983] Epoch: [16]  [210/358]  eta: 0:02:58  loss: 0.0832 (0.1043)  IoU (F channel): 0.2799 (0.2884)  L1 (Dc channel): 0.0029 (0.0028)  L1 (Dn channel): 0.0026 (0.0027)  IoU (P channel): 0.2120 (0.2102)  lr: 0.000958  iter-time: 1.1593
[20:09:35.306632] Epoch: [16]  [220/358]  eta: 0:02:45  loss: 0.0978 (0.1044)  IoU (F channel): 0.2546 (0.2877)  L1 (Dc channel): 0.0028 (0.0028)  L1 (Dn channel): 0.0024 (0.0027)  IoU (P channel): 0.1984 (0.2093)  lr: 0.000959  iter-time: 1.1735
[20:09:46.951432] Epoch: [16]  [230/358]  eta: 0:02:33  loss: 0.1023 (0.1049)  IoU (F channel): 0.2900 (0.2890)  L1 (Dc channel): 0.0028 (0.0028)  L1 (Dn channel): 0.0026 (0.0027)  IoU (P channel): 0.2013 (0.2108)  lr: 0.000960  iter-time: 1.1690
[20:09:58.504989] Epoch: [16]  [240/358]  eta: 0:02:21  loss: 0.1180 (0.1052)  IoU (F channel): 0.3106 (0.2903)  L1 (Dc channel): 0.0029 (0.0029)  L1 (Dn channel): 0.0031 (0.0028)  IoU (P channel): 0.2554 (0.2120)  lr: 0.000961  iter-time: 1.1597
[20:10:10.136941] Epoch: [16]  [250/358]  eta: 0:02:09  loss: 0.0833 (0.1047)  IoU (F channel): 0.2762 (0.2871)  L1 (Dc channel): 0.0027 (0.0028)  L1 (Dn channel): 0.0025 (0.0027)  IoU (P channel): 0.2017 (0.2097)  lr: 0.000962  iter-time: 1.1591
[20:10:22.118248] Epoch: [16]  [260/358]  eta: 0:01:57  loss: 0.0754 (0.1044)  IoU (F channel): 0.2465 (0.2880)  L1 (Dc channel): 0.0024 (0.0028)  L1 (Dn channel): 0.0021 (0.0027)  IoU (P channel): 0.1941 (0.2098)  lr: 0.000963  iter-time: 1.1805
[20:10:33.601049] Epoch: [16]  [270/358]  eta: 0:01:45  loss: 0.1038 (0.1048)  IoU (F channel): 0.3209 (0.2890)  L1 (Dc channel): 0.0026 (0.0028)  L1 (Dn channel): 0.0024 (0.0027)  IoU (P channel): 0.2173 (0.2105)  lr: 0.000964  iter-time: 1.1730
[20:10:45.195372] Epoch: [16]  [280/358]  eta: 0:01:33  loss: 0.1019 (0.1042)  IoU (F channel): 0.2981 (0.2902)  L1 (Dc channel): 0.0029 (0.0028)  L1 (Dn channel): 0.0025 (0.0027)  IoU (P channel): 0.2173 (0.2112)  lr: 0.000965  iter-time: 1.1537
[20:10:56.765035] Epoch: [16]  [290/358]  eta: 0:01:21  loss: 0.0617 (0.1030)  IoU (F channel): 0.2648 (0.2905)  L1 (Dc channel): 0.0023 (0.0028)  L1 (Dn channel): 0.0023 (0.0027)  IoU (P channel): 0.1944 (0.2112)  lr: 0.000966  iter-time: 1.1580
[20:11:08.444449] Epoch: [16]  [300/358]  eta: 0:01:09  loss: 0.0669 (0.1022)  IoU (F channel): 0.2721 (0.2906)  L1 (Dc channel): 0.0022 (0.0028)  L1 (Dn channel): 0.0019 (0.0027)  IoU (P channel): 0.2248 (0.2118)  lr: 0.000966  iter-time: 1.1623
[20:11:20.271577] Epoch: [16]  [310/358]  eta: 0:00:57  loss: 0.0624 (0.1013)  IoU (F channel): 0.2714 (0.2901)  L1 (Dc channel): 0.0022 (0.0028)  L1 (Dn channel): 0.0019 (0.0027)  IoU (P channel): 0.2042 (0.2114)  lr: 0.000967  iter-time: 1.1752
[20:11:32.116276] Epoch: [16]  [320/358]  eta: 0:00:45  loss: 0.0676 (0.1010)  IoU (F channel): 0.2766 (0.2922)  L1 (Dc channel): 0.0024 (0.0028)  L1 (Dn channel): 0.0020 (0.0027)  IoU (P channel): 0.2169 (0.2130)  lr: 0.000968  iter-time: 1.1834
[20:11:44.070564] Epoch: [16]  [330/358]  eta: 0:00:33  loss: 0.0838 (0.1011)  IoU (F channel): 0.3049 (0.2930)  L1 (Dc channel): 0.0033 (0.0028)  L1 (Dn channel): 0.0029 (0.0027)  IoU (P channel): 0.2509 (0.2136)  lr: 0.000969  iter-time: 1.1898
[20:11:55.637970] Epoch: [16]  [340/358]  eta: 0:00:21  loss: 0.0862 (0.1007)  IoU (F channel): 0.3082 (0.2947)  L1 (Dc channel): 0.0039 (0.0028)  L1 (Dn channel): 0.0032 (0.0027)  IoU (P channel): 0.2565 (0.2146)  lr: 0.000970  iter-time: 1.1759
[20:12:06.917611] Epoch: [16]  [350/358]  eta: 0:00:09  loss: 0.0862 (0.1009)  IoU (F channel): 0.3082 (0.2948)  L1 (Dc channel): 0.0038 (0.0029)  L1 (Dn channel): 0.0032 (0.0027)  IoU (P channel): 0.2514 (0.2150)  lr: 0.000971  iter-time: 1.1422
[20:12:13.922001] Epoch: [16]  [357/358]  eta: 0:00:01  loss: 0.0830 (0.1004)  IoU (F channel): 0.3284 (0.2948)  L1 (Dc channel): 0.0034 (0.0029)  L1 (Dn channel): 0.0029 (0.0027)  IoU (P channel): 0.2440 (0.2152)  lr: 0.000971  iter-time: 1.0842
[20:12:13.922189] Epoch: [16] Total time: 0:07:04 (1.1855 s / it)
[20:12:13.922219] [Train] averaged stats: loss: 0.0830 (0.1004)  IoU (F channel): 0.3284 (0.2948)  L1 (Dc channel): 0.0034 (0.0029)  L1 (Dn channel): 0.0029 (0.0027)  IoU (P channel): 0.2440 (0.2152)  lr: 0.000971
[20:12:19.322712] Epoch: [16]  [ 0/23]  eta: 0:02:04  loss: 0.0777 (0.0777)  IoU (F channel): 0.0000 (0.0000)  L1 (Dc channel): 0.0024 (0.0024)  L1 (Dn channel): 0.0023 (0.0023)  IoU (P channel): 0.0000 (0.0000)  iter-time: 5.3990
[20:12:27.006695] Epoch: [16]  [10/23]  eta: 0:00:15  loss: 0.0949 (0.1770)  IoU (F channel): 0.2551 (0.2064)  L1 (Dc channel): 0.0027 (0.0029)  L1 (Dn channel): 0.0026 (0.0030)  IoU (P channel): 0.2028 (0.1711)  iter-time: 1.1893
[20:12:31.633685] Epoch: [16]  [20/23]  eta: 0:00:02  loss: 0.0991 (0.1632)  IoU (F channel): 0.2551 (0.2246)  L1 (Dc channel): 0.0028 (0.0029)  L1 (Dn channel): 0.0028 (0.0030)  IoU (P channel): 0.2051 (0.1789)  iter-time: 0.6155
[20:12:32.054536] Epoch: [16]  [22/23]  eta: 0:00:00  loss: 0.0991 (0.1559)  IoU (F channel): 0.2550 (0.2185)  L1 (Dc channel): 0.0028 (0.0029)  L1 (Dn channel): 0.0028 (0.0030)  IoU (P channel): 0.2028 (0.1762)  iter-time: 0.4816
[20:12:32.054615] Epoch: [16] Total time: 0:00:18 (0.7883 s / it)
[20:12:32.054638] [Val] averaged stats: loss: 0.0991 (0.1559)  IoU (F channel): 0.2550 (0.2185)  L1 (Dc channel): 0.0028 (0.0029)  L1 (Dn channel): 0.0028 (0.0030)  IoU (P channel): 0.2028 (0.1762)
[20:12:32.054853] Val loss improved from 0.17771184185276862 to 0.15586713539517444, saving model to metrics/biapy/biapy-channel-scale-zarr-unetr/checkpoints/biapy-channel-scale-zarr-unetr_0-checkpoint-best.pth
[20:12:33.392233] [Val] best loss: 0.1559 best  IoU (F channel): 0.2185 L1 (Dc channel): 0.0029 L1 (Dn channel): 0.0030 IoU (P channel): 0.1762 
[20:12:33.401347] [Time] 7.4m 2.1h/7.7h

[20:12:33.401369] ~~~ Epoch 17/60 ~~~

[20:12:41.460347] Epoch: [17]  [  0/358]  eta: 0:48:04  loss: 0.1297 (0.1297)  IoU (F channel): 0.2935 (0.2935)  L1 (Dc channel): 0.0031 (0.0031)  L1 (Dn channel): 0.0034 (0.0034)  IoU (P channel): 0.2532 (0.2532)  lr: 0.000971  iter-time: 8.0569
[20:12:53.282228] Epoch: [17]  [ 10/358]  eta: 0:10:28  loss: 0.1132 (0.1064)  IoU (F channel): 0.2868 (0.2768)  L1 (Dc channel): 0.0031 (0.0031)  L1 (Dn channel): 0.0028 (0.0030)  IoU (P channel): 0.2361 (0.2346)  lr: 0.000972  iter-time: 1.8070
[20:13:04.860961] Epoch: [17]  [ 20/358]  eta: 0:08:26  loss: 0.0913 (0.0975)  IoU (F channel): 0.2868 (0.2983)  L1 (Dc channel): 0.0027 (0.0028)  L1 (Dn channel): 0.0026 (0.0027)  IoU (P channel): 0.2279 (0.2383)  lr: 0.000973  iter-time: 1.1699
[20:13:16.607327] Epoch: [17]  [ 30/358]  eta: 0:07:37  loss: 0.0744 (0.0988)  IoU (F channel): 0.2820 (0.3031)  L1 (Dc channel): 0.0026 (0.0028)  L1 (Dn channel): 0.0025 (0.0026)  IoU (P channel): 0.2106 (0.2283)  lr: 0.000974  iter-time: 1.1661
[20:13:28.342420] Epoch: [17]  [ 40/358]  eta: 0:07:06  loss: 0.0721 (0.0932)  IoU (F channel): 0.2820 (0.2989)  L1 (Dc channel): 0.0024 (0.0027)  L1 (Dn channel): 0.0023 (0.0025)  IoU (P channel): 0.1909 (0.2232)  lr: 0.000974  iter-time: 1.1739
[20:13:39.934748] Epoch: [17]  [ 50/358]  eta: 0:06:41  loss: 0.0703 (0.0898)  IoU (F channel): 0.2885 (0.2989)  L1 (Dc channel): 0.0024 (0.0026)  L1 (Dn channel): 0.0023 (0.0025)  IoU (P channel): 0.1909 (0.2233)  lr: 0.000975  iter-time: 1.1662
[20:13:51.590555] Epoch: [17]  [ 60/358]  eta: 0:06:21  loss: 0.0868 (0.0917)  IoU (F channel): 0.2894 (0.2972)  L1 (Dc channel): 0.0024 (0.0026)  L1 (Dn channel): 0.0025 (0.0025)  IoU (P channel): 0.2191 (0.2229)  lr: 0.000976  iter-time: 1.1622
[20:14:03.186982] Epoch: [17]  [ 70/358]  eta: 0:06:04  loss: 0.0891 (0.0927)  IoU (F channel): 0.2980 (0.3020)  L1 (Dc channel): 0.0029 (0.0027)  L1 (Dn channel): 0.0029 (0.0026)  IoU (P channel): 0.2357 (0.2255)  lr: 0.000977  iter-time: 1.1624
[20:14:14.934549] Epoch: [17]  [ 80/358]  eta: 0:05:48  loss: 0.1014 (0.0930)  IoU (F channel): 0.3121 (0.3029)  L1 (Dc channel): 0.0030 (0.0027)  L1 (Dn channel): 0.0031 (0.0027)  IoU (P channel): 0.1967 (0.2230)  lr: 0.000977  iter-time: 1.1670
[20:14:26.692898] Epoch: [17]  [ 90/358]  eta: 0:05:33  loss: 0.0862 (0.0925)  IoU (F channel): 0.3121 (0.3067)  L1 (Dc channel): 0.0029 (0.0028)  L1 (Dn channel): 0.0026 (0.0027)  IoU (P channel): 0.2169 (0.2279)  lr: 0.000978  iter-time: 1.1752
[20:14:38.270332] Epoch: [17]  [100/358]  eta: 0:05:18  loss: 0.0862 (0.0929)  IoU (F channel): 0.3026 (0.3051)  L1 (Dc channel): 0.0034 (0.0029)  L1 (Dn channel): 0.0026 (0.0027)  IoU (P channel): 0.2300 (0.2274)  lr: 0.000979  iter-time: 1.1666
[20:14:50.144925] Epoch: [17]  [110/358]  eta: 0:05:05  loss: 0.0968 (0.0945)  IoU (F channel): 0.2455 (0.3005)  L1 (Dc channel): 0.0031 (0.0029)  L1 (Dn channel): 0.0026 (0.0027)  IoU (P channel): 0.1907 (0.2231)  lr: 0.000979  iter-time: 1.1724
[20:15:01.789225] Epoch: [17]  [120/358]  eta: 0:04:51  loss: 0.1040 (0.0948)  IoU (F channel): 0.2455 (0.3003)  L1 (Dc channel): 0.0024 (0.0028)  L1 (Dn channel): 0.0023 (0.0026)  IoU (P channel): 0.1735 (0.2204)  lr: 0.000980  iter-time: 1.1757
[20:15:13.528481] Epoch: [17]  [130/358]  eta: 0:04:38  loss: 0.0966 (0.0959)  IoU (F channel): 0.3056 (0.3017)  L1 (Dc channel): 0.0022 (0.0028)  L1 (Dn channel): 0.0020 (0.0026)  IoU (P channel): 0.1999 (0.2211)  lr: 0.000981  iter-time: 1.1690
[20:15:25.371195] Epoch: [17]  [140/358]  eta: 0:04:25  loss: 0.1027 (0.0974)  IoU (F channel): 0.3056 (0.3045)  L1 (Dc channel): 0.0022 (0.0028)  L1 (Dn channel): 0.0021 (0.0026)  IoU (P channel): 0.2308 (0.2229)  lr: 0.000981  iter-time: 1.1789
[20:15:37.021672] Epoch: [17]  [150/358]  eta: 0:04:12  loss: 0.0978 (0.0970)  IoU (F channel): 0.2853 (0.2982)  L1 (Dc channel): 0.0024 (0.0027)  L1 (Dn channel): 0.0019 (0.0026)  IoU (P channel): 0.2075 (0.2198)  lr: 0.000982  iter-time: 1.1745
[20:15:48.716955] Epoch: [17]  [160/358]  eta: 0:04:00  loss: 0.0915 (0.0982)  IoU (F channel): 0.2229 (0.2979)  L1 (Dc channel): 0.0025 (0.0027)  L1 (Dn channel): 0.0023 (0.0026)  IoU (P channel): 0.1925 (0.2197)  lr: 0.000983  iter-time: 1.1671
[20:16:00.598634] Epoch: [17]  [170/358]  eta: 0:03:47  loss: 0.1015 (0.0989)  IoU (F channel): 0.2924 (0.2999)  L1 (Dc channel): 0.0026 (0.0027)  L1 (Dn channel): 0.0027 (0.0026)  IoU (P channel): 0.2181 (0.2211)  lr: 0.000983  iter-time: 1.1787
[20:16:12.348758] Epoch: [17]  [180/358]  eta: 0:03:35  loss: 0.0905 (0.0994)  IoU (F channel): 0.2924 (0.2993)  L1 (Dc channel): 0.0024 (0.0027)  L1 (Dn channel): 0.0026 (0.0026)  IoU (P channel): 0.2141 (0.2202)  lr: 0.000984  iter-time: 1.1814
[20:16:24.066266] Epoch: [17]  [190/358]  eta: 0:03:22  loss: 0.0927 (0.1003)  IoU (F channel): 0.2540 (0.2955)  L1 (Dc channel): 0.0026 (0.0027)  L1 (Dn channel): 0.0026 (0.0026)  IoU (P channel): 0.1818 (0.2173)  lr: 0.000984  iter-time: 1.1732
[20:16:35.880910] Epoch: [17]  [200/358]  eta: 0:03:10  loss: 0.0968 (0.1022)  IoU (F channel): 0.2731 (0.2944)  L1 (Dc channel): 0.0028 (0.0027)  L1 (Dn channel): 0.0024 (0.0026)  IoU (P channel): 0.2014 (0.2166)  lr: 0.000985  iter-time: 1.1764
[20:16:47.514873] Epoch: [17]  [210/358]  eta: 0:02:58  loss: 0.1080 (0.1042)  IoU (F channel): 0.1831 (0.2887)  L1 (Dc channel): 0.0027 (0.0027)  L1 (Dn channel): 0.0022 (0.0026)  IoU (P channel): 0.1413 (0.2119)  lr: 0.000986  iter-time: 1.1722
[20:16:59.284422] Epoch: [17]  [220/358]  eta: 0:02:46  loss: 0.1189 (0.1052)  IoU (F channel): 0.1927 (0.2867)  L1 (Dc channel): 0.0027 (0.0028)  L1 (Dn channel): 0.0026 (0.0026)  IoU (P channel): 0.1339 (0.2094)  lr: 0.000986  iter-time: 1.1700
[20:17:11.114326] Epoch: [17]  [230/358]  eta: 0:02:33  loss: 0.1274 (0.1066)  IoU (F channel): 0.2507 (0.2858)  L1 (Dc channel): 0.0030 (0.0028)  L1 (Dn channel): 0.0030 (0.0026)  IoU (P channel): 0.1662 (0.2080)  lr: 0.000987  iter-time: 1.1798
[20:17:22.752520] Epoch: [17]  [240/358]  eta: 0:02:21  loss: 0.1128 (0.1065)  IoU (F channel): 0.2830 (0.2863)  L1 (Dc channel): 0.0025 (0.0028)  L1 (Dn channel): 0.0026 (0.0026)  IoU (P channel): 0.1773 (0.2076)  lr: 0.000987  iter-time: 1.1732
[20:17:34.316161] Epoch: [17]  [250/358]  eta: 0:02:09  loss: 0.0865 (0.1053)  IoU (F channel): 0.2534 (0.2855)  L1 (Dc channel): 0.0026 (0.0028)  L1 (Dn channel): 0.0023 (0.0026)  IoU (P channel): 0.1840 (0.2067)  lr: 0.000988  iter-time: 1.1599
[20:17:45.706937] Epoch: [17]  [260/358]  eta: 0:01:57  loss: 0.0968 (0.1055)  IoU (F channel): 0.2688 (0.2869)  L1 (Dc channel): 0.0027 (0.0028)  L1 (Dn channel): 0.0027 (0.0026)  IoU (P channel): 0.2017 (0.2079)  lr: 0.000988  iter-time: 1.1476
[20:17:57.417617] Epoch: [17]  [270/358]  eta: 0:01:45  loss: 0.1178 (0.1060)  IoU (F channel): 0.2857 (0.2862)  L1 (Dc channel): 0.0025 (0.0028)  L1 (Dn channel): 0.0027 (0.0026)  IoU (P channel): 0.2017 (0.2073)  lr: 0.000989  iter-time: 1.1549
[20:18:09.265628] Epoch: [17]  [280/358]  eta: 0:01:33  loss: 0.1180 (0.1068)  IoU (F channel): 0.2714 (0.2855)  L1 (Dc channel): 0.0027 (0.0028)  L1 (Dn channel): 0.0027 (0.0026)  IoU (P channel): 0.2083 (0.2069)  lr: 0.000989  iter-time: 1.1778
[20:18:21.215075] Epoch: [17]  [290/358]  eta: 0:01:21  loss: 0.0972 (0.1061)  IoU (F channel): 0.2848 (0.2860)  L1 (Dc channel): 0.0025 (0.0028)  L1 (Dn channel): 0.0026 (0.0026)  IoU (P channel): 0.2197 (0.2078)  lr: 0.000990  iter-time: 1.1897
[20:18:33.187316] Epoch: [17]  [300/358]  eta: 0:01:09  loss: 0.0750 (0.1052)  IoU (F channel): 0.2984 (0.2871)  L1 (Dc channel): 0.0022 (0.0028)  L1 (Dn channel): 0.0022 (0.0026)  IoU (P channel): 0.2180 (0.2080)  lr: 0.000990  iter-time: 1.1959
[20:18:45.008116] Epoch: [17]  [310/358]  eta: 0:00:57  loss: 0.0848 (0.1063)  IoU (F channel): 0.2918 (0.2857)  L1 (Dc channel): 0.0024 (0.0028)  L1 (Dn channel): 0.0022 (0.0026)  IoU (P channel): 0.1653 (0.2070)  lr: 0.000991  iter-time: 1.1894
[20:18:56.938917] Epoch: [17]  [320/358]  eta: 0:00:45  loss: 0.1219 (0.1065)  IoU (F channel): 0.2740 (0.2853)  L1 (Dc channel): 0.0026 (0.0027)  L1 (Dn channel): 0.0022 (0.0026)  IoU (P channel): 0.1772 (0.2067)  lr: 0.000991  iter-time: 1.1874
[20:19:08.630837] Epoch: [17]  [330/358]  eta: 0:00:33  loss: 0.0882 (0.1063)  IoU (F channel): 0.2740 (0.2846)  L1 (Dc channel): 0.0020 (0.0027)  L1 (Dn channel): 0.0021 (0.0026)  IoU (P channel): 0.1772 (0.2060)  lr: 0.000992  iter-time: 1.1809
[20:19:20.449519] Epoch: [17]  [340/358]  eta: 0:00:21  loss: 0.0882 (0.1059)  IoU (F channel): 0.2627 (0.2846)  L1 (Dc channel): 0.0022 (0.0027)  L1 (Dn channel): 0.0021 (0.0026)  IoU (P channel): 0.1992 (0.2062)  lr: 0.000992  iter-time: 1.1753
[20:19:31.774047] Epoch: [17]  [350/358]  eta: 0:00:09  loss: 0.0828 (0.1056)  IoU (F channel): 0.2530 (0.2830)  L1 (Dc channel): 0.0024 (0.0027)  L1 (Dn channel): 0.0024 (0.0026)  IoU (P channel): 0.1883 (0.2054)  lr: 0.000992  iter-time: 1.1570
[20:19:38.776064] Epoch: [17]  [357/358]  eta: 0:00:01  loss: 0.0828 (0.1057)  IoU (F channel): 0.2452 (0.2832)  L1 (Dc channel): 0.0025 (0.0027)  L1 (Dn channel): 0.0025 (0.0026)  IoU (P channel): 0.1743 (0.2054)  lr: 0.000993  iter-time: 1.0987
[20:19:38.776169] Epoch: [17] Total time: 0:07:05 (1.1882 s / it)
[20:19:38.776204] [Train] averaged stats: loss: 0.0828 (0.1057)  IoU (F channel): 0.2452 (0.2832)  L1 (Dc channel): 0.0025 (0.0027)  L1 (Dn channel): 0.0025 (0.0026)  IoU (P channel): 0.1743 (0.2054)  lr: 0.000993
[20:19:44.279989] Epoch: [17]  [ 0/23]  eta: 0:02:06  loss: 0.0692 (0.0692)  IoU (F channel): 0.0000 (0.0000)  L1 (Dc channel): 0.0024 (0.0024)  L1 (Dn channel): 0.0021 (0.0021)  IoU (P channel): 0.0000 (0.0000)  iter-time: 5.5022
[20:19:52.174592] Epoch: [17]  [10/23]  eta: 0:00:15  loss: 0.0958 (0.1930)  IoU (F channel): 0.2810 (0.2495)  L1 (Dc channel): 0.0026 (0.0026)  L1 (Dn channel): 0.0023 (0.0027)  IoU (P channel): 0.2100 (0.1911)  iter-time: 1.2178
[20:19:56.439199] Epoch: [17]  [20/23]  eta: 0:00:02  loss: 0.1227 (0.1842)  IoU (F channel): 0.2810 (0.2646)  L1 (Dc channel): 0.0024 (0.0025)  L1 (Dn channel): 0.0024 (0.0027)  IoU (P channel): 0.2081 (0.1950)  iter-time: 0.6079
[20:19:56.861117] Epoch: [17]  [22/23]  eta: 0:00:00  loss: 0.1227 (0.1762)  IoU (F channel): 0.2672 (0.2571)  L1 (Dc channel): 0.0023 (0.0025)  L1 (Dn channel): 0.0024 (0.0027)  IoU (P channel): 0.2064 (0.1915)  iter-time: 0.4717
[20:19:56.861210] Epoch: [17] Total time: 0:00:18 (0.7863 s / it)
[20:19:56.861237] [Val] averaged stats: loss: 0.1227 (0.1762)  IoU (F channel): 0.2672 (0.2571)  L1 (Dc channel): 0.0023 (0.0025)  L1 (Dn channel): 0.0024 (0.0027)  IoU (P channel): 0.2064 (0.1915)
[20:19:56.861410] [Val] best loss: 0.1559 best  IoU (F channel): 0.2185 L1 (Dc channel): 0.0029 L1 (Dn channel): 0.0030 IoU (P channel): 0.1762 
EarlyStopping counter: 1 out of 10
[20:19:56.874331] [Time] 7.4m 2.2h/7.7h

[20:19:56.874349] ~~~ Epoch 18/60 ~~~

[20:20:07.029351] Epoch: [18]  [  0/358]  eta: 1:00:34  loss: 0.1319 (0.1319)  IoU (F channel): 0.3767 (0.3767)  L1 (Dc channel): 0.0028 (0.0028)  L1 (Dn channel): 0.0025 (0.0025)  IoU (P channel): 0.2316 (0.2316)  lr: 0.000993  iter-time: 10.1519
[20:20:18.862886] Epoch: [18]  [ 10/358]  eta: 0:11:35  loss: 0.0969 (0.0975)  IoU (F channel): 0.2903 (0.2894)  L1 (Dc channel): 0.0024 (0.0023)  L1 (Dn channel): 0.0025 (0.0023)  IoU (P channel): 0.1853 (0.1820)  lr: 0.000993  iter-time: 1.9985
[20:20:30.566299] Epoch: [18]  [ 20/358]  eta: 0:09:02  loss: 0.0881 (0.1003)  IoU (F channel): 0.2903 (0.2805)  L1 (Dc channel): 0.0022 (0.0022)  L1 (Dn channel): 0.0020 (0.0022)  IoU (P channel): 0.1853 (0.1862)  lr: 0.000994  iter-time: 1.1767
[20:20:42.309852] Epoch: [18]  [ 30/358]  eta: 0:08:00  loss: 0.0865 (0.1025)  IoU (F channel): 0.2490 (0.2653)  L1 (Dc channel): 0.0020 (0.0022)  L1 (Dn channel): 0.0018 (0.0021)  IoU (P channel): 0.1898 (0.1818)  lr: 0.000994  iter-time: 1.1722
[20:20:53.949747] Epoch: [18]  [ 40/358]  eta: 0:07:22  loss: 0.1120 (0.1062)  IoU (F channel): 0.2655 (0.2775)  L1 (Dc channel): 0.0021 (0.0022)  L1 (Dn channel): 0.0021 (0.0021)  IoU (P channel): 0.2126 (0.1938)  lr: 0.000994  iter-time: 1.1690
[20:21:05.718427] Epoch: [18]  [ 50/358]  eta: 0:06:55  loss: 0.0795 (0.0994)  IoU (F channel): 0.3181 (0.2865)  L1 (Dc channel): 0.0022 (0.0022)  L1 (Dn channel): 0.0020 (0.0021)  IoU (P channel): 0.2376 (0.1974)  lr: 0.000995  iter-time: 1.1703
[20:21:17.284798] Epoch: [18]  [ 60/358]  eta: 0:06:32  loss: 0.0679 (0.0970)  IoU (F channel): 0.2744 (0.2811)  L1 (Dc channel): 0.0022 (0.0023)  L1 (Dn channel): 0.0021 (0.0021)  IoU (P channel): 0.1827 (0.1957)  lr: 0.000995  iter-time: 1.1666
[20:21:29.166572] Epoch: [18]  [ 70/358]  eta: 0:06:14  loss: 0.0772 (0.0942)  IoU (F channel): 0.2744 (0.2919)  L1 (Dc channel): 0.0030 (0.0024)  L1 (Dn channel): 0.0026 (0.0023)  IoU (P channel): 0.2179 (0.2033)  lr: 0.000995  iter-time: 1.1722
[20:21:40.773042] Epoch: [18]  [ 80/358]  eta: 0:05:56  loss: 0.0681 (0.0920)  IoU (F channel): 0.2690 (0.2829)  L1 (Dc channel): 0.0029 (0.0024)  L1 (Dn channel): 0.0025 (0.0023)  IoU (P channel): 0.2179 (0.1998)  lr: 0.000996  iter-time: 1.1742
[20:21:52.480761] Epoch: [18]  [ 90/358]  eta: 0:05:40  loss: 0.1002 (0.1006)  IoU (F channel): 0.2023 (0.2806)  L1 (Dc channel): 0.0029 (0.0025)  L1 (Dn channel): 0.0026 (0.0024)  IoU (P channel): 0.1802 (0.2000)  lr: 0.000996  iter-time: 1.1655
[20:22:04.033542] Epoch: [18]  [100/358]  eta: 0:05:24  loss: 0.1336 (0.1051)  IoU (F channel): 0.2237 (0.2728)  L1 (Dc channel): 0.0029 (0.0026)  L1 (Dn channel): 0.0027 (0.0024)  IoU (P channel): 0.1637 (0.1952)  lr: 0.000996  iter-time: 1.1628
[20:22:15.569840] Epoch: [18]  [110/358]  eta: 0:05:09  loss: 0.0981 (0.1043)  IoU (F channel): 0.2315 (0.2735)  L1 (Dc channel): 0.0024 (0.0025)  L1 (Dn channel): 0.0024 (0.0024)  IoU (P channel): 0.1670 (0.1956)  lr: 0.000997  iter-time: 1.1543
[20:22:26.944360] Epoch: [18]  [120/358]  eta: 0:04:55  loss: 0.0948 (0.1046)  IoU (F channel): 0.2446 (0.2700)  L1 (Dc channel): 0.0029 (0.0026)  L1 (Dn channel): 0.0029 (0.0025)  IoU (P channel): 0.1856 (0.1942)  lr: 0.000997  iter-time: 1.1454
[20:22:38.738231] Epoch: [18]  [130/358]  eta: 0:04:41  loss: 0.0954 (0.1043)  IoU (F channel): 0.2893 (0.2747)  L1 (Dc channel): 0.0033 (0.0027)  L1 (Dn channel): 0.0035 (0.0026)  IoU (P channel): 0.2151 (0.1979)  lr: 0.000997  iter-time: 1.1582
[20:22:50.505961] Epoch: [18]  [140/358]  eta: 0:04:28  loss: 0.0919 (0.1044)  IoU (F channel): 0.3269 (0.2785)  L1 (Dc channel): 0.0026 (0.0027)  L1 (Dn channel): 0.0027 (0.0026)  IoU (P channel): 0.2223 (0.2006)  lr: 0.000997  iter-time: 1.1779
[20:23:02.377714] Epoch: [18]  [150/358]  eta: 0:04:15  loss: 0.0801 (0.1028)  IoU (F channel): 0.3056 (0.2767)  L1 (Dc channel): 0.0022 (0.0026)  L1 (Dn channel): 0.0020 (0.0025)  IoU (P channel): 0.2086 (0.1989)  lr: 0.000998  iter-time: 1.1818
[20:23:14.146205] Epoch: [18]  [160/358]  eta: 0:04:02  loss: 0.0740 (0.1023)  IoU (F channel): 0.2754 (0.2789)  L1 (Dc channel): 0.0022 (0.0026)  L1 (Dn channel): 0.0020 (0.0025)  IoU (P channel): 0.2044 (0.2013)  lr: 0.000998  iter-time: 1.1818
[20:23:25.760087] Epoch: [18]  [170/358]  eta: 0:03:49  loss: 0.0841 (0.1021)  IoU (F channel): 0.2752 (0.2795)  L1 (Dc channel): 0.0028 (0.0027)  L1 (Dn channel): 0.0027 (0.0025)  IoU (P channel): 0.2142 (0.2017)  lr: 0.000998  iter-time: 1.1689
[20:23:37.507726] Epoch: [18]  [180/358]  eta: 0:03:36  loss: 0.1029 (0.1022)  IoU (F channel): 0.2752 (0.2802)  L1 (Dc channel): 0.0023 (0.0027)  L1 (Dn channel): 0.0028 (0.0025)  IoU (P channel): 0.2142 (0.2022)  lr: 0.000998  iter-time: 1.1679
[20:23:49.188488] Epoch: [18]  [190/358]  eta: 0:03:24  loss: 0.0920 (0.1018)  IoU (F channel): 0.3018 (0.2799)  L1 (Dc channel): 0.0023 (0.0027)  L1 (Dn channel): 0.0024 (0.0025)  IoU (P channel): 0.2095 (0.2023)  lr: 0.000998  iter-time: 1.1713
[20:24:00.808309] Epoch: [18]  [200/358]  eta: 0:03:11  loss: 0.0714 (0.1009)  IoU (F channel): 0.3085 (0.2808)  L1 (Dc channel): 0.0020 (0.0026)  L1 (Dn channel): 0.0021 (0.0025)  IoU (P channel): 0.2458 (0.2035)  lr: 0.000999  iter-time: 1.1649
[20:24:12.356016] Epoch: [18]  [210/358]  eta: 0:02:59  loss: 0.0913 (0.1018)  IoU (F channel): 0.2761 (0.2798)  L1 (Dc channel): 0.0022 (0.0026)  L1 (Dn channel): 0.0024 (0.0025)  IoU (P channel): 0.2305 (0.2031)  lr: 0.000999  iter-time: 1.1582
[20:24:24.053822] Epoch: [18]  [220/358]  eta: 0:02:46  loss: 0.0969 (0.1018)  IoU (F channel): 0.2735 (0.2799)  L1 (Dc channel): 0.0027 (0.0027)  L1 (Dn channel): 0.0027 (0.0025)  IoU (P channel): 0.2161 (0.2030)  lr: 0.000999  iter-time: 1.1621
[20:24:35.859212] Epoch: [18]  [230/358]  eta: 0:02:34  loss: 0.1090 (0.1018)  IoU (F channel): 0.3242 (0.2828)  L1 (Dc channel): 0.0027 (0.0027)  L1 (Dn channel): 0.0027 (0.0026)  IoU (P channel): 0.2235 (0.2050)  lr: 0.000999  iter-time: 1.1750
[20:24:47.444213] Epoch: [18]  [240/358]  eta: 0:02:22  loss: 0.0961 (0.1014)  IoU (F channel): 0.3067 (0.2832)  L1 (Dc channel): 0.0028 (0.0027)  L1 (Dn channel): 0.0029 (0.0026)  IoU (P channel): 0.2208 (0.2059)  lr: 0.000999  iter-time: 1.1693
[20:24:59.092363] Epoch: [18]  [250/358]  eta: 0:02:10  loss: 0.0881 (0.1007)  IoU (F channel): 0.2966 (0.2831)  L1 (Dc channel): 0.0028 (0.0027)  L1 (Dn channel): 0.0031 (0.0026)  IoU (P channel): 0.2244 (0.2060)  lr: 0.000999  iter-time: 1.1615
[20:25:10.653318] Epoch: [18]  [260/358]  eta: 0:01:57  loss: 0.0881 (0.1015)  IoU (F channel): 0.2966 (0.2839)  L1 (Dc channel): 0.0024 (0.0027)  L1 (Dn channel): 0.0024 (0.0026)  IoU (P channel): 0.2221 (0.2068)  lr: 0.000999  iter-time: 1.1603
[20:25:22.428422] Epoch: [18]  [270/358]  eta: 0:01:45  loss: 0.0880 (0.1010)  IoU (F channel): 0.2532 (0.2852)  L1 (Dc channel): 0.0021 (0.0026)  L1 (Dn channel): 0.0020 (0.0026)  IoU (P channel): 0.2220 (0.2076)  lr: 0.001000  iter-time: 1.1666
[20:25:34.941637] Epoch: [18]  [280/358]  eta: 0:01:33  loss: 0.0758 (0.1000)  IoU (F channel): 0.3386 (0.2869)  L1 (Dc channel): 0.0020 (0.0026)  L1 (Dn channel): 0.0019 (0.0025)  IoU (P channel): 0.2618 (0.2093)  lr: 0.001000  iter-time: 1.2142
[20:25:46.499171] Epoch: [18]  [290/358]  eta: 0:01:21  loss: 0.0725 (0.1001)  IoU (F channel): 0.3144 (0.2878)  L1 (Dc channel): 0.0021 (0.0026)  L1 (Dn channel): 0.0022 (0.0026)  IoU (P channel): 0.2618 (0.2099)  lr: 0.001000  iter-time: 1.2033
[20:25:58.359688] Epoch: [18]  [300/358]  eta: 0:01:09  loss: 0.0793 (0.0997)  IoU (F channel): 0.2770 (0.2860)  L1 (Dc channel): 0.0023 (0.0026)  L1 (Dn channel): 0.0021 (0.0025)  IoU (P channel): 0.2060 (0.2085)  lr: 0.001000  iter-time: 1.1707
[20:26:10.068830] Epoch: [18]  [310/358]  eta: 0:00:57  loss: 0.0881 (0.1002)  IoU (F channel): 0.2604 (0.2860)  L1 (Dc channel): 0.0023 (0.0026)  L1 (Dn channel): 0.0021 (0.0025)  IoU (P channel): 0.1949 (0.2089)  lr: 0.001000  iter-time: 1.1783
[20:26:21.625453] Epoch: [18]  [320/358]  eta: 0:00:45  loss: 0.0881 (0.0996)  IoU (F channel): 0.2746 (0.2862)  L1 (Dc channel): 0.0020 (0.0026)  L1 (Dn channel): 0.0019 (0.0025)  IoU (P channel): 0.2032 (0.2094)  lr: 0.001000  iter-time: 1.1631
[20:26:33.368448] Epoch: [18]  [330/358]  eta: 0:00:33  loss: 0.0799 (0.0997)  IoU (F channel): 0.2814 (0.2865)  L1 (Dc channel): 0.0021 (0.0026)  L1 (Dn channel): 0.0019 (0.0025)  IoU (P channel): 0.2238 (0.2097)  lr: 0.001000  iter-time: 1.1648
[20:26:45.085336] Epoch: [18]  [340/358]  eta: 0:00:21  loss: 0.0943 (0.0999)  IoU (F channel): 0.2585 (0.2862)  L1 (Dc channel): 0.0028 (0.0026)  L1 (Dn channel): 0.0027 (0.0025)  IoU (P channel): 0.2136 (0.2099)  lr: 0.001000  iter-time: 1.1728
[20:26:56.371998] Epoch: [18]  [350/358]  eta: 0:00:09  loss: 0.0839 (0.0998)  IoU (F channel): 0.2551 (0.2866)  L1 (Dc channel): 0.0030 (0.0026)  L1 (Dn channel): 0.0028 (0.0025)  IoU (P channel): 0.2173 (0.2098)  lr: 0.001000  iter-time: 1.1500
[20:27:03.378694] Epoch: [18]  [357/358]  eta: 0:00:01  loss: 0.0869 (0.0996)  IoU (F channel): 0.2810 (0.2874)  L1 (Dc channel): 0.0031 (0.0026)  L1 (Dn channel): 0.0028 (0.0025)  IoU (P channel): 0.2071 (0.2102)  lr: 0.001000  iter-time: 1.0839
[20:27:03.384090] Epoch: [18] Total time: 0:07:06 (1.1914 s / it)
[20:27:03.384145] [Train] averaged stats: loss: 0.0869 (0.0996)  IoU (F channel): 0.2810 (0.2874)  L1 (Dc channel): 0.0031 (0.0026)  L1 (Dn channel): 0.0028 (0.0025)  IoU (P channel): 0.2071 (0.2102)  lr: 0.001000
[20:27:09.342396] Epoch: [18]  [ 0/23]  eta: 0:02:17  loss: 0.0712 (0.0712)  IoU (F channel): 0.0000 (0.0000)  L1 (Dc channel): 0.0026 (0.0026)  L1 (Dn channel): 0.0031 (0.0031)  IoU (P channel): 0.0000 (0.0000)  iter-time: 5.9568
[20:27:16.310609] Epoch: [18]  [10/23]  eta: 0:00:15  loss: 0.0997 (0.1608)  IoU (F channel): 0.2901 (0.2356)  L1 (Dc channel): 0.0026 (0.0028)  L1 (Dn channel): 0.0032 (0.0037)  IoU (P channel): 0.2177 (0.1859)  iter-time: 1.1750
[20:27:21.514536] Epoch: [18]  [20/23]  eta: 0:00:02  loss: 0.1129 (0.1569)  IoU (F channel): 0.2902 (0.2634)  L1 (Dc channel): 0.0026 (0.0028)  L1 (Dn channel): 0.0035 (0.0036)  IoU (P channel): 0.2156 (0.2017)  iter-time: 0.6086
[20:27:21.936241] Epoch: [18]  [22/23]  eta: 0:00:00  loss: 0.1129 (0.1498)  IoU (F channel): 0.2902 (0.2543)  L1 (Dc channel): 0.0027 (0.0028)  L1 (Dn channel): 0.0036 (0.0037)  IoU (P channel): 0.2153 (0.1971)  iter-time: 0.5199
[20:27:21.936332] Epoch: [18] Total time: 0:00:18 (0.8066 s / it)
[20:27:21.936357] [Val] averaged stats: loss: 0.1129 (0.1498)  IoU (F channel): 0.2902 (0.2543)  L1 (Dc channel): 0.0027 (0.0028)  L1 (Dn channel): 0.0036 (0.0037)  IoU (P channel): 0.2153 (0.1971)
[20:27:21.936570] Val loss improved from 0.15586713539517444 to 0.14980777660789696, saving model to metrics/biapy/biapy-channel-scale-zarr-unetr/checkpoints/biapy-channel-scale-zarr-unetr_0-checkpoint-best.pth
[20:27:23.294534] [Val] best loss: 0.1498 best  IoU (F channel): 0.2543 L1 (Dc channel): 0.0028 L1 (Dn channel): 0.0037 IoU (P channel): 0.1971 
[20:27:23.303547] [Time] 7.4m 2.4h/7.7h

[20:27:23.303580] ~~~ Epoch 19/60 ~~~

[20:27:32.006611] Epoch: [19]  [  0/358]  eta: 0:51:54  loss: 0.0716 (0.0716)  IoU (F channel): 0.3065 (0.3065)  L1 (Dc channel): 0.0029 (0.0029)  L1 (Dn channel): 0.0036 (0.0036)  IoU (P channel): 0.2204 (0.2204)  lr: 0.001000  iter-time: 8.7001
[20:27:43.676946] Epoch: [19]  [ 10/358]  eta: 0:10:44  loss: 0.1141 (0.1141)  IoU (F channel): 0.3065 (0.3217)  L1 (Dc channel): 0.0028 (0.0030)  L1 (Dn channel): 0.0024 (0.0028)  IoU (P channel): 0.2204 (0.2362)  lr: 0.001000  iter-time: 1.8516
[20:27:55.507113] Epoch: [19]  [ 20/358]  eta: 0:08:38  loss: 0.1066 (0.1159)  IoU (F channel): 0.2775 (0.2808)  L1 (Dc channel): 0.0022 (0.0026)  L1 (Dn channel): 0.0020 (0.0024)  IoU (P channel): 0.2122 (0.2138)  lr: 0.001000  iter-time: 1.1748
[20:28:06.854354] Epoch: [19]  [ 30/358]  eta: 0:07:40  loss: 0.0919 (0.1143)  IoU (F channel): 0.2881 (0.2922)  L1 (Dc channel): 0.0021 (0.0025)  L1 (Dn channel): 0.0019 (0.0023)  IoU (P channel): 0.2517 (0.2217)  lr: 0.001000  iter-time: 1.1587
[20:28:18.482926] Epoch: [19]  [ 40/358]  eta: 0:07:07  loss: 0.1011 (0.1151)  IoU (F channel): 0.3355 (0.3001)  L1 (Dc channel): 0.0025 (0.0026)  L1 (Dn channel): 0.0025 (0.0025)  IoU (P channel): 0.2467 (0.2238)  lr: 0.001000  iter-time: 1.1486
[20:28:30.155476] Epoch: [19]  [ 50/358]  eta: 0:06:43  loss: 0.0979 (0.1110)  IoU (F channel): 0.2526 (0.2904)  L1 (Dc channel): 0.0032 (0.0028)  L1 (Dn channel): 0.0031 (0.0026)  IoU (P channel): 0.1969 (0.2159)  lr: 0.001000  iter-time: 1.1649
[20:28:42.241682] Epoch: [19]  [ 60/358]  eta: 0:06:25  loss: 0.0838 (0.1097)  IoU (F channel): 0.2385 (0.2834)  L1 (Dc channel): 0.0029 (0.0027)  L1 (Dn channel): 0.0027 (0.0026)  IoU (P channel): 0.1637 (0.2086)  lr: 0.001000  iter-time: 1.1877
[20:28:53.792423] Epoch: [19]  [ 70/358]  eta: 0:06:06  loss: 0.0745 (0.1104)  IoU (F channel): 0.2385 (0.2767)  L1 (Dc channel): 0.0020 (0.0026)  L1 (Dn channel): 0.0023 (0.0025)  IoU (P channel): 0.1524 (0.2035)  lr: 0.001000  iter-time: 1.1816
[20:29:05.604407] Epoch: [19]  [ 80/358]  eta: 0:05:51  loss: 0.0870 (0.1104)  IoU (F channel): 0.2726 (0.2848)  L1 (Dc channel): 0.0021 (0.0026)  L1 (Dn channel): 0.0018 (0.0024)  IoU (P channel): 0.1832 (0.2083)  lr: 0.001000  iter-time: 1.1680
[20:29:17.370966] Epoch: [19]  [ 90/358]  eta: 0:05:35  loss: 0.0875 (0.1084)  IoU (F channel): 0.3030 (0.2873)  L1 (Dc channel): 0.0024 (0.0026)  L1 (Dn channel): 0.0019 (0.0024)  IoU (P channel): 0.2375 (0.2095)  lr: 0.001000  iter-time: 1.1787
[20:29:29.068076] Epoch: [19]  [100/358]  eta: 0:05:21  loss: 0.0875 (0.1074)  IoU (F channel): 0.2654 (0.2842)  L1 (Dc channel): 0.0026 (0.0026)  L1 (Dn channel): 0.0020 (0.0024)  IoU (P channel): 0.1853 (0.2062)  lr: 0.001000  iter-time: 1.1730
[20:29:40.837489] Epoch: [19]  [110/358]  eta: 0:05:07  loss: 0.0757 (0.1063)  IoU (F channel): 0.2654 (0.2817)  L1 (Dc channel): 0.0026 (0.0026)  L1 (Dn channel): 0.0024 (0.0024)  IoU (P channel): 0.1777 (0.2045)  lr: 0.001000  iter-time: 1.1731
[20:29:52.490198] Epoch: [19]  [120/358]  eta: 0:04:53  loss: 0.0880 (0.1051)  IoU (F channel): 0.2812 (0.2830)  L1 (Dc channel): 0.0021 (0.0026)  L1 (Dn channel): 0.0022 (0.0024)  IoU (P channel): 0.1962 (0.2059)  lr: 0.001000  iter-time: 1.1709
[20:30:04.229901] Epoch: [19]  [130/358]  eta: 0:04:40  loss: 0.0906 (0.1043)  IoU (F channel): 0.2962 (0.2827)  L1 (Dc channel): 0.0021 (0.0025)  L1 (Dn channel): 0.0022 (0.0024)  IoU (P channel): 0.2209 (0.2064)  lr: 0.001000  iter-time: 1.1694
[20:30:15.667191] Epoch: [19]  [140/358]  eta: 0:04:26  loss: 0.0805 (0.1033)  IoU (F channel): 0.2942 (0.2852)  L1 (Dc channel): 0.0025 (0.0026)  L1 (Dn channel): 0.0023 (0.0024)  IoU (P channel): 0.2209 (0.2078)  lr: 0.001000  iter-time: 1.1586
[20:30:27.633009] Epoch: [19]  [150/358]  eta: 0:04:13  loss: 0.0783 (0.1023)  IoU (F channel): 0.2696 (0.2852)  L1 (Dc channel): 0.0030 (0.0026)  L1 (Dn channel): 0.0026 (0.0024)  IoU (P channel): 0.2214 (0.2090)  lr: 0.001000  iter-time: 1.1700
[20:30:39.422770] Epoch: [19]  [160/358]  eta: 0:04:01  loss: 0.0783 (0.1007)  IoU (F channel): 0.2774 (0.2864)  L1 (Dc channel): 0.0027 (0.0026)  L1 (Dn channel): 0.0026 (0.0024)  IoU (P channel): 0.2178 (0.2095)  lr: 0.001000  iter-time: 1.1876
[20:30:51.083151] Epoch: [19]  [170/358]  eta: 0:03:48  loss: 0.0775 (0.1003)  IoU (F channel): 0.2539 (0.2829)  L1 (Dc channel): 0.0024 (0.0026)  L1 (Dn channel): 0.0023 (0.0024)  IoU (P channel): 0.1907 (0.2074)  lr: 0.001000  iter-time: 1.1689
[20:31:02.957862] Epoch: [19]  [180/358]  eta: 0:03:35  loss: 0.0837 (0.1005)  IoU (F channel): 0.2404 (0.2833)  L1 (Dc channel): 0.0025 (0.0026)  L1 (Dn channel): 0.0024 (0.0024)  IoU (P channel): 0.1769 (0.2084)  lr: 0.001000  iter-time: 1.1731
[20:31:14.568635] Epoch: [19]  [190/358]  eta: 0:03:23  loss: 0.0828 (0.0998)  IoU (F channel): 0.2756 (0.2818)  L1 (Dc channel): 0.0029 (0.0026)  L1 (Dn channel): 0.0024 (0.0024)  IoU (P channel): 0.2134 (0.2075)  lr: 0.001000  iter-time: 1.1741
[20:31:26.451604] Epoch: [19]  [200/358]  eta: 0:03:11  loss: 0.0811 (0.0993)  IoU (F channel): 0.2540 (0.2810)  L1 (Dc channel): 0.0028 (0.0026)  L1 (Dn channel): 0.0024 (0.0024)  IoU (P channel): 0.1925 (0.2073)  lr: 0.001000  iter-time: 1.1745
[20:31:38.225195] Epoch: [19]  [210/358]  eta: 0:02:58  loss: 0.0819 (0.0990)  IoU (F channel): 0.1812 (0.2791)  L1 (Dc channel): 0.0027 (0.0026)  L1 (Dn channel): 0.0027 (0.0024)  IoU (P channel): 0.1269 (0.2058)  lr: 0.001000  iter-time: 1.1826
[20:31:50.016213] Epoch: [19]  [220/358]  eta: 0:02:46  loss: 0.0851 (0.0985)  IoU (F channel): 0.1956 (0.2768)  L1 (Dc channel): 0.0026 (0.0026)  L1 (Dn channel): 0.0024 (0.0024)  IoU (P channel): 0.1508 (0.2045)  lr: 0.000999  iter-time: 1.1780
[20:32:01.691668] Epoch: [19]  [230/358]  eta: 0:02:34  loss: 0.0823 (0.0982)  IoU (F channel): 0.2100 (0.2759)  L1 (Dc channel): 0.0025 (0.0026)  L1 (Dn channel): 0.0023 (0.0024)  IoU (P channel): 0.1739 (0.2044)  lr: 0.000999  iter-time: 1.1732
[20:32:13.141517] Epoch: [19]  [240/358]  eta: 0:02:21  loss: 0.0917 (0.0991)  IoU (F channel): 0.2448 (0.2752)  L1 (Dc channel): 0.0024 (0.0026)  L1 (Dn channel): 0.0023 (0.0024)  IoU (P channel): 0.1747 (0.2040)  lr: 0.000999  iter-time: 1.1561
[20:32:24.728658] Epoch: [19]  [250/358]  eta: 0:02:09  loss: 0.0935 (0.0987)  IoU (F channel): 0.2486 (0.2753)  L1 (Dc channel): 0.0021 (0.0026)  L1 (Dn channel): 0.0020 (0.0024)  IoU (P channel): 0.1878 (0.2045)  lr: 0.000999  iter-time: 1.1516
[20:32:36.249667] Epoch: [19]  [260/358]  eta: 0:01:57  loss: 0.0719 (0.0978)  IoU (F channel): 0.2469 (0.2746)  L1 (Dc channel): 0.0018 (0.0026)  L1 (Dn channel): 0.0018 (0.0024)  IoU (P channel): 0.1878 (0.2035)  lr: 0.000999  iter-time: 1.1552
[20:32:48.040931] Epoch: [19]  [270/358]  eta: 0:01:45  loss: 0.0709 (0.0972)  IoU (F channel): 0.2731 (0.2766)  L1 (Dc channel): 0.0020 (0.0025)  L1 (Dn channel): 0.0019 (0.0024)  IoU (P channel): 0.1962 (0.2043)  lr: 0.000999  iter-time: 1.1654
[20:32:59.592806] Epoch: [19]  [280/358]  eta: 0:01:33  loss: 0.0729 (0.0969)  IoU (F channel): 0.3098 (0.2780)  L1 (Dc channel): 0.0019 (0.0025)  L1 (Dn channel): 0.0017 (0.0024)  IoU (P channel): 0.2211 (0.2052)  lr: 0.000999  iter-time: 1.1670
[20:33:11.310542] Epoch: [19]  [290/358]  eta: 0:01:21  loss: 0.0889 (0.0973)  IoU (F channel): 0.2460 (0.2759)  L1 (Dc channel): 0.0020 (0.0025)  L1 (Dn channel): 0.0018 (0.0024)  IoU (P channel): 0.1874 (0.2042)  lr: 0.000999  iter-time: 1.1633
[20:33:22.929368] Epoch: [19]  [300/358]  eta: 0:01:09  loss: 0.1006 (0.0983)  IoU (F channel): 0.2140 (0.2773)  L1 (Dc channel): 0.0025 (0.0025)  L1 (Dn channel): 0.0024 (0.0024)  IoU (P channel): 0.1727 (0.2045)  lr: 0.000999  iter-time: 1.1667
[20:33:34.614705] Epoch: [19]  [310/358]  eta: 0:00:57  loss: 0.1019 (0.0986)  IoU (F channel): 0.2153 (0.2749)  L1 (Dc channel): 0.0025 (0.0025)  L1 (Dn channel): 0.0022 (0.0024)  IoU (P channel): 0.1296 (0.2025)  lr: 0.000999  iter-time: 1.1651
[20:33:46.274760] Epoch: [19]  [320/358]  eta: 0:00:45  loss: 0.1014 (0.0995)  IoU (F channel): 0.2153 (0.2758)  L1 (Dc channel): 0.0022 (0.0025)  L1 (Dn channel): 0.0022 (0.0024)  IoU (P channel): 0.1426 (0.2029)  lr: 0.000999  iter-time: 1.1671
[20:33:57.869039] Epoch: [19]  [330/358]  eta: 0:00:33  loss: 0.0885 (0.0991)  IoU (F channel): 0.2666 (0.2756)  L1 (Dc channel): 0.0022 (0.0025)  L1 (Dn channel): 0.0022 (0.0024)  IoU (P channel): 0.1568 (0.2027)  lr: 0.000999  iter-time: 1.1626
[20:34:09.571992] Epoch: [19]  [340/358]  eta: 0:00:21  loss: 0.0885 (0.0993)  IoU (F channel): 0.3322 (0.2777)  L1 (Dc channel): 0.0023 (0.0025)  L1 (Dn channel): 0.0021 (0.0024)  IoU (P channel): 0.2217 (0.2042)  lr: 0.000999  iter-time: 1.1647
[20:34:20.853525] Epoch: [19]  [350/358]  eta: 0:00:09  loss: 0.0935 (0.0992)  IoU (F channel): 0.3011 (0.2775)  L1 (Dc channel): 0.0023 (0.0025)  L1 (Dn channel): 0.0020 (0.0023)  IoU (P channel): 0.2217 (0.2042)  lr: 0.000999  iter-time: 1.1491
[20:34:27.865697] Epoch: [19]  [357/358]  eta: 0:00:01  loss: 0.0922 (0.0992)  IoU (F channel): 0.2648 (0.2781)  L1 (Dc channel): 0.0022 (0.0025)  L1 (Dn channel): 0.0019 (0.0023)  IoU (P channel): 0.1957 (0.2045)  lr: 0.000999  iter-time: 1.0919
[20:34:27.865800] Epoch: [19] Total time: 0:07:04 (1.1859 s / it)
[20:34:27.865832] [Train] averaged stats: loss: 0.0922 (0.0992)  IoU (F channel): 0.2648 (0.2781)  L1 (Dc channel): 0.0022 (0.0025)  L1 (Dn channel): 0.0019 (0.0023)  IoU (P channel): 0.1957 (0.2045)  lr: 0.000999
[20:34:35.851388] Epoch: [19]  [ 0/23]  eta: 0:03:03  loss: 0.0686 (0.0686)  IoU (F channel): 0.0000 (0.0000)  L1 (Dc channel): 0.0028 (0.0028)  L1 (Dn channel): 0.0025 (0.0025)  IoU (P channel): 0.0000 (0.0000)  iter-time: 7.9838
[20:34:41.957438] Epoch: [19]  [10/23]  eta: 0:00:16  loss: 0.0851 (0.1725)  IoU (F channel): 0.3032 (0.2423)  L1 (Dc channel): 0.0031 (0.0031)  L1 (Dn channel): 0.0027 (0.0032)  IoU (P channel): 0.2316 (0.1872)  iter-time: 1.2809
[20:34:47.938820] Epoch: [19]  [20/23]  eta: 0:00:02  loss: 0.0979 (0.1644)  IoU (F channel): 0.3032 (0.2567)  L1 (Dc channel): 0.0031 (0.0031)  L1 (Dn channel): 0.0029 (0.0032)  IoU (P channel): 0.2115 (0.1916)  iter-time: 0.6043
[20:34:48.360220] Epoch: [19]  [22/23]  eta: 0:00:00  loss: 0.0979 (0.1570)  IoU (F channel): 0.2696 (0.2493)  L1 (Dc channel): 0.0031 (0.0031)  L1 (Dn channel): 0.0029 (0.0032)  IoU (P channel): 0.2042 (0.1882)  iter-time: 0.5775
[20:34:48.360304] Epoch: [19] Total time: 0:00:20 (0.8910 s / it)
[20:34:48.360332] [Val] averaged stats: loss: 0.0979 (0.1570)  IoU (F channel): 0.2696 (0.2493)  L1 (Dc channel): 0.0031 (0.0031)  L1 (Dn channel): 0.0029 (0.0032)  IoU (P channel): 0.2042 (0.1882)
[20:34:48.360497] [Val] best loss: 0.1498 best  IoU (F channel): 0.2543 L1 (Dc channel): 0.0028 L1 (Dn channel): 0.0037 IoU (P channel): 0.1971 
EarlyStopping counter: 1 out of 10
[20:34:48.369934] [Time] 7.4m 2.5h/7.7h

[20:34:48.369952] ~~~ Epoch 20/60 ~~~

[20:34:58.167050] Epoch: [20]  [  0/358]  eta: 0:58:26  loss: 0.1192 (0.1192)  IoU (F channel): 0.3587 (0.3587)  L1 (Dc channel): 0.0032 (0.0032)  L1 (Dn channel): 0.0035 (0.0035)  IoU (P channel): 0.2615 (0.2615)  lr: 0.000999  iter-time: 9.7950
[20:35:09.989450] Epoch: [20]  [ 10/358]  eta: 0:11:23  loss: 0.1077 (0.0987)  IoU (F channel): 0.3163 (0.3144)  L1 (Dc channel): 0.0027 (0.0029)  L1 (Dn channel): 0.0030 (0.0032)  IoU (P channel): 0.2386 (0.2253)  lr: 0.000999  iter-time: 1.9651
[20:35:21.791615] Epoch: [20]  [ 20/358]  eta: 0:08:57  loss: 0.0937 (0.1033)  IoU (F channel): 0.3116 (0.3078)  L1 (Dc channel): 0.0023 (0.0026)  L1 (Dn channel): 0.0023 (0.0027)  IoU (P channel): 0.2386 (0.2311)  lr: 0.000998  iter-time: 1.1811
[20:35:33.608616] Epoch: [20]  [ 30/358]  eta: 0:07:58  loss: 0.0937 (0.0984)  IoU (F channel): 0.3052 (0.2969)  L1 (Dc channel): 0.0022 (0.0024)  L1 (Dn channel): 0.0022 (0.0025)  IoU (P channel): 0.2339 (0.2218)  lr: 0.000998  iter-time: 1.1808
[20:35:45.263622] Epoch: [20]  [ 40/358]  eta: 0:07:21  loss: 0.0747 (0.0953)  IoU (F channel): 0.2794 (0.2863)  L1 (Dc channel): 0.0021 (0.0024)  L1 (Dn channel): 0.0022 (0.0025)  IoU (P channel): 0.1848 (0.2123)  lr: 0.000998  iter-time: 1.1734
[20:35:57.083673] Epoch: [20]  [ 50/358]  eta: 0:06:54  loss: 0.0747 (0.0942)  IoU (F channel): 0.2783 (0.2856)  L1 (Dc channel): 0.0021 (0.0024)  L1 (Dn channel): 0.0023 (0.0025)  IoU (P channel): 0.1765 (0.2118)  lr: 0.000998  iter-time: 1.1736
[20:36:08.797052] Epoch: [20]  [ 60/358]  eta: 0:06:32  loss: 0.0769 (0.0925)  IoU (F channel): 0.3066 (0.2952)  L1 (Dc channel): 0.0022 (0.0024)  L1 (Dn channel): 0.0023 (0.0025)  IoU (P channel): 0.2517 (0.2187)  lr: 0.000998  iter-time: 1.1765
[20:36:20.440303] Epoch: [20]  [ 70/358]  eta: 0:06:13  loss: 0.0881 (0.0937)  IoU (F channel): 0.3363 (0.2907)  L1 (Dc channel): 0.0025 (0.0025)  L1 (Dn channel): 0.0027 (0.0025)  IoU (P channel): 0.2415 (0.2162)  lr: 0.000998  iter-time: 1.1677
[20:36:32.220357] Epoch: [20]  [ 80/358]  eta: 0:05:56  loss: 0.0817 (0.0934)  IoU (F channel): 0.2986 (0.2934)  L1 (Dc channel): 0.0029 (0.0025)  L1 (Dn channel): 0.0027 (0.0026)  IoU (P channel): 0.2125 (0.2174)  lr: 0.000998  iter-time: 1.1710
[20:36:43.924583] Epoch: [20]  [ 90/358]  eta: 0:05:40  loss: 0.0817 (0.0935)  IoU (F channel): 0.2805 (0.2887)  L1 (Dc channel): 0.0029 (0.0026)  L1 (Dn channel): 0.0025 (0.0026)  IoU (P channel): 0.2102 (0.2144)  lr: 0.000998  iter-time: 1.1741
[20:36:55.968068] Epoch: [20]  [100/358]  eta: 0:05:25  loss: 0.0837 (0.0931)  IoU (F channel): 0.2512 (0.2936)  L1 (Dc channel): 0.0029 (0.0026)  L1 (Dn channel): 0.0025 (0.0026)  IoU (P channel): 0.1943 (0.2170)  lr: 0.000998  iter-time: 1.1873
[20:37:07.805860] Epoch: [20]  [110/358]  eta: 0:05:11  loss: 0.0769 (0.0927)  IoU (F channel): 0.2620 (0.2930)  L1 (Dc channel): 0.0026 (0.0026)  L1 (Dn channel): 0.0025 (0.0026)  IoU (P channel): 0.1943 (0.2160)  lr: 0.000998  iter-time: 1.1939
[20:37:19.468274] Epoch: [20]  [120/358]  eta: 0:04:57  loss: 0.0703 (0.0911)  IoU (F channel): 0.2774 (0.2940)  L1 (Dc channel): 0.0025 (0.0026)  L1 (Dn channel): 0.0021 (0.0025)  IoU (P channel): 0.2080 (0.2172)  lr: 0.000997  iter-time: 1.1748
[20:37:31.399138] Epoch: [20]  [130/358]  eta: 0:04:43  loss: 0.0703 (0.0914)  IoU (F channel): 0.2838 (0.2922)  L1 (Dc channel): 0.0020 (0.0025)  L1 (Dn channel): 0.0021 (0.0025)  IoU (P channel): 0.2061 (0.2155)  lr: 0.000997  iter-time: 1.1795
[20:37:42.720481] Epoch: [20]  [140/358]  eta: 0:04:29  loss: 0.0850 (0.0917)  IoU (F channel): 0.2500 (0.2914)  L1 (Dc channel): 0.0017 (0.0025)  L1 (Dn channel): 0.0021 (0.0025)  IoU (P channel): 0.1795 (0.2158)  lr: 0.000997  iter-time: 1.1624
[20:37:54.401980] Epoch: [20]  [150/358]  eta: 0:04:16  loss: 0.0867 (0.0918)  IoU (F channel): 0.2770 (0.2941)  L1 (Dc channel): 0.0024 (0.0025)  L1 (Dn channel): 0.0024 (0.0025)  IoU (P channel): 0.2187 (0.2173)  lr: 0.000997  iter-time: 1.1499
[20:38:05.907714] Epoch: [20]  [160/358]  eta: 0:04:02  loss: 0.0958 (0.0936)  IoU (F channel): 0.2820 (0.2951)  L1 (Dc channel): 0.0027 (0.0025)  L1 (Dn channel): 0.0026 (0.0025)  IoU (P channel): 0.1953 (0.2182)  lr: 0.000997  iter-time: 1.1591
[20:38:17.325349] Epoch: [20]  [170/358]  eta: 0:03:49  loss: 0.0724 (0.0914)  IoU (F channel): 0.3017 (0.2954)  L1 (Dc channel): 0.0025 (0.0025)  L1 (Dn channel): 0.0024 (0.0025)  IoU (P channel): 0.1977 (0.2182)  lr: 0.000997  iter-time: 1.1460
[20:38:29.148954] Epoch: [20]  [180/358]  eta: 0:03:37  loss: 0.0614 (0.0924)  IoU (F channel): 0.3049 (0.2970)  L1 (Dc channel): 0.0025 (0.0025)  L1 (Dn channel): 0.0022 (0.0025)  IoU (P channel): 0.2169 (0.2184)  lr: 0.000997  iter-time: 1.1619
[20:38:41.042519] Epoch: [20]  [190/358]  eta: 0:03:24  loss: 0.0925 (0.0925)  IoU (F channel): 0.3171 (0.2977)  L1 (Dc channel): 0.0025 (0.0025)  L1 (Dn channel): 0.0024 (0.0025)  IoU (P channel): 0.2261 (0.2197)  lr: 0.000997  iter-time: 1.1857
[20:38:52.763215] Epoch: [20]  [200/358]  eta: 0:03:12  loss: 0.0845 (0.0921)  IoU (F channel): 0.2729 (0.2980)  L1 (Dc channel): 0.0024 (0.0025)  L1 (Dn channel): 0.0023 (0.0025)  IoU (P channel): 0.2124 (0.2198)  lr: 0.000997  iter-time: 1.1805
[20:39:04.609110] Epoch: [20]  [210/358]  eta: 0:02:59  loss: 0.0874 (0.0920)  IoU (F channel): 0.3018 (0.2997)  L1 (Dc channel): 0.0028 (0.0025)  L1 (Dn channel): 0.0025 (0.0025)  IoU (P channel): 0.2180 (0.2213)  lr: 0.000996  iter-time: 1.1782
[20:39:16.312827] Epoch: [20]  [220/358]  eta: 0:02:47  loss: 0.0747 (0.0912)  IoU (F channel): 0.2898 (0.2985)  L1 (Dc channel): 0.0023 (0.0025)  L1 (Dn channel): 0.0022 (0.0024)  IoU (P channel): 0.2003 (0.2201)  lr: 0.000996  iter-time: 1.1773
[20:39:27.959368] Epoch: [20]  [230/358]  eta: 0:02:34  loss: 0.0675 (0.0915)  IoU (F channel): 0.3032 (0.2992)  L1 (Dc channel): 0.0018 (0.0025)  L1 (Dn channel): 0.0017 (0.0024)  IoU (P channel): 0.1940 (0.2210)  lr: 0.000996  iter-time: 1.1673
[20:39:39.933556] Epoch: [20]  [240/358]  eta: 0:02:22  loss: 0.0873 (0.0923)  IoU (F channel): 0.3333 (0.2987)  L1 (Dc channel): 0.0018 (0.0025)  L1 (Dn channel): 0.0017 (0.0024)  IoU (P channel): 0.2456 (0.2209)  lr: 0.000996  iter-time: 1.1808
[20:39:51.660317] Epoch: [20]  [250/358]  eta: 0:02:10  loss: 0.0971 (0.0923)  IoU (F channel): 0.3024 (0.2986)  L1 (Dc channel): 0.0020 (0.0024)  L1 (Dn channel): 0.0018 (0.0024)  IoU (P channel): 0.2319 (0.2211)  lr: 0.000996  iter-time: 1.1848
[20:40:03.532852] Epoch: [20]  [260/358]  eta: 0:01:58  loss: 0.0801 (0.0919)  IoU (F channel): 0.2832 (0.2971)  L1 (Dc channel): 0.0022 (0.0024)  L1 (Dn channel): 0.0021 (0.0024)  IoU (P channel): 0.2082 (0.2201)  lr: 0.000996  iter-time: 1.1798
[20:40:15.463836] Epoch: [20]  [270/358]  eta: 0:01:46  loss: 0.0797 (0.0923)  IoU (F channel): 0.3024 (0.2991)  L1 (Dc channel): 0.0025 (0.0024)  L1 (Dn channel): 0.0022 (0.0024)  IoU (P channel): 0.2082 (0.2213)  lr: 0.000996  iter-time: 1.1900
[20:40:27.204993] Epoch: [20]  [280/358]  eta: 0:01:34  loss: 0.1023 (0.0928)  IoU (F channel): 0.3211 (0.2992)  L1 (Dc channel): 0.0025 (0.0024)  L1 (Dn channel): 0.0025 (0.0024)  IoU (P channel): 0.2246 (0.2214)  lr: 0.000996  iter-time: 1.1834
[20:40:39.098370] Epoch: [20]  [290/358]  eta: 0:01:21  loss: 0.0903 (0.0926)  IoU (F channel): 0.2823 (0.2982)  L1 (Dc channel): 0.0021 (0.0024)  L1 (Dn channel): 0.0020 (0.0024)  IoU (P channel): 0.2082 (0.2213)  lr: 0.000995  iter-time: 1.1815
[20:40:50.710851] Epoch: [20]  [300/358]  eta: 0:01:09  loss: 0.0853 (0.0929)  IoU (F channel): 0.2709 (0.2958)  L1 (Dc channel): 0.0016 (0.0024)  L1 (Dn channel): 0.0017 (0.0024)  IoU (P channel): 0.1863 (0.2193)  lr: 0.000995  iter-time: 1.1751
[20:41:02.035474] Epoch: [20]  [310/358]  eta: 0:00:57  loss: 0.0842 (0.0925)  IoU (F channel): 0.2772 (0.2978)  L1 (Dc channel): 0.0016 (0.0024)  L1 (Dn channel): 0.0016 (0.0023)  IoU (P channel): 0.1948 (0.2206)  lr: 0.000995  iter-time: 1.1467
[20:41:13.742993] Epoch: [20]  [320/358]  eta: 0:00:45  loss: 0.0799 (0.0923)  IoU (F channel): 0.3546 (0.2985)  L1 (Dc channel): 0.0017 (0.0024)  L1 (Dn channel): 0.0017 (0.0023)  IoU (P channel): 0.2529 (0.2207)  lr: 0.000995  iter-time: 1.1515
[20:41:25.733933] Epoch: [20]  [330/358]  eta: 0:00:33  loss: 0.0799 (0.0921)  IoU (F channel): 0.3343 (0.2997)  L1 (Dc channel): 0.0019 (0.0023)  L1 (Dn channel): 0.0019 (0.0023)  IoU (P channel): 0.2530 (0.2214)  lr: 0.000995  iter-time: 1.1847
[20:41:37.553390] Epoch: [20]  [340/358]  eta: 0:00:21  loss: 0.0697 (0.0915)  IoU (F channel): 0.3051 (0.3003)  L1 (Dc channel): 0.0019 (0.0023)  L1 (Dn channel): 0.0020 (0.0023)  IoU (P channel): 0.2490 (0.2215)  lr: 0.000995  iter-time: 1.1903
[20:41:48.911625] Epoch: [20]  [350/358]  eta: 0:00:09  loss: 0.0681 (0.0910)  IoU (F channel): 0.3008 (0.3001)  L1 (Dc channel): 0.0021 (0.0023)  L1 (Dn channel): 0.0020 (0.0023)  IoU (P channel): 0.2473 (0.2215)  lr: 0.000995  iter-time: 1.1587
[20:41:55.913398] Epoch: [20]  [357/358]  eta: 0:00:01  loss: 0.0681 (0.0907)  IoU (F channel): 0.2602 (0.2982)  L1 (Dc channel): 0.0022 (0.0023)  L1 (Dn channel): 0.0021 (0.0023)  IoU (P channel): 0.2126 (0.2200)  lr: 0.000994  iter-time: 1.0978
[20:41:55.913590] Epoch: [20] Total time: 0:07:07 (1.1943 s / it)
[20:41:55.913622] [Train] averaged stats: loss: 0.0681 (0.0907)  IoU (F channel): 0.2602 (0.2982)  L1 (Dc channel): 0.0022 (0.0023)  L1 (Dn channel): 0.0021 (0.0023)  IoU (P channel): 0.2126 (0.2200)  lr: 0.000994
[20:42:01.407130] Epoch: [20]  [ 0/23]  eta: 0:02:06  loss: 0.0720 (0.0720)  IoU (F channel): 0.0000 (0.0000)  L1 (Dc channel): 0.0027 (0.0027)  L1 (Dn channel): 0.0022 (0.0022)  IoU (P channel): 0.0000 (0.0000)  iter-time: 5.4921
[20:42:07.531170] Epoch: [20]  [10/23]  eta: 0:00:13  loss: 0.0927 (0.1990)  IoU (F channel): 0.3246 (0.2856)  L1 (Dc channel): 0.0031 (0.0031)  L1 (Dn channel): 0.0024 (0.0029)  IoU (P channel): 0.2539 (0.2203)  iter-time: 1.0560
[20:42:14.201187] Epoch: [20]  [20/23]  eta: 0:00:02  loss: 0.0978 (0.1757)  IoU (F channel): 0.3525 (0.3172)  L1 (Dc channel): 0.0031 (0.0031)  L1 (Dn channel): 0.0025 (0.0028)  IoU (P channel): 0.2537 (0.2385)  iter-time: 0.6397
[20:42:14.622487] Epoch: [20]  [22/23]  eta: 0:00:00  loss: 0.0967 (0.1672)  IoU (F channel): 0.3246 (0.3060)  L1 (Dc channel): 0.0031 (0.0031)  L1 (Dn channel): 0.0026 (0.0028)  IoU (P channel): 0.2396 (0.2323)  iter-time: 0.6085
[20:42:14.622581] Epoch: [20] Total time: 0:00:18 (0.8134 s / it)
[20:42:14.622609] [Val] averaged stats: loss: 0.0967 (0.1672)  IoU (F channel): 0.3246 (0.3060)  L1 (Dc channel): 0.0031 (0.0031)  L1 (Dn channel): 0.0026 (0.0028)  IoU (P channel): 0.2396 (0.2323)
[20:42:14.622780] [Val] best loss: 0.1498 best  IoU (F channel): 0.2543 L1 (Dc channel): 0.0028 L1 (Dn channel): 0.0037 IoU (P channel): 0.1971 
[20:42:14.633764] Creating training plots . . .
EarlyStopping counter: 2 out of 10
[20:42:22.299948] [Time] 7.6m 2.6h/7.8h

[20:42:22.299972] ~~~ Epoch 21/60 ~~~

[20:42:30.426108] Epoch: [21]  [  0/358]  eta: 0:48:28  loss: 0.0747 (0.0747)  IoU (F channel): 0.4303 (0.4303)  L1 (Dc channel): 0.0033 (0.0033)  L1 (Dn channel): 0.0025 (0.0025)  IoU (P channel): 0.3315 (0.3315)  lr: 0.000994  iter-time: 8.1236
[20:42:42.558092] Epoch: [21]  [ 10/358]  eta: 0:10:40  loss: 0.0753 (0.0880)  IoU (F channel): 0.2826 (0.2706)  L1 (Dc channel): 0.0026 (0.0027)  L1 (Dn channel): 0.0023 (0.0022)  IoU (P channel): 0.1818 (0.1922)  lr: 0.000994  iter-time: 1.8413
[20:42:54.152761] Epoch: [21]  [ 20/358]  eta: 0:08:32  loss: 0.0729 (0.0832)  IoU (F channel): 0.3186 (0.3026)  L1 (Dc channel): 0.0024 (0.0023)  L1 (Dn channel): 0.0021 (0.0020)  IoU (P channel): 0.2129 (0.2159)  lr: 0.000994  iter-time: 1.1862
[20:43:05.896370] Epoch: [21]  [ 30/358]  eta: 0:07:41  loss: 0.0860 (0.0910)  IoU (F channel): 0.3472 (0.3251)  L1 (Dc channel): 0.0017 (0.0022)  L1 (Dn channel): 0.0019 (0.0020)  IoU (P channel): 0.2634 (0.2348)  lr: 0.000994  iter-time: 1.1667
[20:43:17.372574] Epoch: [21]  [ 40/358]  eta: 0:07:07  loss: 0.0999 (0.0907)  IoU (F channel): 0.3452 (0.3223)  L1 (Dc channel): 0.0018 (0.0022)  L1 (Dn channel): 0.0018 (0.0020)  IoU (P channel): 0.2634 (0.2323)  lr: 0.000994  iter-time: 1.1608
[20:43:28.977435] Epoch: [21]  [ 50/358]  eta: 0:06:42  loss: 0.0789 (0.0886)  IoU (F channel): 0.2963 (0.3112)  L1 (Dc channel): 0.0017 (0.0021)  L1 (Dn channel): 0.0018 (0.0020)  IoU (P channel): 0.2198 (0.2263)  lr: 0.000994  iter-time: 1.1539
[20:43:40.733416] Epoch: [21]  [ 60/358]  eta: 0:06:23  loss: 0.0857 (0.0911)  IoU (F channel): 0.2644 (0.3051)  L1 (Dc channel): 0.0017 (0.0021)  L1 (Dn channel): 0.0020 (0.0020)  IoU (P channel): 0.1940 (0.2249)  lr: 0.000993  iter-time: 1.1679
[20:43:52.390525] Epoch: [21]  [ 70/358]  eta: 0:06:05  loss: 0.0875 (0.0910)  IoU (F channel): 0.2886 (0.3069)  L1 (Dc channel): 0.0019 (0.0020)  L1 (Dn channel): 0.0020 (0.0020)  IoU (P channel): 0.1940 (0.2240)  lr: 0.000993  iter-time: 1.1705
[20:44:03.952923] Epoch: [21]  [ 80/358]  eta: 0:05:48  loss: 0.0748 (0.0891)  IoU (F channel): 0.3359 (0.3071)  L1 (Dc channel): 0.0023 (0.0021)  L1 (Dn channel): 0.0020 (0.0020)  IoU (P channel): 0.2168 (0.2236)  lr: 0.000993  iter-time: 1.1608
[20:44:15.690778] Epoch: [21]  [ 90/358]  eta: 0:05:33  loss: 0.0625 (0.0869)  IoU (F channel): 0.3165 (0.3034)  L1 (Dc channel): 0.0024 (0.0021)  L1 (Dn channel): 0.0021 (0.0020)  IoU (P channel): 0.2225 (0.2226)  lr: 0.000993  iter-time: 1.1648
[20:44:27.519788] Epoch: [21]  [100/358]  eta: 0:05:19  loss: 0.0672 (0.0861)  IoU (F channel): 0.3060 (0.3034)  L1 (Dc channel): 0.0023 (0.0021)  L1 (Dn channel): 0.0019 (0.0020)  IoU (P channel): 0.2220 (0.2225)  lr: 0.000993  iter-time: 1.1782
[20:44:38.977967] Epoch: [21]  [110/358]  eta: 0:05:05  loss: 0.0722 (0.0873)  IoU (F channel): 0.2672 (0.3017)  L1 (Dc channel): 0.0022 (0.0021)  L1 (Dn channel): 0.0019 (0.0020)  IoU (P channel): 0.2146 (0.2219)  lr: 0.000993  iter-time: 1.1642
[20:44:50.593887] Epoch: [21]  [120/358]  eta: 0:04:51  loss: 0.0760 (0.0875)  IoU (F channel): 0.2613 (0.3000)  L1 (Dc channel): 0.0020 (0.0021)  L1 (Dn channel): 0.0016 (0.0020)  IoU (P channel): 0.1968 (0.2211)  lr: 0.000992  iter-time: 1.1535
[20:45:02.252240] Epoch: [21]  [130/358]  eta: 0:04:38  loss: 0.0760 (0.0876)  IoU (F channel): 0.2656 (0.2979)  L1 (Dc channel): 0.0018 (0.0021)  L1 (Dn channel): 0.0017 (0.0020)  IoU (P channel): 0.1887 (0.2200)  lr: 0.000992  iter-time: 1.1635
[20:45:14.144499] Epoch: [21]  [140/358]  eta: 0:04:25  loss: 0.0797 (0.0871)  IoU (F channel): 0.3085 (0.3022)  L1 (Dc channel): 0.0018 (0.0021)  L1 (Dn channel): 0.0019 (0.0020)  IoU (P channel): 0.2407 (0.2225)  lr: 0.000992  iter-time: 1.1773
[20:45:25.749308] Epoch: [21]  [150/358]  eta: 0:04:12  loss: 0.0754 (0.0864)  IoU (F channel): 0.3085 (0.3003)  L1 (Dc channel): 0.0021 (0.0021)  L1 (Dn channel): 0.0019 (0.0020)  IoU (P channel): 0.2314 (0.2214)  lr: 0.000992  iter-time: 1.1747
[20:45:37.553315] Epoch: [21]  [160/358]  eta: 0:04:00  loss: 0.0752 (0.0869)  IoU (F channel): 0.3392 (0.3013)  L1 (Dc channel): 0.0021 (0.0021)  L1 (Dn channel): 0.0021 (0.0020)  IoU (P channel): 0.2262 (0.2216)  lr: 0.000992  iter-time: 1.1703
[20:45:49.164115] Epoch: [21]  [170/358]  eta: 0:03:47  loss: 0.0705 (0.0858)  IoU (F channel): 0.2766 (0.2979)  L1 (Dc channel): 0.0024 (0.0021)  L1 (Dn channel): 0.0024 (0.0020)  IoU (P channel): 0.2188 (0.2188)  lr: 0.000991  iter-time: 1.1706
[20:46:00.958903] Epoch: [21]  [180/358]  eta: 0:03:35  loss: 0.0758 (0.0868)  IoU (F channel): 0.2167 (0.2946)  L1 (Dc channel): 0.0025 (0.0022)  L1 (Dn channel): 0.0023 (0.0021)  IoU (P channel): 0.1713 (0.2172)  lr: 0.000991  iter-time: 1.1701
[20:46:12.384176] Epoch: [21]  [190/358]  eta: 0:03:22  loss: 0.0912 (0.0875)  IoU (F channel): 0.2527 (0.2955)  L1 (Dc channel): 0.0022 (0.0022)  L1 (Dn channel): 0.0019 (0.0021)  IoU (P channel): 0.1913 (0.2174)  lr: 0.000991  iter-time: 1.1608
[20:46:23.776873] Epoch: [21]  [200/358]  eta: 0:03:09  loss: 0.0912 (0.0880)  IoU (F channel): 0.2934 (0.2970)  L1 (Dc channel): 0.0021 (0.0022)  L1 (Dn channel): 0.0019 (0.0021)  IoU (P channel): 0.1913 (0.2179)  lr: 0.000991  iter-time: 1.1407
[20:46:35.623387] Epoch: [21]  [210/358]  eta: 0:02:57  loss: 0.0943 (0.0881)  IoU (F channel): 0.2608 (0.2974)  L1 (Dc channel): 0.0022 (0.0022)  L1 (Dn channel): 0.0023 (0.0021)  IoU (P channel): 0.2242 (0.2185)  lr: 0.000991  iter-time: 1.1618
[20:46:47.452916] Epoch: [21]  [220/358]  eta: 0:02:45  loss: 0.0752 (0.0880)  IoU (F channel): 0.2824 (0.2961)  L1 (Dc channel): 0.0020 (0.0022)  L1 (Dn channel): 0.0023 (0.0021)  IoU (P channel): 0.2207 (0.2177)  lr: 0.000990  iter-time: 1.1837
[20:46:59.282200] Epoch: [21]  [230/358]  eta: 0:02:33  loss: 0.0743 (0.0885)  IoU (F channel): 0.2994 (0.2965)  L1 (Dc channel): 0.0020 (0.0022)  L1 (Dn channel): 0.0015 (0.0021)  IoU (P channel): 0.2207 (0.2180)  lr: 0.000990  iter-time: 1.1828
[20:47:10.924284] Epoch: [21]  [240/358]  eta: 0:02:21  loss: 0.0746 (0.0890)  IoU (F channel): 0.2513 (0.2972)  L1 (Dc channel): 0.0021 (0.0022)  L1 (Dn channel): 0.0014 (0.0020)  IoU (P channel): 0.2130 (0.2181)  lr: 0.000990  iter-time: 1.1734
[20:47:22.595680] Epoch: [21]  [250/358]  eta: 0:02:09  loss: 0.0813 (0.0895)  IoU (F channel): 0.2624 (0.2967)  L1 (Dc channel): 0.0023 (0.0022)  L1 (Dn channel): 0.0019 (0.0021)  IoU (P channel): 0.1994 (0.2181)  lr: 0.000990  iter-time: 1.1655
[20:47:34.260479] Epoch: [21]  [260/358]  eta: 0:01:57  loss: 0.0918 (0.0896)  IoU (F channel): 0.2915 (0.2969)  L1 (Dc channel): 0.0023 (0.0022)  L1 (Dn channel): 0.0021 (0.0021)  IoU (P channel): 0.2107 (0.2188)  lr: 0.000990  iter-time: 1.1666
[20:47:46.195812] Epoch: [21]  [270/358]  eta: 0:01:45  loss: 0.0852 (0.0896)  IoU (F channel): 0.3029 (0.2980)  L1 (Dc channel): 0.0027 (0.0022)  L1 (Dn channel): 0.0023 (0.0021)  IoU (P channel): 0.2252 (0.2197)  lr: 0.000989  iter-time: 1.1798
[20:47:58.028735] Epoch: [21]  [280/358]  eta: 0:01:33  loss: 0.0670 (0.0895)  IoU (F channel): 0.3002 (0.2988)  L1 (Dc channel): 0.0027 (0.0022)  L1 (Dn channel): 0.0024 (0.0021)  IoU (P channel): 0.2170 (0.2197)  lr: 0.000989  iter-time: 1.1882
[20:48:09.840640] Epoch: [21]  [290/358]  eta: 0:01:21  loss: 0.0843 (0.0898)  IoU (F channel): 0.2780 (0.2974)  L1 (Dc channel): 0.0024 (0.0022)  L1 (Dn channel): 0.0023 (0.0021)  IoU (P channel): 0.2167 (0.2194)  lr: 0.000989  iter-time: 1.1821
[20:48:21.650068] Epoch: [21]  [300/358]  eta: 0:01:09  loss: 0.0900 (0.0901)  IoU (F channel): 0.2418 (0.2960)  L1 (Dc channel): 0.0023 (0.0022)  L1 (Dn channel): 0.0023 (0.0021)  IoU (P channel): 0.2109 (0.2186)  lr: 0.000989  iter-time: 1.1809
[20:48:33.534957] Epoch: [21]  [310/358]  eta: 0:00:57  loss: 0.0812 (0.0900)  IoU (F channel): 0.2418 (0.2945)  L1 (Dc channel): 0.0021 (0.0022)  L1 (Dn channel): 0.0023 (0.0021)  IoU (P channel): 0.1865 (0.2176)  lr: 0.000989  iter-time: 1.1845
[20:48:45.054445] Epoch: [21]  [320/358]  eta: 0:00:45  loss: 0.0715 (0.0894)  IoU (F channel): 0.2884 (0.2965)  L1 (Dc channel): 0.0021 (0.0022)  L1 (Dn channel): 0.0023 (0.0021)  IoU (P channel): 0.2169 (0.2188)  lr: 0.000988  iter-time: 1.1700
[20:48:56.830903] Epoch: [21]  [330/358]  eta: 0:00:33  loss: 0.0711 (0.0893)  IoU (F channel): 0.2797 (0.2970)  L1 (Dc channel): 0.0021 (0.0022)  L1 (Dn channel): 0.0019 (0.0021)  IoU (P channel): 0.2048 (0.2190)  lr: 0.000988  iter-time: 1.1646
[20:49:08.482957] Epoch: [21]  [340/358]  eta: 0:00:21  loss: 0.0724 (0.0892)  IoU (F channel): 0.2651 (0.2972)  L1 (Dc channel): 0.0022 (0.0022)  L1 (Dn channel): 0.0015 (0.0021)  IoU (P channel): 0.2048 (0.2194)  lr: 0.000988  iter-time: 1.1712
[20:49:20.057971] Epoch: [21]  [350/358]  eta: 0:00:09  loss: 0.0663 (0.0888)  IoU (F channel): 0.3029 (0.2985)  L1 (Dc channel): 0.0021 (0.0022)  L1 (Dn channel): 0.0018 (0.0021)  IoU (P channel): 0.2286 (0.2204)  lr: 0.000988  iter-time: 1.1612
[20:49:27.060122] Epoch: [21]  [357/358]  eta: 0:00:01  loss: 0.0663 (0.0886)  IoU (F channel): 0.3029 (0.2986)  L1 (Dc channel): 0.0020 (0.0022)  L1 (Dn channel): 0.0019 (0.0021)  IoU (P channel): 0.2358 (0.2206)  lr: 0.000987  iter-time: 1.1008
[20:49:27.060224] Epoch: [21] Total time: 0:07:04 (1.1865 s / it)
[20:49:27.060252] [Train] averaged stats: loss: 0.0663 (0.0886)  IoU (F channel): 0.3029 (0.2986)  L1 (Dc channel): 0.0020 (0.0022)  L1 (Dn channel): 0.0019 (0.0021)  IoU (P channel): 0.2358 (0.2206)  lr: 0.000987
[20:49:33.372031] Epoch: [21]  [ 0/23]  eta: 0:02:25  loss: 0.0870 (0.0870)  IoU (F channel): 0.0000 (0.0000)  L1 (Dc channel): 0.0031 (0.0031)  L1 (Dn channel): 0.0019 (0.0019)  IoU (P channel): 0.0000 (0.0000)  iter-time: 6.3104
[20:49:40.277796] Epoch: [21]  [10/23]  eta: 0:00:15  loss: 0.0959 (0.1759)  IoU (F channel): 0.2573 (0.1947)  L1 (Dc channel): 0.0031 (0.0032)  L1 (Dn channel): 0.0022 (0.0026)  IoU (P channel): 0.1965 (0.1583)  iter-time: 1.2014
[20:49:45.866220] Epoch: [21]  [20/23]  eta: 0:00:02  loss: 0.0981 (0.1599)  IoU (F channel): 0.2447 (0.2203)  L1 (Dc channel): 0.0028 (0.0030)  L1 (Dn channel): 0.0023 (0.0026)  IoU (P channel): 0.1965 (0.1707)  iter-time: 0.6247
[20:49:46.287653] Epoch: [21]  [22/23]  eta: 0:00:00  loss: 0.0981 (0.1530)  IoU (F channel): 0.2447 (0.2147)  L1 (Dc channel): 0.0028 (0.0031)  L1 (Dn channel): 0.0024 (0.0026)  IoU (P channel): 0.1965 (0.1684)  iter-time: 0.5918
[20:49:46.287763] Epoch: [21] Total time: 0:00:19 (0.8359 s / it)
[20:49:46.287788] [Val] averaged stats: loss: 0.0981 (0.1530)  IoU (F channel): 0.2447 (0.2147)  L1 (Dc channel): 0.0028 (0.0031)  L1 (Dn channel): 0.0024 (0.0026)  IoU (P channel): 0.1965 (0.1684)
[20:49:46.287972] [Val] best loss: 0.1498 best  IoU (F channel): 0.2543 L1 (Dc channel): 0.0028 L1 (Dn channel): 0.0037 IoU (P channel): 0.1971 
EarlyStopping counter: 3 out of 10
[20:49:46.300453] [Time] 7.4m 2.7h/7.7h

[20:49:46.300472] ~~~ Epoch 22/60 ~~~

[20:49:56.537910] Epoch: [22]  [  0/358]  eta: 1:01:04  loss: 0.2175 (0.2175)  IoU (F channel): 0.4140 (0.4140)  L1 (Dc channel): 0.0032 (0.0032)  L1 (Dn channel): 0.0032 (0.0032)  IoU (P channel): 0.3027 (0.3027)  lr: 0.000987  iter-time: 10.2356
[20:50:08.214776] Epoch: [22]  [ 10/358]  eta: 0:11:33  loss: 0.0735 (0.0965)  IoU (F channel): 0.2905 (0.3048)  L1 (Dc channel): 0.0026 (0.0026)  L1 (Dn channel): 0.0025 (0.0024)  IoU (P channel): 0.2169 (0.2354)  lr: 0.000987  iter-time: 1.9919
[20:50:20.015539] Epoch: [22]  [ 20/358]  eta: 0:09:02  loss: 0.0656 (0.0825)  IoU (F channel): 0.2905 (0.2945)  L1 (Dc channel): 0.0021 (0.0024)  L1 (Dn channel): 0.0022 (0.0022)  IoU (P channel): 0.2148 (0.2170)  lr: 0.000987  iter-time: 1.1737
[20:50:31.807003] Epoch: [22]  [ 30/358]  eta: 0:08:01  loss: 0.0630 (0.0836)  IoU (F channel): 0.2586 (0.2824)  L1 (Dc channel): 0.0020 (0.0023)  L1 (Dn channel): 0.0018 (0.0020)  IoU (P channel): 0.2135 (0.2040)  lr: 0.000987  iter-time: 1.1794
[20:50:43.156602] Epoch: [22]  [ 40/358]  eta: 0:07:20  loss: 0.0588 (0.0785)  IoU (F channel): 0.2586 (0.2940)  L1 (Dc channel): 0.0019 (0.0022)  L1 (Dn channel): 0.0015 (0.0019)  IoU (P channel): 0.2154 (0.2171)  lr: 0.000986  iter-time: 1.1569
[20:50:55.025899] Epoch: [22]  [ 50/358]  eta: 0:06:54  loss: 0.0797 (0.0880)  IoU (F channel): 0.2698 (0.2890)  L1 (Dc channel): 0.0021 (0.0022)  L1 (Dn channel): 0.0020 (0.0021)  IoU (P channel): 0.2103 (0.2141)  lr: 0.000986  iter-time: 1.1608
[20:51:06.565448] Epoch: [22]  [ 60/358]  eta: 0:06:32  loss: 0.0969 (0.0874)  IoU (F channel): 0.2768 (0.2948)  L1 (Dc channel): 0.0025 (0.0023)  L1 (Dn channel): 0.0025 (0.0021)  IoU (P channel): 0.2103 (0.2235)  lr: 0.000986  iter-time: 1.1703
[20:51:18.613428] Epoch: [22]  [ 70/358]  eta: 0:06:14  loss: 0.0829 (0.0874)  IoU (F channel): 0.3016 (0.2953)  L1 (Dc channel): 0.0025 (0.0023)  L1 (Dn channel): 0.0023 (0.0022)  IoU (P channel): 0.2304 (0.2258)  lr: 0.000986  iter-time: 1.1792
[20:51:30.146953] Epoch: [22]  [ 80/358]  eta: 0:05:56  loss: 0.0884 (0.0897)  IoU (F channel): 0.2827 (0.2934)  L1 (Dc channel): 0.0022 (0.0023)  L1 (Dn channel): 0.0021 (0.0022)  IoU (P channel): 0.2239 (0.2254)  lr: 0.000985  iter-time: 1.1789
[20:51:41.705810] Epoch: [22]  [ 90/358]  eta: 0:05:39  loss: 0.0931 (0.0898)  IoU (F channel): 0.3203 (0.2994)  L1 (Dc channel): 0.0019 (0.0022)  L1 (Dn channel): 0.0020 (0.0022)  IoU (P channel): 0.2617 (0.2294)  lr: 0.000985  iter-time: 1.1545
[20:51:53.307022] Epoch: [22]  [100/358]  eta: 0:05:24  loss: 0.0708 (0.0879)  IoU (F channel): 0.3203 (0.2998)  L1 (Dc channel): 0.0017 (0.0022)  L1 (Dn channel): 0.0018 (0.0021)  IoU (P channel): 0.2472 (0.2278)  lr: 0.000985  iter-time: 1.1578
[20:52:05.016499] Epoch: [22]  [110/358]  eta: 0:05:09  loss: 0.0641 (0.0864)  IoU (F channel): 0.2682 (0.2993)  L1 (Dc channel): 0.0015 (0.0021)  L1 (Dn channel): 0.0016 (0.0021)  IoU (P channel): 0.2113 (0.2265)  lr: 0.000985  iter-time: 1.1653
[20:52:17.122662] Epoch: [22]  [120/358]  eta: 0:04:56  loss: 0.0717 (0.0861)  IoU (F channel): 0.3206 (0.3032)  L1 (Dc channel): 0.0017 (0.0021)  L1 (Dn channel): 0.0017 (0.0021)  IoU (P channel): 0.2152 (0.2281)  lr: 0.000984  iter-time: 1.1906
[20:52:28.579888] Epoch: [22]  [130/358]  eta: 0:04:42  loss: 0.0757 (0.0860)  IoU (F channel): 0.3566 (0.3060)  L1 (Dc channel): 0.0021 (0.0021)  L1 (Dn channel): 0.0019 (0.0021)  IoU (P channel): 0.2440 (0.2297)  lr: 0.000984  iter-time: 1.1780
[20:52:40.253712] Epoch: [22]  [140/358]  eta: 0:04:28  loss: 0.0721 (0.0849)  IoU (F channel): 0.2883 (0.3074)  L1 (Dc channel): 0.0021 (0.0022)  L1 (Dn channel): 0.0023 (0.0021)  IoU (P channel): 0.2487 (0.2319)  lr: 0.000984  iter-time: 1.1564
[20:52:51.787088] Epoch: [22]  [150/358]  eta: 0:04:15  loss: 0.0721 (0.0854)  IoU (F channel): 0.2741 (0.3082)  L1 (Dc channel): 0.0020 (0.0022)  L1 (Dn channel): 0.0022 (0.0021)  IoU (P channel): 0.2286 (0.2326)  lr: 0.000984  iter-time: 1.1602
[20:53:03.589877] Epoch: [22]  [160/358]  eta: 0:04:02  loss: 0.0843 (0.0859)  IoU (F channel): 0.3222 (0.3097)  L1 (Dc channel): 0.0023 (0.0022)  L1 (Dn channel): 0.0023 (0.0021)  IoU (P channel): 0.2398 (0.2335)  lr: 0.000983  iter-time: 1.1667
[20:53:15.366176] Epoch: [22]  [170/358]  eta: 0:03:49  loss: 0.0822 (0.0854)  IoU (F channel): 0.3149 (0.3098)  L1 (Dc channel): 0.0020 (0.0022)  L1 (Dn channel): 0.0020 (0.0021)  IoU (P channel): 0.2251 (0.2329)  lr: 0.000983  iter-time: 1.1788
[20:53:27.174915] Epoch: [22]  [180/358]  eta: 0:03:37  loss: 0.0753 (0.0855)  IoU (F channel): 0.3149 (0.3091)  L1 (Dc channel): 0.0017 (0.0021)  L1 (Dn channel): 0.0016 (0.0021)  IoU (P channel): 0.2251 (0.2322)  lr: 0.000983  iter-time: 1.1791
[20:53:38.779843] Epoch: [22]  [190/358]  eta: 0:03:24  loss: 0.0752 (0.0850)  IoU (F channel): 0.2855 (0.3074)  L1 (Dc channel): 0.0015 (0.0021)  L1 (Dn channel): 0.0018 (0.0021)  IoU (P channel): 0.2189 (0.2310)  lr: 0.000983  iter-time: 1.1705
[20:53:50.361359] Epoch: [22]  [200/358]  eta: 0:03:11  loss: 0.0589 (0.0852)  IoU (F channel): 0.2855 (0.3069)  L1 (Dc channel): 0.0017 (0.0021)  L1 (Dn channel): 0.0018 (0.0021)  IoU (P channel): 0.2057 (0.2305)  lr: 0.000982  iter-time: 1.1591
[20:54:02.027623] Epoch: [22]  [210/358]  eta: 0:02:59  loss: 0.0910 (0.0860)  IoU (F channel): 0.3188 (0.3077)  L1 (Dc channel): 0.0018 (0.0021)  L1 (Dn channel): 0.0017 (0.0021)  IoU (P channel): 0.2278 (0.2310)  lr: 0.000982  iter-time: 1.1622
[20:54:13.619906] Epoch: [22]  [220/358]  eta: 0:02:46  loss: 0.0967 (0.0866)  IoU (F channel): 0.2886 (0.3067)  L1 (Dc channel): 0.0016 (0.0021)  L1 (Dn channel): 0.0018 (0.0021)  IoU (P channel): 0.2081 (0.2300)  lr: 0.000982  iter-time: 1.1628
[20:54:25.384343] Epoch: [22]  [230/358]  eta: 0:02:34  loss: 0.0726 (0.0862)  IoU (F channel): 0.2592 (0.3063)  L1 (Dc channel): 0.0018 (0.0021)  L1 (Dn channel): 0.0018 (0.0021)  IoU (P channel): 0.1656 (0.2298)  lr: 0.000982  iter-time: 1.1676
[20:54:37.256065] Epoch: [22]  [240/358]  eta: 0:02:22  loss: 0.0763 (0.0864)  IoU (F channel): 0.2683 (0.3054)  L1 (Dc channel): 0.0020 (0.0021)  L1 (Dn channel): 0.0017 (0.0020)  IoU (P channel): 0.2297 (0.2301)  lr: 0.000981  iter-time: 1.1816
[20:54:48.953170] Epoch: [22]  [250/358]  eta: 0:02:10  loss: 0.0762 (0.0860)  IoU (F channel): 0.2778 (0.3064)  L1 (Dc channel): 0.0020 (0.0021)  L1 (Dn channel): 0.0016 (0.0020)  IoU (P channel): 0.2451 (0.2306)  lr: 0.000981  iter-time: 1.1782
[20:55:00.613404] Epoch: [22]  [260/358]  eta: 0:01:58  loss: 0.0602 (0.0857)  IoU (F channel): 0.2767 (0.3062)  L1 (Dc channel): 0.0022 (0.0021)  L1 (Dn channel): 0.0018 (0.0020)  IoU (P channel): 0.2404 (0.2306)  lr: 0.000981  iter-time: 1.1677
[20:55:12.423818] Epoch: [22]  [270/358]  eta: 0:01:45  loss: 0.0714 (0.0853)  IoU (F channel): 0.2732 (0.3055)  L1 (Dc channel): 0.0018 (0.0021)  L1 (Dn channel): 0.0018 (0.0020)  IoU (P channel): 0.2326 (0.2304)  lr: 0.000980  iter-time: 1.1734
[20:55:24.290738] Epoch: [22]  [280/358]  eta: 0:01:33  loss: 0.0653 (0.0848)  IoU (F channel): 0.3078 (0.3065)  L1 (Dc channel): 0.0017 (0.0021)  L1 (Dn channel): 0.0019 (0.0020)  IoU (P channel): 0.2353 (0.2311)  lr: 0.000980  iter-time: 1.1837
[20:55:35.996003] Epoch: [22]  [290/358]  eta: 0:01:21  loss: 0.0622 (0.0846)  IoU (F channel): 0.2682 (0.3053)  L1 (Dc channel): 0.0020 (0.0021)  L1 (Dn channel): 0.0020 (0.0020)  IoU (P channel): 0.2299 (0.2304)  lr: 0.000980  iter-time: 1.1755
[20:55:47.523642] Epoch: [22]  [300/358]  eta: 0:01:09  loss: 0.0632 (0.0843)  IoU (F channel): 0.2465 (0.3032)  L1 (Dc channel): 0.0019 (0.0021)  L1 (Dn channel): 0.0017 (0.0020)  IoU (P channel): 0.1799 (0.2290)  lr: 0.000979  iter-time: 1.1585
[20:55:59.203278] Epoch: [22]  [310/358]  eta: 0:00:57  loss: 0.0810 (0.0849)  IoU (F channel): 0.2605 (0.3030)  L1 (Dc channel): 0.0018 (0.0021)  L1 (Dn channel): 0.0019 (0.0020)  IoU (P channel): 0.1769 (0.2284)  lr: 0.000979  iter-time: 1.1602
[20:56:10.746068] Epoch: [22]  [320/358]  eta: 0:00:45  loss: 0.1123 (0.0858)  IoU (F channel): 0.2876 (0.3032)  L1 (Dc channel): 0.0021 (0.0021)  L1 (Dn channel): 0.0025 (0.0020)  IoU (P channel): 0.2039 (0.2281)  lr: 0.000979  iter-time: 1.1609
[20:56:22.392596] Epoch: [22]  [330/358]  eta: 0:00:33  loss: 0.0748 (0.0853)  IoU (F channel): 0.2936 (0.3039)  L1 (Dc channel): 0.0022 (0.0021)  L1 (Dn channel): 0.0021 (0.0020)  IoU (P channel): 0.2097 (0.2279)  lr: 0.000979  iter-time: 1.1593
[20:56:34.093675] Epoch: [22]  [340/358]  eta: 0:00:21  loss: 0.0627 (0.0850)  IoU (F channel): 0.2809 (0.3038)  L1 (Dc channel): 0.0018 (0.0021)  L1 (Dn channel): 0.0015 (0.0020)  IoU (P channel): 0.2172 (0.2273)  lr: 0.000978  iter-time: 1.1672
[20:56:45.412671] Epoch: [22]  [350/358]  eta: 0:00:09  loss: 0.0584 (0.0846)  IoU (F channel): 0.2665 (0.3036)  L1 (Dc channel): 0.0015 (0.0020)  L1 (Dn channel): 0.0015 (0.0020)  IoU (P channel): 0.2127 (0.2269)  lr: 0.000978  iter-time: 1.1508
[20:56:52.425021] Epoch: [22]  [357/358]  eta: 0:00:01  loss: 0.0546 (0.0840)  IoU (F channel): 0.2917 (0.3038)  L1 (Dc channel): 0.0017 (0.0020)  L1 (Dn channel): 0.0016 (0.0020)  IoU (P channel): 0.2086 (0.2264)  lr: 0.000978  iter-time: 1.0897
[20:56:52.425124] Epoch: [22] Total time: 0:07:06 (1.1903 s / it)
[20:56:52.425156] [Train] averaged stats: loss: 0.0546 (0.0840)  IoU (F channel): 0.2917 (0.3038)  L1 (Dc channel): 0.0017 (0.0020)  L1 (Dn channel): 0.0016 (0.0020)  IoU (P channel): 0.2086 (0.2264)  lr: 0.000978
[20:56:59.396612] Epoch: [22]  [ 0/23]  eta: 0:02:40  loss: 0.0752 (0.0752)  IoU (F channel): 0.0000 (0.0000)  L1 (Dc channel): 0.0019 (0.0019)  L1 (Dn channel): 0.0018 (0.0018)  IoU (P channel): 0.0000 (0.0000)  iter-time: 6.9700
[20:57:06.079677] Epoch: [22]  [10/23]  eta: 0:00:16  loss: 0.0861 (0.1969)  IoU (F channel): 0.2321 (0.2226)  L1 (Dc channel): 0.0020 (0.0020)  L1 (Dn channel): 0.0019 (0.0025)  IoU (P channel): 0.1790 (0.1796)  iter-time: 1.2411
[20:57:11.000617] Epoch: [22]  [20/23]  eta: 0:00:02  loss: 0.0970 (0.1729)  IoU (F channel): 0.2668 (0.2775)  L1 (Dc channel): 0.0020 (0.0020)  L1 (Dn channel): 0.0021 (0.0024)  IoU (P channel): 0.2390 (0.2123)  iter-time: 0.5802
[20:57:11.422224] Epoch: [22]  [22/23]  eta: 0:00:00  loss: 0.0905 (0.1642)  IoU (F channel): 0.2668 (0.2695)  L1 (Dc channel): 0.0019 (0.0020)  L1 (Dn channel): 0.0021 (0.0024)  IoU (P channel): 0.2480 (0.2085)  iter-time: 0.5061
[20:57:11.422303] Epoch: [22] Total time: 0:00:18 (0.8259 s / it)
[20:57:11.422330] [Val] averaged stats: loss: 0.0905 (0.1642)  IoU (F channel): 0.2668 (0.2695)  L1 (Dc channel): 0.0019 (0.0020)  L1 (Dn channel): 0.0021 (0.0024)  IoU (P channel): 0.2480 (0.2085)
[20:57:11.422505] [Val] best loss: 0.1498 best  IoU (F channel): 0.2543 L1 (Dc channel): 0.0028 L1 (Dn channel): 0.0037 IoU (P channel): 0.1971 
EarlyStopping counter: 4 out of 10
[20:57:11.431988] [Time] 7.4m 2.9h/7.7h

[20:57:11.432006] ~~~ Epoch 23/60 ~~~

[20:57:17.945185] Epoch: [23]  [  0/358]  eta: 0:38:51  loss: 0.0829 (0.0829)  IoU (F channel): 0.2878 (0.2878)  L1 (Dc channel): 0.0019 (0.0019)  L1 (Dn channel): 0.0020 (0.0020)  IoU (P channel): 0.2284 (0.2284)  lr: 0.000978  iter-time: 6.5113
[20:57:30.413362] Epoch: [23]  [ 10/358]  eta: 0:10:00  loss: 0.0723 (0.0704)  IoU (F channel): 0.3201 (0.3292)  L1 (Dc channel): 0.0020 (0.0020)  L1 (Dn channel): 0.0020 (0.0020)  IoU (P channel): 0.2470 (0.2510)  lr: 0.000977  iter-time: 1.7252
[20:57:42.081671] Epoch: [23]  [ 20/358]  eta: 0:08:13  loss: 0.0745 (0.0835)  IoU (F channel): 0.3201 (0.3262)  L1 (Dc channel): 0.0021 (0.0021)  L1 (Dn channel): 0.0019 (0.0021)  IoU (P channel): 0.2470 (0.2447)  lr: 0.000977  iter-time: 1.2066
[20:57:54.081224] Epoch: [23]  [ 30/358]  eta: 0:07:31  loss: 0.0883 (0.0890)  IoU (F channel): 0.3087 (0.3250)  L1 (Dc channel): 0.0024 (0.0023)  L1 (Dn channel): 0.0022 (0.0022)  IoU (P channel): 0.2388 (0.2436)  lr: 0.000977  iter-time: 1.1832
[20:58:06.020732] Epoch: [23]  [ 40/358]  eta: 0:07:03  loss: 0.0848 (0.0846)  IoU (F channel): 0.3087 (0.3129)  L1 (Dc channel): 0.0026 (0.0023)  L1 (Dn channel): 0.0024 (0.0022)  IoU (P channel): 0.2107 (0.2313)  lr: 0.000976  iter-time: 1.1967
[20:58:18.304131] Epoch: [23]  [ 50/358]  eta: 0:06:43  loss: 0.0634 (0.0801)  IoU (F channel): 0.2914 (0.3113)  L1 (Dc channel): 0.0027 (0.0024)  L1 (Dn channel): 0.0024 (0.0023)  IoU (P channel): 0.2345 (0.2340)  lr: 0.000976  iter-time: 1.2109
[20:58:30.096921] Epoch: [23]  [ 60/358]  eta: 0:06:24  loss: 0.0649 (0.0816)  IoU (F channel): 0.3113 (0.3157)  L1 (Dc channel): 0.0027 (0.0024)  L1 (Dn channel): 0.0024 (0.0023)  IoU (P channel): 0.2345 (0.2354)  lr: 0.000976  iter-time: 1.2036
[20:58:41.583675] Epoch: [23]  [ 70/358]  eta: 0:06:05  loss: 0.0728 (0.0814)  IoU (F channel): 0.3031 (0.3107)  L1 (Dc channel): 0.0024 (0.0024)  L1 (Dn channel): 0.0022 (0.0023)  IoU (P channel): 0.2121 (0.2321)  lr: 0.000976  iter-time: 1.1638
[20:58:53.291188] Epoch: [23]  [ 80/358]  eta: 0:05:49  loss: 0.0791 (0.0828)  IoU (F channel): 0.3055 (0.3157)  L1 (Dc channel): 0.0021 (0.0024)  L1 (Dn channel): 0.0021 (0.0023)  IoU (P channel): 0.2363 (0.2377)  lr: 0.000975  iter-time: 1.1595
[20:59:05.370149] Epoch: [23]  [ 90/358]  eta: 0:05:35  loss: 0.0620 (0.0817)  IoU (F channel): 0.3285 (0.3167)  L1 (Dc channel): 0.0018 (0.0023)  L1 (Dn channel): 0.0019 (0.0022)  IoU (P channel): 0.2254 (0.2370)  lr: 0.000975  iter-time: 1.1891
[20:59:17.043960] Epoch: [23]  [100/358]  eta: 0:05:20  loss: 0.0620 (0.0813)  IoU (F channel): 0.2918 (0.3156)  L1 (Dc channel): 0.0019 (0.0023)  L1 (Dn channel): 0.0015 (0.0022)  IoU (P channel): 0.2115 (0.2376)  lr: 0.000975  iter-time: 1.1875
[20:59:28.918081] Epoch: [23]  [110/358]  eta: 0:05:07  loss: 0.0679 (0.0810)  IoU (F channel): 0.2916 (0.3155)  L1 (Dc channel): 0.0017 (0.0022)  L1 (Dn channel): 0.0013 (0.0021)  IoU (P channel): 0.2155 (0.2386)  lr: 0.000974  iter-time: 1.1772
[20:59:40.488093] Epoch: [23]  [120/358]  eta: 0:04:53  loss: 0.0836 (0.0830)  IoU (F channel): 0.2746 (0.3138)  L1 (Dc channel): 0.0015 (0.0021)  L1 (Dn channel): 0.0013 (0.0021)  IoU (P channel): 0.2155 (0.2369)  lr: 0.000974  iter-time: 1.1721
[20:59:52.214520] Epoch: [23]  [130/358]  eta: 0:04:39  loss: 0.0836 (0.0826)  IoU (F channel): 0.3090 (0.3129)  L1 (Dc channel): 0.0015 (0.0021)  L1 (Dn channel): 0.0015 (0.0020)  IoU (P channel): 0.2098 (0.2367)  lr: 0.000974  iter-time: 1.1647
[21:00:04.084102] Epoch: [23]  [140/358]  eta: 0:04:26  loss: 0.0714 (0.0829)  IoU (F channel): 0.2676 (0.3100)  L1 (Dc channel): 0.0015 (0.0021)  L1 (Dn channel): 0.0014 (0.0020)  IoU (P channel): 0.2143 (0.2355)  lr: 0.000973  iter-time: 1.1796
[21:00:15.889536] Epoch: [23]  [150/358]  eta: 0:04:14  loss: 0.0714 (0.0825)  IoU (F channel): 0.3253 (0.3143)  L1 (Dc channel): 0.0016 (0.0020)  L1 (Dn channel): 0.0014 (0.0020)  IoU (P channel): 0.2247 (0.2370)  lr: 0.000973  iter-time: 1.1836
[21:00:27.590829] Epoch: [23]  [160/358]  eta: 0:04:01  loss: 0.0681 (0.0826)  IoU (F channel): 0.3180 (0.3114)  L1 (Dc channel): 0.0017 (0.0020)  L1 (Dn channel): 0.0017 (0.0020)  IoU (P channel): 0.2225 (0.2344)  lr: 0.000973  iter-time: 1.1752
[21:00:39.308763] Epoch: [23]  [170/358]  eta: 0:03:48  loss: 0.0720 (0.0834)  IoU (F channel): 0.2303 (0.3067)  L1 (Dc channel): 0.0020 (0.0020)  L1 (Dn channel): 0.0019 (0.0020)  IoU (P channel): 0.1880 (0.2303)  lr: 0.000972  iter-time: 1.1708
[21:00:50.669224] Epoch: [23]  [180/358]  eta: 0:03:35  loss: 0.0718 (0.0828)  IoU (F channel): 0.2837 (0.3091)  L1 (Dc channel): 0.0018 (0.0020)  L1 (Dn channel): 0.0018 (0.0019)  IoU (P channel): 0.1748 (0.2304)  lr: 0.000972  iter-time: 1.1538
[21:01:02.511212] Epoch: [23]  [190/358]  eta: 0:03:23  loss: 0.0719 (0.0827)  IoU (F channel): 0.3054 (0.3094)  L1 (Dc channel): 0.0017 (0.0020)  L1 (Dn channel): 0.0017 (0.0019)  IoU (P channel): 0.2135 (0.2296)  lr: 0.000971  iter-time: 1.1600
[21:01:14.322555] Epoch: [23]  [200/358]  eta: 0:03:10  loss: 0.0808 (0.0841)  IoU (F channel): 0.2970 (0.3091)  L1 (Dc channel): 0.0021 (0.0020)  L1 (Dn channel): 0.0020 (0.0020)  IoU (P channel): 0.1924 (0.2293)  lr: 0.000971  iter-time: 1.1825
[21:01:26.004863] Epoch: [23]  [210/358]  eta: 0:02:58  loss: 0.0714 (0.0836)  IoU (F channel): 0.2970 (0.3076)  L1 (Dc channel): 0.0023 (0.0020)  L1 (Dn channel): 0.0019 (0.0019)  IoU (P channel): 0.1823 (0.2282)  lr: 0.000971  iter-time: 1.1745
[21:01:37.290348] Epoch: [23]  [220/358]  eta: 0:02:45  loss: 0.0714 (0.0841)  IoU (F channel): 0.2883 (0.3070)  L1 (Dc channel): 0.0020 (0.0020)  L1 (Dn channel): 0.0015 (0.0019)  IoU (P channel): 0.1833 (0.2270)  lr: 0.000970  iter-time: 1.1482
[21:01:49.223260] Epoch: [23]  [230/358]  eta: 0:02:33  loss: 0.0759 (0.0844)  IoU (F channel): 0.2588 (0.3059)  L1 (Dc channel): 0.0016 (0.0020)  L1 (Dn channel): 0.0014 (0.0019)  IoU (P channel): 0.2080 (0.2267)  lr: 0.000970  iter-time: 1.1607
[21:02:00.828501] Epoch: [23]  [240/358]  eta: 0:02:21  loss: 0.0677 (0.0848)  IoU (F channel): 0.2774 (0.3079)  L1 (Dc channel): 0.0016 (0.0020)  L1 (Dn channel): 0.0019 (0.0019)  IoU (P channel): 0.2166 (0.2275)  lr: 0.000970  iter-time: 1.1768
[21:02:12.828381] Epoch: [23]  [250/358]  eta: 0:02:09  loss: 0.1001 (0.0859)  IoU (F channel): 0.2933 (0.3064)  L1 (Dc channel): 0.0024 (0.0020)  L1 (Dn channel): 0.0021 (0.0020)  IoU (P channel): 0.2019 (0.2262)  lr: 0.000969  iter-time: 1.1801
[21:02:24.711312] Epoch: [23]  [260/358]  eta: 0:01:57  loss: 0.0913 (0.0855)  IoU (F channel): 0.2933 (0.3071)  L1 (Dc channel): 0.0025 (0.0020)  L1 (Dn channel): 0.0023 (0.0020)  IoU (P channel): 0.2238 (0.2266)  lr: 0.000969  iter-time: 1.1940
[21:02:36.614952] Epoch: [23]  [270/358]  eta: 0:01:45  loss: 0.0716 (0.0854)  IoU (F channel): 0.3210 (0.3076)  L1 (Dc channel): 0.0024 (0.0021)  L1 (Dn channel): 0.0023 (0.0020)  IoU (P channel): 0.2417 (0.2267)  lr: 0.000969  iter-time: 1.1891
[21:02:48.110629] Epoch: [23]  [280/358]  eta: 0:01:33  loss: 0.0876 (0.0865)  IoU (F channel): 0.3173 (0.3082)  L1 (Dc channel): 0.0024 (0.0021)  L1 (Dn channel): 0.0023 (0.0020)  IoU (P channel): 0.2320 (0.2274)  lr: 0.000968  iter-time: 1.1698
[21:02:59.763035] Epoch: [23]  [290/358]  eta: 0:01:21  loss: 0.0897 (0.0862)  IoU (F channel): 0.2868 (0.3070)  L1 (Dc channel): 0.0026 (0.0021)  L1 (Dn channel): 0.0023 (0.0020)  IoU (P channel): 0.2320 (0.2269)  lr: 0.000968  iter-time: 1.1572
[21:03:11.424669] Epoch: [23]  [300/358]  eta: 0:01:09  loss: 0.0678 (0.0858)  IoU (F channel): 0.2819 (0.3063)  L1 (Dc channel): 0.0025 (0.0021)  L1 (Dn channel): 0.0023 (0.0020)  IoU (P channel): 0.2135 (0.2267)  lr: 0.000968  iter-time: 1.1655
[21:03:23.345570] Epoch: [23]  [310/358]  eta: 0:00:57  loss: 0.0760 (0.0857)  IoU (F channel): 0.2766 (0.3054)  L1 (Dc channel): 0.0021 (0.0021)  L1 (Dn channel): 0.0020 (0.0020)  IoU (P channel): 0.2187 (0.2263)  lr: 0.000967  iter-time: 1.1790
[21:03:35.164110] Epoch: [23]  [320/358]  eta: 0:00:45  loss: 0.0775 (0.0856)  IoU (F channel): 0.2995 (0.3059)  L1 (Dc channel): 0.0018 (0.0021)  L1 (Dn channel): 0.0020 (0.0020)  IoU (P channel): 0.2381 (0.2267)  lr: 0.000967  iter-time: 1.1868
[21:03:46.935439] Epoch: [23]  [330/358]  eta: 0:00:33  loss: 0.0881 (0.0854)  IoU (F channel): 0.3264 (0.3065)  L1 (Dc channel): 0.0018 (0.0021)  L1 (Dn channel): 0.0021 (0.0020)  IoU (P channel): 0.2495 (0.2271)  lr: 0.000966  iter-time: 1.1793
[21:03:58.598348] Epoch: [23]  [340/358]  eta: 0:00:21  loss: 0.0672 (0.0847)  IoU (F channel): 0.3189 (0.3059)  L1 (Dc channel): 0.0020 (0.0021)  L1 (Dn channel): 0.0019 (0.0020)  IoU (P channel): 0.2320 (0.2265)  lr: 0.000966  iter-time: 1.1716
[21:04:10.101269] Epoch: [23]  [350/358]  eta: 0:00:09  loss: 0.0700 (0.0851)  IoU (F channel): 0.2961 (0.3047)  L1 (Dc channel): 0.0023 (0.0021)  L1 (Dn channel): 0.0015 (0.0020)  IoU (P channel): 0.2112 (0.2257)  lr: 0.000966  iter-time: 1.1581
[21:04:17.106094] Epoch: [23]  [357/358]  eta: 0:00:01  loss: 0.0913 (0.0859)  IoU (F channel): 0.2607 (0.3045)  L1 (Dc channel): 0.0017 (0.0021)  L1 (Dn channel): 0.0018 (0.0020)  IoU (P channel): 0.1826 (0.2253)  lr: 0.000965  iter-time: 1.0945
[21:04:17.106196] Epoch: [23] Total time: 0:07:05 (1.1890 s / it)
[21:04:17.106231] [Train] averaged stats: loss: 0.0913 (0.0859)  IoU (F channel): 0.2607 (0.3045)  L1 (Dc channel): 0.0017 (0.0021)  L1 (Dn channel): 0.0018 (0.0020)  IoU (P channel): 0.1826 (0.2253)  lr: 0.000965
[21:04:24.485869] Epoch: [23]  [ 0/23]  eta: 0:02:49  loss: 0.1247 (0.1247)  IoU (F channel): 0.0000 (0.0000)  L1 (Dc channel): 0.0015 (0.0015)  L1 (Dn channel): 0.0015 (0.0015)  IoU (P channel): 0.0000 (0.0000)  iter-time: 7.3781
[21:04:29.637201] Epoch: [23]  [10/23]  eta: 0:00:14  loss: 0.1247 (0.2210)  IoU (F channel): 0.1407 (0.1276)  L1 (Dc channel): 0.0017 (0.0018)  L1 (Dn channel): 0.0016 (0.0021)  IoU (P channel): 0.1126 (0.1033)  iter-time: 1.1390
[21:04:35.789824] Epoch: [23]  [20/23]  eta: 0:00:02  loss: 0.1087 (0.1767)  IoU (F channel): 0.1417 (0.1515)  L1 (Dc channel): 0.0017 (0.0017)  L1 (Dn channel): 0.0018 (0.0021)  IoU (P channel): 0.1188 (0.1172)  iter-time: 0.5651
[21:04:36.211293] Epoch: [23]  [22/23]  eta: 0:00:00  loss: 0.0933 (0.1692)  IoU (F channel): 0.1417 (0.1499)  L1 (Dc channel): 0.0017 (0.0018)  L1 (Dn channel): 0.0018 (0.0020)  IoU (P channel): 0.1188 (0.1177)  iter-time: 0.5378
[21:04:36.211377] Epoch: [23] Total time: 0:00:19 (0.8306 s / it)
[21:04:36.211403] [Val] averaged stats: loss: 0.0933 (0.1692)  IoU (F channel): 0.1417 (0.1499)  L1 (Dc channel): 0.0017 (0.0018)  L1 (Dn channel): 0.0018 (0.0020)  IoU (P channel): 0.1188 (0.1177)
[21:04:36.211572] [Val] best loss: 0.1498 best  IoU (F channel): 0.2543 L1 (Dc channel): 0.0028 L1 (Dn channel): 0.0037 IoU (P channel): 0.1971 
EarlyStopping counter: 5 out of 10
[21:04:36.223330] [Time] 7.4m 3.0h/7.7h

[21:04:36.223347] ~~~ Epoch 24/60 ~~~

[21:04:45.716639] Epoch: [24]  [  0/358]  eta: 0:56:37  loss: 0.1124 (0.1124)  IoU (F channel): 0.2065 (0.2065)  L1 (Dc channel): 0.0018 (0.0018)  L1 (Dn channel): 0.0021 (0.0021)  IoU (P channel): 0.1706 (0.1706)  lr: 0.000965  iter-time: 9.4913
[21:04:57.609578] Epoch: [24]  [ 10/358]  eta: 0:11:16  loss: 0.0731 (0.0861)  IoU (F channel): 0.3007 (0.3069)  L1 (Dc channel): 0.0022 (0.0022)  L1 (Dn channel): 0.0016 (0.0016)  IoU (P channel): 0.2256 (0.2361)  lr: 0.000965  iter-time: 1.9439
[21:05:09.400616] Epoch: [24]  [ 20/358]  eta: 0:08:53  loss: 0.0660 (0.0703)  IoU (F channel): 0.3067 (0.3030)  L1 (Dc channel): 0.0022 (0.0020)  L1 (Dn channel): 0.0016 (0.0017)  IoU (P channel): 0.2250 (0.2169)  lr: 0.000965  iter-time: 1.1840
[21:05:21.250499] Epoch: [24]  [ 30/358]  eta: 0:07:56  loss: 0.0542 (0.0725)  IoU (F channel): 0.3052 (0.3084)  L1 (Dc channel): 0.0019 (0.0021)  L1 (Dn channel): 0.0020 (0.0018)  IoU (P channel): 0.2160 (0.2235)  lr: 0.000964  iter-time: 1.1818
[21:05:33.016079] Epoch: [24]  [ 40/358]  eta: 0:07:20  loss: 0.0792 (0.0757)  IoU (F channel): 0.2865 (0.3083)  L1 (Dc channel): 0.0019 (0.0020)  L1 (Dn channel): 0.0019 (0.0018)  IoU (P channel): 0.2270 (0.2218)  lr: 0.000964  iter-time: 1.1806
[21:05:44.453998] Epoch: [24]  [ 50/358]  eta: 0:06:51  loss: 0.0792 (0.0783)  IoU (F channel): 0.2895 (0.3066)  L1 (Dc channel): 0.0019 (0.0020)  L1 (Dn channel): 0.0019 (0.0019)  IoU (P channel): 0.2255 (0.2229)  lr: 0.000963  iter-time: 1.1600
[21:05:56.247227] Epoch: [24]  [ 60/358]  eta: 0:06:30  loss: 0.0900 (0.0821)  IoU (F channel): 0.2784 (0.3014)  L1 (Dc channel): 0.0017 (0.0020)  L1 (Dn channel): 0.0018 (0.0019)  IoU (P channel): 0.1826 (0.2211)  lr: 0.000963  iter-time: 1.1614
[21:06:08.105746] Epoch: [24]  [ 70/358]  eta: 0:06:12  loss: 0.0807 (0.0836)  IoU (F channel): 0.2613 (0.3023)  L1 (Dc channel): 0.0017 (0.0019)  L1 (Dn channel): 0.0017 (0.0019)  IoU (P channel): 0.1851 (0.2217)  lr: 0.000963  iter-time: 1.1824
[21:06:20.083297] Epoch: [24]  [ 80/358]  eta: 0:05:56  loss: 0.0740 (0.0821)  IoU (F channel): 0.2613 (0.2963)  L1 (Dc channel): 0.0015 (0.0019)  L1 (Dn channel): 0.0014 (0.0018)  IoU (P channel): 0.1851 (0.2169)  lr: 0.000962  iter-time: 1.1916
[21:06:31.698734] Epoch: [24]  [ 90/358]  eta: 0:05:40  loss: 0.0730 (0.0824)  IoU (F channel): 0.2974 (0.3043)  L1 (Dc channel): 0.0015 (0.0019)  L1 (Dn channel): 0.0015 (0.0018)  IoU (P channel): 0.2051 (0.2224)  lr: 0.000962  iter-time: 1.1795
[21:06:43.555899] Epoch: [24]  [100/358]  eta: 0:05:25  loss: 0.0730 (0.0813)  IoU (F channel): 0.3393 (0.3053)  L1 (Dc channel): 0.0014 (0.0018)  L1 (Dn channel): 0.0017 (0.0018)  IoU (P channel): 0.2596 (0.2240)  lr: 0.000961  iter-time: 1.1734
[21:06:55.351352] Epoch: [24]  [110/358]  eta: 0:05:10  loss: 0.0606 (0.0794)  IoU (F channel): 0.2871 (0.3052)  L1 (Dc channel): 0.0014 (0.0018)  L1 (Dn channel): 0.0017 (0.0018)  IoU (P channel): 0.2035 (0.2238)  lr: 0.000961  iter-time: 1.1786
[21:07:06.984481] Epoch: [24]  [120/358]  eta: 0:04:56  loss: 0.0606 (0.0789)  IoU (F channel): 0.2955 (0.3082)  L1 (Dc channel): 0.0016 (0.0018)  L1 (Dn channel): 0.0017 (0.0018)  IoU (P channel): 0.2520 (0.2271)  lr: 0.000961  iter-time: 1.1675
[21:07:18.825511] Epoch: [24]  [130/358]  eta: 0:04:42  loss: 0.0571 (0.0781)  IoU (F channel): 0.3165 (0.3059)  L1 (Dc channel): 0.0015 (0.0018)  L1 (Dn channel): 0.0017 (0.0018)  IoU (P channel): 0.2520 (0.2254)  lr: 0.000960  iter-time: 1.1735
[21:07:30.571195] Epoch: [24]  [140/358]  eta: 0:04:29  loss: 0.0869 (0.0804)  IoU (F channel): 0.3204 (0.3092)  L1 (Dc channel): 0.0017 (0.0018)  L1 (Dn channel): 0.0018 (0.0018)  IoU (P channel): 0.2208 (0.2277)  lr: 0.000960  iter-time: 1.1792
[21:07:42.165440] Epoch: [24]  [150/358]  eta: 0:04:15  loss: 0.0907 (0.0809)  IoU (F channel): 0.2716 (0.3053)  L1 (Dc channel): 0.0019 (0.0018)  L1 (Dn channel): 0.0019 (0.0018)  IoU (P channel): 0.1969 (0.2252)  lr: 0.000959  iter-time: 1.1668
[21:07:53.942177] Epoch: [24]  [160/358]  eta: 0:04:03  loss: 0.0775 (0.0816)  IoU (F channel): 0.2239 (0.3037)  L1 (Dc channel): 0.0017 (0.0018)  L1 (Dn channel): 0.0015 (0.0018)  IoU (P channel): 0.1779 (0.2239)  lr: 0.000959  iter-time: 1.1684
[21:08:05.729766] Epoch: [24]  [170/358]  eta: 0:03:50  loss: 0.0719 (0.0810)  IoU (F channel): 0.2935 (0.3051)  L1 (Dc channel): 0.0017 (0.0018)  L1 (Dn channel): 0.0017 (0.0018)  IoU (P channel): 0.2159 (0.2246)  lr: 0.000959  iter-time: 1.1781
[21:08:17.561149] Epoch: [24]  [180/358]  eta: 0:03:37  loss: 0.0616 (0.0813)  IoU (F channel): 0.2959 (0.3043)  L1 (Dc channel): 0.0021 (0.0019)  L1 (Dn channel): 0.0019 (0.0018)  IoU (P channel): 0.2455 (0.2240)  lr: 0.000958  iter-time: 1.1808
[21:08:29.334376] Epoch: [24]  [190/358]  eta: 0:03:24  loss: 0.0811 (0.0825)  IoU (F channel): 0.2421 (0.3032)  L1 (Dc channel): 0.0023 (0.0019)  L1 (Dn channel): 0.0019 (0.0018)  IoU (P channel): 0.1919 (0.2240)  lr: 0.000958  iter-time: 1.1801
[21:08:40.907778] Epoch: [24]  [200/358]  eta: 0:03:12  loss: 0.0916 (0.0826)  IoU (F channel): 0.2755 (0.3035)  L1 (Dc channel): 0.0023 (0.0019)  L1 (Dn channel): 0.0019 (0.0019)  IoU (P channel): 0.2366 (0.2247)  lr: 0.000957  iter-time: 1.1671
[21:08:52.404578] Epoch: [24]  [210/358]  eta: 0:02:59  loss: 0.0790 (0.0827)  IoU (F channel): 0.2767 (0.3037)  L1 (Dc channel): 0.0021 (0.0019)  L1 (Dn channel): 0.0017 (0.0019)  IoU (P channel): 0.2214 (0.2243)  lr: 0.000957  iter-time: 1.1533
[21:09:03.999118] Epoch: [24]  [220/358]  eta: 0:02:47  loss: 0.0782 (0.0830)  IoU (F channel): 0.2725 (0.3030)  L1 (Dc channel): 0.0016 (0.0019)  L1 (Dn channel): 0.0017 (0.0019)  IoU (P channel): 0.1985 (0.2237)  lr: 0.000956  iter-time: 1.1544
[21:09:15.623990] Epoch: [24]  [230/358]  eta: 0:02:34  loss: 0.0734 (0.0828)  IoU (F channel): 0.2646 (0.3017)  L1 (Dc channel): 0.0014 (0.0019)  L1 (Dn channel): 0.0017 (0.0019)  IoU (P channel): 0.1985 (0.2227)  lr: 0.000956  iter-time: 1.1608
[21:09:27.130686] Epoch: [24]  [240/358]  eta: 0:02:22  loss: 0.0815 (0.0830)  IoU (F channel): 0.2816 (0.3032)  L1 (Dc channel): 0.0014 (0.0018)  L1 (Dn channel): 0.0019 (0.0019)  IoU (P channel): 0.2284 (0.2239)  lr: 0.000956  iter-time: 1.1564
[21:09:38.984398] Epoch: [24]  [250/358]  eta: 0:02:10  loss: 0.0722 (0.0823)  IoU (F channel): 0.3100 (0.3043)  L1 (Dc channel): 0.0014 (0.0018)  L1 (Dn channel): 0.0018 (0.0019)  IoU (P channel): 0.2457 (0.2254)  lr: 0.000955  iter-time: 1.1678
[21:09:50.287027] Epoch: [24]  [260/358]  eta: 0:01:57  loss: 0.0653 (0.0821)  IoU (F channel): 0.3103 (0.3058)  L1 (Dc channel): 0.0014 (0.0018)  L1 (Dn channel): 0.0014 (0.0019)  IoU (P channel): 0.2347 (0.2266)  lr: 0.000955  iter-time: 1.1576
[21:10:02.127171] Epoch: [24]  [270/358]  eta: 0:01:45  loss: 0.0786 (0.0823)  IoU (F channel): 0.3229 (0.3058)  L1 (Dc channel): 0.0015 (0.0018)  L1 (Dn channel): 0.0014 (0.0018)  IoU (P channel): 0.2340 (0.2273)  lr: 0.000954  iter-time: 1.1570
[21:10:13.778401] Epoch: [24]  [280/358]  eta: 0:01:33  loss: 0.0793 (0.0819)  IoU (F channel): 0.2883 (0.3044)  L1 (Dc channel): 0.0013 (0.0018)  L1 (Dn channel): 0.0014 (0.0018)  IoU (P channel): 0.1945 (0.2259)  lr: 0.000954  iter-time: 1.1744
[21:10:25.370767] Epoch: [24]  [290/358]  eta: 0:01:21  loss: 0.0637 (0.0820)  IoU (F channel): 0.2521 (0.3034)  L1 (Dc channel): 0.0014 (0.0018)  L1 (Dn channel): 0.0015 (0.0018)  IoU (P channel): 0.1915 (0.2255)  lr: 0.000953  iter-time: 1.1620
[21:10:37.067503] Epoch: [24]  [300/358]  eta: 0:01:09  loss: 0.0698 (0.0817)  IoU (F channel): 0.3054 (0.3041)  L1 (Dc channel): 0.0016 (0.0018)  L1 (Dn channel): 0.0018 (0.0018)  IoU (P channel): 0.2369 (0.2260)  lr: 0.000953  iter-time: 1.1643
[21:10:48.696115] Epoch: [24]  [310/358]  eta: 0:00:57  loss: 0.0698 (0.0817)  IoU (F channel): 0.3130 (0.3056)  L1 (Dc channel): 0.0022 (0.0018)  L1 (Dn channel): 0.0021 (0.0019)  IoU (P channel): 0.2369 (0.2268)  lr: 0.000953  iter-time: 1.1661
[21:11:00.382244] Epoch: [24]  [320/358]  eta: 0:00:45  loss: 0.0691 (0.0818)  IoU (F channel): 0.3704 (0.3073)  L1 (Dc channel): 0.0021 (0.0018)  L1 (Dn channel): 0.0021 (0.0019)  IoU (P channel): 0.2565 (0.2277)  lr: 0.000952  iter-time: 1.1655
[21:11:12.208583] Epoch: [24]  [330/358]  eta: 0:00:33  loss: 0.0677 (0.0819)  IoU (F channel): 0.3299 (0.3080)  L1 (Dc channel): 0.0021 (0.0018)  L1 (Dn channel): 0.0020 (0.0019)  IoU (P channel): 0.2348 (0.2282)  lr: 0.000952  iter-time: 1.1755
[21:11:23.996259] Epoch: [24]  [340/358]  eta: 0:00:21  loss: 0.0730 (0.0826)  IoU (F channel): 0.2757 (0.3088)  L1 (Dc channel): 0.0021 (0.0018)  L1 (Dn channel): 0.0022 (0.0019)  IoU (P channel): 0.2304 (0.2290)  lr: 0.000951  iter-time: 1.1806
[21:11:35.270553] Epoch: [24]  [350/358]  eta: 0:00:09  loss: 0.0827 (0.0831)  IoU (F channel): 0.3285 (0.3093)  L1 (Dc channel): 0.0021 (0.0018)  L1 (Dn channel): 0.0021 (0.0019)  IoU (P channel): 0.2467 (0.2289)  lr: 0.000951  iter-time: 1.1530
[21:11:42.282941] Epoch: [24]  [357/358]  eta: 0:00:01  loss: 0.0842 (0.0829)  IoU (F channel): 0.3082 (0.3080)  L1 (Dc channel): 0.0020 (0.0019)  L1 (Dn channel): 0.0019 (0.0019)  IoU (P channel): 0.2424 (0.2280)  lr: 0.000950  iter-time: 1.0925
[21:11:42.283047] Epoch: [24] Total time: 0:07:06 (1.1901 s / it)
[21:11:42.283080] [Train] averaged stats: loss: 0.0842 (0.0829)  IoU (F channel): 0.3082 (0.3080)  L1 (Dc channel): 0.0020 (0.0019)  L1 (Dn channel): 0.0019 (0.0019)  IoU (P channel): 0.2424 (0.2280)  lr: 0.000950
[21:11:49.482157] Epoch: [24]  [ 0/23]  eta: 0:02:45  loss: 0.0754 (0.0754)  IoU (F channel): 0.0003 (0.0003)  L1 (Dc channel): 0.0012 (0.0012)  L1 (Dn channel): 0.0013 (0.0013)  IoU (P channel): 0.0004 (0.0004)  iter-time: 7.1975
[21:11:55.628495] Epoch: [24]  [10/23]  eta: 0:00:15  loss: 0.0862 (0.1744)  IoU (F channel): 0.2278 (0.1823)  L1 (Dc channel): 0.0014 (0.0015)  L1 (Dn channel): 0.0014 (0.0019)  IoU (P channel): 0.1673 (0.1432)  iter-time: 1.2130
[21:12:00.522704] Epoch: [24]  [20/23]  eta: 0:00:02  loss: 0.0862 (0.1454)  IoU (F channel): 0.2551 (0.2181)  L1 (Dc channel): 0.0014 (0.0014)  L1 (Dn channel): 0.0017 (0.0019)  IoU (P channel): 0.1851 (0.1650)  iter-time: 0.5520
[21:12:00.944176] Epoch: [24]  [22/23]  eta: 0:00:00  loss: 0.0820 (0.1404)  IoU (F channel): 0.2551 (0.2116)  L1 (Dc channel): 0.0014 (0.0014)  L1 (Dn channel): 0.0017 (0.0019)  IoU (P channel): 0.1851 (0.1618)  iter-time: 0.5189
[21:12:00.944298] Epoch: [24] Total time: 0:00:18 (0.8113 s / it)
[21:12:00.944325] [Val] averaged stats: loss: 0.0820 (0.1404)  IoU (F channel): 0.2551 (0.2116)  L1 (Dc channel): 0.0014 (0.0014)  L1 (Dn channel): 0.0017 (0.0019)  IoU (P channel): 0.1851 (0.1618)
[21:12:00.944544] Val loss improved from 0.14980777660789696 to 0.1403782853613729, saving model to metrics/biapy/biapy-channel-scale-zarr-unetr/checkpoints/biapy-channel-scale-zarr-unetr_0-checkpoint-best.pth
[21:12:02.272159] [Val] best loss: 0.1404 best  IoU (F channel): 0.2116 L1 (Dc channel): 0.0014 L1 (Dn channel): 0.0019 IoU (P channel): 0.1618 
[21:12:02.281747] [Time] 7.4m 3.1h/7.7h

[21:12:02.281779] ~~~ Epoch 25/60 ~~~

[21:12:11.446284] Epoch: [25]  [  0/358]  eta: 0:54:40  loss: 0.1086 (0.1086)  IoU (F channel): 0.4151 (0.4151)  L1 (Dc channel): 0.0015 (0.0015)  L1 (Dn channel): 0.0020 (0.0020)  IoU (P channel): 0.2712 (0.2712)  lr: 0.000950  iter-time: 9.1623
[21:12:23.313627] Epoch: [25]  [ 10/358]  eta: 0:11:05  loss: 0.0950 (0.0974)  IoU (F channel): 0.3480 (0.3276)  L1 (Dc channel): 0.0017 (0.0017)  L1 (Dn channel): 0.0018 (0.0018)  IoU (P channel): 0.2480 (0.2360)  lr: 0.000950  iter-time: 1.9117
[21:12:35.101514] Epoch: [25]  [ 20/358]  eta: 0:08:48  loss: 0.0670 (0.0841)  IoU (F channel): 0.3315 (0.3159)  L1 (Dc channel): 0.0017 (0.0018)  L1 (Dn channel): 0.0014 (0.0016)  IoU (P channel): 0.2180 (0.2244)  lr: 0.000949  iter-time: 1.1826
[21:12:47.046582] Epoch: [25]  [ 30/358]  eta: 0:07:53  loss: 0.0705 (0.0824)  IoU (F channel): 0.2903 (0.3059)  L1 (Dc channel): 0.0017 (0.0018)  L1 (Dn channel): 0.0014 (0.0017)  IoU (P channel): 0.2180 (0.2233)  lr: 0.000949  iter-time: 1.1865
[21:12:58.619038] Epoch: [25]  [ 40/358]  eta: 0:07:16  loss: 0.0741 (0.0804)  IoU (F channel): 0.2898 (0.3046)  L1 (Dc channel): 0.0017 (0.0018)  L1 (Dn channel): 0.0017 (0.0017)  IoU (P channel): 0.2324 (0.2264)  lr: 0.000949  iter-time: 1.1757
[21:13:10.451669] Epoch: [25]  [ 50/358]  eta: 0:06:51  loss: 0.0777 (0.0819)  IoU (F channel): 0.3174 (0.3117)  L1 (Dc channel): 0.0017 (0.0018)  L1 (Dn channel): 0.0017 (0.0017)  IoU (P channel): 0.2525 (0.2330)  lr: 0.000948  iter-time: 1.1701
[21:13:21.975758] Epoch: [25]  [ 60/358]  eta: 0:06:29  loss: 0.0712 (0.0803)  IoU (F channel): 0.3213 (0.3173)  L1 (Dc channel): 0.0018 (0.0018)  L1 (Dn channel): 0.0019 (0.0018)  IoU (P channel): 0.2599 (0.2375)  lr: 0.000948  iter-time: 1.1677
[21:13:33.599311] Epoch: [25]  [ 70/358]  eta: 0:06:10  loss: 0.0607 (0.0806)  IoU (F channel): 0.2952 (0.3205)  L1 (Dc channel): 0.0019 (0.0018)  L1 (Dn channel): 0.0019 (0.0018)  IoU (P channel): 0.2273 (0.2377)  lr: 0.000947  iter-time: 1.1572
[21:13:45.410690] Epoch: [25]  [ 80/358]  eta: 0:05:53  loss: 0.0541 (0.0808)  IoU (F channel): 0.2661 (0.3104)  L1 (Dc channel): 0.0019 (0.0018)  L1 (Dn channel): 0.0018 (0.0018)  IoU (P channel): 0.1904 (0.2295)  lr: 0.000947  iter-time: 1.1716
[21:13:57.047265] Epoch: [25]  [ 90/358]  eta: 0:05:37  loss: 0.0672 (0.0820)  IoU (F channel): 0.2770 (0.3141)  L1 (Dc channel): 0.0018 (0.0019)  L1 (Dn channel): 0.0019 (0.0019)  IoU (P channel): 0.1981 (0.2327)  lr: 0.000946  iter-time: 1.1722
[21:14:08.599832] Epoch: [25]  [100/358]  eta: 0:05:22  loss: 0.0738 (0.0818)  IoU (F channel): 0.3121 (0.3095)  L1 (Dc channel): 0.0018 (0.0019)  L1 (Dn channel): 0.0018 (0.0019)  IoU (P channel): 0.2312 (0.2293)  lr: 0.000946  iter-time: 1.1593
[21:14:20.253497] Epoch: [25]  [110/358]  eta: 0:05:08  loss: 0.0692 (0.0800)  IoU (F channel): 0.2895 (0.3096)  L1 (Dc channel): 0.0016 (0.0018)  L1 (Dn channel): 0.0015 (0.0018)  IoU (P channel): 0.2187 (0.2293)  lr: 0.000945  iter-time: 1.1601
[21:14:31.962586] Epoch: [25]  [120/358]  eta: 0:04:54  loss: 0.0704 (0.0797)  IoU (F channel): 0.3043 (0.3117)  L1 (Dc channel): 0.0013 (0.0018)  L1 (Dn channel): 0.0012 (0.0018)  IoU (P channel): 0.2243 (0.2312)  lr: 0.000945  iter-time: 1.1680
[21:14:43.568615] Epoch: [25]  [130/358]  eta: 0:04:40  loss: 0.0768 (0.0792)  IoU (F channel): 0.3105 (0.3094)  L1 (Dc channel): 0.0013 (0.0017)  L1 (Dn channel): 0.0013 (0.0018)  IoU (P channel): 0.2222 (0.2290)  lr: 0.000944  iter-time: 1.1655
[21:14:55.167576] Epoch: [25]  [140/358]  eta: 0:04:27  loss: 0.0557 (0.0792)  IoU (F channel): 0.3273 (0.3126)  L1 (Dc channel): 0.0014 (0.0017)  L1 (Dn channel): 0.0016 (0.0018)  IoU (P channel): 0.2518 (0.2317)  lr: 0.000944  iter-time: 1.1601
[21:15:06.761127] Epoch: [25]  [150/358]  eta: 0:04:14  loss: 0.0653 (0.0786)  IoU (F channel): 0.3462 (0.3126)  L1 (Dc channel): 0.0015 (0.0017)  L1 (Dn channel): 0.0016 (0.0017)  IoU (P channel): 0.2533 (0.2310)  lr: 0.000943  iter-time: 1.1595
[21:15:18.353926] Epoch: [25]  [160/358]  eta: 0:04:01  loss: 0.0653 (0.0784)  IoU (F channel): 0.2918 (0.3115)  L1 (Dc channel): 0.0015 (0.0017)  L1 (Dn channel): 0.0014 (0.0017)  IoU (P channel): 0.2084 (0.2307)  lr: 0.000943  iter-time: 1.1592
[21:15:30.075541] Epoch: [25]  [170/358]  eta: 0:03:48  loss: 0.0661 (0.0786)  IoU (F channel): 0.2938 (0.3125)  L1 (Dc channel): 0.0014 (0.0017)  L1 (Dn channel): 0.0013 (0.0017)  IoU (P channel): 0.2363 (0.2321)  lr: 0.000942  iter-time: 1.1656
[21:15:41.858922] Epoch: [25]  [180/358]  eta: 0:03:35  loss: 0.0662 (0.0779)  IoU (F channel): 0.3043 (0.3123)  L1 (Dc channel): 0.0012 (0.0016)  L1 (Dn channel): 0.0013 (0.0017)  IoU (P channel): 0.2219 (0.2315)  lr: 0.000942  iter-time: 1.1751
[21:15:53.235363] Epoch: [25]  [190/358]  eta: 0:03:23  loss: 0.0709 (0.0785)  IoU (F channel): 0.3032 (0.3135)  L1 (Dc channel): 0.0013 (0.0016)  L1 (Dn channel): 0.0013 (0.0017)  IoU (P channel): 0.1988 (0.2329)  lr: 0.000941  iter-time: 1.1578
[21:16:05.023978] Epoch: [25]  [200/358]  eta: 0:03:10  loss: 0.0816 (0.0791)  IoU (F channel): 0.2957 (0.3128)  L1 (Dc channel): 0.0018 (0.0017)  L1 (Dn channel): 0.0019 (0.0017)  IoU (P channel): 0.2208 (0.2320)  lr: 0.000941  iter-time: 1.1580
[21:16:16.701767] Epoch: [25]  [210/358]  eta: 0:02:58  loss: 0.0816 (0.0794)  IoU (F channel): 0.2922 (0.3137)  L1 (Dc channel): 0.0019 (0.0017)  L1 (Dn channel): 0.0018 (0.0017)  IoU (P channel): 0.2212 (0.2324)  lr: 0.000940  iter-time: 1.1731
[21:16:28.262889] Epoch: [25]  [220/358]  eta: 0:02:46  loss: 0.0623 (0.0787)  IoU (F channel): 0.2922 (0.3153)  L1 (Dc channel): 0.0017 (0.0017)  L1 (Dn channel): 0.0016 (0.0017)  IoU (P channel): 0.2292 (0.2327)  lr: 0.000940  iter-time: 1.1618
[21:16:39.642627] Epoch: [25]  [230/358]  eta: 0:02:33  loss: 0.0653 (0.0792)  IoU (F channel): 0.2630 (0.3139)  L1 (Dc channel): 0.0013 (0.0017)  L1 (Dn channel): 0.0014 (0.0017)  IoU (P channel): 0.1909 (0.2320)  lr: 0.000939  iter-time: 1.1469
[21:16:51.216569] Epoch: [25]  [240/358]  eta: 0:02:21  loss: 0.0767 (0.0788)  IoU (F channel): 0.2630 (0.3136)  L1 (Dc channel): 0.0012 (0.0016)  L1 (Dn channel): 0.0011 (0.0017)  IoU (P channel): 0.1909 (0.2318)  lr: 0.000939  iter-time: 1.1475
[21:17:02.731690] Epoch: [25]  [250/358]  eta: 0:02:09  loss: 0.0635 (0.0789)  IoU (F channel): 0.2976 (0.3128)  L1 (Dc channel): 0.0012 (0.0016)  L1 (Dn channel): 0.0011 (0.0017)  IoU (P channel): 0.2253 (0.2312)  lr: 0.000938  iter-time: 1.1542
[21:17:14.534854] Epoch: [25]  [260/358]  eta: 0:01:57  loss: 0.0603 (0.0788)  IoU (F channel): 0.2969 (0.3112)  L1 (Dc channel): 0.0012 (0.0016)  L1 (Dn channel): 0.0012 (0.0017)  IoU (P channel): 0.1917 (0.2302)  lr: 0.000938  iter-time: 1.1657
[21:17:26.360913] Epoch: [25]  [270/358]  eta: 0:01:45  loss: 0.0811 (0.0795)  IoU (F channel): 0.3037 (0.3126)  L1 (Dc channel): 0.0012 (0.0016)  L1 (Dn channel): 0.0012 (0.0017)  IoU (P channel): 0.2053 (0.2307)  lr: 0.000937  iter-time: 1.1813
[21:17:38.216890] Epoch: [25]  [280/358]  eta: 0:01:33  loss: 0.0697 (0.0794)  IoU (F channel): 0.3589 (0.3139)  L1 (Dc channel): 0.0013 (0.0016)  L1 (Dn channel): 0.0015 (0.0017)  IoU (P channel): 0.2559 (0.2311)  lr: 0.000937  iter-time: 1.1839
[21:17:49.829836] Epoch: [25]  [290/358]  eta: 0:01:21  loss: 0.0695 (0.0792)  IoU (F channel): 0.3437 (0.3148)  L1 (Dc channel): 0.0016 (0.0016)  L1 (Dn channel): 0.0015 (0.0016)  IoU (P channel): 0.2453 (0.2322)  lr: 0.000936  iter-time: 1.1732
[21:18:01.522688] Epoch: [25]  [300/358]  eta: 0:01:09  loss: 0.0710 (0.0792)  IoU (F channel): 0.3241 (0.3160)  L1 (Dc channel): 0.0016 (0.0016)  L1 (Dn channel): 0.0014 (0.0016)  IoU (P channel): 0.2507 (0.2332)  lr: 0.000936  iter-time: 1.1651
[21:18:13.281968] Epoch: [25]  [310/358]  eta: 0:00:57  loss: 0.0681 (0.0793)  IoU (F channel): 0.3241 (0.3171)  L1 (Dc channel): 0.0015 (0.0016)  L1 (Dn channel): 0.0018 (0.0017)  IoU (P channel): 0.2510 (0.2349)  lr: 0.000935  iter-time: 1.1724
[21:18:25.012695] Epoch: [25]  [320/358]  eta: 0:00:45  loss: 0.0704 (0.0794)  IoU (F channel): 0.3222 (0.3180)  L1 (Dc channel): 0.0016 (0.0016)  L1 (Dn channel): 0.0018 (0.0017)  IoU (P channel): 0.2517 (0.2352)  lr: 0.000935  iter-time: 1.1743
[21:18:36.836171] Epoch: [25]  [330/358]  eta: 0:00:33  loss: 0.0613 (0.0787)  IoU (F channel): 0.3615 (0.3193)  L1 (Dc channel): 0.0015 (0.0016)  L1 (Dn channel): 0.0015 (0.0017)  IoU (P channel): 0.2517 (0.2367)  lr: 0.000934  iter-time: 1.1775
[21:18:48.912983] Epoch: [25]  [340/358]  eta: 0:00:21  loss: 0.0611 (0.0789)  IoU (F channel): 0.3237 (0.3194)  L1 (Dc channel): 0.0014 (0.0016)  L1 (Dn channel): 0.0015 (0.0017)  IoU (P channel): 0.2384 (0.2368)  lr: 0.000934  iter-time: 1.1948
[21:19:00.186774] Epoch: [25]  [350/358]  eta: 0:00:09  loss: 0.0700 (0.0789)  IoU (F channel): 0.2982 (0.3199)  L1 (Dc channel): 0.0018 (0.0016)  L1 (Dn channel): 0.0017 (0.0017)  IoU (P channel): 0.2334 (0.2371)  lr: 0.000933  iter-time: 1.1673
[21:19:07.193426] Epoch: [25]  [357/358]  eta: 0:00:01  loss: 0.0696 (0.0786)  IoU (F channel): 0.2980 (0.3192)  L1 (Dc channel): 0.0018 (0.0016)  L1 (Dn channel): 0.0017 (0.0017)  IoU (P channel): 0.2134 (0.2369)  lr: 0.000933  iter-time: 1.0965
[21:19:07.193621] Epoch: [25] Total time: 0:07:04 (1.1869 s / it)
[21:19:07.193655] [Train] averaged stats: loss: 0.0696 (0.0786)  IoU (F channel): 0.2980 (0.3192)  L1 (Dc channel): 0.0018 (0.0016)  L1 (Dn channel): 0.0017 (0.0017)  IoU (P channel): 0.2134 (0.2369)  lr: 0.000933
[21:19:15.326297] Epoch: [25]  [ 0/23]  eta: 0:03:07  loss: 0.0652 (0.0652)  IoU (F channel): 0.0015 (0.0015)  L1 (Dc channel): 0.0017 (0.0017)  L1 (Dn channel): 0.0013 (0.0013)  IoU (P channel): 0.0021 (0.0021)  iter-time: 8.1311
[21:19:21.536122] Epoch: [25]  [10/23]  eta: 0:00:16  loss: 0.0816 (0.1477)  IoU (F channel): 0.2536 (0.2165)  L1 (Dc channel): 0.0019 (0.0020)  L1 (Dn channel): 0.0015 (0.0020)  IoU (P channel): 0.2052 (0.1705)  iter-time: 1.3037
[21:19:26.680999] Epoch: [25]  [20/23]  eta: 0:00:02  loss: 0.0887 (0.1413)  IoU (F channel): 0.2698 (0.2522)  L1 (Dc channel): 0.0019 (0.0020)  L1 (Dn channel): 0.0017 (0.0020)  IoU (P channel): 0.2160 (0.1923)  iter-time: 0.5677
[21:19:27.101976] Epoch: [25]  [22/23]  eta: 0:00:00  loss: 0.0887 (0.1348)  IoU (F channel): 0.2616 (0.2416)  L1 (Dc channel): 0.0019 (0.0020)  L1 (Dn channel): 0.0018 (0.0019)  IoU (P channel): 0.2160 (0.1863)  iter-time: 0.5446
[21:19:27.102061] Epoch: [25] Total time: 0:00:19 (0.8655 s / it)
[21:19:27.102086] [Val] averaged stats: loss: 0.0887 (0.1348)  IoU (F channel): 0.2616 (0.2416)  L1 (Dc channel): 0.0019 (0.0020)  L1 (Dn channel): 0.0018 (0.0019)  IoU (P channel): 0.2160 (0.1863)
[21:19:27.102290] Val loss improved from 0.1403782853613729 to 0.13479613731412785, saving model to metrics/biapy/biapy-channel-scale-zarr-unetr/checkpoints/biapy-channel-scale-zarr-unetr_0-checkpoint-best.pth
[21:19:28.297816] [Val] best loss: 0.1348 best  IoU (F channel): 0.2416 L1 (Dc channel): 0.0020 L1 (Dn channel): 0.0019 IoU (P channel): 0.1863 
[21:19:28.308123] Creating training plots . . .
[21:19:35.026245] [Time] 7.5m 3.2h/7.8h

[21:19:35.026295] ~~~ Epoch 26/60 ~~~

[21:19:41.264234] Epoch: [26]  [  0/358]  eta: 0:37:12  loss: 0.0685 (0.0685)  IoU (F channel): 0.1852 (0.1852)  L1 (Dc channel): 0.0019 (0.0019)  L1 (Dn channel): 0.0016 (0.0016)  IoU (P channel): 0.1892 (0.1892)  lr: 0.000933  iter-time: 6.2351
[21:19:53.677767] Epoch: [26]  [ 10/358]  eta: 0:09:49  loss: 0.0587 (0.0719)  IoU (F channel): 0.3324 (0.3472)  L1 (Dc channel): 0.0017 (0.0018)  L1 (Dn channel): 0.0015 (0.0016)  IoU (P channel): 0.2462 (0.2515)  lr: 0.000932  iter-time: 1.6952
[21:20:05.436060] Epoch: [26]  [ 20/358]  eta: 0:08:09  loss: 0.0587 (0.0738)  IoU (F channel): 0.2970 (0.3086)  L1 (Dc channel): 0.0017 (0.0017)  L1 (Dn channel): 0.0015 (0.0015)  IoU (P channel): 0.2450 (0.2318)  lr: 0.000932  iter-time: 1.2084
[21:20:17.184034] Epoch: [26]  [ 30/358]  eta: 0:07:25  loss: 0.0727 (0.0763)  IoU (F channel): 0.3211 (0.3208)  L1 (Dc channel): 0.0014 (0.0016)  L1 (Dn channel): 0.0015 (0.0016)  IoU (P channel): 0.2596 (0.2424)  lr: 0.000931  iter-time: 1.1751
[21:20:28.783053] Epoch: [26]  [ 40/358]  eta: 0:06:56  loss: 0.0740 (0.0749)  IoU (F channel): 0.3458 (0.3312)  L1 (Dc channel): 0.0011 (0.0015)  L1 (Dn channel): 0.0014 (0.0016)  IoU (P channel): 0.2656 (0.2484)  lr: 0.000931  iter-time: 1.1672
[21:20:40.402450] Epoch: [26]  [ 50/358]  eta: 0:06:34  loss: 0.0684 (0.0738)  IoU (F channel): 0.3531 (0.3298)  L1 (Dc channel): 0.0013 (0.0015)  L1 (Dn channel): 0.0017 (0.0016)  IoU (P channel): 0.2792 (0.2503)  lr: 0.000930  iter-time: 1.1608
[21:20:52.227890] Epoch: [26]  [ 60/358]  eta: 0:06:17  loss: 0.0684 (0.0767)  IoU (F channel): 0.3182 (0.3247)  L1 (Dc channel): 0.0017 (0.0016)  L1 (Dn channel): 0.0017 (0.0016)  IoU (P channel): 0.2376 (0.2438)  lr: 0.000930  iter-time: 1.1721
[21:21:03.892683] Epoch: [26]  [ 70/358]  eta: 0:06:00  loss: 0.0749 (0.0792)  IoU (F channel): 0.3090 (0.3242)  L1 (Dc channel): 0.0017 (0.0016)  L1 (Dn channel): 0.0015 (0.0016)  IoU (P channel): 0.2193 (0.2433)  lr: 0.000929  iter-time: 1.1743
[21:21:15.446050] Epoch: [26]  [ 80/358]  eta: 0:05:44  loss: 0.0787 (0.0788)  IoU (F channel): 0.2841 (0.3210)  L1 (Dc channel): 0.0017 (0.0016)  L1 (Dn channel): 0.0013 (0.0016)  IoU (P channel): 0.1953 (0.2382)  lr: 0.000929  iter-time: 1.1606
[21:21:27.130233] Epoch: [26]  [ 90/358]  eta: 0:05:30  loss: 0.0712 (0.0796)  IoU (F channel): 0.2841 (0.3181)  L1 (Dc channel): 0.0015 (0.0016)  L1 (Dn channel): 0.0013 (0.0016)  IoU (P channel): 0.1953 (0.2368)  lr: 0.000928  iter-time: 1.1616
[21:21:38.966575] Epoch: [26]  [100/358]  eta: 0:05:16  loss: 0.0869 (0.0811)  IoU (F channel): 0.2799 (0.3165)  L1 (Dc channel): 0.0013 (0.0015)  L1 (Dn channel): 0.0014 (0.0016)  IoU (P channel): 0.2455 (0.2367)  lr: 0.000928  iter-time: 1.1759
[21:21:50.645437] Epoch: [26]  [110/358]  eta: 0:05:02  loss: 0.0869 (0.0815)  IoU (F channel): 0.3171 (0.3185)  L1 (Dc channel): 0.0013 (0.0015)  L1 (Dn channel): 0.0014 (0.0016)  IoU (P channel): 0.2266 (0.2383)  lr: 0.000927  iter-time: 1.1756
[21:22:02.669353] Epoch: [26]  [120/358]  eta: 0:04:50  loss: 0.0683 (0.0804)  IoU (F channel): 0.3183 (0.3146)  L1 (Dc channel): 0.0013 (0.0015)  L1 (Dn channel): 0.0013 (0.0016)  IoU (P channel): 0.2249 (0.2350)  lr: 0.000927  iter-time: 1.1850
[21:22:14.368378] Epoch: [26]  [130/358]  eta: 0:04:37  loss: 0.0750 (0.0820)  IoU (F channel): 0.3099 (0.3151)  L1 (Dc channel): 0.0014 (0.0015)  L1 (Dn channel): 0.0014 (0.0016)  IoU (P channel): 0.2056 (0.2356)  lr: 0.000926  iter-time: 1.1860
[21:22:26.268377] Epoch: [26]  [140/358]  eta: 0:04:24  loss: 0.0787 (0.0823)  IoU (F channel): 0.3041 (0.3166)  L1 (Dc channel): 0.0016 (0.0015)  L1 (Dn channel): 0.0014 (0.0016)  IoU (P channel): 0.2420 (0.2374)  lr: 0.000925  iter-time: 1.1798
[21:22:37.828956] Epoch: [26]  [150/358]  eta: 0:04:11  loss: 0.0702 (0.0817)  IoU (F channel): 0.3041 (0.3167)  L1 (Dc channel): 0.0016 (0.0015)  L1 (Dn channel): 0.0015 (0.0016)  IoU (P channel): 0.2498 (0.2374)  lr: 0.000925  iter-time: 1.1729
[21:22:49.402229] Epoch: [26]  [160/358]  eta: 0:03:59  loss: 0.0545 (0.0802)  IoU (F channel): 0.3181 (0.3178)  L1 (Dc channel): 0.0015 (0.0015)  L1 (Dn channel): 0.0015 (0.0016)  IoU (P channel): 0.2531 (0.2380)  lr: 0.000924  iter-time: 1.1565
[21:23:01.189104] Epoch: [26]  [170/358]  eta: 0:03:46  loss: 0.0545 (0.0791)  IoU (F channel): 0.3260 (0.3183)  L1 (Dc channel): 0.0014 (0.0015)  L1 (Dn channel): 0.0015 (0.0016)  IoU (P channel): 0.2611 (0.2386)  lr: 0.000924  iter-time: 1.1679
[21:23:12.997832] Epoch: [26]  [180/358]  eta: 0:03:34  loss: 0.0625 (0.0798)  IoU (F channel): 0.3033 (0.3179)  L1 (Dc channel): 0.0012 (0.0015)  L1 (Dn channel): 0.0014 (0.0016)  IoU (P channel): 0.2342 (0.2383)  lr: 0.000923  iter-time: 1.1796
[21:23:24.901020] Epoch: [26]  [190/358]  eta: 0:03:22  loss: 0.0777 (0.0800)  IoU (F channel): 0.3132 (0.3203)  L1 (Dc channel): 0.0013 (0.0015)  L1 (Dn channel): 0.0014 (0.0016)  IoU (P channel): 0.2213 (0.2406)  lr: 0.000923  iter-time: 1.1854
[21:23:36.727094] Epoch: [26]  [200/358]  eta: 0:03:09  loss: 0.0760 (0.0803)  IoU (F channel): 0.3132 (0.3192)  L1 (Dc channel): 0.0015 (0.0015)  L1 (Dn channel): 0.0016 (0.0016)  IoU (P channel): 0.2291 (0.2401)  lr: 0.000922  iter-time: 1.1863
[21:23:48.218880] Epoch: [26]  [210/358]  eta: 0:02:57  loss: 0.0618 (0.0797)  IoU (F channel): 0.3107 (0.3190)  L1 (Dc channel): 0.0015 (0.0015)  L1 (Dn channel): 0.0018 (0.0016)  IoU (P channel): 0.2144 (0.2401)  lr: 0.000922  iter-time: 1.1657
[21:24:00.026485] Epoch: [26]  [220/358]  eta: 0:02:45  loss: 0.0561 (0.0790)  IoU (F channel): 0.3266 (0.3219)  L1 (Dc channel): 0.0017 (0.0015)  L1 (Dn channel): 0.0017 (0.0016)  IoU (P channel): 0.2464 (0.2414)  lr: 0.000921  iter-time: 1.1648
[21:24:11.662543] Epoch: [26]  [230/358]  eta: 0:02:33  loss: 0.0579 (0.0785)  IoU (F channel): 0.3410 (0.3219)  L1 (Dc channel): 0.0016 (0.0015)  L1 (Dn channel): 0.0016 (0.0016)  IoU (P channel): 0.2464 (0.2403)  lr: 0.000920  iter-time: 1.1720
[21:24:23.269528] Epoch: [26]  [240/358]  eta: 0:02:21  loss: 0.0601 (0.0787)  IoU (F channel): 0.2733 (0.3193)  L1 (Dc channel): 0.0017 (0.0015)  L1 (Dn channel): 0.0016 (0.0016)  IoU (P channel): 0.1991 (0.2386)  lr: 0.000920  iter-time: 1.1620
[21:24:34.902389] Epoch: [26]  [250/358]  eta: 0:02:09  loss: 0.0696 (0.0783)  IoU (F channel): 0.3129 (0.3212)  L1 (Dc channel): 0.0017 (0.0016)  L1 (Dn channel): 0.0017 (0.0016)  IoU (P channel): 0.2430 (0.2399)  lr: 0.000919  iter-time: 1.1618
[21:24:46.375409] Epoch: [26]  [260/358]  eta: 0:01:56  loss: 0.0593 (0.0776)  IoU (F channel): 0.3411 (0.3201)  L1 (Dc channel): 0.0017 (0.0016)  L1 (Dn channel): 0.0017 (0.0016)  IoU (P channel): 0.2437 (0.2388)  lr: 0.000919  iter-time: 1.1551
[21:24:58.264565] Epoch: [26]  [270/358]  eta: 0:01:44  loss: 0.0593 (0.0775)  IoU (F channel): 0.3133 (0.3208)  L1 (Dc channel): 0.0018 (0.0016)  L1 (Dn channel): 0.0016 (0.0016)  IoU (P channel): 0.2144 (0.2391)  lr: 0.000918  iter-time: 1.1679
[21:25:10.123660] Epoch: [26]  [280/358]  eta: 0:01:33  loss: 0.0620 (0.0769)  IoU (F channel): 0.3251 (0.3221)  L1 (Dc channel): 0.0017 (0.0016)  L1 (Dn channel): 0.0016 (0.0016)  IoU (P channel): 0.2589 (0.2398)  lr: 0.000918  iter-time: 1.1872
[21:25:21.710800] Epoch: [26]  [290/358]  eta: 0:01:20  loss: 0.0660 (0.0765)  IoU (F channel): 0.2918 (0.3210)  L1 (Dc channel): 0.0016 (0.0016)  L1 (Dn channel): 0.0015 (0.0016)  IoU (P channel): 0.2121 (0.2394)  lr: 0.000917  iter-time: 1.1721
[21:25:33.352719] Epoch: [26]  [300/358]  eta: 0:01:09  loss: 0.0732 (0.0768)  IoU (F channel): 0.3024 (0.3232)  L1 (Dc channel): 0.0017 (0.0016)  L1 (Dn channel): 0.0016 (0.0016)  IoU (P channel): 0.2470 (0.2412)  lr: 0.000916  iter-time: 1.1612
[21:25:45.081279] Epoch: [26]  [310/358]  eta: 0:00:57  loss: 0.0622 (0.0768)  IoU (F channel): 0.3024 (0.3208)  L1 (Dc channel): 0.0018 (0.0016)  L1 (Dn channel): 0.0016 (0.0017)  IoU (P channel): 0.2470 (0.2394)  lr: 0.000916  iter-time: 1.1683
[21:25:56.783155] Epoch: [26]  [320/358]  eta: 0:00:45  loss: 0.0622 (0.0764)  IoU (F channel): 0.3004 (0.3213)  L1 (Dc channel): 0.0017 (0.0016)  L1 (Dn channel): 0.0017 (0.0017)  IoU (P channel): 0.2275 (0.2401)  lr: 0.000915  iter-time: 1.1713
[21:26:08.522902] Epoch: [26]  [330/358]  eta: 0:00:33  loss: 0.0661 (0.0765)  IoU (F channel): 0.3477 (0.3219)  L1 (Dc channel): 0.0017 (0.0016)  L1 (Dn channel): 0.0018 (0.0017)  IoU (P channel): 0.2815 (0.2408)  lr: 0.000915  iter-time: 1.1719
[21:26:20.496308] Epoch: [26]  [340/358]  eta: 0:00:21  loss: 0.0661 (0.0766)  IoU (F channel): 0.2673 (0.3206)  L1 (Dc channel): 0.0015 (0.0016)  L1 (Dn channel): 0.0017 (0.0017)  IoU (P channel): 0.2114 (0.2399)  lr: 0.000914  iter-time: 1.1855
[21:26:31.832789] Epoch: [26]  [350/358]  eta: 0:00:09  loss: 0.0724 (0.0773)  IoU (F channel): 0.2363 (0.3183)  L1 (Dc channel): 0.0015 (0.0016)  L1 (Dn channel): 0.0014 (0.0017)  IoU (P channel): 0.1777 (0.2380)  lr: 0.000913  iter-time: 1.1653
[21:26:38.842400] Epoch: [26]  [357/358]  eta: 0:00:01  loss: 0.0807 (0.0783)  IoU (F channel): 0.2014 (0.3163)  L1 (Dc channel): 0.0015 (0.0016)  L1 (Dn channel): 0.0014 (0.0017)  IoU (P channel): 0.1631 (0.2360)  lr: 0.000913  iter-time: 1.0946
[21:26:38.842514] Epoch: [26] Total time: 0:07:03 (1.1838 s / it)
[21:26:38.842559] [Train] averaged stats: loss: 0.0807 (0.0783)  IoU (F channel): 0.2014 (0.3163)  L1 (Dc channel): 0.0015 (0.0016)  L1 (Dn channel): 0.0014 (0.0017)  IoU (P channel): 0.1631 (0.2360)  lr: 0.000913
[21:26:46.983676] Epoch: [26]  [ 0/23]  eta: 0:03:07  loss: 0.1115 (0.1115)  IoU (F channel): 0.0017 (0.0017)  L1 (Dc channel): 0.0023 (0.0023)  L1 (Dn channel): 0.0013 (0.0013)  IoU (P channel): 0.0024 (0.0024)  iter-time: 8.1391
[21:26:55.266368] Epoch: [26]  [10/23]  eta: 0:00:19  loss: 0.1212 (0.2214)  IoU (F channel): 0.1180 (0.1246)  L1 (Dc channel): 0.0026 (0.0026)  L1 (Dn channel): 0.0015 (0.0020)  IoU (P channel): 0.1275 (0.1062)  iter-time: 1.4928
[21:26:59.751353] Epoch: [26]  [20/23]  eta: 0:00:02  loss: 0.1250 (0.1953)  IoU (F channel): 0.1454 (0.1524)  L1 (Dc channel): 0.0026 (0.0026)  L1 (Dn channel): 0.0016 (0.0019)  IoU (P channel): 0.1321 (0.1246)  iter-time: 0.6383
[21:27:00.558342] Epoch: [26]  [22/23]  eta: 0:00:00  loss: 0.1250 (0.1887)  IoU (F channel): 0.1454 (0.1485)  L1 (Dc channel): 0.0026 (0.0026)  L1 (Dn channel): 0.0016 (0.0019)  IoU (P channel): 0.1321 (0.1230)  iter-time: 0.6392
[21:27:00.558440] Epoch: [26] Total time: 0:00:21 (0.9441 s / it)
[21:27:00.558466] [Val] averaged stats: loss: 0.1250 (0.1887)  IoU (F channel): 0.1454 (0.1485)  L1 (Dc channel): 0.0026 (0.0026)  L1 (Dn channel): 0.0016 (0.0019)  IoU (P channel): 0.1321 (0.1230)
[21:27:00.558656] [Val] best loss: 0.1348 best  IoU (F channel): 0.2416 L1 (Dc channel): 0.0020 L1 (Dn channel): 0.0019 IoU (P channel): 0.1863 
EarlyStopping counter: 1 out of 10
[21:27:00.569786] [Time] 7.4m 3.4h/7.7h

[21:27:00.569803] ~~~ Epoch 27/60 ~~~

[21:27:08.650453] Epoch: [27]  [  0/358]  eta: 0:48:12  loss: 0.0927 (0.0927)  IoU (F channel): 0.1305 (0.1305)  L1 (Dc channel): 0.0025 (0.0025)  L1 (Dn channel): 0.0015 (0.0015)  IoU (P channel): 0.1157 (0.1157)  lr: 0.000913  iter-time: 8.0787
[21:27:20.542660] Epoch: [27]  [ 10/358]  eta: 0:10:31  loss: 0.0931 (0.1048)  IoU (F channel): 0.2899 (0.2536)  L1 (Dc channel): 0.0017 (0.0018)  L1 (Dn channel): 0.0016 (0.0017)  IoU (P channel): 0.2314 (0.1995)  lr: 0.000912  iter-time: 1.8154
[21:27:32.362980] Epoch: [27]  [ 20/358]  eta: 0:08:31  loss: 0.1053 (0.1049)  IoU (F channel): 0.2952 (0.2955)  L1 (Dc channel): 0.0016 (0.0018)  L1 (Dn channel): 0.0015 (0.0017)  IoU (P channel): 0.2418 (0.2157)  lr: 0.000912  iter-time: 1.1854
[21:27:43.694750] Epoch: [27]  [ 30/358]  eta: 0:07:36  loss: 0.0923 (0.0997)  IoU (F channel): 0.2964 (0.2952)  L1 (Dc channel): 0.0015 (0.0016)  L1 (Dn channel): 0.0014 (0.0016)  IoU (P channel): 0.1946 (0.2111)  lr: 0.000911  iter-time: 1.1574
[21:27:55.231965] Epoch: [27]  [ 40/358]  eta: 0:07:03  loss: 0.0621 (0.0943)  IoU (F channel): 0.2459 (0.2902)  L1 (Dc channel): 0.0013 (0.0016)  L1 (Dn channel): 0.0011 (0.0015)  IoU (P channel): 0.1946 (0.2112)  lr: 0.000911  iter-time: 1.1433
[21:28:06.905485] Epoch: [27]  [ 50/358]  eta: 0:06:40  loss: 0.0708 (0.0957)  IoU (F channel): 0.2459 (0.2854)  L1 (Dc channel): 0.0015 (0.0016)  L1 (Dn channel): 0.0014 (0.0016)  IoU (P channel): 0.2026 (0.2065)  lr: 0.000910  iter-time: 1.1604
[21:28:18.840808] Epoch: [27]  [ 60/358]  eta: 0:06:22  loss: 0.0708 (0.0910)  IoU (F channel): 0.2869 (0.2925)  L1 (Dc channel): 0.0014 (0.0016)  L1 (Dn channel): 0.0017 (0.0016)  IoU (P channel): 0.2029 (0.2150)  lr: 0.000909  iter-time: 1.1803
[21:28:30.545549] Epoch: [27]  [ 70/358]  eta: 0:06:04  loss: 0.0643 (0.0885)  IoU (F channel): 0.3222 (0.2946)  L1 (Dc channel): 0.0015 (0.0016)  L1 (Dn channel): 0.0016 (0.0016)  IoU (P channel): 0.2368 (0.2169)  lr: 0.000909  iter-time: 1.1819
[21:28:42.274629] Epoch: [27]  [ 80/358]  eta: 0:05:49  loss: 0.0712 (0.0885)  IoU (F channel): 0.3207 (0.2975)  L1 (Dc channel): 0.0016 (0.0016)  L1 (Dn channel): 0.0016 (0.0016)  IoU (P channel): 0.2364 (0.2179)  lr: 0.000908  iter-time: 1.1715
[21:28:53.785373] Epoch: [27]  [ 90/358]  eta: 0:05:33  loss: 0.0543 (0.0849)  IoU (F channel): 0.3268 (0.3005)  L1 (Dc channel): 0.0014 (0.0016)  L1 (Dn channel): 0.0014 (0.0016)  IoU (P channel): 0.2451 (0.2204)  lr: 0.000908  iter-time: 1.1618
[21:29:05.650487] Epoch: [27]  [100/358]  eta: 0:05:19  loss: 0.0514 (0.0832)  IoU (F channel): 0.3258 (0.3004)  L1 (Dc channel): 0.0010 (0.0015)  L1 (Dn channel): 0.0014 (0.0016)  IoU (P channel): 0.2123 (0.2188)  lr: 0.000907  iter-time: 1.1686
[21:29:17.336721] Epoch: [27]  [110/358]  eta: 0:05:05  loss: 0.0517 (0.0811)  IoU (F channel): 0.3070 (0.3016)  L1 (Dc channel): 0.0012 (0.0015)  L1 (Dn channel): 0.0015 (0.0016)  IoU (P channel): 0.1928 (0.2188)  lr: 0.000906  iter-time: 1.1774
[21:29:29.026293] Epoch: [27]  [120/358]  eta: 0:04:51  loss: 0.0670 (0.0814)  IoU (F channel): 0.3070 (0.3046)  L1 (Dc channel): 0.0014 (0.0015)  L1 (Dn channel): 0.0016 (0.0016)  IoU (P channel): 0.2152 (0.2209)  lr: 0.000906  iter-time: 1.1686
[21:29:40.833381] Epoch: [27]  [130/358]  eta: 0:04:38  loss: 0.0777 (0.0824)  IoU (F channel): 0.2894 (0.2994)  L1 (Dc channel): 0.0016 (0.0015)  L1 (Dn channel): 0.0016 (0.0016)  IoU (P channel): 0.2140 (0.2173)  lr: 0.000905  iter-time: 1.1747
[21:29:52.463572] Epoch: [27]  [140/358]  eta: 0:04:25  loss: 0.0720 (0.0820)  IoU (F channel): 0.2710 (0.2991)  L1 (Dc channel): 0.0014 (0.0015)  L1 (Dn channel): 0.0015 (0.0016)  IoU (P channel): 0.1960 (0.2167)  lr: 0.000905  iter-time: 1.1717
[21:30:04.259607] Epoch: [27]  [150/358]  eta: 0:04:12  loss: 0.0612 (0.0807)  IoU (F channel): 0.3359 (0.3021)  L1 (Dc channel): 0.0016 (0.0016)  L1 (Dn channel): 0.0015 (0.0016)  IoU (P channel): 0.2384 (0.2182)  lr: 0.000904  iter-time: 1.1711
[21:30:16.173802] Epoch: [27]  [160/358]  eta: 0:04:00  loss: 0.0612 (0.0805)  IoU (F channel): 0.3450 (0.3035)  L1 (Dc channel): 0.0016 (0.0016)  L1 (Dn channel): 0.0015 (0.0016)  IoU (P channel): 0.2438 (0.2191)  lr: 0.000903  iter-time: 1.1853
[21:30:27.806841] Epoch: [27]  [170/358]  eta: 0:03:47  loss: 0.0648 (0.0802)  IoU (F channel): 0.3131 (0.3041)  L1 (Dc channel): 0.0015 (0.0016)  L1 (Dn channel): 0.0015 (0.0016)  IoU (P channel): 0.2296 (0.2194)  lr: 0.000903  iter-time: 1.1772
[21:30:39.444168] Epoch: [27]  [180/358]  eta: 0:03:35  loss: 0.0721 (0.0817)  IoU (F channel): 0.3076 (0.3055)  L1 (Dc channel): 0.0017 (0.0016)  L1 (Dn channel): 0.0017 (0.0016)  IoU (P channel): 0.2584 (0.2222)  lr: 0.000902  iter-time: 1.1633
[21:30:51.099336] Epoch: [27]  [190/358]  eta: 0:03:22  loss: 0.0703 (0.0807)  IoU (F channel): 0.3076 (0.3065)  L1 (Dc channel): 0.0017 (0.0016)  L1 (Dn channel): 0.0017 (0.0016)  IoU (P channel): 0.2559 (0.2229)  lr: 0.000901  iter-time: 1.1644
[21:31:02.661181] Epoch: [27]  [200/358]  eta: 0:03:10  loss: 0.0703 (0.0803)  IoU (F channel): 0.2808 (0.3058)  L1 (Dc channel): 0.0014 (0.0016)  L1 (Dn channel): 0.0014 (0.0016)  IoU (P channel): 0.2222 (0.2223)  lr: 0.000901  iter-time: 1.1607
[21:31:14.403702] Epoch: [27]  [210/358]  eta: 0:02:58  loss: 0.0713 (0.0798)  IoU (F channel): 0.3321 (0.3073)  L1 (Dc channel): 0.0013 (0.0015)  L1 (Dn channel): 0.0012 (0.0016)  IoU (P channel): 0.2222 (0.2236)  lr: 0.000900  iter-time: 1.1650
[21:31:26.175846] Epoch: [27]  [220/358]  eta: 0:02:45  loss: 0.0598 (0.0797)  IoU (F channel): 0.3521 (0.3103)  L1 (Dc channel): 0.0012 (0.0015)  L1 (Dn channel): 0.0012 (0.0016)  IoU (P channel): 0.2539 (0.2253)  lr: 0.000900  iter-time: 1.1755
[21:31:37.830687] Epoch: [27]  [230/358]  eta: 0:02:33  loss: 0.0598 (0.0791)  IoU (F channel): 0.3301 (0.3094)  L1 (Dc channel): 0.0012 (0.0015)  L1 (Dn channel): 0.0011 (0.0016)  IoU (P channel): 0.2337 (0.2251)  lr: 0.000899  iter-time: 1.1712
[21:31:49.521927] Epoch: [27]  [240/358]  eta: 0:02:21  loss: 0.0663 (0.0795)  IoU (F channel): 0.3138 (0.3104)  L1 (Dc channel): 0.0011 (0.0015)  L1 (Dn channel): 0.0010 (0.0016)  IoU (P channel): 0.2457 (0.2263)  lr: 0.000898  iter-time: 1.1671
[21:32:01.346177] Epoch: [27]  [250/358]  eta: 0:02:09  loss: 0.0692 (0.0792)  IoU (F channel): 0.3280 (0.3114)  L1 (Dc channel): 0.0012 (0.0015)  L1 (Dn channel): 0.0015 (0.0016)  IoU (P channel): 0.2513 (0.2271)  lr: 0.000898  iter-time: 1.1756
[21:32:13.232208] Epoch: [27]  [260/358]  eta: 0:01:57  loss: 0.0679 (0.0792)  IoU (F channel): 0.2813 (0.3113)  L1 (Dc channel): 0.0013 (0.0015)  L1 (Dn channel): 0.0015 (0.0016)  IoU (P channel): 0.2183 (0.2266)  lr: 0.000897  iter-time: 1.1853
[21:32:24.948434] Epoch: [27]  [270/358]  eta: 0:01:45  loss: 0.0737 (0.0794)  IoU (F channel): 0.2998 (0.3127)  L1 (Dc channel): 0.0014 (0.0015)  L1 (Dn channel): 0.0015 (0.0016)  IoU (P channel): 0.2439 (0.2278)  lr: 0.000896  iter-time: 1.1799
[21:32:36.588454] Epoch: [27]  [280/358]  eta: 0:01:33  loss: 0.0837 (0.0795)  IoU (F channel): 0.3523 (0.3138)  L1 (Dc channel): 0.0015 (0.0015)  L1 (Dn channel): 0.0017 (0.0016)  IoU (P channel): 0.2563 (0.2299)  lr: 0.000896  iter-time: 1.1676
[21:32:48.217868] Epoch: [27]  [290/358]  eta: 0:01:21  loss: 0.0666 (0.0788)  IoU (F channel): 0.3206 (0.3134)  L1 (Dc channel): 0.0015 (0.0015)  L1 (Dn channel): 0.0015 (0.0016)  IoU (P channel): 0.2563 (0.2300)  lr: 0.000895  iter-time: 1.1633
[21:32:59.909595] Epoch: [27]  [300/358]  eta: 0:01:09  loss: 0.0477 (0.0781)  IoU (F channel): 0.2945 (0.3134)  L1 (Dc channel): 0.0014 (0.0015)  L1 (Dn channel): 0.0011 (0.0016)  IoU (P channel): 0.2018 (0.2297)  lr: 0.000895  iter-time: 1.1659
[21:33:11.671852] Epoch: [27]  [310/358]  eta: 0:00:57  loss: 0.0594 (0.0783)  IoU (F channel): 0.2648 (0.3127)  L1 (Dc channel): 0.0013 (0.0015)  L1 (Dn channel): 0.0013 (0.0016)  IoU (P channel): 0.2275 (0.2300)  lr: 0.000894  iter-time: 1.1726
[21:33:23.468252] Epoch: [27]  [320/358]  eta: 0:00:45  loss: 0.0793 (0.0788)  IoU (F channel): 0.2760 (0.3137)  L1 (Dc channel): 0.0012 (0.0015)  L1 (Dn channel): 0.0017 (0.0016)  IoU (P channel): 0.2275 (0.2310)  lr: 0.000893  iter-time: 1.1778
[21:33:35.169191] Epoch: [27]  [330/358]  eta: 0:00:33  loss: 0.0793 (0.0789)  IoU (F channel): 0.3270 (0.3148)  L1 (Dc channel): 0.0014 (0.0015)  L1 (Dn channel): 0.0017 (0.0016)  IoU (P channel): 0.2294 (0.2321)  lr: 0.000893  iter-time: 1.1747
[21:33:46.644475] Epoch: [27]  [340/358]  eta: 0:00:21  loss: 0.0644 (0.0785)  IoU (F channel): 0.3235 (0.3159)  L1 (Dc channel): 0.0012 (0.0015)  L1 (Dn channel): 0.0014 (0.0016)  IoU (P channel): 0.2348 (0.2333)  lr: 0.000892  iter-time: 1.1586
[21:33:58.113889] Epoch: [27]  [350/358]  eta: 0:00:09  loss: 0.0635 (0.0784)  IoU (F channel): 0.3235 (0.3166)  L1 (Dc channel): 0.0011 (0.0015)  L1 (Dn channel): 0.0014 (0.0016)  IoU (P channel): 0.2383 (0.2339)  lr: 0.000891  iter-time: 1.1471
[21:34:05.114271] Epoch: [27]  [357/358]  eta: 0:00:01  loss: 0.0715 (0.0784)  IoU (F channel): 0.3203 (0.3168)  L1 (Dc channel): 0.0013 (0.0015)  L1 (Dn channel): 0.0014 (0.0016)  IoU (P channel): 0.2308 (0.2336)  lr: 0.000891  iter-time: 1.0982
[21:34:05.114381] Epoch: [27] Total time: 0:07:04 (1.1859 s / it)
[21:34:05.114419] [Train] averaged stats: loss: 0.0715 (0.0784)  IoU (F channel): 0.3203 (0.3168)  L1 (Dc channel): 0.0013 (0.0015)  L1 (Dn channel): 0.0014 (0.0016)  IoU (P channel): 0.2308 (0.2336)  lr: 0.000891
[21:34:11.120064] Epoch: [27]  [ 0/23]  eta: 0:02:18  loss: 0.0630 (0.0630)  IoU (F channel): 0.0003 (0.0003)  L1 (Dc channel): 0.0012 (0.0012)  L1 (Dn channel): 0.0006 (0.0006)  IoU (P channel): 0.0006 (0.0006)  iter-time: 6.0039
[21:34:17.751451] Epoch: [27]  [10/23]  eta: 0:00:14  loss: 0.0756 (0.1529)  IoU (F channel): 0.2586 (0.2000)  L1 (Dc channel): 0.0013 (0.0014)  L1 (Dn channel): 0.0008 (0.0013)  IoU (P channel): 0.2034 (0.1618)  iter-time: 1.1486
[21:34:22.712182] Epoch: [27]  [20/23]  eta: 0:00:02  loss: 0.0791 (0.1321)  IoU (F channel): 0.2720 (0.2401)  L1 (Dc channel): 0.0013 (0.0014)  L1 (Dn channel): 0.0010 (0.0013)  IoU (P channel): 0.2150 (0.1862)  iter-time: 0.5796
[21:34:23.133679] Epoch: [27]  [22/23]  eta: 0:00:00  loss: 0.0791 (0.1253)  IoU (F channel): 0.2752 (0.2324)  L1 (Dc channel): 0.0013 (0.0014)  L1 (Dn channel): 0.0011 (0.0013)  IoU (P channel): 0.2152 (0.1823)  iter-time: 0.4949
[21:34:23.133762] Epoch: [27] Total time: 0:00:18 (0.7834 s / it)
[21:34:23.133788] [Val] averaged stats: loss: 0.0791 (0.1253)  IoU (F channel): 0.2752 (0.2324)  L1 (Dc channel): 0.0013 (0.0014)  L1 (Dn channel): 0.0011 (0.0013)  IoU (P channel): 0.2152 (0.1823)
[21:34:23.134004] Val loss improved from 0.13479613731412785 to 0.12531074986833593, saving model to metrics/biapy/biapy-channel-scale-zarr-unetr/checkpoints/biapy-channel-scale-zarr-unetr_0-checkpoint-best.pth
[21:34:24.511787] [Val] best loss: 0.1253 best  IoU (F channel): 0.2324 L1 (Dc channel): 0.0014 L1 (Dn channel): 0.0013 IoU (P channel): 0.1823 
[21:34:24.522429] [Time] 7.4m 3.5h/7.7h

[21:34:24.522451] ~~~ Epoch 28/60 ~~~

[21:34:34.399957] Epoch: [28]  [  0/358]  eta: 0:58:55  loss: 0.0608 (0.0608)  IoU (F channel): 0.3370 (0.3370)  L1 (Dc channel): 0.0015 (0.0015)  L1 (Dn channel): 0.0015 (0.0015)  IoU (P channel): 0.1817 (0.1817)  lr: 0.000891  iter-time: 9.8753
[21:34:46.335557] Epoch: [28]  [ 10/358]  eta: 0:11:29  loss: 0.0625 (0.0728)  IoU (F channel): 0.2834 (0.2973)  L1 (Dc channel): 0.0014 (0.0014)  L1 (Dn channel): 0.0014 (0.0014)  IoU (P channel): 0.2093 (0.2259)  lr: 0.000890  iter-time: 1.9826
[21:34:58.052868] Epoch: [28]  [ 20/358]  eta: 0:08:59  loss: 0.0625 (0.0680)  IoU (F channel): 0.3359 (0.3301)  L1 (Dc channel): 0.0014 (0.0013)  L1 (Dn channel): 0.0014 (0.0015)  IoU (P channel): 0.2237 (0.2433)  lr: 0.000889  iter-time: 1.1825
[21:35:09.939106] Epoch: [28]  [ 30/358]  eta: 0:08:00  loss: 0.0634 (0.0706)  IoU (F channel): 0.3479 (0.3230)  L1 (Dc channel): 0.0012 (0.0013)  L1 (Dn channel): 0.0015 (0.0015)  IoU (P channel): 0.2439 (0.2384)  lr: 0.000889  iter-time: 1.1800
[21:35:21.684116] Epoch: [28]  [ 40/358]  eta: 0:07:23  loss: 0.0587 (0.0686)  IoU (F channel): 0.3125 (0.3248)  L1 (Dc channel): 0.0011 (0.0013)  L1 (Dn channel): 0.0015 (0.0015)  IoU (P channel): 0.2439 (0.2377)  lr: 0.000888  iter-time: 1.1814
[21:35:33.655761] Epoch: [28]  [ 50/358]  eta: 0:06:57  loss: 0.0666 (0.0702)  IoU (F channel): 0.3505 (0.3307)  L1 (Dc channel): 0.0011 (0.0012)  L1 (Dn channel): 0.0015 (0.0015)  IoU (P channel): 0.2549 (0.2401)  lr: 0.000888  iter-time: 1.1856
[21:35:45.302939] Epoch: [28]  [ 60/358]  eta: 0:06:34  loss: 0.0624 (0.0682)  IoU (F channel): 0.3272 (0.3274)  L1 (Dc channel): 0.0010 (0.0012)  L1 (Dn channel): 0.0016 (0.0015)  IoU (P channel): 0.2464 (0.2407)  lr: 0.000887  iter-time: 1.1808
[21:35:56.897010] Epoch: [28]  [ 70/358]  eta: 0:06:14  loss: 0.0624 (0.0699)  IoU (F channel): 0.2892 (0.3193)  L1 (Dc channel): 0.0011 (0.0012)  L1 (Dn channel): 0.0012 (0.0015)  IoU (P channel): 0.2275 (0.2354)  lr: 0.000886  iter-time: 1.1619
[21:36:08.680905] Epoch: [28]  [ 80/358]  eta: 0:05:57  loss: 0.0584 (0.0682)  IoU (F channel): 0.3013 (0.3213)  L1 (Dc channel): 0.0013 (0.0012)  L1 (Dn channel): 0.0012 (0.0015)  IoU (P channel): 0.2336 (0.2367)  lr: 0.000886  iter-time: 1.1687
[21:36:20.600721] Epoch: [28]  [ 90/358]  eta: 0:05:41  loss: 0.0561 (0.0691)  IoU (F channel): 0.3217 (0.3241)  L1 (Dc channel): 0.0013 (0.0012)  L1 (Dn channel): 0.0013 (0.0015)  IoU (P channel): 0.2607 (0.2398)  lr: 0.000885  iter-time: 1.1850
[21:36:32.290968] Epoch: [28]  [100/358]  eta: 0:05:26  loss: 0.0762 (0.0713)  IoU (F channel): 0.3159 (0.3198)  L1 (Dc channel): 0.0013 (0.0012)  L1 (Dn channel): 0.0014 (0.0015)  IoU (P channel): 0.2541 (0.2368)  lr: 0.000884  iter-time: 1.1803
[21:36:44.200095] Epoch: [28]  [110/358]  eta: 0:05:12  loss: 0.0756 (0.0717)  IoU (F channel): 0.2601 (0.3184)  L1 (Dc channel): 0.0013 (0.0012)  L1 (Dn channel): 0.0013 (0.0015)  IoU (P channel): 0.1735 (0.2355)  lr: 0.000884  iter-time: 1.1798
[21:36:55.823467] Epoch: [28]  [120/358]  eta: 0:04:57  loss: 0.0659 (0.0722)  IoU (F channel): 0.2993 (0.3168)  L1 (Dc channel): 0.0012 (0.0012)  L1 (Dn channel): 0.0013 (0.0015)  IoU (P channel): 0.1960 (0.2341)  lr: 0.000883  iter-time: 1.1764
[21:37:07.496247] Epoch: [28]  [130/358]  eta: 0:04:43  loss: 0.0661 (0.0723)  IoU (F channel): 0.3279 (0.3186)  L1 (Dc channel): 0.0011 (0.0012)  L1 (Dn channel): 0.0014 (0.0015)  IoU (P channel): 0.2166 (0.2351)  lr: 0.000882  iter-time: 1.1646
[21:37:19.166319] Epoch: [28]  [140/358]  eta: 0:04:29  loss: 0.0684 (0.0724)  IoU (F channel): 0.3490 (0.3235)  L1 (Dc channel): 0.0014 (0.0013)  L1 (Dn channel): 0.0015 (0.0015)  IoU (P channel): 0.2362 (0.2376)  lr: 0.000881  iter-time: 1.1670
[21:37:30.703696] Epoch: [28]  [150/358]  eta: 0:04:16  loss: 0.0706 (0.0733)  IoU (F channel): 0.3490 (0.3269)  L1 (Dc channel): 0.0016 (0.0013)  L1 (Dn channel): 0.0016 (0.0015)  IoU (P channel): 0.2493 (0.2402)  lr: 0.000881  iter-time: 1.1602
[21:37:42.001225] Epoch: [28]  [160/358]  eta: 0:04:02  loss: 0.0801 (0.0737)  IoU (F channel): 0.3096 (0.3257)  L1 (Dc channel): 0.0014 (0.0013)  L1 (Dn channel): 0.0017 (0.0015)  IoU (P channel): 0.2341 (0.2398)  lr: 0.000880  iter-time: 1.1416
[21:37:53.599405] Epoch: [28]  [170/358]  eta: 0:03:49  loss: 0.0804 (0.0741)  IoU (F channel): 0.2942 (0.3252)  L1 (Dc channel): 0.0013 (0.0013)  L1 (Dn channel): 0.0015 (0.0015)  IoU (P channel): 0.2253 (0.2392)  lr: 0.000879  iter-time: 1.1446
[21:38:05.386504] Epoch: [28]  [180/358]  eta: 0:03:37  loss: 0.0845 (0.0747)  IoU (F channel): 0.3165 (0.3250)  L1 (Dc channel): 0.0016 (0.0013)  L1 (Dn channel): 0.0015 (0.0015)  IoU (P channel): 0.2296 (0.2396)  lr: 0.000879  iter-time: 1.1691
[21:38:16.959759] Epoch: [28]  [190/358]  eta: 0:03:24  loss: 0.0756 (0.0746)  IoU (F channel): 0.2756 (0.3219)  L1 (Dc channel): 0.0014 (0.0013)  L1 (Dn channel): 0.0014 (0.0015)  IoU (P channel): 0.2163 (0.2381)  lr: 0.000878  iter-time: 1.1679
[21:38:28.667303] Epoch: [28]  [200/358]  eta: 0:03:11  loss: 0.0682 (0.0744)  IoU (F channel): 0.2685 (0.3216)  L1 (Dc channel): 0.0013 (0.0013)  L1 (Dn channel): 0.0013 (0.0015)  IoU (P channel): 0.2163 (0.2376)  lr: 0.000877  iter-time: 1.1639
[21:38:40.516289] Epoch: [28]  [210/358]  eta: 0:02:59  loss: 0.0682 (0.0741)  IoU (F channel): 0.3118 (0.3236)  L1 (Dc channel): 0.0014 (0.0013)  L1 (Dn channel): 0.0014 (0.0015)  IoU (P channel): 0.2387 (0.2378)  lr: 0.000877  iter-time: 1.1777
[21:38:52.191326] Epoch: [28]  [220/358]  eta: 0:02:47  loss: 0.0740 (0.0750)  IoU (F channel): 0.3532 (0.3248)  L1 (Dc channel): 0.0014 (0.0013)  L1 (Dn channel): 0.0015 (0.0015)  IoU (P channel): 0.2387 (0.2386)  lr: 0.000876  iter-time: 1.1761
[21:39:03.839798] Epoch: [28]  [230/358]  eta: 0:02:34  loss: 0.0732 (0.0748)  IoU (F channel): 0.3697 (0.3266)  L1 (Dc channel): 0.0016 (0.0014)  L1 (Dn channel): 0.0018 (0.0015)  IoU (P channel): 0.2319 (0.2393)  lr: 0.000875  iter-time: 1.1660
[21:39:15.503901] Epoch: [28]  [240/358]  eta: 0:02:22  loss: 0.0721 (0.0749)  IoU (F channel): 0.3091 (0.3256)  L1 (Dc channel): 0.0015 (0.0014)  L1 (Dn channel): 0.0016 (0.0015)  IoU (P channel): 0.2179 (0.2388)  lr: 0.000875  iter-time: 1.1654
[21:39:27.288860] Epoch: [28]  [250/358]  eta: 0:02:10  loss: 0.0772 (0.0755)  IoU (F channel): 0.3067 (0.3262)  L1 (Dc channel): 0.0014 (0.0014)  L1 (Dn channel): 0.0015 (0.0015)  IoU (P channel): 0.2366 (0.2394)  lr: 0.000874  iter-time: 1.1723
[21:39:38.808098] Epoch: [28]  [260/358]  eta: 0:01:57  loss: 0.0745 (0.0755)  IoU (F channel): 0.3404 (0.3287)  L1 (Dc channel): 0.0013 (0.0014)  L1 (Dn channel): 0.0015 (0.0015)  IoU (P channel): 0.2713 (0.2417)  lr: 0.000873  iter-time: 1.1650
[21:39:50.232003] Epoch: [28]  [270/358]  eta: 0:01:45  loss: 0.0651 (0.0751)  IoU (F channel): 0.3404 (0.3282)  L1 (Dc channel): 0.0011 (0.0014)  L1 (Dn channel): 0.0014 (0.0015)  IoU (P channel): 0.2713 (0.2414)  lr: 0.000873  iter-time: 1.1470
[21:40:01.943065] Epoch: [28]  [280/358]  eta: 0:01:33  loss: 0.0649 (0.0751)  IoU (F channel): 0.3433 (0.3287)  L1 (Dc channel): 0.0011 (0.0014)  L1 (Dn channel): 0.0013 (0.0015)  IoU (P channel): 0.2592 (0.2419)  lr: 0.000872  iter-time: 1.1565
[21:40:13.601435] Epoch: [28]  [290/358]  eta: 0:01:21  loss: 0.0649 (0.0746)  IoU (F channel): 0.3436 (0.3289)  L1 (Dc channel): 0.0011 (0.0013)  L1 (Dn channel): 0.0014 (0.0015)  IoU (P channel): 0.2739 (0.2428)  lr: 0.000871  iter-time: 1.1682
[21:40:25.173770] Epoch: [28]  [300/358]  eta: 0:01:09  loss: 0.0625 (0.0744)  IoU (F channel): 0.3403 (0.3292)  L1 (Dc channel): 0.0011 (0.0013)  L1 (Dn channel): 0.0015 (0.0015)  IoU (P channel): 0.2666 (0.2429)  lr: 0.000870  iter-time: 1.1614
[21:40:36.952586] Epoch: [28]  [310/358]  eta: 0:00:57  loss: 0.0689 (0.0745)  IoU (F channel): 0.3115 (0.3294)  L1 (Dc channel): 0.0014 (0.0013)  L1 (Dn channel): 0.0013 (0.0015)  IoU (P channel): 0.2379 (0.2434)  lr: 0.000870  iter-time: 1.1674
[21:40:48.561497] Epoch: [28]  [320/358]  eta: 0:00:45  loss: 0.0687 (0.0742)  IoU (F channel): 0.2951 (0.3294)  L1 (Dc channel): 0.0014 (0.0013)  L1 (Dn channel): 0.0012 (0.0015)  IoU (P channel): 0.2425 (0.2440)  lr: 0.000869  iter-time: 1.1692
[21:41:00.246570] Epoch: [28]  [330/358]  eta: 0:00:33  loss: 0.0671 (0.0738)  IoU (F channel): 0.3014 (0.3296)  L1 (Dc channel): 0.0012 (0.0013)  L1 (Dn channel): 0.0014 (0.0015)  IoU (P channel): 0.2154 (0.2440)  lr: 0.000868  iter-time: 1.1645
[21:41:11.988481] Epoch: [28]  [340/358]  eta: 0:00:21  loss: 0.0681 (0.0739)  IoU (F channel): 0.3060 (0.3287)  L1 (Dc channel): 0.0013 (0.0013)  L1 (Dn channel): 0.0012 (0.0015)  IoU (P channel): 0.2154 (0.2436)  lr: 0.000868  iter-time: 1.1712
[21:41:23.266593] Epoch: [28]  [350/358]  eta: 0:00:09  loss: 0.0645 (0.0738)  IoU (F channel): 0.3234 (0.3290)  L1 (Dc channel): 0.0014 (0.0013)  L1 (Dn channel): 0.0012 (0.0015)  IoU (P channel): 0.2426 (0.2446)  lr: 0.000867  iter-time: 1.1509
[21:41:30.276221] Epoch: [28]  [357/358]  eta: 0:00:01  loss: 0.0578 (0.0738)  IoU (F channel): 0.2639 (0.3284)  L1 (Dc channel): 0.0014 (0.0014)  L1 (Dn channel): 0.0013 (0.0015)  IoU (P channel): 0.2156 (0.2437)  lr: 0.000866  iter-time: 1.0917
[21:41:30.276329] Epoch: [28] Total time: 0:07:05 (1.1893 s / it)
[21:41:30.276359] [Train] averaged stats: loss: 0.0578 (0.0738)  IoU (F channel): 0.2639 (0.3284)  L1 (Dc channel): 0.0014 (0.0014)  L1 (Dn channel): 0.0013 (0.0015)  IoU (P channel): 0.2156 (0.2437)  lr: 0.000866
[21:41:35.626163] Epoch: [28]  [ 0/23]  eta: 0:02:03  loss: 0.0658 (0.0658)  IoU (F channel): 0.0003 (0.0003)  L1 (Dc channel): 0.0009 (0.0009)  L1 (Dn channel): 0.0011 (0.0011)  IoU (P channel): 0.0007 (0.0007)  iter-time: 5.3483
[21:41:44.078765] Epoch: [28]  [10/23]  eta: 0:00:16  loss: 0.0764 (0.1412)  IoU (F channel): 0.2529 (0.2001)  L1 (Dc channel): 0.0011 (0.0012)  L1 (Dn channel): 0.0012 (0.0018)  IoU (P channel): 0.1778 (0.1534)  iter-time: 1.2546
[21:41:48.922989] Epoch: [28]  [20/23]  eta: 0:00:02  loss: 0.0840 (0.1256)  IoU (F channel): 0.2604 (0.2461)  L1 (Dc channel): 0.0011 (0.0012)  L1 (Dn channel): 0.0015 (0.0018)  IoU (P channel): 0.2070 (0.1834)  iter-time: 0.6648
[21:41:49.344429] Epoch: [28]  [22/23]  eta: 0:00:00  loss: 0.0840 (0.1200)  IoU (F channel): 0.2532 (0.2378)  L1 (Dc channel): 0.0011 (0.0012)  L1 (Dn channel): 0.0015 (0.0018)  IoU (P channel): 0.2116 (0.1793)  iter-time: 0.5147
[21:41:49.344508] Epoch: [28] Total time: 0:00:19 (0.8290 s / it)
[21:41:49.344536] [Val] averaged stats: loss: 0.0840 (0.1200)  IoU (F channel): 0.2532 (0.2378)  L1 (Dc channel): 0.0011 (0.0012)  L1 (Dn channel): 0.0015 (0.0018)  IoU (P channel): 0.2116 (0.1793)
[21:41:49.344752] Val loss improved from 0.12531074986833593 to 0.11996864438380885, saving model to metrics/biapy/biapy-channel-scale-zarr-unetr/checkpoints/biapy-channel-scale-zarr-unetr_0-checkpoint-best.pth
[21:41:50.705527] [Val] best loss: 0.1200 best  IoU (F channel): 0.2378 L1 (Dc channel): 0.0012 L1 (Dn channel): 0.0018 IoU (P channel): 0.1793 
[21:41:50.716247] [Time] 7.4m 3.6h/7.7h

[21:41:50.716278] ~~~ Epoch 29/60 ~~~

[21:41:59.416539] Epoch: [29]  [  0/358]  eta: 0:51:53  loss: 0.0872 (0.0872)  IoU (F channel): 0.3091 (0.3091)  L1 (Dc channel): 0.0013 (0.0013)  L1 (Dn channel): 0.0024 (0.0024)  IoU (P channel): 0.2001 (0.2001)  lr: 0.000866  iter-time: 8.6974
[21:42:11.196333] Epoch: [29]  [ 10/358]  eta: 0:10:47  loss: 0.0668 (0.0685)  IoU (F channel): 0.4020 (0.3515)  L1 (Dc channel): 0.0014 (0.0014)  L1 (Dn channel): 0.0014 (0.0014)  IoU (P channel): 0.2531 (0.2421)  lr: 0.000866  iter-time: 1.8614
[21:42:22.911757] Epoch: [29]  [ 20/358]  eta: 0:08:38  loss: 0.0541 (0.0665)  IoU (F channel): 0.3692 (0.3489)  L1 (Dc channel): 0.0014 (0.0014)  L1 (Dn channel): 0.0012 (0.0015)  IoU (P channel): 0.2576 (0.2453)  lr: 0.000865  iter-time: 1.1746
[21:42:34.761307] Epoch: [29]  [ 30/358]  eta: 0:07:45  loss: 0.0562 (0.0666)  IoU (F channel): 0.2903 (0.3245)  L1 (Dc channel): 0.0013 (0.0014)  L1 (Dn channel): 0.0012 (0.0014)  IoU (P channel): 0.2253 (0.2308)  lr: 0.000864  iter-time: 1.1781
[21:42:46.537735] Epoch: [29]  [ 40/358]  eta: 0:07:12  loss: 0.0692 (0.0693)  IoU (F channel): 0.2879 (0.3263)  L1 (Dc channel): 0.0013 (0.0014)  L1 (Dn channel): 0.0013 (0.0014)  IoU (P channel): 0.2309 (0.2371)  lr: 0.000864  iter-time: 1.1811
[21:42:58.305682] Epoch: [29]  [ 50/358]  eta: 0:06:48  loss: 0.0739 (0.0739)  IoU (F channel): 0.3209 (0.3269)  L1 (Dc channel): 0.0014 (0.0014)  L1 (Dn channel): 0.0013 (0.0014)  IoU (P channel): 0.2464 (0.2399)  lr: 0.000863  iter-time: 1.1770
[21:43:10.079702] Epoch: [29]  [ 60/358]  eta: 0:06:27  loss: 0.0747 (0.0746)  IoU (F channel): 0.3419 (0.3371)  L1 (Dc channel): 0.0012 (0.0014)  L1 (Dn channel): 0.0014 (0.0014)  IoU (P channel): 0.2650 (0.2479)  lr: 0.000862  iter-time: 1.1769
[21:43:21.913477] Epoch: [29]  [ 70/358]  eta: 0:06:09  loss: 0.0669 (0.0734)  IoU (F channel): 0.3470 (0.3349)  L1 (Dc channel): 0.0011 (0.0013)  L1 (Dn channel): 0.0015 (0.0015)  IoU (P channel): 0.2501 (0.2451)  lr: 0.000861  iter-time: 1.1802
[21:43:33.852821] Epoch: [29]  [ 80/358]  eta: 0:05:53  loss: 0.0633 (0.0734)  IoU (F channel): 0.3291 (0.3391)  L1 (Dc channel): 0.0011 (0.0013)  L1 (Dn channel): 0.0014 (0.0015)  IoU (P channel): 0.2420 (0.2499)  lr: 0.000861  iter-time: 1.1885
[21:43:45.546934] Epoch: [29]  [ 90/358]  eta: 0:05:38  loss: 0.0633 (0.0733)  IoU (F channel): 0.3670 (0.3415)  L1 (Dc channel): 0.0012 (0.0013)  L1 (Dn channel): 0.0013 (0.0015)  IoU (P channel): 0.2655 (0.2521)  lr: 0.000860  iter-time: 1.1815
[21:43:57.166265] Epoch: [29]  [100/358]  eta: 0:05:22  loss: 0.0563 (0.0725)  IoU (F channel): 0.3670 (0.3404)  L1 (Dc channel): 0.0013 (0.0013)  L1 (Dn channel): 0.0013 (0.0015)  IoU (P channel): 0.2655 (0.2511)  lr: 0.000859  iter-time: 1.1655
[21:44:09.276542] Epoch: [29]  [110/358]  eta: 0:05:09  loss: 0.0522 (0.0704)  IoU (F channel): 0.2948 (0.3355)  L1 (Dc channel): 0.0012 (0.0013)  L1 (Dn channel): 0.0012 (0.0014)  IoU (P channel): 0.2066 (0.2472)  lr: 0.000858  iter-time: 1.1863
[21:44:20.886104] Epoch: [29]  [120/358]  eta: 0:04:55  loss: 0.0612 (0.0716)  IoU (F channel): 0.3215 (0.3355)  L1 (Dc channel): 0.0013 (0.0013)  L1 (Dn channel): 0.0013 (0.0015)  IoU (P channel): 0.2276 (0.2478)  lr: 0.000858  iter-time: 1.1858
[21:44:32.386960] Epoch: [29]  [130/358]  eta: 0:04:41  loss: 0.0640 (0.0719)  IoU (F channel): 0.3282 (0.3349)  L1 (Dc channel): 0.0015 (0.0013)  L1 (Dn channel): 0.0015 (0.0015)  IoU (P channel): 0.2276 (0.2474)  lr: 0.000857  iter-time: 1.1554
[21:44:44.007082] Epoch: [29]  [140/358]  eta: 0:04:27  loss: 0.0646 (0.0726)  IoU (F channel): 0.3215 (0.3338)  L1 (Dc channel): 0.0016 (0.0014)  L1 (Dn channel): 0.0015 (0.0015)  IoU (P channel): 0.2079 (0.2457)  lr: 0.000856  iter-time: 1.1559
[21:44:55.884460] Epoch: [29]  [150/358]  eta: 0:04:15  loss: 0.0658 (0.0726)  IoU (F channel): 0.3278 (0.3352)  L1 (Dc channel): 0.0015 (0.0014)  L1 (Dn channel): 0.0015 (0.0015)  IoU (P channel): 0.2667 (0.2487)  lr: 0.000856  iter-time: 1.1747
[21:45:07.393171] Epoch: [29]  [160/358]  eta: 0:04:01  loss: 0.0578 (0.0715)  IoU (F channel): 0.3242 (0.3315)  L1 (Dc channel): 0.0013 (0.0013)  L1 (Dn channel): 0.0012 (0.0015)  IoU (P channel): 0.2667 (0.2475)  lr: 0.000855  iter-time: 1.1692
[21:45:19.269946] Epoch: [29]  [170/358]  eta: 0:03:49  loss: 0.0558 (0.0714)  IoU (F channel): 0.3072 (0.3323)  L1 (Dc channel): 0.0012 (0.0013)  L1 (Dn channel): 0.0011 (0.0015)  IoU (P channel): 0.2570 (0.2491)  lr: 0.000854  iter-time: 1.1691
[21:45:30.931568] Epoch: [29]  [180/358]  eta: 0:03:36  loss: 0.0583 (0.0708)  IoU (F channel): 0.3204 (0.3313)  L1 (Dc channel): 0.0011 (0.0013)  L1 (Dn channel): 0.0012 (0.0015)  IoU (P channel): 0.2660 (0.2487)  lr: 0.000853  iter-time: 1.1768
[21:45:42.621437] Epoch: [29]  [190/358]  eta: 0:03:23  loss: 0.0571 (0.0701)  IoU (F channel): 0.3204 (0.3313)  L1 (Dc channel): 0.0014 (0.0013)  L1 (Dn channel): 0.0013 (0.0015)  IoU (P channel): 0.2411 (0.2489)  lr: 0.000853  iter-time: 1.1674
[21:45:54.369827] Epoch: [29]  [200/358]  eta: 0:03:11  loss: 0.0571 (0.0704)  IoU (F channel): 0.3475 (0.3323)  L1 (Dc channel): 0.0014 (0.0013)  L1 (Dn channel): 0.0016 (0.0015)  IoU (P channel): 0.2413 (0.2498)  lr: 0.000852  iter-time: 1.1717
[21:46:06.067896] Epoch: [29]  [210/358]  eta: 0:02:59  loss: 0.0684 (0.0700)  IoU (F channel): 0.3512 (0.3331)  L1 (Dc channel): 0.0014 (0.0013)  L1 (Dn channel): 0.0016 (0.0015)  IoU (P channel): 0.2755 (0.2502)  lr: 0.000851  iter-time: 1.1721
[21:46:17.730112] Epoch: [29]  [220/358]  eta: 0:02:46  loss: 0.0581 (0.0700)  IoU (F channel): 0.3386 (0.3327)  L1 (Dc channel): 0.0013 (0.0014)  L1 (Dn channel): 0.0014 (0.0015)  IoU (P channel): 0.2504 (0.2501)  lr: 0.000850  iter-time: 1.1679
[21:46:29.380667] Epoch: [29]  [230/358]  eta: 0:02:34  loss: 0.0622 (0.0697)  IoU (F channel): 0.3246 (0.3321)  L1 (Dc channel): 0.0014 (0.0014)  L1 (Dn channel): 0.0013 (0.0015)  IoU (P channel): 0.2420 (0.2494)  lr: 0.000850  iter-time: 1.1655
[21:46:41.463286] Epoch: [29]  [240/358]  eta: 0:02:22  loss: 0.0725 (0.0701)  IoU (F channel): 0.3277 (0.3310)  L1 (Dc channel): 0.0014 (0.0014)  L1 (Dn channel): 0.0014 (0.0015)  IoU (P channel): 0.2142 (0.2488)  lr: 0.000849  iter-time: 1.1865
[21:46:53.260151] Epoch: [29]  [250/358]  eta: 0:02:10  loss: 0.0663 (0.0700)  IoU (F channel): 0.3176 (0.3310)  L1 (Dc channel): 0.0013 (0.0014)  L1 (Dn channel): 0.0015 (0.0015)  IoU (P channel): 0.2272 (0.2487)  lr: 0.000848  iter-time: 1.1938
[21:47:05.037845] Epoch: [29]  [260/358]  eta: 0:01:58  loss: 0.0641 (0.0705)  IoU (F channel): 0.3453 (0.3336)  L1 (Dc channel): 0.0012 (0.0014)  L1 (Dn channel): 0.0016 (0.0015)  IoU (P channel): 0.2422 (0.2502)  lr: 0.000847  iter-time: 1.1785
[21:47:16.784677] Epoch: [29]  [270/358]  eta: 0:01:45  loss: 0.0742 (0.0709)  IoU (F channel): 0.3299 (0.3312)  L1 (Dc channel): 0.0012 (0.0013)  L1 (Dn channel): 0.0015 (0.0015)  IoU (P channel): 0.2408 (0.2488)  lr: 0.000847  iter-time: 1.1760
[21:47:28.665400] Epoch: [29]  [280/358]  eta: 0:01:33  loss: 0.0563 (0.0706)  IoU (F channel): 0.2830 (0.3321)  L1 (Dc channel): 0.0012 (0.0013)  L1 (Dn channel): 0.0012 (0.0015)  IoU (P channel): 0.2116 (0.2499)  lr: 0.000846  iter-time: 1.1812
[21:47:40.296211] Epoch: [29]  [290/358]  eta: 0:01:21  loss: 0.0563 (0.0704)  IoU (F channel): 0.3354 (0.3331)  L1 (Dc channel): 0.0013 (0.0013)  L1 (Dn channel): 0.0012 (0.0015)  IoU (P channel): 0.2567 (0.2511)  lr: 0.000845  iter-time: 1.1754
[21:47:51.804146] Epoch: [29]  [300/358]  eta: 0:01:09  loss: 0.0574 (0.0701)  IoU (F channel): 0.3156 (0.3316)  L1 (Dc channel): 0.0014 (0.0013)  L1 (Dn channel): 0.0012 (0.0015)  IoU (P channel): 0.2457 (0.2501)  lr: 0.000844  iter-time: 1.1567
[21:48:03.620078] Epoch: [29]  [310/358]  eta: 0:00:57  loss: 0.0577 (0.0701)  IoU (F channel): 0.3012 (0.3303)  L1 (Dc channel): 0.0014 (0.0013)  L1 (Dn channel): 0.0011 (0.0015)  IoU (P channel): 0.2276 (0.2494)  lr: 0.000844  iter-time: 1.1659
[21:48:15.333636] Epoch: [29]  [320/358]  eta: 0:00:45  loss: 0.0651 (0.0697)  IoU (F channel): 0.3175 (0.3309)  L1 (Dc channel): 0.0012 (0.0013)  L1 (Dn channel): 0.0010 (0.0015)  IoU (P channel): 0.2415 (0.2492)  lr: 0.000843  iter-time: 1.1763
[21:48:27.080094] Epoch: [29]  [330/358]  eta: 0:00:33  loss: 0.0551 (0.0699)  IoU (F channel): 0.3175 (0.3297)  L1 (Dc channel): 0.0011 (0.0013)  L1 (Dn channel): 0.0011 (0.0015)  IoU (P channel): 0.2415 (0.2479)  lr: 0.000842  iter-time: 1.1728
[21:48:38.924437] Epoch: [29]  [340/358]  eta: 0:00:21  loss: 0.0580 (0.0697)  IoU (F channel): 0.3393 (0.3312)  L1 (Dc channel): 0.0013 (0.0013)  L1 (Dn channel): 0.0016 (0.0015)  IoU (P channel): 0.2266 (0.2481)  lr: 0.000841  iter-time: 1.1794
[21:48:50.295857] Epoch: [29]  [350/358]  eta: 0:00:09  loss: 0.0627 (0.0700)  IoU (F channel): 0.3602 (0.3324)  L1 (Dc channel): 0.0013 (0.0013)  L1 (Dn channel): 0.0015 (0.0015)  IoU (P channel): 0.2651 (0.2491)  lr: 0.000841  iter-time: 1.1606
[21:48:57.302312] Epoch: [29]  [357/358]  eta: 0:00:01  loss: 0.0633 (0.0700)  IoU (F channel): 0.3506 (0.3315)  L1 (Dc channel): 0.0013 (0.0013)  L1 (Dn channel): 0.0015 (0.0015)  IoU (P channel): 0.2431 (0.2484)  lr: 0.000840  iter-time: 1.0921
[21:48:57.302419] Epoch: [29] Total time: 0:07:06 (1.1916 s / it)
[21:48:57.302456] [Train] averaged stats: loss: 0.0633 (0.0700)  IoU (F channel): 0.3506 (0.3315)  L1 (Dc channel): 0.0013 (0.0013)  L1 (Dn channel): 0.0015 (0.0015)  IoU (P channel): 0.2431 (0.2484)  lr: 0.000840
[21:49:03.210927] Epoch: [29]  [ 0/23]  eta: 0:02:15  loss: 0.0672 (0.0672)  IoU (F channel): 0.0000 (0.0000)  L1 (Dc channel): 0.0013 (0.0013)  L1 (Dn channel): 0.0012 (0.0012)  IoU (P channel): 0.0000 (0.0000)  iter-time: 5.9070
[21:49:09.878601] Epoch: [29]  [10/23]  eta: 0:00:14  loss: 0.0778 (0.1616)  IoU (F channel): 0.2874 (0.2220)  L1 (Dc channel): 0.0014 (0.0015)  L1 (Dn channel): 0.0013 (0.0019)  IoU (P channel): 0.2074 (0.1707)  iter-time: 1.1431
[21:49:17.352418] Epoch: [29]  [20/23]  eta: 0:00:02  loss: 0.0815 (0.1398)  IoU (F channel): 0.2965 (0.2793)  L1 (Dc channel): 0.0014 (0.0015)  L1 (Dn channel): 0.0016 (0.0019)  IoU (P channel): 0.2366 (0.2088)  iter-time: 0.7070
[21:49:17.774772] Epoch: [29]  [22/23]  eta: 0:00:00  loss: 0.0815 (0.1327)  IoU (F channel): 0.3229 (0.2708)  L1 (Dc channel): 0.0014 (0.0015)  L1 (Dn channel): 0.0016 (0.0018)  IoU (P channel): 0.2447 (0.2048)  iter-time: 0.6066
[21:49:17.774851] Epoch: [29] Total time: 0:00:20 (0.8901 s / it)
[21:49:17.774878] [Val] averaged stats: loss: 0.0815 (0.1327)  IoU (F channel): 0.3229 (0.2708)  L1 (Dc channel): 0.0014 (0.0015)  L1 (Dn channel): 0.0016 (0.0018)  IoU (P channel): 0.2447 (0.2048)
[21:49:17.775048] [Val] best loss: 0.1200 best  IoU (F channel): 0.2378 L1 (Dc channel): 0.0012 L1 (Dn channel): 0.0018 IoU (P channel): 0.1793 
EarlyStopping counter: 1 out of 10
[21:49:17.788139] [Time] 7.5m 3.7h/7.7h

[21:49:17.788156] ~~~ Epoch 30/60 ~~~

[21:49:27.790795] Epoch: [30]  [  0/358]  eta: 0:59:40  loss: 0.0378 (0.0378)  IoU (F channel): 0.3793 (0.3793)  L1 (Dc channel): 0.0014 (0.0014)  L1 (Dn channel): 0.0014 (0.0014)  IoU (P channel): 0.2456 (0.2456)  lr: 0.000840  iter-time: 10.0009
[21:49:39.573700] Epoch: [30]  [ 10/358]  eta: 0:11:29  loss: 0.0670 (0.0669)  IoU (F channel): 0.3456 (0.3372)  L1 (Dc channel): 0.0012 (0.0013)  L1 (Dn channel): 0.0014 (0.0014)  IoU (P channel): 0.2530 (0.2546)  lr: 0.000839  iter-time: 1.9802
[21:49:51.158631] Epoch: [30]  [ 20/358]  eta: 0:08:57  loss: 0.0523 (0.0576)  IoU (F channel): 0.3033 (0.3294)  L1 (Dc channel): 0.0012 (0.0013)  L1 (Dn channel): 0.0013 (0.0013)  IoU (P channel): 0.2530 (0.2482)  lr: 0.000838  iter-time: 1.1682
[21:50:02.920463] Epoch: [30]  [ 30/358]  eta: 0:07:57  loss: 0.0453 (0.0543)  IoU (F channel): 0.3067 (0.3311)  L1 (Dc channel): 0.0012 (0.0013)  L1 (Dn channel): 0.0012 (0.0013)  IoU (P channel): 0.2409 (0.2393)  lr: 0.000838  iter-time: 1.1672
[21:50:14.534894] Epoch: [30]  [ 40/358]  eta: 0:07:20  loss: 0.0583 (0.0593)  IoU (F channel): 0.3588 (0.3294)  L1 (Dc channel): 0.0012 (0.0013)  L1 (Dn channel): 0.0013 (0.0014)  IoU (P channel): 0.2409 (0.2404)  lr: 0.000837  iter-time: 1.1687
[21:50:26.132022] Epoch: [30]  [ 50/358]  eta: 0:06:52  loss: 0.0612 (0.0647)  IoU (F channel): 0.3052 (0.3224)  L1 (Dc channel): 0.0012 (0.0013)  L1 (Dn channel): 0.0014 (0.0014)  IoU (P channel): 0.2492 (0.2380)  lr: 0.000836  iter-time: 1.1604
[21:50:37.929712] Epoch: [30]  [ 60/358]  eta: 0:06:31  loss: 0.0602 (0.0670)  IoU (F channel): 0.3180 (0.3309)  L1 (Dc channel): 0.0011 (0.0013)  L1 (Dn channel): 0.0013 (0.0014)  IoU (P channel): 0.2416 (0.2401)  lr: 0.000835  iter-time: 1.1696
[21:50:49.563996] Epoch: [30]  [ 70/358]  eta: 0:06:12  loss: 0.0602 (0.0673)  IoU (F channel): 0.3425 (0.3291)  L1 (Dc channel): 0.0012 (0.0013)  L1 (Dn channel): 0.0012 (0.0014)  IoU (P channel): 0.2416 (0.2377)  lr: 0.000835  iter-time: 1.1714
[21:51:01.259967] Epoch: [30]  [ 80/358]  eta: 0:05:55  loss: 0.0526 (0.0670)  IoU (F channel): 0.3407 (0.3237)  L1 (Dc channel): 0.0012 (0.0012)  L1 (Dn channel): 0.0012 (0.0014)  IoU (P channel): 0.2149 (0.2343)  lr: 0.000834  iter-time: 1.1664
[21:51:12.830439] Epoch: [30]  [ 90/358]  eta: 0:05:38  loss: 0.0683 (0.0684)  IoU (F channel): 0.3218 (0.3276)  L1 (Dc channel): 0.0012 (0.0012)  L1 (Dn channel): 0.0014 (0.0014)  IoU (P channel): 0.2484 (0.2405)  lr: 0.000833  iter-time: 1.1631
[21:51:24.630340] Epoch: [30]  [100/358]  eta: 0:05:23  loss: 0.0742 (0.0678)  IoU (F channel): 0.3427 (0.3305)  L1 (Dc channel): 0.0013 (0.0013)  L1 (Dn channel): 0.0014 (0.0014)  IoU (P channel): 0.2484 (0.2412)  lr: 0.000832  iter-time: 1.1683
[21:51:36.352321] Epoch: [30]  [110/358]  eta: 0:05:09  loss: 0.0489 (0.0669)  IoU (F channel): 0.3692 (0.3320)  L1 (Dc channel): 0.0012 (0.0013)  L1 (Dn channel): 0.0013 (0.0014)  IoU (P channel): 0.2377 (0.2414)  lr: 0.000831  iter-time: 1.1759
[21:51:48.089672] Epoch: [30]  [120/358]  eta: 0:04:55  loss: 0.0591 (0.0674)  IoU (F channel): 0.3749 (0.3359)  L1 (Dc channel): 0.0012 (0.0013)  L1 (Dn channel): 0.0013 (0.0014)  IoU (P channel): 0.2558 (0.2450)  lr: 0.000831  iter-time: 1.1728
[21:52:00.032375] Epoch: [30]  [130/358]  eta: 0:04:42  loss: 0.0522 (0.0669)  IoU (F channel): 0.3495 (0.3383)  L1 (Dc channel): 0.0013 (0.0013)  L1 (Dn channel): 0.0012 (0.0014)  IoU (P channel): 0.2677 (0.2474)  lr: 0.000830  iter-time: 1.1839
[21:52:11.645086] Epoch: [30]  [140/358]  eta: 0:04:28  loss: 0.0458 (0.0657)  IoU (F channel): 0.3118 (0.3329)  L1 (Dc channel): 0.0012 (0.0013)  L1 (Dn channel): 0.0011 (0.0014)  IoU (P channel): 0.2409 (0.2436)  lr: 0.000829  iter-time: 1.1776
[21:52:23.337267] Epoch: [30]  [150/358]  eta: 0:04:15  loss: 0.0619 (0.0668)  IoU (F channel): 0.3615 (0.3377)  L1 (Dc channel): 0.0011 (0.0013)  L1 (Dn channel): 0.0015 (0.0014)  IoU (P channel): 0.2802 (0.2478)  lr: 0.000828  iter-time: 1.1651
[21:52:35.260596] Epoch: [30]  [160/358]  eta: 0:04:02  loss: 0.0658 (0.0666)  IoU (F channel): 0.3658 (0.3372)  L1 (Dc channel): 0.0013 (0.0013)  L1 (Dn channel): 0.0015 (0.0014)  IoU (P channel): 0.2802 (0.2478)  lr: 0.000827  iter-time: 1.1806
[21:52:46.968387] Epoch: [30]  [170/358]  eta: 0:03:49  loss: 0.0604 (0.0668)  IoU (F channel): 0.3309 (0.3378)  L1 (Dc channel): 0.0012 (0.0013)  L1 (Dn channel): 0.0013 (0.0014)  IoU (P channel): 0.2519 (0.2489)  lr: 0.000827  iter-time: 1.1814
[21:52:58.554374] Epoch: [30]  [180/358]  eta: 0:03:37  loss: 0.0628 (0.0668)  IoU (F channel): 0.3612 (0.3386)  L1 (Dc channel): 0.0012 (0.0013)  L1 (Dn channel): 0.0014 (0.0014)  IoU (P channel): 0.2805 (0.2497)  lr: 0.000826  iter-time: 1.1645
[21:53:10.269655] Epoch: [30]  [190/358]  eta: 0:03:24  loss: 0.0701 (0.0683)  IoU (F channel): 0.3626 (0.3393)  L1 (Dc channel): 0.0012 (0.0013)  L1 (Dn channel): 0.0014 (0.0014)  IoU (P channel): 0.2295 (0.2503)  lr: 0.000825  iter-time: 1.1649
[21:53:22.060981] Epoch: [30]  [200/358]  eta: 0:03:11  loss: 0.0716 (0.0683)  IoU (F channel): 0.2952 (0.3401)  L1 (Dc channel): 0.0013 (0.0013)  L1 (Dn channel): 0.0014 (0.0014)  IoU (P channel): 0.2295 (0.2512)  lr: 0.000824  iter-time: 1.1752
[21:53:33.805115] Epoch: [30]  [210/358]  eta: 0:02:59  loss: 0.0716 (0.0691)  IoU (F channel): 0.2952 (0.3365)  L1 (Dc channel): 0.0011 (0.0013)  L1 (Dn channel): 0.0013 (0.0014)  IoU (P channel): 0.2215 (0.2489)  lr: 0.000824  iter-time: 1.1766
[21:53:45.186014] Epoch: [30]  [220/358]  eta: 0:02:46  loss: 0.0823 (0.0699)  IoU (F channel): 0.2921 (0.3354)  L1 (Dc channel): 0.0011 (0.0013)  L1 (Dn channel): 0.0014 (0.0014)  IoU (P channel): 0.2164 (0.2477)  lr: 0.000823  iter-time: 1.1561
[21:53:56.825869] Epoch: [30]  [230/358]  eta: 0:02:34  loss: 0.0675 (0.0695)  IoU (F channel): 0.3455 (0.3360)  L1 (Dc channel): 0.0012 (0.0013)  L1 (Dn channel): 0.0013 (0.0014)  IoU (P channel): 0.2384 (0.2484)  lr: 0.000822  iter-time: 1.1509
[21:54:08.491812] Epoch: [30]  [240/358]  eta: 0:02:22  loss: 0.0613 (0.0694)  IoU (F channel): 0.3800 (0.3376)  L1 (Dc channel): 0.0012 (0.0013)  L1 (Dn channel): 0.0013 (0.0014)  IoU (P channel): 0.2868 (0.2495)  lr: 0.000821  iter-time: 1.1651
[21:54:20.471959] Epoch: [30]  [250/358]  eta: 0:02:10  loss: 0.0575 (0.0688)  IoU (F channel): 0.3837 (0.3376)  L1 (Dc channel): 0.0011 (0.0012)  L1 (Dn channel): 0.0012 (0.0014)  IoU (P channel): 0.2902 (0.2496)  lr: 0.000820  iter-time: 1.1821
[21:54:31.980080] Epoch: [30]  [260/358]  eta: 0:01:57  loss: 0.0514 (0.0685)  IoU (F channel): 0.3332 (0.3381)  L1 (Dc channel): 0.0010 (0.0012)  L1 (Dn channel): 0.0013 (0.0014)  IoU (P channel): 0.2133 (0.2495)  lr: 0.000820  iter-time: 1.1742
[21:54:43.754357] Epoch: [30]  [270/358]  eta: 0:01:45  loss: 0.0641 (0.0688)  IoU (F channel): 0.3125 (0.3370)  L1 (Dc channel): 0.0011 (0.0012)  L1 (Dn channel): 0.0013 (0.0014)  IoU (P channel): 0.2133 (0.2491)  lr: 0.000819  iter-time: 1.1639
[21:54:55.642332] Epoch: [30]  [280/358]  eta: 0:01:33  loss: 0.0596 (0.0689)  IoU (F channel): 0.2845 (0.3363)  L1 (Dc channel): 0.0012 (0.0012)  L1 (Dn channel): 0.0013 (0.0014)  IoU (P channel): 0.2116 (0.2479)  lr: 0.000818  iter-time: 1.1829
[21:55:07.245389] Epoch: [30]  [290/358]  eta: 0:01:21  loss: 0.0657 (0.0693)  IoU (F channel): 0.3429 (0.3380)  L1 (Dc channel): 0.0012 (0.0013)  L1 (Dn channel): 0.0013 (0.0014)  IoU (P channel): 0.2581 (0.2493)  lr: 0.000817  iter-time: 1.1744
[21:55:18.972522] Epoch: [30]  [300/358]  eta: 0:01:09  loss: 0.0828 (0.0699)  IoU (F channel): 0.3710 (0.3386)  L1 (Dc channel): 0.0014 (0.0013)  L1 (Dn channel): 0.0015 (0.0014)  IoU (P channel): 0.3052 (0.2503)  lr: 0.000816  iter-time: 1.1663
[21:55:30.833059] Epoch: [30]  [310/358]  eta: 0:00:57  loss: 0.0566 (0.0692)  IoU (F channel): 0.3232 (0.3374)  L1 (Dc channel): 0.0013 (0.0013)  L1 (Dn channel): 0.0014 (0.0014)  IoU (P channel): 0.2564 (0.2495)  lr: 0.000815  iter-time: 1.1792
[21:55:42.548301] Epoch: [30]  [320/358]  eta: 0:00:45  loss: 0.0574 (0.0694)  IoU (F channel): 0.3492 (0.3388)  L1 (Dc channel): 0.0013 (0.0013)  L1 (Dn channel): 0.0012 (0.0014)  IoU (P channel): 0.2630 (0.2503)  lr: 0.000815  iter-time: 1.1786
[21:55:54.232143] Epoch: [30]  [330/358]  eta: 0:00:33  loss: 0.0667 (0.0692)  IoU (F channel): 0.3508 (0.3388)  L1 (Dc channel): 0.0013 (0.0013)  L1 (Dn channel): 0.0011 (0.0014)  IoU (P channel): 0.2630 (0.2505)  lr: 0.000814  iter-time: 1.1698
[21:56:05.761230] Epoch: [30]  [340/358]  eta: 0:00:21  loss: 0.0689 (0.0695)  IoU (F channel): 0.3492 (0.3404)  L1 (Dc channel): 0.0012 (0.0013)  L1 (Dn channel): 0.0013 (0.0014)  IoU (P channel): 0.2736 (0.2519)  lr: 0.000813  iter-time: 1.1605
[21:56:17.055992] Epoch: [30]  [350/358]  eta: 0:00:09  loss: 0.0763 (0.0695)  IoU (F channel): 0.3255 (0.3400)  L1 (Dc channel): 0.0012 (0.0013)  L1 (Dn channel): 0.0014 (0.0014)  IoU (P channel): 0.2689 (0.2518)  lr: 0.000812  iter-time: 1.1411
[21:56:24.075422] Epoch: [30]  [357/358]  eta: 0:00:01  loss: 0.0632 (0.0693)  IoU (F channel): 0.2953 (0.3399)  L1 (Dc channel): 0.0012 (0.0013)  L1 (Dn channel): 0.0013 (0.0014)  IoU (P channel): 0.2537 (0.2517)  lr: 0.000812  iter-time: 1.0851
[21:56:24.075636] Epoch: [30] Total time: 0:07:06 (1.1907 s / it)
[21:56:24.075681] [Train] averaged stats: loss: 0.0632 (0.0693)  IoU (F channel): 0.2953 (0.3399)  L1 (Dc channel): 0.0012 (0.0013)  L1 (Dn channel): 0.0013 (0.0014)  IoU (P channel): 0.2537 (0.2517)  lr: 0.000812
[21:56:31.283016] Epoch: [30]  [ 0/23]  eta: 0:02:45  loss: 0.0612 (0.0612)  IoU (F channel): 0.0000 (0.0000)  L1 (Dc channel): 0.0009 (0.0009)  L1 (Dn channel): 0.0010 (0.0010)  IoU (P channel): 0.0000 (0.0000)  iter-time: 7.2057
[21:56:37.885503] Epoch: [30]  [10/23]  eta: 0:00:16  loss: 0.0727 (0.1617)  IoU (F channel): 0.2976 (0.2394)  L1 (Dc channel): 0.0011 (0.0012)  L1 (Dn channel): 0.0011 (0.0017)  IoU (P channel): 0.2273 (0.1943)  iter-time: 1.2552
[21:56:42.907602] Epoch: [30]  [20/23]  eta: 0:00:02  loss: 0.0900 (0.1434)  IoU (F channel): 0.3055 (0.2758)  L1 (Dc channel): 0.0013 (0.0013)  L1 (Dn channel): 0.0014 (0.0017)  IoU (P channel): 0.2350 (0.2154)  iter-time: 0.5812
[21:56:43.329256] Epoch: [30]  [22/23]  eta: 0:00:00  loss: 0.0900 (0.1357)  IoU (F channel): 0.3137 (0.2663)  L1 (Dc channel): 0.0013 (0.0013)  L1 (Dn channel): 0.0014 (0.0016)  IoU (P channel): 0.2383 (0.2102)  iter-time: 0.5082
[21:56:43.329351] Epoch: [30] Total time: 0:00:19 (0.8371 s / it)
[21:56:43.329379] [Val] averaged stats: loss: 0.0900 (0.1357)  IoU (F channel): 0.3137 (0.2663)  L1 (Dc channel): 0.0013 (0.0013)  L1 (Dn channel): 0.0014 (0.0016)  IoU (P channel): 0.2383 (0.2102)
[21:56:43.329563] [Val] best loss: 0.1200 best  IoU (F channel): 0.2378 L1 (Dc channel): 0.0012 L1 (Dn channel): 0.0018 IoU (P channel): 0.1793 
[21:56:43.340433] Creating training plots . . .
EarlyStopping counter: 2 out of 10
[21:56:50.339008] [Time] 7.5m 3.9h/7.8h

[21:56:50.339031] ~~~ Epoch 31/60 ~~~

[21:56:58.377000] Epoch: [31]  [  0/358]  eta: 0:47:56  loss: 0.0586 (0.0586)  IoU (F channel): 0.2408 (0.2408)  L1 (Dc channel): 0.0012 (0.0012)  L1 (Dn channel): 0.0013 (0.0013)  IoU (P channel): 0.1970 (0.1970)  lr: 0.000812  iter-time: 8.0357
[21:57:10.327673] Epoch: [31]  [ 10/358]  eta: 0:10:32  loss: 0.0586 (0.0593)  IoU (F channel): 0.2865 (0.2973)  L1 (Dc channel): 0.0012 (0.0012)  L1 (Dn channel): 0.0012 (0.0013)  IoU (P channel): 0.2231 (0.2359)  lr: 0.000811  iter-time: 1.8168
[21:57:21.802334] Epoch: [31]  [ 20/358]  eta: 0:08:26  loss: 0.0569 (0.0613)  IoU (F channel): 0.3224 (0.3237)  L1 (Dc channel): 0.0012 (0.0012)  L1 (Dn channel): 0.0013 (0.0013)  IoU (P channel): 0.2322 (0.2482)  lr: 0.000810  iter-time: 1.1711
[21:57:33.374564] Epoch: [31]  [ 30/358]  eta: 0:07:35  loss: 0.0543 (0.0582)  IoU (F channel): 0.3603 (0.3394)  L1 (Dc channel): 0.0012 (0.0012)  L1 (Dn channel): 0.0013 (0.0013)  IoU (P channel): 0.2531 (0.2472)  lr: 0.000809  iter-time: 1.1522
[21:57:45.116801] Epoch: [31]  [ 40/358]  eta: 0:07:04  loss: 0.0593 (0.0618)  IoU (F channel): 0.3283 (0.3296)  L1 (Dc channel): 0.0012 (0.0012)  L1 (Dn channel): 0.0013 (0.0014)  IoU (P channel): 0.2438 (0.2397)  lr: 0.000808  iter-time: 1.1656
[21:57:56.735865] Epoch: [31]  [ 50/358]  eta: 0:06:40  loss: 0.0716 (0.0661)  IoU (F channel): 0.3013 (0.3306)  L1 (Dc channel): 0.0011 (0.0012)  L1 (Dn channel): 0.0012 (0.0014)  IoU (P channel): 0.2377 (0.2450)  lr: 0.000807  iter-time: 1.1679
[21:58:08.479416] Epoch: [31]  [ 60/358]  eta: 0:06:21  loss: 0.0702 (0.0679)  IoU (F channel): 0.3758 (0.3385)  L1 (Dc channel): 0.0011 (0.0012)  L1 (Dn channel): 0.0013 (0.0014)  IoU (P channel): 0.2771 (0.2504)  lr: 0.000807  iter-time: 1.1680
[21:58:19.986277] Epoch: [31]  [ 70/358]  eta: 0:06:03  loss: 0.0564 (0.0654)  IoU (F channel): 0.3368 (0.3281)  L1 (Dc channel): 0.0011 (0.0012)  L1 (Dn channel): 0.0013 (0.0014)  IoU (P channel): 0.2362 (0.2441)  lr: 0.000806  iter-time: 1.1623
[21:58:31.808679] Epoch: [31]  [ 80/358]  eta: 0:05:48  loss: 0.0577 (0.0660)  IoU (F channel): 0.2677 (0.3243)  L1 (Dc channel): 0.0011 (0.0012)  L1 (Dn channel): 0.0012 (0.0014)  IoU (P channel): 0.2140 (0.2442)  lr: 0.000805  iter-time: 1.1663
[21:58:43.493023] Epoch: [31]  [ 90/358]  eta: 0:05:33  loss: 0.0631 (0.0656)  IoU (F channel): 0.3539 (0.3250)  L1 (Dc channel): 0.0012 (0.0012)  L1 (Dn channel): 0.0012 (0.0014)  IoU (P channel): 0.2708 (0.2463)  lr: 0.000804  iter-time: 1.1751
[21:58:55.016100] Epoch: [31]  [100/358]  eta: 0:05:18  loss: 0.0631 (0.0659)  IoU (F channel): 0.3277 (0.3224)  L1 (Dc channel): 0.0011 (0.0012)  L1 (Dn channel): 0.0011 (0.0014)  IoU (P channel): 0.2688 (0.2442)  lr: 0.000803  iter-time: 1.1602
[21:59:07.102057] Epoch: [31]  [110/358]  eta: 0:05:05  loss: 0.0568 (0.0655)  IoU (F channel): 0.3247 (0.3275)  L1 (Dc channel): 0.0010 (0.0012)  L1 (Dn channel): 0.0011 (0.0014)  IoU (P channel): 0.2389 (0.2463)  lr: 0.000803  iter-time: 1.1802
[21:59:19.057624] Epoch: [31]  [120/358]  eta: 0:04:52  loss: 0.0514 (0.0653)  IoU (F channel): 0.3680 (0.3300)  L1 (Dc channel): 0.0011 (0.0012)  L1 (Dn channel): 0.0011 (0.0014)  IoU (P channel): 0.2707 (0.2482)  lr: 0.000802  iter-time: 1.2019
[21:59:30.724843] Epoch: [31]  [130/358]  eta: 0:04:39  loss: 0.0514 (0.0654)  IoU (F channel): 0.3073 (0.3262)  L1 (Dc channel): 0.0009 (0.0011)  L1 (Dn channel): 0.0010 (0.0013)  IoU (P channel): 0.2301 (0.2444)  lr: 0.000801  iter-time: 1.1810
[21:59:42.468463] Epoch: [31]  [140/358]  eta: 0:04:26  loss: 0.0647 (0.0653)  IoU (F channel): 0.2959 (0.3287)  L1 (Dc channel): 0.0008 (0.0011)  L1 (Dn channel): 0.0010 (0.0013)  IoU (P channel): 0.1930 (0.2457)  lr: 0.000800  iter-time: 1.1704
[21:59:54.146019] Epoch: [31]  [150/358]  eta: 0:04:13  loss: 0.0647 (0.0653)  IoU (F channel): 0.2959 (0.3283)  L1 (Dc channel): 0.0008 (0.0011)  L1 (Dn channel): 0.0009 (0.0013)  IoU (P channel): 0.2376 (0.2458)  lr: 0.000799  iter-time: 1.1709
[22:00:05.858694] Epoch: [31]  [160/358]  eta: 0:04:00  loss: 0.0576 (0.0653)  IoU (F channel): 0.2954 (0.3277)  L1 (Dc channel): 0.0011 (0.0011)  L1 (Dn channel): 0.0009 (0.0013)  IoU (P channel): 0.2093 (0.2449)  lr: 0.000798  iter-time: 1.1693
[22:00:17.447081] Epoch: [31]  [170/358]  eta: 0:03:47  loss: 0.0600 (0.0655)  IoU (F channel): 0.3578 (0.3299)  L1 (Dc channel): 0.0012 (0.0011)  L1 (Dn channel): 0.0012 (0.0013)  IoU (P channel): 0.2268 (0.2461)  lr: 0.000797  iter-time: 1.1649
[22:00:29.207576] Epoch: [31]  [180/358]  eta: 0:03:35  loss: 0.0598 (0.0656)  IoU (F channel): 0.3223 (0.3289)  L1 (Dc channel): 0.0012 (0.0011)  L1 (Dn channel): 0.0014 (0.0013)  IoU (P channel): 0.2322 (0.2457)  lr: 0.000797  iter-time: 1.1673
[22:00:40.862120] Epoch: [31]  [190/358]  eta: 0:03:22  loss: 0.0598 (0.0658)  IoU (F channel): 0.3104 (0.3290)  L1 (Dc channel): 0.0011 (0.0011)  L1 (Dn channel): 0.0013 (0.0013)  IoU (P channel): 0.2146 (0.2455)  lr: 0.000796  iter-time: 1.1706
[22:00:52.762084] Epoch: [31]  [200/358]  eta: 0:03:10  loss: 0.0604 (0.0660)  IoU (F channel): 0.2930 (0.3282)  L1 (Dc channel): 0.0012 (0.0011)  L1 (Dn channel): 0.0013 (0.0013)  IoU (P channel): 0.2513 (0.2452)  lr: 0.000795  iter-time: 1.1776
[22:01:04.513230] Epoch: [31]  [210/358]  eta: 0:02:58  loss: 0.0597 (0.0659)  IoU (F channel): 0.3011 (0.3277)  L1 (Dc channel): 0.0012 (0.0011)  L1 (Dn channel): 0.0012 (0.0013)  IoU (P channel): 0.2513 (0.2451)  lr: 0.000794  iter-time: 1.1824
[22:01:16.132744] Epoch: [31]  [220/358]  eta: 0:02:45  loss: 0.0569 (0.0659)  IoU (F channel): 0.3138 (0.3279)  L1 (Dc channel): 0.0012 (0.0011)  L1 (Dn channel): 0.0012 (0.0013)  IoU (P channel): 0.2407 (0.2440)  lr: 0.000793  iter-time: 1.1684
[22:01:27.861198] Epoch: [31]  [230/358]  eta: 0:02:33  loss: 0.0655 (0.0664)  IoU (F channel): 0.3518 (0.3295)  L1 (Dc channel): 0.0012 (0.0011)  L1 (Dn channel): 0.0012 (0.0013)  IoU (P channel): 0.2431 (0.2456)  lr: 0.000792  iter-time: 1.1672
[22:01:39.652760] Epoch: [31]  [240/358]  eta: 0:02:21  loss: 0.0657 (0.0668)  IoU (F channel): 0.3415 (0.3304)  L1 (Dc channel): 0.0012 (0.0011)  L1 (Dn channel): 0.0014 (0.0013)  IoU (P channel): 0.2628 (0.2466)  lr: 0.000792  iter-time: 1.1758
[22:01:51.309385] Epoch: [31]  [250/358]  eta: 0:02:09  loss: 0.0589 (0.0670)  IoU (F channel): 0.3163 (0.3312)  L1 (Dc channel): 0.0012 (0.0012)  L1 (Dn channel): 0.0014 (0.0013)  IoU (P channel): 0.2664 (0.2472)  lr: 0.000791  iter-time: 1.1722
[22:02:03.349759] Epoch: [31]  [260/358]  eta: 0:01:57  loss: 0.0548 (0.0669)  IoU (F channel): 0.3292 (0.3318)  L1 (Dc channel): 0.0012 (0.0012)  L1 (Dn channel): 0.0013 (0.0013)  IoU (P channel): 0.2510 (0.2478)  lr: 0.000790  iter-time: 1.1847
[22:02:15.101660] Epoch: [31]  [270/358]  eta: 0:01:45  loss: 0.0575 (0.0672)  IoU (F channel): 0.3238 (0.3316)  L1 (Dc channel): 0.0012 (0.0012)  L1 (Dn channel): 0.0013 (0.0013)  IoU (P channel): 0.2387 (0.2481)  lr: 0.000789  iter-time: 1.1894
[22:02:26.833738] Epoch: [31]  [280/358]  eta: 0:01:33  loss: 0.0656 (0.0675)  IoU (F channel): 0.3304 (0.3321)  L1 (Dc channel): 0.0013 (0.0012)  L1 (Dn channel): 0.0013 (0.0013)  IoU (P channel): 0.2276 (0.2481)  lr: 0.000788  iter-time: 1.1740
[22:02:38.542664] Epoch: [31]  [290/358]  eta: 0:01:21  loss: 0.0588 (0.0674)  IoU (F channel): 0.3548 (0.3340)  L1 (Dc channel): 0.0012 (0.0012)  L1 (Dn channel): 0.0013 (0.0014)  IoU (P channel): 0.2632 (0.2490)  lr: 0.000787  iter-time: 1.1719
[22:02:50.327695] Epoch: [31]  [300/358]  eta: 0:01:09  loss: 0.0514 (0.0671)  IoU (F channel): 0.3477 (0.3338)  L1 (Dc channel): 0.0011 (0.0012)  L1 (Dn channel): 0.0013 (0.0014)  IoU (P channel): 0.2450 (0.2483)  lr: 0.000786  iter-time: 1.1745
[22:03:01.962788] Epoch: [31]  [310/358]  eta: 0:00:57  loss: 0.0578 (0.0679)  IoU (F channel): 0.2951 (0.3349)  L1 (Dc channel): 0.0011 (0.0012)  L1 (Dn channel): 0.0013 (0.0014)  IoU (P channel): 0.2362 (0.2488)  lr: 0.000786  iter-time: 1.1708
[22:03:13.616162] Epoch: [31]  [320/358]  eta: 0:00:45  loss: 0.0617 (0.0676)  IoU (F channel): 0.3709 (0.3367)  L1 (Dc channel): 0.0011 (0.0012)  L1 (Dn channel): 0.0012 (0.0014)  IoU (P channel): 0.2707 (0.2503)  lr: 0.000785  iter-time: 1.1643
[22:03:25.570809] Epoch: [31]  [330/358]  eta: 0:00:33  loss: 0.0533 (0.0677)  IoU (F channel): 0.3634 (0.3364)  L1 (Dc channel): 0.0011 (0.0012)  L1 (Dn channel): 0.0012 (0.0014)  IoU (P channel): 0.2604 (0.2498)  lr: 0.000784  iter-time: 1.1802
[22:03:37.540006] Epoch: [31]  [340/358]  eta: 0:00:21  loss: 0.0604 (0.0677)  IoU (F channel): 0.3472 (0.3372)  L1 (Dc channel): 0.0011 (0.0012)  L1 (Dn channel): 0.0012 (0.0014)  IoU (P channel): 0.2659 (0.2512)  lr: 0.000783  iter-time: 1.1960
[22:03:48.837674] Epoch: [31]  [350/358]  eta: 0:00:09  loss: 0.0540 (0.0676)  IoU (F channel): 0.3384 (0.3371)  L1 (Dc channel): 0.0011 (0.0012)  L1 (Dn channel): 0.0013 (0.0014)  IoU (P channel): 0.2685 (0.2508)  lr: 0.000782  iter-time: 1.1632
[22:03:55.856813] Epoch: [31]  [357/358]  eta: 0:00:01  loss: 0.0540 (0.0674)  IoU (F channel): 0.3384 (0.3376)  L1 (Dc channel): 0.0011 (0.0012)  L1 (Dn channel): 0.0013 (0.0014)  IoU (P channel): 0.2608 (0.2514)  lr: 0.000782  iter-time: 1.0925
[22:03:55.857024] Epoch: [31] Total time: 0:07:05 (1.1886 s / it)
[22:03:55.857059] [Train] averaged stats: loss: 0.0540 (0.0674)  IoU (F channel): 0.3384 (0.3376)  L1 (Dc channel): 0.0011 (0.0012)  L1 (Dn channel): 0.0013 (0.0014)  IoU (P channel): 0.2608 (0.2514)  lr: 0.000782
[22:04:02.980424] Epoch: [31]  [ 0/23]  eta: 0:02:43  loss: 0.0585 (0.0585)  IoU (F channel): 0.0000 (0.0000)  L1 (Dc channel): 0.0008 (0.0008)  L1 (Dn channel): 0.0007 (0.0007)  IoU (P channel): 0.0000 (0.0000)  iter-time: 7.1218
[22:04:09.756673] Epoch: [31]  [10/23]  eta: 0:00:16  loss: 0.0727 (0.1705)  IoU (F channel): 0.3448 (0.2756)  L1 (Dc channel): 0.0010 (0.0011)  L1 (Dn channel): 0.0009 (0.0014)  IoU (P channel): 0.2500 (0.2170)  iter-time: 1.2634
[22:04:15.326792] Epoch: [31]  [20/23]  eta: 0:00:02  loss: 0.0884 (0.1464)  IoU (F channel): 0.3515 (0.3194)  L1 (Dc channel): 0.0010 (0.0011)  L1 (Dn channel): 0.0011 (0.0014)  IoU (P channel): 0.2691 (0.2423)  iter-time: 0.6173
[22:04:15.748575] Epoch: [31]  [22/23]  eta: 0:00:00  loss: 0.0884 (0.1383)  IoU (F channel): 0.3680 (0.3076)  L1 (Dc channel): 0.0010 (0.0011)  L1 (Dn channel): 0.0012 (0.0014)  IoU (P channel): 0.2691 (0.2356)  iter-time: 0.5850
[22:04:15.748724] Epoch: [31] Total time: 0:00:19 (0.8648 s / it)
[22:04:15.748753] [Val] averaged stats: loss: 0.0884 (0.1383)  IoU (F channel): 0.3680 (0.3076)  L1 (Dc channel): 0.0010 (0.0011)  L1 (Dn channel): 0.0012 (0.0014)  IoU (P channel): 0.2691 (0.2356)
[22:04:15.748959] [Val] best loss: 0.1200 best  IoU (F channel): 0.2378 L1 (Dc channel): 0.0012 L1 (Dn channel): 0.0018 IoU (P channel): 0.1793 
EarlyStopping counter: 3 out of 10
[22:04:15.759947] [Time] 7.4m 4.0h/7.7h

[22:04:15.759968] ~~~ Epoch 32/60 ~~~

[22:04:24.683853] Epoch: [32]  [  0/358]  eta: 0:53:13  loss: 0.0521 (0.0521)  IoU (F channel): 0.2712 (0.2712)  L1 (Dc channel): 0.0009 (0.0009)  L1 (Dn channel): 0.0009 (0.0009)  IoU (P channel): 0.2222 (0.2222)  lr: 0.000781  iter-time: 8.9214
[22:04:36.822133] Epoch: [32]  [ 10/358]  eta: 0:11:06  loss: 0.0565 (0.0689)  IoU (F channel): 0.3371 (0.3610)  L1 (Dc channel): 0.0010 (0.0010)  L1 (Dn channel): 0.0012 (0.0014)  IoU (P channel): 0.2489 (0.2646)  lr: 0.000781  iter-time: 1.9143
[22:04:48.424735] Epoch: [32]  [ 20/358]  eta: 0:08:45  loss: 0.0706 (0.0721)  IoU (F channel): 0.3431 (0.3553)  L1 (Dc channel): 0.0010 (0.0010)  L1 (Dn channel): 0.0012 (0.0013)  IoU (P channel): 0.2625 (0.2679)  lr: 0.000780  iter-time: 1.1868
[22:04:59.978989] Epoch: [32]  [ 30/358]  eta: 0:07:47  loss: 0.0724 (0.0724)  IoU (F channel): 0.3567 (0.3647)  L1 (Dc channel): 0.0009 (0.0010)  L1 (Dn channel): 0.0014 (0.0014)  IoU (P channel): 0.2671 (0.2691)  lr: 0.000779  iter-time: 1.1577
[22:05:11.755768] Epoch: [32]  [ 40/358]  eta: 0:07:14  loss: 0.0724 (0.0726)  IoU (F channel): 0.3416 (0.3637)  L1 (Dc channel): 0.0009 (0.0010)  L1 (Dn channel): 0.0013 (0.0014)  IoU (P channel): 0.2463 (0.2696)  lr: 0.000778  iter-time: 1.1664
[22:05:23.568091] Epoch: [32]  [ 50/358]  eta: 0:06:49  loss: 0.0565 (0.0705)  IoU (F channel): 0.3159 (0.3549)  L1 (Dc channel): 0.0010 (0.0010)  L1 (Dn channel): 0.0012 (0.0014)  IoU (P channel): 0.2463 (0.2664)  lr: 0.000777  iter-time: 1.1793
[22:05:35.249658] Epoch: [32]  [ 60/358]  eta: 0:06:28  loss: 0.0525 (0.0670)  IoU (F channel): 0.3449 (0.3516)  L1 (Dc channel): 0.0009 (0.0010)  L1 (Dn channel): 0.0009 (0.0013)  IoU (P channel): 0.2313 (0.2621)  lr: 0.000776  iter-time: 1.1744
[22:05:46.834113] Epoch: [32]  [ 70/358]  eta: 0:06:09  loss: 0.0498 (0.0666)  IoU (F channel): 0.3198 (0.3563)  L1 (Dc channel): 0.0008 (0.0010)  L1 (Dn channel): 0.0008 (0.0013)  IoU (P channel): 0.2792 (0.2677)  lr: 0.000775  iter-time: 1.1631
[22:05:58.651272] Epoch: [32]  [ 80/358]  eta: 0:05:53  loss: 0.0580 (0.0685)  IoU (F channel): 0.3317 (0.3537)  L1 (Dc channel): 0.0010 (0.0010)  L1 (Dn channel): 0.0014 (0.0014)  IoU (P channel): 0.2792 (0.2675)  lr: 0.000775  iter-time: 1.1699
[22:06:10.629378] Epoch: [32]  [ 90/358]  eta: 0:05:38  loss: 0.0607 (0.0685)  IoU (F channel): 0.3351 (0.3514)  L1 (Dc channel): 0.0009 (0.0010)  L1 (Dn channel): 0.0012 (0.0013)  IoU (P channel): 0.2586 (0.2645)  lr: 0.000774  iter-time: 1.1896
[22:06:21.930498] Epoch: [32]  [100/358]  eta: 0:05:22  loss: 0.0518 (0.0672)  IoU (F channel): 0.3744 (0.3545)  L1 (Dc channel): 0.0009 (0.0010)  L1 (Dn channel): 0.0008 (0.0013)  IoU (P channel): 0.2417 (0.2628)  lr: 0.000773  iter-time: 1.1638
[22:06:33.872459] Epoch: [32]  [110/358]  eta: 0:05:08  loss: 0.0652 (0.0695)  IoU (F channel): 0.3604 (0.3517)  L1 (Dc channel): 0.0011 (0.0010)  L1 (Dn channel): 0.0009 (0.0013)  IoU (P channel): 0.2360 (0.2610)  lr: 0.000772  iter-time: 1.1620
[22:06:45.571880] Epoch: [32]  [120/358]  eta: 0:04:54  loss: 0.0691 (0.0687)  IoU (F channel): 0.3604 (0.3561)  L1 (Dc channel): 0.0011 (0.0010)  L1 (Dn channel): 0.0009 (0.0013)  IoU (P channel): 0.2363 (0.2636)  lr: 0.000771  iter-time: 1.1819
[22:06:57.258662] Epoch: [32]  [130/358]  eta: 0:04:41  loss: 0.0548 (0.0680)  IoU (F channel): 0.3461 (0.3539)  L1 (Dc channel): 0.0010 (0.0010)  L1 (Dn channel): 0.0009 (0.0012)  IoU (P channel): 0.2658 (0.2616)  lr: 0.000770  iter-time: 1.1691
[22:07:08.818965] Epoch: [32]  [140/358]  eta: 0:04:27  loss: 0.0548 (0.0681)  IoU (F channel): 0.3269 (0.3517)  L1 (Dc channel): 0.0010 (0.0010)  L1 (Dn channel): 0.0010 (0.0012)  IoU (P channel): 0.2651 (0.2602)  lr: 0.000769  iter-time: 1.1622
[22:07:20.356724] Epoch: [32]  [150/358]  eta: 0:04:14  loss: 0.0429 (0.0667)  IoU (F channel): 0.3592 (0.3518)  L1 (Dc channel): 0.0008 (0.0010)  L1 (Dn channel): 0.0008 (0.0012)  IoU (P channel): 0.2451 (0.2606)  lr: 0.000768  iter-time: 1.1548
[22:07:31.891436] Epoch: [32]  [160/358]  eta: 0:04:01  loss: 0.0429 (0.0660)  IoU (F channel): 0.3567 (0.3539)  L1 (Dc channel): 0.0009 (0.0010)  L1 (Dn channel): 0.0011 (0.0012)  IoU (P channel): 0.2434 (0.2608)  lr: 0.000768  iter-time: 1.1535
[22:07:43.615596] Epoch: [32]  [170/358]  eta: 0:03:48  loss: 0.0553 (0.0658)  IoU (F channel): 0.3567 (0.3535)  L1 (Dc channel): 0.0011 (0.0010)  L1 (Dn channel): 0.0012 (0.0012)  IoU (P channel): 0.2434 (0.2609)  lr: 0.000767  iter-time: 1.1628
[22:07:54.952586] Epoch: [32]  [180/358]  eta: 0:03:35  loss: 0.0490 (0.0651)  IoU (F channel): 0.3540 (0.3528)  L1 (Dc channel): 0.0011 (0.0010)  L1 (Dn channel): 0.0010 (0.0012)  IoU (P channel): 0.2429 (0.2595)  lr: 0.000766  iter-time: 1.1529
[22:08:06.768617] Epoch: [32]  [190/358]  eta: 0:03:23  loss: 0.0524 (0.0661)  IoU (F channel): 0.3273 (0.3514)  L1 (Dc channel): 0.0011 (0.0010)  L1 (Dn channel): 0.0010 (0.0012)  IoU (P channel): 0.2372 (0.2595)  lr: 0.000765  iter-time: 1.1575
[22:08:18.346105] Epoch: [32]  [200/358]  eta: 0:03:10  loss: 0.0786 (0.0666)  IoU (F channel): 0.3273 (0.3528)  L1 (Dc channel): 0.0011 (0.0010)  L1 (Dn channel): 0.0013 (0.0012)  IoU (P channel): 0.2673 (0.2606)  lr: 0.000764  iter-time: 1.1695
[22:08:30.068016] Epoch: [32]  [210/358]  eta: 0:02:58  loss: 0.0790 (0.0675)  IoU (F channel): 0.3368 (0.3517)  L1 (Dc channel): 0.0011 (0.0010)  L1 (Dn channel): 0.0013 (0.0012)  IoU (P channel): 0.2750 (0.2602)  lr: 0.000763  iter-time: 1.1648
[22:08:41.673005] Epoch: [32]  [220/358]  eta: 0:02:46  loss: 0.0703 (0.0677)  IoU (F channel): 0.2613 (0.3479)  L1 (Dc channel): 0.0010 (0.0010)  L1 (Dn channel): 0.0012 (0.0012)  IoU (P channel): 0.2223 (0.2576)  lr: 0.000762  iter-time: 1.1662
[22:08:53.525867] Epoch: [32]  [230/358]  eta: 0:02:33  loss: 0.0665 (0.0685)  IoU (F channel): 0.3030 (0.3502)  L1 (Dc channel): 0.0009 (0.0010)  L1 (Dn channel): 0.0012 (0.0012)  IoU (P channel): 0.2410 (0.2593)  lr: 0.000761  iter-time: 1.1727
[22:09:05.101773] Epoch: [32]  [240/358]  eta: 0:02:21  loss: 0.0665 (0.0690)  IoU (F channel): 0.3837 (0.3497)  L1 (Dc channel): 0.0011 (0.0010)  L1 (Dn channel): 0.0012 (0.0012)  IoU (P channel): 0.2956 (0.2589)  lr: 0.000760  iter-time: 1.1713
[22:09:16.801870] Epoch: [32]  [250/358]  eta: 0:02:09  loss: 0.0681 (0.0692)  IoU (F channel): 0.3334 (0.3481)  L1 (Dc channel): 0.0011 (0.0010)  L1 (Dn channel): 0.0012 (0.0013)  IoU (P channel): 0.2667 (0.2578)  lr: 0.000760  iter-time: 1.1636
[22:09:28.652673] Epoch: [32]  [260/358]  eta: 0:01:57  loss: 0.0590 (0.0694)  IoU (F channel): 0.3061 (0.3467)  L1 (Dc channel): 0.0011 (0.0010)  L1 (Dn channel): 0.0012 (0.0012)  IoU (P channel): 0.2241 (0.2565)  lr: 0.000759  iter-time: 1.1774
[22:09:40.254563] Epoch: [32]  [270/358]  eta: 0:01:45  loss: 0.0574 (0.0697)  IoU (F channel): 0.3061 (0.3475)  L1 (Dc channel): 0.0011 (0.0010)  L1 (Dn channel): 0.0011 (0.0013)  IoU (P channel): 0.2241 (0.2560)  lr: 0.000758  iter-time: 1.1725
[22:09:52.032087] Epoch: [32]  [280/358]  eta: 0:01:33  loss: 0.0469 (0.0690)  IoU (F channel): 0.3360 (0.3466)  L1 (Dc channel): 0.0010 (0.0010)  L1 (Dn channel): 0.0010 (0.0012)  IoU (P channel): 0.2562 (0.2551)  lr: 0.000757  iter-time: 1.1688
[22:10:03.773602] Epoch: [32]  [290/358]  eta: 0:01:21  loss: 0.0543 (0.0688)  IoU (F channel): 0.3233 (0.3458)  L1 (Dc channel): 0.0008 (0.0010)  L1 (Dn channel): 0.0010 (0.0012)  IoU (P channel): 0.2414 (0.2548)  lr: 0.000756  iter-time: 1.1758
[22:10:15.632647] Epoch: [32]  [300/358]  eta: 0:01:09  loss: 0.0601 (0.0683)  IoU (F channel): 0.3633 (0.3463)  L1 (Dc channel): 0.0008 (0.0010)  L1 (Dn channel): 0.0013 (0.0012)  IoU (P channel): 0.2625 (0.2552)  lr: 0.000755  iter-time: 1.1799
[22:10:27.457822] Epoch: [32]  [310/358]  eta: 0:00:57  loss: 0.0570 (0.0684)  IoU (F channel): 0.3729 (0.3459)  L1 (Dc channel): 0.0009 (0.0010)  L1 (Dn channel): 0.0013 (0.0013)  IoU (P channel): 0.2703 (0.2548)  lr: 0.000754  iter-time: 1.1840
[22:10:38.886933] Epoch: [32]  [320/358]  eta: 0:00:45  loss: 0.0521 (0.0682)  IoU (F channel): 0.2904 (0.3439)  L1 (Dc channel): 0.0009 (0.0010)  L1 (Dn channel): 0.0011 (0.0012)  IoU (P channel): 0.2122 (0.2535)  lr: 0.000753  iter-time: 1.1625
[22:10:50.388340] Epoch: [32]  [330/358]  eta: 0:00:33  loss: 0.0637 (0.0680)  IoU (F channel): 0.3059 (0.3450)  L1 (Dc channel): 0.0009 (0.0010)  L1 (Dn channel): 0.0009 (0.0012)  IoU (P channel): 0.2429 (0.2540)  lr: 0.000752  iter-time: 1.1464
[22:11:02.079804] Epoch: [32]  [340/358]  eta: 0:00:21  loss: 0.0641 (0.0679)  IoU (F channel): 0.3613 (0.3441)  L1 (Dc channel): 0.0009 (0.0010)  L1 (Dn channel): 0.0010 (0.0012)  IoU (P channel): 0.2444 (0.2533)  lr: 0.000751  iter-time: 1.1595
[22:11:13.371689] Epoch: [32]  [350/358]  eta: 0:00:09  loss: 0.0566 (0.0676)  IoU (F channel): 0.3255 (0.3430)  L1 (Dc channel): 0.0007 (0.0010)  L1 (Dn channel): 0.0008 (0.0012)  IoU (P channel): 0.2325 (0.2525)  lr: 0.000751  iter-time: 1.1490
[22:11:20.376357] Epoch: [32]  [357/358]  eta: 0:00:01  loss: 0.0566 (0.0673)  IoU (F channel): 0.3102 (0.3415)  L1 (Dc channel): 0.0009 (0.0010)  L1 (Dn channel): 0.0010 (0.0012)  IoU (P channel): 0.2324 (0.2514)  lr: 0.000750  iter-time: 1.0955
[22:11:20.376462] Epoch: [32] Total time: 0:07:04 (1.1861 s / it)
[22:11:20.376592] [Train] averaged stats: loss: 0.0566 (0.0673)  IoU (F channel): 0.3102 (0.3415)  L1 (Dc channel): 0.0009 (0.0010)  L1 (Dn channel): 0.0010 (0.0012)  IoU (P channel): 0.2324 (0.2514)  lr: 0.000750
[22:11:26.738643] Epoch: [32]  [ 0/23]  eta: 0:02:26  loss: 0.0543 (0.0543)  IoU (F channel): 0.0000 (0.0000)  L1 (Dc channel): 0.0007 (0.0007)  L1 (Dn channel): 0.0009 (0.0009)  IoU (P channel): 0.0001 (0.0001)  iter-time: 6.3604
[22:11:33.443025] Epoch: [32]  [10/23]  eta: 0:00:15  loss: 0.0732 (0.1847)  IoU (F channel): 0.2976 (0.2648)  L1 (Dc channel): 0.0009 (0.0010)  L1 (Dn channel): 0.0010 (0.0016)  IoU (P channel): 0.2242 (0.2044)  iter-time: 1.1877
[22:11:37.690371] Epoch: [32]  [20/23]  eta: 0:00:02  loss: 0.0810 (0.1517)  IoU (F channel): 0.3507 (0.3194)  L1 (Dc channel): 0.0009 (0.0010)  L1 (Dn channel): 0.0013 (0.0016)  IoU (P channel): 0.2651 (0.2400)  iter-time: 0.5475
[22:11:38.111850] Epoch: [32]  [22/23]  eta: 0:00:00  loss: 0.0749 (0.1432)  IoU (F channel): 0.3507 (0.3073)  L1 (Dc channel): 0.0009 (0.0010)  L1 (Dn channel): 0.0013 (0.0015)  IoU (P channel): 0.2666 (0.2332)  iter-time: 0.4954
[22:11:38.111939] Epoch: [32] Total time: 0:00:17 (0.7710 s / it)
[22:11:38.111966] [Val] averaged stats: loss: 0.0749 (0.1432)  IoU (F channel): 0.3507 (0.3073)  L1 (Dc channel): 0.0009 (0.0010)  L1 (Dn channel): 0.0013 (0.0015)  IoU (P channel): 0.2666 (0.2332)
[22:11:38.112144] [Val] best loss: 0.1200 best  IoU (F channel): 0.2378 L1 (Dc channel): 0.0012 L1 (Dn channel): 0.0018 IoU (P channel): 0.1793 
EarlyStopping counter: 4 out of 10
[22:11:38.123169] [Time] 7.4m 4.1h/7.7h

[22:11:38.123186] ~~~ Epoch 33/60 ~~~

[22:11:46.091244] Epoch: [33]  [  0/358]  eta: 0:47:31  loss: 0.1098 (0.1098)  IoU (F channel): 0.4683 (0.4683)  L1 (Dc channel): 0.0011 (0.0011)  L1 (Dn channel): 0.0020 (0.0020)  IoU (P channel): 0.3626 (0.3626)  lr: 0.000750  iter-time: 7.9661
[22:11:58.024324] Epoch: [33]  [ 10/358]  eta: 0:10:29  loss: 0.0511 (0.0633)  IoU (F channel): 0.3406 (0.3398)  L1 (Dc channel): 0.0009 (0.0010)  L1 (Dn channel): 0.0011 (0.0013)  IoU (P channel): 0.2493 (0.2484)  lr: 0.000749  iter-time: 1.8088
[22:12:09.747109] Epoch: [33]  [ 20/358]  eta: 0:08:28  loss: 0.0512 (0.0710)  IoU (F channel): 0.3406 (0.3559)  L1 (Dc channel): 0.0010 (0.0011)  L1 (Dn channel): 0.0011 (0.0013)  IoU (P channel): 0.2472 (0.2596)  lr: 0.000748  iter-time: 1.1826
[22:12:21.478290] Epoch: [33]  [ 30/358]  eta: 0:07:38  loss: 0.0641 (0.0693)  IoU (F channel): 0.3358 (0.3567)  L1 (Dc channel): 0.0010 (0.0011)  L1 (Dn channel): 0.0010 (0.0012)  IoU (P channel): 0.2562 (0.2630)  lr: 0.000747  iter-time: 1.1725
[22:12:33.118689] Epoch: [33]  [ 40/358]  eta: 0:07:06  loss: 0.0569 (0.0690)  IoU (F channel): 0.3177 (0.3439)  L1 (Dc channel): 0.0010 (0.0011)  L1 (Dn channel): 0.0008 (0.0012)  IoU (P channel): 0.2323 (0.2533)  lr: 0.000746  iter-time: 1.1684
[22:12:44.737907] Epoch: [33]  [ 50/358]  eta: 0:06:42  loss: 0.0715 (0.0715)  IoU (F channel): 0.3391 (0.3524)  L1 (Dc channel): 0.0010 (0.0011)  L1 (Dn channel): 0.0008 (0.0012)  IoU (P channel): 0.2538 (0.2599)  lr: 0.000745  iter-time: 1.1628
[22:12:56.416701] Epoch: [33]  [ 60/358]  eta: 0:06:22  loss: 0.0792 (0.0733)  IoU (F channel): 0.4000 (0.3526)  L1 (Dc channel): 0.0010 (0.0011)  L1 (Dn channel): 0.0011 (0.0012)  IoU (P channel): 0.2896 (0.2622)  lr: 0.000744  iter-time: 1.1647
[22:13:08.065946] Epoch: [33]  [ 70/358]  eta: 0:06:04  loss: 0.0820 (0.0758)  IoU (F channel): 0.3387 (0.3512)  L1 (Dc channel): 0.0010 (0.0011)  L1 (Dn channel): 0.0015 (0.0013)  IoU (P channel): 0.2632 (0.2628)  lr: 0.000743  iter-time: 1.1662
[22:13:19.603794] Epoch: [33]  [ 80/358]  eta: 0:05:48  loss: 0.0654 (0.0728)  IoU (F channel): 0.3343 (0.3487)  L1 (Dc channel): 0.0011 (0.0011)  L1 (Dn channel): 0.0013 (0.0012)  IoU (P channel): 0.2520 (0.2601)  lr: 0.000743  iter-time: 1.1592
[22:13:31.226134] Epoch: [33]  [ 90/358]  eta: 0:05:33  loss: 0.0582 (0.0737)  IoU (F channel): 0.3243 (0.3423)  L1 (Dc channel): 0.0012 (0.0011)  L1 (Dn channel): 0.0010 (0.0012)  IoU (P channel): 0.2281 (0.2550)  lr: 0.000742  iter-time: 1.1578
[22:13:42.878875] Epoch: [33]  [100/358]  eta: 0:05:18  loss: 0.0705 (0.0729)  IoU (F channel): 0.3243 (0.3479)  L1 (Dc channel): 0.0011 (0.0011)  L1 (Dn channel): 0.0012 (0.0013)  IoU (P channel): 0.2311 (0.2584)  lr: 0.000741  iter-time: 1.1636
[22:13:54.591428] Epoch: [33]  [110/358]  eta: 0:05:04  loss: 0.0568 (0.0708)  IoU (F channel): 0.3679 (0.3513)  L1 (Dc channel): 0.0010 (0.0011)  L1 (Dn channel): 0.0012 (0.0013)  IoU (P channel): 0.2571 (0.2589)  lr: 0.000740  iter-time: 1.1681
[22:14:06.563138] Epoch: [33]  [120/358]  eta: 0:04:51  loss: 0.0576 (0.0710)  IoU (F channel): 0.3341 (0.3505)  L1 (Dc channel): 0.0011 (0.0011)  L1 (Dn channel): 0.0011 (0.0013)  IoU (P channel): 0.2632 (0.2595)  lr: 0.000739  iter-time: 1.1840
[22:14:18.440115] Epoch: [33]  [130/358]  eta: 0:04:38  loss: 0.0544 (0.0693)  IoU (F channel): 0.3365 (0.3541)  L1 (Dc channel): 0.0011 (0.0011)  L1 (Dn channel): 0.0011 (0.0013)  IoU (P channel): 0.2924 (0.2630)  lr: 0.000738  iter-time: 1.1923
[22:14:30.147736] Epoch: [33]  [140/358]  eta: 0:04:25  loss: 0.0439 (0.0688)  IoU (F channel): 0.3235 (0.3493)  L1 (Dc channel): 0.0011 (0.0011)  L1 (Dn channel): 0.0010 (0.0012)  IoU (P channel): 0.2717 (0.2604)  lr: 0.000737  iter-time: 1.1791
[22:14:41.698468] Epoch: [33]  [150/358]  eta: 0:04:12  loss: 0.0515 (0.0687)  IoU (F channel): 0.3145 (0.3497)  L1 (Dc channel): 0.0010 (0.0011)  L1 (Dn channel): 0.0011 (0.0012)  IoU (P channel): 0.2572 (0.2612)  lr: 0.000736  iter-time: 1.1628
[22:14:53.319854] Epoch: [33]  [160/358]  eta: 0:04:00  loss: 0.0543 (0.0686)  IoU (F channel): 0.3550 (0.3513)  L1 (Dc channel): 0.0011 (0.0011)  L1 (Dn channel): 0.0012 (0.0013)  IoU (P channel): 0.2790 (0.2631)  lr: 0.000735  iter-time: 1.1584
[22:15:04.929439] Epoch: [33]  [170/358]  eta: 0:03:47  loss: 0.0463 (0.0677)  IoU (F channel): 0.3376 (0.3499)  L1 (Dc channel): 0.0010 (0.0011)  L1 (Dn channel): 0.0011 (0.0013)  IoU (P channel): 0.2707 (0.2611)  lr: 0.000734  iter-time: 1.1614
[22:15:16.546624] Epoch: [33]  [180/358]  eta: 0:03:34  loss: 0.0561 (0.0684)  IoU (F channel): 0.3847 (0.3517)  L1 (Dc channel): 0.0010 (0.0011)  L1 (Dn channel): 0.0010 (0.0013)  IoU (P channel): 0.2566 (0.2626)  lr: 0.000733  iter-time: 1.1612
[22:15:28.278975] Epoch: [33]  [190/358]  eta: 0:03:22  loss: 0.0735 (0.0689)  IoU (F channel): 0.3519 (0.3524)  L1 (Dc channel): 0.0010 (0.0011)  L1 (Dn channel): 0.0012 (0.0013)  IoU (P channel): 0.2811 (0.2639)  lr: 0.000732  iter-time: 1.1673
[22:15:39.922865] Epoch: [33]  [200/358]  eta: 0:03:10  loss: 0.0524 (0.0680)  IoU (F channel): 0.3370 (0.3522)  L1 (Dc channel): 0.0010 (0.0011)  L1 (Dn channel): 0.0012 (0.0013)  IoU (P channel): 0.2619 (0.2632)  lr: 0.000732  iter-time: 1.1686
[22:15:51.513322] Epoch: [33]  [210/358]  eta: 0:02:57  loss: 0.0545 (0.0686)  IoU (F channel): 0.3336 (0.3524)  L1 (Dc channel): 0.0010 (0.0011)  L1 (Dn channel): 0.0011 (0.0013)  IoU (P channel): 0.2517 (0.2633)  lr: 0.000731  iter-time: 1.1616
[22:16:03.196811] Epoch: [33]  [220/358]  eta: 0:02:45  loss: 0.0647 (0.0683)  IoU (F channel): 0.3346 (0.3538)  L1 (Dc channel): 0.0010 (0.0011)  L1 (Dn channel): 0.0010 (0.0013)  IoU (P channel): 0.2547 (0.2641)  lr: 0.000730  iter-time: 1.1635
[22:16:14.887905] Epoch: [33]  [230/358]  eta: 0:02:33  loss: 0.0517 (0.0684)  IoU (F channel): 0.3204 (0.3523)  L1 (Dc channel): 0.0008 (0.0011)  L1 (Dn channel): 0.0009 (0.0012)  IoU (P channel): 0.2534 (0.2634)  lr: 0.000729  iter-time: 1.1686
[22:16:26.622635] Epoch: [33]  [240/358]  eta: 0:02:21  loss: 0.0589 (0.0687)  IoU (F channel): 0.3120 (0.3497)  L1 (Dc channel): 0.0009 (0.0011)  L1 (Dn channel): 0.0009 (0.0012)  IoU (P channel): 0.2379 (0.2609)  lr: 0.000728  iter-time: 1.1711
[22:16:38.507701] Epoch: [33]  [250/358]  eta: 0:02:09  loss: 0.0723 (0.0689)  IoU (F channel): 0.3247 (0.3491)  L1 (Dc channel): 0.0010 (0.0011)  L1 (Dn channel): 0.0010 (0.0012)  IoU (P channel): 0.2258 (0.2608)  lr: 0.000727  iter-time: 1.1808
[22:16:50.499185] Epoch: [33]  [260/358]  eta: 0:01:57  loss: 0.0599 (0.0688)  IoU (F channel): 0.3395 (0.3470)  L1 (Dc channel): 0.0010 (0.0011)  L1 (Dn channel): 0.0009 (0.0012)  IoU (P channel): 0.2634 (0.2591)  lr: 0.000726  iter-time: 1.1936
[22:17:02.324509] Epoch: [33]  [270/358]  eta: 0:01:45  loss: 0.0497 (0.0679)  IoU (F channel): 0.3184 (0.3467)  L1 (Dc channel): 0.0010 (0.0011)  L1 (Dn channel): 0.0007 (0.0012)  IoU (P channel): 0.1931 (0.2573)  lr: 0.000725  iter-time: 1.1906
[22:17:13.984728] Epoch: [33]  [280/358]  eta: 0:01:33  loss: 0.0495 (0.0683)  IoU (F channel): 0.3567 (0.3463)  L1 (Dc channel): 0.0010 (0.0011)  L1 (Dn channel): 0.0007 (0.0012)  IoU (P channel): 0.2054 (0.2569)  lr: 0.000724  iter-time: 1.1741
[22:17:25.745931] Epoch: [33]  [290/358]  eta: 0:01:21  loss: 0.0498 (0.0678)  IoU (F channel): 0.3613 (0.3483)  L1 (Dc channel): 0.0010 (0.0011)  L1 (Dn channel): 0.0009 (0.0012)  IoU (P channel): 0.2773 (0.2583)  lr: 0.000723  iter-time: 1.1709
[22:17:37.513765] Epoch: [33]  [300/358]  eta: 0:01:09  loss: 0.0498 (0.0677)  IoU (F channel): 0.3520 (0.3475)  L1 (Dc channel): 0.0010 (0.0011)  L1 (Dn channel): 0.0009 (0.0012)  IoU (P channel): 0.2731 (0.2580)  lr: 0.000722  iter-time: 1.1763
[22:17:49.014228] Epoch: [33]  [310/358]  eta: 0:00:57  loss: 0.0486 (0.0669)  IoU (F channel): 0.2937 (0.3475)  L1 (Dc channel): 0.0008 (0.0010)  L1 (Dn channel): 0.0008 (0.0012)  IoU (P channel): 0.2392 (0.2583)  lr: 0.000721  iter-time: 1.1632
[22:18:00.831875] Epoch: [33]  [320/358]  eta: 0:00:45  loss: 0.0462 (0.0666)  IoU (F channel): 0.3241 (0.3478)  L1 (Dc channel): 0.0008 (0.0010)  L1 (Dn channel): 0.0008 (0.0012)  IoU (P channel): 0.2578 (0.2582)  lr: 0.000720  iter-time: 1.1657
[22:18:12.939878] Epoch: [33]  [330/358]  eta: 0:00:33  loss: 0.0462 (0.0665)  IoU (F channel): 0.3375 (0.3473)  L1 (Dc channel): 0.0009 (0.0010)  L1 (Dn channel): 0.0009 (0.0012)  IoU (P channel): 0.2401 (0.2581)  lr: 0.000719  iter-time: 1.1961
[22:18:24.683395] Epoch: [33]  [340/358]  eta: 0:00:21  loss: 0.0511 (0.0662)  IoU (F channel): 0.3375 (0.3473)  L1 (Dc channel): 0.0008 (0.0010)  L1 (Dn channel): 0.0009 (0.0012)  IoU (P channel): 0.2363 (0.2575)  lr: 0.000718  iter-time: 1.1924
[22:18:36.144962] Epoch: [33]  [350/358]  eta: 0:00:09  loss: 0.0558 (0.0664)  IoU (F channel): 0.3317 (0.3479)  L1 (Dc channel): 0.0007 (0.0010)  L1 (Dn channel): 0.0009 (0.0012)  IoU (P channel): 0.2305 (0.2579)  lr: 0.000718  iter-time: 1.1601
[22:18:43.153854] Epoch: [33]  [357/358]  eta: 0:00:01  loss: 0.0586 (0.0665)  IoU (F channel): 0.2983 (0.3464)  L1 (Dc channel): 0.0008 (0.0010)  L1 (Dn channel): 0.0010 (0.0012)  IoU (P channel): 0.2125 (0.2567)  lr: 0.000717  iter-time: 1.1043
[22:18:43.153961] Epoch: [33] Total time: 0:07:05 (1.1872 s / it)
[22:18:43.153995] [Train] averaged stats: loss: 0.0586 (0.0665)  IoU (F channel): 0.2983 (0.3464)  L1 (Dc channel): 0.0008 (0.0010)  L1 (Dn channel): 0.0010 (0.0012)  IoU (P channel): 0.2125 (0.2567)  lr: 0.000717
[22:18:48.442189] Epoch: [33]  [ 0/23]  eta: 0:02:01  loss: 0.0765 (0.0765)  IoU (F channel): 0.0009 (0.0009)  L1 (Dc channel): 0.0006 (0.0006)  L1 (Dn channel): 0.0007 (0.0007)  IoU (P channel): 0.0013 (0.0013)  iter-time: 5.2868
[22:18:56.498313] Epoch: [33]  [10/23]  eta: 0:00:15  loss: 0.0832 (0.1517)  IoU (F channel): 0.2230 (0.1646)  L1 (Dc channel): 0.0009 (0.0010)  L1 (Dn channel): 0.0009 (0.0014)  IoU (P channel): 0.1683 (0.1278)  iter-time: 1.2129
[22:19:00.845963] Epoch: [33]  [20/23]  eta: 0:00:02  loss: 0.0842 (0.1288)  IoU (F channel): 0.2301 (0.2065)  L1 (Dc channel): 0.0009 (0.0010)  L1 (Dn channel): 0.0011 (0.0014)  IoU (P channel): 0.1720 (0.1532)  iter-time: 0.6201
[22:19:01.266247] Epoch: [33]  [22/23]  eta: 0:00:00  loss: 0.0842 (0.1245)  IoU (F channel): 0.2301 (0.1989)  L1 (Dc channel): 0.0009 (0.0010)  L1 (Dn channel): 0.0011 (0.0014)  IoU (P channel): 0.1720 (0.1489)  iter-time: 0.4708
[22:19:01.266326] Epoch: [33] Total time: 0:00:18 (0.7874 s / it)
[22:19:01.266353] [Val] averaged stats: loss: 0.0842 (0.1245)  IoU (F channel): 0.2301 (0.1989)  L1 (Dc channel): 0.0009 (0.0010)  L1 (Dn channel): 0.0011 (0.0014)  IoU (P channel): 0.1720 (0.1489)
[22:19:01.266532] [Val] best loss: 0.1200 best  IoU (F channel): 0.2378 L1 (Dc channel): 0.0012 L1 (Dn channel): 0.0018 IoU (P channel): 0.1793 
EarlyStopping counter: 5 out of 10
[22:19:01.275883] [Time] 7.4m 4.2h/7.7h

[22:19:01.275901] ~~~ Epoch 34/60 ~~~

[22:19:08.216599] Epoch: [34]  [  0/358]  eta: 0:41:24  loss: 0.0366 (0.0366)  IoU (F channel): 0.2179 (0.2179)  L1 (Dc channel): 0.0008 (0.0008)  L1 (Dn channel): 0.0007 (0.0007)  IoU (P channel): 0.1805 (0.1805)  lr: 0.000717  iter-time: 6.9386
[22:19:20.978472] Epoch: [34]  [ 10/358]  eta: 0:10:23  loss: 0.0559 (0.0595)  IoU (F channel): 0.3177 (0.2950)  L1 (Dc channel): 0.0008 (0.0008)  L1 (Dn channel): 0.0010 (0.0010)  IoU (P channel): 0.2197 (0.2170)  lr: 0.000716  iter-time: 1.7908
[22:19:32.355703] Epoch: [34]  [ 20/358]  eta: 0:08:20  loss: 0.0559 (0.0623)  IoU (F channel): 0.3325 (0.3147)  L1 (Dc channel): 0.0008 (0.0008)  L1 (Dn channel): 0.0010 (0.0012)  IoU (P channel): 0.2342 (0.2334)  lr: 0.000715  iter-time: 1.2068
[22:19:43.879891] Epoch: [34]  [ 30/358]  eta: 0:07:30  loss: 0.0583 (0.0614)  IoU (F channel): 0.3333 (0.3253)  L1 (Dc channel): 0.0009 (0.0008)  L1 (Dn channel): 0.0011 (0.0011)  IoU (P channel): 0.2518 (0.2436)  lr: 0.000714  iter-time: 1.1449
[22:19:55.216211] Epoch: [34]  [ 40/358]  eta: 0:06:58  loss: 0.0504 (0.0582)  IoU (F channel): 0.3237 (0.3312)  L1 (Dc channel): 0.0008 (0.0008)  L1 (Dn channel): 0.0010 (0.0011)  IoU (P channel): 0.2621 (0.2505)  lr: 0.000713  iter-time: 1.1429
[22:20:06.794964] Epoch: [34]  [ 50/358]  eta: 0:06:35  loss: 0.0487 (0.0581)  IoU (F channel): 0.2777 (0.3235)  L1 (Dc channel): 0.0008 (0.0009)  L1 (Dn channel): 0.0010 (0.0011)  IoU (P channel): 0.2332 (0.2470)  lr: 0.000712  iter-time: 1.1456
[22:20:18.322409] Epoch: [34]  [ 60/358]  eta: 0:06:16  loss: 0.0540 (0.0591)  IoU (F channel): 0.3261 (0.3308)  L1 (Dc channel): 0.0011 (0.0009)  L1 (Dn channel): 0.0012 (0.0012)  IoU (P channel): 0.2368 (0.2499)  lr: 0.000711  iter-time: 1.1552
[22:20:30.055534] Epoch: [34]  [ 70/358]  eta: 0:06:00  loss: 0.0540 (0.0597)  IoU (F channel): 0.3453 (0.3368)  L1 (Dc channel): 0.0011 (0.0009)  L1 (Dn channel): 0.0012 (0.0011)  IoU (P channel): 0.2566 (0.2539)  lr: 0.000710  iter-time: 1.1629
[22:20:41.540919] Epoch: [34]  [ 80/358]  eta: 0:05:44  loss: 0.0558 (0.0620)  IoU (F channel): 0.3316 (0.3373)  L1 (Dc channel): 0.0010 (0.0009)  L1 (Dn channel): 0.0011 (0.0012)  IoU (P channel): 0.2625 (0.2553)  lr: 0.000709  iter-time: 1.1607
[22:20:53.235332] Epoch: [34]  [ 90/358]  eta: 0:05:29  loss: 0.0572 (0.0619)  IoU (F channel): 0.3593 (0.3419)  L1 (Dc channel): 0.0010 (0.0010)  L1 (Dn channel): 0.0011 (0.0012)  IoU (P channel): 0.2842 (0.2572)  lr: 0.000708  iter-time: 1.1588
[22:21:05.004245] Epoch: [34]  [100/358]  eta: 0:05:16  loss: 0.0490 (0.0611)  IoU (F channel): 0.3576 (0.3400)  L1 (Dc channel): 0.0009 (0.0009)  L1 (Dn channel): 0.0010 (0.0012)  IoU (P channel): 0.2355 (0.2551)  lr: 0.000707  iter-time: 1.1730
[22:21:16.480963] Epoch: [34]  [110/358]  eta: 0:05:02  loss: 0.0466 (0.0605)  IoU (F channel): 0.3296 (0.3441)  L1 (Dc channel): 0.0009 (0.0009)  L1 (Dn channel): 0.0010 (0.0012)  IoU (P channel): 0.2257 (0.2571)  lr: 0.000706  iter-time: 1.1621
[22:21:28.235624] Epoch: [34]  [120/358]  eta: 0:04:49  loss: 0.0477 (0.0612)  IoU (F channel): 0.3584 (0.3452)  L1 (Dc channel): 0.0010 (0.0010)  L1 (Dn channel): 0.0012 (0.0012)  IoU (P channel): 0.2588 (0.2577)  lr: 0.000705  iter-time: 1.1614
[22:21:40.138485] Epoch: [34]  [130/358]  eta: 0:04:36  loss: 0.0575 (0.0613)  IoU (F channel): 0.3457 (0.3447)  L1 (Dc channel): 0.0011 (0.0010)  L1 (Dn channel): 0.0013 (0.0012)  IoU (P channel): 0.2588 (0.2576)  lr: 0.000704  iter-time: 1.1827
[22:21:51.836936] Epoch: [34]  [140/358]  eta: 0:04:23  loss: 0.0578 (0.0622)  IoU (F channel): 0.3446 (0.3468)  L1 (Dc channel): 0.0011 (0.0010)  L1 (Dn channel): 0.0015 (0.0012)  IoU (P channel): 0.2935 (0.2605)  lr: 0.000703  iter-time: 1.1799
[22:22:03.386147] Epoch: [34]  [150/358]  eta: 0:04:10  loss: 0.0612 (0.0623)  IoU (F channel): 0.3379 (0.3461)  L1 (Dc channel): 0.0010 (0.0010)  L1 (Dn channel): 0.0013 (0.0012)  IoU (P channel): 0.2918 (0.2607)  lr: 0.000703  iter-time: 1.1622
[22:22:15.092411] Epoch: [34]  [160/358]  eta: 0:03:58  loss: 0.0535 (0.0619)  IoU (F channel): 0.3354 (0.3458)  L1 (Dc channel): 0.0010 (0.0010)  L1 (Dn channel): 0.0012 (0.0012)  IoU (P channel): 0.2663 (0.2602)  lr: 0.000702  iter-time: 1.1626
[22:22:26.793922] Epoch: [34]  [170/358]  eta: 0:03:45  loss: 0.0547 (0.0625)  IoU (F channel): 0.3378 (0.3472)  L1 (Dc channel): 0.0009 (0.0010)  L1 (Dn channel): 0.0011 (0.0012)  IoU (P channel): 0.2681 (0.2621)  lr: 0.000701  iter-time: 1.1702
[22:22:38.985616] Epoch: [34]  [180/358]  eta: 0:03:34  loss: 0.0622 (0.0620)  IoU (F channel): 0.3512 (0.3466)  L1 (Dc channel): 0.0009 (0.0010)  L1 (Dn channel): 0.0010 (0.0012)  IoU (P channel): 0.2846 (0.2629)  lr: 0.000700  iter-time: 1.1945
[22:22:50.606298] Epoch: [34]  [190/358]  eta: 0:03:21  loss: 0.0477 (0.0620)  IoU (F channel): 0.3512 (0.3485)  L1 (Dc channel): 0.0009 (0.0010)  L1 (Dn channel): 0.0011 (0.0012)  IoU (P channel): 0.2846 (0.2634)  lr: 0.000699  iter-time: 1.1905
[22:23:02.290466] Epoch: [34]  [200/358]  eta: 0:03:09  loss: 0.0615 (0.0627)  IoU (F channel): 0.3393 (0.3484)  L1 (Dc channel): 0.0010 (0.0010)  L1 (Dn channel): 0.0012 (0.0012)  IoU (P channel): 0.2760 (0.2627)  lr: 0.000698  iter-time: 1.1651
[22:23:14.035095] Epoch: [34]  [210/358]  eta: 0:02:57  loss: 0.0615 (0.0627)  IoU (F channel): 0.3595 (0.3507)  L1 (Dc channel): 0.0011 (0.0010)  L1 (Dn channel): 0.0012 (0.0012)  IoU (P channel): 0.2760 (0.2641)  lr: 0.000697  iter-time: 1.1713
[22:23:25.948294] Epoch: [34]  [220/358]  eta: 0:02:45  loss: 0.0597 (0.0624)  IoU (F channel): 0.3496 (0.3492)  L1 (Dc channel): 0.0010 (0.0010)  L1 (Dn channel): 0.0010 (0.0012)  IoU (P channel): 0.2577 (0.2622)  lr: 0.000696  iter-time: 1.1827
[22:23:37.550351] Epoch: [34]  [230/358]  eta: 0:02:33  loss: 0.0603 (0.0624)  IoU (F channel): 0.3270 (0.3482)  L1 (Dc channel): 0.0009 (0.0010)  L1 (Dn channel): 0.0011 (0.0012)  IoU (P channel): 0.2159 (0.2618)  lr: 0.000695  iter-time: 1.1756
[22:23:49.554002] Epoch: [34]  [240/358]  eta: 0:02:21  loss: 0.0499 (0.0625)  IoU (F channel): 0.3418 (0.3489)  L1 (Dc channel): 0.0010 (0.0010)  L1 (Dn channel): 0.0012 (0.0012)  IoU (P channel): 0.2358 (0.2617)  lr: 0.000694  iter-time: 1.1801
[22:24:01.300672] Epoch: [34]  [250/358]  eta: 0:02:09  loss: 0.0452 (0.0621)  IoU (F channel): 0.3366 (0.3471)  L1 (Dc channel): 0.0010 (0.0010)  L1 (Dn channel): 0.0011 (0.0012)  IoU (P channel): 0.2348 (0.2603)  lr: 0.000693  iter-time: 1.1874
[22:24:12.955587] Epoch: [34]  [260/358]  eta: 0:01:57  loss: 0.0568 (0.0627)  IoU (F channel): 0.3366 (0.3466)  L1 (Dc channel): 0.0008 (0.0010)  L1 (Dn channel): 0.0009 (0.0012)  IoU (P channel): 0.2442 (0.2597)  lr: 0.000692  iter-time: 1.1699
[22:24:24.621142] Epoch: [34]  [270/358]  eta: 0:01:44  loss: 0.0542 (0.0624)  IoU (F channel): 0.3842 (0.3486)  L1 (Dc channel): 0.0009 (0.0010)  L1 (Dn channel): 0.0008 (0.0012)  IoU (P channel): 0.2793 (0.2603)  lr: 0.000691  iter-time: 1.1659
[22:24:36.467623] Epoch: [34]  [280/358]  eta: 0:01:33  loss: 0.0469 (0.0626)  IoU (F channel): 0.3842 (0.3480)  L1 (Dc channel): 0.0009 (0.0010)  L1 (Dn channel): 0.0008 (0.0012)  IoU (P channel): 0.2724 (0.2598)  lr: 0.000690  iter-time: 1.1754
[22:24:48.151509] Epoch: [34]  [290/358]  eta: 0:01:21  loss: 0.0540 (0.0625)  IoU (F channel): 0.3384 (0.3479)  L1 (Dc channel): 0.0008 (0.0010)  L1 (Dn channel): 0.0010 (0.0012)  IoU (P channel): 0.2658 (0.2603)  lr: 0.000689  iter-time: 1.1763
[22:24:59.873030] Epoch: [34]  [300/358]  eta: 0:01:09  loss: 0.0647 (0.0629)  IoU (F channel): 0.3709 (0.3492)  L1 (Dc channel): 0.0008 (0.0010)  L1 (Dn channel): 0.0012 (0.0012)  IoU (P channel): 0.2966 (0.2615)  lr: 0.000688  iter-time: 1.1701
[22:25:11.563230] Epoch: [34]  [310/358]  eta: 0:00:57  loss: 0.0680 (0.0630)  IoU (F channel): 0.3958 (0.3505)  L1 (Dc channel): 0.0010 (0.0010)  L1 (Dn channel): 0.0013 (0.0012)  IoU (P channel): 0.3173 (0.2627)  lr: 0.000687  iter-time: 1.1704
[22:25:23.351222] Epoch: [34]  [320/358]  eta: 0:00:45  loss: 0.0593 (0.0629)  IoU (F channel): 0.3832 (0.3504)  L1 (Dc channel): 0.0010 (0.0010)  L1 (Dn channel): 0.0011 (0.0012)  IoU (P channel): 0.2930 (0.2626)  lr: 0.000686  iter-time: 1.1737
[22:25:34.921847] Epoch: [34]  [330/358]  eta: 0:00:33  loss: 0.0577 (0.0628)  IoU (F channel): 0.3778 (0.3503)  L1 (Dc channel): 0.0009 (0.0010)  L1 (Dn channel): 0.0010 (0.0012)  IoU (P channel): 0.2882 (0.2628)  lr: 0.000685  iter-time: 1.1678
[22:25:46.776011] Epoch: [34]  [340/358]  eta: 0:00:21  loss: 0.0499 (0.0624)  IoU (F channel): 0.3845 (0.3516)  L1 (Dc channel): 0.0009 (0.0010)  L1 (Dn channel): 0.0010 (0.0012)  IoU (P channel): 0.2973 (0.2631)  lr: 0.000684  iter-time: 1.1710
[22:25:58.130497] Epoch: [34]  [350/358]  eta: 0:00:09  loss: 0.0514 (0.0625)  IoU (F channel): 0.3921 (0.3524)  L1 (Dc channel): 0.0009 (0.0010)  L1 (Dn channel): 0.0009 (0.0012)  IoU (P channel): 0.2707 (0.2632)  lr: 0.000683  iter-time: 1.1602
[22:26:05.132452] Epoch: [34]  [357/358]  eta: 0:00:01  loss: 0.0580 (0.0627)  IoU (F channel): 0.3899 (0.3525)  L1 (Dc channel): 0.0010 (0.0010)  L1 (Dn channel): 0.0011 (0.0012)  IoU (P channel): 0.2734 (0.2636)  lr: 0.000683  iter-time: 1.0952
[22:26:05.132567] Epoch: [34] Total time: 0:07:03 (1.1840 s / it)
[22:26:05.132608] [Train] averaged stats: loss: 0.0580 (0.0627)  IoU (F channel): 0.3899 (0.3525)  L1 (Dc channel): 0.0010 (0.0010)  L1 (Dn channel): 0.0011 (0.0012)  IoU (P channel): 0.2734 (0.2636)  lr: 0.000683
[22:26:11.637764] Epoch: [34]  [ 0/23]  eta: 0:02:29  loss: 0.0629 (0.0629)  IoU (F channel): 0.0000 (0.0000)  L1 (Dc channel): 0.0005 (0.0005)  L1 (Dn channel): 0.0007 (0.0007)  IoU (P channel): 0.0000 (0.0000)  iter-time: 6.5033
[22:26:19.260976] Epoch: [34]  [10/23]  eta: 0:00:16  loss: 0.0713 (0.1508)  IoU (F channel): 0.2874 (0.2283)  L1 (Dc channel): 0.0006 (0.0007)  L1 (Dn channel): 0.0008 (0.0014)  IoU (P channel): 0.2177 (0.1784)  iter-time: 1.2842
[22:26:23.981694] Epoch: [34]  [20/23]  eta: 0:00:02  loss: 0.0809 (0.1291)  IoU (F channel): 0.2891 (0.2718)  L1 (Dc channel): 0.0007 (0.0007)  L1 (Dn channel): 0.0011 (0.0014)  IoU (P channel): 0.2323 (0.2059)  iter-time: 0.6171
[22:26:24.402158] Epoch: [34]  [22/23]  eta: 0:00:00  loss: 0.0728 (0.1227)  IoU (F channel): 0.2922 (0.2609)  L1 (Dc channel): 0.0006 (0.0007)  L1 (Dn channel): 0.0011 (0.0014)  IoU (P channel): 0.2396 (0.1997)  iter-time: 0.5004
[22:26:24.402242] Epoch: [34] Total time: 0:00:19 (0.8377 s / it)
[22:26:24.402271] [Val] averaged stats: loss: 0.0728 (0.1227)  IoU (F channel): 0.2922 (0.2609)  L1 (Dc channel): 0.0006 (0.0007)  L1 (Dn channel): 0.0011 (0.0014)  IoU (P channel): 0.2396 (0.1997)
[22:26:24.402459] [Val] best loss: 0.1200 best  IoU (F channel): 0.2378 L1 (Dc channel): 0.0012 L1 (Dn channel): 0.0018 IoU (P channel): 0.1793 
EarlyStopping counter: 6 out of 10
[22:26:24.412844] [Time] 7.4m 4.4h/7.7h

[22:26:24.412862] ~~~ Epoch 35/60 ~~~

[22:26:33.974910] Epoch: [35]  [  0/358]  eta: 0:57:02  loss: 0.0726 (0.0726)  IoU (F channel): 0.4248 (0.4248)  L1 (Dc channel): 0.0008 (0.0008)  L1 (Dn channel): 0.0013 (0.0013)  IoU (P channel): 0.3185 (0.3185)  lr: 0.000682  iter-time: 9.5599
[22:26:45.787905] Epoch: [35]  [ 10/358]  eta: 0:11:16  loss: 0.0586 (0.0597)  IoU (F channel): 0.3737 (0.3931)  L1 (Dc channel): 0.0009 (0.0010)  L1 (Dn channel): 0.0013 (0.0013)  IoU (P channel): 0.3017 (0.2980)  lr: 0.000682  iter-time: 1.9428
[22:26:57.418786] Epoch: [35]  [ 20/358]  eta: 0:08:51  loss: 0.0586 (0.0613)  IoU (F channel): 0.3709 (0.3686)  L1 (Dc channel): 0.0010 (0.0010)  L1 (Dn channel): 0.0012 (0.0013)  IoU (P channel): 0.2852 (0.2827)  lr: 0.000681  iter-time: 1.1720
[22:27:08.980944] Epoch: [35]  [ 30/358]  eta: 0:07:51  loss: 0.0606 (0.0633)  IoU (F channel): 0.3636 (0.3725)  L1 (Dc channel): 0.0010 (0.0011)  L1 (Dn channel): 0.0012 (0.0014)  IoU (P channel): 0.2770 (0.2890)  lr: 0.000680  iter-time: 1.1595
[22:27:20.751767] Epoch: [35]  [ 40/358]  eta: 0:07:16  loss: 0.0591 (0.0639)  IoU (F channel): 0.3716 (0.3746)  L1 (Dc channel): 0.0011 (0.0011)  L1 (Dn channel): 0.0014 (0.0014)  IoU (P channel): 0.2872 (0.2845)  lr: 0.000679  iter-time: 1.1665
[22:27:32.353039] Epoch: [35]  [ 50/358]  eta: 0:06:50  loss: 0.0544 (0.0640)  IoU (F channel): 0.3835 (0.3711)  L1 (Dc channel): 0.0010 (0.0010)  L1 (Dn channel): 0.0010 (0.0014)  IoU (P channel): 0.2603 (0.2797)  lr: 0.000678  iter-time: 1.1684
[22:27:43.988603] Epoch: [35]  [ 60/358]  eta: 0:06:28  loss: 0.0475 (0.0626)  IoU (F channel): 0.3698 (0.3713)  L1 (Dc channel): 0.0009 (0.0010)  L1 (Dn channel): 0.0010 (0.0013)  IoU (P channel): 0.2641 (0.2762)  lr: 0.000677  iter-time: 1.1617
[22:27:55.707382] Epoch: [35]  [ 70/358]  eta: 0:06:10  loss: 0.0475 (0.0624)  IoU (F channel): 0.3933 (0.3755)  L1 (Dc channel): 0.0009 (0.0010)  L1 (Dn channel): 0.0012 (0.0013)  IoU (P channel): 0.2641 (0.2753)  lr: 0.000676  iter-time: 1.1675
[22:28:07.403969] Epoch: [35]  [ 80/358]  eta: 0:05:53  loss: 0.0536 (0.0617)  IoU (F channel): 0.3764 (0.3692)  L1 (Dc channel): 0.0009 (0.0010)  L1 (Dn channel): 0.0010 (0.0013)  IoU (P channel): 0.2527 (0.2715)  lr: 0.000675  iter-time: 1.1706
[22:28:19.096818] Epoch: [35]  [ 90/358]  eta: 0:05:37  loss: 0.0477 (0.0614)  IoU (F channel): 0.3385 (0.3744)  L1 (Dc channel): 0.0009 (0.0010)  L1 (Dn channel): 0.0010 (0.0013)  IoU (P channel): 0.2654 (0.2737)  lr: 0.000674  iter-time: 1.1693
[22:28:30.781777] Epoch: [35]  [100/358]  eta: 0:05:22  loss: 0.0437 (0.0603)  IoU (F channel): 0.3182 (0.3655)  L1 (Dc channel): 0.0009 (0.0010)  L1 (Dn channel): 0.0011 (0.0012)  IoU (P channel): 0.2641 (0.2687)  lr: 0.000673  iter-time: 1.1687
[22:28:42.670290] Epoch: [35]  [110/358]  eta: 0:05:08  loss: 0.0490 (0.0614)  IoU (F channel): 0.3068 (0.3631)  L1 (Dc channel): 0.0009 (0.0010)  L1 (Dn channel): 0.0009 (0.0012)  IoU (P channel): 0.2460 (0.2665)  lr: 0.000672  iter-time: 1.1785
[22:28:54.514146] Epoch: [35]  [120/358]  eta: 0:04:55  loss: 0.0569 (0.0615)  IoU (F channel): 0.3777 (0.3657)  L1 (Dc channel): 0.0009 (0.0010)  L1 (Dn channel): 0.0010 (0.0012)  IoU (P channel): 0.2608 (0.2684)  lr: 0.000671  iter-time: 1.1864
[22:29:05.980371] Epoch: [35]  [130/358]  eta: 0:04:41  loss: 0.0578 (0.0610)  IoU (F channel): 0.3777 (0.3643)  L1 (Dc channel): 0.0008 (0.0010)  L1 (Dn channel): 0.0010 (0.0012)  IoU (P channel): 0.2538 (0.2665)  lr: 0.000670  iter-time: 1.1654
[22:29:17.507937] Epoch: [35]  [140/358]  eta: 0:04:27  loss: 0.0654 (0.0628)  IoU (F channel): 0.3632 (0.3631)  L1 (Dc channel): 0.0010 (0.0010)  L1 (Dn channel): 0.0012 (0.0012)  IoU (P channel): 0.2529 (0.2669)  lr: 0.000669  iter-time: 1.1496
[22:29:29.245751] Epoch: [35]  [150/358]  eta: 0:04:14  loss: 0.0701 (0.0630)  IoU (F channel): 0.3632 (0.3662)  L1 (Dc channel): 0.0011 (0.0010)  L1 (Dn channel): 0.0015 (0.0012)  IoU (P channel): 0.3074 (0.2698)  lr: 0.000668  iter-time: 1.1631
[22:29:41.109482] Epoch: [35]  [160/358]  eta: 0:04:01  loss: 0.0641 (0.0630)  IoU (F channel): 0.3490 (0.3641)  L1 (Dc channel): 0.0009 (0.0010)  L1 (Dn channel): 0.0012 (0.0012)  IoU (P channel): 0.2843 (0.2697)  lr: 0.000667  iter-time: 1.1799
[22:29:52.646201] Epoch: [35]  [170/358]  eta: 0:03:48  loss: 0.0540 (0.0624)  IoU (F channel): 0.3370 (0.3634)  L1 (Dc channel): 0.0009 (0.0010)  L1 (Dn channel): 0.0011 (0.0012)  IoU (P channel): 0.2702 (0.2689)  lr: 0.000666  iter-time: 1.1698
[22:30:04.520673] Epoch: [35]  [180/358]  eta: 0:03:36  loss: 0.0483 (0.0624)  IoU (F channel): 0.3347 (0.3612)  L1 (Dc channel): 0.0008 (0.0010)  L1 (Dn channel): 0.0010 (0.0012)  IoU (P channel): 0.2512 (0.2667)  lr: 0.000665  iter-time: 1.1704
[22:30:16.099630] Epoch: [35]  [190/358]  eta: 0:03:23  loss: 0.0483 (0.0619)  IoU (F channel): 0.3078 (0.3598)  L1 (Dc channel): 0.0008 (0.0010)  L1 (Dn channel): 0.0009 (0.0012)  IoU (P channel): 0.2264 (0.2655)  lr: 0.000664  iter-time: 1.1725
[22:30:27.755037] Epoch: [35]  [200/358]  eta: 0:03:11  loss: 0.0490 (0.0618)  IoU (F channel): 0.3078 (0.3589)  L1 (Dc channel): 0.0009 (0.0009)  L1 (Dn channel): 0.0009 (0.0012)  IoU (P channel): 0.2264 (0.2657)  lr: 0.000663  iter-time: 1.1615
[22:30:39.335718] Epoch: [35]  [210/358]  eta: 0:02:58  loss: 0.0567 (0.0618)  IoU (F channel): 0.3254 (0.3584)  L1 (Dc channel): 0.0009 (0.0010)  L1 (Dn channel): 0.0010 (0.0012)  IoU (P channel): 0.2240 (0.2645)  lr: 0.000662  iter-time: 1.1616
[22:30:50.722037] Epoch: [35]  [220/358]  eta: 0:02:46  loss: 0.0528 (0.0617)  IoU (F channel): 0.4151 (0.3612)  L1 (Dc channel): 0.0010 (0.0010)  L1 (Dn channel): 0.0010 (0.0012)  IoU (P channel): 0.2620 (0.2664)  lr: 0.000661  iter-time: 1.1482
[22:31:02.703598] Epoch: [35]  [230/358]  eta: 0:02:34  loss: 0.0518 (0.0610)  IoU (F channel): 0.3813 (0.3595)  L1 (Dc channel): 0.0010 (0.0010)  L1 (Dn channel): 0.0010 (0.0012)  IoU (P channel): 0.2531 (0.2652)  lr: 0.000660  iter-time: 1.1682
[22:31:14.293674] Epoch: [35]  [240/358]  eta: 0:02:21  loss: 0.0518 (0.0612)  IoU (F channel): 0.3031 (0.3591)  L1 (Dc channel): 0.0010 (0.0010)  L1 (Dn channel): 0.0011 (0.0012)  IoU (P channel): 0.2531 (0.2657)  lr: 0.000659  iter-time: 1.1784
[22:31:26.125406] Epoch: [35]  [250/358]  eta: 0:02:09  loss: 0.0664 (0.0618)  IoU (F channel): 0.3587 (0.3588)  L1 (Dc channel): 0.0010 (0.0010)  L1 (Dn channel): 0.0012 (0.0012)  IoU (P channel): 0.2771 (0.2655)  lr: 0.000658  iter-time: 1.1709
[22:31:37.554919] Epoch: [35]  [260/358]  eta: 0:01:57  loss: 0.0654 (0.0616)  IoU (F channel): 0.4156 (0.3594)  L1 (Dc channel): 0.0010 (0.0010)  L1 (Dn channel): 0.0012 (0.0012)  IoU (P channel): 0.2602 (0.2656)  lr: 0.000657  iter-time: 1.1629
[22:31:49.205022] Epoch: [35]  [270/358]  eta: 0:01:45  loss: 0.0654 (0.0620)  IoU (F channel): 0.3457 (0.3580)  L1 (Dc channel): 0.0010 (0.0010)  L1 (Dn channel): 0.0011 (0.0012)  IoU (P channel): 0.2610 (0.2654)  lr: 0.000656  iter-time: 1.1538
[22:32:00.973446] Epoch: [35]  [280/358]  eta: 0:01:33  loss: 0.0630 (0.0622)  IoU (F channel): 0.3364 (0.3581)  L1 (Dc channel): 0.0009 (0.0010)  L1 (Dn channel): 0.0011 (0.0012)  IoU (P channel): 0.2764 (0.2661)  lr: 0.000655  iter-time: 1.1708
[22:32:12.454376] Epoch: [35]  [290/358]  eta: 0:01:21  loss: 0.0607 (0.0624)  IoU (F channel): 0.3651 (0.3586)  L1 (Dc channel): 0.0009 (0.0010)  L1 (Dn channel): 0.0011 (0.0012)  IoU (P channel): 0.2944 (0.2669)  lr: 0.000654  iter-time: 1.1623
[22:32:24.172307] Epoch: [35]  [300/358]  eta: 0:01:09  loss: 0.0586 (0.0626)  IoU (F channel): 0.3173 (0.3574)  L1 (Dc channel): 0.0009 (0.0010)  L1 (Dn channel): 0.0011 (0.0012)  IoU (P channel): 0.2738 (0.2659)  lr: 0.000653  iter-time: 1.1598
[22:32:35.907786] Epoch: [35]  [310/358]  eta: 0:00:57  loss: 0.0536 (0.0621)  IoU (F channel): 0.3149 (0.3567)  L1 (Dc channel): 0.0008 (0.0010)  L1 (Dn channel): 0.0008 (0.0012)  IoU (P channel): 0.2650 (0.2662)  lr: 0.000652  iter-time: 1.1725
[22:32:47.595238] Epoch: [35]  [320/358]  eta: 0:00:45  loss: 0.0449 (0.0622)  IoU (F channel): 0.3340 (0.3570)  L1 (Dc channel): 0.0008 (0.0010)  L1 (Dn channel): 0.0008 (0.0012)  IoU (P channel): 0.2741 (0.2661)  lr: 0.000651  iter-time: 1.1710
[22:32:59.579900] Epoch: [35]  [330/358]  eta: 0:00:33  loss: 0.0527 (0.0621)  IoU (F channel): 0.3316 (0.3561)  L1 (Dc channel): 0.0008 (0.0010)  L1 (Dn channel): 0.0008 (0.0012)  IoU (P channel): 0.2703 (0.2660)  lr: 0.000650  iter-time: 1.1834
[22:33:11.189959] Epoch: [35]  [340/358]  eta: 0:00:21  loss: 0.0513 (0.0618)  IoU (F channel): 0.3156 (0.3553)  L1 (Dc channel): 0.0007 (0.0009)  L1 (Dn channel): 0.0009 (0.0012)  IoU (P channel): 0.2222 (0.2651)  lr: 0.000649  iter-time: 1.1796
[22:33:22.531786] Epoch: [35]  [350/358]  eta: 0:00:09  loss: 0.0463 (0.0619)  IoU (F channel): 0.3481 (0.3562)  L1 (Dc channel): 0.0008 (0.0009)  L1 (Dn channel): 0.0010 (0.0012)  IoU (P channel): 0.2381 (0.2653)  lr: 0.000648  iter-time: 1.1475
[22:33:29.537695] Epoch: [35]  [357/358]  eta: 0:00:01  loss: 0.0513 (0.0621)  IoU (F channel): 0.3670 (0.3565)  L1 (Dc channel): 0.0009 (0.0009)  L1 (Dn channel): 0.0011 (0.0012)  IoU (P channel): 0.2640 (0.2656)  lr: 0.000647  iter-time: 1.0960
[22:33:29.537798] Epoch: [35] Total time: 0:07:05 (1.1875 s / it)
[22:33:29.537831] [Train] averaged stats: loss: 0.0513 (0.0621)  IoU (F channel): 0.3670 (0.3565)  L1 (Dc channel): 0.0009 (0.0009)  L1 (Dn channel): 0.0011 (0.0012)  IoU (P channel): 0.2640 (0.2656)  lr: 0.000647
[22:33:36.003752] Epoch: [35]  [ 0/23]  eta: 0:02:28  loss: 0.0555 (0.0555)  IoU (F channel): 0.0000 (0.0000)  L1 (Dc channel): 0.0006 (0.0006)  L1 (Dn channel): 0.0007 (0.0007)  IoU (P channel): 0.0000 (0.0000)  iter-time: 6.4643
[22:33:42.726622] Epoch: [35]  [10/23]  eta: 0:00:15  loss: 0.0675 (0.1604)  IoU (F channel): 0.3157 (0.2478)  L1 (Dc channel): 0.0007 (0.0008)  L1 (Dn channel): 0.0009 (0.0014)  IoU (P channel): 0.2306 (0.1899)  iter-time: 1.1988
[22:33:48.140640] Epoch: [35]  [20/23]  eta: 0:00:02  loss: 0.0787 (0.1350)  IoU (F channel): 0.3222 (0.2979)  L1 (Dc channel): 0.0008 (0.0008)  L1 (Dn channel): 0.0012 (0.0014)  IoU (P channel): 0.2361 (0.2199)  iter-time: 0.6068
[22:33:48.914105] Epoch: [35]  [22/23]  eta: 0:00:00  loss: 0.0675 (0.1274)  IoU (F channel): 0.3181 (0.2858)  L1 (Dc channel): 0.0008 (0.0008)  L1 (Dn channel): 0.0012 (0.0014)  IoU (P channel): 0.2438 (0.2130)  iter-time: 0.5647
[22:33:48.914185] Epoch: [35] Total time: 0:00:19 (0.8424 s / it)
[22:33:48.914213] [Val] averaged stats: loss: 0.0675 (0.1274)  IoU (F channel): 0.3181 (0.2858)  L1 (Dc channel): 0.0008 (0.0008)  L1 (Dn channel): 0.0012 (0.0014)  IoU (P channel): 0.2438 (0.2130)
[22:33:48.914392] [Val] best loss: 0.1200 best  IoU (F channel): 0.2378 L1 (Dc channel): 0.0012 L1 (Dn channel): 0.0018 IoU (P channel): 0.1793 
[22:33:48.924208] Creating training plots . . .
EarlyStopping counter: 7 out of 10
[22:33:56.098969] [Time] 7.5m 4.5h/7.7h

[22:33:56.098991] ~~~ Epoch 36/60 ~~~

[22:34:04.118898] Epoch: [36]  [  0/358]  eta: 0:47:50  loss: 0.0473 (0.0473)  IoU (F channel): 0.4675 (0.4675)  L1 (Dc channel): 0.0009 (0.0009)  L1 (Dn channel): 0.0011 (0.0011)  IoU (P channel): 0.2597 (0.2597)  lr: 0.000647  iter-time: 8.0181
[22:34:16.855981] Epoch: [36]  [ 10/358]  eta: 0:10:56  loss: 0.0473 (0.0540)  IoU (F channel): 0.3451 (0.3204)  L1 (Dc channel): 0.0008 (0.0008)  L1 (Dn channel): 0.0008 (0.0010)  IoU (P channel): 0.2193 (0.2333)  lr: 0.000646  iter-time: 1.8867
[22:34:28.563193] Epoch: [36]  [ 20/358]  eta: 0:08:42  loss: 0.0503 (0.0650)  IoU (F channel): 0.3439 (0.3334)  L1 (Dc channel): 0.0008 (0.0009)  L1 (Dn channel): 0.0008 (0.0011)  IoU (P channel): 0.2193 (0.2363)  lr: 0.000645  iter-time: 1.2221
[22:34:40.466807] Epoch: [36]  [ 30/358]  eta: 0:07:49  loss: 0.0491 (0.0608)  IoU (F channel): 0.3825 (0.3539)  L1 (Dc channel): 0.0008 (0.0009)  L1 (Dn channel): 0.0011 (0.0011)  IoU (P channel): 0.2874 (0.2492)  lr: 0.000644  iter-time: 1.1804
[22:34:52.140092] Epoch: [36]  [ 40/358]  eta: 0:07:14  loss: 0.0547 (0.0597)  IoU (F channel): 0.3963 (0.3529)  L1 (Dc channel): 0.0008 (0.0009)  L1 (Dn channel): 0.0009 (0.0010)  IoU (P channel): 0.2582 (0.2428)  lr: 0.000643  iter-time: 1.1787
[22:35:04.085425] Epoch: [36]  [ 50/358]  eta: 0:06:50  loss: 0.0602 (0.0609)  IoU (F channel): 0.3477 (0.3627)  L1 (Dc channel): 0.0008 (0.0009)  L1 (Dn channel): 0.0009 (0.0011)  IoU (P channel): 0.2368 (0.2530)  lr: 0.000642  iter-time: 1.1808
[22:35:15.896977] Epoch: [36]  [ 60/358]  eta: 0:06:29  loss: 0.0605 (0.0602)  IoU (F channel): 0.3447 (0.3584)  L1 (Dc channel): 0.0009 (0.0009)  L1 (Dn channel): 0.0011 (0.0011)  IoU (P channel): 0.2607 (0.2509)  lr: 0.000641  iter-time: 1.1876
[22:35:27.828872] Epoch: [36]  [ 70/358]  eta: 0:06:12  loss: 0.0487 (0.0604)  IoU (F channel): 0.3105 (0.3596)  L1 (Dc channel): 0.0009 (0.0009)  L1 (Dn channel): 0.0010 (0.0011)  IoU (P channel): 0.2424 (0.2544)  lr: 0.000640  iter-time: 1.1870
[22:35:39.632483] Epoch: [36]  [ 80/358]  eta: 0:05:55  loss: 0.0528 (0.0617)  IoU (F channel): 0.3625 (0.3534)  L1 (Dc channel): 0.0009 (0.0009)  L1 (Dn channel): 0.0010 (0.0011)  IoU (P channel): 0.3086 (0.2548)  lr: 0.000639  iter-time: 1.1866
[22:35:51.273957] Epoch: [36]  [ 90/358]  eta: 0:05:39  loss: 0.0528 (0.0611)  IoU (F channel): 0.3488 (0.3553)  L1 (Dc channel): 0.0009 (0.0009)  L1 (Dn channel): 0.0008 (0.0011)  IoU (P channel): 0.2892 (0.2585)  lr: 0.000638  iter-time: 1.1721
[22:36:02.811764] Epoch: [36]  [100/358]  eta: 0:05:23  loss: 0.0590 (0.0618)  IoU (F channel): 0.3470 (0.3516)  L1 (Dc channel): 0.0009 (0.0009)  L1 (Dn channel): 0.0010 (0.0011)  IoU (P channel): 0.2669 (0.2576)  lr: 0.000637  iter-time: 1.1588
[22:36:14.618433] Epoch: [36]  [110/358]  eta: 0:05:09  loss: 0.0546 (0.0611)  IoU (F channel): 0.3470 (0.3543)  L1 (Dc channel): 0.0009 (0.0009)  L1 (Dn channel): 0.0009 (0.0011)  IoU (P channel): 0.2669 (0.2606)  lr: 0.000636  iter-time: 1.1670
[22:36:26.283461] Epoch: [36]  [120/358]  eta: 0:04:55  loss: 0.0509 (0.0610)  IoU (F channel): 0.3404 (0.3520)  L1 (Dc channel): 0.0009 (0.0009)  L1 (Dn channel): 0.0009 (0.0011)  IoU (P channel): 0.2636 (0.2585)  lr: 0.000635  iter-time: 1.1734
[22:36:37.612534] Epoch: [36]  [130/358]  eta: 0:04:41  loss: 0.0610 (0.0621)  IoU (F channel): 0.3215 (0.3541)  L1 (Dc channel): 0.0010 (0.0009)  L1 (Dn channel): 0.0009 (0.0011)  IoU (P channel): 0.2634 (0.2616)  lr: 0.000634  iter-time: 1.1495
[22:36:49.350665] Epoch: [36]  [140/358]  eta: 0:04:27  loss: 0.0747 (0.0631)  IoU (F channel): 0.3311 (0.3539)  L1 (Dc channel): 0.0010 (0.0009)  L1 (Dn channel): 0.0011 (0.0011)  IoU (P channel): 0.2628 (0.2610)  lr: 0.000633  iter-time: 1.1532
[22:37:01.143972] Epoch: [36]  [150/358]  eta: 0:04:14  loss: 0.0630 (0.0625)  IoU (F channel): 0.3296 (0.3495)  L1 (Dc channel): 0.0008 (0.0009)  L1 (Dn channel): 0.0010 (0.0011)  IoU (P channel): 0.2483 (0.2579)  lr: 0.000632  iter-time: 1.1763
[22:37:12.730217] Epoch: [36]  [160/358]  eta: 0:04:01  loss: 0.0630 (0.0637)  IoU (F channel): 0.2819 (0.3477)  L1 (Dc channel): 0.0008 (0.0009)  L1 (Dn channel): 0.0010 (0.0011)  IoU (P channel): 0.2083 (0.2557)  lr: 0.000631  iter-time: 1.1688
[22:37:24.359674] Epoch: [36]  [170/358]  eta: 0:03:48  loss: 0.0539 (0.0634)  IoU (F channel): 0.3305 (0.3493)  L1 (Dc channel): 0.0009 (0.0009)  L1 (Dn channel): 0.0010 (0.0011)  IoU (P channel): 0.2481 (0.2571)  lr: 0.000630  iter-time: 1.1606
[22:37:36.123103] Epoch: [36]  [180/358]  eta: 0:03:36  loss: 0.0537 (0.0635)  IoU (F channel): 0.3317 (0.3476)  L1 (Dc channel): 0.0009 (0.0009)  L1 (Dn channel): 0.0009 (0.0011)  IoU (P channel): 0.2723 (0.2564)  lr: 0.000629  iter-time: 1.1695
[22:37:47.854387] Epoch: [36]  [190/358]  eta: 0:03:23  loss: 0.0559 (0.0631)  IoU (F channel): 0.3536 (0.3505)  L1 (Dc channel): 0.0008 (0.0009)  L1 (Dn channel): 0.0009 (0.0011)  IoU (P channel): 0.2789 (0.2582)  lr: 0.000628  iter-time: 1.1746
[22:37:59.535419] Epoch: [36]  [200/358]  eta: 0:03:11  loss: 0.0465 (0.0631)  IoU (F channel): 0.3566 (0.3502)  L1 (Dc channel): 0.0008 (0.0009)  L1 (Dn channel): 0.0009 (0.0011)  IoU (P channel): 0.2767 (0.2577)  lr: 0.000627  iter-time: 1.1704
[22:38:11.203537] Epoch: [36]  [210/358]  eta: 0:02:58  loss: 0.0589 (0.0640)  IoU (F channel): 0.3172 (0.3489)  L1 (Dc channel): 0.0010 (0.0009)  L1 (Dn channel): 0.0013 (0.0011)  IoU (P channel): 0.2131 (0.2566)  lr: 0.000626  iter-time: 1.1673
[22:38:22.976220] Epoch: [36]  [220/358]  eta: 0:02:46  loss: 0.0589 (0.0639)  IoU (F channel): 0.3541 (0.3499)  L1 (Dc channel): 0.0009 (0.0009)  L1 (Dn channel): 0.0009 (0.0011)  IoU (P channel): 0.2570 (0.2579)  lr: 0.000625  iter-time: 1.1719
[22:38:34.530355] Epoch: [36]  [230/358]  eta: 0:02:34  loss: 0.0570 (0.0644)  IoU (F channel): 0.3541 (0.3493)  L1 (Dc channel): 0.0009 (0.0009)  L1 (Dn channel): 0.0009 (0.0011)  IoU (P channel): 0.2645 (0.2570)  lr: 0.000624  iter-time: 1.1662
[22:38:46.319385] Epoch: [36]  [240/358]  eta: 0:02:22  loss: 0.0578 (0.0640)  IoU (F channel): 0.3436 (0.3508)  L1 (Dc channel): 0.0008 (0.0009)  L1 (Dn channel): 0.0008 (0.0011)  IoU (P channel): 0.2485 (0.2572)  lr: 0.000623  iter-time: 1.1670
[22:38:58.081238] Epoch: [36]  [250/358]  eta: 0:02:09  loss: 0.0517 (0.0640)  IoU (F channel): 0.3520 (0.3515)  L1 (Dc channel): 0.0007 (0.0009)  L1 (Dn channel): 0.0008 (0.0011)  IoU (P channel): 0.2554 (0.2585)  lr: 0.000622  iter-time: 1.1773
[22:39:09.581189] Epoch: [36]  [260/358]  eta: 0:01:57  loss: 0.0547 (0.0642)  IoU (F channel): 0.3237 (0.3525)  L1 (Dc channel): 0.0008 (0.0009)  L1 (Dn channel): 0.0012 (0.0011)  IoU (P channel): 0.2775 (0.2595)  lr: 0.000621  iter-time: 1.1629
[22:39:21.494085] Epoch: [36]  [270/358]  eta: 0:01:45  loss: 0.0513 (0.0639)  IoU (F channel): 0.3350 (0.3532)  L1 (Dc channel): 0.0008 (0.0009)  L1 (Dn channel): 0.0012 (0.0011)  IoU (P channel): 0.2707 (0.2599)  lr: 0.000620  iter-time: 1.1705
[22:39:33.230166] Epoch: [36]  [280/358]  eta: 0:01:33  loss: 0.0480 (0.0636)  IoU (F channel): 0.3462 (0.3536)  L1 (Dc channel): 0.0008 (0.0009)  L1 (Dn channel): 0.0011 (0.0011)  IoU (P channel): 0.2552 (0.2609)  lr: 0.000619  iter-time: 1.1823
[22:39:45.204524] Epoch: [36]  [290/358]  eta: 0:01:21  loss: 0.0470 (0.0633)  IoU (F channel): 0.3378 (0.3536)  L1 (Dc channel): 0.0008 (0.0009)  L1 (Dn channel): 0.0008 (0.0011)  IoU (P channel): 0.2511 (0.2606)  lr: 0.000618  iter-time: 1.1854
[22:39:56.797235] Epoch: [36]  [300/358]  eta: 0:01:09  loss: 0.0495 (0.0634)  IoU (F channel): 0.3316 (0.3536)  L1 (Dc channel): 0.0008 (0.0009)  L1 (Dn channel): 0.0009 (0.0011)  IoU (P channel): 0.2511 (0.2608)  lr: 0.000617  iter-time: 1.1782
[22:40:08.394865] Epoch: [36]  [310/358]  eta: 0:00:57  loss: 0.0542 (0.0634)  IoU (F channel): 0.3321 (0.3535)  L1 (Dc channel): 0.0009 (0.0009)  L1 (Dn channel): 0.0011 (0.0011)  IoU (P channel): 0.2493 (0.2606)  lr: 0.000616  iter-time: 1.1594
[22:40:20.026033] Epoch: [36]  [320/358]  eta: 0:00:45  loss: 0.0726 (0.0641)  IoU (F channel): 0.3577 (0.3548)  L1 (Dc channel): 0.0010 (0.0009)  L1 (Dn channel): 0.0013 (0.0011)  IoU (P channel): 0.2738 (0.2622)  lr: 0.000615  iter-time: 1.1613
[22:40:31.506547] Epoch: [36]  [330/358]  eta: 0:00:33  loss: 0.0638 (0.0642)  IoU (F channel): 0.3753 (0.3546)  L1 (Dc channel): 0.0010 (0.0009)  L1 (Dn channel): 0.0012 (0.0011)  IoU (P channel): 0.2864 (0.2621)  lr: 0.000614  iter-time: 1.1554
[22:40:43.072121] Epoch: [36]  [340/358]  eta: 0:00:21  loss: 0.0572 (0.0642)  IoU (F channel): 0.3196 (0.3535)  L1 (Dc channel): 0.0009 (0.0009)  L1 (Dn channel): 0.0010 (0.0011)  IoU (P channel): 0.2414 (0.2613)  lr: 0.000613  iter-time: 1.1522
[22:40:54.417528] Epoch: [36]  [350/358]  eta: 0:00:09  loss: 0.0502 (0.0637)  IoU (F channel): 0.3627 (0.3543)  L1 (Dc channel): 0.0009 (0.0009)  L1 (Dn channel): 0.0009 (0.0011)  IoU (P channel): 0.2591 (0.2613)  lr: 0.000612  iter-time: 1.1454
[22:41:01.418825] Epoch: [36]  [357/358]  eta: 0:00:01  loss: 0.0504 (0.0637)  IoU (F channel): 0.3627 (0.3538)  L1 (Dc channel): 0.0009 (0.0009)  L1 (Dn channel): 0.0010 (0.0011)  IoU (P channel): 0.2613 (0.2610)  lr: 0.000611  iter-time: 1.0864
[22:41:01.418929] Epoch: [36] Total time: 0:07:05 (1.1880 s / it)
[22:41:01.418965] [Train] averaged stats: loss: 0.0504 (0.0637)  IoU (F channel): 0.3627 (0.3538)  L1 (Dc channel): 0.0009 (0.0009)  L1 (Dn channel): 0.0010 (0.0011)  IoU (P channel): 0.2613 (0.2610)  lr: 0.000611
[22:41:06.844030] Epoch: [36]  [ 0/23]  eta: 0:02:04  loss: 0.0535 (0.0535)  IoU (F channel): 0.0004 (0.0004)  L1 (Dc channel): 0.0006 (0.0006)  L1 (Dn channel): 0.0007 (0.0007)  IoU (P channel): 0.0007 (0.0007)  iter-time: 5.4235
[22:41:14.653539] Epoch: [36]  [10/23]  eta: 0:00:15  loss: 0.0681 (0.1454)  IoU (F channel): 0.2807 (0.2241)  L1 (Dc channel): 0.0008 (0.0009)  L1 (Dn channel): 0.0008 (0.0014)  IoU (P channel): 0.2157 (0.1784)  iter-time: 1.2029
[22:41:19.775784] Epoch: [36]  [20/23]  eta: 0:00:02  loss: 0.0719 (0.1276)  IoU (F channel): 0.2807 (0.2647)  L1 (Dc channel): 0.0009 (0.0009)  L1 (Dn channel): 0.0011 (0.0014)  IoU (P channel): 0.2318 (0.2031)  iter-time: 0.6465
[22:41:20.197244] Epoch: [36]  [22/23]  eta: 0:00:00  loss: 0.0719 (0.1209)  IoU (F channel): 0.2729 (0.2535)  L1 (Dc channel): 0.0009 (0.0009)  L1 (Dn channel): 0.0011 (0.0014)  IoU (P channel): 0.2326 (0.1966)  iter-time: 0.5388
[22:41:20.197339] Epoch: [36] Total time: 0:00:18 (0.8164 s / it)
[22:41:20.197362] [Val] averaged stats: loss: 0.0719 (0.1209)  IoU (F channel): 0.2729 (0.2535)  L1 (Dc channel): 0.0009 (0.0009)  L1 (Dn channel): 0.0011 (0.0014)  IoU (P channel): 0.2326 (0.1966)
[22:41:20.197546] [Val] best loss: 0.1200 best  IoU (F channel): 0.2378 L1 (Dc channel): 0.0012 L1 (Dn channel): 0.0018 IoU (P channel): 0.1793 
EarlyStopping counter: 8 out of 10
[22:41:20.207289] [Time] 7.4m 4.6h/7.7h

[22:41:20.207313] ~~~ Epoch 37/60 ~~~

[22:41:26.730825] Epoch: [37]  [  0/358]  eta: 0:38:54  loss: 0.0431 (0.0431)  IoU (F channel): 0.2982 (0.2982)  L1 (Dc channel): 0.0009 (0.0009)  L1 (Dn channel): 0.0010 (0.0010)  IoU (P channel): 0.2043 (0.2043)  lr: 0.000611  iter-time: 6.5217
[22:41:38.955665] Epoch: [37]  [ 10/358]  eta: 0:09:53  loss: 0.0428 (0.0526)  IoU (F channel): 0.3424 (0.3503)  L1 (Dc channel): 0.0009 (0.0009)  L1 (Dn channel): 0.0010 (0.0009)  IoU (P channel): 0.2239 (0.2633)  lr: 0.000610  iter-time: 1.7041
[22:41:50.523434] Epoch: [37]  [ 20/358]  eta: 0:08:07  loss: 0.0428 (0.0584)  IoU (F channel): 0.3424 (0.3429)  L1 (Dc channel): 0.0009 (0.0009)  L1 (Dn channel): 0.0008 (0.0010)  IoU (P channel): 0.2322 (0.2485)  lr: 0.000609  iter-time: 1.1895
[22:42:02.208464] Epoch: [37]  [ 30/358]  eta: 0:07:24  loss: 0.0620 (0.0629)  IoU (F channel): 0.3524 (0.3571)  L1 (Dc channel): 0.0009 (0.0009)  L1 (Dn channel): 0.0011 (0.0012)  IoU (P channel): 0.2646 (0.2557)  lr: 0.000608  iter-time: 1.1625
[22:42:14.104721] Epoch: [37]  [ 40/358]  eta: 0:06:57  loss: 0.0602 (0.0611)  IoU (F channel): 0.3750 (0.3634)  L1 (Dc channel): 0.0009 (0.0009)  L1 (Dn channel): 0.0012 (0.0012)  IoU (P channel): 0.2746 (0.2638)  lr: 0.000607  iter-time: 1.1789
[22:42:25.400052] Epoch: [37]  [ 50/358]  eta: 0:06:33  loss: 0.0579 (0.0643)  IoU (F channel): 0.3720 (0.3646)  L1 (Dc channel): 0.0009 (0.0009)  L1 (Dn channel): 0.0010 (0.0012)  IoU (P channel): 0.2961 (0.2706)  lr: 0.000606  iter-time: 1.1593
[22:42:37.244297] Epoch: [37]  [ 60/358]  eta: 0:06:16  loss: 0.0643 (0.0646)  IoU (F channel): 0.3464 (0.3562)  L1 (Dc channel): 0.0009 (0.0009)  L1 (Dn channel): 0.0010 (0.0012)  IoU (P channel): 0.2630 (0.2623)  lr: 0.000605  iter-time: 1.1567
[22:42:48.973859] Epoch: [37]  [ 70/358]  eta: 0:06:00  loss: 0.0504 (0.0624)  IoU (F channel): 0.3115 (0.3554)  L1 (Dc channel): 0.0008 (0.0009)  L1 (Dn channel): 0.0009 (0.0012)  IoU (P channel): 0.2249 (0.2602)  lr: 0.000604  iter-time: 1.1785
[22:43:00.616247] Epoch: [37]  [ 80/358]  eta: 0:05:44  loss: 0.0443 (0.0610)  IoU (F channel): 0.3490 (0.3590)  L1 (Dc channel): 0.0008 (0.0009)  L1 (Dn channel): 0.0009 (0.0011)  IoU (P channel): 0.2632 (0.2636)  lr: 0.000603  iter-time: 1.1684
[22:43:12.330755] Epoch: [37]  [ 90/358]  eta: 0:05:30  loss: 0.0421 (0.0608)  IoU (F channel): 0.3450 (0.3561)  L1 (Dc channel): 0.0008 (0.0009)  L1 (Dn channel): 0.0009 (0.0011)  IoU (P channel): 0.2629 (0.2612)  lr: 0.000602  iter-time: 1.1677
[22:43:23.972978] Epoch: [37]  [100/358]  eta: 0:05:16  loss: 0.0524 (0.0604)  IoU (F channel): 0.3124 (0.3569)  L1 (Dc channel): 0.0007 (0.0009)  L1 (Dn channel): 0.0009 (0.0011)  IoU (P channel): 0.2459 (0.2621)  lr: 0.000601  iter-time: 1.1677
[22:43:35.981655] Epoch: [37]  [110/358]  eta: 0:05:03  loss: 0.0542 (0.0602)  IoU (F channel): 0.3374 (0.3545)  L1 (Dc channel): 0.0006 (0.0008)  L1 (Dn channel): 0.0008 (0.0011)  IoU (P channel): 0.2609 (0.2613)  lr: 0.000600  iter-time: 1.1824
[22:43:47.460701] Epoch: [37]  [120/358]  eta: 0:04:49  loss: 0.0636 (0.0614)  IoU (F channel): 0.3537 (0.3574)  L1 (Dc channel): 0.0007 (0.0008)  L1 (Dn channel): 0.0010 (0.0011)  IoU (P channel): 0.2875 (0.2642)  lr: 0.000599  iter-time: 1.1742
[22:43:59.081276] Epoch: [37]  [130/358]  eta: 0:04:36  loss: 0.0639 (0.0616)  IoU (F channel): 0.3702 (0.3576)  L1 (Dc channel): 0.0007 (0.0008)  L1 (Dn channel): 0.0012 (0.0011)  IoU (P channel): 0.2841 (0.2646)  lr: 0.000598  iter-time: 1.1548
[22:44:10.797605] Epoch: [37]  [140/358]  eta: 0:04:23  loss: 0.0558 (0.0620)  IoU (F channel): 0.3458 (0.3578)  L1 (Dc channel): 0.0007 (0.0008)  L1 (Dn channel): 0.0012 (0.0011)  IoU (P channel): 0.2588 (0.2638)  lr: 0.000597  iter-time: 1.1667
[22:44:22.339170] Epoch: [37]  [150/358]  eta: 0:04:10  loss: 0.0549 (0.0621)  IoU (F channel): 0.3801 (0.3601)  L1 (Dc channel): 0.0008 (0.0008)  L1 (Dn channel): 0.0011 (0.0011)  IoU (P channel): 0.2801 (0.2668)  lr: 0.000596  iter-time: 1.1628
[22:44:33.979655] Epoch: [37]  [160/358]  eta: 0:03:58  loss: 0.0650 (0.0629)  IoU (F channel): 0.3620 (0.3589)  L1 (Dc channel): 0.0008 (0.0008)  L1 (Dn channel): 0.0010 (0.0011)  IoU (P channel): 0.2610 (0.2646)  lr: 0.000595  iter-time: 1.1590
[22:44:45.678844] Epoch: [37]  [170/358]  eta: 0:03:45  loss: 0.0652 (0.0629)  IoU (F channel): 0.3603 (0.3602)  L1 (Dc channel): 0.0008 (0.0008)  L1 (Dn channel): 0.0009 (0.0011)  IoU (P channel): 0.2510 (0.2657)  lr: 0.000594  iter-time: 1.1668
[22:44:57.542979] Epoch: [37]  [180/358]  eta: 0:03:33  loss: 0.0652 (0.0636)  IoU (F channel): 0.3707 (0.3604)  L1 (Dc channel): 0.0008 (0.0008)  L1 (Dn channel): 0.0008 (0.0011)  IoU (P channel): 0.2778 (0.2662)  lr: 0.000593  iter-time: 1.1780
[22:45:09.337204] Epoch: [37]  [190/358]  eta: 0:03:21  loss: 0.0599 (0.0638)  IoU (F channel): 0.3393 (0.3585)  L1 (Dc channel): 0.0008 (0.0008)  L1 (Dn channel): 0.0010 (0.0011)  IoU (P channel): 0.2735 (0.2665)  lr: 0.000592  iter-time: 1.1827
[22:45:20.998495] Epoch: [37]  [200/358]  eta: 0:03:09  loss: 0.0557 (0.0636)  IoU (F channel): 0.3158 (0.3574)  L1 (Dc channel): 0.0008 (0.0008)  L1 (Dn channel): 0.0009 (0.0011)  IoU (P channel): 0.2647 (0.2653)  lr: 0.000591  iter-time: 1.1726
[22:45:32.789759] Epoch: [37]  [210/358]  eta: 0:02:57  loss: 0.0509 (0.0635)  IoU (F channel): 0.3231 (0.3569)  L1 (Dc channel): 0.0007 (0.0008)  L1 (Dn channel): 0.0008 (0.0011)  IoU (P channel): 0.2487 (0.2650)  lr: 0.000590  iter-time: 1.1724
[22:45:44.554840] Epoch: [37]  [220/358]  eta: 0:02:45  loss: 0.0473 (0.0630)  IoU (F channel): 0.2902 (0.3536)  L1 (Dc channel): 0.0007 (0.0008)  L1 (Dn channel): 0.0009 (0.0011)  IoU (P channel): 0.2358 (0.2631)  lr: 0.000589  iter-time: 1.1776
[22:45:56.202129] Epoch: [37]  [230/358]  eta: 0:02:32  loss: 0.0546 (0.0636)  IoU (F channel): 0.2966 (0.3534)  L1 (Dc channel): 0.0007 (0.0008)  L1 (Dn channel): 0.0009 (0.0011)  IoU (P channel): 0.2358 (0.2629)  lr: 0.000588  iter-time: 1.1704
[22:46:07.764517] Epoch: [37]  [240/358]  eta: 0:02:20  loss: 0.0649 (0.0638)  IoU (F channel): 0.3537 (0.3531)  L1 (Dc channel): 0.0008 (0.0008)  L1 (Dn channel): 0.0010 (0.0011)  IoU (P channel): 0.2430 (0.2628)  lr: 0.000586  iter-time: 1.1603
[22:46:19.601870] Epoch: [37]  [250/358]  eta: 0:02:08  loss: 0.0493 (0.0631)  IoU (F channel): 0.3454 (0.3538)  L1 (Dc channel): 0.0008 (0.0008)  L1 (Dn channel): 0.0009 (0.0011)  IoU (P channel): 0.2570 (0.2635)  lr: 0.000585  iter-time: 1.1698
[22:46:31.165157] Epoch: [37]  [260/358]  eta: 0:01:56  loss: 0.0471 (0.0630)  IoU (F channel): 0.3600 (0.3552)  L1 (Dc channel): 0.0009 (0.0008)  L1 (Dn channel): 0.0010 (0.0011)  IoU (P channel): 0.2579 (0.2636)  lr: 0.000584  iter-time: 1.1698
[22:46:42.825030] Epoch: [37]  [270/358]  eta: 0:01:44  loss: 0.0573 (0.0630)  IoU (F channel): 0.3600 (0.3552)  L1 (Dc channel): 0.0009 (0.0008)  L1 (Dn channel): 0.0011 (0.0011)  IoU (P channel): 0.2442 (0.2634)  lr: 0.000583  iter-time: 1.1610
[22:46:54.503957] Epoch: [37]  [280/358]  eta: 0:01:32  loss: 0.0618 (0.0637)  IoU (F channel): 0.2951 (0.3539)  L1 (Dc channel): 0.0009 (0.0008)  L1 (Dn channel): 0.0010 (0.0011)  IoU (P channel): 0.2339 (0.2629)  lr: 0.000582  iter-time: 1.1667
[22:47:06.383467] Epoch: [37]  [290/358]  eta: 0:01:20  loss: 0.0575 (0.0634)  IoU (F channel): 0.3141 (0.3535)  L1 (Dc channel): 0.0008 (0.0008)  L1 (Dn channel): 0.0009 (0.0011)  IoU (P channel): 0.2508 (0.2630)  lr: 0.000581  iter-time: 1.1777
[22:47:17.726827] Epoch: [37]  [300/358]  eta: 0:01:08  loss: 0.0531 (0.0633)  IoU (F channel): 0.3540 (0.3544)  L1 (Dc channel): 0.0009 (0.0008)  L1 (Dn channel): 0.0009 (0.0011)  IoU (P channel): 0.2595 (0.2629)  lr: 0.000580  iter-time: 1.1610
[22:47:29.408852] Epoch: [37]  [310/358]  eta: 0:00:56  loss: 0.0490 (0.0628)  IoU (F channel): 0.3694 (0.3545)  L1 (Dc channel): 0.0008 (0.0008)  L1 (Dn channel): 0.0008 (0.0011)  IoU (P channel): 0.2498 (0.2625)  lr: 0.000579  iter-time: 1.1511
[22:47:40.998717] Epoch: [37]  [320/358]  eta: 0:00:45  loss: 0.0490 (0.0629)  IoU (F channel): 0.3739 (0.3564)  L1 (Dc channel): 0.0008 (0.0008)  L1 (Dn channel): 0.0009 (0.0011)  IoU (P channel): 0.2582 (0.2630)  lr: 0.000578  iter-time: 1.1634
[22:47:52.822485] Epoch: [37]  [330/358]  eta: 0:00:33  loss: 0.0537 (0.0625)  IoU (F channel): 0.3572 (0.3560)  L1 (Dc channel): 0.0008 (0.0008)  L1 (Dn channel): 0.0009 (0.0011)  IoU (P channel): 0.2558 (0.2626)  lr: 0.000577  iter-time: 1.1705
[22:48:04.331505] Epoch: [37]  [340/358]  eta: 0:00:21  loss: 0.0475 (0.0622)  IoU (F channel): 0.3554 (0.3564)  L1 (Dc channel): 0.0008 (0.0008)  L1 (Dn channel): 0.0008 (0.0011)  IoU (P channel): 0.2402 (0.2629)  lr: 0.000576  iter-time: 1.1664
[22:48:15.849856] Epoch: [37]  [350/358]  eta: 0:00:09  loss: 0.0560 (0.0622)  IoU (F channel): 0.3445 (0.3568)  L1 (Dc channel): 0.0008 (0.0008)  L1 (Dn channel): 0.0009 (0.0011)  IoU (P channel): 0.2510 (0.2632)  lr: 0.000575  iter-time: 1.1512
[22:48:22.855257] Epoch: [37]  [357/358]  eta: 0:00:01  loss: 0.0560 (0.0622)  IoU (F channel): 0.3440 (0.3564)  L1 (Dc channel): 0.0008 (0.0008)  L1 (Dn channel): 0.0008 (0.0011)  IoU (P channel): 0.2492 (0.2628)  lr: 0.000574  iter-time: 1.0953
[22:48:22.855383] Epoch: [37] Total time: 0:07:02 (1.1806 s / it)
[22:48:22.855423] [Train] averaged stats: loss: 0.0560 (0.0622)  IoU (F channel): 0.3440 (0.3564)  L1 (Dc channel): 0.0008 (0.0008)  L1 (Dn channel): 0.0008 (0.0011)  IoU (P channel): 0.2492 (0.2628)  lr: 0.000574
[22:48:28.911876] Epoch: [37]  [ 0/23]  eta: 0:02:19  loss: 0.0540 (0.0540)  IoU (F channel): 0.0000 (0.0000)  L1 (Dc channel): 0.0005 (0.0005)  L1 (Dn channel): 0.0005 (0.0005)  IoU (P channel): 0.0001 (0.0001)  iter-time: 6.0551
[22:48:36.955110] Epoch: [37]  [10/23]  eta: 0:00:16  loss: 0.0705 (0.1713)  IoU (F channel): 0.3369 (0.2738)  L1 (Dc channel): 0.0008 (0.0008)  L1 (Dn channel): 0.0006 (0.0012)  IoU (P channel): 0.2499 (0.2110)  iter-time: 1.2816
[22:48:42.246953] Epoch: [37]  [20/23]  eta: 0:00:02  loss: 0.0768 (0.1436)  IoU (F channel): 0.3524 (0.3271)  L1 (Dc channel): 0.0008 (0.0008)  L1 (Dn channel): 0.0008 (0.0011)  IoU (P channel): 0.2805 (0.2468)  iter-time: 0.6667
[22:48:42.670721] Epoch: [37]  [22/23]  eta: 0:00:00  loss: 0.0730 (0.1352)  IoU (F channel): 0.3524 (0.3140)  L1 (Dc channel): 0.0007 (0.0008)  L1 (Dn channel): 0.0009 (0.0011)  IoU (P channel): 0.2880 (0.2391)  iter-time: 0.5247
[22:48:42.670805] Epoch: [37] Total time: 0:00:19 (0.8615 s / it)
[22:48:42.670830] [Val] averaged stats: loss: 0.0730 (0.1352)  IoU (F channel): 0.3524 (0.3140)  L1 (Dc channel): 0.0007 (0.0008)  L1 (Dn channel): 0.0009 (0.0011)  IoU (P channel): 0.2880 (0.2391)
[22:48:42.671000] [Val] best loss: 0.1200 best  IoU (F channel): 0.2378 L1 (Dc channel): 0.0012 L1 (Dn channel): 0.0018 IoU (P channel): 0.1793 
EarlyStopping counter: 9 out of 10
[22:48:42.683711] [Time] 7.4m 4.7h/7.7h

[22:48:42.683728] ~~~ Epoch 38/60 ~~~

[22:48:51.835606] Epoch: [38]  [  0/358]  eta: 0:54:35  loss: 0.0677 (0.0677)  IoU (F channel): 0.4793 (0.4793)  L1 (Dc channel): 0.0011 (0.0011)  L1 (Dn channel): 0.0018 (0.0018)  IoU (P channel): 0.2935 (0.2935)  lr: 0.000574  iter-time: 9.1502
[22:49:03.593526] Epoch: [38]  [ 10/358]  eta: 0:11:01  loss: 0.0677 (0.0737)  IoU (F channel): 0.3241 (0.3612)  L1 (Dc channel): 0.0008 (0.0009)  L1 (Dn channel): 0.0011 (0.0013)  IoU (P channel): 0.2676 (0.2600)  lr: 0.000573  iter-time: 1.9006
[22:49:15.430085] Epoch: [38]  [ 20/358]  eta: 0:08:46  loss: 0.0445 (0.0641)  IoU (F channel): 0.3790 (0.3668)  L1 (Dc channel): 0.0007 (0.0008)  L1 (Dn channel): 0.0008 (0.0011)  IoU (P channel): 0.2832 (0.2727)  lr: 0.000572  iter-time: 1.1796
[22:49:27.147231] Epoch: [38]  [ 30/358]  eta: 0:07:50  loss: 0.0482 (0.0601)  IoU (F channel): 0.3790 (0.3567)  L1 (Dc channel): 0.0008 (0.0008)  L1 (Dn channel): 0.0008 (0.0010)  IoU (P channel): 0.2704 (0.2612)  lr: 0.000571  iter-time: 1.1775
[22:49:38.732921] Epoch: [38]  [ 40/358]  eta: 0:07:14  loss: 0.0528 (0.0623)  IoU (F channel): 0.3467 (0.3555)  L1 (Dc channel): 0.0008 (0.0008)  L1 (Dn channel): 0.0010 (0.0011)  IoU (P channel): 0.2704 (0.2646)  lr: 0.000570  iter-time: 1.1650
[22:49:50.447929] Epoch: [38]  [ 50/358]  eta: 0:06:49  loss: 0.0521 (0.0608)  IoU (F channel): 0.3807 (0.3645)  L1 (Dc channel): 0.0008 (0.0008)  L1 (Dn channel): 0.0011 (0.0011)  IoU (P channel): 0.2792 (0.2678)  lr: 0.000569  iter-time: 1.1649
[22:50:02.198828] Epoch: [38]  [ 60/358]  eta: 0:06:28  loss: 0.0511 (0.0602)  IoU (F channel): 0.3563 (0.3532)  L1 (Dc channel): 0.0007 (0.0008)  L1 (Dn channel): 0.0011 (0.0011)  IoU (P channel): 0.2617 (0.2598)  lr: 0.000568  iter-time: 1.1731
[22:50:14.042688] Epoch: [38]  [ 70/358]  eta: 0:06:10  loss: 0.0519 (0.0605)  IoU (F channel): 0.3551 (0.3637)  L1 (Dc channel): 0.0007 (0.0008)  L1 (Dn channel): 0.0011 (0.0011)  IoU (P channel): 0.2617 (0.2663)  lr: 0.000567  iter-time: 1.1796
[22:50:25.565299] Epoch: [38]  [ 80/358]  eta: 0:05:53  loss: 0.0541 (0.0623)  IoU (F channel): 0.3621 (0.3646)  L1 (Dc channel): 0.0007 (0.0008)  L1 (Dn channel): 0.0009 (0.0011)  IoU (P channel): 0.2926 (0.2676)  lr: 0.000566  iter-time: 1.1682
[22:50:37.191203] Epoch: [38]  [ 90/358]  eta: 0:05:37  loss: 0.0541 (0.0619)  IoU (F channel): 0.3592 (0.3623)  L1 (Dc channel): 0.0007 (0.0008)  L1 (Dn channel): 0.0008 (0.0011)  IoU (P channel): 0.2673 (0.2671)  lr: 0.000565  iter-time: 1.1573
[22:50:48.837185] Epoch: [38]  [100/358]  eta: 0:05:22  loss: 0.0511 (0.0618)  IoU (F channel): 0.3398 (0.3545)  L1 (Dc channel): 0.0007 (0.0008)  L1 (Dn channel): 0.0008 (0.0011)  IoU (P channel): 0.2574 (0.2627)  lr: 0.000564  iter-time: 1.1634
[22:51:00.494011] Epoch: [38]  [110/358]  eta: 0:05:07  loss: 0.0485 (0.0614)  IoU (F channel): 0.3736 (0.3587)  L1 (Dc channel): 0.0007 (0.0008)  L1 (Dn channel): 0.0008 (0.0011)  IoU (P channel): 0.2516 (0.2639)  lr: 0.000563  iter-time: 1.1650
[22:51:11.998332] Epoch: [38]  [120/358]  eta: 0:04:53  loss: 0.0457 (0.0611)  IoU (F channel): 0.3736 (0.3546)  L1 (Dc channel): 0.0008 (0.0008)  L1 (Dn channel): 0.0009 (0.0011)  IoU (P channel): 0.2668 (0.2636)  lr: 0.000562  iter-time: 1.1579
[22:51:23.491889] Epoch: [38]  [130/358]  eta: 0:04:39  loss: 0.0484 (0.0602)  IoU (F channel): 0.3391 (0.3584)  L1 (Dc channel): 0.0007 (0.0008)  L1 (Dn channel): 0.0007 (0.0010)  IoU (P channel): 0.2795 (0.2654)  lr: 0.000561  iter-time: 1.1497
[22:51:35.151190] Epoch: [38]  [140/358]  eta: 0:04:26  loss: 0.0502 (0.0607)  IoU (F channel): 0.3391 (0.3548)  L1 (Dc channel): 0.0007 (0.0008)  L1 (Dn channel): 0.0007 (0.0011)  IoU (P channel): 0.2429 (0.2620)  lr: 0.000560  iter-time: 1.1575
[22:51:47.015773] Epoch: [38]  [150/358]  eta: 0:04:13  loss: 0.0503 (0.0613)  IoU (F channel): 0.3202 (0.3542)  L1 (Dc channel): 0.0007 (0.0008)  L1 (Dn channel): 0.0009 (0.0011)  IoU (P channel): 0.2260 (0.2613)  lr: 0.000559  iter-time: 1.1760
[22:51:58.394993] Epoch: [38]  [160/358]  eta: 0:04:00  loss: 0.0507 (0.0611)  IoU (F channel): 0.3247 (0.3536)  L1 (Dc channel): 0.0007 (0.0008)  L1 (Dn channel): 0.0009 (0.0011)  IoU (P channel): 0.2363 (0.2607)  lr: 0.000558  iter-time: 1.1620
[22:52:10.224089] Epoch: [38]  [170/358]  eta: 0:03:48  loss: 0.0608 (0.0621)  IoU (F channel): 0.3520 (0.3556)  L1 (Dc channel): 0.0007 (0.0008)  L1 (Dn channel): 0.0009 (0.0011)  IoU (P channel): 0.2612 (0.2614)  lr: 0.000557  iter-time: 1.1603
[22:52:22.068377] Epoch: [38]  [180/358]  eta: 0:03:35  loss: 0.0544 (0.0618)  IoU (F channel): 0.3711 (0.3544)  L1 (Dc channel): 0.0007 (0.0008)  L1 (Dn channel): 0.0009 (0.0011)  IoU (P channel): 0.2655 (0.2602)  lr: 0.000556  iter-time: 1.1835
[22:52:33.820443] Epoch: [38]  [190/358]  eta: 0:03:23  loss: 0.0457 (0.0615)  IoU (F channel): 0.3029 (0.3514)  L1 (Dc channel): 0.0007 (0.0008)  L1 (Dn channel): 0.0008 (0.0011)  IoU (P channel): 0.2333 (0.2582)  lr: 0.000555  iter-time: 1.1796
[22:52:45.588605] Epoch: [38]  [200/358]  eta: 0:03:10  loss: 0.0547 (0.0621)  IoU (F channel): 0.3139 (0.3532)  L1 (Dc channel): 0.0008 (0.0008)  L1 (Dn channel): 0.0009 (0.0011)  IoU (P channel): 0.2407 (0.2595)  lr: 0.000554  iter-time: 1.1759
[22:52:57.467292] Epoch: [38]  [210/358]  eta: 0:02:58  loss: 0.0606 (0.0623)  IoU (F channel): 0.3424 (0.3511)  L1 (Dc channel): 0.0007 (0.0008)  L1 (Dn channel): 0.0008 (0.0010)  IoU (P channel): 0.2533 (0.2576)  lr: 0.000553  iter-time: 1.1822
[22:53:09.374178] Epoch: [38]  [220/358]  eta: 0:02:46  loss: 0.0606 (0.0629)  IoU (F channel): 0.3281 (0.3511)  L1 (Dc channel): 0.0007 (0.0008)  L1 (Dn channel): 0.0010 (0.0011)  IoU (P channel): 0.2362 (0.2576)  lr: 0.000552  iter-time: 1.1891
[22:53:21.168400] Epoch: [38]  [230/358]  eta: 0:02:34  loss: 0.0587 (0.0627)  IoU (F channel): 0.2970 (0.3484)  L1 (Dc channel): 0.0007 (0.0008)  L1 (Dn channel): 0.0009 (0.0011)  IoU (P channel): 0.2362 (0.2559)  lr: 0.000550  iter-time: 1.1849
[22:53:32.879307] Epoch: [38]  [240/358]  eta: 0:02:22  loss: 0.0513 (0.0622)  IoU (F channel): 0.2821 (0.3463)  L1 (Dc channel): 0.0007 (0.0008)  L1 (Dn channel): 0.0008 (0.0010)  IoU (P channel): 0.2155 (0.2542)  lr: 0.000549  iter-time: 1.1751
[22:53:44.400201] Epoch: [38]  [250/358]  eta: 0:02:09  loss: 0.0505 (0.0628)  IoU (F channel): 0.3232 (0.3462)  L1 (Dc channel): 0.0009 (0.0008)  L1 (Dn channel): 0.0010 (0.0011)  IoU (P channel): 0.2185 (0.2540)  lr: 0.000548  iter-time: 1.1614
[22:53:56.197784] Epoch: [38]  [260/358]  eta: 0:01:57  loss: 0.0659 (0.0638)  IoU (F channel): 0.3128 (0.3465)  L1 (Dc channel): 0.0010 (0.0008)  L1 (Dn channel): 0.0011 (0.0011)  IoU (P channel): 0.2170 (0.2545)  lr: 0.000547  iter-time: 1.1657
[22:54:07.780307] Epoch: [38]  [270/358]  eta: 0:01:45  loss: 0.0724 (0.0639)  IoU (F channel): 0.2987 (0.3444)  L1 (Dc channel): 0.0008 (0.0008)  L1 (Dn channel): 0.0009 (0.0011)  IoU (P channel): 0.2306 (0.2536)  lr: 0.000546  iter-time: 1.1688
[22:54:19.465874] Epoch: [38]  [280/358]  eta: 0:01:33  loss: 0.0767 (0.0646)  IoU (F channel): 0.3384 (0.3460)  L1 (Dc channel): 0.0008 (0.0008)  L1 (Dn channel): 0.0010 (0.0011)  IoU (P channel): 0.2643 (0.2548)  lr: 0.000545  iter-time: 1.1631
[22:54:31.218938] Epoch: [38]  [290/358]  eta: 0:01:21  loss: 0.0619 (0.0640)  IoU (F channel): 0.3560 (0.3457)  L1 (Dc channel): 0.0008 (0.0008)  L1 (Dn channel): 0.0009 (0.0011)  IoU (P channel): 0.2639 (0.2544)  lr: 0.000544  iter-time: 1.1717
[22:54:42.893226] Epoch: [38]  [300/358]  eta: 0:01:09  loss: 0.0421 (0.0635)  IoU (F channel): 0.3560 (0.3463)  L1 (Dc channel): 0.0007 (0.0008)  L1 (Dn channel): 0.0007 (0.0010)  IoU (P channel): 0.2584 (0.2554)  lr: 0.000543  iter-time: 1.1712
[22:54:54.782344] Epoch: [38]  [310/358]  eta: 0:00:57  loss: 0.0455 (0.0634)  IoU (F channel): 0.3571 (0.3473)  L1 (Dc channel): 0.0007 (0.0008)  L1 (Dn channel): 0.0007 (0.0010)  IoU (P channel): 0.2737 (0.2562)  lr: 0.000542  iter-time: 1.1780
[22:55:06.551272] Epoch: [38]  [320/358]  eta: 0:00:45  loss: 0.0491 (0.0633)  IoU (F channel): 0.3522 (0.3477)  L1 (Dc channel): 0.0008 (0.0008)  L1 (Dn channel): 0.0008 (0.0010)  IoU (P channel): 0.2568 (0.2564)  lr: 0.000541  iter-time: 1.1827
[22:55:18.232914] Epoch: [38]  [330/358]  eta: 0:00:33  loss: 0.0518 (0.0633)  IoU (F channel): 0.3564 (0.3489)  L1 (Dc channel): 0.0010 (0.0008)  L1 (Dn channel): 0.0011 (0.0010)  IoU (P channel): 0.2580 (0.2577)  lr: 0.000540  iter-time: 1.1724
[22:55:29.853517] Epoch: [38]  [340/358]  eta: 0:00:21  loss: 0.0518 (0.0630)  IoU (F channel): 0.3633 (0.3489)  L1 (Dc channel): 0.0008 (0.0008)  L1 (Dn channel): 0.0010 (0.0010)  IoU (P channel): 0.2805 (0.2577)  lr: 0.000539  iter-time: 1.1649
[22:55:41.238655] Epoch: [38]  [350/358]  eta: 0:00:09  loss: 0.0522 (0.0628)  IoU (F channel): 0.3437 (0.3483)  L1 (Dc channel): 0.0007 (0.0008)  L1 (Dn channel): 0.0008 (0.0010)  IoU (P channel): 0.2426 (0.2574)  lr: 0.000538  iter-time: 1.1501
[22:55:48.250536] Epoch: [38]  [357/358]  eta: 0:00:01  loss: 0.0522 (0.0626)  IoU (F channel): 0.3350 (0.3482)  L1 (Dc channel): 0.0007 (0.0008)  L1 (Dn channel): 0.0008 (0.0010)  IoU (P channel): 0.2535 (0.2573)  lr: 0.000537  iter-time: 1.1021
[22:55:48.250643] Epoch: [38] Total time: 0:07:05 (1.1887 s / it)
[22:55:48.250684] [Train] averaged stats: loss: 0.0522 (0.0626)  IoU (F channel): 0.3350 (0.3482)  L1 (Dc channel): 0.0007 (0.0008)  L1 (Dn channel): 0.0008 (0.0010)  IoU (P channel): 0.2535 (0.2573)  lr: 0.000537
[22:55:55.954067] Epoch: [38]  [ 0/23]  eta: 0:02:57  loss: 0.0534 (0.0534)  IoU (F channel): 0.0000 (0.0000)  L1 (Dc channel): 0.0007 (0.0007)  L1 (Dn channel): 0.0006 (0.0006)  IoU (P channel): 0.0000 (0.0000)  iter-time: 7.7017
[22:56:05.717164] Epoch: [38]  [10/23]  eta: 0:00:20  loss: 0.0717 (0.1735)  IoU (F channel): 0.3656 (0.2969)  L1 (Dc channel): 0.0008 (0.0009)  L1 (Dn channel): 0.0007 (0.0013)  IoU (P channel): 0.2680 (0.2285)  iter-time: 1.5877
[22:56:10.454568] Epoch: [38]  [20/23]  eta: 0:00:03  loss: 0.0905 (0.1503)  IoU (F channel): 0.3761 (0.3478)  L1 (Dc channel): 0.0008 (0.0009)  L1 (Dn channel): 0.0010 (0.0013)  IoU (P channel): 0.2828 (0.2640)  iter-time: 0.7250
[22:56:10.876287] Epoch: [38]  [22/23]  eta: 0:00:00  loss: 0.0905 (0.1418)  IoU (F channel): 0.3656 (0.3346)  L1 (Dc channel): 0.0008 (0.0009)  L1 (Dn channel): 0.0010 (0.0012)  IoU (P channel): 0.2990 (0.2559)  iter-time: 0.6499
[22:56:10.876368] Epoch: [38] Total time: 0:00:22 (0.9837 s / it)
[22:56:10.876392] [Val] averaged stats: loss: 0.0905 (0.1418)  IoU (F channel): 0.3656 (0.3346)  L1 (Dc channel): 0.0008 (0.0009)  L1 (Dn channel): 0.0010 (0.0012)  IoU (P channel): 0.2990 (0.2559)
[22:56:10.876559] [Val] best loss: 0.1200 best  IoU (F channel): 0.2378 L1 (Dc channel): 0.0012 L1 (Dn channel): 0.0018 IoU (P channel): 0.1793 
EarlyStopping counter: 10 out of 10
[22:56:10.886568] Early stopping
[22:56:10.886607] Training time: 4:51:09
[22:56:10.886674] Train loss: 0.06256675814647832
[22:56:10.886681] Train IoU (F channel): 0.34817795655247885
[22:56:10.886686] Train L1 (Dc channel): 0.0007950943199931982
[22:56:10.886692] Train L1 (Dn channel): 0.00104019629743663
[22:56:10.886697] Train IoU (P channel): 0.2573220524208506
[22:56:10.886702] Validation loss: 0.11996864438380885
[22:56:10.886707] Validation IoU (F channel): 0.23784179985523224
[22:56:10.886713] Validation L1 (Dc channel): 0.001178865903057158
[22:56:10.886718] Validation L1 (Dn channel): 0.001758650760166347
[22:56:10.886726] Validation IoU (P channel): 0.1793207824230194
[22:56:10.886731] 
[22:56:10.886737] Finished Training
[22:56:10.889350] Loading checkpoint from file metrics/biapy/biapy-channel-scale-zarr-unetr/checkpoints/biapy-channel-scale-zarr-unetr_0-checkpoint-best.pth
[22:56:13.133428] Model weights loaded!
[22:56:13.279254] Normalization used in when creating BMZ data: {'type': 'zero_mean_unit_variance', 'percentile_clip': False, 'orig_dtype': 'float32', 'out_dtype': 'float32', 'per_channel_info': {'0': {'mean': 0.0, 'std': 0.0}, '1': {'mean': 4.951728343963623, 'std': 0.8519934415817261}, '2': {'mean': 1.0, 'std': 0.0}}}
[22:56:13.384321] Releasing memory . . .
