gt_id,pred_id,iou,tag
1,99,0.087614685,FN
2,158,0.031021006,FN
3,11,0.4811903,TP
