SBATCH Run: biapy-channel-rot-zarr-unetr.yaml, mode: preprocessing, job-name: biapy-channel-rot-zarr-unetr, run-id: 0
SLURM_CPUS_PER_TASK=8
running BiaPy/run_biapy-py.py
Patched BiaPy create_instance_channels: fid_mask=None (Zarr volume-switch UnboundLocalError)
Mode overrides (preprocessing): leaving YAML flags as-is (TRAIN.ENABLE=True, TEST.ENABLE=True, MODEL.LOAD_CHECKPOINT=False)
CPU overrides: SYSTEM.NUM_CPUS=8, SYSTEM.NUM_WORKERS=8
Date     : 2026-08-18 21:50:23
Arguments: Namespace(config={'SYSTEM': {'NUM_CPUS': 8, 'NUM_WORKERS': -1}, 'PROBLEM': {'TYPE': 'INSTANCE_SEG', 'NDIM': '3D', 'INSTANCE_SEG': {'DATA_CHANNELS': ['F', 'Dc', 'Dn', 'P'], 'DATA_CHANNELS_EXTRA_OPTS': [{'P': {'type': 'skeleton', 'dilation': 2}, 'Dc': {'type': 'skeleton', 'mask_values': False}, 'Dn': {'mask_values': False, 'decline_power': 2}}], 'DATA_CHANNEL_WEIGHTS': '(1.0, 5.0, 5.0, 1.0)', 'WATERSHED': {'SEED_CHANNELS': ['P'], 'SEED_CHANNELS_THRESH': ['auto'], 'TOPOGRAPHIC_SURFACE_CHANNEL': 'F', 'GROWTH_MASK_CHANNELS': ['F'], 'GROWTH_MASK_CHANNELS_THRESH': ['auto'], 'DATA_CHECK_MW': True}}}, 'DATA': {'PATCH_SIZE': '(160, 160, 160, 3)', 'TRAIN': {'PATH': 'fisbe/biapy-channel-rot-zarr/train/raw', 'GT_PATH': 'fisbe/biapy-channel-rot-zarr/train/label', 'INPUT_IMG_AXES_ORDER': 'ZYXC', 'INPUT_MASK_AXES_ORDER': 'ZYXC', 'IN_MEMORY': False}, 'VAL': {'PATH': 'fisbe/biapy-no-aug-zarr/val/raw', 'GT_PATH': 'fisbe/biapy-no-aug-zarr/val/label', 'FROM_TRAIN': False, 'INPUT_IMG_AXES_ORDER': 'ZYXC', 'INPUT_MASK_AXES_ORDER': 'ZYXC', 'IN_MEMORY': False}, 'TEST': {'PATH': 'fisbe/biapy-no-aug-zarr/test/raw', 'GT_PATH': 'fisbe/biapy-no-aug-zarr/test/label', 'INPUT_IMG_AXES_ORDER': 'ZYXC', 'INPUT_MASK_AXES_ORDER': 'ZYXC', 'IN_MEMORY': False, 'LOAD_GT': True, 'PADDING': '(4,16,16)'}}, 'AUGMENTOR': {'ENABLE': False, 'RANDOM_ROT': False, 'VFLIP': False, 'HFLIP': False, 'ZFLIP': False}, 'MODEL': {'ARCHITECTURE': 'unetr', 'LOAD_CHECKPOINT': False}, 'TRAIN': {'ENABLE': True, 'OPTIMIZER': 'ADAMW', 'LR': 0.001, 'BATCH_SIZE': 2, 'EPOCHS': 60, 'PATIENCE': 10, 'LR_SCHEDULER': {'NAME': 'onecycle'}}, 'TEST': {'ENABLE': True, 'AUGMENTATION': False, 'FULL_IMG': False, 'POST_PROCESSING': {'INSTANCE_REFINEMENT': {'ENABLE': True, 'OPERATIONS': ['remove_small_objects'], 'VALUES': [1000]}}}}, result_dir='metrics/biapy', name='biapy-channel-rot-zarr-unetr', run_id='0', gpu='', world_size=1, local_rank=-1, dist_on_itp=False, dist_url='env://', dist_backend='nccl')
Job      : biapy-channel-rot-zarr-unetr_0
BiaPy    : 3.7.0
Python   : 3.11.15 | packaged by conda-forge | (main, Jun 11 2026, 03:34:02) [GCC 14.3.0]
PyTorch  : 2.12.1+cu130
The following changes were made in order to adapt the input configuration:
Not using distributed mode
[21:50:23.379391] **** Using 'cpu' for training
[21:50:23.482685] CPU budget(total)=8 | per_rank=8 | main_threads=4 | num_workers(per_rank)=3 | world_size=1
[21:50:23.516321] Configuration details:
[21:50:23.516347] AUGMENTOR:
  AFFINE_MODE: reflect
  AUG_NUM_SAMPLES: 10
  AUG_SAMPLES: True
  BRIGHTNESS: False
  BRIGHTNESS_FACTOR: (-0.1, 0.1)
  BRIGHTNESS_PROB: 0.5
  CBLUR_DOWN_RANGE: (2, 8)
  CBLUR_INSIDE: True
  CBLUR_SIZE: (0.2, 0.4)
  CHANNEL_SHUFFLE: False
  CHANNEL_SHUFFLE_PROB: 0.5
  CMIX_SIZE: (0.2, 0.4)
  CNOISE_NB_ITERATIONS: (1, 3)
  CNOISE_SCALE: (0.05, 0.1)
  CNOISE_SIZE: (0.2, 0.4)
  CONTRAST: False
  CONTRAST_FACTOR: (-0.1, 0.1)
  CONTRAST_PROB: 0.5
  COUT_APPLY_TO_MASK: False
  COUT_CVAL: 0.0
  COUT_NB_ITERATIONS: (1, 3)
  COUT_SIZE: (0.05, 0.3)
  CUTBLUR: False
  CUTBLUR_PROB: 0.5
  CUTMIX: False
  CUTMIX_PROB: 0.5
  CUTNOISE: False
  CUTNOISE_PROB: 0.5
  CUTOUT: False
  CUTOUT_PROB: 0.5
  DRAW_GRID: True
  DROPOUT: False
  DROPOUT_PROB: 0.5
  DROP_RANGE: (0, 0.2)
  ELASTIC: False
  ELASTIC_PROB: 0.5
  ENABLE: False
  E_ALPHA: (12, 16)
  E_MODE: constant
  E_SIGMA: 4
  GAMMA_CONTRAST: False
  GAMMA_CONTRAST_PROB: 0.5
  GAUSSIAN_NOISE: False
  GAUSSIAN_NOISE_MEAN: 0.0
  GAUSSIAN_NOISE_PROB: 0.5
  GAUSSIAN_NOISE_USE_INPUT_IMG_MEAN_AND_VAR: False
  GAUSSIAN_NOISE_VAR: 0.05
  GC_GAMMA: (1.25, 1.75)
  GRAYSCALE: False
  GRAYSCALE_PROB: 0.5
  GRIDMASK: False
  GRIDMASK_PROB: 0.5
  GRID_D_RANGE: (0.4, 1)
  GRID_INVERT: False
  GRID_RATIO: 0.6
  GRID_ROTATE: 1.0
  G_BLUR: False
  G_BLUR_PROB: 0.5
  G_SIGMA: (1.0, 2.0)
  HFLIP: False
  HFLIP_PROB: 0.5
  MB_KERNEL: (3, 7)
  MEDIAN_BLUR: False
  MEDIAN_BLUR_PROB: 0.5
  MISALIGNMENT: False
  MISALIGNMENT_PROB: 0.5
  MISSING_SECTIONS: False
  MISSING_SECTIONS_PROB: 0.5
  MISSP_CHANNEL_PB: 0.5
  MISSP_ITERATIONS: (10, 30)
  MOTB_K_RANGE: (8, 12)
  MOTION_BLUR: False
  MOTION_BLUR_PROB: 0.5
  MS_DISPLACEMENT: 16
  MS_ROTATE_RATIO: 0.5
  PEPPER: False
  PEPPER_AMOUNT: 0.05
  PEPPER_PROB: 0.5
  POISSON_NOISE: False
  POISSON_NOISE_PROB: 0.5
  RANDOM_ROT: False
  RANDOM_ROT_PROB: 0.5
  RANDOM_ROT_RANGE: (-180, 180)
  ROT90: False
  ROT90_PROB: 0.5
  SALT: False
  SALT_AMOUNT: 0.05
  SALT_AND_PEPPER: False
  SALT_AND_PEPPER_AMOUNT: 0.05
  SALT_AND_PEPPER_PROB: 0.5
  SALT_AND_PEPPER_PROP: 0.5
  SALT_PROB: 0.5
  SHEAR: False
  SHEAR_PROB: 0.5
  SHEAR_RANGE: (-20, 20)
  SHIFT: False
  SHIFT_PROB: 0.5
  SHIFT_RANGE: (0.1, 0.2)
  SHUFFLE_TRAIN_DATA_EACH_EPOCH: True
  SHUFFLE_VAL_DATA_EACH_EPOCH: False
  VFLIP: False
  VFLIP_PROB: 0.5
  ZFLIP: False
  ZFLIP_PROB: 0.5
  ZOOM: False
  ZOOM_IN_Z: False
  ZOOM_PROB: 0.5
  ZOOM_RANGE: (0.5, 1.5)
DATA:
  CHECK_GENERATORS: False
  FILTER_BY_IMAGE: False
  FORCE_RGB: False
  NORMALIZATION:
    PERC_CLIP:
      ENABLE: False
      LOWER_PERC: -1.0
      LOWER_VALUE: [-1.0]
      UPPER_PERC: -1.0
      UPPER_VALUE: [-1.0]
    TYPE: zero_mean_unit_variance
    ZERO_MEAN_UNIT_VAR:
      MEAN_VAL: [-1.0]
      STD_VAL: [-1.0]
  N_CLASSES: 2
  PATCH_SIZE: (160, 160, 160, 3)
  PREPROCESS:
    CANNY:
      ENABLE: False
      HIGH_THRESHOLD: None
      LOW_THRESHOLD: None
    CLAHE:
      CLIP_LIMIT: 0.01
      ENABLE: False
      KERNEL_SIZE: None
    GAUSSIAN_BLUR:
      CHANNEL_AXIS: None
      ENABLE: False
      MODE: nearest
      SIGMA: 1
    MATCH_HISTOGRAM:
      ENABLE: False
      REFERENCE_PATH: user_data/test/x
    MEDIAN_BLUR:
      ENABLE: False
      KERNEL_SIZE: (3, 3, 1)
    RESIZE:
      ANTI_ALIASING: False
      CLIP: True
      CVAL: 0.0
      ENABLE: False
      MODE: reflect
      ORDER: 1
      OUTPUT_SHAPE: (512, 512)
      PRESERVE_RANGE: True
    TEST: False
    TRAIN: False
    VAL: False
    ZOOM:
      ENABLE: False
      ZOOM_FACTOR: [1, 1, 1, 1, 1]
  REFLECT_TO_COMPLETE_SHAPE: True
  SAVE_FILTERED_IMAGES: False
  SAVE_FILTERED_IMAGES_NUM: 3
  TEST:
    BINARY_MASKS: fisbe/biapy-no-aug-zarr/test/raw/../bin_mask
    CHECK_DATA: True
    DETECTION_MASK_DIR: fisbe/biapy-no-aug-zarr/test/label_detection_masks_2
    FILTER_SAMPLES:
      ENABLE: False
      NORM_BEFORE: False
      PROPS: []
      SIGNS: []
      VALUES: []
    GT_PATH: fisbe/biapy-no-aug-zarr/test/label
    INPUT_IMG_AXES_ORDER: ZYXC
    INPUT_MASK_AXES_ORDER: ZYXC
    INPUT_ZARR_MULTIPLE_DATA: False
    INPUT_ZARR_MULTIPLE_DATA_GT_PATH: 
    INPUT_ZARR_MULTIPLE_DATA_ID_PATH: annotations.ids
    INPUT_ZARR_MULTIPLE_DATA_LOCATIONS_PATH: annotations.locations
    INPUT_ZARR_MULTIPLE_DATA_PARTNERS_PATH: annotations.presynaptic_site.partners
    INPUT_ZARR_MULTIPLE_DATA_RAW_PATH: 
    INPUT_ZARR_MULTIPLE_DATA_RESOLUTION_PATH: volumes.raw
    INSTANCE_CHANNELS_MASK_DIR: fisbe/biapy-no-aug-zarr/test/label_F.erosion-0.dilation-0_Dc.type-skeleton.norm-True.mask_values-False_Dn.closing_size-3.norm-True.mask_values-False.decline_power-2_P.type-skeleton.dilation-2.erosion-0
    IN_MEMORY: False
    LOAD_GT: True
    MEDIAN_PADDING: False
    OVERLAP: (0, 0, 0)
    PADDING: (4, 16, 16)
    PATH: fisbe/biapy-no-aug-zarr/test/raw
    RESOLUTION: (1, 1, 1)
    SSL_SOURCE_DIR: fisbe/biapy-no-aug-zarr/test/raw_ssl_source
    USE_VAL_AS_TEST: False
  TRAIN:
    CHECK_DATA: True
    DETECTION_MASK_DIR: fisbe/biapy-channel-rot-zarr/train/label_detection_masks_2
    EXTRACT_RANDOM_PATCH: False
    FILTER_SAMPLES:
      ENABLE: False
      NORM_BEFORE: False
      PROPS: []
      SIGNS: []
      VALUES: []
    GT_PATH: fisbe/biapy-channel-rot-zarr/train/label
    INPUT_IMG_AXES_ORDER: ZYXC
    INPUT_MASK_AXES_ORDER: ZYXC
    INPUT_ZARR_MULTIPLE_DATA: False
    INPUT_ZARR_MULTIPLE_DATA_GT_PATH: 
    INPUT_ZARR_MULTIPLE_DATA_ID_PATH: annotations.ids
    INPUT_ZARR_MULTIPLE_DATA_LOCATIONS_PATH: annotations.locations
    INPUT_ZARR_MULTIPLE_DATA_PARTNERS_PATH: annotations.presynaptic_site.partners
    INPUT_ZARR_MULTIPLE_DATA_RAW_PATH: 
    INPUT_ZARR_MULTIPLE_DATA_RESOLUTION_PATH: volumes.raw
    INSTANCE_CHANNELS_MASK_DIR: fisbe/biapy-channel-rot-zarr/train/label_F.erosion-0.dilation-0_Dc.type-skeleton.norm-True.mask_values-False_Dn.closing_size-3.norm-True.mask_values-False.decline_power-2_P.type-skeleton.dilation-2.erosion-0
    IN_MEMORY: False
    OVERLAP: (0, 0, 0)
    PADDING: (0, 0, 0)
    PATH: fisbe/biapy-channel-rot-zarr/train/raw
    PROBABILITY_MAP: False
    REPLICATE: 0
    RESOLUTION: (1, 1, 1)
    SSL_SOURCE_DIR: fisbe/biapy-channel-rot-zarr/train/raw_ssl_source
    W_BACKGROUND: 0.06
    W_FOREGROUND: 0.94
  VAL:
    CROSS_VAL: False
    CROSS_VAL_FOLD: 1
    CROSS_VAL_NFOLD: 5
    DETECTION_MASK_DIR: fisbe/biapy-no-aug-zarr/val/label_detection_masks_2
    DIST_EVAL: True
    FILTER_SAMPLES:
      ENABLE: False
      NORM_BEFORE: False
      PROPS: []
      SIGNS: []
      VALUES: []
    FROM_TRAIN: False
    GT_PATH: fisbe/biapy-no-aug-zarr/val/label
    INPUT_IMG_AXES_ORDER: ZYXC
    INPUT_MASK_AXES_ORDER: ZYXC
    INPUT_ZARR_MULTIPLE_DATA: False
    INPUT_ZARR_MULTIPLE_DATA_GT_PATH: 
    INPUT_ZARR_MULTIPLE_DATA_ID_PATH: annotations.ids
    INPUT_ZARR_MULTIPLE_DATA_LOCATIONS_PATH: annotations.locations
    INPUT_ZARR_MULTIPLE_DATA_PARTNERS_PATH: annotations.presynaptic_site.partners
    INPUT_ZARR_MULTIPLE_DATA_RAW_PATH: 
    INPUT_ZARR_MULTIPLE_DATA_RESOLUTION_PATH: volumes.raw
    INSTANCE_CHANNELS_MASK_DIR: fisbe/biapy-no-aug-zarr/val/label_F.erosion-0.dilation-0_Dc.type-skeleton.norm-True.mask_values-False_Dn.closing_size-3.norm-True.mask_values-False.decline_power-2_P.type-skeleton.dilation-2.erosion-0
    IN_MEMORY: False
    OVERLAP: (0, 0, 0)
    PADDING: (0, 0, 0)
    PATH: fisbe/biapy-no-aug-zarr/val/raw
    RANDOM: True
    RESOLUTION: (1, 1, 1)
    SPLIT_TRAIN: 0.1
    SSL_SOURCE_DIR: fisbe/biapy-no-aug-zarr/val/raw_ssl_source
LOG:
  CHART_CREATION_FREQ: 5
  LOG_DIR: metrics/biapy/biapy-channel-rot-zarr-unetr/logs
  LOG_FILE_PREFIX: biapy-channel-rot-zarr-unetr_0
  TENSORBOARD_LOG_DIR: metrics/biapy/biapy-channel-rot-zarr-unetr/results/biapy-channel-rot-zarr-unetr_0/tensorboard
LOSS:
  CLASS_REBALANCE: none
  CLASS_WEIGHTS: []
  CONTRAST:
    ENABLE: False
    MEMORY_SIZE: 5000
    PIXEL_UPD_FREQ: 10
    PROJ_DIM: 256
  CYCLEGAN:
    ALPHA_PERCEPTUAL: 0.0
    DELTA_MSE: 0.0
    GAMMA_SSIM: 1.0
    LAMBDA_GAN: 1.0
    LAMBDA_RECON: 10.0
  IGNORE_INDEX: -1
  TYPE: 
  WEIGHTS: [1.0, 1.0]
MODEL:
  ACTIVATION: elu
  ARCHITECTURE: unetr
  BMZ:
    EXPORT:
      AUTHORS: []
      CITE: []
      DATASET_INFO: [{}]
      DESCRIPTION: 
      DOCUMENTATION: 
      ENABLE: False
      LICENSE: CC-BY-4.0
      MODEL_NAME: 
      MODEL_VERSION: 0.1.0
      REUSE_BMZ_CONFIG: False
      TAGS: []
    SOURCE_MODEL_ID: 
  CONVNEXT_LAYER_SCALE: 1e-06
  CONVNEXT_SD_PROB: 0.1
  CONVNEXT_STEM_K_SIZE: 2
  CONV_BLOCK_ORDER: conv_norm_act
  CONV_LAYERS: [2, 2, 2, 2, 2]
  DROPOUT_VALUES: [0.0]
  FEATURE_MAPS: [16, 32, 64, 128, 256]
  FREEZE_LAYERS_MATCHING: []
  HRNET:
    BLOCK_TYPE: BASIC
    HEAD_TYPE: FCN
    NUM_BLOCKS: [[4, 4], [4, 4, 4], [4, 4, 4, 4]]
    NUM_BRANCHES: [2, 3, 4]
    NUM_CHANNELS: [[18, 36], [18, 36, 72], [18, 36, 72, 144]]
    NUM_MODULES: [1, 4, 3]
    NUM_STAGES: 3
    VARIANT: W48
    YX_DOWN: [0, 0, 0]
    Z_DOWN: [0, 0, 0]
  ISOTROPY: [True, True, True, True, True]
  ITEMS_TO_LOAD_FROM_CHECKPOINT: ['weights', 'norm', 'model_arch']
  KERNEL_SIZE: 3
  LARGER_IO: False
  LOAD_CHECKPOINT: False
  LOAD_CHECKPOINT_EPOCH: best_on_val
  MAE_DEC_HIDDEN_SIZE: 512
  MAE_DEC_MLP_DIMS: 2048
  MAE_DEC_NUM_HEADS: 16
  MAE_DEC_NUM_LAYERS: 8
  MAE_MASK_RATIO: 0.5
  MAE_MASK_TYPE: grid
  NAFNET:
    ARCHITECTURE_D: patchgan
    DEC_BLK_NUMS: [2, 2, 2, 2]
    DW_EXPAND: 2
    ENC_BLK_NUMS: [2, 2, 4, 8]
    FFN_EXPAND: 2
    MIDDLE_BLK_NUM: 12
    PATCHGAN:
      BASE_FILTERS: 64
    WIDTH: 16
  NORMALIZATION: in
  OUT_CHECKPOINT_FORMAT: pth
  RCAN_CONV_FILTERS: 16
  RCAN_RCAB_BLOCK_NUM: 20
  RCAN_REDUCTION_RATIO: 16
  RCAN_RG_BLOCK_NUM: 10
  RCAN_UPSCALING_LAYER: True
  SAVE_CKPT_FREQ: -1
  SKIP_UNMATCHED_LAYERS: False
  SOURCE: biapy
  STUNET:
    PRETRAINED: False
    VARIANT: base
  TORCHVISION_MODEL_NAME: 
  UNETR_VIT_HIDD_MULT: -1
  UNETR_VIT_MODEL: custom
  UNETR_VIT_NUM_FILTERS: 16
  UNET_SR_UPSAMPLE_POSITION: pre
  UPSAMPLE_LAYER: convtranspose
  VIT_EMBED_DIM: 768
  VIT_MLP_RATIO: 4.0
  VIT_MODEL: custom
  VIT_NORM_EPS: 1e-06
  VIT_NUM_HEADS: 12
  VIT_NUM_LAYERS: 12
  VIT_PRETRAINED_WEIGHTS: 
  VIT_TOKEN_SIZE: 16
  YX_DOWN: [2, 2, 2, 2]
  Z_DOWN: [2, 2, 2, 2]
PATHS:
  BMZ_EXPORT_PATH: metrics/biapy/biapy-channel-rot-zarr-unetr/results/biapy-channel-rot-zarr-unetr_0/BMZ_files
  CHARTS: metrics/biapy/biapy-channel-rot-zarr-unetr/results/biapy-channel-rot-zarr-unetr_0/charts
  CHECKPOINT: metrics/biapy/biapy-channel-rot-zarr-unetr/checkpoints
  CHECKPOINT_FILE: 
  DA_SAMPLES: metrics/biapy/biapy-channel-rot-zarr-unetr/results/biapy-channel-rot-zarr-unetr_0/aug
  FIL_SAMPLES_DIR: metrics/biapy/biapy-channel-rot-zarr-unetr/results/biapy-channel-rot-zarr-unetr_0/filtering_information
  GEN_CHECKS: metrics/biapy/biapy-channel-rot-zarr-unetr/results/biapy-channel-rot-zarr-unetr_0/gen_check
  GEN_MASK_CHECKS: metrics/biapy/biapy-channel-rot-zarr-unetr/results/biapy-channel-rot-zarr-unetr_0/gen_mask_check
  MAE_OUT_DIR: metrics/biapy/biapy-channel-rot-zarr-unetr/results/biapy-channel-rot-zarr-unetr_0/MAE_checks
  PROB_MAP_DIR: metrics/biapy/biapy-channel-rot-zarr-unetr/prob_map
  PROB_MAP_FILENAME: prob_map.npy
  PROFILER: metrics/biapy/biapy-channel-rot-zarr-unetr/results/biapy-channel-rot-zarr-unetr_0/profiler
  RESULT_DIR:
    AS_3D_STACK: metrics/biapy/biapy-channel-rot-zarr-unetr/results/biapy-channel-rot-zarr-unetr_0/as_3d_stack
    AS_3D_STACK_BIN: metrics/biapy/biapy-channel-rot-zarr-unetr/results/biapy-channel-rot-zarr-unetr_0/as_3d_stack_binarized
    AS_3D_STACK_POST_PROCESSING: metrics/biapy/biapy-channel-rot-zarr-unetr/results/biapy-channel-rot-zarr-unetr_0/as_3d_stack_post_processing
    DET_ASSOC_POINTS: metrics/biapy/biapy-channel-rot-zarr-unetr/results/biapy-channel-rot-zarr-unetr_0/point_associations
    DET_LOCAL_MAX_COORDS_CHECK: metrics/biapy/biapy-channel-rot-zarr-unetr/results/biapy-channel-rot-zarr-unetr_0/per_image_local_max_check
    DET_LOCAL_MAX_COORDS_CHECK_POST_PROCESSING: metrics/biapy/biapy-channel-rot-zarr-unetr/results/biapy-channel-rot-zarr-unetr_0/per_image_local_max_check_post_processing
    FULL_IMAGE: metrics/biapy/biapy-channel-rot-zarr-unetr/results/biapy-channel-rot-zarr-unetr_0/full_image
    FULL_IMAGE_BIN: metrics/biapy/biapy-channel-rot-zarr-unetr/results/biapy-channel-rot-zarr-unetr_0/full_image_binarized
    FULL_IMAGE_INSTANCES: metrics/biapy/biapy-channel-rot-zarr-unetr/results/biapy-channel-rot-zarr-unetr_0/full_image_instances
    FULL_IMAGE_POST_PROCESSING: metrics/biapy/biapy-channel-rot-zarr-unetr/results/biapy-channel-rot-zarr-unetr_0/full_image_post_processing
    INST_ASSOC_POINTS: metrics/biapy/biapy-channel-rot-zarr-unetr/results/biapy-channel-rot-zarr-unetr_0/instance_associations
    PATH: metrics/biapy/biapy-channel-rot-zarr-unetr/results/biapy-channel-rot-zarr-unetr_0
    PER_IMAGE: metrics/biapy/biapy-channel-rot-zarr-unetr/results/biapy-channel-rot-zarr-unetr_0/per_image
    PER_IMAGE_BIN: metrics/biapy/biapy-channel-rot-zarr-unetr/results/biapy-channel-rot-zarr-unetr_0/per_image_binarized
    PER_IMAGE_INSTANCES: metrics/biapy/biapy-channel-rot-zarr-unetr/results/biapy-channel-rot-zarr-unetr_0/per_image_instances
    PER_IMAGE_POST_PROCESSING: metrics/biapy/biapy-channel-rot-zarr-unetr/results/biapy-channel-rot-zarr-unetr_0/per_image_post_processing
  TEST_FULL_GT_H5: fisbe/biapy-no-aug-zarr/test/label/h5
  TEST_INSTANCE_CHANNELS_CHECK: metrics/biapy/biapy-channel-rot-zarr-unetr/results/biapy-channel-rot-zarr-unetr_0/test_FDcDnP_instance_channels
  TRAIN_INSTANCE_CHANNELS_CHECK: metrics/biapy/biapy-channel-rot-zarr-unetr/results/biapy-channel-rot-zarr-unetr_0/train_FDcDnP_instance_channels
  VAL_INSTANCE_CHANNELS_CHECK: metrics/biapy/biapy-channel-rot-zarr-unetr/results/biapy-channel-rot-zarr-unetr_0/val_FDcDnP_instance_channels
  WATERSHED_DIR: metrics/biapy/biapy-channel-rot-zarr-unetr/results/biapy-channel-rot-zarr-unetr_0/watershed
PROBLEM:
  DENOISING:
    LOAD_GT_DATA: False
    N2V_MANIPULATOR: uniform_withCP
    N2V_NEIGHBORHOOD_RADIUS: 5
    N2V_PERC_PIX: 0.198
    N2V_STRUCTMASK: False
  DETECTION:
    CENTRAL_POINT_DILATION: [2]
    CHECK_POINTS_CREATED: True
    CLASS_REBALANCE_WITHIN_CHANNELS: True
    DATA_CHANNEL_WEIGHTS: (1, 1)
    DATA_CHECK_MW: False
    SEPARATED_DECODERS_DIVIDE_FEATURE_MAPS: False
    SEPARATED_DECODERS_PER_HEAD: False
  IMAGE_TO_IMAGE:
    CHANNELS_PER_HEAD_INFO: []
    MULTIPLE_RAW_ONE_TARGET_LOADER: False
    OUTPUT_CHANNELS: 1
    OUTPUT_CHANNEL_ACT: []
    SEPARATED_DECODERS_DIVIDE_FEATURE_MAPS: False
    SEPARATED_DECODERS_PER_HEAD: False
  INSTANCE_SEG:
    BORDER_EXTRA_WEIGHTS: 
    CELLPOSE:
      DIAMETER: 0.0
      DIAM_MEAN: 30.0
      FG_THRESH: 0.5
      FLOW_THRESHOLD: 0.4
      N_STEPS: 200
      SCALE_RANGE: 0.5
      TEST_DOUBLE_INFERENCE: True
    CHANNELS_PER_HEAD_INFO: []
    CLASS_REBALANCE_WITHIN_CHANNELS: True
    DATA_CHANNELS: ['F', 'Dc', 'Dn', 'P']
    DATA_CHANNELS_EXTRA_OPTS: [{'P': {'type': 'skeleton', 'dilation': 2, 'erosion': 0}, 'Dc': {'type': 'skeleton', 'norm': True, 'mask_values': False}, 'Dn': {'closing_size': 3, 'norm': True, 'mask_values': False, 'decline_power': 2}, 'F': {'erosion': 0, 'dilation': 0}}]
    DATA_CHANNELS_LOSSES: ['bce', 'l1', 'l1', 'bce']
    DATA_CHANNEL_WEIGHTS: (1.0, 5.0, 5.0, 1.0)
    EMBEDSEG:
      FG_THRESH: 0.5
      GRID_SIZE: -1
      MIN_MASK_SUM: 0
      MIN_UNCLUSTERED_SUM: 0
      SEED_THRESH: 0.9
    INSTANCE_CREATION_PROCESS: watershed
    OMNIPOSE:
      FLOW_THRESHOLD: 0.4
      MASK_THRESHOLD: 0.0
      NITER: 0
    SEPARATED_DECODERS_DIVIDE_FEATURE_MAPS: False
    SEPARATED_DECODERS_PER_HEAD: False
    STARDIST:
      GRID: []
      NMS_IOU_THRESH: 0.3
      PROB_THRESH: 0.4
    SYNAPSES:
      BLOB_LOG_MAX_SIGMA: 10
      BLOB_LOG_MIN_SIGMA: 5
      BLOB_LOG_NUM_SIGMA: 2
      EXCLUDE_BORDER: False
      MIN_TH_TO_BE_PEAK: 0.2
      PEAK_LOCAL_MAX_MIN_DISTANCE: 1
      POINT_CREATION_FUNCTION: peak_local_max
      REMOVE_CLOSE_POINTS_RADIUS_BY_MASK: False
      REMOVE_CLOSE_POST_POINTS_RADIUS: 0
      REMOVE_CLOSE_PRE_POINTS_RADIUS: 0
      TH_TYPE: auto
    TYPE: regular
    WATERSHED:
      BY_2D_SLICES: False
      DATA_CHECK_MW: True
      DATA_REMOVE_BEFORE_MW: False
      DATA_REMOVE_SMALL_OBJ_BEFORE: 10
      ERODE_AND_DILATE_GROWTH_MASK: False
      FORE_DILATION_RADIUS: 5
      FORE_EROSION_RADIUS: 5
      GROWTH_MASK_CHANNELS: ['F']
      GROWTH_MASK_CHANNELS_THRESH: ['auto']
      SEED_CHANNELS: ['P']
      SEED_CHANNELS_THRESH: ['auto']
      SEED_MORPH_RADIUS: []
      SEED_MORPH_SEQUENCE: []
      TOPOGRAPHIC_SURFACE_CHANNEL: F
  NDIM: 3D
  PRINT_OLD_KEY_CHANGES: True
  SELF_SUPERVISED:
    NOISE: 0.2
    PRETEXT_TASK: crappify
    RESIZING_FACTOR: 4
  SEMANTIC_SEG:
    IGNORE_CLASS_ID: 0
  SUPER_RESOLUTION:
    UPSCALING: (1, 1, 1)
  TYPE: INSTANCE_SEG
SYSTEM:
  DEVICE: cpu
  NUM_CPUS: 8
  NUM_GPUS: 0
  NUM_WORKERS: -1
  PIN_MEM: True
  SEED: 0
TEST:
  ANALIZE_2D_IMGS_AS_3D_STACK: False
  AUGMENTATION: False
  AUGMENTATION_GROUP: auto
  AUGMENTATION_MODE: mean
  BY_CHUNKS:
    ENABLE: False
    FLUSH_EACH: 100
    PHASES: ['prediction', 'instance_creation', 'instance_merging']
    SAVE_OUT_TIF: False
    WORKFLOW_PROCESS:
      ENABLE: True
      INSTANCE_SEG_HALO: -1
      INSTANCE_SEG_MERGE_IOU_TH: 0.3
      TYPE: chunk_by_chunk
    Z_END: -1
    Z_START: -1
  DET_BLOB_LOG_MAX_SIGMA: 10
  DET_BLOB_LOG_MIN_SIGMA: 5
  DET_BLOB_LOG_NUM_SIGMA: 2
  DET_EXCLUDE_BORDER: False
  DET_IGNORE_POINTS_OUTSIDE_BOX: []
  DET_MIN_TH_TO_BE_PEAK: 0.2
  DET_PEAK_LOCAL_MAX_MIN_DISTANCE: 1
  DET_POINT_CREATION_FUNCTION: peak_local_max
  DET_TH_TYPE: manual
  DET_TOLERANCE: 10
  ENABLE: True
  FULL_IMG: False
  MATCHING_STATS: True
  MATCHING_STATS_BY_IMAGE: True
  MATCHING_STATS_THS: [0.3, 0.5, 0.75]
  MATCHING_STATS_THS_COLORED_IMG: []
  METRICS: ['iou']
  METRICS_IN_CPU: False
  POST_PROCESSING:
    APPLY_MASK: False
    DET_WATERSHED: False
    DET_WATERSHED_DONUTS_CLASSES: [-1]
    DET_WATERSHED_DONUTS_NUCLEUS_DIAMETER: 30
    DET_WATERSHED_DONUTS_PATCH: [13, 120, 120]
    DET_WATERSHED_FIRST_DILATION: [-1, -1]
    INSTANCE_REFINEMENT:
      ENABLE: True
      OPERATIONS: ['remove_small_objects']
      VALUES: [1000]
    MEASURE_PROPERTIES:
      ENABLE: False
      EXTRA_PROPS: []
      REMOVE_BY_PROPERTIES:
        ENABLE: False
        PROPS: []
        SIGNS: []
        VALUES: []
    MEDIAN_FILTER: False
    MEDIAN_FILTER_AXIS: []
    MEDIAN_FILTER_SIZE: []
    REMOVE_CLOSE_POINTS: False
    REMOVE_CLOSE_POINTS_RADIUS: 0
    REPARE_LARGE_BLOBS_SIZE: -1
    VORONOI_ON_MASK: False
    VORONOI_TH: 0.0
  REDUCE_MEMORY: False
  REUSE_PREDICTIONS: False
  SAVE_MODEL_RAW_OUTPUT: True
  VERBOSE: True
TRAIN:
  BATCH_SIZE: 2
  CHECKPOINT_MONITOR: val_loss
  ENABLE: True
  EPOCHS: 60
  GRADIENT_CLIP_NORM: 0.0
  LR: [0.001]
  LR_SCHEDULER:
    MIN_LR: [-1.0]
    NAME: onecycle
    REDUCEONPLATEAU_FACTOR: 0.5
    REDUCEONPLATEAU_PATIENCE: -1
    WARMUP_COSINE_DECAY_EPOCHS: -1
  METRICS: ['iou']
  OPTIMIZER: ['ADAMW']
  OPT_BETAS: [[0.9, 0.999]]
  PATIENCE: 10
  VERBOSE: False
  W_DECAY: 0.02
[21:50:23.678275] *~~~~~~~~~~~~~~~~~~~~~~~~~~~~~~~~~~~~~~~~~~~~~~~~~~*
[21:50:23.678320] Initializing Instance_Segmentation_Workflow
[21:50:23.678329] *~~~~~~~~~~~~~~~~~~~~~~~~~~~~~~~~~~~~~~~~~~~~~~~~~~*

[21:50:23.781534] Creating normalization module . . .
[21:50:23.781595] Normalization module created with the following configuration:
[21:50:23.781605]   type: zero_mean_unit_variance
[21:50:23.781613]   target_type: mask
[21:50:23.781620]   out_dtype: float32
[21:50:23.781628]   norm_target: False
[21:50:23.781635]   percentile_clip: False
[21:50:23.781646]   per_lower_bound: -1.0
[21:50:23.781653]   per_upper_bound: -1.0
[21:50:23.781672]   lower_bound_val: [-1.0]
[21:50:23.781679]   upper_bound_val: [-1.0]
[21:50:23.781686]   mean: [-1.0]
[21:50:23.781693]   std: [-1.0]
[21:50:23.781724] ###########################
[21:50:23.781731] #  PREPARE INSTANCE DATA  #
[21:50:23.781737] ###########################
[21:50:23.782389] You select to create ['F', 'Dc', 'Dn', 'P'] channels from given instance labels and no file is detected in fisbe/biapy-channel-rot-zarr/train/label_F.erosion-0.dilation-0_Dc.type-skeleton.norm-True.mask_values-False_Dn.closing_size-3.norm-True.mask_values-False.decline_power-2_P.type-skeleton.dilation-2.erosion-0 . So let's prepare the data. This process will be done just once!
[21:50:23.804208] Working with Zarr files . . .
[21:50:23.804465] Reading Zarr/H5 file: fisbe/biapy-channel-rot-zarr/train/label/R38F04-20181005_63_G3_c012_r0_k0.zarr
[21:50:23.812939] ### 3D-OV-CROP ###
[21:50:23.812963] Cropping (431, 687, 684, 1) images into (160, 160, 160, 1) with overlapping (axis order: ZYXC). . .
[21:50:23.812973] Minimum overlap selected: (0, 0, 0)
[21:50:23.812981] Padding: (0, 0, 0)
[21:50:23.813007] Real overlapping (%): (0.15, 0.175, 0.18125)
[21:50:23.813018] Real overlapping (pixels): (24.0, 28.0, 29.0)
[21:50:23.813027] (3, 5, 5) patches per (z,y,x) axis
[21:50:23.813041] List of volume IDs to be processed by each GPU: [[0, 1, 2]]
[21:50:23.813052] Positions of each volume in Z axis: {0: [0, 160], 1: [136, 296], 2: [272, 431]}
[21:50:23.813061] Rank 0: Total number of patches: 75 - (3, 5, 5) patches per (z,y,x) axis (per GPU)
[21:50:24.374072] Reading Zarr/H5 file: fisbe/biapy-channel-rot-zarr/train/label/R38F04-20181005_63_G3_c012_r0_k2.zarr
[21:50:24.381812] ### 3D-OV-CROP ###
[21:50:24.381832] Cropping (431, 687, 684, 1) images into (160, 160, 160, 1) with overlapping (axis order: ZYXC). . .
[21:50:24.381842] Minimum overlap selected: (0, 0, 0)
[21:50:24.381850] Padding: (0, 0, 0)
[21:50:24.381873] Real overlapping (%): (0.15, 0.175, 0.18125)
[21:50:24.381884] Real overlapping (pixels): (24.0, 28.0, 29.0)
[21:50:24.381895] (3, 5, 5) patches per (z,y,x) axis
[21:50:24.381909] List of volume IDs to be processed by each GPU: [[0, 1, 2]]
[21:50:24.381920] Positions of each volume in Z axis: {0: [0, 160], 1: [136, 296], 2: [272, 431]}
[21:50:24.381929] Rank 0: Total number of patches: 75 - (3, 5, 5) patches per (z,y,x) axis (per GPU)
[21:50:24.890292] Reading Zarr/H5 file: fisbe/biapy-channel-rot-zarr/train/label/R38F04-20181005_63_G3_c012_r0_k3.zarr
[21:50:24.896239] ### 3D-OV-CROP ###
[21:50:24.896261] Cropping (687, 431, 684, 1) images into (160, 160, 160, 1) with overlapping (axis order: ZYXC). . .
[21:50:24.896271] Minimum overlap selected: (0, 0, 0)
[21:50:24.896280] Padding: (0, 0, 0)
[21:50:24.896300] Real overlapping (%): (0.175, 0.15, 0.18125)
[21:50:24.896310] Real overlapping (pixels): (28.0, 24.0, 29.0)
[21:50:24.896318] (5, 5, 3) patches per (z,y,x) axis
[21:50:24.896332] List of volume IDs to be processed by each GPU: [[0, 1, 2, 3, 4]]
[21:50:24.896346] Positions of each volume in Z axis: {0: [0, 160], 1: [132, 292], 2: [264, 424], 3: [396, 556], 4: [528, 687]}
[21:50:24.896355] Rank 0: Total number of patches: 75 - (5, 5, 3) patches per (z,y,x) axis (per GPU)
[21:50:25.432351] Reading Zarr/H5 file: fisbe/biapy-channel-rot-zarr/train/label/R38F04-20181005_63_G3_c012_r1_k0.zarr
[21:50:25.441252] ### 3D-OV-CROP ###
[21:50:25.441271] Cropping (431, 687, 684, 1) images into (160, 160, 160, 1) with overlapping (axis order: ZYXC). . .
[21:50:25.441281] Minimum overlap selected: (0, 0, 0)
[21:50:25.441289] Padding: (0, 0, 0)
[21:50:25.441310] Real overlapping (%): (0.15, 0.175, 0.18125)
[21:50:25.441320] Real overlapping (pixels): (24.0, 28.0, 29.0)
[21:50:25.441329] (3, 5, 5) patches per (z,y,x) axis
[21:50:25.441342] List of volume IDs to be processed by each GPU: [[0, 1, 2]]
[21:50:25.441354] Positions of each volume in Z axis: {0: [0, 160], 1: [136, 296], 2: [272, 431]}
[21:50:25.441363] Rank 0: Total number of patches: 75 - (3, 5, 5) patches per (z,y,x) axis (per GPU)
[21:50:25.994169] Reading Zarr/H5 file: fisbe/biapy-channel-rot-zarr/train/label/R38F04-20181005_63_G3_c012_r1_k2.zarr
[21:50:26.000366] ### 3D-OV-CROP ###
[21:50:26.000385] Cropping (431, 687, 684, 1) images into (160, 160, 160, 1) with overlapping (axis order: ZYXC). . .
[21:50:26.000395] Minimum overlap selected: (0, 0, 0)
[21:50:26.000403] Padding: (0, 0, 0)
[21:50:26.000422] Real overlapping (%): (0.15, 0.175, 0.18125)
[21:50:26.000431] Real overlapping (pixels): (24.0, 28.0, 29.0)
[21:50:26.000439] (3, 5, 5) patches per (z,y,x) axis
[21:50:26.000453] List of volume IDs to be processed by each GPU: [[0, 1, 2]]
[21:50:26.000463] Positions of each volume in Z axis: {0: [0, 160], 1: [136, 296], 2: [272, 431]}
[21:50:26.000472] Rank 0: Total number of patches: 75 - (3, 5, 5) patches per (z,y,x) axis (per GPU)
[21:50:26.536278] Reading Zarr/H5 file: fisbe/biapy-channel-rot-zarr/train/label/R38F04-20181005_63_G3_c012_r1_k3.zarr
[21:50:26.544332] ### 3D-OV-CROP ###
[21:50:26.544354] Cropping (684, 687, 431, 1) images into (160, 160, 160, 1) with overlapping (axis order: ZYXC). . .
[21:50:26.544364] Minimum overlap selected: (0, 0, 0)
[21:50:26.544372] Padding: (0, 0, 0)
[21:50:26.544393] Real overlapping (%): (0.18125, 0.175, 0.15)
[21:50:26.544404] Real overlapping (pixels): (29.0, 28.0, 24.0)
[21:50:26.544412] (5, 3, 5) patches per (z,y,x) axis
[21:50:26.544426] List of volume IDs to be processed by each GPU: [[0, 1, 2, 3, 4]]
[21:50:26.544438] Positions of each volume in Z axis: {0: [0, 160], 1: [131, 291], 2: [262, 422], 3: [393, 553], 4: [524, 684]}
[21:50:26.544447] Rank 0: Total number of patches: 75 - (5, 3, 5) patches per (z,y,x) axis (per GPU)
[21:50:27.307171] Reading Zarr/H5 file: fisbe/biapy-channel-rot-zarr/train/label/R38F04-20181005_63_G3_c012_r2_k0.zarr
[21:50:27.314652] ### 3D-OV-CROP ###
[21:50:27.314672] Cropping (431, 687, 684, 1) images into (160, 160, 160, 1) with overlapping (axis order: ZYXC). . .
[21:50:27.314682] Minimum overlap selected: (0, 0, 0)
[21:50:27.314690] Padding: (0, 0, 0)
[21:50:27.314710] Real overlapping (%): (0.15, 0.175, 0.18125)
[21:50:27.314729] Real overlapping (pixels): (24.0, 28.0, 29.0)
[21:50:27.314737] (3, 5, 5) patches per (z,y,x) axis
[21:50:27.314750] List of volume IDs to be processed by each GPU: [[0, 1, 2]]
[21:50:27.314761] Positions of each volume in Z axis: {0: [0, 160], 1: [136, 296], 2: [272, 431]}
[21:50:27.314770] Rank 0: Total number of patches: 75 - (3, 5, 5) patches per (z,y,x) axis (per GPU)
[21:50:27.842056] Reading Zarr/H5 file: fisbe/biapy-channel-rot-zarr/train/label/R38F04-20181005_63_G3_c012_r2_k2.zarr
[21:50:27.847598] ### 3D-OV-CROP ###
[21:50:27.847620] Cropping (431, 687, 684, 1) images into (160, 160, 160, 1) with overlapping (axis order: ZYXC). . .
[21:50:27.847631] Minimum overlap selected: (0, 0, 0)
[21:50:27.847639] Padding: (0, 0, 0)
[21:50:27.847661] Real overlapping (%): (0.15, 0.175, 0.18125)
[21:50:27.847671] Real overlapping (pixels): (24.0, 28.0, 29.0)
[21:50:27.847680] (3, 5, 5) patches per (z,y,x) axis
[21:50:27.847695] List of volume IDs to be processed by each GPU: [[0, 1, 2]]
[21:50:27.847707] Positions of each volume in Z axis: {0: [0, 160], 1: [136, 296], 2: [272, 431]}
[21:50:27.847716] Rank 0: Total number of patches: 75 - (3, 5, 5) patches per (z,y,x) axis (per GPU)
[21:50:28.402445] Reading Zarr/H5 file: fisbe/biapy-channel-rot-zarr/train/label/R38F04-20181005_63_G3_c012_r2_k3.zarr
[21:50:28.409214] ### 3D-OV-CROP ###
[21:50:28.409237] Cropping (431, 684, 687, 1) images into (160, 160, 160, 1) with overlapping (axis order: ZYXC). . .
[21:50:28.409246] Minimum overlap selected: (0, 0, 0)
[21:50:28.409254] Padding: (0, 0, 0)
[21:50:28.409275] Real overlapping (%): (0.15, 0.18125, 0.175)
[21:50:28.409285] Real overlapping (pixels): (24.0, 29.0, 28.0)
[21:50:28.409300] (3, 5, 5) patches per (z,y,x) axis
[21:50:28.409313] List of volume IDs to be processed by each GPU: [[0, 1, 2]]
[21:50:28.409324] Positions of each volume in Z axis: {0: [0, 160], 1: [136, 296], 2: [272, 431]}
[21:50:28.409334] Rank 0: Total number of patches: 75 - (3, 5, 5) patches per (z,y,x) axis (per GPU)
[21:50:28.904670] Reading Zarr/H5 file: fisbe/biapy-channel-rot-zarr/train/label/R38F04-20181005_63_G3_c021_r0_k0.zarr
[21:50:28.911904] ### 3D-OV-CROP ###
[21:50:28.911926] Cropping (431, 687, 684, 1) images into (160, 160, 160, 1) with overlapping (axis order: ZYXC). . .
[21:50:28.911936] Minimum overlap selected: (0, 0, 0)
[21:50:28.911945] Padding: (0, 0, 0)
[21:50:28.911965] Real overlapping (%): (0.15, 0.175, 0.18125)
[21:50:28.911975] Real overlapping (pixels): (24.0, 28.0, 29.0)
[21:50:28.911983] (3, 5, 5) patches per (z,y,x) axis
[21:50:28.911997] List of volume IDs to be processed by each GPU: [[0, 1, 2]]
[21:50:28.912010] Positions of each volume in Z axis: {0: [0, 160], 1: [136, 296], 2: [272, 431]}
[21:50:28.912019] Rank 0: Total number of patches: 75 - (3, 5, 5) patches per (z,y,x) axis (per GPU)
[21:50:29.438380] Reading Zarr/H5 file: fisbe/biapy-channel-rot-zarr/train/label/R38F04-20181005_63_G3_c021_r0_k2.zarr
[21:50:29.447447] ### 3D-OV-CROP ###
[21:50:29.447467] Cropping (431, 687, 684, 1) images into (160, 160, 160, 1) with overlapping (axis order: ZYXC). . .
[21:50:29.447477] Minimum overlap selected: (0, 0, 0)
[21:50:29.447486] Padding: (0, 0, 0)
[21:50:29.447506] Real overlapping (%): (0.15, 0.175, 0.18125)
[21:50:29.447516] Real overlapping (pixels): (24.0, 28.0, 29.0)
[21:50:29.447524] (3, 5, 5) patches per (z,y,x) axis
[21:50:29.447538] List of volume IDs to be processed by each GPU: [[0, 1, 2]]
[21:50:29.447549] Positions of each volume in Z axis: {0: [0, 160], 1: [136, 296], 2: [272, 431]}
[21:50:29.447559] Rank 0: Total number of patches: 75 - (3, 5, 5) patches per (z,y,x) axis (per GPU)
[21:50:29.969158] Reading Zarr/H5 file: fisbe/biapy-channel-rot-zarr/train/label/R38F04-20181005_63_G3_c021_r0_k3.zarr
[21:50:29.975763] ### 3D-OV-CROP ###
[21:50:29.975781] Cropping (687, 431, 684, 1) images into (160, 160, 160, 1) with overlapping (axis order: ZYXC). . .
[21:50:29.975791] Minimum overlap selected: (0, 0, 0)
[21:50:29.975801] Padding: (0, 0, 0)
[21:50:29.975822] Real overlapping (%): (0.175, 0.15, 0.18125)
[21:50:29.975841] Real overlapping (pixels): (28.0, 24.0, 29.0)
[21:50:29.975849] (5, 5, 3) patches per (z,y,x) axis
[21:50:29.975863] List of volume IDs to be processed by each GPU: [[0, 1, 2, 3, 4]]
[21:50:29.975876] Positions of each volume in Z axis: {0: [0, 160], 1: [132, 292], 2: [264, 424], 3: [396, 556], 4: [528, 687]}
[21:50:29.975885] Rank 0: Total number of patches: 75 - (5, 5, 3) patches per (z,y,x) axis (per GPU)
[21:50:30.493466] Reading Zarr/H5 file: fisbe/biapy-channel-rot-zarr/train/label/R38F04-20181005_63_G3_c021_r1_k0.zarr
[21:50:30.499712] ### 3D-OV-CROP ###
[21:50:30.499752] Cropping (431, 687, 684, 1) images into (160, 160, 160, 1) with overlapping (axis order: ZYXC). . .
[21:50:30.499762] Minimum overlap selected: (0, 0, 0)
[21:50:30.499770] Padding: (0, 0, 0)
[21:50:30.499795] Real overlapping (%): (0.15, 0.175, 0.18125)
[21:50:30.499805] Real overlapping (pixels): (24.0, 28.0, 29.0)
[21:50:30.499814] (3, 5, 5) patches per (z,y,x) axis
[21:50:30.499828] List of volume IDs to be processed by each GPU: [[0, 1, 2]]
[21:50:30.499839] Positions of each volume in Z axis: {0: [0, 160], 1: [136, 296], 2: [272, 431]}
[21:50:30.499849] Rank 0: Total number of patches: 75 - (3, 5, 5) patches per (z,y,x) axis (per GPU)
[21:50:31.032398] Reading Zarr/H5 file: fisbe/biapy-channel-rot-zarr/train/label/R38F04-20181005_63_G3_c021_r1_k2.zarr
[21:50:31.040714] ### 3D-OV-CROP ###
[21:50:31.040734] Cropping (431, 687, 684, 1) images into (160, 160, 160, 1) with overlapping (axis order: ZYXC). . .
[21:50:31.040743] Minimum overlap selected: (0, 0, 0)
[21:50:31.040751] Padding: (0, 0, 0)
[21:50:31.040771] Real overlapping (%): (0.15, 0.175, 0.18125)
[21:50:31.040782] Real overlapping (pixels): (24.0, 28.0, 29.0)
[21:50:31.040791] (3, 5, 5) patches per (z,y,x) axis
[21:50:31.040805] List of volume IDs to be processed by each GPU: [[0, 1, 2]]
[21:50:31.040816] Positions of each volume in Z axis: {0: [0, 160], 1: [136, 296], 2: [272, 431]}
[21:50:31.040825] Rank 0: Total number of patches: 75 - (3, 5, 5) patches per (z,y,x) axis (per GPU)
[21:50:31.532755] Reading Zarr/H5 file: fisbe/biapy-channel-rot-zarr/train/label/R38F04-20181005_63_G3_c021_r1_k3.zarr
[21:50:31.538475] ### 3D-OV-CROP ###
[21:50:31.538496] Cropping (684, 687, 431, 1) images into (160, 160, 160, 1) with overlapping (axis order: ZYXC). . .
[21:50:31.538506] Minimum overlap selected: (0, 0, 0)
[21:50:31.538514] Padding: (0, 0, 0)
[21:50:31.538535] Real overlapping (%): (0.18125, 0.175, 0.15)
[21:50:31.538546] Real overlapping (pixels): (29.0, 28.0, 24.0)
[21:50:31.538554] (5, 3, 5) patches per (z,y,x) axis
[21:50:31.538568] List of volume IDs to be processed by each GPU: [[0, 1, 2, 3, 4]]
[21:50:31.538580] Positions of each volume in Z axis: {0: [0, 160], 1: [131, 291], 2: [262, 422], 3: [393, 553], 4: [524, 684]}
[21:50:31.538590] Rank 0: Total number of patches: 75 - (5, 3, 5) patches per (z,y,x) axis (per GPU)
[21:50:32.059552] Reading Zarr/H5 file: fisbe/biapy-channel-rot-zarr/train/label/R38F04-20181005_63_G3_c021_r2_k0.zarr
[21:50:32.067203] ### 3D-OV-CROP ###
[21:50:32.067223] Cropping (431, 687, 684, 1) images into (160, 160, 160, 1) with overlapping (axis order: ZYXC). . .
[21:50:32.067239] Minimum overlap selected: (0, 0, 0)
[21:50:32.067247] Padding: (0, 0, 0)
[21:50:32.067268] Real overlapping (%): (0.15, 0.175, 0.18125)
[21:50:32.067278] Real overlapping (pixels): (24.0, 28.0, 29.0)
[21:50:32.067286] (3, 5, 5) patches per (z,y,x) axis
[21:50:32.067299] List of volume IDs to be processed by each GPU: [[0, 1, 2]]
[21:50:32.067311] Positions of each volume in Z axis: {0: [0, 160], 1: [136, 296], 2: [272, 431]}
[21:50:32.067320] Rank 0: Total number of patches: 75 - (3, 5, 5) patches per (z,y,x) axis (per GPU)
[21:50:32.603307] Reading Zarr/H5 file: fisbe/biapy-channel-rot-zarr/train/label/R38F04-20181005_63_G3_c021_r2_k2.zarr
[21:50:32.611248] ### 3D-OV-CROP ###
[21:50:32.611269] Cropping (431, 687, 684, 1) images into (160, 160, 160, 1) with overlapping (axis order: ZYXC). . .
[21:50:32.611280] Minimum overlap selected: (0, 0, 0)
[21:50:32.611300] Padding: (0, 0, 0)
[21:50:32.611322] Real overlapping (%): (0.15, 0.175, 0.18125)
[21:50:32.611332] Real overlapping (pixels): (24.0, 28.0, 29.0)
[21:50:32.611340] (3, 5, 5) patches per (z,y,x) axis
[21:50:32.611353] List of volume IDs to be processed by each GPU: [[0, 1, 2]]
[21:50:32.611365] Positions of each volume in Z axis: {0: [0, 160], 1: [136, 296], 2: [272, 431]}
[21:50:32.611374] Rank 0: Total number of patches: 75 - (3, 5, 5) patches per (z,y,x) axis (per GPU)
[21:50:33.162179] Reading Zarr/H5 file: fisbe/biapy-channel-rot-zarr/train/label/R38F04-20181005_63_G3_c021_r2_k3.zarr
[21:50:33.172063] ### 3D-OV-CROP ###
[21:50:33.172082] Cropping (431, 684, 687, 1) images into (160, 160, 160, 1) with overlapping (axis order: ZYXC). . .
[21:50:33.172092] Minimum overlap selected: (0, 0, 0)
[21:50:33.172100] Padding: (0, 0, 0)
[21:50:33.172119] Real overlapping (%): (0.15, 0.18125, 0.175)
[21:50:33.172130] Real overlapping (pixels): (24.0, 29.0, 28.0)
[21:50:33.172138] (3, 5, 5) patches per (z,y,x) axis
[21:50:33.172151] List of volume IDs to be processed by each GPU: [[0, 1, 2]]
[21:50:33.172163] Positions of each volume in Z axis: {0: [0, 160], 1: [136, 296], 2: [272, 431]}
[21:50:33.172172] Rank 0: Total number of patches: 75 - (3, 5, 5) patches per (z,y,x) axis (per GPU)
[21:50:33.690392] Reading Zarr/H5 file: fisbe/biapy-channel-rot-zarr/train/label/R38F04-20181005_63_G3_c201_r0_k0.zarr
[21:50:33.697650] ### 3D-OV-CROP ###
[21:50:33.697672] Cropping (431, 687, 684, 1) images into (160, 160, 160, 1) with overlapping (axis order: ZYXC). . .
[21:50:33.697682] Minimum overlap selected: (0, 0, 0)
[21:50:33.697690] Padding: (0, 0, 0)
[21:50:33.697712] Real overlapping (%): (0.15, 0.175, 0.18125)
[21:50:33.697723] Real overlapping (pixels): (24.0, 28.0, 29.0)
[21:50:33.697732] (3, 5, 5) patches per (z,y,x) axis
[21:50:33.697746] List of volume IDs to be processed by each GPU: [[0, 1, 2]]
[21:50:33.697758] Positions of each volume in Z axis: {0: [0, 160], 1: [136, 296], 2: [272, 431]}
[21:50:33.697768] Rank 0: Total number of patches: 75 - (3, 5, 5) patches per (z,y,x) axis (per GPU)
[21:50:34.218801] Reading Zarr/H5 file: fisbe/biapy-channel-rot-zarr/train/label/R38F04-20181005_63_G3_c201_r0_k2.zarr
[21:50:34.231796] ### 3D-OV-CROP ###
[21:50:34.231815] Cropping (431, 687, 684, 1) images into (160, 160, 160, 1) with overlapping (axis order: ZYXC). . .
[21:50:34.231825] Minimum overlap selected: (0, 0, 0)
[21:50:34.231833] Padding: (0, 0, 0)
[21:50:34.231853] Real overlapping (%): (0.15, 0.175, 0.18125)
[21:50:34.231862] Real overlapping (pixels): (24.0, 28.0, 29.0)
[21:50:34.231871] (3, 5, 5) patches per (z,y,x) axis
[21:50:34.231884] List of volume IDs to be processed by each GPU: [[0, 1, 2]]
[21:50:34.231902] Positions of each volume in Z axis: {0: [0, 160], 1: [136, 296], 2: [272, 431]}
[21:50:34.231912] Rank 0: Total number of patches: 75 - (3, 5, 5) patches per (z,y,x) axis (per GPU)
[21:50:34.773872] Reading Zarr/H5 file: fisbe/biapy-channel-rot-zarr/train/label/R38F04-20181005_63_G3_c201_r0_k3.zarr
[21:50:34.781271] ### 3D-OV-CROP ###
[21:50:34.781290] Cropping (687, 431, 684, 1) images into (160, 160, 160, 1) with overlapping (axis order: ZYXC). . .
[21:50:34.781300] Minimum overlap selected: (0, 0, 0)
[21:50:34.781307] Padding: (0, 0, 0)
[21:50:34.781327] Real overlapping (%): (0.175, 0.15, 0.18125)
[21:50:34.781336] Real overlapping (pixels): (28.0, 24.0, 29.0)
[21:50:34.781344] (5, 5, 3) patches per (z,y,x) axis
[21:50:34.781358] List of volume IDs to be processed by each GPU: [[0, 1, 2, 3, 4]]
[21:50:34.781372] Positions of each volume in Z axis: {0: [0, 160], 1: [132, 292], 2: [264, 424], 3: [396, 556], 4: [528, 687]}
[21:50:34.781381] Rank 0: Total number of patches: 75 - (5, 5, 3) patches per (z,y,x) axis (per GPU)
[21:50:35.321598] Reading Zarr/H5 file: fisbe/biapy-channel-rot-zarr/train/label/R38F04-20181005_63_G3_c201_r1_k0.zarr
[21:50:35.330582] ### 3D-OV-CROP ###
[21:50:35.330602] Cropping (431, 687, 684, 1) images into (160, 160, 160, 1) with overlapping (axis order: ZYXC). . .
[21:50:35.330618] Minimum overlap selected: (0, 0, 0)
[21:50:35.330626] Padding: (0, 0, 0)
[21:50:35.330647] Real overlapping (%): (0.15, 0.175, 0.18125)
[21:50:35.330656] Real overlapping (pixels): (24.0, 28.0, 29.0)
[21:50:35.330664] (3, 5, 5) patches per (z,y,x) axis
[21:50:35.330677] List of volume IDs to be processed by each GPU: [[0, 1, 2]]
[21:50:35.330689] Positions of each volume in Z axis: {0: [0, 160], 1: [136, 296], 2: [272, 431]}
[21:50:35.330698] Rank 0: Total number of patches: 75 - (3, 5, 5) patches per (z,y,x) axis (per GPU)
[21:50:35.866242] Reading Zarr/H5 file: fisbe/biapy-channel-rot-zarr/train/label/R38F04-20181005_63_G3_c201_r1_k2.zarr
[21:50:35.874498] ### 3D-OV-CROP ###
[21:50:35.874517] Cropping (431, 687, 684, 1) images into (160, 160, 160, 1) with overlapping (axis order: ZYXC). . .
[21:50:35.874527] Minimum overlap selected: (0, 0, 0)
[21:50:35.874535] Padding: (0, 0, 0)
[21:50:35.874555] Real overlapping (%): (0.15, 0.175, 0.18125)
[21:50:35.874566] Real overlapping (pixels): (24.0, 28.0, 29.0)
[21:50:35.874574] (3, 5, 5) patches per (z,y,x) axis
[21:50:35.874587] List of volume IDs to be processed by each GPU: [[0, 1, 2]]
[21:50:35.874599] Positions of each volume in Z axis: {0: [0, 160], 1: [136, 296], 2: [272, 431]}
[21:50:35.874609] Rank 0: Total number of patches: 75 - (3, 5, 5) patches per (z,y,x) axis (per GPU)
[21:50:36.407091] Reading Zarr/H5 file: fisbe/biapy-channel-rot-zarr/train/label/R38F04-20181005_63_G3_c201_r1_k3.zarr
[21:50:36.414962] ### 3D-OV-CROP ###
[21:50:36.414980] Cropping (684, 687, 431, 1) images into (160, 160, 160, 1) with overlapping (axis order: ZYXC). . .
[21:50:36.414998] Minimum overlap selected: (0, 0, 0)
[21:50:36.415006] Padding: (0, 0, 0)
[21:50:36.415026] Real overlapping (%): (0.18125, 0.175, 0.15)
[21:50:36.415037] Real overlapping (pixels): (29.0, 28.0, 24.0)
[21:50:36.415046] (5, 3, 5) patches per (z,y,x) axis
[21:50:36.415060] List of volume IDs to be processed by each GPU: [[0, 1, 2, 3, 4]]
[21:50:36.415072] Positions of each volume in Z axis: {0: [0, 160], 1: [131, 291], 2: [262, 422], 3: [393, 553], 4: [524, 684]}
[21:50:36.415081] Rank 0: Total number of patches: 75 - (5, 3, 5) patches per (z,y,x) axis (per GPU)
[21:50:36.950635] Reading Zarr/H5 file: fisbe/biapy-channel-rot-zarr/train/label/R38F04-20181005_63_G3_c201_r2_k0.zarr
[21:50:36.958392] ### 3D-OV-CROP ###
[21:50:36.958412] Cropping (431, 687, 684, 1) images into (160, 160, 160, 1) with overlapping (axis order: ZYXC). . .
[21:50:36.958422] Minimum overlap selected: (0, 0, 0)
[21:50:36.958430] Padding: (0, 0, 0)
[21:50:36.958449] Real overlapping (%): (0.15, 0.175, 0.18125)
[21:50:36.958459] Real overlapping (pixels): (24.0, 28.0, 29.0)
[21:50:36.958467] (3, 5, 5) patches per (z,y,x) axis
[21:50:36.958481] List of volume IDs to be processed by each GPU: [[0, 1, 2]]
[21:50:36.958493] Positions of each volume in Z axis: {0: [0, 160], 1: [136, 296], 2: [272, 431]}
[21:50:36.958502] Rank 0: Total number of patches: 75 - (3, 5, 5) patches per (z,y,x) axis (per GPU)
[21:50:37.520398] Reading Zarr/H5 file: fisbe/biapy-channel-rot-zarr/train/label/R38F04-20181005_63_G3_c201_r2_k2.zarr
[21:50:37.528950] ### 3D-OV-CROP ###
[21:50:37.528968] Cropping (431, 687, 684, 1) images into (160, 160, 160, 1) with overlapping (axis order: ZYXC). . .
[21:50:37.528978] Minimum overlap selected: (0, 0, 0)
[21:50:37.528986] Padding: (0, 0, 0)
[21:50:37.529007] Real overlapping (%): (0.15, 0.175, 0.18125)
[21:50:37.529016] Real overlapping (pixels): (24.0, 28.0, 29.0)
[21:50:37.529025] (3, 5, 5) patches per (z,y,x) axis
[21:50:37.529038] List of volume IDs to be processed by each GPU: [[0, 1, 2]]
[21:50:37.529049] Positions of each volume in Z axis: {0: [0, 160], 1: [136, 296], 2: [272, 431]}
[21:50:37.529058] Rank 0: Total number of patches: 75 - (3, 5, 5) patches per (z,y,x) axis (per GPU)
[21:50:38.156079] Reading Zarr/H5 file: fisbe/biapy-channel-rot-zarr/train/label/R38F04-20181005_63_G3_c201_r2_k3.zarr
[21:50:38.163909] ### 3D-OV-CROP ###
[21:50:38.163931] Cropping (431, 684, 687, 1) images into (160, 160, 160, 1) with overlapping (axis order: ZYXC). . .
[21:50:38.163949] Minimum overlap selected: (0, 0, 0)
[21:50:38.163958] Padding: (0, 0, 0)
[21:50:38.163980] Real overlapping (%): (0.15, 0.18125, 0.175)
[21:50:38.163989] Real overlapping (pixels): (24.0, 29.0, 28.0)
[21:50:38.163998] (3, 5, 5) patches per (z,y,x) axis
[21:50:38.164011] List of volume IDs to be processed by each GPU: [[0, 1, 2]]
[21:50:38.164022] Positions of each volume in Z axis: {0: [0, 160], 1: [136, 296], 2: [272, 431]}
[21:50:38.164032] Rank 0: Total number of patches: 75 - (3, 5, 5) patches per (z,y,x) axis (per GPU)
[21:50:38.664627] Reading Zarr/H5 file: fisbe/biapy-channel-rot-zarr/train/label/R38F04-20181005_63_G5_c021_r0_k0.zarr
[21:50:38.671025] ### 3D-OV-CROP ###
[21:50:38.671045] Cropping (421, 687, 684, 1) images into (160, 160, 160, 1) with overlapping (axis order: ZYXC). . .
[21:50:38.671054] Minimum overlap selected: (0, 0, 0)
[21:50:38.671063] Padding: (0, 0, 0)
[21:50:38.671084] Real overlapping (%): (0.18125, 0.175, 0.18125)
[21:50:38.671094] Real overlapping (pixels): (29.0, 28.0, 29.0)
[21:50:38.671103] (3, 5, 5) patches per (z,y,x) axis
[21:50:38.671116] List of volume IDs to be processed by each GPU: [[0, 1, 2]]
[21:50:38.671128] Positions of each volume in Z axis: {0: [0, 160], 1: [131, 291], 2: [262, 421]}
[21:50:38.671137] Rank 0: Total number of patches: 75 - (3, 5, 5) patches per (z,y,x) axis (per GPU)
[21:50:39.202410] Reading Zarr/H5 file: fisbe/biapy-channel-rot-zarr/train/label/R38F04-20181005_63_G5_c021_r0_k1.zarr
[21:50:39.208654] ### 3D-OV-CROP ###
[21:50:39.208674] Cropping (687, 421, 684, 1) images into (160, 160, 160, 1) with overlapping (axis order: ZYXC). . .
[21:50:39.208683] Minimum overlap selected: (0, 0, 0)
[21:50:39.208692] Padding: (0, 0, 0)
[21:50:39.208712] Real overlapping (%): (0.175, 0.18125, 0.18125)
[21:50:39.208723] Real overlapping (pixels): (28.0, 29.0, 29.0)
[21:50:39.208731] (5, 5, 3) patches per (z,y,x) axis
[21:50:39.208745] List of volume IDs to be processed by each GPU: [[0, 1, 2, 3, 4]]
[21:50:39.208757] Positions of each volume in Z axis: {0: [0, 160], 1: [132, 292], 2: [264, 424], 3: [396, 556], 4: [528, 687]}
[21:50:39.208766] Rank 0: Total number of patches: 75 - (5, 5, 3) patches per (z,y,x) axis (per GPU)
[21:50:39.726325] Reading Zarr/H5 file: fisbe/biapy-channel-rot-zarr/train/label/R38F04-20181005_63_G5_c021_r0_k2.zarr
[21:50:39.733466] ### 3D-OV-CROP ###
[21:50:39.733484] Cropping (421, 687, 684, 1) images into (160, 160, 160, 1) with overlapping (axis order: ZYXC). . .
[21:50:39.733494] Minimum overlap selected: (0, 0, 0)
[21:50:39.733502] Padding: (0, 0, 0)
[21:50:39.733524] Real overlapping (%): (0.18125, 0.175, 0.18125)
[21:50:39.733534] Real overlapping (pixels): (29.0, 28.0, 29.0)
[21:50:39.733542] (3, 5, 5) patches per (z,y,x) axis
[21:50:39.733556] List of volume IDs to be processed by each GPU: [[0, 1, 2]]
[21:50:39.733567] Positions of each volume in Z axis: {0: [0, 160], 1: [131, 291], 2: [262, 421]}
[21:50:39.733576] Rank 0: Total number of patches: 75 - (3, 5, 5) patches per (z,y,x) axis (per GPU)
[21:50:40.234487] Reading Zarr/H5 file: fisbe/biapy-channel-rot-zarr/train/label/R38F04-20181005_63_G5_c021_r1_k0.zarr
[21:50:40.242379] ### 3D-OV-CROP ###
[21:50:40.242399] Cropping (421, 687, 684, 1) images into (160, 160, 160, 1) with overlapping (axis order: ZYXC). . .
[21:50:40.242409] Minimum overlap selected: (0, 0, 0)
[21:50:40.242417] Padding: (0, 0, 0)
[21:50:40.242437] Real overlapping (%): (0.18125, 0.175, 0.18125)
[21:50:40.242447] Real overlapping (pixels): (29.0, 28.0, 29.0)
[21:50:40.242455] (3, 5, 5) patches per (z,y,x) axis
[21:50:40.242468] List of volume IDs to be processed by each GPU: [[0, 1, 2]]
[21:50:40.242484] Positions of each volume in Z axis: {0: [0, 160], 1: [131, 291], 2: [262, 421]}
[21:50:40.242493] Rank 0: Total number of patches: 75 - (3, 5, 5) patches per (z,y,x) axis (per GPU)
[21:50:40.778017] Reading Zarr/H5 file: fisbe/biapy-channel-rot-zarr/train/label/R38F04-20181005_63_G5_c021_r1_k1.zarr
[21:50:40.785983] ### 3D-OV-CROP ###
[21:50:40.786009] Cropping (684, 687, 421, 1) images into (160, 160, 160, 1) with overlapping (axis order: ZYXC). . .
[21:50:40.786020] Minimum overlap selected: (0, 0, 0)
[21:50:40.786028] Padding: (0, 0, 0)
[21:50:40.786049] Real overlapping (%): (0.18125, 0.175, 0.18125)
[21:50:40.786058] Real overlapping (pixels): (29.0, 28.0, 29.0)
[21:50:40.786066] (5, 3, 5) patches per (z,y,x) axis
[21:50:40.786079] List of volume IDs to be processed by each GPU: [[0, 1, 2, 3, 4]]
[21:50:40.786091] Positions of each volume in Z axis: {0: [0, 160], 1: [131, 291], 2: [262, 422], 3: [393, 553], 4: [524, 684]}
[21:50:40.786101] Rank 0: Total number of patches: 75 - (5, 3, 5) patches per (z,y,x) axis (per GPU)
[21:50:41.328371] Reading Zarr/H5 file: fisbe/biapy-channel-rot-zarr/train/label/R38F04-20181005_63_G5_c021_r1_k2.zarr
[21:50:41.334130] ### 3D-OV-CROP ###
[21:50:41.334148] Cropping (421, 687, 684, 1) images into (160, 160, 160, 1) with overlapping (axis order: ZYXC). . .
[21:50:41.334158] Minimum overlap selected: (0, 0, 0)
[21:50:41.334166] Padding: (0, 0, 0)
[21:50:41.334187] Real overlapping (%): (0.18125, 0.175, 0.18125)
[21:50:41.334197] Real overlapping (pixels): (29.0, 28.0, 29.0)
[21:50:41.334205] (3, 5, 5) patches per (z,y,x) axis
[21:50:41.334218] List of volume IDs to be processed by each GPU: [[0, 1, 2]]
[21:50:41.334229] Positions of each volume in Z axis: {0: [0, 160], 1: [131, 291], 2: [262, 421]}
[21:50:41.334244] Rank 0: Total number of patches: 75 - (3, 5, 5) patches per (z,y,x) axis (per GPU)
[21:50:41.933229] Reading Zarr/H5 file: fisbe/biapy-channel-rot-zarr/train/label/R38F04-20181005_63_G5_c021_r2_k0.zarr
[21:50:41.940256] ### 3D-OV-CROP ###
[21:50:41.940275] Cropping (421, 687, 684, 1) images into (160, 160, 160, 1) with overlapping (axis order: ZYXC). . .
[21:50:41.940285] Minimum overlap selected: (0, 0, 0)
[21:50:41.940293] Padding: (0, 0, 0)
[21:50:41.940314] Real overlapping (%): (0.18125, 0.175, 0.18125)
[21:50:41.940325] Real overlapping (pixels): (29.0, 28.0, 29.0)
[21:50:41.940333] (3, 5, 5) patches per (z,y,x) axis
[21:50:41.940346] List of volume IDs to be processed by each GPU: [[0, 1, 2]]
[21:50:41.940359] Positions of each volume in Z axis: {0: [0, 160], 1: [131, 291], 2: [262, 421]}
[21:50:41.940368] Rank 0: Total number of patches: 75 - (3, 5, 5) patches per (z,y,x) axis (per GPU)
[21:50:42.530110] Reading Zarr/H5 file: fisbe/biapy-channel-rot-zarr/train/label/R38F04-20181005_63_G5_c021_r2_k1.zarr
[21:50:42.537689] ### 3D-OV-CROP ###
[21:50:42.537710] Cropping (421, 684, 687, 1) images into (160, 160, 160, 1) with overlapping (axis order: ZYXC). . .
[21:50:42.537719] Minimum overlap selected: (0, 0, 0)
[21:50:42.537727] Padding: (0, 0, 0)
[21:50:42.537747] Real overlapping (%): (0.18125, 0.18125, 0.175)
[21:50:42.537757] Real overlapping (pixels): (29.0, 29.0, 28.0)
[21:50:42.537765] (3, 5, 5) patches per (z,y,x) axis
[21:50:42.537778] List of volume IDs to be processed by each GPU: [[0, 1, 2]]
[21:50:42.537790] Positions of each volume in Z axis: {0: [0, 160], 1: [131, 291], 2: [262, 421]}
[21:50:42.537799] Rank 0: Total number of patches: 75 - (3, 5, 5) patches per (z,y,x) axis (per GPU)
[21:50:43.094401] Reading Zarr/H5 file: fisbe/biapy-channel-rot-zarr/train/label/R38F04-20181005_63_G5_c021_r2_k2.zarr
[21:50:43.103283] ### 3D-OV-CROP ###
[21:50:43.103302] Cropping (421, 687, 684, 1) images into (160, 160, 160, 1) with overlapping (axis order: ZYXC). . .
[21:50:43.103312] Minimum overlap selected: (0, 0, 0)
[21:50:43.103320] Padding: (0, 0, 0)
[21:50:43.103341] Real overlapping (%): (0.18125, 0.175, 0.18125)
[21:50:43.103352] Real overlapping (pixels): (29.0, 28.0, 29.0)
[21:50:43.103360] (3, 5, 5) patches per (z,y,x) axis
[21:50:43.103373] List of volume IDs to be processed by each GPU: [[0, 1, 2]]
[21:50:43.103384] Positions of each volume in Z axis: {0: [0, 160], 1: [131, 291], 2: [262, 421]}
[21:50:43.103394] Rank 0: Total number of patches: 75 - (3, 5, 5) patches per (z,y,x) axis (per GPU)
[21:50:43.642869] Reading Zarr/H5 file: fisbe/biapy-channel-rot-zarr/train/label/R38F04-20181005_63_G5_c102_r0_k0.zarr
[21:50:43.650961] ### 3D-OV-CROP ###
[21:50:43.650980] Cropping (421, 687, 684, 1) images into (160, 160, 160, 1) with overlapping (axis order: ZYXC). . .
[21:50:43.650991] Minimum overlap selected: (0, 0, 0)
[21:50:43.650999] Padding: (0, 0, 0)
[21:50:43.651020] Real overlapping (%): (0.18125, 0.175, 0.18125)
[21:50:43.651030] Real overlapping (pixels): (29.0, 28.0, 29.0)
[21:50:43.651038] (3, 5, 5) patches per (z,y,x) axis
[21:50:43.651052] List of volume IDs to be processed by each GPU: [[0, 1, 2]]
[21:50:43.651064] Positions of each volume in Z axis: {0: [0, 160], 1: [131, 291], 2: [262, 421]}
[21:50:43.651074] Rank 0: Total number of patches: 75 - (3, 5, 5) patches per (z,y,x) axis (per GPU)
[21:50:44.207829] Reading Zarr/H5 file: fisbe/biapy-channel-rot-zarr/train/label/R38F04-20181005_63_G5_c102_r0_k1.zarr
[21:50:44.216200] ### 3D-OV-CROP ###
[21:50:44.216220] Cropping (687, 421, 684, 1) images into (160, 160, 160, 1) with overlapping (axis order: ZYXC). . .
[21:50:44.216236] Minimum overlap selected: (0, 0, 0)
[21:50:44.216245] Padding: (0, 0, 0)
[21:50:44.216268] Real overlapping (%): (0.175, 0.18125, 0.18125)
[21:50:44.216278] Real overlapping (pixels): (28.0, 29.0, 29.0)
[21:50:44.216286] (5, 5, 3) patches per (z,y,x) axis
[21:50:44.216300] List of volume IDs to be processed by each GPU: [[0, 1, 2, 3, 4]]
[21:50:44.216313] Positions of each volume in Z axis: {0: [0, 160], 1: [132, 292], 2: [264, 424], 3: [396, 556], 4: [528, 687]}
[21:50:44.216323] Rank 0: Total number of patches: 75 - (5, 5, 3) patches per (z,y,x) axis (per GPU)
[21:50:44.743700] Reading Zarr/H5 file: fisbe/biapy-channel-rot-zarr/train/label/R38F04-20181005_63_G5_c102_r0_k2.zarr
[21:50:44.751449] ### 3D-OV-CROP ###
[21:50:44.751469] Cropping (421, 687, 684, 1) images into (160, 160, 160, 1) with overlapping (axis order: ZYXC). . .
[21:50:44.751478] Minimum overlap selected: (0, 0, 0)
[21:50:44.751486] Padding: (0, 0, 0)
[21:50:44.751508] Real overlapping (%): (0.18125, 0.175, 0.18125)
[21:50:44.751518] Real overlapping (pixels): (29.0, 28.0, 29.0)
[21:50:44.751526] (3, 5, 5) patches per (z,y,x) axis
[21:50:44.751540] List of volume IDs to be processed by each GPU: [[0, 1, 2]]
[21:50:44.751557] Positions of each volume in Z axis: {0: [0, 160], 1: [131, 291], 2: [262, 421]}
[21:50:44.751567] Rank 0: Total number of patches: 75 - (3, 5, 5) patches per (z,y,x) axis (per GPU)
[21:50:45.251500] Reading Zarr/H5 file: fisbe/biapy-channel-rot-zarr/train/label/R38F04-20181005_63_G5_c102_r1_k0.zarr
[21:50:45.258946] ### 3D-OV-CROP ###
[21:50:45.258967] Cropping (421, 687, 684, 1) images into (160, 160, 160, 1) with overlapping (axis order: ZYXC). . .
[21:50:45.258976] Minimum overlap selected: (0, 0, 0)
[21:50:45.258985] Padding: (0, 0, 0)
[21:50:45.259006] Real overlapping (%): (0.18125, 0.175, 0.18125)
[21:50:45.259016] Real overlapping (pixels): (29.0, 28.0, 29.0)
[21:50:45.259024] (3, 5, 5) patches per (z,y,x) axis
[21:50:45.259038] List of volume IDs to be processed by each GPU: [[0, 1, 2]]
[21:50:45.259050] Positions of each volume in Z axis: {0: [0, 160], 1: [131, 291], 2: [262, 421]}
[21:50:45.259059] Rank 0: Total number of patches: 75 - (3, 5, 5) patches per (z,y,x) axis (per GPU)
[21:50:45.871422] Reading Zarr/H5 file: fisbe/biapy-channel-rot-zarr/train/label/R38F04-20181005_63_G5_c102_r1_k1.zarr
[21:50:45.881017] ### 3D-OV-CROP ###
[21:50:45.881037] Cropping (684, 687, 421, 1) images into (160, 160, 160, 1) with overlapping (axis order: ZYXC). . .
[21:50:45.881047] Minimum overlap selected: (0, 0, 0)
[21:50:45.881055] Padding: (0, 0, 0)
[21:50:45.881074] Real overlapping (%): (0.18125, 0.175, 0.18125)
[21:50:45.881084] Real overlapping (pixels): (29.0, 28.0, 29.0)
[21:50:45.881092] (5, 3, 5) patches per (z,y,x) axis
[21:50:45.881106] List of volume IDs to be processed by each GPU: [[0, 1, 2, 3, 4]]
[21:50:45.881118] Positions of each volume in Z axis: {0: [0, 160], 1: [131, 291], 2: [262, 422], 3: [393, 553], 4: [524, 684]}
[21:50:45.881127] Rank 0: Total number of patches: 75 - (5, 3, 5) patches per (z,y,x) axis (per GPU)
[21:50:46.507254] Reading Zarr/H5 file: fisbe/biapy-channel-rot-zarr/train/label/R38F04-20181005_63_G5_c102_r1_k2.zarr
[21:50:46.515120] ### 3D-OV-CROP ###
[21:50:46.515139] Cropping (421, 687, 684, 1) images into (160, 160, 160, 1) with overlapping (axis order: ZYXC). . .
[21:50:46.515150] Minimum overlap selected: (0, 0, 0)
[21:50:46.515158] Padding: (0, 0, 0)
[21:50:46.515179] Real overlapping (%): (0.18125, 0.175, 0.18125)
[21:50:46.515189] Real overlapping (pixels): (29.0, 28.0, 29.0)
[21:50:46.515207] (3, 5, 5) patches per (z,y,x) axis
[21:50:46.515220] List of volume IDs to be processed by each GPU: [[0, 1, 2]]
[21:50:46.515238] Positions of each volume in Z axis: {0: [0, 160], 1: [131, 291], 2: [262, 421]}
[21:50:46.515247] Rank 0: Total number of patches: 75 - (3, 5, 5) patches per (z,y,x) axis (per GPU)
[21:50:47.173590] Reading Zarr/H5 file: fisbe/biapy-channel-rot-zarr/train/label/R38F04-20181005_63_G5_c102_r2_k0.zarr
[21:50:47.182887] ### 3D-OV-CROP ###
[21:50:47.182909] Cropping (421, 687, 684, 1) images into (160, 160, 160, 1) with overlapping (axis order: ZYXC). . .
[21:50:47.182919] Minimum overlap selected: (0, 0, 0)
[21:50:47.182929] Padding: (0, 0, 0)
[21:50:47.182952] Real overlapping (%): (0.18125, 0.175, 0.18125)
[21:50:47.182962] Real overlapping (pixels): (29.0, 28.0, 29.0)
[21:50:47.182970] (3, 5, 5) patches per (z,y,x) axis
[21:50:47.182985] List of volume IDs to be processed by each GPU: [[0, 1, 2]]
[21:50:47.182996] Positions of each volume in Z axis: {0: [0, 160], 1: [131, 291], 2: [262, 421]}
[21:50:47.183005] Rank 0: Total number of patches: 75 - (3, 5, 5) patches per (z,y,x) axis (per GPU)
[21:50:48.049711] Reading Zarr/H5 file: fisbe/biapy-channel-rot-zarr/train/label/R38F04-20181005_63_G5_c102_r2_k1.zarr
[21:50:48.055852] ### 3D-OV-CROP ###
[21:50:48.055872] Cropping (421, 684, 687, 1) images into (160, 160, 160, 1) with overlapping (axis order: ZYXC). . .
[21:50:48.055882] Minimum overlap selected: (0, 0, 0)
[21:50:48.055891] Padding: (0, 0, 0)
[21:50:48.055912] Real overlapping (%): (0.18125, 0.18125, 0.175)
[21:50:48.055923] Real overlapping (pixels): (29.0, 29.0, 28.0)
[21:50:48.055931] (3, 5, 5) patches per (z,y,x) axis
[21:50:48.055945] List of volume IDs to be processed by each GPU: [[0, 1, 2]]
[21:50:48.055957] Positions of each volume in Z axis: {0: [0, 160], 1: [131, 291], 2: [262, 421]}
[21:50:48.055966] Rank 0: Total number of patches: 75 - (3, 5, 5) patches per (z,y,x) axis (per GPU)
[21:50:48.648891] Reading Zarr/H5 file: fisbe/biapy-channel-rot-zarr/train/label/R38F04-20181005_63_G5_c102_r2_k2.zarr
[21:50:48.660016] ### 3D-OV-CROP ###
[21:50:48.660035] Cropping (421, 687, 684, 1) images into (160, 160, 160, 1) with overlapping (axis order: ZYXC). . .
[21:50:48.660045] Minimum overlap selected: (0, 0, 0)
[21:50:48.660053] Padding: (0, 0, 0)
[21:50:48.660074] Real overlapping (%): (0.18125, 0.175, 0.18125)
[21:50:48.660085] Real overlapping (pixels): (29.0, 28.0, 29.0)
[21:50:48.660093] (3, 5, 5) patches per (z,y,x) axis
[21:50:48.660107] List of volume IDs to be processed by each GPU: [[0, 1, 2]]
[21:50:48.660118] Positions of each volume in Z axis: {0: [0, 160], 1: [131, 291], 2: [262, 421]}
[21:50:48.660128] Rank 0: Total number of patches: 75 - (3, 5, 5) patches per (z,y,x) axis (per GPU)
[21:50:49.216444] Reading Zarr/H5 file: fisbe/biapy-channel-rot-zarr/train/label/R38F04-20181005_63_G5_c201_r0_k0.zarr
[21:50:49.225137] ### 3D-OV-CROP ###
[21:50:49.225155] Cropping (421, 687, 684, 1) images into (160, 160, 160, 1) with overlapping (axis order: ZYXC). . .
[21:50:49.225165] Minimum overlap selected: (0, 0, 0)
[21:50:49.225173] Padding: (0, 0, 0)
[21:50:49.225192] Real overlapping (%): (0.18125, 0.175, 0.18125)
[21:50:49.225202] Real overlapping (pixels): (29.0, 28.0, 29.0)
[21:50:49.225210] (3, 5, 5) patches per (z,y,x) axis
[21:50:49.225223] List of volume IDs to be processed by each GPU: [[0, 1, 2]]
[21:50:49.225242] Positions of each volume in Z axis: {0: [0, 160], 1: [131, 291], 2: [262, 421]}
[21:50:49.225251] Rank 0: Total number of patches: 75 - (3, 5, 5) patches per (z,y,x) axis (per GPU)
[21:50:49.776512] Reading Zarr/H5 file: fisbe/biapy-channel-rot-zarr/train/label/R38F04-20181005_63_G5_c201_r0_k1.zarr
[21:50:49.784662] ### 3D-OV-CROP ###
[21:50:49.784681] Cropping (687, 421, 684, 1) images into (160, 160, 160, 1) with overlapping (axis order: ZYXC). . .
[21:50:49.784691] Minimum overlap selected: (0, 0, 0)
[21:50:49.784700] Padding: (0, 0, 0)
[21:50:49.784720] Real overlapping (%): (0.175, 0.18125, 0.18125)
[21:50:49.784730] Real overlapping (pixels): (28.0, 29.0, 29.0)
[21:50:49.784739] (5, 5, 3) patches per (z,y,x) axis
[21:50:49.784754] List of volume IDs to be processed by each GPU: [[0, 1, 2, 3, 4]]
[21:50:49.784766] Positions of each volume in Z axis: {0: [0, 160], 1: [132, 292], 2: [264, 424], 3: [396, 556], 4: [528, 687]}
[21:50:49.784775] Rank 0: Total number of patches: 75 - (5, 5, 3) patches per (z,y,x) axis (per GPU)
[21:50:50.378805] Reading Zarr/H5 file: fisbe/biapy-channel-rot-zarr/train/label/R38F04-20181005_63_G5_c201_r0_k2.zarr
[21:50:50.386072] ### 3D-OV-CROP ###
[21:50:50.386132] Cropping (421, 687, 684, 1) images into (160, 160, 160, 1) with overlapping (axis order: ZYXC). . .
[21:50:50.386142] Minimum overlap selected: (0, 0, 0)
[21:50:50.386150] Padding: (0, 0, 0)
[21:50:50.386170] Real overlapping (%): (0.18125, 0.175, 0.18125)
[21:50:50.386179] Real overlapping (pixels): (29.0, 28.0, 29.0)
[21:50:50.386187] (3, 5, 5) patches per (z,y,x) axis
[21:50:50.386200] List of volume IDs to be processed by each GPU: [[0, 1, 2]]
[21:50:50.386212] Positions of each volume in Z axis: {0: [0, 160], 1: [131, 291], 2: [262, 421]}
[21:50:50.386221] Rank 0: Total number of patches: 75 - (3, 5, 5) patches per (z,y,x) axis (per GPU)
[21:50:50.948862] Reading Zarr/H5 file: fisbe/biapy-channel-rot-zarr/train/label/R38F04-20181005_63_G5_c201_r1_k0.zarr
[21:50:50.965874] ### 3D-OV-CROP ###
[21:50:50.965897] Cropping (421, 687, 684, 1) images into (160, 160, 160, 1) with overlapping (axis order: ZYXC). . .
[21:50:50.965907] Minimum overlap selected: (0, 0, 0)
[21:50:50.965915] Padding: (0, 0, 0)
[21:50:50.965936] Real overlapping (%): (0.18125, 0.175, 0.18125)
[21:50:50.965946] Real overlapping (pixels): (29.0, 28.0, 29.0)
[21:50:50.965954] (3, 5, 5) patches per (z,y,x) axis
[21:50:50.965968] List of volume IDs to be processed by each GPU: [[0, 1, 2]]
[21:50:50.965979] Positions of each volume in Z axis: {0: [0, 160], 1: [131, 291], 2: [262, 421]}
[21:50:50.965996] Rank 0: Total number of patches: 75 - (3, 5, 5) patches per (z,y,x) axis (per GPU)
[21:50:51.728075] Reading Zarr/H5 file: fisbe/biapy-channel-rot-zarr/train/label/R38F04-20181005_63_G5_c201_r1_k1.zarr
[21:50:51.733524] ### 3D-OV-CROP ###
[21:50:51.733546] Cropping (684, 687, 421, 1) images into (160, 160, 160, 1) with overlapping (axis order: ZYXC). . .
[21:50:51.733557] Minimum overlap selected: (0, 0, 0)
[21:50:51.733565] Padding: (0, 0, 0)
[21:50:51.733586] Real overlapping (%): (0.18125, 0.175, 0.18125)
[21:50:51.733597] Real overlapping (pixels): (29.0, 28.0, 29.0)
[21:50:51.733605] (5, 3, 5) patches per (z,y,x) axis
[21:50:51.733619] List of volume IDs to be processed by each GPU: [[0, 1, 2, 3, 4]]
[21:50:51.733631] Positions of each volume in Z axis: {0: [0, 160], 1: [131, 291], 2: [262, 422], 3: [393, 553], 4: [524, 684]}
[21:50:51.733641] Rank 0: Total number of patches: 75 - (5, 3, 5) patches per (z,y,x) axis (per GPU)
[21:50:52.251156] Reading Zarr/H5 file: fisbe/biapy-channel-rot-zarr/train/label/R38F04-20181005_63_G5_c201_r1_k2.zarr
[21:50:52.257025] ### 3D-OV-CROP ###
[21:50:52.257045] Cropping (421, 687, 684, 1) images into (160, 160, 160, 1) with overlapping (axis order: ZYXC). . .
[21:50:52.257054] Minimum overlap selected: (0, 0, 0)
[21:50:52.257062] Padding: (0, 0, 0)
[21:50:52.257083] Real overlapping (%): (0.18125, 0.175, 0.18125)
[21:50:52.257093] Real overlapping (pixels): (29.0, 28.0, 29.0)
[21:50:52.257101] (3, 5, 5) patches per (z,y,x) axis
[21:50:52.257114] List of volume IDs to be processed by each GPU: [[0, 1, 2]]
[21:50:52.257125] Positions of each volume in Z axis: {0: [0, 160], 1: [131, 291], 2: [262, 421]}
[21:50:52.257142] Rank 0: Total number of patches: 75 - (3, 5, 5) patches per (z,y,x) axis (per GPU)
[21:50:52.821375] Reading Zarr/H5 file: fisbe/biapy-channel-rot-zarr/train/label/R38F04-20181005_63_G5_c201_r2_k0.zarr
[21:50:52.828313] ### 3D-OV-CROP ###
[21:50:52.828333] Cropping (421, 687, 684, 1) images into (160, 160, 160, 1) with overlapping (axis order: ZYXC). . .
[21:50:52.828342] Minimum overlap selected: (0, 0, 0)
[21:50:52.828350] Padding: (0, 0, 0)
[21:50:52.828371] Real overlapping (%): (0.18125, 0.175, 0.18125)
[21:50:52.828380] Real overlapping (pixels): (29.0, 28.0, 29.0)
[21:50:52.828389] (3, 5, 5) patches per (z,y,x) axis
[21:50:52.828402] List of volume IDs to be processed by each GPU: [[0, 1, 2]]
[21:50:52.828413] Positions of each volume in Z axis: {0: [0, 160], 1: [131, 291], 2: [262, 421]}
[21:50:52.828422] Rank 0: Total number of patches: 75 - (3, 5, 5) patches per (z,y,x) axis (per GPU)
[21:50:53.451322] Reading Zarr/H5 file: fisbe/biapy-channel-rot-zarr/train/label/R38F04-20181005_63_G5_c201_r2_k1.zarr
[21:50:53.457014] ### 3D-OV-CROP ###
[21:50:53.457032] Cropping (421, 684, 687, 1) images into (160, 160, 160, 1) with overlapping (axis order: ZYXC). . .
[21:50:53.457049] Minimum overlap selected: (0, 0, 0)
[21:50:53.457057] Padding: (0, 0, 0)
[21:50:53.457078] Real overlapping (%): (0.18125, 0.18125, 0.175)
[21:50:53.457088] Real overlapping (pixels): (29.0, 29.0, 28.0)
[21:50:53.457096] (3, 5, 5) patches per (z,y,x) axis
[21:50:53.457109] List of volume IDs to be processed by each GPU: [[0, 1, 2]]
[21:50:53.457121] Positions of each volume in Z axis: {0: [0, 160], 1: [131, 291], 2: [262, 421]}
[21:50:53.457130] Rank 0: Total number of patches: 75 - (3, 5, 5) patches per (z,y,x) axis (per GPU)
[21:50:54.081931] Reading Zarr/H5 file: fisbe/biapy-channel-rot-zarr/train/label/R38F04-20181005_63_G5_c201_r2_k2.zarr
[21:50:54.088437] ### 3D-OV-CROP ###
[21:50:54.088456] Cropping (421, 687, 684, 1) images into (160, 160, 160, 1) with overlapping (axis order: ZYXC). . .
[21:50:54.088466] Minimum overlap selected: (0, 0, 0)
[21:50:54.088474] Padding: (0, 0, 0)
[21:50:54.088495] Real overlapping (%): (0.18125, 0.175, 0.18125)
[21:50:54.088504] Real overlapping (pixels): (29.0, 28.0, 29.0)
[21:50:54.088512] (3, 5, 5) patches per (z,y,x) axis
[21:50:54.088525] List of volume IDs to be processed by each GPU: [[0, 1, 2]]
[21:50:54.088537] Positions of each volume in Z axis: {0: [0, 160], 1: [131, 291], 2: [262, 421]}
[21:50:54.088546] Rank 0: Total number of patches: 75 - (3, 5, 5) patches per (z,y,x) axis (per GPU)
[21:50:54.602859] Reading Zarr/H5 file: fisbe/biapy-channel-rot-zarr/train/label/R38F04-20181005_63_H1_c012_r0_k0.zarr
[21:50:54.612542] ### 3D-OV-CROP ###
[21:50:54.612563] Cropping (399, 687, 684, 1) images into (160, 160, 160, 1) with overlapping (axis order: ZYXC). . .
[21:50:54.612573] Minimum overlap selected: (0, 0, 0)
[21:50:54.612581] Padding: (0, 0, 0)
[21:50:54.612603] Real overlapping (%): (0.25, 0.175, 0.18125)
[21:50:54.612612] Real overlapping (pixels): (40.0, 28.0, 29.0)
[21:50:54.612620] (3, 5, 5) patches per (z,y,x) axis
[21:50:54.612633] List of volume IDs to be processed by each GPU: [[0, 1, 2]]
[21:50:54.612645] Positions of each volume in Z axis: {0: [0, 160], 1: [120, 280], 2: [240, 399]}
[21:50:54.612654] Rank 0: Total number of patches: 75 - (3, 5, 5) patches per (z,y,x) axis (per GPU)
[21:50:55.437025] Reading Zarr/H5 file: fisbe/biapy-channel-rot-zarr/train/label/R38F04-20181005_63_H1_c012_r0_k1.zarr
[21:50:55.446023] ### 3D-OV-CROP ###
[21:50:55.446044] Cropping (687, 399, 684, 1) images into (160, 160, 160, 1) with overlapping (axis order: ZYXC). . .
[21:50:55.446053] Minimum overlap selected: (0, 0, 0)
[21:50:55.446063] Padding: (0, 0, 0)
[21:50:55.446085] Real overlapping (%): (0.175, 0.25, 0.18125)
[21:50:55.446095] Real overlapping (pixels): (28.0, 40.0, 29.0)
[21:50:55.446103] (5, 5, 3) patches per (z,y,x) axis
[21:50:55.446117] List of volume IDs to be processed by each GPU: [[0, 1, 2, 3, 4]]
[21:50:55.446129] Positions of each volume in Z axis: {0: [0, 160], 1: [132, 292], 2: [264, 424], 3: [396, 556], 4: [528, 687]}
[21:50:55.446150] Rank 0: Total number of patches: 75 - (5, 5, 3) patches per (z,y,x) axis (per GPU)
[21:50:56.342481] Reading Zarr/H5 file: fisbe/biapy-channel-rot-zarr/train/label/R38F04-20181005_63_H1_c012_r0_k3.zarr
[21:50:56.349808] ### 3D-OV-CROP ###
[21:50:56.349829] Cropping (687, 399, 684, 1) images into (160, 160, 160, 1) with overlapping (axis order: ZYXC). . .
[21:50:56.349839] Minimum overlap selected: (0, 0, 0)
[21:50:56.349847] Padding: (0, 0, 0)
[21:50:56.349870] Real overlapping (%): (0.175, 0.25, 0.18125)
[21:50:56.349880] Real overlapping (pixels): (28.0, 40.0, 29.0)
[21:50:56.349888] (5, 5, 3) patches per (z,y,x) axis
[21:50:56.349902] List of volume IDs to be processed by each GPU: [[0, 1, 2, 3, 4]]
[21:50:56.349914] Positions of each volume in Z axis: {0: [0, 160], 1: [132, 292], 2: [264, 424], 3: [396, 556], 4: [528, 687]}
[21:50:56.349923] Rank 0: Total number of patches: 75 - (5, 5, 3) patches per (z,y,x) axis (per GPU)
[21:50:57.117019] Reading Zarr/H5 file: fisbe/biapy-channel-rot-zarr/train/label/R38F04-20181005_63_H1_c012_r1_k0.zarr
[21:50:57.123633] ### 3D-OV-CROP ###
[21:50:57.123653] Cropping (399, 687, 684, 1) images into (160, 160, 160, 1) with overlapping (axis order: ZYXC). . .
[21:50:57.123663] Minimum overlap selected: (0, 0, 0)
[21:50:57.123671] Padding: (0, 0, 0)
[21:50:57.123694] Real overlapping (%): (0.25, 0.175, 0.18125)
[21:50:57.123704] Real overlapping (pixels): (40.0, 28.0, 29.0)
[21:50:57.123713] (3, 5, 5) patches per (z,y,x) axis
[21:50:57.123726] List of volume IDs to be processed by each GPU: [[0, 1, 2]]
[21:50:57.123738] Positions of each volume in Z axis: {0: [0, 160], 1: [120, 280], 2: [240, 399]}
[21:50:57.123748] Rank 0: Total number of patches: 75 - (3, 5, 5) patches per (z,y,x) axis (per GPU)
[21:50:57.968920] Reading Zarr/H5 file: fisbe/biapy-channel-rot-zarr/train/label/R38F04-20181005_63_H1_c012_r1_k1.zarr
[21:50:57.977910] ### 3D-OV-CROP ###
[21:50:57.977929] Cropping (684, 687, 399, 1) images into (160, 160, 160, 1) with overlapping (axis order: ZYXC). . .
[21:50:57.977938] Minimum overlap selected: (0, 0, 0)
[21:50:57.977947] Padding: (0, 0, 0)
[21:50:57.977970] Real overlapping (%): (0.18125, 0.175, 0.25)
[21:50:57.977981] Real overlapping (pixels): (29.0, 28.0, 40.0)
[21:50:57.977989] (5, 3, 5) patches per (z,y,x) axis
[21:50:57.978003] List of volume IDs to be processed by each GPU: [[0, 1, 2, 3, 4]]
[21:50:57.978015] Positions of each volume in Z axis: {0: [0, 160], 1: [131, 291], 2: [262, 422], 3: [393, 553], 4: [524, 684]}
[21:50:57.978025] Rank 0: Total number of patches: 75 - (5, 3, 5) patches per (z,y,x) axis (per GPU)
[21:50:58.742248] Reading Zarr/H5 file: fisbe/biapy-channel-rot-zarr/train/label/R38F04-20181005_63_H1_c012_r1_k3.zarr
[21:50:58.751166] ### 3D-OV-CROP ###
[21:50:58.751186] Cropping (684, 687, 399, 1) images into (160, 160, 160, 1) with overlapping (axis order: ZYXC). . .
[21:50:58.751195] Minimum overlap selected: (0, 0, 0)
[21:50:58.751203] Padding: (0, 0, 0)
[21:50:58.751224] Real overlapping (%): (0.18125, 0.175, 0.25)
[21:50:58.751238] Real overlapping (pixels): (29.0, 28.0, 40.0)
[21:50:58.751246] (5, 3, 5) patches per (z,y,x) axis
[21:50:58.751259] List of volume IDs to be processed by each GPU: [[0, 1, 2, 3, 4]]
[21:50:58.751272] Positions of each volume in Z axis: {0: [0, 160], 1: [131, 291], 2: [262, 422], 3: [393, 553], 4: [524, 684]}
[21:50:58.751281] Rank 0: Total number of patches: 75 - (5, 3, 5) patches per (z,y,x) axis (per GPU)
[21:50:59.470971] Reading Zarr/H5 file: fisbe/biapy-channel-rot-zarr/train/label/R38F04-20181005_63_H1_c012_r2_k0.zarr
[21:50:59.480339] ### 3D-OV-CROP ###
[21:50:59.480359] Cropping (399, 687, 684, 1) images into (160, 160, 160, 1) with overlapping (axis order: ZYXC). . .
[21:50:59.480368] Minimum overlap selected: (0, 0, 0)
[21:50:59.480376] Padding: (0, 0, 0)
[21:50:59.480397] Real overlapping (%): (0.25, 0.175, 0.18125)
[21:50:59.480407] Real overlapping (pixels): (40.0, 28.0, 29.0)
[21:50:59.480424] (3, 5, 5) patches per (z,y,x) axis
[21:50:59.480437] List of volume IDs to be processed by each GPU: [[0, 1, 2]]
[21:50:59.480448] Positions of each volume in Z axis: {0: [0, 160], 1: [120, 280], 2: [240, 399]}
[21:50:59.480458] Rank 0: Total number of patches: 75 - (3, 5, 5) patches per (z,y,x) axis (per GPU)
[21:51:00.592623] Reading Zarr/H5 file: fisbe/biapy-channel-rot-zarr/train/label/R38F04-20181005_63_H1_c012_r2_k1.zarr
[21:51:00.601583] ### 3D-OV-CROP ###
[21:51:00.601603] Cropping (399, 684, 687, 1) images into (160, 160, 160, 1) with overlapping (axis order: ZYXC). . .
[21:51:00.601613] Minimum overlap selected: (0, 0, 0)
[21:51:00.601621] Padding: (0, 0, 0)
[21:51:00.601643] Real overlapping (%): (0.25, 0.18125, 0.175)
[21:51:00.601652] Real overlapping (pixels): (40.0, 29.0, 28.0)
[21:51:00.601660] (3, 5, 5) patches per (z,y,x) axis
[21:51:00.601673] List of volume IDs to be processed by each GPU: [[0, 1, 2]]
[21:51:00.601685] Positions of each volume in Z axis: {0: [0, 160], 1: [120, 280], 2: [240, 399]}
[21:51:00.601695] Rank 0: Total number of patches: 75 - (3, 5, 5) patches per (z,y,x) axis (per GPU)
[21:51:01.473750] Reading Zarr/H5 file: fisbe/biapy-channel-rot-zarr/train/label/R38F04-20181005_63_H1_c012_r2_k3.zarr
[21:51:01.482196] ### 3D-OV-CROP ###
[21:51:01.482216] Cropping (399, 684, 687, 1) images into (160, 160, 160, 1) with overlapping (axis order: ZYXC). . .
[21:51:01.482238] Minimum overlap selected: (0, 0, 0)
[21:51:01.482247] Padding: (0, 0, 0)
[21:51:01.482270] Real overlapping (%): (0.25, 0.18125, 0.175)
[21:51:01.482280] Real overlapping (pixels): (40.0, 29.0, 28.0)
[21:51:01.482289] (3, 5, 5) patches per (z,y,x) axis
[21:51:01.482302] List of volume IDs to be processed by each GPU: [[0, 1, 2]]
[21:51:01.482314] Positions of each volume in Z axis: {0: [0, 160], 1: [120, 280], 2: [240, 399]}
[21:51:01.482322] Rank 0: Total number of patches: 75 - (3, 5, 5) patches per (z,y,x) axis (per GPU)
[21:51:02.315490] Reading Zarr/H5 file: fisbe/biapy-channel-rot-zarr/train/label/R38F04-20181005_63_H1_c102_r0_k0.zarr
[21:51:02.327177] ### 3D-OV-CROP ###
[21:51:02.327196] Cropping (399, 687, 684, 1) images into (160, 160, 160, 1) with overlapping (axis order: ZYXC). . .
[21:51:02.327205] Minimum overlap selected: (0, 0, 0)
[21:51:02.327213] Padding: (0, 0, 0)
[21:51:02.327240] Real overlapping (%): (0.25, 0.175, 0.18125)
[21:51:02.327249] Real overlapping (pixels): (40.0, 28.0, 29.0)
[21:51:02.327257] (3, 5, 5) patches per (z,y,x) axis
[21:51:02.327271] List of volume IDs to be processed by each GPU: [[0, 1, 2]]
[21:51:02.327282] Positions of each volume in Z axis: {0: [0, 160], 1: [120, 280], 2: [240, 399]}
[21:51:02.327291] Rank 0: Total number of patches: 75 - (3, 5, 5) patches per (z,y,x) axis (per GPU)
[21:51:03.200221] Reading Zarr/H5 file: fisbe/biapy-channel-rot-zarr/train/label/R38F04-20181005_63_H1_c102_r0_k1.zarr
[21:51:03.206342] ### 3D-OV-CROP ###
[21:51:03.206361] Cropping (687, 399, 684, 1) images into (160, 160, 160, 1) with overlapping (axis order: ZYXC). . .
[21:51:03.206370] Minimum overlap selected: (0, 0, 0)
[21:51:03.206379] Padding: (0, 0, 0)
[21:51:03.206401] Real overlapping (%): (0.175, 0.25, 0.18125)
[21:51:03.206411] Real overlapping (pixels): (28.0, 40.0, 29.0)
[21:51:03.206419] (5, 5, 3) patches per (z,y,x) axis
[21:51:03.206433] List of volume IDs to be processed by each GPU: [[0, 1, 2, 3, 4]]
[21:51:03.206446] Positions of each volume in Z axis: {0: [0, 160], 1: [132, 292], 2: [264, 424], 3: [396, 556], 4: [528, 687]}
[21:51:03.206455] Rank 0: Total number of patches: 75 - (5, 5, 3) patches per (z,y,x) axis (per GPU)
[21:51:04.035739] Reading Zarr/H5 file: fisbe/biapy-channel-rot-zarr/train/label/R38F04-20181005_63_H1_c102_r0_k3.zarr
[21:51:04.043584] ### 3D-OV-CROP ###
[21:51:04.043608] Cropping (687, 399, 684, 1) images into (160, 160, 160, 1) with overlapping (axis order: ZYXC). . .
[21:51:04.043618] Minimum overlap selected: (0, 0, 0)
[21:51:04.043626] Padding: (0, 0, 0)
[21:51:04.043650] Real overlapping (%): (0.175, 0.25, 0.18125)
[21:51:04.043666] Real overlapping (pixels): (28.0, 40.0, 29.0)
[21:51:04.043674] (5, 5, 3) patches per (z,y,x) axis
[21:51:04.043691] List of volume IDs to be processed by each GPU: [[0, 1, 2, 3, 4]]
[21:51:04.043704] Positions of each volume in Z axis: {0: [0, 160], 1: [132, 292], 2: [264, 424], 3: [396, 556], 4: [528, 687]}
[21:51:04.043713] Rank 0: Total number of patches: 75 - (5, 5, 3) patches per (z,y,x) axis (per GPU)
[21:51:04.840859] Reading Zarr/H5 file: fisbe/biapy-channel-rot-zarr/train/label/R38F04-20181005_63_H1_c102_r1_k0.zarr
[21:51:04.847888] ### 3D-OV-CROP ###
[21:51:04.847908] Cropping (399, 687, 684, 1) images into (160, 160, 160, 1) with overlapping (axis order: ZYXC). . .
[21:51:04.847918] Minimum overlap selected: (0, 0, 0)
[21:51:04.847926] Padding: (0, 0, 0)
[21:51:04.847948] Real overlapping (%): (0.25, 0.175, 0.18125)
[21:51:04.847958] Real overlapping (pixels): (40.0, 28.0, 29.0)
[21:51:04.847967] (3, 5, 5) patches per (z,y,x) axis
[21:51:04.847980] List of volume IDs to be processed by each GPU: [[0, 1, 2]]
[21:51:04.847991] Positions of each volume in Z axis: {0: [0, 160], 1: [120, 280], 2: [240, 399]}
[21:51:04.848000] Rank 0: Total number of patches: 75 - (3, 5, 5) patches per (z,y,x) axis (per GPU)
[21:51:05.720112] Reading Zarr/H5 file: fisbe/biapy-channel-rot-zarr/train/label/R38F04-20181005_63_H1_c102_r1_k1.zarr
[21:51:05.726975] ### 3D-OV-CROP ###
[21:51:05.726995] Cropping (684, 687, 399, 1) images into (160, 160, 160, 1) with overlapping (axis order: ZYXC). . .
[21:51:05.727004] Minimum overlap selected: (0, 0, 0)
[21:51:05.727013] Padding: (0, 0, 0)
[21:51:05.727035] Real overlapping (%): (0.18125, 0.175, 0.25)
[21:51:05.727045] Real overlapping (pixels): (29.0, 28.0, 40.0)
[21:51:05.727054] (5, 3, 5) patches per (z,y,x) axis
[21:51:05.727068] List of volume IDs to be processed by each GPU: [[0, 1, 2, 3, 4]]
[21:51:05.727079] Positions of each volume in Z axis: {0: [0, 160], 1: [131, 291], 2: [262, 422], 3: [393, 553], 4: [524, 684]}
[21:51:05.727088] Rank 0: Total number of patches: 75 - (5, 3, 5) patches per (z,y,x) axis (per GPU)
[21:51:06.647247] Reading Zarr/H5 file: fisbe/biapy-channel-rot-zarr/train/label/R38F04-20181005_63_H1_c102_r1_k3.zarr
[21:51:06.670850] ### 3D-OV-CROP ###
[21:51:06.670873] Cropping (684, 687, 399, 1) images into (160, 160, 160, 1) with overlapping (axis order: ZYXC). . .
[21:51:06.670883] Minimum overlap selected: (0, 0, 0)
[21:51:06.670891] Padding: (0, 0, 0)
[21:51:06.670914] Real overlapping (%): (0.18125, 0.175, 0.25)
[21:51:06.670925] Real overlapping (pixels): (29.0, 28.0, 40.0)
[21:51:06.670934] (5, 3, 5) patches per (z,y,x) axis
[21:51:06.670948] List of volume IDs to be processed by each GPU: [[0, 1, 2, 3, 4]]
[21:51:06.670961] Positions of each volume in Z axis: {0: [0, 160], 1: [131, 291], 2: [262, 422], 3: [393, 553], 4: [524, 684]}
[21:51:06.670970] Rank 0: Total number of patches: 75 - (5, 3, 5) patches per (z,y,x) axis (per GPU)
[21:51:07.467048] Reading Zarr/H5 file: fisbe/biapy-channel-rot-zarr/train/label/R38F04-20181005_63_H1_c102_r2_k0.zarr
[21:51:07.474542] ### 3D-OV-CROP ###
[21:51:07.474562] Cropping (399, 687, 684, 1) images into (160, 160, 160, 1) with overlapping (axis order: ZYXC). . .
[21:51:07.474572] Minimum overlap selected: (0, 0, 0)
[21:51:07.474580] Padding: (0, 0, 0)
[21:51:07.474602] Real overlapping (%): (0.25, 0.175, 0.18125)
[21:51:07.474612] Real overlapping (pixels): (40.0, 28.0, 29.0)
[21:51:07.474621] (3, 5, 5) patches per (z,y,x) axis
[21:51:07.474634] List of volume IDs to be processed by each GPU: [[0, 1, 2]]
[21:51:07.474645] Positions of each volume in Z axis: {0: [0, 160], 1: [120, 280], 2: [240, 399]}
[21:51:07.474655] Rank 0: Total number of patches: 75 - (3, 5, 5) patches per (z,y,x) axis (per GPU)
[21:51:08.275746] Reading Zarr/H5 file: fisbe/biapy-channel-rot-zarr/train/label/R38F04-20181005_63_H1_c102_r2_k1.zarr
[21:51:08.281677] ### 3D-OV-CROP ###
[21:51:08.281697] Cropping (399, 684, 687, 1) images into (160, 160, 160, 1) with overlapping (axis order: ZYXC). . .
[21:51:08.281707] Minimum overlap selected: (0, 0, 0)
[21:51:08.281719] Padding: (0, 0, 0)
[21:51:08.281741] Real overlapping (%): (0.25, 0.18125, 0.175)
[21:51:08.281750] Real overlapping (pixels): (40.0, 29.0, 28.0)
[21:51:08.281758] (3, 5, 5) patches per (z,y,x) axis
[21:51:08.281772] List of volume IDs to be processed by each GPU: [[0, 1, 2]]
[21:51:08.281784] Positions of each volume in Z axis: {0: [0, 160], 1: [120, 280], 2: [240, 399]}
[21:51:08.281794] Rank 0: Total number of patches: 75 - (3, 5, 5) patches per (z,y,x) axis (per GPU)
[21:51:09.089221] Reading Zarr/H5 file: fisbe/biapy-channel-rot-zarr/train/label/R38F04-20181005_63_H1_c102_r2_k3.zarr
[21:51:09.095724] ### 3D-OV-CROP ###
[21:51:09.095745] Cropping (399, 684, 687, 1) images into (160, 160, 160, 1) with overlapping (axis order: ZYXC). . .
[21:51:09.095754] Minimum overlap selected: (0, 0, 0)
[21:51:09.095762] Padding: (0, 0, 0)
[21:51:09.095784] Real overlapping (%): (0.25, 0.18125, 0.175)
[21:51:09.095793] Real overlapping (pixels): (40.0, 29.0, 28.0)
[21:51:09.095802] (3, 5, 5) patches per (z,y,x) axis
[21:51:09.095815] List of volume IDs to be processed by each GPU: [[0, 1, 2]]
[21:51:09.095826] Positions of each volume in Z axis: {0: [0, 160], 1: [120, 280], 2: [240, 399]}
[21:51:09.095835] Rank 0: Total number of patches: 75 - (3, 5, 5) patches per (z,y,x) axis (per GPU)
[21:51:09.902181] Reading Zarr/H5 file: fisbe/biapy-channel-rot-zarr/train/label/R38F04-20181005_63_H1_c120_r0_k0.zarr
[21:51:09.910589] ### 3D-OV-CROP ###
[21:51:09.910609] Cropping (399, 687, 684, 1) images into (160, 160, 160, 1) with overlapping (axis order: ZYXC). . .
[21:51:09.910618] Minimum overlap selected: (0, 0, 0)
[21:51:09.910626] Padding: (0, 0, 0)
[21:51:09.910649] Real overlapping (%): (0.25, 0.175, 0.18125)
[21:51:09.910658] Real overlapping (pixels): (40.0, 28.0, 29.0)
[21:51:09.910666] (3, 5, 5) patches per (z,y,x) axis
[21:51:09.910679] List of volume IDs to be processed by each GPU: [[0, 1, 2]]
[21:51:09.910690] Positions of each volume in Z axis: {0: [0, 160], 1: [120, 280], 2: [240, 399]}
[21:51:09.910700] Rank 0: Total number of patches: 75 - (3, 5, 5) patches per (z,y,x) axis (per GPU)
[21:51:10.729248] Reading Zarr/H5 file: fisbe/biapy-channel-rot-zarr/train/label/R38F04-20181005_63_H1_c120_r0_k1.zarr
[21:51:10.740151] ### 3D-OV-CROP ###
[21:51:10.740171] Cropping (687, 399, 684, 1) images into (160, 160, 160, 1) with overlapping (axis order: ZYXC). . .
[21:51:10.740181] Minimum overlap selected: (0, 0, 0)
[21:51:10.740189] Padding: (0, 0, 0)
[21:51:10.740212] Real overlapping (%): (0.175, 0.25, 0.18125)
[21:51:10.740222] Real overlapping (pixels): (28.0, 40.0, 29.0)
[21:51:10.740236] (5, 5, 3) patches per (z,y,x) axis
[21:51:10.740250] List of volume IDs to be processed by each GPU: [[0, 1, 2, 3, 4]]
[21:51:10.740261] Positions of each volume in Z axis: {0: [0, 160], 1: [132, 292], 2: [264, 424], 3: [396, 556], 4: [528, 687]}
[21:51:10.740270] Rank 0: Total number of patches: 75 - (5, 5, 3) patches per (z,y,x) axis (per GPU)
[21:51:11.669877] Reading Zarr/H5 file: fisbe/biapy-channel-rot-zarr/train/label/R38F04-20181005_63_H1_c120_r0_k3.zarr
[21:51:11.675885] ### 3D-OV-CROP ###
[21:51:11.675905] Cropping (687, 399, 684, 1) images into (160, 160, 160, 1) with overlapping (axis order: ZYXC). . .
[21:51:11.675916] Minimum overlap selected: (0, 0, 0)
[21:51:11.675924] Padding: (0, 0, 0)
[21:51:11.675947] Real overlapping (%): (0.175, 0.25, 0.18125)
[21:51:11.675957] Real overlapping (pixels): (28.0, 40.0, 29.0)
[21:51:11.675966] (5, 5, 3) patches per (z,y,x) axis
[21:51:11.675980] List of volume IDs to be processed by each GPU: [[0, 1, 2, 3, 4]]
[21:51:11.675992] Positions of each volume in Z axis: {0: [0, 160], 1: [132, 292], 2: [264, 424], 3: [396, 556], 4: [528, 687]}
[21:51:11.676001] Rank 0: Total number of patches: 75 - (5, 5, 3) patches per (z,y,x) axis (per GPU)
[21:51:12.584641] Reading Zarr/H5 file: fisbe/biapy-channel-rot-zarr/train/label/R38F04-20181005_63_H1_c120_r1_k0.zarr
[21:51:12.591527] ### 3D-OV-CROP ###
[21:51:12.591548] Cropping (399, 687, 684, 1) images into (160, 160, 160, 1) with overlapping (axis order: ZYXC). . .
[21:51:12.591568] Minimum overlap selected: (0, 0, 0)
[21:51:12.591577] Padding: (0, 0, 0)
[21:51:12.591599] Real overlapping (%): (0.25, 0.175, 0.18125)
[21:51:12.591609] Real overlapping (pixels): (40.0, 28.0, 29.0)
[21:51:12.591617] (3, 5, 5) patches per (z,y,x) axis
[21:51:12.591630] List of volume IDs to be processed by each GPU: [[0, 1, 2]]
[21:51:12.591642] Positions of each volume in Z axis: {0: [0, 160], 1: [120, 280], 2: [240, 399]}
[21:51:12.591651] Rank 0: Total number of patches: 75 - (3, 5, 5) patches per (z,y,x) axis (per GPU)
[21:51:13.517683] Reading Zarr/H5 file: fisbe/biapy-channel-rot-zarr/train/label/R38F04-20181005_63_H1_c120_r1_k1.zarr
[21:51:13.523968] ### 3D-OV-CROP ###
[21:51:13.523987] Cropping (684, 687, 399, 1) images into (160, 160, 160, 1) with overlapping (axis order: ZYXC). . .
[21:51:13.523996] Minimum overlap selected: (0, 0, 0)
[21:51:13.524005] Padding: (0, 0, 0)
[21:51:13.524027] Real overlapping (%): (0.18125, 0.175, 0.25)
[21:51:13.524037] Real overlapping (pixels): (29.0, 28.0, 40.0)
[21:51:13.524046] (5, 3, 5) patches per (z,y,x) axis
[21:51:13.524061] List of volume IDs to be processed by each GPU: [[0, 1, 2, 3, 4]]
[21:51:13.524074] Positions of each volume in Z axis: {0: [0, 160], 1: [131, 291], 2: [262, 422], 3: [393, 553], 4: [524, 684]}
[21:51:13.524084] Rank 0: Total number of patches: 75 - (5, 3, 5) patches per (z,y,x) axis (per GPU)
[21:51:14.630638] Reading Zarr/H5 file: fisbe/biapy-channel-rot-zarr/train/label/R38F04-20181005_63_H1_c120_r1_k3.zarr
[21:51:14.637013] ### 3D-OV-CROP ###
[21:51:14.637032] Cropping (684, 687, 399, 1) images into (160, 160, 160, 1) with overlapping (axis order: ZYXC). . .
[21:51:14.637043] Minimum overlap selected: (0, 0, 0)
[21:51:14.637051] Padding: (0, 0, 0)
[21:51:14.637074] Real overlapping (%): (0.18125, 0.175, 0.25)
[21:51:14.637084] Real overlapping (pixels): (29.0, 28.0, 40.0)
[21:51:14.637093] (5, 3, 5) patches per (z,y,x) axis
[21:51:14.637107] List of volume IDs to be processed by each GPU: [[0, 1, 2, 3, 4]]
[21:51:14.637119] Positions of each volume in Z axis: {0: [0, 160], 1: [131, 291], 2: [262, 422], 3: [393, 553], 4: [524, 684]}
[21:51:14.637129] Rank 0: Total number of patches: 75 - (5, 3, 5) patches per (z,y,x) axis (per GPU)
[21:51:15.379329] Reading Zarr/H5 file: fisbe/biapy-channel-rot-zarr/train/label/R38F04-20181005_63_H1_c120_r2_k0.zarr
[21:51:15.387102] ### 3D-OV-CROP ###
[21:51:15.387123] Cropping (399, 687, 684, 1) images into (160, 160, 160, 1) with overlapping (axis order: ZYXC). . .
[21:51:15.387133] Minimum overlap selected: (0, 0, 0)
[21:51:15.387141] Padding: (0, 0, 0)
[21:51:15.387162] Real overlapping (%): (0.25, 0.175, 0.18125)
[21:51:15.387171] Real overlapping (pixels): (40.0, 28.0, 29.0)
[21:51:15.387179] (3, 5, 5) patches per (z,y,x) axis
[21:51:15.387198] List of volume IDs to be processed by each GPU: [[0, 1, 2]]
[21:51:15.387209] Positions of each volume in Z axis: {0: [0, 160], 1: [120, 280], 2: [240, 399]}
[21:51:15.387218] Rank 0: Total number of patches: 75 - (3, 5, 5) patches per (z,y,x) axis (per GPU)
[21:51:16.289883] Reading Zarr/H5 file: fisbe/biapy-channel-rot-zarr/train/label/R38F04-20181005_63_H1_c120_r2_k1.zarr
[21:51:16.297563] ### 3D-OV-CROP ###
[21:51:16.297583] Cropping (399, 684, 687, 1) images into (160, 160, 160, 1) with overlapping (axis order: ZYXC). . .
[21:51:16.297593] Minimum overlap selected: (0, 0, 0)
[21:51:16.297602] Padding: (0, 0, 0)
[21:51:16.297624] Real overlapping (%): (0.25, 0.18125, 0.175)
[21:51:16.297634] Real overlapping (pixels): (40.0, 29.0, 28.0)
[21:51:16.297642] (3, 5, 5) patches per (z,y,x) axis
[21:51:16.297656] List of volume IDs to be processed by each GPU: [[0, 1, 2]]
[21:51:16.297667] Positions of each volume in Z axis: {0: [0, 160], 1: [120, 280], 2: [240, 399]}
[21:51:16.297677] Rank 0: Total number of patches: 75 - (3, 5, 5) patches per (z,y,x) axis (per GPU)
[21:51:17.230594] Reading Zarr/H5 file: fisbe/biapy-channel-rot-zarr/train/label/R38F04-20181005_63_H1_c120_r2_k3.zarr
[21:51:17.242030] ### 3D-OV-CROP ###
[21:51:17.242056] Cropping (399, 684, 687, 1) images into (160, 160, 160, 1) with overlapping (axis order: ZYXC). . .
[21:51:17.242067] Minimum overlap selected: (0, 0, 0)
[21:51:17.242076] Padding: (0, 0, 0)
[21:51:17.242097] Real overlapping (%): (0.25, 0.18125, 0.175)
[21:51:17.242107] Real overlapping (pixels): (40.0, 29.0, 28.0)
[21:51:17.242115] (3, 5, 5) patches per (z,y,x) axis
[21:51:17.242128] List of volume IDs to be processed by each GPU: [[0, 1, 2]]
[21:51:17.242140] Positions of each volume in Z axis: {0: [0, 160], 1: [120, 280], 2: [240, 399]}
[21:51:17.242149] Rank 0: Total number of patches: 75 - (3, 5, 5) patches per (z,y,x) axis (per GPU)
[21:51:18.212341] Reading Zarr/H5 file: fisbe/biapy-channel-rot-zarr/train/label/R53A10-20181019_64_A4_c102_r0_k0.zarr
[21:51:18.220976] ### 3D-OV-CROP ###
[21:51:18.220996] Cropping (410, 683, 686, 1) images into (160, 160, 160, 1) with overlapping (axis order: ZYXC). . .
[21:51:18.221005] Minimum overlap selected: (0, 0, 0)
[21:51:18.221014] Padding: (0, 0, 0)
[21:51:18.221035] Real overlapping (%): (0.21875, 0.18125, 0.175)
[21:51:18.221046] Real overlapping (pixels): (35.0, 29.0, 28.0)
[21:51:18.221054] (3, 5, 5) patches per (z,y,x) axis
[21:51:18.221067] List of volume IDs to be processed by each GPU: [[0, 1, 2]]
[21:51:18.221079] Positions of each volume in Z axis: {0: [0, 160], 1: [125, 285], 2: [250, 410]}
[21:51:18.221089] Rank 0: Total number of patches: 75 - (3, 5, 5) patches per (z,y,x) axis (per GPU)
[21:51:18.751523] Reading Zarr/H5 file: fisbe/biapy-channel-rot-zarr/train/label/R53A10-20181019_64_A4_c102_r0_k1.zarr
[21:51:18.758559] ### 3D-OV-CROP ###
[21:51:18.758578] Cropping (683, 410, 686, 1) images into (160, 160, 160, 1) with overlapping (axis order: ZYXC). . .
[21:51:18.758589] Minimum overlap selected: (0, 0, 0)
[21:51:18.758597] Padding: (0, 0, 0)
[21:51:18.758619] Real overlapping (%): (0.18125, 0.21875, 0.175)
[21:51:18.758629] Real overlapping (pixels): (29.0, 35.0, 28.0)
[21:51:18.758637] (5, 5, 3) patches per (z,y,x) axis
[21:51:18.758652] List of volume IDs to be processed by each GPU: [[0, 1, 2, 3, 4]]
[21:51:18.758664] Positions of each volume in Z axis: {0: [0, 160], 1: [131, 291], 2: [262, 422], 3: [393, 553], 4: [524, 683]}
[21:51:18.758674] Rank 0: Total number of patches: 75 - (5, 5, 3) patches per (z,y,x) axis (per GPU)
[21:51:19.221688] Reading Zarr/H5 file: fisbe/biapy-channel-rot-zarr/train/label/R53A10-20181019_64_A4_c102_r0_k3.zarr
[21:51:19.228908] ### 3D-OV-CROP ###
[21:51:19.228929] Cropping (683, 410, 686, 1) images into (160, 160, 160, 1) with overlapping (axis order: ZYXC). . .
[21:51:19.228938] Minimum overlap selected: (0, 0, 0)
[21:51:19.228946] Padding: (0, 0, 0)
[21:51:19.228968] Real overlapping (%): (0.18125, 0.21875, 0.175)
[21:51:19.228977] Real overlapping (pixels): (29.0, 35.0, 28.0)
[21:51:19.228985] (5, 5, 3) patches per (z,y,x) axis
[21:51:19.228999] List of volume IDs to be processed by each GPU: [[0, 1, 2, 3, 4]]
[21:51:19.229012] Positions of each volume in Z axis: {0: [0, 160], 1: [131, 291], 2: [262, 422], 3: [393, 553], 4: [524, 683]}
[21:51:19.229022] Rank 0: Total number of patches: 75 - (5, 5, 3) patches per (z,y,x) axis (per GPU)
[21:51:19.652444] Reading Zarr/H5 file: fisbe/biapy-channel-rot-zarr/train/label/R53A10-20181019_64_A4_c102_r1_k0.zarr
[21:51:19.659607] ### 3D-OV-CROP ###
[21:51:19.659626] Cropping (410, 683, 686, 1) images into (160, 160, 160, 1) with overlapping (axis order: ZYXC). . .
[21:51:19.659635] Minimum overlap selected: (0, 0, 0)
[21:51:19.659644] Padding: (0, 0, 0)
[21:51:19.659666] Real overlapping (%): (0.21875, 0.18125, 0.175)
[21:51:19.659675] Real overlapping (pixels): (35.0, 29.0, 28.0)
[21:51:19.659684] (3, 5, 5) patches per (z,y,x) axis
[21:51:19.659697] List of volume IDs to be processed by each GPU: [[0, 1, 2]]
[21:51:19.659708] Positions of each volume in Z axis: {0: [0, 160], 1: [125, 285], 2: [250, 410]}
[21:51:19.659717] Rank 0: Total number of patches: 75 - (3, 5, 5) patches per (z,y,x) axis (per GPU)
[21:51:20.086309] Reading Zarr/H5 file: fisbe/biapy-channel-rot-zarr/train/label/R53A10-20181019_64_A4_c102_r1_k1.zarr
[21:51:20.096376] ### 3D-OV-CROP ###
[21:51:20.096399] Cropping (686, 683, 410, 1) images into (160, 160, 160, 1) with overlapping (axis order: ZYXC). . .
[21:51:20.096409] Minimum overlap selected: (0, 0, 0)
[21:51:20.096417] Padding: (0, 0, 0)
[21:51:20.096440] Real overlapping (%): (0.175, 0.18125, 0.21875)
[21:51:20.096450] Real overlapping (pixels): (28.0, 29.0, 35.0)
[21:51:20.096458] (5, 3, 5) patches per (z,y,x) axis
[21:51:20.096476] List of volume IDs to be processed by each GPU: [[0, 1, 2, 3, 4]]
[21:51:20.096489] Positions of each volume in Z axis: {0: [0, 160], 1: [132, 292], 2: [264, 424], 3: [396, 556], 4: [528, 686]}
[21:51:20.096498] Rank 0: Total number of patches: 75 - (5, 3, 5) patches per (z,y,x) axis (per GPU)
[21:51:20.608240] Reading Zarr/H5 file: fisbe/biapy-channel-rot-zarr/train/label/R53A10-20181019_64_A4_c102_r1_k3.zarr
[21:51:20.614062] ### 3D-OV-CROP ###
[21:51:20.614082] Cropping (686, 683, 410, 1) images into (160, 160, 160, 1) with overlapping (axis order: ZYXC). . .
[21:51:20.614092] Minimum overlap selected: (0, 0, 0)
[21:51:20.614101] Padding: (0, 0, 0)
[21:51:20.614122] Real overlapping (%): (0.175, 0.18125, 0.21875)
[21:51:20.614132] Real overlapping (pixels): (28.0, 29.0, 35.0)
[21:51:20.614139] (5, 3, 5) patches per (z,y,x) axis
[21:51:20.614153] List of volume IDs to be processed by each GPU: [[0, 1, 2, 3, 4]]
[21:51:20.614166] Positions of each volume in Z axis: {0: [0, 160], 1: [132, 292], 2: [264, 424], 3: [396, 556], 4: [528, 686]}
[21:51:20.614176] Rank 0: Total number of patches: 75 - (5, 3, 5) patches per (z,y,x) axis (per GPU)
[21:51:21.014202] Reading Zarr/H5 file: fisbe/biapy-channel-rot-zarr/train/label/R53A10-20181019_64_A4_c102_r2_k0.zarr
[21:51:21.023083] ### 3D-OV-CROP ###
[21:51:21.023103] Cropping (410, 683, 686, 1) images into (160, 160, 160, 1) with overlapping (axis order: ZYXC). . .
[21:51:21.023113] Minimum overlap selected: (0, 0, 0)
[21:51:21.023121] Padding: (0, 0, 0)
[21:51:21.023144] Real overlapping (%): (0.21875, 0.18125, 0.175)
[21:51:21.023154] Real overlapping (pixels): (35.0, 29.0, 28.0)
[21:51:21.023162] (3, 5, 5) patches per (z,y,x) axis
[21:51:21.023176] List of volume IDs to be processed by each GPU: [[0, 1, 2]]
[21:51:21.023187] Positions of each volume in Z axis: {0: [0, 160], 1: [125, 285], 2: [250, 410]}
[21:51:21.023196] Rank 0: Total number of patches: 75 - (3, 5, 5) patches per (z,y,x) axis (per GPU)
[21:51:21.472364] Reading Zarr/H5 file: fisbe/biapy-channel-rot-zarr/train/label/R53A10-20181019_64_A4_c102_r2_k1.zarr
[21:51:21.480597] ### 3D-OV-CROP ###
[21:51:21.480616] Cropping (410, 686, 683, 1) images into (160, 160, 160, 1) with overlapping (axis order: ZYXC). . .
[21:51:21.480625] Minimum overlap selected: (0, 0, 0)
[21:51:21.480633] Padding: (0, 0, 0)
[21:51:21.480655] Real overlapping (%): (0.21875, 0.175, 0.18125)
[21:51:21.480665] Real overlapping (pixels): (35.0, 28.0, 29.0)
[21:51:21.480674] (3, 5, 5) patches per (z,y,x) axis
[21:51:21.480686] List of volume IDs to be processed by each GPU: [[0, 1, 2]]
[21:51:21.480697] Positions of each volume in Z axis: {0: [0, 160], 1: [125, 285], 2: [250, 410]}
[21:51:21.480707] Rank 0: Total number of patches: 75 - (3, 5, 5) patches per (z,y,x) axis (per GPU)
[21:51:21.954830] Reading Zarr/H5 file: fisbe/biapy-channel-rot-zarr/train/label/R53A10-20181019_64_A4_c102_r2_k3.zarr
[21:51:21.961294] ### 3D-OV-CROP ###
[21:51:21.961314] Cropping (410, 686, 683, 1) images into (160, 160, 160, 1) with overlapping (axis order: ZYXC). . .
[21:51:21.961332] Minimum overlap selected: (0, 0, 0)
[21:51:21.961341] Padding: (0, 0, 0)
[21:51:21.961363] Real overlapping (%): (0.21875, 0.175, 0.18125)
[21:51:21.961373] Real overlapping (pixels): (35.0, 28.0, 29.0)
[21:51:21.961380] (3, 5, 5) patches per (z,y,x) axis
[21:51:21.961394] List of volume IDs to be processed by each GPU: [[0, 1, 2]]
[21:51:21.961406] Positions of each volume in Z axis: {0: [0, 160], 1: [125, 285], 2: [250, 410]}
[21:51:21.961415] Rank 0: Total number of patches: 75 - (3, 5, 5) patches per (z,y,x) axis (per GPU)
[21:51:22.447772] Reading Zarr/H5 file: fisbe/biapy-channel-rot-zarr/train/label/R53A10-20181019_64_A4_c201_r0_k0.zarr
[21:51:22.454376] ### 3D-OV-CROP ###
[21:51:22.454397] Cropping (410, 683, 686, 1) images into (160, 160, 160, 1) with overlapping (axis order: ZYXC). . .
[21:51:22.454407] Minimum overlap selected: (0, 0, 0)
[21:51:22.454415] Padding: (0, 0, 0)
[21:51:22.454436] Real overlapping (%): (0.21875, 0.18125, 0.175)
[21:51:22.454446] Real overlapping (pixels): (35.0, 29.0, 28.0)
[21:51:22.454454] (3, 5, 5) patches per (z,y,x) axis
[21:51:22.454467] List of volume IDs to be processed by each GPU: [[0, 1, 2]]
[21:51:22.454478] Positions of each volume in Z axis: {0: [0, 160], 1: [125, 285], 2: [250, 410]}
[21:51:22.454488] Rank 0: Total number of patches: 75 - (3, 5, 5) patches per (z,y,x) axis (per GPU)
[21:51:22.922406] Reading Zarr/H5 file: fisbe/biapy-channel-rot-zarr/train/label/R53A10-20181019_64_A4_c201_r0_k1.zarr
[21:51:22.928544] ### 3D-OV-CROP ###
[21:51:22.928564] Cropping (683, 410, 686, 1) images into (160, 160, 160, 1) with overlapping (axis order: ZYXC). . .
[21:51:22.928574] Minimum overlap selected: (0, 0, 0)
[21:51:22.928583] Padding: (0, 0, 0)
[21:51:22.928604] Real overlapping (%): (0.18125, 0.21875, 0.175)
[21:51:22.928615] Real overlapping (pixels): (29.0, 35.0, 28.0)
[21:51:22.928623] (5, 5, 3) patches per (z,y,x) axis
[21:51:22.928637] List of volume IDs to be processed by each GPU: [[0, 1, 2, 3, 4]]
[21:51:22.928649] Positions of each volume in Z axis: {0: [0, 160], 1: [131, 291], 2: [262, 422], 3: [393, 553], 4: [524, 683]}
[21:51:22.928659] Rank 0: Total number of patches: 75 - (5, 5, 3) patches per (z,y,x) axis (per GPU)
[21:51:23.407016] Reading Zarr/H5 file: fisbe/biapy-channel-rot-zarr/train/label/R53A10-20181019_64_A4_c201_r0_k3.zarr
[21:51:23.420192] ### 3D-OV-CROP ###
[21:51:23.420211] Cropping (683, 410, 686, 1) images into (160, 160, 160, 1) with overlapping (axis order: ZYXC). . .
[21:51:23.420221] Minimum overlap selected: (0, 0, 0)
[21:51:23.420236] Padding: (0, 0, 0)
[21:51:23.420258] Real overlapping (%): (0.18125, 0.21875, 0.175)
[21:51:23.420269] Real overlapping (pixels): (29.0, 35.0, 28.0)
[21:51:23.420277] (5, 5, 3) patches per (z,y,x) axis
[21:51:23.420291] List of volume IDs to be processed by each GPU: [[0, 1, 2, 3, 4]]
[21:51:23.420303] Positions of each volume in Z axis: {0: [0, 160], 1: [131, 291], 2: [262, 422], 3: [393, 553], 4: [524, 683]}
[21:51:23.420312] Rank 0: Total number of patches: 75 - (5, 5, 3) patches per (z,y,x) axis (per GPU)
[21:51:23.824404] Reading Zarr/H5 file: fisbe/biapy-channel-rot-zarr/train/label/R53A10-20181019_64_A4_c201_r1_k0.zarr
[21:51:23.832876] ### 3D-OV-CROP ###
[21:51:23.832896] Cropping (410, 683, 686, 1) images into (160, 160, 160, 1) with overlapping (axis order: ZYXC). . .
[21:51:23.832906] Minimum overlap selected: (0, 0, 0)
[21:51:23.832914] Padding: (0, 0, 0)
[21:51:23.832936] Real overlapping (%): (0.21875, 0.18125, 0.175)
[21:51:23.832946] Real overlapping (pixels): (35.0, 29.0, 28.0)
[21:51:23.832955] (3, 5, 5) patches per (z,y,x) axis
[21:51:23.832969] List of volume IDs to be processed by each GPU: [[0, 1, 2]]
[21:51:23.832980] Positions of each volume in Z axis: {0: [0, 160], 1: [125, 285], 2: [250, 410]}
[21:51:23.832990] Rank 0: Total number of patches: 75 - (3, 5, 5) patches per (z,y,x) axis (per GPU)
[21:51:24.267384] Reading Zarr/H5 file: fisbe/biapy-channel-rot-zarr/train/label/R53A10-20181019_64_A4_c201_r1_k1.zarr
[21:51:24.275162] ### 3D-OV-CROP ###
[21:51:24.275183] Cropping (686, 683, 410, 1) images into (160, 160, 160, 1) with overlapping (axis order: ZYXC). . .
[21:51:24.275192] Minimum overlap selected: (0, 0, 0)
[21:51:24.275201] Padding: (0, 0, 0)
[21:51:24.275222] Real overlapping (%): (0.175, 0.18125, 0.21875)
[21:51:24.275239] Real overlapping (pixels): (28.0, 29.0, 35.0)
[21:51:24.275248] (5, 3, 5) patches per (z,y,x) axis
[21:51:24.275262] List of volume IDs to be processed by each GPU: [[0, 1, 2, 3, 4]]
[21:51:24.275275] Positions of each volume in Z axis: {0: [0, 160], 1: [132, 292], 2: [264, 424], 3: [396, 556], 4: [528, 686]}
[21:51:24.275296] Rank 0: Total number of patches: 75 - (5, 3, 5) patches per (z,y,x) axis (per GPU)
[21:51:24.703496] Reading Zarr/H5 file: fisbe/biapy-channel-rot-zarr/train/label/R53A10-20181019_64_A4_c201_r1_k3.zarr
[21:51:24.709630] ### 3D-OV-CROP ###
[21:51:24.709650] Cropping (686, 683, 410, 1) images into (160, 160, 160, 1) with overlapping (axis order: ZYXC). . .
[21:51:24.709660] Minimum overlap selected: (0, 0, 0)
[21:51:24.709668] Padding: (0, 0, 0)
[21:51:24.709689] Real overlapping (%): (0.175, 0.18125, 0.21875)
[21:51:24.709700] Real overlapping (pixels): (28.0, 29.0, 35.0)
[21:51:24.709708] (5, 3, 5) patches per (z,y,x) axis
[21:51:24.709722] List of volume IDs to be processed by each GPU: [[0, 1, 2, 3, 4]]
[21:51:24.709734] Positions of each volume in Z axis: {0: [0, 160], 1: [132, 292], 2: [264, 424], 3: [396, 556], 4: [528, 686]}
[21:51:24.709742] Rank 0: Total number of patches: 75 - (5, 3, 5) patches per (z,y,x) axis (per GPU)
[21:51:25.127561] Reading Zarr/H5 file: fisbe/biapy-channel-rot-zarr/train/label/R53A10-20181019_64_A4_c201_r2_k0.zarr
[21:51:25.134918] ### 3D-OV-CROP ###
[21:51:25.134939] Cropping (410, 683, 686, 1) images into (160, 160, 160, 1) with overlapping (axis order: ZYXC). . .
[21:51:25.134949] Minimum overlap selected: (0, 0, 0)
[21:51:25.134959] Padding: (0, 0, 0)
[21:51:25.134981] Real overlapping (%): (0.21875, 0.18125, 0.175)
[21:51:25.134991] Real overlapping (pixels): (35.0, 29.0, 28.0)
[21:51:25.134999] (3, 5, 5) patches per (z,y,x) axis
[21:51:25.135013] List of volume IDs to be processed by each GPU: [[0, 1, 2]]
[21:51:25.135025] Positions of each volume in Z axis: {0: [0, 160], 1: [125, 285], 2: [250, 410]}
[21:51:25.135034] Rank 0: Total number of patches: 75 - (3, 5, 5) patches per (z,y,x) axis (per GPU)
[21:51:25.573266] Reading Zarr/H5 file: fisbe/biapy-channel-rot-zarr/train/label/R53A10-20181019_64_A4_c201_r2_k1.zarr
[21:51:25.580174] ### 3D-OV-CROP ###
[21:51:25.580194] Cropping (410, 686, 683, 1) images into (160, 160, 160, 1) with overlapping (axis order: ZYXC). . .
[21:51:25.580204] Minimum overlap selected: (0, 0, 0)
[21:51:25.580212] Padding: (0, 0, 0)
[21:51:25.580237] Real overlapping (%): (0.21875, 0.175, 0.18125)
[21:51:25.580248] Real overlapping (pixels): (35.0, 28.0, 29.0)
[21:51:25.580257] (3, 5, 5) patches per (z,y,x) axis
[21:51:25.580270] List of volume IDs to be processed by each GPU: [[0, 1, 2]]
[21:51:25.580282] Positions of each volume in Z axis: {0: [0, 160], 1: [125, 285], 2: [250, 410]}
[21:51:25.580291] Rank 0: Total number of patches: 75 - (3, 5, 5) patches per (z,y,x) axis (per GPU)
[21:51:26.052696] Reading Zarr/H5 file: fisbe/biapy-channel-rot-zarr/train/label/R53A10-20181019_64_A4_c201_r2_k3.zarr
[21:51:26.059379] ### 3D-OV-CROP ###
[21:51:26.059399] Cropping (410, 686, 683, 1) images into (160, 160, 160, 1) with overlapping (axis order: ZYXC). . .
[21:51:26.059408] Minimum overlap selected: (0, 0, 0)
[21:51:26.059417] Padding: (0, 0, 0)
[21:51:26.059439] Real overlapping (%): (0.21875, 0.175, 0.18125)
[21:51:26.059449] Real overlapping (pixels): (35.0, 28.0, 29.0)
[21:51:26.059458] (3, 5, 5) patches per (z,y,x) axis
[21:51:26.059471] List of volume IDs to be processed by each GPU: [[0, 1, 2]]
[21:51:26.059483] Positions of each volume in Z axis: {0: [0, 160], 1: [125, 285], 2: [250, 410]}
[21:51:26.059493] Rank 0: Total number of patches: 75 - (3, 5, 5) patches per (z,y,x) axis (per GPU)
[21:51:26.533363] Reading Zarr/H5 file: fisbe/biapy-channel-rot-zarr/train/label/R53A10-20181019_64_A4_c210_r0_k0.zarr
[21:51:26.544727] ### 3D-OV-CROP ###
[21:51:26.544748] Cropping (410, 683, 686, 1) images into (160, 160, 160, 1) with overlapping (axis order: ZYXC). . .
[21:51:26.544758] Minimum overlap selected: (0, 0, 0)
[21:51:26.544767] Padding: (0, 0, 0)
[21:51:26.544788] Real overlapping (%): (0.21875, 0.18125, 0.175)
[21:51:26.544798] Real overlapping (pixels): (35.0, 29.0, 28.0)
[21:51:26.544806] (3, 5, 5) patches per (z,y,x) axis
[21:51:26.544819] List of volume IDs to be processed by each GPU: [[0, 1, 2]]
[21:51:26.544837] Positions of each volume in Z axis: {0: [0, 160], 1: [125, 285], 2: [250, 410]}
[21:51:26.544846] Rank 0: Total number of patches: 75 - (3, 5, 5) patches per (z,y,x) axis (per GPU)
[21:51:26.983572] Reading Zarr/H5 file: fisbe/biapy-channel-rot-zarr/train/label/R53A10-20181019_64_A4_c210_r0_k1.zarr
[21:51:26.990706] ### 3D-OV-CROP ###
[21:51:26.990726] Cropping (683, 410, 686, 1) images into (160, 160, 160, 1) with overlapping (axis order: ZYXC). . .
[21:51:26.990736] Minimum overlap selected: (0, 0, 0)
[21:51:26.990744] Padding: (0, 0, 0)
[21:51:26.990764] Real overlapping (%): (0.18125, 0.21875, 0.175)
[21:51:26.990773] Real overlapping (pixels): (29.0, 35.0, 28.0)
[21:51:26.990781] (5, 5, 3) patches per (z,y,x) axis
[21:51:26.990794] List of volume IDs to be processed by each GPU: [[0, 1, 2, 3, 4]]
[21:51:26.990805] Positions of each volume in Z axis: {0: [0, 160], 1: [131, 291], 2: [262, 422], 3: [393, 553], 4: [524, 683]}
[21:51:26.990824] Rank 0: Total number of patches: 75 - (5, 5, 3) patches per (z,y,x) axis (per GPU)
[21:51:27.481502] Reading Zarr/H5 file: fisbe/biapy-channel-rot-zarr/train/label/R53A10-20181019_64_A4_c210_r0_k3.zarr
[21:51:27.489613] ### 3D-OV-CROP ###
[21:51:27.489634] Cropping (683, 410, 686, 1) images into (160, 160, 160, 1) with overlapping (axis order: ZYXC). . .
[21:51:27.489644] Minimum overlap selected: (0, 0, 0)
[21:51:27.489652] Padding: (0, 0, 0)
[21:51:27.489673] Real overlapping (%): (0.18125, 0.21875, 0.175)
[21:51:27.489683] Real overlapping (pixels): (29.0, 35.0, 28.0)
[21:51:27.489691] (5, 5, 3) patches per (z,y,x) axis
[21:51:27.489705] List of volume IDs to be processed by each GPU: [[0, 1, 2, 3, 4]]
[21:51:27.489716] Positions of each volume in Z axis: {0: [0, 160], 1: [131, 291], 2: [262, 422], 3: [393, 553], 4: [524, 683]}
[21:51:27.489726] Rank 0: Total number of patches: 75 - (5, 5, 3) patches per (z,y,x) axis (per GPU)
[21:51:27.930605] Reading Zarr/H5 file: fisbe/biapy-channel-rot-zarr/train/label/R53A10-20181019_64_A4_c210_r1_k0.zarr
[21:51:27.937668] ### 3D-OV-CROP ###
[21:51:27.937687] Cropping (410, 683, 686, 1) images into (160, 160, 160, 1) with overlapping (axis order: ZYXC). . .
[21:51:27.937696] Minimum overlap selected: (0, 0, 0)
[21:51:27.937706] Padding: (0, 0, 0)
[21:51:27.937727] Real overlapping (%): (0.21875, 0.18125, 0.175)
[21:51:27.937738] Real overlapping (pixels): (35.0, 29.0, 28.0)
[21:51:27.937746] (3, 5, 5) patches per (z,y,x) axis
[21:51:27.937760] List of volume IDs to be processed by each GPU: [[0, 1, 2]]
[21:51:27.937772] Positions of each volume in Z axis: {0: [0, 160], 1: [125, 285], 2: [250, 410]}
[21:51:27.937781] Rank 0: Total number of patches: 75 - (3, 5, 5) patches per (z,y,x) axis (per GPU)
[21:51:28.369498] Reading Zarr/H5 file: fisbe/biapy-channel-rot-zarr/train/label/R53A10-20181019_64_A4_c210_r1_k1.zarr
[21:51:28.378560] ### 3D-OV-CROP ###
[21:51:28.378583] Cropping (686, 683, 410, 1) images into (160, 160, 160, 1) with overlapping (axis order: ZYXC). . .
[21:51:28.378593] Minimum overlap selected: (0, 0, 0)
[21:51:28.378601] Padding: (0, 0, 0)
[21:51:28.378622] Real overlapping (%): (0.175, 0.18125, 0.21875)
[21:51:28.378632] Real overlapping (pixels): (28.0, 29.0, 35.0)
[21:51:28.378640] (5, 3, 5) patches per (z,y,x) axis
[21:51:28.378655] List of volume IDs to be processed by each GPU: [[0, 1, 2, 3, 4]]
[21:51:28.378668] Positions of each volume in Z axis: {0: [0, 160], 1: [132, 292], 2: [264, 424], 3: [396, 556], 4: [528, 686]}
[21:51:28.378677] Rank 0: Total number of patches: 75 - (5, 3, 5) patches per (z,y,x) axis (per GPU)
[21:51:28.800901] Reading Zarr/H5 file: fisbe/biapy-channel-rot-zarr/train/label/R53A10-20181019_64_A4_c210_r1_k3.zarr
[21:51:28.809893] ### 3D-OV-CROP ###
[21:51:28.809914] Cropping (686, 683, 410, 1) images into (160, 160, 160, 1) with overlapping (axis order: ZYXC). . .
[21:51:28.809924] Minimum overlap selected: (0, 0, 0)
[21:51:28.809942] Padding: (0, 0, 0)
[21:51:28.809964] Real overlapping (%): (0.175, 0.18125, 0.21875)
[21:51:28.809977] Real overlapping (pixels): (28.0, 29.0, 35.0)
[21:51:28.809986] (5, 3, 5) patches per (z,y,x) axis
[21:51:28.810000] List of volume IDs to be processed by each GPU: [[0, 1, 2, 3, 4]]
[21:51:28.810013] Positions of each volume in Z axis: {0: [0, 160], 1: [132, 292], 2: [264, 424], 3: [396, 556], 4: [528, 686]}
[21:51:28.810022] Rank 0: Total number of patches: 75 - (5, 3, 5) patches per (z,y,x) axis (per GPU)
[21:51:29.251712] Reading Zarr/H5 file: fisbe/biapy-channel-rot-zarr/train/label/R53A10-20181019_64_A4_c210_r2_k0.zarr
[21:51:29.258253] ### 3D-OV-CROP ###
[21:51:29.258273] Cropping (410, 683, 686, 1) images into (160, 160, 160, 1) with overlapping (axis order: ZYXC). . .
[21:51:29.258283] Minimum overlap selected: (0, 0, 0)
[21:51:29.258292] Padding: (0, 0, 0)
[21:51:29.258313] Real overlapping (%): (0.21875, 0.18125, 0.175)
[21:51:29.258323] Real overlapping (pixels): (35.0, 29.0, 28.0)
[21:51:29.258331] (3, 5, 5) patches per (z,y,x) axis
[21:51:29.258344] List of volume IDs to be processed by each GPU: [[0, 1, 2]]
[21:51:29.258355] Positions of each volume in Z axis: {0: [0, 160], 1: [125, 285], 2: [250, 410]}
[21:51:29.258364] Rank 0: Total number of patches: 75 - (3, 5, 5) patches per (z,y,x) axis (per GPU)
[21:51:29.697914] Reading Zarr/H5 file: fisbe/biapy-channel-rot-zarr/train/label/R53A10-20181019_64_A4_c210_r2_k1.zarr
[21:51:29.704743] ### 3D-OV-CROP ###
[21:51:29.704762] Cropping (410, 686, 683, 1) images into (160, 160, 160, 1) with overlapping (axis order: ZYXC). . .
[21:51:29.704772] Minimum overlap selected: (0, 0, 0)
[21:51:29.704781] Padding: (0, 0, 0)
[21:51:29.704803] Real overlapping (%): (0.21875, 0.175, 0.18125)
[21:51:29.704814] Real overlapping (pixels): (35.0, 28.0, 29.0)
[21:51:29.704822] (3, 5, 5) patches per (z,y,x) axis
[21:51:29.704836] List of volume IDs to be processed by each GPU: [[0, 1, 2]]
[21:51:29.704847] Positions of each volume in Z axis: {0: [0, 160], 1: [125, 285], 2: [250, 410]}
[21:51:29.704856] Rank 0: Total number of patches: 75 - (3, 5, 5) patches per (z,y,x) axis (per GPU)
[21:51:30.148067] Reading Zarr/H5 file: fisbe/biapy-channel-rot-zarr/train/label/R53A10-20181019_64_A4_c210_r2_k3.zarr
[21:51:30.154938] ### 3D-OV-CROP ###
[21:51:30.154958] Cropping (410, 686, 683, 1) images into (160, 160, 160, 1) with overlapping (axis order: ZYXC). . .
[21:51:30.154968] Minimum overlap selected: (0, 0, 0)
[21:51:30.154977] Padding: (0, 0, 0)
[21:51:30.155000] Real overlapping (%): (0.21875, 0.175, 0.18125)
[21:51:30.155011] Real overlapping (pixels): (35.0, 28.0, 29.0)
[21:51:30.155019] (3, 5, 5) patches per (z,y,x) axis
[21:51:30.155031] List of volume IDs to be processed by each GPU: [[0, 1, 2]]
[21:51:30.155043] Positions of each volume in Z axis: {0: [0, 160], 1: [125, 285], 2: [250, 410]}
[21:51:30.155052] Rank 0: Total number of patches: 75 - (3, 5, 5) patches per (z,y,x) axis (per GPU)
[21:51:30.595031] Reading Zarr/H5 file: fisbe/biapy-channel-rot-zarr/train/label/R75E01-20181030_64_D1_c021_r0_k0.zarr
[21:51:30.602370] ### 3D-OV-CROP ###
[21:51:30.602389] Cropping (401, 685, 685, 1) images into (160, 160, 160, 1) with overlapping (axis order: ZYXC). . .
[21:51:30.602400] Minimum overlap selected: (0, 0, 0)
[21:51:30.602408] Padding: (0, 0, 0)
[21:51:30.602429] Real overlapping (%): (0.24375, 0.175, 0.175)
[21:51:30.602439] Real overlapping (pixels): (39.0, 28.0, 28.0)
[21:51:30.602447] (3, 5, 5) patches per (z,y,x) axis
[21:51:30.602461] List of volume IDs to be processed by each GPU: [[0, 1, 2]]
[21:51:30.602471] Positions of each volume in Z axis: {0: [0, 160], 1: [121, 281], 2: [242, 401]}
[21:51:30.602480] Rank 0: Total number of patches: 75 - (3, 5, 5) patches per (z,y,x) axis (per GPU)
[21:51:31.101613] Reading Zarr/H5 file: fisbe/biapy-channel-rot-zarr/train/label/R75E01-20181030_64_D1_c021_r0_k1.zarr
[21:51:31.110558] ### 3D-OV-CROP ###
[21:51:31.110576] Cropping (685, 401, 685, 1) images into (160, 160, 160, 1) with overlapping (axis order: ZYXC). . .
[21:51:31.110586] Minimum overlap selected: (0, 0, 0)
[21:51:31.110594] Padding: (0, 0, 0)
[21:51:31.110622] Real overlapping (%): (0.175, 0.24375, 0.175)
[21:51:31.110632] Real overlapping (pixels): (28.0, 39.0, 28.0)
[21:51:31.110641] (5, 5, 3) patches per (z,y,x) axis
[21:51:31.110655] List of volume IDs to be processed by each GPU: [[0, 1, 2, 3, 4]]
[21:51:31.110667] Positions of each volume in Z axis: {0: [0, 160], 1: [132, 292], 2: [264, 424], 3: [396, 556], 4: [528, 685]}
[21:51:31.110676] Rank 0: Total number of patches: 75 - (5, 5, 3) patches per (z,y,x) axis (per GPU)
[21:51:31.557199] Reading Zarr/H5 file: fisbe/biapy-channel-rot-zarr/train/label/R75E01-20181030_64_D1_c021_r0_k3.zarr
[21:51:31.565616] ### 3D-OV-CROP ###
[21:51:31.565635] Cropping (685, 401, 685, 1) images into (160, 160, 160, 1) with overlapping (axis order: ZYXC). . .
[21:51:31.565645] Minimum overlap selected: (0, 0, 0)
[21:51:31.565654] Padding: (0, 0, 0)
[21:51:31.565674] Real overlapping (%): (0.175, 0.24375, 0.175)
[21:51:31.565684] Real overlapping (pixels): (28.0, 39.0, 28.0)
[21:51:31.565692] (5, 5, 3) patches per (z,y,x) axis
[21:51:31.565706] List of volume IDs to be processed by each GPU: [[0, 1, 2, 3, 4]]
[21:51:31.565719] Positions of each volume in Z axis: {0: [0, 160], 1: [132, 292], 2: [264, 424], 3: [396, 556], 4: [528, 685]}
[21:51:31.565728] Rank 0: Total number of patches: 75 - (5, 5, 3) patches per (z,y,x) axis (per GPU)
[21:51:32.035256] Reading Zarr/H5 file: fisbe/biapy-channel-rot-zarr/train/label/R75E01-20181030_64_D1_c021_r1_k0.zarr
[21:51:32.041193] ### 3D-OV-CROP ###
[21:51:32.041214] Cropping (401, 685, 685, 1) images into (160, 160, 160, 1) with overlapping (axis order: ZYXC). . .
[21:51:32.041224] Minimum overlap selected: (0, 0, 0)
[21:51:32.041236] Padding: (0, 0, 0)
[21:51:32.041257] Real overlapping (%): (0.24375, 0.175, 0.175)
[21:51:32.041267] Real overlapping (pixels): (39.0, 28.0, 28.0)
[21:51:32.041275] (3, 5, 5) patches per (z,y,x) axis
[21:51:32.041289] List of volume IDs to be processed by each GPU: [[0, 1, 2]]
[21:51:32.041301] Positions of each volume in Z axis: {0: [0, 160], 1: [121, 281], 2: [242, 401]}
[21:51:32.041310] Rank 0: Total number of patches: 75 - (3, 5, 5) patches per (z,y,x) axis (per GPU)
[21:51:32.727133] Reading Zarr/H5 file: fisbe/biapy-channel-rot-zarr/train/label/R75E01-20181030_64_D1_c021_r1_k1.zarr
[21:51:32.733983] ### 3D-OV-CROP ###
[21:51:32.734004] Cropping (685, 685, 401, 1) images into (160, 160, 160, 1) with overlapping (axis order: ZYXC). . .
[21:51:32.734014] Minimum overlap selected: (0, 0, 0)
[21:51:32.734022] Padding: (0, 0, 0)
[21:51:32.734043] Real overlapping (%): (0.175, 0.175, 0.24375)
[21:51:32.734053] Real overlapping (pixels): (28.0, 28.0, 39.0)
[21:51:32.734061] (5, 3, 5) patches per (z,y,x) axis
[21:51:32.734075] List of volume IDs to be processed by each GPU: [[0, 1, 2, 3, 4]]
[21:51:32.734088] Positions of each volume in Z axis: {0: [0, 160], 1: [132, 292], 2: [264, 424], 3: [396, 556], 4: [528, 685]}
[21:51:32.734098] Rank 0: Total number of patches: 75 - (5, 3, 5) patches per (z,y,x) axis (per GPU)
[21:51:33.163835] Reading Zarr/H5 file: fisbe/biapy-channel-rot-zarr/train/label/R75E01-20181030_64_D1_c021_r1_k3.zarr
[21:51:33.174040] ### 3D-OV-CROP ###
[21:51:33.174061] Cropping (685, 685, 401, 1) images into (160, 160, 160, 1) with overlapping (axis order: ZYXC). . .
[21:51:33.174071] Minimum overlap selected: (0, 0, 0)
[21:51:33.174080] Padding: (0, 0, 0)
[21:51:33.174100] Real overlapping (%): (0.175, 0.175, 0.24375)
[21:51:33.174110] Real overlapping (pixels): (28.0, 28.0, 39.0)
[21:51:33.174118] (5, 3, 5) patches per (z,y,x) axis
[21:51:33.174133] List of volume IDs to be processed by each GPU: [[0, 1, 2, 3, 4]]
[21:51:33.174146] Positions of each volume in Z axis: {0: [0, 160], 1: [132, 292], 2: [264, 424], 3: [396, 556], 4: [528, 685]}
[21:51:33.174155] Rank 0: Total number of patches: 75 - (5, 3, 5) patches per (z,y,x) axis (per GPU)
[21:51:33.695387] Reading Zarr/H5 file: fisbe/biapy-channel-rot-zarr/train/label/R75E01-20181030_64_D1_c021_r2_k0.zarr
[21:51:33.703712] ### 3D-OV-CROP ###
[21:51:33.703733] Cropping (401, 685, 685, 1) images into (160, 160, 160, 1) with overlapping (axis order: ZYXC). . .
[21:51:33.703760] Minimum overlap selected: (0, 0, 0)
[21:51:33.703768] Padding: (0, 0, 0)
[21:51:33.703788] Real overlapping (%): (0.24375, 0.175, 0.175)
[21:51:33.703798] Real overlapping (pixels): (39.0, 28.0, 28.0)
[21:51:33.703806] (3, 5, 5) patches per (z,y,x) axis
[21:51:33.703820] List of volume IDs to be processed by each GPU: [[0, 1, 2]]
[21:51:33.703832] Positions of each volume in Z axis: {0: [0, 160], 1: [121, 281], 2: [242, 401]}
[21:51:33.703841] Rank 0: Total number of patches: 75 - (3, 5, 5) patches per (z,y,x) axis (per GPU)
[21:51:34.144388] Reading Zarr/H5 file: fisbe/biapy-channel-rot-zarr/train/label/R75E01-20181030_64_D1_c021_r2_k1.zarr
[21:51:34.150682] ### 3D-OV-CROP ###
[21:51:34.150702] Cropping (401, 685, 685, 1) images into (160, 160, 160, 1) with overlapping (axis order: ZYXC). . .
[21:51:34.150712] Minimum overlap selected: (0, 0, 0)
[21:51:34.150720] Padding: (0, 0, 0)
[21:51:34.150742] Real overlapping (%): (0.24375, 0.175, 0.175)
[21:51:34.150752] Real overlapping (pixels): (39.0, 28.0, 28.0)
[21:51:34.150767] (3, 5, 5) patches per (z,y,x) axis
[21:51:34.150781] List of volume IDs to be processed by each GPU: [[0, 1, 2]]
[21:51:34.150792] Positions of each volume in Z axis: {0: [0, 160], 1: [121, 281], 2: [242, 401]}
[21:51:34.150802] Rank 0: Total number of patches: 75 - (3, 5, 5) patches per (z,y,x) axis (per GPU)
[21:51:34.600406] Reading Zarr/H5 file: fisbe/biapy-channel-rot-zarr/train/label/R75E01-20181030_64_D1_c021_r2_k3.zarr
[21:51:34.607284] ### 3D-OV-CROP ###
[21:51:34.607302] Cropping (401, 685, 685, 1) images into (160, 160, 160, 1) with overlapping (axis order: ZYXC). . .
[21:51:34.607312] Minimum overlap selected: (0, 0, 0)
[21:51:34.607320] Padding: (0, 0, 0)
[21:51:34.607341] Real overlapping (%): (0.24375, 0.175, 0.175)
[21:51:34.607351] Real overlapping (pixels): (39.0, 28.0, 28.0)
[21:51:34.607359] (3, 5, 5) patches per (z,y,x) axis
[21:51:34.607373] List of volume IDs to be processed by each GPU: [[0, 1, 2]]
[21:51:34.607385] Positions of each volume in Z axis: {0: [0, 160], 1: [121, 281], 2: [242, 401]}
[21:51:34.607394] Rank 0: Total number of patches: 75 - (3, 5, 5) patches per (z,y,x) axis (per GPU)
[21:51:35.062487] Reading Zarr/H5 file: fisbe/biapy-channel-rot-zarr/train/label/R75E01-20181030_64_D1_c120_r0_k0.zarr
[21:51:35.069203] ### 3D-OV-CROP ###
[21:51:35.069221] Cropping (401, 685, 685, 1) images into (160, 160, 160, 1) with overlapping (axis order: ZYXC). . .
[21:51:35.069234] Minimum overlap selected: (0, 0, 0)
[21:51:35.069243] Padding: (0, 0, 0)
[21:51:35.069264] Real overlapping (%): (0.24375, 0.175, 0.175)
[21:51:35.069274] Real overlapping (pixels): (39.0, 28.0, 28.0)
[21:51:35.069282] (3, 5, 5) patches per (z,y,x) axis
[21:51:35.069296] List of volume IDs to be processed by each GPU: [[0, 1, 2]]
[21:51:35.069308] Positions of each volume in Z axis: {0: [0, 160], 1: [121, 281], 2: [242, 401]}
[21:51:35.069317] Rank 0: Total number of patches: 75 - (3, 5, 5) patches per (z,y,x) axis (per GPU)
[21:51:35.515366] Reading Zarr/H5 file: fisbe/biapy-channel-rot-zarr/train/label/R75E01-20181030_64_D1_c120_r0_k1.zarr
[21:51:35.524850] ### 3D-OV-CROP ###
[21:51:35.524872] Cropping (685, 401, 685, 1) images into (160, 160, 160, 1) with overlapping (axis order: ZYXC). . .
[21:51:35.524882] Minimum overlap selected: (0, 0, 0)
[21:51:35.524891] Padding: (0, 0, 0)
[21:51:35.524912] Real overlapping (%): (0.175, 0.24375, 0.175)
[21:51:35.524922] Real overlapping (pixels): (28.0, 39.0, 28.0)
[21:51:35.524930] (5, 5, 3) patches per (z,y,x) axis
[21:51:35.524944] List of volume IDs to be processed by each GPU: [[0, 1, 2, 3, 4]]
[21:51:35.524955] Positions of each volume in Z axis: {0: [0, 160], 1: [132, 292], 2: [264, 424], 3: [396, 556], 4: [528, 685]}
[21:51:35.524964] Rank 0: Total number of patches: 75 - (5, 5, 3) patches per (z,y,x) axis (per GPU)
[21:51:35.986881] Reading Zarr/H5 file: fisbe/biapy-channel-rot-zarr/train/label/R75E01-20181030_64_D1_c120_r0_k3.zarr
[21:51:35.996753] ### 3D-OV-CROP ###
[21:51:35.996778] Cropping (685, 401, 685, 1) images into (160, 160, 160, 1) with overlapping (axis order: ZYXC). . .
[21:51:35.996788] Minimum overlap selected: (0, 0, 0)
[21:51:35.996796] Padding: (0, 0, 0)
[21:51:35.996816] Real overlapping (%): (0.175, 0.24375, 0.175)
[21:51:35.996827] Real overlapping (pixels): (28.0, 39.0, 28.0)
[21:51:35.996836] (5, 5, 3) patches per (z,y,x) axis
[21:51:35.996850] List of volume IDs to be processed by each GPU: [[0, 1, 2, 3, 4]]
[21:51:35.996862] Positions of each volume in Z axis: {0: [0, 160], 1: [132, 292], 2: [264, 424], 3: [396, 556], 4: [528, 685]}
[21:51:35.996872] Rank 0: Total number of patches: 75 - (5, 5, 3) patches per (z,y,x) axis (per GPU)
[21:51:36.490174] Reading Zarr/H5 file: fisbe/biapy-channel-rot-zarr/train/label/R75E01-20181030_64_D1_c120_r1_k0.zarr
[21:51:36.497608] ### 3D-OV-CROP ###
[21:51:36.497628] Cropping (401, 685, 685, 1) images into (160, 160, 160, 1) with overlapping (axis order: ZYXC). . .
[21:51:36.497638] Minimum overlap selected: (0, 0, 0)
[21:51:36.497647] Padding: (0, 0, 0)
[21:51:36.497667] Real overlapping (%): (0.24375, 0.175, 0.175)
[21:51:36.497678] Real overlapping (pixels): (39.0, 28.0, 28.0)
[21:51:36.497687] (3, 5, 5) patches per (z,y,x) axis
[21:51:36.497700] List of volume IDs to be processed by each GPU: [[0, 1, 2]]
[21:51:36.497712] Positions of each volume in Z axis: {0: [0, 160], 1: [121, 281], 2: [242, 401]}
[21:51:36.497721] Rank 0: Total number of patches: 75 - (3, 5, 5) patches per (z,y,x) axis (per GPU)
[21:51:36.974481] Reading Zarr/H5 file: fisbe/biapy-channel-rot-zarr/train/label/R75E01-20181030_64_D1_c120_r1_k1.zarr
[21:51:36.982908] ### 3D-OV-CROP ###
[21:51:36.982929] Cropping (685, 685, 401, 1) images into (160, 160, 160, 1) with overlapping (axis order: ZYXC). . .
[21:51:36.982939] Minimum overlap selected: (0, 0, 0)
[21:51:36.982948] Padding: (0, 0, 0)
[21:51:36.982969] Real overlapping (%): (0.175, 0.175, 0.24375)
[21:51:36.982980] Real overlapping (pixels): (28.0, 28.0, 39.0)
[21:51:36.982988] (5, 3, 5) patches per (z,y,x) axis
[21:51:36.983003] List of volume IDs to be processed by each GPU: [[0, 1, 2, 3, 4]]
[21:51:36.983015] Positions of each volume in Z axis: {0: [0, 160], 1: [132, 292], 2: [264, 424], 3: [396, 556], 4: [528, 685]}
[21:51:36.983025] Rank 0: Total number of patches: 75 - (5, 3, 5) patches per (z,y,x) axis (per GPU)
[21:51:37.414772] Reading Zarr/H5 file: fisbe/biapy-channel-rot-zarr/train/label/R75E01-20181030_64_D1_c120_r1_k3.zarr
[21:51:37.423465] ### 3D-OV-CROP ###
[21:51:37.423484] Cropping (685, 685, 401, 1) images into (160, 160, 160, 1) with overlapping (axis order: ZYXC). . .
[21:51:37.423494] Minimum overlap selected: (0, 0, 0)
[21:51:37.423502] Padding: (0, 0, 0)
[21:51:37.423522] Real overlapping (%): (0.175, 0.175, 0.24375)
[21:51:37.423533] Real overlapping (pixels): (28.0, 28.0, 39.0)
[21:51:37.423541] (5, 3, 5) patches per (z,y,x) axis
[21:51:37.423555] List of volume IDs to be processed by each GPU: [[0, 1, 2, 3, 4]]
[21:51:37.423567] Positions of each volume in Z axis: {0: [0, 160], 1: [132, 292], 2: [264, 424], 3: [396, 556], 4: [528, 685]}
[21:51:37.423577] Rank 0: Total number of patches: 75 - (5, 3, 5) patches per (z,y,x) axis (per GPU)
[21:51:37.908516] Reading Zarr/H5 file: fisbe/biapy-channel-rot-zarr/train/label/R75E01-20181030_64_D1_c120_r2_k0.zarr
[21:51:37.915073] ### 3D-OV-CROP ###
[21:51:37.915093] Cropping (401, 685, 685, 1) images into (160, 160, 160, 1) with overlapping (axis order: ZYXC). . .
[21:51:37.915103] Minimum overlap selected: (0, 0, 0)
[21:51:37.915113] Padding: (0, 0, 0)
[21:51:37.915134] Real overlapping (%): (0.24375, 0.175, 0.175)
[21:51:37.915143] Real overlapping (pixels): (39.0, 28.0, 28.0)
[21:51:37.915151] (3, 5, 5) patches per (z,y,x) axis
[21:51:37.915165] List of volume IDs to be processed by each GPU: [[0, 1, 2]]
[21:51:37.915176] Positions of each volume in Z axis: {0: [0, 160], 1: [121, 281], 2: [242, 401]}
[21:51:37.915186] Rank 0: Total number of patches: 75 - (3, 5, 5) patches per (z,y,x) axis (per GPU)
[21:51:38.394122] Reading Zarr/H5 file: fisbe/biapy-channel-rot-zarr/train/label/R75E01-20181030_64_D1_c120_r2_k1.zarr
[21:51:38.402550] ### 3D-OV-CROP ###
[21:51:38.402571] Cropping (401, 685, 685, 1) images into (160, 160, 160, 1) with overlapping (axis order: ZYXC). . .
[21:51:38.402581] Minimum overlap selected: (0, 0, 0)
[21:51:38.402590] Padding: (0, 0, 0)
[21:51:38.402609] Real overlapping (%): (0.24375, 0.175, 0.175)
[21:51:38.402620] Real overlapping (pixels): (39.0, 28.0, 28.0)
[21:51:38.402629] (3, 5, 5) patches per (z,y,x) axis
[21:51:38.402642] List of volume IDs to be processed by each GPU: [[0, 1, 2]]
[21:51:38.402653] Positions of each volume in Z axis: {0: [0, 160], 1: [121, 281], 2: [242, 401]}
[21:51:38.402663] Rank 0: Total number of patches: 75 - (3, 5, 5) patches per (z,y,x) axis (per GPU)
[21:51:38.893445] Reading Zarr/H5 file: fisbe/biapy-channel-rot-zarr/train/label/R75E01-20181030_64_D1_c120_r2_k3.zarr
[21:51:38.900954] ### 3D-OV-CROP ###
[21:51:38.900975] Cropping (401, 685, 685, 1) images into (160, 160, 160, 1) with overlapping (axis order: ZYXC). . .
[21:51:38.900985] Minimum overlap selected: (0, 0, 0)
[21:51:38.900994] Padding: (0, 0, 0)
[21:51:38.901015] Real overlapping (%): (0.24375, 0.175, 0.175)
[21:51:38.901026] Real overlapping (pixels): (39.0, 28.0, 28.0)
[21:51:38.901034] (3, 5, 5) patches per (z,y,x) axis
[21:51:38.901047] List of volume IDs to be processed by each GPU: [[0, 1, 2]]
[21:51:38.901059] Positions of each volume in Z axis: {0: [0, 160], 1: [121, 281], 2: [242, 401]}
[21:51:38.901069] Rank 0: Total number of patches: 75 - (3, 5, 5) patches per (z,y,x) axis (per GPU)
[21:51:39.410664] Reading Zarr/H5 file: fisbe/biapy-channel-rot-zarr/train/label/R75E01-20181030_64_D1_c201_r0_k0.zarr
[21:51:39.418268] ### 3D-OV-CROP ###
[21:51:39.418288] Cropping (401, 685, 685, 1) images into (160, 160, 160, 1) with overlapping (axis order: ZYXC). . .
[21:51:39.418299] Minimum overlap selected: (0, 0, 0)
[21:51:39.418307] Padding: (0, 0, 0)
[21:51:39.418328] Real overlapping (%): (0.24375, 0.175, 0.175)
[21:51:39.418338] Real overlapping (pixels): (39.0, 28.0, 28.0)
[21:51:39.418346] (3, 5, 5) patches per (z,y,x) axis
[21:51:39.418367] List of volume IDs to be processed by each GPU: [[0, 1, 2]]
[21:51:39.418379] Positions of each volume in Z axis: {0: [0, 160], 1: [121, 281], 2: [242, 401]}
[21:51:39.418389] Rank 0: Total number of patches: 75 - (3, 5, 5) patches per (z,y,x) axis (per GPU)
[21:51:39.856727] Reading Zarr/H5 file: fisbe/biapy-channel-rot-zarr/train/label/R75E01-20181030_64_D1_c201_r0_k1.zarr
[21:51:39.864119] ### 3D-OV-CROP ###
[21:51:39.864139] Cropping (685, 401, 685, 1) images into (160, 160, 160, 1) with overlapping (axis order: ZYXC). . .
[21:51:39.864148] Minimum overlap selected: (0, 0, 0)
[21:51:39.864156] Padding: (0, 0, 0)
[21:51:39.864176] Real overlapping (%): (0.175, 0.24375, 0.175)
[21:51:39.864186] Real overlapping (pixels): (28.0, 39.0, 28.0)
[21:51:39.864194] (5, 5, 3) patches per (z,y,x) axis
[21:51:39.864208] List of volume IDs to be processed by each GPU: [[0, 1, 2, 3, 4]]
[21:51:39.864220] Positions of each volume in Z axis: {0: [0, 160], 1: [132, 292], 2: [264, 424], 3: [396, 556], 4: [528, 685]}
[21:51:39.864229] Rank 0: Total number of patches: 75 - (5, 5, 3) patches per (z,y,x) axis (per GPU)
[21:51:40.332705] Reading Zarr/H5 file: fisbe/biapy-channel-rot-zarr/train/label/R75E01-20181030_64_D1_c201_r0_k3.zarr
[21:51:40.340763] ### 3D-OV-CROP ###
[21:51:40.340783] Cropping (685, 401, 685, 1) images into (160, 160, 160, 1) with overlapping (axis order: ZYXC). . .
[21:51:40.340793] Minimum overlap selected: (0, 0, 0)
[21:51:40.340802] Padding: (0, 0, 0)
[21:51:40.340823] Real overlapping (%): (0.175, 0.24375, 0.175)
[21:51:40.340833] Real overlapping (pixels): (28.0, 39.0, 28.0)
[21:51:40.340841] (5, 5, 3) patches per (z,y,x) axis
[21:51:40.340855] List of volume IDs to be processed by each GPU: [[0, 1, 2, 3, 4]]
[21:51:40.340867] Positions of each volume in Z axis: {0: [0, 160], 1: [132, 292], 2: [264, 424], 3: [396, 556], 4: [528, 685]}
[21:51:40.340876] Rank 0: Total number of patches: 75 - (5, 5, 3) patches per (z,y,x) axis (per GPU)
[21:51:40.815565] Reading Zarr/H5 file: fisbe/biapy-channel-rot-zarr/train/label/R75E01-20181030_64_D1_c201_r1_k0.zarr
[21:51:40.821909] ### 3D-OV-CROP ###
[21:51:40.821928] Cropping (401, 685, 685, 1) images into (160, 160, 160, 1) with overlapping (axis order: ZYXC). . .
[21:51:40.821938] Minimum overlap selected: (0, 0, 0)
[21:51:40.821946] Padding: (0, 0, 0)
[21:51:40.821967] Real overlapping (%): (0.24375, 0.175, 0.175)
[21:51:40.821977] Real overlapping (pixels): (39.0, 28.0, 28.0)
[21:51:40.821985] (3, 5, 5) patches per (z,y,x) axis
[21:51:40.821998] List of volume IDs to be processed by each GPU: [[0, 1, 2]]
[21:51:40.822010] Positions of each volume in Z axis: {0: [0, 160], 1: [121, 281], 2: [242, 401]}
[21:51:40.822019] Rank 0: Total number of patches: 75 - (3, 5, 5) patches per (z,y,x) axis (per GPU)
[21:51:41.282053] Reading Zarr/H5 file: fisbe/biapy-channel-rot-zarr/train/label/R75E01-20181030_64_D1_c201_r1_k1.zarr
[21:51:41.289241] ### 3D-OV-CROP ###
[21:51:41.289270] Cropping (685, 685, 401, 1) images into (160, 160, 160, 1) with overlapping (axis order: ZYXC). . .
[21:51:41.289281] Minimum overlap selected: (0, 0, 0)
[21:51:41.289289] Padding: (0, 0, 0)
[21:51:41.289310] Real overlapping (%): (0.175, 0.175, 0.24375)
[21:51:41.289321] Real overlapping (pixels): (28.0, 28.0, 39.0)
[21:51:41.289329] (5, 3, 5) patches per (z,y,x) axis
[21:51:41.289343] List of volume IDs to be processed by each GPU: [[0, 1, 2, 3, 4]]
[21:51:41.289355] Positions of each volume in Z axis: {0: [0, 160], 1: [132, 292], 2: [264, 424], 3: [396, 556], 4: [528, 685]}
[21:51:41.289364] Rank 0: Total number of patches: 75 - (5, 3, 5) patches per (z,y,x) axis (per GPU)
[21:51:41.701049] Reading Zarr/H5 file: fisbe/biapy-channel-rot-zarr/train/label/R75E01-20181030_64_D1_c201_r1_k3.zarr
[21:51:41.707817] ### 3D-OV-CROP ###
[21:51:41.707836] Cropping (685, 685, 401, 1) images into (160, 160, 160, 1) with overlapping (axis order: ZYXC). . .
[21:51:41.707845] Minimum overlap selected: (0, 0, 0)
[21:51:41.707853] Padding: (0, 0, 0)
[21:51:41.707874] Real overlapping (%): (0.175, 0.175, 0.24375)
[21:51:41.707884] Real overlapping (pixels): (28.0, 28.0, 39.0)
[21:51:41.707893] (5, 3, 5) patches per (z,y,x) axis
[21:51:41.707908] List of volume IDs to be processed by each GPU: [[0, 1, 2, 3, 4]]
[21:51:41.707920] Positions of each volume in Z axis: {0: [0, 160], 1: [132, 292], 2: [264, 424], 3: [396, 556], 4: [528, 685]}
[21:51:41.707930] Rank 0: Total number of patches: 75 - (5, 3, 5) patches per (z,y,x) axis (per GPU)
[21:51:42.177002] Reading Zarr/H5 file: fisbe/biapy-channel-rot-zarr/train/label/R75E01-20181030_64_D1_c201_r2_k0.zarr
[21:51:42.183073] ### 3D-OV-CROP ###
[21:51:42.183094] Cropping (401, 685, 685, 1) images into (160, 160, 160, 1) with overlapping (axis order: ZYXC). . .
[21:51:42.183104] Minimum overlap selected: (0, 0, 0)
[21:51:42.183112] Padding: (0, 0, 0)
[21:51:42.183132] Real overlapping (%): (0.24375, 0.175, 0.175)
[21:51:42.183142] Real overlapping (pixels): (39.0, 28.0, 28.0)
[21:51:42.183150] (3, 5, 5) patches per (z,y,x) axis
[21:51:42.183163] List of volume IDs to be processed by each GPU: [[0, 1, 2]]
[21:51:42.183174] Positions of each volume in Z axis: {0: [0, 160], 1: [121, 281], 2: [242, 401]}
[21:51:42.183184] Rank 0: Total number of patches: 75 - (3, 5, 5) patches per (z,y,x) axis (per GPU)
[21:51:42.635961] Reading Zarr/H5 file: fisbe/biapy-channel-rot-zarr/train/label/R75E01-20181030_64_D1_c201_r2_k1.zarr
[21:51:42.643711] ### 3D-OV-CROP ###
[21:51:42.643730] Cropping (401, 685, 685, 1) images into (160, 160, 160, 1) with overlapping (axis order: ZYXC). . .
[21:51:42.643741] Minimum overlap selected: (0, 0, 0)
[21:51:42.643750] Padding: (0, 0, 0)
[21:51:42.643771] Real overlapping (%): (0.24375, 0.175, 0.175)
[21:51:42.643780] Real overlapping (pixels): (39.0, 28.0, 28.0)
[21:51:42.643788] (3, 5, 5) patches per (z,y,x) axis
[21:51:42.643801] List of volume IDs to be processed by each GPU: [[0, 1, 2]]
[21:51:42.643813] Positions of each volume in Z axis: {0: [0, 160], 1: [121, 281], 2: [242, 401]}
[21:51:42.643829] Rank 0: Total number of patches: 75 - (3, 5, 5) patches per (z,y,x) axis (per GPU)
[21:51:43.121755] Reading Zarr/H5 file: fisbe/biapy-channel-rot-zarr/train/label/R75E01-20181030_64_D1_c201_r2_k3.zarr
[21:51:43.129755] ### 3D-OV-CROP ###
[21:51:43.129778] Cropping (401, 685, 685, 1) images into (160, 160, 160, 1) with overlapping (axis order: ZYXC). . .
[21:51:43.129788] Minimum overlap selected: (0, 0, 0)
[21:51:43.129797] Padding: (0, 0, 0)
[21:51:43.129821] Real overlapping (%): (0.24375, 0.175, 0.175)
[21:51:43.129832] Real overlapping (pixels): (39.0, 28.0, 28.0)
[21:51:43.129840] (3, 5, 5) patches per (z,y,x) axis
[21:51:43.129855] List of volume IDs to be processed by each GPU: [[0, 1, 2]]
[21:51:43.129867] Positions of each volume in Z axis: {0: [0, 160], 1: [121, 281], 2: [242, 401]}
[21:51:43.129877] Rank 0: Total number of patches: 75 - (3, 5, 5) patches per (z,y,x) axis (per GPU)
[21:51:43.592499] Reading Zarr/H5 file: fisbe/biapy-channel-rot-zarr/train/label/VT008647-20171222_63_D1_c012_r0_k0.zarr
[21:51:43.598520] ### 3D-OV-CROP ###
[21:51:43.598541] Cropping (417, 685, 685, 1) images into (160, 160, 160, 1) with overlapping (axis order: ZYXC). . .
[21:51:43.598551] Minimum overlap selected: (0, 0, 0)
[21:51:43.598559] Padding: (0, 0, 0)
[21:51:43.598582] Real overlapping (%): (0.19375, 0.175, 0.175)
[21:51:43.598592] Real overlapping (pixels): (31.0, 28.0, 28.0)
[21:51:43.598600] (3, 5, 5) patches per (z,y,x) axis
[21:51:43.598613] List of volume IDs to be processed by each GPU: [[0, 1, 2]]
[21:51:43.598625] Positions of each volume in Z axis: {0: [0, 160], 1: [129, 289], 2: [258, 417]}
[21:51:43.598635] Rank 0: Total number of patches: 75 - (3, 5, 5) patches per (z,y,x) axis (per GPU)
[21:51:44.508979] Reading Zarr/H5 file: fisbe/biapy-channel-rot-zarr/train/label/VT008647-20171222_63_D1_c012_r0_k2.zarr
[21:51:44.516069] ### 3D-OV-CROP ###
[21:51:44.516088] Cropping (417, 685, 685, 1) images into (160, 160, 160, 1) with overlapping (axis order: ZYXC). . .
[21:51:44.516098] Minimum overlap selected: (0, 0, 0)
[21:51:44.516106] Padding: (0, 0, 0)
[21:51:44.516126] Real overlapping (%): (0.19375, 0.175, 0.175)
[21:51:44.516136] Real overlapping (pixels): (31.0, 28.0, 28.0)
[21:51:44.516145] (3, 5, 5) patches per (z,y,x) axis
[21:51:44.516158] List of volume IDs to be processed by each GPU: [[0, 1, 2]]
[21:51:44.516170] Positions of each volume in Z axis: {0: [0, 160], 1: [129, 289], 2: [258, 417]}
[21:51:44.516179] Rank 0: Total number of patches: 75 - (3, 5, 5) patches per (z,y,x) axis (per GPU)
[21:51:45.242965] Reading Zarr/H5 file: fisbe/biapy-channel-rot-zarr/train/label/VT008647-20171222_63_D1_c012_r0_k3.zarr
[21:51:45.249079] ### 3D-OV-CROP ###
[21:51:45.249098] Cropping (685, 417, 685, 1) images into (160, 160, 160, 1) with overlapping (axis order: ZYXC). . .
[21:51:45.249108] Minimum overlap selected: (0, 0, 0)
[21:51:45.249123] Padding: (0, 0, 0)
[21:51:45.249143] Real overlapping (%): (0.175, 0.19375, 0.175)
[21:51:45.249152] Real overlapping (pixels): (28.0, 31.0, 28.0)
[21:51:45.249160] (5, 5, 3) patches per (z,y,x) axis
[21:51:45.249174] List of volume IDs to be processed by each GPU: [[0, 1, 2, 3, 4]]
[21:51:45.249187] Positions of each volume in Z axis: {0: [0, 160], 1: [132, 292], 2: [264, 424], 3: [396, 556], 4: [528, 685]}
[21:51:45.249197] Rank 0: Total number of patches: 75 - (5, 5, 3) patches per (z,y,x) axis (per GPU)
[21:51:46.056709] Reading Zarr/H5 file: fisbe/biapy-channel-rot-zarr/train/label/VT008647-20171222_63_D1_c012_r1_k0.zarr
[21:51:46.063848] ### 3D-OV-CROP ###
[21:51:46.063869] Cropping (417, 685, 685, 1) images into (160, 160, 160, 1) with overlapping (axis order: ZYXC). . .
[21:51:46.063879] Minimum overlap selected: (0, 0, 0)
[21:51:46.063887] Padding: (0, 0, 0)
[21:51:46.063909] Real overlapping (%): (0.19375, 0.175, 0.175)
[21:51:46.063919] Real overlapping (pixels): (31.0, 28.0, 28.0)
[21:51:46.063927] (3, 5, 5) patches per (z,y,x) axis
[21:51:46.063940] List of volume IDs to be processed by each GPU: [[0, 1, 2]]
[21:51:46.063956] Positions of each volume in Z axis: {0: [0, 160], 1: [129, 289], 2: [258, 417]}
[21:51:46.063965] Rank 0: Total number of patches: 75 - (3, 5, 5) patches per (z,y,x) axis (per GPU)
[21:51:46.798681] Reading Zarr/H5 file: fisbe/biapy-channel-rot-zarr/train/label/VT008647-20171222_63_D1_c012_r1_k2.zarr
[21:51:46.807656] ### 3D-OV-CROP ###
[21:51:46.807678] Cropping (417, 685, 685, 1) images into (160, 160, 160, 1) with overlapping (axis order: ZYXC). . .
[21:51:46.807688] Minimum overlap selected: (0, 0, 0)
[21:51:46.807696] Padding: (0, 0, 0)
[21:51:46.807718] Real overlapping (%): (0.19375, 0.175, 0.175)
[21:51:46.807728] Real overlapping (pixels): (31.0, 28.0, 28.0)
[21:51:46.807735] (3, 5, 5) patches per (z,y,x) axis
[21:51:46.807749] List of volume IDs to be processed by each GPU: [[0, 1, 2]]
[21:51:46.807761] Positions of each volume in Z axis: {0: [0, 160], 1: [129, 289], 2: [258, 417]}
[21:51:46.807770] Rank 0: Total number of patches: 75 - (3, 5, 5) patches per (z,y,x) axis (per GPU)
[21:51:47.597980] Reading Zarr/H5 file: fisbe/biapy-channel-rot-zarr/train/label/VT008647-20171222_63_D1_c012_r1_k3.zarr
[21:51:47.607671] ### 3D-OV-CROP ###
[21:51:47.607690] Cropping (685, 685, 417, 1) images into (160, 160, 160, 1) with overlapping (axis order: ZYXC). . .
[21:51:47.607699] Minimum overlap selected: (0, 0, 0)
[21:51:47.607707] Padding: (0, 0, 0)
[21:51:47.607727] Real overlapping (%): (0.175, 0.175, 0.19375)
[21:51:47.607736] Real overlapping (pixels): (28.0, 28.0, 31.0)
[21:51:47.607744] (5, 3, 5) patches per (z,y,x) axis
[21:51:47.607757] List of volume IDs to be processed by each GPU: [[0, 1, 2, 3, 4]]
[21:51:47.607769] Positions of each volume in Z axis: {0: [0, 160], 1: [132, 292], 2: [264, 424], 3: [396, 556], 4: [528, 685]}
[21:51:47.607786] Rank 0: Total number of patches: 75 - (5, 3, 5) patches per (z,y,x) axis (per GPU)
[21:51:48.351580] Reading Zarr/H5 file: fisbe/biapy-channel-rot-zarr/train/label/VT008647-20171222_63_D1_c012_r2_k0.zarr
[21:51:48.358878] ### 3D-OV-CROP ###
[21:51:48.358899] Cropping (417, 685, 685, 1) images into (160, 160, 160, 1) with overlapping (axis order: ZYXC). . .
[21:51:48.358909] Minimum overlap selected: (0, 0, 0)
[21:51:48.358918] Padding: (0, 0, 0)
[21:51:48.358938] Real overlapping (%): (0.19375, 0.175, 0.175)
[21:51:48.358949] Real overlapping (pixels): (31.0, 28.0, 28.0)
[21:51:48.358957] (3, 5, 5) patches per (z,y,x) axis
[21:51:48.358971] List of volume IDs to be processed by each GPU: [[0, 1, 2]]
[21:51:48.358983] Positions of each volume in Z axis: {0: [0, 160], 1: [129, 289], 2: [258, 417]}
[21:51:48.358992] Rank 0: Total number of patches: 75 - (3, 5, 5) patches per (z,y,x) axis (per GPU)
[21:51:49.114227] Reading Zarr/H5 file: fisbe/biapy-channel-rot-zarr/train/label/VT008647-20171222_63_D1_c012_r2_k2.zarr
[21:51:49.121096] ### 3D-OV-CROP ###
[21:51:49.121117] Cropping (417, 685, 685, 1) images into (160, 160, 160, 1) with overlapping (axis order: ZYXC). . .
[21:51:49.121127] Minimum overlap selected: (0, 0, 0)
[21:51:49.121137] Padding: (0, 0, 0)
[21:51:49.121158] Real overlapping (%): (0.19375, 0.175, 0.175)
[21:51:49.121169] Real overlapping (pixels): (31.0, 28.0, 28.0)
[21:51:49.121177] (3, 5, 5) patches per (z,y,x) axis
[21:51:49.121190] List of volume IDs to be processed by each GPU: [[0, 1, 2]]
[21:51:49.121202] Positions of each volume in Z axis: {0: [0, 160], 1: [129, 289], 2: [258, 417]}
[21:51:49.121212] Rank 0: Total number of patches: 75 - (3, 5, 5) patches per (z,y,x) axis (per GPU)
[21:51:49.884342] Reading Zarr/H5 file: fisbe/biapy-channel-rot-zarr/train/label/VT008647-20171222_63_D1_c012_r2_k3.zarr
[21:51:49.892339] ### 3D-OV-CROP ###
[21:51:49.892358] Cropping (417, 685, 685, 1) images into (160, 160, 160, 1) with overlapping (axis order: ZYXC). . .
[21:51:49.892368] Minimum overlap selected: (0, 0, 0)
[21:51:49.892376] Padding: (0, 0, 0)
[21:51:49.892398] Real overlapping (%): (0.19375, 0.175, 0.175)
[21:51:49.892408] Real overlapping (pixels): (31.0, 28.0, 28.0)
[21:51:49.892416] (3, 5, 5) patches per (z,y,x) axis
[21:51:49.892441] List of volume IDs to be processed by each GPU: [[0, 1, 2]]
[21:51:49.892452] Positions of each volume in Z axis: {0: [0, 160], 1: [129, 289], 2: [258, 417]}
[21:51:49.892461] Rank 0: Total number of patches: 75 - (3, 5, 5) patches per (z,y,x) axis (per GPU)
[21:51:50.596089] Reading Zarr/H5 file: fisbe/biapy-channel-rot-zarr/train/label/VT008647-20171222_63_D1_c102_r0_k0.zarr
[21:51:50.603465] ### 3D-OV-CROP ###
[21:51:50.603487] Cropping (417, 685, 685, 1) images into (160, 160, 160, 1) with overlapping (axis order: ZYXC). . .
[21:51:50.603496] Minimum overlap selected: (0, 0, 0)
[21:51:50.603504] Padding: (0, 0, 0)
[21:51:50.603526] Real overlapping (%): (0.19375, 0.175, 0.175)
[21:51:50.603536] Real overlapping (pixels): (31.0, 28.0, 28.0)
[21:51:50.603544] (3, 5, 5) patches per (z,y,x) axis
[21:51:50.603557] List of volume IDs to be processed by each GPU: [[0, 1, 2]]
[21:51:50.603568] Positions of each volume in Z axis: {0: [0, 160], 1: [129, 289], 2: [258, 417]}
[21:51:50.603577] Rank 0: Total number of patches: 75 - (3, 5, 5) patches per (z,y,x) axis (per GPU)
[21:51:51.353862] Reading Zarr/H5 file: fisbe/biapy-channel-rot-zarr/train/label/VT008647-20171222_63_D1_c102_r0_k2.zarr
[21:51:51.360406] ### 3D-OV-CROP ###
[21:51:51.360425] Cropping (417, 685, 685, 1) images into (160, 160, 160, 1) with overlapping (axis order: ZYXC). . .
[21:51:51.360434] Minimum overlap selected: (0, 0, 0)
[21:51:51.360442] Padding: (0, 0, 0)
[21:51:51.360464] Real overlapping (%): (0.19375, 0.175, 0.175)
[21:51:51.360475] Real overlapping (pixels): (31.0, 28.0, 28.0)
[21:51:51.360483] (3, 5, 5) patches per (z,y,x) axis
[21:51:51.360497] List of volume IDs to be processed by each GPU: [[0, 1, 2]]
[21:51:51.360508] Positions of each volume in Z axis: {0: [0, 160], 1: [129, 289], 2: [258, 417]}
[21:51:51.360519] Rank 0: Total number of patches: 75 - (3, 5, 5) patches per (z,y,x) axis (per GPU)
[21:51:52.061679] Reading Zarr/H5 file: fisbe/biapy-channel-rot-zarr/train/label/VT008647-20171222_63_D1_c102_r0_k3.zarr
[21:51:52.069143] ### 3D-OV-CROP ###
[21:51:52.069165] Cropping (685, 417, 685, 1) images into (160, 160, 160, 1) with overlapping (axis order: ZYXC). . .
[21:51:52.069175] Minimum overlap selected: (0, 0, 0)
[21:51:52.069183] Padding: (0, 0, 0)
[21:51:52.069203] Real overlapping (%): (0.175, 0.19375, 0.175)
[21:51:52.069213] Real overlapping (pixels): (28.0, 31.0, 28.0)
[21:51:52.069220] (5, 5, 3) patches per (z,y,x) axis
[21:51:52.069239] List of volume IDs to be processed by each GPU: [[0, 1, 2, 3, 4]]
[21:51:52.069251] Positions of each volume in Z axis: {0: [0, 160], 1: [132, 292], 2: [264, 424], 3: [396, 556], 4: [528, 685]}
[21:51:52.069261] Rank 0: Total number of patches: 75 - (5, 5, 3) patches per (z,y,x) axis (per GPU)
[21:51:52.795955] Reading Zarr/H5 file: fisbe/biapy-channel-rot-zarr/train/label/VT008647-20171222_63_D1_c102_r1_k0.zarr
[21:51:52.802580] ### 3D-OV-CROP ###
[21:51:52.802599] Cropping (417, 685, 685, 1) images into (160, 160, 160, 1) with overlapping (axis order: ZYXC). . .
[21:51:52.802609] Minimum overlap selected: (0, 0, 0)
[21:51:52.802617] Padding: (0, 0, 0)
[21:51:52.802637] Real overlapping (%): (0.19375, 0.175, 0.175)
[21:51:52.802661] Real overlapping (pixels): (31.0, 28.0, 28.0)
[21:51:52.802670] (3, 5, 5) patches per (z,y,x) axis
[21:51:52.802684] List of volume IDs to be processed by each GPU: [[0, 1, 2]]
[21:51:52.802695] Positions of each volume in Z axis: {0: [0, 160], 1: [129, 289], 2: [258, 417]}
[21:51:52.802705] Rank 0: Total number of patches: 75 - (3, 5, 5) patches per (z,y,x) axis (per GPU)
[21:51:53.813924] Reading Zarr/H5 file: fisbe/biapy-channel-rot-zarr/train/label/VT008647-20171222_63_D1_c102_r1_k2.zarr
[21:51:53.821810] ### 3D-OV-CROP ###
[21:51:53.821831] Cropping (417, 685, 685, 1) images into (160, 160, 160, 1) with overlapping (axis order: ZYXC). . .
[21:51:53.821841] Minimum overlap selected: (0, 0, 0)
[21:51:53.821849] Padding: (0, 0, 0)
[21:51:53.821870] Real overlapping (%): (0.19375, 0.175, 0.175)
[21:51:53.821880] Real overlapping (pixels): (31.0, 28.0, 28.0)
[21:51:53.821898] (3, 5, 5) patches per (z,y,x) axis
[21:51:53.821912] List of volume IDs to be processed by each GPU: [[0, 1, 2]]
[21:51:53.821924] Positions of each volume in Z axis: {0: [0, 160], 1: [129, 289], 2: [258, 417]}
[21:51:53.821933] Rank 0: Total number of patches: 75 - (3, 5, 5) patches per (z,y,x) axis (per GPU)
[21:51:54.547071] Reading Zarr/H5 file: fisbe/biapy-channel-rot-zarr/train/label/VT008647-20171222_63_D1_c102_r1_k3.zarr
[21:51:54.553387] ### 3D-OV-CROP ###
[21:51:54.553409] Cropping (685, 685, 417, 1) images into (160, 160, 160, 1) with overlapping (axis order: ZYXC). . .
[21:51:54.553418] Minimum overlap selected: (0, 0, 0)
[21:51:54.553426] Padding: (0, 0, 0)
[21:51:54.553446] Real overlapping (%): (0.175, 0.175, 0.19375)
[21:51:54.553456] Real overlapping (pixels): (28.0, 28.0, 31.0)
[21:51:54.553463] (5, 3, 5) patches per (z,y,x) axis
[21:51:54.553477] List of volume IDs to be processed by each GPU: [[0, 1, 2, 3, 4]]
[21:51:54.553490] Positions of each volume in Z axis: {0: [0, 160], 1: [132, 292], 2: [264, 424], 3: [396, 556], 4: [528, 685]}
[21:51:54.553499] Rank 0: Total number of patches: 75 - (5, 3, 5) patches per (z,y,x) axis (per GPU)
[21:51:55.284457] Reading Zarr/H5 file: fisbe/biapy-channel-rot-zarr/train/label/VT008647-20171222_63_D1_c102_r2_k0.zarr
[21:51:55.291563] ### 3D-OV-CROP ###
[21:51:55.291584] Cropping (417, 685, 685, 1) images into (160, 160, 160, 1) with overlapping (axis order: ZYXC). . .
[21:51:55.291594] Minimum overlap selected: (0, 0, 0)
[21:51:55.291602] Padding: (0, 0, 0)
[21:51:55.291623] Real overlapping (%): (0.19375, 0.175, 0.175)
[21:51:55.291633] Real overlapping (pixels): (31.0, 28.0, 28.0)
[21:51:55.291641] (3, 5, 5) patches per (z,y,x) axis
[21:51:55.291654] List of volume IDs to be processed by each GPU: [[0, 1, 2]]
[21:51:55.291665] Positions of each volume in Z axis: {0: [0, 160], 1: [129, 289], 2: [258, 417]}
[21:51:55.291674] Rank 0: Total number of patches: 75 - (3, 5, 5) patches per (z,y,x) axis (per GPU)
[21:51:56.197953] Reading Zarr/H5 file: fisbe/biapy-channel-rot-zarr/train/label/VT008647-20171222_63_D1_c102_r2_k2.zarr
[21:51:56.204951] ### 3D-OV-CROP ###
[21:51:56.204970] Cropping (417, 685, 685, 1) images into (160, 160, 160, 1) with overlapping (axis order: ZYXC). . .
[21:51:56.204980] Minimum overlap selected: (0, 0, 0)
[21:51:56.204989] Padding: (0, 0, 0)
[21:51:56.205009] Real overlapping (%): (0.19375, 0.175, 0.175)
[21:51:56.205019] Real overlapping (pixels): (31.0, 28.0, 28.0)
[21:51:56.205027] (3, 5, 5) patches per (z,y,x) axis
[21:51:56.205040] List of volume IDs to be processed by each GPU: [[0, 1, 2]]
[21:51:56.205051] Positions of each volume in Z axis: {0: [0, 160], 1: [129, 289], 2: [258, 417]}
[21:51:56.205060] Rank 0: Total number of patches: 75 - (3, 5, 5) patches per (z,y,x) axis (per GPU)
[21:51:56.922899] Reading Zarr/H5 file: fisbe/biapy-channel-rot-zarr/train/label/VT008647-20171222_63_D1_c102_r2_k3.zarr
[21:51:56.930604] ### 3D-OV-CROP ###
[21:51:56.930624] Cropping (417, 685, 685, 1) images into (160, 160, 160, 1) with overlapping (axis order: ZYXC). . .
[21:51:56.930634] Minimum overlap selected: (0, 0, 0)
[21:51:56.930642] Padding: (0, 0, 0)
[21:51:56.930662] Real overlapping (%): (0.19375, 0.175, 0.175)
[21:51:56.930672] Real overlapping (pixels): (31.0, 28.0, 28.0)
[21:51:56.930680] (3, 5, 5) patches per (z,y,x) axis
[21:51:56.930694] List of volume IDs to be processed by each GPU: [[0, 1, 2]]
[21:51:56.930705] Positions of each volume in Z axis: {0: [0, 160], 1: [129, 289], 2: [258, 417]}
[21:51:56.930714] Rank 0: Total number of patches: 75 - (3, 5, 5) patches per (z,y,x) axis (per GPU)
[21:51:57.669863] Reading Zarr/H5 file: fisbe/biapy-channel-rot-zarr/train/label/VT008647-20171222_63_D1_c210_r0_k0.zarr
[21:51:57.690623] ### 3D-OV-CROP ###
[21:51:57.690647] Cropping (417, 685, 685, 1) images into (160, 160, 160, 1) with overlapping (axis order: ZYXC). . .
[21:51:57.690657] Minimum overlap selected: (0, 0, 0)
[21:51:57.690665] Padding: (0, 0, 0)
[21:51:57.690687] Real overlapping (%): (0.19375, 0.175, 0.175)
[21:51:57.690702] Real overlapping (pixels): (31.0, 28.0, 28.0)
[21:51:57.690710] (3, 5, 5) patches per (z,y,x) axis
[21:51:57.690724] List of volume IDs to be processed by each GPU: [[0, 1, 2]]
[21:51:57.690735] Positions of each volume in Z axis: {0: [0, 160], 1: [129, 289], 2: [258, 417]}
[21:51:57.690744] Rank 0: Total number of patches: 75 - (3, 5, 5) patches per (z,y,x) axis (per GPU)
[21:51:58.458528] Reading Zarr/H5 file: fisbe/biapy-channel-rot-zarr/train/label/VT008647-20171222_63_D1_c210_r0_k2.zarr
[21:51:58.466550] ### 3D-OV-CROP ###
[21:51:58.466573] Cropping (417, 685, 685, 1) images into (160, 160, 160, 1) with overlapping (axis order: ZYXC). . .
[21:51:58.466583] Minimum overlap selected: (0, 0, 0)
[21:51:58.466591] Padding: (0, 0, 0)
[21:51:58.466613] Real overlapping (%): (0.19375, 0.175, 0.175)
[21:51:58.466624] Real overlapping (pixels): (31.0, 28.0, 28.0)
[21:51:58.466632] (3, 5, 5) patches per (z,y,x) axis
[21:51:58.466646] List of volume IDs to be processed by each GPU: [[0, 1, 2]]
[21:51:58.466658] Positions of each volume in Z axis: {0: [0, 160], 1: [129, 289], 2: [258, 417]}
[21:51:58.466667] Rank 0: Total number of patches: 75 - (3, 5, 5) patches per (z,y,x) axis (per GPU)
[21:51:59.225803] Reading Zarr/H5 file: fisbe/biapy-channel-rot-zarr/train/label/VT008647-20171222_63_D1_c210_r0_k3.zarr
[21:51:59.234456] ### 3D-OV-CROP ###
[21:51:59.234478] Cropping (685, 417, 685, 1) images into (160, 160, 160, 1) with overlapping (axis order: ZYXC). . .
[21:51:59.234488] Minimum overlap selected: (0, 0, 0)
[21:51:59.234497] Padding: (0, 0, 0)
[21:51:59.234517] Real overlapping (%): (0.175, 0.19375, 0.175)
[21:51:59.234528] Real overlapping (pixels): (28.0, 31.0, 28.0)
[21:51:59.234536] (5, 5, 3) patches per (z,y,x) axis
[21:51:59.234550] List of volume IDs to be processed by each GPU: [[0, 1, 2, 3, 4]]
[21:51:59.234564] Positions of each volume in Z axis: {0: [0, 160], 1: [132, 292], 2: [264, 424], 3: [396, 556], 4: [528, 685]}
[21:51:59.234574] Rank 0: Total number of patches: 75 - (5, 5, 3) patches per (z,y,x) axis (per GPU)
[21:52:00.018568] Reading Zarr/H5 file: fisbe/biapy-channel-rot-zarr/train/label/VT008647-20171222_63_D1_c210_r1_k0.zarr
[21:52:00.025719] ### 3D-OV-CROP ###
[21:52:00.025741] Cropping (417, 685, 685, 1) images into (160, 160, 160, 1) with overlapping (axis order: ZYXC). . .
[21:52:00.025751] Minimum overlap selected: (0, 0, 0)
[21:52:00.025758] Padding: (0, 0, 0)
[21:52:00.025779] Real overlapping (%): (0.19375, 0.175, 0.175)
[21:52:00.025789] Real overlapping (pixels): (31.0, 28.0, 28.0)
[21:52:00.025797] (3, 5, 5) patches per (z,y,x) axis
[21:52:00.025810] List of volume IDs to be processed by each GPU: [[0, 1, 2]]
[21:52:00.025821] Positions of each volume in Z axis: {0: [0, 160], 1: [129, 289], 2: [258, 417]}
[21:52:00.025831] Rank 0: Total number of patches: 75 - (3, 5, 5) patches per (z,y,x) axis (per GPU)
[21:52:00.841819] Reading Zarr/H5 file: fisbe/biapy-channel-rot-zarr/train/label/VT008647-20171222_63_D1_c210_r1_k2.zarr
[21:52:00.850607] ### 3D-OV-CROP ###
[21:52:00.850630] Cropping (417, 685, 685, 1) images into (160, 160, 160, 1) with overlapping (axis order: ZYXC). . .
[21:52:00.850640] Minimum overlap selected: (0, 0, 0)
[21:52:00.850649] Padding: (0, 0, 0)
[21:52:00.850671] Real overlapping (%): (0.19375, 0.175, 0.175)
[21:52:00.850682] Real overlapping (pixels): (31.0, 28.0, 28.0)
[21:52:00.850696] (3, 5, 5) patches per (z,y,x) axis
[21:52:00.850710] List of volume IDs to be processed by each GPU: [[0, 1, 2]]
[21:52:00.850721] Positions of each volume in Z axis: {0: [0, 160], 1: [129, 289], 2: [258, 417]}
[21:52:00.850730] Rank 0: Total number of patches: 75 - (3, 5, 5) patches per (z,y,x) axis (per GPU)
[21:52:01.632787] Reading Zarr/H5 file: fisbe/biapy-channel-rot-zarr/train/label/VT008647-20171222_63_D1_c210_r1_k3.zarr
[21:52:01.640440] ### 3D-OV-CROP ###
[21:52:01.640461] Cropping (685, 685, 417, 1) images into (160, 160, 160, 1) with overlapping (axis order: ZYXC). . .
[21:52:01.640471] Minimum overlap selected: (0, 0, 0)
[21:52:01.640485] Padding: (0, 0, 0)
[21:52:01.640505] Real overlapping (%): (0.175, 0.175, 0.19375)
[21:52:01.640515] Real overlapping (pixels): (28.0, 28.0, 31.0)
[21:52:01.640523] (5, 3, 5) patches per (z,y,x) axis
[21:52:01.640537] List of volume IDs to be processed by each GPU: [[0, 1, 2, 3, 4]]
[21:52:01.640549] Positions of each volume in Z axis: {0: [0, 160], 1: [132, 292], 2: [264, 424], 3: [396, 556], 4: [528, 685]}
[21:52:01.640558] Rank 0: Total number of patches: 75 - (5, 3, 5) patches per (z,y,x) axis (per GPU)
[21:52:02.416025] Reading Zarr/H5 file: fisbe/biapy-channel-rot-zarr/train/label/VT008647-20171222_63_D1_c210_r2_k0.zarr
[21:52:02.421646] ### 3D-OV-CROP ###
[21:52:02.421667] Cropping (417, 685, 685, 1) images into (160, 160, 160, 1) with overlapping (axis order: ZYXC). . .
[21:52:02.421676] Minimum overlap selected: (0, 0, 0)
[21:52:02.421685] Padding: (0, 0, 0)
[21:52:02.421706] Real overlapping (%): (0.19375, 0.175, 0.175)
[21:52:02.421715] Real overlapping (pixels): (31.0, 28.0, 28.0)
[21:52:02.421723] (3, 5, 5) patches per (z,y,x) axis
[21:52:02.421736] List of volume IDs to be processed by each GPU: [[0, 1, 2]]
[21:52:02.421747] Positions of each volume in Z axis: {0: [0, 160], 1: [129, 289], 2: [258, 417]}
[21:52:02.421756] Rank 0: Total number of patches: 75 - (3, 5, 5) patches per (z,y,x) axis (per GPU)
[21:52:03.391948] Reading Zarr/H5 file: fisbe/biapy-channel-rot-zarr/train/label/VT008647-20171222_63_D1_c210_r2_k2.zarr
[21:52:03.400392] ### 3D-OV-CROP ###
[21:52:03.400414] Cropping (417, 685, 685, 1) images into (160, 160, 160, 1) with overlapping (axis order: ZYXC). . .
[21:52:03.400424] Minimum overlap selected: (0, 0, 0)
[21:52:03.400433] Padding: (0, 0, 0)
[21:52:03.400455] Real overlapping (%): (0.19375, 0.175, 0.175)
[21:52:03.400465] Real overlapping (pixels): (31.0, 28.0, 28.0)
[21:52:03.400474] (3, 5, 5) patches per (z,y,x) axis
[21:52:03.400487] List of volume IDs to be processed by each GPU: [[0, 1, 2]]
[21:52:03.400500] Positions of each volume in Z axis: {0: [0, 160], 1: [129, 289], 2: [258, 417]}
[21:52:03.400509] Rank 0: Total number of patches: 75 - (3, 5, 5) patches per (z,y,x) axis (per GPU)
[21:52:04.129664] Reading Zarr/H5 file: fisbe/biapy-channel-rot-zarr/train/label/VT008647-20171222_63_D1_c210_r2_k3.zarr
[21:52:04.136606] ### 3D-OV-CROP ###
[21:52:04.136629] Cropping (417, 685, 685, 1) images into (160, 160, 160, 1) with overlapping (axis order: ZYXC). . .
[21:52:04.136638] Minimum overlap selected: (0, 0, 0)
[21:52:04.136647] Padding: (0, 0, 0)
[21:52:04.136669] Real overlapping (%): (0.19375, 0.175, 0.175)
[21:52:04.136678] Real overlapping (pixels): (31.0, 28.0, 28.0)
[21:52:04.136686] (3, 5, 5) patches per (z,y,x) axis
[21:52:04.136699] List of volume IDs to be processed by each GPU: [[0, 1, 2]]
[21:52:04.136710] Positions of each volume in Z axis: {0: [0, 160], 1: [129, 289], 2: [258, 417]}
[21:52:04.136719] Rank 0: Total number of patches: 75 - (3, 5, 5) patches per (z,y,x) axis (per GPU)
[21:52:04.965250] Reading Zarr/H5 file: fisbe/biapy-channel-rot-zarr/train/label/VT008647-20171222_63_D2_c012_r0_k0.zarr
[21:52:04.972119] ### 3D-OV-CROP ###
[21:52:04.972139] Cropping (412, 685, 685, 1) images into (160, 160, 160, 1) with overlapping (axis order: ZYXC). . .
[21:52:04.972148] Minimum overlap selected: (0, 0, 0)
[21:52:04.972156] Padding: (0, 0, 0)
[21:52:04.972178] Real overlapping (%): (0.2125, 0.175, 0.175)
[21:52:04.972187] Real overlapping (pixels): (34.0, 28.0, 28.0)
[21:52:04.972195] (3, 5, 5) patches per (z,y,x) axis
[21:52:04.972209] List of volume IDs to be processed by each GPU: [[0, 1, 2]]
[21:52:04.972220] Positions of each volume in Z axis: {0: [0, 160], 1: [126, 286], 2: [252, 412]}
[21:52:04.972236] Rank 0: Total number of patches: 75 - (3, 5, 5) patches per (z,y,x) axis (per GPU)
[21:52:05.747892] Reading Zarr/H5 file: fisbe/biapy-channel-rot-zarr/train/label/VT008647-20171222_63_D2_c012_r0_k2.zarr
[21:52:05.756033] ### 3D-OV-CROP ###
[21:52:05.756054] Cropping (412, 685, 685, 1) images into (160, 160, 160, 1) with overlapping (axis order: ZYXC). . .
[21:52:05.756071] Minimum overlap selected: (0, 0, 0)
[21:52:05.756079] Padding: (0, 0, 0)
[21:52:05.756101] Real overlapping (%): (0.2125, 0.175, 0.175)
[21:52:05.756111] Real overlapping (pixels): (34.0, 28.0, 28.0)
[21:52:05.756120] (3, 5, 5) patches per (z,y,x) axis
[21:52:05.756133] List of volume IDs to be processed by each GPU: [[0, 1, 2]]
[21:52:05.756144] Positions of each volume in Z axis: {0: [0, 160], 1: [126, 286], 2: [252, 412]}
[21:52:05.756154] Rank 0: Total number of patches: 75 - (3, 5, 5) patches per (z,y,x) axis (per GPU)
[21:52:06.445834] Reading Zarr/H5 file: fisbe/biapy-channel-rot-zarr/train/label/VT008647-20171222_63_D2_c012_r0_k3.zarr
[21:52:06.452283] ### 3D-OV-CROP ###
[21:52:06.452312] Cropping (685, 412, 685, 1) images into (160, 160, 160, 1) with overlapping (axis order: ZYXC). . .
[21:52:06.452324] Minimum overlap selected: (0, 0, 0)
[21:52:06.452332] Padding: (0, 0, 0)
[21:52:06.452352] Real overlapping (%): (0.175, 0.2125, 0.175)
[21:52:06.452362] Real overlapping (pixels): (28.0, 34.0, 28.0)
[21:52:06.452370] (5, 5, 3) patches per (z,y,x) axis
[21:52:06.452384] List of volume IDs to be processed by each GPU: [[0, 1, 2, 3, 4]]
[21:52:06.452398] Positions of each volume in Z axis: {0: [0, 160], 1: [132, 292], 2: [264, 424], 3: [396, 556], 4: [528, 685]}
[21:52:06.452408] Rank 0: Total number of patches: 75 - (5, 5, 3) patches per (z,y,x) axis (per GPU)
[21:52:07.144784] Reading Zarr/H5 file: fisbe/biapy-channel-rot-zarr/train/label/VT008647-20171222_63_D2_c012_r1_k0.zarr
[21:52:07.152340] ### 3D-OV-CROP ###
[21:52:07.152361] Cropping (412, 685, 685, 1) images into (160, 160, 160, 1) with overlapping (axis order: ZYXC). . .
[21:52:07.152371] Minimum overlap selected: (0, 0, 0)
[21:52:07.152380] Padding: (0, 0, 0)
[21:52:07.152402] Real overlapping (%): (0.2125, 0.175, 0.175)
[21:52:07.152412] Real overlapping (pixels): (34.0, 28.0, 28.0)
[21:52:07.152421] (3, 5, 5) patches per (z,y,x) axis
[21:52:07.152434] List of volume IDs to be processed by each GPU: [[0, 1, 2]]
[21:52:07.152446] Positions of each volume in Z axis: {0: [0, 160], 1: [126, 286], 2: [252, 412]}
[21:52:07.152456] Rank 0: Total number of patches: 75 - (3, 5, 5) patches per (z,y,x) axis (per GPU)
[21:52:07.882956] Reading Zarr/H5 file: fisbe/biapy-channel-rot-zarr/train/label/VT008647-20171222_63_D2_c012_r1_k2.zarr
[21:52:07.889988] ### 3D-OV-CROP ###
[21:52:07.890008] Cropping (412, 685, 685, 1) images into (160, 160, 160, 1) with overlapping (axis order: ZYXC). . .
[21:52:07.890017] Minimum overlap selected: (0, 0, 0)
[21:52:07.890026] Padding: (0, 0, 0)
[21:52:07.890046] Real overlapping (%): (0.2125, 0.175, 0.175)
[21:52:07.890057] Real overlapping (pixels): (34.0, 28.0, 28.0)
[21:52:07.890069] (3, 5, 5) patches per (z,y,x) axis
[21:52:07.890083] List of volume IDs to be processed by each GPU: [[0, 1, 2]]
[21:52:07.890095] Positions of each volume in Z axis: {0: [0, 160], 1: [126, 286], 2: [252, 412]}
[21:52:07.890104] Rank 0: Total number of patches: 75 - (3, 5, 5) patches per (z,y,x) axis (per GPU)
[21:52:08.609399] Reading Zarr/H5 file: fisbe/biapy-channel-rot-zarr/train/label/VT008647-20171222_63_D2_c012_r1_k3.zarr
[21:52:08.617645] ### 3D-OV-CROP ###
[21:52:08.617664] Cropping (685, 685, 412, 1) images into (160, 160, 160, 1) with overlapping (axis order: ZYXC). . .
[21:52:08.617674] Minimum overlap selected: (0, 0, 0)
[21:52:08.617682] Padding: (0, 0, 0)
[21:52:08.617703] Real overlapping (%): (0.175, 0.175, 0.2125)
[21:52:08.617713] Real overlapping (pixels): (28.0, 28.0, 34.0)
[21:52:08.617721] (5, 3, 5) patches per (z,y,x) axis
[21:52:08.617735] List of volume IDs to be processed by each GPU: [[0, 1, 2, 3, 4]]
[21:52:08.617755] Positions of each volume in Z axis: {0: [0, 160], 1: [132, 292], 2: [264, 424], 3: [396, 556], 4: [528, 685]}
[21:52:08.617764] Rank 0: Total number of patches: 75 - (5, 3, 5) patches per (z,y,x) axis (per GPU)
[21:52:09.358030] Reading Zarr/H5 file: fisbe/biapy-channel-rot-zarr/train/label/VT008647-20171222_63_D2_c012_r2_k0.zarr
[21:52:09.365813] ### 3D-OV-CROP ###
[21:52:09.365834] Cropping (412, 685, 685, 1) images into (160, 160, 160, 1) with overlapping (axis order: ZYXC). . .
[21:52:09.365851] Minimum overlap selected: (0, 0, 0)
[21:52:09.365860] Padding: (0, 0, 0)
[21:52:09.365881] Real overlapping (%): (0.2125, 0.175, 0.175)
[21:52:09.365891] Real overlapping (pixels): (34.0, 28.0, 28.0)
[21:52:09.365900] (3, 5, 5) patches per (z,y,x) axis
[21:52:09.365913] List of volume IDs to be processed by each GPU: [[0, 1, 2]]
[21:52:09.365924] Positions of each volume in Z axis: {0: [0, 160], 1: [126, 286], 2: [252, 412]}
[21:52:09.365933] Rank 0: Total number of patches: 75 - (3, 5, 5) patches per (z,y,x) axis (per GPU)
[21:52:10.036873] Reading Zarr/H5 file: fisbe/biapy-channel-rot-zarr/train/label/VT008647-20171222_63_D2_c012_r2_k2.zarr
[21:52:10.046326] ### 3D-OV-CROP ###
[21:52:10.046348] Cropping (412, 685, 685, 1) images into (160, 160, 160, 1) with overlapping (axis order: ZYXC). . .
[21:52:10.046358] Minimum overlap selected: (0, 0, 0)
[21:52:10.046367] Padding: (0, 0, 0)
[21:52:10.046388] Real overlapping (%): (0.2125, 0.175, 0.175)
[21:52:10.046398] Real overlapping (pixels): (34.0, 28.0, 28.0)
[21:52:10.046406] (3, 5, 5) patches per (z,y,x) axis
[21:52:10.046418] List of volume IDs to be processed by each GPU: [[0, 1, 2]]
[21:52:10.046429] Positions of each volume in Z axis: {0: [0, 160], 1: [126, 286], 2: [252, 412]}
[21:52:10.046439] Rank 0: Total number of patches: 75 - (3, 5, 5) patches per (z,y,x) axis (per GPU)
[21:52:10.909026] Reading Zarr/H5 file: fisbe/biapy-channel-rot-zarr/train/label/VT008647-20171222_63_D2_c012_r2_k3.zarr
[21:52:10.916879] ### 3D-OV-CROP ###
[21:52:10.916900] Cropping (412, 685, 685, 1) images into (160, 160, 160, 1) with overlapping (axis order: ZYXC). . .
[21:52:10.916910] Minimum overlap selected: (0, 0, 0)
[21:52:10.916918] Padding: (0, 0, 0)
[21:52:10.916937] Real overlapping (%): (0.2125, 0.175, 0.175)
[21:52:10.916947] Real overlapping (pixels): (34.0, 28.0, 28.0)
[21:52:10.916956] (3, 5, 5) patches per (z,y,x) axis
[21:52:10.916970] List of volume IDs to be processed by each GPU: [[0, 1, 2]]
[21:52:10.916981] Positions of each volume in Z axis: {0: [0, 160], 1: [126, 286], 2: [252, 412]}
[21:52:10.916990] Rank 0: Total number of patches: 75 - (3, 5, 5) patches per (z,y,x) axis (per GPU)
[21:52:11.627795] Reading Zarr/H5 file: fisbe/biapy-channel-rot-zarr/train/label/VT008647-20171222_63_D2_c120_r0_k0.zarr
[21:52:11.634179] ### 3D-OV-CROP ###
[21:52:11.634199] Cropping (412, 685, 685, 1) images into (160, 160, 160, 1) with overlapping (axis order: ZYXC). . .
[21:52:11.634209] Minimum overlap selected: (0, 0, 0)
[21:52:11.634217] Padding: (0, 0, 0)
[21:52:11.634241] Real overlapping (%): (0.2125, 0.175, 0.175)
[21:52:11.634251] Real overlapping (pixels): (34.0, 28.0, 28.0)
[21:52:11.634259] (3, 5, 5) patches per (z,y,x) axis
[21:52:11.634272] List of volume IDs to be processed by each GPU: [[0, 1, 2]]
[21:52:11.634284] Positions of each volume in Z axis: {0: [0, 160], 1: [126, 286], 2: [252, 412]}
[21:52:11.634294] Rank 0: Total number of patches: 75 - (3, 5, 5) patches per (z,y,x) axis (per GPU)
[21:52:12.319419] Reading Zarr/H5 file: fisbe/biapy-channel-rot-zarr/train/label/VT008647-20171222_63_D2_c120_r0_k2.zarr
[21:52:12.326465] ### 3D-OV-CROP ###
[21:52:12.326487] Cropping (412, 685, 685, 1) images into (160, 160, 160, 1) with overlapping (axis order: ZYXC). . .
[21:52:12.326496] Minimum overlap selected: (0, 0, 0)
[21:52:12.326504] Padding: (0, 0, 0)
[21:52:12.326525] Real overlapping (%): (0.2125, 0.175, 0.175)
[21:52:12.326534] Real overlapping (pixels): (34.0, 28.0, 28.0)
[21:52:12.326542] (3, 5, 5) patches per (z,y,x) axis
[21:52:12.326555] List of volume IDs to be processed by each GPU: [[0, 1, 2]]
[21:52:12.326567] Positions of each volume in Z axis: {0: [0, 160], 1: [126, 286], 2: [252, 412]}
[21:52:12.326576] Rank 0: Total number of patches: 75 - (3, 5, 5) patches per (z,y,x) axis (per GPU)
[21:52:12.985134] Reading Zarr/H5 file: fisbe/biapy-channel-rot-zarr/train/label/VT008647-20171222_63_D2_c120_r0_k3.zarr
[21:52:12.993951] ### 3D-OV-CROP ###
[21:52:12.993979] Cropping (685, 412, 685, 1) images into (160, 160, 160, 1) with overlapping (axis order: ZYXC). . .
[21:52:12.993989] Minimum overlap selected: (0, 0, 0)
[21:52:12.993998] Padding: (0, 0, 0)
[21:52:12.994018] Real overlapping (%): (0.175, 0.2125, 0.175)
[21:52:12.994028] Real overlapping (pixels): (28.0, 34.0, 28.0)
[21:52:12.994037] (5, 5, 3) patches per (z,y,x) axis
[21:52:12.994051] List of volume IDs to be processed by each GPU: [[0, 1, 2, 3, 4]]
[21:52:12.994063] Positions of each volume in Z axis: {0: [0, 160], 1: [132, 292], 2: [264, 424], 3: [396, 556], 4: [528, 685]}
[21:52:12.994073] Rank 0: Total number of patches: 75 - (5, 5, 3) patches per (z,y,x) axis (per GPU)
[21:52:13.635288] Reading Zarr/H5 file: fisbe/biapy-channel-rot-zarr/train/label/VT008647-20171222_63_D2_c120_r1_k0.zarr
[21:52:13.641792] ### 3D-OV-CROP ###
[21:52:13.641813] Cropping (412, 685, 685, 1) images into (160, 160, 160, 1) with overlapping (axis order: ZYXC). . .
[21:52:13.641822] Minimum overlap selected: (0, 0, 0)
[21:52:13.641831] Padding: (0, 0, 0)
[21:52:13.641851] Real overlapping (%): (0.2125, 0.175, 0.175)
[21:52:13.641861] Real overlapping (pixels): (34.0, 28.0, 28.0)
[21:52:13.641869] (3, 5, 5) patches per (z,y,x) axis
[21:52:13.641882] List of volume IDs to be processed by each GPU: [[0, 1, 2]]
[21:52:13.641901] Positions of each volume in Z axis: {0: [0, 160], 1: [126, 286], 2: [252, 412]}
[21:52:13.641912] Rank 0: Total number of patches: 75 - (3, 5, 5) patches per (z,y,x) axis (per GPU)
[21:52:14.295973] Reading Zarr/H5 file: fisbe/biapy-channel-rot-zarr/train/label/VT008647-20171222_63_D2_c120_r1_k2.zarr
[21:52:14.302032] ### 3D-OV-CROP ###
[21:52:14.302055] Cropping (412, 685, 685, 1) images into (160, 160, 160, 1) with overlapping (axis order: ZYXC). . .
[21:52:14.302065] Minimum overlap selected: (0, 0, 0)
[21:52:14.302073] Padding: (0, 0, 0)
[21:52:14.302094] Real overlapping (%): (0.2125, 0.175, 0.175)
[21:52:14.302104] Real overlapping (pixels): (34.0, 28.0, 28.0)
[21:52:14.302112] (3, 5, 5) patches per (z,y,x) axis
[21:52:14.302125] List of volume IDs to be processed by each GPU: [[0, 1, 2]]
[21:52:14.302137] Positions of each volume in Z axis: {0: [0, 160], 1: [126, 286], 2: [252, 412]}
[21:52:14.302145] Rank 0: Total number of patches: 75 - (3, 5, 5) patches per (z,y,x) axis (per GPU)
[21:52:14.899331] Reading Zarr/H5 file: fisbe/biapy-channel-rot-zarr/train/label/VT008647-20171222_63_D2_c120_r1_k3.zarr
[21:52:14.906570] ### 3D-OV-CROP ###
[21:52:14.906589] Cropping (685, 685, 412, 1) images into (160, 160, 160, 1) with overlapping (axis order: ZYXC). . .
[21:52:14.906600] Minimum overlap selected: (0, 0, 0)
[21:52:14.906609] Padding: (0, 0, 0)
[21:52:14.906632] Real overlapping (%): (0.175, 0.175, 0.2125)
[21:52:14.906643] Real overlapping (pixels): (28.0, 28.0, 34.0)
[21:52:14.906651] (5, 3, 5) patches per (z,y,x) axis
[21:52:14.906665] List of volume IDs to be processed by each GPU: [[0, 1, 2, 3, 4]]
[21:52:14.906677] Positions of each volume in Z axis: {0: [0, 160], 1: [132, 292], 2: [264, 424], 3: [396, 556], 4: [528, 685]}
[21:52:14.906687] Rank 0: Total number of patches: 75 - (5, 3, 5) patches per (z,y,x) axis (per GPU)
[21:52:15.656064] Reading Zarr/H5 file: fisbe/biapy-channel-rot-zarr/train/label/VT008647-20171222_63_D2_c120_r2_k0.zarr
[21:52:15.662702] ### 3D-OV-CROP ###
[21:52:15.662723] Cropping (412, 685, 685, 1) images into (160, 160, 160, 1) with overlapping (axis order: ZYXC). . .
[21:52:15.662732] Minimum overlap selected: (0, 0, 0)
[21:52:15.662740] Padding: (0, 0, 0)
[21:52:15.662761] Real overlapping (%): (0.2125, 0.175, 0.175)
[21:52:15.662771] Real overlapping (pixels): (34.0, 28.0, 28.0)
[21:52:15.662779] (3, 5, 5) patches per (z,y,x) axis
[21:52:15.662792] List of volume IDs to be processed by each GPU: [[0, 1, 2]]
[21:52:15.662804] Positions of each volume in Z axis: {0: [0, 160], 1: [126, 286], 2: [252, 412]}
[21:52:15.662813] Rank 0: Total number of patches: 75 - (3, 5, 5) patches per (z,y,x) axis (per GPU)
[21:52:16.401946] Reading Zarr/H5 file: fisbe/biapy-channel-rot-zarr/train/label/VT008647-20171222_63_D2_c120_r2_k2.zarr
[21:52:16.409538] ### 3D-OV-CROP ###
[21:52:16.409557] Cropping (412, 685, 685, 1) images into (160, 160, 160, 1) with overlapping (axis order: ZYXC). . .
[21:52:16.409567] Minimum overlap selected: (0, 0, 0)
[21:52:16.409576] Padding: (0, 0, 0)
[21:52:16.409598] Real overlapping (%): (0.2125, 0.175, 0.175)
[21:52:16.409608] Real overlapping (pixels): (34.0, 28.0, 28.0)
[21:52:16.409616] (3, 5, 5) patches per (z,y,x) axis
[21:52:16.409629] List of volume IDs to be processed by each GPU: [[0, 1, 2]]
[21:52:16.409640] Positions of each volume in Z axis: {0: [0, 160], 1: [126, 286], 2: [252, 412]}
[21:52:16.409649] Rank 0: Total number of patches: 75 - (3, 5, 5) patches per (z,y,x) axis (per GPU)
[21:52:17.070971] Reading Zarr/H5 file: fisbe/biapy-channel-rot-zarr/train/label/VT008647-20171222_63_D2_c120_r2_k3.zarr
[21:52:17.077623] ### 3D-OV-CROP ###
[21:52:17.077644] Cropping (412, 685, 685, 1) images into (160, 160, 160, 1) with overlapping (axis order: ZYXC). . .
[21:52:17.077653] Minimum overlap selected: (0, 0, 0)
[21:52:17.077662] Padding: (0, 0, 0)
[21:52:17.077682] Real overlapping (%): (0.2125, 0.175, 0.175)
[21:52:17.077693] Real overlapping (pixels): (34.0, 28.0, 28.0)
[21:52:17.077702] (3, 5, 5) patches per (z,y,x) axis
[21:52:17.077715] List of volume IDs to be processed by each GPU: [[0, 1, 2]]
[21:52:17.077727] Positions of each volume in Z axis: {0: [0, 160], 1: [126, 286], 2: [252, 412]}
[21:52:17.077738] Rank 0: Total number of patches: 75 - (3, 5, 5) patches per (z,y,x) axis (per GPU)
[21:52:17.719433] Reading Zarr/H5 file: fisbe/biapy-channel-rot-zarr/train/label/VT008647-20171222_63_D2_c201_r0_k0.zarr
[21:52:17.727791] ### 3D-OV-CROP ###
[21:52:17.727810] Cropping (412, 685, 685, 1) images into (160, 160, 160, 1) with overlapping (axis order: ZYXC). . .
[21:52:17.727820] Minimum overlap selected: (0, 0, 0)
[21:52:17.727828] Padding: (0, 0, 0)
[21:52:17.727848] Real overlapping (%): (0.2125, 0.175, 0.175)
[21:52:17.727858] Real overlapping (pixels): (34.0, 28.0, 28.0)
[21:52:17.727867] (3, 5, 5) patches per (z,y,x) axis
[21:52:17.727879] List of volume IDs to be processed by each GPU: [[0, 1, 2]]
[21:52:17.727891] Positions of each volume in Z axis: {0: [0, 160], 1: [126, 286], 2: [252, 412]}
[21:52:17.727901] Rank 0: Total number of patches: 75 - (3, 5, 5) patches per (z,y,x) axis (per GPU)
[21:52:18.398764] Reading Zarr/H5 file: fisbe/biapy-channel-rot-zarr/train/label/VT008647-20171222_63_D2_c201_r0_k2.zarr
[21:52:18.407283] ### 3D-OV-CROP ###
[21:52:18.407304] Cropping (412, 685, 685, 1) images into (160, 160, 160, 1) with overlapping (axis order: ZYXC). . .
[21:52:18.407313] Minimum overlap selected: (0, 0, 0)
[21:52:18.407322] Padding: (0, 0, 0)
[21:52:18.407343] Real overlapping (%): (0.2125, 0.175, 0.175)
[21:52:18.407353] Real overlapping (pixels): (34.0, 28.0, 28.0)
[21:52:18.407362] (3, 5, 5) patches per (z,y,x) axis
[21:52:18.407376] List of volume IDs to be processed by each GPU: [[0, 1, 2]]
[21:52:18.407393] Positions of each volume in Z axis: {0: [0, 160], 1: [126, 286], 2: [252, 412]}
[21:52:18.407402] Rank 0: Total number of patches: 75 - (3, 5, 5) patches per (z,y,x) axis (per GPU)
[21:52:19.030975] Reading Zarr/H5 file: fisbe/biapy-channel-rot-zarr/train/label/VT008647-20171222_63_D2_c201_r0_k3.zarr
[21:52:19.038157] ### 3D-OV-CROP ###
[21:52:19.038179] Cropping (685, 412, 685, 1) images into (160, 160, 160, 1) with overlapping (axis order: ZYXC). . .
[21:52:19.038188] Minimum overlap selected: (0, 0, 0)
[21:52:19.038197] Padding: (0, 0, 0)
[21:52:19.038217] Real overlapping (%): (0.175, 0.2125, 0.175)
[21:52:19.038227] Real overlapping (pixels): (28.0, 34.0, 28.0)
[21:52:19.038242] (5, 5, 3) patches per (z,y,x) axis
[21:52:19.038256] List of volume IDs to be processed by each GPU: [[0, 1, 2, 3, 4]]
[21:52:19.038268] Positions of each volume in Z axis: {0: [0, 160], 1: [132, 292], 2: [264, 424], 3: [396, 556], 4: [528, 685]}
[21:52:19.038277] Rank 0: Total number of patches: 75 - (5, 5, 3) patches per (z,y,x) axis (per GPU)
[21:52:19.933267] Reading Zarr/H5 file: fisbe/biapy-channel-rot-zarr/train/label/VT008647-20171222_63_D2_c201_r1_k0.zarr
[21:52:19.941338] ### 3D-OV-CROP ###
[21:52:19.941358] Cropping (412, 685, 685, 1) images into (160, 160, 160, 1) with overlapping (axis order: ZYXC). . .
[21:52:19.941367] Minimum overlap selected: (0, 0, 0)
[21:52:19.941375] Padding: (0, 0, 0)
[21:52:19.941395] Real overlapping (%): (0.2125, 0.175, 0.175)
[21:52:19.941405] Real overlapping (pixels): (34.0, 28.0, 28.0)
[21:52:19.941414] (3, 5, 5) patches per (z,y,x) axis
[21:52:19.941426] List of volume IDs to be processed by each GPU: [[0, 1, 2]]
[21:52:19.941437] Positions of each volume in Z axis: {0: [0, 160], 1: [126, 286], 2: [252, 412]}
[21:52:19.941447] Rank 0: Total number of patches: 75 - (3, 5, 5) patches per (z,y,x) axis (per GPU)
[21:52:20.612739] Reading Zarr/H5 file: fisbe/biapy-channel-rot-zarr/train/label/VT008647-20171222_63_D2_c201_r1_k2.zarr
[21:52:20.618924] ### 3D-OV-CROP ###
[21:52:20.618945] Cropping (412, 685, 685, 1) images into (160, 160, 160, 1) with overlapping (axis order: ZYXC). . .
[21:52:20.618954] Minimum overlap selected: (0, 0, 0)
[21:52:20.618963] Padding: (0, 0, 0)
[21:52:20.618983] Real overlapping (%): (0.2125, 0.175, 0.175)
[21:52:20.618993] Real overlapping (pixels): (34.0, 28.0, 28.0)
[21:52:20.619001] (3, 5, 5) patches per (z,y,x) axis
[21:52:20.619014] List of volume IDs to be processed by each GPU: [[0, 1, 2]]
[21:52:20.619025] Positions of each volume in Z axis: {0: [0, 160], 1: [126, 286], 2: [252, 412]}
[21:52:20.619034] Rank 0: Total number of patches: 75 - (3, 5, 5) patches per (z,y,x) axis (per GPU)
[21:52:21.325489] Reading Zarr/H5 file: fisbe/biapy-channel-rot-zarr/train/label/VT008647-20171222_63_D2_c201_r1_k3.zarr
[21:52:21.335367] ### 3D-OV-CROP ###
[21:52:21.335386] Cropping (685, 685, 412, 1) images into (160, 160, 160, 1) with overlapping (axis order: ZYXC). . .
[21:52:21.335396] Minimum overlap selected: (0, 0, 0)
[21:52:21.335404] Padding: (0, 0, 0)
[21:52:21.335424] Real overlapping (%): (0.175, 0.175, 0.2125)
[21:52:21.335434] Real overlapping (pixels): (28.0, 28.0, 34.0)
[21:52:21.335442] (5, 3, 5) patches per (z,y,x) axis
[21:52:21.335456] List of volume IDs to be processed by each GPU: [[0, 1, 2, 3, 4]]
[21:52:21.335468] Positions of each volume in Z axis: {0: [0, 160], 1: [132, 292], 2: [264, 424], 3: [396, 556], 4: [528, 685]}
[21:52:21.335477] Rank 0: Total number of patches: 75 - (5, 3, 5) patches per (z,y,x) axis (per GPU)
[21:52:21.944730] Reading Zarr/H5 file: fisbe/biapy-channel-rot-zarr/train/label/VT008647-20171222_63_D2_c201_r2_k0.zarr
[21:52:21.953988] ### 3D-OV-CROP ###
[21:52:21.954008] Cropping (412, 685, 685, 1) images into (160, 160, 160, 1) with overlapping (axis order: ZYXC). . .
[21:52:21.954017] Minimum overlap selected: (0, 0, 0)
[21:52:21.954026] Padding: (0, 0, 0)
[21:52:21.954047] Real overlapping (%): (0.2125, 0.175, 0.175)
[21:52:21.954058] Real overlapping (pixels): (34.0, 28.0, 28.0)
[21:52:21.954066] (3, 5, 5) patches per (z,y,x) axis
[21:52:21.954079] List of volume IDs to be processed by each GPU: [[0, 1, 2]]
[21:52:21.954091] Positions of each volume in Z axis: {0: [0, 160], 1: [126, 286], 2: [252, 412]}
[21:52:21.954101] Rank 0: Total number of patches: 75 - (3, 5, 5) patches per (z,y,x) axis (per GPU)
[21:52:22.631738] Reading Zarr/H5 file: fisbe/biapy-channel-rot-zarr/train/label/VT008647-20171222_63_D2_c201_r2_k2.zarr
[21:52:22.637818] ### 3D-OV-CROP ###
[21:52:22.637840] Cropping (412, 685, 685, 1) images into (160, 160, 160, 1) with overlapping (axis order: ZYXC). . .
[21:52:22.637849] Minimum overlap selected: (0, 0, 0)
[21:52:22.637857] Padding: (0, 0, 0)
[21:52:22.637877] Real overlapping (%): (0.2125, 0.175, 0.175)
[21:52:22.637888] Real overlapping (pixels): (34.0, 28.0, 28.0)
[21:52:22.637897] (3, 5, 5) patches per (z,y,x) axis
[21:52:22.637910] List of volume IDs to be processed by each GPU: [[0, 1, 2]]
[21:52:22.637923] Positions of each volume in Z axis: {0: [0, 160], 1: [126, 286], 2: [252, 412]}
[21:52:22.637933] Rank 0: Total number of patches: 75 - (3, 5, 5) patches per (z,y,x) axis (per GPU)
[21:52:23.350357] Reading Zarr/H5 file: fisbe/biapy-channel-rot-zarr/train/label/VT008647-20171222_63_D2_c201_r2_k3.zarr
[21:52:23.357531] ### 3D-OV-CROP ###
[21:52:23.357554] Cropping (412, 685, 685, 1) images into (160, 160, 160, 1) with overlapping (axis order: ZYXC). . .
[21:52:23.357563] Minimum overlap selected: (0, 0, 0)
[21:52:23.357572] Padding: (0, 0, 0)
[21:52:23.357595] Real overlapping (%): (0.2125, 0.175, 0.175)
[21:52:23.357605] Real overlapping (pixels): (34.0, 28.0, 28.0)
[21:52:23.357613] (3, 5, 5) patches per (z,y,x) axis
[21:52:23.357627] List of volume IDs to be processed by each GPU: [[0, 1, 2]]
[21:52:23.357647] Positions of each volume in Z axis: {0: [0, 160], 1: [126, 286], 2: [252, 412]}
[21:52:23.357656] Rank 0: Total number of patches: 75 - (3, 5, 5) patches per (z,y,x) axis (per GPU)
[21:52:24.046305] Reading Zarr/H5 file: fisbe/biapy-channel-rot-zarr/train/label/VT008647-20171222_63_E1_c102_r0_k0.zarr
[21:52:24.054292] ### 3D-OV-CROP ###
[21:52:24.054313] Cropping (416, 685, 685, 1) images into (160, 160, 160, 1) with overlapping (axis order: ZYXC). . .
[21:52:24.054323] Minimum overlap selected: (0, 0, 0)
[21:52:24.054331] Padding: (0, 0, 0)
[21:52:24.054351] Real overlapping (%): (0.2, 0.175, 0.175)
[21:52:24.054361] Real overlapping (pixels): (32.0, 28.0, 28.0)
[21:52:24.054369] (3, 5, 5) patches per (z,y,x) axis
[21:52:24.054382] List of volume IDs to be processed by each GPU: [[0, 1, 2]]
[21:52:24.054393] Positions of each volume in Z axis: {0: [0, 160], 1: [128, 288], 2: [256, 416]}
[21:52:24.054402] Rank 0: Total number of patches: 75 - (3, 5, 5) patches per (z,y,x) axis (per GPU)
[21:52:24.801411] Reading Zarr/H5 file: fisbe/biapy-channel-rot-zarr/train/label/VT008647-20171222_63_E1_c102_r0_k1.zarr
[21:52:24.808170] ### 3D-OV-CROP ###
[21:52:24.808191] Cropping (685, 416, 685, 1) images into (160, 160, 160, 1) with overlapping (axis order: ZYXC). . .
[21:52:24.808200] Minimum overlap selected: (0, 0, 0)
[21:52:24.808209] Padding: (0, 0, 0)
[21:52:24.808229] Real overlapping (%): (0.175, 0.2, 0.175)
[21:52:24.808244] Real overlapping (pixels): (28.0, 32.0, 28.0)
[21:52:24.808252] (5, 5, 3) patches per (z,y,x) axis
[21:52:24.808266] List of volume IDs to be processed by each GPU: [[0, 1, 2, 3, 4]]
[21:52:24.808278] Positions of each volume in Z axis: {0: [0, 160], 1: [132, 292], 2: [264, 424], 3: [396, 556], 4: [528, 685]}
[21:52:24.808287] Rank 0: Total number of patches: 75 - (5, 5, 3) patches per (z,y,x) axis (per GPU)
[21:52:25.503181] Reading Zarr/H5 file: fisbe/biapy-channel-rot-zarr/train/label/VT008647-20171222_63_E1_c102_r0_k2.zarr
[21:52:25.511502] ### 3D-OV-CROP ###
[21:52:25.511521] Cropping (416, 685, 685, 1) images into (160, 160, 160, 1) with overlapping (axis order: ZYXC). . .
[21:52:25.511531] Minimum overlap selected: (0, 0, 0)
[21:52:25.511539] Padding: (0, 0, 0)
[21:52:25.511561] Real overlapping (%): (0.2, 0.175, 0.175)
[21:52:25.511571] Real overlapping (pixels): (32.0, 28.0, 28.0)
[21:52:25.511580] (3, 5, 5) patches per (z,y,x) axis
[21:52:25.511593] List of volume IDs to be processed by each GPU: [[0, 1, 2]]
[21:52:25.511604] Positions of each volume in Z axis: {0: [0, 160], 1: [128, 288], 2: [256, 416]}
[21:52:25.511613] Rank 0: Total number of patches: 75 - (3, 5, 5) patches per (z,y,x) axis (per GPU)
[21:52:26.212608] Reading Zarr/H5 file: fisbe/biapy-channel-rot-zarr/train/label/VT008647-20171222_63_E1_c102_r1_k0.zarr
[21:52:26.218561] ### 3D-OV-CROP ###
[21:52:26.218583] Cropping (416, 685, 685, 1) images into (160, 160, 160, 1) with overlapping (axis order: ZYXC). . .
[21:52:26.218593] Minimum overlap selected: (0, 0, 0)
[21:52:26.218601] Padding: (0, 0, 0)
[21:52:26.218622] Real overlapping (%): (0.2, 0.175, 0.175)
[21:52:26.218632] Real overlapping (pixels): (32.0, 28.0, 28.0)
[21:52:26.218640] (3, 5, 5) patches per (z,y,x) axis
[21:52:26.218653] List of volume IDs to be processed by each GPU: [[0, 1, 2]]
[21:52:26.218665] Positions of each volume in Z axis: {0: [0, 160], 1: [128, 288], 2: [256, 416]}
[21:52:26.218679] Rank 0: Total number of patches: 75 - (3, 5, 5) patches per (z,y,x) axis (per GPU)
[21:52:27.065658] Reading Zarr/H5 file: fisbe/biapy-channel-rot-zarr/train/label/VT008647-20171222_63_E1_c102_r1_k1.zarr
[21:52:27.072767] ### 3D-OV-CROP ###
[21:52:27.072788] Cropping (685, 685, 416, 1) images into (160, 160, 160, 1) with overlapping (axis order: ZYXC). . .
[21:52:27.072799] Minimum overlap selected: (0, 0, 0)
[21:52:27.072807] Padding: (0, 0, 0)
[21:52:27.072828] Real overlapping (%): (0.175, 0.175, 0.2)
[21:52:27.072838] Real overlapping (pixels): (28.0, 28.0, 32.0)
[21:52:27.072846] (5, 3, 5) patches per (z,y,x) axis
[21:52:27.072861] List of volume IDs to be processed by each GPU: [[0, 1, 2, 3, 4]]
[21:52:27.072874] Positions of each volume in Z axis: {0: [0, 160], 1: [132, 292], 2: [264, 424], 3: [396, 556], 4: [528, 685]}
[21:52:27.072883] Rank 0: Total number of patches: 75 - (5, 3, 5) patches per (z,y,x) axis (per GPU)
[21:52:27.766052] Reading Zarr/H5 file: fisbe/biapy-channel-rot-zarr/train/label/VT008647-20171222_63_E1_c102_r1_k2.zarr
[21:52:27.773923] ### 3D-OV-CROP ###
[21:52:27.773944] Cropping (416, 685, 685, 1) images into (160, 160, 160, 1) with overlapping (axis order: ZYXC). . .
[21:52:27.773954] Minimum overlap selected: (0, 0, 0)
[21:52:27.773962] Padding: (0, 0, 0)
[21:52:27.773984] Real overlapping (%): (0.2, 0.175, 0.175)
[21:52:27.773995] Real overlapping (pixels): (32.0, 28.0, 28.0)
[21:52:27.774004] (3, 5, 5) patches per (z,y,x) axis
[21:52:27.774017] List of volume IDs to be processed by each GPU: [[0, 1, 2]]
[21:52:27.774029] Positions of each volume in Z axis: {0: [0, 160], 1: [128, 288], 2: [256, 416]}
[21:52:27.774039] Rank 0: Total number of patches: 75 - (3, 5, 5) patches per (z,y,x) axis (per GPU)
[21:52:28.534499] Reading Zarr/H5 file: fisbe/biapy-channel-rot-zarr/train/label/VT008647-20171222_63_E1_c102_r2_k0.zarr
[21:52:28.545725] ### 3D-OV-CROP ###
[21:52:28.545746] Cropping (416, 685, 685, 1) images into (160, 160, 160, 1) with overlapping (axis order: ZYXC). . .
[21:52:28.545762] Minimum overlap selected: (0, 0, 0)
[21:52:28.545771] Padding: (0, 0, 0)
[21:52:28.545791] Real overlapping (%): (0.2, 0.175, 0.175)
[21:52:28.545800] Real overlapping (pixels): (32.0, 28.0, 28.0)
[21:52:28.545809] (3, 5, 5) patches per (z,y,x) axis
[21:52:28.545822] List of volume IDs to be processed by each GPU: [[0, 1, 2]]
[21:52:28.545833] Positions of each volume in Z axis: {0: [0, 160], 1: [128, 288], 2: [256, 416]}
[21:52:28.545843] Rank 0: Total number of patches: 75 - (3, 5, 5) patches per (z,y,x) axis (per GPU)
[21:52:29.275402] Reading Zarr/H5 file: fisbe/biapy-channel-rot-zarr/train/label/VT008647-20171222_63_E1_c102_r2_k1.zarr
[21:52:29.282237] ### 3D-OV-CROP ###
[21:52:29.282256] Cropping (416, 685, 685, 1) images into (160, 160, 160, 1) with overlapping (axis order: ZYXC). . .
[21:52:29.282266] Minimum overlap selected: (0, 0, 0)
[21:52:29.282275] Padding: (0, 0, 0)
[21:52:29.282297] Real overlapping (%): (0.2, 0.175, 0.175)
[21:52:29.282307] Real overlapping (pixels): (32.0, 28.0, 28.0)
[21:52:29.282315] (3, 5, 5) patches per (z,y,x) axis
[21:52:29.282329] List of volume IDs to be processed by each GPU: [[0, 1, 2]]
[21:52:29.282341] Positions of each volume in Z axis: {0: [0, 160], 1: [128, 288], 2: [256, 416]}
[21:52:29.282351] Rank 0: Total number of patches: 75 - (3, 5, 5) patches per (z,y,x) axis (per GPU)
[21:52:29.977608] Reading Zarr/H5 file: fisbe/biapy-channel-rot-zarr/train/label/VT008647-20171222_63_E1_c102_r2_k2.zarr
[21:52:29.986630] ### 3D-OV-CROP ###
[21:52:29.986650] Cropping (416, 685, 685, 1) images into (160, 160, 160, 1) with overlapping (axis order: ZYXC). . .
[21:52:29.986659] Minimum overlap selected: (0, 0, 0)
[21:52:29.986667] Padding: (0, 0, 0)
[21:52:29.986687] Real overlapping (%): (0.2, 0.175, 0.175)
[21:52:29.986698] Real overlapping (pixels): (32.0, 28.0, 28.0)
[21:52:29.986707] (3, 5, 5) patches per (z,y,x) axis
[21:52:29.986720] List of volume IDs to be processed by each GPU: [[0, 1, 2]]
[21:52:29.986731] Positions of each volume in Z axis: {0: [0, 160], 1: [128, 288], 2: [256, 416]}
[21:52:29.986754] Rank 0: Total number of patches: 75 - (3, 5, 5) patches per (z,y,x) axis (per GPU)
[21:52:30.716466] Reading Zarr/H5 file: fisbe/biapy-channel-rot-zarr/train/label/VT008647-20171222_63_E1_c120_r0_k0.zarr
[21:52:30.723939] ### 3D-OV-CROP ###
[21:52:30.723958] Cropping (416, 685, 685, 1) images into (160, 160, 160, 1) with overlapping (axis order: ZYXC). . .
[21:52:30.723968] Minimum overlap selected: (0, 0, 0)
[21:52:30.723977] Padding: (0, 0, 0)
[21:52:30.723998] Real overlapping (%): (0.2, 0.175, 0.175)
[21:52:30.724009] Real overlapping (pixels): (32.0, 28.0, 28.0)
[21:52:30.724017] (3, 5, 5) patches per (z,y,x) axis
[21:52:30.724030] List of volume IDs to be processed by each GPU: [[0, 1, 2]]
[21:52:30.724041] Positions of each volume in Z axis: {0: [0, 160], 1: [128, 288], 2: [256, 416]}
[21:52:30.724050] Rank 0: Total number of patches: 75 - (3, 5, 5) patches per (z,y,x) axis (per GPU)
[21:52:31.469836] Reading Zarr/H5 file: fisbe/biapy-channel-rot-zarr/train/label/VT008647-20171222_63_E1_c120_r0_k1.zarr
[21:52:31.480020] ### 3D-OV-CROP ###
[21:52:31.480041] Cropping (685, 416, 685, 1) images into (160, 160, 160, 1) with overlapping (axis order: ZYXC). . .
[21:52:31.480051] Minimum overlap selected: (0, 0, 0)
[21:52:31.480061] Padding: (0, 0, 0)
[21:52:31.480082] Real overlapping (%): (0.175, 0.2, 0.175)
[21:52:31.480093] Real overlapping (pixels): (28.0, 32.0, 28.0)
[21:52:31.480102] (5, 5, 3) patches per (z,y,x) axis
[21:52:31.480116] List of volume IDs to be processed by each GPU: [[0, 1, 2, 3, 4]]
[21:52:31.480129] Positions of each volume in Z axis: {0: [0, 160], 1: [132, 292], 2: [264, 424], 3: [396, 556], 4: [528, 685]}
[21:52:31.480138] Rank 0: Total number of patches: 75 - (5, 5, 3) patches per (z,y,x) axis (per GPU)
[21:52:32.247418] Reading Zarr/H5 file: fisbe/biapy-channel-rot-zarr/train/label/VT008647-20171222_63_E1_c120_r0_k2.zarr
[21:52:32.254327] ### 3D-OV-CROP ###
[21:52:32.254346] Cropping (416, 685, 685, 1) images into (160, 160, 160, 1) with overlapping (axis order: ZYXC). . .
[21:52:32.254356] Minimum overlap selected: (0, 0, 0)
[21:52:32.254365] Padding: (0, 0, 0)
[21:52:32.254386] Real overlapping (%): (0.2, 0.175, 0.175)
[21:52:32.254396] Real overlapping (pixels): (32.0, 28.0, 28.0)
[21:52:32.254404] (3, 5, 5) patches per (z,y,x) axis
[21:52:32.254417] List of volume IDs to be processed by each GPU: [[0, 1, 2]]
[21:52:32.254428] Positions of each volume in Z axis: {0: [0, 160], 1: [128, 288], 2: [256, 416]}
[21:52:32.254437] Rank 0: Total number of patches: 75 - (3, 5, 5) patches per (z,y,x) axis (per GPU)
[21:52:32.991601] Reading Zarr/H5 file: fisbe/biapy-channel-rot-zarr/train/label/VT008647-20171222_63_E1_c120_r1_k0.zarr
[21:52:32.999762] ### 3D-OV-CROP ###
[21:52:32.999782] Cropping (416, 685, 685, 1) images into (160, 160, 160, 1) with overlapping (axis order: ZYXC). . .
[21:52:32.999792] Minimum overlap selected: (0, 0, 0)
[21:52:32.999800] Padding: (0, 0, 0)
[21:52:32.999820] Real overlapping (%): (0.2, 0.175, 0.175)
[21:52:32.999830] Real overlapping (pixels): (32.0, 28.0, 28.0)
[21:52:32.999839] (3, 5, 5) patches per (z,y,x) axis
[21:52:32.999852] List of volume IDs to be processed by each GPU: [[0, 1, 2]]
[21:52:32.999863] Positions of each volume in Z axis: {0: [0, 160], 1: [128, 288], 2: [256, 416]}
[21:52:32.999873] Rank 0: Total number of patches: 75 - (3, 5, 5) patches per (z,y,x) axis (per GPU)
[21:52:33.757437] Reading Zarr/H5 file: fisbe/biapy-channel-rot-zarr/train/label/VT008647-20171222_63_E1_c120_r1_k1.zarr
[21:52:33.763798] ### 3D-OV-CROP ###
[21:52:33.763818] Cropping (685, 685, 416, 1) images into (160, 160, 160, 1) with overlapping (axis order: ZYXC). . .
[21:52:33.763828] Minimum overlap selected: (0, 0, 0)
[21:52:33.763836] Padding: (0, 0, 0)
[21:52:33.763858] Real overlapping (%): (0.175, 0.175, 0.2)
[21:52:33.763868] Real overlapping (pixels): (28.0, 28.0, 32.0)
[21:52:33.763876] (5, 3, 5) patches per (z,y,x) axis
[21:52:33.763889] List of volume IDs to be processed by each GPU: [[0, 1, 2, 3, 4]]
[21:52:33.763904] Positions of each volume in Z axis: {0: [0, 160], 1: [132, 292], 2: [264, 424], 3: [396, 556], 4: [528, 685]}
[21:52:33.763914] Rank 0: Total number of patches: 75 - (5, 3, 5) patches per (z,y,x) axis (per GPU)
[21:52:34.528300] Reading Zarr/H5 file: fisbe/biapy-channel-rot-zarr/train/label/VT008647-20171222_63_E1_c120_r1_k2.zarr
[21:52:34.537153] ### 3D-OV-CROP ###
[21:52:34.537172] Cropping (416, 685, 685, 1) images into (160, 160, 160, 1) with overlapping (axis order: ZYXC). . .
[21:52:34.537182] Minimum overlap selected: (0, 0, 0)
[21:52:34.537190] Padding: (0, 0, 0)
[21:52:34.537211] Real overlapping (%): (0.2, 0.175, 0.175)
[21:52:34.537221] Real overlapping (pixels): (32.0, 28.0, 28.0)
[21:52:34.537235] (3, 5, 5) patches per (z,y,x) axis
[21:52:34.537248] List of volume IDs to be processed by each GPU: [[0, 1, 2]]
[21:52:34.537260] Positions of each volume in Z axis: {0: [0, 160], 1: [128, 288], 2: [256, 416]}
[21:52:34.537269] Rank 0: Total number of patches: 75 - (3, 5, 5) patches per (z,y,x) axis (per GPU)
[21:52:35.327085] Reading Zarr/H5 file: fisbe/biapy-channel-rot-zarr/train/label/VT008647-20171222_63_E1_c120_r2_k0.zarr
[21:52:35.334621] ### 3D-OV-CROP ###
[21:52:35.334642] Cropping (416, 685, 685, 1) images into (160, 160, 160, 1) with overlapping (axis order: ZYXC). . .
[21:52:35.334652] Minimum overlap selected: (0, 0, 0)
[21:52:35.334661] Padding: (0, 0, 0)
[21:52:35.334682] Real overlapping (%): (0.2, 0.175, 0.175)
[21:52:35.334692] Real overlapping (pixels): (32.0, 28.0, 28.0)
[21:52:35.334701] (3, 5, 5) patches per (z,y,x) axis
[21:52:35.334714] List of volume IDs to be processed by each GPU: [[0, 1, 2]]
[21:52:35.334725] Positions of each volume in Z axis: {0: [0, 160], 1: [128, 288], 2: [256, 416]}
[21:52:35.334735] Rank 0: Total number of patches: 75 - (3, 5, 5) patches per (z,y,x) axis (per GPU)
[21:52:36.149779] Reading Zarr/H5 file: fisbe/biapy-channel-rot-zarr/train/label/VT008647-20171222_63_E1_c120_r2_k1.zarr
[21:52:36.156870] ### 3D-OV-CROP ###
[21:52:36.156890] Cropping (416, 685, 685, 1) images into (160, 160, 160, 1) with overlapping (axis order: ZYXC). . .
[21:52:36.156899] Minimum overlap selected: (0, 0, 0)
[21:52:36.156919] Padding: (0, 0, 0)
[21:52:36.156942] Real overlapping (%): (0.2, 0.175, 0.175)
[21:52:36.156952] Real overlapping (pixels): (32.0, 28.0, 28.0)
[21:52:36.156960] (3, 5, 5) patches per (z,y,x) axis
[21:52:36.156974] List of volume IDs to be processed by each GPU: [[0, 1, 2]]
[21:52:36.156985] Positions of each volume in Z axis: {0: [0, 160], 1: [128, 288], 2: [256, 416]}
[21:52:36.156994] Rank 0: Total number of patches: 75 - (3, 5, 5) patches per (z,y,x) axis (per GPU)
[21:52:36.952289] Reading Zarr/H5 file: fisbe/biapy-channel-rot-zarr/train/label/VT008647-20171222_63_E1_c120_r2_k2.zarr
[21:52:36.966298] ### 3D-OV-CROP ###
[21:52:36.966318] Cropping (416, 685, 685, 1) images into (160, 160, 160, 1) with overlapping (axis order: ZYXC). . .
[21:52:36.966328] Minimum overlap selected: (0, 0, 0)
[21:52:36.966337] Padding: (0, 0, 0)
[21:52:36.966358] Real overlapping (%): (0.2, 0.175, 0.175)
[21:52:36.966368] Real overlapping (pixels): (32.0, 28.0, 28.0)
[21:52:36.966376] (3, 5, 5) patches per (z,y,x) axis
[21:52:36.966390] List of volume IDs to be processed by each GPU: [[0, 1, 2]]
[21:52:36.966402] Positions of each volume in Z axis: {0: [0, 160], 1: [128, 288], 2: [256, 416]}
[21:52:36.966411] Rank 0: Total number of patches: 75 - (3, 5, 5) patches per (z,y,x) axis (per GPU)
[21:52:37.727924] Reading Zarr/H5 file: fisbe/biapy-channel-rot-zarr/train/label/VT008647-20171222_63_E1_c210_r0_k0.zarr
[21:52:37.734778] ### 3D-OV-CROP ###
[21:52:37.734798] Cropping (416, 685, 685, 1) images into (160, 160, 160, 1) with overlapping (axis order: ZYXC). . .
[21:52:37.734807] Minimum overlap selected: (0, 0, 0)
[21:52:37.734816] Padding: (0, 0, 0)
[21:52:37.734835] Real overlapping (%): (0.2, 0.175, 0.175)
[21:52:37.734845] Real overlapping (pixels): (32.0, 28.0, 28.0)
[21:52:37.734853] (3, 5, 5) patches per (z,y,x) axis
[21:52:37.734866] List of volume IDs to be processed by each GPU: [[0, 1, 2]]
[21:52:37.734886] Positions of each volume in Z axis: {0: [0, 160], 1: [128, 288], 2: [256, 416]}
[21:52:37.734895] Rank 0: Total number of patches: 75 - (3, 5, 5) patches per (z,y,x) axis (per GPU)
[21:52:38.520429] Reading Zarr/H5 file: fisbe/biapy-channel-rot-zarr/train/label/VT008647-20171222_63_E1_c210_r0_k1.zarr
[21:52:38.526950] ### 3D-OV-CROP ###
[21:52:38.526971] Cropping (685, 416, 685, 1) images into (160, 160, 160, 1) with overlapping (axis order: ZYXC). . .
[21:52:38.526981] Minimum overlap selected: (0, 0, 0)
[21:52:38.526989] Padding: (0, 0, 0)
[21:52:38.527011] Real overlapping (%): (0.175, 0.2, 0.175)
[21:52:38.527020] Real overlapping (pixels): (28.0, 32.0, 28.0)
[21:52:38.527028] (5, 5, 3) patches per (z,y,x) axis
[21:52:38.527042] List of volume IDs to be processed by each GPU: [[0, 1, 2, 3, 4]]
[21:52:38.527054] Positions of each volume in Z axis: {0: [0, 160], 1: [132, 292], 2: [264, 424], 3: [396, 556], 4: [528, 685]}
[21:52:38.527063] Rank 0: Total number of patches: 75 - (5, 5, 3) patches per (z,y,x) axis (per GPU)
[21:52:39.259213] Reading Zarr/H5 file: fisbe/biapy-channel-rot-zarr/train/label/VT008647-20171222_63_E1_c210_r0_k2.zarr
[21:52:39.266780] ### 3D-OV-CROP ###
[21:52:39.266799] Cropping (416, 685, 685, 1) images into (160, 160, 160, 1) with overlapping (axis order: ZYXC). . .
[21:52:39.266809] Minimum overlap selected: (0, 0, 0)
[21:52:39.266817] Padding: (0, 0, 0)
[21:52:39.266839] Real overlapping (%): (0.2, 0.175, 0.175)
[21:52:39.266849] Real overlapping (pixels): (32.0, 28.0, 28.0)
[21:52:39.266857] (3, 5, 5) patches per (z,y,x) axis
[21:52:39.266870] List of volume IDs to be processed by each GPU: [[0, 1, 2]]
[21:52:39.266881] Positions of each volume in Z axis: {0: [0, 160], 1: [128, 288], 2: [256, 416]}
[21:52:39.266890] Rank 0: Total number of patches: 75 - (3, 5, 5) patches per (z,y,x) axis (per GPU)
[21:52:39.985497] Reading Zarr/H5 file: fisbe/biapy-channel-rot-zarr/train/label/VT008647-20171222_63_E1_c210_r1_k0.zarr
[21:52:39.994596] ### 3D-OV-CROP ###
[21:52:39.994618] Cropping (416, 685, 685, 1) images into (160, 160, 160, 1) with overlapping (axis order: ZYXC). . .
[21:52:39.994628] Minimum overlap selected: (0, 0, 0)
[21:52:39.994637] Padding: (0, 0, 0)
[21:52:39.994658] Real overlapping (%): (0.2, 0.175, 0.175)
[21:52:39.994668] Real overlapping (pixels): (32.0, 28.0, 28.0)
[21:52:39.994676] (3, 5, 5) patches per (z,y,x) axis
[21:52:39.994690] List of volume IDs to be processed by each GPU: [[0, 1, 2]]
[21:52:39.994701] Positions of each volume in Z axis: {0: [0, 160], 1: [128, 288], 2: [256, 416]}
[21:52:39.994710] Rank 0: Total number of patches: 75 - (3, 5, 5) patches per (z,y,x) axis (per GPU)
[21:52:40.797602] Reading Zarr/H5 file: fisbe/biapy-channel-rot-zarr/train/label/VT008647-20171222_63_E1_c210_r1_k1.zarr
[21:52:40.809033] ### 3D-OV-CROP ###
[21:52:40.809051] Cropping (685, 685, 416, 1) images into (160, 160, 160, 1) with overlapping (axis order: ZYXC). . .
[21:52:40.809061] Minimum overlap selected: (0, 0, 0)
[21:52:40.809069] Padding: (0, 0, 0)
[21:52:40.809090] Real overlapping (%): (0.175, 0.175, 0.2)
[21:52:40.809100] Real overlapping (pixels): (28.0, 28.0, 32.0)
[21:52:40.809108] (5, 3, 5) patches per (z,y,x) axis
[21:52:40.809122] List of volume IDs to be processed by each GPU: [[0, 1, 2, 3, 4]]
[21:52:40.809135] Positions of each volume in Z axis: {0: [0, 160], 1: [132, 292], 2: [264, 424], 3: [396, 556], 4: [528, 685]}
[21:52:40.809144] Rank 0: Total number of patches: 75 - (5, 3, 5) patches per (z,y,x) axis (per GPU)
[21:52:41.504334] Reading Zarr/H5 file: fisbe/biapy-channel-rot-zarr/train/label/VT008647-20171222_63_E1_c210_r1_k2.zarr
[21:52:41.510988] ### 3D-OV-CROP ###
[21:52:41.511008] Cropping (416, 685, 685, 1) images into (160, 160, 160, 1) with overlapping (axis order: ZYXC). . .
[21:52:41.511017] Minimum overlap selected: (0, 0, 0)
[21:52:41.511025] Padding: (0, 0, 0)
[21:52:41.511046] Real overlapping (%): (0.2, 0.175, 0.175)
[21:52:41.511056] Real overlapping (pixels): (32.0, 28.0, 28.0)
[21:52:41.511067] (3, 5, 5) patches per (z,y,x) axis
[21:52:41.511079] List of volume IDs to be processed by each GPU: [[0, 1, 2]]
[21:52:41.511091] Positions of each volume in Z axis: {0: [0, 160], 1: [128, 288], 2: [256, 416]}
[21:52:41.511101] Rank 0: Total number of patches: 75 - (3, 5, 5) patches per (z,y,x) axis (per GPU)
[21:52:42.241042] Reading Zarr/H5 file: fisbe/biapy-channel-rot-zarr/train/label/VT008647-20171222_63_E1_c210_r2_k0.zarr
[21:52:42.248518] ### 3D-OV-CROP ###
[21:52:42.248539] Cropping (416, 685, 685, 1) images into (160, 160, 160, 1) with overlapping (axis order: ZYXC). . .
[21:52:42.248548] Minimum overlap selected: (0, 0, 0)
[21:52:42.248556] Padding: (0, 0, 0)
[21:52:42.248577] Real overlapping (%): (0.2, 0.175, 0.175)
[21:52:42.248587] Real overlapping (pixels): (32.0, 28.0, 28.0)
[21:52:42.248595] (3, 5, 5) patches per (z,y,x) axis
[21:52:42.248608] List of volume IDs to be processed by each GPU: [[0, 1, 2]]
[21:52:42.248619] Positions of each volume in Z axis: {0: [0, 160], 1: [128, 288], 2: [256, 416]}
[21:52:42.248629] Rank 0: Total number of patches: 75 - (3, 5, 5) patches per (z,y,x) axis (per GPU)
[21:52:42.990186] Reading Zarr/H5 file: fisbe/biapy-channel-rot-zarr/train/label/VT008647-20171222_63_E1_c210_r2_k1.zarr
[21:52:42.996069] ### 3D-OV-CROP ###
[21:52:42.996090] Cropping (416, 685, 685, 1) images into (160, 160, 160, 1) with overlapping (axis order: ZYXC). . .
[21:52:42.996100] Minimum overlap selected: (0, 0, 0)
[21:52:42.996109] Padding: (0, 0, 0)
[21:52:42.996129] Real overlapping (%): (0.2, 0.175, 0.175)
[21:52:42.996139] Real overlapping (pixels): (32.0, 28.0, 28.0)
[21:52:42.996147] (3, 5, 5) patches per (z,y,x) axis
[21:52:42.996160] List of volume IDs to be processed by each GPU: [[0, 1, 2]]
[21:52:42.996172] Positions of each volume in Z axis: {0: [0, 160], 1: [128, 288], 2: [256, 416]}
[21:52:42.996181] Rank 0: Total number of patches: 75 - (3, 5, 5) patches per (z,y,x) axis (per GPU)
[21:52:43.697340] Reading Zarr/H5 file: fisbe/biapy-channel-rot-zarr/train/label/VT008647-20171222_63_E1_c210_r2_k2.zarr
[21:52:43.704951] ### 3D-OV-CROP ###
[21:52:43.704972] Cropping (416, 685, 685, 1) images into (160, 160, 160, 1) with overlapping (axis order: ZYXC). . .
[21:52:43.704982] Minimum overlap selected: (0, 0, 0)
[21:52:43.704990] Padding: (0, 0, 0)
[21:52:43.705011] Real overlapping (%): (0.2, 0.175, 0.175)
[21:52:43.705020] Real overlapping (pixels): (32.0, 28.0, 28.0)
[21:52:43.705029] (3, 5, 5) patches per (z,y,x) axis
[21:52:43.705049] List of volume IDs to be processed by each GPU: [[0, 1, 2]]
[21:52:43.705060] Positions of each volume in Z axis: {0: [0, 160], 1: [128, 288], 2: [256, 416]}
[21:52:43.705069] Rank 0: Total number of patches: 75 - (3, 5, 5) patches per (z,y,x) axis (per GPU)
[21:52:44.454939] Reading Zarr/H5 file: fisbe/biapy-channel-rot-zarr/train/label/VT019303-20171013_65_B6_c012_r0_k0.zarr
[21:52:44.461717] ### 3D-OV-CROP ###
[21:52:44.461738] Cropping (362, 685, 686, 1) images into (160, 160, 160, 1) with overlapping (axis order: ZYXC). . .
[21:52:44.461749] Minimum overlap selected: (0, 0, 0)
[21:52:44.461758] Padding: (0, 0, 0)
[21:52:44.461777] Real overlapping (%): (0.36875, 0.175, 0.175)
[21:52:44.461787] Real overlapping (pixels): (59.0, 28.0, 28.0)
[21:52:44.461794] (3, 5, 5) patches per (z,y,x) axis
[21:52:44.461807] List of volume IDs to be processed by each GPU: [[0, 1, 2]]
[21:52:44.461819] Positions of each volume in Z axis: {0: [0, 160], 1: [101, 261], 2: [202, 362]}
[21:52:44.461829] Rank 0: Total number of patches: 75 - (3, 5, 5) patches per (z,y,x) axis (per GPU)
[21:52:44.975908] Reading Zarr/H5 file: fisbe/biapy-channel-rot-zarr/train/label/VT019303-20171013_65_B6_c012_r0_k2.zarr
[21:52:44.983128] ### 3D-OV-CROP ###
[21:52:44.983150] Cropping (362, 685, 686, 1) images into (160, 160, 160, 1) with overlapping (axis order: ZYXC). . .
[21:52:44.983160] Minimum overlap selected: (0, 0, 0)
[21:52:44.983168] Padding: (0, 0, 0)
[21:52:44.983189] Real overlapping (%): (0.36875, 0.175, 0.175)
[21:52:44.983200] Real overlapping (pixels): (59.0, 28.0, 28.0)
[21:52:44.983215] (3, 5, 5) patches per (z,y,x) axis
[21:52:44.983228] List of volume IDs to be processed by each GPU: [[0, 1, 2]]
[21:52:44.983247] Positions of each volume in Z axis: {0: [0, 160], 1: [101, 261], 2: [202, 362]}
[21:52:44.983257] Rank 0: Total number of patches: 75 - (3, 5, 5) patches per (z,y,x) axis (per GPU)
[21:52:45.580021] Reading Zarr/H5 file: fisbe/biapy-channel-rot-zarr/train/label/VT019303-20171013_65_B6_c012_r0_k3.zarr
[21:52:45.589499] ### 3D-OV-CROP ###
[21:52:45.589522] Cropping (685, 362, 686, 1) images into (160, 160, 160, 1) with overlapping (axis order: ZYXC). . .
[21:52:45.589531] Minimum overlap selected: (0, 0, 0)
[21:52:45.589540] Padding: (0, 0, 0)
[21:52:45.589561] Real overlapping (%): (0.175, 0.36875, 0.175)
[21:52:45.589571] Real overlapping (pixels): (28.0, 59.0, 28.0)
[21:52:45.589579] (5, 5, 3) patches per (z,y,x) axis
[21:52:45.589593] List of volume IDs to be processed by each GPU: [[0, 1, 2, 3, 4]]
[21:52:45.589607] Positions of each volume in Z axis: {0: [0, 160], 1: [132, 292], 2: [264, 424], 3: [396, 556], 4: [528, 685]}
[21:52:45.589617] Rank 0: Total number of patches: 75 - (5, 5, 3) patches per (z,y,x) axis (per GPU)
[21:52:46.364061] Reading Zarr/H5 file: fisbe/biapy-channel-rot-zarr/train/label/VT019303-20171013_65_B6_c012_r1_k0.zarr
[21:52:46.372657] ### 3D-OV-CROP ###
[21:52:46.372678] Cropping (362, 685, 686, 1) images into (160, 160, 160, 1) with overlapping (axis order: ZYXC). . .
[21:52:46.372688] Minimum overlap selected: (0, 0, 0)
[21:52:46.372696] Padding: (0, 0, 0)
[21:52:46.372717] Real overlapping (%): (0.36875, 0.175, 0.175)
[21:52:46.372728] Real overlapping (pixels): (59.0, 28.0, 28.0)
[21:52:46.372736] (3, 5, 5) patches per (z,y,x) axis
[21:52:46.372750] List of volume IDs to be processed by each GPU: [[0, 1, 2]]
[21:52:46.372762] Positions of each volume in Z axis: {0: [0, 160], 1: [101, 261], 2: [202, 362]}
[21:52:46.372771] Rank 0: Total number of patches: 75 - (3, 5, 5) patches per (z,y,x) axis (per GPU)
[21:52:46.887277] Reading Zarr/H5 file: fisbe/biapy-channel-rot-zarr/train/label/VT019303-20171013_65_B6_c012_r1_k2.zarr
[21:52:46.896052] ### 3D-OV-CROP ###
[21:52:46.896074] Cropping (362, 685, 686, 1) images into (160, 160, 160, 1) with overlapping (axis order: ZYXC). . .
[21:52:46.896084] Minimum overlap selected: (0, 0, 0)
[21:52:46.896092] Padding: (0, 0, 0)
[21:52:46.896112] Real overlapping (%): (0.36875, 0.175, 0.175)
[21:52:46.896123] Real overlapping (pixels): (59.0, 28.0, 28.0)
[21:52:46.896131] (3, 5, 5) patches per (z,y,x) axis
[21:52:46.896144] List of volume IDs to be processed by each GPU: [[0, 1, 2]]
[21:52:46.896155] Positions of each volume in Z axis: {0: [0, 160], 1: [101, 261], 2: [202, 362]}
[21:52:46.896164] Rank 0: Total number of patches: 75 - (3, 5, 5) patches per (z,y,x) axis (per GPU)
[21:52:47.379324] Reading Zarr/H5 file: fisbe/biapy-channel-rot-zarr/train/label/VT019303-20171013_65_B6_c012_r1_k3.zarr
[21:52:47.386314] ### 3D-OV-CROP ###
[21:52:47.386334] Cropping (686, 685, 362, 1) images into (160, 160, 160, 1) with overlapping (axis order: ZYXC). . .
[21:52:47.386344] Minimum overlap selected: (0, 0, 0)
[21:52:47.386352] Padding: (0, 0, 0)
[21:52:47.386374] Real overlapping (%): (0.175, 0.175, 0.36875)
[21:52:47.386384] Real overlapping (pixels): (28.0, 28.0, 59.0)
[21:52:47.386392] (5, 3, 5) patches per (z,y,x) axis
[21:52:47.386406] List of volume IDs to be processed by each GPU: [[0, 1, 2, 3, 4]]
[21:52:47.386418] Positions of each volume in Z axis: {0: [0, 160], 1: [132, 292], 2: [264, 424], 3: [396, 556], 4: [528, 686]}
[21:52:47.386427] Rank 0: Total number of patches: 75 - (5, 3, 5) patches per (z,y,x) axis (per GPU)
[21:52:47.894500] Reading Zarr/H5 file: fisbe/biapy-channel-rot-zarr/train/label/VT019303-20171013_65_B6_c012_r2_k0.zarr
[21:52:47.900874] ### 3D-OV-CROP ###
[21:52:47.900895] Cropping (362, 685, 686, 1) images into (160, 160, 160, 1) with overlapping (axis order: ZYXC). . .
[21:52:47.900905] Minimum overlap selected: (0, 0, 0)
[21:52:47.900913] Padding: (0, 0, 0)
[21:52:47.900935] Real overlapping (%): (0.36875, 0.175, 0.175)
[21:52:47.900949] Real overlapping (pixels): (59.0, 28.0, 28.0)
[21:52:47.900957] (3, 5, 5) patches per (z,y,x) axis
[21:52:47.900971] List of volume IDs to be processed by each GPU: [[0, 1, 2]]
[21:52:47.900982] Positions of each volume in Z axis: {0: [0, 160], 1: [101, 261], 2: [202, 362]}
[21:52:47.900991] Rank 0: Total number of patches: 75 - (3, 5, 5) patches per (z,y,x) axis (per GPU)
[21:52:48.471004] Reading Zarr/H5 file: fisbe/biapy-channel-rot-zarr/train/label/VT019303-20171013_65_B6_c012_r2_k2.zarr
[21:52:48.479407] ### 3D-OV-CROP ###
[21:52:48.479426] Cropping (362, 685, 686, 1) images into (160, 160, 160, 1) with overlapping (axis order: ZYXC). . .
[21:52:48.479435] Minimum overlap selected: (0, 0, 0)
[21:52:48.479444] Padding: (0, 0, 0)
[21:52:48.479466] Real overlapping (%): (0.36875, 0.175, 0.175)
[21:52:48.479476] Real overlapping (pixels): (59.0, 28.0, 28.0)
[21:52:48.479484] (3, 5, 5) patches per (z,y,x) axis
[21:52:48.479498] List of volume IDs to be processed by each GPU: [[0, 1, 2]]
[21:52:48.479509] Positions of each volume in Z axis: {0: [0, 160], 1: [101, 261], 2: [202, 362]}
[21:52:48.479519] Rank 0: Total number of patches: 75 - (3, 5, 5) patches per (z,y,x) axis (per GPU)
[21:52:48.953651] Reading Zarr/H5 file: fisbe/biapy-channel-rot-zarr/train/label/VT019303-20171013_65_B6_c012_r2_k3.zarr
[21:52:48.959747] ### 3D-OV-CROP ###
[21:52:48.959766] Cropping (362, 686, 685, 1) images into (160, 160, 160, 1) with overlapping (axis order: ZYXC). . .
[21:52:48.959776] Minimum overlap selected: (0, 0, 0)
[21:52:48.959783] Padding: (0, 0, 0)
[21:52:48.959805] Real overlapping (%): (0.36875, 0.175, 0.175)
[21:52:48.959815] Real overlapping (pixels): (59.0, 28.0, 28.0)
[21:52:48.959824] (3, 5, 5) patches per (z,y,x) axis
[21:52:48.959837] List of volume IDs to be processed by each GPU: [[0, 1, 2]]
[21:52:48.959849] Positions of each volume in Z axis: {0: [0, 160], 1: [101, 261], 2: [202, 362]}
[21:52:48.959858] Rank 0: Total number of patches: 75 - (3, 5, 5) patches per (z,y,x) axis (per GPU)
[21:52:49.528497] Reading Zarr/H5 file: fisbe/biapy-channel-rot-zarr/train/label/VT019303-20171013_65_B6_c201_r0_k0.zarr
[21:52:49.534679] ### 3D-OV-CROP ###
[21:52:49.534700] Cropping (362, 685, 686, 1) images into (160, 160, 160, 1) with overlapping (axis order: ZYXC). . .
[21:52:49.534710] Minimum overlap selected: (0, 0, 0)
[21:52:49.534718] Padding: (0, 0, 0)
[21:52:49.534739] Real overlapping (%): (0.36875, 0.175, 0.175)
[21:52:49.534749] Real overlapping (pixels): (59.0, 28.0, 28.0)
[21:52:49.534757] (3, 5, 5) patches per (z,y,x) axis
[21:52:49.534770] List of volume IDs to be processed by each GPU: [[0, 1, 2]]
[21:52:49.534782] Positions of each volume in Z axis: {0: [0, 160], 1: [101, 261], 2: [202, 362]}
[21:52:49.534790] Rank 0: Total number of patches: 75 - (3, 5, 5) patches per (z,y,x) axis (per GPU)
[21:52:50.043095] Reading Zarr/H5 file: fisbe/biapy-channel-rot-zarr/train/label/VT019303-20171013_65_B6_c201_r0_k2.zarr
[21:52:50.054781] ### 3D-OV-CROP ###
[21:52:50.054802] Cropping (362, 685, 686, 1) images into (160, 160, 160, 1) with overlapping (axis order: ZYXC). . .
[21:52:50.054812] Minimum overlap selected: (0, 0, 0)
[21:52:50.054820] Padding: (0, 0, 0)
[21:52:50.054841] Real overlapping (%): (0.36875, 0.175, 0.175)
[21:52:50.054861] Real overlapping (pixels): (59.0, 28.0, 28.0)
[21:52:50.054868] (3, 5, 5) patches per (z,y,x) axis
[21:52:50.054882] List of volume IDs to be processed by each GPU: [[0, 1, 2]]
[21:52:50.054893] Positions of each volume in Z axis: {0: [0, 160], 1: [101, 261], 2: [202, 362]}
[21:52:50.054901] Rank 0: Total number of patches: 75 - (3, 5, 5) patches per (z,y,x) axis (per GPU)
[21:52:50.531377] Reading Zarr/H5 file: fisbe/biapy-channel-rot-zarr/train/label/VT019303-20171013_65_B6_c201_r0_k3.zarr
[21:52:50.539154] ### 3D-OV-CROP ###
[21:52:50.539173] Cropping (685, 362, 686, 1) images into (160, 160, 160, 1) with overlapping (axis order: ZYXC). . .
[21:52:50.539183] Minimum overlap selected: (0, 0, 0)
[21:52:50.539191] Padding: (0, 0, 0)
[21:52:50.539221] Real overlapping (%): (0.175, 0.36875, 0.175)
[21:52:50.539238] Real overlapping (pixels): (28.0, 59.0, 28.0)
[21:52:50.539246] (5, 5, 3) patches per (z,y,x) axis
[21:52:50.539260] List of volume IDs to be processed by each GPU: [[0, 1, 2, 3, 4]]
[21:52:50.539272] Positions of each volume in Z axis: {0: [0, 160], 1: [132, 292], 2: [264, 424], 3: [396, 556], 4: [528, 685]}
[21:52:50.539281] Rank 0: Total number of patches: 75 - (5, 5, 3) patches per (z,y,x) axis (per GPU)
[21:52:51.095436] Reading Zarr/H5 file: fisbe/biapy-channel-rot-zarr/train/label/VT019303-20171013_65_B6_c201_r1_k0.zarr
[21:52:51.105392] ### 3D-OV-CROP ###
[21:52:51.105415] Cropping (362, 685, 686, 1) images into (160, 160, 160, 1) with overlapping (axis order: ZYXC). . .
[21:52:51.105426] Minimum overlap selected: (0, 0, 0)
[21:52:51.105434] Padding: (0, 0, 0)
[21:52:51.105455] Real overlapping (%): (0.36875, 0.175, 0.175)
[21:52:51.105465] Real overlapping (pixels): (59.0, 28.0, 28.0)
[21:52:51.105475] (3, 5, 5) patches per (z,y,x) axis
[21:52:51.105488] List of volume IDs to be processed by each GPU: [[0, 1, 2]]
[21:52:51.105500] Positions of each volume in Z axis: {0: [0, 160], 1: [101, 261], 2: [202, 362]}
[21:52:51.105509] Rank 0: Total number of patches: 75 - (3, 5, 5) patches per (z,y,x) axis (per GPU)
[21:52:51.640043] Reading Zarr/H5 file: fisbe/biapy-channel-rot-zarr/train/label/VT019303-20171013_65_B6_c201_r1_k2.zarr
[21:52:51.647171] ### 3D-OV-CROP ###
[21:52:51.647189] Cropping (362, 685, 686, 1) images into (160, 160, 160, 1) with overlapping (axis order: ZYXC). . .
[21:52:51.647198] Minimum overlap selected: (0, 0, 0)
[21:52:51.647206] Padding: (0, 0, 0)
[21:52:51.647227] Real overlapping (%): (0.36875, 0.175, 0.175)
[21:52:51.647243] Real overlapping (pixels): (59.0, 28.0, 28.0)
[21:52:51.647252] (3, 5, 5) patches per (z,y,x) axis
[21:52:51.647265] List of volume IDs to be processed by each GPU: [[0, 1, 2]]
[21:52:51.647277] Positions of each volume in Z axis: {0: [0, 160], 1: [101, 261], 2: [202, 362]}
[21:52:51.647285] Rank 0: Total number of patches: 75 - (3, 5, 5) patches per (z,y,x) axis (per GPU)
[21:52:52.118586] Reading Zarr/H5 file: fisbe/biapy-channel-rot-zarr/train/label/VT019303-20171013_65_B6_c201_r1_k3.zarr
[21:52:52.126344] ### 3D-OV-CROP ###
[21:52:52.126364] Cropping (686, 685, 362, 1) images into (160, 160, 160, 1) with overlapping (axis order: ZYXC). . .
[21:52:52.126373] Minimum overlap selected: (0, 0, 0)
[21:52:52.126381] Padding: (0, 0, 0)
[21:52:52.126403] Real overlapping (%): (0.175, 0.175, 0.36875)
[21:52:52.126413] Real overlapping (pixels): (28.0, 28.0, 59.0)
[21:52:52.126420] (5, 3, 5) patches per (z,y,x) axis
[21:52:52.126434] List of volume IDs to be processed by each GPU: [[0, 1, 2, 3, 4]]
[21:52:52.126447] Positions of each volume in Z axis: {0: [0, 160], 1: [132, 292], 2: [264, 424], 3: [396, 556], 4: [528, 686]}
[21:52:52.126457] Rank 0: Total number of patches: 75 - (5, 3, 5) patches per (z,y,x) axis (per GPU)
[21:52:52.600370] Reading Zarr/H5 file: fisbe/biapy-channel-rot-zarr/train/label/VT019303-20171013_65_B6_c201_r2_k0.zarr
[21:52:52.607361] ### 3D-OV-CROP ###
[21:52:52.607381] Cropping (362, 685, 686, 1) images into (160, 160, 160, 1) with overlapping (axis order: ZYXC). . .
[21:52:52.607391] Minimum overlap selected: (0, 0, 0)
[21:52:52.607399] Padding: (0, 0, 0)
[21:52:52.607420] Real overlapping (%): (0.36875, 0.175, 0.175)
[21:52:52.607431] Real overlapping (pixels): (59.0, 28.0, 28.0)
[21:52:52.607439] (3, 5, 5) patches per (z,y,x) axis
[21:52:52.607452] List of volume IDs to be processed by each GPU: [[0, 1, 2]]
[21:52:52.607463] Positions of each volume in Z axis: {0: [0, 160], 1: [101, 261], 2: [202, 362]}
[21:52:52.607472] Rank 0: Total number of patches: 75 - (3, 5, 5) patches per (z,y,x) axis (per GPU)
[21:52:53.131210] Reading Zarr/H5 file: fisbe/biapy-channel-rot-zarr/train/label/VT019303-20171013_65_B6_c201_r2_k2.zarr
[21:52:53.138765] ### 3D-OV-CROP ###
[21:52:53.138785] Cropping (362, 685, 686, 1) images into (160, 160, 160, 1) with overlapping (axis order: ZYXC). . .
[21:52:53.138802] Minimum overlap selected: (0, 0, 0)
[21:52:53.138810] Padding: (0, 0, 0)
[21:52:53.138831] Real overlapping (%): (0.36875, 0.175, 0.175)
[21:52:53.138842] Real overlapping (pixels): (59.0, 28.0, 28.0)
[21:52:53.138850] (3, 5, 5) patches per (z,y,x) axis
[21:52:53.138863] List of volume IDs to be processed by each GPU: [[0, 1, 2]]
[21:52:53.138875] Positions of each volume in Z axis: {0: [0, 160], 1: [101, 261], 2: [202, 362]}
[21:52:53.138884] Rank 0: Total number of patches: 75 - (3, 5, 5) patches per (z,y,x) axis (per GPU)
[21:52:53.683979] Reading Zarr/H5 file: fisbe/biapy-channel-rot-zarr/train/label/VT019303-20171013_65_B6_c201_r2_k3.zarr
[21:52:53.690356] ### 3D-OV-CROP ###
[21:52:53.690374] Cropping (362, 686, 685, 1) images into (160, 160, 160, 1) with overlapping (axis order: ZYXC). . .
[21:52:53.690384] Minimum overlap selected: (0, 0, 0)
[21:52:53.690393] Padding: (0, 0, 0)
[21:52:53.690413] Real overlapping (%): (0.36875, 0.175, 0.175)
[21:52:53.690423] Real overlapping (pixels): (59.0, 28.0, 28.0)
[21:52:53.690432] (3, 5, 5) patches per (z,y,x) axis
[21:52:53.690445] List of volume IDs to be processed by each GPU: [[0, 1, 2]]
[21:52:53.690457] Positions of each volume in Z axis: {0: [0, 160], 1: [101, 261], 2: [202, 362]}
[21:52:53.690467] Rank 0: Total number of patches: 75 - (3, 5, 5) patches per (z,y,x) axis (per GPU)
[21:52:54.296260] Reading Zarr/H5 file: fisbe/biapy-channel-rot-zarr/train/label/VT019303-20171013_65_B6_c210_r0_k0.zarr
[21:52:54.302159] ### 3D-OV-CROP ###
[21:52:54.302178] Cropping (362, 685, 686, 1) images into (160, 160, 160, 1) with overlapping (axis order: ZYXC). . .
[21:52:54.302187] Minimum overlap selected: (0, 0, 0)
[21:52:54.302196] Padding: (0, 0, 0)
[21:52:54.302218] Real overlapping (%): (0.36875, 0.175, 0.175)
[21:52:54.302228] Real overlapping (pixels): (59.0, 28.0, 28.0)
[21:52:54.302241] (3, 5, 5) patches per (z,y,x) axis
[21:52:54.302254] List of volume IDs to be processed by each GPU: [[0, 1, 2]]
[21:52:54.302265] Positions of each volume in Z axis: {0: [0, 160], 1: [101, 261], 2: [202, 362]}
[21:52:54.302274] Rank 0: Total number of patches: 75 - (3, 5, 5) patches per (z,y,x) axis (per GPU)
[21:52:54.843708] Reading Zarr/H5 file: fisbe/biapy-channel-rot-zarr/train/label/VT019303-20171013_65_B6_c210_r0_k2.zarr
[21:52:54.850809] ### 3D-OV-CROP ###
[21:52:54.850829] Cropping (362, 685, 686, 1) images into (160, 160, 160, 1) with overlapping (axis order: ZYXC). . .
[21:52:54.850839] Minimum overlap selected: (0, 0, 0)
[21:52:54.850847] Padding: (0, 0, 0)
[21:52:54.850869] Real overlapping (%): (0.36875, 0.175, 0.175)
[21:52:54.850879] Real overlapping (pixels): (59.0, 28.0, 28.0)
[21:52:54.850887] (3, 5, 5) patches per (z,y,x) axis
[21:52:54.850900] List of volume IDs to be processed by each GPU: [[0, 1, 2]]
[21:52:54.850912] Positions of each volume in Z axis: {0: [0, 160], 1: [101, 261], 2: [202, 362]}
[21:52:54.850921] Rank 0: Total number of patches: 75 - (3, 5, 5) patches per (z,y,x) axis (per GPU)
[21:52:55.348461] Reading Zarr/H5 file: fisbe/biapy-channel-rot-zarr/train/label/VT019303-20171013_65_B6_c210_r0_k3.zarr
[21:52:55.357664] ### 3D-OV-CROP ###
[21:52:55.357685] Cropping (685, 362, 686, 1) images into (160, 160, 160, 1) with overlapping (axis order: ZYXC). . .
[21:52:55.357694] Minimum overlap selected: (0, 0, 0)
[21:52:55.357702] Padding: (0, 0, 0)
[21:52:55.357722] Real overlapping (%): (0.175, 0.36875, 0.175)
[21:52:55.357732] Real overlapping (pixels): (28.0, 59.0, 28.0)
[21:52:55.357740] (5, 5, 3) patches per (z,y,x) axis
[21:52:55.357754] List of volume IDs to be processed by each GPU: [[0, 1, 2, 3, 4]]
[21:52:55.357766] Positions of each volume in Z axis: {0: [0, 160], 1: [132, 292], 2: [264, 424], 3: [396, 556], 4: [528, 685]}
[21:52:55.357775] Rank 0: Total number of patches: 75 - (5, 5, 3) patches per (z,y,x) axis (per GPU)
[21:52:55.901182] Reading Zarr/H5 file: fisbe/biapy-channel-rot-zarr/train/label/VT019303-20171013_65_B6_c210_r1_k0.zarr
[21:52:55.908978] ### 3D-OV-CROP ###
[21:52:55.909000] Cropping (362, 685, 686, 1) images into (160, 160, 160, 1) with overlapping (axis order: ZYXC). . .
[21:52:55.909015] Minimum overlap selected: (0, 0, 0)
[21:52:55.909024] Padding: (0, 0, 0)
[21:52:55.909045] Real overlapping (%): (0.36875, 0.175, 0.175)
[21:52:55.909055] Real overlapping (pixels): (59.0, 28.0, 28.0)
[21:52:55.909065] (3, 5, 5) patches per (z,y,x) axis
[21:52:55.909078] List of volume IDs to be processed by each GPU: [[0, 1, 2]]
[21:52:55.909090] Positions of each volume in Z axis: {0: [0, 160], 1: [101, 261], 2: [202, 362]}
[21:52:55.909099] Rank 0: Total number of patches: 75 - (3, 5, 5) patches per (z,y,x) axis (per GPU)
[21:52:56.423701] Reading Zarr/H5 file: fisbe/biapy-channel-rot-zarr/train/label/VT019303-20171013_65_B6_c210_r1_k2.zarr
[21:52:56.431175] ### 3D-OV-CROP ###
[21:52:56.431197] Cropping (362, 685, 686, 1) images into (160, 160, 160, 1) with overlapping (axis order: ZYXC). . .
[21:52:56.431208] Minimum overlap selected: (0, 0, 0)
[21:52:56.431217] Padding: (0, 0, 0)
[21:52:56.431243] Real overlapping (%): (0.36875, 0.175, 0.175)
[21:52:56.431255] Real overlapping (pixels): (59.0, 28.0, 28.0)
[21:52:56.431264] (3, 5, 5) patches per (z,y,x) axis
[21:52:56.431277] List of volume IDs to be processed by each GPU: [[0, 1, 2]]
[21:52:56.431289] Positions of each volume in Z axis: {0: [0, 160], 1: [101, 261], 2: [202, 362]}
[21:52:56.431298] Rank 0: Total number of patches: 75 - (3, 5, 5) patches per (z,y,x) axis (per GPU)
[21:52:56.927063] Reading Zarr/H5 file: fisbe/biapy-channel-rot-zarr/train/label/VT019303-20171013_65_B6_c210_r1_k3.zarr
[21:52:56.935507] ### 3D-OV-CROP ###
[21:52:56.935527] Cropping (686, 685, 362, 1) images into (160, 160, 160, 1) with overlapping (axis order: ZYXC). . .
[21:52:56.935536] Minimum overlap selected: (0, 0, 0)
[21:52:56.935544] Padding: (0, 0, 0)
[21:52:56.935565] Real overlapping (%): (0.175, 0.175, 0.36875)
[21:52:56.935575] Real overlapping (pixels): (28.0, 28.0, 59.0)
[21:52:56.935584] (5, 3, 5) patches per (z,y,x) axis
[21:52:56.935598] List of volume IDs to be processed by each GPU: [[0, 1, 2, 3, 4]]
[21:52:56.935611] Positions of each volume in Z axis: {0: [0, 160], 1: [132, 292], 2: [264, 424], 3: [396, 556], 4: [528, 686]}
[21:52:56.935621] Rank 0: Total number of patches: 75 - (5, 3, 5) patches per (z,y,x) axis (per GPU)
[21:52:57.429877] Reading Zarr/H5 file: fisbe/biapy-channel-rot-zarr/train/label/VT019303-20171013_65_B6_c210_r2_k0.zarr
[21:52:57.441933] ### 3D-OV-CROP ###
[21:52:57.441954] Cropping (362, 685, 686, 1) images into (160, 160, 160, 1) with overlapping (axis order: ZYXC). . .
[21:52:57.441964] Minimum overlap selected: (0, 0, 0)
[21:52:57.441972] Padding: (0, 0, 0)
[21:52:57.441993] Real overlapping (%): (0.36875, 0.175, 0.175)
[21:52:57.442003] Real overlapping (pixels): (59.0, 28.0, 28.0)
[21:52:57.442011] (3, 5, 5) patches per (z,y,x) axis
[21:52:57.442024] List of volume IDs to be processed by each GPU: [[0, 1, 2]]
[21:52:57.442036] Positions of each volume in Z axis: {0: [0, 160], 1: [101, 261], 2: [202, 362]}
[21:52:57.442045] Rank 0: Total number of patches: 75 - (3, 5, 5) patches per (z,y,x) axis (per GPU)
[21:52:57.960743] Reading Zarr/H5 file: fisbe/biapy-channel-rot-zarr/train/label/VT019303-20171013_65_B6_c210_r2_k2.zarr
[21:52:57.966646] ### 3D-OV-CROP ###
[21:52:57.966668] Cropping (362, 685, 686, 1) images into (160, 160, 160, 1) with overlapping (axis order: ZYXC). . .
[21:52:57.966677] Minimum overlap selected: (0, 0, 0)
[21:52:57.966685] Padding: (0, 0, 0)
[21:52:57.966707] Real overlapping (%): (0.36875, 0.175, 0.175)
[21:52:57.966717] Real overlapping (pixels): (59.0, 28.0, 28.0)
[21:52:57.966725] (3, 5, 5) patches per (z,y,x) axis
[21:52:57.966738] List of volume IDs to be processed by each GPU: [[0, 1, 2]]
[21:52:57.966749] Positions of each volume in Z axis: {0: [0, 160], 1: [101, 261], 2: [202, 362]}
[21:52:57.966757] Rank 0: Total number of patches: 75 - (3, 5, 5) patches per (z,y,x) axis (per GPU)
[21:52:58.466175] Reading Zarr/H5 file: fisbe/biapy-channel-rot-zarr/train/label/VT019303-20171013_65_B6_c210_r2_k3.zarr
[21:52:58.474495] ### 3D-OV-CROP ###
[21:52:58.474518] Cropping (362, 686, 685, 1) images into (160, 160, 160, 1) with overlapping (axis order: ZYXC). . .
[21:52:58.474527] Minimum overlap selected: (0, 0, 0)
[21:52:58.474536] Padding: (0, 0, 0)
[21:52:58.474560] Real overlapping (%): (0.36875, 0.175, 0.175)
[21:52:58.474571] Real overlapping (pixels): (59.0, 28.0, 28.0)
[21:52:58.474579] (3, 5, 5) patches per (z,y,x) axis
[21:52:58.474593] List of volume IDs to be processed by each GPU: [[0, 1, 2]]
[21:52:58.474604] Positions of each volume in Z axis: {0: [0, 160], 1: [101, 261], 2: [202, 362]}
[21:52:58.474613] Rank 0: Total number of patches: 75 - (3, 5, 5) patches per (z,y,x) axis (per GPU)
[21:52:59.043938] Reading Zarr/H5 file: fisbe/biapy-channel-rot-zarr/train/label/VT019307-20171013_65_F1_c012_r0_k0.zarr
[21:52:59.051031] ### 3D-OV-CROP ###
[21:52:59.051051] Cropping (408, 685, 686, 1) images into (160, 160, 160, 1) with overlapping (axis order: ZYXC). . .
[21:52:59.051061] Minimum overlap selected: (0, 0, 0)
[21:52:59.051069] Padding: (0, 0, 0)
[21:52:59.051090] Real overlapping (%): (0.225, 0.175, 0.175)
[21:52:59.051100] Real overlapping (pixels): (36.0, 28.0, 28.0)
[21:52:59.051109] (3, 5, 5) patches per (z,y,x) axis
[21:52:59.051122] List of volume IDs to be processed by each GPU: [[0, 1, 2]]
[21:52:59.051134] Positions of each volume in Z axis: {0: [0, 160], 1: [124, 284], 2: [248, 408]}
[21:52:59.051143] Rank 0: Total number of patches: 75 - (3, 5, 5) patches per (z,y,x) axis (per GPU)
[21:52:59.710903] Reading Zarr/H5 file: fisbe/biapy-channel-rot-zarr/train/label/VT019307-20171013_65_F1_c012_r0_k1.zarr
[21:52:59.719891] ### 3D-OV-CROP ###
[21:52:59.719912] Cropping (685, 408, 686, 1) images into (160, 160, 160, 1) with overlapping (axis order: ZYXC). . .
[21:52:59.719921] Minimum overlap selected: (0, 0, 0)
[21:52:59.719929] Padding: (0, 0, 0)
[21:52:59.719951] Real overlapping (%): (0.175, 0.225, 0.175)
[21:52:59.719961] Real overlapping (pixels): (28.0, 36.0, 28.0)
[21:52:59.719970] (5, 5, 3) patches per (z,y,x) axis
[21:52:59.719984] List of volume IDs to be processed by each GPU: [[0, 1, 2, 3, 4]]
[21:52:59.719997] Positions of each volume in Z axis: {0: [0, 160], 1: [132, 292], 2: [264, 424], 3: [396, 556], 4: [528, 685]}
[21:52:59.720014] Rank 0: Total number of patches: 75 - (5, 5, 3) patches per (z,y,x) axis (per GPU)
[21:53:00.325630] Reading Zarr/H5 file: fisbe/biapy-channel-rot-zarr/train/label/VT019307-20171013_65_F1_c012_r0_k3.zarr
[21:53:00.334908] ### 3D-OV-CROP ###
[21:53:00.334928] Cropping (685, 408, 686, 1) images into (160, 160, 160, 1) with overlapping (axis order: ZYXC). . .
[21:53:00.334937] Minimum overlap selected: (0, 0, 0)
[21:53:00.334945] Padding: (0, 0, 0)
[21:53:00.334966] Real overlapping (%): (0.175, 0.225, 0.175)
[21:53:00.334975] Real overlapping (pixels): (28.0, 36.0, 28.0)
[21:53:00.334984] (5, 5, 3) patches per (z,y,x) axis
[21:53:00.334998] List of volume IDs to be processed by each GPU: [[0, 1, 2, 3, 4]]
[21:53:00.335010] Positions of each volume in Z axis: {0: [0, 160], 1: [132, 292], 2: [264, 424], 3: [396, 556], 4: [528, 685]}
[21:53:00.335019] Rank 0: Total number of patches: 75 - (5, 5, 3) patches per (z,y,x) axis (per GPU)
[21:53:00.918756] Reading Zarr/H5 file: fisbe/biapy-channel-rot-zarr/train/label/VT019307-20171013_65_F1_c012_r1_k0.zarr
[21:53:00.925088] ### 3D-OV-CROP ###
[21:53:00.925107] Cropping (408, 685, 686, 1) images into (160, 160, 160, 1) with overlapping (axis order: ZYXC). . .
[21:53:00.925116] Minimum overlap selected: (0, 0, 0)
[21:53:00.925124] Padding: (0, 0, 0)
[21:53:00.925144] Real overlapping (%): (0.225, 0.175, 0.175)
[21:53:00.925154] Real overlapping (pixels): (36.0, 28.0, 28.0)
[21:53:00.925162] (3, 5, 5) patches per (z,y,x) axis
[21:53:00.925175] List of volume IDs to be processed by each GPU: [[0, 1, 2]]
[21:53:00.925186] Positions of each volume in Z axis: {0: [0, 160], 1: [124, 284], 2: [248, 408]}
[21:53:00.925195] Rank 0: Total number of patches: 75 - (3, 5, 5) patches per (z,y,x) axis (per GPU)
[21:53:01.555667] Reading Zarr/H5 file: fisbe/biapy-channel-rot-zarr/train/label/VT019307-20171013_65_F1_c012_r1_k1.zarr
[21:53:01.561467] ### 3D-OV-CROP ###
[21:53:01.561489] Cropping (686, 685, 408, 1) images into (160, 160, 160, 1) with overlapping (axis order: ZYXC). . .
[21:53:01.561499] Minimum overlap selected: (0, 0, 0)
[21:53:01.561507] Padding: (0, 0, 0)
[21:53:01.561528] Real overlapping (%): (0.175, 0.175, 0.225)
[21:53:01.561538] Real overlapping (pixels): (28.0, 28.0, 36.0)
[21:53:01.561547] (5, 3, 5) patches per (z,y,x) axis
[21:53:01.561560] List of volume IDs to be processed by each GPU: [[0, 1, 2, 3, 4]]
[21:53:01.561573] Positions of each volume in Z axis: {0: [0, 160], 1: [132, 292], 2: [264, 424], 3: [396, 556], 4: [528, 686]}
[21:53:01.561582] Rank 0: Total number of patches: 75 - (5, 3, 5) patches per (z,y,x) axis (per GPU)
[21:53:02.137995] Reading Zarr/H5 file: fisbe/biapy-channel-rot-zarr/train/label/VT019307-20171013_65_F1_c012_r1_k3.zarr
[21:53:02.146581] ### 3D-OV-CROP ###
[21:53:02.146608] Cropping (686, 685, 408, 1) images into (160, 160, 160, 1) with overlapping (axis order: ZYXC). . .
[21:53:02.146617] Minimum overlap selected: (0, 0, 0)
[21:53:02.146626] Padding: (0, 0, 0)
[21:53:02.146648] Real overlapping (%): (0.175, 0.175, 0.225)
[21:53:02.146657] Real overlapping (pixels): (28.0, 28.0, 36.0)
[21:53:02.146666] (5, 3, 5) patches per (z,y,x) axis
[21:53:02.146680] List of volume IDs to be processed by each GPU: [[0, 1, 2, 3, 4]]
[21:53:02.146693] Positions of each volume in Z axis: {0: [0, 160], 1: [132, 292], 2: [264, 424], 3: [396, 556], 4: [528, 686]}
[21:53:02.146702] Rank 0: Total number of patches: 75 - (5, 3, 5) patches per (z,y,x) axis (per GPU)
[21:53:02.717343] Reading Zarr/H5 file: fisbe/biapy-channel-rot-zarr/train/label/VT019307-20171013_65_F1_c012_r2_k0.zarr
[21:53:02.724514] ### 3D-OV-CROP ###
[21:53:02.724535] Cropping (408, 685, 686, 1) images into (160, 160, 160, 1) with overlapping (axis order: ZYXC). . .
[21:53:02.724545] Minimum overlap selected: (0, 0, 0)
[21:53:02.724553] Padding: (0, 0, 0)
[21:53:02.724574] Real overlapping (%): (0.225, 0.175, 0.175)
[21:53:02.724584] Real overlapping (pixels): (36.0, 28.0, 28.0)
[21:53:02.724593] (3, 5, 5) patches per (z,y,x) axis
[21:53:02.724606] List of volume IDs to be processed by each GPU: [[0, 1, 2]]
[21:53:02.724618] Positions of each volume in Z axis: {0: [0, 160], 1: [124, 284], 2: [248, 408]}
[21:53:02.724627] Rank 0: Total number of patches: 75 - (3, 5, 5) patches per (z,y,x) axis (per GPU)
[21:53:03.344646] Reading Zarr/H5 file: fisbe/biapy-channel-rot-zarr/train/label/VT019307-20171013_65_F1_c012_r2_k1.zarr
[21:53:03.351344] ### 3D-OV-CROP ###
[21:53:03.351363] Cropping (408, 686, 685, 1) images into (160, 160, 160, 1) with overlapping (axis order: ZYXC). . .
[21:53:03.351373] Minimum overlap selected: (0, 0, 0)
[21:53:03.351381] Padding: (0, 0, 0)
[21:53:03.351402] Real overlapping (%): (0.225, 0.175, 0.175)
[21:53:03.351413] Real overlapping (pixels): (36.0, 28.0, 28.0)
[21:53:03.351421] (3, 5, 5) patches per (z,y,x) axis
[21:53:03.351435] List of volume IDs to be processed by each GPU: [[0, 1, 2]]
[21:53:03.351446] Positions of each volume in Z axis: {0: [0, 160], 1: [124, 284], 2: [248, 408]}
[21:53:03.351456] Rank 0: Total number of patches: 75 - (3, 5, 5) patches per (z,y,x) axis (per GPU)
[21:53:04.018035] Reading Zarr/H5 file: fisbe/biapy-channel-rot-zarr/train/label/VT019307-20171013_65_F1_c012_r2_k3.zarr
[21:53:04.028346] ### 3D-OV-CROP ###
[21:53:04.028367] Cropping (408, 686, 685, 1) images into (160, 160, 160, 1) with overlapping (axis order: ZYXC). . .
[21:53:04.028377] Minimum overlap selected: (0, 0, 0)
[21:53:04.028385] Padding: (0, 0, 0)
[21:53:04.028407] Real overlapping (%): (0.225, 0.175, 0.175)
[21:53:04.028417] Real overlapping (pixels): (36.0, 28.0, 28.0)
[21:53:04.028426] (3, 5, 5) patches per (z,y,x) axis
[21:53:04.028439] List of volume IDs to be processed by each GPU: [[0, 1, 2]]
[21:53:04.028451] Positions of each volume in Z axis: {0: [0, 160], 1: [124, 284], 2: [248, 408]}
[21:53:04.028460] Rank 0: Total number of patches: 75 - (3, 5, 5) patches per (z,y,x) axis (per GPU)
[21:53:04.648146] Reading Zarr/H5 file: fisbe/biapy-channel-rot-zarr/train/label/VT019307-20171013_65_F1_c021_r0_k0.zarr
[21:53:04.656120] ### 3D-OV-CROP ###
[21:53:04.656141] Cropping (408, 685, 686, 1) images into (160, 160, 160, 1) with overlapping (axis order: ZYXC). . .
[21:53:04.656150] Minimum overlap selected: (0, 0, 0)
[21:53:04.656158] Padding: (0, 0, 0)
[21:53:04.656178] Real overlapping (%): (0.225, 0.175, 0.175)
[21:53:04.656187] Real overlapping (pixels): (36.0, 28.0, 28.0)
[21:53:04.656195] (3, 5, 5) patches per (z,y,x) axis
[21:53:04.656209] List of volume IDs to be processed by each GPU: [[0, 1, 2]]
[21:53:04.656220] Positions of each volume in Z axis: {0: [0, 160], 1: [124, 284], 2: [248, 408]}
[21:53:04.656236] Rank 0: Total number of patches: 75 - (3, 5, 5) patches per (z,y,x) axis (per GPU)
[21:53:05.301605] Reading Zarr/H5 file: fisbe/biapy-channel-rot-zarr/train/label/VT019307-20171013_65_F1_c021_r0_k1.zarr
[21:53:05.312983] ### 3D-OV-CROP ###
[21:53:05.313005] Cropping (685, 408, 686, 1) images into (160, 160, 160, 1) with overlapping (axis order: ZYXC). . .
[21:53:05.313015] Minimum overlap selected: (0, 0, 0)
[21:53:05.313024] Padding: (0, 0, 0)
[21:53:05.313044] Real overlapping (%): (0.175, 0.225, 0.175)
[21:53:05.313054] Real overlapping (pixels): (28.0, 36.0, 28.0)
[21:53:05.313062] (5, 5, 3) patches per (z,y,x) axis
[21:53:05.313076] List of volume IDs to be processed by each GPU: [[0, 1, 2, 3, 4]]
[21:53:05.313089] Positions of each volume in Z axis: {0: [0, 160], 1: [132, 292], 2: [264, 424], 3: [396, 556], 4: [528, 685]}
[21:53:05.313098] Rank 0: Total number of patches: 75 - (5, 5, 3) patches per (z,y,x) axis (per GPU)
[21:53:06.082647] Reading Zarr/H5 file: fisbe/biapy-channel-rot-zarr/train/label/VT019307-20171013_65_F1_c021_r0_k3.zarr
[21:53:06.091016] ### 3D-OV-CROP ###
[21:53:06.091036] Cropping (685, 408, 686, 1) images into (160, 160, 160, 1) with overlapping (axis order: ZYXC). . .
[21:53:06.091046] Minimum overlap selected: (0, 0, 0)
[21:53:06.091055] Padding: (0, 0, 0)
[21:53:06.091076] Real overlapping (%): (0.175, 0.225, 0.175)
[21:53:06.091086] Real overlapping (pixels): (28.0, 36.0, 28.0)
[21:53:06.091094] (5, 5, 3) patches per (z,y,x) axis
[21:53:06.091108] List of volume IDs to be processed by each GPU: [[0, 1, 2, 3, 4]]
[21:53:06.091121] Positions of each volume in Z axis: {0: [0, 160], 1: [132, 292], 2: [264, 424], 3: [396, 556], 4: [528, 685]}
[21:53:06.091130] Rank 0: Total number of patches: 75 - (5, 5, 3) patches per (z,y,x) axis (per GPU)
[21:53:07.037683] Reading Zarr/H5 file: fisbe/biapy-channel-rot-zarr/train/label/VT019307-20171013_65_F1_c021_r1_k0.zarr
[21:53:07.046980] ### 3D-OV-CROP ###
[21:53:07.047011] Cropping (408, 685, 686, 1) images into (160, 160, 160, 1) with overlapping (axis order: ZYXC). . .
[21:53:07.047021] Minimum overlap selected: (0, 0, 0)
[21:53:07.047029] Padding: (0, 0, 0)
[21:53:07.047050] Real overlapping (%): (0.225, 0.175, 0.175)
[21:53:07.047060] Real overlapping (pixels): (36.0, 28.0, 28.0)
[21:53:07.047069] (3, 5, 5) patches per (z,y,x) axis
[21:53:07.047081] List of volume IDs to be processed by each GPU: [[0, 1, 2]]
[21:53:07.047092] Positions of each volume in Z axis: {0: [0, 160], 1: [124, 284], 2: [248, 408]}
[21:53:07.047101] Rank 0: Total number of patches: 75 - (3, 5, 5) patches per (z,y,x) axis (per GPU)
[21:53:07.774118] Reading Zarr/H5 file: fisbe/biapy-channel-rot-zarr/train/label/VT019307-20171013_65_F1_c021_r1_k1.zarr
[21:53:07.785513] ### 3D-OV-CROP ###
[21:53:07.785535] Cropping (686, 685, 408, 1) images into (160, 160, 160, 1) with overlapping (axis order: ZYXC). . .
[21:53:07.785545] Minimum overlap selected: (0, 0, 0)
[21:53:07.785553] Padding: (0, 0, 0)
[21:53:07.785574] Real overlapping (%): (0.175, 0.175, 0.225)
[21:53:07.785584] Real overlapping (pixels): (28.0, 28.0, 36.0)
[21:53:07.785593] (5, 3, 5) patches per (z,y,x) axis
[21:53:07.785606] List of volume IDs to be processed by each GPU: [[0, 1, 2, 3, 4]]
[21:53:07.785620] Positions of each volume in Z axis: {0: [0, 160], 1: [132, 292], 2: [264, 424], 3: [396, 556], 4: [528, 686]}
[21:53:07.785636] Rank 0: Total number of patches: 75 - (5, 3, 5) patches per (z,y,x) axis (per GPU)
[21:53:08.440858] Reading Zarr/H5 file: fisbe/biapy-channel-rot-zarr/train/label/VT019307-20171013_65_F1_c021_r1_k3.zarr
[21:53:08.448044] ### 3D-OV-CROP ###
[21:53:08.448064] Cropping (686, 685, 408, 1) images into (160, 160, 160, 1) with overlapping (axis order: ZYXC). . .
[21:53:08.448074] Minimum overlap selected: (0, 0, 0)
[21:53:08.448082] Padding: (0, 0, 0)
[21:53:08.448103] Real overlapping (%): (0.175, 0.175, 0.225)
[21:53:08.448114] Real overlapping (pixels): (28.0, 28.0, 36.0)
[21:53:08.448123] (5, 3, 5) patches per (z,y,x) axis
[21:53:08.448138] List of volume IDs to be processed by each GPU: [[0, 1, 2, 3, 4]]
[21:53:08.448151] Positions of each volume in Z axis: {0: [0, 160], 1: [132, 292], 2: [264, 424], 3: [396, 556], 4: [528, 686]}
[21:53:08.448160] Rank 0: Total number of patches: 75 - (5, 3, 5) patches per (z,y,x) axis (per GPU)
[21:53:09.055541] Reading Zarr/H5 file: fisbe/biapy-channel-rot-zarr/train/label/VT019307-20171013_65_F1_c021_r2_k0.zarr
[21:53:09.064686] ### 3D-OV-CROP ###
[21:53:09.064708] Cropping (408, 685, 686, 1) images into (160, 160, 160, 1) with overlapping (axis order: ZYXC). . .
[21:53:09.064717] Minimum overlap selected: (0, 0, 0)
[21:53:09.064726] Padding: (0, 0, 0)
[21:53:09.064746] Real overlapping (%): (0.225, 0.175, 0.175)
[21:53:09.064756] Real overlapping (pixels): (36.0, 28.0, 28.0)
[21:53:09.064765] (3, 5, 5) patches per (z,y,x) axis
[21:53:09.064778] List of volume IDs to be processed by each GPU: [[0, 1, 2]]
[21:53:09.064789] Positions of each volume in Z axis: {0: [0, 160], 1: [124, 284], 2: [248, 408]}
[21:53:09.064802] Rank 0: Total number of patches: 75 - (3, 5, 5) patches per (z,y,x) axis (per GPU)
[21:53:09.778841] Reading Zarr/H5 file: fisbe/biapy-channel-rot-zarr/train/label/VT019307-20171013_65_F1_c021_r2_k1.zarr
[21:53:09.786289] ### 3D-OV-CROP ###
[21:53:09.786310] Cropping (408, 686, 685, 1) images into (160, 160, 160, 1) with overlapping (axis order: ZYXC). . .
[21:53:09.786319] Minimum overlap selected: (0, 0, 0)
[21:53:09.786328] Padding: (0, 0, 0)
[21:53:09.786348] Real overlapping (%): (0.225, 0.175, 0.175)
[21:53:09.786359] Real overlapping (pixels): (36.0, 28.0, 28.0)
[21:53:09.786367] (3, 5, 5) patches per (z,y,x) axis
[21:53:09.786380] List of volume IDs to be processed by each GPU: [[0, 1, 2]]
[21:53:09.786392] Positions of each volume in Z axis: {0: [0, 160], 1: [124, 284], 2: [248, 408]}
[21:53:09.786401] Rank 0: Total number of patches: 75 - (3, 5, 5) patches per (z,y,x) axis (per GPU)
[21:53:10.463570] Reading Zarr/H5 file: fisbe/biapy-channel-rot-zarr/train/label/VT019307-20171013_65_F1_c021_r2_k3.zarr
[21:53:10.472418] ### 3D-OV-CROP ###
[21:53:10.472441] Cropping (408, 686, 685, 1) images into (160, 160, 160, 1) with overlapping (axis order: ZYXC). . .
[21:53:10.472450] Minimum overlap selected: (0, 0, 0)
[21:53:10.472459] Padding: (0, 0, 0)
[21:53:10.472480] Real overlapping (%): (0.225, 0.175, 0.175)
[21:53:10.472490] Real overlapping (pixels): (36.0, 28.0, 28.0)
[21:53:10.472498] (3, 5, 5) patches per (z,y,x) axis
[21:53:10.472512] List of volume IDs to be processed by each GPU: [[0, 1, 2]]
[21:53:10.472523] Positions of each volume in Z axis: {0: [0, 160], 1: [124, 284], 2: [248, 408]}
[21:53:10.472532] Rank 0: Total number of patches: 75 - (3, 5, 5) patches per (z,y,x) axis (per GPU)
[21:53:11.184336] Reading Zarr/H5 file: fisbe/biapy-channel-rot-zarr/train/label/VT019307-20171013_65_F1_c210_r0_k0.zarr
[21:53:11.213612] ### 3D-OV-CROP ###
[21:53:11.213639] Cropping (408, 685, 686, 1) images into (160, 160, 160, 1) with overlapping (axis order: ZYXC). . .
[21:53:11.213649] Minimum overlap selected: (0, 0, 0)
[21:53:11.213657] Padding: (0, 0, 0)
[21:53:11.213680] Real overlapping (%): (0.225, 0.175, 0.175)
[21:53:11.213692] Real overlapping (pixels): (36.0, 28.0, 28.0)
[21:53:11.213700] (3, 5, 5) patches per (z,y,x) axis
[21:53:11.213713] List of volume IDs to be processed by each GPU: [[0, 1, 2]]
[21:53:11.213734] Positions of each volume in Z axis: {0: [0, 160], 1: [124, 284], 2: [248, 408]}
[21:53:11.213743] Rank 0: Total number of patches: 75 - (3, 5, 5) patches per (z,y,x) axis (per GPU)
[21:53:11.879515] Reading Zarr/H5 file: fisbe/biapy-channel-rot-zarr/train/label/VT019307-20171013_65_F1_c210_r0_k1.zarr
[21:53:11.891219] ### 3D-OV-CROP ###
[21:53:11.891243] Cropping (685, 408, 686, 1) images into (160, 160, 160, 1) with overlapping (axis order: ZYXC). . .
[21:53:11.891252] Minimum overlap selected: (0, 0, 0)
[21:53:11.891260] Padding: (0, 0, 0)
[21:53:11.891283] Real overlapping (%): (0.175, 0.225, 0.175)
[21:53:11.891292] Real overlapping (pixels): (28.0, 36.0, 28.0)
[21:53:11.891301] (5, 5, 3) patches per (z,y,x) axis
[21:53:11.891315] List of volume IDs to be processed by each GPU: [[0, 1, 2, 3, 4]]
[21:53:11.891328] Positions of each volume in Z axis: {0: [0, 160], 1: [132, 292], 2: [264, 424], 3: [396, 556], 4: [528, 685]}
[21:53:11.891338] Rank 0: Total number of patches: 75 - (5, 5, 3) patches per (z,y,x) axis (per GPU)
[21:53:12.542332] Reading Zarr/H5 file: fisbe/biapy-channel-rot-zarr/train/label/VT019307-20171013_65_F1_c210_r0_k3.zarr
[21:53:12.551274] ### 3D-OV-CROP ###
[21:53:12.551295] Cropping (685, 408, 686, 1) images into (160, 160, 160, 1) with overlapping (axis order: ZYXC). . .
[21:53:12.551304] Minimum overlap selected: (0, 0, 0)
[21:53:12.551313] Padding: (0, 0, 0)
[21:53:12.551334] Real overlapping (%): (0.175, 0.225, 0.175)
[21:53:12.551345] Real overlapping (pixels): (28.0, 36.0, 28.0)
[21:53:12.551353] (5, 5, 3) patches per (z,y,x) axis
[21:53:12.551367] List of volume IDs to be processed by each GPU: [[0, 1, 2, 3, 4]]
[21:53:12.551380] Positions of each volume in Z axis: {0: [0, 160], 1: [132, 292], 2: [264, 424], 3: [396, 556], 4: [528, 685]}
[21:53:12.551390] Rank 0: Total number of patches: 75 - (5, 5, 3) patches per (z,y,x) axis (per GPU)
[21:53:13.163722] Reading Zarr/H5 file: fisbe/biapy-channel-rot-zarr/train/label/VT019307-20171013_65_F1_c210_r1_k0.zarr
[21:53:13.170617] ### 3D-OV-CROP ###
[21:53:13.170636] Cropping (408, 685, 686, 1) images into (160, 160, 160, 1) with overlapping (axis order: ZYXC). . .
[21:53:13.170646] Minimum overlap selected: (0, 0, 0)
[21:53:13.170654] Padding: (0, 0, 0)
[21:53:13.170674] Real overlapping (%): (0.225, 0.175, 0.175)
[21:53:13.170685] Real overlapping (pixels): (36.0, 28.0, 28.0)
[21:53:13.170693] (3, 5, 5) patches per (z,y,x) axis
[21:53:13.170706] List of volume IDs to be processed by each GPU: [[0, 1, 2]]
[21:53:13.170718] Positions of each volume in Z axis: {0: [0, 160], 1: [124, 284], 2: [248, 408]}
[21:53:13.170728] Rank 0: Total number of patches: 75 - (3, 5, 5) patches per (z,y,x) axis (per GPU)
[21:53:13.812077] Reading Zarr/H5 file: fisbe/biapy-channel-rot-zarr/train/label/VT019307-20171013_65_F1_c210_r1_k1.zarr
[21:53:13.819018] ### 3D-OV-CROP ###
[21:53:13.819041] Cropping (686, 685, 408, 1) images into (160, 160, 160, 1) with overlapping (axis order: ZYXC). . .
[21:53:13.819051] Minimum overlap selected: (0, 0, 0)
[21:53:13.819059] Padding: (0, 0, 0)
[21:53:13.819080] Real overlapping (%): (0.175, 0.175, 0.225)
[21:53:13.819090] Real overlapping (pixels): (28.0, 28.0, 36.0)
[21:53:13.819098] (5, 3, 5) patches per (z,y,x) axis
[21:53:13.819113] List of volume IDs to be processed by each GPU: [[0, 1, 2, 3, 4]]
[21:53:13.819130] Positions of each volume in Z axis: {0: [0, 160], 1: [132, 292], 2: [264, 424], 3: [396, 556], 4: [528, 686]}
[21:53:13.819140] Rank 0: Total number of patches: 75 - (5, 3, 5) patches per (z,y,x) axis (per GPU)
[21:53:14.407550] Reading Zarr/H5 file: fisbe/biapy-channel-rot-zarr/train/label/VT019307-20171013_65_F1_c210_r1_k3.zarr
[21:53:14.413950] ### 3D-OV-CROP ###
[21:53:14.413970] Cropping (686, 685, 408, 1) images into (160, 160, 160, 1) with overlapping (axis order: ZYXC). . .
[21:53:14.413980] Minimum overlap selected: (0, 0, 0)
[21:53:14.413989] Padding: (0, 0, 0)
[21:53:14.414010] Real overlapping (%): (0.175, 0.175, 0.225)
[21:53:14.414020] Real overlapping (pixels): (28.0, 28.0, 36.0)
[21:53:14.414035] (5, 3, 5) patches per (z,y,x) axis
[21:53:14.414048] List of volume IDs to be processed by each GPU: [[0, 1, 2, 3, 4]]
[21:53:14.414060] Positions of each volume in Z axis: {0: [0, 160], 1: [132, 292], 2: [264, 424], 3: [396, 556], 4: [528, 686]}
[21:53:14.414069] Rank 0: Total number of patches: 75 - (5, 3, 5) patches per (z,y,x) axis (per GPU)
[21:53:14.997194] Reading Zarr/H5 file: fisbe/biapy-channel-rot-zarr/train/label/VT019307-20171013_65_F1_c210_r2_k0.zarr
[21:53:15.004857] ### 3D-OV-CROP ###
[21:53:15.004879] Cropping (408, 685, 686, 1) images into (160, 160, 160, 1) with overlapping (axis order: ZYXC). . .
[21:53:15.004888] Minimum overlap selected: (0, 0, 0)
[21:53:15.004897] Padding: (0, 0, 0)
[21:53:15.004919] Real overlapping (%): (0.225, 0.175, 0.175)
[21:53:15.004930] Real overlapping (pixels): (36.0, 28.0, 28.0)
[21:53:15.004938] (3, 5, 5) patches per (z,y,x) axis
[21:53:15.004951] List of volume IDs to be processed by each GPU: [[0, 1, 2]]
[21:53:15.004963] Positions of each volume in Z axis: {0: [0, 160], 1: [124, 284], 2: [248, 408]}
[21:53:15.004972] Rank 0: Total number of patches: 75 - (3, 5, 5) patches per (z,y,x) axis (per GPU)
[21:53:15.675031] Reading Zarr/H5 file: fisbe/biapy-channel-rot-zarr/train/label/VT019307-20171013_65_F1_c210_r2_k1.zarr
[21:53:15.689069] ### 3D-OV-CROP ###
[21:53:15.689092] Cropping (408, 686, 685, 1) images into (160, 160, 160, 1) with overlapping (axis order: ZYXC). . .
[21:53:15.689102] Minimum overlap selected: (0, 0, 0)
[21:53:15.689110] Padding: (0, 0, 0)
[21:53:15.689132] Real overlapping (%): (0.225, 0.175, 0.175)
[21:53:15.689142] Real overlapping (pixels): (36.0, 28.0, 28.0)
[21:53:15.689151] (3, 5, 5) patches per (z,y,x) axis
[21:53:15.689164] List of volume IDs to be processed by each GPU: [[0, 1, 2]]
[21:53:15.689176] Positions of each volume in Z axis: {0: [0, 160], 1: [124, 284], 2: [248, 408]}
[21:53:15.689186] Rank 0: Total number of patches: 75 - (3, 5, 5) patches per (z,y,x) axis (per GPU)
[21:53:16.392728] Reading Zarr/H5 file: fisbe/biapy-channel-rot-zarr/train/label/VT019307-20171013_65_F1_c210_r2_k3.zarr
[21:53:16.400966] ### 3D-OV-CROP ###
[21:53:16.400985] Cropping (408, 686, 685, 1) images into (160, 160, 160, 1) with overlapping (axis order: ZYXC). . .
[21:53:16.400995] Minimum overlap selected: (0, 0, 0)
[21:53:16.401003] Padding: (0, 0, 0)
[21:53:16.401024] Real overlapping (%): (0.225, 0.175, 0.175)
[21:53:16.401034] Real overlapping (pixels): (36.0, 28.0, 28.0)
[21:53:16.401043] (3, 5, 5) patches per (z,y,x) axis
[21:53:16.401056] List of volume IDs to be processed by each GPU: [[0, 1, 2]]
[21:53:16.401067] Positions of each volume in Z axis: {0: [0, 160], 1: [124, 284], 2: [248, 408]}
[21:53:16.401077] Rank 0: Total number of patches: 75 - (3, 5, 5) patches per (z,y,x) axis (per GPU)
[21:53:17.070481] Reading Zarr/H5 file: fisbe/biapy-channel-rot-zarr/train/label/VT033051-20171128_61_E2_c012_r0_k0.zarr
[21:53:17.081673] ### 3D-OV-CROP ###
[21:53:17.081693] Cropping (345, 683, 686, 1) images into (160, 160, 160, 1) with overlapping (axis order: ZYXC). . .
[21:53:17.081703] Minimum overlap selected: (0, 0, 0)
[21:53:17.081711] Padding: (0, 0, 0)
[21:53:17.081732] Real overlapping (%): (0.41875, 0.18125, 0.175)
[21:53:17.081742] Real overlapping (pixels): (67.0, 29.0, 28.0)
[21:53:17.081750] (3, 5, 5) patches per (z,y,x) axis
[21:53:17.081763] List of volume IDs to be processed by each GPU: [[0, 1, 2]]
[21:53:17.081774] Positions of each volume in Z axis: {0: [0, 160], 1: [93, 253], 2: [186, 345]}
[21:53:17.081783] Rank 0: Total number of patches: 75 - (3, 5, 5) patches per (z,y,x) axis (per GPU)
[21:53:17.759407] Reading Zarr/H5 file: fisbe/biapy-channel-rot-zarr/train/label/VT033051-20171128_61_E2_c012_r0_k1.zarr
[21:53:17.766485] ### 3D-OV-CROP ###
[21:53:17.766504] Cropping (683, 345, 686, 1) images into (160, 160, 160, 1) with overlapping (axis order: ZYXC). . .
[21:53:17.766514] Minimum overlap selected: (0, 0, 0)
[21:53:17.766522] Padding: (0, 0, 0)
[21:53:17.766544] Real overlapping (%): (0.18125, 0.41875, 0.175)
[21:53:17.766563] Real overlapping (pixels): (29.0, 67.0, 28.0)
[21:53:17.766571] (5, 5, 3) patches per (z,y,x) axis
[21:53:17.766585] List of volume IDs to be processed by each GPU: [[0, 1, 2, 3, 4]]
[21:53:17.766597] Positions of each volume in Z axis: {0: [0, 160], 1: [131, 291], 2: [262, 422], 3: [393, 553], 4: [524, 683]}
[21:53:17.766606] Rank 0: Total number of patches: 75 - (5, 5, 3) patches per (z,y,x) axis (per GPU)
[21:53:18.507586] Reading Zarr/H5 file: fisbe/biapy-channel-rot-zarr/train/label/VT033051-20171128_61_E2_c012_r0_k2.zarr
[21:53:18.514668] ### 3D-OV-CROP ###
[21:53:18.514688] Cropping (345, 683, 686, 1) images into (160, 160, 160, 1) with overlapping (axis order: ZYXC). . .
[21:53:18.514698] Minimum overlap selected: (0, 0, 0)
[21:53:18.514707] Padding: (0, 0, 0)
[21:53:18.514727] Real overlapping (%): (0.41875, 0.18125, 0.175)
[21:53:18.514737] Real overlapping (pixels): (67.0, 29.0, 28.0)
[21:53:18.514745] (3, 5, 5) patches per (z,y,x) axis
[21:53:18.514765] List of volume IDs to be processed by each GPU: [[0, 1, 2]]
[21:53:18.514776] Positions of each volume in Z axis: {0: [0, 160], 1: [93, 253], 2: [186, 345]}
[21:53:18.514785] Rank 0: Total number of patches: 75 - (3, 5, 5) patches per (z,y,x) axis (per GPU)
[21:53:19.101345] Reading Zarr/H5 file: fisbe/biapy-channel-rot-zarr/train/label/VT033051-20171128_61_E2_c012_r1_k0.zarr
[21:53:19.112668] ### 3D-OV-CROP ###
[21:53:19.112687] Cropping (345, 683, 686, 1) images into (160, 160, 160, 1) with overlapping (axis order: ZYXC). . .
[21:53:19.112697] Minimum overlap selected: (0, 0, 0)
[21:53:19.112706] Padding: (0, 0, 0)
[21:53:19.112727] Real overlapping (%): (0.41875, 0.18125, 0.175)
[21:53:19.112737] Real overlapping (pixels): (67.0, 29.0, 28.0)
[21:53:19.112746] (3, 5, 5) patches per (z,y,x) axis
[21:53:19.112759] List of volume IDs to be processed by each GPU: [[0, 1, 2]]
[21:53:19.112771] Positions of each volume in Z axis: {0: [0, 160], 1: [93, 253], 2: [186, 345]}
[21:53:19.112779] Rank 0: Total number of patches: 75 - (3, 5, 5) patches per (z,y,x) axis (per GPU)
[21:53:19.709344] Reading Zarr/H5 file: fisbe/biapy-channel-rot-zarr/train/label/VT033051-20171128_61_E2_c012_r1_k1.zarr
[21:53:19.716135] ### 3D-OV-CROP ###
[21:53:19.716153] Cropping (686, 683, 345, 1) images into (160, 160, 160, 1) with overlapping (axis order: ZYXC). . .
[21:53:19.716162] Minimum overlap selected: (0, 0, 0)
[21:53:19.716170] Padding: (0, 0, 0)
[21:53:19.716193] Real overlapping (%): (0.175, 0.18125, 0.41875)
[21:53:19.716203] Real overlapping (pixels): (28.0, 29.0, 67.0)
[21:53:19.716211] (5, 3, 5) patches per (z,y,x) axis
[21:53:19.716225] List of volume IDs to be processed by each GPU: [[0, 1, 2, 3, 4]]
[21:53:19.716244] Positions of each volume in Z axis: {0: [0, 160], 1: [132, 292], 2: [264, 424], 3: [396, 556], 4: [528, 686]}
[21:53:19.716254] Rank 0: Total number of patches: 75 - (5, 3, 5) patches per (z,y,x) axis (per GPU)
[21:53:20.250413] Reading Zarr/H5 file: fisbe/biapy-channel-rot-zarr/train/label/VT033051-20171128_61_E2_c012_r1_k2.zarr
[21:53:20.257956] ### 3D-OV-CROP ###
[21:53:20.257976] Cropping (345, 683, 686, 1) images into (160, 160, 160, 1) with overlapping (axis order: ZYXC). . .
[21:53:20.257986] Minimum overlap selected: (0, 0, 0)
[21:53:20.257994] Padding: (0, 0, 0)
[21:53:20.258014] Real overlapping (%): (0.41875, 0.18125, 0.175)
[21:53:20.258024] Real overlapping (pixels): (67.0, 29.0, 28.0)
[21:53:20.258032] (3, 5, 5) patches per (z,y,x) axis
[21:53:20.258045] List of volume IDs to be processed by each GPU: [[0, 1, 2]]
[21:53:20.258057] Positions of each volume in Z axis: {0: [0, 160], 1: [93, 253], 2: [186, 345]}
[21:53:20.258067] Rank 0: Total number of patches: 75 - (3, 5, 5) patches per (z,y,x) axis (per GPU)
[21:53:20.804719] Reading Zarr/H5 file: fisbe/biapy-channel-rot-zarr/train/label/VT033051-20171128_61_E2_c012_r2_k0.zarr
[21:53:20.812706] ### 3D-OV-CROP ###
[21:53:20.812725] Cropping (345, 683, 686, 1) images into (160, 160, 160, 1) with overlapping (axis order: ZYXC). . .
[21:53:20.812740] Minimum overlap selected: (0, 0, 0)
[21:53:20.812748] Padding: (0, 0, 0)
[21:53:20.812769] Real overlapping (%): (0.41875, 0.18125, 0.175)
[21:53:20.812778] Real overlapping (pixels): (67.0, 29.0, 28.0)
[21:53:20.812787] (3, 5, 5) patches per (z,y,x) axis
[21:53:20.812801] List of volume IDs to be processed by each GPU: [[0, 1, 2]]
[21:53:20.812812] Positions of each volume in Z axis: {0: [0, 160], 1: [93, 253], 2: [186, 345]}
[21:53:20.812821] Rank 0: Total number of patches: 75 - (3, 5, 5) patches per (z,y,x) axis (per GPU)
[21:53:21.674025] Reading Zarr/H5 file: fisbe/biapy-channel-rot-zarr/train/label/VT033051-20171128_61_E2_c012_r2_k1.zarr
[21:53:21.681552] ### 3D-OV-CROP ###
[21:53:21.681572] Cropping (345, 686, 683, 1) images into (160, 160, 160, 1) with overlapping (axis order: ZYXC). . .
[21:53:21.681582] Minimum overlap selected: (0, 0, 0)
[21:53:21.681591] Padding: (0, 0, 0)
[21:53:21.681611] Real overlapping (%): (0.41875, 0.175, 0.18125)
[21:53:21.681622] Real overlapping (pixels): (67.0, 28.0, 29.0)
[21:53:21.681630] (3, 5, 5) patches per (z,y,x) axis
[21:53:21.681644] List of volume IDs to be processed by each GPU: [[0, 1, 2]]
[21:53:21.681657] Positions of each volume in Z axis: {0: [0, 160], 1: [93, 253], 2: [186, 345]}
[21:53:21.681666] Rank 0: Total number of patches: 75 - (3, 5, 5) patches per (z,y,x) axis (per GPU)
[21:53:22.330017] Reading Zarr/H5 file: fisbe/biapy-channel-rot-zarr/train/label/VT033051-20171128_61_E2_c012_r2_k2.zarr
[21:53:22.340096] ### 3D-OV-CROP ###
[21:53:22.340116] Cropping (345, 683, 686, 1) images into (160, 160, 160, 1) with overlapping (axis order: ZYXC). . .
[21:53:22.340125] Minimum overlap selected: (0, 0, 0)
[21:53:22.340133] Padding: (0, 0, 0)
[21:53:22.340154] Real overlapping (%): (0.41875, 0.18125, 0.175)
[21:53:22.340164] Real overlapping (pixels): (67.0, 29.0, 28.0)
[21:53:22.340172] (3, 5, 5) patches per (z,y,x) axis
[21:53:22.340185] List of volume IDs to be processed by each GPU: [[0, 1, 2]]
[21:53:22.340197] Positions of each volume in Z axis: {0: [0, 160], 1: [93, 253], 2: [186, 345]}
[21:53:22.340205] Rank 0: Total number of patches: 75 - (3, 5, 5) patches per (z,y,x) axis (per GPU)
[21:53:22.945241] Reading Zarr/H5 file: fisbe/biapy-channel-rot-zarr/train/label/VT033051-20171128_61_E2_c102_r0_k0.zarr
[21:53:22.952964] ### 3D-OV-CROP ###
[21:53:22.952984] Cropping (345, 683, 686, 1) images into (160, 160, 160, 1) with overlapping (axis order: ZYXC). . .
[21:53:22.952994] Minimum overlap selected: (0, 0, 0)
[21:53:22.953002] Padding: (0, 0, 0)
[21:53:22.953025] Real overlapping (%): (0.41875, 0.18125, 0.175)
[21:53:22.953035] Real overlapping (pixels): (67.0, 29.0, 28.0)
[21:53:22.953051] (3, 5, 5) patches per (z,y,x) axis
[21:53:22.953065] List of volume IDs to be processed by each GPU: [[0, 1, 2]]
[21:53:22.953076] Positions of each volume in Z axis: {0: [0, 160], 1: [93, 253], 2: [186, 345]}
[21:53:22.953085] Rank 0: Total number of patches: 75 - (3, 5, 5) patches per (z,y,x) axis (per GPU)
[21:53:23.652779] Reading Zarr/H5 file: fisbe/biapy-channel-rot-zarr/train/label/VT033051-20171128_61_E2_c102_r0_k1.zarr
[21:53:23.660445] ### 3D-OV-CROP ###
[21:53:23.660466] Cropping (683, 345, 686, 1) images into (160, 160, 160, 1) with overlapping (axis order: ZYXC). . .
[21:53:23.660475] Minimum overlap selected: (0, 0, 0)
[21:53:23.660485] Padding: (0, 0, 0)
[21:53:23.660506] Real overlapping (%): (0.18125, 0.41875, 0.175)
[21:53:23.660516] Real overlapping (pixels): (29.0, 67.0, 28.0)
[21:53:23.660524] (5, 5, 3) patches per (z,y,x) axis
[21:53:23.660537] List of volume IDs to be processed by each GPU: [[0, 1, 2, 3, 4]]
[21:53:23.660550] Positions of each volume in Z axis: {0: [0, 160], 1: [131, 291], 2: [262, 422], 3: [393, 553], 4: [524, 683]}
[21:53:23.660559] Rank 0: Total number of patches: 75 - (5, 5, 3) patches per (z,y,x) axis (per GPU)
[21:53:24.293431] Reading Zarr/H5 file: fisbe/biapy-channel-rot-zarr/train/label/VT033051-20171128_61_E2_c102_r0_k2.zarr
[21:53:24.302597] ### 3D-OV-CROP ###
[21:53:24.302618] Cropping (345, 683, 686, 1) images into (160, 160, 160, 1) with overlapping (axis order: ZYXC). . .
[21:53:24.302634] Minimum overlap selected: (0, 0, 0)
[21:53:24.302643] Padding: (0, 0, 0)
[21:53:24.302664] Real overlapping (%): (0.41875, 0.18125, 0.175)
[21:53:24.302674] Real overlapping (pixels): (67.0, 29.0, 28.0)
[21:53:24.302682] (3, 5, 5) patches per (z,y,x) axis
[21:53:24.302695] List of volume IDs to be processed by each GPU: [[0, 1, 2]]
[21:53:24.302706] Positions of each volume in Z axis: {0: [0, 160], 1: [93, 253], 2: [186, 345]}
[21:53:24.302715] Rank 0: Total number of patches: 75 - (3, 5, 5) patches per (z,y,x) axis (per GPU)
[21:53:24.917451] Reading Zarr/H5 file: fisbe/biapy-channel-rot-zarr/train/label/VT033051-20171128_61_E2_c102_r1_k0.zarr
[21:53:24.927118] ### 3D-OV-CROP ###
[21:53:24.927156] Cropping (345, 683, 686, 1) images into (160, 160, 160, 1) with overlapping (axis order: ZYXC). . .
[21:53:24.927166] Minimum overlap selected: (0, 0, 0)
[21:53:24.927174] Padding: (0, 0, 0)
[21:53:24.927196] Real overlapping (%): (0.41875, 0.18125, 0.175)
[21:53:24.927207] Real overlapping (pixels): (67.0, 29.0, 28.0)
[21:53:24.927216] (3, 5, 5) patches per (z,y,x) axis
[21:53:24.927234] List of volume IDs to be processed by each GPU: [[0, 1, 2]]
[21:53:24.927247] Positions of each volume in Z axis: {0: [0, 160], 1: [93, 253], 2: [186, 345]}
[21:53:24.927257] Rank 0: Total number of patches: 75 - (3, 5, 5) patches per (z,y,x) axis (per GPU)
[21:53:25.634842] Reading Zarr/H5 file: fisbe/biapy-channel-rot-zarr/train/label/VT033051-20171128_61_E2_c102_r1_k1.zarr
[21:53:25.645540] ### 3D-OV-CROP ###
[21:53:25.645559] Cropping (686, 683, 345, 1) images into (160, 160, 160, 1) with overlapping (axis order: ZYXC). . .
[21:53:25.645569] Minimum overlap selected: (0, 0, 0)
[21:53:25.645577] Padding: (0, 0, 0)
[21:53:25.645598] Real overlapping (%): (0.175, 0.18125, 0.41875)
[21:53:25.645608] Real overlapping (pixels): (28.0, 29.0, 67.0)
[21:53:25.645617] (5, 3, 5) patches per (z,y,x) axis
[21:53:25.645631] List of volume IDs to be processed by each GPU: [[0, 1, 2, 3, 4]]
[21:53:25.645643] Positions of each volume in Z axis: {0: [0, 160], 1: [132, 292], 2: [264, 424], 3: [396, 556], 4: [528, 686]}
[21:53:25.645653] Rank 0: Total number of patches: 75 - (5, 3, 5) patches per (z,y,x) axis (per GPU)
[21:53:26.207976] Reading Zarr/H5 file: fisbe/biapy-channel-rot-zarr/train/label/VT033051-20171128_61_E2_c102_r1_k2.zarr
[21:53:26.216328] ### 3D-OV-CROP ###
[21:53:26.216349] Cropping (345, 683, 686, 1) images into (160, 160, 160, 1) with overlapping (axis order: ZYXC). . .
[21:53:26.216359] Minimum overlap selected: (0, 0, 0)
[21:53:26.216367] Padding: (0, 0, 0)
[21:53:26.216387] Real overlapping (%): (0.41875, 0.18125, 0.175)
[21:53:26.216398] Real overlapping (pixels): (67.0, 29.0, 28.0)
[21:53:26.216406] (3, 5, 5) patches per (z,y,x) axis
[21:53:26.216419] List of volume IDs to be processed by each GPU: [[0, 1, 2]]
[21:53:26.216430] Positions of each volume in Z axis: {0: [0, 160], 1: [93, 253], 2: [186, 345]}
[21:53:26.216439] Rank 0: Total number of patches: 75 - (3, 5, 5) patches per (z,y,x) axis (per GPU)
[21:53:26.783197] Reading Zarr/H5 file: fisbe/biapy-channel-rot-zarr/train/label/VT033051-20171128_61_E2_c102_r2_k0.zarr
[21:53:26.792144] ### 3D-OV-CROP ###
[21:53:26.792167] Cropping (345, 683, 686, 1) images into (160, 160, 160, 1) with overlapping (axis order: ZYXC). . .
[21:53:26.792177] Minimum overlap selected: (0, 0, 0)
[21:53:26.792185] Padding: (0, 0, 0)
[21:53:26.792206] Real overlapping (%): (0.41875, 0.18125, 0.175)
[21:53:26.792218] Real overlapping (pixels): (67.0, 29.0, 28.0)
[21:53:26.792226] (3, 5, 5) patches per (z,y,x) axis
[21:53:26.792246] List of volume IDs to be processed by each GPU: [[0, 1, 2]]
[21:53:26.792257] Positions of each volume in Z axis: {0: [0, 160], 1: [93, 253], 2: [186, 345]}
[21:53:26.792267] Rank 0: Total number of patches: 75 - (3, 5, 5) patches per (z,y,x) axis (per GPU)
[21:53:27.385973] Reading Zarr/H5 file: fisbe/biapy-channel-rot-zarr/train/label/VT033051-20171128_61_E2_c102_r2_k1.zarr
[21:53:27.392869] ### 3D-OV-CROP ###
[21:53:27.392898] Cropping (345, 686, 683, 1) images into (160, 160, 160, 1) with overlapping (axis order: ZYXC). . .
[21:53:27.392908] Minimum overlap selected: (0, 0, 0)
[21:53:27.392917] Padding: (0, 0, 0)
[21:53:27.392938] Real overlapping (%): (0.41875, 0.175, 0.18125)
[21:53:27.392950] Real overlapping (pixels): (67.0, 28.0, 29.0)
[21:53:27.392958] (3, 5, 5) patches per (z,y,x) axis
[21:53:27.392971] List of volume IDs to be processed by each GPU: [[0, 1, 2]]
[21:53:27.392982] Positions of each volume in Z axis: {0: [0, 160], 1: [93, 253], 2: [186, 345]}
[21:53:27.392991] Rank 0: Total number of patches: 75 - (3, 5, 5) patches per (z,y,x) axis (per GPU)
[21:53:27.921389] Reading Zarr/H5 file: fisbe/biapy-channel-rot-zarr/train/label/VT033051-20171128_61_E2_c102_r2_k2.zarr
[21:53:27.929151] ### 3D-OV-CROP ###
[21:53:27.929170] Cropping (345, 683, 686, 1) images into (160, 160, 160, 1) with overlapping (axis order: ZYXC). . .
[21:53:27.929180] Minimum overlap selected: (0, 0, 0)
[21:53:27.929189] Padding: (0, 0, 0)
[21:53:27.929210] Real overlapping (%): (0.41875, 0.18125, 0.175)
[21:53:27.929220] Real overlapping (pixels): (67.0, 29.0, 28.0)
[21:53:27.929229] (3, 5, 5) patches per (z,y,x) axis
[21:53:27.929247] List of volume IDs to be processed by each GPU: [[0, 1, 2]]
[21:53:27.929258] Positions of each volume in Z axis: {0: [0, 160], 1: [93, 253], 2: [186, 345]}
[21:53:27.929267] Rank 0: Total number of patches: 75 - (3, 5, 5) patches per (z,y,x) axis (per GPU)
[21:53:28.493080] Reading Zarr/H5 file: fisbe/biapy-channel-rot-zarr/train/label/VT033051-20171128_61_E2_c120_r0_k0.zarr
[21:53:28.499357] ### 3D-OV-CROP ###
[21:53:28.499378] Cropping (345, 683, 686, 1) images into (160, 160, 160, 1) with overlapping (axis order: ZYXC). . .
[21:53:28.499388] Minimum overlap selected: (0, 0, 0)
[21:53:28.499396] Padding: (0, 0, 0)
[21:53:28.499420] Real overlapping (%): (0.41875, 0.18125, 0.175)
[21:53:28.499430] Real overlapping (pixels): (67.0, 29.0, 28.0)
[21:53:28.499439] (3, 5, 5) patches per (z,y,x) axis
[21:53:28.499452] List of volume IDs to be processed by each GPU: [[0, 1, 2]]
[21:53:28.499465] Positions of each volume in Z axis: {0: [0, 160], 1: [93, 253], 2: [186, 345]}
[21:53:28.499475] Rank 0: Total number of patches: 75 - (3, 5, 5) patches per (z,y,x) axis (per GPU)
[21:53:29.101504] Reading Zarr/H5 file: fisbe/biapy-channel-rot-zarr/train/label/VT033051-20171128_61_E2_c120_r0_k1.zarr
[21:53:29.108383] ### 3D-OV-CROP ###
[21:53:29.108410] Cropping (683, 345, 686, 1) images into (160, 160, 160, 1) with overlapping (axis order: ZYXC). . .
[21:53:29.108420] Minimum overlap selected: (0, 0, 0)
[21:53:29.108428] Padding: (0, 0, 0)
[21:53:29.108450] Real overlapping (%): (0.18125, 0.41875, 0.175)
[21:53:29.108460] Real overlapping (pixels): (29.0, 67.0, 28.0)
[21:53:29.108468] (5, 5, 3) patches per (z,y,x) axis
[21:53:29.108482] List of volume IDs to be processed by each GPU: [[0, 1, 2, 3, 4]]
[21:53:29.108495] Positions of each volume in Z axis: {0: [0, 160], 1: [131, 291], 2: [262, 422], 3: [393, 553], 4: [524, 683]}
[21:53:29.108504] Rank 0: Total number of patches: 75 - (5, 5, 3) patches per (z,y,x) axis (per GPU)
[21:53:29.678849] Reading Zarr/H5 file: fisbe/biapy-channel-rot-zarr/train/label/VT033051-20171128_61_E2_c120_r0_k2.zarr
[21:53:29.686304] ### 3D-OV-CROP ###
[21:53:29.686322] Cropping (345, 683, 686, 1) images into (160, 160, 160, 1) with overlapping (axis order: ZYXC). . .
[21:53:29.686332] Minimum overlap selected: (0, 0, 0)
[21:53:29.686340] Padding: (0, 0, 0)
[21:53:29.686360] Real overlapping (%): (0.41875, 0.18125, 0.175)
[21:53:29.686370] Real overlapping (pixels): (67.0, 29.0, 28.0)
[21:53:29.686378] (3, 5, 5) patches per (z,y,x) axis
[21:53:29.686391] List of volume IDs to be processed by each GPU: [[0, 1, 2]]
[21:53:29.686402] Positions of each volume in Z axis: {0: [0, 160], 1: [93, 253], 2: [186, 345]}
[21:53:29.686411] Rank 0: Total number of patches: 75 - (3, 5, 5) patches per (z,y,x) axis (per GPU)
[21:53:30.707699] Reading Zarr/H5 file: fisbe/biapy-channel-rot-zarr/train/label/VT033051-20171128_61_E2_c120_r1_k0.zarr
[21:53:30.713483] ### 3D-OV-CROP ###
[21:53:30.713505] Cropping (345, 683, 686, 1) images into (160, 160, 160, 1) with overlapping (axis order: ZYXC). . .
[21:53:30.713514] Minimum overlap selected: (0, 0, 0)
[21:53:30.713523] Padding: (0, 0, 0)
[21:53:30.713544] Real overlapping (%): (0.41875, 0.18125, 0.175)
[21:53:30.713554] Real overlapping (pixels): (67.0, 29.0, 28.0)
[21:53:30.713563] (3, 5, 5) patches per (z,y,x) axis
[21:53:30.713576] List of volume IDs to be processed by each GPU: [[0, 1, 2]]
[21:53:30.713587] Positions of each volume in Z axis: {0: [0, 160], 1: [93, 253], 2: [186, 345]}
[21:53:30.713596] Rank 0: Total number of patches: 75 - (3, 5, 5) patches per (z,y,x) axis (per GPU)
[21:53:31.369060] Reading Zarr/H5 file: fisbe/biapy-channel-rot-zarr/train/label/VT033051-20171128_61_E2_c120_r1_k1.zarr
[21:53:31.377304] ### 3D-OV-CROP ###
[21:53:31.377324] Cropping (686, 683, 345, 1) images into (160, 160, 160, 1) with overlapping (axis order: ZYXC). . .
[21:53:31.377333] Minimum overlap selected: (0, 0, 0)
[21:53:31.377341] Padding: (0, 0, 0)
[21:53:31.377362] Real overlapping (%): (0.175, 0.18125, 0.41875)
[21:53:31.377373] Real overlapping (pixels): (28.0, 29.0, 67.0)
[21:53:31.377381] (5, 3, 5) patches per (z,y,x) axis
[21:53:31.377395] List of volume IDs to be processed by each GPU: [[0, 1, 2, 3, 4]]
[21:53:31.377407] Positions of each volume in Z axis: {0: [0, 160], 1: [132, 292], 2: [264, 424], 3: [396, 556], 4: [528, 686]}
[21:53:31.377416] Rank 0: Total number of patches: 75 - (5, 3, 5) patches per (z,y,x) axis (per GPU)
[21:53:31.883617] Reading Zarr/H5 file: fisbe/biapy-channel-rot-zarr/train/label/VT033051-20171128_61_E2_c120_r1_k2.zarr
[21:53:31.891443] ### 3D-OV-CROP ###
[21:53:31.891464] Cropping (345, 683, 686, 1) images into (160, 160, 160, 1) with overlapping (axis order: ZYXC). . .
[21:53:31.891475] Minimum overlap selected: (0, 0, 0)
[21:53:31.891484] Padding: (0, 0, 0)
[21:53:31.891504] Real overlapping (%): (0.41875, 0.18125, 0.175)
[21:53:31.891519] Real overlapping (pixels): (67.0, 29.0, 28.0)
[21:53:31.891527] (3, 5, 5) patches per (z,y,x) axis
[21:53:31.891540] List of volume IDs to be processed by each GPU: [[0, 1, 2]]
[21:53:31.891551] Positions of each volume in Z axis: {0: [0, 160], 1: [93, 253], 2: [186, 345]}
[21:53:31.891560] Rank 0: Total number of patches: 75 - (3, 5, 5) patches per (z,y,x) axis (per GPU)
[21:53:32.484165] Reading Zarr/H5 file: fisbe/biapy-channel-rot-zarr/train/label/VT033051-20171128_61_E2_c120_r2_k0.zarr
[21:53:32.491332] ### 3D-OV-CROP ###
[21:53:32.491351] Cropping (345, 683, 686, 1) images into (160, 160, 160, 1) with overlapping (axis order: ZYXC). . .
[21:53:32.491362] Minimum overlap selected: (0, 0, 0)
[21:53:32.491370] Padding: (0, 0, 0)
[21:53:32.491391] Real overlapping (%): (0.41875, 0.18125, 0.175)
[21:53:32.491402] Real overlapping (pixels): (67.0, 29.0, 28.0)
[21:53:32.491410] (3, 5, 5) patches per (z,y,x) axis
[21:53:32.491423] List of volume IDs to be processed by each GPU: [[0, 1, 2]]
[21:53:32.491434] Positions of each volume in Z axis: {0: [0, 160], 1: [93, 253], 2: [186, 345]}
[21:53:32.491443] Rank 0: Total number of patches: 75 - (3, 5, 5) patches per (z,y,x) axis (per GPU)
[21:53:33.083818] Reading Zarr/H5 file: fisbe/biapy-channel-rot-zarr/train/label/VT033051-20171128_61_E2_c120_r2_k1.zarr
[21:53:33.089797] ### 3D-OV-CROP ###
[21:53:33.089816] Cropping (345, 686, 683, 1) images into (160, 160, 160, 1) with overlapping (axis order: ZYXC). . .
[21:53:33.089826] Minimum overlap selected: (0, 0, 0)
[21:53:33.089834] Padding: (0, 0, 0)
[21:53:33.089856] Real overlapping (%): (0.41875, 0.175, 0.18125)
[21:53:33.089866] Real overlapping (pixels): (67.0, 28.0, 29.0)
[21:53:33.089874] (3, 5, 5) patches per (z,y,x) axis
[21:53:33.089887] List of volume IDs to be processed by each GPU: [[0, 1, 2]]
[21:53:33.089899] Positions of each volume in Z axis: {0: [0, 160], 1: [93, 253], 2: [186, 345]}
[21:53:33.089908] Rank 0: Total number of patches: 75 - (3, 5, 5) patches per (z,y,x) axis (per GPU)
[21:53:33.640892] Reading Zarr/H5 file: fisbe/biapy-channel-rot-zarr/train/label/VT033051-20171128_61_E2_c120_r2_k2.zarr
[21:53:33.651113] ### 3D-OV-CROP ###
[21:53:33.651135] Cropping (345, 683, 686, 1) images into (160, 160, 160, 1) with overlapping (axis order: ZYXC). . .
[21:53:33.651145] Minimum overlap selected: (0, 0, 0)
[21:53:33.651153] Padding: (0, 0, 0)
[21:53:33.651173] Real overlapping (%): (0.41875, 0.18125, 0.175)
[21:53:33.651184] Real overlapping (pixels): (67.0, 29.0, 28.0)
[21:53:33.651192] (3, 5, 5) patches per (z,y,x) axis
[21:53:33.651206] List of volume IDs to be processed by each GPU: [[0, 1, 2]]
[21:53:33.651217] Positions of each volume in Z axis: {0: [0, 160], 1: [93, 253], 2: [186, 345]}
[21:53:33.651227] Rank 0: Total number of patches: 75 - (3, 5, 5) patches per (z,y,x) axis (per GPU)
[21:53:34.250690] Reading Zarr/H5 file: fisbe/biapy-channel-rot-zarr/train/label/VT033051-20171128_61_E4_c012_r0_k0.zarr
[21:53:34.257372] ### 3D-OV-CROP ###
[21:53:34.257391] Cropping (379, 683, 686, 1) images into (160, 160, 160, 1) with overlapping (axis order: ZYXC). . .
[21:53:34.257401] Minimum overlap selected: (0, 0, 0)
[21:53:34.257410] Padding: (0, 0, 0)
[21:53:34.257432] Real overlapping (%): (0.3125, 0.18125, 0.175)
[21:53:34.257442] Real overlapping (pixels): (50.0, 29.0, 28.0)
[21:53:34.257450] (3, 5, 5) patches per (z,y,x) axis
[21:53:34.257463] List of volume IDs to be processed by each GPU: [[0, 1, 2]]
[21:53:34.257474] Positions of each volume in Z axis: {0: [0, 160], 1: [110, 270], 2: [220, 379]}
[21:53:34.257483] Rank 0: Total number of patches: 75 - (3, 5, 5) patches per (z,y,x) axis (per GPU)
[21:53:34.793210] Reading Zarr/H5 file: fisbe/biapy-channel-rot-zarr/train/label/VT033051-20171128_61_E4_c012_r0_k2.zarr
[21:53:34.803750] ### 3D-OV-CROP ###
[21:53:34.803769] Cropping (379, 683, 686, 1) images into (160, 160, 160, 1) with overlapping (axis order: ZYXC). . .
[21:53:34.803779] Minimum overlap selected: (0, 0, 0)
[21:53:34.803787] Padding: (0, 0, 0)
[21:53:34.803809] Real overlapping (%): (0.3125, 0.18125, 0.175)
[21:53:34.803819] Real overlapping (pixels): (50.0, 29.0, 28.0)
[21:53:34.803828] (3, 5, 5) patches per (z,y,x) axis
[21:53:34.803841] List of volume IDs to be processed by each GPU: [[0, 1, 2]]
[21:53:34.803852] Positions of each volume in Z axis: {0: [0, 160], 1: [110, 270], 2: [220, 379]}
[21:53:34.803862] Rank 0: Total number of patches: 75 - (3, 5, 5) patches per (z,y,x) axis (per GPU)
[21:53:35.259514] Reading Zarr/H5 file: fisbe/biapy-channel-rot-zarr/train/label/VT033051-20171128_61_E4_c012_r0_k3.zarr
[21:53:35.273444] ### 3D-OV-CROP ###
[21:53:35.273465] Cropping (683, 379, 686, 1) images into (160, 160, 160, 1) with overlapping (axis order: ZYXC). . .
[21:53:35.273475] Minimum overlap selected: (0, 0, 0)
[21:53:35.273484] Padding: (0, 0, 0)
[21:53:35.273504] Real overlapping (%): (0.18125, 0.3125, 0.175)
[21:53:35.273514] Real overlapping (pixels): (29.0, 50.0, 28.0)
[21:53:35.273522] (5, 5, 3) patches per (z,y,x) axis
[21:53:35.273536] List of volume IDs to be processed by each GPU: [[0, 1, 2, 3, 4]]
[21:53:35.273547] Positions of each volume in Z axis: {0: [0, 160], 1: [131, 291], 2: [262, 422], 3: [393, 553], 4: [524, 683]}
[21:53:35.273555] Rank 0: Total number of patches: 75 - (5, 5, 3) patches per (z,y,x) axis (per GPU)
[21:53:35.726555] Reading Zarr/H5 file: fisbe/biapy-channel-rot-zarr/train/label/VT033051-20171128_61_E4_c012_r1_k0.zarr
[21:53:35.733647] ### 3D-OV-CROP ###
[21:53:35.733666] Cropping (379, 683, 686, 1) images into (160, 160, 160, 1) with overlapping (axis order: ZYXC). . .
[21:53:35.733676] Minimum overlap selected: (0, 0, 0)
[21:53:35.733684] Padding: (0, 0, 0)
[21:53:35.733706] Real overlapping (%): (0.3125, 0.18125, 0.175)
[21:53:35.733716] Real overlapping (pixels): (50.0, 29.0, 28.0)
[21:53:35.733724] (3, 5, 5) patches per (z,y,x) axis
[21:53:35.733738] List of volume IDs to be processed by each GPU: [[0, 1, 2]]
[21:53:35.733750] Positions of each volume in Z axis: {0: [0, 160], 1: [110, 270], 2: [220, 379]}
[21:53:35.733766] Rank 0: Total number of patches: 75 - (3, 5, 5) patches per (z,y,x) axis (per GPU)
[21:53:36.231806] Reading Zarr/H5 file: fisbe/biapy-channel-rot-zarr/train/label/VT033051-20171128_61_E4_c012_r1_k2.zarr
[21:53:36.238829] ### 3D-OV-CROP ###
[21:53:36.238850] Cropping (379, 683, 686, 1) images into (160, 160, 160, 1) with overlapping (axis order: ZYXC). . .
[21:53:36.238859] Minimum overlap selected: (0, 0, 0)
[21:53:36.238867] Padding: (0, 0, 0)
[21:53:36.238888] Real overlapping (%): (0.3125, 0.18125, 0.175)
[21:53:36.238898] Real overlapping (pixels): (50.0, 29.0, 28.0)
[21:53:36.238907] (3, 5, 5) patches per (z,y,x) axis
[21:53:36.238920] List of volume IDs to be processed by each GPU: [[0, 1, 2]]
[21:53:36.238931] Positions of each volume in Z axis: {0: [0, 160], 1: [110, 270], 2: [220, 379]}
[21:53:36.238940] Rank 0: Total number of patches: 75 - (3, 5, 5) patches per (z,y,x) axis (per GPU)
[21:53:36.759212] Reading Zarr/H5 file: fisbe/biapy-channel-rot-zarr/train/label/VT033051-20171128_61_E4_c012_r1_k3.zarr
[21:53:36.768844] ### 3D-OV-CROP ###
[21:53:36.768867] Cropping (686, 683, 379, 1) images into (160, 160, 160, 1) with overlapping (axis order: ZYXC). . .
[21:53:36.768876] Minimum overlap selected: (0, 0, 0)
[21:53:36.768885] Padding: (0, 0, 0)
[21:53:36.768906] Real overlapping (%): (0.175, 0.18125, 0.3125)
[21:53:36.768916] Real overlapping (pixels): (28.0, 29.0, 50.0)
[21:53:36.768923] (5, 3, 5) patches per (z,y,x) axis
[21:53:36.768938] List of volume IDs to be processed by each GPU: [[0, 1, 2, 3, 4]]
[21:53:36.768950] Positions of each volume in Z axis: {0: [0, 160], 1: [132, 292], 2: [264, 424], 3: [396, 556], 4: [528, 686]}
[21:53:36.768959] Rank 0: Total number of patches: 75 - (5, 3, 5) patches per (z,y,x) axis (per GPU)
[21:53:37.321443] Reading Zarr/H5 file: fisbe/biapy-channel-rot-zarr/train/label/VT033051-20171128_61_E4_c012_r2_k0.zarr
[21:53:37.328506] ### 3D-OV-CROP ###
[21:53:37.328527] Cropping (379, 683, 686, 1) images into (160, 160, 160, 1) with overlapping (axis order: ZYXC). . .
[21:53:37.328537] Minimum overlap selected: (0, 0, 0)
[21:53:37.328545] Padding: (0, 0, 0)
[21:53:37.328566] Real overlapping (%): (0.3125, 0.18125, 0.175)
[21:53:37.328576] Real overlapping (pixels): (50.0, 29.0, 28.0)
[21:53:37.328584] (3, 5, 5) patches per (z,y,x) axis
[21:53:37.328598] List of volume IDs to be processed by each GPU: [[0, 1, 2]]
[21:53:37.328609] Positions of each volume in Z axis: {0: [0, 160], 1: [110, 270], 2: [220, 379]}
[21:53:37.328618] Rank 0: Total number of patches: 75 - (3, 5, 5) patches per (z,y,x) axis (per GPU)
[21:53:37.959122] Reading Zarr/H5 file: fisbe/biapy-channel-rot-zarr/train/label/VT033051-20171128_61_E4_c012_r2_k2.zarr
[21:53:37.966704] ### 3D-OV-CROP ###
[21:53:37.966726] Cropping (379, 683, 686, 1) images into (160, 160, 160, 1) with overlapping (axis order: ZYXC). . .
[21:53:37.966735] Minimum overlap selected: (0, 0, 0)
[21:53:37.966744] Padding: (0, 0, 0)
[21:53:37.966765] Real overlapping (%): (0.3125, 0.18125, 0.175)
[21:53:37.966782] Real overlapping (pixels): (50.0, 29.0, 28.0)
[21:53:37.966790] (3, 5, 5) patches per (z,y,x) axis
[21:53:37.966803] List of volume IDs to be processed by each GPU: [[0, 1, 2]]
[21:53:37.966815] Positions of each volume in Z axis: {0: [0, 160], 1: [110, 270], 2: [220, 379]}
[21:53:37.966824] Rank 0: Total number of patches: 75 - (3, 5, 5) patches per (z,y,x) axis (per GPU)
[21:53:38.549197] Reading Zarr/H5 file: fisbe/biapy-channel-rot-zarr/train/label/VT033051-20171128_61_E4_c012_r2_k3.zarr
[21:53:38.556463] ### 3D-OV-CROP ###
[21:53:38.556484] Cropping (379, 686, 683, 1) images into (160, 160, 160, 1) with overlapping (axis order: ZYXC). . .
[21:53:38.556494] Minimum overlap selected: (0, 0, 0)
[21:53:38.556502] Padding: (0, 0, 0)
[21:53:38.556523] Real overlapping (%): (0.3125, 0.175, 0.18125)
[21:53:38.556534] Real overlapping (pixels): (50.0, 28.0, 29.0)
[21:53:38.556543] (3, 5, 5) patches per (z,y,x) axis
[21:53:38.556557] List of volume IDs to be processed by each GPU: [[0, 1, 2]]
[21:53:38.556567] Positions of each volume in Z axis: {0: [0, 160], 1: [110, 270], 2: [220, 379]}
[21:53:38.556588] Rank 0: Total number of patches: 75 - (3, 5, 5) patches per (z,y,x) axis (per GPU)
[21:53:39.137157] Reading Zarr/H5 file: fisbe/biapy-channel-rot-zarr/train/label/VT033051-20171128_61_E4_c021_r0_k0.zarr
[21:53:39.144774] ### 3D-OV-CROP ###
[21:53:39.144795] Cropping (379, 683, 686, 1) images into (160, 160, 160, 1) with overlapping (axis order: ZYXC). . .
[21:53:39.144804] Minimum overlap selected: (0, 0, 0)
[21:53:39.144813] Padding: (0, 0, 0)
[21:53:39.144834] Real overlapping (%): (0.3125, 0.18125, 0.175)
[21:53:39.144843] Real overlapping (pixels): (50.0, 29.0, 28.0)
[21:53:39.144852] (3, 5, 5) patches per (z,y,x) axis
[21:53:39.144866] List of volume IDs to be processed by each GPU: [[0, 1, 2]]
[21:53:39.144877] Positions of each volume in Z axis: {0: [0, 160], 1: [110, 270], 2: [220, 379]}
[21:53:39.144887] Rank 0: Total number of patches: 75 - (3, 5, 5) patches per (z,y,x) axis (per GPU)
[21:53:39.651476] Reading Zarr/H5 file: fisbe/biapy-channel-rot-zarr/train/label/VT033051-20171128_61_E4_c021_r0_k2.zarr
[21:53:39.658262] ### 3D-OV-CROP ###
[21:53:39.658280] Cropping (379, 683, 686, 1) images into (160, 160, 160, 1) with overlapping (axis order: ZYXC). . .
[21:53:39.658289] Minimum overlap selected: (0, 0, 0)
[21:53:39.658297] Padding: (0, 0, 0)
[21:53:39.658317] Real overlapping (%): (0.3125, 0.18125, 0.175)
[21:53:39.658327] Real overlapping (pixels): (50.0, 29.0, 28.0)
[21:53:39.658335] (3, 5, 5) patches per (z,y,x) axis
[21:53:39.658348] List of volume IDs to be processed by each GPU: [[0, 1, 2]]
[21:53:39.658360] Positions of each volume in Z axis: {0: [0, 160], 1: [110, 270], 2: [220, 379]}
[21:53:39.658370] Rank 0: Total number of patches: 75 - (3, 5, 5) patches per (z,y,x) axis (per GPU)
[21:53:40.076376] Reading Zarr/H5 file: fisbe/biapy-channel-rot-zarr/train/label/VT033051-20171128_61_E4_c021_r0_k3.zarr
[21:53:40.083992] ### 3D-OV-CROP ###
[21:53:40.084012] Cropping (683, 379, 686, 1) images into (160, 160, 160, 1) with overlapping (axis order: ZYXC). . .
[21:53:40.084021] Minimum overlap selected: (0, 0, 0)
[21:53:40.084029] Padding: (0, 0, 0)
[21:53:40.084051] Real overlapping (%): (0.18125, 0.3125, 0.175)
[21:53:40.084061] Real overlapping (pixels): (29.0, 50.0, 28.0)
[21:53:40.084069] (5, 5, 3) patches per (z,y,x) axis
[21:53:40.084082] List of volume IDs to be processed by each GPU: [[0, 1, 2, 3, 4]]
[21:53:40.084095] Positions of each volume in Z axis: {0: [0, 160], 1: [131, 291], 2: [262, 422], 3: [393, 553], 4: [524, 683]}
[21:53:40.084104] Rank 0: Total number of patches: 75 - (5, 5, 3) patches per (z,y,x) axis (per GPU)
[21:53:40.599720] Reading Zarr/H5 file: fisbe/biapy-channel-rot-zarr/train/label/VT033051-20171128_61_E4_c021_r1_k0.zarr
[21:53:40.607281] ### 3D-OV-CROP ###
[21:53:40.607300] Cropping (379, 683, 686, 1) images into (160, 160, 160, 1) with overlapping (axis order: ZYXC). . .
[21:53:40.607310] Minimum overlap selected: (0, 0, 0)
[21:53:40.607318] Padding: (0, 0, 0)
[21:53:40.607341] Real overlapping (%): (0.3125, 0.18125, 0.175)
[21:53:40.607350] Real overlapping (pixels): (50.0, 29.0, 28.0)
[21:53:40.607359] (3, 5, 5) patches per (z,y,x) axis
[21:53:40.607372] List of volume IDs to be processed by each GPU: [[0, 1, 2]]
[21:53:40.607383] Positions of each volume in Z axis: {0: [0, 160], 1: [110, 270], 2: [220, 379]}
[21:53:40.607392] Rank 0: Total number of patches: 75 - (3, 5, 5) patches per (z,y,x) axis (per GPU)
[21:53:41.135093] Reading Zarr/H5 file: fisbe/biapy-channel-rot-zarr/train/label/VT033051-20171128_61_E4_c021_r1_k2.zarr
[21:53:41.141572] ### 3D-OV-CROP ###
[21:53:41.141593] Cropping (379, 683, 686, 1) images into (160, 160, 160, 1) with overlapping (axis order: ZYXC). . .
[21:53:41.141602] Minimum overlap selected: (0, 0, 0)
[21:53:41.141611] Padding: (0, 0, 0)
[21:53:41.141633] Real overlapping (%): (0.3125, 0.18125, 0.175)
[21:53:41.141643] Real overlapping (pixels): (50.0, 29.0, 28.0)
[21:53:41.141652] (3, 5, 5) patches per (z,y,x) axis
[21:53:41.141666] List of volume IDs to be processed by each GPU: [[0, 1, 2]]
[21:53:41.141685] Positions of each volume in Z axis: {0: [0, 160], 1: [110, 270], 2: [220, 379]}
[21:53:41.141694] Rank 0: Total number of patches: 75 - (3, 5, 5) patches per (z,y,x) axis (per GPU)
[21:53:41.588846] Reading Zarr/H5 file: fisbe/biapy-channel-rot-zarr/train/label/VT033051-20171128_61_E4_c021_r1_k3.zarr
[21:53:41.595543] ### 3D-OV-CROP ###
[21:53:41.595561] Cropping (686, 683, 379, 1) images into (160, 160, 160, 1) with overlapping (axis order: ZYXC). . .
[21:53:41.595570] Minimum overlap selected: (0, 0, 0)
[21:53:41.595579] Padding: (0, 0, 0)
[21:53:41.595599] Real overlapping (%): (0.175, 0.18125, 0.3125)
[21:53:41.595609] Real overlapping (pixels): (28.0, 29.0, 50.0)
[21:53:41.595618] (5, 3, 5) patches per (z,y,x) axis
[21:53:41.595633] List of volume IDs to be processed by each GPU: [[0, 1, 2, 3, 4]]
[21:53:41.595645] Positions of each volume in Z axis: {0: [0, 160], 1: [132, 292], 2: [264, 424], 3: [396, 556], 4: [528, 686]}
[21:53:41.595655] Rank 0: Total number of patches: 75 - (5, 3, 5) patches per (z,y,x) axis (per GPU)
[21:53:42.101796] Reading Zarr/H5 file: fisbe/biapy-channel-rot-zarr/train/label/VT033051-20171128_61_E4_c021_r2_k0.zarr
[21:53:42.107918] ### 3D-OV-CROP ###
[21:53:42.107940] Cropping (379, 683, 686, 1) images into (160, 160, 160, 1) with overlapping (axis order: ZYXC). . .
[21:53:42.107949] Minimum overlap selected: (0, 0, 0)
[21:53:42.107957] Padding: (0, 0, 0)
[21:53:42.107977] Real overlapping (%): (0.3125, 0.18125, 0.175)
[21:53:42.107987] Real overlapping (pixels): (50.0, 29.0, 28.0)
[21:53:42.107995] (3, 5, 5) patches per (z,y,x) axis
[21:53:42.108009] List of volume IDs to be processed by each GPU: [[0, 1, 2]]
[21:53:42.108020] Positions of each volume in Z axis: {0: [0, 160], 1: [110, 270], 2: [220, 379]}
[21:53:42.108030] Rank 0: Total number of patches: 75 - (3, 5, 5) patches per (z,y,x) axis (per GPU)
[21:53:42.684354] Reading Zarr/H5 file: fisbe/biapy-channel-rot-zarr/train/label/VT033051-20171128_61_E4_c021_r2_k2.zarr
[21:53:42.692441] ### 3D-OV-CROP ###
[21:53:42.692463] Cropping (379, 683, 686, 1) images into (160, 160, 160, 1) with overlapping (axis order: ZYXC). . .
[21:53:42.692472] Minimum overlap selected: (0, 0, 0)
[21:53:42.692480] Padding: (0, 0, 0)
[21:53:42.692501] Real overlapping (%): (0.3125, 0.18125, 0.175)
[21:53:42.692511] Real overlapping (pixels): (50.0, 29.0, 28.0)
[21:53:42.692518] (3, 5, 5) patches per (z,y,x) axis
[21:53:42.692531] List of volume IDs to be processed by each GPU: [[0, 1, 2]]
[21:53:42.692542] Positions of each volume in Z axis: {0: [0, 160], 1: [110, 270], 2: [220, 379]}
[21:53:42.692550] Rank 0: Total number of patches: 75 - (3, 5, 5) patches per (z,y,x) axis (per GPU)
[21:53:43.206174] Reading Zarr/H5 file: fisbe/biapy-channel-rot-zarr/train/label/VT033051-20171128_61_E4_c021_r2_k3.zarr
[21:53:43.222205] ### 3D-OV-CROP ###
[21:53:43.222225] Cropping (379, 686, 683, 1) images into (160, 160, 160, 1) with overlapping (axis order: ZYXC). . .
[21:53:43.222237] Minimum overlap selected: (0, 0, 0)
[21:53:43.222246] Padding: (0, 0, 0)
[21:53:43.222269] Real overlapping (%): (0.3125, 0.175, 0.18125)
[21:53:43.222279] Real overlapping (pixels): (50.0, 28.0, 29.0)
[21:53:43.222287] (3, 5, 5) patches per (z,y,x) axis
[21:53:43.222300] List of volume IDs to be processed by each GPU: [[0, 1, 2]]
[21:53:43.222312] Positions of each volume in Z axis: {0: [0, 160], 1: [110, 270], 2: [220, 379]}
[21:53:43.222321] Rank 0: Total number of patches: 75 - (3, 5, 5) patches per (z,y,x) axis (per GPU)
[21:53:43.758462] Reading Zarr/H5 file: fisbe/biapy-channel-rot-zarr/train/label/VT033051-20171128_61_E4_c120_r0_k0.zarr
[21:53:43.766459] ### 3D-OV-CROP ###
[21:53:43.766480] Cropping (379, 683, 686, 1) images into (160, 160, 160, 1) with overlapping (axis order: ZYXC). . .
[21:53:43.766490] Minimum overlap selected: (0, 0, 0)
[21:53:43.766498] Padding: (0, 0, 0)
[21:53:43.766519] Real overlapping (%): (0.3125, 0.18125, 0.175)
[21:53:43.766528] Real overlapping (pixels): (50.0, 29.0, 28.0)
[21:53:43.766537] (3, 5, 5) patches per (z,y,x) axis
[21:53:43.766558] List of volume IDs to be processed by each GPU: [[0, 1, 2]]
[21:53:43.766572] Positions of each volume in Z axis: {0: [0, 160], 1: [110, 270], 2: [220, 379]}
[21:53:43.766581] Rank 0: Total number of patches: 75 - (3, 5, 5) patches per (z,y,x) axis (per GPU)
[21:53:44.271404] Reading Zarr/H5 file: fisbe/biapy-channel-rot-zarr/train/label/VT033051-20171128_61_E4_c120_r0_k2.zarr
[21:53:44.277696] ### 3D-OV-CROP ###
[21:53:44.277714] Cropping (379, 683, 686, 1) images into (160, 160, 160, 1) with overlapping (axis order: ZYXC). . .
[21:53:44.277724] Minimum overlap selected: (0, 0, 0)
[21:53:44.277732] Padding: (0, 0, 0)
[21:53:44.277753] Real overlapping (%): (0.3125, 0.18125, 0.175)
[21:53:44.277762] Real overlapping (pixels): (50.0, 29.0, 28.0)
[21:53:44.277770] (3, 5, 5) patches per (z,y,x) axis
[21:53:44.277783] List of volume IDs to be processed by each GPU: [[0, 1, 2]]
[21:53:44.277795] Positions of each volume in Z axis: {0: [0, 160], 1: [110, 270], 2: [220, 379]}
[21:53:44.277805] Rank 0: Total number of patches: 75 - (3, 5, 5) patches per (z,y,x) axis (per GPU)
[21:53:44.765627] Reading Zarr/H5 file: fisbe/biapy-channel-rot-zarr/train/label/VT033051-20171128_61_E4_c120_r0_k3.zarr
[21:53:44.772500] ### 3D-OV-CROP ###
[21:53:44.772518] Cropping (683, 379, 686, 1) images into (160, 160, 160, 1) with overlapping (axis order: ZYXC). . .
[21:53:44.772528] Minimum overlap selected: (0, 0, 0)
[21:53:44.772536] Padding: (0, 0, 0)
[21:53:44.772557] Real overlapping (%): (0.18125, 0.3125, 0.175)
[21:53:44.772566] Real overlapping (pixels): (29.0, 50.0, 28.0)
[21:53:44.772574] (5, 5, 3) patches per (z,y,x) axis
[21:53:44.772588] List of volume IDs to be processed by each GPU: [[0, 1, 2, 3, 4]]
[21:53:44.772601] Positions of each volume in Z axis: {0: [0, 160], 1: [131, 291], 2: [262, 422], 3: [393, 553], 4: [524, 683]}
[21:53:44.772612] Rank 0: Total number of patches: 75 - (5, 5, 3) patches per (z,y,x) axis (per GPU)
[21:53:45.247274] Reading Zarr/H5 file: fisbe/biapy-channel-rot-zarr/train/label/VT033051-20171128_61_E4_c120_r1_k0.zarr
[21:53:45.255083] ### 3D-OV-CROP ###
[21:53:45.255101] Cropping (379, 683, 686, 1) images into (160, 160, 160, 1) with overlapping (axis order: ZYXC). . .
[21:53:45.255111] Minimum overlap selected: (0, 0, 0)
[21:53:45.255119] Padding: (0, 0, 0)
[21:53:45.255140] Real overlapping (%): (0.3125, 0.18125, 0.175)
[21:53:45.255149] Real overlapping (pixels): (50.0, 29.0, 28.0)
[21:53:45.255157] (3, 5, 5) patches per (z,y,x) axis
[21:53:45.255171] List of volume IDs to be processed by each GPU: [[0, 1, 2]]
[21:53:45.255182] Positions of each volume in Z axis: {0: [0, 160], 1: [110, 270], 2: [220, 379]}
[21:53:45.255191] Rank 0: Total number of patches: 75 - (3, 5, 5) patches per (z,y,x) axis (per GPU)
[21:53:45.757099] Reading Zarr/H5 file: fisbe/biapy-channel-rot-zarr/train/label/VT033051-20171128_61_E4_c120_r1_k2.zarr
[21:53:45.764201] ### 3D-OV-CROP ###
[21:53:45.764222] Cropping (379, 683, 686, 1) images into (160, 160, 160, 1) with overlapping (axis order: ZYXC). . .
[21:53:45.764236] Minimum overlap selected: (0, 0, 0)
[21:53:45.764245] Padding: (0, 0, 0)
[21:53:45.764275] Real overlapping (%): (0.3125, 0.18125, 0.175)
[21:53:45.764285] Real overlapping (pixels): (50.0, 29.0, 28.0)
[21:53:45.764293] (3, 5, 5) patches per (z,y,x) axis
[21:53:45.764306] List of volume IDs to be processed by each GPU: [[0, 1, 2]]
[21:53:45.764317] Positions of each volume in Z axis: {0: [0, 160], 1: [110, 270], 2: [220, 379]}
[21:53:45.764326] Rank 0: Total number of patches: 75 - (3, 5, 5) patches per (z,y,x) axis (per GPU)
[21:53:46.217413] Reading Zarr/H5 file: fisbe/biapy-channel-rot-zarr/train/label/VT033051-20171128_61_E4_c120_r1_k3.zarr
[21:53:46.225027] ### 3D-OV-CROP ###
[21:53:46.225047] Cropping (686, 683, 379, 1) images into (160, 160, 160, 1) with overlapping (axis order: ZYXC). . .
[21:53:46.225056] Minimum overlap selected: (0, 0, 0)
[21:53:46.225065] Padding: (0, 0, 0)
[21:53:46.225086] Real overlapping (%): (0.175, 0.18125, 0.3125)
[21:53:46.225095] Real overlapping (pixels): (28.0, 29.0, 50.0)
[21:53:46.225113] (5, 3, 5) patches per (z,y,x) axis
[21:53:46.225128] List of volume IDs to be processed by each GPU: [[0, 1, 2, 3, 4]]
[21:53:46.225140] Positions of each volume in Z axis: {0: [0, 160], 1: [132, 292], 2: [264, 424], 3: [396, 556], 4: [528, 686]}
[21:53:46.225149] Rank 0: Total number of patches: 75 - (5, 3, 5) patches per (z,y,x) axis (per GPU)
[21:53:46.700788] Reading Zarr/H5 file: fisbe/biapy-channel-rot-zarr/train/label/VT033051-20171128_61_E4_c120_r2_k0.zarr
[21:53:46.710506] ### 3D-OV-CROP ###
[21:53:46.710525] Cropping (379, 683, 686, 1) images into (160, 160, 160, 1) with overlapping (axis order: ZYXC). . .
[21:53:46.710535] Minimum overlap selected: (0, 0, 0)
[21:53:46.710543] Padding: (0, 0, 0)
[21:53:46.710565] Real overlapping (%): (0.3125, 0.18125, 0.175)
[21:53:46.710574] Real overlapping (pixels): (50.0, 29.0, 28.0)
[21:53:46.710583] (3, 5, 5) patches per (z,y,x) axis
[21:53:46.710597] List of volume IDs to be processed by each GPU: [[0, 1, 2]]
[21:53:46.710608] Positions of each volume in Z axis: {0: [0, 160], 1: [110, 270], 2: [220, 379]}
[21:53:46.710617] Rank 0: Total number of patches: 75 - (3, 5, 5) patches per (z,y,x) axis (per GPU)
[21:53:47.254514] Reading Zarr/H5 file: fisbe/biapy-channel-rot-zarr/train/label/VT033051-20171128_61_E4_c120_r2_k2.zarr
[21:53:47.263063] ### 3D-OV-CROP ###
[21:53:47.263085] Cropping (379, 683, 686, 1) images into (160, 160, 160, 1) with overlapping (axis order: ZYXC). . .
[21:53:47.263095] Minimum overlap selected: (0, 0, 0)
[21:53:47.263103] Padding: (0, 0, 0)
[21:53:47.263125] Real overlapping (%): (0.3125, 0.18125, 0.175)
[21:53:47.263134] Real overlapping (pixels): (50.0, 29.0, 28.0)
[21:53:47.263142] (3, 5, 5) patches per (z,y,x) axis
[21:53:47.263155] List of volume IDs to be processed by each GPU: [[0, 1, 2]]
[21:53:47.263166] Positions of each volume in Z axis: {0: [0, 160], 1: [110, 270], 2: [220, 379]}
[21:53:47.263176] Rank 0: Total number of patches: 75 - (3, 5, 5) patches per (z,y,x) axis (per GPU)
[21:53:47.771042] Reading Zarr/H5 file: fisbe/biapy-channel-rot-zarr/train/label/VT033051-20171128_61_E4_c120_r2_k3.zarr
[21:53:47.777897] ### 3D-OV-CROP ###
[21:53:47.777918] Cropping (379, 686, 683, 1) images into (160, 160, 160, 1) with overlapping (axis order: ZYXC). . .
[21:53:47.777928] Minimum overlap selected: (0, 0, 0)
[21:53:47.777936] Padding: (0, 0, 0)
[21:53:47.777958] Real overlapping (%): (0.3125, 0.175, 0.18125)
[21:53:47.777967] Real overlapping (pixels): (50.0, 28.0, 29.0)
[21:53:47.777975] (3, 5, 5) patches per (z,y,x) axis
[21:53:47.777988] List of volume IDs to be processed by each GPU: [[0, 1, 2]]
[21:53:47.777999] Positions of each volume in Z axis: {0: [0, 160], 1: [110, 270], 2: [220, 379]}
[21:53:47.778008] Rank 0: Total number of patches: 75 - (3, 5, 5) patches per (z,y,x) axis (per GPU)
[21:53:48.309824] Reading Zarr/H5 file: fisbe/biapy-channel-rot-zarr/train/label/VT040433-20170919_63_D6_c012_r0_k1.zarr
[21:53:48.316534] ### 3D-OV-CROP ###
[21:53:48.316554] Cropping (683, 372, 686, 1) images into (160, 160, 160, 1) with overlapping (axis order: ZYXC). . .
[21:53:48.316563] Minimum overlap selected: (0, 0, 0)
[21:53:48.316572] Padding: (0, 0, 0)
[21:53:48.316594] Real overlapping (%): (0.18125, 0.3375, 0.175)
[21:53:48.316605] Real overlapping (pixels): (29.0, 54.0, 28.0)
[21:53:48.316613] (5, 5, 3) patches per (z,y,x) axis
[21:53:48.316627] List of volume IDs to be processed by each GPU: [[0, 1, 2, 3, 4]]
[21:53:48.316639] Positions of each volume in Z axis: {0: [0, 160], 1: [131, 291], 2: [262, 422], 3: [393, 553], 4: [524, 683]}
[21:53:48.316649] Rank 0: Total number of patches: 75 - (5, 5, 3) patches per (z,y,x) axis (per GPU)
[21:53:49.442185] Reading Zarr/H5 file: fisbe/biapy-channel-rot-zarr/train/label/VT040433-20170919_63_D6_c012_r0_k2.zarr
[21:53:49.451234] ### 3D-OV-CROP ###
[21:53:49.451254] Cropping (372, 683, 686, 1) images into (160, 160, 160, 1) with overlapping (axis order: ZYXC). . .
[21:53:49.451264] Minimum overlap selected: (0, 0, 0)
[21:53:49.451273] Padding: (0, 0, 0)
[21:53:49.451302] Real overlapping (%): (0.3375, 0.18125, 0.175)
[21:53:49.451312] Real overlapping (pixels): (54.0, 29.0, 28.0)
[21:53:49.451320] (3, 5, 5) patches per (z,y,x) axis
[21:53:49.451333] List of volume IDs to be processed by each GPU: [[0, 1, 2]]
[21:53:49.451344] Positions of each volume in Z axis: {0: [0, 160], 1: [106, 266], 2: [212, 372]}
[21:53:49.451353] Rank 0: Total number of patches: 75 - (3, 5, 5) patches per (z,y,x) axis (per GPU)
[21:53:50.428360] Reading Zarr/H5 file: fisbe/biapy-channel-rot-zarr/train/label/VT040433-20170919_63_D6_c012_r0_k3.zarr
[21:53:50.441058] ### 3D-OV-CROP ###
[21:53:50.441082] Cropping (683, 372, 686, 1) images into (160, 160, 160, 1) with overlapping (axis order: ZYXC). . .
[21:53:50.441091] Minimum overlap selected: (0, 0, 0)
[21:53:50.441099] Padding: (0, 0, 0)
[21:53:50.441120] Real overlapping (%): (0.18125, 0.3375, 0.175)
[21:53:50.441134] Real overlapping (pixels): (29.0, 54.0, 28.0)
[21:53:50.441143] (5, 5, 3) patches per (z,y,x) axis
[21:53:50.441156] List of volume IDs to be processed by each GPU: [[0, 1, 2, 3, 4]]
[21:53:50.441169] Positions of each volume in Z axis: {0: [0, 160], 1: [131, 291], 2: [262, 422], 3: [393, 553], 4: [524, 683]}
[21:53:50.441178] Rank 0: Total number of patches: 75 - (5, 5, 3) patches per (z,y,x) axis (per GPU)
[21:53:51.490017] Reading Zarr/H5 file: fisbe/biapy-channel-rot-zarr/train/label/VT040433-20170919_63_D6_c012_r1_k1.zarr
[21:53:51.498614] ### 3D-OV-CROP ###
[21:53:51.498635] Cropping (686, 683, 372, 1) images into (160, 160, 160, 1) with overlapping (axis order: ZYXC). . .
[21:53:51.498644] Minimum overlap selected: (0, 0, 0)
[21:53:51.498653] Padding: (0, 0, 0)
[21:53:51.498674] Real overlapping (%): (0.175, 0.18125, 0.3375)
[21:53:51.498684] Real overlapping (pixels): (28.0, 29.0, 54.0)
[21:53:51.498692] (5, 3, 5) patches per (z,y,x) axis
[21:53:51.498707] List of volume IDs to be processed by each GPU: [[0, 1, 2, 3, 4]]
[21:53:51.498720] Positions of each volume in Z axis: {0: [0, 160], 1: [132, 292], 2: [264, 424], 3: [396, 556], 4: [528, 686]}
[21:53:51.498730] Rank 0: Total number of patches: 75 - (5, 3, 5) patches per (z,y,x) axis (per GPU)
[21:53:52.240730] Reading Zarr/H5 file: fisbe/biapy-channel-rot-zarr/train/label/VT040433-20170919_63_D6_c012_r1_k2.zarr
[21:53:52.248539] ### 3D-OV-CROP ###
[21:53:52.248561] Cropping (372, 683, 686, 1) images into (160, 160, 160, 1) with overlapping (axis order: ZYXC). . .
[21:53:52.248570] Minimum overlap selected: (0, 0, 0)
[21:53:52.248578] Padding: (0, 0, 0)
[21:53:52.248599] Real overlapping (%): (0.3375, 0.18125, 0.175)
[21:53:52.248609] Real overlapping (pixels): (54.0, 29.0, 28.0)
[21:53:52.248617] (3, 5, 5) patches per (z,y,x) axis
[21:53:52.248631] List of volume IDs to be processed by each GPU: [[0, 1, 2]]
[21:53:52.248643] Positions of each volume in Z axis: {0: [0, 160], 1: [106, 266], 2: [212, 372]}
[21:53:52.248652] Rank 0: Total number of patches: 75 - (3, 5, 5) patches per (z,y,x) axis (per GPU)
[21:53:53.244670] Reading Zarr/H5 file: fisbe/biapy-channel-rot-zarr/train/label/VT040433-20170919_63_D6_c012_r1_k3.zarr
[21:53:53.252343] ### 3D-OV-CROP ###
[21:53:53.252365] Cropping (686, 683, 372, 1) images into (160, 160, 160, 1) with overlapping (axis order: ZYXC). . .
[21:53:53.252374] Minimum overlap selected: (0, 0, 0)
[21:53:53.252382] Padding: (0, 0, 0)
[21:53:53.252402] Real overlapping (%): (0.175, 0.18125, 0.3375)
[21:53:53.252412] Real overlapping (pixels): (28.0, 29.0, 54.0)
[21:53:53.252421] (5, 3, 5) patches per (z,y,x) axis
[21:53:53.252435] List of volume IDs to be processed by each GPU: [[0, 1, 2, 3, 4]]
[21:53:53.252446] Positions of each volume in Z axis: {0: [0, 160], 1: [132, 292], 2: [264, 424], 3: [396, 556], 4: [528, 686]}
[21:53:53.252464] Rank 0: Total number of patches: 75 - (5, 3, 5) patches per (z,y,x) axis (per GPU)
[21:53:53.994761] Reading Zarr/H5 file: fisbe/biapy-channel-rot-zarr/train/label/VT040433-20170919_63_D6_c012_r2_k1.zarr
[21:53:54.002040] ### 3D-OV-CROP ###
[21:53:54.002059] Cropping (372, 686, 683, 1) images into (160, 160, 160, 1) with overlapping (axis order: ZYXC). . .
[21:53:54.002076] Minimum overlap selected: (0, 0, 0)
[21:53:54.002084] Padding: (0, 0, 0)
[21:53:54.002105] Real overlapping (%): (0.3375, 0.175, 0.18125)
[21:53:54.002116] Real overlapping (pixels): (54.0, 28.0, 29.0)
[21:53:54.002124] (3, 5, 5) patches per (z,y,x) axis
[21:53:54.002137] List of volume IDs to be processed by each GPU: [[0, 1, 2]]
[21:53:54.002147] Positions of each volume in Z axis: {0: [0, 160], 1: [106, 266], 2: [212, 372]}
[21:53:54.002157] Rank 0: Total number of patches: 75 - (3, 5, 5) patches per (z,y,x) axis (per GPU)
[21:53:54.886820] Reading Zarr/H5 file: fisbe/biapy-channel-rot-zarr/train/label/VT040433-20170919_63_D6_c012_r2_k2.zarr
[21:53:54.892589] ### 3D-OV-CROP ###
[21:53:54.892609] Cropping (372, 683, 686, 1) images into (160, 160, 160, 1) with overlapping (axis order: ZYXC). . .
[21:53:54.892618] Minimum overlap selected: (0, 0, 0)
[21:53:54.892627] Padding: (0, 0, 0)
[21:53:54.892647] Real overlapping (%): (0.3375, 0.18125, 0.175)
[21:53:54.892658] Real overlapping (pixels): (54.0, 29.0, 28.0)
[21:53:54.892666] (3, 5, 5) patches per (z,y,x) axis
[21:53:54.892680] List of volume IDs to be processed by each GPU: [[0, 1, 2]]
[21:53:54.892693] Positions of each volume in Z axis: {0: [0, 160], 1: [106, 266], 2: [212, 372]}
[21:53:54.892703] Rank 0: Total number of patches: 75 - (3, 5, 5) patches per (z,y,x) axis (per GPU)
[21:53:55.871653] Reading Zarr/H5 file: fisbe/biapy-channel-rot-zarr/train/label/VT040433-20170919_63_D6_c012_r2_k3.zarr
[21:53:55.884506] ### 3D-OV-CROP ###
[21:53:55.884527] Cropping (372, 686, 683, 1) images into (160, 160, 160, 1) with overlapping (axis order: ZYXC). . .
[21:53:55.884537] Minimum overlap selected: (0, 0, 0)
[21:53:55.884546] Padding: (0, 0, 0)
[21:53:55.884568] Real overlapping (%): (0.3375, 0.175, 0.18125)
[21:53:55.884578] Real overlapping (pixels): (54.0, 28.0, 29.0)
[21:53:55.884587] (3, 5, 5) patches per (z,y,x) axis
[21:53:55.884601] List of volume IDs to be processed by each GPU: [[0, 1, 2]]
[21:53:55.884613] Positions of each volume in Z axis: {0: [0, 160], 1: [106, 266], 2: [212, 372]}
[21:53:55.884622] Rank 0: Total number of patches: 75 - (3, 5, 5) patches per (z,y,x) axis (per GPU)
[21:53:56.745450] Reading Zarr/H5 file: fisbe/biapy-channel-rot-zarr/train/label/VT040433-20170919_63_D6_c120_r0_k1.zarr
[21:53:56.755374] ### 3D-OV-CROP ###
[21:53:56.755393] Cropping (683, 372, 686, 1) images into (160, 160, 160, 1) with overlapping (axis order: ZYXC). . .
[21:53:56.755402] Minimum overlap selected: (0, 0, 0)
[21:53:56.755411] Padding: (0, 0, 0)
[21:53:56.755433] Real overlapping (%): (0.18125, 0.3375, 0.175)
[21:53:56.755442] Real overlapping (pixels): (29.0, 54.0, 28.0)
[21:53:56.755450] (5, 5, 3) patches per (z,y,x) axis
[21:53:56.755464] List of volume IDs to be processed by each GPU: [[0, 1, 2, 3, 4]]
[21:53:56.755477] Positions of each volume in Z axis: {0: [0, 160], 1: [131, 291], 2: [262, 422], 3: [393, 553], 4: [524, 683]}
[21:53:56.755486] Rank 0: Total number of patches: 75 - (5, 5, 3) patches per (z,y,x) axis (per GPU)
[21:53:57.706871] Reading Zarr/H5 file: fisbe/biapy-channel-rot-zarr/train/label/VT040433-20170919_63_D6_c120_r0_k2.zarr
[21:53:57.713587] ### 3D-OV-CROP ###
[21:53:57.713608] Cropping (372, 683, 686, 1) images into (160, 160, 160, 1) with overlapping (axis order: ZYXC). . .
[21:53:57.713618] Minimum overlap selected: (0, 0, 0)
[21:53:57.713626] Padding: (0, 0, 0)
[21:53:57.713648] Real overlapping (%): (0.3375, 0.18125, 0.175)
[21:53:57.713658] Real overlapping (pixels): (54.0, 29.0, 28.0)
[21:53:57.713667] (3, 5, 5) patches per (z,y,x) axis
[21:53:57.713680] List of volume IDs to be processed by each GPU: [[0, 1, 2]]
[21:53:57.713691] Positions of each volume in Z axis: {0: [0, 160], 1: [106, 266], 2: [212, 372]}
[21:53:57.713700] Rank 0: Total number of patches: 75 - (3, 5, 5) patches per (z,y,x) axis (per GPU)
[21:53:58.623819] Reading Zarr/H5 file: fisbe/biapy-channel-rot-zarr/train/label/VT040433-20170919_63_D6_c120_r0_k3.zarr
[21:53:58.632720] ### 3D-OV-CROP ###
[21:53:58.632745] Cropping (683, 372, 686, 1) images into (160, 160, 160, 1) with overlapping (axis order: ZYXC). . .
[21:53:58.632755] Minimum overlap selected: (0, 0, 0)
[21:53:58.632763] Padding: (0, 0, 0)
[21:53:58.632785] Real overlapping (%): (0.18125, 0.3375, 0.175)
[21:53:58.632795] Real overlapping (pixels): (29.0, 54.0, 28.0)
[21:53:58.632803] (5, 5, 3) patches per (z,y,x) axis
[21:53:58.632817] List of volume IDs to be processed by each GPU: [[0, 1, 2, 3, 4]]
[21:53:58.632829] Positions of each volume in Z axis: {0: [0, 160], 1: [131, 291], 2: [262, 422], 3: [393, 553], 4: [524, 683]}
[21:53:58.632838] Rank 0: Total number of patches: 75 - (5, 5, 3) patches per (z,y,x) axis (per GPU)
[21:53:59.476646] Reading Zarr/H5 file: fisbe/biapy-channel-rot-zarr/train/label/VT040433-20170919_63_D6_c120_r1_k1.zarr
[21:53:59.483282] ### 3D-OV-CROP ###
[21:53:59.483302] Cropping (686, 683, 372, 1) images into (160, 160, 160, 1) with overlapping (axis order: ZYXC). . .
[21:53:59.483311] Minimum overlap selected: (0, 0, 0)
[21:53:59.483319] Padding: (0, 0, 0)
[21:53:59.483339] Real overlapping (%): (0.175, 0.18125, 0.3375)
[21:53:59.483348] Real overlapping (pixels): (28.0, 29.0, 54.0)
[21:53:59.483356] (5, 3, 5) patches per (z,y,x) axis
[21:53:59.483370] List of volume IDs to be processed by each GPU: [[0, 1, 2, 3, 4]]
[21:53:59.483382] Positions of each volume in Z axis: {0: [0, 160], 1: [132, 292], 2: [264, 424], 3: [396, 556], 4: [528, 686]}
[21:53:59.483391] Rank 0: Total number of patches: 75 - (5, 3, 5) patches per (z,y,x) axis (per GPU)
[21:54:00.231875] Reading Zarr/H5 file: fisbe/biapy-channel-rot-zarr/train/label/VT040433-20170919_63_D6_c120_r1_k2.zarr
[21:54:00.238293] ### 3D-OV-CROP ###
[21:54:00.238315] Cropping (372, 683, 686, 1) images into (160, 160, 160, 1) with overlapping (axis order: ZYXC). . .
[21:54:00.238325] Minimum overlap selected: (0, 0, 0)
[21:54:00.238334] Padding: (0, 0, 0)
[21:54:00.238357] Real overlapping (%): (0.3375, 0.18125, 0.175)
[21:54:00.238368] Real overlapping (pixels): (54.0, 29.0, 28.0)
[21:54:00.238376] (3, 5, 5) patches per (z,y,x) axis
[21:54:00.238389] List of volume IDs to be processed by each GPU: [[0, 1, 2]]
[21:54:00.238402] Positions of each volume in Z axis: {0: [0, 160], 1: [106, 266], 2: [212, 372]}
[21:54:00.238411] Rank 0: Total number of patches: 75 - (3, 5, 5) patches per (z,y,x) axis (per GPU)
[21:54:01.021000] Reading Zarr/H5 file: fisbe/biapy-channel-rot-zarr/train/label/VT040433-20170919_63_D6_c120_r1_k3.zarr
[21:54:01.027982] ### 3D-OV-CROP ###
[21:54:01.028003] Cropping (686, 683, 372, 1) images into (160, 160, 160, 1) with overlapping (axis order: ZYXC). . .
[21:54:01.028013] Minimum overlap selected: (0, 0, 0)
[21:54:01.028021] Padding: (0, 0, 0)
[21:54:01.028042] Real overlapping (%): (0.175, 0.18125, 0.3375)
[21:54:01.028053] Real overlapping (pixels): (28.0, 29.0, 54.0)
[21:54:01.028062] (5, 3, 5) patches per (z,y,x) axis
[21:54:01.028077] List of volume IDs to be processed by each GPU: [[0, 1, 2, 3, 4]]
[21:54:01.028089] Positions of each volume in Z axis: {0: [0, 160], 1: [132, 292], 2: [264, 424], 3: [396, 556], 4: [528, 686]}
[21:54:01.028098] Rank 0: Total number of patches: 75 - (5, 3, 5) patches per (z,y,x) axis (per GPU)
[21:54:01.788602] Reading Zarr/H5 file: fisbe/biapy-channel-rot-zarr/train/label/VT040433-20170919_63_D6_c120_r2_k1.zarr
[21:54:01.796922] ### 3D-OV-CROP ###
[21:54:01.796943] Cropping (372, 686, 683, 1) images into (160, 160, 160, 1) with overlapping (axis order: ZYXC). . .
[21:54:01.796952] Minimum overlap selected: (0, 0, 0)
[21:54:01.796966] Padding: (0, 0, 0)
[21:54:01.796988] Real overlapping (%): (0.3375, 0.175, 0.18125)
[21:54:01.796998] Real overlapping (pixels): (54.0, 28.0, 29.0)
[21:54:01.797006] (3, 5, 5) patches per (z,y,x) axis
[21:54:01.797020] List of volume IDs to be processed by each GPU: [[0, 1, 2]]
[21:54:01.797030] Positions of each volume in Z axis: {0: [0, 160], 1: [106, 266], 2: [212, 372]}
[21:54:01.797040] Rank 0: Total number of patches: 75 - (3, 5, 5) patches per (z,y,x) axis (per GPU)
[21:54:02.587782] Reading Zarr/H5 file: fisbe/biapy-channel-rot-zarr/train/label/VT040433-20170919_63_D6_c120_r2_k2.zarr
[21:54:02.593546] ### 3D-OV-CROP ###
[21:54:02.593567] Cropping (372, 683, 686, 1) images into (160, 160, 160, 1) with overlapping (axis order: ZYXC). . .
[21:54:02.593577] Minimum overlap selected: (0, 0, 0)
[21:54:02.593586] Padding: (0, 0, 0)
[21:54:02.593607] Real overlapping (%): (0.3375, 0.18125, 0.175)
[21:54:02.593618] Real overlapping (pixels): (54.0, 29.0, 28.0)
[21:54:02.593627] (3, 5, 5) patches per (z,y,x) axis
[21:54:02.593640] List of volume IDs to be processed by each GPU: [[0, 1, 2]]
[21:54:02.593652] Positions of each volume in Z axis: {0: [0, 160], 1: [106, 266], 2: [212, 372]}
[21:54:02.593661] Rank 0: Total number of patches: 75 - (3, 5, 5) patches per (z,y,x) axis (per GPU)
[21:54:03.423273] Reading Zarr/H5 file: fisbe/biapy-channel-rot-zarr/train/label/VT040433-20170919_63_D6_c120_r2_k3.zarr
[21:54:03.429989] ### 3D-OV-CROP ###
[21:54:03.430006] Cropping (372, 686, 683, 1) images into (160, 160, 160, 1) with overlapping (axis order: ZYXC). . .
[21:54:03.430016] Minimum overlap selected: (0, 0, 0)
[21:54:03.430024] Padding: (0, 0, 0)
[21:54:03.430045] Real overlapping (%): (0.3375, 0.175, 0.18125)
[21:54:03.430055] Real overlapping (pixels): (54.0, 28.0, 29.0)
[21:54:03.430063] (3, 5, 5) patches per (z,y,x) axis
[21:54:03.430077] List of volume IDs to be processed by each GPU: [[0, 1, 2]]
[21:54:03.430088] Positions of each volume in Z axis: {0: [0, 160], 1: [106, 266], 2: [212, 372]}
[21:54:03.430097] Rank 0: Total number of patches: 75 - (3, 5, 5) patches per (z,y,x) axis (per GPU)
[21:54:04.278434] Reading Zarr/H5 file: fisbe/biapy-channel-rot-zarr/train/label/VT040433-20170919_63_D6_c210_r0_k1.zarr
[21:54:04.285173] ### 3D-OV-CROP ###
[21:54:04.285192] Cropping (683, 372, 686, 1) images into (160, 160, 160, 1) with overlapping (axis order: ZYXC). . .
[21:54:04.285201] Minimum overlap selected: (0, 0, 0)
[21:54:04.285209] Padding: (0, 0, 0)
[21:54:04.285235] Real overlapping (%): (0.18125, 0.3375, 0.175)
[21:54:04.285244] Real overlapping (pixels): (29.0, 54.0, 28.0)
[21:54:04.285252] (5, 5, 3) patches per (z,y,x) axis
[21:54:04.285267] List of volume IDs to be processed by each GPU: [[0, 1, 2, 3, 4]]
[21:54:04.285279] Positions of each volume in Z axis: {0: [0, 160], 1: [131, 291], 2: [262, 422], 3: [393, 553], 4: [524, 683]}
[21:54:04.285294] Rank 0: Total number of patches: 75 - (5, 5, 3) patches per (z,y,x) axis (per GPU)
[21:54:05.106064] Reading Zarr/H5 file: fisbe/biapy-channel-rot-zarr/train/label/VT040433-20170919_63_D6_c210_r0_k2.zarr
[21:54:05.117682] ### 3D-OV-CROP ###
[21:54:05.117703] Cropping (372, 683, 686, 1) images into (160, 160, 160, 1) with overlapping (axis order: ZYXC). . .
[21:54:05.117712] Minimum overlap selected: (0, 0, 0)
[21:54:05.117721] Padding: (0, 0, 0)
[21:54:05.117742] Real overlapping (%): (0.3375, 0.18125, 0.175)
[21:54:05.117751] Real overlapping (pixels): (54.0, 29.0, 28.0)
[21:54:05.117759] (3, 5, 5) patches per (z,y,x) axis
[21:54:05.117772] List of volume IDs to be processed by each GPU: [[0, 1, 2]]
[21:54:05.117784] Positions of each volume in Z axis: {0: [0, 160], 1: [106, 266], 2: [212, 372]}
[21:54:05.117793] Rank 0: Total number of patches: 75 - (3, 5, 5) patches per (z,y,x) axis (per GPU)
[21:54:05.970906] Reading Zarr/H5 file: fisbe/biapy-channel-rot-zarr/train/label/VT040433-20170919_63_D6_c210_r0_k3.zarr
[21:54:05.979283] ### 3D-OV-CROP ###
[21:54:05.979305] Cropping (683, 372, 686, 1) images into (160, 160, 160, 1) with overlapping (axis order: ZYXC). . .
[21:54:05.979315] Minimum overlap selected: (0, 0, 0)
[21:54:05.979324] Padding: (0, 0, 0)
[21:54:05.979346] Real overlapping (%): (0.18125, 0.3375, 0.175)
[21:54:05.979356] Real overlapping (pixels): (29.0, 54.0, 28.0)
[21:54:05.979364] (5, 5, 3) patches per (z,y,x) axis
[21:54:05.979378] List of volume IDs to be processed by each GPU: [[0, 1, 2, 3, 4]]
[21:54:05.979391] Positions of each volume in Z axis: {0: [0, 160], 1: [131, 291], 2: [262, 422], 3: [393, 553], 4: [524, 683]}
[21:54:05.979400] Rank 0: Total number of patches: 75 - (5, 5, 3) patches per (z,y,x) axis (per GPU)
[21:54:06.816423] Reading Zarr/H5 file: fisbe/biapy-channel-rot-zarr/train/label/VT040433-20170919_63_D6_c210_r1_k1.zarr
[21:54:06.824636] ### 3D-OV-CROP ###
[21:54:06.824658] Cropping (686, 683, 372, 1) images into (160, 160, 160, 1) with overlapping (axis order: ZYXC). . .
[21:54:06.824668] Minimum overlap selected: (0, 0, 0)
[21:54:06.824676] Padding: (0, 0, 0)
[21:54:06.824697] Real overlapping (%): (0.175, 0.18125, 0.3375)
[21:54:06.824707] Real overlapping (pixels): (28.0, 29.0, 54.0)
[21:54:06.824716] (5, 3, 5) patches per (z,y,x) axis
[21:54:06.824730] List of volume IDs to be processed by each GPU: [[0, 1, 2, 3, 4]]
[21:54:06.824743] Positions of each volume in Z axis: {0: [0, 160], 1: [132, 292], 2: [264, 424], 3: [396, 556], 4: [528, 686]}
[21:54:06.824752] Rank 0: Total number of patches: 75 - (5, 3, 5) patches per (z,y,x) axis (per GPU)
[21:54:07.581202] Reading Zarr/H5 file: fisbe/biapy-channel-rot-zarr/train/label/VT040433-20170919_63_D6_c210_r1_k2.zarr
[21:54:07.593662] ### 3D-OV-CROP ###
[21:54:07.593683] Cropping (372, 683, 686, 1) images into (160, 160, 160, 1) with overlapping (axis order: ZYXC). . .
[21:54:07.593693] Minimum overlap selected: (0, 0, 0)
[21:54:07.593702] Padding: (0, 0, 0)
[21:54:07.593723] Real overlapping (%): (0.3375, 0.18125, 0.175)
[21:54:07.593733] Real overlapping (pixels): (54.0, 29.0, 28.0)
[21:54:07.593741] (3, 5, 5) patches per (z,y,x) axis
[21:54:07.593755] List of volume IDs to be processed by each GPU: [[0, 1, 2]]
[21:54:07.593766] Positions of each volume in Z axis: {0: [0, 160], 1: [106, 266], 2: [212, 372]}
[21:54:07.593775] Rank 0: Total number of patches: 75 - (3, 5, 5) patches per (z,y,x) axis (per GPU)
[21:54:08.360275] Reading Zarr/H5 file: fisbe/biapy-channel-rot-zarr/train/label/VT040433-20170919_63_D6_c210_r1_k3.zarr
[21:54:08.368655] ### 3D-OV-CROP ###
[21:54:08.368675] Cropping (686, 683, 372, 1) images into (160, 160, 160, 1) with overlapping (axis order: ZYXC). . .
[21:54:08.368684] Minimum overlap selected: (0, 0, 0)
[21:54:08.368692] Padding: (0, 0, 0)
[21:54:08.368712] Real overlapping (%): (0.175, 0.18125, 0.3375)
[21:54:08.368722] Real overlapping (pixels): (28.0, 29.0, 54.0)
[21:54:08.368731] (5, 3, 5) patches per (z,y,x) axis
[21:54:08.368745] List of volume IDs to be processed by each GPU: [[0, 1, 2, 3, 4]]
[21:54:08.368758] Positions of each volume in Z axis: {0: [0, 160], 1: [132, 292], 2: [264, 424], 3: [396, 556], 4: [528, 686]}
[21:54:08.368767] Rank 0: Total number of patches: 75 - (5, 3, 5) patches per (z,y,x) axis (per GPU)
[21:54:09.123594] Reading Zarr/H5 file: fisbe/biapy-channel-rot-zarr/train/label/VT040433-20170919_63_D6_c210_r2_k1.zarr
[21:54:09.135944] ### 3D-OV-CROP ###
[21:54:09.135966] Cropping (372, 686, 683, 1) images into (160, 160, 160, 1) with overlapping (axis order: ZYXC). . .
[21:54:09.135975] Minimum overlap selected: (0, 0, 0)
[21:54:09.135983] Padding: (0, 0, 0)
[21:54:09.136003] Real overlapping (%): (0.3375, 0.175, 0.18125)
[21:54:09.136013] Real overlapping (pixels): (54.0, 28.0, 29.0)
[21:54:09.136020] (3, 5, 5) patches per (z,y,x) axis
[21:54:09.136034] List of volume IDs to be processed by each GPU: [[0, 1, 2]]
[21:54:09.136046] Positions of each volume in Z axis: {0: [0, 160], 1: [106, 266], 2: [212, 372]}
[21:54:09.136055] Rank 0: Total number of patches: 75 - (3, 5, 5) patches per (z,y,x) axis (per GPU)
[21:54:09.896354] Reading Zarr/H5 file: fisbe/biapy-channel-rot-zarr/train/label/VT040433-20170919_63_D6_c210_r2_k2.zarr
[21:54:09.903733] ### 3D-OV-CROP ###
[21:54:09.903754] Cropping (372, 683, 686, 1) images into (160, 160, 160, 1) with overlapping (axis order: ZYXC). . .
[21:54:09.903763] Minimum overlap selected: (0, 0, 0)
[21:54:09.903771] Padding: (0, 0, 0)
[21:54:09.903792] Real overlapping (%): (0.3375, 0.18125, 0.175)
[21:54:09.903801] Real overlapping (pixels): (54.0, 29.0, 28.0)
[21:54:09.903809] (3, 5, 5) patches per (z,y,x) axis
[21:54:09.903823] List of volume IDs to be processed by each GPU: [[0, 1, 2]]
[21:54:09.903838] Positions of each volume in Z axis: {0: [0, 160], 1: [106, 266], 2: [212, 372]}
[21:54:09.903848] Rank 0: Total number of patches: 75 - (3, 5, 5) patches per (z,y,x) axis (per GPU)
[21:54:10.726414] Reading Zarr/H5 file: fisbe/biapy-channel-rot-zarr/train/label/VT040433-20170919_63_D6_c210_r2_k3.zarr
[21:54:10.735364] ### 3D-OV-CROP ###
[21:54:10.735388] Cropping (372, 686, 683, 1) images into (160, 160, 160, 1) with overlapping (axis order: ZYXC). . .
[21:54:10.735397] Minimum overlap selected: (0, 0, 0)
[21:54:10.735405] Padding: (0, 0, 0)
[21:54:10.735426] Real overlapping (%): (0.3375, 0.175, 0.18125)
[21:54:10.735436] Real overlapping (pixels): (54.0, 28.0, 29.0)
[21:54:10.735444] (3, 5, 5) patches per (z,y,x) axis
[21:54:10.735458] List of volume IDs to be processed by each GPU: [[0, 1, 2]]
[21:54:10.735470] Positions of each volume in Z axis: {0: [0, 160], 1: [106, 266], 2: [212, 372]}
[21:54:10.735480] Rank 0: Total number of patches: 75 - (3, 5, 5) patches per (z,y,x) axis (per GPU)
[21:54:11.612678] Reading Zarr/H5 file: fisbe/biapy-channel-rot-zarr/train/label/VT047848-20171020_66_I2_c021_r0_k0.zarr
[21:54:11.620999] ### 3D-OV-CROP ###
[21:54:11.621020] Cropping (388, 889, 863, 1) images into (160, 160, 160, 1) with overlapping (axis order: ZYXC). . .
[21:54:11.621030] Minimum overlap selected: (0, 0, 0)
[21:54:11.621039] Padding: (0, 0, 0)
[21:54:11.621060] Real overlapping (%): (0.2875, 0.0875, 0.11875)
[21:54:11.621069] Real overlapping (pixels): (46.0, 14.0, 19.0)
[21:54:11.621077] (3, 6, 6) patches per (z,y,x) axis
[21:54:11.621090] List of volume IDs to be processed by each GPU: [[0, 1, 2]]
[21:54:11.621101] Positions of each volume in Z axis: {0: [0, 160], 1: [114, 274], 2: [228, 388]}
[21:54:11.621110] Rank 0: Total number of patches: 108 - (3, 6, 6) patches per (z,y,x) axis (per GPU)
[21:54:12.474945] Reading Zarr/H5 file: fisbe/biapy-channel-rot-zarr/train/label/VT047848-20171020_66_I2_c021_r0_k1.zarr
[21:54:12.481716] ### 3D-OV-CROP ###
[21:54:12.481737] Cropping (889, 388, 863, 1) images into (160, 160, 160, 1) with overlapping (axis order: ZYXC). . .
[21:54:12.481746] Minimum overlap selected: (0, 0, 0)
[21:54:12.481755] Padding: (0, 0, 0)
[21:54:12.481775] Real overlapping (%): (0.0875, 0.2875, 0.11875)
[21:54:12.481785] Real overlapping (pixels): (14.0, 46.0, 19.0)
[21:54:12.481802] (6, 6, 3) patches per (z,y,x) axis
[21:54:12.481817] List of volume IDs to be processed by each GPU: [[0, 1, 2, 3, 4, 5]]
[21:54:12.481830] Positions of each volume in Z axis: {0: [0, 160], 1: [146, 306], 2: [292, 452], 3: [438, 598], 4: [584, 744], 5: [730, 889]}
[21:54:12.481839] Rank 0: Total number of patches: 108 - (6, 6, 3) patches per (z,y,x) axis (per GPU)
[21:54:13.423732] Reading Zarr/H5 file: fisbe/biapy-channel-rot-zarr/train/label/VT047848-20171020_66_I2_c021_r0_k2.zarr
[21:54:13.431617] ### 3D-OV-CROP ###
[21:54:13.431637] Cropping (388, 889, 863, 1) images into (160, 160, 160, 1) with overlapping (axis order: ZYXC). . .
[21:54:13.431647] Minimum overlap selected: (0, 0, 0)
[21:54:13.431655] Padding: (0, 0, 0)
[21:54:13.431677] Real overlapping (%): (0.2875, 0.0875, 0.11875)
[21:54:13.431687] Real overlapping (pixels): (46.0, 14.0, 19.0)
[21:54:13.431695] (3, 6, 6) patches per (z,y,x) axis
[21:54:13.431708] List of volume IDs to be processed by each GPU: [[0, 1, 2]]
[21:54:13.431721] Positions of each volume in Z axis: {0: [0, 160], 1: [114, 274], 2: [228, 388]}
[21:54:13.431730] Rank 0: Total number of patches: 108 - (3, 6, 6) patches per (z,y,x) axis (per GPU)
[21:54:14.269410] Reading Zarr/H5 file: fisbe/biapy-channel-rot-zarr/train/label/VT047848-20171020_66_I2_c021_r1_k0.zarr
[21:54:14.276414] ### 3D-OV-CROP ###
[21:54:14.276436] Cropping (388, 889, 863, 1) images into (160, 160, 160, 1) with overlapping (axis order: ZYXC). . .
[21:54:14.276445] Minimum overlap selected: (0, 0, 0)
[21:54:14.276453] Padding: (0, 0, 0)
[21:54:14.276474] Real overlapping (%): (0.2875, 0.0875, 0.11875)
[21:54:14.276485] Real overlapping (pixels): (46.0, 14.0, 19.0)
[21:54:14.276494] (3, 6, 6) patches per (z,y,x) axis
[21:54:14.276511] List of volume IDs to be processed by each GPU: [[0, 1, 2]]
[21:54:14.276523] Positions of each volume in Z axis: {0: [0, 160], 1: [114, 274], 2: [228, 388]}
[21:54:14.276533] Rank 0: Total number of patches: 108 - (3, 6, 6) patches per (z,y,x) axis (per GPU)
[21:54:15.593091] Reading Zarr/H5 file: fisbe/biapy-channel-rot-zarr/train/label/VT047848-20171020_66_I2_c021_r1_k1.zarr
[21:54:15.599287] ### 3D-OV-CROP ###
[21:54:15.599307] Cropping (863, 889, 388, 1) images into (160, 160, 160, 1) with overlapping (axis order: ZYXC). . .
[21:54:15.599317] Minimum overlap selected: (0, 0, 0)
[21:54:15.599325] Padding: (0, 0, 0)
[21:54:15.599346] Real overlapping (%): (0.11875, 0.0875, 0.2875)
[21:54:15.599356] Real overlapping (pixels): (19.0, 14.0, 46.0)
[21:54:15.599365] (6, 3, 6) patches per (z,y,x) axis
[21:54:15.599387] List of volume IDs to be processed by each GPU: [[0, 1, 2, 3, 4, 5]]
[21:54:15.599400] Positions of each volume in Z axis: {0: [0, 160], 1: [141, 301], 2: [282, 442], 3: [423, 583], 4: [564, 724], 5: [705, 863]}
[21:54:15.599409] Rank 0: Total number of patches: 108 - (6, 3, 6) patches per (z,y,x) axis (per GPU)
[21:54:16.565350] Reading Zarr/H5 file: fisbe/biapy-channel-rot-zarr/train/label/VT047848-20171020_66_I2_c021_r1_k2.zarr
[21:54:16.573405] ### 3D-OV-CROP ###
[21:54:16.573425] Cropping (388, 889, 863, 1) images into (160, 160, 160, 1) with overlapping (axis order: ZYXC). . .
[21:54:16.573434] Minimum overlap selected: (0, 0, 0)
[21:54:16.573442] Padding: (0, 0, 0)
[21:54:16.573462] Real overlapping (%): (0.2875, 0.0875, 0.11875)
[21:54:16.573472] Real overlapping (pixels): (46.0, 14.0, 19.0)
[21:54:16.573480] (3, 6, 6) patches per (z,y,x) axis
[21:54:16.573493] List of volume IDs to be processed by each GPU: [[0, 1, 2]]
[21:54:16.573504] Positions of each volume in Z axis: {0: [0, 160], 1: [114, 274], 2: [228, 388]}
[21:54:16.573514] Rank 0: Total number of patches: 108 - (3, 6, 6) patches per (z,y,x) axis (per GPU)
[21:54:17.480536] Reading Zarr/H5 file: fisbe/biapy-channel-rot-zarr/train/label/VT047848-20171020_66_I2_c021_r2_k0.zarr
[21:54:17.487793] ### 3D-OV-CROP ###
[21:54:17.487814] Cropping (388, 889, 863, 1) images into (160, 160, 160, 1) with overlapping (axis order: ZYXC). . .
[21:54:17.487824] Minimum overlap selected: (0, 0, 0)
[21:54:17.487833] Padding: (0, 0, 0)
[21:54:17.487853] Real overlapping (%): (0.2875, 0.0875, 0.11875)
[21:54:17.487863] Real overlapping (pixels): (46.0, 14.0, 19.0)
[21:54:17.487872] (3, 6, 6) patches per (z,y,x) axis
[21:54:17.487885] List of volume IDs to be processed by each GPU: [[0, 1, 2]]
[21:54:17.487896] Positions of each volume in Z axis: {0: [0, 160], 1: [114, 274], 2: [228, 388]}
[21:54:17.487906] Rank 0: Total number of patches: 108 - (3, 6, 6) patches per (z,y,x) axis (per GPU)
[21:54:18.431868] Reading Zarr/H5 file: fisbe/biapy-channel-rot-zarr/train/label/VT047848-20171020_66_I2_c021_r2_k1.zarr
[21:54:18.438151] ### 3D-OV-CROP ###
[21:54:18.438174] Cropping (388, 863, 889, 1) images into (160, 160, 160, 1) with overlapping (axis order: ZYXC). . .
[21:54:18.438183] Minimum overlap selected: (0, 0, 0)
[21:54:18.438191] Padding: (0, 0, 0)
[21:54:18.438212] Real overlapping (%): (0.2875, 0.11875, 0.0875)
[21:54:18.438222] Real overlapping (pixels): (46.0, 19.0, 14.0)
[21:54:18.438236] (3, 6, 6) patches per (z,y,x) axis
[21:54:18.438249] List of volume IDs to be processed by each GPU: [[0, 1, 2]]
[21:54:18.438261] Positions of each volume in Z axis: {0: [0, 160], 1: [114, 274], 2: [228, 388]}
[21:54:18.438273] Rank 0: Total number of patches: 108 - (3, 6, 6) patches per (z,y,x) axis (per GPU)
[21:54:19.472129] Reading Zarr/H5 file: fisbe/biapy-channel-rot-zarr/train/label/VT047848-20171020_66_I2_c021_r2_k2.zarr
[21:54:19.478896] ### 3D-OV-CROP ###
[21:54:19.478915] Cropping (388, 889, 863, 1) images into (160, 160, 160, 1) with overlapping (axis order: ZYXC). . .
[21:54:19.478925] Minimum overlap selected: (0, 0, 0)
[21:54:19.478933] Padding: (0, 0, 0)
[21:54:19.478954] Real overlapping (%): (0.2875, 0.0875, 0.11875)
[21:54:19.478972] Real overlapping (pixels): (46.0, 14.0, 19.0)
[21:54:19.478980] (3, 6, 6) patches per (z,y,x) axis
[21:54:19.478993] List of volume IDs to be processed by each GPU: [[0, 1, 2]]
[21:54:19.479005] Positions of each volume in Z axis: {0: [0, 160], 1: [114, 274], 2: [228, 388]}
[21:54:19.479014] Rank 0: Total number of patches: 108 - (3, 6, 6) patches per (z,y,x) axis (per GPU)
[21:54:20.333957] Reading Zarr/H5 file: fisbe/biapy-channel-rot-zarr/train/label/VT047848-20171020_66_I2_c102_r0_k0.zarr
[21:54:20.341129] ### 3D-OV-CROP ###
[21:54:20.341150] Cropping (388, 889, 863, 1) images into (160, 160, 160, 1) with overlapping (axis order: ZYXC). . .
[21:54:20.341160] Minimum overlap selected: (0, 0, 0)
[21:54:20.341168] Padding: (0, 0, 0)
[21:54:20.341188] Real overlapping (%): (0.2875, 0.0875, 0.11875)
[21:54:20.341198] Real overlapping (pixels): (46.0, 14.0, 19.0)
[21:54:20.341206] (3, 6, 6) patches per (z,y,x) axis
[21:54:20.341220] List of volume IDs to be processed by each GPU: [[0, 1, 2]]
[21:54:20.341235] Positions of each volume in Z axis: {0: [0, 160], 1: [114, 274], 2: [228, 388]}
[21:54:20.341244] Rank 0: Total number of patches: 108 - (3, 6, 6) patches per (z,y,x) axis (per GPU)
[21:54:21.922695] Reading Zarr/H5 file: fisbe/biapy-channel-rot-zarr/train/label/VT047848-20171020_66_I2_c102_r0_k1.zarr
[21:54:21.934398] ### 3D-OV-CROP ###
[21:54:21.934418] Cropping (889, 388, 863, 1) images into (160, 160, 160, 1) with overlapping (axis order: ZYXC). . .
[21:54:21.934429] Minimum overlap selected: (0, 0, 0)
[21:54:21.934437] Padding: (0, 0, 0)
[21:54:21.934457] Real overlapping (%): (0.0875, 0.2875, 0.11875)
[21:54:21.934467] Real overlapping (pixels): (14.0, 46.0, 19.0)
[21:54:21.934475] (6, 6, 3) patches per (z,y,x) axis
[21:54:21.934490] List of volume IDs to be processed by each GPU: [[0, 1, 2, 3, 4, 5]]
[21:54:21.934503] Positions of each volume in Z axis: {0: [0, 160], 1: [146, 306], 2: [292, 452], 3: [438, 598], 4: [584, 744], 5: [730, 889]}
[21:54:21.934512] Rank 0: Total number of patches: 108 - (6, 6, 3) patches per (z,y,x) axis (per GPU)
[21:54:22.772252] Reading Zarr/H5 file: fisbe/biapy-channel-rot-zarr/train/label/VT047848-20171020_66_I2_c102_r0_k2.zarr
[21:54:22.778250] ### 3D-OV-CROP ###
[21:54:22.778269] Cropping (388, 889, 863, 1) images into (160, 160, 160, 1) with overlapping (axis order: ZYXC). . .
[21:54:22.778279] Minimum overlap selected: (0, 0, 0)
[21:54:22.778287] Padding: (0, 0, 0)
[21:54:22.778309] Real overlapping (%): (0.2875, 0.0875, 0.11875)
[21:54:22.778319] Real overlapping (pixels): (46.0, 14.0, 19.0)
[21:54:22.778327] (3, 6, 6) patches per (z,y,x) axis
[21:54:22.778340] List of volume IDs to be processed by each GPU: [[0, 1, 2]]
[21:54:22.778352] Positions of each volume in Z axis: {0: [0, 160], 1: [114, 274], 2: [228, 388]}
[21:54:22.778361] Rank 0: Total number of patches: 108 - (3, 6, 6) patches per (z,y,x) axis (per GPU)
[21:54:23.607739] Reading Zarr/H5 file: fisbe/biapy-channel-rot-zarr/train/label/VT047848-20171020_66_I2_c102_r1_k0.zarr
[21:54:23.614303] ### 3D-OV-CROP ###
[21:54:23.614324] Cropping (388, 889, 863, 1) images into (160, 160, 160, 1) with overlapping (axis order: ZYXC). . .
[21:54:23.614333] Minimum overlap selected: (0, 0, 0)
[21:54:23.614342] Padding: (0, 0, 0)
[21:54:23.614363] Real overlapping (%): (0.2875, 0.0875, 0.11875)
[21:54:23.614373] Real overlapping (pixels): (46.0, 14.0, 19.0)
[21:54:23.614382] (3, 6, 6) patches per (z,y,x) axis
[21:54:23.614395] List of volume IDs to be processed by each GPU: [[0, 1, 2]]
[21:54:23.614405] Positions of each volume in Z axis: {0: [0, 160], 1: [114, 274], 2: [228, 388]}
[21:54:23.614414] Rank 0: Total number of patches: 108 - (3, 6, 6) patches per (z,y,x) axis (per GPU)
[21:54:24.523141] Reading Zarr/H5 file: fisbe/biapy-channel-rot-zarr/train/label/VT047848-20171020_66_I2_c102_r1_k1.zarr
[21:54:24.531710] ### 3D-OV-CROP ###
[21:54:24.531730] Cropping (863, 889, 388, 1) images into (160, 160, 160, 1) with overlapping (axis order: ZYXC). . .
[21:54:24.531739] Minimum overlap selected: (0, 0, 0)
[21:54:24.531749] Padding: (0, 0, 0)
[21:54:24.531782] Real overlapping (%): (0.11875, 0.0875, 0.2875)
[21:54:24.531792] Real overlapping (pixels): (19.0, 14.0, 46.0)
[21:54:24.531801] (6, 3, 6) patches per (z,y,x) axis
[21:54:24.531816] List of volume IDs to be processed by each GPU: [[0, 1, 2, 3, 4, 5]]
[21:54:24.531828] Positions of each volume in Z axis: {0: [0, 160], 1: [141, 301], 2: [282, 442], 3: [423, 583], 4: [564, 724], 5: [705, 863]}
[21:54:24.531837] Rank 0: Total number of patches: 108 - (6, 3, 6) patches per (z,y,x) axis (per GPU)
[21:54:25.413615] Reading Zarr/H5 file: fisbe/biapy-channel-rot-zarr/train/label/VT047848-20171020_66_I2_c102_r1_k2.zarr
[21:54:25.422383] ### 3D-OV-CROP ###
[21:54:25.422405] Cropping (388, 889, 863, 1) images into (160, 160, 160, 1) with overlapping (axis order: ZYXC). . .
[21:54:25.422415] Minimum overlap selected: (0, 0, 0)
[21:54:25.422424] Padding: (0, 0, 0)
[21:54:25.422445] Real overlapping (%): (0.2875, 0.0875, 0.11875)
[21:54:25.422455] Real overlapping (pixels): (46.0, 14.0, 19.0)
[21:54:25.422463] (3, 6, 6) patches per (z,y,x) axis
[21:54:25.422477] List of volume IDs to be processed by each GPU: [[0, 1, 2]]
[21:54:25.422488] Positions of each volume in Z axis: {0: [0, 160], 1: [114, 274], 2: [228, 388]}
[21:54:25.422498] Rank 0: Total number of patches: 108 - (3, 6, 6) patches per (z,y,x) axis (per GPU)
[21:54:26.478765] Reading Zarr/H5 file: fisbe/biapy-channel-rot-zarr/train/label/VT047848-20171020_66_I2_c102_r2_k0.zarr
[21:54:26.489568] ### 3D-OV-CROP ###
[21:54:26.489588] Cropping (388, 889, 863, 1) images into (160, 160, 160, 1) with overlapping (axis order: ZYXC). . .
[21:54:26.489598] Minimum overlap selected: (0, 0, 0)
[21:54:26.489606] Padding: (0, 0, 0)
[21:54:26.489628] Real overlapping (%): (0.2875, 0.0875, 0.11875)
[21:54:26.489638] Real overlapping (pixels): (46.0, 14.0, 19.0)
[21:54:26.489646] (3, 6, 6) patches per (z,y,x) axis
[21:54:26.489660] List of volume IDs to be processed by each GPU: [[0, 1, 2]]
[21:54:26.489672] Positions of each volume in Z axis: {0: [0, 160], 1: [114, 274], 2: [228, 388]}
[21:54:26.489682] Rank 0: Total number of patches: 108 - (3, 6, 6) patches per (z,y,x) axis (per GPU)
[21:54:27.459873] Reading Zarr/H5 file: fisbe/biapy-channel-rot-zarr/train/label/VT047848-20171020_66_I2_c102_r2_k1.zarr
[21:54:27.466814] ### 3D-OV-CROP ###
[21:54:27.466834] Cropping (388, 863, 889, 1) images into (160, 160, 160, 1) with overlapping (axis order: ZYXC). . .
[21:54:27.466843] Minimum overlap selected: (0, 0, 0)
[21:54:27.466851] Padding: (0, 0, 0)
[21:54:27.466872] Real overlapping (%): (0.2875, 0.11875, 0.0875)
[21:54:27.466882] Real overlapping (pixels): (46.0, 19.0, 14.0)
[21:54:27.466889] (3, 6, 6) patches per (z,y,x) axis
[21:54:27.466903] List of volume IDs to be processed by each GPU: [[0, 1, 2]]
[21:54:27.466915] Positions of each volume in Z axis: {0: [0, 160], 1: [114, 274], 2: [228, 388]}
[21:54:27.466924] Rank 0: Total number of patches: 108 - (3, 6, 6) patches per (z,y,x) axis (per GPU)
[21:54:28.533419] Reading Zarr/H5 file: fisbe/biapy-channel-rot-zarr/train/label/VT047848-20171020_66_I2_c102_r2_k2.zarr
[21:54:28.539640] ### 3D-OV-CROP ###
[21:54:28.539681] Cropping (388, 889, 863, 1) images into (160, 160, 160, 1) with overlapping (axis order: ZYXC). . .
[21:54:28.539692] Minimum overlap selected: (0, 0, 0)
[21:54:28.539700] Padding: (0, 0, 0)
[21:54:28.539722] Real overlapping (%): (0.2875, 0.0875, 0.11875)
[21:54:28.539732] Real overlapping (pixels): (46.0, 14.0, 19.0)
[21:54:28.539740] (3, 6, 6) patches per (z,y,x) axis
[21:54:28.539754] List of volume IDs to be processed by each GPU: [[0, 1, 2]]
[21:54:28.539766] Positions of each volume in Z axis: {0: [0, 160], 1: [114, 274], 2: [228, 388]}
[21:54:28.539775] Rank 0: Total number of patches: 108 - (3, 6, 6) patches per (z,y,x) axis (per GPU)
[21:54:29.449275] Reading Zarr/H5 file: fisbe/biapy-channel-rot-zarr/train/label/VT047848-20171020_66_I2_c210_r0_k0.zarr
[21:54:29.457474] ### 3D-OV-CROP ###
[21:54:29.457496] Cropping (388, 889, 863, 1) images into (160, 160, 160, 1) with overlapping (axis order: ZYXC). . .
[21:54:29.457514] Minimum overlap selected: (0, 0, 0)
[21:54:29.457522] Padding: (0, 0, 0)
[21:54:29.457544] Real overlapping (%): (0.2875, 0.0875, 0.11875)
[21:54:29.457554] Real overlapping (pixels): (46.0, 14.0, 19.0)
[21:54:29.457563] (3, 6, 6) patches per (z,y,x) axis
[21:54:29.457576] List of volume IDs to be processed by each GPU: [[0, 1, 2]]
[21:54:29.457587] Positions of each volume in Z axis: {0: [0, 160], 1: [114, 274], 2: [228, 388]}
[21:54:29.457596] Rank 0: Total number of patches: 108 - (3, 6, 6) patches per (z,y,x) axis (per GPU)
[21:54:30.478083] Reading Zarr/H5 file: fisbe/biapy-channel-rot-zarr/train/label/VT047848-20171020_66_I2_c210_r0_k1.zarr
[21:54:30.492206] ### 3D-OV-CROP ###
[21:54:30.492226] Cropping (889, 388, 863, 1) images into (160, 160, 160, 1) with overlapping (axis order: ZYXC). . .
[21:54:30.492243] Minimum overlap selected: (0, 0, 0)
[21:54:30.492252] Padding: (0, 0, 0)
[21:54:30.492272] Real overlapping (%): (0.0875, 0.2875, 0.11875)
[21:54:30.492282] Real overlapping (pixels): (14.0, 46.0, 19.0)
[21:54:30.492290] (6, 6, 3) patches per (z,y,x) axis
[21:54:30.492305] List of volume IDs to be processed by each GPU: [[0, 1, 2, 3, 4, 5]]
[21:54:30.492317] Positions of each volume in Z axis: {0: [0, 160], 1: [146, 306], 2: [292, 452], 3: [438, 598], 4: [584, 744], 5: [730, 889]}
[21:54:30.492326] Rank 0: Total number of patches: 108 - (6, 6, 3) patches per (z,y,x) axis (per GPU)
[21:54:31.520071] Reading Zarr/H5 file: fisbe/biapy-channel-rot-zarr/train/label/VT047848-20171020_66_I2_c210_r0_k2.zarr
[21:54:31.526908] ### 3D-OV-CROP ###
[21:54:31.526927] Cropping (388, 889, 863, 1) images into (160, 160, 160, 1) with overlapping (axis order: ZYXC). . .
[21:54:31.526936] Minimum overlap selected: (0, 0, 0)
[21:54:31.526945] Padding: (0, 0, 0)
[21:54:31.526967] Real overlapping (%): (0.2875, 0.0875, 0.11875)
[21:54:31.526976] Real overlapping (pixels): (46.0, 14.0, 19.0)
[21:54:31.526984] (3, 6, 6) patches per (z,y,x) axis
[21:54:31.526998] List of volume IDs to be processed by each GPU: [[0, 1, 2]]
[21:54:31.527009] Positions of each volume in Z axis: {0: [0, 160], 1: [114, 274], 2: [228, 388]}
[21:54:31.527018] Rank 0: Total number of patches: 108 - (3, 6, 6) patches per (z,y,x) axis (per GPU)
[21:54:32.309956] Reading Zarr/H5 file: fisbe/biapy-channel-rot-zarr/train/label/VT047848-20171020_66_I2_c210_r1_k0.zarr
[21:54:32.316167] ### 3D-OV-CROP ###
[21:54:32.316188] Cropping (388, 889, 863, 1) images into (160, 160, 160, 1) with overlapping (axis order: ZYXC). . .
[21:54:32.316198] Minimum overlap selected: (0, 0, 0)
[21:54:32.316206] Padding: (0, 0, 0)
[21:54:32.316227] Real overlapping (%): (0.2875, 0.0875, 0.11875)
[21:54:32.316240] Real overlapping (pixels): (46.0, 14.0, 19.0)
[21:54:32.316248] (3, 6, 6) patches per (z,y,x) axis
[21:54:32.316262] List of volume IDs to be processed by each GPU: [[0, 1, 2]]
[21:54:32.316273] Positions of each volume in Z axis: {0: [0, 160], 1: [114, 274], 2: [228, 388]}
[21:54:32.316282] Rank 0: Total number of patches: 108 - (3, 6, 6) patches per (z,y,x) axis (per GPU)
[21:54:33.255600] Reading Zarr/H5 file: fisbe/biapy-channel-rot-zarr/train/label/VT047848-20171020_66_I2_c210_r1_k1.zarr
[21:54:33.262229] ### 3D-OV-CROP ###
[21:54:33.262254] Cropping (863, 889, 388, 1) images into (160, 160, 160, 1) with overlapping (axis order: ZYXC). . .
[21:54:33.262264] Minimum overlap selected: (0, 0, 0)
[21:54:33.262273] Padding: (0, 0, 0)
[21:54:33.262296] Real overlapping (%): (0.11875, 0.0875, 0.2875)
[21:54:33.262306] Real overlapping (pixels): (19.0, 14.0, 46.0)
[21:54:33.262314] (6, 3, 6) patches per (z,y,x) axis
[21:54:33.262329] List of volume IDs to be processed by each GPU: [[0, 1, 2, 3, 4, 5]]
[21:54:33.262341] Positions of each volume in Z axis: {0: [0, 160], 1: [141, 301], 2: [282, 442], 3: [423, 583], 4: [564, 724], 5: [705, 863]}
[21:54:33.262350] Rank 0: Total number of patches: 108 - (6, 3, 6) patches per (z,y,x) axis (per GPU)
[21:54:34.039136] Reading Zarr/H5 file: fisbe/biapy-channel-rot-zarr/train/label/VT047848-20171020_66_I2_c210_r1_k2.zarr
[21:54:34.047902] ### 3D-OV-CROP ###
[21:54:34.047922] Cropping (388, 889, 863, 1) images into (160, 160, 160, 1) with overlapping (axis order: ZYXC). . .
[21:54:34.047931] Minimum overlap selected: (0, 0, 0)
[21:54:34.047944] Padding: (0, 0, 0)
[21:54:34.047966] Real overlapping (%): (0.2875, 0.0875, 0.11875)
[21:54:34.047977] Real overlapping (pixels): (46.0, 14.0, 19.0)
[21:54:34.047985] (3, 6, 6) patches per (z,y,x) axis
[21:54:34.047998] List of volume IDs to be processed by each GPU: [[0, 1, 2]]
[21:54:34.048010] Positions of each volume in Z axis: {0: [0, 160], 1: [114, 274], 2: [228, 388]}
[21:54:34.048019] Rank 0: Total number of patches: 108 - (3, 6, 6) patches per (z,y,x) axis (per GPU)
[21:54:34.897993] Reading Zarr/H5 file: fisbe/biapy-channel-rot-zarr/train/label/VT047848-20171020_66_I2_c210_r2_k0.zarr
[21:54:34.905075] ### 3D-OV-CROP ###
[21:54:34.905094] Cropping (388, 889, 863, 1) images into (160, 160, 160, 1) with overlapping (axis order: ZYXC). . .
[21:54:34.905103] Minimum overlap selected: (0, 0, 0)
[21:54:34.905111] Padding: (0, 0, 0)
[21:54:34.905131] Real overlapping (%): (0.2875, 0.0875, 0.11875)
[21:54:34.905142] Real overlapping (pixels): (46.0, 14.0, 19.0)
[21:54:34.905150] (3, 6, 6) patches per (z,y,x) axis
[21:54:34.905163] List of volume IDs to be processed by each GPU: [[0, 1, 2]]
[21:54:34.905175] Positions of each volume in Z axis: {0: [0, 160], 1: [114, 274], 2: [228, 388]}
[21:54:34.905185] Rank 0: Total number of patches: 108 - (3, 6, 6) patches per (z,y,x) axis (per GPU)
[21:54:35.856868] Reading Zarr/H5 file: fisbe/biapy-channel-rot-zarr/train/label/VT047848-20171020_66_I2_c210_r2_k1.zarr
[21:54:35.863309] ### 3D-OV-CROP ###
[21:54:35.863327] Cropping (388, 863, 889, 1) images into (160, 160, 160, 1) with overlapping (axis order: ZYXC). . .
[21:54:35.863337] Minimum overlap selected: (0, 0, 0)
[21:54:35.863345] Padding: (0, 0, 0)
[21:54:35.863366] Real overlapping (%): (0.2875, 0.11875, 0.0875)
[21:54:35.863376] Real overlapping (pixels): (46.0, 19.0, 14.0)
[21:54:35.863384] (3, 6, 6) patches per (z,y,x) axis
[21:54:35.863398] List of volume IDs to be processed by each GPU: [[0, 1, 2]]
[21:54:35.863409] Positions of each volume in Z axis: {0: [0, 160], 1: [114, 274], 2: [228, 388]}
[21:54:35.863418] Rank 0: Total number of patches: 108 - (3, 6, 6) patches per (z,y,x) axis (per GPU)
[21:54:36.755870] Reading Zarr/H5 file: fisbe/biapy-channel-rot-zarr/train/label/VT047848-20171020_66_I2_c210_r2_k2.zarr
[21:54:36.763069] ### 3D-OV-CROP ###
[21:54:36.763090] Cropping (388, 889, 863, 1) images into (160, 160, 160, 1) with overlapping (axis order: ZYXC). . .
[21:54:36.763100] Minimum overlap selected: (0, 0, 0)
[21:54:36.763109] Padding: (0, 0, 0)
[21:54:36.763131] Real overlapping (%): (0.2875, 0.0875, 0.11875)
[21:54:36.763142] Real overlapping (pixels): (46.0, 14.0, 19.0)
[21:54:36.763150] (3, 6, 6) patches per (z,y,x) axis
[21:54:36.763163] List of volume IDs to be processed by each GPU: [[0, 1, 2]]
[21:54:36.763179] Positions of each volume in Z axis: {0: [0, 160], 1: [114, 274], 2: [228, 388]}
[21:54:36.763189] Rank 0: Total number of patches: 108 - (3, 6, 6) patches per (z,y,x) axis (per GPU)
[21:54:37.677292] Reading Zarr/H5 file: fisbe/biapy-channel-rot-zarr/train/label/VT047848-20171020_66_I3_c021_r0_k0.zarr
[21:54:37.684919] ### 3D-OV-CROP ###
[21:54:37.684939] Cropping (390, 1058, 907, 1) images into (160, 160, 160, 1) with overlapping (axis order: ZYXC). . .
[21:54:37.684949] Minimum overlap selected: (0, 0, 0)
[21:54:37.684957] Padding: (0, 0, 0)
[21:54:37.684979] Real overlapping (%): (0.28125, 0.0625, 0.0625)
[21:54:37.684988] Real overlapping (pixels): (45.0, 10.0, 10.0)
[21:54:37.684997] (3, 6, 7) patches per (z,y,x) axis
[21:54:37.685010] List of volume IDs to be processed by each GPU: [[0, 1, 2]]
[21:54:37.685023] Positions of each volume in Z axis: {0: [0, 160], 1: [115, 275], 2: [230, 390]}
[21:54:37.685032] Rank 0: Total number of patches: 126 - (3, 6, 7) patches per (z,y,x) axis (per GPU)
[21:54:38.821144] Reading Zarr/H5 file: fisbe/biapy-channel-rot-zarr/train/label/VT047848-20171020_66_I3_c021_r0_k1.zarr
[21:54:38.828371] ### 3D-OV-CROP ###
[21:54:38.828392] Cropping (1058, 390, 907, 1) images into (160, 160, 160, 1) with overlapping (axis order: ZYXC). . .
[21:54:38.828402] Minimum overlap selected: (0, 0, 0)
[21:54:38.828411] Padding: (0, 0, 0)
[21:54:38.828432] Real overlapping (%): (0.0625, 0.28125, 0.0625)
[21:54:38.828442] Real overlapping (pixels): (10.0, 45.0, 10.0)
[21:54:38.828450] (7, 6, 3) patches per (z,y,x) axis
[21:54:38.828466] List of volume IDs to be processed by each GPU: [[0, 1, 2, 3, 4, 5, 6]]
[21:54:38.828480] Positions of each volume in Z axis: {0: [0, 160], 1: [150, 310], 2: [300, 460], 3: [450, 610], 4: [600, 760], 5: [750, 910], 6: [900, 1058]}
[21:54:38.828490] Rank 0: Total number of patches: 126 - (7, 6, 3) patches per (z,y,x) axis (per GPU)
[21:54:39.882514] Reading Zarr/H5 file: fisbe/biapy-channel-rot-zarr/train/label/VT047848-20171020_66_I3_c021_r0_k2.zarr
[21:54:39.887784] ### 3D-OV-CROP ###
[21:54:39.887804] Cropping (390, 1058, 907, 1) images into (160, 160, 160, 1) with overlapping (axis order: ZYXC). . .
[21:54:39.887814] Minimum overlap selected: (0, 0, 0)
[21:54:39.887822] Padding: (0, 0, 0)
[21:54:39.887844] Real overlapping (%): (0.28125, 0.0625, 0.0625)
[21:54:39.887854] Real overlapping (pixels): (45.0, 10.0, 10.0)
[21:54:39.887862] (3, 6, 7) patches per (z,y,x) axis
[21:54:39.887883] List of volume IDs to be processed by each GPU: [[0, 1, 2]]
[21:54:39.887894] Positions of each volume in Z axis: {0: [0, 160], 1: [115, 275], 2: [230, 390]}
[21:54:39.887904] Rank 0: Total number of patches: 126 - (3, 6, 7) patches per (z,y,x) axis (per GPU)
[21:54:40.879366] Reading Zarr/H5 file: fisbe/biapy-channel-rot-zarr/train/label/VT047848-20171020_66_I3_c021_r1_k0.zarr
[21:54:40.885677] ### 3D-OV-CROP ###
[21:54:40.885697] Cropping (390, 1058, 907, 1) images into (160, 160, 160, 1) with overlapping (axis order: ZYXC). . .
[21:54:40.885706] Minimum overlap selected: (0, 0, 0)
[21:54:40.885715] Padding: (0, 0, 0)
[21:54:40.885736] Real overlapping (%): (0.28125, 0.0625, 0.0625)
[21:54:40.885746] Real overlapping (pixels): (45.0, 10.0, 10.0)
[21:54:40.885754] (3, 6, 7) patches per (z,y,x) axis
[21:54:40.885766] List of volume IDs to be processed by each GPU: [[0, 1, 2]]
[21:54:40.885777] Positions of each volume in Z axis: {0: [0, 160], 1: [115, 275], 2: [230, 390]}
[21:54:40.885787] Rank 0: Total number of patches: 126 - (3, 6, 7) patches per (z,y,x) axis (per GPU)
[21:54:41.999519] Reading Zarr/H5 file: fisbe/biapy-channel-rot-zarr/train/label/VT047848-20171020_66_I3_c021_r1_k1.zarr
[21:54:42.006057] ### 3D-OV-CROP ###
[21:54:42.006076] Cropping (907, 1058, 390, 1) images into (160, 160, 160, 1) with overlapping (axis order: ZYXC). . .
[21:54:42.006085] Minimum overlap selected: (0, 0, 0)
[21:54:42.006094] Padding: (0, 0, 0)
[21:54:42.006115] Real overlapping (%): (0.0625, 0.0625, 0.28125)
[21:54:42.006125] Real overlapping (pixels): (10.0, 10.0, 45.0)
[21:54:42.006134] (6, 3, 7) patches per (z,y,x) axis
[21:54:42.006149] List of volume IDs to be processed by each GPU: [[0, 1, 2, 3, 4, 5]]
[21:54:42.006160] Positions of each volume in Z axis: {0: [0, 160], 1: [150, 310], 2: [300, 460], 3: [450, 610], 4: [600, 760], 5: [750, 907]}
[21:54:42.006170] Rank 0: Total number of patches: 126 - (6, 3, 7) patches per (z,y,x) axis (per GPU)
[21:54:43.416679] Reading Zarr/H5 file: fisbe/biapy-channel-rot-zarr/train/label/VT047848-20171020_66_I3_c021_r1_k2.zarr
[21:54:43.423735] ### 3D-OV-CROP ###
[21:54:43.423755] Cropping (390, 1058, 907, 1) images into (160, 160, 160, 1) with overlapping (axis order: ZYXC). . .
[21:54:43.423764] Minimum overlap selected: (0, 0, 0)
[21:54:43.423772] Padding: (0, 0, 0)
[21:54:43.423795] Real overlapping (%): (0.28125, 0.0625, 0.0625)
[21:54:43.423805] Real overlapping (pixels): (45.0, 10.0, 10.0)
[21:54:43.423819] (3, 6, 7) patches per (z,y,x) axis
[21:54:43.423832] List of volume IDs to be processed by each GPU: [[0, 1, 2]]
[21:54:43.423843] Positions of each volume in Z axis: {0: [0, 160], 1: [115, 275], 2: [230, 390]}
[21:54:43.423854] Rank 0: Total number of patches: 126 - (3, 6, 7) patches per (z,y,x) axis (per GPU)
[21:54:44.410981] Reading Zarr/H5 file: fisbe/biapy-channel-rot-zarr/train/label/VT047848-20171020_66_I3_c021_r2_k0.zarr
[21:54:44.419209] ### 3D-OV-CROP ###
[21:54:44.419234] Cropping (390, 1058, 907, 1) images into (160, 160, 160, 1) with overlapping (axis order: ZYXC). . .
[21:54:44.419244] Minimum overlap selected: (0, 0, 0)
[21:54:44.419253] Padding: (0, 0, 0)
[21:54:44.419275] Real overlapping (%): (0.28125, 0.0625, 0.0625)
[21:54:44.419285] Real overlapping (pixels): (45.0, 10.0, 10.0)
[21:54:44.419294] (3, 6, 7) patches per (z,y,x) axis
[21:54:44.419307] List of volume IDs to be processed by each GPU: [[0, 1, 2]]
[21:54:44.419319] Positions of each volume in Z axis: {0: [0, 160], 1: [115, 275], 2: [230, 390]}
[21:54:44.419329] Rank 0: Total number of patches: 126 - (3, 6, 7) patches per (z,y,x) axis (per GPU)
[21:54:45.593433] Reading Zarr/H5 file: fisbe/biapy-channel-rot-zarr/train/label/VT047848-20171020_66_I3_c021_r2_k1.zarr
[21:54:45.601922] ### 3D-OV-CROP ###
[21:54:45.601941] Cropping (390, 907, 1058, 1) images into (160, 160, 160, 1) with overlapping (axis order: ZYXC). . .
[21:54:45.601952] Minimum overlap selected: (0, 0, 0)
[21:54:45.601960] Padding: (0, 0, 0)
[21:54:45.601981] Real overlapping (%): (0.28125, 0.0625, 0.0625)
[21:54:45.601991] Real overlapping (pixels): (45.0, 10.0, 10.0)
[21:54:45.601999] (3, 7, 6) patches per (z,y,x) axis
[21:54:45.602013] List of volume IDs to be processed by each GPU: [[0, 1, 2]]
[21:54:45.602024] Positions of each volume in Z axis: {0: [0, 160], 1: [115, 275], 2: [230, 390]}
[21:54:45.602034] Rank 0: Total number of patches: 126 - (3, 7, 6) patches per (z,y,x) axis (per GPU)
[21:54:46.724824] Reading Zarr/H5 file: fisbe/biapy-channel-rot-zarr/train/label/VT047848-20171020_66_I3_c021_r2_k2.zarr
[21:54:46.733077] ### 3D-OV-CROP ###
[21:54:46.733098] Cropping (390, 1058, 907, 1) images into (160, 160, 160, 1) with overlapping (axis order: ZYXC). . .
[21:54:46.733108] Minimum overlap selected: (0, 0, 0)
[21:54:46.733120] Padding: (0, 0, 0)
[21:54:46.733142] Real overlapping (%): (0.28125, 0.0625, 0.0625)
[21:54:46.733152] Real overlapping (pixels): (45.0, 10.0, 10.0)
[21:54:46.733160] (3, 6, 7) patches per (z,y,x) axis
[21:54:46.733174] List of volume IDs to be processed by each GPU: [[0, 1, 2]]
[21:54:46.733185] Positions of each volume in Z axis: {0: [0, 160], 1: [115, 275], 2: [230, 390]}
[21:54:46.733195] Rank 0: Total number of patches: 126 - (3, 6, 7) patches per (z,y,x) axis (per GPU)
[21:54:47.805253] Reading Zarr/H5 file: fisbe/biapy-channel-rot-zarr/train/label/VT047848-20171020_66_I3_c102_r0_k0.zarr
[21:54:47.812279] ### 3D-OV-CROP ###
[21:54:47.812298] Cropping (390, 1058, 907, 1) images into (160, 160, 160, 1) with overlapping (axis order: ZYXC). . .
[21:54:47.812308] Minimum overlap selected: (0, 0, 0)
[21:54:47.812316] Padding: (0, 0, 0)
[21:54:47.812338] Real overlapping (%): (0.28125, 0.0625, 0.0625)
[21:54:47.812347] Real overlapping (pixels): (45.0, 10.0, 10.0)
[21:54:47.812356] (3, 6, 7) patches per (z,y,x) axis
[21:54:47.812369] List of volume IDs to be processed by each GPU: [[0, 1, 2]]
[21:54:47.812382] Positions of each volume in Z axis: {0: [0, 160], 1: [115, 275], 2: [230, 390]}
[21:54:47.812392] Rank 0: Total number of patches: 126 - (3, 6, 7) patches per (z,y,x) axis (per GPU)
[21:54:48.900491] Reading Zarr/H5 file: fisbe/biapy-channel-rot-zarr/train/label/VT047848-20171020_66_I3_c102_r0_k1.zarr
[21:54:48.909542] ### 3D-OV-CROP ###
[21:54:48.909562] Cropping (1058, 390, 907, 1) images into (160, 160, 160, 1) with overlapping (axis order: ZYXC). . .
[21:54:48.909572] Minimum overlap selected: (0, 0, 0)
[21:54:48.909581] Padding: (0, 0, 0)
[21:54:48.909601] Real overlapping (%): (0.0625, 0.28125, 0.0625)
[21:54:48.909612] Real overlapping (pixels): (10.0, 45.0, 10.0)
[21:54:48.909621] (7, 6, 3) patches per (z,y,x) axis
[21:54:48.909636] List of volume IDs to be processed by each GPU: [[0, 1, 2, 3, 4, 5, 6]]
[21:54:48.909662] Positions of each volume in Z axis: {0: [0, 160], 1: [150, 310], 2: [300, 460], 3: [450, 610], 4: [600, 760], 5: [750, 910], 6: [900, 1058]}
[21:54:48.909672] Rank 0: Total number of patches: 126 - (7, 6, 3) patches per (z,y,x) axis (per GPU)
[21:54:49.950097] Reading Zarr/H5 file: fisbe/biapy-channel-rot-zarr/train/label/VT047848-20171020_66_I3_c102_r0_k2.zarr
[21:54:49.957490] ### 3D-OV-CROP ###
[21:54:49.957511] Cropping (390, 1058, 907, 1) images into (160, 160, 160, 1) with overlapping (axis order: ZYXC). . .
[21:54:49.957528] Minimum overlap selected: (0, 0, 0)
[21:54:49.957536] Padding: (0, 0, 0)
[21:54:49.957558] Real overlapping (%): (0.28125, 0.0625, 0.0625)
[21:54:49.957568] Real overlapping (pixels): (45.0, 10.0, 10.0)
[21:54:49.957576] (3, 6, 7) patches per (z,y,x) axis
[21:54:49.957589] List of volume IDs to be processed by each GPU: [[0, 1, 2]]
[21:54:49.957600] Positions of each volume in Z axis: {0: [0, 160], 1: [115, 275], 2: [230, 390]}
[21:54:49.957610] Rank 0: Total number of patches: 126 - (3, 6, 7) patches per (z,y,x) axis (per GPU)
[21:54:50.909643] Reading Zarr/H5 file: fisbe/biapy-channel-rot-zarr/train/label/VT047848-20171020_66_I3_c102_r1_k0.zarr
[21:54:50.916608] ### 3D-OV-CROP ###
[21:54:50.916628] Cropping (390, 1058, 907, 1) images into (160, 160, 160, 1) with overlapping (axis order: ZYXC). . .
[21:54:50.916638] Minimum overlap selected: (0, 0, 0)
[21:54:50.916646] Padding: (0, 0, 0)
[21:54:50.916667] Real overlapping (%): (0.28125, 0.0625, 0.0625)
[21:54:50.916677] Real overlapping (pixels): (45.0, 10.0, 10.0)
[21:54:50.916685] (3, 6, 7) patches per (z,y,x) axis
[21:54:50.916698] List of volume IDs to be processed by each GPU: [[0, 1, 2]]
[21:54:50.916710] Positions of each volume in Z axis: {0: [0, 160], 1: [115, 275], 2: [230, 390]}
[21:54:50.916720] Rank 0: Total number of patches: 126 - (3, 6, 7) patches per (z,y,x) axis (per GPU)
[21:54:51.986221] Reading Zarr/H5 file: fisbe/biapy-channel-rot-zarr/train/label/VT047848-20171020_66_I3_c102_r1_k1.zarr
[21:54:51.994311] ### 3D-OV-CROP ###
[21:54:51.994332] Cropping (907, 1058, 390, 1) images into (160, 160, 160, 1) with overlapping (axis order: ZYXC). . .
[21:54:51.994341] Minimum overlap selected: (0, 0, 0)
[21:54:51.994350] Padding: (0, 0, 0)
[21:54:51.994373] Real overlapping (%): (0.0625, 0.0625, 0.28125)
[21:54:51.994383] Real overlapping (pixels): (10.0, 10.0, 45.0)
[21:54:51.994392] (6, 3, 7) patches per (z,y,x) axis
[21:54:51.994406] List of volume IDs to be processed by each GPU: [[0, 1, 2, 3, 4, 5]]
[21:54:51.994418] Positions of each volume in Z axis: {0: [0, 160], 1: [150, 310], 2: [300, 460], 3: [450, 610], 4: [600, 760], 5: [750, 907]}
[21:54:51.994428] Rank 0: Total number of patches: 126 - (6, 3, 7) patches per (z,y,x) axis (per GPU)
[21:54:53.105118] Reading Zarr/H5 file: fisbe/biapy-channel-rot-zarr/train/label/VT047848-20171020_66_I3_c102_r1_k2.zarr
[21:54:53.113308] ### 3D-OV-CROP ###
[21:54:53.113327] Cropping (390, 1058, 907, 1) images into (160, 160, 160, 1) with overlapping (axis order: ZYXC). . .
[21:54:53.113345] Minimum overlap selected: (0, 0, 0)
[21:54:53.113353] Padding: (0, 0, 0)
[21:54:53.113375] Real overlapping (%): (0.28125, 0.0625, 0.0625)
[21:54:53.113385] Real overlapping (pixels): (45.0, 10.0, 10.0)
[21:54:53.113393] (3, 6, 7) patches per (z,y,x) axis
[21:54:53.113406] List of volume IDs to be processed by each GPU: [[0, 1, 2]]
[21:54:53.113419] Positions of each volume in Z axis: {0: [0, 160], 1: [115, 275], 2: [230, 390]}
[21:54:53.113428] Rank 0: Total number of patches: 126 - (3, 6, 7) patches per (z,y,x) axis (per GPU)
[21:54:54.125275] Reading Zarr/H5 file: fisbe/biapy-channel-rot-zarr/train/label/VT047848-20171020_66_I3_c102_r2_k0.zarr
[21:54:54.130710] ### 3D-OV-CROP ###
[21:54:54.130730] Cropping (390, 1058, 907, 1) images into (160, 160, 160, 1) with overlapping (axis order: ZYXC). . .
[21:54:54.130739] Minimum overlap selected: (0, 0, 0)
[21:54:54.130747] Padding: (0, 0, 0)
[21:54:54.130768] Real overlapping (%): (0.28125, 0.0625, 0.0625)
[21:54:54.130778] Real overlapping (pixels): (45.0, 10.0, 10.0)
[21:54:54.130798] (3, 6, 7) patches per (z,y,x) axis
[21:54:54.130812] List of volume IDs to be processed by each GPU: [[0, 1, 2]]
[21:54:54.130823] Positions of each volume in Z axis: {0: [0, 160], 1: [115, 275], 2: [230, 390]}
[21:54:54.130832] Rank 0: Total number of patches: 126 - (3, 6, 7) patches per (z,y,x) axis (per GPU)
[21:54:55.261544] Reading Zarr/H5 file: fisbe/biapy-channel-rot-zarr/train/label/VT047848-20171020_66_I3_c102_r2_k1.zarr
[21:54:55.269406] ### 3D-OV-CROP ###
[21:54:55.269430] Cropping (390, 907, 1058, 1) images into (160, 160, 160, 1) with overlapping (axis order: ZYXC). . .
[21:54:55.269439] Minimum overlap selected: (0, 0, 0)
[21:54:55.269447] Padding: (0, 0, 0)
[21:54:55.269470] Real overlapping (%): (0.28125, 0.0625, 0.0625)
[21:54:55.269481] Real overlapping (pixels): (45.0, 10.0, 10.0)
[21:54:55.269489] (3, 7, 6) patches per (z,y,x) axis
[21:54:55.269503] List of volume IDs to be processed by each GPU: [[0, 1, 2]]
[21:54:55.269515] Positions of each volume in Z axis: {0: [0, 160], 1: [115, 275], 2: [230, 390]}
[21:54:55.269525] Rank 0: Total number of patches: 126 - (3, 7, 6) patches per (z,y,x) axis (per GPU)
[21:54:56.368716] Reading Zarr/H5 file: fisbe/biapy-channel-rot-zarr/train/label/VT047848-20171020_66_I3_c102_r2_k2.zarr
[21:54:56.374999] ### 3D-OV-CROP ###
[21:54:56.375024] Cropping (390, 1058, 907, 1) images into (160, 160, 160, 1) with overlapping (axis order: ZYXC). . .
[21:54:56.375034] Minimum overlap selected: (0, 0, 0)
[21:54:56.375042] Padding: (0, 0, 0)
[21:54:56.375064] Real overlapping (%): (0.28125, 0.0625, 0.0625)
[21:54:56.375075] Real overlapping (pixels): (45.0, 10.0, 10.0)
[21:54:56.375082] (3, 6, 7) patches per (z,y,x) axis
[21:54:56.375096] List of volume IDs to be processed by each GPU: [[0, 1, 2]]
[21:54:56.375108] Positions of each volume in Z axis: {0: [0, 160], 1: [115, 275], 2: [230, 390]}
[21:54:56.375117] Rank 0: Total number of patches: 126 - (3, 6, 7) patches per (z,y,x) axis (per GPU)
[21:54:57.447782] Reading Zarr/H5 file: fisbe/biapy-channel-rot-zarr/train/label/VT047848-20171020_66_I3_c120_r0_k0.zarr
[21:54:57.457183] ### 3D-OV-CROP ###
[21:54:57.457204] Cropping (390, 1058, 907, 1) images into (160, 160, 160, 1) with overlapping (axis order: ZYXC). . .
[21:54:57.457213] Minimum overlap selected: (0, 0, 0)
[21:54:57.457222] Padding: (0, 0, 0)
[21:54:57.457251] Real overlapping (%): (0.28125, 0.0625, 0.0625)
[21:54:57.457262] Real overlapping (pixels): (45.0, 10.0, 10.0)
[21:54:57.457270] (3, 6, 7) patches per (z,y,x) axis
[21:54:57.457283] List of volume IDs to be processed by each GPU: [[0, 1, 2]]
[21:54:57.457296] Positions of each volume in Z axis: {0: [0, 160], 1: [115, 275], 2: [230, 390]}
[21:54:57.457306] Rank 0: Total number of patches: 126 - (3, 6, 7) patches per (z,y,x) axis (per GPU)
[21:54:58.515349] Reading Zarr/H5 file: fisbe/biapy-channel-rot-zarr/train/label/VT047848-20171020_66_I3_c120_r0_k1.zarr
[21:54:58.521028] ### 3D-OV-CROP ###
[21:54:58.521050] Cropping (1058, 390, 907, 1) images into (160, 160, 160, 1) with overlapping (axis order: ZYXC). . .
[21:54:58.521060] Minimum overlap selected: (0, 0, 0)
[21:54:58.521068] Padding: (0, 0, 0)
[21:54:58.521089] Real overlapping (%): (0.0625, 0.28125, 0.0625)
[21:54:58.521098] Real overlapping (pixels): (10.0, 45.0, 10.0)
[21:54:58.521106] (7, 6, 3) patches per (z,y,x) axis
[21:54:58.521121] List of volume IDs to be processed by each GPU: [[0, 1, 2, 3, 4, 5, 6]]
[21:54:58.521135] Positions of each volume in Z axis: {0: [0, 160], 1: [150, 310], 2: [300, 460], 3: [450, 610], 4: [600, 760], 5: [750, 910], 6: [900, 1058]}
[21:54:58.521144] Rank 0: Total number of patches: 126 - (7, 6, 3) patches per (z,y,x) axis (per GPU)
[21:54:59.550528] Reading Zarr/H5 file: fisbe/biapy-channel-rot-zarr/train/label/VT047848-20171020_66_I3_c120_r0_k2.zarr
[21:54:59.558584] ### 3D-OV-CROP ###
[21:54:59.558606] Cropping (390, 1058, 907, 1) images into (160, 160, 160, 1) with overlapping (axis order: ZYXC). . .
[21:54:59.558615] Minimum overlap selected: (0, 0, 0)
[21:54:59.558623] Padding: (0, 0, 0)
[21:54:59.558650] Real overlapping (%): (0.28125, 0.0625, 0.0625)
[21:54:59.558660] Real overlapping (pixels): (45.0, 10.0, 10.0)
[21:54:59.558668] (3, 6, 7) patches per (z,y,x) axis
[21:54:59.558682] List of volume IDs to be processed by each GPU: [[0, 1, 2]]
[21:54:59.558693] Positions of each volume in Z axis: {0: [0, 160], 1: [115, 275], 2: [230, 390]}
[21:54:59.558702] Rank 0: Total number of patches: 126 - (3, 6, 7) patches per (z,y,x) axis (per GPU)
[21:55:00.580719] Reading Zarr/H5 file: fisbe/biapy-channel-rot-zarr/train/label/VT047848-20171020_66_I3_c120_r1_k0.zarr
[21:55:00.586714] ### 3D-OV-CROP ###
[21:55:00.586734] Cropping (390, 1058, 907, 1) images into (160, 160, 160, 1) with overlapping (axis order: ZYXC). . .
[21:55:00.586744] Minimum overlap selected: (0, 0, 0)
[21:55:00.586752] Padding: (0, 0, 0)
[21:55:00.586774] Real overlapping (%): (0.28125, 0.0625, 0.0625)
[21:55:00.586785] Real overlapping (pixels): (45.0, 10.0, 10.0)
[21:55:00.586794] (3, 6, 7) patches per (z,y,x) axis
[21:55:00.586807] List of volume IDs to be processed by each GPU: [[0, 1, 2]]
[21:55:00.586818] Positions of each volume in Z axis: {0: [0, 160], 1: [115, 275], 2: [230, 390]}
[21:55:00.586828] Rank 0: Total number of patches: 126 - (3, 6, 7) patches per (z,y,x) axis (per GPU)
[21:55:01.964656] Reading Zarr/H5 file: fisbe/biapy-channel-rot-zarr/train/label/VT047848-20171020_66_I3_c120_r1_k1.zarr
[21:55:01.973095] ### 3D-OV-CROP ###
[21:55:01.973114] Cropping (907, 1058, 390, 1) images into (160, 160, 160, 1) with overlapping (axis order: ZYXC). . .
[21:55:01.973123] Minimum overlap selected: (0, 0, 0)
[21:55:01.973131] Padding: (0, 0, 0)
[21:55:01.973153] Real overlapping (%): (0.0625, 0.0625, 0.28125)
[21:55:01.973164] Real overlapping (pixels): (10.0, 10.0, 45.0)
[21:55:01.973171] (6, 3, 7) patches per (z,y,x) axis
[21:55:01.973186] List of volume IDs to be processed by each GPU: [[0, 1, 2, 3, 4, 5]]
[21:55:01.973199] Positions of each volume in Z axis: {0: [0, 160], 1: [150, 310], 2: [300, 460], 3: [450, 610], 4: [600, 760], 5: [750, 907]}
[21:55:01.973208] Rank 0: Total number of patches: 126 - (6, 3, 7) patches per (z,y,x) axis (per GPU)
[21:55:03.348690] Reading Zarr/H5 file: fisbe/biapy-channel-rot-zarr/train/label/VT047848-20171020_66_I3_c120_r1_k2.zarr
[21:55:03.361122] ### 3D-OV-CROP ###
[21:55:03.361146] Cropping (390, 1058, 907, 1) images into (160, 160, 160, 1) with overlapping (axis order: ZYXC). . .
[21:55:03.361155] Minimum overlap selected: (0, 0, 0)
[21:55:03.361164] Padding: (0, 0, 0)
[21:55:03.361188] Real overlapping (%): (0.28125, 0.0625, 0.0625)
[21:55:03.361199] Real overlapping (pixels): (45.0, 10.0, 10.0)
[21:55:03.361208] (3, 6, 7) patches per (z,y,x) axis
[21:55:03.361221] List of volume IDs to be processed by each GPU: [[0, 1, 2]]
[21:55:03.361239] Positions of each volume in Z axis: {0: [0, 160], 1: [115, 275], 2: [230, 390]}
[21:55:03.361249] Rank 0: Total number of patches: 126 - (3, 6, 7) patches per (z,y,x) axis (per GPU)
[21:55:04.409116] Reading Zarr/H5 file: fisbe/biapy-channel-rot-zarr/train/label/VT047848-20171020_66_I3_c120_r2_k0.zarr
[21:55:04.415899] ### 3D-OV-CROP ###
[21:55:04.415921] Cropping (390, 1058, 907, 1) images into (160, 160, 160, 1) with overlapping (axis order: ZYXC). . .
[21:55:04.415930] Minimum overlap selected: (0, 0, 0)
[21:55:04.415938] Padding: (0, 0, 0)
[21:55:04.415960] Real overlapping (%): (0.28125, 0.0625, 0.0625)
[21:55:04.415970] Real overlapping (pixels): (45.0, 10.0, 10.0)
[21:55:04.415978] (3, 6, 7) patches per (z,y,x) axis
[21:55:04.415991] List of volume IDs to be processed by each GPU: [[0, 1, 2]]
[21:55:04.416003] Positions of each volume in Z axis: {0: [0, 160], 1: [115, 275], 2: [230, 390]}
[21:55:04.416013] Rank 0: Total number of patches: 126 - (3, 6, 7) patches per (z,y,x) axis (per GPU)
[21:55:05.510180] Reading Zarr/H5 file: fisbe/biapy-channel-rot-zarr/train/label/VT047848-20171020_66_I3_c120_r2_k1.zarr
[21:55:05.518068] ### 3D-OV-CROP ###
[21:55:05.518087] Cropping (390, 907, 1058, 1) images into (160, 160, 160, 1) with overlapping (axis order: ZYXC). . .
[21:55:05.518106] Minimum overlap selected: (0, 0, 0)
[21:55:05.518115] Padding: (0, 0, 0)
[21:55:05.518135] Real overlapping (%): (0.28125, 0.0625, 0.0625)
[21:55:05.518146] Real overlapping (pixels): (45.0, 10.0, 10.0)
[21:55:05.518154] (3, 7, 6) patches per (z,y,x) axis
[21:55:05.518168] List of volume IDs to be processed by each GPU: [[0, 1, 2]]
[21:55:05.518179] Positions of each volume in Z axis: {0: [0, 160], 1: [115, 275], 2: [230, 390]}
[21:55:05.518189] Rank 0: Total number of patches: 126 - (3, 7, 6) patches per (z,y,x) axis (per GPU)
[21:55:06.648992] Reading Zarr/H5 file: fisbe/biapy-channel-rot-zarr/train/label/VT047848-20171020_66_I3_c120_r2_k2.zarr
[21:55:06.655650] ### 3D-OV-CROP ###
[21:55:06.655669] Cropping (390, 1058, 907, 1) images into (160, 160, 160, 1) with overlapping (axis order: ZYXC). . .
[21:55:06.655678] Minimum overlap selected: (0, 0, 0)
[21:55:06.655687] Padding: (0, 0, 0)
[21:55:06.655709] Real overlapping (%): (0.28125, 0.0625, 0.0625)
[21:55:06.655720] Real overlapping (pixels): (45.0, 10.0, 10.0)
[21:55:06.655728] (3, 6, 7) patches per (z,y,x) axis
[21:55:06.655741] List of volume IDs to be processed by each GPU: [[0, 1, 2]]
[21:55:06.655753] Positions of each volume in Z axis: {0: [0, 160], 1: [115, 275], 2: [230, 390]}
[21:55:06.655763] Rank 0: Total number of patches: 126 - (3, 6, 7) patches per (z,y,x) axis (per GPU)
[21:55:07.762449] Reading Zarr/H5 file: fisbe/biapy-channel-rot-zarr/train/label/VT047848-20171020_66_I5_c021_r0_k0.zarr
[21:55:07.769509] ### 3D-OV-CROP ###
[21:55:07.769529] Cropping (401, 982, 895, 1) images into (160, 160, 160, 1) with overlapping (axis order: ZYXC). . .
[21:55:07.769538] Minimum overlap selected: (0, 0, 0)
[21:55:07.769547] Padding: (0, 0, 0)
[21:55:07.769568] Real overlapping (%): (0.24375, 0.14375, 0.08125)
[21:55:07.769579] Real overlapping (pixels): (39.0, 23.0, 13.0)
[21:55:07.769588] (3, 6, 7) patches per (z,y,x) axis
[21:55:07.769602] List of volume IDs to be processed by each GPU: [[0, 1, 2]]
[21:55:07.769613] Positions of each volume in Z axis: {0: [0, 160], 1: [121, 281], 2: [242, 401]}
[21:55:07.769623] Rank 0: Total number of patches: 126 - (3, 6, 7) patches per (z,y,x) axis (per GPU)
[21:55:09.169843] Reading Zarr/H5 file: fisbe/biapy-channel-rot-zarr/train/label/VT047848-20171020_66_I5_c021_r0_k2.zarr
[21:55:09.177170] ### 3D-OV-CROP ###
[21:55:09.177191] Cropping (401, 982, 895, 1) images into (160, 160, 160, 1) with overlapping (axis order: ZYXC). . .
[21:55:09.177201] Minimum overlap selected: (0, 0, 0)
[21:55:09.177209] Padding: (0, 0, 0)
[21:55:09.177236] Real overlapping (%): (0.24375, 0.14375, 0.08125)
[21:55:09.177247] Real overlapping (pixels): (39.0, 23.0, 13.0)
[21:55:09.177255] (3, 6, 7) patches per (z,y,x) axis
[21:55:09.177269] List of volume IDs to be processed by each GPU: [[0, 1, 2]]
[21:55:09.177281] Positions of each volume in Z axis: {0: [0, 160], 1: [121, 281], 2: [242, 401]}
[21:55:09.177290] Rank 0: Total number of patches: 126 - (3, 6, 7) patches per (z,y,x) axis (per GPU)
[21:55:10.407852] Reading Zarr/H5 file: fisbe/biapy-channel-rot-zarr/train/label/VT047848-20171020_66_I5_c021_r0_k3.zarr
[21:55:10.414028] ### 3D-OV-CROP ###
[21:55:10.414047] Cropping (982, 401, 895, 1) images into (160, 160, 160, 1) with overlapping (axis order: ZYXC). . .
[21:55:10.414057] Minimum overlap selected: (0, 0, 0)
[21:55:10.414065] Padding: (0, 0, 0)
[21:55:10.414086] Real overlapping (%): (0.14375, 0.24375, 0.08125)
[21:55:10.414095] Real overlapping (pixels): (23.0, 39.0, 13.0)
[21:55:10.414104] (7, 6, 3) patches per (z,y,x) axis
[21:55:10.414119] List of volume IDs to be processed by each GPU: [[0, 1, 2, 3, 4, 5, 6]]
[21:55:10.414131] Positions of each volume in Z axis: {0: [0, 160], 1: [137, 297], 2: [274, 434], 3: [411, 571], 4: [548, 708], 5: [685, 845], 6: [822, 982]}
[21:55:10.414141] Rank 0: Total number of patches: 126 - (7, 6, 3) patches per (z,y,x) axis (per GPU)
[21:55:11.762187] Reading Zarr/H5 file: fisbe/biapy-channel-rot-zarr/train/label/VT047848-20171020_66_I5_c021_r1_k0.zarr
[21:55:11.771173] ### 3D-OV-CROP ###
[21:55:11.771195] Cropping (401, 982, 895, 1) images into (160, 160, 160, 1) with overlapping (axis order: ZYXC). . .
[21:55:11.771205] Minimum overlap selected: (0, 0, 0)
[21:55:11.771213] Padding: (0, 0, 0)
[21:55:11.771239] Real overlapping (%): (0.24375, 0.14375, 0.08125)
[21:55:11.771250] Real overlapping (pixels): (39.0, 23.0, 13.0)
[21:55:11.771258] (3, 6, 7) patches per (z,y,x) axis
[21:55:11.771271] List of volume IDs to be processed by each GPU: [[0, 1, 2]]
[21:55:11.771283] Positions of each volume in Z axis: {0: [0, 160], 1: [121, 281], 2: [242, 401]}
[21:55:11.771293] Rank 0: Total number of patches: 126 - (3, 6, 7) patches per (z,y,x) axis (per GPU)
[21:55:13.146482] Reading Zarr/H5 file: fisbe/biapy-channel-rot-zarr/train/label/VT047848-20171020_66_I5_c021_r1_k2.zarr
[21:55:13.153545] ### 3D-OV-CROP ###
[21:55:13.153563] Cropping (401, 982, 895, 1) images into (160, 160, 160, 1) with overlapping (axis order: ZYXC). . .
[21:55:13.153572] Minimum overlap selected: (0, 0, 0)
[21:55:13.153580] Padding: (0, 0, 0)
[21:55:13.153601] Real overlapping (%): (0.24375, 0.14375, 0.08125)
[21:55:13.153611] Real overlapping (pixels): (39.0, 23.0, 13.0)
[21:55:13.153619] (3, 6, 7) patches per (z,y,x) axis
[21:55:13.153633] List of volume IDs to be processed by each GPU: [[0, 1, 2]]
[21:55:13.153644] Positions of each volume in Z axis: {0: [0, 160], 1: [121, 281], 2: [242, 401]}
[21:55:13.153661] Rank 0: Total number of patches: 126 - (3, 6, 7) patches per (z,y,x) axis (per GPU)
[21:55:14.491624] Reading Zarr/H5 file: fisbe/biapy-channel-rot-zarr/train/label/VT047848-20171020_66_I5_c021_r1_k3.zarr
[21:55:14.497287] ### 3D-OV-CROP ###
[21:55:14.497307] Cropping (895, 982, 401, 1) images into (160, 160, 160, 1) with overlapping (axis order: ZYXC). . .
[21:55:14.497316] Minimum overlap selected: (0, 0, 0)
[21:55:14.497324] Padding: (0, 0, 0)
[21:55:14.497346] Real overlapping (%): (0.08125, 0.14375, 0.24375)
[21:55:14.497357] Real overlapping (pixels): (13.0, 23.0, 39.0)
[21:55:14.497365] (6, 3, 7) patches per (z,y,x) axis
[21:55:14.497380] List of volume IDs to be processed by each GPU: [[0, 1, 2, 3, 4, 5]]
[21:55:14.497393] Positions of each volume in Z axis: {0: [0, 160], 1: [147, 307], 2: [294, 454], 3: [441, 601], 4: [588, 748], 5: [735, 895]}
[21:55:14.497402] Rank 0: Total number of patches: 126 - (6, 3, 7) patches per (z,y,x) axis (per GPU)
[21:55:15.966569] Reading Zarr/H5 file: fisbe/biapy-channel-rot-zarr/train/label/VT047848-20171020_66_I5_c021_r2_k0.zarr
[21:55:15.972595] ### 3D-OV-CROP ###
[21:55:15.972615] Cropping (401, 982, 895, 1) images into (160, 160, 160, 1) with overlapping (axis order: ZYXC). . .
[21:55:15.972624] Minimum overlap selected: (0, 0, 0)
[21:55:15.972633] Padding: (0, 0, 0)
[21:55:15.972654] Real overlapping (%): (0.24375, 0.14375, 0.08125)
[21:55:15.972664] Real overlapping (pixels): (39.0, 23.0, 13.0)
[21:55:15.972672] (3, 6, 7) patches per (z,y,x) axis
[21:55:15.972686] List of volume IDs to be processed by each GPU: [[0, 1, 2]]
[21:55:15.972698] Positions of each volume in Z axis: {0: [0, 160], 1: [121, 281], 2: [242, 401]}
[21:55:15.972707] Rank 0: Total number of patches: 126 - (3, 6, 7) patches per (z,y,x) axis (per GPU)
[21:55:17.539962] Reading Zarr/H5 file: fisbe/biapy-channel-rot-zarr/train/label/VT047848-20171020_66_I5_c021_r2_k2.zarr
[21:55:17.548746] ### 3D-OV-CROP ###
[21:55:17.548767] Cropping (401, 982, 895, 1) images into (160, 160, 160, 1) with overlapping (axis order: ZYXC). . .
[21:55:17.548777] Minimum overlap selected: (0, 0, 0)
[21:55:17.548785] Padding: (0, 0, 0)
[21:55:17.548807] Real overlapping (%): (0.24375, 0.14375, 0.08125)
[21:55:17.548817] Real overlapping (pixels): (39.0, 23.0, 13.0)
[21:55:17.548826] (3, 6, 7) patches per (z,y,x) axis
[21:55:17.548839] List of volume IDs to be processed by each GPU: [[0, 1, 2]]
[21:55:17.548851] Positions of each volume in Z axis: {0: [0, 160], 1: [121, 281], 2: [242, 401]}
[21:55:17.548860] Rank 0: Total number of patches: 126 - (3, 6, 7) patches per (z,y,x) axis (per GPU)
[21:55:19.042254] Reading Zarr/H5 file: fisbe/biapy-channel-rot-zarr/train/label/VT047848-20171020_66_I5_c021_r2_k3.zarr
[21:55:19.049160] ### 3D-OV-CROP ###
[21:55:19.049180] Cropping (401, 895, 982, 1) images into (160, 160, 160, 1) with overlapping (axis order: ZYXC). . .
[21:55:19.049189] Minimum overlap selected: (0, 0, 0)
[21:55:19.049198] Padding: (0, 0, 0)
[21:55:19.049219] Real overlapping (%): (0.24375, 0.08125, 0.14375)
[21:55:19.049229] Real overlapping (pixels): (39.0, 13.0, 23.0)
[21:55:19.049242] (3, 7, 6) patches per (z,y,x) axis
[21:55:19.049255] List of volume IDs to be processed by each GPU: [[0, 1, 2]]
[21:55:19.049266] Positions of each volume in Z axis: {0: [0, 160], 1: [121, 281], 2: [242, 401]}
[21:55:19.049275] Rank 0: Total number of patches: 126 - (3, 7, 6) patches per (z,y,x) axis (per GPU)
[21:55:20.462443] Reading Zarr/H5 file: fisbe/biapy-channel-rot-zarr/train/label/VT047848-20171020_66_I5_c201_r0_k0.zarr
[21:55:20.469642] ### 3D-OV-CROP ###
[21:55:20.469661] Cropping (401, 982, 895, 1) images into (160, 160, 160, 1) with overlapping (axis order: ZYXC). . .
[21:55:20.469670] Minimum overlap selected: (0, 0, 0)
[21:55:20.469678] Padding: (0, 0, 0)
[21:55:20.469700] Real overlapping (%): (0.24375, 0.14375, 0.08125)
[21:55:20.469710] Real overlapping (pixels): (39.0, 23.0, 13.0)
[21:55:20.469718] (3, 6, 7) patches per (z,y,x) axis
[21:55:20.469732] List of volume IDs to be processed by each GPU: [[0, 1, 2]]
[21:55:20.469744] Positions of each volume in Z axis: {0: [0, 160], 1: [121, 281], 2: [242, 401]}
[21:55:20.469753] Rank 0: Total number of patches: 126 - (3, 6, 7) patches per (z,y,x) axis (per GPU)
[21:55:21.930823] Reading Zarr/H5 file: fisbe/biapy-channel-rot-zarr/train/label/VT047848-20171020_66_I5_c201_r0_k2.zarr
[21:55:21.938592] ### 3D-OV-CROP ###
[21:55:21.938612] Cropping (401, 982, 895, 1) images into (160, 160, 160, 1) with overlapping (axis order: ZYXC). . .
[21:55:21.938622] Minimum overlap selected: (0, 0, 0)
[21:55:21.938630] Padding: (0, 0, 0)
[21:55:21.938651] Real overlapping (%): (0.24375, 0.14375, 0.08125)
[21:55:21.938662] Real overlapping (pixels): (39.0, 23.0, 13.0)
[21:55:21.938672] (3, 6, 7) patches per (z,y,x) axis
[21:55:21.938685] List of volume IDs to be processed by each GPU: [[0, 1, 2]]
[21:55:21.938696] Positions of each volume in Z axis: {0: [0, 160], 1: [121, 281], 2: [242, 401]}
[21:55:21.938706] Rank 0: Total number of patches: 126 - (3, 6, 7) patches per (z,y,x) axis (per GPU)
[21:55:23.208117] Reading Zarr/H5 file: fisbe/biapy-channel-rot-zarr/train/label/VT047848-20171020_66_I5_c201_r0_k3.zarr
[21:55:23.215018] ### 3D-OV-CROP ###
[21:55:23.215039] Cropping (982, 401, 895, 1) images into (160, 160, 160, 1) with overlapping (axis order: ZYXC). . .
[21:55:23.215049] Minimum overlap selected: (0, 0, 0)
[21:55:23.215057] Padding: (0, 0, 0)
[21:55:23.215078] Real overlapping (%): (0.14375, 0.24375, 0.08125)
[21:55:23.215089] Real overlapping (pixels): (23.0, 39.0, 13.0)
[21:55:23.215097] (7, 6, 3) patches per (z,y,x) axis
[21:55:23.215112] List of volume IDs to be processed by each GPU: [[0, 1, 2, 3, 4, 5, 6]]
[21:55:23.215125] Positions of each volume in Z axis: {0: [0, 160], 1: [137, 297], 2: [274, 434], 3: [411, 571], 4: [548, 708], 5: [685, 845], 6: [822, 982]}
[21:55:23.215135] Rank 0: Total number of patches: 126 - (7, 6, 3) patches per (z,y,x) axis (per GPU)
[21:55:24.730396] Reading Zarr/H5 file: fisbe/biapy-channel-rot-zarr/train/label/VT047848-20171020_66_I5_c201_r1_k0.zarr
[21:55:24.738318] ### 3D-OV-CROP ###
[21:55:24.738340] Cropping (401, 982, 895, 1) images into (160, 160, 160, 1) with overlapping (axis order: ZYXC). . .
[21:55:24.738350] Minimum overlap selected: (0, 0, 0)
[21:55:24.738358] Padding: (0, 0, 0)
[21:55:24.738379] Real overlapping (%): (0.24375, 0.14375, 0.08125)
[21:55:24.738390] Real overlapping (pixels): (39.0, 23.0, 13.0)
[21:55:24.738398] (3, 6, 7) patches per (z,y,x) axis
[21:55:24.738412] List of volume IDs to be processed by each GPU: [[0, 1, 2]]
[21:55:24.738430] Positions of each volume in Z axis: {0: [0, 160], 1: [121, 281], 2: [242, 401]}
[21:55:24.738441] Rank 0: Total number of patches: 126 - (3, 6, 7) patches per (z,y,x) axis (per GPU)
[21:55:26.173423] Reading Zarr/H5 file: fisbe/biapy-channel-rot-zarr/train/label/VT047848-20171020_66_I5_c201_r1_k2.zarr
[21:55:26.182112] ### 3D-OV-CROP ###
[21:55:26.182134] Cropping (401, 982, 895, 1) images into (160, 160, 160, 1) with overlapping (axis order: ZYXC). . .
[21:55:26.182144] Minimum overlap selected: (0, 0, 0)
[21:55:26.182152] Padding: (0, 0, 0)
[21:55:26.182174] Real overlapping (%): (0.24375, 0.14375, 0.08125)
[21:55:26.182185] Real overlapping (pixels): (39.0, 23.0, 13.0)
[21:55:26.182193] (3, 6, 7) patches per (z,y,x) axis
[21:55:26.182206] List of volume IDs to be processed by each GPU: [[0, 1, 2]]
[21:55:26.182218] Positions of each volume in Z axis: {0: [0, 160], 1: [121, 281], 2: [242, 401]}
[21:55:26.182228] Rank 0: Total number of patches: 126 - (3, 6, 7) patches per (z,y,x) axis (per GPU)
[21:55:27.466813] Reading Zarr/H5 file: fisbe/biapy-channel-rot-zarr/train/label/VT047848-20171020_66_I5_c201_r1_k3.zarr
[21:55:27.474446] ### 3D-OV-CROP ###
[21:55:27.474467] Cropping (895, 982, 401, 1) images into (160, 160, 160, 1) with overlapping (axis order: ZYXC). . .
[21:55:27.474476] Minimum overlap selected: (0, 0, 0)
[21:55:27.474485] Padding: (0, 0, 0)
[21:55:27.474506] Real overlapping (%): (0.08125, 0.14375, 0.24375)
[21:55:27.474517] Real overlapping (pixels): (13.0, 23.0, 39.0)
[21:55:27.474525] (6, 3, 7) patches per (z,y,x) axis
[21:55:27.474540] List of volume IDs to be processed by each GPU: [[0, 1, 2, 3, 4, 5]]
[21:55:27.474553] Positions of each volume in Z axis: {0: [0, 160], 1: [147, 307], 2: [294, 454], 3: [441, 601], 4: [588, 748], 5: [735, 895]}
[21:55:27.474562] Rank 0: Total number of patches: 126 - (6, 3, 7) patches per (z,y,x) axis (per GPU)
[21:55:28.679212] Reading Zarr/H5 file: fisbe/biapy-channel-rot-zarr/train/label/VT047848-20171020_66_I5_c201_r2_k0.zarr
[21:55:28.686806] ### 3D-OV-CROP ###
[21:55:28.686828] Cropping (401, 982, 895, 1) images into (160, 160, 160, 1) with overlapping (axis order: ZYXC). . .
[21:55:28.686838] Minimum overlap selected: (0, 0, 0)
[21:55:28.686855] Padding: (0, 0, 0)
[21:55:28.686876] Real overlapping (%): (0.24375, 0.14375, 0.08125)
[21:55:28.686886] Real overlapping (pixels): (39.0, 23.0, 13.0)
[21:55:28.686895] (3, 6, 7) patches per (z,y,x) axis
[21:55:28.686909] List of volume IDs to be processed by each GPU: [[0, 1, 2]]
[21:55:28.686921] Positions of each volume in Z axis: {0: [0, 160], 1: [121, 281], 2: [242, 401]}
[21:55:28.686930] Rank 0: Total number of patches: 126 - (3, 6, 7) patches per (z,y,x) axis (per GPU)
[21:55:30.045582] Reading Zarr/H5 file: fisbe/biapy-channel-rot-zarr/train/label/VT047848-20171020_66_I5_c201_r2_k2.zarr
[21:55:30.053320] ### 3D-OV-CROP ###
[21:55:30.053341] Cropping (401, 982, 895, 1) images into (160, 160, 160, 1) with overlapping (axis order: ZYXC). . .
[21:55:30.053350] Minimum overlap selected: (0, 0, 0)
[21:55:30.053359] Padding: (0, 0, 0)
[21:55:30.053381] Real overlapping (%): (0.24375, 0.14375, 0.08125)
[21:55:30.053392] Real overlapping (pixels): (39.0, 23.0, 13.0)
[21:55:30.053400] (3, 6, 7) patches per (z,y,x) axis
[21:55:30.053413] List of volume IDs to be processed by each GPU: [[0, 1, 2]]
[21:55:30.053424] Positions of each volume in Z axis: {0: [0, 160], 1: [121, 281], 2: [242, 401]}
[21:55:30.053433] Rank 0: Total number of patches: 126 - (3, 6, 7) patches per (z,y,x) axis (per GPU)
[21:55:31.498263] Reading Zarr/H5 file: fisbe/biapy-channel-rot-zarr/train/label/VT047848-20171020_66_I5_c201_r2_k3.zarr
[21:55:31.505044] ### 3D-OV-CROP ###
[21:55:31.505064] Cropping (401, 895, 982, 1) images into (160, 160, 160, 1) with overlapping (axis order: ZYXC). . .
[21:55:31.505074] Minimum overlap selected: (0, 0, 0)
[21:55:31.505082] Padding: (0, 0, 0)
[21:55:31.505102] Real overlapping (%): (0.24375, 0.08125, 0.14375)
[21:55:31.505113] Real overlapping (pixels): (39.0, 13.0, 23.0)
[21:55:31.505121] (3, 7, 6) patches per (z,y,x) axis
[21:55:31.505135] List of volume IDs to be processed by each GPU: [[0, 1, 2]]
[21:55:31.505153] Positions of each volume in Z axis: {0: [0, 160], 1: [121, 281], 2: [242, 401]}
[21:55:31.505163] Rank 0: Total number of patches: 126 - (3, 7, 6) patches per (z,y,x) axis (per GPU)
[21:55:32.852186] Reading Zarr/H5 file: fisbe/biapy-channel-rot-zarr/train/label/VT047848-20171020_66_I5_c210_r0_k0.zarr
[21:55:32.859577] ### 3D-OV-CROP ###
[21:55:32.859596] Cropping (401, 982, 895, 1) images into (160, 160, 160, 1) with overlapping (axis order: ZYXC). . .
[21:55:32.859605] Minimum overlap selected: (0, 0, 0)
[21:55:32.859613] Padding: (0, 0, 0)
[21:55:32.859634] Real overlapping (%): (0.24375, 0.14375, 0.08125)
[21:55:32.859645] Real overlapping (pixels): (39.0, 23.0, 13.0)
[21:55:32.859653] (3, 6, 7) patches per (z,y,x) axis
[21:55:32.859667] List of volume IDs to be processed by each GPU: [[0, 1, 2]]
[21:55:32.859678] Positions of each volume in Z axis: {0: [0, 160], 1: [121, 281], 2: [242, 401]}
[21:55:32.859688] Rank 0: Total number of patches: 126 - (3, 6, 7) patches per (z,y,x) axis (per GPU)
[21:55:34.264589] Reading Zarr/H5 file: fisbe/biapy-channel-rot-zarr/train/label/VT047848-20171020_66_I5_c210_r0_k2.zarr
[21:55:34.275120] ### 3D-OV-CROP ###
[21:55:34.275140] Cropping (401, 982, 895, 1) images into (160, 160, 160, 1) with overlapping (axis order: ZYXC). . .
[21:55:34.275150] Minimum overlap selected: (0, 0, 0)
[21:55:34.275158] Padding: (0, 0, 0)
[21:55:34.275179] Real overlapping (%): (0.24375, 0.14375, 0.08125)
[21:55:34.275190] Real overlapping (pixels): (39.0, 23.0, 13.0)
[21:55:34.275198] (3, 6, 7) patches per (z,y,x) axis
[21:55:34.275212] List of volume IDs to be processed by each GPU: [[0, 1, 2]]
[21:55:34.275223] Positions of each volume in Z axis: {0: [0, 160], 1: [121, 281], 2: [242, 401]}
[21:55:34.275238] Rank 0: Total number of patches: 126 - (3, 6, 7) patches per (z,y,x) axis (per GPU)
[21:55:35.656087] Reading Zarr/H5 file: fisbe/biapy-channel-rot-zarr/train/label/VT047848-20171020_66_I5_c210_r0_k3.zarr
[21:55:35.663939] ### 3D-OV-CROP ###
[21:55:35.663958] Cropping (982, 401, 895, 1) images into (160, 160, 160, 1) with overlapping (axis order: ZYXC). . .
[21:55:35.663967] Minimum overlap selected: (0, 0, 0)
[21:55:35.663975] Padding: (0, 0, 0)
[21:55:35.663996] Real overlapping (%): (0.14375, 0.24375, 0.08125)
[21:55:35.664007] Real overlapping (pixels): (23.0, 39.0, 13.0)
[21:55:35.664015] (7, 6, 3) patches per (z,y,x) axis
[21:55:35.664029] List of volume IDs to be processed by each GPU: [[0, 1, 2, 3, 4, 5, 6]]
[21:55:35.664042] Positions of each volume in Z axis: {0: [0, 160], 1: [137, 297], 2: [274, 434], 3: [411, 571], 4: [548, 708], 5: [685, 845], 6: [822, 982]}
[21:55:35.664052] Rank 0: Total number of patches: 126 - (7, 6, 3) patches per (z,y,x) axis (per GPU)
[21:55:36.895195] Reading Zarr/H5 file: fisbe/biapy-channel-rot-zarr/train/label/VT047848-20171020_66_I5_c210_r1_k0.zarr
[21:55:36.903254] ### 3D-OV-CROP ###
[21:55:36.903273] Cropping (401, 982, 895, 1) images into (160, 160, 160, 1) with overlapping (axis order: ZYXC). . .
[21:55:36.903282] Minimum overlap selected: (0, 0, 0)
[21:55:36.903291] Padding: (0, 0, 0)
[21:55:36.903312] Real overlapping (%): (0.24375, 0.14375, 0.08125)
[21:55:36.903322] Real overlapping (pixels): (39.0, 23.0, 13.0)
[21:55:36.903331] (3, 6, 7) patches per (z,y,x) axis
[21:55:36.903345] List of volume IDs to be processed by each GPU: [[0, 1, 2]]
[21:55:36.903357] Positions of each volume in Z axis: {0: [0, 160], 1: [121, 281], 2: [242, 401]}
[21:55:36.903366] Rank 0: Total number of patches: 126 - (3, 6, 7) patches per (z,y,x) axis (per GPU)
[21:55:38.304805] Reading Zarr/H5 file: fisbe/biapy-channel-rot-zarr/train/label/VT047848-20171020_66_I5_c210_r1_k2.zarr
[21:55:38.310600] ### 3D-OV-CROP ###
[21:55:38.310619] Cropping (401, 982, 895, 1) images into (160, 160, 160, 1) with overlapping (axis order: ZYXC). . .
[21:55:38.310629] Minimum overlap selected: (0, 0, 0)
[21:55:38.310637] Padding: (0, 0, 0)
[21:55:38.310657] Real overlapping (%): (0.24375, 0.14375, 0.08125)
[21:55:38.310667] Real overlapping (pixels): (39.0, 23.0, 13.0)
[21:55:38.310683] (3, 6, 7) patches per (z,y,x) axis
[21:55:38.310696] List of volume IDs to be processed by each GPU: [[0, 1, 2]]
[21:55:38.310707] Positions of each volume in Z axis: {0: [0, 160], 1: [121, 281], 2: [242, 401]}
[21:55:38.310717] Rank 0: Total number of patches: 126 - (3, 6, 7) patches per (z,y,x) axis (per GPU)
[21:55:39.530498] Reading Zarr/H5 file: fisbe/biapy-channel-rot-zarr/train/label/VT047848-20171020_66_I5_c210_r1_k3.zarr
[21:55:39.537185] ### 3D-OV-CROP ###
[21:55:39.537204] Cropping (895, 982, 401, 1) images into (160, 160, 160, 1) with overlapping (axis order: ZYXC). . .
[21:55:39.537214] Minimum overlap selected: (0, 0, 0)
[21:55:39.537222] Padding: (0, 0, 0)
[21:55:39.537249] Real overlapping (%): (0.08125, 0.14375, 0.24375)
[21:55:39.537260] Real overlapping (pixels): (13.0, 23.0, 39.0)
[21:55:39.537269] (6, 3, 7) patches per (z,y,x) axis
[21:55:39.537284] List of volume IDs to be processed by each GPU: [[0, 1, 2, 3, 4, 5]]
[21:55:39.537307] Positions of each volume in Z axis: {0: [0, 160], 1: [147, 307], 2: [294, 454], 3: [441, 601], 4: [588, 748], 5: [735, 895]}
[21:55:39.537317] Rank 0: Total number of patches: 126 - (6, 3, 7) patches per (z,y,x) axis (per GPU)
[21:55:40.580717] Reading Zarr/H5 file: fisbe/biapy-channel-rot-zarr/train/label/VT047848-20171020_66_I5_c210_r2_k0.zarr
[21:55:40.590871] ### 3D-OV-CROP ###
[21:55:40.590890] Cropping (401, 982, 895, 1) images into (160, 160, 160, 1) with overlapping (axis order: ZYXC). . .
[21:55:40.590899] Minimum overlap selected: (0, 0, 0)
[21:55:40.590908] Padding: (0, 0, 0)
[21:55:40.590929] Real overlapping (%): (0.24375, 0.14375, 0.08125)
[21:55:40.590939] Real overlapping (pixels): (39.0, 23.0, 13.0)
[21:55:40.590947] (3, 6, 7) patches per (z,y,x) axis
[21:55:40.590961] List of volume IDs to be processed by each GPU: [[0, 1, 2]]
[21:55:40.590973] Positions of each volume in Z axis: {0: [0, 160], 1: [121, 281], 2: [242, 401]}
[21:55:40.590982] Rank 0: Total number of patches: 126 - (3, 6, 7) patches per (z,y,x) axis (per GPU)
[21:55:41.925337] Reading Zarr/H5 file: fisbe/biapy-channel-rot-zarr/train/label/VT047848-20171020_66_I5_c210_r2_k2.zarr
[21:55:41.932062] ### 3D-OV-CROP ###
[21:55:41.932083] Cropping (401, 982, 895, 1) images into (160, 160, 160, 1) with overlapping (axis order: ZYXC). . .
[21:55:41.932093] Minimum overlap selected: (0, 0, 0)
[21:55:41.932102] Padding: (0, 0, 0)
[21:55:41.932123] Real overlapping (%): (0.24375, 0.14375, 0.08125)
[21:55:41.932134] Real overlapping (pixels): (39.0, 23.0, 13.0)
[21:55:41.932142] (3, 6, 7) patches per (z,y,x) axis
[21:55:41.932155] List of volume IDs to be processed by each GPU: [[0, 1, 2]]
[21:55:41.932166] Positions of each volume in Z axis: {0: [0, 160], 1: [121, 281], 2: [242, 401]}
[21:55:41.932176] Rank 0: Total number of patches: 126 - (3, 6, 7) patches per (z,y,x) axis (per GPU)
[21:55:43.259943] Reading Zarr/H5 file: fisbe/biapy-channel-rot-zarr/train/label/VT047848-20171020_66_I5_c210_r2_k3.zarr
[21:55:43.266356] ### 3D-OV-CROP ###
[21:55:43.266374] Cropping (401, 895, 982, 1) images into (160, 160, 160, 1) with overlapping (axis order: ZYXC). . .
[21:55:43.266384] Minimum overlap selected: (0, 0, 0)
[21:55:43.266399] Padding: (0, 0, 0)
[21:55:43.266419] Real overlapping (%): (0.24375, 0.08125, 0.14375)
[21:55:43.266429] Real overlapping (pixels): (39.0, 13.0, 23.0)
[21:55:43.266438] (3, 7, 6) patches per (z,y,x) axis
[21:55:43.266452] List of volume IDs to be processed by each GPU: [[0, 1, 2]]
[21:55:43.266463] Positions of each volume in Z axis: {0: [0, 160], 1: [121, 281], 2: [242, 401]}
[21:55:43.266472] Rank 0: Total number of patches: 126 - (3, 7, 6) patches per (z,y,x) axis (per GPU)
[21:55:44.645315] Reading Zarr/H5 file: fisbe/biapy-channel-rot-zarr/train/label/VT047848-20171020_66_J2_c120_r0_k1.zarr
[21:55:44.651158] ### 3D-OV-CROP ###
[21:55:44.651181] Cropping (934, 404, 911, 1) images into (160, 160, 160, 1) with overlapping (axis order: ZYXC). . .
[21:55:44.651191] Minimum overlap selected: (0, 0, 0)
[21:55:44.651200] Padding: (0, 0, 0)
[21:55:44.651223] Real overlapping (%): (0.03125, 0.2375, 0.05625)
[21:55:44.651247] Real overlapping (pixels): (5.0, 38.0, 9.0)
[21:55:44.651256] (6, 6, 3) patches per (z,y,x) axis
[21:55:44.651272] List of volume IDs to be processed by each GPU: [[0, 1, 2, 3, 4, 5]]
[21:55:44.651284] Positions of each volume in Z axis: {0: [0, 160], 1: [155, 315], 2: [310, 470], 3: [465, 625], 4: [620, 780], 5: [775, 934]}
[21:55:44.651294] Rank 0: Total number of patches: 108 - (6, 6, 3) patches per (z,y,x) axis (per GPU)
[21:55:45.578501] Reading Zarr/H5 file: fisbe/biapy-channel-rot-zarr/train/label/VT047848-20171020_66_J2_c120_r0_k2.zarr
[21:55:45.586893] ### 3D-OV-CROP ###
[21:55:45.586911] Cropping (404, 934, 911, 1) images into (160, 160, 160, 1) with overlapping (axis order: ZYXC). . .
[21:55:45.586921] Minimum overlap selected: (0, 0, 0)
[21:55:45.586929] Padding: (0, 0, 0)
[21:55:45.586951] Real overlapping (%): (0.2375, 0.03125, 0.05625)
[21:55:45.586961] Real overlapping (pixels): (38.0, 5.0, 9.0)
[21:55:45.586970] (3, 6, 6) patches per (z,y,x) axis
[21:55:45.586983] List of volume IDs to be processed by each GPU: [[0, 1, 2]]
[21:55:45.586994] Positions of each volume in Z axis: {0: [0, 160], 1: [122, 282], 2: [244, 404]}
[21:55:45.587003] Rank 0: Total number of patches: 108 - (3, 6, 6) patches per (z,y,x) axis (per GPU)
[21:55:46.568939] Reading Zarr/H5 file: fisbe/biapy-channel-rot-zarr/train/label/VT047848-20171020_66_J2_c120_r0_k3.zarr
[21:55:46.575251] ### 3D-OV-CROP ###
[21:55:46.575272] Cropping (934, 404, 911, 1) images into (160, 160, 160, 1) with overlapping (axis order: ZYXC). . .
[21:55:46.575291] Minimum overlap selected: (0, 0, 0)
[21:55:46.575300] Padding: (0, 0, 0)
[21:55:46.575320] Real overlapping (%): (0.03125, 0.2375, 0.05625)
[21:55:46.575330] Real overlapping (pixels): (5.0, 38.0, 9.0)
[21:55:46.575339] (6, 6, 3) patches per (z,y,x) axis
[21:55:46.575354] List of volume IDs to be processed by each GPU: [[0, 1, 2, 3, 4, 5]]
[21:55:46.575366] Positions of each volume in Z axis: {0: [0, 160], 1: [155, 315], 2: [310, 470], 3: [465, 625], 4: [620, 780], 5: [775, 934]}
[21:55:46.575376] Rank 0: Total number of patches: 108 - (6, 6, 3) patches per (z,y,x) axis (per GPU)
[21:55:47.445218] Reading Zarr/H5 file: fisbe/biapy-channel-rot-zarr/train/label/VT047848-20171020_66_J2_c120_r1_k1.zarr
[21:55:47.452592] ### 3D-OV-CROP ###
[21:55:47.452613] Cropping (911, 934, 404, 1) images into (160, 160, 160, 1) with overlapping (axis order: ZYXC). . .
[21:55:47.452622] Minimum overlap selected: (0, 0, 0)
[21:55:47.452630] Padding: (0, 0, 0)
[21:55:47.452652] Real overlapping (%): (0.05625, 0.03125, 0.2375)
[21:55:47.452662] Real overlapping (pixels): (9.0, 5.0, 38.0)
[21:55:47.452671] (6, 3, 6) patches per (z,y,x) axis
[21:55:47.452685] List of volume IDs to be processed by each GPU: [[0, 1, 2, 3, 4, 5]]
[21:55:47.452697] Positions of each volume in Z axis: {0: [0, 160], 1: [151, 311], 2: [302, 462], 3: [453, 613], 4: [604, 764], 5: [755, 911]}
[21:55:47.452706] Rank 0: Total number of patches: 108 - (6, 3, 6) patches per (z,y,x) axis (per GPU)
[21:55:48.409975] Reading Zarr/H5 file: fisbe/biapy-channel-rot-zarr/train/label/VT047848-20171020_66_J2_c120_r1_k2.zarr
[21:55:48.416455] ### 3D-OV-CROP ###
[21:55:48.416476] Cropping (404, 934, 911, 1) images into (160, 160, 160, 1) with overlapping (axis order: ZYXC). . .
[21:55:48.416486] Minimum overlap selected: (0, 0, 0)
[21:55:48.416494] Padding: (0, 0, 0)
[21:55:48.416516] Real overlapping (%): (0.2375, 0.03125, 0.05625)
[21:55:48.416527] Real overlapping (pixels): (38.0, 5.0, 9.0)
[21:55:48.416535] (3, 6, 6) patches per (z,y,x) axis
[21:55:48.416548] List of volume IDs to be processed by each GPU: [[0, 1, 2]]
[21:55:48.416559] Positions of each volume in Z axis: {0: [0, 160], 1: [122, 282], 2: [244, 404]}
[21:55:48.416569] Rank 0: Total number of patches: 108 - (3, 6, 6) patches per (z,y,x) axis (per GPU)
[21:55:49.527761] Reading Zarr/H5 file: fisbe/biapy-channel-rot-zarr/train/label/VT047848-20171020_66_J2_c120_r1_k3.zarr
[21:55:49.539803] ### 3D-OV-CROP ###
[21:55:49.539824] Cropping (911, 934, 404, 1) images into (160, 160, 160, 1) with overlapping (axis order: ZYXC). . .
[21:55:49.539841] Minimum overlap selected: (0, 0, 0)
[21:55:49.539849] Padding: (0, 0, 0)
[21:55:49.539871] Real overlapping (%): (0.05625, 0.03125, 0.2375)
[21:55:49.539882] Real overlapping (pixels): (9.0, 5.0, 38.0)
[21:55:49.539891] (6, 3, 6) patches per (z,y,x) axis
[21:55:49.539906] List of volume IDs to be processed by each GPU: [[0, 1, 2, 3, 4, 5]]
[21:55:49.539919] Positions of each volume in Z axis: {0: [0, 160], 1: [151, 311], 2: [302, 462], 3: [453, 613], 4: [604, 764], 5: [755, 911]}
[21:55:49.539928] Rank 0: Total number of patches: 108 - (6, 3, 6) patches per (z,y,x) axis (per GPU)
[21:55:50.667384] Reading Zarr/H5 file: fisbe/biapy-channel-rot-zarr/train/label/VT047848-20171020_66_J2_c120_r2_k1.zarr
[21:55:50.673822] ### 3D-OV-CROP ###
[21:55:50.673842] Cropping (404, 911, 934, 1) images into (160, 160, 160, 1) with overlapping (axis order: ZYXC). . .
[21:55:50.673852] Minimum overlap selected: (0, 0, 0)
[21:55:50.673860] Padding: (0, 0, 0)
[21:55:50.673882] Real overlapping (%): (0.2375, 0.05625, 0.03125)
[21:55:50.673892] Real overlapping (pixels): (38.0, 9.0, 5.0)
[21:55:50.673901] (3, 6, 6) patches per (z,y,x) axis
[21:55:50.673913] List of volume IDs to be processed by each GPU: [[0, 1, 2]]
[21:55:50.673925] Positions of each volume in Z axis: {0: [0, 160], 1: [122, 282], 2: [244, 404]}
[21:55:50.673935] Rank 0: Total number of patches: 108 - (3, 6, 6) patches per (z,y,x) axis (per GPU)
[21:55:51.702481] Reading Zarr/H5 file: fisbe/biapy-channel-rot-zarr/train/label/VT047848-20171020_66_J2_c120_r2_k2.zarr
[21:55:51.708762] ### 3D-OV-CROP ###
[21:55:51.708781] Cropping (404, 934, 911, 1) images into (160, 160, 160, 1) with overlapping (axis order: ZYXC). . .
[21:55:51.708790] Minimum overlap selected: (0, 0, 0)
[21:55:51.708799] Padding: (0, 0, 0)
[21:55:51.708820] Real overlapping (%): (0.2375, 0.03125, 0.05625)
[21:55:51.708830] Real overlapping (pixels): (38.0, 5.0, 9.0)
[21:55:51.708839] (3, 6, 6) patches per (z,y,x) axis
[21:55:51.708852] List of volume IDs to be processed by each GPU: [[0, 1, 2]]
[21:55:51.708864] Positions of each volume in Z axis: {0: [0, 160], 1: [122, 282], 2: [244, 404]}
[21:55:51.708873] Rank 0: Total number of patches: 108 - (3, 6, 6) patches per (z,y,x) axis (per GPU)
[21:55:52.649970] Reading Zarr/H5 file: fisbe/biapy-channel-rot-zarr/train/label/VT047848-20171020_66_J2_c120_r2_k3.zarr
[21:55:52.656247] ### 3D-OV-CROP ###
[21:55:52.656266] Cropping (404, 911, 934, 1) images into (160, 160, 160, 1) with overlapping (axis order: ZYXC). . .
[21:55:52.656275] Minimum overlap selected: (0, 0, 0)
[21:55:52.656283] Padding: (0, 0, 0)
[21:55:52.656304] Real overlapping (%): (0.2375, 0.05625, 0.03125)
[21:55:52.656315] Real overlapping (pixels): (38.0, 9.0, 5.0)
[21:55:52.656323] (3, 6, 6) patches per (z,y,x) axis
[21:55:52.656344] List of volume IDs to be processed by each GPU: [[0, 1, 2]]
[21:55:52.656355] Positions of each volume in Z axis: {0: [0, 160], 1: [122, 282], 2: [244, 404]}
[21:55:52.656364] Rank 0: Total number of patches: 108 - (3, 6, 6) patches per (z,y,x) axis (per GPU)
[21:55:53.818331] Reading Zarr/H5 file: fisbe/biapy-channel-rot-zarr/train/label/VT047848-20171020_66_J2_c201_r0_k1.zarr
[21:55:53.825403] ### 3D-OV-CROP ###
[21:55:53.825423] Cropping (934, 404, 911, 1) images into (160, 160, 160, 1) with overlapping (axis order: ZYXC). . .
[21:55:53.825433] Minimum overlap selected: (0, 0, 0)
[21:55:53.825441] Padding: (0, 0, 0)
[21:55:53.825463] Real overlapping (%): (0.03125, 0.2375, 0.05625)
[21:55:53.825473] Real overlapping (pixels): (5.0, 38.0, 9.0)
[21:55:53.825482] (6, 6, 3) patches per (z,y,x) axis
[21:55:53.825497] List of volume IDs to be processed by each GPU: [[0, 1, 2, 3, 4, 5]]
[21:55:53.825510] Positions of each volume in Z axis: {0: [0, 160], 1: [155, 315], 2: [310, 470], 3: [465, 625], 4: [620, 780], 5: [775, 934]}
[21:55:53.825519] Rank 0: Total number of patches: 108 - (6, 6, 3) patches per (z,y,x) axis (per GPU)
[21:55:54.826872] Reading Zarr/H5 file: fisbe/biapy-channel-rot-zarr/train/label/VT047848-20171020_66_J2_c201_r0_k2.zarr
[21:55:54.836349] ### 3D-OV-CROP ###
[21:55:54.836368] Cropping (404, 934, 911, 1) images into (160, 160, 160, 1) with overlapping (axis order: ZYXC). . .
[21:55:54.836378] Minimum overlap selected: (0, 0, 0)
[21:55:54.836387] Padding: (0, 0, 0)
[21:55:54.836410] Real overlapping (%): (0.2375, 0.03125, 0.05625)
[21:55:54.836420] Real overlapping (pixels): (38.0, 5.0, 9.0)
[21:55:54.836429] (3, 6, 6) patches per (z,y,x) axis
[21:55:54.836442] List of volume IDs to be processed by each GPU: [[0, 1, 2]]
[21:55:54.836454] Positions of each volume in Z axis: {0: [0, 160], 1: [122, 282], 2: [244, 404]}
[21:55:54.836463] Rank 0: Total number of patches: 108 - (3, 6, 6) patches per (z,y,x) axis (per GPU)
[21:55:55.797534] Reading Zarr/H5 file: fisbe/biapy-channel-rot-zarr/train/label/VT047848-20171020_66_J2_c201_r0_k3.zarr
[21:55:55.805882] ### 3D-OV-CROP ###
[21:55:55.805900] Cropping (934, 404, 911, 1) images into (160, 160, 160, 1) with overlapping (axis order: ZYXC). . .
[21:55:55.805910] Minimum overlap selected: (0, 0, 0)
[21:55:55.805918] Padding: (0, 0, 0)
[21:55:55.805938] Real overlapping (%): (0.03125, 0.2375, 0.05625)
[21:55:55.805948] Real overlapping (pixels): (5.0, 38.0, 9.0)
[21:55:55.805956] (6, 6, 3) patches per (z,y,x) axis
[21:55:55.805971] List of volume IDs to be processed by each GPU: [[0, 1, 2, 3, 4, 5]]
[21:55:55.805983] Positions of each volume in Z axis: {0: [0, 160], 1: [155, 315], 2: [310, 470], 3: [465, 625], 4: [620, 780], 5: [775, 934]}
[21:55:55.806000] Rank 0: Total number of patches: 108 - (6, 6, 3) patches per (z,y,x) axis (per GPU)
[21:55:56.710801] Reading Zarr/H5 file: fisbe/biapy-channel-rot-zarr/train/label/VT047848-20171020_66_J2_c201_r1_k1.zarr
[21:55:56.717131] ### 3D-OV-CROP ###
[21:55:56.717154] Cropping (911, 934, 404, 1) images into (160, 160, 160, 1) with overlapping (axis order: ZYXC). . .
[21:55:56.717163] Minimum overlap selected: (0, 0, 0)
[21:55:56.717172] Padding: (0, 0, 0)
[21:55:56.717193] Real overlapping (%): (0.05625, 0.03125, 0.2375)
[21:55:56.717203] Real overlapping (pixels): (9.0, 5.0, 38.0)
[21:55:56.717211] (6, 3, 6) patches per (z,y,x) axis
[21:55:56.717226] List of volume IDs to be processed by each GPU: [[0, 1, 2, 3, 4, 5]]
[21:55:56.717244] Positions of each volume in Z axis: {0: [0, 160], 1: [151, 311], 2: [302, 462], 3: [453, 613], 4: [604, 764], 5: [755, 911]}
[21:55:56.717253] Rank 0: Total number of patches: 108 - (6, 3, 6) patches per (z,y,x) axis (per GPU)
[21:55:57.675055] Reading Zarr/H5 file: fisbe/biapy-channel-rot-zarr/train/label/VT047848-20171020_66_J2_c201_r1_k2.zarr
[21:55:57.682865] ### 3D-OV-CROP ###
[21:55:57.682885] Cropping (404, 934, 911, 1) images into (160, 160, 160, 1) with overlapping (axis order: ZYXC). . .
[21:55:57.682895] Minimum overlap selected: (0, 0, 0)
[21:55:57.682902] Padding: (0, 0, 0)
[21:55:57.682923] Real overlapping (%): (0.2375, 0.03125, 0.05625)
[21:55:57.682933] Real overlapping (pixels): (38.0, 5.0, 9.0)
[21:55:57.682941] (3, 6, 6) patches per (z,y,x) axis
[21:55:57.682954] List of volume IDs to be processed by each GPU: [[0, 1, 2]]
[21:55:57.682966] Positions of each volume in Z axis: {0: [0, 160], 1: [122, 282], 2: [244, 404]}
[21:55:57.682975] Rank 0: Total number of patches: 108 - (3, 6, 6) patches per (z,y,x) axis (per GPU)
[21:55:58.530223] Reading Zarr/H5 file: fisbe/biapy-channel-rot-zarr/train/label/VT047848-20171020_66_J2_c201_r1_k3.zarr
[21:55:58.536243] ### 3D-OV-CROP ###
[21:55:58.536262] Cropping (911, 934, 404, 1) images into (160, 160, 160, 1) with overlapping (axis order: ZYXC). . .
[21:55:58.536272] Minimum overlap selected: (0, 0, 0)
[21:55:58.536280] Padding: (0, 0, 0)
[21:55:58.536302] Real overlapping (%): (0.05625, 0.03125, 0.2375)
[21:55:58.536313] Real overlapping (pixels): (9.0, 5.0, 38.0)
[21:55:58.536321] (6, 3, 6) patches per (z,y,x) axis
[21:55:58.536336] List of volume IDs to be processed by each GPU: [[0, 1, 2, 3, 4, 5]]
[21:55:58.536348] Positions of each volume in Z axis: {0: [0, 160], 1: [151, 311], 2: [302, 462], 3: [453, 613], 4: [604, 764], 5: [755, 911]}
[21:55:58.536368] Rank 0: Total number of patches: 108 - (6, 3, 6) patches per (z,y,x) axis (per GPU)
[21:55:59.336775] Reading Zarr/H5 file: fisbe/biapy-channel-rot-zarr/train/label/VT047848-20171020_66_J2_c201_r2_k1.zarr
[21:55:59.345330] ### 3D-OV-CROP ###
[21:55:59.345351] Cropping (404, 911, 934, 1) images into (160, 160, 160, 1) with overlapping (axis order: ZYXC). . .
[21:55:59.345361] Minimum overlap selected: (0, 0, 0)
[21:55:59.345370] Padding: (0, 0, 0)
[21:55:59.345393] Real overlapping (%): (0.2375, 0.05625, 0.03125)
[21:55:59.345403] Real overlapping (pixels): (38.0, 9.0, 5.0)
[21:55:59.345412] (3, 6, 6) patches per (z,y,x) axis
[21:55:59.345425] List of volume IDs to be processed by each GPU: [[0, 1, 2]]
[21:55:59.345437] Positions of each volume in Z axis: {0: [0, 160], 1: [122, 282], 2: [244, 404]}
[21:55:59.345445] Rank 0: Total number of patches: 108 - (3, 6, 6) patches per (z,y,x) axis (per GPU)
[21:56:00.276267] Reading Zarr/H5 file: fisbe/biapy-channel-rot-zarr/train/label/VT047848-20171020_66_J2_c201_r2_k2.zarr
[21:56:00.283550] ### 3D-OV-CROP ###
[21:56:00.283571] Cropping (404, 934, 911, 1) images into (160, 160, 160, 1) with overlapping (axis order: ZYXC). . .
[21:56:00.283582] Minimum overlap selected: (0, 0, 0)
[21:56:00.283591] Padding: (0, 0, 0)
[21:56:00.283612] Real overlapping (%): (0.2375, 0.03125, 0.05625)
[21:56:00.283623] Real overlapping (pixels): (38.0, 5.0, 9.0)
[21:56:00.283632] (3, 6, 6) patches per (z,y,x) axis
[21:56:00.283645] List of volume IDs to be processed by each GPU: [[0, 1, 2]]
[21:56:00.283656] Positions of each volume in Z axis: {0: [0, 160], 1: [122, 282], 2: [244, 404]}
[21:56:00.283666] Rank 0: Total number of patches: 108 - (3, 6, 6) patches per (z,y,x) axis (per GPU)
[21:56:01.172798] Reading Zarr/H5 file: fisbe/biapy-channel-rot-zarr/train/label/VT047848-20171020_66_J2_c201_r2_k3.zarr
[21:56:01.179605] ### 3D-OV-CROP ###
[21:56:01.179625] Cropping (404, 911, 934, 1) images into (160, 160, 160, 1) with overlapping (axis order: ZYXC). . .
[21:56:01.179635] Minimum overlap selected: (0, 0, 0)
[21:56:01.179644] Padding: (0, 0, 0)
[21:56:01.179665] Real overlapping (%): (0.2375, 0.05625, 0.03125)
[21:56:01.179675] Real overlapping (pixels): (38.0, 9.0, 5.0)
[21:56:01.179684] (3, 6, 6) patches per (z,y,x) axis
[21:56:01.179698] List of volume IDs to be processed by each GPU: [[0, 1, 2]]
[21:56:01.179709] Positions of each volume in Z axis: {0: [0, 160], 1: [122, 282], 2: [244, 404]}
[21:56:01.179718] Rank 0: Total number of patches: 108 - (3, 6, 6) patches per (z,y,x) axis (per GPU)
[21:56:02.068314] Reading Zarr/H5 file: fisbe/biapy-channel-rot-zarr/train/label/VT047848-20171020_66_J2_c210_r0_k1.zarr
[21:56:02.076026] ### 3D-OV-CROP ###
[21:56:02.076045] Cropping (934, 404, 911, 1) images into (160, 160, 160, 1) with overlapping (axis order: ZYXC). . .
[21:56:02.076054] Minimum overlap selected: (0, 0, 0)
[21:56:02.076062] Padding: (0, 0, 0)
[21:56:02.076084] Real overlapping (%): (0.03125, 0.2375, 0.05625)
[21:56:02.076094] Real overlapping (pixels): (5.0, 38.0, 9.0)
[21:56:02.076103] (6, 6, 3) patches per (z,y,x) axis
[21:56:02.076118] List of volume IDs to be processed by each GPU: [[0, 1, 2, 3, 4, 5]]
[21:56:02.076130] Positions of each volume in Z axis: {0: [0, 160], 1: [155, 315], 2: [310, 470], 3: [465, 625], 4: [620, 780], 5: [775, 934]}
[21:56:02.076140] Rank 0: Total number of patches: 108 - (6, 6, 3) patches per (z,y,x) axis (per GPU)
[21:56:02.944385] Reading Zarr/H5 file: fisbe/biapy-channel-rot-zarr/train/label/VT047848-20171020_66_J2_c210_r0_k2.zarr
[21:56:02.950711] ### 3D-OV-CROP ###
[21:56:02.950731] Cropping (404, 934, 911, 1) images into (160, 160, 160, 1) with overlapping (axis order: ZYXC). . .
[21:56:02.950741] Minimum overlap selected: (0, 0, 0)
[21:56:02.950749] Padding: (0, 0, 0)
[21:56:02.950772] Real overlapping (%): (0.2375, 0.03125, 0.05625)
[21:56:02.950782] Real overlapping (pixels): (38.0, 5.0, 9.0)
[21:56:02.950791] (3, 6, 6) patches per (z,y,x) axis
[21:56:02.950805] List of volume IDs to be processed by each GPU: [[0, 1, 2]]
[21:56:02.950824] Positions of each volume in Z axis: {0: [0, 160], 1: [122, 282], 2: [244, 404]}
[21:56:02.950834] Rank 0: Total number of patches: 108 - (3, 6, 6) patches per (z,y,x) axis (per GPU)
[21:56:03.805987] Reading Zarr/H5 file: fisbe/biapy-channel-rot-zarr/train/label/VT047848-20171020_66_J2_c210_r0_k3.zarr
[21:56:03.813303] ### 3D-OV-CROP ###
[21:56:03.813324] Cropping (934, 404, 911, 1) images into (160, 160, 160, 1) with overlapping (axis order: ZYXC). . .
[21:56:03.813334] Minimum overlap selected: (0, 0, 0)
[21:56:03.813342] Padding: (0, 0, 0)
[21:56:03.813363] Real overlapping (%): (0.03125, 0.2375, 0.05625)
[21:56:03.813373] Real overlapping (pixels): (5.0, 38.0, 9.0)
[21:56:03.813381] (6, 6, 3) patches per (z,y,x) axis
[21:56:03.813397] List of volume IDs to be processed by each GPU: [[0, 1, 2, 3, 4, 5]]
[21:56:03.813409] Positions of each volume in Z axis: {0: [0, 160], 1: [155, 315], 2: [310, 470], 3: [465, 625], 4: [620, 780], 5: [775, 934]}
[21:56:03.813419] Rank 0: Total number of patches: 108 - (6, 6, 3) patches per (z,y,x) axis (per GPU)
[21:56:04.868719] Reading Zarr/H5 file: fisbe/biapy-channel-rot-zarr/train/label/VT047848-20171020_66_J2_c210_r1_k1.zarr
[21:56:04.878329] ### 3D-OV-CROP ###
[21:56:04.878350] Cropping (911, 934, 404, 1) images into (160, 160, 160, 1) with overlapping (axis order: ZYXC). . .
[21:56:04.878360] Minimum overlap selected: (0, 0, 0)
[21:56:04.878368] Padding: (0, 0, 0)
[21:56:04.878390] Real overlapping (%): (0.05625, 0.03125, 0.2375)
[21:56:04.878400] Real overlapping (pixels): (9.0, 5.0, 38.0)
[21:56:04.878408] (6, 3, 6) patches per (z,y,x) axis
[21:56:04.878422] List of volume IDs to be processed by each GPU: [[0, 1, 2, 3, 4, 5]]
[21:56:04.878435] Positions of each volume in Z axis: {0: [0, 160], 1: [151, 311], 2: [302, 462], 3: [453, 613], 4: [604, 764], 5: [755, 911]}
[21:56:04.878445] Rank 0: Total number of patches: 108 - (6, 3, 6) patches per (z,y,x) axis (per GPU)
[21:56:05.849301] Reading Zarr/H5 file: fisbe/biapy-channel-rot-zarr/train/label/VT047848-20171020_66_J2_c210_r1_k2.zarr
[21:56:05.856860] ### 3D-OV-CROP ###
[21:56:05.856881] Cropping (404, 934, 911, 1) images into (160, 160, 160, 1) with overlapping (axis order: ZYXC). . .
[21:56:05.856891] Minimum overlap selected: (0, 0, 0)
[21:56:05.856900] Padding: (0, 0, 0)
[21:56:05.856922] Real overlapping (%): (0.2375, 0.03125, 0.05625)
[21:56:05.856932] Real overlapping (pixels): (38.0, 5.0, 9.0)
[21:56:05.856940] (3, 6, 6) patches per (z,y,x) axis
[21:56:05.856954] List of volume IDs to be processed by each GPU: [[0, 1, 2]]
[21:56:05.856966] Positions of each volume in Z axis: {0: [0, 160], 1: [122, 282], 2: [244, 404]}
[21:56:05.856975] Rank 0: Total number of patches: 108 - (3, 6, 6) patches per (z,y,x) axis (per GPU)
[21:56:06.836862] Reading Zarr/H5 file: fisbe/biapy-channel-rot-zarr/train/label/VT047848-20171020_66_J2_c210_r1_k3.zarr
[21:56:06.844222] ### 3D-OV-CROP ###
[21:56:06.844250] Cropping (911, 934, 404, 1) images into (160, 160, 160, 1) with overlapping (axis order: ZYXC). . .
[21:56:06.844260] Minimum overlap selected: (0, 0, 0)
[21:56:06.844268] Padding: (0, 0, 0)
[21:56:06.844291] Real overlapping (%): (0.05625, 0.03125, 0.2375)
[21:56:06.844301] Real overlapping (pixels): (9.0, 5.0, 38.0)
[21:56:06.844310] (6, 3, 6) patches per (z,y,x) axis
[21:56:06.844324] List of volume IDs to be processed by each GPU: [[0, 1, 2, 3, 4, 5]]
[21:56:06.844336] Positions of each volume in Z axis: {0: [0, 160], 1: [151, 311], 2: [302, 462], 3: [453, 613], 4: [604, 764], 5: [755, 911]}
[21:56:06.844346] Rank 0: Total number of patches: 108 - (6, 3, 6) patches per (z,y,x) axis (per GPU)
[21:56:07.749898] Reading Zarr/H5 file: fisbe/biapy-channel-rot-zarr/train/label/VT047848-20171020_66_J2_c210_r2_k1.zarr
[21:56:07.756606] ### 3D-OV-CROP ###
[21:56:07.756629] Cropping (404, 911, 934, 1) images into (160, 160, 160, 1) with overlapping (axis order: ZYXC). . .
[21:56:07.756639] Minimum overlap selected: (0, 0, 0)
[21:56:07.756648] Padding: (0, 0, 0)
[21:56:07.756675] Real overlapping (%): (0.2375, 0.05625, 0.03125)
[21:56:07.756685] Real overlapping (pixels): (38.0, 9.0, 5.0)
[21:56:07.756694] (3, 6, 6) patches per (z,y,x) axis
[21:56:07.756707] List of volume IDs to be processed by each GPU: [[0, 1, 2]]
[21:56:07.756719] Positions of each volume in Z axis: {0: [0, 160], 1: [122, 282], 2: [244, 404]}
[21:56:07.756728] Rank 0: Total number of patches: 108 - (3, 6, 6) patches per (z,y,x) axis (per GPU)
[21:56:08.827517] Reading Zarr/H5 file: fisbe/biapy-channel-rot-zarr/train/label/VT047848-20171020_66_J2_c210_r2_k2.zarr
[21:56:08.835252] ### 3D-OV-CROP ###
[21:56:08.835272] Cropping (404, 934, 911, 1) images into (160, 160, 160, 1) with overlapping (axis order: ZYXC). . .
[21:56:08.835281] Minimum overlap selected: (0, 0, 0)
[21:56:08.835290] Padding: (0, 0, 0)
[21:56:08.835312] Real overlapping (%): (0.2375, 0.03125, 0.05625)
[21:56:08.835322] Real overlapping (pixels): (38.0, 5.0, 9.0)
[21:56:08.835330] (3, 6, 6) patches per (z,y,x) axis
[21:56:08.835343] List of volume IDs to be processed by each GPU: [[0, 1, 2]]
[21:56:08.835354] Positions of each volume in Z axis: {0: [0, 160], 1: [122, 282], 2: [244, 404]}
[21:56:08.835364] Rank 0: Total number of patches: 108 - (3, 6, 6) patches per (z,y,x) axis (per GPU)
[21:56:09.911678] Reading Zarr/H5 file: fisbe/biapy-channel-rot-zarr/train/label/VT047848-20171020_66_J2_c210_r2_k3.zarr
[21:56:09.921584] ### 3D-OV-CROP ###
[21:56:09.921603] Cropping (404, 911, 934, 1) images into (160, 160, 160, 1) with overlapping (axis order: ZYXC). . .
[21:56:09.921612] Minimum overlap selected: (0, 0, 0)
[21:56:09.921620] Padding: (0, 0, 0)
[21:56:09.921640] Real overlapping (%): (0.2375, 0.05625, 0.03125)
[21:56:09.921651] Real overlapping (pixels): (38.0, 9.0, 5.0)
[21:56:09.921660] (3, 6, 6) patches per (z,y,x) axis
[21:56:09.921674] List of volume IDs to be processed by each GPU: [[0, 1, 2]]
[21:56:09.921685] Positions of each volume in Z axis: {0: [0, 160], 1: [122, 282], 2: [244, 404]}
[21:56:09.921694] Rank 0: Total number of patches: 108 - (3, 6, 6) patches per (z,y,x) axis (per GPU)
[21:56:11.050394] Reading Zarr/H5 file: fisbe/biapy-channel-rot-zarr/train/label/VT061467-20180911_62_E5_c012_r0_k0.zarr
[21:56:11.059746] ### 3D-OV-CROP ###
[21:56:11.059774] Cropping (423, 687, 684, 1) images into (160, 160, 160, 1) with overlapping (axis order: ZYXC). . .
[21:56:11.059784] Minimum overlap selected: (0, 0, 0)
[21:56:11.059792] Padding: (0, 0, 0)
[21:56:11.059813] Real overlapping (%): (0.175, 0.175, 0.18125)
[21:56:11.059823] Real overlapping (pixels): (28.0, 28.0, 29.0)
[21:56:11.059831] (3, 5, 5) patches per (z,y,x) axis
[21:56:11.059845] List of volume IDs to be processed by each GPU: [[0, 1, 2]]
[21:56:11.059856] Positions of each volume in Z axis: {0: [0, 160], 1: [132, 292], 2: [264, 423]}
[21:56:11.059866] Rank 0: Total number of patches: 75 - (3, 5, 5) patches per (z,y,x) axis (per GPU)
[21:56:11.795591] Reading Zarr/H5 file: fisbe/biapy-channel-rot-zarr/train/label/VT061467-20180911_62_E5_c012_r0_k2.zarr
[21:56:11.803168] ### 3D-OV-CROP ###
[21:56:11.803190] Cropping (423, 687, 684, 1) images into (160, 160, 160, 1) with overlapping (axis order: ZYXC). . .
[21:56:11.803199] Minimum overlap selected: (0, 0, 0)
[21:56:11.803208] Padding: (0, 0, 0)
[21:56:11.803228] Real overlapping (%): (0.175, 0.175, 0.18125)
[21:56:11.803243] Real overlapping (pixels): (28.0, 28.0, 29.0)
[21:56:11.803251] (3, 5, 5) patches per (z,y,x) axis
[21:56:11.803264] List of volume IDs to be processed by each GPU: [[0, 1, 2]]
[21:56:11.803276] Positions of each volume in Z axis: {0: [0, 160], 1: [132, 292], 2: [264, 423]}
[21:56:11.803285] Rank 0: Total number of patches: 75 - (3, 5, 5) patches per (z,y,x) axis (per GPU)
[21:56:12.475921] Reading Zarr/H5 file: fisbe/biapy-channel-rot-zarr/train/label/VT061467-20180911_62_E5_c012_r0_k3.zarr
[21:56:12.484094] ### 3D-OV-CROP ###
[21:56:12.484113] Cropping (687, 423, 684, 1) images into (160, 160, 160, 1) with overlapping (axis order: ZYXC). . .
[21:56:12.484123] Minimum overlap selected: (0, 0, 0)
[21:56:12.484138] Padding: (0, 0, 0)
[21:56:12.484159] Real overlapping (%): (0.175, 0.175, 0.18125)
[21:56:12.484169] Real overlapping (pixels): (28.0, 28.0, 29.0)
[21:56:12.484176] (5, 5, 3) patches per (z,y,x) axis
[21:56:12.484190] List of volume IDs to be processed by each GPU: [[0, 1, 2, 3, 4]]
[21:56:12.484203] Positions of each volume in Z axis: {0: [0, 160], 1: [132, 292], 2: [264, 424], 3: [396, 556], 4: [528, 687]}
[21:56:12.484211] Rank 0: Total number of patches: 75 - (5, 5, 3) patches per (z,y,x) axis (per GPU)
[21:56:13.146658] Reading Zarr/H5 file: fisbe/biapy-channel-rot-zarr/train/label/VT061467-20180911_62_E5_c012_r1_k0.zarr
[21:56:13.153262] ### 3D-OV-CROP ###
[21:56:13.153284] Cropping (423, 687, 684, 1) images into (160, 160, 160, 1) with overlapping (axis order: ZYXC). . .
[21:56:13.153294] Minimum overlap selected: (0, 0, 0)
[21:56:13.153303] Padding: (0, 0, 0)
[21:56:13.153324] Real overlapping (%): (0.175, 0.175, 0.18125)
[21:56:13.153335] Real overlapping (pixels): (28.0, 28.0, 29.0)
[21:56:13.153343] (3, 5, 5) patches per (z,y,x) axis
[21:56:13.153357] List of volume IDs to be processed by each GPU: [[0, 1, 2]]
[21:56:13.153369] Positions of each volume in Z axis: {0: [0, 160], 1: [132, 292], 2: [264, 423]}
[21:56:13.153383] Rank 0: Total number of patches: 75 - (3, 5, 5) patches per (z,y,x) axis (per GPU)
[21:56:13.842040] Reading Zarr/H5 file: fisbe/biapy-channel-rot-zarr/train/label/VT061467-20180911_62_E5_c012_r1_k2.zarr
[21:56:13.849700] ### 3D-OV-CROP ###
[21:56:13.849720] Cropping (423, 687, 684, 1) images into (160, 160, 160, 1) with overlapping (axis order: ZYXC). . .
[21:56:13.849730] Minimum overlap selected: (0, 0, 0)
[21:56:13.849739] Padding: (0, 0, 0)
[21:56:13.849760] Real overlapping (%): (0.175, 0.175, 0.18125)
[21:56:13.849769] Real overlapping (pixels): (28.0, 28.0, 29.0)
[21:56:13.849778] (3, 5, 5) patches per (z,y,x) axis
[21:56:13.849792] List of volume IDs to be processed by each GPU: [[0, 1, 2]]
[21:56:13.849804] Positions of each volume in Z axis: {0: [0, 160], 1: [132, 292], 2: [264, 423]}
[21:56:13.849813] Rank 0: Total number of patches: 75 - (3, 5, 5) patches per (z,y,x) axis (per GPU)
[21:56:14.539741] Reading Zarr/H5 file: fisbe/biapy-channel-rot-zarr/train/label/VT061467-20180911_62_E5_c012_r1_k3.zarr
[21:56:14.549117] ### 3D-OV-CROP ###
[21:56:14.549139] Cropping (684, 687, 423, 1) images into (160, 160, 160, 1) with overlapping (axis order: ZYXC). . .
[21:56:14.549149] Minimum overlap selected: (0, 0, 0)
[21:56:14.549158] Padding: (0, 0, 0)
[21:56:14.549179] Real overlapping (%): (0.18125, 0.175, 0.175)
[21:56:14.549189] Real overlapping (pixels): (29.0, 28.0, 28.0)
[21:56:14.549197] (5, 3, 5) patches per (z,y,x) axis
[21:56:14.549211] List of volume IDs to be processed by each GPU: [[0, 1, 2, 3, 4]]
[21:56:14.549223] Positions of each volume in Z axis: {0: [0, 160], 1: [131, 291], 2: [262, 422], 3: [393, 553], 4: [524, 684]}
[21:56:14.549240] Rank 0: Total number of patches: 75 - (5, 3, 5) patches per (z,y,x) axis (per GPU)
[21:56:15.457622] Reading Zarr/H5 file: fisbe/biapy-channel-rot-zarr/train/label/VT061467-20180911_62_E5_c012_r2_k0.zarr
[21:56:15.468046] ### 3D-OV-CROP ###
[21:56:15.468066] Cropping (423, 687, 684, 1) images into (160, 160, 160, 1) with overlapping (axis order: ZYXC). . .
[21:56:15.468076] Minimum overlap selected: (0, 0, 0)
[21:56:15.468084] Padding: (0, 0, 0)
[21:56:15.468105] Real overlapping (%): (0.175, 0.175, 0.18125)
[21:56:15.468115] Real overlapping (pixels): (28.0, 28.0, 29.0)
[21:56:15.468123] (3, 5, 5) patches per (z,y,x) axis
[21:56:15.468137] List of volume IDs to be processed by each GPU: [[0, 1, 2]]
[21:56:15.468149] Positions of each volume in Z axis: {0: [0, 160], 1: [132, 292], 2: [264, 423]}
[21:56:15.468158] Rank 0: Total number of patches: 75 - (3, 5, 5) patches per (z,y,x) axis (per GPU)
[21:56:16.453085] Reading Zarr/H5 file: fisbe/biapy-channel-rot-zarr/train/label/VT061467-20180911_62_E5_c012_r2_k2.zarr
[21:56:16.464603] ### 3D-OV-CROP ###
[21:56:16.464625] Cropping (423, 687, 684, 1) images into (160, 160, 160, 1) with overlapping (axis order: ZYXC). . .
[21:56:16.464639] Minimum overlap selected: (0, 0, 0)
[21:56:16.464648] Padding: (0, 0, 0)
[21:56:16.464670] Real overlapping (%): (0.175, 0.175, 0.18125)
[21:56:16.464681] Real overlapping (pixels): (28.0, 28.0, 29.0)
[21:56:16.464689] (3, 5, 5) patches per (z,y,x) axis
[21:56:16.464704] List of volume IDs to be processed by each GPU: [[0, 1, 2]]
[21:56:16.464716] Positions of each volume in Z axis: {0: [0, 160], 1: [132, 292], 2: [264, 423]}
[21:56:16.464725] Rank 0: Total number of patches: 75 - (3, 5, 5) patches per (z,y,x) axis (per GPU)
[21:56:17.134854] Reading Zarr/H5 file: fisbe/biapy-channel-rot-zarr/train/label/VT061467-20180911_62_E5_c012_r2_k3.zarr
[21:56:17.143839] ### 3D-OV-CROP ###
[21:56:17.143870] Cropping (423, 684, 687, 1) images into (160, 160, 160, 1) with overlapping (axis order: ZYXC). . .
[21:56:17.143880] Minimum overlap selected: (0, 0, 0)
[21:56:17.143889] Padding: (0, 0, 0)
[21:56:17.143911] Real overlapping (%): (0.175, 0.18125, 0.175)
[21:56:17.143922] Real overlapping (pixels): (28.0, 29.0, 28.0)
[21:56:17.143930] (3, 5, 5) patches per (z,y,x) axis
[21:56:17.143944] List of volume IDs to be processed by each GPU: [[0, 1, 2]]
[21:56:17.143955] Positions of each volume in Z axis: {0: [0, 160], 1: [132, 292], 2: [264, 423]}
[21:56:17.143965] Rank 0: Total number of patches: 75 - (3, 5, 5) patches per (z,y,x) axis (per GPU)
[21:56:17.936053] Reading Zarr/H5 file: fisbe/biapy-channel-rot-zarr/train/label/VT061467-20180911_62_E5_c102_r0_k0.zarr
[21:56:17.946056] ### 3D-OV-CROP ###
[21:56:17.946080] Cropping (423, 687, 684, 1) images into (160, 160, 160, 1) with overlapping (axis order: ZYXC). . .
[21:56:17.946089] Minimum overlap selected: (0, 0, 0)
[21:56:17.946098] Padding: (0, 0, 0)
[21:56:17.946119] Real overlapping (%): (0.175, 0.175, 0.18125)
[21:56:17.946130] Real overlapping (pixels): (28.0, 28.0, 29.0)
[21:56:17.946138] (3, 5, 5) patches per (z,y,x) axis
[21:56:17.946151] List of volume IDs to be processed by each GPU: [[0, 1, 2]]
[21:56:17.946163] Positions of each volume in Z axis: {0: [0, 160], 1: [132, 292], 2: [264, 423]}
[21:56:17.946172] Rank 0: Total number of patches: 75 - (3, 5, 5) patches per (z,y,x) axis (per GPU)
[21:56:18.895290] Reading Zarr/H5 file: fisbe/biapy-channel-rot-zarr/train/label/VT061467-20180911_62_E5_c102_r0_k2.zarr
[21:56:18.908521] ### 3D-OV-CROP ###
[21:56:18.908545] Cropping (423, 687, 684, 1) images into (160, 160, 160, 1) with overlapping (axis order: ZYXC). . .
[21:56:18.908555] Minimum overlap selected: (0, 0, 0)
[21:56:18.908563] Padding: (0, 0, 0)
[21:56:18.908586] Real overlapping (%): (0.175, 0.175, 0.18125)
[21:56:18.908596] Real overlapping (pixels): (28.0, 28.0, 29.0)
[21:56:18.908604] (3, 5, 5) patches per (z,y,x) axis
[21:56:18.908619] List of volume IDs to be processed by each GPU: [[0, 1, 2]]
[21:56:18.908641] Positions of each volume in Z axis: {0: [0, 160], 1: [132, 292], 2: [264, 423]}
[21:56:18.908651] Rank 0: Total number of patches: 75 - (3, 5, 5) patches per (z,y,x) axis (per GPU)
[21:56:19.506719] Reading Zarr/H5 file: fisbe/biapy-channel-rot-zarr/train/label/VT061467-20180911_62_E5_c102_r0_k3.zarr
[21:56:19.517339] ### 3D-OV-CROP ###
[21:56:19.517360] Cropping (687, 423, 684, 1) images into (160, 160, 160, 1) with overlapping (axis order: ZYXC). . .
[21:56:19.517370] Minimum overlap selected: (0, 0, 0)
[21:56:19.517379] Padding: (0, 0, 0)
[21:56:19.517399] Real overlapping (%): (0.175, 0.175, 0.18125)
[21:56:19.517409] Real overlapping (pixels): (28.0, 28.0, 29.0)
[21:56:19.517417] (5, 5, 3) patches per (z,y,x) axis
[21:56:19.517432] List of volume IDs to be processed by each GPU: [[0, 1, 2, 3, 4]]
[21:56:19.517445] Positions of each volume in Z axis: {0: [0, 160], 1: [132, 292], 2: [264, 424], 3: [396, 556], 4: [528, 687]}
[21:56:19.517454] Rank 0: Total number of patches: 75 - (5, 5, 3) patches per (z,y,x) axis (per GPU)
[21:56:20.273531] Reading Zarr/H5 file: fisbe/biapy-channel-rot-zarr/train/label/VT061467-20180911_62_E5_c102_r1_k0.zarr
[21:56:20.283189] ### 3D-OV-CROP ###
[21:56:20.283221] Cropping (423, 687, 684, 1) images into (160, 160, 160, 1) with overlapping (axis order: ZYXC). . .
[21:56:20.283237] Minimum overlap selected: (0, 0, 0)
[21:56:20.283246] Padding: (0, 0, 0)
[21:56:20.283267] Real overlapping (%): (0.175, 0.175, 0.18125)
[21:56:20.283277] Real overlapping (pixels): (28.0, 28.0, 29.0)
[21:56:20.283286] (3, 5, 5) patches per (z,y,x) axis
[21:56:20.283300] List of volume IDs to be processed by each GPU: [[0, 1, 2]]
[21:56:20.283312] Positions of each volume in Z axis: {0: [0, 160], 1: [132, 292], 2: [264, 423]}
[21:56:20.283321] Rank 0: Total number of patches: 75 - (3, 5, 5) patches per (z,y,x) axis (per GPU)
[21:56:20.989216] Reading Zarr/H5 file: fisbe/biapy-channel-rot-zarr/train/label/VT061467-20180911_62_E5_c102_r1_k2.zarr
[21:56:21.004836] ### 3D-OV-CROP ###
[21:56:21.004858] Cropping (423, 687, 684, 1) images into (160, 160, 160, 1) with overlapping (axis order: ZYXC). . .
[21:56:21.004868] Minimum overlap selected: (0, 0, 0)
[21:56:21.004876] Padding: (0, 0, 0)
[21:56:21.004897] Real overlapping (%): (0.175, 0.175, 0.18125)
[21:56:21.004908] Real overlapping (pixels): (28.0, 28.0, 29.0)
[21:56:21.004916] (3, 5, 5) patches per (z,y,x) axis
[21:56:21.004930] List of volume IDs to be processed by each GPU: [[0, 1, 2]]
[21:56:21.004941] Positions of each volume in Z axis: {0: [0, 160], 1: [132, 292], 2: [264, 423]}
[21:56:21.004952] Rank 0: Total number of patches: 75 - (3, 5, 5) patches per (z,y,x) axis (per GPU)
[21:56:21.560009] Reading Zarr/H5 file: fisbe/biapy-channel-rot-zarr/train/label/VT061467-20180911_62_E5_c102_r1_k3.zarr
[21:56:21.569346] ### 3D-OV-CROP ###
[21:56:21.569366] Cropping (684, 687, 423, 1) images into (160, 160, 160, 1) with overlapping (axis order: ZYXC). . .
[21:56:21.569376] Minimum overlap selected: (0, 0, 0)
[21:56:21.569385] Padding: (0, 0, 0)
[21:56:21.569406] Real overlapping (%): (0.18125, 0.175, 0.175)
[21:56:21.569417] Real overlapping (pixels): (29.0, 28.0, 28.0)
[21:56:21.569425] (5, 3, 5) patches per (z,y,x) axis
[21:56:21.569440] List of volume IDs to be processed by each GPU: [[0, 1, 2, 3, 4]]
[21:56:21.569452] Positions of each volume in Z axis: {0: [0, 160], 1: [131, 291], 2: [262, 422], 3: [393, 553], 4: [524, 684]}
[21:56:21.569461] Rank 0: Total number of patches: 75 - (5, 3, 5) patches per (z,y,x) axis (per GPU)
[21:56:22.156826] Reading Zarr/H5 file: fisbe/biapy-channel-rot-zarr/train/label/VT061467-20180911_62_E5_c102_r2_k0.zarr
[21:56:22.164464] ### 3D-OV-CROP ###
[21:56:22.164485] Cropping (423, 687, 684, 1) images into (160, 160, 160, 1) with overlapping (axis order: ZYXC). . .
[21:56:22.164495] Minimum overlap selected: (0, 0, 0)
[21:56:22.164503] Padding: (0, 0, 0)
[21:56:22.164525] Real overlapping (%): (0.175, 0.175, 0.18125)
[21:56:22.164535] Real overlapping (pixels): (28.0, 28.0, 29.0)
[21:56:22.164543] (3, 5, 5) patches per (z,y,x) axis
[21:56:22.164557] List of volume IDs to be processed by each GPU: [[0, 1, 2]]
[21:56:22.164569] Positions of each volume in Z axis: {0: [0, 160], 1: [132, 292], 2: [264, 423]}
[21:56:22.164578] Rank 0: Total number of patches: 75 - (3, 5, 5) patches per (z,y,x) axis (per GPU)
[21:56:23.083599] Reading Zarr/H5 file: fisbe/biapy-channel-rot-zarr/train/label/VT061467-20180911_62_E5_c102_r2_k2.zarr
[21:56:23.093588] ### 3D-OV-CROP ###
[21:56:23.093611] Cropping (423, 687, 684, 1) images into (160, 160, 160, 1) with overlapping (axis order: ZYXC). . .
[21:56:23.093622] Minimum overlap selected: (0, 0, 0)
[21:56:23.093630] Padding: (0, 0, 0)
[21:56:23.093651] Real overlapping (%): (0.175, 0.175, 0.18125)
[21:56:23.093661] Real overlapping (pixels): (28.0, 28.0, 29.0)
[21:56:23.093670] (3, 5, 5) patches per (z,y,x) axis
[21:56:23.093684] List of volume IDs to be processed by each GPU: [[0, 1, 2]]
[21:56:23.093697] Positions of each volume in Z axis: {0: [0, 160], 1: [132, 292], 2: [264, 423]}
[21:56:23.093707] Rank 0: Total number of patches: 75 - (3, 5, 5) patches per (z,y,x) axis (per GPU)
[21:56:23.810786] Reading Zarr/H5 file: fisbe/biapy-channel-rot-zarr/train/label/VT061467-20180911_62_E5_c102_r2_k3.zarr
[21:56:23.817607] ### 3D-OV-CROP ###
[21:56:23.817628] Cropping (423, 684, 687, 1) images into (160, 160, 160, 1) with overlapping (axis order: ZYXC). . .
[21:56:23.817637] Minimum overlap selected: (0, 0, 0)
[21:56:23.817646] Padding: (0, 0, 0)
[21:56:23.817668] Real overlapping (%): (0.175, 0.18125, 0.175)
[21:56:23.817678] Real overlapping (pixels): (28.0, 29.0, 28.0)
[21:56:23.817686] (3, 5, 5) patches per (z,y,x) axis
[21:56:23.817700] List of volume IDs to be processed by each GPU: [[0, 1, 2]]
[21:56:23.817716] Positions of each volume in Z axis: {0: [0, 160], 1: [132, 292], 2: [264, 423]}
[21:56:23.817725] Rank 0: Total number of patches: 75 - (3, 5, 5) patches per (z,y,x) axis (per GPU)
[21:56:24.463719] Reading Zarr/H5 file: fisbe/biapy-channel-rot-zarr/train/label/VT061467-20180911_62_E5_c210_r0_k0.zarr
[21:56:24.472047] ### 3D-OV-CROP ###
[21:56:24.472067] Cropping (423, 687, 684, 1) images into (160, 160, 160, 1) with overlapping (axis order: ZYXC). . .
[21:56:24.472077] Minimum overlap selected: (0, 0, 0)
[21:56:24.472086] Padding: (0, 0, 0)
[21:56:24.472108] Real overlapping (%): (0.175, 0.175, 0.18125)
[21:56:24.472118] Real overlapping (pixels): (28.0, 28.0, 29.0)
[21:56:24.472127] (3, 5, 5) patches per (z,y,x) axis
[21:56:24.472141] List of volume IDs to be processed by each GPU: [[0, 1, 2]]
[21:56:24.472154] Positions of each volume in Z axis: {0: [0, 160], 1: [132, 292], 2: [264, 423]}
[21:56:24.472164] Rank 0: Total number of patches: 75 - (3, 5, 5) patches per (z,y,x) axis (per GPU)
[21:56:25.316765] Reading Zarr/H5 file: fisbe/biapy-channel-rot-zarr/train/label/VT061467-20180911_62_E5_c210_r0_k2.zarr
[21:56:25.326173] ### 3D-OV-CROP ###
[21:56:25.326194] Cropping (423, 687, 684, 1) images into (160, 160, 160, 1) with overlapping (axis order: ZYXC). . .
[21:56:25.326204] Minimum overlap selected: (0, 0, 0)
[21:56:25.326212] Padding: (0, 0, 0)
[21:56:25.326239] Real overlapping (%): (0.175, 0.175, 0.18125)
[21:56:25.326249] Real overlapping (pixels): (28.0, 28.0, 29.0)
[21:56:25.326258] (3, 5, 5) patches per (z,y,x) axis
[21:56:25.326272] List of volume IDs to be processed by each GPU: [[0, 1, 2]]
[21:56:25.326285] Positions of each volume in Z axis: {0: [0, 160], 1: [132, 292], 2: [264, 423]}
[21:56:25.326295] Rank 0: Total number of patches: 75 - (3, 5, 5) patches per (z,y,x) axis (per GPU)
[21:56:26.197818] Reading Zarr/H5 file: fisbe/biapy-channel-rot-zarr/train/label/VT061467-20180911_62_E5_c210_r0_k3.zarr
[21:56:26.204604] ### 3D-OV-CROP ###
[21:56:26.204624] Cropping (687, 423, 684, 1) images into (160, 160, 160, 1) with overlapping (axis order: ZYXC). . .
[21:56:26.204634] Minimum overlap selected: (0, 0, 0)
[21:56:26.204642] Padding: (0, 0, 0)
[21:56:26.204662] Real overlapping (%): (0.175, 0.175, 0.18125)
[21:56:26.204673] Real overlapping (pixels): (28.0, 28.0, 29.0)
[21:56:26.204681] (5, 5, 3) patches per (z,y,x) axis
[21:56:26.204695] List of volume IDs to be processed by each GPU: [[0, 1, 2, 3, 4]]
[21:56:26.204709] Positions of each volume in Z axis: {0: [0, 160], 1: [132, 292], 2: [264, 424], 3: [396, 556], 4: [528, 687]}
[21:56:26.204719] Rank 0: Total number of patches: 75 - (5, 5, 3) patches per (z,y,x) axis (per GPU)
[21:56:26.811058] Reading Zarr/H5 file: fisbe/biapy-channel-rot-zarr/train/label/VT061467-20180911_62_E5_c210_r1_k0.zarr
[21:56:26.817782] ### 3D-OV-CROP ###
[21:56:26.817804] Cropping (423, 687, 684, 1) images into (160, 160, 160, 1) with overlapping (axis order: ZYXC). . .
[21:56:26.817814] Minimum overlap selected: (0, 0, 0)
[21:56:26.817823] Padding: (0, 0, 0)
[21:56:26.817845] Real overlapping (%): (0.175, 0.175, 0.18125)
[21:56:26.817856] Real overlapping (pixels): (28.0, 28.0, 29.0)
[21:56:26.817865] (3, 5, 5) patches per (z,y,x) axis
[21:56:26.817879] List of volume IDs to be processed by each GPU: [[0, 1, 2]]
[21:56:26.817892] Positions of each volume in Z axis: {0: [0, 160], 1: [132, 292], 2: [264, 423]}
[21:56:26.817902] Rank 0: Total number of patches: 75 - (3, 5, 5) patches per (z,y,x) axis (per GPU)
[21:56:27.518827] Reading Zarr/H5 file: fisbe/biapy-channel-rot-zarr/train/label/VT061467-20180911_62_E5_c210_r1_k2.zarr
[21:56:27.529357] ### 3D-OV-CROP ###
[21:56:27.529377] Cropping (423, 687, 684, 1) images into (160, 160, 160, 1) with overlapping (axis order: ZYXC). . .
[21:56:27.529387] Minimum overlap selected: (0, 0, 0)
[21:56:27.529396] Padding: (0, 0, 0)
[21:56:27.529416] Real overlapping (%): (0.175, 0.175, 0.18125)
[21:56:27.529427] Real overlapping (pixels): (28.0, 28.0, 29.0)
[21:56:27.529435] (3, 5, 5) patches per (z,y,x) axis
[21:56:27.529449] List of volume IDs to be processed by each GPU: [[0, 1, 2]]
[21:56:27.529461] Positions of each volume in Z axis: {0: [0, 160], 1: [132, 292], 2: [264, 423]}
[21:56:27.529471] Rank 0: Total number of patches: 75 - (3, 5, 5) patches per (z,y,x) axis (per GPU)
[21:56:28.180713] Reading Zarr/H5 file: fisbe/biapy-channel-rot-zarr/train/label/VT061467-20180911_62_E5_c210_r1_k3.zarr
[21:56:28.188659] ### 3D-OV-CROP ###
[21:56:28.188681] Cropping (684, 687, 423, 1) images into (160, 160, 160, 1) with overlapping (axis order: ZYXC). . .
[21:56:28.188691] Minimum overlap selected: (0, 0, 0)
[21:56:28.188700] Padding: (0, 0, 0)
[21:56:28.188721] Real overlapping (%): (0.18125, 0.175, 0.175)
[21:56:28.188731] Real overlapping (pixels): (29.0, 28.0, 28.0)
[21:56:28.188739] (5, 3, 5) patches per (z,y,x) axis
[21:56:28.188754] List of volume IDs to be processed by each GPU: [[0, 1, 2, 3, 4]]
[21:56:28.188767] Positions of each volume in Z axis: {0: [0, 160], 1: [131, 291], 2: [262, 422], 3: [393, 553], 4: [524, 684]}
[21:56:28.188776] Rank 0: Total number of patches: 75 - (5, 3, 5) patches per (z,y,x) axis (per GPU)
[21:56:28.793254] Reading Zarr/H5 file: fisbe/biapy-channel-rot-zarr/train/label/VT061467-20180911_62_E5_c210_r2_k0.zarr
[21:56:28.800460] ### 3D-OV-CROP ###
[21:56:28.800481] Cropping (423, 687, 684, 1) images into (160, 160, 160, 1) with overlapping (axis order: ZYXC). . .
[21:56:28.800491] Minimum overlap selected: (0, 0, 0)
[21:56:28.800500] Padding: (0, 0, 0)
[21:56:28.800522] Real overlapping (%): (0.175, 0.175, 0.18125)
[21:56:28.800531] Real overlapping (pixels): (28.0, 28.0, 29.0)
[21:56:28.800540] (3, 5, 5) patches per (z,y,x) axis
[21:56:28.800553] List of volume IDs to be processed by each GPU: [[0, 1, 2]]
[21:56:28.800571] Positions of each volume in Z axis: {0: [0, 160], 1: [132, 292], 2: [264, 423]}
[21:56:28.800581] Rank 0: Total number of patches: 75 - (3, 5, 5) patches per (z,y,x) axis (per GPU)
[21:56:29.433615] Reading Zarr/H5 file: fisbe/biapy-channel-rot-zarr/train/label/VT061467-20180911_62_E5_c210_r2_k2.zarr
[21:56:29.439558] ### 3D-OV-CROP ###
[21:56:29.439579] Cropping (423, 687, 684, 1) images into (160, 160, 160, 1) with overlapping (axis order: ZYXC). . .
[21:56:29.439589] Minimum overlap selected: (0, 0, 0)
[21:56:29.439599] Padding: (0, 0, 0)
[21:56:29.439620] Real overlapping (%): (0.175, 0.175, 0.18125)
[21:56:29.439630] Real overlapping (pixels): (28.0, 28.0, 29.0)
[21:56:29.439638] (3, 5, 5) patches per (z,y,x) axis
[21:56:29.439653] List of volume IDs to be processed by each GPU: [[0, 1, 2]]
[21:56:29.439665] Positions of each volume in Z axis: {0: [0, 160], 1: [132, 292], 2: [264, 423]}
[21:56:29.439674] Rank 0: Total number of patches: 75 - (3, 5, 5) patches per (z,y,x) axis (per GPU)
[21:56:30.150291] Reading Zarr/H5 file: fisbe/biapy-channel-rot-zarr/train/label/VT061467-20180911_62_E5_c210_r2_k3.zarr
[21:56:30.156541] ### 3D-OV-CROP ###
[21:56:30.156562] Cropping (423, 684, 687, 1) images into (160, 160, 160, 1) with overlapping (axis order: ZYXC). . .
[21:56:30.156571] Minimum overlap selected: (0, 0, 0)
[21:56:30.156580] Padding: (0, 0, 0)
[21:56:30.156601] Real overlapping (%): (0.175, 0.18125, 0.175)
[21:56:30.156612] Real overlapping (pixels): (28.0, 29.0, 28.0)
[21:56:30.156620] (3, 5, 5) patches per (z,y,x) axis
[21:56:30.156634] List of volume IDs to be processed by each GPU: [[0, 1, 2]]
[21:56:30.156646] Positions of each volume in Z axis: {0: [0, 160], 1: [132, 292], 2: [264, 423]}
[21:56:30.156656] Rank 0: Total number of patches: 75 - (3, 5, 5) patches per (z,y,x) axis (per GPU)
[21:56:30.818688] Creating Y_train channels . . .
[03:35:07.674944] DATA.TRAIN.GT_PATH changed from fisbe/biapy-channel-rot-zarr/train/label to fisbe/biapy-channel-rot-zarr/train/label_F.erosion-0.dilation-0_Dc.type-skeleton.norm-True.mask_values-False_Dn.closing_size-3.norm-True.mask_values-False.decline_power-2_P.type-skeleton.dilation-2.erosion-0
[03:35:07.675454] DATA.VAL.GT_PATH changed from fisbe/biapy-no-aug-zarr/val/label to fisbe/biapy-no-aug-zarr/val/label_F.erosion-0.dilation-0_Dc.type-skeleton.norm-True.mask_values-False_Dn.closing_size-3.norm-True.mask_values-False.decline_power-2_P.type-skeleton.dilation-2.erosion-0
[03:35:07.675480] DATA.TEST.GT_PATH changed from fisbe/biapy-no-aug-zarr/test/label to fisbe/biapy-no-aug-zarr/test/label_F.erosion-0.dilation-0_Dc.type-skeleton.norm-True.mask_values-False_Dn.closing_size-3.norm-True.mask_values-False.decline_power-2_P.type-skeleton.dilation-2.erosion-0
