timestamp, name, temperature.gpu, utilization.gpu [%], utilization.memory [%], memory.used [MiB], memory.total [MiB]
2026/08/07 19:32:16.533, NVIDIA H200, 23, 0 %, 0 %, 0 MiB, 143771 MiB
2026/08/07 19:32:19.536, NVIDIA H200, 23, 0 %, 0 %, 0 MiB, 143771 MiB
2026/08/07 19:32:22.537, NVIDIA H200, 23, 0 %, 0 %, 0 MiB, 143771 MiB
2026/08/07 19:32:25.537, NVIDIA H200, 23, 0 %, 0 %, 0 MiB, 143771 MiB
2026/08/07 19:32:28.537, NVIDIA H200, 23, 0 %, 0 %, 0 MiB, 143771 MiB
2026/08/07 19:32:31.538, NVIDIA H200, 23, 0 %, 0 %, 0 MiB, 143771 MiB
2026/08/07 19:32:34.538, NVIDIA H200, 23, 0 %, 0 %, 0 MiB, 143771 MiB
2026/08/07 19:32:37.538, NVIDIA H200, 23, 0 %, 0 %, 0 MiB, 143771 MiB
2026/08/07 19:32:40.539, NVIDIA H200, 23, 0 %, 0 %, 0 MiB, 143771 MiB
2026/08/07 19:32:43.539, NVIDIA H200, 23, 0 %, 0 %, 0 MiB, 143771 MiB
2026/08/07 19:32:46.540, NVIDIA H200, 23, 0 %, 0 %, 0 MiB, 143771 MiB
2026/08/07 19:32:49.540, NVIDIA H200, 23, 0 %, 0 %, 0 MiB, 143771 MiB
2026/08/07 19:32:52.540, NVIDIA H200, 23, 0 %, 0 %, 0 MiB, 143771 MiB
2026/08/07 19:32:55.541, NVIDIA H200, 23, 0 %, 0 %, 0 MiB, 143771 MiB
2026/08/07 19:32:58.541, NVIDIA H200, 23, 0 %, 0 %, 0 MiB, 143771 MiB
2026/08/07 19:33:01.541, NVIDIA H200, 23, 0 %, 0 %, 0 MiB, 143771 MiB
2026/08/07 19:33:04.542, NVIDIA H200, 23, 0 %, 0 %, 0 MiB, 143771 MiB
2026/08/07 19:33:07.542, NVIDIA H200, 23, 0 %, 0 %, 0 MiB, 143771 MiB
2026/08/07 19:33:10.542, NVIDIA H200, 23, 0 %, 0 %, 0 MiB, 143771 MiB
2026/08/07 19:33:13.543, NVIDIA H200, 23, 0 %, 0 %, 0 MiB, 143771 MiB
2026/08/07 19:33:16.543, NVIDIA H200, 23, 0 %, 0 %, 0 MiB, 143771 MiB
2026/08/07 19:33:19.544, NVIDIA H200, 23, 0 %, 0 %, 0 MiB, 143771 MiB
2026/08/07 19:33:22.544, NVIDIA H200, 23, 0 %, 0 %, 0 MiB, 143771 MiB
2026/08/07 19:33:25.545, NVIDIA H200, 22, 0 %, 0 %, 0 MiB, 143771 MiB
2026/08/07 19:33:28.545, NVIDIA H200, 22, 0 %, 0 %, 0 MiB, 143771 MiB
2026/08/07 19:33:31.545, NVIDIA H200, 22, 0 %, 0 %, 0 MiB, 143771 MiB
2026/08/07 19:33:34.546, NVIDIA H200, 22, 0 %, 0 %, 0 MiB, 143771 MiB
2026/08/07 19:33:37.546, NVIDIA H200, 22, 0 %, 0 %, 0 MiB, 143771 MiB
2026/08/07 19:33:40.546, NVIDIA H200, 22, 0 %, 0 %, 0 MiB, 143771 MiB
2026/08/07 19:33:43.547, NVIDIA H200, 22, 0 %, 0 %, 0 MiB, 143771 MiB
2026/08/07 19:33:46.547, NVIDIA H200, 22, 0 %, 0 %, 0 MiB, 143771 MiB
2026/08/07 19:33:49.547, NVIDIA H200, 22, 0 %, 0 %, 0 MiB, 143771 MiB
2026/08/07 19:33:52.548, NVIDIA H200, 22, 0 %, 0 %, 0 MiB, 143771 MiB
2026/08/07 19:33:55.548, NVIDIA H200, 22, 0 %, 0 %, 0 MiB, 143771 MiB
2026/08/07 19:33:58.549, NVIDIA H200, 22, 0 %, 0 %, 0 MiB, 143771 MiB
2026/08/07 19:34:01.549, NVIDIA H200, 22, 0 %, 0 %, 0 MiB, 143771 MiB
2026/08/07 19:34:04.550, NVIDIA H200, 22, 0 %, 0 %, 0 MiB, 143771 MiB
2026/08/07 19:34:07.550, NVIDIA H200, 22, 0 %, 0 %, 0 MiB, 143771 MiB
2026/08/07 19:34:10.550, NVIDIA H200, 24, 0 %, 0 %, 529 MiB, 143771 MiB
2026/08/07 19:34:13.551, NVIDIA H200, 24, 0 %, 0 %, 529 MiB, 143771 MiB
2026/08/07 19:34:16.551, NVIDIA H200, 24, 0 %, 0 %, 529 MiB, 143771 MiB
2026/08/07 19:34:19.552, NVIDIA H200, 24, 0 %, 0 %, 529 MiB, 143771 MiB
2026/08/07 19:34:22.552, NVIDIA H200, 24, 0 %, 0 %, 529 MiB, 143771 MiB
2026/08/07 19:34:25.553, NVIDIA H200, 24, 0 %, 0 %, 529 MiB, 143771 MiB
2026/08/07 19:34:28.553, NVIDIA H200, 24, 0 %, 0 %, 529 MiB, 143771 MiB
2026/08/07 19:34:31.554, NVIDIA H200, 24, 0 %, 0 %, 529 MiB, 143771 MiB
2026/08/07 19:34:34.554, NVIDIA H200, 24, 0 %, 0 %, 529 MiB, 143771 MiB
2026/08/07 19:34:37.554, NVIDIA H200, 24, 0 %, 0 %, 529 MiB, 143771 MiB
2026/08/07 19:34:40.555, NVIDIA H200, 24, 0 %, 0 %, 529 MiB, 143771 MiB
2026/08/07 19:34:43.555, NVIDIA H200, 24, 0 %, 0 %, 529 MiB, 143771 MiB
2026/08/07 19:34:46.556, NVIDIA H200, 24, 0 %, 0 %, 529 MiB, 143771 MiB
2026/08/07 19:34:49.556, NVIDIA H200, 24, 0 %, 0 %, 529 MiB, 143771 MiB
2026/08/07 19:34:52.557, NVIDIA H200, 24, 0 %, 0 %, 529 MiB, 143771 MiB
2026/08/07 19:34:55.563, NVIDIA H200, 24, 0 %, 0 %, 529 MiB, 143771 MiB
2026/08/07 19:34:58.564, NVIDIA H200, 24, 0 %, 0 %, 529 MiB, 143771 MiB
2026/08/07 19:35:01.564, NVIDIA H200, 24, 0 %, 0 %, 529 MiB, 143771 MiB
2026/08/07 19:35:04.565, NVIDIA H200, 24, 0 %, 0 %, 529 MiB, 143771 MiB
2026/08/07 19:35:07.565, NVIDIA H200, 24, 0 %, 0 %, 529 MiB, 143771 MiB
2026/08/07 19:35:10.566, NVIDIA H200, 24, 0 %, 0 %, 529 MiB, 143771 MiB
2026/08/07 19:35:13.566, NVIDIA H200, 24, 0 %, 0 %, 529 MiB, 143771 MiB
2026/08/07 19:35:16.566, NVIDIA H200, 24, 0 %, 0 %, 529 MiB, 143771 MiB
2026/08/07 19:35:19.567, NVIDIA H200, 24, 0 %, 0 %, 529 MiB, 143771 MiB
2026/08/07 19:35:22.567, NVIDIA H200, 24, 0 %, 0 %, 529 MiB, 143771 MiB
2026/08/07 19:35:25.568, NVIDIA H200, 24, 0 %, 0 %, 529 MiB, 143771 MiB
2026/08/07 19:35:28.568, NVIDIA H200, 24, 0 %, 0 %, 529 MiB, 143771 MiB
2026/08/07 19:35:31.569, NVIDIA H200, 24, 0 %, 0 %, 529 MiB, 143771 MiB
2026/08/07 19:35:34.569, NVIDIA H200, 24, 0 %, 0 %, 529 MiB, 143771 MiB
2026/08/07 19:35:37.569, NVIDIA H200, 24, 0 %, 0 %, 529 MiB, 143771 MiB
2026/08/07 19:35:40.570, NVIDIA H200, 24, 0 %, 0 %, 529 MiB, 143771 MiB
2026/08/07 19:35:43.570, NVIDIA H200, 24, 0 %, 0 %, 529 MiB, 143771 MiB
2026/08/07 19:35:46.571, NVIDIA H200, 24, 0 %, 0 %, 529 MiB, 143771 MiB
2026/08/07 19:35:49.571, NVIDIA H200, 24, 0 %, 0 %, 529 MiB, 143771 MiB
2026/08/07 19:35:52.572, NVIDIA H200, 24, 0 %, 0 %, 529 MiB, 143771 MiB
2026/08/07 19:35:55.572, NVIDIA H200, 24, 0 %, 0 %, 529 MiB, 143771 MiB
2026/08/07 19:35:58.573, NVIDIA H200, 24, 0 %, 0 %, 529 MiB, 143771 MiB
2026/08/07 19:36:01.573, NVIDIA H200, 24, 0 %, 0 %, 529 MiB, 143771 MiB
2026/08/07 19:36:04.573, NVIDIA H200, 24, 0 %, 0 %, 529 MiB, 143771 MiB
2026/08/07 19:36:07.574, NVIDIA H200, 24, 0 %, 0 %, 529 MiB, 143771 MiB
2026/08/07 19:36:10.574, NVIDIA H200, 24, 0 %, 0 %, 529 MiB, 143771 MiB
2026/08/07 19:36:13.575, NVIDIA H200, 24, 0 %, 0 %, 529 MiB, 143771 MiB
2026/08/07 19:36:16.575, NVIDIA H200, 24, 0 %, 0 %, 529 MiB, 143771 MiB
2026/08/07 19:36:19.575, NVIDIA H200, 24, 0 %, 0 %, 529 MiB, 143771 MiB
2026/08/07 19:36:22.576, NVIDIA H200, 24, 0 %, 0 %, 529 MiB, 143771 MiB
2026/08/07 19:36:25.576, NVIDIA H200, 24, 0 %, 0 %, 529 MiB, 143771 MiB
2026/08/07 19:36:28.577, NVIDIA H200, 24, 0 %, 0 %, 529 MiB, 143771 MiB
2026/08/07 19:36:31.577, NVIDIA H200, 24, 0 %, 0 %, 529 MiB, 143771 MiB
2026/08/07 19:36:34.577, NVIDIA H200, 24, 0 %, 0 %, 529 MiB, 143771 MiB
2026/08/07 19:36:37.578, NVIDIA H200, 24, 0 %, 0 %, 529 MiB, 143771 MiB
2026/08/07 19:36:40.578, NVIDIA H200, 24, 0 %, 0 %, 529 MiB, 143771 MiB
2026/08/07 19:36:43.579, NVIDIA H200, 24, 0 %, 0 %, 529 MiB, 143771 MiB
2026/08/07 19:36:46.579, NVIDIA H200, 24, 0 %, 0 %, 529 MiB, 143771 MiB
2026/08/07 19:36:49.580, NVIDIA H200, 24, 0 %, 0 %, 529 MiB, 143771 MiB
2026/08/07 19:36:52.580, NVIDIA H200, 24, 0 %, 0 %, 529 MiB, 143771 MiB
2026/08/07 19:36:55.580, NVIDIA H200, 24, 0 %, 0 %, 529 MiB, 143771 MiB
2026/08/07 19:36:58.581, NVIDIA H200, 24, 0 %, 0 %, 529 MiB, 143771 MiB
2026/08/07 19:37:01.581, NVIDIA H200, 24, 0 %, 0 %, 529 MiB, 143771 MiB
2026/08/07 19:37:04.582, NVIDIA H200, 24, 0 %, 0 %, 529 MiB, 143771 MiB
2026/08/07 19:37:07.582, NVIDIA H200, 24, 0 %, 0 %, 529 MiB, 143771 MiB
2026/08/07 19:37:10.582, NVIDIA H200, 24, 0 %, 0 %, 529 MiB, 143771 MiB
2026/08/07 19:37:13.583, NVIDIA H200, 24, 0 %, 0 %, 529 MiB, 143771 MiB
2026/08/07 19:37:16.583, NVIDIA H200, 24, 0 %, 0 %, 529 MiB, 143771 MiB
2026/08/07 19:37:19.584, NVIDIA H200, 24, 0 %, 0 %, 529 MiB, 143771 MiB
2026/08/07 19:37:22.584, NVIDIA H200, 24, 0 %, 0 %, 529 MiB, 143771 MiB
2026/08/07 19:37:25.584, NVIDIA H200, 24, 0 %, 0 %, 529 MiB, 143771 MiB
2026/08/07 19:37:28.585, NVIDIA H200, 24, 0 %, 0 %, 529 MiB, 143771 MiB
2026/08/07 19:37:31.585, NVIDIA H200, 24, 0 %, 0 %, 529 MiB, 143771 MiB
2026/08/07 19:37:34.586, NVIDIA H200, 24, 0 %, 0 %, 529 MiB, 143771 MiB
2026/08/07 19:37:37.586, NVIDIA H200, 24, 0 %, 0 %, 529 MiB, 143771 MiB
2026/08/07 19:37:40.586, NVIDIA H200, 24, 0 %, 0 %, 529 MiB, 143771 MiB
2026/08/07 19:37:43.587, NVIDIA H200, 24, 0 %, 0 %, 529 MiB, 143771 MiB
2026/08/07 19:37:46.587, NVIDIA H200, 24, 0 %, 0 %, 529 MiB, 143771 MiB
2026/08/07 19:37:49.588, NVIDIA H200, 24, 0 %, 0 %, 529 MiB, 143771 MiB
2026/08/07 19:37:52.588, NVIDIA H200, 24, 0 %, 0 %, 529 MiB, 143771 MiB
2026/08/07 19:37:55.588, NVIDIA H200, 24, 0 %, 0 %, 529 MiB, 143771 MiB
2026/08/07 19:37:58.589, NVIDIA H200, 24, 0 %, 0 %, 529 MiB, 143771 MiB
2026/08/07 19:38:01.589, NVIDIA H200, 24, 0 %, 0 %, 529 MiB, 143771 MiB
2026/08/07 19:38:04.590, NVIDIA H200, 24, 0 %, 0 %, 529 MiB, 143771 MiB
2026/08/07 19:38:07.590, NVIDIA H200, 24, 0 %, 0 %, 529 MiB, 143771 MiB
2026/08/07 19:38:10.591, NVIDIA H200, 24, 0 %, 0 %, 529 MiB, 143771 MiB
2026/08/07 19:38:13.591, NVIDIA H200, 24, 0 %, 0 %, 529 MiB, 143771 MiB
2026/08/07 19:38:16.592, NVIDIA H200, 24, 0 %, 0 %, 529 MiB, 143771 MiB
2026/08/07 19:38:19.592, NVIDIA H200, 24, 0 %, 0 %, 529 MiB, 143771 MiB
2026/08/07 19:38:22.593, NVIDIA H200, 24, 0 %, 0 %, 529 MiB, 143771 MiB
2026/08/07 19:38:25.593, NVIDIA H200, 24, 0 %, 0 %, 529 MiB, 143771 MiB
2026/08/07 19:38:28.593, NVIDIA H200, 24, 0 %, 0 %, 529 MiB, 143771 MiB
2026/08/07 19:38:31.594, NVIDIA H200, 24, 0 %, 0 %, 529 MiB, 143771 MiB
2026/08/07 19:38:34.594, NVIDIA H200, 24, 0 %, 0 %, 529 MiB, 143771 MiB
2026/08/07 19:38:37.595, NVIDIA H200, 24, 0 %, 0 %, 529 MiB, 143771 MiB
2026/08/07 19:38:40.595, NVIDIA H200, 24, 0 %, 0 %, 529 MiB, 143771 MiB
2026/08/07 19:38:43.596, NVIDIA H200, 24, 0 %, 0 %, 529 MiB, 143771 MiB
2026/08/07 19:38:46.596, NVIDIA H200, 24, 0 %, 0 %, 529 MiB, 143771 MiB
2026/08/07 19:38:49.597, NVIDIA H200, 25, 0 %, 0 %, 529 MiB, 143771 MiB
2026/08/07 19:38:52.597, NVIDIA H200, 25, 0 %, 0 %, 529 MiB, 143771 MiB
2026/08/07 19:38:55.598, NVIDIA H200, 25, 0 %, 0 %, 529 MiB, 143771 MiB
2026/08/07 19:38:58.598, NVIDIA H200, 25, 0 %, 0 %, 529 MiB, 143771 MiB
2026/08/07 19:39:01.599, NVIDIA H200, 25, 0 %, 0 %, 529 MiB, 143771 MiB
2026/08/07 19:39:04.599, NVIDIA H200, 25, 0 %, 0 %, 529 MiB, 143771 MiB
2026/08/07 19:39:07.600, NVIDIA H200, 25, 0 %, 0 %, 529 MiB, 143771 MiB
2026/08/07 19:39:10.600, NVIDIA H200, 25, 0 %, 0 %, 529 MiB, 143771 MiB
2026/08/07 19:39:13.601, NVIDIA H200, 25, 0 %, 0 %, 529 MiB, 143771 MiB
2026/08/07 19:39:16.601, NVIDIA H200, 25, 0 %, 0 %, 529 MiB, 143771 MiB
2026/08/07 19:39:19.602, NVIDIA H200, 25, 0 %, 0 %, 529 MiB, 143771 MiB
2026/08/07 19:39:22.602, NVIDIA H200, 25, 0 %, 0 %, 529 MiB, 143771 MiB
2026/08/07 19:39:25.611, NVIDIA H200, 25, 0 %, 0 %, 529 MiB, 143771 MiB
2026/08/07 19:39:28.611, NVIDIA H200, 25, 0 %, 0 %, 529 MiB, 143771 MiB
2026/08/07 19:39:31.611, NVIDIA H200, 25, 0 %, 0 %, 529 MiB, 143771 MiB
2026/08/07 19:39:34.612, NVIDIA H200, 25, 0 %, 0 %, 529 MiB, 143771 MiB
2026/08/07 19:39:37.612, NVIDIA H200, 25, 0 %, 0 %, 529 MiB, 143771 MiB
2026/08/07 19:39:40.613, NVIDIA H200, 25, 0 %, 0 %, 529 MiB, 143771 MiB
2026/08/07 19:39:43.613, NVIDIA H200, 25, 0 %, 0 %, 529 MiB, 143771 MiB
2026/08/07 19:39:46.614, NVIDIA H200, 25, 0 %, 0 %, 529 MiB, 143771 MiB
2026/08/07 19:39:49.614, NVIDIA H200, 25, 0 %, 0 %, 529 MiB, 143771 MiB
2026/08/07 19:39:52.614, NVIDIA H200, 25, 0 %, 0 %, 529 MiB, 143771 MiB
2026/08/07 19:39:55.615, NVIDIA H200, 25, 0 %, 0 %, 529 MiB, 143771 MiB
2026/08/07 19:39:58.615, NVIDIA H200, 25, 0 %, 0 %, 529 MiB, 143771 MiB
2026/08/07 19:40:01.616, NVIDIA H200, 25, 0 %, 0 %, 529 MiB, 143771 MiB
2026/08/07 19:40:04.616, NVIDIA H200, 25, 0 %, 0 %, 529 MiB, 143771 MiB
2026/08/07 19:40:07.616, NVIDIA H200, 25, 0 %, 0 %, 529 MiB, 143771 MiB
2026/08/07 19:40:10.617, NVIDIA H200, 25, 0 %, 0 %, 529 MiB, 143771 MiB
2026/08/07 19:40:13.617, NVIDIA H200, 25, 0 %, 0 %, 529 MiB, 143771 MiB
2026/08/07 19:40:16.618, NVIDIA H200, 25, 0 %, 0 %, 529 MiB, 143771 MiB
2026/08/07 19:40:19.618, NVIDIA H200, 25, 0 %, 0 %, 529 MiB, 143771 MiB
2026/08/07 19:40:22.619, NVIDIA H200, 25, 0 %, 0 %, 529 MiB, 143771 MiB
2026/08/07 19:40:25.619, NVIDIA H200, 25, 0 %, 0 %, 529 MiB, 143771 MiB
2026/08/07 19:40:28.619, NVIDIA H200, 25, 0 %, 0 %, 529 MiB, 143771 MiB
2026/08/07 19:40:31.620, NVIDIA H200, 25, 0 %, 0 %, 529 MiB, 143771 MiB
2026/08/07 19:40:34.620, NVIDIA H200, 25, 0 %, 0 %, 529 MiB, 143771 MiB
2026/08/07 19:40:37.621, NVIDIA H200, 25, 0 %, 0 %, 529 MiB, 143771 MiB
2026/08/07 19:40:40.621, NVIDIA H200, 25, 0 %, 0 %, 529 MiB, 143771 MiB
2026/08/07 19:40:43.621, NVIDIA H200, 25, 0 %, 0 %, 529 MiB, 143771 MiB
2026/08/07 19:40:46.622, NVIDIA H200, 25, 0 %, 0 %, 529 MiB, 143771 MiB
2026/08/07 19:40:49.622, NVIDIA H200, 25, 0 %, 0 %, 529 MiB, 143771 MiB
2026/08/07 19:40:52.623, NVIDIA H200, 25, 0 %, 0 %, 529 MiB, 143771 MiB
2026/08/07 19:40:55.623, NVIDIA H200, 25, 0 %, 0 %, 529 MiB, 143771 MiB
2026/08/07 19:40:58.624, NVIDIA H200, 25, 0 %, 0 %, 529 MiB, 143771 MiB
2026/08/07 19:41:01.624, NVIDIA H200, 25, 0 %, 0 %, 529 MiB, 143771 MiB
2026/08/07 19:41:04.625, NVIDIA H200, 25, 0 %, 0 %, 529 MiB, 143771 MiB
2026/08/07 19:41:07.625, NVIDIA H200, 25, 0 %, 0 %, 529 MiB, 143771 MiB
2026/08/07 19:41:10.625, NVIDIA H200, 25, 0 %, 0 %, 529 MiB, 143771 MiB
2026/08/07 19:41:13.626, NVIDIA H200, 25, 0 %, 0 %, 529 MiB, 143771 MiB
2026/08/07 19:41:16.626, NVIDIA H200, 25, 0 %, 0 %, 529 MiB, 143771 MiB
2026/08/07 19:41:19.627, NVIDIA H200, 25, 0 %, 0 %, 529 MiB, 143771 MiB
2026/08/07 19:41:22.627, NVIDIA H200, 25, 0 %, 0 %, 529 MiB, 143771 MiB
2026/08/07 19:41:25.628, NVIDIA H200, 25, 0 %, 0 %, 529 MiB, 143771 MiB
2026/08/07 19:41:28.628, NVIDIA H200, 25, 0 %, 0 %, 529 MiB, 143771 MiB
2026/08/07 19:41:31.629, NVIDIA H200, 25, 0 %, 0 %, 529 MiB, 143771 MiB
2026/08/07 19:41:34.629, NVIDIA H200, 25, 0 %, 0 %, 529 MiB, 143771 MiB
2026/08/07 19:41:37.630, NVIDIA H200, 25, 0 %, 0 %, 529 MiB, 143771 MiB
2026/08/07 19:41:40.630, NVIDIA H200, 25, 0 %, 0 %, 529 MiB, 143771 MiB
2026/08/07 19:41:43.631, NVIDIA H200, 25, 0 %, 0 %, 529 MiB, 143771 MiB
2026/08/07 19:41:46.631, NVIDIA H200, 25, 0 %, 0 %, 529 MiB, 143771 MiB
2026/08/07 19:41:49.631, NVIDIA H200, 25, 0 %, 0 %, 529 MiB, 143771 MiB
2026/08/07 19:41:52.632, NVIDIA H200, 25, 0 %, 0 %, 529 MiB, 143771 MiB
2026/08/07 19:41:55.632, NVIDIA H200, 25, 0 %, 0 %, 529 MiB, 143771 MiB
2026/08/07 19:41:58.633, NVIDIA H200, 25, 0 %, 0 %, 529 MiB, 143771 MiB
2026/08/07 19:42:01.633, NVIDIA H200, 25, 0 %, 0 %, 529 MiB, 143771 MiB
2026/08/07 19:42:04.634, NVIDIA H200, 25, 0 %, 0 %, 529 MiB, 143771 MiB
2026/08/07 19:42:07.634, NVIDIA H200, 25, 0 %, 0 %, 529 MiB, 143771 MiB
2026/08/07 19:42:10.634, NVIDIA H200, 25, 0 %, 0 %, 529 MiB, 143771 MiB
2026/08/07 19:42:13.635, NVIDIA H200, 25, 0 %, 0 %, 529 MiB, 143771 MiB
2026/08/07 19:42:16.635, NVIDIA H200, 25, 0 %, 0 %, 529 MiB, 143771 MiB
2026/08/07 19:42:19.636, NVIDIA H200, 25, 0 %, 0 %, 529 MiB, 143771 MiB
2026/08/07 19:42:22.636, NVIDIA H200, 25, 0 %, 0 %, 529 MiB, 143771 MiB
2026/08/07 19:42:25.637, NVIDIA H200, 25, 0 %, 0 %, 529 MiB, 143771 MiB
2026/08/07 19:42:28.637, NVIDIA H200, 25, 0 %, 0 %, 529 MiB, 143771 MiB
2026/08/07 19:42:31.637, NVIDIA H200, 25, 0 %, 0 %, 529 MiB, 143771 MiB
2026/08/07 19:42:34.638, NVIDIA H200, 25, 0 %, 0 %, 529 MiB, 143771 MiB
2026/08/07 19:42:37.638, NVIDIA H200, 25, 0 %, 0 %, 529 MiB, 143771 MiB
2026/08/07 19:42:40.639, NVIDIA H200, 25, 0 %, 0 %, 529 MiB, 143771 MiB
2026/08/07 19:42:43.639, NVIDIA H200, 25, 0 %, 0 %, 529 MiB, 143771 MiB
2026/08/07 19:42:46.640, NVIDIA H200, 25, 0 %, 0 %, 529 MiB, 143771 MiB
2026/08/07 19:42:49.640, NVIDIA H200, 25, 0 %, 0 %, 529 MiB, 143771 MiB
2026/08/07 19:42:52.641, NVIDIA H200, 25, 0 %, 0 %, 529 MiB, 143771 MiB
2026/08/07 19:42:55.641, NVIDIA H200, 25, 0 %, 0 %, 529 MiB, 143771 MiB
2026/08/07 19:42:58.642, NVIDIA H200, 25, 0 %, 0 %, 529 MiB, 143771 MiB
2026/08/07 19:43:01.642, NVIDIA H200, 25, 0 %, 0 %, 529 MiB, 143771 MiB
2026/08/07 19:43:04.643, NVIDIA H200, 25, 0 %, 0 %, 529 MiB, 143771 MiB
2026/08/07 19:43:07.643, NVIDIA H200, 25, 0 %, 0 %, 529 MiB, 143771 MiB
2026/08/07 19:43:10.644, NVIDIA H200, 25, 0 %, 0 %, 529 MiB, 143771 MiB
2026/08/07 19:43:13.644, NVIDIA H200, 25, 0 %, 0 %, 529 MiB, 143771 MiB
2026/08/07 19:43:16.644, NVIDIA H200, 25, 0 %, 0 %, 529 MiB, 143771 MiB
2026/08/07 19:43:19.645, NVIDIA H200, 25, 0 %, 0 %, 529 MiB, 143771 MiB
2026/08/07 19:43:22.645, NVIDIA H200, 25, 0 %, 0 %, 529 MiB, 143771 MiB
2026/08/07 19:43:25.646, NVIDIA H200, 25, 0 %, 0 %, 529 MiB, 143771 MiB
2026/08/07 19:43:28.646, NVIDIA H200, 25, 0 %, 0 %, 529 MiB, 143771 MiB
2026/08/07 19:43:31.647, NVIDIA H200, 25, 0 %, 0 %, 529 MiB, 143771 MiB
2026/08/07 19:43:34.647, NVIDIA H200, 25, 0 %, 0 %, 529 MiB, 143771 MiB
2026/08/07 19:43:37.648, NVIDIA H200, 25, 0 %, 0 %, 529 MiB, 143771 MiB
2026/08/07 19:43:40.648, NVIDIA H200, 25, 0 %, 0 %, 529 MiB, 143771 MiB
2026/08/07 19:43:43.648, NVIDIA H200, 25, 0 %, 0 %, 529 MiB, 143771 MiB
2026/08/07 19:43:46.649, NVIDIA H200, 25, 0 %, 0 %, 529 MiB, 143771 MiB
2026/08/07 19:43:49.650, NVIDIA H200, 25, 0 %, 0 %, 529 MiB, 143771 MiB
2026/08/07 19:43:52.650, NVIDIA H200, 25, 0 %, 0 %, 529 MiB, 143771 MiB
2026/08/07 19:43:55.650, NVIDIA H200, 25, 0 %, 0 %, 529 MiB, 143771 MiB
2026/08/07 19:43:58.651, NVIDIA H200, 25, 0 %, 0 %, 529 MiB, 143771 MiB
2026/08/07 19:44:01.651, NVIDIA H200, 25, 0 %, 0 %, 529 MiB, 143771 MiB
2026/08/07 19:44:04.652, NVIDIA H200, 25, 0 %, 0 %, 529 MiB, 143771 MiB
2026/08/07 19:44:07.652, NVIDIA H200, 25, 0 %, 0 %, 529 MiB, 143771 MiB
2026/08/07 19:44:10.652, NVIDIA H200, 25, 0 %, 0 %, 529 MiB, 143771 MiB
2026/08/07 19:44:13.653, NVIDIA H200, 25, 0 %, 0 %, 529 MiB, 143771 MiB
2026/08/07 19:44:16.653, NVIDIA H200, 25, 0 %, 0 %, 529 MiB, 143771 MiB
2026/08/07 19:44:19.654, NVIDIA H200, 25, 0 %, 0 %, 529 MiB, 143771 MiB
2026/08/07 19:44:22.654, NVIDIA H200, 25, 0 %, 0 %, 529 MiB, 143771 MiB
2026/08/07 19:44:25.655, NVIDIA H200, 25, 0 %, 0 %, 529 MiB, 143771 MiB
2026/08/07 19:44:28.655, NVIDIA H200, 25, 0 %, 0 %, 529 MiB, 143771 MiB
2026/08/07 19:44:31.656, NVIDIA H200, 25, 0 %, 0 %, 529 MiB, 143771 MiB
2026/08/07 19:44:34.656, NVIDIA H200, 25, 0 %, 0 %, 529 MiB, 143771 MiB
2026/08/07 19:44:37.656, NVIDIA H200, 25, 0 %, 0 %, 529 MiB, 143771 MiB
2026/08/07 19:44:40.657, NVIDIA H200, 25, 0 %, 0 %, 529 MiB, 143771 MiB
2026/08/07 19:44:43.657, NVIDIA H200, 25, 0 %, 0 %, 529 MiB, 143771 MiB
2026/08/07 19:44:46.658, NVIDIA H200, 25, 0 %, 0 %, 529 MiB, 143771 MiB
2026/08/07 19:44:49.658, NVIDIA H200, 25, 0 %, 0 %, 529 MiB, 143771 MiB
2026/08/07 19:44:52.658, NVIDIA H200, 25, 0 %, 0 %, 529 MiB, 143771 MiB
2026/08/07 19:44:55.659, NVIDIA H200, 25, 0 %, 0 %, 529 MiB, 143771 MiB
2026/08/07 19:44:58.659, NVIDIA H200, 25, 0 %, 0 %, 529 MiB, 143771 MiB
2026/08/07 19:45:01.660, NVIDIA H200, 25, 0 %, 0 %, 529 MiB, 143771 MiB
2026/08/07 19:45:04.660, NVIDIA H200, 25, 0 %, 0 %, 529 MiB, 143771 MiB
2026/08/07 19:45:07.660, NVIDIA H200, 25, 0 %, 0 %, 529 MiB, 143771 MiB
2026/08/07 19:45:10.661, NVIDIA H200, 25, 0 %, 0 %, 529 MiB, 143771 MiB
2026/08/07 19:45:13.661, NVIDIA H200, 25, 0 %, 0 %, 529 MiB, 143771 MiB
2026/08/07 19:45:16.662, NVIDIA H200, 25, 0 %, 0 %, 529 MiB, 143771 MiB
2026/08/07 19:45:19.662, NVIDIA H200, 25, 0 %, 0 %, 529 MiB, 143771 MiB
2026/08/07 19:45:22.663, NVIDIA H200, 25, 0 %, 0 %, 529 MiB, 143771 MiB
2026/08/07 19:45:25.663, NVIDIA H200, 25, 0 %, 0 %, 529 MiB, 143771 MiB
2026/08/07 19:45:28.664, NVIDIA H200, 25, 0 %, 0 %, 529 MiB, 143771 MiB
2026/08/07 19:45:31.664, NVIDIA H200, 25, 0 %, 0 %, 529 MiB, 143771 MiB
2026/08/07 19:45:34.665, NVIDIA H200, 25, 0 %, 0 %, 529 MiB, 143771 MiB
2026/08/07 19:45:37.665, NVIDIA H200, 25, 0 %, 0 %, 529 MiB, 143771 MiB
2026/08/07 19:45:40.665, NVIDIA H200, 25, 0 %, 0 %, 529 MiB, 143771 MiB
2026/08/07 19:45:43.666, NVIDIA H200, 25, 0 %, 0 %, 529 MiB, 143771 MiB
2026/08/07 19:45:46.666, NVIDIA H200, 25, 0 %, 0 %, 529 MiB, 143771 MiB
2026/08/07 19:45:49.667, NVIDIA H200, 25, 0 %, 0 %, 529 MiB, 143771 MiB
2026/08/07 19:45:52.667, NVIDIA H200, 25, 0 %, 0 %, 529 MiB, 143771 MiB
2026/08/07 19:45:55.667, NVIDIA H200, 25, 0 %, 0 %, 529 MiB, 143771 MiB
2026/08/07 19:45:58.668, NVIDIA H200, 25, 0 %, 0 %, 529 MiB, 143771 MiB
2026/08/07 19:46:01.668, NVIDIA H200, 25, 0 %, 0 %, 529 MiB, 143771 MiB
2026/08/07 19:46:04.669, NVIDIA H200, 25, 0 %, 0 %, 529 MiB, 143771 MiB
2026/08/07 19:46:07.669, NVIDIA H200, 25, 0 %, 0 %, 529 MiB, 143771 MiB
2026/08/07 19:46:10.670, NVIDIA H200, 25, 0 %, 0 %, 529 MiB, 143771 MiB
2026/08/07 19:46:13.670, NVIDIA H200, 25, 0 %, 0 %, 529 MiB, 143771 MiB
2026/08/07 19:46:16.670, NVIDIA H200, 25, 0 %, 0 %, 529 MiB, 143771 MiB
2026/08/07 19:46:19.671, NVIDIA H200, 25, 0 %, 0 %, 529 MiB, 143771 MiB
2026/08/07 19:46:22.671, NVIDIA H200, 25, 0 %, 0 %, 529 MiB, 143771 MiB
2026/08/07 19:46:25.672, NVIDIA H200, 25, 0 %, 0 %, 529 MiB, 143771 MiB
2026/08/07 19:46:28.672, NVIDIA H200, 25, 0 %, 0 %, 529 MiB, 143771 MiB
2026/08/07 19:46:31.672, NVIDIA H200, 25, 0 %, 0 %, 529 MiB, 143771 MiB
2026/08/07 19:46:34.673, NVIDIA H200, 25, 0 %, 0 %, 529 MiB, 143771 MiB
2026/08/07 19:46:37.673, NVIDIA H200, 25, 0 %, 0 %, 529 MiB, 143771 MiB
2026/08/07 19:46:40.674, NVIDIA H200, 25, 0 %, 0 %, 529 MiB, 143771 MiB
2026/08/07 19:46:43.674, NVIDIA H200, 25, 0 %, 0 %, 529 MiB, 143771 MiB
2026/08/07 19:46:46.675, NVIDIA H200, 25, 0 %, 0 %, 529 MiB, 143771 MiB
2026/08/07 19:46:49.675, NVIDIA H200, 25, 0 %, 0 %, 529 MiB, 143771 MiB
2026/08/07 19:46:52.676, NVIDIA H200, 25, 0 %, 0 %, 529 MiB, 143771 MiB
2026/08/07 19:46:55.676, NVIDIA H200, 25, 0 %, 0 %, 529 MiB, 143771 MiB
2026/08/07 19:46:58.676, NVIDIA H200, 25, 0 %, 0 %, 529 MiB, 143771 MiB
2026/08/07 19:47:01.677, NVIDIA H200, 25, 0 %, 0 %, 529 MiB, 143771 MiB
2026/08/07 19:47:04.677, NVIDIA H200, 25, 0 %, 0 %, 529 MiB, 143771 MiB
2026/08/07 19:47:07.678, NVIDIA H200, 25, 0 %, 0 %, 529 MiB, 143771 MiB
2026/08/07 19:47:10.678, NVIDIA H200, 25, 0 %, 0 %, 529 MiB, 143771 MiB
2026/08/07 19:47:13.679, NVIDIA H200, 25, 0 %, 0 %, 529 MiB, 143771 MiB
2026/08/07 19:47:16.679, NVIDIA H200, 25, 0 %, 0 %, 529 MiB, 143771 MiB
2026/08/07 19:47:19.679, NVIDIA H200, 25, 0 %, 0 %, 529 MiB, 143771 MiB
2026/08/07 19:47:22.680, NVIDIA H200, 25, 0 %, 0 %, 529 MiB, 143771 MiB
2026/08/07 19:47:25.682, NVIDIA H200, 25, 0 %, 0 %, 529 MiB, 143771 MiB
2026/08/07 19:47:28.683, NVIDIA H200, 25, 0 %, 0 %, 529 MiB, 143771 MiB
2026/08/07 19:47:31.683, NVIDIA H200, 25, 0 %, 0 %, 529 MiB, 143771 MiB
2026/08/07 19:47:34.684, NVIDIA H200, 25, 0 %, 0 %, 529 MiB, 143771 MiB
2026/08/07 19:47:37.684, NVIDIA H200, 25, 0 %, 0 %, 529 MiB, 143771 MiB
2026/08/07 19:47:40.684, NVIDIA H200, 25, 0 %, 0 %, 529 MiB, 143771 MiB
2026/08/07 19:47:43.685, NVIDIA H200, 25, 0 %, 0 %, 529 MiB, 143771 MiB
2026/08/07 19:47:46.685, NVIDIA H200, 25, 0 %, 0 %, 529 MiB, 143771 MiB
2026/08/07 19:47:49.686, NVIDIA H200, 25, 0 %, 0 %, 529 MiB, 143771 MiB
2026/08/07 19:47:52.686, NVIDIA H200, 25, 0 %, 0 %, 529 MiB, 143771 MiB
2026/08/07 19:47:55.686, NVIDIA H200, 25, 0 %, 0 %, 529 MiB, 143771 MiB
2026/08/07 19:47:58.687, NVIDIA H200, 25, 0 %, 0 %, 529 MiB, 143771 MiB
2026/08/07 19:48:01.687, NVIDIA H200, 25, 0 %, 0 %, 529 MiB, 143771 MiB
2026/08/07 19:48:04.688, NVIDIA H200, 25, 0 %, 0 %, 529 MiB, 143771 MiB
2026/08/07 19:48:07.688, NVIDIA H200, 25, 0 %, 0 %, 529 MiB, 143771 MiB
2026/08/07 19:48:10.689, NVIDIA H200, 25, 0 %, 0 %, 529 MiB, 143771 MiB
2026/08/07 19:48:13.689, NVIDIA H200, 25, 0 %, 0 %, 529 MiB, 143771 MiB
2026/08/07 19:48:16.690, NVIDIA H200, 25, 0 %, 0 %, 529 MiB, 143771 MiB
2026/08/07 19:48:19.690, NVIDIA H200, 25, 0 %, 0 %, 529 MiB, 143771 MiB
2026/08/07 19:48:22.690, NVIDIA H200, 25, 0 %, 0 %, 529 MiB, 143771 MiB
2026/08/07 19:48:25.691, NVIDIA H200, 25, 0 %, 0 %, 529 MiB, 143771 MiB
2026/08/07 19:48:28.691, NVIDIA H200, 25, 0 %, 0 %, 529 MiB, 143771 MiB
2026/08/07 19:48:31.692, NVIDIA H200, 25, 0 %, 0 %, 529 MiB, 143771 MiB
2026/08/07 19:48:34.692, NVIDIA H200, 25, 0 %, 0 %, 529 MiB, 143771 MiB
2026/08/07 19:48:37.693, NVIDIA H200, 25, 0 %, 0 %, 529 MiB, 143771 MiB
2026/08/07 19:48:40.693, NVIDIA H200, 25, 0 %, 0 %, 529 MiB, 143771 MiB
2026/08/07 19:48:43.694, NVIDIA H200, 25, 0 %, 0 %, 529 MiB, 143771 MiB
2026/08/07 19:48:46.694, NVIDIA H200, 25, 0 %, 0 %, 529 MiB, 143771 MiB
2026/08/07 19:48:49.695, NVIDIA H200, 25, 0 %, 0 %, 529 MiB, 143771 MiB
2026/08/07 19:48:52.695, NVIDIA H200, 25, 0 %, 0 %, 529 MiB, 143771 MiB
2026/08/07 19:48:55.695, NVIDIA H200, 25, 0 %, 0 %, 529 MiB, 143771 MiB
2026/08/07 19:48:58.696, NVIDIA H200, 25, 0 %, 0 %, 529 MiB, 143771 MiB
2026/08/07 19:49:01.696, NVIDIA H200, 25, 0 %, 0 %, 529 MiB, 143771 MiB
2026/08/07 19:49:04.697, NVIDIA H200, 25, 0 %, 0 %, 529 MiB, 143771 MiB
2026/08/07 19:49:07.697, NVIDIA H200, 25, 0 %, 0 %, 529 MiB, 143771 MiB
2026/08/07 19:49:10.698, NVIDIA H200, 25, 0 %, 0 %, 529 MiB, 143771 MiB
2026/08/07 19:49:13.698, NVIDIA H200, 25, 0 %, 0 %, 529 MiB, 143771 MiB
2026/08/07 19:49:16.698, NVIDIA H200, 25, 0 %, 0 %, 529 MiB, 143771 MiB
2026/08/07 19:49:19.699, NVIDIA H200, 25, 0 %, 0 %, 529 MiB, 143771 MiB
2026/08/07 19:49:22.699, NVIDIA H200, 25, 0 %, 0 %, 529 MiB, 143771 MiB
2026/08/07 19:49:25.700, NVIDIA H200, 25, 0 %, 0 %, 529 MiB, 143771 MiB
2026/08/07 19:49:28.700, NVIDIA H200, 25, 0 %, 0 %, 529 MiB, 143771 MiB
2026/08/07 19:49:31.700, NVIDIA H200, 25, 0 %, 0 %, 529 MiB, 143771 MiB
2026/08/07 19:49:34.701, NVIDIA H200, 25, 0 %, 0 %, 529 MiB, 143771 MiB
2026/08/07 19:49:37.701, NVIDIA H200, 25, 0 %, 0 %, 529 MiB, 143771 MiB
2026/08/07 19:49:40.702, NVIDIA H200, 25, 0 %, 0 %, 529 MiB, 143771 MiB
2026/08/07 19:49:43.702, NVIDIA H200, 25, 0 %, 0 %, 529 MiB, 143771 MiB
2026/08/07 19:49:46.703, NVIDIA H200, 25, 0 %, 0 %, 529 MiB, 143771 MiB
2026/08/07 19:49:49.703, NVIDIA H200, 25, 0 %, 0 %, 529 MiB, 143771 MiB
2026/08/07 19:49:52.703, NVIDIA H200, 25, 0 %, 0 %, 529 MiB, 143771 MiB
2026/08/07 19:49:55.704, NVIDIA H200, 25, 0 %, 0 %, 529 MiB, 143771 MiB
2026/08/07 19:49:58.704, NVIDIA H200, 25, 0 %, 0 %, 529 MiB, 143771 MiB
2026/08/07 19:50:01.704, NVIDIA H200, 25, 0 %, 0 %, 529 MiB, 143771 MiB
2026/08/07 19:50:04.705, NVIDIA H200, 25, 0 %, 0 %, 529 MiB, 143771 MiB
2026/08/07 19:50:07.705, NVIDIA H200, 25, 0 %, 0 %, 529 MiB, 143771 MiB
2026/08/07 19:50:10.706, NVIDIA H200, 25, 0 %, 0 %, 529 MiB, 143771 MiB
2026/08/07 19:50:13.706, NVIDIA H200, 25, 0 %, 0 %, 529 MiB, 143771 MiB
2026/08/07 19:50:16.707, NVIDIA H200, 25, 0 %, 0 %, 529 MiB, 143771 MiB
2026/08/07 19:50:19.707, NVIDIA H200, 25, 0 %, 0 %, 529 MiB, 143771 MiB
2026/08/07 19:50:22.707, NVIDIA H200, 25, 0 %, 0 %, 529 MiB, 143771 MiB
2026/08/07 19:50:25.708, NVIDIA H200, 25, 0 %, 0 %, 529 MiB, 143771 MiB
2026/08/07 19:50:28.708, NVIDIA H200, 25, 0 %, 0 %, 529 MiB, 143771 MiB
2026/08/07 19:50:31.709, NVIDIA H200, 25, 0 %, 0 %, 529 MiB, 143771 MiB
2026/08/07 19:50:34.709, NVIDIA H200, 25, 0 %, 0 %, 529 MiB, 143771 MiB
2026/08/07 19:50:37.710, NVIDIA H200, 25, 0 %, 0 %, 529 MiB, 143771 MiB
2026/08/07 19:50:40.710, NVIDIA H200, 25, 0 %, 0 %, 529 MiB, 143771 MiB
2026/08/07 19:50:43.710, NVIDIA H200, 25, 0 %, 0 %, 529 MiB, 143771 MiB
2026/08/07 19:50:46.711, NVIDIA H200, 25, 0 %, 0 %, 529 MiB, 143771 MiB
2026/08/07 19:50:49.711, NVIDIA H200, 25, 0 %, 0 %, 529 MiB, 143771 MiB
2026/08/07 19:50:52.712, NVIDIA H200, 25, 0 %, 0 %, 529 MiB, 143771 MiB
2026/08/07 19:50:55.712, NVIDIA H200, 25, 0 %, 0 %, 529 MiB, 143771 MiB
2026/08/07 19:50:58.713, NVIDIA H200, 25, 0 %, 0 %, 529 MiB, 143771 MiB
2026/08/07 19:51:01.713, NVIDIA H200, 25, 0 %, 0 %, 529 MiB, 143771 MiB
2026/08/07 19:51:04.713, NVIDIA H200, 25, 0 %, 0 %, 529 MiB, 143771 MiB
2026/08/07 19:51:07.714, NVIDIA H200, 25, 0 %, 0 %, 529 MiB, 143771 MiB
2026/08/07 19:51:10.714, NVIDIA H200, 25, 0 %, 0 %, 529 MiB, 143771 MiB
2026/08/07 19:51:13.715, NVIDIA H200, 25, 0 %, 0 %, 529 MiB, 143771 MiB
2026/08/07 19:51:16.715, NVIDIA H200, 25, 0 %, 0 %, 529 MiB, 143771 MiB
2026/08/07 19:51:19.716, NVIDIA H200, 25, 0 %, 0 %, 529 MiB, 143771 MiB
2026/08/07 19:51:22.716, NVIDIA H200, 25, 0 %, 0 %, 529 MiB, 143771 MiB
2026/08/07 19:51:25.716, NVIDIA H200, 25, 0 %, 0 %, 529 MiB, 143771 MiB
2026/08/07 19:51:28.717, NVIDIA H200, 25, 0 %, 0 %, 529 MiB, 143771 MiB
2026/08/07 19:51:31.717, NVIDIA H200, 25, 0 %, 0 %, 529 MiB, 143771 MiB
2026/08/07 19:51:34.718, NVIDIA H200, 25, 0 %, 0 %, 529 MiB, 143771 MiB
2026/08/07 19:51:37.718, NVIDIA H200, 25, 0 %, 0 %, 529 MiB, 143771 MiB
2026/08/07 19:51:40.718, NVIDIA H200, 25, 0 %, 0 %, 529 MiB, 143771 MiB
2026/08/07 19:51:43.719, NVIDIA H200, 25, 0 %, 0 %, 529 MiB, 143771 MiB
2026/08/07 19:51:46.719, NVIDIA H200, 25, 0 %, 0 %, 529 MiB, 143771 MiB
2026/08/07 19:51:49.720, NVIDIA H200, 25, 0 %, 0 %, 529 MiB, 143771 MiB
2026/08/07 19:51:52.720, NVIDIA H200, 25, 0 %, 0 %, 529 MiB, 143771 MiB
2026/08/07 19:51:55.720, NVIDIA H200, 25, 0 %, 0 %, 529 MiB, 143771 MiB
2026/08/07 19:51:58.721, NVIDIA H200, 25, 0 %, 0 %, 529 MiB, 143771 MiB
2026/08/07 19:52:01.721, NVIDIA H200, 25, 0 %, 0 %, 529 MiB, 143771 MiB
2026/08/07 19:52:04.722, NVIDIA H200, 25, 0 %, 0 %, 529 MiB, 143771 MiB
2026/08/07 19:52:07.722, NVIDIA H200, 25, 0 %, 0 %, 529 MiB, 143771 MiB
2026/08/07 19:52:10.722, NVIDIA H200, 25, 0 %, 0 %, 529 MiB, 143771 MiB
2026/08/07 19:52:13.723, NVIDIA H200, 25, 0 %, 0 %, 529 MiB, 143771 MiB
2026/08/07 19:52:16.723, NVIDIA H200, 25, 0 %, 0 %, 529 MiB, 143771 MiB
2026/08/07 19:52:19.724, NVIDIA H200, 25, 0 %, 0 %, 529 MiB, 143771 MiB
2026/08/07 19:52:22.724, NVIDIA H200, 25, 0 %, 0 %, 529 MiB, 143771 MiB
2026/08/07 19:52:25.724, NVIDIA H200, 25, 0 %, 0 %, 529 MiB, 143771 MiB
2026/08/07 19:52:28.725, NVIDIA H200, 25, 0 %, 0 %, 529 MiB, 143771 MiB
2026/08/07 19:52:31.725, NVIDIA H200, 25, 0 %, 0 %, 529 MiB, 143771 MiB
2026/08/07 19:52:34.726, NVIDIA H200, 25, 0 %, 0 %, 529 MiB, 143771 MiB
2026/08/07 19:52:37.726, NVIDIA H200, 25, 0 %, 0 %, 529 MiB, 143771 MiB
2026/08/07 19:52:40.727, NVIDIA H200, 25, 0 %, 0 %, 529 MiB, 143771 MiB
2026/08/07 19:52:43.727, NVIDIA H200, 25, 0 %, 0 %, 529 MiB, 143771 MiB
2026/08/07 19:52:46.727, NVIDIA H200, 25, 0 %, 0 %, 529 MiB, 143771 MiB
2026/08/07 19:52:49.728, NVIDIA H200, 25, 0 %, 0 %, 529 MiB, 143771 MiB
2026/08/07 19:52:52.728, NVIDIA H200, 25, 0 %, 0 %, 529 MiB, 143771 MiB
2026/08/07 19:52:55.729, NVIDIA H200, 25, 0 %, 0 %, 529 MiB, 143771 MiB
2026/08/07 19:52:58.729, NVIDIA H200, 25, 0 %, 0 %, 529 MiB, 143771 MiB
2026/08/07 19:53:01.730, NVIDIA H200, 25, 0 %, 0 %, 529 MiB, 143771 MiB
2026/08/07 19:53:04.730, NVIDIA H200, 25, 0 %, 0 %, 529 MiB, 143771 MiB
2026/08/07 19:53:07.731, NVIDIA H200, 25, 0 %, 0 %, 529 MiB, 143771 MiB
2026/08/07 19:53:10.731, NVIDIA H200, 25, 0 %, 0 %, 529 MiB, 143771 MiB
2026/08/07 19:53:13.731, NVIDIA H200, 25, 0 %, 0 %, 529 MiB, 143771 MiB
2026/08/07 19:53:16.732, NVIDIA H200, 25, 0 %, 0 %, 529 MiB, 143771 MiB
2026/08/07 19:53:19.732, NVIDIA H200, 25, 0 %, 0 %, 529 MiB, 143771 MiB
2026/08/07 19:53:22.733, NVIDIA H200, 25, 0 %, 0 %, 529 MiB, 143771 MiB
2026/08/07 19:53:25.733, NVIDIA H200, 25, 0 %, 0 %, 529 MiB, 143771 MiB
2026/08/07 19:53:28.734, NVIDIA H200, 25, 0 %, 0 %, 529 MiB, 143771 MiB
2026/08/07 19:53:31.734, NVIDIA H200, 25, 0 %, 0 %, 529 MiB, 143771 MiB
2026/08/07 19:53:34.735, NVIDIA H200, 25, 0 %, 0 %, 529 MiB, 143771 MiB
2026/08/07 19:53:37.735, NVIDIA H200, 25, 0 %, 0 %, 529 MiB, 143771 MiB
2026/08/07 19:53:40.735, NVIDIA H200, 25, 0 %, 0 %, 529 MiB, 143771 MiB
2026/08/07 19:53:43.736, NVIDIA H200, 25, 0 %, 0 %, 529 MiB, 143771 MiB
2026/08/07 19:53:46.736, NVIDIA H200, 25, 0 %, 0 %, 529 MiB, 143771 MiB
2026/08/07 19:53:49.737, NVIDIA H200, 25, 0 %, 0 %, 529 MiB, 143771 MiB
2026/08/07 19:53:52.737, NVIDIA H200, 25, 0 %, 0 %, 529 MiB, 143771 MiB
2026/08/07 19:53:55.737, NVIDIA H200, 25, 0 %, 0 %, 529 MiB, 143771 MiB
2026/08/07 19:53:58.738, NVIDIA H200, 25, 0 %, 0 %, 529 MiB, 143771 MiB
2026/08/07 19:54:01.738, NVIDIA H200, 25, 0 %, 0 %, 529 MiB, 143771 MiB
2026/08/07 19:54:04.739, NVIDIA H200, 25, 0 %, 0 %, 529 MiB, 143771 MiB
2026/08/07 19:54:07.739, NVIDIA H200, 25, 0 %, 0 %, 529 MiB, 143771 MiB
2026/08/07 19:54:10.740, NVIDIA H200, 25, 0 %, 0 %, 529 MiB, 143771 MiB
2026/08/07 19:54:13.740, NVIDIA H200, 25, 0 %, 0 %, 529 MiB, 143771 MiB
2026/08/07 19:54:16.740, NVIDIA H200, 25, 0 %, 0 %, 529 MiB, 143771 MiB
2026/08/07 19:54:19.741, NVIDIA H200, 25, 0 %, 0 %, 529 MiB, 143771 MiB
2026/08/07 19:54:22.741, NVIDIA H200, 25, 0 %, 0 %, 529 MiB, 143771 MiB
2026/08/07 19:54:25.742, NVIDIA H200, 25, 0 %, 0 %, 529 MiB, 143771 MiB
2026/08/07 19:54:28.742, NVIDIA H200, 25, 0 %, 0 %, 529 MiB, 143771 MiB
2026/08/07 19:54:31.742, NVIDIA H200, 25, 0 %, 0 %, 529 MiB, 143771 MiB
2026/08/07 19:54:34.743, NVIDIA H200, 25, 0 %, 0 %, 529 MiB, 143771 MiB
2026/08/07 19:54:37.743, NVIDIA H200, 25, 0 %, 0 %, 529 MiB, 143771 MiB
2026/08/07 19:54:40.744, NVIDIA H200, 25, 0 %, 0 %, 529 MiB, 143771 MiB
2026/08/07 19:54:43.744, NVIDIA H200, 25, 0 %, 0 %, 529 MiB, 143771 MiB
2026/08/07 19:54:46.745, NVIDIA H200, 25, 0 %, 0 %, 529 MiB, 143771 MiB
2026/08/07 19:54:49.745, NVIDIA H200, 25, 0 %, 0 %, 529 MiB, 143771 MiB
2026/08/07 19:54:52.745, NVIDIA H200, 25, 0 %, 0 %, 529 MiB, 143771 MiB
2026/08/07 19:54:55.746, NVIDIA H200, 25, 0 %, 0 %, 529 MiB, 143771 MiB
2026/08/07 19:54:58.746, NVIDIA H200, 25, 0 %, 0 %, 529 MiB, 143771 MiB
2026/08/07 19:55:01.747, NVIDIA H200, 25, 0 %, 0 %, 529 MiB, 143771 MiB
2026/08/07 19:55:04.747, NVIDIA H200, 25, 0 %, 0 %, 529 MiB, 143771 MiB
2026/08/07 19:55:07.747, NVIDIA H200, 25, 0 %, 0 %, 529 MiB, 143771 MiB
2026/08/07 19:55:10.748, NVIDIA H200, 25, 0 %, 0 %, 529 MiB, 143771 MiB
2026/08/07 19:55:13.748, NVIDIA H200, 25, 0 %, 0 %, 529 MiB, 143771 MiB
2026/08/07 19:55:16.749, NVIDIA H200, 25, 0 %, 0 %, 529 MiB, 143771 MiB
2026/08/07 19:55:19.749, NVIDIA H200, 25, 0 %, 0 %, 529 MiB, 143771 MiB
2026/08/07 19:55:22.749, NVIDIA H200, 25, 0 %, 0 %, 529 MiB, 143771 MiB
2026/08/07 19:55:25.750, NVIDIA H200, 25, 0 %, 0 %, 529 MiB, 143771 MiB
2026/08/07 19:55:28.750, NVIDIA H200, 25, 0 %, 0 %, 529 MiB, 143771 MiB
2026/08/07 19:55:31.751, NVIDIA H200, 25, 0 %, 0 %, 529 MiB, 143771 MiB
2026/08/07 19:55:34.751, NVIDIA H200, 25, 0 %, 0 %, 529 MiB, 143771 MiB
2026/08/07 19:55:37.751, NVIDIA H200, 25, 0 %, 0 %, 529 MiB, 143771 MiB
2026/08/07 19:55:40.752, NVIDIA H200, 25, 0 %, 0 %, 529 MiB, 143771 MiB
2026/08/07 19:55:43.752, NVIDIA H200, 25, 0 %, 0 %, 529 MiB, 143771 MiB
2026/08/07 19:55:46.753, NVIDIA H200, 25, 0 %, 0 %, 529 MiB, 143771 MiB
2026/08/07 19:55:49.753, NVIDIA H200, 25, 0 %, 0 %, 529 MiB, 143771 MiB
2026/08/07 19:55:52.753, NVIDIA H200, 25, 0 %, 0 %, 529 MiB, 143771 MiB
2026/08/07 19:55:55.754, NVIDIA H200, 25, 0 %, 0 %, 529 MiB, 143771 MiB
2026/08/07 19:55:58.754, NVIDIA H200, 25, 0 %, 0 %, 529 MiB, 143771 MiB
2026/08/07 19:56:01.755, NVIDIA H200, 25, 0 %, 0 %, 529 MiB, 143771 MiB
2026/08/07 19:56:04.755, NVIDIA H200, 25, 0 %, 0 %, 529 MiB, 143771 MiB
2026/08/07 19:56:07.755, NVIDIA H200, 25, 0 %, 0 %, 529 MiB, 143771 MiB
2026/08/07 19:56:10.756, NVIDIA H200, 25, 0 %, 0 %, 529 MiB, 143771 MiB
2026/08/07 19:56:13.756, NVIDIA H200, 25, 0 %, 0 %, 529 MiB, 143771 MiB
2026/08/07 19:56:16.757, NVIDIA H200, 25, 0 %, 0 %, 529 MiB, 143771 MiB
2026/08/07 19:56:19.757, NVIDIA H200, 25, 0 %, 0 %, 529 MiB, 143771 MiB
2026/08/07 19:56:22.757, NVIDIA H200, 25, 0 %, 0 %, 529 MiB, 143771 MiB
2026/08/07 19:56:25.758, NVIDIA H200, 25, 0 %, 0 %, 529 MiB, 143771 MiB
2026/08/07 19:56:28.758, NVIDIA H200, 25, 0 %, 0 %, 529 MiB, 143771 MiB
2026/08/07 19:56:31.759, NVIDIA H200, 25, 0 %, 0 %, 529 MiB, 143771 MiB
2026/08/07 19:56:34.759, NVIDIA H200, 25, 0 %, 0 %, 529 MiB, 143771 MiB
2026/08/07 19:56:37.759, NVIDIA H200, 25, 0 %, 0 %, 529 MiB, 143771 MiB
2026/08/07 19:56:40.760, NVIDIA H200, 25, 0 %, 0 %, 529 MiB, 143771 MiB
2026/08/07 19:56:43.760, NVIDIA H200, 25, 0 %, 0 %, 529 MiB, 143771 MiB
2026/08/07 19:56:46.761, NVIDIA H200, 25, 0 %, 0 %, 529 MiB, 143771 MiB
2026/08/07 19:56:49.761, NVIDIA H200, 25, 0 %, 0 %, 529 MiB, 143771 MiB
2026/08/07 19:56:52.762, NVIDIA H200, 25, 0 %, 0 %, 529 MiB, 143771 MiB
2026/08/07 19:56:55.762, NVIDIA H200, 25, 0 %, 0 %, 529 MiB, 143771 MiB
2026/08/07 19:56:58.762, NVIDIA H200, 25, 0 %, 0 %, 529 MiB, 143771 MiB
2026/08/07 19:57:01.763, NVIDIA H200, 25, 0 %, 0 %, 529 MiB, 143771 MiB
2026/08/07 19:57:04.763, NVIDIA H200, 25, 0 %, 0 %, 529 MiB, 143771 MiB
2026/08/07 19:57:07.764, NVIDIA H200, 25, 0 %, 0 %, 529 MiB, 143771 MiB
2026/08/07 19:57:10.764, NVIDIA H200, 25, 0 %, 0 %, 529 MiB, 143771 MiB
2026/08/07 19:57:13.765, NVIDIA H200, 25, 0 %, 0 %, 529 MiB, 143771 MiB
2026/08/07 19:57:16.765, NVIDIA H200, 25, 0 %, 0 %, 529 MiB, 143771 MiB
2026/08/07 19:57:19.765, NVIDIA H200, 25, 0 %, 0 %, 529 MiB, 143771 MiB
2026/08/07 19:57:22.766, NVIDIA H200, 25, 0 %, 0 %, 529 MiB, 143771 MiB
2026/08/07 19:57:25.766, NVIDIA H200, 25, 0 %, 0 %, 529 MiB, 143771 MiB
2026/08/07 19:57:28.767, NVIDIA H200, 25, 0 %, 0 %, 529 MiB, 143771 MiB
2026/08/07 19:57:31.767, NVIDIA H200, 25, 0 %, 0 %, 529 MiB, 143771 MiB
2026/08/07 19:57:34.767, NVIDIA H200, 25, 0 %, 0 %, 529 MiB, 143771 MiB
2026/08/07 19:57:37.768, NVIDIA H200, 25, 0 %, 0 %, 529 MiB, 143771 MiB
2026/08/07 19:57:40.768, NVIDIA H200, 25, 0 %, 0 %, 529 MiB, 143771 MiB
2026/08/07 19:57:43.769, NVIDIA H200, 25, 0 %, 0 %, 529 MiB, 143771 MiB
2026/08/07 19:57:46.769, NVIDIA H200, 25, 0 %, 0 %, 529 MiB, 143771 MiB
2026/08/07 19:57:49.770, NVIDIA H200, 25, 0 %, 0 %, 529 MiB, 143771 MiB
2026/08/07 19:57:52.770, NVIDIA H200, 25, 0 %, 0 %, 529 MiB, 143771 MiB
2026/08/07 19:57:55.770, NVIDIA H200, 25, 0 %, 0 %, 529 MiB, 143771 MiB
2026/08/07 19:57:58.771, NVIDIA H200, 25, 0 %, 0 %, 529 MiB, 143771 MiB
2026/08/07 19:58:01.771, NVIDIA H200, 25, 0 %, 0 %, 529 MiB, 143771 MiB
2026/08/07 19:58:04.772, NVIDIA H200, 25, 0 %, 0 %, 529 MiB, 143771 MiB
2026/08/07 19:58:07.772, NVIDIA H200, 25, 0 %, 0 %, 529 MiB, 143771 MiB
2026/08/07 19:58:10.773, NVIDIA H200, 25, 0 %, 0 %, 529 MiB, 143771 MiB
2026/08/07 19:58:13.773, NVIDIA H200, 25, 0 %, 0 %, 529 MiB, 143771 MiB
2026/08/07 19:58:16.773, NVIDIA H200, 25, 0 %, 0 %, 529 MiB, 143771 MiB
2026/08/07 19:58:19.774, NVIDIA H200, 25, 0 %, 0 %, 529 MiB, 143771 MiB
2026/08/07 19:58:22.774, NVIDIA H200, 25, 0 %, 0 %, 529 MiB, 143771 MiB
2026/08/07 19:58:25.775, NVIDIA H200, 25, 0 %, 0 %, 529 MiB, 143771 MiB
2026/08/07 19:58:28.775, NVIDIA H200, 25, 0 %, 0 %, 529 MiB, 143771 MiB
2026/08/07 19:58:31.775, NVIDIA H200, 25, 0 %, 0 %, 529 MiB, 143771 MiB
2026/08/07 19:58:34.776, NVIDIA H200, 25, 0 %, 0 %, 529 MiB, 143771 MiB
2026/08/07 19:58:37.776, NVIDIA H200, 25, 0 %, 0 %, 529 MiB, 143771 MiB
2026/08/07 19:58:40.777, NVIDIA H200, 25, 0 %, 0 %, 529 MiB, 143771 MiB
2026/08/07 19:58:43.777, NVIDIA H200, 25, 0 %, 0 %, 529 MiB, 143771 MiB
2026/08/07 19:58:46.777, NVIDIA H200, 25, 0 %, 0 %, 529 MiB, 143771 MiB
2026/08/07 19:58:49.778, NVIDIA H200, 25, 0 %, 0 %, 529 MiB, 143771 MiB
2026/08/07 19:58:52.778, NVIDIA H200, 25, 0 %, 0 %, 529 MiB, 143771 MiB
2026/08/07 19:58:55.779, NVIDIA H200, 25, 0 %, 0 %, 529 MiB, 143771 MiB
2026/08/07 19:58:58.779, NVIDIA H200, 25, 0 %, 0 %, 529 MiB, 143771 MiB
2026/08/07 19:59:01.779, NVIDIA H200, 25, 0 %, 0 %, 529 MiB, 143771 MiB
2026/08/07 19:59:04.780, NVIDIA H200, 25, 0 %, 0 %, 529 MiB, 143771 MiB
2026/08/07 19:59:07.780, NVIDIA H200, 25, 0 %, 0 %, 529 MiB, 143771 MiB
2026/08/07 19:59:10.781, NVIDIA H200, 25, 0 %, 0 %, 529 MiB, 143771 MiB
2026/08/07 19:59:13.781, NVIDIA H200, 25, 0 %, 0 %, 529 MiB, 143771 MiB
2026/08/07 19:59:16.782, NVIDIA H200, 25, 0 %, 0 %, 529 MiB, 143771 MiB
2026/08/07 19:59:19.782, NVIDIA H200, 25, 0 %, 0 %, 529 MiB, 143771 MiB
2026/08/07 19:59:22.782, NVIDIA H200, 25, 0 %, 0 %, 529 MiB, 143771 MiB
2026/08/07 19:59:25.783, NVIDIA H200, 25, 0 %, 0 %, 529 MiB, 143771 MiB
2026/08/07 19:59:28.783, NVIDIA H200, 25, 0 %, 0 %, 529 MiB, 143771 MiB
2026/08/07 19:59:31.784, NVIDIA H200, 25, 0 %, 0 %, 529 MiB, 143771 MiB
2026/08/07 19:59:34.784, NVIDIA H200, 25, 0 %, 0 %, 529 MiB, 143771 MiB
2026/08/07 19:59:37.785, NVIDIA H200, 25, 0 %, 0 %, 529 MiB, 143771 MiB
2026/08/07 19:59:40.785, NVIDIA H200, 25, 0 %, 0 %, 529 MiB, 143771 MiB
2026/08/07 19:59:43.785, NVIDIA H200, 25, 0 %, 0 %, 529 MiB, 143771 MiB
2026/08/07 19:59:46.786, NVIDIA H200, 25, 0 %, 0 %, 529 MiB, 143771 MiB
2026/08/07 19:59:49.786, NVIDIA H200, 25, 0 %, 0 %, 529 MiB, 143771 MiB
2026/08/07 19:59:52.787, NVIDIA H200, 25, 0 %, 0 %, 529 MiB, 143771 MiB
2026/08/07 19:59:55.787, NVIDIA H200, 25, 0 %, 0 %, 529 MiB, 143771 MiB
2026/08/07 19:59:58.788, NVIDIA H200, 25, 0 %, 0 %, 529 MiB, 143771 MiB
2026/08/07 20:00:01.788, NVIDIA H200, 25, 0 %, 0 %, 529 MiB, 143771 MiB
2026/08/07 20:00:04.789, NVIDIA H200, 25, 0 %, 0 %, 529 MiB, 143771 MiB
2026/08/07 20:00:07.789, NVIDIA H200, 25, 0 %, 0 %, 529 MiB, 143771 MiB
2026/08/07 20:00:10.790, NVIDIA H200, 25, 0 %, 0 %, 529 MiB, 143771 MiB
2026/08/07 20:00:13.790, NVIDIA H200, 25, 0 %, 0 %, 529 MiB, 143771 MiB
2026/08/07 20:00:16.791, NVIDIA H200, 25, 0 %, 0 %, 529 MiB, 143771 MiB
2026/08/07 20:00:19.791, NVIDIA H200, 25, 0 %, 0 %, 529 MiB, 143771 MiB
2026/08/07 20:00:22.792, NVIDIA H200, 25, 0 %, 0 %, 529 MiB, 143771 MiB
2026/08/07 20:00:25.792, NVIDIA H200, 25, 0 %, 0 %, 529 MiB, 143771 MiB
2026/08/07 20:00:28.793, NVIDIA H200, 25, 0 %, 0 %, 529 MiB, 143771 MiB
2026/08/07 20:00:31.793, NVIDIA H200, 25, 0 %, 0 %, 529 MiB, 143771 MiB
2026/08/07 20:00:34.793, NVIDIA H200, 25, 0 %, 0 %, 529 MiB, 143771 MiB
2026/08/07 20:00:37.794, NVIDIA H200, 25, 0 %, 0 %, 529 MiB, 143771 MiB
2026/08/07 20:00:40.794, NVIDIA H200, 25, 0 %, 0 %, 529 MiB, 143771 MiB
2026/08/07 20:00:43.795, NVIDIA H200, 25, 0 %, 0 %, 529 MiB, 143771 MiB
2026/08/07 20:00:46.795, NVIDIA H200, 25, 0 %, 0 %, 529 MiB, 143771 MiB
2026/08/07 20:00:49.795, NVIDIA H200, 25, 0 %, 0 %, 529 MiB, 143771 MiB
2026/08/07 20:00:52.796, NVIDIA H200, 25, 0 %, 0 %, 529 MiB, 143771 MiB
2026/08/07 20:00:55.796, NVIDIA H200, 25, 0 %, 0 %, 529 MiB, 143771 MiB
2026/08/07 20:00:58.797, NVIDIA H200, 25, 0 %, 0 %, 529 MiB, 143771 MiB
2026/08/07 20:01:01.797, NVIDIA H200, 25, 0 %, 0 %, 529 MiB, 143771 MiB
2026/08/07 20:01:04.797, NVIDIA H200, 25, 0 %, 0 %, 529 MiB, 143771 MiB
2026/08/07 20:01:07.798, NVIDIA H200, 25, 0 %, 0 %, 529 MiB, 143771 MiB
2026/08/07 20:01:10.798, NVIDIA H200, 25, 0 %, 0 %, 529 MiB, 143771 MiB
2026/08/07 20:01:13.799, NVIDIA H200, 25, 0 %, 0 %, 529 MiB, 143771 MiB
2026/08/07 20:01:16.799, NVIDIA H200, 25, 0 %, 0 %, 529 MiB, 143771 MiB
2026/08/07 20:01:19.799, NVIDIA H200, 25, 0 %, 0 %, 529 MiB, 143771 MiB
2026/08/07 20:01:22.800, NVIDIA H200, 25, 0 %, 0 %, 529 MiB, 143771 MiB
2026/08/07 20:01:25.800, NVIDIA H200, 25, 0 %, 0 %, 529 MiB, 143771 MiB
2026/08/07 20:01:28.801, NVIDIA H200, 25, 0 %, 0 %, 529 MiB, 143771 MiB
2026/08/07 20:01:31.801, NVIDIA H200, 25, 0 %, 0 %, 529 MiB, 143771 MiB
2026/08/07 20:01:34.802, NVIDIA H200, 25, 0 %, 0 %, 529 MiB, 143771 MiB
2026/08/07 20:01:37.802, NVIDIA H200, 25, 0 %, 0 %, 529 MiB, 143771 MiB
2026/08/07 20:01:40.803, NVIDIA H200, 25, 0 %, 0 %, 529 MiB, 143771 MiB
2026/08/07 20:01:43.803, NVIDIA H200, 25, 0 %, 0 %, 529 MiB, 143771 MiB
2026/08/07 20:01:46.803, NVIDIA H200, 25, 0 %, 0 %, 529 MiB, 143771 MiB
2026/08/07 20:01:49.804, NVIDIA H200, 25, 0 %, 0 %, 529 MiB, 143771 MiB
2026/08/07 20:01:52.804, NVIDIA H200, 25, 0 %, 0 %, 529 MiB, 143771 MiB
2026/08/07 20:01:55.805, NVIDIA H200, 25, 0 %, 0 %, 529 MiB, 143771 MiB
2026/08/07 20:01:58.805, NVIDIA H200, 25, 0 %, 0 %, 529 MiB, 143771 MiB
2026/08/07 20:02:01.805, NVIDIA H200, 25, 0 %, 0 %, 529 MiB, 143771 MiB
2026/08/07 20:02:04.806, NVIDIA H200, 25, 0 %, 0 %, 529 MiB, 143771 MiB
2026/08/07 20:02:07.806, NVIDIA H200, 25, 0 %, 0 %, 529 MiB, 143771 MiB
2026/08/07 20:02:10.807, NVIDIA H200, 25, 0 %, 0 %, 529 MiB, 143771 MiB
2026/08/07 20:02:13.807, NVIDIA H200, 25, 0 %, 0 %, 529 MiB, 143771 MiB
2026/08/07 20:02:16.807, NVIDIA H200, 25, 0 %, 0 %, 529 MiB, 143771 MiB
2026/08/07 20:02:19.808, NVIDIA H200, 25, 0 %, 0 %, 529 MiB, 143771 MiB
2026/08/07 20:02:22.808, NVIDIA H200, 25, 0 %, 0 %, 529 MiB, 143771 MiB
2026/08/07 20:02:25.808, NVIDIA H200, 25, 0 %, 0 %, 529 MiB, 143771 MiB
2026/08/07 20:02:28.809, NVIDIA H200, 25, 0 %, 0 %, 529 MiB, 143771 MiB
2026/08/07 20:02:31.809, NVIDIA H200, 25, 0 %, 0 %, 529 MiB, 143771 MiB
2026/08/07 20:02:34.810, NVIDIA H200, 25, 0 %, 0 %, 529 MiB, 143771 MiB
2026/08/07 20:02:37.810, NVIDIA H200, 25, 0 %, 0 %, 529 MiB, 143771 MiB
2026/08/07 20:02:40.811, NVIDIA H200, 25, 0 %, 0 %, 529 MiB, 143771 MiB
2026/08/07 20:02:43.811, NVIDIA H200, 25, 0 %, 0 %, 529 MiB, 143771 MiB
2026/08/07 20:02:46.811, NVIDIA H200, 25, 0 %, 0 %, 529 MiB, 143771 MiB
2026/08/07 20:02:49.812, NVIDIA H200, 25, 0 %, 0 %, 529 MiB, 143771 MiB
2026/08/07 20:02:52.812, NVIDIA H200, 25, 0 %, 0 %, 529 MiB, 143771 MiB
2026/08/07 20:02:55.813, NVIDIA H200, 25, 0 %, 0 %, 529 MiB, 143771 MiB
2026/08/07 20:02:58.813, NVIDIA H200, 25, 0 %, 0 %, 529 MiB, 143771 MiB
2026/08/07 20:03:01.813, NVIDIA H200, 25, 0 %, 0 %, 529 MiB, 143771 MiB
2026/08/07 20:03:04.814, NVIDIA H200, 25, 0 %, 0 %, 529 MiB, 143771 MiB
2026/08/07 20:03:07.815, NVIDIA H200, 25, 0 %, 0 %, 529 MiB, 143771 MiB
2026/08/07 20:03:10.815, NVIDIA H200, 25, 0 %, 0 %, 529 MiB, 143771 MiB
2026/08/07 20:03:13.815, NVIDIA H200, 25, 0 %, 0 %, 529 MiB, 143771 MiB
2026/08/07 20:03:16.816, NVIDIA H200, 24, 0 %, 0 %, 529 MiB, 143771 MiB
2026/08/07 20:03:19.816, NVIDIA H200, 24, 0 %, 0 %, 529 MiB, 143771 MiB
2026/08/07 20:03:22.817, NVIDIA H200, 24, 0 %, 0 %, 529 MiB, 143771 MiB
2026/08/07 20:03:25.817, NVIDIA H200, 24, 0 %, 0 %, 529 MiB, 143771 MiB
2026/08/07 20:03:28.818, NVIDIA H200, 24, 0 %, 0 %, 529 MiB, 143771 MiB
2026/08/07 20:03:31.818, NVIDIA H200, 24, 0 %, 0 %, 529 MiB, 143771 MiB
2026/08/07 20:03:34.818, NVIDIA H200, 24, 0 %, 0 %, 529 MiB, 143771 MiB
2026/08/07 20:03:37.819, NVIDIA H200, 24, 0 %, 0 %, 529 MiB, 143771 MiB
2026/08/07 20:03:40.819, NVIDIA H200, 25, 0 %, 0 %, 529 MiB, 143771 MiB
2026/08/07 20:03:43.820, NVIDIA H200, 24, 0 %, 0 %, 529 MiB, 143771 MiB
2026/08/07 20:03:46.820, NVIDIA H200, 24, 0 %, 0 %, 529 MiB, 143771 MiB
2026/08/07 20:03:49.820, NVIDIA H200, 25, 0 %, 0 %, 529 MiB, 143771 MiB
2026/08/07 20:03:52.821, NVIDIA H200, 25, 0 %, 0 %, 529 MiB, 143771 MiB
2026/08/07 20:03:55.821, NVIDIA H200, 25, 0 %, 0 %, 529 MiB, 143771 MiB
2026/08/07 20:03:58.822, NVIDIA H200, 25, 0 %, 0 %, 529 MiB, 143771 MiB
2026/08/07 20:04:01.822, NVIDIA H200, 25, 0 %, 0 %, 529 MiB, 143771 MiB
2026/08/07 20:04:04.822, NVIDIA H200, 25, 0 %, 0 %, 529 MiB, 143771 MiB
2026/08/07 20:04:07.823, NVIDIA H200, 25, 0 %, 0 %, 529 MiB, 143771 MiB
2026/08/07 20:04:10.823, NVIDIA H200, 25, 0 %, 0 %, 529 MiB, 143771 MiB
2026/08/07 20:04:13.824, NVIDIA H200, 25, 0 %, 0 %, 529 MiB, 143771 MiB
2026/08/07 20:04:16.824, NVIDIA H200, 25, 0 %, 0 %, 529 MiB, 143771 MiB
2026/08/07 20:04:19.825, NVIDIA H200, 25, 0 %, 0 %, 529 MiB, 143771 MiB
2026/08/07 20:04:22.825, NVIDIA H200, 25, 0 %, 0 %, 529 MiB, 143771 MiB
2026/08/07 20:04:25.825, NVIDIA H200, 25, 0 %, 0 %, 529 MiB, 143771 MiB
2026/08/07 20:04:28.826, NVIDIA H200, 25, 0 %, 0 %, 529 MiB, 143771 MiB
2026/08/07 20:04:31.826, NVIDIA H200, 25, 0 %, 0 %, 529 MiB, 143771 MiB
2026/08/07 20:04:34.827, NVIDIA H200, 25, 0 %, 0 %, 529 MiB, 143771 MiB
2026/08/07 20:04:37.827, NVIDIA H200, 25, 0 %, 0 %, 529 MiB, 143771 MiB
2026/08/07 20:04:40.827, NVIDIA H200, 25, 0 %, 0 %, 529 MiB, 143771 MiB
2026/08/07 20:04:43.828, NVIDIA H200, 25, 0 %, 0 %, 529 MiB, 143771 MiB
2026/08/07 20:04:46.828, NVIDIA H200, 25, 0 %, 0 %, 529 MiB, 143771 MiB
2026/08/07 20:04:49.829, NVIDIA H200, 25, 0 %, 0 %, 529 MiB, 143771 MiB
2026/08/07 20:04:52.829, NVIDIA H200, 25, 0 %, 0 %, 529 MiB, 143771 MiB
2026/08/07 20:04:55.830, NVIDIA H200, 25, 0 %, 0 %, 529 MiB, 143771 MiB
2026/08/07 20:04:58.830, NVIDIA H200, 25, 0 %, 0 %, 529 MiB, 143771 MiB
2026/08/07 20:05:01.830, NVIDIA H200, 25, 0 %, 0 %, 529 MiB, 143771 MiB
2026/08/07 20:05:04.831, NVIDIA H200, 25, 0 %, 0 %, 529 MiB, 143771 MiB
2026/08/07 20:05:07.831, NVIDIA H200, 25, 0 %, 0 %, 529 MiB, 143771 MiB
2026/08/07 20:05:10.831, NVIDIA H200, 25, 0 %, 0 %, 529 MiB, 143771 MiB
2026/08/07 20:05:13.832, NVIDIA H200, 25, 0 %, 0 %, 529 MiB, 143771 MiB
2026/08/07 20:05:16.832, NVIDIA H200, 25, 0 %, 0 %, 529 MiB, 143771 MiB
2026/08/07 20:05:19.833, NVIDIA H200, 25, 0 %, 0 %, 529 MiB, 143771 MiB
2026/08/07 20:05:22.833, NVIDIA H200, 25, 0 %, 0 %, 529 MiB, 143771 MiB
2026/08/07 20:05:25.833, NVIDIA H200, 25, 0 %, 0 %, 529 MiB, 143771 MiB
2026/08/07 20:05:28.834, NVIDIA H200, 25, 0 %, 0 %, 529 MiB, 143771 MiB
2026/08/07 20:05:31.834, NVIDIA H200, 25, 0 %, 0 %, 529 MiB, 143771 MiB
2026/08/07 20:05:34.835, NVIDIA H200, 25, 0 %, 0 %, 529 MiB, 143771 MiB
2026/08/07 20:05:37.835, NVIDIA H200, 25, 0 %, 0 %, 529 MiB, 143771 MiB
2026/08/07 20:05:40.835, NVIDIA H200, 25, 0 %, 0 %, 529 MiB, 143771 MiB
2026/08/07 20:05:43.836, NVIDIA H200, 25, 0 %, 0 %, 529 MiB, 143771 MiB
2026/08/07 20:05:46.836, NVIDIA H200, 25, 0 %, 0 %, 529 MiB, 143771 MiB
2026/08/07 20:05:49.837, NVIDIA H200, 25, 0 %, 0 %, 529 MiB, 143771 MiB
2026/08/07 20:05:52.837, NVIDIA H200, 25, 0 %, 0 %, 529 MiB, 143771 MiB
2026/08/07 20:05:55.838, NVIDIA H200, 25, 0 %, 0 %, 529 MiB, 143771 MiB
2026/08/07 20:05:58.838, NVIDIA H200, 25, 0 %, 0 %, 529 MiB, 143771 MiB
2026/08/07 20:06:01.838, NVIDIA H200, 25, 0 %, 0 %, 529 MiB, 143771 MiB
2026/08/07 20:06:04.839, NVIDIA H200, 25, 0 %, 0 %, 529 MiB, 143771 MiB
2026/08/07 20:06:07.839, NVIDIA H200, 25, 0 %, 0 %, 529 MiB, 143771 MiB
2026/08/07 20:06:10.840, NVIDIA H200, 25, 0 %, 0 %, 529 MiB, 143771 MiB
2026/08/07 20:06:13.840, NVIDIA H200, 25, 0 %, 0 %, 529 MiB, 143771 MiB
2026/08/07 20:06:16.840, NVIDIA H200, 25, 0 %, 0 %, 529 MiB, 143771 MiB
2026/08/07 20:06:19.841, NVIDIA H200, 25, 0 %, 0 %, 529 MiB, 143771 MiB
2026/08/07 20:06:22.841, NVIDIA H200, 25, 0 %, 0 %, 529 MiB, 143771 MiB
2026/08/07 20:06:25.842, NVIDIA H200, 25, 0 %, 0 %, 529 MiB, 143771 MiB
2026/08/07 20:06:28.842, NVIDIA H200, 25, 0 %, 0 %, 529 MiB, 143771 MiB
2026/08/07 20:06:31.843, NVIDIA H200, 25, 0 %, 0 %, 529 MiB, 143771 MiB
2026/08/07 20:06:34.843, NVIDIA H200, 25, 0 %, 0 %, 529 MiB, 143771 MiB
2026/08/07 20:06:37.844, NVIDIA H200, 25, 0 %, 0 %, 529 MiB, 143771 MiB
2026/08/07 20:06:40.844, NVIDIA H200, 25, 0 %, 0 %, 529 MiB, 143771 MiB
2026/08/07 20:06:43.844, NVIDIA H200, 25, 0 %, 0 %, 529 MiB, 143771 MiB
2026/08/07 20:06:46.845, NVIDIA H200, 25, 0 %, 0 %, 529 MiB, 143771 MiB
2026/08/07 20:06:49.845, NVIDIA H200, 25, 0 %, 0 %, 529 MiB, 143771 MiB
2026/08/07 20:06:52.846, NVIDIA H200, 25, 0 %, 0 %, 529 MiB, 143771 MiB
2026/08/07 20:06:55.846, NVIDIA H200, 25, 0 %, 0 %, 529 MiB, 143771 MiB
2026/08/07 20:06:58.846, NVIDIA H200, 25, 0 %, 0 %, 529 MiB, 143771 MiB
2026/08/07 20:07:01.847, NVIDIA H200, 25, 0 %, 0 %, 529 MiB, 143771 MiB
2026/08/07 20:07:04.847, NVIDIA H200, 25, 0 %, 0 %, 529 MiB, 143771 MiB
2026/08/07 20:07:07.848, NVIDIA H200, 25, 0 %, 0 %, 529 MiB, 143771 MiB
2026/08/07 20:07:10.848, NVIDIA H200, 25, 0 %, 0 %, 529 MiB, 143771 MiB
2026/08/07 20:07:13.848, NVIDIA H200, 25, 0 %, 0 %, 529 MiB, 143771 MiB
2026/08/07 20:07:16.849, NVIDIA H200, 25, 0 %, 0 %, 529 MiB, 143771 MiB
2026/08/07 20:07:19.849, NVIDIA H200, 25, 0 %, 0 %, 529 MiB, 143771 MiB
2026/08/07 20:07:22.850, NVIDIA H200, 25, 0 %, 0 %, 529 MiB, 143771 MiB
2026/08/07 20:07:25.850, NVIDIA H200, 25, 0 %, 0 %, 529 MiB, 143771 MiB
2026/08/07 20:07:28.851, NVIDIA H200, 25, 0 %, 0 %, 529 MiB, 143771 MiB
2026/08/07 20:07:31.851, NVIDIA H200, 25, 0 %, 0 %, 529 MiB, 143771 MiB
2026/08/07 20:07:34.852, NVIDIA H200, 25, 0 %, 0 %, 529 MiB, 143771 MiB
2026/08/07 20:07:37.852, NVIDIA H200, 25, 0 %, 0 %, 529 MiB, 143771 MiB
2026/08/07 20:07:40.852, NVIDIA H200, 25, 0 %, 0 %, 529 MiB, 143771 MiB
2026/08/07 20:07:43.853, NVIDIA H200, 25, 0 %, 0 %, 529 MiB, 143771 MiB
2026/08/07 20:07:46.853, NVIDIA H200, 25, 0 %, 0 %, 529 MiB, 143771 MiB
2026/08/07 20:07:49.854, NVIDIA H200, 25, 0 %, 0 %, 529 MiB, 143771 MiB
2026/08/07 20:07:52.854, NVIDIA H200, 25, 0 %, 0 %, 529 MiB, 143771 MiB
2026/08/07 20:07:55.854, NVIDIA H200, 25, 0 %, 0 %, 529 MiB, 143771 MiB
2026/08/07 20:07:58.855, NVIDIA H200, 25, 0 %, 0 %, 529 MiB, 143771 MiB
2026/08/07 20:08:01.855, NVIDIA H200, 25, 0 %, 0 %, 529 MiB, 143771 MiB
2026/08/07 20:08:04.856, NVIDIA H200, 25, 0 %, 0 %, 529 MiB, 143771 MiB
2026/08/07 20:08:07.856, NVIDIA H200, 25, 0 %, 0 %, 529 MiB, 143771 MiB
2026/08/07 20:08:10.856, NVIDIA H200, 25, 0 %, 0 %, 529 MiB, 143771 MiB
2026/08/07 20:08:13.857, NVIDIA H200, 25, 0 %, 0 %, 529 MiB, 143771 MiB
2026/08/07 20:08:16.857, NVIDIA H200, 25, 0 %, 0 %, 529 MiB, 143771 MiB
2026/08/07 20:08:19.858, NVIDIA H200, 25, 0 %, 0 %, 529 MiB, 143771 MiB
2026/08/07 20:08:22.858, NVIDIA H200, 25, 0 %, 0 %, 529 MiB, 143771 MiB
2026/08/07 20:08:25.858, NVIDIA H200, 25, 0 %, 0 %, 529 MiB, 143771 MiB
2026/08/07 20:08:28.859, NVIDIA H200, 25, 0 %, 0 %, 529 MiB, 143771 MiB
2026/08/07 20:08:31.859, NVIDIA H200, 25, 0 %, 0 %, 529 MiB, 143771 MiB
2026/08/07 20:08:34.860, NVIDIA H200, 25, 0 %, 0 %, 529 MiB, 143771 MiB
2026/08/07 20:08:37.860, NVIDIA H200, 25, 0 %, 0 %, 529 MiB, 143771 MiB
2026/08/07 20:08:40.860, NVIDIA H200, 25, 0 %, 0 %, 529 MiB, 143771 MiB
2026/08/07 20:08:43.861, NVIDIA H200, 25, 0 %, 0 %, 529 MiB, 143771 MiB
2026/08/07 20:08:46.861, NVIDIA H200, 25, 0 %, 0 %, 529 MiB, 143771 MiB
2026/08/07 20:08:49.862, NVIDIA H200, 25, 0 %, 0 %, 529 MiB, 143771 MiB
2026/08/07 20:08:52.862, NVIDIA H200, 25, 0 %, 0 %, 529 MiB, 143771 MiB
2026/08/07 20:08:55.862, NVIDIA H200, 25, 0 %, 0 %, 529 MiB, 143771 MiB
2026/08/07 20:08:58.863, NVIDIA H200, 25, 0 %, 0 %, 529 MiB, 143771 MiB
2026/08/07 20:09:01.863, NVIDIA H200, 25, 0 %, 0 %, 529 MiB, 143771 MiB
2026/08/07 20:09:04.864, NVIDIA H200, 25, 0 %, 0 %, 529 MiB, 143771 MiB
2026/08/07 20:09:07.864, NVIDIA H200, 25, 0 %, 0 %, 529 MiB, 143771 MiB
2026/08/07 20:09:10.864, NVIDIA H200, 25, 0 %, 0 %, 529 MiB, 143771 MiB
2026/08/07 20:09:13.865, NVIDIA H200, 25, 0 %, 0 %, 529 MiB, 143771 MiB
2026/08/07 20:09:16.865, NVIDIA H200, 25, 0 %, 0 %, 529 MiB, 143771 MiB
2026/08/07 20:09:19.866, NVIDIA H200, 25, 0 %, 0 %, 529 MiB, 143771 MiB
2026/08/07 20:09:22.866, NVIDIA H200, 25, 0 %, 0 %, 529 MiB, 143771 MiB
2026/08/07 20:09:25.866, NVIDIA H200, 25, 0 %, 0 %, 529 MiB, 143771 MiB
2026/08/07 20:09:28.867, NVIDIA H200, 25, 0 %, 0 %, 529 MiB, 143771 MiB
2026/08/07 20:09:31.867, NVIDIA H200, 25, 0 %, 0 %, 529 MiB, 143771 MiB
2026/08/07 20:09:34.868, NVIDIA H200, 25, 0 %, 0 %, 529 MiB, 143771 MiB
2026/08/07 20:09:37.868, NVIDIA H200, 25, 0 %, 0 %, 529 MiB, 143771 MiB
2026/08/07 20:09:40.868, NVIDIA H200, 25, 0 %, 0 %, 529 MiB, 143771 MiB
2026/08/07 20:09:43.869, NVIDIA H200, 25, 0 %, 0 %, 529 MiB, 143771 MiB
2026/08/07 20:09:46.869, NVIDIA H200, 25, 0 %, 0 %, 529 MiB, 143771 MiB
2026/08/07 20:09:49.870, NVIDIA H200, 25, 0 %, 0 %, 529 MiB, 143771 MiB
2026/08/07 20:09:52.870, NVIDIA H200, 25, 0 %, 0 %, 529 MiB, 143771 MiB
2026/08/07 20:09:55.870, NVIDIA H200, 25, 0 %, 0 %, 529 MiB, 143771 MiB
2026/08/07 20:09:58.871, NVIDIA H200, 25, 0 %, 0 %, 529 MiB, 143771 MiB
2026/08/07 20:10:01.871, NVIDIA H200, 25, 0 %, 0 %, 529 MiB, 143771 MiB
2026/08/07 20:10:04.872, NVIDIA H200, 25, 0 %, 0 %, 529 MiB, 143771 MiB
2026/08/07 20:10:07.872, NVIDIA H200, 25, 0 %, 0 %, 529 MiB, 143771 MiB
2026/08/07 20:10:10.873, NVIDIA H200, 25, 0 %, 0 %, 529 MiB, 143771 MiB
2026/08/07 20:10:13.873, NVIDIA H200, 25, 0 %, 0 %, 529 MiB, 143771 MiB
2026/08/07 20:10:16.873, NVIDIA H200, 25, 0 %, 0 %, 529 MiB, 143771 MiB
2026/08/07 20:10:19.874, NVIDIA H200, 25, 0 %, 0 %, 529 MiB, 143771 MiB
2026/08/07 20:10:22.874, NVIDIA H200, 25, 0 %, 0 %, 529 MiB, 143771 MiB
2026/08/07 20:10:25.875, NVIDIA H200, 25, 0 %, 0 %, 529 MiB, 143771 MiB
2026/08/07 20:10:28.875, NVIDIA H200, 25, 0 %, 0 %, 529 MiB, 143771 MiB
2026/08/07 20:10:31.875, NVIDIA H200, 25, 0 %, 0 %, 529 MiB, 143771 MiB
2026/08/07 20:10:34.876, NVIDIA H200, 25, 0 %, 0 %, 529 MiB, 143771 MiB
2026/08/07 20:10:37.876, NVIDIA H200, 25, 0 %, 0 %, 529 MiB, 143771 MiB
2026/08/07 20:10:40.877, NVIDIA H200, 25, 0 %, 0 %, 529 MiB, 143771 MiB
2026/08/07 20:10:43.877, NVIDIA H200, 25, 0 %, 0 %, 529 MiB, 143771 MiB
2026/08/07 20:10:46.878, NVIDIA H200, 25, 0 %, 0 %, 529 MiB, 143771 MiB
2026/08/07 20:10:49.878, NVIDIA H200, 25, 0 %, 0 %, 529 MiB, 143771 MiB
2026/08/07 20:10:52.878, NVIDIA H200, 25, 0 %, 0 %, 529 MiB, 143771 MiB
2026/08/07 20:10:55.879, NVIDIA H200, 25, 0 %, 0 %, 529 MiB, 143771 MiB
2026/08/07 20:10:58.879, NVIDIA H200, 25, 0 %, 0 %, 529 MiB, 143771 MiB
2026/08/07 20:11:01.879, NVIDIA H200, 25, 0 %, 0 %, 529 MiB, 143771 MiB
2026/08/07 20:11:04.880, NVIDIA H200, 25, 0 %, 0 %, 529 MiB, 143771 MiB
2026/08/07 20:11:07.880, NVIDIA H200, 25, 0 %, 0 %, 529 MiB, 143771 MiB
2026/08/07 20:11:10.881, NVIDIA H200, 25, 0 %, 0 %, 529 MiB, 143771 MiB
2026/08/07 20:11:13.881, NVIDIA H200, 25, 0 %, 0 %, 529 MiB, 143771 MiB
2026/08/07 20:11:16.882, NVIDIA H200, 25, 0 %, 0 %, 529 MiB, 143771 MiB
2026/08/07 20:11:19.882, NVIDIA H200, 25, 0 %, 0 %, 529 MiB, 143771 MiB
2026/08/07 20:11:22.883, NVIDIA H200, 25, 0 %, 0 %, 529 MiB, 143771 MiB
2026/08/07 20:11:25.883, NVIDIA H200, 25, 0 %, 0 %, 529 MiB, 143771 MiB
2026/08/07 20:11:28.883, NVIDIA H200, 25, 0 %, 0 %, 529 MiB, 143771 MiB
2026/08/07 20:11:31.884, NVIDIA H200, 25, 0 %, 0 %, 529 MiB, 143771 MiB
2026/08/07 20:11:34.884, NVIDIA H200, 25, 0 %, 0 %, 529 MiB, 143771 MiB
2026/08/07 20:11:37.885, NVIDIA H200, 25, 0 %, 0 %, 529 MiB, 143771 MiB
2026/08/07 20:11:40.885, NVIDIA H200, 25, 0 %, 0 %, 529 MiB, 143771 MiB
2026/08/07 20:11:43.885, NVIDIA H200, 25, 0 %, 0 %, 529 MiB, 143771 MiB
2026/08/07 20:11:46.886, NVIDIA H200, 25, 0 %, 0 %, 529 MiB, 143771 MiB
2026/08/07 20:11:49.886, NVIDIA H200, 25, 0 %, 0 %, 529 MiB, 143771 MiB
2026/08/07 20:11:52.887, NVIDIA H200, 25, 0 %, 0 %, 529 MiB, 143771 MiB
2026/08/07 20:11:55.887, NVIDIA H200, 25, 0 %, 0 %, 529 MiB, 143771 MiB
2026/08/07 20:11:58.888, NVIDIA H200, 25, 0 %, 0 %, 529 MiB, 143771 MiB
2026/08/07 20:12:01.888, NVIDIA H200, 25, 0 %, 0 %, 529 MiB, 143771 MiB
2026/08/07 20:12:04.889, NVIDIA H200, 25, 0 %, 0 %, 529 MiB, 143771 MiB
2026/08/07 20:12:07.889, NVIDIA H200, 25, 0 %, 0 %, 529 MiB, 143771 MiB
2026/08/07 20:12:10.890, NVIDIA H200, 25, 0 %, 0 %, 529 MiB, 143771 MiB
2026/08/07 20:12:13.890, NVIDIA H200, 25, 0 %, 0 %, 529 MiB, 143771 MiB
2026/08/07 20:12:16.890, NVIDIA H200, 25, 0 %, 0 %, 529 MiB, 143771 MiB
2026/08/07 20:12:19.891, NVIDIA H200, 25, 0 %, 0 %, 529 MiB, 143771 MiB
2026/08/07 20:12:22.891, NVIDIA H200, 25, 0 %, 0 %, 529 MiB, 143771 MiB
2026/08/07 20:12:25.892, NVIDIA H200, 25, 0 %, 0 %, 529 MiB, 143771 MiB
2026/08/07 20:12:28.892, NVIDIA H200, 25, 0 %, 0 %, 529 MiB, 143771 MiB
2026/08/07 20:12:31.892, NVIDIA H200, 25, 0 %, 0 %, 529 MiB, 143771 MiB
2026/08/07 20:12:34.893, NVIDIA H200, 25, 0 %, 0 %, 529 MiB, 143771 MiB
2026/08/07 20:12:37.893, NVIDIA H200, 25, 0 %, 0 %, 529 MiB, 143771 MiB
2026/08/07 20:12:40.894, NVIDIA H200, 25, 0 %, 0 %, 529 MiB, 143771 MiB
2026/08/07 20:12:43.894, NVIDIA H200, 25, 0 %, 0 %, 529 MiB, 143771 MiB
2026/08/07 20:12:46.895, NVIDIA H200, 25, 0 %, 0 %, 529 MiB, 143771 MiB
2026/08/07 20:12:49.895, NVIDIA H200, 25, 0 %, 0 %, 529 MiB, 143771 MiB
2026/08/07 20:12:52.895, NVIDIA H200, 25, 0 %, 0 %, 529 MiB, 143771 MiB
2026/08/07 20:12:55.896, NVIDIA H200, 25, 0 %, 0 %, 529 MiB, 143771 MiB
2026/08/07 20:12:58.896, NVIDIA H200, 25, 0 %, 0 %, 529 MiB, 143771 MiB
2026/08/07 20:13:01.897, NVIDIA H200, 25, 0 %, 0 %, 529 MiB, 143771 MiB
2026/08/07 20:13:04.897, NVIDIA H200, 25, 0 %, 0 %, 529 MiB, 143771 MiB
2026/08/07 20:13:07.897, NVIDIA H200, 25, 0 %, 0 %, 529 MiB, 143771 MiB
2026/08/07 20:13:10.898, NVIDIA H200, 25, 0 %, 0 %, 529 MiB, 143771 MiB
2026/08/07 20:13:13.898, NVIDIA H200, 25, 0 %, 0 %, 529 MiB, 143771 MiB
2026/08/07 20:13:16.899, NVIDIA H200, 25, 0 %, 0 %, 529 MiB, 143771 MiB
2026/08/07 20:13:19.899, NVIDIA H200, 25, 0 %, 0 %, 529 MiB, 143771 MiB
2026/08/07 20:13:22.900, NVIDIA H200, 25, 0 %, 0 %, 529 MiB, 143771 MiB
2026/08/07 20:13:25.900, NVIDIA H200, 25, 0 %, 0 %, 529 MiB, 143771 MiB
2026/08/07 20:13:28.900, NVIDIA H200, 25, 0 %, 0 %, 529 MiB, 143771 MiB
2026/08/07 20:13:31.901, NVIDIA H200, 25, 0 %, 0 %, 529 MiB, 143771 MiB
2026/08/07 20:13:34.901, NVIDIA H200, 25, 0 %, 0 %, 529 MiB, 143771 MiB
2026/08/07 20:13:37.902, NVIDIA H200, 25, 0 %, 0 %, 529 MiB, 143771 MiB
2026/08/07 20:13:40.902, NVIDIA H200, 25, 0 %, 0 %, 529 MiB, 143771 MiB
2026/08/07 20:13:43.903, NVIDIA H200, 25, 0 %, 0 %, 529 MiB, 143771 MiB
2026/08/07 20:13:46.903, NVIDIA H200, 25, 0 %, 0 %, 529 MiB, 143771 MiB
2026/08/07 20:13:49.903, NVIDIA H200, 25, 0 %, 0 %, 529 MiB, 143771 MiB
2026/08/07 20:13:52.904, NVIDIA H200, 25, 0 %, 0 %, 529 MiB, 143771 MiB
2026/08/07 20:13:55.904, NVIDIA H200, 25, 0 %, 0 %, 529 MiB, 143771 MiB
2026/08/07 20:13:58.905, NVIDIA H200, 25, 0 %, 0 %, 529 MiB, 143771 MiB
2026/08/07 20:14:01.905, NVIDIA H200, 25, 0 %, 0 %, 529 MiB, 143771 MiB
2026/08/07 20:14:04.906, NVIDIA H200, 25, 0 %, 0 %, 529 MiB, 143771 MiB
2026/08/07 20:14:07.906, NVIDIA H200, 25, 0 %, 0 %, 529 MiB, 143771 MiB
2026/08/07 20:14:10.906, NVIDIA H200, 25, 0 %, 0 %, 529 MiB, 143771 MiB
2026/08/07 20:14:13.907, NVIDIA H200, 25, 0 %, 0 %, 529 MiB, 143771 MiB
2026/08/07 20:14:16.907, NVIDIA H200, 25, 0 %, 0 %, 529 MiB, 143771 MiB
2026/08/07 20:14:19.908, NVIDIA H200, 25, 0 %, 0 %, 529 MiB, 143771 MiB
2026/08/07 20:14:22.908, NVIDIA H200, 25, 0 %, 0 %, 529 MiB, 143771 MiB
2026/08/07 20:14:25.908, NVIDIA H200, 25, 0 %, 0 %, 529 MiB, 143771 MiB
2026/08/07 20:14:28.909, NVIDIA H200, 25, 0 %, 0 %, 529 MiB, 143771 MiB
2026/08/07 20:14:31.909, NVIDIA H200, 25, 0 %, 0 %, 529 MiB, 143771 MiB
2026/08/07 20:14:34.910, NVIDIA H200, 25, 0 %, 0 %, 529 MiB, 143771 MiB
2026/08/07 20:14:37.910, NVIDIA H200, 25, 0 %, 0 %, 529 MiB, 143771 MiB
2026/08/07 20:14:40.910, NVIDIA H200, 25, 0 %, 0 %, 529 MiB, 143771 MiB
2026/08/07 20:14:43.911, NVIDIA H200, 25, 0 %, 0 %, 529 MiB, 143771 MiB
2026/08/07 20:14:46.911, NVIDIA H200, 25, 0 %, 0 %, 529 MiB, 143771 MiB
2026/08/07 20:14:49.912, NVIDIA H200, 25, 0 %, 0 %, 529 MiB, 143771 MiB
2026/08/07 20:14:52.912, NVIDIA H200, 25, 0 %, 0 %, 529 MiB, 143771 MiB
2026/08/07 20:14:55.913, NVIDIA H200, 25, 0 %, 0 %, 529 MiB, 143771 MiB
2026/08/07 20:14:58.913, NVIDIA H200, 25, 0 %, 0 %, 529 MiB, 143771 MiB
2026/08/07 20:15:01.913, NVIDIA H200, 25, 0 %, 0 %, 529 MiB, 143771 MiB
2026/08/07 20:15:04.914, NVIDIA H200, 25, 0 %, 0 %, 529 MiB, 143771 MiB
2026/08/07 20:15:07.914, NVIDIA H200, 25, 0 %, 0 %, 529 MiB, 143771 MiB
2026/08/07 20:15:10.915, NVIDIA H200, 25, 0 %, 0 %, 529 MiB, 143771 MiB
2026/08/07 20:15:13.915, NVIDIA H200, 25, 0 %, 0 %, 529 MiB, 143771 MiB
2026/08/07 20:15:16.915, NVIDIA H200, 25, 0 %, 0 %, 529 MiB, 143771 MiB
2026/08/07 20:15:19.916, NVIDIA H200, 25, 0 %, 0 %, 529 MiB, 143771 MiB
2026/08/07 20:15:22.916, NVIDIA H200, 25, 0 %, 0 %, 529 MiB, 143771 MiB
2026/08/07 20:15:25.917, NVIDIA H200, 25, 0 %, 0 %, 529 MiB, 143771 MiB
2026/08/07 20:15:28.917, NVIDIA H200, 25, 0 %, 0 %, 529 MiB, 143771 MiB
2026/08/07 20:15:31.917, NVIDIA H200, 25, 0 %, 0 %, 529 MiB, 143771 MiB
2026/08/07 20:15:34.918, NVIDIA H200, 25, 0 %, 0 %, 529 MiB, 143771 MiB
2026/08/07 20:15:37.918, NVIDIA H200, 25, 0 %, 0 %, 529 MiB, 143771 MiB
2026/08/07 20:15:40.919, NVIDIA H200, 25, 0 %, 0 %, 529 MiB, 143771 MiB
2026/08/07 20:15:43.919, NVIDIA H200, 25, 0 %, 0 %, 529 MiB, 143771 MiB
2026/08/07 20:15:46.919, NVIDIA H200, 25, 0 %, 0 %, 529 MiB, 143771 MiB
2026/08/07 20:15:49.920, NVIDIA H200, 25, 0 %, 0 %, 529 MiB, 143771 MiB
2026/08/07 20:15:52.920, NVIDIA H200, 25, 0 %, 0 %, 529 MiB, 143771 MiB
2026/08/07 20:15:55.921, NVIDIA H200, 25, 0 %, 0 %, 529 MiB, 143771 MiB
2026/08/07 20:15:58.921, NVIDIA H200, 25, 0 %, 0 %, 529 MiB, 143771 MiB
2026/08/07 20:16:01.921, NVIDIA H200, 25, 0 %, 0 %, 529 MiB, 143771 MiB
2026/08/07 20:16:04.922, NVIDIA H200, 25, 0 %, 0 %, 529 MiB, 143771 MiB
2026/08/07 20:16:07.922, NVIDIA H200, 25, 0 %, 0 %, 529 MiB, 143771 MiB
2026/08/07 20:16:10.923, NVIDIA H200, 25, 0 %, 0 %, 529 MiB, 143771 MiB
2026/08/07 20:16:13.923, NVIDIA H200, 25, 0 %, 0 %, 529 MiB, 143771 MiB
2026/08/07 20:16:16.923, NVIDIA H200, 25, 0 %, 0 %, 529 MiB, 143771 MiB
2026/08/07 20:16:19.924, NVIDIA H200, 25, 0 %, 0 %, 529 MiB, 143771 MiB
2026/08/07 20:16:22.924, NVIDIA H200, 25, 0 %, 0 %, 529 MiB, 143771 MiB
2026/08/07 20:16:25.929, NVIDIA H200, 25, 0 %, 0 %, 529 MiB, 143771 MiB
2026/08/07 20:16:28.929, NVIDIA H200, 25, 0 %, 0 %, 529 MiB, 143771 MiB
2026/08/07 20:16:31.930, NVIDIA H200, 25, 0 %, 0 %, 529 MiB, 143771 MiB
2026/08/07 20:16:34.930, NVIDIA H200, 25, 0 %, 0 %, 529 MiB, 143771 MiB
2026/08/07 20:16:37.931, NVIDIA H200, 25, 0 %, 0 %, 529 MiB, 143771 MiB
2026/08/07 20:16:40.931, NVIDIA H200, 25, 0 %, 0 %, 529 MiB, 143771 MiB
2026/08/07 20:16:43.931, NVIDIA H200, 25, 0 %, 0 %, 529 MiB, 143771 MiB
2026/08/07 20:16:46.932, NVIDIA H200, 25, 0 %, 0 %, 529 MiB, 143771 MiB
2026/08/07 20:16:49.932, NVIDIA H200, 25, 0 %, 0 %, 529 MiB, 143771 MiB
2026/08/07 20:16:52.933, NVIDIA H200, 25, 0 %, 0 %, 529 MiB, 143771 MiB
2026/08/07 20:16:55.933, NVIDIA H200, 25, 0 %, 0 %, 529 MiB, 143771 MiB
2026/08/07 20:16:58.933, NVIDIA H200, 25, 0 %, 0 %, 529 MiB, 143771 MiB
2026/08/07 20:17:01.934, NVIDIA H200, 25, 0 %, 0 %, 529 MiB, 143771 MiB
2026/08/07 20:17:04.934, NVIDIA H200, 25, 0 %, 0 %, 529 MiB, 143771 MiB
2026/08/07 20:17:07.935, NVIDIA H200, 25, 0 %, 0 %, 529 MiB, 143771 MiB
2026/08/07 20:17:10.935, NVIDIA H200, 25, 0 %, 0 %, 529 MiB, 143771 MiB
2026/08/07 20:17:13.935, NVIDIA H200, 25, 0 %, 0 %, 529 MiB, 143771 MiB
2026/08/07 20:17:16.936, NVIDIA H200, 25, 0 %, 0 %, 529 MiB, 143771 MiB
2026/08/07 20:17:19.936, NVIDIA H200, 25, 0 %, 0 %, 529 MiB, 143771 MiB
2026/08/07 20:17:22.937, NVIDIA H200, 25, 0 %, 0 %, 529 MiB, 143771 MiB
2026/08/07 20:17:25.937, NVIDIA H200, 25, 0 %, 0 %, 529 MiB, 143771 MiB
2026/08/07 20:17:28.938, NVIDIA H200, 25, 0 %, 0 %, 529 MiB, 143771 MiB
2026/08/07 20:17:31.938, NVIDIA H200, 25, 0 %, 0 %, 529 MiB, 143771 MiB
2026/08/07 20:17:34.938, NVIDIA H200, 25, 0 %, 0 %, 529 MiB, 143771 MiB
2026/08/07 20:17:37.939, NVIDIA H200, 25, 0 %, 0 %, 529 MiB, 143771 MiB
2026/08/07 20:17:40.939, NVIDIA H200, 25, 0 %, 0 %, 529 MiB, 143771 MiB
2026/08/07 20:17:43.940, NVIDIA H200, 25, 0 %, 0 %, 529 MiB, 143771 MiB
2026/08/07 20:17:46.940, NVIDIA H200, 25, 0 %, 0 %, 529 MiB, 143771 MiB
2026/08/07 20:17:49.941, NVIDIA H200, 25, 0 %, 0 %, 529 MiB, 143771 MiB
2026/08/07 20:17:52.941, NVIDIA H200, 25, 0 %, 0 %, 529 MiB, 143771 MiB
2026/08/07 20:17:55.941, NVIDIA H200, 25, 0 %, 0 %, 529 MiB, 143771 MiB
2026/08/07 20:17:58.942, NVIDIA H200, 25, 0 %, 0 %, 529 MiB, 143771 MiB
2026/08/07 20:18:01.942, NVIDIA H200, 25, 0 %, 0 %, 529 MiB, 143771 MiB
2026/08/07 20:18:04.943, NVIDIA H200, 25, 0 %, 0 %, 529 MiB, 143771 MiB
2026/08/07 20:18:07.943, NVIDIA H200, 25, 0 %, 0 %, 529 MiB, 143771 MiB
2026/08/07 20:18:10.943, NVIDIA H200, 25, 0 %, 0 %, 529 MiB, 143771 MiB
2026/08/07 20:18:13.944, NVIDIA H200, 25, 0 %, 0 %, 529 MiB, 143771 MiB
2026/08/07 20:18:16.944, NVIDIA H200, 25, 0 %, 0 %, 529 MiB, 143771 MiB
2026/08/07 20:18:19.945, NVIDIA H200, 25, 0 %, 0 %, 529 MiB, 143771 MiB
2026/08/07 20:18:22.945, NVIDIA H200, 25, 0 %, 0 %, 529 MiB, 143771 MiB
2026/08/07 20:18:25.946, NVIDIA H200, 25, 0 %, 0 %, 529 MiB, 143771 MiB
2026/08/07 20:18:28.946, NVIDIA H200, 25, 0 %, 0 %, 529 MiB, 143771 MiB
2026/08/07 20:18:31.947, NVIDIA H200, 25, 0 %, 0 %, 529 MiB, 143771 MiB
2026/08/07 20:18:34.947, NVIDIA H200, 25, 0 %, 0 %, 529 MiB, 143771 MiB
2026/08/07 20:18:37.947, NVIDIA H200, 25, 0 %, 0 %, 529 MiB, 143771 MiB
2026/08/07 20:18:40.948, NVIDIA H200, 25, 0 %, 0 %, 529 MiB, 143771 MiB
2026/08/07 20:18:43.948, NVIDIA H200, 25, 0 %, 0 %, 529 MiB, 143771 MiB
2026/08/07 20:18:46.949, NVIDIA H200, 25, 0 %, 0 %, 529 MiB, 143771 MiB
2026/08/07 20:18:49.949, NVIDIA H200, 25, 0 %, 0 %, 529 MiB, 143771 MiB
2026/08/07 20:18:52.950, NVIDIA H200, 25, 0 %, 0 %, 529 MiB, 143771 MiB
2026/08/07 20:18:55.950, NVIDIA H200, 25, 0 %, 0 %, 529 MiB, 143771 MiB
2026/08/07 20:18:58.951, NVIDIA H200, 25, 0 %, 0 %, 529 MiB, 143771 MiB
2026/08/07 20:19:01.951, NVIDIA H200, 25, 0 %, 0 %, 529 MiB, 143771 MiB
2026/08/07 20:19:04.951, NVIDIA H200, 25, 0 %, 0 %, 529 MiB, 143771 MiB
2026/08/07 20:19:07.952, NVIDIA H200, 25, 0 %, 0 %, 529 MiB, 143771 MiB
2026/08/07 20:19:10.952, NVIDIA H200, 25, 0 %, 0 %, 529 MiB, 143771 MiB
2026/08/07 20:19:13.953, NVIDIA H200, 25, 0 %, 0 %, 529 MiB, 143771 MiB
2026/08/07 20:19:16.953, NVIDIA H200, 25, 0 %, 0 %, 529 MiB, 143771 MiB
2026/08/07 20:19:19.954, NVIDIA H200, 25, 0 %, 0 %, 529 MiB, 143771 MiB
2026/08/07 20:19:22.954, NVIDIA H200, 25, 0 %, 0 %, 529 MiB, 143771 MiB
2026/08/07 20:19:25.955, NVIDIA H200, 25, 0 %, 0 %, 529 MiB, 143771 MiB
2026/08/07 20:19:28.955, NVIDIA H200, 25, 0 %, 0 %, 529 MiB, 143771 MiB
2026/08/07 20:19:31.955, NVIDIA H200, 25, 0 %, 0 %, 529 MiB, 143771 MiB
2026/08/07 20:19:34.956, NVIDIA H200, 25, 0 %, 0 %, 529 MiB, 143771 MiB
2026/08/07 20:19:37.956, NVIDIA H200, 25, 0 %, 0 %, 529 MiB, 143771 MiB
2026/08/07 20:19:40.957, NVIDIA H200, 25, 0 %, 0 %, 529 MiB, 143771 MiB
2026/08/07 20:19:43.957, NVIDIA H200, 25, 0 %, 0 %, 529 MiB, 143771 MiB
2026/08/07 20:19:46.957, NVIDIA H200, 25, 0 %, 0 %, 529 MiB, 143771 MiB
2026/08/07 20:19:49.958, NVIDIA H200, 25, 0 %, 0 %, 529 MiB, 143771 MiB
2026/08/07 20:19:52.958, NVIDIA H200, 25, 0 %, 0 %, 529 MiB, 143771 MiB
2026/08/07 20:19:55.959, NVIDIA H200, 25, 0 %, 0 %, 529 MiB, 143771 MiB
2026/08/07 20:19:58.959, NVIDIA H200, 25, 0 %, 0 %, 529 MiB, 143771 MiB
2026/08/07 20:20:01.960, NVIDIA H200, 25, 0 %, 0 %, 529 MiB, 143771 MiB
2026/08/07 20:20:04.960, NVIDIA H200, 25, 0 %, 0 %, 529 MiB, 143771 MiB
2026/08/07 20:20:07.960, NVIDIA H200, 25, 0 %, 0 %, 529 MiB, 143771 MiB
2026/08/07 20:20:10.961, NVIDIA H200, 25, 0 %, 0 %, 529 MiB, 143771 MiB
2026/08/07 20:20:13.961, NVIDIA H200, 25, 0 %, 0 %, 529 MiB, 143771 MiB
2026/08/07 20:20:16.962, NVIDIA H200, 25, 0 %, 0 %, 529 MiB, 143771 MiB
2026/08/07 20:20:19.962, NVIDIA H200, 25, 0 %, 0 %, 529 MiB, 143771 MiB
2026/08/07 20:20:22.962, NVIDIA H200, 25, 0 %, 0 %, 529 MiB, 143771 MiB
2026/08/07 20:20:25.963, NVIDIA H200, 25, 0 %, 0 %, 529 MiB, 143771 MiB
2026/08/07 20:20:28.963, NVIDIA H200, 25, 0 %, 0 %, 529 MiB, 143771 MiB
2026/08/07 20:20:31.964, NVIDIA H200, 25, 0 %, 0 %, 529 MiB, 143771 MiB
2026/08/07 20:20:34.964, NVIDIA H200, 25, 0 %, 0 %, 529 MiB, 143771 MiB
2026/08/07 20:20:37.964, NVIDIA H200, 25, 0 %, 0 %, 529 MiB, 143771 MiB
2026/08/07 20:20:40.965, NVIDIA H200, 25, 0 %, 0 %, 529 MiB, 143771 MiB
2026/08/07 20:20:43.965, NVIDIA H200, 25, 0 %, 0 %, 529 MiB, 143771 MiB
2026/08/07 20:20:46.966, NVIDIA H200, 25, 0 %, 0 %, 529 MiB, 143771 MiB
2026/08/07 20:20:49.966, NVIDIA H200, 25, 0 %, 0 %, 529 MiB, 143771 MiB
2026/08/07 20:20:52.966, NVIDIA H200, 25, 0 %, 0 %, 529 MiB, 143771 MiB
2026/08/07 20:20:55.967, NVIDIA H200, 25, 0 %, 0 %, 529 MiB, 143771 MiB
2026/08/07 20:20:58.967, NVIDIA H200, 25, 0 %, 0 %, 529 MiB, 143771 MiB
2026/08/07 20:21:01.968, NVIDIA H200, 25, 0 %, 0 %, 529 MiB, 143771 MiB
2026/08/07 20:21:04.968, NVIDIA H200, 25, 0 %, 0 %, 529 MiB, 143771 MiB
2026/08/07 20:21:07.968, NVIDIA H200, 25, 0 %, 0 %, 529 MiB, 143771 MiB
2026/08/07 20:21:10.969, NVIDIA H200, 25, 0 %, 0 %, 529 MiB, 143771 MiB
2026/08/07 20:21:13.969, NVIDIA H200, 25, 0 %, 0 %, 529 MiB, 143771 MiB
2026/08/07 20:21:16.970, NVIDIA H200, 25, 0 %, 0 %, 529 MiB, 143771 MiB
2026/08/07 20:21:19.970, NVIDIA H200, 25, 0 %, 0 %, 529 MiB, 143771 MiB
2026/08/07 20:21:22.971, NVIDIA H200, 25, 0 %, 0 %, 529 MiB, 143771 MiB
2026/08/07 20:21:25.973, NVIDIA H200, 25, 0 %, 0 %, 529 MiB, 143771 MiB
2026/08/07 20:21:28.974, NVIDIA H200, 25, 0 %, 0 %, 529 MiB, 143771 MiB
2026/08/07 20:21:31.974, NVIDIA H200, 25, 0 %, 0 %, 529 MiB, 143771 MiB
2026/08/07 20:21:34.977, NVIDIA H200, 25, 0 %, 0 %, 529 MiB, 143771 MiB
2026/08/07 20:21:37.978, NVIDIA H200, 25, 0 %, 0 %, 529 MiB, 143771 MiB
2026/08/07 20:21:40.978, NVIDIA H200, 25, 0 %, 0 %, 529 MiB, 143771 MiB
2026/08/07 20:21:43.979, NVIDIA H200, 25, 0 %, 0 %, 529 MiB, 143771 MiB
2026/08/07 20:21:46.979, NVIDIA H200, 25, 0 %, 0 %, 529 MiB, 143771 MiB
2026/08/07 20:21:49.980, NVIDIA H200, 25, 0 %, 0 %, 529 MiB, 143771 MiB
2026/08/07 20:21:52.980, NVIDIA H200, 25, 0 %, 0 %, 529 MiB, 143771 MiB
2026/08/07 20:21:55.980, NVIDIA H200, 25, 0 %, 0 %, 529 MiB, 143771 MiB
2026/08/07 20:21:58.981, NVIDIA H200, 25, 0 %, 0 %, 529 MiB, 143771 MiB
2026/08/07 20:22:01.981, NVIDIA H200, 25, 0 %, 0 %, 529 MiB, 143771 MiB
2026/08/07 20:22:04.982, NVIDIA H200, 25, 0 %, 0 %, 529 MiB, 143771 MiB
2026/08/07 20:22:07.982, NVIDIA H200, 25, 0 %, 0 %, 529 MiB, 143771 MiB
2026/08/07 20:22:10.983, NVIDIA H200, 25, 0 %, 0 %, 529 MiB, 143771 MiB
2026/08/07 20:22:13.983, NVIDIA H200, 25, 0 %, 0 %, 529 MiB, 143771 MiB
2026/08/07 20:22:16.984, NVIDIA H200, 25, 0 %, 0 %, 529 MiB, 143771 MiB
2026/08/07 20:22:19.984, NVIDIA H200, 25, 0 %, 0 %, 529 MiB, 143771 MiB
2026/08/07 20:22:22.984, NVIDIA H200, 25, 0 %, 0 %, 529 MiB, 143771 MiB
2026/08/07 20:22:25.985, NVIDIA H200, 25, 0 %, 0 %, 529 MiB, 143771 MiB
2026/08/07 20:22:28.985, NVIDIA H200, 25, 0 %, 0 %, 529 MiB, 143771 MiB
2026/08/07 20:22:31.986, NVIDIA H200, 25, 0 %, 0 %, 529 MiB, 143771 MiB
2026/08/07 20:22:34.986, NVIDIA H200, 25, 0 %, 0 %, 529 MiB, 143771 MiB
2026/08/07 20:22:37.987, NVIDIA H200, 25, 0 %, 0 %, 529 MiB, 143771 MiB
2026/08/07 20:22:40.987, NVIDIA H200, 25, 0 %, 0 %, 529 MiB, 143771 MiB
2026/08/07 20:22:43.987, NVIDIA H200, 25, 0 %, 0 %, 529 MiB, 143771 MiB
2026/08/07 20:22:46.988, NVIDIA H200, 25, 0 %, 0 %, 529 MiB, 143771 MiB
2026/08/07 20:22:49.989, NVIDIA H200, 25, 0 %, 0 %, 529 MiB, 143771 MiB
2026/08/07 20:22:52.989, NVIDIA H200, 25, 0 %, 0 %, 529 MiB, 143771 MiB
2026/08/07 20:22:55.989, NVIDIA H200, 25, 0 %, 0 %, 529 MiB, 143771 MiB
2026/08/07 20:22:58.990, NVIDIA H200, 25, 0 %, 0 %, 529 MiB, 143771 MiB
2026/08/07 20:23:01.990, NVIDIA H200, 25, 0 %, 0 %, 529 MiB, 143771 MiB
2026/08/07 20:23:04.991, NVIDIA H200, 25, 0 %, 0 %, 529 MiB, 143771 MiB
2026/08/07 20:23:07.991, NVIDIA H200, 25, 0 %, 0 %, 529 MiB, 143771 MiB
2026/08/07 20:23:10.992, NVIDIA H200, 25, 0 %, 0 %, 529 MiB, 143771 MiB
2026/08/07 20:23:13.992, NVIDIA H200, 25, 0 %, 0 %, 529 MiB, 143771 MiB
2026/08/07 20:23:16.993, NVIDIA H200, 25, 0 %, 0 %, 529 MiB, 143771 MiB
2026/08/07 20:23:19.993, NVIDIA H200, 25, 0 %, 0 %, 529 MiB, 143771 MiB
2026/08/07 20:23:22.994, NVIDIA H200, 25, 0 %, 0 %, 529 MiB, 143771 MiB
2026/08/07 20:23:25.994, NVIDIA H200, 25, 0 %, 0 %, 529 MiB, 143771 MiB
2026/08/07 20:23:28.994, NVIDIA H200, 25, 0 %, 0 %, 529 MiB, 143771 MiB
2026/08/07 20:23:31.995, NVIDIA H200, 25, 0 %, 0 %, 529 MiB, 143771 MiB
2026/08/07 20:23:34.995, NVIDIA H200, 25, 0 %, 0 %, 529 MiB, 143771 MiB
2026/08/07 20:23:37.996, NVIDIA H200, 25, 0 %, 0 %, 529 MiB, 143771 MiB
2026/08/07 20:23:40.996, NVIDIA H200, 25, 0 %, 0 %, 529 MiB, 143771 MiB
2026/08/07 20:23:43.996, NVIDIA H200, 25, 0 %, 0 %, 529 MiB, 143771 MiB
2026/08/07 20:23:46.997, NVIDIA H200, 25, 0 %, 0 %, 529 MiB, 143771 MiB
2026/08/07 20:23:49.997, NVIDIA H200, 25, 0 %, 0 %, 529 MiB, 143771 MiB
2026/08/07 20:23:52.998, NVIDIA H200, 25, 0 %, 0 %, 529 MiB, 143771 MiB
2026/08/07 20:23:55.998, NVIDIA H200, 25, 0 %, 0 %, 529 MiB, 143771 MiB
2026/08/07 20:23:58.998, NVIDIA H200, 25, 0 %, 0 %, 529 MiB, 143771 MiB
2026/08/07 20:24:01.999, NVIDIA H200, 25, 0 %, 0 %, 529 MiB, 143771 MiB
2026/08/07 20:24:04.999, NVIDIA H200, 25, 0 %, 0 %, 529 MiB, 143771 MiB
2026/08/07 20:24:08.000, NVIDIA H200, 25, 0 %, 0 %, 529 MiB, 143771 MiB
2026/08/07 20:24:11.000, NVIDIA H200, 25, 0 %, 0 %, 529 MiB, 143771 MiB
2026/08/07 20:24:14.000, NVIDIA H200, 25, 0 %, 0 %, 529 MiB, 143771 MiB
2026/08/07 20:24:17.001, NVIDIA H200, 25, 0 %, 0 %, 529 MiB, 143771 MiB
2026/08/07 20:24:20.001, NVIDIA H200, 25, 0 %, 0 %, 529 MiB, 143771 MiB
2026/08/07 20:24:23.002, NVIDIA H200, 25, 0 %, 0 %, 529 MiB, 143771 MiB
2026/08/07 20:24:26.002, NVIDIA H200, 25, 0 %, 0 %, 529 MiB, 143771 MiB
2026/08/07 20:24:29.002, NVIDIA H200, 25, 0 %, 0 %, 529 MiB, 143771 MiB
2026/08/07 20:24:32.003, NVIDIA H200, 25, 0 %, 0 %, 529 MiB, 143771 MiB
2026/08/07 20:24:35.003, NVIDIA H200, 25, 0 %, 0 %, 529 MiB, 143771 MiB
2026/08/07 20:24:38.004, NVIDIA H200, 25, 0 %, 0 %, 529 MiB, 143771 MiB
2026/08/07 20:24:41.004, NVIDIA H200, 25, 0 %, 0 %, 529 MiB, 143771 MiB
2026/08/07 20:24:44.004, NVIDIA H200, 25, 0 %, 0 %, 529 MiB, 143771 MiB
2026/08/07 20:24:47.005, NVIDIA H200, 25, 0 %, 0 %, 529 MiB, 143771 MiB
2026/08/07 20:24:50.005, NVIDIA H200, 25, 0 %, 0 %, 529 MiB, 143771 MiB
2026/08/07 20:24:53.005, NVIDIA H200, 25, 0 %, 0 %, 529 MiB, 143771 MiB
2026/08/07 20:24:56.006, NVIDIA H200, 25, 0 %, 0 %, 529 MiB, 143771 MiB
2026/08/07 20:24:59.006, NVIDIA H200, 25, 0 %, 0 %, 529 MiB, 143771 MiB
2026/08/07 20:25:02.007, NVIDIA H200, 25, 0 %, 0 %, 529 MiB, 143771 MiB
2026/08/07 20:25:05.007, NVIDIA H200, 25, 0 %, 0 %, 529 MiB, 143771 MiB
2026/08/07 20:25:08.008, NVIDIA H200, 25, 0 %, 0 %, 529 MiB, 143771 MiB
2026/08/07 20:25:11.008, NVIDIA H200, 25, 0 %, 0 %, 529 MiB, 143771 MiB
2026/08/07 20:25:14.008, NVIDIA H200, 25, 0 %, 0 %, 529 MiB, 143771 MiB
2026/08/07 20:25:17.009, NVIDIA H200, 25, 0 %, 0 %, 529 MiB, 143771 MiB
2026/08/07 20:25:20.009, NVIDIA H200, 25, 0 %, 0 %, 529 MiB, 143771 MiB
2026/08/07 20:25:23.010, NVIDIA H200, 25, 0 %, 0 %, 529 MiB, 143771 MiB
2026/08/07 20:25:26.010, NVIDIA H200, 25, 0 %, 0 %, 529 MiB, 143771 MiB
2026/08/07 20:25:29.010, NVIDIA H200, 25, 0 %, 0 %, 529 MiB, 143771 MiB
2026/08/07 20:25:32.011, NVIDIA H200, 25, 0 %, 0 %, 529 MiB, 143771 MiB
2026/08/07 20:25:35.011, NVIDIA H200, 25, 0 %, 0 %, 529 MiB, 143771 MiB
2026/08/07 20:25:38.012, NVIDIA H200, 25, 0 %, 0 %, 529 MiB, 143771 MiB
2026/08/07 20:25:41.012, NVIDIA H200, 25, 0 %, 0 %, 529 MiB, 143771 MiB
2026/08/07 20:25:44.012, NVIDIA H200, 25, 0 %, 0 %, 529 MiB, 143771 MiB
2026/08/07 20:25:47.013, NVIDIA H200, 25, 0 %, 0 %, 529 MiB, 143771 MiB
2026/08/07 20:25:50.013, NVIDIA H200, 25, 0 %, 0 %, 529 MiB, 143771 MiB
2026/08/07 20:25:53.014, NVIDIA H200, 25, 0 %, 0 %, 529 MiB, 143771 MiB
2026/08/07 20:25:56.014, NVIDIA H200, 25, 0 %, 0 %, 529 MiB, 143771 MiB
2026/08/07 20:25:59.015, NVIDIA H200, 25, 0 %, 0 %, 529 MiB, 143771 MiB
2026/08/07 20:26:02.015, NVIDIA H200, 25, 0 %, 0 %, 529 MiB, 143771 MiB
2026/08/07 20:26:05.015, NVIDIA H200, 25, 0 %, 0 %, 529 MiB, 143771 MiB
2026/08/07 20:26:08.016, NVIDIA H200, 25, 0 %, 0 %, 529 MiB, 143771 MiB
2026/08/07 20:26:11.016, NVIDIA H200, 25, 0 %, 0 %, 529 MiB, 143771 MiB
2026/08/07 20:26:14.017, NVIDIA H200, 25, 0 %, 0 %, 529 MiB, 143771 MiB
2026/08/07 20:26:17.017, NVIDIA H200, 25, 0 %, 0 %, 529 MiB, 143771 MiB
2026/08/07 20:26:20.018, NVIDIA H200, 25, 0 %, 0 %, 529 MiB, 143771 MiB
2026/08/07 20:26:23.018, NVIDIA H200, 25, 0 %, 0 %, 529 MiB, 143771 MiB
2026/08/07 20:26:26.020, NVIDIA H200, 25, 0 %, 0 %, 529 MiB, 143771 MiB
2026/08/07 20:26:29.021, NVIDIA H200, 25, 0 %, 0 %, 529 MiB, 143771 MiB
2026/08/07 20:26:32.021, NVIDIA H200, 25, 0 %, 0 %, 529 MiB, 143771 MiB
2026/08/07 20:26:35.021, NVIDIA H200, 25, 0 %, 0 %, 529 MiB, 143771 MiB
2026/08/07 20:26:38.022, NVIDIA H200, 25, 0 %, 0 %, 529 MiB, 143771 MiB
2026/08/07 20:26:41.022, NVIDIA H200, 25, 0 %, 0 %, 529 MiB, 143771 MiB
2026/08/07 20:26:44.023, NVIDIA H200, 25, 0 %, 0 %, 529 MiB, 143771 MiB
2026/08/07 20:26:47.023, NVIDIA H200, 25, 0 %, 0 %, 529 MiB, 143771 MiB
2026/08/07 20:26:50.024, NVIDIA H200, 25, 0 %, 0 %, 529 MiB, 143771 MiB
2026/08/07 20:26:53.024, NVIDIA H200, 25, 0 %, 0 %, 529 MiB, 143771 MiB
2026/08/07 20:26:56.025, NVIDIA H200, 25, 0 %, 0 %, 529 MiB, 143771 MiB
2026/08/07 20:26:59.025, NVIDIA H200, 25, 0 %, 0 %, 529 MiB, 143771 MiB
2026/08/07 20:27:02.025, NVIDIA H200, 25, 0 %, 0 %, 529 MiB, 143771 MiB
2026/08/07 20:27:05.026, NVIDIA H200, 25, 0 %, 0 %, 529 MiB, 143771 MiB
2026/08/07 20:27:08.026, NVIDIA H200, 25, 0 %, 0 %, 529 MiB, 143771 MiB
2026/08/07 20:27:11.027, NVIDIA H200, 25, 0 %, 0 %, 529 MiB, 143771 MiB
2026/08/07 20:27:14.027, NVIDIA H200, 25, 0 %, 0 %, 529 MiB, 143771 MiB
2026/08/07 20:27:17.027, NVIDIA H200, 25, 0 %, 0 %, 529 MiB, 143771 MiB
2026/08/07 20:27:20.028, NVIDIA H200, 25, 0 %, 0 %, 529 MiB, 143771 MiB
2026/08/07 20:27:23.028, NVIDIA H200, 25, 0 %, 0 %, 529 MiB, 143771 MiB
2026/08/07 20:27:26.029, NVIDIA H200, 25, 0 %, 0 %, 529 MiB, 143771 MiB
2026/08/07 20:27:29.029, NVIDIA H200, 25, 0 %, 0 %, 529 MiB, 143771 MiB
2026/08/07 20:27:32.030, NVIDIA H200, 25, 0 %, 0 %, 529 MiB, 143771 MiB
2026/08/07 20:27:35.030, NVIDIA H200, 25, 0 %, 0 %, 529 MiB, 143771 MiB
2026/08/07 20:27:38.030, NVIDIA H200, 25, 0 %, 0 %, 529 MiB, 143771 MiB
2026/08/07 20:27:41.031, NVIDIA H200, 25, 0 %, 0 %, 529 MiB, 143771 MiB
2026/08/07 20:27:44.031, NVIDIA H200, 25, 0 %, 0 %, 529 MiB, 143771 MiB
2026/08/07 20:27:47.032, NVIDIA H200, 25, 0 %, 0 %, 529 MiB, 143771 MiB
2026/08/07 20:27:50.032, NVIDIA H200, 25, 0 %, 0 %, 529 MiB, 143771 MiB
2026/08/07 20:27:53.032, NVIDIA H200, 25, 0 %, 0 %, 529 MiB, 143771 MiB
2026/08/07 20:27:56.033, NVIDIA H200, 25, 0 %, 0 %, 529 MiB, 143771 MiB
2026/08/07 20:27:59.033, NVIDIA H200, 25, 0 %, 0 %, 529 MiB, 143771 MiB
2026/08/07 20:28:02.034, NVIDIA H200, 25, 0 %, 0 %, 529 MiB, 143771 MiB
2026/08/07 20:28:05.034, NVIDIA H200, 25, 0 %, 0 %, 529 MiB, 143771 MiB
2026/08/07 20:28:08.034, NVIDIA H200, 25, 0 %, 0 %, 529 MiB, 143771 MiB
2026/08/07 20:28:11.035, NVIDIA H200, 25, 0 %, 0 %, 529 MiB, 143771 MiB
2026/08/07 20:28:14.035, NVIDIA H200, 25, 0 %, 0 %, 529 MiB, 143771 MiB
2026/08/07 20:28:17.036, NVIDIA H200, 25, 0 %, 0 %, 529 MiB, 143771 MiB
2026/08/07 20:28:20.036, NVIDIA H200, 25, 0 %, 0 %, 529 MiB, 143771 MiB
2026/08/07 20:28:23.036, NVIDIA H200, 25, 0 %, 0 %, 529 MiB, 143771 MiB
2026/08/07 20:28:26.037, NVIDIA H200, 25, 0 %, 0 %, 529 MiB, 143771 MiB
2026/08/07 20:28:29.037, NVIDIA H200, 25, 0 %, 0 %, 529 MiB, 143771 MiB
2026/08/07 20:28:32.038, NVIDIA H200, 25, 0 %, 0 %, 529 MiB, 143771 MiB
2026/08/07 20:28:35.038, NVIDIA H200, 25, 0 %, 0 %, 529 MiB, 143771 MiB
2026/08/07 20:28:38.038, NVIDIA H200, 25, 0 %, 0 %, 529 MiB, 143771 MiB
2026/08/07 20:28:41.039, NVIDIA H200, 25, 0 %, 0 %, 529 MiB, 143771 MiB
2026/08/07 20:28:44.039, NVIDIA H200, 25, 0 %, 0 %, 529 MiB, 143771 MiB
2026/08/07 20:28:47.040, NVIDIA H200, 25, 0 %, 0 %, 529 MiB, 143771 MiB
2026/08/07 20:28:50.040, NVIDIA H200, 25, 0 %, 0 %, 529 MiB, 143771 MiB
2026/08/07 20:28:53.040, NVIDIA H200, 25, 0 %, 0 %, 529 MiB, 143771 MiB
2026/08/07 20:28:56.041, NVIDIA H200, 25, 0 %, 0 %, 529 MiB, 143771 MiB
2026/08/07 20:28:59.041, NVIDIA H200, 25, 0 %, 0 %, 529 MiB, 143771 MiB
2026/08/07 20:29:02.042, NVIDIA H200, 25, 0 %, 0 %, 529 MiB, 143771 MiB
2026/08/07 20:29:05.042, NVIDIA H200, 25, 0 %, 0 %, 529 MiB, 143771 MiB
2026/08/07 20:29:08.042, NVIDIA H200, 25, 0 %, 0 %, 529 MiB, 143771 MiB
2026/08/07 20:29:11.043, NVIDIA H200, 25, 0 %, 0 %, 529 MiB, 143771 MiB
2026/08/07 20:29:14.043, NVIDIA H200, 25, 0 %, 0 %, 529 MiB, 143771 MiB
2026/08/07 20:29:17.044, NVIDIA H200, 25, 0 %, 0 %, 529 MiB, 143771 MiB
2026/08/07 20:29:20.044, NVIDIA H200, 25, 0 %, 0 %, 529 MiB, 143771 MiB
2026/08/07 20:29:23.045, NVIDIA H200, 25, 0 %, 0 %, 529 MiB, 143771 MiB
2026/08/07 20:29:26.045, NVIDIA H200, 25, 0 %, 0 %, 529 MiB, 143771 MiB
2026/08/07 20:29:29.046, NVIDIA H200, 25, 0 %, 0 %, 529 MiB, 143771 MiB
2026/08/07 20:29:32.046, NVIDIA H200, 25, 0 %, 0 %, 529 MiB, 143771 MiB
2026/08/07 20:29:35.046, NVIDIA H200, 25, 0 %, 0 %, 529 MiB, 143771 MiB
2026/08/07 20:29:38.047, NVIDIA H200, 25, 0 %, 0 %, 529 MiB, 143771 MiB
2026/08/07 20:29:41.047, NVIDIA H200, 25, 0 %, 0 %, 529 MiB, 143771 MiB
2026/08/07 20:29:44.048, NVIDIA H200, 25, 0 %, 0 %, 529 MiB, 143771 MiB
2026/08/07 20:29:47.048, NVIDIA H200, 25, 0 %, 0 %, 529 MiB, 143771 MiB
2026/08/07 20:29:50.049, NVIDIA H200, 25, 0 %, 0 %, 529 MiB, 143771 MiB
2026/08/07 20:29:53.049, NVIDIA H200, 25, 0 %, 0 %, 529 MiB, 143771 MiB
2026/08/07 20:29:56.050, NVIDIA H200, 25, 0 %, 0 %, 529 MiB, 143771 MiB
2026/08/07 20:29:59.050, NVIDIA H200, 25, 0 %, 0 %, 529 MiB, 143771 MiB
2026/08/07 20:30:02.050, NVIDIA H200, 25, 0 %, 0 %, 529 MiB, 143771 MiB
2026/08/07 20:30:05.051, NVIDIA H200, 25, 0 %, 0 %, 529 MiB, 143771 MiB
2026/08/07 20:30:08.051, NVIDIA H200, 25, 0 %, 0 %, 529 MiB, 143771 MiB
2026/08/07 20:30:11.052, NVIDIA H200, 25, 0 %, 0 %, 529 MiB, 143771 MiB
2026/08/07 20:30:14.052, NVIDIA H200, 25, 0 %, 0 %, 529 MiB, 143771 MiB
2026/08/07 20:30:17.052, NVIDIA H200, 25, 0 %, 0 %, 529 MiB, 143771 MiB
2026/08/07 20:30:20.053, NVIDIA H200, 25, 0 %, 0 %, 529 MiB, 143771 MiB
2026/08/07 20:30:23.053, NVIDIA H200, 25, 0 %, 0 %, 529 MiB, 143771 MiB
2026/08/07 20:30:26.054, NVIDIA H200, 25, 0 %, 0 %, 529 MiB, 143771 MiB
2026/08/07 20:30:29.054, NVIDIA H200, 25, 0 %, 0 %, 529 MiB, 143771 MiB
2026/08/07 20:30:32.055, NVIDIA H200, 25, 0 %, 0 %, 529 MiB, 143771 MiB
2026/08/07 20:30:35.055, NVIDIA H200, 25, 0 %, 0 %, 529 MiB, 143771 MiB
2026/08/07 20:30:38.055, NVIDIA H200, 25, 0 %, 0 %, 529 MiB, 143771 MiB
2026/08/07 20:30:41.056, NVIDIA H200, 25, 0 %, 0 %, 529 MiB, 143771 MiB
2026/08/07 20:30:44.056, NVIDIA H200, 25, 0 %, 0 %, 529 MiB, 143771 MiB
2026/08/07 20:30:47.057, NVIDIA H200, 25, 0 %, 0 %, 529 MiB, 143771 MiB
2026/08/07 20:30:50.057, NVIDIA H200, 25, 0 %, 0 %, 529 MiB, 143771 MiB
2026/08/07 20:30:53.058, NVIDIA H200, 25, 0 %, 0 %, 529 MiB, 143771 MiB
2026/08/07 20:30:56.058, NVIDIA H200, 25, 0 %, 0 %, 529 MiB, 143771 MiB
2026/08/07 20:30:59.058, NVIDIA H200, 25, 0 %, 0 %, 529 MiB, 143771 MiB
2026/08/07 20:31:02.059, NVIDIA H200, 25, 0 %, 0 %, 529 MiB, 143771 MiB
2026/08/07 20:31:05.059, NVIDIA H200, 25, 0 %, 0 %, 529 MiB, 143771 MiB
2026/08/07 20:31:08.060, NVIDIA H200, 25, 0 %, 0 %, 529 MiB, 143771 MiB
2026/08/07 20:31:11.060, NVIDIA H200, 25, 0 %, 0 %, 529 MiB, 143771 MiB
2026/08/07 20:31:14.061, NVIDIA H200, 25, 0 %, 0 %, 529 MiB, 143771 MiB
2026/08/07 20:31:17.061, NVIDIA H200, 25, 0 %, 0 %, 529 MiB, 143771 MiB
2026/08/07 20:31:20.062, NVIDIA H200, 25, 0 %, 0 %, 529 MiB, 143771 MiB
2026/08/07 20:31:23.062, NVIDIA H200, 25, 0 %, 0 %, 529 MiB, 143771 MiB
2026/08/07 20:31:26.062, NVIDIA H200, 25, 0 %, 0 %, 529 MiB, 143771 MiB
2026/08/07 20:31:29.063, NVIDIA H200, 25, 0 %, 0 %, 529 MiB, 143771 MiB
2026/08/07 20:31:32.063, NVIDIA H200, 25, 0 %, 0 %, 529 MiB, 143771 MiB
2026/08/07 20:31:35.064, NVIDIA H200, 25, 0 %, 0 %, 529 MiB, 143771 MiB
2026/08/07 20:31:38.064, NVIDIA H200, 25, 0 %, 0 %, 529 MiB, 143771 MiB
2026/08/07 20:31:41.064, NVIDIA H200, 25, 0 %, 0 %, 529 MiB, 143771 MiB
2026/08/07 20:31:44.065, NVIDIA H200, 25, 0 %, 0 %, 529 MiB, 143771 MiB
2026/08/07 20:31:47.065, NVIDIA H200, 25, 0 %, 0 %, 529 MiB, 143771 MiB
2026/08/07 20:31:50.066, NVIDIA H200, 25, 0 %, 0 %, 529 MiB, 143771 MiB
2026/08/07 20:31:53.066, NVIDIA H200, 25, 0 %, 0 %, 529 MiB, 143771 MiB
2026/08/07 20:31:56.067, NVIDIA H200, 25, 0 %, 0 %, 529 MiB, 143771 MiB
2026/08/07 20:31:59.067, NVIDIA H200, 25, 0 %, 0 %, 529 MiB, 143771 MiB
2026/08/07 20:32:02.067, NVIDIA H200, 25, 0 %, 0 %, 529 MiB, 143771 MiB
2026/08/07 20:32:05.068, NVIDIA H200, 25, 0 %, 0 %, 529 MiB, 143771 MiB
2026/08/07 20:32:08.068, NVIDIA H200, 25, 0 %, 0 %, 529 MiB, 143771 MiB
2026/08/07 20:32:11.069, NVIDIA H200, 25, 0 %, 0 %, 529 MiB, 143771 MiB
2026/08/07 20:32:14.069, NVIDIA H200, 25, 0 %, 0 %, 529 MiB, 143771 MiB
2026/08/07 20:32:17.070, NVIDIA H200, 25, 0 %, 0 %, 529 MiB, 143771 MiB
2026/08/07 20:32:20.070, NVIDIA H200, 25, 0 %, 0 %, 529 MiB, 143771 MiB
2026/08/07 20:32:23.070, NVIDIA H200, 25, 0 %, 0 %, 529 MiB, 143771 MiB
2026/08/07 20:32:26.071, NVIDIA H200, 25, 0 %, 0 %, 529 MiB, 143771 MiB
2026/08/07 20:32:29.071, NVIDIA H200, 25, 0 %, 0 %, 529 MiB, 143771 MiB
2026/08/07 20:32:32.072, NVIDIA H200, 25, 0 %, 0 %, 529 MiB, 143771 MiB
2026/08/07 20:32:35.072, NVIDIA H200, 25, 0 %, 0 %, 529 MiB, 143771 MiB
2026/08/07 20:32:38.073, NVIDIA H200, 25, 0 %, 0 %, 529 MiB, 143771 MiB
2026/08/07 20:32:41.073, NVIDIA H200, 25, 0 %, 0 %, 529 MiB, 143771 MiB
2026/08/07 20:32:44.073, NVIDIA H200, 25, 0 %, 0 %, 529 MiB, 143771 MiB
2026/08/07 20:32:47.074, NVIDIA H200, 25, 0 %, 0 %, 529 MiB, 143771 MiB
2026/08/07 20:32:50.074, NVIDIA H200, 25, 0 %, 0 %, 529 MiB, 143771 MiB
2026/08/07 20:32:53.075, NVIDIA H200, 25, 0 %, 0 %, 529 MiB, 143771 MiB
2026/08/07 20:32:56.075, NVIDIA H200, 25, 0 %, 0 %, 529 MiB, 143771 MiB
2026/08/07 20:32:59.075, NVIDIA H200, 25, 0 %, 0 %, 529 MiB, 143771 MiB
2026/08/07 20:33:02.076, NVIDIA H200, 25, 0 %, 0 %, 529 MiB, 143771 MiB
2026/08/07 20:33:05.077, NVIDIA H200, 25, 0 %, 0 %, 529 MiB, 143771 MiB
2026/08/07 20:33:08.077, NVIDIA H200, 25, 0 %, 0 %, 529 MiB, 143771 MiB
2026/08/07 20:33:11.078, NVIDIA H200, 25, 0 %, 0 %, 529 MiB, 143771 MiB
2026/08/07 20:33:14.078, NVIDIA H200, 25, 0 %, 0 %, 529 MiB, 143771 MiB
2026/08/07 20:33:17.079, NVIDIA H200, 25, 0 %, 0 %, 529 MiB, 143771 MiB
2026/08/07 20:33:20.079, NVIDIA H200, 25, 0 %, 0 %, 529 MiB, 143771 MiB
2026/08/07 20:33:23.079, NVIDIA H200, 25, 0 %, 0 %, 529 MiB, 143771 MiB
2026/08/07 20:33:26.080, NVIDIA H200, 25, 0 %, 0 %, 529 MiB, 143771 MiB
2026/08/07 20:33:29.080, NVIDIA H200, 25, 0 %, 0 %, 529 MiB, 143771 MiB
2026/08/07 20:33:32.081, NVIDIA H200, 25, 0 %, 0 %, 529 MiB, 143771 MiB
2026/08/07 20:33:35.082, NVIDIA H200, 25, 0 %, 0 %, 529 MiB, 143771 MiB
2026/08/07 20:33:38.082, NVIDIA H200, 25, 0 %, 0 %, 529 MiB, 143771 MiB
2026/08/07 20:33:41.083, NVIDIA H200, 25, 0 %, 0 %, 529 MiB, 143771 MiB
2026/08/07 20:33:44.083, NVIDIA H200, 25, 0 %, 0 %, 529 MiB, 143771 MiB
2026/08/07 20:33:47.084, NVIDIA H200, 25, 0 %, 0 %, 529 MiB, 143771 MiB
2026/08/07 20:33:50.084, NVIDIA H200, 25, 0 %, 0 %, 529 MiB, 143771 MiB
2026/08/07 20:33:53.085, NVIDIA H200, 25, 0 %, 0 %, 529 MiB, 143771 MiB
2026/08/07 20:33:56.085, NVIDIA H200, 25, 0 %, 0 %, 529 MiB, 143771 MiB
2026/08/07 20:33:59.086, NVIDIA H200, 25, 0 %, 0 %, 529 MiB, 143771 MiB
2026/08/07 20:34:02.086, NVIDIA H200, 25, 0 %, 0 %, 529 MiB, 143771 MiB
2026/08/07 20:34:05.088, NVIDIA H200, 25, 0 %, 0 %, 529 MiB, 143771 MiB
2026/08/07 20:34:08.088, NVIDIA H200, 25, 0 %, 0 %, 529 MiB, 143771 MiB
2026/08/07 20:34:11.089, NVIDIA H200, 25, 0 %, 0 %, 529 MiB, 143771 MiB
2026/08/07 20:34:14.089, NVIDIA H200, 25, 0 %, 0 %, 529 MiB, 143771 MiB
2026/08/07 20:34:17.090, NVIDIA H200, 25, 0 %, 0 %, 529 MiB, 143771 MiB
2026/08/07 20:34:20.090, NVIDIA H200, 25, 0 %, 0 %, 529 MiB, 143771 MiB
2026/08/07 20:34:23.090, NVIDIA H200, 25, 0 %, 0 %, 529 MiB, 143771 MiB
2026/08/07 20:34:26.091, NVIDIA H200, 25, 0 %, 0 %, 529 MiB, 143771 MiB
2026/08/07 20:34:29.091, NVIDIA H200, 25, 0 %, 0 %, 529 MiB, 143771 MiB
2026/08/07 20:34:32.092, NVIDIA H200, 25, 0 %, 0 %, 529 MiB, 143771 MiB
2026/08/07 20:34:35.092, NVIDIA H200, 25, 0 %, 0 %, 529 MiB, 143771 MiB
2026/08/07 20:34:38.093, NVIDIA H200, 25, 0 %, 0 %, 529 MiB, 143771 MiB
2026/08/07 20:34:41.093, NVIDIA H200, 25, 0 %, 0 %, 529 MiB, 143771 MiB
2026/08/07 20:34:44.094, NVIDIA H200, 25, 0 %, 0 %, 529 MiB, 143771 MiB
2026/08/07 20:34:47.094, NVIDIA H200, 25, 0 %, 0 %, 529 MiB, 143771 MiB
2026/08/07 20:34:50.094, NVIDIA H200, 25, 0 %, 0 %, 529 MiB, 143771 MiB
2026/08/07 20:34:53.095, NVIDIA H200, 25, 0 %, 0 %, 529 MiB, 143771 MiB
2026/08/07 20:34:56.095, NVIDIA H200, 25, 0 %, 0 %, 529 MiB, 143771 MiB
2026/08/07 20:34:59.096, NVIDIA H200, 25, 0 %, 0 %, 529 MiB, 143771 MiB
2026/08/07 20:35:02.096, NVIDIA H200, 25, 0 %, 0 %, 529 MiB, 143771 MiB
2026/08/07 20:35:05.097, NVIDIA H200, 25, 0 %, 0 %, 529 MiB, 143771 MiB
2026/08/07 20:35:08.097, NVIDIA H200, 25, 0 %, 0 %, 529 MiB, 143771 MiB
2026/08/07 20:35:11.098, NVIDIA H200, 25, 0 %, 0 %, 529 MiB, 143771 MiB
2026/08/07 20:35:14.098, NVIDIA H200, 25, 0 %, 0 %, 529 MiB, 143771 MiB
2026/08/07 20:35:17.099, NVIDIA H200, 25, 0 %, 0 %, 529 MiB, 143771 MiB
2026/08/07 20:35:20.099, NVIDIA H200, 25, 0 %, 0 %, 529 MiB, 143771 MiB
2026/08/07 20:35:23.099, NVIDIA H200, 25, 0 %, 0 %, 529 MiB, 143771 MiB
2026/08/07 20:35:26.100, NVIDIA H200, 25, 0 %, 0 %, 529 MiB, 143771 MiB
2026/08/07 20:35:29.100, NVIDIA H200, 25, 0 %, 0 %, 529 MiB, 143771 MiB
2026/08/07 20:35:32.101, NVIDIA H200, 25, 0 %, 0 %, 529 MiB, 143771 MiB
2026/08/07 20:35:35.103, NVIDIA H200, 25, 0 %, 0 %, 529 MiB, 143771 MiB
2026/08/07 20:35:38.103, NVIDIA H200, 25, 0 %, 0 %, 529 MiB, 143771 MiB
2026/08/07 20:35:41.104, NVIDIA H200, 25, 0 %, 0 %, 529 MiB, 143771 MiB
2026/08/07 20:35:44.104, NVIDIA H200, 25, 0 %, 0 %, 529 MiB, 143771 MiB
2026/08/07 20:35:47.105, NVIDIA H200, 25, 0 %, 0 %, 529 MiB, 143771 MiB
2026/08/07 20:35:50.105, NVIDIA H200, 25, 0 %, 0 %, 529 MiB, 143771 MiB
2026/08/07 20:35:53.105, NVIDIA H200, 25, 0 %, 0 %, 529 MiB, 143771 MiB
2026/08/07 20:35:56.106, NVIDIA H200, 25, 0 %, 0 %, 529 MiB, 143771 MiB
2026/08/07 20:35:59.106, NVIDIA H200, 25, 0 %, 0 %, 529 MiB, 143771 MiB
2026/08/07 20:36:02.107, NVIDIA H200, 25, 0 %, 0 %, 529 MiB, 143771 MiB
2026/08/07 20:36:05.107, NVIDIA H200, 25, 0 %, 0 %, 529 MiB, 143771 MiB
2026/08/07 20:36:08.107, NVIDIA H200, 25, 0 %, 0 %, 529 MiB, 143771 MiB
2026/08/07 20:36:11.108, NVIDIA H200, 25, 0 %, 0 %, 529 MiB, 143771 MiB
2026/08/07 20:36:14.108, NVIDIA H200, 25, 0 %, 0 %, 529 MiB, 143771 MiB
2026/08/07 20:36:17.109, NVIDIA H200, 25, 0 %, 0 %, 529 MiB, 143771 MiB
2026/08/07 20:36:20.109, NVIDIA H200, 25, 0 %, 0 %, 529 MiB, 143771 MiB
2026/08/07 20:36:23.109, NVIDIA H200, 25, 0 %, 0 %, 529 MiB, 143771 MiB
2026/08/07 20:36:26.110, NVIDIA H200, 25, 0 %, 0 %, 529 MiB, 143771 MiB
2026/08/07 20:36:29.110, NVIDIA H200, 25, 0 %, 0 %, 529 MiB, 143771 MiB
2026/08/07 20:36:32.111, NVIDIA H200, 25, 0 %, 0 %, 529 MiB, 143771 MiB
2026/08/07 20:36:35.111, NVIDIA H200, 25, 0 %, 0 %, 529 MiB, 143771 MiB
2026/08/07 20:36:38.111, NVIDIA H200, 25, 0 %, 0 %, 529 MiB, 143771 MiB
2026/08/07 20:36:41.112, NVIDIA H200, 25, 0 %, 0 %, 529 MiB, 143771 MiB
2026/08/07 20:36:44.112, NVIDIA H200, 25, 0 %, 0 %, 529 MiB, 143771 MiB
2026/08/07 20:36:47.113, NVIDIA H200, 25, 0 %, 0 %, 529 MiB, 143771 MiB
2026/08/07 20:36:50.113, NVIDIA H200, 25, 0 %, 0 %, 529 MiB, 143771 MiB
2026/08/07 20:36:53.113, NVIDIA H200, 25, 0 %, 0 %, 529 MiB, 143771 MiB
2026/08/07 20:36:56.114, NVIDIA H200, 25, 0 %, 0 %, 529 MiB, 143771 MiB
2026/08/07 20:36:59.114, NVIDIA H200, 25, 0 %, 0 %, 529 MiB, 143771 MiB
2026/08/07 20:37:02.115, NVIDIA H200, 25, 0 %, 0 %, 529 MiB, 143771 MiB
2026/08/07 20:37:05.115, NVIDIA H200, 25, 0 %, 0 %, 529 MiB, 143771 MiB
2026/08/07 20:37:08.115, NVIDIA H200, 25, 0 %, 0 %, 529 MiB, 143771 MiB
2026/08/07 20:37:11.116, NVIDIA H200, 25, 0 %, 0 %, 529 MiB, 143771 MiB
2026/08/07 20:37:14.116, NVIDIA H200, 25, 0 %, 0 %, 529 MiB, 143771 MiB
2026/08/07 20:37:17.117, NVIDIA H200, 25, 0 %, 0 %, 529 MiB, 143771 MiB
2026/08/07 20:37:20.117, NVIDIA H200, 25, 0 %, 0 %, 529 MiB, 143771 MiB
2026/08/07 20:37:23.117, NVIDIA H200, 25, 0 %, 0 %, 529 MiB, 143771 MiB
2026/08/07 20:37:26.118, NVIDIA H200, 25, 0 %, 0 %, 529 MiB, 143771 MiB
2026/08/07 20:37:29.118, NVIDIA H200, 25, 0 %, 0 %, 529 MiB, 143771 MiB
2026/08/07 20:37:32.119, NVIDIA H200, 25, 0 %, 0 %, 529 MiB, 143771 MiB
2026/08/07 20:37:35.119, NVIDIA H200, 25, 0 %, 0 %, 529 MiB, 143771 MiB
2026/08/07 20:37:38.119, NVIDIA H200, 25, 0 %, 0 %, 529 MiB, 143771 MiB
2026/08/07 20:37:41.120, NVIDIA H200, 25, 0 %, 0 %, 529 MiB, 143771 MiB
2026/08/07 20:37:44.120, NVIDIA H200, 25, 0 %, 0 %, 529 MiB, 143771 MiB
2026/08/07 20:37:47.121, NVIDIA H200, 25, 0 %, 0 %, 529 MiB, 143771 MiB
2026/08/07 20:37:50.121, NVIDIA H200, 25, 0 %, 0 %, 529 MiB, 143771 MiB
2026/08/07 20:37:53.121, NVIDIA H200, 25, 0 %, 0 %, 529 MiB, 143771 MiB
2026/08/07 20:37:56.122, NVIDIA H200, 25, 0 %, 0 %, 529 MiB, 143771 MiB
2026/08/07 20:37:59.122, NVIDIA H200, 25, 0 %, 0 %, 529 MiB, 143771 MiB
2026/08/07 20:38:02.123, NVIDIA H200, 25, 0 %, 0 %, 529 MiB, 143771 MiB
2026/08/07 20:38:05.123, NVIDIA H200, 25, 0 %, 0 %, 529 MiB, 143771 MiB
2026/08/07 20:38:08.123, NVIDIA H200, 25, 0 %, 0 %, 529 MiB, 143771 MiB
2026/08/07 20:38:11.124, NVIDIA H200, 25, 0 %, 0 %, 529 MiB, 143771 MiB
2026/08/07 20:38:14.124, NVIDIA H200, 25, 0 %, 0 %, 529 MiB, 143771 MiB
2026/08/07 20:38:17.125, NVIDIA H200, 25, 0 %, 0 %, 529 MiB, 143771 MiB
2026/08/07 20:38:20.125, NVIDIA H200, 25, 0 %, 0 %, 529 MiB, 143771 MiB
2026/08/07 20:38:23.125, NVIDIA H200, 25, 0 %, 0 %, 529 MiB, 143771 MiB
2026/08/07 20:38:26.126, NVIDIA H200, 25, 0 %, 0 %, 529 MiB, 143771 MiB
2026/08/07 20:38:29.126, NVIDIA H200, 25, 0 %, 0 %, 529 MiB, 143771 MiB
2026/08/07 20:38:32.127, NVIDIA H200, 25, 0 %, 0 %, 529 MiB, 143771 MiB
2026/08/07 20:38:35.127, NVIDIA H200, 25, 0 %, 0 %, 529 MiB, 143771 MiB
2026/08/07 20:38:38.127, NVIDIA H200, 25, 0 %, 0 %, 529 MiB, 143771 MiB
2026/08/07 20:38:41.128, NVIDIA H200, 25, 0 %, 0 %, 529 MiB, 143771 MiB
2026/08/07 20:38:44.128, NVIDIA H200, 25, 0 %, 0 %, 529 MiB, 143771 MiB
2026/08/07 20:38:47.129, NVIDIA H200, 25, 0 %, 0 %, 529 MiB, 143771 MiB
2026/08/07 20:38:50.129, NVIDIA H200, 25, 0 %, 0 %, 529 MiB, 143771 MiB
2026/08/07 20:38:53.129, NVIDIA H200, 25, 0 %, 0 %, 529 MiB, 143771 MiB
2026/08/07 20:38:56.130, NVIDIA H200, 25, 0 %, 0 %, 529 MiB, 143771 MiB
2026/08/07 20:38:59.130, NVIDIA H200, 25, 0 %, 0 %, 529 MiB, 143771 MiB
2026/08/07 20:39:02.131, NVIDIA H200, 25, 0 %, 0 %, 529 MiB, 143771 MiB
2026/08/07 20:39:05.131, NVIDIA H200, 25, 0 %, 0 %, 529 MiB, 143771 MiB
2026/08/07 20:39:08.131, NVIDIA H200, 25, 0 %, 0 %, 529 MiB, 143771 MiB
2026/08/07 20:39:11.132, NVIDIA H200, 25, 0 %, 0 %, 529 MiB, 143771 MiB
2026/08/07 20:39:14.132, NVIDIA H200, 25, 0 %, 0 %, 529 MiB, 143771 MiB
2026/08/07 20:39:17.133, NVIDIA H200, 25, 0 %, 0 %, 529 MiB, 143771 MiB
2026/08/07 20:39:20.133, NVIDIA H200, 25, 0 %, 0 %, 529 MiB, 143771 MiB
2026/08/07 20:39:23.133, NVIDIA H200, 25, 0 %, 0 %, 529 MiB, 143771 MiB
2026/08/07 20:39:26.134, NVIDIA H200, 25, 0 %, 0 %, 529 MiB, 143771 MiB
2026/08/07 20:39:29.134, NVIDIA H200, 25, 0 %, 0 %, 529 MiB, 143771 MiB
2026/08/07 20:39:32.135, NVIDIA H200, 25, 0 %, 0 %, 529 MiB, 143771 MiB
2026/08/07 20:39:35.135, NVIDIA H200, 25, 0 %, 0 %, 529 MiB, 143771 MiB
2026/08/07 20:39:38.136, NVIDIA H200, 25, 0 %, 0 %, 529 MiB, 143771 MiB
2026/08/07 20:39:41.136, NVIDIA H200, 25, 0 %, 0 %, 529 MiB, 143771 MiB
2026/08/07 20:39:44.136, NVIDIA H200, 25, 0 %, 0 %, 529 MiB, 143771 MiB
2026/08/07 20:39:47.137, NVIDIA H200, 25, 0 %, 0 %, 529 MiB, 143771 MiB
2026/08/07 20:39:50.137, NVIDIA H200, 25, 0 %, 0 %, 529 MiB, 143771 MiB
2026/08/07 20:39:53.138, NVIDIA H200, 25, 0 %, 0 %, 529 MiB, 143771 MiB
2026/08/07 20:39:56.138, NVIDIA H200, 25, 0 %, 0 %, 529 MiB, 143771 MiB
2026/08/07 20:39:59.138, NVIDIA H200, 25, 0 %, 0 %, 529 MiB, 143771 MiB
2026/08/07 20:40:02.139, NVIDIA H200, 25, 0 %, 0 %, 529 MiB, 143771 MiB
2026/08/07 20:40:05.139, NVIDIA H200, 25, 0 %, 0 %, 529 MiB, 143771 MiB
2026/08/07 20:40:08.140, NVIDIA H200, 25, 0 %, 0 %, 529 MiB, 143771 MiB
2026/08/07 20:40:11.140, NVIDIA H200, 25, 0 %, 0 %, 529 MiB, 143771 MiB
2026/08/07 20:40:14.140, NVIDIA H200, 25, 0 %, 0 %, 529 MiB, 143771 MiB
2026/08/07 20:40:17.141, NVIDIA H200, 25, 0 %, 0 %, 529 MiB, 143771 MiB
2026/08/07 20:40:20.141, NVIDIA H200, 25, 0 %, 0 %, 529 MiB, 143771 MiB
2026/08/07 20:40:23.142, NVIDIA H200, 25, 0 %, 0 %, 529 MiB, 143771 MiB
2026/08/07 20:40:26.142, NVIDIA H200, 25, 0 %, 0 %, 529 MiB, 143771 MiB
2026/08/07 20:40:29.142, NVIDIA H200, 25, 0 %, 0 %, 529 MiB, 143771 MiB
2026/08/07 20:40:32.143, NVIDIA H200, 25, 0 %, 0 %, 529 MiB, 143771 MiB
2026/08/07 20:40:35.143, NVIDIA H200, 25, 0 %, 0 %, 529 MiB, 143771 MiB
2026/08/07 20:40:38.144, NVIDIA H200, 25, 0 %, 0 %, 529 MiB, 143771 MiB
2026/08/07 20:40:41.144, NVIDIA H200, 25, 0 %, 0 %, 529 MiB, 143771 MiB
2026/08/07 20:40:44.145, NVIDIA H200, 25, 0 %, 0 %, 529 MiB, 143771 MiB
2026/08/07 20:40:47.145, NVIDIA H200, 25, 0 %, 0 %, 529 MiB, 143771 MiB
2026/08/07 20:40:50.146, NVIDIA H200, 25, 0 %, 0 %, 529 MiB, 143771 MiB
2026/08/07 20:40:53.146, NVIDIA H200, 25, 0 %, 0 %, 529 MiB, 143771 MiB
2026/08/07 20:40:56.146, NVIDIA H200, 25, 0 %, 0 %, 529 MiB, 143771 MiB
2026/08/07 20:40:59.147, NVIDIA H200, 25, 0 %, 0 %, 529 MiB, 143771 MiB
2026/08/07 20:41:02.147, NVIDIA H200, 25, 0 %, 0 %, 529 MiB, 143771 MiB
2026/08/07 20:41:05.148, NVIDIA H200, 25, 0 %, 0 %, 529 MiB, 143771 MiB
2026/08/07 20:41:08.148, NVIDIA H200, 25, 0 %, 0 %, 529 MiB, 143771 MiB
2026/08/07 20:41:11.148, NVIDIA H200, 25, 0 %, 0 %, 529 MiB, 143771 MiB
2026/08/07 20:41:14.149, NVIDIA H200, 25, 0 %, 0 %, 529 MiB, 143771 MiB
2026/08/07 20:41:17.149, NVIDIA H200, 25, 0 %, 0 %, 529 MiB, 143771 MiB
2026/08/07 20:41:20.150, NVIDIA H200, 25, 0 %, 0 %, 529 MiB, 143771 MiB
2026/08/07 20:41:23.150, NVIDIA H200, 25, 0 %, 0 %, 529 MiB, 143771 MiB
2026/08/07 20:41:26.150, NVIDIA H200, 25, 0 %, 0 %, 529 MiB, 143771 MiB
2026/08/07 20:41:29.151, NVIDIA H200, 25, 0 %, 0 %, 529 MiB, 143771 MiB
2026/08/07 20:41:32.151, NVIDIA H200, 25, 0 %, 0 %, 529 MiB, 143771 MiB
2026/08/07 20:41:35.152, NVIDIA H200, 25, 0 %, 0 %, 529 MiB, 143771 MiB
2026/08/07 20:41:38.152, NVIDIA H200, 25, 0 %, 0 %, 529 MiB, 143771 MiB
2026/08/07 20:41:41.153, NVIDIA H200, 25, 0 %, 0 %, 529 MiB, 143771 MiB
2026/08/07 20:41:44.153, NVIDIA H200, 25, 0 %, 0 %, 529 MiB, 143771 MiB
2026/08/07 20:41:47.153, NVIDIA H200, 25, 0 %, 0 %, 529 MiB, 143771 MiB
2026/08/07 20:41:50.154, NVIDIA H200, 25, 0 %, 0 %, 529 MiB, 143771 MiB
2026/08/07 20:41:53.154, NVIDIA H200, 25, 0 %, 0 %, 529 MiB, 143771 MiB
2026/08/07 20:41:56.155, NVIDIA H200, 25, 0 %, 0 %, 529 MiB, 143771 MiB
2026/08/07 20:41:59.155, NVIDIA H200, 25, 0 %, 0 %, 529 MiB, 143771 MiB
2026/08/07 20:42:02.155, NVIDIA H200, 25, 0 %, 0 %, 529 MiB, 143771 MiB
2026/08/07 20:42:05.156, NVIDIA H200, 25, 0 %, 0 %, 529 MiB, 143771 MiB
2026/08/07 20:42:08.156, NVIDIA H200, 25, 0 %, 0 %, 529 MiB, 143771 MiB
2026/08/07 20:42:11.157, NVIDIA H200, 25, 0 %, 0 %, 529 MiB, 143771 MiB
2026/08/07 20:42:14.157, NVIDIA H200, 25, 0 %, 0 %, 529 MiB, 143771 MiB
2026/08/07 20:42:17.158, NVIDIA H200, 25, 0 %, 0 %, 529 MiB, 143771 MiB
2026/08/07 20:42:20.158, NVIDIA H200, 25, 0 %, 0 %, 529 MiB, 143771 MiB
2026/08/07 20:42:23.158, NVIDIA H200, 25, 0 %, 0 %, 529 MiB, 143771 MiB
2026/08/07 20:42:26.159, NVIDIA H200, 25, 0 %, 0 %, 529 MiB, 143771 MiB
2026/08/07 20:42:29.159, NVIDIA H200, 25, 0 %, 0 %, 529 MiB, 143771 MiB
2026/08/07 20:42:32.160, NVIDIA H200, 25, 0 %, 0 %, 529 MiB, 143771 MiB
2026/08/07 20:42:35.160, NVIDIA H200, 25, 0 %, 0 %, 529 MiB, 143771 MiB
2026/08/07 20:42:38.160, NVIDIA H200, 25, 0 %, 0 %, 529 MiB, 143771 MiB
2026/08/07 20:42:41.161, NVIDIA H200, 25, 0 %, 0 %, 529 MiB, 143771 MiB
2026/08/07 20:42:44.161, NVIDIA H200, 25, 0 %, 0 %, 529 MiB, 143771 MiB
2026/08/07 20:42:47.162, NVIDIA H200, 25, 0 %, 0 %, 529 MiB, 143771 MiB
2026/08/07 20:42:50.162, NVIDIA H200, 25, 0 %, 0 %, 529 MiB, 143771 MiB
2026/08/07 20:42:53.163, NVIDIA H200, 25, 0 %, 0 %, 529 MiB, 143771 MiB
2026/08/07 20:42:56.163, NVIDIA H200, 25, 0 %, 0 %, 529 MiB, 143771 MiB
2026/08/07 20:42:59.163, NVIDIA H200, 25, 0 %, 0 %, 529 MiB, 143771 MiB
2026/08/07 20:43:02.164, NVIDIA H200, 25, 0 %, 0 %, 529 MiB, 143771 MiB
2026/08/07 20:43:05.164, NVIDIA H200, 25, 0 %, 0 %, 529 MiB, 143771 MiB
2026/08/07 20:43:08.165, NVIDIA H200, 25, 0 %, 0 %, 529 MiB, 143771 MiB
2026/08/07 20:43:11.165, NVIDIA H200, 25, 0 %, 0 %, 529 MiB, 143771 MiB
2026/08/07 20:43:14.165, NVIDIA H200, 25, 0 %, 0 %, 529 MiB, 143771 MiB
2026/08/07 20:43:17.166, NVIDIA H200, 25, 0 %, 0 %, 529 MiB, 143771 MiB
2026/08/07 20:43:20.166, NVIDIA H200, 25, 0 %, 0 %, 529 MiB, 143771 MiB
2026/08/07 20:43:23.167, NVIDIA H200, 25, 0 %, 0 %, 529 MiB, 143771 MiB
2026/08/07 20:43:26.167, NVIDIA H200, 25, 0 %, 0 %, 529 MiB, 143771 MiB
2026/08/07 20:43:29.167, NVIDIA H200, 25, 0 %, 0 %, 529 MiB, 143771 MiB
2026/08/07 20:43:32.168, NVIDIA H200, 25, 0 %, 0 %, 529 MiB, 143771 MiB
2026/08/07 20:43:35.168, NVIDIA H200, 25, 0 %, 0 %, 529 MiB, 143771 MiB
2026/08/07 20:43:38.169, NVIDIA H200, 25, 0 %, 0 %, 529 MiB, 143771 MiB
2026/08/07 20:43:41.169, NVIDIA H200, 25, 0 %, 0 %, 529 MiB, 143771 MiB
2026/08/07 20:43:44.170, NVIDIA H200, 25, 0 %, 0 %, 529 MiB, 143771 MiB
2026/08/07 20:43:47.170, NVIDIA H200, 25, 0 %, 0 %, 529 MiB, 143771 MiB
2026/08/07 20:43:50.170, NVIDIA H200, 25, 0 %, 0 %, 529 MiB, 143771 MiB
2026/08/07 20:43:53.171, NVIDIA H200, 25, 0 %, 0 %, 529 MiB, 143771 MiB
2026/08/07 20:43:56.171, NVIDIA H200, 25, 0 %, 0 %, 529 MiB, 143771 MiB
2026/08/07 20:43:59.172, NVIDIA H200, 25, 0 %, 0 %, 529 MiB, 143771 MiB
2026/08/07 20:44:02.172, NVIDIA H200, 25, 0 %, 0 %, 529 MiB, 143771 MiB
2026/08/07 20:44:05.173, NVIDIA H200, 25, 0 %, 0 %, 529 MiB, 143771 MiB
2026/08/07 20:44:08.173, NVIDIA H200, 25, 0 %, 0 %, 529 MiB, 143771 MiB
2026/08/07 20:44:11.173, NVIDIA H200, 25, 0 %, 0 %, 529 MiB, 143771 MiB
2026/08/07 20:44:14.174, NVIDIA H200, 25, 0 %, 0 %, 529 MiB, 143771 MiB
2026/08/07 20:44:17.174, NVIDIA H200, 25, 0 %, 0 %, 529 MiB, 143771 MiB
2026/08/07 20:44:20.175, NVIDIA H200, 25, 0 %, 0 %, 529 MiB, 143771 MiB
2026/08/07 20:44:23.175, NVIDIA H200, 25, 0 %, 0 %, 529 MiB, 143771 MiB
2026/08/07 20:44:26.175, NVIDIA H200, 25, 0 %, 0 %, 529 MiB, 143771 MiB
2026/08/07 20:44:29.176, NVIDIA H200, 25, 0 %, 0 %, 529 MiB, 143771 MiB
2026/08/07 20:44:32.176, NVIDIA H200, 25, 0 %, 0 %, 529 MiB, 143771 MiB
2026/08/07 20:44:35.177, NVIDIA H200, 25, 0 %, 0 %, 529 MiB, 143771 MiB
2026/08/07 20:44:38.177, NVIDIA H200, 25, 0 %, 0 %, 529 MiB, 143771 MiB
2026/08/07 20:44:41.177, NVIDIA H200, 25, 0 %, 0 %, 529 MiB, 143771 MiB
2026/08/07 20:44:44.178, NVIDIA H200, 25, 0 %, 0 %, 529 MiB, 143771 MiB
2026/08/07 20:44:47.178, NVIDIA H200, 25, 0 %, 0 %, 529 MiB, 143771 MiB
2026/08/07 20:44:50.179, NVIDIA H200, 25, 0 %, 0 %, 529 MiB, 143771 MiB
2026/08/07 20:44:53.179, NVIDIA H200, 25, 0 %, 0 %, 529 MiB, 143771 MiB
2026/08/07 20:44:56.180, NVIDIA H200, 25, 0 %, 0 %, 529 MiB, 143771 MiB
2026/08/07 20:44:59.180, NVIDIA H200, 25, 0 %, 0 %, 529 MiB, 143771 MiB
2026/08/07 20:45:02.180, NVIDIA H200, 25, 0 %, 0 %, 529 MiB, 143771 MiB
2026/08/07 20:45:05.181, NVIDIA H200, 25, 0 %, 0 %, 529 MiB, 143771 MiB
2026/08/07 20:45:08.181, NVIDIA H200, 25, 0 %, 0 %, 529 MiB, 143771 MiB
2026/08/07 20:45:11.182, NVIDIA H200, 25, 0 %, 0 %, 529 MiB, 143771 MiB
2026/08/07 20:45:14.182, NVIDIA H200, 25, 0 %, 0 %, 529 MiB, 143771 MiB
2026/08/07 20:45:17.182, NVIDIA H200, 25, 0 %, 0 %, 529 MiB, 143771 MiB
2026/08/07 20:45:20.183, NVIDIA H200, 25, 0 %, 0 %, 529 MiB, 143771 MiB
2026/08/07 20:45:23.183, NVIDIA H200, 25, 0 %, 0 %, 529 MiB, 143771 MiB
2026/08/07 20:45:26.184, NVIDIA H200, 25, 0 %, 0 %, 529 MiB, 143771 MiB
2026/08/07 20:45:29.184, NVIDIA H200, 25, 0 %, 0 %, 529 MiB, 143771 MiB
2026/08/07 20:45:32.185, NVIDIA H200, 25, 0 %, 0 %, 529 MiB, 143771 MiB
2026/08/07 20:45:35.185, NVIDIA H200, 25, 0 %, 0 %, 529 MiB, 143771 MiB
2026/08/07 20:45:38.185, NVIDIA H200, 25, 0 %, 0 %, 529 MiB, 143771 MiB
2026/08/07 20:45:41.186, NVIDIA H200, 25, 0 %, 0 %, 529 MiB, 143771 MiB
2026/08/07 20:45:44.186, NVIDIA H200, 25, 0 %, 0 %, 529 MiB, 143771 MiB
2026/08/07 20:45:47.187, NVIDIA H200, 25, 0 %, 0 %, 529 MiB, 143771 MiB
2026/08/07 20:45:50.187, NVIDIA H200, 25, 0 %, 0 %, 529 MiB, 143771 MiB
2026/08/07 20:45:53.187, NVIDIA H200, 25, 0 %, 0 %, 529 MiB, 143771 MiB
2026/08/07 20:45:56.188, NVIDIA H200, 25, 0 %, 0 %, 529 MiB, 143771 MiB
2026/08/07 20:45:59.188, NVIDIA H200, 25, 0 %, 0 %, 529 MiB, 143771 MiB
2026/08/07 20:46:02.189, NVIDIA H200, 25, 0 %, 0 %, 529 MiB, 143771 MiB
2026/08/07 20:46:05.189, NVIDIA H200, 25, 0 %, 0 %, 529 MiB, 143771 MiB
2026/08/07 20:46:08.190, NVIDIA H200, 25, 0 %, 0 %, 529 MiB, 143771 MiB
2026/08/07 20:46:11.190, NVIDIA H200, 25, 0 %, 0 %, 529 MiB, 143771 MiB
2026/08/07 20:46:14.191, NVIDIA H200, 25, 0 %, 0 %, 529 MiB, 143771 MiB
2026/08/07 20:46:17.191, NVIDIA H200, 25, 0 %, 0 %, 529 MiB, 143771 MiB
2026/08/07 20:46:20.191, NVIDIA H200, 25, 0 %, 0 %, 529 MiB, 143771 MiB
2026/08/07 20:46:23.192, NVIDIA H200, 25, 0 %, 0 %, 529 MiB, 143771 MiB
2026/08/07 20:46:26.192, NVIDIA H200, 25, 0 %, 0 %, 529 MiB, 143771 MiB
2026/08/07 20:46:29.193, NVIDIA H200, 25, 0 %, 0 %, 529 MiB, 143771 MiB
2026/08/07 20:46:32.193, NVIDIA H200, 25, 0 %, 0 %, 529 MiB, 143771 MiB
2026/08/07 20:46:35.193, NVIDIA H200, 25, 0 %, 0 %, 529 MiB, 143771 MiB
2026/08/07 20:46:38.194, NVIDIA H200, 25, 0 %, 0 %, 529 MiB, 143771 MiB
2026/08/07 20:46:41.194, NVIDIA H200, 25, 0 %, 0 %, 529 MiB, 143771 MiB
2026/08/07 20:46:44.194, NVIDIA H200, 25, 0 %, 0 %, 529 MiB, 143771 MiB
2026/08/07 20:46:47.195, NVIDIA H200, 25, 0 %, 0 %, 529 MiB, 143771 MiB
2026/08/07 20:46:50.195, NVIDIA H200, 25, 0 %, 0 %, 529 MiB, 143771 MiB
2026/08/07 20:46:53.196, NVIDIA H200, 25, 0 %, 0 %, 529 MiB, 143771 MiB
2026/08/07 20:46:56.196, NVIDIA H200, 25, 0 %, 0 %, 529 MiB, 143771 MiB
2026/08/07 20:46:59.196, NVIDIA H200, 25, 0 %, 0 %, 529 MiB, 143771 MiB
2026/08/07 20:47:02.197, NVIDIA H200, 25, 0 %, 0 %, 529 MiB, 143771 MiB
2026/08/07 20:47:05.197, NVIDIA H200, 25, 0 %, 0 %, 529 MiB, 143771 MiB
2026/08/07 20:47:08.198, NVIDIA H200, 25, 0 %, 0 %, 529 MiB, 143771 MiB
2026/08/07 20:47:11.198, NVIDIA H200, 25, 0 %, 0 %, 529 MiB, 143771 MiB
2026/08/07 20:47:14.199, NVIDIA H200, 25, 0 %, 0 %, 529 MiB, 143771 MiB
2026/08/07 20:47:17.199, NVIDIA H200, 25, 0 %, 0 %, 529 MiB, 143771 MiB
2026/08/07 20:47:20.199, NVIDIA H200, 25, 0 %, 0 %, 529 MiB, 143771 MiB
2026/08/07 20:47:23.200, NVIDIA H200, 25, 0 %, 0 %, 529 MiB, 143771 MiB
2026/08/07 20:47:26.200, NVIDIA H200, 25, 0 %, 0 %, 529 MiB, 143771 MiB
2026/08/07 20:47:29.201, NVIDIA H200, 25, 0 %, 0 %, 529 MiB, 143771 MiB
2026/08/07 20:47:32.201, NVIDIA H200, 25, 0 %, 0 %, 529 MiB, 143771 MiB
2026/08/07 20:47:35.201, NVIDIA H200, 25, 0 %, 0 %, 529 MiB, 143771 MiB
2026/08/07 20:47:38.202, NVIDIA H200, 25, 0 %, 0 %, 529 MiB, 143771 MiB
2026/08/07 20:47:41.202, NVIDIA H200, 25, 0 %, 0 %, 529 MiB, 143771 MiB
2026/08/07 20:47:44.203, NVIDIA H200, 25, 0 %, 0 %, 529 MiB, 143771 MiB
2026/08/07 20:47:47.203, NVIDIA H200, 25, 0 %, 0 %, 529 MiB, 143771 MiB
2026/08/07 20:47:50.203, NVIDIA H200, 25, 0 %, 0 %, 529 MiB, 143771 MiB
2026/08/07 20:47:53.204, NVIDIA H200, 25, 0 %, 0 %, 529 MiB, 143771 MiB
2026/08/07 20:47:56.204, NVIDIA H200, 25, 0 %, 0 %, 529 MiB, 143771 MiB
2026/08/07 20:47:59.205, NVIDIA H200, 25, 0 %, 0 %, 529 MiB, 143771 MiB
2026/08/07 20:48:02.205, NVIDIA H200, 25, 0 %, 0 %, 529 MiB, 143771 MiB
2026/08/07 20:48:05.205, NVIDIA H200, 25, 0 %, 0 %, 529 MiB, 143771 MiB
2026/08/07 20:48:08.206, NVIDIA H200, 25, 0 %, 0 %, 529 MiB, 143771 MiB
2026/08/07 20:48:11.206, NVIDIA H200, 25, 0 %, 0 %, 529 MiB, 143771 MiB
2026/08/07 20:48:14.206, NVIDIA H200, 25, 0 %, 0 %, 529 MiB, 143771 MiB
2026/08/07 20:48:17.207, NVIDIA H200, 25, 0 %, 0 %, 529 MiB, 143771 MiB
2026/08/07 20:48:20.207, NVIDIA H200, 25, 0 %, 0 %, 529 MiB, 143771 MiB
2026/08/07 20:48:23.208, NVIDIA H200, 25, 0 %, 0 %, 529 MiB, 143771 MiB
2026/08/07 20:48:26.208, NVIDIA H200, 25, 0 %, 0 %, 529 MiB, 143771 MiB
2026/08/07 20:48:29.209, NVIDIA H200, 25, 0 %, 0 %, 529 MiB, 143771 MiB
2026/08/07 20:48:32.209, NVIDIA H200, 25, 0 %, 0 %, 529 MiB, 143771 MiB
2026/08/07 20:48:35.209, NVIDIA H200, 25, 0 %, 0 %, 529 MiB, 143771 MiB
2026/08/07 20:48:38.210, NVIDIA H200, 25, 0 %, 0 %, 529 MiB, 143771 MiB
2026/08/07 20:48:41.210, NVIDIA H200, 25, 0 %, 0 %, 529 MiB, 143771 MiB
2026/08/07 20:48:44.211, NVIDIA H200, 25, 0 %, 0 %, 529 MiB, 143771 MiB
2026/08/07 20:48:47.211, NVIDIA H200, 25, 0 %, 0 %, 529 MiB, 143771 MiB
2026/08/07 20:48:50.211, NVIDIA H200, 25, 0 %, 0 %, 529 MiB, 143771 MiB
2026/08/07 20:48:53.212, NVIDIA H200, 25, 0 %, 0 %, 529 MiB, 143771 MiB
2026/08/07 20:48:56.212, NVIDIA H200, 25, 0 %, 0 %, 529 MiB, 143771 MiB
2026/08/07 20:48:59.213, NVIDIA H200, 25, 0 %, 0 %, 529 MiB, 143771 MiB
2026/08/07 20:49:02.213, NVIDIA H200, 25, 0 %, 0 %, 529 MiB, 143771 MiB
2026/08/07 20:49:05.214, NVIDIA H200, 25, 0 %, 0 %, 529 MiB, 143771 MiB
2026/08/07 20:49:08.214, NVIDIA H200, 25, 0 %, 0 %, 529 MiB, 143771 MiB
2026/08/07 20:49:11.214, NVIDIA H200, 25, 0 %, 0 %, 529 MiB, 143771 MiB
2026/08/07 20:49:14.215, NVIDIA H200, 25, 0 %, 0 %, 529 MiB, 143771 MiB
2026/08/07 20:49:17.215, NVIDIA H200, 25, 0 %, 0 %, 529 MiB, 143771 MiB
2026/08/07 20:49:20.216, NVIDIA H200, 25, 0 %, 0 %, 529 MiB, 143771 MiB
2026/08/07 20:49:23.216, NVIDIA H200, 25, 0 %, 0 %, 529 MiB, 143771 MiB
2026/08/07 20:49:26.216, NVIDIA H200, 25, 0 %, 0 %, 529 MiB, 143771 MiB
2026/08/07 20:49:29.217, NVIDIA H200, 25, 0 %, 0 %, 529 MiB, 143771 MiB
2026/08/07 20:49:32.217, NVIDIA H200, 25, 0 %, 0 %, 529 MiB, 143771 MiB
2026/08/07 20:49:35.218, NVIDIA H200, 25, 0 %, 0 %, 529 MiB, 143771 MiB
2026/08/07 20:49:38.218, NVIDIA H200, 25, 0 %, 0 %, 529 MiB, 143771 MiB
2026/08/07 20:49:41.218, NVIDIA H200, 25, 0 %, 0 %, 529 MiB, 143771 MiB
2026/08/07 20:49:44.219, NVIDIA H200, 25, 0 %, 0 %, 529 MiB, 143771 MiB
2026/08/07 20:49:47.219, NVIDIA H200, 25, 0 %, 0 %, 529 MiB, 143771 MiB
2026/08/07 20:49:50.220, NVIDIA H200, 25, 0 %, 0 %, 529 MiB, 143771 MiB
2026/08/07 20:49:53.220, NVIDIA H200, 25, 0 %, 0 %, 529 MiB, 143771 MiB
2026/08/07 20:49:56.220, NVIDIA H200, 25, 0 %, 0 %, 529 MiB, 143771 MiB
2026/08/07 20:49:59.221, NVIDIA H200, 25, 0 %, 0 %, 529 MiB, 143771 MiB
2026/08/07 20:50:02.221, NVIDIA H200, 25, 0 %, 0 %, 529 MiB, 143771 MiB
2026/08/07 20:50:05.222, NVIDIA H200, 25, 0 %, 0 %, 529 MiB, 143771 MiB
2026/08/07 20:50:08.222, NVIDIA H200, 25, 0 %, 0 %, 529 MiB, 143771 MiB
2026/08/07 20:50:11.223, NVIDIA H200, 25, 0 %, 0 %, 529 MiB, 143771 MiB
2026/08/07 20:50:14.223, NVIDIA H200, 25, 0 %, 0 %, 529 MiB, 143771 MiB
2026/08/07 20:50:17.223, NVIDIA H200, 25, 0 %, 0 %, 529 MiB, 143771 MiB
2026/08/07 20:50:20.224, NVIDIA H200, 25, 0 %, 0 %, 529 MiB, 143771 MiB
2026/08/07 20:50:23.224, NVIDIA H200, 25, 0 %, 0 %, 529 MiB, 143771 MiB
2026/08/07 20:50:26.225, NVIDIA H200, 25, 0 %, 0 %, 529 MiB, 143771 MiB
2026/08/07 20:50:29.225, NVIDIA H200, 25, 0 %, 0 %, 529 MiB, 143771 MiB
2026/08/07 20:50:32.225, NVIDIA H200, 25, 0 %, 0 %, 529 MiB, 143771 MiB
2026/08/07 20:50:35.226, NVIDIA H200, 25, 0 %, 0 %, 529 MiB, 143771 MiB
2026/08/07 20:50:38.226, NVIDIA H200, 25, 0 %, 0 %, 529 MiB, 143771 MiB
2026/08/07 20:50:41.226, NVIDIA H200, 25, 0 %, 0 %, 529 MiB, 143771 MiB
2026/08/07 20:50:44.227, NVIDIA H200, 25, 0 %, 0 %, 529 MiB, 143771 MiB
2026/08/07 20:50:47.227, NVIDIA H200, 25, 0 %, 0 %, 529 MiB, 143771 MiB
2026/08/07 20:50:50.228, NVIDIA H200, 25, 0 %, 0 %, 529 MiB, 143771 MiB
2026/08/07 20:50:53.228, NVIDIA H200, 25, 0 %, 0 %, 529 MiB, 143771 MiB
2026/08/07 20:50:56.228, NVIDIA H200, 25, 0 %, 0 %, 529 MiB, 143771 MiB
2026/08/07 20:50:59.229, NVIDIA H200, 25, 0 %, 0 %, 529 MiB, 143771 MiB
2026/08/07 20:51:02.229, NVIDIA H200, 25, 0 %, 0 %, 529 MiB, 143771 MiB
2026/08/07 20:51:05.230, NVIDIA H200, 25, 0 %, 0 %, 529 MiB, 143771 MiB
2026/08/07 20:51:08.230, NVIDIA H200, 25, 0 %, 0 %, 529 MiB, 143771 MiB
2026/08/07 20:51:11.231, NVIDIA H200, 25, 0 %, 0 %, 529 MiB, 143771 MiB
2026/08/07 20:51:14.231, NVIDIA H200, 25, 0 %, 0 %, 529 MiB, 143771 MiB
2026/08/07 20:51:17.231, NVIDIA H200, 25, 0 %, 0 %, 529 MiB, 143771 MiB
2026/08/07 20:51:20.232, NVIDIA H200, 25, 0 %, 0 %, 529 MiB, 143771 MiB
2026/08/07 20:51:23.232, NVIDIA H200, 25, 0 %, 0 %, 529 MiB, 143771 MiB
2026/08/07 20:51:26.233, NVIDIA H200, 25, 0 %, 0 %, 529 MiB, 143771 MiB
2026/08/07 20:51:29.233, NVIDIA H200, 25, 0 %, 0 %, 529 MiB, 143771 MiB
2026/08/07 20:51:32.234, NVIDIA H200, 25, 0 %, 0 %, 529 MiB, 143771 MiB
2026/08/07 20:51:35.234, NVIDIA H200, 25, 0 %, 0 %, 529 MiB, 143771 MiB
2026/08/07 20:51:38.234, NVIDIA H200, 25, 0 %, 0 %, 529 MiB, 143771 MiB
2026/08/07 20:51:41.235, NVIDIA H200, 25, 0 %, 0 %, 529 MiB, 143771 MiB
2026/08/07 20:51:44.235, NVIDIA H200, 25, 0 %, 0 %, 529 MiB, 143771 MiB
2026/08/07 20:51:47.236, NVIDIA H200, 25, 0 %, 0 %, 529 MiB, 143771 MiB
2026/08/07 20:51:50.236, NVIDIA H200, 25, 0 %, 0 %, 529 MiB, 143771 MiB
2026/08/07 20:51:53.236, NVIDIA H200, 25, 0 %, 0 %, 529 MiB, 143771 MiB
2026/08/07 20:51:56.237, NVIDIA H200, 25, 0 %, 0 %, 529 MiB, 143771 MiB
2026/08/07 20:51:59.237, NVIDIA H200, 25, 0 %, 0 %, 529 MiB, 143771 MiB
2026/08/07 20:52:02.238, NVIDIA H200, 25, 0 %, 0 %, 529 MiB, 143771 MiB
2026/08/07 20:52:05.238, NVIDIA H200, 25, 0 %, 0 %, 529 MiB, 143771 MiB
2026/08/07 20:52:08.238, NVIDIA H200, 25, 0 %, 0 %, 529 MiB, 143771 MiB
2026/08/07 20:52:11.239, NVIDIA H200, 25, 0 %, 0 %, 529 MiB, 143771 MiB
2026/08/07 20:52:14.239, NVIDIA H200, 25, 0 %, 0 %, 529 MiB, 143771 MiB
2026/08/07 20:52:17.240, NVIDIA H200, 25, 0 %, 0 %, 529 MiB, 143771 MiB
2026/08/07 20:52:20.240, NVIDIA H200, 25, 0 %, 0 %, 529 MiB, 143771 MiB
2026/08/07 20:52:23.240, NVIDIA H200, 25, 0 %, 0 %, 529 MiB, 143771 MiB
2026/08/07 20:52:26.241, NVIDIA H200, 25, 0 %, 0 %, 529 MiB, 143771 MiB
2026/08/07 20:52:29.241, NVIDIA H200, 25, 0 %, 0 %, 529 MiB, 143771 MiB
2026/08/07 20:52:32.242, NVIDIA H200, 25, 0 %, 0 %, 529 MiB, 143771 MiB
2026/08/07 20:52:35.242, NVIDIA H200, 25, 0 %, 0 %, 529 MiB, 143771 MiB
2026/08/07 20:52:38.242, NVIDIA H200, 25, 0 %, 0 %, 529 MiB, 143771 MiB
2026/08/07 20:52:41.243, NVIDIA H200, 25, 0 %, 0 %, 529 MiB, 143771 MiB
2026/08/07 20:52:44.243, NVIDIA H200, 25, 0 %, 0 %, 529 MiB, 143771 MiB
2026/08/07 20:52:47.244, NVIDIA H200, 25, 0 %, 0 %, 529 MiB, 143771 MiB
2026/08/07 20:52:50.244, NVIDIA H200, 25, 0 %, 0 %, 529 MiB, 143771 MiB
2026/08/07 20:52:53.245, NVIDIA H200, 25, 0 %, 0 %, 529 MiB, 143771 MiB
2026/08/07 20:52:56.245, NVIDIA H200, 25, 0 %, 0 %, 529 MiB, 143771 MiB
2026/08/07 20:52:59.245, NVIDIA H200, 25, 0 %, 0 %, 529 MiB, 143771 MiB
2026/08/07 20:53:02.246, NVIDIA H200, 25, 0 %, 0 %, 529 MiB, 143771 MiB
2026/08/07 20:53:05.246, NVIDIA H200, 25, 0 %, 0 %, 529 MiB, 143771 MiB
2026/08/07 20:53:08.246, NVIDIA H200, 25, 0 %, 0 %, 529 MiB, 143771 MiB
2026/08/07 20:53:11.247, NVIDIA H200, 25, 0 %, 0 %, 529 MiB, 143771 MiB
2026/08/07 20:53:14.247, NVIDIA H200, 25, 0 %, 0 %, 529 MiB, 143771 MiB
2026/08/07 20:53:17.248, NVIDIA H200, 25, 0 %, 0 %, 529 MiB, 143771 MiB
2026/08/07 20:53:20.248, NVIDIA H200, 25, 0 %, 0 %, 529 MiB, 143771 MiB
2026/08/07 20:53:23.249, NVIDIA H200, 25, 0 %, 0 %, 529 MiB, 143771 MiB
2026/08/07 20:53:26.249, NVIDIA H200, 25, 0 %, 0 %, 529 MiB, 143771 MiB
2026/08/07 20:53:29.249, NVIDIA H200, 25, 0 %, 0 %, 529 MiB, 143771 MiB
2026/08/07 20:53:32.250, NVIDIA H200, 25, 0 %, 0 %, 529 MiB, 143771 MiB
2026/08/07 20:53:35.250, NVIDIA H200, 25, 0 %, 0 %, 529 MiB, 143771 MiB
2026/08/07 20:53:38.251, NVIDIA H200, 25, 0 %, 0 %, 529 MiB, 143771 MiB
2026/08/07 20:53:41.251, NVIDIA H200, 25, 0 %, 0 %, 529 MiB, 143771 MiB
2026/08/07 20:53:44.252, NVIDIA H200, 25, 0 %, 0 %, 529 MiB, 143771 MiB
2026/08/07 20:53:47.252, NVIDIA H200, 25, 0 %, 0 %, 529 MiB, 143771 MiB
2026/08/07 20:53:50.253, NVIDIA H200, 25, 0 %, 0 %, 529 MiB, 143771 MiB
2026/08/07 20:53:53.256, NVIDIA H200, 25, 0 %, 0 %, 529 MiB, 143771 MiB
2026/08/07 20:53:56.257, NVIDIA H200, 25, 0 %, 0 %, 529 MiB, 143771 MiB
2026/08/07 20:53:59.257, NVIDIA H200, 25, 0 %, 0 %, 529 MiB, 143771 MiB
2026/08/07 20:54:02.257, NVIDIA H200, 25, 0 %, 0 %, 529 MiB, 143771 MiB
2026/08/07 20:54:05.258, NVIDIA H200, 25, 0 %, 0 %, 529 MiB, 143771 MiB
2026/08/07 20:54:08.258, NVIDIA H200, 25, 0 %, 0 %, 529 MiB, 143771 MiB
2026/08/07 20:54:11.259, NVIDIA H200, 25, 0 %, 0 %, 529 MiB, 143771 MiB
2026/08/07 20:54:14.259, NVIDIA H200, 25, 0 %, 0 %, 529 MiB, 143771 MiB
2026/08/07 20:54:17.260, NVIDIA H200, 25, 0 %, 0 %, 529 MiB, 143771 MiB
2026/08/07 20:54:20.260, NVIDIA H200, 25, 0 %, 0 %, 529 MiB, 143771 MiB
2026/08/07 20:54:23.260, NVIDIA H200, 25, 0 %, 0 %, 529 MiB, 143771 MiB
2026/08/07 20:54:26.261, NVIDIA H200, 25, 0 %, 0 %, 529 MiB, 143771 MiB
2026/08/07 20:54:29.261, NVIDIA H200, 25, 0 %, 0 %, 529 MiB, 143771 MiB
2026/08/07 20:54:32.262, NVIDIA H200, 25, 0 %, 0 %, 529 MiB, 143771 MiB
2026/08/07 20:54:35.262, NVIDIA H200, 25, 0 %, 0 %, 529 MiB, 143771 MiB
2026/08/07 20:54:38.262, NVIDIA H200, 25, 0 %, 0 %, 529 MiB, 143771 MiB
2026/08/07 20:54:41.263, NVIDIA H200, 25, 0 %, 0 %, 529 MiB, 143771 MiB
2026/08/07 20:54:44.263, NVIDIA H200, 25, 0 %, 0 %, 529 MiB, 143771 MiB
2026/08/07 20:54:47.264, NVIDIA H200, 25, 0 %, 0 %, 529 MiB, 143771 MiB
2026/08/07 20:54:50.264, NVIDIA H200, 25, 0 %, 0 %, 529 MiB, 143771 MiB
2026/08/07 20:54:53.265, NVIDIA H200, 25, 0 %, 0 %, 529 MiB, 143771 MiB
2026/08/07 20:54:56.265, NVIDIA H200, 25, 0 %, 0 %, 529 MiB, 143771 MiB
2026/08/07 20:54:59.266, NVIDIA H200, 25, 0 %, 0 %, 529 MiB, 143771 MiB
2026/08/07 20:55:02.266, NVIDIA H200, 25, 0 %, 0 %, 529 MiB, 143771 MiB
2026/08/07 20:55:05.266, NVIDIA H200, 25, 0 %, 0 %, 529 MiB, 143771 MiB
2026/08/07 20:55:08.267, NVIDIA H200, 25, 0 %, 0 %, 529 MiB, 143771 MiB
2026/08/07 20:55:11.267, NVIDIA H200, 25, 0 %, 0 %, 529 MiB, 143771 MiB
2026/08/07 20:55:14.268, NVIDIA H200, 25, 0 %, 0 %, 529 MiB, 143771 MiB
2026/08/07 20:55:17.268, NVIDIA H200, 25, 0 %, 0 %, 529 MiB, 143771 MiB
2026/08/07 20:55:20.268, NVIDIA H200, 25, 0 %, 0 %, 529 MiB, 143771 MiB
2026/08/07 20:55:23.269, NVIDIA H200, 25, 0 %, 0 %, 529 MiB, 143771 MiB
2026/08/07 20:55:26.269, NVIDIA H200, 25, 0 %, 0 %, 529 MiB, 143771 MiB
2026/08/07 20:55:29.270, NVIDIA H200, 25, 0 %, 0 %, 529 MiB, 143771 MiB
2026/08/07 20:55:32.270, NVIDIA H200, 25, 0 %, 0 %, 529 MiB, 143771 MiB
2026/08/07 20:55:35.270, NVIDIA H200, 25, 0 %, 0 %, 529 MiB, 143771 MiB
2026/08/07 20:55:38.271, NVIDIA H200, 25, 0 %, 0 %, 529 MiB, 143771 MiB
2026/08/07 20:55:41.271, NVIDIA H200, 25, 0 %, 0 %, 529 MiB, 143771 MiB
2026/08/07 20:55:44.272, NVIDIA H200, 25, 0 %, 0 %, 529 MiB, 143771 MiB
2026/08/07 20:55:47.272, NVIDIA H200, 25, 0 %, 0 %, 529 MiB, 143771 MiB
2026/08/07 20:55:50.272, NVIDIA H200, 25, 0 %, 0 %, 529 MiB, 143771 MiB
2026/08/07 20:55:53.273, NVIDIA H200, 25, 0 %, 0 %, 529 MiB, 143771 MiB
2026/08/07 20:55:56.273, NVIDIA H200, 25, 0 %, 0 %, 529 MiB, 143771 MiB
2026/08/07 20:55:59.274, NVIDIA H200, 25, 0 %, 0 %, 529 MiB, 143771 MiB
2026/08/07 20:56:02.274, NVIDIA H200, 25, 0 %, 0 %, 529 MiB, 143771 MiB
2026/08/07 20:56:05.275, NVIDIA H200, 25, 0 %, 0 %, 529 MiB, 143771 MiB
2026/08/07 20:56:08.275, NVIDIA H200, 25, 0 %, 0 %, 529 MiB, 143771 MiB
2026/08/07 20:56:11.276, NVIDIA H200, 25, 0 %, 0 %, 529 MiB, 143771 MiB
2026/08/07 20:56:14.276, NVIDIA H200, 25, 0 %, 0 %, 529 MiB, 143771 MiB
2026/08/07 20:56:17.276, NVIDIA H200, 25, 0 %, 0 %, 529 MiB, 143771 MiB
2026/08/07 20:56:20.277, NVIDIA H200, 25, 0 %, 0 %, 529 MiB, 143771 MiB
2026/08/07 20:56:23.277, NVIDIA H200, 25, 0 %, 0 %, 529 MiB, 143771 MiB
2026/08/07 20:56:26.278, NVIDIA H200, 25, 0 %, 0 %, 529 MiB, 143771 MiB
2026/08/07 20:56:29.278, NVIDIA H200, 25, 0 %, 0 %, 529 MiB, 143771 MiB
2026/08/07 20:56:32.279, NVIDIA H200, 25, 0 %, 0 %, 529 MiB, 143771 MiB
2026/08/07 20:56:35.279, NVIDIA H200, 25, 0 %, 0 %, 529 MiB, 143771 MiB
2026/08/07 20:56:38.280, NVIDIA H200, 25, 0 %, 0 %, 529 MiB, 143771 MiB
2026/08/07 20:56:41.280, NVIDIA H200, 25, 0 %, 0 %, 529 MiB, 143771 MiB
2026/08/07 20:56:44.281, NVIDIA H200, 25, 0 %, 0 %, 529 MiB, 143771 MiB
2026/08/07 20:56:47.281, NVIDIA H200, 25, 0 %, 0 %, 529 MiB, 143771 MiB
2026/08/07 20:56:50.281, NVIDIA H200, 25, 0 %, 0 %, 529 MiB, 143771 MiB
2026/08/07 20:56:53.282, NVIDIA H200, 25, 0 %, 0 %, 529 MiB, 143771 MiB
2026/08/07 20:56:56.282, NVIDIA H200, 25, 0 %, 0 %, 529 MiB, 143771 MiB
2026/08/07 20:56:59.283, NVIDIA H200, 25, 0 %, 0 %, 529 MiB, 143771 MiB
2026/08/07 20:57:02.283, NVIDIA H200, 25, 0 %, 0 %, 529 MiB, 143771 MiB
2026/08/07 20:57:05.283, NVIDIA H200, 25, 0 %, 0 %, 529 MiB, 143771 MiB
2026/08/07 20:57:08.284, NVIDIA H200, 25, 0 %, 0 %, 529 MiB, 143771 MiB
2026/08/07 20:57:11.284, NVIDIA H200, 25, 0 %, 0 %, 529 MiB, 143771 MiB
2026/08/07 20:57:14.285, NVIDIA H200, 25, 0 %, 0 %, 529 MiB, 143771 MiB
2026/08/07 20:57:17.285, NVIDIA H200, 25, 0 %, 0 %, 529 MiB, 143771 MiB
2026/08/07 20:57:20.286, NVIDIA H200, 25, 0 %, 0 %, 529 MiB, 143771 MiB
2026/08/07 20:57:23.286, NVIDIA H200, 25, 0 %, 0 %, 529 MiB, 143771 MiB
2026/08/07 20:57:26.287, NVIDIA H200, 25, 0 %, 0 %, 529 MiB, 143771 MiB
2026/08/07 20:57:29.287, NVIDIA H200, 25, 0 %, 0 %, 529 MiB, 143771 MiB
2026/08/07 20:57:32.287, NVIDIA H200, 25, 0 %, 0 %, 529 MiB, 143771 MiB
2026/08/07 20:57:35.288, NVIDIA H200, 25, 0 %, 0 %, 529 MiB, 143771 MiB
2026/08/07 20:57:38.288, NVIDIA H200, 25, 0 %, 0 %, 529 MiB, 143771 MiB
2026/08/07 20:57:41.289, NVIDIA H200, 25, 0 %, 0 %, 529 MiB, 143771 MiB
2026/08/07 20:57:44.289, NVIDIA H200, 25, 0 %, 0 %, 529 MiB, 143771 MiB
2026/08/07 20:57:47.290, NVIDIA H200, 25, 0 %, 0 %, 529 MiB, 143771 MiB
2026/08/07 20:57:50.290, NVIDIA H200, 25, 0 %, 0 %, 529 MiB, 143771 MiB
2026/08/07 20:57:53.291, NVIDIA H200, 25, 0 %, 0 %, 529 MiB, 143771 MiB
2026/08/07 20:57:56.291, NVIDIA H200, 25, 0 %, 0 %, 529 MiB, 143771 MiB
2026/08/07 20:57:59.291, NVIDIA H200, 25, 0 %, 0 %, 529 MiB, 143771 MiB
2026/08/07 20:58:02.292, NVIDIA H200, 25, 0 %, 0 %, 529 MiB, 143771 MiB
2026/08/07 20:58:05.292, NVIDIA H200, 25, 0 %, 0 %, 529 MiB, 143771 MiB
2026/08/07 20:58:08.293, NVIDIA H200, 25, 0 %, 0 %, 529 MiB, 143771 MiB
2026/08/07 20:58:11.293, NVIDIA H200, 25, 0 %, 0 %, 529 MiB, 143771 MiB
2026/08/07 20:58:14.294, NVIDIA H200, 25, 0 %, 0 %, 529 MiB, 143771 MiB
2026/08/07 20:58:17.294, NVIDIA H200, 25, 0 %, 0 %, 529 MiB, 143771 MiB
2026/08/07 20:58:20.295, NVIDIA H200, 25, 0 %, 0 %, 529 MiB, 143771 MiB
2026/08/07 20:58:23.295, NVIDIA H200, 25, 0 %, 0 %, 529 MiB, 143771 MiB
2026/08/07 20:58:26.295, NVIDIA H200, 25, 0 %, 0 %, 529 MiB, 143771 MiB
2026/08/07 20:58:29.296, NVIDIA H200, 25, 0 %, 0 %, 529 MiB, 143771 MiB
2026/08/07 20:58:32.296, NVIDIA H200, 25, 0 %, 0 %, 529 MiB, 143771 MiB
2026/08/07 20:58:35.297, NVIDIA H200, 25, 0 %, 0 %, 529 MiB, 143771 MiB
2026/08/07 20:58:38.297, NVIDIA H200, 25, 0 %, 0 %, 529 MiB, 143771 MiB
2026/08/07 20:58:41.298, NVIDIA H200, 25, 0 %, 0 %, 529 MiB, 143771 MiB
2026/08/07 20:58:44.298, NVIDIA H200, 25, 0 %, 0 %, 529 MiB, 143771 MiB
2026/08/07 20:58:47.298, NVIDIA H200, 25, 0 %, 0 %, 529 MiB, 143771 MiB
2026/08/07 20:58:50.299, NVIDIA H200, 25, 0 %, 0 %, 529 MiB, 143771 MiB
2026/08/07 20:58:53.299, NVIDIA H200, 25, 0 %, 0 %, 529 MiB, 143771 MiB
2026/08/07 20:58:56.300, NVIDIA H200, 25, 0 %, 0 %, 529 MiB, 143771 MiB
2026/08/07 20:58:59.300, NVIDIA H200, 25, 0 %, 0 %, 529 MiB, 143771 MiB
2026/08/07 20:59:02.301, NVIDIA H200, 25, 0 %, 0 %, 529 MiB, 143771 MiB
2026/08/07 20:59:05.301, NVIDIA H200, 25, 0 %, 0 %, 529 MiB, 143771 MiB
2026/08/07 20:59:08.301, NVIDIA H200, 25, 0 %, 0 %, 529 MiB, 143771 MiB
2026/08/07 20:59:11.302, NVIDIA H200, 25, 0 %, 0 %, 529 MiB, 143771 MiB
2026/08/07 20:59:14.302, NVIDIA H200, 25, 0 %, 0 %, 529 MiB, 143771 MiB
2026/08/07 20:59:17.303, NVIDIA H200, 25, 0 %, 0 %, 529 MiB, 143771 MiB
2026/08/07 20:59:20.303, NVIDIA H200, 25, 0 %, 0 %, 529 MiB, 143771 MiB
2026/08/07 20:59:23.304, NVIDIA H200, 25, 0 %, 0 %, 529 MiB, 143771 MiB
2026/08/07 20:59:26.304, NVIDIA H200, 25, 0 %, 0 %, 529 MiB, 143771 MiB
2026/08/07 20:59:29.304, NVIDIA H200, 25, 0 %, 0 %, 529 MiB, 143771 MiB
2026/08/07 20:59:32.305, NVIDIA H200, 25, 0 %, 0 %, 529 MiB, 143771 MiB
2026/08/07 20:59:35.305, NVIDIA H200, 25, 0 %, 0 %, 529 MiB, 143771 MiB
2026/08/07 20:59:38.306, NVIDIA H200, 25, 0 %, 0 %, 529 MiB, 143771 MiB
2026/08/07 20:59:41.306, NVIDIA H200, 25, 0 %, 0 %, 529 MiB, 143771 MiB
2026/08/07 20:59:44.307, NVIDIA H200, 25, 0 %, 0 %, 529 MiB, 143771 MiB
2026/08/07 20:59:47.307, NVIDIA H200, 25, 0 %, 0 %, 529 MiB, 143771 MiB
2026/08/07 20:59:50.308, NVIDIA H200, 25, 0 %, 0 %, 529 MiB, 143771 MiB
2026/08/07 20:59:53.308, NVIDIA H200, 25, 0 %, 0 %, 529 MiB, 143771 MiB
2026/08/07 20:59:56.308, NVIDIA H200, 25, 0 %, 0 %, 529 MiB, 143771 MiB
2026/08/07 20:59:59.309, NVIDIA H200, 25, 0 %, 0 %, 529 MiB, 143771 MiB
2026/08/07 21:00:02.309, NVIDIA H200, 25, 0 %, 0 %, 529 MiB, 143771 MiB
2026/08/07 21:00:05.310, NVIDIA H200, 25, 0 %, 0 %, 529 MiB, 143771 MiB
2026/08/07 21:00:08.310, NVIDIA H200, 25, 0 %, 0 %, 529 MiB, 143771 MiB
2026/08/07 21:00:11.311, NVIDIA H200, 25, 0 %, 0 %, 529 MiB, 143771 MiB
2026/08/07 21:00:14.311, NVIDIA H200, 25, 0 %, 0 %, 529 MiB, 143771 MiB
2026/08/07 21:00:17.311, NVIDIA H200, 25, 0 %, 0 %, 529 MiB, 143771 MiB
2026/08/07 21:00:20.312, NVIDIA H200, 25, 0 %, 0 %, 529 MiB, 143771 MiB
2026/08/07 21:00:23.312, NVIDIA H200, 25, 0 %, 0 %, 529 MiB, 143771 MiB
2026/08/07 21:00:26.313, NVIDIA H200, 25, 0 %, 0 %, 529 MiB, 143771 MiB
2026/08/07 21:00:29.313, NVIDIA H200, 25, 0 %, 0 %, 529 MiB, 143771 MiB
2026/08/07 21:00:32.313, NVIDIA H200, 25, 0 %, 0 %, 529 MiB, 143771 MiB
2026/08/07 21:00:35.314, NVIDIA H200, 25, 0 %, 0 %, 529 MiB, 143771 MiB
2026/08/07 21:00:38.314, NVIDIA H200, 25, 0 %, 0 %, 529 MiB, 143771 MiB
2026/08/07 21:00:41.315, NVIDIA H200, 25, 0 %, 0 %, 529 MiB, 143771 MiB
2026/08/07 21:00:44.315, NVIDIA H200, 25, 0 %, 0 %, 529 MiB, 143771 MiB
2026/08/07 21:00:47.316, NVIDIA H200, 25, 0 %, 0 %, 529 MiB, 143771 MiB
2026/08/07 21:00:50.316, NVIDIA H200, 25, 0 %, 0 %, 529 MiB, 143771 MiB
2026/08/07 21:00:53.316, NVIDIA H200, 25, 0 %, 0 %, 529 MiB, 143771 MiB
2026/08/07 21:00:56.317, NVIDIA H200, 25, 0 %, 0 %, 529 MiB, 143771 MiB
2026/08/07 21:00:59.317, NVIDIA H200, 25, 0 %, 0 %, 529 MiB, 143771 MiB
2026/08/07 21:01:02.318, NVIDIA H200, 25, 0 %, 0 %, 529 MiB, 143771 MiB
2026/08/07 21:01:05.318, NVIDIA H200, 25, 0 %, 0 %, 529 MiB, 143771 MiB
2026/08/07 21:01:08.319, NVIDIA H200, 25, 0 %, 0 %, 529 MiB, 143771 MiB
2026/08/07 21:01:11.319, NVIDIA H200, 25, 0 %, 0 %, 529 MiB, 143771 MiB
2026/08/07 21:01:14.319, NVIDIA H200, 25, 0 %, 0 %, 529 MiB, 143771 MiB
2026/08/07 21:01:17.320, NVIDIA H200, 25, 0 %, 0 %, 529 MiB, 143771 MiB
2026/08/07 21:01:20.320, NVIDIA H200, 25, 0 %, 0 %, 529 MiB, 143771 MiB
2026/08/07 21:01:23.321, NVIDIA H200, 25, 0 %, 0 %, 529 MiB, 143771 MiB
2026/08/07 21:01:26.321, NVIDIA H200, 25, 0 %, 0 %, 529 MiB, 143771 MiB
2026/08/07 21:01:29.321, NVIDIA H200, 25, 0 %, 0 %, 529 MiB, 143771 MiB
2026/08/07 21:01:32.322, NVIDIA H200, 26, 0 %, 0 %, 529 MiB, 143771 MiB
2026/08/07 21:01:35.322, NVIDIA H200, 26, 0 %, 0 %, 529 MiB, 143771 MiB
2026/08/07 21:01:38.323, NVIDIA H200, 25, 0 %, 0 %, 529 MiB, 143771 MiB
2026/08/07 21:01:41.323, NVIDIA H200, 26, 0 %, 0 %, 529 MiB, 143771 MiB
2026/08/07 21:01:44.324, NVIDIA H200, 26, 0 %, 0 %, 529 MiB, 143771 MiB
2026/08/07 21:01:47.324, NVIDIA H200, 26, 0 %, 0 %, 529 MiB, 143771 MiB
2026/08/07 21:01:50.324, NVIDIA H200, 26, 0 %, 0 %, 529 MiB, 143771 MiB
2026/08/07 21:01:53.325, NVIDIA H200, 26, 0 %, 0 %, 529 MiB, 143771 MiB
2026/08/07 21:01:56.325, NVIDIA H200, 26, 0 %, 0 %, 529 MiB, 143771 MiB
2026/08/07 21:01:59.326, NVIDIA H200, 26, 0 %, 0 %, 529 MiB, 143771 MiB
2026/08/07 21:02:02.326, NVIDIA H200, 26, 0 %, 0 %, 529 MiB, 143771 MiB
2026/08/07 21:02:05.326, NVIDIA H200, 26, 0 %, 0 %, 529 MiB, 143771 MiB
2026/08/07 21:02:08.327, NVIDIA H200, 26, 0 %, 0 %, 529 MiB, 143771 MiB
2026/08/07 21:02:11.327, NVIDIA H200, 26, 0 %, 0 %, 529 MiB, 143771 MiB
2026/08/07 21:02:14.328, NVIDIA H200, 26, 0 %, 0 %, 529 MiB, 143771 MiB
2026/08/07 21:02:17.328, NVIDIA H200, 26, 0 %, 0 %, 529 MiB, 143771 MiB
2026/08/07 21:02:20.329, NVIDIA H200, 26, 0 %, 0 %, 529 MiB, 143771 MiB
2026/08/07 21:02:23.329, NVIDIA H200, 26, 0 %, 0 %, 529 MiB, 143771 MiB
2026/08/07 21:02:26.329, NVIDIA H200, 26, 0 %, 0 %, 529 MiB, 143771 MiB
2026/08/07 21:02:29.330, NVIDIA H200, 26, 0 %, 0 %, 529 MiB, 143771 MiB
2026/08/07 21:02:32.330, NVIDIA H200, 26, 0 %, 0 %, 529 MiB, 143771 MiB
2026/08/07 21:02:35.331, NVIDIA H200, 26, 0 %, 0 %, 529 MiB, 143771 MiB
2026/08/07 21:02:38.331, NVIDIA H200, 26, 0 %, 0 %, 529 MiB, 143771 MiB
2026/08/07 21:02:41.331, NVIDIA H200, 26, 0 %, 0 %, 529 MiB, 143771 MiB
2026/08/07 21:02:44.332, NVIDIA H200, 26, 0 %, 0 %, 529 MiB, 143771 MiB
2026/08/07 21:02:47.332, NVIDIA H200, 26, 0 %, 0 %, 529 MiB, 143771 MiB
2026/08/07 21:02:50.333, NVIDIA H200, 26, 0 %, 0 %, 529 MiB, 143771 MiB
2026/08/07 21:02:53.333, NVIDIA H200, 26, 0 %, 0 %, 529 MiB, 143771 MiB
2026/08/07 21:02:56.333, NVIDIA H200, 26, 0 %, 0 %, 529 MiB, 143771 MiB
2026/08/07 21:02:59.334, NVIDIA H200, 26, 0 %, 0 %, 529 MiB, 143771 MiB
2026/08/07 21:03:02.334, NVIDIA H200, 26, 0 %, 0 %, 529 MiB, 143771 MiB
2026/08/07 21:03:05.335, NVIDIA H200, 26, 0 %, 0 %, 529 MiB, 143771 MiB
2026/08/07 21:03:08.335, NVIDIA H200, 26, 0 %, 0 %, 529 MiB, 143771 MiB
2026/08/07 21:03:11.336, NVIDIA H200, 26, 0 %, 0 %, 529 MiB, 143771 MiB
2026/08/07 21:03:14.336, NVIDIA H200, 26, 0 %, 0 %, 529 MiB, 143771 MiB
2026/08/07 21:03:17.336, NVIDIA H200, 26, 0 %, 0 %, 529 MiB, 143771 MiB
2026/08/07 21:03:20.337, NVIDIA H200, 26, 0 %, 0 %, 529 MiB, 143771 MiB
2026/08/07 21:03:23.337, NVIDIA H200, 26, 0 %, 0 %, 529 MiB, 143771 MiB
2026/08/07 21:03:26.337, NVIDIA H200, 26, 0 %, 0 %, 529 MiB, 143771 MiB
2026/08/07 21:03:29.338, NVIDIA H200, 26, 0 %, 0 %, 529 MiB, 143771 MiB
2026/08/07 21:03:32.338, NVIDIA H200, 26, 0 %, 0 %, 529 MiB, 143771 MiB
2026/08/07 21:03:35.339, NVIDIA H200, 26, 0 %, 0 %, 529 MiB, 143771 MiB
2026/08/07 21:03:38.339, NVIDIA H200, 26, 0 %, 0 %, 529 MiB, 143771 MiB
2026/08/07 21:03:41.339, NVIDIA H200, 26, 0 %, 0 %, 529 MiB, 143771 MiB
2026/08/07 21:03:44.340, NVIDIA H200, 26, 0 %, 0 %, 529 MiB, 143771 MiB
2026/08/07 21:03:47.340, NVIDIA H200, 26, 0 %, 0 %, 529 MiB, 143771 MiB
2026/08/07 21:03:50.341, NVIDIA H200, 26, 0 %, 0 %, 529 MiB, 143771 MiB
2026/08/07 21:03:53.341, NVIDIA H200, 26, 0 %, 0 %, 529 MiB, 143771 MiB
2026/08/07 21:03:56.342, NVIDIA H200, 26, 0 %, 0 %, 529 MiB, 143771 MiB
2026/08/07 21:03:59.342, NVIDIA H200, 26, 0 %, 0 %, 529 MiB, 143771 MiB
2026/08/07 21:04:02.342, NVIDIA H200, 26, 0 %, 0 %, 529 MiB, 143771 MiB
2026/08/07 21:04:05.343, NVIDIA H200, 26, 0 %, 0 %, 529 MiB, 143771 MiB
2026/08/07 21:04:08.343, NVIDIA H200, 26, 0 %, 0 %, 529 MiB, 143771 MiB
2026/08/07 21:04:11.344, NVIDIA H200, 26, 0 %, 0 %, 529 MiB, 143771 MiB
2026/08/07 21:04:14.344, NVIDIA H200, 26, 0 %, 0 %, 529 MiB, 143771 MiB
2026/08/07 21:04:17.345, NVIDIA H200, 26, 0 %, 0 %, 529 MiB, 143771 MiB
2026/08/07 21:04:20.345, NVIDIA H200, 26, 0 %, 0 %, 529 MiB, 143771 MiB
2026/08/07 21:04:23.345, NVIDIA H200, 26, 0 %, 0 %, 529 MiB, 143771 MiB
2026/08/07 21:04:26.346, NVIDIA H200, 26, 0 %, 0 %, 529 MiB, 143771 MiB
2026/08/07 21:04:29.347, NVIDIA H200, 26, 0 %, 0 %, 529 MiB, 143771 MiB
2026/08/07 21:04:32.347, NVIDIA H200, 26, 0 %, 0 %, 529 MiB, 143771 MiB
2026/08/07 21:04:35.347, NVIDIA H200, 26, 0 %, 0 %, 529 MiB, 143771 MiB
2026/08/07 21:04:38.348, NVIDIA H200, 26, 0 %, 0 %, 529 MiB, 143771 MiB
2026/08/07 21:04:41.348, NVIDIA H200, 26, 0 %, 0 %, 529 MiB, 143771 MiB
2026/08/07 21:04:44.349, NVIDIA H200, 26, 0 %, 0 %, 529 MiB, 143771 MiB
2026/08/07 21:04:47.349, NVIDIA H200, 26, 0 %, 0 %, 529 MiB, 143771 MiB
2026/08/07 21:04:50.350, NVIDIA H200, 26, 0 %, 0 %, 529 MiB, 143771 MiB
2026/08/07 21:04:53.350, NVIDIA H200, 26, 0 %, 0 %, 529 MiB, 143771 MiB
2026/08/07 21:04:56.351, NVIDIA H200, 26, 0 %, 0 %, 529 MiB, 143771 MiB
2026/08/07 21:04:59.351, NVIDIA H200, 26, 0 %, 0 %, 529 MiB, 143771 MiB
2026/08/07 21:05:02.352, NVIDIA H200, 26, 0 %, 0 %, 529 MiB, 143771 MiB
2026/08/07 21:05:05.352, NVIDIA H200, 26, 0 %, 0 %, 529 MiB, 143771 MiB
2026/08/07 21:05:08.352, NVIDIA H200, 26, 0 %, 0 %, 529 MiB, 143771 MiB
2026/08/07 21:05:11.353, NVIDIA H200, 25, 0 %, 0 %, 529 MiB, 143771 MiB
2026/08/07 21:05:14.353, NVIDIA H200, 25, 0 %, 0 %, 529 MiB, 143771 MiB
2026/08/07 21:05:17.354, NVIDIA H200, 25, 0 %, 0 %, 529 MiB, 143771 MiB
2026/08/07 21:05:20.354, NVIDIA H200, 25, 0 %, 0 %, 529 MiB, 143771 MiB
2026/08/07 21:05:23.355, NVIDIA H200, 26, 0 %, 0 %, 529 MiB, 143771 MiB
2026/08/07 21:05:26.355, NVIDIA H200, 26, 0 %, 0 %, 529 MiB, 143771 MiB
2026/08/07 21:05:29.356, NVIDIA H200, 25, 0 %, 0 %, 529 MiB, 143771 MiB
2026/08/07 21:05:32.356, NVIDIA H200, 25, 0 %, 0 %, 529 MiB, 143771 MiB
2026/08/07 21:05:35.357, NVIDIA H200, 25, 0 %, 0 %, 529 MiB, 143771 MiB
2026/08/07 21:05:38.357, NVIDIA H200, 25, 0 %, 0 %, 529 MiB, 143771 MiB
2026/08/07 21:05:41.358, NVIDIA H200, 25, 0 %, 0 %, 529 MiB, 143771 MiB
2026/08/07 21:05:44.358, NVIDIA H200, 25, 0 %, 0 %, 529 MiB, 143771 MiB
2026/08/07 21:05:47.359, NVIDIA H200, 25, 0 %, 0 %, 529 MiB, 143771 MiB
2026/08/07 21:05:50.359, NVIDIA H200, 25, 0 %, 0 %, 529 MiB, 143771 MiB
2026/08/07 21:05:53.359, NVIDIA H200, 25, 0 %, 0 %, 529 MiB, 143771 MiB
2026/08/07 21:05:56.360, NVIDIA H200, 25, 0 %, 0 %, 529 MiB, 143771 MiB
2026/08/07 21:05:59.360, NVIDIA H200, 25, 0 %, 0 %, 529 MiB, 143771 MiB
2026/08/07 21:06:02.361, NVIDIA H200, 25, 0 %, 0 %, 529 MiB, 143771 MiB
2026/08/07 21:06:05.361, NVIDIA H200, 25, 0 %, 0 %, 529 MiB, 143771 MiB
2026/08/07 21:06:08.362, NVIDIA H200, 25, 0 %, 0 %, 529 MiB, 143771 MiB
2026/08/07 21:06:11.362, NVIDIA H200, 25, 0 %, 0 %, 529 MiB, 143771 MiB
2026/08/07 21:06:14.362, NVIDIA H200, 25, 0 %, 0 %, 529 MiB, 143771 MiB
2026/08/07 21:06:17.363, NVIDIA H200, 25, 0 %, 0 %, 529 MiB, 143771 MiB
2026/08/07 21:06:20.363, NVIDIA H200, 25, 0 %, 0 %, 529 MiB, 143771 MiB
2026/08/07 21:06:23.364, NVIDIA H200, 25, 0 %, 0 %, 529 MiB, 143771 MiB
2026/08/07 21:06:26.364, NVIDIA H200, 25, 0 %, 0 %, 529 MiB, 143771 MiB
2026/08/07 21:06:29.364, NVIDIA H200, 25, 0 %, 0 %, 529 MiB, 143771 MiB
2026/08/07 21:06:32.365, NVIDIA H200, 25, 0 %, 0 %, 529 MiB, 143771 MiB
2026/08/07 21:06:35.365, NVIDIA H200, 25, 0 %, 0 %, 529 MiB, 143771 MiB
2026/08/07 21:06:38.366, NVIDIA H200, 25, 0 %, 0 %, 529 MiB, 143771 MiB
2026/08/07 21:06:41.366, NVIDIA H200, 25, 0 %, 0 %, 529 MiB, 143771 MiB
2026/08/07 21:06:44.366, NVIDIA H200, 25, 0 %, 0 %, 529 MiB, 143771 MiB
2026/08/07 21:06:47.367, NVIDIA H200, 25, 0 %, 0 %, 529 MiB, 143771 MiB
2026/08/07 21:06:50.367, NVIDIA H200, 25, 0 %, 0 %, 529 MiB, 143771 MiB
2026/08/07 21:06:53.368, NVIDIA H200, 25, 0 %, 0 %, 529 MiB, 143771 MiB
2026/08/07 21:06:56.368, NVIDIA H200, 25, 0 %, 0 %, 529 MiB, 143771 MiB
2026/08/07 21:06:59.369, NVIDIA H200, 25, 0 %, 0 %, 529 MiB, 143771 MiB
2026/08/07 21:07:02.369, NVIDIA H200, 25, 0 %, 0 %, 529 MiB, 143771 MiB
2026/08/07 21:07:05.369, NVIDIA H200, 25, 0 %, 0 %, 529 MiB, 143771 MiB
2026/08/07 21:07:08.370, NVIDIA H200, 25, 0 %, 0 %, 529 MiB, 143771 MiB
2026/08/07 21:07:11.370, NVIDIA H200, 25, 0 %, 0 %, 529 MiB, 143771 MiB
2026/08/07 21:07:14.371, NVIDIA H200, 25, 0 %, 0 %, 529 MiB, 143771 MiB
2026/08/07 21:07:17.371, NVIDIA H200, 25, 0 %, 0 %, 529 MiB, 143771 MiB
2026/08/07 21:07:20.371, NVIDIA H200, 25, 0 %, 0 %, 529 MiB, 143771 MiB
2026/08/07 21:07:23.372, NVIDIA H200, 25, 0 %, 0 %, 529 MiB, 143771 MiB
2026/08/07 21:07:26.372, NVIDIA H200, 25, 0 %, 0 %, 529 MiB, 143771 MiB
2026/08/07 21:07:29.373, NVIDIA H200, 25, 0 %, 0 %, 529 MiB, 143771 MiB
2026/08/07 21:07:32.373, NVIDIA H200, 25, 0 %, 0 %, 529 MiB, 143771 MiB
2026/08/07 21:07:35.373, NVIDIA H200, 25, 0 %, 0 %, 529 MiB, 143771 MiB
2026/08/07 21:07:38.374, NVIDIA H200, 25, 0 %, 0 %, 529 MiB, 143771 MiB
2026/08/07 21:07:41.374, NVIDIA H200, 25, 0 %, 0 %, 529 MiB, 143771 MiB
2026/08/07 21:07:44.375, NVIDIA H200, 25, 0 %, 0 %, 529 MiB, 143771 MiB
2026/08/07 21:07:47.375, NVIDIA H200, 25, 0 %, 0 %, 529 MiB, 143771 MiB
2026/08/07 21:07:50.376, NVIDIA H200, 25, 0 %, 0 %, 529 MiB, 143771 MiB
2026/08/07 21:07:53.376, NVIDIA H200, 25, 0 %, 0 %, 529 MiB, 143771 MiB
2026/08/07 21:07:56.376, NVIDIA H200, 25, 0 %, 0 %, 529 MiB, 143771 MiB
2026/08/07 21:07:59.377, NVIDIA H200, 25, 0 %, 0 %, 529 MiB, 143771 MiB
2026/08/07 21:08:02.377, NVIDIA H200, 25, 0 %, 0 %, 529 MiB, 143771 MiB
2026/08/07 21:08:05.378, NVIDIA H200, 25, 0 %, 0 %, 529 MiB, 143771 MiB
2026/08/07 21:08:08.378, NVIDIA H200, 25, 0 %, 0 %, 529 MiB, 143771 MiB
2026/08/07 21:08:11.378, NVIDIA H200, 25, 0 %, 0 %, 529 MiB, 143771 MiB
2026/08/07 21:08:14.379, NVIDIA H200, 25, 0 %, 0 %, 529 MiB, 143771 MiB
2026/08/07 21:08:17.379, NVIDIA H200, 25, 0 %, 0 %, 529 MiB, 143771 MiB
2026/08/07 21:08:20.380, NVIDIA H200, 25, 0 %, 0 %, 529 MiB, 143771 MiB
2026/08/07 21:08:23.380, NVIDIA H200, 25, 0 %, 0 %, 529 MiB, 143771 MiB
2026/08/07 21:08:26.380, NVIDIA H200, 25, 0 %, 0 %, 529 MiB, 143771 MiB
2026/08/07 21:08:29.381, NVIDIA H200, 25, 0 %, 0 %, 529 MiB, 143771 MiB
2026/08/07 21:08:32.381, NVIDIA H200, 25, 0 %, 0 %, 529 MiB, 143771 MiB
2026/08/07 21:08:35.382, NVIDIA H200, 25, 0 %, 0 %, 529 MiB, 143771 MiB
2026/08/07 21:08:38.382, NVIDIA H200, 25, 0 %, 0 %, 529 MiB, 143771 MiB
2026/08/07 21:08:41.382, NVIDIA H200, 25, 0 %, 0 %, 529 MiB, 143771 MiB
2026/08/07 21:08:44.383, NVIDIA H200, 25, 0 %, 0 %, 529 MiB, 143771 MiB
2026/08/07 21:08:47.383, NVIDIA H200, 25, 0 %, 0 %, 529 MiB, 143771 MiB
2026/08/07 21:08:50.384, NVIDIA H200, 25, 0 %, 0 %, 529 MiB, 143771 MiB
2026/08/07 21:08:53.384, NVIDIA H200, 25, 0 %, 0 %, 529 MiB, 143771 MiB
2026/08/07 21:08:56.384, NVIDIA H200, 25, 0 %, 0 %, 529 MiB, 143771 MiB
2026/08/07 21:08:59.385, NVIDIA H200, 25, 0 %, 0 %, 529 MiB, 143771 MiB
2026/08/07 21:09:02.385, NVIDIA H200, 25, 0 %, 0 %, 529 MiB, 143771 MiB
2026/08/07 21:09:05.386, NVIDIA H200, 25, 0 %, 0 %, 529 MiB, 143771 MiB
2026/08/07 21:09:08.386, NVIDIA H200, 25, 0 %, 0 %, 529 MiB, 143771 MiB
2026/08/07 21:09:11.386, NVIDIA H200, 25, 0 %, 0 %, 529 MiB, 143771 MiB
2026/08/07 21:09:14.387, NVIDIA H200, 25, 0 %, 0 %, 529 MiB, 143771 MiB
2026/08/07 21:09:17.387, NVIDIA H200, 25, 0 %, 0 %, 529 MiB, 143771 MiB
2026/08/07 21:09:20.388, NVIDIA H200, 25, 0 %, 0 %, 529 MiB, 143771 MiB
2026/08/07 21:09:23.388, NVIDIA H200, 25, 0 %, 0 %, 529 MiB, 143771 MiB
2026/08/07 21:09:26.389, NVIDIA H200, 25, 0 %, 0 %, 529 MiB, 143771 MiB
2026/08/07 21:09:29.389, NVIDIA H200, 25, 0 %, 0 %, 529 MiB, 143771 MiB
2026/08/07 21:09:32.390, NVIDIA H200, 25, 0 %, 0 %, 529 MiB, 143771 MiB
2026/08/07 21:09:35.390, NVIDIA H200, 25, 0 %, 0 %, 529 MiB, 143771 MiB
2026/08/07 21:09:38.391, NVIDIA H200, 25, 0 %, 0 %, 529 MiB, 143771 MiB
2026/08/07 21:09:41.391, NVIDIA H200, 25, 0 %, 0 %, 529 MiB, 143771 MiB
2026/08/07 21:09:44.392, NVIDIA H200, 25, 0 %, 0 %, 529 MiB, 143771 MiB
2026/08/07 21:09:47.392, NVIDIA H200, 25, 0 %, 0 %, 529 MiB, 143771 MiB
2026/08/07 21:09:50.392, NVIDIA H200, 25, 0 %, 0 %, 529 MiB, 143771 MiB
2026/08/07 21:09:53.393, NVIDIA H200, 25, 0 %, 0 %, 529 MiB, 143771 MiB
2026/08/07 21:09:56.393, NVIDIA H200, 25, 0 %, 0 %, 529 MiB, 143771 MiB
2026/08/07 21:09:59.394, NVIDIA H200, 25, 0 %, 0 %, 529 MiB, 143771 MiB
2026/08/07 21:10:02.394, NVIDIA H200, 25, 0 %, 0 %, 529 MiB, 143771 MiB
2026/08/07 21:10:05.394, NVIDIA H200, 25, 0 %, 0 %, 529 MiB, 143771 MiB
2026/08/07 21:10:08.395, NVIDIA H200, 25, 0 %, 0 %, 529 MiB, 143771 MiB
2026/08/07 21:10:11.395, NVIDIA H200, 25, 0 %, 0 %, 529 MiB, 143771 MiB
2026/08/07 21:10:14.396, NVIDIA H200, 25, 0 %, 0 %, 529 MiB, 143771 MiB
2026/08/07 21:10:17.396, NVIDIA H200, 25, 0 %, 0 %, 529 MiB, 143771 MiB
2026/08/07 21:10:20.397, NVIDIA H200, 25, 0 %, 0 %, 529 MiB, 143771 MiB
2026/08/07 21:10:23.397, NVIDIA H200, 25, 0 %, 0 %, 529 MiB, 143771 MiB
2026/08/07 21:10:26.398, NVIDIA H200, 25, 0 %, 0 %, 529 MiB, 143771 MiB
2026/08/07 21:10:29.398, NVIDIA H200, 25, 0 %, 0 %, 529 MiB, 143771 MiB
2026/08/07 21:10:32.398, NVIDIA H200, 25, 0 %, 0 %, 529 MiB, 143771 MiB
2026/08/07 21:10:35.399, NVIDIA H200, 25, 0 %, 0 %, 529 MiB, 143771 MiB
2026/08/07 21:10:38.399, NVIDIA H200, 25, 0 %, 0 %, 529 MiB, 143771 MiB
2026/08/07 21:10:41.400, NVIDIA H200, 25, 0 %, 0 %, 529 MiB, 143771 MiB
2026/08/07 21:10:44.400, NVIDIA H200, 25, 0 %, 0 %, 529 MiB, 143771 MiB
2026/08/07 21:10:47.400, NVIDIA H200, 25, 0 %, 0 %, 529 MiB, 143771 MiB
2026/08/07 21:10:50.401, NVIDIA H200, 25, 0 %, 0 %, 529 MiB, 143771 MiB
2026/08/07 21:10:53.401, NVIDIA H200, 25, 0 %, 0 %, 529 MiB, 143771 MiB
2026/08/07 21:10:56.402, NVIDIA H200, 25, 0 %, 0 %, 529 MiB, 143771 MiB
2026/08/07 21:10:59.402, NVIDIA H200, 25, 0 %, 0 %, 529 MiB, 143771 MiB
2026/08/07 21:11:02.403, NVIDIA H200, 25, 0 %, 0 %, 529 MiB, 143771 MiB
2026/08/07 21:11:05.403, NVIDIA H200, 25, 0 %, 0 %, 529 MiB, 143771 MiB
2026/08/07 21:11:08.403, NVIDIA H200, 25, 0 %, 0 %, 529 MiB, 143771 MiB
2026/08/07 21:11:11.404, NVIDIA H200, 25, 0 %, 0 %, 529 MiB, 143771 MiB
2026/08/07 21:11:14.404, NVIDIA H200, 25, 0 %, 0 %, 529 MiB, 143771 MiB
2026/08/07 21:11:17.405, NVIDIA H200, 25, 0 %, 0 %, 529 MiB, 143771 MiB
2026/08/07 21:11:20.405, NVIDIA H200, 25, 0 %, 0 %, 529 MiB, 143771 MiB
2026/08/07 21:11:23.406, NVIDIA H200, 25, 0 %, 0 %, 529 MiB, 143771 MiB
2026/08/07 21:11:26.406, NVIDIA H200, 25, 0 %, 0 %, 529 MiB, 143771 MiB
2026/08/07 21:11:29.407, NVIDIA H200, 25, 0 %, 0 %, 529 MiB, 143771 MiB
2026/08/07 21:11:32.407, NVIDIA H200, 25, 0 %, 0 %, 529 MiB, 143771 MiB
2026/08/07 21:11:35.407, NVIDIA H200, 25, 0 %, 0 %, 529 MiB, 143771 MiB
2026/08/07 21:11:38.408, NVIDIA H200, 25, 0 %, 0 %, 529 MiB, 143771 MiB
2026/08/07 21:11:41.408, NVIDIA H200, 25, 0 %, 0 %, 529 MiB, 143771 MiB
2026/08/07 21:11:44.409, NVIDIA H200, 25, 0 %, 0 %, 529 MiB, 143771 MiB
2026/08/07 21:11:47.409, NVIDIA H200, 25, 0 %, 0 %, 529 MiB, 143771 MiB
2026/08/07 21:11:50.409, NVIDIA H200, 25, 0 %, 0 %, 529 MiB, 143771 MiB
2026/08/07 21:11:53.410, NVIDIA H200, 25, 0 %, 0 %, 529 MiB, 143771 MiB
2026/08/07 21:11:56.410, NVIDIA H200, 25, 0 %, 0 %, 529 MiB, 143771 MiB
2026/08/07 21:11:59.411, NVIDIA H200, 25, 0 %, 0 %, 529 MiB, 143771 MiB
2026/08/07 21:12:02.411, NVIDIA H200, 25, 0 %, 0 %, 529 MiB, 143771 MiB
2026/08/07 21:12:05.411, NVIDIA H200, 25, 0 %, 0 %, 529 MiB, 143771 MiB
2026/08/07 21:12:08.412, NVIDIA H200, 25, 0 %, 0 %, 529 MiB, 143771 MiB
2026/08/07 21:12:11.412, NVIDIA H200, 25, 0 %, 0 %, 529 MiB, 143771 MiB
2026/08/07 21:12:14.413, NVIDIA H200, 25, 0 %, 0 %, 529 MiB, 143771 MiB
2026/08/07 21:12:17.413, NVIDIA H200, 25, 0 %, 0 %, 529 MiB, 143771 MiB
2026/08/07 21:12:20.413, NVIDIA H200, 25, 0 %, 0 %, 529 MiB, 143771 MiB
2026/08/07 21:12:23.414, NVIDIA H200, 25, 0 %, 0 %, 529 MiB, 143771 MiB
2026/08/07 21:12:26.414, NVIDIA H200, 25, 0 %, 0 %, 529 MiB, 143771 MiB
2026/08/07 21:12:29.415, NVIDIA H200, 25, 0 %, 0 %, 529 MiB, 143771 MiB
2026/08/07 21:12:32.415, NVIDIA H200, 25, 0 %, 0 %, 529 MiB, 143771 MiB
2026/08/07 21:12:35.415, NVIDIA H200, 25, 0 %, 0 %, 529 MiB, 143771 MiB
2026/08/07 21:12:38.416, NVIDIA H200, 25, 0 %, 0 %, 529 MiB, 143771 MiB
2026/08/07 21:12:41.416, NVIDIA H200, 25, 0 %, 0 %, 529 MiB, 143771 MiB
2026/08/07 21:12:44.417, NVIDIA H200, 25, 0 %, 0 %, 529 MiB, 143771 MiB
2026/08/07 21:12:47.418, NVIDIA H200, 25, 0 %, 0 %, 529 MiB, 143771 MiB
2026/08/07 21:12:50.418, NVIDIA H200, 25, 0 %, 0 %, 529 MiB, 143771 MiB
2026/08/07 21:12:53.419, NVIDIA H200, 25, 0 %, 0 %, 529 MiB, 143771 MiB
2026/08/07 21:12:56.419, NVIDIA H200, 25, 0 %, 0 %, 529 MiB, 143771 MiB
2026/08/07 21:12:59.419, NVIDIA H200, 25, 0 %, 0 %, 529 MiB, 143771 MiB
2026/08/07 21:13:02.420, NVIDIA H200, 25, 0 %, 0 %, 529 MiB, 143771 MiB
2026/08/07 21:13:05.420, NVIDIA H200, 25, 0 %, 0 %, 529 MiB, 143771 MiB
2026/08/07 21:13:08.421, NVIDIA H200, 25, 0 %, 0 %, 529 MiB, 143771 MiB
2026/08/07 21:13:11.421, NVIDIA H200, 25, 0 %, 0 %, 529 MiB, 143771 MiB
2026/08/07 21:13:14.421, NVIDIA H200, 25, 0 %, 0 %, 529 MiB, 143771 MiB
2026/08/07 21:13:17.422, NVIDIA H200, 25, 0 %, 0 %, 529 MiB, 143771 MiB
2026/08/07 21:13:20.422, NVIDIA H200, 25, 0 %, 0 %, 529 MiB, 143771 MiB
2026/08/07 21:13:23.423, NVIDIA H200, 25, 0 %, 0 %, 529 MiB, 143771 MiB
2026/08/07 21:13:26.423, NVIDIA H200, 25, 0 %, 0 %, 529 MiB, 143771 MiB
2026/08/07 21:13:29.423, NVIDIA H200, 25, 0 %, 0 %, 529 MiB, 143771 MiB
2026/08/07 21:13:32.424, NVIDIA H200, 25, 0 %, 0 %, 529 MiB, 143771 MiB
2026/08/07 21:13:35.424, NVIDIA H200, 25, 0 %, 0 %, 529 MiB, 143771 MiB
2026/08/07 21:13:38.425, NVIDIA H200, 25, 0 %, 0 %, 529 MiB, 143771 MiB
2026/08/07 21:13:41.425, NVIDIA H200, 25, 0 %, 0 %, 529 MiB, 143771 MiB
2026/08/07 21:13:44.425, NVIDIA H200, 25, 0 %, 0 %, 529 MiB, 143771 MiB
2026/08/07 21:13:47.426, NVIDIA H200, 25, 0 %, 0 %, 529 MiB, 143771 MiB
2026/08/07 21:13:50.426, NVIDIA H200, 25, 0 %, 0 %, 529 MiB, 143771 MiB
2026/08/07 21:13:53.427, NVIDIA H200, 25, 0 %, 0 %, 529 MiB, 143771 MiB
2026/08/07 21:13:56.427, NVIDIA H200, 25, 0 %, 0 %, 529 MiB, 143771 MiB
2026/08/07 21:13:59.428, NVIDIA H200, 25, 0 %, 0 %, 529 MiB, 143771 MiB
2026/08/07 21:14:02.428, NVIDIA H200, 25, 0 %, 0 %, 529 MiB, 143771 MiB
2026/08/07 21:14:05.428, NVIDIA H200, 25, 0 %, 0 %, 529 MiB, 143771 MiB
2026/08/07 21:14:08.429, NVIDIA H200, 25, 0 %, 0 %, 529 MiB, 143771 MiB
2026/08/07 21:14:11.429, NVIDIA H200, 25, 0 %, 0 %, 529 MiB, 143771 MiB
2026/08/07 21:14:14.430, NVIDIA H200, 25, 0 %, 0 %, 529 MiB, 143771 MiB
2026/08/07 21:14:17.430, NVIDIA H200, 25, 0 %, 0 %, 529 MiB, 143771 MiB
2026/08/07 21:14:20.430, NVIDIA H200, 25, 0 %, 0 %, 529 MiB, 143771 MiB
2026/08/07 21:14:23.431, NVIDIA H200, 25, 0 %, 0 %, 529 MiB, 143771 MiB
2026/08/07 21:14:26.431, NVIDIA H200, 25, 0 %, 0 %, 529 MiB, 143771 MiB
2026/08/07 21:14:29.432, NVIDIA H200, 25, 0 %, 0 %, 529 MiB, 143771 MiB
2026/08/07 21:14:32.432, NVIDIA H200, 25, 0 %, 0 %, 529 MiB, 143771 MiB
2026/08/07 21:14:35.432, NVIDIA H200, 25, 0 %, 0 %, 529 MiB, 143771 MiB
2026/08/07 21:14:38.433, NVIDIA H200, 25, 0 %, 0 %, 529 MiB, 143771 MiB
2026/08/07 21:14:41.433, NVIDIA H200, 25, 0 %, 0 %, 529 MiB, 143771 MiB
2026/08/07 21:14:44.434, NVIDIA H200, 25, 0 %, 0 %, 529 MiB, 143771 MiB
2026/08/07 21:14:47.434, NVIDIA H200, 25, 0 %, 0 %, 529 MiB, 143771 MiB
2026/08/07 21:14:50.434, NVIDIA H200, 25, 0 %, 0 %, 529 MiB, 143771 MiB
2026/08/07 21:14:53.435, NVIDIA H200, 25, 0 %, 0 %, 529 MiB, 143771 MiB
2026/08/07 21:14:56.435, NVIDIA H200, 25, 0 %, 0 %, 529 MiB, 143771 MiB
2026/08/07 21:14:59.436, NVIDIA H200, 25, 0 %, 0 %, 529 MiB, 143771 MiB
2026/08/07 21:15:02.436, NVIDIA H200, 25, 0 %, 0 %, 529 MiB, 143771 MiB
2026/08/07 21:15:05.437, NVIDIA H200, 25, 0 %, 0 %, 529 MiB, 143771 MiB
2026/08/07 21:15:08.437, NVIDIA H200, 25, 0 %, 0 %, 529 MiB, 143771 MiB
2026/08/07 21:15:11.437, NVIDIA H200, 25, 0 %, 0 %, 529 MiB, 143771 MiB
2026/08/07 21:15:14.438, NVIDIA H200, 25, 0 %, 0 %, 529 MiB, 143771 MiB
2026/08/07 21:15:17.438, NVIDIA H200, 25, 0 %, 0 %, 529 MiB, 143771 MiB
2026/08/07 21:15:20.439, NVIDIA H200, 25, 0 %, 0 %, 529 MiB, 143771 MiB
2026/08/07 21:15:23.439, NVIDIA H200, 25, 0 %, 0 %, 529 MiB, 143771 MiB
2026/08/07 21:15:26.440, NVIDIA H200, 25, 0 %, 0 %, 529 MiB, 143771 MiB
2026/08/07 21:15:29.440, NVIDIA H200, 25, 0 %, 0 %, 529 MiB, 143771 MiB
2026/08/07 21:15:32.440, NVIDIA H200, 25, 0 %, 0 %, 529 MiB, 143771 MiB
2026/08/07 21:15:35.441, NVIDIA H200, 25, 0 %, 0 %, 529 MiB, 143771 MiB
2026/08/07 21:15:38.441, NVIDIA H200, 25, 0 %, 0 %, 529 MiB, 143771 MiB
2026/08/07 21:15:41.442, NVIDIA H200, 25, 0 %, 0 %, 529 MiB, 143771 MiB
2026/08/07 21:15:44.442, NVIDIA H200, 25, 0 %, 0 %, 529 MiB, 143771 MiB
2026/08/07 21:15:47.443, NVIDIA H200, 25, 0 %, 0 %, 529 MiB, 143771 MiB
2026/08/07 21:15:50.443, NVIDIA H200, 25, 0 %, 0 %, 529 MiB, 143771 MiB
2026/08/07 21:15:53.443, NVIDIA H200, 25, 0 %, 0 %, 529 MiB, 143771 MiB
2026/08/07 21:15:56.444, NVIDIA H200, 25, 0 %, 0 %, 529 MiB, 143771 MiB
2026/08/07 21:15:59.444, NVIDIA H200, 25, 0 %, 0 %, 529 MiB, 143771 MiB
2026/08/07 21:16:02.445, NVIDIA H200, 25, 0 %, 0 %, 529 MiB, 143771 MiB
2026/08/07 21:16:05.445, NVIDIA H200, 25, 0 %, 0 %, 529 MiB, 143771 MiB
2026/08/07 21:16:08.446, NVIDIA H200, 25, 0 %, 0 %, 529 MiB, 143771 MiB
2026/08/07 21:16:11.446, NVIDIA H200, 25, 0 %, 0 %, 529 MiB, 143771 MiB
2026/08/07 21:16:14.446, NVIDIA H200, 25, 0 %, 0 %, 529 MiB, 143771 MiB
2026/08/07 21:16:17.447, NVIDIA H200, 25, 0 %, 0 %, 529 MiB, 143771 MiB
2026/08/07 21:16:20.447, NVIDIA H200, 25, 0 %, 0 %, 529 MiB, 143771 MiB
2026/08/07 21:16:23.448, NVIDIA H200, 25, 0 %, 0 %, 529 MiB, 143771 MiB
2026/08/07 21:16:26.448, NVIDIA H200, 25, 0 %, 0 %, 529 MiB, 143771 MiB
2026/08/07 21:16:29.448, NVIDIA H200, 25, 0 %, 0 %, 529 MiB, 143771 MiB
2026/08/07 21:16:32.449, NVIDIA H200, 25, 0 %, 0 %, 529 MiB, 143771 MiB
2026/08/07 21:16:35.449, NVIDIA H200, 25, 0 %, 0 %, 529 MiB, 143771 MiB
2026/08/07 21:16:38.450, NVIDIA H200, 25, 0 %, 0 %, 529 MiB, 143771 MiB
2026/08/07 21:16:41.450, NVIDIA H200, 25, 0 %, 0 %, 529 MiB, 143771 MiB
2026/08/07 21:16:44.450, NVIDIA H200, 25, 0 %, 0 %, 529 MiB, 143771 MiB
2026/08/07 21:16:47.451, NVIDIA H200, 25, 0 %, 0 %, 529 MiB, 143771 MiB
2026/08/07 21:16:50.451, NVIDIA H200, 25, 0 %, 0 %, 529 MiB, 143771 MiB
2026/08/07 21:16:53.452, NVIDIA H200, 25, 0 %, 0 %, 529 MiB, 143771 MiB
2026/08/07 21:16:56.452, NVIDIA H200, 25, 0 %, 0 %, 529 MiB, 143771 MiB
2026/08/07 21:16:59.453, NVIDIA H200, 25, 0 %, 0 %, 529 MiB, 143771 MiB
2026/08/07 21:17:02.453, NVIDIA H200, 25, 0 %, 0 %, 529 MiB, 143771 MiB
2026/08/07 21:17:05.454, NVIDIA H200, 25, 0 %, 0 %, 529 MiB, 143771 MiB
2026/08/07 21:17:08.454, NVIDIA H200, 25, 0 %, 0 %, 529 MiB, 143771 MiB
2026/08/07 21:17:11.454, NVIDIA H200, 25, 0 %, 0 %, 529 MiB, 143771 MiB
2026/08/07 21:17:14.455, NVIDIA H200, 25, 0 %, 0 %, 529 MiB, 143771 MiB
2026/08/07 21:17:17.455, NVIDIA H200, 25, 0 %, 0 %, 529 MiB, 143771 MiB
2026/08/07 21:17:20.456, NVIDIA H200, 25, 0 %, 0 %, 529 MiB, 143771 MiB
2026/08/07 21:17:23.456, NVIDIA H200, 25, 0 %, 0 %, 529 MiB, 143771 MiB
2026/08/07 21:17:26.457, NVIDIA H200, 25, 0 %, 0 %, 529 MiB, 143771 MiB
2026/08/07 21:17:29.457, NVIDIA H200, 25, 0 %, 0 %, 529 MiB, 143771 MiB
2026/08/07 21:17:32.457, NVIDIA H200, 25, 0 %, 0 %, 529 MiB, 143771 MiB
2026/08/07 21:17:35.458, NVIDIA H200, 25, 0 %, 0 %, 529 MiB, 143771 MiB
2026/08/07 21:17:38.458, NVIDIA H200, 25, 0 %, 0 %, 529 MiB, 143771 MiB
2026/08/07 21:17:41.459, NVIDIA H200, 25, 0 %, 0 %, 529 MiB, 143771 MiB
2026/08/07 21:17:44.459, NVIDIA H200, 25, 0 %, 0 %, 529 MiB, 143771 MiB
2026/08/07 21:17:47.459, NVIDIA H200, 25, 0 %, 0 %, 529 MiB, 143771 MiB
2026/08/07 21:17:50.460, NVIDIA H200, 25, 0 %, 0 %, 529 MiB, 143771 MiB
2026/08/07 21:17:53.460, NVIDIA H200, 25, 0 %, 0 %, 529 MiB, 143771 MiB
2026/08/07 21:17:56.460, NVIDIA H200, 25, 0 %, 0 %, 529 MiB, 143771 MiB
2026/08/07 21:17:59.461, NVIDIA H200, 25, 0 %, 0 %, 529 MiB, 143771 MiB
2026/08/07 21:18:02.461, NVIDIA H200, 25, 0 %, 0 %, 529 MiB, 143771 MiB
2026/08/07 21:18:05.462, NVIDIA H200, 25, 0 %, 0 %, 529 MiB, 143771 MiB
2026/08/07 21:18:08.462, NVIDIA H200, 25, 0 %, 0 %, 529 MiB, 143771 MiB
2026/08/07 21:18:11.463, NVIDIA H200, 25, 0 %, 0 %, 529 MiB, 143771 MiB
2026/08/07 21:18:14.463, NVIDIA H200, 25, 0 %, 0 %, 529 MiB, 143771 MiB
2026/08/07 21:18:17.463, NVIDIA H200, 25, 0 %, 0 %, 529 MiB, 143771 MiB
2026/08/07 21:18:20.464, NVIDIA H200, 25, 0 %, 0 %, 529 MiB, 143771 MiB
2026/08/07 21:18:23.464, NVIDIA H200, 25, 0 %, 0 %, 529 MiB, 143771 MiB
2026/08/07 21:18:26.465, NVIDIA H200, 25, 0 %, 0 %, 529 MiB, 143771 MiB
2026/08/07 21:18:29.465, NVIDIA H200, 25, 0 %, 0 %, 529 MiB, 143771 MiB
2026/08/07 21:18:32.465, NVIDIA H200, 25, 0 %, 0 %, 529 MiB, 143771 MiB
2026/08/07 21:18:35.466, NVIDIA H200, 25, 0 %, 0 %, 529 MiB, 143771 MiB
2026/08/07 21:18:38.466, NVIDIA H200, 25, 0 %, 0 %, 529 MiB, 143771 MiB
2026/08/07 21:18:41.467, NVIDIA H200, 25, 0 %, 0 %, 529 MiB, 143771 MiB
2026/08/07 21:18:44.467, NVIDIA H200, 25, 0 %, 0 %, 529 MiB, 143771 MiB
2026/08/07 21:18:47.468, NVIDIA H200, 25, 0 %, 0 %, 529 MiB, 143771 MiB
2026/08/07 21:18:50.468, NVIDIA H200, 25, 0 %, 0 %, 529 MiB, 143771 MiB
2026/08/07 21:18:53.469, NVIDIA H200, 25, 0 %, 0 %, 529 MiB, 143771 MiB
2026/08/07 21:18:56.469, NVIDIA H200, 25, 0 %, 0 %, 529 MiB, 143771 MiB
2026/08/07 21:18:59.469, NVIDIA H200, 25, 0 %, 0 %, 529 MiB, 143771 MiB
2026/08/07 21:19:02.470, NVIDIA H200, 25, 0 %, 0 %, 529 MiB, 143771 MiB
2026/08/07 21:19:05.470, NVIDIA H200, 25, 0 %, 0 %, 529 MiB, 143771 MiB
2026/08/07 21:19:08.471, NVIDIA H200, 25, 0 %, 0 %, 529 MiB, 143771 MiB
2026/08/07 21:19:11.471, NVIDIA H200, 25, 0 %, 0 %, 529 MiB, 143771 MiB
2026/08/07 21:19:14.471, NVIDIA H200, 25, 0 %, 0 %, 529 MiB, 143771 MiB
2026/08/07 21:19:17.472, NVIDIA H200, 25, 0 %, 0 %, 529 MiB, 143771 MiB
2026/08/07 21:19:20.472, NVIDIA H200, 25, 0 %, 0 %, 529 MiB, 143771 MiB
2026/08/07 21:19:23.473, NVIDIA H200, 25, 0 %, 0 %, 529 MiB, 143771 MiB
2026/08/07 21:19:26.473, NVIDIA H200, 25, 0 %, 0 %, 529 MiB, 143771 MiB
2026/08/07 21:19:29.474, NVIDIA H200, 25, 0 %, 0 %, 529 MiB, 143771 MiB
2026/08/07 21:19:32.474, NVIDIA H200, 25, 0 %, 0 %, 529 MiB, 143771 MiB
2026/08/07 21:19:35.474, NVIDIA H200, 25, 0 %, 0 %, 529 MiB, 143771 MiB
2026/08/07 21:19:38.475, NVIDIA H200, 25, 0 %, 0 %, 529 MiB, 143771 MiB
2026/08/07 21:19:41.475, NVIDIA H200, 25, 0 %, 0 %, 529 MiB, 143771 MiB
2026/08/07 21:19:44.476, NVIDIA H200, 25, 0 %, 0 %, 529 MiB, 143771 MiB
2026/08/07 21:19:47.476, NVIDIA H200, 25, 0 %, 0 %, 529 MiB, 143771 MiB
2026/08/07 21:19:50.476, NVIDIA H200, 25, 0 %, 0 %, 529 MiB, 143771 MiB
2026/08/07 21:19:53.477, NVIDIA H200, 25, 0 %, 0 %, 529 MiB, 143771 MiB
2026/08/07 21:19:56.477, NVIDIA H200, 25, 0 %, 0 %, 529 MiB, 143771 MiB
2026/08/07 21:19:59.478, NVIDIA H200, 25, 0 %, 0 %, 529 MiB, 143771 MiB
2026/08/07 21:20:02.478, NVIDIA H200, 25, 0 %, 0 %, 529 MiB, 143771 MiB
2026/08/07 21:20:05.479, NVIDIA H200, 25, 0 %, 0 %, 529 MiB, 143771 MiB
2026/08/07 21:20:08.479, NVIDIA H200, 25, 0 %, 0 %, 529 MiB, 143771 MiB
2026/08/07 21:20:11.479, NVIDIA H200, 25, 0 %, 0 %, 529 MiB, 143771 MiB
2026/08/07 21:20:14.480, NVIDIA H200, 25, 0 %, 0 %, 529 MiB, 143771 MiB
2026/08/07 21:20:17.480, NVIDIA H200, 25, 0 %, 0 %, 529 MiB, 143771 MiB
2026/08/07 21:20:20.481, NVIDIA H200, 25, 0 %, 0 %, 529 MiB, 143771 MiB
2026/08/07 21:20:23.481, NVIDIA H200, 25, 0 %, 0 %, 529 MiB, 143771 MiB
2026/08/07 21:20:26.481, NVIDIA H200, 25, 0 %, 0 %, 529 MiB, 143771 MiB
2026/08/07 21:20:29.482, NVIDIA H200, 25, 0 %, 0 %, 529 MiB, 143771 MiB
2026/08/07 21:20:32.482, NVIDIA H200, 25, 0 %, 0 %, 529 MiB, 143771 MiB
2026/08/07 21:20:35.483, NVIDIA H200, 25, 0 %, 0 %, 529 MiB, 143771 MiB
2026/08/07 21:20:38.483, NVIDIA H200, 25, 0 %, 0 %, 529 MiB, 143771 MiB
2026/08/07 21:20:41.484, NVIDIA H200, 25, 0 %, 0 %, 529 MiB, 143771 MiB
2026/08/07 21:20:44.484, NVIDIA H200, 25, 0 %, 0 %, 529 MiB, 143771 MiB
2026/08/07 21:20:47.484, NVIDIA H200, 25, 0 %, 0 %, 529 MiB, 143771 MiB
2026/08/07 21:20:50.485, NVIDIA H200, 25, 0 %, 0 %, 529 MiB, 143771 MiB
2026/08/07 21:20:53.485, NVIDIA H200, 25, 0 %, 0 %, 529 MiB, 143771 MiB
2026/08/07 21:20:56.486, NVIDIA H200, 25, 0 %, 0 %, 529 MiB, 143771 MiB
2026/08/07 21:20:59.486, NVIDIA H200, 25, 0 %, 0 %, 529 MiB, 143771 MiB
2026/08/07 21:21:02.486, NVIDIA H200, 25, 0 %, 0 %, 529 MiB, 143771 MiB
2026/08/07 21:21:05.487, NVIDIA H200, 25, 0 %, 0 %, 529 MiB, 143771 MiB
2026/08/07 21:21:08.489, NVIDIA H200, 25, 0 %, 0 %, 529 MiB, 143771 MiB
2026/08/07 21:21:11.490, NVIDIA H200, 25, 0 %, 0 %, 529 MiB, 143771 MiB
2026/08/07 21:21:14.490, NVIDIA H200, 25, 0 %, 0 %, 529 MiB, 143771 MiB
2026/08/07 21:21:17.490, NVIDIA H200, 25, 0 %, 0 %, 529 MiB, 143771 MiB
2026/08/07 21:21:20.491, NVIDIA H200, 25, 0 %, 0 %, 529 MiB, 143771 MiB
2026/08/07 21:21:23.491, NVIDIA H200, 25, 0 %, 0 %, 529 MiB, 143771 MiB
2026/08/07 21:21:26.492, NVIDIA H200, 25, 0 %, 0 %, 529 MiB, 143771 MiB
2026/08/07 21:21:29.492, NVIDIA H200, 25, 0 %, 0 %, 529 MiB, 143771 MiB
2026/08/07 21:21:32.493, NVIDIA H200, 25, 0 %, 0 %, 529 MiB, 143771 MiB
2026/08/07 21:21:35.493, NVIDIA H200, 25, 0 %, 0 %, 529 MiB, 143771 MiB
2026/08/07 21:21:38.493, NVIDIA H200, 25, 0 %, 0 %, 529 MiB, 143771 MiB
2026/08/07 21:21:41.494, NVIDIA H200, 25, 0 %, 0 %, 529 MiB, 143771 MiB
2026/08/07 21:21:44.494, NVIDIA H200, 25, 0 %, 0 %, 529 MiB, 143771 MiB
2026/08/07 21:21:47.495, NVIDIA H200, 25, 0 %, 0 %, 529 MiB, 143771 MiB
2026/08/07 21:21:50.495, NVIDIA H200, 25, 0 %, 0 %, 529 MiB, 143771 MiB
2026/08/07 21:21:53.495, NVIDIA H200, 25, 0 %, 0 %, 529 MiB, 143771 MiB
2026/08/07 21:21:56.496, NVIDIA H200, 25, 0 %, 0 %, 529 MiB, 143771 MiB
2026/08/07 21:21:59.496, NVIDIA H200, 25, 0 %, 0 %, 529 MiB, 143771 MiB
2026/08/07 21:22:02.497, NVIDIA H200, 25, 0 %, 0 %, 529 MiB, 143771 MiB
2026/08/07 21:22:05.497, NVIDIA H200, 25, 0 %, 0 %, 529 MiB, 143771 MiB
2026/08/07 21:22:08.498, NVIDIA H200, 25, 0 %, 0 %, 529 MiB, 143771 MiB
2026/08/07 21:22:11.498, NVIDIA H200, 25, 0 %, 0 %, 529 MiB, 143771 MiB
2026/08/07 21:22:14.499, NVIDIA H200, 25, 0 %, 0 %, 529 MiB, 143771 MiB
2026/08/07 21:22:17.499, NVIDIA H200, 25, 0 %, 0 %, 529 MiB, 143771 MiB
2026/08/07 21:22:20.499, NVIDIA H200, 25, 0 %, 0 %, 529 MiB, 143771 MiB
2026/08/07 21:22:23.500, NVIDIA H200, 25, 0 %, 0 %, 529 MiB, 143771 MiB
2026/08/07 21:22:26.501, NVIDIA H200, 25, 0 %, 0 %, 529 MiB, 143771 MiB
2026/08/07 21:22:29.501, NVIDIA H200, 25, 0 %, 0 %, 529 MiB, 143771 MiB
2026/08/07 21:22:32.501, NVIDIA H200, 25, 0 %, 0 %, 529 MiB, 143771 MiB
2026/08/07 21:22:35.502, NVIDIA H200, 25, 0 %, 0 %, 529 MiB, 143771 MiB
2026/08/07 21:22:38.502, NVIDIA H200, 25, 0 %, 0 %, 529 MiB, 143771 MiB
2026/08/07 21:22:41.503, NVIDIA H200, 25, 0 %, 0 %, 529 MiB, 143771 MiB
2026/08/07 21:22:44.503, NVIDIA H200, 25, 0 %, 0 %, 529 MiB, 143771 MiB
2026/08/07 21:22:47.503, NVIDIA H200, 25, 0 %, 0 %, 529 MiB, 143771 MiB
2026/08/07 21:22:50.504, NVIDIA H200, 25, 0 %, 0 %, 529 MiB, 143771 MiB
2026/08/07 21:22:53.504, NVIDIA H200, 25, 0 %, 0 %, 529 MiB, 143771 MiB
2026/08/07 21:22:56.504, NVIDIA H200, 25, 0 %, 0 %, 529 MiB, 143771 MiB
2026/08/07 21:22:59.505, NVIDIA H200, 25, 0 %, 0 %, 529 MiB, 143771 MiB
2026/08/07 21:23:02.505, NVIDIA H200, 25, 0 %, 0 %, 529 MiB, 143771 MiB
2026/08/07 21:23:05.506, NVIDIA H200, 25, 0 %, 0 %, 529 MiB, 143771 MiB
2026/08/07 21:23:08.506, NVIDIA H200, 25, 0 %, 0 %, 529 MiB, 143771 MiB
2026/08/07 21:23:11.507, NVIDIA H200, 25, 0 %, 0 %, 529 MiB, 143771 MiB
2026/08/07 21:23:14.507, NVIDIA H200, 25, 0 %, 0 %, 529 MiB, 143771 MiB
2026/08/07 21:23:17.508, NVIDIA H200, 25, 0 %, 0 %, 529 MiB, 143771 MiB
2026/08/07 21:23:20.508, NVIDIA H200, 25, 0 %, 0 %, 529 MiB, 143771 MiB
2026/08/07 21:23:23.508, NVIDIA H200, 25, 0 %, 0 %, 529 MiB, 143771 MiB
2026/08/07 21:23:26.509, NVIDIA H200, 25, 0 %, 0 %, 529 MiB, 143771 MiB
2026/08/07 21:23:29.509, NVIDIA H200, 25, 0 %, 0 %, 529 MiB, 143771 MiB
2026/08/07 21:23:32.510, NVIDIA H200, 25, 0 %, 0 %, 529 MiB, 143771 MiB
2026/08/07 21:23:35.510, NVIDIA H200, 25, 0 %, 0 %, 529 MiB, 143771 MiB
2026/08/07 21:23:38.510, NVIDIA H200, 25, 0 %, 0 %, 529 MiB, 143771 MiB
2026/08/07 21:23:41.511, NVIDIA H200, 25, 0 %, 0 %, 529 MiB, 143771 MiB
2026/08/07 21:23:44.511, NVIDIA H200, 25, 0 %, 0 %, 529 MiB, 143771 MiB
2026/08/07 21:23:47.512, NVIDIA H200, 25, 0 %, 0 %, 529 MiB, 143771 MiB
2026/08/07 21:23:50.512, NVIDIA H200, 25, 0 %, 0 %, 529 MiB, 143771 MiB
2026/08/07 21:23:53.513, NVIDIA H200, 25, 0 %, 0 %, 529 MiB, 143771 MiB
2026/08/07 21:23:56.513, NVIDIA H200, 25, 0 %, 0 %, 529 MiB, 143771 MiB
2026/08/07 21:23:59.513, NVIDIA H200, 25, 0 %, 0 %, 529 MiB, 143771 MiB
2026/08/07 21:24:02.514, NVIDIA H200, 25, 0 %, 0 %, 529 MiB, 143771 MiB
2026/08/07 21:24:05.514, NVIDIA H200, 25, 0 %, 0 %, 529 MiB, 143771 MiB
2026/08/07 21:24:08.515, NVIDIA H200, 25, 0 %, 0 %, 529 MiB, 143771 MiB
2026/08/07 21:24:11.515, NVIDIA H200, 25, 0 %, 0 %, 529 MiB, 143771 MiB
2026/08/07 21:24:14.516, NVIDIA H200, 25, 0 %, 0 %, 529 MiB, 143771 MiB
2026/08/07 21:24:17.516, NVIDIA H200, 25, 0 %, 0 %, 529 MiB, 143771 MiB
2026/08/07 21:24:20.516, NVIDIA H200, 25, 0 %, 0 %, 529 MiB, 143771 MiB
2026/08/07 21:24:23.517, NVIDIA H200, 25, 0 %, 0 %, 529 MiB, 143771 MiB
2026/08/07 21:24:26.517, NVIDIA H200, 25, 0 %, 0 %, 529 MiB, 143771 MiB
2026/08/07 21:24:29.518, NVIDIA H200, 25, 0 %, 0 %, 529 MiB, 143771 MiB
2026/08/07 21:24:32.518, NVIDIA H200, 25, 0 %, 0 %, 529 MiB, 143771 MiB
2026/08/07 21:24:35.519, NVIDIA H200, 25, 0 %, 0 %, 529 MiB, 143771 MiB
2026/08/07 21:24:38.519, NVIDIA H200, 25, 0 %, 0 %, 529 MiB, 143771 MiB
2026/08/07 21:24:41.519, NVIDIA H200, 25, 0 %, 0 %, 529 MiB, 143771 MiB
2026/08/07 21:24:44.520, NVIDIA H200, 25, 0 %, 0 %, 529 MiB, 143771 MiB
2026/08/07 21:24:47.520, NVIDIA H200, 25, 0 %, 0 %, 529 MiB, 143771 MiB
2026/08/07 21:24:50.521, NVIDIA H200, 25, 0 %, 0 %, 529 MiB, 143771 MiB
2026/08/07 21:24:53.521, NVIDIA H200, 25, 0 %, 0 %, 529 MiB, 143771 MiB
2026/08/07 21:24:56.522, NVIDIA H200, 25, 0 %, 0 %, 529 MiB, 143771 MiB
2026/08/07 21:24:59.522, NVIDIA H200, 25, 0 %, 0 %, 529 MiB, 143771 MiB
2026/08/07 21:25:02.522, NVIDIA H200, 25, 0 %, 0 %, 529 MiB, 143771 MiB
2026/08/07 21:25:05.523, NVIDIA H200, 25, 0 %, 0 %, 529 MiB, 143771 MiB
2026/08/07 21:25:08.523, NVIDIA H200, 25, 0 %, 0 %, 529 MiB, 143771 MiB
2026/08/07 21:25:11.524, NVIDIA H200, 25, 0 %, 0 %, 529 MiB, 143771 MiB
2026/08/07 21:25:14.524, NVIDIA H200, 25, 0 %, 0 %, 529 MiB, 143771 MiB
2026/08/07 21:25:17.525, NVIDIA H200, 25, 0 %, 0 %, 529 MiB, 143771 MiB
2026/08/07 21:25:20.525, NVIDIA H200, 25, 0 %, 0 %, 529 MiB, 143771 MiB
2026/08/07 21:25:23.525, NVIDIA H200, 25, 0 %, 0 %, 529 MiB, 143771 MiB
2026/08/07 21:25:26.526, NVIDIA H200, 25, 0 %, 0 %, 529 MiB, 143771 MiB
2026/08/07 21:25:29.526, NVIDIA H200, 25, 0 %, 0 %, 529 MiB, 143771 MiB
2026/08/07 21:25:32.527, NVIDIA H200, 25, 0 %, 0 %, 529 MiB, 143771 MiB
2026/08/07 21:25:35.527, NVIDIA H200, 25, 0 %, 0 %, 529 MiB, 143771 MiB
2026/08/07 21:25:38.527, NVIDIA H200, 25, 0 %, 0 %, 529 MiB, 143771 MiB
2026/08/07 21:25:41.528, NVIDIA H200, 25, 0 %, 0 %, 529 MiB, 143771 MiB
2026/08/07 21:25:44.531, NVIDIA H200, 25, 0 %, 0 %, 529 MiB, 143771 MiB
2026/08/07 21:25:47.531, NVIDIA H200, 25, 0 %, 0 %, 529 MiB, 143771 MiB
2026/08/07 21:25:50.532, NVIDIA H200, 25, 0 %, 0 %, 529 MiB, 143771 MiB
2026/08/07 21:25:53.532, NVIDIA H200, 25, 0 %, 0 %, 529 MiB, 143771 MiB
2026/08/07 21:25:56.533, NVIDIA H200, 25, 0 %, 0 %, 529 MiB, 143771 MiB
2026/08/07 21:25:59.533, NVIDIA H200, 25, 0 %, 0 %, 529 MiB, 143771 MiB
2026/08/07 21:26:02.533, NVIDIA H200, 25, 0 %, 0 %, 529 MiB, 143771 MiB
2026/08/07 21:26:05.534, NVIDIA H200, 25, 0 %, 0 %, 529 MiB, 143771 MiB
2026/08/07 21:26:08.534, NVIDIA H200, 25, 0 %, 0 %, 529 MiB, 143771 MiB
2026/08/07 21:26:11.535, NVIDIA H200, 25, 0 %, 0 %, 529 MiB, 143771 MiB
2026/08/07 21:26:14.535, NVIDIA H200, 25, 0 %, 0 %, 529 MiB, 143771 MiB
2026/08/07 21:26:17.536, NVIDIA H200, 25, 0 %, 0 %, 529 MiB, 143771 MiB
2026/08/07 21:26:20.536, NVIDIA H200, 25, 0 %, 0 %, 529 MiB, 143771 MiB
2026/08/07 21:26:23.536, NVIDIA H200, 25, 0 %, 0 %, 529 MiB, 143771 MiB
2026/08/07 21:26:26.537, NVIDIA H200, 25, 0 %, 0 %, 529 MiB, 143771 MiB
2026/08/07 21:26:29.537, NVIDIA H200, 25, 0 %, 0 %, 529 MiB, 143771 MiB
2026/08/07 21:26:32.538, NVIDIA H200, 25, 0 %, 0 %, 529 MiB, 143771 MiB
2026/08/07 21:26:35.538, NVIDIA H200, 25, 0 %, 0 %, 529 MiB, 143771 MiB
2026/08/07 21:26:38.538, NVIDIA H200, 25, 0 %, 0 %, 529 MiB, 143771 MiB
2026/08/07 21:26:41.539, NVIDIA H200, 25, 0 %, 0 %, 529 MiB, 143771 MiB
2026/08/07 21:26:44.540, NVIDIA H200, 25, 0 %, 0 %, 529 MiB, 143771 MiB
2026/08/07 21:26:47.540, NVIDIA H200, 25, 0 %, 0 %, 529 MiB, 143771 MiB
2026/08/07 21:26:50.541, NVIDIA H200, 25, 0 %, 0 %, 529 MiB, 143771 MiB
2026/08/07 21:26:53.541, NVIDIA H200, 25, 0 %, 0 %, 529 MiB, 143771 MiB
2026/08/07 21:26:56.542, NVIDIA H200, 25, 0 %, 0 %, 529 MiB, 143771 MiB
2026/08/07 21:26:59.542, NVIDIA H200, 25, 0 %, 0 %, 529 MiB, 143771 MiB
2026/08/07 21:27:02.542, NVIDIA H200, 25, 0 %, 0 %, 529 MiB, 143771 MiB
2026/08/07 21:27:05.543, NVIDIA H200, 25, 0 %, 0 %, 529 MiB, 143771 MiB
2026/08/07 21:27:08.543, NVIDIA H200, 25, 0 %, 0 %, 529 MiB, 143771 MiB
2026/08/07 21:27:11.544, NVIDIA H200, 25, 0 %, 0 %, 529 MiB, 143771 MiB
2026/08/07 21:27:14.546, NVIDIA H200, 25, 0 %, 0 %, 529 MiB, 143771 MiB
2026/08/07 21:27:17.546, NVIDIA H200, 25, 0 %, 0 %, 529 MiB, 143771 MiB
2026/08/07 21:27:20.547, NVIDIA H200, 25, 0 %, 0 %, 529 MiB, 143771 MiB
2026/08/07 21:27:23.547, NVIDIA H200, 25, 0 %, 0 %, 529 MiB, 143771 MiB
2026/08/07 21:27:26.548, NVIDIA H200, 25, 0 %, 0 %, 529 MiB, 143771 MiB
2026/08/07 21:27:29.548, NVIDIA H200, 25, 0 %, 0 %, 529 MiB, 143771 MiB
2026/08/07 21:27:32.548, NVIDIA H200, 25, 0 %, 0 %, 529 MiB, 143771 MiB
2026/08/07 21:27:35.549, NVIDIA H200, 25, 0 %, 0 %, 529 MiB, 143771 MiB
2026/08/07 21:27:38.549, NVIDIA H200, 25, 0 %, 0 %, 529 MiB, 143771 MiB
2026/08/07 21:27:41.550, NVIDIA H200, 25, 0 %, 0 %, 529 MiB, 143771 MiB
2026/08/07 21:27:44.552, NVIDIA H200, 25, 0 %, 0 %, 529 MiB, 143771 MiB
2026/08/07 21:27:47.553, NVIDIA H200, 25, 0 %, 0 %, 529 MiB, 143771 MiB
2026/08/07 21:27:50.553, NVIDIA H200, 25, 0 %, 0 %, 529 MiB, 143771 MiB
2026/08/07 21:27:53.553, NVIDIA H200, 25, 0 %, 0 %, 529 MiB, 143771 MiB
2026/08/07 21:27:56.554, NVIDIA H200, 25, 0 %, 0 %, 529 MiB, 143771 MiB
2026/08/07 21:27:59.554, NVIDIA H200, 25, 0 %, 0 %, 529 MiB, 143771 MiB
2026/08/07 21:28:02.555, NVIDIA H200, 25, 0 %, 0 %, 529 MiB, 143771 MiB
2026/08/07 21:28:05.555, NVIDIA H200, 25, 0 %, 0 %, 529 MiB, 143771 MiB
2026/08/07 21:28:08.555, NVIDIA H200, 25, 0 %, 0 %, 529 MiB, 143771 MiB
2026/08/07 21:28:11.556, NVIDIA H200, 25, 0 %, 0 %, 529 MiB, 143771 MiB
2026/08/07 21:28:14.557, NVIDIA H200, 25, 0 %, 0 %, 529 MiB, 143771 MiB
2026/08/07 21:28:17.557, NVIDIA H200, 25, 0 %, 0 %, 529 MiB, 143771 MiB
2026/08/07 21:28:20.558, NVIDIA H200, 25, 0 %, 0 %, 529 MiB, 143771 MiB
2026/08/07 21:28:23.558, NVIDIA H200, 25, 0 %, 0 %, 529 MiB, 143771 MiB
2026/08/07 21:28:26.559, NVIDIA H200, 25, 0 %, 0 %, 529 MiB, 143771 MiB
2026/08/07 21:28:29.559, NVIDIA H200, 25, 0 %, 0 %, 529 MiB, 143771 MiB
2026/08/07 21:28:32.559, NVIDIA H200, 25, 0 %, 0 %, 529 MiB, 143771 MiB
2026/08/07 21:28:35.560, NVIDIA H200, 25, 0 %, 0 %, 529 MiB, 143771 MiB
2026/08/07 21:28:38.560, NVIDIA H200, 25, 0 %, 0 %, 529 MiB, 143771 MiB
2026/08/07 21:28:41.561, NVIDIA H200, 25, 0 %, 0 %, 529 MiB, 143771 MiB
2026/08/07 21:28:44.563, NVIDIA H200, 25, 0 %, 0 %, 529 MiB, 143771 MiB
2026/08/07 21:28:47.564, NVIDIA H200, 25, 0 %, 0 %, 529 MiB, 143771 MiB
2026/08/07 21:28:50.564, NVIDIA H200, 25, 0 %, 0 %, 529 MiB, 143771 MiB
2026/08/07 21:28:53.565, NVIDIA H200, 25, 0 %, 0 %, 529 MiB, 143771 MiB
2026/08/07 21:28:56.565, NVIDIA H200, 25, 0 %, 0 %, 529 MiB, 143771 MiB
2026/08/07 21:28:59.566, NVIDIA H200, 25, 0 %, 0 %, 529 MiB, 143771 MiB
2026/08/07 21:29:02.566, NVIDIA H200, 25, 0 %, 0 %, 529 MiB, 143771 MiB
2026/08/07 21:29:05.567, NVIDIA H200, 25, 0 %, 0 %, 529 MiB, 143771 MiB
2026/08/07 21:29:08.567, NVIDIA H200, 25, 0 %, 0 %, 529 MiB, 143771 MiB
2026/08/07 21:29:11.567, NVIDIA H200, 25, 0 %, 0 %, 529 MiB, 143771 MiB
2026/08/07 21:29:14.568, NVIDIA H200, 25, 0 %, 0 %, 529 MiB, 143771 MiB
2026/08/07 21:29:17.568, NVIDIA H200, 25, 0 %, 0 %, 603 MiB, 143771 MiB
2026/08/07 21:29:20.569, NVIDIA H200, 25, 2 %, 0 %, 783 MiB, 143771 MiB
2026/08/07 21:29:23.569, NVIDIA H200, 25, 0 %, 0 %, 783 MiB, 143771 MiB
2026/08/07 21:29:26.570, NVIDIA H200, 25, 0 %, 0 %, 783 MiB, 143771 MiB
2026/08/07 21:29:29.570, NVIDIA H200, 29, 0 %, 0 %, 23241 MiB, 143771 MiB
2026/08/07 21:29:32.570, NVIDIA H200, 29, 0 %, 0 %, 17885 MiB, 143771 MiB
2026/08/07 21:29:35.571, NVIDIA H200, 33, 0 %, 0 %, 36783 MiB, 143771 MiB
2026/08/07 21:29:38.571, NVIDIA H200, 39, 53 %, 13 %, 69337 MiB, 143771 MiB
2026/08/07 21:29:41.572, NVIDIA H200, 26, 0 %, 0 %, 54641 MiB, 143771 MiB
2026/08/07 21:29:45.618, NVIDIA H200, 40, 100 %, 6 %, 63061 MiB, 143771 MiB
2026/08/07 21:29:48.619, NVIDIA H200, 42, 100 %, 17 %, 69373 MiB, 143771 MiB
2026/08/07 21:29:51.619, NVIDIA H200, 37, 100 %, 3 %, 65181 MiB, 143771 MiB
2026/08/07 21:29:54.620, NVIDIA H200, 33, 100 %, 2 %, 45213 MiB, 143771 MiB
2026/08/07 21:29:57.620, NVIDIA H200, 44, 84 %, 12 %, 38395 MiB, 143771 MiB
2026/08/07 21:30:00.620, NVIDIA H200, 40, 98 %, 12 %, 22931 MiB, 143771 MiB
2026/08/07 21:30:03.621, NVIDIA H200, 35, 100 %, 1 %, 31337 MiB, 143771 MiB
2026/08/07 21:30:06.621, NVIDIA H200, 41, 100 %, 46 %, 74595 MiB, 143771 MiB
2026/08/07 21:30:09.622, NVIDIA H200, 42, 99 %, 51 %, 74595 MiB, 143771 MiB
2026/08/07 21:30:12.622, NVIDIA H200, 48, 98 %, 37 %, 74595 MiB, 143771 MiB
2026/08/07 21:30:15.623, NVIDIA H200, 50, 100 %, 40 %, 74595 MiB, 143771 MiB
2026/08/07 21:30:18.623, NVIDIA H200, 47, 100 %, 53 %, 74595 MiB, 143771 MiB
2026/08/07 21:30:21.624, NVIDIA H200, 46, 100 %, 42 %, 74595 MiB, 143771 MiB
2026/08/07 21:30:24.624, NVIDIA H200, 49, 100 %, 39 %, 74595 MiB, 143771 MiB
2026/08/07 21:30:27.625, NVIDIA H200, 47, 71 %, 28 %, 74595 MiB, 143771 MiB
2026/08/07 21:30:30.625, NVIDIA H200, 48, 100 %, 48 %, 74595 MiB, 143771 MiB
2026/08/07 21:30:33.625, NVIDIA H200, 49, 99 %, 53 %, 74595 MiB, 143771 MiB
2026/08/07 21:30:36.626, NVIDIA H200, 49, 100 %, 46 %, 74595 MiB, 143771 MiB
2026/08/07 21:30:39.626, NVIDIA H200, 51, 100 %, 43 %, 74595 MiB, 143771 MiB
2026/08/07 21:30:42.627, NVIDIA H200, 47, 100 %, 47 %, 74595 MiB, 143771 MiB
2026/08/07 21:30:45.627, NVIDIA H200, 47, 100 %, 43 %, 74595 MiB, 143771 MiB
2026/08/07 21:30:48.628, NVIDIA H200, 48, 99 %, 61 %, 74595 MiB, 143771 MiB
2026/08/07 21:30:51.628, NVIDIA H200, 45, 100 %, 46 %, 74595 MiB, 143771 MiB
2026/08/07 21:30:54.628, NVIDIA H200, 51, 100 %, 31 %, 74595 MiB, 143771 MiB
2026/08/07 21:30:57.629, NVIDIA H200, 48, 55 %, 18 %, 74595 MiB, 143771 MiB
2026/08/07 21:31:00.629, NVIDIA H200, 48, 98 %, 49 %, 74595 MiB, 143771 MiB
2026/08/07 21:31:03.630, NVIDIA H200, 42, 100 %, 41 %, 74595 MiB, 143771 MiB
2026/08/07 21:31:06.630, NVIDIA H200, 49, 99 %, 51 %, 74595 MiB, 143771 MiB
2026/08/07 21:31:09.631, NVIDIA H200, 50, 100 %, 32 %, 74595 MiB, 143771 MiB
2026/08/07 21:31:12.631, NVIDIA H200, 48, 100 %, 39 %, 74595 MiB, 143771 MiB
2026/08/07 21:31:15.632, NVIDIA H200, 49, 99 %, 51 %, 74595 MiB, 143771 MiB
2026/08/07 21:31:18.632, NVIDIA H200, 48, 99 %, 42 %, 74595 MiB, 143771 MiB
2026/08/07 21:31:21.633, NVIDIA H200, 46, 100 %, 45 %, 74595 MiB, 143771 MiB
2026/08/07 21:31:24.633, NVIDIA H200, 50, 100 %, 45 %, 74595 MiB, 143771 MiB
2026/08/07 21:31:27.633, NVIDIA H200, 51, 100 %, 31 %, 74595 MiB, 143771 MiB
2026/08/07 21:31:30.634, NVIDIA H200, 47, 90 %, 13 %, 14657 MiB, 143771 MiB
2026/08/07 21:31:33.634, NVIDIA H200, 45, 57 %, 10 %, 45319 MiB, 143771 MiB
2026/08/07 21:31:36.635, NVIDIA H200, 46, 68 %, 15 %, 46817 MiB, 143771 MiB
2026/08/07 21:31:39.635, NVIDIA H200, 40, 72 %, 12 %, 33471 MiB, 143771 MiB
2026/08/07 21:31:42.635, NVIDIA H200, 35, 77 %, 6 %, 24221 MiB, 143771 MiB
2026/08/07 21:31:45.636, NVIDIA H200, 40, 100 %, 1 %, 23547 MiB, 143771 MiB
2026/08/07 21:31:48.636, NVIDIA H200, 28, 0 %, 0 %, 14473 MiB, 143771 MiB
2026/08/07 21:31:51.637, NVIDIA H200, 26, 0 %, 0 %, 14473 MiB, 143771 MiB
2026/08/07 21:31:54.637, NVIDIA H200, 26, 0 %, 0 %, 14473 MiB, 143771 MiB
2026/08/07 21:31:57.638, NVIDIA H200, 41, 100 %, 55 %, 29177 MiB, 143771 MiB
2026/08/07 21:32:00.638, NVIDIA H200, 37, 100 %, 13 %, 22371 MiB, 143771 MiB
2026/08/07 21:32:03.639, NVIDIA H200, 32, 0 %, 0 %, 11453 MiB, 143771 MiB
2026/08/07 21:32:06.639, NVIDIA H200, 41, 98 %, 55 %, 74343 MiB, 143771 MiB
2026/08/07 21:32:09.640, NVIDIA H200, 45, 41 %, 22 %, 74343 MiB, 143771 MiB
2026/08/07 21:32:12.640, NVIDIA H200, 47, 99 %, 42 %, 74343 MiB, 143771 MiB
2026/08/07 21:32:15.641, NVIDIA H200, 50, 100 %, 47 %, 74343 MiB, 143771 MiB
2026/08/07 21:32:18.641, NVIDIA H200, 52, 100 %, 41 %, 74343 MiB, 143771 MiB
2026/08/07 21:32:21.641, NVIDIA H200, 49, 100 %, 45 %, 74343 MiB, 143771 MiB
2026/08/07 21:32:24.642, NVIDIA H200, 49, 99 %, 51 %, 74343 MiB, 143771 MiB
2026/08/07 21:32:27.642, NVIDIA H200, 41, 32 %, 16 %, 74343 MiB, 143771 MiB
2026/08/07 21:32:30.643, NVIDIA H200, 49, 100 %, 45 %, 74343 MiB, 143771 MiB
2026/08/07 21:32:33.643, NVIDIA H200, 47, 100 %, 55 %, 74343 MiB, 143771 MiB
2026/08/07 21:32:36.644, NVIDIA H200, 47, 100 %, 43 %, 74343 MiB, 143771 MiB
2026/08/07 21:32:39.644, NVIDIA H200, 52, 100 %, 45 %, 74343 MiB, 143771 MiB
2026/08/07 21:32:42.644, NVIDIA H200, 49, 100 %, 39 %, 74343 MiB, 143771 MiB
2026/08/07 21:32:45.645, NVIDIA H200, 49, 98 %, 51 %, 74343 MiB, 143771 MiB
2026/08/07 21:32:48.645, NVIDIA H200, 50, 100 %, 51 %, 74343 MiB, 143771 MiB
2026/08/07 21:32:51.646, NVIDIA H200, 51, 99 %, 41 %, 74343 MiB, 143771 MiB
2026/08/07 21:32:54.646, NVIDIA H200, 49, 100 %, 45 %, 74343 MiB, 143771 MiB
2026/08/07 21:32:57.646, NVIDIA H200, 51, 100 %, 43 %, 74343 MiB, 143771 MiB
2026/08/07 21:33:00.647, NVIDIA H200, 50, 100 %, 40 %, 74343 MiB, 143771 MiB
2026/08/07 21:33:03.647, NVIDIA H200, 50, 100 %, 44 %, 74343 MiB, 143771 MiB
2026/08/07 21:33:06.648, NVIDIA H200, 48, 99 %, 54 %, 74343 MiB, 143771 MiB
2026/08/07 21:33:09.648, NVIDIA H200, 45, 100 %, 46 %, 74343 MiB, 143771 MiB
2026/08/07 21:33:12.649, NVIDIA H200, 50, 100 %, 40 %, 74343 MiB, 143771 MiB
2026/08/07 21:33:15.649, NVIDIA H200, 49, 95 %, 41 %, 74343 MiB, 143771 MiB
2026/08/07 21:33:18.649, NVIDIA H200, 49, 100 %, 44 %, 74343 MiB, 143771 MiB
2026/08/07 21:33:21.650, NVIDIA H200, 52, 100 %, 44 %, 74343 MiB, 143771 MiB
2026/08/07 21:33:24.651, NVIDIA H200, 49, 100 %, 50 %, 74343 MiB, 143771 MiB
2026/08/07 21:33:27.651, NVIDIA H200, 48, 100 %, 33 %, 74343 MiB, 143771 MiB
2026/08/07 21:33:30.652, NVIDIA H200, 29, 0 %, 0 %, 74343 MiB, 143771 MiB
2026/08/07 21:33:33.652, NVIDIA H200, 37, 46 %, 16 %, 74343 MiB, 143771 MiB
2026/08/07 21:33:36.652, NVIDIA H200, 34, 0 %, 0 %, 74343 MiB, 143771 MiB
2026/08/07 21:33:39.653, NVIDIA H200, 32, 0 %, 0 %, 74343 MiB, 143771 MiB
2026/08/07 21:33:42.653, NVIDIA H200, 47, 99 %, 40 %, 74343 MiB, 143771 MiB
2026/08/07 21:33:45.654, NVIDIA H200, 50, 100 %, 40 %, 74343 MiB, 143771 MiB
2026/08/07 21:33:48.654, NVIDIA H200, 50, 100 %, 40 %, 74343 MiB, 143771 MiB
2026/08/07 21:33:51.654, NVIDIA H200, 51, 98 %, 51 %, 74343 MiB, 143771 MiB
2026/08/07 21:33:54.655, NVIDIA H200, 49, 98 %, 39 %, 74343 MiB, 143771 MiB
2026/08/07 21:33:57.655, NVIDIA H200, 49, 100 %, 41 %, 74343 MiB, 143771 MiB
2026/08/07 21:34:00.656, NVIDIA H200, 50, 99 %, 58 %, 74343 MiB, 143771 MiB
2026/08/07 21:34:03.656, NVIDIA H200, 48, 100 %, 45 %, 74343 MiB, 143771 MiB
2026/08/07 21:34:06.656, NVIDIA H200, 49, 99 %, 45 %, 74343 MiB, 143771 MiB
2026/08/07 21:34:09.657, NVIDIA H200, 52, 100 %, 42 %, 74343 MiB, 143771 MiB
2026/08/07 21:34:12.657, NVIDIA H200, 49, 100 %, 47 %, 74343 MiB, 143771 MiB
2026/08/07 21:34:15.657, NVIDIA H200, 49, 100 %, 36 %, 74343 MiB, 143771 MiB
2026/08/07 21:34:18.658, NVIDIA H200, 50, 99 %, 57 %, 74343 MiB, 143771 MiB
2026/08/07 21:34:21.658, NVIDIA H200, 48, 100 %, 45 %, 74343 MiB, 143771 MiB
2026/08/07 21:34:24.659, NVIDIA H200, 49, 100 %, 45 %, 74343 MiB, 143771 MiB
2026/08/07 21:34:27.659, NVIDIA H200, 50, 100 %, 45 %, 74343 MiB, 143771 MiB
2026/08/07 21:34:30.660, NVIDIA H200, 49, 100 %, 39 %, 74343 MiB, 143771 MiB
2026/08/07 21:34:33.660, NVIDIA H200, 50, 98 %, 48 %, 74343 MiB, 143771 MiB
2026/08/07 21:34:36.661, NVIDIA H200, 49, 93 %, 37 %, 74343 MiB, 143771 MiB
2026/08/07 21:34:39.661, NVIDIA H200, 49, 100 %, 39 %, 74343 MiB, 143771 MiB
2026/08/07 21:34:42.662, NVIDIA H200, 49, 100 %, 38 %, 74343 MiB, 143771 MiB
2026/08/07 21:34:45.662, NVIDIA H200, 49, 99 %, 51 %, 74343 MiB, 143771 MiB
2026/08/07 21:34:48.662, NVIDIA H200, 51, 100 %, 51 %, 74343 MiB, 143771 MiB
2026/08/07 21:34:51.663, NVIDIA H200, 49, 99 %, 37 %, 74343 MiB, 143771 MiB
2026/08/07 21:34:54.663, NVIDIA H200, 49, 100 %, 49 %, 74343 MiB, 143771 MiB
2026/08/07 21:34:57.664, NVIDIA H200, 52, 100 %, 41 %, 74343 MiB, 143771 MiB
2026/08/07 21:35:00.664, NVIDIA H200, 50, 100 %, 39 %, 74343 MiB, 143771 MiB
2026/08/07 21:35:03.665, NVIDIA H200, 28, 0 %, 0 %, 74343 MiB, 143771 MiB
2026/08/07 21:35:06.665, NVIDIA H200, 45, 100 %, 56 %, 74343 MiB, 143771 MiB
2026/08/07 21:35:09.665, NVIDIA H200, 29, 0 %, 0 %, 74343 MiB, 143771 MiB
2026/08/07 21:35:12.666, NVIDIA H200, 44, 100 %, 45 %, 74343 MiB, 143771 MiB
2026/08/07 21:35:15.666, NVIDIA H200, 45, 67 %, 34 %, 74343 MiB, 143771 MiB
2026/08/07 21:35:18.667, NVIDIA H200, 49, 100 %, 50 %, 74343 MiB, 143771 MiB
2026/08/07 21:35:21.667, NVIDIA H200, 50, 100 %, 41 %, 74343 MiB, 143771 MiB
2026/08/07 21:35:24.668, NVIDIA H200, 48, 99 %, 50 %, 74343 MiB, 143771 MiB
2026/08/07 21:35:27.668, NVIDIA H200, 50, 100 %, 54 %, 74343 MiB, 143771 MiB
2026/08/07 21:35:30.669, NVIDIA H200, 48, 99 %, 39 %, 74343 MiB, 143771 MiB
2026/08/07 21:35:33.669, NVIDIA H200, 49, 100 %, 42 %, 74343 MiB, 143771 MiB
2026/08/07 21:35:36.670, NVIDIA H200, 52, 100 %, 47 %, 74343 MiB, 143771 MiB
2026/08/07 21:35:39.670, NVIDIA H200, 49, 100 %, 31 %, 74343 MiB, 143771 MiB
2026/08/07 21:35:42.671, NVIDIA H200, 48, 98 %, 56 %, 74343 MiB, 143771 MiB
2026/08/07 21:35:45.671, NVIDIA H200, 50, 99 %, 43 %, 74343 MiB, 143771 MiB
2026/08/07 21:35:48.671, NVIDIA H200, 46, 100 %, 47 %, 74343 MiB, 143771 MiB
2026/08/07 21:35:51.672, NVIDIA H200, 51, 100 %, 40 %, 74343 MiB, 143771 MiB
2026/08/07 21:35:54.672, NVIDIA H200, 50, 100 %, 42 %, 74343 MiB, 143771 MiB
2026/08/07 21:35:57.673, NVIDIA H200, 47, 98 %, 48 %, 74343 MiB, 143771 MiB
2026/08/07 21:36:00.673, NVIDIA H200, 50, 98 %, 42 %, 74343 MiB, 143771 MiB
2026/08/07 21:36:03.674, NVIDIA H200, 49, 100 %, 42 %, 74343 MiB, 143771 MiB
2026/08/07 21:36:06.674, NVIDIA H200, 50, 100 %, 43 %, 74343 MiB, 143771 MiB
2026/08/07 21:36:09.674, NVIDIA H200, 49, 99 %, 50 %, 74343 MiB, 143771 MiB
2026/08/07 21:36:12.675, NVIDIA H200, 51, 100 %, 54 %, 74343 MiB, 143771 MiB
2026/08/07 21:36:15.675, NVIDIA H200, 50, 99 %, 34 %, 74343 MiB, 143771 MiB
2026/08/07 21:36:18.676, NVIDIA H200, 49, 100 %, 42 %, 74343 MiB, 143771 MiB
2026/08/07 21:36:21.676, NVIDIA H200, 53, 100 %, 45 %, 74343 MiB, 143771 MiB
2026/08/07 21:36:24.677, NVIDIA H200, 50, 100 %, 37 %, 74343 MiB, 143771 MiB
2026/08/07 21:36:27.677, NVIDIA H200, 48, 99 %, 48 %, 74343 MiB, 143771 MiB
2026/08/07 21:36:30.677, NVIDIA H200, 51, 100 %, 55 %, 74343 MiB, 143771 MiB
2026/08/07 21:36:33.678, NVIDIA H200, 36, 0 %, 0 %, 74343 MiB, 143771 MiB
2026/08/07 21:36:36.679, NVIDIA H200, 42, 100 %, 49 %, 74343 MiB, 143771 MiB
2026/08/07 21:36:39.679, NVIDIA H200, 40, 99 %, 45 %, 74343 MiB, 143771 MiB
2026/08/07 21:36:42.679, NVIDIA H200, 28, 0 %, 0 %, 74343 MiB, 143771 MiB
2026/08/07 21:36:45.680, NVIDIA H200, 43, 100 %, 41 %, 74343 MiB, 143771 MiB
2026/08/07 21:36:48.680, NVIDIA H200, 44, 70 %, 21 %, 74343 MiB, 143771 MiB
2026/08/07 21:36:51.681, NVIDIA H200, 50, 100 %, 42 %, 74343 MiB, 143771 MiB
2026/08/07 21:36:54.681, NVIDIA H200, 50, 100 %, 38 %, 74343 MiB, 143771 MiB
2026/08/07 21:36:57.682, NVIDIA H200, 49, 99 %, 54 %, 74343 MiB, 143771 MiB
2026/08/07 21:37:00.682, NVIDIA H200, 49, 100 %, 50 %, 74343 MiB, 143771 MiB
2026/08/07 21:37:03.682, NVIDIA H200, 51, 99 %, 36 %, 74343 MiB, 143771 MiB
2026/08/07 21:37:06.683, NVIDIA H200, 49, 100 %, 50 %, 74343 MiB, 143771 MiB
2026/08/07 21:37:09.683, NVIDIA H200, 52, 100 %, 41 %, 74343 MiB, 143771 MiB
2026/08/07 21:37:12.684, NVIDIA H200, 49, 100 %, 41 %, 74343 MiB, 143771 MiB
2026/08/07 21:37:15.685, NVIDIA H200, 49, 99 %, 51 %, 74343 MiB, 143771 MiB
2026/08/07 21:37:18.686, NVIDIA H200, 51, 100 %, 55 %, 74343 MiB, 143771 MiB
2026/08/07 21:37:21.686, NVIDIA H200, 49, 100 %, 43 %, 74343 MiB, 143771 MiB
2026/08/07 21:37:24.687, NVIDIA H200, 48, 100 %, 31 %, 74343 MiB, 143771 MiB
2026/08/07 21:37:27.687, NVIDIA H200, 44, 44 %, 16 %, 74343 MiB, 143771 MiB
2026/08/07 21:37:30.687, NVIDIA H200, 49, 100 %, 44 %, 74343 MiB, 143771 MiB
2026/08/07 21:37:33.688, NVIDIA H200, 51, 100 %, 46 %, 74343 MiB, 143771 MiB
2026/08/07 21:37:36.688, NVIDIA H200, 49, 100 %, 40 %, 74343 MiB, 143771 MiB
2026/08/07 21:37:39.689, NVIDIA H200, 48, 99 %, 52 %, 74343 MiB, 143771 MiB
2026/08/07 21:37:42.689, NVIDIA H200, 51, 98 %, 43 %, 74343 MiB, 143771 MiB
2026/08/07 21:37:45.690, NVIDIA H200, 49, 100 %, 45 %, 74343 MiB, 143771 MiB
2026/08/07 21:37:48.690, NVIDIA H200, 51, 100 %, 39 %, 74343 MiB, 143771 MiB
2026/08/07 21:37:51.691, NVIDIA H200, 50, 100 %, 38 %, 74343 MiB, 143771 MiB
2026/08/07 21:37:54.691, NVIDIA H200, 50, 99 %, 54 %, 74343 MiB, 143771 MiB
2026/08/07 21:37:57.691, NVIDIA H200, 49, 98 %, 48 %, 74343 MiB, 143771 MiB
2026/08/07 21:38:00.692, NVIDIA H200, 51, 100 %, 50 %, 74343 MiB, 143771 MiB
2026/08/07 21:38:03.692, NVIDIA H200, 49, 99 %, 39 %, 74343 MiB, 143771 MiB
2026/08/07 21:38:06.693, NVIDIA H200, 53, 100 %, 44 %, 74343 MiB, 143771 MiB
2026/08/07 21:38:09.693, NVIDIA H200, 38, 100 %, 53 %, 74343 MiB, 143771 MiB
2026/08/07 21:38:12.694, NVIDIA H200, 38, 40 %, 8 %, 74343 MiB, 143771 MiB
2026/08/07 21:38:15.694, NVIDIA H200, 28, 0 %, 0 %, 74343 MiB, 143771 MiB
2026/08/07 21:38:18.694, NVIDIA H200, 27, 0 %, 0 %, 74343 MiB, 143771 MiB
2026/08/07 21:38:21.695, NVIDIA H200, 27, 0 %, 0 %, 74343 MiB, 143771 MiB
2026/08/07 21:38:24.695, NVIDIA H200, 26, 0 %, 0 %, 74343 MiB, 143771 MiB
2026/08/07 21:38:27.696, NVIDIA H200, 45, 100 %, 36 %, 74343 MiB, 143771 MiB
2026/08/07 21:38:30.696, NVIDIA H200, 47, 99 %, 38 %, 74343 MiB, 143771 MiB
2026/08/07 21:38:33.697, NVIDIA H200, 51, 100 %, 42 %, 74343 MiB, 143771 MiB
2026/08/07 21:38:36.698, NVIDIA H200, 49, 100 %, 48 %, 74343 MiB, 143771 MiB
2026/08/07 21:38:39.698, NVIDIA H200, 49, 100 %, 30 %, 74343 MiB, 143771 MiB
2026/08/07 21:38:42.698, NVIDIA H200, 49, 100 %, 54 %, 74343 MiB, 143771 MiB
2026/08/07 21:38:45.699, NVIDIA H200, 52, 100 %, 40 %, 74343 MiB, 143771 MiB
2026/08/07 21:38:48.699, NVIDIA H200, 47, 98 %, 54 %, 74343 MiB, 143771 MiB
2026/08/07 21:38:51.700, NVIDIA H200, 51, 100 %, 50 %, 74343 MiB, 143771 MiB
2026/08/07 21:38:54.700, NVIDIA H200, 49, 99 %, 36 %, 74343 MiB, 143771 MiB
2026/08/07 21:38:57.700, NVIDIA H200, 52, 100 %, 48 %, 74343 MiB, 143771 MiB
2026/08/07 21:39:00.701, NVIDIA H200, 50, 100 %, 43 %, 74343 MiB, 143771 MiB
2026/08/07 21:39:03.701, NVIDIA H200, 49, 100 %, 40 %, 74343 MiB, 143771 MiB
2026/08/07 21:39:06.702, NVIDIA H200, 51, 99 %, 50 %, 74343 MiB, 143771 MiB
2026/08/07 21:39:09.702, NVIDIA H200, 49, 100 %, 54 %, 74343 MiB, 143771 MiB
2026/08/07 21:39:12.703, NVIDIA H200, 49, 98 %, 38 %, 74343 MiB, 143771 MiB
2026/08/07 21:39:15.703, NVIDIA H200, 53, 100 %, 44 %, 74343 MiB, 143771 MiB
2026/08/07 21:39:18.703, NVIDIA H200, 49, 100 %, 50 %, 74343 MiB, 143771 MiB
2026/08/07 21:39:21.704, NVIDIA H200, 49, 100 %, 30 %, 74343 MiB, 143771 MiB
2026/08/07 21:39:24.704, NVIDIA H200, 51, 100 %, 50 %, 74343 MiB, 143771 MiB
2026/08/07 21:39:27.705, NVIDIA H200, 52, 100 %, 50 %, 74343 MiB, 143771 MiB
2026/08/07 21:39:30.705, NVIDIA H200, 48, 99 %, 47 %, 74343 MiB, 143771 MiB
2026/08/07 21:39:33.706, NVIDIA H200, 49, 100 %, 52 %, 74343 MiB, 143771 MiB
2026/08/07 21:39:36.706, NVIDIA H200, 49, 99 %, 41 %, 74343 MiB, 143771 MiB
2026/08/07 21:39:39.707, NVIDIA H200, 49, 100 %, 42 %, 74343 MiB, 143771 MiB
2026/08/07 21:39:42.707, NVIDIA H200, 52, 100 %, 47 %, 74343 MiB, 143771 MiB
2026/08/07 21:39:45.707, NVIDIA H200, 49, 100 %, 31 %, 74343 MiB, 143771 MiB
2026/08/07 21:39:48.708, NVIDIA H200, 34, 0 %, 0 %, 74343 MiB, 143771 MiB
2026/08/07 21:39:51.708, NVIDIA H200, 28, 0 %, 0 %, 74343 MiB, 143771 MiB
2026/08/07 21:39:54.709, NVIDIA H200, 46, 99 %, 42 %, 74343 MiB, 143771 MiB
2026/08/07 21:39:57.709, NVIDIA H200, 28, 0 %, 0 %, 74343 MiB, 143771 MiB
2026/08/07 21:40:00.710, NVIDIA H200, 43, 100 %, 50 %, 74343 MiB, 143771 MiB
2026/08/07 21:40:03.710, NVIDIA H200, 48, 100 %, 37 %, 74343 MiB, 143771 MiB
2026/08/07 21:40:06.711, NVIDIA H200, 47, 100 %, 51 %, 74343 MiB, 143771 MiB
2026/08/07 21:40:09.711, NVIDIA H200, 47, 100 %, 42 %, 74343 MiB, 143771 MiB
2026/08/07 21:40:12.712, NVIDIA H200, 49, 99 %, 54 %, 74343 MiB, 143771 MiB
2026/08/07 21:40:15.712, NVIDIA H200, 48, 99 %, 42 %, 74343 MiB, 143771 MiB
2026/08/07 21:40:18.713, NVIDIA H200, 50, 100 %, 43 %, 74343 MiB, 143771 MiB
2026/08/07 21:40:21.713, NVIDIA H200, 49, 100 %, 42 %, 74343 MiB, 143771 MiB
2026/08/07 21:40:24.713, NVIDIA H200, 51, 100 %, 40 %, 74343 MiB, 143771 MiB
2026/08/07 21:40:27.714, NVIDIA H200, 50, 99 %, 46 %, 74343 MiB, 143771 MiB
2026/08/07 21:40:30.714, NVIDIA H200, 50, 100 %, 51 %, 74343 MiB, 143771 MiB
2026/08/07 21:40:33.715, NVIDIA H200, 49, 99 %, 40 %, 74343 MiB, 143771 MiB
2026/08/07 21:40:36.715, NVIDIA H200, 51, 100 %, 49 %, 74343 MiB, 143771 MiB
2026/08/07 21:40:39.716, NVIDIA H200, 50, 100 %, 40 %, 74343 MiB, 143771 MiB
2026/08/07 21:40:42.716, NVIDIA H200, 52, 100 %, 40 %, 74343 MiB, 143771 MiB
2026/08/07 21:40:45.717, NVIDIA H200, 49, 99 %, 52 %, 74343 MiB, 143771 MiB
2026/08/07 21:40:48.717, NVIDIA H200, 48, 55 %, 21 %, 74343 MiB, 143771 MiB
2026/08/07 21:40:51.718, NVIDIA H200, 49, 100 %, 48 %, 74343 MiB, 143771 MiB
2026/08/07 21:40:54.718, NVIDIA H200, 49, 98 %, 56 %, 74343 MiB, 143771 MiB
2026/08/07 21:40:57.718, NVIDIA H200, 48, 98 %, 44 %, 74343 MiB, 143771 MiB
2026/08/07 21:41:00.719, NVIDIA H200, 52, 100 %, 45 %, 74343 MiB, 143771 MiB
2026/08/07 21:41:03.719, NVIDIA H200, 49, 100 %, 38 %, 74343 MiB, 143771 MiB
2026/08/07 21:41:06.720, NVIDIA H200, 52, 100 %, 38 %, 74343 MiB, 143771 MiB
2026/08/07 21:41:09.720, NVIDIA H200, 50, 99 %, 54 %, 74343 MiB, 143771 MiB
2026/08/07 21:41:12.721, NVIDIA H200, 49, 100 %, 52 %, 74343 MiB, 143771 MiB
2026/08/07 21:41:15.721, NVIDIA H200, 50, 98 %, 37 %, 74343 MiB, 143771 MiB
2026/08/07 21:41:18.721, NVIDIA H200, 50, 100 %, 50 %, 74343 MiB, 143771 MiB
2026/08/07 21:41:21.722, NVIDIA H200, 38, 84 %, 39 %, 74343 MiB, 143771 MiB
2026/08/07 21:41:24.722, NVIDIA H200, 38, 0 %, 0 %, 74343 MiB, 143771 MiB
2026/08/07 21:41:27.723, NVIDIA H200, 40, 8 %, 0 %, 74343 MiB, 143771 MiB
2026/08/07 21:41:30.723, NVIDIA H200, 28, 0 %, 0 %, 74343 MiB, 143771 MiB
2026/08/07 21:41:33.724, NVIDIA H200, 40, 98 %, 55 %, 74343 MiB, 143771 MiB
2026/08/07 21:41:36.724, NVIDIA H200, 47, 100 %, 42 %, 74343 MiB, 143771 MiB
2026/08/07 21:41:39.724, NVIDIA H200, 48, 99 %, 57 %, 74343 MiB, 143771 MiB
2026/08/07 21:41:42.725, NVIDIA H200, 48, 100 %, 44 %, 74343 MiB, 143771 MiB
2026/08/07 21:41:45.725, NVIDIA H200, 50, 100 %, 46 %, 74343 MiB, 143771 MiB
2026/08/07 21:41:48.726, NVIDIA H200, 46, 100 %, 46 %, 74343 MiB, 143771 MiB
2026/08/07 21:41:51.726, NVIDIA H200, 50, 100 %, 39 %, 74343 MiB, 143771 MiB
2026/08/07 21:41:54.727, NVIDIA H200, 50, 99 %, 48 %, 74343 MiB, 143771 MiB
2026/08/07 21:41:57.727, NVIDIA H200, 50, 100 %, 53 %, 74343 MiB, 143771 MiB
2026/08/07 21:42:00.727, NVIDIA H200, 48, 98 %, 44 %, 74343 MiB, 143771 MiB
2026/08/07 21:42:03.728, NVIDIA H200, 51, 100 %, 44 %, 74343 MiB, 143771 MiB
2026/08/07 21:42:06.728, NVIDIA H200, 49, 100 %, 41 %, 74343 MiB, 143771 MiB
2026/08/07 21:42:09.729, NVIDIA H200, 51, 100 %, 37 %, 74343 MiB, 143771 MiB
2026/08/07 21:42:12.729, NVIDIA H200, 47, 79 %, 32 %, 74343 MiB, 143771 MiB
2026/08/07 21:42:15.730, NVIDIA H200, 48, 100 %, 41 %, 74343 MiB, 143771 MiB
2026/08/07 21:42:18.730, NVIDIA H200, 52, 100 %, 43 %, 74343 MiB, 143771 MiB
2026/08/07 21:42:21.731, NVIDIA H200, 49, 99 %, 50 %, 74343 MiB, 143771 MiB
2026/08/07 21:42:24.731, NVIDIA H200, 48, 100 %, 56 %, 74343 MiB, 143771 MiB
2026/08/07 21:42:27.732, NVIDIA H200, 51, 99 %, 39 %, 74343 MiB, 143771 MiB
2026/08/07 21:42:30.732, NVIDIA H200, 49, 100 %, 44 %, 74343 MiB, 143771 MiB
2026/08/07 21:42:33.733, NVIDIA H200, 49, 100 %, 50 %, 74343 MiB, 143771 MiB
2026/08/07 21:42:36.733, NVIDIA H200, 52, 100 %, 31 %, 74343 MiB, 143771 MiB
2026/08/07 21:42:39.734, NVIDIA H200, 49, 100 %, 31 %, 74343 MiB, 143771 MiB
2026/08/07 21:42:42.734, NVIDIA H200, 49, 99 %, 59 %, 74343 MiB, 143771 MiB
2026/08/07 21:42:45.735, NVIDIA H200, 50, 100 %, 45 %, 74343 MiB, 143771 MiB
2026/08/07 21:42:48.736, NVIDIA H200, 47, 100 %, 45 %, 74343 MiB, 143771 MiB
2026/08/07 21:42:51.736, NVIDIA H200, 50, 100 %, 47 %, 74343 MiB, 143771 MiB
2026/08/07 21:42:54.736, NVIDIA H200, 50, 100 %, 41 %, 74343 MiB, 143771 MiB
2026/08/07 21:42:57.737, NVIDIA H200, 28, 0 %, 0 %, 74343 MiB, 143771 MiB
2026/08/07 21:43:00.737, NVIDIA H200, 46, 100 %, 55 %, 74343 MiB, 143771 MiB
2026/08/07 21:43:03.738, NVIDIA H200, 29, 0 %, 0 %, 74343 MiB, 143771 MiB
2026/08/07 21:43:06.738, NVIDIA H200, 38, 99 %, 54 %, 74343 MiB, 143771 MiB
2026/08/07 21:43:09.739, NVIDIA H200, 47, 100 %, 43 %, 74343 MiB, 143771 MiB
2026/08/07 21:43:12.739, NVIDIA H200, 52, 100 %, 48 %, 74343 MiB, 143771 MiB
2026/08/07 21:43:15.740, NVIDIA H200, 49, 100 %, 30 %, 74343 MiB, 143771 MiB
2026/08/07 21:43:18.740, NVIDIA H200, 48, 99 %, 57 %, 74343 MiB, 143771 MiB
2026/08/07 21:43:21.741, NVIDIA H200, 50, 100 %, 45 %, 74343 MiB, 143771 MiB
2026/08/07 21:43:24.741, NVIDIA H200, 46, 100 %, 45 %, 74343 MiB, 143771 MiB
2026/08/07 21:43:27.741, NVIDIA H200, 49, 100 %, 44 %, 74343 MiB, 143771 MiB
2026/08/07 21:43:30.742, NVIDIA H200, 49, 100 %, 44 %, 74343 MiB, 143771 MiB
2026/08/07 21:43:33.743, NVIDIA H200, 50, 100 %, 56 %, 74343 MiB, 143771 MiB
2026/08/07 21:43:36.743, NVIDIA H200, 49, 100 %, 47 %, 74343 MiB, 143771 MiB
2026/08/07 21:43:39.743, NVIDIA H200, 51, 100 %, 47 %, 74343 MiB, 143771 MiB
2026/08/07 21:43:42.744, NVIDIA H200, 49, 100 %, 34 %, 74343 MiB, 143771 MiB
2026/08/07 21:43:45.744, NVIDIA H200, 48, 99 %, 53 %, 74343 MiB, 143771 MiB
2026/08/07 21:43:48.745, NVIDIA H200, 50, 99 %, 40 %, 74343 MiB, 143771 MiB
2026/08/07 21:43:51.745, NVIDIA H200, 46, 100 %, 47 %, 74343 MiB, 143771 MiB
2026/08/07 21:43:54.746, NVIDIA H200, 50, 100 %, 44 %, 74343 MiB, 143771 MiB
2026/08/07 21:43:57.746, NVIDIA H200, 50, 100 %, 39 %, 74343 MiB, 143771 MiB
2026/08/07 21:44:00.746, NVIDIA H200, 48, 99 %, 49 %, 74343 MiB, 143771 MiB
2026/08/07 21:44:03.747, NVIDIA H200, 51, 100 %, 50 %, 74343 MiB, 143771 MiB
2026/08/07 21:44:06.747, NVIDIA H200, 50, 97 %, 34 %, 74343 MiB, 143771 MiB
2026/08/07 21:44:09.748, NVIDIA H200, 50, 100 %, 44 %, 74343 MiB, 143771 MiB
2026/08/07 21:44:12.748, NVIDIA H200, 51, 100 %, 41 %, 74343 MiB, 143771 MiB
2026/08/07 21:44:15.748, NVIDIA H200, 49, 98 %, 52 %, 74343 MiB, 143771 MiB
2026/08/07 21:44:18.749, NVIDIA H200, 50, 89 %, 34 %, 74343 MiB, 143771 MiB
2026/08/07 21:44:21.749, NVIDIA H200, 50, 100 %, 41 %, 74343 MiB, 143771 MiB
2026/08/07 21:44:24.750, NVIDIA H200, 52, 100 %, 42 %, 74343 MiB, 143771 MiB
2026/08/07 21:44:27.750, NVIDIA H200, 49, 99 %, 50 %, 74343 MiB, 143771 MiB
2026/08/07 21:44:30.750, NVIDIA H200, 28, 0 %, 0 %, 74343 MiB, 143771 MiB
2026/08/07 21:44:33.751, NVIDIA H200, 44, 43 %, 20 %, 74343 MiB, 143771 MiB
2026/08/07 21:44:36.751, NVIDIA H200, 29, 0 %, 0 %, 74343 MiB, 143771 MiB
2026/08/07 21:44:39.752, NVIDIA H200, 36, 65 %, 26 %, 74343 MiB, 143771 MiB
2026/08/07 21:44:42.752, NVIDIA H200, 50, 100 %, 31 %, 74343 MiB, 143771 MiB
2026/08/07 21:44:45.753, NVIDIA H200, 49, 99 %, 54 %, 74343 MiB, 143771 MiB
2026/08/07 21:44:48.753, NVIDIA H200, 49, 100 %, 50 %, 74343 MiB, 143771 MiB
2026/08/07 21:44:51.753, NVIDIA H200, 50, 99 %, 44 %, 74343 MiB, 143771 MiB
2026/08/07 21:44:54.754, NVIDIA H200, 50, 100 %, 40 %, 74343 MiB, 143771 MiB
2026/08/07 21:44:57.754, NVIDIA H200, 48, 100 %, 51 %, 74343 MiB, 143771 MiB
2026/08/07 21:45:00.755, NVIDIA H200, 48, 100 %, 40 %, 74343 MiB, 143771 MiB
2026/08/07 21:45:03.755, NVIDIA H200, 50, 100 %, 42 %, 74343 MiB, 143771 MiB
2026/08/07 21:45:06.755, NVIDIA H200, 51, 100 %, 42 %, 74343 MiB, 143771 MiB
2026/08/07 21:45:09.756, NVIDIA H200, 50, 99 %, 53 %, 74343 MiB, 143771 MiB
2026/08/07 21:45:12.756, NVIDIA H200, 48, 98 %, 44 %, 74343 MiB, 143771 MiB
2026/08/07 21:45:15.757, NVIDIA H200, 51, 100 %, 45 %, 74343 MiB, 143771 MiB
2026/08/07 21:45:18.757, NVIDIA H200, 49, 100 %, 39 %, 74343 MiB, 143771 MiB
2026/08/07 21:45:21.757, NVIDIA H200, 52, 100 %, 38 %, 74343 MiB, 143771 MiB
2026/08/07 21:45:24.758, NVIDIA H200, 50, 98 %, 52 %, 74343 MiB, 143771 MiB
2026/08/07 21:45:27.758, NVIDIA H200, 49, 100 %, 50 %, 74343 MiB, 143771 MiB
2026/08/07 21:45:30.759, NVIDIA H200, 51, 99 %, 32 %, 74343 MiB, 143771 MiB
2026/08/07 21:45:33.759, NVIDIA H200, 49, 100 %, 41 %, 74343 MiB, 143771 MiB
2026/08/07 21:45:36.760, NVIDIA H200, 52, 100 %, 43 %, 74343 MiB, 143771 MiB
2026/08/07 21:45:39.760, NVIDIA H200, 47, 100 %, 45 %, 74343 MiB, 143771 MiB
2026/08/07 21:45:42.761, NVIDIA H200, 48, 100 %, 43 %, 74343 MiB, 143771 MiB
2026/08/07 21:45:45.761, NVIDIA H200, 52, 100 %, 39 %, 74343 MiB, 143771 MiB
2026/08/07 21:45:48.761, NVIDIA H200, 50, 99 %, 48 %, 74343 MiB, 143771 MiB
2026/08/07 21:45:51.762, NVIDIA H200, 49, 100 %, 55 %, 74343 MiB, 143771 MiB
2026/08/07 21:45:54.762, NVIDIA H200, 51, 99 %, 39 %, 74343 MiB, 143771 MiB
2026/08/07 21:45:57.763, NVIDIA H200, 49, 100 %, 41 %, 74343 MiB, 143771 MiB
2026/08/07 21:46:00.763, NVIDIA H200, 49, 100 %, 51 %, 74343 MiB, 143771 MiB
2026/08/07 21:46:03.764, NVIDIA H200, 29, 0 %, 0 %, 74343 MiB, 143771 MiB
2026/08/07 21:46:06.764, NVIDIA H200, 41, 81 %, 34 %, 74343 MiB, 143771 MiB
2026/08/07 21:46:09.764, NVIDIA H200, 31, 0 %, 0 %, 74343 MiB, 143771 MiB
2026/08/07 21:46:12.765, NVIDIA H200, 27, 0 %, 0 %, 74343 MiB, 143771 MiB
2026/08/07 21:46:15.765, NVIDIA H200, 27, 0 %, 0 %, 74343 MiB, 143771 MiB
2026/08/07 21:46:18.766, NVIDIA H200, 26, 0 %, 0 %, 74343 MiB, 143771 MiB
2026/08/07 21:46:21.766, NVIDIA H200, 42, 22 %, 14 %, 74343 MiB, 143771 MiB
2026/08/07 21:46:24.767, NVIDIA H200, 47, 100 %, 47 %, 74343 MiB, 143771 MiB
2026/08/07 21:46:27.767, NVIDIA H200, 49, 99 %, 44 %, 74343 MiB, 143771 MiB
2026/08/07 21:46:30.768, NVIDIA H200, 49, 100 %, 52 %, 74343 MiB, 143771 MiB
2026/08/07 21:46:33.768, NVIDIA H200, 48, 98 %, 41 %, 74343 MiB, 143771 MiB
2026/08/07 21:46:36.768, NVIDIA H200, 51, 100 %, 48 %, 74343 MiB, 143771 MiB
2026/08/07 21:46:39.769, NVIDIA H200, 49, 100 %, 41 %, 74343 MiB, 143771 MiB
2026/08/07 21:46:42.769, NVIDIA H200, 52, 100 %, 39 %, 74343 MiB, 143771 MiB
2026/08/07 21:46:45.770, NVIDIA H200, 49, 99 %, 49 %, 74343 MiB, 143771 MiB
2026/08/07 21:46:48.770, NVIDIA H200, 48, 100 %, 55 %, 74343 MiB, 143771 MiB
2026/08/07 21:46:51.770, NVIDIA H200, 51, 100 %, 54 %, 74343 MiB, 143771 MiB
2026/08/07 21:46:54.771, NVIDIA H200, 49, 99 %, 38 %, 74343 MiB, 143771 MiB
2026/08/07 21:46:57.771, NVIDIA H200, 52, 100 %, 44 %, 74343 MiB, 143771 MiB
2026/08/07 21:47:00.772, NVIDIA H200, 47, 100 %, 39 %, 74343 MiB, 143771 MiB
2026/08/07 21:47:03.772, NVIDIA H200, 47, 100 %, 48 %, 74343 MiB, 143771 MiB
2026/08/07 21:47:06.773, NVIDIA H200, 51, 100 %, 43 %, 74343 MiB, 143771 MiB
2026/08/07 21:47:09.773, NVIDIA H200, 49, 100 %, 48 %, 74343 MiB, 143771 MiB
2026/08/07 21:47:12.773, NVIDIA H200, 48, 100 %, 36 %, 74343 MiB, 143771 MiB
2026/08/07 21:47:15.774, NVIDIA H200, 50, 98 %, 52 %, 74343 MiB, 143771 MiB
2026/08/07 21:47:18.774, NVIDIA H200, 46, 99 %, 39 %, 74343 MiB, 143771 MiB
2026/08/07 21:47:21.775, NVIDIA H200, 50, 100 %, 46 %, 74343 MiB, 143771 MiB
2026/08/07 21:47:24.775, NVIDIA H200, 50, 100 %, 41 %, 74343 MiB, 143771 MiB
2026/08/07 21:47:27.776, NVIDIA H200, 50, 100 %, 41 %, 74343 MiB, 143771 MiB
2026/08/07 21:47:30.776, NVIDIA H200, 48, 98 %, 49 %, 74343 MiB, 143771 MiB
2026/08/07 21:47:33.777, NVIDIA H200, 51, 100 %, 50 %, 74343 MiB, 143771 MiB
2026/08/07 21:47:36.777, NVIDIA H200, 49, 99 %, 41 %, 74343 MiB, 143771 MiB
2026/08/07 21:47:39.777, NVIDIA H200, 51, 100 %, 47 %, 74343 MiB, 143771 MiB
2026/08/07 21:47:42.778, NVIDIA H200, 33, 0 %, 0 %, 74343 MiB, 143771 MiB
2026/08/07 21:47:45.778, NVIDIA H200, 28, 59 %, 23 %, 74343 MiB, 143771 MiB
2026/08/07 21:47:48.779, NVIDIA H200, 30, 0 %, 0 %, 74343 MiB, 143771 MiB
2026/08/07 21:47:51.779, NVIDIA H200, 28, 0 %, 0 %, 74343 MiB, 143771 MiB
2026/08/07 21:47:54.780, NVIDIA H200, 48, 39 %, 18 %, 74343 MiB, 143771 MiB
2026/08/07 21:47:57.780, NVIDIA H200, 49, 100 %, 46 %, 74343 MiB, 143771 MiB
2026/08/07 21:48:00.780, NVIDIA H200, 49, 100 %, 41 %, 74343 MiB, 143771 MiB
2026/08/07 21:48:03.781, NVIDIA H200, 48, 100 %, 39 %, 74343 MiB, 143771 MiB
2026/08/07 21:48:06.781, NVIDIA H200, 49, 98 %, 52 %, 74343 MiB, 143771 MiB
2026/08/07 21:48:09.782, NVIDIA H200, 46, 98 %, 41 %, 74343 MiB, 143771 MiB
2026/08/07 21:48:12.782, NVIDIA H200, 50, 100 %, 47 %, 74343 MiB, 143771 MiB
2026/08/07 21:48:15.783, NVIDIA H200, 50, 100 %, 44 %, 74343 MiB, 143771 MiB
2026/08/07 21:48:18.783, NVIDIA H200, 50, 100 %, 39 %, 74343 MiB, 143771 MiB
2026/08/07 21:48:21.783, NVIDIA H200, 47, 100 %, 51 %, 74343 MiB, 143771 MiB
2026/08/07 21:48:24.784, NVIDIA H200, 45, 100 %, 46 %, 74343 MiB, 143771 MiB
2026/08/07 21:48:27.785, NVIDIA H200, 51, 100 %, 48 %, 74343 MiB, 143771 MiB
2026/08/07 21:48:30.785, NVIDIA H200, 49, 99 %, 52 %, 74343 MiB, 143771 MiB
2026/08/07 21:48:33.785, NVIDIA H200, 48, 100 %, 51 %, 74343 MiB, 143771 MiB
2026/08/07 21:48:36.786, NVIDIA H200, 51, 99 %, 38 %, 74343 MiB, 143771 MiB
2026/08/07 21:48:39.786, NVIDIA H200, 50, 100 %, 49 %, 74343 MiB, 143771 MiB
2026/08/07 21:48:42.787, NVIDIA H200, 52, 100 %, 41 %, 74343 MiB, 143771 MiB
2026/08/07 21:48:45.787, NVIDIA H200, 50, 100 %, 42 %, 74343 MiB, 143771 MiB
2026/08/07 21:48:48.787, NVIDIA H200, 48, 98 %, 48 %, 74343 MiB, 143771 MiB
2026/08/07 21:48:51.788, NVIDIA H200, 51, 100 %, 52 %, 74343 MiB, 143771 MiB
2026/08/07 21:48:54.788, NVIDIA H200, 48, 99 %, 45 %, 74343 MiB, 143771 MiB
2026/08/07 21:48:57.789, NVIDIA H200, 50, 100 %, 44 %, 74343 MiB, 143771 MiB
2026/08/07 21:49:00.789, NVIDIA H200, 51, 100 %, 42 %, 74343 MiB, 143771 MiB
2026/08/07 21:49:03.790, NVIDIA H200, 50, 100 %, 50 %, 74343 MiB, 143771 MiB
2026/08/07 21:49:06.791, NVIDIA H200, 49, 100 %, 49 %, 74343 MiB, 143771 MiB
2026/08/07 21:49:09.791, NVIDIA H200, 50, 100 %, 40 %, 74343 MiB, 143771 MiB
2026/08/07 21:49:12.792, NVIDIA H200, 50, 99 %, 48 %, 74343 MiB, 143771 MiB
2026/08/07 21:49:15.792, NVIDIA H200, 34, 0 %, 0 %, 74343 MiB, 143771 MiB
2026/08/07 21:49:18.793, NVIDIA H200, 28, 0 %, 0 %, 74343 MiB, 143771 MiB
2026/08/07 21:49:21.793, NVIDIA H200, 48, 99 %, 43 %, 74343 MiB, 143771 MiB
2026/08/07 21:49:24.793, NVIDIA H200, 28, 0 %, 0 %, 74343 MiB, 143771 MiB
2026/08/07 21:49:27.794, NVIDIA H200, 46, 99 %, 38 %, 74343 MiB, 143771 MiB
2026/08/07 21:49:30.794, NVIDIA H200, 52, 100 %, 43 %, 74343 MiB, 143771 MiB
2026/08/07 21:49:33.795, NVIDIA H200, 49, 100 %, 38 %, 74343 MiB, 143771 MiB
2026/08/07 21:49:36.795, NVIDIA H200, 48, 99 %, 52 %, 74343 MiB, 143771 MiB
2026/08/07 21:49:39.796, NVIDIA H200, 51, 100 %, 54 %, 74343 MiB, 143771 MiB
2026/08/07 21:49:42.796, NVIDIA H200, 43, 86 %, 39 %, 74343 MiB, 143771 MiB
2026/08/07 21:49:45.796, NVIDIA H200, 50, 100 %, 37 %, 74343 MiB, 143771 MiB
2026/08/07 21:49:48.797, NVIDIA H200, 48, 100 %, 53 %, 74343 MiB, 143771 MiB
2026/08/07 21:49:51.797, NVIDIA H200, 46, 100 %, 46 %, 74343 MiB, 143771 MiB
2026/08/07 21:49:54.798, NVIDIA H200, 50, 100 %, 47 %, 74343 MiB, 143771 MiB
2026/08/07 21:49:57.798, NVIDIA H200, 51, 100 %, 44 %, 74343 MiB, 143771 MiB
2026/08/07 21:50:00.798, NVIDIA H200, 49, 100 %, 39 %, 74343 MiB, 143771 MiB
2026/08/07 21:50:03.799, NVIDIA H200, 48, 99 %, 52 %, 74343 MiB, 143771 MiB
2026/08/07 21:50:06.799, NVIDIA H200, 50, 99 %, 39 %, 74343 MiB, 143771 MiB
2026/08/07 21:50:09.800, NVIDIA H200, 47, 100 %, 46 %, 74343 MiB, 143771 MiB
2026/08/07 21:50:12.800, NVIDIA H200, 51, 100 %, 43 %, 74343 MiB, 143771 MiB
2026/08/07 21:50:15.800, NVIDIA H200, 50, 100 %, 42 %, 74343 MiB, 143771 MiB
2026/08/07 21:50:18.801, NVIDIA H200, 50, 99 %, 46 %, 74343 MiB, 143771 MiB
2026/08/07 21:50:21.801, NVIDIA H200, 48, 100 %, 52 %, 74343 MiB, 143771 MiB
2026/08/07 21:50:24.802, NVIDIA H200, 45, 94 %, 45 %, 74343 MiB, 143771 MiB
2026/08/07 21:50:27.802, NVIDIA H200, 53, 100 %, 47 %, 74343 MiB, 143771 MiB
2026/08/07 21:50:30.802, NVIDIA H200, 48, 100 %, 50 %, 74343 MiB, 143771 MiB
2026/08/07 21:50:33.803, NVIDIA H200, 49, 99 %, 39 %, 74343 MiB, 143771 MiB
2026/08/07 21:50:36.803, NVIDIA H200, 49, 100 %, 40 %, 74343 MiB, 143771 MiB
2026/08/07 21:50:39.804, NVIDIA H200, 52, 100 %, 44 %, 74343 MiB, 143771 MiB
2026/08/07 21:50:42.804, NVIDIA H200, 49, 100 %, 31 %, 74343 MiB, 143771 MiB
2026/08/07 21:50:45.804, NVIDIA H200, 49, 98 %, 53 %, 74343 MiB, 143771 MiB
2026/08/07 21:50:48.805, NVIDIA H200, 31, 0 %, 0 %, 74343 MiB, 143771 MiB
2026/08/07 21:50:51.805, NVIDIA H200, 42, 79 %, 35 %, 74343 MiB, 143771 MiB
2026/08/07 21:50:54.806, NVIDIA H200, 46, 100 %, 49 %, 74343 MiB, 143771 MiB
2026/08/07 21:50:57.806, NVIDIA H200, 27, 0 %, 0 %, 74343 MiB, 143771 MiB
2026/08/07 21:51:00.806, NVIDIA H200, 45, 92 %, 38 %, 74343 MiB, 143771 MiB
2026/08/07 21:51:03.807, NVIDIA H200, 48, 100 %, 44 %, 74343 MiB, 143771 MiB
2026/08/07 21:51:06.807, NVIDIA H200, 50, 100 %, 39 %, 74343 MiB, 143771 MiB
2026/08/07 21:51:09.808, NVIDIA H200, 48, 98 %, 50 %, 74343 MiB, 143771 MiB
2026/08/07 21:51:12.808, NVIDIA H200, 49, 98 %, 41 %, 74343 MiB, 143771 MiB
2026/08/07 21:51:15.809, NVIDIA H200, 48, 100 %, 42 %, 74343 MiB, 143771 MiB
2026/08/07 21:51:18.809, NVIDIA H200, 53, 100 %, 45 %, 74343 MiB, 143771 MiB
2026/08/07 21:51:21.810, NVIDIA H200, 49, 100 %, 43 %, 74343 MiB, 143771 MiB
2026/08/07 21:51:24.810, NVIDIA H200, 48, 100 %, 33 %, 74343 MiB, 143771 MiB
2026/08/07 21:51:27.811, NVIDIA H200, 51, 98 %, 52 %, 74343 MiB, 143771 MiB
2026/08/07 21:51:30.811, NVIDIA H200, 49, 100 %, 52 %, 74343 MiB, 143771 MiB
2026/08/07 21:51:33.812, NVIDIA H200, 49, 98 %, 42 %, 74343 MiB, 143771 MiB
2026/08/07 21:51:36.812, NVIDIA H200, 52, 100 %, 44 %, 74343 MiB, 143771 MiB
2026/08/07 21:51:39.812, NVIDIA H200, 49, 100 %, 47 %, 74343 MiB, 143771 MiB
2026/08/07 21:51:42.813, NVIDIA H200, 49, 100 %, 36 %, 74343 MiB, 143771 MiB
2026/08/07 21:51:45.813, NVIDIA H200, 50, 98 %, 52 %, 74343 MiB, 143771 MiB
2026/08/07 21:51:48.814, NVIDIA H200, 50, 82 %, 24 %, 74343 MiB, 143771 MiB
2026/08/07 21:51:51.814, NVIDIA H200, 49, 100 %, 39 %, 74343 MiB, 143771 MiB
2026/08/07 21:51:54.815, NVIDIA H200, 47, 99 %, 47 %, 74343 MiB, 143771 MiB
2026/08/07 21:51:57.815, NVIDIA H200, 51, 100 %, 53 %, 74343 MiB, 143771 MiB
2026/08/07 21:52:00.815, NVIDIA H200, 49, 99 %, 41 %, 74343 MiB, 143771 MiB
2026/08/07 21:52:03.816, NVIDIA H200, 51, 100 %, 46 %, 74343 MiB, 143771 MiB
2026/08/07 21:52:06.816, NVIDIA H200, 50, 100 %, 41 %, 74343 MiB, 143771 MiB
2026/08/07 21:52:09.817, NVIDIA H200, 49, 100 %, 37 %, 74343 MiB, 143771 MiB
2026/08/07 21:52:12.817, NVIDIA H200, 49, 99 %, 49 %, 74343 MiB, 143771 MiB
2026/08/07 21:52:15.817, NVIDIA H200, 51, 100 %, 50 %, 74343 MiB, 143771 MiB
2026/08/07 21:52:18.818, NVIDIA H200, 50, 99 %, 36 %, 74343 MiB, 143771 MiB
2026/08/07 21:52:21.818, NVIDIA H200, 32, 0 %, 0 %, 74343 MiB, 143771 MiB
2026/08/07 21:52:24.819, NVIDIA H200, 42, 100 %, 47 %, 74343 MiB, 143771 MiB
2026/08/07 21:52:27.819, NVIDIA H200, 47, 100 %, 53 %, 74343 MiB, 143771 MiB
2026/08/07 21:52:30.820, NVIDIA H200, 27, 0 %, 0 %, 74343 MiB, 143771 MiB
2026/08/07 21:52:33.820, NVIDIA H200, 45, 100 %, 38 %, 74343 MiB, 143771 MiB
2026/08/07 21:52:36.821, NVIDIA H200, 48, 100 %, 43 %, 74343 MiB, 143771 MiB
2026/08/07 21:52:39.821, NVIDIA H200, 48, 100 %, 39 %, 74343 MiB, 143771 MiB
2026/08/07 21:52:42.821, NVIDIA H200, 49, 100 %, 37 %, 74343 MiB, 143771 MiB
2026/08/07 21:52:45.822, NVIDIA H200, 49, 99 %, 49 %, 74343 MiB, 143771 MiB
2026/08/07 21:52:48.822, NVIDIA H200, 51, 100 %, 50 %, 74343 MiB, 143771 MiB
2026/08/07 21:52:51.823, NVIDIA H200, 50, 98 %, 32 %, 74343 MiB, 143771 MiB
2026/08/07 21:52:54.823, NVIDIA H200, 49, 100 %, 41 %, 74343 MiB, 143771 MiB
2026/08/07 21:52:57.823, NVIDIA H200, 52, 100 %, 44 %, 74343 MiB, 143771 MiB
2026/08/07 21:53:00.824, NVIDIA H200, 49, 100 %, 30 %, 74343 MiB, 143771 MiB
2026/08/07 21:53:03.824, NVIDIA H200, 48, 99 %, 57 %, 74343 MiB, 143771 MiB
2026/08/07 21:53:06.825, NVIDIA H200, 50, 100 %, 45 %, 74343 MiB, 143771 MiB
2026/08/07 21:53:09.825, NVIDIA H200, 47, 100 %, 42 %, 74343 MiB, 143771 MiB
2026/08/07 21:53:12.825, NVIDIA H200, 49, 100 %, 37 %, 74343 MiB, 143771 MiB
2026/08/07 21:53:15.826, NVIDIA H200, 48, 97 %, 48 %, 74343 MiB, 143771 MiB
2026/08/07 21:53:18.826, NVIDIA H200, 51, 100 %, 56 %, 74343 MiB, 143771 MiB
2026/08/07 21:53:21.827, NVIDIA H200, 49, 99 %, 39 %, 74343 MiB, 143771 MiB
2026/08/07 21:53:24.827, NVIDIA H200, 49, 100 %, 45 %, 74343 MiB, 143771 MiB
2026/08/07 21:53:27.827, NVIDIA H200, 52, 100 %, 50 %, 74343 MiB, 143771 MiB
2026/08/07 21:53:30.828, NVIDIA H200, 49, 100 %, 30 %, 74343 MiB, 143771 MiB
2026/08/07 21:53:33.828, NVIDIA H200, 49, 99 %, 60 %, 74343 MiB, 143771 MiB
2026/08/07 21:53:36.829, NVIDIA H200, 50, 100 %, 45 %, 74343 MiB, 143771 MiB
2026/08/07 21:53:39.829, NVIDIA H200, 46, 100 %, 45 %, 74343 MiB, 143771 MiB
2026/08/07 21:53:42.829, NVIDIA H200, 50, 100 %, 47 %, 74343 MiB, 143771 MiB
2026/08/07 21:53:45.830, NVIDIA H200, 51, 100 %, 42 %, 74343 MiB, 143771 MiB
2026/08/07 21:53:48.830, NVIDIA H200, 49, 100 %, 40 %, 74343 MiB, 143771 MiB
2026/08/07 21:53:51.831, NVIDIA H200, 48, 98 %, 51 %, 74343 MiB, 143771 MiB
2026/08/07 21:53:54.831, NVIDIA H200, 31, 0 %, 0 %, 74343 MiB, 143771 MiB
2026/08/07 21:53:57.832, NVIDIA H200, 27, 0 %, 0 %, 74343 MiB, 143771 MiB
2026/08/07 21:54:00.832, NVIDIA H200, 43, 99 %, 45 %, 74343 MiB, 143771 MiB
2026/08/07 21:54:03.832, NVIDIA H200, 28, 0 %, 0 %, 74343 MiB, 143771 MiB
2026/08/07 21:54:06.833, NVIDIA H200, 27, 0 %, 0 %, 74343 MiB, 143771 MiB
2026/08/07 21:54:09.833, NVIDIA H200, 26, 0 %, 0 %, 74343 MiB, 143771 MiB
2026/08/07 21:54:12.834, NVIDIA H200, 32, 25 %, 14 %, 74343 MiB, 143771 MiB
2026/08/07 21:54:15.834, NVIDIA H200, 45, 69 %, 35 %, 74343 MiB, 143771 MiB
2026/08/07 21:54:18.835, NVIDIA H200, 48, 100 %, 56 %, 74343 MiB, 143771 MiB
2026/08/07 21:54:21.835, NVIDIA H200, 51, 99 %, 38 %, 74343 MiB, 143771 MiB
2026/08/07 21:54:24.836, NVIDIA H200, 48, 100 %, 40 %, 74343 MiB, 143771 MiB
2026/08/07 21:54:27.836, NVIDIA H200, 49, 100 %, 44 %, 74343 MiB, 143771 MiB
2026/08/07 21:54:30.836, NVIDIA H200, 52, 100 %, 36 %, 74343 MiB, 143771 MiB
2026/08/07 21:54:33.837, NVIDIA H200, 49, 99 %, 59 %, 74343 MiB, 143771 MiB
2026/08/07 21:54:36.837, NVIDIA H200, 47, 76 %, 31 %, 74343 MiB, 143771 MiB
2026/08/07 21:54:39.838, NVIDIA H200, 50, 100 %, 49 %, 74343 MiB, 143771 MiB
2026/08/07 21:54:42.838, NVIDIA H200, 49, 100 %, 40 %, 74343 MiB, 143771 MiB
2026/08/07 21:54:45.839, NVIDIA H200, 52, 100 %, 42 %, 74343 MiB, 143771 MiB
2026/08/07 21:54:48.839, NVIDIA H200, 49, 99 %, 50 %, 74343 MiB, 143771 MiB
2026/08/07 21:54:51.839, NVIDIA H200, 48, 100 %, 56 %, 74343 MiB, 143771 MiB
2026/08/07 21:54:54.840, NVIDIA H200, 50, 99 %, 38 %, 74343 MiB, 143771 MiB
2026/08/07 21:54:57.840, NVIDIA H200, 48, 100 %, 44 %, 74343 MiB, 143771 MiB
2026/08/07 21:55:00.841, NVIDIA H200, 49, 100 %, 50 %, 74343 MiB, 143771 MiB
2026/08/07 21:55:03.841, NVIDIA H200, 51, 100 %, 31 %, 74343 MiB, 143771 MiB
2026/08/07 21:55:06.841, NVIDIA H200, 49, 99 %, 57 %, 74343 MiB, 143771 MiB
2026/08/07 21:55:09.842, NVIDIA H200, 48, 100 %, 45 %, 74343 MiB, 143771 MiB
2026/08/07 21:55:12.842, NVIDIA H200, 50, 100 %, 45 %, 74343 MiB, 143771 MiB
2026/08/07 21:55:15.843, NVIDIA H200, 49, 100 %, 40 %, 74343 MiB, 143771 MiB
2026/08/07 21:55:18.843, NVIDIA H200, 52, 100 %, 37 %, 74343 MiB, 143771 MiB
2026/08/07 21:55:21.844, NVIDIA H200, 48, 100 %, 55 %, 74343 MiB, 143771 MiB
2026/08/07 21:55:24.844, NVIDIA H200, 51, 99 %, 39 %, 74343 MiB, 143771 MiB
2026/08/07 21:55:27.844, NVIDIA H200, 49, 100 %, 40 %, 74343 MiB, 143771 MiB
2026/08/07 21:55:30.845, NVIDIA H200, 49, 100 %, 50 %, 74343 MiB, 143771 MiB
2026/08/07 21:55:33.845, NVIDIA H200, 52, 100 %, 32 %, 74343 MiB, 143771 MiB
2026/08/07 21:55:36.846, NVIDIA H200, 34, 100 %, 50 %, 74343 MiB, 143771 MiB
2026/08/07 21:55:39.846, NVIDIA H200, 45, 48 %, 15 %, 74343 MiB, 143771 MiB
2026/08/07 21:55:42.847, NVIDIA H200, 28, 0 %, 0 %, 74343 MiB, 143771 MiB
2026/08/07 21:55:45.847, NVIDIA H200, 43, 100 %, 42 %, 74343 MiB, 143771 MiB
2026/08/07 21:55:48.848, NVIDIA H200, 47, 100 %, 54 %, 74343 MiB, 143771 MiB
2026/08/07 21:55:51.848, NVIDIA H200, 50, 98 %, 39 %, 74343 MiB, 143771 MiB
2026/08/07 21:55:54.849, NVIDIA H200, 44, 100 %, 43 %, 74343 MiB, 143771 MiB
2026/08/07 21:55:57.849, NVIDIA H200, 51, 100 %, 33 %, 74343 MiB, 143771 MiB
2026/08/07 21:56:00.850, NVIDIA H200, 49, 100 %, 43 %, 74343 MiB, 143771 MiB
2026/08/07 21:56:03.850, NVIDIA H200, 48, 100 %, 52 %, 74343 MiB, 143771 MiB
2026/08/07 21:56:06.851, NVIDIA H200, 51, 100 %, 37 %, 74343 MiB, 143771 MiB
2026/08/07 21:56:09.851, NVIDIA H200, 49, 100 %, 50 %, 74343 MiB, 143771 MiB
2026/08/07 21:56:12.852, NVIDIA H200, 52, 100 %, 41 %, 74343 MiB, 143771 MiB
2026/08/07 21:56:15.852, NVIDIA H200, 50, 100 %, 43 %, 74343 MiB, 143771 MiB
2026/08/07 21:56:18.853, NVIDIA H200, 48, 99 %, 50 %, 74343 MiB, 143771 MiB
2026/08/07 21:56:21.853, NVIDIA H200, 51, 100 %, 56 %, 74343 MiB, 143771 MiB
2026/08/07 21:56:24.854, NVIDIA H200, 49, 99 %, 39 %, 74343 MiB, 143771 MiB
2026/08/07 21:56:27.854, NVIDIA H200, 49, 100 %, 42 %, 74343 MiB, 143771 MiB
2026/08/07 21:56:30.855, NVIDIA H200, 52, 100 %, 45 %, 74343 MiB, 143771 MiB
2026/08/07 21:56:33.855, NVIDIA H200, 49, 100 %, 37 %, 74343 MiB, 143771 MiB
2026/08/07 21:56:36.856, NVIDIA H200, 48, 98 %, 48 %, 74343 MiB, 143771 MiB
2026/08/07 21:56:39.856, NVIDIA H200, 50, 93 %, 42 %, 74343 MiB, 143771 MiB
2026/08/07 21:56:42.857, NVIDIA H200, 49, 100 %, 44 %, 74343 MiB, 143771 MiB
2026/08/07 21:56:45.857, NVIDIA H200, 50, 100 %, 38 %, 74343 MiB, 143771 MiB
2026/08/07 21:56:48.858, NVIDIA H200, 48, 98 %, 49 %, 74343 MiB, 143771 MiB
2026/08/07 21:56:51.858, NVIDIA H200, 50, 100 %, 51 %, 74343 MiB, 143771 MiB
2026/08/07 21:56:54.859, NVIDIA H200, 49, 99 %, 35 %, 74343 MiB, 143771 MiB
2026/08/07 21:56:57.859, NVIDIA H200, 49, 100 %, 41 %, 74343 MiB, 143771 MiB
2026/08/07 21:57:00.860, NVIDIA H200, 52, 100 %, 44 %, 74343 MiB, 143771 MiB
2026/08/07 21:57:03.860, NVIDIA H200, 49, 100 %, 38 %, 74343 MiB, 143771 MiB
2026/08/07 21:57:06.861, NVIDIA H200, 49, 99 %, 38 %, 74343 MiB, 143771 MiB
2026/08/07 21:57:09.861, NVIDIA H200, 43, 99 %, 44 %, 74343 MiB, 143771 MiB
2026/08/07 21:57:12.862, NVIDIA H200, 37, 79 %, 43 %, 74343 MiB, 143771 MiB
2026/08/07 21:57:15.862, NVIDIA H200, 28, 0 %, 0 %, 74343 MiB, 143771 MiB
2026/08/07 21:57:18.862, NVIDIA H200, 46, 100 %, 42 %, 74343 MiB, 143771 MiB
2026/08/07 21:57:21.863, NVIDIA H200, 48, 100 %, 45 %, 74343 MiB, 143771 MiB
2026/08/07 21:57:24.863, NVIDIA H200, 50, 100 %, 43 %, 74343 MiB, 143771 MiB
2026/08/07 21:57:27.864, NVIDIA H200, 48, 98 %, 50 %, 74343 MiB, 143771 MiB
2026/08/07 21:57:30.864, NVIDIA H200, 51, 100 %, 55 %, 74343 MiB, 143771 MiB
2026/08/07 21:57:33.865, NVIDIA H200, 48, 99 %, 38 %, 74343 MiB, 143771 MiB
2026/08/07 21:57:36.865, NVIDIA H200, 49, 100 %, 45 %, 74343 MiB, 143771 MiB
2026/08/07 21:57:39.865, NVIDIA H200, 48, 100 %, 50 %, 74343 MiB, 143771 MiB
2026/08/07 21:57:42.866, NVIDIA H200, 51, 100 %, 31 %, 74343 MiB, 143771 MiB
2026/08/07 21:57:45.866, NVIDIA H200, 49, 99 %, 59 %, 74343 MiB, 143771 MiB
2026/08/07 21:57:48.867, NVIDIA H200, 48, 100 %, 45 %, 74343 MiB, 143771 MiB
2026/08/07 21:57:51.867, NVIDIA H200, 49, 100 %, 45 %, 74343 MiB, 143771 MiB
2026/08/07 21:57:54.868, NVIDIA H200, 45, 100 %, 47 %, 74343 MiB, 143771 MiB
2026/08/07 21:57:57.868, NVIDIA H200, 50, 100 %, 39 %, 74343 MiB, 143771 MiB
2026/08/07 21:58:00.868, NVIDIA H200, 49, 99 %, 46 %, 74343 MiB, 143771 MiB
2026/08/07 21:58:03.869, NVIDIA H200, 50, 86 %, 32 %, 74343 MiB, 143771 MiB
2026/08/07 21:58:06.869, NVIDIA H200, 49, 100 %, 39 %, 74343 MiB, 143771 MiB
2026/08/07 21:58:09.870, NVIDIA H200, 48, 100 %, 50 %, 74343 MiB, 143771 MiB
2026/08/07 21:58:12.870, NVIDIA H200, 48, 99 %, 41 %, 74343 MiB, 143771 MiB
2026/08/07 21:58:15.870, NVIDIA H200, 50, 100 %, 49 %, 74343 MiB, 143771 MiB
2026/08/07 21:58:18.871, NVIDIA H200, 48, 100 %, 41 %, 74343 MiB, 143771 MiB
2026/08/07 21:58:21.871, NVIDIA H200, 52, 100 %, 37 %, 74343 MiB, 143771 MiB
2026/08/07 21:58:24.872, NVIDIA H200, 49, 98 %, 49 %, 74343 MiB, 143771 MiB
2026/08/07 21:58:27.872, NVIDIA H200, 49, 100 %, 48 %, 74343 MiB, 143771 MiB
2026/08/07 21:58:30.873, NVIDIA H200, 50, 99 %, 44 %, 74343 MiB, 143771 MiB
2026/08/07 21:58:33.873, NVIDIA H200, 47, 100 %, 44 %, 74343 MiB, 143771 MiB
2026/08/07 21:58:36.873, NVIDIA H200, 50, 100 %, 47 %, 74343 MiB, 143771 MiB
2026/08/07 21:58:39.874, NVIDIA H200, 32, 0 %, 0 %, 74343 MiB, 143771 MiB
2026/08/07 21:58:42.874, NVIDIA H200, 28, 0 %, 0 %, 74343 MiB, 143771 MiB
2026/08/07 21:58:45.875, NVIDIA H200, 29, 0 %, 0 %, 74343 MiB, 143771 MiB
2026/08/07 21:58:48.875, NVIDIA H200, 28, 0 %, 0 %, 74343 MiB, 143771 MiB
2026/08/07 21:58:51.876, NVIDIA H200, 44, 100 %, 37 %, 74343 MiB, 143771 MiB
2026/08/07 21:58:54.876, NVIDIA H200, 47, 98 %, 38 %, 74343 MiB, 143771 MiB
2026/08/07 21:58:57.877, NVIDIA H200, 49, 100 %, 50 %, 74343 MiB, 143771 MiB
2026/08/07 21:59:00.877, NVIDIA H200, 49, 100 %, 40 %, 74343 MiB, 143771 MiB
2026/08/07 21:59:03.877, NVIDIA H200, 52, 100 %, 39 %, 74343 MiB, 143771 MiB
2026/08/07 21:59:06.878, NVIDIA H200, 49, 99 %, 50 %, 74343 MiB, 143771 MiB
2026/08/07 21:59:09.878, NVIDIA H200, 48, 100 %, 54 %, 74343 MiB, 143771 MiB
2026/08/07 21:59:12.879, NVIDIA H200, 51, 99 %, 38 %, 74343 MiB, 143771 MiB
2026/08/07 21:59:15.879, NVIDIA H200, 48, 100 %, 45 %, 74343 MiB, 143771 MiB
2026/08/07 21:59:18.879, NVIDIA H200, 50, 100 %, 39 %, 74343 MiB, 143771 MiB
2026/08/07 21:59:21.880, NVIDIA H200, 50, 99 %, 48 %, 74343 MiB, 143771 MiB
2026/08/07 21:59:24.880, NVIDIA H200, 48, 100 %, 45 %, 74343 MiB, 143771 MiB
2026/08/07 21:59:27.881, NVIDIA H200, 48, 100 %, 42 %, 74343 MiB, 143771 MiB
2026/08/07 21:59:30.881, NVIDIA H200, 50, 100 %, 43 %, 74343 MiB, 143771 MiB
2026/08/07 21:59:33.882, NVIDIA H200, 49, 99 %, 50 %, 74343 MiB, 143771 MiB
2026/08/07 21:59:36.882, NVIDIA H200, 48, 100 %, 55 %, 74343 MiB, 143771 MiB
2026/08/07 21:59:39.882, NVIDIA H200, 51, 99 %, 38 %, 74343 MiB, 143771 MiB
2026/08/07 21:59:42.883, NVIDIA H200, 48, 100 %, 42 %, 74343 MiB, 143771 MiB
2026/08/07 21:59:45.883, NVIDIA H200, 49, 100 %, 50 %, 74343 MiB, 143771 MiB
2026/08/07 21:59:48.884, NVIDIA H200, 52, 100 %, 30 %, 74343 MiB, 143771 MiB
2026/08/07 21:59:51.884, NVIDIA H200, 49, 99 %, 59 %, 74343 MiB, 143771 MiB
2026/08/07 21:59:54.884, NVIDIA H200, 48, 100 %, 45 %, 74343 MiB, 143771 MiB
2026/08/07 21:59:57.885, NVIDIA H200, 50, 100 %, 45 %, 74343 MiB, 143771 MiB
2026/08/07 22:00:00.885, NVIDIA H200, 46, 100 %, 46 %, 74343 MiB, 143771 MiB
2026/08/07 22:00:03.886, NVIDIA H200, 50, 100 %, 41 %, 74343 MiB, 143771 MiB
2026/08/07 22:00:06.886, NVIDIA H200, 50, 100 %, 46 %, 74343 MiB, 143771 MiB
2026/08/07 22:00:09.887, NVIDIA H200, 50, 99 %, 55 %, 74343 MiB, 143771 MiB
2026/08/07 22:00:12.887, NVIDIA H200, 49, 99 %, 44 %, 74343 MiB, 143771 MiB
2026/08/07 22:00:15.887, NVIDIA H200, 31, 99 %, 54 %, 74343 MiB, 143771 MiB
2026/08/07 22:00:18.888, NVIDIA H200, 37, 100 %, 49 %, 74343 MiB, 143771 MiB
2026/08/07 22:00:21.888, NVIDIA H200, 28, 0 %, 0 %, 74343 MiB, 143771 MiB
2026/08/07 22:00:24.889, NVIDIA H200, 35, 100 %, 45 %, 74343 MiB, 143771 MiB
2026/08/07 22:00:27.889, NVIDIA H200, 49, 100 %, 32 %, 74343 MiB, 143771 MiB
2026/08/07 22:00:30.890, NVIDIA H200, 48, 98 %, 55 %, 74343 MiB, 143771 MiB
2026/08/07 22:00:33.890, NVIDIA H200, 49, 100 %, 50 %, 74343 MiB, 143771 MiB
2026/08/07 22:00:36.891, NVIDIA H200, 50, 99 %, 41 %, 74343 MiB, 143771 MiB
2026/08/07 22:00:39.891, NVIDIA H200, 48, 100 %, 41 %, 74343 MiB, 143771 MiB
2026/08/07 22:00:42.892, NVIDIA H200, 49, 100 %, 48 %, 74343 MiB, 143771 MiB
2026/08/07 22:00:45.892, NVIDIA H200, 50, 100 %, 34 %, 74343 MiB, 143771 MiB
2026/08/07 22:00:48.892, NVIDIA H200, 49, 96 %, 52 %, 74343 MiB, 143771 MiB
2026/08/07 22:00:51.893, NVIDIA H200, 50, 91 %, 37 %, 74343 MiB, 143771 MiB
2026/08/07 22:00:54.893, NVIDIA H200, 49, 100 %, 44 %, 74343 MiB, 143771 MiB
2026/08/07 22:00:57.894, NVIDIA H200, 52, 100 %, 44 %, 74343 MiB, 143771 MiB
2026/08/07 22:01:00.894, NVIDIA H200, 49, 100 %, 30 %, 74343 MiB, 143771 MiB
2026/08/07 22:01:03.894, NVIDIA H200, 49, 99 %, 53 %, 74343 MiB, 143771 MiB
2026/08/07 22:01:06.895, NVIDIA H200, 51, 100 %, 52 %, 74343 MiB, 143771 MiB
2026/08/07 22:01:09.895, NVIDIA H200, 48, 99 %, 41 %, 74343 MiB, 143771 MiB
2026/08/07 22:01:12.896, NVIDIA H200, 49, 100 %, 43 %, 74343 MiB, 143771 MiB
2026/08/07 22:01:15.896, NVIDIA H200, 51, 100 %, 48 %, 74343 MiB, 143771 MiB
2026/08/07 22:01:18.896, NVIDIA H200, 49, 100 %, 33 %, 74343 MiB, 143771 MiB
2026/08/07 22:01:21.897, NVIDIA H200, 48, 99 %, 55 %, 74343 MiB, 143771 MiB
2026/08/07 22:01:24.897, NVIDIA H200, 50, 98 %, 43 %, 74343 MiB, 143771 MiB
2026/08/07 22:01:27.898, NVIDIA H200, 46, 100 %, 46 %, 74343 MiB, 143771 MiB
2026/08/07 22:01:30.898, NVIDIA H200, 51, 100 %, 39 %, 74343 MiB, 143771 MiB
2026/08/07 22:01:33.898, NVIDIA H200, 50, 100 %, 51 %, 74343 MiB, 143771 MiB
2026/08/07 22:01:36.899, NVIDIA H200, 49, 100 %, 40 %, 74343 MiB, 143771 MiB
