timestamp, name, temperature.gpu, utilization.gpu [%], utilization.memory [%], memory.used [MiB], memory.total [MiB]
2026/08/05 22:13:19.077, NVIDIA H200, 21, 0 %, 0 %, 0 MiB, 143771 MiB
2026/08/05 22:13:22.082, NVIDIA H200, 21, 0 %, 0 %, 0 MiB, 143771 MiB
2026/08/05 22:13:25.083, NVIDIA H200, 21, 0 %, 0 %, 0 MiB, 143771 MiB
2026/08/05 22:13:28.083, NVIDIA H200, 21, 0 %, 0 %, 0 MiB, 143771 MiB
2026/08/05 22:13:31.084, NVIDIA H200, 21, 0 %, 0 %, 0 MiB, 143771 MiB
2026/08/05 22:13:34.085, NVIDIA H200, 21, 0 %, 0 %, 0 MiB, 143771 MiB
2026/08/05 22:13:37.085, NVIDIA H200, 21, 0 %, 0 %, 0 MiB, 143771 MiB
2026/08/05 22:13:40.086, NVIDIA H200, 21, 0 %, 0 %, 0 MiB, 143771 MiB
2026/08/05 22:13:43.086, NVIDIA H200, 21, 0 %, 0 %, 0 MiB, 143771 MiB
2026/08/05 22:13:46.087, NVIDIA H200, 21, 0 %, 0 %, 0 MiB, 143771 MiB
2026/08/05 22:13:49.088, NVIDIA H200, 21, 0 %, 0 %, 0 MiB, 143771 MiB
2026/08/05 22:13:52.088, NVIDIA H200, 21, 0 %, 0 %, 0 MiB, 143771 MiB
2026/08/05 22:13:55.089, NVIDIA H200, 21, 0 %, 0 %, 0 MiB, 143771 MiB
2026/08/05 22:13:58.090, NVIDIA H200, 21, 0 %, 0 %, 0 MiB, 143771 MiB
2026/08/05 22:14:01.090, NVIDIA H200, 21, 0 %, 0 %, 0 MiB, 143771 MiB
2026/08/05 22:14:04.091, NVIDIA H200, 21, 0 %, 0 %, 0 MiB, 143771 MiB
2026/08/05 22:14:07.092, NVIDIA H200, 21, 0 %, 0 %, 0 MiB, 143771 MiB
2026/08/05 22:14:10.094, NVIDIA H200, 21, 0 %, 0 %, 0 MiB, 143771 MiB
2026/08/05 22:14:13.095, NVIDIA H200, 21, 0 %, 0 %, 0 MiB, 143771 MiB
2026/08/05 22:14:16.095, NVIDIA H200, 21, 0 %, 0 %, 0 MiB, 143771 MiB
2026/08/05 22:14:19.096, NVIDIA H200, 21, 0 %, 0 %, 0 MiB, 143771 MiB
2026/08/05 22:14:22.097, NVIDIA H200, 21, 0 %, 0 %, 0 MiB, 143771 MiB
2026/08/05 22:14:25.097, NVIDIA H200, 21, 0 %, 0 %, 0 MiB, 143771 MiB
2026/08/05 22:14:28.098, NVIDIA H200, 21, 0 %, 0 %, 0 MiB, 143771 MiB
2026/08/05 22:14:31.099, NVIDIA H200, 21, 0 %, 0 %, 0 MiB, 143771 MiB
2026/08/05 22:14:34.099, NVIDIA H200, 21, 0 %, 0 %, 0 MiB, 143771 MiB
2026/08/05 22:14:37.100, NVIDIA H200, 21, 0 %, 0 %, 0 MiB, 143771 MiB
2026/08/05 22:14:40.100, NVIDIA H200, 21, 0 %, 0 %, 0 MiB, 143771 MiB
2026/08/05 22:14:43.101, NVIDIA H200, 21, 0 %, 0 %, 0 MiB, 143771 MiB
2026/08/05 22:14:46.102, NVIDIA H200, 21, 0 %, 0 %, 0 MiB, 143771 MiB
2026/08/05 22:14:49.102, NVIDIA H200, 21, 0 %, 0 %, 0 MiB, 143771 MiB
2026/08/05 22:14:52.103, NVIDIA H200, 21, 0 %, 0 %, 0 MiB, 143771 MiB
2026/08/05 22:14:55.103, NVIDIA H200, 21, 0 %, 0 %, 0 MiB, 143771 MiB
2026/08/05 22:14:58.104, NVIDIA H200, 21, 0 %, 0 %, 0 MiB, 143771 MiB
2026/08/05 22:15:01.104, NVIDIA H200, 21, 0 %, 0 %, 0 MiB, 143771 MiB
2026/08/05 22:15:04.105, NVIDIA H200, 21, 0 %, 0 %, 0 MiB, 143771 MiB
2026/08/05 22:15:07.105, NVIDIA H200, 21, 0 %, 0 %, 0 MiB, 143771 MiB
2026/08/05 22:15:10.106, NVIDIA H200, 21, 0 %, 0 %, 0 MiB, 143771 MiB
2026/08/05 22:15:13.106, NVIDIA H200, 21, 0 %, 0 %, 0 MiB, 143771 MiB
2026/08/05 22:15:16.107, NVIDIA H200, 21, 0 %, 0 %, 0 MiB, 143771 MiB
2026/08/05 22:15:19.107, NVIDIA H200, 21, 0 %, 0 %, 0 MiB, 143771 MiB
2026/08/05 22:15:22.108, NVIDIA H200, 20, 0 %, 0 %, 0 MiB, 143771 MiB
2026/08/05 22:15:25.109, NVIDIA H200, 20, 0 %, 0 %, 0 MiB, 143771 MiB
2026/08/05 22:15:28.109, NVIDIA H200, 20, 0 %, 0 %, 0 MiB, 143771 MiB
2026/08/05 22:15:31.109, NVIDIA H200, 20, 0 %, 0 %, 0 MiB, 143771 MiB
2026/08/05 22:15:34.110, NVIDIA H200, 20, 0 %, 0 %, 4 MiB, 143771 MiB
2026/08/05 22:15:37.110, NVIDIA H200, 22, 0 %, 0 %, 529 MiB, 143771 MiB
2026/08/05 22:15:40.111, NVIDIA H200, 22, 0 %, 0 %, 529 MiB, 143771 MiB
2026/08/05 22:15:43.111, NVIDIA H200, 22, 0 %, 0 %, 529 MiB, 143771 MiB
2026/08/05 22:15:46.112, NVIDIA H200, 22, 0 %, 0 %, 529 MiB, 143771 MiB
2026/08/05 22:15:49.113, NVIDIA H200, 22, 0 %, 0 %, 529 MiB, 143771 MiB
2026/08/05 22:15:52.113, NVIDIA H200, 22, 0 %, 0 %, 529 MiB, 143771 MiB
2026/08/05 22:15:55.114, NVIDIA H200, 22, 0 %, 0 %, 529 MiB, 143771 MiB
2026/08/05 22:15:58.114, NVIDIA H200, 22, 0 %, 0 %, 529 MiB, 143771 MiB
2026/08/05 22:16:01.115, NVIDIA H200, 22, 0 %, 0 %, 529 MiB, 143771 MiB
2026/08/05 22:16:04.115, NVIDIA H200, 22, 0 %, 0 %, 529 MiB, 143771 MiB
2026/08/05 22:16:07.116, NVIDIA H200, 22, 0 %, 0 %, 529 MiB, 143771 MiB
2026/08/05 22:16:10.117, NVIDIA H200, 22, 0 %, 0 %, 529 MiB, 143771 MiB
2026/08/05 22:16:13.117, NVIDIA H200, 22, 0 %, 0 %, 529 MiB, 143771 MiB
2026/08/05 22:16:16.118, NVIDIA H200, 22, 0 %, 0 %, 529 MiB, 143771 MiB
2026/08/05 22:16:19.119, NVIDIA H200, 22, 0 %, 0 %, 529 MiB, 143771 MiB
2026/08/05 22:16:22.119, NVIDIA H200, 22, 0 %, 0 %, 529 MiB, 143771 MiB
2026/08/05 22:16:25.120, NVIDIA H200, 22, 0 %, 0 %, 529 MiB, 143771 MiB
2026/08/05 22:16:28.121, NVIDIA H200, 22, 0 %, 0 %, 529 MiB, 143771 MiB
2026/08/05 22:16:31.121, NVIDIA H200, 22, 0 %, 0 %, 529 MiB, 143771 MiB
2026/08/05 22:16:34.122, NVIDIA H200, 22, 0 %, 0 %, 529 MiB, 143771 MiB
2026/08/05 22:16:37.123, NVIDIA H200, 22, 0 %, 0 %, 529 MiB, 143771 MiB
2026/08/05 22:16:40.123, NVIDIA H200, 22, 0 %, 0 %, 529 MiB, 143771 MiB
2026/08/05 22:16:43.124, NVIDIA H200, 22, 0 %, 0 %, 529 MiB, 143771 MiB
2026/08/05 22:16:46.124, NVIDIA H200, 22, 0 %, 0 %, 529 MiB, 143771 MiB
2026/08/05 22:16:49.125, NVIDIA H200, 22, 0 %, 0 %, 529 MiB, 143771 MiB
2026/08/05 22:16:52.125, NVIDIA H200, 22, 0 %, 0 %, 529 MiB, 143771 MiB
2026/08/05 22:16:55.126, NVIDIA H200, 22, 0 %, 0 %, 529 MiB, 143771 MiB
2026/08/05 22:16:58.127, NVIDIA H200, 22, 0 %, 0 %, 529 MiB, 143771 MiB
2026/08/05 22:17:01.127, NVIDIA H200, 22, 0 %, 0 %, 529 MiB, 143771 MiB
2026/08/05 22:17:04.128, NVIDIA H200, 22, 0 %, 0 %, 529 MiB, 143771 MiB
2026/08/05 22:17:07.128, NVIDIA H200, 22, 0 %, 0 %, 529 MiB, 143771 MiB
2026/08/05 22:17:10.129, NVIDIA H200, 22, 0 %, 0 %, 529 MiB, 143771 MiB
2026/08/05 22:17:13.129, NVIDIA H200, 22, 0 %, 0 %, 529 MiB, 143771 MiB
2026/08/05 22:17:16.130, NVIDIA H200, 22, 0 %, 0 %, 529 MiB, 143771 MiB
2026/08/05 22:17:19.131, NVIDIA H200, 22, 0 %, 0 %, 529 MiB, 143771 MiB
2026/08/05 22:17:22.131, NVIDIA H200, 22, 0 %, 0 %, 529 MiB, 143771 MiB
2026/08/05 22:17:25.132, NVIDIA H200, 22, 0 %, 0 %, 529 MiB, 143771 MiB
2026/08/05 22:17:28.132, NVIDIA H200, 22, 0 %, 0 %, 529 MiB, 143771 MiB
2026/08/05 22:17:31.133, NVIDIA H200, 22, 0 %, 0 %, 529 MiB, 143771 MiB
2026/08/05 22:17:34.134, NVIDIA H200, 22, 0 %, 0 %, 529 MiB, 143771 MiB
2026/08/05 22:17:37.134, NVIDIA H200, 22, 0 %, 0 %, 529 MiB, 143771 MiB
2026/08/05 22:17:40.135, NVIDIA H200, 22, 0 %, 0 %, 529 MiB, 143771 MiB
2026/08/05 22:17:43.135, NVIDIA H200, 22, 0 %, 0 %, 529 MiB, 143771 MiB
2026/08/05 22:17:46.136, NVIDIA H200, 22, 0 %, 0 %, 529 MiB, 143771 MiB
2026/08/05 22:17:49.136, NVIDIA H200, 22, 0 %, 0 %, 529 MiB, 143771 MiB
2026/08/05 22:17:52.137, NVIDIA H200, 22, 0 %, 0 %, 529 MiB, 143771 MiB
2026/08/05 22:17:55.138, NVIDIA H200, 22, 0 %, 0 %, 529 MiB, 143771 MiB
2026/08/05 22:17:58.138, NVIDIA H200, 22, 0 %, 0 %, 529 MiB, 143771 MiB
2026/08/05 22:18:01.139, NVIDIA H200, 22, 0 %, 0 %, 529 MiB, 143771 MiB
2026/08/05 22:18:04.139, NVIDIA H200, 22, 0 %, 0 %, 529 MiB, 143771 MiB
2026/08/05 22:18:07.140, NVIDIA H200, 22, 0 %, 0 %, 529 MiB, 143771 MiB
2026/08/05 22:18:10.141, NVIDIA H200, 22, 0 %, 0 %, 529 MiB, 143771 MiB
2026/08/05 22:18:13.141, NVIDIA H200, 22, 0 %, 0 %, 529 MiB, 143771 MiB
2026/08/05 22:18:16.142, NVIDIA H200, 22, 0 %, 0 %, 529 MiB, 143771 MiB
2026/08/05 22:18:19.143, NVIDIA H200, 22, 0 %, 0 %, 529 MiB, 143771 MiB
2026/08/05 22:18:22.143, NVIDIA H200, 22, 0 %, 0 %, 529 MiB, 143771 MiB
2026/08/05 22:18:25.144, NVIDIA H200, 22, 0 %, 0 %, 529 MiB, 143771 MiB
2026/08/05 22:18:28.144, NVIDIA H200, 22, 0 %, 0 %, 529 MiB, 143771 MiB
2026/08/05 22:18:31.145, NVIDIA H200, 22, 0 %, 0 %, 529 MiB, 143771 MiB
2026/08/05 22:18:34.145, NVIDIA H200, 22, 0 %, 0 %, 529 MiB, 143771 MiB
2026/08/05 22:18:37.146, NVIDIA H200, 22, 0 %, 0 %, 529 MiB, 143771 MiB
2026/08/05 22:18:40.147, NVIDIA H200, 22, 0 %, 0 %, 529 MiB, 143771 MiB
2026/08/05 22:18:43.147, NVIDIA H200, 22, 0 %, 0 %, 529 MiB, 143771 MiB
2026/08/05 22:18:46.148, NVIDIA H200, 22, 0 %, 0 %, 529 MiB, 143771 MiB
2026/08/05 22:18:49.148, NVIDIA H200, 22, 0 %, 0 %, 529 MiB, 143771 MiB
2026/08/05 22:18:52.149, NVIDIA H200, 22, 0 %, 0 %, 529 MiB, 143771 MiB
2026/08/05 22:18:55.149, NVIDIA H200, 22, 0 %, 0 %, 529 MiB, 143771 MiB
2026/08/05 22:18:58.150, NVIDIA H200, 22, 0 %, 0 %, 529 MiB, 143771 MiB
2026/08/05 22:19:01.151, NVIDIA H200, 22, 0 %, 0 %, 529 MiB, 143771 MiB
2026/08/05 22:19:04.151, NVIDIA H200, 22, 0 %, 0 %, 529 MiB, 143771 MiB
2026/08/05 22:19:07.152, NVIDIA H200, 22, 0 %, 0 %, 529 MiB, 143771 MiB
2026/08/05 22:19:10.152, NVIDIA H200, 22, 0 %, 0 %, 529 MiB, 143771 MiB
2026/08/05 22:19:13.153, NVIDIA H200, 22, 0 %, 0 %, 529 MiB, 143771 MiB
2026/08/05 22:19:16.153, NVIDIA H200, 22, 0 %, 0 %, 529 MiB, 143771 MiB
2026/08/05 22:19:19.154, NVIDIA H200, 22, 0 %, 0 %, 529 MiB, 143771 MiB
2026/08/05 22:19:22.155, NVIDIA H200, 22, 0 %, 0 %, 529 MiB, 143771 MiB
2026/08/05 22:19:25.156, NVIDIA H200, 22, 0 %, 0 %, 529 MiB, 143771 MiB
2026/08/05 22:19:28.156, NVIDIA H200, 22, 0 %, 0 %, 529 MiB, 143771 MiB
2026/08/05 22:19:31.157, NVIDIA H200, 22, 0 %, 0 %, 529 MiB, 143771 MiB
2026/08/05 22:19:34.157, NVIDIA H200, 22, 0 %, 0 %, 529 MiB, 143771 MiB
2026/08/05 22:19:37.158, NVIDIA H200, 22, 0 %, 0 %, 529 MiB, 143771 MiB
2026/08/05 22:19:40.159, NVIDIA H200, 22, 0 %, 0 %, 529 MiB, 143771 MiB
2026/08/05 22:19:43.161, NVIDIA H200, 22, 0 %, 0 %, 529 MiB, 143771 MiB
2026/08/05 22:19:46.162, NVIDIA H200, 22, 0 %, 0 %, 529 MiB, 143771 MiB
2026/08/05 22:19:49.162, NVIDIA H200, 22, 0 %, 0 %, 529 MiB, 143771 MiB
2026/08/05 22:19:52.163, NVIDIA H200, 22, 0 %, 0 %, 529 MiB, 143771 MiB
2026/08/05 22:19:55.163, NVIDIA H200, 22, 0 %, 0 %, 529 MiB, 143771 MiB
2026/08/05 22:19:58.164, NVIDIA H200, 22, 0 %, 0 %, 529 MiB, 143771 MiB
2026/08/05 22:20:01.165, NVIDIA H200, 22, 0 %, 0 %, 529 MiB, 143771 MiB
2026/08/05 22:20:04.165, NVIDIA H200, 22, 0 %, 0 %, 529 MiB, 143771 MiB
2026/08/05 22:20:07.166, NVIDIA H200, 22, 0 %, 0 %, 529 MiB, 143771 MiB
2026/08/05 22:20:10.167, NVIDIA H200, 22, 0 %, 0 %, 529 MiB, 143771 MiB
2026/08/05 22:20:13.167, NVIDIA H200, 22, 0 %, 0 %, 529 MiB, 143771 MiB
2026/08/05 22:20:16.168, NVIDIA H200, 22, 0 %, 0 %, 529 MiB, 143771 MiB
2026/08/05 22:20:19.168, NVIDIA H200, 22, 0 %, 0 %, 529 MiB, 143771 MiB
2026/08/05 22:20:22.169, NVIDIA H200, 22, 0 %, 0 %, 529 MiB, 143771 MiB
2026/08/05 22:20:25.170, NVIDIA H200, 22, 0 %, 0 %, 529 MiB, 143771 MiB
2026/08/05 22:20:28.170, NVIDIA H200, 22, 0 %, 0 %, 529 MiB, 143771 MiB
2026/08/05 22:20:31.171, NVIDIA H200, 22, 0 %, 0 %, 529 MiB, 143771 MiB
2026/08/05 22:20:34.171, NVIDIA H200, 22, 0 %, 0 %, 529 MiB, 143771 MiB
2026/08/05 22:20:37.172, NVIDIA H200, 22, 0 %, 0 %, 529 MiB, 143771 MiB
2026/08/05 22:20:40.172, NVIDIA H200, 22, 0 %, 0 %, 529 MiB, 143771 MiB
2026/08/05 22:20:43.173, NVIDIA H200, 22, 0 %, 0 %, 529 MiB, 143771 MiB
2026/08/05 22:20:46.173, NVIDIA H200, 22, 0 %, 0 %, 529 MiB, 143771 MiB
2026/08/05 22:20:49.174, NVIDIA H200, 22, 0 %, 0 %, 529 MiB, 143771 MiB
2026/08/05 22:20:52.175, NVIDIA H200, 22, 0 %, 0 %, 529 MiB, 143771 MiB
2026/08/05 22:20:55.175, NVIDIA H200, 22, 0 %, 0 %, 529 MiB, 143771 MiB
2026/08/05 22:20:58.176, NVIDIA H200, 22, 0 %, 0 %, 529 MiB, 143771 MiB
2026/08/05 22:21:01.176, NVIDIA H200, 22, 0 %, 0 %, 529 MiB, 143771 MiB
2026/08/05 22:21:04.177, NVIDIA H200, 22, 0 %, 0 %, 529 MiB, 143771 MiB
2026/08/05 22:21:07.178, NVIDIA H200, 22, 0 %, 0 %, 529 MiB, 143771 MiB
2026/08/05 22:21:10.178, NVIDIA H200, 22, 0 %, 0 %, 529 MiB, 143771 MiB
2026/08/05 22:21:13.179, NVIDIA H200, 22, 0 %, 0 %, 529 MiB, 143771 MiB
2026/08/05 22:21:16.180, NVIDIA H200, 22, 0 %, 0 %, 529 MiB, 143771 MiB
2026/08/05 22:21:19.180, NVIDIA H200, 22, 0 %, 0 %, 529 MiB, 143771 MiB
2026/08/05 22:21:22.181, NVIDIA H200, 22, 0 %, 0 %, 529 MiB, 143771 MiB
2026/08/05 22:21:25.182, NVIDIA H200, 22, 0 %, 0 %, 529 MiB, 143771 MiB
2026/08/05 22:21:28.182, NVIDIA H200, 22, 0 %, 0 %, 529 MiB, 143771 MiB
2026/08/05 22:21:31.183, NVIDIA H200, 22, 0 %, 0 %, 529 MiB, 143771 MiB
2026/08/05 22:21:34.184, NVIDIA H200, 22, 0 %, 0 %, 529 MiB, 143771 MiB
2026/08/05 22:21:37.184, NVIDIA H200, 22, 3 %, 0 %, 697 MiB, 143771 MiB
2026/08/05 22:21:40.185, NVIDIA H200, 22, 0 %, 0 %, 783 MiB, 143771 MiB
2026/08/05 22:21:43.185, NVIDIA H200, 22, 0 %, 0 %, 783 MiB, 143771 MiB
2026/08/05 22:21:46.186, NVIDIA H200, 22, 0 %, 0 %, 787 MiB, 143771 MiB
2026/08/05 22:21:49.186, NVIDIA H200, 22, 21 %, 0 %, 23241 MiB, 143771 MiB
2026/08/05 22:21:52.187, NVIDIA H200, 37, 0 %, 0 %, 15773 MiB, 143771 MiB
2026/08/05 22:21:55.188, NVIDIA H200, 24, 0 %, 0 %, 22567 MiB, 143771 MiB
2026/08/05 22:21:58.188, NVIDIA H200, 25, 0 %, 0 %, 48321 MiB, 143771 MiB
2026/08/05 22:22:01.189, NVIDIA H200, 24, 0 %, 0 %, 54629 MiB, 143771 MiB
2026/08/05 22:22:04.189, NVIDIA H200, 23, 0 %, 0 %, 54635 MiB, 143771 MiB
2026/08/05 22:22:07.190, NVIDIA H200, 37, 100 %, 11 %, 63055 MiB, 143771 MiB
2026/08/05 22:22:10.190, NVIDIA H200, 27, 100 %, 1 %, 69367 MiB, 143771 MiB
2026/08/05 22:22:13.191, NVIDIA H200, 36, 100 %, 7 %, 65173 MiB, 143771 MiB
2026/08/05 22:22:16.192, NVIDIA H200, 37, 100 %, 5 %, 45207 MiB, 143771 MiB
2026/08/05 22:22:19.192, NVIDIA H200, 32, 100 %, 8 %, 38397 MiB, 143771 MiB
2026/08/05 22:22:22.193, NVIDIA H200, 36, 100 %, 9 %, 30815 MiB, 143771 MiB
2026/08/05 22:22:25.193, NVIDIA H200, 33, 100 %, 3 %, 31331 MiB, 143771 MiB
2026/08/05 22:22:28.194, NVIDIA H200, 26, 97 %, 0 %, 20833 MiB, 143771 MiB
2026/08/05 22:22:31.194, NVIDIA H200, 45, 98 %, 45 %, 74589 MiB, 143771 MiB
2026/08/05 22:22:34.195, NVIDIA H200, 45, 98 %, 46 %, 74589 MiB, 143771 MiB
2026/08/05 22:22:37.195, NVIDIA H200, 45, 99 %, 30 %, 74589 MiB, 143771 MiB
2026/08/05 22:22:40.196, NVIDIA H200, 45, 98 %, 50 %, 74589 MiB, 143771 MiB
2026/08/05 22:22:43.196, NVIDIA H200, 47, 100 %, 42 %, 74589 MiB, 143771 MiB
2026/08/05 22:22:46.197, NVIDIA H200, 46, 97 %, 49 %, 74589 MiB, 143771 MiB
2026/08/05 22:22:49.197, NVIDIA H200, 45, 100 %, 39 %, 74589 MiB, 143771 MiB
2026/08/05 22:22:52.198, NVIDIA H200, 43, 98 %, 47 %, 74589 MiB, 143771 MiB
2026/08/05 22:22:55.198, NVIDIA H200, 46, 100 %, 43 %, 74589 MiB, 143771 MiB
2026/08/05 22:22:58.199, NVIDIA H200, 48, 100 %, 40 %, 74589 MiB, 143771 MiB
2026/08/05 22:23:01.200, NVIDIA H200, 45, 100 %, 47 %, 74589 MiB, 143771 MiB
2026/08/05 22:23:04.201, NVIDIA H200, 39, 100 %, 44 %, 74589 MiB, 143771 MiB
2026/08/05 22:23:07.201, NVIDIA H200, 41, 0 %, 0 %, 74589 MiB, 143771 MiB
2026/08/05 22:23:10.202, NVIDIA H200, 45, 96 %, 40 %, 74589 MiB, 143771 MiB
2026/08/05 22:23:13.202, NVIDIA H200, 44, 100 %, 43 %, 74589 MiB, 143771 MiB
2026/08/05 22:23:16.203, NVIDIA H200, 43, 100 %, 44 %, 74589 MiB, 143771 MiB
2026/08/05 22:23:19.204, NVIDIA H200, 48, 100 %, 30 %, 74589 MiB, 143771 MiB
2026/08/05 22:23:22.204, NVIDIA H200, 45, 97 %, 36 %, 74589 MiB, 143771 MiB
2026/08/05 22:23:25.205, NVIDIA H200, 47, 100 %, 39 %, 74589 MiB, 143771 MiB
2026/08/05 22:23:28.205, NVIDIA H200, 45, 51 %, 20 %, 74589 MiB, 143771 MiB
2026/08/05 22:23:31.206, NVIDIA H200, 48, 100 %, 34 %, 74589 MiB, 143771 MiB
2026/08/05 22:23:34.206, NVIDIA H200, 35, 98 %, 46 %, 74589 MiB, 143771 MiB
2026/08/05 22:23:37.207, NVIDIA H200, 45, 100 %, 47 %, 74589 MiB, 143771 MiB
2026/08/05 22:23:40.207, NVIDIA H200, 48, 100 %, 30 %, 74589 MiB, 143771 MiB
2026/08/05 22:23:43.208, NVIDIA H200, 35, 100 %, 45 %, 74589 MiB, 143771 MiB
2026/08/05 22:23:46.208, NVIDIA H200, 45, 100 %, 46 %, 74589 MiB, 143771 MiB
2026/08/05 22:23:49.208, NVIDIA H200, 46, 100 %, 41 %, 74589 MiB, 143771 MiB
2026/08/05 22:23:52.209, NVIDIA H200, 46, 98 %, 50 %, 74589 MiB, 143771 MiB
2026/08/05 22:23:55.210, NVIDIA H200, 45, 99 %, 35 %, 74589 MiB, 143771 MiB
2026/08/05 22:23:58.210, NVIDIA H200, 45, 100 %, 21 %, 11025 MiB, 143771 MiB
2026/08/05 22:24:01.211, NVIDIA H200, 28, 0 %, 0 %, 38707 MiB, 143771 MiB
2026/08/05 22:24:04.211, NVIDIA H200, 37, 100 %, 6 %, 42915 MiB, 143771 MiB
2026/08/05 22:24:07.212, NVIDIA H200, 38, 100 %, 11 %, 44333 MiB, 143771 MiB
2026/08/05 22:24:10.212, NVIDIA H200, 31, 100 %, 4 %, 31707 MiB, 143771 MiB
2026/08/05 22:24:13.213, NVIDIA H200, 30, 26 %, 13 %, 22957 MiB, 143771 MiB
2026/08/05 22:24:16.213, NVIDIA H200, 28, 38 %, 5 %, 21021 MiB, 143771 MiB
2026/08/05 22:24:19.214, NVIDIA H200, 30, 100 %, 1 %, 22241 MiB, 143771 MiB
2026/08/05 22:24:22.214, NVIDIA H200, 24, 0 %, 0 %, 16639 MiB, 143771 MiB
2026/08/05 22:24:25.215, NVIDIA H200, 24, 0 %, 0 %, 27143 MiB, 143771 MiB
2026/08/05 22:24:28.216, NVIDIA H200, 39, 98 %, 43 %, 33445 MiB, 143771 MiB
2026/08/05 22:24:31.216, NVIDIA H200, 36, 38 %, 10 %, 8711 MiB, 143771 MiB
2026/08/05 22:24:34.217, NVIDIA H200, 25, 0 %, 0 %, 11051 MiB, 143771 MiB
2026/08/05 22:24:37.217, NVIDIA H200, 24, 0 %, 0 %, 11051 MiB, 143771 MiB
2026/08/05 22:24:40.218, NVIDIA H200, 46, 100 %, 41 %, 74337 MiB, 143771 MiB
2026/08/05 22:24:43.219, NVIDIA H200, 34, 79 %, 37 %, 74337 MiB, 143771 MiB
2026/08/05 22:24:46.219, NVIDIA H200, 44, 56 %, 16 %, 74337 MiB, 143771 MiB
2026/08/05 22:24:49.220, NVIDIA H200, 45, 100 %, 52 %, 74337 MiB, 143771 MiB
2026/08/05 22:24:52.220, NVIDIA H200, 45, 99 %, 46 %, 74337 MiB, 143771 MiB
2026/08/05 22:24:55.221, NVIDIA H200, 42, 100 %, 45 %, 74337 MiB, 143771 MiB
2026/08/05 22:24:58.222, NVIDIA H200, 36, 0 %, 0 %, 74337 MiB, 143771 MiB
2026/08/05 22:25:01.222, NVIDIA H200, 46, 97 %, 53 %, 74337 MiB, 143771 MiB
2026/08/05 22:25:04.223, NVIDIA H200, 46, 100 %, 41 %, 74337 MiB, 143771 MiB
2026/08/05 22:25:07.224, NVIDIA H200, 46, 100 %, 39 %, 74337 MiB, 143771 MiB
2026/08/05 22:25:10.224, NVIDIA H200, 48, 100 %, 45 %, 74337 MiB, 143771 MiB
2026/08/05 22:25:13.225, NVIDIA H200, 47, 99 %, 47 %, 74337 MiB, 143771 MiB
2026/08/05 22:25:16.226, NVIDIA H200, 49, 100 %, 50 %, 74337 MiB, 143771 MiB
2026/08/05 22:25:19.226, NVIDIA H200, 46, 100 %, 53 %, 74337 MiB, 143771 MiB
2026/08/05 22:25:22.227, NVIDIA H200, 46, 98 %, 54 %, 74337 MiB, 143771 MiB
2026/08/05 22:25:25.227, NVIDIA H200, 50, 100 %, 44 %, 74337 MiB, 143771 MiB
2026/08/05 22:25:28.228, NVIDIA H200, 39, 76 %, 36 %, 74337 MiB, 143771 MiB
2026/08/05 22:25:31.229, NVIDIA H200, 41, 16 %, 9 %, 74337 MiB, 143771 MiB
2026/08/05 22:25:34.229, NVIDIA H200, 48, 100 %, 41 %, 74337 MiB, 143771 MiB
2026/08/05 22:25:37.230, NVIDIA H200, 47, 99 %, 33 %, 74337 MiB, 143771 MiB
2026/08/05 22:25:40.230, NVIDIA H200, 45, 98 %, 49 %, 74337 MiB, 143771 MiB
2026/08/05 22:25:43.231, NVIDIA H200, 49, 100 %, 49 %, 74337 MiB, 143771 MiB
2026/08/05 22:25:46.231, NVIDIA H200, 38, 2 %, 0 %, 74337 MiB, 143771 MiB
2026/08/05 22:25:49.232, NVIDIA H200, 44, 100 %, 50 %, 74337 MiB, 143771 MiB
2026/08/05 22:25:52.233, NVIDIA H200, 48, 100 %, 39 %, 74337 MiB, 143771 MiB
2026/08/05 22:25:55.233, NVIDIA H200, 45, 96 %, 52 %, 74337 MiB, 143771 MiB
2026/08/05 22:25:58.234, NVIDIA H200, 46, 100 %, 43 %, 74337 MiB, 143771 MiB
2026/08/05 22:26:01.234, NVIDIA H200, 49, 97 %, 38 %, 74337 MiB, 143771 MiB
2026/08/05 22:26:04.235, NVIDIA H200, 47, 100 %, 40 %, 74337 MiB, 143771 MiB
2026/08/05 22:26:07.235, NVIDIA H200, 45, 100 %, 49 %, 74337 MiB, 143771 MiB
2026/08/05 22:26:10.236, NVIDIA H200, 26, 0 %, 0 %, 74337 MiB, 143771 MiB
2026/08/05 22:26:13.237, NVIDIA H200, 25, 0 %, 0 %, 74337 MiB, 143771 MiB
2026/08/05 22:26:16.237, NVIDIA H200, 36, 100 %, 50 %, 74337 MiB, 143771 MiB
2026/08/05 22:26:19.238, NVIDIA H200, 25, 0 %, 0 %, 74337 MiB, 143771 MiB
2026/08/05 22:26:22.238, NVIDIA H200, 27, 0 %, 0 %, 74337 MiB, 143771 MiB
2026/08/05 22:26:25.239, NVIDIA H200, 25, 0 %, 0 %, 74337 MiB, 143771 MiB
2026/08/05 22:26:28.240, NVIDIA H200, 30, 0 %, 0 %, 74337 MiB, 143771 MiB
2026/08/05 22:26:31.240, NVIDIA H200, 24, 0 %, 0 %, 74337 MiB, 143771 MiB
2026/08/05 22:26:34.241, NVIDIA H200, 37, 24 %, 0 %, 74337 MiB, 143771 MiB
2026/08/05 22:26:37.242, NVIDIA H200, 42, 100 %, 55 %, 74337 MiB, 143771 MiB
2026/08/05 22:26:40.242, NVIDIA H200, 47, 100 %, 46 %, 74337 MiB, 143771 MiB
2026/08/05 22:26:43.243, NVIDIA H200, 43, 62 %, 16 %, 74337 MiB, 143771 MiB
2026/08/05 22:26:46.243, NVIDIA H200, 46, 100 %, 40 %, 74337 MiB, 143771 MiB
2026/08/05 22:26:49.244, NVIDIA H200, 46, 98 %, 50 %, 74337 MiB, 143771 MiB
2026/08/05 22:26:52.245, NVIDIA H200, 48, 98 %, 31 %, 74337 MiB, 143771 MiB
2026/08/05 22:26:55.245, NVIDIA H200, 46, 100 %, 40 %, 74337 MiB, 143771 MiB
2026/08/05 22:26:58.246, NVIDIA H200, 49, 100 %, 36 %, 74337 MiB, 143771 MiB
2026/08/05 22:27:01.246, NVIDIA H200, 45, 100 %, 44 %, 74337 MiB, 143771 MiB
2026/08/05 22:27:04.247, NVIDIA H200, 46, 100 %, 40 %, 74337 MiB, 143771 MiB
2026/08/05 22:27:07.247, NVIDIA H200, 47, 97 %, 49 %, 74337 MiB, 143771 MiB
2026/08/05 22:27:10.248, NVIDIA H200, 45, 96 %, 36 %, 74337 MiB, 143771 MiB
2026/08/05 22:27:13.248, NVIDIA H200, 44, 100 %, 44 %, 74337 MiB, 143771 MiB
2026/08/05 22:27:16.249, NVIDIA H200, 48, 100 %, 31 %, 74337 MiB, 143771 MiB
2026/08/05 22:27:19.250, NVIDIA H200, 45, 98 %, 33 %, 74337 MiB, 143771 MiB
2026/08/05 22:27:22.250, NVIDIA H200, 42, 100 %, 42 %, 74337 MiB, 143771 MiB
2026/08/05 22:27:25.251, NVIDIA H200, 50, 100 %, 33 %, 74337 MiB, 143771 MiB
2026/08/05 22:27:28.251, NVIDIA H200, 46, 100 %, 50 %, 74337 MiB, 143771 MiB
2026/08/05 22:27:31.252, NVIDIA H200, 49, 100 %, 42 %, 74337 MiB, 143771 MiB
2026/08/05 22:27:34.252, NVIDIA H200, 48, 100 %, 40 %, 74337 MiB, 143771 MiB
2026/08/05 22:27:37.253, NVIDIA H200, 48, 98 %, 52 %, 74337 MiB, 143771 MiB
2026/08/05 22:27:40.254, NVIDIA H200, 47, 98 %, 37 %, 74337 MiB, 143771 MiB
2026/08/05 22:27:43.255, NVIDIA H200, 47, 100 %, 41 %, 74337 MiB, 143771 MiB
2026/08/05 22:27:46.255, NVIDIA H200, 45, 100 %, 55 %, 74337 MiB, 143771 MiB
2026/08/05 22:27:49.256, NVIDIA H200, 46, 100 %, 45 %, 74337 MiB, 143771 MiB
2026/08/05 22:27:52.257, NVIDIA H200, 47, 94 %, 49 %, 74337 MiB, 143771 MiB
2026/08/05 22:27:55.257, NVIDIA H200, 46, 98 %, 40 %, 74337 MiB, 143771 MiB
2026/08/05 22:27:58.258, NVIDIA H200, 26, 0 %, 0 %, 74337 MiB, 143771 MiB
2026/08/05 22:28:01.258, NVIDIA H200, 24, 0 %, 0 %, 74337 MiB, 143771 MiB
2026/08/05 22:28:04.259, NVIDIA H200, 31, 100 %, 51 %, 74337 MiB, 143771 MiB
2026/08/05 22:28:07.259, NVIDIA H200, 25, 0 %, 0 %, 74337 MiB, 143771 MiB
2026/08/05 22:28:10.260, NVIDIA H200, 26, 0 %, 0 %, 74337 MiB, 143771 MiB
2026/08/05 22:28:13.261, NVIDIA H200, 24, 0 %, 0 %, 74337 MiB, 143771 MiB
2026/08/05 22:28:16.261, NVIDIA H200, 34, 100 %, 37 %, 74337 MiB, 143771 MiB
2026/08/05 22:28:19.262, NVIDIA H200, 41, 100 %, 41 %, 74337 MiB, 143771 MiB
2026/08/05 22:28:22.263, NVIDIA H200, 44, 99 %, 33 %, 74337 MiB, 143771 MiB
2026/08/05 22:28:25.264, NVIDIA H200, 42, 100 %, 43 %, 74337 MiB, 143771 MiB
2026/08/05 22:28:28.264, NVIDIA H200, 47, 100 %, 46 %, 74337 MiB, 143771 MiB
2026/08/05 22:28:31.265, NVIDIA H200, 47, 100 %, 39 %, 74337 MiB, 143771 MiB
2026/08/05 22:28:34.265, NVIDIA H200, 46, 96 %, 53 %, 74337 MiB, 143771 MiB
2026/08/05 22:28:37.266, NVIDIA H200, 45, 98 %, 48 %, 74337 MiB, 143771 MiB
2026/08/05 22:28:40.266, NVIDIA H200, 46, 100 %, 46 %, 74337 MiB, 143771 MiB
2026/08/05 22:28:43.267, NVIDIA H200, 47, 98 %, 34 %, 74337 MiB, 143771 MiB
2026/08/05 22:28:46.267, NVIDIA H200, 37, 5 %, 4 %, 74337 MiB, 143771 MiB
2026/08/05 22:28:49.268, NVIDIA H200, 44, 97 %, 46 %, 74337 MiB, 143771 MiB
2026/08/05 22:28:52.269, NVIDIA H200, 46, 100 %, 43 %, 74337 MiB, 143771 MiB
2026/08/05 22:28:55.269, NVIDIA H200, 41, 97 %, 42 %, 74337 MiB, 143771 MiB
2026/08/05 22:28:58.270, NVIDIA H200, 44, 100 %, 51 %, 74337 MiB, 143771 MiB
2026/08/05 22:29:01.271, NVIDIA H200, 33, 0 %, 0 %, 74337 MiB, 143771 MiB
2026/08/05 22:29:04.271, NVIDIA H200, 45, 100 %, 49 %, 74337 MiB, 143771 MiB
2026/08/05 22:29:07.272, NVIDIA H200, 42, 100 %, 31 %, 74337 MiB, 143771 MiB
2026/08/05 22:29:10.272, NVIDIA H200, 44, 100 %, 40 %, 74337 MiB, 143771 MiB
2026/08/05 22:29:13.273, NVIDIA H200, 45, 100 %, 37 %, 74337 MiB, 143771 MiB
2026/08/05 22:29:16.273, NVIDIA H200, 44, 100 %, 38 %, 74337 MiB, 143771 MiB
2026/08/05 22:29:19.274, NVIDIA H200, 46, 100 %, 53 %, 74337 MiB, 143771 MiB
2026/08/05 22:29:22.274, NVIDIA H200, 36, 57 %, 30 %, 74337 MiB, 143771 MiB
2026/08/05 22:29:25.275, NVIDIA H200, 36, 100 %, 38 %, 74337 MiB, 143771 MiB
2026/08/05 22:29:28.276, NVIDIA H200, 49, 100 %, 42 %, 74337 MiB, 143771 MiB
2026/08/05 22:29:31.276, NVIDIA H200, 46, 100 %, 55 %, 74337 MiB, 143771 MiB
2026/08/05 22:29:34.280, NVIDIA H200, 46, 100 %, 44 %, 74337 MiB, 143771 MiB
2026/08/05 22:29:37.280, NVIDIA H200, 46, 79 %, 42 %, 74337 MiB, 143771 MiB
2026/08/05 22:29:40.281, NVIDIA H200, 36, 90 %, 47 %, 74337 MiB, 143771 MiB
2026/08/05 22:29:43.282, NVIDIA H200, 43, 98 %, 34 %, 74337 MiB, 143771 MiB
2026/08/05 22:29:46.282, NVIDIA H200, 49, 100 %, 41 %, 74337 MiB, 143771 MiB
2026/08/05 22:29:49.283, NVIDIA H200, 25, 0 %, 0 %, 74337 MiB, 143771 MiB
2026/08/05 22:29:52.283, NVIDIA H200, 24, 0 %, 0 %, 74337 MiB, 143771 MiB
2026/08/05 22:29:55.284, NVIDIA H200, 31, 66 %, 25 %, 74337 MiB, 143771 MiB
2026/08/05 22:29:58.284, NVIDIA H200, 34, 100 %, 55 %, 74337 MiB, 143771 MiB
2026/08/05 22:30:01.285, NVIDIA H200, 25, 0 %, 0 %, 74337 MiB, 143771 MiB
2026/08/05 22:30:04.286, NVIDIA H200, 23, 0 %, 0 %, 74337 MiB, 143771 MiB
2026/08/05 22:30:07.286, NVIDIA H200, 25, 100 %, 38 %, 74337 MiB, 143771 MiB
2026/08/05 22:30:10.287, NVIDIA H200, 47, 100 %, 43 %, 74337 MiB, 143771 MiB
2026/08/05 22:30:13.287, NVIDIA H200, 46, 98 %, 50 %, 74337 MiB, 143771 MiB
2026/08/05 22:30:16.288, NVIDIA H200, 47, 96 %, 32 %, 74337 MiB, 143771 MiB
2026/08/05 22:30:19.289, NVIDIA H200, 47, 100 %, 40 %, 74337 MiB, 143771 MiB
2026/08/05 22:30:22.290, NVIDIA H200, 45, 97 %, 48 %, 74337 MiB, 143771 MiB
2026/08/05 22:30:25.290, NVIDIA H200, 45, 98 %, 28 %, 74337 MiB, 143771 MiB
2026/08/05 22:30:28.291, NVIDIA H200, 48, 100 %, 43 %, 74337 MiB, 143771 MiB
2026/08/05 22:30:31.291, NVIDIA H200, 47, 100 %, 54 %, 74337 MiB, 143771 MiB
2026/08/05 22:30:34.292, NVIDIA H200, 48, 100 %, 42 %, 74337 MiB, 143771 MiB
2026/08/05 22:30:37.292, NVIDIA H200, 45, 98 %, 48 %, 74337 MiB, 143771 MiB
2026/08/05 22:30:40.293, NVIDIA H200, 46, 100 %, 42 %, 74337 MiB, 143771 MiB
2026/08/05 22:30:43.294, NVIDIA H200, 47, 100 %, 47 %, 74337 MiB, 143771 MiB
2026/08/05 22:30:46.294, NVIDIA H200, 48, 98 %, 39 %, 74337 MiB, 143771 MiB
2026/08/05 22:30:49.295, NVIDIA H200, 46, 100 %, 42 %, 74337 MiB, 143771 MiB
2026/08/05 22:30:52.296, NVIDIA H200, 41, 62 %, 32 %, 74337 MiB, 143771 MiB
2026/08/05 22:30:55.296, NVIDIA H200, 46, 100 %, 41 %, 74337 MiB, 143771 MiB
2026/08/05 22:30:58.297, NVIDIA H200, 46, 97 %, 34 %, 74337 MiB, 143771 MiB
2026/08/05 22:31:01.297, NVIDIA H200, 48, 100 %, 41 %, 74337 MiB, 143771 MiB
2026/08/05 22:31:04.300, NVIDIA H200, 47, 100 %, 56 %, 74337 MiB, 143771 MiB
2026/08/05 22:31:07.301, NVIDIA H200, 47, 100 %, 39 %, 74337 MiB, 143771 MiB
2026/08/05 22:31:10.301, NVIDIA H200, 44, 97 %, 53 %, 74337 MiB, 143771 MiB
2026/08/05 22:31:13.302, NVIDIA H200, 47, 100 %, 45 %, 74337 MiB, 143771 MiB
2026/08/05 22:31:16.303, NVIDIA H200, 44, 98 %, 54 %, 74337 MiB, 143771 MiB
2026/08/05 22:31:19.303, NVIDIA H200, 43, 100 %, 29 %, 74337 MiB, 143771 MiB
2026/08/05 22:31:22.304, NVIDIA H200, 48, 100 %, 40 %, 74337 MiB, 143771 MiB
2026/08/05 22:31:25.305, NVIDIA H200, 46, 100 %, 49 %, 74337 MiB, 143771 MiB
2026/08/05 22:31:28.305, NVIDIA H200, 48, 100 %, 47 %, 74337 MiB, 143771 MiB
2026/08/05 22:31:31.306, NVIDIA H200, 45, 98 %, 48 %, 74337 MiB, 143771 MiB
2026/08/05 22:31:34.306, NVIDIA H200, 28, 0 %, 0 %, 74337 MiB, 143771 MiB
2026/08/05 22:31:37.307, NVIDIA H200, 24, 0 %, 0 %, 74337 MiB, 143771 MiB
2026/08/05 22:31:40.308, NVIDIA H200, 24, 0 %, 0 %, 74337 MiB, 143771 MiB
2026/08/05 22:31:43.308, NVIDIA H200, 26, 0 %, 0 %, 74337 MiB, 143771 MiB
2026/08/05 22:31:46.309, NVIDIA H200, 26, 0 %, 0 %, 74337 MiB, 143771 MiB
2026/08/05 22:31:49.310, NVIDIA H200, 23, 0 %, 0 %, 74337 MiB, 143771 MiB
2026/08/05 22:31:52.310, NVIDIA H200, 23, 0 %, 0 %, 74337 MiB, 143771 MiB
2026/08/05 22:31:55.311, NVIDIA H200, 23, 0 %, 0 %, 74337 MiB, 143771 MiB
2026/08/05 22:31:58.312, NVIDIA H200, 23, 0 %, 0 %, 74337 MiB, 143771 MiB
2026/08/05 22:32:01.312, NVIDIA H200, 23, 0 %, 0 %, 74337 MiB, 143771 MiB
2026/08/05 22:32:04.313, NVIDIA H200, 43, 98 %, 31 %, 74337 MiB, 143771 MiB
2026/08/05 22:32:07.314, NVIDIA H200, 44, 100 %, 38 %, 74337 MiB, 143771 MiB
2026/08/05 22:32:10.314, NVIDIA H200, 48, 100 %, 46 %, 74337 MiB, 143771 MiB
2026/08/05 22:32:13.315, NVIDIA H200, 44, 97 %, 50 %, 74337 MiB, 143771 MiB
2026/08/05 22:32:16.315, NVIDIA H200, 45, 100 %, 42 %, 74337 MiB, 143771 MiB
2026/08/05 22:32:19.315, NVIDIA H200, 45, 100 %, 31 %, 74337 MiB, 143771 MiB
2026/08/05 22:32:22.316, NVIDIA H200, 48, 98 %, 39 %, 74337 MiB, 143771 MiB
2026/08/05 22:32:25.316, NVIDIA H200, 46, 100 %, 44 %, 74337 MiB, 143771 MiB
2026/08/05 22:32:28.317, NVIDIA H200, 45, 97 %, 35 %, 74337 MiB, 143771 MiB
2026/08/05 22:32:31.318, NVIDIA H200, 47, 100 %, 42 %, 74337 MiB, 143771 MiB
2026/08/05 22:32:34.318, NVIDIA H200, 44, 97 %, 26 %, 74337 MiB, 143771 MiB
2026/08/05 22:32:37.319, NVIDIA H200, 45, 100 %, 32 %, 74337 MiB, 143771 MiB
2026/08/05 22:32:40.319, NVIDIA H200, 46, 100 %, 49 %, 74337 MiB, 143771 MiB
2026/08/05 22:32:43.320, NVIDIA H200, 49, 100 %, 50 %, 74337 MiB, 143771 MiB
2026/08/05 22:32:46.320, NVIDIA H200, 45, 97 %, 57 %, 74337 MiB, 143771 MiB
2026/08/05 22:32:49.321, NVIDIA H200, 43, 100 %, 46 %, 74337 MiB, 143771 MiB
2026/08/05 22:32:52.321, NVIDIA H200, 45, 97 %, 48 %, 74337 MiB, 143771 MiB
2026/08/05 22:32:55.322, NVIDIA H200, 45, 100 %, 38 %, 74337 MiB, 143771 MiB
2026/08/05 22:32:58.322, NVIDIA H200, 46, 100 %, 43 %, 74337 MiB, 143771 MiB
2026/08/05 22:33:01.323, NVIDIA H200, 46, 97 %, 33 %, 74337 MiB, 143771 MiB
2026/08/05 22:33:04.323, NVIDIA H200, 36, 30 %, 15 %, 74337 MiB, 143771 MiB
2026/08/05 22:33:07.324, NVIDIA H200, 46, 98 %, 44 %, 74337 MiB, 143771 MiB
2026/08/05 22:33:10.324, NVIDIA H200, 41, 100 %, 45 %, 74337 MiB, 143771 MiB
2026/08/05 22:33:13.325, NVIDIA H200, 45, 84 %, 32 %, 74337 MiB, 143771 MiB
2026/08/05 22:33:16.325, NVIDIA H200, 46, 100 %, 40 %, 74337 MiB, 143771 MiB
2026/08/05 22:33:19.326, NVIDIA H200, 45, 100 %, 37 %, 74337 MiB, 143771 MiB
2026/08/05 22:33:22.326, NVIDIA H200, 46, 100 %, 47 %, 74337 MiB, 143771 MiB
2026/08/05 22:33:25.327, NVIDIA H200, 46, 100 %, 55 %, 74337 MiB, 143771 MiB
2026/08/05 22:33:28.327, NVIDIA H200, 47, 100 %, 43 %, 74337 MiB, 143771 MiB
2026/08/05 22:33:31.328, NVIDIA H200, 30, 0 %, 0 %, 74337 MiB, 143771 MiB
2026/08/05 22:33:34.329, NVIDIA H200, 24, 0 %, 0 %, 74337 MiB, 143771 MiB
2026/08/05 22:33:37.330, NVIDIA H200, 26, 0 %, 0 %, 74337 MiB, 143771 MiB
2026/08/05 22:33:40.330, NVIDIA H200, 26, 0 %, 0 %, 74337 MiB, 143771 MiB
2026/08/05 22:33:43.331, NVIDIA H200, 28, 0 %, 0 %, 74337 MiB, 143771 MiB
2026/08/05 22:33:46.331, NVIDIA H200, 24, 0 %, 0 %, 74337 MiB, 143771 MiB
2026/08/05 22:33:49.332, NVIDIA H200, 42, 57 %, 21 %, 74337 MiB, 143771 MiB
2026/08/05 22:33:52.332, NVIDIA H200, 35, 89 %, 42 %, 74337 MiB, 143771 MiB
2026/08/05 22:33:55.333, NVIDIA H200, 40, 100 %, 36 %, 74337 MiB, 143771 MiB
2026/08/05 22:33:58.334, NVIDIA H200, 49, 100 %, 45 %, 74337 MiB, 143771 MiB
2026/08/05 22:34:01.335, NVIDIA H200, 42, 100 %, 54 %, 74337 MiB, 143771 MiB
2026/08/05 22:34:04.335, NVIDIA H200, 45, 97 %, 52 %, 74337 MiB, 143771 MiB
2026/08/05 22:34:07.336, NVIDIA H200, 45, 98 %, 37 %, 74337 MiB, 143771 MiB
2026/08/05 22:34:10.336, NVIDIA H200, 45, 100 %, 40 %, 74337 MiB, 143771 MiB
2026/08/05 22:34:13.337, NVIDIA H200, 46, 97 %, 50 %, 74337 MiB, 143771 MiB
2026/08/05 22:34:16.337, NVIDIA H200, 46, 98 %, 52 %, 74337 MiB, 143771 MiB
2026/08/05 22:34:19.338, NVIDIA H200, 45, 100 %, 46 %, 74337 MiB, 143771 MiB
2026/08/05 22:34:22.338, NVIDIA H200, 44, 100 %, 46 %, 74337 MiB, 143771 MiB
2026/08/05 22:34:25.339, NVIDIA H200, 45, 97 %, 50 %, 74337 MiB, 143771 MiB
2026/08/05 22:34:28.340, NVIDIA H200, 45, 100 %, 45 %, 74337 MiB, 143771 MiB
2026/08/05 22:34:31.340, NVIDIA H200, 46, 63 %, 34 %, 74337 MiB, 143771 MiB
2026/08/05 22:34:34.343, NVIDIA H200, 33, 48 %, 9 %, 74337 MiB, 143771 MiB
2026/08/05 22:34:37.343, NVIDIA H200, 46, 100 %, 48 %, 74337 MiB, 143771 MiB
2026/08/05 22:34:40.344, NVIDIA H200, 47, 100 %, 46 %, 74337 MiB, 143771 MiB
2026/08/05 22:34:43.345, NVIDIA H200, 44, 100 %, 40 %, 74337 MiB, 143771 MiB
2026/08/05 22:34:46.345, NVIDIA H200, 44, 94 %, 48 %, 74337 MiB, 143771 MiB
2026/08/05 22:34:49.346, NVIDIA H200, 45, 100 %, 50 %, 74337 MiB, 143771 MiB
2026/08/05 22:34:52.346, NVIDIA H200, 47, 100 %, 50 %, 74337 MiB, 143771 MiB
2026/08/05 22:34:55.347, NVIDIA H200, 44, 100 %, 39 %, 74337 MiB, 143771 MiB
2026/08/05 22:34:58.348, NVIDIA H200, 42, 100 %, 41 %, 74337 MiB, 143771 MiB
2026/08/05 22:35:01.348, NVIDIA H200, 44, 94 %, 45 %, 74337 MiB, 143771 MiB
2026/08/05 22:35:04.349, NVIDIA H200, 45, 100 %, 41 %, 74337 MiB, 143771 MiB
2026/08/05 22:35:07.350, NVIDIA H200, 45, 100 %, 39 %, 74337 MiB, 143771 MiB
2026/08/05 22:35:10.350, NVIDIA H200, 47, 100 %, 50 %, 74337 MiB, 143771 MiB
2026/08/05 22:35:13.351, NVIDIA H200, 46, 100 %, 42 %, 74337 MiB, 143771 MiB
2026/08/05 22:35:16.351, NVIDIA H200, 46, 100 %, 44 %, 74337 MiB, 143771 MiB
2026/08/05 22:35:19.352, NVIDIA H200, 27, 0 %, 0 %, 74337 MiB, 143771 MiB
2026/08/05 22:35:22.352, NVIDIA H200, 25, 0 %, 0 %, 74337 MiB, 143771 MiB
2026/08/05 22:35:25.353, NVIDIA H200, 31, 40 %, 8 %, 74337 MiB, 143771 MiB
2026/08/05 22:35:28.354, NVIDIA H200, 28, 0 %, 0 %, 74337 MiB, 143771 MiB
2026/08/05 22:35:31.354, NVIDIA H200, 25, 0 %, 0 %, 74337 MiB, 143771 MiB
2026/08/05 22:35:34.355, NVIDIA H200, 23, 0 %, 0 %, 74337 MiB, 143771 MiB
2026/08/05 22:35:37.356, NVIDIA H200, 34, 97 %, 49 %, 74337 MiB, 143771 MiB
2026/08/05 22:35:40.356, NVIDIA H200, 44, 98 %, 29 %, 74337 MiB, 143771 MiB
2026/08/05 22:35:43.357, NVIDIA H200, 48, 100 %, 41 %, 74337 MiB, 143771 MiB
2026/08/05 22:35:46.357, NVIDIA H200, 44, 98 %, 47 %, 74337 MiB, 143771 MiB
2026/08/05 22:35:49.358, NVIDIA H200, 46, 98 %, 46 %, 74337 MiB, 143771 MiB
2026/08/05 22:35:52.359, NVIDIA H200, 46, 99 %, 36 %, 74337 MiB, 143771 MiB
2026/08/05 22:35:55.359, NVIDIA H200, 42, 97 %, 50 %, 74337 MiB, 143771 MiB
2026/08/05 22:35:58.360, NVIDIA H200, 45, 100 %, 47 %, 74337 MiB, 143771 MiB
2026/08/05 22:36:01.360, NVIDIA H200, 45, 100 %, 49 %, 74337 MiB, 143771 MiB
2026/08/05 22:36:04.361, NVIDIA H200, 44, 97 %, 55 %, 74337 MiB, 143771 MiB
2026/08/05 22:36:07.362, NVIDIA H200, 44, 97 %, 48 %, 74337 MiB, 143771 MiB
2026/08/05 22:36:10.362, NVIDIA H200, 45, 100 %, 38 %, 74337 MiB, 143771 MiB
2026/08/05 22:36:13.363, NVIDIA H200, 42, 55 %, 16 %, 74337 MiB, 143771 MiB
2026/08/05 22:36:16.364, NVIDIA H200, 46, 100 %, 54 %, 74337 MiB, 143771 MiB
2026/08/05 22:36:19.364, NVIDIA H200, 36, 10 %, 0 %, 74337 MiB, 143771 MiB
2026/08/05 22:36:22.365, NVIDIA H200, 48, 100 %, 50 %, 74337 MiB, 143771 MiB
2026/08/05 22:36:25.365, NVIDIA H200, 44, 100 %, 30 %, 74337 MiB, 143771 MiB
2026/08/05 22:36:28.366, NVIDIA H200, 47, 100 %, 40 %, 74337 MiB, 143771 MiB
2026/08/05 22:36:31.366, NVIDIA H200, 43, 100 %, 44 %, 74337 MiB, 143771 MiB
2026/08/05 22:36:34.367, NVIDIA H200, 43, 100 %, 31 %, 74337 MiB, 143771 MiB
2026/08/05 22:36:37.368, NVIDIA H200, 47, 100 %, 39 %, 74337 MiB, 143771 MiB
2026/08/05 22:36:40.368, NVIDIA H200, 43, 97 %, 33 %, 74337 MiB, 143771 MiB
2026/08/05 22:36:43.369, NVIDIA H200, 38, 65 %, 35 %, 74337 MiB, 143771 MiB
2026/08/05 22:36:46.369, NVIDIA H200, 47, 100 %, 39 %, 74337 MiB, 143771 MiB
2026/08/05 22:36:49.370, NVIDIA H200, 43, 100 %, 42 %, 74337 MiB, 143771 MiB
2026/08/05 22:36:52.371, NVIDIA H200, 39, 86 %, 38 %, 74337 MiB, 143771 MiB
2026/08/05 22:36:55.371, NVIDIA H200, 45, 100 %, 43 %, 74337 MiB, 143771 MiB
2026/08/05 22:36:58.372, NVIDIA H200, 39, 85 %, 45 %, 74337 MiB, 143771 MiB
2026/08/05 22:37:01.372, NVIDIA H200, 40, 99 %, 51 %, 74337 MiB, 143771 MiB
2026/08/05 22:37:04.373, NVIDIA H200, 47, 100 %, 44 %, 74337 MiB, 143771 MiB
2026/08/05 22:37:07.373, NVIDIA H200, 46, 100 %, 31 %, 74337 MiB, 143771 MiB
2026/08/05 22:37:10.374, NVIDIA H200, 25, 0 %, 0 %, 74337 MiB, 143771 MiB
2026/08/05 22:37:13.374, NVIDIA H200, 25, 0 %, 0 %, 74337 MiB, 143771 MiB
2026/08/05 22:37:16.375, NVIDIA H200, 39, 99 %, 36 %, 74337 MiB, 143771 MiB
2026/08/05 22:37:19.375, NVIDIA H200, 37, 100 %, 49 %, 74337 MiB, 143771 MiB
2026/08/05 22:37:22.376, NVIDIA H200, 24, 0 %, 0 %, 74337 MiB, 143771 MiB
2026/08/05 22:37:25.377, NVIDIA H200, 35, 73 %, 22 %, 74337 MiB, 143771 MiB
2026/08/05 22:37:28.377, NVIDIA H200, 43, 97 %, 38 %, 74337 MiB, 143771 MiB
2026/08/05 22:37:31.378, NVIDIA H200, 44, 100 %, 31 %, 74337 MiB, 143771 MiB
2026/08/05 22:37:34.379, NVIDIA H200, 47, 100 %, 56 %, 74337 MiB, 143771 MiB
2026/08/05 22:37:37.379, NVIDIA H200, 44, 100 %, 31 %, 74337 MiB, 143771 MiB
2026/08/05 22:37:40.380, NVIDIA H200, 41, 99 %, 45 %, 74337 MiB, 143771 MiB
2026/08/05 22:37:43.381, NVIDIA H200, 49, 100 %, 47 %, 74337 MiB, 143771 MiB
2026/08/05 22:37:46.381, NVIDIA H200, 47, 100 %, 45 %, 74337 MiB, 143771 MiB
2026/08/05 22:37:49.382, NVIDIA H200, 48, 98 %, 39 %, 74337 MiB, 143771 MiB
2026/08/05 22:37:52.383, NVIDIA H200, 49, 100 %, 41 %, 74337 MiB, 143771 MiB
2026/08/05 22:37:55.383, NVIDIA H200, 45, 100 %, 49 %, 74337 MiB, 143771 MiB
2026/08/05 22:37:58.384, NVIDIA H200, 40, 36 %, 23 %, 74337 MiB, 143771 MiB
2026/08/05 22:38:01.385, NVIDIA H200, 44, 100 %, 50 %, 74337 MiB, 143771 MiB
2026/08/05 22:38:04.386, NVIDIA H200, 38, 100 %, 42 %, 74337 MiB, 143771 MiB
2026/08/05 22:38:07.386, NVIDIA H200, 46, 98 %, 49 %, 74337 MiB, 143771 MiB
2026/08/05 22:38:10.387, NVIDIA H200, 47, 98 %, 30 %, 74337 MiB, 143771 MiB
2026/08/05 22:38:13.387, NVIDIA H200, 49, 100 %, 31 %, 74337 MiB, 143771 MiB
2026/08/05 22:38:16.388, NVIDIA H200, 45, 100 %, 52 %, 74337 MiB, 143771 MiB
2026/08/05 22:38:19.388, NVIDIA H200, 45, 98 %, 27 %, 74337 MiB, 143771 MiB
2026/08/05 22:38:22.389, NVIDIA H200, 44, 98 %, 60 %, 74337 MiB, 143771 MiB
2026/08/05 22:38:25.389, NVIDIA H200, 46, 98 %, 31 %, 74337 MiB, 143771 MiB
2026/08/05 22:38:28.390, NVIDIA H200, 47, 100 %, 38 %, 74337 MiB, 143771 MiB
2026/08/05 22:38:31.391, NVIDIA H200, 41, 82 %, 44 %, 74337 MiB, 143771 MiB
2026/08/05 22:38:34.391, NVIDIA H200, 46, 100 %, 46 %, 74337 MiB, 143771 MiB
2026/08/05 22:38:37.391, NVIDIA H200, 44, 100 %, 30 %, 74337 MiB, 143771 MiB
2026/08/05 22:38:40.392, NVIDIA H200, 43, 100 %, 45 %, 74337 MiB, 143771 MiB
2026/08/05 22:38:43.392, NVIDIA H200, 46, 100 %, 40 %, 74337 MiB, 143771 MiB
2026/08/05 22:38:46.393, NVIDIA H200, 43, 100 %, 50 %, 74337 MiB, 143771 MiB
2026/08/05 22:38:49.393, NVIDIA H200, 46, 100 %, 44 %, 74337 MiB, 143771 MiB
2026/08/05 22:38:52.394, NVIDIA H200, 47, 100 %, 41 %, 74337 MiB, 143771 MiB
2026/08/05 22:38:55.394, NVIDIA H200, 26, 0 %, 0 %, 74337 MiB, 143771 MiB
2026/08/05 22:38:58.395, NVIDIA H200, 25, 0 %, 0 %, 74337 MiB, 143771 MiB
2026/08/05 22:39:01.396, NVIDIA H200, 40, 100 %, 45 %, 74337 MiB, 143771 MiB
2026/08/05 22:39:04.396, NVIDIA H200, 25, 0 %, 0 %, 74337 MiB, 143771 MiB
2026/08/05 22:39:07.397, NVIDIA H200, 34, 53 %, 17 %, 74337 MiB, 143771 MiB
2026/08/05 22:39:10.397, NVIDIA H200, 47, 100 %, 48 %, 74337 MiB, 143771 MiB
2026/08/05 22:39:13.398, NVIDIA H200, 38, 41 %, 18 %, 74337 MiB, 143771 MiB
2026/08/05 22:39:16.398, NVIDIA H200, 42, 85 %, 41 %, 74337 MiB, 143771 MiB
2026/08/05 22:39:19.399, NVIDIA H200, 46, 100 %, 50 %, 74337 MiB, 143771 MiB
2026/08/05 22:39:22.399, NVIDIA H200, 40, 17 %, 1 %, 74337 MiB, 143771 MiB
2026/08/05 22:39:25.400, NVIDIA H200, 45, 100 %, 37 %, 74337 MiB, 143771 MiB
2026/08/05 22:39:28.400, NVIDIA H200, 40, 97 %, 45 %, 74337 MiB, 143771 MiB
2026/08/05 22:39:31.401, NVIDIA H200, 45, 95 %, 43 %, 74337 MiB, 143771 MiB
2026/08/05 22:39:34.402, NVIDIA H200, 47, 100 %, 46 %, 74337 MiB, 143771 MiB
2026/08/05 22:39:37.402, NVIDIA H200, 45, 98 %, 35 %, 74337 MiB, 143771 MiB
2026/08/05 22:39:40.402, NVIDIA H200, 46, 100 %, 51 %, 74337 MiB, 143771 MiB
2026/08/05 22:39:43.403, NVIDIA H200, 47, 100 %, 44 %, 74337 MiB, 143771 MiB
2026/08/05 22:39:46.403, NVIDIA H200, 45, 100 %, 39 %, 74337 MiB, 143771 MiB
2026/08/05 22:39:49.404, NVIDIA H200, 41, 55 %, 21 %, 74337 MiB, 143771 MiB
2026/08/05 22:39:52.405, NVIDIA H200, 43, 100 %, 45 %, 74337 MiB, 143771 MiB
2026/08/05 22:39:55.405, NVIDIA H200, 46, 98 %, 48 %, 74337 MiB, 143771 MiB
2026/08/05 22:39:58.406, NVIDIA H200, 45, 100 %, 42 %, 74337 MiB, 143771 MiB
2026/08/05 22:40:01.406, NVIDIA H200, 44, 23 %, 14 %, 74337 MiB, 143771 MiB
2026/08/05 22:40:04.407, NVIDIA H200, 45, 100 %, 45 %, 74337 MiB, 143771 MiB
2026/08/05 22:40:07.407, NVIDIA H200, 49, 100 %, 32 %, 74337 MiB, 143771 MiB
2026/08/05 22:40:10.408, NVIDIA H200, 45, 100 %, 56 %, 74337 MiB, 143771 MiB
2026/08/05 22:40:13.409, NVIDIA H200, 43, 100 %, 46 %, 74337 MiB, 143771 MiB
2026/08/05 22:40:16.409, NVIDIA H200, 43, 19 %, 0 %, 74337 MiB, 143771 MiB
2026/08/05 22:40:19.410, NVIDIA H200, 48, 100 %, 37 %, 74337 MiB, 143771 MiB
2026/08/05 22:40:22.410, NVIDIA H200, 47, 95 %, 51 %, 74337 MiB, 143771 MiB
2026/08/05 22:40:25.411, NVIDIA H200, 48, 100 %, 45 %, 74337 MiB, 143771 MiB
2026/08/05 22:40:28.411, NVIDIA H200, 47, 100 %, 48 %, 74337 MiB, 143771 MiB
2026/08/05 22:40:31.412, NVIDIA H200, 45, 100 %, 38 %, 74337 MiB, 143771 MiB
2026/08/05 22:40:34.413, NVIDIA H200, 45, 100 %, 40 %, 74337 MiB, 143771 MiB
2026/08/05 22:40:37.413, NVIDIA H200, 26, 0 %, 0 %, 74337 MiB, 143771 MiB
2026/08/05 22:40:40.414, NVIDIA H200, 24, 0 %, 0 %, 74337 MiB, 143771 MiB
2026/08/05 22:40:43.414, NVIDIA H200, 30, 16 %, 7 %, 74337 MiB, 143771 MiB
2026/08/05 22:40:46.415, NVIDIA H200, 34, 86 %, 32 %, 74337 MiB, 143771 MiB
2026/08/05 22:40:49.415, NVIDIA H200, 25, 0 %, 0 %, 74337 MiB, 143771 MiB
2026/08/05 22:40:52.416, NVIDIA H200, 24, 0 %, 0 %, 74337 MiB, 143771 MiB
2026/08/05 22:40:55.417, NVIDIA H200, 23, 0 %, 0 %, 74337 MiB, 143771 MiB
2026/08/05 22:40:58.417, NVIDIA H200, 23, 0 %, 0 %, 74337 MiB, 143771 MiB
2026/08/05 22:41:01.418, NVIDIA H200, 46, 100 %, 38 %, 74337 MiB, 143771 MiB
2026/08/05 22:41:04.419, NVIDIA H200, 36, 100 %, 49 %, 74337 MiB, 143771 MiB
2026/08/05 22:41:07.419, NVIDIA H200, 46, 97 %, 49 %, 74337 MiB, 143771 MiB
2026/08/05 22:41:10.420, NVIDIA H200, 47, 100 %, 40 %, 74337 MiB, 143771 MiB
2026/08/05 22:41:13.420, NVIDIA H200, 46, 100 %, 50 %, 74337 MiB, 143771 MiB
2026/08/05 22:41:16.421, NVIDIA H200, 48, 100 %, 46 %, 74337 MiB, 143771 MiB
2026/08/05 22:41:19.421, NVIDIA H200, 43, 12 %, 9 %, 74337 MiB, 143771 MiB
2026/08/05 22:41:22.422, NVIDIA H200, 47, 100 %, 41 %, 74337 MiB, 143771 MiB
2026/08/05 22:41:25.423, NVIDIA H200, 44, 100 %, 41 %, 74337 MiB, 143771 MiB
2026/08/05 22:41:28.423, NVIDIA H200, 50, 100 %, 39 %, 74337 MiB, 143771 MiB
2026/08/05 22:41:31.424, NVIDIA H200, 46, 100 %, 39 %, 74337 MiB, 143771 MiB
2026/08/05 22:41:34.425, NVIDIA H200, 47, 97 %, 52 %, 74337 MiB, 143771 MiB
2026/08/05 22:41:37.425, NVIDIA H200, 45, 98 %, 36 %, 74337 MiB, 143771 MiB
2026/08/05 22:41:40.426, NVIDIA H200, 46, 100 %, 40 %, 74337 MiB, 143771 MiB
2026/08/05 22:41:43.426, NVIDIA H200, 48, 100 %, 41 %, 74337 MiB, 143771 MiB
2026/08/05 22:41:46.427, NVIDIA H200, 45, 100 %, 45 %, 74337 MiB, 143771 MiB
2026/08/05 22:41:49.427, NVIDIA H200, 46, 100 %, 49 %, 74337 MiB, 143771 MiB
2026/08/05 22:41:52.428, NVIDIA H200, 49, 100 %, 37 %, 74337 MiB, 143771 MiB
2026/08/05 22:41:55.428, NVIDIA H200, 47, 99 %, 39 %, 74337 MiB, 143771 MiB
2026/08/05 22:41:58.429, NVIDIA H200, 50, 100 %, 34 %, 74337 MiB, 143771 MiB
2026/08/05 22:42:01.430, NVIDIA H200, 44, 98 %, 51 %, 74337 MiB, 143771 MiB
2026/08/05 22:42:04.430, NVIDIA H200, 48, 100 %, 43 %, 74337 MiB, 143771 MiB
2026/08/05 22:42:07.431, NVIDIA H200, 46, 21 %, 12 %, 74337 MiB, 143771 MiB
2026/08/05 22:42:10.431, NVIDIA H200, 44, 68 %, 24 %, 74337 MiB, 143771 MiB
2026/08/05 22:42:13.432, NVIDIA H200, 42, 94 %, 33 %, 74337 MiB, 143771 MiB
2026/08/05 22:42:16.433, NVIDIA H200, 44, 100 %, 55 %, 74337 MiB, 143771 MiB
2026/08/05 22:42:19.433, NVIDIA H200, 47, 100 %, 31 %, 74337 MiB, 143771 MiB
2026/08/05 22:42:22.434, NVIDIA H200, 47, 100 %, 41 %, 74337 MiB, 143771 MiB
2026/08/05 22:42:25.434, NVIDIA H200, 47, 99 %, 53 %, 74337 MiB, 143771 MiB
2026/08/05 22:42:28.435, NVIDIA H200, 33, 0 %, 0 %, 74337 MiB, 143771 MiB
2026/08/05 22:42:31.436, NVIDIA H200, 25, 0 %, 0 %, 74337 MiB, 143771 MiB
2026/08/05 22:42:34.436, NVIDIA H200, 25, 0 %, 0 %, 74337 MiB, 143771 MiB
2026/08/05 22:42:37.437, NVIDIA H200, 27, 0 %, 0 %, 74337 MiB, 143771 MiB
2026/08/05 22:42:40.437, NVIDIA H200, 42, 99 %, 53 %, 74337 MiB, 143771 MiB
2026/08/05 22:42:43.438, NVIDIA H200, 25, 0 %, 0 %, 74337 MiB, 143771 MiB
2026/08/05 22:42:46.438, NVIDIA H200, 24, 0 %, 0 %, 74337 MiB, 143771 MiB
2026/08/05 22:42:49.439, NVIDIA H200, 45, 100 %, 37 %, 74337 MiB, 143771 MiB
2026/08/05 22:42:52.439, NVIDIA H200, 44, 45 %, 11 %, 74337 MiB, 143771 MiB
2026/08/05 22:42:55.440, NVIDIA H200, 47, 100 %, 42 %, 74337 MiB, 143771 MiB
2026/08/05 22:42:58.440, NVIDIA H200, 38, 100 %, 43 %, 74337 MiB, 143771 MiB
2026/08/05 22:43:01.441, NVIDIA H200, 35, 83 %, 38 %, 74337 MiB, 143771 MiB
2026/08/05 22:43:04.441, NVIDIA H200, 45, 98 %, 57 %, 74337 MiB, 143771 MiB
2026/08/05 22:43:07.442, NVIDIA H200, 46, 100 %, 39 %, 74337 MiB, 143771 MiB
2026/08/05 22:43:10.442, NVIDIA H200, 43, 100 %, 45 %, 74337 MiB, 143771 MiB
2026/08/05 22:43:13.442, NVIDIA H200, 36, 35 %, 16 %, 74337 MiB, 143771 MiB
2026/08/05 22:43:16.443, NVIDIA H200, 47, 100 %, 37 %, 74337 MiB, 143771 MiB
2026/08/05 22:43:19.443, NVIDIA H200, 47, 100 %, 48 %, 74337 MiB, 143771 MiB
2026/08/05 22:43:22.444, NVIDIA H200, 46, 100 %, 43 %, 74337 MiB, 143771 MiB
2026/08/05 22:43:25.445, NVIDIA H200, 45, 97 %, 54 %, 74337 MiB, 143771 MiB
2026/08/05 22:43:28.445, NVIDIA H200, 46, 100 %, 43 %, 74337 MiB, 143771 MiB
2026/08/05 22:43:31.446, NVIDIA H200, 48, 98 %, 41 %, 74337 MiB, 143771 MiB
2026/08/05 22:43:34.447, NVIDIA H200, 46, 100 %, 43 %, 74337 MiB, 143771 MiB
2026/08/05 22:43:37.447, NVIDIA H200, 46, 100 %, 32 %, 74337 MiB, 143771 MiB
2026/08/05 22:43:40.448, NVIDIA H200, 47, 100 %, 46 %, 74337 MiB, 143771 MiB
2026/08/05 22:43:43.449, NVIDIA H200, 36, 10 %, 2 %, 74337 MiB, 143771 MiB
2026/08/05 22:43:46.449, NVIDIA H200, 47, 100 %, 48 %, 74337 MiB, 143771 MiB
2026/08/05 22:43:49.450, NVIDIA H200, 46, 97 %, 50 %, 74337 MiB, 143771 MiB
2026/08/05 22:43:52.450, NVIDIA H200, 47, 100 %, 40 %, 74337 MiB, 143771 MiB
2026/08/05 22:43:55.451, NVIDIA H200, 48, 100 %, 48 %, 74337 MiB, 143771 MiB
2026/08/05 22:43:58.451, NVIDIA H200, 47, 97 %, 48 %, 74337 MiB, 143771 MiB
2026/08/05 22:44:01.452, NVIDIA H200, 49, 100 %, 45 %, 74337 MiB, 143771 MiB
2026/08/05 22:44:04.452, NVIDIA H200, 49, 100 %, 45 %, 74337 MiB, 143771 MiB
2026/08/05 22:44:07.453, NVIDIA H200, 45, 72 %, 23 %, 74337 MiB, 143771 MiB
2026/08/05 22:44:10.453, NVIDIA H200, 43, 98 %, 51 %, 74337 MiB, 143771 MiB
2026/08/05 22:44:13.454, NVIDIA H200, 45, 100 %, 42 %, 74337 MiB, 143771 MiB
2026/08/05 22:44:16.455, NVIDIA H200, 48, 100 %, 43 %, 74337 MiB, 143771 MiB
2026/08/05 22:44:19.455, NVIDIA H200, 28, 0 %, 0 %, 74337 MiB, 143771 MiB
2026/08/05 22:44:22.456, NVIDIA H200, 25, 0 %, 0 %, 74337 MiB, 143771 MiB
2026/08/05 22:44:25.456, NVIDIA H200, 35, 76 %, 26 %, 74337 MiB, 143771 MiB
2026/08/05 22:44:28.457, NVIDIA H200, 26, 0 %, 0 %, 74337 MiB, 143771 MiB
2026/08/05 22:44:31.458, NVIDIA H200, 28, 0 %, 0 %, 74337 MiB, 143771 MiB
2026/08/05 22:44:34.458, NVIDIA H200, 24, 0 %, 0 %, 74337 MiB, 143771 MiB
2026/08/05 22:44:37.459, NVIDIA H200, 24, 0 %, 0 %, 74337 MiB, 143771 MiB
2026/08/05 22:44:40.459, NVIDIA H200, 40, 100 %, 46 %, 74337 MiB, 143771 MiB
2026/08/05 22:44:43.460, NVIDIA H200, 44, 100 %, 50 %, 74337 MiB, 143771 MiB
2026/08/05 22:44:46.461, NVIDIA H200, 49, 100 %, 38 %, 74337 MiB, 143771 MiB
2026/08/05 22:44:49.461, NVIDIA H200, 45, 97 %, 39 %, 74337 MiB, 143771 MiB
2026/08/05 22:44:52.462, NVIDIA H200, 45, 100 %, 42 %, 74337 MiB, 143771 MiB
2026/08/05 22:44:55.462, NVIDIA H200, 47, 100 %, 44 %, 74337 MiB, 143771 MiB
2026/08/05 22:44:58.463, NVIDIA H200, 42, 100 %, 43 %, 74337 MiB, 143771 MiB
2026/08/05 22:45:01.463, NVIDIA H200, 42, 100 %, 44 %, 74337 MiB, 143771 MiB
2026/08/05 22:45:04.464, NVIDIA H200, 46, 100 %, 50 %, 74337 MiB, 143771 MiB
2026/08/05 22:45:07.465, NVIDIA H200, 46, 100 %, 47 %, 74337 MiB, 143771 MiB
2026/08/05 22:45:10.465, NVIDIA H200, 48, 100 %, 36 %, 74337 MiB, 143771 MiB
2026/08/05 22:45:13.466, NVIDIA H200, 44, 0 %, 0 %, 74337 MiB, 143771 MiB
2026/08/05 22:45:16.466, NVIDIA H200, 48, 100 %, 40 %, 74337 MiB, 143771 MiB
2026/08/05 22:45:19.467, NVIDIA H200, 47, 99 %, 52 %, 74337 MiB, 143771 MiB
2026/08/05 22:45:22.467, NVIDIA H200, 42, 100 %, 40 %, 74337 MiB, 143771 MiB
2026/08/05 22:45:25.468, NVIDIA H200, 41, 0 %, 0 %, 74337 MiB, 143771 MiB
2026/08/05 22:45:28.469, NVIDIA H200, 44, 100 %, 55 %, 74337 MiB, 143771 MiB
2026/08/05 22:45:31.469, NVIDIA H200, 43, 100 %, 47 %, 74337 MiB, 143771 MiB
2026/08/05 22:45:34.469, NVIDIA H200, 38, 100 %, 50 %, 74337 MiB, 143771 MiB
2026/08/05 22:45:37.470, NVIDIA H200, 46, 100 %, 49 %, 74337 MiB, 143771 MiB
2026/08/05 22:45:40.471, NVIDIA H200, 47, 100 %, 40 %, 74337 MiB, 143771 MiB
2026/08/05 22:45:43.471, NVIDIA H200, 45, 100 %, 56 %, 74337 MiB, 143771 MiB
2026/08/05 22:45:46.472, NVIDIA H200, 48, 100 %, 47 %, 74337 MiB, 143771 MiB
2026/08/05 22:45:49.472, NVIDIA H200, 47, 99 %, 53 %, 74337 MiB, 143771 MiB
2026/08/05 22:45:52.473, NVIDIA H200, 42, 88 %, 31 %, 74337 MiB, 143771 MiB
2026/08/05 22:45:55.473, NVIDIA H200, 46, 100 %, 45 %, 74337 MiB, 143771 MiB
2026/08/05 22:45:58.474, NVIDIA H200, 47, 99 %, 35 %, 74337 MiB, 143771 MiB
2026/08/05 22:46:01.475, NVIDIA H200, 47, 100 %, 41 %, 74337 MiB, 143771 MiB
2026/08/05 22:46:04.478, NVIDIA H200, 48, 99 %, 47 %, 74337 MiB, 143771 MiB
2026/08/05 22:46:07.479, NVIDIA H200, 28, 0 %, 0 %, 74337 MiB, 143771 MiB
2026/08/05 22:46:10.479, NVIDIA H200, 25, 0 %, 0 %, 74337 MiB, 143771 MiB
2026/08/05 22:46:13.480, NVIDIA H200, 38, 97 %, 49 %, 74337 MiB, 143771 MiB
2026/08/05 22:46:16.480, NVIDIA H200, 25, 0 %, 0 %, 74337 MiB, 143771 MiB
2026/08/05 22:46:19.481, NVIDIA H200, 29, 0 %, 0 %, 74337 MiB, 143771 MiB
2026/08/05 22:46:22.481, NVIDIA H200, 24, 0 %, 0 %, 74337 MiB, 143771 MiB
2026/08/05 22:46:25.482, NVIDIA H200, 24, 0 %, 0 %, 74337 MiB, 143771 MiB
2026/08/05 22:46:28.482, NVIDIA H200, 44, 100 %, 47 %, 74337 MiB, 143771 MiB
2026/08/05 22:46:31.483, NVIDIA H200, 46, 97 %, 50 %, 74337 MiB, 143771 MiB
2026/08/05 22:46:34.483, NVIDIA H200, 48, 100 %, 39 %, 74337 MiB, 143771 MiB
2026/08/05 22:46:37.484, NVIDIA H200, 46, 100 %, 56 %, 74337 MiB, 143771 MiB
2026/08/05 22:46:40.485, NVIDIA H200, 46, 100 %, 41 %, 74337 MiB, 143771 MiB
2026/08/05 22:46:43.485, NVIDIA H200, 46, 100 %, 39 %, 74337 MiB, 143771 MiB
2026/08/05 22:46:46.486, NVIDIA H200, 45, 100 %, 51 %, 74337 MiB, 143771 MiB
2026/08/05 22:46:49.486, NVIDIA H200, 45, 100 %, 43 %, 74337 MiB, 143771 MiB
2026/08/05 22:46:52.487, NVIDIA H200, 45, 100 %, 41 %, 74337 MiB, 143771 MiB
2026/08/05 22:46:55.487, NVIDIA H200, 46, 100 %, 49 %, 74337 MiB, 143771 MiB
2026/08/05 22:46:58.488, NVIDIA H200, 48, 100 %, 39 %, 74337 MiB, 143771 MiB
2026/08/05 22:47:01.489, NVIDIA H200, 45, 100 %, 45 %, 74337 MiB, 143771 MiB
2026/08/05 22:47:04.489, NVIDIA H200, 43, 94 %, 34 %, 74337 MiB, 143771 MiB
2026/08/05 22:47:07.490, NVIDIA H200, 46, 100 %, 49 %, 74337 MiB, 143771 MiB
2026/08/05 22:47:10.490, NVIDIA H200, 47, 98 %, 45 %, 74337 MiB, 143771 MiB
2026/08/05 22:47:13.491, NVIDIA H200, 48, 100 %, 39 %, 74337 MiB, 143771 MiB
2026/08/05 22:47:16.493, NVIDIA H200, 42, 100 %, 43 %, 74337 MiB, 143771 MiB
2026/08/05 22:47:19.493, NVIDIA H200, 50, 100 %, 42 %, 74337 MiB, 143771 MiB
2026/08/05 22:47:22.494, NVIDIA H200, 47, 97 %, 33 %, 74337 MiB, 143771 MiB
2026/08/05 22:47:25.494, NVIDIA H200, 45, 96 %, 32 %, 74337 MiB, 143771 MiB
2026/08/05 22:47:28.495, NVIDIA H200, 38, 0 %, 0 %, 74337 MiB, 143771 MiB
2026/08/05 22:47:31.495, NVIDIA H200, 41, 98 %, 33 %, 74337 MiB, 143771 MiB
2026/08/05 22:47:34.496, NVIDIA H200, 42, 100 %, 45 %, 74337 MiB, 143771 MiB
2026/08/05 22:47:37.497, NVIDIA H200, 46, 100 %, 45 %, 74337 MiB, 143771 MiB
2026/08/05 22:47:40.497, NVIDIA H200, 37, 14 %, 8 %, 74337 MiB, 143771 MiB
2026/08/05 22:47:43.498, NVIDIA H200, 44, 98 %, 51 %, 74337 MiB, 143771 MiB
2026/08/05 22:47:46.499, NVIDIA H200, 46, 100 %, 45 %, 74337 MiB, 143771 MiB
2026/08/05 22:47:49.499, NVIDIA H200, 48, 98 %, 48 %, 74337 MiB, 143771 MiB
2026/08/05 22:47:52.500, NVIDIA H200, 47, 98 %, 37 %, 74337 MiB, 143771 MiB
2026/08/05 22:47:55.501, NVIDIA H200, 44, 16 %, 10 %, 74337 MiB, 143771 MiB
2026/08/05 22:47:58.501, NVIDIA H200, 26, 0 %, 0 %, 74337 MiB, 143771 MiB
2026/08/05 22:48:01.502, NVIDIA H200, 25, 0 %, 0 %, 74337 MiB, 143771 MiB
2026/08/05 22:48:04.502, NVIDIA H200, 27, 0 %, 0 %, 74337 MiB, 143771 MiB
2026/08/05 22:48:07.503, NVIDIA H200, 43, 99 %, 37 %, 74337 MiB, 143771 MiB
2026/08/05 22:48:10.504, NVIDIA H200, 25, 0 %, 0 %, 74337 MiB, 143771 MiB
2026/08/05 22:48:13.504, NVIDIA H200, 35, 99 %, 53 %, 74337 MiB, 143771 MiB
2026/08/05 22:48:16.505, NVIDIA H200, 46, 100 %, 44 %, 74337 MiB, 143771 MiB
2026/08/05 22:48:19.505, NVIDIA H200, 44, 100 %, 38 %, 74337 MiB, 143771 MiB
2026/08/05 22:48:22.506, NVIDIA H200, 46, 100 %, 39 %, 74337 MiB, 143771 MiB
2026/08/05 22:48:25.507, NVIDIA H200, 39, 25 %, 15 %, 74337 MiB, 143771 MiB
2026/08/05 22:48:28.508, NVIDIA H200, 45, 100 %, 40 %, 74337 MiB, 143771 MiB
2026/08/05 22:48:31.508, NVIDIA H200, 49, 100 %, 49 %, 74337 MiB, 143771 MiB
2026/08/05 22:48:34.509, NVIDIA H200, 47, 100 %, 45 %, 74337 MiB, 143771 MiB
2026/08/05 22:48:37.509, NVIDIA H200, 46, 31 %, 18 %, 74337 MiB, 143771 MiB
2026/08/05 22:48:40.510, NVIDIA H200, 47, 97 %, 48 %, 74337 MiB, 143771 MiB
2026/08/05 22:48:43.510, NVIDIA H200, 49, 100 %, 44 %, 74337 MiB, 143771 MiB
2026/08/05 22:48:46.511, NVIDIA H200, 48, 100 %, 52 %, 74337 MiB, 143771 MiB
2026/08/05 22:48:49.512, NVIDIA H200, 44, 99 %, 55 %, 74337 MiB, 143771 MiB
2026/08/05 22:48:52.512, NVIDIA H200, 46, 100 %, 37 %, 74337 MiB, 143771 MiB
2026/08/05 22:48:55.513, NVIDIA H200, 46, 100 %, 46 %, 74337 MiB, 143771 MiB
2026/08/05 22:48:58.513, NVIDIA H200, 44, 98 %, 41 %, 74337 MiB, 143771 MiB
2026/08/05 22:49:01.514, NVIDIA H200, 47, 100 %, 41 %, 74337 MiB, 143771 MiB
2026/08/05 22:49:04.514, NVIDIA H200, 44, 100 %, 43 %, 74337 MiB, 143771 MiB
2026/08/05 22:49:07.515, NVIDIA H200, 49, 86 %, 32 %, 74337 MiB, 143771 MiB
2026/08/05 22:49:10.516, NVIDIA H200, 50, 100 %, 44 %, 74337 MiB, 143771 MiB
2026/08/05 22:49:13.516, NVIDIA H200, 46, 97 %, 59 %, 74337 MiB, 143771 MiB
2026/08/05 22:49:16.517, NVIDIA H200, 47, 100 %, 40 %, 74337 MiB, 143771 MiB
2026/08/05 22:49:19.517, NVIDIA H200, 48, 100 %, 55 %, 74337 MiB, 143771 MiB
2026/08/05 22:49:22.518, NVIDIA H200, 47, 100 %, 43 %, 74337 MiB, 143771 MiB
2026/08/05 22:49:25.518, NVIDIA H200, 46, 100 %, 53 %, 74337 MiB, 143771 MiB
2026/08/05 22:49:28.519, NVIDIA H200, 44, 100 %, 40 %, 74337 MiB, 143771 MiB
2026/08/05 22:49:31.519, NVIDIA H200, 48, 100 %, 42 %, 74337 MiB, 143771 MiB
2026/08/05 22:49:34.520, NVIDIA H200, 47, 98 %, 34 %, 74337 MiB, 143771 MiB
2026/08/05 22:49:37.520, NVIDIA H200, 49, 100 %, 39 %, 74337 MiB, 143771 MiB
2026/08/05 22:49:40.521, NVIDIA H200, 47, 98 %, 52 %, 74337 MiB, 143771 MiB
2026/08/05 22:49:43.521, NVIDIA H200, 29, 0 %, 0 %, 74337 MiB, 143771 MiB
2026/08/05 22:49:46.522, NVIDIA H200, 25, 0 %, 0 %, 74337 MiB, 143771 MiB
2026/08/05 22:49:49.522, NVIDIA H200, 25, 0 %, 0 %, 74337 MiB, 143771 MiB
2026/08/05 22:49:52.523, NVIDIA H200, 26, 0 %, 0 %, 74337 MiB, 143771 MiB
2026/08/05 22:49:55.523, NVIDIA H200, 27, 0 %, 0 %, 74337 MiB, 143771 MiB
2026/08/05 22:49:58.524, NVIDIA H200, 25, 0 %, 0 %, 74337 MiB, 143771 MiB
2026/08/05 22:50:01.524, NVIDIA H200, 24, 0 %, 0 %, 74337 MiB, 143771 MiB
2026/08/05 22:50:04.525, NVIDIA H200, 24, 0 %, 0 %, 74337 MiB, 143771 MiB
2026/08/05 22:50:07.526, NVIDIA H200, 42, 100 %, 56 %, 74337 MiB, 143771 MiB
2026/08/05 22:50:10.526, NVIDIA H200, 47, 97 %, 34 %, 74337 MiB, 143771 MiB
2026/08/05 22:50:13.527, NVIDIA H200, 46, 100 %, 31 %, 74337 MiB, 143771 MiB
2026/08/05 22:50:16.528, NVIDIA H200, 46, 100 %, 42 %, 74337 MiB, 143771 MiB
2026/08/05 22:50:19.528, NVIDIA H200, 48, 98 %, 38 %, 74337 MiB, 143771 MiB
2026/08/05 22:50:22.529, NVIDIA H200, 50, 100 %, 43 %, 74337 MiB, 143771 MiB
2026/08/05 22:50:25.529, NVIDIA H200, 37, 19 %, 10 %, 74337 MiB, 143771 MiB
2026/08/05 22:50:28.530, NVIDIA H200, 46, 100 %, 30 %, 74337 MiB, 143771 MiB
2026/08/05 22:50:31.531, NVIDIA H200, 48, 100 %, 42 %, 74337 MiB, 143771 MiB
2026/08/05 22:50:34.531, NVIDIA H200, 45, 99 %, 54 %, 74337 MiB, 143771 MiB
2026/08/05 22:50:37.532, NVIDIA H200, 43, 100 %, 45 %, 74337 MiB, 143771 MiB
2026/08/05 22:50:40.532, NVIDIA H200, 45, 97 %, 49 %, 74337 MiB, 143771 MiB
2026/08/05 22:50:43.533, NVIDIA H200, 44, 97 %, 46 %, 74337 MiB, 143771 MiB
2026/08/05 22:50:46.534, NVIDIA H200, 47, 100 %, 44 %, 74337 MiB, 143771 MiB
2026/08/05 22:50:49.534, NVIDIA H200, 45, 100 %, 51 %, 74337 MiB, 143771 MiB
2026/08/05 22:50:52.535, NVIDIA H200, 44, 98 %, 55 %, 74337 MiB, 143771 MiB
2026/08/05 22:50:55.535, NVIDIA H200, 47, 100 %, 44 %, 74337 MiB, 143771 MiB
2026/08/05 22:50:58.536, NVIDIA H200, 36, 0 %, 0 %, 74337 MiB, 143771 MiB
2026/08/05 22:51:01.537, NVIDIA H200, 45, 97 %, 51 %, 74337 MiB, 143771 MiB
2026/08/05 22:51:04.538, NVIDIA H200, 46, 100 %, 44 %, 74337 MiB, 143771 MiB
2026/08/05 22:51:07.538, NVIDIA H200, 40, 81 %, 43 %, 74337 MiB, 143771 MiB
2026/08/05 22:51:10.539, NVIDIA H200, 43, 99 %, 54 %, 74337 MiB, 143771 MiB
2026/08/05 22:51:13.539, NVIDIA H200, 41, 90 %, 40 %, 74337 MiB, 143771 MiB
2026/08/05 22:51:16.540, NVIDIA H200, 46, 100 %, 44 %, 74337 MiB, 143771 MiB
2026/08/05 22:51:19.540, NVIDIA H200, 46, 99 %, 38 %, 74337 MiB, 143771 MiB
2026/08/05 22:51:22.541, NVIDIA H200, 46, 98 %, 43 %, 74337 MiB, 143771 MiB
2026/08/05 22:51:25.541, NVIDIA H200, 47, 100 %, 40 %, 74337 MiB, 143771 MiB
2026/08/05 22:51:28.542, NVIDIA H200, 47, 100 %, 47 %, 74337 MiB, 143771 MiB
2026/08/05 22:51:31.542, NVIDIA H200, 46, 97 %, 58 %, 74337 MiB, 143771 MiB
2026/08/05 22:51:34.542, NVIDIA H200, 48, 98 %, 30 %, 74337 MiB, 143771 MiB
2026/08/05 22:51:37.543, NVIDIA H200, 30, 0 %, 0 %, 74337 MiB, 143771 MiB
2026/08/05 22:51:40.543, NVIDIA H200, 26, 0 %, 0 %, 74337 MiB, 143771 MiB
2026/08/05 22:51:43.544, NVIDIA H200, 28, 0 %, 0 %, 74337 MiB, 143771 MiB
2026/08/05 22:51:46.544, NVIDIA H200, 26, 0 %, 0 %, 74337 MiB, 143771 MiB
2026/08/05 22:51:49.545, NVIDIA H200, 31, 0 %, 0 %, 74337 MiB, 143771 MiB
2026/08/05 22:51:52.546, NVIDIA H200, 25, 0 %, 0 %, 74337 MiB, 143771 MiB
2026/08/05 22:51:55.546, NVIDIA H200, 45, 100 %, 45 %, 74337 MiB, 143771 MiB
2026/08/05 22:51:58.547, NVIDIA H200, 45, 100 %, 42 %, 74337 MiB, 143771 MiB
2026/08/05 22:52:01.547, NVIDIA H200, 41, 33 %, 7 %, 74337 MiB, 143771 MiB
2026/08/05 22:52:04.548, NVIDIA H200, 41, 25 %, 15 %, 74337 MiB, 143771 MiB
2026/08/05 22:52:07.548, NVIDIA H200, 46, 100 %, 45 %, 74337 MiB, 143771 MiB
2026/08/05 22:52:10.549, NVIDIA H200, 45, 100 %, 53 %, 74337 MiB, 143771 MiB
2026/08/05 22:52:13.549, NVIDIA H200, 43, 98 %, 53 %, 74337 MiB, 143771 MiB
2026/08/05 22:52:16.550, NVIDIA H200, 47, 100 %, 40 %, 74337 MiB, 143771 MiB
2026/08/05 22:52:19.550, NVIDIA H200, 46, 99 %, 38 %, 74337 MiB, 143771 MiB
2026/08/05 22:52:22.551, NVIDIA H200, 47, 100 %, 31 %, 74337 MiB, 143771 MiB
2026/08/05 22:52:25.551, NVIDIA H200, 46, 100 %, 45 %, 74337 MiB, 143771 MiB
2026/08/05 22:52:28.552, NVIDIA H200, 47, 91 %, 35 %, 74337 MiB, 143771 MiB
2026/08/05 22:52:31.552, NVIDIA H200, 45, 100 %, 31 %, 74337 MiB, 143771 MiB
2026/08/05 22:52:34.553, NVIDIA H200, 48, 100 %, 44 %, 74337 MiB, 143771 MiB
2026/08/05 22:52:37.553, NVIDIA H200, 41, 0 %, 0 %, 74337 MiB, 143771 MiB
2026/08/05 22:52:40.554, NVIDIA H200, 45, 98 %, 55 %, 74337 MiB, 143771 MiB
2026/08/05 22:52:43.554, NVIDIA H200, 46, 100 %, 44 %, 74337 MiB, 143771 MiB
2026/08/05 22:52:46.555, NVIDIA H200, 43, 99 %, 39 %, 74337 MiB, 143771 MiB
2026/08/05 22:52:49.555, NVIDIA H200, 44, 99 %, 43 %, 74337 MiB, 143771 MiB
2026/08/05 22:52:52.556, NVIDIA H200, 47, 100 %, 39 %, 74337 MiB, 143771 MiB
2026/08/05 22:52:55.556, NVIDIA H200, 43, 24 %, 2 %, 74337 MiB, 143771 MiB
2026/08/05 22:52:58.557, NVIDIA H200, 48, 100 %, 37 %, 74337 MiB, 143771 MiB
2026/08/05 22:53:01.558, NVIDIA H200, 46, 26 %, 15 %, 74337 MiB, 143771 MiB
2026/08/05 22:53:04.558, NVIDIA H200, 46, 100 %, 53 %, 74337 MiB, 143771 MiB
2026/08/05 22:53:07.559, NVIDIA H200, 45, 100 %, 37 %, 74337 MiB, 143771 MiB
2026/08/05 22:53:10.559, NVIDIA H200, 47, 79 %, 37 %, 74337 MiB, 143771 MiB
2026/08/05 22:53:13.560, NVIDIA H200, 38, 100 %, 41 %, 74337 MiB, 143771 MiB
2026/08/05 22:53:16.560, NVIDIA H200, 42, 100 %, 45 %, 74337 MiB, 143771 MiB
2026/08/05 22:53:19.561, NVIDIA H200, 49, 100 %, 52 %, 74337 MiB, 143771 MiB
2026/08/05 22:53:22.561, NVIDIA H200, 48, 100 %, 45 %, 74337 MiB, 143771 MiB
2026/08/05 22:53:25.562, NVIDIA H200, 27, 0 %, 0 %, 74337 MiB, 143771 MiB
2026/08/05 22:53:28.563, NVIDIA H200, 25, 79 %, 28 %, 74337 MiB, 143771 MiB
2026/08/05 22:53:31.563, NVIDIA H200, 42, 87 %, 45 %, 74337 MiB, 143771 MiB
2026/08/05 22:53:34.564, NVIDIA H200, 26, 0 %, 0 %, 74337 MiB, 143771 MiB
2026/08/05 22:53:37.564, NVIDIA H200, 25, 0 %, 0 %, 74337 MiB, 143771 MiB
2026/08/05 22:53:40.565, NVIDIA H200, 37, 71 %, 35 %, 74337 MiB, 143771 MiB
2026/08/05 22:53:43.565, NVIDIA H200, 43, 98 %, 38 %, 74337 MiB, 143771 MiB
2026/08/05 22:53:46.566, NVIDIA H200, 50, 100 %, 43 %, 74337 MiB, 143771 MiB
2026/08/05 22:53:49.567, NVIDIA H200, 47, 100 %, 49 %, 74337 MiB, 143771 MiB
2026/08/05 22:53:52.568, NVIDIA H200, 45, 100 %, 46 %, 74337 MiB, 143771 MiB
2026/08/05 22:53:55.568, NVIDIA H200, 49, 100 %, 43 %, 74337 MiB, 143771 MiB
2026/08/05 22:53:58.569, NVIDIA H200, 48, 97 %, 52 %, 74337 MiB, 143771 MiB
2026/08/05 22:54:01.569, NVIDIA H200, 36, 97 %, 35 %, 74337 MiB, 143771 MiB
2026/08/05 22:54:04.570, NVIDIA H200, 43, 100 %, 49 %, 74337 MiB, 143771 MiB
2026/08/05 22:54:07.571, NVIDIA H200, 47, 100 %, 46 %, 74337 MiB, 143771 MiB
2026/08/05 22:54:10.571, NVIDIA H200, 46, 100 %, 30 %, 74337 MiB, 143771 MiB
2026/08/05 22:54:13.572, NVIDIA H200, 49, 100 %, 41 %, 74337 MiB, 143771 MiB
2026/08/05 22:54:16.572, NVIDIA H200, 46, 100 %, 45 %, 74337 MiB, 143771 MiB
2026/08/05 22:54:19.573, NVIDIA H200, 42, 35 %, 1 %, 74337 MiB, 143771 MiB
2026/08/05 22:54:22.573, NVIDIA H200, 45, 100 %, 55 %, 74337 MiB, 143771 MiB
2026/08/05 22:54:25.574, NVIDIA H200, 45, 97 %, 49 %, 74337 MiB, 143771 MiB
2026/08/05 22:54:28.574, NVIDIA H200, 45, 100 %, 32 %, 74337 MiB, 143771 MiB
2026/08/05 22:54:31.575, NVIDIA H200, 50, 100 %, 41 %, 74337 MiB, 143771 MiB
2026/08/05 22:54:34.575, NVIDIA H200, 47, 100 %, 45 %, 74337 MiB, 143771 MiB
2026/08/05 22:54:37.576, NVIDIA H200, 46, 100 %, 50 %, 74337 MiB, 143771 MiB
2026/08/05 22:54:40.577, NVIDIA H200, 35, 1 %, 0 %, 74337 MiB, 143771 MiB
2026/08/05 22:54:43.577, NVIDIA H200, 45, 97 %, 51 %, 74337 MiB, 143771 MiB
2026/08/05 22:54:46.578, NVIDIA H200, 46, 100 %, 38 %, 74337 MiB, 143771 MiB
2026/08/05 22:54:49.578, NVIDIA H200, 46, 100 %, 42 %, 74337 MiB, 143771 MiB
2026/08/05 22:54:52.579, NVIDIA H200, 46, 100 %, 44 %, 74337 MiB, 143771 MiB
2026/08/05 22:54:55.579, NVIDIA H200, 45, 95 %, 31 %, 74337 MiB, 143771 MiB
2026/08/05 22:54:58.580, NVIDIA H200, 35, 0 %, 0 %, 74337 MiB, 143771 MiB
2026/08/05 22:55:01.581, NVIDIA H200, 43, 100 %, 52 %, 74337 MiB, 143771 MiB
2026/08/05 22:55:04.582, NVIDIA H200, 40, 22 %, 12 %, 74337 MiB, 143771 MiB
2026/08/05 22:55:07.582, NVIDIA H200, 46, 99 %, 35 %, 74337 MiB, 143771 MiB
2026/08/05 22:55:10.583, NVIDIA H200, 50, 100 %, 42 %, 74337 MiB, 143771 MiB
2026/08/05 22:55:13.583, NVIDIA H200, 26, 0 %, 0 %, 74337 MiB, 143771 MiB
2026/08/05 22:55:16.584, NVIDIA H200, 25, 0 %, 0 %, 74337 MiB, 143771 MiB
2026/08/05 22:55:19.584, NVIDIA H200, 28, 0 %, 0 %, 74337 MiB, 143771 MiB
2026/08/05 22:55:22.585, NVIDIA H200, 42, 99 %, 40 %, 74337 MiB, 143771 MiB
2026/08/05 22:55:25.586, NVIDIA H200, 25, 0 %, 0 %, 74337 MiB, 143771 MiB
2026/08/05 22:55:28.586, NVIDIA H200, 24, 0 %, 0 %, 74337 MiB, 143771 MiB
2026/08/05 22:55:31.587, NVIDIA H200, 43, 100 %, 41 %, 74337 MiB, 143771 MiB
2026/08/05 22:55:34.587, NVIDIA H200, 44, 100 %, 43 %, 74337 MiB, 143771 MiB
2026/08/05 22:55:37.588, NVIDIA H200, 41, 39 %, 3 %, 74337 MiB, 143771 MiB
2026/08/05 22:55:40.588, NVIDIA H200, 44, 100 %, 30 %, 74337 MiB, 143771 MiB
2026/08/05 22:55:43.589, NVIDIA H200, 44, 100 %, 43 %, 74337 MiB, 143771 MiB
2026/08/05 22:55:46.589, NVIDIA H200, 42, 100 %, 46 %, 74337 MiB, 143771 MiB
2026/08/05 22:55:49.590, NVIDIA H200, 45, 100 %, 47 %, 74337 MiB, 143771 MiB
2026/08/05 22:55:52.590, NVIDIA H200, 47, 100 %, 47 %, 74337 MiB, 143771 MiB
2026/08/05 22:55:55.591, NVIDIA H200, 48, 100 %, 46 %, 74337 MiB, 143771 MiB
2026/08/05 22:55:58.591, NVIDIA H200, 48, 100 %, 40 %, 74337 MiB, 143771 MiB
2026/08/05 22:56:01.592, NVIDIA H200, 38, 0 %, 0 %, 74337 MiB, 143771 MiB
2026/08/05 22:56:04.595, NVIDIA H200, 46, 100 %, 48 %, 74337 MiB, 143771 MiB
2026/08/05 22:56:07.595, NVIDIA H200, 47, 100 %, 44 %, 74337 MiB, 143771 MiB
2026/08/05 22:56:10.596, NVIDIA H200, 45, 100 %, 50 %, 74337 MiB, 143771 MiB
2026/08/05 22:56:13.596, NVIDIA H200, 43, 97 %, 55 %, 74337 MiB, 143771 MiB
2026/08/05 22:56:16.597, NVIDIA H200, 48, 100 %, 42 %, 74337 MiB, 143771 MiB
2026/08/05 22:56:19.598, NVIDIA H200, 42, 98 %, 51 %, 74337 MiB, 143771 MiB
2026/08/05 22:56:22.598, NVIDIA H200, 45, 98 %, 49 %, 74337 MiB, 143771 MiB
2026/08/05 22:56:25.599, NVIDIA H200, 40, 85 %, 38 %, 74337 MiB, 143771 MiB
2026/08/05 22:56:28.599, NVIDIA H200, 47, 100 %, 44 %, 74337 MiB, 143771 MiB
2026/08/05 22:56:31.600, NVIDIA H200, 35, 0 %, 0 %, 74337 MiB, 143771 MiB
2026/08/05 22:56:34.600, NVIDIA H200, 49, 100 %, 41 %, 74337 MiB, 143771 MiB
2026/08/05 22:56:37.601, NVIDIA H200, 45, 97 %, 52 %, 74337 MiB, 143771 MiB
2026/08/05 22:56:40.602, NVIDIA H200, 46, 100 %, 46 %, 74337 MiB, 143771 MiB
2026/08/05 22:56:43.602, NVIDIA H200, 44, 85 %, 43 %, 74337 MiB, 143771 MiB
2026/08/05 22:56:46.603, NVIDIA H200, 47, 100 %, 46 %, 74337 MiB, 143771 MiB
2026/08/05 22:56:49.603, NVIDIA H200, 48, 97 %, 35 %, 74337 MiB, 143771 MiB
2026/08/05 22:56:52.604, NVIDIA H200, 44, 86 %, 41 %, 74337 MiB, 143771 MiB
2026/08/05 22:56:55.605, NVIDIA H200, 48, 99 %, 38 %, 74337 MiB, 143771 MiB
2026/08/05 22:56:58.605, NVIDIA H200, 47, 100 %, 42 %, 74337 MiB, 143771 MiB
2026/08/05 22:57:01.606, NVIDIA H200, 26, 0 %, 0 %, 74337 MiB, 143771 MiB
2026/08/05 22:57:04.606, NVIDIA H200, 25, 0 %, 0 %, 74337 MiB, 143771 MiB
2026/08/05 22:57:07.607, NVIDIA H200, 33, 39 %, 21 %, 74337 MiB, 143771 MiB
2026/08/05 22:57:10.608, NVIDIA H200, 42, 100 %, 54 %, 74337 MiB, 143771 MiB
2026/08/05 22:57:13.608, NVIDIA H200, 25, 0 %, 0 %, 74337 MiB, 143771 MiB
2026/08/05 22:57:16.609, NVIDIA H200, 24, 0 %, 0 %, 74337 MiB, 143771 MiB
2026/08/05 22:57:19.610, NVIDIA H200, 46, 100 %, 49 %, 74337 MiB, 143771 MiB
2026/08/05 22:57:22.610, NVIDIA H200, 42, 97 %, 34 %, 74337 MiB, 143771 MiB
2026/08/05 22:57:25.611, NVIDIA H200, 48, 100 %, 46 %, 74337 MiB, 143771 MiB
2026/08/05 22:57:28.611, NVIDIA H200, 46, 100 %, 45 %, 74337 MiB, 143771 MiB
2026/08/05 22:57:31.612, NVIDIA H200, 43, 100 %, 45 %, 74337 MiB, 143771 MiB
2026/08/05 22:57:34.612, NVIDIA H200, 44, 98 %, 56 %, 74337 MiB, 143771 MiB
2026/08/05 22:57:37.613, NVIDIA H200, 47, 50 %, 20 %, 74337 MiB, 143771 MiB
2026/08/05 22:57:40.613, NVIDIA H200, 38, 12 %, 0 %, 74337 MiB, 143771 MiB
2026/08/05 22:57:43.614, NVIDIA H200, 42, 99 %, 38 %, 74337 MiB, 143771 MiB
2026/08/05 22:57:46.615, NVIDIA H200, 46, 100 %, 44 %, 74337 MiB, 143771 MiB
2026/08/05 22:57:49.615, NVIDIA H200, 46, 100 %, 39 %, 74337 MiB, 143771 MiB
2026/08/05 22:57:52.616, NVIDIA H200, 42, 98 %, 36 %, 74337 MiB, 143771 MiB
2026/08/05 22:57:55.616, NVIDIA H200, 44, 100 %, 30 %, 74337 MiB, 143771 MiB
2026/08/05 22:57:58.617, NVIDIA H200, 45, 100 %, 37 %, 74337 MiB, 143771 MiB
2026/08/05 22:58:01.617, NVIDIA H200, 47, 97 %, 29 %, 74337 MiB, 143771 MiB
2026/08/05 22:58:04.618, NVIDIA H200, 48, 100 %, 50 %, 74337 MiB, 143771 MiB
2026/08/05 22:58:07.619, NVIDIA H200, 43, 98 %, 48 %, 74337 MiB, 143771 MiB
2026/08/05 22:58:10.619, NVIDIA H200, 41, 41 %, 7 %, 74337 MiB, 143771 MiB
2026/08/05 22:58:13.620, NVIDIA H200, 37, 24 %, 15 %, 74337 MiB, 143771 MiB
2026/08/05 22:58:16.620, NVIDIA H200, 48, 100 %, 40 %, 74337 MiB, 143771 MiB
2026/08/05 22:58:19.621, NVIDIA H200, 37, 84 %, 30 %, 74337 MiB, 143771 MiB
2026/08/05 22:58:22.622, NVIDIA H200, 39, 100 %, 45 %, 74337 MiB, 143771 MiB
2026/08/05 22:58:25.622, NVIDIA H200, 48, 100 %, 46 %, 74337 MiB, 143771 MiB
2026/08/05 22:58:28.623, NVIDIA H200, 37, 4 %, 0 %, 74337 MiB, 143771 MiB
2026/08/05 22:58:31.624, NVIDIA H200, 48, 100 %, 49 %, 74337 MiB, 143771 MiB
2026/08/05 22:58:34.624, NVIDIA H200, 37, 23 %, 12 %, 74337 MiB, 143771 MiB
2026/08/05 22:58:37.625, NVIDIA H200, 45, 99 %, 53 %, 74337 MiB, 143771 MiB
2026/08/05 22:58:40.625, NVIDIA H200, 42, 80 %, 37 %, 74337 MiB, 143771 MiB
2026/08/05 22:58:43.626, NVIDIA H200, 45, 98 %, 37 %, 74337 MiB, 143771 MiB
2026/08/05 22:58:46.626, NVIDIA H200, 50, 100 %, 40 %, 74337 MiB, 143771 MiB
2026/08/05 22:58:49.627, NVIDIA H200, 28, 0 %, 0 %, 74337 MiB, 143771 MiB
2026/08/05 22:58:52.628, NVIDIA H200, 25, 0 %, 0 %, 74337 MiB, 143771 MiB
2026/08/05 22:58:55.628, NVIDIA H200, 33, 100 %, 43 %, 74337 MiB, 143771 MiB
2026/08/05 22:58:58.629, NVIDIA H200, 41, 100 %, 51 %, 74337 MiB, 143771 MiB
2026/08/05 22:59:01.629, NVIDIA H200, 26, 0 %, 0 %, 74337 MiB, 143771 MiB
2026/08/05 22:59:04.630, NVIDIA H200, 24, 0 %, 0 %, 74337 MiB, 143771 MiB
2026/08/05 22:59:07.631, NVIDIA H200, 24, 0 %, 0 %, 74337 MiB, 143771 MiB
2026/08/05 22:59:10.631, NVIDIA H200, 24, 0 %, 0 %, 74337 MiB, 143771 MiB
2026/08/05 22:59:13.632, NVIDIA H200, 42, 100 %, 40 %, 74337 MiB, 143771 MiB
2026/08/05 22:59:16.632, NVIDIA H200, 44, 100 %, 49 %, 74337 MiB, 143771 MiB
2026/08/05 22:59:19.633, NVIDIA H200, 45, 100 %, 51 %, 74337 MiB, 143771 MiB
2026/08/05 22:59:22.634, NVIDIA H200, 48, 100 %, 46 %, 74337 MiB, 143771 MiB
2026/08/05 22:59:25.634, NVIDIA H200, 46, 100 %, 50 %, 74337 MiB, 143771 MiB
2026/08/05 22:59:28.635, NVIDIA H200, 48, 100 %, 30 %, 74337 MiB, 143771 MiB
2026/08/05 22:59:31.635, NVIDIA H200, 44, 100 %, 41 %, 74337 MiB, 143771 MiB
2026/08/05 22:59:34.636, NVIDIA H200, 46, 100 %, 50 %, 74337 MiB, 143771 MiB
2026/08/05 22:59:37.637, NVIDIA H200, 48, 100 %, 31 %, 74337 MiB, 143771 MiB
2026/08/05 22:59:40.637, NVIDIA H200, 45, 100 %, 42 %, 74337 MiB, 143771 MiB
2026/08/05 22:59:43.637, NVIDIA H200, 47, 98 %, 29 %, 74337 MiB, 143771 MiB
2026/08/05 22:59:46.638, NVIDIA H200, 46, 100 %, 41 %, 74337 MiB, 143771 MiB
2026/08/05 22:59:49.638, NVIDIA H200, 49, 100 %, 30 %, 74337 MiB, 143771 MiB
2026/08/05 22:59:52.639, NVIDIA H200, 46, 100 %, 41 %, 74337 MiB, 143771 MiB
2026/08/05 22:59:55.640, NVIDIA H200, 47, 100 %, 49 %, 74337 MiB, 143771 MiB
2026/08/05 22:59:58.641, NVIDIA H200, 47, 100 %, 41 %, 74337 MiB, 143771 MiB
2026/08/05 23:00:01.641, NVIDIA H200, 43, 100 %, 44 %, 74337 MiB, 143771 MiB
2026/08/05 23:00:04.642, NVIDIA H200, 46, 98 %, 59 %, 74337 MiB, 143771 MiB
2026/08/05 23:00:07.642, NVIDIA H200, 49, 100 %, 31 %, 74337 MiB, 143771 MiB
2026/08/05 23:00:10.643, NVIDIA H200, 47, 100 %, 40 %, 74337 MiB, 143771 MiB
2026/08/05 23:00:13.643, NVIDIA H200, 47, 98 %, 52 %, 74337 MiB, 143771 MiB
2026/08/05 23:00:16.644, NVIDIA H200, 48, 100 %, 40 %, 74337 MiB, 143771 MiB
2026/08/05 23:00:19.645, NVIDIA H200, 46, 100 %, 43 %, 74337 MiB, 143771 MiB
2026/08/05 23:00:22.645, NVIDIA H200, 48, 99 %, 47 %, 74337 MiB, 143771 MiB
2026/08/05 23:00:25.646, NVIDIA H200, 50, 100 %, 33 %, 74337 MiB, 143771 MiB
2026/08/05 23:00:28.646, NVIDIA H200, 48, 100 %, 46 %, 74337 MiB, 143771 MiB
2026/08/05 23:00:31.647, NVIDIA H200, 43, 32 %, 1 %, 74337 MiB, 143771 MiB
2026/08/05 23:00:34.647, NVIDIA H200, 46, 98 %, 50 %, 74337 MiB, 143771 MiB
2026/08/05 23:00:37.648, NVIDIA H200, 44, 100 %, 44 %, 74337 MiB, 143771 MiB
2026/08/05 23:00:40.649, NVIDIA H200, 50, 100 %, 43 %, 74337 MiB, 143771 MiB
2026/08/05 23:00:43.649, NVIDIA H200, 28, 0 %, 0 %, 74337 MiB, 143771 MiB
2026/08/05 23:00:46.650, NVIDIA H200, 25, 0 %, 0 %, 74337 MiB, 143771 MiB
2026/08/05 23:00:49.650, NVIDIA H200, 25, 0 %, 0 %, 74337 MiB, 143771 MiB
2026/08/05 23:00:52.650, NVIDIA H200, 31, 100 %, 49 %, 74337 MiB, 143771 MiB
2026/08/05 23:00:55.651, NVIDIA H200, 26, 0 %, 0 %, 74337 MiB, 143771 MiB
2026/08/05 23:00:58.651, NVIDIA H200, 24, 0 %, 0 %, 74337 MiB, 143771 MiB
2026/08/05 23:01:01.652, NVIDIA H200, 38, 100 %, 40 %, 74337 MiB, 143771 MiB
2026/08/05 23:01:04.652, NVIDIA H200, 47, 98 %, 45 %, 74337 MiB, 143771 MiB
2026/08/05 23:01:07.653, NVIDIA H200, 46, 100 %, 49 %, 74337 MiB, 143771 MiB
2026/08/05 23:01:10.653, NVIDIA H200, 36, 100 %, 46 %, 74337 MiB, 143771 MiB
2026/08/05 23:01:13.656, NVIDIA H200, 47, 97 %, 46 %, 74337 MiB, 143771 MiB
2026/08/05 23:01:16.656, NVIDIA H200, 45, 97 %, 55 %, 74337 MiB, 143771 MiB
2026/08/05 23:01:19.657, NVIDIA H200, 48, 98 %, 29 %, 74337 MiB, 143771 MiB
2026/08/05 23:01:22.658, NVIDIA H200, 45, 100 %, 49 %, 74337 MiB, 143771 MiB
2026/08/05 23:01:25.658, NVIDIA H200, 43, 100 %, 45 %, 74337 MiB, 143771 MiB
2026/08/05 23:01:28.659, NVIDIA H200, 44, 74 %, 24 %, 74337 MiB, 143771 MiB
2026/08/05 23:01:31.659, NVIDIA H200, 47, 97 %, 48 %, 74337 MiB, 143771 MiB
2026/08/05 23:01:34.660, NVIDIA H200, 48, 96 %, 29 %, 74337 MiB, 143771 MiB
2026/08/05 23:01:37.660, NVIDIA H200, 47, 100 %, 48 %, 74337 MiB, 143771 MiB
2026/08/05 23:01:40.661, NVIDIA H200, 49, 100 %, 44 %, 74337 MiB, 143771 MiB
2026/08/05 23:01:43.662, NVIDIA H200, 36, 0 %, 0 %, 74337 MiB, 143771 MiB
2026/08/05 23:01:46.662, NVIDIA H200, 45, 91 %, 34 %, 74337 MiB, 143771 MiB
2026/08/05 23:01:49.663, NVIDIA H200, 47, 100 %, 44 %, 74337 MiB, 143771 MiB
2026/08/05 23:01:52.663, NVIDIA H200, 46, 100 %, 49 %, 74337 MiB, 143771 MiB
2026/08/05 23:01:55.664, NVIDIA H200, 46, 98 %, 48 %, 74337 MiB, 143771 MiB
2026/08/05 23:01:58.665, NVIDIA H200, 47, 100 %, 49 %, 74337 MiB, 143771 MiB
2026/08/05 23:02:01.665, NVIDIA H200, 44, 100 %, 44 %, 74337 MiB, 143771 MiB
2026/08/05 23:02:04.666, NVIDIA H200, 46, 97 %, 49 %, 74337 MiB, 143771 MiB
2026/08/05 23:02:07.667, NVIDIA H200, 42, 100 %, 46 %, 74337 MiB, 143771 MiB
2026/08/05 23:02:10.667, NVIDIA H200, 47, 100 %, 42 %, 74337 MiB, 143771 MiB
2026/08/05 23:02:13.668, NVIDIA H200, 48, 100 %, 39 %, 74337 MiB, 143771 MiB
2026/08/05 23:02:16.668, NVIDIA H200, 40, 97 %, 45 %, 74337 MiB, 143771 MiB
2026/08/05 23:02:19.669, NVIDIA H200, 46, 97 %, 49 %, 74337 MiB, 143771 MiB
2026/08/05 23:02:22.669, NVIDIA H200, 43, 97 %, 41 %, 74337 MiB, 143771 MiB
2026/08/05 23:02:25.670, NVIDIA H200, 51, 100 %, 45 %, 74337 MiB, 143771 MiB
2026/08/05 23:02:28.670, NVIDIA H200, 50, 100 %, 41 %, 74337 MiB, 143771 MiB
2026/08/05 23:02:31.671, NVIDIA H200, 26, 0 %, 0 %, 74337 MiB, 143771 MiB
2026/08/05 23:02:34.671, NVIDIA H200, 25, 0 %, 0 %, 74337 MiB, 143771 MiB
2026/08/05 23:02:37.672, NVIDIA H200, 28, 0 %, 0 %, 74337 MiB, 143771 MiB
2026/08/05 23:02:40.673, NVIDIA H200, 33, 11 %, 2 %, 74337 MiB, 143771 MiB
2026/08/05 23:02:43.673, NVIDIA H200, 25, 0 %, 0 %, 74337 MiB, 143771 MiB
2026/08/05 23:02:46.674, NVIDIA H200, 24, 0 %, 0 %, 74337 MiB, 143771 MiB
2026/08/05 23:02:49.675, NVIDIA H200, 43, 100 %, 43 %, 74337 MiB, 143771 MiB
2026/08/05 23:02:52.675, NVIDIA H200, 34, 0 %, 0 %, 74337 MiB, 143771 MiB
2026/08/05 23:02:55.676, NVIDIA H200, 44, 100 %, 54 %, 74337 MiB, 143771 MiB
2026/08/05 23:02:58.676, NVIDIA H200, 47, 100 %, 43 %, 74337 MiB, 143771 MiB
2026/08/05 23:03:01.677, NVIDIA H200, 46, 100 %, 52 %, 74337 MiB, 143771 MiB
2026/08/05 23:03:04.677, NVIDIA H200, 42, 99 %, 52 %, 74337 MiB, 143771 MiB
2026/08/05 23:03:07.678, NVIDIA H200, 46, 100 %, 45 %, 74337 MiB, 143771 MiB
2026/08/05 23:03:10.678, NVIDIA H200, 47, 100 %, 31 %, 74337 MiB, 143771 MiB
2026/08/05 23:03:13.679, NVIDIA H200, 49, 100 %, 50 %, 74337 MiB, 143771 MiB
2026/08/05 23:03:16.680, NVIDIA H200, 46, 97 %, 48 %, 74337 MiB, 143771 MiB
2026/08/05 23:03:19.680, NVIDIA H200, 45, 100 %, 42 %, 74337 MiB, 143771 MiB
2026/08/05 23:03:22.681, NVIDIA H200, 48, 97 %, 34 %, 74337 MiB, 143771 MiB
2026/08/05 23:03:25.681, NVIDIA H200, 43, 90 %, 46 %, 74337 MiB, 143771 MiB
2026/08/05 23:03:28.682, NVIDIA H200, 45, 100 %, 42 %, 74337 MiB, 143771 MiB
2026/08/05 23:03:31.683, NVIDIA H200, 45, 100 %, 45 %, 74337 MiB, 143771 MiB
2026/08/05 23:03:34.683, NVIDIA H200, 47, 100 %, 40 %, 74337 MiB, 143771 MiB
2026/08/05 23:03:37.684, NVIDIA H200, 37, 100 %, 42 %, 74337 MiB, 143771 MiB
2026/08/05 23:03:40.684, NVIDIA H200, 46, 100 %, 49 %, 74337 MiB, 143771 MiB
2026/08/05 23:03:43.685, NVIDIA H200, 46, 100 %, 41 %, 74337 MiB, 143771 MiB
2026/08/05 23:03:46.686, NVIDIA H200, 48, 100 %, 45 %, 74337 MiB, 143771 MiB
2026/08/05 23:03:49.686, NVIDIA H200, 47, 99 %, 46 %, 74337 MiB, 143771 MiB
2026/08/05 23:03:52.687, NVIDIA H200, 49, 100 %, 38 %, 74337 MiB, 143771 MiB
2026/08/05 23:03:55.687, NVIDIA H200, 46, 100 %, 50 %, 74337 MiB, 143771 MiB
2026/08/05 23:03:58.688, NVIDIA H200, 46, 97 %, 49 %, 74337 MiB, 143771 MiB
2026/08/05 23:04:01.688, NVIDIA H200, 48, 100 %, 41 %, 74337 MiB, 143771 MiB
2026/08/05 23:04:04.689, NVIDIA H200, 48, 100 %, 45 %, 74337 MiB, 143771 MiB
2026/08/05 23:04:07.689, NVIDIA H200, 45, 68 %, 34 %, 74337 MiB, 143771 MiB
2026/08/05 23:04:10.690, NVIDIA H200, 47, 100 %, 40 %, 74337 MiB, 143771 MiB
2026/08/05 23:04:13.690, NVIDIA H200, 48, 99 %, 47 %, 74337 MiB, 143771 MiB
2026/08/05 23:04:16.691, NVIDIA H200, 48, 99 %, 52 %, 74337 MiB, 143771 MiB
2026/08/05 23:04:19.692, NVIDIA H200, 26, 0 %, 0 %, 74337 MiB, 143771 MiB
2026/08/05 23:04:22.692, NVIDIA H200, 41, 99 %, 44 %, 74337 MiB, 143771 MiB
2026/08/05 23:04:25.692, NVIDIA H200, 42, 100 %, 54 %, 74337 MiB, 143771 MiB
2026/08/05 23:04:28.693, NVIDIA H200, 25, 0 %, 0 %, 74337 MiB, 143771 MiB
2026/08/05 23:04:31.694, NVIDIA H200, 24, 0 %, 0 %, 74337 MiB, 143771 MiB
2026/08/05 23:04:34.694, NVIDIA H200, 38, 28 %, 16 %, 74337 MiB, 143771 MiB
2026/08/05 23:04:37.695, NVIDIA H200, 45, 100 %, 48 %, 74337 MiB, 143771 MiB
2026/08/05 23:04:40.695, NVIDIA H200, 44, 100 %, 47 %, 74337 MiB, 143771 MiB
2026/08/05 23:04:43.696, NVIDIA H200, 48, 100 %, 31 %, 74337 MiB, 143771 MiB
2026/08/05 23:04:46.697, NVIDIA H200, 46, 100 %, 41 %, 74337 MiB, 143771 MiB
2026/08/05 23:04:49.697, NVIDIA H200, 43, 73 %, 36 %, 74337 MiB, 143771 MiB
2026/08/05 23:04:52.698, NVIDIA H200, 47, 100 %, 40 %, 74337 MiB, 143771 MiB
2026/08/05 23:04:55.699, NVIDIA H200, 39, 100 %, 47 %, 74337 MiB, 143771 MiB
2026/08/05 23:04:58.699, NVIDIA H200, 47, 100 %, 41 %, 74337 MiB, 143771 MiB
2026/08/05 23:05:01.700, NVIDIA H200, 38, 100 %, 45 %, 74337 MiB, 143771 MiB
2026/08/05 23:05:04.700, NVIDIA H200, 47, 99 %, 55 %, 74337 MiB, 143771 MiB
2026/08/05 23:05:07.701, NVIDIA H200, 48, 100 %, 40 %, 74337 MiB, 143771 MiB
2026/08/05 23:05:10.701, NVIDIA H200, 35, 71 %, 34 %, 74337 MiB, 143771 MiB
2026/08/05 23:05:13.702, NVIDIA H200, 46, 57 %, 26 %, 74337 MiB, 143771 MiB
2026/08/05 23:05:16.703, NVIDIA H200, 48, 100 %, 39 %, 74337 MiB, 143771 MiB
2026/08/05 23:05:19.703, NVIDIA H200, 40, 100 %, 37 %, 74337 MiB, 143771 MiB
2026/08/05 23:05:22.704, NVIDIA H200, 47, 98 %, 44 %, 74337 MiB, 143771 MiB
2026/08/05 23:05:25.704, NVIDIA H200, 38, 100 %, 45 %, 74337 MiB, 143771 MiB
2026/08/05 23:05:28.705, NVIDIA H200, 46, 100 %, 54 %, 74337 MiB, 143771 MiB
2026/08/05 23:05:31.706, NVIDIA H200, 47, 100 %, 45 %, 74337 MiB, 143771 MiB
2026/08/05 23:05:34.706, NVIDIA H200, 46, 100 %, 39 %, 74337 MiB, 143771 MiB
2026/08/05 23:05:37.707, NVIDIA H200, 43, 98 %, 38 %, 74337 MiB, 143771 MiB
2026/08/05 23:05:40.707, NVIDIA H200, 47, 100 %, 54 %, 74337 MiB, 143771 MiB
2026/08/05 23:05:43.707, NVIDIA H200, 46, 100 %, 39 %, 74337 MiB, 143771 MiB
2026/08/05 23:05:46.708, NVIDIA H200, 46, 56 %, 19 %, 74337 MiB, 143771 MiB
2026/08/05 23:05:49.709, NVIDIA H200, 48, 100 %, 34 %, 74337 MiB, 143771 MiB
2026/08/05 23:05:52.709, NVIDIA H200, 47, 99 %, 41 %, 74337 MiB, 143771 MiB
2026/08/05 23:05:55.710, NVIDIA H200, 47, 100 %, 50 %, 74337 MiB, 143771 MiB
2026/08/05 23:05:58.710, NVIDIA H200, 48, 98 %, 48 %, 74337 MiB, 143771 MiB
2026/08/05 23:06:01.711, NVIDIA H200, 32, 0 %, 0 %, 74337 MiB, 143771 MiB
2026/08/05 23:06:04.711, NVIDIA H200, 25, 0 %, 0 %, 74337 MiB, 143771 MiB
2026/08/05 23:06:07.712, NVIDIA H200, 29, 0 %, 0 %, 74337 MiB, 143771 MiB
2026/08/05 23:06:10.713, NVIDIA H200, 29, 0 %, 0 %, 74337 MiB, 143771 MiB
2026/08/05 23:06:13.713, NVIDIA H200, 25, 0 %, 0 %, 74337 MiB, 143771 MiB
2026/08/05 23:06:16.714, NVIDIA H200, 25, 0 %, 0 %, 74337 MiB, 143771 MiB
2026/08/05 23:06:19.714, NVIDIA H200, 44, 100 %, 49 %, 74337 MiB, 143771 MiB
2026/08/05 23:06:22.715, NVIDIA H200, 44, 97 %, 55 %, 74337 MiB, 143771 MiB
2026/08/05 23:06:25.716, NVIDIA H200, 47, 98 %, 37 %, 74337 MiB, 143771 MiB
2026/08/05 23:06:28.716, NVIDIA H200, 44, 100 %, 54 %, 74337 MiB, 143771 MiB
2026/08/05 23:06:31.717, NVIDIA H200, 48, 100 %, 41 %, 74337 MiB, 143771 MiB
2026/08/05 23:06:34.717, NVIDIA H200, 40, 100 %, 41 %, 74337 MiB, 143771 MiB
2026/08/05 23:06:37.718, NVIDIA H200, 46, 98 %, 50 %, 74337 MiB, 143771 MiB
2026/08/05 23:06:40.718, NVIDIA H200, 46, 100 %, 39 %, 74337 MiB, 143771 MiB
2026/08/05 23:06:43.719, NVIDIA H200, 42, 100 %, 46 %, 74337 MiB, 143771 MiB
2026/08/05 23:06:46.720, NVIDIA H200, 45, 99 %, 52 %, 74337 MiB, 143771 MiB
2026/08/05 23:06:49.720, NVIDIA H200, 46, 98 %, 48 %, 74337 MiB, 143771 MiB
2026/08/05 23:06:52.721, NVIDIA H200, 46, 100 %, 48 %, 74337 MiB, 143771 MiB
2026/08/05 23:06:55.721, NVIDIA H200, 46, 100 %, 48 %, 74337 MiB, 143771 MiB
2026/08/05 23:06:58.722, NVIDIA H200, 45, 97 %, 48 %, 74337 MiB, 143771 MiB
2026/08/05 23:07:01.722, NVIDIA H200, 46, 100 %, 44 %, 74337 MiB, 143771 MiB
2026/08/05 23:07:04.723, NVIDIA H200, 48, 98 %, 40 %, 74337 MiB, 143771 MiB
2026/08/05 23:07:07.723, NVIDIA H200, 47, 100 %, 54 %, 74337 MiB, 143771 MiB
2026/08/05 23:07:10.724, NVIDIA H200, 46, 98 %, 46 %, 74337 MiB, 143771 MiB
2026/08/05 23:07:13.725, NVIDIA H200, 45, 100 %, 31 %, 74337 MiB, 143771 MiB
2026/08/05 23:07:16.725, NVIDIA H200, 49, 100 %, 46 %, 74337 MiB, 143771 MiB
2026/08/05 23:07:19.726, NVIDIA H200, 46, 100 %, 45 %, 74337 MiB, 143771 MiB
2026/08/05 23:07:22.726, NVIDIA H200, 48, 98 %, 41 %, 74337 MiB, 143771 MiB
2026/08/05 23:07:25.727, NVIDIA H200, 39, 86 %, 38 %, 74337 MiB, 143771 MiB
2026/08/05 23:07:28.727, NVIDIA H200, 35, 0 %, 0 %, 74337 MiB, 143771 MiB
2026/08/05 23:07:31.728, NVIDIA H200, 47, 100 %, 37 %, 74337 MiB, 143771 MiB
2026/08/05 23:07:34.728, NVIDIA H200, 47, 100 %, 45 %, 74337 MiB, 143771 MiB
2026/08/05 23:07:37.729, NVIDIA H200, 45, 100 %, 46 %, 74337 MiB, 143771 MiB
2026/08/05 23:07:40.729, NVIDIA H200, 44, 67 %, 35 %, 74337 MiB, 143771 MiB
2026/08/05 23:07:43.730, NVIDIA H200, 50, 100 %, 44 %, 74337 MiB, 143771 MiB
2026/08/05 23:07:46.730, NVIDIA H200, 47, 98 %, 53 %, 74337 MiB, 143771 MiB
2026/08/05 23:07:49.731, NVIDIA H200, 27, 0 %, 0 %, 74337 MiB, 143771 MiB
2026/08/05 23:07:52.732, NVIDIA H200, 25, 0 %, 0 %, 74337 MiB, 143771 MiB
2026/08/05 23:07:55.733, NVIDIA H200, 29, 0 %, 0 %, 74337 MiB, 143771 MiB
2026/08/05 23:07:58.733, NVIDIA H200, 40, 98 %, 38 %, 74337 MiB, 143771 MiB
2026/08/05 23:08:01.734, NVIDIA H200, 25, 0 %, 0 %, 74337 MiB, 143771 MiB
2026/08/05 23:08:04.734, NVIDIA H200, 24, 0 %, 0 %, 74337 MiB, 143771 MiB
2026/08/05 23:08:07.735, NVIDIA H200, 24, 0 %, 0 %, 74337 MiB, 143771 MiB
2026/08/05 23:08:10.735, NVIDIA H200, 32, 36 %, 16 %, 74337 MiB, 143771 MiB
2026/08/05 23:08:13.736, NVIDIA H200, 44, 100 %, 47 %, 74337 MiB, 143771 MiB
2026/08/05 23:08:16.737, NVIDIA H200, 45, 97 %, 56 %, 74337 MiB, 143771 MiB
2026/08/05 23:08:19.737, NVIDIA H200, 43, 0 %, 0 %, 74337 MiB, 143771 MiB
2026/08/05 23:08:22.738, NVIDIA H200, 49, 100 %, 41 %, 74337 MiB, 143771 MiB
2026/08/05 23:08:25.738, NVIDIA H200, 46, 100 %, 45 %, 74337 MiB, 143771 MiB
2026/08/05 23:08:28.739, NVIDIA H200, 47, 97 %, 32 %, 74337 MiB, 143771 MiB
2026/08/05 23:08:31.739, NVIDIA H200, 47, 100 %, 43 %, 74337 MiB, 143771 MiB
2026/08/05 23:08:34.740, NVIDIA H200, 37, 6 %, 0 %, 74337 MiB, 143771 MiB
2026/08/05 23:08:37.740, NVIDIA H200, 47, 100 %, 45 %, 74337 MiB, 143771 MiB
2026/08/05 23:08:40.741, NVIDIA H200, 47, 100 %, 45 %, 74337 MiB, 143771 MiB
2026/08/05 23:08:43.741, NVIDIA H200, 48, 98 %, 36 %, 74337 MiB, 143771 MiB
2026/08/05 23:08:46.741, NVIDIA H200, 47, 97 %, 37 %, 74337 MiB, 143771 MiB
2026/08/05 23:08:49.742, NVIDIA H200, 47, 100 %, 43 %, 74337 MiB, 143771 MiB
2026/08/05 23:08:52.743, NVIDIA H200, 39, 25 %, 0 %, 74337 MiB, 143771 MiB
2026/08/05 23:08:55.744, NVIDIA H200, 45, 98 %, 59 %, 74337 MiB, 143771 MiB
2026/08/05 23:08:58.744, NVIDIA H200, 42, 100 %, 45 %, 74337 MiB, 143771 MiB
2026/08/05 23:09:01.745, NVIDIA H200, 47, 70 %, 23 %, 74337 MiB, 143771 MiB
2026/08/05 23:09:04.746, NVIDIA H200, 48, 100 %, 43 %, 74337 MiB, 143771 MiB
2026/08/05 23:09:07.746, NVIDIA H200, 45, 100 %, 39 %, 74337 MiB, 143771 MiB
2026/08/05 23:09:10.747, NVIDIA H200, 46, 97 %, 49 %, 74337 MiB, 143771 MiB
2026/08/05 23:09:13.747, NVIDIA H200, 45, 100 %, 42 %, 74337 MiB, 143771 MiB
2026/08/05 23:09:16.748, NVIDIA H200, 43, 19 %, 10 %, 74337 MiB, 143771 MiB
2026/08/05 23:09:19.749, NVIDIA H200, 47, 100 %, 42 %, 74337 MiB, 143771 MiB
2026/08/05 23:09:22.749, NVIDIA H200, 45, 99 %, 53 %, 74337 MiB, 143771 MiB
2026/08/05 23:09:25.750, NVIDIA H200, 45, 100 %, 30 %, 74337 MiB, 143771 MiB
2026/08/05 23:09:28.750, NVIDIA H200, 46, 99 %, 40 %, 74337 MiB, 143771 MiB
2026/08/05 23:09:31.751, NVIDIA H200, 46, 98 %, 45 %, 74337 MiB, 143771 MiB
2026/08/05 23:09:34.752, NVIDIA H200, 49, 100 %, 41 %, 74337 MiB, 143771 MiB
2026/08/05 23:09:37.752, NVIDIA H200, 47, 100 %, 37 %, 74337 MiB, 143771 MiB
2026/08/05 23:09:40.753, NVIDIA H200, 29, 0 %, 0 %, 74337 MiB, 143771 MiB
2026/08/05 23:09:43.753, NVIDIA H200, 27, 0 %, 0 %, 74337 MiB, 143771 MiB
2026/08/05 23:09:46.754, NVIDIA H200, 38, 69 %, 22 %, 74337 MiB, 143771 MiB
2026/08/05 23:09:49.754, NVIDIA H200, 25, 0 %, 0 %, 74337 MiB, 143771 MiB
2026/08/05 23:09:52.755, NVIDIA H200, 26, 0 %, 0 %, 74337 MiB, 143771 MiB
2026/08/05 23:09:55.755, NVIDIA H200, 24, 0 %, 0 %, 74337 MiB, 143771 MiB
2026/08/05 23:09:58.756, NVIDIA H200, 33, 46 %, 23 %, 74337 MiB, 143771 MiB
2026/08/05 23:10:01.756, NVIDIA H200, 42, 97 %, 50 %, 74337 MiB, 143771 MiB
2026/08/05 23:10:04.757, NVIDIA H200, 46, 97 %, 29 %, 74337 MiB, 143771 MiB
2026/08/05 23:10:07.757, NVIDIA H200, 44, 100 %, 44 %, 74337 MiB, 143771 MiB
2026/08/05 23:10:10.758, NVIDIA H200, 47, 98 %, 44 %, 74337 MiB, 143771 MiB
2026/08/05 23:10:13.758, NVIDIA H200, 44, 100 %, 32 %, 74337 MiB, 143771 MiB
2026/08/05 23:10:16.759, NVIDIA H200, 47, 100 %, 42 %, 74337 MiB, 143771 MiB
2026/08/05 23:10:19.760, NVIDIA H200, 47, 97 %, 31 %, 74337 MiB, 143771 MiB
2026/08/05 23:10:22.760, NVIDIA H200, 46, 97 %, 49 %, 74337 MiB, 143771 MiB
2026/08/05 23:10:25.761, NVIDIA H200, 47, 99 %, 31 %, 74337 MiB, 143771 MiB
2026/08/05 23:10:28.761, NVIDIA H200, 44, 70 %, 24 %, 74337 MiB, 143771 MiB
2026/08/05 23:10:31.762, NVIDIA H200, 47, 100 %, 42 %, 74337 MiB, 143771 MiB
2026/08/05 23:10:34.763, NVIDIA H200, 48, 98 %, 35 %, 74337 MiB, 143771 MiB
2026/08/05 23:10:37.763, NVIDIA H200, 44, 100 %, 53 %, 74337 MiB, 143771 MiB
2026/08/05 23:10:40.764, NVIDIA H200, 46, 100 %, 47 %, 74337 MiB, 143771 MiB
2026/08/05 23:10:43.764, NVIDIA H200, 37, 12 %, 0 %, 74337 MiB, 143771 MiB
2026/08/05 23:10:46.765, NVIDIA H200, 47, 100 %, 46 %, 74337 MiB, 143771 MiB
2026/08/05 23:10:49.765, NVIDIA H200, 47, 100 %, 47 %, 74337 MiB, 143771 MiB
2026/08/05 23:10:52.766, NVIDIA H200, 43, 62 %, 34 %, 74337 MiB, 143771 MiB
2026/08/05 23:10:55.767, NVIDIA H200, 48, 100 %, 40 %, 74337 MiB, 143771 MiB
2026/08/05 23:10:58.767, NVIDIA H200, 45, 100 %, 52 %, 74337 MiB, 143771 MiB
2026/08/05 23:11:01.768, NVIDIA H200, 44, 100 %, 32 %, 74337 MiB, 143771 MiB
2026/08/05 23:11:04.768, NVIDIA H200, 42, 99 %, 52 %, 74337 MiB, 143771 MiB
2026/08/05 23:11:07.769, NVIDIA H200, 46, 100 %, 30 %, 74337 MiB, 143771 MiB
2026/08/05 23:11:10.769, NVIDIA H200, 49, 100 %, 41 %, 74337 MiB, 143771 MiB
2026/08/05 23:11:13.770, NVIDIA H200, 47, 99 %, 45 %, 74337 MiB, 143771 MiB
2026/08/05 23:11:16.771, NVIDIA H200, 43, 97 %, 58 %, 74337 MiB, 143771 MiB
2026/08/05 23:11:19.771, NVIDIA H200, 42, 98 %, 34 %, 74337 MiB, 143771 MiB
2026/08/05 23:11:22.772, NVIDIA H200, 48, 100 %, 43 %, 74337 MiB, 143771 MiB
2026/08/05 23:11:25.773, NVIDIA H200, 46, 100 %, 30 %, 74337 MiB, 143771 MiB
2026/08/05 23:11:28.773, NVIDIA H200, 29, 0 %, 0 %, 74337 MiB, 143771 MiB
2026/08/05 23:11:31.774, NVIDIA H200, 25, 0 %, 0 %, 74337 MiB, 143771 MiB
2026/08/05 23:11:34.774, NVIDIA H200, 26, 0 %, 0 %, 74337 MiB, 143771 MiB
2026/08/05 23:11:37.775, NVIDIA H200, 25, 0 %, 0 %, 74337 MiB, 143771 MiB
2026/08/05 23:11:40.776, NVIDIA H200, 26, 0 %, 0 %, 74337 MiB, 143771 MiB
2026/08/05 23:11:43.776, NVIDIA H200, 24, 0 %, 0 %, 74337 MiB, 143771 MiB
2026/08/05 23:11:46.777, NVIDIA H200, 42, 100 %, 44 %, 74337 MiB, 143771 MiB
2026/08/05 23:11:49.777, NVIDIA H200, 46, 100 %, 49 %, 74337 MiB, 143771 MiB
2026/08/05 23:11:52.778, NVIDIA H200, 42, 17 %, 9 %, 74337 MiB, 143771 MiB
2026/08/05 23:11:55.778, NVIDIA H200, 46, 100 %, 40 %, 74337 MiB, 143771 MiB
2026/08/05 23:11:58.779, NVIDIA H200, 46, 99 %, 41 %, 74337 MiB, 143771 MiB
2026/08/05 23:12:01.779, NVIDIA H200, 50, 100 %, 42 %, 74337 MiB, 143771 MiB
2026/08/05 23:12:04.780, NVIDIA H200, 47, 100 %, 47 %, 74337 MiB, 143771 MiB
2026/08/05 23:12:07.781, NVIDIA H200, 46, 100 %, 41 %, 74337 MiB, 143771 MiB
2026/08/05 23:12:10.781, NVIDIA H200, 48, 100 %, 50 %, 74337 MiB, 143771 MiB
2026/08/05 23:12:13.782, NVIDIA H200, 42, 10 %, 2 %, 74337 MiB, 143771 MiB
2026/08/05 23:12:16.782, NVIDIA H200, 47, 100 %, 51 %, 74337 MiB, 143771 MiB
2026/08/05 23:12:19.783, NVIDIA H200, 47, 58 %, 21 %, 74337 MiB, 143771 MiB
2026/08/05 23:12:22.783, NVIDIA H200, 42, 100 %, 37 %, 74337 MiB, 143771 MiB
2026/08/05 23:12:25.784, NVIDIA H200, 50, 100 %, 41 %, 74337 MiB, 143771 MiB
2026/08/05 23:12:28.785, NVIDIA H200, 47, 100 %, 44 %, 74337 MiB, 143771 MiB
2026/08/05 23:12:31.785, NVIDIA H200, 47, 97 %, 49 %, 74337 MiB, 143771 MiB
2026/08/05 23:12:34.786, NVIDIA H200, 49, 100 %, 41 %, 74337 MiB, 143771 MiB
2026/08/05 23:12:37.786, NVIDIA H200, 37, 89 %, 32 %, 74337 MiB, 143771 MiB
2026/08/05 23:12:40.787, NVIDIA H200, 50, 100 %, 42 %, 74337 MiB, 143771 MiB
2026/08/05 23:12:43.788, NVIDIA H200, 39, 0 %, 0 %, 74337 MiB, 143771 MiB
2026/08/05 23:12:46.788, NVIDIA H200, 45, 100 %, 39 %, 74337 MiB, 143771 MiB
2026/08/05 23:12:49.789, NVIDIA H200, 39, 0 %, 0 %, 74337 MiB, 143771 MiB
2026/08/05 23:12:52.789, NVIDIA H200, 44, 100 %, 46 %, 74337 MiB, 143771 MiB
2026/08/05 23:12:55.790, NVIDIA H200, 47, 100 %, 50 %, 74337 MiB, 143771 MiB
2026/08/05 23:12:58.790, NVIDIA H200, 38, 68 %, 31 %, 74337 MiB, 143771 MiB
2026/08/05 23:13:01.791, NVIDIA H200, 41, 25 %, 0 %, 74337 MiB, 143771 MiB
2026/08/05 23:13:04.791, NVIDIA H200, 48, 100 %, 41 %, 74337 MiB, 143771 MiB
2026/08/05 23:13:07.792, NVIDIA H200, 37, 24 %, 14 %, 74337 MiB, 143771 MiB
2026/08/05 23:13:10.792, NVIDIA H200, 47, 100 %, 42 %, 74337 MiB, 143771 MiB
2026/08/05 23:13:13.793, NVIDIA H200, 46, 97 %, 56 %, 74337 MiB, 143771 MiB
2026/08/05 23:13:16.794, NVIDIA H200, 27, 0 %, 0 %, 74337 MiB, 143771 MiB
2026/08/05 23:13:19.794, NVIDIA H200, 25, 0 %, 0 %, 74337 MiB, 143771 MiB
2026/08/05 23:13:22.795, NVIDIA H200, 41, 99 %, 34 %, 74337 MiB, 143771 MiB
2026/08/05 23:13:25.796, NVIDIA H200, 35, 100 %, 55 %, 74337 MiB, 143771 MiB
2026/08/05 23:13:28.796, NVIDIA H200, 25, 0 %, 0 %, 74337 MiB, 143771 MiB
2026/08/05 23:13:31.797, NVIDIA H200, 34, 61 %, 18 %, 74337 MiB, 143771 MiB
2026/08/05 23:13:34.797, NVIDIA H200, 38, 60 %, 27 %, 74337 MiB, 143771 MiB
2026/08/05 23:13:37.798, NVIDIA H200, 43, 97 %, 36 %, 74337 MiB, 143771 MiB
2026/08/05 23:13:40.798, NVIDIA H200, 38, 32 %, 16 %, 74337 MiB, 143771 MiB
2026/08/05 23:13:43.799, NVIDIA H200, 46, 100 %, 40 %, 74337 MiB, 143771 MiB
2026/08/05 23:13:46.799, NVIDIA H200, 44, 98 %, 35 %, 74337 MiB, 143771 MiB
2026/08/05 23:13:49.800, NVIDIA H200, 46, 100 %, 38 %, 74337 MiB, 143771 MiB
2026/08/05 23:13:52.800, NVIDIA H200, 35, 0 %, 0 %, 74337 MiB, 143771 MiB
2026/08/05 23:13:55.801, NVIDIA H200, 45, 99 %, 51 %, 74337 MiB, 143771 MiB
2026/08/05 23:13:58.801, NVIDIA H200, 46, 100 %, 46 %, 74337 MiB, 143771 MiB
2026/08/05 23:14:01.802, NVIDIA H200, 45, 84 %, 29 %, 74337 MiB, 143771 MiB
2026/08/05 23:14:04.803, NVIDIA H200, 47, 100 %, 45 %, 74337 MiB, 143771 MiB
2026/08/05 23:14:07.803, NVIDIA H200, 35, 0 %, 0 %, 74337 MiB, 143771 MiB
2026/08/05 23:14:10.804, NVIDIA H200, 45, 100 %, 54 %, 74337 MiB, 143771 MiB
2026/08/05 23:14:13.805, NVIDIA H200, 49, 100 %, 40 %, 74337 MiB, 143771 MiB
2026/08/05 23:14:16.805, NVIDIA H200, 46, 100 %, 42 %, 74337 MiB, 143771 MiB
2026/08/05 23:14:19.806, NVIDIA H200, 45, 98 %, 53 %, 74337 MiB, 143771 MiB
2026/08/05 23:14:22.806, NVIDIA H200, 48, 98 %, 33 %, 74337 MiB, 143771 MiB
2026/08/05 23:14:25.807, NVIDIA H200, 45, 97 %, 56 %, 74337 MiB, 143771 MiB
2026/08/05 23:14:28.807, NVIDIA H200, 46, 100 %, 45 %, 74337 MiB, 143771 MiB
2026/08/05 23:14:31.808, NVIDIA H200, 41, 80 %, 43 %, 74337 MiB, 143771 MiB
2026/08/05 23:14:34.809, NVIDIA H200, 44, 98 %, 50 %, 74337 MiB, 143771 MiB
2026/08/05 23:14:37.809, NVIDIA H200, 48, 98 %, 36 %, 74337 MiB, 143771 MiB
2026/08/05 23:14:40.810, NVIDIA H200, 46, 100 %, 30 %, 74337 MiB, 143771 MiB
2026/08/05 23:14:43.810, NVIDIA H200, 45, 100 %, 42 %, 74337 MiB, 143771 MiB
2026/08/05 23:14:46.811, NVIDIA H200, 50, 100 %, 50 %, 74337 MiB, 143771 MiB
2026/08/05 23:14:49.811, NVIDIA H200, 48, 100 %, 47 %, 74337 MiB, 143771 MiB
2026/08/05 23:14:52.812, NVIDIA H200, 47, 100 %, 44 %, 74337 MiB, 143771 MiB
2026/08/05 23:14:55.812, NVIDIA H200, 47, 100 %, 40 %, 74337 MiB, 143771 MiB
2026/08/05 23:14:58.814, NVIDIA H200, 46, 98 %, 58 %, 74337 MiB, 143771 MiB
2026/08/05 23:15:01.814, NVIDIA H200, 34, 0 %, 0 %, 74337 MiB, 143771 MiB
2026/08/05 23:15:04.815, NVIDIA H200, 25, 0 %, 0 %, 74337 MiB, 143771 MiB
2026/08/05 23:15:07.815, NVIDIA H200, 25, 0 %, 0 %, 74337 MiB, 143771 MiB
2026/08/05 23:15:10.816, NVIDIA H200, 26, 0 %, 0 %, 74337 MiB, 143771 MiB
2026/08/05 23:15:13.817, NVIDIA H200, 27, 0 %, 0 %, 74337 MiB, 143771 MiB
2026/08/05 23:15:16.817, NVIDIA H200, 24, 0 %, 0 %, 74337 MiB, 143771 MiB
2026/08/05 23:15:19.818, NVIDIA H200, 44, 100 %, 44 %, 74337 MiB, 143771 MiB
2026/08/05 23:15:22.818, NVIDIA H200, 37, 55 %, 21 %, 74337 MiB, 143771 MiB
2026/08/05 23:15:25.819, NVIDIA H200, 46, 100 %, 33 %, 74337 MiB, 143771 MiB
2026/08/05 23:15:28.819, NVIDIA H200, 43, 100 %, 42 %, 74337 MiB, 143771 MiB
2026/08/05 23:15:31.820, NVIDIA H200, 45, 98 %, 53 %, 74337 MiB, 143771 MiB
2026/08/05 23:15:34.820, NVIDIA H200, 49, 100 %, 41 %, 74337 MiB, 143771 MiB
2026/08/05 23:15:37.821, NVIDIA H200, 45, 100 %, 46 %, 74337 MiB, 143771 MiB
2026/08/05 23:15:40.821, NVIDIA H200, 49, 100 %, 39 %, 74337 MiB, 143771 MiB
2026/08/05 23:15:43.822, NVIDIA H200, 45, 100 %, 44 %, 74337 MiB, 143771 MiB
2026/08/05 23:15:46.823, NVIDIA H200, 45, 97 %, 53 %, 74337 MiB, 143771 MiB
2026/08/05 23:15:49.823, NVIDIA H200, 40, 79 %, 36 %, 74337 MiB, 143771 MiB
2026/08/05 23:15:52.824, NVIDIA H200, 37, 27 %, 14 %, 74337 MiB, 143771 MiB
2026/08/05 23:15:55.824, NVIDIA H200, 49, 100 %, 39 %, 74337 MiB, 143771 MiB
2026/08/05 23:15:58.825, NVIDIA H200, 45, 100 %, 42 %, 74337 MiB, 143771 MiB
2026/08/05 23:16:01.825, NVIDIA H200, 45, 100 %, 49 %, 74337 MiB, 143771 MiB
2026/08/05 23:16:04.826, NVIDIA H200, 48, 100 %, 43 %, 74337 MiB, 143771 MiB
2026/08/05 23:16:07.826, NVIDIA H200, 41, 100 %, 45 %, 74337 MiB, 143771 MiB
2026/08/05 23:16:10.827, NVIDIA H200, 47, 100 %, 42 %, 74337 MiB, 143771 MiB
2026/08/05 23:16:13.829, NVIDIA H200, 48, 100 %, 51 %, 74337 MiB, 143771 MiB
2026/08/05 23:16:16.829, NVIDIA H200, 45, 100 %, 36 %, 74337 MiB, 143771 MiB
2026/08/05 23:16:19.830, NVIDIA H200, 40, 100 %, 37 %, 74337 MiB, 143771 MiB
2026/08/05 23:16:22.830, NVIDIA H200, 37, 64 %, 19 %, 74337 MiB, 143771 MiB
2026/08/05 23:16:25.831, NVIDIA H200, 46, 100 %, 40 %, 74337 MiB, 143771 MiB
2026/08/05 23:16:28.831, NVIDIA H200, 47, 100 %, 41 %, 74337 MiB, 143771 MiB
2026/08/05 23:16:31.832, NVIDIA H200, 48, 100 %, 47 %, 74337 MiB, 143771 MiB
2026/08/05 23:16:34.833, NVIDIA H200, 47, 44 %, 20 %, 74337 MiB, 143771 MiB
2026/08/05 23:16:37.833, NVIDIA H200, 49, 100 %, 41 %, 74337 MiB, 143771 MiB
2026/08/05 23:16:40.834, NVIDIA H200, 45, 100 %, 41 %, 74337 MiB, 143771 MiB
2026/08/05 23:16:43.834, NVIDIA H200, 49, 100 %, 51 %, 74337 MiB, 143771 MiB
2026/08/05 23:16:46.835, NVIDIA H200, 37, 0 %, 0 %, 74337 MiB, 143771 MiB
2026/08/05 23:16:49.835, NVIDIA H200, 26, 0 %, 0 %, 74337 MiB, 143771 MiB
2026/08/05 23:16:52.836, NVIDIA H200, 39, 97 %, 52 %, 74337 MiB, 143771 MiB
2026/08/05 23:16:55.836, NVIDIA H200, 42, 98 %, 41 %, 74337 MiB, 143771 MiB
2026/08/05 23:16:58.837, NVIDIA H200, 25, 0 %, 0 %, 74337 MiB, 143771 MiB
2026/08/05 23:17:01.837, NVIDIA H200, 24, 0 %, 0 %, 74337 MiB, 143771 MiB
2026/08/05 23:17:04.838, NVIDIA H200, 24, 0 %, 0 %, 74341 MiB, 143771 MiB
2026/08/05 23:17:07.838, NVIDIA H200, 24, 0 %, 0 %, 74341 MiB, 143771 MiB
2026/08/05 23:17:10.839, NVIDIA H200, 24, 0 %, 0 %, 74341 MiB, 143771 MiB
2026/08/05 23:17:13.839, NVIDIA H200, 23, 0 %, 0 %, 74341 MiB, 143771 MiB
2026/08/05 23:17:16.840, NVIDIA H200, 23, 0 %, 0 %, 74341 MiB, 143771 MiB
2026/08/05 23:17:19.840, NVIDIA H200, 23, 0 %, 0 %, 74341 MiB, 143771 MiB
2026/08/05 23:17:22.841, NVIDIA H200, 23, 0 %, 0 %, 74341 MiB, 143771 MiB
2026/08/05 23:17:25.841, NVIDIA H200, 23, 0 %, 0 %, 74341 MiB, 143771 MiB
2026/08/05 23:17:28.841, NVIDIA H200, 23, 0 %, 0 %, 74341 MiB, 143771 MiB
2026/08/05 23:17:31.842, NVIDIA H200, 23, 0 %, 0 %, 74341 MiB, 143771 MiB
2026/08/05 23:17:34.842, NVIDIA H200, 23, 0 %, 0 %, 74341 MiB, 143771 MiB
2026/08/05 23:17:37.843, NVIDIA H200, 23, 0 %, 0 %, 74341 MiB, 143771 MiB
2026/08/05 23:17:40.843, NVIDIA H200, 23, 0 %, 0 %, 74341 MiB, 143771 MiB
2026/08/05 23:17:43.844, NVIDIA H200, 23, 0 %, 0 %, 74341 MiB, 143771 MiB
2026/08/05 23:17:46.845, NVIDIA H200, 23, 0 %, 0 %, 74341 MiB, 143771 MiB
2026/08/05 23:17:49.845, NVIDIA H200, 23, 0 %, 0 %, 74341 MiB, 143771 MiB
2026/08/05 23:17:52.846, NVIDIA H200, 23, 0 %, 0 %, 74341 MiB, 143771 MiB
2026/08/05 23:17:55.846, NVIDIA H200, 23, 0 %, 0 %, 74341 MiB, 143771 MiB
2026/08/05 23:17:58.847, NVIDIA H200, 23, 0 %, 0 %, 74341 MiB, 143771 MiB
2026/08/05 23:18:01.847, NVIDIA H200, 23, 0 %, 0 %, 74341 MiB, 143771 MiB
2026/08/05 23:18:04.848, NVIDIA H200, 23, 0 %, 0 %, 74341 MiB, 143771 MiB
2026/08/05 23:18:07.848, NVIDIA H200, 23, 0 %, 0 %, 74341 MiB, 143771 MiB
2026/08/05 23:18:10.848, NVIDIA H200, 23, 0 %, 0 %, 74341 MiB, 143771 MiB
2026/08/05 23:18:13.849, NVIDIA H200, 23, 0 %, 0 %, 74341 MiB, 143771 MiB
2026/08/05 23:18:16.849, NVIDIA H200, 23, 0 %, 0 %, 74341 MiB, 143771 MiB
2026/08/05 23:18:19.850, NVIDIA H200, 23, 0 %, 0 %, 74341 MiB, 143771 MiB
2026/08/05 23:18:22.851, NVIDIA H200, 23, 0 %, 0 %, 74341 MiB, 143771 MiB
2026/08/05 23:18:25.851, NVIDIA H200, 23, 0 %, 0 %, 74341 MiB, 143771 MiB
2026/08/05 23:18:28.852, NVIDIA H200, 23, 0 %, 0 %, 74341 MiB, 143771 MiB
2026/08/05 23:18:31.853, NVIDIA H200, 23, 0 %, 0 %, 74341 MiB, 143771 MiB
2026/08/05 23:18:34.853, NVIDIA H200, 23, 0 %, 0 %, 74341 MiB, 143771 MiB
2026/08/05 23:18:37.854, NVIDIA H200, 23, 0 %, 0 %, 74341 MiB, 143771 MiB
2026/08/05 23:18:40.854, NVIDIA H200, 23, 0 %, 0 %, 74341 MiB, 143771 MiB
2026/08/05 23:18:43.855, NVIDIA H200, 23, 0 %, 0 %, 74341 MiB, 143771 MiB
2026/08/05 23:18:46.855, NVIDIA H200, 23, 0 %, 0 %, 74341 MiB, 143771 MiB
2026/08/05 23:18:49.856, NVIDIA H200, 23, 0 %, 0 %, 74341 MiB, 143771 MiB
2026/08/05 23:18:52.857, NVIDIA H200, 23, 0 %, 0 %, 74341 MiB, 143771 MiB
2026/08/05 23:18:55.857, NVIDIA H200, 23, 0 %, 0 %, 74341 MiB, 143771 MiB
2026/08/05 23:18:58.858, NVIDIA H200, 23, 0 %, 0 %, 74341 MiB, 143771 MiB
2026/08/05 23:19:01.858, NVIDIA H200, 23, 0 %, 0 %, 74341 MiB, 143771 MiB
2026/08/05 23:19:04.859, NVIDIA H200, 23, 0 %, 0 %, 74341 MiB, 143771 MiB
2026/08/05 23:19:07.860, NVIDIA H200, 23, 0 %, 0 %, 74341 MiB, 143771 MiB
2026/08/05 23:19:10.860, NVIDIA H200, 23, 0 %, 0 %, 74341 MiB, 143771 MiB
2026/08/05 23:19:13.861, NVIDIA H200, 23, 0 %, 0 %, 74341 MiB, 143771 MiB
2026/08/05 23:19:16.862, NVIDIA H200, 23, 0 %, 0 %, 74341 MiB, 143771 MiB
2026/08/05 23:19:19.862, NVIDIA H200, 23, 0 %, 0 %, 74341 MiB, 143771 MiB
2026/08/05 23:19:22.862, NVIDIA H200, 23, 0 %, 0 %, 74341 MiB, 143771 MiB
2026/08/05 23:19:25.863, NVIDIA H200, 23, 0 %, 0 %, 74341 MiB, 143771 MiB
2026/08/05 23:19:28.864, NVIDIA H200, 23, 0 %, 0 %, 74341 MiB, 143771 MiB
2026/08/05 23:19:31.865, NVIDIA H200, 23, 0 %, 0 %, 74341 MiB, 143771 MiB
2026/08/05 23:19:34.865, NVIDIA H200, 23, 0 %, 0 %, 74341 MiB, 143771 MiB
2026/08/05 23:19:37.866, NVIDIA H200, 23, 0 %, 0 %, 74341 MiB, 143771 MiB
2026/08/05 23:19:40.867, NVIDIA H200, 23, 0 %, 0 %, 74341 MiB, 143771 MiB
2026/08/05 23:19:43.867, NVIDIA H200, 23, 0 %, 0 %, 74341 MiB, 143771 MiB
2026/08/05 23:19:46.868, NVIDIA H200, 23, 0 %, 0 %, 74341 MiB, 143771 MiB
2026/08/05 23:19:49.868, NVIDIA H200, 23, 0 %, 0 %, 74341 MiB, 143771 MiB
2026/08/05 23:19:52.869, NVIDIA H200, 23, 0 %, 0 %, 74341 MiB, 143771 MiB
2026/08/05 23:19:55.869, NVIDIA H200, 23, 0 %, 0 %, 74341 MiB, 143771 MiB
2026/08/05 23:19:58.870, NVIDIA H200, 23, 0 %, 0 %, 74341 MiB, 143771 MiB
2026/08/05 23:20:01.870, NVIDIA H200, 23, 0 %, 0 %, 74341 MiB, 143771 MiB
2026/08/05 23:20:04.872, NVIDIA H200, 23, 0 %, 0 %, 74341 MiB, 143771 MiB
2026/08/05 23:20:07.873, NVIDIA H200, 23, 0 %, 0 %, 74341 MiB, 143771 MiB
2026/08/05 23:20:10.873, NVIDIA H200, 23, 0 %, 0 %, 74341 MiB, 143771 MiB
2026/08/05 23:20:13.874, NVIDIA H200, 23, 0 %, 0 %, 74341 MiB, 143771 MiB
2026/08/05 23:20:16.875, NVIDIA H200, 22, 0 %, 0 %, 74341 MiB, 143771 MiB
2026/08/05 23:20:19.875, NVIDIA H200, 23, 0 %, 0 %, 74341 MiB, 143771 MiB
2026/08/05 23:20:22.876, NVIDIA H200, 22, 0 %, 0 %, 74341 MiB, 143771 MiB
2026/08/05 23:20:25.876, NVIDIA H200, 22, 0 %, 0 %, 74341 MiB, 143771 MiB
2026/08/05 23:20:28.877, NVIDIA H200, 23, 0 %, 0 %, 74341 MiB, 143771 MiB
2026/08/05 23:20:31.877, NVIDIA H200, 23, 0 %, 0 %, 74341 MiB, 143771 MiB
2026/08/05 23:20:34.878, NVIDIA H200, 23, 0 %, 0 %, 74341 MiB, 143771 MiB
2026/08/05 23:20:37.878, NVIDIA H200, 22, 0 %, 0 %, 74341 MiB, 143771 MiB
2026/08/05 23:20:40.879, NVIDIA H200, 23, 0 %, 0 %, 74341 MiB, 143771 MiB
2026/08/05 23:20:43.879, NVIDIA H200, 23, 0 %, 0 %, 74341 MiB, 143771 MiB
2026/08/05 23:20:46.880, NVIDIA H200, 23, 0 %, 0 %, 74341 MiB, 143771 MiB
2026/08/05 23:20:49.880, NVIDIA H200, 22, 0 %, 0 %, 74341 MiB, 143771 MiB
2026/08/05 23:20:52.880, NVIDIA H200, 22, 0 %, 0 %, 74341 MiB, 143771 MiB
2026/08/05 23:20:55.881, NVIDIA H200, 23, 0 %, 0 %, 74341 MiB, 143771 MiB
2026/08/05 23:20:58.881, NVIDIA H200, 23, 0 %, 0 %, 74341 MiB, 143771 MiB
2026/08/05 23:21:01.882, NVIDIA H200, 23, 0 %, 0 %, 74341 MiB, 143771 MiB
2026/08/05 23:21:04.882, NVIDIA H200, 23, 0 %, 0 %, 74341 MiB, 143771 MiB
2026/08/05 23:21:07.883, NVIDIA H200, 23, 0 %, 0 %, 74341 MiB, 143771 MiB
2026/08/05 23:21:10.883, NVIDIA H200, 23, 0 %, 0 %, 74341 MiB, 143771 MiB
2026/08/05 23:21:13.884, NVIDIA H200, 23, 0 %, 0 %, 74341 MiB, 143771 MiB
2026/08/05 23:21:16.884, NVIDIA H200, 22, 0 %, 0 %, 74341 MiB, 143771 MiB
2026/08/05 23:21:19.885, NVIDIA H200, 22, 0 %, 0 %, 74341 MiB, 143771 MiB
2026/08/05 23:21:22.885, NVIDIA H200, 23, 0 %, 0 %, 74341 MiB, 143771 MiB
2026/08/05 23:21:25.886, NVIDIA H200, 22, 0 %, 0 %, 74341 MiB, 143771 MiB
2026/08/05 23:21:28.886, NVIDIA H200, 22, 0 %, 0 %, 74341 MiB, 143771 MiB
2026/08/05 23:21:31.886, NVIDIA H200, 22, 0 %, 0 %, 74341 MiB, 143771 MiB
2026/08/05 23:21:34.961, NVIDIA H200, 23, 0 %, 0 %, 74341 MiB, 143771 MiB
2026/08/05 23:21:37.962, NVIDIA H200, 23, 0 %, 0 %, 74341 MiB, 143771 MiB
2026/08/05 23:21:40.963, NVIDIA H200, 23, 0 %, 0 %, 74341 MiB, 143771 MiB
2026/08/05 23:21:43.963, NVIDIA H200, 23, 0 %, 0 %, 74341 MiB, 143771 MiB
2026/08/05 23:21:46.964, NVIDIA H200, 23, 0 %, 0 %, 74341 MiB, 143771 MiB
2026/08/05 23:21:49.965, NVIDIA H200, 22, 0 %, 0 %, 74341 MiB, 143771 MiB
2026/08/05 23:21:52.965, NVIDIA H200, 26, 0 %, 0 %, 74341 MiB, 143771 MiB
2026/08/05 23:21:55.965, NVIDIA H200, 45, 100 %, 45 %, 74341 MiB, 143771 MiB
2026/08/05 23:21:58.966, NVIDIA H200, 45, 98 %, 48 %, 74341 MiB, 143771 MiB
2026/08/05 23:22:01.966, NVIDIA H200, 45, 100 %, 45 %, 74341 MiB, 143771 MiB
2026/08/05 23:22:04.967, NVIDIA H200, 42, 100 %, 42 %, 74341 MiB, 143771 MiB
2026/08/05 23:22:07.968, NVIDIA H200, 40, 0 %, 0 %, 74341 MiB, 143771 MiB
2026/08/05 23:22:10.968, NVIDIA H200, 47, 100 %, 44 %, 74341 MiB, 143771 MiB
2026/08/05 23:22:13.969, NVIDIA H200, 45, 97 %, 33 %, 74341 MiB, 143771 MiB
2026/08/05 23:22:16.969, NVIDIA H200, 45, 100 %, 36 %, 74341 MiB, 143771 MiB
2026/08/05 23:22:19.970, NVIDIA H200, 46, 100 %, 46 %, 74341 MiB, 143771 MiB
2026/08/05 23:22:22.970, NVIDIA H200, 43, 97 %, 46 %, 74341 MiB, 143771 MiB
2026/08/05 23:22:25.971, NVIDIA H200, 46, 100 %, 45 %, 74341 MiB, 143771 MiB
2026/08/05 23:22:28.971, NVIDIA H200, 46, 99 %, 46 %, 74341 MiB, 143771 MiB
2026/08/05 23:22:31.972, NVIDIA H200, 49, 100 %, 41 %, 74341 MiB, 143771 MiB
2026/08/05 23:22:34.972, NVIDIA H200, 45, 100 %, 52 %, 74341 MiB, 143771 MiB
2026/08/05 23:22:37.973, NVIDIA H200, 49, 100 %, 42 %, 74341 MiB, 143771 MiB
2026/08/05 23:22:40.974, NVIDIA H200, 46, 100 %, 38 %, 74341 MiB, 143771 MiB
2026/08/05 23:22:43.974, NVIDIA H200, 45, 98 %, 51 %, 74341 MiB, 143771 MiB
2026/08/05 23:22:46.975, NVIDIA H200, 45, 100 %, 32 %, 74341 MiB, 143771 MiB
2026/08/05 23:22:49.975, NVIDIA H200, 46, 100 %, 45 %, 74341 MiB, 143771 MiB
2026/08/05 23:22:52.976, NVIDIA H200, 46, 100 %, 45 %, 74341 MiB, 143771 MiB
2026/08/05 23:22:55.976, NVIDIA H200, 46, 100 %, 31 %, 74341 MiB, 143771 MiB
2026/08/05 23:22:58.977, NVIDIA H200, 42, 100 %, 45 %, 74341 MiB, 143771 MiB
2026/08/05 23:23:01.977, NVIDIA H200, 44, 97 %, 58 %, 74341 MiB, 143771 MiB
2026/08/05 23:23:04.978, NVIDIA H200, 45, 100 %, 38 %, 74341 MiB, 143771 MiB
2026/08/05 23:23:07.978, NVIDIA H200, 47, 92 %, 35 %, 74341 MiB, 143771 MiB
2026/08/05 23:23:10.979, NVIDIA H200, 44, 98 %, 36 %, 74341 MiB, 143771 MiB
2026/08/05 23:23:13.979, NVIDIA H200, 47, 100 %, 40 %, 74341 MiB, 143771 MiB
2026/08/05 23:23:16.980, NVIDIA H200, 46, 97 %, 48 %, 74341 MiB, 143771 MiB
2026/08/05 23:23:19.981, NVIDIA H200, 49, 98 %, 36 %, 74341 MiB, 143771 MiB
2026/08/05 23:23:22.981, NVIDIA H200, 34, 100 %, 4 %, 6451 MiB, 143771 MiB
2026/08/05 23:23:25.981, NVIDIA H200, 28, 100 %, 1 %, 6455 MiB, 143771 MiB
2026/08/05 23:23:28.982, NVIDIA H200, 24, 0 %, 0 %, 6455 MiB, 143771 MiB
2026/08/05 23:23:31.983, NVIDIA H200, 24, 0 %, 0 %, 6455 MiB, 143771 MiB
2026/08/05 23:23:34.983, NVIDIA H200, 26, 0 %, 0 %, 28511 MiB, 143771 MiB
2026/08/05 23:23:37.984, NVIDIA H200, 31, 3 %, 1 %, 3299 MiB, 143771 MiB
2026/08/05 23:23:40.985, NVIDIA H200, 24, 0 %, 0 %, 3299 MiB, 143771 MiB
2026/08/05 23:23:43.985, NVIDIA H200, 38, 100 %, 42 %, 74197 MiB, 143771 MiB
2026/08/05 23:23:46.986, NVIDIA H200, 45, 100 %, 43 %, 74197 MiB, 143771 MiB
2026/08/05 23:23:49.988, NVIDIA H200, 43, 97 %, 57 %, 74197 MiB, 143771 MiB
2026/08/05 23:23:52.989, NVIDIA H200, 47, 100 %, 44 %, 74197 MiB, 143771 MiB
2026/08/05 23:23:55.990, NVIDIA H200, 45, 97 %, 35 %, 74197 MiB, 143771 MiB
2026/08/05 23:23:58.990, NVIDIA H200, 37, 41 %, 29 %, 74197 MiB, 143771 MiB
2026/08/05 23:24:01.991, NVIDIA H200, 49, 100 %, 42 %, 74197 MiB, 143771 MiB
2026/08/05 23:24:04.991, NVIDIA H200, 45, 100 %, 49 %, 74197 MiB, 143771 MiB
2026/08/05 23:24:07.992, NVIDIA H200, 45, 100 %, 36 %, 74197 MiB, 143771 MiB
2026/08/05 23:24:10.992, NVIDIA H200, 45, 100 %, 45 %, 74197 MiB, 143771 MiB
2026/08/05 23:24:13.993, NVIDIA H200, 45, 96 %, 49 %, 74197 MiB, 143771 MiB
2026/08/05 23:24:16.993, NVIDIA H200, 44, 100 %, 34 %, 74197 MiB, 143771 MiB
2026/08/05 23:24:19.994, NVIDIA H200, 49, 100 %, 49 %, 74197 MiB, 143771 MiB
2026/08/05 23:24:22.994, NVIDIA H200, 39, 100 %, 45 %, 74197 MiB, 143771 MiB
2026/08/05 23:24:25.995, NVIDIA H200, 49, 100 %, 44 %, 74197 MiB, 143771 MiB
2026/08/05 23:24:28.995, NVIDIA H200, 44, 100 %, 56 %, 74197 MiB, 143771 MiB
2026/08/05 23:24:31.995, NVIDIA H200, 46, 97 %, 49 %, 74197 MiB, 143771 MiB
2026/08/05 23:24:34.996, NVIDIA H200, 46, 63 %, 20 %, 74197 MiB, 143771 MiB
2026/08/05 23:24:37.997, NVIDIA H200, 38, 31 %, 1 %, 74197 MiB, 143771 MiB
2026/08/05 23:24:40.997, NVIDIA H200, 46, 100 %, 37 %, 74197 MiB, 143771 MiB
2026/08/05 23:24:43.998, NVIDIA H200, 39, 51 %, 14 %, 74197 MiB, 143771 MiB
2026/08/05 23:24:46.998, NVIDIA H200, 39, 45 %, 9 %, 74197 MiB, 143771 MiB
2026/08/05 23:24:49.999, NVIDIA H200, 47, 100 %, 41 %, 74197 MiB, 143771 MiB
2026/08/05 23:24:52.999, NVIDIA H200, 39, 66 %, 20 %, 74197 MiB, 143771 MiB
2026/08/05 23:24:55.999, NVIDIA H200, 47, 100 %, 51 %, 74197 MiB, 143771 MiB
2026/08/05 23:24:59.000, NVIDIA H200, 50, 100 %, 42 %, 74197 MiB, 143771 MiB
2026/08/05 23:25:02.000, NVIDIA H200, 47, 100 %, 54 %, 74197 MiB, 143771 MiB
2026/08/05 23:25:05.001, NVIDIA H200, 46, 100 %, 50 %, 74197 MiB, 143771 MiB
2026/08/05 23:25:08.002, NVIDIA H200, 45, 97 %, 53 %, 74197 MiB, 143771 MiB
2026/08/05 23:25:11.002, NVIDIA H200, 43, 98 %, 37 %, 74197 MiB, 143771 MiB
2026/08/05 23:25:14.003, NVIDIA H200, 27, 0 %, 0 %, 74197 MiB, 143771 MiB
2026/08/05 23:25:17.003, NVIDIA H200, 27, 0 %, 0 %, 74197 MiB, 143771 MiB
2026/08/05 23:25:20.004, NVIDIA H200, 37, 1 %, 1 %, 74197 MiB, 143771 MiB
2026/08/05 23:25:23.004, NVIDIA H200, 38, 99 %, 50 %, 74197 MiB, 143771 MiB
2026/08/05 23:25:26.005, NVIDIA H200, 25, 0 %, 0 %, 74197 MiB, 143771 MiB
2026/08/05 23:25:29.006, NVIDIA H200, 41, 100 %, 47 %, 74197 MiB, 143771 MiB
2026/08/05 23:25:32.006, NVIDIA H200, 45, 99 %, 29 %, 74197 MiB, 143771 MiB
2026/08/05 23:25:35.007, NVIDIA H200, 39, 29 %, 17 %, 74197 MiB, 143771 MiB
2026/08/05 23:25:38.007, NVIDIA H200, 48, 100 %, 43 %, 74197 MiB, 143771 MiB
2026/08/05 23:25:41.008, NVIDIA H200, 46, 97 %, 53 %, 74197 MiB, 143771 MiB
2026/08/05 23:25:44.008, NVIDIA H200, 46, 100 %, 49 %, 74197 MiB, 143771 MiB
2026/08/05 23:25:47.009, NVIDIA H200, 44, 97 %, 51 %, 74197 MiB, 143771 MiB
2026/08/05 23:25:50.009, NVIDIA H200, 48, 100 %, 46 %, 74197 MiB, 143771 MiB
2026/08/05 23:25:53.010, NVIDIA H200, 47, 62 %, 19 %, 74197 MiB, 143771 MiB
2026/08/05 23:25:56.010, NVIDIA H200, 45, 100 %, 54 %, 74197 MiB, 143771 MiB
2026/08/05 23:25:59.011, NVIDIA H200, 47, 100 %, 37 %, 74197 MiB, 143771 MiB
2026/08/05 23:26:02.011, NVIDIA H200, 39, 19 %, 0 %, 74197 MiB, 143771 MiB
2026/08/05 23:26:05.011, NVIDIA H200, 43, 99 %, 55 %, 74197 MiB, 143771 MiB
2026/08/05 23:26:08.012, NVIDIA H200, 46, 100 %, 42 %, 74197 MiB, 143771 MiB
2026/08/05 23:26:11.012, NVIDIA H200, 43, 43 %, 8 %, 74197 MiB, 143771 MiB
2026/08/05 23:26:14.013, NVIDIA H200, 46, 98 %, 56 %, 74197 MiB, 143771 MiB
2026/08/05 23:26:17.013, NVIDIA H200, 38, 42 %, 19 %, 74197 MiB, 143771 MiB
2026/08/05 23:26:20.014, NVIDIA H200, 47, 100 %, 53 %, 74197 MiB, 143771 MiB
2026/08/05 23:26:23.014, NVIDIA H200, 50, 100 %, 49 %, 74197 MiB, 143771 MiB
2026/08/05 23:26:26.015, NVIDIA H200, 47, 100 %, 49 %, 74197 MiB, 143771 MiB
2026/08/05 23:26:29.015, NVIDIA H200, 45, 100 %, 50 %, 74197 MiB, 143771 MiB
2026/08/05 23:26:32.016, NVIDIA H200, 46, 100 %, 43 %, 74197 MiB, 143771 MiB
2026/08/05 23:26:35.016, NVIDIA H200, 44, 100 %, 49 %, 74197 MiB, 143771 MiB
2026/08/05 23:26:38.017, NVIDIA H200, 48, 100 %, 37 %, 74197 MiB, 143771 MiB
2026/08/05 23:26:41.017, NVIDIA H200, 46, 100 %, 49 %, 74197 MiB, 143771 MiB
2026/08/05 23:26:44.018, NVIDIA H200, 44, 99 %, 55 %, 74197 MiB, 143771 MiB
2026/08/05 23:26:47.018, NVIDIA H200, 47, 100 %, 44 %, 74197 MiB, 143771 MiB
2026/08/05 23:26:50.019, NVIDIA H200, 47, 98 %, 51 %, 74197 MiB, 143771 MiB
2026/08/05 23:26:53.019, NVIDIA H200, 45, 98 %, 43 %, 74197 MiB, 143771 MiB
2026/08/05 23:26:56.020, NVIDIA H200, 50, 100 %, 41 %, 74197 MiB, 143771 MiB
2026/08/05 23:26:59.020, NVIDIA H200, 26, 0 %, 0 %, 74197 MiB, 143771 MiB
2026/08/05 23:27:02.021, NVIDIA H200, 30, 0 %, 0 %, 74197 MiB, 143771 MiB
2026/08/05 23:27:05.022, NVIDIA H200, 26, 0 %, 0 %, 74197 MiB, 143771 MiB
2026/08/05 23:27:08.022, NVIDIA H200, 41, 99 %, 55 %, 74197 MiB, 143771 MiB
2026/08/05 23:27:11.023, NVIDIA H200, 25, 0 %, 0 %, 74197 MiB, 143771 MiB
2026/08/05 23:27:14.023, NVIDIA H200, 40, 100 %, 46 %, 74197 MiB, 143771 MiB
2026/08/05 23:27:17.024, NVIDIA H200, 46, 100 %, 47 %, 74197 MiB, 143771 MiB
2026/08/05 23:27:20.025, NVIDIA H200, 47, 100 %, 54 %, 74197 MiB, 143771 MiB
2026/08/05 23:27:23.025, NVIDIA H200, 46, 97 %, 47 %, 74197 MiB, 143771 MiB
2026/08/05 23:27:26.026, NVIDIA H200, 45, 100 %, 42 %, 74197 MiB, 143771 MiB
2026/08/05 23:27:29.026, NVIDIA H200, 38, 55 %, 21 %, 74197 MiB, 143771 MiB
2026/08/05 23:27:32.027, NVIDIA H200, 47, 100 %, 56 %, 74197 MiB, 143771 MiB
2026/08/05 23:27:35.027, NVIDIA H200, 48, 100 %, 40 %, 74197 MiB, 143771 MiB
2026/08/05 23:27:38.028, NVIDIA H200, 45, 100 %, 42 %, 74197 MiB, 143771 MiB
2026/08/05 23:27:41.028, NVIDIA H200, 47, 97 %, 46 %, 74197 MiB, 143771 MiB
2026/08/05 23:27:44.029, NVIDIA H200, 39, 64 %, 25 %, 74197 MiB, 143771 MiB
2026/08/05 23:27:47.030, NVIDIA H200, 47, 100 %, 54 %, 74197 MiB, 143771 MiB
2026/08/05 23:27:50.030, NVIDIA H200, 48, 100 %, 44 %, 74197 MiB, 143771 MiB
2026/08/05 23:27:53.031, NVIDIA H200, 42, 95 %, 39 %, 74197 MiB, 143771 MiB
2026/08/05 23:27:56.031, NVIDIA H200, 46, 96 %, 49 %, 74197 MiB, 143771 MiB
2026/08/05 23:27:59.032, NVIDIA H200, 39, 68 %, 30 %, 74197 MiB, 143771 MiB
2026/08/05 23:28:02.033, NVIDIA H200, 37, 31 %, 15 %, 74197 MiB, 143771 MiB
2026/08/05 23:28:05.033, NVIDIA H200, 48, 100 %, 37 %, 74197 MiB, 143771 MiB
2026/08/05 23:28:08.034, NVIDIA H200, 46, 100 %, 46 %, 74197 MiB, 143771 MiB
2026/08/05 23:28:11.034, NVIDIA H200, 47, 78 %, 29 %, 74197 MiB, 143771 MiB
2026/08/05 23:28:14.035, NVIDIA H200, 42, 48 %, 30 %, 74197 MiB, 143771 MiB
2026/08/05 23:28:17.035, NVIDIA H200, 47, 100 %, 40 %, 74197 MiB, 143771 MiB
2026/08/05 23:28:20.036, NVIDIA H200, 48, 98 %, 41 %, 74197 MiB, 143771 MiB
2026/08/05 23:28:23.036, NVIDIA H200, 48, 100 %, 38 %, 74197 MiB, 143771 MiB
2026/08/05 23:28:26.037, NVIDIA H200, 43, 100 %, 46 %, 74197 MiB, 143771 MiB
2026/08/05 23:28:29.037, NVIDIA H200, 48, 100 %, 38 %, 74197 MiB, 143771 MiB
2026/08/05 23:28:32.038, NVIDIA H200, 46, 97 %, 56 %, 74197 MiB, 143771 MiB
2026/08/05 23:28:35.038, NVIDIA H200, 46, 97 %, 36 %, 74197 MiB, 143771 MiB
2026/08/05 23:28:38.039, NVIDIA H200, 49, 100 %, 44 %, 74197 MiB, 143771 MiB
2026/08/05 23:28:41.039, NVIDIA H200, 35, 0 %, 0 %, 74197 MiB, 143771 MiB
2026/08/05 23:28:44.040, NVIDIA H200, 26, 0 %, 0 %, 74197 MiB, 143771 MiB
2026/08/05 23:28:47.040, NVIDIA H200, 44, 100 %, 49 %, 74197 MiB, 143771 MiB
2026/08/05 23:28:50.041, NVIDIA H200, 43, 100 %, 50 %, 74197 MiB, 143771 MiB
2026/08/05 23:28:53.041, NVIDIA H200, 25, 0 %, 0 %, 74197 MiB, 143771 MiB
2026/08/05 23:28:56.042, NVIDIA H200, 35, 98 %, 57 %, 74197 MiB, 143771 MiB
2026/08/05 23:28:59.043, NVIDIA H200, 47, 100 %, 48 %, 74197 MiB, 143771 MiB
2026/08/05 23:29:02.043, NVIDIA H200, 47, 36 %, 17 %, 74197 MiB, 143771 MiB
2026/08/05 23:29:05.044, NVIDIA H200, 47, 100 %, 45 %, 74197 MiB, 143771 MiB
2026/08/05 23:29:08.044, NVIDIA H200, 46, 77 %, 37 %, 74197 MiB, 143771 MiB
2026/08/05 23:29:11.045, NVIDIA H200, 36, 77 %, 28 %, 74197 MiB, 143771 MiB
2026/08/05 23:29:14.045, NVIDIA H200, 46, 100 %, 52 %, 74197 MiB, 143771 MiB
2026/08/05 23:29:17.046, NVIDIA H200, 50, 100 %, 45 %, 74197 MiB, 143771 MiB
2026/08/05 23:29:20.046, NVIDIA H200, 47, 100 %, 37 %, 74197 MiB, 143771 MiB
2026/08/05 23:29:23.047, NVIDIA H200, 43, 100 %, 42 %, 74197 MiB, 143771 MiB
2026/08/05 23:29:26.047, NVIDIA H200, 45, 97 %, 49 %, 74197 MiB, 143771 MiB
2026/08/05 23:29:29.048, NVIDIA H200, 46, 100 %, 49 %, 74197 MiB, 143771 MiB
2026/08/05 23:29:32.048, NVIDIA H200, 47, 100 %, 45 %, 74197 MiB, 143771 MiB
2026/08/05 23:29:35.049, NVIDIA H200, 38, 27 %, 1 %, 74197 MiB, 143771 MiB
2026/08/05 23:29:38.050, NVIDIA H200, 44, 100 %, 50 %, 74197 MiB, 143771 MiB
2026/08/05 23:29:41.050, NVIDIA H200, 50, 100 %, 43 %, 74197 MiB, 143771 MiB
2026/08/05 23:29:44.051, NVIDIA H200, 47, 100 %, 38 %, 74197 MiB, 143771 MiB
2026/08/05 23:29:47.051, NVIDIA H200, 48, 97 %, 53 %, 74197 MiB, 143771 MiB
2026/08/05 23:29:50.052, NVIDIA H200, 47, 97 %, 34 %, 74197 MiB, 143771 MiB
2026/08/05 23:29:53.053, NVIDIA H200, 49, 100 %, 45 %, 74197 MiB, 143771 MiB
2026/08/05 23:29:56.053, NVIDIA H200, 48, 98 %, 50 %, 74197 MiB, 143771 MiB
2026/08/05 23:29:59.054, NVIDIA H200, 47, 96 %, 37 %, 74197 MiB, 143771 MiB
2026/08/05 23:30:02.054, NVIDIA H200, 46, 97 %, 51 %, 74197 MiB, 143771 MiB
2026/08/05 23:30:05.055, NVIDIA H200, 46, 100 %, 41 %, 74197 MiB, 143771 MiB
2026/08/05 23:30:08.055, NVIDIA H200, 47, 67 %, 28 %, 74197 MiB, 143771 MiB
2026/08/05 23:30:11.056, NVIDIA H200, 46, 100 %, 45 %, 74197 MiB, 143771 MiB
2026/08/05 23:30:14.056, NVIDIA H200, 34, 0 %, 0 %, 74197 MiB, 143771 MiB
2026/08/05 23:30:17.057, NVIDIA H200, 45, 96 %, 50 %, 74197 MiB, 143771 MiB
2026/08/05 23:30:20.057, NVIDIA H200, 48, 97 %, 35 %, 74197 MiB, 143771 MiB
2026/08/05 23:30:23.058, NVIDIA H200, 47, 100 %, 43 %, 74197 MiB, 143771 MiB
2026/08/05 23:30:26.058, NVIDIA H200, 26, 0 %, 0 %, 74197 MiB, 143771 MiB
2026/08/05 23:30:29.059, NVIDIA H200, 25, 0 %, 0 %, 74197 MiB, 143771 MiB
2026/08/05 23:30:32.060, NVIDIA H200, 26, 0 %, 0 %, 74197 MiB, 143771 MiB
2026/08/05 23:30:35.060, NVIDIA H200, 28, 0 %, 0 %, 74197 MiB, 143771 MiB
2026/08/05 23:30:38.061, NVIDIA H200, 25, 0 %, 0 %, 74197 MiB, 143771 MiB
2026/08/05 23:30:41.061, NVIDIA H200, 24, 0 %, 0 %, 74197 MiB, 143771 MiB
2026/08/05 23:30:44.062, NVIDIA H200, 24, 0 %, 0 %, 74197 MiB, 143771 MiB
2026/08/05 23:30:47.063, NVIDIA H200, 24, 0 %, 0 %, 74197 MiB, 143771 MiB
2026/08/05 23:30:50.063, NVIDIA H200, 45, 100 %, 41 %, 74197 MiB, 143771 MiB
2026/08/05 23:30:53.064, NVIDIA H200, 43, 97 %, 37 %, 74197 MiB, 143771 MiB
2026/08/05 23:30:56.064, NVIDIA H200, 44, 99 %, 51 %, 74197 MiB, 143771 MiB
2026/08/05 23:30:59.064, NVIDIA H200, 49, 100 %, 48 %, 74197 MiB, 143771 MiB
2026/08/05 23:31:02.065, NVIDIA H200, 44, 100 %, 43 %, 74197 MiB, 143771 MiB
2026/08/05 23:31:05.065, NVIDIA H200, 47, 100 %, 39 %, 74197 MiB, 143771 MiB
2026/08/05 23:31:08.066, NVIDIA H200, 48, 100 %, 48 %, 74197 MiB, 143771 MiB
2026/08/05 23:31:11.066, NVIDIA H200, 46, 97 %, 49 %, 74197 MiB, 143771 MiB
2026/08/05 23:31:14.067, NVIDIA H200, 41, 52 %, 17 %, 74197 MiB, 143771 MiB
2026/08/05 23:31:17.067, NVIDIA H200, 50, 100 %, 49 %, 74197 MiB, 143771 MiB
2026/08/05 23:31:20.068, NVIDIA H200, 46, 97 %, 48 %, 74197 MiB, 143771 MiB
2026/08/05 23:31:23.068, NVIDIA H200, 49, 97 %, 36 %, 74197 MiB, 143771 MiB
2026/08/05 23:31:26.069, NVIDIA H200, 48, 97 %, 41 %, 74197 MiB, 143771 MiB
2026/08/05 23:31:29.069, NVIDIA H200, 48, 100 %, 44 %, 74197 MiB, 143771 MiB
2026/08/05 23:31:32.070, NVIDIA H200, 43, 100 %, 47 %, 74197 MiB, 143771 MiB
2026/08/05 23:31:35.070, NVIDIA H200, 47, 95 %, 35 %, 74197 MiB, 143771 MiB
2026/08/05 23:31:38.070, NVIDIA H200, 44, 100 %, 49 %, 74197 MiB, 143771 MiB
2026/08/05 23:31:41.071, NVIDIA H200, 45, 100 %, 40 %, 74197 MiB, 143771 MiB
2026/08/05 23:31:44.071, NVIDIA H200, 48, 100 %, 54 %, 74197 MiB, 143771 MiB
2026/08/05 23:31:47.072, NVIDIA H200, 44, 97 %, 50 %, 74197 MiB, 143771 MiB
2026/08/05 23:31:50.072, NVIDIA H200, 48, 100 %, 45 %, 74197 MiB, 143771 MiB
2026/08/05 23:31:53.073, NVIDIA H200, 47, 73 %, 23 %, 74197 MiB, 143771 MiB
2026/08/05 23:31:56.073, NVIDIA H200, 46, 100 %, 50 %, 74197 MiB, 143771 MiB
2026/08/05 23:31:59.074, NVIDIA H200, 46, 97 %, 44 %, 74197 MiB, 143771 MiB
2026/08/05 23:32:02.074, NVIDIA H200, 47, 74 %, 24 %, 74197 MiB, 143771 MiB
2026/08/05 23:32:05.074, NVIDIA H200, 44, 100 %, 51 %, 74197 MiB, 143771 MiB
2026/08/05 23:32:08.075, NVIDIA H200, 47, 100 %, 45 %, 74197 MiB, 143771 MiB
2026/08/05 23:32:11.075, NVIDIA H200, 48, 97 %, 50 %, 74197 MiB, 143771 MiB
2026/08/05 23:32:14.076, NVIDIA H200, 46, 100 %, 41 %, 74197 MiB, 143771 MiB
2026/08/05 23:32:17.076, NVIDIA H200, 28, 0 %, 0 %, 74197 MiB, 143771 MiB
2026/08/05 23:32:20.077, NVIDIA H200, 25, 0 %, 0 %, 74197 MiB, 143771 MiB
2026/08/05 23:32:23.078, NVIDIA H200, 41, 98 %, 43 %, 74197 MiB, 143771 MiB
2026/08/05 23:32:26.078, NVIDIA H200, 34, 99 %, 36 %, 74197 MiB, 143771 MiB
2026/08/05 23:32:29.079, NVIDIA H200, 25, 0 %, 0 %, 74197 MiB, 143771 MiB
2026/08/05 23:32:32.079, NVIDIA H200, 30, 30 %, 16 %, 74197 MiB, 143771 MiB
2026/08/05 23:32:35.080, NVIDIA H200, 43, 98 %, 50 %, 74197 MiB, 143771 MiB
2026/08/05 23:32:38.081, NVIDIA H200, 45, 100 %, 39 %, 74197 MiB, 143771 MiB
2026/08/05 23:32:41.081, NVIDIA H200, 38, 100 %, 40 %, 74197 MiB, 143771 MiB
2026/08/05 23:32:44.082, NVIDIA H200, 47, 100 %, 45 %, 74197 MiB, 143771 MiB
2026/08/05 23:32:47.082, NVIDIA H200, 48, 100 %, 43 %, 74197 MiB, 143771 MiB
2026/08/05 23:32:50.083, NVIDIA H200, 46, 97 %, 52 %, 74197 MiB, 143771 MiB
2026/08/05 23:32:53.083, NVIDIA H200, 48, 100 %, 37 %, 74197 MiB, 143771 MiB
2026/08/05 23:32:56.084, NVIDIA H200, 47, 96 %, 34 %, 74197 MiB, 143771 MiB
2026/08/05 23:32:59.085, NVIDIA H200, 43, 96 %, 48 %, 74197 MiB, 143771 MiB
2026/08/05 23:33:02.085, NVIDIA H200, 47, 100 %, 43 %, 74197 MiB, 143771 MiB
2026/08/05 23:33:05.086, NVIDIA H200, 45, 98 %, 42 %, 74197 MiB, 143771 MiB
2026/08/05 23:33:08.086, NVIDIA H200, 46, 82 %, 47 %, 74197 MiB, 143771 MiB
2026/08/05 23:33:11.087, NVIDIA H200, 44, 100 %, 43 %, 74197 MiB, 143771 MiB
2026/08/05 23:33:14.088, NVIDIA H200, 45, 100 %, 54 %, 74197 MiB, 143771 MiB
2026/08/05 23:33:17.088, NVIDIA H200, 46, 97 %, 49 %, 74197 MiB, 143771 MiB
2026/08/05 23:33:20.089, NVIDIA H200, 45, 99 %, 28 %, 74197 MiB, 143771 MiB
2026/08/05 23:33:23.089, NVIDIA H200, 43, 65 %, 19 %, 74197 MiB, 143771 MiB
2026/08/05 23:33:26.090, NVIDIA H200, 47, 98 %, 46 %, 74197 MiB, 143771 MiB
2026/08/05 23:33:29.091, NVIDIA H200, 36, 6 %, 1 %, 74197 MiB, 143771 MiB
2026/08/05 23:33:32.091, NVIDIA H200, 45, 65 %, 20 %, 74197 MiB, 143771 MiB
2026/08/05 23:33:35.092, NVIDIA H200, 50, 100 %, 41 %, 74197 MiB, 143771 MiB
2026/08/05 23:33:38.092, NVIDIA H200, 35, 2 %, 1 %, 74197 MiB, 143771 MiB
2026/08/05 23:33:41.092, NVIDIA H200, 44, 100 %, 49 %, 74197 MiB, 143771 MiB
2026/08/05 23:33:44.094, NVIDIA H200, 42, 98 %, 45 %, 74197 MiB, 143771 MiB
2026/08/05 23:33:47.095, NVIDIA H200, 44, 71 %, 24 %, 74197 MiB, 143771 MiB
2026/08/05 23:33:50.095, NVIDIA H200, 46, 100 %, 40 %, 74197 MiB, 143771 MiB
2026/08/05 23:33:53.096, NVIDIA H200, 45, 100 %, 37 %, 74197 MiB, 143771 MiB
2026/08/05 23:33:56.097, NVIDIA H200, 47, 100 %, 38 %, 74197 MiB, 143771 MiB
2026/08/05 23:33:59.097, NVIDIA H200, 45, 97 %, 50 %, 74197 MiB, 143771 MiB
2026/08/05 23:34:02.098, NVIDIA H200, 30, 0 %, 0 %, 74197 MiB, 143771 MiB
2026/08/05 23:34:05.098, NVIDIA H200, 25, 0 %, 0 %, 74197 MiB, 143771 MiB
2026/08/05 23:34:08.099, NVIDIA H200, 27, 0 %, 0 %, 74197 MiB, 143771 MiB
2026/08/05 23:34:11.100, NVIDIA H200, 25, 0 %, 0 %, 74197 MiB, 143771 MiB
2026/08/05 23:34:14.100, NVIDIA H200, 27, 0 %, 0 %, 74197 MiB, 143771 MiB
2026/08/05 23:34:17.101, NVIDIA H200, 24, 0 %, 0 %, 74197 MiB, 143771 MiB
2026/08/05 23:34:20.101, NVIDIA H200, 40, 100 %, 48 %, 74197 MiB, 143771 MiB
2026/08/05 23:34:23.102, NVIDIA H200, 38, 18 %, 1 %, 74197 MiB, 143771 MiB
2026/08/05 23:34:26.103, NVIDIA H200, 41, 41 %, 28 %, 74197 MiB, 143771 MiB
2026/08/05 23:34:29.103, NVIDIA H200, 49, 100 %, 45 %, 74197 MiB, 143771 MiB
2026/08/05 23:34:32.104, NVIDIA H200, 45, 100 %, 53 %, 74197 MiB, 143771 MiB
2026/08/05 23:34:35.104, NVIDIA H200, 42, 100 %, 51 %, 74197 MiB, 143771 MiB
2026/08/05 23:34:38.105, NVIDIA H200, 47, 100 %, 49 %, 74197 MiB, 143771 MiB
2026/08/05 23:34:41.105, NVIDIA H200, 45, 73 %, 24 %, 74197 MiB, 143771 MiB
2026/08/05 23:34:44.105, NVIDIA H200, 43, 100 %, 52 %, 74197 MiB, 143771 MiB
2026/08/05 23:34:47.106, NVIDIA H200, 41, 96 %, 45 %, 74197 MiB, 143771 MiB
2026/08/05 23:34:50.106, NVIDIA H200, 36, 12 %, 3 %, 74197 MiB, 143771 MiB
2026/08/05 23:34:53.107, NVIDIA H200, 46, 100 %, 41 %, 74197 MiB, 143771 MiB
2026/08/05 23:34:56.107, NVIDIA H200, 41, 52 %, 21 %, 74197 MiB, 143771 MiB
2026/08/05 23:34:59.108, NVIDIA H200, 47, 100 %, 45 %, 74197 MiB, 143771 MiB
2026/08/05 23:35:02.109, NVIDIA H200, 50, 100 %, 31 %, 74197 MiB, 143771 MiB
2026/08/05 23:35:05.109, NVIDIA H200, 38, 100 %, 41 %, 74197 MiB, 143771 MiB
2026/08/05 23:35:08.109, NVIDIA H200, 45, 36 %, 16 %, 74197 MiB, 143771 MiB
2026/08/05 23:35:11.110, NVIDIA H200, 46, 100 %, 45 %, 74197 MiB, 143771 MiB
2026/08/05 23:35:14.110, NVIDIA H200, 45, 100 %, 39 %, 74197 MiB, 143771 MiB
2026/08/05 23:35:17.111, NVIDIA H200, 45, 99 %, 35 %, 74197 MiB, 143771 MiB
2026/08/05 23:35:20.111, NVIDIA H200, 49, 100 %, 43 %, 74197 MiB, 143771 MiB
2026/08/05 23:35:23.112, NVIDIA H200, 46, 100 %, 45 %, 74197 MiB, 143771 MiB
2026/08/05 23:35:26.112, NVIDIA H200, 46, 100 %, 51 %, 74197 MiB, 143771 MiB
2026/08/05 23:35:29.113, NVIDIA H200, 49, 100 %, 34 %, 74197 MiB, 143771 MiB
2026/08/05 23:35:32.114, NVIDIA H200, 46, 100 %, 49 %, 74197 MiB, 143771 MiB
2026/08/05 23:35:35.114, NVIDIA H200, 49, 100 %, 37 %, 74197 MiB, 143771 MiB
2026/08/05 23:35:38.115, NVIDIA H200, 47, 97 %, 45 %, 74197 MiB, 143771 MiB
2026/08/05 23:35:41.115, NVIDIA H200, 47, 100 %, 47 %, 74197 MiB, 143771 MiB
2026/08/05 23:35:44.116, NVIDIA H200, 48, 97 %, 51 %, 74197 MiB, 143771 MiB
2026/08/05 23:35:47.116, NVIDIA H200, 46, 100 %, 45 %, 74197 MiB, 143771 MiB
2026/08/05 23:35:50.117, NVIDIA H200, 26, 0 %, 0 %, 74197 MiB, 143771 MiB
2026/08/05 23:35:53.117, NVIDIA H200, 24, 0 %, 0 %, 74197 MiB, 143771 MiB
2026/08/05 23:35:56.118, NVIDIA H200, 35, 100 %, 48 %, 74197 MiB, 143771 MiB
2026/08/05 23:35:59.119, NVIDIA H200, 42, 99 %, 38 %, 74197 MiB, 143771 MiB
2026/08/05 23:36:02.119, NVIDIA H200, 24, 0 %, 0 %, 74197 MiB, 143771 MiB
2026/08/05 23:36:05.120, NVIDIA H200, 24, 0 %, 0 %, 74197 MiB, 143771 MiB
2026/08/05 23:36:08.120, NVIDIA H200, 44, 98 %, 47 %, 74197 MiB, 143771 MiB
2026/08/05 23:36:11.121, NVIDIA H200, 36, 100 %, 46 %, 74197 MiB, 143771 MiB
2026/08/05 23:36:14.122, NVIDIA H200, 39, 89 %, 46 %, 74197 MiB, 143771 MiB
2026/08/05 23:36:17.122, NVIDIA H200, 45, 97 %, 45 %, 74197 MiB, 143771 MiB
2026/08/05 23:36:20.123, NVIDIA H200, 41, 100 %, 43 %, 74197 MiB, 143771 MiB
2026/08/05 23:36:23.123, NVIDIA H200, 46, 98 %, 52 %, 74197 MiB, 143771 MiB
2026/08/05 23:36:26.124, NVIDIA H200, 48, 100 %, 35 %, 74197 MiB, 143771 MiB
2026/08/05 23:36:29.124, NVIDIA H200, 48, 100 %, 45 %, 74197 MiB, 143771 MiB
2026/08/05 23:36:32.125, NVIDIA H200, 47, 98 %, 47 %, 74197 MiB, 143771 MiB
2026/08/05 23:36:35.126, NVIDIA H200, 46, 100 %, 47 %, 74197 MiB, 143771 MiB
2026/08/05 23:36:38.126, NVIDIA H200, 45, 100 %, 56 %, 74197 MiB, 143771 MiB
2026/08/05 23:36:41.127, NVIDIA H200, 47, 100 %, 40 %, 74197 MiB, 143771 MiB
2026/08/05 23:36:44.127, NVIDIA H200, 46, 100 %, 40 %, 74197 MiB, 143771 MiB
2026/08/05 23:36:47.128, NVIDIA H200, 46, 98 %, 56 %, 74197 MiB, 143771 MiB
2026/08/05 23:36:50.128, NVIDIA H200, 48, 100 %, 30 %, 74197 MiB, 143771 MiB
2026/08/05 23:36:53.129, NVIDIA H200, 48, 97 %, 28 %, 74197 MiB, 143771 MiB
2026/08/05 23:36:56.130, NVIDIA H200, 47, 97 %, 53 %, 74197 MiB, 143771 MiB
2026/08/05 23:36:59.130, NVIDIA H200, 47, 100 %, 43 %, 74197 MiB, 143771 MiB
2026/08/05 23:37:02.131, NVIDIA H200, 46, 100 %, 55 %, 74197 MiB, 143771 MiB
2026/08/05 23:37:05.132, NVIDIA H200, 45, 96 %, 47 %, 74197 MiB, 143771 MiB
2026/08/05 23:37:08.132, NVIDIA H200, 42, 100 %, 44 %, 74197 MiB, 143771 MiB
2026/08/05 23:37:11.133, NVIDIA H200, 46, 97 %, 51 %, 74197 MiB, 143771 MiB
2026/08/05 23:37:14.134, NVIDIA H200, 48, 100 %, 30 %, 74197 MiB, 143771 MiB
2026/08/05 23:37:17.134, NVIDIA H200, 47, 98 %, 35 %, 74197 MiB, 143771 MiB
2026/08/05 23:37:20.135, NVIDIA H200, 45, 100 %, 49 %, 74197 MiB, 143771 MiB
2026/08/05 23:37:23.135, NVIDIA H200, 48, 100 %, 41 %, 74197 MiB, 143771 MiB
2026/08/05 23:37:26.136, NVIDIA H200, 47, 99 %, 45 %, 74197 MiB, 143771 MiB
2026/08/05 23:37:29.136, NVIDIA H200, 48, 100 %, 40 %, 74197 MiB, 143771 MiB
2026/08/05 23:37:32.137, NVIDIA H200, 47, 98 %, 53 %, 74197 MiB, 143771 MiB
2026/08/05 23:37:35.137, NVIDIA H200, 27, 0 %, 0 %, 74197 MiB, 143771 MiB
2026/08/05 23:37:38.138, NVIDIA H200, 25, 0 %, 0 %, 74197 MiB, 143771 MiB
2026/08/05 23:37:41.139, NVIDIA H200, 37, 100 %, 52 %, 74197 MiB, 143771 MiB
2026/08/05 23:37:44.139, NVIDIA H200, 25, 0 %, 0 %, 74197 MiB, 143771 MiB
2026/08/05 23:37:47.140, NVIDIA H200, 25, 0 %, 0 %, 74197 MiB, 143771 MiB
2026/08/05 23:37:50.141, NVIDIA H200, 24, 0 %, 0 %, 74197 MiB, 143771 MiB
2026/08/05 23:37:53.141, NVIDIA H200, 44, 100 %, 44 %, 74197 MiB, 143771 MiB
2026/08/05 23:37:56.142, NVIDIA H200, 39, 100 %, 42 %, 74197 MiB, 143771 MiB
2026/08/05 23:37:59.142, NVIDIA H200, 45, 97 %, 33 %, 74197 MiB, 143771 MiB
2026/08/05 23:38:02.143, NVIDIA H200, 47, 100 %, 37 %, 74197 MiB, 143771 MiB
2026/08/05 23:38:05.143, NVIDIA H200, 48, 96 %, 36 %, 74197 MiB, 143771 MiB
2026/08/05 23:38:08.144, NVIDIA H200, 43, 100 %, 38 %, 74197 MiB, 143771 MiB
2026/08/05 23:38:11.144, NVIDIA H200, 47, 100 %, 37 %, 74197 MiB, 143771 MiB
2026/08/05 23:38:14.145, NVIDIA H200, 36, 9 %, 1 %, 74197 MiB, 143771 MiB
2026/08/05 23:38:17.145, NVIDIA H200, 45, 73 %, 25 %, 74197 MiB, 143771 MiB
2026/08/05 23:38:20.146, NVIDIA H200, 49, 100 %, 42 %, 74197 MiB, 143771 MiB
2026/08/05 23:38:23.146, NVIDIA H200, 41, 30 %, 1 %, 74197 MiB, 143771 MiB
2026/08/05 23:38:26.147, NVIDIA H200, 45, 100 %, 49 %, 74197 MiB, 143771 MiB
2026/08/05 23:38:29.147, NVIDIA H200, 46, 100 %, 45 %, 74197 MiB, 143771 MiB
2026/08/05 23:38:32.148, NVIDIA H200, 37, 53 %, 21 %, 74197 MiB, 143771 MiB
2026/08/05 23:38:35.148, NVIDIA H200, 47, 97 %, 48 %, 74197 MiB, 143771 MiB
2026/08/05 23:38:38.149, NVIDIA H200, 41, 98 %, 45 %, 74197 MiB, 143771 MiB
2026/08/05 23:38:41.149, NVIDIA H200, 47, 92 %, 34 %, 74197 MiB, 143771 MiB
2026/08/05 23:38:44.150, NVIDIA H200, 46, 100 %, 41 %, 74197 MiB, 143771 MiB
2026/08/05 23:38:47.150, NVIDIA H200, 45, 0 %, 0 %, 74197 MiB, 143771 MiB
2026/08/05 23:38:50.151, NVIDIA H200, 46, 97 %, 58 %, 74197 MiB, 143771 MiB
2026/08/05 23:38:53.151, NVIDIA H200, 37, 100 %, 44 %, 74197 MiB, 143771 MiB
2026/08/05 23:38:56.152, NVIDIA H200, 46, 70 %, 31 %, 74197 MiB, 143771 MiB
2026/08/05 23:38:59.152, NVIDIA H200, 50, 100 %, 32 %, 74197 MiB, 143771 MiB
2026/08/05 23:39:02.153, NVIDIA H200, 36, 100 %, 45 %, 74197 MiB, 143771 MiB
2026/08/05 23:39:05.154, NVIDIA H200, 44, 98 %, 37 %, 74197 MiB, 143771 MiB
2026/08/05 23:39:08.154, NVIDIA H200, 46, 100 %, 42 %, 74197 MiB, 143771 MiB
2026/08/05 23:39:11.155, NVIDIA H200, 46, 100 %, 42 %, 74197 MiB, 143771 MiB
2026/08/05 23:39:14.156, NVIDIA H200, 46, 97 %, 50 %, 74197 MiB, 143771 MiB
2026/08/05 23:39:17.156, NVIDIA H200, 48, 98 %, 34 %, 74197 MiB, 143771 MiB
2026/08/05 23:39:20.157, NVIDIA H200, 28, 0 %, 0 %, 74197 MiB, 143771 MiB
2026/08/05 23:39:23.157, NVIDIA H200, 25, 0 %, 0 %, 74197 MiB, 143771 MiB
2026/08/05 23:39:26.158, NVIDIA H200, 36, 100 %, 55 %, 74197 MiB, 143771 MiB
2026/08/05 23:39:29.158, NVIDIA H200, 25, 0 %, 0 %, 74197 MiB, 143771 MiB
2026/08/05 23:39:32.159, NVIDIA H200, 26, 0 %, 0 %, 74197 MiB, 143771 MiB
2026/08/05 23:39:35.160, NVIDIA H200, 24, 0 %, 0 %, 74197 MiB, 143771 MiB
2026/08/05 23:39:38.160, NVIDIA H200, 24, 0 %, 0 %, 74197 MiB, 143771 MiB
2026/08/05 23:39:41.161, NVIDIA H200, 24, 0 %, 0 %, 74197 MiB, 143771 MiB
2026/08/05 23:39:44.162, NVIDIA H200, 39, 100 %, 42 %, 74197 MiB, 143771 MiB
2026/08/05 23:39:47.162, NVIDIA H200, 36, 32 %, 15 %, 74197 MiB, 143771 MiB
2026/08/05 23:39:50.163, NVIDIA H200, 34, 0 %, 0 %, 74197 MiB, 143771 MiB
2026/08/05 23:39:53.163, NVIDIA H200, 45, 100 %, 30 %, 74197 MiB, 143771 MiB
2026/08/05 23:39:56.164, NVIDIA H200, 48, 100 %, 45 %, 74197 MiB, 143771 MiB
2026/08/05 23:39:59.164, NVIDIA H200, 47, 97 %, 40 %, 74197 MiB, 143771 MiB
2026/08/05 23:40:02.165, NVIDIA H200, 47, 100 %, 38 %, 74197 MiB, 143771 MiB
2026/08/05 23:40:05.166, NVIDIA H200, 45, 100 %, 42 %, 74197 MiB, 143771 MiB
2026/08/05 23:40:08.166, NVIDIA H200, 45, 95 %, 48 %, 74197 MiB, 143771 MiB
2026/08/05 23:40:11.167, NVIDIA H200, 49, 100 %, 43 %, 74197 MiB, 143771 MiB
2026/08/05 23:40:14.167, NVIDIA H200, 47, 100 %, 41 %, 74197 MiB, 143771 MiB
2026/08/05 23:40:17.168, NVIDIA H200, 44, 100 %, 50 %, 74197 MiB, 143771 MiB
2026/08/05 23:40:20.168, NVIDIA H200, 47, 100 %, 46 %, 74197 MiB, 143771 MiB
2026/08/05 23:40:23.169, NVIDIA H200, 46, 97 %, 58 %, 74197 MiB, 143771 MiB
2026/08/05 23:40:26.170, NVIDIA H200, 47, 100 %, 46 %, 74197 MiB, 143771 MiB
2026/08/05 23:40:29.170, NVIDIA H200, 45, 98 %, 32 %, 74197 MiB, 143771 MiB
2026/08/05 23:40:32.171, NVIDIA H200, 45, 90 %, 47 %, 74197 MiB, 143771 MiB
2026/08/05 23:40:35.171, NVIDIA H200, 44, 100 %, 37 %, 74197 MiB, 143771 MiB
2026/08/05 23:40:38.172, NVIDIA H200, 44, 99 %, 40 %, 74197 MiB, 143771 MiB
2026/08/05 23:40:41.172, NVIDIA H200, 44, 100 %, 47 %, 74197 MiB, 143771 MiB
2026/08/05 23:40:44.173, NVIDIA H200, 45, 100 %, 47 %, 74197 MiB, 143771 MiB
2026/08/05 23:40:47.173, NVIDIA H200, 46, 100 %, 42 %, 74197 MiB, 143771 MiB
2026/08/05 23:40:50.173, NVIDIA H200, 44, 99 %, 55 %, 74197 MiB, 143771 MiB
2026/08/05 23:40:53.174, NVIDIA H200, 49, 100 %, 44 %, 74197 MiB, 143771 MiB
2026/08/05 23:40:56.174, NVIDIA H200, 46, 100 %, 44 %, 74197 MiB, 143771 MiB
2026/08/05 23:40:59.175, NVIDIA H200, 40, 21 %, 0 %, 74197 MiB, 143771 MiB
2026/08/05 23:41:02.175, NVIDIA H200, 47, 98 %, 47 %, 74197 MiB, 143771 MiB
2026/08/05 23:41:05.176, NVIDIA H200, 46, 100 %, 46 %, 74197 MiB, 143771 MiB
2026/08/05 23:41:08.176, NVIDIA H200, 47, 100 %, 39 %, 74197 MiB, 143771 MiB
2026/08/05 23:41:11.177, NVIDIA H200, 46, 100 %, 51 %, 74197 MiB, 143771 MiB
2026/08/05 23:41:14.177, NVIDIA H200, 26, 0 %, 0 %, 74197 MiB, 143771 MiB
2026/08/05 23:41:17.178, NVIDIA H200, 24, 0 %, 0 %, 74197 MiB, 143771 MiB
2026/08/05 23:41:20.178, NVIDIA H200, 27, 0 %, 0 %, 74197 MiB, 143771 MiB
2026/08/05 23:41:23.179, NVIDIA H200, 26, 0 %, 0 %, 74197 MiB, 143771 MiB
2026/08/05 23:41:26.179, NVIDIA H200, 24, 0 %, 0 %, 74197 MiB, 143771 MiB
2026/08/05 23:41:29.180, NVIDIA H200, 45, 100 %, 49 %, 74197 MiB, 143771 MiB
2026/08/05 23:41:32.180, NVIDIA H200, 41, 94 %, 49 %, 74197 MiB, 143771 MiB
2026/08/05 23:41:35.181, NVIDIA H200, 44, 100 %, 30 %, 74197 MiB, 143771 MiB
2026/08/05 23:41:38.181, NVIDIA H200, 45, 100 %, 44 %, 74197 MiB, 143771 MiB
2026/08/05 23:41:41.182, NVIDIA H200, 37, 63 %, 25 %, 74197 MiB, 143771 MiB
2026/08/05 23:41:44.182, NVIDIA H200, 47, 98 %, 41 %, 74197 MiB, 143771 MiB
2026/08/05 23:41:47.183, NVIDIA H200, 45, 100 %, 56 %, 74197 MiB, 143771 MiB
2026/08/05 23:41:50.184, NVIDIA H200, 45, 100 %, 40 %, 74197 MiB, 143771 MiB
2026/08/05 23:41:53.184, NVIDIA H200, 46, 100 %, 44 %, 74197 MiB, 143771 MiB
2026/08/05 23:41:56.185, NVIDIA H200, 46, 98 %, 28 %, 74197 MiB, 143771 MiB
2026/08/05 23:41:59.185, NVIDIA H200, 46, 100 %, 52 %, 74197 MiB, 143771 MiB
2026/08/05 23:42:02.186, NVIDIA H200, 50, 100 %, 50 %, 74197 MiB, 143771 MiB
2026/08/05 23:42:05.186, NVIDIA H200, 45, 97 %, 48 %, 74197 MiB, 143771 MiB
2026/08/05 23:42:08.187, NVIDIA H200, 47, 100 %, 40 %, 74197 MiB, 143771 MiB
2026/08/05 23:42:11.187, NVIDIA H200, 46, 100 %, 46 %, 74197 MiB, 143771 MiB
2026/08/05 23:42:14.188, NVIDIA H200, 47, 92 %, 48 %, 74197 MiB, 143771 MiB
2026/08/05 23:42:17.189, NVIDIA H200, 49, 100 %, 41 %, 74197 MiB, 143771 MiB
2026/08/05 23:42:20.189, NVIDIA H200, 46, 100 %, 44 %, 74197 MiB, 143771 MiB
2026/08/05 23:42:23.190, NVIDIA H200, 48, 100 %, 49 %, 74197 MiB, 143771 MiB
2026/08/05 23:42:26.191, NVIDIA H200, 48, 100 %, 42 %, 74197 MiB, 143771 MiB
2026/08/05 23:42:29.191, NVIDIA H200, 47, 100 %, 39 %, 74197 MiB, 143771 MiB
2026/08/05 23:42:32.192, NVIDIA H200, 46, 84 %, 38 %, 74197 MiB, 143771 MiB
2026/08/05 23:42:35.192, NVIDIA H200, 36, 86 %, 29 %, 74197 MiB, 143771 MiB
2026/08/05 23:42:38.193, NVIDIA H200, 43, 97 %, 49 %, 74197 MiB, 143771 MiB
2026/08/05 23:42:41.193, NVIDIA H200, 46, 100 %, 44 %, 74197 MiB, 143771 MiB
2026/08/05 23:42:44.194, NVIDIA H200, 47, 100 %, 46 %, 74197 MiB, 143771 MiB
2026/08/05 23:42:47.195, NVIDIA H200, 44, 100 %, 46 %, 74197 MiB, 143771 MiB
2026/08/05 23:42:50.195, NVIDIA H200, 47, 100 %, 41 %, 74197 MiB, 143771 MiB
2026/08/05 23:42:53.196, NVIDIA H200, 47, 96 %, 54 %, 74197 MiB, 143771 MiB
2026/08/05 23:42:56.196, NVIDIA H200, 28, 0 %, 0 %, 74197 MiB, 143771 MiB
2026/08/05 23:42:59.197, NVIDIA H200, 26, 0 %, 0 %, 74197 MiB, 143771 MiB
2026/08/05 23:43:02.197, NVIDIA H200, 39, 100 %, 46 %, 74197 MiB, 143771 MiB
2026/08/05 23:43:05.198, NVIDIA H200, 35, 100 %, 50 %, 74197 MiB, 143771 MiB
2026/08/05 23:43:08.198, NVIDIA H200, 25, 0 %, 0 %, 74201 MiB, 143771 MiB
2026/08/05 23:43:11.199, NVIDIA H200, 24, 0 %, 0 %, 74201 MiB, 143771 MiB
2026/08/05 23:43:14.199, NVIDIA H200, 24, 0 %, 0 %, 74201 MiB, 143771 MiB
2026/08/05 23:43:17.200, NVIDIA H200, 23, 0 %, 0 %, 74201 MiB, 143771 MiB
2026/08/05 23:43:20.200, NVIDIA H200, 23, 0 %, 0 %, 74201 MiB, 143771 MiB
2026/08/05 23:43:23.201, NVIDIA H200, 23, 0 %, 0 %, 74201 MiB, 143771 MiB
2026/08/05 23:43:26.201, NVIDIA H200, 23, 0 %, 0 %, 74201 MiB, 143771 MiB
2026/08/05 23:43:29.202, NVIDIA H200, 23, 0 %, 0 %, 74201 MiB, 143771 MiB
2026/08/05 23:43:32.203, NVIDIA H200, 23, 0 %, 0 %, 74201 MiB, 143771 MiB
2026/08/05 23:43:35.203, NVIDIA H200, 23, 0 %, 0 %, 74201 MiB, 143771 MiB
2026/08/05 23:43:38.204, NVIDIA H200, 23, 0 %, 0 %, 74201 MiB, 143771 MiB
2026/08/05 23:43:41.204, NVIDIA H200, 23, 0 %, 0 %, 74201 MiB, 143771 MiB
2026/08/05 23:43:44.205, NVIDIA H200, 23, 0 %, 0 %, 74201 MiB, 143771 MiB
2026/08/05 23:43:47.206, NVIDIA H200, 23, 0 %, 0 %, 74201 MiB, 143771 MiB
2026/08/05 23:43:50.206, NVIDIA H200, 23, 0 %, 0 %, 74201 MiB, 143771 MiB
2026/08/05 23:43:53.207, NVIDIA H200, 23, 0 %, 0 %, 74201 MiB, 143771 MiB
2026/08/05 23:43:56.207, NVIDIA H200, 23, 0 %, 0 %, 74201 MiB, 143771 MiB
2026/08/05 23:43:59.208, NVIDIA H200, 23, 0 %, 0 %, 74201 MiB, 143771 MiB
2026/08/05 23:44:02.208, NVIDIA H200, 23, 0 %, 0 %, 74201 MiB, 143771 MiB
2026/08/05 23:44:05.209, NVIDIA H200, 23, 0 %, 0 %, 74201 MiB, 143771 MiB
2026/08/05 23:44:08.209, NVIDIA H200, 22, 0 %, 0 %, 74201 MiB, 143771 MiB
2026/08/05 23:44:11.210, NVIDIA H200, 22, 0 %, 0 %, 74201 MiB, 143771 MiB
2026/08/05 23:44:14.211, NVIDIA H200, 22, 0 %, 0 %, 74201 MiB, 143771 MiB
2026/08/05 23:44:17.211, NVIDIA H200, 22, 0 %, 0 %, 74201 MiB, 143771 MiB
2026/08/05 23:44:20.212, NVIDIA H200, 22, 0 %, 0 %, 74201 MiB, 143771 MiB
2026/08/05 23:44:23.213, NVIDIA H200, 22, 0 %, 0 %, 74201 MiB, 143771 MiB
2026/08/05 23:44:26.213, NVIDIA H200, 22, 0 %, 0 %, 74201 MiB, 143771 MiB
2026/08/05 23:44:29.214, NVIDIA H200, 22, 0 %, 0 %, 74201 MiB, 143771 MiB
2026/08/05 23:44:32.214, NVIDIA H200, 22, 0 %, 0 %, 74201 MiB, 143771 MiB
2026/08/05 23:44:35.217, NVIDIA H200, 22, 0 %, 0 %, 74201 MiB, 143771 MiB
2026/08/05 23:44:38.218, NVIDIA H200, 22, 0 %, 0 %, 74201 MiB, 143771 MiB
2026/08/05 23:44:41.218, NVIDIA H200, 22, 0 %, 0 %, 74201 MiB, 143771 MiB
2026/08/05 23:44:44.219, NVIDIA H200, 22, 0 %, 0 %, 74201 MiB, 143771 MiB
2026/08/05 23:44:47.220, NVIDIA H200, 22, 0 %, 0 %, 74201 MiB, 143771 MiB
2026/08/05 23:44:50.220, NVIDIA H200, 22, 0 %, 0 %, 74201 MiB, 143771 MiB
2026/08/05 23:44:53.221, NVIDIA H200, 22, 0 %, 0 %, 74201 MiB, 143771 MiB
2026/08/05 23:44:56.222, NVIDIA H200, 22, 0 %, 0 %, 74201 MiB, 143771 MiB
2026/08/05 23:44:59.222, NVIDIA H200, 22, 0 %, 0 %, 74201 MiB, 143771 MiB
2026/08/05 23:45:02.223, NVIDIA H200, 22, 0 %, 0 %, 74201 MiB, 143771 MiB
2026/08/05 23:45:05.224, NVIDIA H200, 22, 0 %, 0 %, 74201 MiB, 143771 MiB
2026/08/05 23:45:08.225, NVIDIA H200, 22, 0 %, 0 %, 74201 MiB, 143771 MiB
2026/08/05 23:45:11.225, NVIDIA H200, 22, 0 %, 0 %, 74201 MiB, 143771 MiB
2026/08/05 23:45:14.226, NVIDIA H200, 22, 0 %, 0 %, 74201 MiB, 143771 MiB
2026/08/05 23:45:17.226, NVIDIA H200, 22, 0 %, 0 %, 74201 MiB, 143771 MiB
2026/08/05 23:45:20.227, NVIDIA H200, 22, 0 %, 0 %, 74201 MiB, 143771 MiB
2026/08/05 23:45:23.227, NVIDIA H200, 22, 0 %, 0 %, 74201 MiB, 143771 MiB
2026/08/05 23:45:26.228, NVIDIA H200, 22, 0 %, 0 %, 74201 MiB, 143771 MiB
2026/08/05 23:45:29.228, NVIDIA H200, 22, 0 %, 0 %, 74201 MiB, 143771 MiB
2026/08/05 23:45:32.229, NVIDIA H200, 22, 0 %, 0 %, 74201 MiB, 143771 MiB
2026/08/05 23:45:35.231, NVIDIA H200, 22, 0 %, 0 %, 74201 MiB, 143771 MiB
2026/08/05 23:45:38.231, NVIDIA H200, 22, 0 %, 0 %, 74201 MiB, 143771 MiB
2026/08/05 23:45:41.232, NVIDIA H200, 22, 0 %, 0 %, 74201 MiB, 143771 MiB
2026/08/05 23:45:44.233, NVIDIA H200, 22, 0 %, 0 %, 74201 MiB, 143771 MiB
2026/08/05 23:45:47.233, NVIDIA H200, 22, 0 %, 0 %, 74201 MiB, 143771 MiB
2026/08/05 23:45:50.234, NVIDIA H200, 22, 0 %, 0 %, 74201 MiB, 143771 MiB
2026/08/05 23:45:53.234, NVIDIA H200, 22, 0 %, 0 %, 74201 MiB, 143771 MiB
2026/08/05 23:45:56.235, NVIDIA H200, 22, 0 %, 0 %, 74201 MiB, 143771 MiB
2026/08/05 23:45:59.235, NVIDIA H200, 22, 0 %, 0 %, 74201 MiB, 143771 MiB
2026/08/05 23:46:02.236, NVIDIA H200, 22, 0 %, 0 %, 74201 MiB, 143771 MiB
2026/08/05 23:46:05.236, NVIDIA H200, 22, 0 %, 0 %, 74201 MiB, 143771 MiB
2026/08/05 23:46:08.237, NVIDIA H200, 22, 0 %, 0 %, 74201 MiB, 143771 MiB
2026/08/05 23:46:11.238, NVIDIA H200, 22, 0 %, 0 %, 74201 MiB, 143771 MiB
2026/08/05 23:46:14.238, NVIDIA H200, 22, 0 %, 0 %, 74201 MiB, 143771 MiB
2026/08/05 23:46:17.239, NVIDIA H200, 22, 0 %, 0 %, 74201 MiB, 143771 MiB
2026/08/05 23:46:20.239, NVIDIA H200, 22, 0 %, 0 %, 74201 MiB, 143771 MiB
2026/08/05 23:46:23.240, NVIDIA H200, 22, 0 %, 0 %, 74201 MiB, 143771 MiB
2026/08/05 23:46:26.240, NVIDIA H200, 22, 0 %, 0 %, 74201 MiB, 143771 MiB
2026/08/05 23:46:29.241, NVIDIA H200, 22, 0 %, 0 %, 74201 MiB, 143771 MiB
2026/08/05 23:46:32.242, NVIDIA H200, 22, 0 %, 0 %, 74201 MiB, 143771 MiB
2026/08/05 23:46:35.242, NVIDIA H200, 22, 0 %, 0 %, 74201 MiB, 143771 MiB
2026/08/05 23:46:38.243, NVIDIA H200, 22, 0 %, 0 %, 74201 MiB, 143771 MiB
2026/08/05 23:46:41.243, NVIDIA H200, 22, 0 %, 0 %, 74201 MiB, 143771 MiB
2026/08/05 23:46:44.244, NVIDIA H200, 22, 0 %, 0 %, 74201 MiB, 143771 MiB
2026/08/05 23:46:47.245, NVIDIA H200, 22, 0 %, 0 %, 74201 MiB, 143771 MiB
2026/08/05 23:46:50.245, NVIDIA H200, 22, 0 %, 0 %, 74201 MiB, 143771 MiB
2026/08/05 23:46:53.246, NVIDIA H200, 22, 0 %, 0 %, 74201 MiB, 143771 MiB
2026/08/05 23:46:56.246, NVIDIA H200, 22, 0 %, 0 %, 74201 MiB, 143771 MiB
2026/08/05 23:46:59.247, NVIDIA H200, 22, 0 %, 0 %, 74201 MiB, 143771 MiB
2026/08/05 23:47:02.247, NVIDIA H200, 22, 0 %, 0 %, 74201 MiB, 143771 MiB
2026/08/05 23:47:05.248, NVIDIA H200, 22, 0 %, 0 %, 74201 MiB, 143771 MiB
2026/08/05 23:47:08.248, NVIDIA H200, 22, 0 %, 0 %, 74201 MiB, 143771 MiB
2026/08/05 23:47:11.249, NVIDIA H200, 22, 0 %, 0 %, 74201 MiB, 143771 MiB
2026/08/05 23:47:14.249, NVIDIA H200, 22, 0 %, 0 %, 74201 MiB, 143771 MiB
2026/08/05 23:47:17.250, NVIDIA H200, 22, 0 %, 0 %, 74201 MiB, 143771 MiB
2026/08/05 23:47:20.250, NVIDIA H200, 22, 0 %, 0 %, 74201 MiB, 143771 MiB
2026/08/05 23:47:23.251, NVIDIA H200, 22, 0 %, 0 %, 74201 MiB, 143771 MiB
2026/08/05 23:47:26.252, NVIDIA H200, 22, 0 %, 0 %, 74201 MiB, 143771 MiB
2026/08/05 23:47:29.252, NVIDIA H200, 22, 0 %, 0 %, 74201 MiB, 143771 MiB
2026/08/05 23:47:32.253, NVIDIA H200, 22, 0 %, 0 %, 74201 MiB, 143771 MiB
2026/08/05 23:47:35.253, NVIDIA H200, 22, 0 %, 0 %, 74201 MiB, 143771 MiB
2026/08/05 23:47:38.254, NVIDIA H200, 22, 0 %, 0 %, 74201 MiB, 143771 MiB
2026/08/05 23:47:41.254, NVIDIA H200, 22, 0 %, 0 %, 74201 MiB, 143771 MiB
2026/08/05 23:47:44.255, NVIDIA H200, 22, 0 %, 0 %, 74201 MiB, 143771 MiB
2026/08/05 23:47:47.256, NVIDIA H200, 22, 0 %, 0 %, 74201 MiB, 143771 MiB
2026/08/05 23:47:50.256, NVIDIA H200, 22, 0 %, 0 %, 74201 MiB, 143771 MiB
2026/08/05 23:47:53.257, NVIDIA H200, 22, 0 %, 0 %, 74201 MiB, 143771 MiB
2026/08/05 23:47:56.258, NVIDIA H200, 22, 0 %, 0 %, 74201 MiB, 143771 MiB
2026/08/05 23:47:59.258, NVIDIA H200, 22, 0 %, 0 %, 74201 MiB, 143771 MiB
2026/08/05 23:48:02.259, NVIDIA H200, 22, 0 %, 0 %, 74201 MiB, 143771 MiB
2026/08/05 23:48:05.259, NVIDIA H200, 22, 0 %, 0 %, 74201 MiB, 143771 MiB
2026/08/05 23:48:08.260, NVIDIA H200, 22, 0 %, 0 %, 74201 MiB, 143771 MiB
2026/08/05 23:48:11.260, NVIDIA H200, 22, 0 %, 0 %, 74201 MiB, 143771 MiB
2026/08/05 23:48:14.261, NVIDIA H200, 22, 0 %, 0 %, 74201 MiB, 143771 MiB
2026/08/05 23:48:17.262, NVIDIA H200, 22, 0 %, 0 %, 74201 MiB, 143771 MiB
2026/08/05 23:48:20.262, NVIDIA H200, 22, 0 %, 0 %, 74201 MiB, 143771 MiB
2026/08/05 23:48:23.263, NVIDIA H200, 22, 0 %, 0 %, 74201 MiB, 143771 MiB
2026/08/05 23:48:26.263, NVIDIA H200, 22, 0 %, 0 %, 74201 MiB, 143771 MiB
2026/08/05 23:48:29.264, NVIDIA H200, 22, 0 %, 0 %, 74201 MiB, 143771 MiB
2026/08/05 23:48:32.264, NVIDIA H200, 22, 0 %, 0 %, 74201 MiB, 143771 MiB
2026/08/05 23:48:35.265, NVIDIA H200, 33, 100 %, 52 %, 74201 MiB, 143771 MiB
2026/08/05 23:48:38.265, NVIDIA H200, 38, 100 %, 51 %, 74201 MiB, 143771 MiB
2026/08/05 23:48:41.266, NVIDIA H200, 43, 100 %, 42 %, 74201 MiB, 143771 MiB
2026/08/05 23:48:44.267, NVIDIA H200, 43, 100 %, 49 %, 74201 MiB, 143771 MiB
2026/08/05 23:48:47.267, NVIDIA H200, 45, 100 %, 42 %, 74201 MiB, 143771 MiB
2026/08/05 23:48:50.268, NVIDIA H200, 42, 100 %, 49 %, 74201 MiB, 143771 MiB
2026/08/05 23:48:53.268, NVIDIA H200, 43, 100 %, 44 %, 74201 MiB, 143771 MiB
2026/08/05 23:48:56.269, NVIDIA H200, 48, 100 %, 50 %, 74201 MiB, 143771 MiB
2026/08/05 23:48:59.270, NVIDIA H200, 47, 99 %, 41 %, 74201 MiB, 143771 MiB
2026/08/05 23:49:02.270, NVIDIA H200, 45, 100 %, 42 %, 74201 MiB, 143771 MiB
2026/08/05 23:49:05.271, NVIDIA H200, 42, 99 %, 53 %, 74201 MiB, 143771 MiB
2026/08/05 23:49:08.271, NVIDIA H200, 45, 99 %, 33 %, 74201 MiB, 143771 MiB
2026/08/05 23:49:11.272, NVIDIA H200, 46, 100 %, 42 %, 74201 MiB, 143771 MiB
2026/08/05 23:49:14.273, NVIDIA H200, 35, 0 %, 0 %, 74201 MiB, 143771 MiB
2026/08/05 23:49:17.273, NVIDIA H200, 49, 100 %, 45 %, 74201 MiB, 143771 MiB
2026/08/05 23:49:20.274, NVIDIA H200, 45, 98 %, 50 %, 74201 MiB, 143771 MiB
2026/08/05 23:49:23.274, NVIDIA H200, 46, 100 %, 45 %, 74201 MiB, 143771 MiB
2026/08/05 23:49:26.275, NVIDIA H200, 45, 96 %, 49 %, 74201 MiB, 143771 MiB
2026/08/05 23:49:29.275, NVIDIA H200, 36, 15 %, 6 %, 74201 MiB, 143771 MiB
2026/08/05 23:49:32.276, NVIDIA H200, 47, 100 %, 40 %, 74201 MiB, 143771 MiB
2026/08/05 23:49:35.277, NVIDIA H200, 45, 96 %, 54 %, 74201 MiB, 143771 MiB
2026/08/05 23:49:38.277, NVIDIA H200, 48, 100 %, 41 %, 74201 MiB, 143771 MiB
2026/08/05 23:49:41.278, NVIDIA H200, 46, 100 %, 31 %, 74201 MiB, 143771 MiB
2026/08/05 23:49:44.278, NVIDIA H200, 35, 94 %, 35 %, 74201 MiB, 143771 MiB
2026/08/05 23:49:47.279, NVIDIA H200, 50, 100 %, 42 %, 74201 MiB, 143771 MiB
2026/08/05 23:49:50.279, NVIDIA H200, 46, 100 %, 43 %, 74201 MiB, 143771 MiB
2026/08/05 23:49:53.280, NVIDIA H200, 37, 49 %, 11 %, 74201 MiB, 143771 MiB
2026/08/05 23:49:56.280, NVIDIA H200, 36, 65 %, 33 %, 74201 MiB, 143771 MiB
2026/08/05 23:49:59.281, NVIDIA H200, 49, 100 %, 43 %, 74201 MiB, 143771 MiB
2026/08/05 23:50:02.281, NVIDIA H200, 45, 97 %, 58 %, 74201 MiB, 143771 MiB
2026/08/05 23:50:05.282, NVIDIA H200, 46, 98 %, 35 %, 74201 MiB, 143771 MiB
2026/08/05 23:50:08.282, NVIDIA H200, 48, 100 %, 44 %, 74201 MiB, 143771 MiB
2026/08/05 23:50:11.283, NVIDIA H200, 38, 50 %, 14 %, 55537 MiB, 143771 MiB
2026/08/05 23:50:14.283, NVIDIA H200, 39, 100 %, 8 %, 50565 MiB, 143771 MiB
2026/08/05 23:50:17.284, NVIDIA H200, 41, 85 %, 19 %, 52243 MiB, 143771 MiB
2026/08/05 23:50:20.284, NVIDIA H200, 34, 72 %, 38 %, 38105 MiB, 143771 MiB
2026/08/05 23:50:23.285, NVIDIA H200, 32, 100 %, 0 %, 38127 MiB, 143771 MiB
2026/08/05 23:50:26.286, NVIDIA H200, 29, 0 %, 0 %, 26283 MiB, 143771 MiB
2026/08/05 23:50:29.286, NVIDIA H200, 33, 58 %, 17 %, 22927 MiB, 143771 MiB
2026/08/05 23:50:32.287, NVIDIA H200, 33, 100 %, 2 %, 25801 MiB, 143771 MiB
2026/08/05 23:50:35.287, NVIDIA H200, 24, 0 %, 0 %, 17059 MiB, 143771 MiB
2026/08/05 23:50:38.288, NVIDIA H200, 23, 0 %, 0 %, 17059 MiB, 143771 MiB
2026/08/05 23:50:41.288, NVIDIA H200, 34, 0 %, 0 %, 33865 MiB, 143771 MiB
2026/08/05 23:50:44.289, NVIDIA H200, 39, 100 %, 45 %, 33865 MiB, 143771 MiB
2026/08/05 23:50:47.289, NVIDIA H200, 24, 0 %, 0 %, 33865 MiB, 143771 MiB
2026/08/05 23:50:50.290, NVIDIA H200, 25, 77 %, 25 %, 74327 MiB, 143771 MiB
2026/08/05 23:50:53.291, NVIDIA H200, 43, 100 %, 37 %, 74327 MiB, 143771 MiB
2026/08/05 23:50:56.291, NVIDIA H200, 46, 100 %, 47 %, 74327 MiB, 143771 MiB
2026/08/05 23:50:59.292, NVIDIA H200, 35, 63 %, 19 %, 74327 MiB, 143771 MiB
2026/08/05 23:51:02.293, NVIDIA H200, 46, 100 %, 43 %, 74327 MiB, 143771 MiB
2026/08/05 23:51:05.293, NVIDIA H200, 47, 98 %, 50 %, 74327 MiB, 143771 MiB
2026/08/05 23:51:08.294, NVIDIA H200, 47, 100 %, 49 %, 74327 MiB, 143771 MiB
2026/08/05 23:51:11.294, NVIDIA H200, 47, 98 %, 54 %, 74327 MiB, 143771 MiB
2026/08/05 23:51:14.295, NVIDIA H200, 46, 100 %, 41 %, 74327 MiB, 143771 MiB
2026/08/05 23:51:17.295, NVIDIA H200, 46, 100 %, 51 %, 74327 MiB, 143771 MiB
2026/08/05 23:51:20.296, NVIDIA H200, 46, 100 %, 43 %, 74327 MiB, 143771 MiB
2026/08/05 23:51:23.296, NVIDIA H200, 45, 73 %, 29 %, 74327 MiB, 143771 MiB
2026/08/05 23:51:26.297, NVIDIA H200, 45, 100 %, 31 %, 74327 MiB, 143771 MiB
2026/08/05 23:51:29.297, NVIDIA H200, 42, 88 %, 37 %, 74327 MiB, 143771 MiB
2026/08/05 23:51:32.298, NVIDIA H200, 43, 99 %, 53 %, 74327 MiB, 143771 MiB
2026/08/05 23:51:35.298, NVIDIA H200, 45, 100 %, 40 %, 74327 MiB, 143771 MiB
2026/08/05 23:51:38.299, NVIDIA H200, 40, 96 %, 45 %, 74327 MiB, 143771 MiB
2026/08/05 23:51:41.299, NVIDIA H200, 45, 97 %, 50 %, 74327 MiB, 143771 MiB
2026/08/05 23:51:44.300, NVIDIA H200, 46, 100 %, 44 %, 74327 MiB, 143771 MiB
2026/08/05 23:51:47.300, NVIDIA H200, 44, 100 %, 51 %, 74327 MiB, 143771 MiB
2026/08/05 23:51:50.301, NVIDIA H200, 46, 100 %, 40 %, 74327 MiB, 143771 MiB
2026/08/05 23:51:53.301, NVIDIA H200, 48, 98 %, 36 %, 74327 MiB, 143771 MiB
2026/08/05 23:51:56.302, NVIDIA H200, 46, 98 %, 47 %, 74327 MiB, 143771 MiB
2026/08/05 23:51:59.302, NVIDIA H200, 46, 100 %, 42 %, 74327 MiB, 143771 MiB
2026/08/05 23:52:02.303, NVIDIA H200, 46, 97 %, 52 %, 74327 MiB, 143771 MiB
2026/08/05 23:52:05.304, NVIDIA H200, 48, 97 %, 35 %, 74327 MiB, 143771 MiB
2026/08/05 23:52:08.304, NVIDIA H200, 49, 100 %, 48 %, 74327 MiB, 143771 MiB
2026/08/05 23:52:11.305, NVIDIA H200, 48, 100 %, 54 %, 74327 MiB, 143771 MiB
2026/08/05 23:52:14.305, NVIDIA H200, 46, 100 %, 40 %, 74327 MiB, 143771 MiB
2026/08/05 23:52:17.306, NVIDIA H200, 47, 98 %, 45 %, 74327 MiB, 143771 MiB
2026/08/05 23:52:20.306, NVIDIA H200, 48, 100 %, 55 %, 74327 MiB, 143771 MiB
2026/08/05 23:52:23.307, NVIDIA H200, 45, 100 %, 42 %, 74327 MiB, 143771 MiB
2026/08/05 23:52:26.307, NVIDIA H200, 26, 0 %, 0 %, 74327 MiB, 143771 MiB
2026/08/05 23:52:29.308, NVIDIA H200, 35, 86 %, 45 %, 74327 MiB, 143771 MiB
2026/08/05 23:52:32.309, NVIDIA H200, 36, 73 %, 31 %, 74327 MiB, 143771 MiB
2026/08/05 23:52:35.309, NVIDIA H200, 35, 100 %, 49 %, 74327 MiB, 143771 MiB
2026/08/05 23:52:38.310, NVIDIA H200, 43, 100 %, 37 %, 74327 MiB, 143771 MiB
2026/08/05 23:52:41.310, NVIDIA H200, 43, 47 %, 10 %, 74327 MiB, 143771 MiB
2026/08/05 23:52:44.311, NVIDIA H200, 45, 97 %, 49 %, 74327 MiB, 143771 MiB
2026/08/05 23:52:47.311, NVIDIA H200, 44, 100 %, 45 %, 74327 MiB, 143771 MiB
2026/08/05 23:52:50.312, NVIDIA H200, 47, 100 %, 41 %, 74327 MiB, 143771 MiB
2026/08/05 23:52:53.313, NVIDIA H200, 48, 96 %, 38 %, 74327 MiB, 143771 MiB
2026/08/05 23:52:56.314, NVIDIA H200, 45, 97 %, 49 %, 74327 MiB, 143771 MiB
2026/08/05 23:52:59.314, NVIDIA H200, 42, 100 %, 47 %, 74327 MiB, 143771 MiB
2026/08/05 23:53:02.315, NVIDIA H200, 47, 74 %, 23 %, 74327 MiB, 143771 MiB
2026/08/05 23:53:05.315, NVIDIA H200, 45, 96 %, 50 %, 74327 MiB, 143771 MiB
2026/08/05 23:53:08.316, NVIDIA H200, 47, 100 %, 43 %, 74327 MiB, 143771 MiB
2026/08/05 23:53:11.316, NVIDIA H200, 47, 100 %, 39 %, 74327 MiB, 143771 MiB
2026/08/05 23:53:14.317, NVIDIA H200, 37, 9 %, 0 %, 74327 MiB, 143771 MiB
2026/08/05 23:53:17.318, NVIDIA H200, 49, 100 %, 48 %, 74327 MiB, 143771 MiB
2026/08/05 23:53:20.318, NVIDIA H200, 46, 79 %, 29 %, 74327 MiB, 143771 MiB
2026/08/05 23:53:23.319, NVIDIA H200, 46, 100 %, 43 %, 74327 MiB, 143771 MiB
2026/08/05 23:53:26.319, NVIDIA H200, 45, 96 %, 24 %, 74327 MiB, 143771 MiB
2026/08/05 23:53:29.320, NVIDIA H200, 47, 100 %, 37 %, 74327 MiB, 143771 MiB
2026/08/05 23:53:32.321, NVIDIA H200, 37, 21 %, 12 %, 74327 MiB, 143771 MiB
2026/08/05 23:53:35.321, NVIDIA H200, 46, 97 %, 56 %, 74327 MiB, 143771 MiB
2026/08/05 23:53:38.322, NVIDIA H200, 47, 100 %, 39 %, 74327 MiB, 143771 MiB
2026/08/05 23:53:41.322, NVIDIA H200, 44, 100 %, 45 %, 74327 MiB, 143771 MiB
2026/08/05 23:53:44.323, NVIDIA H200, 48, 100 %, 46 %, 74327 MiB, 143771 MiB
2026/08/05 23:53:47.323, NVIDIA H200, 46, 98 %, 35 %, 74327 MiB, 143771 MiB
2026/08/05 23:53:50.324, NVIDIA H200, 48, 100 %, 41 %, 74327 MiB, 143771 MiB
2026/08/05 23:53:53.325, NVIDIA H200, 47, 100 %, 42 %, 74327 MiB, 143771 MiB
2026/08/05 23:53:56.325, NVIDIA H200, 46, 100 %, 44 %, 74327 MiB, 143771 MiB
2026/08/05 23:53:59.326, NVIDIA H200, 48, 98 %, 39 %, 74327 MiB, 143771 MiB
2026/08/05 23:54:02.326, NVIDIA H200, 48, 100 %, 40 %, 74327 MiB, 143771 MiB
2026/08/05 23:54:05.327, NVIDIA H200, 47, 97 %, 48 %, 74327 MiB, 143771 MiB
2026/08/05 23:54:08.327, NVIDIA H200, 48, 100 %, 45 %, 74327 MiB, 143771 MiB
2026/08/05 23:54:11.328, NVIDIA H200, 37, 32 %, 14 %, 74327 MiB, 143771 MiB
2026/08/05 23:54:14.329, NVIDIA H200, 25, 0 %, 0 %, 74327 MiB, 143771 MiB
2026/08/05 23:54:17.330, NVIDIA H200, 36, 98 %, 38 %, 74327 MiB, 143771 MiB
2026/08/05 23:54:20.330, NVIDIA H200, 25, 12 %, 0 %, 74327 MiB, 143771 MiB
2026/08/05 23:54:23.331, NVIDIA H200, 26, 0 %, 0 %, 74327 MiB, 143771 MiB
2026/08/05 23:54:26.331, NVIDIA H200, 36, 97 %, 49 %, 74327 MiB, 143771 MiB
2026/08/05 23:54:29.332, NVIDIA H200, 38, 98 %, 48 %, 74327 MiB, 143771 MiB
2026/08/05 23:54:32.332, NVIDIA H200, 46, 100 %, 45 %, 74327 MiB, 143771 MiB
2026/08/05 23:54:35.333, NVIDIA H200, 48, 100 %, 42 %, 74327 MiB, 143771 MiB
2026/08/05 23:54:38.334, NVIDIA H200, 43, 100 %, 54 %, 74327 MiB, 143771 MiB
2026/08/05 23:54:41.334, NVIDIA H200, 45, 100 %, 37 %, 74327 MiB, 143771 MiB
2026/08/05 23:54:44.335, NVIDIA H200, 41, 98 %, 36 %, 74327 MiB, 143771 MiB
2026/08/05 23:54:47.336, NVIDIA H200, 45, 100 %, 30 %, 74327 MiB, 143771 MiB
2026/08/05 23:54:50.336, NVIDIA H200, 47, 100 %, 45 %, 74327 MiB, 143771 MiB
2026/08/05 23:54:53.337, NVIDIA H200, 44, 96 %, 49 %, 74327 MiB, 143771 MiB
2026/08/05 23:54:56.337, NVIDIA H200, 46, 98 %, 28 %, 74327 MiB, 143771 MiB
2026/08/05 23:54:59.338, NVIDIA H200, 47, 100 %, 41 %, 74327 MiB, 143771 MiB
2026/08/05 23:55:02.339, NVIDIA H200, 45, 98 %, 39 %, 74327 MiB, 143771 MiB
2026/08/05 23:55:05.339, NVIDIA H200, 49, 100 %, 43 %, 74327 MiB, 143771 MiB
2026/08/05 23:55:08.340, NVIDIA H200, 44, 98 %, 44 %, 74327 MiB, 143771 MiB
2026/08/05 23:55:11.340, NVIDIA H200, 49, 100 %, 43 %, 74327 MiB, 143771 MiB
2026/08/05 23:55:14.341, NVIDIA H200, 46, 100 %, 39 %, 74327 MiB, 143771 MiB
2026/08/05 23:55:17.341, NVIDIA H200, 46, 29 %, 15 %, 74327 MiB, 143771 MiB
2026/08/05 23:55:20.342, NVIDIA H200, 45, 100 %, 30 %, 74327 MiB, 143771 MiB
2026/08/05 23:55:23.342, NVIDIA H200, 46, 98 %, 34 %, 74327 MiB, 143771 MiB
2026/08/05 23:55:26.342, NVIDIA H200, 44, 97 %, 47 %, 74327 MiB, 143771 MiB
2026/08/05 23:55:29.343, NVIDIA H200, 45, 99 %, 40 %, 74327 MiB, 143771 MiB
2026/08/05 23:55:32.344, NVIDIA H200, 48, 100 %, 44 %, 74327 MiB, 143771 MiB
2026/08/05 23:55:35.344, NVIDIA H200, 45, 100 %, 45 %, 74327 MiB, 143771 MiB
2026/08/05 23:55:38.345, NVIDIA H200, 44, 100 %, 36 %, 74327 MiB, 143771 MiB
2026/08/05 23:55:41.345, NVIDIA H200, 42, 100 %, 42 %, 74327 MiB, 143771 MiB
2026/08/05 23:55:44.346, NVIDIA H200, 46, 100 %, 30 %, 74327 MiB, 143771 MiB
2026/08/05 23:55:47.346, NVIDIA H200, 48, 100 %, 52 %, 74327 MiB, 143771 MiB
2026/08/05 23:55:50.347, NVIDIA H200, 47, 100 %, 31 %, 74327 MiB, 143771 MiB
2026/08/05 23:55:53.348, NVIDIA H200, 47, 98 %, 33 %, 74327 MiB, 143771 MiB
2026/08/05 23:55:56.348, NVIDIA H200, 47, 100 %, 40 %, 74327 MiB, 143771 MiB
2026/08/05 23:55:59.349, NVIDIA H200, 47, 98 %, 46 %, 74327 MiB, 143771 MiB
2026/08/05 23:56:02.350, NVIDIA H200, 28, 0 %, 0 %, 74327 MiB, 143771 MiB
2026/08/05 23:56:05.350, NVIDIA H200, 29, 100 %, 56 %, 74327 MiB, 143771 MiB
2026/08/05 23:56:08.351, NVIDIA H200, 39, 99 %, 39 %, 74327 MiB, 143771 MiB
2026/08/05 23:56:11.352, NVIDIA H200, 38, 100 %, 45 %, 74327 MiB, 143771 MiB
2026/08/05 23:56:14.352, NVIDIA H200, 24, 0 %, 0 %, 74327 MiB, 143771 MiB
2026/08/05 23:56:17.353, NVIDIA H200, 27, 0 %, 0 %, 74327 MiB, 143771 MiB
2026/08/05 23:56:20.353, NVIDIA H200, 44, 100 %, 50 %, 74327 MiB, 143771 MiB
2026/08/05 23:56:23.354, NVIDIA H200, 40, 0 %, 0 %, 74327 MiB, 143771 MiB
2026/08/05 23:56:26.355, NVIDIA H200, 46, 100 %, 40 %, 74327 MiB, 143771 MiB
2026/08/05 23:56:29.355, NVIDIA H200, 45, 100 %, 37 %, 74327 MiB, 143771 MiB
2026/08/05 23:56:32.356, NVIDIA H200, 47, 100 %, 38 %, 74327 MiB, 143771 MiB
2026/08/05 23:56:35.357, NVIDIA H200, 45, 100 %, 45 %, 74327 MiB, 143771 MiB
2026/08/05 23:56:38.357, NVIDIA H200, 46, 100 %, 39 %, 74327 MiB, 143771 MiB
2026/08/05 23:56:41.358, NVIDIA H200, 46, 100 %, 51 %, 74327 MiB, 143771 MiB
2026/08/05 23:56:44.358, NVIDIA H200, 47, 100 %, 42 %, 74327 MiB, 143771 MiB
2026/08/05 23:56:47.359, NVIDIA H200, 44, 100 %, 54 %, 74327 MiB, 143771 MiB
2026/08/05 23:56:50.359, NVIDIA H200, 46, 100 %, 44 %, 74327 MiB, 143771 MiB
2026/08/05 23:56:53.360, NVIDIA H200, 47, 97 %, 48 %, 74327 MiB, 143771 MiB
2026/08/05 23:56:56.360, NVIDIA H200, 47, 100 %, 45 %, 74327 MiB, 143771 MiB
2026/08/05 23:56:59.361, NVIDIA H200, 47, 100 %, 39 %, 74327 MiB, 143771 MiB
2026/08/05 23:57:02.361, NVIDIA H200, 46, 97 %, 57 %, 74327 MiB, 143771 MiB
2026/08/05 23:57:05.362, NVIDIA H200, 47, 78 %, 37 %, 74327 MiB, 143771 MiB
2026/08/05 23:57:08.363, NVIDIA H200, 49, 100 %, 44 %, 74327 MiB, 143771 MiB
2026/08/05 23:57:11.363, NVIDIA H200, 47, 100 %, 51 %, 74327 MiB, 143771 MiB
2026/08/05 23:57:14.364, NVIDIA H200, 46, 100 %, 50 %, 74327 MiB, 143771 MiB
2026/08/05 23:57:17.365, NVIDIA H200, 46, 96 %, 52 %, 74327 MiB, 143771 MiB
2026/08/05 23:57:20.365, NVIDIA H200, 47, 77 %, 21 %, 74327 MiB, 143771 MiB
2026/08/05 23:57:23.366, NVIDIA H200, 46, 97 %, 52 %, 74327 MiB, 143771 MiB
2026/08/05 23:57:26.366, NVIDIA H200, 45, 100 %, 48 %, 74327 MiB, 143771 MiB
2026/08/05 23:57:29.367, NVIDIA H200, 47, 97 %, 50 %, 74327 MiB, 143771 MiB
2026/08/05 23:57:32.368, NVIDIA H200, 48, 100 %, 46 %, 74327 MiB, 143771 MiB
2026/08/05 23:57:35.368, NVIDIA H200, 47, 100 %, 47 %, 74327 MiB, 143771 MiB
2026/08/05 23:57:38.369, NVIDIA H200, 46, 98 %, 58 %, 74327 MiB, 143771 MiB
2026/08/05 23:57:41.369, NVIDIA H200, 48, 98 %, 29 %, 74327 MiB, 143771 MiB
2026/08/05 23:57:44.370, NVIDIA H200, 46, 100 %, 41 %, 74327 MiB, 143771 MiB
2026/08/05 23:57:47.370, NVIDIA H200, 47, 98 %, 43 %, 74327 MiB, 143771 MiB
2026/08/05 23:57:50.371, NVIDIA H200, 28, 0 %, 0 %, 74327 MiB, 143771 MiB
2026/08/05 23:57:53.372, NVIDIA H200, 25, 0 %, 0 %, 74327 MiB, 143771 MiB
2026/08/05 23:57:56.372, NVIDIA H200, 27, 0 %, 0 %, 74327 MiB, 143771 MiB
2026/08/05 23:57:59.373, NVIDIA H200, 27, 0 %, 0 %, 74327 MiB, 143771 MiB
2026/08/05 23:58:02.374, NVIDIA H200, 24, 0 %, 0 %, 74327 MiB, 143771 MiB
2026/08/05 23:58:05.374, NVIDIA H200, 24, 0 %, 0 %, 74327 MiB, 143771 MiB
2026/08/05 23:58:08.374, NVIDIA H200, 24, 0 %, 0 %, 74327 MiB, 143771 MiB
2026/08/05 23:58:11.375, NVIDIA H200, 28, 0 %, 0 %, 74327 MiB, 143771 MiB
2026/08/05 23:58:14.376, NVIDIA H200, 48, 100 %, 39 %, 74327 MiB, 143771 MiB
2026/08/05 23:58:17.376, NVIDIA H200, 40, 100 %, 55 %, 74327 MiB, 143771 MiB
2026/08/05 23:58:20.377, NVIDIA H200, 49, 100 %, 41 %, 74327 MiB, 143771 MiB
2026/08/05 23:58:23.377, NVIDIA H200, 42, 100 %, 45 %, 74327 MiB, 143771 MiB
2026/08/05 23:58:26.378, NVIDIA H200, 47, 100 %, 44 %, 74327 MiB, 143771 MiB
2026/08/05 23:58:29.378, NVIDIA H200, 48, 100 %, 37 %, 74327 MiB, 143771 MiB
2026/08/05 23:58:32.379, NVIDIA H200, 46, 95 %, 35 %, 74327 MiB, 143771 MiB
2026/08/05 23:58:35.379, NVIDIA H200, 43, 100 %, 46 %, 74327 MiB, 143771 MiB
2026/08/05 23:58:38.380, NVIDIA H200, 46, 100 %, 53 %, 74327 MiB, 143771 MiB
2026/08/05 23:58:41.380, NVIDIA H200, 45, 100 %, 49 %, 74327 MiB, 143771 MiB
2026/08/05 23:58:44.381, NVIDIA H200, 46, 96 %, 48 %, 74327 MiB, 143771 MiB
2026/08/05 23:58:47.381, NVIDIA H200, 43, 100 %, 46 %, 74327 MiB, 143771 MiB
2026/08/05 23:58:50.382, NVIDIA H200, 47, 97 %, 52 %, 74327 MiB, 143771 MiB
2026/08/05 23:58:53.382, NVIDIA H200, 47, 100 %, 51 %, 74327 MiB, 143771 MiB
2026/08/05 23:58:56.382, NVIDIA H200, 50, 100 %, 43 %, 74327 MiB, 143771 MiB
2026/08/05 23:58:59.383, NVIDIA H200, 45, 97 %, 55 %, 74327 MiB, 143771 MiB
2026/08/05 23:59:02.383, NVIDIA H200, 42, 100 %, 45 %, 74327 MiB, 143771 MiB
2026/08/05 23:59:05.384, NVIDIA H200, 47, 98 %, 47 %, 74327 MiB, 143771 MiB
2026/08/05 23:59:08.384, NVIDIA H200, 44, 100 %, 42 %, 74327 MiB, 143771 MiB
2026/08/05 23:59:11.385, NVIDIA H200, 46, 100 %, 40 %, 74327 MiB, 143771 MiB
2026/08/05 23:59:14.386, NVIDIA H200, 48, 97 %, 38 %, 74327 MiB, 143771 MiB
2026/08/05 23:59:17.386, NVIDIA H200, 48, 100 %, 43 %, 74327 MiB, 143771 MiB
2026/08/05 23:59:20.387, NVIDIA H200, 45, 100 %, 51 %, 74327 MiB, 143771 MiB
2026/08/05 23:59:23.388, NVIDIA H200, 47, 100 %, 45 %, 74327 MiB, 143771 MiB
2026/08/05 23:59:26.388, NVIDIA H200, 46, 100 %, 37 %, 74327 MiB, 143771 MiB
2026/08/05 23:59:29.389, NVIDIA H200, 44, 97 %, 37 %, 74327 MiB, 143771 MiB
2026/08/05 23:59:32.389, NVIDIA H200, 49, 100 %, 42 %, 74327 MiB, 143771 MiB
2026/08/05 23:59:35.390, NVIDIA H200, 45, 100 %, 46 %, 74327 MiB, 143771 MiB
2026/08/05 23:59:38.390, NVIDIA H200, 46, 100 %, 44 %, 74327 MiB, 143771 MiB
2026/08/05 23:59:41.391, NVIDIA H200, 48, 100 %, 40 %, 74327 MiB, 143771 MiB
2026/08/05 23:59:44.391, NVIDIA H200, 46, 98 %, 52 %, 74327 MiB, 143771 MiB
2026/08/05 23:59:47.392, NVIDIA H200, 26, 0 %, 0 %, 74327 MiB, 143771 MiB
2026/08/05 23:59:50.393, NVIDIA H200, 24, 0 %, 0 %, 74327 MiB, 143771 MiB
2026/08/05 23:59:53.393, NVIDIA H200, 26, 0 %, 0 %, 74327 MiB, 143771 MiB
2026/08/05 23:59:56.394, NVIDIA H200, 26, 0 %, 0 %, 74327 MiB, 143771 MiB
2026/08/05 23:59:59.394, NVIDIA H200, 24, 0 %, 0 %, 74327 MiB, 143771 MiB
2026/08/06 00:00:02.395, NVIDIA H200, 42, 96 %, 34 %, 74327 MiB, 143771 MiB
2026/08/06 00:00:05.395, NVIDIA H200, 48, 100 %, 48 %, 74327 MiB, 143771 MiB
2026/08/06 00:00:08.396, NVIDIA H200, 46, 100 %, 40 %, 74327 MiB, 143771 MiB
2026/08/06 00:00:11.396, NVIDIA H200, 46, 100 %, 37 %, 74327 MiB, 143771 MiB
2026/08/06 00:00:14.397, NVIDIA H200, 48, 96 %, 32 %, 74327 MiB, 143771 MiB
2026/08/06 00:00:17.397, NVIDIA H200, 48, 100 %, 39 %, 74327 MiB, 143771 MiB
2026/08/06 00:00:20.398, NVIDIA H200, 47, 100 %, 51 %, 74327 MiB, 143771 MiB
2026/08/06 00:00:23.398, NVIDIA H200, 41, 100 %, 43 %, 74327 MiB, 143771 MiB
2026/08/06 00:00:26.399, NVIDIA H200, 46, 99 %, 54 %, 74327 MiB, 143771 MiB
2026/08/06 00:00:29.400, NVIDIA H200, 48, 100 %, 45 %, 74327 MiB, 143771 MiB
2026/08/06 00:00:32.401, NVIDIA H200, 50, 100 %, 31 %, 74327 MiB, 143771 MiB
2026/08/06 00:00:35.401, NVIDIA H200, 48, 100 %, 46 %, 74327 MiB, 143771 MiB
2026/08/06 00:00:38.402, NVIDIA H200, 45, 94 %, 55 %, 74327 MiB, 143771 MiB
2026/08/06 00:00:41.402, NVIDIA H200, 49, 100 %, 44 %, 74327 MiB, 143771 MiB
2026/08/06 00:00:44.403, NVIDIA H200, 46, 96 %, 58 %, 74327 MiB, 143771 MiB
2026/08/06 00:00:47.404, NVIDIA H200, 45, 100 %, 49 %, 74327 MiB, 143771 MiB
2026/08/06 00:00:50.405, NVIDIA H200, 46, 100 %, 50 %, 74327 MiB, 143771 MiB
2026/08/06 00:00:53.405, NVIDIA H200, 45, 100 %, 50 %, 74327 MiB, 143771 MiB
2026/08/06 00:00:56.406, NVIDIA H200, 44, 100 %, 57 %, 74327 MiB, 143771 MiB
2026/08/06 00:00:59.406, NVIDIA H200, 42, 100 %, 44 %, 74327 MiB, 143771 MiB
2026/08/06 00:01:02.407, NVIDIA H200, 47, 96 %, 50 %, 74327 MiB, 143771 MiB
2026/08/06 00:01:05.407, NVIDIA H200, 46, 100 %, 41 %, 74327 MiB, 143771 MiB
2026/08/06 00:01:08.408, NVIDIA H200, 48, 97 %, 48 %, 74327 MiB, 143771 MiB
2026/08/06 00:01:11.409, NVIDIA H200, 48, 86 %, 38 %, 74327 MiB, 143771 MiB
2026/08/06 00:01:14.409, NVIDIA H200, 48, 100 %, 40 %, 74327 MiB, 143771 MiB
2026/08/06 00:01:17.409, NVIDIA H200, 47, 100 %, 50 %, 74327 MiB, 143771 MiB
2026/08/06 00:01:20.410, NVIDIA H200, 47, 100 %, 40 %, 74327 MiB, 143771 MiB
2026/08/06 00:01:23.410, NVIDIA H200, 47, 97 %, 58 %, 74327 MiB, 143771 MiB
2026/08/06 00:01:26.411, NVIDIA H200, 47, 98 %, 29 %, 74327 MiB, 143771 MiB
2026/08/06 00:01:29.411, NVIDIA H200, 47, 100 %, 41 %, 74327 MiB, 143771 MiB
2026/08/06 00:01:32.412, NVIDIA H200, 47, 98 %, 46 %, 74327 MiB, 143771 MiB
2026/08/06 00:01:35.412, NVIDIA H200, 27, 0 %, 0 %, 74327 MiB, 143771 MiB
2026/08/06 00:01:38.413, NVIDIA H200, 25, 0 %, 0 %, 74327 MiB, 143771 MiB
2026/08/06 00:01:41.414, NVIDIA H200, 28, 0 %, 0 %, 74327 MiB, 143771 MiB
2026/08/06 00:01:44.414, NVIDIA H200, 28, 0 %, 0 %, 74327 MiB, 143771 MiB
2026/08/06 00:01:47.415, NVIDIA H200, 24, 0 %, 0 %, 74327 MiB, 143771 MiB
2026/08/06 00:01:50.415, NVIDIA H200, 43, 97 %, 45 %, 74327 MiB, 143771 MiB
2026/08/06 00:01:53.416, NVIDIA H200, 45, 99 %, 55 %, 74327 MiB, 143771 MiB
2026/08/06 00:01:56.416, NVIDIA H200, 45, 100 %, 47 %, 74327 MiB, 143771 MiB
2026/08/06 00:01:59.417, NVIDIA H200, 38, 100 %, 53 %, 74327 MiB, 143771 MiB
2026/08/06 00:02:02.417, NVIDIA H200, 47, 100 %, 41 %, 74327 MiB, 143771 MiB
2026/08/06 00:02:05.418, NVIDIA H200, 46, 93 %, 34 %, 74327 MiB, 143771 MiB
2026/08/06 00:02:08.418, NVIDIA H200, 48, 100 %, 31 %, 74327 MiB, 143771 MiB
2026/08/06 00:02:11.419, NVIDIA H200, 36, 100 %, 43 %, 74327 MiB, 143771 MiB
2026/08/06 00:02:14.419, NVIDIA H200, 47, 97 %, 47 %, 74327 MiB, 143771 MiB
2026/08/06 00:02:17.420, NVIDIA H200, 41, 100 %, 43 %, 74327 MiB, 143771 MiB
2026/08/06 00:02:20.421, NVIDIA H200, 47, 98 %, 50 %, 74327 MiB, 143771 MiB
2026/08/06 00:02:23.421, NVIDIA H200, 43, 100 %, 45 %, 74327 MiB, 143771 MiB
2026/08/06 00:02:26.422, NVIDIA H200, 46, 96 %, 49 %, 74327 MiB, 143771 MiB
2026/08/06 00:02:29.422, NVIDIA H200, 48, 100 %, 43 %, 74327 MiB, 143771 MiB
2026/08/06 00:02:32.423, NVIDIA H200, 47, 97 %, 43 %, 74327 MiB, 143771 MiB
2026/08/06 00:02:35.423, NVIDIA H200, 48, 100 %, 46 %, 74327 MiB, 143771 MiB
2026/08/06 00:02:38.424, NVIDIA H200, 48, 100 %, 41 %, 74327 MiB, 143771 MiB
2026/08/06 00:02:41.424, NVIDIA H200, 45, 97 %, 36 %, 74327 MiB, 143771 MiB
2026/08/06 00:02:44.425, NVIDIA H200, 46, 100 %, 46 %, 74327 MiB, 143771 MiB
2026/08/06 00:02:47.425, NVIDIA H200, 47, 98 %, 48 %, 74327 MiB, 143771 MiB
2026/08/06 00:02:50.426, NVIDIA H200, 46, 98 %, 39 %, 74327 MiB, 143771 MiB
2026/08/06 00:02:53.426, NVIDIA H200, 44, 100 %, 44 %, 74327 MiB, 143771 MiB
2026/08/06 00:02:56.427, NVIDIA H200, 49, 100 %, 39 %, 74327 MiB, 143771 MiB
2026/08/06 00:02:59.428, NVIDIA H200, 47, 97 %, 49 %, 74327 MiB, 143771 MiB
2026/08/06 00:03:02.428, NVIDIA H200, 46, 98 %, 38 %, 74327 MiB, 143771 MiB
2026/08/06 00:03:05.429, NVIDIA H200, 47, 100 %, 50 %, 74327 MiB, 143771 MiB
2026/08/06 00:03:08.429, NVIDIA H200, 48, 100 %, 44 %, 74327 MiB, 143771 MiB
2026/08/06 00:03:11.430, NVIDIA H200, 48, 98 %, 51 %, 74327 MiB, 143771 MiB
2026/08/06 00:03:14.431, NVIDIA H200, 46, 100 %, 56 %, 74327 MiB, 143771 MiB
2026/08/06 00:03:17.431, NVIDIA H200, 48, 100 %, 46 %, 74327 MiB, 143771 MiB
2026/08/06 00:03:20.432, NVIDIA H200, 47, 100 %, 46 %, 74327 MiB, 143771 MiB
2026/08/06 00:03:23.432, NVIDIA H200, 27, 0 %, 0 %, 74327 MiB, 143771 MiB
2026/08/06 00:03:26.433, NVIDIA H200, 32, 99 %, 53 %, 74327 MiB, 143771 MiB
2026/08/06 00:03:29.434, NVIDIA H200, 27, 0 %, 0 %, 74327 MiB, 143771 MiB
2026/08/06 00:03:32.435, NVIDIA H200, 26, 0 %, 0 %, 74327 MiB, 143771 MiB
2026/08/06 00:03:35.435, NVIDIA H200, 43, 100 %, 38 %, 74327 MiB, 143771 MiB
2026/08/06 00:03:38.436, NVIDIA H200, 48, 100 %, 43 %, 74327 MiB, 143771 MiB
2026/08/06 00:03:41.436, NVIDIA H200, 43, 100 %, 50 %, 74327 MiB, 143771 MiB
2026/08/06 00:03:44.437, NVIDIA H200, 46, 100 %, 43 %, 74327 MiB, 143771 MiB
2026/08/06 00:03:47.437, NVIDIA H200, 47, 100 %, 40 %, 74327 MiB, 143771 MiB
2026/08/06 00:03:50.438, NVIDIA H200, 45, 97 %, 51 %, 74327 MiB, 143771 MiB
2026/08/06 00:03:53.438, NVIDIA H200, 45, 96 %, 38 %, 74327 MiB, 143771 MiB
2026/08/06 00:03:56.439, NVIDIA H200, 49, 100 %, 42 %, 74327 MiB, 143771 MiB
2026/08/06 00:03:59.440, NVIDIA H200, 46, 100 %, 30 %, 74327 MiB, 143771 MiB
2026/08/06 00:04:02.440, NVIDIA H200, 48, 98 %, 37 %, 74327 MiB, 143771 MiB
2026/08/06 00:04:05.441, NVIDIA H200, 46, 100 %, 42 %, 74327 MiB, 143771 MiB
2026/08/06 00:04:08.441, NVIDIA H200, 48, 100 %, 46 %, 74327 MiB, 143771 MiB
2026/08/06 00:04:11.442, NVIDIA H200, 46, 97 %, 48 %, 74327 MiB, 143771 MiB
2026/08/06 00:04:14.443, NVIDIA H200, 47, 100 %, 43 %, 74327 MiB, 143771 MiB
2026/08/06 00:04:17.443, NVIDIA H200, 47, 100 %, 49 %, 74327 MiB, 143771 MiB
2026/08/06 00:04:20.444, NVIDIA H200, 50, 100 %, 48 %, 74327 MiB, 143771 MiB
2026/08/06 00:04:23.444, NVIDIA H200, 47, 97 %, 48 %, 74327 MiB, 143771 MiB
2026/08/06 00:04:26.445, NVIDIA H200, 48, 100 %, 54 %, 74327 MiB, 143771 MiB
2026/08/06 00:04:29.446, NVIDIA H200, 48, 100 %, 45 %, 74327 MiB, 143771 MiB
2026/08/06 00:04:32.446, NVIDIA H200, 46, 100 %, 35 %, 74327 MiB, 143771 MiB
2026/08/06 00:04:35.447, NVIDIA H200, 47, 100 %, 49 %, 74327 MiB, 143771 MiB
2026/08/06 00:04:38.447, NVIDIA H200, 45, 97 %, 49 %, 74327 MiB, 143771 MiB
2026/08/06 00:04:41.448, NVIDIA H200, 49, 100 %, 45 %, 74327 MiB, 143771 MiB
2026/08/06 00:04:44.448, NVIDIA H200, 38, 58 %, 21 %, 74327 MiB, 143771 MiB
2026/08/06 00:04:47.449, NVIDIA H200, 45, 97 %, 54 %, 74327 MiB, 143771 MiB
2026/08/06 00:04:50.450, NVIDIA H200, 46, 100 %, 45 %, 74327 MiB, 143771 MiB
2026/08/06 00:04:53.451, NVIDIA H200, 42, 93 %, 44 %, 74327 MiB, 143771 MiB
2026/08/06 00:04:56.451, NVIDIA H200, 44, 100 %, 46 %, 74327 MiB, 143771 MiB
2026/08/06 00:04:59.452, NVIDIA H200, 47, 100 %, 40 %, 74327 MiB, 143771 MiB
2026/08/06 00:05:02.452, NVIDIA H200, 45, 94 %, 22 %, 74327 MiB, 143771 MiB
2026/08/06 00:05:05.453, NVIDIA H200, 50, 100 %, 40 %, 74327 MiB, 143771 MiB
2026/08/06 00:05:08.453, NVIDIA H200, 28, 0 %, 0 %, 74327 MiB, 143771 MiB
2026/08/06 00:05:11.454, NVIDIA H200, 25, 0 %, 0 %, 74327 MiB, 143771 MiB
2026/08/06 00:05:14.455, NVIDIA H200, 40, 79 %, 29 %, 74327 MiB, 143771 MiB
2026/08/06 00:05:17.455, NVIDIA H200, 25, 0 %, 0 %, 74327 MiB, 143771 MiB
2026/08/06 00:05:20.456, NVIDIA H200, 25, 0 %, 0 %, 74327 MiB, 143771 MiB
2026/08/06 00:05:23.457, NVIDIA H200, 24, 0 %, 0 %, 74327 MiB, 143771 MiB
2026/08/06 00:05:26.457, NVIDIA H200, 43, 98 %, 44 %, 74327 MiB, 143771 MiB
2026/08/06 00:05:29.458, NVIDIA H200, 40, 100 %, 45 %, 74327 MiB, 143771 MiB
2026/08/06 00:05:32.459, NVIDIA H200, 47, 100 %, 53 %, 74327 MiB, 143771 MiB
2026/08/06 00:05:35.459, NVIDIA H200, 47, 100 %, 50 %, 74327 MiB, 143771 MiB
2026/08/06 00:05:38.460, NVIDIA H200, 47, 100 %, 45 %, 74327 MiB, 143771 MiB
2026/08/06 00:05:41.461, NVIDIA H200, 48, 100 %, 40 %, 74327 MiB, 143771 MiB
2026/08/06 00:05:44.461, NVIDIA H200, 44, 96 %, 53 %, 74327 MiB, 143771 MiB
2026/08/06 00:05:47.462, NVIDIA H200, 46, 100 %, 48 %, 74327 MiB, 143771 MiB
2026/08/06 00:05:50.462, NVIDIA H200, 43, 100 %, 51 %, 74327 MiB, 143771 MiB
2026/08/06 00:05:53.463, NVIDIA H200, 44, 97 %, 56 %, 74327 MiB, 143771 MiB
2026/08/06 00:05:56.463, NVIDIA H200, 47, 100 %, 43 %, 74327 MiB, 143771 MiB
2026/08/06 00:05:59.464, NVIDIA H200, 46, 100 %, 39 %, 74327 MiB, 143771 MiB
2026/08/06 00:06:02.465, NVIDIA H200, 44, 100 %, 49 %, 74327 MiB, 143771 MiB
2026/08/06 00:06:05.465, NVIDIA H200, 47, 100 %, 42 %, 74327 MiB, 143771 MiB
2026/08/06 00:06:08.466, NVIDIA H200, 45, 100 %, 39 %, 74327 MiB, 143771 MiB
2026/08/06 00:06:11.466, NVIDIA H200, 41, 100 %, 45 %, 74327 MiB, 143771 MiB
2026/08/06 00:06:14.467, NVIDIA H200, 45, 97 %, 56 %, 74327 MiB, 143771 MiB
2026/08/06 00:06:17.467, NVIDIA H200, 47, 100 %, 38 %, 74327 MiB, 143771 MiB
2026/08/06 00:06:20.468, NVIDIA H200, 41, 100 %, 46 %, 74327 MiB, 143771 MiB
2026/08/06 00:06:23.469, NVIDIA H200, 47, 100 %, 41 %, 74327 MiB, 143771 MiB
2026/08/06 00:06:26.469, NVIDIA H200, 46, 100 %, 43 %, 74327 MiB, 143771 MiB
2026/08/06 00:06:29.470, NVIDIA H200, 37, 30 %, 15 %, 74327 MiB, 143771 MiB
2026/08/06 00:06:32.470, NVIDIA H200, 46, 97 %, 44 %, 74327 MiB, 143771 MiB
2026/08/06 00:06:35.471, NVIDIA H200, 45, 98 %, 25 %, 74327 MiB, 143771 MiB
2026/08/06 00:06:38.471, NVIDIA H200, 45, 100 %, 30 %, 74327 MiB, 143771 MiB
2026/08/06 00:06:41.472, NVIDIA H200, 47, 100 %, 55 %, 74327 MiB, 143771 MiB
2026/08/06 00:06:44.473, NVIDIA H200, 37, 36 %, 16 %, 74327 MiB, 143771 MiB
2026/08/06 00:06:47.473, NVIDIA H200, 44, 78 %, 36 %, 74327 MiB, 143771 MiB
2026/08/06 00:06:50.474, NVIDIA H200, 49, 100 %, 44 %, 74327 MiB, 143771 MiB
2026/08/06 00:06:53.475, NVIDIA H200, 46, 100 %, 39 %, 74327 MiB, 143771 MiB
2026/08/06 00:06:56.475, NVIDIA H200, 45, 98 %, 50 %, 74327 MiB, 143771 MiB
2026/08/06 00:06:59.476, NVIDIA H200, 45, 96 %, 28 %, 74327 MiB, 143771 MiB
2026/08/06 00:07:02.476, NVIDIA H200, 30, 0 %, 0 %, 74327 MiB, 143771 MiB
2026/08/06 00:07:05.477, NVIDIA H200, 25, 0 %, 0 %, 74327 MiB, 143771 MiB
2026/08/06 00:07:08.478, NVIDIA H200, 32, 32 %, 19 %, 74327 MiB, 143771 MiB
2026/08/06 00:07:11.478, NVIDIA H200, 25, 0 %, 0 %, 74327 MiB, 143771 MiB
2026/08/06 00:07:14.479, NVIDIA H200, 26, 0 %, 0 %, 74327 MiB, 143771 MiB
2026/08/06 00:07:17.480, NVIDIA H200, 24, 0 %, 0 %, 74327 MiB, 143771 MiB
2026/08/06 00:07:20.480, NVIDIA H200, 24, 0 %, 0 %, 74327 MiB, 143771 MiB
2026/08/06 00:07:23.481, NVIDIA H200, 23, 0 %, 0 %, 74327 MiB, 143771 MiB
2026/08/06 00:07:26.482, NVIDIA H200, 24, 0 %, 0 %, 74327 MiB, 143771 MiB
2026/08/06 00:07:29.483, NVIDIA H200, 45, 100 %, 41 %, 74327 MiB, 143771 MiB
2026/08/06 00:07:32.483, NVIDIA H200, 46, 100 %, 54 %, 74327 MiB, 143771 MiB
2026/08/06 00:07:35.484, NVIDIA H200, 47, 100 %, 40 %, 74327 MiB, 143771 MiB
2026/08/06 00:07:38.484, NVIDIA H200, 47, 98 %, 46 %, 74327 MiB, 143771 MiB
2026/08/06 00:07:41.485, NVIDIA H200, 47, 98 %, 36 %, 74327 MiB, 143771 MiB
2026/08/06 00:07:44.486, NVIDIA H200, 47, 100 %, 39 %, 74327 MiB, 143771 MiB
2026/08/06 00:07:47.486, NVIDIA H200, 44, 81 %, 26 %, 74327 MiB, 143771 MiB
2026/08/06 00:07:50.487, NVIDIA H200, 46, 100 %, 30 %, 74327 MiB, 143771 MiB
2026/08/06 00:07:53.488, NVIDIA H200, 46, 100 %, 43 %, 74327 MiB, 143771 MiB
2026/08/06 00:07:56.687, NVIDIA H200, 45, 100 %, 54 %, 74327 MiB, 143771 MiB
2026/08/06 00:07:59.688, NVIDIA H200, 45, 97 %, 58 %, 74327 MiB, 143771 MiB
2026/08/06 00:08:02.688, NVIDIA H200, 46, 100 %, 54 %, 74327 MiB, 143771 MiB
2026/08/06 00:08:05.689, NVIDIA H200, 45, 100 %, 40 %, 74327 MiB, 143771 MiB
2026/08/06 00:08:08.690, NVIDIA H200, 46, 100 %, 47 %, 74327 MiB, 143771 MiB
2026/08/06 00:08:11.690, NVIDIA H200, 46, 100 %, 44 %, 74327 MiB, 143771 MiB
2026/08/06 00:08:14.691, NVIDIA H200, 45, 100 %, 39 %, 74327 MiB, 143771 MiB
2026/08/06 00:08:17.691, NVIDIA H200, 46, 35 %, 16 %, 74327 MiB, 143771 MiB
2026/08/06 00:08:20.692, NVIDIA H200, 47, 100 %, 42 %, 74327 MiB, 143771 MiB
2026/08/06 00:08:23.692, NVIDIA H200, 46, 100 %, 41 %, 74327 MiB, 143771 MiB
2026/08/06 00:08:26.693, NVIDIA H200, 46, 100 %, 56 %, 74327 MiB, 143771 MiB
2026/08/06 00:08:29.694, NVIDIA H200, 48, 100 %, 44 %, 74327 MiB, 143771 MiB
2026/08/06 00:08:32.694, NVIDIA H200, 45, 100 %, 46 %, 74327 MiB, 143771 MiB
2026/08/06 00:08:35.695, NVIDIA H200, 41, 98 %, 47 %, 74327 MiB, 143771 MiB
2026/08/06 00:08:38.695, NVIDIA H200, 46, 98 %, 37 %, 74327 MiB, 143771 MiB
2026/08/06 00:08:41.696, NVIDIA H200, 47, 100 %, 51 %, 74327 MiB, 143771 MiB
2026/08/06 00:08:44.697, NVIDIA H200, 45, 97 %, 50 %, 74327 MiB, 143771 MiB
2026/08/06 00:08:47.697, NVIDIA H200, 44, 41 %, 11 %, 74327 MiB, 143771 MiB
2026/08/06 00:08:50.698, NVIDIA H200, 37, 100 %, 40 %, 74327 MiB, 143771 MiB
2026/08/06 00:08:53.698, NVIDIA H200, 43, 97 %, 52 %, 74327 MiB, 143771 MiB
2026/08/06 00:08:56.699, NVIDIA H200, 47, 100 %, 46 %, 74327 MiB, 143771 MiB
2026/08/06 00:08:59.699, NVIDIA H200, 46, 100 %, 48 %, 74327 MiB, 143771 MiB
2026/08/06 00:09:02.700, NVIDIA H200, 33, 0 %, 0 %, 74327 MiB, 143771 MiB
2026/08/06 00:09:05.701, NVIDIA H200, 25, 0 %, 0 %, 74327 MiB, 143771 MiB
2026/08/06 00:09:08.701, NVIDIA H200, 39, 26 %, 15 %, 74327 MiB, 143771 MiB
2026/08/06 00:09:11.702, NVIDIA H200, 25, 0 %, 0 %, 74327 MiB, 143771 MiB
2026/08/06 00:09:14.702, NVIDIA H200, 27, 0 %, 0 %, 74331 MiB, 143771 MiB
2026/08/06 00:09:17.703, NVIDIA H200, 24, 0 %, 0 %, 74331 MiB, 143771 MiB
2026/08/06 00:09:20.703, NVIDIA H200, 23, 0 %, 0 %, 74331 MiB, 143771 MiB
2026/08/06 00:09:23.704, NVIDIA H200, 23, 0 %, 0 %, 74331 MiB, 143771 MiB
2026/08/06 00:09:26.704, NVIDIA H200, 23, 0 %, 0 %, 74331 MiB, 143771 MiB
2026/08/06 00:09:29.705, NVIDIA H200, 23, 0 %, 0 %, 74331 MiB, 143771 MiB
2026/08/06 00:09:32.706, NVIDIA H200, 23, 0 %, 0 %, 74331 MiB, 143771 MiB
2026/08/06 00:09:35.706, NVIDIA H200, 23, 0 %, 0 %, 74331 MiB, 143771 MiB
2026/08/06 00:09:38.707, NVIDIA H200, 23, 0 %, 0 %, 74331 MiB, 143771 MiB
2026/08/06 00:09:41.708, NVIDIA H200, 23, 0 %, 0 %, 74331 MiB, 143771 MiB
2026/08/06 00:09:44.708, NVIDIA H200, 23, 0 %, 0 %, 74331 MiB, 143771 MiB
2026/08/06 00:09:47.709, NVIDIA H200, 23, 0 %, 0 %, 74331 MiB, 143771 MiB
2026/08/06 00:09:50.710, NVIDIA H200, 23, 0 %, 0 %, 74331 MiB, 143771 MiB
2026/08/06 00:09:53.710, NVIDIA H200, 23, 0 %, 0 %, 74331 MiB, 143771 MiB
2026/08/06 00:09:56.711, NVIDIA H200, 23, 0 %, 0 %, 74331 MiB, 143771 MiB
2026/08/06 00:09:59.711, NVIDIA H200, 23, 0 %, 0 %, 74331 MiB, 143771 MiB
2026/08/06 00:10:02.712, NVIDIA H200, 23, 0 %, 0 %, 74331 MiB, 143771 MiB
2026/08/06 00:10:05.712, NVIDIA H200, 23, 0 %, 0 %, 74331 MiB, 143771 MiB
2026/08/06 00:10:08.713, NVIDIA H200, 23, 0 %, 0 %, 74331 MiB, 143771 MiB
2026/08/06 00:10:11.713, NVIDIA H200, 23, 0 %, 0 %, 74331 MiB, 143771 MiB
2026/08/06 00:10:14.714, NVIDIA H200, 22, 0 %, 0 %, 74331 MiB, 143771 MiB
2026/08/06 00:10:17.715, NVIDIA H200, 22, 0 %, 0 %, 74331 MiB, 143771 MiB
2026/08/06 00:10:20.715, NVIDIA H200, 22, 0 %, 0 %, 74331 MiB, 143771 MiB
2026/08/06 00:10:23.716, NVIDIA H200, 22, 0 %, 0 %, 74331 MiB, 143771 MiB
2026/08/06 00:10:26.716, NVIDIA H200, 22, 0 %, 0 %, 74331 MiB, 143771 MiB
2026/08/06 00:10:29.717, NVIDIA H200, 22, 0 %, 0 %, 74331 MiB, 143771 MiB
2026/08/06 00:10:32.717, NVIDIA H200, 22, 0 %, 0 %, 74331 MiB, 143771 MiB
2026/08/06 00:10:35.718, NVIDIA H200, 22, 0 %, 0 %, 74331 MiB, 143771 MiB
2026/08/06 00:10:38.718, NVIDIA H200, 22, 0 %, 0 %, 74331 MiB, 143771 MiB
2026/08/06 00:10:41.719, NVIDIA H200, 22, 0 %, 0 %, 74331 MiB, 143771 MiB
2026/08/06 00:10:44.720, NVIDIA H200, 22, 0 %, 0 %, 74331 MiB, 143771 MiB
2026/08/06 00:10:47.720, NVIDIA H200, 22, 0 %, 0 %, 74331 MiB, 143771 MiB
2026/08/06 00:10:50.721, NVIDIA H200, 22, 0 %, 0 %, 74331 MiB, 143771 MiB
2026/08/06 00:10:53.721, NVIDIA H200, 22, 0 %, 0 %, 74331 MiB, 143771 MiB
2026/08/06 00:10:56.722, NVIDIA H200, 22, 0 %, 0 %, 74331 MiB, 143771 MiB
2026/08/06 00:10:59.722, NVIDIA H200, 22, 0 %, 0 %, 74331 MiB, 143771 MiB
2026/08/06 00:11:02.723, NVIDIA H200, 22, 0 %, 0 %, 74331 MiB, 143771 MiB
2026/08/06 00:11:05.724, NVIDIA H200, 22, 0 %, 0 %, 74331 MiB, 143771 MiB
2026/08/06 00:11:08.724, NVIDIA H200, 22, 0 %, 0 %, 74331 MiB, 143771 MiB
2026/08/06 00:11:11.725, NVIDIA H200, 22, 0 %, 0 %, 74331 MiB, 143771 MiB
2026/08/06 00:11:14.725, NVIDIA H200, 22, 0 %, 0 %, 74331 MiB, 143771 MiB
2026/08/06 00:11:17.726, NVIDIA H200, 22, 0 %, 0 %, 74331 MiB, 143771 MiB
2026/08/06 00:11:20.727, NVIDIA H200, 22, 0 %, 0 %, 74331 MiB, 143771 MiB
2026/08/06 00:11:23.728, NVIDIA H200, 22, 0 %, 0 %, 74331 MiB, 143771 MiB
2026/08/06 00:11:26.728, NVIDIA H200, 22, 0 %, 0 %, 74331 MiB, 143771 MiB
2026/08/06 00:11:29.729, NVIDIA H200, 22, 0 %, 0 %, 74331 MiB, 143771 MiB
2026/08/06 00:11:32.729, NVIDIA H200, 22, 0 %, 0 %, 74331 MiB, 143771 MiB
2026/08/06 00:11:35.730, NVIDIA H200, 22, 0 %, 0 %, 74331 MiB, 143771 MiB
2026/08/06 00:11:38.730, NVIDIA H200, 22, 0 %, 0 %, 74331 MiB, 143771 MiB
2026/08/06 00:11:41.731, NVIDIA H200, 22, 0 %, 0 %, 74331 MiB, 143771 MiB
2026/08/06 00:11:44.731, NVIDIA H200, 22, 0 %, 0 %, 74331 MiB, 143771 MiB
2026/08/06 00:11:47.732, NVIDIA H200, 22, 0 %, 0 %, 74331 MiB, 143771 MiB
2026/08/06 00:11:50.733, NVIDIA H200, 22, 0 %, 0 %, 74331 MiB, 143771 MiB
2026/08/06 00:11:53.733, NVIDIA H200, 22, 0 %, 0 %, 74331 MiB, 143771 MiB
2026/08/06 00:11:56.734, NVIDIA H200, 22, 0 %, 0 %, 74331 MiB, 143771 MiB
2026/08/06 00:11:59.734, NVIDIA H200, 22, 0 %, 0 %, 74331 MiB, 143771 MiB
2026/08/06 00:12:02.735, NVIDIA H200, 22, 0 %, 0 %, 74331 MiB, 143771 MiB
2026/08/06 00:12:05.736, NVIDIA H200, 22, 0 %, 0 %, 74331 MiB, 143771 MiB
2026/08/06 00:12:08.736, NVIDIA H200, 22, 0 %, 0 %, 74331 MiB, 143771 MiB
2026/08/06 00:12:11.737, NVIDIA H200, 22, 0 %, 0 %, 74331 MiB, 143771 MiB
2026/08/06 00:12:14.737, NVIDIA H200, 22, 0 %, 0 %, 74331 MiB, 143771 MiB
2026/08/06 00:12:17.738, NVIDIA H200, 22, 0 %, 0 %, 74331 MiB, 143771 MiB
2026/08/06 00:12:20.739, NVIDIA H200, 22, 0 %, 0 %, 74331 MiB, 143771 MiB
2026/08/06 00:12:23.739, NVIDIA H200, 22, 0 %, 0 %, 74331 MiB, 143771 MiB
2026/08/06 00:12:26.740, NVIDIA H200, 22, 0 %, 0 %, 74331 MiB, 143771 MiB
2026/08/06 00:12:29.741, NVIDIA H200, 22, 0 %, 0 %, 74331 MiB, 143771 MiB
2026/08/06 00:12:32.741, NVIDIA H200, 22, 0 %, 0 %, 74331 MiB, 143771 MiB
2026/08/06 00:12:35.742, NVIDIA H200, 22, 0 %, 0 %, 74331 MiB, 143771 MiB
2026/08/06 00:12:38.742, NVIDIA H200, 22, 0 %, 0 %, 74331 MiB, 143771 MiB
2026/08/06 00:12:41.743, NVIDIA H200, 22, 0 %, 0 %, 74331 MiB, 143771 MiB
2026/08/06 00:12:44.744, NVIDIA H200, 22, 0 %, 0 %, 74331 MiB, 143771 MiB
2026/08/06 00:12:47.744, NVIDIA H200, 22, 0 %, 0 %, 74331 MiB, 143771 MiB
2026/08/06 00:12:50.745, NVIDIA H200, 22, 0 %, 0 %, 74331 MiB, 143771 MiB
2026/08/06 00:12:53.746, NVIDIA H200, 22, 0 %, 0 %, 74331 MiB, 143771 MiB
2026/08/06 00:12:56.746, NVIDIA H200, 22, 0 %, 0 %, 74331 MiB, 143771 MiB
2026/08/06 00:12:59.747, NVIDIA H200, 22, 0 %, 0 %, 74331 MiB, 143771 MiB
2026/08/06 00:13:02.747, NVIDIA H200, 22, 0 %, 0 %, 74331 MiB, 143771 MiB
2026/08/06 00:13:05.748, NVIDIA H200, 22, 0 %, 0 %, 74331 MiB, 143771 MiB
2026/08/06 00:13:08.748, NVIDIA H200, 22, 0 %, 0 %, 74331 MiB, 143771 MiB
2026/08/06 00:13:11.749, NVIDIA H200, 22, 0 %, 0 %, 74331 MiB, 143771 MiB
2026/08/06 00:13:14.750, NVIDIA H200, 22, 0 %, 0 %, 74331 MiB, 143771 MiB
2026/08/06 00:13:17.750, NVIDIA H200, 22, 0 %, 0 %, 74331 MiB, 143771 MiB
2026/08/06 00:13:20.751, NVIDIA H200, 22, 0 %, 0 %, 74331 MiB, 143771 MiB
2026/08/06 00:13:23.752, NVIDIA H200, 22, 0 %, 0 %, 74331 MiB, 143771 MiB
2026/08/06 00:13:26.752, NVIDIA H200, 22, 0 %, 0 %, 74331 MiB, 143771 MiB
2026/08/06 00:13:29.753, NVIDIA H200, 22, 0 %, 0 %, 74331 MiB, 143771 MiB
2026/08/06 00:13:32.753, NVIDIA H200, 22, 0 %, 0 %, 74331 MiB, 143771 MiB
2026/08/06 00:13:35.754, NVIDIA H200, 22, 0 %, 0 %, 74331 MiB, 143771 MiB
2026/08/06 00:13:38.754, NVIDIA H200, 22, 0 %, 0 %, 74331 MiB, 143771 MiB
2026/08/06 00:13:41.755, NVIDIA H200, 22, 0 %, 0 %, 74331 MiB, 143771 MiB
2026/08/06 00:13:44.756, NVIDIA H200, 22, 0 %, 0 %, 74331 MiB, 143771 MiB
2026/08/06 00:13:47.756, NVIDIA H200, 22, 0 %, 0 %, 74331 MiB, 143771 MiB
2026/08/06 00:13:50.759, NVIDIA H200, 22, 0 %, 0 %, 74331 MiB, 143771 MiB
2026/08/06 00:13:53.760, NVIDIA H200, 22, 0 %, 0 %, 74331 MiB, 143771 MiB
2026/08/06 00:13:56.760, NVIDIA H200, 22, 0 %, 0 %, 74331 MiB, 143771 MiB
2026/08/06 00:13:59.761, NVIDIA H200, 22, 0 %, 0 %, 74331 MiB, 143771 MiB
2026/08/06 00:14:02.761, NVIDIA H200, 22, 0 %, 0 %, 74331 MiB, 143771 MiB
2026/08/06 00:14:05.762, NVIDIA H200, 22, 0 %, 0 %, 74331 MiB, 143771 MiB
2026/08/06 00:14:08.762, NVIDIA H200, 22, 0 %, 0 %, 74331 MiB, 143771 MiB
2026/08/06 00:14:11.763, NVIDIA H200, 22, 0 %, 0 %, 74331 MiB, 143771 MiB
2026/08/06 00:14:14.764, NVIDIA H200, 22, 0 %, 0 %, 74331 MiB, 143771 MiB
2026/08/06 00:14:17.765, NVIDIA H200, 22, 0 %, 0 %, 74331 MiB, 143771 MiB
2026/08/06 00:14:20.765, NVIDIA H200, 22, 0 %, 0 %, 74331 MiB, 143771 MiB
2026/08/06 00:14:23.766, NVIDIA H200, 22, 0 %, 0 %, 74331 MiB, 143771 MiB
2026/08/06 00:14:26.766, NVIDIA H200, 22, 0 %, 0 %, 74331 MiB, 143771 MiB
2026/08/06 00:14:29.767, NVIDIA H200, 22, 0 %, 0 %, 74331 MiB, 143771 MiB
2026/08/06 00:14:32.768, NVIDIA H200, 22, 0 %, 0 %, 74331 MiB, 143771 MiB
2026/08/06 00:14:35.768, NVIDIA H200, 22, 0 %, 0 %, 74331 MiB, 143771 MiB
2026/08/06 00:14:38.769, NVIDIA H200, 22, 0 %, 0 %, 74331 MiB, 143771 MiB
2026/08/06 00:14:41.770, NVIDIA H200, 22, 0 %, 0 %, 74331 MiB, 143771 MiB
2026/08/06 00:14:44.770, NVIDIA H200, 22, 0 %, 0 %, 74331 MiB, 143771 MiB
2026/08/06 00:14:47.771, NVIDIA H200, 24, 0 %, 0 %, 74331 MiB, 143771 MiB
2026/08/06 00:14:50.771, NVIDIA H200, 41, 100 %, 47 %, 74331 MiB, 143771 MiB
2026/08/06 00:14:53.772, NVIDIA H200, 44, 94 %, 47 %, 74331 MiB, 143771 MiB
2026/08/06 00:14:56.772, NVIDIA H200, 44, 100 %, 45 %, 74331 MiB, 143771 MiB
2026/08/06 00:14:59.773, NVIDIA H200, 42, 46 %, 12 %, 74331 MiB, 143771 MiB
2026/08/06 00:15:02.773, NVIDIA H200, 44, 100 %, 32 %, 74331 MiB, 143771 MiB
2026/08/06 00:15:05.774, NVIDIA H200, 43, 79 %, 22 %, 74331 MiB, 143771 MiB
2026/08/06 00:15:08.774, NVIDIA H200, 45, 100 %, 40 %, 74331 MiB, 143771 MiB
2026/08/06 00:15:11.775, NVIDIA H200, 46, 99 %, 33 %, 74331 MiB, 143771 MiB
2026/08/06 00:15:14.775, NVIDIA H200, 45, 100 %, 42 %, 74331 MiB, 143771 MiB
2026/08/06 00:15:17.775, NVIDIA H200, 39, 78 %, 37 %, 74331 MiB, 143771 MiB
2026/08/06 00:15:20.778, NVIDIA H200, 45, 98 %, 51 %, 74331 MiB, 143771 MiB
2026/08/06 00:15:23.778, NVIDIA H200, 39, 84 %, 37 %, 74331 MiB, 143771 MiB
2026/08/06 00:15:26.779, NVIDIA H200, 46, 100 %, 31 %, 74331 MiB, 143771 MiB
2026/08/06 00:15:29.779, NVIDIA H200, 45, 100 %, 40 %, 74331 MiB, 143771 MiB
2026/08/06 00:15:32.779, NVIDIA H200, 45, 98 %, 50 %, 74331 MiB, 143771 MiB
2026/08/06 00:15:35.780, NVIDIA H200, 47, 100 %, 43 %, 74331 MiB, 143771 MiB
2026/08/06 00:15:38.780, NVIDIA H200, 47, 99 %, 39 %, 74331 MiB, 143771 MiB
2026/08/06 00:15:41.781, NVIDIA H200, 46, 100 %, 42 %, 74331 MiB, 143771 MiB
2026/08/06 00:15:44.782, NVIDIA H200, 48, 98 %, 36 %, 74331 MiB, 143771 MiB
2026/08/06 00:15:47.782, NVIDIA H200, 46, 100 %, 33 %, 74331 MiB, 143771 MiB
2026/08/06 00:15:50.782, NVIDIA H200, 42, 100 %, 45 %, 74331 MiB, 143771 MiB
2026/08/06 00:15:53.783, NVIDIA H200, 46, 100 %, 48 %, 74331 MiB, 143771 MiB
2026/08/06 00:15:56.783, NVIDIA H200, 38, 47 %, 10 %, 74331 MiB, 143771 MiB
2026/08/06 00:15:59.784, NVIDIA H200, 45, 100 %, 41 %, 74331 MiB, 143771 MiB
2026/08/06 00:16:02.784, NVIDIA H200, 40, 82 %, 32 %, 74331 MiB, 143771 MiB
2026/08/06 00:16:05.785, NVIDIA H200, 47, 100 %, 47 %, 74331 MiB, 143771 MiB
2026/08/06 00:16:08.785, NVIDIA H200, 46, 100 %, 51 %, 74331 MiB, 143771 MiB
2026/08/06 00:16:11.786, NVIDIA H200, 46, 100 %, 38 %, 74331 MiB, 143771 MiB
2026/08/06 00:16:14.786, NVIDIA H200, 46, 97 %, 49 %, 74331 MiB, 143771 MiB
2026/08/06 00:16:17.787, NVIDIA H200, 45, 100 %, 44 %, 74331 MiB, 143771 MiB
2026/08/06 00:16:20.788, NVIDIA H200, 42, 99 %, 20 %, 20385 MiB, 143771 MiB
2026/08/06 00:16:23.788, NVIDIA H200, 38, 100 %, 5 %, 29995 MiB, 143771 MiB
2026/08/06 00:16:26.789, NVIDIA H200, 33, 30 %, 11 %, 24717 MiB, 143771 MiB
2026/08/06 00:16:29.789, NVIDIA H200, 26, 0 %, 0 %, 19185 MiB, 143771 MiB
2026/08/06 00:16:32.790, NVIDIA H200, 29, 0 %, 0 %, 15773 MiB, 143771 MiB
2026/08/06 00:16:35.790, NVIDIA H200, 28, 100 %, 0 %, 13609 MiB, 143771 MiB
2026/08/06 00:16:38.791, NVIDIA H200, 24, 0 %, 0 %, 12367 MiB, 143771 MiB
2026/08/06 00:16:41.791, NVIDIA H200, 28, 0 %, 0 %, 29171 MiB, 143771 MiB
2026/08/06 00:16:44.792, NVIDIA H200, 28, 0 %, 0 %, 29171 MiB, 143771 MiB
2026/08/06 00:16:47.792, NVIDIA H200, 26, 0 %, 0 %, 29171 MiB, 143771 MiB
2026/08/06 00:16:50.793, NVIDIA H200, 24, 0 %, 0 %, 29171 MiB, 143771 MiB
2026/08/06 00:16:53.793, NVIDIA H200, 43, 92 %, 53 %, 74361 MiB, 143771 MiB
2026/08/06 00:16:56.794, NVIDIA H200, 45, 98 %, 36 %, 74361 MiB, 143771 MiB
2026/08/06 00:16:59.794, NVIDIA H200, 45, 100 %, 42 %, 74361 MiB, 143771 MiB
2026/08/06 00:17:02.795, NVIDIA H200, 45, 50 %, 15 %, 74361 MiB, 143771 MiB
2026/08/06 00:17:05.795, NVIDIA H200, 45, 100 %, 36 %, 74361 MiB, 143771 MiB
2026/08/06 00:17:08.796, NVIDIA H200, 47, 100 %, 53 %, 74361 MiB, 143771 MiB
2026/08/06 00:17:11.797, NVIDIA H200, 47, 100 %, 40 %, 74361 MiB, 143771 MiB
2026/08/06 00:17:14.797, NVIDIA H200, 47, 98 %, 56 %, 74361 MiB, 143771 MiB
2026/08/06 00:17:17.798, NVIDIA H200, 48, 100 %, 47 %, 74361 MiB, 143771 MiB
2026/08/06 00:17:20.798, NVIDIA H200, 46, 100 %, 37 %, 74361 MiB, 143771 MiB
2026/08/06 00:17:23.799, NVIDIA H200, 48, 100 %, 51 %, 74361 MiB, 143771 MiB
2026/08/06 00:17:26.799, NVIDIA H200, 47, 100 %, 45 %, 74361 MiB, 143771 MiB
2026/08/06 00:17:29.800, NVIDIA H200, 46, 100 %, 38 %, 74361 MiB, 143771 MiB
2026/08/06 00:17:32.800, NVIDIA H200, 48, 68 %, 26 %, 74361 MiB, 143771 MiB
2026/08/06 00:17:35.801, NVIDIA H200, 48, 100 %, 43 %, 74361 MiB, 143771 MiB
2026/08/06 00:17:38.801, NVIDIA H200, 49, 97 %, 39 %, 74361 MiB, 143771 MiB
2026/08/06 00:17:41.802, NVIDIA H200, 47, 100 %, 42 %, 74361 MiB, 143771 MiB
2026/08/06 00:17:44.802, NVIDIA H200, 45, 98 %, 51 %, 74361 MiB, 143771 MiB
2026/08/06 00:17:47.803, NVIDIA H200, 46, 100 %, 45 %, 74361 MiB, 143771 MiB
2026/08/06 00:17:50.803, NVIDIA H200, 46, 100 %, 30 %, 74361 MiB, 143771 MiB
2026/08/06 00:17:53.804, NVIDIA H200, 47, 100 %, 53 %, 74361 MiB, 143771 MiB
2026/08/06 00:17:56.804, NVIDIA H200, 49, 100 %, 40 %, 74361 MiB, 143771 MiB
2026/08/06 00:17:59.805, NVIDIA H200, 45, 99 %, 53 %, 74361 MiB, 143771 MiB
2026/08/06 00:18:02.805, NVIDIA H200, 44, 100 %, 47 %, 74361 MiB, 143771 MiB
2026/08/06 00:18:05.806, NVIDIA H200, 46, 99 %, 46 %, 74361 MiB, 143771 MiB
2026/08/06 00:18:08.806, NVIDIA H200, 43, 100 %, 45 %, 74361 MiB, 143771 MiB
2026/08/06 00:18:11.807, NVIDIA H200, 45, 98 %, 45 %, 74361 MiB, 143771 MiB
2026/08/06 00:18:14.807, NVIDIA H200, 46, 100 %, 47 %, 74361 MiB, 143771 MiB
2026/08/06 00:18:17.808, NVIDIA H200, 46, 100 %, 50 %, 74361 MiB, 143771 MiB
2026/08/06 00:18:20.809, NVIDIA H200, 46, 99 %, 38 %, 74361 MiB, 143771 MiB
2026/08/06 00:18:23.809, NVIDIA H200, 26, 0 %, 0 %, 74361 MiB, 143771 MiB
2026/08/06 00:18:26.810, NVIDIA H200, 36, 100 %, 44 %, 74361 MiB, 143771 MiB
2026/08/06 00:18:29.810, NVIDIA H200, 42, 100 %, 43 %, 74361 MiB, 143771 MiB
2026/08/06 00:18:32.811, NVIDIA H200, 25, 0 %, 0 %, 74361 MiB, 143771 MiB
2026/08/06 00:18:35.811, NVIDIA H200, 39, 100 %, 37 %, 74361 MiB, 143771 MiB
2026/08/06 00:18:38.812, NVIDIA H200, 45, 100 %, 42 %, 74361 MiB, 143771 MiB
2026/08/06 00:18:41.813, NVIDIA H200, 46, 98 %, 53 %, 74361 MiB, 143771 MiB
2026/08/06 00:18:44.813, NVIDIA H200, 48, 98 %, 38 %, 74361 MiB, 143771 MiB
2026/08/06 00:18:47.814, NVIDIA H200, 46, 100 %, 43 %, 74361 MiB, 143771 MiB
2026/08/06 00:18:50.815, NVIDIA H200, 47, 100 %, 39 %, 74361 MiB, 143771 MiB
2026/08/06 00:18:53.815, NVIDIA H200, 47, 100 %, 44 %, 74361 MiB, 143771 MiB
2026/08/06 00:18:56.816, NVIDIA H200, 46, 100 %, 44 %, 74361 MiB, 143771 MiB
2026/08/06 00:18:59.817, NVIDIA H200, 48, 100 %, 38 %, 74361 MiB, 143771 MiB
2026/08/06 00:19:02.817, NVIDIA H200, 47, 90 %, 34 %, 74361 MiB, 143771 MiB
2026/08/06 00:19:05.818, NVIDIA H200, 46, 100 %, 44 %, 74361 MiB, 143771 MiB
2026/08/06 00:19:08.819, NVIDIA H200, 49, 100 %, 38 %, 74361 MiB, 143771 MiB
2026/08/06 00:19:11.819, NVIDIA H200, 45, 99 %, 52 %, 74361 MiB, 143771 MiB
2026/08/06 00:19:14.820, NVIDIA H200, 42, 99 %, 45 %, 74361 MiB, 143771 MiB
2026/08/06 00:19:17.820, NVIDIA H200, 49, 100 %, 41 %, 74361 MiB, 143771 MiB
2026/08/06 00:19:20.821, NVIDIA H200, 46, 100 %, 53 %, 74361 MiB, 143771 MiB
2026/08/06 00:19:23.821, NVIDIA H200, 47, 100 %, 45 %, 74361 MiB, 143771 MiB
2026/08/06 00:19:26.822, NVIDIA H200, 47, 100 %, 40 %, 74361 MiB, 143771 MiB
2026/08/06 00:19:29.822, NVIDIA H200, 39, 59 %, 22 %, 74361 MiB, 143771 MiB
2026/08/06 00:19:32.823, NVIDIA H200, 47, 100 %, 31 %, 74361 MiB, 143771 MiB
2026/08/06 00:19:35.823, NVIDIA H200, 47, 99 %, 41 %, 74361 MiB, 143771 MiB
2026/08/06 00:19:38.824, NVIDIA H200, 49, 100 %, 40 %, 74361 MiB, 143771 MiB
2026/08/06 00:19:41.824, NVIDIA H200, 46, 97 %, 58 %, 74361 MiB, 143771 MiB
2026/08/06 00:19:44.825, NVIDIA H200, 42, 86 %, 38 %, 74361 MiB, 143771 MiB
2026/08/06 00:19:47.826, NVIDIA H200, 48, 100 %, 39 %, 74361 MiB, 143771 MiB
2026/08/06 00:19:50.826, NVIDIA H200, 48, 98 %, 41 %, 74361 MiB, 143771 MiB
2026/08/06 00:19:53.827, NVIDIA H200, 48, 100 %, 44 %, 74361 MiB, 143771 MiB
2026/08/06 00:19:56.827, NVIDIA H200, 45, 100 %, 49 %, 74361 MiB, 143771 MiB
2026/08/06 00:19:59.828, NVIDIA H200, 48, 99 %, 32 %, 74361 MiB, 143771 MiB
2026/08/06 00:20:02.828, NVIDIA H200, 49, 100 %, 43 %, 74361 MiB, 143771 MiB
2026/08/06 00:20:05.829, NVIDIA H200, 26, 0 %, 0 %, 74361 MiB, 143771 MiB
2026/08/06 00:20:08.829, NVIDIA H200, 25, 0 %, 0 %, 74361 MiB, 143771 MiB
2026/08/06 00:20:11.830, NVIDIA H200, 41, 82 %, 33 %, 74361 MiB, 143771 MiB
2026/08/06 00:20:14.830, NVIDIA H200, 32, 0 %, 0 %, 74361 MiB, 143771 MiB
2026/08/06 00:20:17.831, NVIDIA H200, 34, 79 %, 36 %, 74361 MiB, 143771 MiB
2026/08/06 00:20:20.831, NVIDIA H200, 40, 31 %, 20 %, 74361 MiB, 143771 MiB
2026/08/06 00:20:23.832, NVIDIA H200, 45, 100 %, 46 %, 74361 MiB, 143771 MiB
2026/08/06 00:20:26.832, NVIDIA H200, 46, 98 %, 52 %, 74361 MiB, 143771 MiB
2026/08/06 00:20:29.833, NVIDIA H200, 40, 92 %, 38 %, 74361 MiB, 143771 MiB
2026/08/06 00:20:32.833, NVIDIA H200, 46, 100 %, 41 %, 74361 MiB, 143771 MiB
2026/08/06 00:20:35.834, NVIDIA H200, 46, 98 %, 47 %, 74361 MiB, 143771 MiB
2026/08/06 00:20:38.834, NVIDIA H200, 47, 100 %, 45 %, 74361 MiB, 143771 MiB
2026/08/06 00:20:41.835, NVIDIA H200, 47, 100 %, 40 %, 74361 MiB, 143771 MiB
2026/08/06 00:20:44.835, NVIDIA H200, 47, 98 %, 50 %, 74361 MiB, 143771 MiB
2026/08/06 00:20:47.835, NVIDIA H200, 34, 0 %, 0 %, 74361 MiB, 143771 MiB
2026/08/06 00:20:50.836, NVIDIA H200, 44, 100 %, 39 %, 74361 MiB, 143771 MiB
2026/08/06 00:20:53.836, NVIDIA H200, 45, 98 %, 51 %, 74361 MiB, 143771 MiB
2026/08/06 00:20:56.837, NVIDIA H200, 48, 100 %, 56 %, 74361 MiB, 143771 MiB
2026/08/06 00:20:59.838, NVIDIA H200, 47, 98 %, 39 %, 74361 MiB, 143771 MiB
2026/08/06 00:21:02.838, NVIDIA H200, 49, 100 %, 45 %, 74361 MiB, 143771 MiB
2026/08/06 00:21:05.839, NVIDIA H200, 48, 100 %, 43 %, 74361 MiB, 143771 MiB
2026/08/06 00:21:08.839, NVIDIA H200, 47, 98 %, 47 %, 74361 MiB, 143771 MiB
2026/08/06 00:21:11.840, NVIDIA H200, 47, 100 %, 54 %, 74361 MiB, 143771 MiB
2026/08/06 00:21:14.840, NVIDIA H200, 50, 100 %, 41 %, 74361 MiB, 143771 MiB
2026/08/06 00:21:17.841, NVIDIA H200, 43, 66 %, 38 %, 74361 MiB, 143771 MiB
2026/08/06 00:21:20.841, NVIDIA H200, 47, 98 %, 27 %, 74361 MiB, 143771 MiB
2026/08/06 00:21:23.842, NVIDIA H200, 47, 100 %, 41 %, 74361 MiB, 143771 MiB
2026/08/06 00:21:26.843, NVIDIA H200, 46, 98 %, 52 %, 74361 MiB, 143771 MiB
2026/08/06 00:21:29.843, NVIDIA H200, 47, 100 %, 41 %, 74361 MiB, 143771 MiB
2026/08/06 00:21:32.844, NVIDIA H200, 43, 100 %, 46 %, 74361 MiB, 143771 MiB
2026/08/06 00:21:35.844, NVIDIA H200, 41, 90 %, 47 %, 74361 MiB, 143771 MiB
2026/08/06 00:21:38.845, NVIDIA H200, 46, 100 %, 43 %, 74361 MiB, 143771 MiB
2026/08/06 00:21:41.845, NVIDIA H200, 48, 97 %, 35 %, 74361 MiB, 143771 MiB
2026/08/06 00:21:44.846, NVIDIA H200, 47, 100 %, 44 %, 74361 MiB, 143771 MiB
2026/08/06 00:21:47.846, NVIDIA H200, 50, 100 %, 47 %, 74361 MiB, 143771 MiB
2026/08/06 00:21:50.847, NVIDIA H200, 26, 0 %, 0 %, 74361 MiB, 143771 MiB
2026/08/06 00:21:53.848, NVIDIA H200, 40, 100 %, 50 %, 74361 MiB, 143771 MiB
2026/08/06 00:21:56.848, NVIDIA H200, 25, 0 %, 0 %, 74361 MiB, 143771 MiB
2026/08/06 00:21:59.849, NVIDIA H200, 27, 0 %, 0 %, 74361 MiB, 143771 MiB
2026/08/06 00:22:02.850, NVIDIA H200, 40, 27 %, 15 %, 74361 MiB, 143771 MiB
2026/08/06 00:22:05.850, NVIDIA H200, 43, 100 %, 49 %, 74361 MiB, 143771 MiB
2026/08/06 00:22:08.851, NVIDIA H200, 45, 100 %, 50 %, 74361 MiB, 143771 MiB
2026/08/06 00:22:11.851, NVIDIA H200, 43, 99 %, 41 %, 74361 MiB, 143771 MiB
2026/08/06 00:22:14.852, NVIDIA H200, 47, 98 %, 50 %, 74361 MiB, 143771 MiB
2026/08/06 00:22:17.853, NVIDIA H200, 46, 100 %, 41 %, 74361 MiB, 143771 MiB
2026/08/06 00:22:20.853, NVIDIA H200, 45, 100 %, 50 %, 74361 MiB, 143771 MiB
2026/08/06 00:22:23.854, NVIDIA H200, 44, 100 %, 40 %, 74361 MiB, 143771 MiB
2026/08/06 00:22:26.854, NVIDIA H200, 46, 100 %, 54 %, 74361 MiB, 143771 MiB
2026/08/06 00:22:29.855, NVIDIA H200, 38, 100 %, 49 %, 74361 MiB, 143771 MiB
2026/08/06 00:22:32.855, NVIDIA H200, 46, 97 %, 49 %, 74361 MiB, 143771 MiB
2026/08/06 00:22:35.856, NVIDIA H200, 40, 86 %, 38 %, 74361 MiB, 143771 MiB
2026/08/06 00:22:38.856, NVIDIA H200, 46, 99 %, 53 %, 74361 MiB, 143771 MiB
2026/08/06 00:22:41.857, NVIDIA H200, 45, 100 %, 42 %, 74361 MiB, 143771 MiB
2026/08/06 00:22:44.857, NVIDIA H200, 47, 99 %, 47 %, 74361 MiB, 143771 MiB
2026/08/06 00:22:47.858, NVIDIA H200, 48, 100 %, 41 %, 74361 MiB, 143771 MiB
2026/08/06 00:22:50.858, NVIDIA H200, 47, 96 %, 46 %, 74361 MiB, 143771 MiB
2026/08/06 00:22:53.859, NVIDIA H200, 47, 100 %, 47 %, 74361 MiB, 143771 MiB
2026/08/06 00:22:56.860, NVIDIA H200, 47, 95 %, 48 %, 74361 MiB, 143771 MiB
2026/08/06 00:22:59.860, NVIDIA H200, 44, 100 %, 42 %, 74361 MiB, 143771 MiB
2026/08/06 00:23:02.861, NVIDIA H200, 47, 97 %, 52 %, 74361 MiB, 143771 MiB
2026/08/06 00:23:05.862, NVIDIA H200, 49, 100 %, 42 %, 74361 MiB, 143771 MiB
2026/08/06 00:23:08.862, NVIDIA H200, 50, 100 %, 30 %, 74361 MiB, 143771 MiB
2026/08/06 00:23:11.863, NVIDIA H200, 45, 98 %, 38 %, 74361 MiB, 143771 MiB
2026/08/06 00:23:14.863, NVIDIA H200, 43, 100 %, 47 %, 74361 MiB, 143771 MiB
2026/08/06 00:23:17.864, NVIDIA H200, 47, 97 %, 52 %, 74361 MiB, 143771 MiB
2026/08/06 00:23:20.864, NVIDIA H200, 44, 100 %, 44 %, 74361 MiB, 143771 MiB
2026/08/06 00:23:23.865, NVIDIA H200, 46, 98 %, 59 %, 74361 MiB, 143771 MiB
2026/08/06 00:23:26.865, NVIDIA H200, 48, 100 %, 46 %, 74361 MiB, 143771 MiB
2026/08/06 00:23:29.866, NVIDIA H200, 48, 100 %, 41 %, 74361 MiB, 143771 MiB
2026/08/06 00:23:32.867, NVIDIA H200, 50, 100 %, 31 %, 74361 MiB, 143771 MiB
2026/08/06 00:23:35.867, NVIDIA H200, 26, 0 %, 0 %, 74361 MiB, 143771 MiB
2026/08/06 00:23:38.868, NVIDIA H200, 33, 72 %, 28 %, 74361 MiB, 143771 MiB
2026/08/06 00:23:41.868, NVIDIA H200, 32, 0 %, 0 %, 74361 MiB, 143771 MiB
2026/08/06 00:23:44.869, NVIDIA H200, 26, 0 %, 0 %, 74361 MiB, 143771 MiB
2026/08/06 00:23:47.869, NVIDIA H200, 24, 0 %, 0 %, 74361 MiB, 143771 MiB
2026/08/06 00:23:50.870, NVIDIA H200, 24, 0 %, 0 %, 74361 MiB, 143771 MiB
2026/08/06 00:23:53.870, NVIDIA H200, 24, 0 %, 0 %, 74361 MiB, 143771 MiB
2026/08/06 00:23:56.871, NVIDIA H200, 44, 100 %, 31 %, 74361 MiB, 143771 MiB
2026/08/06 00:23:59.872, NVIDIA H200, 47, 100 %, 46 %, 74361 MiB, 143771 MiB
2026/08/06 00:24:02.872, NVIDIA H200, 49, 100 %, 41 %, 74361 MiB, 143771 MiB
2026/08/06 00:24:05.873, NVIDIA H200, 47, 99 %, 44 %, 74361 MiB, 143771 MiB
2026/08/06 00:24:08.874, NVIDIA H200, 46, 98 %, 44 %, 74361 MiB, 143771 MiB
2026/08/06 00:24:11.874, NVIDIA H200, 46, 97 %, 37 %, 74361 MiB, 143771 MiB
2026/08/06 00:24:14.875, NVIDIA H200, 46, 100 %, 46 %, 74361 MiB, 143771 MiB
2026/08/06 00:24:17.875, NVIDIA H200, 46, 100 %, 49 %, 74361 MiB, 143771 MiB
2026/08/06 00:24:20.876, NVIDIA H200, 46, 100 %, 41 %, 74361 MiB, 143771 MiB
2026/08/06 00:24:23.876, NVIDIA H200, 45, 99 %, 41 %, 74361 MiB, 143771 MiB
2026/08/06 00:24:26.877, NVIDIA H200, 46, 100 %, 40 %, 74361 MiB, 143771 MiB
2026/08/06 00:24:29.878, NVIDIA H200, 44, 100 %, 49 %, 74361 MiB, 143771 MiB
2026/08/06 00:24:32.879, NVIDIA H200, 40, 100 %, 37 %, 74361 MiB, 143771 MiB
2026/08/06 00:24:35.879, NVIDIA H200, 45, 100 %, 49 %, 74361 MiB, 143771 MiB
2026/08/06 00:24:38.880, NVIDIA H200, 47, 100 %, 44 %, 74361 MiB, 143771 MiB
2026/08/06 00:24:41.880, NVIDIA H200, 38, 100 %, 40 %, 74361 MiB, 143771 MiB
2026/08/06 00:24:44.881, NVIDIA H200, 42, 100 %, 45 %, 74361 MiB, 143771 MiB
2026/08/06 00:24:47.881, NVIDIA H200, 43, 66 %, 26 %, 74361 MiB, 143771 MiB
2026/08/06 00:24:50.882, NVIDIA H200, 46, 100 %, 44 %, 74361 MiB, 143771 MiB
2026/08/06 00:24:53.882, NVIDIA H200, 47, 98 %, 30 %, 74361 MiB, 143771 MiB
2026/08/06 00:24:56.883, NVIDIA H200, 48, 100 %, 40 %, 74361 MiB, 143771 MiB
2026/08/06 00:24:59.884, NVIDIA H200, 47, 98 %, 49 %, 74361 MiB, 143771 MiB
2026/08/06 00:25:02.884, NVIDIA H200, 46, 100 %, 45 %, 74361 MiB, 143771 MiB
2026/08/06 00:25:05.885, NVIDIA H200, 48, 98 %, 35 %, 74361 MiB, 143771 MiB
2026/08/06 00:25:08.886, NVIDIA H200, 38, 54 %, 28 %, 74361 MiB, 143771 MiB
2026/08/06 00:25:11.886, NVIDIA H200, 48, 100 %, 39 %, 74361 MiB, 143771 MiB
2026/08/06 00:25:14.887, NVIDIA H200, 47, 98 %, 41 %, 74361 MiB, 143771 MiB
2026/08/06 00:25:17.887, NVIDIA H200, 47, 99 %, 47 %, 74361 MiB, 143771 MiB
2026/08/06 00:25:20.888, NVIDIA H200, 46, 100 %, 44 %, 74361 MiB, 143771 MiB
2026/08/06 00:25:23.889, NVIDIA H200, 46, 98 %, 49 %, 74361 MiB, 143771 MiB
2026/08/06 00:25:26.889, NVIDIA H200, 49, 99 %, 44 %, 74361 MiB, 143771 MiB
2026/08/06 00:25:29.890, NVIDIA H200, 27, 0 %, 0 %, 74361 MiB, 143771 MiB
2026/08/06 00:25:32.890, NVIDIA H200, 25, 0 %, 0 %, 74361 MiB, 143771 MiB
2026/08/06 00:25:35.891, NVIDIA H200, 35, 100 %, 49 %, 74361 MiB, 143771 MiB
2026/08/06 00:25:38.891, NVIDIA H200, 25, 0 %, 0 %, 74361 MiB, 143771 MiB
2026/08/06 00:25:41.892, NVIDIA H200, 26, 0 %, 0 %, 74361 MiB, 143771 MiB
2026/08/06 00:25:44.893, NVIDIA H200, 24, 0 %, 0 %, 74361 MiB, 143771 MiB
2026/08/06 00:25:47.893, NVIDIA H200, 42, 98 %, 50 %, 74361 MiB, 143771 MiB
2026/08/06 00:25:50.894, NVIDIA H200, 45, 100 %, 44 %, 74361 MiB, 143771 MiB
2026/08/06 00:25:53.894, NVIDIA H200, 46, 97 %, 30 %, 74361 MiB, 143771 MiB
2026/08/06 00:25:56.895, NVIDIA H200, 46, 100 %, 40 %, 74361 MiB, 143771 MiB
2026/08/06 00:25:59.895, NVIDIA H200, 46, 100 %, 49 %, 74361 MiB, 143771 MiB
2026/08/06 00:26:02.896, NVIDIA H200, 38, 60 %, 31 %, 74361 MiB, 143771 MiB
2026/08/06 00:26:05.897, NVIDIA H200, 45, 100 %, 33 %, 74361 MiB, 143771 MiB
2026/08/06 00:26:08.897, NVIDIA H200, 48, 100 %, 40 %, 74361 MiB, 143771 MiB
2026/08/06 00:26:11.898, NVIDIA H200, 45, 100 %, 53 %, 74361 MiB, 143771 MiB
2026/08/06 00:26:14.898, NVIDIA H200, 45, 100 %, 40 %, 74361 MiB, 143771 MiB
2026/08/06 00:26:17.899, NVIDIA H200, 36, 0 %, 0 %, 74361 MiB, 143771 MiB
2026/08/06 00:26:20.900, NVIDIA H200, 47, 100 %, 39 %, 74361 MiB, 143771 MiB
2026/08/06 00:26:23.900, NVIDIA H200, 44, 39 %, 9 %, 74361 MiB, 143771 MiB
2026/08/06 00:26:26.901, NVIDIA H200, 50, 100 %, 41 %, 74361 MiB, 143771 MiB
2026/08/06 00:26:29.901, NVIDIA H200, 47, 96 %, 48 %, 74361 MiB, 143771 MiB
2026/08/06 00:26:32.902, NVIDIA H200, 46, 100 %, 42 %, 74361 MiB, 143771 MiB
2026/08/06 00:26:35.902, NVIDIA H200, 47, 100 %, 38 %, 74361 MiB, 143771 MiB
2026/08/06 00:26:38.903, NVIDIA H200, 46, 100 %, 50 %, 74361 MiB, 143771 MiB
2026/08/06 00:26:41.903, NVIDIA H200, 45, 18 %, 10 %, 74361 MiB, 143771 MiB
2026/08/06 00:26:44.904, NVIDIA H200, 49, 100 %, 38 %, 74361 MiB, 143771 MiB
2026/08/06 00:26:47.904, NVIDIA H200, 47, 100 %, 39 %, 74361 MiB, 143771 MiB
2026/08/06 00:26:50.905, NVIDIA H200, 39, 37 %, 23 %, 74361 MiB, 143771 MiB
2026/08/06 00:26:53.906, NVIDIA H200, 47, 100 %, 37 %, 74361 MiB, 143771 MiB
2026/08/06 00:26:56.906, NVIDIA H200, 46, 100 %, 42 %, 74361 MiB, 143771 MiB
2026/08/06 00:26:59.907, NVIDIA H200, 48, 98 %, 31 %, 74361 MiB, 143771 MiB
2026/08/06 00:27:02.907, NVIDIA H200, 50, 100 %, 41 %, 74361 MiB, 143771 MiB
2026/08/06 00:27:05.908, NVIDIA H200, 48, 100 %, 47 %, 74361 MiB, 143771 MiB
2026/08/06 00:27:08.908, NVIDIA H200, 45, 95 %, 36 %, 74361 MiB, 143771 MiB
2026/08/06 00:27:11.909, NVIDIA H200, 47, 100 %, 42 %, 74361 MiB, 143771 MiB
2026/08/06 00:27:14.909, NVIDIA H200, 48, 100 %, 41 %, 74361 MiB, 143771 MiB
2026/08/06 00:27:17.910, NVIDIA H200, 46, 100 %, 48 %, 74361 MiB, 143771 MiB
2026/08/06 00:27:20.911, NVIDIA H200, 26, 0 %, 0 %, 74361 MiB, 143771 MiB
2026/08/06 00:27:23.911, NVIDIA H200, 25, 0 %, 0 %, 74361 MiB, 143771 MiB
2026/08/06 00:27:26.912, NVIDIA H200, 28, 0 %, 0 %, 74361 MiB, 143771 MiB
2026/08/06 00:27:29.912, NVIDIA H200, 43, 98 %, 50 %, 74361 MiB, 143771 MiB
2026/08/06 00:27:32.913, NVIDIA H200, 25, 0 %, 0 %, 74361 MiB, 143771 MiB
2026/08/06 00:27:35.914, NVIDIA H200, 25, 0 %, 0 %, 74361 MiB, 143771 MiB
2026/08/06 00:27:38.914, NVIDIA H200, 43, 97 %, 35 %, 74361 MiB, 143771 MiB
2026/08/06 00:27:41.915, NVIDIA H200, 46, 97 %, 49 %, 74361 MiB, 143771 MiB
2026/08/06 00:27:44.916, NVIDIA H200, 46, 100 %, 39 %, 74361 MiB, 143771 MiB
2026/08/06 00:27:47.917, NVIDIA H200, 46, 98 %, 49 %, 74361 MiB, 143771 MiB
2026/08/06 00:27:50.919, NVIDIA H200, 37, 100 %, 44 %, 74361 MiB, 143771 MiB
2026/08/06 00:27:53.920, NVIDIA H200, 42, 96 %, 34 %, 74361 MiB, 143771 MiB
2026/08/06 00:27:56.920, NVIDIA H200, 38, 100 %, 48 %, 74361 MiB, 143771 MiB
2026/08/06 00:27:59.921, NVIDIA H200, 47, 91 %, 47 %, 74361 MiB, 143771 MiB
2026/08/06 00:28:02.922, NVIDIA H200, 45, 99 %, 37 %, 74361 MiB, 143771 MiB
2026/08/06 00:28:05.922, NVIDIA H200, 43, 23 %, 14 %, 74361 MiB, 143771 MiB
2026/08/06 00:28:08.923, NVIDIA H200, 44, 46 %, 29 %, 74361 MiB, 143771 MiB
2026/08/06 00:28:11.924, NVIDIA H200, 48, 100 %, 38 %, 74361 MiB, 143771 MiB
2026/08/06 00:28:14.924, NVIDIA H200, 44, 100 %, 40 %, 74361 MiB, 143771 MiB
2026/08/06 00:28:17.925, NVIDIA H200, 39, 100 %, 43 %, 74361 MiB, 143771 MiB
2026/08/06 00:28:20.927, NVIDIA H200, 46, 100 %, 46 %, 74361 MiB, 143771 MiB
2026/08/06 00:28:23.928, NVIDIA H200, 46, 100 %, 42 %, 74361 MiB, 143771 MiB
2026/08/06 00:28:26.929, NVIDIA H200, 45, 52 %, 34 %, 74361 MiB, 143771 MiB
2026/08/06 00:28:29.929, NVIDIA H200, 47, 97 %, 34 %, 74361 MiB, 143771 MiB
2026/08/06 00:28:32.930, NVIDIA H200, 46, 97 %, 43 %, 74361 MiB, 143771 MiB
2026/08/06 00:28:35.930, NVIDIA H200, 40, 100 %, 44 %, 74361 MiB, 143771 MiB
2026/08/06 00:28:38.931, NVIDIA H200, 47, 98 %, 46 %, 74361 MiB, 143771 MiB
2026/08/06 00:28:41.931, NVIDIA H200, 45, 100 %, 50 %, 74361 MiB, 143771 MiB
2026/08/06 00:28:44.932, NVIDIA H200, 42, 74 %, 36 %, 74361 MiB, 143771 MiB
2026/08/06 00:28:47.932, NVIDIA H200, 47, 99 %, 55 %, 74361 MiB, 143771 MiB
2026/08/06 00:28:50.934, NVIDIA H200, 47, 100 %, 47 %, 74361 MiB, 143771 MiB
2026/08/06 00:28:53.934, NVIDIA H200, 40, 98 %, 35 %, 74361 MiB, 143771 MiB
2026/08/06 00:28:56.935, NVIDIA H200, 45, 100 %, 51 %, 74361 MiB, 143771 MiB
2026/08/06 00:28:59.935, NVIDIA H200, 44, 100 %, 44 %, 74361 MiB, 143771 MiB
2026/08/06 00:29:02.936, NVIDIA H200, 47, 97 %, 50 %, 74361 MiB, 143771 MiB
2026/08/06 00:29:05.936, NVIDIA H200, 47, 96 %, 36 %, 74361 MiB, 143771 MiB
2026/08/06 00:29:08.937, NVIDIA H200, 47, 100 %, 40 %, 74361 MiB, 143771 MiB
2026/08/06 00:29:11.938, NVIDIA H200, 26, 0 %, 0 %, 74361 MiB, 143771 MiB
2026/08/06 00:29:14.938, NVIDIA H200, 25, 0 %, 0 %, 74361 MiB, 143771 MiB
2026/08/06 00:29:17.939, NVIDIA H200, 25, 0 %, 0 %, 74361 MiB, 143771 MiB
2026/08/06 00:29:20.939, NVIDIA H200, 30, 0 %, 0 %, 74361 MiB, 143771 MiB
2026/08/06 00:29:23.940, NVIDIA H200, 25, 0 %, 0 %, 74361 MiB, 143771 MiB
2026/08/06 00:29:26.941, NVIDIA H200, 42, 97 %, 52 %, 74361 MiB, 143771 MiB
2026/08/06 00:29:29.942, NVIDIA H200, 47, 100 %, 34 %, 74361 MiB, 143771 MiB
2026/08/06 00:29:32.942, NVIDIA H200, 47, 72 %, 35 %, 74361 MiB, 143771 MiB
2026/08/06 00:29:35.943, NVIDIA H200, 49, 100 %, 30 %, 74361 MiB, 143771 MiB
2026/08/06 00:29:38.943, NVIDIA H200, 46, 97 %, 26 %, 74361 MiB, 143771 MiB
2026/08/06 00:29:41.944, NVIDIA H200, 47, 100 %, 39 %, 74361 MiB, 143771 MiB
2026/08/06 00:29:44.945, NVIDIA H200, 48, 98 %, 50 %, 74361 MiB, 143771 MiB
2026/08/06 00:29:47.945, NVIDIA H200, 45, 100 %, 44 %, 74361 MiB, 143771 MiB
2026/08/06 00:29:50.945, NVIDIA H200, 47, 100 %, 37 %, 74361 MiB, 143771 MiB
2026/08/06 00:29:53.946, NVIDIA H200, 47, 77 %, 25 %, 74361 MiB, 143771 MiB
2026/08/06 00:29:56.947, NVIDIA H200, 47, 100 %, 37 %, 74361 MiB, 143771 MiB
2026/08/06 00:29:59.947, NVIDIA H200, 42, 96 %, 45 %, 74361 MiB, 143771 MiB
2026/08/06 00:30:02.948, NVIDIA H200, 48, 100 %, 40 %, 74361 MiB, 143771 MiB
2026/08/06 00:30:05.948, NVIDIA H200, 45, 96 %, 51 %, 74361 MiB, 143771 MiB
2026/08/06 00:30:08.949, NVIDIA H200, 43, 100 %, 47 %, 74361 MiB, 143771 MiB
2026/08/06 00:30:11.949, NVIDIA H200, 46, 97 %, 50 %, 74361 MiB, 143771 MiB
2026/08/06 00:30:14.950, NVIDIA H200, 47, 100 %, 49 %, 74361 MiB, 143771 MiB
2026/08/06 00:30:17.950, NVIDIA H200, 44, 100 %, 52 %, 74361 MiB, 143771 MiB
2026/08/06 00:30:20.951, NVIDIA H200, 47, 100 %, 40 %, 74361 MiB, 143771 MiB
2026/08/06 00:30:23.951, NVIDIA H200, 41, 29 %, 0 %, 74361 MiB, 143771 MiB
2026/08/06 00:30:26.953, NVIDIA H200, 47, 100 %, 30 %, 74361 MiB, 143771 MiB
2026/08/06 00:30:29.954, NVIDIA H200, 37, 18 %, 10 %, 74361 MiB, 143771 MiB
2026/08/06 00:30:32.954, NVIDIA H200, 43, 50 %, 31 %, 74361 MiB, 143771 MiB
2026/08/06 00:30:35.955, NVIDIA H200, 42, 73 %, 33 %, 74361 MiB, 143771 MiB
2026/08/06 00:30:38.955, NVIDIA H200, 47, 95 %, 50 %, 74361 MiB, 143771 MiB
2026/08/06 00:30:41.956, NVIDIA H200, 38, 53 %, 20 %, 74361 MiB, 143771 MiB
2026/08/06 00:30:44.956, NVIDIA H200, 37, 32 %, 16 %, 74361 MiB, 143771 MiB
2026/08/06 00:30:47.957, NVIDIA H200, 48, 100 %, 45 %, 74361 MiB, 143771 MiB
2026/08/06 00:30:50.957, NVIDIA H200, 47, 100 %, 51 %, 74361 MiB, 143771 MiB
2026/08/06 00:30:53.958, NVIDIA H200, 48, 100 %, 50 %, 74361 MiB, 143771 MiB
2026/08/06 00:30:56.958, NVIDIA H200, 36, 0 %, 0 %, 74361 MiB, 143771 MiB
2026/08/06 00:30:59.959, NVIDIA H200, 26, 0 %, 0 %, 74361 MiB, 143771 MiB
2026/08/06 00:31:02.959, NVIDIA H200, 40, 100 %, 54 %, 74361 MiB, 143771 MiB
2026/08/06 00:31:05.960, NVIDIA H200, 39, 100 %, 43 %, 74361 MiB, 143771 MiB
2026/08/06 00:31:08.960, NVIDIA H200, 26, 0 %, 0 %, 74361 MiB, 143771 MiB
2026/08/06 00:31:11.961, NVIDIA H200, 24, 0 %, 0 %, 74361 MiB, 143771 MiB
2026/08/06 00:31:14.962, NVIDIA H200, 43, 98 %, 28 %, 74361 MiB, 143771 MiB
2026/08/06 00:31:17.962, NVIDIA H200, 37, 16 %, 0 %, 74361 MiB, 143771 MiB
2026/08/06 00:31:20.963, NVIDIA H200, 46, 100 %, 42 %, 74361 MiB, 143771 MiB
2026/08/06 00:31:23.963, NVIDIA H200, 45, 76 %, 24 %, 74361 MiB, 143771 MiB
2026/08/06 00:31:26.964, NVIDIA H200, 45, 97 %, 47 %, 74361 MiB, 143771 MiB
2026/08/06 00:31:29.964, NVIDIA H200, 46, 100 %, 39 %, 74361 MiB, 143771 MiB
2026/08/06 00:31:32.965, NVIDIA H200, 45, 100 %, 52 %, 74361 MiB, 143771 MiB
2026/08/06 00:31:35.965, NVIDIA H200, 47, 100 %, 41 %, 74361 MiB, 143771 MiB
2026/08/06 00:31:38.966, NVIDIA H200, 46, 100 %, 54 %, 74361 MiB, 143771 MiB
2026/08/06 00:31:41.966, NVIDIA H200, 46, 100 %, 49 %, 74361 MiB, 143771 MiB
2026/08/06 00:31:44.967, NVIDIA H200, 46, 97 %, 53 %, 74361 MiB, 143771 MiB
2026/08/06 00:31:47.967, NVIDIA H200, 48, 100 %, 45 %, 74361 MiB, 143771 MiB
2026/08/06 00:31:50.968, NVIDIA H200, 48, 100 %, 41 %, 74361 MiB, 143771 MiB
2026/08/06 00:31:53.968, NVIDIA H200, 49, 100 %, 43 %, 74361 MiB, 143771 MiB
2026/08/06 00:31:56.968, NVIDIA H200, 48, 100 %, 39 %, 74361 MiB, 143771 MiB
2026/08/06 00:31:59.969, NVIDIA H200, 46, 98 %, 50 %, 74361 MiB, 143771 MiB
2026/08/06 00:32:02.970, NVIDIA H200, 50, 97 %, 37 %, 74361 MiB, 143771 MiB
2026/08/06 00:32:05.970, NVIDIA H200, 46, 96 %, 57 %, 74361 MiB, 143771 MiB
2026/08/06 00:32:08.971, NVIDIA H200, 48, 100 %, 39 %, 74361 MiB, 143771 MiB
2026/08/06 00:32:11.971, NVIDIA H200, 47, 100 %, 48 %, 74361 MiB, 143771 MiB
2026/08/06 00:32:14.971, NVIDIA H200, 48, 100 %, 41 %, 74361 MiB, 143771 MiB
2026/08/06 00:32:17.972, NVIDIA H200, 46, 97 %, 33 %, 74361 MiB, 143771 MiB
2026/08/06 00:32:20.972, NVIDIA H200, 46, 100 %, 40 %, 74361 MiB, 143771 MiB
2026/08/06 00:32:23.973, NVIDIA H200, 45, 98 %, 51 %, 74361 MiB, 143771 MiB
2026/08/06 00:32:26.973, NVIDIA H200, 45, 99 %, 46 %, 74361 MiB, 143771 MiB
2026/08/06 00:32:29.974, NVIDIA H200, 44, 43 %, 29 %, 74361 MiB, 143771 MiB
2026/08/06 00:32:32.974, NVIDIA H200, 40, 81 %, 37 %, 74361 MiB, 143771 MiB
2026/08/06 00:32:35.975, NVIDIA H200, 47, 98 %, 47 %, 74361 MiB, 143771 MiB
2026/08/06 00:32:38.976, NVIDIA H200, 48, 100 %, 46 %, 74361 MiB, 143771 MiB
2026/08/06 00:32:41.976, NVIDIA H200, 47, 100 %, 47 %, 74361 MiB, 143771 MiB
2026/08/06 00:32:44.977, NVIDIA H200, 29, 0 %, 0 %, 74361 MiB, 143771 MiB
2026/08/06 00:32:47.977, NVIDIA H200, 25, 0 %, 0 %, 74361 MiB, 143771 MiB
2026/08/06 00:32:50.978, NVIDIA H200, 25, 0 %, 0 %, 74361 MiB, 143771 MiB
2026/08/06 00:32:53.978, NVIDIA H200, 26, 0 %, 0 %, 74361 MiB, 143771 MiB
2026/08/06 00:32:56.979, NVIDIA H200, 26, 0 %, 0 %, 74361 MiB, 143771 MiB
2026/08/06 00:32:59.979, NVIDIA H200, 24, 0 %, 0 %, 74361 MiB, 143771 MiB
2026/08/06 00:33:02.980, NVIDIA H200, 24, 0 %, 0 %, 74361 MiB, 143771 MiB
2026/08/06 00:33:05.980, NVIDIA H200, 24, 0 %, 0 %, 74361 MiB, 143771 MiB
2026/08/06 00:33:08.981, NVIDIA H200, 23, 0 %, 0 %, 74361 MiB, 143771 MiB
2026/08/06 00:33:11.982, NVIDIA H200, 44, 97 %, 29 %, 74361 MiB, 143771 MiB
2026/08/06 00:33:14.982, NVIDIA H200, 37, 27 %, 15 %, 74361 MiB, 143771 MiB
2026/08/06 00:33:17.983, NVIDIA H200, 44, 100 %, 39 %, 74361 MiB, 143771 MiB
2026/08/06 00:33:20.983, NVIDIA H200, 46, 100 %, 53 %, 74361 MiB, 143771 MiB
2026/08/06 00:33:23.984, NVIDIA H200, 46, 100 %, 37 %, 74361 MiB, 143771 MiB
2026/08/06 00:33:26.984, NVIDIA H200, 47, 97 %, 32 %, 74361 MiB, 143771 MiB
2026/08/06 00:33:29.985, NVIDIA H200, 47, 100 %, 38 %, 74361 MiB, 143771 MiB
2026/08/06 00:33:32.986, NVIDIA H200, 46, 64 %, 18 %, 74361 MiB, 143771 MiB
2026/08/06 00:33:35.986, NVIDIA H200, 47, 100 %, 37 %, 74361 MiB, 143771 MiB
2026/08/06 00:33:38.987, NVIDIA H200, 48, 98 %, 36 %, 74361 MiB, 143771 MiB
2026/08/06 00:33:41.988, NVIDIA H200, 48, 100 %, 47 %, 74361 MiB, 143771 MiB
2026/08/06 00:33:44.988, NVIDIA H200, 48, 100 %, 57 %, 74361 MiB, 143771 MiB
2026/08/06 00:33:47.989, NVIDIA H200, 46, 100 %, 47 %, 74361 MiB, 143771 MiB
2026/08/06 00:33:50.990, NVIDIA H200, 46, 98 %, 44 %, 74361 MiB, 143771 MiB
2026/08/06 00:33:53.990, NVIDIA H200, 45, 100 %, 45 %, 74361 MiB, 143771 MiB
2026/08/06 00:33:56.991, NVIDIA H200, 47, 100 %, 42 %, 74361 MiB, 143771 MiB
2026/08/06 00:33:59.991, NVIDIA H200, 46, 100 %, 49 %, 74361 MiB, 143771 MiB
2026/08/06 00:34:02.992, NVIDIA H200, 47, 100 %, 47 %, 74361 MiB, 143771 MiB
2026/08/06 00:34:05.992, NVIDIA H200, 47, 100 %, 56 %, 74361 MiB, 143771 MiB
2026/08/06 00:34:08.993, NVIDIA H200, 47, 100 %, 50 %, 74361 MiB, 143771 MiB
2026/08/06 00:34:11.994, NVIDIA H200, 47, 97 %, 48 %, 74361 MiB, 143771 MiB
2026/08/06 00:34:14.994, NVIDIA H200, 47, 68 %, 27 %, 74361 MiB, 143771 MiB
2026/08/06 00:34:17.995, NVIDIA H200, 48, 100 %, 44 %, 74361 MiB, 143771 MiB
2026/08/06 00:34:20.995, NVIDIA H200, 45, 96 %, 52 %, 74361 MiB, 143771 MiB
2026/08/06 00:34:23.996, NVIDIA H200, 47, 100 %, 49 %, 74361 MiB, 143771 MiB
2026/08/06 00:34:26.997, NVIDIA H200, 46, 100 %, 35 %, 74361 MiB, 143771 MiB
2026/08/06 00:34:29.997, NVIDIA H200, 46, 100 %, 46 %, 74361 MiB, 143771 MiB
2026/08/06 00:34:32.998, NVIDIA H200, 40, 0 %, 0 %, 74361 MiB, 143771 MiB
2026/08/06 00:34:35.999, NVIDIA H200, 48, 100 %, 46 %, 74361 MiB, 143771 MiB
2026/08/06 00:34:38.999, NVIDIA H200, 48, 100 %, 42 %, 74361 MiB, 143771 MiB
2026/08/06 00:34:42.000, NVIDIA H200, 26, 0 %, 0 %, 74361 MiB, 143771 MiB
2026/08/06 00:34:45.001, NVIDIA H200, 35, 98 %, 50 %, 74361 MiB, 143771 MiB
2026/08/06 00:34:48.001, NVIDIA H200, 28, 0 %, 0 %, 74361 MiB, 143771 MiB
2026/08/06 00:34:51.002, NVIDIA H200, 42, 99 %, 43 %, 74361 MiB, 143771 MiB
2026/08/06 00:34:54.002, NVIDIA H200, 25, 0 %, 0 %, 74361 MiB, 143771 MiB
2026/08/06 00:34:57.003, NVIDIA H200, 28, 0 %, 0 %, 74361 MiB, 143771 MiB
2026/08/06 00:35:00.003, NVIDIA H200, 46, 100 %, 46 %, 74361 MiB, 143771 MiB
2026/08/06 00:35:03.004, NVIDIA H200, 45, 100 %, 37 %, 74361 MiB, 143771 MiB
2026/08/06 00:35:06.005, NVIDIA H200, 47, 98 %, 27 %, 74361 MiB, 143771 MiB
2026/08/06 00:35:09.015, NVIDIA H200, 41, 51 %, 30 %, 74361 MiB, 143771 MiB
2026/08/06 00:35:12.015, NVIDIA H200, 45, 100 %, 50 %, 74361 MiB, 143771 MiB
2026/08/06 00:35:15.016, NVIDIA H200, 45, 100 %, 45 %, 74361 MiB, 143771 MiB
2026/08/06 00:35:18.016, NVIDIA H200, 47, 100 %, 41 %, 74361 MiB, 143771 MiB
2026/08/06 00:35:21.017, NVIDIA H200, 38, 68 %, 21 %, 74361 MiB, 143771 MiB
2026/08/06 00:35:24.018, NVIDIA H200, 45, 96 %, 54 %, 74361 MiB, 143771 MiB
2026/08/06 00:35:27.018, NVIDIA H200, 46, 98 %, 39 %, 74361 MiB, 143771 MiB
2026/08/06 00:35:30.019, NVIDIA H200, 45, 100 %, 40 %, 74361 MiB, 143771 MiB
2026/08/06 00:35:33.020, NVIDIA H200, 43, 15 %, 8 %, 74361 MiB, 143771 MiB
2026/08/06 00:35:36.020, NVIDIA H200, 47, 99 %, 53 %, 74361 MiB, 143771 MiB
2026/08/06 00:35:39.021, NVIDIA H200, 46, 100 %, 43 %, 74361 MiB, 143771 MiB
2026/08/06 00:35:42.021, NVIDIA H200, 45, 21 %, 13 %, 74361 MiB, 143771 MiB
2026/08/06 00:35:45.022, NVIDIA H200, 46, 100 %, 39 %, 74361 MiB, 143771 MiB
2026/08/06 00:35:48.023, NVIDIA H200, 46, 100 %, 47 %, 74361 MiB, 143771 MiB
2026/08/06 00:35:51.023, NVIDIA H200, 45, 100 %, 52 %, 74361 MiB, 143771 MiB
2026/08/06 00:35:54.024, NVIDIA H200, 47, 100 %, 44 %, 74361 MiB, 143771 MiB
2026/08/06 00:35:57.025, NVIDIA H200, 45, 100 %, 37 %, 74361 MiB, 143771 MiB
2026/08/06 00:36:00.025, NVIDIA H200, 45, 100 %, 42 %, 74361 MiB, 143771 MiB
2026/08/06 00:36:03.025, NVIDIA H200, 47, 100 %, 40 %, 74361 MiB, 143771 MiB
2026/08/06 00:36:06.026, NVIDIA H200, 46, 100 %, 49 %, 74361 MiB, 143771 MiB
2026/08/06 00:36:09.027, NVIDIA H200, 48, 100 %, 48 %, 74361 MiB, 143771 MiB
2026/08/06 00:36:12.027, NVIDIA H200, 45, 100 %, 50 %, 74361 MiB, 143771 MiB
2026/08/06 00:36:15.027, NVIDIA H200, 45, 100 %, 42 %, 74361 MiB, 143771 MiB
2026/08/06 00:36:18.028, NVIDIA H200, 41, 93 %, 48 %, 74361 MiB, 143771 MiB
2026/08/06 00:36:21.029, NVIDIA H200, 44, 100 %, 51 %, 74361 MiB, 143771 MiB
2026/08/06 00:36:24.030, NVIDIA H200, 47, 100 %, 42 %, 74361 MiB, 143771 MiB
2026/08/06 00:36:27.030, NVIDIA H200, 48, 100 %, 37 %, 74361 MiB, 143771 MiB
2026/08/06 00:36:30.031, NVIDIA H200, 31, 0 %, 0 %, 74361 MiB, 143771 MiB
2026/08/06 00:36:33.031, NVIDIA H200, 25, 0 %, 0 %, 74361 MiB, 143771 MiB
2026/08/06 00:36:36.032, NVIDIA H200, 28, 0 %, 0 %, 74361 MiB, 143771 MiB
2026/08/06 00:36:39.033, NVIDIA H200, 39, 100 %, 50 %, 74361 MiB, 143771 MiB
2026/08/06 00:36:42.033, NVIDIA H200, 25, 0 %, 0 %, 74361 MiB, 143771 MiB
2026/08/06 00:36:45.034, NVIDIA H200, 24, 0 %, 0 %, 74361 MiB, 143771 MiB
2026/08/06 00:36:48.034, NVIDIA H200, 39, 100 %, 40 %, 74361 MiB, 143771 MiB
2026/08/06 00:36:51.035, NVIDIA H200, 44, 100 %, 50 %, 74361 MiB, 143771 MiB
2026/08/06 00:36:54.035, NVIDIA H200, 47, 100 %, 46 %, 74361 MiB, 143771 MiB
2026/08/06 00:36:57.036, NVIDIA H200, 41, 53 %, 17 %, 74361 MiB, 143771 MiB
2026/08/06 00:37:00.037, NVIDIA H200, 41, 32 %, 19 %, 74361 MiB, 143771 MiB
2026/08/06 00:37:03.037, NVIDIA H200, 46, 100 %, 46 %, 74361 MiB, 143771 MiB
2026/08/06 00:37:06.038, NVIDIA H200, 47, 98 %, 47 %, 74361 MiB, 143771 MiB
2026/08/06 00:37:09.038, NVIDIA H200, 45, 100 %, 30 %, 74361 MiB, 143771 MiB
2026/08/06 00:37:12.039, NVIDIA H200, 43, 100 %, 30 %, 74361 MiB, 143771 MiB
2026/08/06 00:37:15.039, NVIDIA H200, 47, 100 %, 35 %, 74361 MiB, 143771 MiB
2026/08/06 00:37:18.040, NVIDIA H200, 46, 100 %, 33 %, 74361 MiB, 143771 MiB
2026/08/06 00:37:21.040, NVIDIA H200, 43, 100 %, 53 %, 74361 MiB, 143771 MiB
2026/08/06 00:37:24.041, NVIDIA H200, 44, 99 %, 52 %, 74361 MiB, 143771 MiB
2026/08/06 00:37:27.042, NVIDIA H200, 47, 100 %, 40 %, 74361 MiB, 143771 MiB
2026/08/06 00:37:30.043, NVIDIA H200, 45, 100 %, 42 %, 74361 MiB, 143771 MiB
2026/08/06 00:37:33.043, NVIDIA H200, 46, 100 %, 50 %, 74361 MiB, 143771 MiB
2026/08/06 00:37:36.044, NVIDIA H200, 47, 98 %, 44 %, 74361 MiB, 143771 MiB
2026/08/06 00:37:39.049, NVIDIA H200, 47, 100 %, 41 %, 74361 MiB, 143771 MiB
2026/08/06 00:37:42.049, NVIDIA H200, 46, 100 %, 44 %, 74361 MiB, 143771 MiB
2026/08/06 00:37:45.050, NVIDIA H200, 43, 100 %, 49 %, 74361 MiB, 143771 MiB
2026/08/06 00:37:48.051, NVIDIA H200, 44, 100 %, 45 %, 74361 MiB, 143771 MiB
2026/08/06 00:37:51.051, NVIDIA H200, 46, 98 %, 50 %, 74361 MiB, 143771 MiB
2026/08/06 00:37:54.052, NVIDIA H200, 42, 70 %, 34 %, 74361 MiB, 143771 MiB
2026/08/06 00:37:57.052, NVIDIA H200, 46, 83 %, 24 %, 74361 MiB, 143771 MiB
2026/08/06 00:38:00.053, NVIDIA H200, 47, 97 %, 51 %, 74361 MiB, 143771 MiB
2026/08/06 00:38:03.054, NVIDIA H200, 50, 99 %, 40 %, 74361 MiB, 143771 MiB
2026/08/06 00:38:06.054, NVIDIA H200, 44, 97 %, 48 %, 74361 MiB, 143771 MiB
2026/08/06 00:38:09.055, NVIDIA H200, 47, 100 %, 30 %, 74361 MiB, 143771 MiB
2026/08/06 00:38:12.056, NVIDIA H200, 45, 100 %, 41 %, 74361 MiB, 143771 MiB
2026/08/06 00:38:15.056, NVIDIA H200, 47, 100 %, 40 %, 74361 MiB, 143771 MiB
2026/08/06 00:38:18.056, NVIDIA H200, 46, 100 %, 50 %, 74361 MiB, 143771 MiB
2026/08/06 00:38:21.057, NVIDIA H200, 46, 100 %, 45 %, 74361 MiB, 143771 MiB
2026/08/06 00:38:24.058, NVIDIA H200, 26, 0 %, 0 %, 74361 MiB, 143771 MiB
2026/08/06 00:38:27.058, NVIDIA H200, 25, 0 %, 0 %, 74361 MiB, 143771 MiB
2026/08/06 00:38:30.059, NVIDIA H200, 28, 0 %, 0 %, 74361 MiB, 143771 MiB
2026/08/06 00:38:33.059, NVIDIA H200, 26, 0 %, 0 %, 74361 MiB, 143771 MiB
2026/08/06 00:38:36.060, NVIDIA H200, 24, 0 %, 0 %, 74361 MiB, 143771 MiB
2026/08/06 00:38:39.061, NVIDIA H200, 39, 100 %, 49 %, 74361 MiB, 143771 MiB
2026/08/06 00:38:42.061, NVIDIA H200, 46, 100 %, 39 %, 74361 MiB, 143771 MiB
2026/08/06 00:38:45.062, NVIDIA H200, 46, 100 %, 53 %, 74361 MiB, 143771 MiB
2026/08/06 00:38:48.062, NVIDIA H200, 48, 100 %, 41 %, 74361 MiB, 143771 MiB
2026/08/06 00:38:51.063, NVIDIA H200, 43, 77 %, 21 %, 74361 MiB, 143771 MiB
2026/08/06 00:38:54.066, NVIDIA H200, 44, 97 %, 57 %, 74361 MiB, 143771 MiB
2026/08/06 00:38:57.067, NVIDIA H200, 46, 100 %, 47 %, 74361 MiB, 143771 MiB
2026/08/06 00:39:00.068, NVIDIA H200, 47, 100 %, 41 %, 74361 MiB, 143771 MiB
2026/08/06 00:39:03.068, NVIDIA H200, 43, 77 %, 25 %, 74361 MiB, 143771 MiB
2026/08/06 00:39:06.069, NVIDIA H200, 47, 100 %, 40 %, 74361 MiB, 143771 MiB
2026/08/06 00:39:09.069, NVIDIA H200, 42, 100 %, 38 %, 74361 MiB, 143771 MiB
2026/08/06 00:39:12.070, NVIDIA H200, 34, 94 %, 32 %, 74361 MiB, 143771 MiB
2026/08/06 00:39:15.070, NVIDIA H200, 36, 68 %, 35 %, 74361 MiB, 143771 MiB
2026/08/06 00:39:18.071, NVIDIA H200, 47, 100 %, 45 %, 74361 MiB, 143771 MiB
2026/08/06 00:39:21.072, NVIDIA H200, 37, 45 %, 8 %, 74361 MiB, 143771 MiB
2026/08/06 00:39:24.072, NVIDIA H200, 49, 100 %, 44 %, 74361 MiB, 143771 MiB
2026/08/06 00:39:27.073, NVIDIA H200, 41, 100 %, 53 %, 74361 MiB, 143771 MiB
2026/08/06 00:39:30.073, NVIDIA H200, 49, 100 %, 47 %, 74361 MiB, 143771 MiB
2026/08/06 00:39:33.074, NVIDIA H200, 47, 97 %, 50 %, 74361 MiB, 143771 MiB
2026/08/06 00:39:36.074, NVIDIA H200, 50, 100 %, 41 %, 74361 MiB, 143771 MiB
2026/08/06 00:39:39.075, NVIDIA H200, 45, 97 %, 29 %, 74361 MiB, 143771 MiB
2026/08/06 00:39:42.076, NVIDIA H200, 37, 39 %, 11 %, 74361 MiB, 143771 MiB
2026/08/06 00:39:45.076, NVIDIA H200, 46, 100 %, 37 %, 74361 MiB, 143771 MiB
2026/08/06 00:39:48.077, NVIDIA H200, 42, 100 %, 38 %, 74361 MiB, 143771 MiB
2026/08/06 00:39:51.077, NVIDIA H200, 46, 100 %, 37 %, 74361 MiB, 143771 MiB
2026/08/06 00:39:54.078, NVIDIA H200, 45, 100 %, 45 %, 74361 MiB, 143771 MiB
2026/08/06 00:39:57.078, NVIDIA H200, 46, 100 %, 44 %, 74361 MiB, 143771 MiB
2026/08/06 00:40:00.079, NVIDIA H200, 48, 99 %, 51 %, 74361 MiB, 143771 MiB
2026/08/06 00:40:03.079, NVIDIA H200, 46, 100 %, 39 %, 74361 MiB, 143771 MiB
2026/08/06 00:40:06.080, NVIDIA H200, 47, 96 %, 57 %, 74361 MiB, 143771 MiB
2026/08/06 00:40:09.081, NVIDIA H200, 45, 99 %, 41 %, 74361 MiB, 143771 MiB
2026/08/06 00:40:12.081, NVIDIA H200, 26, 0 %, 0 %, 74361 MiB, 143771 MiB
2026/08/06 00:40:15.082, NVIDIA H200, 25, 0 %, 0 %, 74361 MiB, 143771 MiB
2026/08/06 00:40:18.082, NVIDIA H200, 32, 19 %, 9 %, 74361 MiB, 143771 MiB
2026/08/06 00:40:21.083, NVIDIA H200, 46, 99 %, 51 %, 74361 MiB, 143771 MiB
2026/08/06 00:40:24.084, NVIDIA H200, 25, 0 %, 0 %, 74361 MiB, 143771 MiB
2026/08/06 00:40:27.084, NVIDIA H200, 25, 0 %, 0 %, 74361 MiB, 143771 MiB
2026/08/06 00:40:30.085, NVIDIA H200, 47, 100 %, 44 %, 74361 MiB, 143771 MiB
2026/08/06 00:40:33.085, NVIDIA H200, 47, 90 %, 51 %, 74361 MiB, 143771 MiB
2026/08/06 00:40:36.086, NVIDIA H200, 44, 97 %, 51 %, 74361 MiB, 143771 MiB
2026/08/06 00:40:39.086, NVIDIA H200, 45, 100 %, 40 %, 74361 MiB, 143771 MiB
2026/08/06 00:40:42.087, NVIDIA H200, 41, 100 %, 45 %, 74361 MiB, 143771 MiB
2026/08/06 00:40:45.088, NVIDIA H200, 48, 100 %, 41 %, 74361 MiB, 143771 MiB
2026/08/06 00:40:48.088, NVIDIA H200, 45, 87 %, 30 %, 74361 MiB, 143771 MiB
2026/08/06 00:40:51.089, NVIDIA H200, 43, 100 %, 53 %, 74361 MiB, 143771 MiB
2026/08/06 00:40:54.089, NVIDIA H200, 46, 98 %, 52 %, 74361 MiB, 143771 MiB
2026/08/06 00:40:57.090, NVIDIA H200, 40, 83 %, 37 %, 74361 MiB, 143771 MiB
2026/08/06 00:41:00.090, NVIDIA H200, 49, 100 %, 41 %, 74361 MiB, 143771 MiB
2026/08/06 00:41:03.091, NVIDIA H200, 45, 98 %, 27 %, 74361 MiB, 143771 MiB
2026/08/06 00:41:06.091, NVIDIA H200, 40, 10 %, 6 %, 74361 MiB, 143771 MiB
2026/08/06 00:41:09.092, NVIDIA H200, 46, 100 %, 36 %, 74361 MiB, 143771 MiB
2026/08/06 00:41:12.093, NVIDIA H200, 47, 100 %, 49 %, 74361 MiB, 143771 MiB
2026/08/06 00:41:15.093, NVIDIA H200, 47, 100 %, 42 %, 74361 MiB, 143771 MiB
2026/08/06 00:41:18.094, NVIDIA H200, 45, 97 %, 54 %, 74361 MiB, 143771 MiB
2026/08/06 00:41:21.095, NVIDIA H200, 45, 100 %, 39 %, 74361 MiB, 143771 MiB
2026/08/06 00:41:24.096, NVIDIA H200, 48, 86 %, 35 %, 74361 MiB, 143771 MiB
2026/08/06 00:41:27.096, NVIDIA H200, 47, 100 %, 48 %, 74361 MiB, 143771 MiB
2026/08/06 00:41:30.097, NVIDIA H200, 44, 96 %, 48 %, 74361 MiB, 143771 MiB
2026/08/06 00:41:33.098, NVIDIA H200, 48, 100 %, 40 %, 74361 MiB, 143771 MiB
2026/08/06 00:41:36.098, NVIDIA H200, 47, 100 %, 44 %, 74361 MiB, 143771 MiB
2026/08/06 00:41:39.099, NVIDIA H200, 45, 98 %, 48 %, 74361 MiB, 143771 MiB
2026/08/06 00:41:42.099, NVIDIA H200, 47, 100 %, 49 %, 74361 MiB, 143771 MiB
2026/08/06 00:41:45.100, NVIDIA H200, 50, 100 %, 47 %, 74361 MiB, 143771 MiB
2026/08/06 00:41:48.100, NVIDIA H200, 44, 100 %, 51 %, 74361 MiB, 143771 MiB
2026/08/06 00:41:51.101, NVIDIA H200, 42, 100 %, 45 %, 74361 MiB, 143771 MiB
2026/08/06 00:41:54.101, NVIDIA H200, 48, 100 %, 38 %, 74361 MiB, 143771 MiB
2026/08/06 00:41:57.102, NVIDIA H200, 46, 96 %, 49 %, 74361 MiB, 143771 MiB
2026/08/06 00:42:00.102, NVIDIA H200, 27, 0 %, 0 %, 74361 MiB, 143771 MiB
2026/08/06 00:42:03.103, NVIDIA H200, 25, 0 %, 0 %, 74361 MiB, 143771 MiB
2026/08/06 00:42:06.104, NVIDIA H200, 43, 100 %, 55 %, 74361 MiB, 143771 MiB
2026/08/06 00:42:09.104, NVIDIA H200, 28, 0 %, 0 %, 74361 MiB, 143771 MiB
2026/08/06 00:42:12.105, NVIDIA H200, 25, 0 %, 0 %, 74361 MiB, 143771 MiB
2026/08/06 00:42:15.105, NVIDIA H200, 24, 0 %, 0 %, 74361 MiB, 143771 MiB
2026/08/06 00:42:18.106, NVIDIA H200, 24, 0 %, 0 %, 74361 MiB, 143771 MiB
2026/08/06 00:42:21.106, NVIDIA H200, 27, 0 %, 0 %, 74361 MiB, 143771 MiB
2026/08/06 00:42:24.107, NVIDIA H200, 40, 97 %, 45 %, 74361 MiB, 143771 MiB
2026/08/06 00:42:27.107, NVIDIA H200, 45, 100 %, 37 %, 74361 MiB, 143771 MiB
2026/08/06 00:42:30.108, NVIDIA H200, 43, 100 %, 49 %, 74361 MiB, 143771 MiB
2026/08/06 00:42:33.108, NVIDIA H200, 35, 8 %, 0 %, 74361 MiB, 143771 MiB
2026/08/06 00:42:36.109, NVIDIA H200, 43, 88 %, 46 %, 74361 MiB, 143771 MiB
2026/08/06 00:42:39.110, NVIDIA H200, 43, 100 %, 36 %, 74361 MiB, 143771 MiB
2026/08/06 00:42:42.110, NVIDIA H200, 49, 100 %, 44 %, 74361 MiB, 143771 MiB
2026/08/06 00:42:45.111, NVIDIA H200, 46, 100 %, 47 %, 74361 MiB, 143771 MiB
2026/08/06 00:42:48.112, NVIDIA H200, 46, 100 %, 40 %, 74361 MiB, 143771 MiB
2026/08/06 00:42:51.113, NVIDIA H200, 47, 97 %, 48 %, 74361 MiB, 143771 MiB
2026/08/06 00:42:54.113, NVIDIA H200, 47, 99 %, 33 %, 74361 MiB, 143771 MiB
2026/08/06 00:42:57.114, NVIDIA H200, 44, 100 %, 34 %, 74361 MiB, 143771 MiB
2026/08/06 00:43:00.114, NVIDIA H200, 45, 100 %, 46 %, 74361 MiB, 143771 MiB
2026/08/06 00:43:03.115, NVIDIA H200, 45, 100 %, 43 %, 74361 MiB, 143771 MiB
2026/08/06 00:43:06.115, NVIDIA H200, 39, 20 %, 12 %, 74361 MiB, 143771 MiB
2026/08/06 00:43:09.116, NVIDIA H200, 49, 100 %, 50 %, 74361 MiB, 143771 MiB
2026/08/06 00:43:12.116, NVIDIA H200, 48, 97 %, 29 %, 74361 MiB, 143771 MiB
2026/08/06 00:43:15.117, NVIDIA H200, 49, 100 %, 30 %, 74361 MiB, 143771 MiB
2026/08/06 00:43:18.117, NVIDIA H200, 48, 98 %, 40 %, 74361 MiB, 143771 MiB
2026/08/06 00:43:21.118, NVIDIA H200, 50, 100 %, 38 %, 74361 MiB, 143771 MiB
2026/08/06 00:43:24.118, NVIDIA H200, 44, 36 %, 3 %, 74361 MiB, 143771 MiB
2026/08/06 00:43:27.119, NVIDIA H200, 48, 100 %, 40 %, 74361 MiB, 143771 MiB
2026/08/06 00:43:30.120, NVIDIA H200, 46, 100 %, 54 %, 74361 MiB, 143771 MiB
2026/08/06 00:43:33.121, NVIDIA H200, 48, 100 %, 46 %, 74361 MiB, 143771 MiB
2026/08/06 00:43:36.121, NVIDIA H200, 46, 43 %, 20 %, 74361 MiB, 143771 MiB
2026/08/06 00:43:39.122, NVIDIA H200, 44, 90 %, 31 %, 74361 MiB, 143771 MiB
2026/08/06 00:43:42.122, NVIDIA H200, 47, 100 %, 49 %, 74361 MiB, 143771 MiB
2026/08/06 00:43:45.123, NVIDIA H200, 47, 100 %, 30 %, 74361 MiB, 143771 MiB
2026/08/06 00:43:48.123, NVIDIA H200, 48, 100 %, 55 %, 74361 MiB, 143771 MiB
2026/08/06 00:43:51.124, NVIDIA H200, 47, 100 %, 47 %, 74361 MiB, 143771 MiB
2026/08/06 00:43:54.125, NVIDIA H200, 26, 0 %, 0 %, 74361 MiB, 143771 MiB
2026/08/06 00:43:57.125, NVIDIA H200, 29, 0 %, 0 %, 74361 MiB, 143771 MiB
2026/08/06 00:44:00.126, NVIDIA H200, 26, 0 %, 0 %, 74361 MiB, 143771 MiB
2026/08/06 00:44:03.126, NVIDIA H200, 29, 0 %, 0 %, 74361 MiB, 143771 MiB
2026/08/06 00:44:06.127, NVIDIA H200, 35, 100 %, 45 %, 74361 MiB, 143771 MiB
2026/08/06 00:44:09.128, NVIDIA H200, 42, 100 %, 45 %, 74361 MiB, 143771 MiB
2026/08/06 00:44:12.128, NVIDIA H200, 44, 100 %, 39 %, 74361 MiB, 143771 MiB
2026/08/06 00:44:15.129, NVIDIA H200, 42, 100 %, 46 %, 74361 MiB, 143771 MiB
2026/08/06 00:44:18.130, NVIDIA H200, 45, 100 %, 46 %, 74361 MiB, 143771 MiB
2026/08/06 00:44:21.130, NVIDIA H200, 47, 97 %, 41 %, 74361 MiB, 143771 MiB
2026/08/06 00:44:24.131, NVIDIA H200, 47, 100 %, 39 %, 74361 MiB, 143771 MiB
2026/08/06 00:44:27.131, NVIDIA H200, 47, 97 %, 29 %, 74361 MiB, 143771 MiB
2026/08/06 00:44:30.132, NVIDIA H200, 47, 100 %, 42 %, 74361 MiB, 143771 MiB
2026/08/06 00:44:33.132, NVIDIA H200, 46, 98 %, 50 %, 74361 MiB, 143771 MiB
2026/08/06 00:44:36.133, NVIDIA H200, 47, 100 %, 44 %, 74361 MiB, 143771 MiB
2026/08/06 00:44:39.133, NVIDIA H200, 46, 100 %, 39 %, 74361 MiB, 143771 MiB
2026/08/06 00:44:42.134, NVIDIA H200, 43, 100 %, 45 %, 74361 MiB, 143771 MiB
2026/08/06 00:44:45.134, NVIDIA H200, 48, 100 %, 37 %, 74361 MiB, 143771 MiB
2026/08/06 00:44:48.135, NVIDIA H200, 44, 97 %, 37 %, 74361 MiB, 143771 MiB
2026/08/06 00:44:51.136, NVIDIA H200, 38, 77 %, 36 %, 74361 MiB, 143771 MiB
2026/08/06 00:44:54.136, NVIDIA H200, 39, 32 %, 16 %, 74361 MiB, 143771 MiB
2026/08/06 00:44:57.137, NVIDIA H200, 45, 100 %, 38 %, 74361 MiB, 143771 MiB
2026/08/06 00:45:00.137, NVIDIA H200, 47, 100 %, 42 %, 74361 MiB, 143771 MiB
2026/08/06 00:45:03.138, NVIDIA H200, 47, 100 %, 39 %, 74361 MiB, 143771 MiB
2026/08/06 00:45:06.138, NVIDIA H200, 47, 100 %, 52 %, 74361 MiB, 143771 MiB
2026/08/06 00:45:09.139, NVIDIA H200, 42, 0 %, 0 %, 74361 MiB, 143771 MiB
2026/08/06 00:45:12.139, NVIDIA H200, 43, 100 %, 46 %, 74361 MiB, 143771 MiB
2026/08/06 00:45:15.140, NVIDIA H200, 37, 92 %, 48 %, 74361 MiB, 143771 MiB
2026/08/06 00:45:18.140, NVIDIA H200, 46, 100 %, 43 %, 74361 MiB, 143771 MiB
2026/08/06 00:45:21.141, NVIDIA H200, 48, 99 %, 52 %, 74361 MiB, 143771 MiB
2026/08/06 00:45:24.141, NVIDIA H200, 48, 99 %, 43 %, 74361 MiB, 143771 MiB
2026/08/06 00:45:27.142, NVIDIA H200, 42, 29 %, 16 %, 74361 MiB, 143771 MiB
2026/08/06 00:45:30.142, NVIDIA H200, 43, 100 %, 45 %, 74361 MiB, 143771 MiB
2026/08/06 00:45:33.143, NVIDIA H200, 47, 100 %, 51 %, 74361 MiB, 143771 MiB
2026/08/06 00:45:36.143, NVIDIA H200, 48, 100 %, 46 %, 74361 MiB, 143771 MiB
2026/08/06 00:45:39.144, NVIDIA H200, 49, 100 %, 41 %, 74361 MiB, 143771 MiB
2026/08/06 00:45:42.144, NVIDIA H200, 26, 0 %, 0 %, 74361 MiB, 143771 MiB
2026/08/06 00:45:45.145, NVIDIA H200, 39, 97 %, 42 %, 74361 MiB, 143771 MiB
2026/08/06 00:45:48.145, NVIDIA H200, 26, 0 %, 0 %, 74361 MiB, 143771 MiB
2026/08/06 00:45:51.146, NVIDIA H200, 28, 0 %, 0 %, 74361 MiB, 143771 MiB
2026/08/06 00:45:54.146, NVIDIA H200, 40, 100 %, 50 %, 74361 MiB, 143771 MiB
2026/08/06 00:45:57.147, NVIDIA H200, 46, 100 %, 39 %, 74361 MiB, 143771 MiB
2026/08/06 00:46:00.148, NVIDIA H200, 47, 100 %, 40 %, 74361 MiB, 143771 MiB
2026/08/06 00:46:03.148, NVIDIA H200, 45, 100 %, 55 %, 74361 MiB, 143771 MiB
2026/08/06 00:46:06.149, NVIDIA H200, 46, 100 %, 46 %, 74361 MiB, 143771 MiB
2026/08/06 00:46:09.149, NVIDIA H200, 47, 96 %, 50 %, 74361 MiB, 143771 MiB
2026/08/06 00:46:12.150, NVIDIA H200, 44, 99 %, 41 %, 74361 MiB, 143771 MiB
2026/08/06 00:46:15.151, NVIDIA H200, 46, 97 %, 54 %, 74361 MiB, 143771 MiB
2026/08/06 00:46:18.151, NVIDIA H200, 45, 99 %, 39 %, 74361 MiB, 143771 MiB
2026/08/06 00:46:21.152, NVIDIA H200, 48, 100 %, 39 %, 74361 MiB, 143771 MiB
2026/08/06 00:46:24.153, NVIDIA H200, 45, 98 %, 44 %, 74361 MiB, 143771 MiB
2026/08/06 00:46:27.153, NVIDIA H200, 42, 100 %, 44 %, 74361 MiB, 143771 MiB
2026/08/06 00:46:30.154, NVIDIA H200, 47, 97 %, 50 %, 74361 MiB, 143771 MiB
2026/08/06 00:46:33.155, NVIDIA H200, 48, 97 %, 29 %, 74361 MiB, 143771 MiB
2026/08/06 00:46:36.156, NVIDIA H200, 47, 100 %, 40 %, 74361 MiB, 143771 MiB
2026/08/06 00:46:39.156, NVIDIA H200, 48, 98 %, 31 %, 74361 MiB, 143771 MiB
2026/08/06 00:46:42.157, NVIDIA H200, 42, 100 %, 43 %, 74361 MiB, 143771 MiB
2026/08/06 00:46:45.158, NVIDIA H200, 47, 97 %, 51 %, 74361 MiB, 143771 MiB
2026/08/06 00:46:48.158, NVIDIA H200, 48, 98 %, 30 %, 74361 MiB, 143771 MiB
2026/08/06 00:46:51.159, NVIDIA H200, 40, 100 %, 49 %, 74361 MiB, 143771 MiB
2026/08/06 00:46:54.160, NVIDIA H200, 47, 100 %, 47 %, 74361 MiB, 143771 MiB
2026/08/06 00:46:57.160, NVIDIA H200, 47, 97 %, 34 %, 74361 MiB, 143771 MiB
2026/08/06 00:47:00.161, NVIDIA H200, 48, 100 %, 40 %, 74361 MiB, 143771 MiB
2026/08/06 00:47:03.162, NVIDIA H200, 47, 98 %, 44 %, 74361 MiB, 143771 MiB
2026/08/06 00:47:06.162, NVIDIA H200, 51, 100 %, 39 %, 74361 MiB, 143771 MiB
2026/08/06 00:47:09.163, NVIDIA H200, 48, 100 %, 46 %, 74361 MiB, 143771 MiB
2026/08/06 00:47:12.163, NVIDIA H200, 46, 85 %, 38 %, 74361 MiB, 143771 MiB
2026/08/06 00:47:15.164, NVIDIA H200, 47, 98 %, 51 %, 74361 MiB, 143771 MiB
2026/08/06 00:47:18.164, NVIDIA H200, 49, 100 %, 43 %, 74361 MiB, 143771 MiB
2026/08/06 00:47:21.165, NVIDIA H200, 48, 100 %, 39 %, 74361 MiB, 143771 MiB
2026/08/06 00:47:24.165, NVIDIA H200, 47, 98 %, 57 %, 74361 MiB, 143771 MiB
2026/08/06 00:47:27.166, NVIDIA H200, 27, 0 %, 0 %, 74361 MiB, 143771 MiB
2026/08/06 00:47:30.167, NVIDIA H200, 26, 0 %, 0 %, 74361 MiB, 143771 MiB
2026/08/06 00:47:33.167, NVIDIA H200, 26, 0 %, 0 %, 74361 MiB, 143771 MiB
2026/08/06 00:47:36.168, NVIDIA H200, 29, 0 %, 0 %, 74361 MiB, 143771 MiB
2026/08/06 00:47:39.168, NVIDIA H200, 25, 0 %, 0 %, 74361 MiB, 143771 MiB
2026/08/06 00:47:42.169, NVIDIA H200, 42, 98 %, 38 %, 74361 MiB, 143771 MiB
2026/08/06 00:47:45.170, NVIDIA H200, 46, 97 %, 53 %, 74361 MiB, 143771 MiB
2026/08/06 00:47:48.170, NVIDIA H200, 45, 97 %, 38 %, 74361 MiB, 143771 MiB
2026/08/06 00:47:51.171, NVIDIA H200, 48, 100 %, 40 %, 74361 MiB, 143771 MiB
2026/08/06 00:47:54.172, NVIDIA H200, 42, 67 %, 29 %, 74361 MiB, 143771 MiB
2026/08/06 00:47:57.172, NVIDIA H200, 47, 100 %, 45 %, 74361 MiB, 143771 MiB
2026/08/06 00:48:00.173, NVIDIA H200, 44, 97 %, 37 %, 74361 MiB, 143771 MiB
2026/08/06 00:48:03.174, NVIDIA H200, 47, 97 %, 49 %, 74361 MiB, 143771 MiB
2026/08/06 00:48:06.174, NVIDIA H200, 48, 100 %, 56 %, 74361 MiB, 143771 MiB
2026/08/06 00:48:09.175, NVIDIA H200, 48, 100 %, 44 %, 74361 MiB, 143771 MiB
2026/08/06 00:48:12.176, NVIDIA H200, 48, 100 %, 45 %, 74361 MiB, 143771 MiB
2026/08/06 00:48:15.176, NVIDIA H200, 47, 98 %, 37 %, 74361 MiB, 143771 MiB
2026/08/06 00:48:18.177, NVIDIA H200, 39, 0 %, 0 %, 74361 MiB, 143771 MiB
2026/08/06 00:48:21.177, NVIDIA H200, 47, 100 %, 41 %, 74361 MiB, 143771 MiB
2026/08/06 00:48:24.178, NVIDIA H200, 47, 100 %, 39 %, 74361 MiB, 143771 MiB
2026/08/06 00:48:27.178, NVIDIA H200, 38, 40 %, 22 %, 74361 MiB, 143771 MiB
2026/08/06 00:48:30.179, NVIDIA H200, 48, 100 %, 38 %, 74361 MiB, 143771 MiB
2026/08/06 00:48:33.179, NVIDIA H200, 48, 96 %, 46 %, 74361 MiB, 143771 MiB
2026/08/06 00:48:36.180, NVIDIA H200, 47, 100 %, 42 %, 74361 MiB, 143771 MiB
2026/08/06 00:48:39.180, NVIDIA H200, 46, 97 %, 53 %, 74361 MiB, 143771 MiB
2026/08/06 00:48:42.181, NVIDIA H200, 47, 100 %, 43 %, 74361 MiB, 143771 MiB
2026/08/06 00:48:45.182, NVIDIA H200, 46, 100 %, 43 %, 74361 MiB, 143771 MiB
2026/08/06 00:48:48.182, NVIDIA H200, 48, 98 %, 36 %, 74361 MiB, 143771 MiB
2026/08/06 00:48:51.183, NVIDIA H200, 47, 100 %, 45 %, 74361 MiB, 143771 MiB
2026/08/06 00:48:54.183, NVIDIA H200, 45, 100 %, 54 %, 74361 MiB, 143771 MiB
2026/08/06 00:48:57.184, NVIDIA H200, 37, 0 %, 0 %, 74361 MiB, 143771 MiB
2026/08/06 00:49:00.184, NVIDIA H200, 45, 98 %, 51 %, 74361 MiB, 143771 MiB
2026/08/06 00:49:03.185, NVIDIA H200, 47, 100 %, 46 %, 74361 MiB, 143771 MiB
2026/08/06 00:49:06.185, NVIDIA H200, 46, 100 %, 30 %, 74361 MiB, 143771 MiB
2026/08/06 00:49:09.186, NVIDIA H200, 43, 100 %, 45 %, 74361 MiB, 143771 MiB
2026/08/06 00:49:12.186, NVIDIA H200, 51, 100 %, 50 %, 74361 MiB, 143771 MiB
2026/08/06 00:49:15.187, NVIDIA H200, 27, 0 %, 0 %, 74361 MiB, 143771 MiB
2026/08/06 00:49:18.188, NVIDIA H200, 25, 0 %, 0 %, 74361 MiB, 143771 MiB
2026/08/06 00:49:21.188, NVIDIA H200, 39, 99 %, 45 %, 74361 MiB, 143771 MiB
2026/08/06 00:49:24.189, NVIDIA H200, 44, 99 %, 39 %, 74361 MiB, 143771 MiB
2026/08/06 00:49:27.189, NVIDIA H200, 25, 0 %, 0 %, 74361 MiB, 143771 MiB
2026/08/06 00:49:30.190, NVIDIA H200, 43, 97 %, 32 %, 74361 MiB, 143771 MiB
2026/08/06 00:49:33.191, NVIDIA H200, 41, 100 %, 52 %, 74361 MiB, 143771 MiB
2026/08/06 00:49:36.191, NVIDIA H200, 47, 100 %, 49 %, 74361 MiB, 143771 MiB
2026/08/06 00:49:39.192, NVIDIA H200, 49, 100 %, 43 %, 74361 MiB, 143771 MiB
2026/08/06 00:49:42.192, NVIDIA H200, 47, 95 %, 42 %, 74361 MiB, 143771 MiB
2026/08/06 00:49:45.193, NVIDIA H200, 50, 100 %, 31 %, 74361 MiB, 143771 MiB
2026/08/06 00:49:48.193, NVIDIA H200, 48, 99 %, 34 %, 74361 MiB, 143771 MiB
2026/08/06 00:49:51.194, NVIDIA H200, 44, 100 %, 46 %, 74361 MiB, 143771 MiB
2026/08/06 00:49:54.195, NVIDIA H200, 46, 81 %, 41 %, 74361 MiB, 143771 MiB
2026/08/06 00:49:57.195, NVIDIA H200, 47, 97 %, 38 %, 74361 MiB, 143771 MiB
2026/08/06 00:50:00.196, NVIDIA H200, 47, 100 %, 44 %, 74361 MiB, 143771 MiB
2026/08/06 00:50:03.196, NVIDIA H200, 47, 99 %, 38 %, 74361 MiB, 143771 MiB
2026/08/06 00:50:06.197, NVIDIA H200, 43, 100 %, 44 %, 74361 MiB, 143771 MiB
2026/08/06 00:50:09.197, NVIDIA H200, 47, 93 %, 44 %, 74361 MiB, 143771 MiB
2026/08/06 00:50:12.198, NVIDIA H200, 48, 100 %, 32 %, 74361 MiB, 143771 MiB
2026/08/06 00:50:15.199, NVIDIA H200, 45, 100 %, 41 %, 74361 MiB, 143771 MiB
2026/08/06 00:50:18.199, NVIDIA H200, 49, 100 %, 39 %, 74361 MiB, 143771 MiB
2026/08/06 00:50:21.199, NVIDIA H200, 46, 100 %, 56 %, 74361 MiB, 143771 MiB
2026/08/06 00:50:24.200, NVIDIA H200, 47, 100 %, 48 %, 74361 MiB, 143771 MiB
2026/08/06 00:50:27.200, NVIDIA H200, 47, 98 %, 50 %, 74361 MiB, 143771 MiB
2026/08/06 00:50:30.201, NVIDIA H200, 47, 100 %, 40 %, 74361 MiB, 143771 MiB
2026/08/06 00:50:33.201, NVIDIA H200, 51, 100 %, 41 %, 74361 MiB, 143771 MiB
2026/08/06 00:50:36.202, NVIDIA H200, 47, 100 %, 47 %, 74361 MiB, 143771 MiB
2026/08/06 00:50:39.202, NVIDIA H200, 49, 100 %, 42 %, 74361 MiB, 143771 MiB
2026/08/06 00:50:42.203, NVIDIA H200, 37, 99 %, 51 %, 74361 MiB, 143771 MiB
2026/08/06 00:50:45.203, NVIDIA H200, 44, 100 %, 46 %, 74361 MiB, 143771 MiB
2026/08/06 00:50:48.204, NVIDIA H200, 46, 4 %, 1 %, 74361 MiB, 143771 MiB
2026/08/06 00:50:51.205, NVIDIA H200, 50, 100 %, 38 %, 74361 MiB, 143771 MiB
2026/08/06 00:50:54.205, NVIDIA H200, 48, 98 %, 29 %, 74361 MiB, 143771 MiB
2026/08/06 00:50:57.206, NVIDIA H200, 44, 100 %, 45 %, 74361 MiB, 143771 MiB
2026/08/06 00:51:00.206, NVIDIA H200, 27, 0 %, 0 %, 74361 MiB, 143771 MiB
2026/08/06 00:51:03.207, NVIDIA H200, 26, 0 %, 0 %, 74361 MiB, 143771 MiB
2026/08/06 00:51:06.207, NVIDIA H200, 41, 99 %, 37 %, 74361 MiB, 143771 MiB
2026/08/06 00:51:09.208, NVIDIA H200, 33, 84 %, 42 %, 74361 MiB, 143771 MiB
2026/08/06 00:51:12.208, NVIDIA H200, 25, 0 %, 0 %, 74361 MiB, 143771 MiB
2026/08/06 00:51:15.209, NVIDIA H200, 24, 0 %, 0 %, 74361 MiB, 143771 MiB
2026/08/06 00:51:18.209, NVIDIA H200, 24, 0 %, 0 %, 74361 MiB, 143771 MiB
2026/08/06 00:51:21.210, NVIDIA H200, 35, 40 %, 5 %, 74361 MiB, 143771 MiB
2026/08/06 00:51:24.210, NVIDIA H200, 45, 100 %, 32 %, 74361 MiB, 143771 MiB
2026/08/06 00:51:27.211, NVIDIA H200, 46, 100 %, 40 %, 74361 MiB, 143771 MiB
2026/08/06 00:51:30.212, NVIDIA H200, 42, 100 %, 48 %, 74361 MiB, 143771 MiB
2026/08/06 00:51:33.212, NVIDIA H200, 40, 100 %, 43 %, 74361 MiB, 143771 MiB
2026/08/06 00:51:36.213, NVIDIA H200, 45, 100 %, 55 %, 74361 MiB, 143771 MiB
2026/08/06 00:51:39.213, NVIDIA H200, 46, 97 %, 50 %, 74361 MiB, 143771 MiB
2026/08/06 00:51:42.214, NVIDIA H200, 46, 100 %, 47 %, 74361 MiB, 143771 MiB
2026/08/06 00:51:45.214, NVIDIA H200, 45, 100 %, 54 %, 74361 MiB, 143771 MiB
2026/08/06 00:51:48.215, NVIDIA H200, 47, 100 %, 47 %, 74361 MiB, 143771 MiB
2026/08/06 00:51:51.216, NVIDIA H200, 47, 98 %, 26 %, 74361 MiB, 143771 MiB
2026/08/06 00:51:54.216, NVIDIA H200, 42, 100 %, 47 %, 74361 MiB, 143771 MiB
2026/08/06 00:51:57.217, NVIDIA H200, 50, 100 %, 44 %, 74361 MiB, 143771 MiB
2026/08/06 00:52:00.217, NVIDIA H200, 43, 100 %, 47 %, 74361 MiB, 143771 MiB
2026/08/06 00:52:03.218, NVIDIA H200, 44, 100 %, 45 %, 74361 MiB, 143771 MiB
2026/08/06 00:52:06.219, NVIDIA H200, 40, 100 %, 51 %, 74361 MiB, 143771 MiB
2026/08/06 00:52:09.220, NVIDIA H200, 44, 100 %, 45 %, 74361 MiB, 143771 MiB
2026/08/06 00:52:12.220, NVIDIA H200, 45, 97 %, 37 %, 74361 MiB, 143771 MiB
2026/08/06 00:52:15.221, NVIDIA H200, 46, 40 %, 23 %, 74361 MiB, 143771 MiB
2026/08/06 00:52:18.221, NVIDIA H200, 45, 100 %, 41 %, 74361 MiB, 143771 MiB
2026/08/06 00:52:21.222, NVIDIA H200, 48, 100 %, 33 %, 74361 MiB, 143771 MiB
2026/08/06 00:52:24.222, NVIDIA H200, 37, 100 %, 46 %, 74361 MiB, 143771 MiB
2026/08/06 00:52:27.223, NVIDIA H200, 46, 100 %, 55 %, 74361 MiB, 143771 MiB
2026/08/06 00:52:30.223, NVIDIA H200, 46, 100 %, 42 %, 74361 MiB, 143771 MiB
2026/08/06 00:52:33.224, NVIDIA H200, 46, 100 %, 30 %, 74361 MiB, 143771 MiB
2026/08/06 00:52:36.224, NVIDIA H200, 41, 89 %, 40 %, 74361 MiB, 143771 MiB
2026/08/06 00:52:39.225, NVIDIA H200, 46, 92 %, 32 %, 74361 MiB, 143771 MiB
2026/08/06 00:52:42.225, NVIDIA H200, 41, 100 %, 41 %, 74361 MiB, 143771 MiB
2026/08/06 00:52:45.226, NVIDIA H200, 43, 100 %, 40 %, 74361 MiB, 143771 MiB
2026/08/06 00:52:48.226, NVIDIA H200, 46, 100 %, 33 %, 74361 MiB, 143771 MiB
2026/08/06 00:52:51.227, NVIDIA H200, 48, 100 %, 53 %, 74361 MiB, 143771 MiB
2026/08/06 00:52:54.228, NVIDIA H200, 34, 0 %, 0 %, 74361 MiB, 143771 MiB
2026/08/06 00:52:57.229, NVIDIA H200, 25, 0 %, 0 %, 74361 MiB, 143771 MiB
2026/08/06 00:53:00.229, NVIDIA H200, 29, 0 %, 0 %, 74361 MiB, 143771 MiB
2026/08/06 00:53:03.230, NVIDIA H200, 25, 0 %, 0 %, 74361 MiB, 143771 MiB
2026/08/06 00:53:06.230, NVIDIA H200, 27, 0 %, 0 %, 74361 MiB, 143771 MiB
2026/08/06 00:53:09.231, NVIDIA H200, 32, 0 %, 0 %, 74361 MiB, 143771 MiB
2026/08/06 00:53:12.231, NVIDIA H200, 41, 97 %, 46 %, 74361 MiB, 143771 MiB
2026/08/06 00:53:15.232, NVIDIA H200, 45, 100 %, 44 %, 74361 MiB, 143771 MiB
2026/08/06 00:53:18.235, NVIDIA H200, 48, 100 %, 49 %, 74361 MiB, 143771 MiB
2026/08/06 00:53:21.236, NVIDIA H200, 48, 100 %, 43 %, 74361 MiB, 143771 MiB
2026/08/06 00:53:24.236, NVIDIA H200, 41, 98 %, 33 %, 74361 MiB, 143771 MiB
2026/08/06 00:53:27.237, NVIDIA H200, 47, 100 %, 48 %, 74361 MiB, 143771 MiB
2026/08/06 00:53:30.237, NVIDIA H200, 46, 99 %, 29 %, 74361 MiB, 143771 MiB
2026/08/06 00:53:33.238, NVIDIA H200, 47, 100 %, 41 %, 74361 MiB, 143771 MiB
2026/08/06 00:53:36.238, NVIDIA H200, 48, 100 %, 49 %, 74361 MiB, 143771 MiB
2026/08/06 00:53:39.239, NVIDIA H200, 46, 100 %, 43 %, 74361 MiB, 143771 MiB
2026/08/06 00:53:42.239, NVIDIA H200, 46, 100 %, 54 %, 74361 MiB, 143771 MiB
2026/08/06 00:53:45.240, NVIDIA H200, 47, 100 %, 37 %, 74361 MiB, 143771 MiB
2026/08/06 00:53:48.240, NVIDIA H200, 46, 100 %, 42 %, 74361 MiB, 143771 MiB
2026/08/06 00:53:51.241, NVIDIA H200, 41, 66 %, 23 %, 74361 MiB, 143771 MiB
2026/08/06 00:53:54.241, NVIDIA H200, 45, 100 %, 33 %, 74361 MiB, 143771 MiB
2026/08/06 00:53:57.242, NVIDIA H200, 48, 100 %, 42 %, 74361 MiB, 143771 MiB
2026/08/06 00:54:00.242, NVIDIA H200, 43, 27 %, 9 %, 74361 MiB, 143771 MiB
2026/08/06 00:54:03.243, NVIDIA H200, 44, 98 %, 51 %, 74361 MiB, 143771 MiB
2026/08/06 00:54:06.243, NVIDIA H200, 39, 50 %, 9 %, 74361 MiB, 143771 MiB
2026/08/06 00:54:09.244, NVIDIA H200, 39, 37 %, 26 %, 74361 MiB, 143771 MiB
2026/08/06 00:54:12.244, NVIDIA H200, 44, 100 %, 33 %, 74361 MiB, 143771 MiB
2026/08/06 00:54:15.245, NVIDIA H200, 47, 100 %, 44 %, 74361 MiB, 143771 MiB
2026/08/06 00:54:18.246, NVIDIA H200, 45, 99 %, 54 %, 74361 MiB, 143771 MiB
2026/08/06 00:54:21.246, NVIDIA H200, 47, 100 %, 46 %, 74361 MiB, 143771 MiB
2026/08/06 00:54:24.247, NVIDIA H200, 41, 100 %, 51 %, 74361 MiB, 143771 MiB
2026/08/06 00:54:27.247, NVIDIA H200, 49, 100 %, 47 %, 74361 MiB, 143771 MiB
2026/08/06 00:54:30.248, NVIDIA H200, 47, 100 %, 50 %, 74361 MiB, 143771 MiB
2026/08/06 00:54:33.249, NVIDIA H200, 47, 100 %, 37 %, 74361 MiB, 143771 MiB
2026/08/06 00:54:36.249, NVIDIA H200, 48, 98 %, 34 %, 74361 MiB, 143771 MiB
2026/08/06 00:54:39.250, NVIDIA H200, 49, 100 %, 39 %, 74361 MiB, 143771 MiB
2026/08/06 00:54:42.250, NVIDIA H200, 46, 97 %, 48 %, 74361 MiB, 143771 MiB
2026/08/06 00:54:45.251, NVIDIA H200, 26, 0 %, 0 %, 74361 MiB, 143771 MiB
2026/08/06 00:54:48.252, NVIDIA H200, 29, 0 %, 0 %, 74361 MiB, 143771 MiB
2026/08/06 00:54:51.252, NVIDIA H200, 40, 73 %, 28 %, 74361 MiB, 143771 MiB
2026/08/06 00:54:54.253, NVIDIA H200, 26, 0 %, 0 %, 74361 MiB, 143771 MiB
2026/08/06 00:54:57.253, NVIDIA H200, 24, 0 %, 0 %, 74361 MiB, 143771 MiB
2026/08/06 00:55:00.254, NVIDIA H200, 45, 100 %, 39 %, 74361 MiB, 143771 MiB
2026/08/06 00:55:03.255, NVIDIA H200, 45, 47 %, 16 %, 74361 MiB, 143771 MiB
2026/08/06 00:55:06.255, NVIDIA H200, 47, 97 %, 46 %, 74361 MiB, 143771 MiB
2026/08/06 00:55:09.256, NVIDIA H200, 48, 98 %, 38 %, 74361 MiB, 143771 MiB
2026/08/06 00:55:12.256, NVIDIA H200, 43, 97 %, 54 %, 74361 MiB, 143771 MiB
2026/08/06 00:55:15.257, NVIDIA H200, 45, 100 %, 42 %, 74361 MiB, 143771 MiB
2026/08/06 00:55:18.257, NVIDIA H200, 45, 97 %, 53 %, 74361 MiB, 143771 MiB
2026/08/06 00:55:21.258, NVIDIA H200, 48, 99 %, 39 %, 74361 MiB, 143771 MiB
2026/08/06 00:55:24.259, NVIDIA H200, 46, 99 %, 38 %, 74361 MiB, 143771 MiB
2026/08/06 00:55:27.259, NVIDIA H200, 47, 100 %, 38 %, 74361 MiB, 143771 MiB
2026/08/06 00:55:30.260, NVIDIA H200, 47, 100 %, 49 %, 74361 MiB, 143771 MiB
2026/08/06 00:55:33.260, NVIDIA H200, 47, 100 %, 45 %, 74361 MiB, 143771 MiB
2026/08/06 00:55:36.261, NVIDIA H200, 40, 86 %, 45 %, 74361 MiB, 143771 MiB
2026/08/06 00:55:39.261, NVIDIA H200, 47, 100 %, 47 %, 74361 MiB, 143771 MiB
2026/08/06 00:55:42.262, NVIDIA H200, 46, 100 %, 54 %, 74361 MiB, 143771 MiB
2026/08/06 00:55:45.263, NVIDIA H200, 44, 100 %, 49 %, 74361 MiB, 143771 MiB
2026/08/06 00:55:48.263, NVIDIA H200, 44, 98 %, 49 %, 74361 MiB, 143771 MiB
2026/08/06 00:55:51.264, NVIDIA H200, 42, 97 %, 41 %, 74361 MiB, 143771 MiB
2026/08/06 00:55:54.264, NVIDIA H200, 47, 100 %, 43 %, 74361 MiB, 143771 MiB
2026/08/06 00:55:57.265, NVIDIA H200, 47, 100 %, 44 %, 74361 MiB, 143771 MiB
2026/08/06 00:56:00.265, NVIDIA H200, 46, 100 %, 37 %, 74361 MiB, 143771 MiB
2026/08/06 00:56:03.266, NVIDIA H200, 48, 99 %, 37 %, 74361 MiB, 143771 MiB
2026/08/06 00:56:06.266, NVIDIA H200, 47, 100 %, 33 %, 74361 MiB, 143771 MiB
2026/08/06 00:56:09.267, NVIDIA H200, 47, 99 %, 35 %, 74361 MiB, 143771 MiB
2026/08/06 00:56:12.268, NVIDIA H200, 45, 100 %, 41 %, 74361 MiB, 143771 MiB
2026/08/06 00:56:15.268, NVIDIA H200, 44, 96 %, 34 %, 74361 MiB, 143771 MiB
2026/08/06 00:56:18.269, NVIDIA H200, 45, 97 %, 49 %, 74361 MiB, 143771 MiB
2026/08/06 00:56:21.269, NVIDIA H200, 46, 98 %, 28 %, 74361 MiB, 143771 MiB
2026/08/06 00:56:24.270, NVIDIA H200, 50, 100 %, 51 %, 74361 MiB, 143771 MiB
2026/08/06 00:56:27.270, NVIDIA H200, 46, 96 %, 46 %, 74361 MiB, 143771 MiB
2026/08/06 00:56:30.271, NVIDIA H200, 28, 0 %, 0 %, 74361 MiB, 143771 MiB
2026/08/06 00:56:33.272, NVIDIA H200, 28, 0 %, 0 %, 74361 MiB, 143771 MiB
2026/08/06 00:56:36.273, NVIDIA H200, 41, 100 %, 56 %, 74361 MiB, 143771 MiB
2026/08/06 00:56:39.273, NVIDIA H200, 29, 0 %, 0 %, 74361 MiB, 143771 MiB
2026/08/06 00:56:42.274, NVIDIA H200, 25, 0 %, 0 %, 74361 MiB, 143771 MiB
2026/08/06 00:56:45.275, NVIDIA H200, 40, 100 %, 49 %, 74361 MiB, 143771 MiB
2026/08/06 00:56:48.275, NVIDIA H200, 47, 100 %, 43 %, 74361 MiB, 143771 MiB
2026/08/06 00:56:51.276, NVIDIA H200, 47, 98 %, 46 %, 74361 MiB, 143771 MiB
2026/08/06 00:56:54.276, NVIDIA H200, 47, 97 %, 33 %, 74361 MiB, 143771 MiB
2026/08/06 00:56:57.277, NVIDIA H200, 46, 99 %, 47 %, 74361 MiB, 143771 MiB
2026/08/06 00:57:00.277, NVIDIA H200, 46, 100 %, 49 %, 74361 MiB, 143771 MiB
2026/08/06 00:57:03.278, NVIDIA H200, 45, 100 %, 40 %, 74361 MiB, 143771 MiB
2026/08/06 00:57:06.279, NVIDIA H200, 48, 100 %, 43 %, 74361 MiB, 143771 MiB
2026/08/06 00:57:09.279, NVIDIA H200, 44, 80 %, 43 %, 74361 MiB, 143771 MiB
2026/08/06 00:57:12.280, NVIDIA H200, 47, 100 %, 49 %, 74361 MiB, 143771 MiB
2026/08/06 00:57:15.280, NVIDIA H200, 37, 32 %, 16 %, 74361 MiB, 143771 MiB
2026/08/06 00:57:18.281, NVIDIA H200, 44, 100 %, 42 %, 74361 MiB, 143771 MiB
2026/08/06 00:57:21.281, NVIDIA H200, 46, 100 %, 30 %, 74361 MiB, 143771 MiB
2026/08/06 00:57:24.282, NVIDIA H200, 44, 96 %, 35 %, 74361 MiB, 143771 MiB
2026/08/06 00:57:27.282, NVIDIA H200, 48, 100 %, 40 %, 74361 MiB, 143771 MiB
2026/08/06 00:57:30.283, NVIDIA H200, 47, 97 %, 57 %, 74361 MiB, 143771 MiB
2026/08/06 00:57:33.284, NVIDIA H200, 48, 100 %, 48 %, 74361 MiB, 143771 MiB
2026/08/06 00:57:36.284, NVIDIA H200, 42, 100 %, 40 %, 74361 MiB, 143771 MiB
2026/08/06 00:57:39.285, NVIDIA H200, 41, 100 %, 53 %, 74361 MiB, 143771 MiB
2026/08/06 00:57:42.285, NVIDIA H200, 37, 63 %, 34 %, 74361 MiB, 143771 MiB
2026/08/06 00:57:45.286, NVIDIA H200, 44, 100 %, 41 %, 74361 MiB, 143771 MiB
2026/08/06 00:57:48.286, NVIDIA H200, 45, 98 %, 38 %, 74361 MiB, 143771 MiB
2026/08/06 00:57:51.287, NVIDIA H200, 49, 100 %, 44 %, 74361 MiB, 143771 MiB
2026/08/06 00:57:54.288, NVIDIA H200, 45, 100 %, 40 %, 74361 MiB, 143771 MiB
2026/08/06 00:57:57.288, NVIDIA H200, 47, 97 %, 25 %, 74361 MiB, 143771 MiB
2026/08/06 00:58:00.289, NVIDIA H200, 46, 100 %, 30 %, 74361 MiB, 143771 MiB
2026/08/06 00:58:03.290, NVIDIA H200, 46, 100 %, 53 %, 74361 MiB, 143771 MiB
2026/08/06 00:58:06.290, NVIDIA H200, 50, 100 %, 41 %, 74361 MiB, 143771 MiB
2026/08/06 00:58:09.291, NVIDIA H200, 47, 100 %, 39 %, 74361 MiB, 143771 MiB
2026/08/06 00:58:12.291, NVIDIA H200, 47, 97 %, 58 %, 74361 MiB, 143771 MiB
2026/08/06 00:58:15.292, NVIDIA H200, 47, 97 %, 36 %, 74361 MiB, 143771 MiB
2026/08/06 00:58:18.293, NVIDIA H200, 26, 0 %, 0 %, 74361 MiB, 143771 MiB
2026/08/06 00:58:21.293, NVIDIA H200, 40, 99 %, 52 %, 74361 MiB, 143771 MiB
2026/08/06 00:58:24.294, NVIDIA H200, 28, 74 %, 25 %, 74361 MiB, 143771 MiB
2026/08/06 00:58:27.294, NVIDIA H200, 25, 0 %, 0 %, 74361 MiB, 143771 MiB
2026/08/06 00:58:30.295, NVIDIA H200, 43, 100 %, 49 %, 74361 MiB, 143771 MiB
2026/08/06 00:58:33.296, NVIDIA H200, 46, 100 %, 44 %, 74361 MiB, 143771 MiB
2026/08/06 00:58:36.296, NVIDIA H200, 40, 0 %, 0 %, 74361 MiB, 143771 MiB
2026/08/06 00:58:39.297, NVIDIA H200, 38, 33 %, 1 %, 74361 MiB, 143771 MiB
2026/08/06 00:58:42.298, NVIDIA H200, 43, 99 %, 45 %, 74361 MiB, 143771 MiB
2026/08/06 00:58:45.298, NVIDIA H200, 46, 100 %, 47 %, 74361 MiB, 143771 MiB
2026/08/06 00:58:48.299, NVIDIA H200, 38, 100 %, 45 %, 74361 MiB, 143771 MiB
2026/08/06 00:58:51.300, NVIDIA H200, 43, 97 %, 54 %, 74361 MiB, 143771 MiB
2026/08/06 00:58:54.300, NVIDIA H200, 49, 100 %, 50 %, 74361 MiB, 143771 MiB
2026/08/06 00:58:57.301, NVIDIA H200, 47, 61 %, 32 %, 74361 MiB, 143771 MiB
2026/08/06 00:59:00.301, NVIDIA H200, 50, 100 %, 42 %, 74361 MiB, 143771 MiB
2026/08/06 00:59:03.302, NVIDIA H200, 46, 97 %, 55 %, 74361 MiB, 143771 MiB
2026/08/06 00:59:06.302, NVIDIA H200, 46, 97 %, 35 %, 74361 MiB, 143771 MiB
2026/08/06 00:59:09.303, NVIDIA H200, 46, 98 %, 50 %, 74361 MiB, 143771 MiB
2026/08/06 00:59:12.303, NVIDIA H200, 48, 100 %, 47 %, 74361 MiB, 143771 MiB
2026/08/06 00:59:15.304, NVIDIA H200, 47, 100 %, 47 %, 74361 MiB, 143771 MiB
2026/08/06 00:59:18.304, NVIDIA H200, 45, 97 %, 50 %, 74361 MiB, 143771 MiB
2026/08/06 00:59:21.305, NVIDIA H200, 42, 100 %, 45 %, 74361 MiB, 143771 MiB
2026/08/06 00:59:24.305, NVIDIA H200, 47, 98 %, 46 %, 74361 MiB, 143771 MiB
2026/08/06 00:59:27.306, NVIDIA H200, 48, 98 %, 33 %, 74361 MiB, 143771 MiB
2026/08/06 00:59:30.306, NVIDIA H200, 44, 100 %, 50 %, 74361 MiB, 143771 MiB
2026/08/06 00:59:33.307, NVIDIA H200, 40, 27 %, 16 %, 74361 MiB, 143771 MiB
2026/08/06 00:59:36.308, NVIDIA H200, 46, 100 %, 40 %, 74361 MiB, 143771 MiB
2026/08/06 00:59:39.308, NVIDIA H200, 47, 97 %, 33 %, 74361 MiB, 143771 MiB
2026/08/06 00:59:42.309, NVIDIA H200, 44, 97 %, 58 %, 74361 MiB, 143771 MiB
2026/08/06 00:59:45.310, NVIDIA H200, 45, 98 %, 43 %, 74361 MiB, 143771 MiB
2026/08/06 00:59:48.310, NVIDIA H200, 46, 100 %, 42 %, 74361 MiB, 143771 MiB
2026/08/06 00:59:51.311, NVIDIA H200, 36, 11 %, 6 %, 74361 MiB, 143771 MiB
2026/08/06 00:59:54.311, NVIDIA H200, 46, 100 %, 42 %, 74361 MiB, 143771 MiB
2026/08/06 00:59:57.312, NVIDIA H200, 47, 100 %, 39 %, 74361 MiB, 143771 MiB
2026/08/06 01:00:00.312, NVIDIA H200, 46, 97 %, 54 %, 74361 MiB, 143771 MiB
2026/08/06 01:00:03.313, NVIDIA H200, 26, 0 %, 0 %, 74361 MiB, 143771 MiB
2026/08/06 01:00:06.313, NVIDIA H200, 25, 0 %, 0 %, 74361 MiB, 143771 MiB
2026/08/06 01:00:09.314, NVIDIA H200, 42, 100 %, 50 %, 74361 MiB, 143771 MiB
2026/08/06 01:00:12.314, NVIDIA H200, 30, 0 %, 0 %, 74361 MiB, 143771 MiB
2026/08/06 01:00:15.315, NVIDIA H200, 24, 0 %, 0 %, 74361 MiB, 143771 MiB
2026/08/06 01:00:18.316, NVIDIA H200, 24, 0 %, 0 %, 74361 MiB, 143771 MiB
2026/08/06 01:00:21.316, NVIDIA H200, 24, 0 %, 0 %, 74361 MiB, 143771 MiB
2026/08/06 01:00:24.317, NVIDIA H200, 24, 0 %, 0 %, 74361 MiB, 143771 MiB
2026/08/06 01:00:27.318, NVIDIA H200, 34, 0 %, 0 %, 74361 MiB, 143771 MiB
2026/08/06 01:00:30.318, NVIDIA H200, 47, 100 %, 44 %, 74361 MiB, 143771 MiB
2026/08/06 01:00:33.319, NVIDIA H200, 46, 100 %, 54 %, 74361 MiB, 143771 MiB
2026/08/06 01:00:36.320, NVIDIA H200, 50, 100 %, 45 %, 74361 MiB, 143771 MiB
2026/08/06 01:00:39.321, NVIDIA H200, 35, 0 %, 0 %, 74361 MiB, 143771 MiB
2026/08/06 01:00:42.321, NVIDIA H200, 43, 86 %, 48 %, 74361 MiB, 143771 MiB
2026/08/06 01:00:45.322, NVIDIA H200, 49, 99 %, 39 %, 74361 MiB, 143771 MiB
2026/08/06 01:00:48.322, NVIDIA H200, 45, 97 %, 52 %, 74361 MiB, 143771 MiB
2026/08/06 01:00:51.323, NVIDIA H200, 46, 100 %, 43 %, 74361 MiB, 143771 MiB
2026/08/06 01:00:54.324, NVIDIA H200, 47, 100 %, 50 %, 74361 MiB, 143771 MiB
2026/08/06 01:00:57.324, NVIDIA H200, 46, 96 %, 49 %, 74361 MiB, 143771 MiB
2026/08/06 01:01:00.325, NVIDIA H200, 44, 100 %, 46 %, 74361 MiB, 143771 MiB
2026/08/06 01:01:03.325, NVIDIA H200, 41, 100 %, 47 %, 74361 MiB, 143771 MiB
2026/08/06 01:01:06.326, NVIDIA H200, 45, 100 %, 51 %, 74361 MiB, 143771 MiB
2026/08/06 01:01:09.326, NVIDIA H200, 46, 100 %, 43 %, 74361 MiB, 143771 MiB
2026/08/06 01:01:12.327, NVIDIA H200, 46, 100 %, 45 %, 74361 MiB, 143771 MiB
2026/08/06 01:01:15.327, NVIDIA H200, 47, 100 %, 40 %, 74361 MiB, 143771 MiB
2026/08/06 01:01:18.328, NVIDIA H200, 46, 70 %, 28 %, 74361 MiB, 143771 MiB
2026/08/06 01:01:21.328, NVIDIA H200, 48, 100 %, 46 %, 74361 MiB, 143771 MiB
2026/08/06 01:01:24.329, NVIDIA H200, 35, 11 %, 3 %, 74361 MiB, 143771 MiB
2026/08/06 01:01:27.330, NVIDIA H200, 44, 86 %, 45 %, 74361 MiB, 143771 MiB
2026/08/06 01:01:30.330, NVIDIA H200, 47, 98 %, 42 %, 74361 MiB, 143771 MiB
2026/08/06 01:01:33.331, NVIDIA H200, 47, 100 %, 43 %, 74361 MiB, 143771 MiB
2026/08/06 01:01:36.332, NVIDIA H200, 46, 93 %, 32 %, 74361 MiB, 143771 MiB
2026/08/06 01:01:39.332, NVIDIA H200, 41, 28 %, 17 %, 74361 MiB, 143771 MiB
2026/08/06 01:01:42.333, NVIDIA H200, 46, 100 %, 37 %, 74361 MiB, 143771 MiB
2026/08/06 01:01:45.333, NVIDIA H200, 46, 100 %, 46 %, 74361 MiB, 143771 MiB
2026/08/06 01:01:48.333, NVIDIA H200, 45, 100 %, 51 %, 74361 MiB, 143771 MiB
2026/08/06 01:01:51.334, NVIDIA H200, 48, 100 %, 39 %, 74361 MiB, 143771 MiB
2026/08/06 01:01:54.334, NVIDIA H200, 47, 100 %, 41 %, 74361 MiB, 143771 MiB
2026/08/06 01:01:57.335, NVIDIA H200, 28, 0 %, 0 %, 74361 MiB, 143771 MiB
2026/08/06 01:02:00.336, NVIDIA H200, 25, 0 %, 0 %, 74361 MiB, 143771 MiB
2026/08/06 01:02:03.336, NVIDIA H200, 37, 83 %, 30 %, 74361 MiB, 143771 MiB
2026/08/06 01:02:06.337, NVIDIA H200, 38, 99 %, 52 %, 74361 MiB, 143771 MiB
2026/08/06 01:02:09.337, NVIDIA H200, 25, 0 %, 0 %, 74361 MiB, 143771 MiB
2026/08/06 01:02:12.338, NVIDIA H200, 24, 0 %, 0 %, 74361 MiB, 143771 MiB
2026/08/06 01:02:15.338, NVIDIA H200, 45, 98 %, 50 %, 74361 MiB, 143771 MiB
2026/08/06 01:02:18.339, NVIDIA H200, 44, 96 %, 45 %, 74361 MiB, 143771 MiB
2026/08/06 01:02:21.339, NVIDIA H200, 47, 100 %, 40 %, 74361 MiB, 143771 MiB
2026/08/06 01:02:24.340, NVIDIA H200, 47, 100 %, 52 %, 74361 MiB, 143771 MiB
2026/08/06 01:02:27.340, NVIDIA H200, 47, 100 %, 40 %, 74361 MiB, 143771 MiB
2026/08/06 01:02:30.341, NVIDIA H200, 48, 99 %, 35 %, 74361 MiB, 143771 MiB
2026/08/06 01:02:33.341, NVIDIA H200, 44, 97 %, 50 %, 74361 MiB, 143771 MiB
2026/08/06 01:02:36.342, NVIDIA H200, 46, 100 %, 37 %, 74361 MiB, 143771 MiB
2026/08/06 01:02:39.342, NVIDIA H200, 44, 97 %, 44 %, 74361 MiB, 143771 MiB
2026/08/06 01:02:42.342, NVIDIA H200, 46, 100 %, 35 %, 74361 MiB, 143771 MiB
2026/08/06 01:02:45.343, NVIDIA H200, 38, 65 %, 27 %, 74361 MiB, 143771 MiB
2026/08/06 01:02:48.343, NVIDIA H200, 42, 51 %, 11 %, 74361 MiB, 143771 MiB
2026/08/06 01:02:51.344, NVIDIA H200, 48, 100 %, 43 %, 74361 MiB, 143771 MiB
2026/08/06 01:02:54.344, NVIDIA H200, 47, 100 %, 50 %, 74361 MiB, 143771 MiB
2026/08/06 01:02:57.345, NVIDIA H200, 45, 100 %, 33 %, 74361 MiB, 143771 MiB
2026/08/06 01:03:00.345, NVIDIA H200, 46, 100 %, 41 %, 74361 MiB, 143771 MiB
2026/08/06 01:03:03.346, NVIDIA H200, 43, 100 %, 46 %, 74361 MiB, 143771 MiB
2026/08/06 01:03:06.347, NVIDIA H200, 46, 98 %, 47 %, 74361 MiB, 143771 MiB
2026/08/06 01:03:09.347, NVIDIA H200, 45, 100 %, 43 %, 74361 MiB, 143771 MiB
2026/08/06 01:03:12.348, NVIDIA H200, 47, 100 %, 52 %, 74361 MiB, 143771 MiB
2026/08/06 01:03:15.348, NVIDIA H200, 49, 100 %, 41 %, 74361 MiB, 143771 MiB
2026/08/06 01:03:18.349, NVIDIA H200, 45, 99 %, 53 %, 74361 MiB, 143771 MiB
2026/08/06 01:03:21.349, NVIDIA H200, 42, 97 %, 40 %, 74361 MiB, 143771 MiB
2026/08/06 01:03:24.350, NVIDIA H200, 37, 38 %, 16 %, 74361 MiB, 143771 MiB
2026/08/06 01:03:27.350, NVIDIA H200, 50, 100 %, 44 %, 74361 MiB, 143771 MiB
2026/08/06 01:03:30.351, NVIDIA H200, 47, 100 %, 47 %, 74361 MiB, 143771 MiB
2026/08/06 01:03:33.351, NVIDIA H200, 47, 97 %, 46 %, 74361 MiB, 143771 MiB
2026/08/06 01:03:36.352, NVIDIA H200, 47, 100 %, 39 %, 74361 MiB, 143771 MiB
2026/08/06 01:03:39.353, NVIDIA H200, 45, 100 %, 45 %, 74361 MiB, 143771 MiB
2026/08/06 01:03:42.353, NVIDIA H200, 46, 100 %, 42 %, 74361 MiB, 143771 MiB
2026/08/06 01:03:45.353, NVIDIA H200, 49, 100 %, 37 %, 74361 MiB, 143771 MiB
2026/08/06 01:03:48.354, NVIDIA H200, 26, 0 %, 0 %, 74361 MiB, 143771 MiB
2026/08/06 01:03:51.354, NVIDIA H200, 40, 99 %, 55 %, 74361 MiB, 143771 MiB
2026/08/06 01:03:54.355, NVIDIA H200, 25, 0 %, 0 %, 74361 MiB, 143771 MiB
2026/08/06 01:03:57.356, NVIDIA H200, 27, 0 %, 0 %, 74361 MiB, 143771 MiB
2026/08/06 01:04:00.356, NVIDIA H200, 42, 100 %, 53 %, 74361 MiB, 143771 MiB
2026/08/06 01:04:03.357, NVIDIA H200, 42, 100 %, 46 %, 74361 MiB, 143771 MiB
2026/08/06 01:04:06.357, NVIDIA H200, 37, 100 %, 40 %, 74361 MiB, 143771 MiB
2026/08/06 01:04:09.357, NVIDIA H200, 38, 45 %, 24 %, 74361 MiB, 143771 MiB
2026/08/06 01:04:12.358, NVIDIA H200, 46, 100 %, 47 %, 74361 MiB, 143771 MiB
2026/08/06 01:04:15.358, NVIDIA H200, 46, 34 %, 16 %, 74361 MiB, 143771 MiB
2026/08/06 01:04:18.359, NVIDIA H200, 44, 97 %, 55 %, 74361 MiB, 143771 MiB
2026/08/06 01:04:21.359, NVIDIA H200, 42, 100 %, 42 %, 74361 MiB, 143771 MiB
2026/08/06 01:04:24.360, NVIDIA H200, 46, 100 %, 49 %, 74361 MiB, 143771 MiB
2026/08/06 01:04:27.360, NVIDIA H200, 46, 100 %, 39 %, 74361 MiB, 143771 MiB
2026/08/06 01:04:30.361, NVIDIA H200, 49, 100 %, 41 %, 74361 MiB, 143771 MiB
2026/08/06 01:04:33.361, NVIDIA H200, 47, 99 %, 52 %, 74361 MiB, 143771 MiB
2026/08/06 01:04:36.362, NVIDIA H200, 37, 100 %, 45 %, 74361 MiB, 143771 MiB
2026/08/06 01:04:39.362, NVIDIA H200, 47, 97 %, 48 %, 74361 MiB, 143771 MiB
2026/08/06 01:04:42.363, NVIDIA H200, 47, 97 %, 35 %, 74361 MiB, 143771 MiB
2026/08/06 01:04:45.363, NVIDIA H200, 45, 9 %, 1 %, 74361 MiB, 143771 MiB
2026/08/06 01:04:48.364, NVIDIA H200, 46, 97 %, 50 %, 74361 MiB, 143771 MiB
2026/08/06 01:04:51.365, NVIDIA H200, 46, 100 %, 38 %, 74361 MiB, 143771 MiB
2026/08/06 01:04:54.365, NVIDIA H200, 44, 100 %, 44 %, 74361 MiB, 143771 MiB
2026/08/06 01:04:57.366, NVIDIA H200, 41, 98 %, 41 %, 74361 MiB, 143771 MiB
2026/08/06 01:05:00.366, NVIDIA H200, 46, 100 %, 41 %, 74361 MiB, 143771 MiB
2026/08/06 01:05:03.367, NVIDIA H200, 43, 100 %, 47 %, 74361 MiB, 143771 MiB
2026/08/06 01:05:06.367, NVIDIA H200, 48, 100 %, 46 %, 74361 MiB, 143771 MiB
2026/08/06 01:05:09.368, NVIDIA H200, 49, 100 %, 31 %, 74361 MiB, 143771 MiB
2026/08/06 01:05:12.368, NVIDIA H200, 45, 100 %, 43 %, 74361 MiB, 143771 MiB
2026/08/06 01:05:15.369, NVIDIA H200, 42, 0 %, 0 %, 74361 MiB, 143771 MiB
2026/08/06 01:05:18.370, NVIDIA H200, 43, 100 %, 52 %, 74361 MiB, 143771 MiB
2026/08/06 01:05:21.370, NVIDIA H200, 49, 100 %, 39 %, 74361 MiB, 143771 MiB
2026/08/06 01:05:24.370, NVIDIA H200, 45, 100 %, 49 %, 74361 MiB, 143771 MiB
2026/08/06 01:05:27.371, NVIDIA H200, 44, 100 %, 44 %, 74361 MiB, 143771 MiB
2026/08/06 01:05:30.371, NVIDIA H200, 50, 100 %, 31 %, 74361 MiB, 143771 MiB
2026/08/06 01:05:33.372, NVIDIA H200, 42, 98 %, 40 %, 74361 MiB, 143771 MiB
2026/08/06 01:05:36.373, NVIDIA H200, 25, 0 %, 0 %, 74361 MiB, 143771 MiB
2026/08/06 01:05:39.373, NVIDIA H200, 25, 0 %, 0 %, 74361 MiB, 143771 MiB
2026/08/06 01:05:42.374, NVIDIA H200, 38, 10 %, 0 %, 74361 MiB, 143771 MiB
2026/08/06 01:05:45.375, NVIDIA H200, 26, 0 %, 0 %, 74361 MiB, 143771 MiB
2026/08/06 01:05:48.375, NVIDIA H200, 24, 0 %, 0 %, 74361 MiB, 143771 MiB
2026/08/06 01:05:51.376, NVIDIA H200, 38, 100 %, 52 %, 74361 MiB, 143771 MiB
2026/08/06 01:05:54.376, NVIDIA H200, 42, 100 %, 44 %, 74361 MiB, 143771 MiB
2026/08/06 01:05:57.377, NVIDIA H200, 46, 97 %, 37 %, 74361 MiB, 143771 MiB
2026/08/06 01:06:00.377, NVIDIA H200, 43, 100 %, 46 %, 74361 MiB, 143771 MiB
2026/08/06 01:06:03.378, NVIDIA H200, 45, 27 %, 15 %, 74361 MiB, 143771 MiB
2026/08/06 01:06:06.379, NVIDIA H200, 48, 100 %, 49 %, 74361 MiB, 143771 MiB
2026/08/06 01:06:09.379, NVIDIA H200, 47, 97 %, 47 %, 74361 MiB, 143771 MiB
2026/08/06 01:06:12.380, NVIDIA H200, 47, 100 %, 39 %, 74361 MiB, 143771 MiB
2026/08/06 01:06:15.381, NVIDIA H200, 47, 98 %, 45 %, 74361 MiB, 143771 MiB
2026/08/06 01:06:18.381, NVIDIA H200, 49, 100 %, 41 %, 74361 MiB, 143771 MiB
2026/08/06 01:06:21.382, NVIDIA H200, 43, 97 %, 37 %, 74361 MiB, 143771 MiB
2026/08/06 01:06:24.382, NVIDIA H200, 44, 0 %, 0 %, 74361 MiB, 143771 MiB
2026/08/06 01:06:27.383, NVIDIA H200, 42, 92 %, 47 %, 74361 MiB, 143771 MiB
2026/08/06 01:06:30.383, NVIDIA H200, 46, 100 %, 41 %, 74361 MiB, 143771 MiB
2026/08/06 01:06:33.384, NVIDIA H200, 41, 100 %, 46 %, 74361 MiB, 143771 MiB
2026/08/06 01:06:36.384, NVIDIA H200, 43, 100 %, 44 %, 74361 MiB, 143771 MiB
2026/08/06 01:06:39.385, NVIDIA H200, 46, 98 %, 38 %, 74361 MiB, 143771 MiB
2026/08/06 01:06:42.386, NVIDIA H200, 48, 100 %, 30 %, 74361 MiB, 143771 MiB
2026/08/06 01:06:45.386, NVIDIA H200, 44, 98 %, 37 %, 74361 MiB, 143771 MiB
2026/08/06 01:06:48.387, NVIDIA H200, 37, 10 %, 0 %, 74361 MiB, 143771 MiB
2026/08/06 01:06:51.387, NVIDIA H200, 48, 100 %, 39 %, 74361 MiB, 143771 MiB
2026/08/06 01:06:54.388, NVIDIA H200, 47, 100 %, 45 %, 74361 MiB, 143771 MiB
2026/08/06 01:06:57.389, NVIDIA H200, 46, 100 %, 42 %, 74361 MiB, 143771 MiB
2026/08/06 01:07:00.390, NVIDIA H200, 45, 52 %, 16 %, 74361 MiB, 143771 MiB
2026/08/06 01:07:03.390, NVIDIA H200, 46, 100 %, 41 %, 74361 MiB, 143771 MiB
2026/08/06 01:07:06.391, NVIDIA H200, 41, 97 %, 50 %, 74361 MiB, 143771 MiB
2026/08/06 01:07:09.392, NVIDIA H200, 43, 100 %, 49 %, 74361 MiB, 143771 MiB
2026/08/06 01:07:12.392, NVIDIA H200, 50, 100 %, 45 %, 74361 MiB, 143771 MiB
2026/08/06 01:07:15.393, NVIDIA H200, 45, 96 %, 53 %, 74361 MiB, 143771 MiB
2026/08/06 01:07:18.393, NVIDIA H200, 46, 100 %, 44 %, 74361 MiB, 143771 MiB
2026/08/06 01:07:21.394, NVIDIA H200, 47, 100 %, 44 %, 74361 MiB, 143771 MiB
2026/08/06 01:07:24.394, NVIDIA H200, 30, 0 %, 0 %, 74361 MiB, 143771 MiB
2026/08/06 01:07:27.395, NVIDIA H200, 25, 0 %, 0 %, 74361 MiB, 143771 MiB
2026/08/06 01:07:30.395, NVIDIA H200, 30, 16 %, 8 %, 74361 MiB, 143771 MiB
2026/08/06 01:07:33.396, NVIDIA H200, 33, 77 %, 38 %, 74361 MiB, 143771 MiB
2026/08/06 01:07:36.396, NVIDIA H200, 25, 0 %, 0 %, 74361 MiB, 143771 MiB
2026/08/06 01:07:39.397, NVIDIA H200, 24, 0 %, 0 %, 74361 MiB, 143771 MiB
2026/08/06 01:07:42.398, NVIDIA H200, 43, 98 %, 46 %, 74361 MiB, 143771 MiB
2026/08/06 01:07:45.398, NVIDIA H200, 46, 100 %, 50 %, 74361 MiB, 143771 MiB
2026/08/06 01:07:48.398, NVIDIA H200, 45, 97 %, 57 %, 74361 MiB, 143771 MiB
2026/08/06 01:07:51.399, NVIDIA H200, 46, 100 %, 43 %, 74361 MiB, 143771 MiB
2026/08/06 01:07:54.399, NVIDIA H200, 46, 100 %, 31 %, 74361 MiB, 143771 MiB
2026/08/06 01:07:57.400, NVIDIA H200, 47, 100 %, 49 %, 74361 MiB, 143771 MiB
2026/08/06 01:08:00.400, NVIDIA H200, 44, 97 %, 49 %, 74361 MiB, 143771 MiB
2026/08/06 01:08:03.401, NVIDIA H200, 46, 100 %, 44 %, 74361 MiB, 143771 MiB
2026/08/06 01:08:06.401, NVIDIA H200, 45, 97 %, 27 %, 74361 MiB, 143771 MiB
2026/08/06 01:08:09.402, NVIDIA H200, 50, 100 %, 49 %, 74361 MiB, 143771 MiB
2026/08/06 01:08:12.402, NVIDIA H200, 48, 98 %, 34 %, 74361 MiB, 143771 MiB
2026/08/06 01:08:15.403, NVIDIA H200, 44, 98 %, 52 %, 74361 MiB, 143771 MiB
2026/08/06 01:08:18.403, NVIDIA H200, 46, 100 %, 47 %, 74361 MiB, 143771 MiB
2026/08/06 01:08:21.404, NVIDIA H200, 47, 97 %, 51 %, 74361 MiB, 143771 MiB
2026/08/06 01:08:24.404, NVIDIA H200, 46, 100 %, 40 %, 74361 MiB, 143771 MiB
2026/08/06 01:08:27.405, NVIDIA H200, 36, 100 %, 46 %, 74361 MiB, 143771 MiB
2026/08/06 01:08:30.405, NVIDIA H200, 47, 100 %, 49 %, 74361 MiB, 143771 MiB
2026/08/06 01:08:33.406, NVIDIA H200, 45, 100 %, 43 %, 74361 MiB, 143771 MiB
2026/08/06 01:08:36.406, NVIDIA H200, 47, 100 %, 46 %, 74361 MiB, 143771 MiB
2026/08/06 01:08:39.407, NVIDIA H200, 44, 96 %, 35 %, 74361 MiB, 143771 MiB
2026/08/06 01:08:42.407, NVIDIA H200, 48, 100 %, 44 %, 74361 MiB, 143771 MiB
2026/08/06 01:08:45.408, NVIDIA H200, 48, 100 %, 45 %, 74361 MiB, 143771 MiB
2026/08/06 01:08:48.408, NVIDIA H200, 49, 100 %, 39 %, 74361 MiB, 143771 MiB
2026/08/06 01:08:51.411, NVIDIA H200, 45, 100 %, 53 %, 74361 MiB, 143771 MiB
2026/08/06 01:08:54.411, NVIDIA H200, 49, 100 %, 42 %, 74361 MiB, 143771 MiB
2026/08/06 01:08:57.412, NVIDIA H200, 48, 98 %, 47 %, 74361 MiB, 143771 MiB
2026/08/06 01:09:00.413, NVIDIA H200, 45, 95 %, 52 %, 74361 MiB, 143771 MiB
2026/08/06 01:09:03.413, NVIDIA H200, 47, 100 %, 40 %, 74361 MiB, 143771 MiB
2026/08/06 01:09:06.414, NVIDIA H200, 50, 100 %, 31 %, 74361 MiB, 143771 MiB
2026/08/06 01:09:09.414, NVIDIA H200, 46, 100 %, 50 %, 74361 MiB, 143771 MiB
2026/08/06 01:09:12.415, NVIDIA H200, 32, 0 %, 0 %, 74361 MiB, 143771 MiB
2026/08/06 01:09:15.416, NVIDIA H200, 37, 0 %, 0 %, 74361 MiB, 143771 MiB
2026/08/06 01:09:18.416, NVIDIA H200, 36, 100 %, 38 %, 74361 MiB, 143771 MiB
2026/08/06 01:09:21.417, NVIDIA H200, 32, 66 %, 32 %, 74361 MiB, 143771 MiB
2026/08/06 01:09:24.417, NVIDIA H200, 25, 0 %, 0 %, 74361 MiB, 143771 MiB
2026/08/06 01:09:27.418, NVIDIA H200, 24, 0 %, 0 %, 74361 MiB, 143771 MiB
2026/08/06 01:09:30.419, NVIDIA H200, 24, 0 %, 0 %, 74365 MiB, 143771 MiB
2026/08/06 01:09:33.419, NVIDIA H200, 24, 0 %, 0 %, 74365 MiB, 143771 MiB
2026/08/06 01:09:36.420, NVIDIA H200, 23, 0 %, 0 %, 74365 MiB, 143771 MiB
2026/08/06 01:09:39.420, NVIDIA H200, 23, 0 %, 0 %, 74365 MiB, 143771 MiB
2026/08/06 01:09:42.421, NVIDIA H200, 23, 0 %, 0 %, 74365 MiB, 143771 MiB
2026/08/06 01:09:45.422, NVIDIA H200, 23, 0 %, 0 %, 74365 MiB, 143771 MiB
2026/08/06 01:09:48.422, NVIDIA H200, 23, 0 %, 0 %, 74365 MiB, 143771 MiB
2026/08/06 01:09:51.423, NVIDIA H200, 23, 0 %, 0 %, 74365 MiB, 143771 MiB
2026/08/06 01:09:54.423, NVIDIA H200, 23, 0 %, 0 %, 74365 MiB, 143771 MiB
2026/08/06 01:09:57.424, NVIDIA H200, 23, 0 %, 0 %, 74365 MiB, 143771 MiB
2026/08/06 01:10:00.424, NVIDIA H200, 23, 0 %, 0 %, 74365 MiB, 143771 MiB
2026/08/06 01:10:03.425, NVIDIA H200, 23, 0 %, 0 %, 74365 MiB, 143771 MiB
2026/08/06 01:10:06.426, NVIDIA H200, 23, 0 %, 0 %, 74365 MiB, 143771 MiB
2026/08/06 01:10:09.426, NVIDIA H200, 23, 0 %, 0 %, 74365 MiB, 143771 MiB
2026/08/06 01:10:12.427, NVIDIA H200, 23, 0 %, 0 %, 74365 MiB, 143771 MiB
2026/08/06 01:10:15.428, NVIDIA H200, 23, 0 %, 0 %, 74365 MiB, 143771 MiB
2026/08/06 01:10:18.428, NVIDIA H200, 23, 0 %, 0 %, 74365 MiB, 143771 MiB
2026/08/06 01:10:21.429, NVIDIA H200, 23, 0 %, 0 %, 74365 MiB, 143771 MiB
2026/08/06 01:10:24.429, NVIDIA H200, 23, 0 %, 0 %, 74365 MiB, 143771 MiB
2026/08/06 01:10:27.430, NVIDIA H200, 23, 0 %, 0 %, 74365 MiB, 143771 MiB
2026/08/06 01:10:30.430, NVIDIA H200, 23, 0 %, 0 %, 74365 MiB, 143771 MiB
2026/08/06 01:10:33.431, NVIDIA H200, 23, 0 %, 0 %, 74365 MiB, 143771 MiB
2026/08/06 01:10:36.432, NVIDIA H200, 23, 0 %, 0 %, 74365 MiB, 143771 MiB
2026/08/06 01:10:39.432, NVIDIA H200, 23, 0 %, 0 %, 74365 MiB, 143771 MiB
2026/08/06 01:10:42.433, NVIDIA H200, 23, 0 %, 0 %, 74365 MiB, 143771 MiB
2026/08/06 01:10:45.434, NVIDIA H200, 23, 0 %, 0 %, 74365 MiB, 143771 MiB
2026/08/06 01:10:48.434, NVIDIA H200, 23, 0 %, 0 %, 74365 MiB, 143771 MiB
2026/08/06 01:10:51.435, NVIDIA H200, 23, 0 %, 0 %, 74365 MiB, 143771 MiB
2026/08/06 01:10:54.435, NVIDIA H200, 22, 0 %, 0 %, 74365 MiB, 143771 MiB
2026/08/06 01:10:57.436, NVIDIA H200, 22, 0 %, 0 %, 74365 MiB, 143771 MiB
2026/08/06 01:11:00.437, NVIDIA H200, 22, 0 %, 0 %, 74365 MiB, 143771 MiB
2026/08/06 01:11:03.437, NVIDIA H200, 22, 0 %, 0 %, 74365 MiB, 143771 MiB
2026/08/06 01:11:06.438, NVIDIA H200, 22, 0 %, 0 %, 74365 MiB, 143771 MiB
2026/08/06 01:11:09.438, NVIDIA H200, 22, 0 %, 0 %, 74365 MiB, 143771 MiB
2026/08/06 01:11:12.439, NVIDIA H200, 22, 0 %, 0 %, 74365 MiB, 143771 MiB
2026/08/06 01:11:15.440, NVIDIA H200, 22, 0 %, 0 %, 74365 MiB, 143771 MiB
2026/08/06 01:11:18.440, NVIDIA H200, 22, 0 %, 0 %, 74365 MiB, 143771 MiB
2026/08/06 01:11:21.441, NVIDIA H200, 22, 0 %, 0 %, 74365 MiB, 143771 MiB
2026/08/06 01:11:24.442, NVIDIA H200, 22, 0 %, 0 %, 74365 MiB, 143771 MiB
2026/08/06 01:11:27.442, NVIDIA H200, 22, 0 %, 0 %, 74365 MiB, 143771 MiB
2026/08/06 01:11:30.443, NVIDIA H200, 22, 0 %, 0 %, 74365 MiB, 143771 MiB
2026/08/06 01:11:33.443, NVIDIA H200, 22, 0 %, 0 %, 74365 MiB, 143771 MiB
2026/08/06 01:11:36.444, NVIDIA H200, 22, 0 %, 0 %, 74365 MiB, 143771 MiB
2026/08/06 01:11:39.444, NVIDIA H200, 22, 0 %, 0 %, 74365 MiB, 143771 MiB
2026/08/06 01:11:42.445, NVIDIA H200, 22, 0 %, 0 %, 74365 MiB, 143771 MiB
2026/08/06 01:11:45.445, NVIDIA H200, 22, 0 %, 0 %, 74365 MiB, 143771 MiB
2026/08/06 01:11:48.446, NVIDIA H200, 22, 0 %, 0 %, 74365 MiB, 143771 MiB
2026/08/06 01:11:51.446, NVIDIA H200, 22, 0 %, 0 %, 74365 MiB, 143771 MiB
2026/08/06 01:11:54.447, NVIDIA H200, 22, 0 %, 0 %, 74365 MiB, 143771 MiB
2026/08/06 01:11:57.447, NVIDIA H200, 22, 0 %, 0 %, 74365 MiB, 143771 MiB
2026/08/06 01:12:00.448, NVIDIA H200, 22, 0 %, 0 %, 74365 MiB, 143771 MiB
2026/08/06 01:12:03.448, NVIDIA H200, 22, 0 %, 0 %, 74365 MiB, 143771 MiB
2026/08/06 01:12:06.449, NVIDIA H200, 22, 0 %, 0 %, 74365 MiB, 143771 MiB
2026/08/06 01:12:09.449, NVIDIA H200, 22, 0 %, 0 %, 74365 MiB, 143771 MiB
2026/08/06 01:12:12.450, NVIDIA H200, 22, 0 %, 0 %, 74365 MiB, 143771 MiB
2026/08/06 01:12:15.450, NVIDIA H200, 22, 0 %, 0 %, 74365 MiB, 143771 MiB
2026/08/06 01:12:18.451, NVIDIA H200, 22, 0 %, 0 %, 74365 MiB, 143771 MiB
2026/08/06 01:12:21.452, NVIDIA H200, 22, 0 %, 0 %, 74365 MiB, 143771 MiB
2026/08/06 01:12:24.452, NVIDIA H200, 22, 0 %, 0 %, 74365 MiB, 143771 MiB
2026/08/06 01:12:27.453, NVIDIA H200, 22, 0 %, 0 %, 74365 MiB, 143771 MiB
2026/08/06 01:12:30.453, NVIDIA H200, 22, 0 %, 0 %, 74365 MiB, 143771 MiB
2026/08/06 01:12:33.454, NVIDIA H200, 22, 0 %, 0 %, 74365 MiB, 143771 MiB
2026/08/06 01:12:36.455, NVIDIA H200, 22, 0 %, 0 %, 74365 MiB, 143771 MiB
2026/08/06 01:12:39.455, NVIDIA H200, 22, 0 %, 0 %, 74365 MiB, 143771 MiB
2026/08/06 01:12:42.456, NVIDIA H200, 22, 0 %, 0 %, 74365 MiB, 143771 MiB
2026/08/06 01:12:45.456, NVIDIA H200, 22, 0 %, 0 %, 74365 MiB, 143771 MiB
2026/08/06 01:12:48.457, NVIDIA H200, 22, 0 %, 0 %, 74365 MiB, 143771 MiB
2026/08/06 01:12:51.457, NVIDIA H200, 22, 0 %, 0 %, 74365 MiB, 143771 MiB
2026/08/06 01:12:54.458, NVIDIA H200, 22, 0 %, 0 %, 74365 MiB, 143771 MiB
2026/08/06 01:12:57.459, NVIDIA H200, 22, 0 %, 0 %, 74365 MiB, 143771 MiB
2026/08/06 01:13:00.461, NVIDIA H200, 22, 0 %, 0 %, 74365 MiB, 143771 MiB
2026/08/06 01:13:03.461, NVIDIA H200, 22, 0 %, 0 %, 74365 MiB, 143771 MiB
2026/08/06 01:13:06.462, NVIDIA H200, 22, 0 %, 0 %, 74365 MiB, 143771 MiB
2026/08/06 01:13:09.463, NVIDIA H200, 22, 0 %, 0 %, 74365 MiB, 143771 MiB
2026/08/06 01:13:12.463, NVIDIA H200, 22, 0 %, 0 %, 74365 MiB, 143771 MiB
2026/08/06 01:13:15.464, NVIDIA H200, 22, 0 %, 0 %, 74365 MiB, 143771 MiB
2026/08/06 01:13:18.464, NVIDIA H200, 22, 0 %, 0 %, 74365 MiB, 143771 MiB
2026/08/06 01:13:21.465, NVIDIA H200, 22, 0 %, 0 %, 74365 MiB, 143771 MiB
2026/08/06 01:13:24.465, NVIDIA H200, 22, 0 %, 0 %, 74365 MiB, 143771 MiB
2026/08/06 01:13:27.466, NVIDIA H200, 22, 0 %, 0 %, 74365 MiB, 143771 MiB
2026/08/06 01:13:30.467, NVIDIA H200, 22, 0 %, 0 %, 74365 MiB, 143771 MiB
2026/08/06 01:13:33.467, NVIDIA H200, 22, 0 %, 0 %, 74365 MiB, 143771 MiB
2026/08/06 01:13:36.468, NVIDIA H200, 22, 0 %, 0 %, 74365 MiB, 143771 MiB
2026/08/06 01:13:39.468, NVIDIA H200, 22, 0 %, 0 %, 74365 MiB, 143771 MiB
2026/08/06 01:13:42.469, NVIDIA H200, 22, 0 %, 0 %, 74365 MiB, 143771 MiB
2026/08/06 01:13:45.469, NVIDIA H200, 22, 0 %, 0 %, 74365 MiB, 143771 MiB
2026/08/06 01:13:48.470, NVIDIA H200, 22, 0 %, 0 %, 74365 MiB, 143771 MiB
2026/08/06 01:13:51.470, NVIDIA H200, 22, 0 %, 0 %, 74365 MiB, 143771 MiB
2026/08/06 01:13:54.471, NVIDIA H200, 22, 0 %, 0 %, 74365 MiB, 143771 MiB
2026/08/06 01:13:57.471, NVIDIA H200, 22, 0 %, 0 %, 74365 MiB, 143771 MiB
2026/08/06 01:14:00.472, NVIDIA H200, 22, 0 %, 0 %, 74365 MiB, 143771 MiB
2026/08/06 01:14:03.472, NVIDIA H200, 22, 0 %, 0 %, 74365 MiB, 143771 MiB
2026/08/06 01:14:06.473, NVIDIA H200, 22, 0 %, 0 %, 74365 MiB, 143771 MiB
2026/08/06 01:14:09.473, NVIDIA H200, 22, 0 %, 0 %, 74365 MiB, 143771 MiB
2026/08/06 01:14:12.474, NVIDIA H200, 22, 0 %, 0 %, 74365 MiB, 143771 MiB
2026/08/06 01:14:15.474, NVIDIA H200, 22, 0 %, 0 %, 74365 MiB, 143771 MiB
2026/08/06 01:14:18.475, NVIDIA H200, 22, 0 %, 0 %, 74365 MiB, 143771 MiB
2026/08/06 01:14:21.476, NVIDIA H200, 22, 0 %, 0 %, 74365 MiB, 143771 MiB
2026/08/06 01:14:24.476, NVIDIA H200, 22, 0 %, 0 %, 74365 MiB, 143771 MiB
2026/08/06 01:14:27.477, NVIDIA H200, 22, 0 %, 0 %, 74365 MiB, 143771 MiB
2026/08/06 01:14:30.477, NVIDIA H200, 22, 0 %, 0 %, 74365 MiB, 143771 MiB
2026/08/06 01:14:33.478, NVIDIA H200, 22, 0 %, 0 %, 74365 MiB, 143771 MiB
2026/08/06 01:14:36.478, NVIDIA H200, 22, 0 %, 0 %, 74365 MiB, 143771 MiB
2026/08/06 01:14:39.479, NVIDIA H200, 22, 0 %, 0 %, 74365 MiB, 143771 MiB
2026/08/06 01:14:42.479, NVIDIA H200, 22, 0 %, 0 %, 74365 MiB, 143771 MiB
2026/08/06 01:14:45.480, NVIDIA H200, 22, 0 %, 0 %, 74365 MiB, 143771 MiB
2026/08/06 01:14:48.480, NVIDIA H200, 22, 0 %, 0 %, 74365 MiB, 143771 MiB
2026/08/06 01:14:51.481, NVIDIA H200, 22, 0 %, 0 %, 74365 MiB, 143771 MiB
2026/08/06 01:14:54.481, NVIDIA H200, 22, 0 %, 0 %, 74365 MiB, 143771 MiB
2026/08/06 01:14:57.482, NVIDIA H200, 22, 0 %, 0 %, 74365 MiB, 143771 MiB
2026/08/06 01:15:00.483, NVIDIA H200, 22, 0 %, 0 %, 74365 MiB, 143771 MiB
2026/08/06 01:15:03.483, NVIDIA H200, 22, 0 %, 0 %, 74365 MiB, 143771 MiB
2026/08/06 01:15:06.484, NVIDIA H200, 22, 0 %, 0 %, 74365 MiB, 143771 MiB
2026/08/06 01:15:09.484, NVIDIA H200, 22, 0 %, 0 %, 74365 MiB, 143771 MiB
2026/08/06 01:15:12.485, NVIDIA H200, 22, 0 %, 0 %, 74365 MiB, 143771 MiB
2026/08/06 01:15:15.486, NVIDIA H200, 22, 0 %, 0 %, 74365 MiB, 143771 MiB
2026/08/06 01:15:18.486, NVIDIA H200, 22, 0 %, 0 %, 74365 MiB, 143771 MiB
2026/08/06 01:15:21.487, NVIDIA H200, 22, 0 %, 0 %, 74365 MiB, 143771 MiB
2026/08/06 01:15:24.487, NVIDIA H200, 22, 0 %, 0 %, 74365 MiB, 143771 MiB
2026/08/06 01:15:27.488, NVIDIA H200, 22, 0 %, 0 %, 74365 MiB, 143771 MiB
2026/08/06 01:15:30.488, NVIDIA H200, 22, 0 %, 0 %, 74365 MiB, 143771 MiB
2026/08/06 01:15:33.489, NVIDIA H200, 22, 0 %, 0 %, 74365 MiB, 143771 MiB
2026/08/06 01:15:36.490, NVIDIA H200, 22, 0 %, 0 %, 74365 MiB, 143771 MiB
2026/08/06 01:15:39.490, NVIDIA H200, 22, 0 %, 0 %, 74365 MiB, 143771 MiB
2026/08/06 01:15:42.491, NVIDIA H200, 22, 0 %, 0 %, 74365 MiB, 143771 MiB
2026/08/06 01:15:45.491, NVIDIA H200, 22, 0 %, 0 %, 74365 MiB, 143771 MiB
2026/08/06 01:15:48.492, NVIDIA H200, 22, 0 %, 0 %, 74365 MiB, 143771 MiB
2026/08/06 01:15:51.492, NVIDIA H200, 22, 0 %, 0 %, 74365 MiB, 143771 MiB
2026/08/06 01:15:54.493, NVIDIA H200, 22, 0 %, 0 %, 74365 MiB, 143771 MiB
2026/08/06 01:15:57.494, NVIDIA H200, 22, 0 %, 0 %, 74365 MiB, 143771 MiB
2026/08/06 01:16:00.495, NVIDIA H200, 22, 0 %, 0 %, 74365 MiB, 143771 MiB
2026/08/06 01:16:03.495, NVIDIA H200, 22, 0 %, 0 %, 74365 MiB, 143771 MiB
2026/08/06 01:16:06.496, NVIDIA H200, 22, 0 %, 0 %, 74365 MiB, 143771 MiB
2026/08/06 01:16:09.496, NVIDIA H200, 22, 0 %, 0 %, 74365 MiB, 143771 MiB
2026/08/06 01:16:12.497, NVIDIA H200, 22, 0 %, 0 %, 74365 MiB, 143771 MiB
2026/08/06 01:16:15.498, NVIDIA H200, 22, 0 %, 0 %, 74365 MiB, 143771 MiB
2026/08/06 01:16:18.499, NVIDIA H200, 44, 100 %, 41 %, 74365 MiB, 143771 MiB
2026/08/06 01:16:21.499, NVIDIA H200, 40, 100 %, 39 %, 74365 MiB, 143771 MiB
2026/08/06 01:16:24.500, NVIDIA H200, 42, 95 %, 49 %, 74365 MiB, 143771 MiB
2026/08/06 01:16:27.501, NVIDIA H200, 31, 0 %, 0 %, 74365 MiB, 143771 MiB
2026/08/06 01:16:30.501, NVIDIA H200, 45, 100 %, 48 %, 74365 MiB, 143771 MiB
2026/08/06 01:16:33.502, NVIDIA H200, 43, 98 %, 50 %, 74365 MiB, 143771 MiB
2026/08/06 01:16:36.502, NVIDIA H200, 45, 100 %, 43 %, 74365 MiB, 143771 MiB
2026/08/06 01:16:39.503, NVIDIA H200, 43, 99 %, 35 %, 74365 MiB, 143771 MiB
2026/08/06 01:16:42.503, NVIDIA H200, 45, 100 %, 38 %, 74365 MiB, 143771 MiB
2026/08/06 01:16:45.504, NVIDIA H200, 43, 100 %, 42 %, 74365 MiB, 143771 MiB
2026/08/06 01:16:48.504, NVIDIA H200, 41, 100 %, 49 %, 74365 MiB, 143771 MiB
2026/08/06 01:16:51.505, NVIDIA H200, 47, 100 %, 44 %, 74365 MiB, 143771 MiB
2026/08/06 01:16:54.506, NVIDIA H200, 45, 97 %, 55 %, 74365 MiB, 143771 MiB
2026/08/06 01:16:57.506, NVIDIA H200, 47, 100 %, 37 %, 74365 MiB, 143771 MiB
2026/08/06 01:17:00.507, NVIDIA H200, 45, 100 %, 41 %, 74365 MiB, 143771 MiB
2026/08/06 01:17:03.507, NVIDIA H200, 45, 100 %, 55 %, 74365 MiB, 143771 MiB
2026/08/06 01:17:06.508, NVIDIA H200, 45, 100 %, 44 %, 74365 MiB, 143771 MiB
2026/08/06 01:17:09.508, NVIDIA H200, 44, 9 %, 0 %, 74365 MiB, 143771 MiB
2026/08/06 01:17:12.509, NVIDIA H200, 44, 96 %, 57 %, 74365 MiB, 143771 MiB
2026/08/06 01:17:15.509, NVIDIA H200, 45, 100 %, 31 %, 74365 MiB, 143771 MiB
2026/08/06 01:17:18.510, NVIDIA H200, 42, 100 %, 46 %, 74365 MiB, 143771 MiB
2026/08/06 01:17:21.510, NVIDIA H200, 48, 100 %, 38 %, 74365 MiB, 143771 MiB
2026/08/06 01:17:24.511, NVIDIA H200, 32, 11 %, 10 %, 74365 MiB, 143771 MiB
2026/08/06 01:17:27.511, NVIDIA H200, 43, 96 %, 32 %, 74365 MiB, 143771 MiB
2026/08/06 01:17:30.513, NVIDIA H200, 47, 100 %, 35 %, 74365 MiB, 143771 MiB
2026/08/06 01:17:33.514, NVIDIA H200, 45, 100 %, 40 %, 74365 MiB, 143771 MiB
2026/08/06 01:17:36.514, NVIDIA H200, 39, 100 %, 42 %, 74365 MiB, 143771 MiB
2026/08/06 01:17:39.514, NVIDIA H200, 38, 100 %, 45 %, 74365 MiB, 143771 MiB
2026/08/06 01:17:42.515, NVIDIA H200, 46, 100 %, 45 %, 74365 MiB, 143771 MiB
2026/08/06 01:17:45.515, NVIDIA H200, 46, 100 %, 48 %, 74365 MiB, 143771 MiB
2026/08/06 01:17:48.516, NVIDIA H200, 47, 97 %, 52 %, 74365 MiB, 143771 MiB
2026/08/06 01:17:51.516, NVIDIA H200, 44, 100 %, 23 %, 13165 MiB, 143771 MiB
2026/08/06 01:17:54.517, NVIDIA H200, 38, 86 %, 33 %, 49435 MiB, 143771 MiB
2026/08/06 01:17:57.518, NVIDIA H200, 36, 100 %, 2 %, 54843 MiB, 143771 MiB
2026/08/06 01:18:00.518, NVIDIA H200, 39, 100 %, 14 %, 56661 MiB, 143771 MiB
2026/08/06 01:18:03.519, NVIDIA H200, 39, 100 %, 8 %, 40435 MiB, 143771 MiB
2026/08/06 01:18:06.520, NVIDIA H200, 40, 86 %, 24 %, 32795 MiB, 143771 MiB
2026/08/06 01:18:09.520, NVIDIA H200, 37, 100 %, 9 %, 21727 MiB, 143771 MiB
2026/08/06 01:18:12.521, NVIDIA H200, 28, 100 %, 0 %, 28933 MiB, 143771 MiB
2026/08/06 01:18:15.521, NVIDIA H200, 24, 0 %, 0 %, 17531 MiB, 143771 MiB
2026/08/06 01:18:18.522, NVIDIA H200, 23, 0 %, 0 %, 17531 MiB, 143771 MiB
2026/08/06 01:18:21.522, NVIDIA H200, 27, 0 %, 0 %, 32235 MiB, 143771 MiB
2026/08/06 01:18:24.523, NVIDIA H200, 24, 0 %, 0 %, 32235 MiB, 143771 MiB
2026/08/06 01:18:27.524, NVIDIA H200, 38, 92 %, 18 %, 6305 MiB, 143771 MiB
2026/08/06 01:18:30.524, NVIDIA H200, 26, 0 %, 0 %, 8873 MiB, 143771 MiB
2026/08/06 01:18:33.525, NVIDIA H200, 23, 0 %, 0 %, 8873 MiB, 143771 MiB
2026/08/06 01:18:36.525, NVIDIA H200, 23, 0 %, 0 %, 8873 MiB, 143771 MiB
2026/08/06 01:18:39.526, NVIDIA H200, 43, 98 %, 44 %, 74385 MiB, 143771 MiB
2026/08/06 01:18:42.526, NVIDIA H200, 43, 97 %, 33 %, 74385 MiB, 143771 MiB
2026/08/06 01:18:45.529, NVIDIA H200, 45, 100 %, 40 %, 74385 MiB, 143771 MiB
2026/08/06 01:18:48.529, NVIDIA H200, 44, 100 %, 48 %, 74385 MiB, 143771 MiB
2026/08/06 01:18:51.530, NVIDIA H200, 47, 100 %, 38 %, 74385 MiB, 143771 MiB
2026/08/06 01:18:54.531, NVIDIA H200, 46, 97 %, 53 %, 74385 MiB, 143771 MiB
2026/08/06 01:18:57.531, NVIDIA H200, 48, 100 %, 38 %, 74385 MiB, 143771 MiB
2026/08/06 01:19:00.532, NVIDIA H200, 46, 97 %, 39 %, 74385 MiB, 143771 MiB
2026/08/06 01:19:03.533, NVIDIA H200, 49, 100 %, 33 %, 74385 MiB, 143771 MiB
2026/08/06 01:19:06.533, NVIDIA H200, 45, 100 %, 54 %, 74385 MiB, 143771 MiB
2026/08/06 01:19:09.534, NVIDIA H200, 43, 100 %, 44 %, 74385 MiB, 143771 MiB
2026/08/06 01:19:12.535, NVIDIA H200, 46, 100 %, 52 %, 74385 MiB, 143771 MiB
2026/08/06 01:19:15.535, NVIDIA H200, 46, 100 %, 40 %, 74385 MiB, 143771 MiB
2026/08/06 01:19:18.536, NVIDIA H200, 46, 97 %, 45 %, 74385 MiB, 143771 MiB
2026/08/06 01:19:21.537, NVIDIA H200, 45, 98 %, 38 %, 74385 MiB, 143771 MiB
2026/08/06 01:19:24.537, NVIDIA H200, 48, 100 %, 30 %, 74385 MiB, 143771 MiB
2026/08/06 01:19:27.538, NVIDIA H200, 46, 100 %, 42 %, 74385 MiB, 143771 MiB
2026/08/06 01:19:30.539, NVIDIA H200, 40, 100 %, 43 %, 74385 MiB, 143771 MiB
2026/08/06 01:19:33.539, NVIDIA H200, 46, 99 %, 46 %, 74385 MiB, 143771 MiB
2026/08/06 01:19:36.540, NVIDIA H200, 46, 100 %, 45 %, 74385 MiB, 143771 MiB
2026/08/06 01:19:39.540, NVIDIA H200, 42, 96 %, 32 %, 74385 MiB, 143771 MiB
2026/08/06 01:19:42.541, NVIDIA H200, 44, 100 %, 52 %, 74385 MiB, 143771 MiB
2026/08/06 01:19:45.541, NVIDIA H200, 46, 100 %, 40 %, 74385 MiB, 143771 MiB
2026/08/06 01:19:48.542, NVIDIA H200, 44, 100 %, 49 %, 74385 MiB, 143771 MiB
2026/08/06 01:19:51.543, NVIDIA H200, 41, 100 %, 43 %, 74385 MiB, 143771 MiB
2026/08/06 01:19:54.543, NVIDIA H200, 47, 99 %, 52 %, 74385 MiB, 143771 MiB
2026/08/06 01:19:57.544, NVIDIA H200, 47, 97 %, 39 %, 74385 MiB, 143771 MiB
2026/08/06 01:20:00.544, NVIDIA H200, 46, 100 %, 44 %, 74385 MiB, 143771 MiB
2026/08/06 01:20:03.545, NVIDIA H200, 47, 100 %, 39 %, 74385 MiB, 143771 MiB
2026/08/06 01:20:06.546, NVIDIA H200, 45, 97 %, 53 %, 74385 MiB, 143771 MiB
2026/08/06 01:20:09.546, NVIDIA H200, 29, 0 %, 0 %, 74385 MiB, 143771 MiB
2026/08/06 01:20:12.547, NVIDIA H200, 25, 0 %, 0 %, 74385 MiB, 143771 MiB
2026/08/06 01:20:15.548, NVIDIA H200, 39, 99 %, 32 %, 74385 MiB, 143771 MiB
2026/08/06 01:20:18.548, NVIDIA H200, 25, 0 %, 0 %, 74385 MiB, 143771 MiB
2026/08/06 01:20:21.548, NVIDIA H200, 25, 0 %, 0 %, 74385 MiB, 143771 MiB
2026/08/06 01:20:24.549, NVIDIA H200, 28, 0 %, 0 %, 74385 MiB, 143771 MiB
2026/08/06 01:20:27.549, NVIDIA H200, 36, 5 %, 5 %, 74385 MiB, 143771 MiB
2026/08/06 01:20:30.550, NVIDIA H200, 37, 97 %, 49 %, 74385 MiB, 143771 MiB
2026/08/06 01:20:33.551, NVIDIA H200, 47, 100 %, 48 %, 74385 MiB, 143771 MiB
2026/08/06 01:20:36.551, NVIDIA H200, 42, 100 %, 46 %, 74385 MiB, 143771 MiB
2026/08/06 01:20:39.552, NVIDIA H200, 48, 100 %, 39 %, 74385 MiB, 143771 MiB
2026/08/06 01:20:42.553, NVIDIA H200, 45, 97 %, 50 %, 74385 MiB, 143771 MiB
2026/08/06 01:20:45.553, NVIDIA H200, 46, 100 %, 41 %, 74385 MiB, 143771 MiB
2026/08/06 01:20:48.554, NVIDIA H200, 46, 80 %, 27 %, 74385 MiB, 143771 MiB
2026/08/06 01:20:51.554, NVIDIA H200, 45, 97 %, 35 %, 74385 MiB, 143771 MiB
2026/08/06 01:20:54.555, NVIDIA H200, 43, 50 %, 29 %, 74385 MiB, 143771 MiB
2026/08/06 01:20:57.555, NVIDIA H200, 48, 100 %, 50 %, 74385 MiB, 143771 MiB
2026/08/06 01:21:00.556, NVIDIA H200, 46, 79 %, 26 %, 74385 MiB, 143771 MiB
2026/08/06 01:21:03.557, NVIDIA H200, 40, 42 %, 6 %, 74385 MiB, 143771 MiB
2026/08/06 01:21:06.557, NVIDIA H200, 45, 98 %, 43 %, 74385 MiB, 143771 MiB
2026/08/06 01:21:09.558, NVIDIA H200, 48, 100 %, 41 %, 74385 MiB, 143771 MiB
2026/08/06 01:21:12.558, NVIDIA H200, 36, 100 %, 37 %, 74385 MiB, 143771 MiB
2026/08/06 01:21:15.559, NVIDIA H200, 40, 98 %, 35 %, 74385 MiB, 143771 MiB
2026/08/06 01:21:18.559, NVIDIA H200, 37, 7 %, 6 %, 74385 MiB, 143771 MiB
2026/08/06 01:21:21.560, NVIDIA H200, 46, 100 %, 50 %, 74385 MiB, 143771 MiB
2026/08/06 01:21:24.561, NVIDIA H200, 46, 97 %, 56 %, 74385 MiB, 143771 MiB
2026/08/06 01:21:27.561, NVIDIA H200, 49, 100 %, 43 %, 74385 MiB, 143771 MiB
2026/08/06 01:21:30.564, NVIDIA H200, 46, 100 %, 41 %, 74385 MiB, 143771 MiB
2026/08/06 01:21:33.565, NVIDIA H200, 45, 65 %, 26 %, 74385 MiB, 143771 MiB
2026/08/06 01:21:36.565, NVIDIA H200, 45, 100 %, 55 %, 74385 MiB, 143771 MiB
2026/08/06 01:21:39.566, NVIDIA H200, 47, 64 %, 35 %, 74385 MiB, 143771 MiB
2026/08/06 01:21:42.566, NVIDIA H200, 42, 100 %, 49 %, 74385 MiB, 143771 MiB
2026/08/06 01:21:45.567, NVIDIA H200, 48, 100 %, 38 %, 74385 MiB, 143771 MiB
2026/08/06 01:21:48.568, NVIDIA H200, 47, 100 %, 55 %, 74385 MiB, 143771 MiB
2026/08/06 01:21:51.568, NVIDIA H200, 44, 98 %, 46 %, 74385 MiB, 143771 MiB
2026/08/06 01:21:54.569, NVIDIA H200, 48, 99 %, 40 %, 74385 MiB, 143771 MiB
2026/08/06 01:21:57.570, NVIDIA H200, 48, 100 %, 46 %, 74385 MiB, 143771 MiB
2026/08/06 01:22:00.574, NVIDIA H200, 26, 0 %, 0 %, 74385 MiB, 143771 MiB
2026/08/06 01:22:03.574, NVIDIA H200, 24, 0 %, 0 %, 74385 MiB, 143771 MiB
2026/08/06 01:22:06.575, NVIDIA H200, 26, 0 %, 0 %, 74385 MiB, 143771 MiB
2026/08/06 01:22:09.575, NVIDIA H200, 26, 0 %, 0 %, 74385 MiB, 143771 MiB
2026/08/06 01:22:12.576, NVIDIA H200, 24, 0 %, 0 %, 74385 MiB, 143771 MiB
2026/08/06 01:22:15.577, NVIDIA H200, 24, 0 %, 0 %, 74385 MiB, 143771 MiB
2026/08/06 01:22:18.577, NVIDIA H200, 41, 99 %, 50 %, 74385 MiB, 143771 MiB
2026/08/06 01:22:21.578, NVIDIA H200, 47, 100 %, 43 %, 74385 MiB, 143771 MiB
2026/08/06 01:22:24.578, NVIDIA H200, 47, 98 %, 32 %, 74385 MiB, 143771 MiB
2026/08/06 01:22:27.579, NVIDIA H200, 44, 78 %, 39 %, 74385 MiB, 143771 MiB
2026/08/06 01:22:30.581, NVIDIA H200, 46, 100 %, 41 %, 74385 MiB, 143771 MiB
2026/08/06 01:22:33.582, NVIDIA H200, 46, 100 %, 44 %, 74385 MiB, 143771 MiB
2026/08/06 01:22:36.583, NVIDIA H200, 47, 100 %, 45 %, 74385 MiB, 143771 MiB
2026/08/06 01:22:39.583, NVIDIA H200, 45, 100 %, 42 %, 74385 MiB, 143771 MiB
2026/08/06 01:22:42.584, NVIDIA H200, 47, 100 %, 40 %, 74385 MiB, 143771 MiB
2026/08/06 01:22:45.584, NVIDIA H200, 45, 99 %, 52 %, 74385 MiB, 143771 MiB
2026/08/06 01:22:48.585, NVIDIA H200, 46, 100 %, 46 %, 74385 MiB, 143771 MiB
2026/08/06 01:22:51.585, NVIDIA H200, 43, 51 %, 30 %, 74385 MiB, 143771 MiB
2026/08/06 01:22:54.586, NVIDIA H200, 43, 76 %, 36 %, 74385 MiB, 143771 MiB
2026/08/06 01:22:57.587, NVIDIA H200, 46, 100 %, 41 %, 74385 MiB, 143771 MiB
2026/08/06 01:23:00.587, NVIDIA H200, 47, 98 %, 49 %, 74385 MiB, 143771 MiB
2026/08/06 01:23:03.588, NVIDIA H200, 47, 100 %, 44 %, 74385 MiB, 143771 MiB
2026/08/06 01:23:06.588, NVIDIA H200, 43, 100 %, 49 %, 74385 MiB, 143771 MiB
2026/08/06 01:23:09.589, NVIDIA H200, 44, 100 %, 49 %, 74385 MiB, 143771 MiB
2026/08/06 01:23:12.589, NVIDIA H200, 47, 100 %, 46 %, 74385 MiB, 143771 MiB
2026/08/06 01:23:15.590, NVIDIA H200, 39, 81 %, 42 %, 74385 MiB, 143771 MiB
2026/08/06 01:23:18.591, NVIDIA H200, 44, 100 %, 49 %, 74385 MiB, 143771 MiB
2026/08/06 01:23:21.592, NVIDIA H200, 35, 0 %, 0 %, 74385 MiB, 143771 MiB
2026/08/06 01:23:24.592, NVIDIA H200, 46, 100 %, 39 %, 74385 MiB, 143771 MiB
2026/08/06 01:23:27.593, NVIDIA H200, 45, 100 %, 41 %, 74385 MiB, 143771 MiB
2026/08/06 01:23:30.596, NVIDIA H200, 46, 100 %, 51 %, 74385 MiB, 143771 MiB
2026/08/06 01:23:33.596, NVIDIA H200, 43, 100 %, 53 %, 74385 MiB, 143771 MiB
2026/08/06 01:23:36.597, NVIDIA H200, 43, 90 %, 47 %, 74385 MiB, 143771 MiB
2026/08/06 01:23:39.597, NVIDIA H200, 43, 100 %, 40 %, 74385 MiB, 143771 MiB
2026/08/06 01:23:42.598, NVIDIA H200, 48, 100 %, 39 %, 74385 MiB, 143771 MiB
2026/08/06 01:23:45.599, NVIDIA H200, 47, 97 %, 53 %, 74385 MiB, 143771 MiB
2026/08/06 01:23:48.599, NVIDIA H200, 48, 99 %, 42 %, 74385 MiB, 143771 MiB
2026/08/06 01:23:51.600, NVIDIA H200, 26, 0 %, 0 %, 74385 MiB, 143771 MiB
2026/08/06 01:23:54.600, NVIDIA H200, 24, 0 %, 0 %, 74385 MiB, 143771 MiB
2026/08/06 01:23:57.601, NVIDIA H200, 31, 0 %, 0 %, 74385 MiB, 143771 MiB
2026/08/06 01:24:00.602, NVIDIA H200, 32, 0 %, 0 %, 74385 MiB, 143771 MiB
2026/08/06 01:24:03.602, NVIDIA H200, 24, 0 %, 0 %, 74385 MiB, 143771 MiB
2026/08/06 01:24:06.603, NVIDIA H200, 24, 0 %, 0 %, 74385 MiB, 143771 MiB
2026/08/06 01:24:09.603, NVIDIA H200, 38, 25 %, 12 %, 74385 MiB, 143771 MiB
2026/08/06 01:24:12.604, NVIDIA H200, 46, 100 %, 39 %, 74385 MiB, 143771 MiB
2026/08/06 01:24:15.604, NVIDIA H200, 46, 100 %, 46 %, 74385 MiB, 143771 MiB
2026/08/06 01:24:18.605, NVIDIA H200, 46, 100 %, 46 %, 74385 MiB, 143771 MiB
2026/08/06 01:24:21.606, NVIDIA H200, 44, 94 %, 50 %, 74385 MiB, 143771 MiB
2026/08/06 01:24:24.606, NVIDIA H200, 47, 100 %, 50 %, 74385 MiB, 143771 MiB
2026/08/06 01:24:27.607, NVIDIA H200, 45, 95 %, 53 %, 74385 MiB, 143771 MiB
2026/08/06 01:24:30.607, NVIDIA H200, 48, 97 %, 33 %, 74385 MiB, 143771 MiB
2026/08/06 01:24:33.608, NVIDIA H200, 44, 100 %, 30 %, 74385 MiB, 143771 MiB
2026/08/06 01:24:36.609, NVIDIA H200, 46, 100 %, 46 %, 74385 MiB, 143771 MiB
2026/08/06 01:24:39.609, NVIDIA H200, 47, 99 %, 44 %, 74385 MiB, 143771 MiB
2026/08/06 01:24:42.610, NVIDIA H200, 49, 100 %, 48 %, 74385 MiB, 143771 MiB
2026/08/06 01:24:45.610, NVIDIA H200, 46, 100 %, 39 %, 74385 MiB, 143771 MiB
2026/08/06 01:24:48.611, NVIDIA H200, 46, 100 %, 50 %, 74385 MiB, 143771 MiB
2026/08/06 01:24:51.611, NVIDIA H200, 44, 44 %, 26 %, 74385 MiB, 143771 MiB
2026/08/06 01:24:54.612, NVIDIA H200, 49, 100 %, 42 %, 74385 MiB, 143771 MiB
2026/08/06 01:24:57.613, NVIDIA H200, 40, 97 %, 33 %, 74385 MiB, 143771 MiB
2026/08/06 01:25:00.613, NVIDIA H200, 44, 97 %, 52 %, 74385 MiB, 143771 MiB
2026/08/06 01:25:03.614, NVIDIA H200, 47, 100 %, 46 %, 74385 MiB, 143771 MiB
2026/08/06 01:25:06.614, NVIDIA H200, 47, 100 %, 37 %, 74385 MiB, 143771 MiB
2026/08/06 01:25:09.615, NVIDIA H200, 41, 97 %, 35 %, 74385 MiB, 143771 MiB
2026/08/06 01:25:12.615, NVIDIA H200, 45, 97 %, 49 %, 74385 MiB, 143771 MiB
2026/08/06 01:25:15.616, NVIDIA H200, 44, 100 %, 40 %, 74385 MiB, 143771 MiB
2026/08/06 01:25:18.617, NVIDIA H200, 46, 100 %, 40 %, 74385 MiB, 143771 MiB
2026/08/06 01:25:21.617, NVIDIA H200, 44, 97 %, 36 %, 74385 MiB, 143771 MiB
2026/08/06 01:25:24.618, NVIDIA H200, 46, 100 %, 41 %, 74385 MiB, 143771 MiB
2026/08/06 01:25:27.618, NVIDIA H200, 48, 99 %, 53 %, 74385 MiB, 143771 MiB
2026/08/06 01:25:30.619, NVIDIA H200, 47, 100 %, 41 %, 74385 MiB, 143771 MiB
2026/08/06 01:25:33.619, NVIDIA H200, 46, 100 %, 34 %, 74385 MiB, 143771 MiB
2026/08/06 01:25:36.620, NVIDIA H200, 46, 100 %, 54 %, 74385 MiB, 143771 MiB
2026/08/06 01:25:39.621, NVIDIA H200, 27, 0 %, 0 %, 74385 MiB, 143771 MiB
2026/08/06 01:25:42.621, NVIDIA H200, 25, 0 %, 0 %, 74385 MiB, 143771 MiB
2026/08/06 01:25:45.622, NVIDIA H200, 34, 100 %, 43 %, 74385 MiB, 143771 MiB
2026/08/06 01:25:48.622, NVIDIA H200, 32, 9 %, 2 %, 74385 MiB, 143771 MiB
2026/08/06 01:25:51.622, NVIDIA H200, 25, 0 %, 0 %, 74385 MiB, 143771 MiB
2026/08/06 01:25:54.623, NVIDIA H200, 24, 0 %, 0 %, 74385 MiB, 143771 MiB
2026/08/06 01:25:57.623, NVIDIA H200, 23, 0 %, 0 %, 74385 MiB, 143771 MiB
2026/08/06 01:26:00.624, NVIDIA H200, 23, 0 %, 0 %, 74385 MiB, 143771 MiB
2026/08/06 01:26:03.625, NVIDIA H200, 23, 0 %, 0 %, 74385 MiB, 143771 MiB
2026/08/06 01:26:06.625, NVIDIA H200, 35, 19 %, 9 %, 74385 MiB, 143771 MiB
2026/08/06 01:26:09.626, NVIDIA H200, 45, 100 %, 44 %, 74385 MiB, 143771 MiB
2026/08/06 01:26:12.626, NVIDIA H200, 46, 100 %, 44 %, 74385 MiB, 143771 MiB
2026/08/06 01:26:15.627, NVIDIA H200, 41, 99 %, 32 %, 74385 MiB, 143771 MiB
2026/08/06 01:26:18.628, NVIDIA H200, 47, 100 %, 46 %, 74385 MiB, 143771 MiB
2026/08/06 01:26:21.628, NVIDIA H200, 44, 99 %, 44 %, 74385 MiB, 143771 MiB
2026/08/06 01:26:24.629, NVIDIA H200, 45, 100 %, 31 %, 74385 MiB, 143771 MiB
2026/08/06 01:26:27.629, NVIDIA H200, 47, 97 %, 32 %, 74385 MiB, 143771 MiB
2026/08/06 01:26:30.630, NVIDIA H200, 49, 100 %, 39 %, 74385 MiB, 143771 MiB
2026/08/06 01:26:33.631, NVIDIA H200, 36, 40 %, 18 %, 74385 MiB, 143771 MiB
2026/08/06 01:26:36.631, NVIDIA H200, 47, 100 %, 40 %, 74385 MiB, 143771 MiB
2026/08/06 01:26:39.632, NVIDIA H200, 45, 100 %, 44 %, 74385 MiB, 143771 MiB
2026/08/06 01:26:42.633, NVIDIA H200, 46, 100 %, 43 %, 74385 MiB, 143771 MiB
2026/08/06 01:26:45.633, NVIDIA H200, 46, 97 %, 49 %, 74385 MiB, 143771 MiB
2026/08/06 01:26:48.634, NVIDIA H200, 46, 100 %, 39 %, 74385 MiB, 143771 MiB
2026/08/06 01:26:51.634, NVIDIA H200, 46, 100 %, 47 %, 74385 MiB, 143771 MiB
2026/08/06 01:26:54.635, NVIDIA H200, 43, 97 %, 37 %, 74385 MiB, 143771 MiB
2026/08/06 01:26:57.636, NVIDIA H200, 50, 100 %, 45 %, 74385 MiB, 143771 MiB
2026/08/06 01:27:00.637, NVIDIA H200, 45, 100 %, 50 %, 74385 MiB, 143771 MiB
2026/08/06 01:27:03.637, NVIDIA H200, 42, 26 %, 13 %, 74385 MiB, 143771 MiB
2026/08/06 01:27:06.638, NVIDIA H200, 44, 100 %, 54 %, 74385 MiB, 143771 MiB
2026/08/06 01:27:09.638, NVIDIA H200, 49, 100 %, 50 %, 74385 MiB, 143771 MiB
2026/08/06 01:27:12.639, NVIDIA H200, 47, 100 %, 52 %, 74385 MiB, 143771 MiB
2026/08/06 01:27:15.639, NVIDIA H200, 49, 100 %, 45 %, 74385 MiB, 143771 MiB
2026/08/06 01:27:18.640, NVIDIA H200, 46, 97 %, 47 %, 74385 MiB, 143771 MiB
2026/08/06 01:27:21.641, NVIDIA H200, 47, 100 %, 47 %, 74385 MiB, 143771 MiB
2026/08/06 01:27:24.641, NVIDIA H200, 45, 97 %, 49 %, 74385 MiB, 143771 MiB
2026/08/06 01:27:27.642, NVIDIA H200, 47, 100 %, 46 %, 74385 MiB, 143771 MiB
2026/08/06 01:27:30.642, NVIDIA H200, 47, 100 %, 40 %, 74385 MiB, 143771 MiB
2026/08/06 01:27:33.643, NVIDIA H200, 47, 100 %, 45 %, 74385 MiB, 143771 MiB
2026/08/06 01:27:36.644, NVIDIA H200, 26, 0 %, 0 %, 74385 MiB, 143771 MiB
2026/08/06 01:27:39.644, NVIDIA H200, 27, 0 %, 0 %, 74385 MiB, 143771 MiB
2026/08/06 01:27:42.645, NVIDIA H200, 29, 0 %, 0 %, 74385 MiB, 143771 MiB
2026/08/06 01:27:45.646, NVIDIA H200, 39, 99 %, 51 %, 74385 MiB, 143771 MiB
2026/08/06 01:27:48.646, NVIDIA H200, 24, 0 %, 0 %, 74385 MiB, 143771 MiB
2026/08/06 01:27:51.647, NVIDIA H200, 25, 0 %, 0 %, 74385 MiB, 143771 MiB
2026/08/06 01:27:54.648, NVIDIA H200, 41, 96 %, 55 %, 74385 MiB, 143771 MiB
2026/08/06 01:27:57.649, NVIDIA H200, 46, 100 %, 37 %, 74385 MiB, 143771 MiB
2026/08/06 01:28:00.649, NVIDIA H200, 46, 98 %, 32 %, 74385 MiB, 143771 MiB
2026/08/06 01:28:03.650, NVIDIA H200, 46, 97 %, 33 %, 74385 MiB, 143771 MiB
2026/08/06 01:28:06.650, NVIDIA H200, 36, 0 %, 0 %, 74385 MiB, 143771 MiB
2026/08/06 01:28:09.651, NVIDIA H200, 41, 41 %, 24 %, 74385 MiB, 143771 MiB
2026/08/06 01:28:12.651, NVIDIA H200, 45, 100 %, 44 %, 74385 MiB, 143771 MiB
2026/08/06 01:28:15.652, NVIDIA H200, 46, 100 %, 44 %, 74385 MiB, 143771 MiB
2026/08/06 01:28:18.652, NVIDIA H200, 34, 0 %, 0 %, 74385 MiB, 143771 MiB
2026/08/06 01:28:21.653, NVIDIA H200, 45, 100 %, 50 %, 74385 MiB, 143771 MiB
2026/08/06 01:28:24.653, NVIDIA H200, 44, 92 %, 46 %, 74385 MiB, 143771 MiB
2026/08/06 01:28:27.654, NVIDIA H200, 44, 95 %, 37 %, 74385 MiB, 143771 MiB
2026/08/06 01:28:30.654, NVIDIA H200, 47, 100 %, 37 %, 74385 MiB, 143771 MiB
2026/08/06 01:28:33.655, NVIDIA H200, 44, 100 %, 50 %, 74385 MiB, 143771 MiB
2026/08/06 01:28:36.655, NVIDIA H200, 46, 100 %, 45 %, 74385 MiB, 143771 MiB
2026/08/06 01:28:39.656, NVIDIA H200, 45, 61 %, 16 %, 74385 MiB, 143771 MiB
2026/08/06 01:28:42.656, NVIDIA H200, 45, 100 %, 36 %, 74385 MiB, 143771 MiB
2026/08/06 01:28:45.657, NVIDIA H200, 43, 99 %, 53 %, 74385 MiB, 143771 MiB
2026/08/06 01:28:48.657, NVIDIA H200, 46, 100 %, 37 %, 74385 MiB, 143771 MiB
2026/08/06 01:28:51.657, NVIDIA H200, 46, 100 %, 47 %, 74385 MiB, 143771 MiB
2026/08/06 01:28:54.658, NVIDIA H200, 47, 100 %, 44 %, 74385 MiB, 143771 MiB
2026/08/06 01:28:57.659, NVIDIA H200, 36, 24 %, 15 %, 74385 MiB, 143771 MiB
2026/08/06 01:29:00.659, NVIDIA H200, 46, 100 %, 36 %, 74385 MiB, 143771 MiB
2026/08/06 01:29:03.660, NVIDIA H200, 45, 100 %, 30 %, 74385 MiB, 143771 MiB
2026/08/06 01:29:06.660, NVIDIA H200, 47, 100 %, 40 %, 74385 MiB, 143771 MiB
2026/08/06 01:29:09.661, NVIDIA H200, 46, 100 %, 49 %, 74385 MiB, 143771 MiB
2026/08/06 01:29:12.662, NVIDIA H200, 46, 96 %, 38 %, 74385 MiB, 143771 MiB
2026/08/06 01:29:15.662, NVIDIA H200, 45, 100 %, 40 %, 74385 MiB, 143771 MiB
2026/08/06 01:29:18.663, NVIDIA H200, 34, 0 %, 0 %, 74385 MiB, 143771 MiB
2026/08/06 01:29:21.663, NVIDIA H200, 46, 100 %, 47 %, 74385 MiB, 143771 MiB
2026/08/06 01:29:24.664, NVIDIA H200, 48, 100 %, 41 %, 74385 MiB, 143771 MiB
2026/08/06 01:29:27.664, NVIDIA H200, 27, 0 %, 0 %, 74385 MiB, 143771 MiB
2026/08/06 01:29:30.665, NVIDIA H200, 24, 0 %, 0 %, 74385 MiB, 143771 MiB
2026/08/06 01:29:33.665, NVIDIA H200, 37, 100 %, 50 %, 74385 MiB, 143771 MiB
2026/08/06 01:29:36.666, NVIDIA H200, 37, 99 %, 43 %, 74385 MiB, 143771 MiB
2026/08/06 01:29:39.666, NVIDIA H200, 24, 0 %, 0 %, 74385 MiB, 143771 MiB
2026/08/06 01:29:42.667, NVIDIA H200, 27, 0 %, 0 %, 74385 MiB, 143771 MiB
2026/08/06 01:29:45.668, NVIDIA H200, 41, 100 %, 42 %, 74385 MiB, 143771 MiB
2026/08/06 01:29:48.668, NVIDIA H200, 45, 100 %, 43 %, 74385 MiB, 143771 MiB
2026/08/06 01:29:51.669, NVIDIA H200, 44, 98 %, 47 %, 74385 MiB, 143771 MiB
2026/08/06 01:29:54.669, NVIDIA H200, 46, 100 %, 50 %, 74385 MiB, 143771 MiB
2026/08/06 01:29:57.670, NVIDIA H200, 46, 100 %, 45 %, 74385 MiB, 143771 MiB
2026/08/06 01:30:00.670, NVIDIA H200, 39, 41 %, 28 %, 74385 MiB, 143771 MiB
2026/08/06 01:30:03.671, NVIDIA H200, 47, 58 %, 21 %, 74385 MiB, 143771 MiB
2026/08/06 01:30:06.672, NVIDIA H200, 47, 97 %, 48 %, 74385 MiB, 143771 MiB
2026/08/06 01:30:09.672, NVIDIA H200, 47, 96 %, 24 %, 74385 MiB, 143771 MiB
2026/08/06 01:30:12.673, NVIDIA H200, 47, 100 %, 40 %, 74385 MiB, 143771 MiB
2026/08/06 01:30:15.674, NVIDIA H200, 35, 98 %, 35 %, 74385 MiB, 143771 MiB
2026/08/06 01:30:18.674, NVIDIA H200, 47, 100 %, 41 %, 74385 MiB, 143771 MiB
2026/08/06 01:30:21.675, NVIDIA H200, 46, 100 %, 56 %, 74385 MiB, 143771 MiB
2026/08/06 01:30:24.676, NVIDIA H200, 49, 100 %, 49 %, 74385 MiB, 143771 MiB
2026/08/06 01:30:27.676, NVIDIA H200, 45, 97 %, 47 %, 74385 MiB, 143771 MiB
2026/08/06 01:30:30.677, NVIDIA H200, 50, 100 %, 45 %, 74385 MiB, 143771 MiB
2026/08/06 01:30:33.677, NVIDIA H200, 45, 100 %, 54 %, 74385 MiB, 143771 MiB
2026/08/06 01:30:36.678, NVIDIA H200, 49, 100 %, 50 %, 74385 MiB, 143771 MiB
2026/08/06 01:30:39.679, NVIDIA H200, 43, 97 %, 46 %, 74385 MiB, 143771 MiB
2026/08/06 01:30:42.679, NVIDIA H200, 47, 100 %, 40 %, 74385 MiB, 143771 MiB
2026/08/06 01:30:45.680, NVIDIA H200, 48, 100 %, 40 %, 74385 MiB, 143771 MiB
2026/08/06 01:30:48.680, NVIDIA H200, 46, 100 %, 39 %, 74385 MiB, 143771 MiB
2026/08/06 01:30:51.681, NVIDIA H200, 43, 30 %, 6 %, 74385 MiB, 143771 MiB
2026/08/06 01:30:54.681, NVIDIA H200, 46, 100 %, 42 %, 74385 MiB, 143771 MiB
2026/08/06 01:30:57.682, NVIDIA H200, 43, 94 %, 33 %, 74385 MiB, 143771 MiB
2026/08/06 01:31:00.683, NVIDIA H200, 49, 100 %, 45 %, 74385 MiB, 143771 MiB
2026/08/06 01:31:03.683, NVIDIA H200, 46, 100 %, 30 %, 74385 MiB, 143771 MiB
2026/08/06 01:31:06.684, NVIDIA H200, 47, 100 %, 42 %, 74385 MiB, 143771 MiB
2026/08/06 01:31:09.684, NVIDIA H200, 47, 100 %, 43 %, 74385 MiB, 143771 MiB
2026/08/06 01:31:12.685, NVIDIA H200, 31, 0 %, 0 %, 74385 MiB, 143771 MiB
2026/08/06 01:31:15.685, NVIDIA H200, 25, 0 %, 0 %, 74385 MiB, 143771 MiB
2026/08/06 01:31:18.686, NVIDIA H200, 40, 100 %, 54 %, 74385 MiB, 143771 MiB
2026/08/06 01:31:21.687, NVIDIA H200, 25, 0 %, 0 %, 74385 MiB, 143771 MiB
2026/08/06 01:31:24.687, NVIDIA H200, 26, 0 %, 0 %, 74385 MiB, 143771 MiB
2026/08/06 01:31:27.688, NVIDIA H200, 24, 0 %, 0 %, 74385 MiB, 143771 MiB
2026/08/06 01:31:30.688, NVIDIA H200, 34, 100 %, 50 %, 74385 MiB, 143771 MiB
2026/08/06 01:31:33.689, NVIDIA H200, 45, 100 %, 40 %, 74385 MiB, 143771 MiB
2026/08/06 01:31:36.690, NVIDIA H200, 38, 10 %, 0 %, 74385 MiB, 143771 MiB
2026/08/06 01:31:39.690, NVIDIA H200, 45, 100 %, 41 %, 74385 MiB, 143771 MiB
2026/08/06 01:31:42.691, NVIDIA H200, 45, 100 %, 45 %, 74385 MiB, 143771 MiB
2026/08/06 01:31:45.692, NVIDIA H200, 47, 100 %, 37 %, 74385 MiB, 143771 MiB
2026/08/06 01:31:48.693, NVIDIA H200, 47, 100 %, 47 %, 74385 MiB, 143771 MiB
2026/08/06 01:31:51.694, NVIDIA H200, 47, 100 %, 43 %, 74385 MiB, 143771 MiB
2026/08/06 01:31:54.694, NVIDIA H200, 44, 100 %, 49 %, 74385 MiB, 143771 MiB
2026/08/06 01:31:57.695, NVIDIA H200, 46, 100 %, 42 %, 74385 MiB, 143771 MiB
2026/08/06 01:32:00.696, NVIDIA H200, 45, 100 %, 50 %, 74385 MiB, 143771 MiB
2026/08/06 01:32:03.696, NVIDIA H200, 44, 100 %, 47 %, 74385 MiB, 143771 MiB
2026/08/06 01:32:06.697, NVIDIA H200, 44, 95 %, 47 %, 74385 MiB, 143771 MiB
2026/08/06 01:32:09.697, NVIDIA H200, 45, 100 %, 41 %, 74385 MiB, 143771 MiB
2026/08/06 01:32:12.698, NVIDIA H200, 47, 100 %, 39 %, 74385 MiB, 143771 MiB
2026/08/06 01:32:15.699, NVIDIA H200, 48, 99 %, 43 %, 74385 MiB, 143771 MiB
2026/08/06 01:32:18.699, NVIDIA H200, 47, 100 %, 37 %, 74385 MiB, 143771 MiB
2026/08/06 01:32:21.700, NVIDIA H200, 42, 92 %, 37 %, 74385 MiB, 143771 MiB
2026/08/06 01:32:24.701, NVIDIA H200, 47, 100 %, 42 %, 74385 MiB, 143771 MiB
2026/08/06 01:32:27.701, NVIDIA H200, 49, 100 %, 45 %, 74385 MiB, 143771 MiB
2026/08/06 01:32:30.702, NVIDIA H200, 43, 100 %, 45 %, 74385 MiB, 143771 MiB
2026/08/06 01:32:33.702, NVIDIA H200, 42, 0 %, 0 %, 74385 MiB, 143771 MiB
2026/08/06 01:32:36.703, NVIDIA H200, 49, 100 %, 40 %, 74385 MiB, 143771 MiB
2026/08/06 01:32:39.704, NVIDIA H200, 45, 100 %, 48 %, 74385 MiB, 143771 MiB
2026/08/06 01:32:42.705, NVIDIA H200, 45, 100 %, 39 %, 74385 MiB, 143771 MiB
2026/08/06 01:32:45.705, NVIDIA H200, 46, 98 %, 47 %, 74385 MiB, 143771 MiB
2026/08/06 01:32:48.706, NVIDIA H200, 45, 99 %, 37 %, 74385 MiB, 143771 MiB
2026/08/06 01:32:51.707, NVIDIA H200, 49, 100 %, 37 %, 74385 MiB, 143771 MiB
2026/08/06 01:32:54.707, NVIDIA H200, 48, 97 %, 49 %, 74385 MiB, 143771 MiB
2026/08/06 01:32:57.708, NVIDIA H200, 47, 97 %, 40 %, 74385 MiB, 143771 MiB
2026/08/06 01:33:00.708, NVIDIA H200, 47, 100 %, 47 %, 74385 MiB, 143771 MiB
2026/08/06 01:33:03.709, NVIDIA H200, 26, 0 %, 0 %, 74385 MiB, 143771 MiB
2026/08/06 01:33:06.710, NVIDIA H200, 24, 0 %, 0 %, 74385 MiB, 143771 MiB
2026/08/06 01:33:09.710, NVIDIA H200, 27, 0 %, 0 %, 74385 MiB, 143771 MiB
2026/08/06 01:33:12.711, NVIDIA H200, 31, 27 %, 12 %, 74385 MiB, 143771 MiB
2026/08/06 01:33:15.712, NVIDIA H200, 24, 0 %, 0 %, 74385 MiB, 143771 MiB
2026/08/06 01:33:18.712, NVIDIA H200, 24, 0 %, 0 %, 74385 MiB, 143771 MiB
2026/08/06 01:33:21.713, NVIDIA H200, 42, 99 %, 36 %, 74385 MiB, 143771 MiB
2026/08/06 01:33:24.713, NVIDIA H200, 45, 97 %, 51 %, 74385 MiB, 143771 MiB
2026/08/06 01:33:27.714, NVIDIA H200, 48, 100 %, 37 %, 74385 MiB, 143771 MiB
2026/08/06 01:33:30.715, NVIDIA H200, 46, 98 %, 33 %, 74385 MiB, 143771 MiB
2026/08/06 01:33:33.715, NVIDIA H200, 49, 100 %, 37 %, 74385 MiB, 143771 MiB
2026/08/06 01:33:36.716, NVIDIA H200, 45, 100 %, 54 %, 74385 MiB, 143771 MiB
2026/08/06 01:33:39.717, NVIDIA H200, 45, 100 %, 41 %, 74385 MiB, 143771 MiB
2026/08/06 01:33:42.717, NVIDIA H200, 46, 99 %, 51 %, 74385 MiB, 143771 MiB
2026/08/06 01:33:45.718, NVIDIA H200, 47, 97 %, 45 %, 74385 MiB, 143771 MiB
2026/08/06 01:33:48.718, NVIDIA H200, 46, 98 %, 43 %, 74385 MiB, 143771 MiB
2026/08/06 01:33:51.719, NVIDIA H200, 47, 97 %, 29 %, 74385 MiB, 143771 MiB
2026/08/06 01:33:54.720, NVIDIA H200, 46, 100 %, 39 %, 74385 MiB, 143771 MiB
2026/08/06 01:33:57.720, NVIDIA H200, 45, 92 %, 34 %, 74385 MiB, 143771 MiB
2026/08/06 01:34:00.721, NVIDIA H200, 36, 100 %, 50 %, 74385 MiB, 143771 MiB
2026/08/06 01:34:03.722, NVIDIA H200, 45, 100 %, 50 %, 74385 MiB, 143771 MiB
2026/08/06 01:34:06.722, NVIDIA H200, 48, 100 %, 49 %, 74385 MiB, 143771 MiB
2026/08/06 01:34:09.723, NVIDIA H200, 47, 97 %, 34 %, 74385 MiB, 143771 MiB
2026/08/06 01:34:12.724, NVIDIA H200, 47, 98 %, 47 %, 74385 MiB, 143771 MiB
2026/08/06 01:34:15.724, NVIDIA H200, 47, 100 %, 41 %, 74385 MiB, 143771 MiB
2026/08/06 01:34:18.725, NVIDIA H200, 46, 100 %, 44 %, 74385 MiB, 143771 MiB
2026/08/06 01:34:21.726, NVIDIA H200, 47, 100 %, 40 %, 74385 MiB, 143771 MiB
2026/08/06 01:34:24.726, NVIDIA H200, 43, 45 %, 8 %, 74385 MiB, 143771 MiB
2026/08/06 01:34:27.727, NVIDIA H200, 49, 100 %, 41 %, 74385 MiB, 143771 MiB
2026/08/06 01:34:30.728, NVIDIA H200, 47, 97 %, 49 %, 74385 MiB, 143771 MiB
2026/08/06 01:34:33.728, NVIDIA H200, 47, 100 %, 37 %, 74385 MiB, 143771 MiB
2026/08/06 01:34:36.729, NVIDIA H200, 50, 100 %, 44 %, 74385 MiB, 143771 MiB
2026/08/06 01:34:39.729, NVIDIA H200, 46, 100 %, 52 %, 74385 MiB, 143771 MiB
2026/08/06 01:34:42.730, NVIDIA H200, 46, 100 %, 44 %, 74385 MiB, 143771 MiB
2026/08/06 01:34:45.731, NVIDIA H200, 46, 100 %, 34 %, 74385 MiB, 143771 MiB
2026/08/06 01:34:48.731, NVIDIA H200, 48, 100 %, 52 %, 74385 MiB, 143771 MiB
2026/08/06 01:34:51.732, NVIDIA H200, 26, 0 %, 0 %, 74385 MiB, 143771 MiB
2026/08/06 01:34:54.732, NVIDIA H200, 24, 0 %, 0 %, 74385 MiB, 143771 MiB
2026/08/06 01:34:57.733, NVIDIA H200, 41, 100 %, 50 %, 74385 MiB, 143771 MiB
2026/08/06 01:35:00.733, NVIDIA H200, 37, 88 %, 44 %, 74385 MiB, 143771 MiB
2026/08/06 01:35:03.734, NVIDIA H200, 24, 0 %, 0 %, 74385 MiB, 143771 MiB
2026/08/06 01:35:06.734, NVIDIA H200, 24, 0 %, 0 %, 74385 MiB, 143771 MiB
2026/08/06 01:35:09.735, NVIDIA H200, 23, 0 %, 0 %, 74385 MiB, 143771 MiB
2026/08/06 01:35:12.736, NVIDIA H200, 33, 100 %, 49 %, 74385 MiB, 143771 MiB
2026/08/06 01:35:15.736, NVIDIA H200, 45, 100 %, 42 %, 74385 MiB, 143771 MiB
2026/08/06 01:35:18.737, NVIDIA H200, 36, 60 %, 22 %, 74385 MiB, 143771 MiB
2026/08/06 01:35:21.737, NVIDIA H200, 45, 100 %, 50 %, 74385 MiB, 143771 MiB
2026/08/06 01:35:24.738, NVIDIA H200, 46, 100 %, 34 %, 74385 MiB, 143771 MiB
2026/08/06 01:35:27.739, NVIDIA H200, 46, 100 %, 49 %, 74385 MiB, 143771 MiB
2026/08/06 01:35:30.739, NVIDIA H200, 46, 100 %, 37 %, 74385 MiB, 143771 MiB
2026/08/06 01:35:33.740, NVIDIA H200, 47, 72 %, 24 %, 74385 MiB, 143771 MiB
2026/08/06 01:35:36.740, NVIDIA H200, 45, 100 %, 40 %, 74385 MiB, 143771 MiB
2026/08/06 01:35:39.741, NVIDIA H200, 47, 100 %, 38 %, 74385 MiB, 143771 MiB
2026/08/06 01:35:42.742, NVIDIA H200, 47, 100 %, 44 %, 74385 MiB, 143771 MiB
2026/08/06 01:35:45.742, NVIDIA H200, 46, 99 %, 26 %, 74385 MiB, 143771 MiB
2026/08/06 01:35:48.743, NVIDIA H200, 47, 99 %, 47 %, 74385 MiB, 143771 MiB
2026/08/06 01:35:51.743, NVIDIA H200, 45, 100 %, 50 %, 74385 MiB, 143771 MiB
2026/08/06 01:35:54.744, NVIDIA H200, 46, 97 %, 54 %, 74385 MiB, 143771 MiB
2026/08/06 01:35:57.745, NVIDIA H200, 46, 74 %, 36 %, 74385 MiB, 143771 MiB
2026/08/06 01:36:00.745, NVIDIA H200, 47, 97 %, 51 %, 74385 MiB, 143771 MiB
2026/08/06 01:36:03.746, NVIDIA H200, 49, 100 %, 40 %, 74385 MiB, 143771 MiB
2026/08/06 01:36:06.747, NVIDIA H200, 46, 49 %, 9 %, 74385 MiB, 143771 MiB
2026/08/06 01:36:09.747, NVIDIA H200, 48, 100 %, 40 %, 74385 MiB, 143771 MiB
2026/08/06 01:36:12.748, NVIDIA H200, 47, 98 %, 37 %, 74385 MiB, 143771 MiB
2026/08/06 01:36:15.748, NVIDIA H200, 45, 100 %, 52 %, 74385 MiB, 143771 MiB
2026/08/06 01:36:18.749, NVIDIA H200, 46, 100 %, 45 %, 74385 MiB, 143771 MiB
2026/08/06 01:36:21.749, NVIDIA H200, 46, 97 %, 56 %, 74385 MiB, 143771 MiB
2026/08/06 01:36:24.750, NVIDIA H200, 39, 100 %, 50 %, 74385 MiB, 143771 MiB
2026/08/06 01:36:27.750, NVIDIA H200, 44, 0 %, 0 %, 74385 MiB, 143771 MiB
2026/08/06 01:36:30.751, NVIDIA H200, 47, 97 %, 48 %, 74385 MiB, 143771 MiB
2026/08/06 01:36:33.752, NVIDIA H200, 47, 100 %, 47 %, 74385 MiB, 143771 MiB
2026/08/06 01:36:36.752, NVIDIA H200, 44, 26 %, 0 %, 74385 MiB, 143771 MiB
2026/08/06 01:36:39.753, NVIDIA H200, 47, 100 %, 41 %, 74385 MiB, 143771 MiB
2026/08/06 01:36:42.753, NVIDIA H200, 47, 96 %, 47 %, 74385 MiB, 143771 MiB
2026/08/06 01:36:45.754, NVIDIA H200, 26, 0 %, 0 %, 74385 MiB, 143771 MiB
2026/08/06 01:36:48.755, NVIDIA H200, 26, 0 %, 0 %, 74385 MiB, 143771 MiB
2026/08/06 01:36:51.755, NVIDIA H200, 38, 100 %, 45 %, 74385 MiB, 143771 MiB
2026/08/06 01:36:54.756, NVIDIA H200, 29, 0 %, 0 %, 74385 MiB, 143771 MiB
2026/08/06 01:36:57.756, NVIDIA H200, 24, 0 %, 0 %, 74385 MiB, 143771 MiB
2026/08/06 01:37:00.757, NVIDIA H200, 32, 100 %, 44 %, 74385 MiB, 143771 MiB
2026/08/06 01:37:03.757, NVIDIA H200, 45, 100 %, 39 %, 74385 MiB, 143771 MiB
2026/08/06 01:37:06.758, NVIDIA H200, 44, 100 %, 49 %, 74385 MiB, 143771 MiB
2026/08/06 01:37:09.758, NVIDIA H200, 42, 100 %, 44 %, 74385 MiB, 143771 MiB
2026/08/06 01:37:12.759, NVIDIA H200, 47, 98 %, 46 %, 74385 MiB, 143771 MiB
2026/08/06 01:37:15.760, NVIDIA H200, 46, 97 %, 38 %, 74385 MiB, 143771 MiB
2026/08/06 01:37:18.760, NVIDIA H200, 46, 100 %, 49 %, 74385 MiB, 143771 MiB
2026/08/06 01:37:21.761, NVIDIA H200, 39, 100 %, 50 %, 74385 MiB, 143771 MiB
2026/08/06 01:37:24.761, NVIDIA H200, 49, 100 %, 37 %, 74385 MiB, 143771 MiB
2026/08/06 01:37:27.762, NVIDIA H200, 46, 100 %, 46 %, 74385 MiB, 143771 MiB
2026/08/06 01:37:30.762, NVIDIA H200, 41, 67 %, 36 %, 74385 MiB, 143771 MiB
2026/08/06 01:37:33.763, NVIDIA H200, 40, 100 %, 41 %, 74385 MiB, 143771 MiB
2026/08/06 01:37:36.763, NVIDIA H200, 48, 99 %, 53 %, 74385 MiB, 143771 MiB
2026/08/06 01:37:39.764, NVIDIA H200, 44, 100 %, 44 %, 74385 MiB, 143771 MiB
2026/08/06 01:37:42.764, NVIDIA H200, 42, 97 %, 36 %, 74385 MiB, 143771 MiB
2026/08/06 01:37:45.765, NVIDIA H200, 48, 100 %, 40 %, 74385 MiB, 143771 MiB
2026/08/06 01:37:48.766, NVIDIA H200, 45, 100 %, 40 %, 74385 MiB, 143771 MiB
2026/08/06 01:37:51.766, NVIDIA H200, 46, 100 %, 41 %, 74385 MiB, 143771 MiB
2026/08/06 01:37:54.767, NVIDIA H200, 44, 99 %, 35 %, 74385 MiB, 143771 MiB
2026/08/06 01:37:57.767, NVIDIA H200, 43, 100 %, 47 %, 74385 MiB, 143771 MiB
2026/08/06 01:38:00.768, NVIDIA H200, 48, 100 %, 44 %, 74385 MiB, 143771 MiB
2026/08/06 01:38:03.769, NVIDIA H200, 48, 100 %, 39 %, 74385 MiB, 143771 MiB
2026/08/06 01:38:06.769, NVIDIA H200, 48, 100 %, 45 %, 74385 MiB, 143771 MiB
2026/08/06 01:38:09.770, NVIDIA H200, 48, 100 %, 40 %, 74385 MiB, 143771 MiB
2026/08/06 01:38:12.770, NVIDIA H200, 45, 100 %, 40 %, 74385 MiB, 143771 MiB
2026/08/06 01:38:15.771, NVIDIA H200, 48, 100 %, 40 %, 74385 MiB, 143771 MiB
2026/08/06 01:38:18.771, NVIDIA H200, 49, 100 %, 44 %, 74385 MiB, 143771 MiB
2026/08/06 01:38:21.772, NVIDIA H200, 42, 100 %, 49 %, 74385 MiB, 143771 MiB
2026/08/06 01:38:24.772, NVIDIA H200, 46, 100 %, 41 %, 74385 MiB, 143771 MiB
2026/08/06 01:38:27.773, NVIDIA H200, 47, 98 %, 46 %, 74385 MiB, 143771 MiB
2026/08/06 01:38:30.774, NVIDIA H200, 33, 0 %, 0 %, 74385 MiB, 143771 MiB
2026/08/06 01:38:33.774, NVIDIA H200, 25, 0 %, 0 %, 74385 MiB, 143771 MiB
2026/08/06 01:38:36.775, NVIDIA H200, 25, 0 %, 0 %, 74385 MiB, 143771 MiB
2026/08/06 01:38:39.775, NVIDIA H200, 26, 0 %, 0 %, 74385 MiB, 143771 MiB
2026/08/06 01:38:42.776, NVIDIA H200, 26, 0 %, 0 %, 74385 MiB, 143771 MiB
2026/08/06 01:38:45.777, NVIDIA H200, 34, 100 %, 40 %, 74385 MiB, 143771 MiB
2026/08/06 01:38:48.778, NVIDIA H200, 37, 29 %, 0 %, 74385 MiB, 143771 MiB
2026/08/06 01:38:51.778, NVIDIA H200, 49, 100 %, 40 %, 74385 MiB, 143771 MiB
2026/08/06 01:38:54.779, NVIDIA H200, 46, 100 %, 44 %, 74385 MiB, 143771 MiB
2026/08/06 01:38:57.779, NVIDIA H200, 45, 96 %, 49 %, 74385 MiB, 143771 MiB
2026/08/06 01:39:00.780, NVIDIA H200, 46, 97 %, 25 %, 74385 MiB, 143771 MiB
2026/08/06 01:39:03.781, NVIDIA H200, 39, 66 %, 35 %, 74385 MiB, 143771 MiB
2026/08/06 01:39:06.781, NVIDIA H200, 47, 98 %, 47 %, 74385 MiB, 143771 MiB
2026/08/06 01:39:09.782, NVIDIA H200, 47, 97 %, 31 %, 74385 MiB, 143771 MiB
2026/08/06 01:39:12.782, NVIDIA H200, 48, 100 %, 39 %, 74385 MiB, 143771 MiB
2026/08/06 01:39:15.783, NVIDIA H200, 45, 99 %, 54 %, 74385 MiB, 143771 MiB
2026/08/06 01:39:18.784, NVIDIA H200, 50, 100 %, 45 %, 74385 MiB, 143771 MiB
2026/08/06 01:39:21.784, NVIDIA H200, 46, 96 %, 50 %, 74385 MiB, 143771 MiB
2026/08/06 01:39:24.785, NVIDIA H200, 42, 100 %, 47 %, 74385 MiB, 143771 MiB
2026/08/06 01:39:27.785, NVIDIA H200, 47, 100 %, 49 %, 74385 MiB, 143771 MiB
2026/08/06 01:39:30.786, NVIDIA H200, 47, 100 %, 44 %, 74385 MiB, 143771 MiB
2026/08/06 01:39:33.787, NVIDIA H200, 45, 99 %, 54 %, 74385 MiB, 143771 MiB
2026/08/06 01:39:36.787, NVIDIA H200, 42, 100 %, 46 %, 74385 MiB, 143771 MiB
2026/08/06 01:39:39.788, NVIDIA H200, 38, 42 %, 18 %, 74385 MiB, 143771 MiB
2026/08/06 01:39:42.788, NVIDIA H200, 47, 100 %, 45 %, 74385 MiB, 143771 MiB
2026/08/06 01:39:45.789, NVIDIA H200, 47, 96 %, 50 %, 74385 MiB, 143771 MiB
2026/08/06 01:39:48.790, NVIDIA H200, 46, 100 %, 44 %, 74385 MiB, 143771 MiB
2026/08/06 01:39:51.791, NVIDIA H200, 46, 97 %, 58 %, 74385 MiB, 143771 MiB
2026/08/06 01:39:54.791, NVIDIA H200, 48, 100 %, 47 %, 74385 MiB, 143771 MiB
2026/08/06 01:39:57.792, NVIDIA H200, 47, 100 %, 49 %, 74385 MiB, 143771 MiB
2026/08/06 01:40:00.793, NVIDIA H200, 48, 100 %, 45 %, 74385 MiB, 143771 MiB
2026/08/06 01:40:03.793, NVIDIA H200, 46, 96 %, 49 %, 74385 MiB, 143771 MiB
2026/08/06 01:40:06.794, NVIDIA H200, 47, 100 %, 44 %, 74385 MiB, 143771 MiB
2026/08/06 01:40:09.794, NVIDIA H200, 45, 100 %, 46 %, 74385 MiB, 143771 MiB
2026/08/06 01:40:12.795, NVIDIA H200, 48, 97 %, 46 %, 74385 MiB, 143771 MiB
2026/08/06 01:40:15.795, NVIDIA H200, 47, 100 %, 44 %, 74385 MiB, 143771 MiB
2026/08/06 01:40:18.796, NVIDIA H200, 27, 0 %, 0 %, 74385 MiB, 143771 MiB
2026/08/06 01:40:21.796, NVIDIA H200, 25, 0 %, 0 %, 74385 MiB, 143771 MiB
2026/08/06 01:40:24.797, NVIDIA H200, 33, 0 %, 0 %, 74385 MiB, 143771 MiB
2026/08/06 01:40:27.798, NVIDIA H200, 38, 100 %, 54 %, 74385 MiB, 143771 MiB
2026/08/06 01:40:30.798, NVIDIA H200, 25, 0 %, 0 %, 74385 MiB, 143771 MiB
2026/08/06 01:40:33.799, NVIDIA H200, 25, 0 %, 0 %, 74385 MiB, 143771 MiB
2026/08/06 01:40:36.799, NVIDIA H200, 44, 100 %, 40 %, 74385 MiB, 143771 MiB
2026/08/06 01:40:39.800, NVIDIA H200, 35, 100 %, 46 %, 74385 MiB, 143771 MiB
2026/08/06 01:40:42.801, NVIDIA H200, 47, 100 %, 42 %, 74385 MiB, 143771 MiB
2026/08/06 01:40:45.801, NVIDIA H200, 48, 100 %, 40 %, 74385 MiB, 143771 MiB
2026/08/06 01:40:48.802, NVIDIA H200, 45, 4 %, 2 %, 74385 MiB, 143771 MiB
2026/08/06 01:40:51.803, NVIDIA H200, 48, 100 %, 41 %, 74385 MiB, 143771 MiB
2026/08/06 01:40:54.803, NVIDIA H200, 44, 100 %, 37 %, 74385 MiB, 143771 MiB
2026/08/06 01:40:57.804, NVIDIA H200, 47, 100 %, 34 %, 74385 MiB, 143771 MiB
2026/08/06 01:41:00.805, NVIDIA H200, 46, 100 %, 48 %, 74385 MiB, 143771 MiB
2026/08/06 01:41:03.805, NVIDIA H200, 40, 100 %, 44 %, 74385 MiB, 143771 MiB
2026/08/06 01:41:06.806, NVIDIA H200, 47, 96 %, 51 %, 74385 MiB, 143771 MiB
2026/08/06 01:41:09.806, NVIDIA H200, 46, 94 %, 46 %, 74385 MiB, 143771 MiB
2026/08/06 01:41:12.807, NVIDIA H200, 45, 97 %, 31 %, 74385 MiB, 143771 MiB
2026/08/06 01:41:15.808, NVIDIA H200, 47, 100 %, 39 %, 74385 MiB, 143771 MiB
2026/08/06 01:41:18.808, NVIDIA H200, 46, 100 %, 49 %, 74385 MiB, 143771 MiB
2026/08/06 01:41:21.809, NVIDIA H200, 49, 100 %, 39 %, 74385 MiB, 143771 MiB
2026/08/06 01:41:24.809, NVIDIA H200, 46, 100 %, 51 %, 74385 MiB, 143771 MiB
2026/08/06 01:41:27.810, NVIDIA H200, 42, 100 %, 43 %, 74385 MiB, 143771 MiB
2026/08/06 01:41:30.810, NVIDIA H200, 45, 94 %, 54 %, 74385 MiB, 143771 MiB
2026/08/06 01:41:33.811, NVIDIA H200, 38, 100 %, 46 %, 74385 MiB, 143771 MiB
2026/08/06 01:41:36.811, NVIDIA H200, 46, 100 %, 49 %, 74385 MiB, 143771 MiB
2026/08/06 01:41:39.812, NVIDIA H200, 47, 100 %, 46 %, 74385 MiB, 143771 MiB
2026/08/06 01:41:42.812, NVIDIA H200, 47, 97 %, 50 %, 74385 MiB, 143771 MiB
2026/08/06 01:41:45.813, NVIDIA H200, 46, 100 %, 30 %, 74385 MiB, 143771 MiB
2026/08/06 01:41:48.814, NVIDIA H200, 44, 100 %, 43 %, 74385 MiB, 143771 MiB
2026/08/06 01:41:51.814, NVIDIA H200, 47, 97 %, 31 %, 74385 MiB, 143771 MiB
2026/08/06 01:41:54.815, NVIDIA H200, 48, 100 %, 37 %, 74385 MiB, 143771 MiB
2026/08/06 01:41:57.815, NVIDIA H200, 47, 100 %, 50 %, 74385 MiB, 143771 MiB
2026/08/06 01:42:00.816, NVIDIA H200, 49, 100 %, 43 %, 74385 MiB, 143771 MiB
2026/08/06 01:42:03.816, NVIDIA H200, 47, 100 %, 39 %, 74385 MiB, 143771 MiB
2026/08/06 01:42:06.817, NVIDIA H200, 26, 0 %, 0 %, 74385 MiB, 143771 MiB
2026/08/06 01:42:09.817, NVIDIA H200, 30, 100 %, 49 %, 74385 MiB, 143771 MiB
2026/08/06 01:42:12.818, NVIDIA H200, 26, 0 %, 0 %, 74385 MiB, 143771 MiB
2026/08/06 01:42:15.819, NVIDIA H200, 25, 0 %, 0 %, 74385 MiB, 143771 MiB
2026/08/06 01:42:18.820, NVIDIA H200, 38, 100 %, 44 %, 74385 MiB, 143771 MiB
2026/08/06 01:42:21.820, NVIDIA H200, 45, 97 %, 47 %, 74385 MiB, 143771 MiB
2026/08/06 01:42:24.821, NVIDIA H200, 37, 100 %, 45 %, 74385 MiB, 143771 MiB
2026/08/06 01:42:27.821, NVIDIA H200, 47, 96 %, 51 %, 74385 MiB, 143771 MiB
2026/08/06 01:42:30.822, NVIDIA H200, 46, 100 %, 40 %, 74385 MiB, 143771 MiB
2026/08/06 01:42:33.823, NVIDIA H200, 43, 29 %, 16 %, 74385 MiB, 143771 MiB
2026/08/06 01:42:36.823, NVIDIA H200, 46, 100 %, 48 %, 74385 MiB, 143771 MiB
2026/08/06 01:42:39.824, NVIDIA H200, 44, 97 %, 37 %, 74385 MiB, 143771 MiB
2026/08/06 01:42:42.825, NVIDIA H200, 47, 98 %, 47 %, 74385 MiB, 143771 MiB
2026/08/06 01:42:45.825, NVIDIA H200, 45, 100 %, 36 %, 74385 MiB, 143771 MiB
2026/08/06 01:42:48.826, NVIDIA H200, 47, 100 %, 43 %, 74385 MiB, 143771 MiB
2026/08/06 01:42:51.826, NVIDIA H200, 44, 96 %, 53 %, 74385 MiB, 143771 MiB
2026/08/06 01:42:54.827, NVIDIA H200, 47, 100 %, 44 %, 74385 MiB, 143771 MiB
2026/08/06 01:42:57.827, NVIDIA H200, 47, 100 %, 44 %, 74385 MiB, 143771 MiB
2026/08/06 01:43:00.828, NVIDIA H200, 47, 100 %, 44 %, 74385 MiB, 143771 MiB
2026/08/06 01:43:03.829, NVIDIA H200, 47, 97 %, 48 %, 74385 MiB, 143771 MiB
2026/08/06 01:43:06.830, NVIDIA H200, 47, 100 %, 50 %, 74385 MiB, 143771 MiB
2026/08/06 01:43:09.831, NVIDIA H200, 45, 100 %, 46 %, 74385 MiB, 143771 MiB
2026/08/06 01:43:12.831, NVIDIA H200, 47, 100 %, 45 %, 74385 MiB, 143771 MiB
2026/08/06 01:43:15.832, NVIDIA H200, 45, 96 %, 57 %, 74385 MiB, 143771 MiB
2026/08/06 01:43:18.832, NVIDIA H200, 46, 100 %, 42 %, 74385 MiB, 143771 MiB
2026/08/06 01:43:21.833, NVIDIA H200, 46, 88 %, 31 %, 74385 MiB, 143771 MiB
2026/08/06 01:43:24.833, NVIDIA H200, 50, 100 %, 46 %, 74385 MiB, 143771 MiB
2026/08/06 01:43:27.834, NVIDIA H200, 48, 97 %, 32 %, 74385 MiB, 143771 MiB
2026/08/06 01:43:30.834, NVIDIA H200, 46, 100 %, 39 %, 74385 MiB, 143771 MiB
2026/08/06 01:43:33.835, NVIDIA H200, 47, 100 %, 39 %, 74385 MiB, 143771 MiB
2026/08/06 01:43:36.836, NVIDIA H200, 38, 0 %, 0 %, 74385 MiB, 143771 MiB
2026/08/06 01:43:39.836, NVIDIA H200, 47, 100 %, 44 %, 74385 MiB, 143771 MiB
2026/08/06 01:43:42.837, NVIDIA H200, 47, 100 %, 46 %, 74385 MiB, 143771 MiB
2026/08/06 01:43:45.837, NVIDIA H200, 47, 97 %, 53 %, 74385 MiB, 143771 MiB
2026/08/06 01:43:48.838, NVIDIA H200, 47, 98 %, 35 %, 74385 MiB, 143771 MiB
2026/08/06 01:43:51.839, NVIDIA H200, 27, 0 %, 0 %, 74385 MiB, 143771 MiB
2026/08/06 01:43:54.839, NVIDIA H200, 25, 0 %, 0 %, 74385 MiB, 143771 MiB
2026/08/06 01:43:57.840, NVIDIA H200, 43, 100 %, 50 %, 74385 MiB, 143771 MiB
2026/08/06 01:44:00.841, NVIDIA H200, 37, 99 %, 36 %, 74385 MiB, 143771 MiB
2026/08/06 01:44:03.841, NVIDIA H200, 25, 0 %, 0 %, 74385 MiB, 143771 MiB
2026/08/06 01:44:06.842, NVIDIA H200, 24, 0 %, 0 %, 74385 MiB, 143771 MiB
2026/08/06 01:44:09.842, NVIDIA H200, 24, 0 %, 0 %, 74385 MiB, 143771 MiB
2026/08/06 01:44:12.843, NVIDIA H200, 24, 0 %, 0 %, 74385 MiB, 143771 MiB
2026/08/06 01:44:15.844, NVIDIA H200, 33, 62 %, 29 %, 74385 MiB, 143771 MiB
2026/08/06 01:44:18.844, NVIDIA H200, 45, 100 %, 42 %, 74385 MiB, 143771 MiB
2026/08/06 01:44:21.845, NVIDIA H200, 43, 24 %, 14 %, 74385 MiB, 143771 MiB
2026/08/06 01:44:24.846, NVIDIA H200, 46, 98 %, 59 %, 74385 MiB, 143771 MiB
2026/08/06 01:44:27.846, NVIDIA H200, 49, 100 %, 50 %, 74385 MiB, 143771 MiB
2026/08/06 01:44:30.847, NVIDIA H200, 48, 93 %, 48 %, 74385 MiB, 143771 MiB
2026/08/06 01:44:33.848, NVIDIA H200, 44, 97 %, 47 %, 74385 MiB, 143771 MiB
2026/08/06 01:44:36.848, NVIDIA H200, 46, 100 %, 39 %, 74385 MiB, 143771 MiB
2026/08/06 01:44:39.849, NVIDIA H200, 44, 100 %, 50 %, 74385 MiB, 143771 MiB
2026/08/06 01:44:42.849, NVIDIA H200, 45, 100 %, 37 %, 74385 MiB, 143771 MiB
2026/08/06 01:44:45.850, NVIDIA H200, 49, 100 %, 43 %, 74385 MiB, 143771 MiB
2026/08/06 01:44:48.851, NVIDIA H200, 45, 100 %, 52 %, 74385 MiB, 143771 MiB
2026/08/06 01:44:51.851, NVIDIA H200, 50, 100 %, 44 %, 74385 MiB, 143771 MiB
2026/08/06 01:44:54.852, NVIDIA H200, 48, 97 %, 48 %, 74385 MiB, 143771 MiB
2026/08/06 01:44:57.852, NVIDIA H200, 48, 97 %, 26 %, 74385 MiB, 143771 MiB
2026/08/06 01:45:00.853, NVIDIA H200, 48, 100 %, 41 %, 74385 MiB, 143771 MiB
2026/08/06 01:45:03.853, NVIDIA H200, 38, 11 %, 0 %, 74385 MiB, 143771 MiB
2026/08/06 01:45:06.854, NVIDIA H200, 37, 17 %, 8 %, 74385 MiB, 143771 MiB
2026/08/06 01:45:09.854, NVIDIA H200, 46, 100 %, 41 %, 74385 MiB, 143771 MiB
2026/08/06 01:45:12.855, NVIDIA H200, 48, 100 %, 41 %, 74385 MiB, 143771 MiB
2026/08/06 01:45:15.856, NVIDIA H200, 46, 97 %, 47 %, 74385 MiB, 143771 MiB
2026/08/06 01:45:18.856, NVIDIA H200, 46, 100 %, 38 %, 74385 MiB, 143771 MiB
2026/08/06 01:45:21.857, NVIDIA H200, 46, 100 %, 44 %, 74385 MiB, 143771 MiB
2026/08/06 01:45:24.858, NVIDIA H200, 46, 98 %, 28 %, 74385 MiB, 143771 MiB
2026/08/06 01:45:27.858, NVIDIA H200, 50, 100 %, 43 %, 74385 MiB, 143771 MiB
2026/08/06 01:45:30.859, NVIDIA H200, 42, 97 %, 44 %, 74385 MiB, 143771 MiB
2026/08/06 01:45:33.860, NVIDIA H200, 45, 95 %, 48 %, 74385 MiB, 143771 MiB
2026/08/06 01:45:36.860, NVIDIA H200, 45, 100 %, 34 %, 74385 MiB, 143771 MiB
2026/08/06 01:45:39.861, NVIDIA H200, 48, 100 %, 43 %, 74385 MiB, 143771 MiB
2026/08/06 01:45:42.861, NVIDIA H200, 48, 100 %, 44 %, 74385 MiB, 143771 MiB
2026/08/06 01:45:45.862, NVIDIA H200, 49, 100 %, 47 %, 74385 MiB, 143771 MiB
2026/08/06 01:45:48.862, NVIDIA H200, 26, 0 %, 0 %, 74385 MiB, 143771 MiB
2026/08/06 01:45:51.863, NVIDIA H200, 25, 0 %, 0 %, 74385 MiB, 143771 MiB
2026/08/06 01:45:54.864, NVIDIA H200, 35, 45 %, 8 %, 74385 MiB, 143771 MiB
2026/08/06 01:45:57.864, NVIDIA H200, 27, 0 %, 0 %, 74385 MiB, 143771 MiB
2026/08/06 01:46:00.865, NVIDIA H200, 25, 0 %, 0 %, 74385 MiB, 143771 MiB
2026/08/06 01:46:03.866, NVIDIA H200, 40, 100 %, 42 %, 74385 MiB, 143771 MiB
2026/08/06 01:46:06.866, NVIDIA H200, 44, 97 %, 50 %, 74385 MiB, 143771 MiB
2026/08/06 01:46:09.867, NVIDIA H200, 46, 100 %, 42 %, 74385 MiB, 143771 MiB
2026/08/06 01:46:12.868, NVIDIA H200, 41, 100 %, 45 %, 74385 MiB, 143771 MiB
2026/08/06 01:46:15.868, NVIDIA H200, 39, 69 %, 36 %, 74385 MiB, 143771 MiB
2026/08/06 01:46:18.869, NVIDIA H200, 47, 100 %, 37 %, 74385 MiB, 143771 MiB
2026/08/06 01:46:21.869, NVIDIA H200, 42, 100 %, 45 %, 74385 MiB, 143771 MiB
2026/08/06 01:46:24.870, NVIDIA H200, 49, 100 %, 47 %, 74385 MiB, 143771 MiB
2026/08/06 01:46:27.871, NVIDIA H200, 47, 100 %, 44 %, 74385 MiB, 143771 MiB
2026/08/06 01:46:30.871, NVIDIA H200, 48, 100 %, 40 %, 74385 MiB, 143771 MiB
2026/08/06 01:46:33.872, NVIDIA H200, 46, 100 %, 39 %, 74385 MiB, 143771 MiB
2026/08/06 01:46:36.873, NVIDIA H200, 46, 98 %, 29 %, 74385 MiB, 143771 MiB
2026/08/06 01:46:39.873, NVIDIA H200, 48, 100 %, 55 %, 74385 MiB, 143771 MiB
2026/08/06 01:46:42.874, NVIDIA H200, 47, 100 %, 44 %, 74385 MiB, 143771 MiB
2026/08/06 01:46:45.874, NVIDIA H200, 45, 100 %, 49 %, 74385 MiB, 143771 MiB
2026/08/06 01:46:48.875, NVIDIA H200, 45, 100 %, 43 %, 74385 MiB, 143771 MiB
2026/08/06 01:46:51.876, NVIDIA H200, 49, 100 %, 38 %, 74385 MiB, 143771 MiB
2026/08/06 01:46:54.876, NVIDIA H200, 47, 100 %, 55 %, 74385 MiB, 143771 MiB
2026/08/06 01:46:57.877, NVIDIA H200, 46, 100 %, 39 %, 74385 MiB, 143771 MiB
2026/08/06 01:47:00.877, NVIDIA H200, 46, 98 %, 51 %, 74385 MiB, 143771 MiB
2026/08/06 01:47:03.878, NVIDIA H200, 43, 96 %, 40 %, 74385 MiB, 143771 MiB
2026/08/06 01:47:06.878, NVIDIA H200, 48, 100 %, 36 %, 74385 MiB, 143771 MiB
2026/08/06 01:47:09.880, NVIDIA H200, 48, 98 %, 34 %, 74385 MiB, 143771 MiB
2026/08/06 01:47:12.881, NVIDIA H200, 48, 100 %, 37 %, 74385 MiB, 143771 MiB
2026/08/06 01:47:15.882, NVIDIA H200, 48, 100 %, 54 %, 74385 MiB, 143771 MiB
2026/08/06 01:47:18.882, NVIDIA H200, 50, 100 %, 40 %, 74385 MiB, 143771 MiB
2026/08/06 01:47:21.883, NVIDIA H200, 43, 41 %, 5 %, 74385 MiB, 143771 MiB
2026/08/06 01:47:24.883, NVIDIA H200, 49, 100 %, 44 %, 74385 MiB, 143771 MiB
2026/08/06 01:47:27.884, NVIDIA H200, 46, 99 %, 51 %, 74385 MiB, 143771 MiB
2026/08/06 01:47:30.884, NVIDIA H200, 46, 98 %, 37 %, 74385 MiB, 143771 MiB
2026/08/06 01:47:33.885, NVIDIA H200, 28, 0 %, 0 %, 74385 MiB, 143771 MiB
2026/08/06 01:47:36.885, NVIDIA H200, 25, 0 %, 0 %, 74385 MiB, 143771 MiB
2026/08/06 01:47:39.886, NVIDIA H200, 34, 53 %, 13 %, 74385 MiB, 143771 MiB
2026/08/06 01:47:42.886, NVIDIA H200, 33, 27 %, 9 %, 74385 MiB, 143771 MiB
2026/08/06 01:47:45.887, NVIDIA H200, 26, 0 %, 0 %, 74385 MiB, 143771 MiB
2026/08/06 01:47:48.888, NVIDIA H200, 28, 0 %, 0 %, 74385 MiB, 143771 MiB
2026/08/06 01:47:51.888, NVIDIA H200, 45, 100 %, 41 %, 74385 MiB, 143771 MiB
2026/08/06 01:47:54.889, NVIDIA H200, 43, 100 %, 47 %, 74385 MiB, 143771 MiB
2026/08/06 01:47:57.889, NVIDIA H200, 46, 97 %, 50 %, 74385 MiB, 143771 MiB
2026/08/06 01:48:00.890, NVIDIA H200, 48, 98 %, 34 %, 74385 MiB, 143771 MiB
2026/08/06 01:48:03.891, NVIDIA H200, 44, 97 %, 51 %, 74385 MiB, 143771 MiB
2026/08/06 01:48:06.892, NVIDIA H200, 46, 100 %, 41 %, 74385 MiB, 143771 MiB
2026/08/06 01:48:09.892, NVIDIA H200, 46, 97 %, 47 %, 74385 MiB, 143771 MiB
2026/08/06 01:48:12.893, NVIDIA H200, 47, 98 %, 33 %, 74385 MiB, 143771 MiB
2026/08/06 01:48:15.893, NVIDIA H200, 46, 100 %, 36 %, 74385 MiB, 143771 MiB
2026/08/06 01:48:18.894, NVIDIA H200, 46, 100 %, 54 %, 74385 MiB, 143771 MiB
2026/08/06 01:48:21.895, NVIDIA H200, 48, 100 %, 41 %, 74385 MiB, 143771 MiB
2026/08/06 01:48:24.895, NVIDIA H200, 42, 97 %, 31 %, 74385 MiB, 143771 MiB
2026/08/06 01:48:27.896, NVIDIA H200, 47, 100 %, 53 %, 74385 MiB, 143771 MiB
2026/08/06 01:48:30.896, NVIDIA H200, 38, 98 %, 44 %, 74385 MiB, 143771 MiB
2026/08/06 01:48:33.897, NVIDIA H200, 50, 100 %, 41 %, 74385 MiB, 143771 MiB
2026/08/06 01:48:36.897, NVIDIA H200, 48, 100 %, 51 %, 74385 MiB, 143771 MiB
2026/08/06 01:48:39.898, NVIDIA H200, 46, 49 %, 23 %, 74385 MiB, 143771 MiB
2026/08/06 01:48:42.899, NVIDIA H200, 48, 98 %, 51 %, 74385 MiB, 143771 MiB
2026/08/06 01:48:45.900, NVIDIA H200, 48, 100 %, 40 %, 74385 MiB, 143771 MiB
2026/08/06 01:48:48.900, NVIDIA H200, 40, 0 %, 0 %, 74385 MiB, 143771 MiB
2026/08/06 01:48:51.900, NVIDIA H200, 35, 99 %, 35 %, 74385 MiB, 143771 MiB
2026/08/06 01:48:54.901, NVIDIA H200, 50, 100 %, 44 %, 74385 MiB, 143771 MiB
2026/08/06 01:48:57.901, NVIDIA H200, 47, 96 %, 57 %, 74385 MiB, 143771 MiB
2026/08/06 01:49:00.902, NVIDIA H200, 47, 100 %, 44 %, 74385 MiB, 143771 MiB
2026/08/06 01:49:03.903, NVIDIA H200, 46, 100 %, 43 %, 74385 MiB, 143771 MiB
2026/08/06 01:49:06.903, NVIDIA H200, 43, 100 %, 42 %, 74385 MiB, 143771 MiB
2026/08/06 01:49:09.904, NVIDIA H200, 48, 100 %, 45 %, 74385 MiB, 143771 MiB
2026/08/06 01:49:12.904, NVIDIA H200, 36, 80 %, 27 %, 74385 MiB, 143771 MiB
2026/08/06 01:49:15.905, NVIDIA H200, 48, 100 %, 40 %, 74385 MiB, 143771 MiB
2026/08/06 01:49:18.905, NVIDIA H200, 48, 96 %, 48 %, 74385 MiB, 143771 MiB
2026/08/06 01:49:21.906, NVIDIA H200, 30, 0 %, 0 %, 74385 MiB, 143771 MiB
2026/08/06 01:49:24.906, NVIDIA H200, 26, 0 %, 0 %, 74385 MiB, 143771 MiB
2026/08/06 01:49:27.907, NVIDIA H200, 35, 99 %, 34 %, 74385 MiB, 143771 MiB
2026/08/06 01:49:30.907, NVIDIA H200, 26, 0 %, 0 %, 74385 MiB, 143771 MiB
2026/08/06 01:49:33.908, NVIDIA H200, 26, 0 %, 0 %, 74385 MiB, 143771 MiB
2026/08/06 01:49:36.908, NVIDIA H200, 25, 37 %, 2 %, 74385 MiB, 143771 MiB
2026/08/06 01:49:39.909, NVIDIA H200, 41, 97 %, 50 %, 74385 MiB, 143771 MiB
2026/08/06 01:49:42.910, NVIDIA H200, 46, 100 %, 40 %, 74385 MiB, 143771 MiB
2026/08/06 01:49:45.910, NVIDIA H200, 48, 97 %, 40 %, 74385 MiB, 143771 MiB
2026/08/06 01:49:48.911, NVIDIA H200, 47, 99 %, 47 %, 74385 MiB, 143771 MiB
2026/08/06 01:49:51.912, NVIDIA H200, 48, 100 %, 43 %, 74385 MiB, 143771 MiB
2026/08/06 01:49:54.912, NVIDIA H200, 41, 99 %, 46 %, 74385 MiB, 143771 MiB
2026/08/06 01:49:57.913, NVIDIA H200, 37, 25 %, 15 %, 74385 MiB, 143771 MiB
2026/08/06 01:50:00.913, NVIDIA H200, 47, 100 %, 37 %, 74385 MiB, 143771 MiB
2026/08/06 01:50:03.914, NVIDIA H200, 49, 97 %, 36 %, 74385 MiB, 143771 MiB
2026/08/06 01:50:06.915, NVIDIA H200, 49, 100 %, 41 %, 74385 MiB, 143771 MiB
2026/08/06 01:50:09.915, NVIDIA H200, 48, 100 %, 49 %, 74385 MiB, 143771 MiB
2026/08/06 01:50:12.916, NVIDIA H200, 46, 100 %, 39 %, 74385 MiB, 143771 MiB
2026/08/06 01:50:15.916, NVIDIA H200, 46, 100 %, 45 %, 74385 MiB, 143771 MiB
2026/08/06 01:50:18.917, NVIDIA H200, 45, 87 %, 27 %, 74385 MiB, 143771 MiB
2026/08/06 01:50:21.917, NVIDIA H200, 50, 100 %, 43 %, 74385 MiB, 143771 MiB
2026/08/06 01:50:24.918, NVIDIA H200, 46, 96 %, 55 %, 74385 MiB, 143771 MiB
2026/08/06 01:50:27.918, NVIDIA H200, 50, 100 %, 49 %, 74385 MiB, 143771 MiB
2026/08/06 01:50:30.919, NVIDIA H200, 45, 100 %, 42 %, 74385 MiB, 143771 MiB
2026/08/06 01:50:33.919, NVIDIA H200, 47, 100 %, 49 %, 74385 MiB, 143771 MiB
2026/08/06 01:50:36.920, NVIDIA H200, 47, 100 %, 47 %, 74385 MiB, 143771 MiB
2026/08/06 01:50:39.921, NVIDIA H200, 45, 96 %, 57 %, 74385 MiB, 143771 MiB
2026/08/06 01:50:42.921, NVIDIA H200, 47, 100 %, 44 %, 74385 MiB, 143771 MiB
2026/08/06 01:50:45.922, NVIDIA H200, 42, 80 %, 37 %, 74385 MiB, 143771 MiB
2026/08/06 01:50:48.922, NVIDIA H200, 50, 100 %, 41 %, 74385 MiB, 143771 MiB
2026/08/06 01:50:51.923, NVIDIA H200, 48, 98 %, 43 %, 74385 MiB, 143771 MiB
2026/08/06 01:50:54.923, NVIDIA H200, 47, 99 %, 37 %, 74385 MiB, 143771 MiB
2026/08/06 01:50:57.924, NVIDIA H200, 48, 98 %, 34 %, 74385 MiB, 143771 MiB
2026/08/06 01:51:00.925, NVIDIA H200, 48, 100 %, 45 %, 74385 MiB, 143771 MiB
2026/08/06 01:51:03.925, NVIDIA H200, 48, 100 %, 44 %, 74385 MiB, 143771 MiB
2026/08/06 01:51:06.926, NVIDIA H200, 48, 100 %, 44 %, 74385 MiB, 143771 MiB
2026/08/06 01:51:09.927, NVIDIA H200, 30, 0 %, 0 %, 74385 MiB, 143771 MiB
2026/08/06 01:51:12.927, NVIDIA H200, 26, 0 %, 0 %, 74385 MiB, 143771 MiB
2026/08/06 01:51:15.928, NVIDIA H200, 41, 97 %, 35 %, 74385 MiB, 143771 MiB
2026/08/06 01:51:18.928, NVIDIA H200, 29, 0 %, 0 %, 74385 MiB, 143771 MiB
2026/08/06 01:51:21.929, NVIDIA H200, 25, 0 %, 0 %, 74389 MiB, 143771 MiB
2026/08/06 01:51:24.929, NVIDIA H200, 25, 0 %, 0 %, 74389 MiB, 143771 MiB
2026/08/06 01:51:27.930, NVIDIA H200, 24, 0 %, 0 %, 74389 MiB, 143771 MiB
2026/08/06 01:51:30.930, NVIDIA H200, 24, 0 %, 0 %, 74389 MiB, 143771 MiB
2026/08/06 01:51:33.931, NVIDIA H200, 24, 0 %, 0 %, 74389 MiB, 143771 MiB
2026/08/06 01:51:36.932, NVIDIA H200, 24, 0 %, 0 %, 74389 MiB, 143771 MiB
2026/08/06 01:51:39.932, NVIDIA H200, 24, 0 %, 0 %, 74389 MiB, 143771 MiB
2026/08/06 01:51:42.933, NVIDIA H200, 24, 0 %, 0 %, 74389 MiB, 143771 MiB
2026/08/06 01:51:45.933, NVIDIA H200, 24, 0 %, 0 %, 74389 MiB, 143771 MiB
2026/08/06 01:51:48.934, NVIDIA H200, 24, 0 %, 0 %, 74389 MiB, 143771 MiB
2026/08/06 01:51:51.934, NVIDIA H200, 24, 0 %, 0 %, 74389 MiB, 143771 MiB
2026/08/06 01:51:54.935, NVIDIA H200, 24, 0 %, 0 %, 74389 MiB, 143771 MiB
2026/08/06 01:51:57.936, NVIDIA H200, 24, 0 %, 0 %, 74389 MiB, 143771 MiB
2026/08/06 01:52:00.936, NVIDIA H200, 24, 0 %, 0 %, 74389 MiB, 143771 MiB
2026/08/06 01:52:03.937, NVIDIA H200, 24, 0 %, 0 %, 74389 MiB, 143771 MiB
2026/08/06 01:52:06.937, NVIDIA H200, 24, 0 %, 0 %, 74389 MiB, 143771 MiB
2026/08/06 01:52:09.938, NVIDIA H200, 23, 0 %, 0 %, 74389 MiB, 143771 MiB
2026/08/06 01:52:12.939, NVIDIA H200, 23, 0 %, 0 %, 74389 MiB, 143771 MiB
2026/08/06 01:52:15.939, NVIDIA H200, 23, 0 %, 0 %, 74389 MiB, 143771 MiB
2026/08/06 01:52:18.940, NVIDIA H200, 23, 0 %, 0 %, 74389 MiB, 143771 MiB
2026/08/06 01:52:21.940, NVIDIA H200, 23, 0 %, 0 %, 74389 MiB, 143771 MiB
2026/08/06 01:52:24.941, NVIDIA H200, 23, 0 %, 0 %, 74389 MiB, 143771 MiB
2026/08/06 01:52:27.941, NVIDIA H200, 23, 0 %, 0 %, 74389 MiB, 143771 MiB
2026/08/06 01:52:30.944, NVIDIA H200, 23, 0 %, 0 %, 74389 MiB, 143771 MiB
2026/08/06 01:52:33.944, NVIDIA H200, 23, 0 %, 0 %, 74389 MiB, 143771 MiB
2026/08/06 01:52:36.945, NVIDIA H200, 23, 0 %, 0 %, 74389 MiB, 143771 MiB
2026/08/06 01:52:39.945, NVIDIA H200, 23, 0 %, 0 %, 74389 MiB, 143771 MiB
2026/08/06 01:52:42.946, NVIDIA H200, 23, 0 %, 0 %, 74389 MiB, 143771 MiB
2026/08/06 01:52:45.947, NVIDIA H200, 23, 0 %, 0 %, 74389 MiB, 143771 MiB
2026/08/06 01:52:48.947, NVIDIA H200, 23, 0 %, 0 %, 74389 MiB, 143771 MiB
2026/08/06 01:52:51.948, NVIDIA H200, 23, 0 %, 0 %, 74389 MiB, 143771 MiB
2026/08/06 01:52:54.948, NVIDIA H200, 23, 0 %, 0 %, 74389 MiB, 143771 MiB
2026/08/06 01:52:57.949, NVIDIA H200, 23, 0 %, 0 %, 74389 MiB, 143771 MiB
2026/08/06 01:53:00.952, NVIDIA H200, 23, 0 %, 0 %, 74389 MiB, 143771 MiB
2026/08/06 01:53:03.952, NVIDIA H200, 23, 0 %, 0 %, 74389 MiB, 143771 MiB
2026/08/06 01:53:06.953, NVIDIA H200, 23, 0 %, 0 %, 74389 MiB, 143771 MiB
2026/08/06 01:53:09.954, NVIDIA H200, 23, 0 %, 0 %, 74389 MiB, 143771 MiB
2026/08/06 01:53:12.954, NVIDIA H200, 23, 0 %, 0 %, 74389 MiB, 143771 MiB
2026/08/06 01:53:15.955, NVIDIA H200, 23, 0 %, 0 %, 74389 MiB, 143771 MiB
2026/08/06 01:53:18.955, NVIDIA H200, 23, 0 %, 0 %, 74389 MiB, 143771 MiB
2026/08/06 01:53:21.956, NVIDIA H200, 23, 0 %, 0 %, 74389 MiB, 143771 MiB
2026/08/06 01:53:24.956, NVIDIA H200, 23, 0 %, 0 %, 74389 MiB, 143771 MiB
2026/08/06 01:53:27.957, NVIDIA H200, 23, 0 %, 0 %, 74389 MiB, 143771 MiB
2026/08/06 01:53:30.959, NVIDIA H200, 23, 0 %, 0 %, 74389 MiB, 143771 MiB
2026/08/06 01:53:33.960, NVIDIA H200, 23, 0 %, 0 %, 74389 MiB, 143771 MiB
2026/08/06 01:53:36.961, NVIDIA H200, 23, 0 %, 0 %, 74389 MiB, 143771 MiB
2026/08/06 01:53:39.961, NVIDIA H200, 23, 0 %, 0 %, 74389 MiB, 143771 MiB
2026/08/06 01:53:42.962, NVIDIA H200, 23, 0 %, 0 %, 74389 MiB, 143771 MiB
2026/08/06 01:53:45.962, NVIDIA H200, 23, 0 %, 0 %, 74389 MiB, 143771 MiB
2026/08/06 01:53:48.963, NVIDIA H200, 23, 0 %, 0 %, 74389 MiB, 143771 MiB
2026/08/06 01:53:51.964, NVIDIA H200, 23, 0 %, 0 %, 74389 MiB, 143771 MiB
2026/08/06 01:53:54.964, NVIDIA H200, 23, 0 %, 0 %, 74389 MiB, 143771 MiB
2026/08/06 01:53:57.965, NVIDIA H200, 23, 0 %, 0 %, 74389 MiB, 143771 MiB
2026/08/06 01:54:00.968, NVIDIA H200, 23, 0 %, 0 %, 74389 MiB, 143771 MiB
2026/08/06 01:54:03.968, NVIDIA H200, 23, 0 %, 0 %, 74389 MiB, 143771 MiB
2026/08/06 01:54:06.969, NVIDIA H200, 23, 0 %, 0 %, 74389 MiB, 143771 MiB
2026/08/06 01:54:09.969, NVIDIA H200, 23, 0 %, 0 %, 74389 MiB, 143771 MiB
2026/08/06 01:54:12.970, NVIDIA H200, 23, 0 %, 0 %, 74389 MiB, 143771 MiB
2026/08/06 01:54:15.971, NVIDIA H200, 23, 0 %, 0 %, 74389 MiB, 143771 MiB
2026/08/06 01:54:18.971, NVIDIA H200, 23, 0 %, 0 %, 74389 MiB, 143771 MiB
2026/08/06 01:54:21.972, NVIDIA H200, 23, 0 %, 0 %, 74389 MiB, 143771 MiB
2026/08/06 01:54:24.972, NVIDIA H200, 23, 0 %, 0 %, 74389 MiB, 143771 MiB
2026/08/06 01:54:27.973, NVIDIA H200, 23, 0 %, 0 %, 74389 MiB, 143771 MiB
2026/08/06 01:54:30.974, NVIDIA H200, 23, 0 %, 0 %, 74389 MiB, 143771 MiB
2026/08/06 01:54:33.975, NVIDIA H200, 23, 0 %, 0 %, 74389 MiB, 143771 MiB
2026/08/06 01:54:36.975, NVIDIA H200, 23, 0 %, 0 %, 74389 MiB, 143771 MiB
2026/08/06 01:54:39.976, NVIDIA H200, 23, 0 %, 0 %, 74389 MiB, 143771 MiB
2026/08/06 01:54:42.977, NVIDIA H200, 23, 0 %, 0 %, 74389 MiB, 143771 MiB
2026/08/06 01:54:45.977, NVIDIA H200, 23, 0 %, 0 %, 74389 MiB, 143771 MiB
2026/08/06 01:54:48.978, NVIDIA H200, 23, 0 %, 0 %, 74389 MiB, 143771 MiB
2026/08/06 01:54:51.978, NVIDIA H200, 23, 0 %, 0 %, 74389 MiB, 143771 MiB
2026/08/06 01:54:54.979, NVIDIA H200, 23, 0 %, 0 %, 74389 MiB, 143771 MiB
2026/08/06 01:54:57.979, NVIDIA H200, 23, 0 %, 0 %, 74389 MiB, 143771 MiB
2026/08/06 01:55:00.980, NVIDIA H200, 23, 0 %, 0 %, 74389 MiB, 143771 MiB
2026/08/06 01:55:03.981, NVIDIA H200, 23, 0 %, 0 %, 74389 MiB, 143771 MiB
2026/08/06 01:55:06.982, NVIDIA H200, 23, 0 %, 0 %, 74389 MiB, 143771 MiB
2026/08/06 01:55:09.982, NVIDIA H200, 23, 0 %, 0 %, 74389 MiB, 143771 MiB
2026/08/06 01:55:12.983, NVIDIA H200, 23, 0 %, 0 %, 74389 MiB, 143771 MiB
2026/08/06 01:55:15.983, NVIDIA H200, 23, 0 %, 0 %, 74389 MiB, 143771 MiB
2026/08/06 01:55:18.984, NVIDIA H200, 23, 0 %, 0 %, 74389 MiB, 143771 MiB
2026/08/06 01:55:21.985, NVIDIA H200, 23, 0 %, 0 %, 74389 MiB, 143771 MiB
2026/08/06 01:55:24.985, NVIDIA H200, 23, 0 %, 0 %, 74389 MiB, 143771 MiB
2026/08/06 01:55:27.986, NVIDIA H200, 23, 0 %, 0 %, 74389 MiB, 143771 MiB
2026/08/06 01:55:30.988, NVIDIA H200, 23, 0 %, 0 %, 74389 MiB, 143771 MiB
2026/08/06 01:55:33.988, NVIDIA H200, 23, 0 %, 0 %, 74389 MiB, 143771 MiB
2026/08/06 01:55:36.989, NVIDIA H200, 23, 0 %, 0 %, 74389 MiB, 143771 MiB
2026/08/06 01:55:39.989, NVIDIA H200, 23, 0 %, 0 %, 74389 MiB, 143771 MiB
2026/08/06 01:55:42.990, NVIDIA H200, 23, 0 %, 0 %, 74389 MiB, 143771 MiB
2026/08/06 01:55:45.991, NVIDIA H200, 23, 0 %, 0 %, 74389 MiB, 143771 MiB
2026/08/06 01:55:48.991, NVIDIA H200, 23, 0 %, 0 %, 74389 MiB, 143771 MiB
2026/08/06 01:55:51.992, NVIDIA H200, 23, 0 %, 0 %, 74389 MiB, 143771 MiB
2026/08/06 01:55:54.992, NVIDIA H200, 23, 0 %, 0 %, 74389 MiB, 143771 MiB
2026/08/06 01:55:57.993, NVIDIA H200, 23, 0 %, 0 %, 74389 MiB, 143771 MiB
2026/08/06 01:56:00.994, NVIDIA H200, 23, 0 %, 0 %, 74389 MiB, 143771 MiB
2026/08/06 01:56:03.995, NVIDIA H200, 23, 0 %, 0 %, 74389 MiB, 143771 MiB
2026/08/06 01:56:06.995, NVIDIA H200, 23, 0 %, 0 %, 74389 MiB, 143771 MiB
2026/08/06 01:56:09.996, NVIDIA H200, 23, 0 %, 0 %, 74389 MiB, 143771 MiB
2026/08/06 01:56:12.997, NVIDIA H200, 23, 0 %, 0 %, 74389 MiB, 143771 MiB
2026/08/06 01:56:15.997, NVIDIA H200, 23, 0 %, 0 %, 74389 MiB, 143771 MiB
2026/08/06 01:56:18.998, NVIDIA H200, 23, 0 %, 0 %, 74389 MiB, 143771 MiB
2026/08/06 01:56:21.999, NVIDIA H200, 23, 0 %, 0 %, 74389 MiB, 143771 MiB
2026/08/06 01:56:24.999, NVIDIA H200, 23, 0 %, 0 %, 74389 MiB, 143771 MiB
2026/08/06 01:56:28.000, NVIDIA H200, 23, 0 %, 0 %, 74389 MiB, 143771 MiB
2026/08/06 01:56:31.002, NVIDIA H200, 23, 0 %, 0 %, 74389 MiB, 143771 MiB
2026/08/06 01:56:34.002, NVIDIA H200, 23, 0 %, 0 %, 74389 MiB, 143771 MiB
2026/08/06 01:56:37.003, NVIDIA H200, 23, 0 %, 0 %, 74389 MiB, 143771 MiB
2026/08/06 01:56:40.003, NVIDIA H200, 23, 0 %, 0 %, 74389 MiB, 143771 MiB
2026/08/06 01:56:43.004, NVIDIA H200, 23, 0 %, 0 %, 74389 MiB, 143771 MiB
2026/08/06 01:56:46.004, NVIDIA H200, 23, 0 %, 0 %, 74389 MiB, 143771 MiB
2026/08/06 01:56:49.005, NVIDIA H200, 23, 0 %, 0 %, 74389 MiB, 143771 MiB
2026/08/06 01:56:52.006, NVIDIA H200, 23, 0 %, 0 %, 74389 MiB, 143771 MiB
2026/08/06 01:56:55.006, NVIDIA H200, 23, 0 %, 0 %, 74389 MiB, 143771 MiB
2026/08/06 01:56:58.007, NVIDIA H200, 23, 0 %, 0 %, 74389 MiB, 143771 MiB
2026/08/06 01:57:01.010, NVIDIA H200, 23, 0 %, 0 %, 74389 MiB, 143771 MiB
2026/08/06 01:57:04.010, NVIDIA H200, 23, 0 %, 0 %, 74389 MiB, 143771 MiB
2026/08/06 01:57:07.011, NVIDIA H200, 23, 0 %, 0 %, 74389 MiB, 143771 MiB
2026/08/06 01:57:10.011, NVIDIA H200, 23, 0 %, 0 %, 74389 MiB, 143771 MiB
2026/08/06 01:57:13.012, NVIDIA H200, 22, 0 %, 0 %, 74389 MiB, 143771 MiB
2026/08/06 01:57:16.013, NVIDIA H200, 22, 0 %, 0 %, 74389 MiB, 143771 MiB
2026/08/06 01:57:19.013, NVIDIA H200, 22, 0 %, 0 %, 74389 MiB, 143771 MiB
2026/08/06 01:57:22.014, NVIDIA H200, 22, 0 %, 0 %, 74389 MiB, 143771 MiB
2026/08/06 01:57:25.015, NVIDIA H200, 22, 0 %, 0 %, 74389 MiB, 143771 MiB
2026/08/06 01:57:28.015, NVIDIA H200, 22, 0 %, 0 %, 74389 MiB, 143771 MiB
2026/08/06 01:57:31.018, NVIDIA H200, 22, 0 %, 0 %, 74389 MiB, 143771 MiB
2026/08/06 01:57:34.018, NVIDIA H200, 22, 0 %, 0 %, 74389 MiB, 143771 MiB
2026/08/06 01:57:37.019, NVIDIA H200, 22, 0 %, 0 %, 74389 MiB, 143771 MiB
2026/08/06 01:57:40.019, NVIDIA H200, 22, 0 %, 0 %, 74389 MiB, 143771 MiB
2026/08/06 01:57:43.020, NVIDIA H200, 22, 0 %, 0 %, 74389 MiB, 143771 MiB
2026/08/06 01:57:46.021, NVIDIA H200, 22, 0 %, 0 %, 74389 MiB, 143771 MiB
2026/08/06 01:57:49.021, NVIDIA H200, 22, 0 %, 0 %, 74389 MiB, 143771 MiB
2026/08/06 01:57:52.022, NVIDIA H200, 22, 0 %, 0 %, 74389 MiB, 143771 MiB
2026/08/06 01:57:55.022, NVIDIA H200, 22, 0 %, 0 %, 74389 MiB, 143771 MiB
2026/08/06 01:57:58.023, NVIDIA H200, 22, 0 %, 0 %, 74389 MiB, 143771 MiB
2026/08/06 01:58:01.026, NVIDIA H200, 22, 0 %, 0 %, 74389 MiB, 143771 MiB
2026/08/06 01:58:04.027, NVIDIA H200, 22, 0 %, 0 %, 74389 MiB, 143771 MiB
2026/08/06 01:58:07.027, NVIDIA H200, 44, 97 %, 50 %, 74389 MiB, 143771 MiB
2026/08/06 01:58:10.028, NVIDIA H200, 40, 72 %, 35 %, 74389 MiB, 143771 MiB
2026/08/06 01:58:13.029, NVIDIA H200, 44, 100 %, 36 %, 74389 MiB, 143771 MiB
2026/08/06 01:58:16.029, NVIDIA H200, 47, 100 %, 50 %, 74389 MiB, 143771 MiB
2026/08/06 01:58:19.030, NVIDIA H200, 45, 97 %, 28 %, 74389 MiB, 143771 MiB
2026/08/06 01:58:22.031, NVIDIA H200, 46, 100 %, 51 %, 74389 MiB, 143771 MiB
2026/08/06 01:58:25.031, NVIDIA H200, 44, 100 %, 40 %, 74389 MiB, 143771 MiB
2026/08/06 01:58:28.032, NVIDIA H200, 45, 100 %, 39 %, 74389 MiB, 143771 MiB
2026/08/06 01:58:31.035, NVIDIA H200, 45, 100 %, 44 %, 74389 MiB, 143771 MiB
2026/08/06 01:58:34.036, NVIDIA H200, 45, 98 %, 47 %, 74389 MiB, 143771 MiB
2026/08/06 01:58:37.037, NVIDIA H200, 46, 100 %, 46 %, 74389 MiB, 143771 MiB
2026/08/06 01:58:40.037, NVIDIA H200, 45, 98 %, 28 %, 74389 MiB, 143771 MiB
2026/08/06 01:58:43.038, NVIDIA H200, 46, 100 %, 37 %, 74389 MiB, 143771 MiB
2026/08/06 01:58:46.038, NVIDIA H200, 44, 100 %, 49 %, 74389 MiB, 143771 MiB
2026/08/06 01:58:49.039, NVIDIA H200, 43, 100 %, 46 %, 74389 MiB, 143771 MiB
2026/08/06 01:58:52.040, NVIDIA H200, 46, 100 %, 36 %, 74389 MiB, 143771 MiB
2026/08/06 01:58:55.041, NVIDIA H200, 39, 32 %, 1 %, 74389 MiB, 143771 MiB
2026/08/06 01:58:58.041, NVIDIA H200, 44, 100 %, 40 %, 74389 MiB, 143771 MiB
2026/08/06 01:59:01.044, NVIDIA H200, 45, 100 %, 45 %, 74389 MiB, 143771 MiB
2026/08/06 01:59:04.044, NVIDIA H200, 43, 100 %, 53 %, 74389 MiB, 143771 MiB
2026/08/06 01:59:07.045, NVIDIA H200, 46, 100 %, 42 %, 74389 MiB, 143771 MiB
2026/08/06 01:59:10.046, NVIDIA H200, 42, 66 %, 19 %, 74389 MiB, 143771 MiB
2026/08/06 01:59:13.046, NVIDIA H200, 40, 100 %, 47 %, 74389 MiB, 143771 MiB
2026/08/06 01:59:16.047, NVIDIA H200, 42, 100 %, 47 %, 74389 MiB, 143771 MiB
2026/08/06 01:59:19.048, NVIDIA H200, 44, 98 %, 37 %, 74389 MiB, 143771 MiB
2026/08/06 01:59:22.048, NVIDIA H200, 45, 95 %, 48 %, 74389 MiB, 143771 MiB
2026/08/06 01:59:25.049, NVIDIA H200, 46, 100 %, 41 %, 74389 MiB, 143771 MiB
2026/08/06 01:59:28.049, NVIDIA H200, 45, 97 %, 26 %, 74389 MiB, 143771 MiB
2026/08/06 01:59:31.051, NVIDIA H200, 48, 100 %, 40 %, 74389 MiB, 143771 MiB
2026/08/06 01:59:34.052, NVIDIA H200, 40, 100 %, 46 %, 74389 MiB, 143771 MiB
2026/08/06 01:59:37.052, NVIDIA H200, 46, 98 %, 49 %, 74389 MiB, 143771 MiB
2026/08/06 01:59:40.053, NVIDIA H200, 46, 67 %, 24 %, 74389 MiB, 143771 MiB
2026/08/06 01:59:43.053, NVIDIA H200, 48, 100 %, 46 %, 74389 MiB, 143771 MiB
2026/08/06 01:59:46.054, NVIDIA H200, 47, 100 %, 44 %, 74389 MiB, 143771 MiB
2026/08/06 01:59:49.054, NVIDIA H200, 33, 6 %, 3 %, 23359 MiB, 143771 MiB
2026/08/06 01:59:52.055, NVIDIA H200, 39, 100 %, 17 %, 26665 MiB, 143771 MiB
2026/08/06 01:59:55.056, NVIDIA H200, 34, 100 %, 7 %, 19275 MiB, 143771 MiB
2026/08/06 01:59:58.056, NVIDIA H200, 27, 13 %, 6 %, 13247 MiB, 143771 MiB
2026/08/06 02:00:01.058, NVIDIA H200, 34, 100 %, 1 %, 13923 MiB, 143771 MiB
2026/08/06 02:00:04.058, NVIDIA H200, 24, 0 %, 0 %, 7489 MiB, 143771 MiB
2026/08/06 02:00:07.059, NVIDIA H200, 37, 81 %, 31 %, 28493 MiB, 143771 MiB
2026/08/06 02:00:10.059, NVIDIA H200, 27, 0 %, 0 %, 28493 MiB, 143771 MiB
2026/08/06 02:00:13.060, NVIDIA H200, 29, 0 %, 0 %, 28493 MiB, 143771 MiB
2026/08/06 02:00:16.060, NVIDIA H200, 24, 0 %, 0 %, 28493 MiB, 143771 MiB
2026/08/06 02:00:19.061, NVIDIA H200, 28, 0 %, 0 %, 74733 MiB, 143771 MiB
2026/08/06 02:00:22.062, NVIDIA H200, 44, 100 %, 50 %, 74733 MiB, 143771 MiB
2026/08/06 02:00:25.063, NVIDIA H200, 46, 100 %, 42 %, 74733 MiB, 143771 MiB
2026/08/06 02:00:28.063, NVIDIA H200, 44, 99 %, 55 %, 74733 MiB, 143771 MiB
2026/08/06 02:00:31.066, NVIDIA H200, 42, 100 %, 40 %, 74733 MiB, 143771 MiB
2026/08/06 02:00:34.067, NVIDIA H200, 46, 100 %, 43 %, 74733 MiB, 143771 MiB
2026/08/06 02:00:37.067, NVIDIA H200, 48, 97 %, 39 %, 74733 MiB, 143771 MiB
2026/08/06 02:00:40.068, NVIDIA H200, 44, 97 %, 54 %, 74733 MiB, 143771 MiB
2026/08/06 02:00:43.068, NVIDIA H200, 49, 100 %, 45 %, 74733 MiB, 143771 MiB
2026/08/06 02:00:46.069, NVIDIA H200, 45, 100 %, 44 %, 74733 MiB, 143771 MiB
2026/08/06 02:00:49.069, NVIDIA H200, 44, 97 %, 37 %, 74733 MiB, 143771 MiB
2026/08/06 02:00:52.070, NVIDIA H200, 46, 100 %, 33 %, 74733 MiB, 143771 MiB
2026/08/06 02:00:55.071, NVIDIA H200, 42, 100 %, 46 %, 74733 MiB, 143771 MiB
2026/08/06 02:00:58.071, NVIDIA H200, 34, 4 %, 3 %, 74733 MiB, 143771 MiB
2026/08/06 02:01:01.073, NVIDIA H200, 34, 0 %, 0 %, 74733 MiB, 143771 MiB
2026/08/06 02:01:04.073, NVIDIA H200, 45, 96 %, 50 %, 74733 MiB, 143771 MiB
2026/08/06 02:01:07.074, NVIDIA H200, 43, 65 %, 34 %, 74733 MiB, 143771 MiB
2026/08/06 02:01:10.075, NVIDIA H200, 45, 96 %, 50 %, 74733 MiB, 143771 MiB
2026/08/06 02:01:13.075, NVIDIA H200, 48, 100 %, 40 %, 74733 MiB, 143771 MiB
2026/08/06 02:01:16.076, NVIDIA H200, 40, 99 %, 46 %, 74733 MiB, 143771 MiB
2026/08/06 02:01:19.076, NVIDIA H200, 47, 100 %, 41 %, 74733 MiB, 143771 MiB
2026/08/06 02:01:22.077, NVIDIA H200, 46, 100 %, 45 %, 74733 MiB, 143771 MiB
2026/08/06 02:01:25.077, NVIDIA H200, 47, 100 %, 45 %, 74733 MiB, 143771 MiB
2026/08/06 02:01:28.078, NVIDIA H200, 46, 55 %, 21 %, 74733 MiB, 143771 MiB
2026/08/06 02:01:31.079, NVIDIA H200, 40, 90 %, 47 %, 74733 MiB, 143771 MiB
2026/08/06 02:01:34.080, NVIDIA H200, 49, 100 %, 41 %, 74733 MiB, 143771 MiB
2026/08/06 02:01:37.080, NVIDIA H200, 47, 100 %, 44 %, 74733 MiB, 143771 MiB
2026/08/06 02:01:40.081, NVIDIA H200, 46, 100 %, 56 %, 74733 MiB, 143771 MiB
2026/08/06 02:01:43.082, NVIDIA H200, 46, 97 %, 50 %, 74733 MiB, 143771 MiB
2026/08/06 02:01:46.083, NVIDIA H200, 49, 100 %, 50 %, 74733 MiB, 143771 MiB
2026/08/06 02:01:49.083, NVIDIA H200, 48, 99 %, 55 %, 74733 MiB, 143771 MiB
2026/08/06 02:01:52.084, NVIDIA H200, 46, 97 %, 45 %, 74733 MiB, 143771 MiB
2026/08/06 02:01:55.084, NVIDIA H200, 41, 97 %, 35 %, 74733 MiB, 143771 MiB
2026/08/06 02:01:58.085, NVIDIA H200, 49, 100 %, 43 %, 74733 MiB, 143771 MiB
2026/08/06 02:02:01.085, NVIDIA H200, 30, 0 %, 0 %, 74733 MiB, 143771 MiB
2026/08/06 02:02:04.086, NVIDIA H200, 25, 0 %, 0 %, 74733 MiB, 143771 MiB
2026/08/06 02:02:07.087, NVIDIA H200, 26, 0 %, 0 %, 74733 MiB, 143771 MiB
2026/08/06 02:02:10.088, NVIDIA H200, 28, 0 %, 0 %, 74733 MiB, 143771 MiB
2026/08/06 02:02:13.088, NVIDIA H200, 43, 99 %, 41 %, 74733 MiB, 143771 MiB
2026/08/06 02:02:16.089, NVIDIA H200, 25, 0 %, 0 %, 74733 MiB, 143771 MiB
2026/08/06 02:02:19.090, NVIDIA H200, 24, 0 %, 0 %, 74733 MiB, 143771 MiB
2026/08/06 02:02:22.090, NVIDIA H200, 42, 100 %, 56 %, 74733 MiB, 143771 MiB
2026/08/06 02:02:25.091, NVIDIA H200, 43, 100 %, 37 %, 74733 MiB, 143771 MiB
2026/08/06 02:02:28.091, NVIDIA H200, 46, 98 %, 33 %, 74733 MiB, 143771 MiB
2026/08/06 02:02:31.092, NVIDIA H200, 47, 100 %, 39 %, 74733 MiB, 143771 MiB
2026/08/06 02:02:34.093, NVIDIA H200, 43, 37 %, 14 %, 74733 MiB, 143771 MiB
2026/08/06 02:02:37.093, NVIDIA H200, 45, 96 %, 56 %, 74733 MiB, 143771 MiB
2026/08/06 02:02:40.094, NVIDIA H200, 48, 100 %, 47 %, 74733 MiB, 143771 MiB
2026/08/06 02:02:43.094, NVIDIA H200, 46, 100 %, 34 %, 74733 MiB, 143771 MiB
2026/08/06 02:02:46.095, NVIDIA H200, 46, 97 %, 34 %, 74733 MiB, 143771 MiB
2026/08/06 02:02:49.096, NVIDIA H200, 44, 100 %, 40 %, 74733 MiB, 143771 MiB
2026/08/06 02:02:52.096, NVIDIA H200, 47, 100 %, 45 %, 74733 MiB, 143771 MiB
2026/08/06 02:02:55.097, NVIDIA H200, 46, 100 %, 30 %, 74733 MiB, 143771 MiB
2026/08/06 02:02:58.097, NVIDIA H200, 46, 99 %, 36 %, 74733 MiB, 143771 MiB
2026/08/06 02:03:01.098, NVIDIA H200, 44, 96 %, 46 %, 74733 MiB, 143771 MiB
2026/08/06 02:03:04.099, NVIDIA H200, 48, 100 %, 48 %, 74733 MiB, 143771 MiB
2026/08/06 02:03:07.100, NVIDIA H200, 44, 100 %, 40 %, 74733 MiB, 143771 MiB
2026/08/06 02:03:10.100, NVIDIA H200, 42, 96 %, 50 %, 74733 MiB, 143771 MiB
2026/08/06 02:03:13.101, NVIDIA H200, 46, 100 %, 54 %, 74733 MiB, 143771 MiB
2026/08/06 02:03:16.101, NVIDIA H200, 48, 100 %, 48 %, 74733 MiB, 143771 MiB
2026/08/06 02:03:19.102, NVIDIA H200, 45, 100 %, 41 %, 74733 MiB, 143771 MiB
2026/08/06 02:03:22.103, NVIDIA H200, 48, 100 %, 55 %, 74733 MiB, 143771 MiB
2026/08/06 02:03:25.103, NVIDIA H200, 44, 97 %, 48 %, 74733 MiB, 143771 MiB
2026/08/06 02:03:28.103, NVIDIA H200, 45, 81 %, 43 %, 74733 MiB, 143771 MiB
2026/08/06 02:03:31.104, NVIDIA H200, 45, 100 %, 55 %, 74733 MiB, 143771 MiB
2026/08/06 02:03:34.105, NVIDIA H200, 46, 100 %, 30 %, 74733 MiB, 143771 MiB
2026/08/06 02:03:37.105, NVIDIA H200, 45, 100 %, 40 %, 74733 MiB, 143771 MiB
2026/08/06 02:03:40.106, NVIDIA H200, 43, 100 %, 43 %, 74733 MiB, 143771 MiB
2026/08/06 02:03:43.107, NVIDIA H200, 41, 99 %, 53 %, 74733 MiB, 143771 MiB
2026/08/06 02:03:46.107, NVIDIA H200, 49, 100 %, 49 %, 74733 MiB, 143771 MiB
2026/08/06 02:03:49.108, NVIDIA H200, 37, 34 %, 16 %, 74733 MiB, 143771 MiB
2026/08/06 02:03:52.109, NVIDIA H200, 45, 98 %, 29 %, 74733 MiB, 143771 MiB
2026/08/06 02:03:55.109, NVIDIA H200, 46, 97 %, 49 %, 74733 MiB, 143771 MiB
2026/08/06 02:03:58.110, NVIDIA H200, 48, 96 %, 34 %, 74733 MiB, 143771 MiB
2026/08/06 02:04:01.111, NVIDIA H200, 33, 0 %, 0 %, 74733 MiB, 143771 MiB
2026/08/06 02:04:04.111, NVIDIA H200, 25, 0 %, 0 %, 74733 MiB, 143771 MiB
2026/08/06 02:04:07.112, NVIDIA H200, 26, 0 %, 0 %, 74733 MiB, 143771 MiB
2026/08/06 02:04:10.113, NVIDIA H200, 37, 100 %, 52 %, 74733 MiB, 143771 MiB
2026/08/06 02:04:13.113, NVIDIA H200, 33, 99 %, 55 %, 74733 MiB, 143771 MiB
2026/08/06 02:04:16.114, NVIDIA H200, 25, 0 %, 0 %, 74733 MiB, 143771 MiB
2026/08/06 02:04:19.114, NVIDIA H200, 24, 0 %, 0 %, 74733 MiB, 143771 MiB
2026/08/06 02:04:22.115, NVIDIA H200, 42, 98 %, 53 %, 74733 MiB, 143771 MiB
2026/08/06 02:04:25.115, NVIDIA H200, 45, 100 %, 43 %, 74733 MiB, 143771 MiB
2026/08/06 02:04:28.116, NVIDIA H200, 46, 100 %, 45 %, 74733 MiB, 143771 MiB
2026/08/06 02:04:31.117, NVIDIA H200, 46, 97 %, 33 %, 74733 MiB, 143771 MiB
2026/08/06 02:04:34.117, NVIDIA H200, 42, 51 %, 31 %, 74733 MiB, 143771 MiB
2026/08/06 02:04:37.118, NVIDIA H200, 42, 100 %, 45 %, 74733 MiB, 143771 MiB
2026/08/06 02:04:40.119, NVIDIA H200, 46, 100 %, 47 %, 74733 MiB, 143771 MiB
2026/08/06 02:04:43.119, NVIDIA H200, 42, 35 %, 1 %, 74733 MiB, 143771 MiB
2026/08/06 02:04:46.120, NVIDIA H200, 44, 100 %, 44 %, 74733 MiB, 143771 MiB
2026/08/06 02:04:49.121, NVIDIA H200, 48, 100 %, 39 %, 74733 MiB, 143771 MiB
2026/08/06 02:04:52.121, NVIDIA H200, 42, 100 %, 49 %, 74733 MiB, 143771 MiB
2026/08/06 02:04:55.122, NVIDIA H200, 45, 58 %, 15 %, 74733 MiB, 143771 MiB
2026/08/06 02:04:58.122, NVIDIA H200, 46, 100 %, 49 %, 74733 MiB, 143771 MiB
2026/08/06 02:05:01.123, NVIDIA H200, 48, 100 %, 42 %, 74733 MiB, 143771 MiB
2026/08/06 02:05:04.123, NVIDIA H200, 48, 100 %, 45 %, 74733 MiB, 143771 MiB
2026/08/06 02:05:07.124, NVIDIA H200, 42, 100 %, 45 %, 74733 MiB, 143771 MiB
2026/08/06 02:05:10.124, NVIDIA H200, 46, 100 %, 46 %, 74733 MiB, 143771 MiB
2026/08/06 02:05:13.125, NVIDIA H200, 48, 100 %, 30 %, 74733 MiB, 143771 MiB
2026/08/06 02:05:16.126, NVIDIA H200, 45, 100 %, 41 %, 74733 MiB, 143771 MiB
2026/08/06 02:05:19.126, NVIDIA H200, 44, 88 %, 39 %, 74733 MiB, 143771 MiB
2026/08/06 02:05:22.127, NVIDIA H200, 43, 98 %, 34 %, 74733 MiB, 143771 MiB
2026/08/06 02:05:25.127, NVIDIA H200, 46, 100 %, 48 %, 74733 MiB, 143771 MiB
2026/08/06 02:05:28.128, NVIDIA H200, 47, 98 %, 27 %, 74733 MiB, 143771 MiB
2026/08/06 02:05:31.129, NVIDIA H200, 44, 96 %, 54 %, 74733 MiB, 143771 MiB
2026/08/06 02:05:34.129, NVIDIA H200, 47, 100 %, 41 %, 74733 MiB, 143771 MiB
2026/08/06 02:05:37.130, NVIDIA H200, 37, 100 %, 47 %, 74733 MiB, 143771 MiB
2026/08/06 02:05:40.131, NVIDIA H200, 46, 100 %, 49 %, 74733 MiB, 143771 MiB
2026/08/06 02:05:43.131, NVIDIA H200, 47, 100 %, 49 %, 74733 MiB, 143771 MiB
2026/08/06 02:05:46.132, NVIDIA H200, 42, 100 %, 36 %, 74733 MiB, 143771 MiB
2026/08/06 02:05:49.132, NVIDIA H200, 45, 100 %, 50 %, 74733 MiB, 143771 MiB
2026/08/06 02:05:52.133, NVIDIA H200, 40, 100 %, 41 %, 74733 MiB, 143771 MiB
2026/08/06 02:05:55.133, NVIDIA H200, 47, 100 %, 39 %, 74733 MiB, 143771 MiB
2026/08/06 02:05:58.134, NVIDIA H200, 47, 100 %, 47 %, 74733 MiB, 143771 MiB
2026/08/06 02:06:01.134, NVIDIA H200, 47, 100 %, 47 %, 74733 MiB, 143771 MiB
2026/08/06 02:06:04.135, NVIDIA H200, 26, 0 %, 0 %, 74733 MiB, 143771 MiB
2026/08/06 02:06:07.136, NVIDIA H200, 24, 0 %, 0 %, 74733 MiB, 143771 MiB
2026/08/06 02:06:10.136, NVIDIA H200, 34, 39 %, 16 %, 74733 MiB, 143771 MiB
2026/08/06 02:06:13.137, NVIDIA H200, 25, 0 %, 0 %, 74733 MiB, 143771 MiB
2026/08/06 02:06:16.137, NVIDIA H200, 27, 0 %, 0 %, 74733 MiB, 143771 MiB
2026/08/06 02:06:19.138, NVIDIA H200, 24, 0 %, 0 %, 74733 MiB, 143771 MiB
2026/08/06 02:06:22.139, NVIDIA H200, 25, 0 %, 0 %, 74733 MiB, 143771 MiB
2026/08/06 02:06:25.139, NVIDIA H200, 44, 100 %, 31 %, 74733 MiB, 143771 MiB
2026/08/06 02:06:28.140, NVIDIA H200, 46, 100 %, 40 %, 74733 MiB, 143771 MiB
2026/08/06 02:06:31.141, NVIDIA H200, 45, 97 %, 29 %, 74733 MiB, 143771 MiB
2026/08/06 02:06:34.141, NVIDIA H200, 46, 100 %, 39 %, 74733 MiB, 143771 MiB
2026/08/06 02:06:37.142, NVIDIA H200, 47, 100 %, 49 %, 74733 MiB, 143771 MiB
2026/08/06 02:06:40.142, NVIDIA H200, 46, 100 %, 42 %, 74733 MiB, 143771 MiB
2026/08/06 02:06:43.143, NVIDIA H200, 46, 100 %, 49 %, 74733 MiB, 143771 MiB
2026/08/06 02:06:46.144, NVIDIA H200, 47, 98 %, 47 %, 74733 MiB, 143771 MiB
2026/08/06 02:06:49.145, NVIDIA H200, 45, 100 %, 42 %, 74733 MiB, 143771 MiB
2026/08/06 02:06:52.145, NVIDIA H200, 49, 100 %, 45 %, 74733 MiB, 143771 MiB
2026/08/06 02:06:55.146, NVIDIA H200, 38, 66 %, 27 %, 74733 MiB, 143771 MiB
2026/08/06 02:06:58.147, NVIDIA H200, 45, 97 %, 48 %, 74733 MiB, 143771 MiB
2026/08/06 02:07:01.147, NVIDIA H200, 46, 100 %, 49 %, 74733 MiB, 143771 MiB
2026/08/06 02:07:04.148, NVIDIA H200, 41, 19 %, 10 %, 74733 MiB, 143771 MiB
2026/08/06 02:07:07.149, NVIDIA H200, 47, 99 %, 47 %, 74733 MiB, 143771 MiB
2026/08/06 02:07:10.149, NVIDIA H200, 42, 100 %, 46 %, 74733 MiB, 143771 MiB
2026/08/06 02:07:13.150, NVIDIA H200, 38, 41 %, 19 %, 74733 MiB, 143771 MiB
2026/08/06 02:07:16.150, NVIDIA H200, 43, 100 %, 52 %, 74733 MiB, 143771 MiB
2026/08/06 02:07:19.151, NVIDIA H200, 40, 43 %, 7 %, 74733 MiB, 143771 MiB
2026/08/06 02:07:22.152, NVIDIA H200, 38, 69 %, 36 %, 74733 MiB, 143771 MiB
2026/08/06 02:07:25.152, NVIDIA H200, 45, 100 %, 40 %, 74733 MiB, 143771 MiB
2026/08/06 02:07:28.153, NVIDIA H200, 46, 100 %, 35 %, 74733 MiB, 143771 MiB
2026/08/06 02:07:31.153, NVIDIA H200, 41, 97 %, 45 %, 74733 MiB, 143771 MiB
2026/08/06 02:07:34.154, NVIDIA H200, 45, 96 %, 58 %, 74733 MiB, 143771 MiB
2026/08/06 02:07:37.154, NVIDIA H200, 46, 100 %, 43 %, 74733 MiB, 143771 MiB
2026/08/06 02:07:40.155, NVIDIA H200, 35, 97 %, 34 %, 74733 MiB, 143771 MiB
2026/08/06 02:07:43.156, NVIDIA H200, 44, 97 %, 38 %, 74733 MiB, 143771 MiB
2026/08/06 02:07:46.156, NVIDIA H200, 50, 100 %, 40 %, 74733 MiB, 143771 MiB
2026/08/06 02:07:49.157, NVIDIA H200, 46, 100 %, 40 %, 74733 MiB, 143771 MiB
2026/08/06 02:07:52.158, NVIDIA H200, 42, 0 %, 0 %, 74733 MiB, 143771 MiB
2026/08/06 02:07:55.158, NVIDIA H200, 45, 100 %, 50 %, 74733 MiB, 143771 MiB
2026/08/06 02:07:58.159, NVIDIA H200, 45, 100 %, 42 %, 74733 MiB, 143771 MiB
2026/08/06 02:08:01.159, NVIDIA H200, 49, 100 %, 37 %, 74733 MiB, 143771 MiB
2026/08/06 02:08:04.160, NVIDIA H200, 27, 0 %, 0 %, 74733 MiB, 143771 MiB
2026/08/06 02:08:07.161, NVIDIA H200, 31, 0 %, 0 %, 74733 MiB, 143771 MiB
2026/08/06 02:08:10.161, NVIDIA H200, 40, 98 %, 33 %, 74733 MiB, 143771 MiB
2026/08/06 02:08:13.162, NVIDIA H200, 26, 0 %, 0 %, 74733 MiB, 143771 MiB
2026/08/06 02:08:16.162, NVIDIA H200, 28, 0 %, 0 %, 74733 MiB, 143771 MiB
2026/08/06 02:08:19.163, NVIDIA H200, 24, 0 %, 0 %, 74733 MiB, 143771 MiB
2026/08/06 02:08:22.163, NVIDIA H200, 24, 0 %, 0 %, 74733 MiB, 143771 MiB
2026/08/06 02:08:25.164, NVIDIA H200, 23, 0 %, 0 %, 74733 MiB, 143771 MiB
2026/08/06 02:08:28.165, NVIDIA H200, 23, 0 %, 0 %, 74733 MiB, 143771 MiB
2026/08/06 02:08:31.165, NVIDIA H200, 23, 0 %, 0 %, 74733 MiB, 143771 MiB
2026/08/06 02:08:34.166, NVIDIA H200, 43, 97 %, 55 %, 74733 MiB, 143771 MiB
2026/08/06 02:08:37.167, NVIDIA H200, 45, 100 %, 46 %, 74733 MiB, 143771 MiB
2026/08/06 02:08:40.167, NVIDIA H200, 47, 100 %, 45 %, 74733 MiB, 143771 MiB
2026/08/06 02:08:43.168, NVIDIA H200, 44, 98 %, 51 %, 74733 MiB, 143771 MiB
2026/08/06 02:08:46.169, NVIDIA H200, 46, 100 %, 37 %, 74733 MiB, 143771 MiB
2026/08/06 02:08:49.169, NVIDIA H200, 47, 100 %, 38 %, 74733 MiB, 143771 MiB
2026/08/06 02:08:52.170, NVIDIA H200, 46, 56 %, 21 %, 74733 MiB, 143771 MiB
2026/08/06 02:08:55.171, NVIDIA H200, 47, 100 %, 39 %, 74733 MiB, 143771 MiB
2026/08/06 02:08:58.171, NVIDIA H200, 44, 100 %, 43 %, 74733 MiB, 143771 MiB
2026/08/06 02:09:01.172, NVIDIA H200, 40, 100 %, 43 %, 74733 MiB, 143771 MiB
2026/08/06 02:09:04.174, NVIDIA H200, 44, 100 %, 55 %, 74733 MiB, 143771 MiB
2026/08/06 02:09:07.175, NVIDIA H200, 46, 100 %, 44 %, 74733 MiB, 143771 MiB
2026/08/06 02:09:10.175, NVIDIA H200, 37, 100 %, 49 %, 74733 MiB, 143771 MiB
2026/08/06 02:09:13.176, NVIDIA H200, 37, 27 %, 15 %, 74733 MiB, 143771 MiB
2026/08/06 02:09:16.176, NVIDIA H200, 46, 100 %, 47 %, 74733 MiB, 143771 MiB
2026/08/06 02:09:19.177, NVIDIA H200, 41, 100 %, 45 %, 74733 MiB, 143771 MiB
2026/08/06 02:09:22.178, NVIDIA H200, 44, 4 %, 3 %, 74733 MiB, 143771 MiB
2026/08/06 02:09:25.178, NVIDIA H200, 43, 64 %, 25 %, 74733 MiB, 143771 MiB
2026/08/06 02:09:28.179, NVIDIA H200, 44, 63 %, 17 %, 74733 MiB, 143771 MiB
2026/08/06 02:09:31.180, NVIDIA H200, 48, 100 %, 44 %, 74733 MiB, 143771 MiB
2026/08/06 02:09:34.180, NVIDIA H200, 38, 100 %, 53 %, 74733 MiB, 143771 MiB
2026/08/06 02:09:37.181, NVIDIA H200, 43, 60 %, 32 %, 74733 MiB, 143771 MiB
2026/08/06 02:09:40.181, NVIDIA H200, 48, 100 %, 37 %, 74733 MiB, 143771 MiB
2026/08/06 02:09:43.182, NVIDIA H200, 42, 100 %, 47 %, 74733 MiB, 143771 MiB
2026/08/06 02:09:46.183, NVIDIA H200, 48, 100 %, 30 %, 74733 MiB, 143771 MiB
2026/08/06 02:09:49.183, NVIDIA H200, 46, 100 %, 41 %, 74733 MiB, 143771 MiB
2026/08/06 02:09:52.184, NVIDIA H200, 44, 100 %, 47 %, 74733 MiB, 143771 MiB
2026/08/06 02:09:55.184, NVIDIA H200, 47, 97 %, 29 %, 74733 MiB, 143771 MiB
2026/08/06 02:09:58.185, NVIDIA H200, 49, 100 %, 37 %, 74733 MiB, 143771 MiB
2026/08/06 02:10:01.186, NVIDIA H200, 47, 100 %, 45 %, 74733 MiB, 143771 MiB
2026/08/06 02:10:04.186, NVIDIA H200, 45, 100 %, 49 %, 74733 MiB, 143771 MiB
2026/08/06 02:10:07.187, NVIDIA H200, 46, 100 %, 47 %, 74733 MiB, 143771 MiB
2026/08/06 02:10:10.187, NVIDIA H200, 47, 98 %, 49 %, 74733 MiB, 143771 MiB
2026/08/06 02:10:13.188, NVIDIA H200, 47, 94 %, 43 %, 74733 MiB, 143771 MiB
2026/08/06 02:10:16.189, NVIDIA H200, 25, 0 %, 0 %, 74733 MiB, 143771 MiB
2026/08/06 02:10:19.189, NVIDIA H200, 24, 0 %, 0 %, 74733 MiB, 143771 MiB
2026/08/06 02:10:22.190, NVIDIA H200, 32, 85 %, 45 %, 74733 MiB, 143771 MiB
2026/08/06 02:10:25.191, NVIDIA H200, 36, 0 %, 0 %, 74733 MiB, 143771 MiB
2026/08/06 02:10:28.191, NVIDIA H200, 25, 0 %, 0 %, 74733 MiB, 143771 MiB
2026/08/06 02:10:31.192, NVIDIA H200, 27, 0 %, 0 %, 74733 MiB, 143771 MiB
2026/08/06 02:10:34.193, NVIDIA H200, 38, 100 %, 46 %, 74733 MiB, 143771 MiB
2026/08/06 02:10:37.193, NVIDIA H200, 43, 19 %, 10 %, 74733 MiB, 143771 MiB
2026/08/06 02:10:40.194, NVIDIA H200, 42, 100 %, 43 %, 74733 MiB, 143771 MiB
2026/08/06 02:10:43.195, NVIDIA H200, 46, 100 %, 33 %, 74733 MiB, 143771 MiB
2026/08/06 02:10:46.195, NVIDIA H200, 47, 100 %, 30 %, 74733 MiB, 143771 MiB
2026/08/06 02:10:49.196, NVIDIA H200, 45, 100 %, 44 %, 74733 MiB, 143771 MiB
2026/08/06 02:10:52.196, NVIDIA H200, 40, 100 %, 55 %, 74733 MiB, 143771 MiB
2026/08/06 02:10:55.197, NVIDIA H200, 44, 27 %, 16 %, 74733 MiB, 143771 MiB
2026/08/06 02:10:58.197, NVIDIA H200, 47, 100 %, 50 %, 74733 MiB, 143771 MiB
2026/08/06 02:11:01.198, NVIDIA H200, 45, 96 %, 34 %, 74733 MiB, 143771 MiB
2026/08/06 02:11:04.198, NVIDIA H200, 46, 100 %, 37 %, 74733 MiB, 143771 MiB
2026/08/06 02:11:07.199, NVIDIA H200, 46, 100 %, 44 %, 74733 MiB, 143771 MiB
2026/08/06 02:11:10.200, NVIDIA H200, 46, 97 %, 55 %, 74733 MiB, 143771 MiB
2026/08/06 02:11:13.200, NVIDIA H200, 42, 100 %, 46 %, 74733 MiB, 143771 MiB
2026/08/06 02:11:16.201, NVIDIA H200, 40, 97 %, 50 %, 74733 MiB, 143771 MiB
2026/08/06 02:11:19.202, NVIDIA H200, 44, 100 %, 50 %, 74733 MiB, 143771 MiB
2026/08/06 02:11:22.202, NVIDIA H200, 47, 100 %, 39 %, 74733 MiB, 143771 MiB
2026/08/06 02:11:25.203, NVIDIA H200, 47, 100 %, 45 %, 74733 MiB, 143771 MiB
2026/08/06 02:11:28.203, NVIDIA H200, 45, 100 %, 44 %, 74733 MiB, 143771 MiB
2026/08/06 02:11:31.204, NVIDIA H200, 36, 36 %, 16 %, 74733 MiB, 143771 MiB
2026/08/06 02:11:34.205, NVIDIA H200, 44, 100 %, 46 %, 74733 MiB, 143771 MiB
2026/08/06 02:11:37.205, NVIDIA H200, 43, 53 %, 11 %, 74733 MiB, 143771 MiB
2026/08/06 02:11:40.206, NVIDIA H200, 44, 100 %, 44 %, 74733 MiB, 143771 MiB
2026/08/06 02:11:43.206, NVIDIA H200, 44, 97 %, 49 %, 74733 MiB, 143771 MiB
2026/08/06 02:11:46.207, NVIDIA H200, 40, 98 %, 51 %, 74733 MiB, 143771 MiB
2026/08/06 02:11:49.208, NVIDIA H200, 45, 97 %, 58 %, 74733 MiB, 143771 MiB
2026/08/06 02:11:52.208, NVIDIA H200, 38, 33 %, 16 %, 74733 MiB, 143771 MiB
2026/08/06 02:11:55.209, NVIDIA H200, 49, 100 %, 50 %, 74733 MiB, 143771 MiB
2026/08/06 02:11:58.210, NVIDIA H200, 45, 100 %, 39 %, 74733 MiB, 143771 MiB
2026/08/06 02:12:01.210, NVIDIA H200, 45, 99 %, 55 %, 74733 MiB, 143771 MiB
2026/08/06 02:12:04.211, NVIDIA H200, 46, 100 %, 41 %, 74733 MiB, 143771 MiB
2026/08/06 02:12:07.211, NVIDIA H200, 45, 100 %, 49 %, 74733 MiB, 143771 MiB
2026/08/06 02:12:10.212, NVIDIA H200, 42, 100 %, 45 %, 74733 MiB, 143771 MiB
2026/08/06 02:12:13.212, NVIDIA H200, 49, 100 %, 47 %, 74733 MiB, 143771 MiB
2026/08/06 02:12:16.213, NVIDIA H200, 26, 0 %, 0 %, 74733 MiB, 143771 MiB
2026/08/06 02:12:19.214, NVIDIA H200, 24, 0 %, 0 %, 74733 MiB, 143771 MiB
2026/08/06 02:12:22.214, NVIDIA H200, 38, 99 %, 33 %, 74733 MiB, 143771 MiB
2026/08/06 02:12:25.215, NVIDIA H200, 25, 0 %, 0 %, 74733 MiB, 143771 MiB
2026/08/06 02:12:28.216, NVIDIA H200, 28, 0 %, 0 %, 74733 MiB, 143771 MiB
2026/08/06 02:12:31.216, NVIDIA H200, 24, 0 %, 0 %, 74733 MiB, 143771 MiB
2026/08/06 02:12:34.217, NVIDIA H200, 42, 100 %, 44 %, 74733 MiB, 143771 MiB
2026/08/06 02:12:37.218, NVIDIA H200, 42, 89 %, 29 %, 74733 MiB, 143771 MiB
2026/08/06 02:12:40.218, NVIDIA H200, 36, 32 %, 1 %, 74733 MiB, 143771 MiB
2026/08/06 02:12:43.219, NVIDIA H200, 46, 100 %, 47 %, 74733 MiB, 143771 MiB
2026/08/06 02:12:46.219, NVIDIA H200, 44, 31 %, 4 %, 74733 MiB, 143771 MiB
2026/08/06 02:12:49.220, NVIDIA H200, 45, 99 %, 55 %, 74733 MiB, 143771 MiB
2026/08/06 02:12:52.221, NVIDIA H200, 47, 100 %, 40 %, 74733 MiB, 143771 MiB
2026/08/06 02:12:55.221, NVIDIA H200, 45, 100 %, 46 %, 74733 MiB, 143771 MiB
2026/08/06 02:12:58.222, NVIDIA H200, 45, 100 %, 42 %, 74733 MiB, 143771 MiB
2026/08/06 02:13:01.223, NVIDIA H200, 46, 100 %, 41 %, 74733 MiB, 143771 MiB
2026/08/06 02:13:04.223, NVIDIA H200, 41, 91 %, 42 %, 74733 MiB, 143771 MiB
2026/08/06 02:13:07.224, NVIDIA H200, 47, 97 %, 44 %, 74733 MiB, 143771 MiB
2026/08/06 02:13:10.225, NVIDIA H200, 45, 98 %, 36 %, 74733 MiB, 143771 MiB
2026/08/06 02:13:13.226, NVIDIA H200, 44, 46 %, 8 %, 74733 MiB, 143771 MiB
2026/08/06 02:13:16.226, NVIDIA H200, 35, 94 %, 49 %, 74733 MiB, 143771 MiB
2026/08/06 02:13:19.227, NVIDIA H200, 46, 100 %, 47 %, 74733 MiB, 143771 MiB
2026/08/06 02:13:22.228, NVIDIA H200, 47, 99 %, 54 %, 74733 MiB, 143771 MiB
2026/08/06 02:13:25.228, NVIDIA H200, 46, 100 %, 39 %, 74733 MiB, 143771 MiB
2026/08/06 02:13:28.229, NVIDIA H200, 47, 100 %, 44 %, 74733 MiB, 143771 MiB
2026/08/06 02:13:31.230, NVIDIA H200, 43, 95 %, 32 %, 74733 MiB, 143771 MiB
2026/08/06 02:13:34.230, NVIDIA H200, 47, 100 %, 47 %, 74733 MiB, 143771 MiB
2026/08/06 02:13:37.231, NVIDIA H200, 46, 95 %, 47 %, 74733 MiB, 143771 MiB
2026/08/06 02:13:40.232, NVIDIA H200, 47, 70 %, 32 %, 74733 MiB, 143771 MiB
2026/08/06 02:13:43.232, NVIDIA H200, 39, 100 %, 55 %, 74733 MiB, 143771 MiB
2026/08/06 02:13:46.233, NVIDIA H200, 38, 81 %, 27 %, 74733 MiB, 143771 MiB
2026/08/06 02:13:49.233, NVIDIA H200, 46, 98 %, 49 %, 74733 MiB, 143771 MiB
2026/08/06 02:13:52.234, NVIDIA H200, 49, 100 %, 42 %, 74733 MiB, 143771 MiB
2026/08/06 02:13:55.235, NVIDIA H200, 41, 0 %, 0 %, 74733 MiB, 143771 MiB
2026/08/06 02:13:58.235, NVIDIA H200, 44, 100 %, 45 %, 74733 MiB, 143771 MiB
2026/08/06 02:14:01.236, NVIDIA H200, 44, 98 %, 53 %, 74733 MiB, 143771 MiB
2026/08/06 02:14:04.237, NVIDIA H200, 46, 100 %, 41 %, 74733 MiB, 143771 MiB
2026/08/06 02:14:07.237, NVIDIA H200, 46, 58 %, 15 %, 74733 MiB, 143771 MiB
2026/08/06 02:14:10.238, NVIDIA H200, 44, 99 %, 34 %, 74733 MiB, 143771 MiB
2026/08/06 02:14:13.238, NVIDIA H200, 44, 100 %, 45 %, 74733 MiB, 143771 MiB
2026/08/06 02:14:16.239, NVIDIA H200, 34, 0 %, 0 %, 74733 MiB, 143771 MiB
2026/08/06 02:14:19.240, NVIDIA H200, 25, 0 %, 0 %, 74733 MiB, 143771 MiB
2026/08/06 02:14:22.240, NVIDIA H200, 24, 0 %, 0 %, 74733 MiB, 143771 MiB
2026/08/06 02:14:25.241, NVIDIA H200, 29, 19 %, 9 %, 74733 MiB, 143771 MiB
2026/08/06 02:14:28.241, NVIDIA H200, 41, 100 %, 50 %, 74733 MiB, 143771 MiB
2026/08/06 02:14:31.242, NVIDIA H200, 24, 0 %, 0 %, 74733 MiB, 143771 MiB
2026/08/06 02:14:34.242, NVIDIA H200, 41, 100 %, 38 %, 74733 MiB, 143771 MiB
2026/08/06 02:14:37.243, NVIDIA H200, 38, 98 %, 43 %, 74733 MiB, 143771 MiB
2026/08/06 02:14:40.243, NVIDIA H200, 45, 99 %, 39 %, 74733 MiB, 143771 MiB
2026/08/06 02:14:43.244, NVIDIA H200, 48, 100 %, 30 %, 74733 MiB, 143771 MiB
2026/08/06 02:14:46.245, NVIDIA H200, 37, 100 %, 49 %, 74733 MiB, 143771 MiB
2026/08/06 02:14:49.245, NVIDIA H200, 45, 100 %, 56 %, 74733 MiB, 143771 MiB
2026/08/06 02:14:52.246, NVIDIA H200, 47, 100 %, 30 %, 74733 MiB, 143771 MiB
2026/08/06 02:14:55.246, NVIDIA H200, 47, 100 %, 40 %, 74733 MiB, 143771 MiB
2026/08/06 02:14:58.247, NVIDIA H200, 46, 75 %, 37 %, 74733 MiB, 143771 MiB
2026/08/06 02:15:01.248, NVIDIA H200, 49, 100 %, 32 %, 74733 MiB, 143771 MiB
2026/08/06 02:15:04.248, NVIDIA H200, 39, 100 %, 45 %, 74733 MiB, 143771 MiB
2026/08/06 02:15:07.249, NVIDIA H200, 38, 100 %, 45 %, 74733 MiB, 143771 MiB
2026/08/06 02:15:10.250, NVIDIA H200, 49, 100 %, 44 %, 74733 MiB, 143771 MiB
2026/08/06 02:15:13.250, NVIDIA H200, 46, 100 %, 38 %, 74733 MiB, 143771 MiB
2026/08/06 02:15:16.251, NVIDIA H200, 46, 100 %, 51 %, 74733 MiB, 143771 MiB
2026/08/06 02:15:19.251, NVIDIA H200, 37, 100 %, 46 %, 74733 MiB, 143771 MiB
2026/08/06 02:15:22.252, NVIDIA H200, 46, 65 %, 26 %, 74733 MiB, 143771 MiB
2026/08/06 02:15:25.253, NVIDIA H200, 44, 100 %, 52 %, 74733 MiB, 143771 MiB
2026/08/06 02:15:28.253, NVIDIA H200, 48, 100 %, 43 %, 74733 MiB, 143771 MiB
2026/08/06 02:15:31.254, NVIDIA H200, 45, 96 %, 24 %, 74733 MiB, 143771 MiB
2026/08/06 02:15:34.255, NVIDIA H200, 43, 97 %, 30 %, 74733 MiB, 143771 MiB
2026/08/06 02:15:37.255, NVIDIA H200, 43, 96 %, 31 %, 74733 MiB, 143771 MiB
2026/08/06 02:15:40.256, NVIDIA H200, 46, 100 %, 42 %, 74733 MiB, 143771 MiB
2026/08/06 02:15:43.256, NVIDIA H200, 46, 100 %, 50 %, 74733 MiB, 143771 MiB
2026/08/06 02:15:46.257, NVIDIA H200, 43, 96 %, 53 %, 74733 MiB, 143771 MiB
2026/08/06 02:15:49.258, NVIDIA H200, 46, 100 %, 45 %, 74733 MiB, 143771 MiB
2026/08/06 02:15:52.258, NVIDIA H200, 42, 100 %, 46 %, 74733 MiB, 143771 MiB
2026/08/06 02:15:55.259, NVIDIA H200, 47, 100 %, 40 %, 74733 MiB, 143771 MiB
2026/08/06 02:15:58.259, NVIDIA H200, 45, 29 %, 15 %, 74733 MiB, 143771 MiB
2026/08/06 02:16:01.260, NVIDIA H200, 45, 95 %, 53 %, 74733 MiB, 143771 MiB
2026/08/06 02:16:04.261, NVIDIA H200, 43, 100 %, 47 %, 74733 MiB, 143771 MiB
2026/08/06 02:16:07.261, NVIDIA H200, 46, 98 %, 45 %, 74733 MiB, 143771 MiB
2026/08/06 02:16:10.262, NVIDIA H200, 45, 100 %, 36 %, 74733 MiB, 143771 MiB
2026/08/06 02:16:13.262, NVIDIA H200, 45, 100 %, 51 %, 74733 MiB, 143771 MiB
2026/08/06 02:16:16.263, NVIDIA H200, 34, 0 %, 0 %, 74733 MiB, 143771 MiB
2026/08/06 02:16:19.264, NVIDIA H200, 25, 0 %, 0 %, 74733 MiB, 143771 MiB
2026/08/06 02:16:22.264, NVIDIA H200, 40, 98 %, 39 %, 74733 MiB, 143771 MiB
2026/08/06 02:16:25.265, NVIDIA H200, 25, 0 %, 0 %, 74733 MiB, 143771 MiB
2026/08/06 02:16:28.265, NVIDIA H200, 38, 100 %, 54 %, 74733 MiB, 143771 MiB
2026/08/06 02:16:31.266, NVIDIA H200, 24, 0 %, 0 %, 74733 MiB, 143771 MiB
2026/08/06 02:16:34.267, NVIDIA H200, 41, 90 %, 40 %, 74733 MiB, 143771 MiB
2026/08/06 02:16:37.267, NVIDIA H200, 45, 97 %, 44 %, 74733 MiB, 143771 MiB
2026/08/06 02:16:40.268, NVIDIA H200, 34, 0 %, 0 %, 74733 MiB, 143771 MiB
2026/08/06 02:16:43.269, NVIDIA H200, 45, 100 %, 39 %, 74733 MiB, 143771 MiB
2026/08/06 02:16:46.269, NVIDIA H200, 39, 45 %, 29 %, 74733 MiB, 143771 MiB
2026/08/06 02:16:49.270, NVIDIA H200, 44, 100 %, 37 %, 74733 MiB, 143771 MiB
2026/08/06 02:16:52.270, NVIDIA H200, 48, 100 %, 45 %, 74733 MiB, 143771 MiB
2026/08/06 02:16:55.271, NVIDIA H200, 45, 96 %, 30 %, 74733 MiB, 143771 MiB
2026/08/06 02:16:58.272, NVIDIA H200, 47, 100 %, 49 %, 74733 MiB, 143771 MiB
2026/08/06 02:17:01.272, NVIDIA H200, 39, 0 %, 0 %, 74733 MiB, 143771 MiB
2026/08/06 02:17:04.273, NVIDIA H200, 44, 97 %, 50 %, 74733 MiB, 143771 MiB
2026/08/06 02:17:07.273, NVIDIA H200, 47, 100 %, 42 %, 74733 MiB, 143771 MiB
2026/08/06 02:17:10.274, NVIDIA H200, 48, 99 %, 36 %, 74733 MiB, 143771 MiB
2026/08/06 02:17:13.274, NVIDIA H200, 42, 100 %, 54 %, 74733 MiB, 143771 MiB
2026/08/06 02:17:16.275, NVIDIA H200, 43, 48 %, 29 %, 74733 MiB, 143771 MiB
2026/08/06 02:17:19.276, NVIDIA H200, 46, 100 %, 44 %, 74733 MiB, 143771 MiB
2026/08/06 02:17:22.276, NVIDIA H200, 43, 100 %, 44 %, 74733 MiB, 143771 MiB
2026/08/06 02:17:25.277, NVIDIA H200, 43, 100 %, 44 %, 74733 MiB, 143771 MiB
2026/08/06 02:17:28.278, NVIDIA H200, 44, 98 %, 51 %, 74733 MiB, 143771 MiB
2026/08/06 02:17:31.278, NVIDIA H200, 36, 28 %, 15 %, 74733 MiB, 143771 MiB
2026/08/06 02:17:34.279, NVIDIA H200, 37, 49 %, 25 %, 74733 MiB, 143771 MiB
2026/08/06 02:17:37.279, NVIDIA H200, 46, 100 %, 31 %, 74733 MiB, 143771 MiB
2026/08/06 02:17:40.280, NVIDIA H200, 45, 100 %, 43 %, 74733 MiB, 143771 MiB
2026/08/06 02:17:43.281, NVIDIA H200, 47, 97 %, 32 %, 74733 MiB, 143771 MiB
2026/08/06 02:17:46.281, NVIDIA H200, 49, 100 %, 44 %, 74733 MiB, 143771 MiB
2026/08/06 02:17:49.282, NVIDIA H200, 46, 97 %, 49 %, 74733 MiB, 143771 MiB
2026/08/06 02:17:52.282, NVIDIA H200, 46, 100 %, 31 %, 74733 MiB, 143771 MiB
2026/08/06 02:17:55.283, NVIDIA H200, 48, 100 %, 44 %, 74733 MiB, 143771 MiB
2026/08/06 02:17:58.284, NVIDIA H200, 43, 100 %, 42 %, 74733 MiB, 143771 MiB
2026/08/06 02:18:01.284, NVIDIA H200, 46, 100 %, 48 %, 74733 MiB, 143771 MiB
2026/08/06 02:18:04.285, NVIDIA H200, 48, 99 %, 33 %, 74733 MiB, 143771 MiB
2026/08/06 02:18:07.286, NVIDIA H200, 38, 5 %, 5 %, 74733 MiB, 143771 MiB
2026/08/06 02:18:10.286, NVIDIA H200, 46, 100 %, 44 %, 74733 MiB, 143771 MiB
2026/08/06 02:18:13.287, NVIDIA H200, 49, 100 %, 47 %, 74733 MiB, 143771 MiB
2026/08/06 02:18:16.288, NVIDIA H200, 30, 0 %, 0 %, 74733 MiB, 143771 MiB
2026/08/06 02:18:19.288, NVIDIA H200, 25, 0 %, 0 %, 74733 MiB, 143771 MiB
2026/08/06 02:18:22.289, NVIDIA H200, 24, 0 %, 0 %, 74733 MiB, 143771 MiB
2026/08/06 02:18:25.289, NVIDIA H200, 40, 100 %, 54 %, 74733 MiB, 143771 MiB
2026/08/06 02:18:28.290, NVIDIA H200, 39, 100 %, 45 %, 74733 MiB, 143771 MiB
2026/08/06 02:18:31.291, NVIDIA H200, 25, 0 %, 0 %, 74733 MiB, 143771 MiB
2026/08/06 02:18:34.291, NVIDIA H200, 24, 0 %, 0 %, 74733 MiB, 143771 MiB
2026/08/06 02:18:37.292, NVIDIA H200, 23, 0 %, 0 %, 74733 MiB, 143771 MiB
2026/08/06 02:18:40.292, NVIDIA H200, 23, 0 %, 0 %, 74733 MiB, 143771 MiB
2026/08/06 02:18:43.293, NVIDIA H200, 23, 0 %, 0 %, 74733 MiB, 143771 MiB
2026/08/06 02:18:46.294, NVIDIA H200, 44, 100 %, 37 %, 74733 MiB, 143771 MiB
2026/08/06 02:18:49.294, NVIDIA H200, 47, 98 %, 35 %, 74733 MiB, 143771 MiB
2026/08/06 02:18:52.295, NVIDIA H200, 45, 96 %, 50 %, 74733 MiB, 143771 MiB
2026/08/06 02:18:55.296, NVIDIA H200, 44, 96 %, 47 %, 74733 MiB, 143771 MiB
2026/08/06 02:18:58.296, NVIDIA H200, 45, 100 %, 43 %, 74733 MiB, 143771 MiB
2026/08/06 02:19:01.297, NVIDIA H200, 46, 97 %, 57 %, 74733 MiB, 143771 MiB
2026/08/06 02:19:04.297, NVIDIA H200, 42, 97 %, 53 %, 74733 MiB, 143771 MiB
2026/08/06 02:19:07.298, NVIDIA H200, 45, 100 %, 41 %, 74733 MiB, 143771 MiB
2026/08/06 02:19:10.298, NVIDIA H200, 46, 100 %, 48 %, 74733 MiB, 143771 MiB
2026/08/06 02:19:13.299, NVIDIA H200, 46, 98 %, 53 %, 74733 MiB, 143771 MiB
2026/08/06 02:19:16.300, NVIDIA H200, 46, 100 %, 50 %, 74733 MiB, 143771 MiB
2026/08/06 02:19:19.300, NVIDIA H200, 41, 46 %, 15 %, 74733 MiB, 143771 MiB
2026/08/06 02:19:22.301, NVIDIA H200, 46, 100 %, 49 %, 74733 MiB, 143771 MiB
2026/08/06 02:19:25.301, NVIDIA H200, 44, 100 %, 39 %, 74733 MiB, 143771 MiB
2026/08/06 02:19:28.302, NVIDIA H200, 41, 93 %, 49 %, 74733 MiB, 143771 MiB
2026/08/06 02:19:31.303, NVIDIA H200, 45, 100 %, 53 %, 74733 MiB, 143771 MiB
2026/08/06 02:19:34.303, NVIDIA H200, 40, 93 %, 48 %, 74733 MiB, 143771 MiB
2026/08/06 02:19:37.303, NVIDIA H200, 45, 100 %, 51 %, 74733 MiB, 143771 MiB
2026/08/06 02:19:40.304, NVIDIA H200, 46, 100 %, 40 %, 74733 MiB, 143771 MiB
2026/08/06 02:19:43.304, NVIDIA H200, 46, 100 %, 43 %, 74733 MiB, 143771 MiB
2026/08/06 02:19:46.305, NVIDIA H200, 48, 100 %, 41 %, 74733 MiB, 143771 MiB
2026/08/06 02:19:49.305, NVIDIA H200, 40, 24 %, 0 %, 74733 MiB, 143771 MiB
2026/08/06 02:19:52.306, NVIDIA H200, 49, 100 %, 39 %, 74733 MiB, 143771 MiB
2026/08/06 02:19:55.307, NVIDIA H200, 47, 100 %, 46 %, 74733 MiB, 143771 MiB
2026/08/06 02:19:58.307, NVIDIA H200, 36, 12 %, 3 %, 74733 MiB, 143771 MiB
2026/08/06 02:20:01.308, NVIDIA H200, 47, 97 %, 35 %, 74733 MiB, 143771 MiB
2026/08/06 02:20:04.308, NVIDIA H200, 47, 100 %, 56 %, 74733 MiB, 143771 MiB
2026/08/06 02:20:07.309, NVIDIA H200, 45, 100 %, 41 %, 74733 MiB, 143771 MiB
2026/08/06 02:20:10.309, NVIDIA H200, 46, 100 %, 38 %, 74733 MiB, 143771 MiB
2026/08/06 02:20:13.310, NVIDIA H200, 48, 100 %, 45 %, 74733 MiB, 143771 MiB
2026/08/06 02:20:16.310, NVIDIA H200, 46, 100 %, 34 %, 74733 MiB, 143771 MiB
2026/08/06 02:20:19.311, NVIDIA H200, 43, 100 %, 50 %, 74733 MiB, 143771 MiB
2026/08/06 02:20:22.311, NVIDIA H200, 46, 98 %, 45 %, 74733 MiB, 143771 MiB
2026/08/06 02:20:25.312, NVIDIA H200, 47, 100 %, 49 %, 74733 MiB, 143771 MiB
2026/08/06 02:20:28.312, NVIDIA H200, 26, 0 %, 0 %, 74733 MiB, 143771 MiB
2026/08/06 02:20:31.313, NVIDIA H200, 24, 0 %, 0 %, 74733 MiB, 143771 MiB
2026/08/06 02:20:34.313, NVIDIA H200, 39, 98 %, 41 %, 74733 MiB, 143771 MiB
2026/08/06 02:20:37.314, NVIDIA H200, 26, 0 %, 0 %, 74733 MiB, 143771 MiB
2026/08/06 02:20:40.314, NVIDIA H200, 30, 0 %, 0 %, 74733 MiB, 143771 MiB
2026/08/06 02:20:43.315, NVIDIA H200, 24, 0 %, 0 %, 74733 MiB, 143771 MiB
2026/08/06 02:20:46.316, NVIDIA H200, 24, 0 %, 0 %, 74733 MiB, 143771 MiB
2026/08/06 02:20:49.316, NVIDIA H200, 41, 98 %, 47 %, 74733 MiB, 143771 MiB
2026/08/06 02:20:52.317, NVIDIA H200, 45, 99 %, 45 %, 74733 MiB, 143771 MiB
2026/08/06 02:20:55.318, NVIDIA H200, 46, 96 %, 48 %, 74733 MiB, 143771 MiB
2026/08/06 02:20:58.318, NVIDIA H200, 47, 100 %, 47 %, 74733 MiB, 143771 MiB
2026/08/06 02:21:01.319, NVIDIA H200, 46, 100 %, 39 %, 74733 MiB, 143771 MiB
2026/08/06 02:21:04.320, NVIDIA H200, 47, 97 %, 53 %, 74733 MiB, 143771 MiB
2026/08/06 02:21:07.320, NVIDIA H200, 45, 100 %, 39 %, 74733 MiB, 143771 MiB
2026/08/06 02:21:10.321, NVIDIA H200, 41, 83 %, 31 %, 74733 MiB, 143771 MiB
2026/08/06 02:21:13.321, NVIDIA H200, 49, 100 %, 43 %, 74733 MiB, 143771 MiB
2026/08/06 02:21:16.322, NVIDIA H200, 46, 97 %, 50 %, 74733 MiB, 143771 MiB
2026/08/06 02:21:19.322, NVIDIA H200, 45, 100 %, 43 %, 74733 MiB, 143771 MiB
2026/08/06 02:21:22.323, NVIDIA H200, 41, 67 %, 20 %, 74733 MiB, 143771 MiB
2026/08/06 02:21:25.323, NVIDIA H200, 47, 100 %, 39 %, 74733 MiB, 143771 MiB
2026/08/06 02:21:28.324, NVIDIA H200, 45, 99 %, 34 %, 74733 MiB, 143771 MiB
2026/08/06 02:21:31.324, NVIDIA H200, 38, 100 %, 43 %, 74733 MiB, 143771 MiB
2026/08/06 02:21:34.325, NVIDIA H200, 46, 100 %, 39 %, 74733 MiB, 143771 MiB
2026/08/06 02:21:37.325, NVIDIA H200, 46, 99 %, 53 %, 74733 MiB, 143771 MiB
2026/08/06 02:21:40.326, NVIDIA H200, 50, 100 %, 45 %, 74733 MiB, 143771 MiB
2026/08/06 02:21:43.327, NVIDIA H200, 45, 100 %, 45 %, 74733 MiB, 143771 MiB
2026/08/06 02:21:46.327, NVIDIA H200, 44, 97 %, 45 %, 74733 MiB, 143771 MiB
2026/08/06 02:21:49.328, NVIDIA H200, 41, 100 %, 30 %, 74733 MiB, 143771 MiB
2026/08/06 02:21:52.328, NVIDIA H200, 46, 100 %, 40 %, 74733 MiB, 143771 MiB
2026/08/06 02:21:55.329, NVIDIA H200, 45, 100 %, 42 %, 74733 MiB, 143771 MiB
2026/08/06 02:21:58.330, NVIDIA H200, 47, 100 %, 41 %, 74733 MiB, 143771 MiB
2026/08/06 02:22:01.330, NVIDIA H200, 48, 100 %, 41 %, 74733 MiB, 143771 MiB
2026/08/06 02:22:04.331, NVIDIA H200, 46, 100 %, 47 %, 74733 MiB, 143771 MiB
2026/08/06 02:22:07.331, NVIDIA H200, 45, 100 %, 47 %, 74733 MiB, 143771 MiB
2026/08/06 02:22:10.332, NVIDIA H200, 35, 0 %, 0 %, 74733 MiB, 143771 MiB
2026/08/06 02:22:13.333, NVIDIA H200, 44, 96 %, 53 %, 74733 MiB, 143771 MiB
2026/08/06 02:22:16.333, NVIDIA H200, 44, 98 %, 50 %, 74733 MiB, 143771 MiB
2026/08/06 02:22:19.334, NVIDIA H200, 45, 100 %, 43 %, 74733 MiB, 143771 MiB
2026/08/06 02:22:22.334, NVIDIA H200, 48, 99 %, 38 %, 74733 MiB, 143771 MiB
2026/08/06 02:22:25.335, NVIDIA H200, 46, 100 %, 42 %, 74733 MiB, 143771 MiB
2026/08/06 02:22:28.335, NVIDIA H200, 27, 0 %, 0 %, 74733 MiB, 143771 MiB
2026/08/06 02:22:31.336, NVIDIA H200, 30, 22 %, 0 %, 74733 MiB, 143771 MiB
2026/08/06 02:22:34.337, NVIDIA H200, 24, 0 %, 0 %, 74733 MiB, 143771 MiB
2026/08/06 02:22:37.337, NVIDIA H200, 25, 0 %, 0 %, 74733 MiB, 143771 MiB
2026/08/06 02:22:40.338, NVIDIA H200, 28, 0 %, 0 %, 74733 MiB, 143771 MiB
2026/08/06 02:22:43.338, NVIDIA H200, 24, 0 %, 0 %, 74733 MiB, 143771 MiB
2026/08/06 02:22:46.339, NVIDIA H200, 39, 100 %, 42 %, 74733 MiB, 143771 MiB
2026/08/06 02:22:49.339, NVIDIA H200, 45, 100 %, 42 %, 74733 MiB, 143771 MiB
2026/08/06 02:22:52.340, NVIDIA H200, 45, 100 %, 46 %, 74733 MiB, 143771 MiB
2026/08/06 02:22:55.340, NVIDIA H200, 46, 100 %, 40 %, 74733 MiB, 143771 MiB
2026/08/06 02:22:58.341, NVIDIA H200, 45, 96 %, 50 %, 74733 MiB, 143771 MiB
2026/08/06 02:23:01.342, NVIDIA H200, 44, 98 %, 37 %, 74733 MiB, 143771 MiB
2026/08/06 02:23:04.342, NVIDIA H200, 46, 97 %, 53 %, 74733 MiB, 143771 MiB
2026/08/06 02:23:07.343, NVIDIA H200, 48, 98 %, 33 %, 74733 MiB, 143771 MiB
2026/08/06 02:23:10.344, NVIDIA H200, 41, 100 %, 49 %, 74733 MiB, 143771 MiB
2026/08/06 02:23:13.344, NVIDIA H200, 46, 100 %, 46 %, 74733 MiB, 143771 MiB
2026/08/06 02:23:16.345, NVIDIA H200, 46, 100 %, 42 %, 74733 MiB, 143771 MiB
2026/08/06 02:23:19.345, NVIDIA H200, 48, 86 %, 29 %, 74733 MiB, 143771 MiB
2026/08/06 02:23:22.346, NVIDIA H200, 46, 100 %, 38 %, 74733 MiB, 143771 MiB
2026/08/06 02:23:25.346, NVIDIA H200, 47, 100 %, 44 %, 74733 MiB, 143771 MiB
2026/08/06 02:23:28.347, NVIDIA H200, 46, 96 %, 52 %, 74733 MiB, 143771 MiB
2026/08/06 02:23:31.348, NVIDIA H200, 46, 100 %, 49 %, 74733 MiB, 143771 MiB
2026/08/06 02:23:34.349, NVIDIA H200, 45, 99 %, 52 %, 74733 MiB, 143771 MiB
2026/08/06 02:23:37.350, NVIDIA H200, 43, 100 %, 46 %, 74733 MiB, 143771 MiB
2026/08/06 02:23:40.350, NVIDIA H200, 46, 100 %, 56 %, 74733 MiB, 143771 MiB
2026/08/06 02:23:43.351, NVIDIA H200, 46, 100 %, 33 %, 74733 MiB, 143771 MiB
2026/08/06 02:23:46.351, NVIDIA H200, 47, 100 %, 45 %, 74733 MiB, 143771 MiB
2026/08/06 02:23:49.352, NVIDIA H200, 46, 100 %, 30 %, 74733 MiB, 143771 MiB
2026/08/06 02:23:52.353, NVIDIA H200, 46, 100 %, 48 %, 74733 MiB, 143771 MiB
2026/08/06 02:23:55.353, NVIDIA H200, 43, 100 %, 46 %, 74733 MiB, 143771 MiB
2026/08/06 02:23:58.354, NVIDIA H200, 45, 97 %, 54 %, 74733 MiB, 143771 MiB
2026/08/06 02:24:01.355, NVIDIA H200, 48, 100 %, 43 %, 74733 MiB, 143771 MiB
2026/08/06 02:24:04.355, NVIDIA H200, 39, 26 %, 0 %, 74733 MiB, 143771 MiB
2026/08/06 02:24:07.356, NVIDIA H200, 36, 24 %, 13 %, 74733 MiB, 143771 MiB
2026/08/06 02:24:10.356, NVIDIA H200, 45, 100 %, 52 %, 74733 MiB, 143771 MiB
2026/08/06 02:24:13.357, NVIDIA H200, 45, 97 %, 35 %, 74733 MiB, 143771 MiB
2026/08/06 02:24:16.357, NVIDIA H200, 44, 100 %, 43 %, 74733 MiB, 143771 MiB
2026/08/06 02:24:19.358, NVIDIA H200, 42, 98 %, 46 %, 74733 MiB, 143771 MiB
2026/08/06 02:24:22.359, NVIDIA H200, 49, 100 %, 50 %, 74733 MiB, 143771 MiB
2026/08/06 02:24:25.359, NVIDIA H200, 27, 0 %, 0 %, 74733 MiB, 143771 MiB
2026/08/06 02:24:28.360, NVIDIA H200, 25, 0 %, 0 %, 74733 MiB, 143771 MiB
2026/08/06 02:24:31.361, NVIDIA H200, 26, 0 %, 0 %, 74733 MiB, 143771 MiB
2026/08/06 02:24:34.361, NVIDIA H200, 25, 0 %, 0 %, 74733 MiB, 143771 MiB
2026/08/06 02:24:37.362, NVIDIA H200, 34, 40 %, 21 %, 74733 MiB, 143771 MiB
2026/08/06 02:24:40.362, NVIDIA H200, 24, 0 %, 0 %, 74733 MiB, 143771 MiB
2026/08/06 02:24:43.363, NVIDIA H200, 24, 0 %, 0 %, 74733 MiB, 143771 MiB
2026/08/06 02:24:46.364, NVIDIA H200, 42, 97 %, 49 %, 74733 MiB, 143771 MiB
2026/08/06 02:24:49.364, NVIDIA H200, 46, 100 %, 42 %, 74733 MiB, 143771 MiB
2026/08/06 02:24:52.365, NVIDIA H200, 47, 100 %, 42 %, 74733 MiB, 143771 MiB
2026/08/06 02:24:55.366, NVIDIA H200, 45, 96 %, 49 %, 74733 MiB, 143771 MiB
2026/08/06 02:24:58.366, NVIDIA H200, 46, 100 %, 44 %, 74733 MiB, 143771 MiB
2026/08/06 02:25:01.367, NVIDIA H200, 44, 77 %, 27 %, 74733 MiB, 143771 MiB
2026/08/06 02:25:04.367, NVIDIA H200, 47, 100 %, 46 %, 74733 MiB, 143771 MiB
2026/08/06 02:25:07.368, NVIDIA H200, 47, 100 %, 46 %, 74733 MiB, 143771 MiB
2026/08/06 02:25:10.368, NVIDIA H200, 44, 100 %, 46 %, 74733 MiB, 143771 MiB
2026/08/06 02:25:13.369, NVIDIA H200, 44, 100 %, 47 %, 74733 MiB, 143771 MiB
2026/08/06 02:25:16.369, NVIDIA H200, 47, 35 %, 16 %, 74733 MiB, 143771 MiB
2026/08/06 02:25:19.370, NVIDIA H200, 47, 100 %, 39 %, 74733 MiB, 143771 MiB
2026/08/06 02:25:22.371, NVIDIA H200, 46, 65 %, 27 %, 74733 MiB, 143771 MiB
2026/08/06 02:25:25.371, NVIDIA H200, 37, 100 %, 41 %, 74733 MiB, 143771 MiB
2026/08/06 02:25:28.372, NVIDIA H200, 47, 100 %, 43 %, 74733 MiB, 143771 MiB
2026/08/06 02:25:31.373, NVIDIA H200, 45, 100 %, 53 %, 74733 MiB, 143771 MiB
2026/08/06 02:25:34.373, NVIDIA H200, 45, 100 %, 40 %, 74733 MiB, 143771 MiB
2026/08/06 02:25:37.374, NVIDIA H200, 43, 100 %, 42 %, 74733 MiB, 143771 MiB
2026/08/06 02:25:40.374, NVIDIA H200, 42, 100 %, 49 %, 74733 MiB, 143771 MiB
2026/08/06 02:25:43.375, NVIDIA H200, 47, 100 %, 41 %, 74733 MiB, 143771 MiB
2026/08/06 02:25:46.376, NVIDIA H200, 45, 89 %, 40 %, 74733 MiB, 143771 MiB
2026/08/06 02:25:49.376, NVIDIA H200, 47, 100 %, 40 %, 74733 MiB, 143771 MiB
2026/08/06 02:25:52.377, NVIDIA H200, 45, 100 %, 44 %, 74733 MiB, 143771 MiB
2026/08/06 02:25:55.377, NVIDIA H200, 44, 100 %, 39 %, 74733 MiB, 143771 MiB
2026/08/06 02:25:58.378, NVIDIA H200, 41, 100 %, 38 %, 74733 MiB, 143771 MiB
2026/08/06 02:26:01.378, NVIDIA H200, 46, 99 %, 39 %, 74733 MiB, 143771 MiB
2026/08/06 02:26:04.379, NVIDIA H200, 38, 98 %, 35 %, 74733 MiB, 143771 MiB
2026/08/06 02:26:07.379, NVIDIA H200, 46, 100 %, 39 %, 74733 MiB, 143771 MiB
2026/08/06 02:26:10.380, NVIDIA H200, 47, 100 %, 46 %, 74733 MiB, 143771 MiB
2026/08/06 02:26:13.380, NVIDIA H200, 47, 100 %, 37 %, 74733 MiB, 143771 MiB
2026/08/06 02:26:16.380, NVIDIA H200, 45, 100 %, 45 %, 74733 MiB, 143771 MiB
2026/08/06 02:26:19.381, NVIDIA H200, 45, 96 %, 51 %, 74733 MiB, 143771 MiB
2026/08/06 02:26:22.381, NVIDIA H200, 43, 99 %, 36 %, 74733 MiB, 143771 MiB
2026/08/06 02:26:25.382, NVIDIA H200, 27, 0 %, 0 %, 74733 MiB, 143771 MiB
2026/08/06 02:26:28.383, NVIDIA H200, 25, 0 %, 0 %, 74733 MiB, 143771 MiB
2026/08/06 02:26:31.383, NVIDIA H200, 34, 100 %, 45 %, 74733 MiB, 143771 MiB
2026/08/06 02:26:34.384, NVIDIA H200, 42, 98 %, 41 %, 74733 MiB, 143771 MiB
2026/08/06 02:26:37.385, NVIDIA H200, 25, 0 %, 0 %, 74733 MiB, 143771 MiB
2026/08/06 02:26:40.385, NVIDIA H200, 26, 0 %, 0 %, 74733 MiB, 143771 MiB
2026/08/06 02:26:43.386, NVIDIA H200, 42, 100 %, 52 %, 74733 MiB, 143771 MiB
2026/08/06 02:26:46.386, NVIDIA H200, 46, 100 %, 39 %, 74733 MiB, 143771 MiB
2026/08/06 02:26:49.387, NVIDIA H200, 37, 100 %, 53 %, 74733 MiB, 143771 MiB
2026/08/06 02:26:52.387, NVIDIA H200, 42, 16 %, 9 %, 74733 MiB, 143771 MiB
2026/08/06 02:26:55.388, NVIDIA H200, 47, 100 %, 32 %, 74733 MiB, 143771 MiB
2026/08/06 02:26:58.389, NVIDIA H200, 47, 78 %, 23 %, 74733 MiB, 143771 MiB
2026/08/06 02:27:01.389, NVIDIA H200, 49, 100 %, 40 %, 74733 MiB, 143771 MiB
2026/08/06 02:27:04.390, NVIDIA H200, 47, 99 %, 54 %, 74733 MiB, 143771 MiB
2026/08/06 02:27:07.390, NVIDIA H200, 46, 97 %, 51 %, 74733 MiB, 143771 MiB
2026/08/06 02:27:10.391, NVIDIA H200, 44, 100 %, 43 %, 74733 MiB, 143771 MiB
2026/08/06 02:27:13.392, NVIDIA H200, 44, 100 %, 48 %, 74733 MiB, 143771 MiB
2026/08/06 02:27:16.392, NVIDIA H200, 45, 100 %, 45 %, 74733 MiB, 143771 MiB
2026/08/06 02:27:19.393, NVIDIA H200, 45, 100 %, 48 %, 74733 MiB, 143771 MiB
2026/08/06 02:27:22.394, NVIDIA H200, 49, 100 %, 36 %, 74733 MiB, 143771 MiB
2026/08/06 02:27:25.394, NVIDIA H200, 44, 0 %, 0 %, 74733 MiB, 143771 MiB
2026/08/06 02:27:28.395, NVIDIA H200, 47, 97 %, 47 %, 74733 MiB, 143771 MiB
2026/08/06 02:27:31.395, NVIDIA H200, 42, 97 %, 38 %, 74733 MiB, 143771 MiB
2026/08/06 02:27:34.396, NVIDIA H200, 47, 97 %, 52 %, 74733 MiB, 143771 MiB
2026/08/06 02:27:37.396, NVIDIA H200, 43, 100 %, 46 %, 74733 MiB, 143771 MiB
2026/08/06 02:27:40.397, NVIDIA H200, 49, 100 %, 43 %, 74733 MiB, 143771 MiB
2026/08/06 02:27:43.397, NVIDIA H200, 37, 100 %, 46 %, 74733 MiB, 143771 MiB
2026/08/06 02:27:46.398, NVIDIA H200, 45, 100 %, 44 %, 74733 MiB, 143771 MiB
2026/08/06 02:27:49.398, NVIDIA H200, 49, 100 %, 39 %, 74733 MiB, 143771 MiB
2026/08/06 02:27:52.399, NVIDIA H200, 44, 100 %, 40 %, 74733 MiB, 143771 MiB
2026/08/06 02:27:55.399, NVIDIA H200, 45, 99 %, 47 %, 74733 MiB, 143771 MiB
2026/08/06 02:27:58.400, NVIDIA H200, 45, 98 %, 45 %, 74733 MiB, 143771 MiB
2026/08/06 02:28:01.401, NVIDIA H200, 49, 100 %, 42 %, 74733 MiB, 143771 MiB
2026/08/06 02:28:04.401, NVIDIA H200, 44, 100 %, 44 %, 74733 MiB, 143771 MiB
2026/08/06 02:28:07.402, NVIDIA H200, 40, 0 %, 0 %, 74733 MiB, 143771 MiB
2026/08/06 02:28:10.402, NVIDIA H200, 40, 0 %, 0 %, 74733 MiB, 143771 MiB
2026/08/06 02:28:13.403, NVIDIA H200, 44, 62 %, 20 %, 74733 MiB, 143771 MiB
2026/08/06 02:28:16.403, NVIDIA H200, 42, 100 %, 46 %, 74733 MiB, 143771 MiB
2026/08/06 02:28:19.404, NVIDIA H200, 50, 100 %, 35 %, 74733 MiB, 143771 MiB
2026/08/06 02:28:22.405, NVIDIA H200, 26, 0 %, 0 %, 74733 MiB, 143771 MiB
2026/08/06 02:28:25.405, NVIDIA H200, 24, 0 %, 0 %, 74733 MiB, 143771 MiB
2026/08/06 02:28:28.406, NVIDIA H200, 39, 39 %, 21 %, 74733 MiB, 143771 MiB
2026/08/06 02:28:31.407, NVIDIA H200, 25, 0 %, 0 %, 74733 MiB, 143771 MiB
2026/08/06 02:28:34.407, NVIDIA H200, 27, 0 %, 0 %, 74733 MiB, 143771 MiB
2026/08/06 02:28:37.408, NVIDIA H200, 24, 0 %, 0 %, 74733 MiB, 143771 MiB
2026/08/06 02:28:40.408, NVIDIA H200, 23, 0 %, 0 %, 74733 MiB, 143771 MiB
2026/08/06 02:28:43.409, NVIDIA H200, 23, 0 %, 0 %, 74733 MiB, 143771 MiB
2026/08/06 02:28:46.410, NVIDIA H200, 40, 100 %, 50 %, 74733 MiB, 143771 MiB
2026/08/06 02:28:49.411, NVIDIA H200, 43, 100 %, 41 %, 74733 MiB, 143771 MiB
2026/08/06 02:28:52.411, NVIDIA H200, 42, 24 %, 0 %, 74733 MiB, 143771 MiB
2026/08/06 02:28:55.412, NVIDIA H200, 47, 100 %, 41 %, 74733 MiB, 143771 MiB
2026/08/06 02:28:58.412, NVIDIA H200, 44, 100 %, 41 %, 74733 MiB, 143771 MiB
2026/08/06 02:29:01.413, NVIDIA H200, 47, 100 %, 41 %, 74733 MiB, 143771 MiB
2026/08/06 02:29:04.413, NVIDIA H200, 34, 3 %, 1 %, 74733 MiB, 143771 MiB
2026/08/06 02:29:07.414, NVIDIA H200, 46, 97 %, 47 %, 74733 MiB, 143771 MiB
2026/08/06 02:29:10.414, NVIDIA H200, 47, 97 %, 37 %, 74733 MiB, 143771 MiB
2026/08/06 02:29:13.415, NVIDIA H200, 49, 100 %, 31 %, 74733 MiB, 143771 MiB
2026/08/06 02:29:16.416, NVIDIA H200, 45, 100 %, 44 %, 74733 MiB, 143771 MiB
2026/08/06 02:29:19.416, NVIDIA H200, 44, 100 %, 40 %, 74733 MiB, 143771 MiB
2026/08/06 02:29:22.417, NVIDIA H200, 47, 98 %, 47 %, 74733 MiB, 143771 MiB
2026/08/06 02:29:25.417, NVIDIA H200, 45, 100 %, 50 %, 74733 MiB, 143771 MiB
2026/08/06 02:29:28.418, NVIDIA H200, 42, 69 %, 36 %, 74733 MiB, 143771 MiB
2026/08/06 02:29:31.419, NVIDIA H200, 49, 100 %, 37 %, 74733 MiB, 143771 MiB
2026/08/06 02:29:34.419, NVIDIA H200, 43, 100 %, 43 %, 74733 MiB, 143771 MiB
2026/08/06 02:29:37.420, NVIDIA H200, 46, 97 %, 51 %, 74733 MiB, 143771 MiB
2026/08/06 02:29:40.420, NVIDIA H200, 43, 100 %, 52 %, 74733 MiB, 143771 MiB
2026/08/06 02:29:43.421, NVIDIA H200, 47, 100 %, 46 %, 74733 MiB, 143771 MiB
2026/08/06 02:29:46.421, NVIDIA H200, 36, 0 %, 0 %, 74733 MiB, 143771 MiB
2026/08/06 02:29:49.422, NVIDIA H200, 47, 100 %, 44 %, 74733 MiB, 143771 MiB
2026/08/06 02:29:52.423, NVIDIA H200, 45, 100 %, 45 %, 74733 MiB, 143771 MiB
2026/08/06 02:29:55.423, NVIDIA H200, 44, 100 %, 46 %, 74733 MiB, 143771 MiB
2026/08/06 02:29:58.424, NVIDIA H200, 41, 66 %, 21 %, 74733 MiB, 143771 MiB
2026/08/06 02:30:01.425, NVIDIA H200, 43, 100 %, 43 %, 74733 MiB, 143771 MiB
2026/08/06 02:30:04.425, NVIDIA H200, 42, 97 %, 50 %, 74733 MiB, 143771 MiB
2026/08/06 02:30:07.426, NVIDIA H200, 43, 72 %, 30 %, 74733 MiB, 143771 MiB
2026/08/06 02:30:10.426, NVIDIA H200, 44, 97 %, 49 %, 74733 MiB, 143771 MiB
2026/08/06 02:30:13.427, NVIDIA H200, 45, 100 %, 42 %, 74733 MiB, 143771 MiB
2026/08/06 02:30:16.427, NVIDIA H200, 45, 100 %, 45 %, 74733 MiB, 143771 MiB
2026/08/06 02:30:19.428, NVIDIA H200, 46, 100 %, 41 %, 74733 MiB, 143771 MiB
2026/08/06 02:30:22.428, NVIDIA H200, 46, 98 %, 48 %, 74733 MiB, 143771 MiB
2026/08/06 02:30:25.429, NVIDIA H200, 47, 100 %, 39 %, 74733 MiB, 143771 MiB
2026/08/06 02:30:28.429, NVIDIA H200, 26, 0 %, 0 %, 74733 MiB, 143771 MiB
2026/08/06 02:30:31.430, NVIDIA H200, 24, 0 %, 0 %, 74733 MiB, 143771 MiB
2026/08/06 02:30:34.431, NVIDIA H200, 36, 83 %, 44 %, 74733 MiB, 143771 MiB
2026/08/06 02:30:37.431, NVIDIA H200, 37, 67 %, 20 %, 74733 MiB, 143771 MiB
2026/08/06 02:30:40.432, NVIDIA H200, 24, 0 %, 0 %, 74733 MiB, 143771 MiB
2026/08/06 02:30:43.432, NVIDIA H200, 23, 0 %, 0 %, 74733 MiB, 143771 MiB
2026/08/06 02:30:46.433, NVIDIA H200, 43, 100 %, 50 %, 74733 MiB, 143771 MiB
2026/08/06 02:30:49.433, NVIDIA H200, 35, 0 %, 0 %, 74733 MiB, 143771 MiB
2026/08/06 02:30:52.434, NVIDIA H200, 40, 98 %, 45 %, 74733 MiB, 143771 MiB
2026/08/06 02:30:55.435, NVIDIA H200, 49, 100 %, 48 %, 74733 MiB, 143771 MiB
2026/08/06 02:30:58.435, NVIDIA H200, 46, 100 %, 44 %, 74733 MiB, 143771 MiB
2026/08/06 02:31:01.436, NVIDIA H200, 44, 100 %, 50 %, 74733 MiB, 143771 MiB
2026/08/06 02:31:04.436, NVIDIA H200, 45, 82 %, 28 %, 74733 MiB, 143771 MiB
2026/08/06 02:31:07.437, NVIDIA H200, 44, 83 %, 42 %, 74733 MiB, 143771 MiB
2026/08/06 02:31:10.438, NVIDIA H200, 47, 100 %, 43 %, 74733 MiB, 143771 MiB
2026/08/06 02:31:13.438, NVIDIA H200, 38, 90 %, 41 %, 74733 MiB, 143771 MiB
2026/08/06 02:31:16.439, NVIDIA H200, 46, 100 %, 56 %, 74733 MiB, 143771 MiB
2026/08/06 02:31:19.440, NVIDIA H200, 45, 100 %, 46 %, 74733 MiB, 143771 MiB
2026/08/06 02:31:22.440, NVIDIA H200, 44, 100 %, 39 %, 74733 MiB, 143771 MiB
2026/08/06 02:31:25.441, NVIDIA H200, 46, 100 %, 55 %, 74733 MiB, 143771 MiB
2026/08/06 02:31:28.442, NVIDIA H200, 47, 100 %, 39 %, 74733 MiB, 143771 MiB
2026/08/06 02:31:31.442, NVIDIA H200, 45, 100 %, 44 %, 74733 MiB, 143771 MiB
2026/08/06 02:31:34.443, NVIDIA H200, 43, 100 %, 52 %, 74733 MiB, 143771 MiB
2026/08/06 02:31:37.443, NVIDIA H200, 45, 99 %, 53 %, 74733 MiB, 143771 MiB
2026/08/06 02:31:40.444, NVIDIA H200, 47, 100 %, 41 %, 74733 MiB, 143771 MiB
2026/08/06 02:31:43.444, NVIDIA H200, 36, 70 %, 36 %, 74733 MiB, 143771 MiB
2026/08/06 02:31:46.445, NVIDIA H200, 48, 100 %, 31 %, 74733 MiB, 143771 MiB
2026/08/06 02:31:49.445, NVIDIA H200, 49, 100 %, 40 %, 74733 MiB, 143771 MiB
2026/08/06 02:31:52.446, NVIDIA H200, 44, 100 %, 41 %, 74733 MiB, 143771 MiB
2026/08/06 02:31:55.446, NVIDIA H200, 46, 98 %, 37 %, 74733 MiB, 143771 MiB
2026/08/06 02:31:58.447, NVIDIA H200, 45, 78 %, 36 %, 74733 MiB, 143771 MiB
2026/08/06 02:32:01.448, NVIDIA H200, 46, 100 %, 39 %, 74733 MiB, 143771 MiB
2026/08/06 02:32:04.448, NVIDIA H200, 45, 100 %, 48 %, 74733 MiB, 143771 MiB
2026/08/06 02:32:07.449, NVIDIA H200, 45, 100 %, 50 %, 74733 MiB, 143771 MiB
2026/08/06 02:32:10.450, NVIDIA H200, 44, 100 %, 49 %, 74733 MiB, 143771 MiB
2026/08/06 02:32:13.450, NVIDIA H200, 44, 97 %, 50 %, 74733 MiB, 143771 MiB
2026/08/06 02:32:16.451, NVIDIA H200, 48, 100 %, 31 %, 74733 MiB, 143771 MiB
2026/08/06 02:32:19.452, NVIDIA H200, 46, 100 %, 41 %, 74733 MiB, 143771 MiB
2026/08/06 02:32:22.452, NVIDIA H200, 47, 98 %, 47 %, 74733 MiB, 143771 MiB
2026/08/06 02:32:25.453, NVIDIA H200, 46, 97 %, 49 %, 74733 MiB, 143771 MiB
2026/08/06 02:32:28.454, NVIDIA H200, 25, 0 %, 0 %, 74733 MiB, 143771 MiB
2026/08/06 02:32:31.454, NVIDIA H200, 24, 0 %, 0 %, 74733 MiB, 143771 MiB
2026/08/06 02:32:34.455, NVIDIA H200, 34, 100 %, 54 %, 74733 MiB, 143771 MiB
2026/08/06 02:32:37.456, NVIDIA H200, 42, 44 %, 9 %, 74733 MiB, 143771 MiB
2026/08/06 02:32:40.456, NVIDIA H200, 24, 0 %, 0 %, 74733 MiB, 143771 MiB
2026/08/06 02:32:43.457, NVIDIA H200, 23, 0 %, 0 %, 74733 MiB, 143771 MiB
2026/08/06 02:32:46.458, NVIDIA H200, 42, 98 %, 57 %, 74733 MiB, 143771 MiB
2026/08/06 02:32:49.458, NVIDIA H200, 45, 97 %, 49 %, 74733 MiB, 143771 MiB
2026/08/06 02:32:52.459, NVIDIA H200, 40, 96 %, 34 %, 74733 MiB, 143771 MiB
2026/08/06 02:32:55.459, NVIDIA H200, 49, 100 %, 31 %, 74733 MiB, 143771 MiB
2026/08/06 02:32:58.460, NVIDIA H200, 40, 91 %, 41 %, 74733 MiB, 143771 MiB
2026/08/06 02:33:01.461, NVIDIA H200, 48, 100 %, 37 %, 74733 MiB, 143771 MiB
2026/08/06 02:33:04.461, NVIDIA H200, 38, 100 %, 51 %, 74733 MiB, 143771 MiB
2026/08/06 02:33:07.462, NVIDIA H200, 45, 99 %, 53 %, 74733 MiB, 143771 MiB
2026/08/06 02:33:10.462, NVIDIA H200, 45, 94 %, 45 %, 74733 MiB, 143771 MiB
2026/08/06 02:33:13.463, NVIDIA H200, 48, 100 %, 41 %, 74733 MiB, 143771 MiB
2026/08/06 02:33:16.464, NVIDIA H200, 43, 68 %, 36 %, 74733 MiB, 143771 MiB
2026/08/06 02:33:19.464, NVIDIA H200, 47, 100 %, 37 %, 74733 MiB, 143771 MiB
2026/08/06 02:33:22.465, NVIDIA H200, 42, 100 %, 56 %, 74733 MiB, 143771 MiB
2026/08/06 02:33:25.466, NVIDIA H200, 47, 100 %, 41 %, 74733 MiB, 143771 MiB
2026/08/06 02:33:28.466, NVIDIA H200, 46, 100 %, 49 %, 74733 MiB, 143771 MiB
2026/08/06 02:33:31.467, NVIDIA H200, 41, 0 %, 0 %, 74733 MiB, 143771 MiB
2026/08/06 02:33:34.468, NVIDIA H200, 42, 100 %, 44 %, 74733 MiB, 143771 MiB
2026/08/06 02:33:37.468, NVIDIA H200, 47, 98 %, 47 %, 74733 MiB, 143771 MiB
2026/08/06 02:33:40.469, NVIDIA H200, 35, 99 %, 45 %, 74733 MiB, 143771 MiB
2026/08/06 02:33:43.470, NVIDIA H200, 41, 100 %, 50 %, 74733 MiB, 143771 MiB
2026/08/06 02:33:46.470, NVIDIA H200, 47, 100 %, 39 %, 74733 MiB, 143771 MiB
2026/08/06 02:33:49.471, NVIDIA H200, 46, 96 %, 54 %, 74733 MiB, 143771 MiB
2026/08/06 02:33:52.471, NVIDIA H200, 37, 100 %, 46 %, 74733 MiB, 143771 MiB
2026/08/06 02:33:55.472, NVIDIA H200, 44, 75 %, 25 %, 74733 MiB, 143771 MiB
2026/08/06 02:33:58.472, NVIDIA H200, 46, 100 %, 49 %, 74733 MiB, 143771 MiB
2026/08/06 02:34:01.473, NVIDIA H200, 47, 95 %, 45 %, 74733 MiB, 143771 MiB
2026/08/06 02:34:04.473, NVIDIA H200, 42, 100 %, 46 %, 74733 MiB, 143771 MiB
2026/08/06 02:34:07.474, NVIDIA H200, 46, 98 %, 33 %, 74733 MiB, 143771 MiB
2026/08/06 02:34:10.475, NVIDIA H200, 46, 100 %, 40 %, 74733 MiB, 143771 MiB
2026/08/06 02:34:13.475, NVIDIA H200, 46, 97 %, 54 %, 74733 MiB, 143771 MiB
2026/08/06 02:34:16.476, NVIDIA H200, 46, 100 %, 47 %, 74733 MiB, 143771 MiB
2026/08/06 02:34:19.476, NVIDIA H200, 46, 97 %, 50 %, 74733 MiB, 143771 MiB
2026/08/06 02:34:22.477, NVIDIA H200, 47, 97 %, 41 %, 74733 MiB, 143771 MiB
2026/08/06 02:34:25.477, NVIDIA H200, 25, 0 %, 0 %, 74733 MiB, 143771 MiB
2026/08/06 02:34:28.478, NVIDIA H200, 24, 0 %, 0 %, 74733 MiB, 143771 MiB
2026/08/06 02:34:31.479, NVIDIA H200, 32, 99 %, 55 %, 74733 MiB, 143771 MiB
2026/08/06 02:34:34.479, NVIDIA H200, 40, 100 %, 38 %, 74733 MiB, 143771 MiB
2026/08/06 02:34:37.480, NVIDIA H200, 25, 0 %, 0 %, 74733 MiB, 143771 MiB
2026/08/06 02:34:40.480, NVIDIA H200, 24, 0 %, 0 %, 74733 MiB, 143771 MiB
2026/08/06 02:34:43.481, NVIDIA H200, 43, 100 %, 39 %, 74733 MiB, 143771 MiB
2026/08/06 02:34:46.482, NVIDIA H200, 34, 0 %, 0 %, 74733 MiB, 143771 MiB
2026/08/06 02:34:49.482, NVIDIA H200, 42, 78 %, 40 %, 74733 MiB, 143771 MiB
2026/08/06 02:34:52.483, NVIDIA H200, 45, 100 %, 40 %, 74733 MiB, 143771 MiB
2026/08/06 02:34:55.484, NVIDIA H200, 44, 99 %, 53 %, 74733 MiB, 143771 MiB
2026/08/06 02:34:58.484, NVIDIA H200, 46, 100 %, 41 %, 74733 MiB, 143771 MiB
2026/08/06 02:35:01.485, NVIDIA H200, 44, 79 %, 45 %, 74733 MiB, 143771 MiB
2026/08/06 02:35:04.485, NVIDIA H200, 45, 100 %, 45 %, 74733 MiB, 143771 MiB
2026/08/06 02:35:07.486, NVIDIA H200, 46, 100 %, 42 %, 74733 MiB, 143771 MiB
2026/08/06 02:35:10.487, NVIDIA H200, 45, 100 %, 50 %, 74733 MiB, 143771 MiB
2026/08/06 02:35:13.487, NVIDIA H200, 45, 100 %, 30 %, 74733 MiB, 143771 MiB
2026/08/06 02:35:16.488, NVIDIA H200, 47, 100 %, 42 %, 74733 MiB, 143771 MiB
2026/08/06 02:35:19.488, NVIDIA H200, 41, 97 %, 43 %, 74733 MiB, 143771 MiB
2026/08/06 02:35:22.489, NVIDIA H200, 44, 100 %, 44 %, 74733 MiB, 143771 MiB
2026/08/06 02:35:25.489, NVIDIA H200, 47, 87 %, 31 %, 74733 MiB, 143771 MiB
2026/08/06 02:35:28.490, NVIDIA H200, 46, 100 %, 41 %, 74733 MiB, 143771 MiB
2026/08/06 02:35:31.491, NVIDIA H200, 37, 0 %, 0 %, 74733 MiB, 143771 MiB
2026/08/06 02:35:34.491, NVIDIA H200, 47, 100 %, 39 %, 74733 MiB, 143771 MiB
2026/08/06 02:35:37.492, NVIDIA H200, 46, 100 %, 47 %, 74733 MiB, 143771 MiB
2026/08/06 02:35:40.492, NVIDIA H200, 41, 100 %, 52 %, 74733 MiB, 143771 MiB
2026/08/06 02:35:43.493, NVIDIA H200, 46, 100 %, 37 %, 74733 MiB, 143771 MiB
2026/08/06 02:35:46.494, NVIDIA H200, 45, 100 %, 53 %, 74733 MiB, 143771 MiB
2026/08/06 02:35:49.494, NVIDIA H200, 48, 100 %, 42 %, 74733 MiB, 143771 MiB
2026/08/06 02:35:52.495, NVIDIA H200, 37, 48 %, 20 %, 74733 MiB, 143771 MiB
2026/08/06 02:35:55.496, NVIDIA H200, 47, 100 %, 42 %, 74733 MiB, 143771 MiB
2026/08/06 02:35:58.496, NVIDIA H200, 46, 100 %, 45 %, 74733 MiB, 143771 MiB
2026/08/06 02:36:01.497, NVIDIA H200, 46, 100 %, 30 %, 74733 MiB, 143771 MiB
2026/08/06 02:36:04.497, NVIDIA H200, 45, 97 %, 27 %, 74733 MiB, 143771 MiB
2026/08/06 02:36:07.498, NVIDIA H200, 46, 100 %, 54 %, 74733 MiB, 143771 MiB
2026/08/06 02:36:10.498, NVIDIA H200, 44, 98 %, 44 %, 74733 MiB, 143771 MiB
2026/08/06 02:36:13.499, NVIDIA H200, 45, 97 %, 58 %, 74733 MiB, 143771 MiB
2026/08/06 02:36:16.500, NVIDIA H200, 46, 100 %, 44 %, 74733 MiB, 143771 MiB
2026/08/06 02:36:19.500, NVIDIA H200, 47, 97 %, 47 %, 74733 MiB, 143771 MiB
2026/08/06 02:36:22.501, NVIDIA H200, 30, 0 %, 0 %, 74733 MiB, 143771 MiB
2026/08/06 02:36:25.501, NVIDIA H200, 25, 0 %, 0 %, 74733 MiB, 143771 MiB
2026/08/06 02:36:28.502, NVIDIA H200, 25, 0 %, 0 %, 74733 MiB, 143771 MiB
2026/08/06 02:36:31.502, NVIDIA H200, 26, 0 %, 0 %, 74733 MiB, 143771 MiB
2026/08/06 02:36:34.503, NVIDIA H200, 29, 0 %, 0 %, 74733 MiB, 143771 MiB
2026/08/06 02:36:37.503, NVIDIA H200, 24, 0 %, 0 %, 74733 MiB, 143771 MiB
2026/08/06 02:36:40.504, NVIDIA H200, 23, 0 %, 0 %, 74733 MiB, 143771 MiB
2026/08/06 02:36:43.504, NVIDIA H200, 43, 97 %, 57 %, 74733 MiB, 143771 MiB
2026/08/06 02:36:46.505, NVIDIA H200, 45, 79 %, 36 %, 74733 MiB, 143771 MiB
2026/08/06 02:36:49.505, NVIDIA H200, 47, 100 %, 40 %, 74733 MiB, 143771 MiB
2026/08/06 02:36:52.506, NVIDIA H200, 48, 100 %, 44 %, 74733 MiB, 143771 MiB
2026/08/06 02:36:55.507, NVIDIA H200, 45, 100 %, 52 %, 74733 MiB, 143771 MiB
2026/08/06 02:36:58.507, NVIDIA H200, 46, 100 %, 39 %, 74733 MiB, 143771 MiB
2026/08/06 02:37:01.508, NVIDIA H200, 45, 100 %, 50 %, 74733 MiB, 143771 MiB
2026/08/06 02:37:04.508, NVIDIA H200, 48, 100 %, 47 %, 74733 MiB, 143771 MiB
2026/08/06 02:37:07.509, NVIDIA H200, 44, 24 %, 0 %, 74733 MiB, 143771 MiB
2026/08/06 02:37:10.509, NVIDIA H200, 45, 99 %, 36 %, 74733 MiB, 143771 MiB
2026/08/06 02:37:13.510, NVIDIA H200, 44, 100 %, 51 %, 74733 MiB, 143771 MiB
2026/08/06 02:37:16.510, NVIDIA H200, 47, 100 %, 38 %, 74733 MiB, 143771 MiB
2026/08/06 02:37:19.511, NVIDIA H200, 40, 100 %, 45 %, 74733 MiB, 143771 MiB
2026/08/06 02:37:22.511, NVIDIA H200, 46, 100 %, 39 %, 74733 MiB, 143771 MiB
2026/08/06 02:37:25.512, NVIDIA H200, 45, 97 %, 48 %, 74733 MiB, 143771 MiB
2026/08/06 02:37:28.513, NVIDIA H200, 46, 100 %, 41 %, 74733 MiB, 143771 MiB
2026/08/06 02:37:31.513, NVIDIA H200, 44, 100 %, 49 %, 74733 MiB, 143771 MiB
2026/08/06 02:37:34.514, NVIDIA H200, 46, 100 %, 49 %, 74733 MiB, 143771 MiB
2026/08/06 02:37:37.515, NVIDIA H200, 45, 97 %, 47 %, 74733 MiB, 143771 MiB
2026/08/06 02:37:40.515, NVIDIA H200, 44, 100 %, 42 %, 74733 MiB, 143771 MiB
2026/08/06 02:37:43.516, NVIDIA H200, 35, 0 %, 0 %, 74733 MiB, 143771 MiB
2026/08/06 02:37:46.516, NVIDIA H200, 39, 22 %, 0 %, 74733 MiB, 143771 MiB
2026/08/06 02:37:49.517, NVIDIA H200, 43, 71 %, 35 %, 74733 MiB, 143771 MiB
2026/08/06 02:37:52.518, NVIDIA H200, 43, 100 %, 46 %, 74733 MiB, 143771 MiB
2026/08/06 02:37:55.518, NVIDIA H200, 40, 36 %, 3 %, 74733 MiB, 143771 MiB
2026/08/06 02:37:58.519, NVIDIA H200, 35, 22 %, 14 %, 74733 MiB, 143771 MiB
2026/08/06 02:38:01.519, NVIDIA H200, 44, 75 %, 26 %, 74733 MiB, 143771 MiB
2026/08/06 02:38:04.520, NVIDIA H200, 48, 100 %, 47 %, 74733 MiB, 143771 MiB
2026/08/06 02:38:07.521, NVIDIA H200, 41, 100 %, 46 %, 74733 MiB, 143771 MiB
2026/08/06 02:38:10.521, NVIDIA H200, 49, 100 %, 46 %, 74733 MiB, 143771 MiB
2026/08/06 02:38:13.522, NVIDIA H200, 47, 100 %, 45 %, 74733 MiB, 143771 MiB
2026/08/06 02:38:16.523, NVIDIA H200, 50, 100 %, 45 %, 74733 MiB, 143771 MiB
2026/08/06 02:38:19.523, NVIDIA H200, 46, 96 %, 46 %, 74733 MiB, 143771 MiB
2026/08/06 02:38:22.524, NVIDIA H200, 26, 0 %, 0 %, 74733 MiB, 143771 MiB
2026/08/06 02:38:25.524, NVIDIA H200, 24, 0 %, 0 %, 74733 MiB, 143771 MiB
2026/08/06 02:38:28.525, NVIDIA H200, 37, 69 %, 26 %, 74733 MiB, 143771 MiB
2026/08/06 02:38:31.526, NVIDIA H200, 33, 36 %, 2 %, 74733 MiB, 143771 MiB
2026/08/06 02:38:34.526, NVIDIA H200, 26, 0 %, 0 %, 74733 MiB, 143771 MiB
2026/08/06 02:38:37.527, NVIDIA H200, 24, 0 %, 0 %, 74733 MiB, 143771 MiB
2026/08/06 02:38:40.527, NVIDIA H200, 23, 0 %, 0 %, 74733 MiB, 143771 MiB
2026/08/06 02:38:43.528, NVIDIA H200, 23, 0 %, 0 %, 74733 MiB, 143771 MiB
2026/08/06 02:38:46.528, NVIDIA H200, 35, 100 %, 56 %, 74733 MiB, 143771 MiB
2026/08/06 02:38:49.529, NVIDIA H200, 37, 49 %, 24 %, 74733 MiB, 143771 MiB
2026/08/06 02:38:52.530, NVIDIA H200, 41, 97 %, 48 %, 74733 MiB, 143771 MiB
2026/08/06 02:38:55.530, NVIDIA H200, 44, 98 %, 35 %, 74733 MiB, 143771 MiB
2026/08/06 02:38:58.531, NVIDIA H200, 48, 100 %, 41 %, 74733 MiB, 143771 MiB
2026/08/06 02:39:01.532, NVIDIA H200, 47, 100 %, 41 %, 74733 MiB, 143771 MiB
2026/08/06 02:39:04.533, NVIDIA H200, 35, 0 %, 0 %, 74733 MiB, 143771 MiB
2026/08/06 02:39:07.533, NVIDIA H200, 43, 100 %, 46 %, 74733 MiB, 143771 MiB
2026/08/06 02:39:10.534, NVIDIA H200, 46, 100 %, 39 %, 74733 MiB, 143771 MiB
2026/08/06 02:39:13.535, NVIDIA H200, 47, 78 %, 31 %, 74733 MiB, 143771 MiB
2026/08/06 02:39:16.535, NVIDIA H200, 44, 100 %, 45 %, 74733 MiB, 143771 MiB
2026/08/06 02:39:19.536, NVIDIA H200, 45, 100 %, 42 %, 74733 MiB, 143771 MiB
2026/08/06 02:39:22.537, NVIDIA H200, 44, 99 %, 35 %, 74733 MiB, 143771 MiB
2026/08/06 02:39:25.537, NVIDIA H200, 40, 44 %, 8 %, 74733 MiB, 143771 MiB
2026/08/06 02:39:28.538, NVIDIA H200, 42, 97 %, 48 %, 74733 MiB, 143771 MiB
2026/08/06 02:39:31.538, NVIDIA H200, 43, 97 %, 58 %, 74733 MiB, 143771 MiB
2026/08/06 02:39:34.539, NVIDIA H200, 46, 100 %, 41 %, 74733 MiB, 143771 MiB
2026/08/06 02:39:37.540, NVIDIA H200, 42, 87 %, 35 %, 74733 MiB, 143771 MiB
2026/08/06 02:39:40.540, NVIDIA H200, 39, 98 %, 44 %, 74733 MiB, 143771 MiB
2026/08/06 02:39:43.541, NVIDIA H200, 43, 98 %, 46 %, 74733 MiB, 143771 MiB
2026/08/06 02:39:46.541, NVIDIA H200, 47, 100 %, 46 %, 74733 MiB, 143771 MiB
2026/08/06 02:39:49.542, NVIDIA H200, 46, 99 %, 53 %, 74733 MiB, 143771 MiB
2026/08/06 02:39:52.542, NVIDIA H200, 44, 100 %, 51 %, 74733 MiB, 143771 MiB
2026/08/06 02:39:55.543, NVIDIA H200, 35, 49 %, 29 %, 74733 MiB, 143771 MiB
2026/08/06 02:39:58.543, NVIDIA H200, 46, 100 %, 45 %, 74733 MiB, 143771 MiB
2026/08/06 02:40:01.544, NVIDIA H200, 39, 18 %, 0 %, 74733 MiB, 143771 MiB
2026/08/06 02:40:04.544, NVIDIA H200, 46, 71 %, 37 %, 74733 MiB, 143771 MiB
2026/08/06 02:40:07.545, NVIDIA H200, 44, 53 %, 16 %, 74733 MiB, 143771 MiB
2026/08/06 02:40:10.546, NVIDIA H200, 47, 100 %, 41 %, 74733 MiB, 143771 MiB
2026/08/06 02:40:13.546, NVIDIA H200, 46, 100 %, 45 %, 74733 MiB, 143771 MiB
2026/08/06 02:40:16.547, NVIDIA H200, 44, 100 %, 52 %, 74733 MiB, 143771 MiB
2026/08/06 02:40:19.547, NVIDIA H200, 45, 98 %, 37 %, 74733 MiB, 143771 MiB
2026/08/06 02:40:22.548, NVIDIA H200, 45, 100 %, 41 %, 74733 MiB, 143771 MiB
2026/08/06 02:40:25.549, NVIDIA H200, 47, 97 %, 25 %, 74733 MiB, 143771 MiB
2026/08/06 02:40:28.549, NVIDIA H200, 47, 100 %, 40 %, 74733 MiB, 143771 MiB
2026/08/06 02:40:31.550, NVIDIA H200, 27, 0 %, 0 %, 74733 MiB, 143771 MiB
2026/08/06 02:40:34.551, NVIDIA H200, 25, 0 %, 0 %, 74733 MiB, 143771 MiB
2026/08/06 02:40:37.551, NVIDIA H200, 38, 100 %, 50 %, 74733 MiB, 143771 MiB
2026/08/06 02:40:40.552, NVIDIA H200, 35, 0 %, 0 %, 74733 MiB, 143771 MiB
2026/08/06 02:40:43.552, NVIDIA H200, 25, 0 %, 0 %, 74733 MiB, 143771 MiB
2026/08/06 02:40:46.553, NVIDIA H200, 29, 0 %, 0 %, 74733 MiB, 143771 MiB
2026/08/06 02:40:49.553, NVIDIA H200, 42, 100 %, 47 %, 74733 MiB, 143771 MiB
2026/08/06 02:40:52.554, NVIDIA H200, 38, 0 %, 0 %, 74733 MiB, 143771 MiB
2026/08/06 02:40:55.555, NVIDIA H200, 44, 97 %, 33 %, 74733 MiB, 143771 MiB
2026/08/06 02:40:58.555, NVIDIA H200, 44, 98 %, 54 %, 74733 MiB, 143771 MiB
2026/08/06 02:41:01.556, NVIDIA H200, 46, 100 %, 43 %, 74733 MiB, 143771 MiB
2026/08/06 02:41:04.557, NVIDIA H200, 44, 100 %, 53 %, 74733 MiB, 143771 MiB
2026/08/06 02:41:07.557, NVIDIA H200, 46, 100 %, 40 %, 74733 MiB, 143771 MiB
2026/08/06 02:41:10.558, NVIDIA H200, 36, 20 %, 12 %, 74733 MiB, 143771 MiB
2026/08/06 02:41:13.558, NVIDIA H200, 45, 97 %, 54 %, 74733 MiB, 143771 MiB
2026/08/06 02:41:16.559, NVIDIA H200, 44, 97 %, 37 %, 74733 MiB, 143771 MiB
2026/08/06 02:41:19.559, NVIDIA H200, 45, 97 %, 55 %, 74733 MiB, 143771 MiB
2026/08/06 02:41:22.560, NVIDIA H200, 42, 100 %, 50 %, 74733 MiB, 143771 MiB
2026/08/06 02:41:25.561, NVIDIA H200, 49, 100 %, 45 %, 74733 MiB, 143771 MiB
2026/08/06 02:41:28.561, NVIDIA H200, 46, 96 %, 50 %, 74733 MiB, 143771 MiB
2026/08/06 02:41:31.562, NVIDIA H200, 48, 100 %, 48 %, 74733 MiB, 143771 MiB
2026/08/06 02:41:34.563, NVIDIA H200, 47, 98 %, 35 %, 74733 MiB, 143771 MiB
2026/08/06 02:41:37.564, NVIDIA H200, 38, 70 %, 32 %, 74733 MiB, 143771 MiB
2026/08/06 02:41:40.564, NVIDIA H200, 46, 100 %, 39 %, 74733 MiB, 143771 MiB
2026/08/06 02:41:43.565, NVIDIA H200, 44, 96 %, 56 %, 74733 MiB, 143771 MiB
2026/08/06 02:41:46.565, NVIDIA H200, 46, 100 %, 41 %, 74733 MiB, 143771 MiB
2026/08/06 02:41:49.566, NVIDIA H200, 45, 100 %, 35 %, 74733 MiB, 143771 MiB
2026/08/06 02:41:52.566, NVIDIA H200, 44, 100 %, 30 %, 74733 MiB, 143771 MiB
2026/08/06 02:41:55.567, NVIDIA H200, 44, 98 %, 37 %, 74733 MiB, 143771 MiB
2026/08/06 02:41:58.567, NVIDIA H200, 34, 0 %, 0 %, 74733 MiB, 143771 MiB
2026/08/06 02:42:01.568, NVIDIA H200, 45, 100 %, 55 %, 74733 MiB, 143771 MiB
2026/08/06 02:42:04.569, NVIDIA H200, 46, 100 %, 46 %, 74733 MiB, 143771 MiB
2026/08/06 02:42:07.569, NVIDIA H200, 44, 99 %, 52 %, 74733 MiB, 143771 MiB
2026/08/06 02:42:10.570, NVIDIA H200, 46, 100 %, 42 %, 74733 MiB, 143771 MiB
2026/08/06 02:42:13.570, NVIDIA H200, 46, 100 %, 49 %, 74733 MiB, 143771 MiB
2026/08/06 02:42:16.571, NVIDIA H200, 42, 98 %, 44 %, 74733 MiB, 143771 MiB
2026/08/06 02:42:19.572, NVIDIA H200, 45, 96 %, 49 %, 74733 MiB, 143771 MiB
2026/08/06 02:42:22.573, NVIDIA H200, 49, 100 %, 48 %, 74733 MiB, 143771 MiB
2026/08/06 02:42:25.573, NVIDIA H200, 46, 97 %, 50 %, 74733 MiB, 143771 MiB
2026/08/06 02:42:28.574, NVIDIA H200, 46, 95 %, 44 %, 74733 MiB, 143771 MiB
2026/08/06 02:42:31.575, NVIDIA H200, 25, 0 %, 0 %, 74733 MiB, 143771 MiB
2026/08/06 02:42:34.575, NVIDIA H200, 35, 100 %, 52 %, 74733 MiB, 143771 MiB
2026/08/06 02:42:37.576, NVIDIA H200, 26, 0 %, 0 %, 74733 MiB, 143771 MiB
2026/08/06 02:42:40.576, NVIDIA H200, 42, 100 %, 50 %, 74733 MiB, 143771 MiB
2026/08/06 02:42:43.577, NVIDIA H200, 24, 0 %, 0 %, 74733 MiB, 143771 MiB
2026/08/06 02:42:46.577, NVIDIA H200, 39, 100 %, 41 %, 74733 MiB, 143771 MiB
2026/08/06 02:42:49.578, NVIDIA H200, 37, 8 %, 7 %, 74733 MiB, 143771 MiB
2026/08/06 02:42:52.579, NVIDIA H200, 47, 100 %, 39 %, 74733 MiB, 143771 MiB
2026/08/06 02:42:55.579, NVIDIA H200, 45, 96 %, 50 %, 74733 MiB, 143771 MiB
2026/08/06 02:42:58.580, NVIDIA H200, 46, 100 %, 33 %, 74733 MiB, 143771 MiB
2026/08/06 02:43:01.581, NVIDIA H200, 39, 98 %, 45 %, 74733 MiB, 143771 MiB
2026/08/06 02:43:04.581, NVIDIA H200, 46, 100 %, 56 %, 74733 MiB, 143771 MiB
2026/08/06 02:43:07.582, NVIDIA H200, 48, 100 %, 41 %, 74733 MiB, 143771 MiB
2026/08/06 02:43:10.582, NVIDIA H200, 47, 98 %, 45 %, 74733 MiB, 143771 MiB
2026/08/06 02:43:13.583, NVIDIA H200, 47, 100 %, 44 %, 74733 MiB, 143771 MiB
2026/08/06 02:43:16.584, NVIDIA H200, 36, 7 %, 1 %, 74733 MiB, 143771 MiB
2026/08/06 02:43:19.584, NVIDIA H200, 46, 100 %, 31 %, 74733 MiB, 143771 MiB
2026/08/06 02:43:22.585, NVIDIA H200, 47, 100 %, 54 %, 74733 MiB, 143771 MiB
2026/08/06 02:43:25.585, NVIDIA H200, 48, 100 %, 41 %, 74733 MiB, 143771 MiB
2026/08/06 02:43:28.586, NVIDIA H200, 41, 29 %, 7 %, 74733 MiB, 143771 MiB
2026/08/06 02:43:31.586, NVIDIA H200, 45, 97 %, 58 %, 74733 MiB, 143771 MiB
2026/08/06 02:43:34.587, NVIDIA H200, 43, 100 %, 30 %, 74733 MiB, 143771 MiB
2026/08/06 02:43:37.587, NVIDIA H200, 42, 100 %, 45 %, 74733 MiB, 143771 MiB
2026/08/06 02:43:40.588, NVIDIA H200, 46, 100 %, 43 %, 74733 MiB, 143771 MiB
2026/08/06 02:43:43.588, NVIDIA H200, 35, 0 %, 0 %, 74733 MiB, 143771 MiB
2026/08/06 02:43:46.589, NVIDIA H200, 46, 97 %, 46 %, 74733 MiB, 143771 MiB
2026/08/06 02:43:49.589, NVIDIA H200, 45, 100 %, 41 %, 74733 MiB, 143771 MiB
2026/08/06 02:43:52.590, NVIDIA H200, 45, 97 %, 50 %, 74733 MiB, 143771 MiB
2026/08/06 02:43:55.590, NVIDIA H200, 35, 0 %, 0 %, 74733 MiB, 143771 MiB
2026/08/06 02:43:58.591, NVIDIA H200, 46, 100 %, 40 %, 74733 MiB, 143771 MiB
2026/08/06 02:44:01.591, NVIDIA H200, 44, 100 %, 48 %, 74733 MiB, 143771 MiB
2026/08/06 02:44:04.591, NVIDIA H200, 49, 100 %, 43 %, 74733 MiB, 143771 MiB
2026/08/06 02:44:07.592, NVIDIA H200, 47, 100 %, 45 %, 74733 MiB, 143771 MiB
2026/08/06 02:44:10.592, NVIDIA H200, 47, 100 %, 44 %, 74733 MiB, 143771 MiB
2026/08/06 02:44:13.593, NVIDIA H200, 43, 100 %, 39 %, 74733 MiB, 143771 MiB
2026/08/06 02:44:16.593, NVIDIA H200, 47, 100 %, 41 %, 74733 MiB, 143771 MiB
2026/08/06 02:44:19.594, NVIDIA H200, 47, 100 %, 46 %, 74733 MiB, 143771 MiB
2026/08/06 02:44:22.594, NVIDIA H200, 47, 100 %, 38 %, 74733 MiB, 143771 MiB
2026/08/06 02:44:25.595, NVIDIA H200, 47, 98 %, 51 %, 74733 MiB, 143771 MiB
2026/08/06 02:44:28.595, NVIDIA H200, 26, 0 %, 0 %, 74733 MiB, 143771 MiB
2026/08/06 02:44:31.596, NVIDIA H200, 35, 81 %, 41 %, 74733 MiB, 143771 MiB
2026/08/06 02:44:34.597, NVIDIA H200, 41, 69 %, 36 %, 74733 MiB, 143771 MiB
2026/08/06 02:44:37.597, NVIDIA H200, 39, 92 %, 30 %, 74733 MiB, 143771 MiB
2026/08/06 02:44:40.598, NVIDIA H200, 25, 0 %, 0 %, 74733 MiB, 143771 MiB
2026/08/06 02:44:43.599, NVIDIA H200, 35, 97 %, 51 %, 74733 MiB, 143771 MiB
2026/08/06 02:44:46.599, NVIDIA H200, 39, 100 %, 40 %, 74733 MiB, 143771 MiB
2026/08/06 02:44:49.600, NVIDIA H200, 43, 98 %, 45 %, 74733 MiB, 143771 MiB
2026/08/06 02:44:52.600, NVIDIA H200, 45, 100 %, 47 %, 74733 MiB, 143771 MiB
2026/08/06 02:44:55.601, NVIDIA H200, 47, 97 %, 49 %, 74733 MiB, 143771 MiB
2026/08/06 02:44:58.601, NVIDIA H200, 45, 100 %, 40 %, 74733 MiB, 143771 MiB
2026/08/06 02:45:01.602, NVIDIA H200, 47, 100 %, 47 %, 74733 MiB, 143771 MiB
2026/08/06 02:45:04.602, NVIDIA H200, 42, 100 %, 45 %, 74733 MiB, 143771 MiB
2026/08/06 02:45:07.603, NVIDIA H200, 46, 100 %, 50 %, 74733 MiB, 143771 MiB
2026/08/06 02:45:10.604, NVIDIA H200, 45, 100 %, 30 %, 74733 MiB, 143771 MiB
2026/08/06 02:45:13.604, NVIDIA H200, 46, 100 %, 45 %, 74733 MiB, 143771 MiB
2026/08/06 02:45:16.605, NVIDIA H200, 47, 100 %, 43 %, 74733 MiB, 143771 MiB
2026/08/06 02:45:19.605, NVIDIA H200, 46, 59 %, 22 %, 74733 MiB, 143771 MiB
2026/08/06 02:45:22.606, NVIDIA H200, 41, 100 %, 52 %, 74733 MiB, 143771 MiB
2026/08/06 02:45:25.607, NVIDIA H200, 46, 100 %, 41 %, 74733 MiB, 143771 MiB
2026/08/06 02:45:28.607, NVIDIA H200, 43, 100 %, 37 %, 74733 MiB, 143771 MiB
2026/08/06 02:45:31.608, NVIDIA H200, 46, 98 %, 39 %, 74733 MiB, 143771 MiB
2026/08/06 02:45:34.608, NVIDIA H200, 44, 100 %, 46 %, 74733 MiB, 143771 MiB
2026/08/06 02:45:37.609, NVIDIA H200, 43, 99 %, 54 %, 74733 MiB, 143771 MiB
2026/08/06 02:45:40.610, NVIDIA H200, 33, 73 %, 23 %, 74733 MiB, 143771 MiB
2026/08/06 02:45:43.610, NVIDIA H200, 44, 100 %, 49 %, 74733 MiB, 143771 MiB
2026/08/06 02:45:46.611, NVIDIA H200, 48, 100 %, 39 %, 74733 MiB, 143771 MiB
2026/08/06 02:45:49.612, NVIDIA H200, 46, 100 %, 44 %, 74733 MiB, 143771 MiB
2026/08/06 02:45:52.612, NVIDIA H200, 44, 100 %, 42 %, 74733 MiB, 143771 MiB
2026/08/06 02:45:55.613, NVIDIA H200, 46, 100 %, 46 %, 74733 MiB, 143771 MiB
2026/08/06 02:45:58.614, NVIDIA H200, 45, 99 %, 29 %, 74733 MiB, 143771 MiB
2026/08/06 02:46:01.614, NVIDIA H200, 45, 100 %, 47 %, 74733 MiB, 143771 MiB
2026/08/06 02:46:04.615, NVIDIA H200, 46, 100 %, 56 %, 74733 MiB, 143771 MiB
2026/08/06 02:46:07.616, NVIDIA H200, 45, 97 %, 50 %, 74733 MiB, 143771 MiB
2026/08/06 02:46:10.616, NVIDIA H200, 48, 100 %, 41 %, 74733 MiB, 143771 MiB
2026/08/06 02:46:13.617, NVIDIA H200, 44, 100 %, 45 %, 74733 MiB, 143771 MiB
2026/08/06 02:46:16.618, NVIDIA H200, 47, 100 %, 40 %, 74733 MiB, 143771 MiB
2026/08/06 02:46:19.618, NVIDIA H200, 45, 99 %, 53 %, 74733 MiB, 143771 MiB
2026/08/06 02:46:22.619, NVIDIA H200, 45, 97 %, 34 %, 74733 MiB, 143771 MiB
2026/08/06 02:46:25.619, NVIDIA H200, 49, 100 %, 41 %, 74733 MiB, 143771 MiB
2026/08/06 02:46:28.620, NVIDIA H200, 27, 0 %, 0 %, 74733 MiB, 143771 MiB
2026/08/06 02:46:31.621, NVIDIA H200, 26, 0 %, 0 %, 74733 MiB, 143771 MiB
2026/08/06 02:46:34.621, NVIDIA H200, 30, 0 %, 0 %, 74733 MiB, 143771 MiB
2026/08/06 02:46:37.622, NVIDIA H200, 35, 100 %, 51 %, 74733 MiB, 143771 MiB
2026/08/06 02:46:40.622, NVIDIA H200, 25, 0 %, 0 %, 74733 MiB, 143771 MiB
2026/08/06 02:46:43.623, NVIDIA H200, 24, 0 %, 0 %, 74733 MiB, 143771 MiB
2026/08/06 02:46:46.623, NVIDIA H200, 45, 99 %, 37 %, 74733 MiB, 143771 MiB
2026/08/06 02:46:49.624, NVIDIA H200, 30, 0 %, 0 %, 74733 MiB, 143771 MiB
2026/08/06 02:46:52.624, NVIDIA H200, 47, 96 %, 33 %, 74733 MiB, 143771 MiB
2026/08/06 02:46:55.625, NVIDIA H200, 44, 99 %, 54 %, 74733 MiB, 143771 MiB
2026/08/06 02:46:58.626, NVIDIA H200, 43, 97 %, 53 %, 74733 MiB, 143771 MiB
2026/08/06 02:47:01.626, NVIDIA H200, 48, 100 %, 41 %, 74733 MiB, 143771 MiB
2026/08/06 02:47:04.627, NVIDIA H200, 47, 100 %, 48 %, 74733 MiB, 143771 MiB
2026/08/06 02:47:07.627, NVIDIA H200, 46, 97 %, 50 %, 74733 MiB, 143771 MiB
2026/08/06 02:47:10.628, NVIDIA H200, 44, 100 %, 31 %, 74733 MiB, 143771 MiB
2026/08/06 02:47:13.628, NVIDIA H200, 44, 100 %, 36 %, 74733 MiB, 143771 MiB
2026/08/06 02:47:16.629, NVIDIA H200, 48, 100 %, 48 %, 74733 MiB, 143771 MiB
2026/08/06 02:47:19.629, NVIDIA H200, 46, 100 %, 47 %, 74733 MiB, 143771 MiB
2026/08/06 02:47:22.630, NVIDIA H200, 48, 100 %, 39 %, 74733 MiB, 143771 MiB
2026/08/06 02:47:25.631, NVIDIA H200, 47, 99 %, 33 %, 74733 MiB, 143771 MiB
2026/08/06 02:47:28.631, NVIDIA H200, 49, 100 %, 45 %, 74733 MiB, 143771 MiB
2026/08/06 02:47:31.632, NVIDIA H200, 46, 100 %, 40 %, 74733 MiB, 143771 MiB
2026/08/06 02:47:34.632, NVIDIA H200, 35, 0 %, 0 %, 74733 MiB, 143771 MiB
2026/08/06 02:47:37.632, NVIDIA H200, 43, 98 %, 31 %, 74733 MiB, 143771 MiB
2026/08/06 02:47:40.633, NVIDIA H200, 47, 97 %, 39 %, 74733 MiB, 143771 MiB
2026/08/06 02:47:43.634, NVIDIA H200, 49, 100 %, 30 %, 74733 MiB, 143771 MiB
2026/08/06 02:47:46.634, NVIDIA H200, 44, 100 %, 40 %, 74733 MiB, 143771 MiB
2026/08/06 02:47:49.635, NVIDIA H200, 39, 100 %, 42 %, 74733 MiB, 143771 MiB
2026/08/06 02:47:52.635, NVIDIA H200, 45, 100 %, 48 %, 74733 MiB, 143771 MiB
2026/08/06 02:47:55.636, NVIDIA H200, 46, 98 %, 45 %, 74733 MiB, 143771 MiB
2026/08/06 02:47:58.636, NVIDIA H200, 41, 100 %, 43 %, 74733 MiB, 143771 MiB
2026/08/06 02:48:01.637, NVIDIA H200, 45, 100 %, 42 %, 74733 MiB, 143771 MiB
2026/08/06 02:48:04.637, NVIDIA H200, 48, 100 %, 44 %, 74733 MiB, 143771 MiB
2026/08/06 02:48:07.638, NVIDIA H200, 46, 97 %, 49 %, 74733 MiB, 143771 MiB
2026/08/06 02:48:10.638, NVIDIA H200, 43, 62 %, 18 %, 74733 MiB, 143771 MiB
2026/08/06 02:48:13.639, NVIDIA H200, 44, 5 %, 1 %, 74733 MiB, 143771 MiB
2026/08/06 02:48:16.639, NVIDIA H200, 44, 97 %, 36 %, 74733 MiB, 143771 MiB
2026/08/06 02:48:19.640, NVIDIA H200, 46, 100 %, 43 %, 74733 MiB, 143771 MiB
2026/08/06 02:48:22.640, NVIDIA H200, 49, 100 %, 44 %, 74733 MiB, 143771 MiB
2026/08/06 02:48:25.641, NVIDIA H200, 47, 100 %, 47 %, 74733 MiB, 143771 MiB
2026/08/06 02:48:28.641, NVIDIA H200, 27, 0 %, 0 %, 74733 MiB, 143771 MiB
2026/08/06 02:48:31.642, NVIDIA H200, 24, 0 %, 0 %, 74733 MiB, 143771 MiB
2026/08/06 02:48:34.642, NVIDIA H200, 29, 25 %, 14 %, 74733 MiB, 143771 MiB
2026/08/06 02:48:37.643, NVIDIA H200, 25, 0 %, 0 %, 74733 MiB, 143771 MiB
2026/08/06 02:48:40.643, NVIDIA H200, 26, 0 %, 0 %, 74733 MiB, 143771 MiB
2026/08/06 02:48:43.644, NVIDIA H200, 24, 0 %, 0 %, 74733 MiB, 143771 MiB
2026/08/06 02:48:46.644, NVIDIA H200, 23, 0 %, 0 %, 74733 MiB, 143771 MiB
2026/08/06 02:48:49.645, NVIDIA H200, 23, 0 %, 0 %, 74733 MiB, 143771 MiB
2026/08/06 02:48:52.646, NVIDIA H200, 36, 100 %, 44 %, 74733 MiB, 143771 MiB
2026/08/06 02:48:55.646, NVIDIA H200, 42, 83 %, 29 %, 74733 MiB, 143771 MiB
2026/08/06 02:48:58.647, NVIDIA H200, 39, 100 %, 45 %, 74733 MiB, 143771 MiB
2026/08/06 02:49:01.647, NVIDIA H200, 43, 98 %, 55 %, 74733 MiB, 143771 MiB
2026/08/06 02:49:04.648, NVIDIA H200, 45, 100 %, 45 %, 74733 MiB, 143771 MiB
2026/08/06 02:49:07.649, NVIDIA H200, 42, 100 %, 50 %, 74733 MiB, 143771 MiB
2026/08/06 02:49:10.649, NVIDIA H200, 37, 73 %, 35 %, 74733 MiB, 143771 MiB
2026/08/06 02:49:13.650, NVIDIA H200, 35, 0 %, 0 %, 74733 MiB, 143771 MiB
2026/08/06 02:49:16.650, NVIDIA H200, 47, 100 %, 34 %, 74733 MiB, 143771 MiB
2026/08/06 02:49:19.651, NVIDIA H200, 46, 100 %, 40 %, 74733 MiB, 143771 MiB
2026/08/06 02:49:22.652, NVIDIA H200, 45, 100 %, 46 %, 74733 MiB, 143771 MiB
2026/08/06 02:49:25.652, NVIDIA H200, 39, 90 %, 41 %, 74733 MiB, 143771 MiB
2026/08/06 02:49:28.653, NVIDIA H200, 45, 98 %, 50 %, 74733 MiB, 143771 MiB
2026/08/06 02:49:31.653, NVIDIA H200, 46, 100 %, 45 %, 74733 MiB, 143771 MiB
2026/08/06 02:49:34.654, NVIDIA H200, 43, 100 %, 43 %, 74733 MiB, 143771 MiB
2026/08/06 02:49:37.654, NVIDIA H200, 49, 100 %, 45 %, 74733 MiB, 143771 MiB
2026/08/06 02:49:40.655, NVIDIA H200, 46, 82 %, 28 %, 74733 MiB, 143771 MiB
2026/08/06 02:49:43.655, NVIDIA H200, 44, 97 %, 50 %, 74733 MiB, 143771 MiB
2026/08/06 02:49:46.656, NVIDIA H200, 41, 75 %, 36 %, 74733 MiB, 143771 MiB
2026/08/06 02:49:49.657, NVIDIA H200, 44, 100 %, 39 %, 74733 MiB, 143771 MiB
2026/08/06 02:49:52.657, NVIDIA H200, 47, 100 %, 37 %, 74733 MiB, 143771 MiB
2026/08/06 02:49:55.658, NVIDIA H200, 49, 100 %, 48 %, 74733 MiB, 143771 MiB
2026/08/06 02:49:58.658, NVIDIA H200, 45, 99 %, 53 %, 74733 MiB, 143771 MiB
2026/08/06 02:50:01.659, NVIDIA H200, 47, 100 %, 44 %, 74733 MiB, 143771 MiB
2026/08/06 02:50:04.659, NVIDIA H200, 46, 95 %, 45 %, 74733 MiB, 143771 MiB
2026/08/06 02:50:07.660, NVIDIA H200, 41, 95 %, 45 %, 74733 MiB, 143771 MiB
2026/08/06 02:50:10.660, NVIDIA H200, 46, 100 %, 45 %, 74733 MiB, 143771 MiB
2026/08/06 02:50:13.661, NVIDIA H200, 48, 100 %, 39 %, 74733 MiB, 143771 MiB
2026/08/06 02:50:16.662, NVIDIA H200, 39, 72 %, 37 %, 74733 MiB, 143771 MiB
2026/08/06 02:50:19.662, NVIDIA H200, 48, 100 %, 43 %, 74733 MiB, 143771 MiB
2026/08/06 02:50:22.663, NVIDIA H200, 45, 100 %, 40 %, 74733 MiB, 143771 MiB
2026/08/06 02:50:25.663, NVIDIA H200, 42, 100 %, 45 %, 74733 MiB, 143771 MiB
2026/08/06 02:50:28.664, NVIDIA H200, 47, 99 %, 52 %, 74733 MiB, 143771 MiB
2026/08/06 02:50:31.664, NVIDIA H200, 47, 98 %, 30 %, 74733 MiB, 143771 MiB
2026/08/06 02:50:34.665, NVIDIA H200, 27, 0 %, 0 %, 74733 MiB, 143771 MiB
2026/08/06 02:50:37.666, NVIDIA H200, 24, 0 %, 0 %, 74733 MiB, 143771 MiB
2026/08/06 02:50:40.666, NVIDIA H200, 41, 41 %, 9 %, 74733 MiB, 143771 MiB
2026/08/06 02:50:43.667, NVIDIA H200, 31, 20 %, 12 %, 74733 MiB, 143771 MiB
2026/08/06 02:50:46.667, NVIDIA H200, 25, 0 %, 0 %, 74733 MiB, 143771 MiB
2026/08/06 02:50:49.668, NVIDIA H200, 24, 0 %, 0 %, 74733 MiB, 143771 MiB
2026/08/06 02:50:52.669, NVIDIA H200, 40, 98 %, 50 %, 74733 MiB, 143771 MiB
2026/08/06 02:50:55.669, NVIDIA H200, 43, 31 %, 19 %, 74733 MiB, 143771 MiB
2026/08/06 02:50:58.670, NVIDIA H200, 43, 100 %, 44 %, 74733 MiB, 143771 MiB
2026/08/06 02:51:01.670, NVIDIA H200, 48, 100 %, 40 %, 74733 MiB, 143771 MiB
2026/08/06 02:51:04.671, NVIDIA H200, 44, 100 %, 44 %, 74733 MiB, 143771 MiB
2026/08/06 02:51:07.671, NVIDIA H200, 47, 99 %, 53 %, 74733 MiB, 143771 MiB
2026/08/06 02:51:10.672, NVIDIA H200, 46, 96 %, 49 %, 74733 MiB, 143771 MiB
2026/08/06 02:51:13.672, NVIDIA H200, 45, 100 %, 39 %, 74733 MiB, 143771 MiB
2026/08/06 02:51:16.673, NVIDIA H200, 43, 69 %, 36 %, 74733 MiB, 143771 MiB
2026/08/06 02:51:19.674, NVIDIA H200, 46, 100 %, 39 %, 74733 MiB, 143771 MiB
2026/08/06 02:51:22.674, NVIDIA H200, 39, 100 %, 44 %, 74733 MiB, 143771 MiB
2026/08/06 02:51:25.675, NVIDIA H200, 47, 100 %, 44 %, 74733 MiB, 143771 MiB
2026/08/06 02:51:28.675, NVIDIA H200, 40, 100 %, 43 %, 74733 MiB, 143771 MiB
2026/08/06 02:51:31.676, NVIDIA H200, 45, 100 %, 42 %, 74733 MiB, 143771 MiB
2026/08/06 02:51:34.677, NVIDIA H200, 45, 100 %, 50 %, 74733 MiB, 143771 MiB
2026/08/06 02:51:37.677, NVIDIA H200, 47, 100 %, 40 %, 74733 MiB, 143771 MiB
2026/08/06 02:51:40.678, NVIDIA H200, 48, 100 %, 43 %, 74733 MiB, 143771 MiB
2026/08/06 02:51:43.678, NVIDIA H200, 43, 100 %, 43 %, 74733 MiB, 143771 MiB
2026/08/06 02:51:46.679, NVIDIA H200, 47, 100 %, 40 %, 74733 MiB, 143771 MiB
2026/08/06 02:51:49.680, NVIDIA H200, 44, 100 %, 49 %, 74733 MiB, 143771 MiB
2026/08/06 02:51:52.681, NVIDIA H200, 45, 100 %, 43 %, 74733 MiB, 143771 MiB
2026/08/06 02:51:55.681, NVIDIA H200, 46, 98 %, 50 %, 74733 MiB, 143771 MiB
2026/08/06 02:51:58.682, NVIDIA H200, 46, 100 %, 45 %, 74733 MiB, 143771 MiB
2026/08/06 02:52:01.683, NVIDIA H200, 46, 80 %, 37 %, 74733 MiB, 143771 MiB
2026/08/06 02:52:04.683, NVIDIA H200, 47, 100 %, 39 %, 74733 MiB, 143771 MiB
2026/08/06 02:52:07.684, NVIDIA H200, 36, 70 %, 33 %, 74733 MiB, 143771 MiB
2026/08/06 02:52:10.685, NVIDIA H200, 44, 98 %, 35 %, 74733 MiB, 143771 MiB
2026/08/06 02:52:13.685, NVIDIA H200, 46, 100 %, 39 %, 74733 MiB, 143771 MiB
2026/08/06 02:52:16.686, NVIDIA H200, 46, 98 %, 34 %, 74733 MiB, 143771 MiB
2026/08/06 02:52:19.687, NVIDIA H200, 46, 97 %, 48 %, 74733 MiB, 143771 MiB
2026/08/06 02:52:22.687, NVIDIA H200, 49, 100 %, 33 %, 74733 MiB, 143771 MiB
2026/08/06 02:52:25.688, NVIDIA H200, 47, 100 %, 46 %, 74733 MiB, 143771 MiB
2026/08/06 02:52:28.688, NVIDIA H200, 48, 100 %, 42 %, 74733 MiB, 143771 MiB
2026/08/06 02:52:31.689, NVIDIA H200, 29, 0 %, 0 %, 74733 MiB, 143771 MiB
2026/08/06 02:52:34.690, NVIDIA H200, 25, 0 %, 0 %, 74733 MiB, 143771 MiB
2026/08/06 02:52:37.690, NVIDIA H200, 24, 0 %, 0 %, 74733 MiB, 143771 MiB
2026/08/06 02:52:40.691, NVIDIA H200, 27, 0 %, 0 %, 74733 MiB, 143771 MiB
2026/08/06 02:52:43.691, NVIDIA H200, 34, 100 %, 52 %, 74733 MiB, 143771 MiB
2026/08/06 02:52:46.692, NVIDIA H200, 24, 0 %, 0 %, 74733 MiB, 143771 MiB
2026/08/06 02:52:49.692, NVIDIA H200, 42, 100 %, 38 %, 74733 MiB, 143771 MiB
2026/08/06 02:52:52.693, NVIDIA H200, 44, 100 %, 44 %, 74733 MiB, 143771 MiB
2026/08/06 02:52:55.694, NVIDIA H200, 48, 100 %, 40 %, 74733 MiB, 143771 MiB
2026/08/06 02:52:58.694, NVIDIA H200, 46, 100 %, 46 %, 74733 MiB, 143771 MiB
2026/08/06 02:53:01.695, NVIDIA H200, 48, 100 %, 39 %, 74733 MiB, 143771 MiB
2026/08/06 02:53:04.696, NVIDIA H200, 44, 100 %, 40 %, 74733 MiB, 143771 MiB
2026/08/06 02:53:07.696, NVIDIA H200, 44, 100 %, 51 %, 74733 MiB, 143771 MiB
2026/08/06 02:53:10.697, NVIDIA H200, 46, 98 %, 44 %, 74733 MiB, 143771 MiB
2026/08/06 02:53:13.698, NVIDIA H200, 47, 100 %, 37 %, 74733 MiB, 143771 MiB
2026/08/06 02:53:16.698, NVIDIA H200, 48, 100 %, 45 %, 74733 MiB, 143771 MiB
2026/08/06 02:53:19.699, NVIDIA H200, 42, 80 %, 26 %, 74733 MiB, 143771 MiB
2026/08/06 02:53:22.700, NVIDIA H200, 46, 97 %, 49 %, 74733 MiB, 143771 MiB
2026/08/06 02:53:25.700, NVIDIA H200, 46, 100 %, 41 %, 74733 MiB, 143771 MiB
2026/08/06 02:53:28.701, NVIDIA H200, 47, 100 %, 46 %, 74733 MiB, 143771 MiB
2026/08/06 02:53:31.702, NVIDIA H200, 43, 75 %, 25 %, 74733 MiB, 143771 MiB
2026/08/06 02:53:34.702, NVIDIA H200, 45, 99 %, 53 %, 74733 MiB, 143771 MiB
2026/08/06 02:53:37.703, NVIDIA H200, 45, 100 %, 41 %, 74733 MiB, 143771 MiB
2026/08/06 02:53:40.703, NVIDIA H200, 41, 100 %, 44 %, 74733 MiB, 143771 MiB
2026/08/06 02:53:43.704, NVIDIA H200, 45, 100 %, 47 %, 74733 MiB, 143771 MiB
2026/08/06 02:53:46.704, NVIDIA H200, 37, 52 %, 21 %, 74733 MiB, 143771 MiB
2026/08/06 02:53:49.705, NVIDIA H200, 45, 100 %, 50 %, 74733 MiB, 143771 MiB
2026/08/06 02:53:52.706, NVIDIA H200, 46, 100 %, 39 %, 74733 MiB, 143771 MiB
2026/08/06 02:53:55.706, NVIDIA H200, 45, 100 %, 42 %, 74733 MiB, 143771 MiB
2026/08/06 02:53:58.707, NVIDIA H200, 37, 25 %, 15 %, 74733 MiB, 143771 MiB
2026/08/06 02:54:01.708, NVIDIA H200, 45, 100 %, 55 %, 74733 MiB, 143771 MiB
2026/08/06 02:54:04.708, NVIDIA H200, 46, 100 %, 43 %, 74733 MiB, 143771 MiB
2026/08/06 02:54:07.709, NVIDIA H200, 41, 95 %, 42 %, 74733 MiB, 143771 MiB
2026/08/06 02:54:10.709, NVIDIA H200, 47, 100 %, 37 %, 74733 MiB, 143771 MiB
2026/08/06 02:54:13.710, NVIDIA H200, 44, 100 %, 50 %, 74733 MiB, 143771 MiB
2026/08/06 02:54:16.711, NVIDIA H200, 45, 100 %, 45 %, 74733 MiB, 143771 MiB
2026/08/06 02:54:19.711, NVIDIA H200, 42, 39 %, 4 %, 74733 MiB, 143771 MiB
2026/08/06 02:54:22.712, NVIDIA H200, 47, 99 %, 38 %, 74733 MiB, 143771 MiB
2026/08/06 02:54:25.712, NVIDIA H200, 49, 100 %, 47 %, 74733 MiB, 143771 MiB
2026/08/06 02:54:28.713, NVIDIA H200, 46, 98 %, 50 %, 74733 MiB, 143771 MiB
2026/08/06 02:54:31.714, NVIDIA H200, 28, 0 %, 0 %, 74733 MiB, 143771 MiB
2026/08/06 02:54:34.714, NVIDIA H200, 25, 0 %, 0 %, 74733 MiB, 143771 MiB
2026/08/06 02:54:37.715, NVIDIA H200, 24, 0 %, 0 %, 74733 MiB, 143771 MiB
2026/08/06 02:54:40.715, NVIDIA H200, 26, 0 %, 0 %, 74733 MiB, 143771 MiB
2026/08/06 02:54:43.716, NVIDIA H200, 26, 0 %, 0 %, 74733 MiB, 143771 MiB
2026/08/06 02:54:46.716, NVIDIA H200, 24, 0 %, 0 %, 74733 MiB, 143771 MiB
2026/08/06 02:54:49.717, NVIDIA H200, 34, 100 %, 46 %, 74733 MiB, 143771 MiB
2026/08/06 02:54:52.717, NVIDIA H200, 43, 100 %, 41 %, 74733 MiB, 143771 MiB
2026/08/06 02:54:55.718, NVIDIA H200, 44, 97 %, 27 %, 74733 MiB, 143771 MiB
2026/08/06 02:54:58.719, NVIDIA H200, 45, 100 %, 37 %, 74733 MiB, 143771 MiB
2026/08/06 02:55:01.719, NVIDIA H200, 43, 98 %, 39 %, 74733 MiB, 143771 MiB
2026/08/06 02:55:04.721, NVIDIA H200, 45, 97 %, 49 %, 74733 MiB, 143771 MiB
2026/08/06 02:55:07.721, NVIDIA H200, 47, 100 %, 39 %, 74733 MiB, 143771 MiB
2026/08/06 02:55:10.722, NVIDIA H200, 44, 100 %, 44 %, 74733 MiB, 143771 MiB
2026/08/06 02:55:13.722, NVIDIA H200, 44, 98 %, 37 %, 74733 MiB, 143771 MiB
2026/08/06 02:55:16.723, NVIDIA H200, 47, 100 %, 40 %, 74733 MiB, 143771 MiB
2026/08/06 02:55:19.724, NVIDIA H200, 38, 100 %, 40 %, 74733 MiB, 143771 MiB
2026/08/06 02:55:22.724, NVIDIA H200, 46, 99 %, 43 %, 74733 MiB, 143771 MiB
2026/08/06 02:55:25.725, NVIDIA H200, 46, 87 %, 46 %, 74733 MiB, 143771 MiB
2026/08/06 02:55:28.725, NVIDIA H200, 42, 100 %, 43 %, 74733 MiB, 143771 MiB
2026/08/06 02:55:31.726, NVIDIA H200, 47, 97 %, 49 %, 74733 MiB, 143771 MiB
2026/08/06 02:55:34.726, NVIDIA H200, 44, 97 %, 35 %, 74733 MiB, 143771 MiB
2026/08/06 02:55:37.727, NVIDIA H200, 47, 100 %, 37 %, 74733 MiB, 143771 MiB
2026/08/06 02:55:40.727, NVIDIA H200, 44, 100 %, 39 %, 74733 MiB, 143771 MiB
2026/08/06 02:55:43.728, NVIDIA H200, 41, 100 %, 54 %, 74733 MiB, 143771 MiB
2026/08/06 02:55:46.729, NVIDIA H200, 47, 100 %, 32 %, 74733 MiB, 143771 MiB
2026/08/06 02:55:49.730, NVIDIA H200, 44, 100 %, 42 %, 74733 MiB, 143771 MiB
2026/08/06 02:55:52.730, NVIDIA H200, 47, 97 %, 49 %, 74733 MiB, 143771 MiB
2026/08/06 02:55:55.731, NVIDIA H200, 46, 100 %, 43 %, 74733 MiB, 143771 MiB
2026/08/06 02:55:58.731, NVIDIA H200, 47, 97 %, 47 %, 74733 MiB, 143771 MiB
2026/08/06 02:56:01.732, NVIDIA H200, 43, 100 %, 42 %, 74733 MiB, 143771 MiB
2026/08/06 02:56:04.732, NVIDIA H200, 44, 100 %, 49 %, 74733 MiB, 143771 MiB
2026/08/06 02:56:07.733, NVIDIA H200, 39, 100 %, 38 %, 74733 MiB, 143771 MiB
2026/08/06 02:56:10.734, NVIDIA H200, 45, 100 %, 52 %, 74733 MiB, 143771 MiB
2026/08/06 02:56:13.734, NVIDIA H200, 49, 100 %, 33 %, 74733 MiB, 143771 MiB
2026/08/06 02:56:16.735, NVIDIA H200, 39, 100 %, 51 %, 74733 MiB, 143771 MiB
2026/08/06 02:56:19.735, NVIDIA H200, 43, 56 %, 21 %, 74733 MiB, 143771 MiB
2026/08/06 02:56:22.736, NVIDIA H200, 44, 100 %, 55 %, 74733 MiB, 143771 MiB
2026/08/06 02:56:25.736, NVIDIA H200, 49, 100 %, 44 %, 74733 MiB, 143771 MiB
2026/08/06 02:56:28.737, NVIDIA H200, 48, 100 %, 43 %, 74733 MiB, 143771 MiB
2026/08/06 02:56:31.738, NVIDIA H200, 25, 0 %, 0 %, 74733 MiB, 143771 MiB
2026/08/06 02:56:34.738, NVIDIA H200, 24, 0 %, 0 %, 74733 MiB, 143771 MiB
2026/08/06 02:56:37.739, NVIDIA H200, 26, 0 %, 0 %, 74733 MiB, 143771 MiB
2026/08/06 02:56:40.739, NVIDIA H200, 39, 100 %, 49 %, 74733 MiB, 143771 MiB
2026/08/06 02:56:43.740, NVIDIA H200, 24, 0 %, 0 %, 74733 MiB, 143771 MiB
2026/08/06 02:56:46.741, NVIDIA H200, 24, 0 %, 0 %, 74733 MiB, 143771 MiB
2026/08/06 02:56:49.741, NVIDIA H200, 43, 100 %, 52 %, 74733 MiB, 143771 MiB
2026/08/06 02:56:52.742, NVIDIA H200, 46, 100 %, 46 %, 74733 MiB, 143771 MiB
2026/08/06 02:56:55.743, NVIDIA H200, 42, 100 %, 40 %, 74733 MiB, 143771 MiB
2026/08/06 02:56:58.743, NVIDIA H200, 45, 97 %, 46 %, 74733 MiB, 143771 MiB
2026/08/06 02:57:01.744, NVIDIA H200, 44, 100 %, 43 %, 74733 MiB, 143771 MiB
2026/08/06 02:57:04.744, NVIDIA H200, 43, 8 %, 5 %, 74733 MiB, 143771 MiB
2026/08/06 02:57:07.745, NVIDIA H200, 44, 98 %, 35 %, 74733 MiB, 143771 MiB
2026/08/06 02:57:10.745, NVIDIA H200, 43, 100 %, 50 %, 74733 MiB, 143771 MiB
2026/08/06 02:57:13.746, NVIDIA H200, 36, 100 %, 46 %, 74733 MiB, 143771 MiB
2026/08/06 02:57:16.747, NVIDIA H200, 44, 0 %, 0 %, 74733 MiB, 143771 MiB
2026/08/06 02:57:19.747, NVIDIA H200, 33, 55 %, 21 %, 74733 MiB, 143771 MiB
2026/08/06 02:57:22.748, NVIDIA H200, 47, 99 %, 55 %, 74733 MiB, 143771 MiB
2026/08/06 02:57:25.748, NVIDIA H200, 46, 100 %, 44 %, 74733 MiB, 143771 MiB
2026/08/06 02:57:28.749, NVIDIA H200, 45, 97 %, 35 %, 74733 MiB, 143771 MiB
2026/08/06 02:57:31.750, NVIDIA H200, 46, 100 %, 40 %, 74733 MiB, 143771 MiB
2026/08/06 02:57:34.750, NVIDIA H200, 46, 97 %, 57 %, 74733 MiB, 143771 MiB
2026/08/06 02:57:37.751, NVIDIA H200, 48, 100 %, 39 %, 74733 MiB, 143771 MiB
2026/08/06 02:57:40.751, NVIDIA H200, 45, 100 %, 47 %, 74733 MiB, 143771 MiB
2026/08/06 02:57:43.752, NVIDIA H200, 47, 100 %, 37 %, 74733 MiB, 143771 MiB
2026/08/06 02:57:46.753, NVIDIA H200, 48, 97 %, 33 %, 74733 MiB, 143771 MiB
2026/08/06 02:57:49.753, NVIDIA H200, 47, 98 %, 47 %, 74733 MiB, 143771 MiB
2026/08/06 02:57:52.754, NVIDIA H200, 45, 100 %, 41 %, 74733 MiB, 143771 MiB
2026/08/06 02:57:55.754, NVIDIA H200, 45, 100 %, 43 %, 74733 MiB, 143771 MiB
2026/08/06 02:57:58.755, NVIDIA H200, 43, 38 %, 3 %, 74733 MiB, 143771 MiB
2026/08/06 02:58:01.755, NVIDIA H200, 49, 100 %, 47 %, 74733 MiB, 143771 MiB
2026/08/06 02:58:04.756, NVIDIA H200, 46, 95 %, 35 %, 74733 MiB, 143771 MiB
2026/08/06 02:58:07.757, NVIDIA H200, 44, 100 %, 42 %, 74733 MiB, 143771 MiB
2026/08/06 02:58:10.757, NVIDIA H200, 46, 48 %, 24 %, 74733 MiB, 143771 MiB
2026/08/06 02:58:13.758, NVIDIA H200, 49, 100 %, 45 %, 74733 MiB, 143771 MiB
2026/08/06 02:58:16.759, NVIDIA H200, 46, 100 %, 47 %, 74733 MiB, 143771 MiB
2026/08/06 02:58:19.760, NVIDIA H200, 45, 100 %, 45 %, 74733 MiB, 143771 MiB
2026/08/06 02:58:22.760, NVIDIA H200, 47, 97 %, 52 %, 74733 MiB, 143771 MiB
2026/08/06 02:58:25.761, NVIDIA H200, 46, 96 %, 35 %, 74733 MiB, 143771 MiB
2026/08/06 02:58:28.761, NVIDIA H200, 35, 0 %, 0 %, 74733 MiB, 143771 MiB
2026/08/06 02:58:31.762, NVIDIA H200, 25, 0 %, 0 %, 74733 MiB, 143771 MiB
2026/08/06 02:58:34.762, NVIDIA H200, 24, 0 %, 0 %, 74733 MiB, 143771 MiB
2026/08/06 02:58:37.763, NVIDIA H200, 27, 0 %, 0 %, 74733 MiB, 143771 MiB
2026/08/06 02:58:40.764, NVIDIA H200, 43, 98 %, 40 %, 74733 MiB, 143771 MiB
2026/08/06 02:58:43.764, NVIDIA H200, 24, 0 %, 0 %, 74733 MiB, 143771 MiB
2026/08/06 02:58:46.765, NVIDIA H200, 24, 0 %, 0 %, 74733 MiB, 143771 MiB
2026/08/06 02:58:49.765, NVIDIA H200, 23, 0 %, 0 %, 74737 MiB, 143771 MiB
2026/08/06 02:58:52.766, NVIDIA H200, 23, 0 %, 0 %, 74737 MiB, 143771 MiB
2026/08/06 02:58:55.767, NVIDIA H200, 23, 0 %, 0 %, 74737 MiB, 143771 MiB
2026/08/06 02:58:58.768, NVIDIA H200, 23, 0 %, 0 %, 74737 MiB, 143771 MiB
2026/08/06 02:59:01.768, NVIDIA H200, 23, 0 %, 0 %, 74737 MiB, 143771 MiB
2026/08/06 02:59:04.769, NVIDIA H200, 23, 0 %, 0 %, 74737 MiB, 143771 MiB
2026/08/06 02:59:07.770, NVIDIA H200, 23, 0 %, 0 %, 74737 MiB, 143771 MiB
2026/08/06 02:59:10.770, NVIDIA H200, 23, 0 %, 0 %, 74737 MiB, 143771 MiB
2026/08/06 02:59:13.771, NVIDIA H200, 23, 0 %, 0 %, 74737 MiB, 143771 MiB
2026/08/06 02:59:16.772, NVIDIA H200, 23, 0 %, 0 %, 74737 MiB, 143771 MiB
2026/08/06 02:59:19.773, NVIDIA H200, 23, 0 %, 0 %, 74737 MiB, 143771 MiB
2026/08/06 02:59:22.773, NVIDIA H200, 23, 0 %, 0 %, 74737 MiB, 143771 MiB
2026/08/06 02:59:25.774, NVIDIA H200, 23, 0 %, 0 %, 74737 MiB, 143771 MiB
2026/08/06 02:59:28.775, NVIDIA H200, 23, 0 %, 0 %, 74737 MiB, 143771 MiB
2026/08/06 02:59:31.775, NVIDIA H200, 23, 0 %, 0 %, 74737 MiB, 143771 MiB
2026/08/06 02:59:34.776, NVIDIA H200, 23, 0 %, 0 %, 74737 MiB, 143771 MiB
2026/08/06 02:59:37.776, NVIDIA H200, 23, 0 %, 0 %, 74737 MiB, 143771 MiB
2026/08/06 02:59:40.777, NVIDIA H200, 23, 0 %, 0 %, 74737 MiB, 143771 MiB
2026/08/06 02:59:43.778, NVIDIA H200, 23, 0 %, 0 %, 74737 MiB, 143771 MiB
2026/08/06 02:59:46.778, NVIDIA H200, 23, 0 %, 0 %, 74737 MiB, 143771 MiB
2026/08/06 02:59:49.779, NVIDIA H200, 23, 0 %, 0 %, 74737 MiB, 143771 MiB
2026/08/06 02:59:52.779, NVIDIA H200, 23, 0 %, 0 %, 74737 MiB, 143771 MiB
2026/08/06 02:59:55.780, NVIDIA H200, 23, 0 %, 0 %, 74737 MiB, 143771 MiB
2026/08/06 02:59:58.780, NVIDIA H200, 22, 0 %, 0 %, 74737 MiB, 143771 MiB
2026/08/06 03:00:01.781, NVIDIA H200, 22, 0 %, 0 %, 74737 MiB, 143771 MiB
2026/08/06 03:00:04.781, NVIDIA H200, 22, 0 %, 0 %, 74737 MiB, 143771 MiB
2026/08/06 03:00:07.782, NVIDIA H200, 22, 0 %, 0 %, 74737 MiB, 143771 MiB
2026/08/06 03:00:10.783, NVIDIA H200, 22, 0 %, 0 %, 74737 MiB, 143771 MiB
2026/08/06 03:00:13.783, NVIDIA H200, 22, 0 %, 0 %, 74737 MiB, 143771 MiB
2026/08/06 03:00:16.784, NVIDIA H200, 22, 0 %, 0 %, 74737 MiB, 143771 MiB
2026/08/06 03:00:19.784, NVIDIA H200, 22, 0 %, 0 %, 74737 MiB, 143771 MiB
2026/08/06 03:00:22.785, NVIDIA H200, 22, 0 %, 0 %, 74737 MiB, 143771 MiB
2026/08/06 03:00:25.785, NVIDIA H200, 22, 0 %, 0 %, 74737 MiB, 143771 MiB
2026/08/06 03:00:28.786, NVIDIA H200, 22, 0 %, 0 %, 74737 MiB, 143771 MiB
2026/08/06 03:00:31.787, NVIDIA H200, 22, 0 %, 0 %, 74737 MiB, 143771 MiB
2026/08/06 03:00:34.787, NVIDIA H200, 22, 0 %, 0 %, 74737 MiB, 143771 MiB
2026/08/06 03:00:37.788, NVIDIA H200, 22, 0 %, 0 %, 74737 MiB, 143771 MiB
2026/08/06 03:00:40.789, NVIDIA H200, 22, 0 %, 0 %, 74737 MiB, 143771 MiB
2026/08/06 03:00:43.789, NVIDIA H200, 22, 0 %, 0 %, 74737 MiB, 143771 MiB
2026/08/06 03:00:46.790, NVIDIA H200, 22, 0 %, 0 %, 74737 MiB, 143771 MiB
2026/08/06 03:00:49.790, NVIDIA H200, 22, 0 %, 0 %, 74737 MiB, 143771 MiB
2026/08/06 03:00:52.791, NVIDIA H200, 22, 0 %, 0 %, 74737 MiB, 143771 MiB
2026/08/06 03:00:55.791, NVIDIA H200, 22, 0 %, 0 %, 74737 MiB, 143771 MiB
2026/08/06 03:00:58.792, NVIDIA H200, 22, 0 %, 0 %, 74737 MiB, 143771 MiB
2026/08/06 03:01:01.793, NVIDIA H200, 22, 0 %, 0 %, 74737 MiB, 143771 MiB
2026/08/06 03:01:04.793, NVIDIA H200, 22, 0 %, 0 %, 74737 MiB, 143771 MiB
2026/08/06 03:01:07.794, NVIDIA H200, 22, 0 %, 0 %, 74737 MiB, 143771 MiB
2026/08/06 03:01:10.794, NVIDIA H200, 22, 0 %, 0 %, 74737 MiB, 143771 MiB
2026/08/06 03:01:13.795, NVIDIA H200, 22, 0 %, 0 %, 74737 MiB, 143771 MiB
2026/08/06 03:01:16.795, NVIDIA H200, 22, 0 %, 0 %, 74737 MiB, 143771 MiB
2026/08/06 03:01:19.796, NVIDIA H200, 22, 0 %, 0 %, 74737 MiB, 143771 MiB
2026/08/06 03:01:22.797, NVIDIA H200, 22, 0 %, 0 %, 74737 MiB, 143771 MiB
2026/08/06 03:01:25.797, NVIDIA H200, 22, 0 %, 0 %, 74737 MiB, 143771 MiB
2026/08/06 03:01:28.798, NVIDIA H200, 22, 0 %, 0 %, 74737 MiB, 143771 MiB
2026/08/06 03:01:31.798, NVIDIA H200, 22, 0 %, 0 %, 74737 MiB, 143771 MiB
2026/08/06 03:01:34.799, NVIDIA H200, 22, 0 %, 0 %, 74737 MiB, 143771 MiB
2026/08/06 03:01:37.799, NVIDIA H200, 22, 0 %, 0 %, 74737 MiB, 143771 MiB
2026/08/06 03:01:40.800, NVIDIA H200, 22, 0 %, 0 %, 74737 MiB, 143771 MiB
2026/08/06 03:01:43.801, NVIDIA H200, 22, 0 %, 0 %, 74737 MiB, 143771 MiB
2026/08/06 03:01:46.801, NVIDIA H200, 22, 0 %, 0 %, 74737 MiB, 143771 MiB
2026/08/06 03:01:49.802, NVIDIA H200, 22, 0 %, 0 %, 74737 MiB, 143771 MiB
2026/08/06 03:01:52.802, NVIDIA H200, 22, 0 %, 0 %, 74737 MiB, 143771 MiB
2026/08/06 03:01:55.803, NVIDIA H200, 22, 0 %, 0 %, 74737 MiB, 143771 MiB
2026/08/06 03:01:58.803, NVIDIA H200, 22, 0 %, 0 %, 74737 MiB, 143771 MiB
2026/08/06 03:02:01.804, NVIDIA H200, 22, 0 %, 0 %, 74737 MiB, 143771 MiB
2026/08/06 03:02:04.805, NVIDIA H200, 22, 0 %, 0 %, 74737 MiB, 143771 MiB
2026/08/06 03:02:07.805, NVIDIA H200, 22, 0 %, 0 %, 74737 MiB, 143771 MiB
2026/08/06 03:02:10.806, NVIDIA H200, 22, 0 %, 0 %, 74737 MiB, 143771 MiB
2026/08/06 03:02:13.807, NVIDIA H200, 22, 0 %, 0 %, 74737 MiB, 143771 MiB
2026/08/06 03:02:16.807, NVIDIA H200, 22, 0 %, 0 %, 74737 MiB, 143771 MiB
2026/08/06 03:02:19.808, NVIDIA H200, 22, 0 %, 0 %, 74737 MiB, 143771 MiB
2026/08/06 03:02:22.808, NVIDIA H200, 22, 0 %, 0 %, 74737 MiB, 143771 MiB
2026/08/06 03:02:25.809, NVIDIA H200, 22, 0 %, 0 %, 74737 MiB, 143771 MiB
2026/08/06 03:02:28.809, NVIDIA H200, 22, 0 %, 0 %, 74737 MiB, 143771 MiB
2026/08/06 03:02:31.810, NVIDIA H200, 22, 0 %, 0 %, 74737 MiB, 143771 MiB
2026/08/06 03:02:34.811, NVIDIA H200, 22, 0 %, 0 %, 74737 MiB, 143771 MiB
2026/08/06 03:02:37.811, NVIDIA H200, 22, 0 %, 0 %, 74737 MiB, 143771 MiB
2026/08/06 03:02:40.812, NVIDIA H200, 22, 0 %, 0 %, 74737 MiB, 143771 MiB
2026/08/06 03:02:43.812, NVIDIA H200, 22, 0 %, 0 %, 74737 MiB, 143771 MiB
2026/08/06 03:02:46.813, NVIDIA H200, 22, 0 %, 0 %, 74737 MiB, 143771 MiB
2026/08/06 03:02:49.814, NVIDIA H200, 22, 0 %, 0 %, 74737 MiB, 143771 MiB
2026/08/06 03:02:52.814, NVIDIA H200, 22, 0 %, 0 %, 74737 MiB, 143771 MiB
2026/08/06 03:02:55.815, NVIDIA H200, 22, 0 %, 0 %, 74737 MiB, 143771 MiB
2026/08/06 03:02:58.816, NVIDIA H200, 22, 0 %, 0 %, 74737 MiB, 143771 MiB
2026/08/06 03:03:01.816, NVIDIA H200, 22, 0 %, 0 %, 74737 MiB, 143771 MiB
2026/08/06 03:03:04.817, NVIDIA H200, 22, 0 %, 0 %, 74737 MiB, 143771 MiB
2026/08/06 03:03:07.818, NVIDIA H200, 22, 0 %, 0 %, 74737 MiB, 143771 MiB
2026/08/06 03:03:10.819, NVIDIA H200, 22, 0 %, 0 %, 74737 MiB, 143771 MiB
2026/08/06 03:03:13.820, NVIDIA H200, 22, 0 %, 0 %, 74737 MiB, 143771 MiB
2026/08/06 03:03:16.820, NVIDIA H200, 22, 0 %, 0 %, 74737 MiB, 143771 MiB
2026/08/06 03:03:19.821, NVIDIA H200, 22, 0 %, 0 %, 74737 MiB, 143771 MiB
2026/08/06 03:03:22.821, NVIDIA H200, 22, 0 %, 0 %, 74737 MiB, 143771 MiB
2026/08/06 03:03:25.822, NVIDIA H200, 22, 0 %, 0 %, 74737 MiB, 143771 MiB
2026/08/06 03:03:28.822, NVIDIA H200, 22, 0 %, 0 %, 74737 MiB, 143771 MiB
2026/08/06 03:03:31.823, NVIDIA H200, 22, 0 %, 0 %, 74737 MiB, 143771 MiB
2026/08/06 03:03:34.823, NVIDIA H200, 22, 0 %, 0 %, 74737 MiB, 143771 MiB
2026/08/06 03:03:37.824, NVIDIA H200, 22, 0 %, 0 %, 74737 MiB, 143771 MiB
2026/08/06 03:03:40.824, NVIDIA H200, 22, 0 %, 0 %, 74737 MiB, 143771 MiB
2026/08/06 03:03:43.825, NVIDIA H200, 22, 0 %, 0 %, 74737 MiB, 143771 MiB
2026/08/06 03:03:46.825, NVIDIA H200, 22, 0 %, 0 %, 74737 MiB, 143771 MiB
2026/08/06 03:03:49.826, NVIDIA H200, 22, 0 %, 0 %, 74737 MiB, 143771 MiB
2026/08/06 03:03:52.827, NVIDIA H200, 22, 0 %, 0 %, 74737 MiB, 143771 MiB
2026/08/06 03:03:55.827, NVIDIA H200, 22, 0 %, 0 %, 74737 MiB, 143771 MiB
2026/08/06 03:03:58.828, NVIDIA H200, 22, 0 %, 0 %, 74737 MiB, 143771 MiB
2026/08/06 03:04:01.828, NVIDIA H200, 22, 0 %, 0 %, 74737 MiB, 143771 MiB
2026/08/06 03:04:04.829, NVIDIA H200, 22, 0 %, 0 %, 74737 MiB, 143771 MiB
2026/08/06 03:04:07.829, NVIDIA H200, 22, 0 %, 0 %, 74737 MiB, 143771 MiB
2026/08/06 03:04:10.830, NVIDIA H200, 22, 0 %, 0 %, 74737 MiB, 143771 MiB
2026/08/06 03:04:13.830, NVIDIA H200, 22, 0 %, 0 %, 74737 MiB, 143771 MiB
2026/08/06 03:04:16.830, NVIDIA H200, 22, 0 %, 0 %, 74737 MiB, 143771 MiB
2026/08/06 03:04:19.831, NVIDIA H200, 22, 0 %, 0 %, 74737 MiB, 143771 MiB
2026/08/06 03:04:22.831, NVIDIA H200, 22, 0 %, 0 %, 74737 MiB, 143771 MiB
2026/08/06 03:04:25.832, NVIDIA H200, 22, 0 %, 0 %, 74737 MiB, 143771 MiB
2026/08/06 03:04:28.832, NVIDIA H200, 22, 0 %, 0 %, 74737 MiB, 143771 MiB
2026/08/06 03:04:31.833, NVIDIA H200, 22, 0 %, 0 %, 74737 MiB, 143771 MiB
2026/08/06 03:04:34.833, NVIDIA H200, 22, 0 %, 0 %, 74737 MiB, 143771 MiB
2026/08/06 03:04:37.834, NVIDIA H200, 22, 0 %, 0 %, 74737 MiB, 143771 MiB
2026/08/06 03:04:40.834, NVIDIA H200, 22, 0 %, 0 %, 74737 MiB, 143771 MiB
2026/08/06 03:04:43.835, NVIDIA H200, 22, 0 %, 0 %, 74737 MiB, 143771 MiB
2026/08/06 03:04:46.835, NVIDIA H200, 22, 0 %, 0 %, 74737 MiB, 143771 MiB
2026/08/06 03:04:49.836, NVIDIA H200, 22, 0 %, 0 %, 74737 MiB, 143771 MiB
2026/08/06 03:04:52.836, NVIDIA H200, 22, 0 %, 0 %, 74737 MiB, 143771 MiB
2026/08/06 03:04:55.837, NVIDIA H200, 22, 0 %, 0 %, 74737 MiB, 143771 MiB
2026/08/06 03:04:58.837, NVIDIA H200, 22, 0 %, 0 %, 74737 MiB, 143771 MiB
2026/08/06 03:05:01.838, NVIDIA H200, 39, 27 %, 16 %, 74737 MiB, 143771 MiB
2026/08/06 03:05:04.839, NVIDIA H200, 41, 100 %, 45 %, 74737 MiB, 143771 MiB
2026/08/06 03:05:07.839, NVIDIA H200, 44, 100 %, 55 %, 74737 MiB, 143771 MiB
2026/08/06 03:05:10.840, NVIDIA H200, 42, 100 %, 46 %, 74737 MiB, 143771 MiB
2026/08/06 03:05:13.841, NVIDIA H200, 45, 91 %, 40 %, 74737 MiB, 143771 MiB
2026/08/06 03:05:16.841, NVIDIA H200, 45, 100 %, 44 %, 74737 MiB, 143771 MiB
2026/08/06 03:05:19.842, NVIDIA H200, 41, 100 %, 47 %, 74737 MiB, 143771 MiB
2026/08/06 03:05:22.843, NVIDIA H200, 44, 100 %, 50 %, 74737 MiB, 143771 MiB
2026/08/06 03:05:25.843, NVIDIA H200, 49, 100 %, 48 %, 74737 MiB, 143771 MiB
2026/08/06 03:05:28.844, NVIDIA H200, 44, 94 %, 33 %, 74737 MiB, 143771 MiB
2026/08/06 03:05:31.845, NVIDIA H200, 46, 100 %, 39 %, 74737 MiB, 143771 MiB
2026/08/06 03:05:34.845, NVIDIA H200, 38, 73 %, 34 %, 74737 MiB, 143771 MiB
2026/08/06 03:05:37.846, NVIDIA H200, 45, 98 %, 49 %, 74737 MiB, 143771 MiB
2026/08/06 03:05:40.847, NVIDIA H200, 45, 100 %, 42 %, 74737 MiB, 143771 MiB
2026/08/06 03:05:43.847, NVIDIA H200, 45, 100 %, 44 %, 74737 MiB, 143771 MiB
2026/08/06 03:05:46.848, NVIDIA H200, 45, 82 %, 28 %, 74737 MiB, 143771 MiB
2026/08/06 03:05:49.848, NVIDIA H200, 45, 100 %, 42 %, 74737 MiB, 143771 MiB
2026/08/06 03:05:52.849, NVIDIA H200, 39, 72 %, 36 %, 74737 MiB, 143771 MiB
2026/08/06 03:05:55.849, NVIDIA H200, 45, 100 %, 43 %, 74737 MiB, 143771 MiB
2026/08/06 03:05:58.850, NVIDIA H200, 38, 66 %, 28 %, 74737 MiB, 143771 MiB
2026/08/06 03:06:01.851, NVIDIA H200, 46, 100 %, 30 %, 74737 MiB, 143771 MiB
2026/08/06 03:06:04.851, NVIDIA H200, 37, 52 %, 21 %, 74737 MiB, 143771 MiB
2026/08/06 03:06:07.852, NVIDIA H200, 46, 77 %, 24 %, 74737 MiB, 143771 MiB
2026/08/06 03:06:10.854, NVIDIA H200, 46, 100 %, 46 %, 74737 MiB, 143771 MiB
2026/08/06 03:06:13.854, NVIDIA H200, 46, 100 %, 41 %, 74737 MiB, 143771 MiB
2026/08/06 03:06:16.855, NVIDIA H200, 45, 100 %, 55 %, 74737 MiB, 143771 MiB
2026/08/06 03:06:19.855, NVIDIA H200, 45, 100 %, 41 %, 74737 MiB, 143771 MiB
2026/08/06 03:06:22.856, NVIDIA H200, 46, 100 %, 45 %, 74737 MiB, 143771 MiB
2026/08/06 03:06:25.856, NVIDIA H200, 45, 98 %, 47 %, 74737 MiB, 143771 MiB
2026/08/06 03:06:28.857, NVIDIA H200, 46, 97 %, 43 %, 74737 MiB, 143771 MiB
2026/08/06 03:06:31.858, NVIDIA H200, 48, 100 %, 44 %, 74737 MiB, 143771 MiB
2026/08/06 03:06:34.858, NVIDIA H200, 44, 96 %, 46 %, 74737 MiB, 143771 MiB
2026/08/06 03:06:37.859, NVIDIA H200, 45, 100 %, 50 %, 74737 MiB, 143771 MiB
2026/08/06 03:06:40.860, NVIDIA H200, 43, 100 %, 22 %, 9771 MiB, 143771 MiB
2026/08/06 03:06:43.860, NVIDIA H200, 32, 64 %, 20 %, 34379 MiB, 143771 MiB
2026/08/06 03:06:46.861, NVIDIA H200, 37, 100 %, 19 %, 39997 MiB, 143771 MiB
2026/08/06 03:06:49.861, NVIDIA H200, 27, 0 %, 0 %, 25223 MiB, 143771 MiB
2026/08/06 03:06:52.862, NVIDIA H200, 39, 44 %, 11 %, 21415 MiB, 143771 MiB
2026/08/06 03:06:55.862, NVIDIA H200, 26, 0 %, 0 %, 18211 MiB, 143771 MiB
2026/08/06 03:06:58.863, NVIDIA H200, 28, 100 %, 0 %, 19375 MiB, 143771 MiB
2026/08/06 03:07:01.863, NVIDIA H200, 24, 0 %, 0 %, 12551 MiB, 143771 MiB
2026/08/06 03:07:04.864, NVIDIA H200, 23, 0 %, 0 %, 12551 MiB, 143771 MiB
2026/08/06 03:07:07.865, NVIDIA H200, 28, 100 %, 42 %, 32507 MiB, 143771 MiB
2026/08/06 03:07:10.865, NVIDIA H200, 30, 88 %, 31 %, 32507 MiB, 143771 MiB
2026/08/06 03:07:13.866, NVIDIA H200, 24, 0 %, 0 %, 32507 MiB, 143771 MiB
2026/08/06 03:07:16.866, NVIDIA H200, 28, 0 %, 0 %, 74021 MiB, 143771 MiB
2026/08/06 03:07:19.867, NVIDIA H200, 44, 98 %, 37 %, 74021 MiB, 143771 MiB
2026/08/06 03:07:22.868, NVIDIA H200, 35, 0 %, 0 %, 74021 MiB, 143771 MiB
2026/08/06 03:07:25.868, NVIDIA H200, 41, 100 %, 40 %, 74021 MiB, 143771 MiB
2026/08/06 03:07:28.869, NVIDIA H200, 45, 98 %, 37 %, 74021 MiB, 143771 MiB
2026/08/06 03:07:31.869, NVIDIA H200, 46, 100 %, 41 %, 74021 MiB, 143771 MiB
2026/08/06 03:07:34.870, NVIDIA H200, 42, 99 %, 34 %, 74021 MiB, 143771 MiB
2026/08/06 03:07:37.870, NVIDIA H200, 38, 59 %, 31 %, 74021 MiB, 143771 MiB
2026/08/06 03:07:40.871, NVIDIA H200, 42, 100 %, 32 %, 74021 MiB, 143771 MiB
2026/08/06 03:07:43.872, NVIDIA H200, 47, 100 %, 45 %, 74021 MiB, 143771 MiB
2026/08/06 03:07:46.872, NVIDIA H200, 46, 97 %, 58 %, 74021 MiB, 143771 MiB
2026/08/06 03:07:49.873, NVIDIA H200, 49, 100 %, 46 %, 74021 MiB, 143771 MiB
2026/08/06 03:07:52.873, NVIDIA H200, 47, 100 %, 37 %, 74021 MiB, 143771 MiB
2026/08/06 03:07:55.874, NVIDIA H200, 45, 100 %, 45 %, 74021 MiB, 143771 MiB
2026/08/06 03:07:58.875, NVIDIA H200, 44, 100 %, 40 %, 74021 MiB, 143771 MiB
2026/08/06 03:08:01.876, NVIDIA H200, 46, 100 %, 50 %, 74021 MiB, 143771 MiB
2026/08/06 03:08:04.876, NVIDIA H200, 49, 100 %, 41 %, 74021 MiB, 143771 MiB
2026/08/06 03:08:07.877, NVIDIA H200, 47, 97 %, 47 %, 74021 MiB, 143771 MiB
2026/08/06 03:08:10.878, NVIDIA H200, 47, 100 %, 43 %, 74021 MiB, 143771 MiB
2026/08/06 03:08:13.878, NVIDIA H200, 45, 100 %, 56 %, 74021 MiB, 143771 MiB
2026/08/06 03:08:16.879, NVIDIA H200, 41, 48 %, 9 %, 74021 MiB, 143771 MiB
2026/08/06 03:08:19.880, NVIDIA H200, 44, 97 %, 51 %, 74021 MiB, 143771 MiB
2026/08/06 03:08:22.880, NVIDIA H200, 46, 100 %, 44 %, 74021 MiB, 143771 MiB
2026/08/06 03:08:25.881, NVIDIA H200, 43, 100 %, 49 %, 74021 MiB, 143771 MiB
2026/08/06 03:08:28.881, NVIDIA H200, 44, 87 %, 29 %, 74021 MiB, 143771 MiB
2026/08/06 03:08:31.882, NVIDIA H200, 44, 98 %, 51 %, 74021 MiB, 143771 MiB
2026/08/06 03:08:34.883, NVIDIA H200, 48, 100 %, 39 %, 74021 MiB, 143771 MiB
2026/08/06 03:08:37.883, NVIDIA H200, 45, 73 %, 43 %, 74021 MiB, 143771 MiB
2026/08/06 03:08:40.884, NVIDIA H200, 46, 100 %, 44 %, 74021 MiB, 143771 MiB
2026/08/06 03:08:43.884, NVIDIA H200, 47, 100 %, 37 %, 74021 MiB, 143771 MiB
2026/08/06 03:08:46.885, NVIDIA H200, 46, 100 %, 49 %, 74021 MiB, 143771 MiB
2026/08/06 03:08:49.886, NVIDIA H200, 47, 100 %, 37 %, 74021 MiB, 143771 MiB
2026/08/06 03:08:52.886, NVIDIA H200, 47, 97 %, 32 %, 74021 MiB, 143771 MiB
2026/08/06 03:08:55.887, NVIDIA H200, 48, 100 %, 41 %, 74021 MiB, 143771 MiB
2026/08/06 03:08:58.887, NVIDIA H200, 27, 0 %, 0 %, 74021 MiB, 143771 MiB
2026/08/06 03:09:01.888, NVIDIA H200, 34, 99 %, 51 %, 74021 MiB, 143771 MiB
2026/08/06 03:09:04.888, NVIDIA H200, 30, 0 %, 0 %, 74021 MiB, 143771 MiB
2026/08/06 03:09:07.889, NVIDIA H200, 32, 35 %, 18 %, 74021 MiB, 143771 MiB
2026/08/06 03:09:10.890, NVIDIA H200, 25, 0 %, 0 %, 74021 MiB, 143771 MiB
2026/08/06 03:09:13.890, NVIDIA H200, 24, 0 %, 0 %, 74021 MiB, 143771 MiB
2026/08/06 03:09:16.891, NVIDIA H200, 43, 100 %, 44 %, 74021 MiB, 143771 MiB
2026/08/06 03:09:19.891, NVIDIA H200, 46, 100 %, 38 %, 74021 MiB, 143771 MiB
2026/08/06 03:09:22.892, NVIDIA H200, 45, 100 %, 52 %, 74021 MiB, 143771 MiB
2026/08/06 03:09:25.893, NVIDIA H200, 46, 100 %, 32 %, 74021 MiB, 143771 MiB
2026/08/06 03:09:28.893, NVIDIA H200, 44, 100 %, 43 %, 74021 MiB, 143771 MiB
2026/08/06 03:09:31.894, NVIDIA H200, 47, 98 %, 35 %, 74021 MiB, 143771 MiB
2026/08/06 03:09:34.895, NVIDIA H200, 44, 97 %, 50 %, 74021 MiB, 143771 MiB
2026/08/06 03:09:37.895, NVIDIA H200, 46, 100 %, 42 %, 74021 MiB, 143771 MiB
2026/08/06 03:09:40.896, NVIDIA H200, 45, 100 %, 46 %, 74021 MiB, 143771 MiB
2026/08/06 03:09:43.896, NVIDIA H200, 44, 97 %, 29 %, 74021 MiB, 143771 MiB
2026/08/06 03:09:46.897, NVIDIA H200, 44, 98 %, 31 %, 74021 MiB, 143771 MiB
2026/08/06 03:09:49.897, NVIDIA H200, 45, 100 %, 30 %, 74021 MiB, 143771 MiB
2026/08/06 03:09:52.898, NVIDIA H200, 47, 98 %, 33 %, 74021 MiB, 143771 MiB
2026/08/06 03:09:55.898, NVIDIA H200, 47, 100 %, 46 %, 74021 MiB, 143771 MiB
2026/08/06 03:09:58.899, NVIDIA H200, 46, 100 %, 32 %, 74021 MiB, 143771 MiB
2026/08/06 03:10:01.900, NVIDIA H200, 44, 93 %, 36 %, 74021 MiB, 143771 MiB
2026/08/06 03:10:04.900, NVIDIA H200, 45, 97 %, 49 %, 74021 MiB, 143771 MiB
2026/08/06 03:10:07.901, NVIDIA H200, 48, 98 %, 34 %, 74021 MiB, 143771 MiB
2026/08/06 03:10:10.901, NVIDIA H200, 48, 100 %, 47 %, 74021 MiB, 143771 MiB
2026/08/06 03:10:13.902, NVIDIA H200, 48, 99 %, 39 %, 74021 MiB, 143771 MiB
2026/08/06 03:10:16.903, NVIDIA H200, 46, 97 %, 51 %, 74021 MiB, 143771 MiB
2026/08/06 03:10:19.904, NVIDIA H200, 48, 98 %, 34 %, 74021 MiB, 143771 MiB
2026/08/06 03:10:22.904, NVIDIA H200, 47, 100 %, 40 %, 74021 MiB, 143771 MiB
2026/08/06 03:10:25.905, NVIDIA H200, 38, 57 %, 20 %, 74021 MiB, 143771 MiB
2026/08/06 03:10:28.905, NVIDIA H200, 45, 100 %, 30 %, 74021 MiB, 143771 MiB
2026/08/06 03:10:31.906, NVIDIA H200, 48, 100 %, 40 %, 74021 MiB, 143771 MiB
2026/08/06 03:10:34.906, NVIDIA H200, 47, 100 %, 45 %, 74021 MiB, 143771 MiB
2026/08/06 03:10:37.909, NVIDIA H200, 46, 59 %, 18 %, 74021 MiB, 143771 MiB
2026/08/06 03:10:40.910, NVIDIA H200, 47, 100 %, 44 %, 74021 MiB, 143771 MiB
2026/08/06 03:10:43.910, NVIDIA H200, 46, 100 %, 46 %, 74021 MiB, 143771 MiB
2026/08/06 03:10:46.911, NVIDIA H200, 45, 100 %, 43 %, 74021 MiB, 143771 MiB
2026/08/06 03:10:49.911, NVIDIA H200, 46, 100 %, 31 %, 74021 MiB, 143771 MiB
2026/08/06 03:10:52.912, NVIDIA H200, 45, 100 %, 50 %, 74021 MiB, 143771 MiB
2026/08/06 03:10:55.913, NVIDIA H200, 33, 0 %, 0 %, 74021 MiB, 143771 MiB
2026/08/06 03:10:58.914, NVIDIA H200, 25, 0 %, 0 %, 74021 MiB, 143771 MiB
2026/08/06 03:11:01.914, NVIDIA H200, 24, 0 %, 0 %, 74021 MiB, 143771 MiB
2026/08/06 03:11:04.915, NVIDIA H200, 26, 0 %, 0 %, 74021 MiB, 143771 MiB
2026/08/06 03:11:07.917, NVIDIA H200, 28, 0 %, 0 %, 74021 MiB, 143771 MiB
2026/08/06 03:11:10.917, NVIDIA H200, 24, 23 %, 0 %, 74021 MiB, 143771 MiB
2026/08/06 03:11:13.918, NVIDIA H200, 25, 16 %, 0 %, 74021 MiB, 143771 MiB
2026/08/06 03:11:16.919, NVIDIA H200, 45, 96 %, 50 %, 74021 MiB, 143771 MiB
2026/08/06 03:11:19.919, NVIDIA H200, 44, 100 %, 48 %, 74021 MiB, 143771 MiB
2026/08/06 03:11:22.920, NVIDIA H200, 43, 21 %, 13 %, 74021 MiB, 143771 MiB
2026/08/06 03:11:25.921, NVIDIA H200, 46, 97 %, 54 %, 74021 MiB, 143771 MiB
2026/08/06 03:11:28.922, NVIDIA H200, 46, 87 %, 37 %, 74021 MiB, 143771 MiB
2026/08/06 03:11:31.922, NVIDIA H200, 40, 19 %, 10 %, 74021 MiB, 143771 MiB
2026/08/06 03:11:34.923, NVIDIA H200, 43, 100 %, 34 %, 74021 MiB, 143771 MiB
2026/08/06 03:11:37.923, NVIDIA H200, 48, 100 %, 44 %, 74021 MiB, 143771 MiB
2026/08/06 03:11:40.924, NVIDIA H200, 47, 97 %, 52 %, 74021 MiB, 143771 MiB
2026/08/06 03:11:43.924, NVIDIA H200, 49, 100 %, 42 %, 74021 MiB, 143771 MiB
2026/08/06 03:11:46.925, NVIDIA H200, 46, 100 %, 41 %, 74021 MiB, 143771 MiB
2026/08/06 03:11:49.926, NVIDIA H200, 42, 100 %, 51 %, 74021 MiB, 143771 MiB
2026/08/06 03:11:52.926, NVIDIA H200, 47, 100 %, 45 %, 74021 MiB, 143771 MiB
2026/08/06 03:11:55.927, NVIDIA H200, 37, 61 %, 16 %, 74021 MiB, 143771 MiB
2026/08/06 03:11:58.927, NVIDIA H200, 46, 89 %, 45 %, 74021 MiB, 143771 MiB
2026/08/06 03:12:01.928, NVIDIA H200, 45, 100 %, 38 %, 74021 MiB, 143771 MiB
2026/08/06 03:12:04.928, NVIDIA H200, 48, 100 %, 50 %, 74021 MiB, 143771 MiB
2026/08/06 03:12:07.929, NVIDIA H200, 46, 100 %, 48 %, 74021 MiB, 143771 MiB
2026/08/06 03:12:10.930, NVIDIA H200, 45, 100 %, 41 %, 74021 MiB, 143771 MiB
2026/08/06 03:12:13.930, NVIDIA H200, 41, 97 %, 35 %, 74021 MiB, 143771 MiB
2026/08/06 03:12:16.931, NVIDIA H200, 45, 100 %, 39 %, 74021 MiB, 143771 MiB
2026/08/06 03:12:19.931, NVIDIA H200, 47, 66 %, 21 %, 74021 MiB, 143771 MiB
2026/08/06 03:12:22.932, NVIDIA H200, 48, 100 %, 50 %, 74021 MiB, 143771 MiB
2026/08/06 03:12:25.933, NVIDIA H200, 46, 97 %, 49 %, 74021 MiB, 143771 MiB
2026/08/06 03:12:28.933, NVIDIA H200, 48, 100 %, 43 %, 74021 MiB, 143771 MiB
2026/08/06 03:12:31.934, NVIDIA H200, 41, 100 %, 37 %, 74021 MiB, 143771 MiB
2026/08/06 03:12:34.935, NVIDIA H200, 46, 34 %, 16 %, 74021 MiB, 143771 MiB
2026/08/06 03:12:37.936, NVIDIA H200, 45, 100 %, 32 %, 74021 MiB, 143771 MiB
2026/08/06 03:12:40.936, NVIDIA H200, 43, 13 %, 4 %, 74021 MiB, 143771 MiB
2026/08/06 03:12:43.937, NVIDIA H200, 45, 97 %, 51 %, 74021 MiB, 143771 MiB
2026/08/06 03:12:46.937, NVIDIA H200, 50, 100 %, 45 %, 74021 MiB, 143771 MiB
2026/08/06 03:12:49.938, NVIDIA H200, 46, 98 %, 50 %, 74021 MiB, 143771 MiB
2026/08/06 03:12:52.938, NVIDIA H200, 49, 98 %, 34 %, 74021 MiB, 143771 MiB
2026/08/06 03:12:55.939, NVIDIA H200, 26, 0 %, 0 %, 74021 MiB, 143771 MiB
2026/08/06 03:12:58.940, NVIDIA H200, 25, 0 %, 0 %, 74021 MiB, 143771 MiB
2026/08/06 03:13:01.940, NVIDIA H200, 28, 0 %, 0 %, 74021 MiB, 143771 MiB
2026/08/06 03:13:04.941, NVIDIA H200, 36, 75 %, 38 %, 74021 MiB, 143771 MiB
2026/08/06 03:13:07.941, NVIDIA H200, 25, 0 %, 0 %, 74021 MiB, 143771 MiB
2026/08/06 03:13:10.942, NVIDIA H200, 24, 0 %, 0 %, 74021 MiB, 143771 MiB
2026/08/06 03:13:13.943, NVIDIA H200, 44, 100 %, 44 %, 74021 MiB, 143771 MiB
2026/08/06 03:13:16.943, NVIDIA H200, 35, 0 %, 0 %, 74021 MiB, 143771 MiB
2026/08/06 03:13:19.944, NVIDIA H200, 42, 99 %, 51 %, 74021 MiB, 143771 MiB
2026/08/06 03:13:22.945, NVIDIA H200, 46, 100 %, 39 %, 74021 MiB, 143771 MiB
2026/08/06 03:13:25.945, NVIDIA H200, 47, 80 %, 27 %, 74021 MiB, 143771 MiB
2026/08/06 03:13:28.946, NVIDIA H200, 47, 100 %, 32 %, 74021 MiB, 143771 MiB
2026/08/06 03:13:31.947, NVIDIA H200, 41, 100 %, 47 %, 74021 MiB, 143771 MiB
2026/08/06 03:13:34.947, NVIDIA H200, 44, 97 %, 50 %, 74021 MiB, 143771 MiB
2026/08/06 03:13:37.948, NVIDIA H200, 35, 0 %, 0 %, 74021 MiB, 143771 MiB
2026/08/06 03:13:40.948, NVIDIA H200, 46, 100 %, 31 %, 74021 MiB, 143771 MiB
2026/08/06 03:13:43.949, NVIDIA H200, 48, 100 %, 43 %, 74021 MiB, 143771 MiB
2026/08/06 03:13:46.949, NVIDIA H200, 36, 30 %, 16 %, 74021 MiB, 143771 MiB
2026/08/06 03:13:49.950, NVIDIA H200, 46, 100 %, 38 %, 74021 MiB, 143771 MiB
2026/08/06 03:13:52.950, NVIDIA H200, 47, 100 %, 53 %, 74021 MiB, 143771 MiB
2026/08/06 03:13:55.951, NVIDIA H200, 46, 100 %, 34 %, 74021 MiB, 143771 MiB
2026/08/06 03:13:58.952, NVIDIA H200, 48, 100 %, 41 %, 74021 MiB, 143771 MiB
2026/08/06 03:14:01.952, NVIDIA H200, 46, 97 %, 50 %, 74021 MiB, 143771 MiB
2026/08/06 03:14:04.953, NVIDIA H200, 46, 100 %, 49 %, 74021 MiB, 143771 MiB
2026/08/06 03:14:07.953, NVIDIA H200, 47, 93 %, 50 %, 74021 MiB, 143771 MiB
2026/08/06 03:14:10.954, NVIDIA H200, 48, 100 %, 42 %, 74021 MiB, 143771 MiB
2026/08/06 03:14:13.954, NVIDIA H200, 43, 96 %, 37 %, 74021 MiB, 143771 MiB
2026/08/06 03:14:16.955, NVIDIA H200, 48, 100 %, 54 %, 74021 MiB, 143771 MiB
2026/08/06 03:14:19.956, NVIDIA H200, 46, 100 %, 41 %, 74021 MiB, 143771 MiB
2026/08/06 03:14:22.956, NVIDIA H200, 47, 100 %, 48 %, 74021 MiB, 143771 MiB
2026/08/06 03:14:25.957, NVIDIA H200, 45, 100 %, 50 %, 74021 MiB, 143771 MiB
2026/08/06 03:14:28.958, NVIDIA H200, 44, 97 %, 47 %, 74021 MiB, 143771 MiB
2026/08/06 03:14:31.958, NVIDIA H200, 48, 98 %, 34 %, 74021 MiB, 143771 MiB
2026/08/06 03:14:34.959, NVIDIA H200, 47, 100 %, 51 %, 74021 MiB, 143771 MiB
2026/08/06 03:14:37.959, NVIDIA H200, 44, 97 %, 57 %, 74021 MiB, 143771 MiB
2026/08/06 03:14:40.960, NVIDIA H200, 46, 100 %, 38 %, 74021 MiB, 143771 MiB
2026/08/06 03:14:43.960, NVIDIA H200, 46, 100 %, 48 %, 74021 MiB, 143771 MiB
2026/08/06 03:14:46.961, NVIDIA H200, 46, 98 %, 49 %, 74021 MiB, 143771 MiB
2026/08/06 03:14:49.962, NVIDIA H200, 49, 98 %, 38 %, 74021 MiB, 143771 MiB
2026/08/06 03:14:52.962, NVIDIA H200, 35, 0 %, 0 %, 74021 MiB, 143771 MiB
2026/08/06 03:14:55.963, NVIDIA H200, 25, 0 %, 0 %, 74021 MiB, 143771 MiB
2026/08/06 03:14:58.963, NVIDIA H200, 35, 100 %, 54 %, 74021 MiB, 143771 MiB
2026/08/06 03:15:01.964, NVIDIA H200, 27, 0 %, 0 %, 74021 MiB, 143771 MiB
2026/08/06 03:15:04.964, NVIDIA H200, 30, 0 %, 0 %, 74021 MiB, 143771 MiB
2026/08/06 03:15:07.965, NVIDIA H200, 25, 0 %, 0 %, 74021 MiB, 143771 MiB
2026/08/06 03:15:10.966, NVIDIA H200, 24, 0 %, 0 %, 74021 MiB, 143771 MiB
2026/08/06 03:15:13.966, NVIDIA H200, 24, 0 %, 0 %, 74021 MiB, 143771 MiB
2026/08/06 03:15:16.967, NVIDIA H200, 24, 0 %, 0 %, 74021 MiB, 143771 MiB
2026/08/06 03:15:19.967, NVIDIA H200, 39, 100 %, 37 %, 74021 MiB, 143771 MiB
2026/08/06 03:15:22.968, NVIDIA H200, 37, 77 %, 37 %, 74021 MiB, 143771 MiB
2026/08/06 03:15:25.969, NVIDIA H200, 45, 100 %, 38 %, 74021 MiB, 143771 MiB
2026/08/06 03:15:28.969, NVIDIA H200, 46, 100 %, 43 %, 74021 MiB, 143771 MiB
2026/08/06 03:15:31.970, NVIDIA H200, 47, 96 %, 32 %, 74021 MiB, 143771 MiB
2026/08/06 03:15:34.971, NVIDIA H200, 47, 100 %, 46 %, 74021 MiB, 143771 MiB
2026/08/06 03:15:37.971, NVIDIA H200, 47, 100 %, 53 %, 74021 MiB, 143771 MiB
2026/08/06 03:15:40.972, NVIDIA H200, 46, 100 %, 30 %, 74021 MiB, 143771 MiB
2026/08/06 03:15:43.972, NVIDIA H200, 49, 100 %, 44 %, 74021 MiB, 143771 MiB
2026/08/06 03:15:46.973, NVIDIA H200, 41, 100 %, 38 %, 74021 MiB, 143771 MiB
2026/08/06 03:15:49.973, NVIDIA H200, 46, 97 %, 50 %, 74021 MiB, 143771 MiB
2026/08/06 03:15:52.974, NVIDIA H200, 46, 100 %, 46 %, 74021 MiB, 143771 MiB
2026/08/06 03:15:55.975, NVIDIA H200, 48, 100 %, 44 %, 74021 MiB, 143771 MiB
2026/08/06 03:15:58.975, NVIDIA H200, 40, 97 %, 46 %, 74021 MiB, 143771 MiB
2026/08/06 03:16:01.976, NVIDIA H200, 45, 100 %, 38 %, 74021 MiB, 143771 MiB
2026/08/06 03:16:04.976, NVIDIA H200, 46, 95 %, 25 %, 74021 MiB, 143771 MiB
2026/08/06 03:16:07.977, NVIDIA H200, 46, 97 %, 58 %, 74021 MiB, 143771 MiB
2026/08/06 03:16:10.978, NVIDIA H200, 49, 100 %, 43 %, 74021 MiB, 143771 MiB
2026/08/06 03:16:13.978, NVIDIA H200, 49, 100 %, 42 %, 74021 MiB, 143771 MiB
2026/08/06 03:16:16.979, NVIDIA H200, 38, 54 %, 30 %, 74021 MiB, 143771 MiB
2026/08/06 03:16:19.979, NVIDIA H200, 46, 100 %, 48 %, 74021 MiB, 143771 MiB
2026/08/06 03:16:22.980, NVIDIA H200, 46, 44 %, 20 %, 74021 MiB, 143771 MiB
2026/08/06 03:16:25.980, NVIDIA H200, 47, 100 %, 46 %, 74021 MiB, 143771 MiB
2026/08/06 03:16:28.981, NVIDIA H200, 42, 100 %, 53 %, 74021 MiB, 143771 MiB
2026/08/06 03:16:31.982, NVIDIA H200, 47, 100 %, 40 %, 74021 MiB, 143771 MiB
2026/08/06 03:16:34.982, NVIDIA H200, 44, 100 %, 49 %, 74021 MiB, 143771 MiB
2026/08/06 03:16:37.983, NVIDIA H200, 38, 0 %, 0 %, 74021 MiB, 143771 MiB
2026/08/06 03:16:40.983, NVIDIA H200, 46, 100 %, 37 %, 74021 MiB, 143771 MiB
2026/08/06 03:16:43.984, NVIDIA H200, 48, 100 %, 49 %, 74021 MiB, 143771 MiB
2026/08/06 03:16:46.985, NVIDIA H200, 48, 98 %, 33 %, 74021 MiB, 143771 MiB
2026/08/06 03:16:49.985, NVIDIA H200, 47, 100 %, 40 %, 74021 MiB, 143771 MiB
2026/08/06 03:16:52.986, NVIDIA H200, 47, 100 %, 48 %, 74021 MiB, 143771 MiB
2026/08/06 03:16:55.986, NVIDIA H200, 49, 100 %, 41 %, 74021 MiB, 143771 MiB
2026/08/06 03:16:58.987, NVIDIA H200, 47, 100 %, 40 %, 74021 MiB, 143771 MiB
2026/08/06 03:17:01.988, NVIDIA H200, 28, 0 %, 0 %, 74021 MiB, 143771 MiB
2026/08/06 03:17:04.988, NVIDIA H200, 25, 0 %, 0 %, 74021 MiB, 143771 MiB
2026/08/06 03:17:07.989, NVIDIA H200, 40, 100 %, 55 %, 74021 MiB, 143771 MiB
2026/08/06 03:17:10.990, NVIDIA H200, 34, 26 %, 17 %, 74021 MiB, 143771 MiB
2026/08/06 03:17:13.990, NVIDIA H200, 25, 0 %, 0 %, 74021 MiB, 143771 MiB
2026/08/06 03:17:16.991, NVIDIA H200, 26, 0 %, 0 %, 74021 MiB, 143771 MiB
2026/08/06 03:17:19.991, NVIDIA H200, 43, 100 %, 39 %, 74021 MiB, 143771 MiB
2026/08/06 03:17:22.992, NVIDIA H200, 45, 100 %, 44 %, 74021 MiB, 143771 MiB
2026/08/06 03:17:25.992, NVIDIA H200, 46, 100 %, 50 %, 74021 MiB, 143771 MiB
2026/08/06 03:17:28.993, NVIDIA H200, 46, 100 %, 50 %, 74021 MiB, 143771 MiB
2026/08/06 03:17:31.993, NVIDIA H200, 47, 98 %, 51 %, 74021 MiB, 143771 MiB
2026/08/06 03:17:34.994, NVIDIA H200, 47, 99 %, 38 %, 74021 MiB, 143771 MiB
2026/08/06 03:17:37.995, NVIDIA H200, 46, 100 %, 48 %, 74021 MiB, 143771 MiB
2026/08/06 03:17:40.995, NVIDIA H200, 46, 98 %, 53 %, 74021 MiB, 143771 MiB
2026/08/06 03:17:43.996, NVIDIA H200, 47, 100 %, 39 %, 74021 MiB, 143771 MiB
2026/08/06 03:17:46.996, NVIDIA H200, 47, 95 %, 47 %, 74021 MiB, 143771 MiB
2026/08/06 03:17:49.997, NVIDIA H200, 45, 100 %, 39 %, 74021 MiB, 143771 MiB
2026/08/06 03:17:52.997, NVIDIA H200, 46, 98 %, 36 %, 74021 MiB, 143771 MiB
2026/08/06 03:17:55.998, NVIDIA H200, 46, 65 %, 28 %, 74021 MiB, 143771 MiB
2026/08/06 03:17:58.998, NVIDIA H200, 45, 59 %, 31 %, 74021 MiB, 143771 MiB
2026/08/06 03:18:01.999, NVIDIA H200, 45, 100 %, 44 %, 74021 MiB, 143771 MiB
2026/08/06 03:18:05.000, NVIDIA H200, 47, 97 %, 50 %, 74021 MiB, 143771 MiB
2026/08/06 03:18:08.000, NVIDIA H200, 41, 100 %, 43 %, 74021 MiB, 143771 MiB
2026/08/06 03:18:11.001, NVIDIA H200, 44, 100 %, 41 %, 74021 MiB, 143771 MiB
2026/08/06 03:18:14.001, NVIDIA H200, 47, 87 %, 46 %, 74021 MiB, 143771 MiB
2026/08/06 03:18:17.002, NVIDIA H200, 44, 100 %, 44 %, 74021 MiB, 143771 MiB
2026/08/06 03:18:20.003, NVIDIA H200, 46, 100 %, 53 %, 74021 MiB, 143771 MiB
2026/08/06 03:18:23.003, NVIDIA H200, 46, 100 %, 43 %, 74021 MiB, 143771 MiB
2026/08/06 03:18:26.004, NVIDIA H200, 46, 62 %, 33 %, 74021 MiB, 143771 MiB
2026/08/06 03:18:29.005, NVIDIA H200, 47, 100 %, 47 %, 74021 MiB, 143771 MiB
2026/08/06 03:18:32.005, NVIDIA H200, 49, 100 %, 37 %, 74021 MiB, 143771 MiB
2026/08/06 03:18:35.006, NVIDIA H200, 47, 100 %, 54 %, 74021 MiB, 143771 MiB
2026/08/06 03:18:38.007, NVIDIA H200, 47, 100 %, 41 %, 74021 MiB, 143771 MiB
2026/08/06 03:18:41.007, NVIDIA H200, 45, 100 %, 44 %, 74021 MiB, 143771 MiB
2026/08/06 03:18:44.008, NVIDIA H200, 46, 100 %, 44 %, 74021 MiB, 143771 MiB
2026/08/06 03:18:47.009, NVIDIA H200, 47, 96 %, 47 %, 74021 MiB, 143771 MiB
2026/08/06 03:18:50.009, NVIDIA H200, 48, 100 %, 45 %, 74021 MiB, 143771 MiB
2026/08/06 03:18:53.010, NVIDIA H200, 48, 100 %, 39 %, 74021 MiB, 143771 MiB
2026/08/06 03:18:56.011, NVIDIA H200, 47, 97 %, 48 %, 74021 MiB, 143771 MiB
2026/08/06 03:18:59.011, NVIDIA H200, 26, 0 %, 0 %, 74021 MiB, 143771 MiB
2026/08/06 03:19:02.012, NVIDIA H200, 25, 0 %, 0 %, 74021 MiB, 143771 MiB
2026/08/06 03:19:05.013, NVIDIA H200, 36, 100 %, 36 %, 74021 MiB, 143771 MiB
2026/08/06 03:19:08.013, NVIDIA H200, 43, 100 %, 49 %, 74021 MiB, 143771 MiB
2026/08/06 03:19:11.014, NVIDIA H200, 25, 0 %, 0 %, 74021 MiB, 143771 MiB
2026/08/06 03:19:14.015, NVIDIA H200, 24, 0 %, 0 %, 74021 MiB, 143771 MiB
2026/08/06 03:19:17.016, NVIDIA H200, 43, 97 %, 48 %, 74021 MiB, 143771 MiB
2026/08/06 03:19:20.016, NVIDIA H200, 44, 100 %, 42 %, 74021 MiB, 143771 MiB
2026/08/06 03:19:23.017, NVIDIA H200, 46, 100 %, 50 %, 74021 MiB, 143771 MiB
2026/08/06 03:19:26.018, NVIDIA H200, 49, 100 %, 42 %, 74021 MiB, 143771 MiB
2026/08/06 03:19:29.019, NVIDIA H200, 48, 100 %, 39 %, 74021 MiB, 143771 MiB
2026/08/06 03:19:32.019, NVIDIA H200, 48, 100 %, 45 %, 74021 MiB, 143771 MiB
2026/08/06 03:19:35.020, NVIDIA H200, 47, 100 %, 44 %, 74021 MiB, 143771 MiB
2026/08/06 03:19:38.021, NVIDIA H200, 38, 100 %, 40 %, 74021 MiB, 143771 MiB
2026/08/06 03:19:41.021, NVIDIA H200, 40, 27 %, 15 %, 74021 MiB, 143771 MiB
2026/08/06 03:19:44.022, NVIDIA H200, 49, 100 %, 30 %, 74021 MiB, 143771 MiB
2026/08/06 03:19:47.022, NVIDIA H200, 46, 100 %, 54 %, 74021 MiB, 143771 MiB
2026/08/06 03:19:50.023, NVIDIA H200, 49, 100 %, 37 %, 74021 MiB, 143771 MiB
2026/08/06 03:19:53.024, NVIDIA H200, 46, 100 %, 41 %, 74021 MiB, 143771 MiB
2026/08/06 03:19:56.024, NVIDIA H200, 45, 100 %, 54 %, 74021 MiB, 143771 MiB
2026/08/06 03:19:59.025, NVIDIA H200, 48, 100 %, 43 %, 74021 MiB, 143771 MiB
2026/08/06 03:20:02.026, NVIDIA H200, 48, 100 %, 44 %, 74021 MiB, 143771 MiB
2026/08/06 03:20:05.027, NVIDIA H200, 45, 97 %, 50 %, 74021 MiB, 143771 MiB
2026/08/06 03:20:08.028, NVIDIA H200, 47, 98 %, 45 %, 74021 MiB, 143771 MiB
2026/08/06 03:20:11.028, NVIDIA H200, 47, 100 %, 45 %, 74021 MiB, 143771 MiB
2026/08/06 03:20:14.029, NVIDIA H200, 46, 97 %, 52 %, 74021 MiB, 143771 MiB
2026/08/06 03:20:17.029, NVIDIA H200, 47, 97 %, 36 %, 74021 MiB, 143771 MiB
2026/08/06 03:20:20.030, NVIDIA H200, 50, 100 %, 43 %, 74021 MiB, 143771 MiB
2026/08/06 03:20:23.031, NVIDIA H200, 37, 100 %, 49 %, 74021 MiB, 143771 MiB
2026/08/06 03:20:26.031, NVIDIA H200, 44, 100 %, 52 %, 74021 MiB, 143771 MiB
2026/08/06 03:20:29.032, NVIDIA H200, 49, 100 %, 41 %, 74021 MiB, 143771 MiB
2026/08/06 03:20:32.032, NVIDIA H200, 46, 97 %, 47 %, 74021 MiB, 143771 MiB
2026/08/06 03:20:35.033, NVIDIA H200, 45, 100 %, 41 %, 74021 MiB, 143771 MiB
2026/08/06 03:20:38.033, NVIDIA H200, 48, 97 %, 35 %, 74021 MiB, 143771 MiB
2026/08/06 03:20:41.034, NVIDIA H200, 43, 100 %, 45 %, 74021 MiB, 143771 MiB
2026/08/06 03:20:44.034, NVIDIA H200, 45, 100 %, 49 %, 74021 MiB, 143771 MiB
2026/08/06 03:20:47.035, NVIDIA H200, 47, 100 %, 43 %, 74021 MiB, 143771 MiB
2026/08/06 03:20:50.036, NVIDIA H200, 47, 100 %, 39 %, 74021 MiB, 143771 MiB
2026/08/06 03:20:53.036, NVIDIA H200, 46, 100 %, 50 %, 74021 MiB, 143771 MiB
2026/08/06 03:20:56.037, NVIDIA H200, 27, 0 %, 0 %, 74021 MiB, 143771 MiB
2026/08/06 03:20:59.037, NVIDIA H200, 25, 0 %, 0 %, 74021 MiB, 143771 MiB
2026/08/06 03:21:02.038, NVIDIA H200, 34, 29 %, 20 %, 74021 MiB, 143771 MiB
2026/08/06 03:21:05.039, NVIDIA H200, 39, 99 %, 46 %, 74021 MiB, 143771 MiB
2026/08/06 03:21:08.040, NVIDIA H200, 25, 0 %, 0 %, 74021 MiB, 143771 MiB
2026/08/06 03:21:11.040, NVIDIA H200, 24, 0 %, 0 %, 74021 MiB, 143771 MiB
2026/08/06 03:21:14.041, NVIDIA H200, 42, 100 %, 31 %, 74021 MiB, 143771 MiB
2026/08/06 03:21:17.041, NVIDIA H200, 42, 97 %, 39 %, 74021 MiB, 143771 MiB
2026/08/06 03:21:20.042, NVIDIA H200, 39, 83 %, 44 %, 74021 MiB, 143771 MiB
2026/08/06 03:21:23.043, NVIDIA H200, 43, 100 %, 49 %, 74021 MiB, 143771 MiB
2026/08/06 03:21:26.043, NVIDIA H200, 48, 100 %, 40 %, 74021 MiB, 143771 MiB
2026/08/06 03:21:29.044, NVIDIA H200, 43, 100 %, 46 %, 74021 MiB, 143771 MiB
2026/08/06 03:21:32.044, NVIDIA H200, 45, 98 %, 52 %, 74021 MiB, 143771 MiB
2026/08/06 03:21:35.045, NVIDIA H200, 41, 66 %, 35 %, 74021 MiB, 143771 MiB
2026/08/06 03:21:38.046, NVIDIA H200, 48, 100 %, 39 %, 74021 MiB, 143771 MiB
2026/08/06 03:21:41.046, NVIDIA H200, 46, 100 %, 44 %, 74021 MiB, 143771 MiB
2026/08/06 03:21:44.047, NVIDIA H200, 47, 100 %, 55 %, 74021 MiB, 143771 MiB
2026/08/06 03:21:47.047, NVIDIA H200, 44, 100 %, 48 %, 74021 MiB, 143771 MiB
2026/08/06 03:21:50.048, NVIDIA H200, 49, 100 %, 42 %, 74021 MiB, 143771 MiB
2026/08/06 03:21:53.049, NVIDIA H200, 48, 99 %, 40 %, 74021 MiB, 143771 MiB
2026/08/06 03:21:56.049, NVIDIA H200, 48, 100 %, 38 %, 74021 MiB, 143771 MiB
2026/08/06 03:21:59.050, NVIDIA H200, 46, 96 %, 57 %, 74021 MiB, 143771 MiB
2026/08/06 03:22:02.051, NVIDIA H200, 45, 97 %, 31 %, 74021 MiB, 143771 MiB
2026/08/06 03:22:05.051, NVIDIA H200, 50, 100 %, 39 %, 74021 MiB, 143771 MiB
2026/08/06 03:22:08.052, NVIDIA H200, 47, 100 %, 46 %, 74021 MiB, 143771 MiB
2026/08/06 03:22:11.053, NVIDIA H200, 48, 100 %, 31 %, 74021 MiB, 143771 MiB
2026/08/06 03:22:14.053, NVIDIA H200, 46, 98 %, 48 %, 74021 MiB, 143771 MiB
2026/08/06 03:22:17.054, NVIDIA H200, 40, 100 %, 45 %, 74021 MiB, 143771 MiB
2026/08/06 03:22:20.054, NVIDIA H200, 47, 100 %, 52 %, 74021 MiB, 143771 MiB
2026/08/06 03:22:23.055, NVIDIA H200, 46, 100 %, 39 %, 74021 MiB, 143771 MiB
2026/08/06 03:22:26.055, NVIDIA H200, 35, 97 %, 37 %, 74021 MiB, 143771 MiB
2026/08/06 03:22:29.056, NVIDIA H200, 45, 47 %, 9 %, 74021 MiB, 143771 MiB
2026/08/06 03:22:32.056, NVIDIA H200, 49, 100 %, 37 %, 74021 MiB, 143771 MiB
2026/08/06 03:22:35.057, NVIDIA H200, 45, 100 %, 52 %, 74021 MiB, 143771 MiB
2026/08/06 03:22:38.058, NVIDIA H200, 46, 100 %, 49 %, 74021 MiB, 143771 MiB
2026/08/06 03:22:41.058, NVIDIA H200, 50, 100 %, 37 %, 74021 MiB, 143771 MiB
2026/08/06 03:22:44.059, NVIDIA H200, 47, 80 %, 22 %, 74021 MiB, 143771 MiB
2026/08/06 03:22:47.059, NVIDIA H200, 47, 100 %, 42 %, 74021 MiB, 143771 MiB
2026/08/06 03:22:50.060, NVIDIA H200, 48, 96 %, 48 %, 74021 MiB, 143771 MiB
2026/08/06 03:22:53.061, NVIDIA H200, 28, 0 %, 0 %, 74021 MiB, 143771 MiB
2026/08/06 03:22:56.061, NVIDIA H200, 25, 0 %, 0 %, 74021 MiB, 143771 MiB
2026/08/06 03:22:59.062, NVIDIA H200, 43, 99 %, 53 %, 74021 MiB, 143771 MiB
2026/08/06 03:23:02.063, NVIDIA H200, 43, 97 %, 38 %, 74021 MiB, 143771 MiB
2026/08/06 03:23:05.063, NVIDIA H200, 25, 0 %, 0 %, 74021 MiB, 143771 MiB
2026/08/06 03:23:08.064, NVIDIA H200, 27, 0 %, 0 %, 74021 MiB, 143771 MiB
2026/08/06 03:23:11.065, NVIDIA H200, 45, 100 %, 37 %, 74021 MiB, 143771 MiB
2026/08/06 03:23:14.065, NVIDIA H200, 37, 83 %, 38 %, 74021 MiB, 143771 MiB
2026/08/06 03:23:17.066, NVIDIA H200, 42, 100 %, 38 %, 74021 MiB, 143771 MiB
2026/08/06 03:23:20.066, NVIDIA H200, 41, 100 %, 44 %, 74021 MiB, 143771 MiB
2026/08/06 03:23:23.067, NVIDIA H200, 46, 98 %, 51 %, 74021 MiB, 143771 MiB
2026/08/06 03:23:26.067, NVIDIA H200, 46, 60 %, 18 %, 74021 MiB, 143771 MiB
2026/08/06 03:23:29.068, NVIDIA H200, 47, 96 %, 47 %, 74021 MiB, 143771 MiB
2026/08/06 03:23:32.069, NVIDIA H200, 48, 97 %, 29 %, 74021 MiB, 143771 MiB
2026/08/06 03:23:35.069, NVIDIA H200, 46, 100 %, 39 %, 74021 MiB, 143771 MiB
2026/08/06 03:23:38.070, NVIDIA H200, 47, 97 %, 55 %, 74021 MiB, 143771 MiB
2026/08/06 03:23:41.070, NVIDIA H200, 45, 100 %, 42 %, 74021 MiB, 143771 MiB
2026/08/06 03:23:44.071, NVIDIA H200, 45, 100 %, 46 %, 74021 MiB, 143771 MiB
2026/08/06 03:23:47.071, NVIDIA H200, 47, 100 %, 46 %, 74021 MiB, 143771 MiB
2026/08/06 03:23:50.072, NVIDIA H200, 45, 100 %, 50 %, 74021 MiB, 143771 MiB
2026/08/06 03:23:53.073, NVIDIA H200, 44, 98 %, 52 %, 74021 MiB, 143771 MiB
2026/08/06 03:23:56.073, NVIDIA H200, 41, 100 %, 43 %, 74021 MiB, 143771 MiB
2026/08/06 03:23:59.074, NVIDIA H200, 49, 100 %, 30 %, 74021 MiB, 143771 MiB
2026/08/06 03:24:02.075, NVIDIA H200, 45, 98 %, 39 %, 74021 MiB, 143771 MiB
2026/08/06 03:24:05.075, NVIDIA H200, 47, 100 %, 41 %, 74021 MiB, 143771 MiB
2026/08/06 03:24:08.076, NVIDIA H200, 46, 100 %, 52 %, 74021 MiB, 143771 MiB
2026/08/06 03:24:11.076, NVIDIA H200, 45, 100 %, 42 %, 74021 MiB, 143771 MiB
2026/08/06 03:24:14.077, NVIDIA H200, 50, 100 %, 40 %, 74021 MiB, 143771 MiB
2026/08/06 03:24:17.078, NVIDIA H200, 47, 100 %, 48 %, 74021 MiB, 143771 MiB
2026/08/06 03:24:20.078, NVIDIA H200, 49, 100 %, 37 %, 74021 MiB, 143771 MiB
2026/08/06 03:24:23.079, NVIDIA H200, 47, 100 %, 50 %, 74021 MiB, 143771 MiB
2026/08/06 03:24:26.080, NVIDIA H200, 49, 100 %, 44 %, 74021 MiB, 143771 MiB
2026/08/06 03:24:29.080, NVIDIA H200, 41, 97 %, 31 %, 74021 MiB, 143771 MiB
2026/08/06 03:24:32.081, NVIDIA H200, 50, 100 %, 33 %, 74021 MiB, 143771 MiB
2026/08/06 03:24:35.082, NVIDIA H200, 47, 95 %, 31 %, 74021 MiB, 143771 MiB
2026/08/06 03:24:38.082, NVIDIA H200, 47, 100 %, 45 %, 74021 MiB, 143771 MiB
2026/08/06 03:24:41.083, NVIDIA H200, 48, 98 %, 44 %, 74021 MiB, 143771 MiB
2026/08/06 03:24:44.083, NVIDIA H200, 45, 97 %, 35 %, 74021 MiB, 143771 MiB
2026/08/06 03:24:47.084, NVIDIA H200, 27, 0 %, 0 %, 74021 MiB, 143771 MiB
2026/08/06 03:24:50.085, NVIDIA H200, 25, 0 %, 0 %, 74021 MiB, 143771 MiB
2026/08/06 03:24:53.085, NVIDIA H200, 41, 99 %, 38 %, 74021 MiB, 143771 MiB
2026/08/06 03:24:56.086, NVIDIA H200, 30, 0 %, 0 %, 74021 MiB, 143771 MiB
2026/08/06 03:24:59.087, NVIDIA H200, 25, 0 %, 0 %, 74021 MiB, 143771 MiB
2026/08/06 03:25:02.087, NVIDIA H200, 24, 0 %, 0 %, 74021 MiB, 143771 MiB
2026/08/06 03:25:05.088, NVIDIA H200, 24, 0 %, 0 %, 74021 MiB, 143771 MiB
2026/08/06 03:25:08.089, NVIDIA H200, 24, 0 %, 0 %, 74021 MiB, 143771 MiB
2026/08/06 03:25:11.089, NVIDIA H200, 43, 100 %, 49 %, 74021 MiB, 143771 MiB
2026/08/06 03:25:14.090, NVIDIA H200, 46, 98 %, 29 %, 74021 MiB, 143771 MiB
2026/08/06 03:25:17.090, NVIDIA H200, 44, 68 %, 35 %, 74021 MiB, 143771 MiB
2026/08/06 03:25:20.091, NVIDIA H200, 45, 98 %, 26 %, 74021 MiB, 143771 MiB
2026/08/06 03:25:23.092, NVIDIA H200, 50, 100 %, 46 %, 74021 MiB, 143771 MiB
2026/08/06 03:25:26.092, NVIDIA H200, 41, 100 %, 45 %, 74021 MiB, 143771 MiB
2026/08/06 03:25:29.093, NVIDIA H200, 50, 100 %, 48 %, 74021 MiB, 143771 MiB
2026/08/06 03:25:32.093, NVIDIA H200, 43, 100 %, 43 %, 74021 MiB, 143771 MiB
2026/08/06 03:25:35.094, NVIDIA H200, 45, 100 %, 45 %, 74021 MiB, 143771 MiB
2026/08/06 03:25:38.094, NVIDIA H200, 44, 100 %, 51 %, 74021 MiB, 143771 MiB
2026/08/06 03:25:41.095, NVIDIA H200, 43, 98 %, 53 %, 74021 MiB, 143771 MiB
2026/08/06 03:25:44.096, NVIDIA H200, 48, 100 %, 42 %, 74021 MiB, 143771 MiB
2026/08/06 03:25:47.096, NVIDIA H200, 46, 100 %, 49 %, 74021 MiB, 143771 MiB
2026/08/06 03:25:50.097, NVIDIA H200, 47, 100 %, 38 %, 74021 MiB, 143771 MiB
2026/08/06 03:25:53.098, NVIDIA H200, 48, 98 %, 33 %, 74021 MiB, 143771 MiB
2026/08/06 03:25:56.098, NVIDIA H200, 47, 100 %, 40 %, 74021 MiB, 143771 MiB
2026/08/06 03:25:59.099, NVIDIA H200, 45, 100 %, 50 %, 74021 MiB, 143771 MiB
2026/08/06 03:26:02.099, NVIDIA H200, 39, 4 %, 4 %, 74021 MiB, 143771 MiB
2026/08/06 03:26:05.100, NVIDIA H200, 46, 100 %, 46 %, 74021 MiB, 143771 MiB
2026/08/06 03:26:08.101, NVIDIA H200, 47, 88 %, 28 %, 74021 MiB, 143771 MiB
2026/08/06 03:26:11.101, NVIDIA H200, 47, 100 %, 42 %, 74021 MiB, 143771 MiB
2026/08/06 03:26:14.102, NVIDIA H200, 39, 70 %, 36 %, 74021 MiB, 143771 MiB
2026/08/06 03:26:17.103, NVIDIA H200, 46, 100 %, 43 %, 74021 MiB, 143771 MiB
2026/08/06 03:26:20.103, NVIDIA H200, 44, 100 %, 50 %, 74021 MiB, 143771 MiB
2026/08/06 03:26:23.104, NVIDIA H200, 47, 100 %, 47 %, 74021 MiB, 143771 MiB
2026/08/06 03:26:26.105, NVIDIA H200, 48, 98 %, 47 %, 74021 MiB, 143771 MiB
2026/08/06 03:26:29.105, NVIDIA H200, 42, 100 %, 45 %, 74021 MiB, 143771 MiB
2026/08/06 03:26:32.106, NVIDIA H200, 49, 100 %, 47 %, 74021 MiB, 143771 MiB
2026/08/06 03:26:35.106, NVIDIA H200, 45, 97 %, 52 %, 74021 MiB, 143771 MiB
2026/08/06 03:26:38.107, NVIDIA H200, 46, 100 %, 41 %, 74021 MiB, 143771 MiB
2026/08/06 03:26:41.108, NVIDIA H200, 46, 97 %, 55 %, 74021 MiB, 143771 MiB
2026/08/06 03:26:44.109, NVIDIA H200, 47, 100 %, 48 %, 74021 MiB, 143771 MiB
2026/08/06 03:26:47.109, NVIDIA H200, 49, 100 %, 37 %, 74021 MiB, 143771 MiB
2026/08/06 03:26:50.110, NVIDIA H200, 27, 0 %, 0 %, 74021 MiB, 143771 MiB
2026/08/06 03:26:53.110, NVIDIA H200, 26, 0 %, 0 %, 74021 MiB, 143771 MiB
2026/08/06 03:26:56.111, NVIDIA H200, 43, 99 %, 55 %, 74021 MiB, 143771 MiB
2026/08/06 03:26:59.112, NVIDIA H200, 39, 98 %, 35 %, 74021 MiB, 143771 MiB
2026/08/06 03:27:02.112, NVIDIA H200, 25, 0 %, 0 %, 74025 MiB, 143771 MiB
2026/08/06 03:27:05.113, NVIDIA H200, 24, 0 %, 0 %, 74025 MiB, 143771 MiB
2026/08/06 03:27:08.113, NVIDIA H200, 24, 0 %, 0 %, 74025 MiB, 143771 MiB
2026/08/06 03:27:11.114, NVIDIA H200, 24, 0 %, 0 %, 74025 MiB, 143771 MiB
2026/08/06 03:27:14.115, NVIDIA H200, 24, 0 %, 0 %, 74025 MiB, 143771 MiB
2026/08/06 03:27:17.115, NVIDIA H200, 23, 0 %, 0 %, 74025 MiB, 143771 MiB
2026/08/06 03:27:20.116, NVIDIA H200, 23, 0 %, 0 %, 74025 MiB, 143771 MiB
2026/08/06 03:27:23.117, NVIDIA H200, 23, 0 %, 0 %, 74025 MiB, 143771 MiB
2026/08/06 03:27:26.117, NVIDIA H200, 23, 0 %, 0 %, 74025 MiB, 143771 MiB
2026/08/06 03:27:29.118, NVIDIA H200, 23, 0 %, 0 %, 74025 MiB, 143771 MiB
2026/08/06 03:27:32.118, NVIDIA H200, 23, 0 %, 0 %, 74025 MiB, 143771 MiB
2026/08/06 03:27:35.119, NVIDIA H200, 23, 0 %, 0 %, 74025 MiB, 143771 MiB
2026/08/06 03:27:38.120, NVIDIA H200, 23, 0 %, 0 %, 74025 MiB, 143771 MiB
2026/08/06 03:27:41.120, NVIDIA H200, 23, 0 %, 0 %, 74025 MiB, 143771 MiB
2026/08/06 03:27:44.121, NVIDIA H200, 23, 0 %, 0 %, 74025 MiB, 143771 MiB
2026/08/06 03:27:47.122, NVIDIA H200, 23, 0 %, 0 %, 74025 MiB, 143771 MiB
2026/08/06 03:27:50.122, NVIDIA H200, 23, 0 %, 0 %, 74025 MiB, 143771 MiB
2026/08/06 03:27:53.123, NVIDIA H200, 23, 0 %, 0 %, 74025 MiB, 143771 MiB
2026/08/06 03:27:56.123, NVIDIA H200, 23, 0 %, 0 %, 74025 MiB, 143771 MiB
2026/08/06 03:27:59.124, NVIDIA H200, 23, 0 %, 0 %, 74025 MiB, 143771 MiB
2026/08/06 03:28:02.125, NVIDIA H200, 23, 0 %, 0 %, 74025 MiB, 143771 MiB
2026/08/06 03:28:05.125, NVIDIA H200, 23, 0 %, 0 %, 74025 MiB, 143771 MiB
2026/08/06 03:28:08.126, NVIDIA H200, 23, 0 %, 0 %, 74025 MiB, 143771 MiB
2026/08/06 03:28:11.126, NVIDIA H200, 23, 0 %, 0 %, 74025 MiB, 143771 MiB
2026/08/06 03:28:14.127, NVIDIA H200, 23, 0 %, 0 %, 74025 MiB, 143771 MiB
2026/08/06 03:28:17.128, NVIDIA H200, 23, 0 %, 0 %, 74025 MiB, 143771 MiB
2026/08/06 03:28:20.128, NVIDIA H200, 23, 0 %, 0 %, 74025 MiB, 143771 MiB
2026/08/06 03:28:23.129, NVIDIA H200, 23, 0 %, 0 %, 74025 MiB, 143771 MiB
2026/08/06 03:28:26.129, NVIDIA H200, 23, 0 %, 0 %, 74025 MiB, 143771 MiB
2026/08/06 03:28:29.130, NVIDIA H200, 23, 0 %, 0 %, 74025 MiB, 143771 MiB
2026/08/06 03:28:32.131, NVIDIA H200, 23, 0 %, 0 %, 74025 MiB, 143771 MiB
2026/08/06 03:28:35.131, NVIDIA H200, 23, 0 %, 0 %, 74025 MiB, 143771 MiB
2026/08/06 03:28:38.132, NVIDIA H200, 23, 0 %, 0 %, 74025 MiB, 143771 MiB
2026/08/06 03:28:41.133, NVIDIA H200, 23, 0 %, 0 %, 74025 MiB, 143771 MiB
2026/08/06 03:28:44.133, NVIDIA H200, 23, 0 %, 0 %, 74025 MiB, 143771 MiB
2026/08/06 03:28:47.134, NVIDIA H200, 23, 0 %, 0 %, 74025 MiB, 143771 MiB
2026/08/06 03:28:50.134, NVIDIA H200, 23, 0 %, 0 %, 74025 MiB, 143771 MiB
2026/08/06 03:28:53.135, NVIDIA H200, 23, 0 %, 0 %, 74025 MiB, 143771 MiB
2026/08/06 03:28:56.136, NVIDIA H200, 23, 0 %, 0 %, 74025 MiB, 143771 MiB
2026/08/06 03:28:59.136, NVIDIA H200, 23, 0 %, 0 %, 74025 MiB, 143771 MiB
2026/08/06 03:29:02.137, NVIDIA H200, 23, 0 %, 0 %, 74025 MiB, 143771 MiB
2026/08/06 03:29:05.138, NVIDIA H200, 23, 0 %, 0 %, 74025 MiB, 143771 MiB
2026/08/06 03:29:08.139, NVIDIA H200, 23, 0 %, 0 %, 74025 MiB, 143771 MiB
2026/08/06 03:29:11.139, NVIDIA H200, 23, 0 %, 0 %, 74025 MiB, 143771 MiB
2026/08/06 03:29:14.140, NVIDIA H200, 23, 0 %, 0 %, 74025 MiB, 143771 MiB
2026/08/06 03:29:17.141, NVIDIA H200, 23, 0 %, 0 %, 74025 MiB, 143771 MiB
2026/08/06 03:29:20.141, NVIDIA H200, 23, 0 %, 0 %, 74025 MiB, 143771 MiB
2026/08/06 03:29:23.142, NVIDIA H200, 23, 0 %, 0 %, 74025 MiB, 143771 MiB
2026/08/06 03:29:26.142, NVIDIA H200, 23, 0 %, 0 %, 74025 MiB, 143771 MiB
2026/08/06 03:29:29.143, NVIDIA H200, 23, 0 %, 0 %, 74025 MiB, 143771 MiB
2026/08/06 03:29:32.144, NVIDIA H200, 23, 0 %, 0 %, 74025 MiB, 143771 MiB
2026/08/06 03:29:35.144, NVIDIA H200, 23, 0 %, 0 %, 74025 MiB, 143771 MiB
2026/08/06 03:29:38.145, NVIDIA H200, 23, 0 %, 0 %, 74025 MiB, 143771 MiB
2026/08/06 03:29:41.145, NVIDIA H200, 23, 0 %, 0 %, 74025 MiB, 143771 MiB
2026/08/06 03:29:44.146, NVIDIA H200, 23, 0 %, 0 %, 74025 MiB, 143771 MiB
2026/08/06 03:29:47.147, NVIDIA H200, 23, 0 %, 0 %, 74025 MiB, 143771 MiB
2026/08/06 03:29:50.147, NVIDIA H200, 23, 0 %, 0 %, 74025 MiB, 143771 MiB
2026/08/06 03:29:53.148, NVIDIA H200, 23, 0 %, 0 %, 74025 MiB, 143771 MiB
2026/08/06 03:29:56.148, NVIDIA H200, 23, 0 %, 0 %, 74025 MiB, 143771 MiB
2026/08/06 03:29:59.149, NVIDIA H200, 23, 0 %, 0 %, 74025 MiB, 143771 MiB
2026/08/06 03:30:02.150, NVIDIA H200, 23, 0 %, 0 %, 74025 MiB, 143771 MiB
2026/08/06 03:30:05.151, NVIDIA H200, 22, 0 %, 0 %, 74025 MiB, 143771 MiB
2026/08/06 03:30:08.151, NVIDIA H200, 22, 0 %, 0 %, 74025 MiB, 143771 MiB
2026/08/06 03:30:11.152, NVIDIA H200, 22, 0 %, 0 %, 74025 MiB, 143771 MiB
2026/08/06 03:30:14.153, NVIDIA H200, 22, 0 %, 0 %, 74025 MiB, 143771 MiB
2026/08/06 03:30:17.153, NVIDIA H200, 23, 0 %, 0 %, 74025 MiB, 143771 MiB
2026/08/06 03:30:20.154, NVIDIA H200, 23, 0 %, 0 %, 74025 MiB, 143771 MiB
2026/08/06 03:30:23.155, NVIDIA H200, 23, 0 %, 0 %, 74025 MiB, 143771 MiB
2026/08/06 03:30:26.155, NVIDIA H200, 23, 0 %, 0 %, 74025 MiB, 143771 MiB
2026/08/06 03:30:29.156, NVIDIA H200, 23, 0 %, 0 %, 74025 MiB, 143771 MiB
2026/08/06 03:30:32.156, NVIDIA H200, 22, 0 %, 0 %, 74025 MiB, 143771 MiB
2026/08/06 03:30:35.157, NVIDIA H200, 23, 0 %, 0 %, 74025 MiB, 143771 MiB
2026/08/06 03:30:38.158, NVIDIA H200, 23, 0 %, 0 %, 74025 MiB, 143771 MiB
2026/08/06 03:30:41.158, NVIDIA H200, 22, 0 %, 0 %, 74025 MiB, 143771 MiB
2026/08/06 03:30:44.159, NVIDIA H200, 22, 0 %, 0 %, 74025 MiB, 143771 MiB
2026/08/06 03:30:47.159, NVIDIA H200, 22, 0 %, 0 %, 74025 MiB, 143771 MiB
2026/08/06 03:30:50.160, NVIDIA H200, 22, 0 %, 0 %, 74025 MiB, 143771 MiB
2026/08/06 03:30:53.161, NVIDIA H200, 23, 0 %, 0 %, 74025 MiB, 143771 MiB
2026/08/06 03:30:56.161, NVIDIA H200, 23, 0 %, 0 %, 74025 MiB, 143771 MiB
2026/08/06 03:30:59.162, NVIDIA H200, 23, 0 %, 0 %, 74025 MiB, 143771 MiB
2026/08/06 03:31:02.163, NVIDIA H200, 22, 0 %, 0 %, 74025 MiB, 143771 MiB
2026/08/06 03:31:05.163, NVIDIA H200, 23, 0 %, 0 %, 74025 MiB, 143771 MiB
2026/08/06 03:31:08.164, NVIDIA H200, 23, 0 %, 0 %, 74025 MiB, 143771 MiB
2026/08/06 03:31:11.165, NVIDIA H200, 23, 0 %, 0 %, 74025 MiB, 143771 MiB
2026/08/06 03:31:14.165, NVIDIA H200, 23, 0 %, 0 %, 74025 MiB, 143771 MiB
2026/08/06 03:31:17.166, NVIDIA H200, 23, 0 %, 0 %, 74025 MiB, 143771 MiB
2026/08/06 03:31:20.166, NVIDIA H200, 23, 0 %, 0 %, 74025 MiB, 143771 MiB
2026/08/06 03:31:23.167, NVIDIA H200, 23, 0 %, 0 %, 74025 MiB, 143771 MiB
2026/08/06 03:31:26.167, NVIDIA H200, 22, 0 %, 0 %, 74025 MiB, 143771 MiB
2026/08/06 03:31:29.168, NVIDIA H200, 22, 0 %, 0 %, 74025 MiB, 143771 MiB
2026/08/06 03:31:32.168, NVIDIA H200, 22, 0 %, 0 %, 74025 MiB, 143771 MiB
2026/08/06 03:31:35.169, NVIDIA H200, 22, 0 %, 0 %, 74025 MiB, 143771 MiB
2026/08/06 03:31:38.170, NVIDIA H200, 22, 0 %, 0 %, 74025 MiB, 143771 MiB
2026/08/06 03:31:41.170, NVIDIA H200, 22, 0 %, 0 %, 74025 MiB, 143771 MiB
2026/08/06 03:31:44.171, NVIDIA H200, 22, 0 %, 0 %, 74025 MiB, 143771 MiB
2026/08/06 03:31:47.171, NVIDIA H200, 22, 0 %, 0 %, 74025 MiB, 143771 MiB
2026/08/06 03:31:50.172, NVIDIA H200, 22, 0 %, 0 %, 74025 MiB, 143771 MiB
2026/08/06 03:31:53.172, NVIDIA H200, 22, 0 %, 0 %, 74025 MiB, 143771 MiB
2026/08/06 03:31:56.173, NVIDIA H200, 22, 0 %, 0 %, 74025 MiB, 143771 MiB
2026/08/06 03:31:59.174, NVIDIA H200, 22, 0 %, 0 %, 74025 MiB, 143771 MiB
2026/08/06 03:32:02.174, NVIDIA H200, 22, 0 %, 0 %, 74025 MiB, 143771 MiB
2026/08/06 03:32:05.175, NVIDIA H200, 22, 0 %, 0 %, 74025 MiB, 143771 MiB
2026/08/06 03:32:08.175, NVIDIA H200, 22, 0 %, 0 %, 74025 MiB, 143771 MiB
2026/08/06 03:32:11.176, NVIDIA H200, 22, 0 %, 0 %, 74025 MiB, 143771 MiB
2026/08/06 03:32:14.177, NVIDIA H200, 22, 0 %, 0 %, 74025 MiB, 143771 MiB
2026/08/06 03:32:17.177, NVIDIA H200, 22, 0 %, 0 %, 74025 MiB, 143771 MiB
2026/08/06 03:32:20.178, NVIDIA H200, 45, 100 %, 46 %, 74025 MiB, 143771 MiB
2026/08/06 03:32:23.178, NVIDIA H200, 43, 51 %, 11 %, 74025 MiB, 143771 MiB
2026/08/06 03:32:26.179, NVIDIA H200, 43, 84 %, 43 %, 74025 MiB, 143771 MiB
2026/08/06 03:32:29.180, NVIDIA H200, 44, 98 %, 33 %, 74025 MiB, 143771 MiB
2026/08/06 03:32:32.180, NVIDIA H200, 45, 97 %, 51 %, 74025 MiB, 143771 MiB
2026/08/06 03:32:35.181, NVIDIA H200, 45, 100 %, 45 %, 74025 MiB, 143771 MiB
2026/08/06 03:32:38.182, NVIDIA H200, 45, 22 %, 12 %, 74025 MiB, 143771 MiB
2026/08/06 03:32:41.182, NVIDIA H200, 38, 100 %, 46 %, 74025 MiB, 143771 MiB
2026/08/06 03:32:44.183, NVIDIA H200, 45, 100 %, 55 %, 74025 MiB, 143771 MiB
2026/08/06 03:32:47.184, NVIDIA H200, 48, 100 %, 30 %, 74025 MiB, 143771 MiB
2026/08/06 03:32:50.184, NVIDIA H200, 45, 97 %, 38 %, 74025 MiB, 143771 MiB
2026/08/06 03:32:53.185, NVIDIA H200, 45, 98 %, 52 %, 74025 MiB, 143771 MiB
2026/08/06 03:32:56.185, NVIDIA H200, 44, 100 %, 31 %, 74025 MiB, 143771 MiB
2026/08/06 03:32:59.186, NVIDIA H200, 34, 0 %, 0 %, 74025 MiB, 143771 MiB
2026/08/06 03:33:02.186, NVIDIA H200, 45, 98 %, 50 %, 74025 MiB, 143771 MiB
2026/08/06 03:33:05.187, NVIDIA H200, 47, 100 %, 38 %, 74025 MiB, 143771 MiB
2026/08/06 03:33:08.188, NVIDIA H200, 37, 48 %, 24 %, 74025 MiB, 143771 MiB
2026/08/06 03:33:11.188, NVIDIA H200, 34, 19 %, 5 %, 74025 MiB, 143771 MiB
2026/08/06 03:33:14.189, NVIDIA H200, 40, 91 %, 39 %, 74025 MiB, 143771 MiB
2026/08/06 03:33:17.189, NVIDIA H200, 47, 97 %, 47 %, 74025 MiB, 143771 MiB
2026/08/06 03:33:20.189, NVIDIA H200, 42, 100 %, 47 %, 74025 MiB, 143771 MiB
2026/08/06 03:33:23.190, NVIDIA H200, 45, 98 %, 28 %, 74025 MiB, 143771 MiB
2026/08/06 03:33:26.191, NVIDIA H200, 46, 100 %, 41 %, 74025 MiB, 143771 MiB
2026/08/06 03:33:29.191, NVIDIA H200, 48, 98 %, 34 %, 74025 MiB, 143771 MiB
2026/08/06 03:33:32.192, NVIDIA H200, 47, 100 %, 44 %, 74025 MiB, 143771 MiB
2026/08/06 03:33:35.193, NVIDIA H200, 44, 100 %, 49 %, 74025 MiB, 143771 MiB
2026/08/06 03:33:38.193, NVIDIA H200, 44, 100 %, 46 %, 74025 MiB, 143771 MiB
2026/08/06 03:33:41.194, NVIDIA H200, 39, 41 %, 13 %, 24827 MiB, 143771 MiB
2026/08/06 03:33:44.194, NVIDIA H200, 38, 98 %, 19 %, 30129 MiB, 143771 MiB
2026/08/06 03:33:47.195, NVIDIA H200, 35, 36 %, 4 %, 20429 MiB, 143771 MiB
2026/08/06 03:33:50.196, NVIDIA H200, 27, 0 %, 0 %, 14617 MiB, 143771 MiB
2026/08/06 03:33:53.196, NVIDIA H200, 29, 100 %, 0 %, 11859 MiB, 143771 MiB
2026/08/06 03:33:56.197, NVIDIA H200, 24, 0 %, 0 %, 7663 MiB, 143771 MiB
2026/08/06 03:33:59.198, NVIDIA H200, 24, 0 %, 0 %, 7663 MiB, 143771 MiB
2026/08/06 03:34:02.198, NVIDIA H200, 40, 100 %, 37 %, 31819 MiB, 143771 MiB
2026/08/06 03:34:05.199, NVIDIA H200, 25, 0 %, 0 %, 31819 MiB, 143771 MiB
2026/08/06 03:34:08.200, NVIDIA H200, 37, 29 %, 7 %, 5635 MiB, 143771 MiB
2026/08/06 03:34:11.200, NVIDIA H200, 25, 0 %, 0 %, 6895 MiB, 143771 MiB
2026/08/06 03:34:14.201, NVIDIA H200, 24, 0 %, 0 %, 6895 MiB, 143771 MiB
2026/08/06 03:34:17.201, NVIDIA H200, 27, 0 %, 0 %, 74305 MiB, 143771 MiB
2026/08/06 03:34:20.202, NVIDIA H200, 43, 71 %, 35 %, 74305 MiB, 143771 MiB
2026/08/06 03:34:23.203, NVIDIA H200, 45, 100 %, 41 %, 74305 MiB, 143771 MiB
2026/08/06 03:34:26.203, NVIDIA H200, 44, 97 %, 51 %, 74305 MiB, 143771 MiB
2026/08/06 03:34:29.204, NVIDIA H200, 46, 100 %, 40 %, 74305 MiB, 143771 MiB
2026/08/06 03:34:32.205, NVIDIA H200, 41, 58 %, 32 %, 74305 MiB, 143771 MiB
2026/08/06 03:34:35.205, NVIDIA H200, 45, 96 %, 50 %, 74305 MiB, 143771 MiB
2026/08/06 03:34:38.206, NVIDIA H200, 48, 93 %, 34 %, 74305 MiB, 143771 MiB
2026/08/06 03:34:41.206, NVIDIA H200, 45, 97 %, 53 %, 74305 MiB, 143771 MiB
2026/08/06 03:34:44.207, NVIDIA H200, 47, 98 %, 31 %, 74305 MiB, 143771 MiB
2026/08/06 03:34:47.208, NVIDIA H200, 47, 100 %, 33 %, 74305 MiB, 143771 MiB
2026/08/06 03:34:50.208, NVIDIA H200, 47, 100 %, 39 %, 74305 MiB, 143771 MiB
2026/08/06 03:34:53.209, NVIDIA H200, 42, 100 %, 44 %, 74305 MiB, 143771 MiB
2026/08/06 03:34:56.210, NVIDIA H200, 50, 100 %, 39 %, 74305 MiB, 143771 MiB
2026/08/06 03:34:59.210, NVIDIA H200, 39, 100 %, 44 %, 74305 MiB, 143771 MiB
2026/08/06 03:35:02.211, NVIDIA H200, 34, 22 %, 14 %, 74305 MiB, 143771 MiB
2026/08/06 03:35:05.211, NVIDIA H200, 44, 89 %, 40 %, 74305 MiB, 143771 MiB
2026/08/06 03:35:08.212, NVIDIA H200, 47, 100 %, 42 %, 74305 MiB, 143771 MiB
2026/08/06 03:35:11.212, NVIDIA H200, 40, 70 %, 37 %, 74305 MiB, 143771 MiB
2026/08/06 03:35:14.213, NVIDIA H200, 47, 98 %, 47 %, 74305 MiB, 143771 MiB
2026/08/06 03:35:17.214, NVIDIA H200, 45, 100 %, 34 %, 74305 MiB, 143771 MiB
2026/08/06 03:35:20.214, NVIDIA H200, 42, 98 %, 45 %, 74305 MiB, 143771 MiB
2026/08/06 03:35:23.215, NVIDIA H200, 44, 100 %, 30 %, 74305 MiB, 143771 MiB
2026/08/06 03:35:26.215, NVIDIA H200, 46, 100 %, 45 %, 74305 MiB, 143771 MiB
2026/08/06 03:35:29.216, NVIDIA H200, 42, 100 %, 47 %, 74305 MiB, 143771 MiB
2026/08/06 03:35:32.216, NVIDIA H200, 47, 99 %, 31 %, 74305 MiB, 143771 MiB
2026/08/06 03:35:35.217, NVIDIA H200, 48, 100 %, 44 %, 74305 MiB, 143771 MiB
2026/08/06 03:35:38.218, NVIDIA H200, 30, 0 %, 0 %, 74305 MiB, 143771 MiB
2026/08/06 03:35:41.219, NVIDIA H200, 25, 0 %, 0 %, 74305 MiB, 143771 MiB
2026/08/06 03:35:44.219, NVIDIA H200, 24, 0 %, 0 %, 74305 MiB, 143771 MiB
2026/08/06 03:35:47.220, NVIDIA H200, 28, 0 %, 0 %, 74305 MiB, 143771 MiB
2026/08/06 03:35:50.220, NVIDIA H200, 42, 100 %, 45 %, 74305 MiB, 143771 MiB
2026/08/06 03:35:53.221, NVIDIA H200, 25, 0 %, 0 %, 74305 MiB, 143771 MiB
2026/08/06 03:35:56.222, NVIDIA H200, 24, 0 %, 0 %, 74305 MiB, 143771 MiB
2026/08/06 03:35:59.222, NVIDIA H200, 38, 100 %, 50 %, 74305 MiB, 143771 MiB
2026/08/06 03:36:02.223, NVIDIA H200, 46, 100 %, 54 %, 74305 MiB, 143771 MiB
2026/08/06 03:36:05.224, NVIDIA H200, 46, 100 %, 46 %, 74305 MiB, 143771 MiB
2026/08/06 03:36:08.224, NVIDIA H200, 45, 100 %, 32 %, 74305 MiB, 143771 MiB
2026/08/06 03:36:11.225, NVIDIA H200, 45, 98 %, 34 %, 74305 MiB, 143771 MiB
2026/08/06 03:36:14.225, NVIDIA H200, 44, 100 %, 49 %, 74305 MiB, 143771 MiB
2026/08/06 03:36:17.226, NVIDIA H200, 49, 100 %, 41 %, 74305 MiB, 143771 MiB
2026/08/06 03:36:20.226, NVIDIA H200, 43, 100 %, 50 %, 74305 MiB, 143771 MiB
2026/08/06 03:36:23.227, NVIDIA H200, 48, 100 %, 39 %, 74305 MiB, 143771 MiB
2026/08/06 03:36:26.228, NVIDIA H200, 45, 100 %, 47 %, 74305 MiB, 143771 MiB
2026/08/06 03:36:29.229, NVIDIA H200, 46, 96 %, 57 %, 74305 MiB, 143771 MiB
2026/08/06 03:36:32.229, NVIDIA H200, 46, 93 %, 25 %, 74305 MiB, 143771 MiB
2026/08/06 03:36:35.230, NVIDIA H200, 46, 98 %, 49 %, 74305 MiB, 143771 MiB
2026/08/06 03:36:38.230, NVIDIA H200, 47, 100 %, 46 %, 74305 MiB, 143771 MiB
2026/08/06 03:36:41.231, NVIDIA H200, 46, 100 %, 52 %, 74305 MiB, 143771 MiB
2026/08/06 03:36:44.231, NVIDIA H200, 48, 100 %, 44 %, 74305 MiB, 143771 MiB
2026/08/06 03:36:47.232, NVIDIA H200, 47, 98 %, 35 %, 74305 MiB, 143771 MiB
2026/08/06 03:36:50.233, NVIDIA H200, 49, 100 %, 43 %, 74305 MiB, 143771 MiB
2026/08/06 03:36:53.233, NVIDIA H200, 48, 100 %, 41 %, 74305 MiB, 143771 MiB
2026/08/06 03:36:56.234, NVIDIA H200, 45, 100 %, 42 %, 74305 MiB, 143771 MiB
2026/08/06 03:36:59.234, NVIDIA H200, 42, 97 %, 39 %, 74305 MiB, 143771 MiB
2026/08/06 03:37:02.235, NVIDIA H200, 50, 100 %, 44 %, 74305 MiB, 143771 MiB
2026/08/06 03:37:05.236, NVIDIA H200, 50, 100 %, 44 %, 74305 MiB, 143771 MiB
2026/08/06 03:37:08.236, NVIDIA H200, 48, 100 %, 55 %, 74305 MiB, 143771 MiB
2026/08/06 03:37:11.237, NVIDIA H200, 47, 100 %, 47 %, 74305 MiB, 143771 MiB
2026/08/06 03:37:14.238, NVIDIA H200, 47, 100 %, 49 %, 74305 MiB, 143771 MiB
2026/08/06 03:37:17.239, NVIDIA H200, 48, 100 %, 40 %, 74305 MiB, 143771 MiB
2026/08/06 03:37:20.240, NVIDIA H200, 27, 0 %, 0 %, 74305 MiB, 143771 MiB
2026/08/06 03:37:23.240, NVIDIA H200, 25, 0 %, 0 %, 74305 MiB, 143771 MiB
2026/08/06 03:37:26.241, NVIDIA H200, 36, 100 %, 55 %, 74305 MiB, 143771 MiB
2026/08/06 03:37:29.241, NVIDIA H200, 36, 100 %, 50 %, 74305 MiB, 143771 MiB
2026/08/06 03:37:32.242, NVIDIA H200, 26, 0 %, 0 %, 74305 MiB, 143771 MiB
2026/08/06 03:37:35.243, NVIDIA H200, 24, 0 %, 0 %, 74305 MiB, 143771 MiB
2026/08/06 03:37:38.244, NVIDIA H200, 36, 100 %, 55 %, 74305 MiB, 143771 MiB
2026/08/06 03:37:41.244, NVIDIA H200, 44, 100 %, 49 %, 74305 MiB, 143771 MiB
2026/08/06 03:37:44.245, NVIDIA H200, 45, 100 %, 43 %, 74305 MiB, 143771 MiB
2026/08/06 03:37:47.245, NVIDIA H200, 46, 97 %, 34 %, 74305 MiB, 143771 MiB
2026/08/06 03:37:50.246, NVIDIA H200, 50, 100 %, 45 %, 74305 MiB, 143771 MiB
2026/08/06 03:37:53.246, NVIDIA H200, 39, 71 %, 34 %, 74305 MiB, 143771 MiB
2026/08/06 03:37:56.247, NVIDIA H200, 45, 100 %, 32 %, 74305 MiB, 143771 MiB
2026/08/06 03:37:59.248, NVIDIA H200, 42, 36 %, 2 %, 74305 MiB, 143771 MiB
2026/08/06 03:38:02.248, NVIDIA H200, 46, 100 %, 40 %, 74305 MiB, 143771 MiB
2026/08/06 03:38:05.248, NVIDIA H200, 49, 100 %, 44 %, 74305 MiB, 143771 MiB
2026/08/06 03:38:08.249, NVIDIA H200, 45, 98 %, 47 %, 74305 MiB, 143771 MiB
2026/08/06 03:38:11.250, NVIDIA H200, 42, 98 %, 35 %, 74305 MiB, 143771 MiB
2026/08/06 03:38:14.250, NVIDIA H200, 50, 100 %, 44 %, 74305 MiB, 143771 MiB
2026/08/06 03:38:17.251, NVIDIA H200, 43, 100 %, 46 %, 74305 MiB, 143771 MiB
2026/08/06 03:38:20.251, NVIDIA H200, 48, 100 %, 45 %, 74305 MiB, 143771 MiB
2026/08/06 03:38:23.252, NVIDIA H200, 45, 97 %, 45 %, 74305 MiB, 143771 MiB
2026/08/06 03:38:26.252, NVIDIA H200, 42, 98 %, 35 %, 74305 MiB, 143771 MiB
2026/08/06 03:38:29.253, NVIDIA H200, 46, 96 %, 53 %, 74305 MiB, 143771 MiB
2026/08/06 03:38:32.254, NVIDIA H200, 48, 100 %, 42 %, 74305 MiB, 143771 MiB
2026/08/06 03:38:35.254, NVIDIA H200, 45, 74 %, 36 %, 74305 MiB, 143771 MiB
2026/08/06 03:38:38.255, NVIDIA H200, 38, 81 %, 39 %, 74305 MiB, 143771 MiB
2026/08/06 03:38:41.255, NVIDIA H200, 47, 86 %, 30 %, 74305 MiB, 143771 MiB
2026/08/06 03:38:44.255, NVIDIA H200, 48, 100 %, 42 %, 74305 MiB, 143771 MiB
2026/08/06 03:38:47.256, NVIDIA H200, 41, 0 %, 0 %, 74305 MiB, 143771 MiB
2026/08/06 03:38:50.257, NVIDIA H200, 47, 98 %, 50 %, 74305 MiB, 143771 MiB
2026/08/06 03:38:53.257, NVIDIA H200, 47, 96 %, 39 %, 74305 MiB, 143771 MiB
2026/08/06 03:38:56.258, NVIDIA H200, 47, 100 %, 41 %, 74305 MiB, 143771 MiB
2026/08/06 03:38:59.258, NVIDIA H200, 28, 0 %, 0 %, 74305 MiB, 143771 MiB
2026/08/06 03:39:02.259, NVIDIA H200, 25, 0 %, 0 %, 74305 MiB, 143771 MiB
2026/08/06 03:39:05.259, NVIDIA H200, 24, 0 %, 0 %, 74305 MiB, 143771 MiB
2026/08/06 03:39:08.260, NVIDIA H200, 26, 0 %, 0 %, 74305 MiB, 143771 MiB
2026/08/06 03:39:11.260, NVIDIA H200, 40, 98 %, 42 %, 74305 MiB, 143771 MiB
2026/08/06 03:39:14.261, NVIDIA H200, 25, 0 %, 0 %, 74305 MiB, 143771 MiB
2026/08/06 03:39:17.262, NVIDIA H200, 24, 0 %, 0 %, 74305 MiB, 143771 MiB
2026/08/06 03:39:20.262, NVIDIA H200, 44, 100 %, 42 %, 74305 MiB, 143771 MiB
2026/08/06 03:39:23.263, NVIDIA H200, 45, 97 %, 38 %, 74305 MiB, 143771 MiB
2026/08/06 03:39:26.264, NVIDIA H200, 43, 99 %, 47 %, 74305 MiB, 143771 MiB
2026/08/06 03:39:29.265, NVIDIA H200, 46, 79 %, 24 %, 74305 MiB, 143771 MiB
2026/08/06 03:39:32.266, NVIDIA H200, 46, 100 %, 40 %, 74305 MiB, 143771 MiB
2026/08/06 03:39:35.266, NVIDIA H200, 49, 100 %, 41 %, 74305 MiB, 143771 MiB
2026/08/06 03:39:38.267, NVIDIA H200, 46, 100 %, 47 %, 74305 MiB, 143771 MiB
2026/08/06 03:39:41.267, NVIDIA H200, 36, 0 %, 0 %, 74305 MiB, 143771 MiB
2026/08/06 03:39:44.268, NVIDIA H200, 46, 98 %, 51 %, 74305 MiB, 143771 MiB
2026/08/06 03:39:47.268, NVIDIA H200, 47, 100 %, 39 %, 74305 MiB, 143771 MiB
2026/08/06 03:39:50.269, NVIDIA H200, 38, 8 %, 6 %, 74305 MiB, 143771 MiB
2026/08/06 03:39:53.270, NVIDIA H200, 46, 100 %, 49 %, 74305 MiB, 143771 MiB
2026/08/06 03:39:56.270, NVIDIA H200, 44, 100 %, 49 %, 74305 MiB, 143771 MiB
2026/08/06 03:39:59.271, NVIDIA H200, 44, 68 %, 21 %, 74305 MiB, 143771 MiB
2026/08/06 03:40:02.271, NVIDIA H200, 47, 100 %, 42 %, 74305 MiB, 143771 MiB
2026/08/06 03:40:05.272, NVIDIA H200, 45, 100 %, 36 %, 74305 MiB, 143771 MiB
2026/08/06 03:40:08.273, NVIDIA H200, 45, 100 %, 39 %, 74305 MiB, 143771 MiB
2026/08/06 03:40:11.273, NVIDIA H200, 48, 100 %, 49 %, 74305 MiB, 143771 MiB
2026/08/06 03:40:14.274, NVIDIA H200, 47, 100 %, 42 %, 74305 MiB, 143771 MiB
2026/08/06 03:40:17.274, NVIDIA H200, 35, 0 %, 0 %, 74305 MiB, 143771 MiB
2026/08/06 03:40:20.275, NVIDIA H200, 45, 97 %, 57 %, 74305 MiB, 143771 MiB
2026/08/06 03:40:23.275, NVIDIA H200, 45, 100 %, 30 %, 74305 MiB, 143771 MiB
2026/08/06 03:40:26.276, NVIDIA H200, 35, 0 %, 0 %, 74305 MiB, 143771 MiB
2026/08/06 03:40:29.277, NVIDIA H200, 38, 52 %, 27 %, 74305 MiB, 143771 MiB
2026/08/06 03:40:32.277, NVIDIA H200, 35, 0 %, 0 %, 74305 MiB, 143771 MiB
2026/08/06 03:40:35.278, NVIDIA H200, 47, 99 %, 41 %, 74305 MiB, 143771 MiB
2026/08/06 03:40:38.278, NVIDIA H200, 47, 100 %, 42 %, 74305 MiB, 143771 MiB
2026/08/06 03:40:41.279, NVIDIA H200, 47, 100 %, 30 %, 74305 MiB, 143771 MiB
2026/08/06 03:40:44.280, NVIDIA H200, 26, 0 %, 0 %, 74305 MiB, 143771 MiB
2026/08/06 03:40:47.280, NVIDIA H200, 25, 0 %, 0 %, 74305 MiB, 143771 MiB
2026/08/06 03:40:50.281, NVIDIA H200, 34, 69 %, 39 %, 74305 MiB, 143771 MiB
2026/08/06 03:40:53.282, NVIDIA H200, 31, 2 %, 1 %, 74305 MiB, 143771 MiB
2026/08/06 03:40:56.282, NVIDIA H200, 25, 0 %, 0 %, 74305 MiB, 143771 MiB
2026/08/06 03:40:59.283, NVIDIA H200, 24, 0 %, 0 %, 74305 MiB, 143771 MiB
2026/08/06 03:41:02.283, NVIDIA H200, 24, 0 %, 0 %, 74305 MiB, 143771 MiB
2026/08/06 03:41:05.284, NVIDIA H200, 24, 0 %, 0 %, 74305 MiB, 143771 MiB
2026/08/06 03:41:08.285, NVIDIA H200, 34, 100 %, 51 %, 74305 MiB, 143771 MiB
2026/08/06 03:41:11.285, NVIDIA H200, 41, 100 %, 47 %, 74305 MiB, 143771 MiB
2026/08/06 03:41:14.286, NVIDIA H200, 42, 100 %, 49 %, 74305 MiB, 143771 MiB
2026/08/06 03:41:17.287, NVIDIA H200, 47, 100 %, 38 %, 74305 MiB, 143771 MiB
2026/08/06 03:41:20.287, NVIDIA H200, 39, 83 %, 38 %, 74305 MiB, 143771 MiB
2026/08/06 03:41:23.288, NVIDIA H200, 47, 98 %, 36 %, 74305 MiB, 143771 MiB
2026/08/06 03:41:26.288, NVIDIA H200, 46, 100 %, 40 %, 74305 MiB, 143771 MiB
2026/08/06 03:41:29.289, NVIDIA H200, 38, 58 %, 21 %, 74305 MiB, 143771 MiB
2026/08/06 03:41:32.290, NVIDIA H200, 45, 97 %, 59 %, 74305 MiB, 143771 MiB
2026/08/06 03:41:35.290, NVIDIA H200, 46, 100 %, 48 %, 74305 MiB, 143771 MiB
2026/08/06 03:41:38.291, NVIDIA H200, 46, 74 %, 25 %, 74305 MiB, 143771 MiB
2026/08/06 03:41:41.291, NVIDIA H200, 46, 100 %, 41 %, 74305 MiB, 143771 MiB
2026/08/06 03:41:44.292, NVIDIA H200, 46, 100 %, 45 %, 74305 MiB, 143771 MiB
2026/08/06 03:41:47.292, NVIDIA H200, 45, 98 %, 51 %, 74305 MiB, 143771 MiB
2026/08/06 03:41:50.293, NVIDIA H200, 47, 100 %, 43 %, 74305 MiB, 143771 MiB
2026/08/06 03:41:53.293, NVIDIA H200, 48, 98 %, 35 %, 74305 MiB, 143771 MiB
2026/08/06 03:41:56.294, NVIDIA H200, 47, 100 %, 40 %, 74305 MiB, 143771 MiB
2026/08/06 03:41:59.295, NVIDIA H200, 49, 99 %, 36 %, 74305 MiB, 143771 MiB
2026/08/06 03:42:02.295, NVIDIA H200, 46, 97 %, 47 %, 74305 MiB, 143771 MiB
2026/08/06 03:42:05.296, NVIDIA H200, 46, 100 %, 43 %, 74305 MiB, 143771 MiB
2026/08/06 03:42:08.296, NVIDIA H200, 46, 97 %, 57 %, 74305 MiB, 143771 MiB
2026/08/06 03:42:11.297, NVIDIA H200, 46, 100 %, 44 %, 74305 MiB, 143771 MiB
2026/08/06 03:42:14.297, NVIDIA H200, 48, 100 %, 39 %, 74305 MiB, 143771 MiB
2026/08/06 03:42:17.298, NVIDIA H200, 45, 99 %, 53 %, 74305 MiB, 143771 MiB
2026/08/06 03:42:20.299, NVIDIA H200, 46, 100 %, 43 %, 74305 MiB, 143771 MiB
2026/08/06 03:42:23.300, NVIDIA H200, 45, 100 %, 52 %, 74305 MiB, 143771 MiB
2026/08/06 03:42:26.300, NVIDIA H200, 46, 98 %, 33 %, 74305 MiB, 143771 MiB
2026/08/06 03:42:29.301, NVIDIA H200, 34, 0 %, 0 %, 74305 MiB, 143771 MiB
2026/08/06 03:42:32.302, NVIDIA H200, 25, 0 %, 0 %, 74305 MiB, 143771 MiB
2026/08/06 03:42:35.302, NVIDIA H200, 25, 0 %, 0 %, 74305 MiB, 143771 MiB
2026/08/06 03:42:38.303, NVIDIA H200, 30, 0 %, 0 %, 74305 MiB, 143771 MiB
2026/08/06 03:42:41.304, NVIDIA H200, 42, 98 %, 42 %, 74305 MiB, 143771 MiB
2026/08/06 03:42:44.304, NVIDIA H200, 24, 0 %, 0 %, 74305 MiB, 143771 MiB
2026/08/06 03:42:47.305, NVIDIA H200, 41, 98 %, 40 %, 74305 MiB, 143771 MiB
2026/08/06 03:42:50.305, NVIDIA H200, 40, 100 %, 35 %, 74305 MiB, 143771 MiB
2026/08/06 03:42:53.306, NVIDIA H200, 49, 100 %, 42 %, 74305 MiB, 143771 MiB
2026/08/06 03:42:56.306, NVIDIA H200, 46, 97 %, 54 %, 74305 MiB, 143771 MiB
2026/08/06 03:42:59.307, NVIDIA H200, 47, 100 %, 46 %, 74305 MiB, 143771 MiB
2026/08/06 03:43:02.308, NVIDIA H200, 47, 99 %, 52 %, 74305 MiB, 143771 MiB
2026/08/06 03:43:05.308, NVIDIA H200, 48, 100 %, 47 %, 74305 MiB, 143771 MiB
2026/08/06 03:43:08.309, NVIDIA H200, 46, 97 %, 50 %, 74305 MiB, 143771 MiB
2026/08/06 03:43:11.310, NVIDIA H200, 46, 100 %, 42 %, 74305 MiB, 143771 MiB
2026/08/06 03:43:14.310, NVIDIA H200, 48, 100 %, 52 %, 74305 MiB, 143771 MiB
2026/08/06 03:43:17.311, NVIDIA H200, 46, 100 %, 42 %, 74305 MiB, 143771 MiB
2026/08/06 03:43:20.312, NVIDIA H200, 46, 100 %, 37 %, 74305 MiB, 143771 MiB
2026/08/06 03:43:23.312, NVIDIA H200, 45, 98 %, 37 %, 74305 MiB, 143771 MiB
2026/08/06 03:43:26.313, NVIDIA H200, 48, 99 %, 53 %, 74305 MiB, 143771 MiB
2026/08/06 03:43:29.313, NVIDIA H200, 37, 0 %, 0 %, 74305 MiB, 143771 MiB
2026/08/06 03:43:32.314, NVIDIA H200, 40, 100 %, 31 %, 74305 MiB, 143771 MiB
2026/08/06 03:43:35.314, NVIDIA H200, 44, 98 %, 48 %, 74305 MiB, 143771 MiB
2026/08/06 03:43:38.315, NVIDIA H200, 44, 100 %, 43 %, 74305 MiB, 143771 MiB
2026/08/06 03:43:41.315, NVIDIA H200, 43, 100 %, 40 %, 74305 MiB, 143771 MiB
2026/08/06 03:43:44.316, NVIDIA H200, 46, 78 %, 21 %, 74305 MiB, 143771 MiB
2026/08/06 03:43:47.316, NVIDIA H200, 46, 100 %, 38 %, 74305 MiB, 143771 MiB
2026/08/06 03:43:50.317, NVIDIA H200, 48, 100 %, 49 %, 74305 MiB, 143771 MiB
2026/08/06 03:43:53.317, NVIDIA H200, 35, 100 %, 36 %, 74305 MiB, 143771 MiB
2026/08/06 03:43:56.318, NVIDIA H200, 44, 100 %, 38 %, 74305 MiB, 143771 MiB
2026/08/06 03:43:59.319, NVIDIA H200, 46, 99 %, 36 %, 74305 MiB, 143771 MiB
2026/08/06 03:44:02.319, NVIDIA H200, 46, 100 %, 40 %, 74305 MiB, 143771 MiB
2026/08/06 03:44:05.320, NVIDIA H200, 48, 100 %, 50 %, 74305 MiB, 143771 MiB
2026/08/06 03:44:08.320, NVIDIA H200, 29, 0 %, 0 %, 74305 MiB, 143771 MiB
2026/08/06 03:44:11.321, NVIDIA H200, 25, 0 %, 0 %, 74305 MiB, 143771 MiB
2026/08/06 03:44:14.322, NVIDIA H200, 24, 0 %, 0 %, 74305 MiB, 143771 MiB
2026/08/06 03:44:17.322, NVIDIA H200, 32, 0 %, 0 %, 74305 MiB, 143771 MiB
2026/08/06 03:44:20.323, NVIDIA H200, 27, 0 %, 0 %, 74305 MiB, 143771 MiB
2026/08/06 03:44:23.323, NVIDIA H200, 24, 0 %, 0 %, 74305 MiB, 143771 MiB
2026/08/06 03:44:26.324, NVIDIA H200, 31, 26 %, 15 %, 74305 MiB, 143771 MiB
2026/08/06 03:44:29.325, NVIDIA H200, 47, 100 %, 41 %, 74305 MiB, 143771 MiB
2026/08/06 03:44:32.325, NVIDIA H200, 34, 0 %, 0 %, 74305 MiB, 143771 MiB
2026/08/06 03:44:35.326, NVIDIA H200, 46, 100 %, 31 %, 74305 MiB, 143771 MiB
2026/08/06 03:44:38.327, NVIDIA H200, 48, 99 %, 38 %, 74305 MiB, 143771 MiB
2026/08/06 03:44:41.327, NVIDIA H200, 48, 100 %, 50 %, 74305 MiB, 143771 MiB
2026/08/06 03:44:44.328, NVIDIA H200, 46, 100 %, 50 %, 74305 MiB, 143771 MiB
2026/08/06 03:44:47.328, NVIDIA H200, 46, 97 %, 56 %, 74305 MiB, 143771 MiB
2026/08/06 03:44:50.329, NVIDIA H200, 46, 100 %, 40 %, 74305 MiB, 143771 MiB
2026/08/06 03:44:53.329, NVIDIA H200, 47, 100 %, 39 %, 74305 MiB, 143771 MiB
2026/08/06 03:44:56.330, NVIDIA H200, 47, 100 %, 39 %, 74305 MiB, 143771 MiB
2026/08/06 03:44:59.331, NVIDIA H200, 46, 100 %, 43 %, 74305 MiB, 143771 MiB
2026/08/06 03:45:02.331, NVIDIA H200, 45, 100 %, 43 %, 74305 MiB, 143771 MiB
2026/08/06 03:45:05.332, NVIDIA H200, 45, 100 %, 46 %, 74305 MiB, 143771 MiB
2026/08/06 03:45:08.332, NVIDIA H200, 45, 100 %, 49 %, 74305 MiB, 143771 MiB
2026/08/06 03:45:11.333, NVIDIA H200, 46, 100 %, 40 %, 74305 MiB, 143771 MiB
2026/08/06 03:45:14.334, NVIDIA H200, 44, 97 %, 49 %, 74305 MiB, 143771 MiB
2026/08/06 03:45:17.334, NVIDIA H200, 46, 100 %, 46 %, 74305 MiB, 143771 MiB
2026/08/06 03:45:20.335, NVIDIA H200, 44, 100 %, 51 %, 74305 MiB, 143771 MiB
2026/08/06 03:45:23.336, NVIDIA H200, 45, 96 %, 55 %, 74305 MiB, 143771 MiB
2026/08/06 03:45:26.336, NVIDIA H200, 49, 100 %, 41 %, 74305 MiB, 143771 MiB
2026/08/06 03:45:29.337, NVIDIA H200, 47, 97 %, 52 %, 74305 MiB, 143771 MiB
2026/08/06 03:45:32.337, NVIDIA H200, 48, 100 %, 50 %, 74305 MiB, 143771 MiB
2026/08/06 03:45:35.338, NVIDIA H200, 47, 100 %, 51 %, 74305 MiB, 143771 MiB
2026/08/06 03:45:38.338, NVIDIA H200, 35, 0 %, 0 %, 74305 MiB, 143771 MiB
2026/08/06 03:45:41.339, NVIDIA H200, 45, 62 %, 19 %, 74305 MiB, 143771 MiB
2026/08/06 03:45:44.340, NVIDIA H200, 48, 100 %, 46 %, 74305 MiB, 143771 MiB
2026/08/06 03:45:47.340, NVIDIA H200, 48, 100 %, 33 %, 74305 MiB, 143771 MiB
2026/08/06 03:45:50.341, NVIDIA H200, 26, 0 %, 0 %, 74305 MiB, 143771 MiB
2026/08/06 03:45:53.342, NVIDIA H200, 25, 0 %, 0 %, 74305 MiB, 143771 MiB
2026/08/06 03:45:56.342, NVIDIA H200, 29, 0 %, 0 %, 74305 MiB, 143771 MiB
2026/08/06 03:45:59.343, NVIDIA H200, 38, 70 %, 29 %, 74305 MiB, 143771 MiB
2026/08/06 03:46:02.343, NVIDIA H200, 25, 0 %, 0 %, 74305 MiB, 143771 MiB
2026/08/06 03:46:05.344, NVIDIA H200, 43, 97 %, 34 %, 74305 MiB, 143771 MiB
2026/08/06 03:46:08.345, NVIDIA H200, 44, 100 %, 45 %, 74305 MiB, 143771 MiB
2026/08/06 03:46:11.345, NVIDIA H200, 41, 96 %, 50 %, 74305 MiB, 143771 MiB
2026/08/06 03:46:14.346, NVIDIA H200, 45, 100 %, 40 %, 74305 MiB, 143771 MiB
2026/08/06 03:46:17.347, NVIDIA H200, 45, 100 %, 41 %, 74305 MiB, 143771 MiB
2026/08/06 03:46:20.347, NVIDIA H200, 36, 98 %, 51 %, 74305 MiB, 143771 MiB
2026/08/06 03:46:23.348, NVIDIA H200, 46, 97 %, 58 %, 74305 MiB, 143771 MiB
2026/08/06 03:46:26.348, NVIDIA H200, 47, 100 %, 42 %, 74305 MiB, 143771 MiB
2026/08/06 03:46:29.349, NVIDIA H200, 45, 100 %, 47 %, 74305 MiB, 143771 MiB
2026/08/06 03:46:32.350, NVIDIA H200, 46, 100 %, 46 %, 74305 MiB, 143771 MiB
2026/08/06 03:46:35.350, NVIDIA H200, 46, 100 %, 52 %, 74305 MiB, 143771 MiB
2026/08/06 03:46:38.351, NVIDIA H200, 46, 100 %, 50 %, 74305 MiB, 143771 MiB
2026/08/06 03:46:41.352, NVIDIA H200, 50, 100 %, 37 %, 74305 MiB, 143771 MiB
2026/08/06 03:46:44.352, NVIDIA H200, 47, 100 %, 52 %, 74305 MiB, 143771 MiB
2026/08/06 03:46:47.353, NVIDIA H200, 45, 100 %, 49 %, 74305 MiB, 143771 MiB
2026/08/06 03:46:50.353, NVIDIA H200, 49, 100 %, 33 %, 74305 MiB, 143771 MiB
2026/08/06 03:46:53.354, NVIDIA H200, 45, 100 %, 45 %, 74305 MiB, 143771 MiB
2026/08/06 03:46:56.354, NVIDIA H200, 47, 100 %, 42 %, 74305 MiB, 143771 MiB
2026/08/06 03:46:59.355, NVIDIA H200, 45, 72 %, 36 %, 74305 MiB, 143771 MiB
2026/08/06 03:47:02.356, NVIDIA H200, 48, 100 %, 38 %, 74305 MiB, 143771 MiB
2026/08/06 03:47:05.356, NVIDIA H200, 48, 100 %, 46 %, 74305 MiB, 143771 MiB
2026/08/06 03:47:08.357, NVIDIA H200, 49, 100 %, 36 %, 74305 MiB, 143771 MiB
2026/08/06 03:47:11.358, NVIDIA H200, 41, 100 %, 43 %, 74305 MiB, 143771 MiB
2026/08/06 03:47:14.358, NVIDIA H200, 45, 100 %, 47 %, 74305 MiB, 143771 MiB
2026/08/06 03:47:17.359, NVIDIA H200, 47, 100 %, 54 %, 74305 MiB, 143771 MiB
2026/08/06 03:47:20.359, NVIDIA H200, 48, 100 %, 39 %, 74305 MiB, 143771 MiB
2026/08/06 03:47:23.360, NVIDIA H200, 46, 97 %, 57 %, 74305 MiB, 143771 MiB
2026/08/06 03:47:26.361, NVIDIA H200, 28, 0 %, 0 %, 74305 MiB, 143771 MiB
2026/08/06 03:47:29.361, NVIDIA H200, 27, 0 %, 0 %, 74305 MiB, 143771 MiB
2026/08/06 03:47:32.362, NVIDIA H200, 25, 0 %, 0 %, 74305 MiB, 143771 MiB
2026/08/06 03:47:35.363, NVIDIA H200, 25, 0 %, 0 %, 74305 MiB, 143771 MiB
2026/08/06 03:47:38.363, NVIDIA H200, 27, 0 %, 0 %, 74305 MiB, 143771 MiB
2026/08/06 03:47:41.364, NVIDIA H200, 24, 0 %, 0 %, 74305 MiB, 143771 MiB
2026/08/06 03:47:44.365, NVIDIA H200, 25, 0 %, 0 %, 74305 MiB, 143771 MiB
2026/08/06 03:47:47.366, NVIDIA H200, 46, 100 %, 43 %, 74305 MiB, 143771 MiB
2026/08/06 03:47:50.366, NVIDIA H200, 46, 100 %, 41 %, 74305 MiB, 143771 MiB
2026/08/06 03:47:53.367, NVIDIA H200, 46, 100 %, 45 %, 74305 MiB, 143771 MiB
2026/08/06 03:47:56.367, NVIDIA H200, 39, 10 %, 2 %, 74305 MiB, 143771 MiB
2026/08/06 03:47:59.368, NVIDIA H200, 48, 100 %, 41 %, 74305 MiB, 143771 MiB
2026/08/06 03:48:02.368, NVIDIA H200, 44, 98 %, 29 %, 74305 MiB, 143771 MiB
2026/08/06 03:48:05.369, NVIDIA H200, 43, 100 %, 52 %, 74305 MiB, 143771 MiB
2026/08/06 03:48:08.370, NVIDIA H200, 46, 100 %, 44 %, 74305 MiB, 143771 MiB
2026/08/06 03:48:11.370, NVIDIA H200, 44, 96 %, 48 %, 74305 MiB, 143771 MiB
2026/08/06 03:48:14.371, NVIDIA H200, 47, 100 %, 39 %, 74305 MiB, 143771 MiB
2026/08/06 03:48:17.372, NVIDIA H200, 46, 100 %, 49 %, 74305 MiB, 143771 MiB
2026/08/06 03:48:20.372, NVIDIA H200, 45, 100 %, 49 %, 74305 MiB, 143771 MiB
2026/08/06 03:48:23.373, NVIDIA H200, 38, 53 %, 27 %, 74305 MiB, 143771 MiB
2026/08/06 03:48:26.374, NVIDIA H200, 49, 100 %, 40 %, 74305 MiB, 143771 MiB
2026/08/06 03:48:29.374, NVIDIA H200, 36, 0 %, 0 %, 74305 MiB, 143771 MiB
2026/08/06 03:48:32.375, NVIDIA H200, 45, 97 %, 50 %, 74305 MiB, 143771 MiB
2026/08/06 03:48:35.375, NVIDIA H200, 46, 100 %, 37 %, 74305 MiB, 143771 MiB
2026/08/06 03:48:38.376, NVIDIA H200, 47, 100 %, 37 %, 74305 MiB, 143771 MiB
2026/08/06 03:48:41.376, NVIDIA H200, 51, 100 %, 45 %, 74305 MiB, 143771 MiB
2026/08/06 03:48:44.377, NVIDIA H200, 44, 100 %, 42 %, 74305 MiB, 143771 MiB
2026/08/06 03:48:47.378, NVIDIA H200, 45, 100 %, 39 %, 74305 MiB, 143771 MiB
2026/08/06 03:48:50.378, NVIDIA H200, 46, 100 %, 41 %, 74305 MiB, 143771 MiB
2026/08/06 03:48:53.379, NVIDIA H200, 46, 100 %, 36 %, 74305 MiB, 143771 MiB
2026/08/06 03:48:56.379, NVIDIA H200, 49, 90 %, 32 %, 74305 MiB, 143771 MiB
2026/08/06 03:48:59.380, NVIDIA H200, 46, 97 %, 57 %, 74305 MiB, 143771 MiB
2026/08/06 03:49:02.381, NVIDIA H200, 48, 98 %, 29 %, 74305 MiB, 143771 MiB
2026/08/06 03:49:05.382, NVIDIA H200, 32, 0 %, 0 %, 74305 MiB, 143771 MiB
2026/08/06 03:49:08.382, NVIDIA H200, 25, 0 %, 0 %, 74305 MiB, 143771 MiB
2026/08/06 03:49:11.383, NVIDIA H200, 24, 0 %, 0 %, 74305 MiB, 143771 MiB
2026/08/06 03:49:14.383, NVIDIA H200, 29, 0 %, 0 %, 74305 MiB, 143771 MiB
2026/08/06 03:49:17.384, NVIDIA H200, 30, 0 %, 0 %, 74305 MiB, 143771 MiB
2026/08/06 03:49:20.384, NVIDIA H200, 24, 0 %, 0 %, 74305 MiB, 143771 MiB
2026/08/06 03:49:23.385, NVIDIA H200, 24, 0 %, 0 %, 74305 MiB, 143771 MiB
2026/08/06 03:49:26.386, NVIDIA H200, 24, 0 %, 0 %, 74305 MiB, 143771 MiB
2026/08/06 03:49:29.386, NVIDIA H200, 24, 0 %, 0 %, 74305 MiB, 143771 MiB
2026/08/06 03:49:32.387, NVIDIA H200, 42, 100 %, 40 %, 74305 MiB, 143771 MiB
2026/08/06 03:49:35.387, NVIDIA H200, 45, 97 %, 25 %, 74305 MiB, 143771 MiB
2026/08/06 03:49:38.388, NVIDIA H200, 47, 100 %, 41 %, 74305 MiB, 143771 MiB
2026/08/06 03:49:41.389, NVIDIA H200, 47, 98 %, 50 %, 74305 MiB, 143771 MiB
2026/08/06 03:49:44.389, NVIDIA H200, 38, 100 %, 42 %, 74305 MiB, 143771 MiB
2026/08/06 03:49:47.390, NVIDIA H200, 46, 100 %, 50 %, 74305 MiB, 143771 MiB
2026/08/06 03:49:50.390, NVIDIA H200, 48, 100 %, 30 %, 74305 MiB, 143771 MiB
2026/08/06 03:49:53.391, NVIDIA H200, 47, 100 %, 37 %, 74305 MiB, 143771 MiB
2026/08/06 03:49:56.392, NVIDIA H200, 47, 96 %, 52 %, 74305 MiB, 143771 MiB
2026/08/06 03:49:59.392, NVIDIA H200, 43, 100 %, 45 %, 74305 MiB, 143771 MiB
2026/08/06 03:50:02.393, NVIDIA H200, 46, 93 %, 49 %, 74305 MiB, 143771 MiB
2026/08/06 03:50:05.393, NVIDIA H200, 49, 100 %, 42 %, 74305 MiB, 143771 MiB
2026/08/06 03:50:08.394, NVIDIA H200, 48, 100 %, 41 %, 74305 MiB, 143771 MiB
2026/08/06 03:50:11.395, NVIDIA H200, 40, 45 %, 22 %, 74305 MiB, 143771 MiB
2026/08/06 03:50:14.395, NVIDIA H200, 48, 100 %, 43 %, 74305 MiB, 143771 MiB
2026/08/06 03:50:17.396, NVIDIA H200, 46, 100 %, 49 %, 74305 MiB, 143771 MiB
2026/08/06 03:50:20.396, NVIDIA H200, 47, 100 %, 34 %, 74305 MiB, 143771 MiB
2026/08/06 03:50:23.397, NVIDIA H200, 49, 100 %, 43 %, 74305 MiB, 143771 MiB
2026/08/06 03:50:26.397, NVIDIA H200, 47, 97 %, 52 %, 74305 MiB, 143771 MiB
2026/08/06 03:50:29.398, NVIDIA H200, 45, 82 %, 40 %, 74305 MiB, 143771 MiB
2026/08/06 03:50:32.398, NVIDIA H200, 41, 100 %, 43 %, 74305 MiB, 143771 MiB
2026/08/06 03:50:35.399, NVIDIA H200, 45, 44 %, 8 %, 74305 MiB, 143771 MiB
2026/08/06 03:50:38.399, NVIDIA H200, 50, 100 %, 44 %, 74305 MiB, 143771 MiB
2026/08/06 03:50:41.400, NVIDIA H200, 48, 100 %, 38 %, 74305 MiB, 143771 MiB
2026/08/06 03:50:44.401, NVIDIA H200, 43, 100 %, 45 %, 74305 MiB, 143771 MiB
2026/08/06 03:50:47.401, NVIDIA H200, 49, 100 %, 30 %, 74305 MiB, 143771 MiB
2026/08/06 03:50:50.402, NVIDIA H200, 44, 97 %, 42 %, 74305 MiB, 143771 MiB
2026/08/06 03:50:53.402, NVIDIA H200, 25, 0 %, 0 %, 74305 MiB, 143771 MiB
2026/08/06 03:50:56.403, NVIDIA H200, 25, 0 %, 0 %, 74305 MiB, 143771 MiB
2026/08/06 03:50:59.404, NVIDIA H200, 31, 20 %, 12 %, 74305 MiB, 143771 MiB
2026/08/06 03:51:02.404, NVIDIA H200, 33, 88 %, 37 %, 74305 MiB, 143771 MiB
2026/08/06 03:51:05.405, NVIDIA H200, 24, 0 %, 0 %, 74305 MiB, 143771 MiB
2026/08/06 03:51:08.405, NVIDIA H200, 24, 0 %, 0 %, 74305 MiB, 143771 MiB
2026/08/06 03:51:11.406, NVIDIA H200, 44, 100 %, 29 %, 74305 MiB, 143771 MiB
2026/08/06 03:51:14.407, NVIDIA H200, 41, 100 %, 43 %, 74305 MiB, 143771 MiB
2026/08/06 03:51:17.408, NVIDIA H200, 44, 0 %, 0 %, 74305 MiB, 143771 MiB
2026/08/06 03:51:20.408, NVIDIA H200, 48, 100 %, 40 %, 74305 MiB, 143771 MiB
2026/08/06 03:51:23.409, NVIDIA H200, 36, 86 %, 46 %, 74305 MiB, 143771 MiB
2026/08/06 03:51:26.409, NVIDIA H200, 45, 98 %, 51 %, 74305 MiB, 143771 MiB
2026/08/06 03:51:29.410, NVIDIA H200, 41, 100 %, 43 %, 74305 MiB, 143771 MiB
2026/08/06 03:51:32.411, NVIDIA H200, 42, 100 %, 44 %, 74305 MiB, 143771 MiB
2026/08/06 03:51:35.411, NVIDIA H200, 46, 97 %, 37 %, 74305 MiB, 143771 MiB
2026/08/06 03:51:38.412, NVIDIA H200, 46, 96 %, 50 %, 74305 MiB, 143771 MiB
2026/08/06 03:51:41.412, NVIDIA H200, 39, 100 %, 43 %, 74305 MiB, 143771 MiB
2026/08/06 03:51:44.413, NVIDIA H200, 41, 100 %, 44 %, 74305 MiB, 143771 MiB
2026/08/06 03:51:47.414, NVIDIA H200, 40, 98 %, 36 %, 74305 MiB, 143771 MiB
2026/08/06 03:51:50.414, NVIDIA H200, 43, 100 %, 51 %, 74305 MiB, 143771 MiB
2026/08/06 03:51:53.415, NVIDIA H200, 41, 100 %, 43 %, 74305 MiB, 143771 MiB
2026/08/06 03:51:56.416, NVIDIA H200, 46, 98 %, 46 %, 74305 MiB, 143771 MiB
2026/08/06 03:51:59.416, NVIDIA H200, 47, 98 %, 33 %, 74305 MiB, 143771 MiB
2026/08/06 03:52:02.417, NVIDIA H200, 49, 100 %, 44 %, 74305 MiB, 143771 MiB
2026/08/06 03:52:05.417, NVIDIA H200, 46, 100 %, 50 %, 74305 MiB, 143771 MiB
2026/08/06 03:52:08.418, NVIDIA H200, 49, 100 %, 41 %, 74305 MiB, 143771 MiB
2026/08/06 03:52:11.418, NVIDIA H200, 45, 100 %, 49 %, 74305 MiB, 143771 MiB
2026/08/06 03:52:14.419, NVIDIA H200, 46, 100 %, 44 %, 74305 MiB, 143771 MiB
2026/08/06 03:52:17.420, NVIDIA H200, 45, 97 %, 50 %, 74305 MiB, 143771 MiB
2026/08/06 03:52:20.421, NVIDIA H200, 46, 100 %, 42 %, 74305 MiB, 143771 MiB
2026/08/06 03:52:23.421, NVIDIA H200, 46, 100 %, 45 %, 74305 MiB, 143771 MiB
2026/08/06 03:52:26.422, NVIDIA H200, 47, 97 %, 45 %, 74305 MiB, 143771 MiB
2026/08/06 03:52:29.422, NVIDIA H200, 47, 100 %, 44 %, 74305 MiB, 143771 MiB
2026/08/06 03:52:32.423, NVIDIA H200, 26, 0 %, 0 %, 74305 MiB, 143771 MiB
2026/08/06 03:52:35.423, NVIDIA H200, 32, 28 %, 0 %, 74305 MiB, 143771 MiB
2026/08/06 03:52:38.424, NVIDIA H200, 27, 0 %, 0 %, 74305 MiB, 143771 MiB
2026/08/06 03:52:41.425, NVIDIA H200, 40, 100 %, 50 %, 74305 MiB, 143771 MiB
2026/08/06 03:52:44.425, NVIDIA H200, 24, 0 %, 0 %, 74305 MiB, 143771 MiB
2026/08/06 03:52:47.426, NVIDIA H200, 42, 100 %, 40 %, 74305 MiB, 143771 MiB
2026/08/06 03:52:50.427, NVIDIA H200, 35, 15 %, 12 %, 74305 MiB, 143771 MiB
2026/08/06 03:52:53.427, NVIDIA H200, 46, 100 %, 37 %, 74305 MiB, 143771 MiB
2026/08/06 03:52:56.428, NVIDIA H200, 41, 100 %, 45 %, 74305 MiB, 143771 MiB
2026/08/06 03:52:59.428, NVIDIA H200, 44, 100 %, 50 %, 74305 MiB, 143771 MiB
2026/08/06 03:53:02.429, NVIDIA H200, 44, 100 %, 44 %, 74305 MiB, 143771 MiB
2026/08/06 03:53:05.429, NVIDIA H200, 48, 100 %, 39 %, 74305 MiB, 143771 MiB
2026/08/06 03:53:08.430, NVIDIA H200, 37, 49 %, 20 %, 74305 MiB, 143771 MiB
2026/08/06 03:53:11.431, NVIDIA H200, 45, 96 %, 58 %, 74305 MiB, 143771 MiB
2026/08/06 03:53:14.431, NVIDIA H200, 45, 100 %, 40 %, 74305 MiB, 143771 MiB
2026/08/06 03:53:17.432, NVIDIA H200, 50, 100 %, 34 %, 74305 MiB, 143771 MiB
2026/08/06 03:53:20.432, NVIDIA H200, 47, 100 %, 45 %, 74305 MiB, 143771 MiB
2026/08/06 03:53:23.433, NVIDIA H200, 46, 100 %, 49 %, 74305 MiB, 143771 MiB
2026/08/06 03:53:26.434, NVIDIA H200, 47, 78 %, 28 %, 74305 MiB, 143771 MiB
2026/08/06 03:53:29.435, NVIDIA H200, 46, 100 %, 50 %, 74305 MiB, 143771 MiB
2026/08/06 03:53:32.435, NVIDIA H200, 46, 100 %, 53 %, 74305 MiB, 143771 MiB
2026/08/06 03:53:35.436, NVIDIA H200, 48, 100 %, 45 %, 74305 MiB, 143771 MiB
2026/08/06 03:53:38.437, NVIDIA H200, 45, 100 %, 53 %, 74305 MiB, 143771 MiB
2026/08/06 03:53:41.437, NVIDIA H200, 46, 100 %, 30 %, 74305 MiB, 143771 MiB
2026/08/06 03:53:44.438, NVIDIA H200, 49, 100 %, 39 %, 74305 MiB, 143771 MiB
2026/08/06 03:53:47.439, NVIDIA H200, 45, 100 %, 42 %, 74305 MiB, 143771 MiB
2026/08/06 03:53:50.439, NVIDIA H200, 45, 96 %, 35 %, 74305 MiB, 143771 MiB
2026/08/06 03:53:53.440, NVIDIA H200, 46, 100 %, 41 %, 74305 MiB, 143771 MiB
2026/08/06 03:53:56.440, NVIDIA H200, 46, 96 %, 57 %, 74305 MiB, 143771 MiB
2026/08/06 03:53:59.441, NVIDIA H200, 45, 100 %, 44 %, 74305 MiB, 143771 MiB
2026/08/06 03:54:02.442, NVIDIA H200, 47, 99 %, 47 %, 74305 MiB, 143771 MiB
2026/08/06 03:54:05.442, NVIDIA H200, 48, 97 %, 46 %, 74305 MiB, 143771 MiB
2026/08/06 03:54:08.443, NVIDIA H200, 25, 0 %, 0 %, 74305 MiB, 143771 MiB
2026/08/06 03:54:11.443, NVIDIA H200, 27, 0 %, 0 %, 74305 MiB, 143771 MiB
2026/08/06 03:54:14.444, NVIDIA H200, 40, 100 %, 49 %, 74305 MiB, 143771 MiB
2026/08/06 03:54:17.444, NVIDIA H200, 27, 0 %, 0 %, 74305 MiB, 143771 MiB
2026/08/06 03:54:20.445, NVIDIA H200, 24, 0 %, 0 %, 74305 MiB, 143771 MiB
2026/08/06 03:54:23.446, NVIDIA H200, 26, 0 %, 0 %, 74305 MiB, 143771 MiB
2026/08/06 03:54:26.447, NVIDIA H200, 43, 100 %, 41 %, 74305 MiB, 143771 MiB
2026/08/06 03:54:29.447, NVIDIA H200, 43, 75 %, 24 %, 74305 MiB, 143771 MiB
2026/08/06 03:54:32.448, NVIDIA H200, 46, 100 %, 40 %, 74305 MiB, 143771 MiB
2026/08/06 03:54:35.448, NVIDIA H200, 44, 100 %, 46 %, 74305 MiB, 143771 MiB
2026/08/06 03:54:38.449, NVIDIA H200, 47, 100 %, 41 %, 74305 MiB, 143771 MiB
2026/08/06 03:54:41.449, NVIDIA H200, 44, 100 %, 56 %, 74305 MiB, 143771 MiB
2026/08/06 03:54:44.450, NVIDIA H200, 46, 100 %, 50 %, 74305 MiB, 143771 MiB
2026/08/06 03:54:47.450, NVIDIA H200, 49, 100 %, 40 %, 74305 MiB, 143771 MiB
2026/08/06 03:54:50.451, NVIDIA H200, 45, 49 %, 15 %, 74305 MiB, 143771 MiB
2026/08/06 03:54:53.452, NVIDIA H200, 46, 100 %, 42 %, 74305 MiB, 143771 MiB
2026/08/06 03:54:56.452, NVIDIA H200, 45, 100 %, 48 %, 74305 MiB, 143771 MiB
2026/08/06 03:54:59.453, NVIDIA H200, 40, 100 %, 44 %, 74305 MiB, 143771 MiB
2026/08/06 03:55:02.454, NVIDIA H200, 39, 100 %, 42 %, 74305 MiB, 143771 MiB
2026/08/06 03:55:05.454, NVIDIA H200, 46, 100 %, 48 %, 74305 MiB, 143771 MiB
2026/08/06 03:55:08.455, NVIDIA H200, 47, 98 %, 47 %, 74305 MiB, 143771 MiB
2026/08/06 03:55:11.455, NVIDIA H200, 48, 100 %, 42 %, 74305 MiB, 143771 MiB
2026/08/06 03:55:14.456, NVIDIA H200, 47, 100 %, 38 %, 74305 MiB, 143771 MiB
2026/08/06 03:55:17.457, NVIDIA H200, 43, 100 %, 54 %, 74305 MiB, 143771 MiB
2026/08/06 03:55:20.457, NVIDIA H200, 43, 100 %, 45 %, 74305 MiB, 143771 MiB
2026/08/06 03:55:23.458, NVIDIA H200, 44, 66 %, 18 %, 74305 MiB, 143771 MiB
2026/08/06 03:55:26.458, NVIDIA H200, 44, 100 %, 49 %, 74305 MiB, 143771 MiB
2026/08/06 03:55:29.459, NVIDIA H200, 45, 100 %, 55 %, 74305 MiB, 143771 MiB
2026/08/06 03:55:32.460, NVIDIA H200, 46, 100 %, 45 %, 74305 MiB, 143771 MiB
2026/08/06 03:55:35.460, NVIDIA H200, 46, 43 %, 8 %, 74305 MiB, 143771 MiB
2026/08/06 03:55:38.461, NVIDIA H200, 40, 99 %, 35 %, 74305 MiB, 143771 MiB
2026/08/06 03:55:41.461, NVIDIA H200, 46, 97 %, 58 %, 74305 MiB, 143771 MiB
2026/08/06 03:55:44.462, NVIDIA H200, 48, 99 %, 32 %, 74305 MiB, 143771 MiB
2026/08/06 03:55:47.462, NVIDIA H200, 28, 0 %, 0 %, 74305 MiB, 143771 MiB
2026/08/06 03:55:50.463, NVIDIA H200, 25, 0 %, 0 %, 74305 MiB, 143771 MiB
2026/08/06 03:55:53.464, NVIDIA H200, 25, 0 %, 0 %, 74305 MiB, 143771 MiB
2026/08/06 03:55:56.464, NVIDIA H200, 31, 95 %, 50 %, 74305 MiB, 143771 MiB
2026/08/06 03:55:59.465, NVIDIA H200, 26, 0 %, 0 %, 74305 MiB, 143771 MiB
2026/08/06 03:56:02.466, NVIDIA H200, 24, 0 %, 0 %, 74305 MiB, 143771 MiB
2026/08/06 03:56:05.466, NVIDIA H200, 42, 100 %, 45 %, 74305 MiB, 143771 MiB
2026/08/06 03:56:08.467, NVIDIA H200, 45, 100 %, 42 %, 74305 MiB, 143771 MiB
2026/08/06 03:56:11.467, NVIDIA H200, 45, 97 %, 50 %, 74305 MiB, 143771 MiB
2026/08/06 03:56:14.468, NVIDIA H200, 49, 100 %, 41 %, 74305 MiB, 143771 MiB
2026/08/06 03:56:17.469, NVIDIA H200, 46, 97 %, 53 %, 74305 MiB, 143771 MiB
2026/08/06 03:56:20.469, NVIDIA H200, 44, 100 %, 44 %, 74305 MiB, 143771 MiB
2026/08/06 03:56:23.470, NVIDIA H200, 45, 97 %, 55 %, 74305 MiB, 143771 MiB
2026/08/06 03:56:26.471, NVIDIA H200, 47, 100 %, 41 %, 74305 MiB, 143771 MiB
2026/08/06 03:56:29.471, NVIDIA H200, 43, 100 %, 44 %, 74305 MiB, 143771 MiB
2026/08/06 03:56:32.472, NVIDIA H200, 47, 100 %, 41 %, 74305 MiB, 143771 MiB
2026/08/06 03:56:35.472, NVIDIA H200, 47, 74 %, 37 %, 74305 MiB, 143771 MiB
2026/08/06 03:56:38.473, NVIDIA H200, 47, 100 %, 39 %, 74305 MiB, 143771 MiB
2026/08/06 03:56:41.474, NVIDIA H200, 44, 100 %, 50 %, 74305 MiB, 143771 MiB
2026/08/06 03:56:44.474, NVIDIA H200, 45, 100 %, 47 %, 74305 MiB, 143771 MiB
2026/08/06 03:56:47.475, NVIDIA H200, 49, 100 %, 42 %, 74305 MiB, 143771 MiB
2026/08/06 03:56:50.475, NVIDIA H200, 46, 96 %, 50 %, 74305 MiB, 143771 MiB
2026/08/06 03:56:53.476, NVIDIA H200, 42, 100 %, 30 %, 74305 MiB, 143771 MiB
2026/08/06 03:56:56.476, NVIDIA H200, 45, 97 %, 37 %, 74305 MiB, 143771 MiB
2026/08/06 03:56:59.477, NVIDIA H200, 45, 97 %, 34 %, 74305 MiB, 143771 MiB
2026/08/06 03:57:02.478, NVIDIA H200, 46, 100 %, 48 %, 74305 MiB, 143771 MiB
2026/08/06 03:57:05.478, NVIDIA H200, 47, 59 %, 21 %, 74305 MiB, 143771 MiB
2026/08/06 03:57:08.479, NVIDIA H200, 39, 0 %, 0 %, 74305 MiB, 143771 MiB
2026/08/06 03:57:11.479, NVIDIA H200, 45, 98 %, 36 %, 74305 MiB, 143771 MiB
2026/08/06 03:57:14.480, NVIDIA H200, 44, 98 %, 46 %, 74305 MiB, 143771 MiB
2026/08/06 03:57:17.480, NVIDIA H200, 46, 100 %, 41 %, 74305 MiB, 143771 MiB
2026/08/06 03:57:20.481, NVIDIA H200, 47, 100 %, 47 %, 74305 MiB, 143771 MiB
2026/08/06 03:57:23.481, NVIDIA H200, 47, 100 %, 50 %, 74305 MiB, 143771 MiB
2026/08/06 03:57:26.482, NVIDIA H200, 28, 0 %, 0 %, 74305 MiB, 143771 MiB
2026/08/06 03:57:29.482, NVIDIA H200, 25, 0 %, 0 %, 74305 MiB, 143771 MiB
2026/08/06 03:57:32.483, NVIDIA H200, 30, 0 %, 0 %, 74305 MiB, 143771 MiB
2026/08/06 03:57:35.484, NVIDIA H200, 27, 0 %, 0 %, 74305 MiB, 143771 MiB
2026/08/06 03:57:38.485, NVIDIA H200, 26, 0 %, 0 %, 74305 MiB, 143771 MiB
2026/08/06 03:57:41.485, NVIDIA H200, 24, 0 %, 0 %, 74305 MiB, 143771 MiB
2026/08/06 03:57:44.486, NVIDIA H200, 24, 0 %, 0 %, 74305 MiB, 143771 MiB
2026/08/06 03:57:47.487, NVIDIA H200, 23, 0 %, 0 %, 74305 MiB, 143771 MiB
2026/08/06 03:57:50.487, NVIDIA H200, 23, 0 %, 0 %, 74305 MiB, 143771 MiB
2026/08/06 03:57:53.488, NVIDIA H200, 40, 100 %, 31 %, 74305 MiB, 143771 MiB
2026/08/06 03:57:56.489, NVIDIA H200, 43, 100 %, 47 %, 74305 MiB, 143771 MiB
2026/08/06 03:57:59.489, NVIDIA H200, 49, 100 %, 42 %, 74305 MiB, 143771 MiB
2026/08/06 03:58:02.490, NVIDIA H200, 43, 100 %, 47 %, 74305 MiB, 143771 MiB
2026/08/06 03:58:05.491, NVIDIA H200, 45, 100 %, 41 %, 74305 MiB, 143771 MiB
2026/08/06 03:58:08.491, NVIDIA H200, 45, 100 %, 39 %, 74305 MiB, 143771 MiB
2026/08/06 03:58:11.492, NVIDIA H200, 44, 98 %, 29 %, 74305 MiB, 143771 MiB
2026/08/06 03:58:14.492, NVIDIA H200, 43, 100 %, 37 %, 74305 MiB, 143771 MiB
2026/08/06 03:58:17.493, NVIDIA H200, 42, 100 %, 30 %, 74305 MiB, 143771 MiB
2026/08/06 03:58:20.494, NVIDIA H200, 45, 100 %, 43 %, 74305 MiB, 143771 MiB
2026/08/06 03:58:23.495, NVIDIA H200, 47, 97 %, 32 %, 74305 MiB, 143771 MiB
2026/08/06 03:58:26.495, NVIDIA H200, 36, 25 %, 15 %, 74305 MiB, 143771 MiB
2026/08/06 03:58:29.496, NVIDIA H200, 47, 98 %, 44 %, 74305 MiB, 143771 MiB
2026/08/06 03:58:32.497, NVIDIA H200, 46, 100 %, 41 %, 74305 MiB, 143771 MiB
2026/08/06 03:58:35.498, NVIDIA H200, 43, 100 %, 42 %, 74305 MiB, 143771 MiB
2026/08/06 03:58:38.498, NVIDIA H200, 35, 0 %, 0 %, 74305 MiB, 143771 MiB
2026/08/06 03:58:41.499, NVIDIA H200, 47, 99 %, 47 %, 74305 MiB, 143771 MiB
2026/08/06 03:58:44.499, NVIDIA H200, 46, 100 %, 44 %, 74305 MiB, 143771 MiB
2026/08/06 03:58:47.500, NVIDIA H200, 39, 21 %, 0 %, 74305 MiB, 143771 MiB
2026/08/06 03:58:50.501, NVIDIA H200, 43, 73 %, 35 %, 74305 MiB, 143771 MiB
2026/08/06 03:58:53.501, NVIDIA H200, 49, 100 %, 42 %, 74305 MiB, 143771 MiB
2026/08/06 03:58:56.502, NVIDIA H200, 44, 100 %, 52 %, 74305 MiB, 143771 MiB
2026/08/06 03:58:59.503, NVIDIA H200, 45, 100 %, 55 %, 74305 MiB, 143771 MiB
2026/08/06 03:59:02.503, NVIDIA H200, 49, 100 %, 40 %, 74305 MiB, 143771 MiB
2026/08/06 03:59:05.504, NVIDIA H200, 46, 98 %, 50 %, 74305 MiB, 143771 MiB
2026/08/06 03:59:08.504, NVIDIA H200, 48, 98 %, 32 %, 74305 MiB, 143771 MiB
2026/08/06 03:59:11.505, NVIDIA H200, 47, 100 %, 44 %, 74305 MiB, 143771 MiB
2026/08/06 03:59:14.506, NVIDIA H200, 26, 0 %, 0 %, 74305 MiB, 143771 MiB
2026/08/06 03:59:17.506, NVIDIA H200, 24, 0 %, 0 %, 74305 MiB, 143771 MiB
2026/08/06 03:59:20.507, NVIDIA H200, 28, 0 %, 0 %, 74305 MiB, 143771 MiB
2026/08/06 03:59:23.508, NVIDIA H200, 35, 100 %, 35 %, 74305 MiB, 143771 MiB
2026/08/06 03:59:26.508, NVIDIA H200, 25, 0 %, 0 %, 74305 MiB, 143771 MiB
2026/08/06 03:59:29.509, NVIDIA H200, 24, 0 %, 0 %, 74305 MiB, 143771 MiB
2026/08/06 03:59:32.510, NVIDIA H200, 40, 100 %, 42 %, 74305 MiB, 143771 MiB
2026/08/06 03:59:35.510, NVIDIA H200, 43, 98 %, 47 %, 74305 MiB, 143771 MiB
2026/08/06 03:59:38.511, NVIDIA H200, 42, 100 %, 46 %, 74305 MiB, 143771 MiB
2026/08/06 03:59:41.511, NVIDIA H200, 44, 97 %, 30 %, 74305 MiB, 143771 MiB
2026/08/06 03:59:44.512, NVIDIA H200, 42, 97 %, 49 %, 74305 MiB, 143771 MiB
2026/08/06 03:59:47.512, NVIDIA H200, 40, 93 %, 44 %, 74305 MiB, 143771 MiB
2026/08/06 03:59:50.513, NVIDIA H200, 39, 74 %, 37 %, 74305 MiB, 143771 MiB
2026/08/06 03:59:53.514, NVIDIA H200, 45, 100 %, 37 %, 74305 MiB, 143771 MiB
2026/08/06 03:59:56.514, NVIDIA H200, 41, 39 %, 8 %, 74305 MiB, 143771 MiB
2026/08/06 03:59:59.515, NVIDIA H200, 46, 100 %, 42 %, 74305 MiB, 143771 MiB
2026/08/06 04:00:02.516, NVIDIA H200, 43, 100 %, 32 %, 74305 MiB, 143771 MiB
2026/08/06 04:00:05.516, NVIDIA H200, 43, 100 %, 44 %, 74305 MiB, 143771 MiB
2026/08/06 04:00:08.517, NVIDIA H200, 47, 100 %, 46 %, 74305 MiB, 143771 MiB
2026/08/06 04:00:11.517, NVIDIA H200, 46, 100 %, 53 %, 74305 MiB, 143771 MiB
2026/08/06 04:00:14.518, NVIDIA H200, 41, 38 %, 24 %, 74305 MiB, 143771 MiB
2026/08/06 04:00:17.518, NVIDIA H200, 42, 100 %, 47 %, 74305 MiB, 143771 MiB
2026/08/06 04:00:20.519, NVIDIA H200, 45, 100 %, 31 %, 74305 MiB, 143771 MiB
2026/08/06 04:00:23.520, NVIDIA H200, 42, 100 %, 47 %, 74305 MiB, 143771 MiB
2026/08/06 04:00:26.520, NVIDIA H200, 47, 98 %, 47 %, 74305 MiB, 143771 MiB
2026/08/06 04:00:29.521, NVIDIA H200, 47, 99 %, 35 %, 74305 MiB, 143771 MiB
2026/08/06 04:00:32.522, NVIDIA H200, 48, 100 %, 45 %, 74305 MiB, 143771 MiB
2026/08/06 04:00:35.522, NVIDIA H200, 44, 99 %, 53 %, 74305 MiB, 143771 MiB
2026/08/06 04:00:38.523, NVIDIA H200, 48, 100 %, 47 %, 74305 MiB, 143771 MiB
2026/08/06 04:00:41.523, NVIDIA H200, 47, 100 %, 48 %, 74305 MiB, 143771 MiB
2026/08/06 04:00:44.524, NVIDIA H200, 47, 100 %, 47 %, 74305 MiB, 143771 MiB
2026/08/06 04:00:47.525, NVIDIA H200, 47, 100 %, 41 %, 74305 MiB, 143771 MiB
2026/08/06 04:00:50.525, NVIDIA H200, 45, 97 %, 54 %, 74305 MiB, 143771 MiB
2026/08/06 04:00:53.526, NVIDIA H200, 27, 0 %, 0 %, 74305 MiB, 143771 MiB
2026/08/06 04:00:56.526, NVIDIA H200, 24, 0 %, 0 %, 74305 MiB, 143771 MiB
2026/08/06 04:00:59.527, NVIDIA H200, 29, 0 %, 0 %, 74305 MiB, 143771 MiB
2026/08/06 04:01:02.528, NVIDIA H200, 40, 100 %, 52 %, 74305 MiB, 143771 MiB
2026/08/06 04:01:05.528, NVIDIA H200, 24, 0 %, 0 %, 74305 MiB, 143771 MiB
2026/08/06 04:01:08.529, NVIDIA H200, 39, 97 %, 37 %, 74305 MiB, 143771 MiB
2026/08/06 04:01:11.529, NVIDIA H200, 44, 97 %, 49 %, 74305 MiB, 143771 MiB
2026/08/06 04:01:14.530, NVIDIA H200, 43, 98 %, 56 %, 74305 MiB, 143771 MiB
2026/08/06 04:01:17.530, NVIDIA H200, 46, 100 %, 41 %, 74305 MiB, 143771 MiB
2026/08/06 04:01:20.531, NVIDIA H200, 41, 100 %, 53 %, 74305 MiB, 143771 MiB
2026/08/06 04:01:23.532, NVIDIA H200, 49, 100 %, 50 %, 74305 MiB, 143771 MiB
2026/08/06 04:01:26.532, NVIDIA H200, 43, 97 %, 48 %, 74305 MiB, 143771 MiB
2026/08/06 04:01:29.533, NVIDIA H200, 47, 100 %, 46 %, 74305 MiB, 143771 MiB
2026/08/06 04:01:32.533, NVIDIA H200, 47, 99 %, 52 %, 74305 MiB, 143771 MiB
2026/08/06 04:01:35.534, NVIDIA H200, 48, 100 %, 43 %, 74305 MiB, 143771 MiB
2026/08/06 04:01:38.535, NVIDIA H200, 47, 100 %, 39 %, 74305 MiB, 143771 MiB
2026/08/06 04:01:41.535, NVIDIA H200, 47, 62 %, 33 %, 74305 MiB, 143771 MiB
2026/08/06 04:01:44.536, NVIDIA H200, 44, 100 %, 41 %, 74305 MiB, 143771 MiB
2026/08/06 04:01:47.536, NVIDIA H200, 46, 100 %, 41 %, 74305 MiB, 143771 MiB
2026/08/06 04:01:50.537, NVIDIA H200, 43, 97 %, 37 %, 74305 MiB, 143771 MiB
2026/08/06 04:01:53.538, NVIDIA H200, 44, 99 %, 53 %, 74305 MiB, 143771 MiB
2026/08/06 04:01:56.538, NVIDIA H200, 46, 96 %, 37 %, 74305 MiB, 143771 MiB
2026/08/06 04:01:59.539, NVIDIA H200, 41, 30 %, 6 %, 74305 MiB, 143771 MiB
2026/08/06 04:02:02.540, NVIDIA H200, 44, 100 %, 31 %, 74305 MiB, 143771 MiB
2026/08/06 04:02:05.540, NVIDIA H200, 45, 100 %, 43 %, 74305 MiB, 143771 MiB
2026/08/06 04:02:08.541, NVIDIA H200, 46, 53 %, 21 %, 74305 MiB, 143771 MiB
2026/08/06 04:02:11.541, NVIDIA H200, 38, 0 %, 0 %, 74305 MiB, 143771 MiB
2026/08/06 04:02:14.542, NVIDIA H200, 45, 97 %, 55 %, 74305 MiB, 143771 MiB
2026/08/06 04:02:17.543, NVIDIA H200, 44, 98 %, 45 %, 74305 MiB, 143771 MiB
2026/08/06 04:02:20.543, NVIDIA H200, 46, 98 %, 37 %, 74305 MiB, 143771 MiB
2026/08/06 04:02:23.544, NVIDIA H200, 47, 100 %, 46 %, 74305 MiB, 143771 MiB
2026/08/06 04:02:26.545, NVIDIA H200, 47, 100 %, 38 %, 74305 MiB, 143771 MiB
2026/08/06 04:02:29.545, NVIDIA H200, 46, 100 %, 42 %, 74305 MiB, 143771 MiB
2026/08/06 04:02:32.546, NVIDIA H200, 25, 0 %, 0 %, 74305 MiB, 143771 MiB
2026/08/06 04:02:35.546, NVIDIA H200, 24, 0 %, 0 %, 74305 MiB, 143771 MiB
2026/08/06 04:02:38.547, NVIDIA H200, 26, 0 %, 0 %, 74305 MiB, 143771 MiB
2026/08/06 04:02:41.548, NVIDIA H200, 43, 99 %, 44 %, 74305 MiB, 143771 MiB
2026/08/06 04:02:44.549, NVIDIA H200, 24, 0 %, 0 %, 74305 MiB, 143771 MiB
2026/08/06 04:02:47.549, NVIDIA H200, 24, 0 %, 0 %, 74305 MiB, 143771 MiB
2026/08/06 04:02:50.550, NVIDIA H200, 43, 97 %, 53 %, 74305 MiB, 143771 MiB
2026/08/06 04:02:53.550, NVIDIA H200, 43, 100 %, 44 %, 74305 MiB, 143771 MiB
2026/08/06 04:02:56.551, NVIDIA H200, 44, 99 %, 52 %, 74305 MiB, 143771 MiB
2026/08/06 04:02:59.552, NVIDIA H200, 45, 100 %, 41 %, 74305 MiB, 143771 MiB
2026/08/06 04:03:02.553, NVIDIA H200, 44, 100 %, 54 %, 74305 MiB, 143771 MiB
2026/08/06 04:03:05.553, NVIDIA H200, 41, 100 %, 45 %, 74305 MiB, 143771 MiB
2026/08/06 04:03:08.554, NVIDIA H200, 46, 100 %, 40 %, 74305 MiB, 143771 MiB
2026/08/06 04:03:11.555, NVIDIA H200, 48, 98 %, 33 %, 74305 MiB, 143771 MiB
2026/08/06 04:03:14.555, NVIDIA H200, 45, 100 %, 31 %, 74305 MiB, 143771 MiB
2026/08/06 04:03:17.556, NVIDIA H200, 42, 100 %, 46 %, 74305 MiB, 143771 MiB
2026/08/06 04:03:20.556, NVIDIA H200, 48, 100 %, 39 %, 74305 MiB, 143771 MiB
2026/08/06 04:03:23.557, NVIDIA H200, 47, 100 %, 39 %, 74305 MiB, 143771 MiB
2026/08/06 04:03:26.557, NVIDIA H200, 47, 100 %, 54 %, 74305 MiB, 143771 MiB
2026/08/06 04:03:29.558, NVIDIA H200, 48, 100 %, 40 %, 74305 MiB, 143771 MiB
2026/08/06 04:03:32.559, NVIDIA H200, 47, 100 %, 43 %, 74305 MiB, 143771 MiB
2026/08/06 04:03:35.560, NVIDIA H200, 48, 100 %, 41 %, 74305 MiB, 143771 MiB
2026/08/06 04:03:38.560, NVIDIA H200, 41, 100 %, 47 %, 74305 MiB, 143771 MiB
2026/08/06 04:03:41.561, NVIDIA H200, 42, 98 %, 39 %, 74305 MiB, 143771 MiB
2026/08/06 04:03:44.562, NVIDIA H200, 44, 99 %, 53 %, 74305 MiB, 143771 MiB
2026/08/06 04:03:47.562, NVIDIA H200, 49, 100 %, 44 %, 74305 MiB, 143771 MiB
2026/08/06 04:03:50.563, NVIDIA H200, 41, 100 %, 45 %, 74305 MiB, 143771 MiB
2026/08/06 04:03:53.563, NVIDIA H200, 44, 97 %, 52 %, 74305 MiB, 143771 MiB
2026/08/06 04:03:56.564, NVIDIA H200, 48, 97 %, 39 %, 74305 MiB, 143771 MiB
2026/08/06 04:03:59.565, NVIDIA H200, 49, 100 %, 39 %, 74305 MiB, 143771 MiB
2026/08/06 04:04:02.565, NVIDIA H200, 47, 97 %, 32 %, 74305 MiB, 143771 MiB
2026/08/06 04:04:05.566, NVIDIA H200, 47, 100 %, 43 %, 74305 MiB, 143771 MiB
2026/08/06 04:04:08.566, NVIDIA H200, 29, 0 %, 0 %, 74305 MiB, 143771 MiB
2026/08/06 04:04:11.567, NVIDIA H200, 35, 100 %, 50 %, 74305 MiB, 143771 MiB
2026/08/06 04:04:14.568, NVIDIA H200, 24, 0 %, 0 %, 74305 MiB, 143771 MiB
2026/08/06 04:04:17.568, NVIDIA H200, 28, 0 %, 0 %, 74305 MiB, 143771 MiB
2026/08/06 04:04:20.569, NVIDIA H200, 26, 0 %, 0 %, 74305 MiB, 143771 MiB
2026/08/06 04:04:23.570, NVIDIA H200, 29, 23 %, 0 %, 74305 MiB, 143771 MiB
2026/08/06 04:04:26.570, NVIDIA H200, 36, 77 %, 25 %, 74305 MiB, 143771 MiB
2026/08/06 04:04:29.571, NVIDIA H200, 46, 100 %, 44 %, 74305 MiB, 143771 MiB
2026/08/06 04:04:32.572, NVIDIA H200, 43, 97 %, 34 %, 74305 MiB, 143771 MiB
2026/08/06 04:04:35.572, NVIDIA H200, 44, 97 %, 49 %, 74305 MiB, 143771 MiB
2026/08/06 04:04:38.573, NVIDIA H200, 46, 100 %, 43 %, 74305 MiB, 143771 MiB
2026/08/06 04:04:41.574, NVIDIA H200, 46, 100 %, 31 %, 74305 MiB, 143771 MiB
2026/08/06 04:04:44.574, NVIDIA H200, 47, 100 %, 56 %, 74305 MiB, 143771 MiB
2026/08/06 04:04:47.575, NVIDIA H200, 45, 100 %, 39 %, 74305 MiB, 143771 MiB
2026/08/06 04:04:50.575, NVIDIA H200, 42, 100 %, 46 %, 74305 MiB, 143771 MiB
2026/08/06 04:04:53.576, NVIDIA H200, 46, 100 %, 41 %, 74305 MiB, 143771 MiB
2026/08/06 04:04:56.576, NVIDIA H200, 49, 98 %, 38 %, 74305 MiB, 143771 MiB
2026/08/06 04:04:59.577, NVIDIA H200, 48, 100 %, 41 %, 74305 MiB, 143771 MiB
2026/08/06 04:05:02.578, NVIDIA H200, 45, 100 %, 51 %, 74305 MiB, 143771 MiB
2026/08/06 04:05:05.578, NVIDIA H200, 49, 100 %, 50 %, 74305 MiB, 143771 MiB
2026/08/06 04:05:08.579, NVIDIA H200, 44, 96 %, 48 %, 74305 MiB, 143771 MiB
2026/08/06 04:05:11.580, NVIDIA H200, 42, 100 %, 47 %, 74305 MiB, 143771 MiB
2026/08/06 04:05:14.580, NVIDIA H200, 46, 100 %, 40 %, 74305 MiB, 143771 MiB
2026/08/06 04:05:17.580, NVIDIA H200, 45, 100 %, 42 %, 74305 MiB, 143771 MiB
2026/08/06 04:05:20.581, NVIDIA H200, 46, 100 %, 30 %, 74305 MiB, 143771 MiB
2026/08/06 04:05:23.582, NVIDIA H200, 47, 100 %, 45 %, 74305 MiB, 143771 MiB
2026/08/06 04:05:26.582, NVIDIA H200, 45, 99 %, 44 %, 74305 MiB, 143771 MiB
2026/08/06 04:05:29.583, NVIDIA H200, 48, 97 %, 33 %, 74305 MiB, 143771 MiB
2026/08/06 04:05:32.583, NVIDIA H200, 47, 100 %, 43 %, 74305 MiB, 143771 MiB
2026/08/06 04:05:35.584, NVIDIA H200, 42, 94 %, 39 %, 74305 MiB, 143771 MiB
2026/08/06 04:05:38.584, NVIDIA H200, 50, 100 %, 47 %, 74305 MiB, 143771 MiB
2026/08/06 04:05:41.585, NVIDIA H200, 46, 97 %, 50 %, 74305 MiB, 143771 MiB
2026/08/06 04:05:44.585, NVIDIA H200, 28, 0 %, 0 %, 74305 MiB, 143771 MiB
2026/08/06 04:05:47.586, NVIDIA H200, 25, 0 %, 0 %, 74305 MiB, 143771 MiB
2026/08/06 04:05:50.587, NVIDIA H200, 24, 0 %, 0 %, 74305 MiB, 143771 MiB
2026/08/06 04:05:53.587, NVIDIA H200, 31, 0 %, 0 %, 74305 MiB, 143771 MiB
2026/08/06 04:05:56.588, NVIDIA H200, 25, 0 %, 0 %, 74305 MiB, 143771 MiB
2026/08/06 04:05:59.589, NVIDIA H200, 24, 0 %, 0 %, 74305 MiB, 143771 MiB
2026/08/06 04:06:02.589, NVIDIA H200, 23, 0 %, 0 %, 74305 MiB, 143771 MiB
2026/08/06 04:06:05.590, NVIDIA H200, 23, 0 %, 0 %, 74305 MiB, 143771 MiB
2026/08/06 04:06:08.591, NVIDIA H200, 35, 97 %, 50 %, 74305 MiB, 143771 MiB
2026/08/06 04:06:11.591, NVIDIA H200, 44, 100 %, 55 %, 74305 MiB, 143771 MiB
2026/08/06 04:06:14.592, NVIDIA H200, 38, 100 %, 45 %, 74305 MiB, 143771 MiB
2026/08/06 04:06:17.593, NVIDIA H200, 47, 100 %, 44 %, 74305 MiB, 143771 MiB
2026/08/06 04:06:20.594, NVIDIA H200, 47, 100 %, 39 %, 74305 MiB, 143771 MiB
2026/08/06 04:06:23.594, NVIDIA H200, 44, 98 %, 35 %, 74305 MiB, 143771 MiB
2026/08/06 04:06:26.595, NVIDIA H200, 46, 97 %, 50 %, 74305 MiB, 143771 MiB
2026/08/06 04:06:29.595, NVIDIA H200, 42, 6 %, 1 %, 74305 MiB, 143771 MiB
2026/08/06 04:06:32.596, NVIDIA H200, 46, 71 %, 43 %, 74305 MiB, 143771 MiB
2026/08/06 04:06:35.597, NVIDIA H200, 46, 80 %, 29 %, 74305 MiB, 143771 MiB
2026/08/06 04:06:38.597, NVIDIA H200, 44, 100 %, 43 %, 74305 MiB, 143771 MiB
2026/08/06 04:06:41.598, NVIDIA H200, 45, 100 %, 49 %, 74305 MiB, 143771 MiB
2026/08/06 04:06:44.599, NVIDIA H200, 44, 97 %, 50 %, 74305 MiB, 143771 MiB
2026/08/06 04:06:47.599, NVIDIA H200, 46, 94 %, 37 %, 74305 MiB, 143771 MiB
2026/08/06 04:06:50.599, NVIDIA H200, 46, 100 %, 48 %, 74305 MiB, 143771 MiB
2026/08/06 04:06:53.600, NVIDIA H200, 48, 99 %, 52 %, 74305 MiB, 143771 MiB
2026/08/06 04:06:56.600, NVIDIA H200, 45, 100 %, 38 %, 74305 MiB, 143771 MiB
2026/08/06 04:06:59.601, NVIDIA H200, 47, 100 %, 42 %, 74305 MiB, 143771 MiB
2026/08/06 04:07:02.602, NVIDIA H200, 47, 100 %, 39 %, 74305 MiB, 143771 MiB
2026/08/06 04:07:05.602, NVIDIA H200, 44, 100 %, 47 %, 74305 MiB, 143771 MiB
2026/08/06 04:07:08.603, NVIDIA H200, 48, 100 %, 45 %, 74305 MiB, 143771 MiB
2026/08/06 04:07:11.603, NVIDIA H200, 45, 100 %, 39 %, 74305 MiB, 143771 MiB
2026/08/06 04:07:14.604, NVIDIA H200, 47, 100 %, 44 %, 74305 MiB, 143771 MiB
2026/08/06 04:07:17.604, NVIDIA H200, 47, 98 %, 45 %, 74305 MiB, 143771 MiB
2026/08/06 04:07:20.605, NVIDIA H200, 45, 100 %, 43 %, 74305 MiB, 143771 MiB
2026/08/06 04:07:23.605, NVIDIA H200, 48, 100 %, 38 %, 74305 MiB, 143771 MiB
2026/08/06 04:07:26.606, NVIDIA H200, 46, 96 %, 56 %, 74305 MiB, 143771 MiB
2026/08/06 04:07:29.606, NVIDIA H200, 26, 0 %, 0 %, 74305 MiB, 143771 MiB
2026/08/06 04:07:32.607, NVIDIA H200, 27, 3 %, 1 %, 74305 MiB, 143771 MiB
2026/08/06 04:07:35.607, NVIDIA H200, 27, 0 %, 0 %, 74305 MiB, 143771 MiB
2026/08/06 04:07:38.608, NVIDIA H200, 35, 100 %, 36 %, 74305 MiB, 143771 MiB
2026/08/06 04:07:41.608, NVIDIA H200, 24, 0 %, 0 %, 74305 MiB, 143771 MiB
2026/08/06 04:07:44.609, NVIDIA H200, 25, 0 %, 0 %, 74305 MiB, 143771 MiB
2026/08/06 04:07:47.610, NVIDIA H200, 41, 75 %, 25 %, 74305 MiB, 143771 MiB
2026/08/06 04:07:50.610, NVIDIA H200, 45, 100 %, 49 %, 74305 MiB, 143771 MiB
2026/08/06 04:07:53.611, NVIDIA H200, 45, 93 %, 37 %, 74305 MiB, 143771 MiB
2026/08/06 04:07:56.612, NVIDIA H200, 46, 100 %, 30 %, 74305 MiB, 143771 MiB
2026/08/06 04:07:59.612, NVIDIA H200, 48, 100 %, 40 %, 74305 MiB, 143771 MiB
2026/08/06 04:08:02.613, NVIDIA H200, 37, 100 %, 49 %, 74305 MiB, 143771 MiB
2026/08/06 04:08:05.613, NVIDIA H200, 45, 44 %, 6 %, 74305 MiB, 143771 MiB
2026/08/06 04:08:08.614, NVIDIA H200, 47, 100 %, 38 %, 74305 MiB, 143771 MiB
2026/08/06 04:08:11.615, NVIDIA H200, 45, 100 %, 40 %, 74305 MiB, 143771 MiB
2026/08/06 04:08:14.615, NVIDIA H200, 41, 100 %, 44 %, 74305 MiB, 143771 MiB
2026/08/06 04:08:17.616, NVIDIA H200, 47, 99 %, 53 %, 74305 MiB, 143771 MiB
2026/08/06 04:08:20.616, NVIDIA H200, 43, 100 %, 48 %, 74305 MiB, 143771 MiB
2026/08/06 04:08:23.617, NVIDIA H200, 46, 97 %, 56 %, 74305 MiB, 143771 MiB
2026/08/06 04:08:26.618, NVIDIA H200, 47, 100 %, 39 %, 74305 MiB, 143771 MiB
2026/08/06 04:08:29.618, NVIDIA H200, 46, 100 %, 30 %, 74305 MiB, 143771 MiB
2026/08/06 04:08:32.619, NVIDIA H200, 46, 100 %, 40 %, 74305 MiB, 143771 MiB
2026/08/06 04:08:35.620, NVIDIA H200, 47, 99 %, 45 %, 74305 MiB, 143771 MiB
2026/08/06 04:08:38.620, NVIDIA H200, 45, 51 %, 11 %, 74305 MiB, 143771 MiB
2026/08/06 04:08:41.621, NVIDIA H200, 36, 21 %, 12 %, 74305 MiB, 143771 MiB
2026/08/06 04:08:44.621, NVIDIA H200, 47, 100 %, 43 %, 74305 MiB, 143771 MiB
2026/08/06 04:08:47.622, NVIDIA H200, 41, 100 %, 43 %, 74305 MiB, 143771 MiB
2026/08/06 04:08:50.622, NVIDIA H200, 45, 36 %, 3 %, 74305 MiB, 143771 MiB
2026/08/06 04:08:53.622, NVIDIA H200, 36, 100 %, 52 %, 74305 MiB, 143771 MiB
2026/08/06 04:08:56.623, NVIDIA H200, 44, 100 %, 46 %, 74305 MiB, 143771 MiB
2026/08/06 04:08:59.623, NVIDIA H200, 45, 97 %, 46 %, 74305 MiB, 143771 MiB
2026/08/06 04:09:02.624, NVIDIA H200, 47, 100 %, 46 %, 74305 MiB, 143771 MiB
2026/08/06 04:09:05.624, NVIDIA H200, 48, 100 %, 39 %, 74305 MiB, 143771 MiB
2026/08/06 04:09:08.625, NVIDIA H200, 29, 0 %, 0 %, 74305 MiB, 143771 MiB
2026/08/06 04:09:11.626, NVIDIA H200, 25, 0 %, 0 %, 74305 MiB, 143771 MiB
2026/08/06 04:09:14.626, NVIDIA H200, 40, 100 %, 51 %, 74305 MiB, 143771 MiB
2026/08/06 04:09:17.627, NVIDIA H200, 25, 0 %, 0 %, 74305 MiB, 143771 MiB
2026/08/06 04:09:20.627, NVIDIA H200, 39, 100 %, 52 %, 74305 MiB, 143771 MiB
2026/08/06 04:09:23.628, NVIDIA H200, 24, 0 %, 0 %, 74305 MiB, 143771 MiB
2026/08/06 04:09:26.629, NVIDIA H200, 38, 97 %, 50 %, 74305 MiB, 143771 MiB
2026/08/06 04:09:29.629, NVIDIA H200, 37, 100 %, 40 %, 74305 MiB, 143771 MiB
2026/08/06 04:09:32.630, NVIDIA H200, 45, 98 %, 55 %, 74305 MiB, 143771 MiB
2026/08/06 04:09:35.630, NVIDIA H200, 44, 100 %, 42 %, 74305 MiB, 143771 MiB
2026/08/06 04:09:38.631, NVIDIA H200, 46, 97 %, 53 %, 74305 MiB, 143771 MiB
2026/08/06 04:09:41.631, NVIDIA H200, 46, 97 %, 53 %, 74305 MiB, 143771 MiB
2026/08/06 04:09:44.632, NVIDIA H200, 47, 100 %, 45 %, 74305 MiB, 143771 MiB
2026/08/06 04:09:47.632, NVIDIA H200, 46, 100 %, 41 %, 74305 MiB, 143771 MiB
2026/08/06 04:09:50.633, NVIDIA H200, 46, 100 %, 44 %, 74305 MiB, 143771 MiB
2026/08/06 04:09:53.633, NVIDIA H200, 36, 100 %, 43 %, 74305 MiB, 143771 MiB
2026/08/06 04:09:56.634, NVIDIA H200, 47, 100 %, 47 %, 74305 MiB, 143771 MiB
2026/08/06 04:09:59.634, NVIDIA H200, 39, 100 %, 49 %, 74305 MiB, 143771 MiB
2026/08/06 04:10:02.635, NVIDIA H200, 44, 100 %, 52 %, 74305 MiB, 143771 MiB
2026/08/06 04:10:05.635, NVIDIA H200, 45, 95 %, 50 %, 74305 MiB, 143771 MiB
2026/08/06 04:10:08.636, NVIDIA H200, 45, 98 %, 46 %, 74305 MiB, 143771 MiB
2026/08/06 04:10:11.637, NVIDIA H200, 45, 98 %, 47 %, 74305 MiB, 143771 MiB
2026/08/06 04:10:14.637, NVIDIA H200, 42, 100 %, 44 %, 74305 MiB, 143771 MiB
2026/08/06 04:10:17.638, NVIDIA H200, 41, 0 %, 0 %, 74305 MiB, 143771 MiB
2026/08/06 04:10:20.638, NVIDIA H200, 39, 91 %, 47 %, 74305 MiB, 143771 MiB
2026/08/06 04:10:23.639, NVIDIA H200, 42, 28 %, 0 %, 74305 MiB, 143771 MiB
2026/08/06 04:10:26.639, NVIDIA H200, 47, 100 %, 41 %, 74305 MiB, 143771 MiB
2026/08/06 04:10:29.640, NVIDIA H200, 36, 100 %, 45 %, 74305 MiB, 143771 MiB
2026/08/06 04:10:32.641, NVIDIA H200, 38, 100 %, 41 %, 74305 MiB, 143771 MiB
2026/08/06 04:10:35.641, NVIDIA H200, 46, 100 %, 40 %, 74305 MiB, 143771 MiB
2026/08/06 04:10:38.642, NVIDIA H200, 46, 97 %, 29 %, 74305 MiB, 143771 MiB
2026/08/06 04:10:41.643, NVIDIA H200, 43, 66 %, 20 %, 74305 MiB, 143771 MiB
2026/08/06 04:10:44.643, NVIDIA H200, 44, 98 %, 51 %, 74305 MiB, 143771 MiB
2026/08/06 04:10:47.644, NVIDIA H200, 45, 99 %, 35 %, 74305 MiB, 143771 MiB
2026/08/06 04:10:50.644, NVIDIA H200, 33, 0 %, 0 %, 74305 MiB, 143771 MiB
2026/08/06 04:10:53.645, NVIDIA H200, 25, 0 %, 0 %, 74305 MiB, 143771 MiB
2026/08/06 04:10:56.646, NVIDIA H200, 24, 0 %, 0 %, 74305 MiB, 143771 MiB
2026/08/06 04:10:59.646, NVIDIA H200, 26, 0 %, 0 %, 74305 MiB, 143771 MiB
2026/08/06 04:11:02.647, NVIDIA H200, 35, 99 %, 54 %, 74305 MiB, 143771 MiB
2026/08/06 04:11:05.648, NVIDIA H200, 24, 0 %, 0 %, 74305 MiB, 143771 MiB
2026/08/06 04:11:08.648, NVIDIA H200, 23, 0 %, 0 %, 74305 MiB, 143771 MiB
2026/08/06 04:11:11.649, NVIDIA H200, 41, 97 %, 49 %, 74305 MiB, 143771 MiB
2026/08/06 04:11:14.649, NVIDIA H200, 44, 100 %, 40 %, 74305 MiB, 143771 MiB
2026/08/06 04:11:17.650, NVIDIA H200, 43, 66 %, 19 %, 74305 MiB, 143771 MiB
2026/08/06 04:11:20.650, NVIDIA H200, 45, 100 %, 43 %, 74305 MiB, 143771 MiB
2026/08/06 04:11:23.651, NVIDIA H200, 41, 99 %, 45 %, 74305 MiB, 143771 MiB
2026/08/06 04:11:26.651, NVIDIA H200, 42, 97 %, 53 %, 74305 MiB, 143771 MiB
2026/08/06 04:11:29.652, NVIDIA H200, 44, 98 %, 37 %, 74305 MiB, 143771 MiB
2026/08/06 04:11:32.652, NVIDIA H200, 46, 100 %, 41 %, 74305 MiB, 143771 MiB
2026/08/06 04:11:35.653, NVIDIA H200, 48, 98 %, 39 %, 74305 MiB, 143771 MiB
2026/08/06 04:11:38.653, NVIDIA H200, 45, 98 %, 47 %, 74305 MiB, 143771 MiB
2026/08/06 04:11:41.654, NVIDIA H200, 47, 96 %, 34 %, 74305 MiB, 143771 MiB
2026/08/06 04:11:44.654, NVIDIA H200, 34, 0 %, 0 %, 74305 MiB, 143771 MiB
2026/08/06 04:11:47.655, NVIDIA H200, 42, 55 %, 26 %, 74305 MiB, 143771 MiB
2026/08/06 04:11:50.655, NVIDIA H200, 47, 100 %, 42 %, 74305 MiB, 143771 MiB
2026/08/06 04:11:53.656, NVIDIA H200, 44, 99 %, 31 %, 74305 MiB, 143771 MiB
2026/08/06 04:11:56.656, NVIDIA H200, 40, 100 %, 45 %, 74305 MiB, 143771 MiB
2026/08/06 04:11:59.657, NVIDIA H200, 46, 100 %, 42 %, 74305 MiB, 143771 MiB
2026/08/06 04:12:02.657, NVIDIA H200, 43, 100 %, 51 %, 74305 MiB, 143771 MiB
2026/08/06 04:12:05.658, NVIDIA H200, 45, 100 %, 30 %, 74305 MiB, 143771 MiB
2026/08/06 04:12:08.658, NVIDIA H200, 44, 100 %, 39 %, 74305 MiB, 143771 MiB
2026/08/06 04:12:11.659, NVIDIA H200, 46, 100 %, 44 %, 74305 MiB, 143771 MiB
2026/08/06 04:12:14.659, NVIDIA H200, 45, 99 %, 28 %, 74305 MiB, 143771 MiB
2026/08/06 04:12:17.660, NVIDIA H200, 42, 52 %, 30 %, 74305 MiB, 143771 MiB
2026/08/06 04:12:20.660, NVIDIA H200, 47, 100 %, 42 %, 74305 MiB, 143771 MiB
2026/08/06 04:12:23.661, NVIDIA H200, 46, 97 %, 50 %, 74305 MiB, 143771 MiB
2026/08/06 04:12:26.662, NVIDIA H200, 41, 100 %, 45 %, 74305 MiB, 143771 MiB
2026/08/06 04:12:29.662, NVIDIA H200, 50, 100 %, 32 %, 74305 MiB, 143771 MiB
2026/08/06 04:12:32.663, NVIDIA H200, 43, 97 %, 41 %, 74305 MiB, 143771 MiB
2026/08/06 04:12:35.663, NVIDIA H200, 25, 0 %, 0 %, 74305 MiB, 143771 MiB
2026/08/06 04:12:38.664, NVIDIA H200, 25, 0 %, 0 %, 74305 MiB, 143771 MiB
2026/08/06 04:12:41.664, NVIDIA H200, 27, 0 %, 0 %, 74305 MiB, 143771 MiB
2026/08/06 04:12:44.665, NVIDIA H200, 37, 100 %, 51 %, 74305 MiB, 143771 MiB
2026/08/06 04:12:47.666, NVIDIA H200, 24, 0 %, 0 %, 74305 MiB, 143771 MiB
2026/08/06 04:12:50.666, NVIDIA H200, 23, 0 %, 0 %, 74305 MiB, 143771 MiB
2026/08/06 04:12:53.667, NVIDIA H200, 45, 100 %, 45 %, 74305 MiB, 143771 MiB
2026/08/06 04:12:56.668, NVIDIA H200, 44, 100 %, 52 %, 74305 MiB, 143771 MiB
2026/08/06 04:12:59.668, NVIDIA H200, 45, 100 %, 45 %, 74305 MiB, 143771 MiB
2026/08/06 04:13:02.669, NVIDIA H200, 47, 100 %, 47 %, 74305 MiB, 143771 MiB
2026/08/06 04:13:05.669, NVIDIA H200, 47, 98 %, 30 %, 74305 MiB, 143771 MiB
2026/08/06 04:13:08.670, NVIDIA H200, 46, 100 %, 45 %, 74305 MiB, 143771 MiB
2026/08/06 04:13:11.670, NVIDIA H200, 46, 100 %, 49 %, 74305 MiB, 143771 MiB
2026/08/06 04:13:14.671, NVIDIA H200, 46, 100 %, 42 %, 74305 MiB, 143771 MiB
2026/08/06 04:13:17.671, NVIDIA H200, 47, 97 %, 53 %, 74305 MiB, 143771 MiB
2026/08/06 04:13:20.672, NVIDIA H200, 45, 40 %, 16 %, 74305 MiB, 143771 MiB
2026/08/06 04:13:23.672, NVIDIA H200, 49, 100 %, 31 %, 74305 MiB, 143771 MiB
2026/08/06 04:13:26.673, NVIDIA H200, 46, 97 %, 39 %, 74305 MiB, 143771 MiB
2026/08/06 04:13:29.673, NVIDIA H200, 46, 100 %, 44 %, 74305 MiB, 143771 MiB
2026/08/06 04:13:32.674, NVIDIA H200, 47, 97 %, 48 %, 74305 MiB, 143771 MiB
2026/08/06 04:13:35.674, NVIDIA H200, 47, 97 %, 45 %, 74305 MiB, 143771 MiB
2026/08/06 04:13:38.675, NVIDIA H200, 46, 94 %, 45 %, 74305 MiB, 143771 MiB
2026/08/06 04:13:41.675, NVIDIA H200, 46, 100 %, 31 %, 74305 MiB, 143771 MiB
2026/08/06 04:13:44.676, NVIDIA H200, 45, 100 %, 47 %, 74305 MiB, 143771 MiB
2026/08/06 04:13:47.676, NVIDIA H200, 45, 100 %, 44 %, 74305 MiB, 143771 MiB
2026/08/06 04:13:50.676, NVIDIA H200, 48, 100 %, 30 %, 74305 MiB, 143771 MiB
2026/08/06 04:13:53.677, NVIDIA H200, 44, 100 %, 49 %, 74305 MiB, 143771 MiB
2026/08/06 04:13:56.678, NVIDIA H200, 41, 65 %, 26 %, 74305 MiB, 143771 MiB
2026/08/06 04:13:59.678, NVIDIA H200, 46, 96 %, 34 %, 74305 MiB, 143771 MiB
2026/08/06 04:14:02.678, NVIDIA H200, 45, 98 %, 45 %, 74305 MiB, 143771 MiB
2026/08/06 04:14:05.679, NVIDIA H200, 48, 100 %, 47 %, 74305 MiB, 143771 MiB
2026/08/06 04:14:08.680, NVIDIA H200, 47, 100 %, 48 %, 74305 MiB, 143771 MiB
2026/08/06 04:14:11.680, NVIDIA H200, 27, 0 %, 0 %, 74305 MiB, 143771 MiB
2026/08/06 04:14:14.681, NVIDIA H200, 24, 0 %, 0 %, 74305 MiB, 143771 MiB
2026/08/06 04:14:17.681, NVIDIA H200, 31, 100 %, 37 %, 74305 MiB, 143771 MiB
2026/08/06 04:14:20.682, NVIDIA H200, 26, 0 %, 0 %, 74305 MiB, 143771 MiB
2026/08/06 04:14:23.683, NVIDIA H200, 26, 0 %, 0 %, 74305 MiB, 143771 MiB
2026/08/06 04:14:26.683, NVIDIA H200, 24, 0 %, 0 %, 74305 MiB, 143771 MiB
2026/08/06 04:14:29.684, NVIDIA H200, 23, 0 %, 0 %, 74305 MiB, 143771 MiB
2026/08/06 04:14:32.685, NVIDIA H200, 23, 0 %, 0 %, 74305 MiB, 143771 MiB
2026/08/06 04:14:35.685, NVIDIA H200, 39, 100 %, 48 %, 74305 MiB, 143771 MiB
2026/08/06 04:14:38.686, NVIDIA H200, 44, 98 %, 43 %, 74305 MiB, 143771 MiB
2026/08/06 04:14:41.686, NVIDIA H200, 44, 58 %, 16 %, 74305 MiB, 143771 MiB
2026/08/06 04:14:44.687, NVIDIA H200, 46, 99 %, 47 %, 74305 MiB, 143771 MiB
2026/08/06 04:14:47.687, NVIDIA H200, 44, 100 %, 43 %, 74305 MiB, 143771 MiB
2026/08/06 04:14:50.688, NVIDIA H200, 48, 100 %, 40 %, 74305 MiB, 143771 MiB
2026/08/06 04:14:53.689, NVIDIA H200, 44, 99 %, 35 %, 74305 MiB, 143771 MiB
2026/08/06 04:14:56.689, NVIDIA H200, 45, 100 %, 39 %, 74305 MiB, 143771 MiB
2026/08/06 04:14:59.690, NVIDIA H200, 45, 100 %, 50 %, 74305 MiB, 143771 MiB
2026/08/06 04:15:02.690, NVIDIA H200, 46, 100 %, 42 %, 74305 MiB, 143771 MiB
2026/08/06 04:15:05.691, NVIDIA H200, 46, 96 %, 56 %, 74305 MiB, 143771 MiB
2026/08/06 04:15:08.691, NVIDIA H200, 45, 100 %, 45 %, 74305 MiB, 143771 MiB
2026/08/06 04:15:11.692, NVIDIA H200, 46, 99 %, 52 %, 74305 MiB, 143771 MiB
2026/08/06 04:15:14.693, NVIDIA H200, 47, 87 %, 38 %, 74305 MiB, 143771 MiB
2026/08/06 04:15:17.694, NVIDIA H200, 46, 98 %, 49 %, 74305 MiB, 143771 MiB
2026/08/06 04:15:20.694, NVIDIA H200, 46, 100 %, 44 %, 74305 MiB, 143771 MiB
2026/08/06 04:15:23.695, NVIDIA H200, 46, 97 %, 50 %, 74305 MiB, 143771 MiB
2026/08/06 04:15:26.695, NVIDIA H200, 48, 100 %, 44 %, 74305 MiB, 143771 MiB
2026/08/06 04:15:29.696, NVIDIA H200, 47, 100 %, 38 %, 74305 MiB, 143771 MiB
2026/08/06 04:15:32.697, NVIDIA H200, 46, 98 %, 58 %, 74305 MiB, 143771 MiB
2026/08/06 04:15:35.697, NVIDIA H200, 40, 100 %, 45 %, 74305 MiB, 143771 MiB
2026/08/06 04:15:38.698, NVIDIA H200, 38, 100 %, 53 %, 74305 MiB, 143771 MiB
2026/08/06 04:15:41.698, NVIDIA H200, 45, 100 %, 45 %, 74305 MiB, 143771 MiB
2026/08/06 04:15:44.699, NVIDIA H200, 47, 97 %, 32 %, 74305 MiB, 143771 MiB
2026/08/06 04:15:47.700, NVIDIA H200, 47, 98 %, 39 %, 74305 MiB, 143771 MiB
2026/08/06 04:15:50.700, NVIDIA H200, 46, 96 %, 57 %, 74305 MiB, 143771 MiB
2026/08/06 04:15:53.701, NVIDIA H200, 46, 98 %, 27 %, 74305 MiB, 143771 MiB
2026/08/06 04:15:56.701, NVIDIA H200, 28, 0 %, 0 %, 74305 MiB, 143771 MiB
2026/08/06 04:15:59.702, NVIDIA H200, 25, 0 %, 0 %, 74305 MiB, 143771 MiB
2026/08/06 04:16:02.703, NVIDIA H200, 35, 98 %, 34 %, 74305 MiB, 143771 MiB
2026/08/06 04:16:05.703, NVIDIA H200, 25, 0 %, 0 %, 74305 MiB, 143771 MiB
2026/08/06 04:16:08.704, NVIDIA H200, 28, 0 %, 0 %, 74305 MiB, 143771 MiB
2026/08/06 04:16:11.705, NVIDIA H200, 35, 100 %, 54 %, 74305 MiB, 143771 MiB
2026/08/06 04:16:14.705, NVIDIA H200, 24, 0 %, 0 %, 74305 MiB, 143771 MiB
2026/08/06 04:16:17.706, NVIDIA H200, 44, 97 %, 45 %, 74305 MiB, 143771 MiB
2026/08/06 04:16:20.707, NVIDIA H200, 47, 98 %, 36 %, 74305 MiB, 143771 MiB
2026/08/06 04:16:23.707, NVIDIA H200, 46, 97 %, 33 %, 74305 MiB, 143771 MiB
2026/08/06 04:16:26.708, NVIDIA H200, 47, 100 %, 44 %, 74305 MiB, 143771 MiB
2026/08/06 04:16:29.709, NVIDIA H200, 46, 83 %, 31 %, 74305 MiB, 143771 MiB
2026/08/06 04:16:32.710, NVIDIA H200, 46, 100 %, 43 %, 74305 MiB, 143771 MiB
2026/08/06 04:16:35.710, NVIDIA H200, 45, 97 %, 49 %, 74305 MiB, 143771 MiB
2026/08/06 04:16:38.711, NVIDIA H200, 39, 58 %, 21 %, 74305 MiB, 143771 MiB
2026/08/06 04:16:41.712, NVIDIA H200, 44, 97 %, 49 %, 74305 MiB, 143771 MiB
2026/08/06 04:16:44.713, NVIDIA H200, 47, 98 %, 35 %, 74305 MiB, 143771 MiB
2026/08/06 04:16:47.713, NVIDIA H200, 44, 97 %, 51 %, 74305 MiB, 143771 MiB
2026/08/06 04:16:50.714, NVIDIA H200, 48, 100 %, 45 %, 74305 MiB, 143771 MiB
2026/08/06 04:16:53.715, NVIDIA H200, 44, 100 %, 31 %, 74305 MiB, 143771 MiB
2026/08/06 04:16:56.715, NVIDIA H200, 45, 100 %, 44 %, 74305 MiB, 143771 MiB
2026/08/06 04:16:59.716, NVIDIA H200, 45, 82 %, 28 %, 74305 MiB, 143771 MiB
2026/08/06 04:17:02.717, NVIDIA H200, 43, 58 %, 31 %, 74305 MiB, 143771 MiB
2026/08/06 04:17:05.717, NVIDIA H200, 39, 39 %, 4 %, 74305 MiB, 143771 MiB
2026/08/06 04:17:08.718, NVIDIA H200, 45, 100 %, 33 %, 74305 MiB, 143771 MiB
2026/08/06 04:17:11.719, NVIDIA H200, 43, 100 %, 50 %, 74305 MiB, 143771 MiB
2026/08/06 04:17:14.719, NVIDIA H200, 44, 100 %, 55 %, 74305 MiB, 143771 MiB
2026/08/06 04:17:17.720, NVIDIA H200, 38, 100 %, 49 %, 74305 MiB, 143771 MiB
2026/08/06 04:17:20.720, NVIDIA H200, 46, 96 %, 56 %, 74305 MiB, 143771 MiB
2026/08/06 04:17:23.721, NVIDIA H200, 46, 100 %, 47 %, 74305 MiB, 143771 MiB
2026/08/06 04:17:26.722, NVIDIA H200, 45, 100 %, 46 %, 74305 MiB, 143771 MiB
2026/08/06 04:17:29.722, NVIDIA H200, 47, 100 %, 40 %, 74305 MiB, 143771 MiB
2026/08/06 04:17:32.723, NVIDIA H200, 50, 100 %, 30 %, 74305 MiB, 143771 MiB
2026/08/06 04:17:35.723, NVIDIA H200, 29, 0 %, 0 %, 74305 MiB, 143771 MiB
2026/08/06 04:17:38.724, NVIDIA H200, 25, 0 %, 0 %, 74305 MiB, 143771 MiB
2026/08/06 04:17:41.725, NVIDIA H200, 24, 0 %, 0 %, 74305 MiB, 143771 MiB
2026/08/06 04:17:44.725, NVIDIA H200, 30, 40 %, 17 %, 74305 MiB, 143771 MiB
2026/08/06 04:17:47.726, NVIDIA H200, 26, 0 %, 0 %, 74305 MiB, 143771 MiB
2026/08/06 04:17:50.726, NVIDIA H200, 36, 100 %, 54 %, 74305 MiB, 143771 MiB
2026/08/06 04:17:53.727, NVIDIA H200, 45, 100 %, 55 %, 74305 MiB, 143771 MiB
2026/08/06 04:17:56.728, NVIDIA H200, 47, 100 %, 39 %, 74305 MiB, 143771 MiB
2026/08/06 04:17:59.728, NVIDIA H200, 47, 85 %, 27 %, 74305 MiB, 143771 MiB
2026/08/06 04:18:02.729, NVIDIA H200, 42, 100 %, 29 %, 74305 MiB, 143771 MiB
2026/08/06 04:18:05.729, NVIDIA H200, 46, 100 %, 39 %, 74305 MiB, 143771 MiB
2026/08/06 04:18:08.730, NVIDIA H200, 46, 100 %, 37 %, 74305 MiB, 143771 MiB
2026/08/06 04:18:11.730, NVIDIA H200, 46, 100 %, 40 %, 74305 MiB, 143771 MiB
2026/08/06 04:18:14.731, NVIDIA H200, 39, 98 %, 45 %, 74305 MiB, 143771 MiB
2026/08/06 04:18:17.732, NVIDIA H200, 44, 99 %, 53 %, 74305 MiB, 143771 MiB
2026/08/06 04:18:20.732, NVIDIA H200, 40, 92 %, 44 %, 74305 MiB, 143771 MiB
2026/08/06 04:18:23.733, NVIDIA H200, 46, 100 %, 43 %, 74305 MiB, 143771 MiB
2026/08/06 04:18:26.733, NVIDIA H200, 47, 100 %, 48 %, 74305 MiB, 143771 MiB
2026/08/06 04:18:29.734, NVIDIA H200, 46, 100 %, 35 %, 74305 MiB, 143771 MiB
2026/08/06 04:18:32.735, NVIDIA H200, 42, 100 %, 51 %, 74305 MiB, 143771 MiB
2026/08/06 04:18:35.735, NVIDIA H200, 44, 100 %, 39 %, 74305 MiB, 143771 MiB
2026/08/06 04:18:38.736, NVIDIA H200, 49, 100 %, 44 %, 74305 MiB, 143771 MiB
2026/08/06 04:18:41.736, NVIDIA H200, 45, 100 %, 47 %, 74305 MiB, 143771 MiB
2026/08/06 04:18:44.737, NVIDIA H200, 44, 97 %, 24 %, 74305 MiB, 143771 MiB
2026/08/06 04:18:47.737, NVIDIA H200, 46, 100 %, 39 %, 74305 MiB, 143771 MiB
2026/08/06 04:18:50.738, NVIDIA H200, 41, 100 %, 46 %, 74305 MiB, 143771 MiB
2026/08/06 04:18:53.739, NVIDIA H200, 46, 100 %, 37 %, 74305 MiB, 143771 MiB
2026/08/06 04:18:56.739, NVIDIA H200, 43, 100 %, 34 %, 74305 MiB, 143771 MiB
2026/08/06 04:18:59.740, NVIDIA H200, 47, 100 %, 50 %, 74305 MiB, 143771 MiB
2026/08/06 04:19:02.740, NVIDIA H200, 48, 100 %, 42 %, 74305 MiB, 143771 MiB
2026/08/06 04:19:05.741, NVIDIA H200, 44, 99 %, 52 %, 74305 MiB, 143771 MiB
2026/08/06 04:19:08.741, NVIDIA H200, 45, 99 %, 37 %, 74305 MiB, 143771 MiB
2026/08/06 04:19:11.742, NVIDIA H200, 49, 100 %, 41 %, 74305 MiB, 143771 MiB
2026/08/06 04:19:14.743, NVIDIA H200, 26, 0 %, 0 %, 74305 MiB, 143771 MiB
2026/08/06 04:19:17.743, NVIDIA H200, 24, 0 %, 0 %, 74305 MiB, 143771 MiB
2026/08/06 04:19:20.744, NVIDIA H200, 34, 0 %, 0 %, 74305 MiB, 143771 MiB
2026/08/06 04:19:23.745, NVIDIA H200, 24, 0 %, 0 %, 74305 MiB, 143771 MiB
2026/08/06 04:19:26.745, NVIDIA H200, 26, 0 %, 0 %, 74305 MiB, 143771 MiB
2026/08/06 04:19:29.746, NVIDIA H200, 42, 100 %, 50 %, 74305 MiB, 143771 MiB
2026/08/06 04:19:32.747, NVIDIA H200, 36, 100 %, 46 %, 74305 MiB, 143771 MiB
2026/08/06 04:19:35.747, NVIDIA H200, 46, 100 %, 38 %, 74305 MiB, 143771 MiB
2026/08/06 04:19:38.748, NVIDIA H200, 45, 100 %, 41 %, 74305 MiB, 143771 MiB
2026/08/06 04:19:41.748, NVIDIA H200, 44, 100 %, 49 %, 74305 MiB, 143771 MiB
2026/08/06 04:19:44.749, NVIDIA H200, 43, 100 %, 46 %, 74305 MiB, 143771 MiB
2026/08/06 04:19:47.750, NVIDIA H200, 46, 100 %, 40 %, 74305 MiB, 143771 MiB
2026/08/06 04:19:50.750, NVIDIA H200, 46, 100 %, 45 %, 74305 MiB, 143771 MiB
2026/08/06 04:19:53.751, NVIDIA H200, 48, 100 %, 39 %, 74305 MiB, 143771 MiB
2026/08/06 04:19:56.752, NVIDIA H200, 46, 86 %, 29 %, 74305 MiB, 143771 MiB
2026/08/06 04:19:59.752, NVIDIA H200, 47, 100 %, 43 %, 74305 MiB, 143771 MiB
2026/08/06 04:20:02.753, NVIDIA H200, 47, 88 %, 33 %, 74305 MiB, 143771 MiB
2026/08/06 04:20:05.753, NVIDIA H200, 47, 100 %, 54 %, 74305 MiB, 143771 MiB
2026/08/06 04:20:08.754, NVIDIA H200, 48, 100 %, 43 %, 74305 MiB, 143771 MiB
2026/08/06 04:20:11.754, NVIDIA H200, 46, 100 %, 39 %, 74305 MiB, 143771 MiB
2026/08/06 04:20:14.755, NVIDIA H200, 47, 100 %, 39 %, 74305 MiB, 143771 MiB
2026/08/06 04:20:17.756, NVIDIA H200, 46, 98 %, 50 %, 74305 MiB, 143771 MiB
2026/08/06 04:20:20.756, NVIDIA H200, 46, 100 %, 46 %, 74305 MiB, 143771 MiB
2026/08/06 04:20:23.757, NVIDIA H200, 47, 100 %, 42 %, 74305 MiB, 143771 MiB
2026/08/06 04:20:26.757, NVIDIA H200, 43, 55 %, 35 %, 74305 MiB, 143771 MiB
2026/08/06 04:20:29.758, NVIDIA H200, 47, 100 %, 46 %, 74305 MiB, 143771 MiB
2026/08/06 04:20:32.759, NVIDIA H200, 47, 100 %, 46 %, 74305 MiB, 143771 MiB
2026/08/06 04:20:35.759, NVIDIA H200, 46, 97 %, 35 %, 74305 MiB, 143771 MiB
2026/08/06 04:20:38.760, NVIDIA H200, 46, 96 %, 50 %, 74305 MiB, 143771 MiB
2026/08/06 04:20:41.760, NVIDIA H200, 46, 98 %, 34 %, 74305 MiB, 143771 MiB
2026/08/06 04:20:44.761, NVIDIA H200, 47, 100 %, 42 %, 74305 MiB, 143771 MiB
2026/08/06 04:20:47.761, NVIDIA H200, 46, 100 %, 45 %, 74305 MiB, 143771 MiB
2026/08/06 04:20:50.762, NVIDIA H200, 46, 100 %, 45 %, 74305 MiB, 143771 MiB
2026/08/06 04:20:53.763, NVIDIA H200, 25, 0 %, 0 %, 74305 MiB, 143771 MiB
2026/08/06 04:20:56.763, NVIDIA H200, 25, 0 %, 0 %, 74305 MiB, 143771 MiB
2026/08/06 04:20:59.764, NVIDIA H200, 42, 100 %, 51 %, 74305 MiB, 143771 MiB
2026/08/06 04:21:02.764, NVIDIA H200, 38, 99 %, 41 %, 74305 MiB, 143771 MiB
2026/08/06 04:21:05.765, NVIDIA H200, 24, 0 %, 0 %, 74305 MiB, 143771 MiB
2026/08/06 04:21:08.765, NVIDIA H200, 44, 100 %, 41 %, 74305 MiB, 143771 MiB
2026/08/06 04:21:11.766, NVIDIA H200, 41, 100 %, 38 %, 74305 MiB, 143771 MiB
2026/08/06 04:21:14.767, NVIDIA H200, 42, 98 %, 36 %, 74305 MiB, 143771 MiB
2026/08/06 04:21:17.768, NVIDIA H200, 44, 100 %, 40 %, 74305 MiB, 143771 MiB
2026/08/06 04:21:20.768, NVIDIA H200, 44, 100 %, 48 %, 74305 MiB, 143771 MiB
2026/08/06 04:21:23.769, NVIDIA H200, 43, 100 %, 40 %, 74305 MiB, 143771 MiB
2026/08/06 04:21:26.770, NVIDIA H200, 46, 100 %, 43 %, 74305 MiB, 143771 MiB
2026/08/06 04:21:29.771, NVIDIA H200, 41, 26 %, 1 %, 74305 MiB, 143771 MiB
2026/08/06 04:21:32.772, NVIDIA H200, 47, 100 %, 39 %, 74305 MiB, 143771 MiB
2026/08/06 04:21:35.772, NVIDIA H200, 45, 100 %, 54 %, 74305 MiB, 143771 MiB
2026/08/06 04:21:38.773, NVIDIA H200, 47, 100 %, 41 %, 74305 MiB, 143771 MiB
2026/08/06 04:21:41.773, NVIDIA H200, 44, 17 %, 9 %, 74305 MiB, 143771 MiB
2026/08/06 04:21:44.774, NVIDIA H200, 37, 54 %, 29 %, 74305 MiB, 143771 MiB
2026/08/06 04:21:47.774, NVIDIA H200, 45, 100 %, 40 %, 74305 MiB, 143771 MiB
2026/08/06 04:21:50.775, NVIDIA H200, 45, 97 %, 29 %, 74305 MiB, 143771 MiB
2026/08/06 04:21:53.776, NVIDIA H200, 47, 100 %, 41 %, 74305 MiB, 143771 MiB
2026/08/06 04:21:56.776, NVIDIA H200, 45, 97 %, 49 %, 74305 MiB, 143771 MiB
2026/08/06 04:21:59.777, NVIDIA H200, 47, 100 %, 43 %, 74305 MiB, 143771 MiB
2026/08/06 04:22:02.778, NVIDIA H200, 46, 100 %, 30 %, 74305 MiB, 143771 MiB
2026/08/06 04:22:05.778, NVIDIA H200, 45, 97 %, 28 %, 74305 MiB, 143771 MiB
2026/08/06 04:22:08.779, NVIDIA H200, 38, 81 %, 37 %, 74305 MiB, 143771 MiB
2026/08/06 04:22:11.780, NVIDIA H200, 41, 100 %, 46 %, 74305 MiB, 143771 MiB
2026/08/06 04:22:14.780, NVIDIA H200, 45, 96 %, 50 %, 74305 MiB, 143771 MiB
2026/08/06 04:22:17.781, NVIDIA H200, 41, 98 %, 45 %, 74305 MiB, 143771 MiB
2026/08/06 04:22:20.781, NVIDIA H200, 47, 98 %, 35 %, 74305 MiB, 143771 MiB
2026/08/06 04:22:23.782, NVIDIA H200, 46, 98 %, 30 %, 74305 MiB, 143771 MiB
2026/08/06 04:22:26.782, NVIDIA H200, 47, 100 %, 44 %, 74305 MiB, 143771 MiB
2026/08/06 04:22:29.783, NVIDIA H200, 37, 39 %, 16 %, 74305 MiB, 143771 MiB
2026/08/06 04:22:32.783, NVIDIA H200, 25, 0 %, 0 %, 74305 MiB, 143771 MiB
2026/08/06 04:22:35.784, NVIDIA H200, 24, 0 %, 0 %, 74305 MiB, 143771 MiB
2026/08/06 04:22:38.785, NVIDIA H200, 26, 0 %, 0 %, 74305 MiB, 143771 MiB
2026/08/06 04:22:41.785, NVIDIA H200, 28, 0 %, 0 %, 74305 MiB, 143771 MiB
2026/08/06 04:22:44.786, NVIDIA H200, 24, 0 %, 0 %, 74305 MiB, 143771 MiB
2026/08/06 04:22:47.787, NVIDIA H200, 23, 0 %, 0 %, 74305 MiB, 143771 MiB
2026/08/06 04:22:50.787, NVIDIA H200, 23, 0 %, 0 %, 74309 MiB, 143771 MiB
2026/08/06 04:22:53.788, NVIDIA H200, 23, 0 %, 0 %, 74309 MiB, 143771 MiB
2026/08/06 04:22:56.788, NVIDIA H200, 23, 0 %, 0 %, 74309 MiB, 143771 MiB
2026/08/06 04:22:59.789, NVIDIA H200, 23, 0 %, 0 %, 74309 MiB, 143771 MiB
2026/08/06 04:23:02.790, NVIDIA H200, 23, 0 %, 0 %, 74309 MiB, 143771 MiB
2026/08/06 04:23:05.791, NVIDIA H200, 23, 0 %, 0 %, 74309 MiB, 143771 MiB
2026/08/06 04:23:08.791, NVIDIA H200, 23, 0 %, 0 %, 74309 MiB, 143771 MiB
2026/08/06 04:23:11.792, NVIDIA H200, 22, 0 %, 0 %, 74309 MiB, 143771 MiB
2026/08/06 04:23:14.792, NVIDIA H200, 23, 0 %, 0 %, 0 MiB, 143771 MiB
