timestamp, name, temperature.gpu, utilization.gpu [%], utilization.memory [%], memory.used [MiB], memory.total [MiB]
2026/08/06 09:17:46.741, NVIDIA H100 80GB HBM3, 28, 0 %, 0 %, 0 MiB, 81559 MiB
2026/08/06 09:17:49.746, NVIDIA H100 80GB HBM3, 27, 0 %, 0 %, 0 MiB, 81559 MiB
2026/08/06 09:17:52.747, NVIDIA H100 80GB HBM3, 26, 0 %, 0 %, 0 MiB, 81559 MiB
2026/08/06 09:17:55.747, NVIDIA H100 80GB HBM3, 26, 0 %, 0 %, 0 MiB, 81559 MiB
2026/08/06 09:17:58.747, NVIDIA H100 80GB HBM3, 26, 0 %, 0 %, 0 MiB, 81559 MiB
2026/08/06 09:18:01.748, NVIDIA H100 80GB HBM3, 26, 0 %, 0 %, 0 MiB, 81559 MiB
2026/08/06 09:18:04.748, NVIDIA H100 80GB HBM3, 26, 0 %, 0 %, 0 MiB, 81559 MiB
2026/08/06 09:18:07.748, NVIDIA H100 80GB HBM3, 26, 0 %, 0 %, 0 MiB, 81559 MiB
2026/08/06 09:18:10.749, NVIDIA H100 80GB HBM3, 26, 0 %, 0 %, 0 MiB, 81559 MiB
2026/08/06 09:18:13.749, NVIDIA H100 80GB HBM3, 26, 0 %, 0 %, 0 MiB, 81559 MiB
2026/08/06 09:18:16.749, NVIDIA H100 80GB HBM3, 26, 0 %, 0 %, 0 MiB, 81559 MiB
2026/08/06 09:18:19.750, NVIDIA H100 80GB HBM3, 25, 0 %, 0 %, 0 MiB, 81559 MiB
2026/08/06 09:18:22.750, NVIDIA H100 80GB HBM3, 25, 0 %, 0 %, 0 MiB, 81559 MiB
2026/08/06 09:18:25.750, NVIDIA H100 80GB HBM3, 25, 0 %, 0 %, 0 MiB, 81559 MiB
2026/08/06 09:18:28.751, NVIDIA H100 80GB HBM3, 25, 0 %, 0 %, 0 MiB, 81559 MiB
2026/08/06 09:18:31.751, NVIDIA H100 80GB HBM3, 25, 0 %, 0 %, 0 MiB, 81559 MiB
2026/08/06 09:18:34.752, NVIDIA H100 80GB HBM3, 25, 0 %, 0 %, 0 MiB, 81559 MiB
2026/08/06 09:18:37.752, NVIDIA H100 80GB HBM3, 25, 0 %, 0 %, 0 MiB, 81559 MiB
2026/08/06 09:18:40.752, NVIDIA H100 80GB HBM3, 25, 0 %, 0 %, 0 MiB, 81559 MiB
2026/08/06 09:18:43.753, NVIDIA H100 80GB HBM3, 25, 0 %, 0 %, 0 MiB, 81559 MiB
2026/08/06 09:18:46.753, NVIDIA H100 80GB HBM3, 25, 0 %, 0 %, 0 MiB, 81559 MiB
2026/08/06 09:18:49.753, NVIDIA H100 80GB HBM3, 25, 0 %, 0 %, 0 MiB, 81559 MiB
2026/08/06 09:18:52.754, NVIDIA H100 80GB HBM3, 25, 0 %, 0 %, 0 MiB, 81559 MiB
2026/08/06 09:18:55.754, NVIDIA H100 80GB HBM3, 25, 0 %, 0 %, 5 MiB, 81559 MiB
2026/08/06 09:18:58.755, NVIDIA H100 80GB HBM3, 27, 0 %, 0 %, 531 MiB, 81559 MiB
2026/08/06 09:19:01.755, NVIDIA H100 80GB HBM3, 27, 0 %, 0 %, 531 MiB, 81559 MiB
2026/08/06 09:19:04.755, NVIDIA H100 80GB HBM3, 27, 0 %, 0 %, 531 MiB, 81559 MiB
2026/08/06 09:19:07.756, NVIDIA H100 80GB HBM3, 27, 0 %, 0 %, 531 MiB, 81559 MiB
2026/08/06 09:19:10.756, NVIDIA H100 80GB HBM3, 27, 0 %, 0 %, 531 MiB, 81559 MiB
2026/08/06 09:19:13.756, NVIDIA H100 80GB HBM3, 27, 0 %, 0 %, 531 MiB, 81559 MiB
2026/08/06 09:19:16.757, NVIDIA H100 80GB HBM3, 27, 0 %, 0 %, 531 MiB, 81559 MiB
2026/08/06 09:19:19.757, NVIDIA H100 80GB HBM3, 27, 0 %, 0 %, 531 MiB, 81559 MiB
2026/08/06 09:19:22.758, NVIDIA H100 80GB HBM3, 27, 0 %, 0 %, 531 MiB, 81559 MiB
2026/08/06 09:19:25.758, NVIDIA H100 80GB HBM3, 27, 0 %, 0 %, 531 MiB, 81559 MiB
2026/08/06 09:19:28.758, NVIDIA H100 80GB HBM3, 27, 0 %, 0 %, 531 MiB, 81559 MiB
2026/08/06 09:19:31.759, NVIDIA H100 80GB HBM3, 27, 0 %, 0 %, 531 MiB, 81559 MiB
2026/08/06 09:19:34.759, NVIDIA H100 80GB HBM3, 27, 0 %, 0 %, 531 MiB, 81559 MiB
2026/08/06 09:19:37.759, NVIDIA H100 80GB HBM3, 27, 0 %, 0 %, 531 MiB, 81559 MiB
2026/08/06 09:19:40.760, NVIDIA H100 80GB HBM3, 27, 0 %, 0 %, 531 MiB, 81559 MiB
2026/08/06 09:19:43.760, NVIDIA H100 80GB HBM3, 27, 0 %, 0 %, 531 MiB, 81559 MiB
2026/08/06 09:19:46.760, NVIDIA H100 80GB HBM3, 27, 0 %, 0 %, 531 MiB, 81559 MiB
2026/08/06 09:19:49.761, NVIDIA H100 80GB HBM3, 27, 0 %, 0 %, 531 MiB, 81559 MiB
2026/08/06 09:19:52.761, NVIDIA H100 80GB HBM3, 27, 0 %, 0 %, 531 MiB, 81559 MiB
2026/08/06 09:19:55.762, NVIDIA H100 80GB HBM3, 27, 0 %, 0 %, 531 MiB, 81559 MiB
2026/08/06 09:19:58.762, NVIDIA H100 80GB HBM3, 27, 0 %, 0 %, 531 MiB, 81559 MiB
2026/08/06 09:20:01.762, NVIDIA H100 80GB HBM3, 27, 0 %, 0 %, 531 MiB, 81559 MiB
2026/08/06 09:20:04.763, NVIDIA H100 80GB HBM3, 27, 0 %, 0 %, 531 MiB, 81559 MiB
2026/08/06 09:20:07.763, NVIDIA H100 80GB HBM3, 27, 0 %, 0 %, 531 MiB, 81559 MiB
2026/08/06 09:20:10.764, NVIDIA H100 80GB HBM3, 27, 0 %, 0 %, 531 MiB, 81559 MiB
2026/08/06 09:20:13.764, NVIDIA H100 80GB HBM3, 27, 0 %, 0 %, 531 MiB, 81559 MiB
2026/08/06 09:20:16.765, NVIDIA H100 80GB HBM3, 27, 0 %, 0 %, 531 MiB, 81559 MiB
2026/08/06 09:20:19.765, NVIDIA H100 80GB HBM3, 27, 0 %, 0 %, 531 MiB, 81559 MiB
2026/08/06 09:20:22.765, NVIDIA H100 80GB HBM3, 27, 0 %, 0 %, 531 MiB, 81559 MiB
2026/08/06 09:20:25.766, NVIDIA H100 80GB HBM3, 27, 0 %, 0 %, 531 MiB, 81559 MiB
2026/08/06 09:20:28.766, NVIDIA H100 80GB HBM3, 27, 0 %, 0 %, 531 MiB, 81559 MiB
2026/08/06 09:20:31.767, NVIDIA H100 80GB HBM3, 27, 0 %, 0 %, 531 MiB, 81559 MiB
2026/08/06 09:20:34.767, NVIDIA H100 80GB HBM3, 27, 0 %, 0 %, 531 MiB, 81559 MiB
2026/08/06 09:20:37.767, NVIDIA H100 80GB HBM3, 27, 0 %, 0 %, 531 MiB, 81559 MiB
2026/08/06 09:20:40.768, NVIDIA H100 80GB HBM3, 27, 0 %, 0 %, 531 MiB, 81559 MiB
2026/08/06 09:20:43.768, NVIDIA H100 80GB HBM3, 27, 0 %, 0 %, 531 MiB, 81559 MiB
2026/08/06 09:20:46.769, NVIDIA H100 80GB HBM3, 27, 0 %, 0 %, 531 MiB, 81559 MiB
2026/08/06 09:20:49.769, NVIDIA H100 80GB HBM3, 27, 0 %, 0 %, 531 MiB, 81559 MiB
2026/08/06 09:20:52.770, NVIDIA H100 80GB HBM3, 27, 0 %, 0 %, 531 MiB, 81559 MiB
2026/08/06 09:20:55.770, NVIDIA H100 80GB HBM3, 27, 0 %, 0 %, 531 MiB, 81559 MiB
2026/08/06 09:20:58.771, NVIDIA H100 80GB HBM3, 27, 0 %, 0 %, 531 MiB, 81559 MiB
2026/08/06 09:21:01.771, NVIDIA H100 80GB HBM3, 27, 0 %, 0 %, 531 MiB, 81559 MiB
2026/08/06 09:21:04.771, NVIDIA H100 80GB HBM3, 27, 0 %, 0 %, 531 MiB, 81559 MiB
2026/08/06 09:21:07.772, NVIDIA H100 80GB HBM3, 27, 0 %, 0 %, 531 MiB, 81559 MiB
2026/08/06 09:21:10.772, NVIDIA H100 80GB HBM3, 27, 0 %, 0 %, 531 MiB, 81559 MiB
2026/08/06 09:21:13.773, NVIDIA H100 80GB HBM3, 27, 0 %, 0 %, 531 MiB, 81559 MiB
2026/08/06 09:21:16.773, NVIDIA H100 80GB HBM3, 27, 0 %, 0 %, 531 MiB, 81559 MiB
2026/08/06 09:21:19.774, NVIDIA H100 80GB HBM3, 27, 0 %, 0 %, 531 MiB, 81559 MiB
2026/08/06 09:21:22.774, NVIDIA H100 80GB HBM3, 27, 0 %, 0 %, 531 MiB, 81559 MiB
2026/08/06 09:21:25.775, NVIDIA H100 80GB HBM3, 27, 0 %, 0 %, 531 MiB, 81559 MiB
2026/08/06 09:21:28.775, NVIDIA H100 80GB HBM3, 27, 0 %, 0 %, 531 MiB, 81559 MiB
2026/08/06 09:21:31.775, NVIDIA H100 80GB HBM3, 26, 0 %, 0 %, 531 MiB, 81559 MiB
2026/08/06 09:21:34.776, NVIDIA H100 80GB HBM3, 27, 0 %, 0 %, 531 MiB, 81559 MiB
2026/08/06 09:21:37.776, NVIDIA H100 80GB HBM3, 26, 0 %, 0 %, 531 MiB, 81559 MiB
2026/08/06 09:21:40.777, NVIDIA H100 80GB HBM3, 26, 0 %, 0 %, 531 MiB, 81559 MiB
2026/08/06 09:21:43.777, NVIDIA H100 80GB HBM3, 26, 0 %, 0 %, 531 MiB, 81559 MiB
2026/08/06 09:21:46.778, NVIDIA H100 80GB HBM3, 27, 0 %, 0 %, 531 MiB, 81559 MiB
2026/08/06 09:21:49.778, NVIDIA H100 80GB HBM3, 27, 0 %, 0 %, 531 MiB, 81559 MiB
2026/08/06 09:21:52.778, NVIDIA H100 80GB HBM3, 27, 0 %, 0 %, 531 MiB, 81559 MiB
2026/08/06 09:21:55.779, NVIDIA H100 80GB HBM3, 27, 0 %, 0 %, 531 MiB, 81559 MiB
2026/08/06 09:21:58.779, NVIDIA H100 80GB HBM3, 27, 0 %, 0 %, 531 MiB, 81559 MiB
2026/08/06 09:22:01.780, NVIDIA H100 80GB HBM3, 27, 0 %, 0 %, 531 MiB, 81559 MiB
2026/08/06 09:22:04.780, NVIDIA H100 80GB HBM3, 26, 0 %, 0 %, 531 MiB, 81559 MiB
2026/08/06 09:22:07.780, NVIDIA H100 80GB HBM3, 26, 0 %, 0 %, 531 MiB, 81559 MiB
2026/08/06 09:22:10.781, NVIDIA H100 80GB HBM3, 26, 0 %, 0 %, 531 MiB, 81559 MiB
2026/08/06 09:22:13.781, NVIDIA H100 80GB HBM3, 26, 0 %, 0 %, 531 MiB, 81559 MiB
2026/08/06 09:22:16.782, NVIDIA H100 80GB HBM3, 26, 0 %, 0 %, 531 MiB, 81559 MiB
2026/08/06 09:22:19.782, NVIDIA H100 80GB HBM3, 26, 0 %, 0 %, 531 MiB, 81559 MiB
2026/08/06 09:22:22.783, NVIDIA H100 80GB HBM3, 26, 0 %, 0 %, 531 MiB, 81559 MiB
2026/08/06 09:22:25.783, NVIDIA H100 80GB HBM3, 26, 0 %, 0 %, 531 MiB, 81559 MiB
2026/08/06 09:22:28.783, NVIDIA H100 80GB HBM3, 26, 0 %, 0 %, 531 MiB, 81559 MiB
2026/08/06 09:22:31.784, NVIDIA H100 80GB HBM3, 26, 0 %, 0 %, 531 MiB, 81559 MiB
2026/08/06 09:22:34.784, NVIDIA H100 80GB HBM3, 26, 0 %, 0 %, 531 MiB, 81559 MiB
2026/08/06 09:22:37.785, NVIDIA H100 80GB HBM3, 26, 0 %, 0 %, 531 MiB, 81559 MiB
2026/08/06 09:22:40.785, NVIDIA H100 80GB HBM3, 26, 0 %, 0 %, 531 MiB, 81559 MiB
2026/08/06 09:22:43.785, NVIDIA H100 80GB HBM3, 26, 0 %, 0 %, 531 MiB, 81559 MiB
2026/08/06 09:22:46.786, NVIDIA H100 80GB HBM3, 26, 0 %, 0 %, 531 MiB, 81559 MiB
2026/08/06 09:22:49.786, NVIDIA H100 80GB HBM3, 26, 0 %, 0 %, 531 MiB, 81559 MiB
2026/08/06 09:22:52.788, NVIDIA H100 80GB HBM3, 26, 0 %, 0 %, 531 MiB, 81559 MiB
2026/08/06 09:22:55.789, NVIDIA H100 80GB HBM3, 26, 0 %, 0 %, 531 MiB, 81559 MiB
2026/08/06 09:22:58.789, NVIDIA H100 80GB HBM3, 26, 0 %, 0 %, 531 MiB, 81559 MiB
2026/08/06 09:23:01.789, NVIDIA H100 80GB HBM3, 26, 0 %, 0 %, 531 MiB, 81559 MiB
2026/08/06 09:23:04.790, NVIDIA H100 80GB HBM3, 26, 0 %, 0 %, 531 MiB, 81559 MiB
2026/08/06 09:23:07.790, NVIDIA H100 80GB HBM3, 26, 0 %, 0 %, 531 MiB, 81559 MiB
2026/08/06 09:23:10.790, NVIDIA H100 80GB HBM3, 26, 0 %, 0 %, 531 MiB, 81559 MiB
2026/08/06 09:23:13.791, NVIDIA H100 80GB HBM3, 26, 0 %, 0 %, 531 MiB, 81559 MiB
2026/08/06 09:23:16.791, NVIDIA H100 80GB HBM3, 26, 0 %, 0 %, 531 MiB, 81559 MiB
2026/08/06 09:23:19.792, NVIDIA H100 80GB HBM3, 26, 0 %, 0 %, 531 MiB, 81559 MiB
2026/08/06 09:23:22.792, NVIDIA H100 80GB HBM3, 27, 13 %, 3 %, 907 MiB, 81559 MiB
2026/08/06 09:23:25.793, NVIDIA H100 80GB HBM3, 26, 0 %, 0 %, 785 MiB, 81559 MiB
2026/08/06 09:23:28.793, NVIDIA H100 80GB HBM3, 26, 0 %, 0 %, 785 MiB, 81559 MiB
2026/08/06 09:23:31.794, NVIDIA H100 80GB HBM3, 26, 0 %, 0 %, 785 MiB, 81559 MiB
2026/08/06 09:23:34.794, NVIDIA H100 80GB HBM3, 26, 0 %, 0 %, 785 MiB, 81559 MiB
2026/08/06 09:23:37.794, NVIDIA H100 80GB HBM3, 26, 0 %, 0 %, 785 MiB, 81559 MiB
2026/08/06 09:23:40.795, NVIDIA H100 80GB HBM3, 26, 0 %, 0 %, 789 MiB, 81559 MiB
2026/08/06 09:23:43.825, NVIDIA H100 80GB HBM3, 26, 0 %, 0 %, 797 MiB, 81559 MiB
2026/08/06 09:23:46.827, NVIDIA H100 80GB HBM3, 26, 0 %, 0 %, 807 MiB, 81559 MiB
2026/08/06 09:23:49.828, NVIDIA H100 80GB HBM3, 29, 93 %, 13 %, 8305 MiB, 81559 MiB
2026/08/06 09:23:52.828, NVIDIA H100 80GB HBM3, 29, 0 %, 0 %, 17901 MiB, 81559 MiB
2026/08/06 09:23:55.829, NVIDIA H100 80GB HBM3, 28, 0 %, 0 %, 20873 MiB, 81559 MiB
2026/08/06 09:23:58.829, NVIDIA H100 80GB HBM3, 34, 67 %, 26 %, 69349 MiB, 81559 MiB
2026/08/06 09:24:01.830, NVIDIA H100 80GB HBM3, 32, 33 %, 19 %, 56761 MiB, 81559 MiB
2026/08/06 09:24:04.830, NVIDIA H100 80GB HBM3, 39, 100 %, 8 %, 63069 MiB, 81559 MiB
2026/08/06 09:24:07.830, NVIDIA H100 80GB HBM3, 40, 100 %, 17 %, 65187 MiB, 81559 MiB
2026/08/06 09:24:10.831, NVIDIA H100 80GB HBM3, 37, 100 %, 66 %, 50469 MiB, 81559 MiB
2026/08/06 09:24:13.831, NVIDIA H100 80GB HBM3, 37, 100 %, 16 %, 47329 MiB, 81559 MiB
2026/08/06 09:24:16.832, NVIDIA H100 80GB HBM3, 41, 77 %, 13 %, 31833 MiB, 81559 MiB
2026/08/06 09:24:19.832, NVIDIA H100 80GB HBM3, 38, 100 %, 2 %, 31345 MiB, 81559 MiB
2026/08/06 09:24:22.832, NVIDIA H100 80GB HBM3, 31, 100 %, 0 %, 31345 MiB, 81559 MiB
2026/08/06 09:24:25.833, NVIDIA H100 80GB HBM3, 43, 100 %, 58 %, 74601 MiB, 81559 MiB
2026/08/06 09:24:28.833, NVIDIA H100 80GB HBM3, 46, 100 %, 53 %, 74601 MiB, 81559 MiB
2026/08/06 09:24:31.834, NVIDIA H100 80GB HBM3, 43, 100 %, 49 %, 74601 MiB, 81559 MiB
2026/08/06 09:24:34.834, NVIDIA H100 80GB HBM3, 44, 100 %, 50 %, 74601 MiB, 81559 MiB
2026/08/06 09:24:37.835, NVIDIA H100 80GB HBM3, 44, 100 %, 50 %, 74601 MiB, 81559 MiB
2026/08/06 09:24:40.835, NVIDIA H100 80GB HBM3, 43, 57 %, 35 %, 74601 MiB, 81559 MiB
2026/08/06 09:24:43.835, NVIDIA H100 80GB HBM3, 44, 100 %, 54 %, 74601 MiB, 81559 MiB
2026/08/06 09:24:46.836, NVIDIA H100 80GB HBM3, 43, 100 %, 63 %, 74601 MiB, 81559 MiB
2026/08/06 09:24:49.836, NVIDIA H100 80GB HBM3, 37, 57 %, 30 %, 74601 MiB, 81559 MiB
2026/08/06 09:24:52.837, NVIDIA H100 80GB HBM3, 32, 0 %, 0 %, 74601 MiB, 81559 MiB
2026/08/06 09:24:55.837, NVIDIA H100 80GB HBM3, 39, 99 %, 53 %, 74601 MiB, 81559 MiB
2026/08/06 09:24:58.837, NVIDIA H100 80GB HBM3, 37, 75 %, 40 %, 74601 MiB, 81559 MiB
2026/08/06 09:25:01.838, NVIDIA H100 80GB HBM3, 33, 0 %, 0 %, 74601 MiB, 81559 MiB
2026/08/06 09:25:04.838, NVIDIA H100 80GB HBM3, 44, 100 %, 56 %, 74601 MiB, 81559 MiB
2026/08/06 09:25:07.839, NVIDIA H100 80GB HBM3, 31, 0 %, 0 %, 74601 MiB, 81559 MiB
2026/08/06 09:25:10.839, NVIDIA H100 80GB HBM3, 38, 10 %, 0 %, 74601 MiB, 81559 MiB
2026/08/06 09:25:13.840, NVIDIA H100 80GB HBM3, 45, 100 %, 50 %, 74601 MiB, 81559 MiB
2026/08/06 09:25:16.840, NVIDIA H100 80GB HBM3, 33, 0 %, 0 %, 74601 MiB, 81559 MiB
2026/08/06 09:25:19.841, NVIDIA H100 80GB HBM3, 39, 100 %, 57 %, 74601 MiB, 81559 MiB
2026/08/06 09:25:22.841, NVIDIA H100 80GB HBM3, 46, 100 %, 48 %, 74601 MiB, 81559 MiB
2026/08/06 09:25:25.841, NVIDIA H100 80GB HBM3, 34, 0 %, 0 %, 74601 MiB, 81559 MiB
2026/08/06 09:25:28.842, NVIDIA H100 80GB HBM3, 36, 100 %, 54 %, 74601 MiB, 81559 MiB
2026/08/06 09:25:31.842, NVIDIA H100 80GB HBM3, 33, 0 %, 0 %, 74601 MiB, 81559 MiB
2026/08/06 09:25:34.843, NVIDIA H100 80GB HBM3, 42, 98 %, 64 %, 74601 MiB, 81559 MiB
2026/08/06 09:25:37.843, NVIDIA H100 80GB HBM3, 37, 100 %, 65 %, 74601 MiB, 81559 MiB
2026/08/06 09:25:40.844, NVIDIA H100 80GB HBM3, 37, 100 %, 68 %, 74601 MiB, 81559 MiB
2026/08/06 09:25:43.844, NVIDIA H100 80GB HBM3, 42, 76 %, 41 %, 74601 MiB, 81559 MiB
2026/08/06 09:25:46.845, NVIDIA H100 80GB HBM3, 29, 0 %, 0 %, 74601 MiB, 81559 MiB
2026/08/06 09:25:49.845, NVIDIA H100 80GB HBM3, 36, 100 %, 59 %, 74601 MiB, 81559 MiB
2026/08/06 09:25:52.845, NVIDIA H100 80GB HBM3, 42, 100 %, 53 %, 74601 MiB, 81559 MiB
2026/08/06 09:25:55.846, NVIDIA H100 80GB HBM3, 29, 0 %, 0 %, 74601 MiB, 81559 MiB
2026/08/06 09:25:58.846, NVIDIA H100 80GB HBM3, 43, 100 %, 54 %, 74601 MiB, 81559 MiB
2026/08/06 09:26:01.847, NVIDIA H100 80GB HBM3, 44, 98 %, 64 %, 74601 MiB, 81559 MiB
2026/08/06 09:26:04.847, NVIDIA H100 80GB HBM3, 29, 0 %, 0 %, 74601 MiB, 81559 MiB
2026/08/06 09:26:07.847, NVIDIA H100 80GB HBM3, 42, 100 %, 68 %, 74601 MiB, 81559 MiB
2026/08/06 09:26:10.848, NVIDIA H100 80GB HBM3, 40, 100 %, 53 %, 74601 MiB, 81559 MiB
2026/08/06 09:26:13.848, NVIDIA H100 80GB HBM3, 30, 0 %, 0 %, 74601 MiB, 81559 MiB
2026/08/06 09:26:16.849, NVIDIA H100 80GB HBM3, 43, 99 %, 73 %, 74601 MiB, 81559 MiB
2026/08/06 09:26:19.849, NVIDIA H100 80GB HBM3, 42, 100 %, 56 %, 74601 MiB, 81559 MiB
2026/08/06 09:26:22.849, NVIDIA H100 80GB HBM3, 30, 0 %, 0 %, 74601 MiB, 81559 MiB
2026/08/06 09:26:25.850, NVIDIA H100 80GB HBM3, 43, 99 %, 44 %, 74601 MiB, 81559 MiB
2026/08/06 09:26:28.850, NVIDIA H100 80GB HBM3, 38, 100 %, 55 %, 74601 MiB, 81559 MiB
2026/08/06 09:26:31.851, NVIDIA H100 80GB HBM3, 33, 0 %, 0 %, 74601 MiB, 81559 MiB
2026/08/06 09:26:34.851, NVIDIA H100 80GB HBM3, 42, 100 %, 66 %, 74601 MiB, 81559 MiB
2026/08/06 09:26:37.851, NVIDIA H100 80GB HBM3, 45, 100 %, 49 %, 74601 MiB, 81559 MiB
2026/08/06 09:26:40.852, NVIDIA H100 80GB HBM3, 31, 0 %, 0 %, 74601 MiB, 81559 MiB
2026/08/06 09:26:43.852, NVIDIA H100 80GB HBM3, 43, 99 %, 67 %, 74601 MiB, 81559 MiB
2026/08/06 09:26:46.853, NVIDIA H100 80GB HBM3, 44, 100 %, 66 %, 74601 MiB, 81559 MiB
2026/08/06 09:26:49.853, NVIDIA H100 80GB HBM3, 41, 98 %, 19 %, 32777 MiB, 81559 MiB
2026/08/06 09:26:52.854, NVIDIA H100 80GB HBM3, 41, 84 %, 17 %, 48787 MiB, 81559 MiB
2026/08/06 09:26:55.854, NVIDIA H100 80GB HBM3, 42, 49 %, 19 %, 50405 MiB, 81559 MiB
2026/08/06 09:26:58.855, NVIDIA H100 80GB HBM3, 32, 19 %, 10 %, 41583 MiB, 81559 MiB
2026/08/06 09:27:01.855, NVIDIA H100 80GB HBM3, 35, 8 %, 3 %, 29183 MiB, 81559 MiB
2026/08/06 09:27:04.856, NVIDIA H100 80GB HBM3, 31, 0 %, 0 %, 23265 MiB, 81559 MiB
2026/08/06 09:27:07.856, NVIDIA H100 80GB HBM3, 38, 100 %, 2 %, 26243 MiB, 81559 MiB
2026/08/06 09:27:10.857, NVIDIA H100 80GB HBM3, 28, 0 %, 0 %, 14589 MiB, 81559 MiB
2026/08/06 09:27:13.857, NVIDIA H100 80GB HBM3, 28, 0 %, 0 %, 29293 MiB, 81559 MiB
2026/08/06 09:27:16.857, NVIDIA H100 80GB HBM3, 43, 100 %, 66 %, 29293 MiB, 81559 MiB
2026/08/06 09:27:19.858, NVIDIA H100 80GB HBM3, 44, 92 %, 26 %, 31501 MiB, 81559 MiB
2026/08/06 09:27:22.858, NVIDIA H100 80GB HBM3, 28, 0 %, 0 %, 11217 MiB, 81559 MiB
2026/08/06 09:27:25.859, NVIDIA H100 80GB HBM3, 28, 0 %, 0 %, 11217 MiB, 81559 MiB
2026/08/06 09:27:28.859, NVIDIA H100 80GB HBM3, 34, 100 %, 61 %, 74157 MiB, 81559 MiB
2026/08/06 09:27:31.860, NVIDIA H100 80GB HBM3, 42, 100 %, 60 %, 74157 MiB, 81559 MiB
2026/08/06 09:27:34.860, NVIDIA H100 80GB HBM3, 44, 100 %, 54 %, 74157 MiB, 81559 MiB
2026/08/06 09:27:37.860, NVIDIA H100 80GB HBM3, 35, 100 %, 56 %, 74157 MiB, 81559 MiB
2026/08/06 09:27:40.861, NVIDIA H100 80GB HBM3, 39, 85 %, 54 %, 74157 MiB, 81559 MiB
2026/08/06 09:27:43.861, NVIDIA H100 80GB HBM3, 42, 100 %, 56 %, 74157 MiB, 81559 MiB
2026/08/06 09:27:46.862, NVIDIA H100 80GB HBM3, 38, 58 %, 42 %, 74157 MiB, 81559 MiB
2026/08/06 09:27:49.862, NVIDIA H100 80GB HBM3, 41, 98 %, 66 %, 74157 MiB, 81559 MiB
2026/08/06 09:27:52.863, NVIDIA H100 80GB HBM3, 42, 98 %, 70 %, 74157 MiB, 81559 MiB
2026/08/06 09:27:55.863, NVIDIA H100 80GB HBM3, 40, 100 %, 55 %, 74157 MiB, 81559 MiB
2026/08/06 09:27:58.863, NVIDIA H100 80GB HBM3, 41, 100 %, 54 %, 74157 MiB, 81559 MiB
2026/08/06 09:28:01.864, NVIDIA H100 80GB HBM3, 40, 98 %, 53 %, 74157 MiB, 81559 MiB
2026/08/06 09:28:04.864, NVIDIA H100 80GB HBM3, 35, 37 %, 23 %, 74157 MiB, 81559 MiB
2026/08/06 09:28:07.865, NVIDIA H100 80GB HBM3, 40, 100 %, 56 %, 74157 MiB, 81559 MiB
2026/08/06 09:28:10.865, NVIDIA H100 80GB HBM3, 38, 45 %, 22 %, 74157 MiB, 81559 MiB
2026/08/06 09:28:13.866, NVIDIA H100 80GB HBM3, 34, 0 %, 0 %, 74157 MiB, 81559 MiB
2026/08/06 09:28:16.866, NVIDIA H100 80GB HBM3, 42, 100 %, 61 %, 74157 MiB, 81559 MiB
2026/08/06 09:28:19.867, NVIDIA H100 80GB HBM3, 45, 100 %, 66 %, 74157 MiB, 81559 MiB
2026/08/06 09:28:22.867, NVIDIA H100 80GB HBM3, 33, 0 %, 0 %, 74157 MiB, 81559 MiB
2026/08/06 09:28:25.867, NVIDIA H100 80GB HBM3, 43, 100 %, 57 %, 74157 MiB, 81559 MiB
2026/08/06 09:28:28.868, NVIDIA H100 80GB HBM3, 44, 100 %, 56 %, 74157 MiB, 81559 MiB
2026/08/06 09:28:31.868, NVIDIA H100 80GB HBM3, 33, 0 %, 0 %, 74157 MiB, 81559 MiB
2026/08/06 09:28:34.869, NVIDIA H100 80GB HBM3, 35, 55 %, 27 %, 74157 MiB, 81559 MiB
2026/08/06 09:28:37.869, NVIDIA H100 80GB HBM3, 41, 100 %, 57 %, 74157 MiB, 81559 MiB
2026/08/06 09:28:40.870, NVIDIA H100 80GB HBM3, 39, 100 %, 41 %, 74157 MiB, 81559 MiB
2026/08/06 09:28:43.870, NVIDIA H100 80GB HBM3, 41, 98 %, 67 %, 74157 MiB, 81559 MiB
2026/08/06 09:28:46.871, NVIDIA H100 80GB HBM3, 42, 100 %, 63 %, 74157 MiB, 81559 MiB
2026/08/06 09:28:49.871, NVIDIA H100 80GB HBM3, 31, 0 %, 0 %, 74157 MiB, 81559 MiB
2026/08/06 09:28:52.872, NVIDIA H100 80GB HBM3, 29, 0 %, 0 %, 74157 MiB, 81559 MiB
2026/08/06 09:28:55.872, NVIDIA H100 80GB HBM3, 42, 100 %, 54 %, 74157 MiB, 81559 MiB
2026/08/06 09:28:58.872, NVIDIA H100 80GB HBM3, 41, 100 %, 57 %, 74157 MiB, 81559 MiB
2026/08/06 09:29:01.873, NVIDIA H100 80GB HBM3, 40, 100 %, 51 %, 74157 MiB, 81559 MiB
2026/08/06 09:29:04.873, NVIDIA H100 80GB HBM3, 42, 100 %, 44 %, 74157 MiB, 81559 MiB
2026/08/06 09:29:07.874, NVIDIA H100 80GB HBM3, 35, 3 %, 3 %, 74157 MiB, 81559 MiB
2026/08/06 09:29:10.874, NVIDIA H100 80GB HBM3, 36, 99 %, 68 %, 74157 MiB, 81559 MiB
2026/08/06 09:29:13.875, NVIDIA H100 80GB HBM3, 41, 100 %, 64 %, 74157 MiB, 81559 MiB
2026/08/06 09:29:16.875, NVIDIA H100 80GB HBM3, 30, 0 %, 0 %, 74157 MiB, 81559 MiB
2026/08/06 09:29:19.876, NVIDIA H100 80GB HBM3, 41, 100 %, 50 %, 74157 MiB, 81559 MiB
2026/08/06 09:29:22.876, NVIDIA H100 80GB HBM3, 46, 100 %, 50 %, 74157 MiB, 81559 MiB
2026/08/06 09:29:25.877, NVIDIA H100 80GB HBM3, 30, 0 %, 0 %, 74157 MiB, 81559 MiB
2026/08/06 09:29:28.877, NVIDIA H100 80GB HBM3, 36, 78 %, 33 %, 74157 MiB, 81559 MiB
2026/08/06 09:29:31.878, NVIDIA H100 80GB HBM3, 43, 100 %, 53 %, 74157 MiB, 81559 MiB
2026/08/06 09:29:34.878, NVIDIA H100 80GB HBM3, 30, 0 %, 0 %, 74157 MiB, 81559 MiB
2026/08/06 09:29:37.878, NVIDIA H100 80GB HBM3, 32, 0 %, 0 %, 74157 MiB, 81559 MiB
2026/08/06 09:29:40.879, NVIDIA H100 80GB HBM3, 43, 100 %, 54 %, 74157 MiB, 81559 MiB
2026/08/06 09:29:43.879, NVIDIA H100 80GB HBM3, 33, 0 %, 0 %, 74157 MiB, 81559 MiB
2026/08/06 09:29:46.880, NVIDIA H100 80GB HBM3, 31, 0 %, 0 %, 74157 MiB, 81559 MiB
2026/08/06 09:29:49.880, NVIDIA H100 80GB HBM3, 43, 100 %, 51 %, 74157 MiB, 81559 MiB
2026/08/06 09:29:52.880, NVIDIA H100 80GB HBM3, 33, 0 %, 0 %, 74157 MiB, 81559 MiB
2026/08/06 09:29:55.881, NVIDIA H100 80GB HBM3, 43, 100 %, 61 %, 74157 MiB, 81559 MiB
2026/08/06 09:29:58.881, NVIDIA H100 80GB HBM3, 43, 100 %, 51 %, 74157 MiB, 81559 MiB
2026/08/06 09:30:01.881, NVIDIA H100 80GB HBM3, 33, 0 %, 0 %, 74157 MiB, 81559 MiB
2026/08/06 09:30:04.882, NVIDIA H100 80GB HBM3, 36, 66 %, 46 %, 74157 MiB, 81559 MiB
2026/08/06 09:30:07.882, NVIDIA H100 80GB HBM3, 34, 0 %, 0 %, 74157 MiB, 81559 MiB
2026/08/06 09:30:10.883, NVIDIA H100 80GB HBM3, 28, 0 %, 0 %, 74157 MiB, 81559 MiB
2026/08/06 09:30:13.883, NVIDIA H100 80GB HBM3, 28, 0 %, 0 %, 74157 MiB, 81559 MiB
2026/08/06 09:30:16.884, NVIDIA H100 80GB HBM3, 27, 0 %, 0 %, 74157 MiB, 81559 MiB
2026/08/06 09:30:19.884, NVIDIA H100 80GB HBM3, 39, 100 %, 63 %, 74157 MiB, 81559 MiB
2026/08/06 09:30:22.884, NVIDIA H100 80GB HBM3, 42, 77 %, 49 %, 74157 MiB, 81559 MiB
2026/08/06 09:30:25.885, NVIDIA H100 80GB HBM3, 31, 0 %, 0 %, 74157 MiB, 81559 MiB
2026/08/06 09:30:28.885, NVIDIA H100 80GB HBM3, 41, 66 %, 39 %, 74157 MiB, 81559 MiB
2026/08/06 09:30:31.886, NVIDIA H100 80GB HBM3, 45, 98 %, 49 %, 74157 MiB, 81559 MiB
2026/08/06 09:30:34.886, NVIDIA H100 80GB HBM3, 32, 0 %, 0 %, 74157 MiB, 81559 MiB
2026/08/06 09:30:37.886, NVIDIA H100 80GB HBM3, 43, 100 %, 58 %, 74157 MiB, 81559 MiB
2026/08/06 09:30:40.887, NVIDIA H100 80GB HBM3, 40, 74 %, 40 %, 74157 MiB, 81559 MiB
2026/08/06 09:30:43.887, NVIDIA H100 80GB HBM3, 30, 0 %, 0 %, 74157 MiB, 81559 MiB
2026/08/06 09:30:46.888, NVIDIA H100 80GB HBM3, 42, 99 %, 63 %, 74157 MiB, 81559 MiB
2026/08/06 09:30:49.888, NVIDIA H100 80GB HBM3, 43, 98 %, 69 %, 74157 MiB, 81559 MiB
2026/08/06 09:30:52.889, NVIDIA H100 80GB HBM3, 36, 71 %, 46 %, 74157 MiB, 81559 MiB
2026/08/06 09:30:55.889, NVIDIA H100 80GB HBM3, 43, 90 %, 47 %, 74157 MiB, 81559 MiB
2026/08/06 09:30:58.890, NVIDIA H100 80GB HBM3, 42, 100 %, 42 %, 74157 MiB, 81559 MiB
2026/08/06 09:31:01.890, NVIDIA H100 80GB HBM3, 31, 0 %, 0 %, 74157 MiB, 81559 MiB
2026/08/06 09:31:04.891, NVIDIA H100 80GB HBM3, 36, 99 %, 71 %, 74157 MiB, 81559 MiB
2026/08/06 09:31:07.891, NVIDIA H100 80GB HBM3, 44, 100 %, 48 %, 74157 MiB, 81559 MiB
2026/08/06 09:31:10.892, NVIDIA H100 80GB HBM3, 45, 100 %, 53 %, 74157 MiB, 81559 MiB
2026/08/06 09:31:13.892, NVIDIA H100 80GB HBM3, 40, 100 %, 58 %, 74157 MiB, 81559 MiB
2026/08/06 09:31:16.893, NVIDIA H100 80GB HBM3, 42, 99 %, 71 %, 74157 MiB, 81559 MiB
2026/08/06 09:31:19.893, NVIDIA H100 80GB HBM3, 44, 100 %, 53 %, 74157 MiB, 81559 MiB
2026/08/06 09:31:22.893, NVIDIA H100 80GB HBM3, 36, 42 %, 24 %, 74157 MiB, 81559 MiB
2026/08/06 09:31:25.894, NVIDIA H100 80GB HBM3, 44, 100 %, 54 %, 74157 MiB, 81559 MiB
2026/08/06 09:31:28.894, NVIDIA H100 80GB HBM3, 29, 0 %, 0 %, 74157 MiB, 81559 MiB
2026/08/06 09:31:31.895, NVIDIA H100 80GB HBM3, 43, 98 %, 61 %, 74157 MiB, 81559 MiB
2026/08/06 09:31:34.895, NVIDIA H100 80GB HBM3, 43, 98 %, 42 %, 74157 MiB, 81559 MiB
2026/08/06 09:31:37.896, NVIDIA H100 80GB HBM3, 29, 0 %, 0 %, 74157 MiB, 81559 MiB
2026/08/06 09:31:40.896, NVIDIA H100 80GB HBM3, 37, 92 %, 49 %, 74157 MiB, 81559 MiB
2026/08/06 09:31:43.897, NVIDIA H100 80GB HBM3, 43, 100 %, 53 %, 74157 MiB, 81559 MiB
2026/08/06 09:31:46.897, NVIDIA H100 80GB HBM3, 30, 0 %, 0 %, 74157 MiB, 81559 MiB
2026/08/06 09:31:49.897, NVIDIA H100 80GB HBM3, 42, 100 %, 57 %, 74157 MiB, 81559 MiB
2026/08/06 09:31:52.898, NVIDIA H100 80GB HBM3, 41, 91 %, 53 %, 74157 MiB, 81559 MiB
2026/08/06 09:31:55.898, NVIDIA H100 80GB HBM3, 31, 0 %, 0 %, 74157 MiB, 81559 MiB
2026/08/06 09:31:58.899, NVIDIA H100 80GB HBM3, 42, 100 %, 44 %, 74157 MiB, 81559 MiB
2026/08/06 09:32:01.899, NVIDIA H100 80GB HBM3, 45, 100 %, 63 %, 74157 MiB, 81559 MiB
2026/08/06 09:32:04.900, NVIDIA H100 80GB HBM3, 30, 0 %, 0 %, 74157 MiB, 81559 MiB
2026/08/06 09:32:07.900, NVIDIA H100 80GB HBM3, 41, 100 %, 42 %, 74157 MiB, 81559 MiB
2026/08/06 09:32:10.901, NVIDIA H100 80GB HBM3, 44, 100 %, 42 %, 74157 MiB, 81559 MiB
2026/08/06 09:32:13.901, NVIDIA H100 80GB HBM3, 31, 0 %, 0 %, 74157 MiB, 81559 MiB
2026/08/06 09:32:16.902, NVIDIA H100 80GB HBM3, 39, 100 %, 50 %, 74157 MiB, 81559 MiB
2026/08/06 09:32:19.902, NVIDIA H100 80GB HBM3, 43, 74 %, 52 %, 74157 MiB, 81559 MiB
2026/08/06 09:32:22.903, NVIDIA H100 80GB HBM3, 36, 0 %, 0 %, 74157 MiB, 81559 MiB
2026/08/06 09:32:25.903, NVIDIA H100 80GB HBM3, 36, 32 %, 24 %, 74157 MiB, 81559 MiB
2026/08/06 09:32:28.904, NVIDIA H100 80GB HBM3, 45, 98 %, 54 %, 74157 MiB, 81559 MiB
2026/08/06 09:32:31.904, NVIDIA H100 80GB HBM3, 38, 0 %, 0 %, 74157 MiB, 81559 MiB
2026/08/06 09:32:34.905, NVIDIA H100 80GB HBM3, 42, 100 %, 53 %, 74157 MiB, 81559 MiB
2026/08/06 09:32:37.905, NVIDIA H100 80GB HBM3, 38, 0 %, 0 %, 74157 MiB, 81559 MiB
2026/08/06 09:32:40.906, NVIDIA H100 80GB HBM3, 32, 0 %, 0 %, 74157 MiB, 81559 MiB
2026/08/06 09:32:43.906, NVIDIA H100 80GB HBM3, 42, 100 %, 51 %, 74157 MiB, 81559 MiB
2026/08/06 09:32:46.907, NVIDIA H100 80GB HBM3, 36, 0 %, 0 %, 74157 MiB, 81559 MiB
2026/08/06 09:32:49.907, NVIDIA H100 80GB HBM3, 44, 100 %, 55 %, 74157 MiB, 81559 MiB
2026/08/06 09:32:52.908, NVIDIA H100 80GB HBM3, 34, 21 %, 13 %, 74157 MiB, 81559 MiB
2026/08/06 09:32:55.908, NVIDIA H100 80GB HBM3, 42, 100 %, 61 %, 74157 MiB, 81559 MiB
2026/08/06 09:32:58.909, NVIDIA H100 80GB HBM3, 29, 0 %, 0 %, 74157 MiB, 81559 MiB
2026/08/06 09:33:01.909, NVIDIA H100 80GB HBM3, 28, 0 %, 0 %, 74157 MiB, 81559 MiB
2026/08/06 09:33:04.909, NVIDIA H100 80GB HBM3, 27, 0 %, 0 %, 74157 MiB, 81559 MiB
2026/08/06 09:33:07.910, NVIDIA H100 80GB HBM3, 41, 98 %, 66 %, 74157 MiB, 81559 MiB
2026/08/06 09:33:10.910, NVIDIA H100 80GB HBM3, 44, 98 %, 71 %, 74157 MiB, 81559 MiB
2026/08/06 09:33:13.911, NVIDIA H100 80GB HBM3, 34, 0 %, 0 %, 74157 MiB, 81559 MiB
2026/08/06 09:33:16.911, NVIDIA H100 80GB HBM3, 40, 100 %, 58 %, 74157 MiB, 81559 MiB
2026/08/06 09:33:19.912, NVIDIA H100 80GB HBM3, 44, 100 %, 58 %, 74157 MiB, 81559 MiB
2026/08/06 09:33:22.913, NVIDIA H100 80GB HBM3, 33, 0 %, 0 %, 74157 MiB, 81559 MiB
2026/08/06 09:33:25.913, NVIDIA H100 80GB HBM3, 40, 99 %, 60 %, 74157 MiB, 81559 MiB
2026/08/06 09:33:28.914, NVIDIA H100 80GB HBM3, 42, 99 %, 62 %, 74157 MiB, 81559 MiB
2026/08/06 09:33:31.914, NVIDIA H100 80GB HBM3, 33, 0 %, 0 %, 74157 MiB, 81559 MiB
2026/08/06 09:33:34.915, NVIDIA H100 80GB HBM3, 40, 98 %, 51 %, 74157 MiB, 81559 MiB
2026/08/06 09:33:37.915, NVIDIA H100 80GB HBM3, 45, 100 %, 57 %, 74157 MiB, 81559 MiB
2026/08/06 09:33:40.916, NVIDIA H100 80GB HBM3, 32, 0 %, 0 %, 74157 MiB, 81559 MiB
2026/08/06 09:33:43.916, NVIDIA H100 80GB HBM3, 30, 0 %, 0 %, 74157 MiB, 81559 MiB
2026/08/06 09:33:46.917, NVIDIA H100 80GB HBM3, 43, 100 %, 51 %, 74157 MiB, 81559 MiB
2026/08/06 09:33:49.917, NVIDIA H100 80GB HBM3, 34, 0 %, 0 %, 74157 MiB, 81559 MiB
2026/08/06 09:33:52.920, NVIDIA H100 80GB HBM3, 31, 0 %, 0 %, 74157 MiB, 81559 MiB
2026/08/06 09:33:55.921, NVIDIA H100 80GB HBM3, 44, 100 %, 54 %, 74157 MiB, 81559 MiB
2026/08/06 09:33:58.921, NVIDIA H100 80GB HBM3, 36, 0 %, 0 %, 74157 MiB, 81559 MiB
2026/08/06 09:34:01.922, NVIDIA H100 80GB HBM3, 32, 0 %, 0 %, 74157 MiB, 81559 MiB
2026/08/06 09:34:04.922, NVIDIA H100 80GB HBM3, 44, 100 %, 53 %, 74157 MiB, 81559 MiB
2026/08/06 09:34:07.923, NVIDIA H100 80GB HBM3, 35, 0 %, 0 %, 74157 MiB, 81559 MiB
2026/08/06 09:34:10.923, NVIDIA H100 80GB HBM3, 35, 0 %, 0 %, 74157 MiB, 81559 MiB
2026/08/06 09:34:13.924, NVIDIA H100 80GB HBM3, 44, 100 %, 58 %, 74157 MiB, 81559 MiB
2026/08/06 09:34:16.924, NVIDIA H100 80GB HBM3, 43, 100 %, 51 %, 74157 MiB, 81559 MiB
2026/08/06 09:34:19.925, NVIDIA H100 80GB HBM3, 39, 100 %, 55 %, 74157 MiB, 81559 MiB
2026/08/06 09:34:22.927, NVIDIA H100 80GB HBM3, 42, 100 %, 53 %, 74157 MiB, 81559 MiB
2026/08/06 09:34:25.927, NVIDIA H100 80GB HBM3, 40, 100 %, 58 %, 74157 MiB, 81559 MiB
2026/08/06 09:34:28.928, NVIDIA H100 80GB HBM3, 35, 0 %, 0 %, 74157 MiB, 81559 MiB
2026/08/06 09:34:31.928, NVIDIA H100 80GB HBM3, 41, 100 %, 53 %, 74157 MiB, 81559 MiB
2026/08/06 09:34:34.929, NVIDIA H100 80GB HBM3, 45, 100 %, 52 %, 74157 MiB, 81559 MiB
2026/08/06 09:34:37.929, NVIDIA H100 80GB HBM3, 36, 45 %, 26 %, 74157 MiB, 81559 MiB
2026/08/06 09:34:40.930, NVIDIA H100 80GB HBM3, 42, 98 %, 60 %, 74157 MiB, 81559 MiB
2026/08/06 09:34:43.930, NVIDIA H100 80GB HBM3, 43, 100 %, 61 %, 74157 MiB, 81559 MiB
2026/08/06 09:34:46.931, NVIDIA H100 80GB HBM3, 32, 0 %, 0 %, 74157 MiB, 81559 MiB
2026/08/06 09:34:49.931, NVIDIA H100 80GB HBM3, 43, 100 %, 58 %, 74157 MiB, 81559 MiB
2026/08/06 09:34:52.933, NVIDIA H100 80GB HBM3, 46, 100 %, 54 %, 74157 MiB, 81559 MiB
2026/08/06 09:34:55.934, NVIDIA H100 80GB HBM3, 30, 0 %, 0 %, 74157 MiB, 81559 MiB
2026/08/06 09:34:58.934, NVIDIA H100 80GB HBM3, 41, 100 %, 68 %, 74157 MiB, 81559 MiB
2026/08/06 09:35:01.935, NVIDIA H100 80GB HBM3, 44, 99 %, 51 %, 74157 MiB, 81559 MiB
2026/08/06 09:35:04.935, NVIDIA H100 80GB HBM3, 34, 0 %, 0 %, 74157 MiB, 81559 MiB
2026/08/06 09:35:07.935, NVIDIA H100 80GB HBM3, 28, 0 %, 0 %, 74157 MiB, 81559 MiB
2026/08/06 09:35:10.936, NVIDIA H100 80GB HBM3, 44, 100 %, 50 %, 74157 MiB, 81559 MiB
2026/08/06 09:35:13.936, NVIDIA H100 80GB HBM3, 44, 100 %, 52 %, 74157 MiB, 81559 MiB
2026/08/06 09:35:16.937, NVIDIA H100 80GB HBM3, 29, 0 %, 0 %, 74157 MiB, 81559 MiB
2026/08/06 09:35:19.937, NVIDIA H100 80GB HBM3, 44, 100 %, 48 %, 74157 MiB, 81559 MiB
2026/08/06 09:35:22.940, NVIDIA H100 80GB HBM3, 41, 100 %, 64 %, 74157 MiB, 81559 MiB
2026/08/06 09:35:25.940, NVIDIA H100 80GB HBM3, 29, 0 %, 0 %, 74157 MiB, 81559 MiB
2026/08/06 09:35:28.941, NVIDIA H100 80GB HBM3, 42, 100 %, 48 %, 74157 MiB, 81559 MiB
2026/08/06 09:35:31.941, NVIDIA H100 80GB HBM3, 41, 98 %, 56 %, 74157 MiB, 81559 MiB
2026/08/06 09:35:34.942, NVIDIA H100 80GB HBM3, 41, 98 %, 66 %, 74157 MiB, 81559 MiB
2026/08/06 09:35:37.942, NVIDIA H100 80GB HBM3, 43, 98 %, 66 %, 74157 MiB, 81559 MiB
2026/08/06 09:35:40.943, NVIDIA H100 80GB HBM3, 30, 0 %, 0 %, 74157 MiB, 81559 MiB
2026/08/06 09:35:43.943, NVIDIA H100 80GB HBM3, 41, 100 %, 64 %, 74157 MiB, 81559 MiB
2026/08/06 09:35:46.944, NVIDIA H100 80GB HBM3, 31, 0 %, 0 %, 74157 MiB, 81559 MiB
2026/08/06 09:35:49.944, NVIDIA H100 80GB HBM3, 28, 0 %, 0 %, 74157 MiB, 81559 MiB
2026/08/06 09:35:52.947, NVIDIA H100 80GB HBM3, 28, 0 %, 0 %, 74157 MiB, 81559 MiB
2026/08/06 09:35:55.947, NVIDIA H100 80GB HBM3, 32, 34 %, 23 %, 74157 MiB, 81559 MiB
2026/08/06 09:35:58.947, NVIDIA H100 80GB HBM3, 43, 100 %, 63 %, 74157 MiB, 81559 MiB
2026/08/06 09:36:01.948, NVIDIA H100 80GB HBM3, 44, 100 %, 58 %, 74157 MiB, 81559 MiB
2026/08/06 09:36:04.948, NVIDIA H100 80GB HBM3, 29, 0 %, 0 %, 74157 MiB, 81559 MiB
2026/08/06 09:36:07.949, NVIDIA H100 80GB HBM3, 44, 100 %, 49 %, 74157 MiB, 81559 MiB
2026/08/06 09:36:10.949, NVIDIA H100 80GB HBM3, 42, 99 %, 67 %, 74157 MiB, 81559 MiB
2026/08/06 09:36:13.949, NVIDIA H100 80GB HBM3, 30, 0 %, 0 %, 74157 MiB, 81559 MiB
2026/08/06 09:36:16.950, NVIDIA H100 80GB HBM3, 41, 12 %, 1 %, 74157 MiB, 81559 MiB
2026/08/06 09:36:19.950, NVIDIA H100 80GB HBM3, 36, 0 %, 0 %, 74157 MiB, 81559 MiB
2026/08/06 09:36:22.953, NVIDIA H100 80GB HBM3, 33, 49 %, 30 %, 74157 MiB, 81559 MiB
2026/08/06 09:36:25.953, NVIDIA H100 80GB HBM3, 43, 63 %, 41 %, 74157 MiB, 81559 MiB
2026/08/06 09:36:28.954, NVIDIA H100 80GB HBM3, 32, 0 %, 0 %, 74157 MiB, 81559 MiB
2026/08/06 09:36:31.954, NVIDIA H100 80GB HBM3, 37, 36 %, 25 %, 74157 MiB, 81559 MiB
2026/08/06 09:36:34.955, NVIDIA H100 80GB HBM3, 43, 100 %, 54 %, 74157 MiB, 81559 MiB
2026/08/06 09:36:37.955, NVIDIA H100 80GB HBM3, 34, 0 %, 0 %, 74157 MiB, 81559 MiB
2026/08/06 09:36:40.955, NVIDIA H100 80GB HBM3, 30, 0 %, 0 %, 74157 MiB, 81559 MiB
2026/08/06 09:36:43.956, NVIDIA H100 80GB HBM3, 44, 100 %, 54 %, 74157 MiB, 81559 MiB
2026/08/06 09:36:46.956, NVIDIA H100 80GB HBM3, 33, 0 %, 0 %, 74157 MiB, 81559 MiB
2026/08/06 09:36:49.957, NVIDIA H100 80GB HBM3, 33, 0 %, 0 %, 74157 MiB, 81559 MiB
2026/08/06 09:36:52.958, NVIDIA H100 80GB HBM3, 43, 100 %, 53 %, 74157 MiB, 81559 MiB
2026/08/06 09:36:55.959, NVIDIA H100 80GB HBM3, 34, 0 %, 0 %, 74157 MiB, 81559 MiB
2026/08/06 09:36:58.959, NVIDIA H100 80GB HBM3, 38, 100 %, 56 %, 74157 MiB, 81559 MiB
2026/08/06 09:37:01.960, NVIDIA H100 80GB HBM3, 42, 100 %, 49 %, 74157 MiB, 81559 MiB
2026/08/06 09:37:04.960, NVIDIA H100 80GB HBM3, 34, 0 %, 0 %, 74157 MiB, 81559 MiB
2026/08/06 09:37:07.960, NVIDIA H100 80GB HBM3, 29, 10 %, 0 %, 74157 MiB, 81559 MiB
2026/08/06 09:37:10.961, NVIDIA H100 80GB HBM3, 43, 100 %, 53 %, 74157 MiB, 81559 MiB
2026/08/06 09:37:13.961, NVIDIA H100 80GB HBM3, 44, 100 %, 44 %, 74157 MiB, 81559 MiB
2026/08/06 09:37:16.962, NVIDIA H100 80GB HBM3, 29, 0 %, 0 %, 74157 MiB, 81559 MiB
2026/08/06 09:37:19.962, NVIDIA H100 80GB HBM3, 42, 100 %, 67 %, 74157 MiB, 81559 MiB
2026/08/06 09:37:22.963, NVIDIA H100 80GB HBM3, 40, 14 %, 0 %, 74157 MiB, 81559 MiB
2026/08/06 09:37:25.963, NVIDIA H100 80GB HBM3, 34, 0 %, 0 %, 74157 MiB, 81559 MiB
2026/08/06 09:37:28.964, NVIDIA H100 80GB HBM3, 39, 85 %, 54 %, 74157 MiB, 81559 MiB
2026/08/06 09:37:31.964, NVIDIA H100 80GB HBM3, 39, 100 %, 51 %, 74157 MiB, 81559 MiB
2026/08/06 09:37:34.965, NVIDIA H100 80GB HBM3, 38, 100 %, 41 %, 74157 MiB, 81559 MiB
2026/08/06 09:37:37.965, NVIDIA H100 80GB HBM3, 43, 50 %, 24 %, 74157 MiB, 81559 MiB
2026/08/06 09:37:40.966, NVIDIA H100 80GB HBM3, 41, 100 %, 42 %, 74157 MiB, 81559 MiB
2026/08/06 09:37:43.966, NVIDIA H100 80GB HBM3, 30, 0 %, 0 %, 74157 MiB, 81559 MiB
2026/08/06 09:37:46.967, NVIDIA H100 80GB HBM3, 41, 99 %, 53 %, 74157 MiB, 81559 MiB
2026/08/06 09:37:49.967, NVIDIA H100 80GB HBM3, 43, 100 %, 53 %, 74157 MiB, 81559 MiB
2026/08/06 09:37:52.969, NVIDIA H100 80GB HBM3, 31, 0 %, 0 %, 74157 MiB, 81559 MiB
2026/08/06 09:37:55.969, NVIDIA H100 80GB HBM3, 45, 100 %, 61 %, 74157 MiB, 81559 MiB
2026/08/06 09:37:58.969, NVIDIA H100 80GB HBM3, 43, 99 %, 57 %, 74157 MiB, 81559 MiB
2026/08/06 09:38:01.970, NVIDIA H100 80GB HBM3, 29, 0 %, 0 %, 74157 MiB, 81559 MiB
2026/08/06 09:38:04.970, NVIDIA H100 80GB HBM3, 43, 99 %, 68 %, 74157 MiB, 81559 MiB
2026/08/06 09:38:07.971, NVIDIA H100 80GB HBM3, 43, 56 %, 30 %, 74157 MiB, 81559 MiB
2026/08/06 09:38:10.971, NVIDIA H100 80GB HBM3, 35, 100 %, 65 %, 74157 MiB, 81559 MiB
2026/08/06 09:38:13.971, NVIDIA H100 80GB HBM3, 43, 98 %, 57 %, 74157 MiB, 81559 MiB
2026/08/06 09:38:16.972, NVIDIA H100 80GB HBM3, 43, 38 %, 23 %, 74157 MiB, 81559 MiB
2026/08/06 09:38:19.972, NVIDIA H100 80GB HBM3, 29, 10 %, 0 %, 74157 MiB, 81559 MiB
2026/08/06 09:38:22.973, NVIDIA H100 80GB HBM3, 44, 100 %, 54 %, 74157 MiB, 81559 MiB
2026/08/06 09:38:25.973, NVIDIA H100 80GB HBM3, 45, 100 %, 54 %, 74157 MiB, 81559 MiB
2026/08/06 09:38:28.973, NVIDIA H100 80GB HBM3, 30, 0 %, 0 %, 74157 MiB, 81559 MiB
2026/08/06 09:38:31.974, NVIDIA H100 80GB HBM3, 44, 100 %, 63 %, 74157 MiB, 81559 MiB
2026/08/06 09:38:34.974, NVIDIA H100 80GB HBM3, 30, 0 %, 0 %, 74157 MiB, 81559 MiB
2026/08/06 09:38:37.975, NVIDIA H100 80GB HBM3, 28, 0 %, 0 %, 74157 MiB, 81559 MiB
2026/08/06 09:38:40.975, NVIDIA H100 80GB HBM3, 28, 0 %, 0 %, 74157 MiB, 81559 MiB
2026/08/06 09:38:43.975, NVIDIA H100 80GB HBM3, 27, 0 %, 0 %, 74157 MiB, 81559 MiB
2026/08/06 09:38:46.976, NVIDIA H100 80GB HBM3, 27, 0 %, 0 %, 74157 MiB, 81559 MiB
2026/08/06 09:38:49.976, NVIDIA H100 80GB HBM3, 43, 100 %, 59 %, 74157 MiB, 81559 MiB
2026/08/06 09:38:52.977, NVIDIA H100 80GB HBM3, 44, 100 %, 57 %, 74157 MiB, 81559 MiB
2026/08/06 09:38:55.978, NVIDIA H100 80GB HBM3, 29, 0 %, 0 %, 74157 MiB, 81559 MiB
2026/08/06 09:38:58.978, NVIDIA H100 80GB HBM3, 43, 100 %, 54 %, 74157 MiB, 81559 MiB
2026/08/06 09:39:01.979, NVIDIA H100 80GB HBM3, 43, 100 %, 49 %, 74157 MiB, 81559 MiB
2026/08/06 09:39:04.979, NVIDIA H100 80GB HBM3, 30, 0 %, 0 %, 74157 MiB, 81559 MiB
2026/08/06 09:39:07.980, NVIDIA H100 80GB HBM3, 43, 100 %, 41 %, 74157 MiB, 81559 MiB
2026/08/06 09:39:10.980, NVIDIA H100 80GB HBM3, 42, 98 %, 68 %, 74157 MiB, 81559 MiB
2026/08/06 09:39:13.981, NVIDIA H100 80GB HBM3, 37, 92 %, 55 %, 74157 MiB, 81559 MiB
2026/08/06 09:39:16.981, NVIDIA H100 80GB HBM3, 43, 98 %, 55 %, 74157 MiB, 81559 MiB
2026/08/06 09:39:19.982, NVIDIA H100 80GB HBM3, 34, 0 %, 0 %, 74157 MiB, 81559 MiB
2026/08/06 09:39:22.984, NVIDIA H100 80GB HBM3, 29, 0 %, 0 %, 74157 MiB, 81559 MiB
2026/08/06 09:39:25.984, NVIDIA H100 80GB HBM3, 42, 100 %, 53 %, 74157 MiB, 81559 MiB
2026/08/06 09:39:28.985, NVIDIA H100 80GB HBM3, 45, 100 %, 41 %, 74157 MiB, 81559 MiB
2026/08/06 09:39:31.985, NVIDIA H100 80GB HBM3, 29, 0 %, 0 %, 74157 MiB, 81559 MiB
2026/08/06 09:39:34.985, NVIDIA H100 80GB HBM3, 41, 100 %, 54 %, 74157 MiB, 81559 MiB
2026/08/06 09:39:37.986, NVIDIA H100 80GB HBM3, 43, 13 %, 0 %, 74157 MiB, 81559 MiB
2026/08/06 09:39:40.986, NVIDIA H100 80GB HBM3, 30, 0 %, 0 %, 74157 MiB, 81559 MiB
2026/08/06 09:39:43.987, NVIDIA H100 80GB HBM3, 41, 43 %, 20 %, 74157 MiB, 81559 MiB
2026/08/06 09:39:46.987, NVIDIA H100 80GB HBM3, 38, 100 %, 57 %, 74157 MiB, 81559 MiB
2026/08/06 09:39:49.987, NVIDIA H100 80GB HBM3, 30, 0 %, 0 %, 74157 MiB, 81559 MiB
2026/08/06 09:39:52.988, NVIDIA H100 80GB HBM3, 42, 98 %, 53 %, 74157 MiB, 81559 MiB
2026/08/06 09:39:55.988, NVIDIA H100 80GB HBM3, 44, 100 %, 64 %, 74157 MiB, 81559 MiB
2026/08/06 09:39:58.989, NVIDIA H100 80GB HBM3, 30, 0 %, 0 %, 74157 MiB, 81559 MiB
2026/08/06 09:40:01.989, NVIDIA H100 80GB HBM3, 44, 100 %, 58 %, 74157 MiB, 81559 MiB
2026/08/06 09:40:04.989, NVIDIA H100 80GB HBM3, 45, 98 %, 70 %, 74157 MiB, 81559 MiB
2026/08/06 09:40:07.990, NVIDIA H100 80GB HBM3, 30, 0 %, 0 %, 74157 MiB, 81559 MiB
2026/08/06 09:40:10.990, NVIDIA H100 80GB HBM3, 43, 98 %, 55 %, 74157 MiB, 81559 MiB
2026/08/06 09:40:13.990, NVIDIA H100 80GB HBM3, 40, 100 %, 52 %, 74157 MiB, 81559 MiB
2026/08/06 09:40:16.991, NVIDIA H100 80GB HBM3, 30, 0 %, 0 %, 74157 MiB, 81559 MiB
2026/08/06 09:40:19.991, NVIDIA H100 80GB HBM3, 44, 100 %, 49 %, 74157 MiB, 81559 MiB
2026/08/06 09:40:22.993, NVIDIA H100 80GB HBM3, 46, 100 %, 49 %, 74157 MiB, 81559 MiB
2026/08/06 09:40:25.994, NVIDIA H100 80GB HBM3, 31, 0 %, 0 %, 74157 MiB, 81559 MiB
2026/08/06 09:40:28.994, NVIDIA H100 80GB HBM3, 42, 99 %, 58 %, 74157 MiB, 81559 MiB
2026/08/06 09:40:31.995, NVIDIA H100 80GB HBM3, 43, 100 %, 63 %, 74157 MiB, 81559 MiB
2026/08/06 09:40:34.995, NVIDIA H100 80GB HBM3, 31, 0 %, 0 %, 74157 MiB, 81559 MiB
2026/08/06 09:40:37.996, NVIDIA H100 80GB HBM3, 42, 98 %, 52 %, 74157 MiB, 81559 MiB
2026/08/06 09:40:40.996, NVIDIA H100 80GB HBM3, 43, 100 %, 56 %, 74157 MiB, 81559 MiB
2026/08/06 09:40:43.997, NVIDIA H100 80GB HBM3, 31, 0 %, 0 %, 74157 MiB, 81559 MiB
2026/08/06 09:40:46.997, NVIDIA H100 80GB HBM3, 44, 100 %, 52 %, 74157 MiB, 81559 MiB
2026/08/06 09:40:49.998, NVIDIA H100 80GB HBM3, 40, 76 %, 49 %, 74157 MiB, 81559 MiB
2026/08/06 09:40:52.998, NVIDIA H100 80GB HBM3, 30, 0 %, 0 %, 74157 MiB, 81559 MiB
2026/08/06 09:40:55.999, NVIDIA H100 80GB HBM3, 42, 42 %, 22 %, 74157 MiB, 81559 MiB
2026/08/06 09:40:58.999, NVIDIA H100 80GB HBM3, 41, 49 %, 29 %, 74157 MiB, 81559 MiB
2026/08/06 09:41:02.000, NVIDIA H100 80GB HBM3, 32, 0 %, 0 %, 74157 MiB, 81559 MiB
2026/08/06 09:41:05.000, NVIDIA H100 80GB HBM3, 42, 98 %, 54 %, 74157 MiB, 81559 MiB
2026/08/06 09:41:08.001, NVIDIA H100 80GB HBM3, 42, 0 %, 0 %, 74157 MiB, 81559 MiB
2026/08/06 09:41:11.001, NVIDIA H100 80GB HBM3, 30, 0 %, 0 %, 74157 MiB, 81559 MiB
2026/08/06 09:41:14.002, NVIDIA H100 80GB HBM3, 43, 100 %, 51 %, 74157 MiB, 81559 MiB
2026/08/06 09:41:17.002, NVIDIA H100 80GB HBM3, 44, 100 %, 45 %, 74157 MiB, 81559 MiB
2026/08/06 09:41:20.003, NVIDIA H100 80GB HBM3, 30, 0 %, 0 %, 74157 MiB, 81559 MiB
2026/08/06 09:41:23.006, NVIDIA H100 80GB HBM3, 40, 95 %, 51 %, 74157 MiB, 81559 MiB
2026/08/06 09:41:26.006, NVIDIA H100 80GB HBM3, 31, 0 %, 0 %, 74157 MiB, 81559 MiB
2026/08/06 09:41:29.007, NVIDIA H100 80GB HBM3, 28, 0 %, 0 %, 74157 MiB, 81559 MiB
2026/08/06 09:41:32.007, NVIDIA H100 80GB HBM3, 28, 0 %, 0 %, 74157 MiB, 81559 MiB
2026/08/06 09:41:35.008, NVIDIA H100 80GB HBM3, 28, 0 %, 0 %, 74157 MiB, 81559 MiB
2026/08/06 09:41:38.008, NVIDIA H100 80GB HBM3, 40, 100 %, 54 %, 74157 MiB, 81559 MiB
2026/08/06 09:41:41.009, NVIDIA H100 80GB HBM3, 43, 98 %, 67 %, 74157 MiB, 81559 MiB
2026/08/06 09:41:44.009, NVIDIA H100 80GB HBM3, 29, 0 %, 0 %, 74157 MiB, 81559 MiB
2026/08/06 09:41:47.009, NVIDIA H100 80GB HBM3, 42, 100 %, 59 %, 74157 MiB, 81559 MiB
2026/08/06 09:41:50.010, NVIDIA H100 80GB HBM3, 44, 100 %, 58 %, 74157 MiB, 81559 MiB
2026/08/06 09:41:53.012, NVIDIA H100 80GB HBM3, 31, 0 %, 0 %, 74157 MiB, 81559 MiB
2026/08/06 09:41:56.012, NVIDIA H100 80GB HBM3, 43, 100 %, 66 %, 74157 MiB, 81559 MiB
2026/08/06 09:41:59.013, NVIDIA H100 80GB HBM3, 45, 99 %, 52 %, 74157 MiB, 81559 MiB
2026/08/06 09:42:02.013, NVIDIA H100 80GB HBM3, 29, 0 %, 0 %, 74157 MiB, 81559 MiB
2026/08/06 09:42:05.013, NVIDIA H100 80GB HBM3, 43, 100 %, 53 %, 74157 MiB, 81559 MiB
2026/08/06 09:42:08.014, NVIDIA H100 80GB HBM3, 45, 100 %, 53 %, 74157 MiB, 81559 MiB
2026/08/06 09:42:11.014, NVIDIA H100 80GB HBM3, 30, 0 %, 0 %, 74157 MiB, 81559 MiB
2026/08/06 09:42:14.014, NVIDIA H100 80GB HBM3, 41, 29 %, 12 %, 74157 MiB, 81559 MiB
2026/08/06 09:42:17.015, NVIDIA H100 80GB HBM3, 39, 8 %, 0 %, 74157 MiB, 81559 MiB
2026/08/06 09:42:20.015, NVIDIA H100 80GB HBM3, 30, 0 %, 0 %, 74157 MiB, 81559 MiB
2026/08/06 09:42:23.017, NVIDIA H100 80GB HBM3, 43, 100 %, 59 %, 74157 MiB, 81559 MiB
2026/08/06 09:42:26.018, NVIDIA H100 80GB HBM3, 44, 100 %, 57 %, 74157 MiB, 81559 MiB
2026/08/06 09:42:29.018, NVIDIA H100 80GB HBM3, 38, 100 %, 42 %, 74157 MiB, 81559 MiB
2026/08/06 09:42:32.019, NVIDIA H100 80GB HBM3, 43, 98 %, 44 %, 74157 MiB, 81559 MiB
2026/08/06 09:42:35.019, NVIDIA H100 80GB HBM3, 43, 100 %, 57 %, 74157 MiB, 81559 MiB
2026/08/06 09:42:38.020, NVIDIA H100 80GB HBM3, 41, 97 %, 62 %, 74157 MiB, 81559 MiB
2026/08/06 09:42:41.020, NVIDIA H100 80GB HBM3, 44, 100 %, 49 %, 74157 MiB, 81559 MiB
2026/08/06 09:42:44.021, NVIDIA H100 80GB HBM3, 33, 0 %, 0 %, 74157 MiB, 81559 MiB
2026/08/06 09:42:47.021, NVIDIA H100 80GB HBM3, 38, 100 %, 42 %, 74157 MiB, 81559 MiB
2026/08/06 09:42:50.022, NVIDIA H100 80GB HBM3, 43, 98 %, 68 %, 74157 MiB, 81559 MiB
2026/08/06 09:42:53.022, NVIDIA H100 80GB HBM3, 34, 0 %, 0 %, 74157 MiB, 81559 MiB
2026/08/06 09:42:56.022, NVIDIA H100 80GB HBM3, 41, 100 %, 54 %, 74157 MiB, 81559 MiB
2026/08/06 09:42:59.023, NVIDIA H100 80GB HBM3, 46, 100 %, 54 %, 74157 MiB, 81559 MiB
2026/08/06 09:43:02.023, NVIDIA H100 80GB HBM3, 33, 0 %, 0 %, 74157 MiB, 81559 MiB
2026/08/06 09:43:05.024, NVIDIA H100 80GB HBM3, 36, 100 %, 65 %, 74157 MiB, 81559 MiB
2026/08/06 09:43:08.024, NVIDIA H100 80GB HBM3, 42, 100 %, 64 %, 74157 MiB, 81559 MiB
2026/08/06 09:43:11.025, NVIDIA H100 80GB HBM3, 36, 0 %, 0 %, 74157 MiB, 81559 MiB
2026/08/06 09:43:14.025, NVIDIA H100 80GB HBM3, 35, 100 %, 52 %, 74157 MiB, 81559 MiB
2026/08/06 09:43:17.025, NVIDIA H100 80GB HBM3, 46, 100 %, 50 %, 74157 MiB, 81559 MiB
2026/08/06 09:43:20.026, NVIDIA H100 80GB HBM3, 34, 0 %, 0 %, 74157 MiB, 81559 MiB
2026/08/06 09:43:23.029, NVIDIA H100 80GB HBM3, 42, 98 %, 71 %, 74157 MiB, 81559 MiB
2026/08/06 09:43:26.029, NVIDIA H100 80GB HBM3, 43, 35 %, 10 %, 74157 MiB, 81559 MiB
2026/08/06 09:43:29.030, NVIDIA H100 80GB HBM3, 32, 0 %, 0 %, 74157 MiB, 81559 MiB
2026/08/06 09:43:32.030, NVIDIA H100 80GB HBM3, 42, 100 %, 65 %, 74157 MiB, 81559 MiB
2026/08/06 09:43:35.031, NVIDIA H100 80GB HBM3, 40, 100 %, 53 %, 74157 MiB, 81559 MiB
2026/08/06 09:43:38.031, NVIDIA H100 80GB HBM3, 31, 0 %, 0 %, 74157 MiB, 81559 MiB
2026/08/06 09:43:41.031, NVIDIA H100 80GB HBM3, 43, 99 %, 62 %, 74157 MiB, 81559 MiB
2026/08/06 09:43:44.032, NVIDIA H100 80GB HBM3, 38, 100 %, 55 %, 74157 MiB, 81559 MiB
2026/08/06 09:43:47.032, NVIDIA H100 80GB HBM3, 31, 0 %, 0 %, 74157 MiB, 81559 MiB
2026/08/06 09:43:50.033, NVIDIA H100 80GB HBM3, 43, 100 %, 50 %, 74157 MiB, 81559 MiB
2026/08/06 09:43:53.034, NVIDIA H100 80GB HBM3, 44, 19 %, 6 %, 74157 MiB, 81559 MiB
2026/08/06 09:43:56.035, NVIDIA H100 80GB HBM3, 30, 0 %, 0 %, 74157 MiB, 81559 MiB
2026/08/06 09:43:59.035, NVIDIA H100 80GB HBM3, 44, 99 %, 42 %, 74157 MiB, 81559 MiB
2026/08/06 09:44:02.036, NVIDIA H100 80GB HBM3, 44, 100 %, 55 %, 74157 MiB, 81559 MiB
2026/08/06 09:44:05.036, NVIDIA H100 80GB HBM3, 41, 100 %, 57 %, 74157 MiB, 81559 MiB
2026/08/06 09:44:08.037, NVIDIA H100 80GB HBM3, 29, 0 %, 0 %, 74157 MiB, 81559 MiB
2026/08/06 09:44:11.037, NVIDIA H100 80GB HBM3, 43, 100 %, 67 %, 74157 MiB, 81559 MiB
2026/08/06 09:44:14.038, NVIDIA H100 80GB HBM3, 29, 0 %, 0 %, 74157 MiB, 81559 MiB
2026/08/06 09:44:17.038, NVIDIA H100 80GB HBM3, 28, 0 %, 0 %, 74157 MiB, 81559 MiB
2026/08/06 09:44:20.038, NVIDIA H100 80GB HBM3, 28, 0 %, 0 %, 74157 MiB, 81559 MiB
2026/08/06 09:44:23.039, NVIDIA H100 80GB HBM3, 27, 0 %, 0 %, 74157 MiB, 81559 MiB
2026/08/06 09:44:26.039, NVIDIA H100 80GB HBM3, 45, 100 %, 50 %, 74157 MiB, 81559 MiB
2026/08/06 09:44:29.040, NVIDIA H100 80GB HBM3, 46, 100 %, 49 %, 74157 MiB, 81559 MiB
2026/08/06 09:44:32.040, NVIDIA H100 80GB HBM3, 29, 0 %, 0 %, 74157 MiB, 81559 MiB
2026/08/06 09:44:35.041, NVIDIA H100 80GB HBM3, 43, 46 %, 22 %, 74157 MiB, 81559 MiB
2026/08/06 09:44:38.041, NVIDIA H100 80GB HBM3, 38, 100 %, 50 %, 74157 MiB, 81559 MiB
2026/08/06 09:44:41.042, NVIDIA H100 80GB HBM3, 39, 98 %, 67 %, 74157 MiB, 81559 MiB
2026/08/06 09:44:44.042, NVIDIA H100 80GB HBM3, 43, 98 %, 67 %, 74157 MiB, 81559 MiB
2026/08/06 09:44:47.043, NVIDIA H100 80GB HBM3, 34, 0 %, 0 %, 74157 MiB, 81559 MiB
2026/08/06 09:44:50.043, NVIDIA H100 80GB HBM3, 38, 61 %, 41 %, 74157 MiB, 81559 MiB
2026/08/06 09:44:53.044, NVIDIA H100 80GB HBM3, 45, 98 %, 45 %, 74157 MiB, 81559 MiB
2026/08/06 09:44:56.045, NVIDIA H100 80GB HBM3, 32, 0 %, 0 %, 74157 MiB, 81559 MiB
2026/08/06 09:44:59.045, NVIDIA H100 80GB HBM3, 40, 100 %, 55 %, 74157 MiB, 81559 MiB
2026/08/06 09:45:02.045, NVIDIA H100 80GB HBM3, 43, 100 %, 54 %, 74157 MiB, 81559 MiB
2026/08/06 09:45:05.046, NVIDIA H100 80GB HBM3, 33, 0 %, 0 %, 74157 MiB, 81559 MiB
2026/08/06 09:45:08.046, NVIDIA H100 80GB HBM3, 40, 100 %, 53 %, 74157 MiB, 81559 MiB
2026/08/06 09:45:11.047, NVIDIA H100 80GB HBM3, 44, 100 %, 56 %, 74157 MiB, 81559 MiB
2026/08/06 09:45:14.047, NVIDIA H100 80GB HBM3, 33, 0 %, 0 %, 74157 MiB, 81559 MiB
2026/08/06 09:45:17.047, NVIDIA H100 80GB HBM3, 29, 0 %, 0 %, 74157 MiB, 81559 MiB
2026/08/06 09:45:20.048, NVIDIA H100 80GB HBM3, 44, 98 %, 43 %, 74157 MiB, 81559 MiB
2026/08/06 09:45:23.049, NVIDIA H100 80GB HBM3, 42, 100 %, 59 %, 74157 MiB, 81559 MiB
2026/08/06 09:45:26.049, NVIDIA H100 80GB HBM3, 29, 0 %, 0 %, 74157 MiB, 81559 MiB
2026/08/06 09:45:29.050, NVIDIA H100 80GB HBM3, 42, 100 %, 54 %, 74157 MiB, 81559 MiB
2026/08/06 09:45:32.050, NVIDIA H100 80GB HBM3, 42, 100 %, 56 %, 74157 MiB, 81559 MiB
2026/08/06 09:45:35.051, NVIDIA H100 80GB HBM3, 31, 0 %, 0 %, 74157 MiB, 81559 MiB
2026/08/06 09:45:38.051, NVIDIA H100 80GB HBM3, 45, 100 %, 51 %, 74157 MiB, 81559 MiB
2026/08/06 09:45:41.052, NVIDIA H100 80GB HBM3, 44, 99 %, 68 %, 74157 MiB, 81559 MiB
2026/08/06 09:45:44.052, NVIDIA H100 80GB HBM3, 40, 100 %, 55 %, 74157 MiB, 81559 MiB
2026/08/06 09:45:47.052, NVIDIA H100 80GB HBM3, 45, 100 %, 56 %, 74157 MiB, 81559 MiB
2026/08/06 09:45:50.053, NVIDIA H100 80GB HBM3, 34, 0 %, 0 %, 74157 MiB, 81559 MiB
2026/08/06 09:45:53.055, NVIDIA H100 80GB HBM3, 30, 0 %, 0 %, 74157 MiB, 81559 MiB
2026/08/06 09:45:56.056, NVIDIA H100 80GB HBM3, 42, 100 %, 61 %, 74157 MiB, 81559 MiB
2026/08/06 09:45:59.056, NVIDIA H100 80GB HBM3, 37, 81 %, 47 %, 74157 MiB, 81559 MiB
2026/08/06 09:46:02.056, NVIDIA H100 80GB HBM3, 31, 0 %, 0 %, 74157 MiB, 81559 MiB
2026/08/06 09:46:05.057, NVIDIA H100 80GB HBM3, 41, 100 %, 55 %, 74157 MiB, 81559 MiB
2026/08/06 09:46:08.057, NVIDIA H100 80GB HBM3, 45, 100 %, 55 %, 74157 MiB, 81559 MiB
2026/08/06 09:46:11.058, NVIDIA H100 80GB HBM3, 30, 0 %, 0 %, 74157 MiB, 81559 MiB
2026/08/06 09:46:14.058, NVIDIA H100 80GB HBM3, 34, 100 %, 50 %, 74157 MiB, 81559 MiB
2026/08/06 09:46:17.059, NVIDIA H100 80GB HBM3, 42, 99 %, 59 %, 74157 MiB, 81559 MiB
2026/08/06 09:46:20.059, NVIDIA H100 80GB HBM3, 36, 89 %, 53 %, 74157 MiB, 81559 MiB
2026/08/06 09:46:23.061, NVIDIA H100 80GB HBM3, 29, 0 %, 0 %, 74157 MiB, 81559 MiB
2026/08/06 09:46:26.061, NVIDIA H100 80GB HBM3, 45, 100 %, 57 %, 74157 MiB, 81559 MiB
2026/08/06 09:46:29.061, NVIDIA H100 80GB HBM3, 43, 100 %, 67 %, 74157 MiB, 81559 MiB
2026/08/06 09:46:32.062, NVIDIA H100 80GB HBM3, 39, 100 %, 53 %, 74157 MiB, 81559 MiB
2026/08/06 09:46:35.062, NVIDIA H100 80GB HBM3, 44, 100 %, 51 %, 74157 MiB, 81559 MiB
2026/08/06 09:46:38.063, NVIDIA H100 80GB HBM3, 36, 0 %, 0 %, 74157 MiB, 81559 MiB
2026/08/06 09:46:41.063, NVIDIA H100 80GB HBM3, 39, 100 %, 53 %, 74157 MiB, 81559 MiB
2026/08/06 09:46:44.064, NVIDIA H100 80GB HBM3, 46, 100 %, 55 %, 74157 MiB, 81559 MiB
2026/08/06 09:46:47.064, NVIDIA H100 80GB HBM3, 36, 0 %, 0 %, 74157 MiB, 81559 MiB
2026/08/06 09:46:50.064, NVIDIA H100 80GB HBM3, 42, 100 %, 54 %, 74157 MiB, 81559 MiB
2026/08/06 09:46:53.066, NVIDIA H100 80GB HBM3, 44, 100 %, 54 %, 74157 MiB, 81559 MiB
2026/08/06 09:46:56.066, NVIDIA H100 80GB HBM3, 30, 0 %, 0 %, 74157 MiB, 81559 MiB
2026/08/06 09:46:59.067, NVIDIA H100 80GB HBM3, 43, 100 %, 65 %, 74157 MiB, 81559 MiB
2026/08/06 09:47:02.067, NVIDIA H100 80GB HBM3, 31, 0 %, 0 %, 74157 MiB, 81559 MiB
2026/08/06 09:47:05.068, NVIDIA H100 80GB HBM3, 28, 0 %, 0 %, 74157 MiB, 81559 MiB
2026/08/06 09:47:08.068, NVIDIA H100 80GB HBM3, 28, 0 %, 0 %, 74157 MiB, 81559 MiB
2026/08/06 09:47:11.068, NVIDIA H100 80GB HBM3, 38, 100 %, 57 %, 74157 MiB, 81559 MiB
2026/08/06 09:47:14.069, NVIDIA H100 80GB HBM3, 40, 98 %, 64 %, 74157 MiB, 81559 MiB
2026/08/06 09:47:17.069, NVIDIA H100 80GB HBM3, 42, 100 %, 70 %, 74157 MiB, 81559 MiB
2026/08/06 09:47:20.069, NVIDIA H100 80GB HBM3, 33, 0 %, 0 %, 74157 MiB, 81559 MiB
2026/08/06 09:47:23.071, NVIDIA H100 80GB HBM3, 38, 63 %, 30 %, 74157 MiB, 81559 MiB
2026/08/06 09:47:26.072, NVIDIA H100 80GB HBM3, 39, 69 %, 33 %, 74157 MiB, 81559 MiB
2026/08/06 09:47:29.072, NVIDIA H100 80GB HBM3, 32, 0 %, 0 %, 74157 MiB, 81559 MiB
2026/08/06 09:47:32.072, NVIDIA H100 80GB HBM3, 44, 100 %, 49 %, 74157 MiB, 81559 MiB
2026/08/06 09:47:35.073, NVIDIA H100 80GB HBM3, 44, 100 %, 55 %, 74157 MiB, 81559 MiB
2026/08/06 09:47:38.073, NVIDIA H100 80GB HBM3, 30, 0 %, 0 %, 74157 MiB, 81559 MiB
2026/08/06 09:47:41.074, NVIDIA H100 80GB HBM3, 46, 100 %, 57 %, 74157 MiB, 81559 MiB
2026/08/06 09:47:44.074, NVIDIA H100 80GB HBM3, 34, 0 %, 0 %, 74157 MiB, 81559 MiB
2026/08/06 09:47:47.074, NVIDIA H100 80GB HBM3, 31, 0 %, 0 %, 74157 MiB, 81559 MiB
2026/08/06 09:47:50.075, NVIDIA H100 80GB HBM3, 40, 100 %, 59 %, 74157 MiB, 81559 MiB
2026/08/06 09:47:53.076, NVIDIA H100 80GB HBM3, 44, 100 %, 56 %, 74157 MiB, 81559 MiB
2026/08/06 09:47:56.076, NVIDIA H100 80GB HBM3, 31, 0 %, 0 %, 74157 MiB, 81559 MiB
2026/08/06 09:47:59.076, NVIDIA H100 80GB HBM3, 43, 60 %, 37 %, 74157 MiB, 81559 MiB
2026/08/06 09:48:02.077, NVIDIA H100 80GB HBM3, 45, 59 %, 29 %, 74157 MiB, 81559 MiB
2026/08/06 09:48:05.077, NVIDIA H100 80GB HBM3, 30, 0 %, 0 %, 74157 MiB, 81559 MiB
2026/08/06 09:48:08.077, NVIDIA H100 80GB HBM3, 44, 100 %, 57 %, 74157 MiB, 81559 MiB
2026/08/06 09:48:11.078, NVIDIA H100 80GB HBM3, 45, 100 %, 51 %, 74157 MiB, 81559 MiB
2026/08/06 09:48:14.078, NVIDIA H100 80GB HBM3, 30, 0 %, 0 %, 74157 MiB, 81559 MiB
2026/08/06 09:48:17.079, NVIDIA H100 80GB HBM3, 41, 100 %, 48 %, 74157 MiB, 81559 MiB
2026/08/06 09:48:20.079, NVIDIA H100 80GB HBM3, 44, 99 %, 63 %, 74157 MiB, 81559 MiB
2026/08/06 09:48:23.081, NVIDIA H100 80GB HBM3, 31, 0 %, 0 %, 74157 MiB, 81559 MiB
2026/08/06 09:48:26.081, NVIDIA H100 80GB HBM3, 37, 34 %, 22 %, 74157 MiB, 81559 MiB
2026/08/06 09:48:29.082, NVIDIA H100 80GB HBM3, 38, 83 %, 38 %, 74157 MiB, 81559 MiB
2026/08/06 09:48:32.082, NVIDIA H100 80GB HBM3, 45, 100 %, 49 %, 74157 MiB, 81559 MiB
2026/08/06 09:48:35.083, NVIDIA H100 80GB HBM3, 29, 0 %, 0 %, 74157 MiB, 81559 MiB
2026/08/06 09:48:38.083, NVIDIA H100 80GB HBM3, 42, 66 %, 34 %, 74157 MiB, 81559 MiB
2026/08/06 09:48:41.083, NVIDIA H100 80GB HBM3, 45, 99 %, 52 %, 74157 MiB, 81559 MiB
2026/08/06 09:48:44.084, NVIDIA H100 80GB HBM3, 36, 100 %, 63 %, 74157 MiB, 81559 MiB
2026/08/06 09:48:47.084, NVIDIA H100 80GB HBM3, 42, 100 %, 54 %, 74157 MiB, 81559 MiB
2026/08/06 09:48:50.085, NVIDIA H100 80GB HBM3, 42, 100 %, 61 %, 74157 MiB, 81559 MiB
2026/08/06 09:48:53.088, NVIDIA H100 80GB HBM3, 36, 97 %, 63 %, 74157 MiB, 81559 MiB
2026/08/06 09:48:56.088, NVIDIA H100 80GB HBM3, 42, 100 %, 54 %, 74157 MiB, 81559 MiB
2026/08/06 09:48:59.089, NVIDIA H100 80GB HBM3, 45, 100 %, 56 %, 74157 MiB, 81559 MiB
2026/08/06 09:49:02.089, NVIDIA H100 80GB HBM3, 29, 0 %, 0 %, 74157 MiB, 81559 MiB
2026/08/06 09:49:05.090, NVIDIA H100 80GB HBM3, 39, 96 %, 53 %, 74157 MiB, 81559 MiB
2026/08/06 09:49:08.090, NVIDIA H100 80GB HBM3, 46, 100 %, 54 %, 74157 MiB, 81559 MiB
2026/08/06 09:49:11.090, NVIDIA H100 80GB HBM3, 30, 0 %, 0 %, 74157 MiB, 81559 MiB
2026/08/06 09:49:14.091, NVIDIA H100 80GB HBM3, 38, 77 %, 32 %, 74157 MiB, 81559 MiB
2026/08/06 09:49:17.091, NVIDIA H100 80GB HBM3, 41, 100 %, 43 %, 74157 MiB, 81559 MiB
2026/08/06 09:49:20.091, NVIDIA H100 80GB HBM3, 30, 0 %, 0 %, 74157 MiB, 81559 MiB
2026/08/06 09:49:23.092, NVIDIA H100 80GB HBM3, 40, 100 %, 56 %, 74157 MiB, 81559 MiB
2026/08/06 09:49:26.092, NVIDIA H100 80GB HBM3, 45, 100 %, 61 %, 74157 MiB, 81559 MiB
2026/08/06 09:49:29.093, NVIDIA H100 80GB HBM3, 30, 0 %, 0 %, 74157 MiB, 81559 MiB
2026/08/06 09:49:32.093, NVIDIA H100 80GB HBM3, 43, 99 %, 42 %, 74157 MiB, 81559 MiB
2026/08/06 09:49:35.094, NVIDIA H100 80GB HBM3, 43, 98 %, 65 %, 74157 MiB, 81559 MiB
2026/08/06 09:49:38.094, NVIDIA H100 80GB HBM3, 30, 0 %, 0 %, 74157 MiB, 81559 MiB
2026/08/06 09:49:41.095, NVIDIA H100 80GB HBM3, 43, 100 %, 59 %, 74157 MiB, 81559 MiB
2026/08/06 09:49:44.095, NVIDIA H100 80GB HBM3, 43, 100 %, 65 %, 74157 MiB, 81559 MiB
2026/08/06 09:49:47.096, NVIDIA H100 80GB HBM3, 30, 0 %, 0 %, 74157 MiB, 81559 MiB
2026/08/06 09:49:50.096, NVIDIA H100 80GB HBM3, 42, 100 %, 65 %, 74157 MiB, 81559 MiB
2026/08/06 09:49:53.097, NVIDIA H100 80GB HBM3, 31, 0 %, 0 %, 74157 MiB, 81559 MiB
2026/08/06 09:49:56.097, NVIDIA H100 80GB HBM3, 28, 0 %, 0 %, 74157 MiB, 81559 MiB
2026/08/06 09:49:59.098, NVIDIA H100 80GB HBM3, 28, 0 %, 0 %, 74157 MiB, 81559 MiB
2026/08/06 09:50:02.098, NVIDIA H100 80GB HBM3, 36, 81 %, 49 %, 74157 MiB, 81559 MiB
2026/08/06 09:50:05.098, NVIDIA H100 80GB HBM3, 45, 98 %, 51 %, 74157 MiB, 81559 MiB
2026/08/06 09:50:08.099, NVIDIA H100 80GB HBM3, 37, 0 %, 0 %, 74157 MiB, 81559 MiB
2026/08/06 09:50:11.099, NVIDIA H100 80GB HBM3, 38, 36 %, 29 %, 74157 MiB, 81559 MiB
2026/08/06 09:50:14.099, NVIDIA H100 80GB HBM3, 43, 90 %, 59 %, 74157 MiB, 81559 MiB
2026/08/06 09:50:17.100, NVIDIA H100 80GB HBM3, 32, 0 %, 0 %, 74157 MiB, 81559 MiB
2026/08/06 09:50:20.100, NVIDIA H100 80GB HBM3, 40, 100 %, 53 %, 74157 MiB, 81559 MiB
2026/08/06 09:50:23.101, NVIDIA H100 80GB HBM3, 42, 99 %, 70 %, 74157 MiB, 81559 MiB
2026/08/06 09:50:26.101, NVIDIA H100 80GB HBM3, 36, 0 %, 0 %, 74157 MiB, 81559 MiB
2026/08/06 09:50:29.102, NVIDIA H100 80GB HBM3, 38, 100 %, 48 %, 74157 MiB, 81559 MiB
2026/08/06 09:50:32.102, NVIDIA H100 80GB HBM3, 43, 98 %, 66 %, 74157 MiB, 81559 MiB
2026/08/06 09:50:35.102, NVIDIA H100 80GB HBM3, 37, 0 %, 0 %, 74157 MiB, 81559 MiB
2026/08/06 09:50:38.103, NVIDIA H100 80GB HBM3, 41, 98 %, 61 %, 74157 MiB, 81559 MiB
2026/08/06 09:50:41.103, NVIDIA H100 80GB HBM3, 45, 100 %, 63 %, 74157 MiB, 81559 MiB
2026/08/06 09:50:44.104, NVIDIA H100 80GB HBM3, 32, 0 %, 0 %, 74157 MiB, 81559 MiB
2026/08/06 09:50:47.104, NVIDIA H100 80GB HBM3, 40, 36 %, 23 %, 74157 MiB, 81559 MiB
2026/08/06 09:50:50.105, NVIDIA H100 80GB HBM3, 44, 98 %, 66 %, 74157 MiB, 81559 MiB
2026/08/06 09:50:53.106, NVIDIA H100 80GB HBM3, 32, 0 %, 0 %, 74157 MiB, 81559 MiB
2026/08/06 09:50:56.106, NVIDIA H100 80GB HBM3, 42, 99 %, 71 %, 74157 MiB, 81559 MiB
2026/08/06 09:50:59.107, NVIDIA H100 80GB HBM3, 44, 99 %, 71 %, 74157 MiB, 81559 MiB
2026/08/06 09:51:02.107, NVIDIA H100 80GB HBM3, 30, 0 %, 0 %, 74157 MiB, 81559 MiB
2026/08/06 09:51:05.108, NVIDIA H100 80GB HBM3, 40, 100 %, 61 %, 74157 MiB, 81559 MiB
2026/08/06 09:51:08.108, NVIDIA H100 80GB HBM3, 38, 56 %, 35 %, 74157 MiB, 81559 MiB
2026/08/06 09:51:11.109, NVIDIA H100 80GB HBM3, 33, 0 %, 0 %, 74157 MiB, 81559 MiB
2026/08/06 09:51:14.109, NVIDIA H100 80GB HBM3, 32, 63 %, 43 %, 74157 MiB, 81559 MiB
2026/08/06 09:51:17.110, NVIDIA H100 80GB HBM3, 44, 97 %, 70 %, 74157 MiB, 81559 MiB
2026/08/06 09:51:20.110, NVIDIA H100 80GB HBM3, 41, 100 %, 53 %, 74157 MiB, 81559 MiB
2026/08/06 09:51:23.112, NVIDIA H100 80GB HBM3, 42, 98 %, 71 %, 74157 MiB, 81559 MiB
2026/08/06 09:51:26.112, NVIDIA H100 80GB HBM3, 45, 98 %, 70 %, 74157 MiB, 81559 MiB
2026/08/06 09:51:29.113, NVIDIA H100 80GB HBM3, 33, 0 %, 0 %, 74157 MiB, 81559 MiB
2026/08/06 09:51:32.113, NVIDIA H100 80GB HBM3, 39, 99 %, 59 %, 74157 MiB, 81559 MiB
2026/08/06 09:51:35.114, NVIDIA H100 80GB HBM3, 42, 98 %, 60 %, 74157 MiB, 81559 MiB
2026/08/06 09:51:38.114, NVIDIA H100 80GB HBM3, 32, 0 %, 0 %, 74157 MiB, 81559 MiB
2026/08/06 09:51:41.115, NVIDIA H100 80GB HBM3, 41, 100 %, 42 %, 74157 MiB, 81559 MiB
2026/08/06 09:51:44.115, NVIDIA H100 80GB HBM3, 44, 100 %, 46 %, 74157 MiB, 81559 MiB
2026/08/06 09:51:47.116, NVIDIA H100 80GB HBM3, 32, 0 %, 0 %, 74157 MiB, 81559 MiB
2026/08/06 09:51:50.116, NVIDIA H100 80GB HBM3, 29, 0 %, 0 %, 74157 MiB, 81559 MiB
2026/08/06 09:51:53.117, NVIDIA H100 80GB HBM3, 41, 99 %, 59 %, 74157 MiB, 81559 MiB
2026/08/06 09:51:56.118, NVIDIA H100 80GB HBM3, 36, 50 %, 29 %, 74157 MiB, 81559 MiB
2026/08/06 09:51:59.118, NVIDIA H100 80GB HBM3, 37, 100 %, 66 %, 74157 MiB, 81559 MiB
2026/08/06 09:52:02.119, NVIDIA H100 80GB HBM3, 43, 100 %, 64 %, 74157 MiB, 81559 MiB
2026/08/06 09:52:05.119, NVIDIA H100 80GB HBM3, 44, 100 %, 52 %, 74157 MiB, 81559 MiB
2026/08/06 09:52:08.120, NVIDIA H100 80GB HBM3, 29, 0 %, 0 %, 74157 MiB, 81559 MiB
2026/08/06 09:52:11.120, NVIDIA H100 80GB HBM3, 42, 100 %, 58 %, 74157 MiB, 81559 MiB
2026/08/06 09:52:14.121, NVIDIA H100 80GB HBM3, 43, 98 %, 68 %, 74157 MiB, 81559 MiB
2026/08/06 09:52:17.121, NVIDIA H100 80GB HBM3, 30, 0 %, 0 %, 74157 MiB, 81559 MiB
2026/08/06 09:52:20.121, NVIDIA H100 80GB HBM3, 41, 100 %, 51 %, 74157 MiB, 81559 MiB
2026/08/06 09:52:23.122, NVIDIA H100 80GB HBM3, 42, 95 %, 57 %, 74157 MiB, 81559 MiB
2026/08/06 09:52:26.123, NVIDIA H100 80GB HBM3, 38, 100 %, 61 %, 74157 MiB, 81559 MiB
2026/08/06 09:52:29.123, NVIDIA H100 80GB HBM3, 39, 28 %, 3 %, 74157 MiB, 81559 MiB
2026/08/06 09:52:32.124, NVIDIA H100 80GB HBM3, 44, 100 %, 51 %, 74157 MiB, 81559 MiB
2026/08/06 09:52:35.124, NVIDIA H100 80GB HBM3, 30, 0 %, 0 %, 74157 MiB, 81559 MiB
2026/08/06 09:52:38.125, NVIDIA H100 80GB HBM3, 42, 73 %, 36 %, 74157 MiB, 81559 MiB
2026/08/06 09:52:41.125, NVIDIA H100 80GB HBM3, 31, 0 %, 0 %, 74157 MiB, 81559 MiB
2026/08/06 09:52:44.126, NVIDIA H100 80GB HBM3, 28, 0 %, 0 %, 74157 MiB, 81559 MiB
2026/08/06 09:52:47.126, NVIDIA H100 80GB HBM3, 28, 0 %, 0 %, 74157 MiB, 81559 MiB
2026/08/06 09:52:50.127, NVIDIA H100 80GB HBM3, 28, 0 %, 0 %, 74157 MiB, 81559 MiB
2026/08/06 09:52:53.127, NVIDIA H100 80GB HBM3, 27, 0 %, 0 %, 74157 MiB, 81559 MiB
2026/08/06 09:52:56.128, NVIDIA H100 80GB HBM3, 38, 96 %, 53 %, 74157 MiB, 81559 MiB
2026/08/06 09:52:59.128, NVIDIA H100 80GB HBM3, 43, 100 %, 58 %, 74157 MiB, 81559 MiB
2026/08/06 09:53:02.129, NVIDIA H100 80GB HBM3, 34, 0 %, 0 %, 74157 MiB, 81559 MiB
2026/08/06 09:53:05.129, NVIDIA H100 80GB HBM3, 41, 100 %, 57 %, 74157 MiB, 81559 MiB
2026/08/06 09:53:08.130, NVIDIA H100 80GB HBM3, 44, 100 %, 63 %, 74157 MiB, 81559 MiB
2026/08/06 09:53:11.130, NVIDIA H100 80GB HBM3, 33, 0 %, 0 %, 74157 MiB, 81559 MiB
2026/08/06 09:53:14.131, NVIDIA H100 80GB HBM3, 42, 100 %, 64 %, 74157 MiB, 81559 MiB
2026/08/06 09:53:17.131, NVIDIA H100 80GB HBM3, 43, 100 %, 65 %, 74157 MiB, 81559 MiB
2026/08/06 09:53:20.132, NVIDIA H100 80GB HBM3, 31, 0 %, 0 %, 74157 MiB, 81559 MiB
2026/08/06 09:53:23.132, NVIDIA H100 80GB HBM3, 43, 98 %, 52 %, 74157 MiB, 81559 MiB
2026/08/06 09:53:26.132, NVIDIA H100 80GB HBM3, 36, 10 %, 0 %, 74157 MiB, 81559 MiB
2026/08/06 09:53:29.133, NVIDIA H100 80GB HBM3, 31, 0 %, 0 %, 74157 MiB, 81559 MiB
2026/08/06 09:53:32.133, NVIDIA H100 80GB HBM3, 43, 100 %, 67 %, 74157 MiB, 81559 MiB
2026/08/06 09:53:35.134, NVIDIA H100 80GB HBM3, 43, 100 %, 53 %, 74157 MiB, 81559 MiB
2026/08/06 09:53:38.134, NVIDIA H100 80GB HBM3, 31, 0 %, 0 %, 74157 MiB, 81559 MiB
2026/08/06 09:53:41.134, NVIDIA H100 80GB HBM3, 40, 100 %, 39 %, 74157 MiB, 81559 MiB
2026/08/06 09:53:44.135, NVIDIA H100 80GB HBM3, 43, 100 %, 54 %, 74157 MiB, 81559 MiB
2026/08/06 09:53:47.135, NVIDIA H100 80GB HBM3, 34, 0 %, 0 %, 74157 MiB, 81559 MiB
2026/08/06 09:53:50.135, NVIDIA H100 80GB HBM3, 43, 100 %, 52 %, 74157 MiB, 81559 MiB
2026/08/06 09:53:53.138, NVIDIA H100 80GB HBM3, 44, 100 %, 39 %, 74157 MiB, 81559 MiB
2026/08/06 09:53:56.138, NVIDIA H100 80GB HBM3, 30, 0 %, 0 %, 74157 MiB, 81559 MiB
2026/08/06 09:53:59.138, NVIDIA H100 80GB HBM3, 43, 100 %, 48 %, 74157 MiB, 81559 MiB
2026/08/06 09:54:02.139, NVIDIA H100 80GB HBM3, 43, 99 %, 68 %, 74157 MiB, 81559 MiB
2026/08/06 09:54:05.139, NVIDIA H100 80GB HBM3, 30, 0 %, 0 %, 74157 MiB, 81559 MiB
2026/08/06 09:54:08.140, NVIDIA H100 80GB HBM3, 42, 100 %, 56 %, 74157 MiB, 81559 MiB
2026/08/06 09:54:11.140, NVIDIA H100 80GB HBM3, 43, 100 %, 55 %, 74157 MiB, 81559 MiB
2026/08/06 09:54:14.140, NVIDIA H100 80GB HBM3, 31, 0 %, 0 %, 74157 MiB, 81559 MiB
2026/08/06 09:54:17.141, NVIDIA H100 80GB HBM3, 40, 100 %, 62 %, 74157 MiB, 81559 MiB
2026/08/06 09:54:20.141, NVIDIA H100 80GB HBM3, 44, 100 %, 54 %, 74157 MiB, 81559 MiB
2026/08/06 09:54:23.142, NVIDIA H100 80GB HBM3, 39, 100 %, 65 %, 74157 MiB, 81559 MiB
2026/08/06 09:54:26.142, NVIDIA H100 80GB HBM3, 36, 48 %, 30 %, 74157 MiB, 81559 MiB
2026/08/06 09:54:29.143, NVIDIA H100 80GB HBM3, 43, 100 %, 61 %, 74157 MiB, 81559 MiB
2026/08/06 09:54:32.143, NVIDIA H100 80GB HBM3, 34, 0 %, 0 %, 74157 MiB, 81559 MiB
2026/08/06 09:54:35.143, NVIDIA H100 80GB HBM3, 38, 99 %, 60 %, 74157 MiB, 81559 MiB
2026/08/06 09:54:38.144, NVIDIA H100 80GB HBM3, 44, 99 %, 60 %, 74157 MiB, 81559 MiB
2026/08/06 09:54:41.144, NVIDIA H100 80GB HBM3, 37, 0 %, 0 %, 74157 MiB, 81559 MiB
2026/08/06 09:54:44.145, NVIDIA H100 80GB HBM3, 42, 100 %, 54 %, 74157 MiB, 81559 MiB
2026/08/06 09:54:47.145, NVIDIA H100 80GB HBM3, 45, 100 %, 63 %, 74157 MiB, 81559 MiB
2026/08/06 09:54:50.146, NVIDIA H100 80GB HBM3, 39, 100 %, 44 %, 74157 MiB, 81559 MiB
2026/08/06 09:54:53.147, NVIDIA H100 80GB HBM3, 42, 98 %, 67 %, 74157 MiB, 81559 MiB
2026/08/06 09:54:56.147, NVIDIA H100 80GB HBM3, 39, 100 %, 68 %, 74157 MiB, 81559 MiB
2026/08/06 09:54:59.148, NVIDIA H100 80GB HBM3, 31, 0 %, 0 %, 74157 MiB, 81559 MiB
2026/08/06 09:55:02.148, NVIDIA H100 80GB HBM3, 42, 100 %, 50 %, 74157 MiB, 81559 MiB
2026/08/06 09:55:05.149, NVIDIA H100 80GB HBM3, 33, 0 %, 0 %, 74157 MiB, 81559 MiB
2026/08/06 09:55:08.149, NVIDIA H100 80GB HBM3, 40, 100 %, 54 %, 74157 MiB, 81559 MiB
2026/08/06 09:55:11.150, NVIDIA H100 80GB HBM3, 39, 23 %, 2 %, 74157 MiB, 81559 MiB
2026/08/06 09:55:14.150, NVIDIA H100 80GB HBM3, 33, 0 %, 0 %, 74157 MiB, 81559 MiB
2026/08/06 09:55:17.151, NVIDIA H100 80GB HBM3, 41, 100 %, 51 %, 74157 MiB, 81559 MiB
2026/08/06 09:55:20.151, NVIDIA H100 80GB HBM3, 43, 88 %, 57 %, 74157 MiB, 81559 MiB
2026/08/06 09:55:23.153, NVIDIA H100 80GB HBM3, 43, 100 %, 53 %, 74157 MiB, 81559 MiB
2026/08/06 09:55:26.153, NVIDIA H100 80GB HBM3, 32, 0 %, 0 %, 74157 MiB, 81559 MiB
2026/08/06 09:55:29.153, NVIDIA H100 80GB HBM3, 44, 100 %, 64 %, 74157 MiB, 81559 MiB
2026/08/06 09:55:32.154, NVIDIA H100 80GB HBM3, 29, 0 %, 0 %, 74157 MiB, 81559 MiB
2026/08/06 09:55:35.154, NVIDIA H100 80GB HBM3, 28, 0 %, 0 %, 74157 MiB, 81559 MiB
2026/08/06 09:55:38.155, NVIDIA H100 80GB HBM3, 28, 0 %, 0 %, 74157 MiB, 81559 MiB
2026/08/06 09:55:41.155, NVIDIA H100 80GB HBM3, 41, 100 %, 64 %, 74157 MiB, 81559 MiB
2026/08/06 09:55:44.155, NVIDIA H100 80GB HBM3, 43, 100 %, 42 %, 74157 MiB, 81559 MiB
2026/08/06 09:55:47.156, NVIDIA H100 80GB HBM3, 31, 0 %, 0 %, 74157 MiB, 81559 MiB
2026/08/06 09:55:50.156, NVIDIA H100 80GB HBM3, 41, 100 %, 49 %, 74157 MiB, 81559 MiB
2026/08/06 09:55:53.158, NVIDIA H100 80GB HBM3, 42, 99 %, 60 %, 74157 MiB, 81559 MiB
2026/08/06 09:55:56.158, NVIDIA H100 80GB HBM3, 30, 0 %, 0 %, 74157 MiB, 81559 MiB
2026/08/06 09:55:59.158, NVIDIA H100 80GB HBM3, 42, 100 %, 54 %, 74157 MiB, 81559 MiB
2026/08/06 09:56:02.159, NVIDIA H100 80GB HBM3, 44, 100 %, 55 %, 74157 MiB, 81559 MiB
2026/08/06 09:56:05.159, NVIDIA H100 80GB HBM3, 30, 23 %, 3 %, 74157 MiB, 81559 MiB
2026/08/06 09:56:08.160, NVIDIA H100 80GB HBM3, 37, 55 %, 32 %, 74157 MiB, 81559 MiB
2026/08/06 09:56:11.160, NVIDIA H100 80GB HBM3, 44, 100 %, 64 %, 74157 MiB, 81559 MiB
2026/08/06 09:56:14.161, NVIDIA H100 80GB HBM3, 33, 100 %, 61 %, 74157 MiB, 81559 MiB
2026/08/06 09:56:17.161, NVIDIA H100 80GB HBM3, 41, 99 %, 62 %, 74157 MiB, 81559 MiB
2026/08/06 09:56:20.162, NVIDIA H100 80GB HBM3, 45, 100 %, 64 %, 74157 MiB, 81559 MiB
2026/08/06 09:56:23.162, NVIDIA H100 80GB HBM3, 37, 9 %, 8 %, 74157 MiB, 81559 MiB
2026/08/06 09:56:26.163, NVIDIA H100 80GB HBM3, 34, 10 %, 0 %, 74157 MiB, 81559 MiB
2026/08/06 09:56:29.163, NVIDIA H100 80GB HBM3, 44, 100 %, 63 %, 74157 MiB, 81559 MiB
2026/08/06 09:56:32.164, NVIDIA H100 80GB HBM3, 42, 100 %, 53 %, 74157 MiB, 81559 MiB
2026/08/06 09:56:35.164, NVIDIA H100 80GB HBM3, 38, 100 %, 41 %, 74157 MiB, 81559 MiB
2026/08/06 09:56:38.165, NVIDIA H100 80GB HBM3, 44, 100 %, 59 %, 74157 MiB, 81559 MiB
2026/08/06 09:56:41.165, NVIDIA H100 80GB HBM3, 42, 100 %, 53 %, 74157 MiB, 81559 MiB
2026/08/06 09:56:44.165, NVIDIA H100 80GB HBM3, 35, 100 %, 62 %, 74157 MiB, 81559 MiB
2026/08/06 09:56:47.166, NVIDIA H100 80GB HBM3, 40, 10 %, 1 %, 74157 MiB, 81559 MiB
2026/08/06 09:56:50.166, NVIDIA H100 80GB HBM3, 36, 99 %, 64 %, 74157 MiB, 81559 MiB
2026/08/06 09:56:53.169, NVIDIA H100 80GB HBM3, 31, 30 %, 9 %, 74157 MiB, 81559 MiB
2026/08/06 09:56:56.169, NVIDIA H100 80GB HBM3, 44, 100 %, 65 %, 74157 MiB, 81559 MiB
2026/08/06 09:56:59.170, NVIDIA H100 80GB HBM3, 37, 100 %, 57 %, 74157 MiB, 81559 MiB
2026/08/06 09:57:02.170, NVIDIA H100 80GB HBM3, 43, 100 %, 55 %, 74157 MiB, 81559 MiB
2026/08/06 09:57:05.171, NVIDIA H100 80GB HBM3, 43, 100 %, 54 %, 74157 MiB, 81559 MiB
2026/08/06 09:57:08.171, NVIDIA H100 80GB HBM3, 42, 100 %, 55 %, 74157 MiB, 81559 MiB
2026/08/06 09:57:11.172, NVIDIA H100 80GB HBM3, 42, 100 %, 57 %, 74157 MiB, 81559 MiB
2026/08/06 09:57:14.172, NVIDIA H100 80GB HBM3, 44, 98 %, 65 %, 74157 MiB, 81559 MiB
2026/08/06 09:57:17.172, NVIDIA H100 80GB HBM3, 40, 100 %, 53 %, 74157 MiB, 81559 MiB
2026/08/06 09:57:20.173, NVIDIA H100 80GB HBM3, 43, 100 %, 40 %, 74157 MiB, 81559 MiB
2026/08/06 09:57:23.175, NVIDIA H100 80GB HBM3, 46, 100 %, 42 %, 74157 MiB, 81559 MiB
2026/08/06 09:57:26.175, NVIDIA H100 80GB HBM3, 37, 14 %, 0 %, 74157 MiB, 81559 MiB
2026/08/06 09:57:29.176, NVIDIA H100 80GB HBM3, 45, 99 %, 41 %, 74157 MiB, 81559 MiB
2026/08/06 09:57:32.176, NVIDIA H100 80GB HBM3, 37, 78 %, 43 %, 74157 MiB, 81559 MiB
2026/08/06 09:57:35.176, NVIDIA H100 80GB HBM3, 38, 100 %, 63 %, 74157 MiB, 81559 MiB
2026/08/06 09:57:38.177, NVIDIA H100 80GB HBM3, 42, 98 %, 63 %, 74157 MiB, 81559 MiB
2026/08/06 09:57:41.177, NVIDIA H100 80GB HBM3, 45, 100 %, 58 %, 74157 MiB, 81559 MiB
2026/08/06 09:57:44.178, NVIDIA H100 80GB HBM3, 37, 90 %, 59 %, 74157 MiB, 81559 MiB
2026/08/06 09:57:47.178, NVIDIA H100 80GB HBM3, 39, 99 %, 60 %, 74157 MiB, 81559 MiB
2026/08/06 09:57:50.179, NVIDIA H100 80GB HBM3, 46, 100 %, 49 %, 74157 MiB, 81559 MiB
2026/08/06 09:57:53.182, NVIDIA H100 80GB HBM3, 31, 0 %, 0 %, 74157 MiB, 81559 MiB
2026/08/06 09:57:56.182, NVIDIA H100 80GB HBM3, 41, 100 %, 53 %, 74157 MiB, 81559 MiB
2026/08/06 09:57:59.182, NVIDIA H100 80GB HBM3, 42, 100 %, 64 %, 74157 MiB, 81559 MiB
2026/08/06 09:58:02.183, NVIDIA H100 80GB HBM3, 41, 44 %, 36 %, 74157 MiB, 81559 MiB
2026/08/06 09:58:05.183, NVIDIA H100 80GB HBM3, 43, 26 %, 2 %, 74157 MiB, 81559 MiB
2026/08/06 09:58:08.184, NVIDIA H100 80GB HBM3, 44, 99 %, 52 %, 74157 MiB, 81559 MiB
2026/08/06 09:58:11.184, NVIDIA H100 80GB HBM3, 30, 0 %, 0 %, 74157 MiB, 81559 MiB
2026/08/06 09:58:14.185, NVIDIA H100 80GB HBM3, 44, 83 %, 37 %, 74157 MiB, 81559 MiB
2026/08/06 09:58:17.185, NVIDIA H100 80GB HBM3, 30, 0 %, 0 %, 74157 MiB, 81559 MiB
2026/08/06 09:58:20.186, NVIDIA H100 80GB HBM3, 28, 0 %, 0 %, 74157 MiB, 81559 MiB
2026/08/06 09:58:23.188, NVIDIA H100 80GB HBM3, 28, 0 %, 0 %, 74157 MiB, 81559 MiB
2026/08/06 09:58:26.188, NVIDIA H100 80GB HBM3, 28, 0 %, 0 %, 74157 MiB, 81559 MiB
2026/08/06 09:58:29.189, NVIDIA H100 80GB HBM3, 44, 98 %, 53 %, 74157 MiB, 81559 MiB
2026/08/06 09:58:32.189, NVIDIA H100 80GB HBM3, 44, 53 %, 30 %, 74157 MiB, 81559 MiB
2026/08/06 09:58:35.190, NVIDIA H100 80GB HBM3, 39, 100 %, 56 %, 74157 MiB, 81559 MiB
2026/08/06 09:58:38.190, NVIDIA H100 80GB HBM3, 43, 100 %, 54 %, 74157 MiB, 81559 MiB
2026/08/06 09:58:41.190, NVIDIA H100 80GB HBM3, 31, 0 %, 0 %, 74157 MiB, 81559 MiB
2026/08/06 09:58:44.191, NVIDIA H100 80GB HBM3, 41, 100 %, 55 %, 74157 MiB, 81559 MiB
2026/08/06 09:58:47.191, NVIDIA H100 80GB HBM3, 46, 100 %, 49 %, 74157 MiB, 81559 MiB
2026/08/06 09:58:50.192, NVIDIA H100 80GB HBM3, 39, 41 %, 22 %, 74157 MiB, 81559 MiB
2026/08/06 09:58:53.194, NVIDIA H100 80GB HBM3, 31, 0 %, 0 %, 74157 MiB, 81559 MiB
2026/08/06 09:58:56.194, NVIDIA H100 80GB HBM3, 40, 100 %, 54 %, 74157 MiB, 81559 MiB
2026/08/06 09:58:59.195, NVIDIA H100 80GB HBM3, 38, 0 %, 0 %, 74157 MiB, 81559 MiB
2026/08/06 09:59:02.195, NVIDIA H100 80GB HBM3, 30, 0 %, 0 %, 74157 MiB, 81559 MiB
2026/08/06 09:59:05.196, NVIDIA H100 80GB HBM3, 43, 100 %, 64 %, 74157 MiB, 81559 MiB
2026/08/06 09:59:08.196, NVIDIA H100 80GB HBM3, 39, 77 %, 40 %, 74157 MiB, 81559 MiB
2026/08/06 09:59:11.197, NVIDIA H100 80GB HBM3, 30, 0 %, 0 %, 74157 MiB, 81559 MiB
2026/08/06 09:59:14.197, NVIDIA H100 80GB HBM3, 42, 100 %, 54 %, 74157 MiB, 81559 MiB
2026/08/06 09:59:17.197, NVIDIA H100 80GB HBM3, 32, 0 %, 0 %, 74157 MiB, 81559 MiB
2026/08/06 09:59:20.198, NVIDIA H100 80GB HBM3, 38, 100 %, 54 %, 74157 MiB, 81559 MiB
2026/08/06 09:59:23.200, NVIDIA H100 80GB HBM3, 42, 100 %, 54 %, 74157 MiB, 81559 MiB
2026/08/06 09:59:26.201, NVIDIA H100 80GB HBM3, 44, 98 %, 61 %, 74157 MiB, 81559 MiB
2026/08/06 09:59:29.201, NVIDIA H100 80GB HBM3, 41, 100 %, 67 %, 74157 MiB, 81559 MiB
2026/08/06 09:59:32.201, NVIDIA H100 80GB HBM3, 42, 98 %, 43 %, 74157 MiB, 81559 MiB
2026/08/06 09:59:35.202, NVIDIA H100 80GB HBM3, 39, 0 %, 0 %, 74157 MiB, 81559 MiB
2026/08/06 09:59:38.202, NVIDIA H100 80GB HBM3, 33, 0 %, 0 %, 74157 MiB, 81559 MiB
2026/08/06 09:59:41.202, NVIDIA H100 80GB HBM3, 39, 69 %, 30 %, 74157 MiB, 81559 MiB
2026/08/06 09:59:44.203, NVIDIA H100 80GB HBM3, 42, 100 %, 50 %, 74157 MiB, 81559 MiB
2026/08/06 09:59:47.203, NVIDIA H100 80GB HBM3, 33, 0 %, 0 %, 74157 MiB, 81559 MiB
2026/08/06 09:59:50.204, NVIDIA H100 80GB HBM3, 43, 100 %, 58 %, 74157 MiB, 81559 MiB
2026/08/06 09:59:53.206, NVIDIA H100 80GB HBM3, 42, 100 %, 50 %, 74157 MiB, 81559 MiB
2026/08/06 09:59:56.206, NVIDIA H100 80GB HBM3, 35, 0 %, 0 %, 74157 MiB, 81559 MiB
2026/08/06 09:59:59.207, NVIDIA H100 80GB HBM3, 34, 10 %, 0 %, 74157 MiB, 81559 MiB
2026/08/06 10:00:02.207, NVIDIA H100 80GB HBM3, 42, 100 %, 51 %, 74157 MiB, 81559 MiB
2026/08/06 10:00:05.207, NVIDIA H100 80GB HBM3, 44, 100 %, 59 %, 74157 MiB, 81559 MiB
2026/08/06 10:00:08.208, NVIDIA H100 80GB HBM3, 29, 0 %, 0 %, 74157 MiB, 81559 MiB
2026/08/06 10:00:11.208, NVIDIA H100 80GB HBM3, 37, 100 %, 65 %, 74157 MiB, 81559 MiB
2026/08/06 10:00:14.209, NVIDIA H100 80GB HBM3, 45, 100 %, 51 %, 74157 MiB, 81559 MiB
2026/08/06 10:00:17.209, NVIDIA H100 80GB HBM3, 31, 0 %, 0 %, 74157 MiB, 81559 MiB
2026/08/06 10:00:20.209, NVIDIA H100 80GB HBM3, 42, 58 %, 36 %, 74157 MiB, 81559 MiB
2026/08/06 10:00:23.212, NVIDIA H100 80GB HBM3, 38, 77 %, 33 %, 74157 MiB, 81559 MiB
2026/08/06 10:00:26.212, NVIDIA H100 80GB HBM3, 30, 0 %, 0 %, 74157 MiB, 81559 MiB
2026/08/06 10:00:29.213, NVIDIA H100 80GB HBM3, 43, 42 %, 23 %, 74157 MiB, 81559 MiB
2026/08/06 10:00:32.213, NVIDIA H100 80GB HBM3, 42, 100 %, 44 %, 74157 MiB, 81559 MiB
2026/08/06 10:00:35.214, NVIDIA H100 80GB HBM3, 40, 100 %, 54 %, 74157 MiB, 81559 MiB
2026/08/06 10:00:38.214, NVIDIA H100 80GB HBM3, 43, 98 %, 62 %, 74157 MiB, 81559 MiB
2026/08/06 10:00:41.215, NVIDIA H100 80GB HBM3, 41, 98 %, 61 %, 74157 MiB, 81559 MiB
2026/08/06 10:00:44.215, NVIDIA H100 80GB HBM3, 29, 0 %, 0 %, 74157 MiB, 81559 MiB
2026/08/06 10:00:47.215, NVIDIA H100 80GB HBM3, 44, 100 %, 44 %, 74157 MiB, 81559 MiB
2026/08/06 10:00:50.216, NVIDIA H100 80GB HBM3, 37, 0 %, 0 %, 74157 MiB, 81559 MiB
2026/08/06 10:00:53.216, NVIDIA H100 80GB HBM3, 35, 74 %, 51 %, 74157 MiB, 81559 MiB
2026/08/06 10:00:56.217, NVIDIA H100 80GB HBM3, 42, 97 %, 63 %, 74157 MiB, 81559 MiB
2026/08/06 10:00:59.217, NVIDIA H100 80GB HBM3, 31, 0 %, 0 %, 74157 MiB, 81559 MiB
2026/08/06 10:01:02.218, NVIDIA H100 80GB HBM3, 42, 99 %, 56 %, 74157 MiB, 81559 MiB
2026/08/06 10:01:05.218, NVIDIA H100 80GB HBM3, 32, 0 %, 0 %, 74157 MiB, 81559 MiB
2026/08/06 10:01:08.218, NVIDIA H100 80GB HBM3, 28, 0 %, 0 %, 74157 MiB, 81559 MiB
2026/08/06 10:01:11.219, NVIDIA H100 80GB HBM3, 28, 0 %, 0 %, 74157 MiB, 81559 MiB
2026/08/06 10:01:14.219, NVIDIA H100 80GB HBM3, 31, 0 %, 0 %, 74157 MiB, 81559 MiB
2026/08/06 10:01:17.220, NVIDIA H100 80GB HBM3, 43, 100 %, 51 %, 74157 MiB, 81559 MiB
2026/08/06 10:01:20.220, NVIDIA H100 80GB HBM3, 44, 100 %, 50 %, 74157 MiB, 81559 MiB
2026/08/06 10:01:23.221, NVIDIA H100 80GB HBM3, 37, 97 %, 55 %, 74157 MiB, 81559 MiB
2026/08/06 10:01:26.221, NVIDIA H100 80GB HBM3, 43, 100 %, 57 %, 74157 MiB, 81559 MiB
2026/08/06 10:01:29.221, NVIDIA H100 80GB HBM3, 45, 100 %, 50 %, 74157 MiB, 81559 MiB
2026/08/06 10:01:32.222, NVIDIA H100 80GB HBM3, 30, 0 %, 0 %, 74157 MiB, 81559 MiB
2026/08/06 10:01:35.222, NVIDIA H100 80GB HBM3, 45, 100 %, 54 %, 74157 MiB, 81559 MiB
2026/08/06 10:01:38.223, NVIDIA H100 80GB HBM3, 45, 100 %, 51 %, 74157 MiB, 81559 MiB
2026/08/06 10:01:41.223, NVIDIA H100 80GB HBM3, 33, 0 %, 0 %, 74157 MiB, 81559 MiB
2026/08/06 10:01:44.224, NVIDIA H100 80GB HBM3, 43, 100 %, 51 %, 74157 MiB, 81559 MiB
2026/08/06 10:01:47.224, NVIDIA H100 80GB HBM3, 44, 98 %, 69 %, 74157 MiB, 81559 MiB
2026/08/06 10:01:50.225, NVIDIA H100 80GB HBM3, 34, 46 %, 27 %, 74157 MiB, 81559 MiB
2026/08/06 10:01:53.225, NVIDIA H100 80GB HBM3, 42, 98 %, 50 %, 74157 MiB, 81559 MiB
2026/08/06 10:01:56.226, NVIDIA H100 80GB HBM3, 36, 15 %, 7 %, 74157 MiB, 81559 MiB
2026/08/06 10:01:59.226, NVIDIA H100 80GB HBM3, 29, 0 %, 0 %, 74157 MiB, 81559 MiB
2026/08/06 10:02:02.227, NVIDIA H100 80GB HBM3, 40, 98 %, 55 %, 74157 MiB, 81559 MiB
2026/08/06 10:02:05.227, NVIDIA H100 80GB HBM3, 45, 99 %, 55 %, 74157 MiB, 81559 MiB
2026/08/06 10:02:08.227, NVIDIA H100 80GB HBM3, 29, 0 %, 0 %, 74157 MiB, 81559 MiB
2026/08/06 10:02:11.228, NVIDIA H100 80GB HBM3, 42, 70 %, 31 %, 74157 MiB, 81559 MiB
2026/08/06 10:02:14.228, NVIDIA H100 80GB HBM3, 44, 100 %, 57 %, 74157 MiB, 81559 MiB
2026/08/06 10:02:17.228, NVIDIA H100 80GB HBM3, 30, 0 %, 0 %, 74157 MiB, 81559 MiB
2026/08/06 10:02:20.229, NVIDIA H100 80GB HBM3, 37, 100 %, 61 %, 74157 MiB, 81559 MiB
2026/08/06 10:02:23.229, NVIDIA H100 80GB HBM3, 44, 100 %, 50 %, 74157 MiB, 81559 MiB
2026/08/06 10:02:26.230, NVIDIA H100 80GB HBM3, 31, 0 %, 0 %, 74157 MiB, 81559 MiB
2026/08/06 10:02:29.230, NVIDIA H100 80GB HBM3, 42, 100 %, 56 %, 74157 MiB, 81559 MiB
2026/08/06 10:02:32.231, NVIDIA H100 80GB HBM3, 44, 100 %, 57 %, 74157 MiB, 81559 MiB
2026/08/06 10:02:35.231, NVIDIA H100 80GB HBM3, 31, 0 %, 0 %, 74157 MiB, 81559 MiB
2026/08/06 10:02:38.231, NVIDIA H100 80GB HBM3, 39, 74 %, 31 %, 74157 MiB, 81559 MiB
2026/08/06 10:02:41.232, NVIDIA H100 80GB HBM3, 42, 79 %, 34 %, 74157 MiB, 81559 MiB
2026/08/06 10:02:44.232, NVIDIA H100 80GB HBM3, 33, 0 %, 0 %, 74157 MiB, 81559 MiB
2026/08/06 10:02:47.233, NVIDIA H100 80GB HBM3, 42, 100 %, 54 %, 74157 MiB, 81559 MiB
2026/08/06 10:02:50.233, NVIDIA H100 80GB HBM3, 45, 100 %, 50 %, 74157 MiB, 81559 MiB
2026/08/06 10:02:53.234, NVIDIA H100 80GB HBM3, 31, 0 %, 0 %, 74157 MiB, 81559 MiB
2026/08/06 10:02:56.234, NVIDIA H100 80GB HBM3, 43, 100 %, 53 %, 74157 MiB, 81559 MiB
2026/08/06 10:02:59.235, NVIDIA H100 80GB HBM3, 43, 100 %, 52 %, 74157 MiB, 81559 MiB
2026/08/06 10:03:02.235, NVIDIA H100 80GB HBM3, 42, 100 %, 50 %, 74157 MiB, 81559 MiB
2026/08/06 10:03:05.236, NVIDIA H100 80GB HBM3, 40, 100 %, 54 %, 74157 MiB, 81559 MiB
2026/08/06 10:03:08.236, NVIDIA H100 80GB HBM3, 44, 100 %, 54 %, 74157 MiB, 81559 MiB
2026/08/06 10:03:11.237, NVIDIA H100 80GB HBM3, 29, 0 %, 0 %, 74157 MiB, 81559 MiB
2026/08/06 10:03:14.237, NVIDIA H100 80GB HBM3, 41, 85 %, 54 %, 74157 MiB, 81559 MiB
2026/08/06 10:03:17.237, NVIDIA H100 80GB HBM3, 40, 78 %, 50 %, 74157 MiB, 81559 MiB
2026/08/06 10:03:20.238, NVIDIA H100 80GB HBM3, 33, 100 %, 64 %, 74157 MiB, 81559 MiB
2026/08/06 10:03:23.238, NVIDIA H100 80GB HBM3, 44, 98 %, 65 %, 74157 MiB, 81559 MiB
2026/08/06 10:03:26.239, NVIDIA H100 80GB HBM3, 34, 0 %, 0 %, 74157 MiB, 81559 MiB
2026/08/06 10:03:29.239, NVIDIA H100 80GB HBM3, 41, 98 %, 62 %, 74157 MiB, 81559 MiB
2026/08/06 10:03:32.240, NVIDIA H100 80GB HBM3, 42, 87 %, 55 %, 74157 MiB, 81559 MiB
2026/08/06 10:03:35.240, NVIDIA H100 80GB HBM3, 32, 0 %, 0 %, 74157 MiB, 81559 MiB
2026/08/06 10:03:38.241, NVIDIA H100 80GB HBM3, 37, 17 %, 4 %, 74157 MiB, 81559 MiB
2026/08/06 10:03:41.241, NVIDIA H100 80GB HBM3, 43, 46 %, 21 %, 74157 MiB, 81559 MiB
2026/08/06 10:03:44.242, NVIDIA H100 80GB HBM3, 37, 84 %, 48 %, 74157 MiB, 81559 MiB
2026/08/06 10:03:47.242, NVIDIA H100 80GB HBM3, 29, 0 %, 0 %, 74157 MiB, 81559 MiB
2026/08/06 10:03:50.242, NVIDIA H100 80GB HBM3, 41, 100 %, 53 %, 74157 MiB, 81559 MiB
2026/08/06 10:03:53.249, NVIDIA H100 80GB HBM3, 29, 0 %, 0 %, 74157 MiB, 81559 MiB
2026/08/06 10:03:56.249, NVIDIA H100 80GB HBM3, 28, 0 %, 0 %, 74157 MiB, 81559 MiB
2026/08/06 10:03:59.250, NVIDIA H100 80GB HBM3, 28, 0 %, 0 %, 74157 MiB, 81559 MiB
2026/08/06 10:04:02.250, NVIDIA H100 80GB HBM3, 40, 98 %, 49 %, 74157 MiB, 81559 MiB
2026/08/06 10:04:05.251, NVIDIA H100 80GB HBM3, 42, 81 %, 52 %, 74157 MiB, 81559 MiB
2026/08/06 10:04:08.251, NVIDIA H100 80GB HBM3, 31, 0 %, 0 %, 74157 MiB, 81559 MiB
2026/08/06 10:04:11.251, NVIDIA H100 80GB HBM3, 45, 100 %, 49 %, 74157 MiB, 81559 MiB
2026/08/06 10:04:14.252, NVIDIA H100 80GB HBM3, 46, 100 %, 50 %, 74157 MiB, 81559 MiB
2026/08/06 10:04:17.252, NVIDIA H100 80GB HBM3, 30, 0 %, 0 %, 74157 MiB, 81559 MiB
2026/08/06 10:04:20.253, NVIDIA H100 80GB HBM3, 37, 100 %, 60 %, 74157 MiB, 81559 MiB
2026/08/06 10:04:23.253, NVIDIA H100 80GB HBM3, 42, 100 %, 53 %, 74157 MiB, 81559 MiB
2026/08/06 10:04:26.254, NVIDIA H100 80GB HBM3, 31, 0 %, 0 %, 74157 MiB, 81559 MiB
2026/08/06 10:04:29.254, NVIDIA H100 80GB HBM3, 36, 100 %, 67 %, 74157 MiB, 81559 MiB
2026/08/06 10:04:32.255, NVIDIA H100 80GB HBM3, 42, 100 %, 63 %, 74157 MiB, 81559 MiB
2026/08/06 10:04:35.255, NVIDIA H100 80GB HBM3, 41, 100 %, 55 %, 74157 MiB, 81559 MiB
2026/08/06 10:04:38.256, NVIDIA H100 80GB HBM3, 29, 0 %, 0 %, 74157 MiB, 81559 MiB
2026/08/06 10:04:41.256, NVIDIA H100 80GB HBM3, 43, 100 %, 65 %, 74157 MiB, 81559 MiB
2026/08/06 10:04:44.256, NVIDIA H100 80GB HBM3, 44, 100 %, 49 %, 74157 MiB, 81559 MiB
2026/08/06 10:04:47.257, NVIDIA H100 80GB HBM3, 33, 0 %, 0 %, 74157 MiB, 81559 MiB
2026/08/06 10:04:50.257, NVIDIA H100 80GB HBM3, 37, 100 %, 54 %, 74157 MiB, 81559 MiB
2026/08/06 10:04:53.258, NVIDIA H100 80GB HBM3, 42, 98 %, 66 %, 74157 MiB, 81559 MiB
2026/08/06 10:04:56.258, NVIDIA H100 80GB HBM3, 39, 100 %, 49 %, 74157 MiB, 81559 MiB
2026/08/06 10:04:59.259, NVIDIA H100 80GB HBM3, 47, 100 %, 57 %, 74157 MiB, 81559 MiB
2026/08/06 10:05:02.259, NVIDIA H100 80GB HBM3, 42, 100 %, 54 %, 74157 MiB, 81559 MiB
2026/08/06 10:05:05.259, NVIDIA H100 80GB HBM3, 37, 100 %, 65 %, 74157 MiB, 81559 MiB
2026/08/06 10:05:08.260, NVIDIA H100 80GB HBM3, 43, 98 %, 48 %, 74157 MiB, 81559 MiB
2026/08/06 10:05:11.260, NVIDIA H100 80GB HBM3, 41, 98 %, 63 %, 74157 MiB, 81559 MiB
2026/08/06 10:05:14.261, NVIDIA H100 80GB HBM3, 41, 100 %, 64 %, 74157 MiB, 81559 MiB
2026/08/06 10:05:17.261, NVIDIA H100 80GB HBM3, 44, 99 %, 61 %, 74157 MiB, 81559 MiB
2026/08/06 10:05:20.262, NVIDIA H100 80GB HBM3, 32, 0 %, 0 %, 74157 MiB, 81559 MiB
2026/08/06 10:05:23.262, NVIDIA H100 80GB HBM3, 43, 99 %, 62 %, 74157 MiB, 81559 MiB
2026/08/06 10:05:26.263, NVIDIA H100 80GB HBM3, 42, 36 %, 19 %, 74157 MiB, 81559 MiB
2026/08/06 10:05:29.263, NVIDIA H100 80GB HBM3, 30, 0 %, 0 %, 74157 MiB, 81559 MiB
2026/08/06 10:05:32.263, NVIDIA H100 80GB HBM3, 44, 100 %, 53 %, 74157 MiB, 81559 MiB
2026/08/06 10:05:35.264, NVIDIA H100 80GB HBM3, 40, 34 %, 25 %, 74157 MiB, 81559 MiB
2026/08/06 10:05:38.264, NVIDIA H100 80GB HBM3, 32, 0 %, 0 %, 74157 MiB, 81559 MiB
2026/08/06 10:05:41.265, NVIDIA H100 80GB HBM3, 44, 100 %, 58 %, 74157 MiB, 81559 MiB
2026/08/06 10:05:44.265, NVIDIA H100 80GB HBM3, 45, 100 %, 58 %, 74157 MiB, 81559 MiB
2026/08/06 10:05:47.266, NVIDIA H100 80GB HBM3, 30, 0 %, 0 %, 74157 MiB, 81559 MiB
2026/08/06 10:05:50.266, NVIDIA H100 80GB HBM3, 43, 100 %, 64 %, 74157 MiB, 81559 MiB
2026/08/06 10:05:53.266, NVIDIA H100 80GB HBM3, 44, 98 %, 68 %, 74157 MiB, 81559 MiB
2026/08/06 10:05:56.267, NVIDIA H100 80GB HBM3, 29, 0 %, 0 %, 74157 MiB, 81559 MiB
2026/08/06 10:05:59.267, NVIDIA H100 80GB HBM3, 43, 100 %, 49 %, 74157 MiB, 81559 MiB
2026/08/06 10:06:02.267, NVIDIA H100 80GB HBM3, 42, 100 %, 65 %, 74157 MiB, 81559 MiB
2026/08/06 10:06:05.268, NVIDIA H100 80GB HBM3, 29, 0 %, 0 %, 74157 MiB, 81559 MiB
2026/08/06 10:06:08.268, NVIDIA H100 80GB HBM3, 44, 100 %, 67 %, 74157 MiB, 81559 MiB
2026/08/06 10:06:11.268, NVIDIA H100 80GB HBM3, 43, 89 %, 59 %, 74157 MiB, 81559 MiB
2026/08/06 10:06:14.269, NVIDIA H100 80GB HBM3, 29, 0 %, 0 %, 74157 MiB, 81559 MiB
2026/08/06 10:06:17.269, NVIDIA H100 80GB HBM3, 43, 100 %, 63 %, 74157 MiB, 81559 MiB
2026/08/06 10:06:20.270, NVIDIA H100 80GB HBM3, 45, 100 %, 65 %, 74157 MiB, 81559 MiB
2026/08/06 10:06:23.270, NVIDIA H100 80GB HBM3, 29, 0 %, 0 %, 74157 MiB, 81559 MiB
2026/08/06 10:06:26.270, NVIDIA H100 80GB HBM3, 43, 100 %, 48 %, 74157 MiB, 81559 MiB
2026/08/06 10:06:29.271, NVIDIA H100 80GB HBM3, 44, 100 %, 48 %, 74157 MiB, 81559 MiB
2026/08/06 10:06:32.271, NVIDIA H100 80GB HBM3, 30, 0 %, 0 %, 74157 MiB, 81559 MiB
2026/08/06 10:06:35.271, NVIDIA H100 80GB HBM3, 42, 79 %, 35 %, 74157 MiB, 81559 MiB
2026/08/06 10:06:38.272, NVIDIA H100 80GB HBM3, 31, 0 %, 0 %, 74157 MiB, 81559 MiB
2026/08/06 10:06:41.272, NVIDIA H100 80GB HBM3, 28, 0 %, 0 %, 74157 MiB, 81559 MiB
2026/08/06 10:06:44.272, NVIDIA H100 80GB HBM3, 28, 0 %, 0 %, 74157 MiB, 81559 MiB
2026/08/06 10:06:47.273, NVIDIA H100 80GB HBM3, 28, 0 %, 0 %, 74157 MiB, 81559 MiB
2026/08/06 10:06:50.273, NVIDIA H100 80GB HBM3, 29, 18 %, 0 %, 74157 MiB, 81559 MiB
2026/08/06 10:06:53.274, NVIDIA H100 80GB HBM3, 43, 100 %, 54 %, 74157 MiB, 81559 MiB
2026/08/06 10:06:56.274, NVIDIA H100 80GB HBM3, 46, 100 %, 53 %, 74157 MiB, 81559 MiB
2026/08/06 10:06:59.274, NVIDIA H100 80GB HBM3, 36, 79 %, 34 %, 74157 MiB, 81559 MiB
2026/08/06 10:07:02.275, NVIDIA H100 80GB HBM3, 42, 99 %, 66 %, 74157 MiB, 81559 MiB
2026/08/06 10:07:05.275, NVIDIA H100 80GB HBM3, 35, 0 %, 0 %, 74157 MiB, 81559 MiB
2026/08/06 10:07:08.275, NVIDIA H100 80GB HBM3, 41, 100 %, 51 %, 74157 MiB, 81559 MiB
2026/08/06 10:07:11.276, NVIDIA H100 80GB HBM3, 43, 100 %, 53 %, 74157 MiB, 81559 MiB
2026/08/06 10:07:14.276, NVIDIA H100 80GB HBM3, 33, 0 %, 0 %, 74157 MiB, 81559 MiB
2026/08/06 10:07:17.276, NVIDIA H100 80GB HBM3, 40, 100 %, 53 %, 74157 MiB, 81559 MiB
2026/08/06 10:07:20.277, NVIDIA H100 80GB HBM3, 45, 100 %, 50 %, 74157 MiB, 81559 MiB
2026/08/06 10:07:23.277, NVIDIA H100 80GB HBM3, 35, 94 %, 62 %, 74157 MiB, 81559 MiB
2026/08/06 10:07:26.277, NVIDIA H100 80GB HBM3, 37, 98 %, 66 %, 74157 MiB, 81559 MiB
2026/08/06 10:07:29.278, NVIDIA H100 80GB HBM3, 44, 100 %, 67 %, 74157 MiB, 81559 MiB
2026/08/06 10:07:32.278, NVIDIA H100 80GB HBM3, 42, 100 %, 51 %, 74157 MiB, 81559 MiB
2026/08/06 10:07:35.279, NVIDIA H100 80GB HBM3, 29, 0 %, 0 %, 74157 MiB, 81559 MiB
2026/08/06 10:07:38.279, NVIDIA H100 80GB HBM3, 42, 100 %, 65 %, 74157 MiB, 81559 MiB
2026/08/06 10:07:41.279, NVIDIA H100 80GB HBM3, 40, 75 %, 51 %, 74157 MiB, 81559 MiB
2026/08/06 10:07:44.280, NVIDIA H100 80GB HBM3, 36, 99 %, 63 %, 74157 MiB, 81559 MiB
2026/08/06 10:07:47.280, NVIDIA H100 80GB HBM3, 39, 19 %, 0 %, 74157 MiB, 81559 MiB
2026/08/06 10:07:50.280, NVIDIA H100 80GB HBM3, 38, 39 %, 23 %, 74157 MiB, 81559 MiB
2026/08/06 10:07:53.281, NVIDIA H100 80GB HBM3, 36, 100 %, 63 %, 74157 MiB, 81559 MiB
2026/08/06 10:07:56.281, NVIDIA H100 80GB HBM3, 43, 97 %, 62 %, 74157 MiB, 81559 MiB
2026/08/06 10:07:59.281, NVIDIA H100 80GB HBM3, 43, 100 %, 54 %, 74157 MiB, 81559 MiB
2026/08/06 10:08:02.282, NVIDIA H100 80GB HBM3, 40, 83 %, 52 %, 74157 MiB, 81559 MiB
2026/08/06 10:08:05.282, NVIDIA H100 80GB HBM3, 44, 100 %, 63 %, 74157 MiB, 81559 MiB
2026/08/06 10:08:08.283, NVIDIA H100 80GB HBM3, 33, 0 %, 0 %, 74157 MiB, 81559 MiB
2026/08/06 10:08:11.283, NVIDIA H100 80GB HBM3, 40, 98 %, 70 %, 74157 MiB, 81559 MiB
2026/08/06 10:08:14.283, NVIDIA H100 80GB HBM3, 42, 100 %, 53 %, 74157 MiB, 81559 MiB
2026/08/06 10:08:17.284, NVIDIA H100 80GB HBM3, 32, 0 %, 0 %, 74157 MiB, 81559 MiB
2026/08/06 10:08:20.284, NVIDIA H100 80GB HBM3, 42, 100 %, 54 %, 74157 MiB, 81559 MiB
2026/08/06 10:08:23.284, NVIDIA H100 80GB HBM3, 44, 100 %, 40 %, 74157 MiB, 81559 MiB
2026/08/06 10:08:26.285, NVIDIA H100 80GB HBM3, 31, 0 %, 0 %, 74157 MiB, 81559 MiB
2026/08/06 10:08:29.285, NVIDIA H100 80GB HBM3, 35, 0 %, 0 %, 74157 MiB, 81559 MiB
2026/08/06 10:08:32.286, NVIDIA H100 80GB HBM3, 45, 100 %, 55 %, 74157 MiB, 81559 MiB
2026/08/06 10:08:35.286, NVIDIA H100 80GB HBM3, 31, 0 %, 0 %, 74157 MiB, 81559 MiB
2026/08/06 10:08:38.286, NVIDIA H100 80GB HBM3, 35, 0 %, 0 %, 74157 MiB, 81559 MiB
2026/08/06 10:08:41.287, NVIDIA H100 80GB HBM3, 43, 98 %, 62 %, 74157 MiB, 81559 MiB
2026/08/06 10:08:44.287, NVIDIA H100 80GB HBM3, 32, 0 %, 0 %, 74157 MiB, 81559 MiB
2026/08/06 10:08:47.288, NVIDIA H100 80GB HBM3, 44, 100 %, 63 %, 74157 MiB, 81559 MiB
2026/08/06 10:08:50.288, NVIDIA H100 80GB HBM3, 39, 100 %, 53 %, 74157 MiB, 81559 MiB
2026/08/06 10:08:53.288, NVIDIA H100 80GB HBM3, 45, 100 %, 52 %, 74157 MiB, 81559 MiB
2026/08/06 10:08:56.289, NVIDIA H100 80GB HBM3, 44, 100 %, 49 %, 74157 MiB, 81559 MiB
2026/08/06 10:08:59.289, NVIDIA H100 80GB HBM3, 29, 0 %, 0 %, 74157 MiB, 81559 MiB
2026/08/06 10:09:02.290, NVIDIA H100 80GB HBM3, 43, 98 %, 61 %, 74157 MiB, 81559 MiB
2026/08/06 10:09:05.290, NVIDIA H100 80GB HBM3, 43, 100 %, 48 %, 74157 MiB, 81559 MiB
2026/08/06 10:09:08.290, NVIDIA H100 80GB HBM3, 30, 0 %, 0 %, 74157 MiB, 81559 MiB
2026/08/06 10:09:11.291, NVIDIA H100 80GB HBM3, 37, 13 %, 10 %, 74157 MiB, 81559 MiB
2026/08/06 10:09:14.291, NVIDIA H100 80GB HBM3, 42, 100 %, 55 %, 74157 MiB, 81559 MiB
2026/08/06 10:09:17.292, NVIDIA H100 80GB HBM3, 34, 11 %, 1 %, 74157 MiB, 81559 MiB
2026/08/06 10:09:20.292, NVIDIA H100 80GB HBM3, 44, 100 %, 65 %, 74157 MiB, 81559 MiB
2026/08/06 10:09:23.292, NVIDIA H100 80GB HBM3, 29, 0 %, 0 %, 74157 MiB, 81559 MiB
2026/08/06 10:09:26.293, NVIDIA H100 80GB HBM3, 39, 99 %, 52 %, 74157 MiB, 81559 MiB
2026/08/06 10:09:29.293, NVIDIA H100 80GB HBM3, 30, 0 %, 0 %, 74157 MiB, 81559 MiB
2026/08/06 10:09:32.294, NVIDIA H100 80GB HBM3, 28, 0 %, 0 %, 74157 MiB, 81559 MiB
2026/08/06 10:09:35.294, NVIDIA H100 80GB HBM3, 28, 0 %, 0 %, 74157 MiB, 81559 MiB
2026/08/06 10:09:38.294, NVIDIA H100 80GB HBM3, 31, 49 %, 41 %, 74157 MiB, 81559 MiB
2026/08/06 10:09:41.295, NVIDIA H100 80GB HBM3, 42, 100 %, 57 %, 74157 MiB, 81559 MiB
2026/08/06 10:09:44.295, NVIDIA H100 80GB HBM3, 34, 0 %, 0 %, 74157 MiB, 81559 MiB
2026/08/06 10:09:47.296, NVIDIA H100 80GB HBM3, 41, 98 %, 53 %, 74157 MiB, 81559 MiB
2026/08/06 10:09:50.296, NVIDIA H100 80GB HBM3, 40, 17 %, 0 %, 74157 MiB, 81559 MiB
2026/08/06 10:09:53.296, NVIDIA H100 80GB HBM3, 30, 0 %, 0 %, 74157 MiB, 81559 MiB
2026/08/06 10:09:56.297, NVIDIA H100 80GB HBM3, 42, 98 %, 56 %, 74157 MiB, 81559 MiB
2026/08/06 10:09:59.297, NVIDIA H100 80GB HBM3, 43, 98 %, 57 %, 74157 MiB, 81559 MiB
2026/08/06 10:10:02.297, NVIDIA H100 80GB HBM3, 41, 100 %, 52 %, 74157 MiB, 81559 MiB
2026/08/06 10:10:05.298, NVIDIA H100 80GB HBM3, 44, 100 %, 54 %, 74157 MiB, 81559 MiB
2026/08/06 10:10:08.298, NVIDIA H100 80GB HBM3, 43, 100 %, 42 %, 74157 MiB, 81559 MiB
2026/08/06 10:10:11.299, NVIDIA H100 80GB HBM3, 33, 0 %, 0 %, 74157 MiB, 81559 MiB
2026/08/06 10:10:14.299, NVIDIA H100 80GB HBM3, 40, 98 %, 51 %, 74157 MiB, 81559 MiB
2026/08/06 10:10:17.299, NVIDIA H100 80GB HBM3, 44, 100 %, 55 %, 74157 MiB, 81559 MiB
2026/08/06 10:10:20.300, NVIDIA H100 80GB HBM3, 31, 0 %, 0 %, 74157 MiB, 81559 MiB
2026/08/06 10:10:23.300, NVIDIA H100 80GB HBM3, 35, 35 %, 12 %, 74157 MiB, 81559 MiB
2026/08/06 10:10:26.300, NVIDIA H100 80GB HBM3, 44, 100 %, 65 %, 74157 MiB, 81559 MiB
2026/08/06 10:10:29.301, NVIDIA H100 80GB HBM3, 31, 0 %, 0 %, 74157 MiB, 81559 MiB
2026/08/06 10:10:32.301, NVIDIA H100 80GB HBM3, 36, 0 %, 0 %, 74157 MiB, 81559 MiB
2026/08/06 10:10:35.302, NVIDIA H100 80GB HBM3, 43, 100 %, 50 %, 74157 MiB, 81559 MiB
2026/08/06 10:10:38.302, NVIDIA H100 80GB HBM3, 36, 0 %, 0 %, 74157 MiB, 81559 MiB
2026/08/06 10:10:41.302, NVIDIA H100 80GB HBM3, 34, 0 %, 0 %, 74157 MiB, 81559 MiB
2026/08/06 10:10:44.303, NVIDIA H100 80GB HBM3, 43, 100 %, 54 %, 74157 MiB, 81559 MiB
2026/08/06 10:10:47.303, NVIDIA H100 80GB HBM3, 31, 0 %, 0 %, 74157 MiB, 81559 MiB
2026/08/06 10:10:50.303, NVIDIA H100 80GB HBM3, 39, 100 %, 64 %, 74157 MiB, 81559 MiB
2026/08/06 10:10:53.304, NVIDIA H100 80GB HBM3, 38, 71 %, 31 %, 74157 MiB, 81559 MiB
2026/08/06 10:10:56.304, NVIDIA H100 80GB HBM3, 31, 0 %, 0 %, 74157 MiB, 81559 MiB
2026/08/06 10:10:59.305, NVIDIA H100 80GB HBM3, 30, 0 %, 0 %, 74157 MiB, 81559 MiB
2026/08/06 10:11:02.305, NVIDIA H100 80GB HBM3, 37, 33 %, 8 %, 74157 MiB, 81559 MiB
2026/08/06 10:11:05.305, NVIDIA H100 80GB HBM3, 33, 0 %, 0 %, 74157 MiB, 81559 MiB
2026/08/06 10:11:08.306, NVIDIA H100 80GB HBM3, 40, 100 %, 55 %, 74157 MiB, 81559 MiB
2026/08/06 10:11:11.306, NVIDIA H100 80GB HBM3, 43, 100 %, 55 %, 74157 MiB, 81559 MiB
2026/08/06 10:11:14.306, NVIDIA H100 80GB HBM3, 30, 9 %, 0 %, 74157 MiB, 81559 MiB
2026/08/06 10:11:17.307, NVIDIA H100 80GB HBM3, 30, 0 %, 0 %, 74157 MiB, 81559 MiB
2026/08/06 10:11:20.307, NVIDIA H100 80GB HBM3, 40, 98 %, 62 %, 74157 MiB, 81559 MiB
2026/08/06 10:11:23.308, NVIDIA H100 80GB HBM3, 44, 98 %, 70 %, 74157 MiB, 81559 MiB
2026/08/06 10:11:26.308, NVIDIA H100 80GB HBM3, 32, 0 %, 0 %, 74157 MiB, 81559 MiB
2026/08/06 10:11:29.308, NVIDIA H100 80GB HBM3, 43, 100 %, 51 %, 74157 MiB, 81559 MiB
2026/08/06 10:11:32.309, NVIDIA H100 80GB HBM3, 36, 4 %, 1 %, 74157 MiB, 81559 MiB
2026/08/06 10:11:35.309, NVIDIA H100 80GB HBM3, 32, 0 %, 0 %, 74157 MiB, 81559 MiB
2026/08/06 10:11:38.309, NVIDIA H100 80GB HBM3, 42, 100 %, 50 %, 74157 MiB, 81559 MiB
2026/08/06 10:11:41.310, NVIDIA H100 80GB HBM3, 42, 99 %, 61 %, 74157 MiB, 81559 MiB
2026/08/06 10:11:44.310, NVIDIA H100 80GB HBM3, 31, 0 %, 0 %, 74157 MiB, 81559 MiB
2026/08/06 10:11:47.310, NVIDIA H100 80GB HBM3, 40, 100 %, 57 %, 74157 MiB, 81559 MiB
2026/08/06 10:11:50.311, NVIDIA H100 80GB HBM3, 38, 57 %, 28 %, 74157 MiB, 81559 MiB
2026/08/06 10:11:53.311, NVIDIA H100 80GB HBM3, 31, 0 %, 0 %, 74157 MiB, 81559 MiB
2026/08/06 10:11:56.312, NVIDIA H100 80GB HBM3, 30, 18 %, 0 %, 74157 MiB, 81559 MiB
2026/08/06 10:11:59.312, NVIDIA H100 80GB HBM3, 39, 100 %, 56 %, 74157 MiB, 81559 MiB
2026/08/06 10:12:02.313, NVIDIA H100 80GB HBM3, 44, 100 %, 52 %, 74157 MiB, 81559 MiB
2026/08/06 10:12:05.313, NVIDIA H100 80GB HBM3, 35, 99 %, 65 %, 74157 MiB, 81559 MiB
2026/08/06 10:12:08.313, NVIDIA H100 80GB HBM3, 43, 99 %, 62 %, 74157 MiB, 81559 MiB
2026/08/06 10:12:11.314, NVIDIA H100 80GB HBM3, 29, 0 %, 0 %, 74157 MiB, 81559 MiB
2026/08/06 10:12:14.314, NVIDIA H100 80GB HBM3, 41, 100 %, 53 %, 74157 MiB, 81559 MiB
2026/08/06 10:12:17.314, NVIDIA H100 80GB HBM3, 30, 0 %, 0 %, 74157 MiB, 81559 MiB
2026/08/06 10:12:20.315, NVIDIA H100 80GB HBM3, 28, 0 %, 0 %, 74157 MiB, 81559 MiB
2026/08/06 10:12:23.315, NVIDIA H100 80GB HBM3, 27, 0 %, 0 %, 74157 MiB, 81559 MiB
2026/08/06 10:12:26.316, NVIDIA H100 80GB HBM3, 27, 0 %, 0 %, 74157 MiB, 81559 MiB
2026/08/06 10:12:29.316, NVIDIA H100 80GB HBM3, 42, 100 %, 49 %, 74157 MiB, 81559 MiB
2026/08/06 10:12:32.316, NVIDIA H100 80GB HBM3, 44, 100 %, 53 %, 74157 MiB, 81559 MiB
2026/08/06 10:12:35.317, NVIDIA H100 80GB HBM3, 29, 0 %, 0 %, 74157 MiB, 81559 MiB
2026/08/06 10:12:38.317, NVIDIA H100 80GB HBM3, 42, 100 %, 61 %, 74157 MiB, 81559 MiB
2026/08/06 10:12:41.317, NVIDIA H100 80GB HBM3, 43, 58 %, 35 %, 74157 MiB, 81559 MiB
2026/08/06 10:12:44.318, NVIDIA H100 80GB HBM3, 30, 0 %, 0 %, 74157 MiB, 81559 MiB
2026/08/06 10:12:47.318, NVIDIA H100 80GB HBM3, 44, 100 %, 63 %, 74157 MiB, 81559 MiB
2026/08/06 10:12:50.319, NVIDIA H100 80GB HBM3, 45, 100 %, 63 %, 74157 MiB, 81559 MiB
2026/08/06 10:12:53.319, NVIDIA H100 80GB HBM3, 29, 0 %, 0 %, 74157 MiB, 81559 MiB
2026/08/06 10:12:56.319, NVIDIA H100 80GB HBM3, 43, 100 %, 43 %, 74157 MiB, 81559 MiB
2026/08/06 10:12:59.320, NVIDIA H100 80GB HBM3, 43, 100 %, 43 %, 74157 MiB, 81559 MiB
2026/08/06 10:13:02.320, NVIDIA H100 80GB HBM3, 32, 18 %, 0 %, 74157 MiB, 81559 MiB
2026/08/06 10:13:05.321, NVIDIA H100 80GB HBM3, 44, 100 %, 64 %, 74157 MiB, 81559 MiB
2026/08/06 10:13:08.321, NVIDIA H100 80GB HBM3, 43, 100 %, 53 %, 74157 MiB, 81559 MiB
2026/08/06 10:13:11.321, NVIDIA H100 80GB HBM3, 39, 100 %, 51 %, 74157 MiB, 81559 MiB
2026/08/06 10:13:14.322, NVIDIA H100 80GB HBM3, 42, 100 %, 57 %, 74157 MiB, 81559 MiB
2026/08/06 10:13:17.322, NVIDIA H100 80GB HBM3, 39, 100 %, 62 %, 74157 MiB, 81559 MiB
2026/08/06 10:13:20.322, NVIDIA H100 80GB HBM3, 40, 100 %, 55 %, 74157 MiB, 81559 MiB
2026/08/06 10:13:23.323, NVIDIA H100 80GB HBM3, 41, 45 %, 25 %, 74157 MiB, 81559 MiB
2026/08/06 10:13:26.323, NVIDIA H100 80GB HBM3, 38, 66 %, 30 %, 74157 MiB, 81559 MiB
2026/08/06 10:13:29.324, NVIDIA H100 80GB HBM3, 34, 30 %, 13 %, 74157 MiB, 81559 MiB
2026/08/06 10:13:32.324, NVIDIA H100 80GB HBM3, 38, 18 %, 0 %, 74157 MiB, 81559 MiB
2026/08/06 10:13:35.324, NVIDIA H100 80GB HBM3, 41, 99 %, 61 %, 74157 MiB, 81559 MiB
2026/08/06 10:13:38.325, NVIDIA H100 80GB HBM3, 42, 100 %, 55 %, 74157 MiB, 81559 MiB
2026/08/06 10:13:41.325, NVIDIA H100 80GB HBM3, 40, 100 %, 57 %, 74157 MiB, 81559 MiB
2026/08/06 10:13:44.325, NVIDIA H100 80GB HBM3, 46, 100 %, 54 %, 74157 MiB, 81559 MiB
2026/08/06 10:13:47.326, NVIDIA H100 80GB HBM3, 38, 100 %, 55 %, 74157 MiB, 81559 MiB
2026/08/06 10:13:50.326, NVIDIA H100 80GB HBM3, 36, 100 %, 62 %, 74157 MiB, 81559 MiB
2026/08/06 10:13:53.327, NVIDIA H100 80GB HBM3, 43, 100 %, 55 %, 74157 MiB, 81559 MiB
2026/08/06 10:13:56.327, NVIDIA H100 80GB HBM3, 36, 100 %, 68 %, 74157 MiB, 81559 MiB
2026/08/06 10:13:59.327, NVIDIA H100 80GB HBM3, 44, 99 %, 69 %, 74157 MiB, 81559 MiB
2026/08/06 10:14:02.328, NVIDIA H100 80GB HBM3, 35, 0 %, 0 %, 74157 MiB, 81559 MiB
2026/08/06 10:14:05.328, NVIDIA H100 80GB HBM3, 36, 100 %, 55 %, 74157 MiB, 81559 MiB
2026/08/06 10:14:08.328, NVIDIA H100 80GB HBM3, 38, 100 %, 40 %, 74157 MiB, 81559 MiB
2026/08/06 10:14:11.329, NVIDIA H100 80GB HBM3, 36, 21 %, 2 %, 74157 MiB, 81559 MiB
2026/08/06 10:14:14.329, NVIDIA H100 80GB HBM3, 39, 100 %, 58 %, 74157 MiB, 81559 MiB
2026/08/06 10:14:17.330, NVIDIA H100 80GB HBM3, 37, 100 %, 65 %, 74157 MiB, 81559 MiB
2026/08/06 10:14:20.330, NVIDIA H100 80GB HBM3, 42, 100 %, 58 %, 74157 MiB, 81559 MiB
2026/08/06 10:14:23.330, NVIDIA H100 80GB HBM3, 39, 98 %, 61 %, 74157 MiB, 81559 MiB
2026/08/06 10:14:26.331, NVIDIA H100 80GB HBM3, 29, 0 %, 0 %, 74157 MiB, 81559 MiB
2026/08/06 10:14:29.331, NVIDIA H100 80GB HBM3, 39, 15 %, 3 %, 74157 MiB, 81559 MiB
2026/08/06 10:14:32.331, NVIDIA H100 80GB HBM3, 44, 100 %, 63 %, 74157 MiB, 81559 MiB
2026/08/06 10:14:35.332, NVIDIA H100 80GB HBM3, 29, 0 %, 0 %, 74157 MiB, 81559 MiB
2026/08/06 10:14:38.332, NVIDIA H100 80GB HBM3, 40, 77 %, 49 %, 74157 MiB, 81559 MiB
2026/08/06 10:14:41.333, NVIDIA H100 80GB HBM3, 45, 98 %, 51 %, 74157 MiB, 81559 MiB
2026/08/06 10:14:44.333, NVIDIA H100 80GB HBM3, 29, 0 %, 0 %, 74157 MiB, 81559 MiB
2026/08/06 10:14:47.333, NVIDIA H100 80GB HBM3, 43, 100 %, 49 %, 74157 MiB, 81559 MiB
2026/08/06 10:14:50.334, NVIDIA H100 80GB HBM3, 42, 100 %, 54 %, 74157 MiB, 81559 MiB
2026/08/06 10:14:53.334, NVIDIA H100 80GB HBM3, 29, 0 %, 0 %, 74157 MiB, 81559 MiB
2026/08/06 10:14:56.334, NVIDIA H100 80GB HBM3, 42, 100 %, 40 %, 74157 MiB, 81559 MiB
2026/08/06 10:14:59.335, NVIDIA H100 80GB HBM3, 46, 100 %, 58 %, 74157 MiB, 81559 MiB
2026/08/06 10:15:02.335, NVIDIA H100 80GB HBM3, 36, 100 %, 65 %, 74157 MiB, 81559 MiB
2026/08/06 10:15:05.336, NVIDIA H100 80GB HBM3, 41, 99 %, 48 %, 74157 MiB, 81559 MiB
2026/08/06 10:15:08.336, NVIDIA H100 80GB HBM3, 29, 0 %, 0 %, 74157 MiB, 81559 MiB
2026/08/06 10:15:11.337, NVIDIA H100 80GB HBM3, 27, 0 %, 0 %, 74157 MiB, 81559 MiB
2026/08/06 10:15:14.337, NVIDIA H100 80GB HBM3, 27, 0 %, 0 %, 74157 MiB, 81559 MiB
2026/08/06 10:15:17.338, NVIDIA H100 80GB HBM3, 37, 100 %, 50 %, 74157 MiB, 81559 MiB
2026/08/06 10:15:20.338, NVIDIA H100 80GB HBM3, 42, 99 %, 58 %, 74157 MiB, 81559 MiB
2026/08/06 10:15:23.339, NVIDIA H100 80GB HBM3, 33, 0 %, 0 %, 74157 MiB, 81559 MiB
2026/08/06 10:15:26.339, NVIDIA H100 80GB HBM3, 39, 100 %, 65 %, 74157 MiB, 81559 MiB
2026/08/06 10:15:29.340, NVIDIA H100 80GB HBM3, 43, 100 %, 59 %, 74157 MiB, 81559 MiB
2026/08/06 10:15:32.340, NVIDIA H100 80GB HBM3, 37, 66 %, 43 %, 74157 MiB, 81559 MiB
2026/08/06 10:15:35.341, NVIDIA H100 80GB HBM3, 40, 100 %, 56 %, 74157 MiB, 81559 MiB
2026/08/06 10:15:38.341, NVIDIA H100 80GB HBM3, 44, 100 %, 57 %, 74157 MiB, 81559 MiB
2026/08/06 10:15:41.341, NVIDIA H100 80GB HBM3, 29, 0 %, 0 %, 74157 MiB, 81559 MiB
2026/08/06 10:15:44.342, NVIDIA H100 80GB HBM3, 41, 28 %, 3 %, 74157 MiB, 81559 MiB
2026/08/06 10:15:47.342, NVIDIA H100 80GB HBM3, 44, 100 %, 63 %, 74157 MiB, 81559 MiB
2026/08/06 10:15:50.342, NVIDIA H100 80GB HBM3, 33, 0 %, 0 %, 74157 MiB, 81559 MiB
2026/08/06 10:15:53.343, NVIDIA H100 80GB HBM3, 43, 100 %, 46 %, 74157 MiB, 81559 MiB
2026/08/06 10:15:56.343, NVIDIA H100 80GB HBM3, 44, 100 %, 63 %, 74157 MiB, 81559 MiB
2026/08/06 10:15:59.343, NVIDIA H100 80GB HBM3, 31, 0 %, 0 %, 74157 MiB, 81559 MiB
2026/08/06 10:16:02.344, NVIDIA H100 80GB HBM3, 31, 0 %, 0 %, 74157 MiB, 81559 MiB
2026/08/06 10:16:05.344, NVIDIA H100 80GB HBM3, 42, 100 %, 56 %, 74157 MiB, 81559 MiB
2026/08/06 10:16:08.345, NVIDIA H100 80GB HBM3, 31, 0 %, 0 %, 74157 MiB, 81559 MiB
2026/08/06 10:16:11.345, NVIDIA H100 80GB HBM3, 41, 100 %, 56 %, 74157 MiB, 81559 MiB
2026/08/06 10:16:14.345, NVIDIA H100 80GB HBM3, 41, 100 %, 57 %, 74157 MiB, 81559 MiB
2026/08/06 10:16:17.346, NVIDIA H100 80GB HBM3, 34, 0 %, 0 %, 74157 MiB, 81559 MiB
2026/08/06 10:16:20.346, NVIDIA H100 80GB HBM3, 40, 100 %, 51 %, 74157 MiB, 81559 MiB
2026/08/06 10:16:23.347, NVIDIA H100 80GB HBM3, 41, 100 %, 52 %, 74157 MiB, 81559 MiB
2026/08/06 10:16:26.347, NVIDIA H100 80GB HBM3, 41, 100 %, 66 %, 74157 MiB, 81559 MiB
2026/08/06 10:16:29.347, NVIDIA H100 80GB HBM3, 34, 0 %, 0 %, 74157 MiB, 81559 MiB
2026/08/06 10:16:32.348, NVIDIA H100 80GB HBM3, 44, 100 %, 43 %, 74157 MiB, 81559 MiB
2026/08/06 10:16:35.348, NVIDIA H100 80GB HBM3, 41, 100 %, 57 %, 74157 MiB, 81559 MiB
2026/08/06 10:16:38.349, NVIDIA H100 80GB HBM3, 32, 0 %, 0 %, 74157 MiB, 81559 MiB
2026/08/06 10:16:41.349, NVIDIA H100 80GB HBM3, 41, 10 %, 0 %, 74157 MiB, 81559 MiB
2026/08/06 10:16:44.349, NVIDIA H100 80GB HBM3, 33, 0 %, 0 %, 74157 MiB, 81559 MiB
2026/08/06 10:16:47.350, NVIDIA H100 80GB HBM3, 41, 100 %, 53 %, 74157 MiB, 81559 MiB
2026/08/06 10:16:50.350, NVIDIA H100 80GB HBM3, 38, 100 %, 63 %, 74157 MiB, 81559 MiB
2026/08/06 10:16:53.351, NVIDIA H100 80GB HBM3, 38, 100 %, 64 %, 74157 MiB, 81559 MiB
2026/08/06 10:16:56.351, NVIDIA H100 80GB HBM3, 43, 100 %, 54 %, 74157 MiB, 81559 MiB
2026/08/06 10:16:59.351, NVIDIA H100 80GB HBM3, 38, 80 %, 35 %, 74157 MiB, 81559 MiB
2026/08/06 10:17:02.352, NVIDIA H100 80GB HBM3, 45, 100 %, 53 %, 74157 MiB, 81559 MiB
2026/08/06 10:17:05.352, NVIDIA H100 80GB HBM3, 36, 46 %, 32 %, 74157 MiB, 81559 MiB
2026/08/06 10:17:08.353, NVIDIA H100 80GB HBM3, 43, 100 %, 62 %, 74157 MiB, 81559 MiB
2026/08/06 10:17:11.353, NVIDIA H100 80GB HBM3, 35, 0 %, 0 %, 74157 MiB, 81559 MiB
2026/08/06 10:17:14.353, NVIDIA H100 80GB HBM3, 28, 0 %, 0 %, 74157 MiB, 81559 MiB
2026/08/06 10:17:17.354, NVIDIA H100 80GB HBM3, 43, 100 %, 52 %, 74157 MiB, 81559 MiB
2026/08/06 10:17:20.354, NVIDIA H100 80GB HBM3, 43, 46 %, 36 %, 74157 MiB, 81559 MiB
2026/08/06 10:17:23.355, NVIDIA H100 80GB HBM3, 29, 0 %, 0 %, 74157 MiB, 81559 MiB
2026/08/06 10:17:26.355, NVIDIA H100 80GB HBM3, 42, 100 %, 65 %, 74157 MiB, 81559 MiB
2026/08/06 10:17:29.355, NVIDIA H100 80GB HBM3, 44, 98 %, 47 %, 74157 MiB, 81559 MiB
2026/08/06 10:17:32.356, NVIDIA H100 80GB HBM3, 29, 0 %, 0 %, 74157 MiB, 81559 MiB
2026/08/06 10:17:35.356, NVIDIA H100 80GB HBM3, 34, 10 %, 0 %, 74157 MiB, 81559 MiB
2026/08/06 10:17:38.357, NVIDIA H100 80GB HBM3, 40, 81 %, 49 %, 74157 MiB, 81559 MiB
2026/08/06 10:17:41.357, NVIDIA H100 80GB HBM3, 41, 100 %, 52 %, 74157 MiB, 81559 MiB
2026/08/06 10:17:44.358, NVIDIA H100 80GB HBM3, 29, 0 %, 0 %, 74157 MiB, 81559 MiB
2026/08/06 10:17:47.358, NVIDIA H100 80GB HBM3, 43, 100 %, 60 %, 74157 MiB, 81559 MiB
2026/08/06 10:17:50.359, NVIDIA H100 80GB HBM3, 30, 0 %, 0 %, 74157 MiB, 81559 MiB
2026/08/06 10:17:53.359, NVIDIA H100 80GB HBM3, 39, 99 %, 63 %, 74157 MiB, 81559 MiB
2026/08/06 10:17:56.359, NVIDIA H100 80GB HBM3, 33, 0 %, 0 %, 74157 MiB, 81559 MiB
2026/08/06 10:17:59.360, NVIDIA H100 80GB HBM3, 28, 0 %, 0 %, 74157 MiB, 81559 MiB
2026/08/06 10:18:02.360, NVIDIA H100 80GB HBM3, 27, 0 %, 0 %, 74157 MiB, 81559 MiB
2026/08/06 10:18:05.360, NVIDIA H100 80GB HBM3, 27, 0 %, 0 %, 74157 MiB, 81559 MiB
2026/08/06 10:18:08.361, NVIDIA H100 80GB HBM3, 41, 100 %, 54 %, 74157 MiB, 81559 MiB
2026/08/06 10:18:11.361, NVIDIA H100 80GB HBM3, 44, 100 %, 52 %, 74157 MiB, 81559 MiB
2026/08/06 10:18:14.362, NVIDIA H100 80GB HBM3, 29, 0 %, 0 %, 74157 MiB, 81559 MiB
2026/08/06 10:18:17.362, NVIDIA H100 80GB HBM3, 36, 100 %, 52 %, 74157 MiB, 81559 MiB
2026/08/06 10:18:20.362, NVIDIA H100 80GB HBM3, 44, 100 %, 53 %, 74157 MiB, 81559 MiB
2026/08/06 10:18:23.363, NVIDIA H100 80GB HBM3, 29, 0 %, 0 %, 74157 MiB, 81559 MiB
2026/08/06 10:18:26.363, NVIDIA H100 80GB HBM3, 42, 55 %, 32 %, 74157 MiB, 81559 MiB
2026/08/06 10:18:29.363, NVIDIA H100 80GB HBM3, 44, 49 %, 28 %, 74157 MiB, 81559 MiB
2026/08/06 10:18:32.364, NVIDIA H100 80GB HBM3, 39, 100 %, 54 %, 74157 MiB, 81559 MiB
2026/08/06 10:18:35.364, NVIDIA H100 80GB HBM3, 44, 99 %, 58 %, 74157 MiB, 81559 MiB
2026/08/06 10:18:38.365, NVIDIA H100 80GB HBM3, 33, 0 %, 0 %, 74157 MiB, 81559 MiB
2026/08/06 10:18:41.365, NVIDIA H100 80GB HBM3, 38, 100 %, 41 %, 74157 MiB, 81559 MiB
2026/08/06 10:18:44.365, NVIDIA H100 80GB HBM3, 37, 73 %, 48 %, 74157 MiB, 81559 MiB
2026/08/06 10:18:47.366, NVIDIA H100 80GB HBM3, 41, 98 %, 66 %, 74157 MiB, 81559 MiB
2026/08/06 10:18:50.366, NVIDIA H100 80GB HBM3, 42, 100 %, 54 %, 74157 MiB, 81559 MiB
2026/08/06 10:18:53.366, NVIDIA H100 80GB HBM3, 28, 0 %, 0 %, 74157 MiB, 81559 MiB
2026/08/06 10:18:56.367, NVIDIA H100 80GB HBM3, 35, 0 %, 0 %, 74157 MiB, 81559 MiB
2026/08/06 10:18:59.367, NVIDIA H100 80GB HBM3, 43, 100 %, 58 %, 74157 MiB, 81559 MiB
2026/08/06 10:19:02.367, NVIDIA H100 80GB HBM3, 29, 0 %, 0 %, 74157 MiB, 81559 MiB
2026/08/06 10:19:05.368, NVIDIA H100 80GB HBM3, 43, 100 %, 51 %, 74157 MiB, 81559 MiB
2026/08/06 10:19:08.368, NVIDIA H100 80GB HBM3, 43, 100 %, 57 %, 74157 MiB, 81559 MiB
2026/08/06 10:19:11.369, NVIDIA H100 80GB HBM3, 29, 0 %, 0 %, 74157 MiB, 81559 MiB
2026/08/06 10:19:14.369, NVIDIA H100 80GB HBM3, 40, 10 %, 1 %, 74157 MiB, 81559 MiB
2026/08/06 10:19:17.369, NVIDIA H100 80GB HBM3, 40, 100 %, 64 %, 74157 MiB, 81559 MiB
2026/08/06 10:19:20.370, NVIDIA H100 80GB HBM3, 29, 0 %, 0 %, 74157 MiB, 81559 MiB
2026/08/06 10:19:23.370, NVIDIA H100 80GB HBM3, 40, 99 %, 68 %, 74157 MiB, 81559 MiB
2026/08/06 10:19:26.371, NVIDIA H100 80GB HBM3, 42, 100 %, 54 %, 74157 MiB, 81559 MiB
2026/08/06 10:19:29.371, NVIDIA H100 80GB HBM3, 30, 0 %, 0 %, 74157 MiB, 81559 MiB
2026/08/06 10:19:32.372, NVIDIA H100 80GB HBM3, 42, 100 %, 62 %, 74157 MiB, 81559 MiB
2026/08/06 10:19:35.372, NVIDIA H100 80GB HBM3, 40, 37 %, 26 %, 74157 MiB, 81559 MiB
2026/08/06 10:19:38.373, NVIDIA H100 80GB HBM3, 32, 0 %, 0 %, 74157 MiB, 81559 MiB
2026/08/06 10:19:41.373, NVIDIA H100 80GB HBM3, 38, 100 %, 54 %, 74157 MiB, 81559 MiB
2026/08/06 10:19:44.373, NVIDIA H100 80GB HBM3, 35, 0 %, 0 %, 74157 MiB, 81559 MiB
2026/08/06 10:19:47.374, NVIDIA H100 80GB HBM3, 34, 0 %, 0 %, 74157 MiB, 81559 MiB
2026/08/06 10:19:50.374, NVIDIA H100 80GB HBM3, 42, 98 %, 52 %, 74157 MiB, 81559 MiB
2026/08/06 10:19:53.375, NVIDIA H100 80GB HBM3, 34, 0 %, 0 %, 74157 MiB, 81559 MiB
2026/08/06 10:19:56.375, NVIDIA H100 80GB HBM3, 36, 0 %, 0 %, 74157 MiB, 81559 MiB
2026/08/06 10:19:59.376, NVIDIA H100 80GB HBM3, 32, 9 %, 0 %, 74157 MiB, 81559 MiB
2026/08/06 10:20:02.376, NVIDIA H100 80GB HBM3, 38, 70 %, 30 %, 74157 MiB, 81559 MiB
2026/08/06 10:20:05.377, NVIDIA H100 80GB HBM3, 32, 0 %, 0 %, 74157 MiB, 81559 MiB
2026/08/06 10:20:08.377, NVIDIA H100 80GB HBM3, 36, 96 %, 55 %, 74157 MiB, 81559 MiB
2026/08/06 10:20:11.377, NVIDIA H100 80GB HBM3, 43, 100 %, 65 %, 74157 MiB, 81559 MiB
2026/08/06 10:20:14.378, NVIDIA H100 80GB HBM3, 38, 62 %, 30 %, 74157 MiB, 81559 MiB
2026/08/06 10:20:17.378, NVIDIA H100 80GB HBM3, 41, 99 %, 59 %, 74157 MiB, 81559 MiB
2026/08/06 10:20:20.378, NVIDIA H100 80GB HBM3, 42, 100 %, 56 %, 74157 MiB, 81559 MiB
2026/08/06 10:20:23.379, NVIDIA H100 80GB HBM3, 32, 0 %, 0 %, 74157 MiB, 81559 MiB
2026/08/06 10:20:26.379, NVIDIA H100 80GB HBM3, 28, 0 %, 0 %, 74157 MiB, 81559 MiB
2026/08/06 10:20:29.380, NVIDIA H100 80GB HBM3, 42, 98 %, 66 %, 74157 MiB, 81559 MiB
2026/08/06 10:20:32.380, NVIDIA H100 80GB HBM3, 44, 99 %, 42 %, 74157 MiB, 81559 MiB
2026/08/06 10:20:35.380, NVIDIA H100 80GB HBM3, 29, 0 %, 0 %, 74157 MiB, 81559 MiB
2026/08/06 10:20:38.381, NVIDIA H100 80GB HBM3, 43, 100 %, 64 %, 74157 MiB, 81559 MiB
2026/08/06 10:20:41.381, NVIDIA H100 80GB HBM3, 34, 0 %, 0 %, 74157 MiB, 81559 MiB
2026/08/06 10:20:44.382, NVIDIA H100 80GB HBM3, 38, 40 %, 14 %, 74157 MiB, 81559 MiB
2026/08/06 10:20:47.382, NVIDIA H100 80GB HBM3, 44, 99 %, 56 %, 74157 MiB, 81559 MiB
2026/08/06 10:20:50.382, NVIDIA H100 80GB HBM3, 28, 0 %, 0 %, 74157 MiB, 81559 MiB
2026/08/06 10:20:53.383, NVIDIA H100 80GB HBM3, 28, 0 %, 0 %, 74157 MiB, 81559 MiB
2026/08/06 10:20:56.383, NVIDIA H100 80GB HBM3, 27, 0 %, 0 %, 74157 MiB, 81559 MiB
2026/08/06 10:20:59.384, NVIDIA H100 80GB HBM3, 27, 0 %, 0 %, 74157 MiB, 81559 MiB
2026/08/06 10:21:02.384, NVIDIA H100 80GB HBM3, 37, 99 %, 62 %, 74157 MiB, 81559 MiB
2026/08/06 10:21:05.384, NVIDIA H100 80GB HBM3, 43, 100 %, 62 %, 74157 MiB, 81559 MiB
2026/08/06 10:21:08.385, NVIDIA H100 80GB HBM3, 32, 0 %, 0 %, 74157 MiB, 81559 MiB
2026/08/06 10:21:11.385, NVIDIA H100 80GB HBM3, 41, 100 %, 48 %, 74157 MiB, 81559 MiB
2026/08/06 10:21:14.386, NVIDIA H100 80GB HBM3, 43, 100 %, 61 %, 74157 MiB, 81559 MiB
2026/08/06 10:21:17.386, NVIDIA H100 80GB HBM3, 33, 0 %, 0 %, 74157 MiB, 81559 MiB
2026/08/06 10:21:20.386, NVIDIA H100 80GB HBM3, 39, 67 %, 43 %, 74157 MiB, 81559 MiB
2026/08/06 10:21:23.387, NVIDIA H100 80GB HBM3, 44, 100 %, 61 %, 74157 MiB, 81559 MiB
2026/08/06 10:21:26.387, NVIDIA H100 80GB HBM3, 32, 0 %, 0 %, 74157 MiB, 81559 MiB
2026/08/06 10:21:29.387, NVIDIA H100 80GB HBM3, 42, 100 %, 50 %, 74157 MiB, 81559 MiB
2026/08/06 10:21:32.388, NVIDIA H100 80GB HBM3, 44, 100 %, 57 %, 74157 MiB, 81559 MiB
2026/08/06 10:21:35.388, NVIDIA H100 80GB HBM3, 31, 0 %, 0 %, 74157 MiB, 81559 MiB
2026/08/06 10:21:38.389, NVIDIA H100 80GB HBM3, 35, 0 %, 0 %, 74157 MiB, 81559 MiB
2026/08/06 10:21:41.389, NVIDIA H100 80GB HBM3, 45, 100 %, 50 %, 74157 MiB, 81559 MiB
2026/08/06 10:21:44.389, NVIDIA H100 80GB HBM3, 31, 0 %, 0 %, 74157 MiB, 81559 MiB
2026/08/06 10:21:47.390, NVIDIA H100 80GB HBM3, 43, 100 %, 40 %, 74157 MiB, 81559 MiB
2026/08/06 10:21:50.390, NVIDIA H100 80GB HBM3, 45, 100 %, 52 %, 74157 MiB, 81559 MiB
2026/08/06 10:21:53.390, NVIDIA H100 80GB HBM3, 30, 0 %, 0 %, 74157 MiB, 81559 MiB
2026/08/06 10:21:56.391, NVIDIA H100 80GB HBM3, 37, 99 %, 61 %, 74157 MiB, 81559 MiB
2026/08/06 10:21:59.391, NVIDIA H100 80GB HBM3, 41, 99 %, 67 %, 74157 MiB, 81559 MiB
2026/08/06 10:22:02.392, NVIDIA H100 80GB HBM3, 35, 0 %, 0 %, 74157 MiB, 81559 MiB
2026/08/06 10:22:05.392, NVIDIA H100 80GB HBM3, 41, 100 %, 64 %, 74157 MiB, 81559 MiB
2026/08/06 10:22:08.393, NVIDIA H100 80GB HBM3, 44, 56 %, 33 %, 74157 MiB, 81559 MiB
2026/08/06 10:22:11.393, NVIDIA H100 80GB HBM3, 32, 0 %, 0 %, 74157 MiB, 81559 MiB
2026/08/06 10:22:14.394, NVIDIA H100 80GB HBM3, 42, 100 %, 60 %, 74157 MiB, 81559 MiB
2026/08/06 10:22:17.394, NVIDIA H100 80GB HBM3, 46, 100 %, 54 %, 74157 MiB, 81559 MiB
2026/08/06 10:22:20.394, NVIDIA H100 80GB HBM3, 31, 0 %, 0 %, 74157 MiB, 81559 MiB
2026/08/06 10:22:23.395, NVIDIA H100 80GB HBM3, 46, 100 %, 56 %, 74157 MiB, 81559 MiB
2026/08/06 10:22:26.395, NVIDIA H100 80GB HBM3, 44, 100 %, 51 %, 74157 MiB, 81559 MiB
2026/08/06 10:22:29.396, NVIDIA H100 80GB HBM3, 30, 0 %, 0 %, 74157 MiB, 81559 MiB
2026/08/06 10:22:32.396, NVIDIA H100 80GB HBM3, 42, 100 %, 42 %, 74157 MiB, 81559 MiB
2026/08/06 10:22:35.396, NVIDIA H100 80GB HBM3, 42, 100 %, 63 %, 74157 MiB, 81559 MiB
2026/08/06 10:22:38.397, NVIDIA H100 80GB HBM3, 30, 0 %, 0 %, 74157 MiB, 81559 MiB
2026/08/06 10:22:41.397, NVIDIA H100 80GB HBM3, 44, 100 %, 57 %, 74157 MiB, 81559 MiB
2026/08/06 10:22:44.397, NVIDIA H100 80GB HBM3, 44, 100 %, 53 %, 74157 MiB, 81559 MiB
2026/08/06 10:22:47.398, NVIDIA H100 80GB HBM3, 29, 0 %, 0 %, 74157 MiB, 81559 MiB
2026/08/06 10:22:50.398, NVIDIA H100 80GB HBM3, 42, 100 %, 64 %, 74157 MiB, 81559 MiB
2026/08/06 10:22:53.399, NVIDIA H100 80GB HBM3, 44, 100 %, 56 %, 74157 MiB, 81559 MiB
2026/08/06 10:22:56.399, NVIDIA H100 80GB HBM3, 29, 0 %, 0 %, 74157 MiB, 81559 MiB
2026/08/06 10:22:59.399, NVIDIA H100 80GB HBM3, 40, 100 %, 55 %, 74157 MiB, 81559 MiB
2026/08/06 10:23:02.400, NVIDIA H100 80GB HBM3, 41, 100 %, 63 %, 74157 MiB, 81559 MiB
2026/08/06 10:23:05.400, NVIDIA H100 80GB HBM3, 32, 0 %, 0 %, 74157 MiB, 81559 MiB
2026/08/06 10:23:08.400, NVIDIA H100 80GB HBM3, 38, 100 %, 57 %, 74157 MiB, 81559 MiB
2026/08/06 10:23:11.401, NVIDIA H100 80GB HBM3, 44, 100 %, 50 %, 74157 MiB, 81559 MiB
2026/08/06 10:23:14.401, NVIDIA H100 80GB HBM3, 42, 100 %, 57 %, 74157 MiB, 81559 MiB
2026/08/06 10:23:17.402, NVIDIA H100 80GB HBM3, 42, 99 %, 63 %, 74157 MiB, 81559 MiB
2026/08/06 10:23:20.402, NVIDIA H100 80GB HBM3, 44, 100 %, 58 %, 74157 MiB, 81559 MiB
2026/08/06 10:23:23.402, NVIDIA H100 80GB HBM3, 31, 0 %, 0 %, 74157 MiB, 81559 MiB
2026/08/06 10:23:26.403, NVIDIA H100 80GB HBM3, 42, 100 %, 63 %, 74157 MiB, 81559 MiB
2026/08/06 10:23:29.403, NVIDIA H100 80GB HBM3, 41, 100 %, 59 %, 74157 MiB, 81559 MiB
2026/08/06 10:23:32.404, NVIDIA H100 80GB HBM3, 34, 0 %, 0 %, 74157 MiB, 81559 MiB
2026/08/06 10:23:35.404, NVIDIA H100 80GB HBM3, 31, 1 %, 0 %, 74157 MiB, 81559 MiB
2026/08/06 10:23:38.405, NVIDIA H100 80GB HBM3, 43, 100 %, 64 %, 74157 MiB, 81559 MiB
2026/08/06 10:23:41.405, NVIDIA H100 80GB HBM3, 29, 0 %, 0 %, 74157 MiB, 81559 MiB
2026/08/06 10:23:44.405, NVIDIA H100 80GB HBM3, 28, 0 %, 0 %, 74157 MiB, 81559 MiB
2026/08/06 10:23:47.406, NVIDIA H100 80GB HBM3, 28, 0 %, 0 %, 74157 MiB, 81559 MiB
2026/08/06 10:23:50.406, NVIDIA H100 80GB HBM3, 42, 100 %, 65 %, 74157 MiB, 81559 MiB
2026/08/06 10:23:53.407, NVIDIA H100 80GB HBM3, 44, 100 %, 50 %, 74157 MiB, 81559 MiB
2026/08/06 10:23:56.407, NVIDIA H100 80GB HBM3, 30, 0 %, 0 %, 74157 MiB, 81559 MiB
2026/08/06 10:23:59.408, NVIDIA H100 80GB HBM3, 36, 57 %, 35 %, 74157 MiB, 81559 MiB
2026/08/06 10:24:02.408, NVIDIA H100 80GB HBM3, 41, 98 %, 52 %, 74157 MiB, 81559 MiB
2026/08/06 10:24:05.408, NVIDIA H100 80GB HBM3, 30, 0 %, 0 %, 74157 MiB, 81559 MiB
2026/08/06 10:24:08.409, NVIDIA H100 80GB HBM3, 45, 100 %, 54 %, 74157 MiB, 81559 MiB
2026/08/06 10:24:11.409, NVIDIA H100 80GB HBM3, 45, 100 %, 55 %, 74157 MiB, 81559 MiB
2026/08/06 10:24:14.410, NVIDIA H100 80GB HBM3, 40, 100 %, 53 %, 74157 MiB, 81559 MiB
2026/08/06 10:24:17.410, NVIDIA H100 80GB HBM3, 41, 99 %, 62 %, 74157 MiB, 81559 MiB
2026/08/06 10:24:20.410, NVIDIA H100 80GB HBM3, 37, 0 %, 0 %, 74157 MiB, 81559 MiB
2026/08/06 10:24:23.411, NVIDIA H100 80GB HBM3, 29, 15 %, 0 %, 74157 MiB, 81559 MiB
2026/08/06 10:24:26.411, NVIDIA H100 80GB HBM3, 41, 100 %, 56 %, 74157 MiB, 81559 MiB
2026/08/06 10:24:29.411, NVIDIA H100 80GB HBM3, 43, 98 %, 57 %, 74157 MiB, 81559 MiB
2026/08/06 10:24:32.412, NVIDIA H100 80GB HBM3, 37, 98 %, 62 %, 74157 MiB, 81559 MiB
2026/08/06 10:24:35.412, NVIDIA H100 80GB HBM3, 41, 100 %, 56 %, 74157 MiB, 81559 MiB
2026/08/06 10:24:38.413, NVIDIA H100 80GB HBM3, 44, 100 %, 52 %, 74157 MiB, 81559 MiB
2026/08/06 10:24:41.413, NVIDIA H100 80GB HBM3, 30, 29 %, 8 %, 74157 MiB, 81559 MiB
2026/08/06 10:24:44.413, NVIDIA H100 80GB HBM3, 40, 100 %, 53 %, 74157 MiB, 81559 MiB
2026/08/06 10:24:47.414, NVIDIA H100 80GB HBM3, 45, 100 %, 50 %, 74157 MiB, 81559 MiB
2026/08/06 10:24:50.414, NVIDIA H100 80GB HBM3, 31, 93 %, 50 %, 74157 MiB, 81559 MiB
2026/08/06 10:24:53.415, NVIDIA H100 80GB HBM3, 36, 99 %, 65 %, 74157 MiB, 81559 MiB
2026/08/06 10:24:56.415, NVIDIA H100 80GB HBM3, 43, 98 %, 56 %, 74157 MiB, 81559 MiB
2026/08/06 10:24:59.415, NVIDIA H100 80GB HBM3, 31, 0 %, 0 %, 74157 MiB, 81559 MiB
2026/08/06 10:25:02.416, NVIDIA H100 80GB HBM3, 30, 0 %, 0 %, 74157 MiB, 81559 MiB
2026/08/06 10:25:05.416, NVIDIA H100 80GB HBM3, 42, 100 %, 54 %, 74157 MiB, 81559 MiB
2026/08/06 10:25:08.417, NVIDIA H100 80GB HBM3, 37, 0 %, 0 %, 74157 MiB, 81559 MiB
2026/08/06 10:25:11.417, NVIDIA H100 80GB HBM3, 32, 0 %, 0 %, 74157 MiB, 81559 MiB
2026/08/06 10:25:14.417, NVIDIA H100 80GB HBM3, 44, 100 %, 59 %, 74157 MiB, 81559 MiB
2026/08/06 10:25:17.418, NVIDIA H100 80GB HBM3, 43, 100 %, 50 %, 74157 MiB, 81559 MiB
2026/08/06 10:25:20.418, NVIDIA H100 80GB HBM3, 31, 0 %, 0 %, 74157 MiB, 81559 MiB
2026/08/06 10:25:23.419, NVIDIA H100 80GB HBM3, 42, 100 %, 58 %, 74157 MiB, 81559 MiB
2026/08/06 10:25:26.419, NVIDIA H100 80GB HBM3, 46, 100 %, 58 %, 74157 MiB, 81559 MiB
2026/08/06 10:25:29.420, NVIDIA H100 80GB HBM3, 35, 0 %, 0 %, 74157 MiB, 81559 MiB
2026/08/06 10:25:32.420, NVIDIA H100 80GB HBM3, 37, 12 %, 5 %, 74157 MiB, 81559 MiB
2026/08/06 10:25:35.420, NVIDIA H100 80GB HBM3, 34, 0 %, 0 %, 74157 MiB, 81559 MiB
2026/08/06 10:25:38.421, NVIDIA H100 80GB HBM3, 41, 98 %, 65 %, 74157 MiB, 81559 MiB
2026/08/06 10:25:41.421, NVIDIA H100 80GB HBM3, 36, 0 %, 0 %, 74157 MiB, 81559 MiB
2026/08/06 10:25:44.422, NVIDIA H100 80GB HBM3, 34, 0 %, 0 %, 74157 MiB, 81559 MiB
2026/08/06 10:25:47.423, NVIDIA H100 80GB HBM3, 32, 0 %, 0 %, 74157 MiB, 81559 MiB
2026/08/06 10:25:50.423, NVIDIA H100 80GB HBM3, 44, 100 %, 48 %, 74157 MiB, 81559 MiB
2026/08/06 10:25:53.424, NVIDIA H100 80GB HBM3, 32, 0 %, 0 %, 74157 MiB, 81559 MiB
2026/08/06 10:25:56.424, NVIDIA H100 80GB HBM3, 31, 0 %, 0 %, 74157 MiB, 81559 MiB
2026/08/06 10:25:59.425, NVIDIA H100 80GB HBM3, 39, 41 %, 30 %, 74157 MiB, 81559 MiB
2026/08/06 10:26:02.425, NVIDIA H100 80GB HBM3, 35, 0 %, 0 %, 74157 MiB, 81559 MiB
2026/08/06 10:26:05.426, NVIDIA H100 80GB HBM3, 33, 0 %, 0 %, 74157 MiB, 81559 MiB
2026/08/06 10:26:08.426, NVIDIA H100 80GB HBM3, 43, 99 %, 63 %, 74157 MiB, 81559 MiB
2026/08/06 10:26:11.427, NVIDIA H100 80GB HBM3, 31, 0 %, 0 %, 74157 MiB, 81559 MiB
2026/08/06 10:26:14.427, NVIDIA H100 80GB HBM3, 39, 58 %, 35 %, 74157 MiB, 81559 MiB
2026/08/06 10:26:17.428, NVIDIA H100 80GB HBM3, 38, 46 %, 23 %, 74157 MiB, 81559 MiB
2026/08/06 10:26:20.428, NVIDIA H100 80GB HBM3, 32, 0 %, 0 %, 74157 MiB, 81559 MiB
2026/08/06 10:26:23.429, NVIDIA H100 80GB HBM3, 29, 0 %, 0 %, 74157 MiB, 81559 MiB
2026/08/06 10:26:26.429, NVIDIA H100 80GB HBM3, 43, 99 %, 64 %, 74157 MiB, 81559 MiB
2026/08/06 10:26:29.430, NVIDIA H100 80GB HBM3, 29, 0 %, 0 %, 74157 MiB, 81559 MiB
2026/08/06 10:26:32.430, NVIDIA H100 80GB HBM3, 28, 0 %, 0 %, 74157 MiB, 81559 MiB
2026/08/06 10:26:35.431, NVIDIA H100 80GB HBM3, 28, 0 %, 0 %, 74157 MiB, 81559 MiB
2026/08/06 10:26:38.431, NVIDIA H100 80GB HBM3, 43, 100 %, 68 %, 74157 MiB, 81559 MiB
2026/08/06 10:26:41.432, NVIDIA H100 80GB HBM3, 45, 100 %, 65 %, 74157 MiB, 81559 MiB
2026/08/06 10:26:44.432, NVIDIA H100 80GB HBM3, 29, 0 %, 0 %, 74157 MiB, 81559 MiB
2026/08/06 10:26:47.433, NVIDIA H100 80GB HBM3, 42, 100 %, 66 %, 74157 MiB, 81559 MiB
2026/08/06 10:26:50.433, NVIDIA H100 80GB HBM3, 43, 99 %, 63 %, 74157 MiB, 81559 MiB
2026/08/06 10:26:53.434, NVIDIA H100 80GB HBM3, 30, 0 %, 0 %, 74157 MiB, 81559 MiB
2026/08/06 10:26:56.434, NVIDIA H100 80GB HBM3, 43, 100 %, 50 %, 74157 MiB, 81559 MiB
2026/08/06 10:26:59.435, NVIDIA H100 80GB HBM3, 44, 99 %, 59 %, 74157 MiB, 81559 MiB
2026/08/06 10:27:02.435, NVIDIA H100 80GB HBM3, 30, 0 %, 0 %, 74157 MiB, 81559 MiB
2026/08/06 10:27:05.436, NVIDIA H100 80GB HBM3, 44, 99 %, 51 %, 74157 MiB, 81559 MiB
2026/08/06 10:27:08.436, NVIDIA H100 80GB HBM3, 39, 33 %, 8 %, 74157 MiB, 81559 MiB
2026/08/06 10:27:11.437, NVIDIA H100 80GB HBM3, 30, 0 %, 0 %, 74157 MiB, 81559 MiB
2026/08/06 10:27:14.437, NVIDIA H100 80GB HBM3, 39, 99 %, 53 %, 74157 MiB, 81559 MiB
2026/08/06 10:27:17.438, NVIDIA H100 80GB HBM3, 45, 100 %, 50 %, 74157 MiB, 81559 MiB
2026/08/06 10:27:20.438, NVIDIA H100 80GB HBM3, 30, 0 %, 0 %, 74157 MiB, 81559 MiB
2026/08/06 10:27:23.439, NVIDIA H100 80GB HBM3, 44, 100 %, 50 %, 74157 MiB, 81559 MiB
2026/08/06 10:27:26.439, NVIDIA H100 80GB HBM3, 47, 100 %, 53 %, 74157 MiB, 81559 MiB
2026/08/06 10:27:29.440, NVIDIA H100 80GB HBM3, 29, 0 %, 0 %, 74157 MiB, 81559 MiB
2026/08/06 10:27:32.440, NVIDIA H100 80GB HBM3, 44, 100 %, 55 %, 74157 MiB, 81559 MiB
2026/08/06 10:27:35.440, NVIDIA H100 80GB HBM3, 43, 100 %, 54 %, 74157 MiB, 81559 MiB
2026/08/06 10:27:38.441, NVIDIA H100 80GB HBM3, 35, 42 %, 24 %, 74157 MiB, 81559 MiB
2026/08/06 10:27:41.441, NVIDIA H100 80GB HBM3, 42, 98 %, 70 %, 74157 MiB, 81559 MiB
2026/08/06 10:27:44.442, NVIDIA H100 80GB HBM3, 37, 0 %, 0 %, 74157 MiB, 81559 MiB
2026/08/06 10:27:47.442, NVIDIA H100 80GB HBM3, 39, 67 %, 43 %, 74157 MiB, 81559 MiB
2026/08/06 10:27:50.442, NVIDIA H100 80GB HBM3, 44, 100 %, 64 %, 74157 MiB, 81559 MiB
2026/08/06 10:27:53.443, NVIDIA H100 80GB HBM3, 32, 0 %, 0 %, 74157 MiB, 81559 MiB
2026/08/06 10:27:56.443, NVIDIA H100 80GB HBM3, 41, 100 %, 64 %, 74157 MiB, 81559 MiB
2026/08/06 10:27:59.444, NVIDIA H100 80GB HBM3, 37, 12 %, 1 %, 74157 MiB, 81559 MiB
2026/08/06 10:28:02.444, NVIDIA H100 80GB HBM3, 33, 0 %, 0 %, 74157 MiB, 81559 MiB
2026/08/06 10:28:05.444, NVIDIA H100 80GB HBM3, 42, 100 %, 66 %, 74157 MiB, 81559 MiB
2026/08/06 10:28:08.445, NVIDIA H100 80GB HBM3, 44, 100 %, 54 %, 74157 MiB, 81559 MiB
2026/08/06 10:28:11.445, NVIDIA H100 80GB HBM3, 31, 0 %, 0 %, 74157 MiB, 81559 MiB
2026/08/06 10:28:14.445, NVIDIA H100 80GB HBM3, 40, 11 %, 1 %, 74157 MiB, 81559 MiB
2026/08/06 10:28:17.446, NVIDIA H100 80GB HBM3, 42, 72 %, 45 %, 74157 MiB, 81559 MiB
2026/08/06 10:28:20.446, NVIDIA H100 80GB HBM3, 44, 100 %, 58 %, 74157 MiB, 81559 MiB
2026/08/06 10:28:23.447, NVIDIA H100 80GB HBM3, 43, 100 %, 49 %, 74157 MiB, 81559 MiB
2026/08/06 10:28:26.447, NVIDIA H100 80GB HBM3, 33, 5 %, 0 %, 74157 MiB, 81559 MiB
2026/08/06 10:28:29.447, NVIDIA H100 80GB HBM3, 44, 90 %, 60 %, 74157 MiB, 81559 MiB
2026/08/06 10:28:32.448, NVIDIA H100 80GB HBM3, 39, 100 %, 39 %, 74157 MiB, 81559 MiB
2026/08/06 10:28:35.448, NVIDIA H100 80GB HBM3, 30, 0 %, 0 %, 74157 MiB, 81559 MiB
2026/08/06 10:28:38.449, NVIDIA H100 80GB HBM3, 44, 100 %, 59 %, 74157 MiB, 81559 MiB
2026/08/06 10:28:41.449, NVIDIA H100 80GB HBM3, 42, 100 %, 68 %, 74157 MiB, 81559 MiB
2026/08/06 10:28:44.449, NVIDIA H100 80GB HBM3, 30, 0 %, 0 %, 74157 MiB, 81559 MiB
2026/08/06 10:28:47.450, NVIDIA H100 80GB HBM3, 41, 100 %, 62 %, 74157 MiB, 81559 MiB
2026/08/06 10:28:50.450, NVIDIA H100 80GB HBM3, 45, 100 %, 53 %, 74157 MiB, 81559 MiB
2026/08/06 10:28:53.451, NVIDIA H100 80GB HBM3, 30, 0 %, 0 %, 74157 MiB, 81559 MiB
2026/08/06 10:28:56.451, NVIDIA H100 80GB HBM3, 43, 69 %, 33 %, 74157 MiB, 81559 MiB
2026/08/06 10:28:59.451, NVIDIA H100 80GB HBM3, 45, 100 %, 54 %, 74157 MiB, 81559 MiB
2026/08/06 10:29:02.452, NVIDIA H100 80GB HBM3, 30, 0 %, 0 %, 74157 MiB, 81559 MiB
2026/08/06 10:29:05.452, NVIDIA H100 80GB HBM3, 43, 98 %, 67 %, 74157 MiB, 81559 MiB
2026/08/06 10:29:08.453, NVIDIA H100 80GB HBM3, 35, 0 %, 0 %, 74157 MiB, 81559 MiB
2026/08/06 10:29:11.453, NVIDIA H100 80GB HBM3, 34, 0 %, 0 %, 74157 MiB, 81559 MiB
2026/08/06 10:29:14.453, NVIDIA H100 80GB HBM3, 43, 100 %, 65 %, 74157 MiB, 81559 MiB
2026/08/06 10:29:17.454, NVIDIA H100 80GB HBM3, 29, 0 %, 0 %, 74157 MiB, 81559 MiB
2026/08/06 10:29:20.454, NVIDIA H100 80GB HBM3, 28, 0 %, 0 %, 74157 MiB, 81559 MiB
2026/08/06 10:29:23.455, NVIDIA H100 80GB HBM3, 28, 0 %, 0 %, 74157 MiB, 81559 MiB
2026/08/06 10:29:26.455, NVIDIA H100 80GB HBM3, 37, 100 %, 63 %, 74157 MiB, 81559 MiB
2026/08/06 10:29:29.456, NVIDIA H100 80GB HBM3, 43, 100 %, 54 %, 74157 MiB, 81559 MiB
2026/08/06 10:29:32.456, NVIDIA H100 80GB HBM3, 42, 100 %, 54 %, 74157 MiB, 81559 MiB
2026/08/06 10:29:35.457, NVIDIA H100 80GB HBM3, 40, 100 %, 54 %, 74157 MiB, 81559 MiB
2026/08/06 10:29:38.457, NVIDIA H100 80GB HBM3, 45, 100 %, 58 %, 74157 MiB, 81559 MiB
2026/08/06 10:29:41.458, NVIDIA H100 80GB HBM3, 34, 0 %, 0 %, 74157 MiB, 81559 MiB
2026/08/06 10:29:44.458, NVIDIA H100 80GB HBM3, 45, 100 %, 66 %, 74157 MiB, 81559 MiB
2026/08/06 10:29:47.458, NVIDIA H100 80GB HBM3, 42, 100 %, 65 %, 74157 MiB, 81559 MiB
2026/08/06 10:29:50.459, NVIDIA H100 80GB HBM3, 31, 0 %, 0 %, 74157 MiB, 81559 MiB
2026/08/06 10:29:53.459, NVIDIA H100 80GB HBM3, 42, 100 %, 58 %, 74157 MiB, 81559 MiB
2026/08/06 10:29:56.460, NVIDIA H100 80GB HBM3, 45, 100 %, 58 %, 74157 MiB, 81559 MiB
2026/08/06 10:29:59.460, NVIDIA H100 80GB HBM3, 30, 0 %, 0 %, 74157 MiB, 81559 MiB
2026/08/06 10:30:02.460, NVIDIA H100 80GB HBM3, 41, 47 %, 23 %, 74157 MiB, 81559 MiB
2026/08/06 10:30:05.461, NVIDIA H100 80GB HBM3, 44, 49 %, 24 %, 74157 MiB, 81559 MiB
2026/08/06 10:30:08.461, NVIDIA H100 80GB HBM3, 31, 0 %, 0 %, 74157 MiB, 81559 MiB
2026/08/06 10:30:11.462, NVIDIA H100 80GB HBM3, 38, 98 %, 67 %, 74157 MiB, 81559 MiB
2026/08/06 10:30:14.462, NVIDIA H100 80GB HBM3, 45, 100 %, 54 %, 74157 MiB, 81559 MiB
2026/08/06 10:30:17.462, NVIDIA H100 80GB HBM3, 33, 0 %, 0 %, 74157 MiB, 81559 MiB
2026/08/06 10:30:20.463, NVIDIA H100 80GB HBM3, 31, 0 %, 0 %, 74157 MiB, 81559 MiB
2026/08/06 10:30:23.463, NVIDIA H100 80GB HBM3, 38, 100 %, 59 %, 74157 MiB, 81559 MiB
2026/08/06 10:30:26.464, NVIDIA H100 80GB HBM3, 33, 0 %, 0 %, 74157 MiB, 81559 MiB
2026/08/06 10:30:29.464, NVIDIA H100 80GB HBM3, 42, 100 %, 54 %, 74157 MiB, 81559 MiB
2026/08/06 10:30:32.464, NVIDIA H100 80GB HBM3, 43, 98 %, 66 %, 74157 MiB, 81559 MiB
2026/08/06 10:30:35.465, NVIDIA H100 80GB HBM3, 32, 0 %, 0 %, 74157 MiB, 81559 MiB
2026/08/06 10:30:38.465, NVIDIA H100 80GB HBM3, 39, 99 %, 65 %, 74157 MiB, 81559 MiB
2026/08/06 10:30:41.466, NVIDIA H100 80GB HBM3, 38, 100 %, 61 %, 74157 MiB, 81559 MiB
2026/08/06 10:30:44.466, NVIDIA H100 80GB HBM3, 32, 0 %, 0 %, 74157 MiB, 81559 MiB
2026/08/06 10:30:47.466, NVIDIA H100 80GB HBM3, 30, 0 %, 0 %, 74157 MiB, 81559 MiB
2026/08/06 10:30:50.467, NVIDIA H100 80GB HBM3, 37, 80 %, 56 %, 74157 MiB, 81559 MiB
2026/08/06 10:30:53.467, NVIDIA H100 80GB HBM3, 43, 100 %, 60 %, 74157 MiB, 81559 MiB
2026/08/06 10:30:56.467, NVIDIA H100 80GB HBM3, 36, 0 %, 0 %, 74157 MiB, 81559 MiB
2026/08/06 10:30:59.468, NVIDIA H100 80GB HBM3, 44, 98 %, 47 %, 74157 MiB, 81559 MiB
2026/08/06 10:31:02.468, NVIDIA H100 80GB HBM3, 43, 100 %, 70 %, 74157 MiB, 81559 MiB
2026/08/06 10:31:05.469, NVIDIA H100 80GB HBM3, 32, 18 %, 0 %, 74157 MiB, 81559 MiB
2026/08/06 10:31:08.469, NVIDIA H100 80GB HBM3, 46, 100 %, 57 %, 74157 MiB, 81559 MiB
2026/08/06 10:31:11.469, NVIDIA H100 80GB HBM3, 33, 0 %, 0 %, 74157 MiB, 81559 MiB
2026/08/06 10:31:14.470, NVIDIA H100 80GB HBM3, 36, 10 %, 0 %, 74157 MiB, 81559 MiB
2026/08/06 10:31:17.470, NVIDIA H100 80GB HBM3, 44, 100 %, 54 %, 74157 MiB, 81559 MiB
2026/08/06 10:31:20.471, NVIDIA H100 80GB HBM3, 41, 0 %, 0 %, 74157 MiB, 81559 MiB
2026/08/06 10:31:23.471, NVIDIA H100 80GB HBM3, 29, 0 %, 0 %, 74157 MiB, 81559 MiB
2026/08/06 10:31:26.471, NVIDIA H100 80GB HBM3, 41, 6 %, 6 %, 74157 MiB, 81559 MiB
2026/08/06 10:31:29.472, NVIDIA H100 80GB HBM3, 43, 10 %, 1 %, 74157 MiB, 81559 MiB
2026/08/06 10:31:32.472, NVIDIA H100 80GB HBM3, 36, 91 %, 49 %, 74157 MiB, 81559 MiB
2026/08/06 10:31:35.473, NVIDIA H100 80GB HBM3, 39, 100 %, 61 %, 74157 MiB, 81559 MiB
2026/08/06 10:31:38.473, NVIDIA H100 80GB HBM3, 45, 100 %, 50 %, 74157 MiB, 81559 MiB
2026/08/06 10:31:41.473, NVIDIA H100 80GB HBM3, 30, 0 %, 0 %, 74157 MiB, 81559 MiB
2026/08/06 10:31:44.474, NVIDIA H100 80GB HBM3, 42, 100 %, 55 %, 74157 MiB, 81559 MiB
2026/08/06 10:31:47.474, NVIDIA H100 80GB HBM3, 34, 25 %, 8 %, 74157 MiB, 81559 MiB
2026/08/06 10:31:50.474, NVIDIA H100 80GB HBM3, 32, 0 %, 0 %, 74157 MiB, 81559 MiB
2026/08/06 10:31:53.475, NVIDIA H100 80GB HBM3, 40, 100 %, 53 %, 74157 MiB, 81559 MiB
2026/08/06 10:31:56.475, NVIDIA H100 80GB HBM3, 45, 100 %, 53 %, 74157 MiB, 81559 MiB
2026/08/06 10:31:59.476, NVIDIA H100 80GB HBM3, 31, 0 %, 0 %, 74157 MiB, 81559 MiB
2026/08/06 10:32:02.476, NVIDIA H100 80GB HBM3, 40, 100 %, 52 %, 74157 MiB, 81559 MiB
2026/08/06 10:32:05.477, NVIDIA H100 80GB HBM3, 31, 0 %, 0 %, 74157 MiB, 81559 MiB
2026/08/06 10:32:08.477, NVIDIA H100 80GB HBM3, 29, 0 %, 0 %, 74157 MiB, 81559 MiB
2026/08/06 10:32:11.477, NVIDIA H100 80GB HBM3, 28, 0 %, 0 %, 74157 MiB, 81559 MiB
2026/08/06 10:32:14.478, NVIDIA H100 80GB HBM3, 39, 100 %, 53 %, 74157 MiB, 81559 MiB
2026/08/06 10:32:17.478, NVIDIA H100 80GB HBM3, 42, 100 %, 65 %, 74157 MiB, 81559 MiB
2026/08/06 10:32:20.479, NVIDIA H100 80GB HBM3, 34, 0 %, 0 %, 74157 MiB, 81559 MiB
2026/08/06 10:32:23.479, NVIDIA H100 80GB HBM3, 32, 100 %, 63 %, 74157 MiB, 81559 MiB
2026/08/06 10:32:26.479, NVIDIA H100 80GB HBM3, 46, 98 %, 52 %, 74157 MiB, 81559 MiB
2026/08/06 10:32:29.480, NVIDIA H100 80GB HBM3, 37, 57 %, 30 %, 74157 MiB, 81559 MiB
2026/08/06 10:32:32.480, NVIDIA H100 80GB HBM3, 40, 49 %, 24 %, 74157 MiB, 81559 MiB
2026/08/06 10:32:35.481, NVIDIA H100 80GB HBM3, 44, 100 %, 64 %, 74157 MiB, 81559 MiB
2026/08/06 10:32:38.481, NVIDIA H100 80GB HBM3, 32, 0 %, 0 %, 74157 MiB, 81559 MiB
2026/08/06 10:32:41.481, NVIDIA H100 80GB HBM3, 34, 99 %, 65 %, 74157 MiB, 81559 MiB
2026/08/06 10:32:44.482, NVIDIA H100 80GB HBM3, 44, 100 %, 69 %, 74157 MiB, 81559 MiB
2026/08/06 10:32:47.482, NVIDIA H100 80GB HBM3, 35, 0 %, 0 %, 74157 MiB, 81559 MiB
2026/08/06 10:32:50.482, NVIDIA H100 80GB HBM3, 41, 38 %, 13 %, 74157 MiB, 81559 MiB
2026/08/06 10:32:53.483, NVIDIA H100 80GB HBM3, 39, 100 %, 60 %, 74157 MiB, 81559 MiB
2026/08/06 10:32:56.483, NVIDIA H100 80GB HBM3, 33, 0 %, 0 %, 74157 MiB, 81559 MiB
2026/08/06 10:32:59.484, NVIDIA H100 80GB HBM3, 35, 70 %, 35 %, 74157 MiB, 81559 MiB
2026/08/06 10:33:02.484, NVIDIA H100 80GB HBM3, 44, 100 %, 53 %, 74157 MiB, 81559 MiB
2026/08/06 10:33:05.484, NVIDIA H100 80GB HBM3, 31, 0 %, 0 %, 74157 MiB, 81559 MiB
2026/08/06 10:33:08.485, NVIDIA H100 80GB HBM3, 43, 98 %, 65 %, 74157 MiB, 81559 MiB
2026/08/06 10:33:11.485, NVIDIA H100 80GB HBM3, 46, 100 %, 42 %, 74157 MiB, 81559 MiB
2026/08/06 10:33:14.486, NVIDIA H100 80GB HBM3, 30, 0 %, 0 %, 74157 MiB, 81559 MiB
2026/08/06 10:33:17.486, NVIDIA H100 80GB HBM3, 42, 100 %, 58 %, 74157 MiB, 81559 MiB
2026/08/06 10:33:20.486, NVIDIA H100 80GB HBM3, 43, 100 %, 59 %, 74157 MiB, 81559 MiB
2026/08/06 10:33:23.487, NVIDIA H100 80GB HBM3, 31, 0 %, 0 %, 74157 MiB, 81559 MiB
2026/08/06 10:33:26.487, NVIDIA H100 80GB HBM3, 42, 43 %, 22 %, 74157 MiB, 81559 MiB
2026/08/06 10:33:29.488, NVIDIA H100 80GB HBM3, 44, 100 %, 53 %, 74157 MiB, 81559 MiB
2026/08/06 10:33:32.488, NVIDIA H100 80GB HBM3, 38, 99 %, 68 %, 74157 MiB, 81559 MiB
2026/08/06 10:33:35.488, NVIDIA H100 80GB HBM3, 43, 100 %, 53 %, 74157 MiB, 81559 MiB
2026/08/06 10:33:38.489, NVIDIA H100 80GB HBM3, 45, 100 %, 53 %, 74157 MiB, 81559 MiB
2026/08/06 10:33:41.489, NVIDIA H100 80GB HBM3, 37, 100 %, 61 %, 74157 MiB, 81559 MiB
2026/08/06 10:33:44.489, NVIDIA H100 80GB HBM3, 42, 100 %, 53 %, 74157 MiB, 81559 MiB
2026/08/06 10:33:47.490, NVIDIA H100 80GB HBM3, 44, 100 %, 56 %, 74157 MiB, 81559 MiB
2026/08/06 10:33:50.490, NVIDIA H100 80GB HBM3, 36, 65 %, 38 %, 74157 MiB, 81559 MiB
2026/08/06 10:33:53.491, NVIDIA H100 80GB HBM3, 45, 100 %, 51 %, 74157 MiB, 81559 MiB
2026/08/06 10:33:56.491, NVIDIA H100 80GB HBM3, 43, 100 %, 42 %, 74157 MiB, 81559 MiB
2026/08/06 10:33:59.491, NVIDIA H100 80GB HBM3, 29, 0 %, 0 %, 74157 MiB, 81559 MiB
2026/08/06 10:34:02.492, NVIDIA H100 80GB HBM3, 39, 69 %, 31 %, 74157 MiB, 81559 MiB
2026/08/06 10:34:05.492, NVIDIA H100 80GB HBM3, 47, 100 %, 53 %, 74157 MiB, 81559 MiB
2026/08/06 10:34:08.493, NVIDIA H100 80GB HBM3, 29, 0 %, 0 %, 74157 MiB, 81559 MiB
2026/08/06 10:34:11.493, NVIDIA H100 80GB HBM3, 44, 100 %, 52 %, 74157 MiB, 81559 MiB
2026/08/06 10:34:14.494, NVIDIA H100 80GB HBM3, 44, 100 %, 60 %, 74157 MiB, 81559 MiB
2026/08/06 10:34:17.494, NVIDIA H100 80GB HBM3, 30, 0 %, 0 %, 74157 MiB, 81559 MiB
2026/08/06 10:34:20.494, NVIDIA H100 80GB HBM3, 37, 36 %, 11 %, 74157 MiB, 81559 MiB
2026/08/06 10:34:23.495, NVIDIA H100 80GB HBM3, 42, 100 %, 54 %, 74157 MiB, 81559 MiB
2026/08/06 10:34:26.495, NVIDIA H100 80GB HBM3, 30, 0 %, 0 %, 74157 MiB, 81559 MiB
2026/08/06 10:34:29.495, NVIDIA H100 80GB HBM3, 42, 100 %, 57 %, 74157 MiB, 81559 MiB
2026/08/06 10:34:32.496, NVIDIA H100 80GB HBM3, 45, 100 %, 53 %, 74157 MiB, 81559 MiB
2026/08/06 10:34:35.496, NVIDIA H100 80GB HBM3, 30, 0 %, 0 %, 74157 MiB, 81559 MiB
2026/08/06 10:34:38.496, NVIDIA H100 80GB HBM3, 41, 100 %, 65 %, 74157 MiB, 81559 MiB
2026/08/06 10:34:41.497, NVIDIA H100 80GB HBM3, 44, 100 %, 67 %, 74157 MiB, 81559 MiB
2026/08/06 10:34:44.497, NVIDIA H100 80GB HBM3, 31, 0 %, 0 %, 74157 MiB, 81559 MiB
2026/08/06 10:34:47.498, NVIDIA H100 80GB HBM3, 42, 100 %, 53 %, 74157 MiB, 81559 MiB
2026/08/06 10:34:50.498, NVIDIA H100 80GB HBM3, 32, 0 %, 0 %, 74157 MiB, 81559 MiB
2026/08/06 10:34:53.498, NVIDIA H100 80GB HBM3, 28, 0 %, 0 %, 74157 MiB, 81559 MiB
2026/08/06 10:34:56.499, NVIDIA H100 80GB HBM3, 28, 0 %, 0 %, 74157 MiB, 81559 MiB
2026/08/06 10:34:59.499, NVIDIA H100 80GB HBM3, 28, 0 %, 0 %, 74157 MiB, 81559 MiB
2026/08/06 10:35:02.500, NVIDIA H100 80GB HBM3, 28, 0 %, 0 %, 74157 MiB, 81559 MiB
2026/08/06 10:35:05.500, NVIDIA H100 80GB HBM3, 41, 100 %, 42 %, 74157 MiB, 81559 MiB
2026/08/06 10:35:08.500, NVIDIA H100 80GB HBM3, 43, 100 %, 61 %, 74157 MiB, 81559 MiB
2026/08/06 10:35:11.501, NVIDIA H100 80GB HBM3, 30, 0 %, 0 %, 74157 MiB, 81559 MiB
2026/08/06 10:35:14.501, NVIDIA H100 80GB HBM3, 43, 100 %, 53 %, 74157 MiB, 81559 MiB
2026/08/06 10:35:17.501, NVIDIA H100 80GB HBM3, 45, 100 %, 53 %, 74157 MiB, 81559 MiB
2026/08/06 10:35:20.502, NVIDIA H100 80GB HBM3, 30, 0 %, 0 %, 74157 MiB, 81559 MiB
2026/08/06 10:35:23.502, NVIDIA H100 80GB HBM3, 42, 98 %, 65 %, 74157 MiB, 81559 MiB
2026/08/06 10:35:26.503, NVIDIA H100 80GB HBM3, 43, 98 %, 67 %, 74157 MiB, 81559 MiB
2026/08/06 10:35:29.503, NVIDIA H100 80GB HBM3, 30, 0 %, 0 %, 74157 MiB, 81559 MiB
2026/08/06 10:35:32.503, NVIDIA H100 80GB HBM3, 41, 99 %, 51 %, 74157 MiB, 81559 MiB
2026/08/06 10:35:35.504, NVIDIA H100 80GB HBM3, 43, 100 %, 64 %, 74157 MiB, 81559 MiB
2026/08/06 10:35:38.504, NVIDIA H100 80GB HBM3, 30, 0 %, 0 %, 74157 MiB, 81559 MiB
2026/08/06 10:35:41.505, NVIDIA H100 80GB HBM3, 44, 100 %, 68 %, 74157 MiB, 81559 MiB
2026/08/06 10:35:44.505, NVIDIA H100 80GB HBM3, 44, 100 %, 65 %, 74157 MiB, 81559 MiB
2026/08/06 10:35:47.505, NVIDIA H100 80GB HBM3, 32, 47 %, 28 %, 74157 MiB, 81559 MiB
2026/08/06 10:35:50.506, NVIDIA H100 80GB HBM3, 44, 100 %, 58 %, 74157 MiB, 81559 MiB
2026/08/06 10:35:53.506, NVIDIA H100 80GB HBM3, 45, 100 %, 59 %, 74157 MiB, 81559 MiB
2026/08/06 10:35:56.507, NVIDIA H100 80GB HBM3, 32, 100 %, 64 %, 74157 MiB, 81559 MiB
2026/08/06 10:35:59.507, NVIDIA H100 80GB HBM3, 43, 100 %, 54 %, 74157 MiB, 81559 MiB
2026/08/06 10:36:02.507, NVIDIA H100 80GB HBM3, 35, 0 %, 0 %, 74157 MiB, 81559 MiB
2026/08/06 10:36:05.508, NVIDIA H100 80GB HBM3, 37, 53 %, 43 %, 74157 MiB, 81559 MiB
2026/08/06 10:36:08.508, NVIDIA H100 80GB HBM3, 43, 98 %, 52 %, 74157 MiB, 81559 MiB
2026/08/06 10:36:11.509, NVIDIA H100 80GB HBM3, 35, 0 %, 0 %, 74157 MiB, 81559 MiB
2026/08/06 10:36:14.509, NVIDIA H100 80GB HBM3, 38, 41 %, 32 %, 74157 MiB, 81559 MiB
2026/08/06 10:36:17.509, NVIDIA H100 80GB HBM3, 45, 100 %, 54 %, 74157 MiB, 81559 MiB
2026/08/06 10:36:20.510, NVIDIA H100 80GB HBM3, 38, 100 %, 57 %, 74157 MiB, 81559 MiB
2026/08/06 10:36:23.510, NVIDIA H100 80GB HBM3, 40, 94 %, 50 %, 74157 MiB, 81559 MiB
2026/08/06 10:36:26.511, NVIDIA H100 80GB HBM3, 44, 100 %, 54 %, 74157 MiB, 81559 MiB
2026/08/06 10:36:29.511, NVIDIA H100 80GB HBM3, 33, 0 %, 0 %, 74157 MiB, 81559 MiB
2026/08/06 10:36:32.512, NVIDIA H100 80GB HBM3, 32, 0 %, 0 %, 74157 MiB, 81559 MiB
2026/08/06 10:36:35.512, NVIDIA H100 80GB HBM3, 44, 45 %, 25 %, 74157 MiB, 81559 MiB
2026/08/06 10:36:38.512, NVIDIA H100 80GB HBM3, 32, 0 %, 0 %, 74157 MiB, 81559 MiB
2026/08/06 10:36:41.513, NVIDIA H100 80GB HBM3, 41, 100 %, 61 %, 74157 MiB, 81559 MiB
2026/08/06 10:36:44.513, NVIDIA H100 80GB HBM3, 44, 100 %, 53 %, 74157 MiB, 81559 MiB
2026/08/06 10:36:47.514, NVIDIA H100 80GB HBM3, 33, 0 %, 0 %, 74157 MiB, 81559 MiB
2026/08/06 10:36:50.514, NVIDIA H100 80GB HBM3, 42, 100 %, 55 %, 74157 MiB, 81559 MiB
2026/08/06 10:36:53.514, NVIDIA H100 80GB HBM3, 45, 100 %, 54 %, 74157 MiB, 81559 MiB
2026/08/06 10:36:56.515, NVIDIA H100 80GB HBM3, 36, 0 %, 0 %, 74157 MiB, 81559 MiB
2026/08/06 10:36:59.515, NVIDIA H100 80GB HBM3, 35, 25 %, 20 %, 74157 MiB, 81559 MiB
2026/08/06 10:37:02.516, NVIDIA H100 80GB HBM3, 40, 100 %, 60 %, 74157 MiB, 81559 MiB
2026/08/06 10:37:05.516, NVIDIA H100 80GB HBM3, 44, 100 %, 58 %, 74157 MiB, 81559 MiB
2026/08/06 10:37:08.516, NVIDIA H100 80GB HBM3, 34, 82 %, 52 %, 74157 MiB, 81559 MiB
2026/08/06 10:37:11.517, NVIDIA H100 80GB HBM3, 37, 80 %, 50 %, 74157 MiB, 81559 MiB
2026/08/06 10:37:14.517, NVIDIA H100 80GB HBM3, 43, 25 %, 2 %, 74157 MiB, 81559 MiB
2026/08/06 10:37:17.518, NVIDIA H100 80GB HBM3, 41, 100 %, 50 %, 74157 MiB, 81559 MiB
2026/08/06 10:37:20.518, NVIDIA H100 80GB HBM3, 42, 100 %, 44 %, 74157 MiB, 81559 MiB
2026/08/06 10:37:23.518, NVIDIA H100 80GB HBM3, 46, 100 %, 42 %, 74157 MiB, 81559 MiB
2026/08/06 10:37:26.519, NVIDIA H100 80GB HBM3, 41, 0 %, 0 %, 74157 MiB, 81559 MiB
2026/08/06 10:37:29.519, NVIDIA H100 80GB HBM3, 39, 100 %, 56 %, 74157 MiB, 81559 MiB
2026/08/06 10:37:32.520, NVIDIA H100 80GB HBM3, 43, 100 %, 55 %, 74157 MiB, 81559 MiB
2026/08/06 10:37:35.520, NVIDIA H100 80GB HBM3, 30, 0 %, 0 %, 74157 MiB, 81559 MiB
2026/08/06 10:37:38.521, NVIDIA H100 80GB HBM3, 41, 99 %, 50 %, 74157 MiB, 81559 MiB
2026/08/06 10:37:41.521, NVIDIA H100 80GB HBM3, 31, 0 %, 0 %, 74157 MiB, 81559 MiB
2026/08/06 10:37:44.521, NVIDIA H100 80GB HBM3, 28, 0 %, 0 %, 74157 MiB, 81559 MiB
2026/08/06 10:37:47.522, NVIDIA H100 80GB HBM3, 28, 0 %, 0 %, 74157 MiB, 81559 MiB
2026/08/06 10:37:50.522, NVIDIA H100 80GB HBM3, 43, 100 %, 51 %, 74157 MiB, 81559 MiB
2026/08/06 10:37:53.522, NVIDIA H100 80GB HBM3, 44, 100 %, 41 %, 74157 MiB, 81559 MiB
2026/08/06 10:37:56.523, NVIDIA H100 80GB HBM3, 31, 0 %, 0 %, 74157 MiB, 81559 MiB
2026/08/06 10:37:59.523, NVIDIA H100 80GB HBM3, 43, 53 %, 30 %, 74157 MiB, 81559 MiB
2026/08/06 10:38:02.524, NVIDIA H100 80GB HBM3, 42, 89 %, 58 %, 74157 MiB, 81559 MiB
2026/08/06 10:38:05.524, NVIDIA H100 80GB HBM3, 30, 0 %, 0 %, 74157 MiB, 81559 MiB
2026/08/06 10:38:08.524, NVIDIA H100 80GB HBM3, 39, 100 %, 54 %, 74157 MiB, 81559 MiB
2026/08/06 10:38:11.525, NVIDIA H100 80GB HBM3, 41, 100 %, 54 %, 74157 MiB, 81559 MiB
2026/08/06 10:38:14.525, NVIDIA H100 80GB HBM3, 39, 48 %, 22 %, 74157 MiB, 81559 MiB
2026/08/06 10:38:17.525, NVIDIA H100 80GB HBM3, 40, 100 %, 53 %, 74157 MiB, 81559 MiB
2026/08/06 10:38:20.526, NVIDIA H100 80GB HBM3, 42, 100 %, 64 %, 74157 MiB, 81559 MiB
2026/08/06 10:38:23.526, NVIDIA H100 80GB HBM3, 35, 100 %, 63 %, 74157 MiB, 81559 MiB
2026/08/06 10:38:26.526, NVIDIA H100 80GB HBM3, 39, 100 %, 59 %, 74157 MiB, 81559 MiB
2026/08/06 10:38:29.527, NVIDIA H100 80GB HBM3, 33, 0 %, 0 %, 74157 MiB, 81559 MiB
2026/08/06 10:38:32.527, NVIDIA H100 80GB HBM3, 38, 74 %, 38 %, 74157 MiB, 81559 MiB
2026/08/06 10:38:35.528, NVIDIA H100 80GB HBM3, 31, 0 %, 0 %, 74157 MiB, 81559 MiB
2026/08/06 10:38:38.528, NVIDIA H100 80GB HBM3, 46, 100 %, 53 %, 74157 MiB, 81559 MiB
2026/08/06 10:38:41.528, NVIDIA H100 80GB HBM3, 41, 100 %, 48 %, 74157 MiB, 81559 MiB
2026/08/06 10:38:44.529, NVIDIA H100 80GB HBM3, 30, 0 %, 0 %, 74157 MiB, 81559 MiB
2026/08/06 10:38:47.529, NVIDIA H100 80GB HBM3, 38, 100 %, 57 %, 74157 MiB, 81559 MiB
2026/08/06 10:38:50.529, NVIDIA H100 80GB HBM3, 41, 8 %, 2 %, 74157 MiB, 81559 MiB
2026/08/06 10:38:53.530, NVIDIA H100 80GB HBM3, 45, 100 %, 59 %, 74157 MiB, 81559 MiB
2026/08/06 10:38:56.530, NVIDIA H100 80GB HBM3, 38, 100 %, 57 %, 74157 MiB, 81559 MiB
2026/08/06 10:38:59.531, NVIDIA H100 80GB HBM3, 41, 100 %, 54 %, 74157 MiB, 81559 MiB
2026/08/06 10:39:02.531, NVIDIA H100 80GB HBM3, 39, 99 %, 56 %, 74157 MiB, 81559 MiB
2026/08/06 10:39:05.531, NVIDIA H100 80GB HBM3, 32, 0 %, 0 %, 74157 MiB, 81559 MiB
2026/08/06 10:39:08.532, NVIDIA H100 80GB HBM3, 45, 100 %, 62 %, 74157 MiB, 81559 MiB
2026/08/06 10:39:11.532, NVIDIA H100 80GB HBM3, 36, 20 %, 8 %, 74157 MiB, 81559 MiB
2026/08/06 10:39:14.532, NVIDIA H100 80GB HBM3, 32, 0 %, 0 %, 74157 MiB, 81559 MiB
2026/08/06 10:39:17.533, NVIDIA H100 80GB HBM3, 38, 11 %, 1 %, 74157 MiB, 81559 MiB
2026/08/06 10:39:20.533, NVIDIA H100 80GB HBM3, 37, 98 %, 61 %, 74157 MiB, 81559 MiB
2026/08/06 10:39:23.533, NVIDIA H100 80GB HBM3, 35, 0 %, 0 %, 74157 MiB, 81559 MiB
2026/08/06 10:39:26.534, NVIDIA H100 80GB HBM3, 38, 0 %, 0 %, 74157 MiB, 81559 MiB
2026/08/06 10:39:29.534, NVIDIA H100 80GB HBM3, 41, 100 %, 53 %, 74157 MiB, 81559 MiB
2026/08/06 10:39:32.535, NVIDIA H100 80GB HBM3, 33, 0 %, 0 %, 74157 MiB, 81559 MiB
2026/08/06 10:39:35.535, NVIDIA H100 80GB HBM3, 43, 100 %, 64 %, 74157 MiB, 81559 MiB
2026/08/06 10:39:38.535, NVIDIA H100 80GB HBM3, 39, 98 %, 68 %, 74157 MiB, 81559 MiB
2026/08/06 10:39:41.536, NVIDIA H100 80GB HBM3, 37, 0 %, 0 %, 74157 MiB, 81559 MiB
2026/08/06 10:39:44.536, NVIDIA H100 80GB HBM3, 39, 100 %, 48 %, 74157 MiB, 81559 MiB
2026/08/06 10:39:47.537, NVIDIA H100 80GB HBM3, 38, 98 %, 63 %, 74157 MiB, 81559 MiB
2026/08/06 10:39:50.537, NVIDIA H100 80GB HBM3, 36, 0 %, 0 %, 74157 MiB, 81559 MiB
2026/08/06 10:39:53.537, NVIDIA H100 80GB HBM3, 43, 98 %, 51 %, 74157 MiB, 81559 MiB
2026/08/06 10:39:56.538, NVIDIA H100 80GB HBM3, 29, 0 %, 0 %, 74157 MiB, 81559 MiB
2026/08/06 10:39:59.538, NVIDIA H100 80GB HBM3, 44, 100 %, 53 %, 74157 MiB, 81559 MiB
2026/08/06 10:40:02.538, NVIDIA H100 80GB HBM3, 44, 98 %, 66 %, 74157 MiB, 81559 MiB
2026/08/06 10:40:05.539, NVIDIA H100 80GB HBM3, 30, 0 %, 0 %, 74157 MiB, 81559 MiB
2026/08/06 10:40:08.539, NVIDIA H100 80GB HBM3, 44, 100 %, 50 %, 74157 MiB, 81559 MiB
2026/08/06 10:40:11.540, NVIDIA H100 80GB HBM3, 42, 100 %, 57 %, 74157 MiB, 81559 MiB
2026/08/06 10:40:14.540, NVIDIA H100 80GB HBM3, 31, 0 %, 0 %, 74157 MiB, 81559 MiB
2026/08/06 10:40:17.541, NVIDIA H100 80GB HBM3, 44, 100 %, 53 %, 74157 MiB, 81559 MiB
2026/08/06 10:40:20.541, NVIDIA H100 80GB HBM3, 44, 99 %, 65 %, 74157 MiB, 81559 MiB
2026/08/06 10:40:23.542, NVIDIA H100 80GB HBM3, 34, 23 %, 3 %, 74157 MiB, 81559 MiB
2026/08/06 10:40:26.542, NVIDIA H100 80GB HBM3, 43, 99 %, 50 %, 74157 MiB, 81559 MiB
2026/08/06 10:40:29.542, NVIDIA H100 80GB HBM3, 29, 0 %, 0 %, 74157 MiB, 81559 MiB
2026/08/06 10:40:32.543, NVIDIA H100 80GB HBM3, 28, 0 %, 0 %, 74157 MiB, 81559 MiB
2026/08/06 10:40:35.543, NVIDIA H100 80GB HBM3, 28, 0 %, 0 %, 74157 MiB, 81559 MiB
2026/08/06 10:40:38.544, NVIDIA H100 80GB HBM3, 39, 98 %, 62 %, 74157 MiB, 81559 MiB
2026/08/06 10:40:41.544, NVIDIA H100 80GB HBM3, 44, 100 %, 51 %, 74157 MiB, 81559 MiB
2026/08/06 10:40:44.545, NVIDIA H100 80GB HBM3, 31, 0 %, 0 %, 74157 MiB, 81559 MiB
2026/08/06 10:40:47.545, NVIDIA H100 80GB HBM3, 42, 98 %, 61 %, 74157 MiB, 81559 MiB
2026/08/06 10:40:50.545, NVIDIA H100 80GB HBM3, 45, 100 %, 51 %, 74157 MiB, 81559 MiB
2026/08/06 10:40:53.546, NVIDIA H100 80GB HBM3, 30, 0 %, 0 %, 74157 MiB, 81559 MiB
2026/08/06 10:40:56.546, NVIDIA H100 80GB HBM3, 42, 100 %, 65 %, 74157 MiB, 81559 MiB
2026/08/06 10:40:59.547, NVIDIA H100 80GB HBM3, 42, 98 %, 63 %, 74157 MiB, 81559 MiB
2026/08/06 10:41:02.547, NVIDIA H100 80GB HBM3, 32, 0 %, 0 %, 74157 MiB, 81559 MiB
2026/08/06 10:41:05.548, NVIDIA H100 80GB HBM3, 37, 34 %, 22 %, 74157 MiB, 81559 MiB
2026/08/06 10:41:08.548, NVIDIA H100 80GB HBM3, 40, 100 %, 59 %, 74157 MiB, 81559 MiB
2026/08/06 10:41:11.549, NVIDIA H100 80GB HBM3, 30, 0 %, 0 %, 74157 MiB, 81559 MiB
2026/08/06 10:41:14.549, NVIDIA H100 80GB HBM3, 43, 100 %, 54 %, 74157 MiB, 81559 MiB
2026/08/06 10:41:17.550, NVIDIA H100 80GB HBM3, 41, 99 %, 64 %, 74157 MiB, 81559 MiB
2026/08/06 10:41:20.550, NVIDIA H100 80GB HBM3, 41, 100 %, 42 %, 74157 MiB, 81559 MiB
2026/08/06 10:41:23.550, NVIDIA H100 80GB HBM3, 33, 0 %, 0 %, 74157 MiB, 81559 MiB
2026/08/06 10:41:26.551, NVIDIA H100 80GB HBM3, 40, 100 %, 54 %, 74157 MiB, 81559 MiB
2026/08/06 10:41:29.551, NVIDIA H100 80GB HBM3, 46, 100 %, 55 %, 74157 MiB, 81559 MiB
2026/08/06 10:41:32.552, NVIDIA H100 80GB HBM3, 34, 0 %, 0 %, 74157 MiB, 81559 MiB
2026/08/06 10:41:35.552, NVIDIA H100 80GB HBM3, 41, 70 %, 43 %, 74157 MiB, 81559 MiB
2026/08/06 10:41:38.554, NVIDIA H100 80GB HBM3, 44, 100 %, 59 %, 74157 MiB, 81559 MiB
2026/08/06 10:41:41.554, NVIDIA H100 80GB HBM3, 46, 100 %, 57 %, 74157 MiB, 81559 MiB
2026/08/06 10:41:44.554, NVIDIA H100 80GB HBM3, 40, 100 %, 53 %, 74157 MiB, 81559 MiB
2026/08/06 10:41:47.555, NVIDIA H100 80GB HBM3, 44, 100 %, 51 %, 74157 MiB, 81559 MiB
2026/08/06 10:41:50.555, NVIDIA H100 80GB HBM3, 43, 100 %, 56 %, 74157 MiB, 81559 MiB
2026/08/06 10:41:53.555, NVIDIA H100 80GB HBM3, 35, 37 %, 12 %, 74157 MiB, 81559 MiB
2026/08/06 10:41:56.556, NVIDIA H100 80GB HBM3, 43, 100 %, 51 %, 74157 MiB, 81559 MiB
2026/08/06 10:41:59.556, NVIDIA H100 80GB HBM3, 43, 100 %, 63 %, 74157 MiB, 81559 MiB
2026/08/06 10:42:02.556, NVIDIA H100 80GB HBM3, 41, 100 %, 54 %, 74157 MiB, 81559 MiB
2026/08/06 10:42:05.557, NVIDIA H100 80GB HBM3, 43, 100 %, 47 %, 74157 MiB, 81559 MiB
2026/08/06 10:42:08.559, NVIDIA H100 80GB HBM3, 40, 98 %, 65 %, 74157 MiB, 81559 MiB
2026/08/06 10:42:11.559, NVIDIA H100 80GB HBM3, 42, 98 %, 66 %, 74157 MiB, 81559 MiB
2026/08/06 10:42:14.560, NVIDIA H100 80GB HBM3, 44, 99 %, 45 %, 74157 MiB, 81559 MiB
2026/08/06 10:42:17.560, NVIDIA H100 80GB HBM3, 37, 100 %, 64 %, 74157 MiB, 81559 MiB
2026/08/06 10:42:20.561, NVIDIA H100 80GB HBM3, 39, 100 %, 49 %, 74157 MiB, 81559 MiB
2026/08/06 10:42:23.561, NVIDIA H100 80GB HBM3, 43, 98 %, 72 %, 74157 MiB, 81559 MiB
2026/08/06 10:42:26.561, NVIDIA H100 80GB HBM3, 31, 0 %, 0 %, 74157 MiB, 81559 MiB
2026/08/06 10:42:29.562, NVIDIA H100 80GB HBM3, 36, 54 %, 27 %, 74157 MiB, 81559 MiB
2026/08/06 10:42:32.562, NVIDIA H100 80GB HBM3, 38, 17 %, 13 %, 74157 MiB, 81559 MiB
2026/08/06 10:42:35.562, NVIDIA H100 80GB HBM3, 32, 0 %, 0 %, 74157 MiB, 81559 MiB
2026/08/06 10:42:38.564, NVIDIA H100 80GB HBM3, 43, 100 %, 48 %, 74157 MiB, 81559 MiB
2026/08/06 10:42:41.564, NVIDIA H100 80GB HBM3, 38, 100 %, 65 %, 74157 MiB, 81559 MiB
2026/08/06 10:42:44.565, NVIDIA H100 80GB HBM3, 33, 2 %, 0 %, 74157 MiB, 81559 MiB
2026/08/06 10:42:47.565, NVIDIA H100 80GB HBM3, 43, 100 %, 70 %, 74157 MiB, 81559 MiB
2026/08/06 10:42:50.565, NVIDIA H100 80GB HBM3, 32, 0 %, 0 %, 74157 MiB, 81559 MiB
2026/08/06 10:42:53.566, NVIDIA H100 80GB HBM3, 31, 0 %, 0 %, 74157 MiB, 81559 MiB
2026/08/06 10:42:56.566, NVIDIA H100 80GB HBM3, 44, 100 %, 55 %, 74157 MiB, 81559 MiB
2026/08/06 10:42:59.567, NVIDIA H100 80GB HBM3, 41, 100 %, 60 %, 74157 MiB, 81559 MiB
2026/08/06 10:43:02.567, NVIDIA H100 80GB HBM3, 30, 0 %, 0 %, 74157 MiB, 81559 MiB
2026/08/06 10:43:05.567, NVIDIA H100 80GB HBM3, 42, 98 %, 61 %, 74157 MiB, 81559 MiB
2026/08/06 10:43:08.568, NVIDIA H100 80GB HBM3, 34, 0 %, 0 %, 74157 MiB, 81559 MiB
2026/08/06 10:43:11.568, NVIDIA H100 80GB HBM3, 35, 100 %, 64 %, 74157 MiB, 81559 MiB
2026/08/06 10:43:14.569, NVIDIA H100 80GB HBM3, 44, 99 %, 55 %, 74157 MiB, 81559 MiB
2026/08/06 10:43:17.569, NVIDIA H100 80GB HBM3, 29, 0 %, 0 %, 74157 MiB, 81559 MiB
2026/08/06 10:43:20.570, NVIDIA H100 80GB HBM3, 28, 0 %, 0 %, 74157 MiB, 81559 MiB
2026/08/06 10:43:23.570, NVIDIA H100 80GB HBM3, 27, 0 %, 0 %, 74157 MiB, 81559 MiB
2026/08/06 10:43:26.570, NVIDIA H100 80GB HBM3, 43, 100 %, 53 %, 74157 MiB, 81559 MiB
2026/08/06 10:43:29.571, NVIDIA H100 80GB HBM3, 46, 100 %, 54 %, 74157 MiB, 81559 MiB
2026/08/06 10:43:32.571, NVIDIA H100 80GB HBM3, 38, 100 %, 64 %, 74157 MiB, 81559 MiB
2026/08/06 10:43:35.572, NVIDIA H100 80GB HBM3, 43, 100 %, 59 %, 74157 MiB, 81559 MiB
2026/08/06 10:43:38.572, NVIDIA H100 80GB HBM3, 45, 100 %, 54 %, 74157 MiB, 81559 MiB
2026/08/06 10:43:41.572, NVIDIA H100 80GB HBM3, 35, 65 %, 43 %, 74157 MiB, 81559 MiB
2026/08/06 10:43:44.573, NVIDIA H100 80GB HBM3, 43, 100 %, 63 %, 74157 MiB, 81559 MiB
2026/08/06 10:43:47.573, NVIDIA H100 80GB HBM3, 32, 0 %, 0 %, 74157 MiB, 81559 MiB
2026/08/06 10:43:50.573, NVIDIA H100 80GB HBM3, 36, 98 %, 71 %, 74157 MiB, 81559 MiB
2026/08/06 10:43:53.574, NVIDIA H100 80GB HBM3, 38, 84 %, 54 %, 74157 MiB, 81559 MiB
2026/08/06 10:43:56.574, NVIDIA H100 80GB HBM3, 40, 20 %, 1 %, 74157 MiB, 81559 MiB
2026/08/06 10:43:59.575, NVIDIA H100 80GB HBM3, 32, 0 %, 0 %, 74157 MiB, 81559 MiB
2026/08/06 10:44:02.575, NVIDIA H100 80GB HBM3, 36, 37 %, 20 %, 74157 MiB, 81559 MiB
2026/08/06 10:44:05.575, NVIDIA H100 80GB HBM3, 43, 43 %, 24 %, 74157 MiB, 81559 MiB
2026/08/06 10:44:08.576, NVIDIA H100 80GB HBM3, 31, 0 %, 0 %, 74157 MiB, 81559 MiB
2026/08/06 10:44:11.576, NVIDIA H100 80GB HBM3, 37, 100 %, 58 %, 74157 MiB, 81559 MiB
2026/08/06 10:44:14.577, NVIDIA H100 80GB HBM3, 44, 100 %, 49 %, 74157 MiB, 81559 MiB
2026/08/06 10:44:17.578, NVIDIA H100 80GB HBM3, 39, 100 %, 52 %, 74157 MiB, 81559 MiB
2026/08/06 10:44:20.578, NVIDIA H100 80GB HBM3, 36, 100 %, 47 %, 74157 MiB, 81559 MiB
2026/08/06 10:44:23.578, NVIDIA H100 80GB HBM3, 41, 100 %, 65 %, 74157 MiB, 81559 MiB
2026/08/06 10:44:26.579, NVIDIA H100 80GB HBM3, 41, 100 %, 52 %, 74157 MiB, 81559 MiB
2026/08/06 10:44:29.579, NVIDIA H100 80GB HBM3, 29, 0 %, 0 %, 74157 MiB, 81559 MiB
2026/08/06 10:44:32.579, NVIDIA H100 80GB HBM3, 42, 100 %, 52 %, 74157 MiB, 81559 MiB
2026/08/06 10:44:35.580, NVIDIA H100 80GB HBM3, 45, 54 %, 36 %, 74157 MiB, 81559 MiB
2026/08/06 10:44:38.580, NVIDIA H100 80GB HBM3, 29, 0 %, 0 %, 74157 MiB, 81559 MiB
2026/08/06 10:44:41.581, NVIDIA H100 80GB HBM3, 43, 100 %, 54 %, 74157 MiB, 81559 MiB
2026/08/06 10:44:44.581, NVIDIA H100 80GB HBM3, 41, 25 %, 19 %, 74157 MiB, 81559 MiB
2026/08/06 10:44:47.582, NVIDIA H100 80GB HBM3, 30, 0 %, 0 %, 74157 MiB, 81559 MiB
2026/08/06 10:44:50.582, NVIDIA H100 80GB HBM3, 44, 100 %, 54 %, 74157 MiB, 81559 MiB
2026/08/06 10:44:53.582, NVIDIA H100 80GB HBM3, 44, 100 %, 53 %, 74157 MiB, 81559 MiB
2026/08/06 10:44:56.583, NVIDIA H100 80GB HBM3, 30, 0 %, 0 %, 74157 MiB, 81559 MiB
2026/08/06 10:44:59.583, NVIDIA H100 80GB HBM3, 39, 100 %, 54 %, 74157 MiB, 81559 MiB
2026/08/06 10:45:02.584, NVIDIA H100 80GB HBM3, 43, 100 %, 57 %, 74157 MiB, 81559 MiB
2026/08/06 10:45:05.584, NVIDIA H100 80GB HBM3, 33, 0 %, 0 %, 74157 MiB, 81559 MiB
2026/08/06 10:45:08.584, NVIDIA H100 80GB HBM3, 40, 100 %, 62 %, 74157 MiB, 81559 MiB
2026/08/06 10:45:11.585, NVIDIA H100 80GB HBM3, 44, 100 %, 56 %, 74157 MiB, 81559 MiB
2026/08/06 10:45:14.585, NVIDIA H100 80GB HBM3, 32, 0 %, 0 %, 74157 MiB, 81559 MiB
2026/08/06 10:45:17.586, NVIDIA H100 80GB HBM3, 35, 100 %, 64 %, 74157 MiB, 81559 MiB
2026/08/06 10:45:20.586, NVIDIA H100 80GB HBM3, 41, 100 %, 54 %, 74157 MiB, 81559 MiB
2026/08/06 10:45:23.587, NVIDIA H100 80GB HBM3, 44, 100 %, 54 %, 74157 MiB, 81559 MiB
2026/08/06 10:45:26.587, NVIDIA H100 80GB HBM3, 29, 0 %, 0 %, 74157 MiB, 81559 MiB
2026/08/06 10:45:29.587, NVIDIA H100 80GB HBM3, 44, 100 %, 54 %, 74157 MiB, 81559 MiB
2026/08/06 10:45:32.588, NVIDIA H100 80GB HBM3, 44, 100 %, 61 %, 74157 MiB, 81559 MiB
2026/08/06 10:45:35.588, NVIDIA H100 80GB HBM3, 36, 65 %, 33 %, 74157 MiB, 81559 MiB
2026/08/06 10:45:38.589, NVIDIA H100 80GB HBM3, 40, 100 %, 42 %, 74157 MiB, 81559 MiB
2026/08/06 10:45:41.589, NVIDIA H100 80GB HBM3, 42, 98 %, 67 %, 74157 MiB, 81559 MiB
2026/08/06 10:45:44.589, NVIDIA H100 80GB HBM3, 29, 0 %, 0 %, 74157 MiB, 81559 MiB
2026/08/06 10:45:47.590, NVIDIA H100 80GB HBM3, 43, 100 %, 66 %, 74157 MiB, 81559 MiB
2026/08/06 10:45:50.590, NVIDIA H100 80GB HBM3, 41, 100 %, 64 %, 74157 MiB, 81559 MiB
2026/08/06 10:45:53.591, NVIDIA H100 80GB HBM3, 41, 100 %, 62 %, 74157 MiB, 81559 MiB
2026/08/06 10:45:56.591, NVIDIA H100 80GB HBM3, 46, 100 %, 55 %, 74157 MiB, 81559 MiB
2026/08/06 10:45:59.591, NVIDIA H100 80GB HBM3, 32, 0 %, 0 %, 74157 MiB, 81559 MiB
2026/08/06 10:46:02.592, NVIDIA H100 80GB HBM3, 37, 100 %, 64 %, 74157 MiB, 81559 MiB
2026/08/06 10:46:05.592, NVIDIA H100 80GB HBM3, 34, 0 %, 0 %, 74157 MiB, 81559 MiB
2026/08/06 10:46:08.593, NVIDIA H100 80GB HBM3, 28, 0 %, 0 %, 74157 MiB, 81559 MiB
2026/08/06 10:46:11.618, NVIDIA H100 80GB HBM3, 27, 0 %, 0 %, 74157 MiB, 81559 MiB
2026/08/06 10:46:14.619, NVIDIA H100 80GB HBM3, 39, 100 %, 55 %, 74157 MiB, 81559 MiB
2026/08/06 10:46:17.619, NVIDIA H100 80GB HBM3, 36, 63 %, 29 %, 74157 MiB, 81559 MiB
2026/08/06 10:46:20.620, NVIDIA H100 80GB HBM3, 42, 100 %, 54 %, 74157 MiB, 81559 MiB
2026/08/06 10:46:23.620, NVIDIA H100 80GB HBM3, 28, 0 %, 0 %, 74157 MiB, 81559 MiB
2026/08/06 10:46:26.621, NVIDIA H100 80GB HBM3, 43, 98 %, 50 %, 74157 MiB, 81559 MiB
2026/08/06 10:46:29.621, NVIDIA H100 80GB HBM3, 37, 40 %, 20 %, 74157 MiB, 81559 MiB
2026/08/06 10:46:32.621, NVIDIA H100 80GB HBM3, 29, 0 %, 0 %, 74157 MiB, 81559 MiB
2026/08/06 10:46:35.622, NVIDIA H100 80GB HBM3, 42, 100 %, 57 %, 74157 MiB, 81559 MiB
2026/08/06 10:46:38.622, NVIDIA H100 80GB HBM3, 39, 76 %, 32 %, 74157 MiB, 81559 MiB
2026/08/06 10:46:41.623, NVIDIA H100 80GB HBM3, 29, 0 %, 0 %, 74157 MiB, 81559 MiB
2026/08/06 10:46:44.623, NVIDIA H100 80GB HBM3, 42, 46 %, 27 %, 74157 MiB, 81559 MiB
2026/08/06 10:46:47.623, NVIDIA H100 80GB HBM3, 45, 98 %, 51 %, 74157 MiB, 81559 MiB
2026/08/06 10:46:50.624, NVIDIA H100 80GB HBM3, 30, 0 %, 0 %, 74157 MiB, 81559 MiB
2026/08/06 10:46:53.624, NVIDIA H100 80GB HBM3, 43, 100 %, 59 %, 74157 MiB, 81559 MiB
2026/08/06 10:46:56.625, NVIDIA H100 80GB HBM3, 44, 100 %, 59 %, 74157 MiB, 81559 MiB
2026/08/06 10:46:59.625, NVIDIA H100 80GB HBM3, 39, 100 %, 47 %, 74157 MiB, 81559 MiB
2026/08/06 10:47:02.626, NVIDIA H100 80GB HBM3, 42, 100 %, 64 %, 74157 MiB, 81559 MiB
2026/08/06 10:47:05.626, NVIDIA H100 80GB HBM3, 43, 100 %, 61 %, 74157 MiB, 81559 MiB
2026/08/06 10:47:08.627, NVIDIA H100 80GB HBM3, 41, 100 %, 57 %, 74157 MiB, 81559 MiB
2026/08/06 10:47:11.627, NVIDIA H100 80GB HBM3, 43, 100 %, 63 %, 74157 MiB, 81559 MiB
2026/08/06 10:47:14.627, NVIDIA H100 80GB HBM3, 43, 100 %, 49 %, 74157 MiB, 81559 MiB
2026/08/06 10:47:17.628, NVIDIA H100 80GB HBM3, 41, 100 %, 59 %, 74157 MiB, 81559 MiB
2026/08/06 10:47:20.628, NVIDIA H100 80GB HBM3, 40, 100 %, 41 %, 74157 MiB, 81559 MiB
2026/08/06 10:47:23.629, NVIDIA H100 80GB HBM3, 41, 99 %, 66 %, 74157 MiB, 81559 MiB
2026/08/06 10:47:26.629, NVIDIA H100 80GB HBM3, 29, 10 %, 0 %, 74157 MiB, 81559 MiB
2026/08/06 10:47:29.629, NVIDIA H100 80GB HBM3, 32, 71 %, 52 %, 74157 MiB, 81559 MiB
2026/08/06 10:47:32.630, NVIDIA H100 80GB HBM3, 37, 46 %, 22 %, 74157 MiB, 81559 MiB
2026/08/06 10:47:35.630, NVIDIA H100 80GB HBM3, 45, 100 %, 54 %, 74157 MiB, 81559 MiB
2026/08/06 10:47:38.631, NVIDIA H100 80GB HBM3, 37, 99 %, 59 %, 74157 MiB, 81559 MiB
2026/08/06 10:47:41.631, NVIDIA H100 80GB HBM3, 38, 93 %, 62 %, 74157 MiB, 81559 MiB
2026/08/06 10:47:44.631, NVIDIA H100 80GB HBM3, 39, 76 %, 41 %, 74157 MiB, 81559 MiB
2026/08/06 10:47:47.632, NVIDIA H100 80GB HBM3, 42, 98 %, 62 %, 74157 MiB, 81559 MiB
2026/08/06 10:47:50.632, NVIDIA H100 80GB HBM3, 45, 100 %, 69 %, 74157 MiB, 81559 MiB
2026/08/06 10:47:53.633, NVIDIA H100 80GB HBM3, 36, 98 %, 65 %, 74157 MiB, 81559 MiB
2026/08/06 10:47:56.633, NVIDIA H100 80GB HBM3, 43, 98 %, 66 %, 74157 MiB, 81559 MiB
2026/08/06 10:47:59.633, NVIDIA H100 80GB HBM3, 38, 58 %, 30 %, 74157 MiB, 81559 MiB
2026/08/06 10:48:02.634, NVIDIA H100 80GB HBM3, 28, 0 %, 0 %, 74157 MiB, 81559 MiB
2026/08/06 10:48:05.634, NVIDIA H100 80GB HBM3, 42, 100 %, 63 %, 74157 MiB, 81559 MiB
2026/08/06 10:48:08.635, NVIDIA H100 80GB HBM3, 44, 98 %, 43 %, 74157 MiB, 81559 MiB
2026/08/06 10:48:11.635, NVIDIA H100 80GB HBM3, 29, 0 %, 0 %, 74157 MiB, 81559 MiB
2026/08/06 10:48:14.636, NVIDIA H100 80GB HBM3, 44, 100 %, 70 %, 74157 MiB, 81559 MiB
2026/08/06 10:48:17.636, NVIDIA H100 80GB HBM3, 38, 0 %, 0 %, 74157 MiB, 81559 MiB
2026/08/06 10:48:20.636, NVIDIA H100 80GB HBM3, 28, 0 %, 0 %, 74157 MiB, 81559 MiB
2026/08/06 10:48:23.637, NVIDIA H100 80GB HBM3, 39, 93 %, 62 %, 74157 MiB, 81559 MiB
2026/08/06 10:48:26.637, NVIDIA H100 80GB HBM3, 43, 99 %, 69 %, 74157 MiB, 81559 MiB
2026/08/06 10:48:29.638, NVIDIA H100 80GB HBM3, 29, 0 %, 0 %, 74157 MiB, 81559 MiB
2026/08/06 10:48:32.638, NVIDIA H100 80GB HBM3, 42, 100 %, 53 %, 74157 MiB, 81559 MiB
2026/08/06 10:48:35.639, NVIDIA H100 80GB HBM3, 43, 98 %, 69 %, 74157 MiB, 81559 MiB
2026/08/06 10:48:38.639, NVIDIA H100 80GB HBM3, 29, 68 %, 44 %, 74157 MiB, 81559 MiB
2026/08/06 10:48:41.639, NVIDIA H100 80GB HBM3, 41, 98 %, 52 %, 74157 MiB, 81559 MiB
2026/08/06 10:48:44.640, NVIDIA H100 80GB HBM3, 43, 100 %, 65 %, 74157 MiB, 81559 MiB
2026/08/06 10:48:47.640, NVIDIA H100 80GB HBM3, 29, 65 %, 33 %, 74157 MiB, 81559 MiB
2026/08/06 10:48:50.640, NVIDIA H100 80GB HBM3, 43, 100 %, 66 %, 74157 MiB, 81559 MiB
2026/08/06 10:48:53.641, NVIDIA H100 80GB HBM3, 29, 0 %, 0 %, 74157 MiB, 81559 MiB
2026/08/06 10:48:56.641, NVIDIA H100 80GB HBM3, 27, 0 %, 0 %, 74161 MiB, 81559 MiB
2026/08/06 10:48:59.641, NVIDIA H100 80GB HBM3, 27, 0 %, 0 %, 74161 MiB, 81559 MiB
2026/08/06 10:49:02.642, NVIDIA H100 80GB HBM3, 27, 0 %, 0 %, 74161 MiB, 81559 MiB
2026/08/06 10:49:05.642, NVIDIA H100 80GB HBM3, 27, 0 %, 0 %, 74161 MiB, 81559 MiB
2026/08/06 10:49:08.642, NVIDIA H100 80GB HBM3, 27, 0 %, 0 %, 74101 MiB, 81559 MiB
2026/08/06 10:49:11.643, NVIDIA H100 80GB HBM3, 27, 0 %, 0 %, 0 MiB, 81559 MiB
