timestamp, name, temperature.gpu, utilization.gpu [%], utilization.memory [%], memory.used [MiB], memory.total [MiB]
2026/08/05 20:43:06.545, NVIDIA H200, 20, 0 %, 0 %, 0 MiB, 143771 MiB
2026/08/05 20:43:09.549, NVIDIA H200, 20, 0 %, 0 %, 0 MiB, 143771 MiB
2026/08/05 20:43:12.549, NVIDIA H200, 20, 0 %, 0 %, 0 MiB, 143771 MiB
2026/08/05 20:43:15.550, NVIDIA H200, 20, 0 %, 0 %, 0 MiB, 143771 MiB
2026/08/05 20:43:18.550, NVIDIA H200, 20, 0 %, 0 %, 0 MiB, 143771 MiB
2026/08/05 20:43:21.551, NVIDIA H200, 20, 0 %, 0 %, 0 MiB, 143771 MiB
2026/08/05 20:43:24.552, NVIDIA H200, 20, 0 %, 0 %, 0 MiB, 143771 MiB
2026/08/05 20:43:27.552, NVIDIA H200, 20, 0 %, 0 %, 0 MiB, 143771 MiB
2026/08/05 20:43:30.553, NVIDIA H200, 20, 0 %, 0 %, 0 MiB, 143771 MiB
2026/08/05 20:43:33.554, NVIDIA H200, 20, 0 %, 0 %, 0 MiB, 143771 MiB
2026/08/05 20:43:36.554, NVIDIA H200, 20, 0 %, 0 %, 0 MiB, 143771 MiB
2026/08/05 20:43:39.555, NVIDIA H200, 20, 0 %, 0 %, 0 MiB, 143771 MiB
2026/08/05 20:43:42.555, NVIDIA H200, 20, 0 %, 0 %, 0 MiB, 143771 MiB
2026/08/05 20:43:45.556, NVIDIA H200, 20, 0 %, 0 %, 0 MiB, 143771 MiB
2026/08/05 20:43:48.557, NVIDIA H200, 20, 0 %, 0 %, 0 MiB, 143771 MiB
2026/08/05 20:43:51.558, NVIDIA H200, 20, 0 %, 0 %, 0 MiB, 143771 MiB
2026/08/05 20:43:54.558, NVIDIA H200, 20, 0 %, 0 %, 0 MiB, 143771 MiB
2026/08/05 20:43:57.559, NVIDIA H200, 20, 0 %, 0 %, 0 MiB, 143771 MiB
2026/08/05 20:44:00.560, NVIDIA H200, 20, 0 %, 0 %, 0 MiB, 143771 MiB
2026/08/05 20:44:03.561, NVIDIA H200, 20, 0 %, 0 %, 0 MiB, 143771 MiB
2026/08/05 20:44:06.561, NVIDIA H200, 20, 0 %, 0 %, 0 MiB, 143771 MiB
2026/08/05 20:44:09.562, NVIDIA H200, 20, 0 %, 0 %, 0 MiB, 143771 MiB
2026/08/05 20:44:12.563, NVIDIA H200, 20, 0 %, 0 %, 0 MiB, 143771 MiB
2026/08/05 20:44:15.563, NVIDIA H200, 20, 0 %, 0 %, 0 MiB, 143771 MiB
2026/08/05 20:44:18.564, NVIDIA H200, 20, 0 %, 0 %, 0 MiB, 143771 MiB
2026/08/05 20:44:21.564, NVIDIA H200, 20, 0 %, 0 %, 0 MiB, 143771 MiB
2026/08/05 20:44:24.565, NVIDIA H200, 20, 0 %, 0 %, 0 MiB, 143771 MiB
2026/08/05 20:44:27.565, NVIDIA H200, 20, 0 %, 0 %, 0 MiB, 143771 MiB
2026/08/05 20:44:30.568, NVIDIA H200, 20, 0 %, 0 %, 0 MiB, 143771 MiB
2026/08/05 20:44:33.568, NVIDIA H200, 20, 0 %, 0 %, 0 MiB, 143771 MiB
2026/08/05 20:44:36.569, NVIDIA H200, 20, 0 %, 0 %, 0 MiB, 143771 MiB
2026/08/05 20:44:39.570, NVIDIA H200, 20, 0 %, 0 %, 0 MiB, 143771 MiB
2026/08/05 20:44:42.570, NVIDIA H200, 20, 0 %, 0 %, 0 MiB, 143771 MiB
2026/08/05 20:44:45.570, NVIDIA H200, 20, 0 %, 0 %, 0 MiB, 143771 MiB
2026/08/05 20:44:48.573, NVIDIA H200, 20, 0 %, 0 %, 0 MiB, 143771 MiB
2026/08/05 20:44:51.573, NVIDIA H200, 20, 0 %, 0 %, 0 MiB, 143771 MiB
2026/08/05 20:44:54.574, NVIDIA H200, 20, 0 %, 0 %, 0 MiB, 143771 MiB
2026/08/05 20:44:57.575, NVIDIA H200, 20, 0 %, 0 %, 0 MiB, 143771 MiB
2026/08/05 20:45:00.577, NVIDIA H200, 20, 0 %, 0 %, 0 MiB, 143771 MiB
2026/08/05 20:45:03.577, NVIDIA H200, 20, 0 %, 0 %, 0 MiB, 143771 MiB
2026/08/05 20:45:06.578, NVIDIA H200, 20, 0 %, 0 %, 0 MiB, 143771 MiB
2026/08/05 20:45:09.579, NVIDIA H200, 20, 0 %, 0 %, 0 MiB, 143771 MiB
2026/08/05 20:45:12.579, NVIDIA H200, 20, 0 %, 0 %, 0 MiB, 143771 MiB
2026/08/05 20:45:15.580, NVIDIA H200, 20, 0 %, 0 %, 0 MiB, 143771 MiB
2026/08/05 20:45:18.580, NVIDIA H200, 20, 0 %, 0 %, 0 MiB, 143771 MiB
2026/08/05 20:45:21.581, NVIDIA H200, 20, 0 %, 0 %, 0 MiB, 143771 MiB
2026/08/05 20:45:24.582, NVIDIA H200, 22, 0 %, 0 %, 529 MiB, 143771 MiB
2026/08/05 20:45:27.582, NVIDIA H200, 22, 0 %, 0 %, 529 MiB, 143771 MiB
2026/08/05 20:45:30.583, NVIDIA H200, 22, 0 %, 0 %, 529 MiB, 143771 MiB
2026/08/05 20:45:33.583, NVIDIA H200, 22, 0 %, 0 %, 529 MiB, 143771 MiB
2026/08/05 20:45:36.584, NVIDIA H200, 22, 0 %, 0 %, 529 MiB, 143771 MiB
2026/08/05 20:45:39.585, NVIDIA H200, 22, 0 %, 0 %, 529 MiB, 143771 MiB
2026/08/05 20:45:42.585, NVIDIA H200, 22, 0 %, 0 %, 529 MiB, 143771 MiB
2026/08/05 20:45:45.586, NVIDIA H200, 22, 0 %, 0 %, 529 MiB, 143771 MiB
2026/08/05 20:45:48.587, NVIDIA H200, 22, 0 %, 0 %, 529 MiB, 143771 MiB
2026/08/05 20:45:51.587, NVIDIA H200, 22, 0 %, 0 %, 529 MiB, 143771 MiB
2026/08/05 20:45:54.588, NVIDIA H200, 22, 0 %, 0 %, 529 MiB, 143771 MiB
2026/08/05 20:45:57.588, NVIDIA H200, 22, 0 %, 0 %, 529 MiB, 143771 MiB
2026/08/05 20:46:00.589, NVIDIA H200, 22, 0 %, 0 %, 529 MiB, 143771 MiB
2026/08/05 20:46:03.592, NVIDIA H200, 22, 0 %, 0 %, 529 MiB, 143771 MiB
2026/08/05 20:46:06.593, NVIDIA H200, 22, 0 %, 0 %, 529 MiB, 143771 MiB
2026/08/05 20:46:09.594, NVIDIA H200, 22, 0 %, 0 %, 529 MiB, 143771 MiB
2026/08/05 20:46:12.594, NVIDIA H200, 22, 0 %, 0 %, 529 MiB, 143771 MiB
2026/08/05 20:46:15.595, NVIDIA H200, 22, 0 %, 0 %, 529 MiB, 143771 MiB
2026/08/05 20:46:18.595, NVIDIA H200, 22, 0 %, 0 %, 529 MiB, 143771 MiB
2026/08/05 20:46:21.596, NVIDIA H200, 22, 0 %, 0 %, 529 MiB, 143771 MiB
2026/08/05 20:46:24.596, NVIDIA H200, 22, 0 %, 0 %, 529 MiB, 143771 MiB
2026/08/05 20:46:27.597, NVIDIA H200, 22, 0 %, 0 %, 529 MiB, 143771 MiB
2026/08/05 20:46:30.597, NVIDIA H200, 22, 0 %, 0 %, 529 MiB, 143771 MiB
2026/08/05 20:46:33.598, NVIDIA H200, 22, 0 %, 0 %, 529 MiB, 143771 MiB
2026/08/05 20:46:36.598, NVIDIA H200, 22, 0 %, 0 %, 529 MiB, 143771 MiB
2026/08/05 20:46:39.599, NVIDIA H200, 22, 0 %, 0 %, 529 MiB, 143771 MiB
2026/08/05 20:46:42.599, NVIDIA H200, 22, 0 %, 0 %, 529 MiB, 143771 MiB
2026/08/05 20:46:45.600, NVIDIA H200, 22, 0 %, 0 %, 529 MiB, 143771 MiB
2026/08/05 20:46:48.600, NVIDIA H200, 22, 0 %, 0 %, 529 MiB, 143771 MiB
2026/08/05 20:46:51.601, NVIDIA H200, 22, 0 %, 0 %, 529 MiB, 143771 MiB
2026/08/05 20:46:54.602, NVIDIA H200, 22, 0 %, 0 %, 529 MiB, 143771 MiB
2026/08/05 20:46:57.602, NVIDIA H200, 22, 0 %, 0 %, 529 MiB, 143771 MiB
2026/08/05 20:47:00.603, NVIDIA H200, 22, 0 %, 0 %, 529 MiB, 143771 MiB
2026/08/05 20:47:03.603, NVIDIA H200, 22, 0 %, 0 %, 529 MiB, 143771 MiB
2026/08/05 20:47:06.604, NVIDIA H200, 22, 0 %, 0 %, 529 MiB, 143771 MiB
2026/08/05 20:47:09.604, NVIDIA H200, 22, 0 %, 0 %, 529 MiB, 143771 MiB
2026/08/05 20:47:12.605, NVIDIA H200, 22, 0 %, 0 %, 529 MiB, 143771 MiB
2026/08/05 20:47:15.605, NVIDIA H200, 22, 0 %, 0 %, 529 MiB, 143771 MiB
2026/08/05 20:47:18.606, NVIDIA H200, 22, 0 %, 0 %, 529 MiB, 143771 MiB
2026/08/05 20:47:21.607, NVIDIA H200, 22, 0 %, 0 %, 529 MiB, 143771 MiB
2026/08/05 20:47:24.607, NVIDIA H200, 22, 0 %, 0 %, 529 MiB, 143771 MiB
2026/08/05 20:47:27.608, NVIDIA H200, 22, 0 %, 0 %, 529 MiB, 143771 MiB
2026/08/05 20:47:30.609, NVIDIA H200, 22, 0 %, 0 %, 529 MiB, 143771 MiB
2026/08/05 20:47:33.609, NVIDIA H200, 22, 0 %, 0 %, 529 MiB, 143771 MiB
2026/08/05 20:47:36.610, NVIDIA H200, 22, 0 %, 0 %, 603 MiB, 143771 MiB
2026/08/05 20:47:39.610, NVIDIA H200, 23, 0 %, 0 %, 783 MiB, 143771 MiB
2026/08/05 20:47:42.611, NVIDIA H200, 22, 0 %, 0 %, 783 MiB, 143771 MiB
2026/08/05 20:47:45.611, NVIDIA H200, 22, 0 %, 0 %, 783 MiB, 143771 MiB
2026/08/05 20:47:48.612, NVIDIA H200, 22, 0 %, 0 %, 783 MiB, 143771 MiB
2026/08/05 20:47:51.612, NVIDIA H200, 22, 0 %, 0 %, 783 MiB, 143771 MiB
2026/08/05 20:47:54.613, NVIDIA H200, 22, 0 %, 0 %, 783 MiB, 143771 MiB
2026/08/05 20:47:57.613, NVIDIA H200, 22, 0 %, 0 %, 789 MiB, 143771 MiB
2026/08/05 20:48:00.614, NVIDIA H200, 22, 0 %, 0 %, 795 MiB, 143771 MiB
2026/08/05 20:48:03.615, NVIDIA H200, 29, 100 %, 15 %, 13149 MiB, 143771 MiB
2026/08/05 20:48:06.615, NVIDIA H200, 32, 53 %, 14 %, 23361 MiB, 143771 MiB
2026/08/05 20:48:09.615, NVIDIA H200, 31, 0 %, 0 %, 42021 MiB, 143771 MiB
2026/08/05 20:48:12.618, NVIDIA H200, 31, 53 %, 23 %, 58831 MiB, 143771 MiB
2026/08/05 20:48:15.619, NVIDIA H200, 23, 0 %, 0 %, 54637 MiB, 143771 MiB
2026/08/05 20:48:18.620, NVIDIA H200, 28, 3 %, 0 %, 59387 MiB, 143771 MiB
2026/08/05 20:48:21.620, NVIDIA H200, 32, 0 %, 0 %, 63069 MiB, 143771 MiB
2026/08/05 20:48:24.621, NVIDIA H200, 33, 100 %, 4 %, 63075 MiB, 143771 MiB
2026/08/05 20:48:27.621, NVIDIA H200, 26, 0 %, 0 %, 69391 MiB, 143771 MiB
2026/08/05 20:48:30.622, NVIDIA H200, 27, 0 %, 0 %, 65203 MiB, 143771 MiB
2026/08/05 20:48:33.623, NVIDIA H200, 27, 100 %, 1 %, 65205 MiB, 143771 MiB
2026/08/05 20:48:36.623, NVIDIA H200, 39, 100 %, 19 %, 47347 MiB, 143771 MiB
2026/08/05 20:48:39.626, NVIDIA H200, 35, 100 %, 4 %, 32893 MiB, 143771 MiB
2026/08/05 20:48:42.629, NVIDIA H200, 37, 100 %, 18 %, 22957 MiB, 143771 MiB
2026/08/05 20:48:45.630, NVIDIA H200, 34, 100 %, 2 %, 31363 MiB, 143771 MiB
2026/08/05 20:48:48.630, NVIDIA H200, 39, 99 %, 48 %, 74619 MiB, 143771 MiB
2026/08/05 20:48:51.631, NVIDIA H200, 47, 100 %, 54 %, 74619 MiB, 143771 MiB
2026/08/05 20:48:54.632, NVIDIA H200, 45, 100 %, 45 %, 74619 MiB, 143771 MiB
2026/08/05 20:48:57.632, NVIDIA H200, 48, 100 %, 46 %, 74619 MiB, 143771 MiB
2026/08/05 20:49:00.632, NVIDIA H200, 46, 97 %, 50 %, 74619 MiB, 143771 MiB
2026/08/05 20:49:03.633, NVIDIA H200, 43, 86 %, 28 %, 74619 MiB, 143771 MiB
2026/08/05 20:49:06.634, NVIDIA H200, 44, 98 %, 50 %, 74619 MiB, 143771 MiB
2026/08/05 20:49:09.634, NVIDIA H200, 45, 100 %, 30 %, 74619 MiB, 143771 MiB
2026/08/05 20:49:12.636, NVIDIA H200, 28, 0 %, 0 %, 74619 MiB, 143771 MiB
2026/08/05 20:49:15.637, NVIDIA H200, 24, 0 %, 0 %, 74619 MiB, 143771 MiB
2026/08/05 20:49:18.637, NVIDIA H200, 27, 4 %, 0 %, 6679 MiB, 143771 MiB
2026/08/05 20:49:21.638, NVIDIA H200, 28, 89 %, 9 %, 9027 MiB, 143771 MiB
2026/08/05 20:49:24.638, NVIDIA H200, 30, 31 %, 3 %, 7945 MiB, 143771 MiB
2026/08/05 20:49:27.639, NVIDIA H200, 24, 0 %, 0 %, 7949 MiB, 143771 MiB
2026/08/05 20:49:30.639, NVIDIA H200, 24, 0 %, 0 %, 27905 MiB, 143771 MiB
2026/08/05 20:49:33.640, NVIDIA H200, 39, 23 %, 7 %, 6679 MiB, 143771 MiB
2026/08/05 20:49:36.640, NVIDIA H200, 25, 0 %, 0 %, 10101 MiB, 143771 MiB
2026/08/05 20:49:39.641, NVIDIA H200, 24, 0 %, 0 %, 10101 MiB, 143771 MiB
2026/08/05 20:49:42.641, NVIDIA H200, 23, 0 %, 0 %, 10101 MiB, 143771 MiB
2026/08/05 20:49:45.642, NVIDIA H200, 23, 0 %, 0 %, 10101 MiB, 143771 MiB
2026/08/05 20:49:48.642, NVIDIA H200, 23, 0 %, 0 %, 10101 MiB, 143771 MiB
2026/08/05 20:49:51.643, NVIDIA H200, 33, 99 %, 38 %, 74099 MiB, 143771 MiB
2026/08/05 20:49:54.643, NVIDIA H200, 45, 100 %, 44 %, 74099 MiB, 143771 MiB
2026/08/05 20:49:57.644, NVIDIA H200, 47, 100 %, 39 %, 74099 MiB, 143771 MiB
2026/08/05 20:50:00.644, NVIDIA H200, 26, 0 %, 0 %, 74099 MiB, 143771 MiB
2026/08/05 20:50:03.644, NVIDIA H200, 24, 0 %, 0 %, 74099 MiB, 143771 MiB
2026/08/05 20:50:06.645, NVIDIA H200, 44, 99 %, 51 %, 74099 MiB, 143771 MiB
2026/08/05 20:50:09.645, NVIDIA H200, 47, 100 %, 45 %, 74099 MiB, 143771 MiB
2026/08/05 20:50:12.646, NVIDIA H200, 27, 0 %, 0 %, 74099 MiB, 143771 MiB
2026/08/05 20:50:15.647, NVIDIA H200, 24, 0 %, 0 %, 74099 MiB, 143771 MiB
2026/08/05 20:50:18.647, NVIDIA H200, 41, 100 %, 47 %, 74099 MiB, 143771 MiB
2026/08/05 20:50:21.648, NVIDIA H200, 47, 100 %, 40 %, 74099 MiB, 143771 MiB
2026/08/05 20:50:24.649, NVIDIA H200, 31, 0 %, 0 %, 74099 MiB, 143771 MiB
2026/08/05 20:50:27.649, NVIDIA H200, 38, 100 %, 44 %, 74099 MiB, 143771 MiB
2026/08/05 20:50:30.650, NVIDIA H200, 25, 0 %, 0 %, 74099 MiB, 143771 MiB
2026/08/05 20:50:33.650, NVIDIA H200, 25, 0 %, 0 %, 74099 MiB, 143771 MiB
2026/08/05 20:50:36.651, NVIDIA H200, 25, 0 %, 0 %, 74099 MiB, 143771 MiB
2026/08/05 20:50:39.651, NVIDIA H200, 24, 0 %, 0 %, 74099 MiB, 143771 MiB
2026/08/05 20:50:42.652, NVIDIA H200, 24, 0 %, 0 %, 74099 MiB, 143771 MiB
2026/08/05 20:50:45.652, NVIDIA H200, 23, 0 %, 0 %, 74099 MiB, 143771 MiB
2026/08/05 20:50:48.653, NVIDIA H200, 23, 0 %, 0 %, 74099 MiB, 143771 MiB
2026/08/05 20:50:51.653, NVIDIA H200, 37, 100 %, 45 %, 74099 MiB, 143771 MiB
2026/08/05 20:50:54.653, NVIDIA H200, 46, 98 %, 47 %, 74099 MiB, 143771 MiB
2026/08/05 20:50:57.654, NVIDIA H200, 46, 100 %, 51 %, 74099 MiB, 143771 MiB
2026/08/05 20:51:00.654, NVIDIA H200, 26, 0 %, 0 %, 74099 MiB, 143771 MiB
2026/08/05 20:51:03.655, NVIDIA H200, 26, 0 %, 0 %, 74099 MiB, 143771 MiB
2026/08/05 20:51:06.655, NVIDIA H200, 43, 100 %, 50 %, 74099 MiB, 143771 MiB
2026/08/05 20:51:09.655, NVIDIA H200, 48, 98 %, 30 %, 74099 MiB, 143771 MiB
2026/08/05 20:51:12.656, NVIDIA H200, 30, 0 %, 0 %, 74099 MiB, 143771 MiB
2026/08/05 20:51:15.657, NVIDIA H200, 25, 0 %, 0 %, 74099 MiB, 143771 MiB
2026/08/05 20:51:18.657, NVIDIA H200, 46, 98 %, 60 %, 74099 MiB, 143771 MiB
2026/08/05 20:51:21.658, NVIDIA H200, 48, 97 %, 35 %, 74099 MiB, 143771 MiB
2026/08/05 20:51:24.658, NVIDIA H200, 29, 0 %, 0 %, 74099 MiB, 143771 MiB
2026/08/05 20:51:27.659, NVIDIA H200, 25, 0 %, 0 %, 74099 MiB, 143771 MiB
2026/08/05 20:51:30.660, NVIDIA H200, 25, 0 %, 0 %, 74099 MiB, 143771 MiB
2026/08/05 20:51:33.660, NVIDIA H200, 28, 72 %, 38 %, 74099 MiB, 143771 MiB
2026/08/05 20:51:36.661, NVIDIA H200, 40, 99 %, 42 %, 74099 MiB, 143771 MiB
2026/08/05 20:51:39.661, NVIDIA H200, 25, 0 %, 0 %, 74099 MiB, 143771 MiB
2026/08/05 20:51:42.662, NVIDIA H200, 24, 0 %, 0 %, 74099 MiB, 143771 MiB
2026/08/05 20:51:45.662, NVIDIA H200, 24, 0 %, 0 %, 74099 MiB, 143771 MiB
2026/08/05 20:51:48.663, NVIDIA H200, 24, 0 %, 0 %, 74099 MiB, 143771 MiB
2026/08/05 20:51:51.663, NVIDIA H200, 24, 0 %, 0 %, 74099 MiB, 143771 MiB
2026/08/05 20:51:54.663, NVIDIA H200, 44, 100 %, 39 %, 74099 MiB, 143771 MiB
2026/08/05 20:51:57.664, NVIDIA H200, 44, 100 %, 55 %, 74099 MiB, 143771 MiB
2026/08/05 20:52:00.664, NVIDIA H200, 48, 100 %, 44 %, 74099 MiB, 143771 MiB
2026/08/05 20:52:03.665, NVIDIA H200, 36, 13 %, 0 %, 74099 MiB, 143771 MiB
2026/08/05 20:52:06.665, NVIDIA H200, 25, 0 %, 0 %, 74099 MiB, 143771 MiB
2026/08/05 20:52:09.665, NVIDIA H200, 30, 0 %, 0 %, 74099 MiB, 143771 MiB
2026/08/05 20:52:12.666, NVIDIA H200, 44, 100 %, 47 %, 74099 MiB, 143771 MiB
2026/08/05 20:52:15.666, NVIDIA H200, 46, 94 %, 50 %, 74099 MiB, 143771 MiB
2026/08/05 20:52:18.667, NVIDIA H200, 38, 0 %, 0 %, 74099 MiB, 143771 MiB
2026/08/05 20:52:21.667, NVIDIA H200, 26, 0 %, 0 %, 74099 MiB, 143771 MiB
2026/08/05 20:52:24.668, NVIDIA H200, 41, 100 %, 38 %, 74099 MiB, 143771 MiB
2026/08/05 20:52:27.669, NVIDIA H200, 46, 100 %, 52 %, 74099 MiB, 143771 MiB
2026/08/05 20:52:30.669, NVIDIA H200, 46, 100 %, 40 %, 74099 MiB, 143771 MiB
2026/08/05 20:52:33.670, NVIDIA H200, 32, 36 %, 15 %, 74099 MiB, 143771 MiB
2026/08/05 20:52:36.671, NVIDIA H200, 25, 0 %, 0 %, 74099 MiB, 143771 MiB
2026/08/05 20:52:39.672, NVIDIA H200, 36, 0 %, 0 %, 74099 MiB, 143771 MiB
2026/08/05 20:52:42.672, NVIDIA H200, 25, 0 %, 0 %, 74099 MiB, 143771 MiB
2026/08/05 20:52:45.673, NVIDIA H200, 24, 0 %, 0 %, 74099 MiB, 143771 MiB
2026/08/05 20:52:48.674, NVIDIA H200, 24, 0 %, 0 %, 74099 MiB, 143771 MiB
2026/08/05 20:52:51.674, NVIDIA H200, 24, 0 %, 0 %, 74099 MiB, 143771 MiB
2026/08/05 20:52:54.675, NVIDIA H200, 24, 0 %, 0 %, 74099 MiB, 143771 MiB
2026/08/05 20:52:57.675, NVIDIA H200, 27, 0 %, 0 %, 74099 MiB, 143771 MiB
2026/08/05 20:53:00.675, NVIDIA H200, 47, 100 %, 38 %, 74099 MiB, 143771 MiB
2026/08/05 20:53:03.676, NVIDIA H200, 46, 100 %, 52 %, 74099 MiB, 143771 MiB
2026/08/05 20:53:06.676, NVIDIA H200, 25, 0 %, 0 %, 74099 MiB, 143771 MiB
2026/08/05 20:53:09.677, NVIDIA H200, 27, 0 %, 0 %, 74099 MiB, 143771 MiB
2026/08/05 20:53:12.677, NVIDIA H200, 43, 100 %, 42 %, 74099 MiB, 143771 MiB
2026/08/05 20:53:15.677, NVIDIA H200, 49, 100 %, 39 %, 74099 MiB, 143771 MiB
2026/08/05 20:53:18.678, NVIDIA H200, 27, 0 %, 0 %, 74099 MiB, 143771 MiB
2026/08/05 20:53:21.678, NVIDIA H200, 25, 0 %, 0 %, 74099 MiB, 143771 MiB
2026/08/05 20:53:24.679, NVIDIA H200, 39, 100 %, 49 %, 74099 MiB, 143771 MiB
2026/08/05 20:53:27.680, NVIDIA H200, 49, 100 %, 34 %, 74099 MiB, 143771 MiB
2026/08/05 20:53:30.681, NVIDIA H200, 46, 100 %, 50 %, 74099 MiB, 143771 MiB
2026/08/05 20:53:33.681, NVIDIA H200, 28, 0 %, 0 %, 74099 MiB, 143771 MiB
2026/08/05 20:53:36.682, NVIDIA H200, 30, 0 %, 0 %, 74099 MiB, 143771 MiB
2026/08/05 20:53:39.682, NVIDIA H200, 30, 0 %, 0 %, 74099 MiB, 143771 MiB
2026/08/05 20:53:42.683, NVIDIA H200, 39, 29 %, 9 %, 74099 MiB, 143771 MiB
2026/08/05 20:53:45.683, NVIDIA H200, 25, 0 %, 0 %, 74099 MiB, 143771 MiB
2026/08/05 20:53:48.684, NVIDIA H200, 24, 0 %, 0 %, 74099 MiB, 143771 MiB
2026/08/05 20:53:51.685, NVIDIA H200, 24, 0 %, 0 %, 74099 MiB, 143771 MiB
2026/08/05 20:53:54.685, NVIDIA H200, 24, 0 %, 0 %, 74099 MiB, 143771 MiB
2026/08/05 20:53:57.686, NVIDIA H200, 24, 0 %, 0 %, 74099 MiB, 143771 MiB
2026/08/05 20:54:00.686, NVIDIA H200, 24, 0 %, 0 %, 74099 MiB, 143771 MiB
2026/08/05 20:54:03.687, NVIDIA H200, 24, 0 %, 0 %, 74099 MiB, 143771 MiB
2026/08/05 20:54:06.688, NVIDIA H200, 24, 0 %, 0 %, 74099 MiB, 143771 MiB
2026/08/05 20:54:09.688, NVIDIA H200, 24, 0 %, 0 %, 74099 MiB, 143771 MiB
2026/08/05 20:54:12.689, NVIDIA H200, 25, 0 %, 0 %, 74099 MiB, 143771 MiB
2026/08/05 20:54:15.689, NVIDIA H200, 44, 100 %, 49 %, 74099 MiB, 143771 MiB
2026/08/05 20:54:18.689, NVIDIA H200, 47, 98 %, 50 %, 74099 MiB, 143771 MiB
2026/08/05 20:54:21.690, NVIDIA H200, 29, 0 %, 0 %, 74099 MiB, 143771 MiB
2026/08/05 20:54:24.690, NVIDIA H200, 25, 0 %, 0 %, 74099 MiB, 143771 MiB
2026/08/05 20:54:27.691, NVIDIA H200, 45, 98 %, 51 %, 74099 MiB, 143771 MiB
2026/08/05 20:54:30.691, NVIDIA H200, 45, 99 %, 54 %, 74099 MiB, 143771 MiB
2026/08/05 20:54:33.692, NVIDIA H200, 40, 88 %, 39 %, 74099 MiB, 143771 MiB
2026/08/05 20:54:36.692, NVIDIA H200, 42, 100 %, 45 %, 74099 MiB, 143771 MiB
2026/08/05 20:54:39.693, NVIDIA H200, 28, 0 %, 0 %, 74099 MiB, 143771 MiB
2026/08/05 20:54:42.694, NVIDIA H200, 47, 100 %, 40 %, 74099 MiB, 143771 MiB
2026/08/05 20:54:45.694, NVIDIA H200, 32, 0 %, 0 %, 74099 MiB, 143771 MiB
2026/08/05 20:54:48.695, NVIDIA H200, 44, 99 %, 47 %, 74099 MiB, 143771 MiB
2026/08/05 20:54:51.695, NVIDIA H200, 25, 0 %, 0 %, 74099 MiB, 143771 MiB
2026/08/05 20:54:54.696, NVIDIA H200, 26, 0 %, 0 %, 74099 MiB, 143771 MiB
2026/08/05 20:54:57.697, NVIDIA H200, 27, 0 %, 0 %, 74099 MiB, 143771 MiB
2026/08/05 20:55:00.697, NVIDIA H200, 24, 0 %, 0 %, 74099 MiB, 143771 MiB
2026/08/05 20:55:03.697, NVIDIA H200, 24, 0 %, 0 %, 74099 MiB, 143771 MiB
2026/08/05 20:55:06.698, NVIDIA H200, 24, 0 %, 0 %, 74099 MiB, 143771 MiB
2026/08/05 20:55:09.698, NVIDIA H200, 24, 0 %, 0 %, 74099 MiB, 143771 MiB
2026/08/05 20:55:12.699, NVIDIA H200, 24, 0 %, 0 %, 74099 MiB, 143771 MiB
2026/08/05 20:55:15.699, NVIDIA H200, 44, 100 %, 41 %, 74099 MiB, 143771 MiB
2026/08/05 20:55:18.699, NVIDIA H200, 45, 99 %, 53 %, 74099 MiB, 143771 MiB
2026/08/05 20:55:21.700, NVIDIA H200, 46, 100 %, 49 %, 74099 MiB, 143771 MiB
2026/08/05 20:55:24.700, NVIDIA H200, 26, 0 %, 0 %, 74099 MiB, 143771 MiB
2026/08/05 20:55:27.701, NVIDIA H200, 45, 100 %, 40 %, 74099 MiB, 143771 MiB
2026/08/05 20:55:30.701, NVIDIA H200, 47, 96 %, 33 %, 74099 MiB, 143771 MiB
2026/08/05 20:55:33.701, NVIDIA H200, 46, 100 %, 41 %, 74099 MiB, 143771 MiB
2026/08/05 20:55:36.702, NVIDIA H200, 28, 0 %, 0 %, 74099 MiB, 143771 MiB
2026/08/05 20:55:39.702, NVIDIA H200, 25, 0 %, 0 %, 74099 MiB, 143771 MiB
2026/08/05 20:55:42.703, NVIDIA H200, 46, 100 %, 39 %, 74099 MiB, 143771 MiB
2026/08/05 20:55:45.704, NVIDIA H200, 46, 98 %, 57 %, 74099 MiB, 143771 MiB
2026/08/05 20:55:48.704, NVIDIA H200, 28, 0 %, 0 %, 74099 MiB, 143771 MiB
2026/08/05 20:55:51.705, NVIDIA H200, 28, 0 %, 0 %, 74099 MiB, 143771 MiB
2026/08/05 20:55:54.706, NVIDIA H200, 36, 100 %, 51 %, 74099 MiB, 143771 MiB
2026/08/05 20:55:57.706, NVIDIA H200, 38, 98 %, 36 %, 74099 MiB, 143771 MiB
2026/08/05 20:56:00.707, NVIDIA H200, 25, 0 %, 0 %, 74099 MiB, 143771 MiB
2026/08/05 20:56:03.707, NVIDIA H200, 24, 0 %, 0 %, 74099 MiB, 143771 MiB
2026/08/05 20:56:06.708, NVIDIA H200, 24, 0 %, 0 %, 74099 MiB, 143771 MiB
2026/08/05 20:56:09.708, NVIDIA H200, 24, 0 %, 0 %, 74099 MiB, 143771 MiB
2026/08/05 20:56:12.709, NVIDIA H200, 24, 0 %, 0 %, 74099 MiB, 143771 MiB
2026/08/05 20:56:15.709, NVIDIA H200, 38, 99 %, 47 %, 74099 MiB, 143771 MiB
2026/08/05 20:56:18.709, NVIDIA H200, 46, 100 %, 38 %, 74099 MiB, 143771 MiB
2026/08/05 20:56:21.710, NVIDIA H200, 46, 100 %, 43 %, 74099 MiB, 143771 MiB
2026/08/05 20:56:24.710, NVIDIA H200, 27, 0 %, 0 %, 74099 MiB, 143771 MiB
2026/08/05 20:56:27.711, NVIDIA H200, 25, 0 %, 0 %, 74099 MiB, 143771 MiB
2026/08/05 20:56:30.711, NVIDIA H200, 24, 0 %, 0 %, 74099 MiB, 143771 MiB
2026/08/05 20:56:33.711, NVIDIA H200, 41, 100 %, 43 %, 74099 MiB, 143771 MiB
2026/08/05 20:56:36.712, NVIDIA H200, 49, 100 %, 43 %, 74099 MiB, 143771 MiB
2026/08/05 20:56:39.713, NVIDIA H200, 29, 0 %, 0 %, 74099 MiB, 143771 MiB
2026/08/05 20:56:42.713, NVIDIA H200, 42, 100 %, 40 %, 74099 MiB, 143771 MiB
2026/08/05 20:56:45.714, NVIDIA H200, 46, 98 %, 44 %, 74099 MiB, 143771 MiB
2026/08/05 20:56:48.715, NVIDIA H200, 47, 100 %, 45 %, 74099 MiB, 143771 MiB
2026/08/05 20:56:51.715, NVIDIA H200, 28, 0 %, 0 %, 74099 MiB, 143771 MiB
2026/08/05 20:56:54.716, NVIDIA H200, 43, 98 %, 47 %, 74099 MiB, 143771 MiB
2026/08/05 20:56:57.717, NVIDIA H200, 25, 0 %, 0 %, 74099 MiB, 143771 MiB
2026/08/05 20:57:00.717, NVIDIA H200, 24, 0 %, 0 %, 74099 MiB, 143771 MiB
2026/08/05 20:57:03.718, NVIDIA H200, 26, 0 %, 0 %, 74099 MiB, 143771 MiB
2026/08/05 20:57:06.718, NVIDIA H200, 24, 0 %, 0 %, 74099 MiB, 143771 MiB
2026/08/05 20:57:09.719, NVIDIA H200, 24, 0 %, 0 %, 74099 MiB, 143771 MiB
2026/08/05 20:57:12.719, NVIDIA H200, 24, 0 %, 0 %, 74099 MiB, 143771 MiB
2026/08/05 20:57:15.720, NVIDIA H200, 24, 0 %, 0 %, 74099 MiB, 143771 MiB
2026/08/05 20:57:18.720, NVIDIA H200, 28, 0 %, 0 %, 74099 MiB, 143771 MiB
2026/08/05 20:57:21.721, NVIDIA H200, 44, 100 %, 45 %, 74099 MiB, 143771 MiB
2026/08/05 20:57:24.721, NVIDIA H200, 46, 100 %, 49 %, 74099 MiB, 143771 MiB
2026/08/05 20:57:27.721, NVIDIA H200, 31, 0 %, 0 %, 74099 MiB, 143771 MiB
2026/08/05 20:57:30.722, NVIDIA H200, 25, 0 %, 0 %, 74099 MiB, 143771 MiB
2026/08/05 20:57:33.722, NVIDIA H200, 26, 0 %, 0 %, 74099 MiB, 143771 MiB
2026/08/05 20:57:36.723, NVIDIA H200, 49, 100 %, 43 %, 74099 MiB, 143771 MiB
2026/08/05 20:57:39.723, NVIDIA H200, 47, 98 %, 52 %, 74099 MiB, 143771 MiB
2026/08/05 20:57:42.724, NVIDIA H200, 26, 0 %, 0 %, 74099 MiB, 143771 MiB
2026/08/05 20:57:45.724, NVIDIA H200, 24, 0 %, 0 %, 74099 MiB, 143771 MiB
2026/08/05 20:57:48.725, NVIDIA H200, 43, 100 %, 43 %, 74099 MiB, 143771 MiB
2026/08/05 20:57:51.725, NVIDIA H200, 46, 100 %, 40 %, 74099 MiB, 143771 MiB
2026/08/05 20:57:54.726, NVIDIA H200, 45, 98 %, 51 %, 74099 MiB, 143771 MiB
2026/08/05 20:57:57.727, NVIDIA H200, 25, 0 %, 0 %, 74099 MiB, 143771 MiB
2026/08/05 20:58:00.728, NVIDIA H200, 26, 0 %, 0 %, 74099 MiB, 143771 MiB
2026/08/05 20:58:03.728, NVIDIA H200, 27, 0 %, 0 %, 74099 MiB, 143771 MiB
2026/08/05 20:58:06.729, NVIDIA H200, 40, 99 %, 31 %, 74099 MiB, 143771 MiB
2026/08/05 20:58:09.729, NVIDIA H200, 24, 0 %, 0 %, 74099 MiB, 143771 MiB
2026/08/05 20:58:12.730, NVIDIA H200, 24, 0 %, 0 %, 74099 MiB, 143771 MiB
2026/08/05 20:58:15.730, NVIDIA H200, 24, 0 %, 0 %, 74099 MiB, 143771 MiB
2026/08/05 20:58:18.731, NVIDIA H200, 24, 0 %, 0 %, 74099 MiB, 143771 MiB
2026/08/05 20:58:21.732, NVIDIA H200, 25, 0 %, 0 %, 74099 MiB, 143771 MiB
2026/08/05 20:58:24.732, NVIDIA H200, 24, 0 %, 0 %, 74099 MiB, 143771 MiB
2026/08/05 20:58:27.732, NVIDIA H200, 46, 100 %, 41 %, 74099 MiB, 143771 MiB
2026/08/05 20:58:30.733, NVIDIA H200, 46, 98 %, 59 %, 74099 MiB, 143771 MiB
2026/08/05 20:58:33.733, NVIDIA H200, 25, 0 %, 0 %, 74099 MiB, 143771 MiB
2026/08/05 20:58:36.734, NVIDIA H200, 31, 0 %, 0 %, 74099 MiB, 143771 MiB
2026/08/05 20:58:39.734, NVIDIA H200, 42, 98 %, 33 %, 74099 MiB, 143771 MiB
2026/08/05 20:58:42.734, NVIDIA H200, 47, 100 %, 41 %, 74099 MiB, 143771 MiB
2026/08/05 20:58:45.735, NVIDIA H200, 32, 0 %, 0 %, 74099 MiB, 143771 MiB
2026/08/05 20:58:48.735, NVIDIA H200, 25, 0 %, 0 %, 74099 MiB, 143771 MiB
2026/08/05 20:58:51.736, NVIDIA H200, 41, 99 %, 37 %, 74099 MiB, 143771 MiB
2026/08/05 20:58:54.737, NVIDIA H200, 49, 100 %, 44 %, 74099 MiB, 143771 MiB
2026/08/05 20:58:57.738, NVIDIA H200, 33, 0 %, 0 %, 74099 MiB, 143771 MiB
2026/08/05 20:59:00.738, NVIDIA H200, 35, 44 %, 18 %, 74099 MiB, 143771 MiB
2026/08/05 20:59:03.739, NVIDIA H200, 25, 0 %, 0 %, 74099 MiB, 143771 MiB
2026/08/05 20:59:06.739, NVIDIA H200, 24, 0 %, 0 %, 74099 MiB, 143771 MiB
2026/08/05 20:59:09.740, NVIDIA H200, 26, 0 %, 0 %, 74099 MiB, 143771 MiB
2026/08/05 20:59:12.741, NVIDIA H200, 24, 0 %, 0 %, 74099 MiB, 143771 MiB
2026/08/05 20:59:15.741, NVIDIA H200, 24, 0 %, 0 %, 74099 MiB, 143771 MiB
2026/08/05 20:59:18.742, NVIDIA H200, 24, 0 %, 0 %, 74099 MiB, 143771 MiB
2026/08/05 20:59:21.742, NVIDIA H200, 23, 0 %, 0 %, 74099 MiB, 143771 MiB
2026/08/05 20:59:24.743, NVIDIA H200, 23, 0 %, 0 %, 74099 MiB, 143771 MiB
2026/08/05 20:59:27.743, NVIDIA H200, 23, 0 %, 0 %, 74099 MiB, 143771 MiB
2026/08/05 20:59:30.744, NVIDIA H200, 23, 0 %, 0 %, 74099 MiB, 143771 MiB
2026/08/05 20:59:33.744, NVIDIA H200, 30, 0 %, 0 %, 74099 MiB, 143771 MiB
2026/08/05 20:59:36.745, NVIDIA H200, 43, 100 %, 50 %, 74099 MiB, 143771 MiB
2026/08/05 20:59:39.746, NVIDIA H200, 45, 97 %, 47 %, 74099 MiB, 143771 MiB
2026/08/05 20:59:42.746, NVIDIA H200, 26, 0 %, 0 %, 74099 MiB, 143771 MiB
2026/08/05 20:59:45.747, NVIDIA H200, 32, 46 %, 8 %, 74099 MiB, 143771 MiB
2026/08/05 20:59:48.747, NVIDIA H200, 26, 0 %, 0 %, 74099 MiB, 143771 MiB
2026/08/05 20:59:51.748, NVIDIA H200, 48, 100 %, 41 %, 74099 MiB, 143771 MiB
2026/08/05 20:59:54.748, NVIDIA H200, 46, 98 %, 54 %, 74099 MiB, 143771 MiB
2026/08/05 20:59:57.749, NVIDIA H200, 37, 97 %, 58 %, 74099 MiB, 143771 MiB
2026/08/05 21:00:00.749, NVIDIA H200, 45, 99 %, 29 %, 74099 MiB, 143771 MiB
2026/08/05 21:00:03.750, NVIDIA H200, 46, 97 %, 50 %, 74099 MiB, 143771 MiB
2026/08/05 21:00:06.750, NVIDIA H200, 27, 0 %, 0 %, 74099 MiB, 143771 MiB
2026/08/05 21:00:09.751, NVIDIA H200, 25, 0 %, 0 %, 74099 MiB, 143771 MiB
2026/08/05 21:00:12.751, NVIDIA H200, 45, 100 %, 47 %, 74099 MiB, 143771 MiB
2026/08/05 21:00:15.752, NVIDIA H200, 24, 0 %, 0 %, 74099 MiB, 143771 MiB
2026/08/05 21:00:18.753, NVIDIA H200, 24, 0 %, 0 %, 74099 MiB, 143771 MiB
2026/08/05 21:00:21.753, NVIDIA H200, 27, 0 %, 0 %, 74099 MiB, 143771 MiB
2026/08/05 21:00:24.754, NVIDIA H200, 24, 0 %, 0 %, 74099 MiB, 143771 MiB
2026/08/05 21:00:27.754, NVIDIA H200, 24, 0 %, 0 %, 74099 MiB, 143771 MiB
2026/08/05 21:00:30.755, NVIDIA H200, 23, 0 %, 0 %, 74099 MiB, 143771 MiB
2026/08/05 21:00:33.755, NVIDIA H200, 23, 0 %, 0 %, 74099 MiB, 143771 MiB
2026/08/05 21:00:36.756, NVIDIA H200, 26, 0 %, 0 %, 74099 MiB, 143771 MiB
2026/08/05 21:00:39.756, NVIDIA H200, 38, 100 %, 41 %, 74099 MiB, 143771 MiB
2026/08/05 21:00:42.756, NVIDIA H200, 44, 99 %, 53 %, 74099 MiB, 143771 MiB
2026/08/05 21:00:45.757, NVIDIA H200, 42, 97 %, 38 %, 74099 MiB, 143771 MiB
2026/08/05 21:00:48.757, NVIDIA H200, 25, 0 %, 0 %, 74099 MiB, 143771 MiB
2026/08/05 21:00:51.758, NVIDIA H200, 26, 0 %, 0 %, 74099 MiB, 143771 MiB
2026/08/05 21:00:54.758, NVIDIA H200, 44, 100 %, 30 %, 74099 MiB, 143771 MiB
2026/08/05 21:00:57.759, NVIDIA H200, 46, 100 %, 55 %, 74099 MiB, 143771 MiB
2026/08/05 21:01:00.759, NVIDIA H200, 27, 0 %, 0 %, 74099 MiB, 143771 MiB
2026/08/05 21:01:03.760, NVIDIA H200, 25, 0 %, 0 %, 74099 MiB, 143771 MiB
2026/08/05 21:01:06.761, NVIDIA H200, 41, 98 %, 50 %, 74099 MiB, 143771 MiB
2026/08/05 21:01:09.761, NVIDIA H200, 41, 100 %, 40 %, 74099 MiB, 143771 MiB
2026/08/05 21:01:12.762, NVIDIA H200, 49, 100 %, 42 %, 74099 MiB, 143771 MiB
2026/08/05 21:01:15.762, NVIDIA H200, 40, 100 %, 38 %, 74099 MiB, 143771 MiB
2026/08/05 21:01:18.763, NVIDIA H200, 25, 0 %, 0 %, 74099 MiB, 143771 MiB
2026/08/05 21:01:21.763, NVIDIA H200, 25, 0 %, 0 %, 74099 MiB, 143771 MiB
2026/08/05 21:01:24.764, NVIDIA H200, 26, 0 %, 0 %, 74099 MiB, 143771 MiB
2026/08/05 21:01:27.764, NVIDIA H200, 24, 0 %, 0 %, 74099 MiB, 143771 MiB
2026/08/05 21:01:30.765, NVIDIA H200, 24, 0 %, 0 %, 74099 MiB, 143771 MiB
2026/08/05 21:01:33.765, NVIDIA H200, 24, 0 %, 0 %, 74099 MiB, 143771 MiB
2026/08/05 21:01:36.766, NVIDIA H200, 23, 0 %, 0 %, 74099 MiB, 143771 MiB
2026/08/05 21:01:39.766, NVIDIA H200, 40, 100 %, 44 %, 74099 MiB, 143771 MiB
2026/08/05 21:01:42.766, NVIDIA H200, 38, 100 %, 50 %, 74099 MiB, 143771 MiB
2026/08/05 21:01:45.767, NVIDIA H200, 44, 97 %, 53 %, 74099 MiB, 143771 MiB
2026/08/05 21:01:48.767, NVIDIA H200, 42, 97 %, 32 %, 74099 MiB, 143771 MiB
2026/08/05 21:01:51.768, NVIDIA H200, 25, 0 %, 0 %, 74099 MiB, 143771 MiB
2026/08/05 21:01:54.768, NVIDIA H200, 42, 100 %, 41 %, 74099 MiB, 143771 MiB
2026/08/05 21:01:57.768, NVIDIA H200, 43, 100 %, 40 %, 74099 MiB, 143771 MiB
2026/08/05 21:02:00.769, NVIDIA H200, 45, 100 %, 55 %, 74099 MiB, 143771 MiB
2026/08/05 21:02:03.770, NVIDIA H200, 28, 0 %, 0 %, 74099 MiB, 143771 MiB
2026/08/05 21:02:06.770, NVIDIA H200, 25, 0 %, 0 %, 74099 MiB, 143771 MiB
2026/08/05 21:02:09.771, NVIDIA H200, 47, 100 %, 43 %, 74099 MiB, 143771 MiB
2026/08/05 21:02:12.772, NVIDIA H200, 46, 100 %, 37 %, 74099 MiB, 143771 MiB
2026/08/05 21:02:15.773, NVIDIA H200, 36, 0 %, 0 %, 74099 MiB, 143771 MiB
2026/08/05 21:02:18.773, NVIDIA H200, 34, 100 %, 54 %, 74099 MiB, 143771 MiB
2026/08/05 21:02:21.774, NVIDIA H200, 25, 0 %, 0 %, 74099 MiB, 143771 MiB
2026/08/05 21:02:24.774, NVIDIA H200, 35, 100 %, 53 %, 74099 MiB, 143771 MiB
2026/08/05 21:02:27.775, NVIDIA H200, 40, 99 %, 47 %, 74099 MiB, 143771 MiB
2026/08/05 21:02:30.775, NVIDIA H200, 24, 0 %, 0 %, 74099 MiB, 143771 MiB
2026/08/05 21:02:33.776, NVIDIA H200, 24, 0 %, 0 %, 74099 MiB, 143771 MiB
2026/08/05 21:02:36.776, NVIDIA H200, 24, 0 %, 0 %, 74099 MiB, 143771 MiB
2026/08/05 21:02:39.777, NVIDIA H200, 23, 0 %, 0 %, 74099 MiB, 143771 MiB
2026/08/05 21:02:42.778, NVIDIA H200, 23, 0 %, 0 %, 74099 MiB, 143771 MiB
2026/08/05 21:02:45.778, NVIDIA H200, 34, 98 %, 54 %, 74099 MiB, 143771 MiB
2026/08/05 21:02:48.779, NVIDIA H200, 44, 100 %, 38 %, 74099 MiB, 143771 MiB
2026/08/05 21:02:51.779, NVIDIA H200, 46, 99 %, 52 %, 74099 MiB, 143771 MiB
2026/08/05 21:02:54.779, NVIDIA H200, 27, 0 %, 0 %, 74099 MiB, 143771 MiB
2026/08/05 21:02:57.780, NVIDIA H200, 46, 100 %, 40 %, 74099 MiB, 143771 MiB
2026/08/05 21:03:00.780, NVIDIA H200, 46, 100 %, 44 %, 74099 MiB, 143771 MiB
2026/08/05 21:03:03.781, NVIDIA H200, 33, 0 %, 0 %, 74099 MiB, 143771 MiB
2026/08/05 21:03:06.781, NVIDIA H200, 25, 0 %, 0 %, 74099 MiB, 143771 MiB
2026/08/05 21:03:09.782, NVIDIA H200, 47, 98 %, 36 %, 74099 MiB, 143771 MiB
2026/08/05 21:03:12.783, NVIDIA H200, 46, 100 %, 44 %, 74099 MiB, 143771 MiB
2026/08/05 21:03:15.783, NVIDIA H200, 28, 0 %, 0 %, 74099 MiB, 143771 MiB
2026/08/05 21:03:18.784, NVIDIA H200, 35, 98 %, 42 %, 74099 MiB, 143771 MiB
2026/08/05 21:03:21.784, NVIDIA H200, 25, 0 %, 0 %, 74099 MiB, 143771 MiB
2026/08/05 21:03:24.785, NVIDIA H200, 36, 63 %, 24 %, 74099 MiB, 143771 MiB
2026/08/05 21:03:27.785, NVIDIA H200, 25, 0 %, 0 %, 74099 MiB, 143771 MiB
2026/08/05 21:03:30.786, NVIDIA H200, 24, 0 %, 0 %, 74099 MiB, 143771 MiB
2026/08/05 21:03:33.787, NVIDIA H200, 24, 0 %, 0 %, 74099 MiB, 143771 MiB
2026/08/05 21:03:36.787, NVIDIA H200, 23, 0 %, 0 %, 74099 MiB, 143771 MiB
2026/08/05 21:03:39.788, NVIDIA H200, 23, 0 %, 0 %, 74099 MiB, 143771 MiB
2026/08/05 21:03:42.788, NVIDIA H200, 43, 100 %, 47 %, 74099 MiB, 143771 MiB
2026/08/05 21:03:45.788, NVIDIA H200, 48, 100 %, 47 %, 74099 MiB, 143771 MiB
2026/08/05 21:03:48.789, NVIDIA H200, 32, 0 %, 0 %, 74099 MiB, 143771 MiB
2026/08/05 21:03:51.789, NVIDIA H200, 25, 0 %, 0 %, 74099 MiB, 143771 MiB
2026/08/05 21:03:54.790, NVIDIA H200, 43, 98 %, 49 %, 74099 MiB, 143771 MiB
2026/08/05 21:03:57.790, NVIDIA H200, 47, 98 %, 36 %, 74099 MiB, 143771 MiB
2026/08/05 21:04:00.791, NVIDIA H200, 47, 100 %, 48 %, 74099 MiB, 143771 MiB
2026/08/05 21:04:03.792, NVIDIA H200, 25, 0 %, 0 %, 74099 MiB, 143771 MiB
2026/08/05 21:04:06.792, NVIDIA H200, 43, 100 %, 40 %, 74099 MiB, 143771 MiB
2026/08/05 21:04:09.793, NVIDIA H200, 45, 98 %, 54 %, 74099 MiB, 143771 MiB
2026/08/05 21:04:12.793, NVIDIA H200, 37, 23 %, 14 %, 74099 MiB, 143771 MiB
2026/08/05 21:04:15.794, NVIDIA H200, 37, 99 %, 50 %, 74099 MiB, 143771 MiB
2026/08/05 21:04:18.795, NVIDIA H200, 25, 0 %, 0 %, 74099 MiB, 143771 MiB
2026/08/05 21:04:21.795, NVIDIA H200, 38, 100 %, 54 %, 74099 MiB, 143771 MiB
2026/08/05 21:04:24.796, NVIDIA H200, 25, 0 %, 0 %, 74099 MiB, 143771 MiB
2026/08/05 21:04:27.797, NVIDIA H200, 24, 0 %, 0 %, 74099 MiB, 143771 MiB
2026/08/05 21:04:30.797, NVIDIA H200, 23, 0 %, 0 %, 74099 MiB, 143771 MiB
2026/08/05 21:04:33.798, NVIDIA H200, 23, 0 %, 0 %, 74099 MiB, 143771 MiB
2026/08/05 21:04:36.798, NVIDIA H200, 23, 0 %, 0 %, 74099 MiB, 143771 MiB
2026/08/05 21:04:39.799, NVIDIA H200, 23, 0 %, 0 %, 74099 MiB, 143771 MiB
2026/08/05 21:04:42.800, NVIDIA H200, 23, 0 %, 0 %, 74099 MiB, 143771 MiB
2026/08/05 21:04:45.801, NVIDIA H200, 23, 0 %, 0 %, 74099 MiB, 143771 MiB
2026/08/05 21:04:48.803, NVIDIA H200, 41, 100 %, 43 %, 74099 MiB, 143771 MiB
2026/08/05 21:04:51.805, NVIDIA H200, 46, 100 %, 41 %, 74099 MiB, 143771 MiB
2026/08/05 21:04:54.807, NVIDIA H200, 35, 0 %, 0 %, 74099 MiB, 143771 MiB
2026/08/05 21:04:57.814, NVIDIA H200, 25, 0 %, 0 %, 74099 MiB, 143771 MiB
2026/08/05 21:05:00.822, NVIDIA H200, 24, 0 %, 0 %, 74099 MiB, 143771 MiB
2026/08/05 21:05:03.830, NVIDIA H200, 43, 100 %, 40 %, 74099 MiB, 143771 MiB
2026/08/05 21:05:06.838, NVIDIA H200, 46, 100 %, 50 %, 74099 MiB, 143771 MiB
2026/08/05 21:05:09.839, NVIDIA H200, 46, 98 %, 46 %, 74099 MiB, 143771 MiB
2026/08/05 21:05:12.840, NVIDIA H200, 25, 0 %, 0 %, 74099 MiB, 143771 MiB
2026/08/05 21:05:15.841, NVIDIA H200, 24, 0 %, 0 %, 74099 MiB, 143771 MiB
2026/08/05 21:05:18.841, NVIDIA H200, 44, 100 %, 36 %, 74099 MiB, 143771 MiB
2026/08/05 21:05:21.842, NVIDIA H200, 44, 100 %, 50 %, 74099 MiB, 143771 MiB
2026/08/05 21:05:24.842, NVIDIA H200, 48, 100 %, 40 %, 74099 MiB, 143771 MiB
2026/08/05 21:05:27.843, NVIDIA H200, 45, 100 %, 39 %, 74099 MiB, 143771 MiB
2026/08/05 21:05:30.843, NVIDIA H200, 24, 0 %, 0 %, 74099 MiB, 143771 MiB
2026/08/05 21:05:33.844, NVIDIA H200, 24, 0 %, 0 %, 74099 MiB, 143771 MiB
2026/08/05 21:05:36.845, NVIDIA H200, 32, 2 %, 0 %, 74099 MiB, 143771 MiB
2026/08/05 21:05:39.845, NVIDIA H200, 24, 0 %, 0 %, 74099 MiB, 143771 MiB
2026/08/05 21:05:42.846, NVIDIA H200, 23, 0 %, 0 %, 74099 MiB, 143771 MiB
2026/08/05 21:05:45.846, NVIDIA H200, 23, 0 %, 0 %, 74099 MiB, 143771 MiB
2026/08/05 21:05:48.847, NVIDIA H200, 23, 0 %, 0 %, 74099 MiB, 143771 MiB
2026/08/05 21:05:51.847, NVIDIA H200, 23, 0 %, 0 %, 74099 MiB, 143771 MiB
2026/08/05 21:05:54.848, NVIDIA H200, 28, 0 %, 0 %, 74099 MiB, 143771 MiB
2026/08/05 21:05:57.848, NVIDIA H200, 45, 100 %, 45 %, 74099 MiB, 143771 MiB
2026/08/05 21:06:00.848, NVIDIA H200, 46, 100 %, 50 %, 74099 MiB, 143771 MiB
2026/08/05 21:06:03.849, NVIDIA H200, 26, 0 %, 0 %, 74099 MiB, 143771 MiB
2026/08/05 21:06:06.850, NVIDIA H200, 24, 0 %, 0 %, 74099 MiB, 143771 MiB
2026/08/05 21:06:09.850, NVIDIA H200, 24, 0 %, 0 %, 74099 MiB, 143771 MiB
2026/08/05 21:06:12.851, NVIDIA H200, 44, 100 %, 42 %, 74099 MiB, 143771 MiB
2026/08/05 21:06:15.852, NVIDIA H200, 47, 100 %, 50 %, 74099 MiB, 143771 MiB
2026/08/05 21:06:18.852, NVIDIA H200, 27, 0 %, 0 %, 74099 MiB, 143771 MiB
2026/08/05 21:06:21.853, NVIDIA H200, 25, 0 %, 0 %, 74099 MiB, 143771 MiB
2026/08/05 21:06:24.853, NVIDIA H200, 42, 100 %, 49 %, 74099 MiB, 143771 MiB
2026/08/05 21:06:27.854, NVIDIA H200, 41, 100 %, 45 %, 74099 MiB, 143771 MiB
2026/08/05 21:06:30.855, NVIDIA H200, 44, 100 %, 30 %, 74099 MiB, 143771 MiB
2026/08/05 21:06:33.855, NVIDIA H200, 25, 0 %, 0 %, 74099 MiB, 143771 MiB
2026/08/05 21:06:36.856, NVIDIA H200, 24, 0 %, 0 %, 74099 MiB, 143771 MiB
2026/08/05 21:06:39.856, NVIDIA H200, 25, 0 %, 0 %, 74099 MiB, 143771 MiB
2026/08/05 21:06:42.857, NVIDIA H200, 29, 0 %, 0 %, 74099 MiB, 143771 MiB
2026/08/05 21:06:45.857, NVIDIA H200, 24, 0 %, 0 %, 74099 MiB, 143771 MiB
2026/08/05 21:06:48.858, NVIDIA H200, 23, 0 %, 0 %, 74099 MiB, 143771 MiB
2026/08/05 21:06:51.858, NVIDIA H200, 23, 0 %, 0 %, 74099 MiB, 143771 MiB
2026/08/05 21:06:54.859, NVIDIA H200, 23, 0 %, 0 %, 74099 MiB, 143771 MiB
2026/08/05 21:06:57.859, NVIDIA H200, 26, 0 %, 0 %, 74099 MiB, 143771 MiB
2026/08/05 21:07:00.859, NVIDIA H200, 23, 0 %, 0 %, 74099 MiB, 143771 MiB
2026/08/05 21:07:03.860, NVIDIA H200, 41, 100 %, 49 %, 74099 MiB, 143771 MiB
2026/08/05 21:07:06.861, NVIDIA H200, 40, 100 %, 45 %, 74099 MiB, 143771 MiB
2026/08/05 21:07:09.861, NVIDIA H200, 30, 0 %, 0 %, 74099 MiB, 143771 MiB
2026/08/05 21:07:12.862, NVIDIA H200, 41, 100 %, 45 %, 74099 MiB, 143771 MiB
2026/08/05 21:07:15.862, NVIDIA H200, 44, 100 %, 47 %, 74099 MiB, 143771 MiB
2026/08/05 21:07:18.862, NVIDIA H200, 46, 100 %, 43 %, 74099 MiB, 143771 MiB
2026/08/05 21:07:21.863, NVIDIA H200, 26, 0 %, 0 %, 74099 MiB, 143771 MiB
2026/08/05 21:07:24.863, NVIDIA H200, 24, 0 %, 0 %, 74099 MiB, 143771 MiB
2026/08/05 21:07:27.864, NVIDIA H200, 45, 97 %, 51 %, 74099 MiB, 143771 MiB
2026/08/05 21:07:30.865, NVIDIA H200, 43, 97 %, 41 %, 74099 MiB, 143771 MiB
2026/08/05 21:07:33.865, NVIDIA H200, 30, 0 %, 0 %, 74099 MiB, 143771 MiB
2026/08/05 21:07:36.866, NVIDIA H200, 24, 0 %, 0 %, 74099 MiB, 143771 MiB
2026/08/05 21:07:39.867, NVIDIA H200, 26, 0 %, 0 %, 74099 MiB, 143771 MiB
2026/08/05 21:07:42.868, NVIDIA H200, 23, 0 %, 0 %, 74099 MiB, 143771 MiB
2026/08/05 21:07:45.868, NVIDIA H200, 23, 0 %, 0 %, 74099 MiB, 143771 MiB
2026/08/05 21:07:48.869, NVIDIA H200, 25, 0 %, 0 %, 74099 MiB, 143771 MiB
2026/08/05 21:07:51.869, NVIDIA H200, 23, 0 %, 0 %, 74099 MiB, 143771 MiB
2026/08/05 21:07:54.870, NVIDIA H200, 23, 0 %, 0 %, 74099 MiB, 143771 MiB
2026/08/05 21:07:57.870, NVIDIA H200, 23, 0 %, 0 %, 74099 MiB, 143771 MiB
2026/08/05 21:08:00.871, NVIDIA H200, 23, 0 %, 0 %, 74099 MiB, 143771 MiB
2026/08/05 21:08:03.871, NVIDIA H200, 23, 0 %, 0 %, 74099 MiB, 143771 MiB
2026/08/05 21:08:06.872, NVIDIA H200, 40, 67 %, 21 %, 74099 MiB, 143771 MiB
2026/08/05 21:08:09.872, NVIDIA H200, 45, 100 %, 42 %, 74099 MiB, 143771 MiB
2026/08/05 21:08:12.873, NVIDIA H200, 44, 98 %, 48 %, 74099 MiB, 143771 MiB
2026/08/05 21:08:15.873, NVIDIA H200, 24, 0 %, 0 %, 74099 MiB, 143771 MiB
2026/08/05 21:08:18.874, NVIDIA H200, 23, 0 %, 0 %, 74099 MiB, 143771 MiB
2026/08/05 21:08:21.874, NVIDIA H200, 45, 98 %, 52 %, 74099 MiB, 143771 MiB
2026/08/05 21:08:24.875, NVIDIA H200, 43, 99 %, 41 %, 74099 MiB, 143771 MiB
2026/08/05 21:08:27.875, NVIDIA H200, 30, 0 %, 0 %, 74099 MiB, 143771 MiB
2026/08/05 21:08:30.876, NVIDIA H200, 24, 0 %, 0 %, 74099 MiB, 143771 MiB
2026/08/05 21:08:33.876, NVIDIA H200, 34, 80 %, 32 %, 74099 MiB, 143771 MiB
2026/08/05 21:08:36.877, NVIDIA H200, 48, 100 %, 41 %, 74099 MiB, 143771 MiB
2026/08/05 21:08:39.877, NVIDIA H200, 45, 100 %, 38 %, 74099 MiB, 143771 MiB
2026/08/05 21:08:42.878, NVIDIA H200, 40, 100 %, 41 %, 74099 MiB, 143771 MiB
2026/08/05 21:08:45.879, NVIDIA H200, 25, 0 %, 0 %, 74099 MiB, 143771 MiB
2026/08/05 21:08:48.879, NVIDIA H200, 23, 0 %, 0 %, 74099 MiB, 143771 MiB
2026/08/05 21:08:51.880, NVIDIA H200, 43, 80 %, 40 %, 74099 MiB, 143771 MiB
2026/08/05 21:08:54.881, NVIDIA H200, 24, 0 %, 0 %, 74099 MiB, 143771 MiB
2026/08/05 21:08:57.881, NVIDIA H200, 23, 0 %, 0 %, 74099 MiB, 143771 MiB
2026/08/05 21:09:00.882, NVIDIA H200, 23, 0 %, 0 %, 74099 MiB, 143771 MiB
2026/08/05 21:09:03.882, NVIDIA H200, 23, 0 %, 0 %, 74099 MiB, 143771 MiB
2026/08/05 21:09:06.883, NVIDIA H200, 32, 100 %, 52 %, 74099 MiB, 143771 MiB
2026/08/05 21:09:09.883, NVIDIA H200, 43, 100 %, 31 %, 74099 MiB, 143771 MiB
2026/08/05 21:09:12.884, NVIDIA H200, 46, 100 %, 54 %, 74099 MiB, 143771 MiB
2026/08/05 21:09:15.884, NVIDIA H200, 27, 0 %, 0 %, 74099 MiB, 143771 MiB
2026/08/05 21:09:18.885, NVIDIA H200, 24, 0 %, 0 %, 74099 MiB, 143771 MiB
2026/08/05 21:09:21.885, NVIDIA H200, 29, 0 %, 0 %, 74099 MiB, 143771 MiB
2026/08/05 21:09:24.886, NVIDIA H200, 43, 100 %, 44 %, 74099 MiB, 143771 MiB
2026/08/05 21:09:27.886, NVIDIA H200, 46, 100 %, 38 %, 74099 MiB, 143771 MiB
2026/08/05 21:09:30.887, NVIDIA H200, 26, 0 %, 0 %, 74099 MiB, 143771 MiB
2026/08/05 21:09:33.887, NVIDIA H200, 24, 0 %, 0 %, 74099 MiB, 143771 MiB
2026/08/05 21:09:36.888, NVIDIA H200, 42, 100 %, 49 %, 74099 MiB, 143771 MiB
2026/08/05 21:09:39.888, NVIDIA H200, 46, 100 %, 49 %, 74099 MiB, 143771 MiB
2026/08/05 21:09:42.889, NVIDIA H200, 27, 0 %, 0 %, 74099 MiB, 143771 MiB
2026/08/05 21:09:45.889, NVIDIA H200, 25, 0 %, 0 %, 74099 MiB, 143771 MiB
2026/08/05 21:09:48.890, NVIDIA H200, 26, 0 %, 0 %, 74099 MiB, 143771 MiB
2026/08/05 21:09:51.891, NVIDIA H200, 24, 0 %, 0 %, 74099 MiB, 143771 MiB
2026/08/05 21:09:54.892, NVIDIA H200, 37, 100 %, 46 %, 74099 MiB, 143771 MiB
2026/08/05 21:09:57.892, NVIDIA H200, 24, 0 %, 0 %, 74099 MiB, 143771 MiB
2026/08/05 21:10:00.893, NVIDIA H200, 23, 0 %, 0 %, 74099 MiB, 143771 MiB
2026/08/05 21:10:03.893, NVIDIA H200, 23, 0 %, 0 %, 74099 MiB, 143771 MiB
2026/08/05 21:10:06.894, NVIDIA H200, 23, 0 %, 0 %, 74099 MiB, 143771 MiB
2026/08/05 21:10:09.895, NVIDIA H200, 23, 0 %, 0 %, 74099 MiB, 143771 MiB
2026/08/05 21:10:12.895, NVIDIA H200, 23, 0 %, 0 %, 74099 MiB, 143771 MiB
2026/08/05 21:10:15.896, NVIDIA H200, 23, 0 %, 0 %, 74099 MiB, 143771 MiB
2026/08/05 21:10:18.896, NVIDIA H200, 23, 0 %, 0 %, 74099 MiB, 143771 MiB
2026/08/05 21:10:21.897, NVIDIA H200, 37, 100 %, 36 %, 74099 MiB, 143771 MiB
2026/08/05 21:10:24.897, NVIDIA H200, 46, 98 %, 35 %, 74099 MiB, 143771 MiB
2026/08/05 21:10:27.898, NVIDIA H200, 45, 100 %, 44 %, 74099 MiB, 143771 MiB
2026/08/05 21:10:30.898, NVIDIA H200, 25, 0 %, 0 %, 74099 MiB, 143771 MiB
2026/08/05 21:10:33.899, NVIDIA H200, 23, 0 %, 0 %, 74099 MiB, 143771 MiB
2026/08/05 21:10:36.899, NVIDIA H200, 44, 100 %, 45 %, 74099 MiB, 143771 MiB
2026/08/05 21:10:39.899, NVIDIA H200, 45, 100 %, 32 %, 74099 MiB, 143771 MiB
2026/08/05 21:10:42.900, NVIDIA H200, 34, 0 %, 0 %, 74099 MiB, 143771 MiB
2026/08/05 21:10:45.900, NVIDIA H200, 24, 0 %, 0 %, 74099 MiB, 143771 MiB
2026/08/05 21:10:48.901, NVIDIA H200, 41, 100 %, 42 %, 74099 MiB, 143771 MiB
2026/08/05 21:10:51.902, NVIDIA H200, 45, 100 %, 44 %, 74099 MiB, 143771 MiB
2026/08/05 21:10:54.902, NVIDIA H200, 46, 100 %, 37 %, 74099 MiB, 143771 MiB
2026/08/05 21:10:57.903, NVIDIA H200, 25, 0 %, 0 %, 74099 MiB, 143771 MiB
2026/08/05 21:11:00.903, NVIDIA H200, 43, 100 %, 38 %, 74099 MiB, 143771 MiB
2026/08/05 21:11:03.904, NVIDIA H200, 24, 0 %, 0 %, 74099 MiB, 143771 MiB
2026/08/05 21:11:06.904, NVIDIA H200, 23, 0 %, 0 %, 74099 MiB, 143771 MiB
2026/08/05 21:11:09.905, NVIDIA H200, 31, 0 %, 0 %, 74099 MiB, 143771 MiB
2026/08/05 21:11:12.906, NVIDIA H200, 24, 0 %, 0 %, 74099 MiB, 143771 MiB
2026/08/05 21:11:15.906, NVIDIA H200, 23, 0 %, 0 %, 74099 MiB, 143771 MiB
2026/08/05 21:11:18.907, NVIDIA H200, 23, 0 %, 0 %, 74099 MiB, 143771 MiB
2026/08/05 21:11:21.908, NVIDIA H200, 23, 0 %, 0 %, 74099 MiB, 143771 MiB
2026/08/05 21:11:24.910, NVIDIA H200, 23, 0 %, 0 %, 74099 MiB, 143771 MiB
2026/08/05 21:11:27.911, NVIDIA H200, 37, 100 %, 40 %, 74099 MiB, 143771 MiB
2026/08/05 21:11:30.911, NVIDIA H200, 42, 100 %, 51 %, 74099 MiB, 143771 MiB
2026/08/05 21:11:33.912, NVIDIA H200, 41, 100 %, 46 %, 74099 MiB, 143771 MiB
2026/08/05 21:11:36.912, NVIDIA H200, 26, 0 %, 0 %, 74099 MiB, 143771 MiB
2026/08/05 21:11:39.913, NVIDIA H200, 24, 0 %, 0 %, 74099 MiB, 143771 MiB
2026/08/05 21:11:42.913, NVIDIA H200, 41, 100 %, 40 %, 74099 MiB, 143771 MiB
2026/08/05 21:11:45.913, NVIDIA H200, 47, 100 %, 55 %, 74099 MiB, 143771 MiB
2026/08/05 21:11:48.914, NVIDIA H200, 45, 100 %, 45 %, 74099 MiB, 143771 MiB
2026/08/05 21:11:51.914, NVIDIA H200, 25, 0 %, 0 %, 74099 MiB, 143771 MiB
2026/08/05 21:11:54.915, NVIDIA H200, 24, 0 %, 0 %, 74099 MiB, 143771 MiB
2026/08/05 21:11:57.916, NVIDIA H200, 47, 100 %, 43 %, 74099 MiB, 143771 MiB
2026/08/05 21:12:00.916, NVIDIA H200, 46, 98 %, 54 %, 74099 MiB, 143771 MiB
2026/08/05 21:12:03.917, NVIDIA H200, 29, 0 %, 0 %, 74099 MiB, 143771 MiB
2026/08/05 21:12:06.917, NVIDIA H200, 24, 0 %, 0 %, 74099 MiB, 143771 MiB
2026/08/05 21:12:09.918, NVIDIA H200, 44, 100 %, 40 %, 74099 MiB, 143771 MiB
2026/08/05 21:12:12.918, NVIDIA H200, 24, 0 %, 0 %, 74099 MiB, 143771 MiB
2026/08/05 21:12:15.919, NVIDIA H200, 23, 0 %, 0 %, 74099 MiB, 143771 MiB
2026/08/05 21:12:18.919, NVIDIA H200, 27, 0 %, 0 %, 74099 MiB, 143771 MiB
2026/08/05 21:12:21.920, NVIDIA H200, 23, 0 %, 0 %, 74099 MiB, 143771 MiB
2026/08/05 21:12:24.921, NVIDIA H200, 23, 0 %, 0 %, 74099 MiB, 143771 MiB
2026/08/05 21:12:27.921, NVIDIA H200, 23, 0 %, 0 %, 74099 MiB, 143771 MiB
2026/08/05 21:12:30.921, NVIDIA H200, 23, 0 %, 0 %, 74099 MiB, 143771 MiB
2026/08/05 21:12:33.922, NVIDIA H200, 33, 59 %, 21 %, 74099 MiB, 143771 MiB
2026/08/05 21:12:36.922, NVIDIA H200, 41, 100 %, 30 %, 74099 MiB, 143771 MiB
2026/08/05 21:12:39.923, NVIDIA H200, 46, 100 %, 54 %, 74099 MiB, 143771 MiB
2026/08/05 21:12:42.923, NVIDIA H200, 29, 0 %, 0 %, 74099 MiB, 143771 MiB
2026/08/05 21:12:45.924, NVIDIA H200, 24, 0 %, 0 %, 74099 MiB, 143771 MiB
2026/08/05 21:12:48.924, NVIDIA H200, 43, 99 %, 45 %, 74099 MiB, 143771 MiB
2026/08/05 21:12:51.924, NVIDIA H200, 45, 99 %, 31 %, 74099 MiB, 143771 MiB
2026/08/05 21:12:54.925, NVIDIA H200, 47, 100 %, 44 %, 74099 MiB, 143771 MiB
2026/08/05 21:12:57.925, NVIDIA H200, 24, 0 %, 0 %, 74099 MiB, 143771 MiB
2026/08/05 21:13:00.926, NVIDIA H200, 23, 0 %, 0 %, 74099 MiB, 143771 MiB
2026/08/05 21:13:03.927, NVIDIA H200, 43, 99 %, 29 %, 74099 MiB, 143771 MiB
2026/08/05 21:13:06.927, NVIDIA H200, 47, 100 %, 44 %, 74099 MiB, 143771 MiB
2026/08/05 21:13:09.928, NVIDIA H200, 27, 0 %, 0 %, 74099 MiB, 143771 MiB
2026/08/05 21:13:12.929, NVIDIA H200, 24, 0 %, 0 %, 74099 MiB, 143771 MiB
2026/08/05 21:13:15.929, NVIDIA H200, 40, 97 %, 47 %, 74099 MiB, 143771 MiB
2026/08/05 21:13:18.930, NVIDIA H200, 24, 0 %, 0 %, 74099 MiB, 143771 MiB
2026/08/05 21:13:21.931, NVIDIA H200, 25, 0 %, 0 %, 74099 MiB, 143771 MiB
2026/08/05 21:13:24.931, NVIDIA H200, 25, 0 %, 0 %, 74099 MiB, 143771 MiB
2026/08/05 21:13:27.931, NVIDIA H200, 23, 0 %, 0 %, 74099 MiB, 143771 MiB
2026/08/05 21:13:30.932, NVIDIA H200, 23, 0 %, 0 %, 74099 MiB, 143771 MiB
2026/08/05 21:13:33.932, NVIDIA H200, 23, 0 %, 0 %, 74099 MiB, 143771 MiB
2026/08/05 21:13:36.933, NVIDIA H200, 23, 0 %, 0 %, 74099 MiB, 143771 MiB
2026/08/05 21:13:39.933, NVIDIA H200, 23, 0 %, 0 %, 74099 MiB, 143771 MiB
2026/08/05 21:13:42.934, NVIDIA H200, 26, 0 %, 0 %, 74099 MiB, 143771 MiB
2026/08/05 21:13:45.934, NVIDIA H200, 47, 100 %, 42 %, 74099 MiB, 143771 MiB
2026/08/05 21:13:48.935, NVIDIA H200, 45, 100 %, 37 %, 74099 MiB, 143771 MiB
2026/08/05 21:13:51.935, NVIDIA H200, 26, 0 %, 0 %, 74099 MiB, 143771 MiB
2026/08/05 21:13:54.943, NVIDIA H200, 32, 100 %, 54 %, 74099 MiB, 143771 MiB
2026/08/05 21:13:57.943, NVIDIA H200, 46, 100 %, 46 %, 74099 MiB, 143771 MiB
2026/08/05 21:14:00.944, NVIDIA H200, 46, 100 %, 39 %, 74099 MiB, 143771 MiB
2026/08/05 21:14:03.945, NVIDIA H200, 26, 0 %, 0 %, 74099 MiB, 143771 MiB
2026/08/05 21:14:06.945, NVIDIA H200, 24, 0 %, 0 %, 74099 MiB, 143771 MiB
2026/08/05 21:14:09.946, NVIDIA H200, 39, 100 %, 50 %, 74099 MiB, 143771 MiB
2026/08/05 21:14:12.946, NVIDIA H200, 43, 97 %, 49 %, 74099 MiB, 143771 MiB
2026/08/05 21:14:15.947, NVIDIA H200, 41, 100 %, 36 %, 74099 MiB, 143771 MiB
2026/08/05 21:14:18.947, NVIDIA H200, 25, 0 %, 0 %, 74099 MiB, 143771 MiB
2026/08/05 21:14:21.948, NVIDIA H200, 25, 0 %, 0 %, 74099 MiB, 143771 MiB
2026/08/05 21:14:24.949, NVIDIA H200, 24, 0 %, 0 %, 74099 MiB, 143771 MiB
2026/08/05 21:14:27.949, NVIDIA H200, 39, 100 %, 53 %, 74099 MiB, 143771 MiB
2026/08/05 21:14:30.951, NVIDIA H200, 24, 0 %, 0 %, 74099 MiB, 143771 MiB
2026/08/05 21:14:33.951, NVIDIA H200, 23, 0 %, 0 %, 74099 MiB, 143771 MiB
2026/08/05 21:14:36.952, NVIDIA H200, 23, 0 %, 0 %, 74099 MiB, 143771 MiB
2026/08/05 21:14:39.952, NVIDIA H200, 23, 0 %, 0 %, 74099 MiB, 143771 MiB
2026/08/05 21:14:42.953, NVIDIA H200, 23, 0 %, 0 %, 74099 MiB, 143771 MiB
2026/08/05 21:14:45.953, NVIDIA H200, 25, 0 %, 0 %, 74099 MiB, 143771 MiB
2026/08/05 21:14:48.954, NVIDIA H200, 45, 98 %, 58 %, 74099 MiB, 143771 MiB
2026/08/05 21:14:51.955, NVIDIA H200, 46, 100 %, 40 %, 74099 MiB, 143771 MiB
2026/08/05 21:14:54.955, NVIDIA H200, 27, 0 %, 0 %, 74099 MiB, 143771 MiB
2026/08/05 21:14:57.955, NVIDIA H200, 38, 23 %, 14 %, 74099 MiB, 143771 MiB
2026/08/05 21:15:00.956, NVIDIA H200, 45, 100 %, 43 %, 74099 MiB, 143771 MiB
2026/08/05 21:15:03.957, NVIDIA H200, 44, 99 %, 44 %, 74099 MiB, 143771 MiB
2026/08/05 21:15:06.958, NVIDIA H200, 37, 0 %, 0 %, 74099 MiB, 143771 MiB
2026/08/05 21:15:09.958, NVIDIA H200, 29, 35 %, 3 %, 74099 MiB, 143771 MiB
2026/08/05 21:15:12.959, NVIDIA H200, 47, 100 %, 47 %, 74099 MiB, 143771 MiB
2026/08/05 21:15:15.959, NVIDIA H200, 45, 100 %, 42 %, 74099 MiB, 143771 MiB
2026/08/05 21:15:18.960, NVIDIA H200, 25, 0 %, 0 %, 74099 MiB, 143771 MiB
2026/08/05 21:15:21.961, NVIDIA H200, 32, 0 %, 0 %, 74099 MiB, 143771 MiB
2026/08/05 21:15:24.961, NVIDIA H200, 24, 0 %, 0 %, 74099 MiB, 143771 MiB
2026/08/05 21:15:27.962, NVIDIA H200, 28, 0 %, 0 %, 74099 MiB, 143771 MiB
2026/08/05 21:15:30.963, NVIDIA H200, 24, 0 %, 0 %, 74099 MiB, 143771 MiB
2026/08/05 21:15:33.964, NVIDIA H200, 23, 0 %, 0 %, 74099 MiB, 143771 MiB
2026/08/05 21:15:36.964, NVIDIA H200, 23, 0 %, 0 %, 74099 MiB, 143771 MiB
2026/08/05 21:15:39.965, NVIDIA H200, 23, 0 %, 0 %, 74099 MiB, 143771 MiB
2026/08/05 21:15:42.965, NVIDIA H200, 23, 0 %, 0 %, 74099 MiB, 143771 MiB
2026/08/05 21:15:45.966, NVIDIA H200, 23, 0 %, 0 %, 74099 MiB, 143771 MiB
2026/08/05 21:15:48.966, NVIDIA H200, 23, 0 %, 0 %, 74099 MiB, 143771 MiB
2026/08/05 21:15:51.967, NVIDIA H200, 40, 98 %, 30 %, 74099 MiB, 143771 MiB
2026/08/05 21:15:54.967, NVIDIA H200, 46, 100 %, 44 %, 74099 MiB, 143771 MiB
2026/08/05 21:15:57.968, NVIDIA H200, 46, 100 %, 40 %, 74099 MiB, 143771 MiB
2026/08/05 21:16:00.971, NVIDIA H200, 24, 0 %, 0 %, 74099 MiB, 143771 MiB
2026/08/05 21:16:03.971, NVIDIA H200, 37, 100 %, 54 %, 74099 MiB, 143771 MiB
2026/08/05 21:16:06.972, NVIDIA H200, 41, 100 %, 46 %, 74099 MiB, 143771 MiB
2026/08/05 21:16:09.972, NVIDIA H200, 48, 100 %, 41 %, 74099 MiB, 143771 MiB
2026/08/05 21:16:12.973, NVIDIA H200, 25, 0 %, 0 %, 74099 MiB, 143771 MiB
2026/08/05 21:16:15.974, NVIDIA H200, 38, 100 %, 50 %, 74099 MiB, 143771 MiB
2026/08/05 21:16:18.974, NVIDIA H200, 44, 97 %, 34 %, 74099 MiB, 143771 MiB
2026/08/05 21:16:21.975, NVIDIA H200, 47, 100 %, 44 %, 74099 MiB, 143771 MiB
2026/08/05 21:16:24.976, NVIDIA H200, 25, 0 %, 0 %, 74099 MiB, 143771 MiB
2026/08/05 21:16:27.976, NVIDIA H200, 29, 0 %, 0 %, 74099 MiB, 143771 MiB
2026/08/05 21:16:30.977, NVIDIA H200, 24, 0 %, 0 %, 74099 MiB, 143771 MiB
2026/08/05 21:16:33.978, NVIDIA H200, 30, 0 %, 0 %, 74099 MiB, 143771 MiB
2026/08/05 21:16:36.978, NVIDIA H200, 24, 0 %, 0 %, 74099 MiB, 143771 MiB
2026/08/05 21:16:39.979, NVIDIA H200, 23, 0 %, 0 %, 74099 MiB, 143771 MiB
2026/08/05 21:16:42.979, NVIDIA H200, 23, 0 %, 0 %, 74099 MiB, 143771 MiB
2026/08/05 21:16:45.980, NVIDIA H200, 23, 0 %, 0 %, 74099 MiB, 143771 MiB
2026/08/05 21:16:48.980, NVIDIA H200, 23, 0 %, 0 %, 74099 MiB, 143771 MiB
2026/08/05 21:16:51.980, NVIDIA H200, 42, 100 %, 50 %, 74099 MiB, 143771 MiB
2026/08/05 21:16:54.981, NVIDIA H200, 42, 100 %, 45 %, 74099 MiB, 143771 MiB
2026/08/05 21:16:57.982, NVIDIA H200, 30, 0 %, 0 %, 74099 MiB, 143771 MiB
2026/08/05 21:17:00.984, NVIDIA H200, 24, 0 %, 0 %, 74099 MiB, 143771 MiB
2026/08/05 21:17:03.984, NVIDIA H200, 43, 100 %, 30 %, 74099 MiB, 143771 MiB
2026/08/05 21:17:06.985, NVIDIA H200, 44, 100 %, 50 %, 74099 MiB, 143771 MiB
2026/08/05 21:17:09.985, NVIDIA H200, 39, 85 %, 38 %, 74099 MiB, 143771 MiB
2026/08/05 21:17:12.986, NVIDIA H200, 27, 0 %, 0 %, 74099 MiB, 143771 MiB
2026/08/05 21:17:15.987, NVIDIA H200, 26, 0 %, 0 %, 74099 MiB, 143771 MiB
2026/08/05 21:17:18.987, NVIDIA H200, 45, 100 %, 36 %, 74099 MiB, 143771 MiB
2026/08/05 21:17:21.988, NVIDIA H200, 34, 0 %, 0 %, 74099 MiB, 143771 MiB
2026/08/05 21:17:24.988, NVIDIA H200, 36, 100 %, 44 %, 74099 MiB, 143771 MiB
2026/08/05 21:17:27.988, NVIDIA H200, 24, 0 %, 0 %, 74099 MiB, 143771 MiB
2026/08/05 21:17:30.990, NVIDIA H200, 37, 99 %, 53 %, 74099 MiB, 143771 MiB
2026/08/05 21:17:33.990, NVIDIA H200, 24, 0 %, 0 %, 74099 MiB, 143771 MiB
2026/08/05 21:17:36.991, NVIDIA H200, 23, 0 %, 0 %, 74099 MiB, 143771 MiB
2026/08/05 21:17:39.991, NVIDIA H200, 23, 0 %, 0 %, 74099 MiB, 143771 MiB
2026/08/05 21:17:42.992, NVIDIA H200, 23, 0 %, 0 %, 74099 MiB, 143771 MiB
2026/08/05 21:17:45.992, NVIDIA H200, 42, 97 %, 39 %, 74099 MiB, 143771 MiB
2026/08/05 21:17:48.992, NVIDIA H200, 47, 100 %, 41 %, 74099 MiB, 143771 MiB
2026/08/05 21:17:51.993, NVIDIA H200, 46, 100 %, 40 %, 74099 MiB, 143771 MiB
2026/08/05 21:17:54.993, NVIDIA H200, 25, 0 %, 0 %, 74099 MiB, 143771 MiB
2026/08/05 21:17:57.993, NVIDIA H200, 24, 0 %, 0 %, 74099 MiB, 143771 MiB
2026/08/05 21:18:00.995, NVIDIA H200, 38, 98 %, 37 %, 74099 MiB, 143771 MiB
2026/08/05 21:18:03.995, NVIDIA H200, 45, 100 %, 38 %, 74099 MiB, 143771 MiB
2026/08/05 21:18:06.996, NVIDIA H200, 44, 98 %, 52 %, 74099 MiB, 143771 MiB
2026/08/05 21:18:09.996, NVIDIA H200, 25, 0 %, 0 %, 74099 MiB, 143771 MiB
2026/08/05 21:18:12.996, NVIDIA H200, 24, 0 %, 0 %, 74099 MiB, 143771 MiB
2026/08/05 21:18:15.997, NVIDIA H200, 44, 100 %, 48 %, 74099 MiB, 143771 MiB
2026/08/05 21:18:18.997, NVIDIA H200, 48, 100 %, 48 %, 74099 MiB, 143771 MiB
2026/08/05 21:18:21.998, NVIDIA H200, 28, 0 %, 0 %, 74099 MiB, 143771 MiB
2026/08/05 21:18:24.998, NVIDIA H200, 42, 100 %, 40 %, 74099 MiB, 143771 MiB
2026/08/05 21:18:27.999, NVIDIA H200, 24, 0 %, 0 %, 74099 MiB, 143771 MiB
2026/08/05 21:18:31.001, NVIDIA H200, 33, 98 %, 45 %, 74099 MiB, 143771 MiB
2026/08/05 21:18:34.001, NVIDIA H200, 25, 0 %, 0 %, 74099 MiB, 143771 MiB
2026/08/05 21:18:37.002, NVIDIA H200, 23, 0 %, 0 %, 74099 MiB, 143771 MiB
2026/08/05 21:18:40.002, NVIDIA H200, 23, 0 %, 0 %, 74099 MiB, 143771 MiB
2026/08/05 21:18:43.003, NVIDIA H200, 23, 0 %, 0 %, 74099 MiB, 143771 MiB
2026/08/05 21:18:46.003, NVIDIA H200, 23, 0 %, 0 %, 74099 MiB, 143771 MiB
2026/08/05 21:18:49.004, NVIDIA H200, 43, 100 %, 47 %, 74099 MiB, 143771 MiB
2026/08/05 21:18:52.004, NVIDIA H200, 45, 100 %, 41 %, 74099 MiB, 143771 MiB
2026/08/05 21:18:55.005, NVIDIA H200, 32, 0 %, 0 %, 74099 MiB, 143771 MiB
2026/08/05 21:18:58.005, NVIDIA H200, 31, 13 %, 4 %, 74099 MiB, 143771 MiB
2026/08/05 21:19:01.007, NVIDIA H200, 26, 0 %, 0 %, 74099 MiB, 143771 MiB
2026/08/05 21:19:04.007, NVIDIA H200, 44, 100 %, 30 %, 74099 MiB, 143771 MiB
2026/08/05 21:19:07.008, NVIDIA H200, 33, 0 %, 0 %, 74099 MiB, 143771 MiB
2026/08/05 21:19:10.008, NVIDIA H200, 24, 0 %, 0 %, 74099 MiB, 143771 MiB
2026/08/05 21:19:13.009, NVIDIA H200, 43, 76 %, 27 %, 74099 MiB, 143771 MiB
2026/08/05 21:19:16.010, NVIDIA H200, 45, 100 %, 43 %, 74099 MiB, 143771 MiB
2026/08/05 21:19:19.010, NVIDIA H200, 46, 100 %, 49 %, 74099 MiB, 143771 MiB
2026/08/05 21:19:22.011, NVIDIA H200, 25, 0 %, 0 %, 74099 MiB, 143771 MiB
2026/08/05 21:19:25.011, NVIDIA H200, 27, 0 %, 0 %, 74099 MiB, 143771 MiB
2026/08/05 21:19:28.012, NVIDIA H200, 24, 0 %, 0 %, 74099 MiB, 143771 MiB
2026/08/05 21:19:31.015, NVIDIA H200, 30, 0 %, 0 %, 74099 MiB, 143771 MiB
2026/08/05 21:19:34.015, NVIDIA H200, 24, 0 %, 0 %, 74099 MiB, 143771 MiB
2026/08/05 21:19:37.016, NVIDIA H200, 23, 0 %, 0 %, 74099 MiB, 143771 MiB
2026/08/05 21:19:40.016, NVIDIA H200, 23, 0 %, 0 %, 74099 MiB, 143771 MiB
2026/08/05 21:19:43.017, NVIDIA H200, 23, 0 %, 0 %, 74099 MiB, 143771 MiB
2026/08/05 21:19:46.017, NVIDIA H200, 38, 98 %, 49 %, 74099 MiB, 143771 MiB
2026/08/05 21:19:49.017, NVIDIA H200, 46, 99 %, 42 %, 74099 MiB, 143771 MiB
2026/08/05 21:19:52.018, NVIDIA H200, 45, 100 %, 45 %, 74099 MiB, 143771 MiB
2026/08/05 21:19:55.019, NVIDIA H200, 25, 0 %, 0 %, 74099 MiB, 143771 MiB
2026/08/05 21:19:58.019, NVIDIA H200, 24, 0 %, 0 %, 74099 MiB, 143771 MiB
2026/08/05 21:20:01.020, NVIDIA H200, 46, 100 %, 41 %, 74099 MiB, 143771 MiB
2026/08/05 21:20:04.021, NVIDIA H200, 46, 100 %, 46 %, 74099 MiB, 143771 MiB
2026/08/05 21:20:07.022, NVIDIA H200, 28, 0 %, 0 %, 74099 MiB, 143771 MiB
2026/08/05 21:20:10.022, NVIDIA H200, 34, 0 %, 0 %, 74099 MiB, 143771 MiB
2026/08/05 21:20:13.023, NVIDIA H200, 43, 100 %, 45 %, 74099 MiB, 143771 MiB
2026/08/05 21:20:16.023, NVIDIA H200, 46, 100 %, 41 %, 74099 MiB, 143771 MiB
2026/08/05 21:20:19.024, NVIDIA H200, 33, 0 %, 0 %, 74099 MiB, 143771 MiB
2026/08/05 21:20:22.024, NVIDIA H200, 37, 98 %, 58 %, 74099 MiB, 143771 MiB
2026/08/05 21:20:25.025, NVIDIA H200, 24, 0 %, 0 %, 74099 MiB, 143771 MiB
2026/08/05 21:20:28.026, NVIDIA H200, 29, 54 %, 16 %, 74099 MiB, 143771 MiB
2026/08/05 21:20:31.029, NVIDIA H200, 24, 0 %, 0 %, 74099 MiB, 143771 MiB
2026/08/05 21:20:34.029, NVIDIA H200, 23, 0 %, 0 %, 74099 MiB, 143771 MiB
2026/08/05 21:20:37.030, NVIDIA H200, 23, 0 %, 0 %, 74103 MiB, 143771 MiB
2026/08/05 21:20:40.030, NVIDIA H200, 23, 0 %, 0 %, 74103 MiB, 143771 MiB
2026/08/05 21:20:43.031, NVIDIA H200, 23, 0 %, 0 %, 74103 MiB, 143771 MiB
2026/08/05 21:20:46.031, NVIDIA H200, 23, 0 %, 0 %, 74103 MiB, 143771 MiB
2026/08/05 21:20:49.032, NVIDIA H200, 23, 0 %, 0 %, 74103 MiB, 143771 MiB
2026/08/05 21:20:52.032, NVIDIA H200, 23, 0 %, 0 %, 74103 MiB, 143771 MiB
2026/08/05 21:20:55.033, NVIDIA H200, 22, 0 %, 0 %, 74103 MiB, 143771 MiB
2026/08/05 21:20:58.034, NVIDIA H200, 22, 0 %, 0 %, 74103 MiB, 143771 MiB
2026/08/05 21:21:01.035, NVIDIA H200, 22, 0 %, 0 %, 74103 MiB, 143771 MiB
2026/08/05 21:21:04.036, NVIDIA H200, 22, 0 %, 0 %, 74103 MiB, 143771 MiB
2026/08/05 21:21:07.036, NVIDIA H200, 22, 0 %, 0 %, 74103 MiB, 143771 MiB
2026/08/05 21:21:10.037, NVIDIA H200, 22, 0 %, 0 %, 74103 MiB, 143771 MiB
2026/08/05 21:21:13.038, NVIDIA H200, 22, 0 %, 0 %, 74103 MiB, 143771 MiB
2026/08/05 21:21:16.038, NVIDIA H200, 22, 0 %, 0 %, 74103 MiB, 143771 MiB
2026/08/05 21:21:19.039, NVIDIA H200, 22, 0 %, 0 %, 74103 MiB, 143771 MiB
2026/08/05 21:21:22.039, NVIDIA H200, 22, 0 %, 0 %, 74103 MiB, 143771 MiB
2026/08/05 21:21:25.040, NVIDIA H200, 22, 0 %, 0 %, 74103 MiB, 143771 MiB
2026/08/05 21:21:28.040, NVIDIA H200, 22, 0 %, 0 %, 74103 MiB, 143771 MiB
2026/08/05 21:21:31.042, NVIDIA H200, 22, 0 %, 0 %, 74103 MiB, 143771 MiB
2026/08/05 21:21:34.042, NVIDIA H200, 22, 0 %, 0 %, 74103 MiB, 143771 MiB
2026/08/05 21:21:37.043, NVIDIA H200, 22, 0 %, 0 %, 74103 MiB, 143771 MiB
2026/08/05 21:21:40.043, NVIDIA H200, 22, 0 %, 0 %, 74103 MiB, 143771 MiB
2026/08/05 21:21:43.044, NVIDIA H200, 22, 0 %, 0 %, 74103 MiB, 143771 MiB
2026/08/05 21:21:46.045, NVIDIA H200, 22, 0 %, 0 %, 74103 MiB, 143771 MiB
2026/08/05 21:21:49.045, NVIDIA H200, 22, 0 %, 0 %, 74103 MiB, 143771 MiB
2026/08/05 21:21:52.046, NVIDIA H200, 22, 0 %, 0 %, 74103 MiB, 143771 MiB
2026/08/05 21:21:55.047, NVIDIA H200, 22, 0 %, 0 %, 74103 MiB, 143771 MiB
2026/08/05 21:21:58.047, NVIDIA H200, 22, 0 %, 0 %, 74103 MiB, 143771 MiB
2026/08/05 21:22:01.049, NVIDIA H200, 22, 0 %, 0 %, 74103 MiB, 143771 MiB
2026/08/05 21:22:04.049, NVIDIA H200, 22, 0 %, 0 %, 74103 MiB, 143771 MiB
2026/08/05 21:22:07.050, NVIDIA H200, 22, 0 %, 0 %, 74103 MiB, 143771 MiB
2026/08/05 21:22:10.051, NVIDIA H200, 22, 0 %, 0 %, 74103 MiB, 143771 MiB
2026/08/05 21:22:13.051, NVIDIA H200, 22, 0 %, 0 %, 74103 MiB, 143771 MiB
2026/08/05 21:22:16.052, NVIDIA H200, 22, 0 %, 0 %, 74103 MiB, 143771 MiB
2026/08/05 21:22:19.052, NVIDIA H200, 22, 0 %, 0 %, 74103 MiB, 143771 MiB
2026/08/05 21:22:22.053, NVIDIA H200, 22, 0 %, 0 %, 74103 MiB, 143771 MiB
2026/08/05 21:22:25.053, NVIDIA H200, 22, 0 %, 0 %, 74103 MiB, 143771 MiB
2026/08/05 21:22:28.054, NVIDIA H200, 22, 0 %, 0 %, 74103 MiB, 143771 MiB
2026/08/05 21:22:31.055, NVIDIA H200, 22, 0 %, 0 %, 74103 MiB, 143771 MiB
2026/08/05 21:22:34.055, NVIDIA H200, 22, 0 %, 0 %, 74103 MiB, 143771 MiB
2026/08/05 21:22:37.056, NVIDIA H200, 22, 0 %, 0 %, 74103 MiB, 143771 MiB
2026/08/05 21:22:40.056, NVIDIA H200, 22, 0 %, 0 %, 74103 MiB, 143771 MiB
2026/08/05 21:22:43.057, NVIDIA H200, 22, 1 %, 0 %, 74103 MiB, 143771 MiB
2026/08/05 21:22:46.058, NVIDIA H200, 22, 0 %, 0 %, 74103 MiB, 143771 MiB
2026/08/05 21:22:49.058, NVIDIA H200, 22, 0 %, 0 %, 74103 MiB, 143771 MiB
2026/08/05 21:22:52.059, NVIDIA H200, 22, 0 %, 0 %, 74103 MiB, 143771 MiB
2026/08/05 21:22:55.059, NVIDIA H200, 22, 0 %, 0 %, 74103 MiB, 143771 MiB
2026/08/05 21:22:58.060, NVIDIA H200, 22, 0 %, 0 %, 74103 MiB, 143771 MiB
2026/08/05 21:23:01.061, NVIDIA H200, 36, 100 %, 40 %, 74103 MiB, 143771 MiB
2026/08/05 21:23:04.061, NVIDIA H200, 39, 100 %, 45 %, 74103 MiB, 143771 MiB
2026/08/05 21:23:07.062, NVIDIA H200, 38, 98 %, 52 %, 74103 MiB, 143771 MiB
2026/08/05 21:23:10.062, NVIDIA H200, 46, 98 %, 31 %, 74103 MiB, 143771 MiB
2026/08/05 21:23:13.063, NVIDIA H200, 25, 0 %, 0 %, 74103 MiB, 143771 MiB
2026/08/05 21:23:16.064, NVIDIA H200, 34, 74 %, 27 %, 74103 MiB, 143771 MiB
2026/08/05 21:23:19.064, NVIDIA H200, 43, 98 %, 30 %, 74103 MiB, 143771 MiB
2026/08/05 21:23:22.065, NVIDIA H200, 46, 100 %, 39 %, 74103 MiB, 143771 MiB
2026/08/05 21:23:25.065, NVIDIA H200, 27, 0 %, 0 %, 74103 MiB, 143771 MiB
2026/08/05 21:23:28.066, NVIDIA H200, 27, 0 %, 0 %, 74103 MiB, 143771 MiB
2026/08/05 21:23:31.068, NVIDIA H200, 39, 100 %, 50 %, 74103 MiB, 143771 MiB
2026/08/05 21:23:34.069, NVIDIA H200, 42, 99 %, 45 %, 74103 MiB, 143771 MiB
2026/08/05 21:23:37.069, NVIDIA H200, 39, 97 %, 58 %, 74103 MiB, 143771 MiB
2026/08/05 21:23:40.070, NVIDIA H200, 33, 99 %, 9 %, 20921 MiB, 143771 MiB
2026/08/05 21:23:43.071, NVIDIA H200, 33, 99 %, 15 %, 43653 MiB, 143771 MiB
2026/08/05 21:23:46.071, NVIDIA H200, 37, 32 %, 8 %, 42023 MiB, 143771 MiB
2026/08/05 21:23:49.072, NVIDIA H200, 36, 50 %, 9 %, 30117 MiB, 143771 MiB
2026/08/05 21:23:52.072, NVIDIA H200, 29, 29 %, 10 %, 21367 MiB, 143771 MiB
2026/08/05 21:23:55.073, NVIDIA H200, 34, 100 %, 2 %, 23751 MiB, 143771 MiB
2026/08/05 21:23:58.074, NVIDIA H200, 25, 0 %, 0 %, 13741 MiB, 143771 MiB
2026/08/05 21:24:01.074, NVIDIA H200, 23, 0 %, 0 %, 13741 MiB, 143771 MiB
2026/08/05 21:24:04.075, NVIDIA H200, 24, 0 %, 0 %, 31597 MiB, 143771 MiB
2026/08/05 21:24:07.075, NVIDIA H200, 26, 0 %, 0 %, 31597 MiB, 143771 MiB
2026/08/05 21:24:10.076, NVIDIA H200, 23, 0 %, 0 %, 31597 MiB, 143771 MiB
2026/08/05 21:24:13.076, NVIDIA H200, 23, 0 %, 0 %, 31597 MiB, 143771 MiB
2026/08/05 21:24:16.076, NVIDIA H200, 23, 0 %, 0 %, 31597 MiB, 143771 MiB
2026/08/05 21:24:19.077, NVIDIA H200, 23, 0 %, 0 %, 31597 MiB, 143771 MiB
2026/08/05 21:24:22.078, NVIDIA H200, 23, 0 %, 0 %, 31597 MiB, 143771 MiB
2026/08/05 21:24:25.078, NVIDIA H200, 42, 100 %, 37 %, 74161 MiB, 143771 MiB
2026/08/05 21:24:28.078, NVIDIA H200, 43, 99 %, 53 %, 74161 MiB, 143771 MiB
2026/08/05 21:24:31.079, NVIDIA H200, 39, 89 %, 40 %, 74161 MiB, 143771 MiB
2026/08/05 21:24:34.079, NVIDIA H200, 24, 0 %, 0 %, 74161 MiB, 143771 MiB
2026/08/05 21:24:37.080, NVIDIA H200, 31, 37 %, 16 %, 74161 MiB, 143771 MiB
2026/08/05 21:24:40.080, NVIDIA H200, 45, 98 %, 36 %, 74161 MiB, 143771 MiB
2026/08/05 21:24:43.081, NVIDIA H200, 45, 100 %, 42 %, 74161 MiB, 143771 MiB
2026/08/05 21:24:46.081, NVIDIA H200, 26, 0 %, 0 %, 74161 MiB, 143771 MiB
2026/08/05 21:24:49.082, NVIDIA H200, 38, 100 %, 44 %, 74161 MiB, 143771 MiB
2026/08/05 21:24:52.083, NVIDIA H200, 45, 100 %, 46 %, 74161 MiB, 143771 MiB
2026/08/05 21:24:55.083, NVIDIA H200, 45, 100 %, 35 %, 74161 MiB, 143771 MiB
2026/08/05 21:24:58.084, NVIDIA H200, 28, 0 %, 0 %, 74161 MiB, 143771 MiB
2026/08/05 21:25:01.084, NVIDIA H200, 41, 76 %, 26 %, 74161 MiB, 143771 MiB
2026/08/05 21:25:04.085, NVIDIA H200, 25, 0 %, 0 %, 74161 MiB, 143771 MiB
2026/08/05 21:25:07.086, NVIDIA H200, 23, 0 %, 0 %, 74161 MiB, 143771 MiB
2026/08/05 21:25:10.086, NVIDIA H200, 27, 0 %, 0 %, 74161 MiB, 143771 MiB
2026/08/05 21:25:13.086, NVIDIA H200, 24, 0 %, 0 %, 74161 MiB, 143771 MiB
2026/08/05 21:25:16.088, NVIDIA H200, 23, 0 %, 0 %, 74161 MiB, 143771 MiB
2026/08/05 21:25:19.088, NVIDIA H200, 23, 0 %, 0 %, 74161 MiB, 143771 MiB
2026/08/05 21:25:22.088, NVIDIA H200, 23, 0 %, 0 %, 74161 MiB, 143771 MiB
2026/08/05 21:25:25.089, NVIDIA H200, 40, 100 %, 48 %, 74161 MiB, 143771 MiB
2026/08/05 21:25:28.089, NVIDIA H200, 43, 100 %, 40 %, 74161 MiB, 143771 MiB
2026/08/05 21:25:31.090, NVIDIA H200, 45, 98 %, 58 %, 74161 MiB, 143771 MiB
2026/08/05 21:25:34.090, NVIDIA H200, 26, 0 %, 0 %, 74161 MiB, 143771 MiB
2026/08/05 21:25:37.091, NVIDIA H200, 24, 0 %, 0 %, 74161 MiB, 143771 MiB
2026/08/05 21:25:40.091, NVIDIA H200, 44, 100 %, 45 %, 74161 MiB, 143771 MiB
2026/08/05 21:25:43.092, NVIDIA H200, 46, 100 %, 37 %, 74161 MiB, 143771 MiB
2026/08/05 21:25:46.092, NVIDIA H200, 28, 0 %, 0 %, 74161 MiB, 143771 MiB
2026/08/05 21:25:49.093, NVIDIA H200, 24, 0 %, 0 %, 74161 MiB, 143771 MiB
2026/08/05 21:25:52.093, NVIDIA H200, 25, 0 %, 0 %, 74161 MiB, 143771 MiB
2026/08/05 21:25:55.094, NVIDIA H200, 46, 99 %, 36 %, 74161 MiB, 143771 MiB
2026/08/05 21:25:58.095, NVIDIA H200, 45, 100 %, 41 %, 74161 MiB, 143771 MiB
2026/08/05 21:26:01.095, NVIDIA H200, 25, 0 %, 0 %, 74161 MiB, 143771 MiB
2026/08/05 21:26:04.096, NVIDIA H200, 43, 98 %, 47 %, 74161 MiB, 143771 MiB
2026/08/05 21:26:07.096, NVIDIA H200, 24, 0 %, 0 %, 74161 MiB, 143771 MiB
2026/08/05 21:26:10.097, NVIDIA H200, 24, 0 %, 0 %, 74161 MiB, 143771 MiB
2026/08/05 21:26:13.097, NVIDIA H200, 31, 0 %, 0 %, 74161 MiB, 143771 MiB
2026/08/05 21:26:16.098, NVIDIA H200, 24, 0 %, 0 %, 74161 MiB, 143771 MiB
2026/08/05 21:26:19.098, NVIDIA H200, 23, 0 %, 0 %, 74161 MiB, 143771 MiB
2026/08/05 21:26:22.099, NVIDIA H200, 23, 0 %, 0 %, 74161 MiB, 143771 MiB
2026/08/05 21:26:25.099, NVIDIA H200, 23, 0 %, 0 %, 74161 MiB, 143771 MiB
2026/08/05 21:26:28.100, NVIDIA H200, 38, 100 %, 43 %, 74161 MiB, 143771 MiB
2026/08/05 21:26:31.100, NVIDIA H200, 37, 100 %, 31 %, 74161 MiB, 143771 MiB
2026/08/05 21:26:34.101, NVIDIA H200, 44, 100 %, 51 %, 74161 MiB, 143771 MiB
2026/08/05 21:26:37.101, NVIDIA H200, 45, 100 %, 47 %, 74161 MiB, 143771 MiB
2026/08/05 21:26:40.101, NVIDIA H200, 37, 100 %, 50 %, 74161 MiB, 143771 MiB
2026/08/05 21:26:43.102, NVIDIA H200, 24, 0 %, 0 %, 74161 MiB, 143771 MiB
2026/08/05 21:26:46.103, NVIDIA H200, 42, 97 %, 50 %, 74161 MiB, 143771 MiB
2026/08/05 21:26:49.103, NVIDIA H200, 47, 98 %, 35 %, 74161 MiB, 143771 MiB
2026/08/05 21:26:52.104, NVIDIA H200, 30, 0 %, 0 %, 74161 MiB, 143771 MiB
2026/08/05 21:26:55.104, NVIDIA H200, 24, 0 %, 0 %, 74161 MiB, 143771 MiB
2026/08/05 21:26:58.105, NVIDIA H200, 36, 97 %, 48 %, 74161 MiB, 143771 MiB
2026/08/05 21:27:01.105, NVIDIA H200, 47, 99 %, 35 %, 74161 MiB, 143771 MiB
2026/08/05 21:27:04.106, NVIDIA H200, 47, 100 %, 47 %, 74161 MiB, 143771 MiB
2026/08/05 21:27:07.107, NVIDIA H200, 38, 97 %, 57 %, 74161 MiB, 143771 MiB
2026/08/05 21:27:10.108, NVIDIA H200, 26, 0 %, 0 %, 74161 MiB, 143771 MiB
2026/08/05 21:27:13.108, NVIDIA H200, 24, 0 %, 0 %, 74161 MiB, 143771 MiB
2026/08/05 21:27:16.109, NVIDIA H200, 24, 0 %, 0 %, 74161 MiB, 143771 MiB
2026/08/05 21:27:19.109, NVIDIA H200, 25, 0 %, 0 %, 74161 MiB, 143771 MiB
2026/08/05 21:27:22.110, NVIDIA H200, 23, 0 %, 0 %, 74161 MiB, 143771 MiB
2026/08/05 21:27:25.110, NVIDIA H200, 23, 0 %, 0 %, 74161 MiB, 143771 MiB
2026/08/05 21:27:28.110, NVIDIA H200, 23, 0 %, 0 %, 74161 MiB, 143771 MiB
2026/08/05 21:27:31.111, NVIDIA H200, 23, 0 %, 0 %, 74161 MiB, 143771 MiB
2026/08/05 21:27:34.112, NVIDIA H200, 23, 0 %, 0 %, 74161 MiB, 143771 MiB
2026/08/05 21:27:37.112, NVIDIA H200, 44, 100 %, 42 %, 74161 MiB, 143771 MiB
2026/08/05 21:27:40.113, NVIDIA H200, 45, 100 %, 49 %, 74161 MiB, 143771 MiB
2026/08/05 21:27:43.113, NVIDIA H200, 34, 0 %, 0 %, 74161 MiB, 143771 MiB
2026/08/05 21:27:46.114, NVIDIA H200, 24, 0 %, 0 %, 74161 MiB, 143771 MiB
2026/08/05 21:27:49.114, NVIDIA H200, 41, 100 %, 48 %, 74161 MiB, 143771 MiB
2026/08/05 21:27:52.114, NVIDIA H200, 47, 98 %, 50 %, 74161 MiB, 143771 MiB
2026/08/05 21:27:55.115, NVIDIA H200, 46, 98 %, 35 %, 74161 MiB, 143771 MiB
2026/08/05 21:27:58.115, NVIDIA H200, 25, 0 %, 0 %, 74161 MiB, 143771 MiB
2026/08/05 21:28:01.116, NVIDIA H200, 43, 97 %, 49 %, 74161 MiB, 143771 MiB
2026/08/05 21:28:04.117, NVIDIA H200, 45, 99 %, 36 %, 74161 MiB, 143771 MiB
2026/08/05 21:28:07.117, NVIDIA H200, 47, 100 %, 44 %, 74161 MiB, 143771 MiB
2026/08/05 21:28:10.118, NVIDIA H200, 25, 0 %, 0 %, 74161 MiB, 143771 MiB
2026/08/05 21:28:13.119, NVIDIA H200, 28, 0 %, 0 %, 74161 MiB, 143771 MiB
2026/08/05 21:28:16.119, NVIDIA H200, 24, 61 %, 18 %, 74161 MiB, 143771 MiB
2026/08/05 21:28:19.120, NVIDIA H200, 41, 64 %, 34 %, 74161 MiB, 143771 MiB
2026/08/05 21:28:22.120, NVIDIA H200, 24, 0 %, 0 %, 74161 MiB, 143771 MiB
2026/08/05 21:28:25.121, NVIDIA H200, 23, 0 %, 0 %, 74161 MiB, 143771 MiB
2026/08/05 21:28:28.122, NVIDIA H200, 23, 0 %, 0 %, 74161 MiB, 143771 MiB
2026/08/05 21:28:31.123, NVIDIA H200, 23, 0 %, 0 %, 74161 MiB, 143771 MiB
2026/08/05 21:28:34.123, NVIDIA H200, 23, 0 %, 0 %, 74161 MiB, 143771 MiB
2026/08/05 21:28:37.123, NVIDIA H200, 23, 0 %, 0 %, 74161 MiB, 143771 MiB
2026/08/05 21:28:40.124, NVIDIA H200, 23, 0 %, 0 %, 74161 MiB, 143771 MiB
2026/08/05 21:28:43.124, NVIDIA H200, 23, 0 %, 0 %, 74161 MiB, 143771 MiB
2026/08/05 21:28:46.125, NVIDIA H200, 23, 0 %, 0 %, 74161 MiB, 143771 MiB
2026/08/05 21:28:49.125, NVIDIA H200, 45, 100 %, 47 %, 74161 MiB, 143771 MiB
2026/08/05 21:28:52.125, NVIDIA H200, 46, 100 %, 40 %, 74161 MiB, 143771 MiB
2026/08/05 21:28:55.126, NVIDIA H200, 28, 0 %, 0 %, 74161 MiB, 143771 MiB
2026/08/05 21:28:58.126, NVIDIA H200, 29, 0 %, 0 %, 74161 MiB, 143771 MiB
2026/08/05 21:29:01.127, NVIDIA H200, 46, 100 %, 42 %, 74161 MiB, 143771 MiB
2026/08/05 21:29:04.127, NVIDIA H200, 46, 100 %, 48 %, 74161 MiB, 143771 MiB
2026/08/05 21:29:07.128, NVIDIA H200, 26, 0 %, 0 %, 74161 MiB, 143771 MiB
2026/08/05 21:29:10.128, NVIDIA H200, 31, 0 %, 0 %, 74161 MiB, 143771 MiB
2026/08/05 21:29:13.129, NVIDIA H200, 43, 100 %, 39 %, 74161 MiB, 143771 MiB
2026/08/05 21:29:16.130, NVIDIA H200, 44, 99 %, 47 %, 74161 MiB, 143771 MiB
2026/08/05 21:29:19.130, NVIDIA H200, 27, 0 %, 0 %, 74161 MiB, 143771 MiB
2026/08/05 21:29:22.131, NVIDIA H200, 36, 72 %, 33 %, 74161 MiB, 143771 MiB
2026/08/05 21:29:25.132, NVIDIA H200, 24, 0 %, 0 %, 74161 MiB, 143771 MiB
2026/08/05 21:29:28.132, NVIDIA H200, 24, 0 %, 0 %, 74161 MiB, 143771 MiB
2026/08/05 21:29:31.133, NVIDIA H200, 28, 0 %, 0 %, 74161 MiB, 143771 MiB
2026/08/05 21:29:34.134, NVIDIA H200, 24, 0 %, 0 %, 74161 MiB, 143771 MiB
2026/08/05 21:29:37.134, NVIDIA H200, 23, 0 %, 0 %, 74161 MiB, 143771 MiB
2026/08/05 21:29:40.135, NVIDIA H200, 23, 0 %, 0 %, 74161 MiB, 143771 MiB
2026/08/05 21:29:43.135, NVIDIA H200, 23, 0 %, 0 %, 74161 MiB, 143771 MiB
2026/08/05 21:29:46.136, NVIDIA H200, 23, 0 %, 0 %, 74161 MiB, 143771 MiB
2026/08/05 21:29:49.137, NVIDIA H200, 36, 97 %, 56 %, 74161 MiB, 143771 MiB
2026/08/05 21:29:52.137, NVIDIA H200, 45, 98 %, 30 %, 74161 MiB, 143771 MiB
2026/08/05 21:29:55.137, NVIDIA H200, 47, 100 %, 41 %, 74161 MiB, 143771 MiB
2026/08/05 21:29:58.138, NVIDIA H200, 25, 0 %, 0 %, 74161 MiB, 143771 MiB
2026/08/05 21:30:01.139, NVIDIA H200, 25, 0 %, 0 %, 74161 MiB, 143771 MiB
2026/08/05 21:30:04.139, NVIDIA H200, 43, 97 %, 49 %, 74161 MiB, 143771 MiB
2026/08/05 21:30:07.139, NVIDIA H200, 48, 98 %, 39 %, 74161 MiB, 143771 MiB
2026/08/05 21:30:10.140, NVIDIA H200, 27, 0 %, 0 %, 74161 MiB, 143771 MiB
2026/08/05 21:30:13.141, NVIDIA H200, 24, 0 %, 0 %, 74161 MiB, 143771 MiB
2026/08/05 21:30:16.141, NVIDIA H200, 45, 100 %, 39 %, 74161 MiB, 143771 MiB
2026/08/05 21:30:19.142, NVIDIA H200, 46, 98 %, 47 %, 74161 MiB, 143771 MiB
2026/08/05 21:30:22.143, NVIDIA H200, 35, 0 %, 0 %, 74161 MiB, 143771 MiB
2026/08/05 21:30:25.144, NVIDIA H200, 25, 0 %, 0 %, 74161 MiB, 143771 MiB
2026/08/05 21:30:28.144, NVIDIA H200, 25, 0 %, 0 %, 74161 MiB, 143771 MiB
2026/08/05 21:30:31.145, NVIDIA H200, 24, 0 %, 0 %, 74161 MiB, 143771 MiB
2026/08/05 21:30:34.145, NVIDIA H200, 37, 100 %, 51 %, 74161 MiB, 143771 MiB
2026/08/05 21:30:37.146, NVIDIA H200, 24, 0 %, 0 %, 74161 MiB, 143771 MiB
2026/08/05 21:30:40.146, NVIDIA H200, 24, 0 %, 0 %, 74161 MiB, 143771 MiB
2026/08/05 21:30:43.147, NVIDIA H200, 23, 0 %, 0 %, 74161 MiB, 143771 MiB
2026/08/05 21:30:46.147, NVIDIA H200, 23, 0 %, 0 %, 74161 MiB, 143771 MiB
2026/08/05 21:30:49.148, NVIDIA H200, 23, 0 %, 0 %, 74161 MiB, 143771 MiB
2026/08/05 21:30:52.148, NVIDIA H200, 23, 0 %, 0 %, 74161 MiB, 143771 MiB
2026/08/05 21:30:55.149, NVIDIA H200, 46, 100 %, 50 %, 74161 MiB, 143771 MiB
2026/08/05 21:30:58.149, NVIDIA H200, 45, 96 %, 50 %, 74161 MiB, 143771 MiB
2026/08/05 21:31:01.150, NVIDIA H200, 28, 0 %, 0 %, 74161 MiB, 143771 MiB
2026/08/05 21:31:04.150, NVIDIA H200, 24, 0 %, 0 %, 74161 MiB, 143771 MiB
2026/08/05 21:31:07.151, NVIDIA H200, 35, 98 %, 51 %, 74161 MiB, 143771 MiB
2026/08/05 21:31:10.151, NVIDIA H200, 46, 97 %, 34 %, 74161 MiB, 143771 MiB
2026/08/05 21:31:13.152, NVIDIA H200, 46, 100 %, 44 %, 74161 MiB, 143771 MiB
2026/08/05 21:31:16.153, NVIDIA H200, 26, 0 %, 0 %, 74161 MiB, 143771 MiB
2026/08/05 21:31:19.153, NVIDIA H200, 31, 0 %, 0 %, 74161 MiB, 143771 MiB
2026/08/05 21:31:22.154, NVIDIA H200, 43, 97 %, 50 %, 74161 MiB, 143771 MiB
2026/08/05 21:31:25.155, NVIDIA H200, 44, 98 %, 37 %, 74161 MiB, 143771 MiB
2026/08/05 21:31:28.155, NVIDIA H200, 26, 0 %, 0 %, 74161 MiB, 143771 MiB
2026/08/05 21:31:31.156, NVIDIA H200, 37, 97 %, 57 %, 74161 MiB, 143771 MiB
2026/08/05 21:31:34.156, NVIDIA H200, 25, 0 %, 0 %, 74161 MiB, 143771 MiB
2026/08/05 21:31:37.157, NVIDIA H200, 25, 0 %, 0 %, 74161 MiB, 143771 MiB
2026/08/05 21:31:40.157, NVIDIA H200, 30, 0 %, 0 %, 74161 MiB, 143771 MiB
2026/08/05 21:31:43.158, NVIDIA H200, 24, 0 %, 0 %, 74161 MiB, 143771 MiB
2026/08/05 21:31:46.159, NVIDIA H200, 23, 0 %, 0 %, 74161 MiB, 143771 MiB
2026/08/05 21:31:49.160, NVIDIA H200, 23, 0 %, 0 %, 74161 MiB, 143771 MiB
2026/08/05 21:31:52.160, NVIDIA H200, 23, 0 %, 0 %, 74161 MiB, 143771 MiB
2026/08/05 21:31:55.161, NVIDIA H200, 29, 0 %, 0 %, 74161 MiB, 143771 MiB
2026/08/05 21:31:58.161, NVIDIA H200, 39, 98 %, 45 %, 74161 MiB, 143771 MiB
2026/08/05 21:32:01.162, NVIDIA H200, 49, 100 %, 47 %, 74161 MiB, 143771 MiB
2026/08/05 21:32:04.162, NVIDIA H200, 25, 0 %, 0 %, 74161 MiB, 143771 MiB
2026/08/05 21:32:07.163, NVIDIA H200, 24, 0 %, 0 %, 74161 MiB, 143771 MiB
2026/08/05 21:32:10.163, NVIDIA H200, 29, 0 %, 0 %, 74161 MiB, 143771 MiB
2026/08/05 21:32:13.164, NVIDIA H200, 44, 100 %, 31 %, 74161 MiB, 143771 MiB
2026/08/05 21:32:16.164, NVIDIA H200, 34, 0 %, 0 %, 74161 MiB, 143771 MiB
2026/08/05 21:32:19.165, NVIDIA H200, 40, 100 %, 44 %, 74161 MiB, 143771 MiB
2026/08/05 21:32:22.165, NVIDIA H200, 36, 97 %, 50 %, 74161 MiB, 143771 MiB
2026/08/05 21:32:25.166, NVIDIA H200, 44, 100 %, 41 %, 74161 MiB, 143771 MiB
2026/08/05 21:32:28.166, NVIDIA H200, 46, 100 %, 35 %, 74161 MiB, 143771 MiB
2026/08/05 21:32:31.167, NVIDIA H200, 28, 0 %, 0 %, 74161 MiB, 143771 MiB
2026/08/05 21:32:34.168, NVIDIA H200, 24, 0 %, 0 %, 74161 MiB, 143771 MiB
2026/08/05 21:32:37.168, NVIDIA H200, 25, 0 %, 0 %, 74161 MiB, 143771 MiB
2026/08/05 21:32:40.169, NVIDIA H200, 23, 0 %, 0 %, 74161 MiB, 143771 MiB
2026/08/05 21:32:43.169, NVIDIA H200, 37, 100 %, 43 %, 74161 MiB, 143771 MiB
2026/08/05 21:32:46.170, NVIDIA H200, 24, 0 %, 0 %, 74161 MiB, 143771 MiB
2026/08/05 21:32:49.170, NVIDIA H200, 23, 0 %, 0 %, 74161 MiB, 143771 MiB
2026/08/05 21:32:52.171, NVIDIA H200, 23, 0 %, 0 %, 74161 MiB, 143771 MiB
2026/08/05 21:32:55.171, NVIDIA H200, 23, 0 %, 0 %, 74161 MiB, 143771 MiB
2026/08/05 21:32:58.172, NVIDIA H200, 23, 0 %, 0 %, 74161 MiB, 143771 MiB
2026/08/05 21:33:01.173, NVIDIA H200, 41, 100 %, 42 %, 74161 MiB, 143771 MiB
2026/08/05 21:33:04.174, NVIDIA H200, 45, 100 %, 47 %, 74161 MiB, 143771 MiB
2026/08/05 21:33:07.174, NVIDIA H200, 44, 100 %, 55 %, 74161 MiB, 143771 MiB
2026/08/05 21:33:10.175, NVIDIA H200, 25, 0 %, 0 %, 74161 MiB, 143771 MiB
2026/08/05 21:33:13.175, NVIDIA H200, 23, 0 %, 0 %, 74161 MiB, 143771 MiB
2026/08/05 21:33:16.176, NVIDIA H200, 25, 0 %, 0 %, 74161 MiB, 143771 MiB
2026/08/05 21:33:19.176, NVIDIA H200, 46, 100 %, 47 %, 74161 MiB, 143771 MiB
2026/08/05 21:33:22.176, NVIDIA H200, 45, 100 %, 47 %, 74161 MiB, 143771 MiB
2026/08/05 21:33:25.177, NVIDIA H200, 26, 0 %, 0 %, 74161 MiB, 143771 MiB
2026/08/05 21:33:28.178, NVIDIA H200, 24, 0 %, 0 %, 74161 MiB, 143771 MiB
2026/08/05 21:33:31.178, NVIDIA H200, 39, 97 %, 39 %, 74161 MiB, 143771 MiB
2026/08/05 21:33:34.179, NVIDIA H200, 48, 100 %, 40 %, 74161 MiB, 143771 MiB
2026/08/05 21:33:37.179, NVIDIA H200, 32, 0 %, 0 %, 74161 MiB, 143771 MiB
2026/08/05 21:33:40.180, NVIDIA H200, 24, 0 %, 0 %, 74161 MiB, 143771 MiB
2026/08/05 21:33:43.181, NVIDIA H200, 26, 0 %, 0 %, 74161 MiB, 143771 MiB
2026/08/05 21:33:46.181, NVIDIA H200, 24, 0 %, 0 %, 74161 MiB, 143771 MiB
2026/08/05 21:33:49.182, NVIDIA H200, 41, 99 %, 36 %, 74161 MiB, 143771 MiB
2026/08/05 21:33:52.183, NVIDIA H200, 24, 0 %, 0 %, 74161 MiB, 143771 MiB
2026/08/05 21:33:55.183, NVIDIA H200, 23, 0 %, 0 %, 74161 MiB, 143771 MiB
2026/08/05 21:33:58.184, NVIDIA H200, 23, 0 %, 0 %, 74161 MiB, 143771 MiB
2026/08/05 21:34:01.184, NVIDIA H200, 23, 0 %, 0 %, 74161 MiB, 143771 MiB
2026/08/05 21:34:04.185, NVIDIA H200, 23, 0 %, 0 %, 74161 MiB, 143771 MiB
2026/08/05 21:34:07.185, NVIDIA H200, 23, 0 %, 0 %, 74161 MiB, 143771 MiB
2026/08/05 21:34:10.186, NVIDIA H200, 22, 0 %, 0 %, 74161 MiB, 143771 MiB
2026/08/05 21:34:13.186, NVIDIA H200, 24, 0 %, 0 %, 74161 MiB, 143771 MiB
2026/08/05 21:34:16.186, NVIDIA H200, 42, 98 %, 51 %, 74161 MiB, 143771 MiB
2026/08/05 21:34:19.187, NVIDIA H200, 47, 98 %, 40 %, 74161 MiB, 143771 MiB
2026/08/05 21:34:22.187, NVIDIA H200, 26, 0 %, 0 %, 74161 MiB, 143771 MiB
2026/08/05 21:34:25.188, NVIDIA H200, 23, 0 %, 0 %, 74161 MiB, 143771 MiB
2026/08/05 21:34:28.188, NVIDIA H200, 38, 100 %, 30 %, 74161 MiB, 143771 MiB
2026/08/05 21:34:31.189, NVIDIA H200, 44, 98 %, 51 %, 74161 MiB, 143771 MiB
2026/08/05 21:34:34.189, NVIDIA H200, 47, 99 %, 42 %, 74161 MiB, 143771 MiB
2026/08/05 21:34:37.190, NVIDIA H200, 25, 0 %, 0 %, 74161 MiB, 143771 MiB
2026/08/05 21:34:40.190, NVIDIA H200, 40, 100 %, 37 %, 74161 MiB, 143771 MiB
2026/08/05 21:34:43.191, NVIDIA H200, 44, 99 %, 53 %, 74161 MiB, 143771 MiB
2026/08/05 21:34:46.192, NVIDIA H200, 48, 99 %, 40 %, 74161 MiB, 143771 MiB
2026/08/05 21:34:49.192, NVIDIA H200, 25, 0 %, 0 %, 74161 MiB, 143771 MiB
2026/08/05 21:34:52.193, NVIDIA H200, 27, 0 %, 0 %, 74161 MiB, 143771 MiB
2026/08/05 21:34:55.194, NVIDIA H200, 24, 0 %, 0 %, 74161 MiB, 143771 MiB
2026/08/05 21:34:58.194, NVIDIA H200, 41, 99 %, 44 %, 74161 MiB, 143771 MiB
2026/08/05 21:35:01.195, NVIDIA H200, 24, 0 %, 0 %, 74165 MiB, 143771 MiB
2026/08/05 21:35:04.196, NVIDIA H200, 23, 0 %, 0 %, 74165 MiB, 143771 MiB
2026/08/05 21:35:07.196, NVIDIA H200, 23, 0 %, 0 %, 74165 MiB, 143771 MiB
2026/08/05 21:35:10.197, NVIDIA H200, 23, 0 %, 0 %, 74165 MiB, 143771 MiB
2026/08/05 21:35:13.197, NVIDIA H200, 23, 0 %, 0 %, 74165 MiB, 143771 MiB
2026/08/05 21:35:16.198, NVIDIA H200, 23, 0 %, 0 %, 74165 MiB, 143771 MiB
2026/08/05 21:35:19.199, NVIDIA H200, 23, 0 %, 0 %, 74165 MiB, 143771 MiB
2026/08/05 21:35:22.200, NVIDIA H200, 23, 0 %, 0 %, 74165 MiB, 143771 MiB
2026/08/05 21:35:25.200, NVIDIA H200, 23, 0 %, 0 %, 74165 MiB, 143771 MiB
2026/08/05 21:35:28.201, NVIDIA H200, 23, 0 %, 0 %, 74165 MiB, 143771 MiB
2026/08/05 21:35:31.202, NVIDIA H200, 22, 0 %, 0 %, 74165 MiB, 143771 MiB
2026/08/05 21:35:34.202, NVIDIA H200, 22, 0 %, 0 %, 74165 MiB, 143771 MiB
2026/08/05 21:35:37.203, NVIDIA H200, 22, 0 %, 0 %, 74165 MiB, 143771 MiB
2026/08/05 21:35:40.204, NVIDIA H200, 22, 0 %, 0 %, 74165 MiB, 143771 MiB
2026/08/05 21:35:43.205, NVIDIA H200, 22, 0 %, 0 %, 74165 MiB, 143771 MiB
2026/08/05 21:35:46.205, NVIDIA H200, 22, 0 %, 0 %, 74165 MiB, 143771 MiB
2026/08/05 21:35:49.206, NVIDIA H200, 22, 0 %, 0 %, 74165 MiB, 143771 MiB
2026/08/05 21:35:52.206, NVIDIA H200, 22, 0 %, 0 %, 74165 MiB, 143771 MiB
2026/08/05 21:35:55.207, NVIDIA H200, 22, 0 %, 0 %, 74165 MiB, 143771 MiB
2026/08/05 21:35:58.208, NVIDIA H200, 22, 0 %, 0 %, 74165 MiB, 143771 MiB
2026/08/05 21:36:01.208, NVIDIA H200, 22, 0 %, 0 %, 74165 MiB, 143771 MiB
2026/08/05 21:36:04.209, NVIDIA H200, 22, 0 %, 0 %, 74165 MiB, 143771 MiB
2026/08/05 21:36:07.210, NVIDIA H200, 22, 0 %, 0 %, 74165 MiB, 143771 MiB
2026/08/05 21:36:10.210, NVIDIA H200, 22, 0 %, 0 %, 74165 MiB, 143771 MiB
2026/08/05 21:36:13.211, NVIDIA H200, 22, 0 %, 0 %, 74165 MiB, 143771 MiB
2026/08/05 21:36:16.211, NVIDIA H200, 22, 0 %, 0 %, 74165 MiB, 143771 MiB
2026/08/05 21:36:19.212, NVIDIA H200, 22, 0 %, 0 %, 74165 MiB, 143771 MiB
2026/08/05 21:36:22.212, NVIDIA H200, 22, 0 %, 0 %, 74165 MiB, 143771 MiB
2026/08/05 21:36:25.212, NVIDIA H200, 22, 0 %, 0 %, 74165 MiB, 143771 MiB
2026/08/05 21:36:28.213, NVIDIA H200, 22, 0 %, 0 %, 74165 MiB, 143771 MiB
2026/08/05 21:36:31.213, NVIDIA H200, 33, 43 %, 20 %, 74165 MiB, 143771 MiB
2026/08/05 21:36:34.214, NVIDIA H200, 46, 100 %, 46 %, 74165 MiB, 143771 MiB
2026/08/05 21:36:37.215, NVIDIA H200, 45, 100 %, 43 %, 74165 MiB, 143771 MiB
2026/08/05 21:36:40.215, NVIDIA H200, 25, 0 %, 0 %, 74165 MiB, 143771 MiB
2026/08/05 21:36:43.216, NVIDIA H200, 41, 98 %, 59 %, 74165 MiB, 143771 MiB
2026/08/05 21:36:46.216, NVIDIA H200, 44, 99 %, 41 %, 74165 MiB, 143771 MiB
2026/08/05 21:36:49.217, NVIDIA H200, 37, 100 %, 49 %, 7211 MiB, 143771 MiB
2026/08/05 21:36:52.217, NVIDIA H200, 25, 0 %, 0 %, 7211 MiB, 143771 MiB
2026/08/05 21:36:55.217, NVIDIA H200, 26, 4 %, 1 %, 7211 MiB, 143771 MiB
2026/08/05 21:36:58.218, NVIDIA H200, 24, 0 %, 0 %, 7215 MiB, 143771 MiB
2026/08/05 21:37:01.219, NVIDIA H200, 23, 0 %, 0 %, 7215 MiB, 143771 MiB
2026/08/05 21:37:04.219, NVIDIA H200, 23, 0 %, 0 %, 22971 MiB, 143771 MiB
2026/08/05 21:37:07.220, NVIDIA H200, 25, 0 %, 0 %, 29273 MiB, 143771 MiB
2026/08/05 21:37:10.220, NVIDIA H200, 23, 0 %, 0 %, 29273 MiB, 143771 MiB
2026/08/05 21:37:13.221, NVIDIA H200, 23, 0 %, 0 %, 29273 MiB, 143771 MiB
2026/08/05 21:37:16.221, NVIDIA H200, 23, 0 %, 0 %, 29273 MiB, 143771 MiB
2026/08/05 21:37:19.222, NVIDIA H200, 23, 0 %, 0 %, 29273 MiB, 143771 MiB
2026/08/05 21:37:22.222, NVIDIA H200, 23, 0 %, 0 %, 29273 MiB, 143771 MiB
2026/08/05 21:37:25.223, NVIDIA H200, 42, 100 %, 40 %, 74463 MiB, 143771 MiB
2026/08/05 21:37:28.224, NVIDIA H200, 44, 100 %, 55 %, 74463 MiB, 143771 MiB
2026/08/05 21:37:31.224, NVIDIA H200, 46, 100 %, 45 %, 74463 MiB, 143771 MiB
2026/08/05 21:37:34.225, NVIDIA H200, 25, 0 %, 0 %, 74463 MiB, 143771 MiB
2026/08/05 21:37:37.227, NVIDIA H200, 46, 99 %, 52 %, 74463 MiB, 143771 MiB
2026/08/05 21:37:40.228, NVIDIA H200, 46, 98 %, 36 %, 74463 MiB, 143771 MiB
2026/08/05 21:37:43.229, NVIDIA H200, 26, 0 %, 0 %, 74463 MiB, 143771 MiB
2026/08/05 21:37:46.229, NVIDIA H200, 25, 0 %, 0 %, 74463 MiB, 143771 MiB
2026/08/05 21:37:49.230, NVIDIA H200, 26, 0 %, 0 %, 74463 MiB, 143771 MiB
2026/08/05 21:37:52.231, NVIDIA H200, 24, 0 %, 0 %, 74463 MiB, 143771 MiB
2026/08/05 21:37:55.232, NVIDIA H200, 23, 0 %, 0 %, 74463 MiB, 143771 MiB
2026/08/05 21:37:58.232, NVIDIA H200, 23, 0 %, 0 %, 74463 MiB, 143771 MiB
2026/08/05 21:38:01.232, NVIDIA H200, 23, 0 %, 0 %, 74463 MiB, 143771 MiB
2026/08/05 21:38:04.233, NVIDIA H200, 23, 0 %, 0 %, 74463 MiB, 143771 MiB
2026/08/05 21:38:07.234, NVIDIA H200, 45, 99 %, 55 %, 74463 MiB, 143771 MiB
2026/08/05 21:38:10.234, NVIDIA H200, 47, 97 %, 35 %, 74463 MiB, 143771 MiB
2026/08/05 21:38:13.235, NVIDIA H200, 26, 0 %, 0 %, 74463 MiB, 143771 MiB
2026/08/05 21:38:16.235, NVIDIA H200, 24, 0 %, 0 %, 74463 MiB, 143771 MiB
2026/08/05 21:38:19.236, NVIDIA H200, 43, 100 %, 42 %, 74463 MiB, 143771 MiB
2026/08/05 21:38:22.236, NVIDIA H200, 48, 100 %, 31 %, 74463 MiB, 143771 MiB
2026/08/05 21:38:25.237, NVIDIA H200, 28, 0 %, 0 %, 74463 MiB, 143771 MiB
2026/08/05 21:38:28.238, NVIDIA H200, 37, 0 %, 0 %, 74463 MiB, 143771 MiB
2026/08/05 21:38:31.238, NVIDIA H200, 43, 97 %, 41 %, 74463 MiB, 143771 MiB
2026/08/05 21:38:34.239, NVIDIA H200, 24, 0 %, 0 %, 74463 MiB, 143771 MiB
2026/08/05 21:38:37.239, NVIDIA H200, 23, 0 %, 0 %, 74463 MiB, 143771 MiB
2026/08/05 21:38:40.240, NVIDIA H200, 23, 0 %, 0 %, 74463 MiB, 143771 MiB
2026/08/05 21:38:43.240, NVIDIA H200, 23, 0 %, 0 %, 74463 MiB, 143771 MiB
2026/08/05 21:38:46.241, NVIDIA H200, 26, 0 %, 0 %, 74463 MiB, 143771 MiB
2026/08/05 21:38:49.242, NVIDIA H200, 23, 0 %, 0 %, 74463 MiB, 143771 MiB
2026/08/05 21:38:52.242, NVIDIA H200, 47, 100 %, 41 %, 74463 MiB, 143771 MiB
2026/08/05 21:38:55.243, NVIDIA H200, 45, 98 %, 58 %, 74463 MiB, 143771 MiB
2026/08/05 21:38:58.243, NVIDIA H200, 27, 0 %, 0 %, 74463 MiB, 143771 MiB
2026/08/05 21:39:01.244, NVIDIA H200, 43, 100 %, 39 %, 74463 MiB, 143771 MiB
2026/08/05 21:39:04.244, NVIDIA H200, 48, 100 %, 30 %, 74463 MiB, 143771 MiB
2026/08/05 21:39:07.245, NVIDIA H200, 28, 0 %, 0 %, 74463 MiB, 143771 MiB
2026/08/05 21:39:10.246, NVIDIA H200, 35, 0 %, 0 %, 74463 MiB, 143771 MiB
2026/08/05 21:39:13.246, NVIDIA H200, 32, 100 %, 53 %, 74463 MiB, 143771 MiB
2026/08/05 21:39:16.247, NVIDIA H200, 24, 0 %, 0 %, 74463 MiB, 143771 MiB
2026/08/05 21:39:19.247, NVIDIA H200, 23, 0 %, 0 %, 74463 MiB, 143771 MiB
2026/08/05 21:39:22.248, NVIDIA H200, 23, 0 %, 0 %, 74463 MiB, 143771 MiB
2026/08/05 21:39:25.249, NVIDIA H200, 28, 0 %, 0 %, 74463 MiB, 143771 MiB
2026/08/05 21:39:28.249, NVIDIA H200, 23, 0 %, 0 %, 74463 MiB, 143771 MiB
2026/08/05 21:39:31.250, NVIDIA H200, 45, 100 %, 38 %, 74463 MiB, 143771 MiB
2026/08/05 21:39:34.251, NVIDIA H200, 45, 98 %, 59 %, 74463 MiB, 143771 MiB
2026/08/05 21:39:37.251, NVIDIA H200, 26, 0 %, 0 %, 74463 MiB, 143771 MiB
2026/08/05 21:39:40.252, NVIDIA H200, 25, 0 %, 0 %, 74463 MiB, 143771 MiB
2026/08/05 21:39:43.253, NVIDIA H200, 46, 100 %, 42 %, 74463 MiB, 143771 MiB
2026/08/05 21:39:46.253, NVIDIA H200, 46, 97 %, 50 %, 74463 MiB, 143771 MiB
2026/08/05 21:39:49.254, NVIDIA H200, 25, 0 %, 0 %, 74463 MiB, 143771 MiB
2026/08/05 21:39:52.254, NVIDIA H200, 24, 0 %, 0 %, 74463 MiB, 143771 MiB
2026/08/05 21:39:55.255, NVIDIA H200, 26, 0 %, 0 %, 74463 MiB, 143771 MiB
2026/08/05 21:39:58.256, NVIDIA H200, 24, 0 %, 0 %, 74463 MiB, 143771 MiB
2026/08/05 21:40:01.256, NVIDIA H200, 23, 0 %, 0 %, 74463 MiB, 143771 MiB
2026/08/05 21:40:04.257, NVIDIA H200, 23, 0 %, 0 %, 74463 MiB, 143771 MiB
2026/08/05 21:40:07.257, NVIDIA H200, 23, 0 %, 0 %, 74463 MiB, 143771 MiB
2026/08/05 21:40:10.258, NVIDIA H200, 23, 0 %, 0 %, 74463 MiB, 143771 MiB
2026/08/05 21:40:13.259, NVIDIA H200, 23, 0 %, 0 %, 74463 MiB, 143771 MiB
2026/08/05 21:40:16.259, NVIDIA H200, 23, 0 %, 0 %, 74463 MiB, 143771 MiB
2026/08/05 21:40:19.259, NVIDIA H200, 23, 0 %, 0 %, 74463 MiB, 143771 MiB
2026/08/05 21:40:22.260, NVIDIA H200, 42, 100 %, 43 %, 74463 MiB, 143771 MiB
2026/08/05 21:40:25.260, NVIDIA H200, 46, 98 %, 53 %, 74463 MiB, 143771 MiB
2026/08/05 21:40:28.261, NVIDIA H200, 28, 0 %, 0 %, 74463 MiB, 143771 MiB
2026/08/05 21:40:31.262, NVIDIA H200, 24, 0 %, 0 %, 74463 MiB, 143771 MiB
2026/08/05 21:40:34.262, NVIDIA H200, 38, 100 %, 42 %, 74463 MiB, 143771 MiB
2026/08/05 21:40:37.263, NVIDIA H200, 43, 99 %, 52 %, 74463 MiB, 143771 MiB
2026/08/05 21:40:40.263, NVIDIA H200, 45, 99 %, 31 %, 74463 MiB, 143771 MiB
2026/08/05 21:40:43.264, NVIDIA H200, 25, 0 %, 0 %, 74463 MiB, 143771 MiB
2026/08/05 21:40:46.264, NVIDIA H200, 24, 0 %, 0 %, 74463 MiB, 143771 MiB
2026/08/05 21:40:49.265, NVIDIA H200, 30, 0 %, 0 %, 74463 MiB, 143771 MiB
2026/08/05 21:40:52.265, NVIDIA H200, 24, 0 %, 0 %, 74463 MiB, 143771 MiB
2026/08/05 21:40:55.266, NVIDIA H200, 23, 0 %, 0 %, 74463 MiB, 143771 MiB
2026/08/05 21:40:58.266, NVIDIA H200, 23, 0 %, 0 %, 74463 MiB, 143771 MiB
2026/08/05 21:41:01.267, NVIDIA H200, 23, 0 %, 0 %, 74463 MiB, 143771 MiB
2026/08/05 21:41:04.267, NVIDIA H200, 23, 0 %, 0 %, 74463 MiB, 143771 MiB
2026/08/05 21:41:07.267, NVIDIA H200, 39, 100 %, 49 %, 74463 MiB, 143771 MiB
2026/08/05 21:41:10.268, NVIDIA H200, 40, 100 %, 45 %, 74463 MiB, 143771 MiB
2026/08/05 21:41:13.269, NVIDIA H200, 45, 100 %, 37 %, 74463 MiB, 143771 MiB
2026/08/05 21:41:16.269, NVIDIA H200, 25, 0 %, 0 %, 74463 MiB, 143771 MiB
2026/08/05 21:41:19.270, NVIDIA H200, 45, 100 %, 42 %, 74463 MiB, 143771 MiB
2026/08/05 21:41:22.270, NVIDIA H200, 45, 100 %, 33 %, 74463 MiB, 143771 MiB
2026/08/05 21:41:25.271, NVIDIA H200, 28, 0 %, 0 %, 74463 MiB, 143771 MiB
2026/08/05 21:41:28.272, NVIDIA H200, 24, 0 %, 0 %, 74463 MiB, 143771 MiB
2026/08/05 21:41:31.272, NVIDIA H200, 35, 61 %, 15 %, 74463 MiB, 143771 MiB
2026/08/05 21:41:34.273, NVIDIA H200, 24, 0 %, 0 %, 74463 MiB, 143771 MiB
2026/08/05 21:41:37.273, NVIDIA H200, 23, 0 %, 0 %, 74463 MiB, 143771 MiB
2026/08/05 21:41:40.274, NVIDIA H200, 23, 0 %, 0 %, 74463 MiB, 143771 MiB
2026/08/05 21:41:43.275, NVIDIA H200, 23, 0 %, 0 %, 74463 MiB, 143771 MiB
2026/08/05 21:41:46.275, NVIDIA H200, 23, 0 %, 0 %, 74463 MiB, 143771 MiB
2026/08/05 21:41:49.276, NVIDIA H200, 34, 97 %, 44 %, 74463 MiB, 143771 MiB
2026/08/05 21:41:52.277, NVIDIA H200, 43, 97 %, 50 %, 74463 MiB, 143771 MiB
2026/08/05 21:41:55.277, NVIDIA H200, 47, 98 %, 38 %, 74463 MiB, 143771 MiB
2026/08/05 21:41:58.278, NVIDIA H200, 25, 0 %, 0 %, 74463 MiB, 143771 MiB
2026/08/05 21:42:01.278, NVIDIA H200, 42, 100 %, 42 %, 74463 MiB, 143771 MiB
2026/08/05 21:42:04.279, NVIDIA H200, 45, 100 %, 44 %, 74463 MiB, 143771 MiB
2026/08/05 21:42:07.279, NVIDIA H200, 45, 100 %, 30 %, 74463 MiB, 143771 MiB
2026/08/05 21:42:10.280, NVIDIA H200, 25, 0 %, 0 %, 74463 MiB, 143771 MiB
2026/08/05 21:42:13.280, NVIDIA H200, 40, 73 %, 24 %, 74463 MiB, 143771 MiB
2026/08/05 21:42:16.281, NVIDIA H200, 24, 0 %, 0 %, 74463 MiB, 143771 MiB
2026/08/05 21:42:19.281, NVIDIA H200, 23, 0 %, 0 %, 74463 MiB, 143771 MiB
2026/08/05 21:42:22.282, NVIDIA H200, 23, 0 %, 0 %, 74463 MiB, 143771 MiB
2026/08/05 21:42:25.282, NVIDIA H200, 23, 0 %, 0 %, 74463 MiB, 143771 MiB
2026/08/05 21:42:28.282, NVIDIA H200, 25, 0 %, 0 %, 74463 MiB, 143771 MiB
2026/08/05 21:42:31.283, NVIDIA H200, 26, 0 %, 0 %, 74463 MiB, 143771 MiB
2026/08/05 21:42:34.283, NVIDIA H200, 43, 99 %, 36 %, 74463 MiB, 143771 MiB
2026/08/05 21:42:37.284, NVIDIA H200, 46, 100 %, 40 %, 74463 MiB, 143771 MiB
2026/08/05 21:42:40.284, NVIDIA H200, 24, 0 %, 0 %, 74463 MiB, 143771 MiB
2026/08/05 21:42:43.285, NVIDIA H200, 41, 100 %, 39 %, 74463 MiB, 143771 MiB
2026/08/05 21:42:46.286, NVIDIA H200, 44, 100 %, 43 %, 74463 MiB, 143771 MiB
2026/08/05 21:42:49.286, NVIDIA H200, 47, 100 %, 39 %, 74463 MiB, 143771 MiB
2026/08/05 21:42:52.287, NVIDIA H200, 24, 0 %, 0 %, 74463 MiB, 143771 MiB
2026/08/05 21:42:55.288, NVIDIA H200, 31, 100 %, 56 %, 74463 MiB, 143771 MiB
2026/08/05 21:42:58.288, NVIDIA H200, 24, 0 %, 0 %, 74463 MiB, 143771 MiB
2026/08/05 21:43:01.289, NVIDIA H200, 23, 0 %, 0 %, 74463 MiB, 143771 MiB
2026/08/05 21:43:04.289, NVIDIA H200, 23, 0 %, 0 %, 74463 MiB, 143771 MiB
2026/08/05 21:43:07.289, NVIDIA H200, 23, 0 %, 0 %, 74463 MiB, 143771 MiB
2026/08/05 21:43:10.290, NVIDIA H200, 24, 0 %, 0 %, 74463 MiB, 143771 MiB
2026/08/05 21:43:13.290, NVIDIA H200, 23, 0 %, 0 %, 74463 MiB, 143771 MiB
2026/08/05 21:43:16.291, NVIDIA H200, 43, 100 %, 52 %, 74463 MiB, 143771 MiB
2026/08/05 21:43:19.291, NVIDIA H200, 46, 100 %, 44 %, 74463 MiB, 143771 MiB
2026/08/05 21:43:22.292, NVIDIA H200, 44, 100 %, 37 %, 74463 MiB, 143771 MiB
2026/08/05 21:43:25.292, NVIDIA H200, 39, 97 %, 50 %, 74463 MiB, 143771 MiB
2026/08/05 21:43:28.293, NVIDIA H200, 43, 100 %, 41 %, 74463 MiB, 143771 MiB
2026/08/05 21:43:31.293, NVIDIA H200, 30, 0 %, 0 %, 74463 MiB, 143771 MiB
2026/08/05 21:43:34.294, NVIDIA H200, 24, 0 %, 0 %, 74463 MiB, 143771 MiB
2026/08/05 21:43:37.294, NVIDIA H200, 31, 0 %, 0 %, 74463 MiB, 143771 MiB
2026/08/05 21:43:40.295, NVIDIA H200, 25, 0 %, 0 %, 74463 MiB, 143771 MiB
2026/08/05 21:43:43.295, NVIDIA H200, 23, 0 %, 0 %, 74463 MiB, 143771 MiB
2026/08/05 21:43:46.296, NVIDIA H200, 23, 0 %, 0 %, 74463 MiB, 143771 MiB
2026/08/05 21:43:49.296, NVIDIA H200, 23, 0 %, 0 %, 74463 MiB, 143771 MiB
2026/08/05 21:43:52.298, NVIDIA H200, 23, 0 %, 0 %, 74463 MiB, 143771 MiB
2026/08/05 21:43:55.298, NVIDIA H200, 23, 0 %, 0 %, 74463 MiB, 143771 MiB
2026/08/05 21:43:58.299, NVIDIA H200, 23, 0 %, 0 %, 74463 MiB, 143771 MiB
2026/08/05 21:44:01.299, NVIDIA H200, 40, 100 %, 39 %, 74463 MiB, 143771 MiB
2026/08/05 21:44:04.300, NVIDIA H200, 39, 98 %, 50 %, 74463 MiB, 143771 MiB
2026/08/05 21:44:07.300, NVIDIA H200, 45, 98 %, 35 %, 74463 MiB, 143771 MiB
2026/08/05 21:44:10.301, NVIDIA H200, 26, 0 %, 0 %, 74463 MiB, 143771 MiB
2026/08/05 21:44:13.301, NVIDIA H200, 42, 98 %, 50 %, 74463 MiB, 143771 MiB
2026/08/05 21:44:16.302, NVIDIA H200, 43, 99 %, 33 %, 74463 MiB, 143771 MiB
2026/08/05 21:44:19.303, NVIDIA H200, 47, 100 %, 37 %, 74463 MiB, 143771 MiB
2026/08/05 21:44:22.303, NVIDIA H200, 26, 0 %, 0 %, 74463 MiB, 143771 MiB
2026/08/05 21:44:25.304, NVIDIA H200, 24, 0 %, 0 %, 74463 MiB, 143771 MiB
2026/08/05 21:44:28.304, NVIDIA H200, 42, 98 %, 33 %, 74463 MiB, 143771 MiB
2026/08/05 21:44:31.305, NVIDIA H200, 24, 0 %, 0 %, 74463 MiB, 143771 MiB
2026/08/05 21:44:34.305, NVIDIA H200, 23, 0 %, 0 %, 74463 MiB, 143771 MiB
2026/08/05 21:44:37.306, NVIDIA H200, 23, 0 %, 0 %, 74463 MiB, 143771 MiB
2026/08/05 21:44:40.306, NVIDIA H200, 23, 0 %, 0 %, 74463 MiB, 143771 MiB
2026/08/05 21:44:43.307, NVIDIA H200, 23, 0 %, 0 %, 74463 MiB, 143771 MiB
2026/08/05 21:44:46.307, NVIDIA H200, 24, 0 %, 0 %, 74463 MiB, 143771 MiB
2026/08/05 21:44:49.308, NVIDIA H200, 44, 97 %, 53 %, 74463 MiB, 143771 MiB
2026/08/05 21:44:52.308, NVIDIA H200, 44, 98 %, 32 %, 74463 MiB, 143771 MiB
2026/08/05 21:44:55.309, NVIDIA H200, 34, 100 %, 44 %, 74463 MiB, 143771 MiB
2026/08/05 21:44:58.309, NVIDIA H200, 24, 0 %, 0 %, 74463 MiB, 143771 MiB
2026/08/05 21:45:01.310, NVIDIA H200, 44, 100 %, 49 %, 74463 MiB, 143771 MiB
2026/08/05 21:45:04.311, NVIDIA H200, 47, 100 %, 42 %, 74463 MiB, 143771 MiB
2026/08/05 21:45:07.311, NVIDIA H200, 25, 0 %, 0 %, 74463 MiB, 143771 MiB
2026/08/05 21:45:10.312, NVIDIA H200, 26, 38 %, 19 %, 74463 MiB, 143771 MiB
2026/08/05 21:45:13.313, NVIDIA H200, 38, 100 %, 41 %, 74463 MiB, 143771 MiB
2026/08/05 21:45:16.313, NVIDIA H200, 24, 0 %, 0 %, 74463 MiB, 143771 MiB
2026/08/05 21:45:19.314, NVIDIA H200, 23, 0 %, 0 %, 74463 MiB, 143771 MiB
2026/08/05 21:45:22.314, NVIDIA H200, 23, 0 %, 0 %, 74463 MiB, 143771 MiB
2026/08/05 21:45:25.315, NVIDIA H200, 23, 0 %, 0 %, 74463 MiB, 143771 MiB
2026/08/05 21:45:28.315, NVIDIA H200, 24, 0 %, 0 %, 74463 MiB, 143771 MiB
2026/08/05 21:45:31.316, NVIDIA H200, 42, 100 %, 56 %, 74463 MiB, 143771 MiB
2026/08/05 21:45:34.316, NVIDIA H200, 47, 100 %, 43 %, 74463 MiB, 143771 MiB
2026/08/05 21:45:37.317, NVIDIA H200, 25, 0 %, 0 %, 74463 MiB, 143771 MiB
2026/08/05 21:45:40.318, NVIDIA H200, 42, 100 %, 45 %, 74463 MiB, 143771 MiB
2026/08/05 21:45:43.318, NVIDIA H200, 41, 100 %, 38 %, 74463 MiB, 143771 MiB
2026/08/05 21:45:46.319, NVIDIA H200, 44, 100 %, 55 %, 74463 MiB, 143771 MiB
2026/08/05 21:45:49.319, NVIDIA H200, 26, 0 %, 0 %, 74463 MiB, 143771 MiB
2026/08/05 21:45:52.320, NVIDIA H200, 24, 0 %, 0 %, 74463 MiB, 143771 MiB
2026/08/05 21:45:55.320, NVIDIA H200, 43, 99 %, 54 %, 74463 MiB, 143771 MiB
2026/08/05 21:45:58.321, NVIDIA H200, 24, 0 %, 0 %, 74463 MiB, 143771 MiB
2026/08/05 21:46:01.321, NVIDIA H200, 23, 0 %, 0 %, 74463 MiB, 143771 MiB
2026/08/05 21:46:04.322, NVIDIA H200, 23, 0 %, 0 %, 74463 MiB, 143771 MiB
2026/08/05 21:46:07.322, NVIDIA H200, 23, 0 %, 0 %, 74463 MiB, 143771 MiB
2026/08/05 21:46:10.323, NVIDIA H200, 34, 82 %, 28 %, 74463 MiB, 143771 MiB
2026/08/05 21:46:13.323, NVIDIA H200, 24, 0 %, 0 %, 74463 MiB, 143771 MiB
2026/08/05 21:46:16.324, NVIDIA H200, 43, 100 %, 44 %, 74463 MiB, 143771 MiB
2026/08/05 21:46:19.324, NVIDIA H200, 40, 28 %, 16 %, 74463 MiB, 143771 MiB
2026/08/05 21:46:22.325, NVIDIA H200, 27, 0 %, 0 %, 74463 MiB, 143771 MiB
2026/08/05 21:46:25.326, NVIDIA H200, 46, 100 %, 45 %, 74463 MiB, 143771 MiB
2026/08/05 21:46:28.326, NVIDIA H200, 46, 98 %, 50 %, 74463 MiB, 143771 MiB
2026/08/05 21:46:31.327, NVIDIA H200, 26, 0 %, 0 %, 74463 MiB, 143771 MiB
2026/08/05 21:46:34.327, NVIDIA H200, 24, 0 %, 0 %, 74463 MiB, 143771 MiB
2026/08/05 21:46:37.328, NVIDIA H200, 39, 100 %, 52 %, 74463 MiB, 143771 MiB
2026/08/05 21:46:40.329, NVIDIA H200, 24, 0 %, 0 %, 74463 MiB, 143771 MiB
2026/08/05 21:46:43.329, NVIDIA H200, 23, 0 %, 0 %, 74463 MiB, 143771 MiB
2026/08/05 21:46:46.332, NVIDIA H200, 23, 0 %, 0 %, 74463 MiB, 143771 MiB
2026/08/05 21:46:49.332, NVIDIA H200, 23, 0 %, 0 %, 74463 MiB, 143771 MiB
2026/08/05 21:46:52.333, NVIDIA H200, 36, 100 %, 46 %, 74463 MiB, 143771 MiB
2026/08/05 21:46:55.333, NVIDIA H200, 24, 0 %, 0 %, 74463 MiB, 143771 MiB
2026/08/05 21:46:58.334, NVIDIA H200, 40, 99 %, 43 %, 74463 MiB, 143771 MiB
2026/08/05 21:47:01.334, NVIDIA H200, 49, 100 %, 45 %, 74463 MiB, 143771 MiB
2026/08/05 21:47:04.335, NVIDIA H200, 24, 0 %, 0 %, 74463 MiB, 143771 MiB
2026/08/05 21:47:07.335, NVIDIA H200, 26, 0 %, 0 %, 74463 MiB, 143771 MiB
2026/08/05 21:47:10.336, NVIDIA H200, 45, 100 %, 41 %, 74463 MiB, 143771 MiB
2026/08/05 21:47:13.337, NVIDIA H200, 34, 0 %, 0 %, 74463 MiB, 143771 MiB
2026/08/05 21:47:16.337, NVIDIA H200, 24, 0 %, 0 %, 74463 MiB, 143771 MiB
2026/08/05 21:47:19.338, NVIDIA H200, 23, 0 %, 0 %, 74463 MiB, 143771 MiB
2026/08/05 21:47:22.338, NVIDIA H200, 26, 0 %, 0 %, 74463 MiB, 143771 MiB
2026/08/05 21:47:25.338, NVIDIA H200, 23, 0 %, 0 %, 74463 MiB, 143771 MiB
2026/08/05 21:47:28.339, NVIDIA H200, 23, 0 %, 0 %, 74463 MiB, 143771 MiB
2026/08/05 21:47:31.340, NVIDIA H200, 23, 0 %, 0 %, 74463 MiB, 143771 MiB
2026/08/05 21:47:34.340, NVIDIA H200, 23, 0 %, 0 %, 74463 MiB, 143771 MiB
2026/08/05 21:47:37.341, NVIDIA H200, 23, 0 %, 0 %, 74463 MiB, 143771 MiB
2026/08/05 21:47:40.342, NVIDIA H200, 23, 0 %, 0 %, 74463 MiB, 143771 MiB
2026/08/05 21:47:43.342, NVIDIA H200, 24, 0 %, 0 %, 74463 MiB, 143771 MiB
2026/08/05 21:47:46.343, NVIDIA H200, 23, 0 %, 0 %, 74463 MiB, 143771 MiB
2026/08/05 21:47:49.343, NVIDIA H200, 45, 100 %, 43 %, 74463 MiB, 143771 MiB
2026/08/05 21:47:52.344, NVIDIA H200, 44, 97 %, 51 %, 74463 MiB, 143771 MiB
2026/08/05 21:47:55.344, NVIDIA H200, 39, 100 %, 31 %, 74463 MiB, 143771 MiB
2026/08/05 21:47:58.345, NVIDIA H200, 24, 0 %, 0 %, 74463 MiB, 143771 MiB
2026/08/05 21:48:01.345, NVIDIA H200, 44, 100 %, 47 %, 74463 MiB, 143771 MiB
2026/08/05 21:48:04.346, NVIDIA H200, 47, 100 %, 38 %, 74463 MiB, 143771 MiB
2026/08/05 21:48:07.346, NVIDIA H200, 25, 0 %, 0 %, 74463 MiB, 143771 MiB
2026/08/05 21:48:10.347, NVIDIA H200, 23, 0 %, 0 %, 74463 MiB, 143771 MiB
2026/08/05 21:48:13.348, NVIDIA H200, 40, 99 %, 37 %, 74463 MiB, 143771 MiB
2026/08/05 21:48:16.348, NVIDIA H200, 24, 0 %, 0 %, 74463 MiB, 143771 MiB
2026/08/05 21:48:19.349, NVIDIA H200, 23, 0 %, 0 %, 74463 MiB, 143771 MiB
2026/08/05 21:48:22.350, NVIDIA H200, 23, 0 %, 0 %, 74463 MiB, 143771 MiB
2026/08/05 21:48:25.350, NVIDIA H200, 23, 0 %, 0 %, 74463 MiB, 143771 MiB
2026/08/05 21:48:28.351, NVIDIA H200, 23, 0 %, 0 %, 74463 MiB, 143771 MiB
2026/08/05 21:48:31.351, NVIDIA H200, 23, 0 %, 0 %, 74463 MiB, 143771 MiB
2026/08/05 21:48:34.352, NVIDIA H200, 42, 97 %, 55 %, 74463 MiB, 143771 MiB
2026/08/05 21:48:37.352, NVIDIA H200, 44, 99 %, 26 %, 74463 MiB, 143771 MiB
2026/08/05 21:48:40.353, NVIDIA H200, 26, 0 %, 0 %, 74463 MiB, 143771 MiB
2026/08/05 21:48:43.354, NVIDIA H200, 25, 0 %, 0 %, 74463 MiB, 143771 MiB
2026/08/05 21:48:46.354, NVIDIA H200, 47, 100 %, 41 %, 74463 MiB, 143771 MiB
2026/08/05 21:48:49.355, NVIDIA H200, 45, 100 %, 50 %, 74463 MiB, 143771 MiB
2026/08/05 21:48:52.356, NVIDIA H200, 25, 0 %, 0 %, 74463 MiB, 143771 MiB
2026/08/05 21:48:55.356, NVIDIA H200, 24, 0 %, 0 %, 74463 MiB, 143771 MiB
2026/08/05 21:48:58.357, NVIDIA H200, 41, 98 %, 38 %, 74463 MiB, 143771 MiB
2026/08/05 21:49:01.357, NVIDIA H200, 24, 0 %, 0 %, 74463 MiB, 143771 MiB
2026/08/05 21:49:04.358, NVIDIA H200, 23, 0 %, 0 %, 74463 MiB, 143771 MiB
2026/08/05 21:49:07.359, NVIDIA H200, 23, 0 %, 0 %, 74463 MiB, 143771 MiB
2026/08/05 21:49:10.359, NVIDIA H200, 23, 0 %, 0 %, 74463 MiB, 143771 MiB
2026/08/05 21:49:13.360, NVIDIA H200, 23, 0 %, 0 %, 74463 MiB, 143771 MiB
2026/08/05 21:49:16.360, NVIDIA H200, 34, 0 %, 0 %, 74463 MiB, 143771 MiB
2026/08/05 21:49:19.361, NVIDIA H200, 44, 98 %, 32 %, 74463 MiB, 143771 MiB
2026/08/05 21:49:22.362, NVIDIA H200, 45, 100 %, 40 %, 74463 MiB, 143771 MiB
2026/08/05 21:49:25.362, NVIDIA H200, 27, 0 %, 0 %, 74463 MiB, 143771 MiB
2026/08/05 21:49:28.363, NVIDIA H200, 42, 100 %, 42 %, 74463 MiB, 143771 MiB
2026/08/05 21:49:31.363, NVIDIA H200, 45, 99 %, 47 %, 74463 MiB, 143771 MiB
2026/08/05 21:49:34.364, NVIDIA H200, 44, 100 %, 42 %, 74463 MiB, 143771 MiB
2026/08/05 21:49:37.365, NVIDIA H200, 25, 0 %, 0 %, 74463 MiB, 143771 MiB
2026/08/05 21:49:40.365, NVIDIA H200, 25, 0 %, 0 %, 74463 MiB, 143771 MiB
2026/08/05 21:49:43.366, NVIDIA H200, 33, 100 %, 49 %, 74463 MiB, 143771 MiB
2026/08/05 21:49:46.366, NVIDIA H200, 23, 0 %, 0 %, 74463 MiB, 143771 MiB
2026/08/05 21:49:49.367, NVIDIA H200, 23, 0 %, 0 %, 74463 MiB, 143771 MiB
2026/08/05 21:49:52.367, NVIDIA H200, 23, 0 %, 0 %, 74463 MiB, 143771 MiB
2026/08/05 21:49:55.368, NVIDIA H200, 23, 0 %, 0 %, 74463 MiB, 143771 MiB
2026/08/05 21:49:58.368, NVIDIA H200, 23, 0 %, 0 %, 74463 MiB, 143771 MiB
2026/08/05 21:50:01.369, NVIDIA H200, 23, 0 %, 0 %, 74463 MiB, 143771 MiB
2026/08/05 21:50:04.370, NVIDIA H200, 43, 100 %, 44 %, 74463 MiB, 143771 MiB
2026/08/05 21:50:07.370, NVIDIA H200, 44, 100 %, 44 %, 74463 MiB, 143771 MiB
2026/08/05 21:50:10.371, NVIDIA H200, 25, 0 %, 0 %, 74463 MiB, 143771 MiB
2026/08/05 21:50:13.371, NVIDIA H200, 26, 0 %, 0 %, 74463 MiB, 143771 MiB
2026/08/05 21:50:16.372, NVIDIA H200, 42, 100 %, 42 %, 74463 MiB, 143771 MiB
2026/08/05 21:50:19.372, NVIDIA H200, 47, 100 %, 30 %, 74463 MiB, 143771 MiB
2026/08/05 21:50:22.373, NVIDIA H200, 26, 0 %, 0 %, 74463 MiB, 143771 MiB
2026/08/05 21:50:25.374, NVIDIA H200, 24, 0 %, 0 %, 74463 MiB, 143771 MiB
2026/08/05 21:50:28.375, NVIDIA H200, 34, 100 %, 41 %, 74463 MiB, 143771 MiB
2026/08/05 21:50:31.376, NVIDIA H200, 24, 0 %, 0 %, 74463 MiB, 143771 MiB
2026/08/05 21:50:34.376, NVIDIA H200, 23, 0 %, 0 %, 74463 MiB, 143771 MiB
2026/08/05 21:50:37.377, NVIDIA H200, 23, 0 %, 0 %, 74463 MiB, 143771 MiB
2026/08/05 21:50:40.377, NVIDIA H200, 23, 0 %, 0 %, 74463 MiB, 143771 MiB
2026/08/05 21:50:43.378, NVIDIA H200, 25, 0 %, 0 %, 74463 MiB, 143771 MiB
2026/08/05 21:50:46.378, NVIDIA H200, 39, 98 %, 36 %, 74463 MiB, 143771 MiB
2026/08/05 21:50:49.379, NVIDIA H200, 44, 100 %, 39 %, 74463 MiB, 143771 MiB
2026/08/05 21:50:52.379, NVIDIA H200, 45, 99 %, 46 %, 74463 MiB, 143771 MiB
2026/08/05 21:50:55.380, NVIDIA H200, 24, 0 %, 0 %, 74463 MiB, 143771 MiB
2026/08/05 21:50:58.380, NVIDIA H200, 24, 0 %, 0 %, 74463 MiB, 143771 MiB
2026/08/05 21:51:01.381, NVIDIA H200, 43, 100 %, 41 %, 74463 MiB, 143771 MiB
2026/08/05 21:51:04.381, NVIDIA H200, 46, 99 %, 47 %, 74463 MiB, 143771 MiB
2026/08/05 21:51:07.382, NVIDIA H200, 25, 0 %, 0 %, 74463 MiB, 143771 MiB
2026/08/05 21:51:10.382, NVIDIA H200, 24, 0 %, 0 %, 74463 MiB, 143771 MiB
2026/08/05 21:51:13.383, NVIDIA H200, 38, 99 %, 36 %, 74463 MiB, 143771 MiB
2026/08/05 21:51:16.383, NVIDIA H200, 24, 0 %, 0 %, 74463 MiB, 143771 MiB
2026/08/05 21:51:19.384, NVIDIA H200, 23, 0 %, 0 %, 74463 MiB, 143771 MiB
2026/08/05 21:51:22.384, NVIDIA H200, 23, 0 %, 0 %, 74463 MiB, 143771 MiB
2026/08/05 21:51:25.385, NVIDIA H200, 23, 0 %, 0 %, 74463 MiB, 143771 MiB
2026/08/05 21:51:28.385, NVIDIA H200, 23, 0 %, 0 %, 74463 MiB, 143771 MiB
2026/08/05 21:51:31.386, NVIDIA H200, 23, 0 %, 0 %, 74463 MiB, 143771 MiB
2026/08/05 21:51:34.386, NVIDIA H200, 23, 0 %, 0 %, 74463 MiB, 143771 MiB
2026/08/05 21:51:37.387, NVIDIA H200, 23, 0 %, 0 %, 74463 MiB, 143771 MiB
2026/08/05 21:51:40.387, NVIDIA H200, 30, 0 %, 0 %, 74463 MiB, 143771 MiB
2026/08/05 21:51:43.387, NVIDIA H200, 46, 100 %, 41 %, 74463 MiB, 143771 MiB
2026/08/05 21:51:46.388, NVIDIA H200, 46, 96 %, 49 %, 74463 MiB, 143771 MiB
2026/08/05 21:51:49.388, NVIDIA H200, 26, 0 %, 0 %, 74463 MiB, 143771 MiB
2026/08/05 21:51:52.389, NVIDIA H200, 24, 0 %, 0 %, 74463 MiB, 143771 MiB
2026/08/05 21:51:55.390, NVIDIA H200, 43, 100 %, 50 %, 74463 MiB, 143771 MiB
2026/08/05 21:51:58.390, NVIDIA H200, 47, 100 %, 38 %, 74463 MiB, 143771 MiB
2026/08/05 21:52:01.391, NVIDIA H200, 26, 0 %, 0 %, 74463 MiB, 143771 MiB
2026/08/05 21:52:04.392, NVIDIA H200, 24, 0 %, 0 %, 74463 MiB, 143771 MiB
2026/08/05 21:52:07.392, NVIDIA H200, 41, 98 %, 40 %, 74463 MiB, 143771 MiB
2026/08/05 21:52:10.393, NVIDIA H200, 24, 0 %, 0 %, 74463 MiB, 143771 MiB
2026/08/05 21:52:13.393, NVIDIA H200, 23, 0 %, 0 %, 74463 MiB, 143771 MiB
2026/08/05 21:52:16.394, NVIDIA H200, 23, 0 %, 0 %, 74463 MiB, 143771 MiB
2026/08/05 21:52:19.394, NVIDIA H200, 23, 0 %, 0 %, 74463 MiB, 143771 MiB
2026/08/05 21:52:22.395, NVIDIA H200, 23, 0 %, 0 %, 74463 MiB, 143771 MiB
2026/08/05 21:52:25.395, NVIDIA H200, 41, 98 %, 42 %, 74463 MiB, 143771 MiB
2026/08/05 21:52:28.396, NVIDIA H200, 44, 100 %, 45 %, 74463 MiB, 143771 MiB
2026/08/05 21:52:31.396, NVIDIA H200, 46, 97 %, 52 %, 74463 MiB, 143771 MiB
2026/08/05 21:52:34.397, NVIDIA H200, 24, 0 %, 0 %, 74463 MiB, 143771 MiB
2026/08/05 21:52:37.397, NVIDIA H200, 38, 97 %, 48 %, 74463 MiB, 143771 MiB
2026/08/05 21:52:40.398, NVIDIA H200, 45, 99 %, 36 %, 74463 MiB, 143771 MiB
2026/08/05 21:52:43.398, NVIDIA H200, 42, 100 %, 50 %, 74463 MiB, 143771 MiB
2026/08/05 21:52:46.399, NVIDIA H200, 24, 0 %, 0 %, 74463 MiB, 143771 MiB
2026/08/05 21:52:49.400, NVIDIA H200, 28, 0 %, 0 %, 74463 MiB, 143771 MiB
2026/08/05 21:52:52.400, NVIDIA H200, 25, 0 %, 0 %, 74463 MiB, 143771 MiB
2026/08/05 21:52:55.401, NVIDIA H200, 23, 0 %, 0 %, 74463 MiB, 143771 MiB
2026/08/05 21:52:58.401, NVIDIA H200, 23, 0 %, 0 %, 74463 MiB, 143771 MiB
2026/08/05 21:53:01.402, NVIDIA H200, 23, 0 %, 0 %, 74463 MiB, 143771 MiB
2026/08/05 21:53:04.402, NVIDIA H200, 23, 0 %, 0 %, 74463 MiB, 143771 MiB
2026/08/05 21:53:07.403, NVIDIA H200, 40, 90 %, 49 %, 74463 MiB, 143771 MiB
2026/08/05 21:53:10.403, NVIDIA H200, 44, 99 %, 42 %, 74463 MiB, 143771 MiB
2026/08/05 21:53:13.404, NVIDIA H200, 46, 100 %, 44 %, 74463 MiB, 143771 MiB
2026/08/05 21:53:16.404, NVIDIA H200, 25, 0 %, 0 %, 74463 MiB, 143771 MiB
2026/08/05 21:53:19.405, NVIDIA H200, 36, 98 %, 51 %, 74463 MiB, 143771 MiB
2026/08/05 21:53:22.405, NVIDIA H200, 46, 99 %, 42 %, 74463 MiB, 143771 MiB
2026/08/05 21:53:25.406, NVIDIA H200, 45, 100 %, 49 %, 74463 MiB, 143771 MiB
2026/08/05 21:53:28.406, NVIDIA H200, 25, 0 %, 0 %, 74463 MiB, 143771 MiB
2026/08/05 21:53:31.407, NVIDIA H200, 26, 0 %, 0 %, 74463 MiB, 143771 MiB
2026/08/05 21:53:34.407, NVIDIA H200, 25, 0 %, 0 %, 74463 MiB, 143771 MiB
2026/08/05 21:53:37.408, NVIDIA H200, 23, 0 %, 0 %, 74463 MiB, 143771 MiB
2026/08/05 21:53:40.409, NVIDIA H200, 23, 0 %, 0 %, 74463 MiB, 143771 MiB
2026/08/05 21:53:43.409, NVIDIA H200, 23, 0 %, 0 %, 74463 MiB, 143771 MiB
2026/08/05 21:53:46.410, NVIDIA H200, 23, 0 %, 0 %, 74463 MiB, 143771 MiB
2026/08/05 21:53:49.410, NVIDIA H200, 42, 100 %, 33 %, 74463 MiB, 143771 MiB
2026/08/05 21:53:52.411, NVIDIA H200, 47, 99 %, 43 %, 74463 MiB, 143771 MiB
2026/08/05 21:53:55.412, NVIDIA H200, 46, 100 %, 49 %, 74463 MiB, 143771 MiB
2026/08/05 21:53:58.413, NVIDIA H200, 24, 0 %, 0 %, 74463 MiB, 143771 MiB
2026/08/05 21:54:01.413, NVIDIA H200, 25, 0 %, 0 %, 74463 MiB, 143771 MiB
2026/08/05 21:54:04.414, NVIDIA H200, 44, 100 %, 37 %, 74463 MiB, 143771 MiB
2026/08/05 21:54:07.415, NVIDIA H200, 45, 98 %, 58 %, 74463 MiB, 143771 MiB
2026/08/05 21:54:10.415, NVIDIA H200, 25, 0 %, 0 %, 74463 MiB, 143771 MiB
2026/08/05 21:54:13.416, NVIDIA H200, 24, 0 %, 0 %, 74463 MiB, 143771 MiB
2026/08/05 21:54:16.416, NVIDIA H200, 26, 0 %, 0 %, 74463 MiB, 143771 MiB
2026/08/05 21:54:19.416, NVIDIA H200, 23, 0 %, 0 %, 74463 MiB, 143771 MiB
2026/08/05 21:54:22.417, NVIDIA H200, 23, 0 %, 0 %, 74463 MiB, 143771 MiB
2026/08/05 21:54:25.417, NVIDIA H200, 23, 0 %, 0 %, 74463 MiB, 143771 MiB
2026/08/05 21:54:28.418, NVIDIA H200, 23, 0 %, 0 %, 74463 MiB, 143771 MiB
2026/08/05 21:54:31.418, NVIDIA H200, 23, 0 %, 0 %, 74463 MiB, 143771 MiB
2026/08/05 21:54:34.419, NVIDIA H200, 43, 97 %, 50 %, 74463 MiB, 143771 MiB
2026/08/05 21:54:37.419, NVIDIA H200, 47, 99 %, 41 %, 74463 MiB, 143771 MiB
2026/08/05 21:54:40.419, NVIDIA H200, 29, 0 %, 0 %, 74463 MiB, 143771 MiB
2026/08/05 21:54:43.420, NVIDIA H200, 24, 0 %, 0 %, 74463 MiB, 143771 MiB
2026/08/05 21:54:46.421, NVIDIA H200, 47, 100 %, 48 %, 74463 MiB, 143771 MiB
2026/08/05 21:54:49.421, NVIDIA H200, 45, 97 %, 50 %, 74463 MiB, 143771 MiB
2026/08/05 21:54:52.422, NVIDIA H200, 27, 0 %, 0 %, 74463 MiB, 143771 MiB
2026/08/05 21:54:55.423, NVIDIA H200, 24, 0 %, 0 %, 74463 MiB, 143771 MiB
2026/08/05 21:54:58.423, NVIDIA H200, 38, 99 %, 35 %, 74463 MiB, 143771 MiB
2026/08/05 21:55:01.424, NVIDIA H200, 24, 0 %, 0 %, 74463 MiB, 143771 MiB
2026/08/05 21:55:04.424, NVIDIA H200, 23, 0 %, 0 %, 74463 MiB, 143771 MiB
2026/08/05 21:55:07.425, NVIDIA H200, 23, 0 %, 0 %, 74463 MiB, 143771 MiB
2026/08/05 21:55:10.425, NVIDIA H200, 23, 0 %, 0 %, 74463 MiB, 143771 MiB
2026/08/05 21:55:13.425, NVIDIA H200, 23, 0 %, 0 %, 74463 MiB, 143771 MiB
2026/08/05 21:55:16.426, NVIDIA H200, 23, 0 %, 0 %, 74463 MiB, 143771 MiB
2026/08/05 21:55:19.427, NVIDIA H200, 23, 0 %, 0 %, 74463 MiB, 143771 MiB
2026/08/05 21:55:22.427, NVIDIA H200, 23, 0 %, 0 %, 74463 MiB, 143771 MiB
2026/08/05 21:55:25.428, NVIDIA H200, 23, 0 %, 0 %, 74463 MiB, 143771 MiB
2026/08/05 21:55:28.428, NVIDIA H200, 43, 100 %, 39 %, 74463 MiB, 143771 MiB
2026/08/05 21:55:31.429, NVIDIA H200, 44, 96 %, 55 %, 74463 MiB, 143771 MiB
2026/08/05 21:55:34.429, NVIDIA H200, 37, 45 %, 20 %, 74463 MiB, 143771 MiB
2026/08/05 21:55:37.430, NVIDIA H200, 27, 0 %, 0 %, 74463 MiB, 143771 MiB
2026/08/05 21:55:40.431, NVIDIA H200, 42, 100 %, 49 %, 74463 MiB, 143771 MiB
2026/08/05 21:55:43.431, NVIDIA H200, 46, 97 %, 50 %, 74463 MiB, 143771 MiB
2026/08/05 21:55:46.432, NVIDIA H200, 28, 0 %, 0 %, 74463 MiB, 143771 MiB
2026/08/05 21:55:49.432, NVIDIA H200, 24, 0 %, 0 %, 74463 MiB, 143771 MiB
2026/08/05 21:55:52.433, NVIDIA H200, 38, 97 %, 39 %, 74463 MiB, 143771 MiB
2026/08/05 21:55:55.433, NVIDIA H200, 25, 0 %, 0 %, 74463 MiB, 143771 MiB
2026/08/05 21:55:58.434, NVIDIA H200, 23, 0 %, 0 %, 74463 MiB, 143771 MiB
2026/08/05 21:56:01.435, NVIDIA H200, 23, 0 %, 0 %, 74463 MiB, 143771 MiB
2026/08/05 21:56:04.435, NVIDIA H200, 23, 0 %, 0 %, 74463 MiB, 143771 MiB
2026/08/05 21:56:07.436, NVIDIA H200, 23, 0 %, 0 %, 74463 MiB, 143771 MiB
2026/08/05 21:56:10.436, NVIDIA H200, 25, 0 %, 0 %, 74463 MiB, 143771 MiB
2026/08/05 21:56:13.437, NVIDIA H200, 23, 0 %, 0 %, 74463 MiB, 143771 MiB
2026/08/05 21:56:16.437, NVIDIA H200, 44, 98 %, 50 %, 74463 MiB, 143771 MiB
2026/08/05 21:56:19.437, NVIDIA H200, 44, 99 %, 41 %, 74463 MiB, 143771 MiB
2026/08/05 21:56:22.438, NVIDIA H200, 25, 0 %, 0 %, 74463 MiB, 143771 MiB
2026/08/05 21:56:25.439, NVIDIA H200, 30, 88 %, 39 %, 74463 MiB, 143771 MiB
2026/08/05 21:56:28.439, NVIDIA H200, 44, 100 %, 40 %, 74463 MiB, 143771 MiB
2026/08/05 21:56:31.440, NVIDIA H200, 45, 100 %, 36 %, 74463 MiB, 143771 MiB
2026/08/05 21:56:34.440, NVIDIA H200, 25, 0 %, 0 %, 74463 MiB, 143771 MiB
2026/08/05 21:56:37.441, NVIDIA H200, 24, 0 %, 0 %, 74463 MiB, 143771 MiB
2026/08/05 21:56:40.442, NVIDIA H200, 36, 100 %, 40 %, 74463 MiB, 143771 MiB
2026/08/05 21:56:43.442, NVIDIA H200, 24, 0 %, 0 %, 74463 MiB, 143771 MiB
2026/08/05 21:56:46.442, NVIDIA H200, 23, 0 %, 0 %, 74463 MiB, 143771 MiB
2026/08/05 21:56:49.443, NVIDIA H200, 23, 0 %, 0 %, 74463 MiB, 143771 MiB
2026/08/05 21:56:52.443, NVIDIA H200, 23, 0 %, 0 %, 74463 MiB, 143771 MiB
2026/08/05 21:56:55.444, NVIDIA H200, 23, 0 %, 0 %, 74463 MiB, 143771 MiB
2026/08/05 21:56:58.444, NVIDIA H200, 26, 0 %, 0 %, 74463 MiB, 143771 MiB
2026/08/05 21:57:01.445, NVIDIA H200, 46, 100 %, 56 %, 74463 MiB, 143771 MiB
2026/08/05 21:57:04.445, NVIDIA H200, 45, 100 %, 45 %, 74463 MiB, 143771 MiB
2026/08/05 21:57:07.446, NVIDIA H200, 26, 0 %, 0 %, 74463 MiB, 143771 MiB
2026/08/05 21:57:10.446, NVIDIA H200, 25, 0 %, 0 %, 74463 MiB, 143771 MiB
2026/08/05 21:57:13.447, NVIDIA H200, 41, 98 %, 39 %, 74463 MiB, 143771 MiB
2026/08/05 21:57:16.448, NVIDIA H200, 48, 100 %, 41 %, 74463 MiB, 143771 MiB
2026/08/05 21:57:19.448, NVIDIA H200, 26, 0 %, 0 %, 74463 MiB, 143771 MiB
2026/08/05 21:57:22.449, NVIDIA H200, 24, 0 %, 0 %, 74463 MiB, 143771 MiB
2026/08/05 21:57:25.449, NVIDIA H200, 38, 98 %, 38 %, 74463 MiB, 143771 MiB
2026/08/05 21:57:28.450, NVIDIA H200, 24, 0 %, 0 %, 74463 MiB, 143771 MiB
2026/08/05 21:57:31.451, NVIDIA H200, 23, 0 %, 0 %, 74463 MiB, 143771 MiB
2026/08/05 21:57:34.451, NVIDIA H200, 23, 0 %, 0 %, 74463 MiB, 143771 MiB
2026/08/05 21:57:37.452, NVIDIA H200, 23, 0 %, 0 %, 74463 MiB, 143771 MiB
2026/08/05 21:57:40.452, NVIDIA H200, 23, 0 %, 0 %, 74463 MiB, 143771 MiB
2026/08/05 21:57:43.453, NVIDIA H200, 23, 0 %, 0 %, 74463 MiB, 143771 MiB
2026/08/05 21:57:46.453, NVIDIA H200, 43, 100 %, 42 %, 74463 MiB, 143771 MiB
2026/08/05 21:57:49.454, NVIDIA H200, 46, 100 %, 40 %, 74463 MiB, 143771 MiB
2026/08/05 21:57:52.455, NVIDIA H200, 28, 0 %, 0 %, 74463 MiB, 143771 MiB
2026/08/05 21:57:55.455, NVIDIA H200, 24, 0 %, 0 %, 74463 MiB, 143771 MiB
2026/08/05 21:57:58.456, NVIDIA H200, 43, 97 %, 56 %, 74463 MiB, 143771 MiB
2026/08/05 21:58:01.456, NVIDIA H200, 45, 98 %, 29 %, 74463 MiB, 143771 MiB
2026/08/05 21:58:04.457, NVIDIA H200, 27, 0 %, 0 %, 74463 MiB, 143771 MiB
2026/08/05 21:58:07.458, NVIDIA H200, 24, 0 %, 0 %, 74463 MiB, 143771 MiB
2026/08/05 21:58:10.458, NVIDIA H200, 31, 69 %, 36 %, 74463 MiB, 143771 MiB
2026/08/05 21:58:13.459, NVIDIA H200, 25, 0 %, 0 %, 74463 MiB, 143771 MiB
2026/08/05 21:58:16.460, NVIDIA H200, 24, 0 %, 0 %, 74463 MiB, 143771 MiB
2026/08/05 21:58:19.460, NVIDIA H200, 23, 0 %, 0 %, 74463 MiB, 143771 MiB
2026/08/05 21:58:22.461, NVIDIA H200, 23, 0 %, 0 %, 74463 MiB, 143771 MiB
2026/08/05 21:58:25.461, NVIDIA H200, 26, 0 %, 0 %, 74463 MiB, 143771 MiB
2026/08/05 21:58:28.462, NVIDIA H200, 42, 100 %, 42 %, 74463 MiB, 143771 MiB
2026/08/05 21:58:31.462, NVIDIA H200, 45, 100 %, 39 %, 74463 MiB, 143771 MiB
2026/08/05 21:58:34.463, NVIDIA H200, 34, 0 %, 0 %, 74463 MiB, 143771 MiB
2026/08/05 21:58:37.463, NVIDIA H200, 24, 0 %, 0 %, 74463 MiB, 143771 MiB
2026/08/05 21:58:40.464, NVIDIA H200, 29, 0 %, 0 %, 74463 MiB, 143771 MiB
2026/08/05 21:58:43.465, NVIDIA H200, 46, 100 %, 50 %, 74463 MiB, 143771 MiB
2026/08/05 21:58:46.465, NVIDIA H200, 45, 97 %, 50 %, 74463 MiB, 143771 MiB
2026/08/05 21:58:49.466, NVIDIA H200, 27, 0 %, 0 %, 74463 MiB, 143771 MiB
2026/08/05 21:58:52.466, NVIDIA H200, 24, 0 %, 0 %, 74463 MiB, 143771 MiB
2026/08/05 21:58:55.467, NVIDIA H200, 34, 100 %, 44 %, 74463 MiB, 143771 MiB
2026/08/05 21:58:58.467, NVIDIA H200, 25, 0 %, 0 %, 74463 MiB, 143771 MiB
2026/08/05 21:59:01.468, NVIDIA H200, 24, 0 %, 0 %, 74463 MiB, 143771 MiB
2026/08/05 21:59:04.468, NVIDIA H200, 23, 0 %, 0 %, 74463 MiB, 143771 MiB
2026/08/05 21:59:07.469, NVIDIA H200, 23, 0 %, 0 %, 74467 MiB, 143771 MiB
2026/08/05 21:59:10.470, NVIDIA H200, 23, 0 %, 0 %, 74467 MiB, 143771 MiB
2026/08/05 21:59:13.470, NVIDIA H200, 23, 0 %, 0 %, 74467 MiB, 143771 MiB
2026/08/05 21:59:16.471, NVIDIA H200, 23, 0 %, 0 %, 74467 MiB, 143771 MiB
2026/08/05 21:59:19.472, NVIDIA H200, 23, 0 %, 0 %, 74467 MiB, 143771 MiB
2026/08/05 21:59:22.472, NVIDIA H200, 23, 0 %, 0 %, 74388 MiB, 143771 MiB
2026/08/05 21:59:25.473, NVIDIA H200, 23, 0 %, 0 %, 0 MiB, 143771 MiB
