timestamp, name, temperature.gpu, utilization.gpu [%], utilization.memory [%], memory.used [MiB], memory.total [MiB]
2026/08/06 22:22:28.011, NVIDIA H100 80GB HBM3, 24, 0 %, 0 %, 0 MiB, 81559 MiB
2026/08/06 22:22:31.013, NVIDIA H100 80GB HBM3, 24, 0 %, 0 %, 0 MiB, 81559 MiB
2026/08/06 22:22:34.013, NVIDIA H100 80GB HBM3, 24, 0 %, 0 %, 0 MiB, 81559 MiB
2026/08/06 22:22:37.013, NVIDIA H100 80GB HBM3, 24, 0 %, 0 %, 0 MiB, 81559 MiB
2026/08/06 22:22:40.014, NVIDIA H100 80GB HBM3, 24, 0 %, 0 %, 0 MiB, 81559 MiB
2026/08/06 22:22:43.014, NVIDIA H100 80GB HBM3, 24, 0 %, 0 %, 0 MiB, 81559 MiB
2026/08/06 22:22:46.014, NVIDIA H100 80GB HBM3, 24, 0 %, 0 %, 0 MiB, 81559 MiB
2026/08/06 22:22:49.015, NVIDIA H100 80GB HBM3, 24, 0 %, 0 %, 0 MiB, 81559 MiB
2026/08/06 22:22:52.015, NVIDIA H100 80GB HBM3, 24, 0 %, 0 %, 0 MiB, 81559 MiB
2026/08/06 22:22:55.015, NVIDIA H100 80GB HBM3, 24, 0 %, 0 %, 0 MiB, 81559 MiB
2026/08/06 22:22:58.016, NVIDIA H100 80GB HBM3, 24, 0 %, 0 %, 0 MiB, 81559 MiB
2026/08/06 22:23:01.016, NVIDIA H100 80GB HBM3, 24, 0 %, 0 %, 0 MiB, 81559 MiB
2026/08/06 22:23:04.016, NVIDIA H100 80GB HBM3, 24, 0 %, 0 %, 0 MiB, 81559 MiB
2026/08/06 22:23:07.017, NVIDIA H100 80GB HBM3, 24, 0 %, 0 %, 0 MiB, 81559 MiB
2026/08/06 22:23:10.017, NVIDIA H100 80GB HBM3, 24, 0 %, 0 %, 0 MiB, 81559 MiB
2026/08/06 22:23:13.017, NVIDIA H100 80GB HBM3, 24, 0 %, 0 %, 0 MiB, 81559 MiB
2026/08/06 22:23:16.018, NVIDIA H100 80GB HBM3, 24, 0 %, 0 %, 0 MiB, 81559 MiB
2026/08/06 22:23:19.018, NVIDIA H100 80GB HBM3, 24, 0 %, 0 %, 0 MiB, 81559 MiB
2026/08/06 22:23:22.018, NVIDIA H100 80GB HBM3, 24, 0 %, 0 %, 0 MiB, 81559 MiB
2026/08/06 22:23:25.019, NVIDIA H100 80GB HBM3, 24, 0 %, 0 %, 0 MiB, 81559 MiB
2026/08/06 22:23:28.019, NVIDIA H100 80GB HBM3, 24, 0 %, 0 %, 0 MiB, 81559 MiB
2026/08/06 22:23:31.019, NVIDIA H100 80GB HBM3, 24, 0 %, 0 %, 0 MiB, 81559 MiB
2026/08/06 22:23:34.020, NVIDIA H100 80GB HBM3, 25, 0 %, 0 %, 531 MiB, 81559 MiB
2026/08/06 22:23:37.020, NVIDIA H100 80GB HBM3, 26, 0 %, 0 %, 531 MiB, 81559 MiB
2026/08/06 22:23:40.020, NVIDIA H100 80GB HBM3, 26, 0 %, 0 %, 531 MiB, 81559 MiB
2026/08/06 22:23:43.021, NVIDIA H100 80GB HBM3, 26, 0 %, 0 %, 531 MiB, 81559 MiB
2026/08/06 22:23:46.021, NVIDIA H100 80GB HBM3, 26, 0 %, 0 %, 531 MiB, 81559 MiB
2026/08/06 22:23:49.022, NVIDIA H100 80GB HBM3, 26, 0 %, 0 %, 531 MiB, 81559 MiB
2026/08/06 22:23:52.022, NVIDIA H100 80GB HBM3, 26, 0 %, 0 %, 531 MiB, 81559 MiB
2026/08/06 22:23:55.023, NVIDIA H100 80GB HBM3, 26, 0 %, 0 %, 531 MiB, 81559 MiB
2026/08/06 22:23:58.023, NVIDIA H100 80GB HBM3, 26, 0 %, 0 %, 531 MiB, 81559 MiB
2026/08/06 22:24:01.024, NVIDIA H100 80GB HBM3, 26, 0 %, 0 %, 531 MiB, 81559 MiB
2026/08/06 22:24:04.024, NVIDIA H100 80GB HBM3, 26, 0 %, 0 %, 531 MiB, 81559 MiB
2026/08/06 22:24:07.025, NVIDIA H100 80GB HBM3, 26, 0 %, 0 %, 531 MiB, 81559 MiB
2026/08/06 22:24:10.025, NVIDIA H100 80GB HBM3, 26, 0 %, 0 %, 531 MiB, 81559 MiB
2026/08/06 22:24:13.026, NVIDIA H100 80GB HBM3, 26, 0 %, 0 %, 531 MiB, 81559 MiB
2026/08/06 22:24:16.026, NVIDIA H100 80GB HBM3, 26, 0 %, 0 %, 531 MiB, 81559 MiB
2026/08/06 22:24:19.027, NVIDIA H100 80GB HBM3, 26, 0 %, 0 %, 531 MiB, 81559 MiB
2026/08/06 22:24:22.027, NVIDIA H100 80GB HBM3, 26, 0 %, 0 %, 531 MiB, 81559 MiB
2026/08/06 22:24:25.028, NVIDIA H100 80GB HBM3, 26, 0 %, 0 %, 531 MiB, 81559 MiB
2026/08/06 22:24:28.028, NVIDIA H100 80GB HBM3, 26, 0 %, 0 %, 531 MiB, 81559 MiB
2026/08/06 22:24:31.028, NVIDIA H100 80GB HBM3, 26, 0 %, 0 %, 531 MiB, 81559 MiB
2026/08/06 22:24:34.029, NVIDIA H100 80GB HBM3, 26, 0 %, 0 %, 531 MiB, 81559 MiB
2026/08/06 22:24:37.029, NVIDIA H100 80GB HBM3, 26, 0 %, 0 %, 531 MiB, 81559 MiB
2026/08/06 22:24:40.030, NVIDIA H100 80GB HBM3, 26, 0 %, 0 %, 531 MiB, 81559 MiB
2026/08/06 22:24:43.030, NVIDIA H100 80GB HBM3, 26, 0 %, 0 %, 531 MiB, 81559 MiB
2026/08/06 22:24:46.031, NVIDIA H100 80GB HBM3, 26, 0 %, 0 %, 531 MiB, 81559 MiB
2026/08/06 22:24:49.031, NVIDIA H100 80GB HBM3, 26, 0 %, 0 %, 531 MiB, 81559 MiB
2026/08/06 22:24:52.031, NVIDIA H100 80GB HBM3, 26, 0 %, 0 %, 531 MiB, 81559 MiB
2026/08/06 22:24:55.032, NVIDIA H100 80GB HBM3, 26, 0 %, 0 %, 531 MiB, 81559 MiB
2026/08/06 22:24:58.032, NVIDIA H100 80GB HBM3, 26, 0 %, 0 %, 531 MiB, 81559 MiB
2026/08/06 22:25:01.033, NVIDIA H100 80GB HBM3, 26, 0 %, 0 %, 531 MiB, 81559 MiB
2026/08/06 22:25:04.033, NVIDIA H100 80GB HBM3, 26, 0 %, 0 %, 531 MiB, 81559 MiB
2026/08/06 22:25:07.034, NVIDIA H100 80GB HBM3, 26, 0 %, 0 %, 531 MiB, 81559 MiB
2026/08/06 22:25:10.034, NVIDIA H100 80GB HBM3, 26, 0 %, 0 %, 531 MiB, 81559 MiB
2026/08/06 22:25:13.035, NVIDIA H100 80GB HBM3, 26, 0 %, 0 %, 531 MiB, 81559 MiB
2026/08/06 22:25:16.035, NVIDIA H100 80GB HBM3, 26, 0 %, 0 %, 531 MiB, 81559 MiB
2026/08/06 22:25:19.036, NVIDIA H100 80GB HBM3, 26, 0 %, 0 %, 531 MiB, 81559 MiB
2026/08/06 22:25:22.036, NVIDIA H100 80GB HBM3, 26, 0 %, 0 %, 531 MiB, 81559 MiB
2026/08/06 22:25:25.036, NVIDIA H100 80GB HBM3, 26, 0 %, 0 %, 531 MiB, 81559 MiB
2026/08/06 22:25:28.037, NVIDIA H100 80GB HBM3, 26, 0 %, 0 %, 531 MiB, 81559 MiB
2026/08/06 22:25:31.037, NVIDIA H100 80GB HBM3, 26, 0 %, 0 %, 531 MiB, 81559 MiB
2026/08/06 22:25:34.038, NVIDIA H100 80GB HBM3, 26, 0 %, 0 %, 531 MiB, 81559 MiB
2026/08/06 22:25:37.038, NVIDIA H100 80GB HBM3, 26, 0 %, 0 %, 531 MiB, 81559 MiB
2026/08/06 22:25:40.039, NVIDIA H100 80GB HBM3, 26, 0 %, 0 %, 531 MiB, 81559 MiB
2026/08/06 22:25:43.039, NVIDIA H100 80GB HBM3, 26, 0 %, 0 %, 531 MiB, 81559 MiB
2026/08/06 22:25:46.039, NVIDIA H100 80GB HBM3, 26, 0 %, 0 %, 531 MiB, 81559 MiB
2026/08/06 22:25:49.040, NVIDIA H100 80GB HBM3, 26, 0 %, 0 %, 531 MiB, 81559 MiB
2026/08/06 22:25:52.040, NVIDIA H100 80GB HBM3, 26, 0 %, 0 %, 531 MiB, 81559 MiB
2026/08/06 22:25:55.041, NVIDIA H100 80GB HBM3, 26, 0 %, 0 %, 531 MiB, 81559 MiB
2026/08/06 22:25:58.041, NVIDIA H100 80GB HBM3, 26, 0 %, 0 %, 531 MiB, 81559 MiB
2026/08/06 22:26:01.042, NVIDIA H100 80GB HBM3, 26, 0 %, 0 %, 531 MiB, 81559 MiB
2026/08/06 22:26:04.042, NVIDIA H100 80GB HBM3, 26, 0 %, 0 %, 531 MiB, 81559 MiB
2026/08/06 22:26:07.043, NVIDIA H100 80GB HBM3, 26, 0 %, 0 %, 531 MiB, 81559 MiB
2026/08/06 22:26:10.043, NVIDIA H100 80GB HBM3, 26, 0 %, 0 %, 531 MiB, 81559 MiB
2026/08/06 22:26:13.043, NVIDIA H100 80GB HBM3, 26, 0 %, 0 %, 531 MiB, 81559 MiB
2026/08/06 22:26:16.044, NVIDIA H100 80GB HBM3, 26, 0 %, 0 %, 531 MiB, 81559 MiB
2026/08/06 22:26:19.044, NVIDIA H100 80GB HBM3, 26, 0 %, 0 %, 531 MiB, 81559 MiB
2026/08/06 22:26:22.048, NVIDIA H100 80GB HBM3, 26, 0 %, 0 %, 531 MiB, 81559 MiB
2026/08/06 22:26:25.049, NVIDIA H100 80GB HBM3, 26, 0 %, 0 %, 531 MiB, 81559 MiB
2026/08/06 22:26:28.049, NVIDIA H100 80GB HBM3, 26, 0 %, 0 %, 531 MiB, 81559 MiB
2026/08/06 22:26:31.050, NVIDIA H100 80GB HBM3, 26, 0 %, 0 %, 531 MiB, 81559 MiB
2026/08/06 22:26:34.050, NVIDIA H100 80GB HBM3, 26, 0 %, 0 %, 531 MiB, 81559 MiB
2026/08/06 22:26:37.051, NVIDIA H100 80GB HBM3, 26, 0 %, 0 %, 531 MiB, 81559 MiB
2026/08/06 22:26:40.051, NVIDIA H100 80GB HBM3, 26, 0 %, 0 %, 531 MiB, 81559 MiB
2026/08/06 22:26:43.051, NVIDIA H100 80GB HBM3, 26, 0 %, 0 %, 531 MiB, 81559 MiB
2026/08/06 22:26:46.052, NVIDIA H100 80GB HBM3, 26, 0 %, 0 %, 531 MiB, 81559 MiB
2026/08/06 22:26:49.052, NVIDIA H100 80GB HBM3, 26, 0 %, 0 %, 531 MiB, 81559 MiB
2026/08/06 22:26:52.053, NVIDIA H100 80GB HBM3, 26, 0 %, 0 %, 531 MiB, 81559 MiB
2026/08/06 22:26:55.053, NVIDIA H100 80GB HBM3, 26, 0 %, 0 %, 531 MiB, 81559 MiB
2026/08/06 22:26:58.054, NVIDIA H100 80GB HBM3, 26, 0 %, 0 %, 531 MiB, 81559 MiB
2026/08/06 22:27:01.054, NVIDIA H100 80GB HBM3, 26, 0 %, 0 %, 531 MiB, 81559 MiB
2026/08/06 22:27:04.054, NVIDIA H100 80GB HBM3, 26, 0 %, 0 %, 531 MiB, 81559 MiB
2026/08/06 22:27:07.055, NVIDIA H100 80GB HBM3, 26, 0 %, 0 %, 531 MiB, 81559 MiB
2026/08/06 22:27:10.055, NVIDIA H100 80GB HBM3, 26, 0 %, 0 %, 531 MiB, 81559 MiB
2026/08/06 22:27:13.056, NVIDIA H100 80GB HBM3, 26, 0 %, 0 %, 531 MiB, 81559 MiB
2026/08/06 22:27:16.056, NVIDIA H100 80GB HBM3, 26, 0 %, 0 %, 531 MiB, 81559 MiB
2026/08/06 22:27:19.056, NVIDIA H100 80GB HBM3, 26, 0 %, 0 %, 531 MiB, 81559 MiB
2026/08/06 22:27:22.057, NVIDIA H100 80GB HBM3, 26, 0 %, 0 %, 531 MiB, 81559 MiB
2026/08/06 22:27:25.057, NVIDIA H100 80GB HBM3, 26, 0 %, 0 %, 531 MiB, 81559 MiB
2026/08/06 22:27:28.058, NVIDIA H100 80GB HBM3, 26, 0 %, 0 %, 531 MiB, 81559 MiB
2026/08/06 22:27:31.058, NVIDIA H100 80GB HBM3, 26, 0 %, 0 %, 531 MiB, 81559 MiB
2026/08/06 22:27:34.059, NVIDIA H100 80GB HBM3, 26, 0 %, 0 %, 531 MiB, 81559 MiB
2026/08/06 22:27:37.059, NVIDIA H100 80GB HBM3, 26, 0 %, 0 %, 531 MiB, 81559 MiB
2026/08/06 22:27:40.059, NVIDIA H100 80GB HBM3, 26, 0 %, 0 %, 531 MiB, 81559 MiB
2026/08/06 22:27:43.060, NVIDIA H100 80GB HBM3, 26, 0 %, 0 %, 531 MiB, 81559 MiB
2026/08/06 22:27:46.060, NVIDIA H100 80GB HBM3, 26, 0 %, 0 %, 531 MiB, 81559 MiB
2026/08/06 22:27:49.061, NVIDIA H100 80GB HBM3, 26, 0 %, 0 %, 531 MiB, 81559 MiB
2026/08/06 22:27:52.061, NVIDIA H100 80GB HBM3, 26, 0 %, 0 %, 531 MiB, 81559 MiB
2026/08/06 22:27:55.061, NVIDIA H100 80GB HBM3, 26, 0 %, 0 %, 531 MiB, 81559 MiB
2026/08/06 22:27:58.062, NVIDIA H100 80GB HBM3, 26, 0 %, 0 %, 531 MiB, 81559 MiB
2026/08/06 22:28:01.062, NVIDIA H100 80GB HBM3, 26, 0 %, 0 %, 531 MiB, 81559 MiB
2026/08/06 22:28:04.063, NVIDIA H100 80GB HBM3, 26, 0 %, 0 %, 531 MiB, 81559 MiB
2026/08/06 22:28:07.063, NVIDIA H100 80GB HBM3, 26, 0 %, 0 %, 531 MiB, 81559 MiB
2026/08/06 22:28:10.064, NVIDIA H100 80GB HBM3, 26, 0 %, 0 %, 531 MiB, 81559 MiB
2026/08/06 22:28:13.064, NVIDIA H100 80GB HBM3, 26, 0 %, 0 %, 531 MiB, 81559 MiB
2026/08/06 22:28:16.065, NVIDIA H100 80GB HBM3, 26, 0 %, 0 %, 531 MiB, 81559 MiB
2026/08/06 22:28:19.065, NVIDIA H100 80GB HBM3, 26, 0 %, 0 %, 531 MiB, 81559 MiB
2026/08/06 22:28:22.065, NVIDIA H100 80GB HBM3, 26, 0 %, 0 %, 531 MiB, 81559 MiB
2026/08/06 22:28:25.066, NVIDIA H100 80GB HBM3, 26, 0 %, 0 %, 531 MiB, 81559 MiB
2026/08/06 22:28:28.066, NVIDIA H100 80GB HBM3, 26, 0 %, 0 %, 531 MiB, 81559 MiB
2026/08/06 22:28:31.067, NVIDIA H100 80GB HBM3, 26, 0 %, 0 %, 531 MiB, 81559 MiB
2026/08/06 22:28:34.067, NVIDIA H100 80GB HBM3, 26, 0 %, 0 %, 531 MiB, 81559 MiB
2026/08/06 22:28:37.068, NVIDIA H100 80GB HBM3, 26, 0 %, 0 %, 531 MiB, 81559 MiB
2026/08/06 22:28:40.068, NVIDIA H100 80GB HBM3, 26, 0 %, 0 %, 531 MiB, 81559 MiB
2026/08/06 22:28:43.068, NVIDIA H100 80GB HBM3, 26, 0 %, 0 %, 531 MiB, 81559 MiB
2026/08/06 22:28:46.069, NVIDIA H100 80GB HBM3, 26, 0 %, 0 %, 531 MiB, 81559 MiB
2026/08/06 22:28:49.069, NVIDIA H100 80GB HBM3, 26, 0 %, 0 %, 531 MiB, 81559 MiB
2026/08/06 22:28:52.070, NVIDIA H100 80GB HBM3, 26, 0 %, 0 %, 531 MiB, 81559 MiB
2026/08/06 22:28:55.070, NVIDIA H100 80GB HBM3, 26, 0 %, 0 %, 531 MiB, 81559 MiB
2026/08/06 22:28:58.070, NVIDIA H100 80GB HBM3, 26, 0 %, 0 %, 531 MiB, 81559 MiB
2026/08/06 22:29:01.071, NVIDIA H100 80GB HBM3, 26, 0 %, 0 %, 531 MiB, 81559 MiB
2026/08/06 22:29:04.071, NVIDIA H100 80GB HBM3, 26, 0 %, 0 %, 531 MiB, 81559 MiB
2026/08/06 22:29:07.072, NVIDIA H100 80GB HBM3, 26, 0 %, 0 %, 531 MiB, 81559 MiB
2026/08/06 22:29:10.072, NVIDIA H100 80GB HBM3, 26, 0 %, 0 %, 531 MiB, 81559 MiB
2026/08/06 22:29:13.073, NVIDIA H100 80GB HBM3, 26, 0 %, 0 %, 531 MiB, 81559 MiB
2026/08/06 22:29:16.073, NVIDIA H100 80GB HBM3, 26, 0 %, 0 %, 531 MiB, 81559 MiB
2026/08/06 22:29:19.074, NVIDIA H100 80GB HBM3, 26, 0 %, 0 %, 531 MiB, 81559 MiB
2026/08/06 22:29:22.074, NVIDIA H100 80GB HBM3, 26, 0 %, 0 %, 531 MiB, 81559 MiB
2026/08/06 22:29:25.074, NVIDIA H100 80GB HBM3, 26, 0 %, 0 %, 531 MiB, 81559 MiB
2026/08/06 22:29:28.075, NVIDIA H100 80GB HBM3, 26, 0 %, 0 %, 531 MiB, 81559 MiB
2026/08/06 22:29:31.075, NVIDIA H100 80GB HBM3, 26, 0 %, 0 %, 531 MiB, 81559 MiB
2026/08/06 22:29:34.076, NVIDIA H100 80GB HBM3, 26, 0 %, 0 %, 531 MiB, 81559 MiB
2026/08/06 22:29:37.076, NVIDIA H100 80GB HBM3, 26, 0 %, 0 %, 531 MiB, 81559 MiB
2026/08/06 22:29:40.077, NVIDIA H100 80GB HBM3, 26, 0 %, 0 %, 531 MiB, 81559 MiB
2026/08/06 22:29:43.077, NVIDIA H100 80GB HBM3, 26, 0 %, 0 %, 531 MiB, 81559 MiB
2026/08/06 22:29:46.077, NVIDIA H100 80GB HBM3, 26, 0 %, 0 %, 531 MiB, 81559 MiB
2026/08/06 22:29:49.078, NVIDIA H100 80GB HBM3, 26, 0 %, 0 %, 531 MiB, 81559 MiB
2026/08/06 22:29:52.078, NVIDIA H100 80GB HBM3, 26, 0 %, 0 %, 531 MiB, 81559 MiB
2026/08/06 22:29:55.079, NVIDIA H100 80GB HBM3, 26, 0 %, 0 %, 531 MiB, 81559 MiB
2026/08/06 22:29:58.079, NVIDIA H100 80GB HBM3, 26, 0 %, 0 %, 531 MiB, 81559 MiB
2026/08/06 22:30:01.080, NVIDIA H100 80GB HBM3, 26, 0 %, 0 %, 531 MiB, 81559 MiB
2026/08/06 22:30:04.080, NVIDIA H100 80GB HBM3, 27, 0 %, 0 %, 531 MiB, 81559 MiB
2026/08/06 22:30:07.080, NVIDIA H100 80GB HBM3, 27, 0 %, 0 %, 531 MiB, 81559 MiB
2026/08/06 22:30:10.081, NVIDIA H100 80GB HBM3, 26, 0 %, 0 %, 531 MiB, 81559 MiB
2026/08/06 22:30:13.081, NVIDIA H100 80GB HBM3, 26, 0 %, 0 %, 531 MiB, 81559 MiB
2026/08/06 22:30:16.082, NVIDIA H100 80GB HBM3, 26, 0 %, 0 %, 531 MiB, 81559 MiB
2026/08/06 22:30:19.082, NVIDIA H100 80GB HBM3, 26, 0 %, 0 %, 531 MiB, 81559 MiB
2026/08/06 22:30:22.083, NVIDIA H100 80GB HBM3, 27, 0 %, 0 %, 531 MiB, 81559 MiB
2026/08/06 22:30:25.083, NVIDIA H100 80GB HBM3, 27, 0 %, 0 %, 531 MiB, 81559 MiB
2026/08/06 22:30:28.083, NVIDIA H100 80GB HBM3, 27, 0 %, 0 %, 531 MiB, 81559 MiB
2026/08/06 22:30:31.084, NVIDIA H100 80GB HBM3, 27, 0 %, 0 %, 531 MiB, 81559 MiB
2026/08/06 22:30:34.084, NVIDIA H100 80GB HBM3, 27, 0 %, 0 %, 531 MiB, 81559 MiB
2026/08/06 22:30:37.085, NVIDIA H100 80GB HBM3, 27, 0 %, 0 %, 531 MiB, 81559 MiB
2026/08/06 22:30:40.085, NVIDIA H100 80GB HBM3, 26, 0 %, 0 %, 531 MiB, 81559 MiB
2026/08/06 22:30:43.086, NVIDIA H100 80GB HBM3, 26, 0 %, 0 %, 531 MiB, 81559 MiB
2026/08/06 22:30:46.086, NVIDIA H100 80GB HBM3, 26, 0 %, 0 %, 531 MiB, 81559 MiB
2026/08/06 22:30:49.087, NVIDIA H100 80GB HBM3, 27, 0 %, 0 %, 531 MiB, 81559 MiB
2026/08/06 22:30:52.087, NVIDIA H100 80GB HBM3, 27, 0 %, 0 %, 531 MiB, 81559 MiB
2026/08/06 22:30:55.087, NVIDIA H100 80GB HBM3, 27, 0 %, 0 %, 531 MiB, 81559 MiB
2026/08/06 22:30:58.088, NVIDIA H100 80GB HBM3, 27, 0 %, 0 %, 531 MiB, 81559 MiB
2026/08/06 22:31:01.088, NVIDIA H100 80GB HBM3, 27, 0 %, 0 %, 531 MiB, 81559 MiB
2026/08/06 22:31:04.089, NVIDIA H100 80GB HBM3, 27, 0 %, 0 %, 531 MiB, 81559 MiB
2026/08/06 22:31:07.089, NVIDIA H100 80GB HBM3, 27, 0 %, 0 %, 531 MiB, 81559 MiB
2026/08/06 22:31:10.089, NVIDIA H100 80GB HBM3, 26, 0 %, 0 %, 531 MiB, 81559 MiB
2026/08/06 22:31:13.090, NVIDIA H100 80GB HBM3, 26, 0 %, 0 %, 531 MiB, 81559 MiB
2026/08/06 22:31:16.090, NVIDIA H100 80GB HBM3, 26, 0 %, 0 %, 531 MiB, 81559 MiB
2026/08/06 22:31:19.091, NVIDIA H100 80GB HBM3, 26, 0 %, 0 %, 531 MiB, 81559 MiB
2026/08/06 22:31:22.091, NVIDIA H100 80GB HBM3, 26, 0 %, 0 %, 531 MiB, 81559 MiB
2026/08/06 22:31:25.091, NVIDIA H100 80GB HBM3, 26, 0 %, 0 %, 531 MiB, 81559 MiB
2026/08/06 22:31:28.092, NVIDIA H100 80GB HBM3, 26, 0 %, 0 %, 531 MiB, 81559 MiB
2026/08/06 22:31:31.092, NVIDIA H100 80GB HBM3, 27, 0 %, 0 %, 531 MiB, 81559 MiB
2026/08/06 22:31:34.092, NVIDIA H100 80GB HBM3, 26, 0 %, 0 %, 531 MiB, 81559 MiB
2026/08/06 22:31:37.093, NVIDIA H100 80GB HBM3, 27, 0 %, 0 %, 531 MiB, 81559 MiB
2026/08/06 22:31:40.093, NVIDIA H100 80GB HBM3, 27, 0 %, 0 %, 531 MiB, 81559 MiB
2026/08/06 22:31:43.094, NVIDIA H100 80GB HBM3, 27, 0 %, 0 %, 531 MiB, 81559 MiB
2026/08/06 22:31:46.094, NVIDIA H100 80GB HBM3, 27, 0 %, 0 %, 531 MiB, 81559 MiB
2026/08/06 22:31:49.094, NVIDIA H100 80GB HBM3, 26, 0 %, 0 %, 531 MiB, 81559 MiB
2026/08/06 22:31:52.095, NVIDIA H100 80GB HBM3, 26, 0 %, 0 %, 531 MiB, 81559 MiB
2026/08/06 22:31:55.095, NVIDIA H100 80GB HBM3, 26, 0 %, 0 %, 531 MiB, 81559 MiB
2026/08/06 22:31:58.096, NVIDIA H100 80GB HBM3, 26, 0 %, 0 %, 531 MiB, 81559 MiB
2026/08/06 22:32:01.096, NVIDIA H100 80GB HBM3, 26, 0 %, 0 %, 531 MiB, 81559 MiB
2026/08/06 22:32:04.096, NVIDIA H100 80GB HBM3, 27, 0 %, 0 %, 531 MiB, 81559 MiB
2026/08/06 22:32:07.097, NVIDIA H100 80GB HBM3, 27, 0 %, 0 %, 531 MiB, 81559 MiB
2026/08/06 22:32:10.097, NVIDIA H100 80GB HBM3, 27, 0 %, 0 %, 531 MiB, 81559 MiB
2026/08/06 22:32:13.098, NVIDIA H100 80GB HBM3, 27, 0 %, 0 %, 531 MiB, 81559 MiB
2026/08/06 22:32:16.098, NVIDIA H100 80GB HBM3, 27, 0 %, 0 %, 531 MiB, 81559 MiB
2026/08/06 22:32:19.098, NVIDIA H100 80GB HBM3, 27, 0 %, 0 %, 531 MiB, 81559 MiB
2026/08/06 22:32:22.099, NVIDIA H100 80GB HBM3, 27, 0 %, 0 %, 531 MiB, 81559 MiB
2026/08/06 22:32:25.099, NVIDIA H100 80GB HBM3, 26, 0 %, 0 %, 531 MiB, 81559 MiB
2026/08/06 22:32:28.100, NVIDIA H100 80GB HBM3, 26, 0 %, 0 %, 531 MiB, 81559 MiB
2026/08/06 22:32:31.100, NVIDIA H100 80GB HBM3, 27, 0 %, 0 %, 531 MiB, 81559 MiB
2026/08/06 22:32:34.100, NVIDIA H100 80GB HBM3, 27, 0 %, 0 %, 531 MiB, 81559 MiB
2026/08/06 22:32:37.101, NVIDIA H100 80GB HBM3, 27, 0 %, 0 %, 531 MiB, 81559 MiB
2026/08/06 22:32:40.101, NVIDIA H100 80GB HBM3, 27, 0 %, 0 %, 531 MiB, 81559 MiB
2026/08/06 22:32:43.102, NVIDIA H100 80GB HBM3, 27, 0 %, 0 %, 531 MiB, 81559 MiB
2026/08/06 22:32:46.102, NVIDIA H100 80GB HBM3, 27, 0 %, 0 %, 531 MiB, 81559 MiB
2026/08/06 22:32:49.102, NVIDIA H100 80GB HBM3, 27, 0 %, 0 %, 531 MiB, 81559 MiB
2026/08/06 22:32:52.103, NVIDIA H100 80GB HBM3, 27, 0 %, 0 %, 531 MiB, 81559 MiB
2026/08/06 22:32:55.103, NVIDIA H100 80GB HBM3, 27, 0 %, 0 %, 531 MiB, 81559 MiB
2026/08/06 22:32:58.104, NVIDIA H100 80GB HBM3, 27, 0 %, 0 %, 531 MiB, 81559 MiB
2026/08/06 22:33:01.104, NVIDIA H100 80GB HBM3, 27, 0 %, 0 %, 531 MiB, 81559 MiB
2026/08/06 22:33:04.104, NVIDIA H100 80GB HBM3, 27, 0 %, 0 %, 531 MiB, 81559 MiB
2026/08/06 22:33:07.105, NVIDIA H100 80GB HBM3, 27, 0 %, 0 %, 531 MiB, 81559 MiB
2026/08/06 22:33:10.105, NVIDIA H100 80GB HBM3, 27, 0 %, 0 %, 531 MiB, 81559 MiB
2026/08/06 22:33:13.106, NVIDIA H100 80GB HBM3, 27, 0 %, 0 %, 531 MiB, 81559 MiB
2026/08/06 22:33:16.106, NVIDIA H100 80GB HBM3, 27, 0 %, 0 %, 531 MiB, 81559 MiB
2026/08/06 22:33:19.107, NVIDIA H100 80GB HBM3, 27, 0 %, 0 %, 531 MiB, 81559 MiB
2026/08/06 22:33:22.107, NVIDIA H100 80GB HBM3, 27, 0 %, 0 %, 531 MiB, 81559 MiB
2026/08/06 22:33:25.107, NVIDIA H100 80GB HBM3, 27, 0 %, 0 %, 531 MiB, 81559 MiB
2026/08/06 22:33:28.108, NVIDIA H100 80GB HBM3, 27, 0 %, 0 %, 531 MiB, 81559 MiB
2026/08/06 22:33:31.108, NVIDIA H100 80GB HBM3, 27, 0 %, 0 %, 531 MiB, 81559 MiB
2026/08/06 22:33:34.109, NVIDIA H100 80GB HBM3, 27, 0 %, 0 %, 531 MiB, 81559 MiB
2026/08/06 22:33:37.109, NVIDIA H100 80GB HBM3, 27, 0 %, 0 %, 531 MiB, 81559 MiB
2026/08/06 22:33:40.110, NVIDIA H100 80GB HBM3, 27, 0 %, 0 %, 531 MiB, 81559 MiB
2026/08/06 22:33:43.110, NVIDIA H100 80GB HBM3, 27, 0 %, 0 %, 531 MiB, 81559 MiB
2026/08/06 22:33:46.110, NVIDIA H100 80GB HBM3, 27, 0 %, 0 %, 531 MiB, 81559 MiB
2026/08/06 22:33:49.111, NVIDIA H100 80GB HBM3, 27, 0 %, 0 %, 531 MiB, 81559 MiB
2026/08/06 22:33:52.111, NVIDIA H100 80GB HBM3, 27, 0 %, 0 %, 531 MiB, 81559 MiB
2026/08/06 22:33:55.112, NVIDIA H100 80GB HBM3, 27, 0 %, 0 %, 531 MiB, 81559 MiB
2026/08/06 22:33:58.112, NVIDIA H100 80GB HBM3, 27, 0 %, 0 %, 531 MiB, 81559 MiB
2026/08/06 22:34:01.113, NVIDIA H100 80GB HBM3, 27, 0 %, 0 %, 531 MiB, 81559 MiB
2026/08/06 22:34:04.113, NVIDIA H100 80GB HBM3, 26, 0 %, 0 %, 531 MiB, 81559 MiB
2026/08/06 22:34:07.114, NVIDIA H100 80GB HBM3, 27, 0 %, 0 %, 531 MiB, 81559 MiB
2026/08/06 22:34:10.114, NVIDIA H100 80GB HBM3, 27, 0 %, 0 %, 531 MiB, 81559 MiB
2026/08/06 22:34:13.114, NVIDIA H100 80GB HBM3, 27, 0 %, 0 %, 531 MiB, 81559 MiB
2026/08/06 22:34:16.115, NVIDIA H100 80GB HBM3, 27, 0 %, 0 %, 531 MiB, 81559 MiB
2026/08/06 22:34:19.115, NVIDIA H100 80GB HBM3, 27, 0 %, 0 %, 531 MiB, 81559 MiB
2026/08/06 22:34:22.115, NVIDIA H100 80GB HBM3, 27, 0 %, 0 %, 531 MiB, 81559 MiB
2026/08/06 22:34:25.116, NVIDIA H100 80GB HBM3, 27, 0 %, 0 %, 531 MiB, 81559 MiB
2026/08/06 22:34:28.116, NVIDIA H100 80GB HBM3, 27, 0 %, 0 %, 531 MiB, 81559 MiB
2026/08/06 22:34:31.117, NVIDIA H100 80GB HBM3, 27, 0 %, 0 %, 531 MiB, 81559 MiB
2026/08/06 22:34:34.117, NVIDIA H100 80GB HBM3, 27, 0 %, 0 %, 531 MiB, 81559 MiB
2026/08/06 22:34:37.118, NVIDIA H100 80GB HBM3, 27, 0 %, 0 %, 531 MiB, 81559 MiB
2026/08/06 22:34:40.118, NVIDIA H100 80GB HBM3, 27, 0 %, 0 %, 531 MiB, 81559 MiB
2026/08/06 22:34:43.119, NVIDIA H100 80GB HBM3, 27, 0 %, 0 %, 531 MiB, 81559 MiB
2026/08/06 22:34:46.119, NVIDIA H100 80GB HBM3, 27, 0 %, 0 %, 531 MiB, 81559 MiB
2026/08/06 22:34:49.119, NVIDIA H100 80GB HBM3, 27, 0 %, 0 %, 531 MiB, 81559 MiB
2026/08/06 22:34:52.120, NVIDIA H100 80GB HBM3, 27, 0 %, 0 %, 531 MiB, 81559 MiB
2026/08/06 22:34:55.120, NVIDIA H100 80GB HBM3, 27, 0 %, 0 %, 531 MiB, 81559 MiB
2026/08/06 22:34:58.121, NVIDIA H100 80GB HBM3, 27, 0 %, 0 %, 531 MiB, 81559 MiB
2026/08/06 22:35:01.121, NVIDIA H100 80GB HBM3, 27, 0 %, 0 %, 531 MiB, 81559 MiB
2026/08/06 22:35:04.121, NVIDIA H100 80GB HBM3, 26, 0 %, 0 %, 531 MiB, 81559 MiB
2026/08/06 22:35:07.122, NVIDIA H100 80GB HBM3, 26, 0 %, 0 %, 531 MiB, 81559 MiB
2026/08/06 22:35:10.122, NVIDIA H100 80GB HBM3, 27, 0 %, 0 %, 531 MiB, 81559 MiB
2026/08/06 22:35:13.123, NVIDIA H100 80GB HBM3, 27, 0 %, 0 %, 531 MiB, 81559 MiB
2026/08/06 22:35:16.123, NVIDIA H100 80GB HBM3, 27, 0 %, 0 %, 531 MiB, 81559 MiB
2026/08/06 22:35:19.123, NVIDIA H100 80GB HBM3, 27, 0 %, 0 %, 531 MiB, 81559 MiB
2026/08/06 22:35:22.124, NVIDIA H100 80GB HBM3, 26, 0 %, 0 %, 531 MiB, 81559 MiB
2026/08/06 22:35:25.124, NVIDIA H100 80GB HBM3, 26, 0 %, 0 %, 531 MiB, 81559 MiB
2026/08/06 22:35:28.125, NVIDIA H100 80GB HBM3, 26, 0 %, 0 %, 531 MiB, 81559 MiB
2026/08/06 22:35:31.125, NVIDIA H100 80GB HBM3, 27, 0 %, 0 %, 531 MiB, 81559 MiB
2026/08/06 22:35:34.125, NVIDIA H100 80GB HBM3, 27, 0 %, 0 %, 531 MiB, 81559 MiB
2026/08/06 22:35:37.126, NVIDIA H100 80GB HBM3, 26, 0 %, 0 %, 531 MiB, 81559 MiB
2026/08/06 22:35:40.126, NVIDIA H100 80GB HBM3, 27, 0 %, 0 %, 531 MiB, 81559 MiB
2026/08/06 22:35:43.127, NVIDIA H100 80GB HBM3, 27, 0 %, 0 %, 531 MiB, 81559 MiB
2026/08/06 22:35:46.127, NVIDIA H100 80GB HBM3, 26, 0 %, 0 %, 531 MiB, 81559 MiB
2026/08/06 22:35:49.128, NVIDIA H100 80GB HBM3, 26, 0 %, 0 %, 531 MiB, 81559 MiB
2026/08/06 22:35:52.128, NVIDIA H100 80GB HBM3, 26, 0 %, 0 %, 531 MiB, 81559 MiB
2026/08/06 22:35:55.129, NVIDIA H100 80GB HBM3, 26, 0 %, 0 %, 531 MiB, 81559 MiB
2026/08/06 22:35:58.129, NVIDIA H100 80GB HBM3, 27, 0 %, 0 %, 531 MiB, 81559 MiB
2026/08/06 22:36:01.129, NVIDIA H100 80GB HBM3, 27, 0 %, 0 %, 531 MiB, 81559 MiB
2026/08/06 22:36:04.130, NVIDIA H100 80GB HBM3, 26, 0 %, 0 %, 531 MiB, 81559 MiB
2026/08/06 22:36:07.130, NVIDIA H100 80GB HBM3, 27, 0 %, 0 %, 531 MiB, 81559 MiB
2026/08/06 22:36:10.131, NVIDIA H100 80GB HBM3, 27, 0 %, 0 %, 531 MiB, 81559 MiB
2026/08/06 22:36:13.131, NVIDIA H100 80GB HBM3, 27, 0 %, 0 %, 531 MiB, 81559 MiB
2026/08/06 22:36:16.132, NVIDIA H100 80GB HBM3, 27, 0 %, 0 %, 531 MiB, 81559 MiB
2026/08/06 22:36:19.132, NVIDIA H100 80GB HBM3, 27, 0 %, 0 %, 531 MiB, 81559 MiB
2026/08/06 22:36:22.133, NVIDIA H100 80GB HBM3, 27, 0 %, 0 %, 531 MiB, 81559 MiB
2026/08/06 22:36:25.133, NVIDIA H100 80GB HBM3, 27, 0 %, 0 %, 531 MiB, 81559 MiB
2026/08/06 22:36:28.133, NVIDIA H100 80GB HBM3, 27, 0 %, 0 %, 531 MiB, 81559 MiB
2026/08/06 22:36:31.134, NVIDIA H100 80GB HBM3, 27, 0 %, 0 %, 531 MiB, 81559 MiB
2026/08/06 22:36:34.134, NVIDIA H100 80GB HBM3, 27, 0 %, 0 %, 531 MiB, 81559 MiB
2026/08/06 22:36:37.135, NVIDIA H100 80GB HBM3, 27, 0 %, 0 %, 531 MiB, 81559 MiB
2026/08/06 22:36:40.135, NVIDIA H100 80GB HBM3, 27, 0 %, 0 %, 531 MiB, 81559 MiB
2026/08/06 22:36:43.136, NVIDIA H100 80GB HBM3, 27, 0 %, 0 %, 531 MiB, 81559 MiB
2026/08/06 22:36:46.136, NVIDIA H100 80GB HBM3, 27, 0 %, 0 %, 531 MiB, 81559 MiB
2026/08/06 22:36:49.137, NVIDIA H100 80GB HBM3, 27, 0 %, 0 %, 531 MiB, 81559 MiB
2026/08/06 22:36:52.137, NVIDIA H100 80GB HBM3, 27, 0 %, 0 %, 531 MiB, 81559 MiB
2026/08/06 22:36:55.137, NVIDIA H100 80GB HBM3, 27, 0 %, 0 %, 531 MiB, 81559 MiB
2026/08/06 22:36:58.138, NVIDIA H100 80GB HBM3, 27, 0 %, 0 %, 531 MiB, 81559 MiB
2026/08/06 22:37:01.138, NVIDIA H100 80GB HBM3, 27, 0 %, 0 %, 531 MiB, 81559 MiB
2026/08/06 22:37:04.139, NVIDIA H100 80GB HBM3, 27, 0 %, 0 %, 531 MiB, 81559 MiB
2026/08/06 22:37:07.139, NVIDIA H100 80GB HBM3, 27, 0 %, 0 %, 531 MiB, 81559 MiB
2026/08/06 22:37:10.140, NVIDIA H100 80GB HBM3, 27, 0 %, 0 %, 531 MiB, 81559 MiB
2026/08/06 22:37:13.140, NVIDIA H100 80GB HBM3, 27, 0 %, 0 %, 531 MiB, 81559 MiB
2026/08/06 22:37:16.141, NVIDIA H100 80GB HBM3, 27, 0 %, 0 %, 531 MiB, 81559 MiB
2026/08/06 22:37:19.141, NVIDIA H100 80GB HBM3, 27, 0 %, 0 %, 531 MiB, 81559 MiB
2026/08/06 22:37:22.141, NVIDIA H100 80GB HBM3, 27, 0 %, 0 %, 531 MiB, 81559 MiB
2026/08/06 22:37:25.142, NVIDIA H100 80GB HBM3, 27, 0 %, 0 %, 531 MiB, 81559 MiB
2026/08/06 22:37:28.142, NVIDIA H100 80GB HBM3, 27, 0 %, 0 %, 531 MiB, 81559 MiB
2026/08/06 22:37:31.143, NVIDIA H100 80GB HBM3, 27, 0 %, 0 %, 531 MiB, 81559 MiB
2026/08/06 22:37:34.143, NVIDIA H100 80GB HBM3, 27, 0 %, 0 %, 531 MiB, 81559 MiB
2026/08/06 22:37:37.144, NVIDIA H100 80GB HBM3, 27, 0 %, 0 %, 531 MiB, 81559 MiB
2026/08/06 22:37:40.144, NVIDIA H100 80GB HBM3, 27, 0 %, 0 %, 531 MiB, 81559 MiB
2026/08/06 22:37:43.145, NVIDIA H100 80GB HBM3, 27, 0 %, 0 %, 531 MiB, 81559 MiB
2026/08/06 22:37:46.145, NVIDIA H100 80GB HBM3, 27, 0 %, 0 %, 531 MiB, 81559 MiB
2026/08/06 22:37:49.146, NVIDIA H100 80GB HBM3, 27, 0 %, 0 %, 531 MiB, 81559 MiB
2026/08/06 22:37:52.146, NVIDIA H100 80GB HBM3, 27, 0 %, 0 %, 531 MiB, 81559 MiB
2026/08/06 22:37:55.147, NVIDIA H100 80GB HBM3, 27, 0 %, 0 %, 531 MiB, 81559 MiB
2026/08/06 22:37:58.147, NVIDIA H100 80GB HBM3, 27, 0 %, 0 %, 531 MiB, 81559 MiB
2026/08/06 22:38:01.147, NVIDIA H100 80GB HBM3, 27, 0 %, 0 %, 531 MiB, 81559 MiB
2026/08/06 22:38:04.148, NVIDIA H100 80GB HBM3, 27, 0 %, 0 %, 531 MiB, 81559 MiB
2026/08/06 22:38:07.148, NVIDIA H100 80GB HBM3, 27, 0 %, 0 %, 531 MiB, 81559 MiB
2026/08/06 22:38:10.149, NVIDIA H100 80GB HBM3, 27, 0 %, 0 %, 531 MiB, 81559 MiB
2026/08/06 22:38:13.149, NVIDIA H100 80GB HBM3, 27, 0 %, 0 %, 531 MiB, 81559 MiB
2026/08/06 22:38:16.150, NVIDIA H100 80GB HBM3, 27, 0 %, 0 %, 531 MiB, 81559 MiB
2026/08/06 22:38:19.150, NVIDIA H100 80GB HBM3, 27, 0 %, 0 %, 531 MiB, 81559 MiB
2026/08/06 22:38:22.150, NVIDIA H100 80GB HBM3, 27, 0 %, 0 %, 531 MiB, 81559 MiB
2026/08/06 22:38:25.151, NVIDIA H100 80GB HBM3, 27, 0 %, 0 %, 531 MiB, 81559 MiB
2026/08/06 22:38:28.151, NVIDIA H100 80GB HBM3, 27, 0 %, 0 %, 531 MiB, 81559 MiB
2026/08/06 22:38:31.152, NVIDIA H100 80GB HBM3, 26, 0 %, 0 %, 531 MiB, 81559 MiB
2026/08/06 22:38:34.152, NVIDIA H100 80GB HBM3, 26, 0 %, 0 %, 531 MiB, 81559 MiB
2026/08/06 22:38:37.153, NVIDIA H100 80GB HBM3, 26, 0 %, 0 %, 531 MiB, 81559 MiB
2026/08/06 22:38:40.153, NVIDIA H100 80GB HBM3, 26, 0 %, 0 %, 531 MiB, 81559 MiB
2026/08/06 22:38:43.153, NVIDIA H100 80GB HBM3, 26, 0 %, 0 %, 531 MiB, 81559 MiB
2026/08/06 22:38:46.154, NVIDIA H100 80GB HBM3, 26, 0 %, 0 %, 531 MiB, 81559 MiB
2026/08/06 22:38:49.154, NVIDIA H100 80GB HBM3, 26, 0 %, 0 %, 531 MiB, 81559 MiB
2026/08/06 22:38:52.154, NVIDIA H100 80GB HBM3, 26, 0 %, 0 %, 531 MiB, 81559 MiB
2026/08/06 22:38:55.155, NVIDIA H100 80GB HBM3, 26, 0 %, 0 %, 531 MiB, 81559 MiB
2026/08/06 22:38:58.155, NVIDIA H100 80GB HBM3, 26, 0 %, 0 %, 531 MiB, 81559 MiB
2026/08/06 22:39:01.156, NVIDIA H100 80GB HBM3, 26, 0 %, 0 %, 531 MiB, 81559 MiB
2026/08/06 22:39:04.156, NVIDIA H100 80GB HBM3, 26, 0 %, 0 %, 531 MiB, 81559 MiB
2026/08/06 22:39:07.156, NVIDIA H100 80GB HBM3, 26, 0 %, 0 %, 531 MiB, 81559 MiB
2026/08/06 22:39:10.157, NVIDIA H100 80GB HBM3, 26, 0 %, 0 %, 531 MiB, 81559 MiB
2026/08/06 22:39:13.157, NVIDIA H100 80GB HBM3, 26, 0 %, 0 %, 531 MiB, 81559 MiB
2026/08/06 22:39:16.157, NVIDIA H100 80GB HBM3, 26, 0 %, 0 %, 531 MiB, 81559 MiB
2026/08/06 22:39:19.158, NVIDIA H100 80GB HBM3, 26, 0 %, 0 %, 531 MiB, 81559 MiB
2026/08/06 22:39:22.158, NVIDIA H100 80GB HBM3, 26, 0 %, 0 %, 531 MiB, 81559 MiB
2026/08/06 22:39:25.159, NVIDIA H100 80GB HBM3, 26, 0 %, 0 %, 531 MiB, 81559 MiB
2026/08/06 22:39:28.159, NVIDIA H100 80GB HBM3, 26, 0 %, 0 %, 531 MiB, 81559 MiB
2026/08/06 22:39:31.159, NVIDIA H100 80GB HBM3, 26, 0 %, 0 %, 531 MiB, 81559 MiB
2026/08/06 22:39:34.160, NVIDIA H100 80GB HBM3, 26, 0 %, 0 %, 531 MiB, 81559 MiB
2026/08/06 22:39:37.160, NVIDIA H100 80GB HBM3, 26, 0 %, 0 %, 531 MiB, 81559 MiB
2026/08/06 22:39:40.160, NVIDIA H100 80GB HBM3, 26, 0 %, 0 %, 531 MiB, 81559 MiB
2026/08/06 22:39:43.161, NVIDIA H100 80GB HBM3, 26, 0 %, 0 %, 531 MiB, 81559 MiB
2026/08/06 22:39:46.161, NVIDIA H100 80GB HBM3, 26, 0 %, 0 %, 531 MiB, 81559 MiB
2026/08/06 22:39:49.162, NVIDIA H100 80GB HBM3, 26, 0 %, 0 %, 531 MiB, 81559 MiB
2026/08/06 22:39:52.162, NVIDIA H100 80GB HBM3, 26, 0 %, 0 %, 531 MiB, 81559 MiB
2026/08/06 22:39:55.162, NVIDIA H100 80GB HBM3, 26, 0 %, 0 %, 531 MiB, 81559 MiB
2026/08/06 22:39:58.163, NVIDIA H100 80GB HBM3, 26, 0 %, 0 %, 531 MiB, 81559 MiB
2026/08/06 22:40:01.163, NVIDIA H100 80GB HBM3, 26, 0 %, 0 %, 531 MiB, 81559 MiB
2026/08/06 22:40:04.163, NVIDIA H100 80GB HBM3, 26, 0 %, 0 %, 531 MiB, 81559 MiB
2026/08/06 22:40:07.164, NVIDIA H100 80GB HBM3, 26, 0 %, 0 %, 531 MiB, 81559 MiB
2026/08/06 22:40:10.164, NVIDIA H100 80GB HBM3, 26, 0 %, 0 %, 531 MiB, 81559 MiB
2026/08/06 22:40:13.164, NVIDIA H100 80GB HBM3, 26, 0 %, 0 %, 531 MiB, 81559 MiB
2026/08/06 22:40:16.165, NVIDIA H100 80GB HBM3, 26, 0 %, 0 %, 531 MiB, 81559 MiB
2026/08/06 22:40:19.165, NVIDIA H100 80GB HBM3, 26, 0 %, 0 %, 531 MiB, 81559 MiB
2026/08/06 22:40:22.166, NVIDIA H100 80GB HBM3, 26, 0 %, 0 %, 531 MiB, 81559 MiB
2026/08/06 22:40:25.166, NVIDIA H100 80GB HBM3, 26, 0 %, 0 %, 531 MiB, 81559 MiB
2026/08/06 22:40:28.166, NVIDIA H100 80GB HBM3, 26, 0 %, 0 %, 531 MiB, 81559 MiB
2026/08/06 22:40:31.167, NVIDIA H100 80GB HBM3, 26, 0 %, 0 %, 531 MiB, 81559 MiB
2026/08/06 22:40:34.167, NVIDIA H100 80GB HBM3, 26, 0 %, 0 %, 531 MiB, 81559 MiB
2026/08/06 22:40:37.167, NVIDIA H100 80GB HBM3, 26, 0 %, 0 %, 531 MiB, 81559 MiB
2026/08/06 22:40:40.168, NVIDIA H100 80GB HBM3, 26, 0 %, 0 %, 531 MiB, 81559 MiB
2026/08/06 22:40:43.168, NVIDIA H100 80GB HBM3, 26, 0 %, 0 %, 531 MiB, 81559 MiB
2026/08/06 22:40:46.169, NVIDIA H100 80GB HBM3, 26, 0 %, 0 %, 531 MiB, 81559 MiB
2026/08/06 22:40:49.169, NVIDIA H100 80GB HBM3, 26, 0 %, 0 %, 531 MiB, 81559 MiB
2026/08/06 22:40:52.169, NVIDIA H100 80GB HBM3, 26, 0 %, 0 %, 531 MiB, 81559 MiB
2026/08/06 22:40:55.170, NVIDIA H100 80GB HBM3, 26, 0 %, 0 %, 531 MiB, 81559 MiB
2026/08/06 22:40:58.170, NVIDIA H100 80GB HBM3, 26, 0 %, 0 %, 531 MiB, 81559 MiB
2026/08/06 22:41:01.170, NVIDIA H100 80GB HBM3, 26, 0 %, 0 %, 531 MiB, 81559 MiB
2026/08/06 22:41:04.171, NVIDIA H100 80GB HBM3, 26, 0 %, 0 %, 531 MiB, 81559 MiB
2026/08/06 22:41:07.171, NVIDIA H100 80GB HBM3, 26, 0 %, 0 %, 531 MiB, 81559 MiB
2026/08/06 22:41:10.172, NVIDIA H100 80GB HBM3, 26, 0 %, 0 %, 531 MiB, 81559 MiB
2026/08/06 22:41:13.172, NVIDIA H100 80GB HBM3, 26, 0 %, 0 %, 531 MiB, 81559 MiB
2026/08/06 22:41:16.172, NVIDIA H100 80GB HBM3, 26, 0 %, 0 %, 531 MiB, 81559 MiB
2026/08/06 22:41:19.173, NVIDIA H100 80GB HBM3, 26, 0 %, 0 %, 531 MiB, 81559 MiB
2026/08/06 22:41:22.173, NVIDIA H100 80GB HBM3, 26, 0 %, 0 %, 531 MiB, 81559 MiB
2026/08/06 22:41:25.173, NVIDIA H100 80GB HBM3, 26, 0 %, 0 %, 531 MiB, 81559 MiB
2026/08/06 22:41:28.174, NVIDIA H100 80GB HBM3, 26, 0 %, 0 %, 531 MiB, 81559 MiB
2026/08/06 22:41:31.174, NVIDIA H100 80GB HBM3, 26, 0 %, 0 %, 531 MiB, 81559 MiB
2026/08/06 22:41:34.175, NVIDIA H100 80GB HBM3, 26, 0 %, 0 %, 531 MiB, 81559 MiB
2026/08/06 22:41:37.175, NVIDIA H100 80GB HBM3, 26, 0 %, 0 %, 531 MiB, 81559 MiB
2026/08/06 22:41:40.175, NVIDIA H100 80GB HBM3, 26, 0 %, 0 %, 531 MiB, 81559 MiB
2026/08/06 22:41:43.176, NVIDIA H100 80GB HBM3, 26, 0 %, 0 %, 531 MiB, 81559 MiB
2026/08/06 22:41:46.176, NVIDIA H100 80GB HBM3, 26, 0 %, 0 %, 531 MiB, 81559 MiB
2026/08/06 22:41:49.177, NVIDIA H100 80GB HBM3, 26, 0 %, 0 %, 531 MiB, 81559 MiB
2026/08/06 22:41:52.177, NVIDIA H100 80GB HBM3, 26, 0 %, 0 %, 531 MiB, 81559 MiB
2026/08/06 22:41:55.178, NVIDIA H100 80GB HBM3, 26, 0 %, 0 %, 531 MiB, 81559 MiB
2026/08/06 22:41:58.178, NVIDIA H100 80GB HBM3, 26, 0 %, 0 %, 531 MiB, 81559 MiB
2026/08/06 22:42:01.179, NVIDIA H100 80GB HBM3, 26, 0 %, 0 %, 531 MiB, 81559 MiB
2026/08/06 22:42:04.179, NVIDIA H100 80GB HBM3, 26, 0 %, 0 %, 531 MiB, 81559 MiB
2026/08/06 22:42:07.180, NVIDIA H100 80GB HBM3, 26, 0 %, 0 %, 531 MiB, 81559 MiB
2026/08/06 22:42:10.180, NVIDIA H100 80GB HBM3, 26, 0 %, 0 %, 531 MiB, 81559 MiB
2026/08/06 22:42:13.181, NVIDIA H100 80GB HBM3, 26, 0 %, 0 %, 531 MiB, 81559 MiB
2026/08/06 22:42:16.181, NVIDIA H100 80GB HBM3, 26, 0 %, 0 %, 531 MiB, 81559 MiB
2026/08/06 22:42:19.182, NVIDIA H100 80GB HBM3, 26, 0 %, 0 %, 531 MiB, 81559 MiB
2026/08/06 22:42:22.182, NVIDIA H100 80GB HBM3, 26, 0 %, 0 %, 531 MiB, 81559 MiB
2026/08/06 22:42:25.182, NVIDIA H100 80GB HBM3, 26, 0 %, 0 %, 531 MiB, 81559 MiB
2026/08/06 22:42:28.183, NVIDIA H100 80GB HBM3, 26, 0 %, 0 %, 531 MiB, 81559 MiB
2026/08/06 22:42:31.183, NVIDIA H100 80GB HBM3, 26, 0 %, 0 %, 531 MiB, 81559 MiB
2026/08/06 22:42:34.184, NVIDIA H100 80GB HBM3, 26, 0 %, 0 %, 531 MiB, 81559 MiB
2026/08/06 22:42:37.184, NVIDIA H100 80GB HBM3, 26, 0 %, 0 %, 531 MiB, 81559 MiB
2026/08/06 22:42:40.185, NVIDIA H100 80GB HBM3, 26, 0 %, 0 %, 531 MiB, 81559 MiB
2026/08/06 22:42:43.185, NVIDIA H100 80GB HBM3, 26, 0 %, 0 %, 531 MiB, 81559 MiB
2026/08/06 22:42:46.186, NVIDIA H100 80GB HBM3, 26, 0 %, 0 %, 531 MiB, 81559 MiB
2026/08/06 22:42:49.186, NVIDIA H100 80GB HBM3, 26, 0 %, 0 %, 531 MiB, 81559 MiB
2026/08/06 22:42:52.187, NVIDIA H100 80GB HBM3, 26, 0 %, 0 %, 531 MiB, 81559 MiB
2026/08/06 22:42:55.187, NVIDIA H100 80GB HBM3, 26, 0 %, 0 %, 531 MiB, 81559 MiB
2026/08/06 22:42:58.188, NVIDIA H100 80GB HBM3, 26, 0 %, 0 %, 531 MiB, 81559 MiB
2026/08/06 22:43:01.188, NVIDIA H100 80GB HBM3, 26, 0 %, 0 %, 531 MiB, 81559 MiB
2026/08/06 22:43:04.189, NVIDIA H100 80GB HBM3, 26, 0 %, 0 %, 531 MiB, 81559 MiB
2026/08/06 22:43:07.189, NVIDIA H100 80GB HBM3, 26, 0 %, 0 %, 531 MiB, 81559 MiB
2026/08/06 22:43:10.190, NVIDIA H100 80GB HBM3, 26, 0 %, 0 %, 531 MiB, 81559 MiB
2026/08/06 22:43:13.190, NVIDIA H100 80GB HBM3, 26, 0 %, 0 %, 531 MiB, 81559 MiB
2026/08/06 22:43:16.191, NVIDIA H100 80GB HBM3, 26, 0 %, 0 %, 531 MiB, 81559 MiB
2026/08/06 22:43:19.191, NVIDIA H100 80GB HBM3, 26, 0 %, 0 %, 531 MiB, 81559 MiB
2026/08/06 22:43:22.192, NVIDIA H100 80GB HBM3, 26, 0 %, 0 %, 531 MiB, 81559 MiB
2026/08/06 22:43:25.192, NVIDIA H100 80GB HBM3, 26, 0 %, 0 %, 531 MiB, 81559 MiB
2026/08/06 22:43:28.193, NVIDIA H100 80GB HBM3, 26, 0 %, 0 %, 531 MiB, 81559 MiB
2026/08/06 22:43:31.193, NVIDIA H100 80GB HBM3, 26, 0 %, 0 %, 531 MiB, 81559 MiB
2026/08/06 22:43:34.193, NVIDIA H100 80GB HBM3, 26, 0 %, 0 %, 531 MiB, 81559 MiB
2026/08/06 22:43:37.194, NVIDIA H100 80GB HBM3, 26, 0 %, 0 %, 531 MiB, 81559 MiB
2026/08/06 22:43:40.194, NVIDIA H100 80GB HBM3, 26, 0 %, 0 %, 531 MiB, 81559 MiB
2026/08/06 22:43:43.194, NVIDIA H100 80GB HBM3, 26, 0 %, 0 %, 531 MiB, 81559 MiB
2026/08/06 22:43:46.195, NVIDIA H100 80GB HBM3, 26, 0 %, 0 %, 531 MiB, 81559 MiB
2026/08/06 22:43:49.195, NVIDIA H100 80GB HBM3, 26, 0 %, 0 %, 531 MiB, 81559 MiB
2026/08/06 22:43:52.196, NVIDIA H100 80GB HBM3, 26, 0 %, 0 %, 531 MiB, 81559 MiB
2026/08/06 22:43:55.196, NVIDIA H100 80GB HBM3, 26, 0 %, 0 %, 531 MiB, 81559 MiB
2026/08/06 22:43:58.196, NVIDIA H100 80GB HBM3, 26, 0 %, 0 %, 531 MiB, 81559 MiB
2026/08/06 22:44:01.197, NVIDIA H100 80GB HBM3, 26, 0 %, 0 %, 531 MiB, 81559 MiB
2026/08/06 22:44:04.197, NVIDIA H100 80GB HBM3, 26, 1 %, 0 %, 605 MiB, 81559 MiB
2026/08/06 22:44:07.198, NVIDIA H100 80GB HBM3, 26, 2 %, 1 %, 785 MiB, 81559 MiB
2026/08/06 22:44:10.198, NVIDIA H100 80GB HBM3, 26, 0 %, 0 %, 785 MiB, 81559 MiB
2026/08/06 22:44:13.198, NVIDIA H100 80GB HBM3, 26, 0 %, 0 %, 787 MiB, 81559 MiB
2026/08/06 22:44:16.199, NVIDIA H100 80GB HBM3, 27, 22 %, 10 %, 27189 MiB, 81559 MiB
2026/08/06 22:44:19.199, NVIDIA H100 80GB HBM3, 28, 6 %, 4 %, 17879 MiB, 81559 MiB
2026/08/06 22:44:22.200, NVIDIA H100 80GB HBM3, 28, 0 %, 0 %, 23363 MiB, 81559 MiB
2026/08/06 22:44:25.200, NVIDIA H100 80GB HBM3, 37, 51 %, 22 %, 37309 MiB, 81559 MiB
2026/08/06 22:44:28.201, NVIDIA H100 80GB HBM3, 31, 80 %, 16 %, 69861 MiB, 81559 MiB
2026/08/06 22:44:31.201, NVIDIA H100 80GB HBM3, 27, 0 %, 0 %, 55165 MiB, 81559 MiB
2026/08/06 22:44:34.201, NVIDIA H100 80GB HBM3, 26, 0 %, 0 %, 55171 MiB, 81559 MiB
2026/08/06 22:44:37.202, NVIDIA H100 80GB HBM3, 39, 100 %, 5 %, 63591 MiB, 81559 MiB
2026/08/06 22:44:40.202, NVIDIA H100 80GB HBM3, 39, 100 %, 39 %, 65709 MiB, 81559 MiB
2026/08/06 22:44:43.203, NVIDIA H100 80GB HBM3, 31, 100 %, 1 %, 65709 MiB, 81559 MiB
2026/08/06 22:44:46.203, NVIDIA H100 80GB HBM3, 39, 100 %, 10 %, 47851 MiB, 81559 MiB
2026/08/06 22:44:49.204, NVIDIA H100 80GB HBM3, 43, 91 %, 12 %, 32083 MiB, 81559 MiB
2026/08/06 22:44:52.204, NVIDIA H100 80GB HBM3, 38, 100 %, 2 %, 31341 MiB, 81559 MiB
2026/08/06 22:44:55.205, NVIDIA H100 80GB HBM3, 30, 100 %, 0 %, 31341 MiB, 81559 MiB
2026/08/06 22:44:58.205, NVIDIA H100 80GB HBM3, 42, 100 %, 53 %, 75123 MiB, 81559 MiB
2026/08/06 22:45:01.206, NVIDIA H100 80GB HBM3, 44, 100 %, 43 %, 75123 MiB, 81559 MiB
2026/08/06 22:45:04.206, NVIDIA H100 80GB HBM3, 43, 99 %, 58 %, 75123 MiB, 81559 MiB
2026/08/06 22:45:07.207, NVIDIA H100 80GB HBM3, 42, 100 %, 64 %, 75123 MiB, 81559 MiB
2026/08/06 22:45:10.207, NVIDIA H100 80GB HBM3, 43, 64 %, 33 %, 75123 MiB, 81559 MiB
2026/08/06 22:45:13.208, NVIDIA H100 80GB HBM3, 44, 99 %, 49 %, 75123 MiB, 81559 MiB
2026/08/06 22:45:16.208, NVIDIA H100 80GB HBM3, 45, 97 %, 55 %, 75123 MiB, 81559 MiB
2026/08/06 22:45:19.209, NVIDIA H100 80GB HBM3, 38, 100 %, 60 %, 75123 MiB, 81559 MiB
2026/08/06 22:45:22.209, NVIDIA H100 80GB HBM3, 44, 100 %, 49 %, 75123 MiB, 81559 MiB
2026/08/06 22:45:25.210, NVIDIA H100 80GB HBM3, 44, 100 %, 42 %, 75123 MiB, 81559 MiB
2026/08/06 22:45:28.210, NVIDIA H100 80GB HBM3, 43, 98 %, 72 %, 75123 MiB, 81559 MiB
2026/08/06 22:45:31.210, NVIDIA H100 80GB HBM3, 43, 100 %, 65 %, 75123 MiB, 81559 MiB
2026/08/06 22:45:34.211, NVIDIA H100 80GB HBM3, 42, 0 %, 0 %, 75123 MiB, 81559 MiB
2026/08/06 22:45:37.211, NVIDIA H100 80GB HBM3, 45, 100 %, 53 %, 75123 MiB, 81559 MiB
2026/08/06 22:45:40.212, NVIDIA H100 80GB HBM3, 39, 100 %, 58 %, 75123 MiB, 81559 MiB
2026/08/06 22:45:43.212, NVIDIA H100 80GB HBM3, 44, 100 %, 56 %, 75123 MiB, 81559 MiB
2026/08/06 22:45:46.213, NVIDIA H100 80GB HBM3, 44, 100 %, 54 %, 75123 MiB, 81559 MiB
2026/08/06 22:45:49.213, NVIDIA H100 80GB HBM3, 43, 98 %, 68 %, 75123 MiB, 81559 MiB
2026/08/06 22:45:52.213, NVIDIA H100 80GB HBM3, 42, 100 %, 62 %, 75123 MiB, 81559 MiB
2026/08/06 22:45:55.214, NVIDIA H100 80GB HBM3, 44, 100 %, 53 %, 75123 MiB, 81559 MiB
2026/08/06 22:45:58.214, NVIDIA H100 80GB HBM3, 38, 30 %, 21 %, 75123 MiB, 81559 MiB
2026/08/06 22:46:01.215, NVIDIA H100 80GB HBM3, 44, 100 %, 56 %, 75123 MiB, 81559 MiB
2026/08/06 22:46:04.215, NVIDIA H100 80GB HBM3, 44, 100 %, 56 %, 75123 MiB, 81559 MiB
2026/08/06 22:46:07.215, NVIDIA H100 80GB HBM3, 45, 100 %, 53 %, 75123 MiB, 81559 MiB
2026/08/06 22:46:10.216, NVIDIA H100 80GB HBM3, 46, 100 %, 58 %, 75123 MiB, 81559 MiB
2026/08/06 22:46:13.216, NVIDIA H100 80GB HBM3, 44, 100 %, 55 %, 75123 MiB, 81559 MiB
2026/08/06 22:46:16.217, NVIDIA H100 80GB HBM3, 44, 100 %, 53 %, 75123 MiB, 81559 MiB
2026/08/06 22:46:19.217, NVIDIA H100 80GB HBM3, 43, 100 %, 51 %, 75123 MiB, 81559 MiB
2026/08/06 22:46:22.217, NVIDIA H100 80GB HBM3, 41, 44 %, 25 %, 75123 MiB, 81559 MiB
2026/08/06 22:46:25.218, NVIDIA H100 80GB HBM3, 46, 99 %, 50 %, 75123 MiB, 81559 MiB
2026/08/06 22:46:28.218, NVIDIA H100 80GB HBM3, 44, 99 %, 64 %, 75123 MiB, 81559 MiB
2026/08/06 22:46:31.219, NVIDIA H100 80GB HBM3, 47, 100 %, 51 %, 75123 MiB, 81559 MiB
2026/08/06 22:46:34.219, NVIDIA H100 80GB HBM3, 41, 100 %, 58 %, 75123 MiB, 81559 MiB
2026/08/06 22:46:37.220, NVIDIA H100 80GB HBM3, 44, 100 %, 41 %, 42379 MiB, 81559 MiB
2026/08/06 22:46:40.220, NVIDIA H100 80GB HBM3, 34, 100 %, 1 %, 45345 MiB, 81559 MiB
2026/08/06 22:46:43.220, NVIDIA H100 80GB HBM3, 34, 100 %, 4 %, 46843 MiB, 81559 MiB
2026/08/06 22:46:46.221, NVIDIA H100 80GB HBM3, 34, 56 %, 29 %, 28313 MiB, 81559 MiB
2026/08/06 22:46:49.221, NVIDIA H100 80GB HBM3, 37, 71 %, 19 %, 17411 MiB, 81559 MiB
2026/08/06 22:46:52.222, NVIDIA H100 80GB HBM3, 31, 100 %, 2 %, 23337 MiB, 81559 MiB
2026/08/06 22:46:55.222, NVIDIA H100 80GB HBM3, 28, 0 %, 0 %, 15315 MiB, 81559 MiB
2026/08/06 22:46:58.223, NVIDIA H100 80GB HBM3, 27, 0 %, 0 %, 30019 MiB, 81559 MiB
2026/08/06 22:47:01.223, NVIDIA H100 80GB HBM3, 34, 84 %, 55 %, 30019 MiB, 81559 MiB
2026/08/06 22:47:04.223, NVIDIA H100 80GB HBM3, 40, 100 %, 16 %, 21909 MiB, 81559 MiB
2026/08/06 22:47:07.224, NVIDIA H100 80GB HBM3, 35, 2 %, 0 %, 10991 MiB, 81559 MiB
2026/08/06 22:47:10.224, NVIDIA H100 80GB HBM3, 28, 0 %, 0 %, 10991 MiB, 81559 MiB
2026/08/06 22:47:13.225, NVIDIA H100 80GB HBM3, 33, 15 %, 6 %, 74729 MiB, 81559 MiB
2026/08/06 22:47:16.225, NVIDIA H100 80GB HBM3, 44, 100 %, 49 %, 74729 MiB, 81559 MiB
2026/08/06 22:47:19.226, NVIDIA H100 80GB HBM3, 44, 100 %, 56 %, 74729 MiB, 81559 MiB
2026/08/06 22:47:22.226, NVIDIA H100 80GB HBM3, 46, 100 %, 52 %, 74729 MiB, 81559 MiB
2026/08/06 22:47:25.226, NVIDIA H100 80GB HBM3, 45, 100 %, 58 %, 74729 MiB, 81559 MiB
2026/08/06 22:47:28.227, NVIDIA H100 80GB HBM3, 44, 100 %, 56 %, 74729 MiB, 81559 MiB
2026/08/06 22:47:31.227, NVIDIA H100 80GB HBM3, 43, 100 %, 50 %, 74729 MiB, 81559 MiB
2026/08/06 22:47:34.228, NVIDIA H100 80GB HBM3, 43, 100 %, 52 %, 74729 MiB, 81559 MiB
2026/08/06 22:47:37.228, NVIDIA H100 80GB HBM3, 46, 100 %, 50 %, 74729 MiB, 81559 MiB
2026/08/06 22:47:40.229, NVIDIA H100 80GB HBM3, 43, 98 %, 67 %, 74729 MiB, 81559 MiB
2026/08/06 22:47:43.229, NVIDIA H100 80GB HBM3, 44, 98 %, 66 %, 74729 MiB, 81559 MiB
2026/08/06 22:47:46.229, NVIDIA H100 80GB HBM3, 44, 98 %, 75 %, 74729 MiB, 81559 MiB
2026/08/06 22:47:49.230, NVIDIA H100 80GB HBM3, 43, 98 %, 67 %, 74729 MiB, 81559 MiB
2026/08/06 22:47:52.230, NVIDIA H100 80GB HBM3, 44, 98 %, 62 %, 74729 MiB, 81559 MiB
2026/08/06 22:47:55.231, NVIDIA H100 80GB HBM3, 44, 98 %, 64 %, 74729 MiB, 81559 MiB
2026/08/06 22:47:58.231, NVIDIA H100 80GB HBM3, 44, 100 %, 50 %, 74729 MiB, 81559 MiB
2026/08/06 22:48:01.231, NVIDIA H100 80GB HBM3, 45, 100 %, 39 %, 74729 MiB, 81559 MiB
2026/08/06 22:48:04.232, NVIDIA H100 80GB HBM3, 46, 100 %, 51 %, 74729 MiB, 81559 MiB
2026/08/06 22:48:07.232, NVIDIA H100 80GB HBM3, 46, 100 %, 50 %, 74729 MiB, 81559 MiB
2026/08/06 22:48:10.233, NVIDIA H100 80GB HBM3, 46, 100 %, 48 %, 74729 MiB, 81559 MiB
2026/08/06 22:48:13.233, NVIDIA H100 80GB HBM3, 45, 100 %, 51 %, 74729 MiB, 81559 MiB
2026/08/06 22:48:16.234, NVIDIA H100 80GB HBM3, 45, 100 %, 57 %, 74729 MiB, 81559 MiB
2026/08/06 22:48:19.234, NVIDIA H100 80GB HBM3, 46, 100 %, 51 %, 74729 MiB, 81559 MiB
2026/08/06 22:48:22.234, NVIDIA H100 80GB HBM3, 43, 98 %, 63 %, 74729 MiB, 81559 MiB
2026/08/06 22:48:25.235, NVIDIA H100 80GB HBM3, 44, 98 %, 62 %, 74729 MiB, 81559 MiB
2026/08/06 22:48:28.235, NVIDIA H100 80GB HBM3, 42, 100 %, 63 %, 74729 MiB, 81559 MiB
2026/08/06 22:48:31.236, NVIDIA H100 80GB HBM3, 45, 100 %, 64 %, 74729 MiB, 81559 MiB
2026/08/06 22:48:34.236, NVIDIA H100 80GB HBM3, 45, 100 %, 68 %, 74729 MiB, 81559 MiB
2026/08/06 22:48:37.237, NVIDIA H100 80GB HBM3, 43, 100 %, 63 %, 74729 MiB, 81559 MiB
2026/08/06 22:48:40.237, NVIDIA H100 80GB HBM3, 41, 81 %, 52 %, 74729 MiB, 81559 MiB
2026/08/06 22:48:43.237, NVIDIA H100 80GB HBM3, 45, 100 %, 50 %, 74729 MiB, 81559 MiB
2026/08/06 22:48:46.238, NVIDIA H100 80GB HBM3, 44, 100 %, 54 %, 74729 MiB, 81559 MiB
2026/08/06 22:48:49.238, NVIDIA H100 80GB HBM3, 46, 98 %, 50 %, 74729 MiB, 81559 MiB
2026/08/06 22:48:52.238, NVIDIA H100 80GB HBM3, 30, 0 %, 0 %, 74729 MiB, 81559 MiB
2026/08/06 22:48:55.239, NVIDIA H100 80GB HBM3, 32, 0 %, 0 %, 74729 MiB, 81559 MiB
2026/08/06 22:48:58.239, NVIDIA H100 80GB HBM3, 40, 100 %, 63 %, 74729 MiB, 81559 MiB
2026/08/06 22:49:01.240, NVIDIA H100 80GB HBM3, 29, 0 %, 0 %, 74729 MiB, 81559 MiB
2026/08/06 22:49:04.240, NVIDIA H100 80GB HBM3, 36, 2 %, 2 %, 74729 MiB, 81559 MiB
2026/08/06 22:49:07.241, NVIDIA H100 80GB HBM3, 45, 100 %, 54 %, 74729 MiB, 81559 MiB
2026/08/06 22:49:10.241, NVIDIA H100 80GB HBM3, 38, 49 %, 30 %, 74729 MiB, 81559 MiB
2026/08/06 22:49:13.241, NVIDIA H100 80GB HBM3, 42, 100 %, 59 %, 74729 MiB, 81559 MiB
2026/08/06 22:49:16.242, NVIDIA H100 80GB HBM3, 44, 62 %, 31 %, 74729 MiB, 81559 MiB
2026/08/06 22:49:19.242, NVIDIA H100 80GB HBM3, 39, 18 %, 11 %, 74729 MiB, 81559 MiB
2026/08/06 22:49:22.243, NVIDIA H100 80GB HBM3, 43, 51 %, 23 %, 74729 MiB, 81559 MiB
2026/08/06 22:49:25.243, NVIDIA H100 80GB HBM3, 45, 81 %, 43 %, 74729 MiB, 81559 MiB
2026/08/06 22:49:28.243, NVIDIA H100 80GB HBM3, 45, 85 %, 44 %, 74729 MiB, 81559 MiB
2026/08/06 22:49:31.244, NVIDIA H100 80GB HBM3, 45, 100 %, 63 %, 74729 MiB, 81559 MiB
2026/08/06 22:49:34.244, NVIDIA H100 80GB HBM3, 44, 100 %, 65 %, 74729 MiB, 81559 MiB
2026/08/06 22:49:37.245, NVIDIA H100 80GB HBM3, 45, 100 %, 65 %, 74729 MiB, 81559 MiB
2026/08/06 22:49:40.245, NVIDIA H100 80GB HBM3, 43, 100 %, 62 %, 74729 MiB, 81559 MiB
2026/08/06 22:49:43.245, NVIDIA H100 80GB HBM3, 43, 100 %, 63 %, 74729 MiB, 81559 MiB
2026/08/06 22:49:46.246, NVIDIA H100 80GB HBM3, 45, 100 %, 61 %, 74729 MiB, 81559 MiB
2026/08/06 22:49:49.246, NVIDIA H100 80GB HBM3, 43, 99 %, 66 %, 74729 MiB, 81559 MiB
2026/08/06 22:49:52.247, NVIDIA H100 80GB HBM3, 43, 99 %, 70 %, 74729 MiB, 81559 MiB
2026/08/06 22:49:55.247, NVIDIA H100 80GB HBM3, 44, 100 %, 62 %, 74729 MiB, 81559 MiB
2026/08/06 22:49:58.247, NVIDIA H100 80GB HBM3, 44, 68 %, 35 %, 74729 MiB, 81559 MiB
2026/08/06 22:50:01.248, NVIDIA H100 80GB HBM3, 38, 16 %, 8 %, 74729 MiB, 81559 MiB
2026/08/06 22:50:04.248, NVIDIA H100 80GB HBM3, 44, 100 %, 63 %, 74729 MiB, 81559 MiB
2026/08/06 22:50:07.249, NVIDIA H100 80GB HBM3, 44, 100 %, 55 %, 74729 MiB, 81559 MiB
2026/08/06 22:50:10.249, NVIDIA H100 80GB HBM3, 44, 100 %, 51 %, 74729 MiB, 81559 MiB
2026/08/06 22:50:13.250, NVIDIA H100 80GB HBM3, 44, 100 %, 57 %, 74729 MiB, 81559 MiB
2026/08/06 22:50:16.250, NVIDIA H100 80GB HBM3, 44, 83 %, 45 %, 74729 MiB, 81559 MiB
2026/08/06 22:50:19.250, NVIDIA H100 80GB HBM3, 40, 70 %, 36 %, 74729 MiB, 81559 MiB
2026/08/06 22:50:22.251, NVIDIA H100 80GB HBM3, 39, 80 %, 42 %, 74729 MiB, 81559 MiB
2026/08/06 22:50:25.251, NVIDIA H100 80GB HBM3, 40, 9 %, 0 %, 74729 MiB, 81559 MiB
2026/08/06 22:50:28.252, NVIDIA H100 80GB HBM3, 42, 72 %, 37 %, 74729 MiB, 81559 MiB
2026/08/06 22:50:31.252, NVIDIA H100 80GB HBM3, 44, 100 %, 57 %, 74729 MiB, 81559 MiB
2026/08/06 22:50:34.252, NVIDIA H100 80GB HBM3, 44, 98 %, 62 %, 74729 MiB, 81559 MiB
2026/08/06 22:50:37.253, NVIDIA H100 80GB HBM3, 45, 100 %, 64 %, 74729 MiB, 81559 MiB
2026/08/06 22:50:40.253, NVIDIA H100 80GB HBM3, 46, 100 %, 57 %, 74729 MiB, 81559 MiB
2026/08/06 22:50:43.254, NVIDIA H100 80GB HBM3, 31, 0 %, 0 %, 74729 MiB, 81559 MiB
2026/08/06 22:50:46.254, NVIDIA H100 80GB HBM3, 32, 0 %, 0 %, 74729 MiB, 81559 MiB
2026/08/06 22:50:49.254, NVIDIA H100 80GB HBM3, 32, 0 %, 0 %, 74729 MiB, 81559 MiB
2026/08/06 22:50:52.255, NVIDIA H100 80GB HBM3, 31, 0 %, 0 %, 74729 MiB, 81559 MiB
2026/08/06 22:50:55.255, NVIDIA H100 80GB HBM3, 34, 0 %, 0 %, 74729 MiB, 81559 MiB
2026/08/06 22:50:58.256, NVIDIA H100 80GB HBM3, 37, 0 %, 0 %, 74729 MiB, 81559 MiB
2026/08/06 22:51:01.256, NVIDIA H100 80GB HBM3, 44, 100 %, 51 %, 74729 MiB, 81559 MiB
2026/08/06 22:51:04.257, NVIDIA H100 80GB HBM3, 45, 100 %, 57 %, 74729 MiB, 81559 MiB
2026/08/06 22:51:07.257, NVIDIA H100 80GB HBM3, 45, 100 %, 55 %, 74729 MiB, 81559 MiB
2026/08/06 22:51:10.257, NVIDIA H100 80GB HBM3, 44, 100 %, 54 %, 74729 MiB, 81559 MiB
2026/08/06 22:51:13.258, NVIDIA H100 80GB HBM3, 45, 100 %, 50 %, 74729 MiB, 81559 MiB
2026/08/06 22:51:16.258, NVIDIA H100 80GB HBM3, 46, 100 %, 59 %, 74729 MiB, 81559 MiB
2026/08/06 22:51:19.259, NVIDIA H100 80GB HBM3, 47, 100 %, 54 %, 74729 MiB, 81559 MiB
2026/08/06 22:51:22.259, NVIDIA H100 80GB HBM3, 46, 100 %, 61 %, 74729 MiB, 81559 MiB
2026/08/06 22:51:25.260, NVIDIA H100 80GB HBM3, 46, 100 %, 57 %, 74729 MiB, 81559 MiB
2026/08/06 22:51:28.260, NVIDIA H100 80GB HBM3, 44, 100 %, 53 %, 74729 MiB, 81559 MiB
2026/08/06 22:51:31.261, NVIDIA H100 80GB HBM3, 46, 100 %, 51 %, 74729 MiB, 81559 MiB
2026/08/06 22:51:34.261, NVIDIA H100 80GB HBM3, 44, 100 %, 52 %, 74729 MiB, 81559 MiB
2026/08/06 22:51:37.261, NVIDIA H100 80GB HBM3, 45, 100 %, 53 %, 74729 MiB, 81559 MiB
2026/08/06 22:51:40.262, NVIDIA H100 80GB HBM3, 44, 100 %, 49 %, 74729 MiB, 81559 MiB
2026/08/06 22:51:43.262, NVIDIA H100 80GB HBM3, 46, 100 %, 55 %, 74729 MiB, 81559 MiB
2026/08/06 22:51:46.263, NVIDIA H100 80GB HBM3, 47, 100 %, 58 %, 74729 MiB, 81559 MiB
2026/08/06 22:51:49.263, NVIDIA H100 80GB HBM3, 47, 100 %, 54 %, 74729 MiB, 81559 MiB
2026/08/06 22:51:52.263, NVIDIA H100 80GB HBM3, 46, 100 %, 54 %, 74729 MiB, 81559 MiB
2026/08/06 22:51:55.264, NVIDIA H100 80GB HBM3, 45, 100 %, 50 %, 74729 MiB, 81559 MiB
2026/08/06 22:51:58.264, NVIDIA H100 80GB HBM3, 45, 100 %, 57 %, 74729 MiB, 81559 MiB
2026/08/06 22:52:01.265, NVIDIA H100 80GB HBM3, 44, 100 %, 54 %, 74729 MiB, 81559 MiB
2026/08/06 22:52:04.265, NVIDIA H100 80GB HBM3, 44, 100 %, 59 %, 74729 MiB, 81559 MiB
2026/08/06 22:52:07.265, NVIDIA H100 80GB HBM3, 44, 100 %, 50 %, 74729 MiB, 81559 MiB
2026/08/06 22:52:10.266, NVIDIA H100 80GB HBM3, 43, 100 %, 52 %, 74729 MiB, 81559 MiB
2026/08/06 22:52:13.266, NVIDIA H100 80GB HBM3, 40, 74 %, 38 %, 74729 MiB, 81559 MiB
2026/08/06 22:52:16.267, NVIDIA H100 80GB HBM3, 44, 100 %, 58 %, 74729 MiB, 81559 MiB
2026/08/06 22:52:19.267, NVIDIA H100 80GB HBM3, 44, 100 %, 56 %, 74729 MiB, 81559 MiB
2026/08/06 22:52:22.268, NVIDIA H100 80GB HBM3, 46, 100 %, 58 %, 74729 MiB, 81559 MiB
2026/08/06 22:52:25.268, NVIDIA H100 80GB HBM3, 45, 100 %, 57 %, 74729 MiB, 81559 MiB
2026/08/06 22:52:28.268, NVIDIA H100 80GB HBM3, 46, 99 %, 43 %, 74729 MiB, 81559 MiB
2026/08/06 22:52:31.269, NVIDIA H100 80GB HBM3, 44, 98 %, 68 %, 74729 MiB, 81559 MiB
2026/08/06 22:52:34.269, NVIDIA H100 80GB HBM3, 34, 0 %, 0 %, 74729 MiB, 81559 MiB
2026/08/06 22:52:37.270, NVIDIA H100 80GB HBM3, 29, 0 %, 0 %, 74729 MiB, 81559 MiB
2026/08/06 22:52:40.270, NVIDIA H100 80GB HBM3, 33, 0 %, 0 %, 74729 MiB, 81559 MiB
2026/08/06 22:52:43.271, NVIDIA H100 80GB HBM3, 43, 100 %, 63 %, 74729 MiB, 81559 MiB
2026/08/06 22:52:46.271, NVIDIA H100 80GB HBM3, 29, 0 %, 0 %, 74729 MiB, 81559 MiB
2026/08/06 22:52:49.271, NVIDIA H100 80GB HBM3, 33, 21 %, 13 %, 74729 MiB, 81559 MiB
2026/08/06 22:52:52.272, NVIDIA H100 80GB HBM3, 43, 100 %, 50 %, 74729 MiB, 81559 MiB
2026/08/06 22:52:55.272, NVIDIA H100 80GB HBM3, 45, 100 %, 61 %, 74729 MiB, 81559 MiB
2026/08/06 22:52:58.273, NVIDIA H100 80GB HBM3, 40, 77 %, 42 %, 74729 MiB, 81559 MiB
2026/08/06 22:53:01.273, NVIDIA H100 80GB HBM3, 43, 99 %, 55 %, 74729 MiB, 81559 MiB
2026/08/06 22:53:04.273, NVIDIA H100 80GB HBM3, 45, 98 %, 52 %, 74729 MiB, 81559 MiB
2026/08/06 22:53:07.274, NVIDIA H100 80GB HBM3, 44, 100 %, 63 %, 74729 MiB, 81559 MiB
2026/08/06 22:53:10.274, NVIDIA H100 80GB HBM3, 44, 100 %, 68 %, 74729 MiB, 81559 MiB
2026/08/06 22:53:13.275, NVIDIA H100 80GB HBM3, 44, 99 %, 62 %, 74729 MiB, 81559 MiB
2026/08/06 22:53:16.275, NVIDIA H100 80GB HBM3, 43, 98 %, 65 %, 74729 MiB, 81559 MiB
2026/08/06 22:53:19.275, NVIDIA H100 80GB HBM3, 44, 98 %, 69 %, 74729 MiB, 81559 MiB
2026/08/06 22:53:22.276, NVIDIA H100 80GB HBM3, 44, 100 %, 63 %, 74729 MiB, 81559 MiB
2026/08/06 22:53:25.276, NVIDIA H100 80GB HBM3, 41, 91 %, 62 %, 74729 MiB, 81559 MiB
2026/08/06 22:53:28.277, NVIDIA H100 80GB HBM3, 38, 0 %, 0 %, 74729 MiB, 81559 MiB
2026/08/06 22:53:31.277, NVIDIA H100 80GB HBM3, 40, 75 %, 40 %, 74729 MiB, 81559 MiB
2026/08/06 22:53:34.278, NVIDIA H100 80GB HBM3, 44, 73 %, 30 %, 74729 MiB, 81559 MiB
2026/08/06 22:53:37.278, NVIDIA H100 80GB HBM3, 46, 82 %, 43 %, 74729 MiB, 81559 MiB
2026/08/06 22:53:40.278, NVIDIA H100 80GB HBM3, 45, 88 %, 46 %, 74729 MiB, 81559 MiB
2026/08/06 22:53:43.279, NVIDIA H100 80GB HBM3, 44, 100 %, 55 %, 74729 MiB, 81559 MiB
2026/08/06 22:53:46.279, NVIDIA H100 80GB HBM3, 45, 100 %, 67 %, 74729 MiB, 81559 MiB
2026/08/06 22:53:49.280, NVIDIA H100 80GB HBM3, 44, 99 %, 70 %, 74729 MiB, 81559 MiB
2026/08/06 22:53:52.280, NVIDIA H100 80GB HBM3, 44, 99 %, 71 %, 74729 MiB, 81559 MiB
2026/08/06 22:53:55.281, NVIDIA H100 80GB HBM3, 44, 98 %, 60 %, 74729 MiB, 81559 MiB
2026/08/06 22:53:58.281, NVIDIA H100 80GB HBM3, 46, 100 %, 54 %, 74729 MiB, 81559 MiB
2026/08/06 22:54:01.281, NVIDIA H100 80GB HBM3, 44, 100 %, 59 %, 74729 MiB, 81559 MiB
2026/08/06 22:54:04.282, NVIDIA H100 80GB HBM3, 44, 100 %, 54 %, 74729 MiB, 81559 MiB
2026/08/06 22:54:07.282, NVIDIA H100 80GB HBM3, 44, 100 %, 53 %, 74729 MiB, 81559 MiB
2026/08/06 22:54:10.283, NVIDIA H100 80GB HBM3, 42, 100 %, 57 %, 74729 MiB, 81559 MiB
2026/08/06 22:54:13.283, NVIDIA H100 80GB HBM3, 43, 98 %, 62 %, 74729 MiB, 81559 MiB
2026/08/06 22:54:16.283, NVIDIA H100 80GB HBM3, 41, 62 %, 42 %, 74729 MiB, 81559 MiB
2026/08/06 22:54:19.284, NVIDIA H100 80GB HBM3, 45, 100 %, 53 %, 74729 MiB, 81559 MiB
2026/08/06 22:54:22.284, NVIDIA H100 80GB HBM3, 45, 100 %, 55 %, 74729 MiB, 81559 MiB
2026/08/06 22:54:25.284, NVIDIA H100 80GB HBM3, 45, 100 %, 57 %, 74729 MiB, 81559 MiB
2026/08/06 22:54:28.285, NVIDIA H100 80GB HBM3, 31, 0 %, 0 %, 74729 MiB, 81559 MiB
2026/08/06 22:54:31.285, NVIDIA H100 80GB HBM3, 29, 0 %, 0 %, 74729 MiB, 81559 MiB
2026/08/06 22:54:34.286, NVIDIA H100 80GB HBM3, 39, 46 %, 16 %, 74729 MiB, 81559 MiB
2026/08/06 22:54:37.286, NVIDIA H100 80GB HBM3, 30, 0 %, 0 %, 74729 MiB, 81559 MiB
2026/08/06 22:54:40.287, NVIDIA H100 80GB HBM3, 28, 0 %, 0 %, 74729 MiB, 81559 MiB
2026/08/06 22:54:43.287, NVIDIA H100 80GB HBM3, 28, 0 %, 0 %, 74729 MiB, 81559 MiB
2026/08/06 22:54:46.287, NVIDIA H100 80GB HBM3, 27, 0 %, 0 %, 74729 MiB, 81559 MiB
2026/08/06 22:54:49.288, NVIDIA H100 80GB HBM3, 36, 45 %, 27 %, 74729 MiB, 81559 MiB
2026/08/06 22:54:52.288, NVIDIA H100 80GB HBM3, 44, 100 %, 65 %, 74729 MiB, 81559 MiB
2026/08/06 22:54:55.289, NVIDIA H100 80GB HBM3, 44, 98 %, 71 %, 74729 MiB, 81559 MiB
2026/08/06 22:54:58.289, NVIDIA H100 80GB HBM3, 43, 98 %, 72 %, 74729 MiB, 81559 MiB
2026/08/06 22:55:01.289, NVIDIA H100 80GB HBM3, 45, 100 %, 46 %, 74729 MiB, 81559 MiB
2026/08/06 22:55:04.290, NVIDIA H100 80GB HBM3, 45, 100 %, 51 %, 74729 MiB, 81559 MiB
2026/08/06 22:55:07.290, NVIDIA H100 80GB HBM3, 45, 100 %, 54 %, 74729 MiB, 81559 MiB
2026/08/06 22:55:10.291, NVIDIA H100 80GB HBM3, 45, 100 %, 63 %, 74729 MiB, 81559 MiB
2026/08/06 22:55:13.291, NVIDIA H100 80GB HBM3, 46, 100 %, 49 %, 74729 MiB, 81559 MiB
2026/08/06 22:55:16.291, NVIDIA H100 80GB HBM3, 44, 100 %, 53 %, 74729 MiB, 81559 MiB
2026/08/06 22:55:19.292, NVIDIA H100 80GB HBM3, 44, 100 %, 57 %, 74729 MiB, 81559 MiB
2026/08/06 22:55:22.292, NVIDIA H100 80GB HBM3, 44, 100 %, 56 %, 74729 MiB, 81559 MiB
2026/08/06 22:55:25.293, NVIDIA H100 80GB HBM3, 44, 100 %, 57 %, 74729 MiB, 81559 MiB
2026/08/06 22:55:28.293, NVIDIA H100 80GB HBM3, 44, 100 %, 54 %, 74729 MiB, 81559 MiB
2026/08/06 22:55:31.293, NVIDIA H100 80GB HBM3, 45, 100 %, 54 %, 74729 MiB, 81559 MiB
2026/08/06 22:55:34.294, NVIDIA H100 80GB HBM3, 45, 100 %, 50 %, 74729 MiB, 81559 MiB
2026/08/06 22:55:37.294, NVIDIA H100 80GB HBM3, 45, 100 %, 51 %, 74729 MiB, 81559 MiB
2026/08/06 22:55:40.295, NVIDIA H100 80GB HBM3, 44, 100 %, 53 %, 74729 MiB, 81559 MiB
2026/08/06 22:55:43.295, NVIDIA H100 80GB HBM3, 42, 100 %, 58 %, 74729 MiB, 81559 MiB
2026/08/06 22:55:46.295, NVIDIA H100 80GB HBM3, 43, 100 %, 55 %, 74729 MiB, 81559 MiB
2026/08/06 22:55:49.296, NVIDIA H100 80GB HBM3, 45, 72 %, 37 %, 74729 MiB, 81559 MiB
2026/08/06 22:55:52.296, NVIDIA H100 80GB HBM3, 44, 55 %, 24 %, 74729 MiB, 81559 MiB
2026/08/06 22:55:55.297, NVIDIA H100 80GB HBM3, 44, 78 %, 41 %, 74729 MiB, 81559 MiB
2026/08/06 22:55:58.297, NVIDIA H100 80GB HBM3, 44, 100 %, 62 %, 74729 MiB, 81559 MiB
2026/08/06 22:56:01.298, NVIDIA H100 80GB HBM3, 45, 99 %, 65 %, 74729 MiB, 81559 MiB
2026/08/06 22:56:04.298, NVIDIA H100 80GB HBM3, 45, 98 %, 72 %, 74729 MiB, 81559 MiB
2026/08/06 22:56:07.298, NVIDIA H100 80GB HBM3, 45, 98 %, 61 %, 74729 MiB, 81559 MiB
2026/08/06 22:56:10.299, NVIDIA H100 80GB HBM3, 44, 99 %, 70 %, 74729 MiB, 81559 MiB
2026/08/06 22:56:13.299, NVIDIA H100 80GB HBM3, 41, 100 %, 64 %, 74729 MiB, 81559 MiB
2026/08/06 22:56:16.300, NVIDIA H100 80GB HBM3, 46, 99 %, 59 %, 74729 MiB, 81559 MiB
2026/08/06 22:56:19.300, NVIDIA H100 80GB HBM3, 45, 100 %, 53 %, 74729 MiB, 81559 MiB
2026/08/06 22:56:22.301, NVIDIA H100 80GB HBM3, 46, 100 %, 53 %, 74729 MiB, 81559 MiB
2026/08/06 22:56:25.301, NVIDIA H100 80GB HBM3, 30, 0 %, 0 %, 74729 MiB, 81559 MiB
2026/08/06 22:56:28.301, NVIDIA H100 80GB HBM3, 29, 0 %, 0 %, 74729 MiB, 81559 MiB
2026/08/06 22:56:31.302, NVIDIA H100 80GB HBM3, 41, 100 %, 51 %, 74729 MiB, 81559 MiB
2026/08/06 22:56:34.302, NVIDIA H100 80GB HBM3, 29, 0 %, 0 %, 74729 MiB, 81559 MiB
2026/08/06 22:56:37.303, NVIDIA H100 80GB HBM3, 40, 100 %, 53 %, 74729 MiB, 81559 MiB
2026/08/06 22:56:40.303, NVIDIA H100 80GB HBM3, 37, 100 %, 54 %, 74729 MiB, 81559 MiB
2026/08/06 22:56:43.304, NVIDIA H100 80GB HBM3, 42, 100 %, 55 %, 74729 MiB, 81559 MiB
2026/08/06 22:56:46.304, NVIDIA H100 80GB HBM3, 44, 100 %, 57 %, 74729 MiB, 81559 MiB
2026/08/06 22:56:49.304, NVIDIA H100 80GB HBM3, 45, 92 %, 36 %, 74729 MiB, 81559 MiB
2026/08/06 22:56:52.305, NVIDIA H100 80GB HBM3, 44, 100 %, 64 %, 74729 MiB, 81559 MiB
2026/08/06 22:56:55.305, NVIDIA H100 80GB HBM3, 43, 100 %, 65 %, 74729 MiB, 81559 MiB
2026/08/06 22:56:58.306, NVIDIA H100 80GB HBM3, 45, 100 %, 69 %, 74729 MiB, 81559 MiB
2026/08/06 22:57:01.306, NVIDIA H100 80GB HBM3, 44, 100 %, 62 %, 74729 MiB, 81559 MiB
2026/08/06 22:57:04.307, NVIDIA H100 80GB HBM3, 44, 100 %, 67 %, 74729 MiB, 81559 MiB
2026/08/06 22:57:07.307, NVIDIA H100 80GB HBM3, 45, 31 %, 10 %, 74729 MiB, 81559 MiB
2026/08/06 22:57:10.308, NVIDIA H100 80GB HBM3, 44, 98 %, 55 %, 74729 MiB, 81559 MiB
2026/08/06 22:57:13.308, NVIDIA H100 80GB HBM3, 46, 51 %, 23 %, 74729 MiB, 81559 MiB
2026/08/06 22:57:16.309, NVIDIA H100 80GB HBM3, 45, 100 %, 67 %, 74729 MiB, 81559 MiB
2026/08/06 22:57:19.309, NVIDIA H100 80GB HBM3, 44, 100 %, 65 %, 74729 MiB, 81559 MiB
2026/08/06 22:57:22.309, NVIDIA H100 80GB HBM3, 45, 98 %, 71 %, 74729 MiB, 81559 MiB
2026/08/06 22:57:25.310, NVIDIA H100 80GB HBM3, 45, 99 %, 62 %, 74729 MiB, 81559 MiB
2026/08/06 22:57:28.310, NVIDIA H100 80GB HBM3, 47, 100 %, 51 %, 74729 MiB, 81559 MiB
2026/08/06 22:57:31.311, NVIDIA H100 80GB HBM3, 46, 100 %, 52 %, 74729 MiB, 81559 MiB
2026/08/06 22:57:34.311, NVIDIA H100 80GB HBM3, 44, 100 %, 54 %, 74729 MiB, 81559 MiB
2026/08/06 22:57:37.312, NVIDIA H100 80GB HBM3, 44, 100 %, 58 %, 74729 MiB, 81559 MiB
2026/08/06 22:57:40.312, NVIDIA H100 80GB HBM3, 40, 100 %, 57 %, 74729 MiB, 81559 MiB
2026/08/06 22:57:43.313, NVIDIA H100 80GB HBM3, 46, 100 %, 50 %, 74729 MiB, 81559 MiB
2026/08/06 22:57:46.313, NVIDIA H100 80GB HBM3, 39, 100 %, 56 %, 74729 MiB, 81559 MiB
2026/08/06 22:57:49.313, NVIDIA H100 80GB HBM3, 41, 100 %, 54 %, 74729 MiB, 81559 MiB
2026/08/06 22:57:52.314, NVIDIA H100 80GB HBM3, 41, 100 %, 54 %, 74729 MiB, 81559 MiB
2026/08/06 22:57:55.314, NVIDIA H100 80GB HBM3, 44, 100 %, 59 %, 74729 MiB, 81559 MiB
2026/08/06 22:57:58.315, NVIDIA H100 80GB HBM3, 44, 100 %, 52 %, 74729 MiB, 81559 MiB
2026/08/06 22:58:01.315, NVIDIA H100 80GB HBM3, 42, 100 %, 54 %, 74729 MiB, 81559 MiB
2026/08/06 22:58:04.315, NVIDIA H100 80GB HBM3, 46, 100 %, 55 %, 74729 MiB, 81559 MiB
2026/08/06 22:58:07.316, NVIDIA H100 80GB HBM3, 45, 100 %, 61 %, 74729 MiB, 81559 MiB
2026/08/06 22:58:10.316, NVIDIA H100 80GB HBM3, 47, 100 %, 57 %, 74729 MiB, 81559 MiB
2026/08/06 22:58:13.317, NVIDIA H100 80GB HBM3, 38, 47 %, 22 %, 74729 MiB, 81559 MiB
2026/08/06 22:58:16.317, NVIDIA H100 80GB HBM3, 29, 0 %, 0 %, 74729 MiB, 81559 MiB
2026/08/06 22:58:19.317, NVIDIA H100 80GB HBM3, 40, 100 %, 63 %, 74729 MiB, 81559 MiB
2026/08/06 22:58:22.318, NVIDIA H100 80GB HBM3, 37, 1 %, 0 %, 74729 MiB, 81559 MiB
2026/08/06 22:58:25.318, NVIDIA H100 80GB HBM3, 29, 0 %, 0 %, 74729 MiB, 81559 MiB
2026/08/06 22:58:28.319, NVIDIA H100 80GB HBM3, 37, 100 %, 58 %, 74729 MiB, 81559 MiB
2026/08/06 22:58:31.319, NVIDIA H100 80GB HBM3, 44, 100 %, 55 %, 74729 MiB, 81559 MiB
2026/08/06 22:58:34.319, NVIDIA H100 80GB HBM3, 44, 100 %, 41 %, 74729 MiB, 81559 MiB
2026/08/06 22:58:37.320, NVIDIA H100 80GB HBM3, 44, 100 %, 42 %, 74729 MiB, 81559 MiB
2026/08/06 22:58:40.320, NVIDIA H100 80GB HBM3, 44, 98 %, 61 %, 74729 MiB, 81559 MiB
2026/08/06 22:58:43.321, NVIDIA H100 80GB HBM3, 43, 98 %, 68 %, 74729 MiB, 81559 MiB
2026/08/06 22:58:46.321, NVIDIA H100 80GB HBM3, 44, 98 %, 66 %, 74729 MiB, 81559 MiB
2026/08/06 22:58:49.321, NVIDIA H100 80GB HBM3, 43, 99 %, 65 %, 74729 MiB, 81559 MiB
2026/08/06 22:58:52.322, NVIDIA H100 80GB HBM3, 44, 99 %, 68 %, 74729 MiB, 81559 MiB
2026/08/06 22:58:55.322, NVIDIA H100 80GB HBM3, 44, 100 %, 62 %, 74729 MiB, 81559 MiB
2026/08/06 22:58:58.323, NVIDIA H100 80GB HBM3, 45, 100 %, 63 %, 74729 MiB, 81559 MiB
2026/08/06 22:59:01.323, NVIDIA H100 80GB HBM3, 43, 100 %, 65 %, 74729 MiB, 81559 MiB
2026/08/06 22:59:04.324, NVIDIA H100 80GB HBM3, 44, 98 %, 65 %, 74729 MiB, 81559 MiB
2026/08/06 22:59:07.324, NVIDIA H100 80GB HBM3, 46, 100 %, 57 %, 74729 MiB, 81559 MiB
2026/08/06 22:59:10.324, NVIDIA H100 80GB HBM3, 45, 100 %, 51 %, 74729 MiB, 81559 MiB
2026/08/06 22:59:13.325, NVIDIA H100 80GB HBM3, 47, 100 %, 52 %, 74729 MiB, 81559 MiB
2026/08/06 22:59:16.325, NVIDIA H100 80GB HBM3, 45, 100 %, 54 %, 74729 MiB, 81559 MiB
2026/08/06 22:59:19.326, NVIDIA H100 80GB HBM3, 45, 100 %, 57 %, 74729 MiB, 81559 MiB
2026/08/06 22:59:22.326, NVIDIA H100 80GB HBM3, 40, 54 %, 29 %, 74729 MiB, 81559 MiB
2026/08/06 22:59:25.326, NVIDIA H100 80GB HBM3, 46, 83 %, 44 %, 74729 MiB, 81559 MiB
2026/08/06 22:59:28.327, NVIDIA H100 80GB HBM3, 46, 100 %, 67 %, 74729 MiB, 81559 MiB
2026/08/06 22:59:31.327, NVIDIA H100 80GB HBM3, 44, 98 %, 68 %, 74729 MiB, 81559 MiB
2026/08/06 22:59:34.328, NVIDIA H100 80GB HBM3, 45, 99 %, 64 %, 74729 MiB, 81559 MiB
2026/08/06 22:59:37.328, NVIDIA H100 80GB HBM3, 45, 98 %, 68 %, 74729 MiB, 81559 MiB
2026/08/06 22:59:40.329, NVIDIA H100 80GB HBM3, 45, 99 %, 66 %, 74729 MiB, 81559 MiB
2026/08/06 22:59:43.329, NVIDIA H100 80GB HBM3, 45, 100 %, 67 %, 74729 MiB, 81559 MiB
2026/08/06 22:59:46.329, NVIDIA H100 80GB HBM3, 45, 100 %, 67 %, 74729 MiB, 81559 MiB
2026/08/06 22:59:49.330, NVIDIA H100 80GB HBM3, 46, 98 %, 68 %, 74729 MiB, 81559 MiB
2026/08/06 22:59:52.330, NVIDIA H100 80GB HBM3, 45, 98 %, 61 %, 74729 MiB, 81559 MiB
2026/08/06 22:59:55.331, NVIDIA H100 80GB HBM3, 48, 100 %, 49 %, 74729 MiB, 81559 MiB
2026/08/06 22:59:58.331, NVIDIA H100 80GB HBM3, 43, 100 %, 56 %, 74729 MiB, 81559 MiB
2026/08/06 23:00:01.332, NVIDIA H100 80GB HBM3, 45, 99 %, 57 %, 74729 MiB, 81559 MiB
2026/08/06 23:00:04.332, NVIDIA H100 80GB HBM3, 46, 100 %, 44 %, 74729 MiB, 81559 MiB
2026/08/06 23:00:07.333, NVIDIA H100 80GB HBM3, 31, 0 %, 0 %, 74729 MiB, 81559 MiB
2026/08/06 23:00:10.333, NVIDIA H100 80GB HBM3, 36, 24 %, 19 %, 74729 MiB, 81559 MiB
2026/08/06 23:00:13.334, NVIDIA H100 80GB HBM3, 35, 0 %, 0 %, 74729 MiB, 81559 MiB
2026/08/06 23:00:16.334, NVIDIA H100 80GB HBM3, 32, 100 %, 67 %, 74729 MiB, 81559 MiB
2026/08/06 23:00:19.334, NVIDIA H100 80GB HBM3, 40, 0 %, 0 %, 74729 MiB, 81559 MiB
2026/08/06 23:00:22.335, NVIDIA H100 80GB HBM3, 44, 100 %, 57 %, 74729 MiB, 81559 MiB
2026/08/06 23:00:25.335, NVIDIA H100 80GB HBM3, 44, 11 %, 3 %, 74729 MiB, 81559 MiB
2026/08/06 23:00:28.336, NVIDIA H100 80GB HBM3, 45, 45 %, 27 %, 74729 MiB, 81559 MiB
2026/08/06 23:00:31.336, NVIDIA H100 80GB HBM3, 45, 57 %, 30 %, 74729 MiB, 81559 MiB
2026/08/06 23:00:34.337, NVIDIA H100 80GB HBM3, 42, 53 %, 29 %, 74729 MiB, 81559 MiB
2026/08/06 23:00:37.337, NVIDIA H100 80GB HBM3, 45, 40 %, 23 %, 74729 MiB, 81559 MiB
2026/08/06 23:00:40.337, NVIDIA H100 80GB HBM3, 46, 56 %, 27 %, 74729 MiB, 81559 MiB
2026/08/06 23:00:43.338, NVIDIA H100 80GB HBM3, 44, 100 %, 62 %, 74729 MiB, 81559 MiB
2026/08/06 23:00:46.338, NVIDIA H100 80GB HBM3, 44, 100 %, 65 %, 74729 MiB, 81559 MiB
2026/08/06 23:00:49.339, NVIDIA H100 80GB HBM3, 44, 99 %, 65 %, 74729 MiB, 81559 MiB
2026/08/06 23:00:52.339, NVIDIA H100 80GB HBM3, 45, 99 %, 60 %, 74729 MiB, 81559 MiB
2026/08/06 23:00:55.340, NVIDIA H100 80GB HBM3, 45, 100 %, 49 %, 74729 MiB, 81559 MiB
2026/08/06 23:00:58.340, NVIDIA H100 80GB HBM3, 45, 100 %, 54 %, 74729 MiB, 81559 MiB
2026/08/06 23:01:01.341, NVIDIA H100 80GB HBM3, 47, 100 %, 52 %, 74729 MiB, 81559 MiB
2026/08/06 23:01:04.341, NVIDIA H100 80GB HBM3, 46, 100 %, 59 %, 74729 MiB, 81559 MiB
2026/08/06 23:01:07.341, NVIDIA H100 80GB HBM3, 46, 100 %, 61 %, 74729 MiB, 81559 MiB
2026/08/06 23:01:10.342, NVIDIA H100 80GB HBM3, 45, 100 %, 57 %, 74729 MiB, 81559 MiB
2026/08/06 23:01:13.342, NVIDIA H100 80GB HBM3, 46, 100 %, 51 %, 74729 MiB, 81559 MiB
2026/08/06 23:01:16.343, NVIDIA H100 80GB HBM3, 46, 100 %, 63 %, 74729 MiB, 81559 MiB
2026/08/06 23:01:19.343, NVIDIA H100 80GB HBM3, 45, 100 %, 52 %, 74729 MiB, 81559 MiB
2026/08/06 23:01:22.344, NVIDIA H100 80GB HBM3, 45, 100 %, 48 %, 74729 MiB, 81559 MiB
2026/08/06 23:01:25.344, NVIDIA H100 80GB HBM3, 45, 100 %, 51 %, 74729 MiB, 81559 MiB
2026/08/06 23:01:28.345, NVIDIA H100 80GB HBM3, 47, 100 %, 54 %, 74729 MiB, 81559 MiB
2026/08/06 23:01:31.345, NVIDIA H100 80GB HBM3, 46, 100 %, 58 %, 74729 MiB, 81559 MiB
2026/08/06 23:01:34.345, NVIDIA H100 80GB HBM3, 45, 100 %, 62 %, 74729 MiB, 81559 MiB
2026/08/06 23:01:37.346, NVIDIA H100 80GB HBM3, 42, 88 %, 53 %, 74729 MiB, 81559 MiB
2026/08/06 23:01:40.346, NVIDIA H100 80GB HBM3, 46, 94 %, 49 %, 74729 MiB, 81559 MiB
2026/08/06 23:01:43.347, NVIDIA H100 80GB HBM3, 45, 93 %, 50 %, 74729 MiB, 81559 MiB
2026/08/06 23:01:46.347, NVIDIA H100 80GB HBM3, 44, 99 %, 66 %, 74729 MiB, 81559 MiB
2026/08/06 23:01:49.347, NVIDIA H100 80GB HBM3, 46, 100 %, 49 %, 74729 MiB, 81559 MiB
2026/08/06 23:01:52.348, NVIDIA H100 80GB HBM3, 45, 100 %, 55 %, 74729 MiB, 81559 MiB
2026/08/06 23:01:55.348, NVIDIA H100 80GB HBM3, 33, 0 %, 0 %, 74729 MiB, 81559 MiB
2026/08/06 23:01:58.349, NVIDIA H100 80GB HBM3, 29, 0 %, 0 %, 74729 MiB, 81559 MiB
2026/08/06 23:02:01.349, NVIDIA H100 80GB HBM3, 34, 0 %, 0 %, 74729 MiB, 81559 MiB
2026/08/06 23:02:04.350, NVIDIA H100 80GB HBM3, 40, 99 %, 63 %, 74729 MiB, 81559 MiB
2026/08/06 23:02:07.350, NVIDIA H100 80GB HBM3, 29, 0 %, 0 %, 74729 MiB, 81559 MiB
2026/08/06 23:02:10.350, NVIDIA H100 80GB HBM3, 41, 100 %, 57 %, 74729 MiB, 81559 MiB
2026/08/06 23:02:13.351, NVIDIA H100 80GB HBM3, 41, 35 %, 12 %, 74729 MiB, 81559 MiB
2026/08/06 23:02:16.351, NVIDIA H100 80GB HBM3, 45, 100 %, 68 %, 74729 MiB, 81559 MiB
2026/08/06 23:02:19.352, NVIDIA H100 80GB HBM3, 45, 99 %, 70 %, 74729 MiB, 81559 MiB
2026/08/06 23:02:22.352, NVIDIA H100 80GB HBM3, 43, 99 %, 60 %, 74729 MiB, 81559 MiB
2026/08/06 23:02:25.353, NVIDIA H100 80GB HBM3, 44, 100 %, 49 %, 74729 MiB, 81559 MiB
2026/08/06 23:02:28.353, NVIDIA H100 80GB HBM3, 46, 100 %, 53 %, 74729 MiB, 81559 MiB
2026/08/06 23:02:31.353, NVIDIA H100 80GB HBM3, 45, 100 %, 55 %, 74729 MiB, 81559 MiB
2026/08/06 23:02:34.354, NVIDIA H100 80GB HBM3, 45, 100 %, 56 %, 74729 MiB, 81559 MiB
2026/08/06 23:02:37.354, NVIDIA H100 80GB HBM3, 47, 100 %, 57 %, 74729 MiB, 81559 MiB
2026/08/06 23:02:40.355, NVIDIA H100 80GB HBM3, 45, 100 %, 62 %, 74729 MiB, 81559 MiB
2026/08/06 23:02:43.355, NVIDIA H100 80GB HBM3, 44, 86 %, 52 %, 74729 MiB, 81559 MiB
2026/08/06 23:02:46.356, NVIDIA H100 80GB HBM3, 45, 100 %, 55 %, 74729 MiB, 81559 MiB
2026/08/06 23:02:49.356, NVIDIA H100 80GB HBM3, 45, 100 %, 57 %, 74729 MiB, 81559 MiB
2026/08/06 23:02:52.357, NVIDIA H100 80GB HBM3, 45, 100 %, 59 %, 74729 MiB, 81559 MiB
2026/08/06 23:02:55.357, NVIDIA H100 80GB HBM3, 46, 100 %, 56 %, 74729 MiB, 81559 MiB
2026/08/06 23:02:58.357, NVIDIA H100 80GB HBM3, 46, 100 %, 53 %, 74729 MiB, 81559 MiB
2026/08/06 23:03:01.358, NVIDIA H100 80GB HBM3, 46, 100 %, 54 %, 74729 MiB, 81559 MiB
2026/08/06 23:03:04.358, NVIDIA H100 80GB HBM3, 46, 100 %, 57 %, 74729 MiB, 81559 MiB
2026/08/06 23:03:07.359, NVIDIA H100 80GB HBM3, 45, 100 %, 57 %, 74729 MiB, 81559 MiB
2026/08/06 23:03:10.359, NVIDIA H100 80GB HBM3, 46, 100 %, 58 %, 74729 MiB, 81559 MiB
2026/08/06 23:03:13.360, NVIDIA H100 80GB HBM3, 46, 100 %, 58 %, 74729 MiB, 81559 MiB
2026/08/06 23:03:16.360, NVIDIA H100 80GB HBM3, 45, 100 %, 57 %, 74729 MiB, 81559 MiB
2026/08/06 23:03:19.360, NVIDIA H100 80GB HBM3, 44, 84 %, 50 %, 74729 MiB, 81559 MiB
2026/08/06 23:03:22.361, NVIDIA H100 80GB HBM3, 42, 70 %, 31 %, 74729 MiB, 81559 MiB
2026/08/06 23:03:25.361, NVIDIA H100 80GB HBM3, 46, 100 %, 65 %, 74729 MiB, 81559 MiB
2026/08/06 23:03:28.362, NVIDIA H100 80GB HBM3, 46, 99 %, 72 %, 74729 MiB, 81559 MiB
2026/08/06 23:03:31.362, NVIDIA H100 80GB HBM3, 45, 99 %, 58 %, 74729 MiB, 81559 MiB
2026/08/06 23:03:34.363, NVIDIA H100 80GB HBM3, 45, 100 %, 48 %, 74729 MiB, 81559 MiB
2026/08/06 23:03:37.363, NVIDIA H100 80GB HBM3, 47, 100 %, 58 %, 74729 MiB, 81559 MiB
2026/08/06 23:03:40.363, NVIDIA H100 80GB HBM3, 45, 100 %, 54 %, 74729 MiB, 81559 MiB
2026/08/06 23:03:43.364, NVIDIA H100 80GB HBM3, 47, 100 %, 65 %, 74729 MiB, 81559 MiB
2026/08/06 23:03:46.364, NVIDIA H100 80GB HBM3, 34, 0 %, 0 %, 74729 MiB, 81559 MiB
2026/08/06 23:03:49.365, NVIDIA H100 80GB HBM3, 29, 0 %, 0 %, 74729 MiB, 81559 MiB
2026/08/06 23:03:52.365, NVIDIA H100 80GB HBM3, 32, 0 %, 0 %, 74729 MiB, 81559 MiB
2026/08/06 23:03:55.366, NVIDIA H100 80GB HBM3, 43, 100 %, 65 %, 74729 MiB, 81559 MiB
2026/08/06 23:03:58.366, NVIDIA H100 80GB HBM3, 29, 0 %, 0 %, 74729 MiB, 81559 MiB
2026/08/06 23:04:01.366, NVIDIA H100 80GB HBM3, 28, 0 %, 0 %, 74729 MiB, 81559 MiB
2026/08/06 23:04:04.367, NVIDIA H100 80GB HBM3, 40, 100 %, 53 %, 74729 MiB, 81559 MiB
2026/08/06 23:04:07.367, NVIDIA H100 80GB HBM3, 42, 100 %, 49 %, 74729 MiB, 81559 MiB
2026/08/06 23:04:10.368, NVIDIA H100 80GB HBM3, 46, 100 %, 57 %, 74729 MiB, 81559 MiB
2026/08/06 23:04:13.368, NVIDIA H100 80GB HBM3, 45, 100 %, 56 %, 74729 MiB, 81559 MiB
2026/08/06 23:04:16.369, NVIDIA H100 80GB HBM3, 44, 100 %, 57 %, 74729 MiB, 81559 MiB
2026/08/06 23:04:19.369, NVIDIA H100 80GB HBM3, 41, 71 %, 35 %, 74729 MiB, 81559 MiB
2026/08/06 23:04:22.370, NVIDIA H100 80GB HBM3, 45, 100 %, 58 %, 74729 MiB, 81559 MiB
2026/08/06 23:04:25.370, NVIDIA H100 80GB HBM3, 44, 100 %, 68 %, 74729 MiB, 81559 MiB
2026/08/06 23:04:28.370, NVIDIA H100 80GB HBM3, 45, 99 %, 62 %, 74729 MiB, 81559 MiB
2026/08/06 23:04:31.371, NVIDIA H100 80GB HBM3, 44, 100 %, 42 %, 74729 MiB, 81559 MiB
2026/08/06 23:04:34.371, NVIDIA H100 80GB HBM3, 45, 100 %, 57 %, 74729 MiB, 81559 MiB
2026/08/06 23:04:37.372, NVIDIA H100 80GB HBM3, 45, 99 %, 60 %, 74729 MiB, 81559 MiB
2026/08/06 23:04:40.372, NVIDIA H100 80GB HBM3, 44, 99 %, 62 %, 74729 MiB, 81559 MiB
2026/08/06 23:04:43.373, NVIDIA H100 80GB HBM3, 43, 98 %, 65 %, 74729 MiB, 81559 MiB
2026/08/06 23:04:46.373, NVIDIA H100 80GB HBM3, 44, 98 %, 68 %, 74729 MiB, 81559 MiB
2026/08/06 23:04:49.373, NVIDIA H100 80GB HBM3, 45, 98 %, 72 %, 74729 MiB, 81559 MiB
2026/08/06 23:04:52.374, NVIDIA H100 80GB HBM3, 44, 98 %, 61 %, 74729 MiB, 81559 MiB
2026/08/06 23:04:55.374, NVIDIA H100 80GB HBM3, 44, 100 %, 42 %, 74729 MiB, 81559 MiB
2026/08/06 23:04:58.375, NVIDIA H100 80GB HBM3, 45, 100 %, 56 %, 74729 MiB, 81559 MiB
2026/08/06 23:05:01.375, NVIDIA H100 80GB HBM3, 46, 100 %, 54 %, 74729 MiB, 81559 MiB
2026/08/06 23:05:04.376, NVIDIA H100 80GB HBM3, 45, 100 %, 56 %, 74729 MiB, 81559 MiB
2026/08/06 23:05:07.376, NVIDIA H100 80GB HBM3, 44, 100 %, 51 %, 74729 MiB, 81559 MiB
2026/08/06 23:05:10.376, NVIDIA H100 80GB HBM3, 43, 81 %, 46 %, 74729 MiB, 81559 MiB
2026/08/06 23:05:13.377, NVIDIA H100 80GB HBM3, 46, 74 %, 39 %, 74729 MiB, 81559 MiB
2026/08/06 23:05:16.377, NVIDIA H100 80GB HBM3, 46, 71 %, 36 %, 74729 MiB, 81559 MiB
2026/08/06 23:05:19.378, NVIDIA H100 80GB HBM3, 46, 100 %, 66 %, 74729 MiB, 81559 MiB
2026/08/06 23:05:22.378, NVIDIA H100 80GB HBM3, 45, 100 %, 62 %, 74729 MiB, 81559 MiB
2026/08/06 23:05:25.378, NVIDIA H100 80GB HBM3, 45, 100 %, 64 %, 74729 MiB, 81559 MiB
2026/08/06 23:05:28.379, NVIDIA H100 80GB HBM3, 45, 100 %, 63 %, 74729 MiB, 81559 MiB
2026/08/06 23:05:31.379, NVIDIA H100 80GB HBM3, 42, 100 %, 57 %, 74729 MiB, 81559 MiB
2026/08/06 23:05:34.380, NVIDIA H100 80GB HBM3, 44, 100 %, 62 %, 74729 MiB, 81559 MiB
2026/08/06 23:05:37.380, NVIDIA H100 80GB HBM3, 45, 100 %, 39 %, 74729 MiB, 81559 MiB
2026/08/06 23:05:40.381, NVIDIA H100 80GB HBM3, 46, 100 %, 55 %, 74729 MiB, 81559 MiB
2026/08/06 23:05:43.381, NVIDIA H100 80GB HBM3, 30, 0 %, 0 %, 74729 MiB, 81559 MiB
2026/08/06 23:05:46.381, NVIDIA H100 80GB HBM3, 36, 94 %, 63 %, 74729 MiB, 81559 MiB
2026/08/06 23:05:49.382, NVIDIA H100 80GB HBM3, 37, 9 %, 2 %, 74729 MiB, 81559 MiB
2026/08/06 23:05:52.382, NVIDIA H100 80GB HBM3, 31, 1 %, 0 %, 74729 MiB, 81559 MiB
2026/08/06 23:05:55.383, NVIDIA H100 80GB HBM3, 37, 17 %, 12 %, 74729 MiB, 81559 MiB
2026/08/06 23:05:58.383, NVIDIA H100 80GB HBM3, 45, 100 %, 53 %, 74729 MiB, 81559 MiB
2026/08/06 23:06:01.383, NVIDIA H100 80GB HBM3, 45, 100 %, 58 %, 74729 MiB, 81559 MiB
2026/08/06 23:06:04.384, NVIDIA H100 80GB HBM3, 43, 100 %, 54 %, 74729 MiB, 81559 MiB
2026/08/06 23:06:07.384, NVIDIA H100 80GB HBM3, 44, 100 %, 53 %, 74729 MiB, 81559 MiB
2026/08/06 23:06:10.385, NVIDIA H100 80GB HBM3, 42, 100 %, 61 %, 74729 MiB, 81559 MiB
2026/08/06 23:06:13.385, NVIDIA H100 80GB HBM3, 44, 100 %, 56 %, 74729 MiB, 81559 MiB
2026/08/06 23:06:16.385, NVIDIA H100 80GB HBM3, 45, 100 %, 59 %, 74729 MiB, 81559 MiB
2026/08/06 23:06:19.386, NVIDIA H100 80GB HBM3, 44, 100 %, 54 %, 74729 MiB, 81559 MiB
2026/08/06 23:06:22.386, NVIDIA H100 80GB HBM3, 45, 100 %, 55 %, 74729 MiB, 81559 MiB
2026/08/06 23:06:25.387, NVIDIA H100 80GB HBM3, 44, 99 %, 44 %, 74729 MiB, 81559 MiB
2026/08/06 23:06:28.387, NVIDIA H100 80GB HBM3, 41, 89 %, 46 %, 74729 MiB, 81559 MiB
2026/08/06 23:06:31.388, NVIDIA H100 80GB HBM3, 45, 100 %, 67 %, 74729 MiB, 81559 MiB
2026/08/06 23:06:34.388, NVIDIA H100 80GB HBM3, 44, 99 %, 64 %, 74729 MiB, 81559 MiB
2026/08/06 23:06:37.388, NVIDIA H100 80GB HBM3, 43, 98 %, 60 %, 74729 MiB, 81559 MiB
2026/08/06 23:06:40.389, NVIDIA H100 80GB HBM3, 44, 100 %, 42 %, 74729 MiB, 81559 MiB
2026/08/06 23:06:43.389, NVIDIA H100 80GB HBM3, 46, 100 %, 54 %, 74729 MiB, 81559 MiB
2026/08/06 23:06:46.390, NVIDIA H100 80GB HBM3, 45, 100 %, 56 %, 74729 MiB, 81559 MiB
2026/08/06 23:06:49.390, NVIDIA H100 80GB HBM3, 46, 100 %, 57 %, 74729 MiB, 81559 MiB
2026/08/06 23:06:52.390, NVIDIA H100 80GB HBM3, 46, 100 %, 58 %, 74729 MiB, 81559 MiB
2026/08/06 23:06:55.391, NVIDIA H100 80GB HBM3, 45, 100 %, 54 %, 74729 MiB, 81559 MiB
2026/08/06 23:06:58.391, NVIDIA H100 80GB HBM3, 45, 100 %, 61 %, 74729 MiB, 81559 MiB
2026/08/06 23:07:01.392, NVIDIA H100 80GB HBM3, 45, 100 %, 59 %, 74729 MiB, 81559 MiB
2026/08/06 23:07:04.392, NVIDIA H100 80GB HBM3, 46, 100 %, 54 %, 74729 MiB, 81559 MiB
2026/08/06 23:07:07.393, NVIDIA H100 80GB HBM3, 45, 100 %, 51 %, 74729 MiB, 81559 MiB
2026/08/06 23:07:10.393, NVIDIA H100 80GB HBM3, 44, 100 %, 41 %, 74729 MiB, 81559 MiB
2026/08/06 23:07:13.393, NVIDIA H100 80GB HBM3, 45, 100 %, 54 %, 74729 MiB, 81559 MiB
2026/08/06 23:07:16.394, NVIDIA H100 80GB HBM3, 46, 100 %, 55 %, 74729 MiB, 81559 MiB
2026/08/06 23:07:19.394, NVIDIA H100 80GB HBM3, 46, 100 %, 55 %, 74729 MiB, 81559 MiB
2026/08/06 23:07:22.395, NVIDIA H100 80GB HBM3, 45, 100 %, 54 %, 74729 MiB, 81559 MiB
2026/08/06 23:07:25.395, NVIDIA H100 80GB HBM3, 45, 100 %, 59 %, 74729 MiB, 81559 MiB
2026/08/06 23:07:28.396, NVIDIA H100 80GB HBM3, 45, 99 %, 62 %, 74729 MiB, 81559 MiB
2026/08/06 23:07:31.396, NVIDIA H100 80GB HBM3, 31, 0 %, 0 %, 74729 MiB, 81559 MiB
2026/08/06 23:07:34.397, NVIDIA H100 80GB HBM3, 34, 72 %, 50 %, 74729 MiB, 81559 MiB
2026/08/06 23:07:37.397, NVIDIA H100 80GB HBM3, 35, 15 %, 11 %, 74729 MiB, 81559 MiB
2026/08/06 23:07:40.397, NVIDIA H100 80GB HBM3, 29, 0 %, 0 %, 74729 MiB, 81559 MiB
2026/08/06 23:07:43.398, NVIDIA H100 80GB HBM3, 39, 100 %, 53 %, 74729 MiB, 81559 MiB
2026/08/06 23:07:46.398, NVIDIA H100 80GB HBM3, 42, 11 %, 9 %, 74729 MiB, 81559 MiB
2026/08/06 23:07:49.399, NVIDIA H100 80GB HBM3, 43, 100 %, 53 %, 74729 MiB, 81559 MiB
2026/08/06 23:07:52.399, NVIDIA H100 80GB HBM3, 43, 100 %, 57 %, 74729 MiB, 81559 MiB
2026/08/06 23:07:55.399, NVIDIA H100 80GB HBM3, 44, 100 %, 63 %, 74729 MiB, 81559 MiB
2026/08/06 23:07:58.400, NVIDIA H100 80GB HBM3, 45, 72 %, 36 %, 74729 MiB, 81559 MiB
2026/08/06 23:08:01.400, NVIDIA H100 80GB HBM3, 45, 68 %, 35 %, 74729 MiB, 81559 MiB
2026/08/06 23:08:04.400, NVIDIA H100 80GB HBM3, 45, 100 %, 67 %, 74729 MiB, 81559 MiB
2026/08/06 23:08:07.401, NVIDIA H100 80GB HBM3, 46, 98 %, 71 %, 74729 MiB, 81559 MiB
2026/08/06 23:08:10.401, NVIDIA H100 80GB HBM3, 45, 99 %, 60 %, 74729 MiB, 81559 MiB
2026/08/06 23:08:13.402, NVIDIA H100 80GB HBM3, 46, 100 %, 42 %, 74729 MiB, 81559 MiB
2026/08/06 23:08:16.402, NVIDIA H100 80GB HBM3, 47, 100 %, 49 %, 74729 MiB, 81559 MiB
2026/08/06 23:08:19.402, NVIDIA H100 80GB HBM3, 45, 100 %, 64 %, 74729 MiB, 81559 MiB
2026/08/06 23:08:22.403, NVIDIA H100 80GB HBM3, 44, 100 %, 53 %, 74729 MiB, 81559 MiB
2026/08/06 23:08:25.403, NVIDIA H100 80GB HBM3, 43, 100 %, 57 %, 74729 MiB, 81559 MiB
2026/08/06 23:08:28.404, NVIDIA H100 80GB HBM3, 42, 100 %, 62 %, 74729 MiB, 81559 MiB
2026/08/06 23:08:31.404, NVIDIA H100 80GB HBM3, 43, 100 %, 58 %, 74729 MiB, 81559 MiB
2026/08/06 23:08:34.404, NVIDIA H100 80GB HBM3, 42, 100 %, 53 %, 74729 MiB, 81559 MiB
2026/08/06 23:08:37.405, NVIDIA H100 80GB HBM3, 42, 100 %, 56 %, 74729 MiB, 81559 MiB
2026/08/06 23:08:40.406, NVIDIA H100 80GB HBM3, 41, 100 %, 53 %, 74729 MiB, 81559 MiB
2026/08/06 23:08:43.406, NVIDIA H100 80GB HBM3, 44, 100 %, 56 %, 74729 MiB, 81559 MiB
2026/08/06 23:08:46.406, NVIDIA H100 80GB HBM3, 44, 100 %, 55 %, 74729 MiB, 81559 MiB
2026/08/06 23:08:49.407, NVIDIA H100 80GB HBM3, 42, 100 %, 54 %, 74729 MiB, 81559 MiB
2026/08/06 23:08:52.407, NVIDIA H100 80GB HBM3, 40, 100 %, 63 %, 74729 MiB, 81559 MiB
2026/08/06 23:08:55.408, NVIDIA H100 80GB HBM3, 41, 100 %, 56 %, 74729 MiB, 81559 MiB
2026/08/06 23:08:58.408, NVIDIA H100 80GB HBM3, 38, 100 %, 60 %, 74729 MiB, 81559 MiB
2026/08/06 23:09:01.409, NVIDIA H100 80GB HBM3, 45, 100 %, 59 %, 74729 MiB, 81559 MiB
2026/08/06 23:09:04.409, NVIDIA H100 80GB HBM3, 45, 33 %, 22 %, 74729 MiB, 81559 MiB
2026/08/06 23:09:07.409, NVIDIA H100 80GB HBM3, 45, 38 %, 13 %, 74729 MiB, 81559 MiB
2026/08/06 23:09:10.410, NVIDIA H100 80GB HBM3, 44, 100 %, 62 %, 74729 MiB, 81559 MiB
2026/08/06 23:09:13.410, NVIDIA H100 80GB HBM3, 46, 100 %, 42 %, 74729 MiB, 81559 MiB
2026/08/06 23:09:16.411, NVIDIA H100 80GB HBM3, 45, 100 %, 58 %, 74729 MiB, 81559 MiB
2026/08/06 23:09:19.411, NVIDIA H100 80GB HBM3, 44, 98 %, 50 %, 74729 MiB, 81559 MiB
2026/08/06 23:09:22.412, NVIDIA H100 80GB HBM3, 29, 0 %, 0 %, 74729 MiB, 81559 MiB
2026/08/06 23:09:25.412, NVIDIA H100 80GB HBM3, 29, 0 %, 0 %, 74729 MiB, 81559 MiB
2026/08/06 23:09:28.412, NVIDIA H100 80GB HBM3, 39, 87 %, 45 %, 74729 MiB, 81559 MiB
2026/08/06 23:09:31.413, NVIDIA H100 80GB HBM3, 30, 0 %, 0 %, 74729 MiB, 81559 MiB
2026/08/06 23:09:34.413, NVIDIA H100 80GB HBM3, 33, 0 %, 0 %, 74729 MiB, 81559 MiB
2026/08/06 23:09:37.414, NVIDIA H100 80GB HBM3, 36, 100 %, 68 %, 74729 MiB, 81559 MiB
2026/08/06 23:09:40.414, NVIDIA H100 80GB HBM3, 42, 58 %, 42 %, 74729 MiB, 81559 MiB
2026/08/06 23:09:43.414, NVIDIA H100 80GB HBM3, 45, 100 %, 59 %, 74729 MiB, 81559 MiB
2026/08/06 23:09:46.415, NVIDIA H100 80GB HBM3, 46, 100 %, 53 %, 74729 MiB, 81559 MiB
2026/08/06 23:09:49.415, NVIDIA H100 80GB HBM3, 44, 100 %, 55 %, 74729 MiB, 81559 MiB
2026/08/06 23:09:52.416, NVIDIA H100 80GB HBM3, 44, 100 %, 54 %, 74729 MiB, 81559 MiB
2026/08/06 23:09:55.416, NVIDIA H100 80GB HBM3, 41, 100 %, 64 %, 74729 MiB, 81559 MiB
2026/08/06 23:09:58.416, NVIDIA H100 80GB HBM3, 46, 100 %, 58 %, 74729 MiB, 81559 MiB
2026/08/06 23:10:01.417, NVIDIA H100 80GB HBM3, 44, 69 %, 30 %, 74729 MiB, 81559 MiB
2026/08/06 23:10:04.417, NVIDIA H100 80GB HBM3, 44, 99 %, 52 %, 74729 MiB, 81559 MiB
2026/08/06 23:10:07.418, NVIDIA H100 80GB HBM3, 46, 72 %, 33 %, 74729 MiB, 81559 MiB
2026/08/06 23:10:10.418, NVIDIA H100 80GB HBM3, 44, 26 %, 3 %, 74729 MiB, 81559 MiB
2026/08/06 23:10:13.419, NVIDIA H100 80GB HBM3, 43, 100 %, 52 %, 74729 MiB, 81559 MiB
2026/08/06 23:10:16.419, NVIDIA H100 80GB HBM3, 44, 100 %, 52 %, 74729 MiB, 81559 MiB
2026/08/06 23:10:19.419, NVIDIA H100 80GB HBM3, 43, 100 %, 55 %, 74729 MiB, 81559 MiB
2026/08/06 23:10:22.420, NVIDIA H100 80GB HBM3, 46, 99 %, 50 %, 74729 MiB, 81559 MiB
2026/08/06 23:10:25.420, NVIDIA H100 80GB HBM3, 45, 100 %, 65 %, 74729 MiB, 81559 MiB
2026/08/06 23:10:28.421, NVIDIA H100 80GB HBM3, 45, 100 %, 62 %, 74729 MiB, 81559 MiB
2026/08/06 23:10:31.421, NVIDIA H100 80GB HBM3, 44, 99 %, 69 %, 74729 MiB, 81559 MiB
2026/08/06 23:10:34.421, NVIDIA H100 80GB HBM3, 44, 99 %, 66 %, 74729 MiB, 81559 MiB
2026/08/06 23:10:37.422, NVIDIA H100 80GB HBM3, 45, 99 %, 59 %, 74729 MiB, 81559 MiB
2026/08/06 23:10:40.422, NVIDIA H100 80GB HBM3, 45, 100 %, 49 %, 74729 MiB, 81559 MiB
2026/08/06 23:10:43.423, NVIDIA H100 80GB HBM3, 45, 100 %, 52 %, 74729 MiB, 81559 MiB
2026/08/06 23:10:46.423, NVIDIA H100 80GB HBM3, 47, 100 %, 51 %, 74729 MiB, 81559 MiB
2026/08/06 23:10:49.423, NVIDIA H100 80GB HBM3, 46, 100 %, 51 %, 74729 MiB, 81559 MiB
2026/08/06 23:10:52.424, NVIDIA H100 80GB HBM3, 45, 100 %, 57 %, 74729 MiB, 81559 MiB
2026/08/06 23:10:55.424, NVIDIA H100 80GB HBM3, 46, 100 %, 52 %, 74729 MiB, 81559 MiB
2026/08/06 23:10:58.425, NVIDIA H100 80GB HBM3, 47, 100 %, 54 %, 74729 MiB, 81559 MiB
2026/08/06 23:11:01.425, NVIDIA H100 80GB HBM3, 45, 100 %, 50 %, 74729 MiB, 81559 MiB
2026/08/06 23:11:04.426, NVIDIA H100 80GB HBM3, 45, 100 %, 54 %, 74729 MiB, 81559 MiB
2026/08/06 23:11:07.426, NVIDIA H100 80GB HBM3, 46, 98 %, 52 %, 74729 MiB, 81559 MiB
2026/08/06 23:11:10.426, NVIDIA H100 80GB HBM3, 45, 99 %, 66 %, 74729 MiB, 81559 MiB
2026/08/06 23:11:13.427, NVIDIA H100 80GB HBM3, 30, 0 %, 0 %, 74729 MiB, 81559 MiB
2026/08/06 23:11:16.427, NVIDIA H100 80GB HBM3, 38, 82 %, 43 %, 74729 MiB, 81559 MiB
2026/08/06 23:11:19.428, NVIDIA H100 80GB HBM3, 43, 100 %, 64 %, 74729 MiB, 81559 MiB
2026/08/06 23:11:22.428, NVIDIA H100 80GB HBM3, 29, 0 %, 0 %, 74729 MiB, 81559 MiB
2026/08/06 23:11:25.428, NVIDIA H100 80GB HBM3, 38, 68 %, 43 %, 74729 MiB, 81559 MiB
2026/08/06 23:11:28.429, NVIDIA H100 80GB HBM3, 39, 64 %, 43 %, 74729 MiB, 81559 MiB
2026/08/06 23:11:31.429, NVIDIA H100 80GB HBM3, 43, 98 %, 65 %, 74729 MiB, 81559 MiB
2026/08/06 23:11:34.430, NVIDIA H100 80GB HBM3, 44, 98 %, 70 %, 74729 MiB, 81559 MiB
2026/08/06 23:11:37.430, NVIDIA H100 80GB HBM3, 45, 99 %, 58 %, 74729 MiB, 81559 MiB
2026/08/06 23:11:40.431, NVIDIA H100 80GB HBM3, 45, 99 %, 59 %, 74729 MiB, 81559 MiB
2026/08/06 23:11:43.431, NVIDIA H100 80GB HBM3, 45, 97 %, 60 %, 74729 MiB, 81559 MiB
2026/08/06 23:11:46.432, NVIDIA H100 80GB HBM3, 46, 99 %, 58 %, 74729 MiB, 81559 MiB
2026/08/06 23:11:49.432, NVIDIA H100 80GB HBM3, 45, 99 %, 59 %, 74729 MiB, 81559 MiB
2026/08/06 23:11:52.432, NVIDIA H100 80GB HBM3, 45, 98 %, 66 %, 74729 MiB, 81559 MiB
2026/08/06 23:11:55.433, NVIDIA H100 80GB HBM3, 45, 98 %, 61 %, 74729 MiB, 81559 MiB
2026/08/06 23:11:58.433, NVIDIA H100 80GB HBM3, 45, 99 %, 61 %, 74729 MiB, 81559 MiB
2026/08/06 23:12:01.434, NVIDIA H100 80GB HBM3, 45, 100 %, 53 %, 74729 MiB, 81559 MiB
2026/08/06 23:12:04.434, NVIDIA H100 80GB HBM3, 48, 100 %, 50 %, 74729 MiB, 81559 MiB
2026/08/06 23:12:07.435, NVIDIA H100 80GB HBM3, 46, 100 %, 59 %, 74729 MiB, 81559 MiB
2026/08/06 23:12:10.435, NVIDIA H100 80GB HBM3, 45, 100 %, 51 %, 74729 MiB, 81559 MiB
2026/08/06 23:12:13.435, NVIDIA H100 80GB HBM3, 42, 100 %, 54 %, 74729 MiB, 81559 MiB
2026/08/06 23:12:16.436, NVIDIA H100 80GB HBM3, 44, 100 %, 56 %, 74729 MiB, 81559 MiB
2026/08/06 23:12:19.436, NVIDIA H100 80GB HBM3, 45, 79 %, 31 %, 74729 MiB, 81559 MiB
2026/08/06 23:12:22.437, NVIDIA H100 80GB HBM3, 45, 74 %, 38 %, 74729 MiB, 81559 MiB
2026/08/06 23:12:25.437, NVIDIA H100 80GB HBM3, 44, 100 %, 64 %, 74729 MiB, 81559 MiB
2026/08/06 23:12:28.438, NVIDIA H100 80GB HBM3, 43, 100 %, 64 %, 74729 MiB, 81559 MiB
2026/08/06 23:12:31.438, NVIDIA H100 80GB HBM3, 45, 100 %, 66 %, 74729 MiB, 81559 MiB
2026/08/06 23:12:34.439, NVIDIA H100 80GB HBM3, 46, 55 %, 27 %, 74729 MiB, 81559 MiB
2026/08/06 23:12:37.439, NVIDIA H100 80GB HBM3, 47, 95 %, 49 %, 74729 MiB, 81559 MiB
2026/08/06 23:12:40.439, NVIDIA H100 80GB HBM3, 44, 100 %, 56 %, 74729 MiB, 81559 MiB
2026/08/06 23:12:43.440, NVIDIA H100 80GB HBM3, 45, 74 %, 38 %, 74729 MiB, 81559 MiB
2026/08/06 23:12:46.440, NVIDIA H100 80GB HBM3, 45, 51 %, 23 %, 74729 MiB, 81559 MiB
2026/08/06 23:12:49.441, NVIDIA H100 80GB HBM3, 44, 100 %, 58 %, 74729 MiB, 81559 MiB
2026/08/06 23:12:52.441, NVIDIA H100 80GB HBM3, 45, 100 %, 61 %, 74729 MiB, 81559 MiB
2026/08/06 23:12:55.442, NVIDIA H100 80GB HBM3, 47, 100 %, 42 %, 74729 MiB, 81559 MiB
2026/08/06 23:12:58.442, NVIDIA H100 80GB HBM3, 46, 100 %, 56 %, 74729 MiB, 81559 MiB
2026/08/06 23:13:01.442, NVIDIA H100 80GB HBM3, 36, 0 %, 0 %, 74729 MiB, 81559 MiB
2026/08/06 23:13:04.443, NVIDIA H100 80GB HBM3, 38, 50 %, 23 %, 74729 MiB, 81559 MiB
2026/08/06 23:13:07.443, NVIDIA H100 80GB HBM3, 36, 100 %, 65 %, 74729 MiB, 81559 MiB
2026/08/06 23:13:10.444, NVIDIA H100 80GB HBM3, 32, 0 %, 0 %, 74729 MiB, 81559 MiB
2026/08/06 23:13:13.444, NVIDIA H100 80GB HBM3, 29, 0 %, 0 %, 74729 MiB, 81559 MiB
2026/08/06 23:13:16.444, NVIDIA H100 80GB HBM3, 28, 0 %, 0 %, 74729 MiB, 81559 MiB
2026/08/06 23:13:19.445, NVIDIA H100 80GB HBM3, 39, 100 %, 42 %, 74729 MiB, 81559 MiB
2026/08/06 23:13:22.445, NVIDIA H100 80GB HBM3, 41, 100 %, 64 %, 74729 MiB, 81559 MiB
2026/08/06 23:13:25.446, NVIDIA H100 80GB HBM3, 45, 98 %, 43 %, 74729 MiB, 81559 MiB
2026/08/06 23:13:28.446, NVIDIA H100 80GB HBM3, 44, 83 %, 35 %, 74729 MiB, 81559 MiB
2026/08/06 23:13:31.448, NVIDIA H100 80GB HBM3, 46, 64 %, 33 %, 74729 MiB, 81559 MiB
2026/08/06 23:13:34.448, NVIDIA H100 80GB HBM3, 45, 78 %, 41 %, 74729 MiB, 81559 MiB
2026/08/06 23:13:37.449, NVIDIA H100 80GB HBM3, 46, 100 %, 64 %, 74729 MiB, 81559 MiB
2026/08/06 23:13:40.449, NVIDIA H100 80GB HBM3, 44, 100 %, 69 %, 74729 MiB, 81559 MiB
2026/08/06 23:13:43.450, NVIDIA H100 80GB HBM3, 45, 98 %, 71 %, 74729 MiB, 81559 MiB
2026/08/06 23:13:46.450, NVIDIA H100 80GB HBM3, 46, 99 %, 59 %, 74729 MiB, 81559 MiB
2026/08/06 23:13:49.451, NVIDIA H100 80GB HBM3, 45, 100 %, 42 %, 74729 MiB, 81559 MiB
2026/08/06 23:13:52.451, NVIDIA H100 80GB HBM3, 46, 100 %, 51 %, 74729 MiB, 81559 MiB
2026/08/06 23:13:55.451, NVIDIA H100 80GB HBM3, 47, 100 %, 63 %, 74729 MiB, 81559 MiB
2026/08/06 23:13:58.452, NVIDIA H100 80GB HBM3, 46, 100 %, 51 %, 74729 MiB, 81559 MiB
2026/08/06 23:14:01.452, NVIDIA H100 80GB HBM3, 44, 100 %, 53 %, 74729 MiB, 81559 MiB
2026/08/06 23:14:04.454, NVIDIA H100 80GB HBM3, 44, 100 %, 54 %, 74729 MiB, 81559 MiB
2026/08/06 23:14:07.454, NVIDIA H100 80GB HBM3, 45, 100 %, 55 %, 74729 MiB, 81559 MiB
2026/08/06 23:14:10.455, NVIDIA H100 80GB HBM3, 46, 100 %, 58 %, 74729 MiB, 81559 MiB
2026/08/06 23:14:13.455, NVIDIA H100 80GB HBM3, 46, 100 %, 53 %, 74729 MiB, 81559 MiB
2026/08/06 23:14:16.456, NVIDIA H100 80GB HBM3, 47, 100 %, 54 %, 74729 MiB, 81559 MiB
2026/08/06 23:14:19.456, NVIDIA H100 80GB HBM3, 47, 100 %, 53 %, 74729 MiB, 81559 MiB
2026/08/06 23:14:22.456, NVIDIA H100 80GB HBM3, 45, 100 %, 59 %, 74729 MiB, 81559 MiB
2026/08/06 23:14:25.457, NVIDIA H100 80GB HBM3, 45, 75 %, 32 %, 74729 MiB, 81559 MiB
2026/08/06 23:14:28.457, NVIDIA H100 80GB HBM3, 41, 80 %, 41 %, 74729 MiB, 81559 MiB
2026/08/06 23:14:31.458, NVIDIA H100 80GB HBM3, 47, 100 %, 60 %, 74729 MiB, 81559 MiB
2026/08/06 23:14:34.458, NVIDIA H100 80GB HBM3, 45, 98 %, 68 %, 74729 MiB, 81559 MiB
2026/08/06 23:14:37.459, NVIDIA H100 80GB HBM3, 44, 99 %, 62 %, 74729 MiB, 81559 MiB
2026/08/06 23:14:40.459, NVIDIA H100 80GB HBM3, 45, 100 %, 49 %, 74729 MiB, 81559 MiB
2026/08/06 23:14:43.459, NVIDIA H100 80GB HBM3, 45, 100 %, 52 %, 74729 MiB, 81559 MiB
2026/08/06 23:14:46.460, NVIDIA H100 80GB HBM3, 46, 100 %, 53 %, 74729 MiB, 81559 MiB
2026/08/06 23:14:49.460, NVIDIA H100 80GB HBM3, 45, 98 %, 52 %, 74729 MiB, 81559 MiB
2026/08/06 23:14:52.461, NVIDIA H100 80GB HBM3, 46, 98 %, 71 %, 74729 MiB, 81559 MiB
2026/08/06 23:14:55.461, NVIDIA H100 80GB HBM3, 35, 0 %, 0 %, 74729 MiB, 81559 MiB
2026/08/06 23:14:58.462, NVIDIA H100 80GB HBM3, 33, 100 %, 55 %, 74729 MiB, 81559 MiB
2026/08/06 23:15:01.462, NVIDIA H100 80GB HBM3, 40, 49 %, 31 %, 74729 MiB, 81559 MiB
2026/08/06 23:15:04.462, NVIDIA H100 80GB HBM3, 44, 100 %, 62 %, 74729 MiB, 81559 MiB
2026/08/06 23:15:07.463, NVIDIA H100 80GB HBM3, 29, 0 %, 0 %, 74729 MiB, 81559 MiB
2026/08/06 23:15:10.463, NVIDIA H100 80GB HBM3, 42, 100 %, 54 %, 74729 MiB, 81559 MiB
2026/08/06 23:15:13.464, NVIDIA H100 80GB HBM3, 42, 98 %, 51 %, 74729 MiB, 81559 MiB
2026/08/06 23:15:16.464, NVIDIA H100 80GB HBM3, 44, 100 %, 68 %, 74729 MiB, 81559 MiB
2026/08/06 23:15:19.465, NVIDIA H100 80GB HBM3, 46, 98 %, 71 %, 74729 MiB, 81559 MiB
2026/08/06 23:15:22.465, NVIDIA H100 80GB HBM3, 44, 100 %, 57 %, 74729 MiB, 81559 MiB
2026/08/06 23:15:25.465, NVIDIA H100 80GB HBM3, 46, 100 %, 51 %, 74729 MiB, 81559 MiB
2026/08/06 23:15:28.466, NVIDIA H100 80GB HBM3, 45, 100 %, 54 %, 74729 MiB, 81559 MiB
2026/08/06 23:15:31.466, NVIDIA H100 80GB HBM3, 47, 100 %, 56 %, 74729 MiB, 81559 MiB
2026/08/06 23:15:34.467, NVIDIA H100 80GB HBM3, 46, 100 %, 64 %, 74729 MiB, 81559 MiB
2026/08/06 23:15:37.467, NVIDIA H100 80GB HBM3, 45, 100 %, 60 %, 74729 MiB, 81559 MiB
2026/08/06 23:15:40.467, NVIDIA H100 80GB HBM3, 47, 100 %, 56 %, 74729 MiB, 81559 MiB
2026/08/06 23:15:43.468, NVIDIA H100 80GB HBM3, 46, 100 %, 55 %, 74729 MiB, 81559 MiB
2026/08/06 23:15:46.468, NVIDIA H100 80GB HBM3, 46, 100 %, 54 %, 74729 MiB, 81559 MiB
2026/08/06 23:15:49.469, NVIDIA H100 80GB HBM3, 45, 100 %, 53 %, 74729 MiB, 81559 MiB
2026/08/06 23:15:52.469, NVIDIA H100 80GB HBM3, 45, 100 %, 54 %, 74729 MiB, 81559 MiB
2026/08/06 23:15:55.469, NVIDIA H100 80GB HBM3, 44, 100 %, 54 %, 74729 MiB, 81559 MiB
2026/08/06 23:15:58.470, NVIDIA H100 80GB HBM3, 43, 100 %, 54 %, 74729 MiB, 81559 MiB
2026/08/06 23:16:01.470, NVIDIA H100 80GB HBM3, 44, 60 %, 30 %, 74729 MiB, 81559 MiB
2026/08/06 23:16:04.471, NVIDIA H100 80GB HBM3, 47, 70 %, 36 %, 74729 MiB, 81559 MiB
2026/08/06 23:16:07.471, NVIDIA H100 80GB HBM3, 46, 100 %, 64 %, 74729 MiB, 81559 MiB
2026/08/06 23:16:10.472, NVIDIA H100 80GB HBM3, 44, 99 %, 65 %, 74729 MiB, 81559 MiB
2026/08/06 23:16:13.472, NVIDIA H100 80GB HBM3, 45, 99 %, 61 %, 74729 MiB, 81559 MiB
2026/08/06 23:16:16.472, NVIDIA H100 80GB HBM3, 46, 100 %, 55 %, 74729 MiB, 81559 MiB
2026/08/06 23:16:19.473, NVIDIA H100 80GB HBM3, 45, 100 %, 50 %, 74729 MiB, 81559 MiB
2026/08/06 23:16:22.473, NVIDIA H100 80GB HBM3, 46, 100 %, 54 %, 74729 MiB, 81559 MiB
2026/08/06 23:16:25.474, NVIDIA H100 80GB HBM3, 46, 100 %, 57 %, 74729 MiB, 81559 MiB
2026/08/06 23:16:28.474, NVIDIA H100 80GB HBM3, 46, 100 %, 51 %, 74729 MiB, 81559 MiB
2026/08/06 23:16:31.474, NVIDIA H100 80GB HBM3, 45, 100 %, 40 %, 74729 MiB, 81559 MiB
2026/08/06 23:16:34.475, NVIDIA H100 80GB HBM3, 46, 100 %, 57 %, 74729 MiB, 81559 MiB
2026/08/06 23:16:37.475, NVIDIA H100 80GB HBM3, 46, 100 %, 50 %, 74729 MiB, 81559 MiB
2026/08/06 23:16:40.476, NVIDIA H100 80GB HBM3, 45, 100 %, 54 %, 74729 MiB, 81559 MiB
2026/08/06 23:16:43.476, NVIDIA H100 80GB HBM3, 47, 99 %, 53 %, 74729 MiB, 81559 MiB
2026/08/06 23:16:46.477, NVIDIA H100 80GB HBM3, 35, 0 %, 0 %, 74729 MiB, 81559 MiB
2026/08/06 23:16:49.477, NVIDIA H100 80GB HBM3, 32, 0 %, 0 %, 74729 MiB, 81559 MiB
2026/08/06 23:16:52.478, NVIDIA H100 80GB HBM3, 35, 31 %, 22 %, 74729 MiB, 81559 MiB
2026/08/06 23:16:55.478, NVIDIA H100 80GB HBM3, 32, 0 %, 0 %, 74729 MiB, 81559 MiB
2026/08/06 23:16:58.479, NVIDIA H100 80GB HBM3, 29, 0 %, 0 %, 74729 MiB, 81559 MiB
2026/08/06 23:17:01.479, NVIDIA H100 80GB HBM3, 42, 100 %, 57 %, 74729 MiB, 81559 MiB
2026/08/06 23:17:04.479, NVIDIA H100 80GB HBM3, 45, 100 %, 57 %, 74729 MiB, 81559 MiB
2026/08/06 23:17:07.480, NVIDIA H100 80GB HBM3, 46, 100 %, 50 %, 74729 MiB, 81559 MiB
2026/08/06 23:17:10.480, NVIDIA H100 80GB HBM3, 46, 100 %, 53 %, 74729 MiB, 81559 MiB
2026/08/06 23:17:13.481, NVIDIA H100 80GB HBM3, 44, 100 %, 50 %, 74729 MiB, 81559 MiB
2026/08/06 23:17:16.481, NVIDIA H100 80GB HBM3, 45, 100 %, 48 %, 74729 MiB, 81559 MiB
2026/08/06 23:17:19.482, NVIDIA H100 80GB HBM3, 45, 100 %, 48 %, 74729 MiB, 81559 MiB
2026/08/06 23:17:22.482, NVIDIA H100 80GB HBM3, 45, 100 %, 57 %, 74729 MiB, 81559 MiB
2026/08/06 23:17:25.482, NVIDIA H100 80GB HBM3, 45, 98 %, 62 %, 74729 MiB, 81559 MiB
2026/08/06 23:17:28.483, NVIDIA H100 80GB HBM3, 45, 100 %, 44 %, 74729 MiB, 81559 MiB
2026/08/06 23:17:31.483, NVIDIA H100 80GB HBM3, 46, 100 %, 53 %, 74729 MiB, 81559 MiB
2026/08/06 23:17:34.484, NVIDIA H100 80GB HBM3, 47, 100 %, 50 %, 74729 MiB, 81559 MiB
2026/08/06 23:17:37.484, NVIDIA H100 80GB HBM3, 45, 100 %, 54 %, 74729 MiB, 81559 MiB
2026/08/06 23:17:40.484, NVIDIA H100 80GB HBM3, 45, 100 %, 56 %, 74729 MiB, 81559 MiB
2026/08/06 23:17:43.485, NVIDIA H100 80GB HBM3, 45, 86 %, 33 %, 74729 MiB, 81559 MiB
2026/08/06 23:17:46.485, NVIDIA H100 80GB HBM3, 46, 77 %, 40 %, 74729 MiB, 81559 MiB
2026/08/06 23:17:49.486, NVIDIA H100 80GB HBM3, 46, 100 %, 67 %, 74729 MiB, 81559 MiB
2026/08/06 23:17:52.486, NVIDIA H100 80GB HBM3, 44, 100 %, 69 %, 74729 MiB, 81559 MiB
2026/08/06 23:17:55.487, NVIDIA H100 80GB HBM3, 44, 98 %, 70 %, 74729 MiB, 81559 MiB
2026/08/06 23:17:58.487, NVIDIA H100 80GB HBM3, 45, 98 %, 60 %, 74729 MiB, 81559 MiB
2026/08/06 23:18:01.487, NVIDIA H100 80GB HBM3, 44, 98 %, 67 %, 74729 MiB, 81559 MiB
2026/08/06 23:18:04.488, NVIDIA H100 80GB HBM3, 44, 98 %, 68 %, 74729 MiB, 81559 MiB
2026/08/06 23:18:07.488, NVIDIA H100 80GB HBM3, 44, 100 %, 65 %, 74729 MiB, 81559 MiB
2026/08/06 23:18:10.489, NVIDIA H100 80GB HBM3, 44, 99 %, 65 %, 74729 MiB, 81559 MiB
2026/08/06 23:18:13.489, NVIDIA H100 80GB HBM3, 44, 99 %, 65 %, 74729 MiB, 81559 MiB
2026/08/06 23:18:16.489, NVIDIA H100 80GB HBM3, 44, 98 %, 67 %, 74729 MiB, 81559 MiB
2026/08/06 23:18:19.490, NVIDIA H100 80GB HBM3, 46, 100 %, 46 %, 74729 MiB, 81559 MiB
2026/08/06 23:18:22.490, NVIDIA H100 80GB HBM3, 46, 100 %, 52 %, 74729 MiB, 81559 MiB
2026/08/06 23:18:25.491, NVIDIA H100 80GB HBM3, 46, 100 %, 61 %, 74729 MiB, 81559 MiB
2026/08/06 23:18:28.491, NVIDIA H100 80GB HBM3, 45, 99 %, 51 %, 74729 MiB, 81559 MiB
2026/08/06 23:18:31.491, NVIDIA H100 80GB HBM3, 47, 99 %, 72 %, 74729 MiB, 81559 MiB
2026/08/06 23:18:34.492, NVIDIA H100 80GB HBM3, 47, 100 %, 54 %, 74729 MiB, 81559 MiB
2026/08/06 23:18:37.492, NVIDIA H100 80GB HBM3, 32, 0 %, 0 %, 74729 MiB, 81559 MiB
2026/08/06 23:18:40.493, NVIDIA H100 80GB HBM3, 34, 100 %, 65 %, 74729 MiB, 81559 MiB
2026/08/06 23:18:43.493, NVIDIA H100 80GB HBM3, 42, 99 %, 69 %, 74729 MiB, 81559 MiB
2026/08/06 23:18:46.494, NVIDIA H100 80GB HBM3, 30, 0 %, 0 %, 74729 MiB, 81559 MiB
2026/08/06 23:18:49.494, NVIDIA H100 80GB HBM3, 31, 0 %, 0 %, 74729 MiB, 81559 MiB
2026/08/06 23:18:52.494, NVIDIA H100 80GB HBM3, 42, 100 %, 58 %, 74729 MiB, 81559 MiB
2026/08/06 23:18:55.495, NVIDIA H100 80GB HBM3, 43, 98 %, 49 %, 74729 MiB, 81559 MiB
2026/08/06 23:18:58.495, NVIDIA H100 80GB HBM3, 41, 83 %, 44 %, 74729 MiB, 81559 MiB
2026/08/06 23:19:01.496, NVIDIA H100 80GB HBM3, 45, 100 %, 62 %, 74729 MiB, 81559 MiB
2026/08/06 23:19:04.496, NVIDIA H100 80GB HBM3, 45, 99 %, 63 %, 74729 MiB, 81559 MiB
2026/08/06 23:19:07.496, NVIDIA H100 80GB HBM3, 46, 98 %, 65 %, 74729 MiB, 81559 MiB
2026/08/06 23:19:10.497, NVIDIA H100 80GB HBM3, 44, 100 %, 43 %, 74729 MiB, 81559 MiB
2026/08/06 23:19:13.497, NVIDIA H100 80GB HBM3, 46, 100 %, 54 %, 74729 MiB, 81559 MiB
2026/08/06 23:19:16.498, NVIDIA H100 80GB HBM3, 46, 100 %, 53 %, 74729 MiB, 81559 MiB
2026/08/06 23:19:19.498, NVIDIA H100 80GB HBM3, 48, 100 %, 56 %, 74729 MiB, 81559 MiB
2026/08/06 23:19:22.499, NVIDIA H100 80GB HBM3, 46, 100 %, 56 %, 74729 MiB, 81559 MiB
2026/08/06 23:19:25.499, NVIDIA H100 80GB HBM3, 44, 100 %, 55 %, 74729 MiB, 81559 MiB
2026/08/06 23:19:28.499, NVIDIA H100 80GB HBM3, 45, 73 %, 35 %, 74729 MiB, 81559 MiB
2026/08/06 23:19:31.500, NVIDIA H100 80GB HBM3, 44, 100 %, 63 %, 74729 MiB, 81559 MiB
2026/08/06 23:19:34.500, NVIDIA H100 80GB HBM3, 44, 100 %, 65 %, 74729 MiB, 81559 MiB
2026/08/06 23:19:37.501, NVIDIA H100 80GB HBM3, 43, 100 %, 53 %, 74729 MiB, 81559 MiB
2026/08/06 23:19:40.501, NVIDIA H100 80GB HBM3, 45, 100 %, 57 %, 74729 MiB, 81559 MiB
2026/08/06 23:19:43.501, NVIDIA H100 80GB HBM3, 41, 100 %, 53 %, 74729 MiB, 81559 MiB
2026/08/06 23:19:46.502, NVIDIA H100 80GB HBM3, 41, 100 %, 62 %, 74729 MiB, 81559 MiB
2026/08/06 23:19:49.502, NVIDIA H100 80GB HBM3, 44, 100 %, 56 %, 74729 MiB, 81559 MiB
2026/08/06 23:19:52.503, NVIDIA H100 80GB HBM3, 45, 98 %, 53 %, 74729 MiB, 81559 MiB
2026/08/06 23:19:55.503, NVIDIA H100 80GB HBM3, 44, 74 %, 39 %, 74729 MiB, 81559 MiB
2026/08/06 23:19:58.504, NVIDIA H100 80GB HBM3, 44, 100 %, 64 %, 74729 MiB, 81559 MiB
2026/08/06 23:20:01.504, NVIDIA H100 80GB HBM3, 46, 98 %, 64 %, 74729 MiB, 81559 MiB
2026/08/06 23:20:04.504, NVIDIA H100 80GB HBM3, 46, 99 %, 60 %, 74729 MiB, 81559 MiB
2026/08/06 23:20:07.505, NVIDIA H100 80GB HBM3, 46, 100 %, 41 %, 74729 MiB, 81559 MiB
2026/08/06 23:20:10.505, NVIDIA H100 80GB HBM3, 47, 100 %, 49 %, 74729 MiB, 81559 MiB
2026/08/06 23:20:13.506, NVIDIA H100 80GB HBM3, 45, 100 %, 55 %, 74729 MiB, 81559 MiB
2026/08/06 23:20:16.506, NVIDIA H100 80GB HBM3, 45, 100 %, 56 %, 74729 MiB, 81559 MiB
2026/08/06 23:20:19.507, NVIDIA H100 80GB HBM3, 48, 100 %, 55 %, 74729 MiB, 81559 MiB
2026/08/06 23:20:22.507, NVIDIA H100 80GB HBM3, 46, 100 %, 67 %, 74729 MiB, 81559 MiB
2026/08/06 23:20:25.507, NVIDIA H100 80GB HBM3, 46, 100 %, 45 %, 74729 MiB, 81559 MiB
2026/08/06 23:20:28.508, NVIDIA H100 80GB HBM3, 30, 0 %, 0 %, 74729 MiB, 81559 MiB
2026/08/06 23:20:31.508, NVIDIA H100 80GB HBM3, 32, 0 %, 0 %, 74729 MiB, 81559 MiB
2026/08/06 23:20:34.509, NVIDIA H100 80GB HBM3, 39, 11 %, 10 %, 74729 MiB, 81559 MiB
2026/08/06 23:20:37.509, NVIDIA H100 80GB HBM3, 30, 0 %, 0 %, 74729 MiB, 81559 MiB
2026/08/06 23:20:40.510, NVIDIA H100 80GB HBM3, 41, 100 %, 53 %, 74729 MiB, 81559 MiB
2026/08/06 23:20:43.510, NVIDIA H100 80GB HBM3, 43, 100 %, 56 %, 74729 MiB, 81559 MiB
2026/08/06 23:20:46.510, NVIDIA H100 80GB HBM3, 45, 100 %, 56 %, 74729 MiB, 81559 MiB
2026/08/06 23:20:49.511, NVIDIA H100 80GB HBM3, 44, 86 %, 43 %, 74729 MiB, 81559 MiB
2026/08/06 23:20:52.511, NVIDIA H100 80GB HBM3, 45, 100 %, 63 %, 74729 MiB, 81559 MiB
2026/08/06 23:20:55.512, NVIDIA H100 80GB HBM3, 46, 99 %, 63 %, 74729 MiB, 81559 MiB
2026/08/06 23:20:58.513, NVIDIA H100 80GB HBM3, 45, 98 %, 61 %, 74729 MiB, 81559 MiB
2026/08/06 23:21:01.513, NVIDIA H100 80GB HBM3, 47, 100 %, 42 %, 74729 MiB, 81559 MiB
2026/08/06 23:21:04.514, NVIDIA H100 80GB HBM3, 46, 100 %, 53 %, 74729 MiB, 81559 MiB
2026/08/06 23:21:07.514, NVIDIA H100 80GB HBM3, 46, 100 %, 49 %, 74729 MiB, 81559 MiB
2026/08/06 23:21:10.514, NVIDIA H100 80GB HBM3, 45, 100 %, 51 %, 74729 MiB, 81559 MiB
2026/08/06 23:21:13.515, NVIDIA H100 80GB HBM3, 46, 100 %, 50 %, 74729 MiB, 81559 MiB
2026/08/06 23:21:16.515, NVIDIA H100 80GB HBM3, 45, 100 %, 63 %, 74729 MiB, 81559 MiB
2026/08/06 23:21:19.516, NVIDIA H100 80GB HBM3, 45, 100 %, 52 %, 74729 MiB, 81559 MiB
2026/08/06 23:21:22.517, NVIDIA H100 80GB HBM3, 46, 100 %, 54 %, 74729 MiB, 81559 MiB
2026/08/06 23:21:25.517, NVIDIA H100 80GB HBM3, 46, 100 %, 56 %, 74729 MiB, 81559 MiB
2026/08/06 23:21:28.518, NVIDIA H100 80GB HBM3, 45, 100 %, 55 %, 74729 MiB, 81559 MiB
2026/08/06 23:21:31.518, NVIDIA H100 80GB HBM3, 42, 100 %, 53 %, 74729 MiB, 81559 MiB
2026/08/06 23:21:34.518, NVIDIA H100 80GB HBM3, 46, 99 %, 55 %, 74729 MiB, 81559 MiB
2026/08/06 23:21:37.519, NVIDIA H100 80GB HBM3, 46, 68 %, 34 %, 74729 MiB, 81559 MiB
2026/08/06 23:21:40.519, NVIDIA H100 80GB HBM3, 44, 100 %, 60 %, 74729 MiB, 81559 MiB
2026/08/06 23:21:43.520, NVIDIA H100 80GB HBM3, 44, 100 %, 66 %, 74729 MiB, 81559 MiB
2026/08/06 23:21:46.520, NVIDIA H100 80GB HBM3, 46, 98 %, 71 %, 74729 MiB, 81559 MiB
2026/08/06 23:21:49.521, NVIDIA H100 80GB HBM3, 46, 98 %, 62 %, 74729 MiB, 81559 MiB
2026/08/06 23:21:52.521, NVIDIA H100 80GB HBM3, 48, 100 %, 50 %, 74729 MiB, 81559 MiB
2026/08/06 23:21:55.522, NVIDIA H100 80GB HBM3, 47, 100 %, 51 %, 74729 MiB, 81559 MiB
2026/08/06 23:21:58.522, NVIDIA H100 80GB HBM3, 46, 100 %, 53 %, 74729 MiB, 81559 MiB
2026/08/06 23:22:01.523, NVIDIA H100 80GB HBM3, 46, 100 %, 53 %, 74729 MiB, 81559 MiB
2026/08/06 23:22:04.523, NVIDIA H100 80GB HBM3, 46, 100 %, 54 %, 74729 MiB, 81559 MiB
2026/08/06 23:22:07.524, NVIDIA H100 80GB HBM3, 47, 100 %, 45 %, 74729 MiB, 81559 MiB
2026/08/06 23:22:10.524, NVIDIA H100 80GB HBM3, 45, 100 %, 55 %, 74729 MiB, 81559 MiB
2026/08/06 23:22:13.525, NVIDIA H100 80GB HBM3, 47, 99 %, 52 %, 74729 MiB, 81559 MiB
2026/08/06 23:22:16.525, NVIDIA H100 80GB HBM3, 47, 99 %, 52 %, 74729 MiB, 81559 MiB
2026/08/06 23:22:19.525, NVIDIA H100 80GB HBM3, 30, 0 %, 0 %, 74729 MiB, 81559 MiB
2026/08/06 23:22:22.526, NVIDIA H100 80GB HBM3, 35, 0 %, 0 %, 74729 MiB, 81559 MiB
2026/08/06 23:22:25.526, NVIDIA H100 80GB HBM3, 41, 100 %, 64 %, 74729 MiB, 81559 MiB
2026/08/06 23:22:28.527, NVIDIA H100 80GB HBM3, 30, 0 %, 0 %, 74729 MiB, 81559 MiB
2026/08/06 23:22:31.527, NVIDIA H100 80GB HBM3, 28, 0 %, 0 %, 74729 MiB, 81559 MiB
2026/08/06 23:22:34.527, NVIDIA H100 80GB HBM3, 37, 95 %, 59 %, 74729 MiB, 81559 MiB
2026/08/06 23:22:37.528, NVIDIA H100 80GB HBM3, 41, 100 %, 54 %, 74729 MiB, 81559 MiB
2026/08/06 23:22:40.528, NVIDIA H100 80GB HBM3, 43, 100 %, 57 %, 74729 MiB, 81559 MiB
2026/08/06 23:22:43.529, NVIDIA H100 80GB HBM3, 41, 97 %, 55 %, 74729 MiB, 81559 MiB
2026/08/06 23:22:46.529, NVIDIA H100 80GB HBM3, 45, 64 %, 31 %, 74729 MiB, 81559 MiB
2026/08/06 23:22:49.530, NVIDIA H100 80GB HBM3, 44, 78 %, 41 %, 74729 MiB, 81559 MiB
2026/08/06 23:22:52.530, NVIDIA H100 80GB HBM3, 44, 100 %, 62 %, 74729 MiB, 81559 MiB
2026/08/06 23:22:55.530, NVIDIA H100 80GB HBM3, 45, 98 %, 66 %, 74729 MiB, 81559 MiB
2026/08/06 23:22:58.531, NVIDIA H100 80GB HBM3, 45, 100 %, 42 %, 74729 MiB, 81559 MiB
2026/08/06 23:23:01.531, NVIDIA H100 80GB HBM3, 46, 100 %, 54 %, 74729 MiB, 81559 MiB
2026/08/06 23:23:04.532, NVIDIA H100 80GB HBM3, 46, 100 %, 52 %, 74729 MiB, 81559 MiB
2026/08/06 23:23:07.532, NVIDIA H100 80GB HBM3, 45, 100 %, 49 %, 74729 MiB, 81559 MiB
2026/08/06 23:23:10.532, NVIDIA H100 80GB HBM3, 44, 100 %, 40 %, 74729 MiB, 81559 MiB
2026/08/06 23:23:13.533, NVIDIA H100 80GB HBM3, 45, 99 %, 59 %, 74729 MiB, 81559 MiB
2026/08/06 23:23:16.533, NVIDIA H100 80GB HBM3, 45, 100 %, 42 %, 74729 MiB, 81559 MiB
2026/08/06 23:23:19.534, NVIDIA H100 80GB HBM3, 46, 100 %, 56 %, 74729 MiB, 81559 MiB
2026/08/06 23:23:22.534, NVIDIA H100 80GB HBM3, 44, 98 %, 67 %, 74729 MiB, 81559 MiB
2026/08/06 23:23:25.534, NVIDIA H100 80GB HBM3, 43, 100 %, 64 %, 74729 MiB, 81559 MiB
2026/08/06 23:23:28.535, NVIDIA H100 80GB HBM3, 44, 100 %, 63 %, 74729 MiB, 81559 MiB
2026/08/06 23:23:31.535, NVIDIA H100 80GB HBM3, 44, 98 %, 64 %, 74729 MiB, 81559 MiB
2026/08/06 23:23:34.536, NVIDIA H100 80GB HBM3, 45, 98 %, 61 %, 74729 MiB, 81559 MiB
2026/08/06 23:23:37.536, NVIDIA H100 80GB HBM3, 45, 100 %, 46 %, 74729 MiB, 81559 MiB
2026/08/06 23:23:40.537, NVIDIA H100 80GB HBM3, 47, 100 %, 51 %, 74729 MiB, 81559 MiB
2026/08/06 23:23:43.537, NVIDIA H100 80GB HBM3, 44, 100 %, 53 %, 74729 MiB, 81559 MiB
2026/08/06 23:23:46.537, NVIDIA H100 80GB HBM3, 43, 100 %, 56 %, 74729 MiB, 81559 MiB
2026/08/06 23:23:49.538, NVIDIA H100 80GB HBM3, 45, 100 %, 57 %, 74729 MiB, 81559 MiB
2026/08/06 23:23:52.538, NVIDIA H100 80GB HBM3, 45, 88 %, 34 %, 74729 MiB, 81559 MiB
2026/08/06 23:23:55.539, NVIDIA H100 80GB HBM3, 46, 69 %, 34 %, 74729 MiB, 81559 MiB
2026/08/06 23:23:58.539, NVIDIA H100 80GB HBM3, 44, 100 %, 64 %, 74729 MiB, 81559 MiB
2026/08/06 23:24:01.539, NVIDIA H100 80GB HBM3, 46, 99 %, 69 %, 74729 MiB, 81559 MiB
2026/08/06 23:24:04.540, NVIDIA H100 80GB HBM3, 47, 100 %, 51 %, 74729 MiB, 81559 MiB
2026/08/06 23:24:07.540, NVIDIA H100 80GB HBM3, 44, 100 %, 54 %, 74729 MiB, 81559 MiB
2026/08/06 23:24:10.541, NVIDIA H100 80GB HBM3, 45, 99 %, 52 %, 74729 MiB, 81559 MiB
2026/08/06 23:24:13.541, NVIDIA H100 80GB HBM3, 30, 0 %, 0 %, 74729 MiB, 81559 MiB
2026/08/06 23:24:16.541, NVIDIA H100 80GB HBM3, 32, 100 %, 64 %, 74729 MiB, 81559 MiB
2026/08/06 23:24:19.542, NVIDIA H100 80GB HBM3, 42, 99 %, 64 %, 74729 MiB, 81559 MiB
2026/08/06 23:24:22.542, NVIDIA H100 80GB HBM3, 29, 0 %, 0 %, 74729 MiB, 81559 MiB
2026/08/06 23:24:25.543, NVIDIA H100 80GB HBM3, 41, 100 %, 55 %, 74729 MiB, 81559 MiB
2026/08/06 23:24:28.543, NVIDIA H100 80GB HBM3, 42, 14 %, 10 %, 74729 MiB, 81559 MiB
2026/08/06 23:24:31.543, NVIDIA H100 80GB HBM3, 41, 97 %, 51 %, 74729 MiB, 81559 MiB
2026/08/06 23:24:34.544, NVIDIA H100 80GB HBM3, 43, 100 %, 54 %, 74729 MiB, 81559 MiB
2026/08/06 23:24:37.544, NVIDIA H100 80GB HBM3, 44, 100 %, 50 %, 74729 MiB, 81559 MiB
2026/08/06 23:24:40.544, NVIDIA H100 80GB HBM3, 45, 96 %, 55 %, 74729 MiB, 81559 MiB
2026/08/06 23:24:43.545, NVIDIA H100 80GB HBM3, 44, 74 %, 38 %, 74729 MiB, 81559 MiB
2026/08/06 23:24:46.545, NVIDIA H100 80GB HBM3, 44, 100 %, 66 %, 74729 MiB, 81559 MiB
2026/08/06 23:24:49.546, NVIDIA H100 80GB HBM3, 45, 98 %, 66 %, 74729 MiB, 81559 MiB
2026/08/06 23:24:52.546, NVIDIA H100 80GB HBM3, 45, 99 %, 58 %, 74729 MiB, 81559 MiB
2026/08/06 23:24:55.547, NVIDIA H100 80GB HBM3, 47, 100 %, 50 %, 74729 MiB, 81559 MiB
2026/08/06 23:24:58.547, NVIDIA H100 80GB HBM3, 45, 100 %, 60 %, 74729 MiB, 81559 MiB
2026/08/06 23:25:01.547, NVIDIA H100 80GB HBM3, 45, 100 %, 55 %, 74729 MiB, 81559 MiB
2026/08/06 23:25:04.548, NVIDIA H100 80GB HBM3, 45, 100 %, 62 %, 74729 MiB, 81559 MiB
2026/08/06 23:25:07.548, NVIDIA H100 80GB HBM3, 45, 66 %, 31 %, 74729 MiB, 81559 MiB
2026/08/06 23:25:10.549, NVIDIA H100 80GB HBM3, 45, 100 %, 57 %, 74729 MiB, 81559 MiB
2026/08/06 23:25:13.549, NVIDIA H100 80GB HBM3, 46, 100 %, 57 %, 74729 MiB, 81559 MiB
2026/08/06 23:25:16.549, NVIDIA H100 80GB HBM3, 46, 100 %, 58 %, 74729 MiB, 81559 MiB
2026/08/06 23:25:19.550, NVIDIA H100 80GB HBM3, 45, 100 %, 64 %, 74729 MiB, 81559 MiB
2026/08/06 23:25:22.550, NVIDIA H100 80GB HBM3, 47, 100 %, 51 %, 74729 MiB, 81559 MiB
2026/08/06 23:25:25.551, NVIDIA H100 80GB HBM3, 46, 100 %, 54 %, 74729 MiB, 81559 MiB
2026/08/06 23:25:28.551, NVIDIA H100 80GB HBM3, 46, 98 %, 48 %, 74729 MiB, 81559 MiB
2026/08/06 23:25:31.551, NVIDIA H100 80GB HBM3, 44, 100 %, 65 %, 74729 MiB, 81559 MiB
2026/08/06 23:25:34.552, NVIDIA H100 80GB HBM3, 46, 98 %, 68 %, 74729 MiB, 81559 MiB
2026/08/06 23:25:37.552, NVIDIA H100 80GB HBM3, 45, 99 %, 62 %, 74729 MiB, 81559 MiB
2026/08/06 23:25:40.553, NVIDIA H100 80GB HBM3, 46, 100 %, 47 %, 74729 MiB, 81559 MiB
2026/08/06 23:25:43.553, NVIDIA H100 80GB HBM3, 46, 100 %, 64 %, 74729 MiB, 81559 MiB
2026/08/06 23:25:46.554, NVIDIA H100 80GB HBM3, 46, 100 %, 58 %, 74729 MiB, 81559 MiB
2026/08/06 23:25:49.554, NVIDIA H100 80GB HBM3, 45, 100 %, 61 %, 74729 MiB, 81559 MiB
2026/08/06 23:25:52.554, NVIDIA H100 80GB HBM3, 47, 99 %, 50 %, 74729 MiB, 81559 MiB
2026/08/06 23:25:55.555, NVIDIA H100 80GB HBM3, 45, 98 %, 62 %, 74729 MiB, 81559 MiB
2026/08/06 23:25:58.555, NVIDIA H100 80GB HBM3, 47, 100 %, 59 %, 74729 MiB, 81559 MiB
2026/08/06 23:26:01.556, NVIDIA H100 80GB HBM3, 33, 0 %, 0 %, 74729 MiB, 81559 MiB
2026/08/06 23:26:04.556, NVIDIA H100 80GB HBM3, 29, 0 %, 0 %, 74729 MiB, 81559 MiB
2026/08/06 23:26:07.556, NVIDIA H100 80GB HBM3, 37, 100 %, 63 %, 74729 MiB, 81559 MiB
2026/08/06 23:26:10.557, NVIDIA H100 80GB HBM3, 34, 0 %, 0 %, 74729 MiB, 81559 MiB
2026/08/06 23:26:13.557, NVIDIA H100 80GB HBM3, 37, 100 %, 64 %, 74729 MiB, 81559 MiB
2026/08/06 23:26:16.558, NVIDIA H100 80GB HBM3, 37, 2 %, 2 %, 74729 MiB, 81559 MiB
2026/08/06 23:26:19.558, NVIDIA H100 80GB HBM3, 42, 97 %, 47 %, 74729 MiB, 81559 MiB
2026/08/06 23:26:22.558, NVIDIA H100 80GB HBM3, 39, 1 %, 1 %, 74729 MiB, 81559 MiB
2026/08/06 23:26:25.559, NVIDIA H100 80GB HBM3, 44, 100 %, 65 %, 74729 MiB, 81559 MiB
2026/08/06 23:26:28.559, NVIDIA H100 80GB HBM3, 45, 97 %, 65 %, 74729 MiB, 81559 MiB
2026/08/06 23:26:31.560, NVIDIA H100 80GB HBM3, 44, 99 %, 63 %, 74729 MiB, 81559 MiB
2026/08/06 23:26:34.560, NVIDIA H100 80GB HBM3, 44, 100 %, 43 %, 74729 MiB, 81559 MiB
2026/08/06 23:26:37.561, NVIDIA H100 80GB HBM3, 46, 100 %, 55 %, 74729 MiB, 81559 MiB
2026/08/06 23:26:40.561, NVIDIA H100 80GB HBM3, 45, 100 %, 51 %, 74729 MiB, 81559 MiB
2026/08/06 23:26:43.561, NVIDIA H100 80GB HBM3, 47, 100 %, 53 %, 74729 MiB, 81559 MiB
2026/08/06 23:26:46.562, NVIDIA H100 80GB HBM3, 46, 100 %, 57 %, 74729 MiB, 81559 MiB
2026/08/06 23:26:49.562, NVIDIA H100 80GB HBM3, 45, 98 %, 51 %, 74729 MiB, 81559 MiB
2026/08/06 23:26:52.563, NVIDIA H100 80GB HBM3, 44, 100 %, 65 %, 74729 MiB, 81559 MiB
2026/08/06 23:26:55.563, NVIDIA H100 80GB HBM3, 46, 100 %, 63 %, 74729 MiB, 81559 MiB
2026/08/06 23:26:58.563, NVIDIA H100 80GB HBM3, 46, 98 %, 66 %, 74729 MiB, 81559 MiB
2026/08/06 23:27:01.564, NVIDIA H100 80GB HBM3, 44, 98 %, 65 %, 74729 MiB, 81559 MiB
2026/08/06 23:27:04.564, NVIDIA H100 80GB HBM3, 46, 100 %, 60 %, 74729 MiB, 81559 MiB
2026/08/06 23:27:07.565, NVIDIA H100 80GB HBM3, 44, 100 %, 64 %, 74729 MiB, 81559 MiB
2026/08/06 23:27:10.565, NVIDIA H100 80GB HBM3, 39, 68 %, 35 %, 74729 MiB, 81559 MiB
2026/08/06 23:27:13.565, NVIDIA H100 80GB HBM3, 41, 45 %, 19 %, 74729 MiB, 81559 MiB
2026/08/06 23:27:16.566, NVIDIA H100 80GB HBM3, 42, 99 %, 52 %, 74729 MiB, 81559 MiB
2026/08/06 23:27:19.566, NVIDIA H100 80GB HBM3, 47, 100 %, 61 %, 74729 MiB, 81559 MiB
2026/08/06 23:27:22.567, NVIDIA H100 80GB HBM3, 45, 98 %, 67 %, 74729 MiB, 81559 MiB
2026/08/06 23:27:25.567, NVIDIA H100 80GB HBM3, 44, 99 %, 62 %, 74729 MiB, 81559 MiB
2026/08/06 23:27:28.567, NVIDIA H100 80GB HBM3, 45, 100 %, 42 %, 74729 MiB, 81559 MiB
2026/08/06 23:27:31.568, NVIDIA H100 80GB HBM3, 46, 100 %, 52 %, 74729 MiB, 81559 MiB
2026/08/06 23:27:34.568, NVIDIA H100 80GB HBM3, 46, 100 %, 56 %, 74729 MiB, 81559 MiB
2026/08/06 23:27:37.569, NVIDIA H100 80GB HBM3, 46, 100 %, 48 %, 74729 MiB, 81559 MiB
2026/08/06 23:27:40.569, NVIDIA H100 80GB HBM3, 45, 100 %, 55 %, 74729 MiB, 81559 MiB
2026/08/06 23:27:43.570, NVIDIA H100 80GB HBM3, 45, 98 %, 43 %, 74729 MiB, 81559 MiB
2026/08/06 23:27:46.570, NVIDIA H100 80GB HBM3, 44, 99 %, 64 %, 74729 MiB, 81559 MiB
2026/08/06 23:27:49.570, NVIDIA H100 80GB HBM3, 46, 100 %, 49 %, 74729 MiB, 81559 MiB
2026/08/06 23:27:52.571, NVIDIA H100 80GB HBM3, 33, 0 %, 0 %, 74729 MiB, 81559 MiB
2026/08/06 23:27:55.571, NVIDIA H100 80GB HBM3, 29, 0 %, 0 %, 74729 MiB, 81559 MiB
2026/08/06 23:27:58.572, NVIDIA H100 80GB HBM3, 37, 100 %, 64 %, 74729 MiB, 81559 MiB
2026/08/06 23:28:01.572, NVIDIA H100 80GB HBM3, 36, 0 %, 0 %, 74729 MiB, 81559 MiB
2026/08/06 23:28:04.572, NVIDIA H100 80GB HBM3, 37, 100 %, 44 %, 74729 MiB, 81559 MiB
2026/08/06 23:28:07.573, NVIDIA H100 80GB HBM3, 42, 100 %, 51 %, 74729 MiB, 81559 MiB
2026/08/06 23:28:10.573, NVIDIA H100 80GB HBM3, 42, 100 %, 51 %, 74729 MiB, 81559 MiB
2026/08/06 23:28:13.574, NVIDIA H100 80GB HBM3, 43, 98 %, 70 %, 74729 MiB, 81559 MiB
2026/08/06 23:28:16.574, NVIDIA H100 80GB HBM3, 46, 100 %, 56 %, 74729 MiB, 81559 MiB
2026/08/06 23:28:19.574, NVIDIA H100 80GB HBM3, 45, 100 %, 49 %, 74729 MiB, 81559 MiB
2026/08/06 23:28:22.575, NVIDIA H100 80GB HBM3, 47, 100 %, 58 %, 74729 MiB, 81559 MiB
2026/08/06 23:28:25.575, NVIDIA H100 80GB HBM3, 46, 100 %, 51 %, 74729 MiB, 81559 MiB
2026/08/06 23:28:28.576, NVIDIA H100 80GB HBM3, 45, 100 %, 56 %, 74729 MiB, 81559 MiB
2026/08/06 23:28:31.576, NVIDIA H100 80GB HBM3, 42, 100 %, 61 %, 74729 MiB, 81559 MiB
2026/08/06 23:28:34.576, NVIDIA H100 80GB HBM3, 42, 74 %, 39 %, 74729 MiB, 81559 MiB
2026/08/06 23:28:37.577, NVIDIA H100 80GB HBM3, 41, 94 %, 53 %, 74729 MiB, 81559 MiB
2026/08/06 23:28:40.577, NVIDIA H100 80GB HBM3, 41, 91 %, 53 %, 74729 MiB, 81559 MiB
2026/08/06 23:28:43.578, NVIDIA H100 80GB HBM3, 41, 100 %, 56 %, 74729 MiB, 81559 MiB
2026/08/06 23:28:46.578, NVIDIA H100 80GB HBM3, 45, 100 %, 55 %, 74729 MiB, 81559 MiB
2026/08/06 23:28:49.578, NVIDIA H100 80GB HBM3, 45, 100 %, 59 %, 74729 MiB, 81559 MiB
2026/08/06 23:28:52.579, NVIDIA H100 80GB HBM3, 41, 94 %, 53 %, 74729 MiB, 81559 MiB
2026/08/06 23:28:55.579, NVIDIA H100 80GB HBM3, 40, 54 %, 29 %, 74729 MiB, 81559 MiB
2026/08/06 23:28:58.580, NVIDIA H100 80GB HBM3, 40, 44 %, 26 %, 74729 MiB, 81559 MiB
2026/08/06 23:29:01.580, NVIDIA H100 80GB HBM3, 44, 44 %, 18 %, 74729 MiB, 81559 MiB
2026/08/06 23:29:04.580, NVIDIA H100 80GB HBM3, 44, 100 %, 64 %, 74729 MiB, 81559 MiB
2026/08/06 23:29:07.581, NVIDIA H100 80GB HBM3, 44, 100 %, 64 %, 74729 MiB, 81559 MiB
2026/08/06 23:29:10.581, NVIDIA H100 80GB HBM3, 44, 98 %, 67 %, 74729 MiB, 81559 MiB
2026/08/06 23:29:13.582, NVIDIA H100 80GB HBM3, 46, 100 %, 52 %, 74729 MiB, 81559 MiB
2026/08/06 23:29:16.582, NVIDIA H100 80GB HBM3, 46, 100 %, 52 %, 74729 MiB, 81559 MiB
2026/08/06 23:29:19.582, NVIDIA H100 80GB HBM3, 45, 100 %, 56 %, 74729 MiB, 81559 MiB
2026/08/06 23:29:22.583, NVIDIA H100 80GB HBM3, 45, 100 %, 53 %, 74729 MiB, 81559 MiB
2026/08/06 23:29:25.583, NVIDIA H100 80GB HBM3, 45, 100 %, 51 %, 74729 MiB, 81559 MiB
2026/08/06 23:29:28.584, NVIDIA H100 80GB HBM3, 46, 100 %, 52 %, 74729 MiB, 81559 MiB
2026/08/06 23:29:31.584, NVIDIA H100 80GB HBM3, 45, 100 %, 49 %, 74729 MiB, 81559 MiB
2026/08/06 23:29:34.585, NVIDIA H100 80GB HBM3, 47, 100 %, 55 %, 74729 MiB, 81559 MiB
2026/08/06 23:29:37.585, NVIDIA H100 80GB HBM3, 44, 100 %, 49 %, 74729 MiB, 81559 MiB
2026/08/06 23:29:40.586, NVIDIA H100 80GB HBM3, 47, 100 %, 65 %, 74729 MiB, 81559 MiB
2026/08/06 23:29:43.586, NVIDIA H100 80GB HBM3, 32, 0 %, 0 %, 74729 MiB, 81559 MiB
2026/08/06 23:29:46.587, NVIDIA H100 80GB HBM3, 30, 0 %, 0 %, 74729 MiB, 81559 MiB
2026/08/06 23:29:49.587, NVIDIA H100 80GB HBM3, 34, 0 %, 0 %, 74729 MiB, 81559 MiB
2026/08/06 23:29:52.588, NVIDIA H100 80GB HBM3, 32, 0 %, 0 %, 74729 MiB, 81559 MiB
2026/08/06 23:29:55.588, NVIDIA H100 80GB HBM3, 39, 100 %, 57 %, 74729 MiB, 81559 MiB
2026/08/06 23:29:58.588, NVIDIA H100 80GB HBM3, 44, 100 %, 65 %, 74729 MiB, 81559 MiB
2026/08/06 23:30:01.589, NVIDIA H100 80GB HBM3, 45, 100 %, 53 %, 74729 MiB, 81559 MiB
2026/08/06 23:30:04.589, NVIDIA H100 80GB HBM3, 44, 100 %, 56 %, 74729 MiB, 81559 MiB
2026/08/06 23:30:07.590, NVIDIA H100 80GB HBM3, 43, 90 %, 53 %, 74729 MiB, 81559 MiB
2026/08/06 23:30:10.590, NVIDIA H100 80GB HBM3, 47, 100 %, 60 %, 74729 MiB, 81559 MiB
2026/08/06 23:30:13.591, NVIDIA H100 80GB HBM3, 46, 99 %, 69 %, 74729 MiB, 81559 MiB
2026/08/06 23:30:16.591, NVIDIA H100 80GB HBM3, 44, 99 %, 58 %, 74729 MiB, 81559 MiB
2026/08/06 23:30:19.591, NVIDIA H100 80GB HBM3, 46, 100 %, 52 %, 74729 MiB, 81559 MiB
2026/08/06 23:30:22.592, NVIDIA H100 80GB HBM3, 45, 100 %, 56 %, 74729 MiB, 81559 MiB
2026/08/06 23:30:25.592, NVIDIA H100 80GB HBM3, 45, 100 %, 52 %, 74729 MiB, 81559 MiB
2026/08/06 23:30:28.593, NVIDIA H100 80GB HBM3, 45, 100 %, 55 %, 74729 MiB, 81559 MiB
2026/08/06 23:30:31.593, NVIDIA H100 80GB HBM3, 44, 100 %, 52 %, 74729 MiB, 81559 MiB
2026/08/06 23:30:34.593, NVIDIA H100 80GB HBM3, 45, 100 %, 54 %, 74729 MiB, 81559 MiB
2026/08/06 23:30:37.594, NVIDIA H100 80GB HBM3, 44, 100 %, 55 %, 74729 MiB, 81559 MiB
2026/08/06 23:30:40.594, NVIDIA H100 80GB HBM3, 44, 100 %, 61 %, 74729 MiB, 81559 MiB
2026/08/06 23:30:43.595, NVIDIA H100 80GB HBM3, 46, 100 %, 52 %, 74729 MiB, 81559 MiB
2026/08/06 23:30:46.595, NVIDIA H100 80GB HBM3, 47, 100 %, 54 %, 74729 MiB, 81559 MiB
2026/08/06 23:30:49.596, NVIDIA H100 80GB HBM3, 46, 100 %, 57 %, 74729 MiB, 81559 MiB
2026/08/06 23:30:52.596, NVIDIA H100 80GB HBM3, 44, 91 %, 53 %, 74729 MiB, 81559 MiB
2026/08/06 23:30:55.596, NVIDIA H100 80GB HBM3, 42, 66 %, 30 %, 74729 MiB, 81559 MiB
2026/08/06 23:30:58.597, NVIDIA H100 80GB HBM3, 45, 100 %, 62 %, 74729 MiB, 81559 MiB
2026/08/06 23:31:01.597, NVIDIA H100 80GB HBM3, 46, 100 %, 63 %, 74729 MiB, 81559 MiB
2026/08/06 23:31:04.598, NVIDIA H100 80GB HBM3, 46, 98 %, 65 %, 74729 MiB, 81559 MiB
2026/08/06 23:31:07.598, NVIDIA H100 80GB HBM3, 43, 99 %, 58 %, 74729 MiB, 81559 MiB
2026/08/06 23:31:10.598, NVIDIA H100 80GB HBM3, 44, 100 %, 48 %, 74729 MiB, 81559 MiB
2026/08/06 23:31:13.599, NVIDIA H100 80GB HBM3, 43, 100 %, 58 %, 74729 MiB, 81559 MiB
2026/08/06 23:31:16.600, NVIDIA H100 80GB HBM3, 43, 99 %, 59 %, 74729 MiB, 81559 MiB
2026/08/06 23:31:19.600, NVIDIA H100 80GB HBM3, 45, 98 %, 66 %, 74729 MiB, 81559 MiB
2026/08/06 23:31:22.600, NVIDIA H100 80GB HBM3, 44, 98 %, 60 %, 74729 MiB, 81559 MiB
2026/08/06 23:31:25.601, NVIDIA H100 80GB HBM3, 45, 100 %, 63 %, 74729 MiB, 81559 MiB
2026/08/06 23:31:28.601, NVIDIA H100 80GB HBM3, 46, 100 %, 57 %, 74729 MiB, 81559 MiB
2026/08/06 23:31:31.602, NVIDIA H100 80GB HBM3, 44, 99 %, 64 %, 74729 MiB, 81559 MiB
2026/08/06 23:31:34.602, NVIDIA H100 80GB HBM3, 30, 0 %, 0 %, 74729 MiB, 81559 MiB
2026/08/06 23:31:37.603, NVIDIA H100 80GB HBM3, 39, 100 %, 51 %, 74729 MiB, 81559 MiB
2026/08/06 23:31:40.603, NVIDIA H100 80GB HBM3, 38, 29 %, 18 %, 74729 MiB, 81559 MiB
2026/08/06 23:31:43.604, NVIDIA H100 80GB HBM3, 29, 0 %, 0 %, 74729 MiB, 81559 MiB
2026/08/06 23:31:46.604, NVIDIA H100 80GB HBM3, 28, 0 %, 0 %, 74729 MiB, 81559 MiB
2026/08/06 23:31:49.604, NVIDIA H100 80GB HBM3, 41, 100 %, 54 %, 74729 MiB, 81559 MiB
2026/08/06 23:31:52.605, NVIDIA H100 80GB HBM3, 43, 100 %, 51 %, 74729 MiB, 81559 MiB
2026/08/06 23:31:55.605, NVIDIA H100 80GB HBM3, 46, 100 %, 51 %, 74729 MiB, 81559 MiB
2026/08/06 23:31:58.606, NVIDIA H100 80GB HBM3, 46, 100 %, 48 %, 74729 MiB, 81559 MiB
2026/08/06 23:32:01.606, NVIDIA H100 80GB HBM3, 45, 100 %, 42 %, 74729 MiB, 81559 MiB
2026/08/06 23:32:04.608, NVIDIA H100 80GB HBM3, 44, 100 %, 52 %, 74729 MiB, 81559 MiB
2026/08/06 23:32:07.608, NVIDIA H100 80GB HBM3, 44, 100 %, 50 %, 74729 MiB, 81559 MiB
2026/08/06 23:32:10.609, NVIDIA H100 80GB HBM3, 45, 100 %, 54 %, 74729 MiB, 81559 MiB
2026/08/06 23:32:13.609, NVIDIA H100 80GB HBM3, 46, 100 %, 42 %, 74729 MiB, 81559 MiB
2026/08/06 23:32:16.610, NVIDIA H100 80GB HBM3, 46, 100 %, 51 %, 74729 MiB, 81559 MiB
2026/08/06 23:32:19.610, NVIDIA H100 80GB HBM3, 44, 100 %, 54 %, 74729 MiB, 81559 MiB
2026/08/06 23:32:22.611, NVIDIA H100 80GB HBM3, 44, 100 %, 58 %, 74729 MiB, 81559 MiB
2026/08/06 23:32:25.611, NVIDIA H100 80GB HBM3, 41, 100 %, 53 %, 74729 MiB, 81559 MiB
2026/08/06 23:32:28.611, NVIDIA H100 80GB HBM3, 43, 100 %, 50 %, 74729 MiB, 81559 MiB
2026/08/06 23:32:31.612, NVIDIA H100 80GB HBM3, 45, 63 %, 30 %, 74729 MiB, 81559 MiB
2026/08/06 23:32:34.613, NVIDIA H100 80GB HBM3, 45, 63 %, 32 %, 74729 MiB, 81559 MiB
2026/08/06 23:32:37.614, NVIDIA H100 80GB HBM3, 44, 100 %, 65 %, 74729 MiB, 81559 MiB
2026/08/06 23:32:40.614, NVIDIA H100 80GB HBM3, 44, 100 %, 65 %, 74729 MiB, 81559 MiB
2026/08/06 23:32:43.615, NVIDIA H100 80GB HBM3, 45, 98 %, 72 %, 74729 MiB, 81559 MiB
2026/08/06 23:32:46.615, NVIDIA H100 80GB HBM3, 45, 98 %, 70 %, 74729 MiB, 81559 MiB
2026/08/06 23:32:49.616, NVIDIA H100 80GB HBM3, 43, 100 %, 64 %, 74729 MiB, 81559 MiB
2026/08/06 23:32:52.616, NVIDIA H100 80GB HBM3, 43, 100 %, 61 %, 74729 MiB, 81559 MiB
2026/08/06 23:32:55.616, NVIDIA H100 80GB HBM3, 43, 100 %, 63 %, 74729 MiB, 81559 MiB
2026/08/06 23:32:58.617, NVIDIA H100 80GB HBM3, 43, 100 %, 61 %, 74729 MiB, 81559 MiB
2026/08/06 23:33:01.617, NVIDIA H100 80GB HBM3, 43, 100 %, 64 %, 74729 MiB, 81559 MiB
2026/08/06 23:33:04.618, NVIDIA H100 80GB HBM3, 45, 98 %, 68 %, 74729 MiB, 81559 MiB
2026/08/06 23:33:07.618, NVIDIA H100 80GB HBM3, 45, 99 %, 62 %, 74729 MiB, 81559 MiB
2026/08/06 23:33:10.619, NVIDIA H100 80GB HBM3, 45, 100 %, 41 %, 74729 MiB, 81559 MiB
2026/08/06 23:33:13.619, NVIDIA H100 80GB HBM3, 45, 100 %, 53 %, 74729 MiB, 81559 MiB
2026/08/06 23:33:16.620, NVIDIA H100 80GB HBM3, 45, 100 %, 50 %, 74729 MiB, 81559 MiB
2026/08/06 23:33:19.620, NVIDIA H100 80GB HBM3, 45, 98 %, 43 %, 74729 MiB, 81559 MiB
2026/08/06 23:33:22.621, NVIDIA H100 80GB HBM3, 46, 99 %, 64 %, 74729 MiB, 81559 MiB
2026/08/06 23:33:25.621, NVIDIA H100 80GB HBM3, 33, 0 %, 0 %, 74729 MiB, 81559 MiB
2026/08/06 23:33:28.621, NVIDIA H100 80GB HBM3, 29, 0 %, 0 %, 74729 MiB, 81559 MiB
2026/08/06 23:33:31.622, NVIDIA H100 80GB HBM3, 35, 100 %, 65 %, 74729 MiB, 81559 MiB
2026/08/06 23:33:34.625, NVIDIA H100 80GB HBM3, 31, 0 %, 0 %, 74729 MiB, 81559 MiB
2026/08/06 23:33:37.625, NVIDIA H100 80GB HBM3, 28, 0 %, 0 %, 74729 MiB, 81559 MiB
2026/08/06 23:33:40.626, NVIDIA H100 80GB HBM3, 38, 100 %, 64 %, 74729 MiB, 81559 MiB
2026/08/06 23:33:43.626, NVIDIA H100 80GB HBM3, 39, 100 %, 65 %, 74729 MiB, 81559 MiB
2026/08/06 23:33:46.627, NVIDIA H100 80GB HBM3, 45, 74 %, 34 %, 74729 MiB, 81559 MiB
2026/08/06 23:33:49.627, NVIDIA H100 80GB HBM3, 45, 63 %, 31 %, 74729 MiB, 81559 MiB
2026/08/06 23:33:52.628, NVIDIA H100 80GB HBM3, 44, 100 %, 65 %, 74729 MiB, 81559 MiB
2026/08/06 23:33:55.628, NVIDIA H100 80GB HBM3, 45, 99 %, 64 %, 74729 MiB, 81559 MiB
2026/08/06 23:33:58.628, NVIDIA H100 80GB HBM3, 44, 98 %, 63 %, 74729 MiB, 81559 MiB
2026/08/06 23:34:01.629, NVIDIA H100 80GB HBM3, 45, 100 %, 57 %, 74729 MiB, 81559 MiB
2026/08/06 23:34:04.629, NVIDIA H100 80GB HBM3, 46, 100 %, 52 %, 74729 MiB, 81559 MiB
2026/08/06 23:34:07.630, NVIDIA H100 80GB HBM3, 45, 100 %, 54 %, 74729 MiB, 81559 MiB
2026/08/06 23:34:10.630, NVIDIA H100 80GB HBM3, 44, 100 %, 57 %, 74729 MiB, 81559 MiB
2026/08/06 23:34:13.631, NVIDIA H100 80GB HBM3, 44, 100 %, 57 %, 74729 MiB, 81559 MiB
2026/08/06 23:34:16.631, NVIDIA H100 80GB HBM3, 40, 78 %, 44 %, 74729 MiB, 81559 MiB
2026/08/06 23:34:19.631, NVIDIA H100 80GB HBM3, 46, 98 %, 54 %, 74729 MiB, 81559 MiB
2026/08/06 23:34:22.632, NVIDIA H100 80GB HBM3, 43, 51 %, 19 %, 74729 MiB, 81559 MiB
2026/08/06 23:34:25.632, NVIDIA H100 80GB HBM3, 43, 45 %, 23 %, 74729 MiB, 81559 MiB
2026/08/06 23:34:28.633, NVIDIA H100 80GB HBM3, 41, 60 %, 30 %, 74729 MiB, 81559 MiB
2026/08/06 23:34:31.633, NVIDIA H100 80GB HBM3, 40, 67 %, 31 %, 74729 MiB, 81559 MiB
2026/08/06 23:34:34.635, NVIDIA H100 80GB HBM3, 41, 98 %, 55 %, 74729 MiB, 81559 MiB
2026/08/06 23:34:37.636, NVIDIA H100 80GB HBM3, 47, 88 %, 49 %, 74729 MiB, 81559 MiB
2026/08/06 23:34:40.636, NVIDIA H100 80GB HBM3, 44, 100 %, 57 %, 74729 MiB, 81559 MiB
2026/08/06 23:34:43.637, NVIDIA H100 80GB HBM3, 44, 100 %, 62 %, 74729 MiB, 81559 MiB
2026/08/06 23:34:46.637, NVIDIA H100 80GB HBM3, 43, 99 %, 64 %, 74729 MiB, 81559 MiB
2026/08/06 23:34:49.638, NVIDIA H100 80GB HBM3, 44, 98 %, 60 %, 74729 MiB, 81559 MiB
2026/08/06 23:34:52.638, NVIDIA H100 80GB HBM3, 45, 100 %, 43 %, 74729 MiB, 81559 MiB
2026/08/06 23:34:55.638, NVIDIA H100 80GB HBM3, 44, 100 %, 48 %, 74729 MiB, 81559 MiB
2026/08/06 23:34:58.639, NVIDIA H100 80GB HBM3, 45, 100 %, 52 %, 74729 MiB, 81559 MiB
2026/08/06 23:35:01.639, NVIDIA H100 80GB HBM3, 47, 100 %, 52 %, 74729 MiB, 81559 MiB
2026/08/06 23:35:04.641, NVIDIA H100 80GB HBM3, 45, 100 %, 57 %, 74729 MiB, 81559 MiB
2026/08/06 23:35:07.641, NVIDIA H100 80GB HBM3, 46, 98 %, 52 %, 74729 MiB, 81559 MiB
2026/08/06 23:35:10.642, NVIDIA H100 80GB HBM3, 45, 98 %, 69 %, 74729 MiB, 81559 MiB
2026/08/06 23:35:13.642, NVIDIA H100 80GB HBM3, 45, 100 %, 54 %, 74729 MiB, 81559 MiB
2026/08/06 23:35:16.642, NVIDIA H100 80GB HBM3, 31, 0 %, 0 %, 74729 MiB, 81559 MiB
2026/08/06 23:35:19.643, NVIDIA H100 80GB HBM3, 30, 0 %, 0 %, 74729 MiB, 81559 MiB
2026/08/06 23:35:22.643, NVIDIA H100 80GB HBM3, 35, 36 %, 23 %, 74729 MiB, 81559 MiB
2026/08/06 23:35:25.644, NVIDIA H100 80GB HBM3, 30, 0 %, 0 %, 74729 MiB, 81559 MiB
2026/08/06 23:35:28.644, NVIDIA H100 80GB HBM3, 39, 85 %, 35 %, 74729 MiB, 81559 MiB
2026/08/06 23:35:31.645, NVIDIA H100 80GB HBM3, 42, 100 %, 63 %, 74729 MiB, 81559 MiB
2026/08/06 23:35:34.647, NVIDIA H100 80GB HBM3, 45, 99 %, 41 %, 74729 MiB, 81559 MiB
2026/08/06 23:35:37.648, NVIDIA H100 80GB HBM3, 43, 100 %, 62 %, 74729 MiB, 81559 MiB
2026/08/06 23:35:40.648, NVIDIA H100 80GB HBM3, 43, 100 %, 63 %, 74729 MiB, 81559 MiB
2026/08/06 23:35:43.649, NVIDIA H100 80GB HBM3, 44, 98 %, 66 %, 74729 MiB, 81559 MiB
2026/08/06 23:35:46.649, NVIDIA H100 80GB HBM3, 45, 100 %, 44 %, 74729 MiB, 81559 MiB
2026/08/06 23:35:49.650, NVIDIA H100 80GB HBM3, 46, 100 %, 46 %, 74729 MiB, 81559 MiB
2026/08/06 23:35:52.650, NVIDIA H100 80GB HBM3, 45, 100 %, 56 %, 74729 MiB, 81559 MiB
2026/08/06 23:35:55.651, NVIDIA H100 80GB HBM3, 44, 100 %, 55 %, 74729 MiB, 81559 MiB
2026/08/06 23:35:58.651, NVIDIA H100 80GB HBM3, 44, 100 %, 51 %, 74729 MiB, 81559 MiB
2026/08/06 23:36:01.651, NVIDIA H100 80GB HBM3, 44, 100 %, 51 %, 74729 MiB, 81559 MiB
2026/08/06 23:36:04.653, NVIDIA H100 80GB HBM3, 44, 100 %, 59 %, 74729 MiB, 81559 MiB
2026/08/06 23:36:07.654, NVIDIA H100 80GB HBM3, 44, 100 %, 56 %, 74729 MiB, 81559 MiB
2026/08/06 23:36:10.654, NVIDIA H100 80GB HBM3, 45, 100 %, 54 %, 74729 MiB, 81559 MiB
2026/08/06 23:36:13.655, NVIDIA H100 80GB HBM3, 41, 100 %, 54 %, 74729 MiB, 81559 MiB
2026/08/06 23:36:16.655, NVIDIA H100 80GB HBM3, 46, 100 %, 52 %, 74729 MiB, 81559 MiB
2026/08/06 23:36:19.656, NVIDIA H100 80GB HBM3, 46, 83 %, 38 %, 74729 MiB, 81559 MiB
2026/08/06 23:36:22.656, NVIDIA H100 80GB HBM3, 44, 100 %, 64 %, 74729 MiB, 81559 MiB
2026/08/06 23:36:25.656, NVIDIA H100 80GB HBM3, 44, 100 %, 65 %, 74729 MiB, 81559 MiB
2026/08/06 23:36:28.657, NVIDIA H100 80GB HBM3, 45, 99 %, 68 %, 74729 MiB, 81559 MiB
2026/08/06 23:36:31.657, NVIDIA H100 80GB HBM3, 45, 100 %, 52 %, 74729 MiB, 81559 MiB
2026/08/06 23:36:34.658, NVIDIA H100 80GB HBM3, 46, 100 %, 52 %, 74729 MiB, 81559 MiB
2026/08/06 23:36:37.658, NVIDIA H100 80GB HBM3, 45, 100 %, 56 %, 74729 MiB, 81559 MiB
2026/08/06 23:36:40.659, NVIDIA H100 80GB HBM3, 45, 100 %, 52 %, 74729 MiB, 81559 MiB
2026/08/06 23:36:43.659, NVIDIA H100 80GB HBM3, 40, 100 %, 60 %, 74729 MiB, 81559 MiB
2026/08/06 23:36:46.660, NVIDIA H100 80GB HBM3, 40, 100 %, 53 %, 74729 MiB, 81559 MiB
2026/08/06 23:36:49.660, NVIDIA H100 80GB HBM3, 44, 100 %, 56 %, 74729 MiB, 81559 MiB
2026/08/06 23:36:52.660, NVIDIA H100 80GB HBM3, 44, 100 %, 57 %, 74729 MiB, 81559 MiB
2026/08/06 23:36:55.661, NVIDIA H100 80GB HBM3, 44, 100 %, 54 %, 74729 MiB, 81559 MiB
2026/08/06 23:36:58.661, NVIDIA H100 80GB HBM3, 46, 100 %, 60 %, 74729 MiB, 81559 MiB
2026/08/06 23:37:01.662, NVIDIA H100 80GB HBM3, 45, 100 %, 63 %, 74729 MiB, 81559 MiB
2026/08/06 23:37:04.663, NVIDIA H100 80GB HBM3, 44, 100 %, 58 %, 74729 MiB, 81559 MiB
2026/08/06 23:37:07.663, NVIDIA H100 80GB HBM3, 29, 0 %, 0 %, 74729 MiB, 81559 MiB
2026/08/06 23:37:10.663, NVIDIA H100 80GB HBM3, 34, 49 %, 31 %, 74729 MiB, 81559 MiB
2026/08/06 23:37:13.664, NVIDIA H100 80GB HBM3, 32, 0 %, 0 %, 74729 MiB, 81559 MiB
2026/08/06 23:37:16.664, NVIDIA H100 80GB HBM3, 28, 0 %, 0 %, 74729 MiB, 81559 MiB
2026/08/06 23:37:19.665, NVIDIA H100 80GB HBM3, 38, 43 %, 25 %, 74729 MiB, 81559 MiB
2026/08/06 23:37:22.665, NVIDIA H100 80GB HBM3, 41, 70 %, 45 %, 74729 MiB, 81559 MiB
2026/08/06 23:37:25.666, NVIDIA H100 80GB HBM3, 46, 100 %, 48 %, 74729 MiB, 81559 MiB
2026/08/06 23:37:28.666, NVIDIA H100 80GB HBM3, 43, 100 %, 51 %, 74729 MiB, 81559 MiB
2026/08/06 23:37:31.666, NVIDIA H100 80GB HBM3, 43, 100 %, 53 %, 74729 MiB, 81559 MiB
2026/08/06 23:37:34.668, NVIDIA H100 80GB HBM3, 44, 100 %, 57 %, 74729 MiB, 81559 MiB
2026/08/06 23:37:37.669, NVIDIA H100 80GB HBM3, 45, 100 %, 53 %, 74729 MiB, 81559 MiB
2026/08/06 23:37:40.669, NVIDIA H100 80GB HBM3, 45, 100 %, 51 %, 74729 MiB, 81559 MiB
2026/08/06 23:37:43.670, NVIDIA H100 80GB HBM3, 46, 100 %, 50 %, 74729 MiB, 81559 MiB
2026/08/06 23:37:46.670, NVIDIA H100 80GB HBM3, 45, 100 %, 53 %, 74729 MiB, 81559 MiB
2026/08/06 23:37:49.670, NVIDIA H100 80GB HBM3, 44, 100 %, 59 %, 74729 MiB, 81559 MiB
2026/08/06 23:37:52.671, NVIDIA H100 80GB HBM3, 41, 100 %, 54 %, 74729 MiB, 81559 MiB
2026/08/06 23:37:55.671, NVIDIA H100 80GB HBM3, 43, 100 %, 57 %, 74729 MiB, 81559 MiB
2026/08/06 23:37:58.672, NVIDIA H100 80GB HBM3, 45, 100 %, 59 %, 74729 MiB, 81559 MiB
2026/08/06 23:38:01.672, NVIDIA H100 80GB HBM3, 43, 92 %, 50 %, 74729 MiB, 81559 MiB
2026/08/06 23:38:04.675, NVIDIA H100 80GB HBM3, 45, 100 %, 67 %, 74729 MiB, 81559 MiB
2026/08/06 23:38:07.676, NVIDIA H100 80GB HBM3, 45, 98 %, 70 %, 74729 MiB, 81559 MiB
2026/08/06 23:38:10.676, NVIDIA H100 80GB HBM3, 44, 100 %, 48 %, 74729 MiB, 81559 MiB
2026/08/06 23:38:13.677, NVIDIA H100 80GB HBM3, 47, 100 %, 57 %, 74729 MiB, 81559 MiB
2026/08/06 23:38:16.677, NVIDIA H100 80GB HBM3, 45, 100 %, 56 %, 74729 MiB, 81559 MiB
2026/08/06 23:38:19.677, NVIDIA H100 80GB HBM3, 44, 100 %, 54 %, 74729 MiB, 81559 MiB
2026/08/06 23:38:22.678, NVIDIA H100 80GB HBM3, 44, 100 %, 54 %, 74729 MiB, 81559 MiB
2026/08/06 23:38:25.678, NVIDIA H100 80GB HBM3, 44, 100 %, 53 %, 74729 MiB, 81559 MiB
2026/08/06 23:38:28.679, NVIDIA H100 80GB HBM3, 46, 100 %, 56 %, 74729 MiB, 81559 MiB
2026/08/06 23:38:31.679, NVIDIA H100 80GB HBM3, 46, 100 %, 56 %, 74729 MiB, 81559 MiB
2026/08/06 23:38:34.681, NVIDIA H100 80GB HBM3, 45, 100 %, 56 %, 74729 MiB, 81559 MiB
2026/08/06 23:38:37.682, NVIDIA H100 80GB HBM3, 44, 100 %, 51 %, 74729 MiB, 81559 MiB
2026/08/06 23:38:40.682, NVIDIA H100 80GB HBM3, 45, 85 %, 41 %, 74729 MiB, 81559 MiB
2026/08/06 23:38:43.683, NVIDIA H100 80GB HBM3, 45, 84 %, 42 %, 74729 MiB, 81559 MiB
2026/08/06 23:38:46.683, NVIDIA H100 80GB HBM3, 45, 99 %, 66 %, 74729 MiB, 81559 MiB
2026/08/06 23:38:49.684, NVIDIA H100 80GB HBM3, 45, 100 %, 52 %, 74729 MiB, 81559 MiB
2026/08/06 23:38:52.684, NVIDIA H100 80GB HBM3, 45, 100 %, 59 %, 74729 MiB, 81559 MiB
2026/08/06 23:38:55.685, NVIDIA H100 80GB HBM3, 30, 0 %, 0 %, 74729 MiB, 81559 MiB
2026/08/06 23:38:58.685, NVIDIA H100 80GB HBM3, 31, 21 %, 13 %, 74729 MiB, 81559 MiB
2026/08/06 23:39:01.686, NVIDIA H100 80GB HBM3, 41, 99 %, 65 %, 74729 MiB, 81559 MiB
2026/08/06 23:39:04.686, NVIDIA H100 80GB HBM3, 29, 0 %, 0 %, 74729 MiB, 81559 MiB
2026/08/06 23:39:07.687, NVIDIA H100 80GB HBM3, 28, 0 %, 0 %, 74729 MiB, 81559 MiB
2026/08/06 23:39:10.687, NVIDIA H100 80GB HBM3, 42, 100 %, 54 %, 74729 MiB, 81559 MiB
2026/08/06 23:39:13.688, NVIDIA H100 80GB HBM3, 44, 100 %, 52 %, 74729 MiB, 81559 MiB
2026/08/06 23:39:16.688, NVIDIA H100 80GB HBM3, 44, 100 %, 56 %, 74729 MiB, 81559 MiB
2026/08/06 23:39:19.689, NVIDIA H100 80GB HBM3, 45, 100 %, 55 %, 74729 MiB, 81559 MiB
2026/08/06 23:39:22.689, NVIDIA H100 80GB HBM3, 46, 100 %, 53 %, 74729 MiB, 81559 MiB
2026/08/06 23:39:25.689, NVIDIA H100 80GB HBM3, 45, 100 %, 63 %, 74729 MiB, 81559 MiB
2026/08/06 23:39:28.690, NVIDIA H100 80GB HBM3, 41, 98 %, 55 %, 74729 MiB, 81559 MiB
2026/08/06 23:39:31.690, NVIDIA H100 80GB HBM3, 42, 77 %, 42 %, 74729 MiB, 81559 MiB
2026/08/06 23:39:34.693, NVIDIA H100 80GB HBM3, 45, 95 %, 50 %, 74729 MiB, 81559 MiB
2026/08/06 23:39:37.694, NVIDIA H100 80GB HBM3, 46, 100 %, 67 %, 74729 MiB, 81559 MiB
2026/08/06 23:39:40.694, NVIDIA H100 80GB HBM3, 44, 98 %, 69 %, 74729 MiB, 81559 MiB
2026/08/06 23:39:43.695, NVIDIA H100 80GB HBM3, 45, 100 %, 57 %, 74729 MiB, 81559 MiB
2026/08/06 23:39:46.695, NVIDIA H100 80GB HBM3, 44, 100 %, 48 %, 74729 MiB, 81559 MiB
2026/08/06 23:39:49.696, NVIDIA H100 80GB HBM3, 46, 100 %, 53 %, 74729 MiB, 81559 MiB
2026/08/06 23:39:52.696, NVIDIA H100 80GB HBM3, 45, 100 %, 57 %, 74729 MiB, 81559 MiB
2026/08/06 23:39:55.698, NVIDIA H100 80GB HBM3, 45, 100 %, 59 %, 74729 MiB, 81559 MiB
2026/08/06 23:39:58.699, NVIDIA H100 80GB HBM3, 46, 100 %, 57 %, 74729 MiB, 81559 MiB
2026/08/06 23:40:01.700, NVIDIA H100 80GB HBM3, 46, 100 %, 58 %, 74729 MiB, 81559 MiB
2026/08/06 23:40:04.700, NVIDIA H100 80GB HBM3, 45, 100 %, 51 %, 74729 MiB, 81559 MiB
2026/08/06 23:40:07.702, NVIDIA H100 80GB HBM3, 45, 100 %, 50 %, 74729 MiB, 81559 MiB
2026/08/06 23:40:10.703, NVIDIA H100 80GB HBM3, 47, 100 %, 56 %, 74729 MiB, 81559 MiB
2026/08/06 23:40:13.704, NVIDIA H100 80GB HBM3, 46, 100 %, 56 %, 74729 MiB, 81559 MiB
2026/08/06 23:40:16.704, NVIDIA H100 80GB HBM3, 45, 100 %, 57 %, 74729 MiB, 81559 MiB
2026/08/06 23:40:19.705, NVIDIA H100 80GB HBM3, 45, 100 %, 61 %, 74729 MiB, 81559 MiB
2026/08/06 23:40:22.705, NVIDIA H100 80GB HBM3, 42, 100 %, 60 %, 74729 MiB, 81559 MiB
2026/08/06 23:40:25.705, NVIDIA H100 80GB HBM3, 47, 93 %, 51 %, 74729 MiB, 81559 MiB
2026/08/06 23:40:28.706, NVIDIA H100 80GB HBM3, 45, 97 %, 51 %, 74729 MiB, 81559 MiB
2026/08/06 23:40:31.706, NVIDIA H100 80GB HBM3, 43, 100 %, 63 %, 74729 MiB, 81559 MiB
2026/08/06 23:40:34.708, NVIDIA H100 80GB HBM3, 44, 99 %, 63 %, 74729 MiB, 81559 MiB
2026/08/06 23:40:37.708, NVIDIA H100 80GB HBM3, 46, 100 %, 62 %, 74729 MiB, 81559 MiB
2026/08/06 23:40:40.709, NVIDIA H100 80GB HBM3, 44, 100 %, 56 %, 74729 MiB, 81559 MiB
2026/08/06 23:40:43.709, NVIDIA H100 80GB HBM3, 46, 100 %, 66 %, 74729 MiB, 81559 MiB
2026/08/06 23:40:46.710, NVIDIA H100 80GB HBM3, 30, 0 %, 0 %, 74729 MiB, 81559 MiB
2026/08/06 23:40:49.710, NVIDIA H100 80GB HBM3, 36, 100 %, 63 %, 74729 MiB, 81559 MiB
2026/08/06 23:40:52.710, NVIDIA H100 80GB HBM3, 34, 36 %, 23 %, 74729 MiB, 81559 MiB
2026/08/06 23:40:55.711, NVIDIA H100 80GB HBM3, 29, 0 %, 0 %, 74729 MiB, 81559 MiB
2026/08/06 23:40:58.711, NVIDIA H100 80GB HBM3, 28, 0 %, 0 %, 74733 MiB, 81559 MiB
2026/08/06 23:41:01.712, NVIDIA H100 80GB HBM3, 27, 0 %, 0 %, 74733 MiB, 81559 MiB
2026/08/06 23:41:04.713, NVIDIA H100 80GB HBM3, 27, 0 %, 0 %, 74733 MiB, 81559 MiB
2026/08/06 23:41:07.713, NVIDIA H100 80GB HBM3, 27, 0 %, 0 %, 74733 MiB, 81559 MiB
2026/08/06 23:41:10.714, NVIDIA H100 80GB HBM3, 27, 0 %, 0 %, 74677 MiB, 81559 MiB
2026/08/06 23:41:13.714, NVIDIA H100 80GB HBM3, 27, 0 %, 0 %, 0 MiB, 81559 MiB
