timestamp, name, temperature.gpu, utilization.gpu [%], utilization.memory [%], memory.used [MiB], memory.total [MiB]
2026/08/05 17:13:07.671, NVIDIA H200, 27, 0 %, 0 %, 0 MiB, 143771 MiB
2026/08/05 17:13:10.685, NVIDIA H200, 27, 0 %, 0 %, 0 MiB, 143771 MiB
2026/08/05 17:13:13.685, NVIDIA H200, 27, 0 %, 0 %, 0 MiB, 143771 MiB
2026/08/05 17:13:16.686, NVIDIA H200, 27, 0 %, 0 %, 0 MiB, 143771 MiB
2026/08/05 17:13:19.686, NVIDIA H200, 27, 0 %, 0 %, 0 MiB, 143771 MiB
2026/08/05 17:13:22.687, NVIDIA H200, 27, 0 %, 0 %, 0 MiB, 143771 MiB
2026/08/05 17:13:25.687, NVIDIA H200, 27, 0 %, 0 %, 0 MiB, 143771 MiB
2026/08/05 17:13:28.688, NVIDIA H200, 27, 0 %, 0 %, 0 MiB, 143771 MiB
2026/08/05 17:13:31.688, NVIDIA H200, 27, 0 %, 0 %, 0 MiB, 143771 MiB
2026/08/05 17:13:34.688, NVIDIA H200, 27, 0 %, 0 %, 0 MiB, 143771 MiB
2026/08/05 17:13:37.689, NVIDIA H200, 26, 0 %, 0 %, 0 MiB, 143771 MiB
2026/08/05 17:13:40.689, NVIDIA H200, 27, 0 %, 0 %, 0 MiB, 143771 MiB
2026/08/05 17:13:43.690, NVIDIA H200, 27, 0 %, 0 %, 0 MiB, 143771 MiB
2026/08/05 17:13:46.690, NVIDIA H200, 27, 0 %, 0 %, 0 MiB, 143771 MiB
2026/08/05 17:13:49.690, NVIDIA H200, 27, 0 %, 0 %, 0 MiB, 143771 MiB
2026/08/05 17:13:52.691, NVIDIA H200, 27, 0 %, 0 %, 0 MiB, 143771 MiB
2026/08/05 17:13:55.691, NVIDIA H200, 27, 0 %, 0 %, 0 MiB, 143771 MiB
2026/08/05 17:13:58.692, NVIDIA H200, 27, 0 %, 0 %, 0 MiB, 143771 MiB
2026/08/05 17:14:01.692, NVIDIA H200, 27, 0 %, 0 %, 0 MiB, 143771 MiB
2026/08/05 17:14:04.692, NVIDIA H200, 27, 0 %, 0 %, 0 MiB, 143771 MiB
2026/08/05 17:14:07.693, NVIDIA H200, 27, 0 %, 0 %, 0 MiB, 143771 MiB
2026/08/05 17:14:10.693, NVIDIA H200, 27, 0 %, 0 %, 0 MiB, 143771 MiB
2026/08/05 17:14:13.694, NVIDIA H200, 27, 0 %, 0 %, 0 MiB, 143771 MiB
2026/08/05 17:14:16.694, NVIDIA H200, 27, 0 %, 0 %, 0 MiB, 143771 MiB
2026/08/05 17:14:19.695, NVIDIA H200, 27, 0 %, 0 %, 0 MiB, 143771 MiB
2026/08/05 17:14:22.695, NVIDIA H200, 27, 0 %, 0 %, 0 MiB, 143771 MiB
2026/08/05 17:14:25.696, NVIDIA H200, 27, 0 %, 0 %, 0 MiB, 143771 MiB
2026/08/05 17:14:28.696, NVIDIA H200, 27, 0 %, 0 %, 0 MiB, 143771 MiB
2026/08/05 17:14:31.697, NVIDIA H200, 27, 0 %, 0 %, 0 MiB, 143771 MiB
2026/08/05 17:14:34.698, NVIDIA H200, 27, 0 %, 0 %, 0 MiB, 143771 MiB
2026/08/05 17:14:37.698, NVIDIA H200, 27, 0 %, 0 %, 0 MiB, 143771 MiB
2026/08/05 17:14:40.698, NVIDIA H200, 26, 0 %, 0 %, 0 MiB, 143771 MiB
2026/08/05 17:14:43.699, NVIDIA H200, 27, 0 %, 0 %, 0 MiB, 143771 MiB
2026/08/05 17:14:46.700, NVIDIA H200, 27, 0 %, 0 %, 0 MiB, 143771 MiB
2026/08/05 17:14:49.701, NVIDIA H200, 27, 0 %, 0 %, 0 MiB, 143771 MiB
2026/08/05 17:14:52.701, NVIDIA H200, 27, 0 %, 0 %, 0 MiB, 143771 MiB
2026/08/05 17:14:55.701, NVIDIA H200, 27, 0 %, 0 %, 0 MiB, 143771 MiB
2026/08/05 17:14:58.702, NVIDIA H200, 27, 0 %, 0 %, 0 MiB, 143771 MiB
2026/08/05 17:15:01.702, NVIDIA H200, 27, 0 %, 0 %, 0 MiB, 143771 MiB
2026/08/05 17:15:04.702, NVIDIA H200, 27, 0 %, 0 %, 0 MiB, 143771 MiB
2026/08/05 17:15:07.703, NVIDIA H200, 28, 0 %, 0 %, 529 MiB, 143771 MiB
2026/08/05 17:15:10.703, NVIDIA H200, 29, 0 %, 0 %, 529 MiB, 143771 MiB
2026/08/05 17:15:13.704, NVIDIA H200, 29, 0 %, 0 %, 529 MiB, 143771 MiB
2026/08/05 17:15:16.704, NVIDIA H200, 29, 0 %, 0 %, 529 MiB, 143771 MiB
2026/08/05 17:15:19.705, NVIDIA H200, 29, 0 %, 0 %, 529 MiB, 143771 MiB
2026/08/05 17:15:22.706, NVIDIA H200, 29, 0 %, 0 %, 529 MiB, 143771 MiB
2026/08/05 17:15:25.706, NVIDIA H200, 29, 0 %, 0 %, 529 MiB, 143771 MiB
2026/08/05 17:15:28.707, NVIDIA H200, 29, 0 %, 0 %, 529 MiB, 143771 MiB
2026/08/05 17:15:31.707, NVIDIA H200, 29, 0 %, 0 %, 529 MiB, 143771 MiB
2026/08/05 17:15:34.708, NVIDIA H200, 29, 0 %, 0 %, 529 MiB, 143771 MiB
2026/08/05 17:15:37.708, NVIDIA H200, 29, 0 %, 0 %, 529 MiB, 143771 MiB
2026/08/05 17:15:40.709, NVIDIA H200, 29, 0 %, 0 %, 529 MiB, 143771 MiB
2026/08/05 17:15:43.709, NVIDIA H200, 29, 0 %, 0 %, 529 MiB, 143771 MiB
2026/08/05 17:15:46.710, NVIDIA H200, 29, 0 %, 0 %, 529 MiB, 143771 MiB
2026/08/05 17:15:49.710, NVIDIA H200, 29, 0 %, 0 %, 529 MiB, 143771 MiB
2026/08/05 17:15:52.711, NVIDIA H200, 29, 0 %, 0 %, 529 MiB, 143771 MiB
2026/08/05 17:15:55.711, NVIDIA H200, 29, 0 %, 0 %, 529 MiB, 143771 MiB
2026/08/05 17:15:58.712, NVIDIA H200, 29, 0 %, 0 %, 529 MiB, 143771 MiB
2026/08/05 17:16:01.712, NVIDIA H200, 29, 0 %, 0 %, 529 MiB, 143771 MiB
2026/08/05 17:16:04.713, NVIDIA H200, 29, 0 %, 0 %, 529 MiB, 143771 MiB
2026/08/05 17:16:07.713, NVIDIA H200, 29, 0 %, 0 %, 529 MiB, 143771 MiB
2026/08/05 17:16:10.713, NVIDIA H200, 29, 0 %, 0 %, 529 MiB, 143771 MiB
2026/08/05 17:16:13.714, NVIDIA H200, 29, 0 %, 0 %, 529 MiB, 143771 MiB
2026/08/05 17:16:16.714, NVIDIA H200, 29, 0 %, 0 %, 529 MiB, 143771 MiB
2026/08/05 17:16:19.715, NVIDIA H200, 29, 0 %, 0 %, 529 MiB, 143771 MiB
2026/08/05 17:16:22.715, NVIDIA H200, 29, 0 %, 0 %, 529 MiB, 143771 MiB
2026/08/05 17:16:25.716, NVIDIA H200, 29, 0 %, 0 %, 529 MiB, 143771 MiB
2026/08/05 17:16:28.717, NVIDIA H200, 29, 0 %, 0 %, 529 MiB, 143771 MiB
2026/08/05 17:16:31.717, NVIDIA H200, 29, 0 %, 0 %, 529 MiB, 143771 MiB
2026/08/05 17:16:34.718, NVIDIA H200, 29, 0 %, 0 %, 529 MiB, 143771 MiB
2026/08/05 17:16:37.718, NVIDIA H200, 29, 0 %, 0 %, 529 MiB, 143771 MiB
2026/08/05 17:16:40.718, NVIDIA H200, 29, 0 %, 0 %, 529 MiB, 143771 MiB
2026/08/05 17:16:43.719, NVIDIA H200, 29, 0 %, 0 %, 529 MiB, 143771 MiB
2026/08/05 17:16:46.719, NVIDIA H200, 29, 0 %, 0 %, 529 MiB, 143771 MiB
2026/08/05 17:16:49.720, NVIDIA H200, 29, 0 %, 0 %, 529 MiB, 143771 MiB
2026/08/05 17:16:52.720, NVIDIA H200, 29, 0 %, 0 %, 529 MiB, 143771 MiB
2026/08/05 17:16:55.721, NVIDIA H200, 29, 0 %, 0 %, 529 MiB, 143771 MiB
2026/08/05 17:16:58.721, NVIDIA H200, 29, 0 %, 0 %, 529 MiB, 143771 MiB
2026/08/05 17:17:01.722, NVIDIA H200, 29, 0 %, 0 %, 529 MiB, 143771 MiB
2026/08/05 17:17:04.722, NVIDIA H200, 30, 0 %, 0 %, 529 MiB, 143771 MiB
2026/08/05 17:17:07.722, NVIDIA H200, 29, 0 %, 0 %, 529 MiB, 143771 MiB
2026/08/05 17:17:10.723, NVIDIA H200, 29, 0 %, 0 %, 529 MiB, 143771 MiB
2026/08/05 17:17:13.723, NVIDIA H200, 29, 0 %, 0 %, 529 MiB, 143771 MiB
2026/08/05 17:17:16.724, NVIDIA H200, 29, 0 %, 0 %, 529 MiB, 143771 MiB
2026/08/05 17:17:19.724, NVIDIA H200, 29, 0 %, 0 %, 529 MiB, 143771 MiB
2026/08/05 17:17:22.725, NVIDIA H200, 29, 0 %, 0 %, 529 MiB, 143771 MiB
2026/08/05 17:17:25.725, NVIDIA H200, 29, 0 %, 0 %, 529 MiB, 143771 MiB
2026/08/05 17:17:28.726, NVIDIA H200, 29, 0 %, 0 %, 529 MiB, 143771 MiB
2026/08/05 17:17:31.726, NVIDIA H200, 29, 0 %, 0 %, 529 MiB, 143771 MiB
2026/08/05 17:17:34.727, NVIDIA H200, 29, 0 %, 0 %, 529 MiB, 143771 MiB
2026/08/05 17:17:37.728, NVIDIA H200, 29, 0 %, 0 %, 529 MiB, 143771 MiB
2026/08/05 17:17:40.728, NVIDIA H200, 29, 0 %, 0 %, 529 MiB, 143771 MiB
2026/08/05 17:17:43.729, NVIDIA H200, 29, 0 %, 0 %, 529 MiB, 143771 MiB
2026/08/05 17:17:46.729, NVIDIA H200, 29, 0 %, 0 %, 529 MiB, 143771 MiB
2026/08/05 17:17:49.730, NVIDIA H200, 29, 0 %, 0 %, 529 MiB, 143771 MiB
2026/08/05 17:17:52.731, NVIDIA H200, 29, 0 %, 0 %, 529 MiB, 143771 MiB
2026/08/05 17:17:55.731, NVIDIA H200, 29, 0 %, 0 %, 529 MiB, 143771 MiB
2026/08/05 17:17:58.732, NVIDIA H200, 29, 0 %, 0 %, 529 MiB, 143771 MiB
2026/08/05 17:18:01.733, NVIDIA H200, 29, 0 %, 0 %, 529 MiB, 143771 MiB
2026/08/05 17:18:04.733, NVIDIA H200, 29, 0 %, 0 %, 529 MiB, 143771 MiB
2026/08/05 17:18:07.733, NVIDIA H200, 29, 0 %, 0 %, 529 MiB, 143771 MiB
2026/08/05 17:18:10.734, NVIDIA H200, 29, 0 %, 0 %, 529 MiB, 143771 MiB
2026/08/05 17:18:13.735, NVIDIA H200, 29, 0 %, 0 %, 529 MiB, 143771 MiB
2026/08/05 17:18:16.735, NVIDIA H200, 29, 0 %, 0 %, 529 MiB, 143771 MiB
2026/08/05 17:18:19.736, NVIDIA H200, 29, 0 %, 0 %, 529 MiB, 143771 MiB
2026/08/05 17:18:22.736, NVIDIA H200, 29, 0 %, 0 %, 529 MiB, 143771 MiB
2026/08/05 17:18:25.737, NVIDIA H200, 29, 0 %, 0 %, 529 MiB, 143771 MiB
2026/08/05 17:18:28.737, NVIDIA H200, 29, 0 %, 0 %, 529 MiB, 143771 MiB
2026/08/05 17:18:31.738, NVIDIA H200, 29, 0 %, 0 %, 529 MiB, 143771 MiB
2026/08/05 17:18:34.738, NVIDIA H200, 29, 0 %, 0 %, 529 MiB, 143771 MiB
2026/08/05 17:18:37.739, NVIDIA H200, 29, 0 %, 0 %, 529 MiB, 143771 MiB
2026/08/05 17:18:40.739, NVIDIA H200, 29, 0 %, 0 %, 529 MiB, 143771 MiB
2026/08/05 17:18:43.740, NVIDIA H200, 29, 0 %, 0 %, 529 MiB, 143771 MiB
2026/08/05 17:18:46.740, NVIDIA H200, 29, 0 %, 0 %, 529 MiB, 143771 MiB
2026/08/05 17:18:49.741, NVIDIA H200, 29, 0 %, 0 %, 529 MiB, 143771 MiB
2026/08/05 17:18:52.741, NVIDIA H200, 29, 0 %, 0 %, 529 MiB, 143771 MiB
2026/08/05 17:18:55.742, NVIDIA H200, 29, 0 %, 0 %, 529 MiB, 143771 MiB
2026/08/05 17:18:58.742, NVIDIA H200, 29, 0 %, 0 %, 529 MiB, 143771 MiB
2026/08/05 17:19:01.743, NVIDIA H200, 29, 0 %, 0 %, 529 MiB, 143771 MiB
2026/08/05 17:19:04.743, NVIDIA H200, 28, 0 %, 0 %, 529 MiB, 143771 MiB
2026/08/05 17:19:07.744, NVIDIA H200, 28, 0 %, 0 %, 529 MiB, 143771 MiB
2026/08/05 17:19:10.744, NVIDIA H200, 28, 0 %, 0 %, 529 MiB, 143771 MiB
2026/08/05 17:19:13.745, NVIDIA H200, 28, 0 %, 0 %, 529 MiB, 143771 MiB
2026/08/05 17:19:16.745, NVIDIA H200, 28, 0 %, 0 %, 529 MiB, 143771 MiB
2026/08/05 17:19:19.746, NVIDIA H200, 28, 1 %, 0 %, 717 MiB, 143771 MiB
2026/08/05 17:19:22.746, NVIDIA H200, 28, 0 %, 0 %, 783 MiB, 143771 MiB
2026/08/05 17:19:25.747, NVIDIA H200, 28, 0 %, 0 %, 783 MiB, 143771 MiB
2026/08/05 17:19:28.747, NVIDIA H200, 28, 0 %, 0 %, 783 MiB, 143771 MiB
2026/08/05 17:19:31.779, NVIDIA H200, 28, 0 %, 0 %, 783 MiB, 143771 MiB
2026/08/05 17:19:34.779, NVIDIA H200, 28, 0 %, 0 %, 791 MiB, 143771 MiB
2026/08/05 17:19:37.780, NVIDIA H200, 34, 82 %, 23 %, 23403 MiB, 143771 MiB
2026/08/05 17:19:40.780, NVIDIA H200, 35, 34 %, 8 %, 26211 MiB, 143771 MiB
2026/08/05 17:19:43.781, NVIDIA H200, 30, 4 %, 3 %, 46925 MiB, 143771 MiB
2026/08/05 17:19:46.781, NVIDIA H200, 39, 100 %, 7 %, 54145 MiB, 143771 MiB
2026/08/05 17:19:49.782, NVIDIA H200, 45, 67 %, 15 %, 55963 MiB, 143771 MiB
2026/08/05 17:19:52.782, NVIDIA H200, 35, 83 %, 24 %, 46041 MiB, 143771 MiB
2026/08/05 17:19:55.783, NVIDIA H200, 38, 57 %, 22 %, 32097 MiB, 143771 MiB
2026/08/05 17:19:58.783, NVIDIA H200, 40, 52 %, 7 %, 23567 MiB, 143771 MiB
2026/08/05 17:20:01.784, NVIDIA H200, 37, 100 %, 1 %, 26493 MiB, 143771 MiB
2026/08/05 17:20:04.785, NVIDIA H200, 42, 99 %, 52 %, 64093 MiB, 143771 MiB
2026/08/05 17:20:07.785, NVIDIA H200, 47, 91 %, 40 %, 64093 MiB, 143771 MiB
2026/08/05 17:20:10.785, NVIDIA H200, 49, 100 %, 36 %, 64093 MiB, 143771 MiB
2026/08/05 17:20:13.786, NVIDIA H200, 48, 98 %, 42 %, 64093 MiB, 143771 MiB
2026/08/05 17:20:16.786, NVIDIA H200, 46, 100 %, 53 %, 64093 MiB, 143771 MiB
2026/08/05 17:20:19.786, NVIDIA H200, 30, 0 %, 0 %, 64093 MiB, 143771 MiB
2026/08/05 17:20:22.786, NVIDIA H200, 48, 100 %, 47 %, 64093 MiB, 143771 MiB
2026/08/05 17:20:25.787, NVIDIA H200, 41, 15 %, 0 %, 64093 MiB, 143771 MiB
2026/08/05 17:20:28.787, NVIDIA H200, 40, 75 %, 42 %, 64093 MiB, 143771 MiB
2026/08/05 17:20:31.787, NVIDIA H200, 43, 100 %, 51 %, 64093 MiB, 143771 MiB
2026/08/05 17:20:34.788, NVIDIA H200, 33, 0 %, 0 %, 64093 MiB, 143771 MiB
2026/08/05 17:20:37.788, NVIDIA H200, 33, 0 %, 0 %, 64093 MiB, 143771 MiB
2026/08/05 17:20:40.788, NVIDIA H200, 45, 100 %, 51 %, 64093 MiB, 143771 MiB
2026/08/05 17:20:43.789, NVIDIA H200, 30, 0 %, 0 %, 64093 MiB, 143771 MiB
2026/08/05 17:20:46.789, NVIDIA H200, 38, 0 %, 0 %, 64093 MiB, 143771 MiB
2026/08/05 17:20:49.789, NVIDIA H200, 47, 100 %, 51 %, 64093 MiB, 143771 MiB
2026/08/05 17:20:52.790, NVIDIA H200, 30, 0 %, 0 %, 64093 MiB, 143771 MiB
2026/08/05 17:20:55.790, NVIDIA H200, 43, 100 %, 48 %, 64093 MiB, 143771 MiB
2026/08/05 17:20:58.790, NVIDIA H200, 37, 91 %, 41 %, 64093 MiB, 143771 MiB
2026/08/05 17:21:01.791, NVIDIA H200, 30, 0 %, 0 %, 64093 MiB, 143771 MiB
2026/08/05 17:21:04.791, NVIDIA H200, 44, 100 %, 41 %, 64093 MiB, 143771 MiB
2026/08/05 17:21:07.791, NVIDIA H200, 41, 86 %, 36 %, 64093 MiB, 143771 MiB
2026/08/05 17:21:10.792, NVIDIA H200, 30, 0 %, 0 %, 64093 MiB, 143771 MiB
2026/08/05 17:21:13.792, NVIDIA H200, 48, 100 %, 42 %, 64093 MiB, 143771 MiB
2026/08/05 17:21:16.792, NVIDIA H200, 37, 0 %, 0 %, 64093 MiB, 143771 MiB
2026/08/05 17:21:19.792, NVIDIA H200, 45, 100 %, 54 %, 64093 MiB, 143771 MiB
2026/08/05 17:21:22.793, NVIDIA H200, 31, 0 %, 0 %, 64093 MiB, 143771 MiB
2026/08/05 17:21:25.793, NVIDIA H200, 45, 94 %, 35 %, 64093 MiB, 143771 MiB
2026/08/05 17:21:28.793, NVIDIA H200, 47, 100 %, 41 %, 64093 MiB, 143771 MiB
2026/08/05 17:21:31.794, NVIDIA H200, 31, 0 %, 0 %, 64093 MiB, 143771 MiB
2026/08/05 17:21:34.794, NVIDIA H200, 43, 99 %, 53 %, 64093 MiB, 143771 MiB
2026/08/05 17:21:37.794, NVIDIA H200, 47, 100 %, 43 %, 64093 MiB, 143771 MiB
2026/08/05 17:21:40.795, NVIDIA H200, 31, 0 %, 0 %, 64093 MiB, 143771 MiB
2026/08/05 17:21:43.795, NVIDIA H200, 47, 100 %, 46 %, 64093 MiB, 143771 MiB
2026/08/05 17:21:46.796, NVIDIA H200, 33, 0 %, 0 %, 64093 MiB, 143771 MiB
2026/08/05 17:21:49.796, NVIDIA H200, 45, 99 %, 41 %, 64093 MiB, 143771 MiB
2026/08/05 17:21:52.797, NVIDIA H200, 50, 100 %, 43 %, 64093 MiB, 143771 MiB
2026/08/05 17:21:55.798, NVIDIA H200, 42, 100 %, 32 %, 64093 MiB, 143771 MiB
2026/08/05 17:21:58.798, NVIDIA H200, 43, 99 %, 12 %, 32169 MiB, 143771 MiB
2026/08/05 17:22:01.799, NVIDIA H200, 42, 100 %, 5 %, 47779 MiB, 143771 MiB
2026/08/05 17:22:04.799, NVIDIA H200, 45, 100 %, 5 %, 49357 MiB, 143771 MiB
2026/08/05 17:22:07.800, NVIDIA H200, 44, 56 %, 8 %, 36861 MiB, 143771 MiB
2026/08/05 17:22:10.800, NVIDIA H200, 41, 17 %, 6 %, 22893 MiB, 143771 MiB
2026/08/05 17:22:13.801, NVIDIA H200, 38, 100 %, 5 %, 25321 MiB, 143771 MiB
2026/08/05 17:22:16.801, NVIDIA H200, 31, 0 %, 0 %, 17711 MiB, 143771 MiB
2026/08/05 17:22:19.802, NVIDIA H200, 30, 0 %, 0 %, 26715 MiB, 143771 MiB
2026/08/05 17:22:22.802, NVIDIA H200, 48, 100 %, 49 %, 26715 MiB, 143771 MiB
2026/08/05 17:22:25.803, NVIDIA H200, 32, 0 %, 0 %, 4371 MiB, 143771 MiB
2026/08/05 17:22:28.803, NVIDIA H200, 30, 0 %, 0 %, 4371 MiB, 143771 MiB
2026/08/05 17:22:31.803, NVIDIA H200, 30, 0 %, 0 %, 4371 MiB, 143771 MiB
2026/08/05 17:22:34.804, NVIDIA H200, 44, 77 %, 30 %, 63627 MiB, 143771 MiB
2026/08/05 17:22:37.804, NVIDIA H200, 48, 88 %, 41 %, 63627 MiB, 143771 MiB
2026/08/05 17:22:40.804, NVIDIA H200, 48, 100 %, 43 %, 63627 MiB, 143771 MiB
2026/08/05 17:22:43.805, NVIDIA H200, 45, 99 %, 45 %, 63627 MiB, 143771 MiB
2026/08/05 17:22:46.805, NVIDIA H200, 43, 100 %, 48 %, 63627 MiB, 143771 MiB
2026/08/05 17:22:49.805, NVIDIA H200, 32, 0 %, 0 %, 63627 MiB, 143771 MiB
2026/08/05 17:22:52.806, NVIDIA H200, 46, 100 %, 46 %, 63627 MiB, 143771 MiB
2026/08/05 17:22:55.806, NVIDIA H200, 39, 0 %, 0 %, 63627 MiB, 143771 MiB
2026/08/05 17:22:58.806, NVIDIA H200, 43, 79 %, 40 %, 63627 MiB, 143771 MiB
2026/08/05 17:23:01.806, NVIDIA H200, 47, 80 %, 43 %, 63627 MiB, 143771 MiB
2026/08/05 17:23:04.807, NVIDIA H200, 32, 0 %, 0 %, 63627 MiB, 143771 MiB
2026/08/05 17:23:07.808, NVIDIA H200, 48, 100 %, 39 %, 63627 MiB, 143771 MiB
2026/08/05 17:23:10.808, NVIDIA H200, 39, 98 %, 51 %, 63627 MiB, 143771 MiB
2026/08/05 17:23:13.808, NVIDIA H200, 44, 100 %, 39 %, 63627 MiB, 143771 MiB
2026/08/05 17:23:16.809, NVIDIA H200, 36, 0 %, 0 %, 63627 MiB, 143771 MiB
2026/08/05 17:23:19.809, NVIDIA H200, 34, 0 %, 0 %, 63627 MiB, 143771 MiB
2026/08/05 17:23:22.809, NVIDIA H200, 45, 93 %, 47 %, 63627 MiB, 143771 MiB
2026/08/05 17:23:25.809, NVIDIA H200, 48, 84 %, 42 %, 63627 MiB, 143771 MiB
2026/08/05 17:23:28.810, NVIDIA H200, 31, 0 %, 0 %, 63627 MiB, 143771 MiB
2026/08/05 17:23:31.810, NVIDIA H200, 48, 100 %, 49 %, 63627 MiB, 143771 MiB
2026/08/05 17:23:34.810, NVIDIA H200, 32, 0 %, 0 %, 63627 MiB, 143771 MiB
2026/08/05 17:23:37.811, NVIDIA H200, 45, 99 %, 41 %, 63627 MiB, 143771 MiB
2026/08/05 17:23:40.811, NVIDIA H200, 49, 100 %, 41 %, 63627 MiB, 143771 MiB
2026/08/05 17:23:43.811, NVIDIA H200, 37, 100 %, 43 %, 63627 MiB, 143771 MiB
2026/08/05 17:23:46.812, NVIDIA H200, 47, 100 %, 40 %, 63627 MiB, 143771 MiB
2026/08/05 17:23:49.812, NVIDIA H200, 29, 0 %, 0 %, 63627 MiB, 143771 MiB
2026/08/05 17:23:52.812, NVIDIA H200, 37, 100 %, 45 %, 63627 MiB, 143771 MiB
2026/08/05 17:23:55.812, NVIDIA H200, 45, 100 %, 40 %, 63627 MiB, 143771 MiB
2026/08/05 17:23:58.813, NVIDIA H200, 45, 99 %, 44 %, 63627 MiB, 143771 MiB
2026/08/05 17:24:01.813, NVIDIA H200, 29, 0 %, 0 %, 63627 MiB, 143771 MiB
2026/08/05 17:24:04.814, NVIDIA H200, 41, 100 %, 40 %, 63627 MiB, 143771 MiB
2026/08/05 17:24:07.814, NVIDIA H200, 45, 100 %, 43 %, 63627 MiB, 143771 MiB
2026/08/05 17:24:10.814, NVIDIA H200, 29, 0 %, 0 %, 63627 MiB, 143771 MiB
2026/08/05 17:24:13.815, NVIDIA H200, 44, 89 %, 36 %, 63627 MiB, 143771 MiB
2026/08/05 17:24:16.815, NVIDIA H200, 33, 0 %, 0 %, 63627 MiB, 143771 MiB
2026/08/05 17:24:19.816, NVIDIA H200, 44, 99 %, 57 %, 63627 MiB, 143771 MiB
2026/08/05 17:24:22.816, NVIDIA H200, 46, 100 %, 43 %, 63627 MiB, 143771 MiB
2026/08/05 17:24:25.817, NVIDIA H200, 39, 0 %, 0 %, 63627 MiB, 143771 MiB
2026/08/05 17:24:28.817, NVIDIA H200, 30, 0 %, 0 %, 63627 MiB, 143771 MiB
2026/08/05 17:24:31.821, NVIDIA H200, 41, 40 %, 20 %, 63627 MiB, 143771 MiB
2026/08/05 17:24:34.822, NVIDIA H200, 36, 40 %, 17 %, 63627 MiB, 143771 MiB
2026/08/05 17:24:37.822, NVIDIA H200, 29, 0 %, 0 %, 63627 MiB, 143771 MiB
2026/08/05 17:24:40.822, NVIDIA H200, 29, 0 %, 0 %, 63627 MiB, 143771 MiB
2026/08/05 17:24:43.823, NVIDIA H200, 43, 100 %, 43 %, 63627 MiB, 143771 MiB
2026/08/05 17:24:46.823, NVIDIA H200, 47, 99 %, 55 %, 63627 MiB, 143771 MiB
2026/08/05 17:24:49.823, NVIDIA H200, 29, 0 %, 0 %, 63627 MiB, 143771 MiB
2026/08/05 17:24:52.824, NVIDIA H200, 45, 100 %, 44 %, 63627 MiB, 143771 MiB
2026/08/05 17:24:55.824, NVIDIA H200, 33, 0 %, 0 %, 63627 MiB, 143771 MiB
2026/08/05 17:24:58.824, NVIDIA H200, 45, 100 %, 43 %, 63627 MiB, 143771 MiB
2026/08/05 17:25:01.825, NVIDIA H200, 46, 100 %, 37 %, 63627 MiB, 143771 MiB
2026/08/05 17:25:04.825, NVIDIA H200, 47, 100 %, 46 %, 63627 MiB, 143771 MiB
2026/08/05 17:25:07.825, NVIDIA H200, 41, 100 %, 40 %, 63627 MiB, 143771 MiB
2026/08/05 17:25:10.826, NVIDIA H200, 41, 0 %, 0 %, 63627 MiB, 143771 MiB
2026/08/05 17:25:13.826, NVIDIA H200, 31, 0 %, 0 %, 63627 MiB, 143771 MiB
2026/08/05 17:25:16.826, NVIDIA H200, 48, 100 %, 38 %, 63627 MiB, 143771 MiB
2026/08/05 17:25:19.826, NVIDIA H200, 46, 100 %, 43 %, 63627 MiB, 143771 MiB
2026/08/05 17:25:22.827, NVIDIA H200, 48, 100 %, 30 %, 63627 MiB, 143771 MiB
2026/08/05 17:25:25.827, NVIDIA H200, 47, 100 %, 46 %, 63627 MiB, 143771 MiB
2026/08/05 17:25:28.827, NVIDIA H200, 41, 99 %, 36 %, 63627 MiB, 143771 MiB
2026/08/05 17:25:31.828, NVIDIA H200, 46, 92 %, 48 %, 63627 MiB, 143771 MiB
2026/08/05 17:25:34.828, NVIDIA H200, 30, 0 %, 0 %, 63627 MiB, 143771 MiB
2026/08/05 17:25:37.828, NVIDIA H200, 45, 100 %, 42 %, 63627 MiB, 143771 MiB
2026/08/05 17:25:40.829, NVIDIA H200, 32, 0 %, 0 %, 63627 MiB, 143771 MiB
2026/08/05 17:25:43.829, NVIDIA H200, 40, 58 %, 31 %, 63627 MiB, 143771 MiB
2026/08/05 17:25:46.829, NVIDIA H200, 50, 100 %, 33 %, 63627 MiB, 143771 MiB
2026/08/05 17:25:49.830, NVIDIA H200, 30, 0 %, 0 %, 63627 MiB, 143771 MiB
2026/08/05 17:25:52.830, NVIDIA H200, 33, 0 %, 0 %, 63627 MiB, 143771 MiB
2026/08/05 17:25:55.831, NVIDIA H200, 34, 0 %, 0 %, 63627 MiB, 143771 MiB
2026/08/05 17:25:58.831, NVIDIA H200, 44, 100 %, 43 %, 63627 MiB, 143771 MiB
2026/08/05 17:26:01.833, NVIDIA H200, 46, 86 %, 33 %, 63627 MiB, 143771 MiB
2026/08/05 17:26:04.833, NVIDIA H200, 43, 100 %, 43 %, 63627 MiB, 143771 MiB
2026/08/05 17:26:07.833, NVIDIA H200, 35, 0 %, 0 %, 63627 MiB, 143771 MiB
2026/08/05 17:26:10.834, NVIDIA H200, 40, 76 %, 31 %, 63627 MiB, 143771 MiB
2026/08/05 17:26:13.834, NVIDIA H200, 32, 0 %, 0 %, 63627 MiB, 143771 MiB
2026/08/05 17:26:16.834, NVIDIA H200, 36, 36 %, 17 %, 63627 MiB, 143771 MiB
2026/08/05 17:26:19.835, NVIDIA H200, 46, 100 %, 41 %, 63627 MiB, 143771 MiB
2026/08/05 17:26:22.835, NVIDIA H200, 45, 99 %, 41 %, 63627 MiB, 143771 MiB
2026/08/05 17:26:25.835, NVIDIA H200, 35, 0 %, 0 %, 63627 MiB, 143771 MiB
2026/08/05 17:26:28.836, NVIDIA H200, 47, 99 %, 39 %, 63627 MiB, 143771 MiB
2026/08/05 17:26:31.836, NVIDIA H200, 34, 0 %, 0 %, 63627 MiB, 143771 MiB
2026/08/05 17:26:34.836, NVIDIA H200, 42, 39 %, 11 %, 63627 MiB, 143771 MiB
2026/08/05 17:26:37.837, NVIDIA H200, 46, 100 %, 43 %, 63627 MiB, 143771 MiB
2026/08/05 17:26:40.837, NVIDIA H200, 30, 0 %, 0 %, 63627 MiB, 143771 MiB
2026/08/05 17:26:43.838, NVIDIA H200, 29, 0 %, 0 %, 63627 MiB, 143771 MiB
2026/08/05 17:26:46.838, NVIDIA H200, 41, 100 %, 41 %, 63627 MiB, 143771 MiB
2026/08/05 17:26:49.838, NVIDIA H200, 46, 100 %, 48 %, 63627 MiB, 143771 MiB
2026/08/05 17:26:52.838, NVIDIA H200, 32, 0 %, 0 %, 63627 MiB, 143771 MiB
2026/08/05 17:26:55.839, NVIDIA H200, 39, 88 %, 39 %, 63627 MiB, 143771 MiB
2026/08/05 17:26:58.839, NVIDIA H200, 45, 100 %, 42 %, 63627 MiB, 143771 MiB
2026/08/05 17:27:01.839, NVIDIA H200, 38, 65 %, 26 %, 63627 MiB, 143771 MiB
2026/08/05 17:27:04.840, NVIDIA H200, 44, 100 %, 44 %, 63627 MiB, 143771 MiB
2026/08/05 17:27:07.840, NVIDIA H200, 46, 100 %, 34 %, 63627 MiB, 143771 MiB
2026/08/05 17:27:10.840, NVIDIA H200, 31, 0 %, 0 %, 63627 MiB, 143771 MiB
2026/08/05 17:27:13.841, NVIDIA H200, 46, 86 %, 35 %, 63627 MiB, 143771 MiB
2026/08/05 17:27:16.841, NVIDIA H200, 35, 0 %, 0 %, 63627 MiB, 143771 MiB
2026/08/05 17:27:19.841, NVIDIA H200, 47, 89 %, 37 %, 63627 MiB, 143771 MiB
2026/08/05 17:27:22.842, NVIDIA H200, 43, 100 %, 52 %, 63627 MiB, 143771 MiB
2026/08/05 17:27:25.842, NVIDIA H200, 40, 100 %, 49 %, 63627 MiB, 143771 MiB
2026/08/05 17:27:28.842, NVIDIA H200, 46, 89 %, 43 %, 63627 MiB, 143771 MiB
2026/08/05 17:27:31.842, NVIDIA H200, 31, 0 %, 0 %, 63627 MiB, 143771 MiB
2026/08/05 17:27:34.843, NVIDIA H200, 47, 97 %, 40 %, 63627 MiB, 143771 MiB
2026/08/05 17:27:37.844, NVIDIA H200, 32, 0 %, 0 %, 63627 MiB, 143771 MiB
2026/08/05 17:27:40.844, NVIDIA H200, 45, 100 %, 42 %, 63627 MiB, 143771 MiB
2026/08/05 17:27:43.845, NVIDIA H200, 46, 100 %, 36 %, 63627 MiB, 143771 MiB
2026/08/05 17:27:46.845, NVIDIA H200, 45, 100 %, 41 %, 63627 MiB, 143771 MiB
2026/08/05 17:27:49.845, NVIDIA H200, 37, 0 %, 0 %, 63627 MiB, 143771 MiB
2026/08/05 17:27:52.845, NVIDIA H200, 41, 100 %, 45 %, 63627 MiB, 143771 MiB
2026/08/05 17:27:55.846, NVIDIA H200, 48, 100 %, 42 %, 63627 MiB, 143771 MiB
2026/08/05 17:27:58.846, NVIDIA H200, 31, 0 %, 0 %, 63627 MiB, 143771 MiB
2026/08/05 17:28:01.846, NVIDIA H200, 42, 100 %, 36 %, 63627 MiB, 143771 MiB
2026/08/05 17:28:04.847, NVIDIA H200, 49, 100 %, 47 %, 63627 MiB, 143771 MiB
2026/08/05 17:28:07.847, NVIDIA H200, 45, 94 %, 49 %, 63627 MiB, 143771 MiB
2026/08/05 17:28:10.847, NVIDIA H200, 41, 91 %, 38 %, 63627 MiB, 143771 MiB
2026/08/05 17:28:13.848, NVIDIA H200, 30, 0 %, 0 %, 63627 MiB, 143771 MiB
2026/08/05 17:28:16.848, NVIDIA H200, 45, 100 %, 40 %, 63627 MiB, 143771 MiB
2026/08/05 17:28:19.848, NVIDIA H200, 34, 0 %, 0 %, 63627 MiB, 143771 MiB
2026/08/05 17:28:22.849, NVIDIA H200, 34, 86 %, 41 %, 63627 MiB, 143771 MiB
2026/08/05 17:28:25.849, NVIDIA H200, 46, 82 %, 38 %, 63627 MiB, 143771 MiB
2026/08/05 17:28:28.849, NVIDIA H200, 31, 0 %, 0 %, 63627 MiB, 143771 MiB
2026/08/05 17:28:31.850, NVIDIA H200, 48, 37 %, 17 %, 63627 MiB, 143771 MiB
2026/08/05 17:28:34.852, NVIDIA H200, 31, 0 %, 0 %, 63627 MiB, 143771 MiB
2026/08/05 17:28:37.852, NVIDIA H200, 32, 0 %, 0 %, 63627 MiB, 143771 MiB
2026/08/05 17:28:40.852, NVIDIA H200, 34, 65 %, 24 %, 63627 MiB, 143771 MiB
2026/08/05 17:28:43.853, NVIDIA H200, 46, 100 %, 53 %, 63627 MiB, 143771 MiB
2026/08/05 17:28:46.853, NVIDIA H200, 29, 0 %, 0 %, 63627 MiB, 143771 MiB
2026/08/05 17:28:49.853, NVIDIA H200, 29, 0 %, 0 %, 63627 MiB, 143771 MiB
2026/08/05 17:28:52.854, NVIDIA H200, 40, 13 %, 7 %, 63627 MiB, 143771 MiB
2026/08/05 17:28:55.854, NVIDIA H200, 45, 83 %, 43 %, 63627 MiB, 143771 MiB
2026/08/05 17:28:58.854, NVIDIA H200, 42, 90 %, 47 %, 63627 MiB, 143771 MiB
2026/08/05 17:29:01.855, NVIDIA H200, 47, 100 %, 40 %, 63627 MiB, 143771 MiB
2026/08/05 17:29:04.855, NVIDIA H200, 30, 0 %, 0 %, 63627 MiB, 143771 MiB
2026/08/05 17:29:07.855, NVIDIA H200, 45, 100 %, 44 %, 63627 MiB, 143771 MiB
2026/08/05 17:29:10.856, NVIDIA H200, 33, 0 %, 0 %, 63627 MiB, 143771 MiB
2026/08/05 17:29:13.856, NVIDIA H200, 33, 0 %, 0 %, 63627 MiB, 143771 MiB
2026/08/05 17:29:16.856, NVIDIA H200, 49, 100 %, 43 %, 63627 MiB, 143771 MiB
2026/08/05 17:29:19.856, NVIDIA H200, 46, 100 %, 41 %, 63627 MiB, 143771 MiB
2026/08/05 17:29:22.857, NVIDIA H200, 30, 0 %, 0 %, 63627 MiB, 143771 MiB
2026/08/05 17:29:25.857, NVIDIA H200, 46, 99 %, 49 %, 63627 MiB, 143771 MiB
2026/08/05 17:29:28.857, NVIDIA H200, 33, 0 %, 0 %, 63627 MiB, 143771 MiB
2026/08/05 17:29:31.858, NVIDIA H200, 42, 52 %, 23 %, 63627 MiB, 143771 MiB
2026/08/05 17:29:34.862, NVIDIA H200, 47, 100 %, 40 %, 63627 MiB, 143771 MiB
2026/08/05 17:29:37.863, NVIDIA H200, 45, 100 %, 50 %, 63627 MiB, 143771 MiB
2026/08/05 17:29:40.863, NVIDIA H200, 48, 91 %, 38 %, 63627 MiB, 143771 MiB
2026/08/05 17:29:43.863, NVIDIA H200, 31, 0 %, 0 %, 63627 MiB, 143771 MiB
2026/08/05 17:29:46.864, NVIDIA H200, 47, 100 %, 35 %, 63627 MiB, 143771 MiB
2026/08/05 17:29:49.864, NVIDIA H200, 32, 0 %, 0 %, 63627 MiB, 143771 MiB
2026/08/05 17:29:52.864, NVIDIA H200, 46, 99 %, 44 %, 63627 MiB, 143771 MiB
2026/08/05 17:29:55.865, NVIDIA H200, 37, 0 %, 0 %, 63627 MiB, 143771 MiB
2026/08/05 17:29:58.865, NVIDIA H200, 44, 100 %, 40 %, 63627 MiB, 143771 MiB
2026/08/05 17:30:01.865, NVIDIA H200, 46, 86 %, 36 %, 63627 MiB, 143771 MiB
2026/08/05 17:30:04.865, NVIDIA H200, 44, 100 %, 42 %, 63627 MiB, 143771 MiB
2026/08/05 17:30:07.866, NVIDIA H200, 49, 100 %, 46 %, 63627 MiB, 143771 MiB
2026/08/05 17:30:10.866, NVIDIA H200, 32, 0 %, 0 %, 63627 MiB, 143771 MiB
2026/08/05 17:30:13.866, NVIDIA H200, 31, 0 %, 0 %, 63627 MiB, 143771 MiB
2026/08/05 17:30:16.867, NVIDIA H200, 46, 100 %, 43 %, 63627 MiB, 143771 MiB
2026/08/05 17:30:19.867, NVIDIA H200, 37, 0 %, 0 %, 63627 MiB, 143771 MiB
2026/08/05 17:30:22.867, NVIDIA H200, 47, 100 %, 54 %, 63627 MiB, 143771 MiB
2026/08/05 17:30:25.868, NVIDIA H200, 41, 100 %, 46 %, 63627 MiB, 143771 MiB
2026/08/05 17:30:28.868, NVIDIA H200, 44, 100 %, 50 %, 63627 MiB, 143771 MiB
2026/08/05 17:30:31.868, NVIDIA H200, 45, 100 %, 36 %, 63627 MiB, 143771 MiB
2026/08/05 17:30:34.869, NVIDIA H200, 49, 100 %, 43 %, 63627 MiB, 143771 MiB
2026/08/05 17:30:37.869, NVIDIA H200, 46, 100 %, 35 %, 63627 MiB, 143771 MiB
2026/08/05 17:30:40.870, NVIDIA H200, 33, 0 %, 0 %, 63627 MiB, 143771 MiB
2026/08/05 17:30:43.870, NVIDIA H200, 30, 0 %, 0 %, 63627 MiB, 143771 MiB
2026/08/05 17:30:46.871, NVIDIA H200, 43, 100 %, 53 %, 63627 MiB, 143771 MiB
2026/08/05 17:30:49.871, NVIDIA H200, 30, 0 %, 0 %, 63627 MiB, 143771 MiB
2026/08/05 17:30:52.872, NVIDIA H200, 30, 0 %, 0 %, 63627 MiB, 143771 MiB
2026/08/05 17:30:55.872, NVIDIA H200, 29, 0 %, 0 %, 63627 MiB, 143771 MiB
2026/08/05 17:30:58.873, NVIDIA H200, 29, 0 %, 0 %, 63627 MiB, 143771 MiB
2026/08/05 17:31:01.873, NVIDIA H200, 29, 0 %, 0 %, 63627 MiB, 143771 MiB
2026/08/05 17:31:04.873, NVIDIA H200, 42, 100 %, 43 %, 63627 MiB, 143771 MiB
2026/08/05 17:31:07.874, NVIDIA H200, 44, 100 %, 49 %, 63627 MiB, 143771 MiB
2026/08/05 17:31:10.874, NVIDIA H200, 30, 0 %, 0 %, 63627 MiB, 143771 MiB
2026/08/05 17:31:13.874, NVIDIA H200, 47, 100 %, 43 %, 63627 MiB, 143771 MiB
2026/08/05 17:31:16.874, NVIDIA H200, 33, 0 %, 0 %, 63627 MiB, 143771 MiB
2026/08/05 17:31:19.875, NVIDIA H200, 30, 0 %, 0 %, 63627 MiB, 143771 MiB
2026/08/05 17:31:22.875, NVIDIA H200, 46, 100 %, 33 %, 63627 MiB, 143771 MiB
2026/08/05 17:31:25.875, NVIDIA H200, 32, 0 %, 0 %, 63627 MiB, 143771 MiB
2026/08/05 17:31:28.876, NVIDIA H200, 47, 100 %, 36 %, 63627 MiB, 143771 MiB
2026/08/05 17:31:31.876, NVIDIA H200, 45, 100 %, 43 %, 63627 MiB, 143771 MiB
2026/08/05 17:31:34.876, NVIDIA H200, 44, 99 %, 56 %, 63627 MiB, 143771 MiB
2026/08/05 17:31:37.877, NVIDIA H200, 47, 100 %, 29 %, 63627 MiB, 143771 MiB
2026/08/05 17:31:40.877, NVIDIA H200, 30, 0 %, 0 %, 63627 MiB, 143771 MiB
2026/08/05 17:31:43.877, NVIDIA H200, 46, 100 %, 45 %, 63627 MiB, 143771 MiB
2026/08/05 17:31:46.878, NVIDIA H200, 47, 100 %, 41 %, 63627 MiB, 143771 MiB
2026/08/05 17:31:49.878, NVIDIA H200, 43, 89 %, 43 %, 63627 MiB, 143771 MiB
2026/08/05 17:31:52.878, NVIDIA H200, 44, 78 %, 39 %, 63627 MiB, 143771 MiB
2026/08/05 17:31:55.878, NVIDIA H200, 32, 0 %, 0 %, 63627 MiB, 143771 MiB
2026/08/05 17:31:58.879, NVIDIA H200, 45, 100 %, 50 %, 63627 MiB, 143771 MiB
2026/08/05 17:32:01.879, NVIDIA H200, 31, 0 %, 0 %, 63627 MiB, 143771 MiB
2026/08/05 17:32:04.879, NVIDIA H200, 47, 100 %, 47 %, 63627 MiB, 143771 MiB
2026/08/05 17:32:07.880, NVIDIA H200, 32, 0 %, 0 %, 63627 MiB, 143771 MiB
2026/08/05 17:32:10.880, NVIDIA H200, 46, 90 %, 40 %, 63627 MiB, 143771 MiB
2026/08/05 17:32:13.880, NVIDIA H200, 34, 0 %, 0 %, 63627 MiB, 143771 MiB
2026/08/05 17:32:16.881, NVIDIA H200, 46, 99 %, 44 %, 63627 MiB, 143771 MiB
2026/08/05 17:32:19.881, NVIDIA H200, 35, 0 %, 0 %, 63627 MiB, 143771 MiB
2026/08/05 17:32:22.881, NVIDIA H200, 38, 100 %, 46 %, 63627 MiB, 143771 MiB
2026/08/05 17:32:25.881, NVIDIA H200, 47, 100 %, 42 %, 63627 MiB, 143771 MiB
2026/08/05 17:32:28.882, NVIDIA H200, 31, 0 %, 0 %, 63627 MiB, 143771 MiB
2026/08/05 17:32:31.882, NVIDIA H200, 44, 100 %, 45 %, 63627 MiB, 143771 MiB
2026/08/05 17:32:34.882, NVIDIA H200, 44, 86 %, 47 %, 63627 MiB, 143771 MiB
2026/08/05 17:32:37.883, NVIDIA H200, 41, 99 %, 43 %, 63627 MiB, 143771 MiB
2026/08/05 17:32:40.883, NVIDIA H200, 46, 100 %, 38 %, 63627 MiB, 143771 MiB
2026/08/05 17:32:43.884, NVIDIA H200, 30, 0 %, 0 %, 63627 MiB, 143771 MiB
2026/08/05 17:32:46.884, NVIDIA H200, 44, 100 %, 36 %, 63627 MiB, 143771 MiB
2026/08/05 17:32:49.885, NVIDIA H200, 48, 100 %, 44 %, 63627 MiB, 143771 MiB
2026/08/05 17:32:52.885, NVIDIA H200, 48, 99 %, 53 %, 63627 MiB, 143771 MiB
2026/08/05 17:32:55.885, NVIDIA H200, 32, 0 %, 0 %, 63627 MiB, 143771 MiB
2026/08/05 17:32:58.886, NVIDIA H200, 41, 100 %, 52 %, 63627 MiB, 143771 MiB
2026/08/05 17:33:01.886, NVIDIA H200, 47, 99 %, 53 %, 63627 MiB, 143771 MiB
2026/08/05 17:33:04.888, NVIDIA H200, 30, 0 %, 0 %, 63627 MiB, 143771 MiB
2026/08/05 17:33:07.889, NVIDIA H200, 29, 0 %, 0 %, 63627 MiB, 143771 MiB
2026/08/05 17:33:10.889, NVIDIA H200, 44, 93 %, 50 %, 63627 MiB, 143771 MiB
2026/08/05 17:33:13.889, NVIDIA H200, 47, 100 %, 40 %, 63627 MiB, 143771 MiB
2026/08/05 17:33:16.890, NVIDIA H200, 30, 0 %, 0 %, 63627 MiB, 143771 MiB
2026/08/05 17:33:19.890, NVIDIA H200, 31, 0 %, 0 %, 63627 MiB, 143771 MiB
2026/08/05 17:33:22.890, NVIDIA H200, 47, 100 %, 40 %, 63627 MiB, 143771 MiB
2026/08/05 17:33:25.891, NVIDIA H200, 35, 0 %, 0 %, 63627 MiB, 143771 MiB
2026/08/05 17:33:28.891, NVIDIA H200, 44, 100 %, 45 %, 63627 MiB, 143771 MiB
2026/08/05 17:33:31.891, NVIDIA H200, 34, 0 %, 0 %, 63627 MiB, 143771 MiB
2026/08/05 17:33:34.893, NVIDIA H200, 31, 0 %, 0 %, 63627 MiB, 143771 MiB
2026/08/05 17:33:37.894, NVIDIA H200, 46, 100 %, 38 %, 63627 MiB, 143771 MiB
2026/08/05 17:33:40.894, NVIDIA H200, 46, 100 %, 42 %, 63627 MiB, 143771 MiB
2026/08/05 17:33:43.894, NVIDIA H200, 44, 100 %, 41 %, 63627 MiB, 143771 MiB
2026/08/05 17:33:46.895, NVIDIA H200, 42, 69 %, 36 %, 63627 MiB, 143771 MiB
2026/08/05 17:33:49.895, NVIDIA H200, 42, 100 %, 39 %, 63627 MiB, 143771 MiB
2026/08/05 17:33:52.895, NVIDIA H200, 47, 51 %, 19 %, 63627 MiB, 143771 MiB
2026/08/05 17:33:55.896, NVIDIA H200, 32, 0 %, 0 %, 63627 MiB, 143771 MiB
2026/08/05 17:33:58.896, NVIDIA H200, 44, 99 %, 42 %, 63627 MiB, 143771 MiB
2026/08/05 17:34:01.896, NVIDIA H200, 48, 100 %, 44 %, 63627 MiB, 143771 MiB
2026/08/05 17:34:04.899, NVIDIA H200, 47, 80 %, 43 %, 63627 MiB, 143771 MiB
2026/08/05 17:34:07.899, NVIDIA H200, 43, 91 %, 46 %, 63627 MiB, 143771 MiB
2026/08/05 17:34:10.900, NVIDIA H200, 30, 0 %, 0 %, 63627 MiB, 143771 MiB
2026/08/05 17:34:13.900, NVIDIA H200, 47, 99 %, 42 %, 63627 MiB, 143771 MiB
2026/08/05 17:34:16.900, NVIDIA H200, 32, 0 %, 0 %, 63627 MiB, 143771 MiB
2026/08/05 17:34:19.900, NVIDIA H200, 44, 100 %, 38 %, 63627 MiB, 143771 MiB
2026/08/05 17:34:22.901, NVIDIA H200, 35, 0 %, 0 %, 63627 MiB, 143771 MiB
2026/08/05 17:34:25.901, NVIDIA H200, 43, 100 %, 44 %, 63627 MiB, 143771 MiB
2026/08/05 17:34:28.901, NVIDIA H200, 47, 100 %, 52 %, 63627 MiB, 143771 MiB
2026/08/05 17:34:31.902, NVIDIA H200, 31, 0 %, 0 %, 63627 MiB, 143771 MiB
2026/08/05 17:34:34.905, NVIDIA H200, 43, 100 %, 51 %, 63627 MiB, 143771 MiB
2026/08/05 17:34:37.906, NVIDIA H200, 32, 0 %, 0 %, 63627 MiB, 143771 MiB
2026/08/05 17:34:40.906, NVIDIA H200, 45, 100 %, 34 %, 63627 MiB, 143771 MiB
2026/08/05 17:34:43.906, NVIDIA H200, 32, 0 %, 0 %, 63627 MiB, 143771 MiB
2026/08/05 17:34:46.907, NVIDIA H200, 49, 94 %, 33 %, 63627 MiB, 143771 MiB
2026/08/05 17:34:49.907, NVIDIA H200, 44, 99 %, 56 %, 63627 MiB, 143771 MiB
2026/08/05 17:34:52.911, NVIDIA H200, 32, 0 %, 0 %, 63627 MiB, 143771 MiB
2026/08/05 17:34:55.912, NVIDIA H200, 38, 4 %, 0 %, 63627 MiB, 143771 MiB
2026/08/05 17:34:58.912, NVIDIA H200, 33, 0 %, 0 %, 63627 MiB, 143771 MiB
2026/08/05 17:35:01.913, NVIDIA H200, 39, 35 %, 10 %, 63627 MiB, 143771 MiB
2026/08/05 17:35:04.913, NVIDIA H200, 43, 100 %, 53 %, 63627 MiB, 143771 MiB
2026/08/05 17:35:07.913, NVIDIA H200, 32, 0 %, 0 %, 63627 MiB, 143771 MiB
2026/08/05 17:35:10.914, NVIDIA H200, 30, 0 %, 0 %, 63627 MiB, 143771 MiB
2026/08/05 17:35:13.914, NVIDIA H200, 29, 0 %, 0 %, 63627 MiB, 143771 MiB
2026/08/05 17:35:16.914, NVIDIA H200, 42, 100 %, 45 %, 63627 MiB, 143771 MiB
2026/08/05 17:35:19.915, NVIDIA H200, 47, 99 %, 55 %, 63627 MiB, 143771 MiB
2026/08/05 17:35:22.915, NVIDIA H200, 38, 91 %, 48 %, 63627 MiB, 143771 MiB
2026/08/05 17:35:25.915, NVIDIA H200, 47, 100 %, 40 %, 63627 MiB, 143771 MiB
2026/08/05 17:35:28.916, NVIDIA H200, 35, 0 %, 0 %, 63627 MiB, 143771 MiB
2026/08/05 17:35:31.916, NVIDIA H200, 48, 100 %, 39 %, 63627 MiB, 143771 MiB
2026/08/05 17:35:34.916, NVIDIA H200, 41, 95 %, 42 %, 63627 MiB, 143771 MiB
2026/08/05 17:35:37.917, NVIDIA H200, 46, 89 %, 37 %, 63627 MiB, 143771 MiB
2026/08/05 17:35:40.917, NVIDIA H200, 32, 0 %, 0 %, 63627 MiB, 143771 MiB
2026/08/05 17:35:43.917, NVIDIA H200, 43, 100 %, 45 %, 63627 MiB, 143771 MiB
2026/08/05 17:35:46.917, NVIDIA H200, 45, 100 %, 51 %, 63627 MiB, 143771 MiB
2026/08/05 17:35:49.918, NVIDIA H200, 30, 0 %, 0 %, 63627 MiB, 143771 MiB
2026/08/05 17:35:52.918, NVIDIA H200, 43, 100 %, 50 %, 63627 MiB, 143771 MiB
2026/08/05 17:35:55.918, NVIDIA H200, 46, 100 %, 32 %, 63627 MiB, 143771 MiB
2026/08/05 17:35:58.919, NVIDIA H200, 42, 100 %, 46 %, 63627 MiB, 143771 MiB
2026/08/05 17:36:01.919, NVIDIA H200, 45, 99 %, 48 %, 63627 MiB, 143771 MiB
2026/08/05 17:36:04.919, NVIDIA H200, 31, 0 %, 0 %, 63627 MiB, 143771 MiB
2026/08/05 17:36:07.920, NVIDIA H200, 45, 99 %, 53 %, 63627 MiB, 143771 MiB
2026/08/05 17:36:10.920, NVIDIA H200, 35, 0 %, 0 %, 63627 MiB, 143771 MiB
2026/08/05 17:36:13.920, NVIDIA H200, 43, 83 %, 39 %, 63627 MiB, 143771 MiB
2026/08/05 17:36:16.921, NVIDIA H200, 31, 0 %, 0 %, 63627 MiB, 143771 MiB
2026/08/05 17:36:19.921, NVIDIA H200, 46, 100 %, 36 %, 63627 MiB, 143771 MiB
2026/08/05 17:36:22.921, NVIDIA H200, 34, 0 %, 0 %, 63627 MiB, 143771 MiB
2026/08/05 17:36:25.922, NVIDIA H200, 44, 94 %, 38 %, 63627 MiB, 143771 MiB
2026/08/05 17:36:28.922, NVIDIA H200, 46, 99 %, 54 %, 63627 MiB, 143771 MiB
2026/08/05 17:36:31.922, NVIDIA H200, 31, 0 %, 0 %, 63627 MiB, 143771 MiB
2026/08/05 17:36:34.923, NVIDIA H200, 47, 100 %, 45 %, 63627 MiB, 143771 MiB
2026/08/05 17:36:37.923, NVIDIA H200, 33, 0 %, 0 %, 63627 MiB, 143771 MiB
2026/08/05 17:36:40.923, NVIDIA H200, 46, 100 %, 38 %, 63627 MiB, 143771 MiB
2026/08/05 17:36:43.930, NVIDIA H200, 35, 0 %, 0 %, 63627 MiB, 143771 MiB
2026/08/05 17:36:46.931, NVIDIA H200, 46, 99 %, 39 %, 63627 MiB, 143771 MiB
2026/08/05 17:36:49.931, NVIDIA H200, 38, 0 %, 0 %, 63627 MiB, 143771 MiB
2026/08/05 17:36:52.931, NVIDIA H200, 47, 100 %, 39 %, 63627 MiB, 143771 MiB
2026/08/05 17:36:55.932, NVIDIA H200, 34, 0 %, 0 %, 63627 MiB, 143771 MiB
2026/08/05 17:36:58.933, NVIDIA H200, 46, 100 %, 44 %, 63627 MiB, 143771 MiB
2026/08/05 17:37:01.933, NVIDIA H200, 37, 0 %, 0 %, 63627 MiB, 143771 MiB
2026/08/05 17:37:04.933, NVIDIA H200, 42, 100 %, 38 %, 63627 MiB, 143771 MiB
2026/08/05 17:37:07.934, NVIDIA H200, 31, 0 %, 0 %, 63627 MiB, 143771 MiB
2026/08/05 17:37:10.934, NVIDIA H200, 38, 68 %, 36 %, 63627 MiB, 143771 MiB
2026/08/05 17:37:13.935, NVIDIA H200, 33, 0 %, 0 %, 63627 MiB, 143771 MiB
2026/08/05 17:37:16.935, NVIDIA H200, 30, 0 %, 0 %, 63627 MiB, 143771 MiB
2026/08/05 17:37:19.935, NVIDIA H200, 30, 0 %, 0 %, 63627 MiB, 143771 MiB
2026/08/05 17:37:22.936, NVIDIA H200, 44, 75 %, 37 %, 63627 MiB, 143771 MiB
2026/08/05 17:37:25.936, NVIDIA H200, 49, 100 %, 43 %, 63627 MiB, 143771 MiB
2026/08/05 17:37:28.936, NVIDIA H200, 45, 84 %, 35 %, 63627 MiB, 143771 MiB
2026/08/05 17:37:31.937, NVIDIA H200, 47, 89 %, 40 %, 63627 MiB, 143771 MiB
2026/08/05 17:37:34.937, NVIDIA H200, 43, 100 %, 42 %, 63627 MiB, 143771 MiB
2026/08/05 17:37:37.938, NVIDIA H200, 37, 6 %, 0 %, 63627 MiB, 143771 MiB
2026/08/05 17:37:40.938, NVIDIA H200, 33, 0 %, 0 %, 63627 MiB, 143771 MiB
2026/08/05 17:37:43.938, NVIDIA H200, 47, 99 %, 40 %, 63627 MiB, 143771 MiB
2026/08/05 17:37:46.939, NVIDIA H200, 41, 60 %, 33 %, 63627 MiB, 143771 MiB
2026/08/05 17:37:49.939, NVIDIA H200, 31, 0 %, 0 %, 63627 MiB, 143771 MiB
2026/08/05 17:37:52.939, NVIDIA H200, 46, 99 %, 46 %, 63627 MiB, 143771 MiB
2026/08/05 17:37:55.939, NVIDIA H200, 41, 82 %, 38 %, 63627 MiB, 143771 MiB
2026/08/05 17:37:58.940, NVIDIA H200, 31, 0 %, 0 %, 63627 MiB, 143771 MiB
2026/08/05 17:38:01.940, NVIDIA H200, 47, 100 %, 52 %, 63627 MiB, 143771 MiB
2026/08/05 17:38:04.942, NVIDIA H200, 33, 0 %, 0 %, 63627 MiB, 143771 MiB
2026/08/05 17:38:07.942, NVIDIA H200, 44, 99 %, 48 %, 63627 MiB, 143771 MiB
2026/08/05 17:38:10.942, NVIDIA H200, 49, 100 %, 47 %, 63627 MiB, 143771 MiB
2026/08/05 17:38:13.943, NVIDIA H200, 36, 16 %, 1 %, 63627 MiB, 143771 MiB
2026/08/05 17:38:16.943, NVIDIA H200, 47, 91 %, 47 %, 63627 MiB, 143771 MiB
2026/08/05 17:38:19.943, NVIDIA H200, 32, 0 %, 0 %, 63627 MiB, 143771 MiB
2026/08/05 17:38:22.944, NVIDIA H200, 47, 100 %, 54 %, 63627 MiB, 143771 MiB
2026/08/05 17:38:25.944, NVIDIA H200, 33, 0 %, 0 %, 63627 MiB, 143771 MiB
2026/08/05 17:38:28.944, NVIDIA H200, 39, 100 %, 42 %, 63627 MiB, 143771 MiB
2026/08/05 17:38:31.945, NVIDIA H200, 48, 100 %, 48 %, 63627 MiB, 143771 MiB
2026/08/05 17:38:34.945, NVIDIA H200, 31, 0 %, 0 %, 63627 MiB, 143771 MiB
2026/08/05 17:38:37.945, NVIDIA H200, 46, 99 %, 37 %, 63627 MiB, 143771 MiB
2026/08/05 17:38:40.946, NVIDIA H200, 38, 0 %, 0 %, 63627 MiB, 143771 MiB
2026/08/05 17:38:43.946, NVIDIA H200, 41, 100 %, 37 %, 63627 MiB, 143771 MiB
2026/08/05 17:38:46.947, NVIDIA H200, 47, 91 %, 41 %, 63627 MiB, 143771 MiB
2026/08/05 17:38:49.947, NVIDIA H200, 40, 100 %, 31 %, 63627 MiB, 143771 MiB
2026/08/05 17:38:52.948, NVIDIA H200, 48, 100 %, 43 %, 63627 MiB, 143771 MiB
2026/08/05 17:38:55.948, NVIDIA H200, 31, 0 %, 0 %, 63627 MiB, 143771 MiB
2026/08/05 17:38:58.948, NVIDIA H200, 46, 100 %, 46 %, 63627 MiB, 143771 MiB
2026/08/05 17:39:01.949, NVIDIA H200, 33, 0 %, 0 %, 63627 MiB, 143771 MiB
2026/08/05 17:39:04.949, NVIDIA H200, 47, 99 %, 53 %, 63627 MiB, 143771 MiB
2026/08/05 17:39:07.950, NVIDIA H200, 47, 100 %, 44 %, 63627 MiB, 143771 MiB
2026/08/05 17:39:10.950, NVIDIA H200, 31, 0 %, 0 %, 63627 MiB, 143771 MiB
2026/08/05 17:39:13.951, NVIDIA H200, 47, 99 %, 47 %, 63627 MiB, 143771 MiB
2026/08/05 17:39:16.951, NVIDIA H200, 32, 0 %, 0 %, 63627 MiB, 143771 MiB
2026/08/05 17:39:19.952, NVIDIA H200, 40, 74 %, 30 %, 63627 MiB, 143771 MiB
2026/08/05 17:39:22.952, NVIDIA H200, 31, 0 %, 0 %, 63627 MiB, 143771 MiB
2026/08/05 17:39:25.952, NVIDIA H200, 30, 0 %, 0 %, 63627 MiB, 143771 MiB
2026/08/05 17:39:28.953, NVIDIA H200, 30, 0 %, 0 %, 63627 MiB, 143771 MiB
2026/08/05 17:39:31.953, NVIDIA H200, 45, 99 %, 45 %, 63627 MiB, 143771 MiB
2026/08/05 17:39:34.953, NVIDIA H200, 40, 36 %, 19 %, 63627 MiB, 143771 MiB
2026/08/05 17:39:37.954, NVIDIA H200, 46, 100 %, 42 %, 63627 MiB, 143771 MiB
2026/08/05 17:39:40.954, NVIDIA H200, 39, 0 %, 0 %, 63627 MiB, 143771 MiB
2026/08/05 17:39:43.954, NVIDIA H200, 31, 0 %, 0 %, 63627 MiB, 143771 MiB
2026/08/05 17:39:46.954, NVIDIA H200, 31, 0 %, 0 %, 63627 MiB, 143771 MiB
2026/08/05 17:39:49.955, NVIDIA H200, 48, 100 %, 47 %, 63627 MiB, 143771 MiB
2026/08/05 17:39:52.955, NVIDIA H200, 45, 100 %, 46 %, 63627 MiB, 143771 MiB
2026/08/05 17:39:55.955, NVIDIA H200, 44, 100 %, 50 %, 63627 MiB, 143771 MiB
2026/08/05 17:39:58.956, NVIDIA H200, 38, 0 %, 0 %, 63627 MiB, 143771 MiB
2026/08/05 17:40:01.956, NVIDIA H200, 30, 0 %, 0 %, 63627 MiB, 143771 MiB
2026/08/05 17:40:04.957, NVIDIA H200, 45, 99 %, 36 %, 63627 MiB, 143771 MiB
2026/08/05 17:40:07.957, NVIDIA H200, 35, 0 %, 0 %, 63627 MiB, 143771 MiB
2026/08/05 17:40:10.957, NVIDIA H200, 44, 100 %, 55 %, 63627 MiB, 143771 MiB
2026/08/05 17:40:13.958, NVIDIA H200, 47, 64 %, 36 %, 63627 MiB, 143771 MiB
2026/08/05 17:40:16.958, NVIDIA H200, 43, 100 %, 40 %, 63627 MiB, 143771 MiB
2026/08/05 17:40:19.958, NVIDIA H200, 48, 100 %, 34 %, 63627 MiB, 143771 MiB
2026/08/05 17:40:22.959, NVIDIA H200, 31, 0 %, 0 %, 63627 MiB, 143771 MiB
2026/08/05 17:40:25.959, NVIDIA H200, 49, 100 %, 31 %, 63627 MiB, 143771 MiB
2026/08/05 17:40:28.959, NVIDIA H200, 34, 0 %, 0 %, 63627 MiB, 143771 MiB
2026/08/05 17:40:31.960, NVIDIA H200, 44, 88 %, 35 %, 63627 MiB, 143771 MiB
2026/08/05 17:40:34.960, NVIDIA H200, 32, 0 %, 0 %, 63627 MiB, 143771 MiB
2026/08/05 17:40:37.960, NVIDIA H200, 42, 98 %, 51 %, 63627 MiB, 143771 MiB
2026/08/05 17:40:40.961, NVIDIA H200, 48, 100 %, 48 %, 63627 MiB, 143771 MiB
2026/08/05 17:40:43.961, NVIDIA H200, 31, 0 %, 0 %, 63627 MiB, 143771 MiB
2026/08/05 17:40:46.961, NVIDIA H200, 45, 99 %, 42 %, 63627 MiB, 143771 MiB
2026/08/05 17:40:49.961, NVIDIA H200, 48, 100 %, 52 %, 63627 MiB, 143771 MiB
2026/08/05 17:40:52.962, NVIDIA H200, 31, 0 %, 0 %, 63627 MiB, 143771 MiB
2026/08/05 17:40:55.962, NVIDIA H200, 45, 25 %, 17 %, 63627 MiB, 143771 MiB
2026/08/05 17:40:58.962, NVIDIA H200, 34, 0 %, 0 %, 63627 MiB, 143771 MiB
2026/08/05 17:41:01.963, NVIDIA H200, 39, 51 %, 20 %, 63627 MiB, 143771 MiB
2026/08/05 17:41:04.963, NVIDIA H200, 50, 100 %, 39 %, 63627 MiB, 143771 MiB
2026/08/05 17:41:07.963, NVIDIA H200, 31, 0 %, 0 %, 63627 MiB, 143771 MiB
2026/08/05 17:41:10.964, NVIDIA H200, 45, 44 %, 16 %, 63627 MiB, 143771 MiB
2026/08/05 17:41:13.964, NVIDIA H200, 36, 0 %, 0 %, 63627 MiB, 143771 MiB
2026/08/05 17:41:16.965, NVIDIA H200, 45, 100 %, 39 %, 63627 MiB, 143771 MiB
2026/08/05 17:41:19.965, NVIDIA H200, 33, 0 %, 0 %, 63627 MiB, 143771 MiB
2026/08/05 17:41:22.966, NVIDIA H200, 35, 0 %, 0 %, 63627 MiB, 143771 MiB
2026/08/05 17:41:25.966, NVIDIA H200, 30, 0 %, 0 %, 63627 MiB, 143771 MiB
2026/08/05 17:41:28.966, NVIDIA H200, 46, 91 %, 38 %, 63627 MiB, 143771 MiB
2026/08/05 17:41:31.967, NVIDIA H200, 31, 0 %, 0 %, 63627 MiB, 143771 MiB
2026/08/05 17:41:34.967, NVIDIA H200, 30, 0 %, 0 %, 63627 MiB, 143771 MiB
2026/08/05 17:41:37.968, NVIDIA H200, 30, 0 %, 0 %, 63627 MiB, 143771 MiB
2026/08/05 17:41:40.968, NVIDIA H200, 30, 0 %, 0 %, 63627 MiB, 143771 MiB
2026/08/05 17:41:43.968, NVIDIA H200, 45, 100 %, 42 %, 63627 MiB, 143771 MiB
2026/08/05 17:41:46.969, NVIDIA H200, 49, 100 %, 41 %, 63627 MiB, 143771 MiB
2026/08/05 17:41:49.969, NVIDIA H200, 43, 90 %, 41 %, 63627 MiB, 143771 MiB
2026/08/05 17:41:52.969, NVIDIA H200, 49, 100 %, 41 %, 63627 MiB, 143771 MiB
2026/08/05 17:41:55.970, NVIDIA H200, 43, 73 %, 38 %, 63627 MiB, 143771 MiB
2026/08/05 17:41:58.970, NVIDIA H200, 38, 0 %, 0 %, 63627 MiB, 143771 MiB
2026/08/05 17:42:01.970, NVIDIA H200, 47, 99 %, 53 %, 63627 MiB, 143771 MiB
2026/08/05 17:42:04.970, NVIDIA H200, 32, 0 %, 0 %, 63627 MiB, 143771 MiB
2026/08/05 17:42:07.971, NVIDIA H200, 44, 100 %, 43 %, 63627 MiB, 143771 MiB
2026/08/05 17:42:10.971, NVIDIA H200, 47, 88 %, 48 %, 63627 MiB, 143771 MiB
2026/08/05 17:42:13.971, NVIDIA H200, 31, 0 %, 0 %, 63627 MiB, 143771 MiB
2026/08/05 17:42:16.972, NVIDIA H200, 42, 99 %, 40 %, 63627 MiB, 143771 MiB
2026/08/05 17:42:19.972, NVIDIA H200, 33, 0 %, 0 %, 63627 MiB, 143771 MiB
2026/08/05 17:42:22.972, NVIDIA H200, 47, 100 %, 50 %, 63627 MiB, 143771 MiB
2026/08/05 17:42:25.973, NVIDIA H200, 48, 90 %, 39 %, 63627 MiB, 143771 MiB
2026/08/05 17:42:28.973, NVIDIA H200, 49, 100 %, 45 %, 63627 MiB, 143771 MiB
2026/08/05 17:42:31.973, NVIDIA H200, 37, 1 %, 1 %, 63627 MiB, 143771 MiB
2026/08/05 17:42:34.974, NVIDIA H200, 36, 0 %, 0 %, 63627 MiB, 143771 MiB
2026/08/05 17:42:37.974, NVIDIA H200, 39, 100 %, 45 %, 63627 MiB, 143771 MiB
2026/08/05 17:42:40.974, NVIDIA H200, 44, 100 %, 43 %, 63627 MiB, 143771 MiB
2026/08/05 17:42:43.975, NVIDIA H200, 47, 83 %, 45 %, 63627 MiB, 143771 MiB
2026/08/05 17:42:46.975, NVIDIA H200, 31, 0 %, 0 %, 63627 MiB, 143771 MiB
2026/08/05 17:42:49.975, NVIDIA H200, 45, 100 %, 38 %, 63627 MiB, 143771 MiB
2026/08/05 17:42:52.976, NVIDIA H200, 44, 100 %, 43 %, 63627 MiB, 143771 MiB
2026/08/05 17:42:55.976, NVIDIA H200, 46, 100 %, 44 %, 63627 MiB, 143771 MiB
2026/08/05 17:42:58.976, NVIDIA H200, 33, 0 %, 0 %, 63627 MiB, 143771 MiB
2026/08/05 17:43:01.977, NVIDIA H200, 49, 100 %, 42 %, 63627 MiB, 143771 MiB
2026/08/05 17:43:04.977, NVIDIA H200, 47, 77 %, 37 %, 63627 MiB, 143771 MiB
2026/08/05 17:43:07.977, NVIDIA H200, 31, 0 %, 0 %, 63627 MiB, 143771 MiB
2026/08/05 17:43:10.978, NVIDIA H200, 50, 100 %, 42 %, 63627 MiB, 143771 MiB
2026/08/05 17:43:13.978, NVIDIA H200, 33, 0 %, 0 %, 63627 MiB, 143771 MiB
2026/08/05 17:43:16.978, NVIDIA H200, 46, 100 %, 45 %, 63627 MiB, 143771 MiB
2026/08/05 17:43:19.978, NVIDIA H200, 47, 100 %, 40 %, 63627 MiB, 143771 MiB
2026/08/05 17:43:22.979, NVIDIA H200, 46, 100 %, 39 %, 63627 MiB, 143771 MiB
2026/08/05 17:43:25.979, NVIDIA H200, 48, 100 %, 46 %, 63627 MiB, 143771 MiB
2026/08/05 17:43:28.980, NVIDIA H200, 43, 100 %, 44 %, 63627 MiB, 143771 MiB
2026/08/05 17:43:31.980, NVIDIA H200, 47, 99 %, 53 %, 63627 MiB, 143771 MiB
2026/08/05 17:43:34.980, NVIDIA H200, 33, 46 %, 20 %, 63627 MiB, 143771 MiB
2026/08/05 17:43:37.981, NVIDIA H200, 38, 100 %, 52 %, 63627 MiB, 143771 MiB
2026/08/05 17:43:40.981, NVIDIA H200, 33, 0 %, 0 %, 63627 MiB, 143771 MiB
2026/08/05 17:43:43.981, NVIDIA H200, 30, 0 %, 0 %, 63627 MiB, 143771 MiB
2026/08/05 17:43:46.982, NVIDIA H200, 30, 0 %, 0 %, 63627 MiB, 143771 MiB
2026/08/05 17:43:49.982, NVIDIA H200, 44, 100 %, 49 %, 63627 MiB, 143771 MiB
2026/08/05 17:43:52.982, NVIDIA H200, 49, 100 %, 46 %, 63627 MiB, 143771 MiB
2026/08/05 17:43:55.983, NVIDIA H200, 42, 100 %, 40 %, 63627 MiB, 143771 MiB
2026/08/05 17:43:58.983, NVIDIA H200, 48, 100 %, 40 %, 63627 MiB, 143771 MiB
2026/08/05 17:44:01.983, NVIDIA H200, 44, 100 %, 43 %, 63627 MiB, 143771 MiB
2026/08/05 17:44:04.984, NVIDIA H200, 31, 0 %, 0 %, 63627 MiB, 143771 MiB
2026/08/05 17:44:07.984, NVIDIA H200, 47, 99 %, 39 %, 63627 MiB, 143771 MiB
2026/08/05 17:44:10.984, NVIDIA H200, 33, 0 %, 0 %, 63627 MiB, 143771 MiB
2026/08/05 17:44:13.985, NVIDIA H200, 44, 100 %, 33 %, 63627 MiB, 143771 MiB
2026/08/05 17:44:16.985, NVIDIA H200, 47, 100 %, 43 %, 63627 MiB, 143771 MiB
2026/08/05 17:44:19.985, NVIDIA H200, 42, 100 %, 45 %, 63627 MiB, 143771 MiB
2026/08/05 17:44:22.986, NVIDIA H200, 41, 28 %, 7 %, 63627 MiB, 143771 MiB
2026/08/05 17:44:25.986, NVIDIA H200, 32, 0 %, 0 %, 63627 MiB, 143771 MiB
2026/08/05 17:44:28.986, NVIDIA H200, 46, 66 %, 26 %, 63627 MiB, 143771 MiB
2026/08/05 17:44:31.986, NVIDIA H200, 33, 0 %, 0 %, 63627 MiB, 143771 MiB
2026/08/05 17:44:34.987, NVIDIA H200, 41, 40 %, 13 %, 63627 MiB, 143771 MiB
2026/08/05 17:44:37.987, NVIDIA H200, 45, 64 %, 38 %, 63627 MiB, 143771 MiB
2026/08/05 17:44:40.987, NVIDIA H200, 46, 100 %, 55 %, 63627 MiB, 143771 MiB
2026/08/05 17:44:43.988, NVIDIA H200, 42, 100 %, 43 %, 63627 MiB, 143771 MiB
2026/08/05 17:44:46.988, NVIDIA H200, 44, 75 %, 39 %, 63627 MiB, 143771 MiB
2026/08/05 17:44:49.988, NVIDIA H200, 31, 0 %, 0 %, 63627 MiB, 143771 MiB
2026/08/05 17:44:52.989, NVIDIA H200, 47, 100 %, 48 %, 63627 MiB, 143771 MiB
2026/08/05 17:44:55.989, NVIDIA H200, 50, 100 %, 49 %, 63627 MiB, 143771 MiB
2026/08/05 17:44:58.989, NVIDIA H200, 31, 0 %, 0 %, 63627 MiB, 143771 MiB
2026/08/05 17:45:01.990, NVIDIA H200, 44, 100 %, 46 %, 63627 MiB, 143771 MiB
2026/08/05 17:45:04.990, NVIDIA H200, 32, 0 %, 0 %, 63627 MiB, 143771 MiB
2026/08/05 17:45:07.990, NVIDIA H200, 46, 100 %, 43 %, 63627 MiB, 143771 MiB
2026/08/05 17:45:10.990, NVIDIA H200, 33, 0 %, 0 %, 63627 MiB, 143771 MiB
2026/08/05 17:45:13.991, NVIDIA H200, 43, 98 %, 50 %, 63627 MiB, 143771 MiB
2026/08/05 17:45:16.991, NVIDIA H200, 36, 0 %, 0 %, 63627 MiB, 143771 MiB
2026/08/05 17:45:19.991, NVIDIA H200, 48, 100 %, 42 %, 63627 MiB, 143771 MiB
2026/08/05 17:45:22.992, NVIDIA H200, 45, 98 %, 43 %, 63627 MiB, 143771 MiB
2026/08/05 17:45:25.992, NVIDIA H200, 46, 100 %, 41 %, 63627 MiB, 143771 MiB
2026/08/05 17:45:28.992, NVIDIA H200, 40, 58 %, 28 %, 63627 MiB, 143771 MiB
2026/08/05 17:45:31.993, NVIDIA H200, 45, 100 %, 53 %, 63627 MiB, 143771 MiB
2026/08/05 17:45:34.993, NVIDIA H200, 36, 0 %, 0 %, 63627 MiB, 143771 MiB
2026/08/05 17:45:37.994, NVIDIA H200, 51, 99 %, 44 %, 63627 MiB, 143771 MiB
2026/08/05 17:45:40.994, NVIDIA H200, 35, 0 %, 0 %, 63627 MiB, 143771 MiB
2026/08/05 17:45:43.995, NVIDIA H200, 38, 100 %, 50 %, 63627 MiB, 143771 MiB
2026/08/05 17:45:46.995, NVIDIA H200, 32, 0 %, 0 %, 63627 MiB, 143771 MiB
2026/08/05 17:45:49.995, NVIDIA H200, 30, 0 %, 0 %, 63627 MiB, 143771 MiB
2026/08/05 17:45:52.995, NVIDIA H200, 38, 0 %, 0 %, 63627 MiB, 143771 MiB
2026/08/05 17:45:55.996, NVIDIA H200, 46, 82 %, 48 %, 63627 MiB, 143771 MiB
2026/08/05 17:45:58.996, NVIDIA H200, 32, 0 %, 0 %, 63627 MiB, 143771 MiB
2026/08/05 17:46:01.996, NVIDIA H200, 30, 0 %, 0 %, 63627 MiB, 143771 MiB
2026/08/05 17:46:04.997, NVIDIA H200, 46, 100 %, 45 %, 63627 MiB, 143771 MiB
2026/08/05 17:46:07.997, NVIDIA H200, 32, 0 %, 0 %, 63627 MiB, 143771 MiB
2026/08/05 17:46:10.997, NVIDIA H200, 30, 0 %, 0 %, 63627 MiB, 143771 MiB
2026/08/05 17:46:13.998, NVIDIA H200, 44, 100 %, 42 %, 63627 MiB, 143771 MiB
2026/08/05 17:46:16.998, NVIDIA H200, 32, 0 %, 0 %, 63627 MiB, 143771 MiB
2026/08/05 17:46:19.998, NVIDIA H200, 48, 76 %, 34 %, 63627 MiB, 143771 MiB
2026/08/05 17:46:22.999, NVIDIA H200, 33, 0 %, 0 %, 63627 MiB, 143771 MiB
2026/08/05 17:46:25.999, NVIDIA H200, 48, 100 %, 42 %, 63627 MiB, 143771 MiB
2026/08/05 17:46:28.999, NVIDIA H200, 34, 0 %, 0 %, 63627 MiB, 143771 MiB
2026/08/05 17:46:31.999, NVIDIA H200, 48, 100 %, 40 %, 63627 MiB, 143771 MiB
2026/08/05 17:46:35.000, NVIDIA H200, 47, 100 %, 39 %, 63627 MiB, 143771 MiB
2026/08/05 17:46:38.000, NVIDIA H200, 31, 0 %, 0 %, 63627 MiB, 143771 MiB
2026/08/05 17:46:41.000, NVIDIA H200, 46, 99 %, 39 %, 63627 MiB, 143771 MiB
2026/08/05 17:46:44.001, NVIDIA H200, 33, 0 %, 0 %, 63627 MiB, 143771 MiB
2026/08/05 17:46:47.001, NVIDIA H200, 50, 99 %, 42 %, 63627 MiB, 143771 MiB
2026/08/05 17:46:50.001, NVIDIA H200, 34, 0 %, 0 %, 63627 MiB, 143771 MiB
2026/08/05 17:46:53.002, NVIDIA H200, 47, 99 %, 53 %, 63627 MiB, 143771 MiB
2026/08/05 17:46:56.002, NVIDIA H200, 35, 0 %, 0 %, 63627 MiB, 143771 MiB
2026/08/05 17:46:59.002, NVIDIA H200, 43, 99 %, 41 %, 63627 MiB, 143771 MiB
2026/08/05 17:47:02.003, NVIDIA H200, 50, 100 %, 29 %, 63627 MiB, 143771 MiB
2026/08/05 17:47:05.006, NVIDIA H200, 31, 0 %, 0 %, 63627 MiB, 143771 MiB
2026/08/05 17:47:08.006, NVIDIA H200, 48, 93 %, 41 %, 63627 MiB, 143771 MiB
2026/08/05 17:47:11.006, NVIDIA H200, 42, 13 %, 0 %, 63627 MiB, 143771 MiB
2026/08/05 17:47:14.006, NVIDIA H200, 31, 0 %, 0 %, 63627 MiB, 143771 MiB
2026/08/05 17:47:17.007, NVIDIA H200, 47, 98 %, 39 %, 63627 MiB, 143771 MiB
2026/08/05 17:47:20.007, NVIDIA H200, 33, 0 %, 0 %, 63627 MiB, 143771 MiB
2026/08/05 17:47:23.007, NVIDIA H200, 41, 100 %, 54 %, 63627 MiB, 143771 MiB
2026/08/05 17:47:26.008, NVIDIA H200, 48, 84 %, 41 %, 63627 MiB, 143771 MiB
2026/08/05 17:47:29.008, NVIDIA H200, 32, 0 %, 0 %, 63627 MiB, 143771 MiB
2026/08/05 17:47:32.008, NVIDIA H200, 49, 89 %, 40 %, 63627 MiB, 143771 MiB
2026/08/05 17:47:35.012, NVIDIA H200, 41, 0 %, 0 %, 63627 MiB, 143771 MiB
2026/08/05 17:47:38.012, NVIDIA H200, 49, 100 %, 41 %, 63627 MiB, 143771 MiB
2026/08/05 17:47:41.012, NVIDIA H200, 44, 100 %, 38 %, 63627 MiB, 143771 MiB
2026/08/05 17:47:44.013, NVIDIA H200, 32, 0 %, 0 %, 63627 MiB, 143771 MiB
2026/08/05 17:47:47.013, NVIDIA H200, 42, 91 %, 47 %, 63627 MiB, 143771 MiB
2026/08/05 17:47:50.014, NVIDIA H200, 42, 100 %, 41 %, 63627 MiB, 143771 MiB
2026/08/05 17:47:53.014, NVIDIA H200, 31, 0 %, 0 %, 63627 MiB, 143771 MiB
2026/08/05 17:47:56.015, NVIDIA H200, 30, 0 %, 0 %, 63627 MiB, 143771 MiB
2026/08/05 17:47:59.015, NVIDIA H200, 38, 100 %, 45 %, 63627 MiB, 143771 MiB
2026/08/05 17:48:02.015, NVIDIA H200, 46, 93 %, 48 %, 63627 MiB, 143771 MiB
2026/08/05 17:48:05.017, NVIDIA H200, 42, 100 %, 46 %, 63627 MiB, 143771 MiB
2026/08/05 17:48:08.018, NVIDIA H200, 33, 0 %, 0 %, 63627 MiB, 143771 MiB
2026/08/05 17:48:11.018, NVIDIA H200, 29, 0 %, 0 %, 63627 MiB, 143771 MiB
2026/08/05 17:48:14.018, NVIDIA H200, 44, 100 %, 42 %, 63627 MiB, 143771 MiB
2026/08/05 17:48:17.019, NVIDIA H200, 32, 0 %, 0 %, 63627 MiB, 143771 MiB
2026/08/05 17:48:20.019, NVIDIA H200, 37, 100 %, 46 %, 63627 MiB, 143771 MiB
2026/08/05 17:48:23.019, NVIDIA H200, 29, 0 %, 0 %, 63627 MiB, 143771 MiB
2026/08/05 17:48:26.020, NVIDIA H200, 43, 61 %, 22 %, 63627 MiB, 143771 MiB
2026/08/05 17:48:29.020, NVIDIA H200, 44, 100 %, 43 %, 63627 MiB, 143771 MiB
2026/08/05 17:48:32.020, NVIDIA H200, 29, 0 %, 0 %, 63627 MiB, 143771 MiB
2026/08/05 17:48:35.022, NVIDIA H200, 45, 100 %, 52 %, 63627 MiB, 143771 MiB
2026/08/05 17:48:38.022, NVIDIA H200, 46, 82 %, 45 %, 63627 MiB, 143771 MiB
2026/08/05 17:48:41.023, NVIDIA H200, 40, 98 %, 42 %, 63627 MiB, 143771 MiB
2026/08/05 17:48:44.023, NVIDIA H200, 35, 0 %, 0 %, 63627 MiB, 143771 MiB
2026/08/05 17:48:47.023, NVIDIA H200, 31, 0 %, 0 %, 63627 MiB, 143771 MiB
2026/08/05 17:48:50.024, NVIDIA H200, 46, 86 %, 38 %, 63627 MiB, 143771 MiB
2026/08/05 17:48:53.024, NVIDIA H200, 34, 0 %, 0 %, 63627 MiB, 143771 MiB
2026/08/05 17:48:56.024, NVIDIA H200, 45, 84 %, 43 %, 63627 MiB, 143771 MiB
2026/08/05 17:48:59.025, NVIDIA H200, 44, 88 %, 47 %, 63627 MiB, 143771 MiB
2026/08/05 17:49:02.025, NVIDIA H200, 49, 100 %, 46 %, 63627 MiB, 143771 MiB
2026/08/05 17:49:05.027, NVIDIA H200, 31, 0 %, 0 %, 63627 MiB, 143771 MiB
2026/08/05 17:49:08.027, NVIDIA H200, 32, 0 %, 0 %, 63627 MiB, 143771 MiB
2026/08/05 17:49:11.027, NVIDIA H200, 48, 100 %, 52 %, 63627 MiB, 143771 MiB
2026/08/05 17:49:14.028, NVIDIA H200, 46, 100 %, 47 %, 63627 MiB, 143771 MiB
2026/08/05 17:49:17.028, NVIDIA H200, 35, 38 %, 20 %, 63627 MiB, 143771 MiB
2026/08/05 17:49:20.028, NVIDIA H200, 46, 96 %, 41 %, 63627 MiB, 143771 MiB
2026/08/05 17:49:23.029, NVIDIA H200, 40, 90 %, 38 %, 63627 MiB, 143771 MiB
2026/08/05 17:49:26.029, NVIDIA H200, 40, 22 %, 13 %, 63627 MiB, 143771 MiB
2026/08/05 17:49:29.030, NVIDIA H200, 34, 0 %, 0 %, 63627 MiB, 143771 MiB
2026/08/05 17:49:32.030, NVIDIA H200, 39, 0 %, 0 %, 63627 MiB, 143771 MiB
2026/08/05 17:49:35.031, NVIDIA H200, 49, 100 %, 43 %, 63627 MiB, 143771 MiB
2026/08/05 17:49:38.031, NVIDIA H200, 48, 82 %, 46 %, 63627 MiB, 143771 MiB
2026/08/05 17:49:41.032, NVIDIA H200, 31, 0 %, 0 %, 63627 MiB, 143771 MiB
2026/08/05 17:49:44.032, NVIDIA H200, 46, 100 %, 42 %, 63627 MiB, 143771 MiB
2026/08/05 17:49:47.033, NVIDIA H200, 32, 0 %, 0 %, 63627 MiB, 143771 MiB
2026/08/05 17:49:50.033, NVIDIA H200, 40, 99 %, 48 %, 63627 MiB, 143771 MiB
2026/08/05 17:49:53.033, NVIDIA H200, 45, 100 %, 43 %, 63627 MiB, 143771 MiB
2026/08/05 17:49:56.034, NVIDIA H200, 31, 0 %, 0 %, 63627 MiB, 143771 MiB
2026/08/05 17:49:59.034, NVIDIA H200, 44, 30 %, 15 %, 63627 MiB, 143771 MiB
2026/08/05 17:50:02.034, NVIDIA H200, 31, 0 %, 0 %, 63627 MiB, 143771 MiB
2026/08/05 17:50:05.035, NVIDIA H200, 30, 0 %, 0 %, 63627 MiB, 143771 MiB
2026/08/05 17:50:08.036, NVIDIA H200, 30, 0 %, 0 %, 63627 MiB, 143771 MiB
2026/08/05 17:50:11.036, NVIDIA H200, 40, 94 %, 42 %, 63627 MiB, 143771 MiB
2026/08/05 17:50:14.036, NVIDIA H200, 44, 87 %, 41 %, 63627 MiB, 143771 MiB
2026/08/05 17:50:17.037, NVIDIA H200, 45, 100 %, 38 %, 63627 MiB, 143771 MiB
2026/08/05 17:50:20.037, NVIDIA H200, 35, 0 %, 0 %, 63627 MiB, 143771 MiB
2026/08/05 17:50:23.037, NVIDIA H200, 31, 0 %, 0 %, 63627 MiB, 143771 MiB
2026/08/05 17:50:26.038, NVIDIA H200, 47, 100 %, 40 %, 63627 MiB, 143771 MiB
2026/08/05 17:50:29.038, NVIDIA H200, 32, 0 %, 0 %, 63627 MiB, 143771 MiB
2026/08/05 17:50:32.038, NVIDIA H200, 45, 89 %, 36 %, 63627 MiB, 143771 MiB
2026/08/05 17:50:35.040, NVIDIA H200, 45, 100 %, 37 %, 63627 MiB, 143771 MiB
2026/08/05 17:50:38.040, NVIDIA H200, 32, 0 %, 0 %, 63627 MiB, 143771 MiB
2026/08/05 17:50:41.041, NVIDIA H200, 45, 100 %, 39 %, 63627 MiB, 143771 MiB
2026/08/05 17:50:44.041, NVIDIA H200, 33, 0 %, 0 %, 63627 MiB, 143771 MiB
2026/08/05 17:50:47.041, NVIDIA H200, 33, 0 %, 0 %, 63627 MiB, 143771 MiB
2026/08/05 17:50:50.042, NVIDIA H200, 40, 0 %, 0 %, 63627 MiB, 143771 MiB
2026/08/05 17:50:53.042, NVIDIA H200, 42, 93 %, 39 %, 63627 MiB, 143771 MiB
2026/08/05 17:50:56.042, NVIDIA H200, 45, 100 %, 44 %, 63627 MiB, 143771 MiB
2026/08/05 17:50:59.042, NVIDIA H200, 46, 87 %, 49 %, 63627 MiB, 143771 MiB
2026/08/05 17:51:02.044, NVIDIA H200, 48, 100 %, 50 %, 63627 MiB, 143771 MiB
2026/08/05 17:51:05.045, NVIDIA H200, 43, 90 %, 40 %, 63627 MiB, 143771 MiB
2026/08/05 17:51:08.045, NVIDIA H200, 46, 100 %, 53 %, 63627 MiB, 143771 MiB
2026/08/05 17:51:11.045, NVIDIA H200, 39, 0 %, 0 %, 63627 MiB, 143771 MiB
2026/08/05 17:51:14.046, NVIDIA H200, 33, 0 %, 0 %, 63627 MiB, 143771 MiB
2026/08/05 17:51:17.046, NVIDIA H200, 35, 0 %, 0 %, 63627 MiB, 143771 MiB
2026/08/05 17:51:20.046, NVIDIA H200, 37, 0 %, 0 %, 63627 MiB, 143771 MiB
2026/08/05 17:51:23.047, NVIDIA H200, 31, 0 %, 0 %, 63627 MiB, 143771 MiB
2026/08/05 17:51:26.047, NVIDIA H200, 43, 100 %, 44 %, 63627 MiB, 143771 MiB
2026/08/05 17:51:29.047, NVIDIA H200, 32, 0 %, 0 %, 63627 MiB, 143771 MiB
2026/08/05 17:51:32.047, NVIDIA H200, 47, 100 %, 48 %, 63627 MiB, 143771 MiB
2026/08/05 17:51:35.049, NVIDIA H200, 47, 78 %, 37 %, 63627 MiB, 143771 MiB
2026/08/05 17:51:38.049, NVIDIA H200, 39, 98 %, 51 %, 63627 MiB, 143771 MiB
2026/08/05 17:51:41.049, NVIDIA H200, 47, 100 %, 40 %, 63627 MiB, 143771 MiB
2026/08/05 17:51:44.050, NVIDIA H200, 46, 100 %, 43 %, 63627 MiB, 143771 MiB
2026/08/05 17:51:47.050, NVIDIA H200, 49, 100 %, 49 %, 63627 MiB, 143771 MiB
2026/08/05 17:51:50.050, NVIDIA H200, 32, 0 %, 0 %, 63627 MiB, 143771 MiB
2026/08/05 17:51:53.051, NVIDIA H200, 45, 100 %, 50 %, 63627 MiB, 143771 MiB
2026/08/05 17:51:56.052, NVIDIA H200, 47, 100 %, 41 %, 63627 MiB, 143771 MiB
2026/08/05 17:51:59.052, NVIDIA H200, 46, 100 %, 42 %, 63627 MiB, 143771 MiB
2026/08/05 17:52:02.052, NVIDIA H200, 30, 0 %, 0 %, 63627 MiB, 143771 MiB
2026/08/05 17:52:05.054, NVIDIA H200, 45, 100 %, 53 %, 63627 MiB, 143771 MiB
2026/08/05 17:52:08.055, NVIDIA H200, 32, 0 %, 0 %, 63627 MiB, 143771 MiB
2026/08/05 17:52:11.055, NVIDIA H200, 30, 0 %, 0 %, 63627 MiB, 143771 MiB
2026/08/05 17:52:14.055, NVIDIA H200, 30, 0 %, 0 %, 63627 MiB, 143771 MiB
2026/08/05 17:52:17.056, NVIDIA H200, 30, 0 %, 0 %, 63627 MiB, 143771 MiB
2026/08/05 17:52:20.056, NVIDIA H200, 30, 0 %, 0 %, 63627 MiB, 143771 MiB
2026/08/05 17:52:23.056, NVIDIA H200, 43, 96 %, 49 %, 63627 MiB, 143771 MiB
2026/08/05 17:52:26.057, NVIDIA H200, 32, 0 %, 0 %, 63627 MiB, 143771 MiB
2026/08/05 17:52:29.057, NVIDIA H200, 44, 100 %, 45 %, 63627 MiB, 143771 MiB
2026/08/05 17:52:32.057, NVIDIA H200, 45, 60 %, 18 %, 63627 MiB, 143771 MiB
2026/08/05 17:52:35.060, NVIDIA H200, 43, 100 %, 45 %, 63627 MiB, 143771 MiB
2026/08/05 17:52:38.061, NVIDIA H200, 47, 86 %, 39 %, 63627 MiB, 143771 MiB
2026/08/05 17:52:41.061, NVIDIA H200, 36, 0 %, 0 %, 63627 MiB, 143771 MiB
2026/08/05 17:52:44.061, NVIDIA H200, 46, 100 %, 51 %, 63627 MiB, 143771 MiB
2026/08/05 17:52:47.061, NVIDIA H200, 31, 0 %, 0 %, 63627 MiB, 143771 MiB
2026/08/05 17:52:50.062, NVIDIA H200, 41, 100 %, 46 %, 63627 MiB, 143771 MiB
2026/08/05 17:52:53.062, NVIDIA H200, 46, 100 %, 40 %, 63627 MiB, 143771 MiB
2026/08/05 17:52:56.062, NVIDIA H200, 30, 0 %, 0 %, 63627 MiB, 143771 MiB
2026/08/05 17:52:59.063, NVIDIA H200, 46, 100 %, 40 %, 63627 MiB, 143771 MiB
2026/08/05 17:53:02.063, NVIDIA H200, 37, 54 %, 21 %, 63627 MiB, 143771 MiB
2026/08/05 17:53:05.063, NVIDIA H200, 44, 100 %, 37 %, 63627 MiB, 143771 MiB
2026/08/05 17:53:08.064, NVIDIA H200, 32, 0 %, 0 %, 63627 MiB, 143771 MiB
2026/08/05 17:53:11.064, NVIDIA H200, 44, 100 %, 30 %, 63627 MiB, 143771 MiB
2026/08/05 17:53:14.064, NVIDIA H200, 41, 100 %, 46 %, 63627 MiB, 143771 MiB
2026/08/05 17:53:17.064, NVIDIA H200, 37, 100 %, 48 %, 63627 MiB, 143771 MiB
2026/08/05 17:53:20.065, NVIDIA H200, 45, 100 %, 36 %, 63627 MiB, 143771 MiB
2026/08/05 17:53:23.065, NVIDIA H200, 28, 0 %, 0 %, 63627 MiB, 143771 MiB
2026/08/05 17:53:26.065, NVIDIA H200, 42, 100 %, 40 %, 63627 MiB, 143771 MiB
2026/08/05 17:53:29.066, NVIDIA H200, 31, 0 %, 0 %, 63627 MiB, 143771 MiB
2026/08/05 17:53:32.066, NVIDIA H200, 40, 100 %, 51 %, 63627 MiB, 143771 MiB
2026/08/05 17:53:35.066, NVIDIA H200, 33, 0 %, 0 %, 63627 MiB, 143771 MiB
2026/08/05 17:53:38.066, NVIDIA H200, 30, 0 %, 0 %, 63627 MiB, 143771 MiB
2026/08/05 17:53:41.067, NVIDIA H200, 43, 86 %, 43 %, 63627 MiB, 143771 MiB
2026/08/05 17:53:44.067, NVIDIA H200, 40, 92 %, 40 %, 63627 MiB, 143771 MiB
2026/08/05 17:53:47.067, NVIDIA H200, 43, 86 %, 38 %, 63627 MiB, 143771 MiB
2026/08/05 17:53:50.068, NVIDIA H200, 33, 0 %, 0 %, 63627 MiB, 143771 MiB
2026/08/05 17:53:53.068, NVIDIA H200, 41, 100 %, 39 %, 63627 MiB, 143771 MiB
2026/08/05 17:53:56.068, NVIDIA H200, 42, 100 %, 41 %, 63627 MiB, 143771 MiB
2026/08/05 17:53:59.069, NVIDIA H200, 44, 100 %, 43 %, 63627 MiB, 143771 MiB
2026/08/05 17:54:02.069, NVIDIA H200, 45, 100 %, 39 %, 63627 MiB, 143771 MiB
2026/08/05 17:54:05.072, NVIDIA H200, 40, 100 %, 44 %, 63627 MiB, 143771 MiB
2026/08/05 17:54:08.072, NVIDIA H200, 29, 0 %, 0 %, 63627 MiB, 143771 MiB
2026/08/05 17:54:11.073, NVIDIA H200, 32, 60 %, 33 %, 63627 MiB, 143771 MiB
2026/08/05 17:54:14.074, NVIDIA H200, 37, 80 %, 37 %, 63627 MiB, 143771 MiB
2026/08/05 17:54:17.074, NVIDIA H200, 27, 0 %, 0 %, 63627 MiB, 143771 MiB
2026/08/05 17:54:20.074, NVIDIA H200, 37, 89 %, 41 %, 63627 MiB, 143771 MiB
2026/08/05 17:54:23.075, NVIDIA H200, 26, 0 %, 0 %, 63627 MiB, 143771 MiB
2026/08/05 17:54:26.075, NVIDIA H200, 44, 95 %, 41 %, 63627 MiB, 143771 MiB
2026/08/05 17:54:29.075, NVIDIA H200, 31, 0 %, 0 %, 63627 MiB, 143771 MiB
2026/08/05 17:54:32.076, NVIDIA H200, 48, 100 %, 50 %, 63627 MiB, 143771 MiB
2026/08/05 17:54:35.076, NVIDIA H200, 32, 0 %, 0 %, 63627 MiB, 143771 MiB
2026/08/05 17:54:38.077, NVIDIA H200, 45, 98 %, 43 %, 63627 MiB, 143771 MiB
2026/08/05 17:54:41.077, NVIDIA H200, 35, 0 %, 0 %, 63627 MiB, 143771 MiB
2026/08/05 17:54:44.077, NVIDIA H200, 47, 100 %, 43 %, 63627 MiB, 143771 MiB
2026/08/05 17:54:47.078, NVIDIA H200, 47, 94 %, 38 %, 63627 MiB, 143771 MiB
2026/08/05 17:54:50.078, NVIDIA H200, 30, 0 %, 0 %, 63627 MiB, 143771 MiB
2026/08/05 17:54:53.078, NVIDIA H200, 44, 96 %, 41 %, 63627 MiB, 143771 MiB
2026/08/05 17:54:56.079, NVIDIA H200, 42, 87 %, 46 %, 63627 MiB, 143771 MiB
2026/08/05 17:54:59.079, NVIDIA H200, 30, 0 %, 0 %, 63627 MiB, 143771 MiB
2026/08/05 17:55:02.079, NVIDIA H200, 40, 100 %, 30 %, 63627 MiB, 143771 MiB
2026/08/05 17:55:05.082, NVIDIA H200, 48, 99 %, 40 %, 63627 MiB, 143771 MiB
2026/08/05 17:55:08.082, NVIDIA H200, 31, 83 %, 36 %, 63627 MiB, 143771 MiB
2026/08/05 17:55:11.083, NVIDIA H200, 46, 100 %, 39 %, 63627 MiB, 143771 MiB
2026/08/05 17:55:14.083, NVIDIA H200, 31, 0 %, 0 %, 63627 MiB, 143771 MiB
2026/08/05 17:55:17.083, NVIDIA H200, 48, 99 %, 51 %, 63627 MiB, 143771 MiB
2026/08/05 17:55:20.083, NVIDIA H200, 32, 0 %, 0 %, 63627 MiB, 143771 MiB
2026/08/05 17:55:23.084, NVIDIA H200, 44, 83 %, 42 %, 63627 MiB, 143771 MiB
2026/08/05 17:55:26.084, NVIDIA H200, 35, 0 %, 0 %, 63627 MiB, 143771 MiB
2026/08/05 17:55:29.084, NVIDIA H200, 47, 100 %, 48 %, 63627 MiB, 143771 MiB
2026/08/05 17:55:32.085, NVIDIA H200, 32, 0 %, 0 %, 63627 MiB, 143771 MiB
2026/08/05 17:55:35.087, NVIDIA H200, 43, 100 %, 46 %, 63627 MiB, 143771 MiB
2026/08/05 17:55:38.088, NVIDIA H200, 33, 0 %, 0 %, 63627 MiB, 143771 MiB
2026/08/05 17:55:41.088, NVIDIA H200, 45, 100 %, 48 %, 63627 MiB, 143771 MiB
2026/08/05 17:55:44.088, NVIDIA H200, 34, 0 %, 0 %, 63627 MiB, 143771 MiB
2026/08/05 17:55:47.089, NVIDIA H200, 42, 100 %, 40 %, 63627 MiB, 143771 MiB
2026/08/05 17:55:50.089, NVIDIA H200, 48, 100 %, 44 %, 63627 MiB, 143771 MiB
2026/08/05 17:55:53.089, NVIDIA H200, 31, 0 %, 0 %, 63627 MiB, 143771 MiB
2026/08/05 17:55:56.090, NVIDIA H200, 38, 100 %, 33 %, 63627 MiB, 143771 MiB
2026/08/05 17:55:59.090, NVIDIA H200, 45, 99 %, 44 %, 63627 MiB, 143771 MiB
2026/08/05 17:56:02.090, NVIDIA H200, 31, 0 %, 0 %, 63627 MiB, 143771 MiB
2026/08/05 17:56:05.093, NVIDIA H200, 47, 100 %, 45 %, 63627 MiB, 143771 MiB
2026/08/05 17:56:08.093, NVIDIA H200, 43, 4 %, 1 %, 63627 MiB, 143771 MiB
2026/08/05 17:56:11.094, NVIDIA H200, 44, 98 %, 48 %, 63627 MiB, 143771 MiB
2026/08/05 17:56:14.094, NVIDIA H200, 48, 100 %, 44 %, 63627 MiB, 143771 MiB
2026/08/05 17:56:17.095, NVIDIA H200, 35, 0 %, 0 %, 63627 MiB, 143771 MiB
2026/08/05 17:56:20.095, NVIDIA H200, 30, 0 %, 0 %, 63627 MiB, 143771 MiB
2026/08/05 17:56:23.095, NVIDIA H200, 46, 100 %, 51 %, 63627 MiB, 143771 MiB
2026/08/05 17:56:26.096, NVIDIA H200, 31, 0 %, 0 %, 63627 MiB, 143771 MiB
2026/08/05 17:56:29.096, NVIDIA H200, 30, 0 %, 0 %, 63627 MiB, 143771 MiB
2026/08/05 17:56:32.096, NVIDIA H200, 33, 98 %, 42 %, 63627 MiB, 143771 MiB
2026/08/05 17:56:35.097, NVIDIA H200, 47, 100 %, 41 %, 63627 MiB, 143771 MiB
2026/08/05 17:56:38.097, NVIDIA H200, 31, 0 %, 0 %, 63627 MiB, 143771 MiB
2026/08/05 17:56:41.097, NVIDIA H200, 46, 100 %, 42 %, 63627 MiB, 143771 MiB
2026/08/05 17:56:44.098, NVIDIA H200, 46, 100 %, 52 %, 63627 MiB, 143771 MiB
2026/08/05 17:56:47.098, NVIDIA H200, 31, 0 %, 0 %, 63627 MiB, 143771 MiB
2026/08/05 17:56:50.098, NVIDIA H200, 48, 100 %, 51 %, 63627 MiB, 143771 MiB
2026/08/05 17:56:53.099, NVIDIA H200, 33, 0 %, 0 %, 63627 MiB, 143771 MiB
2026/08/05 17:56:56.099, NVIDIA H200, 47, 100 %, 44 %, 63627 MiB, 143771 MiB
2026/08/05 17:56:59.099, NVIDIA H200, 43, 5 %, 1 %, 63627 MiB, 143771 MiB
2026/08/05 17:57:02.100, NVIDIA H200, 35, 0 %, 0 %, 63627 MiB, 143771 MiB
2026/08/05 17:57:05.101, NVIDIA H200, 46, 76 %, 40 %, 63627 MiB, 143771 MiB
2026/08/05 17:57:08.102, NVIDIA H200, 43, 82 %, 42 %, 63627 MiB, 143771 MiB
2026/08/05 17:57:11.102, NVIDIA H200, 44, 100 %, 51 %, 63627 MiB, 143771 MiB
2026/08/05 17:57:14.102, NVIDIA H200, 45, 45 %, 12 %, 63627 MiB, 143771 MiB
2026/08/05 17:57:17.102, NVIDIA H200, 31, 0 %, 0 %, 63627 MiB, 143771 MiB
2026/08/05 17:57:20.103, NVIDIA H200, 47, 64 %, 26 %, 63627 MiB, 143771 MiB
2026/08/05 17:57:23.103, NVIDIA H200, 35, 0 %, 0 %, 63627 MiB, 143771 MiB
2026/08/05 17:57:26.103, NVIDIA H200, 46, 86 %, 33 %, 63627 MiB, 143771 MiB
2026/08/05 17:57:29.104, NVIDIA H200, 47, 93 %, 41 %, 63627 MiB, 143771 MiB
2026/08/05 17:57:32.104, NVIDIA H200, 45, 87 %, 33 %, 63627 MiB, 143771 MiB
2026/08/05 17:57:35.107, NVIDIA H200, 45, 100 %, 50 %, 63627 MiB, 143771 MiB
2026/08/05 17:57:38.108, NVIDIA H200, 31, 0 %, 0 %, 63627 MiB, 143771 MiB
2026/08/05 17:57:41.108, NVIDIA H200, 47, 100 %, 40 %, 63627 MiB, 143771 MiB
2026/08/05 17:57:44.108, NVIDIA H200, 34, 0 %, 0 %, 63627 MiB, 143771 MiB
2026/08/05 17:57:47.109, NVIDIA H200, 43, 93 %, 37 %, 63627 MiB, 143771 MiB
2026/08/05 17:57:50.109, NVIDIA H200, 48, 100 %, 41 %, 63627 MiB, 143771 MiB
2026/08/05 17:57:53.109, NVIDIA H200, 31, 0 %, 0 %, 63627 MiB, 143771 MiB
2026/08/05 17:57:56.109, NVIDIA H200, 45, 99 %, 53 %, 63627 MiB, 143771 MiB
2026/08/05 17:57:59.110, NVIDIA H200, 48, 100 %, 40 %, 63627 MiB, 143771 MiB
2026/08/05 17:58:02.111, NVIDIA H200, 43, 100 %, 46 %, 63627 MiB, 143771 MiB
2026/08/05 17:58:05.111, NVIDIA H200, 46, 100 %, 42 %, 63627 MiB, 143771 MiB
2026/08/05 17:58:08.112, NVIDIA H200, 46, 100 %, 47 %, 63627 MiB, 143771 MiB
2026/08/05 17:58:11.112, NVIDIA H200, 49, 100 %, 40 %, 63627 MiB, 143771 MiB
2026/08/05 17:58:14.113, NVIDIA H200, 31, 0 %, 0 %, 63627 MiB, 143771 MiB
2026/08/05 17:58:17.113, NVIDIA H200, 47, 100 %, 33 %, 63627 MiB, 143771 MiB
2026/08/05 17:58:20.116, NVIDIA H200, 32, 0 %, 0 %, 63627 MiB, 143771 MiB
2026/08/05 17:58:23.116, NVIDIA H200, 39, 18 %, 11 %, 63627 MiB, 143771 MiB
2026/08/05 17:58:26.116, NVIDIA H200, 32, 0 %, 0 %, 63627 MiB, 143771 MiB
2026/08/05 17:58:29.117, NVIDIA H200, 44, 99 %, 40 %, 63627 MiB, 143771 MiB
2026/08/05 17:58:32.117, NVIDIA H200, 31, 0 %, 0 %, 63627 MiB, 143771 MiB
2026/08/05 17:58:35.118, NVIDIA H200, 30, 0 %, 0 %, 63627 MiB, 143771 MiB
2026/08/05 17:58:38.118, NVIDIA H200, 30, 0 %, 0 %, 63627 MiB, 143771 MiB
2026/08/05 17:58:41.119, NVIDIA H200, 46, 100 %, 36 %, 63627 MiB, 143771 MiB
2026/08/05 17:58:44.119, NVIDIA H200, 47, 100 %, 36 %, 63627 MiB, 143771 MiB
2026/08/05 17:58:47.119, NVIDIA H200, 46, 100 %, 40 %, 63627 MiB, 143771 MiB
2026/08/05 17:58:50.119, NVIDIA H200, 49, 95 %, 42 %, 63627 MiB, 143771 MiB
2026/08/05 17:58:53.120, NVIDIA H200, 31, 0 %, 0 %, 63627 MiB, 143771 MiB
2026/08/05 17:58:56.120, NVIDIA H200, 45, 100 %, 29 %, 63627 MiB, 143771 MiB
2026/08/05 17:58:59.121, NVIDIA H200, 47, 100 %, 46 %, 63627 MiB, 143771 MiB
2026/08/05 17:59:02.121, NVIDIA H200, 31, 0 %, 0 %, 63627 MiB, 143771 MiB
2026/08/05 17:59:05.122, NVIDIA H200, 46, 99 %, 39 %, 63627 MiB, 143771 MiB
2026/08/05 17:59:08.122, NVIDIA H200, 33, 0 %, 0 %, 63627 MiB, 143771 MiB
2026/08/05 17:59:11.122, NVIDIA H200, 49, 100 %, 46 %, 63627 MiB, 143771 MiB
2026/08/05 17:59:14.123, NVIDIA H200, 45, 100 %, 43 %, 63627 MiB, 143771 MiB
2026/08/05 17:59:17.123, NVIDIA H200, 41, 100 %, 42 %, 63627 MiB, 143771 MiB
2026/08/05 17:59:20.123, NVIDIA H200, 47, 100 %, 45 %, 63627 MiB, 143771 MiB
2026/08/05 17:59:23.123, NVIDIA H200, 31, 0 %, 0 %, 63627 MiB, 143771 MiB
2026/08/05 17:59:26.124, NVIDIA H200, 46, 99 %, 53 %, 63627 MiB, 143771 MiB
2026/08/05 17:59:29.124, NVIDIA H200, 33, 0 %, 0 %, 63627 MiB, 143771 MiB
2026/08/05 17:59:32.124, NVIDIA H200, 46, 100 %, 38 %, 63627 MiB, 143771 MiB
2026/08/05 17:59:35.126, NVIDIA H200, 48, 100 %, 42 %, 63627 MiB, 143771 MiB
2026/08/05 17:59:38.126, NVIDIA H200, 45, 99 %, 39 %, 63627 MiB, 143771 MiB
2026/08/05 17:59:41.126, NVIDIA H200, 47, 100 %, 37 %, 63627 MiB, 143771 MiB
2026/08/05 17:59:44.126, NVIDIA H200, 31, 0 %, 0 %, 63627 MiB, 143771 MiB
2026/08/05 17:59:47.127, NVIDIA H200, 45, 82 %, 46 %, 63627 MiB, 143771 MiB
2026/08/05 17:59:50.127, NVIDIA H200, 37, 0 %, 0 %, 63627 MiB, 143771 MiB
2026/08/05 17:59:53.127, NVIDIA H200, 44, 78 %, 39 %, 63627 MiB, 143771 MiB
2026/08/05 17:59:56.128, NVIDIA H200, 47, 100 %, 30 %, 63627 MiB, 143771 MiB
2026/08/05 17:59:59.128, NVIDIA H200, 45, 100 %, 41 %, 63627 MiB, 143771 MiB
2026/08/05 18:00:02.128, NVIDIA H200, 46, 100 %, 44 %, 63627 MiB, 143771 MiB
2026/08/05 18:00:05.132, NVIDIA H200, 31, 0 %, 0 %, 63627 MiB, 143771 MiB
2026/08/05 18:00:08.132, NVIDIA H200, 48, 74 %, 30 %, 63627 MiB, 143771 MiB
2026/08/05 18:00:11.132, NVIDIA H200, 33, 0 %, 0 %, 63627 MiB, 143771 MiB
2026/08/05 18:00:14.133, NVIDIA H200, 47, 100 %, 42 %, 63627 MiB, 143771 MiB
2026/08/05 18:00:17.133, NVIDIA H200, 48, 100 %, 42 %, 63627 MiB, 143771 MiB
2026/08/05 18:00:20.133, NVIDIA H200, 46, 100 %, 42 %, 63627 MiB, 143771 MiB
2026/08/05 18:00:23.134, NVIDIA H200, 47, 100 %, 32 %, 63627 MiB, 143771 MiB
2026/08/05 18:00:26.134, NVIDIA H200, 45, 100 %, 42 %, 63627 MiB, 143771 MiB
2026/08/05 18:00:29.135, NVIDIA H200, 46, 100 %, 30 %, 63627 MiB, 143771 MiB
2026/08/05 18:00:32.135, NVIDIA H200, 31, 0 %, 0 %, 63627 MiB, 143771 MiB
2026/08/05 18:00:35.137, NVIDIA H200, 44, 58 %, 31 %, 63627 MiB, 143771 MiB
2026/08/05 18:00:38.138, NVIDIA H200, 35, 0 %, 0 %, 63627 MiB, 143771 MiB
2026/08/05 18:00:41.138, NVIDIA H200, 30, 0 %, 0 %, 63627 MiB, 143771 MiB
2026/08/05 18:00:44.139, NVIDIA H200, 38, 97 %, 43 %, 63627 MiB, 143771 MiB
2026/08/05 18:00:47.139, NVIDIA H200, 48, 100 %, 39 %, 63627 MiB, 143771 MiB
2026/08/05 18:00:50.139, NVIDIA H200, 32, 0 %, 0 %, 63627 MiB, 143771 MiB
2026/08/05 18:00:53.139, NVIDIA H200, 42, 86 %, 41 %, 63627 MiB, 143771 MiB
2026/08/05 18:00:56.140, NVIDIA H200, 46, 100 %, 43 %, 63627 MiB, 143771 MiB
2026/08/05 18:00:59.140, NVIDIA H200, 44, 84 %, 37 %, 63627 MiB, 143771 MiB
2026/08/05 18:01:02.142, NVIDIA H200, 49, 99 %, 37 %, 63627 MiB, 143771 MiB
2026/08/05 18:01:05.142, NVIDIA H200, 33, 0 %, 0 %, 63627 MiB, 143771 MiB
2026/08/05 18:01:08.143, NVIDIA H200, 39, 82 %, 44 %, 63627 MiB, 143771 MiB
2026/08/05 18:01:11.143, NVIDIA H200, 46, 90 %, 41 %, 63627 MiB, 143771 MiB
2026/08/05 18:01:14.143, NVIDIA H200, 31, 0 %, 0 %, 63627 MiB, 143771 MiB
2026/08/05 18:01:17.144, NVIDIA H200, 47, 100 %, 54 %, 63627 MiB, 143771 MiB
2026/08/05 18:01:20.144, NVIDIA H200, 45, 99 %, 55 %, 63627 MiB, 143771 MiB
2026/08/05 18:01:23.144, NVIDIA H200, 47, 100 %, 40 %, 63627 MiB, 143771 MiB
2026/08/05 18:01:26.145, NVIDIA H200, 48, 100 %, 37 %, 63627 MiB, 143771 MiB
2026/08/05 18:01:29.145, NVIDIA H200, 44, 99 %, 43 %, 63627 MiB, 143771 MiB
2026/08/05 18:01:32.145, NVIDIA H200, 48, 90 %, 41 %, 63627 MiB, 143771 MiB
2026/08/05 18:01:35.146, NVIDIA H200, 42, 100 %, 36 %, 63627 MiB, 143771 MiB
2026/08/05 18:01:38.146, NVIDIA H200, 31, 0 %, 0 %, 63627 MiB, 143771 MiB
2026/08/05 18:01:41.147, NVIDIA H200, 46, 100 %, 46 %, 63627 MiB, 143771 MiB
2026/08/05 18:01:44.147, NVIDIA H200, 32, 0 %, 0 %, 63627 MiB, 143771 MiB
2026/08/05 18:01:47.147, NVIDIA H200, 43, 100 %, 46 %, 63627 MiB, 143771 MiB
2026/08/05 18:01:50.148, NVIDIA H200, 34, 0 %, 0 %, 63627 MiB, 143771 MiB
2026/08/05 18:01:53.148, NVIDIA H200, 46, 99 %, 55 %, 63627 MiB, 143771 MiB
2026/08/05 18:01:56.148, NVIDIA H200, 32, 0 %, 0 %, 63627 MiB, 143771 MiB
2026/08/05 18:01:59.149, NVIDIA H200, 39, 75 %, 41 %, 63627 MiB, 143771 MiB
2026/08/05 18:02:02.149, NVIDIA H200, 35, 0 %, 0 %, 63627 MiB, 143771 MiB
2026/08/05 18:02:05.151, NVIDIA H200, 33, 0 %, 0 %, 63627 MiB, 143771 MiB
2026/08/05 18:02:08.152, NVIDIA H200, 46, 79 %, 34 %, 63627 MiB, 143771 MiB
2026/08/05 18:02:11.152, NVIDIA H200, 43, 100 %, 43 %, 63627 MiB, 143771 MiB
2026/08/05 18:02:14.152, NVIDIA H200, 46, 87 %, 37 %, 63627 MiB, 143771 MiB
2026/08/05 18:02:17.152, NVIDIA H200, 32, 0 %, 0 %, 63627 MiB, 143771 MiB
2026/08/05 18:02:20.153, NVIDIA H200, 46, 100 %, 43 %, 63627 MiB, 143771 MiB
2026/08/05 18:02:23.153, NVIDIA H200, 34, 0 %, 0 %, 63627 MiB, 143771 MiB
2026/08/05 18:02:26.154, NVIDIA H200, 41, 100 %, 45 %, 63627 MiB, 143771 MiB
2026/08/05 18:02:29.154, NVIDIA H200, 49, 99 %, 48 %, 63627 MiB, 143771 MiB
2026/08/05 18:02:32.154, NVIDIA H200, 40, 0 %, 0 %, 63627 MiB, 143771 MiB
2026/08/05 18:02:35.156, NVIDIA H200, 32, 0 %, 0 %, 63627 MiB, 143771 MiB
2026/08/05 18:02:38.157, NVIDIA H200, 42, 52 %, 27 %, 63627 MiB, 143771 MiB
2026/08/05 18:02:41.157, NVIDIA H200, 45, 99 %, 44 %, 63627 MiB, 143771 MiB
2026/08/05 18:02:44.158, NVIDIA H200, 31, 0 %, 0 %, 63627 MiB, 143771 MiB
2026/08/05 18:02:47.159, NVIDIA H200, 30, 0 %, 0 %, 63627 MiB, 143771 MiB
2026/08/05 18:02:50.159, NVIDIA H200, 30, 0 %, 0 %, 63627 MiB, 143771 MiB
2026/08/05 18:02:53.159, NVIDIA H200, 30, 0 %, 0 %, 63627 MiB, 143771 MiB
2026/08/05 18:02:56.160, NVIDIA H200, 29, 0 %, 0 %, 63627 MiB, 143771 MiB
2026/08/05 18:02:59.160, NVIDIA H200, 48, 100 %, 45 %, 63627 MiB, 143771 MiB
2026/08/05 18:03:02.160, NVIDIA H200, 31, 0 %, 0 %, 63627 MiB, 143771 MiB
2026/08/05 18:03:05.161, NVIDIA H200, 47, 100 %, 46 %, 63627 MiB, 143771 MiB
2026/08/05 18:03:08.161, NVIDIA H200, 33, 0 %, 0 %, 63627 MiB, 143771 MiB
2026/08/05 18:03:11.162, NVIDIA H200, 39, 85 %, 39 %, 63627 MiB, 143771 MiB
2026/08/05 18:03:14.162, NVIDIA H200, 46, 65 %, 34 %, 63627 MiB, 143771 MiB
2026/08/05 18:03:17.162, NVIDIA H200, 32, 0 %, 0 %, 63627 MiB, 143771 MiB
2026/08/05 18:03:20.163, NVIDIA H200, 42, 100 %, 43 %, 63627 MiB, 143771 MiB
2026/08/05 18:03:23.163, NVIDIA H200, 48, 100 %, 51 %, 63627 MiB, 143771 MiB
2026/08/05 18:03:26.163, NVIDIA H200, 31, 0 %, 0 %, 63627 MiB, 143771 MiB
2026/08/05 18:03:29.164, NVIDIA H200, 49, 100 %, 43 %, 63627 MiB, 143771 MiB
2026/08/05 18:03:32.164, NVIDIA H200, 32, 0 %, 0 %, 63627 MiB, 143771 MiB
2026/08/05 18:03:35.165, NVIDIA H200, 46, 100 %, 45 %, 63627 MiB, 143771 MiB
2026/08/05 18:03:38.166, NVIDIA H200, 36, 0 %, 0 %, 63627 MiB, 143771 MiB
2026/08/05 18:03:41.166, NVIDIA H200, 43, 16 %, 8 %, 63627 MiB, 143771 MiB
2026/08/05 18:03:44.166, NVIDIA H200, 47, 100 %, 39 %, 63627 MiB, 143771 MiB
2026/08/05 18:03:47.167, NVIDIA H200, 31, 0 %, 0 %, 63627 MiB, 143771 MiB
2026/08/05 18:03:50.167, NVIDIA H200, 46, 100 %, 44 %, 63627 MiB, 143771 MiB
2026/08/05 18:03:53.167, NVIDIA H200, 37, 0 %, 0 %, 63627 MiB, 143771 MiB
2026/08/05 18:03:56.168, NVIDIA H200, 30, 0 %, 0 %, 63627 MiB, 143771 MiB
2026/08/05 18:03:59.168, NVIDIA H200, 48, 100 %, 42 %, 63627 MiB, 143771 MiB
2026/08/05 18:04:02.168, NVIDIA H200, 32, 0 %, 0 %, 63627 MiB, 143771 MiB
2026/08/05 18:04:05.169, NVIDIA H200, 45, 99 %, 52 %, 63627 MiB, 143771 MiB
2026/08/05 18:04:08.169, NVIDIA H200, 42, 100 %, 39 %, 63627 MiB, 143771 MiB
2026/08/05 18:04:11.169, NVIDIA H200, 45, 100 %, 39 %, 63627 MiB, 143771 MiB
2026/08/05 18:04:14.170, NVIDIA H200, 43, 100 %, 43 %, 63627 MiB, 143771 MiB
2026/08/05 18:04:17.170, NVIDIA H200, 31, 0 %, 0 %, 63627 MiB, 143771 MiB
2026/08/05 18:04:20.170, NVIDIA H200, 47, 100 %, 50 %, 63627 MiB, 143771 MiB
2026/08/05 18:04:23.171, NVIDIA H200, 32, 0 %, 0 %, 63627 MiB, 143771 MiB
2026/08/05 18:04:26.171, NVIDIA H200, 44, 100 %, 40 %, 63627 MiB, 143771 MiB
2026/08/05 18:04:29.171, NVIDIA H200, 34, 0 %, 0 %, 63627 MiB, 143771 MiB
2026/08/05 18:04:32.171, NVIDIA H200, 45, 100 %, 46 %, 63627 MiB, 143771 MiB
2026/08/05 18:04:35.174, NVIDIA H200, 47, 99 %, 55 %, 63627 MiB, 143771 MiB
2026/08/05 18:04:38.175, NVIDIA H200, 35, 0 %, 0 %, 63627 MiB, 143771 MiB
2026/08/05 18:04:41.175, NVIDIA H200, 48, 98 %, 46 %, 63627 MiB, 143771 MiB
2026/08/05 18:04:44.176, NVIDIA H200, 32, 0 %, 0 %, 63627 MiB, 143771 MiB
2026/08/05 18:04:47.176, NVIDIA H200, 39, 100 %, 43 %, 63627 MiB, 143771 MiB
2026/08/05 18:04:50.177, NVIDIA H200, 31, 0 %, 0 %, 63627 MiB, 143771 MiB
2026/08/05 18:04:53.177, NVIDIA H200, 44, 34 %, 16 %, 63627 MiB, 143771 MiB
2026/08/05 18:04:56.178, NVIDIA H200, 32, 0 %, 0 %, 63627 MiB, 143771 MiB
2026/08/05 18:04:59.178, NVIDIA H200, 30, 0 %, 0 %, 63627 MiB, 143771 MiB
2026/08/05 18:05:02.178, NVIDIA H200, 30, 0 %, 0 %, 63627 MiB, 143771 MiB
2026/08/05 18:05:05.179, NVIDIA H200, 45, 100 %, 45 %, 63627 MiB, 143771 MiB
2026/08/05 18:05:08.179, NVIDIA H200, 42, 100 %, 42 %, 63627 MiB, 143771 MiB
2026/08/05 18:05:11.179, NVIDIA H200, 32, 0 %, 0 %, 63627 MiB, 143771 MiB
2026/08/05 18:05:14.180, NVIDIA H200, 43, 100 %, 41 %, 63627 MiB, 143771 MiB
2026/08/05 18:05:17.180, NVIDIA H200, 33, 0 %, 0 %, 63627 MiB, 143771 MiB
2026/08/05 18:05:20.180, NVIDIA H200, 30, 0 %, 0 %, 63627 MiB, 143771 MiB
2026/08/05 18:05:23.181, NVIDIA H200, 46, 100 %, 49 %, 63627 MiB, 143771 MiB
2026/08/05 18:05:26.181, NVIDIA H200, 33, 0 %, 0 %, 63627 MiB, 143771 MiB
2026/08/05 18:05:29.181, NVIDIA H200, 30, 0 %, 0 %, 63627 MiB, 143771 MiB
2026/08/05 18:05:32.182, NVIDIA H200, 48, 100 %, 39 %, 63627 MiB, 143771 MiB
2026/08/05 18:05:35.183, NVIDIA H200, 32, 0 %, 0 %, 63627 MiB, 143771 MiB
2026/08/05 18:05:38.183, NVIDIA H200, 45, 100 %, 52 %, 63627 MiB, 143771 MiB
2026/08/05 18:05:41.183, NVIDIA H200, 35, 0 %, 0 %, 63627 MiB, 143771 MiB
2026/08/05 18:05:44.183, NVIDIA H200, 49, 91 %, 40 %, 63627 MiB, 143771 MiB
2026/08/05 18:05:47.184, NVIDIA H200, 32, 0 %, 0 %, 63627 MiB, 143771 MiB
2026/08/05 18:05:50.184, NVIDIA H200, 48, 100 %, 36 %, 63627 MiB, 143771 MiB
2026/08/05 18:05:53.184, NVIDIA H200, 47, 100 %, 42 %, 63627 MiB, 143771 MiB
2026/08/05 18:05:56.185, NVIDIA H200, 38, 100 %, 46 %, 63627 MiB, 143771 MiB
2026/08/05 18:05:59.185, NVIDIA H200, 46, 100 %, 46 %, 63627 MiB, 143771 MiB
2026/08/05 18:06:02.185, NVIDIA H200, 31, 0 %, 0 %, 63627 MiB, 143771 MiB
2026/08/05 18:06:05.186, NVIDIA H200, 31, 0 %, 0 %, 63627 MiB, 143771 MiB
2026/08/05 18:06:08.186, NVIDIA H200, 39, 100 %, 50 %, 63627 MiB, 143771 MiB
2026/08/05 18:06:11.186, NVIDIA H200, 44, 97 %, 39 %, 63627 MiB, 143771 MiB
2026/08/05 18:06:14.187, NVIDIA H200, 42, 27 %, 13 %, 63627 MiB, 143771 MiB
2026/08/05 18:06:17.187, NVIDIA H200, 31, 0 %, 0 %, 63627 MiB, 143771 MiB
2026/08/05 18:06:20.187, NVIDIA H200, 45, 82 %, 42 %, 63627 MiB, 143771 MiB
2026/08/05 18:06:23.188, NVIDIA H200, 48, 100 %, 48 %, 63627 MiB, 143771 MiB
2026/08/05 18:06:26.188, NVIDIA H200, 43, 82 %, 40 %, 63627 MiB, 143771 MiB
2026/08/05 18:06:29.188, NVIDIA H200, 49, 100 %, 30 %, 63627 MiB, 143771 MiB
2026/08/05 18:06:32.189, NVIDIA H200, 31, 0 %, 0 %, 63627 MiB, 143771 MiB
2026/08/05 18:06:35.192, NVIDIA H200, 47, 100 %, 46 %, 63627 MiB, 143771 MiB
2026/08/05 18:06:38.192, NVIDIA H200, 32, 0 %, 0 %, 63627 MiB, 143771 MiB
2026/08/05 18:06:41.192, NVIDIA H200, 45, 100 %, 44 %, 63627 MiB, 143771 MiB
2026/08/05 18:06:44.193, NVIDIA H200, 34, 0 %, 0 %, 63627 MiB, 143771 MiB
2026/08/05 18:06:47.193, NVIDIA H200, 48, 98 %, 39 %, 63627 MiB, 143771 MiB
2026/08/05 18:06:50.194, NVIDIA H200, 36, 0 %, 0 %, 63627 MiB, 143771 MiB
2026/08/05 18:06:53.194, NVIDIA H200, 47, 100 %, 40 %, 63627 MiB, 143771 MiB
2026/08/05 18:06:56.194, NVIDIA H200, 31, 0 %, 0 %, 63627 MiB, 143771 MiB
2026/08/05 18:06:59.195, NVIDIA H200, 37, 34 %, 16 %, 63627 MiB, 143771 MiB
2026/08/05 18:07:02.195, NVIDIA H200, 34, 0 %, 0 %, 63627 MiB, 143771 MiB
2026/08/05 18:07:05.196, NVIDIA H200, 30, 0 %, 0 %, 63627 MiB, 143771 MiB
2026/08/05 18:07:08.196, NVIDIA H200, 30, 0 %, 0 %, 63627 MiB, 143771 MiB
2026/08/05 18:07:11.196, NVIDIA H200, 44, 83 %, 42 %, 63627 MiB, 143771 MiB
2026/08/05 18:07:14.197, NVIDIA H200, 32, 0 %, 0 %, 63627 MiB, 143771 MiB
2026/08/05 18:07:17.197, NVIDIA H200, 45, 89 %, 40 %, 63627 MiB, 143771 MiB
2026/08/05 18:07:20.197, NVIDIA H200, 34, 0 %, 0 %, 63627 MiB, 143771 MiB
2026/08/05 18:07:23.198, NVIDIA H200, 43, 100 %, 42 %, 63627 MiB, 143771 MiB
2026/08/05 18:07:26.198, NVIDIA H200, 46, 77 %, 40 %, 63627 MiB, 143771 MiB
2026/08/05 18:07:29.198, NVIDIA H200, 30, 0 %, 0 %, 63627 MiB, 143771 MiB
2026/08/05 18:07:32.199, NVIDIA H200, 45, 94 %, 40 %, 63627 MiB, 143771 MiB
2026/08/05 18:07:35.200, NVIDIA H200, 37, 0 %, 0 %, 63627 MiB, 143771 MiB
2026/08/05 18:07:38.200, NVIDIA H200, 30, 0 %, 0 %, 63627 MiB, 143771 MiB
2026/08/05 18:07:41.201, NVIDIA H200, 44, 100 %, 51 %, 63627 MiB, 143771 MiB
2026/08/05 18:07:44.201, NVIDIA H200, 32, 0 %, 0 %, 63627 MiB, 143771 MiB
2026/08/05 18:07:47.201, NVIDIA H200, 45, 96 %, 42 %, 63627 MiB, 143771 MiB
2026/08/05 18:07:50.201, NVIDIA H200, 48, 100 %, 35 %, 63627 MiB, 143771 MiB
2026/08/05 18:07:53.202, NVIDIA H200, 31, 0 %, 0 %, 63627 MiB, 143771 MiB
2026/08/05 18:07:56.202, NVIDIA H200, 48, 98 %, 39 %, 63627 MiB, 143771 MiB
2026/08/05 18:07:59.203, NVIDIA H200, 33, 0 %, 0 %, 63627 MiB, 143771 MiB
2026/08/05 18:08:02.203, NVIDIA H200, 42, 100 %, 43 %, 63627 MiB, 143771 MiB
2026/08/05 18:08:05.205, NVIDIA H200, 47, 100 %, 51 %, 63627 MiB, 143771 MiB
2026/08/05 18:08:08.205, NVIDIA H200, 40, 67 %, 27 %, 63627 MiB, 143771 MiB
2026/08/05 18:08:11.205, NVIDIA H200, 41, 16 %, 8 %, 63627 MiB, 143771 MiB
2026/08/05 18:08:14.206, NVIDIA H200, 32, 0 %, 0 %, 63627 MiB, 143771 MiB
2026/08/05 18:08:17.206, NVIDIA H200, 47, 99 %, 36 %, 63627 MiB, 143771 MiB
2026/08/05 18:08:20.206, NVIDIA H200, 33, 0 %, 0 %, 63627 MiB, 143771 MiB
2026/08/05 18:08:23.207, NVIDIA H200, 45, 100 %, 44 %, 63627 MiB, 143771 MiB
2026/08/05 18:08:26.207, NVIDIA H200, 45, 100 %, 46 %, 63627 MiB, 143771 MiB
2026/08/05 18:08:29.207, NVIDIA H200, 41, 100 %, 53 %, 63627 MiB, 143771 MiB
2026/08/05 18:08:32.208, NVIDIA H200, 45, 72 %, 34 %, 63627 MiB, 143771 MiB
2026/08/05 18:08:35.208, NVIDIA H200, 32, 0 %, 0 %, 63627 MiB, 143771 MiB
2026/08/05 18:08:38.209, NVIDIA H200, 46, 100 %, 36 %, 63627 MiB, 143771 MiB
2026/08/05 18:08:41.209, NVIDIA H200, 32, 0 %, 0 %, 63627 MiB, 143771 MiB
2026/08/05 18:08:44.209, NVIDIA H200, 45, 99 %, 39 %, 63627 MiB, 143771 MiB
2026/08/05 18:08:47.210, NVIDIA H200, 48, 100 %, 52 %, 63627 MiB, 143771 MiB
2026/08/05 18:08:50.210, NVIDIA H200, 45, 100 %, 49 %, 63627 MiB, 143771 MiB
2026/08/05 18:08:53.210, NVIDIA H200, 45, 100 %, 42 %, 63627 MiB, 143771 MiB
2026/08/05 18:08:56.211, NVIDIA H200, 31, 0 %, 0 %, 63627 MiB, 143771 MiB
2026/08/05 18:08:59.211, NVIDIA H200, 47, 99 %, 56 %, 63627 MiB, 143771 MiB
2026/08/05 18:09:02.212, NVIDIA H200, 32, 0 %, 0 %, 63627 MiB, 143771 MiB
2026/08/05 18:09:05.215, NVIDIA H200, 39, 99 %, 43 %, 63627 MiB, 143771 MiB
2026/08/05 18:09:08.216, NVIDIA H200, 33, 0 %, 0 %, 63627 MiB, 143771 MiB
2026/08/05 18:09:11.216, NVIDIA H200, 30, 0 %, 0 %, 63627 MiB, 143771 MiB
2026/08/05 18:09:14.216, NVIDIA H200, 30, 0 %, 0 %, 63627 MiB, 143771 MiB
2026/08/05 18:09:17.222, NVIDIA H200, 44, 100 %, 42 %, 63627 MiB, 143771 MiB
2026/08/05 18:09:20.223, NVIDIA H200, 38, 63 %, 31 %, 63627 MiB, 143771 MiB
2026/08/05 18:09:23.225, NVIDIA H200, 44, 100 %, 42 %, 63627 MiB, 143771 MiB
2026/08/05 18:09:26.226, NVIDIA H200, 48, 100 %, 43 %, 63627 MiB, 143771 MiB
2026/08/05 18:09:29.226, NVIDIA H200, 32, 0 %, 0 %, 63627 MiB, 143771 MiB
2026/08/05 18:09:32.226, NVIDIA H200, 48, 100 %, 44 %, 63627 MiB, 143771 MiB
2026/08/05 18:09:35.229, NVIDIA H200, 35, 0 %, 0 %, 63627 MiB, 143771 MiB
2026/08/05 18:09:38.229, NVIDIA H200, 37, 84 %, 39 %, 63627 MiB, 143771 MiB
2026/08/05 18:09:41.229, NVIDIA H200, 32, 0 %, 0 %, 63627 MiB, 143771 MiB
2026/08/05 18:09:44.230, NVIDIA H200, 47, 100 %, 43 %, 63627 MiB, 143771 MiB
2026/08/05 18:09:47.230, NVIDIA H200, 46, 100 %, 46 %, 63627 MiB, 143771 MiB
2026/08/05 18:09:50.230, NVIDIA H200, 31, 0 %, 0 %, 63627 MiB, 143771 MiB
2026/08/05 18:09:53.231, NVIDIA H200, 48, 100 %, 45 %, 63627 MiB, 143771 MiB
2026/08/05 18:09:56.231, NVIDIA H200, 39, 38 %, 12 %, 63627 MiB, 143771 MiB
2026/08/05 18:09:59.231, NVIDIA H200, 35, 0 %, 0 %, 63627 MiB, 143771 MiB
2026/08/05 18:10:02.231, NVIDIA H200, 32, 0 %, 0 %, 63627 MiB, 143771 MiB
2026/08/05 18:10:05.232, NVIDIA H200, 45, 35 %, 24 %, 63627 MiB, 143771 MiB
2026/08/05 18:10:08.233, NVIDIA H200, 47, 100 %, 40 %, 63627 MiB, 143771 MiB
2026/08/05 18:10:11.233, NVIDIA H200, 49, 100 %, 29 %, 63627 MiB, 143771 MiB
2026/08/05 18:10:14.233, NVIDIA H200, 47, 93 %, 39 %, 63627 MiB, 143771 MiB
2026/08/05 18:10:17.234, NVIDIA H200, 48, 100 %, 44 %, 63627 MiB, 143771 MiB
2026/08/05 18:10:20.234, NVIDIA H200, 31, 0 %, 0 %, 63627 MiB, 143771 MiB
2026/08/05 18:10:23.234, NVIDIA H200, 45, 96 %, 40 %, 63627 MiB, 143771 MiB
2026/08/05 18:10:26.235, NVIDIA H200, 32, 0 %, 0 %, 63627 MiB, 143771 MiB
2026/08/05 18:10:29.235, NVIDIA H200, 32, 0 %, 0 %, 63627 MiB, 143771 MiB
2026/08/05 18:10:32.235, NVIDIA H200, 45, 89 %, 38 %, 63627 MiB, 143771 MiB
2026/08/05 18:10:35.237, NVIDIA H200, 32, 0 %, 0 %, 63627 MiB, 143771 MiB
2026/08/05 18:10:38.237, NVIDIA H200, 31, 0 %, 0 %, 63627 MiB, 143771 MiB
2026/08/05 18:10:41.238, NVIDIA H200, 46, 100 %, 43 %, 63627 MiB, 143771 MiB
2026/08/05 18:10:44.238, NVIDIA H200, 31, 0 %, 0 %, 63627 MiB, 143771 MiB
2026/08/05 18:10:47.238, NVIDIA H200, 47, 61 %, 34 %, 63627 MiB, 143771 MiB
2026/08/05 18:10:50.238, NVIDIA H200, 32, 0 %, 0 %, 63627 MiB, 143771 MiB
2026/08/05 18:10:53.239, NVIDIA H200, 40, 36 %, 10 %, 63627 MiB, 143771 MiB
2026/08/05 18:10:56.239, NVIDIA H200, 47, 100 %, 39 %, 63627 MiB, 143771 MiB
2026/08/05 18:10:59.240, NVIDIA H200, 44, 100 %, 42 %, 63627 MiB, 143771 MiB
2026/08/05 18:11:02.240, NVIDIA H200, 47, 100 %, 49 %, 63627 MiB, 143771 MiB
2026/08/05 18:11:05.244, NVIDIA H200, 45, 99 %, 45 %, 63627 MiB, 143771 MiB
2026/08/05 18:11:08.244, NVIDIA H200, 31, 0 %, 0 %, 63627 MiB, 143771 MiB
2026/08/05 18:11:11.245, NVIDIA H200, 41, 100 %, 50 %, 63627 MiB, 143771 MiB
2026/08/05 18:11:14.245, NVIDIA H200, 31, 0 %, 0 %, 63627 MiB, 143771 MiB
2026/08/05 18:11:17.245, NVIDIA H200, 30, 0 %, 0 %, 63627 MiB, 143771 MiB
2026/08/05 18:11:20.246, NVIDIA H200, 41, 90 %, 48 %, 63627 MiB, 143771 MiB
2026/08/05 18:11:23.246, NVIDIA H200, 45, 92 %, 54 %, 63627 MiB, 143771 MiB
2026/08/05 18:11:26.246, NVIDIA H200, 46, 85 %, 43 %, 63627 MiB, 143771 MiB
2026/08/05 18:11:29.247, NVIDIA H200, 48, 100 %, 30 %, 63627 MiB, 143771 MiB
2026/08/05 18:11:32.247, NVIDIA H200, 34, 0 %, 0 %, 63627 MiB, 143771 MiB
2026/08/05 18:11:35.248, NVIDIA H200, 46, 100 %, 42 %, 63627 MiB, 143771 MiB
2026/08/05 18:11:38.249, NVIDIA H200, 35, 0 %, 0 %, 63627 MiB, 143771 MiB
2026/08/05 18:11:41.249, NVIDIA H200, 40, 100 %, 39 %, 63627 MiB, 143771 MiB
2026/08/05 18:11:44.249, NVIDIA H200, 47, 100 %, 46 %, 63627 MiB, 143771 MiB
2026/08/05 18:11:47.249, NVIDIA H200, 31, 0 %, 0 %, 63627 MiB, 143771 MiB
2026/08/05 18:11:50.250, NVIDIA H200, 38, 100 %, 47 %, 63627 MiB, 143771 MiB
2026/08/05 18:11:53.250, NVIDIA H200, 48, 100 %, 51 %, 63627 MiB, 143771 MiB
2026/08/05 18:11:56.250, NVIDIA H200, 35, 41 %, 17 %, 63627 MiB, 143771 MiB
2026/08/05 18:11:59.251, NVIDIA H200, 43, 100 %, 42 %, 63627 MiB, 143771 MiB
2026/08/05 18:12:02.251, NVIDIA H200, 32, 0 %, 0 %, 63627 MiB, 143771 MiB
2026/08/05 18:12:05.251, NVIDIA H200, 47, 63 %, 24 %, 63627 MiB, 143771 MiB
2026/08/05 18:12:08.252, NVIDIA H200, 37, 0 %, 0 %, 63627 MiB, 143771 MiB
2026/08/05 18:12:11.252, NVIDIA H200, 36, 0 %, 0 %, 63627 MiB, 143771 MiB
2026/08/05 18:12:14.252, NVIDIA H200, 47, 74 %, 22 %, 63627 MiB, 143771 MiB
2026/08/05 18:12:17.253, NVIDIA H200, 32, 0 %, 0 %, 63627 MiB, 143771 MiB
2026/08/05 18:12:20.253, NVIDIA H200, 40, 57 %, 24 %, 63627 MiB, 143771 MiB
2026/08/05 18:12:23.253, NVIDIA H200, 47, 100 %, 43 %, 63627 MiB, 143771 MiB
2026/08/05 18:12:26.254, NVIDIA H200, 48, 100 %, 53 %, 63627 MiB, 143771 MiB
2026/08/05 18:12:29.254, NVIDIA H200, 44, 89 %, 35 %, 63627 MiB, 143771 MiB
2026/08/05 18:12:32.254, NVIDIA H200, 46, 100 %, 50 %, 63627 MiB, 143771 MiB
2026/08/05 18:12:35.255, NVIDIA H200, 31, 0 %, 0 %, 63627 MiB, 143771 MiB
2026/08/05 18:12:38.255, NVIDIA H200, 47, 100 %, 42 %, 63627 MiB, 143771 MiB
2026/08/05 18:12:41.256, NVIDIA H200, 32, 0 %, 0 %, 63627 MiB, 143771 MiB
2026/08/05 18:12:44.256, NVIDIA H200, 46, 78 %, 37 %, 63627 MiB, 143771 MiB
2026/08/05 18:12:47.256, NVIDIA H200, 35, 0 %, 0 %, 63627 MiB, 143771 MiB
2026/08/05 18:12:50.257, NVIDIA H200, 46, 100 %, 46 %, 63627 MiB, 143771 MiB
2026/08/05 18:12:53.257, NVIDIA H200, 43, 98 %, 51 %, 63627 MiB, 143771 MiB
2026/08/05 18:12:56.257, NVIDIA H200, 43, 100 %, 45 %, 63627 MiB, 143771 MiB
2026/08/05 18:12:59.258, NVIDIA H200, 31, 0 %, 0 %, 63627 MiB, 143771 MiB
2026/08/05 18:13:02.258, NVIDIA H200, 46, 98 %, 47 %, 63627 MiB, 143771 MiB
2026/08/05 18:13:05.262, NVIDIA H200, 32, 0 %, 0 %, 63627 MiB, 143771 MiB
2026/08/05 18:13:08.262, NVIDIA H200, 48, 99 %, 43 %, 63627 MiB, 143771 MiB
2026/08/05 18:13:11.263, NVIDIA H200, 32, 0 %, 0 %, 63627 MiB, 143771 MiB
2026/08/05 18:13:14.263, NVIDIA H200, 39, 100 %, 50 %, 63627 MiB, 143771 MiB
2026/08/05 18:13:17.263, NVIDIA H200, 38, 81 %, 35 %, 63627 MiB, 143771 MiB
2026/08/05 18:13:20.264, NVIDIA H200, 30, 0 %, 0 %, 63627 MiB, 143771 MiB
2026/08/05 18:13:23.264, NVIDIA H200, 30, 0 %, 0 %, 63627 MiB, 143771 MiB
2026/08/05 18:13:26.265, NVIDIA H200, 30, 0 %, 0 %, 63627 MiB, 143771 MiB
2026/08/05 18:13:29.265, NVIDIA H200, 30, 0 %, 0 %, 63627 MiB, 143771 MiB
2026/08/05 18:13:32.265, NVIDIA H200, 45, 100 %, 46 %, 63627 MiB, 143771 MiB
2026/08/05 18:13:35.266, NVIDIA H200, 48, 97 %, 40 %, 63627 MiB, 143771 MiB
2026/08/05 18:13:38.266, NVIDIA H200, 31, 0 %, 0 %, 63627 MiB, 143771 MiB
2026/08/05 18:13:41.266, NVIDIA H200, 46, 100 %, 37 %, 63627 MiB, 143771 MiB
2026/08/05 18:13:44.267, NVIDIA H200, 32, 0 %, 0 %, 63627 MiB, 143771 MiB
2026/08/05 18:13:47.267, NVIDIA H200, 46, 89 %, 41 %, 63627 MiB, 143771 MiB
2026/08/05 18:13:50.267, NVIDIA H200, 48, 100 %, 42 %, 63627 MiB, 143771 MiB
2026/08/05 18:13:53.267, NVIDIA H200, 46, 100 %, 45 %, 63627 MiB, 143771 MiB
2026/08/05 18:13:56.268, NVIDIA H200, 47, 78 %, 36 %, 63627 MiB, 143771 MiB
2026/08/05 18:13:59.268, NVIDIA H200, 41, 83 %, 42 %, 63627 MiB, 143771 MiB
2026/08/05 18:14:02.268, NVIDIA H200, 43, 100 %, 49 %, 63627 MiB, 143771 MiB
2026/08/05 18:14:05.269, NVIDIA H200, 35, 0 %, 0 %, 63627 MiB, 143771 MiB
2026/08/05 18:14:08.269, NVIDIA H200, 43, 100 %, 31 %, 63627 MiB, 143771 MiB
2026/08/05 18:14:11.269, NVIDIA H200, 44, 100 %, 48 %, 63627 MiB, 143771 MiB
2026/08/05 18:14:14.270, NVIDIA H200, 30, 0 %, 0 %, 63627 MiB, 143771 MiB
2026/08/05 18:14:17.270, NVIDIA H200, 30, 0 %, 0 %, 63627 MiB, 143771 MiB
2026/08/05 18:14:20.270, NVIDIA H200, 44, 100 %, 41 %, 63627 MiB, 143771 MiB
2026/08/05 18:14:23.271, NVIDIA H200, 29, 0 %, 0 %, 63627 MiB, 143771 MiB
2026/08/05 18:14:26.271, NVIDIA H200, 40, 100 %, 52 %, 63627 MiB, 143771 MiB
2026/08/05 18:14:29.271, NVIDIA H200, 34, 0 %, 0 %, 63627 MiB, 143771 MiB
2026/08/05 18:14:32.272, NVIDIA H200, 36, 88 %, 48 %, 63627 MiB, 143771 MiB
2026/08/05 18:14:35.273, NVIDIA H200, 45, 100 %, 43 %, 63627 MiB, 143771 MiB
2026/08/05 18:14:38.273, NVIDIA H200, 30, 0 %, 0 %, 63627 MiB, 143771 MiB
2026/08/05 18:14:41.274, NVIDIA H200, 28, 0 %, 0 %, 63627 MiB, 143771 MiB
2026/08/05 18:14:44.274, NVIDIA H200, 48, 100 %, 50 %, 63627 MiB, 143771 MiB
2026/08/05 18:14:47.274, NVIDIA H200, 31, 0 %, 0 %, 63627 MiB, 143771 MiB
2026/08/05 18:14:50.274, NVIDIA H200, 46, 100 %, 40 %, 63627 MiB, 143771 MiB
2026/08/05 18:14:53.275, NVIDIA H200, 46, 100 %, 43 %, 63627 MiB, 143771 MiB
2026/08/05 18:14:56.275, NVIDIA H200, 44, 100 %, 43 %, 63627 MiB, 143771 MiB
2026/08/05 18:14:59.275, NVIDIA H200, 49, 100 %, 50 %, 63627 MiB, 143771 MiB
2026/08/05 18:15:02.276, NVIDIA H200, 45, 100 %, 46 %, 63627 MiB, 143771 MiB
2026/08/05 18:15:05.276, NVIDIA H200, 33, 0 %, 0 %, 63627 MiB, 143771 MiB
2026/08/05 18:15:08.277, NVIDIA H200, 32, 0 %, 0 %, 63627 MiB, 143771 MiB
2026/08/05 18:15:11.277, NVIDIA H200, 47, 100 %, 40 %, 63627 MiB, 143771 MiB
2026/08/05 18:15:14.277, NVIDIA H200, 48, 99 %, 40 %, 63627 MiB, 143771 MiB
2026/08/05 18:15:17.278, NVIDIA H200, 36, 0 %, 0 %, 63627 MiB, 143771 MiB
2026/08/05 18:15:20.279, NVIDIA H200, 48, 100 %, 43 %, 63627 MiB, 143771 MiB
2026/08/05 18:15:23.279, NVIDIA H200, 31, 0 %, 0 %, 63627 MiB, 143771 MiB
2026/08/05 18:15:26.279, NVIDIA H200, 45, 100 %, 51 %, 63627 MiB, 143771 MiB
2026/08/05 18:15:29.280, NVIDIA H200, 32, 0 %, 0 %, 63627 MiB, 143771 MiB
2026/08/05 18:15:32.280, NVIDIA H200, 30, 0 %, 0 %, 63627 MiB, 143771 MiB
2026/08/05 18:15:35.281, NVIDIA H200, 30, 0 %, 0 %, 63627 MiB, 143771 MiB
2026/08/05 18:15:38.281, NVIDIA H200, 45, 87 %, 36 %, 63627 MiB, 143771 MiB
2026/08/05 18:15:41.282, NVIDIA H200, 46, 74 %, 37 %, 63627 MiB, 143771 MiB
2026/08/05 18:15:44.282, NVIDIA H200, 30, 0 %, 0 %, 63627 MiB, 143771 MiB
2026/08/05 18:15:47.290, NVIDIA H200, 48, 100 %, 42 %, 63627 MiB, 143771 MiB
2026/08/05 18:15:50.290, NVIDIA H200, 32, 0 %, 0 %, 63627 MiB, 143771 MiB
2026/08/05 18:15:53.291, NVIDIA H200, 46, 99 %, 45 %, 63627 MiB, 143771 MiB
2026/08/05 18:15:56.291, NVIDIA H200, 46, 99 %, 53 %, 63627 MiB, 143771 MiB
2026/08/05 18:15:59.291, NVIDIA H200, 31, 0 %, 0 %, 63627 MiB, 143771 MiB
2026/08/05 18:16:02.294, NVIDIA H200, 46, 100 %, 31 %, 63627 MiB, 143771 MiB
2026/08/05 18:16:05.294, NVIDIA H200, 32, 0 %, 0 %, 63627 MiB, 143771 MiB
2026/08/05 18:16:08.295, NVIDIA H200, 33, 0 %, 0 %, 63627 MiB, 143771 MiB
2026/08/05 18:16:11.295, NVIDIA H200, 45, 81 %, 45 %, 63627 MiB, 143771 MiB
2026/08/05 18:16:14.295, NVIDIA H200, 34, 0 %, 0 %, 63627 MiB, 143771 MiB
2026/08/05 18:16:17.296, NVIDIA H200, 49, 99 %, 38 %, 63627 MiB, 143771 MiB
2026/08/05 18:16:20.296, NVIDIA H200, 46, 100 %, 39 %, 63627 MiB, 143771 MiB
2026/08/05 18:16:23.296, NVIDIA H200, 46, 99 %, 48 %, 63627 MiB, 143771 MiB
2026/08/05 18:16:26.296, NVIDIA H200, 32, 0 %, 0 %, 63627 MiB, 143771 MiB
2026/08/05 18:16:29.297, NVIDIA H200, 32, 0 %, 0 %, 63627 MiB, 143771 MiB
2026/08/05 18:16:32.297, NVIDIA H200, 47, 100 %, 43 %, 63627 MiB, 143771 MiB
2026/08/05 18:16:35.299, NVIDIA H200, 48, 79 %, 31 %, 63627 MiB, 143771 MiB
2026/08/05 18:16:38.299, NVIDIA H200, 33, 0 %, 0 %, 63627 MiB, 143771 MiB
2026/08/05 18:16:41.300, NVIDIA H200, 47, 99 %, 48 %, 63627 MiB, 143771 MiB
2026/08/05 18:16:44.300, NVIDIA H200, 31, 0 %, 0 %, 63627 MiB, 143771 MiB
2026/08/05 18:16:47.303, NVIDIA H200, 44, 86 %, 34 %, 63627 MiB, 143771 MiB
2026/08/05 18:16:50.303, NVIDIA H200, 41, 15 %, 7 %, 63627 MiB, 143771 MiB
2026/08/05 18:16:53.303, NVIDIA H200, 37, 91 %, 48 %, 63627 MiB, 143771 MiB
2026/08/05 18:16:56.305, NVIDIA H200, 46, 99 %, 42 %, 63627 MiB, 143771 MiB
2026/08/05 18:16:59.305, NVIDIA H200, 31, 0 %, 0 %, 63627 MiB, 143771 MiB
2026/08/05 18:17:02.305, NVIDIA H200, 43, 100 %, 47 %, 63627 MiB, 143771 MiB
2026/08/05 18:17:05.306, NVIDIA H200, 33, 0 %, 0 %, 63627 MiB, 143771 MiB
2026/08/05 18:17:08.307, NVIDIA H200, 35, 6 %, 0 %, 63627 MiB, 143771 MiB
2026/08/05 18:17:11.307, NVIDIA H200, 46, 99 %, 47 %, 63627 MiB, 143771 MiB
2026/08/05 18:17:14.308, NVIDIA H200, 31, 0 %, 0 %, 63627 MiB, 143771 MiB
2026/08/05 18:17:17.308, NVIDIA H200, 48, 97 %, 38 %, 63627 MiB, 143771 MiB
2026/08/05 18:17:20.308, NVIDIA H200, 32, 0 %, 0 %, 63627 MiB, 143771 MiB
2026/08/05 18:17:23.309, NVIDIA H200, 47, 100 %, 43 %, 63627 MiB, 143771 MiB
2026/08/05 18:17:26.309, NVIDIA H200, 33, 0 %, 0 %, 63627 MiB, 143771 MiB
2026/08/05 18:17:29.310, NVIDIA H200, 37, 0 %, 0 %, 63627 MiB, 143771 MiB
2026/08/05 18:17:32.310, NVIDIA H200, 39, 84 %, 37 %, 63627 MiB, 143771 MiB
2026/08/05 18:17:35.312, NVIDIA H200, 43, 100 %, 50 %, 63627 MiB, 143771 MiB
2026/08/05 18:17:38.312, NVIDIA H200, 31, 0 %, 0 %, 63627 MiB, 143771 MiB
2026/08/05 18:17:41.313, NVIDIA H200, 30, 0 %, 0 %, 63627 MiB, 143771 MiB
2026/08/05 18:17:44.313, NVIDIA H200, 45, 63 %, 25 %, 63627 MiB, 143771 MiB
2026/08/05 18:17:47.313, NVIDIA H200, 46, 100 %, 44 %, 63627 MiB, 143771 MiB
2026/08/05 18:17:50.313, NVIDIA H200, 31, 0 %, 0 %, 63627 MiB, 143771 MiB
2026/08/05 18:17:53.314, NVIDIA H200, 48, 100 %, 42 %, 63627 MiB, 143771 MiB
2026/08/05 18:17:56.314, NVIDIA H200, 34, 0 %, 0 %, 63627 MiB, 143771 MiB
2026/08/05 18:17:59.314, NVIDIA H200, 49, 100 %, 43 %, 63627 MiB, 143771 MiB
2026/08/05 18:18:02.315, NVIDIA H200, 40, 0 %, 0 %, 63627 MiB, 143771 MiB
2026/08/05 18:18:05.316, NVIDIA H200, 46, 100 %, 51 %, 63627 MiB, 143771 MiB
2026/08/05 18:18:08.316, NVIDIA H200, 47, 100 %, 40 %, 63627 MiB, 143771 MiB
2026/08/05 18:18:11.317, NVIDIA H200, 40, 100 %, 32 %, 63627 MiB, 143771 MiB
2026/08/05 18:18:14.317, NVIDIA H200, 45, 100 %, 38 %, 63627 MiB, 143771 MiB
2026/08/05 18:18:17.317, NVIDIA H200, 33, 0 %, 0 %, 63627 MiB, 143771 MiB
2026/08/05 18:18:20.317, NVIDIA H200, 30, 0 %, 0 %, 63627 MiB, 143771 MiB
2026/08/05 18:18:23.318, NVIDIA H200, 47, 99 %, 54 %, 63627 MiB, 143771 MiB
2026/08/05 18:18:26.318, NVIDIA H200, 32, 0 %, 0 %, 63627 MiB, 143771 MiB
2026/08/05 18:18:29.318, NVIDIA H200, 44, 100 %, 53 %, 63627 MiB, 143771 MiB
2026/08/05 18:18:32.319, NVIDIA H200, 47, 100 %, 39 %, 63627 MiB, 143771 MiB
2026/08/05 18:18:35.319, NVIDIA H200, 31, 0 %, 0 %, 63627 MiB, 143771 MiB
2026/08/05 18:18:38.320, NVIDIA H200, 47, 88 %, 35 %, 63627 MiB, 143771 MiB
2026/08/05 18:18:41.320, NVIDIA H200, 32, 0 %, 0 %, 63627 MiB, 143771 MiB
2026/08/05 18:18:44.320, NVIDIA H200, 45, 83 %, 37 %, 63627 MiB, 143771 MiB
2026/08/05 18:18:47.320, NVIDIA H200, 32, 0 %, 0 %, 63627 MiB, 143771 MiB
2026/08/05 18:18:50.321, NVIDIA H200, 30, 0 %, 0 %, 63627 MiB, 143771 MiB
2026/08/05 18:18:53.321, NVIDIA H200, 47, 99 %, 38 %, 63627 MiB, 143771 MiB
2026/08/05 18:18:56.322, NVIDIA H200, 33, 0 %, 0 %, 63627 MiB, 143771 MiB
2026/08/05 18:18:59.322, NVIDIA H200, 45, 80 %, 39 %, 63627 MiB, 143771 MiB
2026/08/05 18:19:02.322, NVIDIA H200, 35, 0 %, 0 %, 63627 MiB, 143771 MiB
2026/08/05 18:19:05.323, NVIDIA H200, 47, 100 %, 43 %, 63627 MiB, 143771 MiB
2026/08/05 18:19:08.324, NVIDIA H200, 43, 7 %, 1 %, 63627 MiB, 143771 MiB
2026/08/05 18:19:11.324, NVIDIA H200, 48, 100 %, 44 %, 63627 MiB, 143771 MiB
2026/08/05 18:19:14.324, NVIDIA H200, 50, 100 %, 51 %, 63627 MiB, 143771 MiB
2026/08/05 18:19:17.325, NVIDIA H200, 40, 100 %, 36 %, 63627 MiB, 143771 MiB
2026/08/05 18:19:20.325, NVIDIA H200, 50, 100 %, 41 %, 63627 MiB, 143771 MiB
2026/08/05 18:19:23.325, NVIDIA H200, 32, 0 %, 0 %, 63627 MiB, 143771 MiB
2026/08/05 18:19:26.326, NVIDIA H200, 47, 100 %, 35 %, 63627 MiB, 143771 MiB
2026/08/05 18:19:29.326, NVIDIA H200, 35, 0 %, 0 %, 63627 MiB, 143771 MiB
2026/08/05 18:19:32.327, NVIDIA H200, 47, 100 %, 40 %, 63627 MiB, 143771 MiB
2026/08/05 18:19:35.328, NVIDIA H200, 34, 0 %, 0 %, 63627 MiB, 143771 MiB
2026/08/05 18:19:38.328, NVIDIA H200, 43, 59 %, 31 %, 63627 MiB, 143771 MiB
2026/08/05 18:19:41.329, NVIDIA H200, 40, 2 %, 0 %, 63627 MiB, 143771 MiB
2026/08/05 18:19:44.329, NVIDIA H200, 30, 0 %, 0 %, 63627 MiB, 143771 MiB
2026/08/05 18:19:47.330, NVIDIA H200, 30, 0 %, 0 %, 63627 MiB, 143771 MiB
2026/08/05 18:19:50.330, NVIDIA H200, 47, 86 %, 43 %, 63627 MiB, 143771 MiB
2026/08/05 18:19:53.330, NVIDIA H200, 36, 0 %, 0 %, 63627 MiB, 143771 MiB
2026/08/05 18:19:56.331, NVIDIA H200, 46, 100 %, 40 %, 63627 MiB, 143771 MiB
2026/08/05 18:19:59.331, NVIDIA H200, 49, 100 %, 43 %, 63627 MiB, 143771 MiB
2026/08/05 18:20:02.331, NVIDIA H200, 31, 0 %, 0 %, 63627 MiB, 143771 MiB
2026/08/05 18:20:05.332, NVIDIA H200, 42, 86 %, 40 %, 63627 MiB, 143771 MiB
2026/08/05 18:20:08.332, NVIDIA H200, 42, 95 %, 43 %, 63627 MiB, 143771 MiB
2026/08/05 18:20:11.333, NVIDIA H200, 42, 100 %, 48 %, 63627 MiB, 143771 MiB
2026/08/05 18:20:14.333, NVIDIA H200, 47, 90 %, 41 %, 63627 MiB, 143771 MiB
2026/08/05 18:20:17.333, NVIDIA H200, 41, 80 %, 37 %, 63627 MiB, 143771 MiB
2026/08/05 18:20:20.334, NVIDIA H200, 31, 0 %, 0 %, 63627 MiB, 143771 MiB
2026/08/05 18:20:23.334, NVIDIA H200, 50, 100 %, 43 %, 63627 MiB, 143771 MiB
2026/08/05 18:20:26.334, NVIDIA H200, 32, 0 %, 0 %, 63627 MiB, 143771 MiB
2026/08/05 18:20:29.335, NVIDIA H200, 47, 100 %, 55 %, 63627 MiB, 143771 MiB
2026/08/05 18:20:32.335, NVIDIA H200, 37, 0 %, 0 %, 63627 MiB, 143771 MiB
2026/08/05 18:20:35.338, NVIDIA H200, 49, 100 %, 46 %, 63627 MiB, 143771 MiB
2026/08/05 18:20:38.338, NVIDIA H200, 36, 0 %, 0 %, 63627 MiB, 143771 MiB
2026/08/05 18:20:41.339, NVIDIA H200, 30, 0 %, 0 %, 63627 MiB, 143771 MiB
2026/08/05 18:20:44.339, NVIDIA H200, 46, 97 %, 41 %, 63627 MiB, 143771 MiB
2026/08/05 18:20:47.339, NVIDIA H200, 33, 0 %, 0 %, 63627 MiB, 143771 MiB
2026/08/05 18:20:50.340, NVIDIA H200, 47, 100 %, 40 %, 63627 MiB, 143771 MiB
2026/08/05 18:20:53.340, NVIDIA H200, 46, 100 %, 45 %, 63627 MiB, 143771 MiB
2026/08/05 18:20:56.340, NVIDIA H200, 44, 84 %, 43 %, 63627 MiB, 143771 MiB
2026/08/05 18:20:59.341, NVIDIA H200, 47, 100 %, 40 %, 63627 MiB, 143771 MiB
2026/08/05 18:21:02.341, NVIDIA H200, 43, 100 %, 45 %, 63627 MiB, 143771 MiB
2026/08/05 18:21:05.344, NVIDIA H200, 47, 100 %, 45 %, 63627 MiB, 143771 MiB
2026/08/05 18:21:08.345, NVIDIA H200, 43, 100 %, 38 %, 63627 MiB, 143771 MiB
2026/08/05 18:21:11.345, NVIDIA H200, 46, 100 %, 54 %, 63627 MiB, 143771 MiB
2026/08/05 18:21:14.345, NVIDIA H200, 35, 0 %, 0 %, 63627 MiB, 143771 MiB
2026/08/05 18:21:17.346, NVIDIA H200, 41, 67 %, 27 %, 63627 MiB, 143771 MiB
2026/08/05 18:21:20.346, NVIDIA H200, 47, 96 %, 42 %, 63627 MiB, 143771 MiB
2026/08/05 18:21:23.346, NVIDIA H200, 34, 0 %, 0 %, 63627 MiB, 143771 MiB
2026/08/05 18:21:26.347, NVIDIA H200, 30, 0 %, 0 %, 63627 MiB, 143771 MiB
2026/08/05 18:21:29.347, NVIDIA H200, 46, 100 %, 41 %, 63627 MiB, 143771 MiB
2026/08/05 18:21:32.348, NVIDIA H200, 32, 0 %, 0 %, 63627 MiB, 143771 MiB
2026/08/05 18:21:35.350, NVIDIA H200, 45, 99 %, 42 %, 63627 MiB, 143771 MiB
2026/08/05 18:21:38.350, NVIDIA H200, 48, 100 %, 38 %, 63627 MiB, 143771 MiB
2026/08/05 18:21:41.351, NVIDIA H200, 41, 100 %, 46 %, 63627 MiB, 143771 MiB
2026/08/05 18:21:44.351, NVIDIA H200, 32, 0 %, 0 %, 63627 MiB, 143771 MiB
2026/08/05 18:21:47.352, NVIDIA H200, 35, 13 %, 5 %, 63627 MiB, 143771 MiB
2026/08/05 18:21:50.352, NVIDIA H200, 32, 0 %, 0 %, 63627 MiB, 143771 MiB
2026/08/05 18:21:53.352, NVIDIA H200, 30, 0 %, 0 %, 63627 MiB, 143771 MiB
2026/08/05 18:21:56.353, NVIDIA H200, 29, 0 %, 0 %, 63627 MiB, 143771 MiB
2026/08/05 18:21:59.353, NVIDIA H200, 46, 100 %, 47 %, 63627 MiB, 143771 MiB
2026/08/05 18:22:02.353, NVIDIA H200, 33, 0 %, 0 %, 63627 MiB, 143771 MiB
2026/08/05 18:22:05.355, NVIDIA H200, 42, 100 %, 46 %, 63627 MiB, 143771 MiB
2026/08/05 18:22:08.356, NVIDIA H200, 45, 83 %, 44 %, 63627 MiB, 143771 MiB
2026/08/05 18:22:11.356, NVIDIA H200, 43, 100 %, 41 %, 63627 MiB, 143771 MiB
2026/08/05 18:22:14.356, NVIDIA H200, 43, 100 %, 42 %, 63627 MiB, 143771 MiB
2026/08/05 18:22:17.356, NVIDIA H200, 47, 100 %, 47 %, 63627 MiB, 143771 MiB
2026/08/05 18:22:20.357, NVIDIA H200, 31, 0 %, 0 %, 63627 MiB, 143771 MiB
2026/08/05 18:22:23.357, NVIDIA H200, 32, 0 %, 0 %, 63627 MiB, 143771 MiB
2026/08/05 18:22:26.358, NVIDIA H200, 48, 99 %, 49 %, 63627 MiB, 143771 MiB
2026/08/05 18:22:29.358, NVIDIA H200, 31, 0 %, 0 %, 63627 MiB, 143771 MiB
2026/08/05 18:22:32.358, NVIDIA H200, 44, 100 %, 43 %, 63627 MiB, 143771 MiB
2026/08/05 18:22:35.361, NVIDIA H200, 37, 0 %, 0 %, 63627 MiB, 143771 MiB
2026/08/05 18:22:38.361, NVIDIA H200, 44, 100 %, 50 %, 63627 MiB, 143771 MiB
2026/08/05 18:22:41.362, NVIDIA H200, 46, 100 %, 34 %, 63627 MiB, 143771 MiB
2026/08/05 18:22:44.362, NVIDIA H200, 31, 0 %, 0 %, 63627 MiB, 143771 MiB
2026/08/05 18:22:47.362, NVIDIA H200, 47, 99 %, 48 %, 63627 MiB, 143771 MiB
2026/08/05 18:22:50.363, NVIDIA H200, 32, 0 %, 0 %, 63627 MiB, 143771 MiB
2026/08/05 18:22:53.363, NVIDIA H200, 47, 82 %, 41 %, 63627 MiB, 143771 MiB
2026/08/05 18:22:56.363, NVIDIA H200, 35, 0 %, 0 %, 63627 MiB, 143771 MiB
2026/08/05 18:22:59.364, NVIDIA H200, 41, 26 %, 5 %, 63627 MiB, 143771 MiB
2026/08/05 18:23:02.364, NVIDIA H200, 48, 100 %, 38 %, 63627 MiB, 143771 MiB
2026/08/05 18:23:05.364, NVIDIA H200, 33, 0 %, 0 %, 63627 MiB, 143771 MiB
2026/08/05 18:23:08.365, NVIDIA H200, 46, 100 %, 45 %, 63627 MiB, 143771 MiB
2026/08/05 18:23:11.365, NVIDIA H200, 42, 99 %, 42 %, 63627 MiB, 143771 MiB
2026/08/05 18:23:14.365, NVIDIA H200, 48, 99 %, 42 %, 63627 MiB, 143771 MiB
2026/08/05 18:23:17.366, NVIDIA H200, 33, 0 %, 0 %, 63627 MiB, 143771 MiB
2026/08/05 18:23:20.366, NVIDIA H200, 34, 0 %, 0 %, 63627 MiB, 143771 MiB
2026/08/05 18:23:23.366, NVIDIA H200, 47, 90 %, 41 %, 63627 MiB, 143771 MiB
2026/08/05 18:23:26.367, NVIDIA H200, 38, 26 %, 13 %, 63627 MiB, 143771 MiB
2026/08/05 18:23:29.367, NVIDIA H200, 44, 100 %, 40 %, 63627 MiB, 143771 MiB
2026/08/05 18:23:32.367, NVIDIA H200, 48, 99 %, 40 %, 63627 MiB, 143771 MiB
2026/08/05 18:23:35.369, NVIDIA H200, 32, 0 %, 0 %, 63627 MiB, 143771 MiB
2026/08/05 18:23:38.369, NVIDIA H200, 48, 100 %, 46 %, 63627 MiB, 143771 MiB
2026/08/05 18:23:41.369, NVIDIA H200, 36, 0 %, 0 %, 63627 MiB, 143771 MiB
2026/08/05 18:23:44.370, NVIDIA H200, 46, 100 %, 36 %, 63627 MiB, 143771 MiB
2026/08/05 18:23:47.370, NVIDIA H200, 32, 0 %, 0 %, 63627 MiB, 143771 MiB
2026/08/05 18:23:50.371, NVIDIA H200, 31, 0 %, 0 %, 63627 MiB, 143771 MiB
2026/08/05 18:23:53.371, NVIDIA H200, 43, 100 %, 51 %, 63627 MiB, 143771 MiB
2026/08/05 18:23:56.372, NVIDIA H200, 32, 0 %, 0 %, 63627 MiB, 143771 MiB
2026/08/05 18:23:59.372, NVIDIA H200, 30, 0 %, 0 %, 63627 MiB, 143771 MiB
2026/08/05 18:24:02.373, NVIDIA H200, 30, 0 %, 0 %, 63631 MiB, 143771 MiB
2026/08/05 18:24:05.377, NVIDIA H200, 30, 0 %, 0 %, 63631 MiB, 143771 MiB
2026/08/05 18:24:08.378, NVIDIA H200, 29, 0 %, 0 %, 63631 MiB, 143771 MiB
2026/08/05 18:24:11.378, NVIDIA H200, 29, 0 %, 0 %, 63631 MiB, 143771 MiB
