timestamp, name, temperature.gpu, utilization.gpu [%], utilization.memory [%], memory.used [MiB], memory.total [MiB]
2026/08/05 18:33:21.440, NVIDIA H200, 27, 0 %, 0 %, 0 MiB, 143771 MiB
2026/08/05 18:33:24.443, NVIDIA H200, 28, 0 %, 0 %, 0 MiB, 143771 MiB
2026/08/05 18:33:27.444, NVIDIA H200, 27, 0 %, 0 %, 0 MiB, 143771 MiB
2026/08/05 18:33:30.445, NVIDIA H200, 28, 0 %, 0 %, 0 MiB, 143771 MiB
2026/08/05 18:33:33.445, NVIDIA H200, 28, 0 %, 0 %, 0 MiB, 143771 MiB
2026/08/05 18:33:36.445, NVIDIA H200, 28, 0 %, 0 %, 0 MiB, 143771 MiB
2026/08/05 18:33:39.446, NVIDIA H200, 28, 0 %, 0 %, 0 MiB, 143771 MiB
2026/08/05 18:33:42.446, NVIDIA H200, 28, 0 %, 0 %, 0 MiB, 143771 MiB
2026/08/05 18:33:45.447, NVIDIA H200, 28, 0 %, 0 %, 0 MiB, 143771 MiB
2026/08/05 18:33:48.448, NVIDIA H200, 28, 0 %, 0 %, 0 MiB, 143771 MiB
2026/08/05 18:33:51.448, NVIDIA H200, 28, 0 %, 0 %, 0 MiB, 143771 MiB
2026/08/05 18:33:54.449, NVIDIA H200, 28, 0 %, 0 %, 0 MiB, 143771 MiB
2026/08/05 18:33:57.449, NVIDIA H200, 28, 0 %, 0 %, 0 MiB, 143771 MiB
2026/08/05 18:34:00.450, NVIDIA H200, 28, 0 %, 0 %, 0 MiB, 143771 MiB
2026/08/05 18:34:03.451, NVIDIA H200, 28, 0 %, 0 %, 0 MiB, 143771 MiB
2026/08/05 18:34:06.451, NVIDIA H200, 28, 0 %, 0 %, 0 MiB, 143771 MiB
2026/08/05 18:34:09.452, NVIDIA H200, 28, 0 %, 0 %, 0 MiB, 143771 MiB
2026/08/05 18:34:12.452, NVIDIA H200, 28, 0 %, 0 %, 0 MiB, 143771 MiB
2026/08/05 18:34:15.453, NVIDIA H200, 28, 0 %, 0 %, 0 MiB, 143771 MiB
2026/08/05 18:34:18.454, NVIDIA H200, 28, 0 %, 0 %, 0 MiB, 143771 MiB
2026/08/05 18:34:21.454, NVIDIA H200, 28, 0 %, 0 %, 0 MiB, 143771 MiB
2026/08/05 18:34:24.455, NVIDIA H200, 28, 0 %, 0 %, 0 MiB, 143771 MiB
2026/08/05 18:34:27.455, NVIDIA H200, 28, 0 %, 0 %, 0 MiB, 143771 MiB
2026/08/05 18:34:30.456, NVIDIA H200, 28, 0 %, 0 %, 0 MiB, 143771 MiB
2026/08/05 18:34:33.456, NVIDIA H200, 28, 0 %, 0 %, 0 MiB, 143771 MiB
2026/08/05 18:34:36.457, NVIDIA H200, 28, 0 %, 0 %, 0 MiB, 143771 MiB
2026/08/05 18:34:39.458, NVIDIA H200, 28, 0 %, 0 %, 0 MiB, 143771 MiB
2026/08/05 18:34:42.458, NVIDIA H200, 28, 0 %, 0 %, 0 MiB, 143771 MiB
2026/08/05 18:34:45.459, NVIDIA H200, 28, 0 %, 0 %, 0 MiB, 143771 MiB
2026/08/05 18:34:48.460, NVIDIA H200, 28, 0 %, 0 %, 0 MiB, 143771 MiB
2026/08/05 18:34:51.460, NVIDIA H200, 28, 0 %, 0 %, 0 MiB, 143771 MiB
2026/08/05 18:34:54.461, NVIDIA H200, 28, 0 %, 0 %, 0 MiB, 143771 MiB
2026/08/05 18:34:57.462, NVIDIA H200, 28, 0 %, 0 %, 0 MiB, 143771 MiB
2026/08/05 18:35:00.462, NVIDIA H200, 28, 0 %, 0 %, 0 MiB, 143771 MiB
2026/08/05 18:35:03.463, NVIDIA H200, 28, 0 %, 0 %, 0 MiB, 143771 MiB
2026/08/05 18:35:06.463, NVIDIA H200, 28, 0 %, 0 %, 0 MiB, 143771 MiB
2026/08/05 18:35:09.464, NVIDIA H200, 28, 0 %, 0 %, 0 MiB, 143771 MiB
2026/08/05 18:35:12.464, NVIDIA H200, 28, 0 %, 0 %, 0 MiB, 143771 MiB
2026/08/05 18:35:15.465, NVIDIA H200, 28, 0 %, 0 %, 0 MiB, 143771 MiB
2026/08/05 18:35:18.466, NVIDIA H200, 28, 0 %, 0 %, 0 MiB, 143771 MiB
2026/08/05 18:35:21.466, NVIDIA H200, 29, 0 %, 0 %, 529 MiB, 143771 MiB
2026/08/05 18:35:24.467, NVIDIA H200, 30, 0 %, 0 %, 529 MiB, 143771 MiB
2026/08/05 18:35:27.467, NVIDIA H200, 29, 0 %, 0 %, 529 MiB, 143771 MiB
2026/08/05 18:35:30.468, NVIDIA H200, 30, 0 %, 0 %, 529 MiB, 143771 MiB
2026/08/05 18:35:33.469, NVIDIA H200, 29, 0 %, 0 %, 529 MiB, 143771 MiB
2026/08/05 18:35:36.469, NVIDIA H200, 30, 0 %, 0 %, 529 MiB, 143771 MiB
2026/08/05 18:35:39.470, NVIDIA H200, 29, 0 %, 0 %, 529 MiB, 143771 MiB
2026/08/05 18:35:42.470, NVIDIA H200, 30, 0 %, 0 %, 529 MiB, 143771 MiB
2026/08/05 18:35:45.471, NVIDIA H200, 29, 0 %, 0 %, 529 MiB, 143771 MiB
2026/08/05 18:35:48.472, NVIDIA H200, 30, 0 %, 0 %, 529 MiB, 143771 MiB
2026/08/05 18:35:51.473, NVIDIA H200, 29, 0 %, 0 %, 529 MiB, 143771 MiB
2026/08/05 18:35:54.473, NVIDIA H200, 28, 0 %, 0 %, 529 MiB, 143771 MiB
2026/08/05 18:35:57.474, NVIDIA H200, 29, 0 %, 0 %, 529 MiB, 143771 MiB
2026/08/05 18:36:00.475, NVIDIA H200, 29, 0 %, 0 %, 529 MiB, 143771 MiB
2026/08/05 18:36:03.475, NVIDIA H200, 30, 0 %, 0 %, 529 MiB, 143771 MiB
2026/08/05 18:36:06.476, NVIDIA H200, 29, 0 %, 0 %, 529 MiB, 143771 MiB
2026/08/05 18:36:09.476, NVIDIA H200, 30, 0 %, 0 %, 529 MiB, 143771 MiB
2026/08/05 18:36:12.477, NVIDIA H200, 29, 0 %, 0 %, 529 MiB, 143771 MiB
2026/08/05 18:36:15.478, NVIDIA H200, 30, 0 %, 0 %, 529 MiB, 143771 MiB
2026/08/05 18:36:18.478, NVIDIA H200, 29, 0 %, 0 %, 529 MiB, 143771 MiB
2026/08/05 18:36:21.479, NVIDIA H200, 30, 0 %, 0 %, 529 MiB, 143771 MiB
2026/08/05 18:36:24.480, NVIDIA H200, 29, 0 %, 0 %, 529 MiB, 143771 MiB
2026/08/05 18:36:27.480, NVIDIA H200, 30, 0 %, 0 %, 529 MiB, 143771 MiB
2026/08/05 18:36:30.481, NVIDIA H200, 29, 0 %, 0 %, 529 MiB, 143771 MiB
2026/08/05 18:36:33.482, NVIDIA H200, 30, 0 %, 0 %, 529 MiB, 143771 MiB
2026/08/05 18:36:36.482, NVIDIA H200, 29, 0 %, 0 %, 529 MiB, 143771 MiB
2026/08/05 18:36:39.483, NVIDIA H200, 30, 0 %, 0 %, 529 MiB, 143771 MiB
2026/08/05 18:36:42.483, NVIDIA H200, 30, 0 %, 0 %, 529 MiB, 143771 MiB
2026/08/05 18:36:45.484, NVIDIA H200, 30, 0 %, 0 %, 529 MiB, 143771 MiB
2026/08/05 18:36:48.485, NVIDIA H200, 29, 0 %, 0 %, 529 MiB, 143771 MiB
2026/08/05 18:36:51.485, NVIDIA H200, 30, 0 %, 0 %, 529 MiB, 143771 MiB
2026/08/05 18:36:54.486, NVIDIA H200, 29, 0 %, 0 %, 529 MiB, 143771 MiB
2026/08/05 18:36:57.486, NVIDIA H200, 30, 0 %, 0 %, 529 MiB, 143771 MiB
2026/08/05 18:37:00.486, NVIDIA H200, 29, 0 %, 0 %, 529 MiB, 143771 MiB
2026/08/05 18:37:03.487, NVIDIA H200, 30, 0 %, 0 %, 529 MiB, 143771 MiB
2026/08/05 18:37:06.488, NVIDIA H200, 30, 0 %, 0 %, 529 MiB, 143771 MiB
2026/08/05 18:37:09.489, NVIDIA H200, 30, 0 %, 0 %, 529 MiB, 143771 MiB
2026/08/05 18:37:12.489, NVIDIA H200, 30, 0 %, 0 %, 529 MiB, 143771 MiB
2026/08/05 18:37:15.490, NVIDIA H200, 30, 0 %, 0 %, 529 MiB, 143771 MiB
2026/08/05 18:37:18.491, NVIDIA H200, 30, 0 %, 0 %, 529 MiB, 143771 MiB
2026/08/05 18:37:21.491, NVIDIA H200, 30, 0 %, 0 %, 529 MiB, 143771 MiB
2026/08/05 18:37:24.492, NVIDIA H200, 30, 0 %, 0 %, 529 MiB, 143771 MiB
2026/08/05 18:37:27.492, NVIDIA H200, 30, 0 %, 0 %, 529 MiB, 143771 MiB
2026/08/05 18:37:30.493, NVIDIA H200, 30, 0 %, 0 %, 529 MiB, 143771 MiB
2026/08/05 18:37:33.493, NVIDIA H200, 30, 0 %, 0 %, 529 MiB, 143771 MiB
2026/08/05 18:37:36.494, NVIDIA H200, 30, 0 %, 0 %, 529 MiB, 143771 MiB
2026/08/05 18:37:39.494, NVIDIA H200, 30, 0 %, 0 %, 529 MiB, 143771 MiB
2026/08/05 18:37:42.495, NVIDIA H200, 30, 0 %, 0 %, 529 MiB, 143771 MiB
2026/08/05 18:37:45.495, NVIDIA H200, 30, 0 %, 0 %, 529 MiB, 143771 MiB
2026/08/05 18:37:48.496, NVIDIA H200, 30, 0 %, 0 %, 529 MiB, 143771 MiB
2026/08/05 18:37:51.497, NVIDIA H200, 30, 0 %, 0 %, 529 MiB, 143771 MiB
2026/08/05 18:37:54.497, NVIDIA H200, 30, 0 %, 0 %, 529 MiB, 143771 MiB
2026/08/05 18:37:57.498, NVIDIA H200, 30, 0 %, 0 %, 529 MiB, 143771 MiB
2026/08/05 18:38:00.498, NVIDIA H200, 30, 0 %, 0 %, 529 MiB, 143771 MiB
2026/08/05 18:38:03.499, NVIDIA H200, 30, 0 %, 0 %, 529 MiB, 143771 MiB
2026/08/05 18:38:06.499, NVIDIA H200, 30, 0 %, 0 %, 529 MiB, 143771 MiB
2026/08/05 18:38:09.500, NVIDIA H200, 30, 0 %, 0 %, 529 MiB, 143771 MiB
2026/08/05 18:38:12.501, NVIDIA H200, 30, 0 %, 0 %, 529 MiB, 143771 MiB
2026/08/05 18:38:15.502, NVIDIA H200, 30, 0 %, 0 %, 529 MiB, 143771 MiB
2026/08/05 18:38:18.502, NVIDIA H200, 30, 0 %, 0 %, 529 MiB, 143771 MiB
2026/08/05 18:38:21.503, NVIDIA H200, 30, 0 %, 0 %, 529 MiB, 143771 MiB
2026/08/05 18:38:24.503, NVIDIA H200, 30, 0 %, 0 %, 529 MiB, 143771 MiB
2026/08/05 18:38:27.504, NVIDIA H200, 30, 0 %, 0 %, 529 MiB, 143771 MiB
2026/08/05 18:38:30.504, NVIDIA H200, 30, 0 %, 0 %, 529 MiB, 143771 MiB
2026/08/05 18:38:33.505, NVIDIA H200, 30, 0 %, 0 %, 529 MiB, 143771 MiB
2026/08/05 18:38:36.505, NVIDIA H200, 30, 0 %, 0 %, 529 MiB, 143771 MiB
2026/08/05 18:38:39.506, NVIDIA H200, 30, 0 %, 0 %, 529 MiB, 143771 MiB
2026/08/05 18:38:42.507, NVIDIA H200, 30, 0 %, 0 %, 529 MiB, 143771 MiB
2026/08/05 18:38:45.508, NVIDIA H200, 29, 0 %, 0 %, 529 MiB, 143771 MiB
2026/08/05 18:38:48.508, NVIDIA H200, 29, 0 %, 0 %, 529 MiB, 143771 MiB
2026/08/05 18:38:51.509, NVIDIA H200, 30, 0 %, 0 %, 529 MiB, 143771 MiB
2026/08/05 18:38:54.509, NVIDIA H200, 30, 0 %, 0 %, 529 MiB, 143771 MiB
2026/08/05 18:38:57.510, NVIDIA H200, 30, 0 %, 0 %, 529 MiB, 143771 MiB
2026/08/05 18:39:00.510, NVIDIA H200, 30, 0 %, 0 %, 529 MiB, 143771 MiB
2026/08/05 18:39:03.511, NVIDIA H200, 30, 0 %, 0 %, 529 MiB, 143771 MiB
2026/08/05 18:39:06.512, NVIDIA H200, 30, 0 %, 0 %, 529 MiB, 143771 MiB
2026/08/05 18:39:09.512, NVIDIA H200, 30, 0 %, 0 %, 529 MiB, 143771 MiB
2026/08/05 18:39:12.513, NVIDIA H200, 30, 0 %, 0 %, 529 MiB, 143771 MiB
2026/08/05 18:39:15.513, NVIDIA H200, 30, 0 %, 0 %, 529 MiB, 143771 MiB
2026/08/05 18:39:18.514, NVIDIA H200, 30, 0 %, 0 %, 529 MiB, 143771 MiB
2026/08/05 18:39:21.514, NVIDIA H200, 30, 0 %, 0 %, 529 MiB, 143771 MiB
2026/08/05 18:39:24.515, NVIDIA H200, 30, 0 %, 0 %, 529 MiB, 143771 MiB
2026/08/05 18:39:27.516, NVIDIA H200, 30, 0 %, 0 %, 529 MiB, 143771 MiB
2026/08/05 18:39:30.516, NVIDIA H200, 30, 0 %, 0 %, 529 MiB, 143771 MiB
2026/08/05 18:39:33.517, NVIDIA H200, 30, 0 %, 0 %, 529 MiB, 143771 MiB
2026/08/05 18:39:36.518, NVIDIA H200, 30, 0 %, 0 %, 529 MiB, 143771 MiB
2026/08/05 18:39:39.519, NVIDIA H200, 30, 0 %, 0 %, 529 MiB, 143771 MiB
2026/08/05 18:39:42.519, NVIDIA H200, 30, 0 %, 0 %, 529 MiB, 143771 MiB
2026/08/05 18:39:45.520, NVIDIA H200, 30, 0 %, 0 %, 529 MiB, 143771 MiB
2026/08/05 18:39:48.521, NVIDIA H200, 30, 0 %, 0 %, 529 MiB, 143771 MiB
2026/08/05 18:39:51.522, NVIDIA H200, 30, 0 %, 0 %, 529 MiB, 143771 MiB
2026/08/05 18:39:54.523, NVIDIA H200, 30, 0 %, 0 %, 529 MiB, 143771 MiB
2026/08/05 18:39:57.524, NVIDIA H200, 30, 0 %, 0 %, 529 MiB, 143771 MiB
2026/08/05 18:40:00.524, NVIDIA H200, 30, 0 %, 0 %, 529 MiB, 143771 MiB
2026/08/05 18:40:03.525, NVIDIA H200, 30, 0 %, 0 %, 529 MiB, 143771 MiB
2026/08/05 18:40:06.526, NVIDIA H200, 30, 0 %, 0 %, 529 MiB, 143771 MiB
2026/08/05 18:40:09.526, NVIDIA H200, 30, 0 %, 0 %, 529 MiB, 143771 MiB
2026/08/05 18:40:12.527, NVIDIA H200, 30, 0 %, 0 %, 529 MiB, 143771 MiB
2026/08/05 18:40:15.528, NVIDIA H200, 30, 0 %, 0 %, 529 MiB, 143771 MiB
2026/08/05 18:40:18.528, NVIDIA H200, 30, 0 %, 0 %, 529 MiB, 143771 MiB
2026/08/05 18:40:21.529, NVIDIA H200, 30, 0 %, 0 %, 529 MiB, 143771 MiB
2026/08/05 18:40:24.529, NVIDIA H200, 30, 0 %, 0 %, 529 MiB, 143771 MiB
2026/08/05 18:40:27.530, NVIDIA H200, 30, 0 %, 0 %, 529 MiB, 143771 MiB
2026/08/05 18:40:30.531, NVIDIA H200, 30, 0 %, 0 %, 529 MiB, 143771 MiB
2026/08/05 18:40:33.531, NVIDIA H200, 30, 0 %, 0 %, 529 MiB, 143771 MiB
2026/08/05 18:40:36.532, NVIDIA H200, 30, 0 %, 0 %, 529 MiB, 143771 MiB
2026/08/05 18:40:39.533, NVIDIA H200, 30, 0 %, 0 %, 529 MiB, 143771 MiB
2026/08/05 18:40:42.533, NVIDIA H200, 30, 0 %, 0 %, 529 MiB, 143771 MiB
2026/08/05 18:40:45.534, NVIDIA H200, 30, 0 %, 0 %, 529 MiB, 143771 MiB
2026/08/05 18:40:48.534, NVIDIA H200, 30, 0 %, 0 %, 529 MiB, 143771 MiB
2026/08/05 18:40:51.535, NVIDIA H200, 30, 0 %, 0 %, 529 MiB, 143771 MiB
2026/08/05 18:40:54.535, NVIDIA H200, 29, 0 %, 0 %, 529 MiB, 143771 MiB
2026/08/05 18:40:57.536, NVIDIA H200, 30, 0 %, 0 %, 529 MiB, 143771 MiB
2026/08/05 18:41:00.536, NVIDIA H200, 30, 0 %, 0 %, 529 MiB, 143771 MiB
2026/08/05 18:41:03.537, NVIDIA H200, 30, 0 %, 0 %, 529 MiB, 143771 MiB
2026/08/05 18:41:06.538, NVIDIA H200, 29, 0 %, 0 %, 529 MiB, 143771 MiB
2026/08/05 18:41:09.538, NVIDIA H200, 29, 0 %, 0 %, 529 MiB, 143771 MiB
2026/08/05 18:41:12.539, NVIDIA H200, 29, 0 %, 0 %, 529 MiB, 143771 MiB
2026/08/05 18:41:15.540, NVIDIA H200, 30, 0 %, 0 %, 529 MiB, 143771 MiB
2026/08/05 18:41:18.540, NVIDIA H200, 29, 0 %, 0 %, 529 MiB, 143771 MiB
2026/08/05 18:41:21.541, NVIDIA H200, 30, 0 %, 0 %, 529 MiB, 143771 MiB
2026/08/05 18:41:24.542, NVIDIA H200, 29, 0 %, 0 %, 529 MiB, 143771 MiB
2026/08/05 18:41:27.543, NVIDIA H200, 30, 0 %, 0 %, 529 MiB, 143771 MiB
2026/08/05 18:41:30.543, NVIDIA H200, 29, 0 %, 0 %, 529 MiB, 143771 MiB
2026/08/05 18:41:33.544, NVIDIA H200, 30, 0 %, 0 %, 529 MiB, 143771 MiB
2026/08/05 18:41:36.545, NVIDIA H200, 29, 0 %, 0 %, 529 MiB, 143771 MiB
2026/08/05 18:41:39.545, NVIDIA H200, 30, 0 %, 0 %, 529 MiB, 143771 MiB
2026/08/05 18:41:42.546, NVIDIA H200, 29, 0 %, 0 %, 529 MiB, 143771 MiB
2026/08/05 18:41:45.546, NVIDIA H200, 30, 0 %, 0 %, 529 MiB, 143771 MiB
2026/08/05 18:41:48.547, NVIDIA H200, 29, 0 %, 0 %, 529 MiB, 143771 MiB
2026/08/05 18:41:51.548, NVIDIA H200, 30, 0 %, 0 %, 529 MiB, 143771 MiB
2026/08/05 18:41:54.548, NVIDIA H200, 29, 0 %, 0 %, 529 MiB, 143771 MiB
2026/08/05 18:41:57.549, NVIDIA H200, 30, 0 %, 0 %, 529 MiB, 143771 MiB
2026/08/05 18:42:00.549, NVIDIA H200, 29, 0 %, 0 %, 529 MiB, 143771 MiB
2026/08/05 18:42:03.550, NVIDIA H200, 30, 0 %, 0 %, 529 MiB, 143771 MiB
2026/08/05 18:42:06.551, NVIDIA H200, 29, 0 %, 0 %, 529 MiB, 143771 MiB
2026/08/05 18:42:09.552, NVIDIA H200, 30, 0 %, 0 %, 529 MiB, 143771 MiB
2026/08/05 18:42:12.553, NVIDIA H200, 29, 0 %, 0 %, 529 MiB, 143771 MiB
2026/08/05 18:42:15.554, NVIDIA H200, 30, 0 %, 0 %, 529 MiB, 143771 MiB
2026/08/05 18:42:18.554, NVIDIA H200, 29, 0 %, 0 %, 529 MiB, 143771 MiB
2026/08/05 18:42:21.555, NVIDIA H200, 30, 0 %, 0 %, 529 MiB, 143771 MiB
2026/08/05 18:42:24.555, NVIDIA H200, 29, 0 %, 0 %, 529 MiB, 143771 MiB
2026/08/05 18:42:27.556, NVIDIA H200, 30, 0 %, 0 %, 529 MiB, 143771 MiB
2026/08/05 18:42:30.557, NVIDIA H200, 29, 0 %, 0 %, 529 MiB, 143771 MiB
2026/08/05 18:42:33.557, NVIDIA H200, 30, 0 %, 0 %, 529 MiB, 143771 MiB
2026/08/05 18:42:36.558, NVIDIA H200, 29, 0 %, 0 %, 529 MiB, 143771 MiB
2026/08/05 18:42:39.559, NVIDIA H200, 30, 0 %, 0 %, 529 MiB, 143771 MiB
2026/08/05 18:42:42.560, NVIDIA H200, 29, 0 %, 0 %, 529 MiB, 143771 MiB
2026/08/05 18:42:45.560, NVIDIA H200, 30, 0 %, 0 %, 529 MiB, 143771 MiB
2026/08/05 18:42:48.561, NVIDIA H200, 29, 0 %, 0 %, 529 MiB, 143771 MiB
2026/08/05 18:42:51.562, NVIDIA H200, 30, 0 %, 0 %, 529 MiB, 143771 MiB
2026/08/05 18:42:54.562, NVIDIA H200, 29, 0 %, 0 %, 529 MiB, 143771 MiB
2026/08/05 18:42:57.563, NVIDIA H200, 30, 0 %, 0 %, 529 MiB, 143771 MiB
2026/08/05 18:43:00.564, NVIDIA H200, 30, 0 %, 0 %, 529 MiB, 143771 MiB
2026/08/05 18:43:03.564, NVIDIA H200, 30, 0 %, 0 %, 529 MiB, 143771 MiB
2026/08/05 18:43:06.565, NVIDIA H200, 29, 0 %, 0 %, 529 MiB, 143771 MiB
2026/08/05 18:43:09.565, NVIDIA H200, 30, 0 %, 0 %, 529 MiB, 143771 MiB
2026/08/05 18:43:12.566, NVIDIA H200, 29, 0 %, 0 %, 529 MiB, 143771 MiB
2026/08/05 18:43:15.566, NVIDIA H200, 30, 0 %, 0 %, 529 MiB, 143771 MiB
2026/08/05 18:43:18.567, NVIDIA H200, 29, 0 %, 0 %, 529 MiB, 143771 MiB
2026/08/05 18:43:21.567, NVIDIA H200, 30, 0 %, 0 %, 529 MiB, 143771 MiB
2026/08/05 18:43:24.568, NVIDIA H200, 29, 0 %, 0 %, 529 MiB, 143771 MiB
2026/08/05 18:43:27.568, NVIDIA H200, 30, 0 %, 0 %, 529 MiB, 143771 MiB
2026/08/05 18:43:30.569, NVIDIA H200, 29, 0 %, 0 %, 529 MiB, 143771 MiB
2026/08/05 18:43:33.570, NVIDIA H200, 30, 0 %, 0 %, 529 MiB, 143771 MiB
2026/08/05 18:43:36.570, NVIDIA H200, 29, 0 %, 0 %, 529 MiB, 143771 MiB
2026/08/05 18:43:39.571, NVIDIA H200, 30, 0 %, 0 %, 529 MiB, 143771 MiB
2026/08/05 18:43:42.571, NVIDIA H200, 29, 0 %, 0 %, 529 MiB, 143771 MiB
2026/08/05 18:43:45.572, NVIDIA H200, 30, 0 %, 0 %, 529 MiB, 143771 MiB
2026/08/05 18:43:48.572, NVIDIA H200, 29, 0 %, 0 %, 529 MiB, 143771 MiB
2026/08/05 18:43:51.573, NVIDIA H200, 30, 0 %, 0 %, 529 MiB, 143771 MiB
2026/08/05 18:43:54.573, NVIDIA H200, 29, 0 %, 0 %, 529 MiB, 143771 MiB
2026/08/05 18:43:57.574, NVIDIA H200, 30, 0 %, 0 %, 529 MiB, 143771 MiB
2026/08/05 18:44:00.574, NVIDIA H200, 29, 0 %, 0 %, 529 MiB, 143771 MiB
2026/08/05 18:44:03.575, NVIDIA H200, 30, 0 %, 0 %, 529 MiB, 143771 MiB
2026/08/05 18:44:06.576, NVIDIA H200, 29, 0 %, 0 %, 529 MiB, 143771 MiB
2026/08/05 18:44:09.576, NVIDIA H200, 30, 0 %, 0 %, 529 MiB, 143771 MiB
2026/08/05 18:44:12.577, NVIDIA H200, 29, 0 %, 0 %, 529 MiB, 143771 MiB
2026/08/05 18:44:15.578, NVIDIA H200, 30, 0 %, 0 %, 529 MiB, 143771 MiB
2026/08/05 18:44:18.578, NVIDIA H200, 29, 0 %, 0 %, 529 MiB, 143771 MiB
2026/08/05 18:44:21.579, NVIDIA H200, 30, 0 %, 0 %, 529 MiB, 143771 MiB
2026/08/05 18:44:24.580, NVIDIA H200, 29, 0 %, 0 %, 529 MiB, 143771 MiB
2026/08/05 18:44:27.581, NVIDIA H200, 30, 0 %, 0 %, 529 MiB, 143771 MiB
2026/08/05 18:44:30.582, NVIDIA H200, 29, 0 %, 0 %, 529 MiB, 143771 MiB
2026/08/05 18:44:33.582, NVIDIA H200, 30, 0 %, 0 %, 529 MiB, 143771 MiB
2026/08/05 18:44:36.583, NVIDIA H200, 29, 0 %, 0 %, 529 MiB, 143771 MiB
2026/08/05 18:44:39.583, NVIDIA H200, 30, 0 %, 0 %, 529 MiB, 143771 MiB
2026/08/05 18:44:42.584, NVIDIA H200, 30, 0 %, 0 %, 529 MiB, 143771 MiB
2026/08/05 18:44:45.584, NVIDIA H200, 30, 0 %, 0 %, 529 MiB, 143771 MiB
2026/08/05 18:44:48.585, NVIDIA H200, 30, 0 %, 0 %, 529 MiB, 143771 MiB
2026/08/05 18:44:51.585, NVIDIA H200, 30, 0 %, 0 %, 529 MiB, 143771 MiB
2026/08/05 18:44:54.586, NVIDIA H200, 29, 0 %, 0 %, 529 MiB, 143771 MiB
2026/08/05 18:44:57.587, NVIDIA H200, 30, 0 %, 0 %, 529 MiB, 143771 MiB
2026/08/05 18:45:00.588, NVIDIA H200, 29, 0 %, 0 %, 529 MiB, 143771 MiB
2026/08/05 18:45:03.589, NVIDIA H200, 30, 0 %, 0 %, 529 MiB, 143771 MiB
2026/08/05 18:45:06.589, NVIDIA H200, 29, 0 %, 0 %, 529 MiB, 143771 MiB
2026/08/05 18:45:09.590, NVIDIA H200, 30, 0 %, 0 %, 529 MiB, 143771 MiB
2026/08/05 18:45:12.590, NVIDIA H200, 29, 0 %, 0 %, 529 MiB, 143771 MiB
2026/08/05 18:45:15.591, NVIDIA H200, 30, 0 %, 0 %, 529 MiB, 143771 MiB
2026/08/05 18:45:18.592, NVIDIA H200, 29, 0 %, 0 %, 529 MiB, 143771 MiB
2026/08/05 18:45:21.593, NVIDIA H200, 30, 0 %, 0 %, 529 MiB, 143771 MiB
2026/08/05 18:45:24.594, NVIDIA H200, 30, 0 %, 0 %, 529 MiB, 143771 MiB
2026/08/05 18:45:27.594, NVIDIA H200, 30, 0 %, 0 %, 529 MiB, 143771 MiB
2026/08/05 18:45:30.595, NVIDIA H200, 30, 0 %, 0 %, 529 MiB, 143771 MiB
2026/08/05 18:45:33.596, NVIDIA H200, 30, 0 %, 0 %, 529 MiB, 143771 MiB
2026/08/05 18:45:36.597, NVIDIA H200, 30, 0 %, 0 %, 529 MiB, 143771 MiB
2026/08/05 18:45:39.598, NVIDIA H200, 30, 0 %, 0 %, 529 MiB, 143771 MiB
2026/08/05 18:45:42.599, NVIDIA H200, 30, 0 %, 0 %, 529 MiB, 143771 MiB
2026/08/05 18:45:45.600, NVIDIA H200, 30, 0 %, 0 %, 529 MiB, 143771 MiB
2026/08/05 18:45:48.601, NVIDIA H200, 30, 0 %, 0 %, 529 MiB, 143771 MiB
2026/08/05 18:45:51.602, NVIDIA H200, 30, 0 %, 0 %, 529 MiB, 143771 MiB
2026/08/05 18:45:54.602, NVIDIA H200, 29, 0 %, 0 %, 529 MiB, 143771 MiB
2026/08/05 18:45:57.603, NVIDIA H200, 30, 0 %, 0 %, 529 MiB, 143771 MiB
2026/08/05 18:46:00.604, NVIDIA H200, 29, 0 %, 0 %, 529 MiB, 143771 MiB
2026/08/05 18:46:03.604, NVIDIA H200, 30, 0 %, 0 %, 529 MiB, 143771 MiB
2026/08/05 18:46:06.605, NVIDIA H200, 29, 0 %, 0 %, 529 MiB, 143771 MiB
2026/08/05 18:46:09.606, NVIDIA H200, 30, 0 %, 0 %, 529 MiB, 143771 MiB
2026/08/05 18:46:12.606, NVIDIA H200, 29, 0 %, 0 %, 529 MiB, 143771 MiB
2026/08/05 18:46:15.607, NVIDIA H200, 30, 0 %, 0 %, 529 MiB, 143771 MiB
2026/08/05 18:46:18.607, NVIDIA H200, 30, 0 %, 0 %, 529 MiB, 143771 MiB
2026/08/05 18:46:21.608, NVIDIA H200, 30, 0 %, 0 %, 529 MiB, 143771 MiB
2026/08/05 18:46:24.608, NVIDIA H200, 30, 0 %, 0 %, 529 MiB, 143771 MiB
2026/08/05 18:46:27.609, NVIDIA H200, 30, 0 %, 0 %, 529 MiB, 143771 MiB
2026/08/05 18:46:30.610, NVIDIA H200, 30, 0 %, 0 %, 603 MiB, 143771 MiB
2026/08/05 18:46:33.611, NVIDIA H200, 30, 0 %, 0 %, 903 MiB, 143771 MiB
2026/08/05 18:46:36.611, NVIDIA H200, 30, 0 %, 0 %, 783 MiB, 143771 MiB
2026/08/05 18:46:39.612, NVIDIA H200, 29, 0 %, 0 %, 783 MiB, 143771 MiB
2026/08/05 18:46:42.612, NVIDIA H200, 29, 0 %, 0 %, 787 MiB, 143771 MiB
2026/08/05 18:46:46.352, NVIDIA H200, 29, 0 %, 0 %, 3813 MiB, 143771 MiB
2026/08/05 18:46:49.419, NVIDIA H200, 33, 0 %, 0 %, 14731 MiB, 143771 MiB
2026/08/05 18:46:52.431, NVIDIA H200, 36, 77 %, 17 %, 30463 MiB, 143771 MiB
2026/08/05 18:46:55.431, NVIDIA H200, 37, 0 %, 0 %, 69337 MiB, 143771 MiB
2026/08/05 18:46:58.431, NVIDIA H200, 30, 1 %, 1 %, 54645 MiB, 143771 MiB
2026/08/05 18:47:01.432, NVIDIA H200, 30, 0 %, 0 %, 59399 MiB, 143771 MiB
2026/08/05 18:47:04.433, NVIDIA H200, 32, 100 %, 14 %, 63085 MiB, 143771 MiB
2026/08/05 18:47:07.433, NVIDIA H200, 34, 100 %, 4 %, 63087 MiB, 143771 MiB
2026/08/05 18:47:10.434, NVIDIA H200, 42, 100 %, 13 %, 65205 MiB, 143771 MiB
2026/08/05 18:47:13.434, NVIDIA H200, 39, 100 %, 3 %, 50479 MiB, 143771 MiB
2026/08/05 18:47:16.435, NVIDIA H200, 35, 69 %, 30 %, 38421 MiB, 143771 MiB
2026/08/05 18:47:19.436, NVIDIA H200, 38, 38 %, 8 %, 30055 MiB, 143771 MiB
2026/08/05 18:47:22.437, NVIDIA H200, 38, 100 %, 3 %, 31363 MiB, 143771 MiB
2026/08/05 18:47:25.437, NVIDIA H200, 34, 100 %, 0 %, 31363 MiB, 143771 MiB
2026/08/05 18:47:28.438, NVIDIA H200, 48, 99 %, 54 %, 74619 MiB, 143771 MiB
2026/08/05 18:47:31.439, NVIDIA H200, 50, 100 %, 42 %, 74619 MiB, 143771 MiB
2026/08/05 18:47:34.439, NVIDIA H200, 49, 99 %, 40 %, 74619 MiB, 143771 MiB
2026/08/05 18:47:37.440, NVIDIA H200, 48, 100 %, 48 %, 74619 MiB, 143771 MiB
2026/08/05 18:47:40.441, NVIDIA H200, 49, 100 %, 49 %, 74619 MiB, 143771 MiB
2026/08/05 18:47:43.441, NVIDIA H200, 49, 100 %, 47 %, 74619 MiB, 143771 MiB
2026/08/05 18:47:46.442, NVIDIA H200, 52, 100 %, 32 %, 74619 MiB, 143771 MiB
2026/08/05 18:47:49.442, NVIDIA H200, 48, 98 %, 40 %, 74619 MiB, 143771 MiB
2026/08/05 18:47:52.443, NVIDIA H200, 49, 100 %, 41 %, 74619 MiB, 143771 MiB
2026/08/05 18:47:55.444, NVIDIA H200, 49, 99 %, 47 %, 74619 MiB, 143771 MiB
2026/08/05 18:47:58.445, NVIDIA H200, 49, 99 %, 39 %, 74619 MiB, 143771 MiB
2026/08/05 18:48:01.446, NVIDIA H200, 49, 100 %, 45 %, 74619 MiB, 143771 MiB
2026/08/05 18:48:04.446, NVIDIA H200, 47, 88 %, 36 %, 74619 MiB, 143771 MiB
2026/08/05 18:48:07.447, NVIDIA H200, 48, 100 %, 47 %, 74619 MiB, 143771 MiB
2026/08/05 18:48:10.448, NVIDIA H200, 49, 100 %, 49 %, 74619 MiB, 143771 MiB
2026/08/05 18:48:13.448, NVIDIA H200, 50, 100 %, 44 %, 74619 MiB, 143771 MiB
2026/08/05 18:48:16.449, NVIDIA H200, 50, 100 %, 42 %, 74619 MiB, 143771 MiB
2026/08/05 18:48:19.450, NVIDIA H200, 48, 99 %, 40 %, 74619 MiB, 143771 MiB
2026/08/05 18:48:22.450, NVIDIA H200, 49, 100 %, 41 %, 74619 MiB, 143771 MiB
2026/08/05 18:48:25.451, NVIDIA H200, 50, 100 %, 30 %, 74619 MiB, 143771 MiB
2026/08/05 18:48:28.452, NVIDIA H200, 48, 97 %, 42 %, 74619 MiB, 143771 MiB
2026/08/05 18:48:31.452, NVIDIA H200, 50, 100 %, 41 %, 74619 MiB, 143771 MiB
2026/08/05 18:48:34.454, NVIDIA H200, 49, 100 %, 50 %, 74619 MiB, 143771 MiB
2026/08/05 18:48:37.454, NVIDIA H200, 50, 100 %, 47 %, 74619 MiB, 143771 MiB
2026/08/05 18:48:40.455, NVIDIA H200, 47, 100 %, 45 %, 74619 MiB, 143771 MiB
2026/08/05 18:48:43.456, NVIDIA H200, 50, 100 %, 44 %, 74619 MiB, 143771 MiB
2026/08/05 18:48:46.456, NVIDIA H200, 51, 100 %, 42 %, 74619 MiB, 143771 MiB
2026/08/05 18:48:49.457, NVIDIA H200, 50, 80 %, 20 %, 16531 MiB, 143771 MiB
2026/08/05 18:48:52.457, NVIDIA H200, 36, 0 %, 0 %, 48429 MiB, 143771 MiB
2026/08/05 18:48:55.458, NVIDIA H200, 42, 100 %, 8 %, 53717 MiB, 143771 MiB
2026/08/05 18:48:58.459, NVIDIA H200, 45, 100 %, 5 %, 55495 MiB, 143771 MiB
2026/08/05 18:49:01.460, NVIDIA H200, 37, 0 %, 0 %, 45793 MiB, 143771 MiB
2026/08/05 18:49:04.460, NVIDIA H200, 33, 0 %, 0 %, 31265 MiB, 143771 MiB
2026/08/05 18:49:07.461, NVIDIA H200, 33, 0 %, 0 %, 26069 MiB, 143771 MiB
2026/08/05 18:49:10.461, NVIDIA H200, 41, 100 %, 3 %, 27981 MiB, 143771 MiB
2026/08/05 18:49:13.462, NVIDIA H200, 34, 100 %, 0 %, 27981 MiB, 143771 MiB
2026/08/05 18:49:16.463, NVIDIA H200, 31, 0 %, 0 %, 17787 MiB, 143771 MiB
2026/08/05 18:49:19.463, NVIDIA H200, 30, 0 %, 0 %, 17787 MiB, 143771 MiB
2026/08/05 18:49:22.464, NVIDIA H200, 41, 46 %, 21 %, 34593 MiB, 143771 MiB
2026/08/05 18:49:25.464, NVIDIA H200, 46, 44 %, 15 %, 13711 MiB, 143771 MiB
2026/08/05 18:49:28.465, NVIDIA H200, 32, 0 %, 0 %, 11353 MiB, 143771 MiB
2026/08/05 18:49:31.466, NVIDIA H200, 43, 99 %, 47 %, 74301 MiB, 143771 MiB
2026/08/05 18:49:34.466, NVIDIA H200, 47, 100 %, 40 %, 74301 MiB, 143771 MiB
2026/08/05 18:49:37.467, NVIDIA H200, 48, 98 %, 57 %, 74301 MiB, 143771 MiB
2026/08/05 18:49:40.468, NVIDIA H200, 48, 100 %, 43 %, 74301 MiB, 143771 MiB
2026/08/05 18:49:43.468, NVIDIA H200, 49, 98 %, 52 %, 74301 MiB, 143771 MiB
2026/08/05 18:49:46.469, NVIDIA H200, 42, 43 %, 18 %, 74301 MiB, 143771 MiB
2026/08/05 18:49:49.470, NVIDIA H200, 48, 100 %, 31 %, 74301 MiB, 143771 MiB
2026/08/05 18:49:52.470, NVIDIA H200, 49, 100 %, 53 %, 74301 MiB, 143771 MiB
2026/08/05 18:49:55.471, NVIDIA H200, 49, 100 %, 49 %, 74301 MiB, 143771 MiB
2026/08/05 18:49:58.472, NVIDIA H200, 50, 100 %, 43 %, 74301 MiB, 143771 MiB
2026/08/05 18:50:01.473, NVIDIA H200, 51, 98 %, 45 %, 74301 MiB, 143771 MiB
2026/08/05 18:50:04.473, NVIDIA H200, 50, 100 %, 39 %, 74301 MiB, 143771 MiB
2026/08/05 18:50:07.474, NVIDIA H200, 49, 100 %, 55 %, 74301 MiB, 143771 MiB
2026/08/05 18:50:10.475, NVIDIA H200, 50, 100 %, 44 %, 74301 MiB, 143771 MiB
2026/08/05 18:50:13.475, NVIDIA H200, 47, 100 %, 53 %, 74301 MiB, 143771 MiB
2026/08/05 18:50:16.476, NVIDIA H200, 50, 100 %, 49 %, 74301 MiB, 143771 MiB
2026/08/05 18:50:19.476, NVIDIA H200, 49, 100 %, 30 %, 74301 MiB, 143771 MiB
2026/08/05 18:50:22.477, NVIDIA H200, 48, 99 %, 44 %, 74301 MiB, 143771 MiB
2026/08/05 18:50:25.478, NVIDIA H200, 43, 100 %, 40 %, 74301 MiB, 143771 MiB
2026/08/05 18:50:28.479, NVIDIA H200, 53, 100 %, 33 %, 74301 MiB, 143771 MiB
2026/08/05 18:50:31.480, NVIDIA H200, 49, 61 %, 24 %, 74301 MiB, 143771 MiB
2026/08/05 18:50:34.480, NVIDIA H200, 51, 100 %, 40 %, 74301 MiB, 143771 MiB
2026/08/05 18:50:37.481, NVIDIA H200, 49, 100 %, 50 %, 74301 MiB, 143771 MiB
2026/08/05 18:50:40.481, NVIDIA H200, 49, 100 %, 40 %, 74301 MiB, 143771 MiB
2026/08/05 18:50:43.482, NVIDIA H200, 49, 98 %, 60 %, 74301 MiB, 143771 MiB
2026/08/05 18:50:46.482, NVIDIA H200, 49, 100 %, 44 %, 74301 MiB, 143771 MiB
2026/08/05 18:50:49.483, NVIDIA H200, 50, 100 %, 46 %, 74301 MiB, 143771 MiB
2026/08/05 18:50:52.484, NVIDIA H200, 47, 100 %, 47 %, 74301 MiB, 143771 MiB
2026/08/05 18:50:55.485, NVIDIA H200, 48, 100 %, 40 %, 74301 MiB, 143771 MiB
2026/08/05 18:50:58.486, NVIDIA H200, 32, 0 %, 0 %, 74301 MiB, 143771 MiB
2026/08/05 18:51:01.486, NVIDIA H200, 41, 45 %, 23 %, 74301 MiB, 143771 MiB
2026/08/05 18:51:04.487, NVIDIA H200, 35, 0 %, 0 %, 74301 MiB, 143771 MiB
2026/08/05 18:51:07.488, NVIDIA H200, 31, 0 %, 0 %, 74301 MiB, 143771 MiB
2026/08/05 18:51:10.488, NVIDIA H200, 50, 100 %, 39 %, 74301 MiB, 143771 MiB
2026/08/05 18:51:13.489, NVIDIA H200, 48, 100 %, 55 %, 74301 MiB, 143771 MiB
2026/08/05 18:51:16.490, NVIDIA H200, 49, 100 %, 44 %, 74301 MiB, 143771 MiB
2026/08/05 18:51:19.490, NVIDIA H200, 49, 98 %, 58 %, 74301 MiB, 143771 MiB
2026/08/05 18:51:22.491, NVIDIA H200, 50, 92 %, 43 %, 74301 MiB, 143771 MiB
2026/08/05 18:51:25.492, NVIDIA H200, 51, 100 %, 37 %, 74301 MiB, 143771 MiB
2026/08/05 18:51:28.492, NVIDIA H200, 48, 97 %, 40 %, 74301 MiB, 143771 MiB
2026/08/05 18:51:31.494, NVIDIA H200, 50, 100 %, 41 %, 74301 MiB, 143771 MiB
2026/08/05 18:51:34.494, NVIDIA H200, 49, 100 %, 50 %, 74301 MiB, 143771 MiB
2026/08/05 18:51:37.494, NVIDIA H200, 49, 100 %, 40 %, 74301 MiB, 143771 MiB
2026/08/05 18:51:40.495, NVIDIA H200, 51, 100 %, 30 %, 74301 MiB, 143771 MiB
2026/08/05 18:51:43.495, NVIDIA H200, 50, 49 %, 20 %, 74301 MiB, 143771 MiB
2026/08/05 18:51:46.496, NVIDIA H200, 51, 100 %, 37 %, 74301 MiB, 143771 MiB
2026/08/05 18:51:49.497, NVIDIA H200, 48, 27 %, 15 %, 74301 MiB, 143771 MiB
2026/08/05 18:51:52.497, NVIDIA H200, 51, 100 %, 38 %, 74301 MiB, 143771 MiB
2026/08/05 18:51:55.498, NVIDIA H200, 50, 98 %, 36 %, 74301 MiB, 143771 MiB
2026/08/05 18:51:58.498, NVIDIA H200, 53, 100 %, 46 %, 74301 MiB, 143771 MiB
2026/08/05 18:52:01.499, NVIDIA H200, 51, 100 %, 52 %, 74301 MiB, 143771 MiB
2026/08/05 18:52:04.499, NVIDIA H200, 51, 100 %, 43 %, 74301 MiB, 143771 MiB
2026/08/05 18:52:07.500, NVIDIA H200, 47, 100 %, 51 %, 74301 MiB, 143771 MiB
2026/08/05 18:52:10.500, NVIDIA H200, 50, 100 %, 45 %, 74301 MiB, 143771 MiB
2026/08/05 18:52:13.501, NVIDIA H200, 49, 98 %, 49 %, 74301 MiB, 143771 MiB
2026/08/05 18:52:16.501, NVIDIA H200, 49, 100 %, 44 %, 74301 MiB, 143771 MiB
2026/08/05 18:52:19.502, NVIDIA H200, 50, 100 %, 37 %, 74301 MiB, 143771 MiB
2026/08/05 18:52:22.503, NVIDIA H200, 50, 98 %, 49 %, 74301 MiB, 143771 MiB
2026/08/05 18:52:25.503, NVIDIA H200, 52, 100 %, 54 %, 74301 MiB, 143771 MiB
2026/08/05 18:52:28.504, NVIDIA H200, 50, 99 %, 39 %, 74301 MiB, 143771 MiB
2026/08/05 18:52:31.504, NVIDIA H200, 49, 100 %, 43 %, 74301 MiB, 143771 MiB
2026/08/05 18:52:34.505, NVIDIA H200, 33, 0 %, 0 %, 74301 MiB, 143771 MiB
2026/08/05 18:52:37.506, NVIDIA H200, 32, 0 %, 0 %, 74301 MiB, 143771 MiB
2026/08/05 18:52:40.506, NVIDIA H200, 50, 100 %, 54 %, 74301 MiB, 143771 MiB
2026/08/05 18:52:43.507, NVIDIA H200, 32, 0 %, 0 %, 74301 MiB, 143771 MiB
2026/08/05 18:52:46.507, NVIDIA H200, 31, 0 %, 0 %, 74301 MiB, 143771 MiB
2026/08/05 18:52:49.508, NVIDIA H200, 44, 100 %, 46 %, 74301 MiB, 143771 MiB
2026/08/05 18:52:52.508, NVIDIA H200, 50, 100 %, 39 %, 74301 MiB, 143771 MiB
2026/08/05 18:52:55.509, NVIDIA H200, 49, 100 %, 32 %, 74301 MiB, 143771 MiB
2026/08/05 18:52:58.509, NVIDIA H200, 51, 98 %, 44 %, 74301 MiB, 143771 MiB
2026/08/05 18:53:01.510, NVIDIA H200, 52, 100 %, 44 %, 74301 MiB, 143771 MiB
2026/08/05 18:53:04.510, NVIDIA H200, 50, 100 %, 51 %, 74301 MiB, 143771 MiB
2026/08/05 18:53:07.511, NVIDIA H200, 49, 100 %, 43 %, 74301 MiB, 143771 MiB
2026/08/05 18:53:10.512, NVIDIA H200, 51, 100 %, 47 %, 74301 MiB, 143771 MiB
2026/08/05 18:53:13.513, NVIDIA H200, 51, 93 %, 38 %, 74301 MiB, 143771 MiB
2026/08/05 18:53:16.513, NVIDIA H200, 50, 100 %, 41 %, 74301 MiB, 143771 MiB
2026/08/05 18:53:19.514, NVIDIA H200, 49, 77 %, 33 %, 74301 MiB, 143771 MiB
2026/08/05 18:53:22.514, NVIDIA H200, 52, 100 %, 39 %, 74301 MiB, 143771 MiB
2026/08/05 18:53:25.515, NVIDIA H200, 49, 98 %, 58 %, 74301 MiB, 143771 MiB
2026/08/05 18:53:28.515, NVIDIA H200, 46, 100 %, 46 %, 74301 MiB, 143771 MiB
2026/08/05 18:53:31.516, NVIDIA H200, 49, 100 %, 42 %, 74301 MiB, 143771 MiB
2026/08/05 18:53:34.516, NVIDIA H200, 51, 100 %, 51 %, 74301 MiB, 143771 MiB
2026/08/05 18:53:37.517, NVIDIA H200, 49, 89 %, 39 %, 74301 MiB, 143771 MiB
2026/08/05 18:53:40.517, NVIDIA H200, 48, 100 %, 39 %, 74301 MiB, 143771 MiB
2026/08/05 18:53:43.518, NVIDIA H200, 50, 100 %, 51 %, 74301 MiB, 143771 MiB
2026/08/05 18:53:46.518, NVIDIA H200, 51, 100 %, 50 %, 74301 MiB, 143771 MiB
2026/08/05 18:53:49.519, NVIDIA H200, 50, 100 %, 41 %, 74301 MiB, 143771 MiB
2026/08/05 18:53:52.519, NVIDIA H200, 49, 100 %, 56 %, 74301 MiB, 143771 MiB
2026/08/05 18:53:55.521, NVIDIA H200, 52, 100 %, 44 %, 74301 MiB, 143771 MiB
2026/08/05 18:53:58.522, NVIDIA H200, 49, 100 %, 40 %, 74301 MiB, 143771 MiB
2026/08/05 18:54:01.522, NVIDIA H200, 51, 98 %, 53 %, 74301 MiB, 143771 MiB
2026/08/05 18:54:04.523, NVIDIA H200, 49, 100 %, 46 %, 74301 MiB, 143771 MiB
2026/08/05 18:54:07.523, NVIDIA H200, 51, 100 %, 46 %, 74301 MiB, 143771 MiB
2026/08/05 18:54:10.524, NVIDIA H200, 51, 100 %, 45 %, 74301 MiB, 143771 MiB
2026/08/05 18:54:13.525, NVIDIA H200, 32, 0 %, 0 %, 74301 MiB, 143771 MiB
2026/08/05 18:54:16.525, NVIDIA H200, 31, 0 %, 0 %, 74301 MiB, 143771 MiB
2026/08/05 18:54:19.526, NVIDIA H200, 41, 0 %, 0 %, 74301 MiB, 143771 MiB
2026/08/05 18:54:22.526, NVIDIA H200, 31, 0 %, 0 %, 74301 MiB, 143771 MiB
2026/08/05 18:54:25.527, NVIDIA H200, 31, 28 %, 5 %, 74301 MiB, 143771 MiB
2026/08/05 18:54:28.527, NVIDIA H200, 47, 100 %, 37 %, 74301 MiB, 143771 MiB
2026/08/05 18:54:31.528, NVIDIA H200, 49, 100 %, 52 %, 74301 MiB, 143771 MiB
2026/08/05 18:54:34.529, NVIDIA H200, 52, 100 %, 45 %, 74301 MiB, 143771 MiB
2026/08/05 18:54:37.529, NVIDIA H200, 42, 71 %, 28 %, 74301 MiB, 143771 MiB
2026/08/05 18:54:40.530, NVIDIA H200, 51, 100 %, 43 %, 74301 MiB, 143771 MiB
2026/08/05 18:54:43.531, NVIDIA H200, 50, 98 %, 50 %, 74301 MiB, 143771 MiB
2026/08/05 18:54:46.531, NVIDIA H200, 50, 100 %, 42 %, 74301 MiB, 143771 MiB
2026/08/05 18:54:49.532, NVIDIA H200, 48, 100 %, 31 %, 74301 MiB, 143771 MiB
2026/08/05 18:54:52.532, NVIDIA H200, 46, 100 %, 50 %, 74301 MiB, 143771 MiB
2026/08/05 18:54:55.533, NVIDIA H200, 51, 100 %, 44 %, 74301 MiB, 143771 MiB
2026/08/05 18:54:58.533, NVIDIA H200, 48, 98 %, 47 %, 74301 MiB, 143771 MiB
2026/08/05 18:55:01.534, NVIDIA H200, 50, 53 %, 21 %, 74301 MiB, 143771 MiB
2026/08/05 18:55:04.534, NVIDIA H200, 47, 100 %, 43 %, 74301 MiB, 143771 MiB
2026/08/05 18:55:07.535, NVIDIA H200, 43, 62 %, 24 %, 74301 MiB, 143771 MiB
2026/08/05 18:55:10.535, NVIDIA H200, 47, 100 %, 32 %, 74301 MiB, 143771 MiB
2026/08/05 18:55:13.536, NVIDIA H200, 50, 100 %, 46 %, 74301 MiB, 143771 MiB
2026/08/05 18:55:16.537, NVIDIA H200, 47, 100 %, 35 %, 74301 MiB, 143771 MiB
2026/08/05 18:55:19.538, NVIDIA H200, 41, 8 %, 1 %, 74301 MiB, 143771 MiB
2026/08/05 18:55:22.538, NVIDIA H200, 49, 100 %, 43 %, 74301 MiB, 143771 MiB
2026/08/05 18:55:25.539, NVIDIA H200, 49, 100 %, 49 %, 74301 MiB, 143771 MiB
2026/08/05 18:55:28.540, NVIDIA H200, 51, 100 %, 41 %, 74301 MiB, 143771 MiB
2026/08/05 18:55:31.540, NVIDIA H200, 48, 98 %, 53 %, 74301 MiB, 143771 MiB
2026/08/05 18:55:34.541, NVIDIA H200, 49, 100 %, 49 %, 74301 MiB, 143771 MiB
2026/08/05 18:55:37.542, NVIDIA H200, 51, 100 %, 47 %, 74301 MiB, 143771 MiB
2026/08/05 18:55:40.543, NVIDIA H200, 48, 100 %, 51 %, 74301 MiB, 143771 MiB
2026/08/05 18:55:43.543, NVIDIA H200, 52, 99 %, 37 %, 74301 MiB, 143771 MiB
2026/08/05 18:55:46.544, NVIDIA H200, 50, 100 %, 41 %, 74301 MiB, 143771 MiB
2026/08/05 18:55:49.545, NVIDIA H200, 50, 100 %, 44 %, 74301 MiB, 143771 MiB
2026/08/05 18:55:52.545, NVIDIA H200, 32, 0 %, 0 %, 74301 MiB, 143771 MiB
2026/08/05 18:55:55.547, NVIDIA H200, 40, 100 %, 44 %, 74301 MiB, 143771 MiB
2026/08/05 18:55:58.547, NVIDIA H200, 36, 0 %, 0 %, 74301 MiB, 143771 MiB
2026/08/05 18:56:01.547, NVIDIA H200, 31, 0 %, 0 %, 74301 MiB, 143771 MiB
2026/08/05 18:56:04.548, NVIDIA H200, 31, 0 %, 0 %, 74301 MiB, 143771 MiB
2026/08/05 18:56:07.549, NVIDIA H200, 31, 0 %, 0 %, 74301 MiB, 143771 MiB
2026/08/05 18:56:10.549, NVIDIA H200, 31, 0 %, 0 %, 74301 MiB, 143771 MiB
2026/08/05 18:56:13.550, NVIDIA H200, 40, 97 %, 55 %, 74301 MiB, 143771 MiB
2026/08/05 18:56:16.550, NVIDIA H200, 48, 100 %, 50 %, 74301 MiB, 143771 MiB
2026/08/05 18:56:19.551, NVIDIA H200, 47, 100 %, 49 %, 74301 MiB, 143771 MiB
2026/08/05 18:56:22.552, NVIDIA H200, 48, 98 %, 39 %, 74301 MiB, 143771 MiB
2026/08/05 18:56:25.553, NVIDIA H200, 48, 98 %, 50 %, 74301 MiB, 143771 MiB
2026/08/05 18:56:28.553, NVIDIA H200, 48, 80 %, 30 %, 74301 MiB, 143771 MiB
2026/08/05 18:56:31.554, NVIDIA H200, 51, 100 %, 42 %, 74301 MiB, 143771 MiB
2026/08/05 18:56:34.555, NVIDIA H200, 50, 100 %, 53 %, 74301 MiB, 143771 MiB
2026/08/05 18:56:37.556, NVIDIA H200, 47, 96 %, 49 %, 74301 MiB, 143771 MiB
2026/08/05 18:56:40.557, NVIDIA H200, 49, 100 %, 39 %, 74301 MiB, 143771 MiB
2026/08/05 18:56:43.557, NVIDIA H200, 42, 77 %, 37 %, 74301 MiB, 143771 MiB
2026/08/05 18:56:46.558, NVIDIA H200, 48, 100 %, 50 %, 74301 MiB, 143771 MiB
2026/08/05 18:56:49.559, NVIDIA H200, 51, 100 %, 44 %, 74301 MiB, 143771 MiB
2026/08/05 18:56:52.559, NVIDIA H200, 47, 88 %, 44 %, 74301 MiB, 143771 MiB
2026/08/05 18:56:55.560, NVIDIA H200, 49, 100 %, 39 %, 74301 MiB, 143771 MiB
2026/08/05 18:56:58.561, NVIDIA H200, 48, 93 %, 49 %, 74301 MiB, 143771 MiB
2026/08/05 18:57:01.562, NVIDIA H200, 52, 100 %, 41 %, 74301 MiB, 143771 MiB
2026/08/05 18:57:04.562, NVIDIA H200, 48, 100 %, 46 %, 74301 MiB, 143771 MiB
2026/08/05 18:57:07.563, NVIDIA H200, 49, 98 %, 46 %, 74301 MiB, 143771 MiB
2026/08/05 18:57:10.564, NVIDIA H200, 51, 100 %, 51 %, 74301 MiB, 143771 MiB
2026/08/05 18:57:13.564, NVIDIA H200, 48, 99 %, 47 %, 74301 MiB, 143771 MiB
2026/08/05 18:57:16.565, NVIDIA H200, 52, 100 %, 40 %, 74301 MiB, 143771 MiB
2026/08/05 18:57:19.566, NVIDIA H200, 49, 99 %, 39 %, 74301 MiB, 143771 MiB
2026/08/05 18:57:22.566, NVIDIA H200, 51, 100 %, 41 %, 74301 MiB, 143771 MiB
2026/08/05 18:57:25.567, NVIDIA H200, 42, 76 %, 37 %, 74301 MiB, 143771 MiB
2026/08/05 18:57:28.567, NVIDIA H200, 53, 100 %, 45 %, 74301 MiB, 143771 MiB
2026/08/05 18:57:31.568, NVIDIA H200, 49, 100 %, 31 %, 74301 MiB, 143771 MiB
2026/08/05 18:57:34.569, NVIDIA H200, 48, 97 %, 53 %, 74301 MiB, 143771 MiB
2026/08/05 18:57:37.569, NVIDIA H200, 52, 98 %, 37 %, 74301 MiB, 143771 MiB
2026/08/05 18:57:40.570, NVIDIA H200, 34, 0 %, 0 %, 74301 MiB, 143771 MiB
2026/08/05 18:57:43.571, NVIDIA H200, 34, 0 %, 0 %, 74301 MiB, 143771 MiB
2026/08/05 18:57:46.571, NVIDIA H200, 31, 0 %, 0 %, 74301 MiB, 143771 MiB
2026/08/05 18:57:49.572, NVIDIA H200, 47, 100 %, 55 %, 74301 MiB, 143771 MiB
2026/08/05 18:57:52.572, NVIDIA H200, 33, 0 %, 0 %, 74301 MiB, 143771 MiB
2026/08/05 18:57:55.573, NVIDIA H200, 31, 0 %, 0 %, 74301 MiB, 143771 MiB
2026/08/05 18:57:58.574, NVIDIA H200, 46, 77 %, 42 %, 74301 MiB, 143771 MiB
2026/08/05 18:58:01.574, NVIDIA H200, 49, 100 %, 50 %, 74301 MiB, 143771 MiB
2026/08/05 18:58:04.575, NVIDIA H200, 49, 98 %, 44 %, 74301 MiB, 143771 MiB
2026/08/05 18:58:07.576, NVIDIA H200, 48, 100 %, 37 %, 74301 MiB, 143771 MiB
2026/08/05 18:58:10.577, NVIDIA H200, 45, 66 %, 35 %, 74301 MiB, 143771 MiB
2026/08/05 18:58:13.577, NVIDIA H200, 49, 97 %, 39 %, 74301 MiB, 143771 MiB
2026/08/05 18:58:16.578, NVIDIA H200, 53, 100 %, 42 %, 74301 MiB, 143771 MiB
2026/08/05 18:58:19.578, NVIDIA H200, 51, 97 %, 36 %, 74301 MiB, 143771 MiB
2026/08/05 18:58:22.579, NVIDIA H200, 53, 100 %, 44 %, 74301 MiB, 143771 MiB
2026/08/05 18:58:25.580, NVIDIA H200, 50, 100 %, 42 %, 74301 MiB, 143771 MiB
2026/08/05 18:58:28.580, NVIDIA H200, 51, 100 %, 53 %, 74301 MiB, 143771 MiB
2026/08/05 18:58:31.581, NVIDIA H200, 46, 100 %, 46 %, 74301 MiB, 143771 MiB
2026/08/05 18:58:34.582, NVIDIA H200, 52, 100 %, 42 %, 74301 MiB, 143771 MiB
2026/08/05 18:58:37.583, NVIDIA H200, 47, 100 %, 51 %, 74301 MiB, 143771 MiB
2026/08/05 18:58:40.584, NVIDIA H200, 50, 100 %, 39 %, 74301 MiB, 143771 MiB
2026/08/05 18:58:43.585, NVIDIA H200, 44, 99 %, 45 %, 74301 MiB, 143771 MiB
2026/08/05 18:58:46.586, NVIDIA H200, 50, 100 %, 51 %, 74301 MiB, 143771 MiB
2026/08/05 18:58:49.587, NVIDIA H200, 51, 100 %, 41 %, 74301 MiB, 143771 MiB
2026/08/05 18:58:52.587, NVIDIA H200, 46, 26 %, 17 %, 74301 MiB, 143771 MiB
2026/08/05 18:58:55.588, NVIDIA H200, 49, 65 %, 26 %, 74301 MiB, 143771 MiB
2026/08/05 18:58:58.589, NVIDIA H200, 45, 52 %, 30 %, 74301 MiB, 143771 MiB
2026/08/05 18:59:01.589, NVIDIA H200, 49, 100 %, 41 %, 74301 MiB, 143771 MiB
2026/08/05 18:59:04.590, NVIDIA H200, 47, 99 %, 39 %, 74301 MiB, 143771 MiB
2026/08/05 18:59:07.590, NVIDIA H200, 52, 100 %, 49 %, 74301 MiB, 143771 MiB
2026/08/05 18:59:10.591, NVIDIA H200, 50, 100 %, 43 %, 74301 MiB, 143771 MiB
2026/08/05 18:59:13.592, NVIDIA H200, 50, 100 %, 30 %, 74301 MiB, 143771 MiB
2026/08/05 18:59:16.593, NVIDIA H200, 50, 99 %, 52 %, 74301 MiB, 143771 MiB
2026/08/05 18:59:19.594, NVIDIA H200, 48, 98 %, 45 %, 74301 MiB, 143771 MiB
2026/08/05 18:59:22.595, NVIDIA H200, 33, 0 %, 0 %, 74301 MiB, 143771 MiB
2026/08/05 18:59:25.595, NVIDIA H200, 33, 0 %, 0 %, 74301 MiB, 143771 MiB
2026/08/05 18:59:28.596, NVIDIA H200, 32, 0 %, 0 %, 74301 MiB, 143771 MiB
2026/08/05 18:59:31.596, NVIDIA H200, 47, 99 %, 45 %, 74301 MiB, 143771 MiB
2026/08/05 18:59:34.597, NVIDIA H200, 32, 0 %, 0 %, 74301 MiB, 143771 MiB
2026/08/05 18:59:37.598, NVIDIA H200, 31, 0 %, 0 %, 74301 MiB, 143771 MiB
2026/08/05 18:59:40.599, NVIDIA H200, 48, 100 %, 38 %, 74301 MiB, 143771 MiB
2026/08/05 18:59:43.599, NVIDIA H200, 50, 90 %, 49 %, 74301 MiB, 143771 MiB
2026/08/05 18:59:46.599, NVIDIA H200, 50, 100 %, 44 %, 74301 MiB, 143771 MiB
2026/08/05 18:59:49.600, NVIDIA H200, 46, 7 %, 5 %, 74301 MiB, 143771 MiB
2026/08/05 18:59:52.600, NVIDIA H200, 47, 98 %, 53 %, 74301 MiB, 143771 MiB
2026/08/05 18:59:55.601, NVIDIA H200, 49, 98 %, 40 %, 74301 MiB, 143771 MiB
2026/08/05 18:59:58.602, NVIDIA H200, 47, 98 %, 54 %, 74301 MiB, 143771 MiB
2026/08/05 19:00:01.602, NVIDIA H200, 50, 97 %, 35 %, 74301 MiB, 143771 MiB
2026/08/05 19:00:04.603, NVIDIA H200, 44, 41 %, 29 %, 74301 MiB, 143771 MiB
2026/08/05 19:00:07.603, NVIDIA H200, 50, 100 %, 47 %, 74301 MiB, 143771 MiB
2026/08/05 19:00:10.604, NVIDIA H200, 50, 100 %, 43 %, 74301 MiB, 143771 MiB
2026/08/05 19:00:13.605, NVIDIA H200, 43, 24 %, 18 %, 74301 MiB, 143771 MiB
2026/08/05 19:00:16.605, NVIDIA H200, 51, 100 %, 46 %, 74301 MiB, 143771 MiB
2026/08/05 19:00:19.606, NVIDIA H200, 48, 100 %, 40 %, 74301 MiB, 143771 MiB
2026/08/05 19:00:22.607, NVIDIA H200, 50, 85 %, 35 %, 74301 MiB, 143771 MiB
2026/08/05 19:00:25.608, NVIDIA H200, 49, 100 %, 45 %, 74301 MiB, 143771 MiB
2026/08/05 19:00:28.608, NVIDIA H200, 49, 100 %, 40 %, 74301 MiB, 143771 MiB
2026/08/05 19:00:31.609, NVIDIA H200, 46, 100 %, 47 %, 74301 MiB, 143771 MiB
2026/08/05 19:00:34.610, NVIDIA H200, 42, 5 %, 4 %, 74301 MiB, 143771 MiB
2026/08/05 19:00:37.610, NVIDIA H200, 49, 100 %, 42 %, 74301 MiB, 143771 MiB
2026/08/05 19:00:40.611, NVIDIA H200, 50, 100 %, 44 %, 74301 MiB, 143771 MiB
2026/08/05 19:00:43.611, NVIDIA H200, 50, 100 %, 43 %, 74301 MiB, 143771 MiB
2026/08/05 19:00:46.612, NVIDIA H200, 51, 100 %, 44 %, 74301 MiB, 143771 MiB
2026/08/05 19:00:49.613, NVIDIA H200, 50, 97 %, 50 %, 74301 MiB, 143771 MiB
2026/08/05 19:00:52.613, NVIDIA H200, 52, 100 %, 56 %, 74301 MiB, 143771 MiB
2026/08/05 19:00:55.614, NVIDIA H200, 50, 97 %, 43 %, 74301 MiB, 143771 MiB
2026/08/05 19:00:58.614, NVIDIA H200, 51, 100 %, 43 %, 74301 MiB, 143771 MiB
2026/08/05 19:01:01.615, NVIDIA H200, 53, 100 %, 49 %, 74301 MiB, 143771 MiB
2026/08/05 19:01:04.615, NVIDIA H200, 32, 0 %, 0 %, 74301 MiB, 143771 MiB
2026/08/05 19:01:07.616, NVIDIA H200, 32, 0 %, 0 %, 74301 MiB, 143771 MiB
2026/08/05 19:01:10.616, NVIDIA H200, 42, 79 %, 39 %, 74301 MiB, 143771 MiB
2026/08/05 19:01:13.617, NVIDIA H200, 32, 0 %, 0 %, 74301 MiB, 143771 MiB
2026/08/05 19:01:16.618, NVIDIA H200, 31, 0 %, 0 %, 74301 MiB, 143771 MiB
2026/08/05 19:01:19.619, NVIDIA H200, 41, 29 %, 13 %, 74301 MiB, 143771 MiB
2026/08/05 19:01:22.620, NVIDIA H200, 49, 100 %, 40 %, 74301 MiB, 143771 MiB
2026/08/05 19:01:25.620, NVIDIA H200, 49, 99 %, 53 %, 74301 MiB, 143771 MiB
2026/08/05 19:01:28.621, NVIDIA H200, 51, 100 %, 43 %, 74301 MiB, 143771 MiB
2026/08/05 19:01:31.622, NVIDIA H200, 49, 100 %, 39 %, 74301 MiB, 143771 MiB
2026/08/05 19:01:34.622, NVIDIA H200, 47, 95 %, 49 %, 74301 MiB, 143771 MiB
2026/08/05 19:01:37.623, NVIDIA H200, 52, 100 %, 49 %, 74301 MiB, 143771 MiB
2026/08/05 19:01:40.624, NVIDIA H200, 51, 98 %, 43 %, 74301 MiB, 143771 MiB
2026/08/05 19:01:43.624, NVIDIA H200, 49, 100 %, 42 %, 74301 MiB, 143771 MiB
2026/08/05 19:01:46.625, NVIDIA H200, 53, 100 %, 47 %, 74301 MiB, 143771 MiB
2026/08/05 19:01:49.626, NVIDIA H200, 50, 100 %, 40 %, 74301 MiB, 143771 MiB
2026/08/05 19:01:52.626, NVIDIA H200, 49, 100 %, 50 %, 74301 MiB, 143771 MiB
2026/08/05 19:01:55.627, NVIDIA H200, 50, 100 %, 49 %, 74301 MiB, 143771 MiB
2026/08/05 19:01:58.627, NVIDIA H200, 53, 100 %, 44 %, 74301 MiB, 143771 MiB
2026/08/05 19:02:01.628, NVIDIA H200, 51, 99 %, 47 %, 74301 MiB, 143771 MiB
2026/08/05 19:02:04.629, NVIDIA H200, 52, 100 %, 56 %, 74301 MiB, 143771 MiB
2026/08/05 19:02:07.629, NVIDIA H200, 50, 100 %, 49 %, 74301 MiB, 143771 MiB
2026/08/05 19:02:10.630, NVIDIA H200, 48, 39 %, 19 %, 74301 MiB, 143771 MiB
2026/08/05 19:02:13.630, NVIDIA H200, 45, 24 %, 15 %, 74301 MiB, 143771 MiB
2026/08/05 19:02:16.631, NVIDIA H200, 50, 100 %, 44 %, 74301 MiB, 143771 MiB
2026/08/05 19:02:19.632, NVIDIA H200, 49, 96 %, 52 %, 74301 MiB, 143771 MiB
2026/08/05 19:02:22.632, NVIDIA H200, 50, 100 %, 41 %, 74301 MiB, 143771 MiB
2026/08/05 19:02:25.633, NVIDIA H200, 51, 100 %, 45 %, 74301 MiB, 143771 MiB
2026/08/05 19:02:28.634, NVIDIA H200, 49, 100 %, 49 %, 74301 MiB, 143771 MiB
2026/08/05 19:02:31.634, NVIDIA H200, 51, 98 %, 37 %, 74301 MiB, 143771 MiB
2026/08/05 19:02:34.635, NVIDIA H200, 50, 100 %, 42 %, 74301 MiB, 143771 MiB
2026/08/05 19:02:37.635, NVIDIA H200, 51, 100 %, 40 %, 74301 MiB, 143771 MiB
2026/08/05 19:02:40.636, NVIDIA H200, 50, 98 %, 53 %, 74301 MiB, 143771 MiB
2026/08/05 19:02:43.637, NVIDIA H200, 33, 0 %, 0 %, 74301 MiB, 143771 MiB
2026/08/05 19:02:46.637, NVIDIA H200, 32, 0 %, 0 %, 74301 MiB, 143771 MiB
2026/08/05 19:02:49.638, NVIDIA H200, 47, 100 %, 49 %, 74301 MiB, 143771 MiB
2026/08/05 19:02:52.639, NVIDIA H200, 32, 0 %, 0 %, 74301 MiB, 143771 MiB
2026/08/05 19:02:55.639, NVIDIA H200, 44, 100 %, 43 %, 74301 MiB, 143771 MiB
2026/08/05 19:02:58.639, NVIDIA H200, 50, 100 %, 42 %, 74301 MiB, 143771 MiB
2026/08/05 19:03:01.640, NVIDIA H200, 52, 97 %, 39 %, 74301 MiB, 143771 MiB
2026/08/05 19:03:04.640, NVIDIA H200, 52, 100 %, 39 %, 74301 MiB, 143771 MiB
2026/08/05 19:03:07.641, NVIDIA H200, 46, 100 %, 46 %, 74301 MiB, 143771 MiB
2026/08/05 19:03:10.642, NVIDIA H200, 46, 100 %, 49 %, 74301 MiB, 143771 MiB
2026/08/05 19:03:13.643, NVIDIA H200, 50, 100 %, 44 %, 74301 MiB, 143771 MiB
2026/08/05 19:03:16.643, NVIDIA H200, 48, 100 %, 49 %, 74301 MiB, 143771 MiB
2026/08/05 19:03:19.644, NVIDIA H200, 48, 100 %, 42 %, 74301 MiB, 143771 MiB
2026/08/05 19:03:22.644, NVIDIA H200, 53, 100 %, 49 %, 74301 MiB, 143771 MiB
2026/08/05 19:03:25.645, NVIDIA H200, 49, 88 %, 46 %, 74301 MiB, 143771 MiB
2026/08/05 19:03:28.646, NVIDIA H200, 53, 99 %, 38 %, 74301 MiB, 143771 MiB
2026/08/05 19:03:31.646, NVIDIA H200, 52, 100 %, 41 %, 74301 MiB, 143771 MiB
2026/08/05 19:03:34.647, NVIDIA H200, 50, 95 %, 51 %, 74301 MiB, 143771 MiB
2026/08/05 19:03:37.647, NVIDIA H200, 52, 99 %, 45 %, 74301 MiB, 143771 MiB
2026/08/05 19:03:40.648, NVIDIA H200, 51, 100 %, 40 %, 74301 MiB, 143771 MiB
2026/08/05 19:03:43.648, NVIDIA H200, 42, 75 %, 33 %, 74301 MiB, 143771 MiB
2026/08/05 19:03:46.649, NVIDIA H200, 52, 100 %, 49 %, 74301 MiB, 143771 MiB
2026/08/05 19:03:49.649, NVIDIA H200, 48, 97 %, 51 %, 74301 MiB, 143771 MiB
2026/08/05 19:03:52.650, NVIDIA H200, 46, 100 %, 43 %, 74301 MiB, 143771 MiB
2026/08/05 19:03:55.651, NVIDIA H200, 50, 100 %, 42 %, 74301 MiB, 143771 MiB
2026/08/05 19:03:58.651, NVIDIA H200, 52, 100 %, 49 %, 74301 MiB, 143771 MiB
2026/08/05 19:04:01.652, NVIDIA H200, 49, 100 %, 42 %, 74301 MiB, 143771 MiB
2026/08/05 19:04:04.652, NVIDIA H200, 50, 98 %, 36 %, 74301 MiB, 143771 MiB
2026/08/05 19:04:07.653, NVIDIA H200, 52, 100 %, 47 %, 74301 MiB, 143771 MiB
2026/08/05 19:04:10.653, NVIDIA H200, 51, 100 %, 43 %, 74301 MiB, 143771 MiB
2026/08/05 19:04:13.654, NVIDIA H200, 49, 98 %, 53 %, 74301 MiB, 143771 MiB
2026/08/05 19:04:16.654, NVIDIA H200, 52, 100 %, 50 %, 74301 MiB, 143771 MiB
2026/08/05 19:04:19.655, NVIDIA H200, 50, 99 %, 42 %, 74301 MiB, 143771 MiB
2026/08/05 19:04:22.656, NVIDIA H200, 33, 0 %, 0 %, 74301 MiB, 143771 MiB
2026/08/05 19:04:25.656, NVIDIA H200, 32, 0 %, 0 %, 74301 MiB, 143771 MiB
2026/08/05 19:04:28.657, NVIDIA H200, 45, 99 %, 40 %, 74301 MiB, 143771 MiB
2026/08/05 19:04:31.657, NVIDIA H200, 32, 0 %, 0 %, 74301 MiB, 143771 MiB
2026/08/05 19:04:34.658, NVIDIA H200, 32, 0 %, 0 %, 74301 MiB, 143771 MiB
2026/08/05 19:04:37.659, NVIDIA H200, 31, 0 %, 0 %, 74301 MiB, 143771 MiB
2026/08/05 19:04:40.659, NVIDIA H200, 31, 0 %, 0 %, 74301 MiB, 143771 MiB
2026/08/05 19:04:43.660, NVIDIA H200, 45, 100 %, 44 %, 74301 MiB, 143771 MiB
2026/08/05 19:04:46.661, NVIDIA H200, 52, 100 %, 44 %, 74301 MiB, 143771 MiB
2026/08/05 19:04:49.661, NVIDIA H200, 45, 60 %, 31 %, 74301 MiB, 143771 MiB
2026/08/05 19:04:52.662, NVIDIA H200, 50, 100 %, 41 %, 74301 MiB, 143771 MiB
2026/08/05 19:04:55.663, NVIDIA H200, 49, 100 %, 40 %, 74301 MiB, 143771 MiB
2026/08/05 19:04:58.664, NVIDIA H200, 50, 98 %, 35 %, 74301 MiB, 143771 MiB
2026/08/05 19:05:01.664, NVIDIA H200, 50, 100 %, 39 %, 74301 MiB, 143771 MiB
2026/08/05 19:05:04.665, NVIDIA H200, 49, 100 %, 40 %, 74301 MiB, 143771 MiB
2026/08/05 19:05:07.665, NVIDIA H200, 49, 98 %, 40 %, 74301 MiB, 143771 MiB
2026/08/05 19:05:10.666, NVIDIA H200, 46, 77 %, 36 %, 74301 MiB, 143771 MiB
2026/08/05 19:05:13.666, NVIDIA H200, 50, 100 %, 45 %, 74301 MiB, 143771 MiB
2026/08/05 19:05:16.667, NVIDIA H200, 47, 100 %, 37 %, 74301 MiB, 143771 MiB
2026/08/05 19:05:19.668, NVIDIA H200, 52, 100 %, 50 %, 74301 MiB, 143771 MiB
2026/08/05 19:05:22.668, NVIDIA H200, 49, 100 %, 42 %, 74301 MiB, 143771 MiB
2026/08/05 19:05:25.669, NVIDIA H200, 51, 99 %, 50 %, 74301 MiB, 143771 MiB
2026/08/05 19:05:28.670, NVIDIA H200, 51, 72 %, 34 %, 74301 MiB, 143771 MiB
2026/08/05 19:05:31.670, NVIDIA H200, 51, 100 %, 41 %, 74301 MiB, 143771 MiB
2026/08/05 19:05:34.671, NVIDIA H200, 44, 100 %, 56 %, 74301 MiB, 143771 MiB
2026/08/05 19:05:37.672, NVIDIA H200, 50, 99 %, 44 %, 74301 MiB, 143771 MiB
2026/08/05 19:05:40.672, NVIDIA H200, 50, 100 %, 41 %, 74301 MiB, 143771 MiB
2026/08/05 19:05:43.673, NVIDIA H200, 49, 98 %, 39 %, 74301 MiB, 143771 MiB
2026/08/05 19:05:46.673, NVIDIA H200, 49, 96 %, 57 %, 74301 MiB, 143771 MiB
2026/08/05 19:05:49.674, NVIDIA H200, 49, 100 %, 50 %, 74301 MiB, 143771 MiB
2026/08/05 19:05:52.675, NVIDIA H200, 50, 100 %, 49 %, 74301 MiB, 143771 MiB
2026/08/05 19:05:55.675, NVIDIA H200, 49, 100 %, 43 %, 74301 MiB, 143771 MiB
2026/08/05 19:05:58.676, NVIDIA H200, 50, 100 %, 39 %, 74301 MiB, 143771 MiB
2026/08/05 19:06:01.677, NVIDIA H200, 49, 99 %, 44 %, 74301 MiB, 143771 MiB
2026/08/05 19:06:04.677, NVIDIA H200, 49, 100 %, 52 %, 74301 MiB, 143771 MiB
2026/08/05 19:06:07.678, NVIDIA H200, 35, 0 %, 0 %, 74301 MiB, 143771 MiB
2026/08/05 19:06:10.678, NVIDIA H200, 32, 0 %, 0 %, 74301 MiB, 143771 MiB
2026/08/05 19:06:13.679, NVIDIA H200, 43, 100 %, 48 %, 74301 MiB, 143771 MiB
2026/08/05 19:06:16.681, NVIDIA H200, 34, 0 %, 0 %, 74301 MiB, 143771 MiB
2026/08/05 19:06:19.682, NVIDIA H200, 31, 0 %, 0 %, 74301 MiB, 143771 MiB
2026/08/05 19:06:22.682, NVIDIA H200, 34, 0 %, 0 %, 74301 MiB, 143771 MiB
2026/08/05 19:06:25.683, NVIDIA H200, 50, 100 %, 44 %, 74301 MiB, 143771 MiB
2026/08/05 19:06:28.684, NVIDIA H200, 46, 19 %, 14 %, 74301 MiB, 143771 MiB
2026/08/05 19:06:31.684, NVIDIA H200, 50, 100 %, 46 %, 74301 MiB, 143771 MiB
2026/08/05 19:06:34.685, NVIDIA H200, 53, 100 %, 39 %, 74301 MiB, 143771 MiB
2026/08/05 19:06:37.686, NVIDIA H200, 40, 66 %, 33 %, 74301 MiB, 143771 MiB
2026/08/05 19:06:40.686, NVIDIA H200, 41, 100 %, 50 %, 74301 MiB, 143771 MiB
2026/08/05 19:06:43.687, NVIDIA H200, 52, 100 %, 37 %, 74301 MiB, 143771 MiB
2026/08/05 19:06:46.688, NVIDIA H200, 51, 71 %, 22 %, 74301 MiB, 143771 MiB
2026/08/05 19:06:49.689, NVIDIA H200, 50, 100 %, 41 %, 74301 MiB, 143771 MiB
2026/08/05 19:06:52.689, NVIDIA H200, 53, 100 %, 43 %, 74301 MiB, 143771 MiB
2026/08/05 19:06:55.690, NVIDIA H200, 50, 98 %, 54 %, 74301 MiB, 143771 MiB
2026/08/05 19:06:58.691, NVIDIA H200, 49, 100 %, 41 %, 74301 MiB, 143771 MiB
2026/08/05 19:07:01.691, NVIDIA H200, 51, 100 %, 33 %, 74301 MiB, 143771 MiB
2026/08/05 19:07:04.692, NVIDIA H200, 49, 100 %, 55 %, 74301 MiB, 143771 MiB
2026/08/05 19:07:07.693, NVIDIA H200, 52, 100 %, 47 %, 74301 MiB, 143771 MiB
2026/08/05 19:07:10.693, NVIDIA H200, 50, 100 %, 47 %, 74301 MiB, 143771 MiB
2026/08/05 19:07:13.694, NVIDIA H200, 49, 81 %, 46 %, 74301 MiB, 143771 MiB
2026/08/05 19:07:16.697, NVIDIA H200, 52, 100 %, 40 %, 74301 MiB, 143771 MiB
2026/08/05 19:07:19.698, NVIDIA H200, 52, 100 %, 45 %, 74301 MiB, 143771 MiB
2026/08/05 19:07:22.698, NVIDIA H200, 41, 97 %, 45 %, 74301 MiB, 143771 MiB
2026/08/05 19:07:25.699, NVIDIA H200, 42, 100 %, 47 %, 74301 MiB, 143771 MiB
2026/08/05 19:07:28.699, NVIDIA H200, 50, 100 %, 49 %, 74301 MiB, 143771 MiB
2026/08/05 19:07:31.700, NVIDIA H200, 51, 100 %, 37 %, 74301 MiB, 143771 MiB
2026/08/05 19:07:34.701, NVIDIA H200, 50, 95 %, 50 %, 74301 MiB, 143771 MiB
2026/08/05 19:07:37.701, NVIDIA H200, 50, 100 %, 51 %, 74301 MiB, 143771 MiB
2026/08/05 19:07:40.702, NVIDIA H200, 51, 100 %, 45 %, 74301 MiB, 143771 MiB
2026/08/05 19:07:43.702, NVIDIA H200, 48, 100 %, 44 %, 74301 MiB, 143771 MiB
2026/08/05 19:07:46.705, NVIDIA H200, 50, 100 %, 43 %, 74301 MiB, 143771 MiB
2026/08/05 19:07:49.706, NVIDIA H200, 33, 0 %, 0 %, 74301 MiB, 143771 MiB
2026/08/05 19:07:52.706, NVIDIA H200, 32, 0 %, 0 %, 74301 MiB, 143771 MiB
2026/08/05 19:07:55.707, NVIDIA H200, 49, 99 %, 37 %, 74301 MiB, 143771 MiB
2026/08/05 19:07:58.708, NVIDIA H200, 33, 0 %, 0 %, 74301 MiB, 143771 MiB
2026/08/05 19:08:01.709, NVIDIA H200, 46, 100 %, 39 %, 74301 MiB, 143771 MiB
2026/08/05 19:08:04.710, NVIDIA H200, 31, 0 %, 0 %, 74301 MiB, 143771 MiB
2026/08/05 19:08:07.710, NVIDIA H200, 46, 62 %, 33 %, 74301 MiB, 143771 MiB
2026/08/05 19:08:10.711, NVIDIA H200, 50, 100 %, 40 %, 74301 MiB, 143771 MiB
2026/08/05 19:08:13.711, NVIDIA H200, 45, 100 %, 46 %, 74301 MiB, 143771 MiB
2026/08/05 19:08:16.712, NVIDIA H200, 53, 100 %, 42 %, 74301 MiB, 143771 MiB
2026/08/05 19:08:19.713, NVIDIA H200, 50, 97 %, 56 %, 74301 MiB, 143771 MiB
2026/08/05 19:08:22.714, NVIDIA H200, 49, 100 %, 45 %, 74301 MiB, 143771 MiB
2026/08/05 19:08:25.714, NVIDIA H200, 49, 60 %, 32 %, 74301 MiB, 143771 MiB
2026/08/05 19:08:28.715, NVIDIA H200, 52, 98 %, 32 %, 74301 MiB, 143771 MiB
2026/08/05 19:08:31.715, NVIDIA H200, 50, 100 %, 39 %, 74301 MiB, 143771 MiB
2026/08/05 19:08:34.716, NVIDIA H200, 49, 78 %, 45 %, 74301 MiB, 143771 MiB
2026/08/05 19:08:37.717, NVIDIA H200, 50, 98 %, 40 %, 74301 MiB, 143771 MiB
2026/08/05 19:08:40.717, NVIDIA H200, 47, 100 %, 45 %, 74301 MiB, 143771 MiB
2026/08/05 19:08:43.718, NVIDIA H200, 53, 100 %, 35 %, 74301 MiB, 143771 MiB
2026/08/05 19:08:46.718, NVIDIA H200, 43, 100 %, 45 %, 74301 MiB, 143771 MiB
2026/08/05 19:08:49.719, NVIDIA H200, 49, 100 %, 33 %, 74301 MiB, 143771 MiB
2026/08/05 19:08:52.721, NVIDIA H200, 51, 100 %, 40 %, 74301 MiB, 143771 MiB
2026/08/05 19:08:55.722, NVIDIA H200, 45, 100 %, 47 %, 74301 MiB, 143771 MiB
2026/08/05 19:08:58.723, NVIDIA H200, 49, 98 %, 52 %, 74301 MiB, 143771 MiB
2026/08/05 19:09:01.723, NVIDIA H200, 51, 100 %, 39 %, 74301 MiB, 143771 MiB
2026/08/05 19:09:04.724, NVIDIA H200, 48, 100 %, 52 %, 74301 MiB, 143771 MiB
2026/08/05 19:09:07.724, NVIDIA H200, 52, 100 %, 41 %, 74301 MiB, 143771 MiB
2026/08/05 19:09:10.725, NVIDIA H200, 51, 100 %, 48 %, 74301 MiB, 143771 MiB
2026/08/05 19:09:13.725, NVIDIA H200, 51, 100 %, 41 %, 74301 MiB, 143771 MiB
2026/08/05 19:09:16.726, NVIDIA H200, 51, 98 %, 53 %, 74301 MiB, 143771 MiB
2026/08/05 19:09:19.727, NVIDIA H200, 52, 100 %, 54 %, 74301 MiB, 143771 MiB
2026/08/05 19:09:22.727, NVIDIA H200, 47, 98 %, 45 %, 74301 MiB, 143771 MiB
2026/08/05 19:09:25.728, NVIDIA H200, 50, 100 %, 40 %, 74301 MiB, 143771 MiB
2026/08/05 19:09:28.728, NVIDIA H200, 50, 100 %, 37 %, 74301 MiB, 143771 MiB
2026/08/05 19:09:31.729, NVIDIA H200, 33, 0 %, 0 %, 74301 MiB, 143771 MiB
2026/08/05 19:09:34.730, NVIDIA H200, 38, 23 %, 2 %, 74301 MiB, 143771 MiB
2026/08/05 19:09:37.730, NVIDIA H200, 34, 0 %, 0 %, 74301 MiB, 143771 MiB
2026/08/05 19:09:40.731, NVIDIA H200, 33, 0 %, 0 %, 74301 MiB, 143771 MiB
2026/08/05 19:09:43.731, NVIDIA H200, 32, 0 %, 0 %, 74301 MiB, 143771 MiB
2026/08/05 19:09:46.732, NVIDIA H200, 46, 100 %, 32 %, 74301 MiB, 143771 MiB
2026/08/05 19:09:49.733, NVIDIA H200, 51, 100 %, 52 %, 74301 MiB, 143771 MiB
2026/08/05 19:09:52.733, NVIDIA H200, 50, 100 %, 43 %, 74301 MiB, 143771 MiB
2026/08/05 19:09:55.734, NVIDIA H200, 43, 34 %, 15 %, 74301 MiB, 143771 MiB
2026/08/05 19:09:58.734, NVIDIA H200, 49, 100 %, 30 %, 74301 MiB, 143771 MiB
2026/08/05 19:10:01.735, NVIDIA H200, 51, 100 %, 52 %, 74301 MiB, 143771 MiB
2026/08/05 19:10:04.735, NVIDIA H200, 47, 100 %, 46 %, 74301 MiB, 143771 MiB
2026/08/05 19:10:07.736, NVIDIA H200, 51, 100 %, 40 %, 74301 MiB, 143771 MiB
2026/08/05 19:10:10.737, NVIDIA H200, 49, 100 %, 51 %, 74301 MiB, 143771 MiB
2026/08/05 19:10:13.738, NVIDIA H200, 51, 100 %, 41 %, 74301 MiB, 143771 MiB
2026/08/05 19:10:16.738, NVIDIA H200, 51, 100 %, 45 %, 74301 MiB, 143771 MiB
2026/08/05 19:10:19.739, NVIDIA H200, 49, 100 %, 49 %, 74301 MiB, 143771 MiB
2026/08/05 19:10:22.739, NVIDIA H200, 50, 99 %, 47 %, 74301 MiB, 143771 MiB
2026/08/05 19:10:25.740, NVIDIA H200, 42, 100 %, 48 %, 74301 MiB, 143771 MiB
2026/08/05 19:10:28.741, NVIDIA H200, 49, 100 %, 54 %, 74301 MiB, 143771 MiB
2026/08/05 19:10:31.741, NVIDIA H200, 49, 100 %, 50 %, 74301 MiB, 143771 MiB
2026/08/05 19:10:34.742, NVIDIA H200, 45, 100 %, 47 %, 74301 MiB, 143771 MiB
2026/08/05 19:10:37.742, NVIDIA H200, 50, 61 %, 32 %, 74301 MiB, 143771 MiB
2026/08/05 19:10:40.743, NVIDIA H200, 50, 100 %, 39 %, 74301 MiB, 143771 MiB
2026/08/05 19:10:43.743, NVIDIA H200, 50, 98 %, 45 %, 74301 MiB, 143771 MiB
2026/08/05 19:10:46.744, NVIDIA H200, 48, 100 %, 49 %, 74301 MiB, 143771 MiB
2026/08/05 19:10:49.745, NVIDIA H200, 50, 100 %, 40 %, 74301 MiB, 143771 MiB
2026/08/05 19:10:52.746, NVIDIA H200, 49, 98 %, 56 %, 74301 MiB, 143771 MiB
2026/08/05 19:10:55.747, NVIDIA H200, 45, 100 %, 44 %, 74301 MiB, 143771 MiB
2026/08/05 19:10:58.747, NVIDIA H200, 51, 100 %, 37 %, 74301 MiB, 143771 MiB
2026/08/05 19:11:01.748, NVIDIA H200, 49, 99 %, 50 %, 74301 MiB, 143771 MiB
2026/08/05 19:11:04.748, NVIDIA H200, 50, 100 %, 49 %, 74301 MiB, 143771 MiB
2026/08/05 19:11:07.749, NVIDIA H200, 50, 100 %, 46 %, 74301 MiB, 143771 MiB
2026/08/05 19:11:10.750, NVIDIA H200, 42, 100 %, 45 %, 74301 MiB, 143771 MiB
2026/08/05 19:11:13.750, NVIDIA H200, 32, 0 %, 0 %, 74301 MiB, 143771 MiB
2026/08/05 19:11:16.751, NVIDIA H200, 34, 0 %, 0 %, 74301 MiB, 143771 MiB
2026/08/05 19:11:19.751, NVIDIA H200, 35, 0 %, 0 %, 74301 MiB, 143771 MiB
2026/08/05 19:11:22.752, NVIDIA H200, 32, 0 %, 0 %, 74301 MiB, 143771 MiB
2026/08/05 19:11:25.753, NVIDIA H200, 46, 70 %, 31 %, 74301 MiB, 143771 MiB
2026/08/05 19:11:28.754, NVIDIA H200, 50, 98 %, 47 %, 74301 MiB, 143771 MiB
2026/08/05 19:11:31.754, NVIDIA H200, 48, 100 %, 44 %, 74301 MiB, 143771 MiB
2026/08/05 19:11:34.755, NVIDIA H200, 51, 96 %, 37 %, 74301 MiB, 143771 MiB
2026/08/05 19:11:37.755, NVIDIA H200, 48, 99 %, 53 %, 74301 MiB, 143771 MiB
2026/08/05 19:11:40.756, NVIDIA H200, 51, 100 %, 30 %, 74301 MiB, 143771 MiB
2026/08/05 19:11:43.756, NVIDIA H200, 51, 100 %, 47 %, 74301 MiB, 143771 MiB
2026/08/05 19:11:46.757, NVIDIA H200, 50, 98 %, 48 %, 74301 MiB, 143771 MiB
2026/08/05 19:11:49.757, NVIDIA H200, 45, 100 %, 53 %, 74301 MiB, 143771 MiB
2026/08/05 19:11:52.758, NVIDIA H200, 46, 100 %, 46 %, 74301 MiB, 143771 MiB
2026/08/05 19:11:55.759, NVIDIA H200, 49, 98 %, 51 %, 74301 MiB, 143771 MiB
2026/08/05 19:11:58.759, NVIDIA H200, 50, 100 %, 41 %, 74301 MiB, 143771 MiB
2026/08/05 19:12:01.760, NVIDIA H200, 47, 67 %, 27 %, 74301 MiB, 143771 MiB
2026/08/05 19:12:04.760, NVIDIA H200, 51, 100 %, 40 %, 74301 MiB, 143771 MiB
2026/08/05 19:12:07.761, NVIDIA H200, 48, 100 %, 54 %, 74301 MiB, 143771 MiB
2026/08/05 19:12:10.762, NVIDIA H200, 50, 100 %, 40 %, 74301 MiB, 143771 MiB
2026/08/05 19:12:13.762, NVIDIA H200, 49, 79 %, 37 %, 74301 MiB, 143771 MiB
2026/08/05 19:12:16.763, NVIDIA H200, 50, 100 %, 40 %, 74301 MiB, 143771 MiB
2026/08/05 19:12:19.763, NVIDIA H200, 46, 100 %, 45 %, 74301 MiB, 143771 MiB
2026/08/05 19:12:22.764, NVIDIA H200, 48, 68 %, 36 %, 74301 MiB, 143771 MiB
2026/08/05 19:12:25.765, NVIDIA H200, 48, 100 %, 43 %, 74301 MiB, 143771 MiB
2026/08/05 19:12:28.765, NVIDIA H200, 50, 99 %, 52 %, 74301 MiB, 143771 MiB
2026/08/05 19:12:31.766, NVIDIA H200, 49, 100 %, 43 %, 74301 MiB, 143771 MiB
2026/08/05 19:12:34.766, NVIDIA H200, 53, 100 %, 40 %, 74301 MiB, 143771 MiB
2026/08/05 19:12:37.767, NVIDIA H200, 49, 98 %, 51 %, 74301 MiB, 143771 MiB
2026/08/05 19:12:40.767, NVIDIA H200, 50, 100 %, 45 %, 74301 MiB, 143771 MiB
2026/08/05 19:12:43.768, NVIDIA H200, 51, 100 %, 46 %, 74301 MiB, 143771 MiB
2026/08/05 19:12:46.768, NVIDIA H200, 50, 100 %, 40 %, 74301 MiB, 143771 MiB
2026/08/05 19:12:49.769, NVIDIA H200, 50, 100 %, 45 %, 74301 MiB, 143771 MiB
2026/08/05 19:12:52.770, NVIDIA H200, 35, 0 %, 0 %, 74301 MiB, 143771 MiB
2026/08/05 19:12:55.771, NVIDIA H200, 42, 99 %, 44 %, 74301 MiB, 143771 MiB
2026/08/05 19:12:58.771, NVIDIA H200, 34, 0 %, 0 %, 74301 MiB, 143771 MiB
2026/08/05 19:13:01.772, NVIDIA H200, 31, 0 %, 0 %, 74301 MiB, 143771 MiB
2026/08/05 19:13:04.773, NVIDIA H200, 31, 0 %, 0 %, 74301 MiB, 143771 MiB
2026/08/05 19:13:07.773, NVIDIA H200, 31, 0 %, 0 %, 74301 MiB, 143771 MiB
2026/08/05 19:13:10.774, NVIDIA H200, 47, 100 %, 47 %, 74301 MiB, 143771 MiB
2026/08/05 19:13:13.775, NVIDIA H200, 42, 98 %, 51 %, 74301 MiB, 143771 MiB
2026/08/05 19:13:16.775, NVIDIA H200, 49, 100 %, 44 %, 74301 MiB, 143771 MiB
2026/08/05 19:13:19.776, NVIDIA H200, 48, 62 %, 32 %, 74301 MiB, 143771 MiB
2026/08/05 19:13:22.777, NVIDIA H200, 49, 100 %, 39 %, 74301 MiB, 143771 MiB
2026/08/05 19:13:25.777, NVIDIA H200, 52, 100 %, 31 %, 74301 MiB, 143771 MiB
2026/08/05 19:13:28.778, NVIDIA H200, 50, 100 %, 47 %, 74301 MiB, 143771 MiB
2026/08/05 19:13:31.778, NVIDIA H200, 49, 100 %, 45 %, 74301 MiB, 143771 MiB
2026/08/05 19:13:34.779, NVIDIA H200, 51, 100 %, 42 %, 74301 MiB, 143771 MiB
2026/08/05 19:13:37.779, NVIDIA H200, 49, 100 %, 47 %, 74301 MiB, 143771 MiB
2026/08/05 19:13:40.780, NVIDIA H200, 51, 98 %, 39 %, 74301 MiB, 143771 MiB
2026/08/05 19:13:43.781, NVIDIA H200, 51, 100 %, 43 %, 74301 MiB, 143771 MiB
2026/08/05 19:13:46.781, NVIDIA H200, 49, 100 %, 53 %, 74301 MiB, 143771 MiB
2026/08/05 19:13:49.782, NVIDIA H200, 49, 100 %, 45 %, 74301 MiB, 143771 MiB
2026/08/05 19:13:52.783, NVIDIA H200, 51, 100 %, 38 %, 74301 MiB, 143771 MiB
2026/08/05 19:13:55.784, NVIDIA H200, 49, 99 %, 53 %, 74301 MiB, 143771 MiB
2026/08/05 19:13:58.784, NVIDIA H200, 52, 98 %, 33 %, 74301 MiB, 143771 MiB
2026/08/05 19:14:01.785, NVIDIA H200, 49, 100 %, 41 %, 74301 MiB, 143771 MiB
2026/08/05 19:14:04.786, NVIDIA H200, 52, 98 %, 40 %, 74301 MiB, 143771 MiB
2026/08/05 19:14:07.786, NVIDIA H200, 51, 100 %, 47 %, 74301 MiB, 143771 MiB
2026/08/05 19:14:10.787, NVIDIA H200, 46, 13 %, 0 %, 74301 MiB, 143771 MiB
2026/08/05 19:14:13.788, NVIDIA H200, 50, 100 %, 37 %, 74301 MiB, 143771 MiB
2026/08/05 19:14:16.788, NVIDIA H200, 49, 99 %, 53 %, 74301 MiB, 143771 MiB
2026/08/05 19:14:19.789, NVIDIA H200, 52, 100 %, 41 %, 74301 MiB, 143771 MiB
2026/08/05 19:14:22.789, NVIDIA H200, 50, 100 %, 40 %, 74301 MiB, 143771 MiB
2026/08/05 19:14:25.790, NVIDIA H200, 49, 98 %, 55 %, 74301 MiB, 143771 MiB
2026/08/05 19:14:28.790, NVIDIA H200, 52, 100 %, 46 %, 74301 MiB, 143771 MiB
2026/08/05 19:14:31.791, NVIDIA H200, 47, 100 %, 46 %, 74301 MiB, 143771 MiB
2026/08/05 19:14:34.791, NVIDIA H200, 37, 0 %, 0 %, 74301 MiB, 143771 MiB
2026/08/05 19:14:37.791, NVIDIA H200, 32, 0 %, 0 %, 74301 MiB, 143771 MiB
2026/08/05 19:14:40.792, NVIDIA H200, 47, 99 %, 42 %, 74301 MiB, 143771 MiB
2026/08/05 19:14:43.792, NVIDIA H200, 33, 0 %, 0 %, 74301 MiB, 143771 MiB
2026/08/05 19:14:46.793, NVIDIA H200, 48, 100 %, 39 %, 74301 MiB, 143771 MiB
2026/08/05 19:14:49.793, NVIDIA H200, 49, 97 %, 45 %, 74301 MiB, 143771 MiB
2026/08/05 19:14:52.794, NVIDIA H200, 50, 100 %, 45 %, 74301 MiB, 143771 MiB
2026/08/05 19:14:55.794, NVIDIA H200, 49, 100 %, 45 %, 74301 MiB, 143771 MiB
2026/08/05 19:14:58.795, NVIDIA H200, 48, 90 %, 36 %, 74301 MiB, 143771 MiB
2026/08/05 19:15:01.795, NVIDIA H200, 50, 100 %, 44 %, 74301 MiB, 143771 MiB
2026/08/05 19:15:04.796, NVIDIA H200, 48, 98 %, 38 %, 74301 MiB, 143771 MiB
2026/08/05 19:15:07.796, NVIDIA H200, 53, 100 %, 45 %, 74301 MiB, 143771 MiB
2026/08/05 19:15:10.797, NVIDIA H200, 51, 100 %, 53 %, 74301 MiB, 143771 MiB
2026/08/05 19:15:13.797, NVIDIA H200, 52, 100 %, 48 %, 74301 MiB, 143771 MiB
2026/08/05 19:15:16.797, NVIDIA H200, 48, 100 %, 48 %, 74301 MiB, 143771 MiB
2026/08/05 19:15:19.798, NVIDIA H200, 51, 100 %, 40 %, 74301 MiB, 143771 MiB
2026/08/05 19:15:22.799, NVIDIA H200, 48, 3 %, 0 %, 74301 MiB, 143771 MiB
2026/08/05 19:15:25.799, NVIDIA H200, 49, 98 %, 60 %, 74301 MiB, 143771 MiB
2026/08/05 19:15:28.800, NVIDIA H200, 45, 100 %, 43 %, 74301 MiB, 143771 MiB
2026/08/05 19:15:31.800, NVIDIA H200, 48, 85 %, 34 %, 74301 MiB, 143771 MiB
2026/08/05 19:15:34.801, NVIDIA H200, 49, 100 %, 45 %, 74301 MiB, 143771 MiB
2026/08/05 19:15:37.801, NVIDIA H200, 51, 100 %, 43 %, 74301 MiB, 143771 MiB
2026/08/05 19:15:40.802, NVIDIA H200, 51, 97 %, 39 %, 74301 MiB, 143771 MiB
2026/08/05 19:15:43.802, NVIDIA H200, 50, 100 %, 46 %, 74301 MiB, 143771 MiB
2026/08/05 19:15:46.803, NVIDIA H200, 49, 100 %, 50 %, 74301 MiB, 143771 MiB
2026/08/05 19:15:49.803, NVIDIA H200, 50, 100 %, 39 %, 74301 MiB, 143771 MiB
2026/08/05 19:15:52.804, NVIDIA H200, 49, 99 %, 60 %, 74301 MiB, 143771 MiB
2026/08/05 19:15:55.804, NVIDIA H200, 49, 99 %, 43 %, 74301 MiB, 143771 MiB
2026/08/05 19:15:58.805, NVIDIA H200, 52, 100 %, 49 %, 74301 MiB, 143771 MiB
2026/08/05 19:16:01.805, NVIDIA H200, 51, 100 %, 41 %, 74301 MiB, 143771 MiB
2026/08/05 19:16:04.805, NVIDIA H200, 53, 100 %, 35 %, 74301 MiB, 143771 MiB
2026/08/05 19:16:07.806, NVIDIA H200, 50, 98 %, 58 %, 74301 MiB, 143771 MiB
2026/08/05 19:16:10.806, NVIDIA H200, 35, 0 %, 0 %, 74301 MiB, 143771 MiB
2026/08/05 19:16:13.807, NVIDIA H200, 32, 0 %, 0 %, 74301 MiB, 143771 MiB
2026/08/05 19:16:16.807, NVIDIA H200, 44, 6 %, 0 %, 74301 MiB, 143771 MiB
2026/08/05 19:16:19.808, NVIDIA H200, 33, 0 %, 0 %, 74301 MiB, 143771 MiB
2026/08/05 19:16:22.808, NVIDIA H200, 31, 0 %, 0 %, 74301 MiB, 143771 MiB
2026/08/05 19:16:25.809, NVIDIA H200, 46, 31 %, 18 %, 74301 MiB, 143771 MiB
2026/08/05 19:16:28.809, NVIDIA H200, 51, 100 %, 46 %, 74301 MiB, 143771 MiB
2026/08/05 19:16:31.810, NVIDIA H200, 49, 83 %, 41 %, 74301 MiB, 143771 MiB
2026/08/05 19:16:34.810, NVIDIA H200, 44, 100 %, 43 %, 74301 MiB, 143771 MiB
2026/08/05 19:16:37.811, NVIDIA H200, 49, 99 %, 38 %, 74301 MiB, 143771 MiB
2026/08/05 19:16:40.811, NVIDIA H200, 49, 100 %, 42 %, 74301 MiB, 143771 MiB
2026/08/05 19:16:43.812, NVIDIA H200, 52, 100 %, 32 %, 74301 MiB, 143771 MiB
2026/08/05 19:16:46.812, NVIDIA H200, 49, 100 %, 55 %, 74301 MiB, 143771 MiB
2026/08/05 19:16:49.813, NVIDIA H200, 51, 100 %, 50 %, 74301 MiB, 143771 MiB
2026/08/05 19:16:52.813, NVIDIA H200, 50, 100 %, 49 %, 74301 MiB, 143771 MiB
2026/08/05 19:16:55.814, NVIDIA H200, 51, 98 %, 51 %, 74301 MiB, 143771 MiB
2026/08/05 19:16:58.814, NVIDIA H200, 49, 99 %, 41 %, 74301 MiB, 143771 MiB
2026/08/05 19:17:01.815, NVIDIA H200, 48, 100 %, 44 %, 74301 MiB, 143771 MiB
2026/08/05 19:17:04.815, NVIDIA H200, 51, 100 %, 30 %, 74301 MiB, 143771 MiB
2026/08/05 19:17:07.816, NVIDIA H200, 47, 73 %, 38 %, 74301 MiB, 143771 MiB
2026/08/05 19:17:10.816, NVIDIA H200, 50, 100 %, 41 %, 74301 MiB, 143771 MiB
2026/08/05 19:17:13.817, NVIDIA H200, 51, 98 %, 32 %, 74301 MiB, 143771 MiB
2026/08/05 19:17:16.817, NVIDIA H200, 51, 99 %, 48 %, 74301 MiB, 143771 MiB
2026/08/05 19:17:19.818, NVIDIA H200, 49, 98 %, 40 %, 74301 MiB, 143771 MiB
2026/08/05 19:17:22.818, NVIDIA H200, 50, 100 %, 41 %, 74301 MiB, 143771 MiB
2026/08/05 19:17:25.819, NVIDIA H200, 51, 100 %, 38 %, 74301 MiB, 143771 MiB
2026/08/05 19:17:28.819, NVIDIA H200, 51, 99 %, 47 %, 74301 MiB, 143771 MiB
2026/08/05 19:17:31.820, NVIDIA H200, 49, 95 %, 37 %, 74301 MiB, 143771 MiB
2026/08/05 19:17:34.820, NVIDIA H200, 52, 100 %, 43 %, 74301 MiB, 143771 MiB
2026/08/05 19:17:37.821, NVIDIA H200, 50, 100 %, 39 %, 74301 MiB, 143771 MiB
2026/08/05 19:17:40.821, NVIDIA H200, 53, 100 %, 37 %, 74301 MiB, 143771 MiB
2026/08/05 19:17:43.821, NVIDIA H200, 51, 99 %, 50 %, 74301 MiB, 143771 MiB
2026/08/05 19:17:46.822, NVIDIA H200, 39, 0 %, 0 %, 74301 MiB, 143771 MiB
2026/08/05 19:17:49.822, NVIDIA H200, 33, 0 %, 0 %, 74301 MiB, 143771 MiB
2026/08/05 19:17:52.823, NVIDIA H200, 33, 0 %, 0 %, 74301 MiB, 143771 MiB
2026/08/05 19:17:55.823, NVIDIA H200, 34, 0 %, 0 %, 74301 MiB, 143771 MiB
2026/08/05 19:17:58.824, NVIDIA H200, 32, 0 %, 0 %, 74301 MiB, 143771 MiB
2026/08/05 19:18:01.824, NVIDIA H200, 44, 99 %, 54 %, 74301 MiB, 143771 MiB
2026/08/05 19:18:04.824, NVIDIA H200, 50, 99 %, 34 %, 74301 MiB, 143771 MiB
2026/08/05 19:18:07.825, NVIDIA H200, 49, 99 %, 49 %, 74301 MiB, 143771 MiB
2026/08/05 19:18:10.825, NVIDIA H200, 49, 100 %, 50 %, 74301 MiB, 143771 MiB
2026/08/05 19:18:13.826, NVIDIA H200, 47, 92 %, 48 %, 74301 MiB, 143771 MiB
2026/08/05 19:18:16.827, NVIDIA H200, 50, 100 %, 39 %, 74301 MiB, 143771 MiB
2026/08/05 19:18:19.827, NVIDIA H200, 51, 99 %, 48 %, 74301 MiB, 143771 MiB
2026/08/05 19:18:22.828, NVIDIA H200, 48, 59 %, 20 %, 74301 MiB, 143771 MiB
2026/08/05 19:18:25.828, NVIDIA H200, 52, 100 %, 41 %, 74301 MiB, 143771 MiB
2026/08/05 19:18:28.829, NVIDIA H200, 49, 100 %, 36 %, 74301 MiB, 143771 MiB
2026/08/05 19:18:31.829, NVIDIA H200, 49, 100 %, 51 %, 74301 MiB, 143771 MiB
2026/08/05 19:18:34.830, NVIDIA H200, 49, 100 %, 43 %, 74301 MiB, 143771 MiB
2026/08/05 19:18:37.830, NVIDIA H200, 49, 98 %, 52 %, 74301 MiB, 143771 MiB
2026/08/05 19:18:40.831, NVIDIA H200, 50, 100 %, 45 %, 74301 MiB, 143771 MiB
2026/08/05 19:18:43.831, NVIDIA H200, 50, 98 %, 50 %, 74301 MiB, 143771 MiB
2026/08/05 19:18:46.832, NVIDIA H200, 44, 54 %, 29 %, 74301 MiB, 143771 MiB
2026/08/05 19:18:49.833, NVIDIA H200, 50, 100 %, 40 %, 74301 MiB, 143771 MiB
2026/08/05 19:18:52.833, NVIDIA H200, 47, 90 %, 47 %, 74301 MiB, 143771 MiB
2026/08/05 19:18:55.834, NVIDIA H200, 49, 100 %, 45 %, 74301 MiB, 143771 MiB
2026/08/05 19:18:58.834, NVIDIA H200, 48, 100 %, 50 %, 74301 MiB, 143771 MiB
2026/08/05 19:19:01.835, NVIDIA H200, 49, 100 %, 30 %, 74301 MiB, 143771 MiB
2026/08/05 19:19:04.835, NVIDIA H200, 51, 100 %, 53 %, 74301 MiB, 143771 MiB
2026/08/05 19:19:07.836, NVIDIA H200, 52, 100 %, 48 %, 74301 MiB, 143771 MiB
2026/08/05 19:19:10.836, NVIDIA H200, 50, 100 %, 42 %, 74301 MiB, 143771 MiB
2026/08/05 19:19:13.837, NVIDIA H200, 48, 99 %, 54 %, 74301 MiB, 143771 MiB
2026/08/05 19:19:16.837, NVIDIA H200, 53, 100 %, 50 %, 74301 MiB, 143771 MiB
2026/08/05 19:19:19.838, NVIDIA H200, 49, 99 %, 39 %, 74301 MiB, 143771 MiB
2026/08/05 19:19:22.838, NVIDIA H200, 53, 100 %, 45 %, 74301 MiB, 143771 MiB
2026/08/05 19:19:25.839, NVIDIA H200, 34, 0 %, 0 %, 74301 MiB, 143771 MiB
2026/08/05 19:19:28.839, NVIDIA H200, 33, 0 %, 0 %, 74301 MiB, 143771 MiB
2026/08/05 19:19:31.840, NVIDIA H200, 39, 66 %, 26 %, 74301 MiB, 143771 MiB
2026/08/05 19:19:34.841, NVIDIA H200, 33, 0 %, 0 %, 74301 MiB, 143771 MiB
2026/08/05 19:19:37.841, NVIDIA H200, 31, 0 %, 0 %, 74301 MiB, 143771 MiB
2026/08/05 19:19:40.842, NVIDIA H200, 47, 98 %, 52 %, 74301 MiB, 143771 MiB
2026/08/05 19:19:43.842, NVIDIA H200, 49, 100 %, 46 %, 74301 MiB, 143771 MiB
2026/08/05 19:19:46.843, NVIDIA H200, 48, 100 %, 48 %, 74301 MiB, 143771 MiB
2026/08/05 19:19:49.843, NVIDIA H200, 47, 100 %, 39 %, 74301 MiB, 143771 MiB
2026/08/05 19:19:52.844, NVIDIA H200, 49, 99 %, 53 %, 74301 MiB, 143771 MiB
2026/08/05 19:19:55.845, NVIDIA H200, 50, 100 %, 46 %, 74301 MiB, 143771 MiB
2026/08/05 19:19:58.845, NVIDIA H200, 49, 100 %, 48 %, 74301 MiB, 143771 MiB
2026/08/05 19:20:01.846, NVIDIA H200, 51, 99 %, 56 %, 74301 MiB, 143771 MiB
2026/08/05 19:20:04.846, NVIDIA H200, 49, 67 %, 29 %, 74301 MiB, 143771 MiB
2026/08/05 19:20:07.847, NVIDIA H200, 49, 100 %, 44 %, 74301 MiB, 143771 MiB
2026/08/05 19:20:10.847, NVIDIA H200, 49, 99 %, 48 %, 74301 MiB, 143771 MiB
2026/08/05 19:20:13.848, NVIDIA H200, 47, 99 %, 43 %, 74301 MiB, 143771 MiB
2026/08/05 19:20:16.849, NVIDIA H200, 50, 100 %, 43 %, 74301 MiB, 143771 MiB
2026/08/05 19:20:19.849, NVIDIA H200, 49, 99 %, 50 %, 74301 MiB, 143771 MiB
2026/08/05 19:20:22.850, NVIDIA H200, 50, 100 %, 44 %, 74301 MiB, 143771 MiB
2026/08/05 19:20:25.850, NVIDIA H200, 51, 100 %, 47 %, 74301 MiB, 143771 MiB
2026/08/05 19:20:28.851, NVIDIA H200, 51, 100 %, 49 %, 74301 MiB, 143771 MiB
2026/08/05 19:20:31.851, NVIDIA H200, 49, 100 %, 38 %, 74301 MiB, 143771 MiB
2026/08/05 19:20:34.852, NVIDIA H200, 48, 62 %, 23 %, 74301 MiB, 143771 MiB
2026/08/05 19:20:37.852, NVIDIA H200, 51, 100 %, 43 %, 74301 MiB, 143771 MiB
2026/08/05 19:20:40.853, NVIDIA H200, 49, 99 %, 52 %, 74301 MiB, 143771 MiB
2026/08/05 19:20:43.853, NVIDIA H200, 50, 99 %, 43 %, 74301 MiB, 143771 MiB
2026/08/05 19:20:46.854, NVIDIA H200, 49, 100 %, 44 %, 74301 MiB, 143771 MiB
2026/08/05 19:20:49.854, NVIDIA H200, 51, 100 %, 43 %, 74301 MiB, 143771 MiB
2026/08/05 19:20:52.855, NVIDIA H200, 50, 100 %, 46 %, 74301 MiB, 143771 MiB
2026/08/05 19:20:55.855, NVIDIA H200, 49, 100 %, 53 %, 74301 MiB, 143771 MiB
2026/08/05 19:20:58.856, NVIDIA H200, 52, 99 %, 41 %, 74301 MiB, 143771 MiB
2026/08/05 19:21:01.856, NVIDIA H200, 36, 0 %, 0 %, 74301 MiB, 143771 MiB
2026/08/05 19:21:04.857, NVIDIA H200, 32, 0 %, 0 %, 74301 MiB, 143771 MiB
2026/08/05 19:21:07.857, NVIDIA H200, 46, 99 %, 44 %, 74301 MiB, 143771 MiB
2026/08/05 19:21:10.858, NVIDIA H200, 32, 0 %, 0 %, 74301 MiB, 143771 MiB
2026/08/05 19:21:13.858, NVIDIA H200, 31, 0 %, 0 %, 74301 MiB, 143771 MiB
2026/08/05 19:21:16.859, NVIDIA H200, 30, 0 %, 0 %, 74301 MiB, 143771 MiB
2026/08/05 19:21:19.859, NVIDIA H200, 31, 0 %, 0 %, 74301 MiB, 143771 MiB
2026/08/05 19:21:22.860, NVIDIA H200, 48, 100 %, 43 %, 74301 MiB, 143771 MiB
2026/08/05 19:21:25.860, NVIDIA H200, 48, 98 %, 59 %, 74301 MiB, 143771 MiB
2026/08/05 19:21:28.861, NVIDIA H200, 51, 100 %, 43 %, 74301 MiB, 143771 MiB
2026/08/05 19:21:31.861, NVIDIA H200, 45, 100 %, 47 %, 74301 MiB, 143771 MiB
2026/08/05 19:21:34.862, NVIDIA H200, 49, 100 %, 39 %, 74301 MiB, 143771 MiB
2026/08/05 19:21:37.862, NVIDIA H200, 48, 99 %, 52 %, 74301 MiB, 143771 MiB
2026/08/05 19:21:40.863, NVIDIA H200, 51, 99 %, 43 %, 74301 MiB, 143771 MiB
2026/08/05 19:21:43.863, NVIDIA H200, 49, 100 %, 48 %, 74301 MiB, 143771 MiB
2026/08/05 19:21:46.864, NVIDIA H200, 51, 100 %, 40 %, 74301 MiB, 143771 MiB
2026/08/05 19:21:49.864, NVIDIA H200, 50, 99 %, 51 %, 74301 MiB, 143771 MiB
2026/08/05 19:21:52.865, NVIDIA H200, 52, 75 %, 30 %, 74301 MiB, 143771 MiB
2026/08/05 19:21:55.865, NVIDIA H200, 49, 100 %, 40 %, 74301 MiB, 143771 MiB
2026/08/05 19:21:58.866, NVIDIA H200, 50, 100 %, 37 %, 74301 MiB, 143771 MiB
2026/08/05 19:22:01.867, NVIDIA H200, 48, 99 %, 52 %, 74301 MiB, 143771 MiB
2026/08/05 19:22:04.867, NVIDIA H200, 51, 99 %, 36 %, 74301 MiB, 143771 MiB
2026/08/05 19:22:07.868, NVIDIA H200, 51, 100 %, 39 %, 74301 MiB, 143771 MiB
2026/08/05 19:22:10.868, NVIDIA H200, 48, 40 %, 13 %, 74301 MiB, 143771 MiB
2026/08/05 19:22:13.869, NVIDIA H200, 49, 100 %, 40 %, 74301 MiB, 143771 MiB
2026/08/05 19:22:16.869, NVIDIA H200, 52, 99 %, 41 %, 74301 MiB, 143771 MiB
2026/08/05 19:22:19.870, NVIDIA H200, 50, 100 %, 46 %, 74301 MiB, 143771 MiB
2026/08/05 19:22:22.871, NVIDIA H200, 51, 100 %, 40 %, 74301 MiB, 143771 MiB
2026/08/05 19:22:25.871, NVIDIA H200, 50, 99 %, 47 %, 74301 MiB, 143771 MiB
2026/08/05 19:22:28.872, NVIDIA H200, 50, 100 %, 43 %, 74301 MiB, 143771 MiB
2026/08/05 19:22:31.872, NVIDIA H200, 48, 100 %, 42 %, 74301 MiB, 143771 MiB
2026/08/05 19:22:34.872, NVIDIA H200, 51, 100 %, 39 %, 74301 MiB, 143771 MiB
2026/08/05 19:22:37.873, NVIDIA H200, 50, 100 %, 39 %, 74301 MiB, 143771 MiB
2026/08/05 19:22:40.873, NVIDIA H200, 49, 99 %, 49 %, 74301 MiB, 143771 MiB
2026/08/05 19:22:43.874, NVIDIA H200, 35, 0 %, 0 %, 74301 MiB, 143771 MiB
2026/08/05 19:22:46.874, NVIDIA H200, 32, 0 %, 0 %, 74301 MiB, 143771 MiB
2026/08/05 19:22:49.875, NVIDIA H200, 47, 100 %, 45 %, 74301 MiB, 143771 MiB
2026/08/05 19:22:52.875, NVIDIA H200, 33, 0 %, 0 %, 74301 MiB, 143771 MiB
2026/08/05 19:22:55.876, NVIDIA H200, 46, 100 %, 38 %, 74301 MiB, 143771 MiB
2026/08/05 19:22:58.876, NVIDIA H200, 49, 100 %, 42 %, 74301 MiB, 143771 MiB
2026/08/05 19:23:01.877, NVIDIA H200, 51, 100 %, 48 %, 74301 MiB, 143771 MiB
2026/08/05 19:23:04.877, NVIDIA H200, 50, 100 %, 37 %, 74301 MiB, 143771 MiB
2026/08/05 19:23:07.878, NVIDIA H200, 46, 100 %, 46 %, 74301 MiB, 143771 MiB
2026/08/05 19:23:10.878, NVIDIA H200, 49, 100 %, 41 %, 74301 MiB, 143771 MiB
2026/08/05 19:23:13.879, NVIDIA H200, 49, 99 %, 52 %, 74301 MiB, 143771 MiB
2026/08/05 19:23:16.879, NVIDIA H200, 43, 62 %, 24 %, 74301 MiB, 143771 MiB
2026/08/05 19:23:19.880, NVIDIA H200, 51, 100 %, 40 %, 74301 MiB, 143771 MiB
2026/08/05 19:23:22.880, NVIDIA H200, 49, 100 %, 31 %, 74301 MiB, 143771 MiB
2026/08/05 19:23:25.881, NVIDIA H200, 50, 99 %, 51 %, 74301 MiB, 143771 MiB
2026/08/05 19:23:28.881, NVIDIA H200, 48, 96 %, 46 %, 74301 MiB, 143771 MiB
2026/08/05 19:23:31.882, NVIDIA H200, 47, 100 %, 48 %, 74301 MiB, 143771 MiB
2026/08/05 19:23:34.882, NVIDIA H200, 49, 99 %, 54 %, 74301 MiB, 143771 MiB
2026/08/05 19:23:37.883, NVIDIA H200, 47, 72 %, 33 %, 74301 MiB, 143771 MiB
2026/08/05 19:23:40.883, NVIDIA H200, 50, 100 %, 43 %, 74301 MiB, 143771 MiB
2026/08/05 19:23:43.884, NVIDIA H200, 48, 97 %, 50 %, 74301 MiB, 143771 MiB
2026/08/05 19:23:46.884, NVIDIA H200, 49, 96 %, 45 %, 74301 MiB, 143771 MiB
2026/08/05 19:23:49.885, NVIDIA H200, 48, 99 %, 53 %, 74301 MiB, 143771 MiB
2026/08/05 19:23:52.885, NVIDIA H200, 51, 100 %, 43 %, 74301 MiB, 143771 MiB
2026/08/05 19:23:55.886, NVIDIA H200, 48, 99 %, 46 %, 74301 MiB, 143771 MiB
2026/08/05 19:23:58.886, NVIDIA H200, 48, 98 %, 44 %, 74301 MiB, 143771 MiB
2026/08/05 19:24:01.887, NVIDIA H200, 49, 100 %, 38 %, 74301 MiB, 143771 MiB
2026/08/05 19:24:04.887, NVIDIA H200, 49, 100 %, 32 %, 74301 MiB, 143771 MiB
2026/08/05 19:24:07.888, NVIDIA H200, 51, 98 %, 58 %, 74301 MiB, 143771 MiB
2026/08/05 19:24:10.889, NVIDIA H200, 50, 99 %, 44 %, 74301 MiB, 143771 MiB
2026/08/05 19:24:13.889, NVIDIA H200, 50, 100 %, 42 %, 74301 MiB, 143771 MiB
2026/08/05 19:24:16.890, NVIDIA H200, 50, 100 %, 37 %, 74301 MiB, 143771 MiB
2026/08/05 19:24:19.891, NVIDIA H200, 32, 0 %, 0 %, 74301 MiB, 143771 MiB
2026/08/05 19:24:22.892, NVIDIA H200, 40, 100 %, 56 %, 74301 MiB, 143771 MiB
2026/08/05 19:24:25.892, NVIDIA H200, 34, 0 %, 0 %, 74301 MiB, 143771 MiB
2026/08/05 19:24:28.893, NVIDIA H200, 32, 0 %, 0 %, 74301 MiB, 143771 MiB
2026/08/05 19:24:31.894, NVIDIA H200, 51, 100 %, 45 %, 74301 MiB, 143771 MiB
2026/08/05 19:24:34.895, NVIDIA H200, 47, 85 %, 42 %, 74301 MiB, 143771 MiB
2026/08/05 19:24:37.896, NVIDIA H200, 49, 100 %, 52 %, 74301 MiB, 143771 MiB
2026/08/05 19:24:40.897, NVIDIA H200, 46, 100 %, 39 %, 74301 MiB, 143771 MiB
2026/08/05 19:24:43.898, NVIDIA H200, 46, 99 %, 38 %, 74301 MiB, 143771 MiB
2026/08/05 19:24:46.898, NVIDIA H200, 52, 100 %, 43 %, 74301 MiB, 143771 MiB
2026/08/05 19:24:49.899, NVIDIA H200, 49, 100 %, 31 %, 74301 MiB, 143771 MiB
2026/08/05 19:24:52.900, NVIDIA H200, 48, 99 %, 45 %, 74301 MiB, 143771 MiB
2026/08/05 19:24:55.901, NVIDIA H200, 52, 100 %, 42 %, 74301 MiB, 143771 MiB
2026/08/05 19:24:58.902, NVIDIA H200, 50, 100 %, 49 %, 74301 MiB, 143771 MiB
2026/08/05 19:25:01.902, NVIDIA H200, 51, 98 %, 53 %, 74301 MiB, 143771 MiB
2026/08/05 19:25:04.903, NVIDIA H200, 50, 36 %, 16 %, 74301 MiB, 143771 MiB
2026/08/05 19:25:07.904, NVIDIA H200, 48, 100 %, 39 %, 74301 MiB, 143771 MiB
2026/08/05 19:25:10.905, NVIDIA H200, 49, 100 %, 51 %, 74301 MiB, 143771 MiB
2026/08/05 19:25:13.906, NVIDIA H200, 50, 100 %, 46 %, 74301 MiB, 143771 MiB
2026/08/05 19:25:16.907, NVIDIA H200, 49, 97 %, 46 %, 74301 MiB, 143771 MiB
2026/08/05 19:25:19.908, NVIDIA H200, 52, 98 %, 42 %, 74301 MiB, 143771 MiB
2026/08/05 19:25:22.909, NVIDIA H200, 51, 100 %, 40 %, 74301 MiB, 143771 MiB
2026/08/05 19:25:25.910, NVIDIA H200, 49, 98 %, 52 %, 74301 MiB, 143771 MiB
2026/08/05 19:25:28.910, NVIDIA H200, 50, 100 %, 45 %, 74301 MiB, 143771 MiB
2026/08/05 19:25:31.911, NVIDIA H200, 49, 98 %, 52 %, 74301 MiB, 143771 MiB
2026/08/05 19:25:34.912, NVIDIA H200, 49, 98 %, 38 %, 74301 MiB, 143771 MiB
2026/08/05 19:25:37.913, NVIDIA H200, 50, 100 %, 43 %, 74301 MiB, 143771 MiB
2026/08/05 19:25:40.913, NVIDIA H200, 51, 100 %, 40 %, 74301 MiB, 143771 MiB
2026/08/05 19:25:43.914, NVIDIA H200, 50, 99 %, 45 %, 74301 MiB, 143771 MiB
2026/08/05 19:25:46.915, NVIDIA H200, 49, 100 %, 49 %, 74301 MiB, 143771 MiB
2026/08/05 19:25:49.915, NVIDIA H200, 52, 99 %, 36 %, 74301 MiB, 143771 MiB
2026/08/05 19:25:52.916, NVIDIA H200, 36, 0 %, 0 %, 74301 MiB, 143771 MiB
2026/08/05 19:25:55.917, NVIDIA H200, 32, 0 %, 0 %, 74301 MiB, 143771 MiB
2026/08/05 19:25:58.918, NVIDIA H200, 46, 100 %, 49 %, 74301 MiB, 143771 MiB
2026/08/05 19:26:01.918, NVIDIA H200, 33, 0 %, 0 %, 74301 MiB, 143771 MiB
2026/08/05 19:26:04.919, NVIDIA H200, 31, 0 %, 0 %, 74301 MiB, 143771 MiB
2026/08/05 19:26:07.920, NVIDIA H200, 46, 100 %, 31 %, 74301 MiB, 143771 MiB
2026/08/05 19:26:10.920, NVIDIA H200, 50, 98 %, 44 %, 74301 MiB, 143771 MiB
2026/08/05 19:26:13.921, NVIDIA H200, 49, 100 %, 37 %, 74301 MiB, 143771 MiB
2026/08/05 19:26:16.922, NVIDIA H200, 51, 100 %, 56 %, 74301 MiB, 143771 MiB
2026/08/05 19:26:19.923, NVIDIA H200, 50, 100 %, 41 %, 74301 MiB, 143771 MiB
2026/08/05 19:26:22.923, NVIDIA H200, 42, 36 %, 17 %, 74301 MiB, 143771 MiB
2026/08/05 19:26:25.924, NVIDIA H200, 49, 99 %, 43 %, 74301 MiB, 143771 MiB
2026/08/05 19:26:28.925, NVIDIA H200, 46, 100 %, 46 %, 74301 MiB, 143771 MiB
2026/08/05 19:26:31.925, NVIDIA H200, 53, 100 %, 43 %, 74301 MiB, 143771 MiB
2026/08/05 19:26:34.926, NVIDIA H200, 49, 99 %, 60 %, 74301 MiB, 143771 MiB
2026/08/05 19:26:37.927, NVIDIA H200, 51, 98 %, 43 %, 74301 MiB, 143771 MiB
2026/08/05 19:26:40.928, NVIDIA H200, 53, 100 %, 42 %, 74301 MiB, 143771 MiB
2026/08/05 19:26:43.928, NVIDIA H200, 50, 99 %, 48 %, 74301 MiB, 143771 MiB
2026/08/05 19:26:46.929, NVIDIA H200, 51, 75 %, 28 %, 74301 MiB, 143771 MiB
2026/08/05 19:26:49.930, NVIDIA H200, 53, 100 %, 44 %, 74301 MiB, 143771 MiB
2026/08/05 19:26:52.931, NVIDIA H200, 50, 52 %, 19 %, 74301 MiB, 143771 MiB
2026/08/05 19:26:55.931, NVIDIA H200, 52, 100 %, 41 %, 74301 MiB, 143771 MiB
2026/08/05 19:26:58.932, NVIDIA H200, 46, 65 %, 35 %, 74301 MiB, 143771 MiB
2026/08/05 19:27:01.933, NVIDIA H200, 50, 100 %, 49 %, 74301 MiB, 143771 MiB
2026/08/05 19:27:04.934, NVIDIA H200, 50, 99 %, 48 %, 74301 MiB, 143771 MiB
2026/08/05 19:27:07.934, NVIDIA H200, 47, 100 %, 46 %, 74301 MiB, 143771 MiB
2026/08/05 19:27:10.935, NVIDIA H200, 50, 100 %, 38 %, 74301 MiB, 143771 MiB
2026/08/05 19:27:13.936, NVIDIA H200, 51, 90 %, 34 %, 74301 MiB, 143771 MiB
2026/08/05 19:27:16.937, NVIDIA H200, 50, 100 %, 45 %, 74301 MiB, 143771 MiB
2026/08/05 19:27:19.937, NVIDIA H200, 53, 100 %, 40 %, 74301 MiB, 143771 MiB
2026/08/05 19:27:22.938, NVIDIA H200, 50, 100 %, 40 %, 74301 MiB, 143771 MiB
2026/08/05 19:27:25.939, NVIDIA H200, 49, 98 %, 51 %, 74301 MiB, 143771 MiB
2026/08/05 19:27:28.940, NVIDIA H200, 52, 100 %, 50 %, 74301 MiB, 143771 MiB
2026/08/05 19:27:31.940, NVIDIA H200, 33, 0 %, 0 %, 74301 MiB, 143771 MiB
2026/08/05 19:27:34.941, NVIDIA H200, 32, 0 %, 0 %, 74301 MiB, 143771 MiB
2026/08/05 19:27:37.942, NVIDIA H200, 50, 100 %, 52 %, 74301 MiB, 143771 MiB
2026/08/05 19:27:40.943, NVIDIA H200, 32, 0 %, 0 %, 74301 MiB, 143771 MiB
2026/08/05 19:27:43.943, NVIDIA H200, 31, 0 %, 0 %, 74301 MiB, 143771 MiB
2026/08/05 19:27:46.944, NVIDIA H200, 51, 100 %, 50 %, 74301 MiB, 143771 MiB
2026/08/05 19:27:49.945, NVIDIA H200, 51, 100 %, 55 %, 74301 MiB, 143771 MiB
2026/08/05 19:27:52.945, NVIDIA H200, 48, 100 %, 40 %, 74301 MiB, 143771 MiB
2026/08/05 19:27:55.946, NVIDIA H200, 49, 98 %, 57 %, 74301 MiB, 143771 MiB
2026/08/05 19:27:58.947, NVIDIA H200, 50, 99 %, 37 %, 74301 MiB, 143771 MiB
2026/08/05 19:28:01.947, NVIDIA H200, 51, 100 %, 40 %, 74301 MiB, 143771 MiB
2026/08/05 19:28:04.948, NVIDIA H200, 50, 100 %, 52 %, 74301 MiB, 143771 MiB
2026/08/05 19:28:07.949, NVIDIA H200, 49, 100 %, 34 %, 74301 MiB, 143771 MiB
2026/08/05 19:28:10.950, NVIDIA H200, 47, 26 %, 4 %, 74301 MiB, 143771 MiB
2026/08/05 19:28:13.951, NVIDIA H200, 50, 100 %, 42 %, 74301 MiB, 143771 MiB
2026/08/05 19:28:16.951, NVIDIA H200, 50, 99 %, 44 %, 74301 MiB, 143771 MiB
2026/08/05 19:28:19.952, NVIDIA H200, 49, 70 %, 23 %, 74301 MiB, 143771 MiB
2026/08/05 19:28:22.953, NVIDIA H200, 52, 100 %, 41 %, 74301 MiB, 143771 MiB
2026/08/05 19:28:25.953, NVIDIA H200, 48, 100 %, 37 %, 74301 MiB, 143771 MiB
2026/08/05 19:28:28.954, NVIDIA H200, 49, 100 %, 52 %, 74301 MiB, 143771 MiB
2026/08/05 19:28:31.955, NVIDIA H200, 52, 100 %, 44 %, 74301 MiB, 143771 MiB
2026/08/05 19:28:34.955, NVIDIA H200, 50, 100 %, 39 %, 74301 MiB, 143771 MiB
2026/08/05 19:28:37.956, NVIDIA H200, 51, 98 %, 50 %, 74301 MiB, 143771 MiB
2026/08/05 19:28:40.956, NVIDIA H200, 50, 100 %, 47 %, 74301 MiB, 143771 MiB
2026/08/05 19:28:43.957, NVIDIA H200, 51, 98 %, 49 %, 74301 MiB, 143771 MiB
2026/08/05 19:28:46.957, NVIDIA H200, 49, 98 %, 39 %, 74301 MiB, 143771 MiB
2026/08/05 19:28:49.958, NVIDIA H200, 46, 100 %, 40 %, 74301 MiB, 143771 MiB
2026/08/05 19:28:52.959, NVIDIA H200, 52, 100 %, 44 %, 74301 MiB, 143771 MiB
2026/08/05 19:28:55.959, NVIDIA H200, 49, 100 %, 31 %, 74301 MiB, 143771 MiB
2026/08/05 19:28:58.960, NVIDIA H200, 50, 98 %, 54 %, 74301 MiB, 143771 MiB
2026/08/05 19:29:01.961, NVIDIA H200, 47, 99 %, 39 %, 74301 MiB, 143771 MiB
2026/08/05 19:29:04.961, NVIDIA H200, 51, 100 %, 44 %, 74301 MiB, 143771 MiB
2026/08/05 19:29:07.962, NVIDIA H200, 37, 0 %, 0 %, 74301 MiB, 143771 MiB
2026/08/05 19:29:10.966, NVIDIA H200, 33, 0 %, 0 %, 74301 MiB, 143771 MiB
2026/08/05 19:29:13.967, NVIDIA H200, 48, 100 %, 50 %, 74301 MiB, 143771 MiB
2026/08/05 19:29:16.967, NVIDIA H200, 32, 0 %, 0 %, 74301 MiB, 143771 MiB
2026/08/05 19:29:19.968, NVIDIA H200, 31, 0 %, 0 %, 74301 MiB, 143771 MiB
2026/08/05 19:29:22.968, NVIDIA H200, 31, 0 %, 0 %, 74301 MiB, 143771 MiB
2026/08/05 19:29:25.969, NVIDIA H200, 31, 0 %, 0 %, 74301 MiB, 143771 MiB
2026/08/05 19:29:28.970, NVIDIA H200, 48, 98 %, 48 %, 74301 MiB, 143771 MiB
2026/08/05 19:29:31.970, NVIDIA H200, 48, 98 %, 39 %, 74301 MiB, 143771 MiB
2026/08/05 19:29:34.971, NVIDIA H200, 49, 100 %, 50 %, 74301 MiB, 143771 MiB
2026/08/05 19:29:37.972, NVIDIA H200, 49, 98 %, 36 %, 74301 MiB, 143771 MiB
2026/08/05 19:29:40.973, NVIDIA H200, 49, 100 %, 41 %, 74301 MiB, 143771 MiB
2026/08/05 19:29:43.973, NVIDIA H200, 49, 100 %, 45 %, 74301 MiB, 143771 MiB
2026/08/05 19:29:46.974, NVIDIA H200, 48, 99 %, 44 %, 74301 MiB, 143771 MiB
2026/08/05 19:29:49.974, NVIDIA H200, 51, 100 %, 51 %, 74301 MiB, 143771 MiB
2026/08/05 19:29:52.975, NVIDIA H200, 49, 98 %, 40 %, 74301 MiB, 143771 MiB
2026/08/05 19:29:55.976, NVIDIA H200, 50, 100 %, 37 %, 74301 MiB, 143771 MiB
2026/08/05 19:29:58.976, NVIDIA H200, 50, 98 %, 49 %, 74301 MiB, 143771 MiB
2026/08/05 19:30:01.977, NVIDIA H200, 51, 99 %, 40 %, 74301 MiB, 143771 MiB
2026/08/05 19:30:04.978, NVIDIA H200, 52, 100 %, 41 %, 74301 MiB, 143771 MiB
2026/08/05 19:30:07.978, NVIDIA H200, 49, 100 %, 54 %, 74301 MiB, 143771 MiB
2026/08/05 19:30:10.978, NVIDIA H200, 47, 100 %, 46 %, 74301 MiB, 143771 MiB
2026/08/05 19:30:13.979, NVIDIA H200, 53, 100 %, 39 %, 74301 MiB, 143771 MiB
2026/08/05 19:30:16.979, NVIDIA H200, 50, 87 %, 38 %, 74301 MiB, 143771 MiB
2026/08/05 19:30:19.980, NVIDIA H200, 50, 100 %, 39 %, 74301 MiB, 143771 MiB
2026/08/05 19:30:22.981, NVIDIA H200, 51, 100 %, 52 %, 74301 MiB, 143771 MiB
2026/08/05 19:30:25.981, NVIDIA H200, 50, 100 %, 39 %, 74301 MiB, 143771 MiB
2026/08/05 19:30:28.982, NVIDIA H200, 43, 100 %, 49 %, 74301 MiB, 143771 MiB
2026/08/05 19:30:31.982, NVIDIA H200, 49, 98 %, 50 %, 74301 MiB, 143771 MiB
2026/08/05 19:30:34.983, NVIDIA H200, 49, 99 %, 42 %, 74301 MiB, 143771 MiB
2026/08/05 19:30:37.984, NVIDIA H200, 51, 100 %, 50 %, 74301 MiB, 143771 MiB
2026/08/05 19:30:40.984, NVIDIA H200, 50, 100 %, 45 %, 74301 MiB, 143771 MiB
2026/08/05 19:30:43.985, NVIDIA H200, 53, 100 %, 30 %, 74301 MiB, 143771 MiB
2026/08/05 19:30:46.985, NVIDIA H200, 50, 98 %, 53 %, 74301 MiB, 143771 MiB
2026/08/05 19:30:49.986, NVIDIA H200, 39, 0 %, 0 %, 74301 MiB, 143771 MiB
2026/08/05 19:30:52.987, NVIDIA H200, 35, 71 %, 36 %, 74301 MiB, 143771 MiB
2026/08/05 19:30:55.987, NVIDIA H200, 37, 100 %, 55 %, 74301 MiB, 143771 MiB
2026/08/05 19:30:58.988, NVIDIA H200, 35, 0 %, 0 %, 74301 MiB, 143771 MiB
2026/08/05 19:31:01.989, NVIDIA H200, 31, 0 %, 0 %, 74301 MiB, 143771 MiB
2026/08/05 19:31:04.989, NVIDIA H200, 48, 98 %, 32 %, 74301 MiB, 143771 MiB
2026/08/05 19:31:07.990, NVIDIA H200, 49, 100 %, 40 %, 74301 MiB, 143771 MiB
2026/08/05 19:31:10.991, NVIDIA H200, 49, 53 %, 29 %, 74301 MiB, 143771 MiB
2026/08/05 19:31:13.991, NVIDIA H200, 50, 43 %, 15 %, 74301 MiB, 143771 MiB
2026/08/05 19:31:16.992, NVIDIA H200, 49, 78 %, 45 %, 74301 MiB, 143771 MiB
2026/08/05 19:31:19.993, NVIDIA H200, 49, 100 %, 41 %, 74301 MiB, 143771 MiB
2026/08/05 19:31:22.994, NVIDIA H200, 50, 98 %, 43 %, 74301 MiB, 143771 MiB
2026/08/05 19:31:25.994, NVIDIA H200, 49, 100 %, 44 %, 74301 MiB, 143771 MiB
2026/08/05 19:31:28.995, NVIDIA H200, 51, 100 %, 31 %, 74301 MiB, 143771 MiB
2026/08/05 19:31:31.996, NVIDIA H200, 50, 95 %, 50 %, 74301 MiB, 143771 MiB
2026/08/05 19:31:34.997, NVIDIA H200, 51, 98 %, 41 %, 74301 MiB, 143771 MiB
2026/08/05 19:31:37.997, NVIDIA H200, 49, 100 %, 41 %, 74301 MiB, 143771 MiB
2026/08/05 19:31:40.998, NVIDIA H200, 53, 100 %, 31 %, 74301 MiB, 143771 MiB
2026/08/05 19:31:43.999, NVIDIA H200, 51, 100 %, 53 %, 74301 MiB, 143771 MiB
2026/08/05 19:31:47.000, NVIDIA H200, 50, 99 %, 40 %, 74301 MiB, 143771 MiB
2026/08/05 19:31:50.001, NVIDIA H200, 50, 100 %, 41 %, 74301 MiB, 143771 MiB
2026/08/05 19:31:53.001, NVIDIA H200, 49, 25 %, 3 %, 74301 MiB, 143771 MiB
2026/08/05 19:31:56.002, NVIDIA H200, 51, 100 %, 34 %, 74301 MiB, 143771 MiB
2026/08/05 19:31:59.002, NVIDIA H200, 45, 100 %, 43 %, 74301 MiB, 143771 MiB
2026/08/05 19:32:02.002, NVIDIA H200, 46, 0 %, 0 %, 74301 MiB, 143771 MiB
2026/08/05 19:32:05.003, NVIDIA H200, 48, 100 %, 43 %, 74301 MiB, 143771 MiB
2026/08/05 19:32:08.004, NVIDIA H200, 49, 98 %, 39 %, 74301 MiB, 143771 MiB
2026/08/05 19:32:11.004, NVIDIA H200, 52, 100 %, 38 %, 74301 MiB, 143771 MiB
2026/08/05 19:32:14.005, NVIDIA H200, 49, 100 %, 47 %, 74301 MiB, 143771 MiB
2026/08/05 19:32:17.006, NVIDIA H200, 52, 100 %, 43 %, 74301 MiB, 143771 MiB
2026/08/05 19:32:20.006, NVIDIA H200, 50, 100 %, 41 %, 74301 MiB, 143771 MiB
2026/08/05 19:32:23.007, NVIDIA H200, 53, 100 %, 36 %, 74301 MiB, 143771 MiB
2026/08/05 19:32:26.008, NVIDIA H200, 49, 99 %, 59 %, 74301 MiB, 143771 MiB
2026/08/05 19:32:29.009, NVIDIA H200, 34, 0 %, 0 %, 74301 MiB, 143771 MiB
2026/08/05 19:32:32.010, NVIDIA H200, 32, 0 %, 0 %, 74301 MiB, 143771 MiB
2026/08/05 19:32:35.010, NVIDIA H200, 50, 100 %, 50 %, 74301 MiB, 143771 MiB
2026/08/05 19:32:38.011, NVIDIA H200, 32, 0 %, 0 %, 74301 MiB, 143771 MiB
2026/08/05 19:32:41.012, NVIDIA H200, 46, 100 %, 50 %, 74301 MiB, 143771 MiB
2026/08/05 19:32:44.012, NVIDIA H200, 48, 100 %, 44 %, 74301 MiB, 143771 MiB
2026/08/05 19:32:47.013, NVIDIA H200, 49, 100 %, 51 %, 74301 MiB, 143771 MiB
2026/08/05 19:32:50.014, NVIDIA H200, 50, 100 %, 45 %, 74301 MiB, 143771 MiB
2026/08/05 19:32:53.014, NVIDIA H200, 48, 100 %, 43 %, 74301 MiB, 143771 MiB
2026/08/05 19:32:56.014, NVIDIA H200, 50, 99 %, 45 %, 74301 MiB, 143771 MiB
2026/08/05 19:32:59.015, NVIDIA H200, 48, 29 %, 15 %, 74301 MiB, 143771 MiB
2026/08/05 19:33:02.016, NVIDIA H200, 52, 100 %, 31 %, 74301 MiB, 143771 MiB
2026/08/05 19:33:05.017, NVIDIA H200, 44, 100 %, 44 %, 74301 MiB, 143771 MiB
2026/08/05 19:33:08.017, NVIDIA H200, 48, 100 %, 55 %, 74301 MiB, 143771 MiB
2026/08/05 19:33:11.018, NVIDIA H200, 52, 100 %, 44 %, 74301 MiB, 143771 MiB
2026/08/05 19:33:14.019, NVIDIA H200, 52, 100 %, 44 %, 74301 MiB, 143771 MiB
2026/08/05 19:33:17.020, NVIDIA H200, 49, 86 %, 51 %, 74301 MiB, 143771 MiB
2026/08/05 19:33:20.020, NVIDIA H200, 49, 51 %, 18 %, 74301 MiB, 143771 MiB
2026/08/05 19:33:23.021, NVIDIA H200, 51, 100 %, 39 %, 74301 MiB, 143771 MiB
2026/08/05 19:33:26.022, NVIDIA H200, 51, 99 %, 47 %, 74301 MiB, 143771 MiB
2026/08/05 19:33:29.022, NVIDIA H200, 46, 50 %, 20 %, 74301 MiB, 143771 MiB
2026/08/05 19:33:32.023, NVIDIA H200, 49, 100 %, 42 %, 74301 MiB, 143771 MiB
2026/08/05 19:33:35.023, NVIDIA H200, 47, 100 %, 46 %, 74301 MiB, 143771 MiB
2026/08/05 19:33:38.024, NVIDIA H200, 48, 98 %, 58 %, 74301 MiB, 143771 MiB
2026/08/05 19:33:41.025, NVIDIA H200, 53, 98 %, 39 %, 74301 MiB, 143771 MiB
2026/08/05 19:33:44.026, NVIDIA H200, 49, 98 %, 51 %, 74301 MiB, 143771 MiB
2026/08/05 19:33:47.026, NVIDIA H200, 49, 100 %, 42 %, 74301 MiB, 143771 MiB
2026/08/05 19:33:50.027, NVIDIA H200, 48, 100 %, 51 %, 74301 MiB, 143771 MiB
2026/08/05 19:33:53.028, NVIDIA H200, 50, 100 %, 45 %, 74301 MiB, 143771 MiB
2026/08/05 19:33:56.028, NVIDIA H200, 52, 100 %, 41 %, 74301 MiB, 143771 MiB
2026/08/05 19:33:59.029, NVIDIA H200, 51, 100 %, 42 %, 74301 MiB, 143771 MiB
2026/08/05 19:34:02.030, NVIDIA H200, 49, 99 %, 49 %, 74301 MiB, 143771 MiB
2026/08/05 19:34:05.030, NVIDIA H200, 35, 0 %, 0 %, 74301 MiB, 143771 MiB
2026/08/05 19:34:08.031, NVIDIA H200, 33, 0 %, 0 %, 74301 MiB, 143771 MiB
2026/08/05 19:34:11.032, NVIDIA H200, 48, 100 %, 46 %, 74301 MiB, 143771 MiB
2026/08/05 19:34:14.032, NVIDIA H200, 32, 0 %, 0 %, 74301 MiB, 143771 MiB
2026/08/05 19:34:17.033, NVIDIA H200, 46, 100 %, 40 %, 74301 MiB, 143771 MiB
2026/08/05 19:34:20.033, NVIDIA H200, 51, 100 %, 52 %, 74301 MiB, 143771 MiB
2026/08/05 19:34:23.034, NVIDIA H200, 52, 100 %, 43 %, 74301 MiB, 143771 MiB
2026/08/05 19:34:26.035, NVIDIA H200, 46, 26 %, 16 %, 74301 MiB, 143771 MiB
2026/08/05 19:34:29.036, NVIDIA H200, 50, 100 %, 50 %, 74301 MiB, 143771 MiB
2026/08/05 19:34:32.036, NVIDIA H200, 51, 100 %, 48 %, 74301 MiB, 143771 MiB
2026/08/05 19:34:35.037, NVIDIA H200, 49, 100 %, 31 %, 74301 MiB, 143771 MiB
2026/08/05 19:34:38.038, NVIDIA H200, 42, 41 %, 18 %, 74301 MiB, 143771 MiB
2026/08/05 19:34:41.039, NVIDIA H200, 50, 100 %, 38 %, 74301 MiB, 143771 MiB
2026/08/05 19:34:44.039, NVIDIA H200, 51, 70 %, 28 %, 74301 MiB, 143771 MiB
2026/08/05 19:34:47.040, NVIDIA H200, 53, 100 %, 51 %, 74301 MiB, 143771 MiB
2026/08/05 19:34:50.041, NVIDIA H200, 49, 100 %, 47 %, 74301 MiB, 143771 MiB
2026/08/05 19:34:53.041, NVIDIA H200, 49, 100 %, 38 %, 74301 MiB, 143771 MiB
2026/08/05 19:34:56.042, NVIDIA H200, 53, 100 %, 42 %, 74301 MiB, 143771 MiB
2026/08/05 19:34:59.043, NVIDIA H200, 49, 100 %, 49 %, 74301 MiB, 143771 MiB
2026/08/05 19:35:02.043, NVIDIA H200, 49, 100 %, 45 %, 74301 MiB, 143771 MiB
2026/08/05 19:35:05.044, NVIDIA H200, 49, 22 %, 14 %, 74301 MiB, 143771 MiB
2026/08/05 19:35:08.044, NVIDIA H200, 50, 100 %, 41 %, 74301 MiB, 143771 MiB
2026/08/05 19:35:11.045, NVIDIA H200, 52, 100 %, 37 %, 74301 MiB, 143771 MiB
2026/08/05 19:35:14.046, NVIDIA H200, 50, 100 %, 51 %, 74301 MiB, 143771 MiB
2026/08/05 19:35:17.046, NVIDIA H200, 50, 100 %, 40 %, 74301 MiB, 143771 MiB
2026/08/05 19:35:20.047, NVIDIA H200, 49, 100 %, 50 %, 74301 MiB, 143771 MiB
2026/08/05 19:35:23.048, NVIDIA H200, 51, 100 %, 41 %, 74301 MiB, 143771 MiB
2026/08/05 19:35:26.048, NVIDIA H200, 50, 98 %, 51 %, 74301 MiB, 143771 MiB
2026/08/05 19:35:29.049, NVIDIA H200, 50, 100 %, 54 %, 74301 MiB, 143771 MiB
2026/08/05 19:35:32.050, NVIDIA H200, 52, 99 %, 44 %, 74301 MiB, 143771 MiB
2026/08/05 19:35:35.050, NVIDIA H200, 47, 100 %, 45 %, 74301 MiB, 143771 MiB
2026/08/05 19:35:38.051, NVIDIA H200, 51, 100 %, 42 %, 74301 MiB, 143771 MiB
2026/08/05 19:35:41.052, NVIDIA H200, 34, 0 %, 0 %, 74301 MiB, 143771 MiB
2026/08/05 19:35:44.053, NVIDIA H200, 35, 0 %, 0 %, 74301 MiB, 143771 MiB
2026/08/05 19:35:47.053, NVIDIA H200, 38, 0 %, 0 %, 74301 MiB, 143771 MiB
2026/08/05 19:35:50.054, NVIDIA H200, 32, 0 %, 0 %, 74301 MiB, 143771 MiB
2026/08/05 19:35:53.055, NVIDIA H200, 36, 100 %, 54 %, 74301 MiB, 143771 MiB
2026/08/05 19:35:56.056, NVIDIA H200, 50, 100 %, 42 %, 74301 MiB, 143771 MiB
2026/08/05 19:35:59.056, NVIDIA H200, 49, 100 %, 54 %, 74301 MiB, 143771 MiB
2026/08/05 19:36:02.057, NVIDIA H200, 50, 100 %, 40 %, 74301 MiB, 143771 MiB
2026/08/05 19:36:05.058, NVIDIA H200, 50, 100 %, 49 %, 74301 MiB, 143771 MiB
2026/08/05 19:36:08.059, NVIDIA H200, 51, 100 %, 41 %, 74301 MiB, 143771 MiB
2026/08/05 19:36:11.059, NVIDIA H200, 46, 99 %, 45 %, 74301 MiB, 143771 MiB
2026/08/05 19:36:14.060, NVIDIA H200, 51, 100 %, 38 %, 74301 MiB, 143771 MiB
2026/08/05 19:36:17.061, NVIDIA H200, 49, 75 %, 45 %, 74301 MiB, 143771 MiB
2026/08/05 19:36:20.062, NVIDIA H200, 49, 98 %, 44 %, 74301 MiB, 143771 MiB
2026/08/05 19:36:23.062, NVIDIA H200, 52, 100 %, 40 %, 74301 MiB, 143771 MiB
2026/08/05 19:36:26.063, NVIDIA H200, 50, 100 %, 52 %, 74301 MiB, 143771 MiB
2026/08/05 19:36:29.064, NVIDIA H200, 51, 100 %, 41 %, 74301 MiB, 143771 MiB
2026/08/05 19:36:32.064, NVIDIA H200, 50, 72 %, 37 %, 74301 MiB, 143771 MiB
2026/08/05 19:36:35.065, NVIDIA H200, 49, 98 %, 39 %, 74301 MiB, 143771 MiB
2026/08/05 19:36:38.066, NVIDIA H200, 47, 100 %, 43 %, 74301 MiB, 143771 MiB
2026/08/05 19:36:41.067, NVIDIA H200, 49, 98 %, 57 %, 74301 MiB, 143771 MiB
2026/08/05 19:36:44.067, NVIDIA H200, 52, 98 %, 38 %, 74301 MiB, 143771 MiB
2026/08/05 19:36:47.068, NVIDIA H200, 50, 100 %, 39 %, 74301 MiB, 143771 MiB
2026/08/05 19:36:50.069, NVIDIA H200, 52, 100 %, 42 %, 74301 MiB, 143771 MiB
2026/08/05 19:36:53.069, NVIDIA H200, 48, 100 %, 44 %, 74301 MiB, 143771 MiB
2026/08/05 19:36:56.070, NVIDIA H200, 49, 53 %, 18 %, 74301 MiB, 143771 MiB
2026/08/05 19:36:59.070, NVIDIA H200, 51, 100 %, 39 %, 74301 MiB, 143771 MiB
2026/08/05 19:37:02.071, NVIDIA H200, 49, 100 %, 46 %, 74301 MiB, 143771 MiB
2026/08/05 19:37:05.071, NVIDIA H200, 52, 100 %, 42 %, 74301 MiB, 143771 MiB
2026/08/05 19:37:08.072, NVIDIA H200, 51, 100 %, 53 %, 74301 MiB, 143771 MiB
2026/08/05 19:37:11.073, NVIDIA H200, 50, 98 %, 40 %, 74301 MiB, 143771 MiB
2026/08/05 19:37:14.074, NVIDIA H200, 51, 100 %, 46 %, 74301 MiB, 143771 MiB
2026/08/05 19:37:17.074, NVIDIA H200, 45, 100 %, 46 %, 74301 MiB, 143771 MiB
2026/08/05 19:37:20.075, NVIDIA H200, 33, 0 %, 0 %, 74301 MiB, 143771 MiB
2026/08/05 19:37:23.076, NVIDIA H200, 39, 99 %, 44 %, 74301 MiB, 143771 MiB
2026/08/05 19:37:26.076, NVIDIA H200, 35, 0 %, 0 %, 74301 MiB, 143771 MiB
2026/08/05 19:37:29.077, NVIDIA H200, 32, 0 %, 0 %, 74301 MiB, 143771 MiB
2026/08/05 19:37:32.078, NVIDIA H200, 32, 2 %, 0 %, 74305 MiB, 143771 MiB
2026/08/05 19:37:35.079, NVIDIA H200, 31, 0 %, 0 %, 74305 MiB, 143771 MiB
2026/08/05 19:37:38.079, NVIDIA H200, 31, 0 %, 0 %, 74305 MiB, 143771 MiB
2026/08/05 19:37:41.079, NVIDIA H200, 31, 0 %, 0 %, 74305 MiB, 143771 MiB
2026/08/05 19:37:44.080, NVIDIA H200, 31, 0 %, 0 %, 74305 MiB, 143771 MiB
2026/08/05 19:37:47.080, NVIDIA H200, 31, 0 %, 0 %, 74305 MiB, 143771 MiB
2026/08/05 19:37:50.081, NVIDIA H200, 31, 0 %, 0 %, 74305 MiB, 143771 MiB
2026/08/05 19:37:53.081, NVIDIA H200, 31, 0 %, 0 %, 74305 MiB, 143771 MiB
2026/08/05 19:37:56.082, NVIDIA H200, 31, 0 %, 0 %, 74305 MiB, 143771 MiB
2026/08/05 19:37:59.083, NVIDIA H200, 31, 0 %, 0 %, 74305 MiB, 143771 MiB
2026/08/05 19:38:02.083, NVIDIA H200, 31, 0 %, 0 %, 74305 MiB, 143771 MiB
2026/08/05 19:38:05.084, NVIDIA H200, 31, 0 %, 0 %, 74305 MiB, 143771 MiB
2026/08/05 19:38:08.085, NVIDIA H200, 31, 0 %, 0 %, 74305 MiB, 143771 MiB
2026/08/05 19:38:11.086, NVIDIA H200, 31, 0 %, 0 %, 74305 MiB, 143771 MiB
2026/08/05 19:38:14.086, NVIDIA H200, 31, 0 %, 0 %, 74305 MiB, 143771 MiB
2026/08/05 19:38:17.087, NVIDIA H200, 31, 0 %, 0 %, 74305 MiB, 143771 MiB
2026/08/05 19:38:20.088, NVIDIA H200, 30, 0 %, 0 %, 74305 MiB, 143771 MiB
2026/08/05 19:38:23.088, NVIDIA H200, 31, 0 %, 0 %, 74305 MiB, 143771 MiB
2026/08/05 19:38:26.089, NVIDIA H200, 30, 0 %, 0 %, 74305 MiB, 143771 MiB
2026/08/05 19:38:29.090, NVIDIA H200, 31, 0 %, 0 %, 74305 MiB, 143771 MiB
2026/08/05 19:38:32.091, NVIDIA H200, 30, 0 %, 0 %, 74305 MiB, 143771 MiB
2026/08/05 19:38:35.092, NVIDIA H200, 30, 0 %, 0 %, 74305 MiB, 143771 MiB
2026/08/05 19:38:38.092, NVIDIA H200, 30, 0 %, 0 %, 74305 MiB, 143771 MiB
2026/08/05 19:38:41.093, NVIDIA H200, 30, 0 %, 0 %, 74305 MiB, 143771 MiB
2026/08/05 19:38:44.094, NVIDIA H200, 31, 0 %, 0 %, 74305 MiB, 143771 MiB
2026/08/05 19:38:47.094, NVIDIA H200, 30, 0 %, 0 %, 74305 MiB, 143771 MiB
2026/08/05 19:38:50.095, NVIDIA H200, 30, 0 %, 0 %, 74305 MiB, 143771 MiB
2026/08/05 19:38:53.095, NVIDIA H200, 29, 0 %, 0 %, 74305 MiB, 143771 MiB
2026/08/05 19:38:56.096, NVIDIA H200, 29, 0 %, 0 %, 74305 MiB, 143771 MiB
2026/08/05 19:38:59.097, NVIDIA H200, 29, 0 %, 0 %, 74305 MiB, 143771 MiB
2026/08/05 19:39:02.098, NVIDIA H200, 30, 0 %, 0 %, 74305 MiB, 143771 MiB
2026/08/05 19:39:05.098, NVIDIA H200, 29, 0 %, 0 %, 74305 MiB, 143771 MiB
2026/08/05 19:39:08.099, NVIDIA H200, 30, 0 %, 0 %, 74305 MiB, 143771 MiB
2026/08/05 19:39:11.099, NVIDIA H200, 30, 0 %, 0 %, 74305 MiB, 143771 MiB
2026/08/05 19:39:14.100, NVIDIA H200, 30, 0 %, 0 %, 74305 MiB, 143771 MiB
2026/08/05 19:39:17.101, NVIDIA H200, 29, 0 %, 0 %, 74305 MiB, 143771 MiB
2026/08/05 19:39:20.101, NVIDIA H200, 30, 0 %, 0 %, 74305 MiB, 143771 MiB
2026/08/05 19:39:23.102, NVIDIA H200, 30, 0 %, 0 %, 74305 MiB, 143771 MiB
2026/08/05 19:39:26.103, NVIDIA H200, 30, 0 %, 0 %, 74305 MiB, 143771 MiB
2026/08/05 19:39:29.104, NVIDIA H200, 30, 0 %, 0 %, 74305 MiB, 143771 MiB
2026/08/05 19:39:32.105, NVIDIA H200, 30, 0 %, 0 %, 74305 MiB, 143771 MiB
2026/08/05 19:39:35.105, NVIDIA H200, 30, 0 %, 0 %, 74305 MiB, 143771 MiB
2026/08/05 19:39:38.106, NVIDIA H200, 30, 0 %, 0 %, 74305 MiB, 143771 MiB
2026/08/05 19:39:41.107, NVIDIA H200, 30, 0 %, 0 %, 74305 MiB, 143771 MiB
2026/08/05 19:39:44.108, NVIDIA H200, 30, 0 %, 0 %, 74305 MiB, 143771 MiB
2026/08/05 19:39:47.108, NVIDIA H200, 29, 0 %, 0 %, 74305 MiB, 143771 MiB
2026/08/05 19:39:50.109, NVIDIA H200, 30, 0 %, 0 %, 74305 MiB, 143771 MiB
2026/08/05 19:39:53.111, NVIDIA H200, 29, 0 %, 0 %, 74305 MiB, 143771 MiB
2026/08/05 19:39:56.111, NVIDIA H200, 30, 0 %, 0 %, 74305 MiB, 143771 MiB
2026/08/05 19:39:59.112, NVIDIA H200, 29, 0 %, 0 %, 74305 MiB, 143771 MiB
2026/08/05 19:40:02.113, NVIDIA H200, 30, 0 %, 0 %, 74305 MiB, 143771 MiB
2026/08/05 19:40:05.114, NVIDIA H200, 29, 0 %, 0 %, 74305 MiB, 143771 MiB
2026/08/05 19:40:08.114, NVIDIA H200, 30, 0 %, 0 %, 74305 MiB, 143771 MiB
2026/08/05 19:40:11.115, NVIDIA H200, 29, 0 %, 0 %, 74305 MiB, 143771 MiB
2026/08/05 19:40:14.115, NVIDIA H200, 30, 0 %, 0 %, 74305 MiB, 143771 MiB
2026/08/05 19:40:17.116, NVIDIA H200, 29, 0 %, 0 %, 74305 MiB, 143771 MiB
2026/08/05 19:40:20.117, NVIDIA H200, 30, 0 %, 0 %, 74305 MiB, 143771 MiB
2026/08/05 19:40:23.119, NVIDIA H200, 29, 0 %, 0 %, 74305 MiB, 143771 MiB
2026/08/05 19:40:26.119, NVIDIA H200, 30, 0 %, 0 %, 74305 MiB, 143771 MiB
2026/08/05 19:40:29.120, NVIDIA H200, 29, 0 %, 0 %, 74305 MiB, 143771 MiB
2026/08/05 19:40:32.120, NVIDIA H200, 30, 0 %, 0 %, 74305 MiB, 143771 MiB
2026/08/05 19:40:35.121, NVIDIA H200, 29, 0 %, 0 %, 74305 MiB, 143771 MiB
2026/08/05 19:40:38.121, NVIDIA H200, 30, 0 %, 0 %, 0 MiB, 143771 MiB
