timestamp, name, temperature.gpu, utilization.gpu [%], utilization.memory [%], memory.used [MiB], memory.total [MiB]
2026/08/05 23:53:11.114, NVIDIA H200, 26, 0 %, 0 %, 0 MiB, 143771 MiB
2026/08/05 23:53:14.118, NVIDIA H200, 26, 0 %, 0 %, 0 MiB, 143771 MiB
2026/08/05 23:53:17.118, NVIDIA H200, 26, 0 %, 0 %, 0 MiB, 143771 MiB
2026/08/05 23:53:20.119, NVIDIA H200, 25, 0 %, 0 %, 0 MiB, 143771 MiB
2026/08/05 23:53:23.119, NVIDIA H200, 26, 0 %, 0 %, 0 MiB, 143771 MiB
2026/08/05 23:53:26.120, NVIDIA H200, 25, 0 %, 0 %, 0 MiB, 143771 MiB
2026/08/05 23:53:29.120, NVIDIA H200, 26, 0 %, 0 %, 0 MiB, 143771 MiB
2026/08/05 23:53:32.120, NVIDIA H200, 25, 0 %, 0 %, 0 MiB, 143771 MiB
2026/08/05 23:53:35.121, NVIDIA H200, 26, 0 %, 0 %, 0 MiB, 143771 MiB
2026/08/05 23:53:38.121, NVIDIA H200, 25, 0 %, 0 %, 0 MiB, 143771 MiB
2026/08/05 23:53:41.122, NVIDIA H200, 26, 0 %, 0 %, 0 MiB, 143771 MiB
2026/08/05 23:53:44.122, NVIDIA H200, 25, 0 %, 0 %, 0 MiB, 143771 MiB
2026/08/05 23:53:47.123, NVIDIA H200, 26, 0 %, 0 %, 0 MiB, 143771 MiB
2026/08/05 23:53:50.123, NVIDIA H200, 25, 0 %, 0 %, 0 MiB, 143771 MiB
2026/08/05 23:53:53.124, NVIDIA H200, 26, 0 %, 0 %, 0 MiB, 143771 MiB
2026/08/05 23:53:56.125, NVIDIA H200, 25, 0 %, 0 %, 0 MiB, 143771 MiB
2026/08/05 23:53:59.125, NVIDIA H200, 26, 0 %, 0 %, 0 MiB, 143771 MiB
2026/08/05 23:54:02.125, NVIDIA H200, 25, 0 %, 0 %, 0 MiB, 143771 MiB
2026/08/05 23:54:05.126, NVIDIA H200, 26, 0 %, 0 %, 0 MiB, 143771 MiB
2026/08/05 23:54:08.126, NVIDIA H200, 25, 0 %, 0 %, 0 MiB, 143771 MiB
2026/08/05 23:54:11.127, NVIDIA H200, 26, 0 %, 0 %, 0 MiB, 143771 MiB
2026/08/05 23:54:14.127, NVIDIA H200, 25, 0 %, 0 %, 0 MiB, 143771 MiB
2026/08/05 23:54:17.128, NVIDIA H200, 26, 0 %, 0 %, 0 MiB, 143771 MiB
2026/08/05 23:54:20.136, NVIDIA H200, 25, 0 %, 0 %, 0 MiB, 143771 MiB
2026/08/05 23:54:23.137, NVIDIA H200, 26, 0 %, 0 %, 0 MiB, 143771 MiB
2026/08/05 23:54:26.137, NVIDIA H200, 25, 0 %, 0 %, 0 MiB, 143771 MiB
2026/08/05 23:54:29.138, NVIDIA H200, 26, 0 %, 0 %, 0 MiB, 143771 MiB
2026/08/05 23:54:32.138, NVIDIA H200, 25, 0 %, 0 %, 0 MiB, 143771 MiB
2026/08/05 23:54:35.139, NVIDIA H200, 26, 0 %, 0 %, 0 MiB, 143771 MiB
2026/08/05 23:54:38.140, NVIDIA H200, 25, 0 %, 0 %, 0 MiB, 143771 MiB
2026/08/05 23:54:41.140, NVIDIA H200, 25, 0 %, 0 %, 0 MiB, 143771 MiB
2026/08/05 23:54:44.141, NVIDIA H200, 25, 0 %, 0 %, 0 MiB, 143771 MiB
2026/08/05 23:54:47.141, NVIDIA H200, 26, 0 %, 0 %, 0 MiB, 143771 MiB
2026/08/05 23:54:50.171, NVIDIA H200, 25, 0 %, 0 %, 0 MiB, 143771 MiB
2026/08/05 23:54:53.172, NVIDIA H200, 26, 0 %, 0 %, 0 MiB, 143771 MiB
2026/08/05 23:54:56.172, NVIDIA H200, 25, 0 %, 0 %, 0 MiB, 143771 MiB
2026/08/05 23:54:59.172, NVIDIA H200, 26, 0 %, 0 %, 0 MiB, 143771 MiB
2026/08/05 23:55:02.173, NVIDIA H200, 27, 0 %, 0 %, 529 MiB, 143771 MiB
2026/08/05 23:55:05.173, NVIDIA H200, 28, 0 %, 0 %, 529 MiB, 143771 MiB
2026/08/05 23:55:08.174, NVIDIA H200, 27, 0 %, 0 %, 529 MiB, 143771 MiB
2026/08/05 23:55:11.174, NVIDIA H200, 28, 0 %, 0 %, 529 MiB, 143771 MiB
2026/08/05 23:55:14.174, NVIDIA H200, 27, 0 %, 0 %, 529 MiB, 143771 MiB
2026/08/05 23:55:17.175, NVIDIA H200, 28, 0 %, 0 %, 529 MiB, 143771 MiB
2026/08/05 23:55:20.175, NVIDIA H200, 27, 0 %, 0 %, 529 MiB, 143771 MiB
2026/08/05 23:55:23.176, NVIDIA H200, 28, 0 %, 0 %, 529 MiB, 143771 MiB
2026/08/05 23:55:26.176, NVIDIA H200, 27, 0 %, 0 %, 529 MiB, 143771 MiB
2026/08/05 23:55:29.177, NVIDIA H200, 28, 0 %, 0 %, 529 MiB, 143771 MiB
2026/08/05 23:55:32.177, NVIDIA H200, 27, 0 %, 0 %, 529 MiB, 143771 MiB
2026/08/05 23:55:35.180, NVIDIA H200, 28, 0 %, 0 %, 529 MiB, 143771 MiB
2026/08/05 23:55:38.181, NVIDIA H200, 28, 0 %, 0 %, 529 MiB, 143771 MiB
2026/08/05 23:55:41.181, NVIDIA H200, 28, 0 %, 0 %, 529 MiB, 143771 MiB
2026/08/05 23:55:44.182, NVIDIA H200, 28, 0 %, 0 %, 529 MiB, 143771 MiB
2026/08/05 23:55:47.182, NVIDIA H200, 28, 0 %, 0 %, 529 MiB, 143771 MiB
2026/08/05 23:55:50.183, NVIDIA H200, 28, 0 %, 0 %, 529 MiB, 143771 MiB
2026/08/05 23:55:53.183, NVIDIA H200, 28, 0 %, 0 %, 529 MiB, 143771 MiB
2026/08/05 23:55:56.184, NVIDIA H200, 28, 0 %, 0 %, 529 MiB, 143771 MiB
2026/08/05 23:55:59.184, NVIDIA H200, 28, 0 %, 0 %, 529 MiB, 143771 MiB
2026/08/05 23:56:02.185, NVIDIA H200, 28, 0 %, 0 %, 529 MiB, 143771 MiB
2026/08/05 23:56:05.186, NVIDIA H200, 28, 0 %, 0 %, 529 MiB, 143771 MiB
2026/08/05 23:56:08.186, NVIDIA H200, 28, 0 %, 0 %, 529 MiB, 143771 MiB
2026/08/05 23:56:11.187, NVIDIA H200, 28, 0 %, 0 %, 529 MiB, 143771 MiB
2026/08/05 23:56:14.187, NVIDIA H200, 28, 0 %, 0 %, 529 MiB, 143771 MiB
2026/08/05 23:56:17.188, NVIDIA H200, 28, 0 %, 0 %, 529 MiB, 143771 MiB
2026/08/05 23:56:20.188, NVIDIA H200, 28, 0 %, 0 %, 529 MiB, 143771 MiB
2026/08/05 23:56:23.188, NVIDIA H200, 28, 0 %, 0 %, 529 MiB, 143771 MiB
2026/08/05 23:56:26.189, NVIDIA H200, 28, 0 %, 0 %, 529 MiB, 143771 MiB
2026/08/05 23:56:29.189, NVIDIA H200, 28, 0 %, 0 %, 529 MiB, 143771 MiB
2026/08/05 23:56:32.190, NVIDIA H200, 28, 0 %, 0 %, 529 MiB, 143771 MiB
2026/08/05 23:56:35.190, NVIDIA H200, 28, 0 %, 0 %, 529 MiB, 143771 MiB
2026/08/05 23:56:38.196, NVIDIA H200, 28, 0 %, 0 %, 529 MiB, 143771 MiB
2026/08/05 23:56:41.197, NVIDIA H200, 28, 0 %, 0 %, 529 MiB, 143771 MiB
2026/08/05 23:56:44.197, NVIDIA H200, 28, 0 %, 0 %, 529 MiB, 143771 MiB
2026/08/05 23:56:47.198, NVIDIA H200, 28, 0 %, 0 %, 529 MiB, 143771 MiB
2026/08/05 23:56:50.198, NVIDIA H200, 28, 0 %, 0 %, 529 MiB, 143771 MiB
2026/08/05 23:56:53.199, NVIDIA H200, 28, 0 %, 0 %, 529 MiB, 143771 MiB
2026/08/05 23:56:56.199, NVIDIA H200, 28, 0 %, 0 %, 529 MiB, 143771 MiB
2026/08/05 23:56:59.199, NVIDIA H200, 28, 0 %, 0 %, 529 MiB, 143771 MiB
2026/08/05 23:57:02.200, NVIDIA H200, 28, 0 %, 0 %, 529 MiB, 143771 MiB
2026/08/05 23:57:05.200, NVIDIA H200, 28, 0 %, 0 %, 529 MiB, 143771 MiB
2026/08/05 23:57:08.201, NVIDIA H200, 28, 0 %, 0 %, 529 MiB, 143771 MiB
2026/08/05 23:57:11.201, NVIDIA H200, 28, 0 %, 0 %, 529 MiB, 143771 MiB
2026/08/05 23:57:14.202, NVIDIA H200, 28, 0 %, 0 %, 529 MiB, 143771 MiB
2026/08/05 23:57:17.202, NVIDIA H200, 28, 0 %, 0 %, 529 MiB, 143771 MiB
2026/08/05 23:57:20.203, NVIDIA H200, 28, 0 %, 0 %, 529 MiB, 143771 MiB
2026/08/05 23:57:23.204, NVIDIA H200, 28, 0 %, 0 %, 529 MiB, 143771 MiB
2026/08/05 23:57:26.204, NVIDIA H200, 28, 0 %, 0 %, 529 MiB, 143771 MiB
2026/08/05 23:57:29.205, NVIDIA H200, 28, 0 %, 0 %, 529 MiB, 143771 MiB
2026/08/05 23:57:32.205, NVIDIA H200, 28, 0 %, 0 %, 529 MiB, 143771 MiB
2026/08/05 23:57:35.206, NVIDIA H200, 28, 0 %, 0 %, 529 MiB, 143771 MiB
2026/08/05 23:57:38.206, NVIDIA H200, 28, 0 %, 0 %, 529 MiB, 143771 MiB
2026/08/05 23:57:41.207, NVIDIA H200, 28, 0 %, 0 %, 529 MiB, 143771 MiB
2026/08/05 23:57:44.207, NVIDIA H200, 28, 0 %, 0 %, 529 MiB, 143771 MiB
2026/08/05 23:57:47.208, NVIDIA H200, 28, 0 %, 0 %, 529 MiB, 143771 MiB
2026/08/05 23:57:50.208, NVIDIA H200, 28, 0 %, 0 %, 529 MiB, 143771 MiB
2026/08/05 23:57:53.209, NVIDIA H200, 28, 0 %, 0 %, 529 MiB, 143771 MiB
2026/08/05 23:57:56.209, NVIDIA H200, 28, 0 %, 0 %, 529 MiB, 143771 MiB
2026/08/05 23:57:59.209, NVIDIA H200, 28, 0 %, 0 %, 529 MiB, 143771 MiB
2026/08/05 23:58:02.210, NVIDIA H200, 28, 0 %, 0 %, 529 MiB, 143771 MiB
2026/08/05 23:58:05.210, NVIDIA H200, 28, 0 %, 0 %, 529 MiB, 143771 MiB
2026/08/05 23:58:08.211, NVIDIA H200, 28, 0 %, 0 %, 529 MiB, 143771 MiB
2026/08/05 23:58:11.211, NVIDIA H200, 28, 0 %, 0 %, 529 MiB, 143771 MiB
2026/08/05 23:58:14.211, NVIDIA H200, 28, 0 %, 0 %, 529 MiB, 143771 MiB
2026/08/05 23:58:17.212, NVIDIA H200, 28, 0 %, 0 %, 529 MiB, 143771 MiB
2026/08/05 23:58:20.212, NVIDIA H200, 28, 0 %, 0 %, 529 MiB, 143771 MiB
2026/08/05 23:58:23.213, NVIDIA H200, 28, 0 %, 0 %, 529 MiB, 143771 MiB
2026/08/05 23:58:26.213, NVIDIA H200, 28, 0 %, 0 %, 529 MiB, 143771 MiB
2026/08/05 23:58:29.213, NVIDIA H200, 28, 0 %, 0 %, 529 MiB, 143771 MiB
2026/08/05 23:58:32.214, NVIDIA H200, 28, 0 %, 0 %, 529 MiB, 143771 MiB
2026/08/05 23:58:35.214, NVIDIA H200, 28, 0 %, 0 %, 529 MiB, 143771 MiB
2026/08/05 23:58:38.214, NVIDIA H200, 28, 0 %, 0 %, 529 MiB, 143771 MiB
2026/08/05 23:58:41.215, NVIDIA H200, 28, 0 %, 0 %, 529 MiB, 143771 MiB
2026/08/05 23:58:44.215, NVIDIA H200, 28, 0 %, 0 %, 529 MiB, 143771 MiB
2026/08/05 23:58:47.216, NVIDIA H200, 28, 0 %, 0 %, 529 MiB, 143771 MiB
2026/08/05 23:58:50.217, NVIDIA H200, 28, 0 %, 0 %, 529 MiB, 143771 MiB
2026/08/05 23:58:53.217, NVIDIA H200, 28, 0 %, 0 %, 529 MiB, 143771 MiB
2026/08/05 23:58:56.218, NVIDIA H200, 28, 0 %, 0 %, 529 MiB, 143771 MiB
2026/08/05 23:58:59.218, NVIDIA H200, 28, 0 %, 0 %, 529 MiB, 143771 MiB
2026/08/05 23:59:02.218, NVIDIA H200, 28, 0 %, 0 %, 529 MiB, 143771 MiB
2026/08/05 23:59:05.219, NVIDIA H200, 28, 0 %, 0 %, 529 MiB, 143771 MiB
2026/08/05 23:59:08.219, NVIDIA H200, 28, 0 %, 0 %, 529 MiB, 143771 MiB
2026/08/05 23:59:11.219, NVIDIA H200, 28, 0 %, 0 %, 529 MiB, 143771 MiB
2026/08/05 23:59:14.220, NVIDIA H200, 28, 0 %, 0 %, 529 MiB, 143771 MiB
2026/08/05 23:59:17.220, NVIDIA H200, 28, 0 %, 0 %, 529 MiB, 143771 MiB
2026/08/05 23:59:20.221, NVIDIA H200, 28, 0 %, 0 %, 529 MiB, 143771 MiB
2026/08/05 23:59:23.221, NVIDIA H200, 28, 0 %, 0 %, 529 MiB, 143771 MiB
2026/08/05 23:59:26.222, NVIDIA H200, 28, 0 %, 0 %, 529 MiB, 143771 MiB
2026/08/05 23:59:29.222, NVIDIA H200, 28, 0 %, 0 %, 529 MiB, 143771 MiB
2026/08/05 23:59:32.223, NVIDIA H200, 28, 0 %, 0 %, 529 MiB, 143771 MiB
2026/08/05 23:59:35.223, NVIDIA H200, 27, 0 %, 0 %, 529 MiB, 143771 MiB
2026/08/05 23:59:38.224, NVIDIA H200, 28, 0 %, 0 %, 529 MiB, 143771 MiB
2026/08/05 23:59:41.224, NVIDIA H200, 28, 0 %, 0 %, 529 MiB, 143771 MiB
2026/08/05 23:59:44.224, NVIDIA H200, 28, 0 %, 0 %, 529 MiB, 143771 MiB
2026/08/05 23:59:47.225, NVIDIA H200, 28, 0 %, 0 %, 529 MiB, 143771 MiB
2026/08/05 23:59:50.225, NVIDIA H200, 28, 0 %, 0 %, 529 MiB, 143771 MiB
2026/08/05 23:59:53.225, NVIDIA H200, 28, 0 %, 0 %, 529 MiB, 143771 MiB
2026/08/05 23:59:56.226, NVIDIA H200, 28, 0 %, 0 %, 529 MiB, 143771 MiB
2026/08/05 23:59:59.226, NVIDIA H200, 28, 0 %, 0 %, 529 MiB, 143771 MiB
2026/08/06 00:00:02.227, NVIDIA H200, 28, 0 %, 0 %, 529 MiB, 143771 MiB
2026/08/06 00:00:05.227, NVIDIA H200, 28, 0 %, 0 %, 529 MiB, 143771 MiB
2026/08/06 00:00:08.244, NVIDIA H200, 28, 0 %, 0 %, 529 MiB, 143771 MiB
2026/08/06 00:00:11.245, NVIDIA H200, 28, 0 %, 0 %, 529 MiB, 143771 MiB
2026/08/06 00:00:14.245, NVIDIA H200, 28, 0 %, 0 %, 529 MiB, 143771 MiB
2026/08/06 00:00:17.245, NVIDIA H200, 28, 0 %, 0 %, 529 MiB, 143771 MiB
2026/08/06 00:00:20.246, NVIDIA H200, 28, 0 %, 0 %, 529 MiB, 143771 MiB
2026/08/06 00:00:23.246, NVIDIA H200, 28, 0 %, 0 %, 529 MiB, 143771 MiB
2026/08/06 00:00:26.247, NVIDIA H200, 28, 0 %, 0 %, 529 MiB, 143771 MiB
2026/08/06 00:00:29.247, NVIDIA H200, 28, 0 %, 0 %, 529 MiB, 143771 MiB
2026/08/06 00:00:32.248, NVIDIA H200, 28, 0 %, 0 %, 529 MiB, 143771 MiB
2026/08/06 00:00:35.248, NVIDIA H200, 28, 0 %, 0 %, 529 MiB, 143771 MiB
2026/08/06 00:00:38.249, NVIDIA H200, 28, 0 %, 0 %, 529 MiB, 143771 MiB
2026/08/06 00:00:41.249, NVIDIA H200, 28, 0 %, 0 %, 529 MiB, 143771 MiB
2026/08/06 00:00:44.250, NVIDIA H200, 28, 0 %, 0 %, 529 MiB, 143771 MiB
2026/08/06 00:00:47.250, NVIDIA H200, 28, 0 %, 0 %, 529 MiB, 143771 MiB
2026/08/06 00:00:50.251, NVIDIA H200, 28, 0 %, 0 %, 529 MiB, 143771 MiB
2026/08/06 00:00:53.251, NVIDIA H200, 28, 0 %, 0 %, 529 MiB, 143771 MiB
2026/08/06 00:00:56.252, NVIDIA H200, 28, 0 %, 0 %, 529 MiB, 143771 MiB
2026/08/06 00:00:59.252, NVIDIA H200, 28, 0 %, 0 %, 529 MiB, 143771 MiB
2026/08/06 00:01:02.253, NVIDIA H200, 29, 0 %, 0 %, 529 MiB, 143771 MiB
2026/08/06 00:01:05.253, NVIDIA H200, 28, 0 %, 0 %, 529 MiB, 143771 MiB
2026/08/06 00:01:08.254, NVIDIA H200, 29, 0 %, 0 %, 529 MiB, 143771 MiB
2026/08/06 00:01:11.254, NVIDIA H200, 28, 0 %, 0 %, 529 MiB, 143771 MiB
2026/08/06 00:01:14.254, NVIDIA H200, 29, 0 %, 0 %, 529 MiB, 143771 MiB
2026/08/06 00:01:17.255, NVIDIA H200, 28, 0 %, 0 %, 529 MiB, 143771 MiB
2026/08/06 00:01:20.255, NVIDIA H200, 29, 0 %, 0 %, 529 MiB, 143771 MiB
2026/08/06 00:01:23.255, NVIDIA H200, 28, 0 %, 0 %, 529 MiB, 143771 MiB
2026/08/06 00:01:26.256, NVIDIA H200, 29, 0 %, 0 %, 529 MiB, 143771 MiB
2026/08/06 00:01:29.256, NVIDIA H200, 28, 0 %, 0 %, 529 MiB, 143771 MiB
2026/08/06 00:01:32.257, NVIDIA H200, 29, 0 %, 0 %, 529 MiB, 143771 MiB
2026/08/06 00:01:35.257, NVIDIA H200, 28, 0 %, 0 %, 529 MiB, 143771 MiB
2026/08/06 00:01:38.257, NVIDIA H200, 29, 0 %, 0 %, 529 MiB, 143771 MiB
2026/08/06 00:01:41.258, NVIDIA H200, 28, 0 %, 0 %, 529 MiB, 143771 MiB
2026/08/06 00:01:44.258, NVIDIA H200, 29, 0 %, 0 %, 529 MiB, 143771 MiB
2026/08/06 00:01:47.259, NVIDIA H200, 28, 0 %, 0 %, 529 MiB, 143771 MiB
2026/08/06 00:01:50.259, NVIDIA H200, 29, 0 %, 0 %, 529 MiB, 143771 MiB
2026/08/06 00:01:53.260, NVIDIA H200, 28, 0 %, 0 %, 529 MiB, 143771 MiB
2026/08/06 00:01:56.260, NVIDIA H200, 29, 0 %, 0 %, 529 MiB, 143771 MiB
2026/08/06 00:01:59.261, NVIDIA H200, 28, 0 %, 0 %, 529 MiB, 143771 MiB
2026/08/06 00:02:02.261, NVIDIA H200, 29, 0 %, 0 %, 529 MiB, 143771 MiB
2026/08/06 00:02:05.261, NVIDIA H200, 28, 0 %, 0 %, 529 MiB, 143771 MiB
2026/08/06 00:02:08.262, NVIDIA H200, 29, 0 %, 0 %, 529 MiB, 143771 MiB
2026/08/06 00:02:11.262, NVIDIA H200, 28, 0 %, 0 %, 529 MiB, 143771 MiB
2026/08/06 00:02:14.262, NVIDIA H200, 29, 0 %, 0 %, 529 MiB, 143771 MiB
2026/08/06 00:02:17.263, NVIDIA H200, 28, 0 %, 0 %, 529 MiB, 143771 MiB
2026/08/06 00:02:20.263, NVIDIA H200, 29, 0 %, 0 %, 529 MiB, 143771 MiB
2026/08/06 00:02:23.264, NVIDIA H200, 28, 0 %, 0 %, 529 MiB, 143771 MiB
2026/08/06 00:02:26.264, NVIDIA H200, 29, 0 %, 0 %, 529 MiB, 143771 MiB
2026/08/06 00:02:29.264, NVIDIA H200, 28, 0 %, 0 %, 529 MiB, 143771 MiB
2026/08/06 00:02:32.265, NVIDIA H200, 29, 0 %, 0 %, 529 MiB, 143771 MiB
2026/08/06 00:02:35.265, NVIDIA H200, 28, 0 %, 0 %, 529 MiB, 143771 MiB
2026/08/06 00:02:38.266, NVIDIA H200, 29, 0 %, 0 %, 529 MiB, 143771 MiB
2026/08/06 00:02:41.266, NVIDIA H200, 28, 0 %, 0 %, 529 MiB, 143771 MiB
2026/08/06 00:02:44.266, NVIDIA H200, 29, 0 %, 0 %, 529 MiB, 143771 MiB
2026/08/06 00:02:47.267, NVIDIA H200, 28, 0 %, 0 %, 529 MiB, 143771 MiB
2026/08/06 00:02:50.268, NVIDIA H200, 29, 0 %, 0 %, 529 MiB, 143771 MiB
2026/08/06 00:02:53.268, NVIDIA H200, 28, 0 %, 0 %, 529 MiB, 143771 MiB
2026/08/06 00:02:56.268, NVIDIA H200, 29, 0 %, 0 %, 529 MiB, 143771 MiB
2026/08/06 00:02:59.269, NVIDIA H200, 28, 0 %, 0 %, 529 MiB, 143771 MiB
2026/08/06 00:03:02.269, NVIDIA H200, 29, 0 %, 0 %, 529 MiB, 143771 MiB
2026/08/06 00:03:05.270, NVIDIA H200, 28, 0 %, 0 %, 529 MiB, 143771 MiB
2026/08/06 00:03:08.270, NVIDIA H200, 29, 0 %, 0 %, 529 MiB, 143771 MiB
2026/08/06 00:03:11.271, NVIDIA H200, 28, 0 %, 0 %, 529 MiB, 143771 MiB
2026/08/06 00:03:14.271, NVIDIA H200, 29, 0 %, 0 %, 529 MiB, 143771 MiB
2026/08/06 00:03:17.271, NVIDIA H200, 28, 0 %, 0 %, 529 MiB, 143771 MiB
2026/08/06 00:03:20.272, NVIDIA H200, 29, 0 %, 0 %, 529 MiB, 143771 MiB
2026/08/06 00:03:23.272, NVIDIA H200, 28, 0 %, 0 %, 529 MiB, 143771 MiB
2026/08/06 00:03:26.273, NVIDIA H200, 29, 0 %, 0 %, 529 MiB, 143771 MiB
2026/08/06 00:03:29.274, NVIDIA H200, 28, 0 %, 0 %, 529 MiB, 143771 MiB
2026/08/06 00:03:32.274, NVIDIA H200, 29, 0 %, 0 %, 529 MiB, 143771 MiB
2026/08/06 00:03:35.274, NVIDIA H200, 28, 0 %, 0 %, 529 MiB, 143771 MiB
2026/08/06 00:03:38.275, NVIDIA H200, 29, 0 %, 0 %, 529 MiB, 143771 MiB
2026/08/06 00:03:41.275, NVIDIA H200, 28, 0 %, 0 %, 529 MiB, 143771 MiB
2026/08/06 00:03:44.276, NVIDIA H200, 29, 0 %, 0 %, 529 MiB, 143771 MiB
2026/08/06 00:03:47.276, NVIDIA H200, 28, 0 %, 0 %, 529 MiB, 143771 MiB
2026/08/06 00:03:50.277, NVIDIA H200, 29, 0 %, 0 %, 529 MiB, 143771 MiB
2026/08/06 00:03:53.277, NVIDIA H200, 28, 0 %, 0 %, 529 MiB, 143771 MiB
2026/08/06 00:03:56.278, NVIDIA H200, 29, 0 %, 0 %, 529 MiB, 143771 MiB
2026/08/06 00:03:59.278, NVIDIA H200, 28, 0 %, 0 %, 529 MiB, 143771 MiB
2026/08/06 00:04:02.279, NVIDIA H200, 29, 0 %, 0 %, 529 MiB, 143771 MiB
2026/08/06 00:04:05.279, NVIDIA H200, 28, 0 %, 0 %, 529 MiB, 143771 MiB
2026/08/06 00:04:08.279, NVIDIA H200, 29, 0 %, 0 %, 529 MiB, 143771 MiB
2026/08/06 00:04:11.280, NVIDIA H200, 28, 0 %, 0 %, 529 MiB, 143771 MiB
2026/08/06 00:04:14.280, NVIDIA H200, 29, 0 %, 0 %, 529 MiB, 143771 MiB
2026/08/06 00:04:17.281, NVIDIA H200, 28, 0 %, 0 %, 529 MiB, 143771 MiB
2026/08/06 00:04:20.281, NVIDIA H200, 29, 0 %, 0 %, 529 MiB, 143771 MiB
2026/08/06 00:04:23.281, NVIDIA H200, 28, 0 %, 0 %, 529 MiB, 143771 MiB
2026/08/06 00:04:26.282, NVIDIA H200, 29, 0 %, 0 %, 529 MiB, 143771 MiB
2026/08/06 00:04:29.282, NVIDIA H200, 28, 0 %, 0 %, 529 MiB, 143771 MiB
2026/08/06 00:04:32.283, NVIDIA H200, 28, 0 %, 0 %, 529 MiB, 143771 MiB
2026/08/06 00:04:35.283, NVIDIA H200, 28, 0 %, 0 %, 529 MiB, 143771 MiB
2026/08/06 00:04:38.284, NVIDIA H200, 29, 0 %, 0 %, 529 MiB, 143771 MiB
2026/08/06 00:04:41.284, NVIDIA H200, 28, 0 %, 0 %, 529 MiB, 143771 MiB
2026/08/06 00:04:44.285, NVIDIA H200, 29, 0 %, 0 %, 529 MiB, 143771 MiB
2026/08/06 00:04:47.285, NVIDIA H200, 28, 0 %, 0 %, 529 MiB, 143771 MiB
2026/08/06 00:04:50.286, NVIDIA H200, 29, 0 %, 0 %, 529 MiB, 143771 MiB
2026/08/06 00:04:53.286, NVIDIA H200, 28, 0 %, 0 %, 529 MiB, 143771 MiB
2026/08/06 00:04:56.287, NVIDIA H200, 29, 0 %, 0 %, 529 MiB, 143771 MiB
2026/08/06 00:04:59.287, NVIDIA H200, 28, 0 %, 0 %, 529 MiB, 143771 MiB
2026/08/06 00:05:02.288, NVIDIA H200, 29, 0 %, 0 %, 529 MiB, 143771 MiB
2026/08/06 00:05:05.289, NVIDIA H200, 28, 0 %, 0 %, 529 MiB, 143771 MiB
2026/08/06 00:05:08.289, NVIDIA H200, 29, 0 %, 0 %, 529 MiB, 143771 MiB
2026/08/06 00:05:11.289, NVIDIA H200, 28, 0 %, 0 %, 529 MiB, 143771 MiB
2026/08/06 00:05:14.290, NVIDIA H200, 29, 0 %, 0 %, 529 MiB, 143771 MiB
2026/08/06 00:05:17.290, NVIDIA H200, 28, 0 %, 0 %, 529 MiB, 143771 MiB
2026/08/06 00:05:20.291, NVIDIA H200, 29, 0 %, 0 %, 529 MiB, 143771 MiB
2026/08/06 00:05:23.291, NVIDIA H200, 28, 0 %, 0 %, 529 MiB, 143771 MiB
2026/08/06 00:05:26.292, NVIDIA H200, 29, 0 %, 0 %, 529 MiB, 143771 MiB
2026/08/06 00:05:29.292, NVIDIA H200, 28, 0 %, 0 %, 529 MiB, 143771 MiB
2026/08/06 00:05:32.293, NVIDIA H200, 29, 0 %, 0 %, 529 MiB, 143771 MiB
2026/08/06 00:05:35.294, NVIDIA H200, 28, 0 %, 0 %, 529 MiB, 143771 MiB
2026/08/06 00:05:38.294, NVIDIA H200, 29, 0 %, 0 %, 529 MiB, 143771 MiB
2026/08/06 00:05:41.294, NVIDIA H200, 28, 0 %, 0 %, 529 MiB, 143771 MiB
2026/08/06 00:05:44.295, NVIDIA H200, 29, 0 %, 0 %, 529 MiB, 143771 MiB
2026/08/06 00:05:47.295, NVIDIA H200, 28, 0 %, 0 %, 529 MiB, 143771 MiB
2026/08/06 00:05:50.296, NVIDIA H200, 29, 0 %, 0 %, 529 MiB, 143771 MiB
2026/08/06 00:05:53.296, NVIDIA H200, 28, 0 %, 0 %, 529 MiB, 143771 MiB
2026/08/06 00:05:56.297, NVIDIA H200, 29, 0 %, 0 %, 529 MiB, 143771 MiB
2026/08/06 00:05:59.297, NVIDIA H200, 28, 0 %, 0 %, 529 MiB, 143771 MiB
2026/08/06 00:06:02.298, NVIDIA H200, 29, 0 %, 0 %, 529 MiB, 143771 MiB
2026/08/06 00:06:05.298, NVIDIA H200, 28, 0 %, 0 %, 529 MiB, 143771 MiB
2026/08/06 00:06:08.298, NVIDIA H200, 29, 0 %, 0 %, 529 MiB, 143771 MiB
2026/08/06 00:06:11.299, NVIDIA H200, 28, 0 %, 0 %, 529 MiB, 143771 MiB
2026/08/06 00:06:14.299, NVIDIA H200, 29, 0 %, 0 %, 529 MiB, 143771 MiB
2026/08/06 00:06:17.300, NVIDIA H200, 28, 0 %, 0 %, 529 MiB, 143771 MiB
2026/08/06 00:06:20.300, NVIDIA H200, 29, 0 %, 0 %, 529 MiB, 143771 MiB
2026/08/06 00:06:23.301, NVIDIA H200, 28, 0 %, 0 %, 529 MiB, 143771 MiB
2026/08/06 00:06:26.301, NVIDIA H200, 29, 0 %, 0 %, 529 MiB, 143771 MiB
2026/08/06 00:06:29.302, NVIDIA H200, 28, 0 %, 0 %, 529 MiB, 143771 MiB
2026/08/06 00:06:32.302, NVIDIA H200, 29, 0 %, 0 %, 529 MiB, 143771 MiB
2026/08/06 00:06:35.303, NVIDIA H200, 28, 0 %, 0 %, 529 MiB, 143771 MiB
2026/08/06 00:06:38.303, NVIDIA H200, 29, 0 %, 0 %, 529 MiB, 143771 MiB
2026/08/06 00:06:41.304, NVIDIA H200, 28, 0 %, 0 %, 529 MiB, 143771 MiB
2026/08/06 00:06:44.305, NVIDIA H200, 29, 0 %, 0 %, 529 MiB, 143771 MiB
2026/08/06 00:06:47.305, NVIDIA H200, 28, 0 %, 0 %, 529 MiB, 143771 MiB
2026/08/06 00:06:50.306, NVIDIA H200, 29, 0 %, 0 %, 529 MiB, 143771 MiB
2026/08/06 00:06:53.306, NVIDIA H200, 28, 0 %, 0 %, 529 MiB, 143771 MiB
2026/08/06 00:06:56.306, NVIDIA H200, 29, 0 %, 0 %, 529 MiB, 143771 MiB
2026/08/06 00:06:59.307, NVIDIA H200, 28, 0 %, 0 %, 529 MiB, 143771 MiB
2026/08/06 00:07:02.307, NVIDIA H200, 29, 0 %, 0 %, 529 MiB, 143771 MiB
2026/08/06 00:07:05.308, NVIDIA H200, 29, 0 %, 0 %, 529 MiB, 143771 MiB
2026/08/06 00:07:08.308, NVIDIA H200, 29, 0 %, 0 %, 529 MiB, 143771 MiB
2026/08/06 00:07:11.309, NVIDIA H200, 29, 0 %, 0 %, 529 MiB, 143771 MiB
2026/08/06 00:07:14.310, NVIDIA H200, 29, 0 %, 0 %, 529 MiB, 143771 MiB
2026/08/06 00:07:17.310, NVIDIA H200, 29, 0 %, 0 %, 529 MiB, 143771 MiB
2026/08/06 00:07:20.310, NVIDIA H200, 29, 0 %, 0 %, 529 MiB, 143771 MiB
2026/08/06 00:07:23.311, NVIDIA H200, 29, 0 %, 0 %, 529 MiB, 143771 MiB
2026/08/06 00:07:26.311, NVIDIA H200, 29, 0 %, 0 %, 529 MiB, 143771 MiB
2026/08/06 00:07:29.312, NVIDIA H200, 28, 0 %, 0 %, 529 MiB, 143771 MiB
2026/08/06 00:07:32.312, NVIDIA H200, 29, 0 %, 0 %, 529 MiB, 143771 MiB
2026/08/06 00:07:35.313, NVIDIA H200, 28, 0 %, 0 %, 529 MiB, 143771 MiB
2026/08/06 00:07:38.313, NVIDIA H200, 29, 0 %, 0 %, 529 MiB, 143771 MiB
2026/08/06 00:07:41.314, NVIDIA H200, 28, 0 %, 0 %, 529 MiB, 143771 MiB
2026/08/06 00:07:44.314, NVIDIA H200, 29, 0 %, 0 %, 529 MiB, 143771 MiB
2026/08/06 00:07:47.315, NVIDIA H200, 28, 0 %, 0 %, 529 MiB, 143771 MiB
2026/08/06 00:07:50.315, NVIDIA H200, 29, 0 %, 0 %, 529 MiB, 143771 MiB
2026/08/06 00:07:53.316, NVIDIA H200, 28, 0 %, 0 %, 529 MiB, 143771 MiB
2026/08/06 00:07:56.316, NVIDIA H200, 29, 0 %, 0 %, 529 MiB, 143771 MiB
2026/08/06 00:07:59.317, NVIDIA H200, 28, 0 %, 0 %, 529 MiB, 143771 MiB
2026/08/06 00:08:02.317, NVIDIA H200, 29, 0 %, 0 %, 529 MiB, 143771 MiB
2026/08/06 00:08:05.317, NVIDIA H200, 28, 0 %, 0 %, 529 MiB, 143771 MiB
2026/08/06 00:08:08.318, NVIDIA H200, 29, 0 %, 0 %, 529 MiB, 143771 MiB
2026/08/06 00:08:11.320, NVIDIA H200, 28, 0 %, 0 %, 529 MiB, 143771 MiB
2026/08/06 00:08:14.320, NVIDIA H200, 29, 0 %, 0 %, 529 MiB, 143771 MiB
2026/08/06 00:08:17.320, NVIDIA H200, 28, 0 %, 0 %, 529 MiB, 143771 MiB
2026/08/06 00:08:20.321, NVIDIA H200, 29, 0 %, 0 %, 529 MiB, 143771 MiB
2026/08/06 00:08:23.321, NVIDIA H200, 28, 0 %, 0 %, 529 MiB, 143771 MiB
2026/08/06 00:08:26.322, NVIDIA H200, 29, 0 %, 0 %, 529 MiB, 143771 MiB
2026/08/06 00:08:29.322, NVIDIA H200, 28, 0 %, 0 %, 529 MiB, 143771 MiB
2026/08/06 00:08:32.323, NVIDIA H200, 29, 0 %, 0 %, 529 MiB, 143771 MiB
2026/08/06 00:08:35.323, NVIDIA H200, 28, 0 %, 0 %, 529 MiB, 143771 MiB
2026/08/06 00:08:38.324, NVIDIA H200, 29, 0 %, 0 %, 529 MiB, 143771 MiB
2026/08/06 00:08:41.324, NVIDIA H200, 28, 0 %, 0 %, 529 MiB, 143771 MiB
2026/08/06 00:08:44.325, NVIDIA H200, 29, 0 %, 0 %, 529 MiB, 143771 MiB
2026/08/06 00:08:47.325, NVIDIA H200, 28, 0 %, 0 %, 529 MiB, 143771 MiB
2026/08/06 00:08:50.326, NVIDIA H200, 29, 0 %, 0 %, 529 MiB, 143771 MiB
2026/08/06 00:08:53.326, NVIDIA H200, 28, 0 %, 0 %, 529 MiB, 143771 MiB
2026/08/06 00:08:56.327, NVIDIA H200, 29, 0 %, 0 %, 529 MiB, 143771 MiB
2026/08/06 00:08:59.327, NVIDIA H200, 28, 0 %, 0 %, 529 MiB, 143771 MiB
2026/08/06 00:09:02.328, NVIDIA H200, 29, 0 %, 0 %, 529 MiB, 143771 MiB
2026/08/06 00:09:05.328, NVIDIA H200, 28, 0 %, 0 %, 529 MiB, 143771 MiB
2026/08/06 00:09:08.328, NVIDIA H200, 29, 0 %, 0 %, 529 MiB, 143771 MiB
2026/08/06 00:09:11.329, NVIDIA H200, 28, 0 %, 0 %, 529 MiB, 143771 MiB
2026/08/06 00:09:14.330, NVIDIA H200, 29, 0 %, 0 %, 529 MiB, 143771 MiB
2026/08/06 00:09:17.330, NVIDIA H200, 28, 0 %, 0 %, 529 MiB, 143771 MiB
2026/08/06 00:09:20.331, NVIDIA H200, 29, 0 %, 0 %, 529 MiB, 143771 MiB
2026/08/06 00:09:23.331, NVIDIA H200, 27, 0 %, 0 %, 529 MiB, 143771 MiB
2026/08/06 00:09:26.332, NVIDIA H200, 28, 0 %, 0 %, 529 MiB, 143771 MiB
2026/08/06 00:09:29.332, NVIDIA H200, 28, 0 %, 0 %, 529 MiB, 143771 MiB
2026/08/06 00:09:32.332, NVIDIA H200, 28, 0 %, 0 %, 529 MiB, 143771 MiB
2026/08/06 00:09:35.333, NVIDIA H200, 28, 0 %, 0 %, 529 MiB, 143771 MiB
2026/08/06 00:09:38.334, NVIDIA H200, 29, 0 %, 0 %, 529 MiB, 143771 MiB
2026/08/06 00:09:41.334, NVIDIA H200, 28, 0 %, 0 %, 529 MiB, 143771 MiB
2026/08/06 00:09:44.335, NVIDIA H200, 29, 0 %, 0 %, 529 MiB, 143771 MiB
2026/08/06 00:09:47.335, NVIDIA H200, 28, 0 %, 0 %, 529 MiB, 143771 MiB
2026/08/06 00:09:50.336, NVIDIA H200, 29, 0 %, 0 %, 529 MiB, 143771 MiB
2026/08/06 00:09:53.336, NVIDIA H200, 28, 0 %, 0 %, 529 MiB, 143771 MiB
2026/08/06 00:09:56.337, NVIDIA H200, 29, 0 %, 0 %, 529 MiB, 143771 MiB
2026/08/06 00:09:59.337, NVIDIA H200, 28, 0 %, 0 %, 529 MiB, 143771 MiB
2026/08/06 00:10:02.338, NVIDIA H200, 29, 0 %, 0 %, 529 MiB, 143771 MiB
2026/08/06 00:10:05.338, NVIDIA H200, 28, 0 %, 0 %, 529 MiB, 143771 MiB
2026/08/06 00:10:08.338, NVIDIA H200, 29, 0 %, 0 %, 529 MiB, 143771 MiB
2026/08/06 00:10:11.339, NVIDIA H200, 28, 0 %, 0 %, 529 MiB, 143771 MiB
2026/08/06 00:10:14.339, NVIDIA H200, 29, 0 %, 0 %, 529 MiB, 143771 MiB
2026/08/06 00:10:17.340, NVIDIA H200, 28, 0 %, 0 %, 529 MiB, 143771 MiB
2026/08/06 00:10:20.340, NVIDIA H200, 29, 0 %, 0 %, 529 MiB, 143771 MiB
2026/08/06 00:10:23.341, NVIDIA H200, 28, 0 %, 0 %, 529 MiB, 143771 MiB
2026/08/06 00:10:26.341, NVIDIA H200, 29, 0 %, 0 %, 529 MiB, 143771 MiB
2026/08/06 00:10:29.342, NVIDIA H200, 28, 0 %, 0 %, 529 MiB, 143771 MiB
2026/08/06 00:10:32.342, NVIDIA H200, 28, 0 %, 0 %, 529 MiB, 143771 MiB
2026/08/06 00:10:35.342, NVIDIA H200, 28, 0 %, 0 %, 529 MiB, 143771 MiB
2026/08/06 00:10:38.343, NVIDIA H200, 28, 0 %, 0 %, 529 MiB, 143771 MiB
2026/08/06 00:10:41.343, NVIDIA H200, 28, 0 %, 0 %, 529 MiB, 143771 MiB
2026/08/06 00:10:44.346, NVIDIA H200, 28, 0 %, 0 %, 529 MiB, 143771 MiB
2026/08/06 00:10:47.346, NVIDIA H200, 28, 0 %, 0 %, 529 MiB, 143771 MiB
2026/08/06 00:10:50.346, NVIDIA H200, 28, 0 %, 0 %, 529 MiB, 143771 MiB
2026/08/06 00:10:53.347, NVIDIA H200, 28, 0 %, 0 %, 529 MiB, 143771 MiB
2026/08/06 00:10:56.347, NVIDIA H200, 28, 0 %, 0 %, 529 MiB, 143771 MiB
2026/08/06 00:10:59.348, NVIDIA H200, 28, 0 %, 0 %, 529 MiB, 143771 MiB
2026/08/06 00:11:02.348, NVIDIA H200, 28, 0 %, 0 %, 529 MiB, 143771 MiB
2026/08/06 00:11:05.349, NVIDIA H200, 28, 0 %, 0 %, 529 MiB, 143771 MiB
2026/08/06 00:11:08.349, NVIDIA H200, 29, 0 %, 0 %, 529 MiB, 143771 MiB
2026/08/06 00:11:11.350, NVIDIA H200, 28, 0 %, 0 %, 529 MiB, 143771 MiB
2026/08/06 00:11:14.350, NVIDIA H200, 29, 0 %, 0 %, 529 MiB, 143771 MiB
2026/08/06 00:11:17.351, NVIDIA H200, 28, 0 %, 0 %, 529 MiB, 143771 MiB
2026/08/06 00:11:20.351, NVIDIA H200, 29, 0 %, 0 %, 529 MiB, 143771 MiB
2026/08/06 00:11:23.352, NVIDIA H200, 28, 0 %, 0 %, 529 MiB, 143771 MiB
2026/08/06 00:11:26.352, NVIDIA H200, 29, 0 %, 0 %, 529 MiB, 143771 MiB
2026/08/06 00:11:29.353, NVIDIA H200, 28, 0 %, 0 %, 529 MiB, 143771 MiB
2026/08/06 00:11:32.353, NVIDIA H200, 29, 0 %, 0 %, 529 MiB, 143771 MiB
2026/08/06 00:11:35.354, NVIDIA H200, 28, 0 %, 0 %, 529 MiB, 143771 MiB
2026/08/06 00:11:38.354, NVIDIA H200, 28, 0 %, 0 %, 529 MiB, 143771 MiB
2026/08/06 00:11:41.355, NVIDIA H200, 28, 0 %, 0 %, 529 MiB, 143771 MiB
2026/08/06 00:11:44.355, NVIDIA H200, 29, 0 %, 0 %, 529 MiB, 143771 MiB
2026/08/06 00:11:47.356, NVIDIA H200, 28, 0 %, 0 %, 529 MiB, 143771 MiB
2026/08/06 00:11:50.356, NVIDIA H200, 29, 0 %, 0 %, 529 MiB, 143771 MiB
2026/08/06 00:11:53.356, NVIDIA H200, 28, 0 %, 0 %, 529 MiB, 143771 MiB
2026/08/06 00:11:56.357, NVIDIA H200, 29, 0 %, 0 %, 529 MiB, 143771 MiB
2026/08/06 00:11:59.357, NVIDIA H200, 28, 0 %, 0 %, 529 MiB, 143771 MiB
2026/08/06 00:12:02.358, NVIDIA H200, 29, 0 %, 0 %, 529 MiB, 143771 MiB
2026/08/06 00:12:05.359, NVIDIA H200, 28, 0 %, 0 %, 529 MiB, 143771 MiB
2026/08/06 00:12:08.359, NVIDIA H200, 29, 0 %, 0 %, 529 MiB, 143771 MiB
2026/08/06 00:12:11.360, NVIDIA H200, 28, 0 %, 0 %, 529 MiB, 143771 MiB
2026/08/06 00:12:14.360, NVIDIA H200, 29, 0 %, 0 %, 529 MiB, 143771 MiB
2026/08/06 00:12:17.361, NVIDIA H200, 28, 0 %, 0 %, 529 MiB, 143771 MiB
2026/08/06 00:12:20.361, NVIDIA H200, 29, 0 %, 0 %, 529 MiB, 143771 MiB
2026/08/06 00:12:23.361, NVIDIA H200, 28, 0 %, 0 %, 529 MiB, 143771 MiB
2026/08/06 00:12:26.362, NVIDIA H200, 29, 0 %, 0 %, 529 MiB, 143771 MiB
2026/08/06 00:12:29.362, NVIDIA H200, 28, 0 %, 0 %, 529 MiB, 143771 MiB
2026/08/06 00:12:32.363, NVIDIA H200, 28, 0 %, 0 %, 529 MiB, 143771 MiB
2026/08/06 00:12:35.363, NVIDIA H200, 28, 0 %, 0 %, 529 MiB, 143771 MiB
2026/08/06 00:12:38.364, NVIDIA H200, 28, 0 %, 0 %, 529 MiB, 143771 MiB
2026/08/06 00:12:41.364, NVIDIA H200, 28, 0 %, 0 %, 529 MiB, 143771 MiB
2026/08/06 00:12:44.365, NVIDIA H200, 28, 0 %, 0 %, 529 MiB, 143771 MiB
2026/08/06 00:12:47.365, NVIDIA H200, 28, 0 %, 0 %, 529 MiB, 143771 MiB
2026/08/06 00:12:50.365, NVIDIA H200, 28, 0 %, 0 %, 529 MiB, 143771 MiB
2026/08/06 00:12:53.366, NVIDIA H200, 28, 0 %, 0 %, 529 MiB, 143771 MiB
2026/08/06 00:12:56.366, NVIDIA H200, 29, 0 %, 0 %, 529 MiB, 143771 MiB
2026/08/06 00:12:59.367, NVIDIA H200, 28, 0 %, 0 %, 529 MiB, 143771 MiB
2026/08/06 00:13:02.367, NVIDIA H200, 28, 0 %, 0 %, 529 MiB, 143771 MiB
2026/08/06 00:13:05.368, NVIDIA H200, 28, 0 %, 0 %, 529 MiB, 143771 MiB
2026/08/06 00:13:08.368, NVIDIA H200, 28, 0 %, 0 %, 529 MiB, 143771 MiB
2026/08/06 00:13:11.369, NVIDIA H200, 28, 0 %, 0 %, 529 MiB, 143771 MiB
2026/08/06 00:13:14.369, NVIDIA H200, 28, 0 %, 0 %, 529 MiB, 143771 MiB
2026/08/06 00:13:17.369, NVIDIA H200, 28, 0 %, 0 %, 529 MiB, 143771 MiB
2026/08/06 00:13:20.370, NVIDIA H200, 28, 0 %, 0 %, 529 MiB, 143771 MiB
2026/08/06 00:13:23.376, NVIDIA H200, 28, 0 %, 0 %, 529 MiB, 143771 MiB
2026/08/06 00:13:26.376, NVIDIA H200, 28, 0 %, 0 %, 529 MiB, 143771 MiB
2026/08/06 00:13:29.377, NVIDIA H200, 28, 0 %, 0 %, 529 MiB, 143771 MiB
2026/08/06 00:13:32.377, NVIDIA H200, 28, 0 %, 0 %, 529 MiB, 143771 MiB
2026/08/06 00:13:35.378, NVIDIA H200, 28, 0 %, 0 %, 529 MiB, 143771 MiB
2026/08/06 00:13:38.378, NVIDIA H200, 28, 0 %, 0 %, 529 MiB, 143771 MiB
2026/08/06 00:13:41.379, NVIDIA H200, 29, 0 %, 0 %, 529 MiB, 143771 MiB
2026/08/06 00:13:44.379, NVIDIA H200, 28, 0 %, 0 %, 529 MiB, 143771 MiB
2026/08/06 00:13:47.380, NVIDIA H200, 29, 0 %, 0 %, 529 MiB, 143771 MiB
2026/08/06 00:13:50.380, NVIDIA H200, 28, 0 %, 0 %, 529 MiB, 143771 MiB
2026/08/06 00:13:53.381, NVIDIA H200, 28, 0 %, 0 %, 529 MiB, 143771 MiB
2026/08/06 00:13:56.381, NVIDIA H200, 28, 0 %, 0 %, 529 MiB, 143771 MiB
2026/08/06 00:13:59.381, NVIDIA H200, 29, 0 %, 0 %, 529 MiB, 143771 MiB
2026/08/06 00:14:02.382, NVIDIA H200, 28, 0 %, 0 %, 529 MiB, 143771 MiB
2026/08/06 00:14:05.382, NVIDIA H200, 29, 0 %, 0 %, 529 MiB, 143771 MiB
2026/08/06 00:14:08.382, NVIDIA H200, 28, 0 %, 0 %, 529 MiB, 143771 MiB
2026/08/06 00:14:11.383, NVIDIA H200, 29, 0 %, 0 %, 529 MiB, 143771 MiB
2026/08/06 00:14:14.383, NVIDIA H200, 27, 0 %, 0 %, 529 MiB, 143771 MiB
2026/08/06 00:14:17.384, NVIDIA H200, 28, 0 %, 0 %, 529 MiB, 143771 MiB
2026/08/06 00:14:20.384, NVIDIA H200, 28, 0 %, 0 %, 529 MiB, 143771 MiB
2026/08/06 00:14:23.385, NVIDIA H200, 28, 0 %, 0 %, 529 MiB, 143771 MiB
2026/08/06 00:14:26.385, NVIDIA H200, 28, 0 %, 0 %, 529 MiB, 143771 MiB
2026/08/06 00:14:29.386, NVIDIA H200, 28, 0 %, 0 %, 529 MiB, 143771 MiB
2026/08/06 00:14:32.386, NVIDIA H200, 28, 0 %, 0 %, 529 MiB, 143771 MiB
2026/08/06 00:14:35.387, NVIDIA H200, 28, 0 %, 0 %, 529 MiB, 143771 MiB
2026/08/06 00:14:38.387, NVIDIA H200, 28, 0 %, 0 %, 529 MiB, 143771 MiB
2026/08/06 00:14:41.387, NVIDIA H200, 29, 0 %, 0 %, 529 MiB, 143771 MiB
2026/08/06 00:14:44.388, NVIDIA H200, 28, 0 %, 0 %, 529 MiB, 143771 MiB
2026/08/06 00:14:47.388, NVIDIA H200, 29, 0 %, 0 %, 529 MiB, 143771 MiB
2026/08/06 00:14:50.389, NVIDIA H200, 28, 0 %, 0 %, 529 MiB, 143771 MiB
2026/08/06 00:14:53.389, NVIDIA H200, 29, 0 %, 0 %, 529 MiB, 143771 MiB
2026/08/06 00:14:56.390, NVIDIA H200, 28, 0 %, 0 %, 529 MiB, 143771 MiB
2026/08/06 00:14:59.391, NVIDIA H200, 29, 0 %, 0 %, 529 MiB, 143771 MiB
2026/08/06 00:15:02.392, NVIDIA H200, 28, 0 %, 0 %, 529 MiB, 143771 MiB
2026/08/06 00:15:05.392, NVIDIA H200, 29, 0 %, 0 %, 529 MiB, 143771 MiB
2026/08/06 00:15:08.393, NVIDIA H200, 28, 0 %, 0 %, 529 MiB, 143771 MiB
2026/08/06 00:15:11.393, NVIDIA H200, 29, 0 %, 0 %, 529 MiB, 143771 MiB
2026/08/06 00:15:14.394, NVIDIA H200, 28, 0 %, 0 %, 529 MiB, 143771 MiB
2026/08/06 00:15:17.394, NVIDIA H200, 29, 0 %, 0 %, 529 MiB, 143771 MiB
2026/08/06 00:15:20.395, NVIDIA H200, 28, 0 %, 0 %, 529 MiB, 143771 MiB
2026/08/06 00:15:23.395, NVIDIA H200, 29, 0 %, 0 %, 529 MiB, 143771 MiB
2026/08/06 00:15:26.396, NVIDIA H200, 28, 0 %, 0 %, 529 MiB, 143771 MiB
2026/08/06 00:15:29.396, NVIDIA H200, 29, 0 %, 0 %, 529 MiB, 143771 MiB
2026/08/06 00:15:32.396, NVIDIA H200, 28, 0 %, 0 %, 529 MiB, 143771 MiB
2026/08/06 00:15:35.397, NVIDIA H200, 29, 0 %, 0 %, 529 MiB, 143771 MiB
2026/08/06 00:15:38.397, NVIDIA H200, 28, 0 %, 0 %, 529 MiB, 143771 MiB
2026/08/06 00:15:41.398, NVIDIA H200, 29, 0 %, 0 %, 529 MiB, 143771 MiB
2026/08/06 00:15:44.398, NVIDIA H200, 28, 0 %, 0 %, 529 MiB, 143771 MiB
2026/08/06 00:15:47.399, NVIDIA H200, 29, 0 %, 0 %, 529 MiB, 143771 MiB
2026/08/06 00:15:50.399, NVIDIA H200, 28, 0 %, 0 %, 529 MiB, 143771 MiB
2026/08/06 00:15:53.399, NVIDIA H200, 29, 0 %, 0 %, 529 MiB, 143771 MiB
2026/08/06 00:15:56.400, NVIDIA H200, 28, 0 %, 0 %, 529 MiB, 143771 MiB
2026/08/06 00:15:59.400, NVIDIA H200, 29, 0 %, 0 %, 529 MiB, 143771 MiB
2026/08/06 00:16:02.401, NVIDIA H200, 28, 0 %, 0 %, 529 MiB, 143771 MiB
2026/08/06 00:16:05.401, NVIDIA H200, 29, 0 %, 0 %, 529 MiB, 143771 MiB
2026/08/06 00:16:08.402, NVIDIA H200, 28, 0 %, 0 %, 529 MiB, 143771 MiB
2026/08/06 00:16:11.402, NVIDIA H200, 29, 0 %, 0 %, 529 MiB, 143771 MiB
2026/08/06 00:16:14.403, NVIDIA H200, 28, 0 %, 0 %, 529 MiB, 143771 MiB
2026/08/06 00:16:17.403, NVIDIA H200, 29, 0 %, 0 %, 529 MiB, 143771 MiB
2026/08/06 00:16:20.404, NVIDIA H200, 28, 0 %, 0 %, 529 MiB, 143771 MiB
2026/08/06 00:16:23.404, NVIDIA H200, 29, 0 %, 0 %, 529 MiB, 143771 MiB
2026/08/06 00:16:26.404, NVIDIA H200, 28, 0 %, 0 %, 529 MiB, 143771 MiB
2026/08/06 00:16:29.405, NVIDIA H200, 29, 0 %, 0 %, 529 MiB, 143771 MiB
2026/08/06 00:16:32.405, NVIDIA H200, 28, 0 %, 0 %, 529 MiB, 143771 MiB
2026/08/06 00:16:35.406, NVIDIA H200, 29, 0 %, 0 %, 529 MiB, 143771 MiB
2026/08/06 00:16:38.406, NVIDIA H200, 28, 0 %, 0 %, 529 MiB, 143771 MiB
2026/08/06 00:16:41.406, NVIDIA H200, 29, 0 %, 0 %, 529 MiB, 143771 MiB
2026/08/06 00:16:44.407, NVIDIA H200, 28, 0 %, 0 %, 529 MiB, 143771 MiB
2026/08/06 00:16:47.407, NVIDIA H200, 29, 0 %, 0 %, 529 MiB, 143771 MiB
2026/08/06 00:16:50.408, NVIDIA H200, 28, 0 %, 0 %, 529 MiB, 143771 MiB
2026/08/06 00:16:53.408, NVIDIA H200, 29, 0 %, 0 %, 529 MiB, 143771 MiB
2026/08/06 00:16:56.409, NVIDIA H200, 28, 0 %, 0 %, 529 MiB, 143771 MiB
2026/08/06 00:16:59.409, NVIDIA H200, 29, 0 %, 0 %, 529 MiB, 143771 MiB
2026/08/06 00:17:02.410, NVIDIA H200, 28, 0 %, 0 %, 529 MiB, 143771 MiB
2026/08/06 00:17:05.410, NVIDIA H200, 29, 0 %, 0 %, 529 MiB, 143771 MiB
2026/08/06 00:17:08.411, NVIDIA H200, 28, 0 %, 0 %, 529 MiB, 143771 MiB
2026/08/06 00:17:11.411, NVIDIA H200, 29, 0 %, 0 %, 529 MiB, 143771 MiB
2026/08/06 00:17:14.411, NVIDIA H200, 28, 0 %, 0 %, 529 MiB, 143771 MiB
2026/08/06 00:17:17.412, NVIDIA H200, 29, 0 %, 0 %, 529 MiB, 143771 MiB
2026/08/06 00:17:20.412, NVIDIA H200, 28, 0 %, 0 %, 529 MiB, 143771 MiB
2026/08/06 00:17:23.413, NVIDIA H200, 29, 0 %, 0 %, 529 MiB, 143771 MiB
2026/08/06 00:17:26.413, NVIDIA H200, 28, 0 %, 0 %, 529 MiB, 143771 MiB
2026/08/06 00:17:29.414, NVIDIA H200, 29, 0 %, 0 %, 529 MiB, 143771 MiB
2026/08/06 00:17:32.414, NVIDIA H200, 28, 0 %, 0 %, 529 MiB, 143771 MiB
2026/08/06 00:17:35.415, NVIDIA H200, 29, 0 %, 0 %, 529 MiB, 143771 MiB
2026/08/06 00:17:38.415, NVIDIA H200, 28, 0 %, 0 %, 529 MiB, 143771 MiB
2026/08/06 00:17:41.416, NVIDIA H200, 29, 0 %, 0 %, 529 MiB, 143771 MiB
2026/08/06 00:17:44.416, NVIDIA H200, 28, 0 %, 0 %, 529 MiB, 143771 MiB
2026/08/06 00:17:47.417, NVIDIA H200, 29, 0 %, 0 %, 529 MiB, 143771 MiB
2026/08/06 00:17:50.417, NVIDIA H200, 28, 0 %, 0 %, 529 MiB, 143771 MiB
2026/08/06 00:17:53.417, NVIDIA H200, 29, 0 %, 0 %, 529 MiB, 143771 MiB
2026/08/06 00:17:56.418, NVIDIA H200, 28, 0 %, 0 %, 529 MiB, 143771 MiB
2026/08/06 00:17:59.419, NVIDIA H200, 29, 0 %, 0 %, 529 MiB, 143771 MiB
2026/08/06 00:18:02.419, NVIDIA H200, 28, 0 %, 0 %, 529 MiB, 143771 MiB
2026/08/06 00:18:05.419, NVIDIA H200, 29, 0 %, 0 %, 529 MiB, 143771 MiB
2026/08/06 00:18:08.420, NVIDIA H200, 28, 0 %, 0 %, 529 MiB, 143771 MiB
2026/08/06 00:18:11.421, NVIDIA H200, 29, 0 %, 0 %, 529 MiB, 143771 MiB
2026/08/06 00:18:14.421, NVIDIA H200, 28, 0 %, 0 %, 529 MiB, 143771 MiB
2026/08/06 00:18:17.421, NVIDIA H200, 29, 0 %, 0 %, 529 MiB, 143771 MiB
2026/08/06 00:18:20.422, NVIDIA H200, 28, 0 %, 0 %, 529 MiB, 143771 MiB
2026/08/06 00:18:23.422, NVIDIA H200, 29, 0 %, 0 %, 529 MiB, 143771 MiB
2026/08/06 00:18:26.423, NVIDIA H200, 28, 0 %, 0 %, 529 MiB, 143771 MiB
2026/08/06 00:18:29.423, NVIDIA H200, 29, 0 %, 0 %, 529 MiB, 143771 MiB
2026/08/06 00:18:32.424, NVIDIA H200, 28, 0 %, 0 %, 529 MiB, 143771 MiB
2026/08/06 00:18:35.424, NVIDIA H200, 29, 0 %, 0 %, 529 MiB, 143771 MiB
2026/08/06 00:18:38.424, NVIDIA H200, 28, 0 %, 0 %, 529 MiB, 143771 MiB
2026/08/06 00:18:41.425, NVIDIA H200, 29, 0 %, 0 %, 529 MiB, 143771 MiB
2026/08/06 00:18:44.425, NVIDIA H200, 28, 0 %, 0 %, 529 MiB, 143771 MiB
2026/08/06 00:18:47.426, NVIDIA H200, 29, 0 %, 0 %, 529 MiB, 143771 MiB
2026/08/06 00:18:50.426, NVIDIA H200, 28, 0 %, 0 %, 529 MiB, 143771 MiB
2026/08/06 00:18:53.427, NVIDIA H200, 29, 0 %, 0 %, 529 MiB, 143771 MiB
2026/08/06 00:18:56.427, NVIDIA H200, 28, 0 %, 0 %, 529 MiB, 143771 MiB
2026/08/06 00:18:59.427, NVIDIA H200, 29, 0 %, 0 %, 529 MiB, 143771 MiB
2026/08/06 00:19:02.428, NVIDIA H200, 28, 0 %, 0 %, 529 MiB, 143771 MiB
2026/08/06 00:19:05.428, NVIDIA H200, 29, 0 %, 0 %, 529 MiB, 143771 MiB
2026/08/06 00:19:08.429, NVIDIA H200, 27, 0 %, 0 %, 529 MiB, 143771 MiB
2026/08/06 00:19:11.429, NVIDIA H200, 28, 0 %, 0 %, 529 MiB, 143771 MiB
2026/08/06 00:19:14.430, NVIDIA H200, 28, 0 %, 0 %, 529 MiB, 143771 MiB
2026/08/06 00:19:17.430, NVIDIA H200, 28, 0 %, 0 %, 529 MiB, 143771 MiB
2026/08/06 00:19:20.431, NVIDIA H200, 28, 0 %, 0 %, 529 MiB, 143771 MiB
2026/08/06 00:19:23.431, NVIDIA H200, 28, 0 %, 0 %, 529 MiB, 143771 MiB
2026/08/06 00:19:26.432, NVIDIA H200, 28, 0 %, 0 %, 529 MiB, 143771 MiB
2026/08/06 00:19:29.432, NVIDIA H200, 29, 0 %, 0 %, 529 MiB, 143771 MiB
2026/08/06 00:19:32.432, NVIDIA H200, 28, 0 %, 0 %, 529 MiB, 143771 MiB
2026/08/06 00:19:35.433, NVIDIA H200, 29, 0 %, 0 %, 529 MiB, 143771 MiB
2026/08/06 00:19:38.433, NVIDIA H200, 28, 0 %, 0 %, 529 MiB, 143771 MiB
2026/08/06 00:19:41.434, NVIDIA H200, 29, 0 %, 0 %, 529 MiB, 143771 MiB
2026/08/06 00:19:44.434, NVIDIA H200, 28, 0 %, 0 %, 529 MiB, 143771 MiB
2026/08/06 00:19:47.435, NVIDIA H200, 29, 0 %, 0 %, 529 MiB, 143771 MiB
2026/08/06 00:19:50.435, NVIDIA H200, 28, 0 %, 0 %, 529 MiB, 143771 MiB
2026/08/06 00:19:53.435, NVIDIA H200, 29, 0 %, 0 %, 529 MiB, 143771 MiB
2026/08/06 00:19:56.436, NVIDIA H200, 28, 0 %, 0 %, 529 MiB, 143771 MiB
2026/08/06 00:19:59.436, NVIDIA H200, 29, 0 %, 0 %, 529 MiB, 143771 MiB
2026/08/06 00:20:02.437, NVIDIA H200, 28, 0 %, 0 %, 529 MiB, 143771 MiB
2026/08/06 00:20:05.437, NVIDIA H200, 29, 0 %, 0 %, 529 MiB, 143771 MiB
2026/08/06 00:20:08.438, NVIDIA H200, 28, 0 %, 0 %, 529 MiB, 143771 MiB
2026/08/06 00:20:11.438, NVIDIA H200, 29, 0 %, 0 %, 529 MiB, 143771 MiB
2026/08/06 00:20:14.439, NVIDIA H200, 28, 0 %, 0 %, 529 MiB, 143771 MiB
2026/08/06 00:20:17.439, NVIDIA H200, 29, 0 %, 0 %, 529 MiB, 143771 MiB
2026/08/06 00:20:20.440, NVIDIA H200, 28, 0 %, 0 %, 529 MiB, 143771 MiB
2026/08/06 00:20:23.440, NVIDIA H200, 29, 0 %, 0 %, 529 MiB, 143771 MiB
2026/08/06 00:20:26.440, NVIDIA H200, 28, 0 %, 0 %, 529 MiB, 143771 MiB
2026/08/06 00:20:29.441, NVIDIA H200, 29, 0 %, 0 %, 529 MiB, 143771 MiB
2026/08/06 00:20:32.441, NVIDIA H200, 28, 0 %, 0 %, 529 MiB, 143771 MiB
2026/08/06 00:20:35.442, NVIDIA H200, 29, 0 %, 0 %, 529 MiB, 143771 MiB
2026/08/06 00:20:38.442, NVIDIA H200, 28, 0 %, 0 %, 529 MiB, 143771 MiB
2026/08/06 00:20:41.443, NVIDIA H200, 29, 0 %, 0 %, 529 MiB, 143771 MiB
2026/08/06 00:20:44.443, NVIDIA H200, 28, 0 %, 0 %, 529 MiB, 143771 MiB
2026/08/06 00:20:47.444, NVIDIA H200, 29, 0 %, 0 %, 529 MiB, 143771 MiB
2026/08/06 00:20:50.444, NVIDIA H200, 28, 0 %, 0 %, 529 MiB, 143771 MiB
2026/08/06 00:20:53.445, NVIDIA H200, 29, 0 %, 0 %, 529 MiB, 143771 MiB
2026/08/06 00:20:56.445, NVIDIA H200, 28, 0 %, 0 %, 529 MiB, 143771 MiB
2026/08/06 00:20:59.446, NVIDIA H200, 29, 0 %, 0 %, 529 MiB, 143771 MiB
2026/08/06 00:21:02.446, NVIDIA H200, 28, 0 %, 0 %, 529 MiB, 143771 MiB
2026/08/06 00:21:05.446, NVIDIA H200, 29, 0 %, 0 %, 529 MiB, 143771 MiB
2026/08/06 00:21:08.447, NVIDIA H200, 28, 0 %, 0 %, 529 MiB, 143771 MiB
2026/08/06 00:21:11.447, NVIDIA H200, 29, 0 %, 0 %, 529 MiB, 143771 MiB
2026/08/06 00:21:14.447, NVIDIA H200, 28, 0 %, 0 %, 529 MiB, 143771 MiB
2026/08/06 00:21:17.448, NVIDIA H200, 29, 0 %, 0 %, 529 MiB, 143771 MiB
2026/08/06 00:21:20.448, NVIDIA H200, 28, 0 %, 0 %, 529 MiB, 143771 MiB
2026/08/06 00:21:23.449, NVIDIA H200, 29, 0 %, 0 %, 529 MiB, 143771 MiB
2026/08/06 00:21:26.449, NVIDIA H200, 28, 0 %, 0 %, 529 MiB, 143771 MiB
2026/08/06 00:21:29.450, NVIDIA H200, 28, 0 %, 0 %, 529 MiB, 143771 MiB
2026/08/06 00:21:32.450, NVIDIA H200, 28, 0 %, 0 %, 529 MiB, 143771 MiB
2026/08/06 00:21:35.451, NVIDIA H200, 29, 0 %, 0 %, 529 MiB, 143771 MiB
2026/08/06 00:21:38.451, NVIDIA H200, 28, 0 %, 0 %, 529 MiB, 143771 MiB
2026/08/06 00:21:41.452, NVIDIA H200, 29, 0 %, 0 %, 529 MiB, 143771 MiB
2026/08/06 00:21:44.452, NVIDIA H200, 28, 0 %, 0 %, 529 MiB, 143771 MiB
2026/08/06 00:21:47.452, NVIDIA H200, 29, 0 %, 0 %, 529 MiB, 143771 MiB
2026/08/06 00:21:50.453, NVIDIA H200, 28, 0 %, 0 %, 529 MiB, 143771 MiB
2026/08/06 00:21:53.453, NVIDIA H200, 29, 0 %, 0 %, 529 MiB, 143771 MiB
2026/08/06 00:21:56.454, NVIDIA H200, 28, 0 %, 0 %, 529 MiB, 143771 MiB
2026/08/06 00:21:59.454, NVIDIA H200, 29, 0 %, 0 %, 529 MiB, 143771 MiB
2026/08/06 00:22:02.455, NVIDIA H200, 28, 0 %, 0 %, 529 MiB, 143771 MiB
2026/08/06 00:22:05.455, NVIDIA H200, 29, 0 %, 0 %, 529 MiB, 143771 MiB
2026/08/06 00:22:08.456, NVIDIA H200, 28, 0 %, 0 %, 529 MiB, 143771 MiB
2026/08/06 00:22:11.456, NVIDIA H200, 29, 0 %, 0 %, 529 MiB, 143771 MiB
2026/08/06 00:22:14.457, NVIDIA H200, 28, 0 %, 0 %, 529 MiB, 143771 MiB
2026/08/06 00:22:17.457, NVIDIA H200, 29, 0 %, 0 %, 529 MiB, 143771 MiB
2026/08/06 00:22:20.458, NVIDIA H200, 28, 0 %, 0 %, 529 MiB, 143771 MiB
2026/08/06 00:22:23.458, NVIDIA H200, 29, 0 %, 0 %, 529 MiB, 143771 MiB
2026/08/06 00:22:26.458, NVIDIA H200, 28, 0 %, 0 %, 529 MiB, 143771 MiB
2026/08/06 00:22:29.459, NVIDIA H200, 29, 0 %, 0 %, 529 MiB, 143771 MiB
2026/08/06 00:22:32.459, NVIDIA H200, 28, 0 %, 0 %, 529 MiB, 143771 MiB
2026/08/06 00:22:35.460, NVIDIA H200, 29, 0 %, 0 %, 529 MiB, 143771 MiB
2026/08/06 00:22:38.460, NVIDIA H200, 28, 0 %, 0 %, 529 MiB, 143771 MiB
2026/08/06 00:22:41.460, NVIDIA H200, 29, 0 %, 0 %, 529 MiB, 143771 MiB
2026/08/06 00:22:44.461, NVIDIA H200, 28, 0 %, 0 %, 529 MiB, 143771 MiB
2026/08/06 00:22:47.461, NVIDIA H200, 29, 0 %, 0 %, 529 MiB, 143771 MiB
2026/08/06 00:22:50.462, NVIDIA H200, 28, 0 %, 0 %, 529 MiB, 143771 MiB
2026/08/06 00:22:53.462, NVIDIA H200, 29, 0 %, 0 %, 529 MiB, 143771 MiB
2026/08/06 00:22:56.462, NVIDIA H200, 28, 0 %, 0 %, 529 MiB, 143771 MiB
2026/08/06 00:22:59.463, NVIDIA H200, 29, 0 %, 0 %, 529 MiB, 143771 MiB
2026/08/06 00:23:02.463, NVIDIA H200, 28, 0 %, 0 %, 529 MiB, 143771 MiB
2026/08/06 00:23:05.464, NVIDIA H200, 29, 0 %, 0 %, 529 MiB, 143771 MiB
2026/08/06 00:23:08.464, NVIDIA H200, 28, 0 %, 0 %, 529 MiB, 143771 MiB
2026/08/06 00:23:11.465, NVIDIA H200, 29, 0 %, 0 %, 529 MiB, 143771 MiB
2026/08/06 00:23:14.465, NVIDIA H200, 28, 0 %, 0 %, 529 MiB, 143771 MiB
2026/08/06 00:23:17.466, NVIDIA H200, 29, 0 %, 0 %, 529 MiB, 143771 MiB
2026/08/06 00:23:20.466, NVIDIA H200, 28, 0 %, 0 %, 529 MiB, 143771 MiB
2026/08/06 00:23:23.466, NVIDIA H200, 29, 0 %, 0 %, 529 MiB, 143771 MiB
2026/08/06 00:23:26.467, NVIDIA H200, 28, 0 %, 0 %, 529 MiB, 143771 MiB
2026/08/06 00:23:29.467, NVIDIA H200, 29, 0 %, 0 %, 529 MiB, 143771 MiB
2026/08/06 00:23:32.468, NVIDIA H200, 28, 0 %, 0 %, 529 MiB, 143771 MiB
2026/08/06 00:23:35.468, NVIDIA H200, 29, 0 %, 0 %, 529 MiB, 143771 MiB
2026/08/06 00:23:38.468, NVIDIA H200, 28, 0 %, 0 %, 529 MiB, 143771 MiB
2026/08/06 00:23:41.469, NVIDIA H200, 29, 0 %, 0 %, 529 MiB, 143771 MiB
2026/08/06 00:23:44.469, NVIDIA H200, 28, 0 %, 0 %, 529 MiB, 143771 MiB
2026/08/06 00:23:47.470, NVIDIA H200, 29, 0 %, 0 %, 529 MiB, 143771 MiB
2026/08/06 00:23:50.470, NVIDIA H200, 28, 0 %, 0 %, 529 MiB, 143771 MiB
2026/08/06 00:23:53.470, NVIDIA H200, 29, 0 %, 0 %, 529 MiB, 143771 MiB
2026/08/06 00:23:56.471, NVIDIA H200, 28, 0 %, 0 %, 529 MiB, 143771 MiB
2026/08/06 00:23:59.471, NVIDIA H200, 29, 0 %, 0 %, 529 MiB, 143771 MiB
2026/08/06 00:24:02.472, NVIDIA H200, 28, 0 %, 0 %, 529 MiB, 143771 MiB
2026/08/06 00:24:05.472, NVIDIA H200, 28, 0 %, 0 %, 529 MiB, 143771 MiB
2026/08/06 00:24:08.473, NVIDIA H200, 28, 0 %, 0 %, 529 MiB, 143771 MiB
2026/08/06 00:24:11.473, NVIDIA H200, 28, 0 %, 0 %, 529 MiB, 143771 MiB
2026/08/06 00:24:14.474, NVIDIA H200, 28, 0 %, 0 %, 529 MiB, 143771 MiB
2026/08/06 00:24:17.474, NVIDIA H200, 28, 0 %, 0 %, 529 MiB, 143771 MiB
2026/08/06 00:24:20.474, NVIDIA H200, 28, 0 %, 0 %, 529 MiB, 143771 MiB
2026/08/06 00:24:23.475, NVIDIA H200, 28, 0 %, 0 %, 529 MiB, 143771 MiB
2026/08/06 00:24:26.475, NVIDIA H200, 28, 0 %, 0 %, 529 MiB, 143771 MiB
2026/08/06 00:24:29.476, NVIDIA H200, 28, 0 %, 0 %, 529 MiB, 143771 MiB
2026/08/06 00:24:32.476, NVIDIA H200, 28, 0 %, 0 %, 529 MiB, 143771 MiB
2026/08/06 00:24:35.477, NVIDIA H200, 28, 0 %, 0 %, 529 MiB, 143771 MiB
2026/08/06 00:24:38.477, NVIDIA H200, 28, 0 %, 0 %, 529 MiB, 143771 MiB
2026/08/06 00:24:41.478, NVIDIA H200, 28, 0 %, 0 %, 529 MiB, 143771 MiB
2026/08/06 00:24:44.478, NVIDIA H200, 28, 0 %, 0 %, 529 MiB, 143771 MiB
2026/08/06 00:24:47.478, NVIDIA H200, 28, 0 %, 0 %, 529 MiB, 143771 MiB
2026/08/06 00:24:50.479, NVIDIA H200, 28, 0 %, 0 %, 529 MiB, 143771 MiB
2026/08/06 00:24:53.479, NVIDIA H200, 28, 0 %, 0 %, 529 MiB, 143771 MiB
2026/08/06 00:24:56.480, NVIDIA H200, 28, 0 %, 0 %, 529 MiB, 143771 MiB
2026/08/06 00:24:59.480, NVIDIA H200, 28, 0 %, 0 %, 529 MiB, 143771 MiB
2026/08/06 00:25:02.481, NVIDIA H200, 28, 0 %, 0 %, 529 MiB, 143771 MiB
2026/08/06 00:25:05.481, NVIDIA H200, 28, 0 %, 0 %, 529 MiB, 143771 MiB
2026/08/06 00:25:08.482, NVIDIA H200, 28, 0 %, 0 %, 529 MiB, 143771 MiB
2026/08/06 00:25:11.482, NVIDIA H200, 28, 0 %, 0 %, 529 MiB, 143771 MiB
2026/08/06 00:25:14.482, NVIDIA H200, 28, 0 %, 0 %, 529 MiB, 143771 MiB
2026/08/06 00:25:17.483, NVIDIA H200, 28, 0 %, 0 %, 529 MiB, 143771 MiB
2026/08/06 00:25:20.483, NVIDIA H200, 28, 0 %, 0 %, 529 MiB, 143771 MiB
2026/08/06 00:25:23.484, NVIDIA H200, 28, 0 %, 0 %, 529 MiB, 143771 MiB
2026/08/06 00:25:26.484, NVIDIA H200, 28, 0 %, 0 %, 529 MiB, 143771 MiB
2026/08/06 00:25:29.484, NVIDIA H200, 28, 0 %, 0 %, 529 MiB, 143771 MiB
2026/08/06 00:25:32.485, NVIDIA H200, 29, 0 %, 0 %, 529 MiB, 143771 MiB
2026/08/06 00:25:35.485, NVIDIA H200, 29, 0 %, 0 %, 529 MiB, 143771 MiB
2026/08/06 00:25:38.485, NVIDIA H200, 29, 0 %, 0 %, 529 MiB, 143771 MiB
2026/08/06 00:25:41.486, NVIDIA H200, 28, 0 %, 0 %, 529 MiB, 143771 MiB
2026/08/06 00:25:44.486, NVIDIA H200, 29, 0 %, 0 %, 529 MiB, 143771 MiB
2026/08/06 00:25:47.487, NVIDIA H200, 28, 0 %, 0 %, 529 MiB, 143771 MiB
2026/08/06 00:25:50.487, NVIDIA H200, 29, 0 %, 0 %, 529 MiB, 143771 MiB
2026/08/06 00:25:53.487, NVIDIA H200, 29, 0 %, 0 %, 529 MiB, 143771 MiB
2026/08/06 00:25:56.488, NVIDIA H200, 29, 0 %, 0 %, 529 MiB, 143771 MiB
2026/08/06 00:25:59.488, NVIDIA H200, 28, 0 %, 0 %, 529 MiB, 143771 MiB
2026/08/06 00:26:02.489, NVIDIA H200, 29, 0 %, 0 %, 529 MiB, 143771 MiB
2026/08/06 00:26:05.489, NVIDIA H200, 29, 0 %, 0 %, 529 MiB, 143771 MiB
2026/08/06 00:26:08.490, NVIDIA H200, 29, 0 %, 0 %, 529 MiB, 143771 MiB
2026/08/06 00:26:11.490, NVIDIA H200, 28, 0 %, 0 %, 529 MiB, 143771 MiB
2026/08/06 00:26:14.491, NVIDIA H200, 29, 0 %, 0 %, 529 MiB, 143771 MiB
2026/08/06 00:26:17.491, NVIDIA H200, 28, 0 %, 0 %, 529 MiB, 143771 MiB
2026/08/06 00:26:20.491, NVIDIA H200, 29, 0 %, 0 %, 529 MiB, 143771 MiB
2026/08/06 00:26:23.492, NVIDIA H200, 29, 0 %, 0 %, 529 MiB, 143771 MiB
2026/08/06 00:26:26.492, NVIDIA H200, 29, 0 %, 0 %, 529 MiB, 143771 MiB
2026/08/06 00:26:29.492, NVIDIA H200, 29, 0 %, 0 %, 529 MiB, 143771 MiB
2026/08/06 00:26:32.493, NVIDIA H200, 29, 0 %, 0 %, 529 MiB, 143771 MiB
2026/08/06 00:26:35.493, NVIDIA H200, 29, 0 %, 0 %, 529 MiB, 143771 MiB
2026/08/06 00:26:38.494, NVIDIA H200, 29, 0 %, 0 %, 529 MiB, 143771 MiB
2026/08/06 00:26:41.494, NVIDIA H200, 29, 0 %, 0 %, 529 MiB, 143771 MiB
2026/08/06 00:26:44.494, NVIDIA H200, 29, 0 %, 0 %, 529 MiB, 143771 MiB
2026/08/06 00:26:47.495, NVIDIA H200, 29, 0 %, 0 %, 529 MiB, 143771 MiB
2026/08/06 00:26:50.495, NVIDIA H200, 29, 0 %, 0 %, 529 MiB, 143771 MiB
2026/08/06 00:26:53.496, NVIDIA H200, 29, 0 %, 0 %, 529 MiB, 143771 MiB
2026/08/06 00:26:56.496, NVIDIA H200, 29, 0 %, 0 %, 529 MiB, 143771 MiB
2026/08/06 00:26:59.497, NVIDIA H200, 29, 0 %, 0 %, 529 MiB, 143771 MiB
2026/08/06 00:27:02.497, NVIDIA H200, 29, 0 %, 0 %, 529 MiB, 143771 MiB
2026/08/06 00:27:05.497, NVIDIA H200, 29, 0 %, 0 %, 529 MiB, 143771 MiB
2026/08/06 00:27:08.498, NVIDIA H200, 29, 0 %, 0 %, 529 MiB, 143771 MiB
2026/08/06 00:27:11.498, NVIDIA H200, 29, 0 %, 0 %, 529 MiB, 143771 MiB
2026/08/06 00:27:14.499, NVIDIA H200, 29, 0 %, 0 %, 529 MiB, 143771 MiB
2026/08/06 00:27:17.499, NVIDIA H200, 29, 0 %, 0 %, 529 MiB, 143771 MiB
2026/08/06 00:27:20.499, NVIDIA H200, 29, 0 %, 0 %, 529 MiB, 143771 MiB
2026/08/06 00:27:23.500, NVIDIA H200, 29, 0 %, 0 %, 529 MiB, 143771 MiB
2026/08/06 00:27:26.500, NVIDIA H200, 29, 0 %, 0 %, 529 MiB, 143771 MiB
2026/08/06 00:27:29.501, NVIDIA H200, 29, 0 %, 0 %, 529 MiB, 143771 MiB
2026/08/06 00:27:32.501, NVIDIA H200, 29, 0 %, 0 %, 529 MiB, 143771 MiB
2026/08/06 00:27:35.501, NVIDIA H200, 29, 0 %, 0 %, 529 MiB, 143771 MiB
2026/08/06 00:27:38.502, NVIDIA H200, 29, 0 %, 0 %, 529 MiB, 143771 MiB
2026/08/06 00:27:41.502, NVIDIA H200, 29, 0 %, 0 %, 529 MiB, 143771 MiB
2026/08/06 00:27:44.503, NVIDIA H200, 29, 0 %, 0 %, 529 MiB, 143771 MiB
2026/08/06 00:27:47.503, NVIDIA H200, 29, 0 %, 0 %, 529 MiB, 143771 MiB
2026/08/06 00:27:50.504, NVIDIA H200, 29, 0 %, 0 %, 529 MiB, 143771 MiB
2026/08/06 00:27:53.504, NVIDIA H200, 29, 0 %, 0 %, 529 MiB, 143771 MiB
2026/08/06 00:27:56.504, NVIDIA H200, 29, 0 %, 0 %, 529 MiB, 143771 MiB
2026/08/06 00:27:59.505, NVIDIA H200, 29, 0 %, 0 %, 529 MiB, 143771 MiB
2026/08/06 00:28:02.505, NVIDIA H200, 29, 0 %, 0 %, 529 MiB, 143771 MiB
2026/08/06 00:28:05.506, NVIDIA H200, 29, 0 %, 0 %, 529 MiB, 143771 MiB
2026/08/06 00:28:08.506, NVIDIA H200, 29, 0 %, 0 %, 529 MiB, 143771 MiB
2026/08/06 00:28:11.507, NVIDIA H200, 29, 0 %, 0 %, 529 MiB, 143771 MiB
2026/08/06 00:28:14.507, NVIDIA H200, 29, 0 %, 0 %, 529 MiB, 143771 MiB
2026/08/06 00:28:17.508, NVIDIA H200, 29, 0 %, 0 %, 529 MiB, 143771 MiB
2026/08/06 00:28:20.508, NVIDIA H200, 29, 0 %, 0 %, 529 MiB, 143771 MiB
2026/08/06 00:28:23.508, NVIDIA H200, 29, 0 %, 0 %, 529 MiB, 143771 MiB
2026/08/06 00:28:26.509, NVIDIA H200, 29, 0 %, 0 %, 529 MiB, 143771 MiB
2026/08/06 00:28:29.509, NVIDIA H200, 29, 0 %, 0 %, 529 MiB, 143771 MiB
2026/08/06 00:28:32.510, NVIDIA H200, 29, 0 %, 0 %, 529 MiB, 143771 MiB
2026/08/06 00:28:35.510, NVIDIA H200, 29, 0 %, 0 %, 529 MiB, 143771 MiB
2026/08/06 00:28:38.511, NVIDIA H200, 29, 0 %, 0 %, 529 MiB, 143771 MiB
2026/08/06 00:28:41.511, NVIDIA H200, 29, 0 %, 0 %, 529 MiB, 143771 MiB
2026/08/06 00:28:44.512, NVIDIA H200, 29, 0 %, 0 %, 529 MiB, 143771 MiB
2026/08/06 00:28:47.512, NVIDIA H200, 29, 0 %, 0 %, 529 MiB, 143771 MiB
2026/08/06 00:28:50.512, NVIDIA H200, 29, 0 %, 0 %, 529 MiB, 143771 MiB
2026/08/06 00:28:53.513, NVIDIA H200, 29, 0 %, 0 %, 529 MiB, 143771 MiB
2026/08/06 00:28:56.513, NVIDIA H200, 29, 0 %, 0 %, 529 MiB, 143771 MiB
2026/08/06 00:28:59.514, NVIDIA H200, 27, 0 %, 0 %, 529 MiB, 143771 MiB
2026/08/06 00:29:02.515, NVIDIA H200, 28, 0 %, 0 %, 529 MiB, 143771 MiB
2026/08/06 00:29:05.516, NVIDIA H200, 28, 0 %, 0 %, 529 MiB, 143771 MiB
2026/08/06 00:29:08.516, NVIDIA H200, 29, 0 %, 0 %, 529 MiB, 143771 MiB
2026/08/06 00:29:11.517, NVIDIA H200, 28, 0 %, 0 %, 529 MiB, 143771 MiB
2026/08/06 00:29:14.517, NVIDIA H200, 29, 0 %, 0 %, 529 MiB, 143771 MiB
2026/08/06 00:29:17.517, NVIDIA H200, 28, 0 %, 0 %, 529 MiB, 143771 MiB
2026/08/06 00:29:20.518, NVIDIA H200, 29, 0 %, 0 %, 529 MiB, 143771 MiB
2026/08/06 00:29:23.518, NVIDIA H200, 29, 0 %, 0 %, 529 MiB, 143771 MiB
2026/08/06 00:29:26.519, NVIDIA H200, 29, 0 %, 0 %, 529 MiB, 143771 MiB
2026/08/06 00:29:29.519, NVIDIA H200, 29, 0 %, 0 %, 529 MiB, 143771 MiB
2026/08/06 00:29:32.519, NVIDIA H200, 29, 0 %, 0 %, 529 MiB, 143771 MiB
2026/08/06 00:29:35.520, NVIDIA H200, 29, 0 %, 0 %, 529 MiB, 143771 MiB
2026/08/06 00:29:38.520, NVIDIA H200, 29, 0 %, 0 %, 529 MiB, 143771 MiB
2026/08/06 00:29:41.521, NVIDIA H200, 28, 0 %, 0 %, 529 MiB, 143771 MiB
2026/08/06 00:29:44.521, NVIDIA H200, 29, 0 %, 0 %, 529 MiB, 143771 MiB
2026/08/06 00:29:47.521, NVIDIA H200, 28, 0 %, 0 %, 529 MiB, 143771 MiB
2026/08/06 00:29:50.522, NVIDIA H200, 29, 0 %, 0 %, 529 MiB, 143771 MiB
2026/08/06 00:29:53.523, NVIDIA H200, 28, 0 %, 0 %, 529 MiB, 143771 MiB
2026/08/06 00:29:56.523, NVIDIA H200, 29, 0 %, 0 %, 529 MiB, 143771 MiB
2026/08/06 00:29:59.523, NVIDIA H200, 29, 0 %, 0 %, 529 MiB, 143771 MiB
2026/08/06 00:30:02.524, NVIDIA H200, 29, 0 %, 0 %, 529 MiB, 143771 MiB
2026/08/06 00:30:05.524, NVIDIA H200, 29, 0 %, 0 %, 529 MiB, 143771 MiB
2026/08/06 00:30:08.524, NVIDIA H200, 29, 0 %, 0 %, 529 MiB, 143771 MiB
2026/08/06 00:30:11.525, NVIDIA H200, 28, 0 %, 0 %, 529 MiB, 143771 MiB
2026/08/06 00:30:14.525, NVIDIA H200, 29, 0 %, 0 %, 529 MiB, 143771 MiB
2026/08/06 00:30:17.526, NVIDIA H200, 28, 0 %, 0 %, 529 MiB, 143771 MiB
2026/08/06 00:30:20.526, NVIDIA H200, 29, 0 %, 0 %, 529 MiB, 143771 MiB
2026/08/06 00:30:23.527, NVIDIA H200, 28, 0 %, 0 %, 529 MiB, 143771 MiB
2026/08/06 00:30:26.527, NVIDIA H200, 29, 0 %, 0 %, 529 MiB, 143771 MiB
2026/08/06 00:30:29.528, NVIDIA H200, 28, 0 %, 0 %, 529 MiB, 143771 MiB
2026/08/06 00:30:32.528, NVIDIA H200, 29, 0 %, 0 %, 529 MiB, 143771 MiB
2026/08/06 00:30:35.528, NVIDIA H200, 28, 0 %, 0 %, 529 MiB, 143771 MiB
2026/08/06 00:30:38.529, NVIDIA H200, 29, 0 %, 0 %, 529 MiB, 143771 MiB
2026/08/06 00:30:41.529, NVIDIA H200, 28, 0 %, 0 %, 529 MiB, 143771 MiB
2026/08/06 00:30:44.530, NVIDIA H200, 29, 0 %, 0 %, 529 MiB, 143771 MiB
2026/08/06 00:30:47.530, NVIDIA H200, 28, 0 %, 0 %, 529 MiB, 143771 MiB
2026/08/06 00:30:50.530, NVIDIA H200, 29, 0 %, 0 %, 529 MiB, 143771 MiB
2026/08/06 00:30:53.531, NVIDIA H200, 28, 0 %, 0 %, 529 MiB, 143771 MiB
2026/08/06 00:30:56.531, NVIDIA H200, 29, 0 %, 0 %, 529 MiB, 143771 MiB
2026/08/06 00:30:59.532, NVIDIA H200, 28, 0 %, 0 %, 529 MiB, 143771 MiB
2026/08/06 00:31:02.532, NVIDIA H200, 29, 0 %, 0 %, 529 MiB, 143771 MiB
2026/08/06 00:31:05.533, NVIDIA H200, 28, 0 %, 0 %, 529 MiB, 143771 MiB
2026/08/06 00:31:08.533, NVIDIA H200, 29, 0 %, 0 %, 529 MiB, 143771 MiB
2026/08/06 00:31:11.533, NVIDIA H200, 28, 0 %, 0 %, 529 MiB, 143771 MiB
2026/08/06 00:31:14.534, NVIDIA H200, 29, 0 %, 0 %, 529 MiB, 143771 MiB
2026/08/06 00:31:17.534, NVIDIA H200, 28, 0 %, 0 %, 529 MiB, 143771 MiB
2026/08/06 00:31:20.535, NVIDIA H200, 29, 0 %, 0 %, 529 MiB, 143771 MiB
2026/08/06 00:31:23.535, NVIDIA H200, 29, 0 %, 0 %, 529 MiB, 143771 MiB
2026/08/06 00:31:26.536, NVIDIA H200, 29, 0 %, 0 %, 529 MiB, 143771 MiB
2026/08/06 00:31:29.536, NVIDIA H200, 29, 0 %, 0 %, 529 MiB, 143771 MiB
2026/08/06 00:31:32.536, NVIDIA H200, 29, 0 %, 0 %, 529 MiB, 143771 MiB
2026/08/06 00:31:35.537, NVIDIA H200, 29, 0 %, 0 %, 529 MiB, 143771 MiB
2026/08/06 00:31:38.537, NVIDIA H200, 29, 0 %, 0 %, 529 MiB, 143771 MiB
2026/08/06 00:31:41.538, NVIDIA H200, 29, 0 %, 0 %, 529 MiB, 143771 MiB
2026/08/06 00:31:44.538, NVIDIA H200, 29, 0 %, 0 %, 529 MiB, 143771 MiB
2026/08/06 00:31:47.539, NVIDIA H200, 29, 0 %, 0 %, 529 MiB, 143771 MiB
2026/08/06 00:31:50.539, NVIDIA H200, 29, 0 %, 0 %, 529 MiB, 143771 MiB
2026/08/06 00:31:53.539, NVIDIA H200, 29, 0 %, 0 %, 529 MiB, 143771 MiB
2026/08/06 00:31:56.540, NVIDIA H200, 29, 0 %, 0 %, 529 MiB, 143771 MiB
2026/08/06 00:31:59.540, NVIDIA H200, 29, 0 %, 0 %, 529 MiB, 143771 MiB
2026/08/06 00:32:02.541, NVIDIA H200, 29, 0 %, 0 %, 529 MiB, 143771 MiB
2026/08/06 00:32:05.541, NVIDIA H200, 29, 0 %, 0 %, 529 MiB, 143771 MiB
2026/08/06 00:32:08.542, NVIDIA H200, 29, 0 %, 0 %, 529 MiB, 143771 MiB
2026/08/06 00:32:11.542, NVIDIA H200, 29, 0 %, 0 %, 529 MiB, 143771 MiB
2026/08/06 00:32:14.543, NVIDIA H200, 29, 0 %, 0 %, 529 MiB, 143771 MiB
2026/08/06 00:32:17.543, NVIDIA H200, 29, 0 %, 0 %, 529 MiB, 143771 MiB
2026/08/06 00:32:20.543, NVIDIA H200, 29, 0 %, 0 %, 529 MiB, 143771 MiB
2026/08/06 00:32:23.544, NVIDIA H200, 29, 0 %, 0 %, 529 MiB, 143771 MiB
2026/08/06 00:32:26.544, NVIDIA H200, 29, 0 %, 0 %, 529 MiB, 143771 MiB
2026/08/06 00:32:29.545, NVIDIA H200, 29, 0 %, 0 %, 529 MiB, 143771 MiB
2026/08/06 00:32:32.545, NVIDIA H200, 29, 0 %, 0 %, 529 MiB, 143771 MiB
2026/08/06 00:32:35.545, NVIDIA H200, 29, 0 %, 0 %, 529 MiB, 143771 MiB
2026/08/06 00:32:38.546, NVIDIA H200, 29, 0 %, 0 %, 529 MiB, 143771 MiB
2026/08/06 00:32:41.546, NVIDIA H200, 29, 0 %, 0 %, 529 MiB, 143771 MiB
2026/08/06 00:32:44.547, NVIDIA H200, 29, 0 %, 0 %, 529 MiB, 143771 MiB
2026/08/06 00:32:47.547, NVIDIA H200, 29, 0 %, 0 %, 529 MiB, 143771 MiB
2026/08/06 00:32:50.547, NVIDIA H200, 29, 0 %, 0 %, 529 MiB, 143771 MiB
2026/08/06 00:32:53.548, NVIDIA H200, 29, 0 %, 0 %, 529 MiB, 143771 MiB
2026/08/06 00:32:56.548, NVIDIA H200, 29, 0 %, 0 %, 529 MiB, 143771 MiB
2026/08/06 00:32:59.549, NVIDIA H200, 29, 0 %, 0 %, 529 MiB, 143771 MiB
2026/08/06 00:33:02.549, NVIDIA H200, 29, 0 %, 0 %, 529 MiB, 143771 MiB
2026/08/06 00:33:05.550, NVIDIA H200, 29, 0 %, 0 %, 529 MiB, 143771 MiB
2026/08/06 00:33:08.550, NVIDIA H200, 29, 0 %, 0 %, 529 MiB, 143771 MiB
2026/08/06 00:33:11.550, NVIDIA H200, 29, 0 %, 0 %, 529 MiB, 143771 MiB
2026/08/06 00:33:14.551, NVIDIA H200, 29, 0 %, 0 %, 529 MiB, 143771 MiB
2026/08/06 00:33:17.552, NVIDIA H200, 29, 0 %, 0 %, 529 MiB, 143771 MiB
2026/08/06 00:33:20.552, NVIDIA H200, 29, 0 %, 0 %, 529 MiB, 143771 MiB
2026/08/06 00:33:23.553, NVIDIA H200, 29, 0 %, 0 %, 529 MiB, 143771 MiB
2026/08/06 00:33:26.553, NVIDIA H200, 29, 0 %, 0 %, 529 MiB, 143771 MiB
2026/08/06 00:33:29.553, NVIDIA H200, 29, 0 %, 0 %, 529 MiB, 143771 MiB
2026/08/06 00:33:33.192, NVIDIA H200, 29, 0 %, 0 %, 529 MiB, 143771 MiB
2026/08/06 00:33:36.192, NVIDIA H200, 29, 0 %, 0 %, 529 MiB, 143771 MiB
2026/08/06 00:33:39.193, NVIDIA H200, 29, 0 %, 0 %, 529 MiB, 143771 MiB
2026/08/06 00:33:42.193, NVIDIA H200, 29, 0 %, 0 %, 529 MiB, 143771 MiB
2026/08/06 00:33:45.194, NVIDIA H200, 29, 0 %, 0 %, 529 MiB, 143771 MiB
2026/08/06 00:33:48.194, NVIDIA H200, 29, 0 %, 0 %, 529 MiB, 143771 MiB
2026/08/06 00:33:51.195, NVIDIA H200, 29, 0 %, 0 %, 529 MiB, 143771 MiB
2026/08/06 00:33:54.195, NVIDIA H200, 28, 0 %, 0 %, 529 MiB, 143771 MiB
2026/08/06 00:33:57.195, NVIDIA H200, 28, 0 %, 0 %, 529 MiB, 143771 MiB
2026/08/06 00:34:00.196, NVIDIA H200, 28, 0 %, 0 %, 529 MiB, 143771 MiB
2026/08/06 00:34:03.196, NVIDIA H200, 29, 0 %, 0 %, 529 MiB, 143771 MiB
2026/08/06 00:34:06.196, NVIDIA H200, 29, 0 %, 0 %, 529 MiB, 143771 MiB
2026/08/06 00:34:09.197, NVIDIA H200, 29, 0 %, 0 %, 529 MiB, 143771 MiB
2026/08/06 00:34:12.197, NVIDIA H200, 29, 0 %, 0 %, 529 MiB, 143771 MiB
2026/08/06 00:34:15.198, NVIDIA H200, 29, 0 %, 0 %, 529 MiB, 143771 MiB
2026/08/06 00:34:18.198, NVIDIA H200, 29, 0 %, 0 %, 529 MiB, 143771 MiB
2026/08/06 00:34:21.199, NVIDIA H200, 29, 0 %, 0 %, 529 MiB, 143771 MiB
2026/08/06 00:34:24.199, NVIDIA H200, 29, 0 %, 0 %, 529 MiB, 143771 MiB
2026/08/06 00:34:30.531, NVIDIA H200, 29, 0 %, 0 %, 529 MiB, 143771 MiB
2026/08/06 00:34:37.353, NVIDIA H200, 29, 0 %, 0 %, 529 MiB, 143771 MiB
2026/08/06 00:34:40.353, NVIDIA H200, 29, 0 %, 0 %, 529 MiB, 143771 MiB
2026/08/06 00:34:43.354, NVIDIA H200, 29, 0 %, 0 %, 529 MiB, 143771 MiB
2026/08/06 00:34:46.354, NVIDIA H200, 29, 0 %, 0 %, 529 MiB, 143771 MiB
2026/08/06 00:34:49.355, NVIDIA H200, 29, 0 %, 0 %, 529 MiB, 143771 MiB
2026/08/06 00:34:52.355, NVIDIA H200, 29, 0 %, 0 %, 529 MiB, 143771 MiB
2026/08/06 00:34:55.356, NVIDIA H200, 29, 0 %, 0 %, 529 MiB, 143771 MiB
2026/08/06 00:34:58.356, NVIDIA H200, 29, 0 %, 0 %, 529 MiB, 143771 MiB
2026/08/06 00:35:01.357, NVIDIA H200, 29, 0 %, 0 %, 529 MiB, 143771 MiB
2026/08/06 00:35:04.357, NVIDIA H200, 30, 0 %, 0 %, 529 MiB, 143771 MiB
2026/08/06 00:35:07.357, NVIDIA H200, 30, 0 %, 0 %, 529 MiB, 143771 MiB
2026/08/06 00:35:10.358, NVIDIA H200, 30, 0 %, 0 %, 529 MiB, 143771 MiB
2026/08/06 00:35:13.358, NVIDIA H200, 29, 0 %, 0 %, 529 MiB, 143771 MiB
2026/08/06 00:35:16.359, NVIDIA H200, 30, 0 %, 0 %, 529 MiB, 143771 MiB
2026/08/06 00:35:19.359, NVIDIA H200, 30, 0 %, 0 %, 529 MiB, 143771 MiB
2026/08/06 00:35:22.360, NVIDIA H200, 30, 0 %, 0 %, 529 MiB, 143771 MiB
2026/08/06 00:35:25.360, NVIDIA H200, 30, 0 %, 0 %, 529 MiB, 143771 MiB
2026/08/06 00:35:28.360, NVIDIA H200, 30, 0 %, 0 %, 529 MiB, 143771 MiB
2026/08/06 00:35:31.361, NVIDIA H200, 30, 0 %, 0 %, 529 MiB, 143771 MiB
2026/08/06 00:35:34.361, NVIDIA H200, 30, 0 %, 0 %, 529 MiB, 143771 MiB
2026/08/06 00:35:37.362, NVIDIA H200, 30, 0 %, 0 %, 529 MiB, 143771 MiB
2026/08/06 00:35:40.362, NVIDIA H200, 30, 0 %, 0 %, 529 MiB, 143771 MiB
2026/08/06 00:35:43.362, NVIDIA H200, 30, 0 %, 0 %, 529 MiB, 143771 MiB
2026/08/06 00:35:46.363, NVIDIA H200, 30, 0 %, 0 %, 529 MiB, 143771 MiB
2026/08/06 00:35:49.363, NVIDIA H200, 30, 0 %, 0 %, 529 MiB, 143771 MiB
2026/08/06 00:35:52.364, NVIDIA H200, 30, 0 %, 0 %, 529 MiB, 143771 MiB
2026/08/06 00:35:55.364, NVIDIA H200, 30, 0 %, 0 %, 529 MiB, 143771 MiB
2026/08/06 00:35:58.365, NVIDIA H200, 30, 0 %, 0 %, 529 MiB, 143771 MiB
2026/08/06 00:36:01.366, NVIDIA H200, 30, 0 %, 0 %, 529 MiB, 143771 MiB
2026/08/06 00:36:04.366, NVIDIA H200, 30, 0 %, 0 %, 529 MiB, 143771 MiB
2026/08/06 00:36:07.367, NVIDIA H200, 30, 0 %, 0 %, 529 MiB, 143771 MiB
2026/08/06 00:36:10.367, NVIDIA H200, 30, 0 %, 0 %, 529 MiB, 143771 MiB
2026/08/06 00:36:13.367, NVIDIA H200, 30, 0 %, 0 %, 529 MiB, 143771 MiB
2026/08/06 00:36:16.368, NVIDIA H200, 30, 0 %, 0 %, 529 MiB, 143771 MiB
2026/08/06 00:36:19.368, NVIDIA H200, 30, 0 %, 0 %, 529 MiB, 143771 MiB
2026/08/06 00:36:22.368, NVIDIA H200, 30, 0 %, 0 %, 529 MiB, 143771 MiB
2026/08/06 00:36:25.369, NVIDIA H200, 30, 0 %, 0 %, 529 MiB, 143771 MiB
2026/08/06 00:36:28.369, NVIDIA H200, 30, 0 %, 0 %, 529 MiB, 143771 MiB
2026/08/06 00:36:31.370, NVIDIA H200, 30, 0 %, 0 %, 529 MiB, 143771 MiB
2026/08/06 00:36:34.370, NVIDIA H200, 30, 0 %, 0 %, 529 MiB, 143771 MiB
2026/08/06 00:36:37.371, NVIDIA H200, 30, 0 %, 0 %, 529 MiB, 143771 MiB
2026/08/06 00:36:40.371, NVIDIA H200, 30, 0 %, 0 %, 529 MiB, 143771 MiB
2026/08/06 00:36:43.371, NVIDIA H200, 30, 0 %, 0 %, 529 MiB, 143771 MiB
2026/08/06 00:36:46.372, NVIDIA H200, 30, 0 %, 0 %, 529 MiB, 143771 MiB
2026/08/06 00:36:49.372, NVIDIA H200, 30, 0 %, 0 %, 529 MiB, 143771 MiB
2026/08/06 00:36:52.373, NVIDIA H200, 30, 0 %, 0 %, 529 MiB, 143771 MiB
2026/08/06 00:36:55.373, NVIDIA H200, 30, 0 %, 0 %, 529 MiB, 143771 MiB
2026/08/06 00:36:58.373, NVIDIA H200, 30, 0 %, 0 %, 529 MiB, 143771 MiB
2026/08/06 00:37:01.374, NVIDIA H200, 30, 0 %, 0 %, 529 MiB, 143771 MiB
2026/08/06 00:37:04.374, NVIDIA H200, 30, 0 %, 0 %, 529 MiB, 143771 MiB
2026/08/06 00:37:07.375, NVIDIA H200, 30, 0 %, 0 %, 529 MiB, 143771 MiB
2026/08/06 00:37:10.375, NVIDIA H200, 30, 0 %, 0 %, 529 MiB, 143771 MiB
2026/08/06 00:37:13.375, NVIDIA H200, 30, 0 %, 0 %, 529 MiB, 143771 MiB
2026/08/06 00:37:16.376, NVIDIA H200, 29, 0 %, 0 %, 529 MiB, 143771 MiB
2026/08/06 00:37:19.376, NVIDIA H200, 28, 0 %, 0 %, 529 MiB, 143771 MiB
2026/08/06 00:37:22.376, NVIDIA H200, 29, 0 %, 0 %, 529 MiB, 143771 MiB
2026/08/06 00:37:25.377, NVIDIA H200, 30, 0 %, 0 %, 529 MiB, 143771 MiB
2026/08/06 00:37:28.377, NVIDIA H200, 30, 0 %, 0 %, 529 MiB, 143771 MiB
2026/08/06 00:37:31.378, NVIDIA H200, 30, 0 %, 0 %, 529 MiB, 143771 MiB
2026/08/06 00:37:34.378, NVIDIA H200, 30, 0 %, 0 %, 529 MiB, 143771 MiB
2026/08/06 00:37:37.378, NVIDIA H200, 30, 0 %, 0 %, 529 MiB, 143771 MiB
2026/08/06 00:37:40.379, NVIDIA H200, 30, 0 %, 0 %, 529 MiB, 143771 MiB
2026/08/06 00:37:43.379, NVIDIA H200, 30, 0 %, 0 %, 529 MiB, 143771 MiB
2026/08/06 00:37:46.380, NVIDIA H200, 30, 0 %, 0 %, 529 MiB, 143771 MiB
2026/08/06 00:37:49.380, NVIDIA H200, 30, 0 %, 0 %, 529 MiB, 143771 MiB
2026/08/06 00:37:52.380, NVIDIA H200, 30, 0 %, 0 %, 529 MiB, 143771 MiB
2026/08/06 00:37:55.381, NVIDIA H200, 30, 0 %, 0 %, 529 MiB, 143771 MiB
2026/08/06 00:37:58.381, NVIDIA H200, 30, 0 %, 0 %, 529 MiB, 143771 MiB
2026/08/06 00:38:01.382, NVIDIA H200, 30, 0 %, 0 %, 529 MiB, 143771 MiB
2026/08/06 00:38:04.382, NVIDIA H200, 30, 0 %, 0 %, 529 MiB, 143771 MiB
2026/08/06 00:38:07.382, NVIDIA H200, 30, 0 %, 0 %, 529 MiB, 143771 MiB
2026/08/06 00:38:10.383, NVIDIA H200, 30, 0 %, 0 %, 529 MiB, 143771 MiB
2026/08/06 00:38:13.383, NVIDIA H200, 30, 0 %, 0 %, 529 MiB, 143771 MiB
2026/08/06 00:38:16.384, NVIDIA H200, 30, 0 %, 0 %, 529 MiB, 143771 MiB
2026/08/06 00:38:19.384, NVIDIA H200, 30, 0 %, 0 %, 529 MiB, 143771 MiB
2026/08/06 00:38:22.385, NVIDIA H200, 30, 0 %, 0 %, 529 MiB, 143771 MiB
2026/08/06 00:38:25.385, NVIDIA H200, 30, 0 %, 0 %, 529 MiB, 143771 MiB
2026/08/06 00:38:28.385, NVIDIA H200, 30, 0 %, 0 %, 529 MiB, 143771 MiB
2026/08/06 00:38:31.386, NVIDIA H200, 29, 0 %, 0 %, 529 MiB, 143771 MiB
2026/08/06 00:38:34.386, NVIDIA H200, 30, 0 %, 0 %, 529 MiB, 143771 MiB
2026/08/06 00:38:37.386, NVIDIA H200, 30, 0 %, 0 %, 529 MiB, 143771 MiB
2026/08/06 00:38:40.387, NVIDIA H200, 30, 0 %, 0 %, 529 MiB, 143771 MiB
2026/08/06 00:38:43.387, NVIDIA H200, 30, 0 %, 0 %, 529 MiB, 143771 MiB
2026/08/06 00:38:46.387, NVIDIA H200, 30, 0 %, 0 %, 529 MiB, 143771 MiB
2026/08/06 00:38:49.388, NVIDIA H200, 30, 0 %, 0 %, 529 MiB, 143771 MiB
2026/08/06 00:38:52.388, NVIDIA H200, 30, 0 %, 0 %, 529 MiB, 143771 MiB
2026/08/06 00:38:55.389, NVIDIA H200, 30, 0 %, 0 %, 529 MiB, 143771 MiB
2026/08/06 00:38:58.389, NVIDIA H200, 30, 0 %, 0 %, 529 MiB, 143771 MiB
2026/08/06 00:39:01.390, NVIDIA H200, 30, 0 %, 0 %, 529 MiB, 143771 MiB
2026/08/06 00:39:04.390, NVIDIA H200, 30, 0 %, 0 %, 529 MiB, 143771 MiB
2026/08/06 00:39:07.391, NVIDIA H200, 30, 0 %, 0 %, 529 MiB, 143771 MiB
2026/08/06 00:39:10.391, NVIDIA H200, 30, 0 %, 0 %, 529 MiB, 143771 MiB
2026/08/06 00:39:13.392, NVIDIA H200, 30, 0 %, 0 %, 529 MiB, 143771 MiB
2026/08/06 00:39:16.392, NVIDIA H200, 30, 0 %, 0 %, 529 MiB, 143771 MiB
2026/08/06 00:39:19.393, NVIDIA H200, 30, 0 %, 0 %, 529 MiB, 143771 MiB
2026/08/06 00:39:22.393, NVIDIA H200, 30, 0 %, 0 %, 529 MiB, 143771 MiB
2026/08/06 00:39:25.393, NVIDIA H200, 30, 0 %, 0 %, 529 MiB, 143771 MiB
2026/08/06 00:39:28.394, NVIDIA H200, 30, 0 %, 0 %, 529 MiB, 143771 MiB
2026/08/06 00:39:31.394, NVIDIA H200, 30, 0 %, 0 %, 529 MiB, 143771 MiB
2026/08/06 00:39:34.395, NVIDIA H200, 30, 0 %, 0 %, 529 MiB, 143771 MiB
2026/08/06 00:39:37.395, NVIDIA H200, 30, 0 %, 0 %, 529 MiB, 143771 MiB
2026/08/06 00:39:40.395, NVIDIA H200, 30, 0 %, 0 %, 529 MiB, 143771 MiB
2026/08/06 00:39:43.396, NVIDIA H200, 30, 0 %, 0 %, 529 MiB, 143771 MiB
2026/08/06 00:39:46.396, NVIDIA H200, 30, 0 %, 0 %, 529 MiB, 143771 MiB
2026/08/06 00:39:49.397, NVIDIA H200, 30, 0 %, 0 %, 529 MiB, 143771 MiB
2026/08/06 00:39:52.397, NVIDIA H200, 30, 0 %, 0 %, 529 MiB, 143771 MiB
2026/08/06 00:39:55.398, NVIDIA H200, 30, 0 %, 0 %, 529 MiB, 143771 MiB
2026/08/06 00:39:58.399, NVIDIA H200, 30, 0 %, 0 %, 529 MiB, 143771 MiB
2026/08/06 00:40:01.399, NVIDIA H200, 30, 0 %, 0 %, 529 MiB, 143771 MiB
2026/08/06 00:40:04.400, NVIDIA H200, 30, 0 %, 0 %, 529 MiB, 143771 MiB
2026/08/06 00:40:07.400, NVIDIA H200, 30, 0 %, 0 %, 529 MiB, 143771 MiB
2026/08/06 00:40:10.400, NVIDIA H200, 30, 0 %, 0 %, 529 MiB, 143771 MiB
2026/08/06 00:40:13.401, NVIDIA H200, 30, 0 %, 0 %, 529 MiB, 143771 MiB
2026/08/06 00:40:16.401, NVIDIA H200, 30, 0 %, 0 %, 529 MiB, 143771 MiB
2026/08/06 00:40:19.402, NVIDIA H200, 30, 0 %, 0 %, 529 MiB, 143771 MiB
2026/08/06 00:40:22.402, NVIDIA H200, 30, 0 %, 0 %, 529 MiB, 143771 MiB
2026/08/06 00:40:25.402, NVIDIA H200, 30, 0 %, 0 %, 529 MiB, 143771 MiB
2026/08/06 00:40:28.403, NVIDIA H200, 30, 0 %, 0 %, 529 MiB, 143771 MiB
2026/08/06 00:40:31.403, NVIDIA H200, 30, 0 %, 0 %, 529 MiB, 143771 MiB
2026/08/06 00:40:34.404, NVIDIA H200, 30, 0 %, 0 %, 529 MiB, 143771 MiB
2026/08/06 00:40:37.404, NVIDIA H200, 28, 0 %, 0 %, 529 MiB, 143771 MiB
2026/08/06 00:40:40.404, NVIDIA H200, 29, 0 %, 0 %, 529 MiB, 143771 MiB
2026/08/06 00:40:43.405, NVIDIA H200, 30, 0 %, 0 %, 529 MiB, 143771 MiB
2026/08/06 00:40:46.405, NVIDIA H200, 30, 0 %, 0 %, 529 MiB, 143771 MiB
2026/08/06 00:40:49.406, NVIDIA H200, 30, 0 %, 0 %, 529 MiB, 143771 MiB
2026/08/06 00:40:52.406, NVIDIA H200, 30, 0 %, 0 %, 529 MiB, 143771 MiB
2026/08/06 00:40:55.406, NVIDIA H200, 30, 0 %, 0 %, 529 MiB, 143771 MiB
2026/08/06 00:40:58.407, NVIDIA H200, 30, 0 %, 0 %, 529 MiB, 143771 MiB
2026/08/06 00:41:01.407, NVIDIA H200, 30, 0 %, 0 %, 529 MiB, 143771 MiB
2026/08/06 00:41:04.408, NVIDIA H200, 30, 0 %, 0 %, 529 MiB, 143771 MiB
2026/08/06 00:41:07.408, NVIDIA H200, 30, 0 %, 0 %, 529 MiB, 143771 MiB
2026/08/06 00:41:10.408, NVIDIA H200, 30, 0 %, 0 %, 529 MiB, 143771 MiB
2026/08/06 00:41:13.409, NVIDIA H200, 30, 0 %, 0 %, 529 MiB, 143771 MiB
2026/08/06 00:41:16.409, NVIDIA H200, 30, 0 %, 0 %, 529 MiB, 143771 MiB
2026/08/06 00:41:19.409, NVIDIA H200, 30, 0 %, 0 %, 529 MiB, 143771 MiB
2026/08/06 00:41:22.410, NVIDIA H200, 30, 0 %, 0 %, 529 MiB, 143771 MiB
2026/08/06 00:41:25.410, NVIDIA H200, 30, 0 %, 0 %, 529 MiB, 143771 MiB
2026/08/06 00:41:28.411, NVIDIA H200, 30, 0 %, 0 %, 529 MiB, 143771 MiB
2026/08/06 00:41:31.411, NVIDIA H200, 30, 0 %, 0 %, 529 MiB, 143771 MiB
2026/08/06 00:41:34.411, NVIDIA H200, 30, 0 %, 0 %, 529 MiB, 143771 MiB
2026/08/06 00:41:37.412, NVIDIA H200, 30, 0 %, 0 %, 529 MiB, 143771 MiB
2026/08/06 00:41:40.412, NVIDIA H200, 30, 0 %, 0 %, 529 MiB, 143771 MiB
2026/08/06 00:41:43.413, NVIDIA H200, 30, 0 %, 0 %, 529 MiB, 143771 MiB
2026/08/06 00:41:46.413, NVIDIA H200, 30, 0 %, 0 %, 529 MiB, 143771 MiB
2026/08/06 00:41:49.413, NVIDIA H200, 30, 0 %, 0 %, 529 MiB, 143771 MiB
2026/08/06 00:41:52.414, NVIDIA H200, 30, 0 %, 0 %, 529 MiB, 143771 MiB
2026/08/06 00:41:55.414, NVIDIA H200, 30, 0 %, 0 %, 529 MiB, 143771 MiB
2026/08/06 00:41:58.415, NVIDIA H200, 30, 0 %, 0 %, 529 MiB, 143771 MiB
2026/08/06 00:42:01.415, NVIDIA H200, 30, 0 %, 0 %, 529 MiB, 143771 MiB
2026/08/06 00:42:04.415, NVIDIA H200, 30, 0 %, 0 %, 529 MiB, 143771 MiB
2026/08/06 00:42:07.416, NVIDIA H200, 30, 0 %, 0 %, 529 MiB, 143771 MiB
2026/08/06 00:42:10.416, NVIDIA H200, 30, 0 %, 0 %, 529 MiB, 143771 MiB
2026/08/06 00:42:13.417, NVIDIA H200, 30, 0 %, 0 %, 529 MiB, 143771 MiB
2026/08/06 00:42:16.417, NVIDIA H200, 30, 0 %, 0 %, 529 MiB, 143771 MiB
2026/08/06 00:42:19.417, NVIDIA H200, 30, 0 %, 0 %, 529 MiB, 143771 MiB
2026/08/06 00:42:22.418, NVIDIA H200, 30, 0 %, 0 %, 529 MiB, 143771 MiB
2026/08/06 00:42:25.418, NVIDIA H200, 30, 0 %, 0 %, 529 MiB, 143771 MiB
2026/08/06 00:42:28.419, NVIDIA H200, 30, 0 %, 0 %, 529 MiB, 143771 MiB
2026/08/06 00:42:31.419, NVIDIA H200, 30, 0 %, 0 %, 529 MiB, 143771 MiB
2026/08/06 00:42:34.419, NVIDIA H200, 30, 0 %, 0 %, 529 MiB, 143771 MiB
2026/08/06 00:42:37.420, NVIDIA H200, 30, 0 %, 0 %, 529 MiB, 143771 MiB
2026/08/06 00:42:40.420, NVIDIA H200, 30, 0 %, 0 %, 529 MiB, 143771 MiB
2026/08/06 00:42:43.421, NVIDIA H200, 30, 0 %, 0 %, 529 MiB, 143771 MiB
2026/08/06 00:42:46.421, NVIDIA H200, 30, 0 %, 0 %, 529 MiB, 143771 MiB
2026/08/06 00:42:49.421, NVIDIA H200, 30, 0 %, 0 %, 529 MiB, 143771 MiB
2026/08/06 00:42:52.422, NVIDIA H200, 30, 0 %, 0 %, 529 MiB, 143771 MiB
2026/08/06 00:42:55.422, NVIDIA H200, 30, 0 %, 0 %, 529 MiB, 143771 MiB
2026/08/06 00:42:58.423, NVIDIA H200, 30, 0 %, 0 %, 529 MiB, 143771 MiB
2026/08/06 00:43:01.423, NVIDIA H200, 30, 0 %, 0 %, 529 MiB, 143771 MiB
2026/08/06 00:43:04.423, NVIDIA H200, 30, 0 %, 0 %, 529 MiB, 143771 MiB
2026/08/06 00:43:07.424, NVIDIA H200, 30, 0 %, 0 %, 529 MiB, 143771 MiB
2026/08/06 00:43:10.424, NVIDIA H200, 30, 0 %, 0 %, 529 MiB, 143771 MiB
2026/08/06 00:43:13.425, NVIDIA H200, 30, 0 %, 0 %, 529 MiB, 143771 MiB
2026/08/06 00:43:16.425, NVIDIA H200, 30, 0 %, 0 %, 529 MiB, 143771 MiB
2026/08/06 00:43:19.425, NVIDIA H200, 30, 0 %, 0 %, 529 MiB, 143771 MiB
2026/08/06 00:43:22.426, NVIDIA H200, 30, 0 %, 0 %, 529 MiB, 143771 MiB
2026/08/06 00:43:25.426, NVIDIA H200, 30, 0 %, 0 %, 529 MiB, 143771 MiB
2026/08/06 00:43:28.427, NVIDIA H200, 30, 0 %, 0 %, 529 MiB, 143771 MiB
2026/08/06 00:43:31.427, NVIDIA H200, 30, 0 %, 0 %, 529 MiB, 143771 MiB
2026/08/06 00:43:34.427, NVIDIA H200, 30, 0 %, 0 %, 529 MiB, 143771 MiB
2026/08/06 00:43:37.428, NVIDIA H200, 30, 0 %, 0 %, 529 MiB, 143771 MiB
2026/08/06 00:43:40.428, NVIDIA H200, 30, 0 %, 0 %, 529 MiB, 143771 MiB
2026/08/06 00:43:43.429, NVIDIA H200, 30, 0 %, 0 %, 529 MiB, 143771 MiB
2026/08/06 00:43:46.429, NVIDIA H200, 30, 0 %, 0 %, 529 MiB, 143771 MiB
2026/08/06 00:43:49.430, NVIDIA H200, 30, 0 %, 0 %, 529 MiB, 143771 MiB
2026/08/06 00:43:52.430, NVIDIA H200, 30, 0 %, 0 %, 529 MiB, 143771 MiB
2026/08/06 00:43:55.430, NVIDIA H200, 30, 0 %, 0 %, 529 MiB, 143771 MiB
2026/08/06 00:43:58.431, NVIDIA H200, 30, 0 %, 0 %, 529 MiB, 143771 MiB
2026/08/06 00:44:01.431, NVIDIA H200, 28, 0 %, 0 %, 529 MiB, 143771 MiB
2026/08/06 00:44:04.432, NVIDIA H200, 29, 0 %, 0 %, 529 MiB, 143771 MiB
2026/08/06 00:44:07.432, NVIDIA H200, 29, 0 %, 0 %, 529 MiB, 143771 MiB
2026/08/06 00:44:10.433, NVIDIA H200, 30, 0 %, 0 %, 529 MiB, 143771 MiB
2026/08/06 00:44:13.433, NVIDIA H200, 30, 0 %, 0 %, 529 MiB, 143771 MiB
2026/08/06 00:44:16.434, NVIDIA H200, 30, 0 %, 0 %, 529 MiB, 143771 MiB
2026/08/06 00:44:19.434, NVIDIA H200, 30, 0 %, 0 %, 529 MiB, 143771 MiB
2026/08/06 00:44:22.794, NVIDIA H200, 30, 0 %, 0 %, 529 MiB, 143771 MiB
2026/08/06 00:44:25.795, NVIDIA H200, 30, 0 %, 0 %, 529 MiB, 143771 MiB
2026/08/06 00:44:28.795, NVIDIA H200, 30, 0 %, 0 %, 529 MiB, 143771 MiB
2026/08/06 00:44:31.796, NVIDIA H200, 30, 0 %, 0 %, 529 MiB, 143771 MiB
2026/08/06 00:44:34.796, NVIDIA H200, 30, 0 %, 0 %, 529 MiB, 143771 MiB
2026/08/06 00:44:37.797, NVIDIA H200, 30, 0 %, 0 %, 529 MiB, 143771 MiB
2026/08/06 00:44:40.797, NVIDIA H200, 30, 0 %, 0 %, 529 MiB, 143771 MiB
2026/08/06 00:44:43.797, NVIDIA H200, 30, 0 %, 0 %, 529 MiB, 143771 MiB
2026/08/06 00:44:46.798, NVIDIA H200, 30, 0 %, 0 %, 529 MiB, 143771 MiB
2026/08/06 00:44:49.798, NVIDIA H200, 30, 0 %, 0 %, 529 MiB, 143771 MiB
2026/08/06 00:44:52.799, NVIDIA H200, 30, 0 %, 0 %, 529 MiB, 143771 MiB
2026/08/06 00:44:55.799, NVIDIA H200, 30, 0 %, 0 %, 529 MiB, 143771 MiB
2026/08/06 00:44:58.799, NVIDIA H200, 30, 0 %, 0 %, 529 MiB, 143771 MiB
2026/08/06 00:45:01.800, NVIDIA H200, 30, 0 %, 0 %, 529 MiB, 143771 MiB
2026/08/06 00:45:04.800, NVIDIA H200, 30, 0 %, 0 %, 529 MiB, 143771 MiB
2026/08/06 00:45:07.801, NVIDIA H200, 30, 0 %, 0 %, 529 MiB, 143771 MiB
2026/08/06 00:45:10.801, NVIDIA H200, 30, 0 %, 0 %, 529 MiB, 143771 MiB
2026/08/06 00:45:13.802, NVIDIA H200, 29, 0 %, 0 %, 529 MiB, 143771 MiB
2026/08/06 00:45:16.802, NVIDIA H200, 30, 0 %, 0 %, 529 MiB, 143771 MiB
2026/08/06 00:45:19.802, NVIDIA H200, 30, 0 %, 0 %, 529 MiB, 143771 MiB
2026/08/06 00:45:22.803, NVIDIA H200, 30, 0 %, 0 %, 529 MiB, 143771 MiB
2026/08/06 00:45:25.805, NVIDIA H200, 30, 0 %, 0 %, 529 MiB, 143771 MiB
2026/08/06 00:45:28.805, NVIDIA H200, 30, 0 %, 0 %, 529 MiB, 143771 MiB
2026/08/06 00:45:31.806, NVIDIA H200, 30, 0 %, 0 %, 529 MiB, 143771 MiB
2026/08/06 00:45:34.806, NVIDIA H200, 30, 0 %, 0 %, 529 MiB, 143771 MiB
2026/08/06 00:45:37.807, NVIDIA H200, 30, 0 %, 0 %, 529 MiB, 143771 MiB
2026/08/06 00:45:40.807, NVIDIA H200, 30, 0 %, 0 %, 529 MiB, 143771 MiB
2026/08/06 00:45:43.808, NVIDIA H200, 30, 0 %, 0 %, 529 MiB, 143771 MiB
2026/08/06 00:45:46.808, NVIDIA H200, 30, 0 %, 0 %, 529 MiB, 143771 MiB
2026/08/06 00:45:49.809, NVIDIA H200, 30, 0 %, 0 %, 529 MiB, 143771 MiB
2026/08/06 00:45:52.809, NVIDIA H200, 30, 0 %, 0 %, 529 MiB, 143771 MiB
2026/08/06 00:45:55.809, NVIDIA H200, 30, 0 %, 0 %, 529 MiB, 143771 MiB
2026/08/06 00:45:58.810, NVIDIA H200, 30, 0 %, 0 %, 529 MiB, 143771 MiB
2026/08/06 00:46:01.810, NVIDIA H200, 30, 0 %, 0 %, 529 MiB, 143771 MiB
2026/08/06 00:46:04.811, NVIDIA H200, 30, 0 %, 0 %, 529 MiB, 143771 MiB
2026/08/06 00:46:07.811, NVIDIA H200, 30, 0 %, 0 %, 529 MiB, 143771 MiB
2026/08/06 00:46:10.811, NVIDIA H200, 30, 0 %, 0 %, 529 MiB, 143771 MiB
2026/08/06 00:46:13.812, NVIDIA H200, 30, 0 %, 0 %, 529 MiB, 143771 MiB
2026/08/06 00:46:16.812, NVIDIA H200, 30, 0 %, 0 %, 529 MiB, 143771 MiB
2026/08/06 00:46:19.813, NVIDIA H200, 30, 0 %, 0 %, 529 MiB, 143771 MiB
2026/08/06 00:46:22.813, NVIDIA H200, 30, 0 %, 0 %, 529 MiB, 143771 MiB
2026/08/06 00:46:25.814, NVIDIA H200, 30, 0 %, 0 %, 529 MiB, 143771 MiB
2026/08/06 00:46:28.814, NVIDIA H200, 30, 0 %, 0 %, 529 MiB, 143771 MiB
2026/08/06 00:46:31.814, NVIDIA H200, 30, 0 %, 0 %, 529 MiB, 143771 MiB
2026/08/06 00:46:34.815, NVIDIA H200, 30, 0 %, 0 %, 529 MiB, 143771 MiB
2026/08/06 00:46:37.815, NVIDIA H200, 30, 0 %, 0 %, 529 MiB, 143771 MiB
2026/08/06 00:46:40.816, NVIDIA H200, 30, 0 %, 0 %, 529 MiB, 143771 MiB
2026/08/06 00:46:43.816, NVIDIA H200, 30, 0 %, 0 %, 529 MiB, 143771 MiB
2026/08/06 00:46:46.817, NVIDIA H200, 30, 0 %, 0 %, 529 MiB, 143771 MiB
2026/08/06 00:46:49.817, NVIDIA H200, 30, 0 %, 0 %, 529 MiB, 143771 MiB
2026/08/06 00:46:52.817, NVIDIA H200, 30, 0 %, 0 %, 529 MiB, 143771 MiB
2026/08/06 00:46:55.818, NVIDIA H200, 30, 0 %, 0 %, 529 MiB, 143771 MiB
2026/08/06 00:46:58.818, NVIDIA H200, 30, 0 %, 0 %, 529 MiB, 143771 MiB
2026/08/06 00:47:01.819, NVIDIA H200, 30, 0 %, 0 %, 529 MiB, 143771 MiB
2026/08/06 00:47:04.819, NVIDIA H200, 30, 0 %, 0 %, 529 MiB, 143771 MiB
2026/08/06 00:47:07.820, NVIDIA H200, 30, 0 %, 0 %, 529 MiB, 143771 MiB
2026/08/06 00:47:10.820, NVIDIA H200, 30, 0 %, 0 %, 529 MiB, 143771 MiB
2026/08/06 00:47:13.820, NVIDIA H200, 30, 0 %, 0 %, 529 MiB, 143771 MiB
2026/08/06 00:47:16.821, NVIDIA H200, 30, 0 %, 0 %, 529 MiB, 143771 MiB
2026/08/06 00:47:19.822, NVIDIA H200, 30, 0 %, 0 %, 529 MiB, 143771 MiB
2026/08/06 00:47:22.822, NVIDIA H200, 29, 0 %, 0 %, 529 MiB, 143771 MiB
2026/08/06 00:47:25.823, NVIDIA H200, 29, 0 %, 0 %, 529 MiB, 143771 MiB
2026/08/06 00:47:28.823, NVIDIA H200, 29, 0 %, 0 %, 529 MiB, 143771 MiB
2026/08/06 00:47:31.824, NVIDIA H200, 30, 0 %, 0 %, 529 MiB, 143771 MiB
2026/08/06 00:47:34.824, NVIDIA H200, 30, 0 %, 0 %, 529 MiB, 143771 MiB
2026/08/06 00:47:37.824, NVIDIA H200, 30, 0 %, 0 %, 529 MiB, 143771 MiB
2026/08/06 00:47:40.825, NVIDIA H200, 30, 0 %, 0 %, 529 MiB, 143771 MiB
2026/08/06 00:47:43.825, NVIDIA H200, 30, 0 %, 0 %, 529 MiB, 143771 MiB
2026/08/06 00:47:46.826, NVIDIA H200, 30, 0 %, 0 %, 529 MiB, 143771 MiB
2026/08/06 00:47:49.826, NVIDIA H200, 30, 0 %, 0 %, 529 MiB, 143771 MiB
2026/08/06 00:47:52.827, NVIDIA H200, 30, 0 %, 0 %, 529 MiB, 143771 MiB
2026/08/06 00:47:55.827, NVIDIA H200, 30, 0 %, 0 %, 529 MiB, 143771 MiB
2026/08/06 00:47:58.827, NVIDIA H200, 30, 0 %, 0 %, 529 MiB, 143771 MiB
2026/08/06 00:48:01.828, NVIDIA H200, 30, 0 %, 0 %, 529 MiB, 143771 MiB
2026/08/06 00:48:04.828, NVIDIA H200, 30, 0 %, 0 %, 529 MiB, 143771 MiB
2026/08/06 00:48:07.829, NVIDIA H200, 30, 0 %, 0 %, 529 MiB, 143771 MiB
2026/08/06 00:48:10.829, NVIDIA H200, 30, 0 %, 0 %, 529 MiB, 143771 MiB
2026/08/06 00:48:13.830, NVIDIA H200, 30, 0 %, 0 %, 529 MiB, 143771 MiB
2026/08/06 00:48:16.830, NVIDIA H200, 30, 0 %, 0 %, 529 MiB, 143771 MiB
2026/08/06 00:48:19.831, NVIDIA H200, 30, 0 %, 0 %, 529 MiB, 143771 MiB
2026/08/06 00:48:22.831, NVIDIA H200, 30, 0 %, 0 %, 529 MiB, 143771 MiB
2026/08/06 00:48:25.832, NVIDIA H200, 30, 0 %, 0 %, 529 MiB, 143771 MiB
2026/08/06 00:48:28.832, NVIDIA H200, 30, 0 %, 0 %, 529 MiB, 143771 MiB
2026/08/06 00:48:31.832, NVIDIA H200, 30, 0 %, 0 %, 529 MiB, 143771 MiB
2026/08/06 00:48:34.833, NVIDIA H200, 30, 0 %, 0 %, 529 MiB, 143771 MiB
2026/08/06 00:48:37.833, NVIDIA H200, 30, 0 %, 0 %, 529 MiB, 143771 MiB
2026/08/06 00:48:40.834, NVIDIA H200, 30, 0 %, 0 %, 529 MiB, 143771 MiB
2026/08/06 00:48:43.835, NVIDIA H200, 30, 0 %, 0 %, 529 MiB, 143771 MiB
2026/08/06 00:48:46.835, NVIDIA H200, 30, 0 %, 0 %, 529 MiB, 143771 MiB
2026/08/06 00:48:49.835, NVIDIA H200, 30, 0 %, 0 %, 529 MiB, 143771 MiB
2026/08/06 00:48:52.836, NVIDIA H200, 30, 0 %, 0 %, 529 MiB, 143771 MiB
2026/08/06 00:48:55.836, NVIDIA H200, 30, 0 %, 0 %, 529 MiB, 143771 MiB
2026/08/06 00:48:58.837, NVIDIA H200, 30, 0 %, 0 %, 529 MiB, 143771 MiB
2026/08/06 00:49:01.837, NVIDIA H200, 30, 0 %, 0 %, 529 MiB, 143771 MiB
2026/08/06 00:49:04.837, NVIDIA H200, 30, 0 %, 0 %, 529 MiB, 143771 MiB
2026/08/06 00:49:07.838, NVIDIA H200, 30, 0 %, 0 %, 529 MiB, 143771 MiB
2026/08/06 00:49:10.838, NVIDIA H200, 30, 0 %, 0 %, 529 MiB, 143771 MiB
2026/08/06 00:49:13.839, NVIDIA H200, 30, 0 %, 0 %, 529 MiB, 143771 MiB
2026/08/06 00:49:16.839, NVIDIA H200, 30, 0 %, 0 %, 529 MiB, 143771 MiB
2026/08/06 00:49:19.840, NVIDIA H200, 30, 0 %, 0 %, 529 MiB, 143771 MiB
2026/08/06 00:49:22.840, NVIDIA H200, 30, 0 %, 0 %, 529 MiB, 143771 MiB
2026/08/06 00:49:25.840, NVIDIA H200, 30, 0 %, 0 %, 529 MiB, 143771 MiB
2026/08/06 00:49:28.841, NVIDIA H200, 30, 0 %, 0 %, 529 MiB, 143771 MiB
2026/08/06 00:49:31.841, NVIDIA H200, 30, 0 %, 0 %, 529 MiB, 143771 MiB
2026/08/06 00:49:34.842, NVIDIA H200, 30, 0 %, 0 %, 529 MiB, 143771 MiB
2026/08/06 00:49:37.842, NVIDIA H200, 30, 0 %, 0 %, 529 MiB, 143771 MiB
2026/08/06 00:49:40.842, NVIDIA H200, 30, 0 %, 0 %, 529 MiB, 143771 MiB
2026/08/06 00:49:43.843, NVIDIA H200, 30, 0 %, 0 %, 529 MiB, 143771 MiB
2026/08/06 00:49:46.844, NVIDIA H200, 30, 0 %, 0 %, 529 MiB, 143771 MiB
2026/08/06 00:49:49.844, NVIDIA H200, 30, 0 %, 0 %, 529 MiB, 143771 MiB
2026/08/06 00:49:52.844, NVIDIA H200, 30, 0 %, 0 %, 529 MiB, 143771 MiB
2026/08/06 00:49:55.845, NVIDIA H200, 30, 0 %, 0 %, 603 MiB, 143771 MiB
2026/08/06 00:49:58.846, NVIDIA H200, 31, 1 %, 0 %, 775 MiB, 143771 MiB
2026/08/06 00:50:01.846, NVIDIA H200, 30, 0 %, 0 %, 783 MiB, 143771 MiB
2026/08/06 00:50:04.846, NVIDIA H200, 30, 0 %, 0 %, 783 MiB, 143771 MiB
2026/08/06 00:50:07.847, NVIDIA H200, 30, 0 %, 0 %, 783 MiB, 143771 MiB
2026/08/06 00:50:10.847, NVIDIA H200, 30, 0 %, 0 %, 783 MiB, 143771 MiB
2026/08/06 00:50:13.848, NVIDIA H200, 30, 0 %, 0 %, 783 MiB, 143771 MiB
2026/08/06 00:50:16.848, NVIDIA H200, 30, 0 %, 0 %, 783 MiB, 143771 MiB
2026/08/06 00:50:19.848, NVIDIA H200, 30, 0 %, 0 %, 783 MiB, 143771 MiB
2026/08/06 00:50:22.849, NVIDIA H200, 30, 0 %, 0 %, 783 MiB, 143771 MiB
2026/08/06 00:50:25.849, NVIDIA H200, 39, 38 %, 8 %, 12029 MiB, 143771 MiB
2026/08/06 00:50:28.850, NVIDIA H200, 32, 1 %, 1 %, 23807 MiB, 143771 MiB
2026/08/06 00:50:31.850, NVIDIA H200, 31, 1 %, 0 %, 27645 MiB, 143771 MiB
2026/08/06 00:50:34.851, NVIDIA H200, 42, 100 %, 5 %, 28351 MiB, 143771 MiB
2026/08/06 00:50:37.851, NVIDIA H200, 41, 26 %, 5 %, 20701 MiB, 143771 MiB
2026/08/06 00:50:40.852, NVIDIA H200, 35, 47 %, 6 %, 11797 MiB, 143771 MiB
2026/08/06 00:50:43.852, NVIDIA H200, 33, 0 %, 0 %, 9333 MiB, 143771 MiB
2026/08/06 00:50:46.853, NVIDIA H200, 49, 98 %, 48 %, 32405 MiB, 143771 MiB
2026/08/06 00:50:49.854, NVIDIA H200, 31, 0 %, 0 %, 32405 MiB, 143771 MiB
2026/08/06 00:50:52.854, NVIDIA H200, 35, 0 %, 0 %, 32405 MiB, 143771 MiB
2026/08/06 00:50:55.854, NVIDIA H200, 31, 0 %, 0 %, 32405 MiB, 143771 MiB
2026/08/06 00:50:58.855, NVIDIA H200, 32, 0 %, 0 %, 32405 MiB, 143771 MiB
2026/08/06 00:51:01.855, NVIDIA H200, 30, 0 %, 0 %, 32405 MiB, 143771 MiB
2026/08/06 00:51:04.856, NVIDIA H200, 33, 0 %, 0 %, 32405 MiB, 143771 MiB
2026/08/06 00:51:07.856, NVIDIA H200, 30, 0 %, 0 %, 32405 MiB, 143771 MiB
2026/08/06 00:51:10.856, NVIDIA H200, 30, 0 %, 0 %, 32405 MiB, 143771 MiB
2026/08/06 00:51:13.857, NVIDIA H200, 48, 99 %, 42 %, 32405 MiB, 143771 MiB
2026/08/06 00:51:16.857, NVIDIA H200, 44, 100 %, 42 %, 32405 MiB, 143771 MiB
2026/08/06 00:51:19.858, NVIDIA H200, 31, 0 %, 0 %, 32405 MiB, 143771 MiB
2026/08/06 00:51:22.858, NVIDIA H200, 33, 0 %, 0 %, 32405 MiB, 143771 MiB
2026/08/06 00:51:25.859, NVIDIA H200, 47, 100 %, 41 %, 32405 MiB, 143771 MiB
2026/08/06 00:51:28.859, NVIDIA H200, 31, 0 %, 0 %, 32405 MiB, 143771 MiB
2026/08/06 00:51:31.860, NVIDIA H200, 34, 0 %, 0 %, 32405 MiB, 143771 MiB
2026/08/06 00:51:34.860, NVIDIA H200, 51, 99 %, 40 %, 32405 MiB, 143771 MiB
2026/08/06 00:51:37.861, NVIDIA H200, 49, 100 %, 42 %, 32405 MiB, 143771 MiB
2026/08/06 00:51:40.861, NVIDIA H200, 31, 0 %, 0 %, 32405 MiB, 143771 MiB
2026/08/06 00:51:43.862, NVIDIA H200, 34, 0 %, 0 %, 32405 MiB, 143771 MiB
2026/08/06 00:51:46.862, NVIDIA H200, 40, 48 %, 21 %, 32405 MiB, 143771 MiB
2026/08/06 00:51:49.863, NVIDIA H200, 49, 100 %, 40 %, 32405 MiB, 143771 MiB
2026/08/06 00:51:52.863, NVIDIA H200, 31, 0 %, 0 %, 32405 MiB, 143771 MiB
2026/08/06 00:51:55.864, NVIDIA H200, 46, 98 %, 49 %, 32405 MiB, 143771 MiB
2026/08/06 00:51:58.864, NVIDIA H200, 47, 98 %, 45 %, 32405 MiB, 143771 MiB
2026/08/06 00:52:01.866, NVIDIA H200, 32, 0 %, 0 %, 32405 MiB, 143771 MiB
2026/08/06 00:52:04.866, NVIDIA H200, 37, 0 %, 0 %, 32405 MiB, 143771 MiB
2026/08/06 00:52:07.867, NVIDIA H200, 42, 0 %, 0 %, 32405 MiB, 143771 MiB
2026/08/06 00:52:10.867, NVIDIA H200, 48, 99 %, 42 %, 32405 MiB, 143771 MiB
2026/08/06 00:52:13.868, NVIDIA H200, 44, 99 %, 44 %, 32405 MiB, 143771 MiB
2026/08/06 00:52:16.868, NVIDIA H200, 34, 0 %, 0 %, 32405 MiB, 143771 MiB
2026/08/06 00:52:19.869, NVIDIA H200, 47, 99 %, 47 %, 32405 MiB, 143771 MiB
2026/08/06 00:52:22.869, NVIDIA H200, 39, 71 %, 31 %, 32405 MiB, 143771 MiB
2026/08/06 00:52:25.870, NVIDIA H200, 50, 100 %, 43 %, 32405 MiB, 143771 MiB
2026/08/06 00:52:28.871, NVIDIA H200, 33, 0 %, 0 %, 32405 MiB, 143771 MiB
2026/08/06 00:52:31.871, NVIDIA H200, 34, 0 %, 0 %, 32405 MiB, 143771 MiB
2026/08/06 00:52:34.871, NVIDIA H200, 50, 98 %, 41 %, 32405 MiB, 143771 MiB
2026/08/06 00:52:37.872, NVIDIA H200, 42, 98 %, 41 %, 32405 MiB, 143771 MiB
2026/08/06 00:52:40.872, NVIDIA H200, 33, 0 %, 0 %, 32405 MiB, 143771 MiB
2026/08/06 00:52:43.873, NVIDIA H200, 49, 52 %, 21 %, 32405 MiB, 143771 MiB
2026/08/06 00:52:46.873, NVIDIA H200, 48, 98 %, 42 %, 32405 MiB, 143771 MiB
2026/08/06 00:52:49.874, NVIDIA H200, 40, 0 %, 0 %, 32405 MiB, 143771 MiB
2026/08/06 00:52:52.874, NVIDIA H200, 33, 0 %, 0 %, 32405 MiB, 143771 MiB
2026/08/06 00:52:55.874, NVIDIA H200, 36, 0 %, 0 %, 32405 MiB, 143771 MiB
2026/08/06 00:52:58.875, NVIDIA H200, 41, 100 %, 43 %, 32405 MiB, 143771 MiB
2026/08/06 00:53:01.875, NVIDIA H200, 36, 0 %, 0 %, 32405 MiB, 143771 MiB
2026/08/06 00:53:04.876, NVIDIA H200, 50, 100 %, 39 %, 32405 MiB, 143771 MiB
2026/08/06 00:53:07.876, NVIDIA H200, 34, 0 %, 0 %, 32405 MiB, 143771 MiB
2026/08/06 00:53:10.877, NVIDIA H200, 49, 100 %, 42 %, 32405 MiB, 143771 MiB
2026/08/06 00:53:13.877, NVIDIA H200, 48, 100 %, 41 %, 32405 MiB, 143771 MiB
2026/08/06 00:53:16.878, NVIDIA H200, 32, 0 %, 0 %, 32405 MiB, 143771 MiB
2026/08/06 00:53:19.878, NVIDIA H200, 35, 0 %, 0 %, 32405 MiB, 143771 MiB
2026/08/06 00:53:22.879, NVIDIA H200, 45, 0 %, 0 %, 32405 MiB, 143771 MiB
2026/08/06 00:53:25.879, NVIDIA H200, 47, 98 %, 49 %, 32405 MiB, 143771 MiB
2026/08/06 00:53:28.880, NVIDIA H200, 47, 100 %, 40 %, 32405 MiB, 143771 MiB
2026/08/06 00:53:31.880, NVIDIA H200, 34, 0 %, 0 %, 32405 MiB, 143771 MiB
2026/08/06 00:53:34.881, NVIDIA H200, 37, 0 %, 0 %, 32405 MiB, 143771 MiB
2026/08/06 00:53:37.881, NVIDIA H200, 47, 72 %, 31 %, 32405 MiB, 143771 MiB
2026/08/06 00:53:40.882, NVIDIA H200, 42, 0 %, 0 %, 32405 MiB, 143771 MiB
2026/08/06 00:53:43.882, NVIDIA H200, 44, 98 %, 48 %, 32405 MiB, 143771 MiB
2026/08/06 00:53:46.883, NVIDIA H200, 45, 49 %, 21 %, 32405 MiB, 143771 MiB
2026/08/06 00:53:49.883, NVIDIA H200, 40, 88 %, 38 %, 32405 MiB, 143771 MiB
2026/08/06 00:53:52.883, NVIDIA H200, 40, 100 %, 41 %, 32405 MiB, 143771 MiB
2026/08/06 00:53:55.884, NVIDIA H200, 36, 0 %, 0 %, 32405 MiB, 143771 MiB
2026/08/06 00:53:58.884, NVIDIA H200, 38, 0 %, 0 %, 32405 MiB, 143771 MiB
2026/08/06 00:54:01.885, NVIDIA H200, 33, 0 %, 0 %, 32405 MiB, 143771 MiB
2026/08/06 00:54:04.885, NVIDIA H200, 52, 98 %, 46 %, 32405 MiB, 143771 MiB
2026/08/06 00:54:07.886, NVIDIA H200, 40, 99 %, 11 %, 3673 MiB, 143771 MiB
2026/08/06 00:54:10.886, NVIDIA H200, 42, 49 %, 8 %, 11467 MiB, 143771 MiB
2026/08/06 00:54:13.887, NVIDIA H200, 32, 0 %, 0 %, 6119 MiB, 143771 MiB
2026/08/06 00:54:16.887, NVIDIA H200, 32, 63 %, 1 %, 3633 MiB, 143771 MiB
2026/08/06 00:54:19.888, NVIDIA H200, 30, 0 %, 0 %, 3633 MiB, 143771 MiB
2026/08/06 00:54:22.888, NVIDIA H200, 44, 82 %, 38 %, 13991 MiB, 143771 MiB
2026/08/06 00:54:25.889, NVIDIA H200, 40, 28 %, 14 %, 13991 MiB, 143771 MiB
2026/08/06 00:54:28.890, NVIDIA H200, 43, 15 %, 5 %, 13991 MiB, 143771 MiB
2026/08/06 00:54:31.890, NVIDIA H200, 40, 51 %, 14 %, 3399 MiB, 143771 MiB
2026/08/06 00:54:34.892, NVIDIA H200, 31, 0 %, 0 %, 5561 MiB, 143771 MiB
2026/08/06 00:54:37.892, NVIDIA H200, 38, 0 %, 0 %, 26847 MiB, 143771 MiB
2026/08/06 00:54:40.893, NVIDIA H200, 33, 0 %, 0 %, 32277 MiB, 143771 MiB
2026/08/06 00:54:43.893, NVIDIA H200, 48, 98 %, 42 %, 32277 MiB, 143771 MiB
2026/08/06 00:54:46.894, NVIDIA H200, 49, 99 %, 43 %, 32277 MiB, 143771 MiB
2026/08/06 00:54:49.894, NVIDIA H200, 35, 0 %, 0 %, 32277 MiB, 143771 MiB
2026/08/06 00:54:52.895, NVIDIA H200, 45, 97 %, 47 %, 32277 MiB, 143771 MiB
2026/08/06 00:54:55.895, NVIDIA H200, 45, 99 %, 48 %, 32277 MiB, 143771 MiB
2026/08/06 00:54:58.896, NVIDIA H200, 47, 98 %, 38 %, 32277 MiB, 143771 MiB
2026/08/06 00:55:01.896, NVIDIA H200, 32, 0 %, 0 %, 32277 MiB, 143771 MiB
2026/08/06 00:55:04.897, NVIDIA H200, 36, 0 %, 0 %, 32277 MiB, 143771 MiB
2026/08/06 00:55:07.897, NVIDIA H200, 47, 99 %, 46 %, 32277 MiB, 143771 MiB
2026/08/06 00:55:10.898, NVIDIA H200, 32, 0 %, 0 %, 32277 MiB, 143771 MiB
2026/08/06 00:55:13.898, NVIDIA H200, 33, 0 %, 0 %, 32277 MiB, 143771 MiB
2026/08/06 00:55:16.898, NVIDIA H200, 49, 98 %, 40 %, 32277 MiB, 143771 MiB
2026/08/06 00:55:19.899, NVIDIA H200, 50, 100 %, 38 %, 32277 MiB, 143771 MiB
2026/08/06 00:55:22.900, NVIDIA H200, 47, 99 %, 43 %, 32277 MiB, 143771 MiB
2026/08/06 00:55:25.900, NVIDIA H200, 32, 0 %, 0 %, 32277 MiB, 143771 MiB
2026/08/06 00:55:28.901, NVIDIA H200, 33, 0 %, 0 %, 32277 MiB, 143771 MiB
2026/08/06 00:55:31.901, NVIDIA H200, 37, 0 %, 0 %, 32277 MiB, 143771 MiB
2026/08/06 00:55:34.901, NVIDIA H200, 51, 99 %, 44 %, 32277 MiB, 143771 MiB
2026/08/06 00:55:37.902, NVIDIA H200, 41, 62 %, 28 %, 32277 MiB, 143771 MiB
2026/08/06 00:55:40.902, NVIDIA H200, 36, 0 %, 0 %, 32277 MiB, 143771 MiB
2026/08/06 00:55:43.903, NVIDIA H200, 33, 0 %, 0 %, 32277 MiB, 143771 MiB
2026/08/06 00:55:46.903, NVIDIA H200, 38, 0 %, 0 %, 32277 MiB, 143771 MiB
2026/08/06 00:55:49.904, NVIDIA H200, 37, 0 %, 0 %, 32277 MiB, 143771 MiB
2026/08/06 00:55:52.904, NVIDIA H200, 48, 98 %, 48 %, 32277 MiB, 143771 MiB
2026/08/06 00:55:55.904, NVIDIA H200, 46, 98 %, 41 %, 32277 MiB, 143771 MiB
2026/08/06 00:55:58.905, NVIDIA H200, 34, 0 %, 0 %, 32277 MiB, 143771 MiB
2026/08/06 00:56:01.905, NVIDIA H200, 45, 99 %, 43 %, 32277 MiB, 143771 MiB
2026/08/06 00:56:04.906, NVIDIA H200, 37, 0 %, 0 %, 32277 MiB, 143771 MiB
2026/08/06 00:56:07.906, NVIDIA H200, 42, 0 %, 0 %, 32277 MiB, 143771 MiB
2026/08/06 00:56:10.907, NVIDIA H200, 41, 86 %, 36 %, 32277 MiB, 143771 MiB
2026/08/06 00:56:13.907, NVIDIA H200, 47, 99 %, 48 %, 32277 MiB, 143771 MiB
2026/08/06 00:56:16.908, NVIDIA H200, 47, 24 %, 9 %, 32277 MiB, 143771 MiB
2026/08/06 00:56:19.909, NVIDIA H200, 50, 98 %, 42 %, 32277 MiB, 143771 MiB
2026/08/06 00:56:22.909, NVIDIA H200, 35, 0 %, 0 %, 32277 MiB, 143771 MiB
2026/08/06 00:56:25.909, NVIDIA H200, 35, 0 %, 0 %, 32277 MiB, 143771 MiB
2026/08/06 00:56:28.910, NVIDIA H200, 33, 0 %, 0 %, 32277 MiB, 143771 MiB
2026/08/06 00:56:31.910, NVIDIA H200, 39, 0 %, 0 %, 32277 MiB, 143771 MiB
2026/08/06 00:56:34.911, NVIDIA H200, 48, 100 %, 43 %, 32277 MiB, 143771 MiB
2026/08/06 00:56:37.911, NVIDIA H200, 44, 99 %, 39 %, 32277 MiB, 143771 MiB
2026/08/06 00:56:40.912, NVIDIA H200, 33, 0 %, 0 %, 32277 MiB, 143771 MiB
2026/08/06 00:56:43.912, NVIDIA H200, 35, 0 %, 0 %, 32277 MiB, 143771 MiB
2026/08/06 00:56:46.913, NVIDIA H200, 50, 46 %, 19 %, 32277 MiB, 143771 MiB
2026/08/06 00:56:49.913, NVIDIA H200, 49, 99 %, 42 %, 32277 MiB, 143771 MiB
2026/08/06 00:56:52.914, NVIDIA H200, 45, 98 %, 47 %, 32277 MiB, 143771 MiB
2026/08/06 00:56:55.914, NVIDIA H200, 33, 0 %, 0 %, 32277 MiB, 143771 MiB
2026/08/06 00:56:58.915, NVIDIA H200, 34, 0 %, 0 %, 32277 MiB, 143771 MiB
2026/08/06 00:57:01.915, NVIDIA H200, 37, 0 %, 0 %, 32277 MiB, 143771 MiB
2026/08/06 00:57:04.916, NVIDIA H200, 50, 100 %, 42 %, 32277 MiB, 143771 MiB
2026/08/06 00:57:07.916, NVIDIA H200, 32, 0 %, 0 %, 32277 MiB, 143771 MiB
2026/08/06 00:57:10.917, NVIDIA H200, 34, 0 %, 0 %, 32277 MiB, 143771 MiB
2026/08/06 00:57:13.917, NVIDIA H200, 44, 0 %, 0 %, 32277 MiB, 143771 MiB
2026/08/06 00:57:16.918, NVIDIA H200, 47, 99 %, 43 %, 32277 MiB, 143771 MiB
2026/08/06 00:57:19.918, NVIDIA H200, 46, 98 %, 44 %, 32277 MiB, 143771 MiB
2026/08/06 00:57:22.918, NVIDIA H200, 47, 68 %, 28 %, 32277 MiB, 143771 MiB
2026/08/06 00:57:25.919, NVIDIA H200, 33, 71 %, 32 %, 32277 MiB, 143771 MiB
2026/08/06 00:57:28.919, NVIDIA H200, 34, 0 %, 0 %, 32277 MiB, 143771 MiB
2026/08/06 00:57:31.920, NVIDIA H200, 40, 0 %, 0 %, 32277 MiB, 143771 MiB
2026/08/06 00:57:34.920, NVIDIA H200, 49, 97 %, 48 %, 32277 MiB, 143771 MiB
2026/08/06 00:57:37.921, NVIDIA H200, 42, 98 %, 46 %, 32277 MiB, 143771 MiB
2026/08/06 00:57:40.921, NVIDIA H200, 32, 0 %, 0 %, 32277 MiB, 143771 MiB
2026/08/06 00:57:43.922, NVIDIA H200, 40, 64 %, 29 %, 32277 MiB, 143771 MiB
2026/08/06 00:57:46.927, NVIDIA H200, 47, 99 %, 47 %, 32277 MiB, 143771 MiB
2026/08/06 00:57:49.928, NVIDIA H200, 48, 84 %, 40 %, 32277 MiB, 143771 MiB
2026/08/06 00:57:52.928, NVIDIA H200, 35, 0 %, 0 %, 32277 MiB, 143771 MiB
2026/08/06 00:57:55.929, NVIDIA H200, 42, 100 %, 40 %, 32277 MiB, 143771 MiB
2026/08/06 00:57:58.929, NVIDIA H200, 32, 0 %, 0 %, 32277 MiB, 143771 MiB
2026/08/06 00:58:01.930, NVIDIA H200, 50, 99 %, 43 %, 32277 MiB, 143771 MiB
2026/08/06 00:58:04.930, NVIDIA H200, 45, 99 %, 49 %, 32277 MiB, 143771 MiB
2026/08/06 00:58:07.931, NVIDIA H200, 39, 12 %, 3 %, 32277 MiB, 143771 MiB
2026/08/06 00:58:10.931, NVIDIA H200, 34, 0 %, 0 %, 32277 MiB, 143771 MiB
2026/08/06 00:58:13.932, NVIDIA H200, 52, 99 %, 42 %, 32277 MiB, 143771 MiB
2026/08/06 00:58:16.933, NVIDIA H200, 50, 99 %, 40 %, 32277 MiB, 143771 MiB
2026/08/06 00:58:19.933, NVIDIA H200, 34, 0 %, 0 %, 32277 MiB, 143771 MiB
2026/08/06 00:58:22.934, NVIDIA H200, 33, 0 %, 0 %, 32277 MiB, 143771 MiB
2026/08/06 00:58:25.934, NVIDIA H200, 36, 0 %, 0 %, 32277 MiB, 143771 MiB
2026/08/06 00:58:28.935, NVIDIA H200, 47, 98 %, 41 %, 32277 MiB, 143771 MiB
2026/08/06 00:58:31.935, NVIDIA H200, 32, 0 %, 0 %, 32277 MiB, 143771 MiB
2026/08/06 00:58:34.936, NVIDIA H200, 34, 0 %, 0 %, 32277 MiB, 143771 MiB
2026/08/06 00:58:37.937, NVIDIA H200, 51, 99 %, 43 %, 32277 MiB, 143771 MiB
2026/08/06 00:58:40.937, NVIDIA H200, 51, 99 %, 40 %, 32277 MiB, 143771 MiB
2026/08/06 00:58:43.938, NVIDIA H200, 49, 100 %, 41 %, 32277 MiB, 143771 MiB
2026/08/06 00:58:46.938, NVIDIA H200, 44, 99 %, 43 %, 32277 MiB, 143771 MiB
2026/08/06 00:58:49.939, NVIDIA H200, 35, 0 %, 0 %, 32277 MiB, 143771 MiB
2026/08/06 00:58:52.939, NVIDIA H200, 43, 67 %, 35 %, 32277 MiB, 143771 MiB
2026/08/06 00:58:55.940, NVIDIA H200, 48, 89 %, 43 %, 32277 MiB, 143771 MiB
2026/08/06 00:58:58.940, NVIDIA H200, 42, 99 %, 43 %, 32277 MiB, 143771 MiB
2026/08/06 00:59:01.941, NVIDIA H200, 33, 0 %, 0 %, 32277 MiB, 143771 MiB
2026/08/06 00:59:04.941, NVIDIA H200, 38, 0 %, 0 %, 32277 MiB, 143771 MiB
2026/08/06 00:59:07.943, NVIDIA H200, 46, 99 %, 42 %, 32277 MiB, 143771 MiB
2026/08/06 00:59:10.943, NVIDIA H200, 50, 99 %, 42 %, 32277 MiB, 143771 MiB
2026/08/06 00:59:13.944, NVIDIA H200, 45, 99 %, 46 %, 32277 MiB, 143771 MiB
2026/08/06 00:59:16.944, NVIDIA H200, 40, 14 %, 6 %, 32277 MiB, 143771 MiB
2026/08/06 00:59:19.945, NVIDIA H200, 46, 100 %, 46 %, 32277 MiB, 143771 MiB
2026/08/06 00:59:22.945, NVIDIA H200, 40, 45 %, 19 %, 32277 MiB, 143771 MiB
2026/08/06 00:59:25.951, NVIDIA H200, 37, 0 %, 0 %, 32277 MiB, 143771 MiB
2026/08/06 00:59:28.951, NVIDIA H200, 49, 98 %, 43 %, 32277 MiB, 143771 MiB
2026/08/06 00:59:31.952, NVIDIA H200, 33, 0 %, 0 %, 32277 MiB, 143771 MiB
2026/08/06 00:59:34.952, NVIDIA H200, 36, 0 %, 0 %, 32277 MiB, 143771 MiB
2026/08/06 00:59:37.955, NVIDIA H200, 34, 0 %, 0 %, 32277 MiB, 143771 MiB
2026/08/06 00:59:40.955, NVIDIA H200, 39, 0 %, 0 %, 32277 MiB, 143771 MiB
2026/08/06 00:59:43.956, NVIDIA H200, 48, 99 %, 43 %, 32277 MiB, 143771 MiB
2026/08/06 00:59:46.956, NVIDIA H200, 33, 0 %, 0 %, 32277 MiB, 143771 MiB
2026/08/06 00:59:49.957, NVIDIA H200, 35, 0 %, 0 %, 32277 MiB, 143771 MiB
2026/08/06 00:59:52.957, NVIDIA H200, 34, 0 %, 0 %, 32277 MiB, 143771 MiB
2026/08/06 00:59:55.957, NVIDIA H200, 49, 99 %, 47 %, 32277 MiB, 143771 MiB
2026/08/06 00:59:58.958, NVIDIA H200, 33, 0 %, 0 %, 32277 MiB, 143771 MiB
2026/08/06 01:00:01.958, NVIDIA H200, 47, 98 %, 49 %, 32277 MiB, 143771 MiB
2026/08/06 01:00:04.959, NVIDIA H200, 36, 0 %, 0 %, 32277 MiB, 143771 MiB
2026/08/06 01:00:07.960, NVIDIA H200, 46, 98 %, 42 %, 32277 MiB, 143771 MiB
2026/08/06 01:00:10.961, NVIDIA H200, 33, 0 %, 0 %, 32277 MiB, 143771 MiB
2026/08/06 01:00:13.961, NVIDIA H200, 35, 0 %, 0 %, 32277 MiB, 143771 MiB
2026/08/06 01:00:16.962, NVIDIA H200, 41, 47 %, 20 %, 32277 MiB, 143771 MiB
2026/08/06 01:00:19.962, NVIDIA H200, 49, 100 %, 40 %, 32277 MiB, 143771 MiB
2026/08/06 01:00:22.963, NVIDIA H200, 46, 100 %, 43 %, 32277 MiB, 143771 MiB
2026/08/06 01:00:25.963, NVIDIA H200, 45, 99 %, 43 %, 32277 MiB, 143771 MiB
2026/08/06 01:00:28.964, NVIDIA H200, 34, 0 %, 0 %, 32277 MiB, 143771 MiB
2026/08/06 01:00:31.964, NVIDIA H200, 35, 0 %, 0 %, 32277 MiB, 143771 MiB
2026/08/06 01:00:34.964, NVIDIA H200, 51, 97 %, 43 %, 32277 MiB, 143771 MiB
2026/08/06 01:00:37.967, NVIDIA H200, 33, 0 %, 0 %, 32277 MiB, 143771 MiB
2026/08/06 01:00:40.967, NVIDIA H200, 49, 99 %, 40 %, 32277 MiB, 143771 MiB
2026/08/06 01:00:43.968, NVIDIA H200, 48, 98 %, 47 %, 32277 MiB, 143771 MiB
2026/08/06 01:00:46.968, NVIDIA H200, 32, 0 %, 0 %, 32277 MiB, 143771 MiB
2026/08/06 01:00:49.969, NVIDIA H200, 37, 0 %, 0 %, 32277 MiB, 143771 MiB
2026/08/06 01:00:52.969, NVIDIA H200, 34, 0 %, 0 %, 32277 MiB, 143771 MiB
2026/08/06 01:00:55.970, NVIDIA H200, 50, 99 %, 42 %, 32277 MiB, 143771 MiB
2026/08/06 01:00:58.970, NVIDIA H200, 33, 0 %, 0 %, 32277 MiB, 143771 MiB
2026/08/06 01:01:01.970, NVIDIA H200, 45, 99 %, 46 %, 32277 MiB, 143771 MiB
2026/08/06 01:01:04.971, NVIDIA H200, 41, 79 %, 36 %, 32277 MiB, 143771 MiB
2026/08/06 01:01:07.974, NVIDIA H200, 43, 66 %, 29 %, 32277 MiB, 143771 MiB
2026/08/06 01:01:10.974, NVIDIA H200, 41, 71 %, 37 %, 32277 MiB, 143771 MiB
2026/08/06 01:01:13.975, NVIDIA H200, 35, 0 %, 0 %, 32277 MiB, 143771 MiB
2026/08/06 01:01:16.975, NVIDIA H200, 31, 0 %, 0 %, 32277 MiB, 143771 MiB
2026/08/06 01:01:19.976, NVIDIA H200, 48, 100 %, 42 %, 32277 MiB, 143771 MiB
2026/08/06 01:01:22.976, NVIDIA H200, 49, 98 %, 48 %, 32277 MiB, 143771 MiB
2026/08/06 01:01:25.977, NVIDIA H200, 35, 0 %, 0 %, 32277 MiB, 143771 MiB
2026/08/06 01:01:28.977, NVIDIA H200, 32, 0 %, 0 %, 32277 MiB, 143771 MiB
2026/08/06 01:01:31.977, NVIDIA H200, 39, 0 %, 0 %, 32277 MiB, 143771 MiB
2026/08/06 01:01:34.978, NVIDIA H200, 46, 99 %, 46 %, 32277 MiB, 143771 MiB
2026/08/06 01:01:37.979, NVIDIA H200, 33, 0 %, 0 %, 32277 MiB, 143771 MiB
2026/08/06 01:01:40.979, NVIDIA H200, 44, 98 %, 47 %, 32277 MiB, 143771 MiB
2026/08/06 01:01:43.980, NVIDIA H200, 46, 99 %, 41 %, 32277 MiB, 143771 MiB
2026/08/06 01:01:46.980, NVIDIA H200, 32, 0 %, 0 %, 32277 MiB, 143771 MiB
2026/08/06 01:01:49.980, NVIDIA H200, 34, 0 %, 0 %, 32277 MiB, 143771 MiB
2026/08/06 01:01:52.981, NVIDIA H200, 37, 0 %, 0 %, 32277 MiB, 143771 MiB
2026/08/06 01:01:55.981, NVIDIA H200, 51, 99 %, 40 %, 32277 MiB, 143771 MiB
2026/08/06 01:01:58.982, NVIDIA H200, 49, 99 %, 44 %, 32277 MiB, 143771 MiB
2026/08/06 01:02:01.982, NVIDIA H200, 46, 100 %, 41 %, 32277 MiB, 143771 MiB
2026/08/06 01:02:04.983, NVIDIA H200, 32, 0 %, 0 %, 32277 MiB, 143771 MiB
2026/08/06 01:02:07.985, NVIDIA H200, 34, 0 %, 0 %, 32277 MiB, 143771 MiB
2026/08/06 01:02:10.986, NVIDIA H200, 50, 99 %, 41 %, 32277 MiB, 143771 MiB
2026/08/06 01:02:13.986, NVIDIA H200, 45, 98 %, 50 %, 32277 MiB, 143771 MiB
2026/08/06 01:02:16.987, NVIDIA H200, 49, 98 %, 47 %, 32277 MiB, 143771 MiB
2026/08/06 01:02:19.987, NVIDIA H200, 32, 0 %, 0 %, 32277 MiB, 143771 MiB
2026/08/06 01:02:23.031, NVIDIA H200, 34, 0 %, 0 %, 32277 MiB, 143771 MiB
2026/08/06 01:02:26.352, NVIDIA H200, 32, 0 %, 0 %, 32277 MiB, 143771 MiB
2026/08/06 01:02:29.353, NVIDIA H200, 45, 99 %, 46 %, 32277 MiB, 143771 MiB
2026/08/06 01:02:32.354, NVIDIA H200, 33, 0 %, 0 %, 32277 MiB, 143771 MiB
2026/08/06 01:02:35.780, NVIDIA H200, 34, 0 %, 0 %, 32277 MiB, 143771 MiB
2026/08/06 01:02:38.780, NVIDIA H200, 36, 0 %, 0 %, 32277 MiB, 143771 MiB
2026/08/06 01:02:41.781, NVIDIA H200, 41, 0 %, 0 %, 32277 MiB, 143771 MiB
2026/08/06 01:02:44.781, NVIDIA H200, 34, 0 %, 0 %, 32277 MiB, 143771 MiB
2026/08/06 01:02:47.781, NVIDIA H200, 50, 64 %, 28 %, 32277 MiB, 143771 MiB
2026/08/06 01:02:51.583, NVIDIA H200, 50, 100 %, 41 %, 32277 MiB, 143771 MiB
2026/08/06 01:02:54.584, NVIDIA H200, 32, 0 %, 0 %, 32277 MiB, 143771 MiB
2026/08/06 01:02:57.584, NVIDIA H200, 34, 0 %, 0 %, 32277 MiB, 143771 MiB
2026/08/06 01:03:00.585, NVIDIA H200, 50, 70 %, 31 %, 32277 MiB, 143771 MiB
2026/08/06 01:03:03.585, NVIDIA H200, 45, 100 %, 40 %, 32277 MiB, 143771 MiB
2026/08/06 01:03:07.869, NVIDIA H200, 48, 98 %, 48 %, 32277 MiB, 143771 MiB
2026/08/06 01:03:10.870, NVIDIA H200, 48, 99 %, 43 %, 32277 MiB, 143771 MiB
2026/08/06 01:03:13.870, NVIDIA H200, 33, 0 %, 0 %, 32277 MiB, 143771 MiB
2026/08/06 01:03:16.871, NVIDIA H200, 35, 0 %, 0 %, 32277 MiB, 143771 MiB
2026/08/06 01:03:19.871, NVIDIA H200, 51, 100 %, 38 %, 32277 MiB, 143771 MiB
2026/08/06 01:03:22.872, NVIDIA H200, 46, 100 %, 38 %, 32277 MiB, 143771 MiB
2026/08/06 01:03:25.872, NVIDIA H200, 34, 0 %, 0 %, 32277 MiB, 143771 MiB
2026/08/06 01:03:28.873, NVIDIA H200, 33, 0 %, 0 %, 32277 MiB, 143771 MiB
2026/08/06 01:03:31.873, NVIDIA H200, 46, 100 %, 40 %, 32277 MiB, 143771 MiB
2026/08/06 01:03:34.874, NVIDIA H200, 50, 98 %, 41 %, 32277 MiB, 143771 MiB
2026/08/06 01:03:37.874, NVIDIA H200, 41, 62 %, 28 %, 32277 MiB, 143771 MiB
2026/08/06 01:03:40.875, NVIDIA H200, 44, 98 %, 46 %, 32277 MiB, 143771 MiB
2026/08/06 01:03:43.875, NVIDIA H200, 47, 97 %, 49 %, 32277 MiB, 143771 MiB
2026/08/06 01:03:46.876, NVIDIA H200, 40, 0 %, 0 %, 32277 MiB, 143771 MiB
2026/08/06 01:03:49.876, NVIDIA H200, 34, 0 %, 0 %, 32277 MiB, 143771 MiB
2026/08/06 01:03:52.877, NVIDIA H200, 35, 0 %, 0 %, 32277 MiB, 143771 MiB
2026/08/06 01:03:55.877, NVIDIA H200, 41, 100 %, 41 %, 32277 MiB, 143771 MiB
2026/08/06 01:03:58.878, NVIDIA H200, 42, 100 %, 38 %, 32277 MiB, 143771 MiB
2026/08/06 01:04:01.878, NVIDIA H200, 32, 0 %, 0 %, 32277 MiB, 143771 MiB
2026/08/06 01:04:04.879, NVIDIA H200, 36, 0 %, 0 %, 32277 MiB, 143771 MiB
2026/08/06 01:04:07.879, NVIDIA H200, 47, 99 %, 41 %, 32277 MiB, 143771 MiB
2026/08/06 01:04:10.880, NVIDIA H200, 32, 0 %, 0 %, 32277 MiB, 143771 MiB
2026/08/06 01:04:13.880, NVIDIA H200, 35, 0 %, 0 %, 32277 MiB, 143771 MiB
2026/08/06 01:04:16.880, NVIDIA H200, 48, 99 %, 42 %, 32277 MiB, 143771 MiB
2026/08/06 01:04:19.881, NVIDIA H200, 49, 100 %, 43 %, 32277 MiB, 143771 MiB
2026/08/06 01:04:22.881, NVIDIA H200, 46, 99 %, 47 %, 32277 MiB, 143771 MiB
2026/08/06 01:04:25.882, NVIDIA H200, 37, 83 %, 35 %, 32277 MiB, 143771 MiB
2026/08/06 01:04:28.882, NVIDIA H200, 41, 72 %, 36 %, 32277 MiB, 143771 MiB
2026/08/06 01:04:31.882, NVIDIA H200, 45, 83 %, 38 %, 32277 MiB, 143771 MiB
2026/08/06 01:04:34.883, NVIDIA H200, 39, 30 %, 11 %, 32277 MiB, 143771 MiB
2026/08/06 01:04:37.883, NVIDIA H200, 34, 0 %, 0 %, 32277 MiB, 143771 MiB
2026/08/06 01:04:40.884, NVIDIA H200, 31, 0 %, 0 %, 32277 MiB, 143771 MiB
2026/08/06 01:04:43.885, NVIDIA H200, 51, 96 %, 46 %, 32277 MiB, 143771 MiB
2026/08/06 01:04:46.885, NVIDIA H200, 48, 99 %, 47 %, 32277 MiB, 143771 MiB
2026/08/06 01:04:49.886, NVIDIA H200, 30, 0 %, 0 %, 32277 MiB, 143771 MiB
2026/08/06 01:04:52.886, NVIDIA H200, 35, 0 %, 0 %, 32277 MiB, 143771 MiB
2026/08/06 01:04:55.887, NVIDIA H200, 45, 99 %, 42 %, 32277 MiB, 143771 MiB
2026/08/06 01:04:58.887, NVIDIA H200, 32, 0 %, 0 %, 32277 MiB, 143771 MiB
2026/08/06 01:05:01.888, NVIDIA H200, 34, 0 %, 0 %, 32277 MiB, 143771 MiB
2026/08/06 01:05:04.888, NVIDIA H200, 47, 99 %, 43 %, 32277 MiB, 143771 MiB
2026/08/06 01:05:07.889, NVIDIA H200, 46, 100 %, 40 %, 32277 MiB, 143771 MiB
2026/08/06 01:05:10.889, NVIDIA H200, 32, 0 %, 0 %, 32277 MiB, 143771 MiB
2026/08/06 01:05:13.890, NVIDIA H200, 34, 0 %, 0 %, 32277 MiB, 143771 MiB
2026/08/06 01:05:16.890, NVIDIA H200, 50, 97 %, 49 %, 32277 MiB, 143771 MiB
2026/08/06 01:05:19.891, NVIDIA H200, 43, 100 %, 39 %, 32277 MiB, 143771 MiB
2026/08/06 01:05:22.891, NVIDIA H200, 33, 0 %, 0 %, 32277 MiB, 143771 MiB
2026/08/06 01:05:25.891, NVIDIA H200, 33, 0 %, 0 %, 32277 MiB, 143771 MiB
2026/08/06 01:05:28.892, NVIDIA H200, 34, 0 %, 0 %, 32277 MiB, 143771 MiB
2026/08/06 01:05:31.892, NVIDIA H200, 48, 90 %, 43 %, 32277 MiB, 143771 MiB
2026/08/06 01:05:34.893, NVIDIA H200, 43, 100 %, 42 %, 32277 MiB, 143771 MiB
2026/08/06 01:05:37.893, NVIDIA H200, 32, 0 %, 0 %, 32277 MiB, 143771 MiB
2026/08/06 01:05:40.894, NVIDIA H200, 38, 0 %, 0 %, 32277 MiB, 143771 MiB
2026/08/06 01:05:43.894, NVIDIA H200, 48, 100 %, 40 %, 32277 MiB, 143771 MiB
2026/08/06 01:05:46.895, NVIDIA H200, 31, 0 %, 0 %, 32277 MiB, 143771 MiB
2026/08/06 01:05:49.895, NVIDIA H200, 33, 0 %, 0 %, 32277 MiB, 143771 MiB
2026/08/06 01:05:52.896, NVIDIA H200, 51, 98 %, 43 %, 32277 MiB, 143771 MiB
2026/08/06 01:05:55.897, NVIDIA H200, 49, 98 %, 38 %, 32277 MiB, 143771 MiB
2026/08/06 01:05:58.897, NVIDIA H200, 48, 100 %, 37 %, 32277 MiB, 143771 MiB
2026/08/06 01:06:01.897, NVIDIA H200, 32, 0 %, 0 %, 32277 MiB, 143771 MiB
2026/08/06 01:06:04.898, NVIDIA H200, 37, 0 %, 0 %, 32277 MiB, 143771 MiB
2026/08/06 01:06:07.898, NVIDIA H200, 50, 98 %, 44 %, 32277 MiB, 143771 MiB
2026/08/06 01:06:10.899, NVIDIA H200, 44, 100 %, 42 %, 32277 MiB, 143771 MiB
2026/08/06 01:06:13.899, NVIDIA H200, 41, 0 %, 0 %, 32277 MiB, 143771 MiB
2026/08/06 01:06:16.900, NVIDIA H200, 33, 0 %, 0 %, 32277 MiB, 143771 MiB
2026/08/06 01:06:19.900, NVIDIA H200, 36, 0 %, 0 %, 32277 MiB, 143771 MiB
2026/08/06 01:06:22.901, NVIDIA H200, 47, 99 %, 43 %, 32277 MiB, 143771 MiB
2026/08/06 01:06:25.902, NVIDIA H200, 32, 0 %, 0 %, 32277 MiB, 143771 MiB
2026/08/06 01:06:28.902, NVIDIA H200, 34, 0 %, 0 %, 32277 MiB, 143771 MiB
2026/08/06 01:06:31.902, NVIDIA H200, 49, 63 %, 26 %, 32277 MiB, 143771 MiB
2026/08/06 01:06:34.903, NVIDIA H200, 49, 98 %, 43 %, 32277 MiB, 143771 MiB
2026/08/06 01:06:37.904, NVIDIA H200, 47, 99 %, 46 %, 32277 MiB, 143771 MiB
2026/08/06 01:06:40.904, NVIDIA H200, 33, 0 %, 0 %, 32277 MiB, 143771 MiB
2026/08/06 01:06:43.905, NVIDIA H200, 40, 62 %, 26 %, 32277 MiB, 143771 MiB
2026/08/06 01:06:46.905, NVIDIA H200, 49, 99 %, 49 %, 32277 MiB, 143771 MiB
2026/08/06 01:06:49.906, NVIDIA H200, 42, 98 %, 43 %, 32277 MiB, 143771 MiB
2026/08/06 01:06:52.906, NVIDIA H200, 33, 0 %, 0 %, 32277 MiB, 143771 MiB
2026/08/06 01:06:55.907, NVIDIA H200, 34, 0 %, 0 %, 32277 MiB, 143771 MiB
2026/08/06 01:06:58.907, NVIDIA H200, 37, 0 %, 0 %, 32277 MiB, 143771 MiB
2026/08/06 01:07:01.908, NVIDIA H200, 50, 100 %, 37 %, 32277 MiB, 143771 MiB
2026/08/06 01:07:04.908, NVIDIA H200, 45, 100 %, 47 %, 32277 MiB, 143771 MiB
2026/08/06 01:07:07.909, NVIDIA H200, 33, 0 %, 0 %, 32277 MiB, 143771 MiB
2026/08/06 01:07:10.909, NVIDIA H200, 37, 0 %, 0 %, 32277 MiB, 143771 MiB
2026/08/06 01:07:13.910, NVIDIA H200, 49, 99 %, 44 %, 32277 MiB, 143771 MiB
2026/08/06 01:07:16.910, NVIDIA H200, 41, 3 %, 0 %, 32277 MiB, 143771 MiB
2026/08/06 01:07:19.911, NVIDIA H200, 33, 0 %, 0 %, 32277 MiB, 143771 MiB
2026/08/06 01:07:22.911, NVIDIA H200, 37, 0 %, 0 %, 32277 MiB, 143771 MiB
2026/08/06 01:07:25.912, NVIDIA H200, 50, 99 %, 42 %, 32277 MiB, 143771 MiB
2026/08/06 01:07:28.912, NVIDIA H200, 46, 99 %, 42 %, 32277 MiB, 143771 MiB
2026/08/06 01:07:31.913, NVIDIA H200, 33, 0 %, 0 %, 32277 MiB, 143771 MiB
2026/08/06 01:07:34.913, NVIDIA H200, 36, 0 %, 0 %, 32277 MiB, 143771 MiB
2026/08/06 01:07:37.914, NVIDIA H200, 49, 68 %, 36 %, 32277 MiB, 143771 MiB
2026/08/06 01:07:40.914, NVIDIA H200, 43, 99 %, 43 %, 32277 MiB, 143771 MiB
2026/08/06 01:07:43.915, NVIDIA H200, 33, 0 %, 0 %, 32277 MiB, 143771 MiB
2026/08/06 01:07:46.915, NVIDIA H200, 37, 0 %, 0 %, 32277 MiB, 143771 MiB
2026/08/06 01:07:49.916, NVIDIA H200, 50, 99 %, 43 %, 32277 MiB, 143771 MiB
2026/08/06 01:07:52.916, NVIDIA H200, 49, 100 %, 40 %, 32277 MiB, 143771 MiB
2026/08/06 01:07:55.917, NVIDIA H200, 45, 63 %, 26 %, 32277 MiB, 143771 MiB
2026/08/06 01:07:58.917, NVIDIA H200, 46, 99 %, 46 %, 32277 MiB, 143771 MiB
2026/08/06 01:08:01.918, NVIDIA H200, 44, 28 %, 13 %, 32277 MiB, 143771 MiB
2026/08/06 01:08:04.918, NVIDIA H200, 37, 0 %, 0 %, 32277 MiB, 143771 MiB
2026/08/06 01:08:07.919, NVIDIA H200, 31, 0 %, 0 %, 32277 MiB, 143771 MiB
2026/08/06 01:08:10.919, NVIDIA H200, 31, 0 %, 0 %, 32277 MiB, 143771 MiB
2026/08/06 01:08:13.920, NVIDIA H200, 29, 0 %, 0 %, 32277 MiB, 143771 MiB
2026/08/06 01:08:16.920, NVIDIA H200, 33, 58 %, 22 %, 32277 MiB, 143771 MiB
2026/08/06 01:08:19.921, NVIDIA H200, 32, 0 %, 0 %, 32277 MiB, 143771 MiB
2026/08/06 01:08:22.921, NVIDIA H200, 36, 0 %, 0 %, 32277 MiB, 143771 MiB
2026/08/06 01:08:25.922, NVIDIA H200, 49, 100 %, 39 %, 32277 MiB, 143771 MiB
2026/08/06 01:08:28.923, NVIDIA H200, 47, 99 %, 48 %, 32277 MiB, 143771 MiB
2026/08/06 01:08:31.923, NVIDIA H200, 36, 81 %, 37 %, 32277 MiB, 143771 MiB
2026/08/06 01:08:34.924, NVIDIA H200, 32, 0 %, 0 %, 32277 MiB, 143771 MiB
2026/08/06 01:08:37.924, NVIDIA H200, 38, 0 %, 0 %, 32277 MiB, 143771 MiB
2026/08/06 01:08:40.924, NVIDIA H200, 47, 99 %, 47 %, 32277 MiB, 143771 MiB
2026/08/06 01:08:43.925, NVIDIA H200, 32, 63 %, 28 %, 32277 MiB, 143771 MiB
2026/08/06 01:08:46.925, NVIDIA H200, 35, 0 %, 0 %, 32277 MiB, 143771 MiB
2026/08/06 01:08:49.926, NVIDIA H200, 35, 0 %, 0 %, 32277 MiB, 143771 MiB
2026/08/06 01:08:53.695, NVIDIA H200, 38, 0 %, 0 %, 32277 MiB, 143771 MiB
2026/08/06 01:08:56.696, NVIDIA H200, 48, 100 %, 37 %, 32277 MiB, 143771 MiB
2026/08/06 01:08:59.696, NVIDIA H200, 36, 95 %, 47 %, 32277 MiB, 143771 MiB
2026/08/06 01:09:02.697, NVIDIA H200, 33, 0 %, 0 %, 32277 MiB, 143771 MiB
2026/08/06 01:09:05.697, NVIDIA H200, 46, 97 %, 45 %, 32277 MiB, 143771 MiB
2026/08/06 01:09:08.698, NVIDIA H200, 47, 98 %, 43 %, 32277 MiB, 143771 MiB
2026/08/06 01:09:11.699, NVIDIA H200, 44, 99 %, 40 %, 32277 MiB, 143771 MiB
2026/08/06 01:09:14.699, NVIDIA H200, 33, 0 %, 0 %, 32277 MiB, 143771 MiB
2026/08/06 01:09:17.700, NVIDIA H200, 38, 0 %, 0 %, 32277 MiB, 143771 MiB
2026/08/06 01:09:20.700, NVIDIA H200, 47, 99 %, 45 %, 32277 MiB, 143771 MiB
2026/08/06 01:09:23.718, NVIDIA H200, 44, 98 %, 46 %, 32277 MiB, 143771 MiB
2026/08/06 01:09:26.718, NVIDIA H200, 32, 0 %, 0 %, 32277 MiB, 143771 MiB
2026/08/06 01:09:29.719, NVIDIA H200, 33, 0 %, 0 %, 32277 MiB, 143771 MiB
2026/08/06 01:09:32.719, NVIDIA H200, 34, 0 %, 0 %, 32277 MiB, 143771 MiB
2026/08/06 01:09:35.720, NVIDIA H200, 45, 11 %, 6 %, 32277 MiB, 143771 MiB
2026/08/06 01:09:38.720, NVIDIA H200, 47, 100 %, 41 %, 32277 MiB, 143771 MiB
2026/08/06 01:09:41.721, NVIDIA H200, 32, 0 %, 0 %, 32277 MiB, 143771 MiB
2026/08/06 01:09:44.721, NVIDIA H200, 34, 0 %, 0 %, 32277 MiB, 143771 MiB
2026/08/06 01:09:47.722, NVIDIA H200, 48, 89 %, 35 %, 32277 MiB, 143771 MiB
2026/08/06 01:09:50.722, NVIDIA H200, 49, 99 %, 47 %, 32277 MiB, 143771 MiB
2026/08/06 01:09:53.724, NVIDIA H200, 42, 100 %, 45 %, 32277 MiB, 143771 MiB
2026/08/06 01:09:56.725, NVIDIA H200, 33, 0 %, 0 %, 32277 MiB, 143771 MiB
2026/08/06 01:09:59.725, NVIDIA H200, 38, 0 %, 0 %, 32277 MiB, 143771 MiB
2026/08/06 01:10:02.726, NVIDIA H200, 49, 96 %, 47 %, 32277 MiB, 143771 MiB
2026/08/06 01:10:05.726, NVIDIA H200, 50, 99 %, 43 %, 32277 MiB, 143771 MiB
2026/08/06 01:10:08.727, NVIDIA H200, 45, 100 %, 42 %, 32277 MiB, 143771 MiB
2026/08/06 01:10:11.727, NVIDIA H200, 35, 0 %, 0 %, 32277 MiB, 143771 MiB
2026/08/06 01:10:14.728, NVIDIA H200, 33, 0 %, 0 %, 32277 MiB, 143771 MiB
2026/08/06 01:10:17.728, NVIDIA H200, 49, 99 %, 50 %, 32277 MiB, 143771 MiB
2026/08/06 01:10:20.729, NVIDIA H200, 44, 98 %, 50 %, 32277 MiB, 143771 MiB
2026/08/06 01:10:23.729, NVIDIA H200, 32, 0 %, 0 %, 32277 MiB, 143771 MiB
2026/08/06 01:10:26.730, NVIDIA H200, 33, 0 %, 0 %, 32277 MiB, 143771 MiB
2026/08/06 01:10:29.730, NVIDIA H200, 51, 100 %, 39 %, 32277 MiB, 143771 MiB
2026/08/06 01:10:32.731, NVIDIA H200, 49, 99 %, 43 %, 32277 MiB, 143771 MiB
2026/08/06 01:10:35.731, NVIDIA H200, 32, 0 %, 0 %, 32277 MiB, 143771 MiB
2026/08/06 01:10:38.732, NVIDIA H200, 39, 0 %, 0 %, 32277 MiB, 143771 MiB
2026/08/06 01:10:41.732, NVIDIA H200, 44, 81 %, 38 %, 32277 MiB, 143771 MiB
2026/08/06 01:10:44.733, NVIDIA H200, 43, 100 %, 40 %, 32277 MiB, 143771 MiB
2026/08/06 01:10:47.733, NVIDIA H200, 33, 0 %, 0 %, 32277 MiB, 143771 MiB
2026/08/06 01:10:50.734, NVIDIA H200, 39, 0 %, 0 %, 32277 MiB, 143771 MiB
2026/08/06 01:10:53.734, NVIDIA H200, 48, 100 %, 39 %, 32277 MiB, 143771 MiB
2026/08/06 01:10:56.735, NVIDIA H200, 32, 0 %, 0 %, 32277 MiB, 143771 MiB
2026/08/06 01:10:59.735, NVIDIA H200, 38, 0 %, 0 %, 32277 MiB, 143771 MiB
2026/08/06 01:11:02.736, NVIDIA H200, 49, 100 %, 40 %, 32277 MiB, 143771 MiB
2026/08/06 01:11:05.737, NVIDIA H200, 32, 0 %, 0 %, 32277 MiB, 143771 MiB
2026/08/06 01:11:08.737, NVIDIA H200, 34, 0 %, 0 %, 32277 MiB, 143771 MiB
2026/08/06 01:11:11.738, NVIDIA H200, 47, 100 %, 42 %, 32277 MiB, 143771 MiB
2026/08/06 01:11:14.738, NVIDIA H200, 47, 58 %, 26 %, 32277 MiB, 143771 MiB
2026/08/06 01:11:17.739, NVIDIA H200, 32, 0 %, 0 %, 32277 MiB, 143771 MiB
2026/08/06 01:11:20.739, NVIDIA H200, 34, 0 %, 0 %, 32277 MiB, 143771 MiB
2026/08/06 01:11:23.740, NVIDIA H200, 50, 99 %, 43 %, 32277 MiB, 143771 MiB
2026/08/06 01:11:26.740, NVIDIA H200, 33, 0 %, 0 %, 32277 MiB, 143771 MiB
2026/08/06 01:11:29.741, NVIDIA H200, 45, 53 %, 24 %, 32277 MiB, 143771 MiB
2026/08/06 01:11:32.741, NVIDIA H200, 41, 74 %, 34 %, 32277 MiB, 143771 MiB
2026/08/06 01:11:35.742, NVIDIA H200, 42, 65 %, 29 %, 32277 MiB, 143771 MiB
2026/08/06 01:11:38.742, NVIDIA H200, 38, 28 %, 13 %, 32277 MiB, 143771 MiB
2026/08/06 01:11:41.743, NVIDIA H200, 31, 0 %, 0 %, 32277 MiB, 143771 MiB
2026/08/06 01:11:44.743, NVIDIA H200, 44, 100 %, 39 %, 32277 MiB, 143771 MiB
2026/08/06 01:11:47.744, NVIDIA H200, 45, 99 %, 39 %, 32277 MiB, 143771 MiB
2026/08/06 01:11:50.744, NVIDIA H200, 31, 0 %, 0 %, 32277 MiB, 143771 MiB
2026/08/06 01:11:53.744, NVIDIA H200, 36, 0 %, 0 %, 32277 MiB, 143771 MiB
2026/08/06 01:11:56.745, NVIDIA H200, 46, 99 %, 45 %, 32277 MiB, 143771 MiB
2026/08/06 01:11:59.745, NVIDIA H200, 39, 99 %, 44 %, 32277 MiB, 143771 MiB
2026/08/06 01:12:02.746, NVIDIA H200, 39, 0 %, 0 %, 32277 MiB, 143771 MiB
2026/08/06 01:12:05.746, NVIDIA H200, 48, 98 %, 42 %, 32277 MiB, 143771 MiB
2026/08/06 01:12:08.747, NVIDIA H200, 40, 75 %, 35 %, 32277 MiB, 143771 MiB
2026/08/06 01:12:11.747, NVIDIA H200, 33, 0 %, 0 %, 32277 MiB, 143771 MiB
2026/08/06 01:12:14.748, NVIDIA H200, 47, 100 %, 45 %, 32277 MiB, 143771 MiB
2026/08/06 01:12:17.748, NVIDIA H200, 46, 99 %, 44 %, 32277 MiB, 143771 MiB
2026/08/06 01:12:20.749, NVIDIA H200, 32, 0 %, 0 %, 32277 MiB, 143771 MiB
2026/08/06 01:12:23.749, NVIDIA H200, 35, 0 %, 0 %, 32277 MiB, 143771 MiB
2026/08/06 01:12:26.750, NVIDIA H200, 42, 26 %, 10 %, 32277 MiB, 143771 MiB
2026/08/06 01:12:29.750, NVIDIA H200, 36, 0 %, 0 %, 32277 MiB, 143771 MiB
2026/08/06 01:12:32.751, NVIDIA H200, 45, 66 %, 28 %, 32277 MiB, 143771 MiB
2026/08/06 01:12:35.751, NVIDIA H200, 35, 0 %, 0 %, 32277 MiB, 143771 MiB
2026/08/06 01:12:38.752, NVIDIA H200, 34, 0 %, 0 %, 32277 MiB, 143771 MiB
2026/08/06 01:12:41.752, NVIDIA H200, 37, 0 %, 0 %, 32277 MiB, 143771 MiB
2026/08/06 01:12:44.753, NVIDIA H200, 48, 98 %, 42 %, 32277 MiB, 143771 MiB
2026/08/06 01:12:47.753, NVIDIA H200, 36, 0 %, 0 %, 32277 MiB, 143771 MiB
2026/08/06 01:12:50.754, NVIDIA H200, 42, 38 %, 15 %, 32277 MiB, 143771 MiB
2026/08/06 01:12:53.754, NVIDIA H200, 35, 0 %, 0 %, 32277 MiB, 143771 MiB
2026/08/06 01:12:56.754, NVIDIA H200, 38, 0 %, 0 %, 32277 MiB, 143771 MiB
2026/08/06 01:12:59.755, NVIDIA H200, 35, 0 %, 0 %, 32277 MiB, 143771 MiB
2026/08/06 01:13:02.755, NVIDIA H200, 40, 59 %, 28 %, 32277 MiB, 143771 MiB
2026/08/06 01:13:05.756, NVIDIA H200, 34, 0 %, 0 %, 32277 MiB, 143771 MiB
2026/08/06 01:13:08.756, NVIDIA H200, 46, 69 %, 31 %, 32277 MiB, 143771 MiB
2026/08/06 01:13:11.757, NVIDIA H200, 45, 99 %, 44 %, 32277 MiB, 143771 MiB
2026/08/06 01:13:14.757, NVIDIA H200, 33, 0 %, 0 %, 32277 MiB, 143771 MiB
2026/08/06 01:13:17.758, NVIDIA H200, 37, 0 %, 0 %, 32277 MiB, 143771 MiB
2026/08/06 01:13:20.758, NVIDIA H200, 46, 64 %, 30 %, 32277 MiB, 143771 MiB
2026/08/06 01:13:23.759, NVIDIA H200, 38, 58 %, 25 %, 32277 MiB, 143771 MiB
2026/08/06 01:13:26.759, NVIDIA H200, 36, 0 %, 0 %, 32277 MiB, 143771 MiB
2026/08/06 01:13:29.760, NVIDIA H200, 49, 100 %, 40 %, 32277 MiB, 143771 MiB
2026/08/06 01:13:32.760, NVIDIA H200, 46, 99 %, 47 %, 32277 MiB, 143771 MiB
2026/08/06 01:13:35.760, NVIDIA H200, 33, 0 %, 0 %, 32277 MiB, 143771 MiB
2026/08/06 01:13:38.761, NVIDIA H200, 44, 86 %, 39 %, 32277 MiB, 143771 MiB
2026/08/06 01:13:41.761, NVIDIA H200, 40, 2 %, 0 %, 32277 MiB, 143771 MiB
2026/08/06 01:13:44.762, NVIDIA H200, 34, 0 %, 0 %, 32277 MiB, 143771 MiB
2026/08/06 01:13:47.763, NVIDIA H200, 33, 0 %, 0 %, 32277 MiB, 143771 MiB
2026/08/06 01:13:50.763, NVIDIA H200, 49, 98 %, 41 %, 32277 MiB, 143771 MiB
2026/08/06 01:13:53.764, NVIDIA H200, 32, 0 %, 0 %, 32277 MiB, 143771 MiB
2026/08/06 01:13:56.766, NVIDIA H200, 35, 0 %, 0 %, 32277 MiB, 143771 MiB
2026/08/06 01:13:59.767, NVIDIA H200, 49, 100 %, 40 %, 32277 MiB, 143771 MiB
2026/08/06 01:14:02.767, NVIDIA H200, 32, 0 %, 0 %, 32277 MiB, 143771 MiB
2026/08/06 01:14:05.768, NVIDIA H200, 34, 0 %, 0 %, 32277 MiB, 143771 MiB
2026/08/06 01:14:08.768, NVIDIA H200, 50, 99 %, 48 %, 32277 MiB, 143771 MiB
2026/08/06 01:14:11.769, NVIDIA H200, 46, 98 %, 47 %, 32277 MiB, 143771 MiB
2026/08/06 01:14:14.769, NVIDIA H200, 32, 0 %, 0 %, 32277 MiB, 143771 MiB
2026/08/06 01:14:17.769, NVIDIA H200, 34, 0 %, 0 %, 32277 MiB, 143771 MiB
2026/08/06 01:14:20.770, NVIDIA H200, 40, 0 %, 0 %, 32277 MiB, 143771 MiB
2026/08/06 01:14:23.770, NVIDIA H200, 48, 100 %, 40 %, 32277 MiB, 143771 MiB
2026/08/06 01:14:26.771, NVIDIA H200, 32, 8 %, 0 %, 32277 MiB, 143771 MiB
2026/08/06 01:14:29.771, NVIDIA H200, 34, 0 %, 0 %, 32277 MiB, 143771 MiB
2026/08/06 01:14:32.772, NVIDIA H200, 38, 0 %, 0 %, 32277 MiB, 143771 MiB
2026/08/06 01:14:35.772, NVIDIA H200, 43, 0 %, 0 %, 32277 MiB, 143771 MiB
2026/08/06 01:14:38.773, NVIDIA H200, 44, 99 %, 41 %, 32277 MiB, 143771 MiB
2026/08/06 01:14:41.773, NVIDIA H200, 34, 0 %, 0 %, 32277 MiB, 143771 MiB
2026/08/06 01:14:44.774, NVIDIA H200, 35, 0 %, 0 %, 32277 MiB, 143771 MiB
2026/08/06 01:14:47.774, NVIDIA H200, 49, 34 %, 16 %, 32277 MiB, 143771 MiB
2026/08/06 01:14:50.775, NVIDIA H200, 49, 99 %, 44 %, 32277 MiB, 143771 MiB
2026/08/06 01:14:53.775, NVIDIA H200, 35, 0 %, 0 %, 32277 MiB, 143771 MiB
2026/08/06 01:14:56.775, NVIDIA H200, 41, 0 %, 0 %, 32277 MiB, 143771 MiB
2026/08/06 01:14:59.776, NVIDIA H200, 32, 0 %, 0 %, 32277 MiB, 143771 MiB
2026/08/06 01:15:02.777, NVIDIA H200, 41, 0 %, 0 %, 32277 MiB, 143771 MiB
2026/08/06 01:15:05.778, NVIDIA H200, 40, 71 %, 32 %, 32277 MiB, 143771 MiB
2026/08/06 01:15:08.778, NVIDIA H200, 43, 52 %, 26 %, 32277 MiB, 143771 MiB
2026/08/06 01:15:11.779, NVIDIA H200, 34, 0 %, 0 %, 32277 MiB, 143771 MiB
2026/08/06 01:15:14.779, NVIDIA H200, 30, 0 %, 0 %, 32277 MiB, 143771 MiB
2026/08/06 01:15:17.780, NVIDIA H200, 50, 98 %, 38 %, 32277 MiB, 143771 MiB
2026/08/06 01:15:20.780, NVIDIA H200, 45, 77 %, 41 %, 32277 MiB, 143771 MiB
2026/08/06 01:15:23.781, NVIDIA H200, 43, 43 %, 18 %, 32277 MiB, 143771 MiB
2026/08/06 01:15:26.781, NVIDIA H200, 41, 0 %, 0 %, 32277 MiB, 143771 MiB
2026/08/06 01:15:29.781, NVIDIA H200, 47, 99 %, 44 %, 32277 MiB, 143771 MiB
2026/08/06 01:15:32.782, NVIDIA H200, 46, 100 %, 42 %, 32277 MiB, 143771 MiB
2026/08/06 01:15:35.782, NVIDIA H200, 33, 0 %, 0 %, 32277 MiB, 143771 MiB
2026/08/06 01:15:38.783, NVIDIA H200, 35, 0 %, 0 %, 32277 MiB, 143771 MiB
2026/08/06 01:15:41.783, NVIDIA H200, 36, 0 %, 0 %, 32277 MiB, 143771 MiB
2026/08/06 01:15:44.784, NVIDIA H200, 48, 100 %, 39 %, 32277 MiB, 143771 MiB
2026/08/06 01:15:47.784, NVIDIA H200, 32, 0 %, 0 %, 32277 MiB, 143771 MiB
2026/08/06 01:15:50.785, NVIDIA H200, 36, 0 %, 0 %, 32277 MiB, 143771 MiB
2026/08/06 01:15:53.785, NVIDIA H200, 48, 99 %, 43 %, 32277 MiB, 143771 MiB
2026/08/06 01:15:56.786, NVIDIA H200, 35, 0 %, 0 %, 32277 MiB, 143771 MiB
2026/08/06 01:15:59.786, NVIDIA H200, 49, 99 %, 42 %, 32277 MiB, 143771 MiB
2026/08/06 01:16:02.789, NVIDIA H200, 46, 25 %, 9 %, 32277 MiB, 143771 MiB
2026/08/06 01:16:05.790, NVIDIA H200, 33, 0 %, 0 %, 32277 MiB, 143771 MiB
2026/08/06 01:16:08.790, NVIDIA H200, 39, 99 %, 47 %, 32277 MiB, 143771 MiB
2026/08/06 01:16:11.791, NVIDIA H200, 48, 97 %, 41 %, 32277 MiB, 143771 MiB
2026/08/06 01:16:14.791, NVIDIA H200, 45, 99 %, 50 %, 32277 MiB, 143771 MiB
2026/08/06 01:16:17.792, NVIDIA H200, 32, 0 %, 0 %, 32277 MiB, 143771 MiB
2026/08/06 01:16:20.792, NVIDIA H200, 37, 0 %, 0 %, 32277 MiB, 143771 MiB
2026/08/06 01:16:23.792, NVIDIA H200, 38, 0 %, 0 %, 32277 MiB, 143771 MiB
2026/08/06 01:16:26.793, NVIDIA H200, 31, 0 %, 0 %, 32277 MiB, 143771 MiB
2026/08/06 01:16:29.793, NVIDIA H200, 34, 0 %, 0 %, 32277 MiB, 143771 MiB
2026/08/06 01:16:32.794, NVIDIA H200, 39, 0 %, 0 %, 32277 MiB, 143771 MiB
2026/08/06 01:16:35.795, NVIDIA H200, 31, 0 %, 0 %, 32277 MiB, 143771 MiB
2026/08/06 01:16:38.795, NVIDIA H200, 33, 0 %, 0 %, 32277 MiB, 143771 MiB
2026/08/06 01:16:41.796, NVIDIA H200, 35, 0 %, 0 %, 32277 MiB, 143771 MiB
2026/08/06 01:16:44.796, NVIDIA H200, 50, 98 %, 39 %, 32277 MiB, 143771 MiB
2026/08/06 01:16:47.796, NVIDIA H200, 49, 100 %, 38 %, 32277 MiB, 143771 MiB
2026/08/06 01:16:50.797, NVIDIA H200, 35, 0 %, 0 %, 32277 MiB, 143771 MiB
2026/08/06 01:16:53.797, NVIDIA H200, 46, 99 %, 41 %, 32277 MiB, 143771 MiB
2026/08/06 01:16:56.798, NVIDIA H200, 49, 98 %, 42 %, 32277 MiB, 143771 MiB
2026/08/06 01:16:59.798, NVIDIA H200, 46, 99 %, 38 %, 32277 MiB, 143771 MiB
2026/08/06 01:17:02.799, NVIDIA H200, 33, 0 %, 0 %, 32277 MiB, 143771 MiB
2026/08/06 01:17:05.799, NVIDIA H200, 37, 0 %, 0 %, 32277 MiB, 143771 MiB
2026/08/06 01:17:08.800, NVIDIA H200, 49, 98 %, 47 %, 32277 MiB, 143771 MiB
2026/08/06 01:17:11.801, NVIDIA H200, 41, 98 %, 48 %, 32277 MiB, 143771 MiB
2026/08/06 01:17:14.801, NVIDIA H200, 35, 0 %, 0 %, 32277 MiB, 143771 MiB
2026/08/06 01:17:17.802, NVIDIA H200, 34, 0 %, 0 %, 32277 MiB, 143771 MiB
2026/08/06 01:17:20.802, NVIDIA H200, 48, 100 %, 47 %, 32277 MiB, 143771 MiB
2026/08/06 01:17:23.827, NVIDIA H200, 32, 0 %, 0 %, 32277 MiB, 143771 MiB
2026/08/06 01:17:26.827, NVIDIA H200, 45, 100 %, 39 %, 32277 MiB, 143771 MiB
2026/08/06 01:17:29.827, NVIDIA H200, 49, 99 %, 46 %, 32277 MiB, 143771 MiB
2026/08/06 01:17:32.828, NVIDIA H200, 47, 100 %, 38 %, 32277 MiB, 143771 MiB
2026/08/06 01:17:35.828, NVIDIA H200, 33, 0 %, 0 %, 32277 MiB, 143771 MiB
2026/08/06 01:17:38.829, NVIDIA H200, 34, 0 %, 0 %, 32277 MiB, 143771 MiB
2026/08/06 01:17:41.829, NVIDIA H200, 49, 99 %, 48 %, 32277 MiB, 143771 MiB
2026/08/06 01:17:44.830, NVIDIA H200, 46, 99 %, 48 %, 32277 MiB, 143771 MiB
2026/08/06 01:17:47.830, NVIDIA H200, 45, 98 %, 41 %, 32277 MiB, 143771 MiB
2026/08/06 01:17:50.831, NVIDIA H200, 33, 0 %, 0 %, 32277 MiB, 143771 MiB
2026/08/06 01:17:53.831, NVIDIA H200, 48, 100 %, 47 %, 32277 MiB, 143771 MiB
2026/08/06 01:17:56.831, NVIDIA H200, 46, 100 %, 39 %, 32277 MiB, 143771 MiB
2026/08/06 01:17:59.832, NVIDIA H200, 32, 0 %, 0 %, 32277 MiB, 143771 MiB
2026/08/06 01:18:02.832, NVIDIA H200, 36, 0 %, 0 %, 32277 MiB, 143771 MiB
2026/08/06 01:18:05.833, NVIDIA H200, 49, 100 %, 43 %, 32277 MiB, 143771 MiB
2026/08/06 01:18:08.833, NVIDIA H200, 45, 99 %, 42 %, 32277 MiB, 143771 MiB
2026/08/06 01:18:11.834, NVIDIA H200, 33, 0 %, 0 %, 32277 MiB, 143771 MiB
2026/08/06 01:18:14.837, NVIDIA H200, 51, 99 %, 41 %, 32277 MiB, 143771 MiB
2026/08/06 01:18:17.838, NVIDIA H200, 49, 99 %, 42 %, 32277 MiB, 143771 MiB
2026/08/06 01:18:20.838, NVIDIA H200, 32, 0 %, 0 %, 32277 MiB, 143771 MiB
2026/08/06 01:18:23.839, NVIDIA H200, 34, 0 %, 0 %, 32277 MiB, 143771 MiB
2026/08/06 01:18:26.839, NVIDIA H200, 35, 0 %, 0 %, 32277 MiB, 143771 MiB
2026/08/06 01:18:29.840, NVIDIA H200, 32, 0 %, 0 %, 32277 MiB, 143771 MiB
2026/08/06 01:18:32.840, NVIDIA H200, 39, 42 %, 21 %, 32277 MiB, 143771 MiB
2026/08/06 01:18:35.841, NVIDIA H200, 42, 24 %, 9 %, 32277 MiB, 143771 MiB
2026/08/06 01:18:38.841, NVIDIA H200, 40, 70 %, 31 %, 32277 MiB, 143771 MiB
2026/08/06 01:18:41.841, NVIDIA H200, 36, 8 %, 4 %, 32277 MiB, 143771 MiB
2026/08/06 01:18:44.842, NVIDIA H200, 31, 0 %, 0 %, 32277 MiB, 143771 MiB
2026/08/06 01:18:47.843, NVIDIA H200, 48, 95 %, 40 %, 32277 MiB, 143771 MiB
2026/08/06 01:18:50.843, NVIDIA H200, 32, 0 %, 0 %, 32277 MiB, 143771 MiB
2026/08/06 01:18:53.844, NVIDIA H200, 36, 0 %, 0 %, 32277 MiB, 143771 MiB
2026/08/06 01:18:56.844, NVIDIA H200, 47, 99 %, 49 %, 32277 MiB, 143771 MiB
2026/08/06 01:18:59.845, NVIDIA H200, 32, 0 %, 0 %, 32277 MiB, 143771 MiB
2026/08/06 01:19:02.845, NVIDIA H200, 35, 0 %, 0 %, 32277 MiB, 143771 MiB
2026/08/06 01:19:05.846, NVIDIA H200, 51, 99 %, 38 %, 32277 MiB, 143771 MiB
2026/08/06 01:19:08.846, NVIDIA H200, 50, 99 %, 43 %, 32277 MiB, 143771 MiB
2026/08/06 01:19:11.847, NVIDIA H200, 48, 99 %, 41 %, 32277 MiB, 143771 MiB
2026/08/06 01:19:14.847, NVIDIA H200, 32, 0 %, 0 %, 32277 MiB, 143771 MiB
2026/08/06 01:19:17.848, NVIDIA H200, 41, 32 %, 14 %, 32277 MiB, 143771 MiB
2026/08/06 01:19:20.848, NVIDIA H200, 48, 98 %, 46 %, 32277 MiB, 143771 MiB
2026/08/06 01:19:23.849, NVIDIA H200, 47, 100 %, 42 %, 32277 MiB, 143771 MiB
2026/08/06 01:19:26.849, NVIDIA H200, 43, 98 %, 42 %, 32277 MiB, 143771 MiB
2026/08/06 01:19:29.850, NVIDIA H200, 35, 0 %, 0 %, 32277 MiB, 143771 MiB
2026/08/06 01:19:32.850, NVIDIA H200, 42, 48 %, 20 %, 32277 MiB, 143771 MiB
2026/08/06 01:19:35.851, NVIDIA H200, 32, 0 %, 0 %, 32277 MiB, 143771 MiB
2026/08/06 01:19:38.851, NVIDIA H200, 36, 0 %, 0 %, 32277 MiB, 143771 MiB
2026/08/06 01:19:41.851, NVIDIA H200, 43, 100 %, 40 %, 32277 MiB, 143771 MiB
2026/08/06 01:19:44.852, NVIDIA H200, 34, 0 %, 0 %, 32277 MiB, 143771 MiB
2026/08/06 01:19:47.853, NVIDIA H200, 49, 99 %, 40 %, 32277 MiB, 143771 MiB
2026/08/06 01:19:50.853, NVIDIA H200, 47, 99 %, 44 %, 32277 MiB, 143771 MiB
2026/08/06 01:19:53.853, NVIDIA H200, 32, 0 %, 0 %, 32277 MiB, 143771 MiB
2026/08/06 01:19:56.854, NVIDIA H200, 50, 98 %, 44 %, 32277 MiB, 143771 MiB
2026/08/06 01:19:59.855, NVIDIA H200, 50, 99 %, 38 %, 32277 MiB, 143771 MiB
2026/08/06 01:20:02.855, NVIDIA H200, 35, 0 %, 0 %, 32277 MiB, 143771 MiB
2026/08/06 01:20:05.856, NVIDIA H200, 33, 0 %, 0 %, 32277 MiB, 143771 MiB
2026/08/06 01:20:08.856, NVIDIA H200, 36, 0 %, 0 %, 32277 MiB, 143771 MiB
2026/08/06 01:20:11.856, NVIDIA H200, 47, 100 %, 39 %, 32277 MiB, 143771 MiB
2026/08/06 01:20:14.857, NVIDIA H200, 33, 0 %, 0 %, 32277 MiB, 143771 MiB
2026/08/06 01:20:17.857, NVIDIA H200, 35, 0 %, 0 %, 32277 MiB, 143771 MiB
2026/08/06 01:20:20.858, NVIDIA H200, 50, 99 %, 38 %, 32277 MiB, 143771 MiB
2026/08/06 01:20:23.859, NVIDIA H200, 43, 100 %, 42 %, 32277 MiB, 143771 MiB
2026/08/06 01:20:26.859, NVIDIA H200, 36, 0 %, 0 %, 32277 MiB, 143771 MiB
2026/08/06 01:20:29.860, NVIDIA H200, 43, 66 %, 31 %, 32277 MiB, 143771 MiB
2026/08/06 01:20:32.860, NVIDIA H200, 38, 0 %, 0 %, 32277 MiB, 143771 MiB
2026/08/06 01:20:35.860, NVIDIA H200, 48, 99 %, 41 %, 32277 MiB, 143771 MiB
2026/08/06 01:20:38.861, NVIDIA H200, 32, 0 %, 0 %, 32277 MiB, 143771 MiB
2026/08/06 01:20:41.862, NVIDIA H200, 38, 0 %, 0 %, 32277 MiB, 143771 MiB
2026/08/06 01:20:44.862, NVIDIA H200, 36, 0 %, 0 %, 32277 MiB, 143771 MiB
2026/08/06 01:20:47.863, NVIDIA H200, 48, 99 %, 40 %, 32277 MiB, 143771 MiB
2026/08/06 01:20:50.863, NVIDIA H200, 47, 91 %, 47 %, 32277 MiB, 143771 MiB
2026/08/06 01:20:53.863, NVIDIA H200, 32, 0 %, 0 %, 32277 MiB, 143771 MiB
2026/08/06 01:20:56.864, NVIDIA H200, 43, 78 %, 33 %, 32277 MiB, 143771 MiB
2026/08/06 01:20:59.864, NVIDIA H200, 48, 93 %, 42 %, 32277 MiB, 143771 MiB
2026/08/06 01:21:02.865, NVIDIA H200, 47, 100 %, 39 %, 32277 MiB, 143771 MiB
2026/08/06 01:21:05.865, NVIDIA H200, 46, 99 %, 47 %, 32277 MiB, 143771 MiB
2026/08/06 01:21:08.866, NVIDIA H200, 35, 0 %, 0 %, 32277 MiB, 143771 MiB
2026/08/06 01:21:11.866, NVIDIA H200, 46, 100 %, 45 %, 32277 MiB, 143771 MiB
2026/08/06 01:21:14.867, NVIDIA H200, 51, 99 %, 39 %, 32277 MiB, 143771 MiB
2026/08/06 01:21:17.867, NVIDIA H200, 47, 99 %, 38 %, 32277 MiB, 143771 MiB
2026/08/06 01:21:20.868, NVIDIA H200, 32, 0 %, 0 %, 32277 MiB, 143771 MiB
2026/08/06 01:21:23.868, NVIDIA H200, 49, 100 %, 40 %, 32277 MiB, 143771 MiB
2026/08/06 01:21:26.868, NVIDIA H200, 33, 0 %, 0 %, 32277 MiB, 143771 MiB
2026/08/06 01:21:29.869, NVIDIA H200, 36, 0 %, 0 %, 32277 MiB, 143771 MiB
2026/08/06 01:21:32.869, NVIDIA H200, 35, 0 %, 0 %, 32277 MiB, 143771 MiB
2026/08/06 01:21:35.870, NVIDIA H200, 44, 100 %, 42 %, 32277 MiB, 143771 MiB
2026/08/06 01:21:38.870, NVIDIA H200, 37, 0 %, 0 %, 32277 MiB, 143771 MiB
2026/08/06 01:21:41.871, NVIDIA H200, 45, 99 %, 42 %, 32277 MiB, 143771 MiB
2026/08/06 01:21:44.871, NVIDIA H200, 40, 0 %, 0 %, 32277 MiB, 143771 MiB
2026/08/06 01:21:47.871, NVIDIA H200, 40, 99 %, 49 %, 32277 MiB, 143771 MiB
2026/08/06 01:21:50.872, NVIDIA H200, 40, 0 %, 0 %, 32277 MiB, 143771 MiB
2026/08/06 01:21:53.872, NVIDIA H200, 47, 100 %, 41 %, 32277 MiB, 143771 MiB
2026/08/06 01:21:56.873, NVIDIA H200, 43, 100 %, 39 %, 32277 MiB, 143771 MiB
2026/08/06 01:21:59.874, NVIDIA H200, 43, 32 %, 16 %, 32277 MiB, 143771 MiB
2026/08/06 01:22:02.874, NVIDIA H200, 40, 22 %, 8 %, 32277 MiB, 143771 MiB
2026/08/06 01:22:05.875, NVIDIA H200, 38, 49 %, 21 %, 32277 MiB, 143771 MiB
2026/08/06 01:22:08.875, NVIDIA H200, 43, 34 %, 17 %, 32277 MiB, 143771 MiB
2026/08/06 01:22:11.876, NVIDIA H200, 32, 0 %, 0 %, 32277 MiB, 143771 MiB
2026/08/06 01:22:14.876, NVIDIA H200, 36, 0 %, 0 %, 32277 MiB, 143771 MiB
2026/08/06 01:22:17.877, NVIDIA H200, 33, 0 %, 0 %, 32277 MiB, 143771 MiB
2026/08/06 01:22:20.877, NVIDIA H200, 50, 99 %, 42 %, 32277 MiB, 143771 MiB
2026/08/06 01:22:23.878, NVIDIA H200, 48, 99 %, 47 %, 32277 MiB, 143771 MiB
2026/08/06 01:22:26.878, NVIDIA H200, 32, 0 %, 0 %, 32277 MiB, 143771 MiB
2026/08/06 01:22:29.879, NVIDIA H200, 33, 0 %, 0 %, 32277 MiB, 143771 MiB
2026/08/06 01:22:32.879, NVIDIA H200, 49, 99 %, 47 %, 32277 MiB, 143771 MiB
2026/08/06 01:22:35.880, NVIDIA H200, 45, 97 %, 48 %, 32277 MiB, 143771 MiB
2026/08/06 01:22:38.880, NVIDIA H200, 32, 0 %, 0 %, 32277 MiB, 143771 MiB
2026/08/06 01:22:41.880, NVIDIA H200, 41, 32 %, 13 %, 32277 MiB, 143771 MiB
2026/08/06 01:22:44.881, NVIDIA H200, 49, 99 %, 49 %, 32277 MiB, 143771 MiB
2026/08/06 01:22:47.881, NVIDIA H200, 33, 0 %, 0 %, 32277 MiB, 143771 MiB
2026/08/06 01:22:50.882, NVIDIA H200, 34, 0 %, 0 %, 32277 MiB, 143771 MiB
2026/08/06 01:22:53.882, NVIDIA H200, 38, 0 %, 0 %, 32277 MiB, 143771 MiB
2026/08/06 01:22:56.883, NVIDIA H200, 47, 99 %, 43 %, 32277 MiB, 143771 MiB
2026/08/06 01:22:59.883, NVIDIA H200, 43, 100 %, 40 %, 32277 MiB, 143771 MiB
2026/08/06 01:23:02.883, NVIDIA H200, 32, 0 %, 0 %, 32277 MiB, 143771 MiB
2026/08/06 01:23:05.884, NVIDIA H200, 35, 0 %, 0 %, 32277 MiB, 143771 MiB
2026/08/06 01:23:08.885, NVIDIA H200, 40, 0 %, 0 %, 32277 MiB, 143771 MiB
2026/08/06 01:23:11.885, NVIDIA H200, 52, 99 %, 38 %, 32277 MiB, 143771 MiB
2026/08/06 01:23:14.886, NVIDIA H200, 38, 38 %, 15 %, 32277 MiB, 143771 MiB
2026/08/06 01:23:17.886, NVIDIA H200, 33, 0 %, 0 %, 32277 MiB, 143771 MiB
2026/08/06 01:23:20.887, NVIDIA H200, 50, 99 %, 43 %, 32277 MiB, 143771 MiB
2026/08/06 01:23:23.887, NVIDIA H200, 48, 99 %, 45 %, 32277 MiB, 143771 MiB
2026/08/06 01:23:26.888, NVIDIA H200, 49, 98 %, 45 %, 32277 MiB, 143771 MiB
2026/08/06 01:23:29.889, NVIDIA H200, 45, 99 %, 41 %, 32277 MiB, 143771 MiB
2026/08/06 01:23:32.889, NVIDIA H200, 33, 0 %, 0 %, 32277 MiB, 143771 MiB
2026/08/06 01:23:35.890, NVIDIA H200, 49, 98 %, 48 %, 32277 MiB, 143771 MiB
2026/08/06 01:23:38.890, NVIDIA H200, 49, 100 %, 41 %, 32277 MiB, 143771 MiB
2026/08/06 01:23:41.890, NVIDIA H200, 42, 100 %, 43 %, 32277 MiB, 143771 MiB
2026/08/06 01:23:44.891, NVIDIA H200, 34, 0 %, 0 %, 32277 MiB, 143771 MiB
2026/08/06 01:23:47.891, NVIDIA H200, 48, 99 %, 41 %, 32277 MiB, 143771 MiB
2026/08/06 01:23:50.892, NVIDIA H200, 49, 100 %, 39 %, 32277 MiB, 143771 MiB
2026/08/06 01:23:53.892, NVIDIA H200, 39, 52 %, 23 %, 32277 MiB, 143771 MiB
2026/08/06 01:23:56.893, NVIDIA H200, 34, 0 %, 0 %, 32277 MiB, 143771 MiB
2026/08/06 01:23:59.893, NVIDIA H200, 49, 98 %, 45 %, 32277 MiB, 143771 MiB
2026/08/06 01:24:02.893, NVIDIA H200, 47, 99 %, 42 %, 32277 MiB, 143771 MiB
2026/08/06 01:24:05.894, NVIDIA H200, 32, 0 %, 0 %, 32277 MiB, 143771 MiB
2026/08/06 01:24:08.894, NVIDIA H200, 34, 0 %, 0 %, 32277 MiB, 143771 MiB
2026/08/06 01:24:11.895, NVIDIA H200, 46, 100 %, 42 %, 32277 MiB, 143771 MiB
2026/08/06 01:24:14.895, NVIDIA H200, 32, 0 %, 0 %, 32277 MiB, 143771 MiB
2026/08/06 01:24:17.896, NVIDIA H200, 35, 0 %, 0 %, 32277 MiB, 143771 MiB
2026/08/06 01:24:20.896, NVIDIA H200, 47, 100 %, 42 %, 32277 MiB, 143771 MiB
2026/08/06 01:24:23.896, NVIDIA H200, 42, 56 %, 26 %, 32277 MiB, 143771 MiB
2026/08/06 01:24:26.897, NVIDIA H200, 44, 100 %, 42 %, 32277 MiB, 143771 MiB
2026/08/06 01:24:29.897, NVIDIA H200, 33, 0 %, 0 %, 32277 MiB, 143771 MiB
2026/08/06 01:24:32.898, NVIDIA H200, 41, 23 %, 9 %, 32277 MiB, 143771 MiB
2026/08/06 01:24:35.898, NVIDIA H200, 48, 99 %, 43 %, 32277 MiB, 143771 MiB
2026/08/06 01:24:38.899, NVIDIA H200, 32, 0 %, 0 %, 32277 MiB, 143771 MiB
2026/08/06 01:24:41.899, NVIDIA H200, 34, 0 %, 0 %, 32277 MiB, 143771 MiB
2026/08/06 01:24:44.900, NVIDIA H200, 50, 100 %, 37 %, 32277 MiB, 143771 MiB
2026/08/06 01:24:47.900, NVIDIA H200, 48, 79 %, 41 %, 32277 MiB, 143771 MiB
2026/08/06 01:24:50.901, NVIDIA H200, 40, 84 %, 39 %, 32277 MiB, 143771 MiB
2026/08/06 01:24:53.901, NVIDIA H200, 33, 0 %, 0 %, 32277 MiB, 143771 MiB
2026/08/06 01:24:56.902, NVIDIA H200, 50, 99 %, 50 %, 32277 MiB, 143771 MiB
2026/08/06 01:24:59.902, NVIDIA H200, 50, 99 %, 45 %, 32277 MiB, 143771 MiB
2026/08/06 01:25:02.902, NVIDIA H200, 43, 100 %, 40 %, 32277 MiB, 143771 MiB
2026/08/06 01:25:05.903, NVIDIA H200, 33, 0 %, 0 %, 32277 MiB, 143771 MiB
2026/08/06 01:25:08.903, NVIDIA H200, 39, 0 %, 0 %, 32277 MiB, 143771 MiB
2026/08/06 01:25:11.904, NVIDIA H200, 48, 99 %, 43 %, 32277 MiB, 143771 MiB
2026/08/06 01:25:14.904, NVIDIA H200, 32, 0 %, 0 %, 32277 MiB, 143771 MiB
2026/08/06 01:25:17.905, NVIDIA H200, 35, 0 %, 0 %, 32277 MiB, 143771 MiB
2026/08/06 01:25:20.905, NVIDIA H200, 48, 89 %, 44 %, 32277 MiB, 143771 MiB
2026/08/06 01:25:23.905, NVIDIA H200, 48, 99 %, 42 %, 32277 MiB, 143771 MiB
2026/08/06 01:25:26.906, NVIDIA H200, 47, 99 %, 39 %, 32277 MiB, 143771 MiB
2026/08/06 01:25:29.907, NVIDIA H200, 34, 0 %, 0 %, 32277 MiB, 143771 MiB
2026/08/06 01:25:32.907, NVIDIA H200, 43, 25 %, 7 %, 32277 MiB, 143771 MiB
2026/08/06 01:25:35.907, NVIDIA H200, 37, 43 %, 22 %, 32277 MiB, 143771 MiB
2026/08/06 01:25:38.908, NVIDIA H200, 38, 60 %, 30 %, 32277 MiB, 143771 MiB
2026/08/06 01:25:41.908, NVIDIA H200, 33, 0 %, 0 %, 32277 MiB, 143771 MiB
2026/08/06 01:25:44.909, NVIDIA H200, 31, 0 %, 0 %, 32277 MiB, 143771 MiB
2026/08/06 01:25:47.909, NVIDIA H200, 30, 0 %, 0 %, 32277 MiB, 143771 MiB
2026/08/06 01:25:50.910, NVIDIA H200, 30, 0 %, 0 %, 32277 MiB, 143771 MiB
2026/08/06 01:25:53.910, NVIDIA H200, 33, 0 %, 0 %, 32277 MiB, 143771 MiB
2026/08/06 01:25:56.911, NVIDIA H200, 49, 99 %, 48 %, 32277 MiB, 143771 MiB
2026/08/06 01:25:59.911, NVIDIA H200, 46, 96 %, 40 %, 32277 MiB, 143771 MiB
2026/08/06 01:26:02.912, NVIDIA H200, 32, 0 %, 0 %, 32277 MiB, 143771 MiB
2026/08/06 01:26:05.912, NVIDIA H200, 35, 0 %, 0 %, 32277 MiB, 143771 MiB
2026/08/06 01:26:08.913, NVIDIA H200, 49, 99 %, 49 %, 32277 MiB, 143771 MiB
2026/08/06 01:26:11.913, NVIDIA H200, 41, 99 %, 44 %, 32277 MiB, 143771 MiB
2026/08/06 01:26:14.913, NVIDIA H200, 32, 0 %, 0 %, 32277 MiB, 143771 MiB
2026/08/06 01:26:17.914, NVIDIA H200, 38, 0 %, 0 %, 32277 MiB, 143771 MiB
2026/08/06 01:26:20.914, NVIDIA H200, 47, 99 %, 38 %, 32277 MiB, 143771 MiB
2026/08/06 01:26:23.915, NVIDIA H200, 32, 0 %, 0 %, 32277 MiB, 143771 MiB
2026/08/06 01:26:26.915, NVIDIA H200, 36, 0 %, 0 %, 32277 MiB, 143771 MiB
2026/08/06 01:26:29.916, NVIDIA H200, 49, 100 %, 39 %, 32277 MiB, 143771 MiB
2026/08/06 01:26:32.916, NVIDIA H200, 45, 99 %, 38 %, 32277 MiB, 143771 MiB
2026/08/06 01:26:35.917, NVIDIA H200, 32, 0 %, 0 %, 32277 MiB, 143771 MiB
2026/08/06 01:26:38.917, NVIDIA H200, 34, 0 %, 0 %, 32277 MiB, 143771 MiB
2026/08/06 01:26:41.918, NVIDIA H200, 35, 0 %, 0 %, 32277 MiB, 143771 MiB
2026/08/06 01:26:44.918, NVIDIA H200, 47, 98 %, 43 %, 32277 MiB, 143771 MiB
2026/08/06 01:26:47.919, NVIDIA H200, 43, 98 %, 46 %, 32277 MiB, 143771 MiB
2026/08/06 01:26:50.919, NVIDIA H200, 33, 0 %, 0 %, 32277 MiB, 143771 MiB
2026/08/06 01:26:53.919, NVIDIA H200, 39, 0 %, 0 %, 32277 MiB, 143771 MiB
2026/08/06 01:26:56.920, NVIDIA H200, 48, 100 %, 39 %, 32277 MiB, 143771 MiB
2026/08/06 01:26:59.920, NVIDIA H200, 36, 0 %, 0 %, 32277 MiB, 143771 MiB
2026/08/06 01:27:02.921, NVIDIA H200, 34, 0 %, 0 %, 32277 MiB, 143771 MiB
2026/08/06 01:27:05.921, NVIDIA H200, 49, 99 %, 46 %, 32277 MiB, 143771 MiB
2026/08/06 01:27:08.922, NVIDIA H200, 50, 100 %, 43 %, 32277 MiB, 143771 MiB
2026/08/06 01:27:11.922, NVIDIA H200, 49, 98 %, 41 %, 32277 MiB, 143771 MiB
2026/08/06 01:27:14.923, NVIDIA H200, 32, 0 %, 0 %, 32277 MiB, 143771 MiB
2026/08/06 01:27:17.923, NVIDIA H200, 35, 0 %, 0 %, 32277 MiB, 143771 MiB
2026/08/06 01:27:20.924, NVIDIA H200, 46, 100 %, 41 %, 32277 MiB, 143771 MiB
2026/08/06 01:27:23.936, NVIDIA H200, 38, 56 %, 25 %, 32277 MiB, 143771 MiB
2026/08/06 01:27:26.936, NVIDIA H200, 33, 0 %, 0 %, 32277 MiB, 143771 MiB
2026/08/06 01:27:29.937, NVIDIA H200, 42, 76 %, 32 %, 32277 MiB, 143771 MiB
2026/08/06 01:27:32.937, NVIDIA H200, 48, 98 %, 48 %, 32277 MiB, 143771 MiB
2026/08/06 01:27:35.938, NVIDIA H200, 45, 99 %, 41 %, 32277 MiB, 143771 MiB
2026/08/06 01:27:38.938, NVIDIA H200, 33, 0 %, 0 %, 32277 MiB, 143771 MiB
2026/08/06 01:27:41.939, NVIDIA H200, 33, 0 %, 0 %, 32277 MiB, 143771 MiB
2026/08/06 01:27:44.939, NVIDIA H200, 50, 98 %, 39 %, 32277 MiB, 143771 MiB
2026/08/06 01:27:47.940, NVIDIA H200, 48, 98 %, 43 %, 32277 MiB, 143771 MiB
2026/08/06 01:27:50.940, NVIDIA H200, 36, 0 %, 0 %, 32277 MiB, 143771 MiB
2026/08/06 01:27:53.941, NVIDIA H200, 34, 0 %, 0 %, 32277 MiB, 143771 MiB
2026/08/06 01:27:56.941, NVIDIA H200, 34, 0 %, 0 %, 32277 MiB, 143771 MiB
2026/08/06 01:27:59.942, NVIDIA H200, 49, 95 %, 41 %, 32277 MiB, 143771 MiB
2026/08/06 01:28:02.942, NVIDIA H200, 46, 99 %, 44 %, 32277 MiB, 143771 MiB
2026/08/06 01:28:05.943, NVIDIA H200, 33, 0 %, 0 %, 32277 MiB, 143771 MiB
2026/08/06 01:28:08.943, NVIDIA H200, 34, 0 %, 0 %, 32277 MiB, 143771 MiB
2026/08/06 01:28:11.943, NVIDIA H200, 47, 52 %, 22 %, 32277 MiB, 143771 MiB
2026/08/06 01:28:14.944, NVIDIA H200, 48, 98 %, 39 %, 32277 MiB, 143771 MiB
2026/08/06 01:28:17.944, NVIDIA H200, 32, 0 %, 0 %, 32277 MiB, 143771 MiB
2026/08/06 01:28:20.945, NVIDIA H200, 34, 0 %, 0 %, 32277 MiB, 143771 MiB
2026/08/06 01:28:23.945, NVIDIA H200, 49, 100 %, 41 %, 32277 MiB, 143771 MiB
2026/08/06 01:28:26.946, NVIDIA H200, 36, 7 %, 3 %, 32277 MiB, 143771 MiB
2026/08/06 01:28:29.946, NVIDIA H200, 34, 0 %, 0 %, 32277 MiB, 143771 MiB
2026/08/06 01:28:32.947, NVIDIA H200, 50, 98 %, 39 %, 32277 MiB, 143771 MiB
2026/08/06 01:28:35.947, NVIDIA H200, 48, 98 %, 40 %, 32277 MiB, 143771 MiB
2026/08/06 01:28:38.948, NVIDIA H200, 33, 0 %, 0 %, 32277 MiB, 143771 MiB
2026/08/06 01:28:41.948, NVIDIA H200, 50, 100 %, 37 %, 32277 MiB, 143771 MiB
2026/08/06 01:28:44.949, NVIDIA H200, 32, 0 %, 0 %, 32277 MiB, 143771 MiB
2026/08/06 01:28:47.949, NVIDIA H200, 35, 0 %, 0 %, 32277 MiB, 143771 MiB
2026/08/06 01:28:50.949, NVIDIA H200, 48, 84 %, 44 %, 32277 MiB, 143771 MiB
2026/08/06 01:28:53.950, NVIDIA H200, 30, 0 %, 0 %, 32277 MiB, 143771 MiB
2026/08/06 01:28:56.950, NVIDIA H200, 33, 0 %, 0 %, 32277 MiB, 143771 MiB
2026/08/06 01:28:59.951, NVIDIA H200, 34, 0 %, 0 %, 32277 MiB, 143771 MiB
2026/08/06 01:29:02.951, NVIDIA H200, 48, 99 %, 44 %, 32277 MiB, 143771 MiB
2026/08/06 01:29:05.952, NVIDIA H200, 33, 0 %, 0 %, 32277 MiB, 143771 MiB
2026/08/06 01:29:08.952, NVIDIA H200, 41, 99 %, 46 %, 32277 MiB, 143771 MiB
2026/08/06 01:29:11.953, NVIDIA H200, 42, 82 %, 38 %, 32277 MiB, 143771 MiB
2026/08/06 01:29:14.953, NVIDIA H200, 44, 84 %, 38 %, 32277 MiB, 143771 MiB
2026/08/06 01:29:17.954, NVIDIA H200, 41, 41 %, 16 %, 32277 MiB, 143771 MiB
2026/08/06 01:29:20.954, NVIDIA H200, 31, 0 %, 0 %, 32277 MiB, 143771 MiB
2026/08/06 01:29:23.955, NVIDIA H200, 44, 100 %, 40 %, 32277 MiB, 143771 MiB
2026/08/06 01:29:26.955, NVIDIA H200, 32, 0 %, 0 %, 32277 MiB, 143771 MiB
2026/08/06 01:29:29.956, NVIDIA H200, 35, 0 %, 0 %, 32277 MiB, 143771 MiB
2026/08/06 01:29:32.956, NVIDIA H200, 47, 100 %, 42 %, 32277 MiB, 143771 MiB
2026/08/06 01:29:35.957, NVIDIA H200, 31, 0 %, 0 %, 32277 MiB, 143771 MiB
2026/08/06 01:29:38.957, NVIDIA H200, 34, 0 %, 0 %, 32277 MiB, 143771 MiB
2026/08/06 01:29:41.958, NVIDIA H200, 49, 100 %, 39 %, 32277 MiB, 143771 MiB
2026/08/06 01:29:44.958, NVIDIA H200, 45, 98 %, 43 %, 32277 MiB, 143771 MiB
2026/08/06 01:29:47.959, NVIDIA H200, 32, 0 %, 0 %, 32277 MiB, 143771 MiB
2026/08/06 01:29:50.959, NVIDIA H200, 34, 0 %, 0 %, 32277 MiB, 143771 MiB
2026/08/06 01:29:53.960, NVIDIA H200, 41, 100 %, 40 %, 32277 MiB, 143771 MiB
2026/08/06 01:29:56.960, NVIDIA H200, 49, 99 %, 39 %, 32277 MiB, 143771 MiB
2026/08/06 01:29:59.961, NVIDIA H200, 33, 0 %, 0 %, 32277 MiB, 143771 MiB
2026/08/06 01:30:02.961, NVIDIA H200, 34, 0 %, 0 %, 32277 MiB, 143771 MiB
2026/08/06 01:30:05.962, NVIDIA H200, 46, 100 %, 45 %, 32277 MiB, 143771 MiB
2026/08/06 01:30:08.962, NVIDIA H200, 32, 0 %, 0 %, 32277 MiB, 143771 MiB
2026/08/06 01:30:11.963, NVIDIA H200, 34, 0 %, 0 %, 32277 MiB, 143771 MiB
2026/08/06 01:30:14.963, NVIDIA H200, 45, 0 %, 0 %, 32277 MiB, 143771 MiB
2026/08/06 01:30:17.964, NVIDIA H200, 46, 99 %, 44 %, 32277 MiB, 143771 MiB
2026/08/06 01:30:20.964, NVIDIA H200, 32, 0 %, 0 %, 32277 MiB, 143771 MiB
2026/08/06 01:30:23.965, NVIDIA H200, 37, 71 %, 30 %, 32277 MiB, 143771 MiB
2026/08/06 01:30:26.965, NVIDIA H200, 35, 0 %, 0 %, 32277 MiB, 143771 MiB
2026/08/06 01:30:29.965, NVIDIA H200, 50, 56 %, 29 %, 32277 MiB, 143771 MiB
2026/08/06 01:30:32.966, NVIDIA H200, 45, 100 %, 38 %, 32277 MiB, 143771 MiB
2026/08/06 01:30:35.967, NVIDIA H200, 33, 0 %, 0 %, 32277 MiB, 143771 MiB
2026/08/06 01:30:38.967, NVIDIA H200, 36, 0 %, 0 %, 32277 MiB, 143771 MiB
2026/08/06 01:30:41.967, NVIDIA H200, 48, 99 %, 40 %, 32277 MiB, 143771 MiB
2026/08/06 01:30:44.968, NVIDIA H200, 32, 0 %, 0 %, 32277 MiB, 143771 MiB
2026/08/06 01:30:47.968, NVIDIA H200, 34, 0 %, 0 %, 32277 MiB, 143771 MiB
2026/08/06 01:30:50.969, NVIDIA H200, 49, 100 %, 42 %, 32277 MiB, 143771 MiB
2026/08/06 01:30:53.969, NVIDIA H200, 48, 99 %, 41 %, 32277 MiB, 143771 MiB
2026/08/06 01:30:56.970, NVIDIA H200, 43, 98 %, 43 %, 32277 MiB, 143771 MiB
2026/08/06 01:30:59.970, NVIDIA H200, 33, 0 %, 0 %, 32277 MiB, 143771 MiB
2026/08/06 01:31:02.971, NVIDIA H200, 38, 0 %, 0 %, 32277 MiB, 143771 MiB
2026/08/06 01:31:05.971, NVIDIA H200, 50, 98 %, 45 %, 32277 MiB, 143771 MiB
2026/08/06 01:31:08.972, NVIDIA H200, 45, 98 %, 42 %, 32277 MiB, 143771 MiB
2026/08/06 01:31:11.972, NVIDIA H200, 40, 0 %, 0 %, 32277 MiB, 143771 MiB
2026/08/06 01:31:14.972, NVIDIA H200, 33, 0 %, 0 %, 32277 MiB, 143771 MiB
2026/08/06 01:31:17.973, NVIDIA H200, 50, 99 %, 44 %, 32277 MiB, 143771 MiB
2026/08/06 01:31:20.973, NVIDIA H200, 46, 72 %, 29 %, 32277 MiB, 143771 MiB
2026/08/06 01:31:23.974, NVIDIA H200, 48, 97 %, 40 %, 32277 MiB, 143771 MiB
2026/08/06 01:31:26.974, NVIDIA H200, 32, 0 %, 0 %, 32277 MiB, 143771 MiB
2026/08/06 01:31:29.975, NVIDIA H200, 34, 0 %, 0 %, 32277 MiB, 143771 MiB
2026/08/06 01:31:32.975, NVIDIA H200, 47, 97 %, 41 %, 32277 MiB, 143771 MiB
2026/08/06 01:31:35.975, NVIDIA H200, 44, 98 %, 43 %, 32277 MiB, 143771 MiB
2026/08/06 01:31:38.976, NVIDIA H200, 45, 99 %, 40 %, 32277 MiB, 143771 MiB
2026/08/06 01:31:41.976, NVIDIA H200, 33, 0 %, 0 %, 32277 MiB, 143771 MiB
2026/08/06 01:31:44.977, NVIDIA H200, 36, 0 %, 0 %, 32277 MiB, 143771 MiB
2026/08/06 01:31:47.978, NVIDIA H200, 38, 84 %, 36 %, 32277 MiB, 143771 MiB
2026/08/06 01:31:50.978, NVIDIA H200, 38, 0 %, 0 %, 32277 MiB, 143771 MiB
2026/08/06 01:31:53.979, NVIDIA H200, 45, 70 %, 32 %, 32277 MiB, 143771 MiB
2026/08/06 01:31:56.979, NVIDIA H200, 34, 0 %, 0 %, 32277 MiB, 143771 MiB
2026/08/06 01:31:59.980, NVIDIA H200, 49, 99 %, 44 %, 32277 MiB, 143771 MiB
2026/08/06 01:32:02.980, NVIDIA H200, 50, 100 %, 40 %, 32277 MiB, 143771 MiB
2026/08/06 01:32:05.980, NVIDIA H200, 33, 0 %, 0 %, 32277 MiB, 143771 MiB
2026/08/06 01:32:08.981, NVIDIA H200, 42, 0 %, 0 %, 32277 MiB, 143771 MiB
2026/08/06 01:32:11.981, NVIDIA H200, 38, 0 %, 0 %, 32277 MiB, 143771 MiB
2026/08/06 01:32:14.982, NVIDIA H200, 47, 97 %, 46 %, 32277 MiB, 143771 MiB
2026/08/06 01:32:17.982, NVIDIA H200, 31, 0 %, 0 %, 32277 MiB, 143771 MiB
2026/08/06 01:32:20.983, NVIDIA H200, 49, 99 %, 44 %, 32277 MiB, 143771 MiB
2026/08/06 01:32:23.983, NVIDIA H200, 48, 97 %, 44 %, 32277 MiB, 143771 MiB
2026/08/06 01:32:26.984, NVIDIA H200, 32, 0 %, 0 %, 32277 MiB, 143771 MiB
2026/08/06 01:32:29.984, NVIDIA H200, 33, 0 %, 0 %, 32277 MiB, 143771 MiB
2026/08/06 01:32:32.985, NVIDIA H200, 49, 99 %, 43 %, 32277 MiB, 143771 MiB
2026/08/06 01:32:35.985, NVIDIA H200, 36, 0 %, 0 %, 32277 MiB, 143771 MiB
2026/08/06 01:32:38.986, NVIDIA H200, 36, 0 %, 0 %, 32277 MiB, 143771 MiB
2026/08/06 01:32:41.986, NVIDIA H200, 39, 25 %, 11 %, 32277 MiB, 143771 MiB
2026/08/06 01:32:44.987, NVIDIA H200, 35, 0 %, 0 %, 32277 MiB, 143771 MiB
2026/08/06 01:32:47.987, NVIDIA H200, 42, 75 %, 38 %, 32277 MiB, 143771 MiB
2026/08/06 01:32:50.988, NVIDIA H200, 32, 0 %, 0 %, 32277 MiB, 143771 MiB
2026/08/06 01:32:53.988, NVIDIA H200, 44, 100 %, 41 %, 32277 MiB, 143771 MiB
2026/08/06 01:32:56.988, NVIDIA H200, 32, 0 %, 0 %, 32277 MiB, 143771 MiB
2026/08/06 01:32:59.989, NVIDIA H200, 35, 0 %, 0 %, 32277 MiB, 143771 MiB
2026/08/06 01:33:02.990, NVIDIA H200, 48, 100 %, 43 %, 32277 MiB, 143771 MiB
2026/08/06 01:33:05.990, NVIDIA H200, 31, 0 %, 0 %, 32277 MiB, 143771 MiB
2026/08/06 01:33:08.991, NVIDIA H200, 33, 0 %, 0 %, 32277 MiB, 143771 MiB
2026/08/06 01:33:11.991, NVIDIA H200, 38, 0 %, 0 %, 32277 MiB, 143771 MiB
2026/08/06 01:33:14.992, NVIDIA H200, 46, 98 %, 49 %, 32277 MiB, 143771 MiB
2026/08/06 01:33:17.992, NVIDIA H200, 32, 0 %, 0 %, 32277 MiB, 143771 MiB
2026/08/06 01:33:20.993, NVIDIA H200, 51, 99 %, 40 %, 32277 MiB, 143771 MiB
2026/08/06 01:33:23.993, NVIDIA H200, 45, 99 %, 41 %, 32277 MiB, 143771 MiB
2026/08/06 01:33:26.994, NVIDIA H200, 32, 0 %, 0 %, 32277 MiB, 143771 MiB
2026/08/06 01:33:29.994, NVIDIA H200, 34, 0 %, 0 %, 32277 MiB, 143771 MiB
2026/08/06 01:33:32.995, NVIDIA H200, 49, 99 %, 42 %, 32277 MiB, 143771 MiB
2026/08/06 01:33:35.995, NVIDIA H200, 45, 99 %, 43 %, 32277 MiB, 143771 MiB
2026/08/06 01:33:38.996, NVIDIA H200, 32, 0 %, 0 %, 32277 MiB, 143771 MiB
2026/08/06 01:33:41.996, NVIDIA H200, 36, 0 %, 0 %, 32277 MiB, 143771 MiB
2026/08/06 01:33:44.997, NVIDIA H200, 49, 77 %, 32 %, 32277 MiB, 143771 MiB
2026/08/06 01:33:47.997, NVIDIA H200, 44, 96 %, 47 %, 32277 MiB, 143771 MiB
2026/08/06 01:33:50.998, NVIDIA H200, 33, 0 %, 0 %, 32277 MiB, 143771 MiB
2026/08/06 01:33:53.998, NVIDIA H200, 41, 100 %, 43 %, 32277 MiB, 143771 MiB
2026/08/06 01:33:56.998, NVIDIA H200, 47, 100 %, 38 %, 32277 MiB, 143771 MiB
2026/08/06 01:33:59.999, NVIDIA H200, 32, 0 %, 0 %, 32277 MiB, 143771 MiB
2026/08/06 01:34:02.999, NVIDIA H200, 37, 0 %, 0 %, 32277 MiB, 143771 MiB
2026/08/06 01:34:06.000, NVIDIA H200, 50, 100 %, 38 %, 32277 MiB, 143771 MiB
2026/08/06 01:34:09.000, NVIDIA H200, 51, 100 %, 40 %, 32277 MiB, 143771 MiB
2026/08/06 01:34:12.001, NVIDIA H200, 32, 0 %, 0 %, 32277 MiB, 143771 MiB
2026/08/06 01:34:15.001, NVIDIA H200, 41, 19 %, 6 %, 32277 MiB, 143771 MiB
2026/08/06 01:34:18.001, NVIDIA H200, 33, 0 %, 0 %, 32277 MiB, 143771 MiB
2026/08/06 01:34:21.002, NVIDIA H200, 34, 0 %, 0 %, 32277 MiB, 143771 MiB
2026/08/06 01:34:24.002, NVIDIA H200, 50, 99 %, 41 %, 32277 MiB, 143771 MiB
2026/08/06 01:34:27.003, NVIDIA H200, 46, 98 %, 41 %, 32277 MiB, 143771 MiB
2026/08/06 01:34:30.003, NVIDIA H200, 33, 0 %, 0 %, 32277 MiB, 143771 MiB
2026/08/06 01:34:33.004, NVIDIA H200, 35, 0 %, 0 %, 32277 MiB, 143771 MiB
2026/08/06 01:34:36.004, NVIDIA H200, 38, 0 %, 0 %, 32277 MiB, 143771 MiB
2026/08/06 01:34:39.005, NVIDIA H200, 46, 100 %, 44 %, 32277 MiB, 143771 MiB
2026/08/06 01:34:42.005, NVIDIA H200, 32, 0 %, 0 %, 32277 MiB, 143771 MiB
2026/08/06 01:34:45.005, NVIDIA H200, 35, 0 %, 0 %, 32277 MiB, 143771 MiB
2026/08/06 01:34:48.007, NVIDIA H200, 50, 98 %, 41 %, 32277 MiB, 143771 MiB
2026/08/06 01:34:51.008, NVIDIA H200, 50, 99 %, 40 %, 32277 MiB, 143771 MiB
2026/08/06 01:34:54.008, NVIDIA H200, 43, 98 %, 41 %, 32277 MiB, 143771 MiB
2026/08/06 01:34:57.009, NVIDIA H200, 33, 0 %, 0 %, 32277 MiB, 143771 MiB
2026/08/06 01:35:00.009, NVIDIA H200, 35, 0 %, 0 %, 32277 MiB, 143771 MiB
2026/08/06 01:35:03.009, NVIDIA H200, 35, 0 %, 0 %, 32277 MiB, 143771 MiB
2026/08/06 01:35:06.010, NVIDIA H200, 49, 99 %, 47 %, 32277 MiB, 143771 MiB
2026/08/06 01:35:09.010, NVIDIA H200, 46, 99 %, 41 %, 32277 MiB, 143771 MiB
2026/08/06 01:35:12.011, NVIDIA H200, 32, 0 %, 0 %, 32277 MiB, 143771 MiB
2026/08/06 01:35:15.011, NVIDIA H200, 40, 65 %, 28 %, 32277 MiB, 143771 MiB
2026/08/06 01:35:18.012, NVIDIA H200, 48, 99 %, 48 %, 32277 MiB, 143771 MiB
2026/08/06 01:35:21.012, NVIDIA H200, 32, 0 %, 0 %, 32277 MiB, 143771 MiB
2026/08/06 01:35:24.012, NVIDIA H200, 49, 100 %, 42 %, 32277 MiB, 143771 MiB
2026/08/06 01:35:27.013, NVIDIA H200, 48, 99 %, 47 %, 32277 MiB, 143771 MiB
2026/08/06 01:35:30.013, NVIDIA H200, 32, 0 %, 0 %, 32277 MiB, 143771 MiB
2026/08/06 01:35:33.014, NVIDIA H200, 37, 0 %, 0 %, 32277 MiB, 143771 MiB
2026/08/06 01:35:36.015, NVIDIA H200, 38, 0 %, 0 %, 32277 MiB, 143771 MiB
2026/08/06 01:35:39.015, NVIDIA H200, 46, 100 %, 42 %, 32277 MiB, 143771 MiB
2026/08/06 01:35:42.015, NVIDIA H200, 45, 100 %, 42 %, 32277 MiB, 143771 MiB
2026/08/06 01:35:45.016, NVIDIA H200, 45, 84 %, 39 %, 32277 MiB, 143771 MiB
2026/08/06 01:35:48.016, NVIDIA H200, 45, 76 %, 35 %, 32277 MiB, 143771 MiB
2026/08/06 01:35:51.017, NVIDIA H200, 33, 0 %, 0 %, 32277 MiB, 143771 MiB
2026/08/06 01:35:54.017, NVIDIA H200, 45, 99 %, 42 %, 32277 MiB, 143771 MiB
2026/08/06 01:35:57.018, NVIDIA H200, 32, 0 %, 0 %, 32277 MiB, 143771 MiB
2026/08/06 01:36:00.018, NVIDIA H200, 33, 0 %, 0 %, 32277 MiB, 143771 MiB
2026/08/06 01:36:03.019, NVIDIA H200, 49, 100 %, 40 %, 32277 MiB, 143771 MiB
2026/08/06 01:36:06.019, NVIDIA H200, 37, 10 %, 3 %, 32277 MiB, 143771 MiB
2026/08/06 01:36:09.020, NVIDIA H200, 35, 3 %, 1 %, 32277 MiB, 143771 MiB
2026/08/06 01:36:12.020, NVIDIA H200, 43, 65 %, 33 %, 32277 MiB, 143771 MiB
2026/08/06 01:36:15.021, NVIDIA H200, 39, 27 %, 10 %, 32277 MiB, 143771 MiB
2026/08/06 01:36:18.021, NVIDIA H200, 44, 70 %, 33 %, 32277 MiB, 143771 MiB
2026/08/06 01:36:21.022, NVIDIA H200, 32, 0 %, 0 %, 32277 MiB, 143771 MiB
2026/08/06 01:36:24.022, NVIDIA H200, 34, 26 %, 9 %, 32277 MiB, 143771 MiB
2026/08/06 01:36:27.023, NVIDIA H200, 32, 0 %, 0 %, 32277 MiB, 143771 MiB
2026/08/06 01:36:30.023, NVIDIA H200, 49, 99 %, 47 %, 32277 MiB, 143771 MiB
2026/08/06 01:36:33.023, NVIDIA H200, 44, 100 %, 39 %, 32277 MiB, 143771 MiB
2026/08/06 01:36:36.024, NVIDIA H200, 33, 0 %, 0 %, 32277 MiB, 143771 MiB
2026/08/06 01:36:39.024, NVIDIA H200, 40, 0 %, 0 %, 32277 MiB, 143771 MiB
2026/08/06 01:36:42.025, NVIDIA H200, 47, 94 %, 43 %, 32277 MiB, 143771 MiB
2026/08/06 01:36:45.025, NVIDIA H200, 43, 98 %, 49 %, 32277 MiB, 143771 MiB
2026/08/06 01:36:48.026, NVIDIA H200, 44, 100 %, 44 %, 32277 MiB, 143771 MiB
2026/08/06 01:36:51.026, NVIDIA H200, 35, 0 %, 0 %, 32277 MiB, 143771 MiB
2026/08/06 01:36:54.029, NVIDIA H200, 36, 0 %, 0 %, 32277 MiB, 143771 MiB
2026/08/06 01:36:57.029, NVIDIA H200, 46, 100 %, 39 %, 32277 MiB, 143771 MiB
2026/08/06 01:37:00.030, NVIDIA H200, 33, 0 %, 0 %, 32277 MiB, 143771 MiB
2026/08/06 01:37:03.030, NVIDIA H200, 33, 0 %, 0 %, 32277 MiB, 143771 MiB
2026/08/06 01:37:06.031, NVIDIA H200, 48, 99 %, 47 %, 32277 MiB, 143771 MiB
2026/08/06 01:37:09.031, NVIDIA H200, 34, 0 %, 0 %, 32277 MiB, 143771 MiB
2026/08/06 01:37:12.032, NVIDIA H200, 49, 98 %, 40 %, 32277 MiB, 143771 MiB
2026/08/06 01:37:15.032, NVIDIA H200, 33, 0 %, 0 %, 32277 MiB, 143771 MiB
2026/08/06 01:37:18.033, NVIDIA H200, 39, 65 %, 29 %, 32277 MiB, 143771 MiB
2026/08/06 01:37:21.033, NVIDIA H200, 35, 0 %, 0 %, 32277 MiB, 143771 MiB
2026/08/06 01:37:24.034, NVIDIA H200, 32, 0 %, 0 %, 32277 MiB, 143771 MiB
2026/08/06 01:37:27.034, NVIDIA H200, 39, 100 %, 42 %, 32277 MiB, 143771 MiB
2026/08/06 01:37:30.035, NVIDIA H200, 34, 0 %, 0 %, 32277 MiB, 143771 MiB
2026/08/06 01:37:33.035, NVIDIA H200, 39, 0 %, 0 %, 32277 MiB, 143771 MiB
2026/08/06 01:37:36.036, NVIDIA H200, 33, 0 %, 0 %, 32277 MiB, 143771 MiB
2026/08/06 01:37:39.036, NVIDIA H200, 40, 70 %, 30 %, 32277 MiB, 143771 MiB
2026/08/06 01:37:42.036, NVIDIA H200, 49, 99 %, 41 %, 32277 MiB, 143771 MiB
2026/08/06 01:37:45.037, NVIDIA H200, 45, 94 %, 41 %, 32277 MiB, 143771 MiB
2026/08/06 01:37:48.037, NVIDIA H200, 32, 0 %, 0 %, 32277 MiB, 143771 MiB
2026/08/06 01:37:51.038, NVIDIA H200, 38, 0 %, 0 %, 32277 MiB, 143771 MiB
2026/08/06 01:37:54.039, NVIDIA H200, 50, 100 %, 38 %, 32277 MiB, 143771 MiB
2026/08/06 01:37:57.039, NVIDIA H200, 40, 0 %, 0 %, 32277 MiB, 143771 MiB
2026/08/06 01:38:00.039, NVIDIA H200, 33, 0 %, 0 %, 32277 MiB, 143771 MiB
2026/08/06 01:38:03.040, NVIDIA H200, 39, 26 %, 10 %, 32277 MiB, 143771 MiB
2026/08/06 01:38:06.040, NVIDIA H200, 47, 100 %, 42 %, 32277 MiB, 143771 MiB
2026/08/06 01:38:09.041, NVIDIA H200, 47, 99 %, 49 %, 32277 MiB, 143771 MiB
2026/08/06 01:38:12.042, NVIDIA H200, 44, 98 %, 47 %, 32277 MiB, 143771 MiB
2026/08/06 01:38:15.042, NVIDIA H200, 44, 98 %, 42 %, 32277 MiB, 143771 MiB
2026/08/06 01:38:18.042, NVIDIA H200, 33, 0 %, 0 %, 32277 MiB, 143771 MiB
2026/08/06 01:38:21.043, NVIDIA H200, 50, 99 %, 45 %, 32277 MiB, 143771 MiB
2026/08/06 01:38:24.043, NVIDIA H200, 40, 100 %, 38 %, 32277 MiB, 143771 MiB
2026/08/06 01:38:27.044, NVIDIA H200, 32, 0 %, 0 %, 32277 MiB, 143771 MiB
2026/08/06 01:38:30.044, NVIDIA H200, 38, 0 %, 0 %, 32277 MiB, 143771 MiB
2026/08/06 01:38:33.045, NVIDIA H200, 49, 100 %, 40 %, 32277 MiB, 143771 MiB
2026/08/06 01:38:36.045, NVIDIA H200, 32, 0 %, 0 %, 32277 MiB, 143771 MiB
2026/08/06 01:38:39.046, NVIDIA H200, 33, 0 %, 0 %, 32277 MiB, 143771 MiB
2026/08/06 01:38:42.046, NVIDIA H200, 41, 51 %, 21 %, 32277 MiB, 143771 MiB
2026/08/06 01:38:45.047, NVIDIA H200, 47, 99 %, 42 %, 32277 MiB, 143771 MiB
2026/08/06 01:38:48.047, NVIDIA H200, 32, 0 %, 0 %, 32277 MiB, 143771 MiB
2026/08/06 01:38:51.048, NVIDIA H200, 39, 0 %, 0 %, 32277 MiB, 143771 MiB
2026/08/06 01:38:54.051, NVIDIA H200, 49, 99 %, 43 %, 32277 MiB, 143771 MiB
2026/08/06 01:38:57.051, NVIDIA H200, 49, 99 %, 45 %, 32277 MiB, 143771 MiB
2026/08/06 01:39:00.052, NVIDIA H200, 44, 100 %, 39 %, 32277 MiB, 143771 MiB
2026/08/06 01:39:03.052, NVIDIA H200, 33, 0 %, 0 %, 32277 MiB, 143771 MiB
2026/08/06 01:39:06.053, NVIDIA H200, 33, 0 %, 0 %, 32277 MiB, 143771 MiB
2026/08/06 01:39:09.053, NVIDIA H200, 47, 98 %, 42 %, 32277 MiB, 143771 MiB
2026/08/06 01:39:12.054, NVIDIA H200, 37, 3 %, 0 %, 32277 MiB, 143771 MiB
2026/08/06 01:39:15.054, NVIDIA H200, 33, 0 %, 0 %, 32277 MiB, 143771 MiB
2026/08/06 01:39:18.055, NVIDIA H200, 49, 99 %, 41 %, 32277 MiB, 143771 MiB
2026/08/06 01:39:21.055, NVIDIA H200, 46, 99 %, 43 %, 32277 MiB, 143771 MiB
2026/08/06 01:39:24.057, NVIDIA H200, 40, 46 %, 20 %, 32277 MiB, 143771 MiB
2026/08/06 01:39:27.058, NVIDIA H200, 33, 0 %, 0 %, 32277 MiB, 143771 MiB
2026/08/06 01:39:30.058, NVIDIA H200, 45, 74 %, 32 %, 32277 MiB, 143771 MiB
2026/08/06 01:39:33.058, NVIDIA H200, 51, 99 %, 38 %, 32277 MiB, 143771 MiB
2026/08/06 01:39:36.059, NVIDIA H200, 36, 0 %, 0 %, 32277 MiB, 143771 MiB
2026/08/06 01:39:39.060, NVIDIA H200, 43, 98 %, 47 %, 32277 MiB, 143771 MiB
2026/08/06 01:39:42.060, NVIDIA H200, 44, 39 %, 13 %, 32277 MiB, 143771 MiB
2026/08/06 01:39:45.060, NVIDIA H200, 38, 64 %, 32 %, 32277 MiB, 143771 MiB
2026/08/06 01:39:48.061, NVIDIA H200, 44, 21 %, 5 %, 32277 MiB, 143771 MiB
2026/08/06 01:39:51.061, NVIDIA H200, 31, 0 %, 0 %, 32277 MiB, 143771 MiB
2026/08/06 01:39:54.062, NVIDIA H200, 40, 15 %, 4 %, 32277 MiB, 143771 MiB
2026/08/06 01:39:57.062, NVIDIA H200, 32, 0 %, 0 %, 32277 MiB, 143771 MiB
2026/08/06 01:40:00.063, NVIDIA H200, 45, 100 %, 41 %, 32277 MiB, 143771 MiB
2026/08/06 01:40:03.064, NVIDIA H200, 45, 99 %, 51 %, 32277 MiB, 143771 MiB
2026/08/06 01:40:06.064, NVIDIA H200, 33, 0 %, 0 %, 32277 MiB, 143771 MiB
2026/08/06 01:40:09.065, NVIDIA H200, 34, 0 %, 0 %, 32277 MiB, 143771 MiB
2026/08/06 01:40:12.065, NVIDIA H200, 49, 99 %, 42 %, 32277 MiB, 143771 MiB
2026/08/06 01:40:15.066, NVIDIA H200, 45, 99 %, 47 %, 32277 MiB, 143771 MiB
2026/08/06 01:40:18.066, NVIDIA H200, 32, 0 %, 0 %, 32277 MiB, 143771 MiB
2026/08/06 01:40:21.067, NVIDIA H200, 35, 0 %, 0 %, 32277 MiB, 143771 MiB
2026/08/06 01:40:24.067, NVIDIA H200, 48, 97 %, 45 %, 32277 MiB, 143771 MiB
2026/08/06 01:40:27.068, NVIDIA H200, 48, 99 %, 41 %, 32277 MiB, 143771 MiB
2026/08/06 01:40:30.068, NVIDIA H200, 47, 98 %, 53 %, 32277 MiB, 143771 MiB
2026/08/06 01:40:33.069, NVIDIA H200, 33, 0 %, 0 %, 32277 MiB, 143771 MiB
2026/08/06 01:40:36.069, NVIDIA H200, 36, 0 %, 0 %, 32277 MiB, 143771 MiB
2026/08/06 01:40:39.076, NVIDIA H200, 50, 98 %, 42 %, 32277 MiB, 143771 MiB
2026/08/06 01:40:42.077, NVIDIA H200, 47, 100 %, 40 %, 32277 MiB, 143771 MiB
2026/08/06 01:40:45.077, NVIDIA H200, 44, 100 %, 40 %, 32277 MiB, 143771 MiB
2026/08/06 01:40:48.078, NVIDIA H200, 34, 0 %, 0 %, 32277 MiB, 143771 MiB
2026/08/06 01:40:51.078, NVIDIA H200, 50, 100 %, 38 %, 32277 MiB, 143771 MiB
2026/08/06 01:40:54.079, NVIDIA H200, 34, 0 %, 0 %, 32277 MiB, 143771 MiB
2026/08/06 01:40:57.080, NVIDIA H200, 32, 0 %, 0 %, 32277 MiB, 143771 MiB
2026/08/06 01:41:00.080, NVIDIA H200, 38, 0 %, 0 %, 32277 MiB, 143771 MiB
2026/08/06 01:41:03.081, NVIDIA H200, 49, 81 %, 38 %, 32277 MiB, 143771 MiB
2026/08/06 01:41:06.081, NVIDIA H200, 37, 0 %, 0 %, 32277 MiB, 143771 MiB
2026/08/06 01:41:09.081, NVIDIA H200, 39, 100 %, 46 %, 32277 MiB, 143771 MiB
2026/08/06 01:41:12.082, NVIDIA H200, 35, 0 %, 0 %, 32277 MiB, 143771 MiB
2026/08/06 01:41:15.082, NVIDIA H200, 49, 100 %, 38 %, 32277 MiB, 143771 MiB
2026/08/06 01:41:18.083, NVIDIA H200, 46, 89 %, 43 %, 32277 MiB, 143771 MiB
2026/08/06 01:41:21.083, NVIDIA H200, 33, 0 %, 0 %, 32277 MiB, 143771 MiB
2026/08/06 01:41:24.084, NVIDIA H200, 35, 0 %, 0 %, 32277 MiB, 143771 MiB
2026/08/06 01:41:27.084, NVIDIA H200, 50, 98 %, 46 %, 32277 MiB, 143771 MiB
2026/08/06 01:41:30.085, NVIDIA H200, 44, 54 %, 24 %, 32277 MiB, 143771 MiB
2026/08/06 01:41:33.085, NVIDIA H200, 36, 0 %, 0 %, 32277 MiB, 143771 MiB
2026/08/06 01:41:36.086, NVIDIA H200, 34, 0 %, 0 %, 32277 MiB, 143771 MiB
2026/08/06 01:41:39.086, NVIDIA H200, 38, 0 %, 0 %, 32277 MiB, 143771 MiB
2026/08/06 01:41:42.087, NVIDIA H200, 44, 99 %, 50 %, 32277 MiB, 143771 MiB
2026/08/06 01:41:45.087, NVIDIA H200, 35, 0 %, 0 %, 32277 MiB, 143771 MiB
2026/08/06 01:41:48.088, NVIDIA H200, 36, 0 %, 0 %, 32277 MiB, 143771 MiB
2026/08/06 01:41:51.088, NVIDIA H200, 48, 69 %, 32 %, 32277 MiB, 143771 MiB
2026/08/06 01:41:54.089, NVIDIA H200, 50, 100 %, 39 %, 32277 MiB, 143771 MiB
2026/08/06 01:41:57.089, NVIDIA H200, 47, 64 %, 26 %, 32277 MiB, 143771 MiB
2026/08/06 01:42:00.089, NVIDIA H200, 32, 0 %, 0 %, 32277 MiB, 143771 MiB
2026/08/06 01:42:03.090, NVIDIA H200, 39, 51 %, 22 %, 32277 MiB, 143771 MiB
2026/08/06 01:42:06.090, NVIDIA H200, 49, 93 %, 40 %, 32277 MiB, 143771 MiB
2026/08/06 01:42:09.091, NVIDIA H200, 47, 98 %, 43 %, 32277 MiB, 143771 MiB
2026/08/06 01:42:12.091, NVIDIA H200, 32, 0 %, 0 %, 32277 MiB, 143771 MiB
2026/08/06 01:42:15.092, NVIDIA H200, 40, 100 %, 42 %, 32277 MiB, 143771 MiB
2026/08/06 01:42:18.092, NVIDIA H200, 50, 77 %, 35 %, 32277 MiB, 143771 MiB
2026/08/06 01:42:21.093, NVIDIA H200, 45, 99 %, 43 %, 32277 MiB, 143771 MiB
2026/08/06 01:42:24.093, NVIDIA H200, 45, 99 %, 43 %, 32277 MiB, 143771 MiB
2026/08/06 01:42:27.093, NVIDIA H200, 36, 0 %, 0 %, 32277 MiB, 143771 MiB
2026/08/06 01:42:30.094, NVIDIA H200, 33, 0 %, 0 %, 32277 MiB, 143771 MiB
2026/08/06 01:42:33.094, NVIDIA H200, 44, 100 %, 44 %, 32277 MiB, 143771 MiB
2026/08/06 01:42:36.095, NVIDIA H200, 46, 99 %, 43 %, 32277 MiB, 143771 MiB
2026/08/06 01:42:39.095, NVIDIA H200, 38, 100 %, 44 %, 32277 MiB, 143771 MiB
2026/08/06 01:42:42.096, NVIDIA H200, 34, 0 %, 0 %, 32277 MiB, 143771 MiB
2026/08/06 01:42:45.096, NVIDIA H200, 44, 0 %, 0 %, 32277 MiB, 143771 MiB
2026/08/06 01:42:48.097, NVIDIA H200, 48, 100 %, 38 %, 32277 MiB, 143771 MiB
2026/08/06 01:42:51.097, NVIDIA H200, 32, 0 %, 0 %, 32277 MiB, 143771 MiB
2026/08/06 01:42:54.098, NVIDIA H200, 33, 0 %, 0 %, 32277 MiB, 143771 MiB
2026/08/06 01:42:57.098, NVIDIA H200, 49, 99 %, 42 %, 32277 MiB, 143771 MiB
2026/08/06 01:43:00.099, NVIDIA H200, 47, 99 %, 41 %, 32277 MiB, 143771 MiB
2026/08/06 01:43:03.099, NVIDIA H200, 31, 0 %, 0 %, 32277 MiB, 143771 MiB
2026/08/06 01:43:06.100, NVIDIA H200, 32, 0 %, 0 %, 32277 MiB, 143771 MiB
2026/08/06 01:43:09.100, NVIDIA H200, 40, 95 %, 44 %, 32277 MiB, 143771 MiB
2026/08/06 01:43:12.101, NVIDIA H200, 38, 19 %, 5 %, 32277 MiB, 143771 MiB
2026/08/06 01:43:15.102, NVIDIA H200, 43, 88 %, 41 %, 32277 MiB, 143771 MiB
2026/08/06 01:43:18.102, NVIDIA H200, 42, 71 %, 36 %, 32277 MiB, 143771 MiB
2026/08/06 01:43:21.102, NVIDIA H200, 31, 0 %, 0 %, 32277 MiB, 143771 MiB
2026/08/06 01:43:24.103, NVIDIA H200, 29, 0 %, 0 %, 32277 MiB, 143771 MiB
2026/08/06 01:43:27.104, NVIDIA H200, 29, 0 %, 0 %, 32277 MiB, 143771 MiB
2026/08/06 01:43:30.104, NVIDIA H200, 48, 99 %, 50 %, 32277 MiB, 143771 MiB
2026/08/06 01:43:33.105, NVIDIA H200, 42, 42 %, 18 %, 32277 MiB, 143771 MiB
2026/08/06 01:43:36.105, NVIDIA H200, 31, 0 %, 0 %, 32277 MiB, 143771 MiB
2026/08/06 01:43:39.106, NVIDIA H200, 34, 0 %, 0 %, 32277 MiB, 143771 MiB
2026/08/06 01:43:42.106, NVIDIA H200, 48, 99 %, 43 %, 32277 MiB, 143771 MiB
2026/08/06 01:43:45.107, NVIDIA H200, 32, 0 %, 0 %, 32277 MiB, 143771 MiB
2026/08/06 01:43:48.107, NVIDIA H200, 40, 0 %, 0 %, 32277 MiB, 143771 MiB
2026/08/06 01:43:51.108, NVIDIA H200, 49, 100 %, 40 %, 32277 MiB, 143771 MiB
2026/08/06 01:43:54.108, NVIDIA H200, 31, 0 %, 0 %, 32277 MiB, 143771 MiB
2026/08/06 01:43:57.109, NVIDIA H200, 32, 0 %, 0 %, 32277 MiB, 143771 MiB
2026/08/06 01:44:00.109, NVIDIA H200, 35, 0 %, 0 %, 32277 MiB, 143771 MiB
2026/08/06 01:44:03.109, NVIDIA H200, 41, 100 %, 45 %, 32277 MiB, 143771 MiB
2026/08/06 01:44:06.110, NVIDIA H200, 32, 0 %, 0 %, 32277 MiB, 143771 MiB
2026/08/06 01:44:09.110, NVIDIA H200, 35, 0 %, 0 %, 32277 MiB, 143771 MiB
2026/08/06 01:44:12.111, NVIDIA H200, 35, 0 %, 0 %, 32277 MiB, 143771 MiB
2026/08/06 01:44:15.111, NVIDIA H200, 48, 99 %, 47 %, 32277 MiB, 143771 MiB
2026/08/06 01:44:18.112, NVIDIA H200, 43, 100 %, 42 %, 32277 MiB, 143771 MiB
2026/08/06 01:44:21.112, NVIDIA H200, 34, 0 %, 0 %, 32277 MiB, 143771 MiB
2026/08/06 01:44:24.113, NVIDIA H200, 34, 0 %, 0 %, 32277 MiB, 143771 MiB
2026/08/06 01:44:27.113, NVIDIA H200, 35, 0 %, 0 %, 32277 MiB, 143771 MiB
2026/08/06 01:44:30.113, NVIDIA H200, 47, 98 %, 48 %, 32277 MiB, 143771 MiB
2026/08/06 01:44:33.114, NVIDIA H200, 32, 0 %, 0 %, 32277 MiB, 143771 MiB
2026/08/06 01:44:36.114, NVIDIA H200, 33, 0 %, 0 %, 32277 MiB, 143771 MiB
2026/08/06 01:44:39.115, NVIDIA H200, 47, 99 %, 43 %, 32277 MiB, 143771 MiB
2026/08/06 01:44:42.115, NVIDIA H200, 31, 0 %, 0 %, 32277 MiB, 143771 MiB
2026/08/06 01:44:45.120, NVIDIA H200, 34, 0 %, 0 %, 32277 MiB, 143771 MiB
2026/08/06 01:44:48.120, NVIDIA H200, 48, 99 %, 43 %, 32277 MiB, 143771 MiB
2026/08/06 01:44:51.121, NVIDIA H200, 44, 99 %, 46 %, 32277 MiB, 143771 MiB
2026/08/06 01:44:54.121, NVIDIA H200, 32, 0 %, 0 %, 32277 MiB, 143771 MiB
2026/08/06 01:44:57.122, NVIDIA H200, 50, 81 %, 35 %, 32277 MiB, 143771 MiB
2026/08/06 01:45:00.122, NVIDIA H200, 47, 99 %, 43 %, 32277 MiB, 143771 MiB
2026/08/06 01:45:03.122, NVIDIA H200, 50, 100 %, 42 %, 32277 MiB, 143771 MiB
2026/08/06 01:45:06.123, NVIDIA H200, 43, 99 %, 43 %, 32277 MiB, 143771 MiB
2026/08/06 01:45:09.123, NVIDIA H200, 32, 0 %, 0 %, 32277 MiB, 143771 MiB
2026/08/06 01:45:12.124, NVIDIA H200, 35, 0 %, 0 %, 32277 MiB, 143771 MiB
2026/08/06 01:45:15.124, NVIDIA H200, 46, 98 %, 45 %, 32277 MiB, 143771 MiB
2026/08/06 01:45:18.125, NVIDIA H200, 37, 99 %, 48 %, 32277 MiB, 143771 MiB
2026/08/06 01:45:21.125, NVIDIA H200, 34, 0 %, 0 %, 32277 MiB, 143771 MiB
2026/08/06 01:45:24.126, NVIDIA H200, 44, 99 %, 41 %, 32277 MiB, 143771 MiB
2026/08/06 01:45:27.126, NVIDIA H200, 47, 99 %, 43 %, 32277 MiB, 143771 MiB
2026/08/06 01:45:30.127, NVIDIA H200, 31, 0 %, 0 %, 32277 MiB, 143771 MiB
2026/08/06 01:45:33.127, NVIDIA H200, 33, 0 %, 0 %, 32277 MiB, 143771 MiB
2026/08/06 01:45:36.128, NVIDIA H200, 48, 99 %, 46 %, 32277 MiB, 143771 MiB
2026/08/06 01:45:39.128, NVIDIA H200, 42, 98 %, 46 %, 32277 MiB, 143771 MiB
2026/08/06 01:45:42.129, NVIDIA H200, 32, 0 %, 0 %, 32277 MiB, 143771 MiB
2026/08/06 01:45:45.129, NVIDIA H200, 47, 100 %, 38 %, 32277 MiB, 143771 MiB
2026/08/06 01:45:48.129, NVIDIA H200, 47, 98 %, 49 %, 32277 MiB, 143771 MiB
2026/08/06 01:45:51.130, NVIDIA H200, 40, 100 %, 38 %, 32277 MiB, 143771 MiB
2026/08/06 01:45:54.130, NVIDIA H200, 32, 0 %, 0 %, 32277 MiB, 143771 MiB
2026/08/06 01:45:57.131, NVIDIA H200, 48, 31 %, 12 %, 32277 MiB, 143771 MiB
2026/08/06 01:46:00.131, NVIDIA H200, 46, 55 %, 29 %, 32277 MiB, 143771 MiB
2026/08/06 01:46:03.135, NVIDIA H200, 43, 99 %, 43 %, 32277 MiB, 143771 MiB
2026/08/06 01:46:06.136, NVIDIA H200, 32, 0 %, 0 %, 32277 MiB, 143771 MiB
2026/08/06 01:46:09.136, NVIDIA H200, 35, 0 %, 0 %, 32277 MiB, 143771 MiB
2026/08/06 01:46:12.137, NVIDIA H200, 49, 100 %, 40 %, 32277 MiB, 143771 MiB
2026/08/06 01:46:15.137, NVIDIA H200, 42, 99 %, 42 %, 32277 MiB, 143771 MiB
2026/08/06 01:46:18.138, NVIDIA H200, 32, 0 %, 0 %, 32277 MiB, 143771 MiB
2026/08/06 01:46:21.138, NVIDIA H200, 39, 93 %, 44 %, 32277 MiB, 143771 MiB
2026/08/06 01:46:24.139, NVIDIA H200, 44, 3 %, 0 %, 32277 MiB, 143771 MiB
2026/08/06 01:46:27.139, NVIDIA H200, 46, 99 %, 49 %, 32277 MiB, 143771 MiB
2026/08/06 01:46:30.140, NVIDIA H200, 37, 69 %, 30 %, 32277 MiB, 143771 MiB
2026/08/06 01:46:33.140, NVIDIA H200, 34, 0 %, 0 %, 32277 MiB, 143771 MiB
2026/08/06 01:46:36.141, NVIDIA H200, 44, 99 %, 40 %, 32277 MiB, 143771 MiB
2026/08/06 01:46:39.141, NVIDIA H200, 41, 99 %, 47 %, 32277 MiB, 143771 MiB
2026/08/06 01:46:42.141, NVIDIA H200, 32, 0 %, 0 %, 32277 MiB, 143771 MiB
2026/08/06 01:46:45.142, NVIDIA H200, 41, 99 %, 46 %, 32277 MiB, 143771 MiB
2026/08/06 01:46:48.142, NVIDIA H200, 41, 66 %, 31 %, 32277 MiB, 143771 MiB
2026/08/06 01:46:51.143, NVIDIA H200, 37, 58 %, 29 %, 32277 MiB, 143771 MiB
2026/08/06 01:46:54.144, NVIDIA H200, 39, 24 %, 10 %, 32277 MiB, 143771 MiB
2026/08/06 01:46:57.144, NVIDIA H200, 32, 0 %, 0 %, 32277 MiB, 143771 MiB
2026/08/06 01:47:00.145, NVIDIA H200, 29, 0 %, 0 %, 32277 MiB, 143771 MiB
2026/08/06 01:47:03.145, NVIDIA H200, 39, 9 %, 6 %, 32277 MiB, 143771 MiB
2026/08/06 01:47:06.146, NVIDIA H200, 47, 98 %, 41 %, 32277 MiB, 143771 MiB
2026/08/06 01:47:09.146, NVIDIA H200, 42, 99 %, 45 %, 32277 MiB, 143771 MiB
2026/08/06 01:47:12.147, NVIDIA H200, 33, 0 %, 0 %, 32277 MiB, 143771 MiB
2026/08/06 01:47:15.147, NVIDIA H200, 51, 99 %, 39 %, 32277 MiB, 143771 MiB
2026/08/06 01:47:18.148, NVIDIA H200, 46, 100 %, 40 %, 32277 MiB, 143771 MiB
2026/08/06 01:47:21.148, NVIDIA H200, 31, 0 %, 0 %, 32277 MiB, 143771 MiB
2026/08/06 01:47:24.148, NVIDIA H200, 33, 0 %, 0 %, 32277 MiB, 143771 MiB
2026/08/06 01:47:27.149, NVIDIA H200, 48, 98 %, 41 %, 32277 MiB, 143771 MiB
2026/08/06 01:47:30.150, NVIDIA H200, 45, 99 %, 42 %, 32277 MiB, 143771 MiB
2026/08/06 01:47:33.150, NVIDIA H200, 31, 0 %, 0 %, 32277 MiB, 143771 MiB
2026/08/06 01:47:36.151, NVIDIA H200, 33, 0 %, 0 %, 32277 MiB, 143771 MiB
2026/08/06 01:47:39.151, NVIDIA H200, 50, 100 %, 40 %, 32277 MiB, 143771 MiB
2026/08/06 01:47:42.151, NVIDIA H200, 46, 97 %, 45 %, 32277 MiB, 143771 MiB
2026/08/06 01:47:45.152, NVIDIA H200, 31, 0 %, 0 %, 32277 MiB, 143771 MiB
2026/08/06 01:47:48.152, NVIDIA H200, 33, 0 %, 0 %, 32277 MiB, 143771 MiB
2026/08/06 01:47:51.153, NVIDIA H200, 46, 98 %, 41 %, 32277 MiB, 143771 MiB
2026/08/06 01:47:54.153, NVIDIA H200, 41, 98 %, 49 %, 32277 MiB, 143771 MiB
2026/08/06 01:47:57.154, NVIDIA H200, 32, 0 %, 0 %, 32277 MiB, 143771 MiB
2026/08/06 01:48:00.154, NVIDIA H200, 39, 0 %, 0 %, 32277 MiB, 143771 MiB
2026/08/06 01:48:03.155, NVIDIA H200, 40, 60 %, 31 %, 32277 MiB, 143771 MiB
2026/08/06 01:48:06.155, NVIDIA H200, 44, 99 %, 48 %, 32277 MiB, 143771 MiB
2026/08/06 01:48:09.155, NVIDIA H200, 31, 0 %, 0 %, 32277 MiB, 143771 MiB
2026/08/06 01:48:12.156, NVIDIA H200, 33, 0 %, 0 %, 32277 MiB, 143771 MiB
2026/08/06 01:48:15.157, NVIDIA H200, 36, 0 %, 0 %, 32277 MiB, 143771 MiB
2026/08/06 01:48:18.157, NVIDIA H200, 49, 99 %, 46 %, 32277 MiB, 143771 MiB
2026/08/06 01:48:21.158, NVIDIA H200, 41, 24 %, 9 %, 32277 MiB, 143771 MiB
2026/08/06 01:48:24.158, NVIDIA H200, 46, 97 %, 44 %, 32277 MiB, 143771 MiB
2026/08/06 01:48:27.159, NVIDIA H200, 34, 0 %, 0 %, 32277 MiB, 143771 MiB
2026/08/06 01:48:30.159, NVIDIA H200, 47, 98 %, 45 %, 32277 MiB, 143771 MiB
2026/08/06 01:48:33.159, NVIDIA H200, 32, 0 %, 0 %, 32277 MiB, 143771 MiB
2026/08/06 01:48:36.160, NVIDIA H200, 46, 100 %, 42 %, 32277 MiB, 143771 MiB
2026/08/06 01:48:39.160, NVIDIA H200, 34, 0 %, 0 %, 32277 MiB, 143771 MiB
2026/08/06 01:48:42.161, NVIDIA H200, 37, 15 %, 4 %, 32277 MiB, 143771 MiB
2026/08/06 01:48:45.161, NVIDIA H200, 33, 0 %, 0 %, 32277 MiB, 143771 MiB
2026/08/06 01:48:48.162, NVIDIA H200, 46, 96 %, 47 %, 32277 MiB, 143771 MiB
2026/08/06 01:48:51.162, NVIDIA H200, 45, 56 %, 26 %, 32277 MiB, 143771 MiB
2026/08/06 01:48:54.163, NVIDIA H200, 31, 0 %, 0 %, 32277 MiB, 143771 MiB
2026/08/06 01:48:57.163, NVIDIA H200, 38, 0 %, 0 %, 32277 MiB, 143771 MiB
2026/08/06 01:49:00.164, NVIDIA H200, 35, 0 %, 0 %, 32277 MiB, 143771 MiB
2026/08/06 01:49:03.164, NVIDIA H200, 48, 100 %, 40 %, 32277 MiB, 143771 MiB
2026/08/06 01:49:06.164, NVIDIA H200, 43, 90 %, 39 %, 32277 MiB, 143771 MiB
2026/08/06 01:49:09.165, NVIDIA H200, 41, 98 %, 47 %, 32277 MiB, 143771 MiB
2026/08/06 01:49:12.165, NVIDIA H200, 36, 0 %, 0 %, 32277 MiB, 143771 MiB
2026/08/06 01:49:15.166, NVIDIA H200, 39, 15 %, 4 %, 32277 MiB, 143771 MiB
2026/08/06 01:49:18.167, NVIDIA H200, 35, 0 %, 0 %, 32277 MiB, 143771 MiB
2026/08/06 01:49:21.167, NVIDIA H200, 47, 100 %, 41 %, 32277 MiB, 143771 MiB
2026/08/06 01:49:24.167, NVIDIA H200, 35, 0 %, 0 %, 32277 MiB, 143771 MiB
2026/08/06 01:49:27.168, NVIDIA H200, 31, 0 %, 0 %, 32277 MiB, 143771 MiB
2026/08/06 01:49:30.168, NVIDIA H200, 35, 0 %, 0 %, 32277 MiB, 143771 MiB
2026/08/06 01:49:33.169, NVIDIA H200, 48, 99 %, 41 %, 32277 MiB, 143771 MiB
2026/08/06 01:49:36.169, NVIDIA H200, 42, 99 %, 45 %, 32277 MiB, 143771 MiB
2026/08/06 01:49:39.170, NVIDIA H200, 32, 0 %, 0 %, 32277 MiB, 143771 MiB
2026/08/06 01:49:42.170, NVIDIA H200, 41, 64 %, 28 %, 32277 MiB, 143771 MiB
2026/08/06 01:49:45.171, NVIDIA H200, 45, 100 %, 43 %, 32277 MiB, 143771 MiB
2026/08/06 01:49:48.171, NVIDIA H200, 38, 65 %, 28 %, 32277 MiB, 143771 MiB
2026/08/06 01:49:51.171, NVIDIA H200, 32, 0 %, 0 %, 32277 MiB, 143771 MiB
2026/08/06 01:49:54.172, NVIDIA H200, 46, 100 %, 41 %, 32277 MiB, 143771 MiB
2026/08/06 01:49:57.172, NVIDIA H200, 45, 99 %, 48 %, 32277 MiB, 143771 MiB
2026/08/06 01:50:00.173, NVIDIA H200, 32, 0 %, 0 %, 32277 MiB, 143771 MiB
2026/08/06 01:50:03.173, NVIDIA H200, 33, 0 %, 0 %, 32277 MiB, 143771 MiB
2026/08/06 01:50:06.174, NVIDIA H200, 48, 99 %, 42 %, 32277 MiB, 143771 MiB
2026/08/06 01:50:09.174, NVIDIA H200, 48, 99 %, 41 %, 32277 MiB, 143771 MiB
2026/08/06 01:50:12.175, NVIDIA H200, 47, 100 %, 41 %, 32277 MiB, 143771 MiB
2026/08/06 01:50:15.175, NVIDIA H200, 37, 28 %, 14 %, 32277 MiB, 143771 MiB
2026/08/06 01:50:18.176, NVIDIA H200, 42, 66 %, 31 %, 32277 MiB, 143771 MiB
2026/08/06 01:50:21.176, NVIDIA H200, 38, 81 %, 38 %, 32277 MiB, 143771 MiB
2026/08/06 01:50:24.177, NVIDIA H200, 41, 70 %, 31 %, 32277 MiB, 143771 MiB
2026/08/06 01:50:27.177, NVIDIA H200, 31, 0 %, 0 %, 32277 MiB, 143771 MiB
2026/08/06 01:50:30.178, NVIDIA H200, 39, 100 %, 45 %, 32277 MiB, 143771 MiB
2026/08/06 01:50:33.178, NVIDIA H200, 31, 0 %, 0 %, 32277 MiB, 143771 MiB
2026/08/06 01:50:36.179, NVIDIA H200, 46, 98 %, 45 %, 32277 MiB, 143771 MiB
2026/08/06 01:50:39.179, NVIDIA H200, 48, 99 %, 46 %, 32277 MiB, 143771 MiB
2026/08/06 01:50:42.180, NVIDIA H200, 46, 99 %, 43 %, 32277 MiB, 143771 MiB
2026/08/06 01:50:45.180, NVIDIA H200, 31, 0 %, 0 %, 32277 MiB, 143771 MiB
2026/08/06 01:50:48.180, NVIDIA H200, 34, 0 %, 0 %, 32277 MiB, 143771 MiB
2026/08/06 01:50:51.181, NVIDIA H200, 45, 98 %, 45 %, 32277 MiB, 143771 MiB
2026/08/06 01:50:54.181, NVIDIA H200, 44, 99 %, 44 %, 32277 MiB, 143771 MiB
2026/08/06 01:50:57.182, NVIDIA H200, 31, 0 %, 0 %, 32277 MiB, 143771 MiB
2026/08/06 01:51:00.182, NVIDIA H200, 34, 0 %, 0 %, 32277 MiB, 143771 MiB
2026/08/06 01:51:03.183, NVIDIA H200, 48, 100 %, 39 %, 32277 MiB, 143771 MiB
2026/08/06 01:51:06.183, NVIDIA H200, 50, 85 %, 36 %, 32277 MiB, 143771 MiB
2026/08/06 01:51:09.183, NVIDIA H200, 44, 99 %, 46 %, 32277 MiB, 143771 MiB
2026/08/06 01:51:12.184, NVIDIA H200, 32, 0 %, 0 %, 32277 MiB, 143771 MiB
2026/08/06 01:51:15.184, NVIDIA H200, 50, 99 %, 42 %, 32277 MiB, 143771 MiB
2026/08/06 01:51:18.185, NVIDIA H200, 40, 73 %, 29 %, 32277 MiB, 143771 MiB
2026/08/06 01:51:21.185, NVIDIA H200, 30, 0 %, 0 %, 32277 MiB, 143771 MiB
2026/08/06 01:51:24.186, NVIDIA H200, 37, 0 %, 0 %, 32277 MiB, 143771 MiB
2026/08/06 01:51:27.186, NVIDIA H200, 45, 99 %, 39 %, 32277 MiB, 143771 MiB
2026/08/06 01:51:30.187, NVIDIA H200, 32, 0 %, 0 %, 32277 MiB, 143771 MiB
2026/08/06 01:51:33.187, NVIDIA H200, 48, 100 %, 39 %, 32277 MiB, 143771 MiB
2026/08/06 01:51:36.188, NVIDIA H200, 49, 99 %, 50 %, 32277 MiB, 143771 MiB
2026/08/06 01:51:39.188, NVIDIA H200, 47, 99 %, 48 %, 32277 MiB, 143771 MiB
2026/08/06 01:51:42.189, NVIDIA H200, 32, 0 %, 0 %, 32277 MiB, 143771 MiB
2026/08/06 01:51:45.189, NVIDIA H200, 36, 0 %, 0 %, 32277 MiB, 143771 MiB
2026/08/06 01:51:48.190, NVIDIA H200, 34, 96 %, 47 %, 32277 MiB, 143771 MiB
2026/08/06 01:51:51.190, NVIDIA H200, 31, 0 %, 0 %, 32277 MiB, 143771 MiB
2026/08/06 01:51:54.191, NVIDIA H200, 35, 0 %, 0 %, 32277 MiB, 143771 MiB
2026/08/06 01:51:57.191, NVIDIA H200, 48, 100 %, 43 %, 32277 MiB, 143771 MiB
2026/08/06 01:52:00.191, NVIDIA H200, 43, 99 %, 44 %, 32277 MiB, 143771 MiB
2026/08/06 01:52:03.192, NVIDIA H200, 32, 0 %, 0 %, 32277 MiB, 143771 MiB
2026/08/06 01:52:06.192, NVIDIA H200, 35, 0 %, 0 %, 32277 MiB, 143771 MiB
2026/08/06 01:52:09.193, NVIDIA H200, 41, 0 %, 0 %, 32277 MiB, 143771 MiB
2026/08/06 01:52:12.193, NVIDIA H200, 46, 99 %, 44 %, 32277 MiB, 143771 MiB
2026/08/06 01:52:15.194, NVIDIA H200, 33, 0 %, 0 %, 32277 MiB, 143771 MiB
2026/08/06 01:52:18.194, NVIDIA H200, 32, 0 %, 0 %, 32277 MiB, 143771 MiB
2026/08/06 01:52:21.195, NVIDIA H200, 50, 99 %, 49 %, 32277 MiB, 143771 MiB
2026/08/06 01:52:24.195, NVIDIA H200, 41, 100 %, 46 %, 32277 MiB, 143771 MiB
2026/08/06 01:52:27.196, NVIDIA H200, 34, 0 %, 0 %, 32277 MiB, 143771 MiB
2026/08/06 01:52:30.196, NVIDIA H200, 43, 99 %, 46 %, 32277 MiB, 143771 MiB
2026/08/06 01:52:33.197, NVIDIA H200, 44, 99 %, 41 %, 32277 MiB, 143771 MiB
2026/08/06 01:52:36.197, NVIDIA H200, 46, 99 %, 43 %, 32277 MiB, 143771 MiB
2026/08/06 01:52:39.197, NVIDIA H200, 32, 0 %, 0 %, 32277 MiB, 143771 MiB
2026/08/06 01:52:42.198, NVIDIA H200, 34, 0 %, 0 %, 32277 MiB, 143771 MiB
2026/08/06 01:52:45.198, NVIDIA H200, 46, 55 %, 23 %, 32277 MiB, 143771 MiB
2026/08/06 01:52:48.199, NVIDIA H200, 45, 100 %, 42 %, 32277 MiB, 143771 MiB
2026/08/06 01:52:51.199, NVIDIA H200, 40, 89 %, 43 %, 32277 MiB, 143771 MiB
2026/08/06 01:52:54.200, NVIDIA H200, 34, 0 %, 0 %, 32277 MiB, 143771 MiB
2026/08/06 01:52:57.200, NVIDIA H200, 33, 0 %, 0 %, 32277 MiB, 143771 MiB
2026/08/06 01:53:00.201, NVIDIA H200, 49, 99 %, 38 %, 32277 MiB, 143771 MiB
2026/08/06 01:53:03.201, NVIDIA H200, 50, 98 %, 38 %, 32277 MiB, 143771 MiB
2026/08/06 01:53:06.201, NVIDIA H200, 32, 0 %, 0 %, 32277 MiB, 143771 MiB
2026/08/06 01:53:09.202, NVIDIA H200, 33, 0 %, 0 %, 32277 MiB, 143771 MiB
2026/08/06 01:53:12.202, NVIDIA H200, 45, 99 %, 43 %, 32277 MiB, 143771 MiB
2026/08/06 01:53:15.203, NVIDIA H200, 32, 0 %, 0 %, 32277 MiB, 143771 MiB
2026/08/06 01:53:18.203, NVIDIA H200, 33, 0 %, 0 %, 32277 MiB, 143771 MiB
2026/08/06 01:53:21.204, NVIDIA H200, 34, 0 %, 0 %, 32277 MiB, 143771 MiB
2026/08/06 01:53:24.204, NVIDIA H200, 44, 42 %, 18 %, 32277 MiB, 143771 MiB
2026/08/06 01:53:27.205, NVIDIA H200, 43, 98 %, 46 %, 32277 MiB, 143771 MiB
2026/08/06 01:53:30.205, NVIDIA H200, 32, 0 %, 0 %, 32277 MiB, 143771 MiB
2026/08/06 01:53:33.206, NVIDIA H200, 37, 0 %, 0 %, 32277 MiB, 143771 MiB
2026/08/06 01:53:36.207, NVIDIA H200, 48, 100 %, 42 %, 32277 MiB, 143771 MiB
2026/08/06 01:53:39.207, NVIDIA H200, 41, 99 %, 41 %, 32277 MiB, 143771 MiB
2026/08/06 01:53:42.207, NVIDIA H200, 44, 100 %, 40 %, 32277 MiB, 143771 MiB
2026/08/06 01:53:45.210, NVIDIA H200, 35, 0 %, 0 %, 32277 MiB, 143771 MiB
2026/08/06 01:53:48.211, NVIDIA H200, 43, 43 %, 19 %, 32277 MiB, 143771 MiB
2026/08/06 01:53:51.211, NVIDIA H200, 43, 44 %, 19 %, 32277 MiB, 143771 MiB
2026/08/06 01:53:54.212, NVIDIA H200, 38, 71 %, 36 %, 32277 MiB, 143771 MiB
2026/08/06 01:53:57.212, NVIDIA H200, 31, 0 %, 0 %, 32277 MiB, 143771 MiB
2026/08/06 01:54:00.213, NVIDIA H200, 30, 0 %, 0 %, 32277 MiB, 143771 MiB
2026/08/06 01:54:03.213, NVIDIA H200, 34, 0 %, 0 %, 32277 MiB, 143771 MiB
2026/08/06 01:54:06.214, NVIDIA H200, 37, 0 %, 0 %, 32277 MiB, 143771 MiB
2026/08/06 01:54:09.214, NVIDIA H200, 49, 100 %, 41 %, 32277 MiB, 143771 MiB
2026/08/06 01:54:12.215, NVIDIA H200, 33, 0 %, 0 %, 32277 MiB, 143771 MiB
2026/08/06 01:54:15.215, NVIDIA H200, 33, 0 %, 0 %, 32277 MiB, 143771 MiB
2026/08/06 01:54:18.216, NVIDIA H200, 47, 99 %, 45 %, 32277 MiB, 143771 MiB
2026/08/06 01:54:21.216, NVIDIA H200, 31, 0 %, 0 %, 32277 MiB, 143771 MiB
2026/08/06 01:54:24.217, NVIDIA H200, 34, 0 %, 0 %, 32277 MiB, 143771 MiB
2026/08/06 01:54:27.217, NVIDIA H200, 37, 0 %, 0 %, 32277 MiB, 143771 MiB
2026/08/06 01:54:30.218, NVIDIA H200, 48, 100 %, 40 %, 32277 MiB, 143771 MiB
2026/08/06 01:54:33.218, NVIDIA H200, 48, 98 %, 42 %, 32277 MiB, 143771 MiB
2026/08/06 01:54:36.219, NVIDIA H200, 46, 99 %, 50 %, 32277 MiB, 143771 MiB
2026/08/06 01:54:39.219, NVIDIA H200, 32, 0 %, 0 %, 32277 MiB, 143771 MiB
2026/08/06 01:54:42.220, NVIDIA H200, 38, 0 %, 0 %, 32277 MiB, 143771 MiB
2026/08/06 01:54:45.220, NVIDIA H200, 37, 0 %, 0 %, 32277 MiB, 143771 MiB
2026/08/06 01:54:48.221, NVIDIA H200, 41, 99 %, 46 %, 32277 MiB, 143771 MiB
2026/08/06 01:54:51.221, NVIDIA H200, 36, 0 %, 0 %, 32277 MiB, 143771 MiB
2026/08/06 01:54:54.222, NVIDIA H200, 46, 100 %, 44 %, 32277 MiB, 143771 MiB
2026/08/06 01:54:57.222, NVIDIA H200, 32, 0 %, 0 %, 32277 MiB, 143771 MiB
2026/08/06 01:55:00.222, NVIDIA H200, 34, 0 %, 0 %, 32277 MiB, 143771 MiB
2026/08/06 01:55:03.223, NVIDIA H200, 34, 0 %, 0 %, 32277 MiB, 143771 MiB
2026/08/06 01:55:06.224, NVIDIA H200, 43, 100 %, 39 %, 32277 MiB, 143771 MiB
2026/08/06 01:55:09.224, NVIDIA H200, 36, 0 %, 0 %, 32277 MiB, 143771 MiB
2026/08/06 01:55:12.224, NVIDIA H200, 46, 100 %, 39 %, 32277 MiB, 143771 MiB
2026/08/06 01:55:15.225, NVIDIA H200, 39, 0 %, 0 %, 32277 MiB, 143771 MiB
2026/08/06 01:55:18.226, NVIDIA H200, 46, 97 %, 48 %, 32277 MiB, 143771 MiB
2026/08/06 01:55:21.226, NVIDIA H200, 30, 0 %, 0 %, 32277 MiB, 143771 MiB
2026/08/06 01:55:24.227, NVIDIA H200, 32, 0 %, 0 %, 32277 MiB, 143771 MiB
2026/08/06 01:55:27.227, NVIDIA H200, 40, 48 %, 21 %, 32277 MiB, 143771 MiB
2026/08/06 01:55:30.228, NVIDIA H200, 47, 97 %, 46 %, 32277 MiB, 143771 MiB
2026/08/06 01:55:33.228, NVIDIA H200, 34, 0 %, 0 %, 32277 MiB, 143771 MiB
2026/08/06 01:55:36.228, NVIDIA H200, 40, 46 %, 19 %, 32277 MiB, 143771 MiB
2026/08/06 01:55:39.229, NVIDIA H200, 36, 0 %, 0 %, 32277 MiB, 143771 MiB
2026/08/06 01:55:42.229, NVIDIA H200, 34, 0 %, 0 %, 32277 MiB, 143771 MiB
2026/08/06 01:55:45.230, NVIDIA H200, 34, 0 %, 0 %, 32277 MiB, 143771 MiB
2026/08/06 01:55:48.231, NVIDIA H200, 46, 99 %, 41 %, 32277 MiB, 143771 MiB
2026/08/06 01:55:51.231, NVIDIA H200, 46, 98 %, 42 %, 32277 MiB, 143771 MiB
2026/08/06 01:55:54.232, NVIDIA H200, 32, 0 %, 0 %, 32277 MiB, 143771 MiB
2026/08/06 01:55:57.232, NVIDIA H200, 33, 0 %, 0 %, 32277 MiB, 143771 MiB
2026/08/06 01:56:00.233, NVIDIA H200, 47, 99 %, 41 %, 32277 MiB, 143771 MiB
2026/08/06 01:56:03.235, NVIDIA H200, 31, 0 %, 0 %, 32277 MiB, 143771 MiB
2026/08/06 01:56:06.236, NVIDIA H200, 33, 0 %, 0 %, 32277 MiB, 143771 MiB
2026/08/06 01:56:09.236, NVIDIA H200, 47, 100 %, 41 %, 32277 MiB, 143771 MiB
2026/08/06 01:56:12.237, NVIDIA H200, 45, 97 %, 46 %, 32277 MiB, 143771 MiB
2026/08/06 01:56:15.237, NVIDIA H200, 30, 0 %, 0 %, 32277 MiB, 143771 MiB
2026/08/06 01:56:18.238, NVIDIA H200, 32, 0 %, 0 %, 32277 MiB, 143771 MiB
2026/08/06 01:56:21.238, NVIDIA H200, 33, 0 %, 0 %, 32277 MiB, 143771 MiB
2026/08/06 01:56:24.239, NVIDIA H200, 47, 99 %, 43 %, 32277 MiB, 143771 MiB
2026/08/06 01:56:27.239, NVIDIA H200, 48, 61 %, 26 %, 32277 MiB, 143771 MiB
2026/08/06 01:56:30.240, NVIDIA H200, 33, 87 %, 41 %, 32277 MiB, 143771 MiB
2026/08/06 01:56:33.240, NVIDIA H200, 33, 0 %, 0 %, 32277 MiB, 143771 MiB
2026/08/06 01:56:36.241, NVIDIA H200, 43, 98 %, 48 %, 32277 MiB, 143771 MiB
2026/08/06 01:56:39.241, NVIDIA H200, 45, 99 %, 47 %, 32277 MiB, 143771 MiB
2026/08/06 01:56:42.242, NVIDIA H200, 44, 99 %, 42 %, 32277 MiB, 143771 MiB
2026/08/06 01:56:45.242, NVIDIA H200, 33, 0 %, 0 %, 32277 MiB, 143771 MiB
2026/08/06 01:56:48.243, NVIDIA H200, 47, 97 %, 47 %, 32277 MiB, 143771 MiB
2026/08/06 01:56:51.243, NVIDIA H200, 30, 42 %, 18 %, 32277 MiB, 143771 MiB
2026/08/06 01:56:54.243, NVIDIA H200, 33, 0 %, 0 %, 32277 MiB, 143771 MiB
2026/08/06 01:56:57.244, NVIDIA H200, 49, 99 %, 49 %, 32277 MiB, 143771 MiB
2026/08/06 01:57:00.244, NVIDIA H200, 48, 99 %, 45 %, 32277 MiB, 143771 MiB
2026/08/06 01:57:03.245, NVIDIA H200, 38, 98 %, 47 %, 32277 MiB, 143771 MiB
2026/08/06 01:57:06.245, NVIDIA H200, 33, 0 %, 0 %, 32277 MiB, 143771 MiB
2026/08/06 01:57:09.246, NVIDIA H200, 43, 99 %, 43 %, 32277 MiB, 143771 MiB
2026/08/06 01:57:12.246, NVIDIA H200, 32, 0 %, 0 %, 32277 MiB, 143771 MiB
2026/08/06 01:57:15.247, NVIDIA H200, 44, 48 %, 21 %, 32277 MiB, 143771 MiB
2026/08/06 01:57:18.247, NVIDIA H200, 40, 69 %, 31 %, 32277 MiB, 143771 MiB
2026/08/06 01:57:21.248, NVIDIA H200, 38, 58 %, 27 %, 32277 MiB, 143771 MiB
2026/08/06 01:57:24.248, NVIDIA H200, 41, 82 %, 38 %, 32277 MiB, 143771 MiB
2026/08/06 01:57:27.249, NVIDIA H200, 31, 0 %, 0 %, 32277 MiB, 143771 MiB
2026/08/06 01:57:30.249, NVIDIA H200, 47, 99 %, 41 %, 32277 MiB, 143771 MiB
2026/08/06 01:57:33.250, NVIDIA H200, 37, 99 %, 49 %, 32277 MiB, 143771 MiB
2026/08/06 01:57:36.250, NVIDIA H200, 32, 0 %, 0 %, 32277 MiB, 143771 MiB
2026/08/06 01:57:39.250, NVIDIA H200, 49, 99 %, 44 %, 32277 MiB, 143771 MiB
2026/08/06 01:57:42.251, NVIDIA H200, 45, 98 %, 43 %, 32277 MiB, 143771 MiB
2026/08/06 01:57:45.251, NVIDIA H200, 38, 0 %, 0 %, 32277 MiB, 143771 MiB
2026/08/06 01:57:48.253, NVIDIA H200, 36, 89 %, 42 %, 32277 MiB, 143771 MiB
2026/08/06 01:57:51.253, NVIDIA H200, 43, 99 %, 43 %, 32277 MiB, 143771 MiB
2026/08/06 01:57:54.254, NVIDIA H200, 33, 0 %, 0 %, 32277 MiB, 143771 MiB
2026/08/06 01:57:57.255, NVIDIA H200, 34, 0 %, 0 %, 32277 MiB, 143771 MiB
2026/08/06 01:58:00.255, NVIDIA H200, 41, 0 %, 0 %, 32277 MiB, 143771 MiB
2026/08/06 01:58:03.256, NVIDIA H200, 48, 100 %, 42 %, 32277 MiB, 143771 MiB
2026/08/06 01:58:06.256, NVIDIA H200, 30, 0 %, 0 %, 32277 MiB, 143771 MiB
2026/08/06 01:58:09.256, NVIDIA H200, 32, 0 %, 0 %, 32277 MiB, 143771 MiB
2026/08/06 01:58:12.257, NVIDIA H200, 42, 99 %, 40 %, 32277 MiB, 143771 MiB
2026/08/06 01:58:15.257, NVIDIA H200, 34, 38 %, 16 %, 32277 MiB, 143771 MiB
2026/08/06 01:58:18.258, NVIDIA H200, 32, 0 %, 0 %, 32277 MiB, 143771 MiB
2026/08/06 01:58:21.258, NVIDIA H200, 48, 99 %, 44 %, 32277 MiB, 143771 MiB
2026/08/06 01:58:24.259, NVIDIA H200, 31, 0 %, 0 %, 32277 MiB, 143771 MiB
2026/08/06 01:58:27.259, NVIDIA H200, 35, 0 %, 0 %, 32277 MiB, 143771 MiB
2026/08/06 01:58:30.260, NVIDIA H200, 40, 35 %, 15 %, 32277 MiB, 143771 MiB
2026/08/06 01:58:33.260, NVIDIA H200, 45, 85 %, 36 %, 32277 MiB, 143771 MiB
2026/08/06 01:58:36.261, NVIDIA H200, 49, 99 %, 46 %, 32277 MiB, 143771 MiB
2026/08/06 01:58:39.261, NVIDIA H200, 37, 73 %, 31 %, 32277 MiB, 143771 MiB
2026/08/06 01:58:42.262, NVIDIA H200, 33, 0 %, 0 %, 32277 MiB, 143771 MiB
2026/08/06 01:58:45.262, NVIDIA H200, 48, 99 %, 43 %, 32277 MiB, 143771 MiB
2026/08/06 01:58:48.263, NVIDIA H200, 44, 100 %, 41 %, 32277 MiB, 143771 MiB
2026/08/06 01:58:51.263, NVIDIA H200, 33, 0 %, 0 %, 32277 MiB, 143771 MiB
2026/08/06 01:58:54.263, NVIDIA H200, 33, 0 %, 0 %, 32277 MiB, 143771 MiB
2026/08/06 01:58:57.264, NVIDIA H200, 37, 0 %, 0 %, 32277 MiB, 143771 MiB
2026/08/06 01:59:00.264, NVIDIA H200, 48, 100 %, 41 %, 32277 MiB, 143771 MiB
2026/08/06 01:59:03.265, NVIDIA H200, 31, 0 %, 0 %, 32277 MiB, 143771 MiB
2026/08/06 01:59:06.265, NVIDIA H200, 33, 0 %, 0 %, 32277 MiB, 143771 MiB
2026/08/06 01:59:09.266, NVIDIA H200, 46, 99 %, 43 %, 32277 MiB, 143771 MiB
2026/08/06 01:59:12.266, NVIDIA H200, 47, 100 %, 39 %, 32277 MiB, 143771 MiB
2026/08/06 01:59:15.267, NVIDIA H200, 31, 0 %, 0 %, 32277 MiB, 143771 MiB
2026/08/06 01:59:18.267, NVIDIA H200, 36, 0 %, 0 %, 32277 MiB, 143771 MiB
2026/08/06 01:59:21.268, NVIDIA H200, 48, 99 %, 38 %, 32277 MiB, 143771 MiB
2026/08/06 01:59:24.268, NVIDIA H200, 44, 99 %, 41 %, 32277 MiB, 143771 MiB
2026/08/06 01:59:27.268, NVIDIA H200, 32, 0 %, 0 %, 32277 MiB, 143771 MiB
2026/08/06 01:59:30.270, NVIDIA H200, 33, 0 %, 0 %, 32277 MiB, 143771 MiB
2026/08/06 01:59:33.270, NVIDIA H200, 33, 0 %, 0 %, 32277 MiB, 143771 MiB
2026/08/06 01:59:36.271, NVIDIA H200, 46, 64 %, 28 %, 32277 MiB, 143771 MiB
2026/08/06 01:59:39.271, NVIDIA H200, 43, 58 %, 27 %, 32277 MiB, 143771 MiB
2026/08/06 01:59:42.272, NVIDIA H200, 33, 0 %, 0 %, 32277 MiB, 143771 MiB
2026/08/06 01:59:45.272, NVIDIA H200, 49, 100 %, 38 %, 32277 MiB, 143771 MiB
2026/08/06 01:59:48.273, NVIDIA H200, 43, 51 %, 19 %, 32277 MiB, 143771 MiB
2026/08/06 01:59:51.273, NVIDIA H200, 31, 0 %, 0 %, 32277 MiB, 143771 MiB
2026/08/06 01:59:54.273, NVIDIA H200, 33, 0 %, 0 %, 32277 MiB, 143771 MiB
2026/08/06 01:59:57.274, NVIDIA H200, 47, 99 %, 49 %, 32277 MiB, 143771 MiB
2026/08/06 02:00:00.274, NVIDIA H200, 45, 85 %, 36 %, 32277 MiB, 143771 MiB
2026/08/06 02:00:03.275, NVIDIA H200, 48, 97 %, 46 %, 32277 MiB, 143771 MiB
2026/08/06 02:00:06.275, NVIDIA H200, 31, 0 %, 0 %, 32277 MiB, 143771 MiB
2026/08/06 02:00:09.276, NVIDIA H200, 36, 3 %, 1 %, 32277 MiB, 143771 MiB
2026/08/06 02:00:12.276, NVIDIA H200, 34, 0 %, 0 %, 32277 MiB, 143771 MiB
2026/08/06 02:00:15.277, NVIDIA H200, 38, 58 %, 26 %, 32277 MiB, 143771 MiB
2026/08/06 02:00:18.277, NVIDIA H200, 31, 0 %, 0 %, 32277 MiB, 143771 MiB
2026/08/06 02:00:21.277, NVIDIA H200, 32, 0 %, 0 %, 32277 MiB, 143771 MiB
2026/08/06 02:00:24.278, NVIDIA H200, 46, 98 %, 48 %, 32277 MiB, 143771 MiB
2026/08/06 02:00:27.278, NVIDIA H200, 48, 99 %, 41 %, 32277 MiB, 143771 MiB
2026/08/06 02:00:30.279, NVIDIA H200, 47, 99 %, 39 %, 32277 MiB, 143771 MiB
2026/08/06 02:00:33.279, NVIDIA H200, 33, 0 %, 0 %, 32277 MiB, 143771 MiB
2026/08/06 02:00:36.280, NVIDIA H200, 37, 0 %, 0 %, 32277 MiB, 143771 MiB
2026/08/06 02:00:39.280, NVIDIA H200, 48, 99 %, 42 %, 32277 MiB, 143771 MiB
2026/08/06 02:00:42.281, NVIDIA H200, 46, 76 %, 36 %, 32277 MiB, 143771 MiB
2026/08/06 02:00:45.281, NVIDIA H200, 38, 32 %, 12 %, 32277 MiB, 143771 MiB
2026/08/06 02:00:48.282, NVIDIA H200, 38, 33 %, 13 %, 32277 MiB, 143771 MiB
2026/08/06 02:00:51.282, NVIDIA H200, 37, 19 %, 5 %, 32277 MiB, 143771 MiB
2026/08/06 02:00:54.283, NVIDIA H200, 38, 25 %, 11 %, 32277 MiB, 143771 MiB
2026/08/06 02:00:57.283, NVIDIA H200, 32, 0 %, 0 %, 32277 MiB, 143771 MiB
2026/08/06 02:01:00.284, NVIDIA H200, 29, 0 %, 0 %, 32277 MiB, 143771 MiB
2026/08/06 02:01:03.284, NVIDIA H200, 30, 0 %, 0 %, 32277 MiB, 143771 MiB
2026/08/06 02:01:06.285, NVIDIA H200, 36, 99 %, 42 %, 32277 MiB, 143771 MiB
2026/08/06 02:01:09.285, NVIDIA H200, 32, 0 %, 0 %, 32277 MiB, 143771 MiB
2026/08/06 02:01:12.286, NVIDIA H200, 46, 99 %, 43 %, 32277 MiB, 143771 MiB
2026/08/06 02:01:15.286, NVIDIA H200, 44, 68 %, 30 %, 32277 MiB, 143771 MiB
2026/08/06 02:01:18.286, NVIDIA H200, 31, 0 %, 0 %, 32277 MiB, 143771 MiB
2026/08/06 02:01:21.287, NVIDIA H200, 33, 0 %, 0 %, 32277 MiB, 143771 MiB
