timestamp, name, temperature.gpu, utilization.gpu [%], utilization.memory [%], memory.used [MiB], memory.total [MiB]
2026/08/13 18:24:02.506, NVIDIA H200, 23, 0 %, 0 %, 0 MiB, 143771 MiB
2026/08/13 18:24:05.508, NVIDIA H200, 23, 0 %, 0 %, 0 MiB, 143771 MiB
2026/08/13 18:24:08.508, NVIDIA H200, 23, 0 %, 0 %, 0 MiB, 143771 MiB
2026/08/13 18:24:11.509, NVIDIA H200, 23, 0 %, 0 %, 0 MiB, 143771 MiB
2026/08/13 18:24:14.509, NVIDIA H200, 23, 0 %, 0 %, 0 MiB, 143771 MiB
2026/08/13 18:24:17.510, NVIDIA H200, 23, 0 %, 0 %, 0 MiB, 143771 MiB
2026/08/13 18:24:20.510, NVIDIA H200, 23, 0 %, 0 %, 0 MiB, 143771 MiB
2026/08/13 18:24:23.511, NVIDIA H200, 23, 0 %, 0 %, 0 MiB, 143771 MiB
2026/08/13 18:24:26.511, NVIDIA H200, 23, 0 %, 0 %, 0 MiB, 143771 MiB
2026/08/13 18:24:29.511, NVIDIA H200, 23, 0 %, 0 %, 0 MiB, 143771 MiB
2026/08/13 18:24:32.512, NVIDIA H200, 23, 0 %, 0 %, 0 MiB, 143771 MiB
2026/08/13 18:24:35.512, NVIDIA H200, 23, 0 %, 0 %, 0 MiB, 143771 MiB
2026/08/13 18:24:38.513, NVIDIA H200, 23, 0 %, 0 %, 0 MiB, 143771 MiB
2026/08/13 18:24:41.513, NVIDIA H200, 23, 0 %, 0 %, 0 MiB, 143771 MiB
2026/08/13 18:24:44.514, NVIDIA H200, 23, 0 %, 0 %, 0 MiB, 143771 MiB
2026/08/13 18:24:47.514, NVIDIA H200, 23, 0 %, 0 %, 0 MiB, 143771 MiB
2026/08/13 18:24:50.515, NVIDIA H200, 23, 0 %, 0 %, 0 MiB, 143771 MiB
2026/08/13 18:24:53.515, NVIDIA H200, 23, 0 %, 0 %, 0 MiB, 143771 MiB
2026/08/13 18:24:56.516, NVIDIA H200, 23, 0 %, 0 %, 0 MiB, 143771 MiB
2026/08/13 18:24:59.516, NVIDIA H200, 23, 0 %, 0 %, 0 MiB, 143771 MiB
2026/08/13 18:25:02.517, NVIDIA H200, 22, 0 %, 0 %, 0 MiB, 143771 MiB
2026/08/13 18:25:05.517, NVIDIA H200, 22, 0 %, 0 %, 0 MiB, 143771 MiB
2026/08/13 18:25:08.518, NVIDIA H200, 22, 0 %, 0 %, 0 MiB, 143771 MiB
2026/08/13 18:25:11.518, NVIDIA H200, 22, 0 %, 0 %, 0 MiB, 143771 MiB
2026/08/13 18:25:14.518, NVIDIA H200, 22, 0 %, 0 %, 0 MiB, 143771 MiB
2026/08/13 18:25:17.519, NVIDIA H200, 22, 0 %, 0 %, 0 MiB, 143771 MiB
2026/08/13 18:25:20.520, NVIDIA H200, 22, 0 %, 0 %, 0 MiB, 143771 MiB
2026/08/13 18:25:23.520, NVIDIA H200, 22, 0 %, 0 %, 0 MiB, 143771 MiB
2026/08/13 18:25:26.520, NVIDIA H200, 22, 0 %, 0 %, 0 MiB, 143771 MiB
2026/08/13 18:25:29.521, NVIDIA H200, 22, 0 %, 0 %, 0 MiB, 143771 MiB
2026/08/13 18:25:32.521, NVIDIA H200, 22, 0 %, 0 %, 0 MiB, 143771 MiB
2026/08/13 18:25:35.521, NVIDIA H200, 22, 0 %, 0 %, 0 MiB, 143771 MiB
2026/08/13 18:25:38.522, NVIDIA H200, 22, 0 %, 0 %, 0 MiB, 143771 MiB
2026/08/13 18:25:41.522, NVIDIA H200, 22, 0 %, 0 %, 0 MiB, 143771 MiB
2026/08/13 18:25:44.523, NVIDIA H200, 22, 0 %, 0 %, 0 MiB, 143771 MiB
2026/08/13 18:25:47.523, NVIDIA H200, 22, 0 %, 0 %, 0 MiB, 143771 MiB
2026/08/13 18:25:50.523, NVIDIA H200, 22, 0 %, 0 %, 0 MiB, 143771 MiB
2026/08/13 18:25:53.524, NVIDIA H200, 24, 0 %, 0 %, 529 MiB, 143771 MiB
2026/08/13 18:25:56.524, NVIDIA H200, 25, 0 %, 0 %, 529 MiB, 143771 MiB
2026/08/13 18:25:59.525, NVIDIA H200, 25, 0 %, 0 %, 529 MiB, 143771 MiB
2026/08/13 18:26:02.525, NVIDIA H200, 25, 0 %, 0 %, 529 MiB, 143771 MiB
2026/08/13 18:26:05.526, NVIDIA H200, 25, 0 %, 0 %, 529 MiB, 143771 MiB
2026/08/13 18:26:08.526, NVIDIA H200, 25, 0 %, 0 %, 529 MiB, 143771 MiB
2026/08/13 18:26:11.527, NVIDIA H200, 25, 0 %, 0 %, 529 MiB, 143771 MiB
2026/08/13 18:26:14.527, NVIDIA H200, 25, 0 %, 0 %, 529 MiB, 143771 MiB
2026/08/13 18:26:17.528, NVIDIA H200, 25, 0 %, 0 %, 529 MiB, 143771 MiB
2026/08/13 18:26:20.529, NVIDIA H200, 25, 0 %, 0 %, 529 MiB, 143771 MiB
2026/08/13 18:26:23.529, NVIDIA H200, 25, 0 %, 0 %, 529 MiB, 143771 MiB
2026/08/13 18:26:26.529, NVIDIA H200, 25, 0 %, 0 %, 529 MiB, 143771 MiB
2026/08/13 18:26:29.530, NVIDIA H200, 25, 0 %, 0 %, 529 MiB, 143771 MiB
2026/08/13 18:26:32.530, NVIDIA H200, 25, 0 %, 0 %, 529 MiB, 143771 MiB
2026/08/13 18:26:35.531, NVIDIA H200, 25, 0 %, 0 %, 529 MiB, 143771 MiB
2026/08/13 18:26:38.531, NVIDIA H200, 25, 0 %, 0 %, 529 MiB, 143771 MiB
2026/08/13 18:26:41.532, NVIDIA H200, 25, 0 %, 0 %, 529 MiB, 143771 MiB
2026/08/13 18:26:44.532, NVIDIA H200, 25, 0 %, 0 %, 529 MiB, 143771 MiB
2026/08/13 18:26:47.533, NVIDIA H200, 25, 0 %, 0 %, 529 MiB, 143771 MiB
2026/08/13 18:26:50.533, NVIDIA H200, 25, 0 %, 0 %, 529 MiB, 143771 MiB
2026/08/13 18:26:53.534, NVIDIA H200, 25, 0 %, 0 %, 529 MiB, 143771 MiB
2026/08/13 18:26:56.534, NVIDIA H200, 25, 0 %, 0 %, 529 MiB, 143771 MiB
2026/08/13 18:26:59.534, NVIDIA H200, 25, 0 %, 0 %, 529 MiB, 143771 MiB
2026/08/13 18:27:02.535, NVIDIA H200, 25, 0 %, 0 %, 529 MiB, 143771 MiB
2026/08/13 18:27:05.535, NVIDIA H200, 25, 0 %, 0 %, 529 MiB, 143771 MiB
2026/08/13 18:27:08.536, NVIDIA H200, 25, 0 %, 0 %, 529 MiB, 143771 MiB
2026/08/13 18:27:11.536, NVIDIA H200, 25, 0 %, 0 %, 529 MiB, 143771 MiB
2026/08/13 18:27:14.537, NVIDIA H200, 25, 0 %, 0 %, 529 MiB, 143771 MiB
2026/08/13 18:27:17.537, NVIDIA H200, 25, 0 %, 0 %, 529 MiB, 143771 MiB
2026/08/13 18:27:20.537, NVIDIA H200, 25, 0 %, 0 %, 529 MiB, 143771 MiB
2026/08/13 18:27:23.538, NVIDIA H200, 25, 0 %, 0 %, 529 MiB, 143771 MiB
2026/08/13 18:27:26.538, NVIDIA H200, 25, 0 %, 0 %, 529 MiB, 143771 MiB
2026/08/13 18:27:29.539, NVIDIA H200, 25, 0 %, 0 %, 529 MiB, 143771 MiB
2026/08/13 18:27:32.539, NVIDIA H200, 25, 0 %, 0 %, 529 MiB, 143771 MiB
2026/08/13 18:27:35.540, NVIDIA H200, 25, 0 %, 0 %, 529 MiB, 143771 MiB
2026/08/13 18:27:38.540, NVIDIA H200, 25, 0 %, 0 %, 529 MiB, 143771 MiB
2026/08/13 18:27:41.541, NVIDIA H200, 25, 0 %, 0 %, 529 MiB, 143771 MiB
2026/08/13 18:27:44.541, NVIDIA H200, 25, 0 %, 0 %, 529 MiB, 143771 MiB
2026/08/13 18:27:47.542, NVIDIA H200, 25, 0 %, 0 %, 529 MiB, 143771 MiB
2026/08/13 18:27:50.542, NVIDIA H200, 25, 0 %, 0 %, 529 MiB, 143771 MiB
2026/08/13 18:27:53.543, NVIDIA H200, 25, 0 %, 0 %, 529 MiB, 143771 MiB
2026/08/13 18:27:56.543, NVIDIA H200, 25, 0 %, 0 %, 529 MiB, 143771 MiB
2026/08/13 18:27:59.544, NVIDIA H200, 25, 0 %, 0 %, 529 MiB, 143771 MiB
2026/08/13 18:28:02.544, NVIDIA H200, 25, 0 %, 0 %, 529 MiB, 143771 MiB
2026/08/13 18:28:05.545, NVIDIA H200, 25, 0 %, 0 %, 529 MiB, 143771 MiB
2026/08/13 18:28:08.545, NVIDIA H200, 25, 0 %, 0 %, 529 MiB, 143771 MiB
2026/08/13 18:28:11.546, NVIDIA H200, 25, 0 %, 0 %, 529 MiB, 143771 MiB
2026/08/13 18:28:14.546, NVIDIA H200, 25, 0 %, 0 %, 529 MiB, 143771 MiB
2026/08/13 18:28:17.547, NVIDIA H200, 25, 0 %, 0 %, 529 MiB, 143771 MiB
2026/08/13 18:28:20.547, NVIDIA H200, 25, 0 %, 0 %, 529 MiB, 143771 MiB
2026/08/13 18:28:23.548, NVIDIA H200, 25, 0 %, 0 %, 529 MiB, 143771 MiB
2026/08/13 18:28:26.548, NVIDIA H200, 25, 0 %, 0 %, 529 MiB, 143771 MiB
2026/08/13 18:28:29.549, NVIDIA H200, 25, 0 %, 0 %, 529 MiB, 143771 MiB
2026/08/13 18:28:32.549, NVIDIA H200, 25, 0 %, 0 %, 529 MiB, 143771 MiB
2026/08/13 18:28:35.550, NVIDIA H200, 25, 0 %, 0 %, 529 MiB, 143771 MiB
2026/08/13 18:28:38.550, NVIDIA H200, 25, 0 %, 0 %, 529 MiB, 143771 MiB
2026/08/13 18:28:41.551, NVIDIA H200, 25, 0 %, 0 %, 529 MiB, 143771 MiB
2026/08/13 18:28:44.551, NVIDIA H200, 25, 0 %, 0 %, 529 MiB, 143771 MiB
2026/08/13 18:28:47.552, NVIDIA H200, 25, 0 %, 0 %, 529 MiB, 143771 MiB
2026/08/13 18:28:50.555, NVIDIA H200, 25, 0 %, 0 %, 529 MiB, 143771 MiB
2026/08/13 18:28:53.555, NVIDIA H200, 25, 0 %, 0 %, 529 MiB, 143771 MiB
2026/08/13 18:28:56.556, NVIDIA H200, 25, 0 %, 0 %, 529 MiB, 143771 MiB
2026/08/13 18:28:59.556, NVIDIA H200, 25, 0 %, 0 %, 529 MiB, 143771 MiB
2026/08/13 18:29:02.557, NVIDIA H200, 25, 0 %, 0 %, 529 MiB, 143771 MiB
2026/08/13 18:29:05.557, NVIDIA H200, 25, 0 %, 0 %, 529 MiB, 143771 MiB
2026/08/13 18:29:08.558, NVIDIA H200, 25, 0 %, 0 %, 529 MiB, 143771 MiB
2026/08/13 18:29:11.558, NVIDIA H200, 25, 0 %, 0 %, 529 MiB, 143771 MiB
2026/08/13 18:29:14.559, NVIDIA H200, 25, 0 %, 0 %, 529 MiB, 143771 MiB
2026/08/13 18:29:17.559, NVIDIA H200, 25, 0 %, 0 %, 529 MiB, 143771 MiB
2026/08/13 18:29:20.560, NVIDIA H200, 25, 0 %, 0 %, 529 MiB, 143771 MiB
2026/08/13 18:29:23.560, NVIDIA H200, 25, 0 %, 0 %, 529 MiB, 143771 MiB
2026/08/13 18:29:26.561, NVIDIA H200, 25, 0 %, 0 %, 529 MiB, 143771 MiB
2026/08/13 18:29:29.561, NVIDIA H200, 25, 0 %, 0 %, 529 MiB, 143771 MiB
2026/08/13 18:29:32.562, NVIDIA H200, 25, 0 %, 0 %, 529 MiB, 143771 MiB
2026/08/13 18:29:35.562, NVIDIA H200, 25, 0 %, 0 %, 529 MiB, 143771 MiB
2026/08/13 18:29:38.563, NVIDIA H200, 25, 0 %, 0 %, 529 MiB, 143771 MiB
2026/08/13 18:29:41.563, NVIDIA H200, 25, 0 %, 0 %, 529 MiB, 143771 MiB
2026/08/13 18:29:44.564, NVIDIA H200, 25, 0 %, 0 %, 529 MiB, 143771 MiB
2026/08/13 18:29:47.564, NVIDIA H200, 25, 0 %, 0 %, 529 MiB, 143771 MiB
2026/08/13 18:29:50.565, NVIDIA H200, 25, 0 %, 0 %, 529 MiB, 143771 MiB
2026/08/13 18:29:53.565, NVIDIA H200, 25, 0 %, 0 %, 529 MiB, 143771 MiB
2026/08/13 18:29:56.565, NVIDIA H200, 25, 0 %, 0 %, 529 MiB, 143771 MiB
2026/08/13 18:29:59.566, NVIDIA H200, 25, 0 %, 0 %, 529 MiB, 143771 MiB
2026/08/13 18:30:02.566, NVIDIA H200, 25, 0 %, 0 %, 529 MiB, 143771 MiB
2026/08/13 18:30:05.567, NVIDIA H200, 25, 1 %, 0 %, 629 MiB, 143771 MiB
2026/08/13 18:30:08.567, NVIDIA H200, 25, 0 %, 0 %, 879 MiB, 143771 MiB
2026/08/13 18:30:11.568, NVIDIA H200, 25, 0 %, 0 %, 879 MiB, 143771 MiB
2026/08/13 18:30:14.568, NVIDIA H200, 34, 38 %, 4 %, 39365 MiB, 143771 MiB
2026/08/13 18:30:17.569, NVIDIA H200, 32, 0 %, 0 %, 28449 MiB, 143771 MiB
2026/08/13 18:30:20.569, NVIDIA H200, 37, 72 %, 19 %, 50651 MiB, 143771 MiB
2026/08/13 18:30:23.569, NVIDIA H200, 39, 16 %, 8 %, 82627 MiB, 143771 MiB
2026/08/13 18:30:26.570, NVIDIA H200, 34, 0 %, 0 %, 138441 MiB, 143771 MiB
2026/08/13 18:30:29.570, NVIDIA H200, 27, 0 %, 0 %, 120449 MiB, 143771 MiB
2026/08/13 18:30:32.571, NVIDIA H200, 26, 0 %, 0 %, 125863 MiB, 143771 MiB
2026/08/13 18:30:35.571, NVIDIA H200, 29, 5 %, 5 %, 132239 MiB, 143771 MiB
2026/08/13 18:30:38.571, NVIDIA H200, 34, 77 %, 13 %, 131343 MiB, 143771 MiB
2026/08/13 18:30:41.572, NVIDIA H200, 42, 100 %, 11 %, 138553 MiB, 143771 MiB
2026/08/13 18:30:44.572, NVIDIA H200, 30, 100 %, 1 %, 138553 MiB, 143771 MiB
2026/08/13 18:30:47.572, NVIDIA H200, 47, 100 %, 10 %, 131365 MiB, 143771 MiB
2026/08/13 18:30:50.573, NVIDIA H200, 41, 100 %, 4 %, 131365 MiB, 143771 MiB
2026/08/13 18:30:53.573, NVIDIA H200, 36, 100 %, 3 %, 111551 MiB, 143771 MiB
2026/08/13 18:30:56.574, NVIDIA H200, 47, 100 %, 14 %, 104351 MiB, 143771 MiB
2026/08/13 18:30:59.574, NVIDIA H200, 47, 62 %, 12 %, 80035 MiB, 143771 MiB
2026/08/13 18:31:02.574, NVIDIA H200, 49, 59 %, 7 %, 68775 MiB, 143771 MiB
2026/08/13 18:31:05.575, NVIDIA H200, 38, 100 %, 1 %, 46823 MiB, 143771 MiB
2026/08/13 18:31:08.575, NVIDIA H200, 41, 100 %, 4 %, 54027 MiB, 143771 MiB
2026/08/13 18:31:11.575, NVIDIA H200, 28, 100 %, 0 %, 54027 MiB, 143771 MiB
2026/08/13 18:31:14.576, NVIDIA H200, 43, 100 %, 52 %, 121469 MiB, 143771 MiB
2026/08/13 18:31:17.576, NVIDIA H200, 57, 100 %, 46 %, 143095 MiB, 143771 MiB
2026/08/13 18:31:20.577, NVIDIA H200, 53, 99 %, 57 %, 143095 MiB, 143771 MiB
2026/08/13 18:31:23.577, NVIDIA H200, 54, 100 %, 48 %, 143095 MiB, 143771 MiB
2026/08/13 18:31:26.578, NVIDIA H200, 56, 100 %, 28 %, 143095 MiB, 143771 MiB
2026/08/13 18:31:29.578, NVIDIA H200, 52, 100 %, 49 %, 143095 MiB, 143771 MiB
2026/08/13 18:31:32.578, NVIDIA H200, 56, 100 %, 39 %, 143095 MiB, 143771 MiB
2026/08/13 18:31:35.579, NVIDIA H200, 58, 100 %, 56 %, 143095 MiB, 143771 MiB
2026/08/13 18:31:38.579, NVIDIA H200, 60, 100 %, 45 %, 143095 MiB, 143771 MiB
2026/08/13 18:31:41.580, NVIDIA H200, 56, 100 %, 53 %, 143095 MiB, 143771 MiB
2026/08/13 18:31:44.580, NVIDIA H200, 59, 100 %, 56 %, 143095 MiB, 143771 MiB
2026/08/13 18:31:47.581, NVIDIA H200, 54, 100 %, 44 %, 143095 MiB, 143771 MiB
2026/08/13 18:31:50.581, NVIDIA H200, 55, 100 %, 48 %, 143095 MiB, 143771 MiB
2026/08/13 18:31:53.582, NVIDIA H200, 54, 100 %, 47 %, 143095 MiB, 143771 MiB
2026/08/13 18:31:56.582, NVIDIA H200, 55, 100 %, 50 %, 143095 MiB, 143771 MiB
2026/08/13 18:31:59.582, NVIDIA H200, 57, 100 %, 33 %, 143095 MiB, 143771 MiB
2026/08/13 18:32:02.583, NVIDIA H200, 54, 100 %, 50 %, 143095 MiB, 143771 MiB
2026/08/13 18:32:05.583, NVIDIA H200, 56, 100 %, 37 %, 143095 MiB, 143771 MiB
2026/08/13 18:32:08.584, NVIDIA H200, 54, 99 %, 35 %, 143095 MiB, 143771 MiB
2026/08/13 18:32:11.584, NVIDIA H200, 58, 100 %, 37 %, 143095 MiB, 143771 MiB
2026/08/13 18:32:14.584, NVIDIA H200, 54, 100 %, 57 %, 143095 MiB, 143771 MiB
2026/08/13 18:32:17.585, NVIDIA H200, 57, 100 %, 57 %, 143095 MiB, 143771 MiB
2026/08/13 18:32:20.585, NVIDIA H200, 59, 100 %, 58 %, 143095 MiB, 143771 MiB
2026/08/13 18:32:23.586, NVIDIA H200, 58, 100 %, 47 %, 143095 MiB, 143771 MiB
2026/08/13 18:32:26.586, NVIDIA H200, 57, 100 %, 60 %, 143095 MiB, 143771 MiB
2026/08/13 18:32:29.587, NVIDIA H200, 58, 100 %, 44 %, 143095 MiB, 143771 MiB
2026/08/13 18:32:32.587, NVIDIA H200, 57, 98 %, 62 %, 143095 MiB, 143771 MiB
2026/08/13 18:32:35.588, NVIDIA H200, 56, 100 %, 49 %, 143095 MiB, 143771 MiB
2026/08/13 18:32:38.588, NVIDIA H200, 57, 100 %, 21 %, 143095 MiB, 143771 MiB
2026/08/13 18:32:41.588, NVIDIA H200, 57, 99 %, 38 %, 143095 MiB, 143771 MiB
2026/08/13 18:32:44.589, NVIDIA H200, 57, 77 %, 19 %, 38141 MiB, 143771 MiB
2026/08/13 18:32:47.589, NVIDIA H200, 54, 100 %, 41 %, 101275 MiB, 143771 MiB
2026/08/13 18:32:50.590, NVIDIA H200, 47, 100 %, 6 %, 112083 MiB, 143771 MiB
2026/08/13 18:32:53.590, NVIDIA H200, 33, 100 %, 1 %, 112083 MiB, 143771 MiB
2026/08/13 18:32:56.591, NVIDIA H200, 46, 100 %, 12 %, 106335 MiB, 143771 MiB
2026/08/13 18:32:59.591, NVIDIA H200, 35, 100 %, 2 %, 106335 MiB, 143771 MiB
2026/08/13 18:33:02.591, NVIDIA H200, 38, 100 %, 3 %, 77509 MiB, 143771 MiB
2026/08/13 18:33:05.592, NVIDIA H200, 43, 66 %, 15 %, 65265 MiB, 143771 MiB
2026/08/13 18:33:08.592, NVIDIA H200, 49, 57 %, 9 %, 53809 MiB, 143771 MiB
2026/08/13 18:33:11.592, NVIDIA H200, 44, 100 %, 3 %, 45705 MiB, 143771 MiB
2026/08/13 18:33:14.593, NVIDIA H200, 33, 100 %, 0 %, 45705 MiB, 143771 MiB
2026/08/13 18:33:17.593, NVIDIA H200, 30, 0 %, 0 %, 26619 MiB, 143771 MiB
2026/08/13 18:33:20.594, NVIDIA H200, 27, 0 %, 0 %, 26619 MiB, 143771 MiB
2026/08/13 18:33:23.594, NVIDIA H200, 28, 13 %, 0 %, 51823 MiB, 143771 MiB
2026/08/13 18:33:26.595, NVIDIA H200, 52, 99 %, 39 %, 51823 MiB, 143771 MiB
2026/08/13 18:33:29.595, NVIDIA H200, 48, 100 %, 1 %, 18333 MiB, 143771 MiB
2026/08/13 18:33:32.596, NVIDIA H200, 29, 0 %, 0 %, 19413 MiB, 143771 MiB
2026/08/13 18:33:35.596, NVIDIA H200, 27, 0 %, 0 %, 19413 MiB, 143771 MiB
2026/08/13 18:33:38.597, NVIDIA H200, 29, 0 %, 0 %, 142683 MiB, 143771 MiB
2026/08/13 18:33:41.597, NVIDIA H200, 52, 100 %, 48 %, 142683 MiB, 143771 MiB
2026/08/13 18:33:44.598, NVIDIA H200, 53, 98 %, 74 %, 142683 MiB, 143771 MiB
2026/08/13 18:33:47.598, NVIDIA H200, 50, 100 %, 58 %, 142683 MiB, 143771 MiB
2026/08/13 18:33:50.599, NVIDIA H200, 56, 100 %, 44 %, 142683 MiB, 143771 MiB
2026/08/13 18:33:53.599, NVIDIA H200, 58, 98 %, 32 %, 142683 MiB, 143771 MiB
2026/08/13 18:33:56.599, NVIDIA H200, 60, 100 %, 45 %, 142683 MiB, 143771 MiB
2026/08/13 18:33:59.600, NVIDIA H200, 55, 100 %, 58 %, 142683 MiB, 143771 MiB
2026/08/13 18:34:02.600, NVIDIA H200, 56, 100 %, 46 %, 142683 MiB, 143771 MiB
2026/08/13 18:34:05.600, NVIDIA H200, 57, 99 %, 67 %, 142683 MiB, 143771 MiB
2026/08/13 18:34:08.601, NVIDIA H200, 53, 100 %, 54 %, 142683 MiB, 143771 MiB
2026/08/13 18:34:11.601, NVIDIA H200, 58, 100 %, 26 %, 142683 MiB, 143771 MiB
2026/08/13 18:34:14.602, NVIDIA H200, 58, 98 %, 35 %, 142683 MiB, 143771 MiB
2026/08/13 18:34:17.602, NVIDIA H200, 60, 100 %, 40 %, 142683 MiB, 143771 MiB
2026/08/13 18:34:20.603, NVIDIA H200, 55, 100 %, 57 %, 142683 MiB, 143771 MiB
2026/08/13 18:34:23.603, NVIDIA H200, 56, 100 %, 43 %, 142683 MiB, 143771 MiB
2026/08/13 18:34:26.603, NVIDIA H200, 57, 98 %, 58 %, 142683 MiB, 143771 MiB
2026/08/13 18:34:29.604, NVIDIA H200, 55, 100 %, 49 %, 142683 MiB, 143771 MiB
2026/08/13 18:34:32.604, NVIDIA H200, 58, 100 %, 22 %, 142683 MiB, 143771 MiB
2026/08/13 18:34:35.604, NVIDIA H200, 57, 100 %, 41 %, 142683 MiB, 143771 MiB
2026/08/13 18:34:38.605, NVIDIA H200, 61, 100 %, 47 %, 142683 MiB, 143771 MiB
2026/08/13 18:34:41.605, NVIDIA H200, 55, 100 %, 49 %, 142683 MiB, 143771 MiB
2026/08/13 18:34:44.606, NVIDIA H200, 56, 100 %, 51 %, 142683 MiB, 143771 MiB
2026/08/13 18:34:47.606, NVIDIA H200, 58, 99 %, 56 %, 142683 MiB, 143771 MiB
2026/08/13 18:34:50.607, NVIDIA H200, 55, 100 %, 48 %, 142683 MiB, 143771 MiB
2026/08/13 18:34:53.607, NVIDIA H200, 59, 100 %, 26 %, 142683 MiB, 143771 MiB
2026/08/13 18:34:56.608, NVIDIA H200, 58, 100 %, 49 %, 142683 MiB, 143771 MiB
2026/08/13 18:34:59.608, NVIDIA H200, 61, 100 %, 47 %, 142683 MiB, 143771 MiB
2026/08/13 18:35:02.609, NVIDIA H200, 55, 100 %, 50 %, 142683 MiB, 143771 MiB
2026/08/13 18:35:05.609, NVIDIA H200, 56, 100 %, 53 %, 142683 MiB, 143771 MiB
2026/08/13 18:35:08.609, NVIDIA H200, 35, 0 %, 0 %, 142683 MiB, 143771 MiB
2026/08/13 18:35:11.610, NVIDIA H200, 29, 0 %, 0 %, 142683 MiB, 143771 MiB
2026/08/13 18:35:14.610, NVIDIA H200, 44, 100 %, 59 %, 142683 MiB, 143771 MiB
2026/08/13 18:35:17.611, NVIDIA H200, 34, 0 %, 0 %, 142683 MiB, 143771 MiB
2026/08/13 18:35:20.611, NVIDIA H200, 28, 0 %, 0 %, 142683 MiB, 143771 MiB
2026/08/13 18:35:23.611, NVIDIA H200, 42, 100 %, 54 %, 142683 MiB, 143771 MiB
2026/08/13 18:35:26.612, NVIDIA H200, 51, 100 %, 56 %, 142683 MiB, 143771 MiB
2026/08/13 18:35:29.612, NVIDIA H200, 56, 100 %, 48 %, 142683 MiB, 143771 MiB
2026/08/13 18:35:32.613, NVIDIA H200, 54, 100 %, 51 %, 142683 MiB, 143771 MiB
2026/08/13 18:35:35.613, NVIDIA H200, 57, 100 %, 35 %, 142683 MiB, 143771 MiB
2026/08/13 18:35:38.613, NVIDIA H200, 59, 100 %, 59 %, 142683 MiB, 143771 MiB
2026/08/13 18:35:41.614, NVIDIA H200, 62, 100 %, 42 %, 142683 MiB, 143771 MiB
2026/08/13 18:35:44.614, NVIDIA H200, 56, 100 %, 56 %, 142683 MiB, 143771 MiB
2026/08/13 18:35:47.615, NVIDIA H200, 57, 100 %, 50 %, 142683 MiB, 143771 MiB
2026/08/13 18:35:50.615, NVIDIA H200, 56, 100 %, 51 %, 142683 MiB, 143771 MiB
2026/08/13 18:35:53.616, NVIDIA H200, 53, 100 %, 45 %, 142683 MiB, 143771 MiB
2026/08/13 18:35:56.616, NVIDIA H200, 57, 100 %, 48 %, 142683 MiB, 143771 MiB
2026/08/13 18:35:59.617, NVIDIA H200, 59, 100 %, 55 %, 142683 MiB, 143771 MiB
2026/08/13 18:36:02.617, NVIDIA H200, 62, 100 %, 49 %, 142683 MiB, 143771 MiB
2026/08/13 18:36:05.617, NVIDIA H200, 56, 100 %, 58 %, 142683 MiB, 143771 MiB
2026/08/13 18:36:08.618, NVIDIA H200, 57, 100 %, 52 %, 142683 MiB, 143771 MiB
2026/08/13 18:36:11.618, NVIDIA H200, 57, 100 %, 44 %, 142683 MiB, 143771 MiB
2026/08/13 18:36:14.619, NVIDIA H200, 53, 100 %, 46 %, 142683 MiB, 143771 MiB
2026/08/13 18:36:17.619, NVIDIA H200, 58, 100 %, 53 %, 142683 MiB, 143771 MiB
2026/08/13 18:36:20.619, NVIDIA H200, 58, 100 %, 41 %, 142683 MiB, 143771 MiB
2026/08/13 18:36:23.620, NVIDIA H200, 60, 100 %, 47 %, 142683 MiB, 143771 MiB
2026/08/13 18:36:26.620, NVIDIA H200, 55, 99 %, 60 %, 142683 MiB, 143771 MiB
2026/08/13 18:36:29.621, NVIDIA H200, 56, 100 %, 56 %, 142683 MiB, 143771 MiB
2026/08/13 18:36:32.621, NVIDIA H200, 58, 100 %, 49 %, 142683 MiB, 143771 MiB
2026/08/13 18:36:35.621, NVIDIA H200, 56, 98 %, 39 %, 142683 MiB, 143771 MiB
2026/08/13 18:36:38.622, NVIDIA H200, 58, 100 %, 55 %, 142683 MiB, 143771 MiB
2026/08/13 18:36:41.622, NVIDIA H200, 58, 100 %, 53 %, 142683 MiB, 143771 MiB
2026/08/13 18:36:44.623, NVIDIA H200, 60, 100 %, 46 %, 142683 MiB, 143771 MiB
2026/08/13 18:36:47.623, NVIDIA H200, 55, 98 %, 60 %, 142683 MiB, 143771 MiB
2026/08/13 18:36:50.624, NVIDIA H200, 56, 100 %, 57 %, 142683 MiB, 143771 MiB
2026/08/13 18:36:53.624, NVIDIA H200, 57, 100 %, 42 %, 142683 MiB, 143771 MiB
2026/08/13 18:36:56.625, NVIDIA H200, 30, 0 %, 0 %, 142683 MiB, 143771 MiB
2026/08/13 18:36:59.625, NVIDIA H200, 28, 0 %, 0 %, 142683 MiB, 143771 MiB
2026/08/13 18:37:02.625, NVIDIA H200, 48, 100 %, 53 %, 142683 MiB, 143771 MiB
2026/08/13 18:37:05.626, NVIDIA H200, 34, 0 %, 0 %, 142683 MiB, 143771 MiB
2026/08/13 18:37:08.626, NVIDIA H200, 28, 0 %, 0 %, 142683 MiB, 143771 MiB
2026/08/13 18:37:11.627, NVIDIA H200, 27, 0 %, 0 %, 142683 MiB, 143771 MiB
2026/08/13 18:37:14.627, NVIDIA H200, 50, 100 %, 45 %, 142683 MiB, 143771 MiB
2026/08/13 18:37:17.628, NVIDIA H200, 52, 100 %, 48 %, 142683 MiB, 143771 MiB
2026/08/13 18:37:20.628, NVIDIA H200, 57, 100 %, 22 %, 142683 MiB, 143771 MiB
2026/08/13 18:37:23.629, NVIDIA H200, 56, 99 %, 40 %, 142683 MiB, 143771 MiB
2026/08/13 18:37:26.629, NVIDIA H200, 60, 100 %, 45 %, 142683 MiB, 143771 MiB
2026/08/13 18:37:29.630, NVIDIA H200, 54, 100 %, 54 %, 142683 MiB, 143771 MiB
2026/08/13 18:37:32.630, NVIDIA H200, 56, 100 %, 44 %, 142683 MiB, 143771 MiB
2026/08/13 18:37:35.631, NVIDIA H200, 58, 99 %, 56 %, 142683 MiB, 143771 MiB
2026/08/13 18:37:38.631, NVIDIA H200, 56, 100 %, 49 %, 142683 MiB, 143771 MiB
2026/08/13 18:37:41.632, NVIDIA H200, 58, 100 %, 23 %, 142683 MiB, 143771 MiB
2026/08/13 18:37:44.632, NVIDIA H200, 57, 100 %, 46 %, 142683 MiB, 143771 MiB
2026/08/13 18:37:47.632, NVIDIA H200, 61, 100 %, 46 %, 142683 MiB, 143771 MiB
2026/08/13 18:37:50.633, NVIDIA H200, 55, 100 %, 50 %, 142683 MiB, 143771 MiB
2026/08/13 18:37:53.633, NVIDIA H200, 56, 100 %, 52 %, 142683 MiB, 143771 MiB
2026/08/13 18:37:56.634, NVIDIA H200, 58, 100 %, 50 %, 142683 MiB, 143771 MiB
2026/08/13 18:37:59.634, NVIDIA H200, 56, 100 %, 50 %, 142683 MiB, 143771 MiB
2026/08/13 18:38:02.634, NVIDIA H200, 57, 100 %, 35 %, 142683 MiB, 143771 MiB
2026/08/13 18:38:05.635, NVIDIA H200, 58, 100 %, 52 %, 142683 MiB, 143771 MiB
2026/08/13 18:38:08.635, NVIDIA H200, 60, 100 %, 44 %, 142683 MiB, 143771 MiB
2026/08/13 18:38:11.636, NVIDIA H200, 56, 100 %, 55 %, 142683 MiB, 143771 MiB
2026/08/13 18:38:14.636, NVIDIA H200, 57, 100 %, 53 %, 142683 MiB, 143771 MiB
2026/08/13 18:38:17.637, NVIDIA H200, 59, 100 %, 47 %, 142683 MiB, 143771 MiB
2026/08/13 18:38:20.637, NVIDIA H200, 56, 100 %, 51 %, 142683 MiB, 143771 MiB
2026/08/13 18:38:23.637, NVIDIA H200, 59, 100 %, 35 %, 142683 MiB, 143771 MiB
2026/08/13 18:38:26.638, NVIDIA H200, 59, 99 %, 35 %, 142683 MiB, 143771 MiB
2026/08/13 18:38:29.638, NVIDIA H200, 62, 100 %, 37 %, 142683 MiB, 143771 MiB
2026/08/13 18:38:32.638, NVIDIA H200, 55, 100 %, 55 %, 142683 MiB, 143771 MiB
2026/08/13 18:38:35.639, NVIDIA H200, 56, 100 %, 43 %, 142683 MiB, 143771 MiB
2026/08/13 18:38:38.639, NVIDIA H200, 58, 99 %, 56 %, 142683 MiB, 143771 MiB
2026/08/13 18:38:41.639, NVIDIA H200, 56, 100 %, 46 %, 142683 MiB, 143771 MiB
2026/08/13 18:38:44.640, NVIDIA H200, 31, 0 %, 0 %, 142683 MiB, 143771 MiB
2026/08/13 18:38:47.640, NVIDIA H200, 28, 0 %, 0 %, 142683 MiB, 143771 MiB
2026/08/13 18:38:50.641, NVIDIA H200, 52, 100 %, 55 %, 142683 MiB, 143771 MiB
2026/08/13 18:38:53.641, NVIDIA H200, 30, 0 %, 0 %, 142683 MiB, 143771 MiB
2026/08/13 18:38:56.642, NVIDIA H200, 28, 0 %, 0 %, 142683 MiB, 143771 MiB
2026/08/13 18:38:59.642, NVIDIA H200, 35, 0 %, 0 %, 142683 MiB, 143771 MiB
2026/08/13 18:39:02.643, NVIDIA H200, 55, 100 %, 21 %, 142683 MiB, 143771 MiB
2026/08/13 18:39:05.643, NVIDIA H200, 50, 100 %, 47 %, 142683 MiB, 143771 MiB
2026/08/13 18:39:08.643, NVIDIA H200, 57, 100 %, 21 %, 142683 MiB, 143771 MiB
2026/08/13 18:39:11.644, NVIDIA H200, 57, 100 %, 42 %, 142683 MiB, 143771 MiB
2026/08/13 18:39:14.644, NVIDIA H200, 60, 100 %, 46 %, 142683 MiB, 143771 MiB
2026/08/13 18:39:17.645, NVIDIA H200, 55, 100 %, 51 %, 142683 MiB, 143771 MiB
2026/08/13 18:39:20.645, NVIDIA H200, 56, 100 %, 55 %, 142683 MiB, 143771 MiB
2026/08/13 18:39:23.645, NVIDIA H200, 58, 99 %, 54 %, 142683 MiB, 143771 MiB
2026/08/13 18:39:26.646, NVIDIA H200, 55, 100 %, 48 %, 142683 MiB, 143771 MiB
2026/08/13 18:39:29.646, NVIDIA H200, 58, 100 %, 29 %, 142683 MiB, 143771 MiB
2026/08/13 18:39:32.647, NVIDIA H200, 57, 100 %, 51 %, 142683 MiB, 143771 MiB
2026/08/13 18:39:35.647, NVIDIA H200, 60, 100 %, 47 %, 142683 MiB, 143771 MiB
2026/08/13 18:39:38.647, NVIDIA H200, 55, 100 %, 51 %, 142683 MiB, 143771 MiB
2026/08/13 18:39:41.648, NVIDIA H200, 56, 100 %, 55 %, 142683 MiB, 143771 MiB
2026/08/13 18:39:44.648, NVIDIA H200, 59, 100 %, 47 %, 142683 MiB, 143771 MiB
2026/08/13 18:39:47.649, NVIDIA H200, 56, 100 %, 49 %, 142683 MiB, 143771 MiB
2026/08/13 18:39:50.649, NVIDIA H200, 57, 100 %, 35 %, 142683 MiB, 143771 MiB
2026/08/13 18:39:53.650, NVIDIA H200, 58, 100 %, 57 %, 142683 MiB, 143771 MiB
2026/08/13 18:39:56.650, NVIDIA H200, 59, 100 %, 48 %, 142683 MiB, 143771 MiB
2026/08/13 18:39:59.651, NVIDIA H200, 56, 98 %, 72 %, 142683 MiB, 143771 MiB
2026/08/13 18:40:02.651, NVIDIA H200, 58, 100 %, 57 %, 142683 MiB, 143771 MiB
2026/08/13 18:40:05.651, NVIDIA H200, 58, 100 %, 35 %, 142683 MiB, 143771 MiB
2026/08/13 18:40:08.652, NVIDIA H200, 56, 97 %, 32 %, 142683 MiB, 143771 MiB
2026/08/13 18:40:11.652, NVIDIA H200, 59, 100 %, 39 %, 142683 MiB, 143771 MiB
2026/08/13 18:40:14.653, NVIDIA H200, 57, 100 %, 61 %, 142683 MiB, 143771 MiB
2026/08/13 18:40:17.653, NVIDIA H200, 59, 100 %, 45 %, 142683 MiB, 143771 MiB
2026/08/13 18:40:20.653, NVIDIA H200, 57, 99 %, 59 %, 142683 MiB, 143771 MiB
2026/08/13 18:40:23.654, NVIDIA H200, 57, 100 %, 49 %, 142683 MiB, 143771 MiB
2026/08/13 18:40:26.654, NVIDIA H200, 57, 100 %, 23 %, 142683 MiB, 143771 MiB
2026/08/13 18:40:29.654, NVIDIA H200, 39, 0 %, 0 %, 142683 MiB, 143771 MiB
2026/08/13 18:40:32.655, NVIDIA H200, 29, 0 %, 0 %, 142683 MiB, 143771 MiB
2026/08/13 18:40:35.655, NVIDIA H200, 37, 66 %, 40 %, 142683 MiB, 143771 MiB
2026/08/13 18:40:38.656, NVIDIA H200, 54, 100 %, 51 %, 142683 MiB, 143771 MiB
2026/08/13 18:40:41.656, NVIDIA H200, 29, 0 %, 0 %, 142683 MiB, 143771 MiB
2026/08/13 18:40:44.657, NVIDIA H200, 27, 0 %, 0 %, 142683 MiB, 143771 MiB
2026/08/13 18:40:47.657, NVIDIA H200, 27, 0 %, 0 %, 142683 MiB, 143771 MiB
2026/08/13 18:40:50.658, NVIDIA H200, 27, 0 %, 0 %, 142683 MiB, 143771 MiB
2026/08/13 18:40:53.658, NVIDIA H200, 27, 0 %, 0 %, 142683 MiB, 143771 MiB
2026/08/13 18:40:56.659, NVIDIA H200, 52, 100 %, 50 %, 142683 MiB, 143771 MiB
2026/08/13 18:40:59.659, NVIDIA H200, 50, 99 %, 47 %, 142683 MiB, 143771 MiB
2026/08/13 18:41:02.659, NVIDIA H200, 55, 98 %, 65 %, 142683 MiB, 143771 MiB
2026/08/13 18:41:05.660, NVIDIA H200, 56, 100 %, 55 %, 142683 MiB, 143771 MiB
2026/08/13 18:41:08.660, NVIDIA H200, 56, 100 %, 26 %, 142683 MiB, 143771 MiB
2026/08/13 18:41:11.661, NVIDIA H200, 53, 98 %, 35 %, 142683 MiB, 143771 MiB
2026/08/13 18:41:14.661, NVIDIA H200, 57, 100 %, 39 %, 142683 MiB, 143771 MiB
2026/08/13 18:41:17.662, NVIDIA H200, 58, 100 %, 57 %, 142683 MiB, 143771 MiB
2026/08/13 18:41:20.662, NVIDIA H200, 61, 100 %, 44 %, 142683 MiB, 143771 MiB
2026/08/13 18:41:23.662, NVIDIA H200, 55, 99 %, 58 %, 142683 MiB, 143771 MiB
2026/08/13 18:41:26.663, NVIDIA H200, 56, 100 %, 49 %, 142683 MiB, 143771 MiB
2026/08/13 18:41:29.663, NVIDIA H200, 56, 100 %, 22 %, 142683 MiB, 143771 MiB
2026/08/13 18:41:32.664, NVIDIA H200, 52, 100 %, 42 %, 142683 MiB, 143771 MiB
2026/08/13 18:41:35.664, NVIDIA H200, 58, 100 %, 46 %, 142683 MiB, 143771 MiB
2026/08/13 18:41:38.665, NVIDIA H200, 58, 100 %, 51 %, 142683 MiB, 143771 MiB
2026/08/13 18:41:41.665, NVIDIA H200, 59, 100 %, 49 %, 142683 MiB, 143771 MiB
2026/08/13 18:41:44.665, NVIDIA H200, 56, 99 %, 56 %, 142683 MiB, 143771 MiB
2026/08/13 18:41:47.666, NVIDIA H200, 56, 100 %, 49 %, 142683 MiB, 143771 MiB
2026/08/13 18:41:50.666, NVIDIA H200, 57, 100 %, 28 %, 142683 MiB, 143771 MiB
2026/08/13 18:41:53.667, NVIDIA H200, 60, 100 %, 49 %, 142683 MiB, 143771 MiB
2026/08/13 18:41:56.667, NVIDIA H200, 59, 100 %, 47 %, 142683 MiB, 143771 MiB
2026/08/13 18:41:59.667, NVIDIA H200, 58, 100 %, 51 %, 142683 MiB, 143771 MiB
2026/08/13 18:42:02.668, NVIDIA H200, 58, 100 %, 54 %, 142683 MiB, 143771 MiB
2026/08/13 18:42:05.668, NVIDIA H200, 55, 100 %, 50 %, 142683 MiB, 143771 MiB
2026/08/13 18:42:08.669, NVIDIA H200, 57, 100 %, 58 %, 142683 MiB, 143771 MiB
2026/08/13 18:42:11.669, NVIDIA H200, 59, 100 %, 41 %, 142683 MiB, 143771 MiB
2026/08/13 18:42:14.670, NVIDIA H200, 57, 98 %, 32 %, 142683 MiB, 143771 MiB
2026/08/13 18:42:17.670, NVIDIA H200, 58, 100 %, 43 %, 142683 MiB, 143771 MiB
2026/08/13 18:42:20.670, NVIDIA H200, 57, 100 %, 58 %, 142683 MiB, 143771 MiB
2026/08/13 18:42:23.671, NVIDIA H200, 58, 100 %, 47 %, 142683 MiB, 143771 MiB
2026/08/13 18:42:26.671, NVIDIA H200, 31, 0 %, 0 %, 142683 MiB, 143771 MiB
2026/08/13 18:42:29.672, NVIDIA H200, 28, 0 %, 0 %, 142683 MiB, 143771 MiB
2026/08/13 18:42:32.672, NVIDIA H200, 27, 0 %, 0 %, 142683 MiB, 143771 MiB
2026/08/13 18:42:35.673, NVIDIA H200, 55, 100 %, 49 %, 142683 MiB, 143771 MiB
2026/08/13 18:42:38.673, NVIDIA H200, 28, 0 %, 0 %, 142683 MiB, 143771 MiB
2026/08/13 18:42:41.673, NVIDIA H200, 27, 0 %, 0 %, 142683 MiB, 143771 MiB
2026/08/13 18:42:44.674, NVIDIA H200, 42, 0 %, 0 %, 142683 MiB, 143771 MiB
2026/08/13 18:42:47.675, NVIDIA H200, 54, 100 %, 52 %, 142683 MiB, 143771 MiB
2026/08/13 18:42:50.675, NVIDIA H200, 53, 98 %, 61 %, 142683 MiB, 143771 MiB
2026/08/13 18:42:53.676, NVIDIA H200, 55, 100 %, 56 %, 142683 MiB, 143771 MiB
2026/08/13 18:42:56.676, NVIDIA H200, 57, 100 %, 49 %, 142683 MiB, 143771 MiB
2026/08/13 18:42:59.677, NVIDIA H200, 55, 97 %, 39 %, 142683 MiB, 143771 MiB
2026/08/13 18:43:02.677, NVIDIA H200, 58, 100 %, 65 %, 142683 MiB, 143771 MiB
2026/08/13 18:43:05.678, NVIDIA H200, 57, 100 %, 54 %, 142683 MiB, 143771 MiB
2026/08/13 18:43:08.678, NVIDIA H200, 60, 100 %, 45 %, 142683 MiB, 143771 MiB
2026/08/13 18:43:11.679, NVIDIA H200, 55, 98 %, 66 %, 142683 MiB, 143771 MiB
2026/08/13 18:43:14.679, NVIDIA H200, 56, 100 %, 57 %, 142683 MiB, 143771 MiB
2026/08/13 18:43:17.679, NVIDIA H200, 58, 100 %, 48 %, 142683 MiB, 143771 MiB
2026/08/13 18:43:20.680, NVIDIA H200, 55, 97 %, 46 %, 142683 MiB, 143771 MiB
2026/08/13 18:43:23.680, NVIDIA H200, 58, 100 %, 59 %, 142683 MiB, 143771 MiB
2026/08/13 18:43:26.681, NVIDIA H200, 57, 100 %, 51 %, 142683 MiB, 143771 MiB
2026/08/13 18:43:29.681, NVIDIA H200, 60, 100 %, 46 %, 142683 MiB, 143771 MiB
2026/08/13 18:43:32.681, NVIDIA H200, 55, 99 %, 68 %, 142683 MiB, 143771 MiB
2026/08/13 18:43:35.682, NVIDIA H200, 56, 100 %, 59 %, 142683 MiB, 143771 MiB
2026/08/13 18:43:38.682, NVIDIA H200, 58, 100 %, 46 %, 142683 MiB, 143771 MiB
2026/08/13 18:43:41.683, NVIDIA H200, 56, 98 %, 34 %, 142683 MiB, 143771 MiB
2026/08/13 18:43:44.683, NVIDIA H200, 58, 100 %, 45 %, 142683 MiB, 143771 MiB
2026/08/13 18:43:47.684, NVIDIA H200, 58, 100 %, 57 %, 142683 MiB, 143771 MiB
2026/08/13 18:43:50.684, NVIDIA H200, 59, 100 %, 47 %, 142683 MiB, 143771 MiB
2026/08/13 18:43:53.685, NVIDIA H200, 56, 98 %, 71 %, 142683 MiB, 143771 MiB
2026/08/13 18:43:56.685, NVIDIA H200, 55, 100 %, 49 %, 142683 MiB, 143771 MiB
2026/08/13 18:43:59.686, NVIDIA H200, 57, 100 %, 44 %, 142683 MiB, 143771 MiB
2026/08/13 18:44:02.686, NVIDIA H200, 55, 98 %, 44 %, 142683 MiB, 143771 MiB
2026/08/13 18:44:05.686, NVIDIA H200, 58, 100 %, 51 %, 142683 MiB, 143771 MiB
2026/08/13 18:44:08.687, NVIDIA H200, 58, 100 %, 57 %, 142683 MiB, 143771 MiB
2026/08/13 18:44:11.687, NVIDIA H200, 60, 100 %, 48 %, 142683 MiB, 143771 MiB
2026/08/13 18:44:14.688, NVIDIA H200, 31, 0 %, 0 %, 142683 MiB, 143771 MiB
2026/08/13 18:44:17.688, NVIDIA H200, 28, 0 %, 0 %, 142683 MiB, 143771 MiB
2026/08/13 18:44:20.688, NVIDIA H200, 28, 0 %, 0 %, 142683 MiB, 143771 MiB
2026/08/13 18:44:23.689, NVIDIA H200, 44, 64 %, 32 %, 142683 MiB, 143771 MiB
2026/08/13 18:44:26.689, NVIDIA H200, 28, 0 %, 0 %, 142683 MiB, 143771 MiB
2026/08/13 18:44:29.690, NVIDIA H200, 27, 0 %, 0 %, 142683 MiB, 143771 MiB
2026/08/13 18:44:32.690, NVIDIA H200, 51, 100 %, 59 %, 142683 MiB, 143771 MiB
2026/08/13 18:44:35.691, NVIDIA H200, 55, 100 %, 38 %, 142683 MiB, 143771 MiB
2026/08/13 18:44:38.691, NVIDIA H200, 51, 86 %, 29 %, 142683 MiB, 143771 MiB
2026/08/13 18:44:41.692, NVIDIA H200, 57, 100 %, 37 %, 142683 MiB, 143771 MiB
2026/08/13 18:44:44.692, NVIDIA H200, 56, 100 %, 59 %, 142683 MiB, 143771 MiB
2026/08/13 18:44:47.692, NVIDIA H200, 57, 100 %, 47 %, 142683 MiB, 143771 MiB
2026/08/13 18:44:50.693, NVIDIA H200, 56, 100 %, 44 %, 142683 MiB, 143771 MiB
2026/08/13 18:44:53.693, NVIDIA H200, 57, 98 %, 44 %, 142683 MiB, 143771 MiB
2026/08/13 18:44:56.694, NVIDIA H200, 56, 100 %, 55 %, 142683 MiB, 143771 MiB
2026/08/13 18:44:59.694, NVIDIA H200, 57, 100 %, 54 %, 142683 MiB, 143771 MiB
2026/08/13 18:45:02.695, NVIDIA H200, 59, 100 %, 41 %, 142683 MiB, 143771 MiB
2026/08/13 18:45:05.695, NVIDIA H200, 57, 98 %, 59 %, 142683 MiB, 143771 MiB
2026/08/13 18:45:08.696, NVIDIA H200, 58, 100 %, 57 %, 142683 MiB, 143771 MiB
2026/08/13 18:45:11.696, NVIDIA H200, 56, 100 %, 51 %, 142683 MiB, 143771 MiB
2026/08/13 18:45:14.697, NVIDIA H200, 56, 98 %, 39 %, 142683 MiB, 143771 MiB
2026/08/13 18:45:17.697, NVIDIA H200, 57, 100 %, 63 %, 142683 MiB, 143771 MiB
2026/08/13 18:45:20.698, NVIDIA H200, 58, 100 %, 52 %, 142683 MiB, 143771 MiB
2026/08/13 18:45:23.698, NVIDIA H200, 60, 100 %, 44 %, 142683 MiB, 143771 MiB
2026/08/13 18:45:26.698, NVIDIA H200, 59, 98 %, 66 %, 142683 MiB, 143771 MiB
2026/08/13 18:45:29.699, NVIDIA H200, 59, 100 %, 58 %, 142683 MiB, 143771 MiB
2026/08/13 18:45:32.699, NVIDIA H200, 55, 100 %, 48 %, 142683 MiB, 143771 MiB
2026/08/13 18:45:35.700, NVIDIA H200, 56, 99 %, 47 %, 142683 MiB, 143771 MiB
2026/08/13 18:45:38.700, NVIDIA H200, 56, 100 %, 57 %, 142683 MiB, 143771 MiB
2026/08/13 18:45:41.701, NVIDIA H200, 60, 100 %, 53 %, 142683 MiB, 143771 MiB
2026/08/13 18:45:44.701, NVIDIA H200, 59, 100 %, 45 %, 142683 MiB, 143771 MiB
2026/08/13 18:45:47.702, NVIDIA H200, 58, 98 %, 72 %, 142683 MiB, 143771 MiB
2026/08/13 18:45:50.702, NVIDIA H200, 57, 100 %, 58 %, 142683 MiB, 143771 MiB
2026/08/13 18:45:53.702, NVIDIA H200, 55, 100 %, 47 %, 142683 MiB, 143771 MiB
2026/08/13 18:45:56.703, NVIDIA H200, 57, 99 %, 37 %, 142683 MiB, 143771 MiB
2026/08/13 18:45:59.703, NVIDIA H200, 58, 100 %, 43 %, 142683 MiB, 143771 MiB
2026/08/13 18:46:02.704, NVIDIA H200, 32, 0 %, 0 %, 142683 MiB, 143771 MiB
2026/08/13 18:46:05.704, NVIDIA H200, 28, 0 %, 0 %, 142683 MiB, 143771 MiB
2026/08/13 18:46:08.704, NVIDIA H200, 43, 100 %, 59 %, 142683 MiB, 143771 MiB
2026/08/13 18:46:11.705, NVIDIA H200, 41, 0 %, 0 %, 142683 MiB, 143771 MiB
2026/08/13 18:46:14.705, NVIDIA H200, 28, 0 %, 0 %, 142683 MiB, 143771 MiB
2026/08/13 18:46:17.706, NVIDIA H200, 53, 100 %, 54 %, 142683 MiB, 143771 MiB
2026/08/13 18:46:20.707, NVIDIA H200, 47, 0 %, 0 %, 142683 MiB, 143771 MiB
2026/08/13 18:46:23.707, NVIDIA H200, 59, 100 %, 43 %, 142683 MiB, 143771 MiB
2026/08/13 18:46:26.707, NVIDIA H200, 55, 98 %, 36 %, 142683 MiB, 143771 MiB
2026/08/13 18:46:29.708, NVIDIA H200, 58, 100 %, 41 %, 142683 MiB, 143771 MiB
2026/08/13 18:46:32.708, NVIDIA H200, 56, 100 %, 55 %, 142683 MiB, 143771 MiB
2026/08/13 18:46:35.709, NVIDIA H200, 58, 100 %, 43 %, 142683 MiB, 143771 MiB
2026/08/13 18:46:38.709, NVIDIA H200, 56, 99 %, 56 %, 142683 MiB, 143771 MiB
2026/08/13 18:46:41.710, NVIDIA H200, 56, 100 %, 49 %, 142683 MiB, 143771 MiB
2026/08/13 18:46:44.710, NVIDIA H200, 57, 100 %, 22 %, 142683 MiB, 143771 MiB
2026/08/13 18:46:47.711, NVIDIA H200, 58, 100 %, 45 %, 142683 MiB, 143771 MiB
2026/08/13 18:46:50.711, NVIDIA H200, 60, 100 %, 46 %, 142683 MiB, 143771 MiB
2026/08/13 18:46:53.711, NVIDIA H200, 58, 100 %, 51 %, 142683 MiB, 143771 MiB
2026/08/13 18:46:56.712, NVIDIA H200, 59, 100 %, 52 %, 142683 MiB, 143771 MiB
2026/08/13 18:46:59.712, NVIDIA H200, 55, 99 %, 54 %, 142683 MiB, 143771 MiB
2026/08/13 18:47:02.713, NVIDIA H200, 56, 100 %, 48 %, 142683 MiB, 143771 MiB
2026/08/13 18:47:05.713, NVIDIA H200, 56, 100 %, 30 %, 142683 MiB, 143771 MiB
2026/08/13 18:47:08.714, NVIDIA H200, 60, 100 %, 51 %, 142683 MiB, 143771 MiB
2026/08/13 18:47:11.714, NVIDIA H200, 59, 100 %, 48 %, 142683 MiB, 143771 MiB
2026/08/13 18:47:14.715, NVIDIA H200, 58, 100 %, 53 %, 142683 MiB, 143771 MiB
2026/08/13 18:47:17.715, NVIDIA H200, 57, 100 %, 54 %, 142683 MiB, 143771 MiB
2026/08/13 18:47:20.716, NVIDIA H200, 55, 100 %, 47 %, 142683 MiB, 143771 MiB
2026/08/13 18:47:23.716, NVIDIA H200, 57, 100 %, 49 %, 142683 MiB, 143771 MiB
2026/08/13 18:47:26.716, NVIDIA H200, 57, 100 %, 35 %, 142683 MiB, 143771 MiB
2026/08/13 18:47:29.717, NVIDIA H200, 59, 100 %, 57 %, 142683 MiB, 143771 MiB
2026/08/13 18:47:32.717, NVIDIA H200, 60, 100 %, 42 %, 142683 MiB, 143771 MiB
2026/08/13 18:47:35.718, NVIDIA H200, 57, 100 %, 52 %, 142683 MiB, 143771 MiB
2026/08/13 18:47:38.718, NVIDIA H200, 57, 100 %, 50 %, 142683 MiB, 143771 MiB
2026/08/13 18:47:41.718, NVIDIA H200, 57, 100 %, 49 %, 142683 MiB, 143771 MiB
2026/08/13 18:47:44.719, NVIDIA H200, 54, 100 %, 48 %, 142683 MiB, 143771 MiB
2026/08/13 18:47:47.719, NVIDIA H200, 34, 0 %, 0 %, 142683 MiB, 143771 MiB
2026/08/13 18:47:50.720, NVIDIA H200, 29, 0 %, 0 %, 142683 MiB, 143771 MiB
2026/08/13 18:47:53.720, NVIDIA H200, 33, 0 %, 0 %, 142683 MiB, 143771 MiB
2026/08/13 18:47:56.721, NVIDIA H200, 52, 100 %, 51 %, 142683 MiB, 143771 MiB
2026/08/13 18:47:59.721, NVIDIA H200, 29, 0 %, 0 %, 142683 MiB, 143771 MiB
2026/08/13 18:48:02.722, NVIDIA H200, 27, 0 %, 0 %, 142683 MiB, 143771 MiB
2026/08/13 18:48:05.722, NVIDIA H200, 40, 52 %, 43 %, 142683 MiB, 143771 MiB
2026/08/13 18:48:08.722, NVIDIA H200, 54, 100 %, 52 %, 142683 MiB, 143771 MiB
2026/08/13 18:48:11.723, NVIDIA H200, 52, 97 %, 52 %, 142683 MiB, 143771 MiB
2026/08/13 18:48:14.723, NVIDIA H200, 58, 100 %, 46 %, 142683 MiB, 143771 MiB
2026/08/13 18:48:17.724, NVIDIA H200, 54, 98 %, 68 %, 142683 MiB, 143771 MiB
2026/08/13 18:48:20.724, NVIDIA H200, 55, 100 %, 60 %, 142683 MiB, 143771 MiB
2026/08/13 18:48:23.725, NVIDIA H200, 58, 100 %, 47 %, 142683 MiB, 143771 MiB
2026/08/13 18:48:26.725, NVIDIA H200, 56, 100 %, 41 %, 142683 MiB, 143771 MiB
2026/08/13 18:48:29.726, NVIDIA H200, 57, 100 %, 46 %, 142683 MiB, 143771 MiB
2026/08/13 18:48:32.726, NVIDIA H200, 57, 100 %, 55 %, 142683 MiB, 143771 MiB
2026/08/13 18:48:35.727, NVIDIA H200, 59, 100 %, 47 %, 142683 MiB, 143771 MiB
2026/08/13 18:48:38.727, NVIDIA H200, 55, 98 %, 75 %, 142683 MiB, 143771 MiB
2026/08/13 18:48:41.728, NVIDIA H200, 57, 100 %, 57 %, 142683 MiB, 143771 MiB
2026/08/13 18:48:44.728, NVIDIA H200, 58, 100 %, 45 %, 142683 MiB, 143771 MiB
2026/08/13 18:48:47.728, NVIDIA H200, 56, 98 %, 36 %, 142683 MiB, 143771 MiB
2026/08/13 18:48:50.729, NVIDIA H200, 57, 100 %, 46 %, 142683 MiB, 143771 MiB
2026/08/13 18:48:53.729, NVIDIA H200, 57, 100 %, 54 %, 142683 MiB, 143771 MiB
2026/08/13 18:48:56.730, NVIDIA H200, 59, 100 %, 48 %, 142683 MiB, 143771 MiB
2026/08/13 18:48:59.730, NVIDIA H200, 55, 98 %, 75 %, 142683 MiB, 143771 MiB
2026/08/13 18:49:02.731, NVIDIA H200, 57, 100 %, 57 %, 142683 MiB, 143771 MiB
2026/08/13 18:49:05.731, NVIDIA H200, 58, 100 %, 38 %, 142683 MiB, 143771 MiB
2026/08/13 18:49:08.732, NVIDIA H200, 56, 99 %, 37 %, 142683 MiB, 143771 MiB
2026/08/13 18:49:11.732, NVIDIA H200, 58, 100 %, 48 %, 142683 MiB, 143771 MiB
2026/08/13 18:49:14.732, NVIDIA H200, 59, 98 %, 46 %, 142683 MiB, 143771 MiB
2026/08/13 18:49:17.733, NVIDIA H200, 61, 100 %, 66 %, 142683 MiB, 143771 MiB
2026/08/13 18:49:20.733, NVIDIA H200, 56, 100 %, 51 %, 142683 MiB, 143771 MiB
2026/08/13 18:49:23.734, NVIDIA H200, 58, 100 %, 48 %, 142683 MiB, 143771 MiB
2026/08/13 18:49:26.734, NVIDIA H200, 56, 100 %, 50 %, 142683 MiB, 143771 MiB
2026/08/13 18:49:29.735, NVIDIA H200, 54, 100 %, 48 %, 142683 MiB, 143771 MiB
2026/08/13 18:49:32.735, NVIDIA H200, 58, 100 %, 42 %, 142683 MiB, 143771 MiB
2026/08/13 18:49:35.735, NVIDIA H200, 38, 0 %, 0 %, 142683 MiB, 143771 MiB
2026/08/13 18:49:38.736, NVIDIA H200, 29, 0 %, 0 %, 142683 MiB, 143771 MiB
2026/08/13 18:49:41.736, NVIDIA H200, 32, 0 %, 0 %, 142683 MiB, 143771 MiB
2026/08/13 18:49:44.737, NVIDIA H200, 54, 100 %, 55 %, 142683 MiB, 143771 MiB
2026/08/13 18:49:47.737, NVIDIA H200, 29, 0 %, 0 %, 142683 MiB, 143771 MiB
2026/08/13 18:49:50.737, NVIDIA H200, 27, 0 %, 0 %, 142683 MiB, 143771 MiB
2026/08/13 18:49:53.738, NVIDIA H200, 27, 0 %, 0 %, 142683 MiB, 143771 MiB
2026/08/13 18:49:56.738, NVIDIA H200, 43, 92 %, 47 %, 142683 MiB, 143771 MiB
2026/08/13 18:49:59.739, NVIDIA H200, 31, 0 %, 0 %, 142683 MiB, 143771 MiB
2026/08/13 18:50:02.739, NVIDIA H200, 44, 35 %, 20 %, 142683 MiB, 143771 MiB
2026/08/13 18:50:05.740, NVIDIA H200, 56, 100 %, 47 %, 142683 MiB, 143771 MiB
2026/08/13 18:50:08.740, NVIDIA H200, 57, 100 %, 56 %, 142683 MiB, 143771 MiB
2026/08/13 18:50:11.741, NVIDIA H200, 60, 100 %, 53 %, 142683 MiB, 143771 MiB
2026/08/13 18:50:14.741, NVIDIA H200, 55, 99 %, 57 %, 142683 MiB, 143771 MiB
2026/08/13 18:50:17.742, NVIDIA H200, 56, 100 %, 52 %, 142683 MiB, 143771 MiB
2026/08/13 18:50:20.742, NVIDIA H200, 56, 100 %, 44 %, 142683 MiB, 143771 MiB
2026/08/13 18:50:23.742, NVIDIA H200, 51, 99 %, 47 %, 142683 MiB, 143771 MiB
2026/08/13 18:50:26.743, NVIDIA H200, 58, 100 %, 51 %, 142683 MiB, 143771 MiB
2026/08/13 18:50:29.743, NVIDIA H200, 58, 100 %, 55 %, 142683 MiB, 143771 MiB
2026/08/13 18:50:32.743, NVIDIA H200, 60, 100 %, 53 %, 142683 MiB, 143771 MiB
2026/08/13 18:50:35.744, NVIDIA H200, 55, 99 %, 50 %, 142683 MiB, 143771 MiB
2026/08/13 18:50:38.744, NVIDIA H200, 55, 100 %, 49 %, 142683 MiB, 143771 MiB
2026/08/13 18:50:41.745, NVIDIA H200, 57, 100 %, 44 %, 142683 MiB, 143771 MiB
2026/08/13 18:50:44.745, NVIDIA H200, 53, 99 %, 46 %, 142683 MiB, 143771 MiB
2026/08/13 18:50:47.745, NVIDIA H200, 58, 100 %, 50 %, 142683 MiB, 143771 MiB
2026/08/13 18:50:50.746, NVIDIA H200, 58, 100 %, 57 %, 142683 MiB, 143771 MiB
2026/08/13 18:50:53.747, NVIDIA H200, 61, 100 %, 51 %, 142683 MiB, 143771 MiB
2026/08/13 18:50:56.747, NVIDIA H200, 55, 99 %, 55 %, 142683 MiB, 143771 MiB
2026/08/13 18:50:59.747, NVIDIA H200, 56, 100 %, 49 %, 142683 MiB, 143771 MiB
2026/08/13 18:51:02.748, NVIDIA H200, 57, 100 %, 48 %, 142683 MiB, 143771 MiB
2026/08/13 18:51:05.748, NVIDIA H200, 53, 98 %, 40 %, 142683 MiB, 143771 MiB
2026/08/13 18:51:08.749, NVIDIA H200, 58, 100 %, 57 %, 142683 MiB, 143771 MiB
2026/08/13 18:51:11.749, NVIDIA H200, 58, 100 %, 53 %, 142683 MiB, 143771 MiB
2026/08/13 18:51:14.750, NVIDIA H200, 58, 100 %, 45 %, 142683 MiB, 143771 MiB
2026/08/13 18:51:17.750, NVIDIA H200, 55, 99 %, 61 %, 142683 MiB, 143771 MiB
2026/08/13 18:51:20.751, NVIDIA H200, 56, 100 %, 56 %, 142683 MiB, 143771 MiB
2026/08/13 18:51:23.751, NVIDIA H200, 57, 100 %, 49 %, 142683 MiB, 143771 MiB
2026/08/13 18:51:26.751, NVIDIA H200, 58, 99 %, 43 %, 142683 MiB, 143771 MiB
2026/08/13 18:51:29.752, NVIDIA H200, 30, 0 %, 0 %, 142683 MiB, 143771 MiB
2026/08/13 18:51:32.752, NVIDIA H200, 28, 0 %, 0 %, 142683 MiB, 143771 MiB
2026/08/13 18:51:35.753, NVIDIA H200, 51, 99 %, 43 %, 142683 MiB, 143771 MiB
2026/08/13 18:51:38.753, NVIDIA H200, 29, 0 %, 0 %, 142683 MiB, 143771 MiB
2026/08/13 18:51:41.754, NVIDIA H200, 43, 100 %, 57 %, 142683 MiB, 143771 MiB
2026/08/13 18:51:44.755, NVIDIA H200, 53, 100 %, 65 %, 142683 MiB, 143771 MiB
2026/08/13 18:51:47.755, NVIDIA H200, 55, 100 %, 57 %, 142683 MiB, 143771 MiB
2026/08/13 18:51:50.755, NVIDIA H200, 56, 100 %, 48 %, 142683 MiB, 143771 MiB
2026/08/13 18:51:53.756, NVIDIA H200, 56, 100 %, 58 %, 142683 MiB, 143771 MiB
2026/08/13 18:51:56.756, NVIDIA H200, 58, 100 %, 42 %, 142683 MiB, 143771 MiB
2026/08/13 18:51:59.757, NVIDIA H200, 55, 100 %, 53 %, 142683 MiB, 143771 MiB
2026/08/13 18:52:02.757, NVIDIA H200, 57, 100 %, 50 %, 142683 MiB, 143771 MiB
2026/08/13 18:52:05.757, NVIDIA H200, 57, 100 %, 49 %, 142683 MiB, 143771 MiB
2026/08/13 18:52:08.758, NVIDIA H200, 56, 100 %, 49 %, 142683 MiB, 143771 MiB
2026/08/13 18:52:11.758, NVIDIA H200, 58, 100 %, 44 %, 142683 MiB, 143771 MiB
2026/08/13 18:52:14.759, NVIDIA H200, 57, 100 %, 57 %, 142683 MiB, 143771 MiB
2026/08/13 18:52:17.759, NVIDIA H200, 58, 100 %, 43 %, 142683 MiB, 143771 MiB
2026/08/13 18:52:20.760, NVIDIA H200, 56, 100 %, 54 %, 142683 MiB, 143771 MiB
2026/08/13 18:52:23.760, NVIDIA H200, 57, 100 %, 44 %, 142683 MiB, 143771 MiB
2026/08/13 18:52:26.761, NVIDIA H200, 57, 100 %, 50 %, 142683 MiB, 143771 MiB
2026/08/13 18:52:29.761, NVIDIA H200, 56, 100 %, 49 %, 142683 MiB, 143771 MiB
2026/08/13 18:52:32.762, NVIDIA H200, 58, 100 %, 40 %, 142683 MiB, 143771 MiB
2026/08/13 18:52:35.762, NVIDIA H200, 57, 100 %, 57 %, 142683 MiB, 143771 MiB
2026/08/13 18:52:38.762, NVIDIA H200, 58, 100 %, 45 %, 142683 MiB, 143771 MiB
2026/08/13 18:52:41.763, NVIDIA H200, 57, 100 %, 54 %, 142683 MiB, 143771 MiB
2026/08/13 18:52:44.763, NVIDIA H200, 57, 100 %, 51 %, 142683 MiB, 143771 MiB
2026/08/13 18:52:47.764, NVIDIA H200, 57, 100 %, 50 %, 142683 MiB, 143771 MiB
2026/08/13 18:52:50.764, NVIDIA H200, 58, 100 %, 46 %, 142683 MiB, 143771 MiB
2026/08/13 18:52:53.765, NVIDIA H200, 58, 100 %, 47 %, 142683 MiB, 143771 MiB
2026/08/13 18:52:56.765, NVIDIA H200, 58, 99 %, 35 %, 142683 MiB, 143771 MiB
2026/08/13 18:52:59.766, NVIDIA H200, 61, 100 %, 36 %, 142683 MiB, 143771 MiB
2026/08/13 18:53:02.766, NVIDIA H200, 55, 100 %, 57 %, 142683 MiB, 143771 MiB
2026/08/13 18:53:05.766, NVIDIA H200, 56, 100 %, 44 %, 142683 MiB, 143771 MiB
2026/08/13 18:53:08.767, NVIDIA H200, 58, 99 %, 57 %, 142683 MiB, 143771 MiB
2026/08/13 18:53:11.767, NVIDIA H200, 55, 100 %, 49 %, 142683 MiB, 143771 MiB
2026/08/13 18:53:14.768, NVIDIA H200, 31, 0 %, 0 %, 142683 MiB, 143771 MiB
2026/08/13 18:53:17.768, NVIDIA H200, 28, 0 %, 0 %, 142683 MiB, 143771 MiB
2026/08/13 18:53:20.769, NVIDIA H200, 48, 99 %, 36 %, 142683 MiB, 143771 MiB
2026/08/13 18:53:23.769, NVIDIA H200, 35, 0 %, 0 %, 142683 MiB, 143771 MiB
2026/08/13 18:53:26.770, NVIDIA H200, 28, 0 %, 0 %, 142683 MiB, 143771 MiB
2026/08/13 18:53:29.770, NVIDIA H200, 43, 100 %, 51 %, 142683 MiB, 143771 MiB
2026/08/13 18:53:32.770, NVIDIA H200, 39, 54 %, 35 %, 142683 MiB, 143771 MiB
2026/08/13 18:53:35.771, NVIDIA H200, 56, 100 %, 46 %, 142683 MiB, 143771 MiB
2026/08/13 18:53:38.771, NVIDIA H200, 50, 100 %, 57 %, 142683 MiB, 143771 MiB
2026/08/13 18:53:41.772, NVIDIA H200, 56, 100 %, 44 %, 142683 MiB, 143771 MiB
2026/08/13 18:53:44.772, NVIDIA H200, 57, 98 %, 47 %, 142683 MiB, 143771 MiB
2026/08/13 18:53:47.773, NVIDIA H200, 59, 100 %, 50 %, 142683 MiB, 143771 MiB
2026/08/13 18:53:50.773, NVIDIA H200, 59, 100 %, 55 %, 142683 MiB, 143771 MiB
2026/08/13 18:53:53.774, NVIDIA H200, 59, 100 %, 54 %, 142683 MiB, 143771 MiB
2026/08/13 18:53:56.774, NVIDIA H200, 55, 99 %, 50 %, 142683 MiB, 143771 MiB
2026/08/13 18:53:59.775, NVIDIA H200, 56, 100 %, 47 %, 142683 MiB, 143771 MiB
2026/08/13 18:54:02.776, NVIDIA H200, 57, 100 %, 48 %, 142683 MiB, 143771 MiB
2026/08/13 18:54:05.776, NVIDIA H200, 59, 98 %, 40 %, 142683 MiB, 143771 MiB
2026/08/13 18:54:08.776, NVIDIA H200, 60, 100 %, 63 %, 142683 MiB, 143771 MiB
2026/08/13 18:54:11.777, NVIDIA H200, 57, 100 %, 51 %, 142683 MiB, 143771 MiB
2026/08/13 18:54:14.778, NVIDIA H200, 58, 100 %, 44 %, 142683 MiB, 143771 MiB
2026/08/13 18:54:17.778, NVIDIA H200, 56, 98 %, 63 %, 142683 MiB, 143771 MiB
2026/08/13 18:54:20.779, NVIDIA H200, 55, 100 %, 57 %, 142683 MiB, 143771 MiB
2026/08/13 18:54:23.779, NVIDIA H200, 58, 100 %, 37 %, 142683 MiB, 143771 MiB
2026/08/13 18:54:26.779, NVIDIA H200, 59, 100 %, 58 %, 142683 MiB, 143771 MiB
2026/08/13 18:54:29.780, NVIDIA H200, 62, 100 %, 40 %, 142683 MiB, 143771 MiB
2026/08/13 18:54:32.780, NVIDIA H200, 56, 100 %, 56 %, 142683 MiB, 143771 MiB
2026/08/13 18:54:35.781, NVIDIA H200, 58, 100 %, 49 %, 142683 MiB, 143771 MiB
2026/08/13 18:54:38.781, NVIDIA H200, 56, 100 %, 51 %, 142683 MiB, 143771 MiB
2026/08/13 18:54:41.782, NVIDIA H200, 53, 100 %, 46 %, 142683 MiB, 143771 MiB
2026/08/13 18:54:44.782, NVIDIA H200, 57, 100 %, 49 %, 142683 MiB, 143771 MiB
2026/08/13 18:54:47.782, NVIDIA H200, 59, 100 %, 55 %, 142683 MiB, 143771 MiB
2026/08/13 18:54:50.783, NVIDIA H200, 62, 100 %, 52 %, 142683 MiB, 143771 MiB
2026/08/13 18:54:53.783, NVIDIA H200, 56, 100 %, 58 %, 142683 MiB, 143771 MiB
2026/08/13 18:54:56.784, NVIDIA H200, 57, 100 %, 52 %, 142683 MiB, 143771 MiB
2026/08/13 18:54:59.784, NVIDIA H200, 35, 0 %, 0 %, 142683 MiB, 143771 MiB
2026/08/13 18:55:02.785, NVIDIA H200, 29, 0 %, 0 %, 142683 MiB, 143771 MiB
2026/08/13 18:55:05.785, NVIDIA H200, 28, 0 %, 0 %, 142683 MiB, 143771 MiB
2026/08/13 18:55:08.786, NVIDIA H200, 52, 100 %, 52 %, 142683 MiB, 143771 MiB
2026/08/13 18:55:11.787, NVIDIA H200, 30, 0 %, 0 %, 142683 MiB, 143771 MiB
2026/08/13 18:55:14.787, NVIDIA H200, 28, 0 %, 0 %, 142683 MiB, 143771 MiB
2026/08/13 18:55:17.788, NVIDIA H200, 27, 0 %, 0 %, 142683 MiB, 143771 MiB
2026/08/13 18:55:20.788, NVIDIA H200, 51, 100 %, 46 %, 142683 MiB, 143771 MiB
2026/08/13 18:55:23.789, NVIDIA H200, 54, 98 %, 70 %, 142683 MiB, 143771 MiB
2026/08/13 18:55:26.789, NVIDIA H200, 57, 100 %, 48 %, 142683 MiB, 143771 MiB
2026/08/13 18:55:29.789, NVIDIA H200, 57, 100 %, 53 %, 142683 MiB, 143771 MiB
2026/08/13 18:55:32.790, NVIDIA H200, 57, 100 %, 53 %, 142683 MiB, 143771 MiB
2026/08/13 18:55:35.790, NVIDIA H200, 55, 100 %, 47 %, 142683 MiB, 143771 MiB
2026/08/13 18:55:38.791, NVIDIA H200, 56, 100 %, 50 %, 142683 MiB, 143771 MiB
2026/08/13 18:55:41.791, NVIDIA H200, 57, 100 %, 33 %, 142683 MiB, 143771 MiB
2026/08/13 18:55:44.791, NVIDIA H200, 60, 100 %, 57 %, 142683 MiB, 143771 MiB
2026/08/13 18:55:47.792, NVIDIA H200, 59, 100 %, 41 %, 142683 MiB, 143771 MiB
2026/08/13 18:55:50.794, NVIDIA H200, 57, 100 %, 54 %, 142683 MiB, 143771 MiB
2026/08/13 18:55:53.794, NVIDIA H200, 57, 100 %, 50 %, 142683 MiB, 143771 MiB
2026/08/13 18:55:56.794, NVIDIA H200, 55, 100 %, 47 %, 142683 MiB, 143771 MiB
2026/08/13 18:55:59.795, NVIDIA H200, 56, 100 %, 51 %, 142683 MiB, 143771 MiB
2026/08/13 18:56:02.795, NVIDIA H200, 57, 100 %, 35 %, 142683 MiB, 143771 MiB
2026/08/13 18:56:05.796, NVIDIA H200, 57, 100 %, 58 %, 142683 MiB, 143771 MiB
2026/08/13 18:56:08.796, NVIDIA H200, 58, 100 %, 41 %, 142683 MiB, 143771 MiB
2026/08/13 18:56:11.796, NVIDIA H200, 56, 100 %, 54 %, 142683 MiB, 143771 MiB
2026/08/13 18:56:14.797, NVIDIA H200, 58, 100 %, 49 %, 142683 MiB, 143771 MiB
2026/08/13 18:56:17.797, NVIDIA H200, 57, 100 %, 51 %, 142683 MiB, 143771 MiB
2026/08/13 18:56:20.798, NVIDIA H200, 57, 100 %, 47 %, 142683 MiB, 143771 MiB
2026/08/13 18:56:23.798, NVIDIA H200, 58, 100 %, 48 %, 142683 MiB, 143771 MiB
2026/08/13 18:56:26.799, NVIDIA H200, 57, 100 %, 54 %, 142683 MiB, 143771 MiB
2026/08/13 18:56:29.799, NVIDIA H200, 59, 100 %, 48 %, 142683 MiB, 143771 MiB
2026/08/13 18:56:32.799, NVIDIA H200, 57, 100 %, 54 %, 142683 MiB, 143771 MiB
2026/08/13 18:56:35.800, NVIDIA H200, 57, 100 %, 53 %, 142683 MiB, 143771 MiB
2026/08/13 18:56:38.800, NVIDIA H200, 57, 100 %, 50 %, 142683 MiB, 143771 MiB
2026/08/13 18:56:41.801, NVIDIA H200, 57, 100 %, 46 %, 142683 MiB, 143771 MiB
2026/08/13 18:56:44.801, NVIDIA H200, 59, 100 %, 50 %, 142683 MiB, 143771 MiB
2026/08/13 18:56:47.802, NVIDIA H200, 56, 100 %, 53 %, 142683 MiB, 143771 MiB
2026/08/13 18:56:50.802, NVIDIA H200, 30, 0 %, 0 %, 142683 MiB, 143771 MiB
2026/08/13 18:56:53.803, NVIDIA H200, 30, 0 %, 0 %, 142683 MiB, 143771 MiB
2026/08/13 18:56:56.803, NVIDIA H200, 43, 0 %, 0 %, 142683 MiB, 143771 MiB
2026/08/13 18:56:59.803, NVIDIA H200, 30, 0 %, 0 %, 142683 MiB, 143771 MiB
2026/08/13 18:57:02.804, NVIDIA H200, 28, 0 %, 0 %, 142683 MiB, 143771 MiB
2026/08/13 18:57:05.804, NVIDIA H200, 27, 0 %, 0 %, 142683 MiB, 143771 MiB
2026/08/13 18:57:08.805, NVIDIA H200, 56, 99 %, 40 %, 142683 MiB, 143771 MiB
2026/08/13 18:57:11.805, NVIDIA H200, 54, 100 %, 34 %, 142683 MiB, 143771 MiB
2026/08/13 18:57:14.805, NVIDIA H200, 55, 100 %, 51 %, 142683 MiB, 143771 MiB
2026/08/13 18:57:17.806, NVIDIA H200, 57, 100 %, 43 %, 142683 MiB, 143771 MiB
2026/08/13 18:57:20.806, NVIDIA H200, 56, 100 %, 54 %, 142683 MiB, 143771 MiB
2026/08/13 18:57:23.807, NVIDIA H200, 57, 100 %, 46 %, 142683 MiB, 143771 MiB
2026/08/13 18:57:26.807, NVIDIA H200, 56, 100 %, 56 %, 142683 MiB, 143771 MiB
2026/08/13 18:57:29.808, NVIDIA H200, 56, 100 %, 53 %, 142683 MiB, 143771 MiB
2026/08/13 18:57:32.808, NVIDIA H200, 56, 100 %, 49 %, 142683 MiB, 143771 MiB
2026/08/13 18:57:35.809, NVIDIA H200, 57, 100 %, 46 %, 142683 MiB, 143771 MiB
2026/08/13 18:57:38.809, NVIDIA H200, 59, 100 %, 49 %, 142683 MiB, 143771 MiB
2026/08/13 18:57:41.810, NVIDIA H200, 58, 100 %, 57 %, 142683 MiB, 143771 MiB
2026/08/13 18:57:44.810, NVIDIA H200, 58, 100 %, 53 %, 142683 MiB, 143771 MiB
2026/08/13 18:57:47.811, NVIDIA H200, 56, 99 %, 55 %, 142683 MiB, 143771 MiB
2026/08/13 18:57:50.811, NVIDIA H200, 56, 100 %, 53 %, 142683 MiB, 143771 MiB
2026/08/13 18:57:53.811, NVIDIA H200, 57, 100 %, 44 %, 142683 MiB, 143771 MiB
2026/08/13 18:57:56.812, NVIDIA H200, 60, 98 %, 46 %, 142683 MiB, 143771 MiB
2026/08/13 18:57:59.812, NVIDIA H200, 59, 100 %, 52 %, 142683 MiB, 143771 MiB
2026/08/13 18:58:02.813, NVIDIA H200, 58, 100 %, 56 %, 142683 MiB, 143771 MiB
2026/08/13 18:58:05.813, NVIDIA H200, 60, 100 %, 48 %, 142683 MiB, 143771 MiB
2026/08/13 18:58:08.814, NVIDIA H200, 55, 98 %, 58 %, 142683 MiB, 143771 MiB
2026/08/13 18:58:11.814, NVIDIA H200, 56, 100 %, 57 %, 142683 MiB, 143771 MiB
2026/08/13 18:58:14.814, NVIDIA H200, 58, 100 %, 48 %, 142683 MiB, 143771 MiB
2026/08/13 18:58:17.815, NVIDIA H200, 56, 98 %, 40 %, 142683 MiB, 143771 MiB
2026/08/13 18:58:20.815, NVIDIA H200, 58, 100 %, 63 %, 142683 MiB, 143771 MiB
2026/08/13 18:58:23.816, NVIDIA H200, 57, 100 %, 54 %, 142683 MiB, 143771 MiB
2026/08/13 18:58:26.816, NVIDIA H200, 60, 100 %, 47 %, 142683 MiB, 143771 MiB
2026/08/13 18:58:29.817, NVIDIA H200, 55, 99 %, 67 %, 142683 MiB, 143771 MiB
2026/08/13 18:58:32.817, NVIDIA H200, 56, 100 %, 61 %, 142683 MiB, 143771 MiB
2026/08/13 18:58:35.818, NVIDIA H200, 58, 100 %, 51 %, 142683 MiB, 143771 MiB
2026/08/13 18:58:38.818, NVIDIA H200, 30, 0 %, 0 %, 142683 MiB, 143771 MiB
2026/08/13 18:58:41.818, NVIDIA H200, 29, 0 %, 0 %, 142683 MiB, 143771 MiB
2026/08/13 18:58:44.819, NVIDIA H200, 47, 99 %, 48 %, 142683 MiB, 143771 MiB
2026/08/13 18:58:47.819, NVIDIA H200, 30, 0 %, 0 %, 142683 MiB, 143771 MiB
2026/08/13 18:58:50.820, NVIDIA H200, 28, 0 %, 0 %, 142683 MiB, 143771 MiB
2026/08/13 18:58:53.820, NVIDIA H200, 27, 0 %, 0 %, 142683 MiB, 143771 MiB
2026/08/13 18:58:56.821, NVIDIA H200, 27, 0 %, 0 %, 142683 MiB, 143771 MiB
2026/08/13 18:58:59.821, NVIDIA H200, 47, 100 %, 43 %, 142683 MiB, 143771 MiB
2026/08/13 18:59:02.822, NVIDIA H200, 53, 100 %, 60 %, 142683 MiB, 143771 MiB
2026/08/13 18:59:05.822, NVIDIA H200, 54, 99 %, 56 %, 142683 MiB, 143771 MiB
2026/08/13 18:59:08.823, NVIDIA H200, 54, 100 %, 48 %, 142683 MiB, 143771 MiB
2026/08/13 18:59:11.823, NVIDIA H200, 56, 100 %, 22 %, 142683 MiB, 143771 MiB
2026/08/13 18:59:14.823, NVIDIA H200, 58, 100 %, 44 %, 142683 MiB, 143771 MiB
2026/08/13 18:59:17.824, NVIDIA H200, 59, 100 %, 46 %, 142683 MiB, 143771 MiB
2026/08/13 18:59:20.824, NVIDIA H200, 58, 98 %, 66 %, 142683 MiB, 143771 MiB
2026/08/13 18:59:23.825, NVIDIA H200, 59, 100 %, 57 %, 142683 MiB, 143771 MiB
2026/08/13 18:59:26.825, NVIDIA H200, 56, 100 %, 49 %, 142683 MiB, 143771 MiB
2026/08/13 18:59:29.825, NVIDIA H200, 56, 99 %, 40 %, 142683 MiB, 143771 MiB
2026/08/13 18:59:32.826, NVIDIA H200, 56, 100 %, 63 %, 142683 MiB, 143771 MiB
2026/08/13 18:59:35.826, NVIDIA H200, 57, 100 %, 53 %, 142683 MiB, 143771 MiB
2026/08/13 18:59:38.827, NVIDIA H200, 59, 100 %, 47 %, 142683 MiB, 143771 MiB
2026/08/13 18:59:41.827, NVIDIA H200, 57, 98 %, 53 %, 142683 MiB, 143771 MiB
2026/08/13 18:59:44.828, NVIDIA H200, 58, 100 %, 47 %, 142683 MiB, 143771 MiB
2026/08/13 18:59:47.828, NVIDIA H200, 57, 100 %, 44 %, 142683 MiB, 143771 MiB
2026/08/13 18:59:50.829, NVIDIA H200, 58, 98 %, 47 %, 142683 MiB, 143771 MiB
2026/08/13 18:59:53.829, NVIDIA H200, 58, 100 %, 51 %, 142683 MiB, 143771 MiB
2026/08/13 18:59:56.830, NVIDIA H200, 56, 100 %, 56 %, 142683 MiB, 143771 MiB
2026/08/13 18:59:59.830, NVIDIA H200, 57, 100 %, 50 %, 142683 MiB, 143771 MiB
2026/08/13 19:00:02.830, NVIDIA H200, 57, 100 %, 54 %, 142683 MiB, 143771 MiB
2026/08/13 19:00:05.831, NVIDIA H200, 60, 100 %, 53 %, 142683 MiB, 143771 MiB
2026/08/13 19:00:08.831, NVIDIA H200, 55, 100 %, 50 %, 142683 MiB, 143771 MiB
2026/08/13 19:00:11.831, NVIDIA H200, 56, 100 %, 49 %, 142683 MiB, 143771 MiB
2026/08/13 19:00:14.832, NVIDIA H200, 58, 100 %, 40 %, 142683 MiB, 143771 MiB
2026/08/13 19:00:17.832, NVIDIA H200, 56, 100 %, 58 %, 142683 MiB, 143771 MiB
2026/08/13 19:00:20.833, NVIDIA H200, 58, 100 %, 42 %, 142683 MiB, 143771 MiB
2026/08/13 19:00:23.833, NVIDIA H200, 58, 100 %, 54 %, 142683 MiB, 143771 MiB
2026/08/13 19:00:26.833, NVIDIA H200, 60, 100 %, 58 %, 142683 MiB, 143771 MiB
2026/08/13 19:00:29.834, NVIDIA H200, 36, 0 %, 0 %, 142683 MiB, 143771 MiB
2026/08/13 19:00:32.835, NVIDIA H200, 29, 0 %, 0 %, 142683 MiB, 143771 MiB
2026/08/13 19:00:35.835, NVIDIA H200, 28, 26 %, 0 %, 142683 MiB, 143771 MiB
2026/08/13 19:00:38.836, NVIDIA H200, 41, 0 %, 0 %, 142683 MiB, 143771 MiB
2026/08/13 19:00:41.836, NVIDIA H200, 28, 0 %, 0 %, 142683 MiB, 143771 MiB
2026/08/13 19:00:44.837, NVIDIA H200, 39, 0 %, 0 %, 142683 MiB, 143771 MiB
2026/08/13 19:00:47.837, NVIDIA H200, 48, 100 %, 44 %, 142683 MiB, 143771 MiB
2026/08/13 19:00:50.837, NVIDIA H200, 57, 100 %, 52 %, 142683 MiB, 143771 MiB
2026/08/13 19:00:53.838, NVIDIA H200, 54, 100 %, 63 %, 142683 MiB, 143771 MiB
2026/08/13 19:00:56.838, NVIDIA H200, 57, 100 %, 54 %, 142683 MiB, 143771 MiB
2026/08/13 19:00:59.839, NVIDIA H200, 59, 100 %, 45 %, 142683 MiB, 143771 MiB
2026/08/13 19:01:02.839, NVIDIA H200, 54, 99 %, 61 %, 142683 MiB, 143771 MiB
2026/08/13 19:01:05.839, NVIDIA H200, 55, 100 %, 56 %, 142683 MiB, 143771 MiB
2026/08/13 19:01:08.840, NVIDIA H200, 57, 100 %, 49 %, 142683 MiB, 143771 MiB
2026/08/13 19:01:11.840, NVIDIA H200, 52, 99 %, 41 %, 142683 MiB, 143771 MiB
2026/08/13 19:01:14.841, NVIDIA H200, 57, 100 %, 53 %, 142683 MiB, 143771 MiB
2026/08/13 19:01:17.841, NVIDIA H200, 57, 100 %, 56 %, 142683 MiB, 143771 MiB
2026/08/13 19:01:20.842, NVIDIA H200, 61, 100 %, 54 %, 142683 MiB, 143771 MiB
2026/08/13 19:01:23.842, NVIDIA H200, 55, 99 %, 53 %, 142683 MiB, 143771 MiB
2026/08/13 19:01:26.842, NVIDIA H200, 55, 100 %, 52 %, 142683 MiB, 143771 MiB
2026/08/13 19:01:29.843, NVIDIA H200, 56, 100 %, 44 %, 142683 MiB, 143771 MiB
2026/08/13 19:01:32.843, NVIDIA H200, 51, 99 %, 47 %, 142683 MiB, 143771 MiB
2026/08/13 19:01:35.844, NVIDIA H200, 56, 100 %, 50 %, 142683 MiB, 143771 MiB
2026/08/13 19:01:38.844, NVIDIA H200, 59, 100 %, 56 %, 142683 MiB, 143771 MiB
2026/08/13 19:01:41.845, NVIDIA H200, 61, 100 %, 49 %, 142683 MiB, 143771 MiB
2026/08/13 19:01:44.845, NVIDIA H200, 55, 100 %, 55 %, 142683 MiB, 143771 MiB
2026/08/13 19:01:47.845, NVIDIA H200, 57, 100 %, 46 %, 142683 MiB, 143771 MiB
2026/08/13 19:01:50.846, NVIDIA H200, 56, 100 %, 50 %, 142683 MiB, 143771 MiB
2026/08/13 19:01:53.846, NVIDIA H200, 54, 100 %, 48 %, 142683 MiB, 143771 MiB
2026/08/13 19:01:56.847, NVIDIA H200, 57, 100 %, 36 %, 142683 MiB, 143771 MiB
2026/08/13 19:01:59.847, NVIDIA H200, 59, 100 %, 58 %, 142683 MiB, 143771 MiB
2026/08/13 19:02:02.848, NVIDIA H200, 60, 100 %, 42 %, 142683 MiB, 143771 MiB
2026/08/13 19:02:05.848, NVIDIA H200, 57, 100 %, 55 %, 142683 MiB, 143771 MiB
2026/08/13 19:02:08.848, NVIDIA H200, 57, 100 %, 55 %, 142683 MiB, 143771 MiB
2026/08/13 19:02:11.849, NVIDIA H200, 55, 100 %, 54 %, 142683 MiB, 143771 MiB
2026/08/13 19:02:14.849, NVIDIA H200, 55, 100 %, 49 %, 142683 MiB, 143771 MiB
2026/08/13 19:02:17.850, NVIDIA H200, 31, 0 %, 0 %, 142683 MiB, 143771 MiB
2026/08/13 19:02:20.850, NVIDIA H200, 31, 0 %, 0 %, 142683 MiB, 143771 MiB
2026/08/13 19:02:23.850, NVIDIA H200, 40, 100 %, 41 %, 142683 MiB, 143771 MiB
2026/08/13 19:02:26.851, NVIDIA H200, 39, 0 %, 0 %, 142683 MiB, 143771 MiB
2026/08/13 19:02:29.851, NVIDIA H200, 28, 0 %, 0 %, 142683 MiB, 143771 MiB
2026/08/13 19:02:32.852, NVIDIA H200, 40, 100 %, 41 %, 142683 MiB, 143771 MiB
2026/08/13 19:02:35.852, NVIDIA H200, 51, 100 %, 36 %, 142683 MiB, 143771 MiB
2026/08/13 19:02:38.852, NVIDIA H200, 54, 100 %, 41 %, 142683 MiB, 143771 MiB
2026/08/13 19:02:41.853, NVIDIA H200, 54, 100 %, 50 %, 142683 MiB, 143771 MiB
2026/08/13 19:02:44.853, NVIDIA H200, 57, 100 %, 58 %, 142683 MiB, 143771 MiB
2026/08/13 19:02:47.854, NVIDIA H200, 60, 100 %, 47 %, 142683 MiB, 143771 MiB
2026/08/13 19:02:50.854, NVIDIA H200, 55, 100 %, 53 %, 142683 MiB, 143771 MiB
2026/08/13 19:02:53.855, NVIDIA H200, 57, 100 %, 46 %, 142683 MiB, 143771 MiB
2026/08/13 19:02:56.855, NVIDIA H200, 55, 100 %, 48 %, 142683 MiB, 143771 MiB
2026/08/13 19:02:59.855, NVIDIA H200, 56, 100 %, 50 %, 142683 MiB, 143771 MiB
2026/08/13 19:03:02.856, NVIDIA H200, 57, 100 %, 34 %, 142683 MiB, 143771 MiB
2026/08/13 19:03:05.856, NVIDIA H200, 59, 100 %, 52 %, 142683 MiB, 143771 MiB
2026/08/13 19:03:08.857, NVIDIA H200, 59, 100 %, 46 %, 142683 MiB, 143771 MiB
2026/08/13 19:03:11.857, NVIDIA H200, 58, 100 %, 48 %, 142683 MiB, 143771 MiB
2026/08/13 19:03:14.858, NVIDIA H200, 58, 100 %, 46 %, 142683 MiB, 143771 MiB
2026/08/13 19:03:17.858, NVIDIA H200, 56, 99 %, 57 %, 142683 MiB, 143771 MiB
2026/08/13 19:03:20.859, NVIDIA H200, 56, 100 %, 49 %, 142683 MiB, 143771 MiB
2026/08/13 19:03:23.859, NVIDIA H200, 56, 100 %, 24 %, 142683 MiB, 143771 MiB
2026/08/13 19:03:26.860, NVIDIA H200, 56, 99 %, 36 %, 142683 MiB, 143771 MiB
2026/08/13 19:03:29.860, NVIDIA H200, 58, 100 %, 36 %, 142683 MiB, 143771 MiB
2026/08/13 19:03:32.860, NVIDIA H200, 57, 100 %, 58 %, 142683 MiB, 143771 MiB
2026/08/13 19:03:35.861, NVIDIA H200, 59, 100 %, 46 %, 142683 MiB, 143771 MiB
2026/08/13 19:03:38.861, NVIDIA H200, 55, 98 %, 70 %, 142683 MiB, 143771 MiB
2026/08/13 19:03:41.862, NVIDIA H200, 56, 100 %, 58 %, 142683 MiB, 143771 MiB
2026/08/13 19:03:44.862, NVIDIA H200, 58, 100 %, 47 %, 142683 MiB, 143771 MiB
2026/08/13 19:03:47.863, NVIDIA H200, 55, 99 %, 41 %, 142683 MiB, 143771 MiB
2026/08/13 19:03:50.863, NVIDIA H200, 58, 100 %, 42 %, 142683 MiB, 143771 MiB
2026/08/13 19:03:53.863, NVIDIA H200, 57, 100 %, 54 %, 142683 MiB, 143771 MiB
2026/08/13 19:03:56.864, NVIDIA H200, 60, 100 %, 54 %, 142683 MiB, 143771 MiB
2026/08/13 19:03:59.864, NVIDIA H200, 55, 100 %, 48 %, 142683 MiB, 143771 MiB
2026/08/13 19:04:02.865, NVIDIA H200, 56, 100 %, 49 %, 142683 MiB, 143771 MiB
2026/08/13 19:04:05.865, NVIDIA H200, 31, 0 %, 0 %, 142683 MiB, 143771 MiB
2026/08/13 19:04:08.866, NVIDIA H200, 28, 0 %, 0 %, 142683 MiB, 143771 MiB
2026/08/13 19:04:11.866, NVIDIA H200, 39, 97 %, 36 %, 142683 MiB, 143771 MiB
2026/08/13 19:04:14.867, NVIDIA H200, 53, 100 %, 52 %, 142683 MiB, 143771 MiB
2026/08/13 19:04:17.867, NVIDIA H200, 28, 0 %, 0 %, 142683 MiB, 143771 MiB
2026/08/13 19:04:20.867, NVIDIA H200, 44, 99 %, 66 %, 142683 MiB, 143771 MiB
2026/08/13 19:04:23.868, NVIDIA H200, 44, 98 %, 69 %, 142683 MiB, 143771 MiB
2026/08/13 19:04:26.868, NVIDIA H200, 55, 100 %, 57 %, 142683 MiB, 143771 MiB
2026/08/13 19:04:29.869, NVIDIA H200, 53, 98 %, 52 %, 142683 MiB, 143771 MiB
2026/08/13 19:04:32.869, NVIDIA H200, 57, 100 %, 46 %, 142683 MiB, 143771 MiB
2026/08/13 19:04:35.869, NVIDIA H200, 54, 100 %, 44 %, 142683 MiB, 143771 MiB
2026/08/13 19:04:38.870, NVIDIA H200, 57, 100 %, 47 %, 142683 MiB, 143771 MiB
2026/08/13 19:04:41.870, NVIDIA H200, 58, 100 %, 50 %, 142683 MiB, 143771 MiB
2026/08/13 19:04:44.871, NVIDIA H200, 55, 100 %, 54 %, 142683 MiB, 143771 MiB
2026/08/13 19:04:47.871, NVIDIA H200, 58, 100 %, 41 %, 142683 MiB, 143771 MiB
2026/08/13 19:04:50.871, NVIDIA H200, 56, 100 %, 52 %, 142683 MiB, 143771 MiB
2026/08/13 19:04:53.872, NVIDIA H200, 60, 100 %, 50 %, 142683 MiB, 143771 MiB
2026/08/13 19:04:56.872, NVIDIA H200, 54, 100 %, 48 %, 142683 MiB, 143771 MiB
2026/08/13 19:04:59.873, NVIDIA H200, 56, 100 %, 51 %, 142683 MiB, 143771 MiB
2026/08/13 19:05:02.873, NVIDIA H200, 57, 100 %, 34 %, 142683 MiB, 143771 MiB
2026/08/13 19:05:05.873, NVIDIA H200, 55, 100 %, 57 %, 142683 MiB, 143771 MiB
2026/08/13 19:05:08.874, NVIDIA H200, 58, 100 %, 42 %, 142683 MiB, 143771 MiB
2026/08/13 19:05:11.874, NVIDIA H200, 57, 100 %, 53 %, 142683 MiB, 143771 MiB
2026/08/13 19:05:14.874, NVIDIA H200, 60, 100 %, 50 %, 142683 MiB, 143771 MiB
2026/08/13 19:05:17.875, NVIDIA H200, 55, 100 %, 49 %, 142683 MiB, 143771 MiB
2026/08/13 19:05:20.875, NVIDIA H200, 56, 100 %, 51 %, 142683 MiB, 143771 MiB
2026/08/13 19:05:23.876, NVIDIA H200, 58, 100 %, 40 %, 142683 MiB, 143771 MiB
2026/08/13 19:05:26.876, NVIDIA H200, 55, 100 %, 59 %, 142683 MiB, 143771 MiB
2026/08/13 19:05:29.876, NVIDIA H200, 61, 100 %, 40 %, 142683 MiB, 143771 MiB
2026/08/13 19:05:32.877, NVIDIA H200, 56, 100 %, 53 %, 142683 MiB, 143771 MiB
2026/08/13 19:05:35.878, NVIDIA H200, 58, 100 %, 49 %, 142683 MiB, 143771 MiB
2026/08/13 19:05:38.878, NVIDIA H200, 56, 98 %, 69 %, 142683 MiB, 143771 MiB
2026/08/13 19:05:41.878, NVIDIA H200, 58, 100 %, 56 %, 142683 MiB, 143771 MiB
2026/08/13 19:05:44.879, NVIDIA H200, 56, 98 %, 66 %, 142683 MiB, 143771 MiB
2026/08/13 19:05:47.879, NVIDIA H200, 53, 100 %, 60 %, 142683 MiB, 143771 MiB
2026/08/13 19:05:50.880, NVIDIA H200, 57, 100 %, 48 %, 142683 MiB, 143771 MiB
2026/08/13 19:05:53.880, NVIDIA H200, 32, 0 %, 0 %, 142683 MiB, 143771 MiB
2026/08/13 19:05:56.881, NVIDIA H200, 43, 75 %, 24 %, 142683 MiB, 143771 MiB
2026/08/13 19:05:59.881, NVIDIA H200, 28, 0 %, 0 %, 142683 MiB, 143771 MiB
2026/08/13 19:06:02.881, NVIDIA H200, 52, 100 %, 36 %, 142683 MiB, 143771 MiB
2026/08/13 19:06:05.882, NVIDIA H200, 30, 0 %, 0 %, 142683 MiB, 143771 MiB
2026/08/13 19:06:08.882, NVIDIA H200, 27, 0 %, 0 %, 142683 MiB, 143771 MiB
2026/08/13 19:06:11.883, NVIDIA H200, 32, 0 %, 0 %, 142683 MiB, 143771 MiB
2026/08/13 19:06:14.883, NVIDIA H200, 54, 100 %, 50 %, 142683 MiB, 143771 MiB
2026/08/13 19:06:17.884, NVIDIA H200, 55, 100 %, 57 %, 142683 MiB, 143771 MiB
2026/08/13 19:06:20.884, NVIDIA H200, 56, 100 %, 47 %, 142683 MiB, 143771 MiB
2026/08/13 19:06:23.884, NVIDIA H200, 54, 98 %, 59 %, 142683 MiB, 143771 MiB
2026/08/13 19:06:26.885, NVIDIA H200, 56, 100 %, 56 %, 142683 MiB, 143771 MiB
2026/08/13 19:06:29.885, NVIDIA H200, 56, 100 %, 51 %, 142683 MiB, 143771 MiB
2026/08/13 19:06:32.886, NVIDIA H200, 59, 98 %, 39 %, 142683 MiB, 143771 MiB
2026/08/13 19:06:35.886, NVIDIA H200, 59, 100 %, 58 %, 142683 MiB, 143771 MiB
2026/08/13 19:06:38.887, NVIDIA H200, 58, 100 %, 52 %, 142683 MiB, 143771 MiB
2026/08/13 19:06:41.887, NVIDIA H200, 57, 100 %, 47 %, 142683 MiB, 143771 MiB
2026/08/13 19:06:44.888, NVIDIA H200, 55, 99 %, 60 %, 142683 MiB, 143771 MiB
2026/08/13 19:06:47.888, NVIDIA H200, 56, 100 %, 57 %, 142683 MiB, 143771 MiB
2026/08/13 19:06:50.889, NVIDIA H200, 57, 100 %, 49 %, 142683 MiB, 143771 MiB
2026/08/13 19:06:53.889, NVIDIA H200, 60, 98 %, 40 %, 142683 MiB, 143771 MiB
2026/08/13 19:06:56.889, NVIDIA H200, 59, 100 %, 63 %, 142683 MiB, 143771 MiB
2026/08/13 19:06:59.890, NVIDIA H200, 57, 100 %, 54 %, 142683 MiB, 143771 MiB
2026/08/13 19:07:02.890, NVIDIA H200, 57, 100 %, 45 %, 142683 MiB, 143771 MiB
2026/08/13 19:07:05.890, NVIDIA H200, 56, 98 %, 60 %, 142683 MiB, 143771 MiB
2026/08/13 19:07:08.891, NVIDIA H200, 56, 100 %, 56 %, 142683 MiB, 143771 MiB
2026/08/13 19:07:11.891, NVIDIA H200, 57, 100 %, 51 %, 142683 MiB, 143771 MiB
2026/08/13 19:07:14.892, NVIDIA H200, 60, 98 %, 40 %, 142683 MiB, 143771 MiB
2026/08/13 19:07:17.892, NVIDIA H200, 60, 100 %, 61 %, 142683 MiB, 143771 MiB
2026/08/13 19:07:20.893, NVIDIA H200, 58, 100 %, 52 %, 142683 MiB, 143771 MiB
2026/08/13 19:07:23.893, NVIDIA H200, 57, 100 %, 47 %, 142683 MiB, 143771 MiB
2026/08/13 19:07:26.894, NVIDIA H200, 56, 99 %, 61 %, 142683 MiB, 143771 MiB
2026/08/13 19:07:29.894, NVIDIA H200, 56, 100 %, 57 %, 142683 MiB, 143771 MiB
2026/08/13 19:07:32.895, NVIDIA H200, 57, 100 %, 48 %, 142683 MiB, 143771 MiB
2026/08/13 19:07:35.895, NVIDIA H200, 59, 98 %, 41 %, 142683 MiB, 143771 MiB
2026/08/13 19:07:38.895, NVIDIA H200, 61, 100 %, 66 %, 142683 MiB, 143771 MiB
2026/08/13 19:07:41.896, NVIDIA H200, 36, 0 %, 0 %, 142683 MiB, 143771 MiB
2026/08/13 19:07:44.896, NVIDIA H200, 29, 0 %, 0 %, 142683 MiB, 143771 MiB
2026/08/13 19:07:47.897, NVIDIA H200, 28, 0 %, 0 %, 142683 MiB, 143771 MiB
2026/08/13 19:07:50.897, NVIDIA H200, 54, 100 %, 56 %, 142683 MiB, 143771 MiB
2026/08/13 19:07:53.897, NVIDIA H200, 28, 0 %, 0 %, 142683 MiB, 143771 MiB
2026/08/13 19:07:56.898, NVIDIA H200, 27, 0 %, 0 %, 142683 MiB, 143771 MiB
2026/08/13 19:07:59.898, NVIDIA H200, 26, 0 %, 0 %, 142683 MiB, 143771 MiB
2026/08/13 19:08:02.899, NVIDIA H200, 26, 0 %, 0 %, 142683 MiB, 143771 MiB
2026/08/13 19:08:05.899, NVIDIA H200, 49, 100 %, 54 %, 142683 MiB, 143771 MiB
2026/08/13 19:08:08.899, NVIDIA H200, 54, 100 %, 47 %, 142683 MiB, 143771 MiB
2026/08/13 19:08:11.900, NVIDIA H200, 53, 100 %, 55 %, 142683 MiB, 143771 MiB
2026/08/13 19:08:14.900, NVIDIA H200, 58, 100 %, 48 %, 142683 MiB, 143771 MiB
2026/08/13 19:08:17.901, NVIDIA H200, 54, 98 %, 65 %, 142683 MiB, 143771 MiB
2026/08/13 19:08:20.901, NVIDIA H200, 55, 100 %, 57 %, 142683 MiB, 143771 MiB
2026/08/13 19:08:23.901, NVIDIA H200, 57, 100 %, 51 %, 142683 MiB, 143771 MiB
2026/08/13 19:08:26.902, NVIDIA H200, 53, 99 %, 41 %, 142683 MiB, 143771 MiB
2026/08/13 19:08:29.902, NVIDIA H200, 57, 100 %, 53 %, 142683 MiB, 143771 MiB
2026/08/13 19:08:32.903, NVIDIA H200, 57, 100 %, 55 %, 142683 MiB, 143771 MiB
2026/08/13 19:08:35.903, NVIDIA H200, 61, 100 %, 54 %, 142683 MiB, 143771 MiB
2026/08/13 19:08:38.904, NVIDIA H200, 55, 100 %, 58 %, 142683 MiB, 143771 MiB
2026/08/13 19:08:41.904, NVIDIA H200, 56, 100 %, 53 %, 142683 MiB, 143771 MiB
2026/08/13 19:08:44.904, NVIDIA H200, 56, 100 %, 50 %, 142683 MiB, 143771 MiB
2026/08/13 19:08:47.905, NVIDIA H200, 53, 100 %, 48 %, 142683 MiB, 143771 MiB
2026/08/13 19:08:50.905, NVIDIA H200, 57, 100 %, 38 %, 142683 MiB, 143771 MiB
2026/08/13 19:08:53.906, NVIDIA H200, 60, 100 %, 57 %, 142683 MiB, 143771 MiB
2026/08/13 19:08:56.906, NVIDIA H200, 59, 100 %, 42 %, 142683 MiB, 143771 MiB
2026/08/13 19:08:59.907, NVIDIA H200, 58, 100 %, 51 %, 142683 MiB, 143771 MiB
2026/08/13 19:09:02.907, NVIDIA H200, 59, 100 %, 53 %, 142683 MiB, 143771 MiB
2026/08/13 19:09:05.907, NVIDIA H200, 56, 99 %, 57 %, 142683 MiB, 143771 MiB
2026/08/13 19:09:08.908, NVIDIA H200, 56, 100 %, 49 %, 142683 MiB, 143771 MiB
2026/08/13 19:09:11.908, NVIDIA H200, 56, 100 %, 22 %, 142683 MiB, 143771 MiB
2026/08/13 19:09:14.909, NVIDIA H200, 56, 97 %, 32 %, 142683 MiB, 143771 MiB
2026/08/13 19:09:17.909, NVIDIA H200, 58, 100 %, 43 %, 142683 MiB, 143771 MiB
2026/08/13 19:09:20.909, NVIDIA H200, 57, 100 %, 57 %, 142683 MiB, 143771 MiB
2026/08/13 19:09:23.910, NVIDIA H200, 59, 100 %, 48 %, 142683 MiB, 143771 MiB
2026/08/13 19:09:26.910, NVIDIA H200, 55, 98 %, 70 %, 142683 MiB, 143771 MiB
2026/08/13 19:09:29.911, NVIDIA H200, 56, 100 %, 60 %, 142683 MiB, 143771 MiB
2026/08/13 19:09:32.911, NVIDIA H200, 58, 100 %, 49 %, 142683 MiB, 143771 MiB
2026/08/13 19:09:35.912, NVIDIA H200, 32, 0 %, 0 %, 142683 MiB, 143771 MiB
2026/08/13 19:09:38.912, NVIDIA H200, 44, 100 %, 56 %, 142683 MiB, 143771 MiB
2026/08/13 19:09:41.912, NVIDIA H200, 30, 0 %, 0 %, 142683 MiB, 143771 MiB
2026/08/13 19:09:44.913, NVIDIA H200, 49, 100 %, 44 %, 142683 MiB, 143771 MiB
2026/08/13 19:09:47.913, NVIDIA H200, 28, 0 %, 0 %, 142683 MiB, 143771 MiB
2026/08/13 19:09:50.914, NVIDIA H200, 27, 0 %, 0 %, 142683 MiB, 143771 MiB
2026/08/13 19:09:53.914, NVIDIA H200, 45, 100 %, 57 %, 142683 MiB, 143771 MiB
2026/08/13 19:09:56.914, NVIDIA H200, 53, 98 %, 74 %, 142683 MiB, 143771 MiB
2026/08/13 19:09:59.915, NVIDIA H200, 50, 100 %, 58 %, 142683 MiB, 143771 MiB
2026/08/13 19:10:02.915, NVIDIA H200, 55, 100 %, 48 %, 142683 MiB, 143771 MiB
2026/08/13 19:10:05.916, NVIDIA H200, 59, 96 %, 40 %, 142683 MiB, 143771 MiB
2026/08/13 19:10:08.916, NVIDIA H200, 59, 100 %, 63 %, 142683 MiB, 143771 MiB
2026/08/13 19:10:11.916, NVIDIA H200, 58, 100 %, 57 %, 142683 MiB, 143771 MiB
2026/08/13 19:10:14.917, NVIDIA H200, 57, 100 %, 52 %, 142683 MiB, 143771 MiB
2026/08/13 19:10:17.917, NVIDIA H200, 55, 99 %, 53 %, 142683 MiB, 143771 MiB
2026/08/13 19:10:20.918, NVIDIA H200, 56, 100 %, 52 %, 142683 MiB, 143771 MiB
2026/08/13 19:10:23.918, NVIDIA H200, 56, 100 %, 44 %, 142683 MiB, 143771 MiB
2026/08/13 19:10:26.918, NVIDIA H200, 57, 100 %, 48 %, 142683 MiB, 143771 MiB
2026/08/13 19:10:29.919, NVIDIA H200, 58, 100 %, 47 %, 142683 MiB, 143771 MiB
2026/08/13 19:10:32.919, NVIDIA H200, 57, 100 %, 58 %, 142683 MiB, 143771 MiB
2026/08/13 19:10:35.919, NVIDIA H200, 57, 100 %, 45 %, 142683 MiB, 143771 MiB
2026/08/13 19:10:38.920, NVIDIA H200, 54, 100 %, 51 %, 142683 MiB, 143771 MiB
2026/08/13 19:10:41.920, NVIDIA H200, 57, 100 %, 51 %, 142683 MiB, 143771 MiB
2026/08/13 19:10:44.921, NVIDIA H200, 58, 100 %, 49 %, 142683 MiB, 143771 MiB
2026/08/13 19:10:47.921, NVIDIA H200, 56, 100 %, 50 %, 142683 MiB, 143771 MiB
2026/08/13 19:10:50.922, NVIDIA H200, 58, 100 %, 26 %, 142683 MiB, 143771 MiB
2026/08/13 19:10:53.922, NVIDIA H200, 57, 100 %, 41 %, 142683 MiB, 143771 MiB
2026/08/13 19:10:56.922, NVIDIA H200, 60, 100 %, 46 %, 142683 MiB, 143771 MiB
2026/08/13 19:10:59.923, NVIDIA H200, 54, 100 %, 56 %, 142683 MiB, 143771 MiB
2026/08/13 19:11:02.923, NVIDIA H200, 56, 100 %, 45 %, 142683 MiB, 143771 MiB
2026/08/13 19:11:05.924, NVIDIA H200, 57, 98 %, 66 %, 142683 MiB, 143771 MiB
2026/08/13 19:11:08.924, NVIDIA H200, 52, 100 %, 57 %, 142683 MiB, 143771 MiB
2026/08/13 19:11:11.924, NVIDIA H200, 57, 100 %, 43 %, 142683 MiB, 143771 MiB
2026/08/13 19:11:14.925, NVIDIA H200, 58, 99 %, 39 %, 142683 MiB, 143771 MiB
2026/08/13 19:11:17.925, NVIDIA H200, 61, 100 %, 53 %, 142683 MiB, 143771 MiB
2026/08/13 19:11:20.926, NVIDIA H200, 55, 100 %, 51 %, 142683 MiB, 143771 MiB
2026/08/13 19:11:23.926, NVIDIA H200, 33, 0 %, 0 %, 142683 MiB, 143771 MiB
2026/08/13 19:11:26.927, NVIDIA H200, 28, 0 %, 0 %, 142683 MiB, 143771 MiB
2026/08/13 19:11:29.927, NVIDIA H200, 29, 0 %, 0 %, 142683 MiB, 143771 MiB
2026/08/13 19:11:32.927, NVIDIA H200, 53, 99 %, 45 %, 142683 MiB, 143771 MiB
2026/08/13 19:11:35.928, NVIDIA H200, 28, 0 %, 0 %, 142683 MiB, 143771 MiB
2026/08/13 19:11:38.928, NVIDIA H200, 49, 100 %, 52 %, 142683 MiB, 143771 MiB
2026/08/13 19:11:41.929, NVIDIA H200, 53, 99 %, 61 %, 142683 MiB, 143771 MiB
2026/08/13 19:11:44.929, NVIDIA H200, 57, 100 %, 52 %, 142683 MiB, 143771 MiB
2026/08/13 19:11:47.930, NVIDIA H200, 56, 100 %, 57 %, 142683 MiB, 143771 MiB
2026/08/13 19:11:50.930, NVIDIA H200, 55, 100 %, 48 %, 142683 MiB, 143771 MiB
2026/08/13 19:11:53.930, NVIDIA H200, 55, 98 %, 65 %, 142683 MiB, 143771 MiB
2026/08/13 19:11:56.931, NVIDIA H200, 54, 100 %, 58 %, 142683 MiB, 143771 MiB
2026/08/13 19:11:59.932, NVIDIA H200, 56, 100 %, 51 %, 142683 MiB, 143771 MiB
2026/08/13 19:12:02.932, NVIDIA H200, 58, 98 %, 40 %, 142683 MiB, 143771 MiB
2026/08/13 19:12:05.932, NVIDIA H200, 58, 100 %, 50 %, 142683 MiB, 143771 MiB
2026/08/13 19:12:08.933, NVIDIA H200, 58, 100 %, 56 %, 142683 MiB, 143771 MiB
2026/08/13 19:12:11.933, NVIDIA H200, 59, 100 %, 54 %, 142683 MiB, 143771 MiB
2026/08/13 19:12:14.934, NVIDIA H200, 55, 99 %, 57 %, 142683 MiB, 143771 MiB
2026/08/13 19:12:17.934, NVIDIA H200, 56, 100 %, 53 %, 142683 MiB, 143771 MiB
2026/08/13 19:12:20.935, NVIDIA H200, 56, 100 %, 50 %, 142683 MiB, 143771 MiB
2026/08/13 19:12:23.935, NVIDIA H200, 56, 100 %, 47 %, 142683 MiB, 143771 MiB
2026/08/13 19:12:26.936, NVIDIA H200, 58, 100 %, 37 %, 142683 MiB, 143771 MiB
2026/08/13 19:12:29.936, NVIDIA H200, 57, 100 %, 58 %, 142683 MiB, 143771 MiB
2026/08/13 19:12:32.937, NVIDIA H200, 59, 100 %, 43 %, 142683 MiB, 143771 MiB
2026/08/13 19:12:35.937, NVIDIA H200, 55, 100 %, 56 %, 142683 MiB, 143771 MiB
2026/08/13 19:12:38.938, NVIDIA H200, 55, 100 %, 52 %, 142683 MiB, 143771 MiB
2026/08/13 19:12:41.938, NVIDIA H200, 58, 99 %, 55 %, 142683 MiB, 143771 MiB
2026/08/13 19:12:44.938, NVIDIA H200, 56, 98 %, 40 %, 142683 MiB, 143771 MiB
2026/08/13 19:12:47.939, NVIDIA H200, 58, 100 %, 62 %, 142683 MiB, 143771 MiB
2026/08/13 19:12:50.940, NVIDIA H200, 58, 36 %, 2 %, 142683 MiB, 143771 MiB
2026/08/13 19:12:53.941, NVIDIA H200, 60, 100 %, 44 %, 142683 MiB, 143771 MiB
2026/08/13 19:12:56.941, NVIDIA H200, 58, 100 %, 50 %, 142683 MiB, 143771 MiB
2026/08/13 19:12:59.941, NVIDIA H200, 61, 100 %, 51 %, 142683 MiB, 143771 MiB
2026/08/13 19:13:02.942, NVIDIA H200, 55, 99 %, 56 %, 142683 MiB, 143771 MiB
2026/08/13 19:13:05.942, NVIDIA H200, 56, 100 %, 49 %, 142683 MiB, 143771 MiB
2026/08/13 19:13:08.943, NVIDIA H200, 35, 0 %, 0 %, 142683 MiB, 143771 MiB
2026/08/13 19:13:11.943, NVIDIA H200, 29, 0 %, 0 %, 142683 MiB, 143771 MiB
2026/08/13 19:13:14.944, NVIDIA H200, 31, 0 %, 0 %, 142683 MiB, 143771 MiB
2026/08/13 19:13:17.944, NVIDIA H200, 50, 100 %, 54 %, 142683 MiB, 143771 MiB
2026/08/13 19:13:20.947, NVIDIA H200, 28, 0 %, 0 %, 142683 MiB, 143771 MiB
2026/08/13 19:13:23.947, NVIDIA H200, 48, 100 %, 57 %, 142683 MiB, 143771 MiB
2026/08/13 19:13:26.947, NVIDIA H200, 55, 100 %, 50 %, 142683 MiB, 143771 MiB
2026/08/13 19:13:29.948, NVIDIA H200, 56, 98 %, 45 %, 142683 MiB, 143771 MiB
2026/08/13 19:13:32.948, NVIDIA H200, 52, 100 %, 44 %, 142683 MiB, 143771 MiB
2026/08/13 19:13:35.949, NVIDIA H200, 55, 100 %, 47 %, 142683 MiB, 143771 MiB
2026/08/13 19:13:38.949, NVIDIA H200, 56, 100 %, 25 %, 142683 MiB, 143771 MiB
2026/08/13 19:13:41.950, NVIDIA H200, 51, 98 %, 31 %, 142683 MiB, 143771 MiB
2026/08/13 19:13:44.950, NVIDIA H200, 57, 100 %, 43 %, 142683 MiB, 143771 MiB
2026/08/13 19:13:47.951, NVIDIA H200, 60, 100 %, 55 %, 142683 MiB, 143771 MiB
2026/08/13 19:13:50.953, NVIDIA H200, 59, 100 %, 48 %, 142683 MiB, 143771 MiB
2026/08/13 19:13:53.953, NVIDIA H200, 58, 98 %, 65 %, 142683 MiB, 143771 MiB
2026/08/13 19:13:56.954, NVIDIA H200, 57, 100 %, 59 %, 142683 MiB, 143771 MiB
2026/08/13 19:13:59.954, NVIDIA H200, 55, 100 %, 48 %, 142683 MiB, 143771 MiB
2026/08/13 19:14:02.954, NVIDIA H200, 56, 100 %, 49 %, 142683 MiB, 143771 MiB
2026/08/13 19:14:05.955, NVIDIA H200, 56, 100 %, 59 %, 142683 MiB, 143771 MiB
2026/08/13 19:14:08.955, NVIDIA H200, 56, 100 %, 57 %, 142683 MiB, 143771 MiB
2026/08/13 19:14:11.956, NVIDIA H200, 58, 100 %, 53 %, 142683 MiB, 143771 MiB
2026/08/13 19:14:14.956, NVIDIA H200, 57, 99 %, 57 %, 142683 MiB, 143771 MiB
2026/08/13 19:14:17.957, NVIDIA H200, 59, 100 %, 52 %, 142683 MiB, 143771 MiB
2026/08/13 19:14:20.957, NVIDIA H200, 55, 100 %, 50 %, 142683 MiB, 143771 MiB
2026/08/13 19:14:23.958, NVIDIA H200, 55, 100 %, 46 %, 142683 MiB, 143771 MiB
2026/08/13 19:14:26.958, NVIDIA H200, 57, 100 %, 46 %, 142683 MiB, 143771 MiB
2026/08/13 19:14:29.959, NVIDIA H200, 59, 100 %, 58 %, 142683 MiB, 143771 MiB
2026/08/13 19:14:32.959, NVIDIA H200, 60, 100 %, 42 %, 142683 MiB, 143771 MiB
2026/08/13 19:14:35.960, NVIDIA H200, 55, 100 %, 57 %, 142683 MiB, 143771 MiB
2026/08/13 19:14:38.960, NVIDIA H200, 57, 100 %, 48 %, 142683 MiB, 143771 MiB
2026/08/13 19:14:41.960, NVIDIA H200, 55, 99 %, 69 %, 142683 MiB, 143771 MiB
2026/08/13 19:14:44.961, NVIDIA H200, 57, 100 %, 57 %, 142683 MiB, 143771 MiB
2026/08/13 19:14:47.961, NVIDIA H200, 58, 100 %, 41 %, 142683 MiB, 143771 MiB
2026/08/13 19:14:50.961, NVIDIA H200, 55, 99 %, 38 %, 142683 MiB, 143771 MiB
2026/08/13 19:14:53.962, NVIDIA H200, 33, 0 %, 0 %, 142683 MiB, 143771 MiB
2026/08/13 19:14:56.962, NVIDIA H200, 28, 0 %, 0 %, 142683 MiB, 143771 MiB
2026/08/13 19:14:59.963, NVIDIA H200, 33, 0 %, 0 %, 142683 MiB, 143771 MiB
2026/08/13 19:15:02.963, NVIDIA H200, 39, 3 %, 0 %, 142683 MiB, 143771 MiB
2026/08/13 19:15:05.964, NVIDIA H200, 28, 0 %, 0 %, 142683 MiB, 143771 MiB
2026/08/13 19:15:08.964, NVIDIA H200, 26, 0 %, 0 %, 142683 MiB, 143771 MiB
2026/08/13 19:15:11.965, NVIDIA H200, 51, 100 %, 56 %, 142683 MiB, 143771 MiB
2026/08/13 19:15:14.965, NVIDIA H200, 54, 100 %, 63 %, 142683 MiB, 143771 MiB
2026/08/13 19:15:17.965, NVIDIA H200, 57, 100 %, 52 %, 142683 MiB, 143771 MiB
2026/08/13 19:15:20.966, NVIDIA H200, 57, 100 %, 46 %, 142683 MiB, 143771 MiB
2026/08/13 19:15:23.966, NVIDIA H200, 57, 100 %, 52 %, 142683 MiB, 143771 MiB
2026/08/13 19:15:26.967, NVIDIA H200, 57, 100 %, 45 %, 142683 MiB, 143771 MiB
2026/08/13 19:15:29.967, NVIDIA H200, 56, 99 %, 55 %, 142683 MiB, 143771 MiB
2026/08/13 19:15:32.968, NVIDIA H200, 55, 100 %, 49 %, 142683 MiB, 143771 MiB
2026/08/13 19:15:35.968, NVIDIA H200, 56, 100 %, 24 %, 142683 MiB, 143771 MiB
2026/08/13 19:15:38.969, NVIDIA H200, 55, 98 %, 35 %, 142683 MiB, 143771 MiB
2026/08/13 19:15:41.969, NVIDIA H200, 57, 100 %, 37 %, 142683 MiB, 143771 MiB
2026/08/13 19:15:44.970, NVIDIA H200, 56, 100 %, 59 %, 142683 MiB, 143771 MiB
2026/08/13 19:15:47.970, NVIDIA H200, 58, 100 %, 48 %, 142683 MiB, 143771 MiB
2026/08/13 19:15:50.971, NVIDIA H200, 54, 99 %, 75 %, 142683 MiB, 143771 MiB
2026/08/13 19:15:53.971, NVIDIA H200, 57, 100 %, 58 %, 142683 MiB, 143771 MiB
2026/08/13 19:15:56.972, NVIDIA H200, 57, 100 %, 45 %, 142683 MiB, 143771 MiB
2026/08/13 19:15:59.972, NVIDIA H200, 56, 98 %, 41 %, 142683 MiB, 143771 MiB
2026/08/13 19:16:02.973, NVIDIA H200, 56, 100 %, 54 %, 142683 MiB, 143771 MiB
2026/08/13 19:16:05.973, NVIDIA H200, 56, 100 %, 53 %, 142683 MiB, 143771 MiB
2026/08/13 19:16:08.973, NVIDIA H200, 59, 100 %, 48 %, 142683 MiB, 143771 MiB
2026/08/13 19:16:11.974, NVIDIA H200, 54, 98 %, 65 %, 142683 MiB, 143771 MiB
2026/08/13 19:16:14.974, NVIDIA H200, 55, 100 %, 58 %, 142683 MiB, 143771 MiB
2026/08/13 19:16:17.975, NVIDIA H200, 57, 100 %, 49 %, 142683 MiB, 143771 MiB
2026/08/13 19:16:20.975, NVIDIA H200, 54, 98 %, 39 %, 142683 MiB, 143771 MiB
2026/08/13 19:16:23.975, NVIDIA H200, 57, 100 %, 62 %, 142683 MiB, 143771 MiB
2026/08/13 19:16:26.976, NVIDIA H200, 57, 100 %, 52 %, 142683 MiB, 143771 MiB
2026/08/13 19:16:29.976, NVIDIA H200, 59, 100 %, 47 %, 142683 MiB, 143771 MiB
2026/08/13 19:16:32.976, NVIDIA H200, 54, 98 %, 58 %, 142683 MiB, 143771 MiB
2026/08/13 19:16:35.977, NVIDIA H200, 55, 100 %, 54 %, 142683 MiB, 143771 MiB
2026/08/13 19:16:38.977, NVIDIA H200, 56, 100 %, 46 %, 142683 MiB, 143771 MiB
2026/08/13 19:16:41.978, NVIDIA H200, 31, 0 %, 0 %, 142683 MiB, 143771 MiB
2026/08/13 19:16:44.978, NVIDIA H200, 44, 100 %, 55 %, 142683 MiB, 143771 MiB
2026/08/13 19:16:47.979, NVIDIA H200, 30, 0 %, 0 %, 142683 MiB, 143771 MiB
2026/08/13 19:16:50.979, NVIDIA H200, 37, 0 %, 0 %, 142683 MiB, 143771 MiB
2026/08/13 19:16:53.980, NVIDIA H200, 28, 0 %, 0 %, 142683 MiB, 143771 MiB
2026/08/13 19:16:56.980, NVIDIA H200, 27, 0 %, 0 %, 142683 MiB, 143771 MiB
2026/08/13 19:16:59.981, NVIDIA H200, 26, 0 %, 0 %, 142683 MiB, 143771 MiB
2026/08/13 19:17:02.981, NVIDIA H200, 32, 0 %, 0 %, 142683 MiB, 143771 MiB
2026/08/13 19:17:05.981, NVIDIA H200, 53, 99 %, 61 %, 142683 MiB, 143771 MiB
2026/08/13 19:17:08.982, NVIDIA H200, 55, 100 %, 55 %, 142683 MiB, 143771 MiB
2026/08/13 19:17:11.982, NVIDIA H200, 51, 87 %, 61 %, 142683 MiB, 143771 MiB
2026/08/13 19:17:14.983, NVIDIA H200, 58, 100 %, 49 %, 142683 MiB, 143771 MiB
2026/08/13 19:17:17.983, NVIDIA H200, 53, 100 %, 55 %, 142683 MiB, 143771 MiB
2026/08/13 19:17:20.984, NVIDIA H200, 56, 100 %, 51 %, 142683 MiB, 143771 MiB
2026/08/13 19:17:23.984, NVIDIA H200, 55, 100 %, 51 %, 142683 MiB, 143771 MiB
2026/08/13 19:17:26.985, NVIDIA H200, 52, 100 %, 47 %, 142683 MiB, 143771 MiB
2026/08/13 19:17:29.985, NVIDIA H200, 56, 100 %, 41 %, 142683 MiB, 143771 MiB
2026/08/13 19:17:32.986, NVIDIA H200, 58, 100 %, 57 %, 142683 MiB, 143771 MiB
2026/08/13 19:17:35.986, NVIDIA H200, 58, 100 %, 47 %, 142683 MiB, 143771 MiB
2026/08/13 19:17:38.986, NVIDIA H200, 57, 98 %, 68 %, 142683 MiB, 143771 MiB
2026/08/13 19:17:41.987, NVIDIA H200, 56, 100 %, 61 %, 142683 MiB, 143771 MiB
2026/08/13 19:17:44.987, NVIDIA H200, 54, 100 %, 48 %, 142683 MiB, 143771 MiB
2026/08/13 19:17:47.988, NVIDIA H200, 55, 98 %, 39 %, 142683 MiB, 143771 MiB
2026/08/13 19:17:50.988, NVIDIA H200, 56, 100 %, 62 %, 142683 MiB, 143771 MiB
2026/08/13 19:17:53.989, NVIDIA H200, 57, 100 %, 55 %, 142683 MiB, 143771 MiB
2026/08/13 19:17:56.989, NVIDIA H200, 57, 100 %, 50 %, 142683 MiB, 143771 MiB
2026/08/13 19:17:59.990, NVIDIA H200, 56, 99 %, 50 %, 142683 MiB, 143771 MiB
2026/08/13 19:18:02.990, NVIDIA H200, 57, 100 %, 47 %, 142683 MiB, 143771 MiB
2026/08/13 19:18:05.991, NVIDIA H200, 56, 100 %, 44 %, 142683 MiB, 143771 MiB
2026/08/13 19:18:08.991, NVIDIA H200, 57, 99 %, 46 %, 142683 MiB, 143771 MiB
2026/08/13 19:18:11.991, NVIDIA H200, 57, 100 %, 51 %, 142683 MiB, 143771 MiB
2026/08/13 19:18:14.992, NVIDIA H200, 56, 100 %, 57 %, 142683 MiB, 143771 MiB
2026/08/13 19:18:17.992, NVIDIA H200, 57, 100 %, 50 %, 142683 MiB, 143771 MiB
2026/08/13 19:18:20.992, NVIDIA H200, 57, 100 %, 56 %, 142683 MiB, 143771 MiB
2026/08/13 19:18:23.993, NVIDIA H200, 59, 100 %, 52 %, 142683 MiB, 143771 MiB
2026/08/13 19:18:26.994, NVIDIA H200, 55, 100 %, 50 %, 142683 MiB, 143771 MiB
2026/08/13 19:18:29.994, NVIDIA H200, 55, 100 %, 47 %, 142683 MiB, 143771 MiB
2026/08/13 19:18:32.994, NVIDIA H200, 34, 0 %, 0 %, 142683 MiB, 143771 MiB
2026/08/13 19:18:35.995, NVIDIA H200, 28, 0 %, 0 %, 142683 MiB, 143771 MiB
2026/08/13 19:18:38.995, NVIDIA H200, 46, 100 %, 56 %, 142683 MiB, 143771 MiB
2026/08/13 19:18:41.996, NVIDIA H200, 38, 0 %, 0 %, 142683 MiB, 143771 MiB
2026/08/13 19:18:44.996, NVIDIA H200, 28, 0 %, 0 %, 142683 MiB, 143771 MiB
2026/08/13 19:18:47.997, NVIDIA H200, 51, 100 %, 43 %, 142683 MiB, 143771 MiB
2026/08/13 19:18:50.997, NVIDIA H200, 49, 100 %, 56 %, 142683 MiB, 143771 MiB
2026/08/13 19:18:53.998, NVIDIA H200, 56, 100 %, 47 %, 142683 MiB, 143771 MiB
2026/08/13 19:18:56.999, NVIDIA H200, 55, 100 %, 46 %, 142683 MiB, 143771 MiB
2026/08/13 19:18:59.999, NVIDIA H200, 54, 98 %, 35 %, 142683 MiB, 143771 MiB
2026/08/13 19:19:02.999, NVIDIA H200, 56, 100 %, 50 %, 142683 MiB, 143771 MiB
2026/08/13 19:19:06.000, NVIDIA H200, 58, 100 %, 53 %, 142683 MiB, 143771 MiB
2026/08/13 19:19:09.001, NVIDIA H200, 58, 100 %, 45 %, 142683 MiB, 143771 MiB
2026/08/13 19:19:12.001, NVIDIA H200, 57, 98 %, 64 %, 142683 MiB, 143771 MiB
2026/08/13 19:19:15.002, NVIDIA H200, 55, 100 %, 57 %, 142683 MiB, 143771 MiB
2026/08/13 19:19:18.002, NVIDIA H200, 57, 100 %, 47 %, 142683 MiB, 143771 MiB
2026/08/13 19:19:21.003, NVIDIA H200, 53, 98 %, 40 %, 142683 MiB, 143771 MiB
2026/08/13 19:19:24.003, NVIDIA H200, 57, 100 %, 55 %, 142683 MiB, 143771 MiB
2026/08/13 19:19:27.003, NVIDIA H200, 57, 100 %, 56 %, 142683 MiB, 143771 MiB
2026/08/13 19:19:30.004, NVIDIA H200, 60, 100 %, 53 %, 142683 MiB, 143771 MiB
2026/08/13 19:19:33.004, NVIDIA H200, 54, 99 %, 50 %, 142683 MiB, 143771 MiB
2026/08/13 19:19:36.005, NVIDIA H200, 55, 100 %, 48 %, 142683 MiB, 143771 MiB
2026/08/13 19:19:39.005, NVIDIA H200, 56, 100 %, 44 %, 142683 MiB, 143771 MiB
2026/08/13 19:19:42.006, NVIDIA H200, 52, 99 %, 47 %, 142683 MiB, 143771 MiB
2026/08/13 19:19:45.007, NVIDIA H200, 57, 100 %, 50 %, 142683 MiB, 143771 MiB
2026/08/13 19:19:48.007, NVIDIA H200, 58, 100 %, 57 %, 142683 MiB, 143771 MiB
2026/08/13 19:19:51.008, NVIDIA H200, 60, 100 %, 51 %, 142683 MiB, 143771 MiB
2026/08/13 19:19:54.008, NVIDIA H200, 54, 100 %, 56 %, 142683 MiB, 143771 MiB
2026/08/13 19:19:57.009, NVIDIA H200, 56, 100 %, 53 %, 142683 MiB, 143771 MiB
2026/08/13 19:20:00.009, NVIDIA H200, 56, 100 %, 50 %, 142683 MiB, 143771 MiB
2026/08/13 19:20:03.009, NVIDIA H200, 56, 100 %, 58 %, 142683 MiB, 143771 MiB
2026/08/13 19:20:06.010, NVIDIA H200, 58, 100 %, 42 %, 142683 MiB, 143771 MiB
2026/08/13 19:20:09.010, NVIDIA H200, 56, 99 %, 34 %, 142683 MiB, 143771 MiB
2026/08/13 19:20:12.010, NVIDIA H200, 57, 100 %, 46 %, 142683 MiB, 143771 MiB
2026/08/13 19:20:15.011, NVIDIA H200, 57, 100 %, 55 %, 142683 MiB, 143771 MiB
2026/08/13 19:20:18.011, NVIDIA H200, 56, 100 %, 45 %, 142683 MiB, 143771 MiB
2026/08/13 19:20:21.012, NVIDIA H200, 29, 0 %, 0 %, 142683 MiB, 143771 MiB
2026/08/13 19:20:24.012, NVIDIA H200, 31, 0 %, 0 %, 142683 MiB, 143771 MiB
2026/08/13 19:20:27.012, NVIDIA H200, 49, 100 %, 54 %, 142683 MiB, 143771 MiB
2026/08/13 19:20:30.013, NVIDIA H200, 29, 0 %, 0 %, 142683 MiB, 143771 MiB
2026/08/13 19:20:33.013, NVIDIA H200, 27, 0 %, 0 %, 142683 MiB, 143771 MiB
2026/08/13 19:20:36.014, NVIDIA H200, 26, 0 %, 0 %, 142683 MiB, 143771 MiB
2026/08/13 19:20:39.014, NVIDIA H200, 51, 100 %, 50 %, 142683 MiB, 143771 MiB
2026/08/13 19:20:42.015, NVIDIA H200, 53, 98 %, 69 %, 142683 MiB, 143771 MiB
2026/08/13 19:20:45.015, NVIDIA H200, 55, 100 %, 57 %, 142683 MiB, 143771 MiB
2026/08/13 19:20:48.016, NVIDIA H200, 56, 100 %, 46 %, 142683 MiB, 143771 MiB
2026/08/13 19:20:51.016, NVIDIA H200, 54, 99 %, 41 %, 142683 MiB, 143771 MiB
2026/08/13 19:20:54.017, NVIDIA H200, 56, 100 %, 54 %, 142683 MiB, 143771 MiB
2026/08/13 19:20:57.017, NVIDIA H200, 56, 100 %, 53 %, 142683 MiB, 143771 MiB
2026/08/13 19:21:00.018, NVIDIA H200, 59, 100 %, 47 %, 142683 MiB, 143771 MiB
2026/08/13 19:21:03.018, NVIDIA H200, 54, 99 %, 65 %, 142683 MiB, 143771 MiB
2026/08/13 19:21:06.018, NVIDIA H200, 55, 100 %, 57 %, 142683 MiB, 143771 MiB
2026/08/13 19:21:09.019, NVIDIA H200, 57, 100 %, 50 %, 142683 MiB, 143771 MiB
2026/08/13 19:21:12.019, NVIDIA H200, 54, 98 %, 40 %, 142683 MiB, 143771 MiB
2026/08/13 19:21:15.020, NVIDIA H200, 57, 100 %, 54 %, 142683 MiB, 143771 MiB
2026/08/13 19:21:18.020, NVIDIA H200, 58, 100 %, 55 %, 142683 MiB, 143771 MiB
2026/08/13 19:21:21.021, NVIDIA H200, 60, 100 %, 54 %, 142683 MiB, 143771 MiB
2026/08/13 19:21:24.021, NVIDIA H200, 57, 100 %, 56 %, 142683 MiB, 143771 MiB
2026/08/13 19:21:27.021, NVIDIA H200, 59, 100 %, 42 %, 142683 MiB, 143771 MiB
2026/08/13 19:21:30.022, NVIDIA H200, 55, 100 %, 54 %, 142683 MiB, 143771 MiB
2026/08/13 19:21:33.022, NVIDIA H200, 56, 100 %, 55 %, 142683 MiB, 143771 MiB
2026/08/13 19:21:36.022, NVIDIA H200, 58, 100 %, 48 %, 142683 MiB, 143771 MiB
2026/08/13 19:21:39.023, NVIDIA H200, 56, 100 %, 49 %, 142683 MiB, 143771 MiB
2026/08/13 19:21:42.023, NVIDIA H200, 58, 100 %, 30 %, 142683 MiB, 143771 MiB
2026/08/13 19:21:45.024, NVIDIA H200, 57, 100 %, 48 %, 142683 MiB, 143771 MiB
2026/08/13 19:21:48.024, NVIDIA H200, 60, 100 %, 46 %, 142683 MiB, 143771 MiB
2026/08/13 19:21:51.025, NVIDIA H200, 57, 100 %, 50 %, 142683 MiB, 143771 MiB
2026/08/13 19:21:54.025, NVIDIA H200, 57, 100 %, 48 %, 142683 MiB, 143771 MiB
2026/08/13 19:21:57.025, NVIDIA H200, 55, 98 %, 50 %, 142683 MiB, 143771 MiB
2026/08/13 19:22:00.026, NVIDIA H200, 55, 100 %, 47 %, 142683 MiB, 143771 MiB
2026/08/13 19:22:03.027, NVIDIA H200, 57, 100 %, 21 %, 142683 MiB, 143771 MiB
2026/08/13 19:22:06.027, NVIDIA H200, 60, 99 %, 47 %, 142683 MiB, 143771 MiB
2026/08/13 19:22:09.027, NVIDIA H200, 31, 0 %, 0 %, 142683 MiB, 143771 MiB
2026/08/13 19:22:12.028, NVIDIA H200, 28, 0 %, 0 %, 142683 MiB, 143771 MiB
2026/08/13 19:22:15.028, NVIDIA H200, 49, 100 %, 56 %, 142683 MiB, 143771 MiB
2026/08/13 19:22:18.029, NVIDIA H200, 32, 0 %, 0 %, 142683 MiB, 143771 MiB
2026/08/13 19:22:21.029, NVIDIA H200, 28, 0 %, 0 %, 142683 MiB, 143771 MiB
2026/08/13 19:22:24.030, NVIDIA H200, 50, 100 %, 55 %, 142683 MiB, 143771 MiB
2026/08/13 19:22:27.030, NVIDIA H200, 57, 100 %, 43 %, 142683 MiB, 143771 MiB
2026/08/13 19:22:30.030, NVIDIA H200, 56, 100 %, 53 %, 142683 MiB, 143771 MiB
2026/08/13 19:22:33.031, NVIDIA H200, 58, 100 %, 46 %, 142683 MiB, 143771 MiB
2026/08/13 19:22:36.031, NVIDIA H200, 58, 100 %, 55 %, 142683 MiB, 143771 MiB
2026/08/13 19:22:39.032, NVIDIA H200, 61, 100 %, 44 %, 142683 MiB, 143771 MiB
2026/08/13 19:22:42.032, NVIDIA H200, 56, 100 %, 53 %, 142683 MiB, 143771 MiB
2026/08/13 19:22:45.033, NVIDIA H200, 57, 100 %, 50 %, 142683 MiB, 143771 MiB
2026/08/13 19:22:48.033, NVIDIA H200, 56, 100 %, 49 %, 142683 MiB, 143771 MiB
2026/08/13 19:22:51.034, NVIDIA H200, 56, 100 %, 51 %, 142683 MiB, 143771 MiB
2026/08/13 19:22:54.034, NVIDIA H200, 58, 100 %, 33 %, 142683 MiB, 143771 MiB
2026/08/13 19:22:57.034, NVIDIA H200, 59, 100 %, 53 %, 142683 MiB, 143771 MiB
2026/08/13 19:23:00.035, NVIDIA H200, 60, 100 %, 46 %, 142683 MiB, 143771 MiB
2026/08/13 19:23:03.035, NVIDIA H200, 59, 100 %, 52 %, 142683 MiB, 143771 MiB
2026/08/13 19:23:06.036, NVIDIA H200, 58, 100 %, 53 %, 142683 MiB, 143771 MiB
2026/08/13 19:23:09.036, NVIDIA H200, 56, 99 %, 56 %, 142683 MiB, 143771 MiB
2026/08/13 19:23:12.036, NVIDIA H200, 57, 100 %, 49 %, 142683 MiB, 143771 MiB
2026/08/13 19:23:15.037, NVIDIA H200, 57, 100 %, 22 %, 142683 MiB, 143771 MiB
2026/08/13 19:23:18.037, NVIDIA H200, 58, 98 %, 35 %, 142683 MiB, 143771 MiB
2026/08/13 19:23:21.037, NVIDIA H200, 59, 100 %, 36 %, 142683 MiB, 143771 MiB
2026/08/13 19:23:24.038, NVIDIA H200, 57, 100 %, 60 %, 142683 MiB, 143771 MiB
2026/08/13 19:23:27.038, NVIDIA H200, 59, 100 %, 48 %, 142683 MiB, 143771 MiB
2026/08/13 19:23:30.039, NVIDIA H200, 55, 98 %, 73 %, 142683 MiB, 143771 MiB
2026/08/13 19:23:33.039, NVIDIA H200, 58, 100 %, 57 %, 142683 MiB, 143771 MiB
2026/08/13 19:23:36.040, NVIDIA H200, 57, 100 %, 50 %, 142683 MiB, 143771 MiB
2026/08/13 19:23:39.040, NVIDIA H200, 58, 100 %, 45 %, 142683 MiB, 143771 MiB
2026/08/13 19:23:42.040, NVIDIA H200, 59, 100 %, 43 %, 142683 MiB, 143771 MiB
2026/08/13 19:23:45.041, NVIDIA H200, 58, 100 %, 57 %, 142683 MiB, 143771 MiB
2026/08/13 19:23:48.042, NVIDIA H200, 59, 100 %, 41 %, 142683 MiB, 143771 MiB
2026/08/13 19:23:51.042, NVIDIA H200, 55, 100 %, 52 %, 142683 MiB, 143771 MiB
2026/08/13 19:23:54.042, NVIDIA H200, 33, 0 %, 0 %, 142683 MiB, 143771 MiB
2026/08/13 19:23:57.043, NVIDIA H200, 29, 0 %, 0 %, 142683 MiB, 143771 MiB
2026/08/13 19:24:00.043, NVIDIA H200, 50, 100 %, 51 %, 142683 MiB, 143771 MiB
2026/08/13 19:24:03.044, NVIDIA H200, 32, 0 %, 0 %, 142683 MiB, 143771 MiB
2026/08/13 19:24:06.044, NVIDIA H200, 28, 0 %, 0 %, 142683 MiB, 143771 MiB
2026/08/13 19:24:09.045, NVIDIA H200, 43, 100 %, 57 %, 142683 MiB, 143771 MiB
2026/08/13 19:24:12.045, NVIDIA H200, 57, 100 %, 42 %, 142683 MiB, 143771 MiB
2026/08/13 19:24:15.045, NVIDIA H200, 56, 100 %, 54 %, 142683 MiB, 143771 MiB
2026/08/13 19:24:18.046, NVIDIA H200, 58, 100 %, 39 %, 142683 MiB, 143771 MiB
2026/08/13 19:24:21.046, NVIDIA H200, 59, 98 %, 45 %, 142683 MiB, 143771 MiB
2026/08/13 19:24:24.047, NVIDIA H200, 62, 100 %, 63 %, 142683 MiB, 143771 MiB
2026/08/13 19:24:27.047, NVIDIA H200, 56, 100 %, 52 %, 142683 MiB, 143771 MiB
2026/08/13 19:24:30.048, NVIDIA H200, 58, 100 %, 47 %, 142683 MiB, 143771 MiB
2026/08/13 19:24:33.048, NVIDIA H200, 57, 98 %, 61 %, 142683 MiB, 143771 MiB
2026/08/13 19:24:36.048, NVIDIA H200, 57, 100 %, 56 %, 142683 MiB, 143771 MiB
2026/08/13 19:24:39.049, NVIDIA H200, 58, 100 %, 47 %, 142683 MiB, 143771 MiB
2026/08/13 19:24:42.049, NVIDIA H200, 60, 99 %, 41 %, 142683 MiB, 143771 MiB
2026/08/13 19:24:45.050, NVIDIA H200, 60, 100 %, 51 %, 142683 MiB, 143771 MiB
2026/08/13 19:24:48.050, NVIDIA H200, 59, 100 %, 56 %, 142683 MiB, 143771 MiB
2026/08/13 19:24:51.050, NVIDIA H200, 59, 100 %, 52 %, 142683 MiB, 143771 MiB
2026/08/13 19:24:54.051, NVIDIA H200, 57, 100 %, 56 %, 142683 MiB, 143771 MiB
2026/08/13 19:24:57.051, NVIDIA H200, 57, 100 %, 53 %, 142683 MiB, 143771 MiB
2026/08/13 19:25:00.052, NVIDIA H200, 58, 100 %, 51 %, 142683 MiB, 143771 MiB
2026/08/13 19:25:03.052, NVIDIA H200, 57, 100 %, 50 %, 142683 MiB, 143771 MiB
2026/08/13 19:25:06.052, NVIDIA H200, 59, 100 %, 38 %, 142683 MiB, 143771 MiB
2026/08/13 19:25:09.053, NVIDIA H200, 58, 100 %, 58 %, 142683 MiB, 143771 MiB
2026/08/13 19:25:12.053, NVIDIA H200, 59, 100 %, 42 %, 142683 MiB, 143771 MiB
2026/08/13 19:25:15.054, NVIDIA H200, 56, 100 %, 54 %, 142683 MiB, 143771 MiB
2026/08/13 19:25:18.054, NVIDIA H200, 57, 100 %, 55 %, 142683 MiB, 143771 MiB
2026/08/13 19:25:21.054, NVIDIA H200, 59, 100 %, 55 %, 142683 MiB, 143771 MiB
2026/08/13 19:25:24.055, NVIDIA H200, 53, 100 %, 57 %, 142683 MiB, 143771 MiB
2026/08/13 19:25:27.055, NVIDIA H200, 57, 100 %, 45 %, 142683 MiB, 143771 MiB
2026/08/13 19:25:30.056, NVIDIA H200, 59, 99 %, 40 %, 142683 MiB, 143771 MiB
2026/08/13 19:25:33.056, NVIDIA H200, 62, 100 %, 52 %, 142683 MiB, 143771 MiB
2026/08/13 19:25:36.056, NVIDIA H200, 56, 100 %, 58 %, 142683 MiB, 143771 MiB
2026/08/13 19:25:39.057, NVIDIA H200, 48, 100 %, 51 %, 142683 MiB, 143771 MiB
2026/08/13 19:25:42.057, NVIDIA H200, 30, 0 %, 0 %, 142683 MiB, 143771 MiB
2026/08/13 19:25:45.058, NVIDIA H200, 29, 0 %, 0 %, 142683 MiB, 143771 MiB
2026/08/13 19:25:48.058, NVIDIA H200, 51, 99 %, 44 %, 142683 MiB, 143771 MiB
2026/08/13 19:25:51.059, NVIDIA H200, 32, 0 %, 0 %, 142683 MiB, 143771 MiB
2026/08/13 19:25:54.059, NVIDIA H200, 28, 0 %, 0 %, 142683 MiB, 143771 MiB
2026/08/13 19:25:57.060, NVIDIA H200, 27, 0 %, 0 %, 142683 MiB, 143771 MiB
2026/08/13 19:26:00.061, NVIDIA H200, 27, 0 %, 0 %, 142683 MiB, 143771 MiB
2026/08/13 19:26:03.061, NVIDIA H200, 47, 100 %, 59 %, 142683 MiB, 143771 MiB
2026/08/13 19:26:06.062, NVIDIA H200, 53, 98 %, 64 %, 142683 MiB, 143771 MiB
2026/08/13 19:26:09.062, NVIDIA H200, 54, 100 %, 52 %, 142683 MiB, 143771 MiB
2026/08/13 19:26:12.062, NVIDIA H200, 54, 47 %, 32 %, 142683 MiB, 143771 MiB
2026/08/13 19:26:15.063, NVIDIA H200, 56, 100 %, 54 %, 142683 MiB, 143771 MiB
2026/08/13 19:26:18.063, NVIDIA H200, 57, 100 %, 51 %, 142683 MiB, 143771 MiB
2026/08/13 19:26:21.064, NVIDIA H200, 56, 100 %, 49 %, 142683 MiB, 143771 MiB
2026/08/13 19:26:24.064, NVIDIA H200, 58, 100 %, 36 %, 142683 MiB, 143771 MiB
2026/08/13 19:26:27.064, NVIDIA H200, 57, 100 %, 58 %, 142683 MiB, 143771 MiB
2026/08/13 19:26:30.065, NVIDIA H200, 59, 100 %, 42 %, 142683 MiB, 143771 MiB
2026/08/13 19:26:33.065, NVIDIA H200, 55, 100 %, 53 %, 142683 MiB, 143771 MiB
2026/08/13 19:26:36.066, NVIDIA H200, 56, 100 %, 54 %, 142683 MiB, 143771 MiB
2026/08/13 19:26:39.066, NVIDIA H200, 58, 100 %, 54 %, 142683 MiB, 143771 MiB
2026/08/13 19:26:42.066, NVIDIA H200, 56, 100 %, 50 %, 142683 MiB, 143771 MiB
2026/08/13 19:26:45.067, NVIDIA H200, 58, 100 %, 61 %, 142683 MiB, 143771 MiB
2026/08/13 19:26:48.067, NVIDIA H200, 57, 100 %, 47 %, 142683 MiB, 143771 MiB
2026/08/13 19:26:51.067, NVIDIA H200, 61, 100 %, 44 %, 142683 MiB, 143771 MiB
2026/08/13 19:26:54.068, NVIDIA H200, 55, 98 %, 61 %, 142683 MiB, 143771 MiB
2026/08/13 19:26:57.068, NVIDIA H200, 56, 100 %, 57 %, 142683 MiB, 143771 MiB
2026/08/13 19:27:00.069, NVIDIA H200, 58, 100 %, 45 %, 142683 MiB, 143771 MiB
2026/08/13 19:27:03.069, NVIDIA H200, 53, 98 %, 43 %, 142683 MiB, 143771 MiB
2026/08/13 19:27:06.069, NVIDIA H200, 58, 100 %, 51 %, 142683 MiB, 143771 MiB
2026/08/13 19:27:09.070, NVIDIA H200, 59, 100 %, 56 %, 142683 MiB, 143771 MiB
2026/08/13 19:27:12.070, NVIDIA H200, 61, 100 %, 53 %, 142683 MiB, 143771 MiB
2026/08/13 19:27:15.071, NVIDIA H200, 56, 100 %, 57 %, 142683 MiB, 143771 MiB
2026/08/13 19:27:18.071, NVIDIA H200, 59, 100 %, 45 %, 142683 MiB, 143771 MiB
2026/08/13 19:27:21.071, NVIDIA H200, 57, 99 %, 64 %, 142683 MiB, 143771 MiB
2026/08/13 19:27:24.072, NVIDIA H200, 58, 100 %, 55 %, 142683 MiB, 143771 MiB
2026/08/13 19:27:27.072, NVIDIA H200, 58, 100 %, 34 %, 142683 MiB, 143771 MiB
2026/08/13 19:27:30.072, NVIDIA H200, 57, 99 %, 32 %, 142683 MiB, 143771 MiB
2026/08/13 19:27:33.073, NVIDIA H200, 58, 100 %, 46 %, 142683 MiB, 143771 MiB
2026/08/13 19:27:36.073, NVIDIA H200, 30, 0 %, 0 %, 142683 MiB, 143771 MiB
2026/08/13 19:27:39.074, NVIDIA H200, 30, 0 %, 0 %, 142683 MiB, 143771 MiB
2026/08/13 19:27:42.074, NVIDIA H200, 50, 100 %, 51 %, 142683 MiB, 143771 MiB
2026/08/13 19:27:45.074, NVIDIA H200, 32, 0 %, 0 %, 142683 MiB, 143771 MiB
2026/08/13 19:27:48.075, NVIDIA H200, 28, 0 %, 0 %, 142683 MiB, 143771 MiB
2026/08/13 19:27:51.075, NVIDIA H200, 29, 0 %, 0 %, 142683 MiB, 143771 MiB
2026/08/13 19:27:54.076, NVIDIA H200, 55, 100 %, 57 %, 142683 MiB, 143771 MiB
2026/08/13 19:27:57.076, NVIDIA H200, 59, 100 %, 54 %, 142683 MiB, 143771 MiB
2026/08/13 19:28:00.077, NVIDIA H200, 54, 100 %, 37 %, 142683 MiB, 143771 MiB
2026/08/13 19:28:03.077, NVIDIA H200, 58, 100 %, 37 %, 142683 MiB, 143771 MiB
2026/08/13 19:28:06.078, NVIDIA H200, 57, 100 %, 59 %, 142683 MiB, 143771 MiB
2026/08/13 19:28:09.078, NVIDIA H200, 59, 100 %, 48 %, 142683 MiB, 143771 MiB
2026/08/13 19:28:12.078, NVIDIA H200, 55, 98 %, 70 %, 142683 MiB, 143771 MiB
2026/08/13 19:28:15.079, NVIDIA H200, 56, 100 %, 60 %, 142683 MiB, 143771 MiB
2026/08/13 19:28:18.079, NVIDIA H200, 58, 100 %, 48 %, 142683 MiB, 143771 MiB
2026/08/13 19:28:21.080, NVIDIA H200, 56, 98 %, 42 %, 142683 MiB, 143771 MiB
2026/08/13 19:28:24.080, NVIDIA H200, 58, 100 %, 63 %, 142683 MiB, 143771 MiB
2026/08/13 19:28:27.081, NVIDIA H200, 57, 100 %, 51 %, 142683 MiB, 143771 MiB
2026/08/13 19:28:30.081, NVIDIA H200, 57, 100 %, 48 %, 142683 MiB, 143771 MiB
2026/08/13 19:28:33.081, NVIDIA H200, 56, 98 %, 50 %, 142683 MiB, 143771 MiB
2026/08/13 19:28:36.082, NVIDIA H200, 56, 100 %, 48 %, 142683 MiB, 143771 MiB
2026/08/13 19:28:39.082, NVIDIA H200, 57, 100 %, 44 %, 142683 MiB, 143771 MiB
2026/08/13 19:28:42.083, NVIDIA H200, 58, 99 %, 47 %, 142683 MiB, 143771 MiB
2026/08/13 19:28:45.083, NVIDIA H200, 59, 100 %, 51 %, 142683 MiB, 143771 MiB
2026/08/13 19:28:48.084, NVIDIA H200, 58, 100 %, 55 %, 142683 MiB, 143771 MiB
2026/08/13 19:28:51.084, NVIDIA H200, 59, 100 %, 49 %, 142683 MiB, 143771 MiB
2026/08/13 19:28:54.084, NVIDIA H200, 57, 100 %, 54 %, 142683 MiB, 143771 MiB
2026/08/13 19:28:57.085, NVIDIA H200, 58, 100 %, 48 %, 142683 MiB, 143771 MiB
2026/08/13 19:29:00.085, NVIDIA H200, 59, 100 %, 49 %, 142683 MiB, 143771 MiB
2026/08/13 19:29:03.085, NVIDIA H200, 54, 100 %, 50 %, 142683 MiB, 143771 MiB
2026/08/13 19:29:06.086, NVIDIA H200, 59, 100 %, 21 %, 142683 MiB, 143771 MiB
2026/08/13 19:29:09.086, NVIDIA H200, 58, 98 %, 40 %, 142683 MiB, 143771 MiB
2026/08/13 19:29:12.087, NVIDIA H200, 61, 100 %, 39 %, 142683 MiB, 143771 MiB
2026/08/13 19:29:15.087, NVIDIA H200, 56, 100 %, 61 %, 142683 MiB, 143771 MiB
2026/08/13 19:29:18.088, NVIDIA H200, 56, 100 %, 47 %, 142683 MiB, 143771 MiB
2026/08/13 19:29:21.088, NVIDIA H200, 36, 0 %, 0 %, 142683 MiB, 143771 MiB
2026/08/13 19:29:24.088, NVIDIA H200, 29, 0 %, 0 %, 142683 MiB, 143771 MiB
2026/08/13 19:29:27.089, NVIDIA H200, 44, 100 %, 56 %, 142683 MiB, 143771 MiB
2026/08/13 19:29:30.089, NVIDIA H200, 53, 98 %, 43 %, 142683 MiB, 143771 MiB
2026/08/13 19:29:33.090, NVIDIA H200, 29, 0 %, 0 %, 142683 MiB, 143771 MiB
2026/08/13 19:29:36.090, NVIDIA H200, 32, 0 %, 0 %, 142683 MiB, 143771 MiB
2026/08/13 19:29:39.091, NVIDIA H200, 50, 100 %, 49 %, 142683 MiB, 143771 MiB
2026/08/13 19:29:42.091, NVIDIA H200, 54, 98 %, 64 %, 142683 MiB, 143771 MiB
2026/08/13 19:29:45.091, NVIDIA H200, 56, 100 %, 45 %, 142683 MiB, 143771 MiB
2026/08/13 19:29:48.092, NVIDIA H200, 56, 99 %, 64 %, 142683 MiB, 143771 MiB
2026/08/13 19:29:51.092, NVIDIA H200, 58, 100 %, 57 %, 142683 MiB, 143771 MiB
2026/08/13 19:29:54.093, NVIDIA H200, 58, 100 %, 41 %, 142683 MiB, 143771 MiB
2026/08/13 19:29:57.093, NVIDIA H200, 57, 98 %, 35 %, 142683 MiB, 143771 MiB
2026/08/13 19:30:00.094, NVIDIA H200, 58, 100 %, 50 %, 142683 MiB, 143771 MiB
2026/08/13 19:30:03.094, NVIDIA H200, 57, 100 %, 53 %, 142683 MiB, 143771 MiB
2026/08/13 19:30:06.094, NVIDIA H200, 60, 100 %, 49 %, 142683 MiB, 143771 MiB
2026/08/13 19:30:09.095, NVIDIA H200, 55, 99 %, 64 %, 142683 MiB, 143771 MiB
2026/08/13 19:30:12.095, NVIDIA H200, 57, 100 %, 58 %, 142683 MiB, 143771 MiB
2026/08/13 19:30:15.096, NVIDIA H200, 58, 100 %, 49 %, 142683 MiB, 143771 MiB
2026/08/13 19:30:18.096, NVIDIA H200, 56, 98 %, 39 %, 142683 MiB, 143771 MiB
2026/08/13 19:30:21.096, NVIDIA H200, 58, 100 %, 58 %, 142683 MiB, 143771 MiB
2026/08/13 19:30:24.097, NVIDIA H200, 58, 100 %, 56 %, 142683 MiB, 143771 MiB
2026/08/13 19:30:27.097, NVIDIA H200, 61, 100 %, 53 %, 142683 MiB, 143771 MiB
2026/08/13 19:30:30.098, NVIDIA H200, 55, 99 %, 53 %, 142683 MiB, 143771 MiB
2026/08/13 19:30:33.098, NVIDIA H200, 57, 100 %, 52 %, 142683 MiB, 143771 MiB
2026/08/13 19:30:36.098, NVIDIA H200, 57, 100 %, 48 %, 142683 MiB, 143771 MiB
2026/08/13 19:30:39.099, NVIDIA H200, 53, 100 %, 46 %, 142683 MiB, 143771 MiB
2026/08/13 19:30:42.099, NVIDIA H200, 58, 100 %, 41 %, 142683 MiB, 143771 MiB
2026/08/13 19:30:45.100, NVIDIA H200, 60, 100 %, 59 %, 142683 MiB, 143771 MiB
2026/08/13 19:30:48.100, NVIDIA H200, 60, 100 %, 42 %, 142683 MiB, 143771 MiB
2026/08/13 19:30:51.101, NVIDIA H200, 59, 100 %, 51 %, 142683 MiB, 143771 MiB
2026/08/13 19:30:54.101, NVIDIA H200, 59, 100 %, 43 %, 142683 MiB, 143771 MiB
2026/08/13 19:30:57.101, NVIDIA H200, 57, 98 %, 59 %, 142683 MiB, 143771 MiB
2026/08/13 19:31:00.102, NVIDIA H200, 58, 100 %, 52 %, 142683 MiB, 143771 MiB
2026/08/13 19:31:03.102, NVIDIA H200, 58, 100 %, 33 %, 142683 MiB, 143771 MiB
2026/08/13 19:31:06.102, NVIDIA H200, 58, 99 %, 38 %, 142683 MiB, 143771 MiB
2026/08/13 19:31:09.103, NVIDIA H200, 31, 0 %, 0 %, 142683 MiB, 143771 MiB
2026/08/13 19:31:12.103, NVIDIA H200, 45, 100 %, 53 %, 142683 MiB, 143771 MiB
2026/08/13 19:31:15.104, NVIDIA H200, 40, 99 %, 48 %, 142683 MiB, 143771 MiB
2026/08/13 19:31:18.104, NVIDIA H200, 34, 0 %, 0 %, 142683 MiB, 143771 MiB
2026/08/13 19:31:21.105, NVIDIA H200, 28, 0 %, 0 %, 142683 MiB, 143771 MiB
2026/08/13 19:31:24.105, NVIDIA H200, 30, 0 %, 0 %, 142683 MiB, 143771 MiB
2026/08/13 19:31:27.106, NVIDIA H200, 48, 50 %, 7 %, 142683 MiB, 143771 MiB
2026/08/13 19:31:30.106, NVIDIA H200, 56, 100 %, 62 %, 142683 MiB, 143771 MiB
2026/08/13 19:31:33.107, NVIDIA H200, 55, 86 %, 29 %, 142683 MiB, 143771 MiB
2026/08/13 19:31:36.107, NVIDIA H200, 58, 100 %, 53 %, 142683 MiB, 143771 MiB
2026/08/13 19:31:39.107, NVIDIA H200, 57, 100 %, 55 %, 142683 MiB, 143771 MiB
2026/08/13 19:31:42.108, NVIDIA H200, 59, 100 %, 51 %, 142683 MiB, 143771 MiB
2026/08/13 19:31:45.108, NVIDIA H200, 55, 100 %, 47 %, 142683 MiB, 143771 MiB
2026/08/13 19:31:48.109, NVIDIA H200, 56, 100 %, 46 %, 142683 MiB, 143771 MiB
2026/08/13 19:31:51.109, NVIDIA H200, 58, 100 %, 46 %, 142683 MiB, 143771 MiB
2026/08/13 19:31:54.110, NVIDIA H200, 55, 100 %, 59 %, 142683 MiB, 143771 MiB
2026/08/13 19:31:57.110, NVIDIA H200, 58, 100 %, 42 %, 142683 MiB, 143771 MiB
2026/08/13 19:32:00.111, NVIDIA H200, 58, 100 %, 53 %, 142683 MiB, 143771 MiB
2026/08/13 19:32:03.111, NVIDIA H200, 61, 100 %, 54 %, 142683 MiB, 143771 MiB
2026/08/13 19:32:06.111, NVIDIA H200, 56, 99 %, 54 %, 142683 MiB, 143771 MiB
2026/08/13 19:32:09.112, NVIDIA H200, 56, 100 %, 48 %, 142683 MiB, 143771 MiB
2026/08/13 19:32:12.112, NVIDIA H200, 57, 100 %, 22 %, 142683 MiB, 143771 MiB
2026/08/13 19:32:15.113, NVIDIA H200, 52, 100 %, 41 %, 142683 MiB, 143771 MiB
2026/08/13 19:32:18.113, NVIDIA H200, 57, 100 %, 41 %, 142683 MiB, 143771 MiB
2026/08/13 19:32:21.113, NVIDIA H200, 59, 100 %, 55 %, 142683 MiB, 143771 MiB
2026/08/13 19:32:24.114, NVIDIA H200, 61, 100 %, 47 %, 142683 MiB, 143771 MiB
2026/08/13 19:32:27.114, NVIDIA H200, 56, 98 %, 73 %, 142683 MiB, 143771 MiB
2026/08/13 19:32:30.115, NVIDIA H200, 58, 100 %, 57 %, 142683 MiB, 143771 MiB
2026/08/13 19:32:33.115, NVIDIA H200, 56, 100 %, 47 %, 142683 MiB, 143771 MiB
2026/08/13 19:32:36.116, NVIDIA H200, 56, 98 %, 44 %, 142683 MiB, 143771 MiB
2026/08/13 19:32:39.116, NVIDIA H200, 58, 100 %, 49 %, 142683 MiB, 143771 MiB
2026/08/13 19:32:42.116, NVIDIA H200, 56, 100 %, 56 %, 142683 MiB, 143771 MiB
2026/08/13 19:32:45.117, NVIDIA H200, 58, 100 %, 49 %, 142683 MiB, 143771 MiB
2026/08/13 19:32:48.117, NVIDIA H200, 58, 100 %, 56 %, 142683 MiB, 143771 MiB
2026/08/13 19:32:51.117, NVIDIA H200, 60, 100 %, 54 %, 142683 MiB, 143771 MiB
2026/08/13 19:32:54.118, NVIDIA H200, 56, 100 %, 26 %, 142683 MiB, 143771 MiB
2026/08/13 19:32:57.118, NVIDIA H200, 30, 0 %, 0 %, 142683 MiB, 143771 MiB
2026/08/13 19:33:00.119, NVIDIA H200, 28, 0 %, 0 %, 142683 MiB, 143771 MiB
2026/08/13 19:33:03.119, NVIDIA H200, 29, 100 %, 42 %, 142683 MiB, 143771 MiB
2026/08/13 19:33:06.119, NVIDIA H200, 53, 100 %, 55 %, 142683 MiB, 143771 MiB
2026/08/13 19:33:09.120, NVIDIA H200, 29, 0 %, 0 %, 142683 MiB, 143771 MiB
2026/08/13 19:33:12.120, NVIDIA H200, 27, 0 %, 0 %, 142683 MiB, 143771 MiB
2026/08/13 19:33:15.121, NVIDIA H200, 48, 100 %, 37 %, 142683 MiB, 143771 MiB
2026/08/13 19:33:18.121, NVIDIA H200, 52, 100 %, 54 %, 142683 MiB, 143771 MiB
2026/08/13 19:33:21.121, NVIDIA H200, 59, 100 %, 43 %, 142683 MiB, 143771 MiB
2026/08/13 19:33:24.122, NVIDIA H200, 55, 100 %, 55 %, 142683 MiB, 143771 MiB
2026/08/13 19:33:27.122, NVIDIA H200, 57, 100 %, 50 %, 142683 MiB, 143771 MiB
2026/08/13 19:33:30.123, NVIDIA H200, 55, 100 %, 49 %, 142683 MiB, 143771 MiB
2026/08/13 19:33:33.124, NVIDIA H200, 55, 100 %, 50 %, 142683 MiB, 143771 MiB
2026/08/13 19:33:36.124, NVIDIA H200, 57, 100 %, 35 %, 142683 MiB, 143771 MiB
2026/08/13 19:33:39.124, NVIDIA H200, 60, 100 %, 57 %, 142683 MiB, 143771 MiB
2026/08/13 19:33:42.125, NVIDIA H200, 60, 100 %, 43 %, 142683 MiB, 143771 MiB
2026/08/13 19:33:45.126, NVIDIA H200, 58, 100 %, 53 %, 142683 MiB, 143771 MiB
2026/08/13 19:33:48.126, NVIDIA H200, 58, 100 %, 53 %, 142683 MiB, 143771 MiB
2026/08/13 19:33:51.126, NVIDIA H200, 55, 99 %, 55 %, 142683 MiB, 143771 MiB
2026/08/13 19:33:54.127, NVIDIA H200, 56, 100 %, 48 %, 142683 MiB, 143771 MiB
2026/08/13 19:33:57.127, NVIDIA H200, 57, 100 %, 24 %, 142683 MiB, 143771 MiB
2026/08/13 19:34:00.128, NVIDIA H200, 58, 100 %, 44 %, 142683 MiB, 143771 MiB
2026/08/13 19:34:03.128, NVIDIA H200, 59, 100 %, 45 %, 142683 MiB, 143771 MiB
2026/08/13 19:34:06.128, NVIDIA H200, 57, 100 %, 55 %, 142683 MiB, 143771 MiB
2026/08/13 19:34:09.129, NVIDIA H200, 58, 100 %, 42 %, 142683 MiB, 143771 MiB
2026/08/13 19:34:12.129, NVIDIA H200, 56, 98 %, 64 %, 142683 MiB, 143771 MiB
2026/08/13 19:34:15.130, NVIDIA H200, 58, 100 %, 57 %, 142683 MiB, 143771 MiB
2026/08/13 19:34:18.130, NVIDIA H200, 58, 100 %, 43 %, 142683 MiB, 143771 MiB
2026/08/13 19:34:21.131, NVIDIA H200, 57, 100 %, 36 %, 142683 MiB, 143771 MiB
2026/08/13 19:34:24.131, NVIDIA H200, 57, 100 %, 47 %, 142683 MiB, 143771 MiB
2026/08/13 19:34:27.132, NVIDIA H200, 57, 100 %, 53 %, 142683 MiB, 143771 MiB
2026/08/13 19:34:30.132, NVIDIA H200, 60, 100 %, 48 %, 142683 MiB, 143771 MiB
2026/08/13 19:34:33.132, NVIDIA H200, 55, 99 %, 68 %, 142683 MiB, 143771 MiB
2026/08/13 19:34:36.133, NVIDIA H200, 56, 100 %, 59 %, 142683 MiB, 143771 MiB
2026/08/13 19:34:39.133, NVIDIA H200, 58, 100 %, 47 %, 142683 MiB, 143771 MiB
2026/08/13 19:34:42.133, NVIDIA H200, 56, 99 %, 44 %, 142683 MiB, 143771 MiB
2026/08/13 19:34:45.134, NVIDIA H200, 34, 0 %, 0 %, 142683 MiB, 143771 MiB
2026/08/13 19:34:48.134, NVIDIA H200, 29, 0 %, 0 %, 142683 MiB, 143771 MiB
2026/08/13 19:34:51.135, NVIDIA H200, 29, 0 %, 0 %, 142683 MiB, 143771 MiB
2026/08/13 19:34:54.135, NVIDIA H200, 50, 100 %, 59 %, 142683 MiB, 143771 MiB
2026/08/13 19:34:57.136, NVIDIA H200, 31, 0 %, 0 %, 142683 MiB, 143771 MiB
2026/08/13 19:35:00.136, NVIDIA H200, 28, 0 %, 0 %, 142683 MiB, 143771 MiB
2026/08/13 19:35:03.136, NVIDIA H200, 27, 0 %, 0 %, 142683 MiB, 143771 MiB
2026/08/13 19:35:06.137, NVIDIA H200, 27, 0 %, 0 %, 142683 MiB, 143771 MiB
2026/08/13 19:35:09.137, NVIDIA H200, 26, 0 %, 0 %, 142683 MiB, 143771 MiB
2026/08/13 19:35:12.138, NVIDIA H200, 51, 100 %, 53 %, 142683 MiB, 143771 MiB
2026/08/13 19:35:15.138, NVIDIA H200, 54, 100 %, 43 %, 142683 MiB, 143771 MiB
2026/08/13 19:35:18.138, NVIDIA H200, 55, 100 %, 51 %, 142683 MiB, 143771 MiB
2026/08/13 19:35:21.139, NVIDIA H200, 56, 100 %, 34 %, 142683 MiB, 143771 MiB
2026/08/13 19:35:24.139, NVIDIA H200, 58, 100 %, 55 %, 142683 MiB, 143771 MiB
2026/08/13 19:35:27.140, NVIDIA H200, 58, 100 %, 47 %, 142683 MiB, 143771 MiB
2026/08/13 19:35:30.140, NVIDIA H200, 57, 100 %, 50 %, 142683 MiB, 143771 MiB
2026/08/13 19:35:33.141, NVIDIA H200, 58, 100 %, 55 %, 142683 MiB, 143771 MiB
2026/08/13 19:35:36.141, NVIDIA H200, 55, 99 %, 55 %, 142683 MiB, 143771 MiB
2026/08/13 19:35:39.142, NVIDIA H200, 55, 100 %, 48 %, 142683 MiB, 143771 MiB
2026/08/13 19:35:42.142, NVIDIA H200, 56, 100 %, 21 %, 142683 MiB, 143771 MiB
2026/08/13 19:35:45.142, NVIDIA H200, 58, 100 %, 41 %, 142683 MiB, 143771 MiB
2026/08/13 19:35:48.143, NVIDIA H200, 59, 100 %, 42 %, 142683 MiB, 143771 MiB
2026/08/13 19:35:51.143, NVIDIA H200, 58, 100 %, 55 %, 142683 MiB, 143771 MiB
2026/08/13 19:35:54.144, NVIDIA H200, 58, 100 %, 43 %, 142683 MiB, 143771 MiB
2026/08/13 19:35:57.144, NVIDIA H200, 57, 99 %, 57 %, 142683 MiB, 143771 MiB
2026/08/13 19:36:00.145, NVIDIA H200, 56, 100 %, 49 %, 142683 MiB, 143771 MiB
2026/08/13 19:36:03.145, NVIDIA H200, 57, 100 %, 35 %, 142683 MiB, 143771 MiB
2026/08/13 19:36:06.145, NVIDIA H200, 56, 97 %, 32 %, 142683 MiB, 143771 MiB
2026/08/13 19:36:09.146, NVIDIA H200, 57, 100 %, 46 %, 142683 MiB, 143771 MiB
2026/08/13 19:36:12.146, NVIDIA H200, 57, 100 %, 55 %, 142683 MiB, 143771 MiB
2026/08/13 19:36:15.147, NVIDIA H200, 59, 100 %, 47 %, 142683 MiB, 143771 MiB
2026/08/13 19:36:18.147, NVIDIA H200, 55, 100 %, 48 %, 142683 MiB, 143771 MiB
2026/08/13 19:36:21.148, NVIDIA H200, 56, 100 %, 46 %, 142683 MiB, 143771 MiB
2026/08/13 19:36:24.148, NVIDIA H200, 58, 100 %, 46 %, 142683 MiB, 143771 MiB
2026/08/13 19:36:27.148, NVIDIA H200, 56, 100 %, 54 %, 142683 MiB, 143771 MiB
2026/08/13 19:36:30.149, NVIDIA H200, 58, 100 %, 45 %, 142683 MiB, 143771 MiB
2026/08/13 19:36:33.149, NVIDIA H200, 57, 100 %, 55 %, 142683 MiB, 143771 MiB
2026/08/13 19:36:36.149, NVIDIA H200, 61, 100 %, 50 %, 142683 MiB, 143771 MiB
2026/08/13 19:36:39.150, NVIDIA H200, 56, 100 %, 41 %, 142683 MiB, 143771 MiB
2026/08/13 19:36:42.150, NVIDIA H200, 30, 0 %, 0 %, 142683 MiB, 143771 MiB
2026/08/13 19:36:45.151, NVIDIA H200, 28, 0 %, 0 %, 142683 MiB, 143771 MiB
2026/08/13 19:36:48.151, NVIDIA H200, 43, 100 %, 53 %, 142683 MiB, 143771 MiB
2026/08/13 19:36:51.152, NVIDIA H200, 41, 0 %, 0 %, 142683 MiB, 143771 MiB
2026/08/13 19:36:54.152, NVIDIA H200, 29, 0 %, 0 %, 142683 MiB, 143771 MiB
2026/08/13 19:36:57.152, NVIDIA H200, 27, 0 %, 0 %, 142683 MiB, 143771 MiB
2026/08/13 19:37:00.153, NVIDIA H200, 48, 100 %, 43 %, 142683 MiB, 143771 MiB
2026/08/13 19:37:03.153, NVIDIA H200, 56, 100 %, 54 %, 142683 MiB, 143771 MiB
2026/08/13 19:37:06.154, NVIDIA H200, 56, 100 %, 42 %, 142683 MiB, 143771 MiB
2026/08/13 19:37:09.154, NVIDIA H200, 57, 100 %, 54 %, 142683 MiB, 143771 MiB
2026/08/13 19:37:12.155, NVIDIA H200, 60, 100 %, 55 %, 142683 MiB, 143771 MiB
2026/08/13 19:37:15.155, NVIDIA H200, 55, 100 %, 52 %, 142683 MiB, 143771 MiB
2026/08/13 19:37:18.155, NVIDIA H200, 56, 100 %, 49 %, 142683 MiB, 143771 MiB
2026/08/13 19:37:21.156, NVIDIA H200, 57, 100 %, 33 %, 142683 MiB, 143771 MiB
2026/08/13 19:37:24.156, NVIDIA H200, 57, 100 %, 52 %, 142683 MiB, 143771 MiB
2026/08/13 19:37:27.157, NVIDIA H200, 57, 100 %, 46 %, 142683 MiB, 143771 MiB
2026/08/13 19:37:30.157, NVIDIA H200, 56, 98 %, 36 %, 142683 MiB, 143771 MiB
2026/08/13 19:37:33.157, NVIDIA H200, 58, 100 %, 45 %, 142683 MiB, 143771 MiB
2026/08/13 19:37:36.158, NVIDIA H200, 58, 100 %, 54 %, 142683 MiB, 143771 MiB
2026/08/13 19:37:39.158, NVIDIA H200, 60, 100 %, 47 %, 142683 MiB, 143771 MiB
2026/08/13 19:37:42.159, NVIDIA H200, 55, 99 %, 66 %, 142683 MiB, 143771 MiB
2026/08/13 19:37:45.159, NVIDIA H200, 56, 100 %, 61 %, 142683 MiB, 143771 MiB
2026/08/13 19:37:48.160, NVIDIA H200, 58, 100 %, 49 %, 142683 MiB, 143771 MiB
2026/08/13 19:37:51.160, NVIDIA H200, 56, 98 %, 40 %, 142683 MiB, 143771 MiB
2026/08/13 19:37:54.161, NVIDIA H200, 58, 100 %, 62 %, 142683 MiB, 143771 MiB
2026/08/13 19:37:57.161, NVIDIA H200, 58, 100 %, 53 %, 142683 MiB, 143771 MiB
2026/08/13 19:38:00.161, NVIDIA H200, 57, 100 %, 48 %, 142683 MiB, 143771 MiB
2026/08/13 19:38:03.162, NVIDIA H200, 56, 99 %, 49 %, 142683 MiB, 143771 MiB
2026/08/13 19:38:06.162, NVIDIA H200, 56, 100 %, 51 %, 142683 MiB, 143771 MiB
2026/08/13 19:38:09.163, NVIDIA H200, 57, 100 %, 44 %, 142683 MiB, 143771 MiB
2026/08/13 19:38:12.163, NVIDIA H200, 58, 99 %, 47 %, 142683 MiB, 143771 MiB
2026/08/13 19:38:15.163, NVIDIA H200, 60, 100 %, 51 %, 142683 MiB, 143771 MiB
2026/08/13 19:38:18.164, NVIDIA H200, 59, 100 %, 56 %, 142683 MiB, 143771 MiB
2026/08/13 19:38:21.164, NVIDIA H200, 59, 100 %, 49 %, 142683 MiB, 143771 MiB
2026/08/13 19:38:24.165, NVIDIA H200, 57, 100 %, 54 %, 142683 MiB, 143771 MiB
2026/08/13 19:38:27.165, NVIDIA H200, 58, 100 %, 50 %, 142683 MiB, 143771 MiB
2026/08/13 19:38:30.165, NVIDIA H200, 35, 0 %, 0 %, 142683 MiB, 143771 MiB
2026/08/13 19:38:33.166, NVIDIA H200, 29, 0 %, 0 %, 142683 MiB, 143771 MiB
2026/08/13 19:38:36.166, NVIDIA H200, 31, 0 %, 0 %, 142683 MiB, 143771 MiB
2026/08/13 19:38:39.167, NVIDIA H200, 53, 99 %, 36 %, 142683 MiB, 143771 MiB
2026/08/13 19:38:42.167, NVIDIA H200, 30, 0 %, 0 %, 142683 MiB, 143771 MiB
2026/08/13 19:38:45.167, NVIDIA H200, 28, 0 %, 0 %, 142683 MiB, 143771 MiB
2026/08/13 19:38:48.168, NVIDIA H200, 47, 100 %, 51 %, 142683 MiB, 143771 MiB
2026/08/13 19:38:51.169, NVIDIA H200, 56, 98 %, 47 %, 142683 MiB, 143771 MiB
2026/08/13 19:38:54.169, NVIDIA H200, 55, 100 %, 42 %, 142683 MiB, 143771 MiB
2026/08/13 19:38:57.170, NVIDIA H200, 57, 100 %, 57 %, 142683 MiB, 143771 MiB
2026/08/13 19:39:00.170, NVIDIA H200, 59, 100 %, 45 %, 142683 MiB, 143771 MiB
2026/08/13 19:39:03.170, NVIDIA H200, 55, 100 %, 51 %, 142683 MiB, 143771 MiB
2026/08/13 19:39:06.171, NVIDIA H200, 56, 100 %, 52 %, 142683 MiB, 143771 MiB
2026/08/13 19:39:09.171, NVIDIA H200, 58, 99 %, 54 %, 142683 MiB, 143771 MiB
2026/08/13 19:39:12.172, NVIDIA H200, 55, 100 %, 48 %, 142683 MiB, 143771 MiB
2026/08/13 19:39:15.172, NVIDIA H200, 58, 100 %, 22 %, 142683 MiB, 143771 MiB
2026/08/13 19:39:18.172, NVIDIA H200, 57, 99 %, 40 %, 142683 MiB, 143771 MiB
2026/08/13 19:39:21.173, NVIDIA H200, 60, 100 %, 41 %, 142683 MiB, 143771 MiB
2026/08/13 19:39:24.173, NVIDIA H200, 55, 100 %, 55 %, 142683 MiB, 143771 MiB
2026/08/13 19:39:27.174, NVIDIA H200, 56, 100 %, 45 %, 142683 MiB, 143771 MiB
2026/08/13 19:39:30.174, NVIDIA H200, 57, 99 %, 63 %, 142683 MiB, 143771 MiB
2026/08/13 19:39:33.174, NVIDIA H200, 52, 100 %, 57 %, 142683 MiB, 143771 MiB
2026/08/13 19:39:36.175, NVIDIA H200, 58, 100 %, 43 %, 142683 MiB, 143771 MiB
2026/08/13 19:39:39.175, NVIDIA H200, 58, 97 %, 39 %, 142683 MiB, 143771 MiB
2026/08/13 19:39:42.176, NVIDIA H200, 61, 100 %, 55 %, 142683 MiB, 143771 MiB
2026/08/13 19:39:45.176, NVIDIA H200, 56, 100 %, 51 %, 142683 MiB, 143771 MiB
2026/08/13 19:39:48.176, NVIDIA H200, 58, 100 %, 45 %, 142683 MiB, 143771 MiB
2026/08/13 19:39:51.177, NVIDIA H200, 56, 98 %, 61 %, 142683 MiB, 143771 MiB
2026/08/13 19:39:54.178, NVIDIA H200, 57, 100 %, 55 %, 142683 MiB, 143771 MiB
2026/08/13 19:39:57.178, NVIDIA H200, 57, 100 %, 44 %, 142683 MiB, 143771 MiB
2026/08/13 19:40:00.178, NVIDIA H200, 59, 99 %, 47 %, 142683 MiB, 143771 MiB
2026/08/13 19:40:03.179, NVIDIA H200, 60, 100 %, 52 %, 142683 MiB, 143771 MiB
2026/08/13 19:40:06.179, NVIDIA H200, 57, 100 %, 55 %, 142683 MiB, 143771 MiB
2026/08/13 19:40:09.179, NVIDIA H200, 59, 100 %, 39 %, 142683 MiB, 143771 MiB
2026/08/13 19:40:12.180, NVIDIA H200, 55, 100 %, 53 %, 142683 MiB, 143771 MiB
2026/08/13 19:40:15.180, NVIDIA H200, 56, 100 %, 53 %, 142683 MiB, 143771 MiB
2026/08/13 19:40:18.180, NVIDIA H200, 35, 0 %, 0 %, 142683 MiB, 143771 MiB
2026/08/13 19:40:21.181, NVIDIA H200, 29, 0 %, 0 %, 142683 MiB, 143771 MiB
2026/08/13 19:40:24.181, NVIDIA H200, 28, 0 %, 0 %, 142683 MiB, 143771 MiB
2026/08/13 19:40:27.182, NVIDIA H200, 52, 99 %, 50 %, 142683 MiB, 143771 MiB
2026/08/13 19:40:30.182, NVIDIA H200, 29, 0 %, 0 %, 142683 MiB, 143771 MiB
2026/08/13 19:40:33.183, NVIDIA H200, 28, 0 %, 0 %, 142683 MiB, 143771 MiB
2026/08/13 19:40:36.183, NVIDIA H200, 27, 0 %, 0 %, 142683 MiB, 143771 MiB
2026/08/13 19:40:39.184, NVIDIA H200, 54, 100 %, 54 %, 142683 MiB, 143771 MiB
2026/08/13 19:40:42.184, NVIDIA H200, 57, 100 %, 52 %, 142683 MiB, 143771 MiB
2026/08/13 19:40:45.185, NVIDIA H200, 56, 100 %, 41 %, 142683 MiB, 143771 MiB
2026/08/13 19:40:48.185, NVIDIA H200, 58, 100 %, 51 %, 142683 MiB, 143771 MiB
2026/08/13 19:40:51.186, NVIDIA H200, 57, 100 %, 58 %, 142683 MiB, 143771 MiB
2026/08/13 19:40:54.186, NVIDIA H200, 57, 100 %, 44 %, 142683 MiB, 143771 MiB
2026/08/13 19:40:57.186, NVIDIA H200, 54, 100 %, 50 %, 142683 MiB, 143771 MiB
2026/08/13 19:41:00.187, NVIDIA H200, 56, 100 %, 58 %, 142683 MiB, 143771 MiB
2026/08/13 19:41:03.187, NVIDIA H200, 58, 99 %, 54 %, 142683 MiB, 143771 MiB
2026/08/13 19:41:06.187, NVIDIA H200, 55, 100 %, 48 %, 142683 MiB, 143771 MiB
2026/08/13 19:41:09.188, NVIDIA H200, 58, 100 %, 56 %, 142683 MiB, 143771 MiB
2026/08/13 19:41:12.188, NVIDIA H200, 58, 99 %, 35 %, 142683 MiB, 143771 MiB
2026/08/13 19:41:15.189, NVIDIA H200, 61, 100 %, 53 %, 142683 MiB, 143771 MiB
2026/08/13 19:41:18.189, NVIDIA H200, 55, 100 %, 55 %, 142683 MiB, 143771 MiB
2026/08/13 19:41:21.190, NVIDIA H200, 58, 100 %, 49 %, 142683 MiB, 143771 MiB
2026/08/13 19:41:24.190, NVIDIA H200, 56, 100 %, 48 %, 142683 MiB, 143771 MiB
2026/08/13 19:41:27.190, NVIDIA H200, 57, 100 %, 48 %, 142683 MiB, 143771 MiB
2026/08/13 19:41:30.191, NVIDIA H200, 56, 100 %, 32 %, 142683 MiB, 143771 MiB
2026/08/13 19:41:33.191, NVIDIA H200, 58, 100 %, 47 %, 142683 MiB, 143771 MiB
2026/08/13 19:41:36.191, NVIDIA H200, 59, 100 %, 45 %, 142683 MiB, 143771 MiB
2026/08/13 19:41:39.192, NVIDIA H200, 57, 100 %, 57 %, 142683 MiB, 143771 MiB
2026/08/13 19:41:42.192, NVIDIA H200, 58, 100 %, 48 %, 142683 MiB, 143771 MiB
2026/08/13 19:41:45.193, NVIDIA H200, 55, 98 %, 71 %, 142683 MiB, 143771 MiB
2026/08/13 19:41:48.193, NVIDIA H200, 57, 100 %, 58 %, 142683 MiB, 143771 MiB
2026/08/13 19:41:51.193, NVIDIA H200, 56, 100 %, 44 %, 142683 MiB, 143771 MiB
2026/08/13 19:41:54.194, NVIDIA H200, 53, 100 %, 44 %, 142683 MiB, 143771 MiB
2026/08/13 19:41:57.194, NVIDIA H200, 58, 100 %, 37 %, 142683 MiB, 143771 MiB
2026/08/13 19:42:00.194, NVIDIA H200, 60, 100 %, 57 %, 142683 MiB, 143771 MiB
2026/08/13 19:42:03.195, NVIDIA H200, 59, 100 %, 47 %, 142683 MiB, 143771 MiB
2026/08/13 19:42:06.195, NVIDIA H200, 56, 99 %, 57 %, 142683 MiB, 143771 MiB
2026/08/13 19:42:09.196, NVIDIA H200, 30, 0 %, 0 %, 142683 MiB, 143771 MiB
2026/08/13 19:42:12.196, NVIDIA H200, 28, 0 %, 0 %, 142683 MiB, 143771 MiB
2026/08/13 19:42:15.196, NVIDIA H200, 39, 64 %, 17 %, 142683 MiB, 143771 MiB
2026/08/13 19:42:18.197, NVIDIA H200, 33, 0 %, 0 %, 142683 MiB, 143771 MiB
2026/08/13 19:42:21.197, NVIDIA H200, 28, 0 %, 0 %, 142683 MiB, 143771 MiB
2026/08/13 19:42:24.198, NVIDIA H200, 27, 0 %, 0 %, 142683 MiB, 143771 MiB
2026/08/13 19:42:27.198, NVIDIA H200, 41, 0 %, 0 %, 142683 MiB, 143771 MiB
2026/08/13 19:42:30.198, NVIDIA H200, 50, 84 %, 60 %, 142683 MiB, 143771 MiB
2026/08/13 19:42:33.199, NVIDIA H200, 56, 100 %, 54 %, 142683 MiB, 143771 MiB
2026/08/13 19:42:36.199, NVIDIA H200, 54, 98 %, 64 %, 142683 MiB, 143771 MiB
2026/08/13 19:42:39.200, NVIDIA H200, 56, 100 %, 63 %, 142683 MiB, 143771 MiB
2026/08/13 19:42:42.200, NVIDIA H200, 57, 100 %, 49 %, 142683 MiB, 143771 MiB
2026/08/13 19:42:45.201, NVIDIA H200, 53, 98 %, 42 %, 142683 MiB, 143771 MiB
2026/08/13 19:42:48.201, NVIDIA H200, 58, 100 %, 51 %, 142683 MiB, 143771 MiB
2026/08/13 19:42:51.201, NVIDIA H200, 58, 100 %, 55 %, 142683 MiB, 143771 MiB
2026/08/13 19:42:54.202, NVIDIA H200, 58, 100 %, 49 %, 142683 MiB, 143771 MiB
2026/08/13 19:42:57.203, NVIDIA H200, 56, 100 %, 56 %, 142683 MiB, 143771 MiB
2026/08/13 19:43:00.203, NVIDIA H200, 57, 100 %, 50 %, 142683 MiB, 143771 MiB
2026/08/13 19:43:03.203, NVIDIA H200, 58, 100 %, 47 %, 142683 MiB, 143771 MiB
2026/08/13 19:43:06.204, NVIDIA H200, 47, 100 %, 50 %, 142683 MiB, 143771 MiB
2026/08/13 19:43:09.204, NVIDIA H200, 57, 98 %, 53 %, 142683 MiB, 143771 MiB
2026/08/13 19:43:12.205, NVIDIA H200, 56, 100 %, 54 %, 142683 MiB, 143771 MiB
2026/08/13 19:43:15.206, NVIDIA H200, 48, 100 %, 55 %, 142683 MiB, 143771 MiB
2026/08/13 19:43:18.206, NVIDIA H200, 57, 100 %, 48 %, 142683 MiB, 143771 MiB
2026/08/13 19:43:21.206, NVIDIA H200, 57, 100 %, 41 %, 142683 MiB, 143771 MiB
2026/08/13 19:43:24.207, NVIDIA H200, 61, 100 %, 37 %, 142683 MiB, 143771 MiB
2026/08/13 19:43:27.207, NVIDIA H200, 55, 100 %, 58 %, 142683 MiB, 143771 MiB
2026/08/13 19:43:30.208, NVIDIA H200, 56, 100 %, 47 %, 142683 MiB, 143771 MiB
2026/08/13 19:43:33.208, NVIDIA H200, 56, 99 %, 65 %, 142683 MiB, 143771 MiB
2026/08/13 19:43:36.209, NVIDIA H200, 54, 100 %, 57 %, 142683 MiB, 143771 MiB
2026/08/13 19:43:39.209, NVIDIA H200, 57, 100 %, 51 %, 142683 MiB, 143771 MiB
2026/08/13 19:43:42.210, NVIDIA H200, 60, 98 %, 40 %, 142683 MiB, 143771 MiB
2026/08/13 19:43:45.211, NVIDIA H200, 60, 100 %, 50 %, 142683 MiB, 143771 MiB
2026/08/13 19:43:48.211, NVIDIA H200, 58, 100 %, 56 %, 142683 MiB, 143771 MiB
2026/08/13 19:43:51.211, NVIDIA H200, 59, 100 %, 48 %, 142683 MiB, 143771 MiB
2026/08/13 19:43:54.212, NVIDIA H200, 56, 100 %, 56 %, 142683 MiB, 143771 MiB
2026/08/13 19:43:57.213, NVIDIA H200, 32, 0 %, 0 %, 142683 MiB, 143771 MiB
2026/08/13 19:44:00.213, NVIDIA H200, 29, 0 %, 0 %, 142683 MiB, 143771 MiB
2026/08/13 19:44:03.213, NVIDIA H200, 28, 0 %, 0 %, 142683 MiB, 143771 MiB
2026/08/13 19:44:06.214, NVIDIA H200, 53, 100 %, 57 %, 142683 MiB, 143771 MiB
2026/08/13 19:44:09.214, NVIDIA H200, 29, 0 %, 0 %, 142683 MiB, 143771 MiB
2026/08/13 19:44:12.215, NVIDIA H200, 27, 0 %, 0 %, 142683 MiB, 143771 MiB
2026/08/13 19:44:15.215, NVIDIA H200, 27, 0 %, 0 %, 142683 MiB, 143771 MiB
2026/08/13 19:44:18.216, NVIDIA H200, 27, 0 %, 0 %, 142683 MiB, 143771 MiB
2026/08/13 19:44:21.216, NVIDIA H200, 50, 100 %, 44 %, 142683 MiB, 143771 MiB
2026/08/13 19:44:24.217, NVIDIA H200, 53, 100 %, 62 %, 142683 MiB, 143771 MiB
2026/08/13 19:44:27.218, NVIDIA H200, 55, 100 %, 50 %, 142683 MiB, 143771 MiB
2026/08/13 19:44:30.218, NVIDIA H200, 55, 100 %, 50 %, 142683 MiB, 143771 MiB
2026/08/13 19:44:33.219, NVIDIA H200, 56, 100 %, 30 %, 142683 MiB, 143771 MiB
2026/08/13 19:44:36.219, NVIDIA H200, 58, 99 %, 34 %, 142683 MiB, 143771 MiB
2026/08/13 19:44:39.220, NVIDIA H200, 60, 100 %, 46 %, 142683 MiB, 143771 MiB
2026/08/13 19:44:42.220, NVIDIA H200, 55, 100 %, 53 %, 142683 MiB, 143771 MiB
2026/08/13 19:44:45.221, NVIDIA H200, 57, 100 %, 45 %, 142683 MiB, 143771 MiB
2026/08/13 19:44:48.221, NVIDIA H200, 54, 98 %, 57 %, 142683 MiB, 143771 MiB
2026/08/13 19:44:51.222, NVIDIA H200, 55, 100 %, 48 %, 142683 MiB, 143771 MiB
2026/08/13 19:44:54.222, NVIDIA H200, 56, 100 %, 43 %, 142683 MiB, 143771 MiB
2026/08/13 19:44:57.223, NVIDIA H200, 57, 100 %, 46 %, 142683 MiB, 143771 MiB
2026/08/13 19:45:00.224, NVIDIA H200, 58, 100 %, 42 %, 142683 MiB, 143771 MiB
2026/08/13 19:45:03.224, NVIDIA H200, 57, 100 %, 56 %, 142683 MiB, 143771 MiB
2026/08/13 19:45:06.225, NVIDIA H200, 59, 100 %, 44 %, 142683 MiB, 143771 MiB
2026/08/13 19:45:09.225, NVIDIA H200, 54, 100 %, 50 %, 142683 MiB, 143771 MiB
2026/08/13 19:45:12.226, NVIDIA H200, 56, 100 %, 46 %, 142683 MiB, 143771 MiB
2026/08/13 19:45:15.226, NVIDIA H200, 57, 98 %, 62 %, 142683 MiB, 143771 MiB
2026/08/13 19:45:18.227, NVIDIA H200, 52, 100 %, 57 %, 142683 MiB, 143771 MiB
2026/08/13 19:45:21.227, NVIDIA H200, 56, 100 %, 47 %, 142683 MiB, 143771 MiB
2026/08/13 19:45:24.228, NVIDIA H200, 59, 99 %, 44 %, 142683 MiB, 143771 MiB
2026/08/13 19:45:27.228, NVIDIA H200, 61, 100 %, 66 %, 142683 MiB, 143771 MiB
2026/08/13 19:45:30.229, NVIDIA H200, 57, 100 %, 51 %, 142683 MiB, 143771 MiB
2026/08/13 19:45:33.229, NVIDIA H200, 58, 100 %, 54 %, 142683 MiB, 143771 MiB
2026/08/13 19:45:36.229, NVIDIA H200, 56, 99 %, 56 %, 142683 MiB, 143771 MiB
2026/08/13 19:45:39.230, NVIDIA H200, 56, 100 %, 52 %, 142683 MiB, 143771 MiB
2026/08/13 19:45:42.230, NVIDIA H200, 57, 100 %, 51 %, 142683 MiB, 143771 MiB
2026/08/13 19:45:45.231, NVIDIA H200, 56, 100 %, 51 %, 142683 MiB, 143771 MiB
2026/08/13 19:45:48.231, NVIDIA H200, 57, 100 %, 35 %, 142683 MiB, 143771 MiB
2026/08/13 19:45:51.232, NVIDIA H200, 31, 0 %, 0 %, 142683 MiB, 143771 MiB
2026/08/13 19:45:54.233, NVIDIA H200, 28, 0 %, 0 %, 142683 MiB, 143771 MiB
2026/08/13 19:45:57.233, NVIDIA H200, 27, 0 %, 0 %, 142683 MiB, 143771 MiB
2026/08/13 19:46:00.234, NVIDIA H200, 54, 99 %, 49 %, 142683 MiB, 143771 MiB
2026/08/13 19:46:03.234, NVIDIA H200, 29, 0 %, 0 %, 142683 MiB, 143771 MiB
2026/08/13 19:46:06.234, NVIDIA H200, 27, 0 %, 0 %, 142683 MiB, 143771 MiB
2026/08/13 19:46:09.235, NVIDIA H200, 27, 0 %, 0 %, 142683 MiB, 143771 MiB
2026/08/13 19:46:12.236, NVIDIA H200, 49, 19 %, 6 %, 142683 MiB, 143771 MiB
2026/08/13 19:46:15.236, NVIDIA H200, 55, 100 %, 52 %, 142683 MiB, 143771 MiB
2026/08/13 19:46:18.236, NVIDIA H200, 54, 99 %, 57 %, 142683 MiB, 143771 MiB
2026/08/13 19:46:21.237, NVIDIA H200, 55, 100 %, 49 %, 142683 MiB, 143771 MiB
2026/08/13 19:46:24.237, NVIDIA H200, 55, 100 %, 33 %, 142683 MiB, 143771 MiB
2026/08/13 19:46:27.238, NVIDIA H200, 55, 97 %, 33 %, 142683 MiB, 143771 MiB
2026/08/13 19:46:30.238, NVIDIA H200, 56, 100 %, 51 %, 142683 MiB, 143771 MiB
2026/08/13 19:46:33.239, NVIDIA H200, 59, 100 %, 52 %, 142683 MiB, 143771 MiB
2026/08/13 19:46:36.239, NVIDIA H200, 59, 100 %, 44 %, 142683 MiB, 143771 MiB
2026/08/13 19:46:39.240, NVIDIA H200, 56, 98 %, 50 %, 142683 MiB, 143771 MiB
2026/08/13 19:46:42.240, NVIDIA H200, 58, 100 %, 53 %, 142683 MiB, 143771 MiB
2026/08/13 19:46:45.241, NVIDIA H200, 55, 100 %, 47 %, 142683 MiB, 143771 MiB
2026/08/13 19:46:48.242, NVIDIA H200, 55, 100 %, 46 %, 142683 MiB, 143771 MiB
2026/08/13 19:46:51.242, NVIDIA H200, 57, 100 %, 35 %, 142683 MiB, 143771 MiB
2026/08/13 19:46:54.243, NVIDIA H200, 53, 100 %, 60 %, 142683 MiB, 143771 MiB
2026/08/13 19:46:57.243, NVIDIA H200, 57, 100 %, 46 %, 142683 MiB, 143771 MiB
2026/08/13 19:47:00.244, NVIDIA H200, 58, 100 %, 54 %, 142683 MiB, 143771 MiB
2026/08/13 19:47:03.244, NVIDIA H200, 60, 100 %, 47 %, 142683 MiB, 143771 MiB
2026/08/13 19:47:06.245, NVIDIA H200, 56, 98 %, 72 %, 142683 MiB, 143771 MiB
2026/08/13 19:47:09.245, NVIDIA H200, 57, 100 %, 58 %, 142683 MiB, 143771 MiB
2026/08/13 19:47:12.246, NVIDIA H200, 56, 100 %, 49 %, 142683 MiB, 143771 MiB
2026/08/13 19:47:15.246, NVIDIA H200, 56, 99 %, 40 %, 142683 MiB, 143771 MiB
2026/08/13 19:47:18.246, NVIDIA H200, 56, 100 %, 58 %, 142683 MiB, 143771 MiB
2026/08/13 19:47:21.247, NVIDIA H200, 56, 100 %, 54 %, 142683 MiB, 143771 MiB
2026/08/13 19:47:24.247, NVIDIA H200, 58, 100 %, 54 %, 142683 MiB, 143771 MiB
2026/08/13 19:47:27.248, NVIDIA H200, 57, 100 %, 54 %, 142683 MiB, 143771 MiB
2026/08/13 19:47:30.249, NVIDIA H200, 60, 100 %, 48 %, 142683 MiB, 143771 MiB
2026/08/13 19:47:33.249, NVIDIA H200, 55, 100 %, 48 %, 142683 MiB, 143771 MiB
2026/08/13 19:47:36.249, NVIDIA H200, 56, 100 %, 50 %, 142683 MiB, 143771 MiB
2026/08/13 19:47:39.250, NVIDIA H200, 56, 100 %, 42 %, 142683 MiB, 143771 MiB
2026/08/13 19:47:42.251, NVIDIA H200, 30, 0 %, 0 %, 142683 MiB, 143771 MiB
2026/08/13 19:47:45.251, NVIDIA H200, 45, 100 %, 53 %, 142683 MiB, 143771 MiB
2026/08/13 19:47:48.252, NVIDIA H200, 49, 100 %, 57 %, 142683 MiB, 143771 MiB
2026/08/13 19:47:51.252, NVIDIA H200, 31, 0 %, 0 %, 142683 MiB, 143771 MiB
2026/08/13 19:47:54.253, NVIDIA H200, 28, 0 %, 0 %, 142683 MiB, 143771 MiB
2026/08/13 19:47:57.253, NVIDIA H200, 27, 0 %, 0 %, 142683 MiB, 143771 MiB
2026/08/13 19:48:00.254, NVIDIA H200, 50, 100 %, 53 %, 142683 MiB, 143771 MiB
2026/08/13 19:48:03.254, NVIDIA H200, 54, 100 %, 59 %, 142683 MiB, 143771 MiB
2026/08/13 19:48:06.255, NVIDIA H200, 55, 100 %, 35 %, 142683 MiB, 143771 MiB
2026/08/13 19:48:09.255, NVIDIA H200, 55, 97 %, 34 %, 142683 MiB, 143771 MiB
2026/08/13 19:48:12.256, NVIDIA H200, 57, 100 %, 49 %, 142683 MiB, 143771 MiB
2026/08/13 19:48:15.256, NVIDIA H200, 56, 100 %, 52 %, 142683 MiB, 143771 MiB
2026/08/13 19:48:18.257, NVIDIA H200, 60, 100 %, 45 %, 142683 MiB, 143771 MiB
2026/08/13 19:48:21.257, NVIDIA H200, 54, 98 %, 61 %, 142683 MiB, 143771 MiB
2026/08/13 19:48:24.258, NVIDIA H200, 55, 100 %, 55 %, 142683 MiB, 143771 MiB
2026/08/13 19:48:27.258, NVIDIA H200, 57, 100 %, 44 %, 142683 MiB, 143771 MiB
2026/08/13 19:48:30.259, NVIDIA H200, 53, 98 %, 46 %, 142683 MiB, 143771 MiB
2026/08/13 19:48:33.259, NVIDIA H200, 58, 100 %, 51 %, 142683 MiB, 143771 MiB
2026/08/13 19:48:36.260, NVIDIA H200, 58, 100 %, 53 %, 142683 MiB, 143771 MiB
2026/08/13 19:48:39.260, NVIDIA H200, 61, 100 %, 50 %, 142683 MiB, 143771 MiB
2026/08/13 19:48:42.261, NVIDIA H200, 55, 100 %, 55 %, 142683 MiB, 143771 MiB
2026/08/13 19:48:45.261, NVIDIA H200, 57, 100 %, 52 %, 142683 MiB, 143771 MiB
2026/08/13 19:48:48.262, NVIDIA H200, 56, 100 %, 50 %, 142683 MiB, 143771 MiB
2026/08/13 19:48:51.262, NVIDIA H200, 54, 100 %, 49 %, 142683 MiB, 143771 MiB
2026/08/13 19:48:54.263, NVIDIA H200, 57, 100 %, 36 %, 142683 MiB, 143771 MiB
2026/08/13 19:48:57.263, NVIDIA H200, 56, 100 %, 43 %, 142683 MiB, 143771 MiB
2026/08/13 19:49:00.263, NVIDIA H200, 55, 100 %, 16 %, 142683 MiB, 143771 MiB
2026/08/13 19:49:03.264, NVIDIA H200, 46, 39 %, 27 %, 142683 MiB, 143771 MiB
2026/08/13 19:49:06.264, NVIDIA H200, 58, 100 %, 47 %, 142683 MiB, 143771 MiB
2026/08/13 19:49:09.265, NVIDIA H200, 55, 98 %, 40 %, 142683 MiB, 143771 MiB
2026/08/13 19:49:12.265, NVIDIA H200, 58, 100 %, 58 %, 142683 MiB, 143771 MiB
2026/08/13 19:49:15.266, NVIDIA H200, 58, 100 %, 55 %, 142683 MiB, 143771 MiB
2026/08/13 19:49:18.266, NVIDIA H200, 61, 100 %, 54 %, 142683 MiB, 143771 MiB
2026/08/13 19:49:21.266, NVIDIA H200, 55, 99 %, 52 %, 142683 MiB, 143771 MiB
2026/08/13 19:49:24.267, NVIDIA H200, 56, 100 %, 53 %, 142683 MiB, 143771 MiB
2026/08/13 19:49:27.267, NVIDIA H200, 57, 100 %, 44 %, 142683 MiB, 143771 MiB
2026/08/13 19:49:30.268, NVIDIA H200, 41, 0 %, 0 %, 142683 MiB, 143771 MiB
2026/08/13 19:49:33.268, NVIDIA H200, 29, 0 %, 0 %, 142683 MiB, 143771 MiB
2026/08/13 19:49:36.269, NVIDIA H200, 37, 38 %, 2 %, 142683 MiB, 143771 MiB
2026/08/13 19:49:39.269, NVIDIA H200, 49, 99 %, 38 %, 142683 MiB, 143771 MiB
2026/08/13 19:49:42.270, NVIDIA H200, 30, 0 %, 0 %, 142683 MiB, 143771 MiB
2026/08/13 19:49:45.270, NVIDIA H200, 27, 0 %, 0 %, 142683 MiB, 143771 MiB
2026/08/13 19:49:48.271, NVIDIA H200, 33, 0 %, 0 %, 142683 MiB, 143771 MiB
2026/08/13 19:49:51.272, NVIDIA H200, 55, 100 %, 47 %, 142683 MiB, 143771 MiB
2026/08/13 19:49:54.272, NVIDIA H200, 54, 98 %, 65 %, 142683 MiB, 143771 MiB
2026/08/13 19:49:57.272, NVIDIA H200, 60, 100 %, 51 %, 142683 MiB, 143771 MiB
2026/08/13 19:50:00.273, NVIDIA H200, 54, 98 %, 45 %, 142683 MiB, 143771 MiB
2026/08/13 19:50:03.273, NVIDIA H200, 57, 100 %, 62 %, 142683 MiB, 143771 MiB
2026/08/13 19:50:06.274, NVIDIA H200, 57, 100 %, 52 %, 142683 MiB, 143771 MiB
2026/08/13 19:50:09.274, NVIDIA H200, 60, 100 %, 45 %, 142683 MiB, 143771 MiB
2026/08/13 19:50:12.275, NVIDIA H200, 54, 99 %, 61 %, 142683 MiB, 143771 MiB
2026/08/13 19:50:15.275, NVIDIA H200, 55, 100 %, 56 %, 142683 MiB, 143771 MiB
2026/08/13 19:50:18.276, NVIDIA H200, 57, 100 %, 49 %, 142683 MiB, 143771 MiB
2026/08/13 19:50:21.276, NVIDIA H200, 53, 99 %, 41 %, 142683 MiB, 143771 MiB
2026/08/13 19:50:24.277, NVIDIA H200, 57, 100 %, 52 %, 142683 MiB, 143771 MiB
2026/08/13 19:50:27.277, NVIDIA H200, 58, 100 %, 55 %, 142683 MiB, 143771 MiB
2026/08/13 19:50:30.278, NVIDIA H200, 62, 100 %, 54 %, 142683 MiB, 143771 MiB
2026/08/13 19:50:33.278, NVIDIA H200, 55, 99 %, 55 %, 142683 MiB, 143771 MiB
2026/08/13 19:50:36.279, NVIDIA H200, 57, 100 %, 47 %, 142683 MiB, 143771 MiB
2026/08/13 19:50:39.279, NVIDIA H200, 57, 100 %, 52 %, 142683 MiB, 143771 MiB
2026/08/13 19:50:42.280, NVIDIA H200, 56, 100 %, 34 %, 142683 MiB, 143771 MiB
2026/08/13 19:50:45.280, NVIDIA H200, 48, 25 %, 0 %, 142683 MiB, 143771 MiB
2026/08/13 19:50:48.280, NVIDIA H200, 55, 100 %, 49 %, 142683 MiB, 143771 MiB
2026/08/13 19:50:51.281, NVIDIA H200, 57, 100 %, 54 %, 142683 MiB, 143771 MiB
2026/08/13 19:50:54.281, NVIDIA H200, 55, 100 %, 56 %, 142683 MiB, 143771 MiB
2026/08/13 19:50:57.282, NVIDIA H200, 61, 100 %, 52 %, 142683 MiB, 143771 MiB
2026/08/13 19:51:00.282, NVIDIA H200, 48, 76 %, 40 %, 142683 MiB, 143771 MiB
2026/08/13 19:51:03.283, NVIDIA H200, 55, 100 %, 30 %, 142683 MiB, 143771 MiB
2026/08/13 19:51:06.283, NVIDIA H200, 54, 97 %, 34 %, 142683 MiB, 143771 MiB
2026/08/13 19:51:09.284, NVIDIA H200, 57, 100 %, 45 %, 142683 MiB, 143771 MiB
2026/08/13 19:51:12.284, NVIDIA H200, 59, 100 %, 54 %, 142683 MiB, 143771 MiB
2026/08/13 19:51:15.285, NVIDIA H200, 58, 100 %, 49 %, 142683 MiB, 143771 MiB
2026/08/13 19:51:18.285, NVIDIA H200, 58, 99 %, 65 %, 142683 MiB, 143771 MiB
2026/08/13 19:51:21.285, NVIDIA H200, 33, 0 %, 0 %, 142683 MiB, 143771 MiB
2026/08/13 19:51:24.286, NVIDIA H200, 29, 31 %, 1 %, 142683 MiB, 143771 MiB
2026/08/13 19:51:27.286, NVIDIA H200, 29, 0 %, 0 %, 142683 MiB, 143771 MiB
2026/08/13 19:51:30.287, NVIDIA H200, 36, 0 %, 0 %, 142683 MiB, 143771 MiB
2026/08/13 19:51:33.287, NVIDIA H200, 28, 0 %, 0 %, 142683 MiB, 143771 MiB
2026/08/13 19:51:36.288, NVIDIA H200, 44, 100 %, 47 %, 142683 MiB, 143771 MiB
2026/08/13 19:51:39.288, NVIDIA H200, 54, 100 %, 56 %, 142683 MiB, 143771 MiB
2026/08/13 19:51:42.288, NVIDIA H200, 49, 86 %, 60 %, 142683 MiB, 143771 MiB
2026/08/13 19:51:45.289, NVIDIA H200, 58, 100 %, 59 %, 142683 MiB, 143771 MiB
2026/08/13 19:51:48.289, NVIDIA H200, 57, 100 %, 53 %, 142683 MiB, 143771 MiB
2026/08/13 19:51:51.290, NVIDIA H200, 56, 100 %, 62 %, 142683 MiB, 143771 MiB
2026/08/13 19:51:54.290, NVIDIA H200, 55, 100 %, 55 %, 142683 MiB, 143771 MiB
2026/08/13 19:51:57.291, NVIDIA H200, 56, 100 %, 36 %, 142683 MiB, 143771 MiB
2026/08/13 19:52:00.291, NVIDIA H200, 54, 99 %, 37 %, 142683 MiB, 143771 MiB
2026/08/13 19:52:03.291, NVIDIA H200, 57, 100 %, 46 %, 142683 MiB, 143771 MiB
2026/08/13 19:52:06.292, NVIDIA H200, 51, 99 %, 40 %, 142683 MiB, 143771 MiB
2026/08/13 19:52:09.292, NVIDIA H200, 57, 100 %, 41 %, 142683 MiB, 143771 MiB
2026/08/13 19:52:12.292, NVIDIA H200, 51, 98 %, 38 %, 142683 MiB, 143771 MiB
2026/08/13 19:52:15.293, NVIDIA H200, 57, 100 %, 38 %, 142683 MiB, 143771 MiB
2026/08/13 19:52:18.293, NVIDIA H200, 58, 100 %, 61 %, 142683 MiB, 143771 MiB
2026/08/13 19:52:21.294, NVIDIA H200, 61, 100 %, 46 %, 142683 MiB, 143771 MiB
2026/08/13 19:52:24.294, NVIDIA H200, 57, 99 %, 74 %, 142683 MiB, 143771 MiB
2026/08/13 19:52:27.295, NVIDIA H200, 57, 100 %, 52 %, 142683 MiB, 143771 MiB
2026/08/13 19:52:30.295, NVIDIA H200, 55, 100 %, 47 %, 142683 MiB, 143771 MiB
2026/08/13 19:52:33.296, NVIDIA H200, 55, 98 %, 44 %, 142683 MiB, 143771 MiB
2026/08/13 19:52:36.296, NVIDIA H200, 51, 100 %, 47 %, 142683 MiB, 143771 MiB
2026/08/13 19:52:39.296, NVIDIA H200, 56, 100 %, 48 %, 142683 MiB, 143771 MiB
2026/08/13 19:52:42.297, NVIDIA H200, 53, 100 %, 55 %, 142683 MiB, 143771 MiB
2026/08/13 19:52:45.297, NVIDIA H200, 59, 100 %, 50 %, 142683 MiB, 143771 MiB
2026/08/13 19:52:48.298, NVIDIA H200, 55, 98 %, 64 %, 142683 MiB, 143771 MiB
2026/08/13 19:52:51.298, NVIDIA H200, 58, 100 %, 44 %, 142683 MiB, 143771 MiB
2026/08/13 19:52:54.299, NVIDIA H200, 56, 98 %, 65 %, 142683 MiB, 143771 MiB
2026/08/13 19:52:57.299, NVIDIA H200, 57, 100 %, 56 %, 142683 MiB, 143771 MiB
2026/08/13 19:53:00.299, NVIDIA H200, 58, 100 %, 43 %, 142683 MiB, 143771 MiB
2026/08/13 19:53:03.300, NVIDIA H200, 56, 99 %, 40 %, 142683 MiB, 143771 MiB
2026/08/13 19:53:06.300, NVIDIA H200, 57, 100 %, 52 %, 142683 MiB, 143771 MiB
2026/08/13 19:53:09.301, NVIDIA H200, 32, 0 %, 0 %, 142683 MiB, 143771 MiB
2026/08/13 19:53:12.301, NVIDIA H200, 47, 100 %, 53 %, 142683 MiB, 143771 MiB
2026/08/13 19:53:15.302, NVIDIA H200, 47, 100 %, 51 %, 142683 MiB, 143771 MiB
2026/08/13 19:53:18.302, NVIDIA H200, 31, 0 %, 0 %, 142683 MiB, 143771 MiB
2026/08/13 19:53:21.303, NVIDIA H200, 28, 0 %, 0 %, 142683 MiB, 143771 MiB
2026/08/13 19:53:24.303, NVIDIA H200, 27, 0 %, 0 %, 142683 MiB, 143771 MiB
2026/08/13 19:53:27.304, NVIDIA H200, 27, 0 %, 0 %, 142683 MiB, 143771 MiB
2026/08/13 19:53:30.304, NVIDIA H200, 46, 100 %, 46 %, 142683 MiB, 143771 MiB
2026/08/13 19:53:33.305, NVIDIA H200, 54, 100 %, 56 %, 142683 MiB, 143771 MiB
2026/08/13 19:53:36.305, NVIDIA H200, 45, 12 %, 5 %, 142683 MiB, 143771 MiB
2026/08/13 19:53:39.305, NVIDIA H200, 55, 100 %, 52 %, 142683 MiB, 143771 MiB
2026/08/13 19:53:42.306, NVIDIA H200, 53, 97 %, 64 %, 142683 MiB, 143771 MiB
2026/08/13 19:53:45.306, NVIDIA H200, 55, 100 %, 57 %, 142683 MiB, 143771 MiB
2026/08/13 19:53:48.307, NVIDIA H200, 57, 100 %, 47 %, 142683 MiB, 143771 MiB
2026/08/13 19:53:51.307, NVIDIA H200, 53, 99 %, 39 %, 142683 MiB, 143771 MiB
2026/08/13 19:53:54.308, NVIDIA H200, 57, 100 %, 50 %, 142683 MiB, 143771 MiB
2026/08/13 19:53:57.308, NVIDIA H200, 58, 100 %, 54 %, 142683 MiB, 143771 MiB
2026/08/13 19:54:00.308, NVIDIA H200, 60, 100 %, 53 %, 142683 MiB, 143771 MiB
2026/08/13 19:54:03.309, NVIDIA H200, 55, 100 %, 56 %, 142683 MiB, 143771 MiB
2026/08/13 19:54:06.309, NVIDIA H200, 56, 100 %, 51 %, 142683 MiB, 143771 MiB
2026/08/13 19:54:09.310, NVIDIA H200, 56, 100 %, 51 %, 142683 MiB, 143771 MiB
2026/08/13 19:54:12.310, NVIDIA H200, 53, 100 %, 45 %, 142683 MiB, 143771 MiB
2026/08/13 19:54:15.310, NVIDIA H200, 58, 100 %, 43 %, 142683 MiB, 143771 MiB
2026/08/13 19:54:18.311, NVIDIA H200, 59, 100 %, 58 %, 142683 MiB, 143771 MiB
2026/08/13 19:54:21.311, NVIDIA H200, 60, 100 %, 43 %, 142683 MiB, 143771 MiB
2026/08/13 19:54:24.312, NVIDIA H200, 58, 100 %, 52 %, 142683 MiB, 143771 MiB
2026/08/13 19:54:27.312, NVIDIA H200, 58, 100 %, 52 %, 142683 MiB, 143771 MiB
2026/08/13 19:54:30.313, NVIDIA H200, 56, 99 %, 54 %, 142683 MiB, 143771 MiB
2026/08/13 19:54:33.313, NVIDIA H200, 56, 100 %, 47 %, 142683 MiB, 143771 MiB
2026/08/13 19:54:36.313, NVIDIA H200, 57, 100 %, 22 %, 142683 MiB, 143771 MiB
2026/08/13 19:54:39.314, NVIDIA H200, 57, 99 %, 37 %, 142683 MiB, 143771 MiB
2026/08/13 19:54:42.314, NVIDIA H200, 59, 100 %, 38 %, 142683 MiB, 143771 MiB
2026/08/13 19:54:45.314, NVIDIA H200, 59, 100 %, 42 %, 142683 MiB, 143771 MiB
2026/08/13 19:54:48.315, NVIDIA H200, 61, 100 %, 66 %, 142683 MiB, 143771 MiB
2026/08/13 19:54:51.315, NVIDIA H200, 57, 100 %, 53 %, 142683 MiB, 143771 MiB
2026/08/13 19:54:54.315, NVIDIA H200, 58, 100 %, 46 %, 142683 MiB, 143771 MiB
2026/08/13 19:54:57.316, NVIDIA H200, 55, 98 %, 56 %, 142683 MiB, 143771 MiB
2026/08/13 19:55:00.316, NVIDIA H200, 42, 17 %, 5 %, 142683 MiB, 143771 MiB
2026/08/13 19:55:03.317, NVIDIA H200, 29, 0 %, 0 %, 142683 MiB, 143771 MiB
2026/08/13 19:55:06.317, NVIDIA H200, 28, 0 %, 0 %, 142683 MiB, 143771 MiB
2026/08/13 19:55:09.318, NVIDIA H200, 53, 100 %, 48 %, 142683 MiB, 143771 MiB
2026/08/13 19:55:12.318, NVIDIA H200, 30, 0 %, 0 %, 142683 MiB, 143771 MiB
2026/08/13 19:55:15.318, NVIDIA H200, 28, 0 %, 0 %, 142683 MiB, 143771 MiB
2026/08/13 19:55:18.319, NVIDIA H200, 50, 51 %, 28 %, 142683 MiB, 143771 MiB
2026/08/13 19:55:21.320, NVIDIA H200, 55, 100 %, 50 %, 142683 MiB, 143771 MiB
2026/08/13 19:55:24.320, NVIDIA H200, 52, 100 %, 59 %, 142683 MiB, 143771 MiB
2026/08/13 19:55:27.321, NVIDIA H200, 56, 100 %, 49 %, 142683 MiB, 143771 MiB
2026/08/13 19:55:30.322, NVIDIA H200, 55, 99 %, 72 %, 142683 MiB, 143771 MiB
2026/08/13 19:55:33.322, NVIDIA H200, 52, 100 %, 58 %, 142683 MiB, 143771 MiB
2026/08/13 19:55:36.322, NVIDIA H200, 57, 100 %, 47 %, 142683 MiB, 143771 MiB
2026/08/13 19:55:39.323, NVIDIA H200, 59, 99 %, 46 %, 142683 MiB, 143771 MiB
2026/08/13 19:55:42.324, NVIDIA H200, 61, 100 %, 63 %, 142683 MiB, 143771 MiB
2026/08/13 19:55:45.324, NVIDIA H200, 57, 100 %, 51 %, 142683 MiB, 143771 MiB
2026/08/13 19:55:48.325, NVIDIA H200, 57, 100 %, 48 %, 142683 MiB, 143771 MiB
2026/08/13 19:55:51.325, NVIDIA H200, 56, 99 %, 55 %, 142683 MiB, 143771 MiB
2026/08/13 19:55:54.326, NVIDIA H200, 55, 100 %, 49 %, 142683 MiB, 143771 MiB
2026/08/13 19:55:57.326, NVIDIA H200, 57, 100 %, 21 %, 142683 MiB, 143771 MiB
2026/08/13 19:56:00.327, NVIDIA H200, 58, 97 %, 36 %, 142683 MiB, 143771 MiB
2026/08/13 19:56:03.327, NVIDIA H200, 59, 100 %, 37 %, 142683 MiB, 143771 MiB
2026/08/13 19:56:06.328, NVIDIA H200, 57, 100 %, 56 %, 142683 MiB, 143771 MiB
2026/08/13 19:56:09.328, NVIDIA H200, 59, 100 %, 47 %, 142683 MiB, 143771 MiB
2026/08/13 19:56:12.329, NVIDIA H200, 55, 99 %, 65 %, 142683 MiB, 143771 MiB
2026/08/13 19:56:15.329, NVIDIA H200, 56, 100 %, 59 %, 142683 MiB, 143771 MiB
2026/08/13 19:56:18.329, NVIDIA H200, 58, 100 %, 49 %, 142683 MiB, 143771 MiB
2026/08/13 19:56:21.330, NVIDIA H200, 55, 98 %, 40 %, 142683 MiB, 143771 MiB
2026/08/13 19:56:24.330, NVIDIA H200, 58, 100 %, 56 %, 142683 MiB, 143771 MiB
2026/08/13 19:56:27.331, NVIDIA H200, 58, 100 %, 55 %, 142683 MiB, 143771 MiB
2026/08/13 19:56:30.331, NVIDIA H200, 62, 100 %, 54 %, 142683 MiB, 143771 MiB
2026/08/13 19:56:33.332, NVIDIA H200, 55, 99 %, 55 %, 142683 MiB, 143771 MiB
2026/08/13 19:56:36.332, NVIDIA H200, 57, 100 %, 52 %, 142683 MiB, 143771 MiB
2026/08/13 19:56:39.333, NVIDIA H200, 57, 100 %, 51 %, 142683 MiB, 143771 MiB
2026/08/13 19:56:42.333, NVIDIA H200, 54, 100 %, 47 %, 142683 MiB, 143771 MiB
2026/08/13 19:56:45.334, NVIDIA H200, 58, 100 %, 34 %, 142683 MiB, 143771 MiB
2026/08/13 19:56:48.334, NVIDIA H200, 32, 0 %, 0 %, 142683 MiB, 143771 MiB
2026/08/13 19:56:51.335, NVIDIA H200, 29, 0 %, 0 %, 142683 MiB, 143771 MiB
2026/08/13 19:56:54.335, NVIDIA H200, 49, 100 %, 50 %, 142683 MiB, 143771 MiB
2026/08/13 19:56:57.336, NVIDIA H200, 30, 0 %, 0 %, 142683 MiB, 143771 MiB
2026/08/13 19:57:00.336, NVIDIA H200, 28, 0 %, 0 %, 142683 MiB, 143771 MiB
2026/08/13 19:57:03.337, NVIDIA H200, 45, 100 %, 48 %, 142683 MiB, 143771 MiB
2026/08/13 19:57:06.337, NVIDIA H200, 55, 100 %, 49 %, 142683 MiB, 143771 MiB
2026/08/13 19:57:09.338, NVIDIA H200, 55, 100 %, 50 %, 142683 MiB, 143771 MiB
2026/08/13 19:57:12.338, NVIDIA H200, 56, 100 %, 23 %, 142683 MiB, 143771 MiB
2026/08/13 19:57:15.338, NVIDIA H200, 58, 100 %, 43 %, 142683 MiB, 143771 MiB
2026/08/13 19:57:18.339, NVIDIA H200, 58, 100 %, 40 %, 142683 MiB, 143771 MiB
2026/08/13 19:57:21.339, NVIDIA H200, 57, 100 %, 60 %, 142683 MiB, 143771 MiB
2026/08/13 19:57:24.340, NVIDIA H200, 56, 100 %, 46 %, 142683 MiB, 143771 MiB
2026/08/13 19:57:27.340, NVIDIA H200, 56, 98 %, 74 %, 142683 MiB, 143771 MiB
2026/08/13 19:57:30.341, NVIDIA H200, 52, 100 %, 58 %, 142683 MiB, 143771 MiB
2026/08/13 19:57:33.341, NVIDIA H200, 57, 100 %, 48 %, 142683 MiB, 143771 MiB
2026/08/13 19:57:36.342, NVIDIA H200, 59, 98 %, 44 %, 142683 MiB, 143771 MiB
2026/08/13 19:57:39.342, NVIDIA H200, 61, 100 %, 66 %, 142683 MiB, 143771 MiB
2026/08/13 19:57:42.343, NVIDIA H200, 57, 100 %, 51 %, 142683 MiB, 143771 MiB
2026/08/13 19:57:45.343, NVIDIA H200, 57, 100 %, 49 %, 142683 MiB, 143771 MiB
2026/08/13 19:57:48.344, NVIDIA H200, 56, 99 %, 52 %, 142683 MiB, 143771 MiB
2026/08/13 19:57:51.344, NVIDIA H200, 56, 100 %, 52 %, 142683 MiB, 143771 MiB
2026/08/13 19:57:54.344, NVIDIA H200, 57, 100 %, 50 %, 142683 MiB, 143771 MiB
2026/08/13 19:57:57.345, NVIDIA H200, 56, 100 %, 50 %, 142683 MiB, 143771 MiB
2026/08/13 19:58:00.346, NVIDIA H200, 58, 100 %, 33 %, 142683 MiB, 143771 MiB
2026/08/13 19:58:03.346, NVIDIA H200, 58, 100 %, 52 %, 142683 MiB, 143771 MiB
2026/08/13 19:58:06.346, NVIDIA H200, 60, 100 %, 46 %, 142683 MiB, 143771 MiB
2026/08/13 19:58:09.347, NVIDIA H200, 55, 100 %, 51 %, 142683 MiB, 143771 MiB
2026/08/13 19:58:12.347, NVIDIA H200, 56, 100 %, 44 %, 142683 MiB, 143771 MiB
2026/08/13 19:58:15.348, NVIDIA H200, 57, 98 %, 59 %, 142683 MiB, 143771 MiB
2026/08/13 19:58:18.348, NVIDIA H200, 53, 100 %, 53 %, 142683 MiB, 143771 MiB
2026/08/13 19:58:21.349, NVIDIA H200, 58, 100 %, 33 %, 142683 MiB, 143771 MiB
2026/08/13 19:58:24.349, NVIDIA H200, 58, 98 %, 33 %, 142683 MiB, 143771 MiB
2026/08/13 19:58:27.349, NVIDIA H200, 61, 100 %, 44 %, 142683 MiB, 143771 MiB
2026/08/13 19:58:30.350, NVIDIA H200, 55, 100 %, 54 %, 142683 MiB, 143771 MiB
2026/08/13 19:58:33.350, NVIDIA H200, 33, 0 %, 0 %, 142683 MiB, 143771 MiB
2026/08/13 19:58:36.351, NVIDIA H200, 30, 0 %, 0 %, 142683 MiB, 143771 MiB
2026/08/13 19:58:39.352, NVIDIA H200, 54, 99 %, 39 %, 142683 MiB, 143771 MiB
2026/08/13 19:58:42.352, NVIDIA H200, 30, 0 %, 0 %, 142683 MiB, 143771 MiB
2026/08/13 19:58:45.353, NVIDIA H200, 44, 100 %, 54 %, 142683 MiB, 143771 MiB
2026/08/13 19:58:48.353, NVIDIA H200, 56, 100 %, 46 %, 142683 MiB, 143771 MiB
2026/08/13 19:58:51.353, NVIDIA H200, 55, 100 %, 53 %, 142683 MiB, 143771 MiB
2026/08/13 19:58:54.354, NVIDIA H200, 57, 100 %, 61 %, 142683 MiB, 143771 MiB
2026/08/13 19:58:57.354, NVIDIA H200, 56, 100 %, 44 %, 142683 MiB, 143771 MiB
2026/08/13 19:59:00.355, NVIDIA H200, 60, 100 %, 41 %, 142683 MiB, 143771 MiB
2026/08/13 19:59:03.355, NVIDIA H200, 55, 100 %, 56 %, 142683 MiB, 143771 MiB
2026/08/13 19:59:06.356, NVIDIA H200, 56, 100 %, 46 %, 142683 MiB, 143771 MiB
2026/08/13 19:59:09.356, NVIDIA H200, 57, 98 %, 64 %, 142683 MiB, 143771 MiB
2026/08/13 19:59:12.357, NVIDIA H200, 52, 100 %, 57 %, 142683 MiB, 143771 MiB
2026/08/13 19:59:15.357, NVIDIA H200, 56, 100 %, 47 %, 142683 MiB, 143771 MiB
2026/08/13 19:59:18.358, NVIDIA H200, 59, 98 %, 44 %, 142683 MiB, 143771 MiB
2026/08/13 19:59:21.358, NVIDIA H200, 61, 100 %, 60 %, 142683 MiB, 143771 MiB
2026/08/13 19:59:24.359, NVIDIA H200, 56, 100 %, 53 %, 142683 MiB, 143771 MiB
2026/08/13 19:59:27.359, NVIDIA H200, 58, 100 %, 45 %, 142683 MiB, 143771 MiB
2026/08/13 19:59:30.359, NVIDIA H200, 55, 99 %, 55 %, 142683 MiB, 143771 MiB
2026/08/13 19:59:33.360, NVIDIA H200, 56, 100 %, 46 %, 142683 MiB, 143771 MiB
2026/08/13 19:59:36.360, NVIDIA H200, 57, 100 %, 45 %, 142683 MiB, 143771 MiB
2026/08/13 19:59:39.361, NVIDIA H200, 58, 100 %, 46 %, 142683 MiB, 143771 MiB
2026/08/13 19:59:42.361, NVIDIA H200, 59, 100 %, 45 %, 142683 MiB, 143771 MiB
2026/08/13 19:59:45.362, NVIDIA H200, 58, 100 %, 58 %, 142683 MiB, 143771 MiB
2026/08/13 19:59:48.362, NVIDIA H200, 60, 100 %, 42 %, 142683 MiB, 143771 MiB
2026/08/13 19:59:51.363, NVIDIA H200, 55, 100 %, 54 %, 142683 MiB, 143771 MiB
2026/08/13 19:59:54.363, NVIDIA H200, 56, 100 %, 52 %, 142683 MiB, 143771 MiB
2026/08/13 19:59:57.363, NVIDIA H200, 58, 99 %, 54 %, 142683 MiB, 143771 MiB
2026/08/13 20:00:00.364, NVIDIA H200, 55, 100 %, 58 %, 142683 MiB, 143771 MiB
2026/08/13 20:00:03.364, NVIDIA H200, 58, 100 %, 49 %, 142683 MiB, 143771 MiB
2026/08/13 20:00:06.365, NVIDIA H200, 60, 99 %, 40 %, 142683 MiB, 143771 MiB
2026/08/13 20:00:09.365, NVIDIA H200, 59, 100 %, 55 %, 142683 MiB, 143771 MiB
2026/08/13 20:00:12.366, NVIDIA H200, 58, 100 %, 55 %, 142683 MiB, 143771 MiB
2026/08/13 20:00:15.366, NVIDIA H200, 51, 94 %, 43 %, 142683 MiB, 143771 MiB
2026/08/13 20:00:18.367, NVIDIA H200, 30, 0 %, 0 %, 142683 MiB, 143771 MiB
2026/08/13 20:00:21.367, NVIDIA H200, 47, 13 %, 0 %, 142683 MiB, 143771 MiB
2026/08/13 20:00:24.367, NVIDIA H200, 33, 0 %, 0 %, 142683 MiB, 143771 MiB
2026/08/13 20:00:27.368, NVIDIA H200, 28, 0 %, 0 %, 142683 MiB, 143771 MiB
2026/08/13 20:00:30.368, NVIDIA H200, 43, 29 %, 0 %, 142683 MiB, 143771 MiB
2026/08/13 20:00:33.369, NVIDIA H200, 54, 100 %, 46 %, 142683 MiB, 143771 MiB
2026/08/13 20:00:36.369, NVIDIA H200, 56, 100 %, 54 %, 142683 MiB, 143771 MiB
2026/08/13 20:00:39.370, NVIDIA H200, 59, 100 %, 45 %, 142683 MiB, 143771 MiB
2026/08/13 20:00:42.370, NVIDIA H200, 54, 99 %, 64 %, 142683 MiB, 143771 MiB
2026/08/13 20:00:45.371, NVIDIA H200, 55, 100 %, 58 %, 142683 MiB, 143771 MiB
2026/08/13 20:00:48.372, NVIDIA H200, 57, 97 %, 56 %, 142683 MiB, 143771 MiB
2026/08/13 20:00:51.372, NVIDIA H200, 53, 98 %, 44 %, 142683 MiB, 143771 MiB
2026/08/13 20:00:54.373, NVIDIA H200, 58, 100 %, 49 %, 142683 MiB, 143771 MiB
2026/08/13 20:00:57.373, NVIDIA H200, 59, 100 %, 57 %, 142683 MiB, 143771 MiB
2026/08/13 20:01:00.373, NVIDIA H200, 61, 100 %, 48 %, 142683 MiB, 143771 MiB
2026/08/13 20:01:03.374, NVIDIA H200, 55, 100 %, 56 %, 142683 MiB, 143771 MiB
2026/08/13 20:01:06.374, NVIDIA H200, 57, 100 %, 49 %, 142683 MiB, 143771 MiB
2026/08/13 20:01:09.375, NVIDIA H200, 56, 100 %, 49 %, 142683 MiB, 143771 MiB
2026/08/13 20:01:12.375, NVIDIA H200, 56, 100 %, 52 %, 142683 MiB, 143771 MiB
2026/08/13 20:01:15.375, NVIDIA H200, 57, 100 %, 36 %, 142683 MiB, 143771 MiB
2026/08/13 20:01:18.376, NVIDIA H200, 60, 100 %, 50 %, 142683 MiB, 143771 MiB
2026/08/13 20:01:21.376, NVIDIA H200, 60, 100 %, 46 %, 142683 MiB, 143771 MiB
2026/08/13 20:01:24.377, NVIDIA H200, 58, 100 %, 54 %, 142683 MiB, 143771 MiB
2026/08/13 20:01:27.377, NVIDIA H200, 58, 100 %, 44 %, 142683 MiB, 143771 MiB
2026/08/13 20:01:30.378, NVIDIA H200, 55, 98 %, 68 %, 142683 MiB, 143771 MiB
2026/08/13 20:01:33.378, NVIDIA H200, 57, 100 %, 51 %, 142683 MiB, 143771 MiB
2026/08/13 20:01:36.378, NVIDIA H200, 58, 100 %, 47 %, 142683 MiB, 143771 MiB
2026/08/13 20:01:39.379, NVIDIA H200, 55, 98 %, 44 %, 142683 MiB, 143771 MiB
2026/08/13 20:01:42.379, NVIDIA H200, 58, 100 %, 65 %, 142683 MiB, 143771 MiB
2026/08/13 20:01:45.380, NVIDIA H200, 57, 100 %, 58 %, 142683 MiB, 143771 MiB
2026/08/13 20:01:48.380, NVIDIA H200, 59, 100 %, 44 %, 142683 MiB, 143771 MiB
2026/08/13 20:01:51.381, NVIDIA H200, 55, 100 %, 53 %, 142683 MiB, 143771 MiB
2026/08/13 20:01:54.381, NVIDIA H200, 56, 100 %, 53 %, 142683 MiB, 143771 MiB
2026/08/13 20:01:57.382, NVIDIA H200, 58, 99 %, 53 %, 142683 MiB, 143771 MiB
2026/08/13 20:02:00.382, NVIDIA H200, 40, 0 %, 0 %, 142683 MiB, 143771 MiB
2026/08/13 20:02:03.383, NVIDIA H200, 29, 0 %, 0 %, 142683 MiB, 143771 MiB
2026/08/13 20:02:06.383, NVIDIA H200, 46, 100 %, 57 %, 142683 MiB, 143771 MiB
2026/08/13 20:02:09.384, NVIDIA H200, 54, 99 %, 42 %, 142683 MiB, 143771 MiB
2026/08/13 20:02:12.384, NVIDIA H200, 29, 0 %, 0 %, 142683 MiB, 143771 MiB
2026/08/13 20:02:15.385, NVIDIA H200, 27, 0 %, 0 %, 142683 MiB, 143771 MiB
2026/08/13 20:02:18.385, NVIDIA H200, 27, 0 %, 0 %, 142683 MiB, 143771 MiB
2026/08/13 20:02:21.386, NVIDIA H200, 27, 0 %, 0 %, 142683 MiB, 143771 MiB
2026/08/13 20:02:24.386, NVIDIA H200, 50, 100 %, 52 %, 142683 MiB, 143771 MiB
2026/08/13 20:02:27.387, NVIDIA H200, 58, 100 %, 56 %, 142683 MiB, 143771 MiB
2026/08/13 20:02:30.387, NVIDIA H200, 55, 100 %, 51 %, 142683 MiB, 143771 MiB
2026/08/13 20:02:33.388, NVIDIA H200, 57, 100 %, 44 %, 142683 MiB, 143771 MiB
2026/08/13 20:02:36.388, NVIDIA H200, 55, 98 %, 59 %, 142683 MiB, 143771 MiB
2026/08/13 20:02:39.388, NVIDIA H200, 56, 100 %, 53 %, 142683 MiB, 143771 MiB
2026/08/13 20:02:42.389, NVIDIA H200, 56, 100 %, 44 %, 142683 MiB, 143771 MiB
2026/08/13 20:02:45.389, NVIDIA H200, 58, 97 %, 46 %, 142683 MiB, 143771 MiB
2026/08/13 20:02:48.390, NVIDIA H200, 59, 100 %, 50 %, 142683 MiB, 143771 MiB
2026/08/13 20:02:51.390, NVIDIA H200, 58, 100 %, 54 %, 142683 MiB, 143771 MiB
2026/08/13 20:02:54.391, NVIDIA H200, 61, 100 %, 45 %, 142683 MiB, 143771 MiB
2026/08/13 20:02:57.391, NVIDIA H200, 56, 100 %, 53 %, 142683 MiB, 143771 MiB
2026/08/13 20:03:00.392, NVIDIA H200, 57, 100 %, 53 %, 142683 MiB, 143771 MiB
2026/08/13 20:03:03.392, NVIDIA H200, 55, 100 %, 50 %, 142683 MiB, 143771 MiB
2026/08/13 20:03:06.393, NVIDIA H200, 56, 100 %, 50 %, 142683 MiB, 143771 MiB
2026/08/13 20:03:09.393, NVIDIA H200, 57, 100 %, 27 %, 142683 MiB, 143771 MiB
2026/08/13 20:03:12.394, NVIDIA H200, 58, 100 %, 41 %, 142683 MiB, 143771 MiB
2026/08/13 20:03:15.394, NVIDIA H200, 59, 100 %, 42 %, 142683 MiB, 143771 MiB
2026/08/13 20:03:18.395, NVIDIA H200, 57, 100 %, 58 %, 142683 MiB, 143771 MiB
2026/08/13 20:03:21.395, NVIDIA H200, 58, 100 %, 47 %, 142683 MiB, 143771 MiB
2026/08/13 20:03:24.396, NVIDIA H200, 55, 98 %, 74 %, 142683 MiB, 143771 MiB
2026/08/13 20:03:27.396, NVIDIA H200, 57, 100 %, 58 %, 142683 MiB, 143771 MiB
2026/08/13 20:03:30.397, NVIDIA H200, 58, 100 %, 47 %, 142683 MiB, 143771 MiB
2026/08/13 20:03:33.397, NVIDIA H200, 55, 98 %, 42 %, 142683 MiB, 143771 MiB
2026/08/13 20:03:36.398, NVIDIA H200, 58, 100 %, 57 %, 142683 MiB, 143771 MiB
2026/08/13 20:03:39.398, NVIDIA H200, 58, 100 %, 53 %, 142683 MiB, 143771 MiB
2026/08/13 20:03:42.398, NVIDIA H200, 62, 100 %, 53 %, 142683 MiB, 143771 MiB
2026/08/13 20:03:45.399, NVIDIA H200, 55, 99 %, 53 %, 142683 MiB, 143771 MiB
2026/08/13 20:03:48.399, NVIDIA H200, 56, 100 %, 51 %, 142683 MiB, 143771 MiB
2026/08/13 20:03:51.399, NVIDIA H200, 56, 100 %, 28 %, 142683 MiB, 143771 MiB
2026/08/13 20:03:54.400, NVIDIA H200, 30, 0 %, 0 %, 142683 MiB, 143771 MiB
2026/08/13 20:03:57.400, NVIDIA H200, 45, 100 %, 57 %, 142683 MiB, 143771 MiB
2026/08/13 20:04:00.401, NVIDIA H200, 38, 0 %, 0 %, 142683 MiB, 143771 MiB
2026/08/13 20:04:03.401, NVIDIA H200, 28, 0 %, 0 %, 142683 MiB, 143771 MiB
2026/08/13 20:04:06.402, NVIDIA H200, 27, 0 %, 0 %, 142683 MiB, 143771 MiB
2026/08/13 20:04:09.402, NVIDIA H200, 53, 99 %, 64 %, 142683 MiB, 143771 MiB
2026/08/13 20:04:12.402, NVIDIA H200, 57, 100 %, 45 %, 142683 MiB, 143771 MiB
2026/08/13 20:04:15.403, NVIDIA H200, 54, 98 %, 55 %, 142683 MiB, 143771 MiB
2026/08/13 20:04:18.403, NVIDIA H200, 55, 100 %, 48 %, 142683 MiB, 143771 MiB
2026/08/13 20:04:21.404, NVIDIA H200, 56, 100 %, 43 %, 142683 MiB, 143771 MiB
2026/08/13 20:04:24.404, NVIDIA H200, 51, 99 %, 37 %, 142683 MiB, 143771 MiB
2026/08/13 20:04:27.404, NVIDIA H200, 56, 100 %, 48 %, 142683 MiB, 143771 MiB
2026/08/13 20:04:30.405, NVIDIA H200, 58, 100 %, 55 %, 142683 MiB, 143771 MiB
2026/08/13 20:04:33.405, NVIDIA H200, 61, 100 %, 40 %, 142683 MiB, 143771 MiB
2026/08/13 20:04:36.406, NVIDIA H200, 57, 100 %, 53 %, 142683 MiB, 143771 MiB
2026/08/13 20:04:39.406, NVIDIA H200, 57, 100 %, 54 %, 142683 MiB, 143771 MiB
2026/08/13 20:04:42.407, NVIDIA H200, 55, 99 %, 53 %, 142683 MiB, 143771 MiB
2026/08/13 20:04:45.407, NVIDIA H200, 56, 100 %, 47 %, 142683 MiB, 143771 MiB
2026/08/13 20:04:48.408, NVIDIA H200, 57, 100 %, 63 %, 142683 MiB, 143771 MiB
2026/08/13 20:04:51.408, NVIDIA H200, 57, 100 %, 52 %, 142683 MiB, 143771 MiB
2026/08/13 20:04:54.408, NVIDIA H200, 58, 100 %, 50 %, 142683 MiB, 143771 MiB
2026/08/13 20:04:57.409, NVIDIA H200, 57, 99 %, 51 %, 142683 MiB, 143771 MiB
2026/08/13 20:05:00.409, NVIDIA H200, 59, 100 %, 53 %, 142683 MiB, 143771 MiB
2026/08/13 20:05:03.410, NVIDIA H200, 55, 100 %, 45 %, 142683 MiB, 143771 MiB
2026/08/13 20:05:06.410, NVIDIA H200, 56, 100 %, 46 %, 142683 MiB, 143771 MiB
2026/08/13 20:05:09.411, NVIDIA H200, 58, 100 %, 45 %, 142683 MiB, 143771 MiB
2026/08/13 20:05:12.411, NVIDIA H200, 55, 100 %, 59 %, 142683 MiB, 143771 MiB
2026/08/13 20:05:15.412, NVIDIA H200, 58, 100 %, 42 %, 142683 MiB, 143771 MiB
2026/08/13 20:05:18.412, NVIDIA H200, 58, 100 %, 54 %, 142683 MiB, 143771 MiB
2026/08/13 20:05:21.412, NVIDIA H200, 59, 100 %, 46 %, 142683 MiB, 143771 MiB
2026/08/13 20:05:24.413, NVIDIA H200, 58, 99 %, 63 %, 142683 MiB, 143771 MiB
2026/08/13 20:05:27.413, NVIDIA H200, 60, 100 %, 56 %, 142683 MiB, 143771 MiB
2026/08/13 20:05:30.414, NVIDIA H200, 56, 100 %, 49 %, 142683 MiB, 143771 MiB
2026/08/13 20:05:33.414, NVIDIA H200, 56, 99 %, 41 %, 142683 MiB, 143771 MiB
2026/08/13 20:05:36.414, NVIDIA H200, 58, 100 %, 52 %, 142683 MiB, 143771 MiB
2026/08/13 20:05:39.415, NVIDIA H200, 30, 0 %, 0 %, 142683 MiB, 143771 MiB
2026/08/13 20:05:42.415, NVIDIA H200, 29, 0 %, 0 %, 142683 MiB, 143771 MiB
2026/08/13 20:05:45.416, NVIDIA H200, 56, 100 %, 54 %, 142683 MiB, 143771 MiB
2026/08/13 20:05:48.417, NVIDIA H200, 29, 0 %, 0 %, 142683 MiB, 143771 MiB
2026/08/13 20:05:51.417, NVIDIA H200, 49, 100 %, 46 %, 142683 MiB, 143771 MiB
2026/08/13 20:05:54.417, NVIDIA H200, 57, 100 %, 55 %, 142683 MiB, 143771 MiB
2026/08/13 20:05:57.418, NVIDIA H200, 58, 100 %, 43 %, 142683 MiB, 143771 MiB
2026/08/13 20:06:00.418, NVIDIA H200, 57, 98 %, 53 %, 142683 MiB, 143771 MiB
2026/08/13 20:06:03.419, NVIDIA H200, 57, 100 %, 46 %, 142683 MiB, 143771 MiB
2026/08/13 20:06:06.419, NVIDIA H200, 55, 100 %, 45 %, 142683 MiB, 143771 MiB
2026/08/13 20:06:09.419, NVIDIA H200, 57, 98 %, 48 %, 142683 MiB, 143771 MiB
2026/08/13 20:06:12.420, NVIDIA H200, 58, 100 %, 48 %, 142683 MiB, 143771 MiB
2026/08/13 20:06:15.420, NVIDIA H200, 56, 100 %, 55 %, 142683 MiB, 143771 MiB
2026/08/13 20:06:18.421, NVIDIA H200, 58, 100 %, 47 %, 142683 MiB, 143771 MiB
2026/08/13 20:06:21.421, NVIDIA H200, 57, 100 %, 54 %, 142683 MiB, 143771 MiB
2026/08/13 20:06:24.421, NVIDIA H200, 57, 100 %, 53 %, 142683 MiB, 143771 MiB
2026/08/13 20:06:27.422, NVIDIA H200, 55, 100 %, 36 %, 142683 MiB, 143771 MiB
2026/08/13 20:06:30.422, NVIDIA H200, 56, 100 %, 50 %, 142683 MiB, 143771 MiB
2026/08/13 20:06:33.423, NVIDIA H200, 57, 100 %, 21 %, 142683 MiB, 143771 MiB
2026/08/13 20:06:36.423, NVIDIA H200, 58, 100 %, 41 %, 142683 MiB, 143771 MiB
2026/08/13 20:06:39.424, NVIDIA H200, 58, 100 %, 40 %, 142683 MiB, 143771 MiB
2026/08/13 20:06:42.424, NVIDIA H200, 57, 100 %, 61 %, 142683 MiB, 143771 MiB
2026/08/13 20:06:45.425, NVIDIA H200, 59, 100 %, 48 %, 142683 MiB, 143771 MiB
2026/08/13 20:06:48.425, NVIDIA H200, 55, 98 %, 74 %, 142683 MiB, 143771 MiB
2026/08/13 20:06:51.425, NVIDIA H200, 56, 100 %, 59 %, 142683 MiB, 143771 MiB
2026/08/13 20:06:54.426, NVIDIA H200, 58, 100 %, 48 %, 142683 MiB, 143771 MiB
2026/08/13 20:06:57.426, NVIDIA H200, 56, 99 %, 45 %, 142683 MiB, 143771 MiB
2026/08/13 20:07:00.427, NVIDIA H200, 58, 100 %, 65 %, 142683 MiB, 143771 MiB
2026/08/13 20:07:03.427, NVIDIA H200, 58, 100 %, 59 %, 142683 MiB, 143771 MiB
2026/08/13 20:07:06.428, NVIDIA H200, 61, 100 %, 44 %, 142683 MiB, 143771 MiB
2026/08/13 20:07:09.428, NVIDIA H200, 56, 100 %, 48 %, 142683 MiB, 143771 MiB
2026/08/13 20:07:12.428, NVIDIA H200, 58, 100 %, 53 %, 142683 MiB, 143771 MiB
2026/08/13 20:07:15.429, NVIDIA H200, 55, 100 %, 50 %, 142683 MiB, 143771 MiB
2026/08/13 20:07:18.429, NVIDIA H200, 56, 100 %, 49 %, 142683 MiB, 143771 MiB
2026/08/13 20:07:21.430, NVIDIA H200, 35, 0 %, 0 %, 142683 MiB, 143771 MiB
2026/08/13 20:07:24.430, NVIDIA H200, 29, 0 %, 0 %, 142683 MiB, 143771 MiB
2026/08/13 20:07:27.431, NVIDIA H200, 52, 100 %, 49 %, 142683 MiB, 143771 MiB
2026/08/13 20:07:30.431, NVIDIA H200, 31, 0 %, 0 %, 142683 MiB, 143771 MiB
2026/08/13 20:07:33.432, NVIDIA H200, 28, 0 %, 0 %, 142683 MiB, 143771 MiB
2026/08/13 20:07:36.432, NVIDIA H200, 53, 100 %, 52 %, 142683 MiB, 143771 MiB
2026/08/13 20:07:39.433, NVIDIA H200, 52, 100 %, 55 %, 142683 MiB, 143771 MiB
2026/08/13 20:07:42.433, NVIDIA H200, 58, 100 %, 42 %, 142683 MiB, 143771 MiB
2026/08/13 20:07:45.434, NVIDIA H200, 57, 100 %, 51 %, 142683 MiB, 143771 MiB
2026/08/13 20:07:48.434, NVIDIA H200, 59, 100 %, 52 %, 142683 MiB, 143771 MiB
2026/08/13 20:07:51.435, NVIDIA H200, 56, 99 %, 55 %, 142683 MiB, 143771 MiB
2026/08/13 20:07:54.435, NVIDIA H200, 56, 100 %, 50 %, 142683 MiB, 143771 MiB
2026/08/13 20:07:57.436, NVIDIA H200, 57, 100 %, 26 %, 142683 MiB, 143771 MiB
2026/08/13 20:08:00.436, NVIDIA H200, 56, 99 %, 34 %, 142683 MiB, 143771 MiB
2026/08/13 20:08:03.436, NVIDIA H200, 58, 100 %, 44 %, 142683 MiB, 143771 MiB
2026/08/13 20:08:06.437, NVIDIA H200, 58, 100 %, 56 %, 142683 MiB, 143771 MiB
2026/08/13 20:08:09.437, NVIDIA H200, 60, 100 %, 45 %, 142683 MiB, 143771 MiB
2026/08/13 20:08:12.438, NVIDIA H200, 55, 98 %, 62 %, 142683 MiB, 143771 MiB
2026/08/13 20:08:15.438, NVIDIA H200, 56, 100 %, 57 %, 142683 MiB, 143771 MiB
2026/08/13 20:08:18.439, NVIDIA H200, 58, 100 %, 50 %, 142683 MiB, 143771 MiB
2026/08/13 20:08:21.439, NVIDIA H200, 53, 97 %, 40 %, 142683 MiB, 143771 MiB
2026/08/13 20:08:24.440, NVIDIA H200, 58, 100 %, 51 %, 142683 MiB, 143771 MiB
2026/08/13 20:08:27.440, NVIDIA H200, 59, 100 %, 52 %, 142683 MiB, 143771 MiB
2026/08/13 20:08:30.441, NVIDIA H200, 61, 100 %, 52 %, 142683 MiB, 143771 MiB
2026/08/13 20:08:33.441, NVIDIA H200, 55, 100 %, 55 %, 142683 MiB, 143771 MiB
2026/08/13 20:08:36.441, NVIDIA H200, 58, 100 %, 50 %, 142683 MiB, 143771 MiB
2026/08/13 20:08:39.442, NVIDIA H200, 56, 100 %, 49 %, 142683 MiB, 143771 MiB
2026/08/13 20:08:42.442, NVIDIA H200, 55, 100 %, 50 %, 142683 MiB, 143771 MiB
2026/08/13 20:08:45.443, NVIDIA H200, 57, 100 %, 33 %, 142683 MiB, 143771 MiB
2026/08/13 20:08:48.443, NVIDIA H200, 55, 99 %, 41 %, 142683 MiB, 143771 MiB
2026/08/13 20:08:51.443, NVIDIA H200, 58, 100 %, 64 %, 142683 MiB, 143771 MiB
2026/08/13 20:08:54.444, NVIDIA H200, 58, 100 %, 53 %, 142683 MiB, 143771 MiB
2026/08/13 20:08:57.444, NVIDIA H200, 61, 100 %, 51 %, 142683 MiB, 143771 MiB
2026/08/13 20:09:00.445, NVIDIA H200, 55, 99 %, 51 %, 142683 MiB, 143771 MiB
2026/08/13 20:09:03.445, NVIDIA H200, 56, 100 %, 53 %, 142683 MiB, 143771 MiB
2026/08/13 20:09:06.445, NVIDIA H200, 31, 0 %, 0 %, 142683 MiB, 143771 MiB
2026/08/13 20:09:09.446, NVIDIA H200, 46, 100 %, 54 %, 142683 MiB, 143771 MiB
2026/08/13 20:09:12.446, NVIDIA H200, 52, 99 %, 36 %, 142683 MiB, 143771 MiB
2026/08/13 20:09:15.447, NVIDIA H200, 29, 0 %, 0 %, 142683 MiB, 143771 MiB
2026/08/13 20:09:18.447, NVIDIA H200, 53, 100 %, 49 %, 142683 MiB, 143771 MiB
2026/08/13 20:09:21.448, NVIDIA H200, 54, 100 %, 48 %, 142683 MiB, 143771 MiB
2026/08/13 20:09:24.448, NVIDIA H200, 55, 100 %, 22 %, 142683 MiB, 143771 MiB
2026/08/13 20:09:27.448, NVIDIA H200, 56, 100 %, 47 %, 142683 MiB, 143771 MiB
2026/08/13 20:09:30.449, NVIDIA H200, 57, 100 %, 54 %, 142683 MiB, 143771 MiB
2026/08/13 20:09:33.449, NVIDIA H200, 60, 100 %, 49 %, 142683 MiB, 143771 MiB
2026/08/13 20:09:36.450, NVIDIA H200, 54, 100 %, 49 %, 142683 MiB, 143771 MiB
2026/08/13 20:09:39.450, NVIDIA H200, 56, 100 %, 49 %, 142683 MiB, 143771 MiB
2026/08/13 20:09:42.451, NVIDIA H200, 57, 100 %, 26 %, 142683 MiB, 143771 MiB
2026/08/13 20:09:45.451, NVIDIA H200, 52, 100 %, 43 %, 142683 MiB, 143771 MiB
2026/08/13 20:09:48.451, NVIDIA H200, 56, 100 %, 43 %, 142683 MiB, 143771 MiB
2026/08/13 20:09:51.452, NVIDIA H200, 59, 100 %, 55 %, 142683 MiB, 143771 MiB
2026/08/13 20:09:54.452, NVIDIA H200, 60, 100 %, 46 %, 142683 MiB, 143771 MiB
2026/08/13 20:09:57.453, NVIDIA H200, 56, 98 %, 68 %, 142683 MiB, 143771 MiB
2026/08/13 20:10:00.453, NVIDIA H200, 57, 100 %, 57 %, 142683 MiB, 143771 MiB
2026/08/13 20:10:03.454, NVIDIA H200, 55, 100 %, 47 %, 142683 MiB, 143771 MiB
2026/08/13 20:10:06.454, NVIDIA H200, 57, 99 %, 43 %, 142683 MiB, 143771 MiB
2026/08/13 20:10:09.454, NVIDIA H200, 56, 100 %, 61 %, 142683 MiB, 143771 MiB
2026/08/13 20:10:12.455, NVIDIA H200, 58, 100 %, 54 %, 142683 MiB, 143771 MiB
2026/08/13 20:10:15.455, NVIDIA H200, 59, 100 %, 45 %, 142683 MiB, 143771 MiB
2026/08/13 20:10:18.456, NVIDIA H200, 57, 98 %, 51 %, 142683 MiB, 143771 MiB
2026/08/13 20:10:21.456, NVIDIA H200, 58, 100 %, 48 %, 142683 MiB, 143771 MiB
2026/08/13 20:10:24.457, NVIDIA H200, 55, 100 %, 43 %, 142683 MiB, 143771 MiB
2026/08/13 20:10:27.457, NVIDIA H200, 57, 98 %, 45 %, 142683 MiB, 143771 MiB
2026/08/13 20:10:30.458, NVIDIA H200, 54, 99 %, 69 %, 142683 MiB, 143771 MiB
2026/08/13 20:10:33.458, NVIDIA H200, 56, 100 %, 60 %, 142683 MiB, 143771 MiB
2026/08/13 20:10:36.459, NVIDIA H200, 58, 100 %, 48 %, 142683 MiB, 143771 MiB
2026/08/13 20:10:39.459, NVIDIA H200, 56, 99 %, 43 %, 142683 MiB, 143771 MiB
2026/08/13 20:10:42.460, NVIDIA H200, 58, 100 %, 62 %, 142683 MiB, 143771 MiB
2026/08/13 20:10:45.460, NVIDIA H200, 58, 100 %, 51 %, 142683 MiB, 143771 MiB
2026/08/13 20:10:48.460, NVIDIA H200, 33, 0 %, 0 %, 142683 MiB, 143771 MiB
2026/08/13 20:10:51.461, NVIDIA H200, 29, 0 %, 0 %, 142683 MiB, 143771 MiB
2026/08/13 20:10:54.461, NVIDIA H200, 37, 60 %, 17 %, 142683 MiB, 143771 MiB
2026/08/13 20:10:57.462, NVIDIA H200, 46, 82 %, 44 %, 142683 MiB, 143771 MiB
2026/08/13 20:11:00.462, NVIDIA H200, 28, 0 %, 0 %, 142683 MiB, 143771 MiB
2026/08/13 20:11:03.463, NVIDIA H200, 27, 0 %, 0 %, 142683 MiB, 143771 MiB
2026/08/13 20:11:06.463, NVIDIA H200, 27, 0 %, 0 %, 142683 MiB, 143771 MiB
2026/08/13 20:11:09.463, NVIDIA H200, 50, 100 %, 49 %, 142683 MiB, 143771 MiB
2026/08/13 20:11:12.464, NVIDIA H200, 53, 100 %, 53 %, 142683 MiB, 143771 MiB
2026/08/13 20:11:15.464, NVIDIA H200, 56, 99 %, 53 %, 142683 MiB, 143771 MiB
2026/08/13 20:11:18.465, NVIDIA H200, 55, 100 %, 48 %, 142683 MiB, 143771 MiB
2026/08/13 20:11:21.465, NVIDIA H200, 57, 100 %, 21 %, 142683 MiB, 143771 MiB
2026/08/13 20:11:24.466, NVIDIA H200, 57, 98 %, 42 %, 142683 MiB, 143771 MiB
2026/08/13 20:11:27.466, NVIDIA H200, 61, 100 %, 38 %, 142683 MiB, 143771 MiB
2026/08/13 20:11:30.466, NVIDIA H200, 54, 100 %, 59 %, 142683 MiB, 143771 MiB
2026/08/13 20:11:33.467, NVIDIA H200, 56, 100 %, 47 %, 142683 MiB, 143771 MiB
2026/08/13 20:11:36.467, NVIDIA H200, 56, 98 %, 64 %, 142683 MiB, 143771 MiB
2026/08/13 20:11:39.468, NVIDIA H200, 53, 100 %, 58 %, 142683 MiB, 143771 MiB
2026/08/13 20:11:42.468, NVIDIA H200, 57, 100 %, 48 %, 142683 MiB, 143771 MiB
2026/08/13 20:11:45.469, NVIDIA H200, 58, 98 %, 43 %, 142683 MiB, 143771 MiB
2026/08/13 20:11:48.469, NVIDIA H200, 58, 100 %, 55 %, 142683 MiB, 143771 MiB
2026/08/13 20:11:51.470, NVIDIA H200, 58, 100 %, 56 %, 142683 MiB, 143771 MiB
2026/08/13 20:11:54.470, NVIDIA H200, 58, 100 %, 53 %, 142683 MiB, 143771 MiB
2026/08/13 20:11:57.470, NVIDIA H200, 56, 100 %, 57 %, 142683 MiB, 143771 MiB
2026/08/13 20:12:00.471, NVIDIA H200, 56, 100 %, 51 %, 142683 MiB, 143771 MiB
2026/08/13 20:12:03.471, NVIDIA H200, 57, 100 %, 53 %, 142683 MiB, 143771 MiB
2026/08/13 20:12:06.472, NVIDIA H200, 56, 100 %, 49 %, 142683 MiB, 143771 MiB
2026/08/13 20:12:09.472, NVIDIA H200, 57, 100 %, 36 %, 142683 MiB, 143771 MiB
2026/08/13 20:12:12.472, NVIDIA H200, 57, 100 %, 52 %, 142683 MiB, 143771 MiB
2026/08/13 20:12:15.473, NVIDIA H200, 59, 100 %, 46 %, 142683 MiB, 143771 MiB
2026/08/13 20:12:18.473, NVIDIA H200, 55, 100 %, 51 %, 142683 MiB, 143771 MiB
2026/08/13 20:12:21.474, NVIDIA H200, 58, 100 %, 53 %, 142683 MiB, 143771 MiB
2026/08/13 20:12:24.474, NVIDIA H200, 56, 100 %, 53 %, 142683 MiB, 143771 MiB
2026/08/13 20:12:27.475, NVIDIA H200, 56, 100 %, 51 %, 142683 MiB, 143771 MiB
2026/08/13 20:12:30.475, NVIDIA H200, 56, 100 %, 50 %, 142683 MiB, 143771 MiB
2026/08/13 20:12:33.475, NVIDIA H200, 57, 100 %, 44 %, 142683 MiB, 143771 MiB
2026/08/13 20:12:36.476, NVIDIA H200, 58, 100 %, 42 %, 142683 MiB, 143771 MiB
2026/08/13 20:12:39.476, NVIDIA H200, 31, 0 %, 0 %, 142683 MiB, 143771 MiB
2026/08/13 20:12:42.477, NVIDIA H200, 36, 6 %, 5 %, 142683 MiB, 143771 MiB
2026/08/13 20:12:45.477, NVIDIA H200, 47, 100 %, 51 %, 142683 MiB, 143771 MiB
2026/08/13 20:12:48.478, NVIDIA H200, 29, 0 %, 0 %, 142683 MiB, 143771 MiB
2026/08/13 20:12:51.478, NVIDIA H200, 49, 100 %, 21 %, 142683 MiB, 143771 MiB
2026/08/13 20:12:54.479, NVIDIA H200, 57, 100 %, 43 %, 142683 MiB, 143771 MiB
2026/08/13 20:12:57.479, NVIDIA H200, 56, 100 %, 54 %, 142683 MiB, 143771 MiB
2026/08/13 20:13:00.480, NVIDIA H200, 59, 100 %, 45 %, 142683 MiB, 143771 MiB
2026/08/13 20:13:03.480, NVIDIA H200, 54, 100 %, 54 %, 142683 MiB, 143771 MiB
2026/08/13 20:13:06.481, NVIDIA H200, 56, 100 %, 45 %, 142683 MiB, 143771 MiB
2026/08/13 20:13:09.481, NVIDIA H200, 56, 98 %, 64 %, 142683 MiB, 143771 MiB
2026/08/13 20:13:12.482, NVIDIA H200, 55, 100 %, 58 %, 142683 MiB, 143771 MiB
2026/08/13 20:13:15.482, NVIDIA H200, 57, 100 %, 51 %, 142683 MiB, 143771 MiB
2026/08/13 20:13:18.482, NVIDIA H200, 59, 99 %, 40 %, 142683 MiB, 143771 MiB
2026/08/13 20:13:21.483, NVIDIA H200, 58, 100 %, 52 %, 142683 MiB, 143771 MiB
2026/08/13 20:13:24.483, NVIDIA H200, 58, 100 %, 53 %, 142683 MiB, 143771 MiB
2026/08/13 20:13:27.484, NVIDIA H200, 58, 100 %, 52 %, 142683 MiB, 143771 MiB
2026/08/13 20:13:30.484, NVIDIA H200, 57, 100 %, 58 %, 142683 MiB, 143771 MiB
2026/08/13 20:13:33.485, NVIDIA H200, 56, 100 %, 52 %, 142683 MiB, 143771 MiB
2026/08/13 20:13:36.486, NVIDIA H200, 58, 100 %, 52 %, 142683 MiB, 143771 MiB
2026/08/13 20:13:39.486, NVIDIA H200, 56, 100 %, 52 %, 142683 MiB, 143771 MiB
2026/08/13 20:13:42.486, NVIDIA H200, 58, 100 %, 32 %, 142683 MiB, 143771 MiB
2026/08/13 20:13:45.487, NVIDIA H200, 57, 100 %, 51 %, 142683 MiB, 143771 MiB
2026/08/13 20:13:48.487, NVIDIA H200, 61, 100 %, 46 %, 142683 MiB, 143771 MiB
2026/08/13 20:13:51.488, NVIDIA H200, 55, 100 %, 52 %, 142683 MiB, 143771 MiB
2026/08/13 20:13:54.488, NVIDIA H200, 56, 100 %, 43 %, 142683 MiB, 143771 MiB
2026/08/13 20:13:57.489, NVIDIA H200, 57, 98 %, 63 %, 142683 MiB, 143771 MiB
2026/08/13 20:14:00.489, NVIDIA H200, 52, 100 %, 56 %, 142683 MiB, 143771 MiB
2026/08/13 20:14:03.489, NVIDIA H200, 57, 100 %, 47 %, 142683 MiB, 143771 MiB
2026/08/13 20:14:06.490, NVIDIA H200, 59, 99 %, 41 %, 142683 MiB, 143771 MiB
2026/08/13 20:14:09.490, NVIDIA H200, 61, 100 %, 47 %, 142683 MiB, 143771 MiB
2026/08/13 20:14:12.491, NVIDIA H200, 56, 100 %, 53 %, 142683 MiB, 143771 MiB
2026/08/13 20:14:15.491, NVIDIA H200, 58, 100 %, 50 %, 142683 MiB, 143771 MiB
2026/08/13 20:14:18.491, NVIDIA H200, 56, 100 %, 48 %, 142683 MiB, 143771 MiB
2026/08/13 20:14:21.492, NVIDIA H200, 42, 0 %, 0 %, 142683 MiB, 143771 MiB
2026/08/13 20:14:24.492, NVIDIA H200, 29, 0 %, 0 %, 142683 MiB, 143771 MiB
2026/08/13 20:14:27.493, NVIDIA H200, 45, 100 %, 57 %, 142683 MiB, 143771 MiB
2026/08/13 20:14:30.493, NVIDIA H200, 33, 0 %, 0 %, 142683 MiB, 143771 MiB
2026/08/13 20:14:33.494, NVIDIA H200, 29, 3 %, 0 %, 142683 MiB, 143771 MiB
2026/08/13 20:14:36.494, NVIDIA H200, 54, 100 %, 25 %, 142683 MiB, 143771 MiB
2026/08/13 20:14:39.495, NVIDIA H200, 56, 100 %, 57 %, 142683 MiB, 143771 MiB
2026/08/13 20:14:42.495, NVIDIA H200, 56, 99 %, 53 %, 142683 MiB, 143771 MiB
2026/08/13 20:14:45.496, NVIDIA H200, 56, 100 %, 54 %, 142683 MiB, 143771 MiB
2026/08/13 20:14:48.496, NVIDIA H200, 55, 99 %, 55 %, 142683 MiB, 143771 MiB
2026/08/13 20:14:51.497, NVIDIA H200, 55, 100 %, 49 %, 142683 MiB, 143771 MiB
2026/08/13 20:14:54.497, NVIDIA H200, 57, 100 %, 23 %, 142683 MiB, 143771 MiB
2026/08/13 20:14:57.498, NVIDIA H200, 57, 99 %, 40 %, 142683 MiB, 143771 MiB
2026/08/13 20:15:00.498, NVIDIA H200, 58, 100 %, 39 %, 142683 MiB, 143771 MiB
2026/08/13 20:15:03.499, NVIDIA H200, 57, 100 %, 61 %, 142683 MiB, 143771 MiB
2026/08/13 20:15:06.499, NVIDIA H200, 58, 100 %, 46 %, 142683 MiB, 143771 MiB
2026/08/13 20:15:09.499, NVIDIA H200, 55, 98 %, 74 %, 142683 MiB, 143771 MiB
2026/08/13 20:15:12.500, NVIDIA H200, 57, 100 %, 58 %, 142683 MiB, 143771 MiB
2026/08/13 20:15:15.500, NVIDIA H200, 58, 100 %, 49 %, 142683 MiB, 143771 MiB
2026/08/13 20:15:18.500, NVIDIA H200, 56, 97 %, 39 %, 142683 MiB, 143771 MiB
2026/08/13 20:15:21.501, NVIDIA H200, 58, 100 %, 57 %, 142683 MiB, 143771 MiB
2026/08/13 20:15:24.501, NVIDIA H200, 58, 100 %, 57 %, 142683 MiB, 143771 MiB
2026/08/13 20:15:27.502, NVIDIA H200, 61, 100 %, 53 %, 142683 MiB, 143771 MiB
2026/08/13 20:15:30.502, NVIDIA H200, 55, 99 %, 51 %, 142683 MiB, 143771 MiB
2026/08/13 20:15:33.503, NVIDIA H200, 56, 100 %, 51 %, 142683 MiB, 143771 MiB
2026/08/13 20:15:36.503, NVIDIA H200, 56, 100 %, 44 %, 142683 MiB, 143771 MiB
2026/08/13 20:15:39.504, NVIDIA H200, 52, 100 %, 47 %, 142683 MiB, 143771 MiB
2026/08/13 20:15:42.504, NVIDIA H200, 57, 100 %, 48 %, 142683 MiB, 143771 MiB
2026/08/13 20:15:45.505, NVIDIA H200, 59, 100 %, 56 %, 142683 MiB, 143771 MiB
2026/08/13 20:15:48.505, NVIDIA H200, 59, 100 %, 41 %, 142683 MiB, 143771 MiB
2026/08/13 20:15:51.506, NVIDIA H200, 55, 100 %, 51 %, 142683 MiB, 143771 MiB
2026/08/13 20:15:54.506, NVIDIA H200, 57, 100 %, 55 %, 142683 MiB, 143771 MiB
2026/08/13 20:15:57.506, NVIDIA H200, 58, 100 %, 54 %, 142683 MiB, 143771 MiB
2026/08/13 20:16:00.507, NVIDIA H200, 56, 100 %, 49 %, 142683 MiB, 143771 MiB
2026/08/13 20:16:03.507, NVIDIA H200, 60, 100 %, 47 %, 142683 MiB, 143771 MiB
2026/08/13 20:16:06.508, NVIDIA H200, 30, 0 %, 0 %, 142683 MiB, 143771 MiB
2026/08/13 20:16:09.508, NVIDIA H200, 43, 75 %, 23 %, 142683 MiB, 143771 MiB
2026/08/13 20:16:12.509, NVIDIA H200, 41, 59 %, 28 %, 142683 MiB, 143771 MiB
2026/08/13 20:16:15.509, NVIDIA H200, 29, 0 %, 0 %, 142683 MiB, 143771 MiB
2026/08/13 20:16:18.509, NVIDIA H200, 54, 98 %, 70 %, 142683 MiB, 143771 MiB
2026/08/13 20:16:21.510, NVIDIA H200, 55, 100 %, 49 %, 142683 MiB, 143771 MiB
2026/08/13 20:16:24.510, NVIDIA H200, 51, 100 %, 54 %, 142683 MiB, 143771 MiB
2026/08/13 20:16:27.511, NVIDIA H200, 57, 100 %, 48 %, 142683 MiB, 143771 MiB
2026/08/13 20:16:30.511, NVIDIA H200, 56, 98 %, 63 %, 142683 MiB, 143771 MiB
2026/08/13 20:16:33.512, NVIDIA H200, 56, 100 %, 56 %, 142683 MiB, 143771 MiB
2026/08/13 20:16:36.512, NVIDIA H200, 56, 100 %, 46 %, 142683 MiB, 143771 MiB
2026/08/13 20:16:39.513, NVIDIA H200, 60, 97 %, 44 %, 142683 MiB, 143771 MiB
2026/08/13 20:16:42.513, NVIDIA H200, 60, 100 %, 51 %, 142683 MiB, 143771 MiB
2026/08/13 20:16:45.514, NVIDIA H200, 59, 100 %, 56 %, 142683 MiB, 143771 MiB
2026/08/13 20:16:48.514, NVIDIA H200, 58, 100 %, 52 %, 142683 MiB, 143771 MiB
2026/08/13 20:16:51.514, NVIDIA H200, 56, 100 %, 54 %, 142683 MiB, 143771 MiB
2026/08/13 20:16:54.515, NVIDIA H200, 57, 100 %, 53 %, 142683 MiB, 143771 MiB
2026/08/13 20:16:57.515, NVIDIA H200, 57, 100 %, 46 %, 142683 MiB, 143771 MiB
2026/08/13 20:17:00.516, NVIDIA H200, 56, 100 %, 58 %, 142683 MiB, 143771 MiB
2026/08/13 20:17:03.516, NVIDIA H200, 58, 100 %, 34 %, 142683 MiB, 143771 MiB
2026/08/13 20:17:06.517, NVIDIA H200, 58, 100 %, 58 %, 142683 MiB, 143771 MiB
2026/08/13 20:17:09.517, NVIDIA H200, 59, 100 %, 46 %, 142683 MiB, 143771 MiB
2026/08/13 20:17:12.518, NVIDIA H200, 55, 100 %, 50 %, 142683 MiB, 143771 MiB
2026/08/13 20:17:15.518, NVIDIA H200, 56, 100 %, 47 %, 142683 MiB, 143771 MiB
2026/08/13 20:17:18.519, NVIDIA H200, 58, 99 %, 53 %, 142683 MiB, 143771 MiB
2026/08/13 20:17:21.519, NVIDIA H200, 54, 100 %, 50 %, 142683 MiB, 143771 MiB
2026/08/13 20:17:24.520, NVIDIA H200, 58, 100 %, 26 %, 142683 MiB, 143771 MiB
2026/08/13 20:17:27.520, NVIDIA H200, 58, 98 %, 35 %, 142683 MiB, 143771 MiB
2026/08/13 20:17:30.521, NVIDIA H200, 62, 100 %, 37 %, 142683 MiB, 143771 MiB
2026/08/13 20:17:33.521, NVIDIA H200, 55, 100 %, 61 %, 142683 MiB, 143771 MiB
2026/08/13 20:17:36.522, NVIDIA H200, 56, 100 %, 47 %, 142683 MiB, 143771 MiB
2026/08/13 20:17:39.522, NVIDIA H200, 56, 99 %, 74 %, 142683 MiB, 143771 MiB
2026/08/13 20:17:42.523, NVIDIA H200, 52, 100 %, 59 %, 142683 MiB, 143771 MiB
2026/08/13 20:17:45.523, NVIDIA H200, 61, 100 %, 51 %, 142683 MiB, 143771 MiB
2026/08/13 20:17:48.523, NVIDIA H200, 30, 0 %, 0 %, 142683 MiB, 143771 MiB
2026/08/13 20:17:51.524, NVIDIA H200, 48, 100 %, 57 %, 142683 MiB, 143771 MiB
2026/08/13 20:17:54.524, NVIDIA H200, 35, 0 %, 0 %, 142683 MiB, 143771 MiB
2026/08/13 20:17:57.525, NVIDIA H200, 43, 100 %, 52 %, 142683 MiB, 143771 MiB
2026/08/13 20:18:00.525, NVIDIA H200, 54, 100 %, 51 %, 142683 MiB, 143771 MiB
2026/08/13 20:18:03.526, NVIDIA H200, 51, 100 %, 59 %, 142683 MiB, 143771 MiB
2026/08/13 20:18:06.526, NVIDIA H200, 57, 100 %, 47 %, 142683 MiB, 143771 MiB
2026/08/13 20:18:09.527, NVIDIA H200, 55, 100 %, 47 %, 142683 MiB, 143771 MiB
2026/08/13 20:18:12.527, NVIDIA H200, 57, 100 %, 47 %, 142683 MiB, 143771 MiB
2026/08/13 20:18:15.527, NVIDIA H200, 58, 99 %, 47 %, 142683 MiB, 143771 MiB
2026/08/13 20:18:18.528, NVIDIA H200, 59, 100 %, 51 %, 142683 MiB, 143771 MiB
2026/08/13 20:18:21.528, NVIDIA H200, 57, 100 %, 54 %, 142683 MiB, 143771 MiB
2026/08/13 20:18:24.529, NVIDIA H200, 58, 100 %, 45 %, 142683 MiB, 143771 MiB
2026/08/13 20:18:27.529, NVIDIA H200, 56, 100 %, 55 %, 142683 MiB, 143771 MiB
2026/08/13 20:18:30.530, NVIDIA H200, 57, 100 %, 51 %, 142683 MiB, 143771 MiB
2026/08/13 20:18:33.530, NVIDIA H200, 55, 100 %, 46 %, 142683 MiB, 143771 MiB
2026/08/13 20:18:36.531, NVIDIA H200, 57, 100 %, 49 %, 142683 MiB, 143771 MiB
2026/08/13 20:18:39.531, NVIDIA H200, 57, 100 %, 25 %, 142683 MiB, 143771 MiB
2026/08/13 20:18:42.532, NVIDIA H200, 58, 100 %, 59 %, 142683 MiB, 143771 MiB
2026/08/13 20:18:45.532, NVIDIA H200, 59, 100 %, 45 %, 142683 MiB, 143771 MiB
2026/08/13 20:18:48.533, NVIDIA H200, 57, 98 %, 56 %, 142683 MiB, 143771 MiB
2026/08/13 20:18:51.533, NVIDIA H200, 58, 100 %, 48 %, 142683 MiB, 143771 MiB
2026/08/13 20:18:54.534, NVIDIA H200, 56, 100 %, 44 %, 142683 MiB, 143771 MiB
2026/08/13 20:18:57.534, NVIDIA H200, 58, 99 %, 47 %, 142683 MiB, 143771 MiB
2026/08/13 20:19:00.535, NVIDIA H200, 58, 100 %, 51 %, 142683 MiB, 143771 MiB
2026/08/13 20:19:03.535, NVIDIA H200, 56, 100 %, 56 %, 142683 MiB, 143771 MiB
2026/08/13 20:19:06.535, NVIDIA H200, 57, 100 %, 49 %, 142683 MiB, 143771 MiB
2026/08/13 20:19:09.536, NVIDIA H200, 58, 100 %, 54 %, 142683 MiB, 143771 MiB
2026/08/13 20:19:12.536, NVIDIA H200, 61, 100 %, 48 %, 142683 MiB, 143771 MiB
2026/08/13 20:19:15.537, NVIDIA H200, 55, 100 %, 50 %, 142683 MiB, 143771 MiB
2026/08/13 20:19:18.537, NVIDIA H200, 57, 100 %, 51 %, 142683 MiB, 143771 MiB
2026/08/13 20:19:21.537, NVIDIA H200, 58, 100 %, 34 %, 142683 MiB, 143771 MiB
2026/08/13 20:19:24.538, NVIDIA H200, 55, 100 %, 57 %, 142683 MiB, 143771 MiB
2026/08/13 20:19:27.538, NVIDIA H200, 61, 100 %, 51 %, 142683 MiB, 143771 MiB
2026/08/13 20:19:30.539, NVIDIA H200, 30, 0 %, 0 %, 142683 MiB, 143771 MiB
2026/08/13 20:19:33.540, NVIDIA H200, 47, 100 %, 53 %, 142683 MiB, 143771 MiB
2026/08/13 20:19:36.540, NVIDIA H200, 38, 0 %, 0 %, 142683 MiB, 143771 MiB
2026/08/13 20:19:39.541, NVIDIA H200, 29, 0 %, 0 %, 142683 MiB, 143771 MiB
2026/08/13 20:19:42.541, NVIDIA H200, 27, 0 %, 0 %, 142687 MiB, 143771 MiB
2026/08/13 20:19:45.541, NVIDIA H200, 27, 0 %, 0 %, 142687 MiB, 143771 MiB
2026/08/13 20:19:48.542, NVIDIA H200, 27, 0 %, 0 %, 142687 MiB, 143771 MiB
2026/08/13 20:19:51.542, NVIDIA H200, 27, 0 %, 0 %, 142687 MiB, 143771 MiB
2026/08/13 20:19:54.543, NVIDIA H200, 27, 0 %, 0 %, 142687 MiB, 143771 MiB
2026/08/13 20:19:57.543, NVIDIA H200, 26, 0 %, 0 %, 142687 MiB, 143771 MiB
2026/08/13 20:20:00.544, NVIDIA H200, 26, 0 %, 0 %, 142687 MiB, 143771 MiB
2026/08/13 20:20:03.544, NVIDIA H200, 26, 0 %, 0 %, 142687 MiB, 143771 MiB
2026/08/13 20:20:06.544, NVIDIA H200, 26, 0 %, 0 %, 142687 MiB, 143771 MiB
2026/08/13 20:20:09.545, NVIDIA H200, 26, 0 %, 0 %, 142687 MiB, 143771 MiB
2026/08/13 20:20:12.546, NVIDIA H200, 26, 0 %, 0 %, 142687 MiB, 143771 MiB
2026/08/13 20:20:15.546, NVIDIA H200, 26, 0 %, 0 %, 142687 MiB, 143771 MiB
2026/08/13 20:20:18.546, NVIDIA H200, 26, 0 %, 0 %, 142687 MiB, 143771 MiB
2026/08/13 20:20:21.547, NVIDIA H200, 26, 0 %, 0 %, 142687 MiB, 143771 MiB
2026/08/13 20:20:24.547, NVIDIA H200, 26, 0 %, 0 %, 142687 MiB, 143771 MiB
2026/08/13 20:20:27.548, NVIDIA H200, 26, 0 %, 0 %, 142687 MiB, 143771 MiB
2026/08/13 20:20:30.548, NVIDIA H200, 26, 0 %, 0 %, 142687 MiB, 143771 MiB
2026/08/13 20:20:33.549, NVIDIA H200, 26, 0 %, 0 %, 142687 MiB, 143771 MiB
2026/08/13 20:20:36.549, NVIDIA H200, 26, 0 %, 0 %, 142687 MiB, 143771 MiB
2026/08/13 20:20:39.549, NVIDIA H200, 26, 0 %, 0 %, 142687 MiB, 143771 MiB
2026/08/13 20:20:42.550, NVIDIA H200, 26, 0 %, 0 %, 142687 MiB, 143771 MiB
2026/08/13 20:20:45.550, NVIDIA H200, 25, 0 %, 0 %, 142687 MiB, 143771 MiB
2026/08/13 20:20:48.551, NVIDIA H200, 25, 0 %, 0 %, 142687 MiB, 143771 MiB
2026/08/13 20:20:51.551, NVIDIA H200, 25, 0 %, 0 %, 142687 MiB, 143771 MiB
2026/08/13 20:20:54.552, NVIDIA H200, 25, 0 %, 0 %, 142687 MiB, 143771 MiB
2026/08/13 20:20:57.553, NVIDIA H200, 25, 0 %, 0 %, 142687 MiB, 143771 MiB
2026/08/13 20:21:00.553, NVIDIA H200, 25, 0 %, 0 %, 142687 MiB, 143771 MiB
2026/08/13 20:21:03.553, NVIDIA H200, 25, 0 %, 0 %, 142687 MiB, 143771 MiB
2026/08/13 20:21:06.554, NVIDIA H200, 25, 0 %, 0 %, 142687 MiB, 143771 MiB
2026/08/13 20:21:09.554, NVIDIA H200, 25, 0 %, 0 %, 142687 MiB, 143771 MiB
2026/08/13 20:21:12.555, NVIDIA H200, 25, 0 %, 0 %, 142687 MiB, 143771 MiB
2026/08/13 20:21:15.555, NVIDIA H200, 25, 0 %, 0 %, 142687 MiB, 143771 MiB
2026/08/13 20:21:18.556, NVIDIA H200, 25, 0 %, 0 %, 142687 MiB, 143771 MiB
2026/08/13 20:21:21.556, NVIDIA H200, 25, 0 %, 0 %, 142687 MiB, 143771 MiB
2026/08/13 20:21:24.556, NVIDIA H200, 25, 0 %, 0 %, 142687 MiB, 143771 MiB
2026/08/13 20:21:27.557, NVIDIA H200, 25, 0 %, 0 %, 142687 MiB, 143771 MiB
2026/08/13 20:21:30.558, NVIDIA H200, 25, 0 %, 0 %, 142687 MiB, 143771 MiB
2026/08/13 20:21:33.558, NVIDIA H200, 25, 0 %, 0 %, 142687 MiB, 143771 MiB
2026/08/13 20:21:36.559, NVIDIA H200, 25, 0 %, 0 %, 142687 MiB, 143771 MiB
2026/08/13 20:21:39.559, NVIDIA H200, 25, 0 %, 0 %, 142687 MiB, 143771 MiB
2026/08/13 20:21:42.560, NVIDIA H200, 25, 0 %, 0 %, 142687 MiB, 143771 MiB
2026/08/13 20:21:45.560, NVIDIA H200, 25, 0 %, 0 %, 142687 MiB, 143771 MiB
2026/08/13 20:21:48.561, NVIDIA H200, 25, 0 %, 0 %, 142687 MiB, 143771 MiB
2026/08/13 20:21:51.561, NVIDIA H200, 25, 0 %, 0 %, 142687 MiB, 143771 MiB
2026/08/13 20:21:54.562, NVIDIA H200, 25, 0 %, 0 %, 142687 MiB, 143771 MiB
2026/08/13 20:21:57.562, NVIDIA H200, 25, 0 %, 0 %, 142687 MiB, 143771 MiB
2026/08/13 20:22:00.563, NVIDIA H200, 25, 0 %, 0 %, 142687 MiB, 143771 MiB
2026/08/13 20:22:03.563, NVIDIA H200, 25, 0 %, 0 %, 142687 MiB, 143771 MiB
2026/08/13 20:22:06.564, NVIDIA H200, 24, 0 %, 0 %, 142687 MiB, 143771 MiB
2026/08/13 20:22:09.564, NVIDIA H200, 24, 0 %, 0 %, 142687 MiB, 143771 MiB
2026/08/13 20:22:12.565, NVIDIA H200, 24, 0 %, 0 %, 142687 MiB, 143771 MiB
2026/08/13 20:22:15.566, NVIDIA H200, 24, 0 %, 0 %, 142687 MiB, 143771 MiB
2026/08/13 20:22:18.566, NVIDIA H200, 24, 0 %, 0 %, 142687 MiB, 143771 MiB
2026/08/13 20:22:21.567, NVIDIA H200, 24, 0 %, 0 %, 142687 MiB, 143771 MiB
2026/08/13 20:22:24.567, NVIDIA H200, 24, 0 %, 0 %, 142687 MiB, 143771 MiB
2026/08/13 20:22:27.567, NVIDIA H200, 24, 0 %, 0 %, 142687 MiB, 143771 MiB
2026/08/13 20:22:30.568, NVIDIA H200, 24, 0 %, 0 %, 142687 MiB, 143771 MiB
2026/08/13 20:22:33.568, NVIDIA H200, 24, 0 %, 0 %, 142687 MiB, 143771 MiB
2026/08/13 20:22:36.569, NVIDIA H200, 24, 0 %, 0 %, 142687 MiB, 143771 MiB
2026/08/13 20:22:39.569, NVIDIA H200, 24, 0 %, 0 %, 142687 MiB, 143771 MiB
2026/08/13 20:22:42.569, NVIDIA H200, 24, 0 %, 0 %, 142687 MiB, 143771 MiB
2026/08/13 20:22:45.569, NVIDIA H200, 24, 0 %, 0 %, 142687 MiB, 143771 MiB
2026/08/13 20:22:48.570, NVIDIA H200, 24, 0 %, 0 %, 142687 MiB, 143771 MiB
2026/08/13 20:22:51.571, NVIDIA H200, 24, 0 %, 0 %, 142687 MiB, 143771 MiB
2026/08/13 20:22:54.571, NVIDIA H200, 24, 0 %, 0 %, 142687 MiB, 143771 MiB
2026/08/13 20:22:57.572, NVIDIA H200, 24, 0 %, 0 %, 142687 MiB, 143771 MiB
2026/08/13 20:23:00.572, NVIDIA H200, 24, 0 %, 0 %, 142687 MiB, 143771 MiB
2026/08/13 20:23:03.573, NVIDIA H200, 24, 0 %, 0 %, 142687 MiB, 143771 MiB
2026/08/13 20:23:06.573, NVIDIA H200, 24, 0 %, 0 %, 142687 MiB, 143771 MiB
2026/08/13 20:23:09.574, NVIDIA H200, 24, 0 %, 0 %, 142687 MiB, 143771 MiB
2026/08/13 20:23:12.575, NVIDIA H200, 24, 0 %, 0 %, 142687 MiB, 143771 MiB
2026/08/13 20:23:15.575, NVIDIA H200, 24, 0 %, 0 %, 142687 MiB, 143771 MiB
2026/08/13 20:23:18.575, NVIDIA H200, 24, 0 %, 0 %, 142687 MiB, 143771 MiB
2026/08/13 20:23:21.576, NVIDIA H200, 24, 0 %, 0 %, 142687 MiB, 143771 MiB
2026/08/13 20:23:24.577, NVIDIA H200, 24, 0 %, 0 %, 142687 MiB, 143771 MiB
2026/08/13 20:23:27.577, NVIDIA H200, 24, 0 %, 0 %, 142687 MiB, 143771 MiB
2026/08/13 20:23:30.578, NVIDIA H200, 24, 0 %, 0 %, 142687 MiB, 143771 MiB
2026/08/13 20:23:33.578, NVIDIA H200, 47, 96 %, 34 %, 142687 MiB, 143771 MiB
2026/08/13 20:23:36.579, NVIDIA H200, 52, 100 %, 43 %, 142687 MiB, 143771 MiB
2026/08/13 20:23:39.579, NVIDIA H200, 55, 100 %, 56 %, 142687 MiB, 143771 MiB
2026/08/13 20:23:42.580, NVIDIA H200, 52, 100 %, 37 %, 142687 MiB, 143771 MiB
2026/08/13 20:23:45.580, NVIDIA H200, 51, 100 %, 51 %, 142687 MiB, 143771 MiB
2026/08/13 20:23:48.580, NVIDIA H200, 54, 100 %, 33 %, 142687 MiB, 143771 MiB
2026/08/13 20:23:51.581, NVIDIA H200, 56, 100 %, 54 %, 142687 MiB, 143771 MiB
2026/08/13 20:23:54.581, NVIDIA H200, 56, 100 %, 47 %, 142687 MiB, 143771 MiB
2026/08/13 20:23:57.582, NVIDIA H200, 56, 100 %, 51 %, 142687 MiB, 143771 MiB
2026/08/13 20:24:00.582, NVIDIA H200, 56, 100 %, 47 %, 142687 MiB, 143771 MiB
2026/08/13 20:24:03.582, NVIDIA H200, 55, 99 %, 55 %, 142687 MiB, 143771 MiB
2026/08/13 20:24:06.583, NVIDIA H200, 55, 100 %, 54 %, 142687 MiB, 143771 MiB
2026/08/13 20:24:09.583, NVIDIA H200, 56, 100 %, 38 %, 142687 MiB, 143771 MiB
2026/08/13 20:24:12.584, NVIDIA H200, 55, 100 %, 38 %, 142687 MiB, 143771 MiB
2026/08/13 20:24:15.585, NVIDIA H200, 55, 100 %, 50 %, 142687 MiB, 143771 MiB
2026/08/13 20:24:18.585, NVIDIA H200, 55, 100 %, 51 %, 142687 MiB, 143771 MiB
2026/08/13 20:24:21.585, NVIDIA H200, 58, 100 %, 45 %, 142687 MiB, 143771 MiB
2026/08/13 20:24:24.586, NVIDIA H200, 53, 98 %, 54 %, 142687 MiB, 143771 MiB
2026/08/13 20:24:27.586, NVIDIA H200, 54, 100 %, 48 %, 142687 MiB, 143771 MiB
2026/08/13 20:24:30.586, NVIDIA H200, 54, 100 %, 45 %, 142687 MiB, 143771 MiB
2026/08/13 20:24:33.587, NVIDIA H200, 51, 100 %, 45 %, 142687 MiB, 143771 MiB
2026/08/13 20:24:36.587, NVIDIA H200, 56, 100 %, 43 %, 142687 MiB, 143771 MiB
2026/08/13 20:24:39.588, NVIDIA H200, 58, 100 %, 58 %, 142687 MiB, 143771 MiB
2026/08/13 20:24:42.588, NVIDIA H200, 57, 100 %, 47 %, 142687 MiB, 143771 MiB
2026/08/13 20:24:45.588, NVIDIA H200, 57, 100 %, 50 %, 142687 MiB, 143771 MiB
2026/08/13 20:24:48.589, NVIDIA H200, 57, 100 %, 45 %, 142687 MiB, 143771 MiB
2026/08/13 20:24:51.589, NVIDIA H200, 55, 98 %, 60 %, 142687 MiB, 143771 MiB
2026/08/13 20:24:54.590, NVIDIA H200, 57, 100 %, 56 %, 142687 MiB, 143771 MiB
2026/08/13 20:24:57.590, NVIDIA H200, 48, 88 %, 21 %, 12765 MiB, 143771 MiB
2026/08/13 20:25:00.591, NVIDIA H200, 44, 100 %, 7 %, 38731 MiB, 143771 MiB
2026/08/13 20:25:03.591, NVIDIA H200, 40, 56 %, 28 %, 30569 MiB, 143771 MiB
2026/08/13 20:25:06.591, NVIDIA H200, 35, 15 %, 7 %, 18833 MiB, 143771 MiB
2026/08/13 20:25:09.592, NVIDIA H200, 33, 100 %, 0 %, 16845 MiB, 143771 MiB
2026/08/13 20:25:12.592, NVIDIA H200, 27, 0 %, 0 %, 6881 MiB, 143771 MiB
2026/08/13 20:25:15.593, NVIDIA H200, 26, 0 %, 0 %, 6881 MiB, 143771 MiB
2026/08/13 20:25:18.593, NVIDIA H200, 27, 0 %, 0 %, 48287 MiB, 143771 MiB
2026/08/13 20:25:21.594, NVIDIA H200, 51, 100 %, 54 %, 48287 MiB, 143771 MiB
2026/08/13 20:25:24.594, NVIDIA H200, 27, 0 %, 0 %, 48287 MiB, 143771 MiB
2026/08/13 20:25:27.594, NVIDIA H200, 26, 0 %, 0 %, 120773 MiB, 143771 MiB
2026/08/13 20:25:30.595, NVIDIA H200, 52, 100 %, 46 %, 142399 MiB, 143771 MiB
2026/08/13 20:25:33.595, NVIDIA H200, 56, 100 %, 50 %, 142399 MiB, 143771 MiB
2026/08/13 20:25:36.595, NVIDIA H200, 52, 100 %, 43 %, 142399 MiB, 143771 MiB
2026/08/13 20:25:39.596, NVIDIA H200, 51, 100 %, 48 %, 142399 MiB, 143771 MiB
2026/08/13 20:25:42.596, NVIDIA H200, 55, 100 %, 34 %, 142399 MiB, 143771 MiB
2026/08/13 20:25:45.597, NVIDIA H200, 57, 100 %, 53 %, 142399 MiB, 143771 MiB
2026/08/13 20:25:48.597, NVIDIA H200, 58, 100 %, 46 %, 142399 MiB, 143771 MiB
2026/08/13 20:25:51.597, NVIDIA H200, 57, 98 %, 60 %, 142399 MiB, 143771 MiB
2026/08/13 20:25:54.598, NVIDIA H200, 56, 100 %, 46 %, 142399 MiB, 143771 MiB
2026/08/13 20:25:57.598, NVIDIA H200, 53, 100 %, 43 %, 142399 MiB, 143771 MiB
2026/08/13 20:26:00.599, NVIDIA H200, 54, 100 %, 46 %, 142399 MiB, 143771 MiB
2026/08/13 20:26:03.599, NVIDIA H200, 56, 100 %, 42 %, 142399 MiB, 143771 MiB
2026/08/13 20:26:06.600, NVIDIA H200, 54, 100 %, 58 %, 142399 MiB, 143771 MiB
2026/08/13 20:26:09.600, NVIDIA H200, 57, 100 %, 47 %, 142399 MiB, 143771 MiB
2026/08/13 20:26:12.600, NVIDIA H200, 57, 100 %, 49 %, 142399 MiB, 143771 MiB
2026/08/13 20:26:15.601, NVIDIA H200, 59, 100 %, 45 %, 142399 MiB, 143771 MiB
2026/08/13 20:26:18.601, NVIDIA H200, 53, 99 %, 55 %, 142399 MiB, 143771 MiB
2026/08/13 20:26:21.602, NVIDIA H200, 55, 100 %, 51 %, 142399 MiB, 143771 MiB
2026/08/13 20:26:24.602, NVIDIA H200, 54, 100 %, 41 %, 142399 MiB, 143771 MiB
2026/08/13 20:26:27.602, NVIDIA H200, 55, 99 %, 38 %, 142399 MiB, 143771 MiB
2026/08/13 20:26:30.603, NVIDIA H200, 56, 100 %, 63 %, 142399 MiB, 143771 MiB
2026/08/13 20:26:33.603, NVIDIA H200, 57, 100 %, 52 %, 142399 MiB, 143771 MiB
2026/08/13 20:26:36.604, NVIDIA H200, 57, 100 %, 52 %, 142399 MiB, 143771 MiB
2026/08/13 20:26:39.604, NVIDIA H200, 56, 99 %, 52 %, 142399 MiB, 143771 MiB
2026/08/13 20:26:42.605, NVIDIA H200, 58, 100 %, 52 %, 142399 MiB, 143771 MiB
2026/08/13 20:26:45.605, NVIDIA H200, 54, 100 %, 50 %, 142399 MiB, 143771 MiB
2026/08/13 20:26:48.606, NVIDIA H200, 55, 100 %, 50 %, 142399 MiB, 143771 MiB
2026/08/13 20:26:51.606, NVIDIA H200, 56, 100 %, 34 %, 142399 MiB, 143771 MiB
2026/08/13 20:26:54.606, NVIDIA H200, 33, 0 %, 0 %, 142399 MiB, 143771 MiB
2026/08/13 20:26:57.607, NVIDIA H200, 28, 0 %, 0 %, 142399 MiB, 143771 MiB
2026/08/13 20:27:00.607, NVIDIA H200, 50, 100 %, 49 %, 142399 MiB, 143771 MiB
2026/08/13 20:27:03.607, NVIDIA H200, 37, 0 %, 0 %, 142399 MiB, 143771 MiB
2026/08/13 20:27:06.609, NVIDIA H200, 27, 0 %, 0 %, 142399 MiB, 143771 MiB
2026/08/13 20:27:09.609, NVIDIA H200, 26, 0 %, 0 %, 142399 MiB, 143771 MiB
2026/08/13 20:27:12.610, NVIDIA H200, 44, 100 %, 54 %, 142399 MiB, 143771 MiB
2026/08/13 20:27:15.610, NVIDIA H200, 55, 100 %, 46 %, 142399 MiB, 143771 MiB
2026/08/13 20:27:18.611, NVIDIA H200, 55, 73 %, 35 %, 142399 MiB, 143771 MiB
2026/08/13 20:27:21.611, NVIDIA H200, 59, 100 %, 45 %, 142399 MiB, 143771 MiB
2026/08/13 20:27:24.612, NVIDIA H200, 54, 98 %, 64 %, 142399 MiB, 143771 MiB
2026/08/13 20:27:27.612, NVIDIA H200, 56, 100 %, 57 %, 142399 MiB, 143771 MiB
2026/08/13 20:27:30.613, NVIDIA H200, 57, 100 %, 48 %, 142399 MiB, 143771 MiB
2026/08/13 20:27:33.613, NVIDIA H200, 54, 99 %, 41 %, 142399 MiB, 143771 MiB
2026/08/13 20:27:36.613, NVIDIA H200, 57, 100 %, 58 %, 142399 MiB, 143771 MiB
2026/08/13 20:27:39.614, NVIDIA H200, 57, 100 %, 57 %, 142399 MiB, 143771 MiB
2026/08/13 20:27:42.614, NVIDIA H200, 60, 100 %, 54 %, 142399 MiB, 143771 MiB
2026/08/13 20:27:45.615, NVIDIA H200, 54, 99 %, 55 %, 142399 MiB, 143771 MiB
2026/08/13 20:27:48.615, NVIDIA H200, 55, 100 %, 53 %, 142399 MiB, 143771 MiB
2026/08/13 20:27:51.615, NVIDIA H200, 55, 100 %, 50 %, 142399 MiB, 143771 MiB
2026/08/13 20:27:54.616, NVIDIA H200, 54, 100 %, 49 %, 142399 MiB, 143771 MiB
2026/08/13 20:27:57.616, NVIDIA H200, 57, 100 %, 36 %, 142399 MiB, 143771 MiB
2026/08/13 20:28:00.617, NVIDIA H200, 59, 100 %, 56 %, 142399 MiB, 143771 MiB
2026/08/13 20:28:03.617, NVIDIA H200, 58, 100 %, 48 %, 142399 MiB, 143771 MiB
2026/08/13 20:28:06.617, NVIDIA H200, 57, 100 %, 50 %, 142399 MiB, 143771 MiB
2026/08/13 20:28:09.618, NVIDIA H200, 58, 100 %, 49 %, 142399 MiB, 143771 MiB
2026/08/13 20:28:12.618, NVIDIA H200, 56, 99 %, 53 %, 142399 MiB, 143771 MiB
2026/08/13 20:28:15.619, NVIDIA H200, 56, 100 %, 49 %, 142399 MiB, 143771 MiB
2026/08/13 20:28:18.619, NVIDIA H200, 56, 100 %, 31 %, 142399 MiB, 143771 MiB
2026/08/13 20:28:21.620, NVIDIA H200, 56, 98 %, 33 %, 142399 MiB, 143771 MiB
2026/08/13 20:28:24.620, NVIDIA H200, 57, 100 %, 48 %, 142399 MiB, 143771 MiB
2026/08/13 20:28:27.621, NVIDIA H200, 57, 100 %, 56 %, 142399 MiB, 143771 MiB
2026/08/13 20:28:30.621, NVIDIA H200, 59, 100 %, 46 %, 142399 MiB, 143771 MiB
2026/08/13 20:28:33.621, NVIDIA H200, 54, 99 %, 64 %, 142399 MiB, 143771 MiB
2026/08/13 20:28:36.622, NVIDIA H200, 35, 0 %, 0 %, 142399 MiB, 143771 MiB
2026/08/13 20:28:39.622, NVIDIA H200, 28, 0 %, 0 %, 142399 MiB, 143771 MiB
2026/08/13 20:28:42.623, NVIDIA H200, 31, 21 %, 0 %, 142399 MiB, 143771 MiB
2026/08/13 20:28:45.623, NVIDIA H200, 53, 100 %, 55 %, 142399 MiB, 143771 MiB
2026/08/13 20:28:48.624, NVIDIA H200, 28, 0 %, 0 %, 142399 MiB, 143771 MiB
2026/08/13 20:28:51.624, NVIDIA H200, 27, 0 %, 0 %, 142399 MiB, 143771 MiB
2026/08/13 20:28:54.624, NVIDIA H200, 44, 100 %, 50 %, 142399 MiB, 143771 MiB
2026/08/13 20:28:57.625, NVIDIA H200, 53, 100 %, 50 %, 142399 MiB, 143771 MiB
2026/08/13 20:29:00.625, NVIDIA H200, 57, 100 %, 55 %, 142399 MiB, 143771 MiB
2026/08/13 20:29:03.626, NVIDIA H200, 56, 100 %, 51 %, 142399 MiB, 143771 MiB
2026/08/13 20:29:06.626, NVIDIA H200, 58, 100 %, 53 %, 142399 MiB, 143771 MiB
2026/08/13 20:29:09.626, NVIDIA H200, 58, 100 %, 47 %, 142399 MiB, 143771 MiB
2026/08/13 20:29:12.627, NVIDIA H200, 57, 100 %, 50 %, 142399 MiB, 143771 MiB
2026/08/13 20:29:15.627, NVIDIA H200, 58, 100 %, 53 %, 142399 MiB, 143771 MiB
2026/08/13 20:29:18.628, NVIDIA H200, 55, 98 %, 55 %, 142399 MiB, 143771 MiB
2026/08/13 20:29:21.628, NVIDIA H200, 56, 100 %, 48 %, 142399 MiB, 143771 MiB
2026/08/13 20:29:24.628, NVIDIA H200, 56, 100 %, 21 %, 142399 MiB, 143771 MiB
2026/08/13 20:29:27.629, NVIDIA H200, 58, 100 %, 42 %, 142399 MiB, 143771 MiB
2026/08/13 20:29:30.629, NVIDIA H200, 59, 100 %, 44 %, 142399 MiB, 143771 MiB
2026/08/13 20:29:33.630, NVIDIA H200, 57, 100 %, 56 %, 142399 MiB, 143771 MiB
2026/08/13 20:29:36.630, NVIDIA H200, 58, 100 %, 44 %, 142399 MiB, 143771 MiB
2026/08/13 20:29:39.631, NVIDIA H200, 56, 98 %, 60 %, 142399 MiB, 143771 MiB
2026/08/13 20:29:42.631, NVIDIA H200, 57, 100 %, 55 %, 142399 MiB, 143771 MiB
2026/08/13 20:29:45.631, NVIDIA H200, 58, 100 %, 35 %, 142399 MiB, 143771 MiB
2026/08/13 20:29:48.632, NVIDIA H200, 57, 98 %, 33 %, 142399 MiB, 143771 MiB
2026/08/13 20:29:51.632, NVIDIA H200, 57, 100 %, 50 %, 142399 MiB, 143771 MiB
2026/08/13 20:29:54.633, NVIDIA H200, 57, 100 %, 53 %, 142399 MiB, 143771 MiB
2026/08/13 20:29:57.633, NVIDIA H200, 60, 100 %, 45 %, 142399 MiB, 143771 MiB
2026/08/13 20:30:00.634, NVIDIA H200, 55, 98 %, 62 %, 142399 MiB, 143771 MiB
2026/08/13 20:30:03.635, NVIDIA H200, 56, 100 %, 57 %, 142399 MiB, 143771 MiB
2026/08/13 20:30:06.635, NVIDIA H200, 58, 100 %, 49 %, 142399 MiB, 143771 MiB
2026/08/13 20:30:09.635, NVIDIA H200, 56, 99 %, 40 %, 142399 MiB, 143771 MiB
2026/08/13 20:30:12.636, NVIDIA H200, 58, 100 %, 42 %, 142399 MiB, 143771 MiB
2026/08/13 20:30:15.636, NVIDIA H200, 57, 100 %, 52 %, 142399 MiB, 143771 MiB
2026/08/13 20:30:18.637, NVIDIA H200, 61, 100 %, 52 %, 142399 MiB, 143771 MiB
2026/08/13 20:30:21.637, NVIDIA H200, 30, 0 %, 0 %, 142399 MiB, 143771 MiB
2026/08/13 20:30:24.638, NVIDIA H200, 31, 0 %, 0 %, 142399 MiB, 143771 MiB
2026/08/13 20:30:27.638, NVIDIA H200, 36, 76 %, 26 %, 142399 MiB, 143771 MiB
2026/08/13 20:30:30.638, NVIDIA H200, 31, 0 %, 0 %, 142399 MiB, 143771 MiB
2026/08/13 20:30:33.639, NVIDIA H200, 28, 0 %, 0 %, 142399 MiB, 143771 MiB
2026/08/13 20:30:36.639, NVIDIA H200, 27, 0 %, 0 %, 142399 MiB, 143771 MiB
2026/08/13 20:30:39.640, NVIDIA H200, 40, 98 %, 53 %, 142399 MiB, 143771 MiB
2026/08/13 20:30:42.640, NVIDIA H200, 54, 100 %, 48 %, 142399 MiB, 143771 MiB
2026/08/13 20:30:45.641, NVIDIA H200, 56, 100 %, 56 %, 142399 MiB, 143771 MiB
2026/08/13 20:30:48.641, NVIDIA H200, 57, 100 %, 44 %, 142399 MiB, 143771 MiB
2026/08/13 20:30:51.642, NVIDIA H200, 57, 100 %, 54 %, 142399 MiB, 143771 MiB
2026/08/13 20:30:54.642, NVIDIA H200, 59, 100 %, 45 %, 142399 MiB, 143771 MiB
2026/08/13 20:30:57.643, NVIDIA H200, 55, 99 %, 64 %, 142399 MiB, 143771 MiB
2026/08/13 20:31:00.643, NVIDIA H200, 56, 100 %, 57 %, 142399 MiB, 143771 MiB
2026/08/13 20:31:03.643, NVIDIA H200, 57, 100 %, 45 %, 142399 MiB, 143771 MiB
2026/08/13 20:31:06.644, NVIDIA H200, 53, 99 %, 46 %, 142399 MiB, 143771 MiB
2026/08/13 20:31:09.644, NVIDIA H200, 57, 100 %, 50 %, 142399 MiB, 143771 MiB
2026/08/13 20:31:12.645, NVIDIA H200, 59, 100 %, 54 %, 142399 MiB, 143771 MiB
2026/08/13 20:31:15.645, NVIDIA H200, 60, 100 %, 42 %, 142399 MiB, 143771 MiB
2026/08/13 20:31:18.645, NVIDIA H200, 58, 100 %, 51 %, 142399 MiB, 143771 MiB
2026/08/13 20:31:21.646, NVIDIA H200, 59, 100 %, 52 %, 142399 MiB, 143771 MiB
2026/08/13 20:31:24.646, NVIDIA H200, 57, 98 %, 59 %, 142399 MiB, 143771 MiB
2026/08/13 20:31:27.647, NVIDIA H200, 58, 100 %, 56 %, 142399 MiB, 143771 MiB
2026/08/13 20:31:30.647, NVIDIA H200, 58, 100 %, 47 %, 142399 MiB, 143771 MiB
2026/08/13 20:31:33.648, NVIDIA H200, 56, 99 %, 46 %, 142399 MiB, 143771 MiB
2026/08/13 20:31:36.648, NVIDIA H200, 58, 100 %, 62 %, 142399 MiB, 143771 MiB
2026/08/13 20:31:39.648, NVIDIA H200, 57, 100 %, 56 %, 142399 MiB, 143771 MiB
2026/08/13 20:31:42.649, NVIDIA H200, 61, 100 %, 53 %, 142399 MiB, 143771 MiB
2026/08/13 20:31:45.649, NVIDIA H200, 55, 100 %, 57 %, 142399 MiB, 143771 MiB
2026/08/13 20:31:48.650, NVIDIA H200, 58, 100 %, 50 %, 142399 MiB, 143771 MiB
2026/08/13 20:31:51.650, NVIDIA H200, 55, 100 %, 49 %, 142399 MiB, 143771 MiB
2026/08/13 20:31:54.651, NVIDIA H200, 56, 100 %, 53 %, 142399 MiB, 143771 MiB
2026/08/13 20:31:57.651, NVIDIA H200, 58, 100 %, 22 %, 142399 MiB, 143771 MiB
2026/08/13 20:32:00.651, NVIDIA H200, 59, 99 %, 35 %, 142399 MiB, 143771 MiB
2026/08/13 20:32:03.652, NVIDIA H200, 37, 0 %, 0 %, 142399 MiB, 143771 MiB
2026/08/13 20:32:06.652, NVIDIA H200, 29, 0 %, 0 %, 142399 MiB, 143771 MiB
2026/08/13 20:32:09.653, NVIDIA H200, 29, 0 %, 0 %, 142399 MiB, 143771 MiB
2026/08/13 20:32:12.653, NVIDIA H200, 45, 100 %, 61 %, 142399 MiB, 143771 MiB
2026/08/13 20:32:15.653, NVIDIA H200, 30, 0 %, 0 %, 142399 MiB, 143771 MiB
2026/08/13 20:32:18.654, NVIDIA H200, 28, 0 %, 0 %, 142399 MiB, 143771 MiB
2026/08/13 20:32:21.654, NVIDIA H200, 27, 0 %, 0 %, 142399 MiB, 143771 MiB
2026/08/13 20:32:24.655, NVIDIA H200, 27, 0 %, 0 %, 142399 MiB, 143771 MiB
2026/08/13 20:32:27.655, NVIDIA H200, 27, 0 %, 0 %, 142399 MiB, 143771 MiB
2026/08/13 20:32:30.656, NVIDIA H200, 53, 84 %, 46 %, 142399 MiB, 143771 MiB
2026/08/13 20:32:33.656, NVIDIA H200, 55, 100 %, 51 %, 142399 MiB, 143771 MiB
2026/08/13 20:32:36.657, NVIDIA H200, 55, 100 %, 56 %, 142399 MiB, 143771 MiB
2026/08/13 20:32:39.657, NVIDIA H200, 57, 100 %, 50 %, 142399 MiB, 143771 MiB
2026/08/13 20:32:42.657, NVIDIA H200, 56, 100 %, 51 %, 142399 MiB, 143771 MiB
2026/08/13 20:32:45.658, NVIDIA H200, 57, 100 %, 34 %, 142399 MiB, 143771 MiB
2026/08/13 20:32:48.658, NVIDIA H200, 57, 100 %, 48 %, 142399 MiB, 143771 MiB
2026/08/13 20:32:51.659, NVIDIA H200, 60, 100 %, 45 %, 142399 MiB, 143771 MiB
2026/08/13 20:32:54.659, NVIDIA H200, 55, 100 %, 55 %, 142399 MiB, 143771 MiB
2026/08/13 20:32:57.660, NVIDIA H200, 56, 100 %, 47 %, 142399 MiB, 143771 MiB
2026/08/13 20:33:00.660, NVIDIA H200, 56, 97 %, 71 %, 142399 MiB, 143771 MiB
2026/08/13 20:33:03.661, NVIDIA H200, 53, 100 %, 61 %, 142399 MiB, 143771 MiB
2026/08/13 20:33:06.661, NVIDIA H200, 58, 100 %, 48 %, 142399 MiB, 143771 MiB
2026/08/13 20:33:09.661, NVIDIA H200, 59, 99 %, 40 %, 142399 MiB, 143771 MiB
2026/08/13 20:33:12.662, NVIDIA H200, 59, 100 %, 51 %, 142399 MiB, 143771 MiB
2026/08/13 20:33:15.662, NVIDIA H200, 59, 100 %, 56 %, 142399 MiB, 143771 MiB
2026/08/13 20:33:18.663, NVIDIA H200, 58, 100 %, 50 %, 142399 MiB, 143771 MiB
2026/08/13 20:33:21.663, NVIDIA H200, 57, 100 %, 57 %, 142399 MiB, 143771 MiB
2026/08/13 20:33:24.664, NVIDIA H200, 57, 100 %, 53 %, 142399 MiB, 143771 MiB
2026/08/13 20:33:27.664, NVIDIA H200, 58, 100 %, 49 %, 142399 MiB, 143771 MiB
2026/08/13 20:33:30.665, NVIDIA H200, 57, 100 %, 51 %, 142399 MiB, 143771 MiB
2026/08/13 20:33:33.665, NVIDIA H200, 58, 100 %, 29 %, 142399 MiB, 143771 MiB
2026/08/13 20:33:36.666, NVIDIA H200, 57, 100 %, 42 %, 142399 MiB, 143771 MiB
2026/08/13 20:33:39.666, NVIDIA H200, 60, 100 %, 41 %, 142399 MiB, 143771 MiB
2026/08/13 20:33:42.667, NVIDIA H200, 55, 100 %, 59 %, 142399 MiB, 143771 MiB
2026/08/13 20:33:45.667, NVIDIA H200, 56, 100 %, 48 %, 142399 MiB, 143771 MiB
2026/08/13 20:33:48.667, NVIDIA H200, 57, 98 %, 68 %, 142399 MiB, 143771 MiB
2026/08/13 20:33:51.668, NVIDIA H200, 51, 100 %, 58 %, 142399 MiB, 143771 MiB
2026/08/13 20:33:54.668, NVIDIA H200, 32, 0 %, 0 %, 142399 MiB, 143771 MiB
2026/08/13 20:33:57.669, NVIDIA H200, 29, 0 %, 0 %, 142399 MiB, 143771 MiB
2026/08/13 20:34:00.669, NVIDIA H200, 49, 100 %, 53 %, 142399 MiB, 143771 MiB
2026/08/13 20:34:03.669, NVIDIA H200, 49, 100 %, 55 %, 142399 MiB, 143771 MiB
2026/08/13 20:34:06.670, NVIDIA H200, 29, 0 %, 0 %, 142399 MiB, 143771 MiB
2026/08/13 20:34:09.670, NVIDIA H200, 27, 0 %, 0 %, 142399 MiB, 143771 MiB
2026/08/13 20:34:12.671, NVIDIA H200, 49, 100 %, 50 %, 142399 MiB, 143771 MiB
2026/08/13 20:34:15.671, NVIDIA H200, 53, 87 %, 45 %, 142399 MiB, 143771 MiB
2026/08/13 20:34:18.672, NVIDIA H200, 59, 100 %, 40 %, 142399 MiB, 143771 MiB
2026/08/13 20:34:21.672, NVIDIA H200, 56, 100 %, 58 %, 142399 MiB, 143771 MiB
2026/08/13 20:34:24.673, NVIDIA H200, 59, 100 %, 42 %, 142399 MiB, 143771 MiB
2026/08/13 20:34:27.673, NVIDIA H200, 55, 100 %, 50 %, 142399 MiB, 143771 MiB
2026/08/13 20:34:30.674, NVIDIA H200, 56, 100 %, 46 %, 142399 MiB, 143771 MiB
2026/08/13 20:34:33.674, NVIDIA H200, 57, 98 %, 60 %, 142399 MiB, 143771 MiB
2026/08/13 20:34:36.674, NVIDIA H200, 52, 100 %, 57 %, 142399 MiB, 143771 MiB
2026/08/13 20:34:39.675, NVIDIA H200, 56, 100 %, 47 %, 142399 MiB, 143771 MiB
2026/08/13 20:34:42.675, NVIDIA H200, 59, 99 %, 45 %, 142399 MiB, 143771 MiB
2026/08/13 20:34:45.676, NVIDIA H200, 60, 100 %, 63 %, 142399 MiB, 143771 MiB
2026/08/13 20:34:48.676, NVIDIA H200, 58, 100 %, 57 %, 142399 MiB, 143771 MiB
2026/08/13 20:34:51.677, NVIDIA H200, 59, 100 %, 54 %, 142399 MiB, 143771 MiB
2026/08/13 20:34:54.677, NVIDIA H200, 56, 100 %, 58 %, 142399 MiB, 143771 MiB
2026/08/13 20:34:57.678, NVIDIA H200, 56, 100 %, 53 %, 142399 MiB, 143771 MiB
2026/08/13 20:35:00.678, NVIDIA H200, 58, 100 %, 39 %, 142399 MiB, 143771 MiB
2026/08/13 20:35:03.679, NVIDIA H200, 56, 99 %, 38 %, 142399 MiB, 143771 MiB
2026/08/13 20:35:06.679, NVIDIA H200, 57, 100 %, 55 %, 142399 MiB, 143771 MiB
2026/08/13 20:35:09.680, NVIDIA H200, 57, 100 %, 45 %, 142399 MiB, 143771 MiB
2026/08/13 20:35:12.680, NVIDIA H200, 61, 100 %, 45 %, 142399 MiB, 143771 MiB
2026/08/13 20:35:15.681, NVIDIA H200, 55, 98 %, 51 %, 142399 MiB, 143771 MiB
2026/08/13 20:35:18.681, NVIDIA H200, 56, 100 %, 51 %, 142399 MiB, 143771 MiB
2026/08/13 20:35:21.681, NVIDIA H200, 56, 100 %, 44 %, 142399 MiB, 143771 MiB
2026/08/13 20:35:24.682, NVIDIA H200, 53, 100 %, 46 %, 142399 MiB, 143771 MiB
2026/08/13 20:35:27.683, NVIDIA H200, 58, 100 %, 37 %, 142399 MiB, 143771 MiB
2026/08/13 20:35:30.683, NVIDIA H200, 60, 100 %, 56 %, 142399 MiB, 143771 MiB
2026/08/13 20:35:33.683, NVIDIA H200, 59, 100 %, 48 %, 142399 MiB, 143771 MiB
2026/08/13 20:35:36.684, NVIDIA H200, 56, 100 %, 44 %, 142399 MiB, 143771 MiB
2026/08/13 20:35:39.684, NVIDIA H200, 30, 0 %, 0 %, 142399 MiB, 143771 MiB
2026/08/13 20:35:42.685, NVIDIA H200, 28, 0 %, 0 %, 142399 MiB, 143771 MiB
2026/08/13 20:35:45.685, NVIDIA H200, 42, 82 %, 47 %, 142399 MiB, 143771 MiB
2026/08/13 20:35:48.685, NVIDIA H200, 33, 0 %, 0 %, 142399 MiB, 143771 MiB
2026/08/13 20:35:51.686, NVIDIA H200, 28, 0 %, 0 %, 142399 MiB, 143771 MiB
2026/08/13 20:35:54.686, NVIDIA H200, 52, 100 %, 46 %, 142399 MiB, 143771 MiB
2026/08/13 20:35:57.687, NVIDIA H200, 56, 100 %, 59 %, 142399 MiB, 143771 MiB
2026/08/13 20:36:00.687, NVIDIA H200, 55, 100 %, 44 %, 142399 MiB, 143771 MiB
2026/08/13 20:36:03.688, NVIDIA H200, 55, 100 %, 60 %, 142399 MiB, 143771 MiB
2026/08/13 20:36:06.688, NVIDIA H200, 55, 99 %, 55 %, 142399 MiB, 143771 MiB
2026/08/13 20:36:09.689, NVIDIA H200, 56, 100 %, 48 %, 142399 MiB, 143771 MiB
2026/08/13 20:36:12.689, NVIDIA H200, 56, 100 %, 22 %, 142399 MiB, 143771 MiB
2026/08/13 20:36:15.690, NVIDIA H200, 57, 98 %, 37 %, 142399 MiB, 143771 MiB
2026/08/13 20:36:18.690, NVIDIA H200, 58, 100 %, 37 %, 142399 MiB, 143771 MiB
2026/08/13 20:36:21.690, NVIDIA H200, 56, 100 %, 61 %, 142399 MiB, 143771 MiB
2026/08/13 20:36:24.691, NVIDIA H200, 58, 100 %, 47 %, 142399 MiB, 143771 MiB
2026/08/13 20:36:27.692, NVIDIA H200, 55, 97 %, 68 %, 142399 MiB, 143771 MiB
2026/08/13 20:36:30.692, NVIDIA H200, 57, 100 %, 58 %, 142399 MiB, 143771 MiB
2026/08/13 20:36:33.692, NVIDIA H200, 58, 100 %, 47 %, 142399 MiB, 143771 MiB
2026/08/13 20:36:36.693, NVIDIA H200, 56, 98 %, 45 %, 142399 MiB, 143771 MiB
2026/08/13 20:36:39.693, NVIDIA H200, 58, 100 %, 64 %, 142399 MiB, 143771 MiB
2026/08/13 20:36:42.694, NVIDIA H200, 57, 100 %, 51 %, 142399 MiB, 143771 MiB
2026/08/13 20:36:45.694, NVIDIA H200, 57, 100 %, 48 %, 142399 MiB, 143771 MiB
2026/08/13 20:36:48.695, NVIDIA H200, 55, 98 %, 50 %, 142399 MiB, 143771 MiB
2026/08/13 20:36:51.695, NVIDIA H200, 56, 100 %, 47 %, 142399 MiB, 143771 MiB
2026/08/13 20:36:54.696, NVIDIA H200, 57, 100 %, 44 %, 142399 MiB, 143771 MiB
2026/08/13 20:36:57.696, NVIDIA H200, 58, 100 %, 47 %, 142399 MiB, 143771 MiB
2026/08/13 20:37:00.697, NVIDIA H200, 58, 100 %, 50 %, 142399 MiB, 143771 MiB
2026/08/13 20:37:03.697, NVIDIA H200, 57, 100 %, 54 %, 142399 MiB, 143771 MiB
2026/08/13 20:37:06.698, NVIDIA H200, 58, 100 %, 42 %, 142399 MiB, 143771 MiB
2026/08/13 20:37:09.698, NVIDIA H200, 56, 100 %, 52 %, 142399 MiB, 143771 MiB
2026/08/13 20:37:12.699, NVIDIA H200, 57, 100 %, 48 %, 142399 MiB, 143771 MiB
2026/08/13 20:37:15.699, NVIDIA H200, 58, 100 %, 47 %, 142399 MiB, 143771 MiB
2026/08/13 20:37:18.699, NVIDIA H200, 58, 100 %, 50 %, 142399 MiB, 143771 MiB
2026/08/13 20:37:21.700, NVIDIA H200, 30, 0 %, 0 %, 142399 MiB, 143771 MiB
2026/08/13 20:37:24.700, NVIDIA H200, 28, 0 %, 0 %, 142399 MiB, 143771 MiB
2026/08/13 20:37:27.701, NVIDIA H200, 53, 99 %, 41 %, 142399 MiB, 143771 MiB
2026/08/13 20:37:30.701, NVIDIA H200, 31, 0 %, 0 %, 142399 MiB, 143771 MiB
2026/08/13 20:37:33.702, NVIDIA H200, 28, 0 %, 0 %, 142399 MiB, 143771 MiB
2026/08/13 20:37:36.703, NVIDIA H200, 47, 100 %, 49 %, 142399 MiB, 143771 MiB
2026/08/13 20:37:39.703, NVIDIA H200, 52, 100 %, 54 %, 142399 MiB, 143771 MiB
2026/08/13 20:37:42.704, NVIDIA H200, 54, 100 %, 47 %, 142399 MiB, 143771 MiB
2026/08/13 20:37:45.704, NVIDIA H200, 55, 100 %, 54 %, 142399 MiB, 143771 MiB
2026/08/13 20:37:48.705, NVIDIA H200, 56, 100 %, 50 %, 142399 MiB, 143771 MiB
2026/08/13 20:37:51.706, NVIDIA H200, 58, 100 %, 55 %, 142399 MiB, 143771 MiB
2026/08/13 20:37:54.706, NVIDIA H200, 55, 100 %, 48 %, 142399 MiB, 143771 MiB
2026/08/13 20:37:57.707, NVIDIA H200, 58, 100 %, 23 %, 142399 MiB, 143771 MiB
2026/08/13 20:38:00.707, NVIDIA H200, 58, 100 %, 40 %, 142399 MiB, 143771 MiB
2026/08/13 20:38:03.708, NVIDIA H200, 61, 100 %, 37 %, 142399 MiB, 143771 MiB
2026/08/13 20:38:06.708, NVIDIA H200, 55, 100 %, 60 %, 142399 MiB, 143771 MiB
2026/08/13 20:38:09.709, NVIDIA H200, 57, 100 %, 48 %, 142399 MiB, 143771 MiB
2026/08/13 20:38:12.710, NVIDIA H200, 56, 98 %, 63 %, 142399 MiB, 143771 MiB
2026/08/13 20:38:15.710, NVIDIA H200, 55, 100 %, 57 %, 142399 MiB, 143771 MiB
2026/08/13 20:38:18.711, NVIDIA H200, 57, 100 %, 51 %, 142399 MiB, 143771 MiB
2026/08/13 20:38:21.711, NVIDIA H200, 60, 98 %, 42 %, 142399 MiB, 143771 MiB
2026/08/13 20:38:24.712, NVIDIA H200, 60, 100 %, 50 %, 142399 MiB, 143771 MiB
2026/08/13 20:38:27.712, NVIDIA H200, 57, 100 %, 56 %, 142399 MiB, 143771 MiB
2026/08/13 20:38:30.713, NVIDIA H200, 58, 100 %, 39 %, 142399 MiB, 143771 MiB
2026/08/13 20:38:33.713, NVIDIA H200, 55, 100 %, 53 %, 142399 MiB, 143771 MiB
2026/08/13 20:38:36.713, NVIDIA H200, 56, 100 %, 57 %, 142399 MiB, 143771 MiB
2026/08/13 20:38:39.714, NVIDIA H200, 58, 99 %, 54 %, 142399 MiB, 143771 MiB
2026/08/13 20:38:42.715, NVIDIA H200, 56, 100 %, 48 %, 142399 MiB, 143771 MiB
2026/08/13 20:38:45.715, NVIDIA H200, 58, 100 %, 21 %, 142399 MiB, 143771 MiB
2026/08/13 20:38:48.715, NVIDIA H200, 59, 98 %, 35 %, 142399 MiB, 143771 MiB
2026/08/13 20:38:51.716, NVIDIA H200, 62, 100 %, 38 %, 142399 MiB, 143771 MiB
2026/08/13 20:38:54.716, NVIDIA H200, 55, 100 %, 58 %, 142399 MiB, 143771 MiB
2026/08/13 20:38:57.717, NVIDIA H200, 56, 100 %, 47 %, 142399 MiB, 143771 MiB
2026/08/13 20:39:00.717, NVIDIA H200, 55, 97 %, 62 %, 142399 MiB, 143771 MiB
2026/08/13 20:39:03.717, NVIDIA H200, 31, 0 %, 0 %, 142399 MiB, 143771 MiB
2026/08/13 20:39:06.718, NVIDIA H200, 29, 0 %, 0 %, 142399 MiB, 143771 MiB
2026/08/13 20:39:09.718, NVIDIA H200, 32, 0 %, 0 %, 142399 MiB, 143771 MiB
2026/08/13 20:39:12.719, NVIDIA H200, 45, 64 %, 29 %, 142399 MiB, 143771 MiB
2026/08/13 20:39:15.719, NVIDIA H200, 29, 0 %, 0 %, 142399 MiB, 143771 MiB
2026/08/13 20:39:18.720, NVIDIA H200, 49, 100 %, 49 %, 142399 MiB, 143771 MiB
2026/08/13 20:39:21.720, NVIDIA H200, 41, 100 %, 41 %, 142399 MiB, 143771 MiB
2026/08/13 20:39:24.721, NVIDIA H200, 54, 100 %, 47 %, 142399 MiB, 143771 MiB
2026/08/13 20:39:27.721, NVIDIA H200, 49, 94 %, 47 %, 142399 MiB, 143771 MiB
2026/08/13 20:39:30.722, NVIDIA H200, 56, 100 %, 28 %, 142399 MiB, 143771 MiB
2026/08/13 20:39:33.722, NVIDIA H200, 56, 98 %, 34 %, 142399 MiB, 143771 MiB
2026/08/13 20:39:36.723, NVIDIA H200, 58, 100 %, 42 %, 142399 MiB, 143771 MiB
2026/08/13 20:39:39.723, NVIDIA H200, 57, 100 %, 57 %, 142399 MiB, 143771 MiB
2026/08/13 20:39:42.724, NVIDIA H200, 59, 100 %, 47 %, 142399 MiB, 143771 MiB
2026/08/13 20:39:45.724, NVIDIA H200, 55, 100 %, 52 %, 142399 MiB, 143771 MiB
2026/08/13 20:39:48.724, NVIDIA H200, 56, 100 %, 47 %, 142399 MiB, 143771 MiB
2026/08/13 20:39:51.725, NVIDIA H200, 58, 100 %, 39 %, 142399 MiB, 143771 MiB
2026/08/13 20:39:54.725, NVIDIA H200, 56, 100 %, 58 %, 142399 MiB, 143771 MiB
2026/08/13 20:39:57.726, NVIDIA H200, 58, 100 %, 42 %, 142399 MiB, 143771 MiB
2026/08/13 20:40:00.726, NVIDIA H200, 58, 100 %, 54 %, 142399 MiB, 143771 MiB
2026/08/13 20:40:03.727, NVIDIA H200, 61, 100 %, 54 %, 142399 MiB, 143771 MiB
2026/08/13 20:40:06.727, NVIDIA H200, 55, 99 %, 55 %, 142399 MiB, 143771 MiB
2026/08/13 20:40:09.728, NVIDIA H200, 56, 100 %, 48 %, 142399 MiB, 143771 MiB
2026/08/13 20:40:12.728, NVIDIA H200, 57, 100 %, 21 %, 142399 MiB, 143771 MiB
2026/08/13 20:40:15.728, NVIDIA H200, 51, 100 %, 41 %, 142399 MiB, 143771 MiB
2026/08/13 20:40:18.729, NVIDIA H200, 57, 100 %, 41 %, 142399 MiB, 143771 MiB
2026/08/13 20:40:21.729, NVIDIA H200, 59, 100 %, 59 %, 142399 MiB, 143771 MiB
2026/08/13 20:40:24.730, NVIDIA H200, 62, 100 %, 47 %, 142399 MiB, 143771 MiB
2026/08/13 20:40:27.731, NVIDIA H200, 57, 98 %, 73 %, 142399 MiB, 143771 MiB
2026/08/13 20:40:30.731, NVIDIA H200, 58, 100 %, 58 %, 142399 MiB, 143771 MiB
2026/08/13 20:40:33.731, NVIDIA H200, 55, 100 %, 47 %, 142399 MiB, 143771 MiB
2026/08/13 20:40:36.732, NVIDIA H200, 57, 99 %, 44 %, 142399 MiB, 143771 MiB
2026/08/13 20:40:39.732, NVIDIA H200, 57, 100 %, 60 %, 142399 MiB, 143771 MiB
2026/08/13 20:40:42.733, NVIDIA H200, 59, 100 %, 51 %, 142399 MiB, 143771 MiB
2026/08/13 20:40:45.733, NVIDIA H200, 38, 0 %, 0 %, 142399 MiB, 143771 MiB
2026/08/13 20:40:48.733, NVIDIA H200, 29, 0 %, 0 %, 142399 MiB, 143771 MiB
2026/08/13 20:40:51.734, NVIDIA H200, 28, 0 %, 0 %, 142399 MiB, 143771 MiB
2026/08/13 20:40:54.734, NVIDIA H200, 51, 100 %, 56 %, 142399 MiB, 143771 MiB
2026/08/13 20:40:57.735, NVIDIA H200, 30, 0 %, 0 %, 142399 MiB, 143771 MiB
2026/08/13 20:41:00.736, NVIDIA H200, 28, 0 %, 0 %, 142399 MiB, 143771 MiB
2026/08/13 20:41:03.736, NVIDIA H200, 27, 0 %, 0 %, 142399 MiB, 143771 MiB
2026/08/13 20:41:06.737, NVIDIA H200, 27, 0 %, 0 %, 142399 MiB, 143771 MiB
2026/08/13 20:41:09.737, NVIDIA H200, 27, 0 %, 0 %, 142399 MiB, 143771 MiB
2026/08/13 20:41:12.738, NVIDIA H200, 49, 99 %, 35 %, 142399 MiB, 143771 MiB
2026/08/13 20:41:15.738, NVIDIA H200, 55, 100 %, 62 %, 142399 MiB, 143771 MiB
2026/08/13 20:41:18.738, NVIDIA H200, 55, 99 %, 43 %, 142399 MiB, 143771 MiB
2026/08/13 20:41:21.739, NVIDIA H200, 56, 100 %, 62 %, 142399 MiB, 143771 MiB
2026/08/13 20:41:24.739, NVIDIA H200, 58, 100 %, 53 %, 142399 MiB, 143771 MiB
2026/08/13 20:41:27.740, NVIDIA H200, 60, 100 %, 48 %, 142399 MiB, 143771 MiB
2026/08/13 20:41:30.740, NVIDIA H200, 55, 99 %, 50 %, 142399 MiB, 143771 MiB
2026/08/13 20:41:33.741, NVIDIA H200, 55, 100 %, 52 %, 142399 MiB, 143771 MiB
2026/08/13 20:41:36.741, NVIDIA H200, 56, 100 %, 46 %, 142399 MiB, 143771 MiB
2026/08/13 20:41:39.741, NVIDIA H200, 53, 100 %, 45 %, 142399 MiB, 143771 MiB
2026/08/13 20:41:42.742, NVIDIA H200, 57, 100 %, 36 %, 142399 MiB, 143771 MiB
2026/08/13 20:41:45.742, NVIDIA H200, 60, 100 %, 57 %, 142399 MiB, 143771 MiB
2026/08/13 20:41:48.743, NVIDIA H200, 59, 100 %, 47 %, 142399 MiB, 143771 MiB
2026/08/13 20:41:51.743, NVIDIA H200, 58, 100 %, 50 %, 142399 MiB, 143771 MiB
2026/08/13 20:41:54.743, NVIDIA H200, 59, 100 %, 47 %, 142399 MiB, 143771 MiB
2026/08/13 20:41:57.744, NVIDIA H200, 57, 98 %, 57 %, 142399 MiB, 143771 MiB
2026/08/13 20:42:00.744, NVIDIA H200, 57, 100 %, 54 %, 142399 MiB, 143771 MiB
2026/08/13 20:42:03.745, NVIDIA H200, 58, 100 %, 41 %, 142399 MiB, 143771 MiB
2026/08/13 20:42:06.745, NVIDIA H200, 56, 99 %, 41 %, 142399 MiB, 143771 MiB
2026/08/13 20:42:09.745, NVIDIA H200, 58, 100 %, 60 %, 142399 MiB, 143771 MiB
2026/08/13 20:42:12.746, NVIDIA H200, 58, 100 %, 54 %, 142399 MiB, 143771 MiB
2026/08/13 20:42:15.747, NVIDIA H200, 60, 100 %, 47 %, 142399 MiB, 143771 MiB
2026/08/13 20:42:18.747, NVIDIA H200, 55, 98 %, 51 %, 142399 MiB, 143771 MiB
2026/08/13 20:42:21.747, NVIDIA H200, 56, 100 %, 50 %, 142399 MiB, 143771 MiB
2026/08/13 20:42:24.748, NVIDIA H200, 56, 100 %, 43 %, 142399 MiB, 143771 MiB
2026/08/13 20:42:27.748, NVIDIA H200, 52, 100 %, 46 %, 142399 MiB, 143771 MiB
2026/08/13 20:42:30.749, NVIDIA H200, 57, 100 %, 47 %, 142399 MiB, 143771 MiB
2026/08/13 20:42:33.749, NVIDIA H200, 60, 100 %, 58 %, 142399 MiB, 143771 MiB
2026/08/13 20:42:36.750, NVIDIA H200, 32, 0 %, 0 %, 142399 MiB, 143771 MiB
2026/08/13 20:42:39.750, NVIDIA H200, 29, 0 %, 0 %, 142399 MiB, 143771 MiB
2026/08/13 20:42:42.751, NVIDIA H200, 41, 60 %, 17 %, 142399 MiB, 143771 MiB
2026/08/13 20:42:45.751, NVIDIA H200, 43, 37 %, 21 %, 142399 MiB, 143771 MiB
2026/08/13 20:42:48.751, NVIDIA H200, 28, 0 %, 0 %, 142399 MiB, 143771 MiB
2026/08/13 20:42:51.752, NVIDIA H200, 27, 0 %, 0 %, 142399 MiB, 143771 MiB
2026/08/13 20:42:54.752, NVIDIA H200, 48, 100 %, 51 %, 142399 MiB, 143771 MiB
2026/08/13 20:42:57.752, NVIDIA H200, 42, 4 %, 1 %, 142399 MiB, 143771 MiB
2026/08/13 20:43:00.753, NVIDIA H200, 53, 98 %, 54 %, 142399 MiB, 143771 MiB
2026/08/13 20:43:03.753, NVIDIA H200, 55, 100 %, 48 %, 142399 MiB, 143771 MiB
2026/08/13 20:43:06.754, NVIDIA H200, 56, 100 %, 22 %, 142399 MiB, 143771 MiB
2026/08/13 20:43:09.754, NVIDIA H200, 57, 98 %, 35 %, 142399 MiB, 143771 MiB
2026/08/13 20:43:12.755, NVIDIA H200, 58, 100 %, 37 %, 142399 MiB, 143771 MiB
2026/08/13 20:43:15.755, NVIDIA H200, 57, 100 %, 57 %, 142399 MiB, 143771 MiB
2026/08/13 20:43:18.756, NVIDIA H200, 59, 100 %, 47 %, 142399 MiB, 143771 MiB
2026/08/13 20:43:21.756, NVIDIA H200, 55, 99 %, 66 %, 142399 MiB, 143771 MiB
2026/08/13 20:43:24.757, NVIDIA H200, 55, 100 %, 61 %, 142399 MiB, 143771 MiB
2026/08/13 20:43:27.757, NVIDIA H200, 58, 100 %, 48 %, 142399 MiB, 143771 MiB
2026/08/13 20:43:30.758, NVIDIA H200, 55, 98 %, 39 %, 142399 MiB, 143771 MiB
2026/08/13 20:43:33.758, NVIDIA H200, 58, 100 %, 63 %, 142399 MiB, 143771 MiB
2026/08/13 20:43:36.758, NVIDIA H200, 58, 100 %, 53 %, 142399 MiB, 143771 MiB
2026/08/13 20:43:39.759, NVIDIA H200, 61, 100 %, 50 %, 142399 MiB, 143771 MiB
2026/08/13 20:43:42.759, NVIDIA H200, 55, 99 %, 49 %, 142399 MiB, 143771 MiB
2026/08/13 20:43:45.760, NVIDIA H200, 56, 100 %, 52 %, 142399 MiB, 143771 MiB
2026/08/13 20:43:48.760, NVIDIA H200, 56, 100 %, 47 %, 142399 MiB, 143771 MiB
2026/08/13 20:43:51.761, NVIDIA H200, 52, 100 %, 47 %, 142399 MiB, 143771 MiB
2026/08/13 20:43:54.761, NVIDIA H200, 58, 100 %, 42 %, 142399 MiB, 143771 MiB
2026/08/13 20:43:57.762, NVIDIA H200, 60, 100 %, 58 %, 142399 MiB, 143771 MiB
2026/08/13 20:44:00.762, NVIDIA H200, 60, 100 %, 42 %, 142399 MiB, 143771 MiB
2026/08/13 20:44:03.763, NVIDIA H200, 58, 100 %, 53 %, 142399 MiB, 143771 MiB
2026/08/13 20:44:06.763, NVIDIA H200, 57, 100 %, 54 %, 142399 MiB, 143771 MiB
2026/08/13 20:44:09.763, NVIDIA H200, 55, 100 %, 53 %, 142399 MiB, 143771 MiB
2026/08/13 20:44:12.764, NVIDIA H200, 56, 100 %, 48 %, 142399 MiB, 143771 MiB
2026/08/13 20:44:15.764, NVIDIA H200, 57, 100 %, 65 %, 142399 MiB, 143771 MiB
2026/08/13 20:44:18.765, NVIDIA H200, 55, 100 %, 41 %, 142399 MiB, 143771 MiB
2026/08/13 20:44:21.765, NVIDIA H200, 30, 0 %, 0 %, 142399 MiB, 143771 MiB
2026/08/13 20:44:24.765, NVIDIA H200, 30, 0 %, 0 %, 142399 MiB, 143771 MiB
2026/08/13 20:44:27.766, NVIDIA H200, 45, 100 %, 44 %, 142399 MiB, 143771 MiB
2026/08/13 20:44:30.766, NVIDIA H200, 30, 0 %, 0 %, 142399 MiB, 143771 MiB
2026/08/13 20:44:33.767, NVIDIA H200, 43, 100 %, 56 %, 142399 MiB, 143771 MiB
2026/08/13 20:44:36.767, NVIDIA H200, 28, 0 %, 0 %, 142399 MiB, 143771 MiB
2026/08/13 20:44:39.768, NVIDIA H200, 53, 100 %, 61 %, 142399 MiB, 143771 MiB
2026/08/13 20:44:42.768, NVIDIA H200, 53, 100 %, 46 %, 142399 MiB, 143771 MiB
2026/08/13 20:44:45.769, NVIDIA H200, 55, 100 %, 50 %, 142399 MiB, 143771 MiB
2026/08/13 20:44:48.769, NVIDIA H200, 56, 100 %, 28 %, 142399 MiB, 143771 MiB
2026/08/13 20:44:51.770, NVIDIA H200, 52, 100 %, 48 %, 142399 MiB, 143771 MiB
2026/08/13 20:44:54.770, NVIDIA H200, 56, 100 %, 46 %, 142399 MiB, 143771 MiB
2026/08/13 20:44:57.770, NVIDIA H200, 58, 100 %, 56 %, 142399 MiB, 143771 MiB
2026/08/13 20:45:00.771, NVIDIA H200, 61, 100 %, 47 %, 142399 MiB, 143771 MiB
2026/08/13 20:45:03.771, NVIDIA H200, 56, 98 %, 74 %, 142399 MiB, 143771 MiB
2026/08/13 20:45:06.772, NVIDIA H200, 57, 100 %, 58 %, 142399 MiB, 143771 MiB
2026/08/13 20:45:09.772, NVIDIA H200, 55, 100 %, 49 %, 142399 MiB, 143771 MiB
2026/08/13 20:45:12.773, NVIDIA H200, 55, 98 %, 40 %, 142399 MiB, 143771 MiB
2026/08/13 20:45:15.773, NVIDIA H200, 57, 100 %, 55 %, 142399 MiB, 143771 MiB
2026/08/13 20:45:18.773, NVIDIA H200, 56, 100 %, 55 %, 142399 MiB, 143771 MiB
2026/08/13 20:45:21.774, NVIDIA H200, 57, 100 %, 53 %, 142399 MiB, 143771 MiB
2026/08/13 20:45:24.774, NVIDIA H200, 57, 100 %, 56 %, 142399 MiB, 143771 MiB
2026/08/13 20:45:27.775, NVIDIA H200, 60, 100 %, 49 %, 142399 MiB, 143771 MiB
2026/08/13 20:45:30.775, NVIDIA H200, 54, 100 %, 47 %, 142399 MiB, 143771 MiB
2026/08/13 20:45:33.776, NVIDIA H200, 56, 100 %, 49 %, 142399 MiB, 143771 MiB
2026/08/13 20:45:36.776, NVIDIA H200, 57, 100 %, 29 %, 142399 MiB, 143771 MiB
2026/08/13 20:45:39.777, NVIDIA H200, 52, 100 %, 42 %, 142399 MiB, 143771 MiB
2026/08/13 20:45:42.777, NVIDIA H200, 56, 100 %, 41 %, 142399 MiB, 143771 MiB
2026/08/13 20:45:45.778, NVIDIA H200, 57, 100 %, 60 %, 142399 MiB, 143771 MiB
2026/08/13 20:45:48.778, NVIDIA H200, 58, 100 %, 47 %, 142399 MiB, 143771 MiB
2026/08/13 20:45:51.778, NVIDIA H200, 55, 98 %, 72 %, 142399 MiB, 143771 MiB
2026/08/13 20:45:54.779, NVIDIA H200, 55, 100 %, 61 %, 142399 MiB, 143771 MiB
2026/08/13 20:45:57.779, NVIDIA H200, 58, 100 %, 48 %, 142399 MiB, 143771 MiB
2026/08/13 20:46:00.779, NVIDIA H200, 57, 99 %, 53 %, 142399 MiB, 143771 MiB
2026/08/13 20:46:03.780, NVIDIA H200, 30, 0 %, 0 %, 142399 MiB, 143771 MiB
2026/08/13 20:46:06.780, NVIDIA H200, 28, 0 %, 0 %, 142399 MiB, 143771 MiB
2026/08/13 20:46:09.781, NVIDIA H200, 28, 0 %, 0 %, 142399 MiB, 143771 MiB
2026/08/13 20:46:12.781, NVIDIA H200, 53, 100 %, 52 %, 142399 MiB, 143771 MiB
2026/08/13 20:46:15.782, NVIDIA H200, 28, 0 %, 0 %, 142399 MiB, 143771 MiB
2026/08/13 20:46:18.782, NVIDIA H200, 27, 0 %, 0 %, 142399 MiB, 143771 MiB
2026/08/13 20:46:21.783, NVIDIA H200, 51, 100 %, 51 %, 142399 MiB, 143771 MiB
2026/08/13 20:46:24.783, NVIDIA H200, 54, 100 %, 52 %, 142399 MiB, 143771 MiB
2026/08/13 20:46:27.783, NVIDIA H200, 58, 100 %, 47 %, 142399 MiB, 143771 MiB
2026/08/13 20:46:30.784, NVIDIA H200, 56, 100 %, 52 %, 142399 MiB, 143771 MiB
2026/08/13 20:46:33.784, NVIDIA H200, 57, 100 %, 54 %, 142399 MiB, 143771 MiB
2026/08/13 20:46:36.785, NVIDIA H200, 55, 98 %, 54 %, 142399 MiB, 143771 MiB
2026/08/13 20:46:39.785, NVIDIA H200, 56, 100 %, 48 %, 142399 MiB, 143771 MiB
2026/08/13 20:46:42.786, NVIDIA H200, 56, 98 %, 69 %, 142399 MiB, 143771 MiB
2026/08/13 20:46:45.786, NVIDIA H200, 52, 100 %, 60 %, 142399 MiB, 143771 MiB
2026/08/13 20:46:48.787, NVIDIA H200, 57, 100 %, 48 %, 142399 MiB, 143771 MiB
2026/08/13 20:46:51.787, NVIDIA H200, 59, 99 %, 40 %, 142399 MiB, 143771 MiB
2026/08/13 20:46:54.787, NVIDIA H200, 60, 100 %, 61 %, 142399 MiB, 143771 MiB
2026/08/13 20:46:57.788, NVIDIA H200, 58, 100 %, 58 %, 142399 MiB, 143771 MiB
2026/08/13 20:47:00.789, NVIDIA H200, 59, 100 %, 53 %, 142399 MiB, 143771 MiB
2026/08/13 20:47:03.789, NVIDIA H200, 56, 99 %, 53 %, 142399 MiB, 143771 MiB
2026/08/13 20:47:06.789, NVIDIA H200, 56, 100 %, 51 %, 142399 MiB, 143771 MiB
2026/08/13 20:47:09.790, NVIDIA H200, 56, 100 %, 49 %, 142399 MiB, 143771 MiB
2026/08/13 20:47:12.790, NVIDIA H200, 56, 100 %, 49 %, 142399 MiB, 143771 MiB
2026/08/13 20:47:15.791, NVIDIA H200, 57, 100 %, 34 %, 142399 MiB, 143771 MiB
2026/08/13 20:47:18.792, NVIDIA H200, 57, 100 %, 55 %, 142399 MiB, 143771 MiB
2026/08/13 20:47:21.792, NVIDIA H200, 60, 100 %, 46 %, 142399 MiB, 143771 MiB
2026/08/13 20:47:24.792, NVIDIA H200, 54, 100 %, 51 %, 142399 MiB, 143771 MiB
2026/08/13 20:47:27.793, NVIDIA H200, 56, 100 %, 43 %, 142399 MiB, 143771 MiB
2026/08/13 20:47:30.793, NVIDIA H200, 57, 99 %, 56 %, 142399 MiB, 143771 MiB
2026/08/13 20:47:33.793, NVIDIA H200, 53, 100 %, 53 %, 142399 MiB, 143771 MiB
2026/08/13 20:47:36.794, NVIDIA H200, 57, 100 %, 31 %, 142399 MiB, 143771 MiB
2026/08/13 20:47:39.794, NVIDIA H200, 58, 99 %, 33 %, 142399 MiB, 143771 MiB
2026/08/13 20:47:42.795, NVIDIA H200, 61, 100 %, 46 %, 142399 MiB, 143771 MiB
2026/08/13 20:47:45.795, NVIDIA H200, 33, 0 %, 0 %, 142399 MiB, 143771 MiB
2026/08/13 20:47:48.796, NVIDIA H200, 28, 0 %, 0 %, 142399 MiB, 143771 MiB
2026/08/13 20:47:51.796, NVIDIA H200, 31, 0 %, 0 %, 142399 MiB, 143771 MiB
2026/08/13 20:47:54.796, NVIDIA H200, 45, 0 %, 0 %, 142399 MiB, 143771 MiB
2026/08/13 20:47:57.797, NVIDIA H200, 28, 0 %, 0 %, 142399 MiB, 143771 MiB
2026/08/13 20:48:00.797, NVIDIA H200, 27, 0 %, 0 %, 142399 MiB, 143771 MiB
2026/08/13 20:48:03.798, NVIDIA H200, 44, 99 %, 69 %, 142399 MiB, 143771 MiB
2026/08/13 20:48:06.798, NVIDIA H200, 54, 100 %, 49 %, 142399 MiB, 143771 MiB
2026/08/13 20:48:09.799, NVIDIA H200, 53, 100 %, 61 %, 142399 MiB, 143771 MiB
2026/08/13 20:48:12.799, NVIDIA H200, 56, 100 %, 45 %, 142399 MiB, 143771 MiB
2026/08/13 20:48:15.800, NVIDIA H200, 54, 100 %, 51 %, 142399 MiB, 143771 MiB
2026/08/13 20:48:18.800, NVIDIA H200, 56, 100 %, 53 %, 142399 MiB, 143771 MiB
2026/08/13 20:48:21.800, NVIDIA H200, 57, 98 %, 55 %, 142399 MiB, 143771 MiB
2026/08/13 20:48:24.801, NVIDIA H200, 54, 100 %, 48 %, 142399 MiB, 143771 MiB
2026/08/13 20:48:27.801, NVIDIA H200, 57, 100 %, 24 %, 142399 MiB, 143771 MiB
2026/08/13 20:48:30.802, NVIDIA H200, 57, 99 %, 33 %, 142399 MiB, 143771 MiB
2026/08/13 20:48:33.802, NVIDIA H200, 60, 100 %, 45 %, 142399 MiB, 143771 MiB
2026/08/13 20:48:36.802, NVIDIA H200, 54, 100 %, 53 %, 142399 MiB, 143771 MiB
2026/08/13 20:48:39.803, NVIDIA H200, 56, 100 %, 45 %, 142399 MiB, 143771 MiB
2026/08/13 20:48:42.804, NVIDIA H200, 55, 98 %, 63 %, 142399 MiB, 143771 MiB
2026/08/13 20:48:45.804, NVIDIA H200, 56, 100 %, 55 %, 142399 MiB, 143771 MiB
2026/08/13 20:48:48.804, NVIDIA H200, 56, 100 %, 46 %, 142399 MiB, 143771 MiB
2026/08/13 20:48:51.805, NVIDIA H200, 59, 100 %, 50 %, 142399 MiB, 143771 MiB
2026/08/13 20:48:54.805, NVIDIA H200, 59, 100 %, 45 %, 142399 MiB, 143771 MiB
2026/08/13 20:48:57.806, NVIDIA H200, 56, 100 %, 55 %, 142399 MiB, 143771 MiB
2026/08/13 20:49:00.806, NVIDIA H200, 57, 100 %, 48 %, 142399 MiB, 143771 MiB
2026/08/13 20:49:03.807, NVIDIA H200, 54, 98 %, 73 %, 142399 MiB, 143771 MiB
2026/08/13 20:49:06.807, NVIDIA H200, 55, 100 %, 60 %, 142399 MiB, 143771 MiB
2026/08/13 20:49:09.807, NVIDIA H200, 57, 100 %, 49 %, 142399 MiB, 143771 MiB
2026/08/13 20:49:12.808, NVIDIA H200, 55, 99 %, 40 %, 142399 MiB, 143771 MiB
2026/08/13 20:49:15.808, NVIDIA H200, 58, 100 %, 56 %, 142399 MiB, 143771 MiB
2026/08/13 20:49:18.808, NVIDIA H200, 58, 100 %, 56 %, 142399 MiB, 143771 MiB
2026/08/13 20:49:21.809, NVIDIA H200, 61, 100 %, 53 %, 142399 MiB, 143771 MiB
2026/08/13 20:49:24.809, NVIDIA H200, 54, 99 %, 56 %, 142399 MiB, 143771 MiB
2026/08/13 20:49:27.810, NVIDIA H200, 56, 100 %, 52 %, 142399 MiB, 143771 MiB
2026/08/13 20:49:30.810, NVIDIA H200, 30, 0 %, 0 %, 142399 MiB, 143771 MiB
2026/08/13 20:49:33.811, NVIDIA H200, 28, 0 %, 0 %, 142399 MiB, 143771 MiB
2026/08/13 20:49:36.811, NVIDIA H200, 33, 4 %, 0 %, 142399 MiB, 143771 MiB
2026/08/13 20:49:39.811, NVIDIA H200, 33, 0 %, 0 %, 142399 MiB, 143771 MiB
2026/08/13 20:49:42.812, NVIDIA H200, 28, 0 %, 0 %, 142399 MiB, 143771 MiB
2026/08/13 20:49:45.812, NVIDIA H200, 27, 0 %, 0 %, 142399 MiB, 143771 MiB
2026/08/13 20:49:48.813, NVIDIA H200, 26, 0 %, 0 %, 142399 MiB, 143771 MiB
2026/08/13 20:49:51.813, NVIDIA H200, 47, 100 %, 52 %, 142399 MiB, 143771 MiB
2026/08/13 20:49:54.814, NVIDIA H200, 42, 100 %, 57 %, 142399 MiB, 143771 MiB
2026/08/13 20:49:57.814, NVIDIA H200, 53, 100 %, 62 %, 142399 MiB, 143771 MiB
2026/08/13 20:50:00.815, NVIDIA H200, 53, 99 %, 46 %, 142399 MiB, 143771 MiB
2026/08/13 20:50:03.815, NVIDIA H200, 56, 100 %, 51 %, 142399 MiB, 143771 MiB
2026/08/13 20:50:06.816, NVIDIA H200, 57, 98 %, 31 %, 142399 MiB, 143771 MiB
2026/08/13 20:50:09.816, NVIDIA H200, 59, 100 %, 53 %, 142399 MiB, 143771 MiB
2026/08/13 20:50:12.817, NVIDIA H200, 53, 100 %, 58 %, 142399 MiB, 143771 MiB
2026/08/13 20:50:15.817, NVIDIA H200, 55, 100 %, 54 %, 142399 MiB, 143771 MiB
2026/08/13 20:50:18.817, NVIDIA H200, 55, 100 %, 52 %, 142399 MiB, 143771 MiB
2026/08/13 20:50:21.818, NVIDIA H200, 54, 100 %, 50 %, 142399 MiB, 143771 MiB
2026/08/13 20:50:24.818, NVIDIA H200, 56, 100 %, 34 %, 142399 MiB, 143771 MiB
2026/08/13 20:50:27.819, NVIDIA H200, 58, 100 %, 56 %, 142399 MiB, 143771 MiB
2026/08/13 20:50:30.819, NVIDIA H200, 58, 100 %, 48 %, 142399 MiB, 143771 MiB
2026/08/13 20:50:33.819, NVIDIA H200, 58, 100 %, 50 %, 142399 MiB, 143771 MiB
2026/08/13 20:50:36.820, NVIDIA H200, 56, 100 %, 47 %, 142399 MiB, 143771 MiB
2026/08/13 20:50:39.820, NVIDIA H200, 57, 99 %, 54 %, 142399 MiB, 143771 MiB
2026/08/13 20:50:42.821, NVIDIA H200, 53, 100 %, 49 %, 142399 MiB, 143771 MiB
2026/08/13 20:50:45.821, NVIDIA H200, 57, 100 %, 27 %, 142399 MiB, 143771 MiB
2026/08/13 20:50:48.822, NVIDIA H200, 58, 98 %, 34 %, 142399 MiB, 143771 MiB
2026/08/13 20:50:51.822, NVIDIA H200, 60, 100 %, 46 %, 142399 MiB, 143771 MiB
2026/08/13 20:50:54.823, NVIDIA H200, 54, 100 %, 53 %, 142399 MiB, 143771 MiB
2026/08/13 20:50:57.823, NVIDIA H200, 56, 100 %, 45 %, 142399 MiB, 143771 MiB
2026/08/13 20:51:00.823, NVIDIA H200, 55, 98 %, 63 %, 142399 MiB, 143771 MiB
2026/08/13 20:51:03.824, NVIDIA H200, 54, 100 %, 58 %, 142399 MiB, 143771 MiB
2026/08/13 20:51:06.824, NVIDIA H200, 57, 100 %, 49 %, 142399 MiB, 143771 MiB
2026/08/13 20:51:09.825, NVIDIA H200, 59, 99 %, 44 %, 142399 MiB, 143771 MiB
2026/08/13 20:51:12.825, NVIDIA H200, 58, 100 %, 54 %, 142399 MiB, 143771 MiB
2026/08/13 20:51:15.826, NVIDIA H200, 58, 100 %, 56 %, 142399 MiB, 143771 MiB
2026/08/13 20:51:18.827, NVIDIA H200, 35, 0 %, 0 %, 142399 MiB, 143771 MiB
2026/08/13 20:51:21.827, NVIDIA H200, 28, 0 %, 0 %, 142399 MiB, 143771 MiB
2026/08/13 20:51:24.828, NVIDIA H200, 27, 0 %, 0 %, 142399 MiB, 143771 MiB
2026/08/13 20:51:27.828, NVIDIA H200, 36, 100 %, 61 %, 142399 MiB, 143771 MiB
2026/08/13 20:51:30.829, NVIDIA H200, 37, 0 %, 0 %, 142399 MiB, 143771 MiB
2026/08/13 20:51:33.829, NVIDIA H200, 28, 0 %, 0 %, 142399 MiB, 143771 MiB
2026/08/13 20:51:36.829, NVIDIA H200, 34, 0 %, 0 %, 142399 MiB, 143771 MiB
2026/08/13 20:51:39.830, NVIDIA H200, 52, 100 %, 58 %, 142399 MiB, 143771 MiB
2026/08/13 20:51:42.830, NVIDIA H200, 54, 100 %, 44 %, 142399 MiB, 143771 MiB
2026/08/13 20:51:45.831, NVIDIA H200, 54, 100 %, 53 %, 142399 MiB, 143771 MiB
2026/08/13 20:51:48.831, NVIDIA H200, 58, 100 %, 45 %, 142399 MiB, 143771 MiB
2026/08/13 20:51:51.832, NVIDIA H200, 53, 100 %, 55 %, 142399 MiB, 143771 MiB
2026/08/13 20:51:54.832, NVIDIA H200, 54, 100 %, 48 %, 142399 MiB, 143771 MiB
2026/08/13 20:51:57.833, NVIDIA H200, 55, 98 %, 72 %, 142399 MiB, 143771 MiB
2026/08/13 20:52:00.833, NVIDIA H200, 52, 100 %, 59 %, 142399 MiB, 143771 MiB
2026/08/13 20:52:03.834, NVIDIA H200, 57, 100 %, 46 %, 142399 MiB, 143771 MiB
2026/08/13 20:52:06.834, NVIDIA H200, 58, 98 %, 40 %, 142399 MiB, 143771 MiB
2026/08/13 20:52:09.835, NVIDIA H200, 59, 100 %, 50 %, 142399 MiB, 143771 MiB
2026/08/13 20:52:12.835, NVIDIA H200, 57, 100 %, 55 %, 142399 MiB, 143771 MiB
2026/08/13 20:52:15.836, NVIDIA H200, 57, 100 %, 44 %, 142399 MiB, 143771 MiB
2026/08/13 20:52:18.837, NVIDIA H200, 54, 100 %, 51 %, 142399 MiB, 143771 MiB
2026/08/13 20:52:21.837, NVIDIA H200, 56, 100 %, 54 %, 142399 MiB, 143771 MiB
2026/08/13 20:52:24.837, NVIDIA H200, 57, 100 %, 55 %, 142399 MiB, 143771 MiB
2026/08/13 20:52:27.838, NVIDIA H200, 55, 100 %, 48 %, 142399 MiB, 143771 MiB
2026/08/13 20:52:30.839, NVIDIA H200, 57, 100 %, 21 %, 142399 MiB, 143771 MiB
2026/08/13 20:52:33.839, NVIDIA H200, 57, 99 %, 35 %, 142399 MiB, 143771 MiB
2026/08/13 20:52:36.839, NVIDIA H200, 61, 100 %, 39 %, 142399 MiB, 143771 MiB
2026/08/13 20:52:39.840, NVIDIA H200, 54, 100 %, 55 %, 142399 MiB, 143771 MiB
2026/08/13 20:52:42.840, NVIDIA H200, 56, 100 %, 44 %, 142399 MiB, 143771 MiB
2026/08/13 20:52:45.841, NVIDIA H200, 55, 99 %, 64 %, 142399 MiB, 143771 MiB
2026/08/13 20:52:48.842, NVIDIA H200, 55, 100 %, 56 %, 142399 MiB, 143771 MiB
2026/08/13 20:52:51.842, NVIDIA H200, 57, 100 %, 48 %, 142399 MiB, 143771 MiB
2026/08/13 20:52:54.842, NVIDIA H200, 59, 99 %, 44 %, 142399 MiB, 143771 MiB
2026/08/13 20:52:57.843, NVIDIA H200, 59, 100 %, 51 %, 142399 MiB, 143771 MiB
2026/08/13 20:53:00.843, NVIDIA H200, 58, 100 %, 57 %, 142399 MiB, 143771 MiB
2026/08/13 20:53:03.844, NVIDIA H200, 31, 0 %, 0 %, 142399 MiB, 143771 MiB
2026/08/13 20:53:06.844, NVIDIA H200, 28, 0 %, 0 %, 142399 MiB, 143771 MiB
2026/08/13 20:53:09.844, NVIDIA H200, 45, 99 %, 52 %, 142399 MiB, 143771 MiB
2026/08/13 20:53:12.845, NVIDIA H200, 38, 2 %, 0 %, 142399 MiB, 143771 MiB
2026/08/13 20:53:15.845, NVIDIA H200, 28, 0 %, 0 %, 142399 MiB, 143771 MiB
2026/08/13 20:53:18.846, NVIDIA H200, 27, 0 %, 0 %, 142399 MiB, 143771 MiB
2026/08/13 20:53:21.846, NVIDIA H200, 42, 99 %, 63 %, 142399 MiB, 143771 MiB
2026/08/13 20:53:24.847, NVIDIA H200, 57, 100 %, 49 %, 142399 MiB, 143771 MiB
2026/08/13 20:53:27.847, NVIDIA H200, 56, 100 %, 42 %, 142399 MiB, 143771 MiB
2026/08/13 20:53:30.847, NVIDIA H200, 56, 100 %, 40 %, 142399 MiB, 143771 MiB
2026/08/13 20:53:33.848, NVIDIA H200, 58, 100 %, 56 %, 142399 MiB, 143771 MiB
2026/08/13 20:53:36.848, NVIDIA H200, 59, 100 %, 44 %, 142399 MiB, 143771 MiB
2026/08/13 20:53:39.848, NVIDIA H200, 57, 100 %, 50 %, 142399 MiB, 143771 MiB
2026/08/13 20:53:42.849, NVIDIA H200, 58, 100 %, 49 %, 142399 MiB, 143771 MiB
2026/08/13 20:53:45.850, NVIDIA H200, 56, 98 %, 53 %, 142399 MiB, 143771 MiB
2026/08/13 20:53:48.850, NVIDIA H200, 56, 100 %, 52 %, 142399 MiB, 143771 MiB
2026/08/13 20:53:51.850, NVIDIA H200, 57, 100 %, 35 %, 142399 MiB, 143771 MiB
2026/08/13 20:53:54.851, NVIDIA H200, 56, 99 %, 33 %, 142399 MiB, 143771 MiB
2026/08/13 20:53:57.851, NVIDIA H200, 57, 100 %, 50 %, 142399 MiB, 143771 MiB
2026/08/13 20:54:00.851, NVIDIA H200, 56, 100 %, 53 %, 142399 MiB, 143771 MiB
2026/08/13 20:54:03.852, NVIDIA H200, 59, 100 %, 48 %, 142399 MiB, 143771 MiB
2026/08/13 20:54:06.852, NVIDIA H200, 54, 98 %, 61 %, 142399 MiB, 143771 MiB
2026/08/13 20:54:09.853, NVIDIA H200, 55, 100 %, 56 %, 142399 MiB, 143771 MiB
2026/08/13 20:54:12.853, NVIDIA H200, 56, 100 %, 45 %, 142399 MiB, 143771 MiB
2026/08/13 20:54:15.854, NVIDIA H200, 52, 98 %, 45 %, 142399 MiB, 143771 MiB
2026/08/13 20:54:18.854, NVIDIA H200, 58, 100 %, 50 %, 142399 MiB, 143771 MiB
2026/08/13 20:54:21.854, NVIDIA H200, 55, 100 %, 55 %, 142399 MiB, 143771 MiB
2026/08/13 20:54:24.855, NVIDIA H200, 56, 100 %, 47 %, 142399 MiB, 143771 MiB
2026/08/13 20:54:27.855, NVIDIA H200, 57, 100 %, 55 %, 142399 MiB, 143771 MiB
2026/08/13 20:54:30.856, NVIDIA H200, 60, 100 %, 50 %, 142399 MiB, 143771 MiB
2026/08/13 20:54:33.856, NVIDIA H200, 54, 100 %, 46 %, 142399 MiB, 143771 MiB
2026/08/13 20:54:36.856, NVIDIA H200, 55, 100 %, 49 %, 142399 MiB, 143771 MiB
2026/08/13 20:54:39.857, NVIDIA H200, 57, 100 %, 32 %, 142399 MiB, 143771 MiB
2026/08/13 20:54:42.857, NVIDIA H200, 53, 100 %, 52 %, 142399 MiB, 143771 MiB
2026/08/13 20:54:45.858, NVIDIA H200, 59, 100 %, 46 %, 142399 MiB, 143771 MiB
2026/08/13 20:54:48.858, NVIDIA H200, 30, 0 %, 0 %, 142399 MiB, 143771 MiB
2026/08/13 20:54:51.859, NVIDIA H200, 39, 7 %, 0 %, 142399 MiB, 143771 MiB
2026/08/13 20:54:54.859, NVIDIA H200, 28, 0 %, 0 %, 142399 MiB, 143771 MiB
2026/08/13 20:54:57.859, NVIDIA H200, 36, 0 %, 0 %, 142399 MiB, 143771 MiB
2026/08/13 20:55:00.860, NVIDIA H200, 28, 0 %, 0 %, 142399 MiB, 143771 MiB
2026/08/13 20:55:03.860, NVIDIA H200, 42, 100 %, 56 %, 142399 MiB, 143771 MiB
2026/08/13 20:55:06.861, NVIDIA H200, 51, 100 %, 33 %, 142399 MiB, 143771 MiB
2026/08/13 20:55:09.861, NVIDIA H200, 43, 24 %, 9 %, 142399 MiB, 143771 MiB
2026/08/13 20:55:12.861, NVIDIA H200, 52, 98 %, 57 %, 142399 MiB, 143771 MiB
2026/08/13 20:55:15.862, NVIDIA H200, 54, 100 %, 60 %, 142399 MiB, 143771 MiB
2026/08/13 20:55:18.862, NVIDIA H200, 56, 100 %, 48 %, 142399 MiB, 143771 MiB
2026/08/13 20:55:21.863, NVIDIA H200, 53, 99 %, 40 %, 142399 MiB, 143771 MiB
2026/08/13 20:55:24.863, NVIDIA H200, 57, 100 %, 51 %, 142399 MiB, 143771 MiB
2026/08/13 20:55:27.864, NVIDIA H200, 57, 100 %, 56 %, 142399 MiB, 143771 MiB
2026/08/13 20:55:30.864, NVIDIA H200, 61, 100 %, 49 %, 142399 MiB, 143771 MiB
2026/08/13 20:55:33.864, NVIDIA H200, 55, 100 %, 54 %, 142399 MiB, 143771 MiB
2026/08/13 20:55:36.865, NVIDIA H200, 56, 100 %, 50 %, 142399 MiB, 143771 MiB
2026/08/13 20:55:39.865, NVIDIA H200, 54, 100 %, 54 %, 142399 MiB, 143771 MiB
2026/08/13 20:55:42.866, NVIDIA H200, 55, 100 %, 48 %, 142399 MiB, 143771 MiB
2026/08/13 20:55:45.866, NVIDIA H200, 56, 100 %, 22 %, 142399 MiB, 143771 MiB
2026/08/13 20:55:48.866, NVIDIA H200, 56, 99 %, 34 %, 142399 MiB, 143771 MiB
2026/08/13 20:55:51.867, NVIDIA H200, 56, 100 %, 46 %, 142399 MiB, 143771 MiB
2026/08/13 20:55:54.868, NVIDIA H200, 57, 100 %, 52 %, 142399 MiB, 143771 MiB
2026/08/13 20:55:57.868, NVIDIA H200, 60, 100 %, 45 %, 142399 MiB, 143771 MiB
2026/08/13 20:56:00.868, NVIDIA H200, 54, 98 %, 56 %, 142399 MiB, 143771 MiB
2026/08/13 20:56:03.869, NVIDIA H200, 55, 100 %, 47 %, 142399 MiB, 143771 MiB
2026/08/13 20:56:06.869, NVIDIA H200, 56, 100 %, 43 %, 142399 MiB, 143771 MiB
2026/08/13 20:56:09.870, NVIDIA H200, 52, 100 %, 46 %, 142399 MiB, 143771 MiB
2026/08/13 20:56:12.870, NVIDIA H200, 57, 100 %, 43 %, 142399 MiB, 143771 MiB
2026/08/13 20:56:15.870, NVIDIA H200, 59, 100 %, 58 %, 142399 MiB, 143771 MiB
2026/08/13 20:56:18.871, NVIDIA H200, 59, 100 %, 46 %, 142399 MiB, 143771 MiB
2026/08/13 20:56:21.871, NVIDIA H200, 58, 100 %, 51 %, 142399 MiB, 143771 MiB
2026/08/13 20:56:24.872, NVIDIA H200, 58, 100 %, 45 %, 142399 MiB, 143771 MiB
2026/08/13 20:56:27.872, NVIDIA H200, 56, 98 %, 61 %, 142399 MiB, 143771 MiB
2026/08/13 20:56:30.872, NVIDIA H200, 30, 0 %, 0 %, 142399 MiB, 143771 MiB
2026/08/13 20:56:33.873, NVIDIA H200, 45, 100 %, 50 %, 142399 MiB, 143771 MiB
2026/08/13 20:56:36.873, NVIDIA H200, 49, 100 %, 50 %, 142399 MiB, 143771 MiB
2026/08/13 20:56:39.874, NVIDIA H200, 32, 0 %, 0 %, 142399 MiB, 143771 MiB
2026/08/13 20:56:42.874, NVIDIA H200, 27, 0 %, 0 %, 142399 MiB, 143771 MiB
2026/08/13 20:56:45.875, NVIDIA H200, 27, 0 %, 0 %, 142399 MiB, 143771 MiB
2026/08/13 20:56:48.875, NVIDIA H200, 42, 35 %, 22 %, 142399 MiB, 143771 MiB
2026/08/13 20:56:51.876, NVIDIA H200, 52, 100 %, 48 %, 142399 MiB, 143771 MiB
2026/08/13 20:56:54.876, NVIDIA H200, 54, 100 %, 53 %, 142399 MiB, 143771 MiB
2026/08/13 20:56:57.877, NVIDIA H200, 54, 100 %, 49 %, 142399 MiB, 143771 MiB
2026/08/13 20:57:00.877, NVIDIA H200, 56, 100 %, 49 %, 142399 MiB, 143771 MiB
2026/08/13 20:57:03.877, NVIDIA H200, 56, 100 %, 30 %, 142399 MiB, 143771 MiB
2026/08/13 20:57:06.878, NVIDIA H200, 59, 100 %, 62 %, 142399 MiB, 143771 MiB
2026/08/13 20:57:09.878, NVIDIA H200, 59, 100 %, 46 %, 142399 MiB, 143771 MiB
2026/08/13 20:57:12.879, NVIDIA H200, 57, 100 %, 54 %, 142399 MiB, 143771 MiB
2026/08/13 20:57:15.879, NVIDIA H200, 58, 100 %, 45 %, 142399 MiB, 143771 MiB
2026/08/13 20:57:18.880, NVIDIA H200, 55, 98 %, 66 %, 142399 MiB, 143771 MiB
2026/08/13 20:57:21.880, NVIDIA H200, 56, 100 %, 58 %, 142399 MiB, 143771 MiB
2026/08/13 20:57:24.881, NVIDIA H200, 57, 100 %, 47 %, 142399 MiB, 143771 MiB
2026/08/13 20:57:27.881, NVIDIA H200, 55, 99 %, 45 %, 142399 MiB, 143771 MiB
2026/08/13 20:57:30.882, NVIDIA H200, 57, 100 %, 64 %, 142399 MiB, 143771 MiB
2026/08/13 20:57:33.882, NVIDIA H200, 57, 100 %, 51 %, 142399 MiB, 143771 MiB
2026/08/13 20:57:36.882, NVIDIA H200, 61, 100 %, 51 %, 142399 MiB, 143771 MiB
2026/08/13 20:57:39.883, NVIDIA H200, 55, 99 %, 54 %, 142399 MiB, 143771 MiB
2026/08/13 20:57:42.883, NVIDIA H200, 56, 100 %, 48 %, 142399 MiB, 143771 MiB
2026/08/13 20:57:45.884, NVIDIA H200, 56, 100 %, 22 %, 142399 MiB, 143771 MiB
2026/08/13 20:57:48.884, NVIDIA H200, 52, 99 %, 35 %, 142399 MiB, 143771 MiB
2026/08/13 20:57:51.884, NVIDIA H200, 57, 100 %, 39 %, 142399 MiB, 143771 MiB
2026/08/13 20:57:54.885, NVIDIA H200, 60, 100 %, 57 %, 142399 MiB, 143771 MiB
2026/08/13 20:57:57.885, NVIDIA H200, 59, 100 %, 47 %, 142399 MiB, 143771 MiB
2026/08/13 20:58:00.886, NVIDIA H200, 58, 98 %, 62 %, 142399 MiB, 143771 MiB
2026/08/13 20:58:03.886, NVIDIA H200, 59, 100 %, 58 %, 142399 MiB, 143771 MiB
2026/08/13 20:58:06.887, NVIDIA H200, 56, 100 %, 50 %, 142399 MiB, 143771 MiB
2026/08/13 20:58:09.887, NVIDIA H200, 56, 98 %, 40 %, 142399 MiB, 143771 MiB
2026/08/13 20:58:12.887, NVIDIA H200, 32, 0 %, 0 %, 142399 MiB, 143771 MiB
2026/08/13 20:58:15.888, NVIDIA H200, 36, 100 %, 57 %, 142399 MiB, 143771 MiB
2026/08/13 20:58:18.888, NVIDIA H200, 28, 0 %, 0 %, 142399 MiB, 143771 MiB
2026/08/13 20:58:21.889, NVIDIA H200, 53, 99 %, 47 %, 142399 MiB, 143771 MiB
2026/08/13 20:58:24.889, NVIDIA H200, 29, 0 %, 0 %, 142399 MiB, 143771 MiB
2026/08/13 20:58:27.889, NVIDIA H200, 27, 0 %, 0 %, 142399 MiB, 143771 MiB
2026/08/13 20:58:30.890, NVIDIA H200, 27, 0 %, 0 %, 142399 MiB, 143771 MiB
2026/08/13 20:58:33.891, NVIDIA H200, 26, 0 %, 0 %, 142399 MiB, 143771 MiB
2026/08/13 20:58:36.891, NVIDIA H200, 26, 0 %, 0 %, 142399 MiB, 143771 MiB
2026/08/13 20:58:39.891, NVIDIA H200, 54, 99 %, 60 %, 142399 MiB, 143771 MiB
2026/08/13 20:58:42.892, NVIDIA H200, 51, 100 %, 63 %, 142399 MiB, 143771 MiB
2026/08/13 20:58:45.892, NVIDIA H200, 50, 100 %, 55 %, 142399 MiB, 143771 MiB
2026/08/13 20:58:48.893, NVIDIA H200, 56, 100 %, 48 %, 142399 MiB, 143771 MiB
2026/08/13 20:58:51.893, NVIDIA H200, 57, 100 %, 51 %, 142399 MiB, 143771 MiB
2026/08/13 20:58:54.894, NVIDIA H200, 60, 100 %, 43 %, 142399 MiB, 143771 MiB
2026/08/13 20:58:57.894, NVIDIA H200, 54, 98 %, 63 %, 142399 MiB, 143771 MiB
2026/08/13 20:59:00.895, NVIDIA H200, 57, 100 %, 57 %, 142399 MiB, 143771 MiB
2026/08/13 20:59:03.895, NVIDIA H200, 54, 100 %, 47 %, 142399 MiB, 143771 MiB
2026/08/13 20:59:06.895, NVIDIA H200, 55, 99 %, 44 %, 142399 MiB, 143771 MiB
2026/08/13 20:59:09.896, NVIDIA H200, 56, 100 %, 64 %, 142399 MiB, 143771 MiB
2026/08/13 20:59:12.896, NVIDIA H200, 57, 100 %, 52 %, 142399 MiB, 143771 MiB
2026/08/13 20:59:15.897, NVIDIA H200, 58, 100 %, 54 %, 142399 MiB, 143771 MiB
2026/08/13 20:59:18.897, NVIDIA H200, 57, 99 %, 53 %, 142399 MiB, 143771 MiB
2026/08/13 20:59:21.898, NVIDIA H200, 56, 100 %, 52 %, 142399 MiB, 143771 MiB
2026/08/13 20:59:24.898, NVIDIA H200, 56, 100 %, 51 %, 142399 MiB, 143771 MiB
2026/08/13 20:59:27.899, NVIDIA H200, 55, 100 %, 50 %, 142399 MiB, 143771 MiB
2026/08/13 20:59:30.899, NVIDIA H200, 57, 100 %, 34 %, 142399 MiB, 143771 MiB
2026/08/13 20:59:33.900, NVIDIA H200, 59, 100 %, 49 %, 142399 MiB, 143771 MiB
2026/08/13 20:59:36.900, NVIDIA H200, 59, 100 %, 45 %, 142399 MiB, 143771 MiB
2026/08/13 20:59:39.901, NVIDIA H200, 57, 100 %, 55 %, 142399 MiB, 143771 MiB
2026/08/13 20:59:42.901, NVIDIA H200, 57, 100 %, 48 %, 142399 MiB, 143771 MiB
2026/08/13 20:59:45.901, NVIDIA H200, 55, 98 %, 72 %, 142399 MiB, 143771 MiB
2026/08/13 20:59:48.902, NVIDIA H200, 57, 100 %, 58 %, 142399 MiB, 143771 MiB
2026/08/13 20:59:51.902, NVIDIA H200, 58, 100 %, 48 %, 142399 MiB, 143771 MiB
2026/08/13 20:59:54.903, NVIDIA H200, 55, 99 %, 42 %, 142399 MiB, 143771 MiB
2026/08/13 20:59:57.903, NVIDIA H200, 58, 100 %, 63 %, 142399 MiB, 143771 MiB
2026/08/13 21:00:00.904, NVIDIA H200, 58, 100 %, 55 %, 142399 MiB, 143771 MiB
2026/08/13 21:00:03.904, NVIDIA H200, 31, 0 %, 0 %, 142399 MiB, 143771 MiB
2026/08/13 21:00:06.905, NVIDIA H200, 28, 0 %, 0 %, 142399 MiB, 143771 MiB
2026/08/13 21:00:09.905, NVIDIA H200, 30, 0 %, 0 %, 142399 MiB, 143771 MiB
2026/08/13 21:00:12.905, NVIDIA H200, 54, 100 %, 51 %, 142399 MiB, 143771 MiB
2026/08/13 21:00:15.906, NVIDIA H200, 28, 0 %, 0 %, 142399 MiB, 143771 MiB
2026/08/13 21:00:18.906, NVIDIA H200, 27, 0 %, 0 %, 142399 MiB, 143771 MiB
2026/08/13 21:00:21.907, NVIDIA H200, 49, 100 %, 57 %, 142399 MiB, 143771 MiB
2026/08/13 21:00:24.907, NVIDIA H200, 59, 100 %, 53 %, 142399 MiB, 143771 MiB
2026/08/13 21:00:27.908, NVIDIA H200, 56, 100 %, 52 %, 142399 MiB, 143771 MiB
2026/08/13 21:00:30.908, NVIDIA H200, 55, 100 %, 49 %, 142399 MiB, 143771 MiB
2026/08/13 21:00:33.909, NVIDIA H200, 58, 100 %, 55 %, 142399 MiB, 143771 MiB
2026/08/13 21:00:36.909, NVIDIA H200, 61, 100 %, 41 %, 142399 MiB, 143771 MiB
2026/08/13 21:00:39.910, NVIDIA H200, 56, 100 %, 53 %, 142399 MiB, 143771 MiB
2026/08/13 21:00:42.910, NVIDIA H200, 57, 100 %, 51 %, 142399 MiB, 143771 MiB
2026/08/13 21:00:45.910, NVIDIA H200, 55, 100 %, 49 %, 142399 MiB, 143771 MiB
2026/08/13 21:00:48.911, NVIDIA H200, 56, 100 %, 50 %, 142399 MiB, 143771 MiB
2026/08/13 21:00:51.911, NVIDIA H200, 57, 100 %, 22 %, 142399 MiB, 143771 MiB
2026/08/13 21:00:54.912, NVIDIA H200, 58, 100 %, 41 %, 142399 MiB, 143771 MiB
2026/08/13 21:00:57.912, NVIDIA H200, 59, 100 %, 41 %, 142399 MiB, 143771 MiB
2026/08/13 21:01:00.913, NVIDIA H200, 57, 100 %, 58 %, 142399 MiB, 143771 MiB
2026/08/13 21:01:03.913, NVIDIA H200, 58, 100 %, 48 %, 142399 MiB, 143771 MiB
2026/08/13 21:01:06.914, NVIDIA H200, 55, 98 %, 67 %, 142399 MiB, 143771 MiB
2026/08/13 21:01:09.914, NVIDIA H200, 57, 100 %, 57 %, 142399 MiB, 143771 MiB
2026/08/13 21:01:12.914, NVIDIA H200, 58, 100 %, 47 %, 142399 MiB, 143771 MiB
2026/08/13 21:01:15.915, NVIDIA H200, 57, 99 %, 48 %, 142399 MiB, 143771 MiB
2026/08/13 21:01:18.915, NVIDIA H200, 58, 100 %, 60 %, 142399 MiB, 143771 MiB
2026/08/13 21:01:21.916, NVIDIA H200, 57, 100 %, 53 %, 142399 MiB, 143771 MiB
2026/08/13 21:01:24.916, NVIDIA H200, 60, 100 %, 47 %, 142399 MiB, 143771 MiB
2026/08/13 21:01:27.917, NVIDIA H200, 55, 98 %, 52 %, 142399 MiB, 143771 MiB
2026/08/13 21:01:30.917, NVIDIA H200, 56, 100 %, 47 %, 142399 MiB, 143771 MiB
2026/08/13 21:01:33.918, NVIDIA H200, 57, 100 %, 44 %, 142399 MiB, 143771 MiB
2026/08/13 21:01:36.918, NVIDIA H200, 53, 99 %, 47 %, 142399 MiB, 143771 MiB
2026/08/13 21:01:39.918, NVIDIA H200, 58, 100 %, 50 %, 142399 MiB, 143771 MiB
2026/08/13 21:01:42.919, NVIDIA H200, 59, 100 %, 57 %, 142399 MiB, 143771 MiB
2026/08/13 21:01:45.919, NVIDIA H200, 37, 0 %, 0 %, 142399 MiB, 143771 MiB
2026/08/13 21:01:48.920, NVIDIA H200, 29, 0 %, 0 %, 142399 MiB, 143771 MiB
2026/08/13 21:01:51.920, NVIDIA H200, 32, 0 %, 0 %, 142399 MiB, 143771 MiB
2026/08/13 21:01:54.921, NVIDIA H200, 52, 100 %, 54 %, 142399 MiB, 143771 MiB
2026/08/13 21:01:57.921, NVIDIA H200, 29, 0 %, 0 %, 142399 MiB, 143771 MiB
2026/08/13 21:02:00.922, NVIDIA H200, 27, 0 %, 0 %, 142399 MiB, 143771 MiB
2026/08/13 21:02:03.922, NVIDIA H200, 27, 0 %, 0 %, 142399 MiB, 143771 MiB
2026/08/13 21:02:06.923, NVIDIA H200, 53, 100 %, 27 %, 142399 MiB, 143771 MiB
2026/08/13 21:02:09.923, NVIDIA H200, 50, 100 %, 46 %, 142399 MiB, 143771 MiB
2026/08/13 21:02:12.924, NVIDIA H200, 54, 100 %, 50 %, 142399 MiB, 143771 MiB
2026/08/13 21:02:15.924, NVIDIA H200, 55, 100 %, 43 %, 142399 MiB, 143771 MiB
2026/08/13 21:02:18.925, NVIDIA H200, 57, 98 %, 62 %, 142399 MiB, 143771 MiB
2026/08/13 21:02:21.925, NVIDIA H200, 52, 100 %, 56 %, 142399 MiB, 143771 MiB
2026/08/13 21:02:24.926, NVIDIA H200, 56, 100 %, 46 %, 142399 MiB, 143771 MiB
2026/08/13 21:02:27.927, NVIDIA H200, 59, 99 %, 44 %, 142399 MiB, 143771 MiB
2026/08/13 21:02:30.927, NVIDIA H200, 61, 100 %, 45 %, 142399 MiB, 143771 MiB
2026/08/13 21:02:33.927, NVIDIA H200, 56, 100 %, 51 %, 142399 MiB, 143771 MiB
2026/08/13 21:02:36.928, NVIDIA H200, 57, 100 %, 54 %, 142399 MiB, 143771 MiB
2026/08/13 21:02:39.928, NVIDIA H200, 55, 99 %, 54 %, 142399 MiB, 143771 MiB
2026/08/13 21:02:42.929, NVIDIA H200, 56, 100 %, 48 %, 142399 MiB, 143771 MiB
2026/08/13 21:02:45.929, NVIDIA H200, 57, 100 %, 22 %, 142399 MiB, 143771 MiB
2026/08/13 21:02:48.930, NVIDIA H200, 57, 99 %, 35 %, 142399 MiB, 143771 MiB
2026/08/13 21:02:51.930, NVIDIA H200, 58, 100 %, 42 %, 142399 MiB, 143771 MiB
2026/08/13 21:02:54.931, NVIDIA H200, 58, 100 %, 56 %, 142399 MiB, 143771 MiB
2026/08/13 21:02:57.931, NVIDIA H200, 59, 100 %, 45 %, 142399 MiB, 143771 MiB
2026/08/13 21:03:00.932, NVIDIA H200, 55, 98 %, 63 %, 142399 MiB, 143771 MiB
2026/08/13 21:03:03.932, NVIDIA H200, 56, 100 %, 56 %, 142399 MiB, 143771 MiB
2026/08/13 21:03:06.933, NVIDIA H200, 57, 100 %, 47 %, 142399 MiB, 143771 MiB
2026/08/13 21:03:09.933, NVIDIA H200, 53, 99 %, 45 %, 142399 MiB, 143771 MiB
2026/08/13 21:03:12.934, NVIDIA H200, 58, 100 %, 51 %, 142399 MiB, 143771 MiB
2026/08/13 21:03:15.934, NVIDIA H200, 59, 100 %, 58 %, 142399 MiB, 143771 MiB
2026/08/13 21:03:18.934, NVIDIA H200, 61, 100 %, 45 %, 142399 MiB, 143771 MiB
2026/08/13 21:03:21.935, NVIDIA H200, 57, 100 %, 50 %, 142399 MiB, 143771 MiB
2026/08/13 21:03:24.936, NVIDIA H200, 58, 100 %, 55 %, 142399 MiB, 143771 MiB
2026/08/13 21:03:27.936, NVIDIA H200, 56, 100 %, 54 %, 142399 MiB, 143771 MiB
2026/08/13 21:03:30.936, NVIDIA H200, 31, 0 %, 0 %, 142399 MiB, 143771 MiB
2026/08/13 21:03:33.937, NVIDIA H200, 28, 0 %, 0 %, 142399 MiB, 143771 MiB
2026/08/13 21:03:36.937, NVIDIA H200, 45, 100 %, 54 %, 142399 MiB, 143771 MiB
2026/08/13 21:03:39.938, NVIDIA H200, 35, 0 %, 0 %, 142399 MiB, 143771 MiB
2026/08/13 21:03:42.938, NVIDIA H200, 28, 0 %, 0 %, 142399 MiB, 143771 MiB
2026/08/13 21:03:45.939, NVIDIA H200, 31, 0 %, 0 %, 142399 MiB, 143771 MiB
2026/08/13 21:03:48.939, NVIDIA H200, 45, 100 %, 53 %, 142399 MiB, 143771 MiB
2026/08/13 21:03:51.940, NVIDIA H200, 54, 100 %, 48 %, 142399 MiB, 143771 MiB
2026/08/13 21:03:54.940, NVIDIA H200, 56, 100 %, 58 %, 142399 MiB, 143771 MiB
2026/08/13 21:03:57.941, NVIDIA H200, 54, 98 %, 62 %, 142399 MiB, 143771 MiB
2026/08/13 21:04:00.941, NVIDIA H200, 57, 100 %, 56 %, 142399 MiB, 143771 MiB
2026/08/13 21:04:03.941, NVIDIA H200, 58, 100 %, 42 %, 142399 MiB, 143771 MiB
2026/08/13 21:04:06.942, NVIDIA H200, 56, 98 %, 37 %, 142399 MiB, 143771 MiB
2026/08/13 21:04:09.943, NVIDIA H200, 60, 100 %, 59 %, 142399 MiB, 143771 MiB
2026/08/13 21:04:12.943, NVIDIA H200, 56, 100 %, 53 %, 142399 MiB, 143771 MiB
2026/08/13 21:04:15.943, NVIDIA H200, 57, 100 %, 49 %, 142399 MiB, 143771 MiB
2026/08/13 21:04:18.944, NVIDIA H200, 55, 99 %, 50 %, 142399 MiB, 143771 MiB
2026/08/13 21:04:21.944, NVIDIA H200, 56, 100 %, 51 %, 142399 MiB, 143771 MiB
2026/08/13 21:04:24.945, NVIDIA H200, 57, 100 %, 41 %, 142399 MiB, 143771 MiB
2026/08/13 21:04:27.945, NVIDIA H200, 57, 100 %, 50 %, 142399 MiB, 143771 MiB
2026/08/13 21:04:30.946, NVIDIA H200, 57, 100 %, 33 %, 142399 MiB, 143771 MiB
2026/08/13 21:04:33.946, NVIDIA H200, 57, 100 %, 49 %, 142399 MiB, 143771 MiB
2026/08/13 21:04:36.947, NVIDIA H200, 61, 100 %, 44 %, 142399 MiB, 143771 MiB
2026/08/13 21:04:39.947, NVIDIA H200, 55, 100 %, 58 %, 142399 MiB, 143771 MiB
2026/08/13 21:04:42.948, NVIDIA H200, 56, 100 %, 47 %, 142399 MiB, 143771 MiB
2026/08/13 21:04:45.948, NVIDIA H200, 56, 98 %, 74 %, 142399 MiB, 143771 MiB
2026/08/13 21:04:48.949, NVIDIA H200, 52, 100 %, 60 %, 142399 MiB, 143771 MiB
2026/08/13 21:04:51.949, NVIDIA H200, 57, 100 %, 47 %, 142399 MiB, 143771 MiB
2026/08/13 21:04:54.950, NVIDIA H200, 59, 99 %, 40 %, 142399 MiB, 143771 MiB
2026/08/13 21:04:57.950, NVIDIA H200, 60, 100 %, 50 %, 142399 MiB, 143771 MiB
2026/08/13 21:05:00.950, NVIDIA H200, 58, 100 %, 56 %, 142399 MiB, 143771 MiB
2026/08/13 21:05:03.951, NVIDIA H200, 58, 100 %, 43 %, 142399 MiB, 143771 MiB
2026/08/13 21:05:06.951, NVIDIA H200, 55, 100 %, 51 %, 142399 MiB, 143771 MiB
2026/08/13 21:05:09.952, NVIDIA H200, 57, 100 %, 54 %, 142399 MiB, 143771 MiB
2026/08/13 21:05:12.955, NVIDIA H200, 32, 0 %, 0 %, 142399 MiB, 143771 MiB
2026/08/13 21:05:15.956, NVIDIA H200, 29, 0 %, 0 %, 142399 MiB, 143771 MiB
2026/08/13 21:05:18.956, NVIDIA H200, 42, 0 %, 0 %, 142399 MiB, 143771 MiB
2026/08/13 21:05:21.957, NVIDIA H200, 50, 100 %, 51 %, 142399 MiB, 143771 MiB
2026/08/13 21:05:24.957, NVIDIA H200, 28, 0 %, 0 %, 142399 MiB, 143771 MiB
2026/08/13 21:05:27.958, NVIDIA H200, 27, 0 %, 0 %, 142399 MiB, 143771 MiB
2026/08/13 21:05:30.958, NVIDIA H200, 43, 0 %, 0 %, 142399 MiB, 143771 MiB
2026/08/13 21:05:33.959, NVIDIA H200, 55, 100 %, 47 %, 142399 MiB, 143771 MiB
2026/08/13 21:05:36.959, NVIDIA H200, 54, 100 %, 48 %, 142399 MiB, 143771 MiB
2026/08/13 21:05:39.959, NVIDIA H200, 54, 99 %, 50 %, 142399 MiB, 143771 MiB
2026/08/13 21:05:42.960, NVIDIA H200, 56, 100 %, 51 %, 142399 MiB, 143771 MiB
2026/08/13 21:05:45.961, NVIDIA H200, 57, 100 %, 50 %, 142399 MiB, 143771 MiB
2026/08/13 21:05:48.961, NVIDIA H200, 56, 100 %, 49 %, 142399 MiB, 143771 MiB
2026/08/13 21:05:51.961, NVIDIA H200, 58, 100 %, 25 %, 142399 MiB, 143771 MiB
2026/08/13 21:05:54.962, NVIDIA H200, 57, 100 %, 41 %, 142399 MiB, 143771 MiB
2026/08/13 21:05:57.962, NVIDIA H200, 61, 100 %, 36 %, 142399 MiB, 143771 MiB
2026/08/13 21:06:00.963, NVIDIA H200, 55, 100 %, 53 %, 142399 MiB, 143771 MiB
2026/08/13 21:06:03.963, NVIDIA H200, 57, 100 %, 45 %, 142399 MiB, 143771 MiB
2026/08/13 21:06:06.964, NVIDIA H200, 55, 98 %, 49 %, 142399 MiB, 143771 MiB
2026/08/13 21:06:09.964, NVIDIA H200, 56, 100 %, 50 %, 142399 MiB, 143771 MiB
2026/08/13 21:06:12.965, NVIDIA H200, 57, 100 %, 50 %, 142399 MiB, 143771 MiB
2026/08/13 21:06:15.965, NVIDIA H200, 57, 100 %, 50 %, 142399 MiB, 143771 MiB
2026/08/13 21:06:18.966, NVIDIA H200, 58, 100 %, 32 %, 142399 MiB, 143771 MiB
2026/08/13 21:06:21.966, NVIDIA H200, 57, 100 %, 41 %, 142399 MiB, 143771 MiB
2026/08/13 21:06:24.967, NVIDIA H200, 61, 100 %, 36 %, 142399 MiB, 143771 MiB
2026/08/13 21:06:27.967, NVIDIA H200, 55, 100 %, 54 %, 142399 MiB, 143771 MiB
2026/08/13 21:06:30.968, NVIDIA H200, 57, 100 %, 45 %, 142399 MiB, 143771 MiB
2026/08/13 21:06:33.968, NVIDIA H200, 55, 98 %, 52 %, 142399 MiB, 143771 MiB
2026/08/13 21:06:36.969, NVIDIA H200, 56, 100 %, 52 %, 142399 MiB, 143771 MiB
2026/08/13 21:06:39.969, NVIDIA H200, 57, 100 %, 51 %, 142399 MiB, 143771 MiB
2026/08/13 21:06:42.970, NVIDIA H200, 56, 100 %, 49 %, 142399 MiB, 143771 MiB
2026/08/13 21:06:45.970, NVIDIA H200, 58, 100 %, 24 %, 142399 MiB, 143771 MiB
2026/08/13 21:06:48.971, NVIDIA H200, 57, 99 %, 40 %, 142399 MiB, 143771 MiB
2026/08/13 21:06:51.971, NVIDIA H200, 61, 100 %, 37 %, 142399 MiB, 143771 MiB
2026/08/13 21:06:54.972, NVIDIA H200, 50, 100 %, 43 %, 142399 MiB, 143771 MiB
2026/08/13 21:06:57.972, NVIDIA H200, 30, 0 %, 0 %, 142399 MiB, 143771 MiB
2026/08/13 21:07:00.973, NVIDIA H200, 49, 99 %, 42 %, 142399 MiB, 143771 MiB
2026/08/13 21:07:03.973, NVIDIA H200, 47, 100 %, 62 %, 142399 MiB, 143771 MiB
2026/08/13 21:07:06.974, NVIDIA H200, 29, 0 %, 0 %, 142399 MiB, 143771 MiB
2026/08/13 21:07:09.974, NVIDIA H200, 28, 0 %, 0 %, 142399 MiB, 143771 MiB
2026/08/13 21:07:12.975, NVIDIA H200, 27, 0 %, 0 %, 142399 MiB, 143771 MiB
2026/08/13 21:07:15.975, NVIDIA H200, 27, 0 %, 0 %, 142399 MiB, 143771 MiB
2026/08/13 21:07:18.976, NVIDIA H200, 47, 100 %, 40 %, 142399 MiB, 143771 MiB
2026/08/13 21:07:21.976, NVIDIA H200, 53, 100 %, 52 %, 142399 MiB, 143771 MiB
2026/08/13 21:07:24.977, NVIDIA H200, 52, 100 %, 49 %, 142399 MiB, 143771 MiB
2026/08/13 21:07:27.977, NVIDIA H200, 59, 100 %, 45 %, 142399 MiB, 143771 MiB
2026/08/13 21:07:30.977, NVIDIA H200, 54, 98 %, 55 %, 142399 MiB, 143771 MiB
2026/08/13 21:07:33.978, NVIDIA H200, 55, 100 %, 47 %, 142399 MiB, 143771 MiB
2026/08/13 21:07:36.978, NVIDIA H200, 56, 100 %, 45 %, 142399 MiB, 143771 MiB
2026/08/13 21:07:39.978, NVIDIA H200, 51, 98 %, 47 %, 142399 MiB, 143771 MiB
2026/08/13 21:07:42.979, NVIDIA H200, 56, 100 %, 47 %, 142399 MiB, 143771 MiB
2026/08/13 21:07:45.979, NVIDIA H200, 59, 100 %, 55 %, 142399 MiB, 143771 MiB
2026/08/13 21:07:48.980, NVIDIA H200, 61, 100 %, 39 %, 142399 MiB, 143771 MiB
2026/08/13 21:07:51.980, NVIDIA H200, 56, 100 %, 52 %, 142399 MiB, 143771 MiB
2026/08/13 21:07:54.981, NVIDIA H200, 57, 100 %, 53 %, 142399 MiB, 143771 MiB
2026/08/13 21:07:57.981, NVIDIA H200, 55, 100 %, 51 %, 142399 MiB, 143771 MiB
2026/08/13 21:08:00.982, NVIDIA H200, 55, 100 %, 50 %, 142399 MiB, 143771 MiB
2026/08/13 21:08:03.982, NVIDIA H200, 56, 100 %, 22 %, 142399 MiB, 143771 MiB
2026/08/13 21:08:06.982, NVIDIA H200, 58, 100 %, 41 %, 142399 MiB, 143771 MiB
2026/08/13 21:08:09.983, NVIDIA H200, 57, 100 %, 39 %, 142399 MiB, 143771 MiB
2026/08/13 21:08:12.983, NVIDIA H200, 57, 100 %, 61 %, 142399 MiB, 143771 MiB
2026/08/13 21:08:15.984, NVIDIA H200, 58, 100 %, 42 %, 142399 MiB, 143771 MiB
2026/08/13 21:08:18.984, NVIDIA H200, 55, 98 %, 71 %, 142399 MiB, 143771 MiB
2026/08/13 21:08:21.984, NVIDIA H200, 56, 100 %, 61 %, 142399 MiB, 143771 MiB
2026/08/13 21:08:24.985, NVIDIA H200, 58, 100 %, 48 %, 142399 MiB, 143771 MiB
2026/08/13 21:08:27.985, NVIDIA H200, 56, 99 %, 41 %, 142399 MiB, 143771 MiB
2026/08/13 21:08:30.985, NVIDIA H200, 58, 100 %, 63 %, 142399 MiB, 143771 MiB
2026/08/13 21:08:33.986, NVIDIA H200, 57, 100 %, 52 %, 142399 MiB, 143771 MiB
2026/08/13 21:08:36.986, NVIDIA H200, 60, 100 %, 47 %, 142399 MiB, 143771 MiB
2026/08/13 21:08:39.987, NVIDIA H200, 55, 98 %, 54 %, 142399 MiB, 143771 MiB
2026/08/13 21:08:42.987, NVIDIA H200, 56, 100 %, 49 %, 142399 MiB, 143771 MiB
2026/08/13 21:08:45.988, NVIDIA H200, 30, 0 %, 0 %, 142399 MiB, 143771 MiB
2026/08/13 21:08:48.988, NVIDIA H200, 28, 0 %, 0 %, 142399 MiB, 143771 MiB
2026/08/13 21:08:51.989, NVIDIA H200, 46, 100 %, 61 %, 142399 MiB, 143771 MiB
2026/08/13 21:08:54.989, NVIDIA H200, 31, 0 %, 0 %, 142399 MiB, 143771 MiB
2026/08/13 21:08:57.990, NVIDIA H200, 28, 0 %, 0 %, 142399 MiB, 143771 MiB
2026/08/13 21:09:00.990, NVIDIA H200, 46, 98 %, 66 %, 142399 MiB, 143771 MiB
2026/08/13 21:09:03.991, NVIDIA H200, 49, 100 %, 57 %, 142399 MiB, 143771 MiB
2026/08/13 21:09:06.991, NVIDIA H200, 46, 100 %, 51 %, 142399 MiB, 143771 MiB
2026/08/13 21:09:09.992, NVIDIA H200, 56, 100 %, 46 %, 142399 MiB, 143771 MiB
2026/08/13 21:09:12.992, NVIDIA H200, 54, 100 %, 54 %, 142399 MiB, 143771 MiB
2026/08/13 21:09:15.992, NVIDIA H200, 57, 100 %, 47 %, 142399 MiB, 143771 MiB
2026/08/13 21:09:18.993, NVIDIA H200, 56, 98 %, 63 %, 142399 MiB, 143771 MiB
2026/08/13 21:09:21.993, NVIDIA H200, 56, 100 %, 56 %, 142399 MiB, 143771 MiB
2026/08/13 21:09:24.994, NVIDIA H200, 57, 100 %, 46 %, 142399 MiB, 143771 MiB
2026/08/13 21:09:27.994, NVIDIA H200, 59, 98 %, 46 %, 142399 MiB, 143771 MiB
2026/08/13 21:09:30.995, NVIDIA H200, 59, 100 %, 50 %, 142399 MiB, 143771 MiB
2026/08/13 21:09:33.995, NVIDIA H200, 57, 100 %, 55 %, 142399 MiB, 143771 MiB
2026/08/13 21:09:36.995, NVIDIA H200, 58, 100 %, 39 %, 142399 MiB, 143771 MiB
2026/08/13 21:09:39.996, NVIDIA H200, 55, 100 %, 53 %, 142399 MiB, 143771 MiB
2026/08/13 21:09:42.996, NVIDIA H200, 55, 100 %, 54 %, 142399 MiB, 143771 MiB
2026/08/13 21:09:45.997, NVIDIA H200, 58, 99 %, 53 %, 142399 MiB, 143771 MiB
2026/08/13 21:09:48.997, NVIDIA H200, 56, 100 %, 48 %, 142399 MiB, 143771 MiB
2026/08/13 21:09:51.998, NVIDIA H200, 58, 100 %, 22 %, 142399 MiB, 143771 MiB
2026/08/13 21:09:54.998, NVIDIA H200, 58, 99 %, 34 %, 142399 MiB, 143771 MiB
2026/08/13 21:09:57.999, NVIDIA H200, 61, 100 %, 45 %, 142399 MiB, 143771 MiB
2026/08/13 21:10:00.999, NVIDIA H200, 55, 100 %, 53 %, 142399 MiB, 143771 MiB
2026/08/13 21:10:03.999, NVIDIA H200, 57, 100 %, 44 %, 142399 MiB, 143771 MiB
2026/08/13 21:10:07.000, NVIDIA H200, 56, 98 %, 63 %, 142399 MiB, 143771 MiB
2026/08/13 21:10:10.000, NVIDIA H200, 57, 100 %, 56 %, 142399 MiB, 143771 MiB
2026/08/13 21:10:13.001, NVIDIA H200, 56, 100 %, 44 %, 142399 MiB, 143771 MiB
2026/08/13 21:10:16.001, NVIDIA H200, 59, 99 %, 47 %, 142399 MiB, 143771 MiB
2026/08/13 21:10:19.001, NVIDIA H200, 59, 100 %, 49 %, 142399 MiB, 143771 MiB
2026/08/13 21:10:22.002, NVIDIA H200, 57, 100 %, 55 %, 142399 MiB, 143771 MiB
2026/08/13 21:10:25.002, NVIDIA H200, 58, 100 %, 40 %, 142399 MiB, 143771 MiB
2026/08/13 21:10:28.003, NVIDIA H200, 30, 0 %, 0 %, 142399 MiB, 143771 MiB
2026/08/13 21:10:31.003, NVIDIA H200, 29, 0 %, 0 %, 142399 MiB, 143771 MiB
2026/08/13 21:10:34.003, NVIDIA H200, 44, 100 %, 51 %, 142399 MiB, 143771 MiB
2026/08/13 21:10:37.004, NVIDIA H200, 33, 0 %, 0 %, 142399 MiB, 143771 MiB
2026/08/13 21:10:40.004, NVIDIA H200, 28, 0 %, 0 %, 142399 MiB, 143771 MiB
2026/08/13 21:10:43.005, NVIDIA H200, 46, 100 %, 45 %, 142399 MiB, 143771 MiB
2026/08/13 21:10:46.005, NVIDIA H200, 55, 100 %, 49 %, 142399 MiB, 143771 MiB
2026/08/13 21:10:49.005, NVIDIA H200, 51, 18 %, 9 %, 142399 MiB, 143771 MiB
2026/08/13 21:10:52.006, NVIDIA H200, 53, 98 %, 59 %, 142399 MiB, 143771 MiB
2026/08/13 21:10:55.006, NVIDIA H200, 55, 100 %, 49 %, 142399 MiB, 143771 MiB
2026/08/13 21:10:58.007, NVIDIA H200, 56, 100 %, 43 %, 142399 MiB, 143771 MiB
2026/08/13 21:11:01.007, NVIDIA H200, 51, 100 %, 46 %, 142399 MiB, 143771 MiB
2026/08/13 21:11:04.007, NVIDIA H200, 57, 100 %, 42 %, 142399 MiB, 143771 MiB
2026/08/13 21:11:07.008, NVIDIA H200, 60, 100 %, 57 %, 142399 MiB, 143771 MiB
2026/08/13 21:11:10.008, NVIDIA H200, 59, 100 %, 45 %, 142399 MiB, 143771 MiB
2026/08/13 21:11:13.009, NVIDIA H200, 58, 100 %, 53 %, 142399 MiB, 143771 MiB
2026/08/13 21:11:16.009, NVIDIA H200, 57, 100 %, 45 %, 142399 MiB, 143771 MiB
2026/08/13 21:11:19.009, NVIDIA H200, 54, 99 %, 72 %, 142399 MiB, 143771 MiB
2026/08/13 21:11:22.010, NVIDIA H200, 56, 100 %, 58 %, 142399 MiB, 143771 MiB
2026/08/13 21:11:25.010, NVIDIA H200, 58, 100 %, 48 %, 142399 MiB, 143771 MiB
2026/08/13 21:11:28.010, NVIDIA H200, 55, 97 %, 39 %, 142399 MiB, 143771 MiB
2026/08/13 21:11:31.011, NVIDIA H200, 57, 100 %, 50 %, 142399 MiB, 143771 MiB
2026/08/13 21:11:34.011, NVIDIA H200, 58, 100 %, 56 %, 142399 MiB, 143771 MiB
2026/08/13 21:11:37.012, NVIDIA H200, 61, 100 %, 52 %, 142399 MiB, 143771 MiB
2026/08/13 21:11:40.012, NVIDIA H200, 55, 100 %, 55 %, 142399 MiB, 143771 MiB
2026/08/13 21:11:43.013, NVIDIA H200, 57, 100 %, 50 %, 142399 MiB, 143771 MiB
2026/08/13 21:11:46.013, NVIDIA H200, 55, 100 %, 51 %, 142399 MiB, 143771 MiB
2026/08/13 21:11:49.014, NVIDIA H200, 55, 100 %, 48 %, 142399 MiB, 143771 MiB
2026/08/13 21:11:52.014, NVIDIA H200, 56, 100 %, 59 %, 142399 MiB, 143771 MiB
2026/08/13 21:11:55.014, NVIDIA H200, 56, 100 %, 55 %, 142399 MiB, 143771 MiB
2026/08/13 21:11:58.015, NVIDIA H200, 57, 100 %, 52 %, 142399 MiB, 143771 MiB
2026/08/13 21:12:01.016, NVIDIA H200, 57, 100 %, 55 %, 142399 MiB, 143771 MiB
2026/08/13 21:12:04.016, NVIDIA H200, 60, 100 %, 50 %, 142399 MiB, 143771 MiB
2026/08/13 21:12:07.016, NVIDIA H200, 54, 100 %, 39 %, 142399 MiB, 143771 MiB
2026/08/13 21:12:10.017, NVIDIA H200, 31, 0 %, 0 %, 142399 MiB, 143771 MiB
2026/08/13 21:12:13.017, NVIDIA H200, 28, 0 %, 0 %, 142399 MiB, 143771 MiB
2026/08/13 21:12:16.018, NVIDIA H200, 29, 0 %, 0 %, 142399 MiB, 143771 MiB
2026/08/13 21:12:19.018, NVIDIA H200, 39, 0 %, 0 %, 142399 MiB, 143771 MiB
2026/08/13 21:12:22.019, NVIDIA H200, 28, 0 %, 0 %, 142399 MiB, 143771 MiB
2026/08/13 21:12:25.019, NVIDIA H200, 40, 100 %, 54 %, 142399 MiB, 143771 MiB
2026/08/13 21:12:28.020, NVIDIA H200, 50, 100 %, 44 %, 142399 MiB, 143771 MiB
2026/08/13 21:12:31.020, NVIDIA H200, 57, 100 %, 48 %, 142399 MiB, 143771 MiB
2026/08/13 21:12:34.020, NVIDIA H200, 53, 100 %, 58 %, 142399 MiB, 143771 MiB
2026/08/13 21:12:37.021, NVIDIA H200, 54, 100 %, 23 %, 142399 MiB, 143771 MiB
2026/08/13 21:12:40.021, NVIDIA H200, 50, 99 %, 35 %, 142399 MiB, 143771 MiB
2026/08/13 21:12:43.022, NVIDIA H200, 56, 100 %, 46 %, 142399 MiB, 143771 MiB
2026/08/13 21:12:46.022, NVIDIA H200, 59, 100 %, 51 %, 142399 MiB, 143771 MiB
2026/08/13 21:12:49.022, NVIDIA H200, 59, 100 %, 47 %, 142399 MiB, 143771 MiB
2026/08/13 21:12:52.023, NVIDIA H200, 56, 99 %, 52 %, 142399 MiB, 143771 MiB
2026/08/13 21:12:55.024, NVIDIA H200, 59, 100 %, 53 %, 142399 MiB, 143771 MiB
2026/08/13 21:12:58.024, NVIDIA H200, 54, 100 %, 49 %, 142399 MiB, 143771 MiB
2026/08/13 21:13:01.025, NVIDIA H200, 56, 100 %, 49 %, 142399 MiB, 143771 MiB
2026/08/13 21:13:04.025, NVIDIA H200, 56, 100 %, 21 %, 142399 MiB, 143771 MiB
2026/08/13 21:13:07.026, NVIDIA H200, 52, 99 %, 36 %, 142399 MiB, 143771 MiB
2026/08/13 21:13:10.026, NVIDIA H200, 57, 100 %, 40 %, 142399 MiB, 143771 MiB
2026/08/13 21:13:13.027, NVIDIA H200, 59, 100 %, 53 %, 142399 MiB, 143771 MiB
2026/08/13 21:13:16.027, NVIDIA H200, 59, 100 %, 45 %, 142399 MiB, 143771 MiB
2026/08/13 21:13:19.028, NVIDIA H200, 56, 98 %, 51 %, 142399 MiB, 143771 MiB
2026/08/13 21:13:22.028, NVIDIA H200, 58, 100 %, 50 %, 142399 MiB, 143771 MiB
2026/08/13 21:13:25.029, NVIDIA H200, 55, 100 %, 50 %, 142399 MiB, 143771 MiB
2026/08/13 21:13:28.029, NVIDIA H200, 55, 100 %, 49 %, 142399 MiB, 143771 MiB
2026/08/13 21:13:31.030, NVIDIA H200, 57, 100 %, 24 %, 142399 MiB, 143771 MiB
2026/08/13 21:13:34.030, NVIDIA H200, 58, 100 %, 41 %, 142399 MiB, 143771 MiB
2026/08/13 21:13:37.031, NVIDIA H200, 58, 100 %, 36 %, 142399 MiB, 143771 MiB
2026/08/13 21:13:40.031, NVIDIA H200, 57, 100 %, 54 %, 142399 MiB, 143771 MiB
2026/08/13 21:13:43.031, NVIDIA H200, 60, 100 %, 45 %, 142399 MiB, 143771 MiB
2026/08/13 21:13:46.032, NVIDIA H200, 55, 99 %, 55 %, 142399 MiB, 143771 MiB
2026/08/13 21:13:49.032, NVIDIA H200, 56, 100 %, 46 %, 142399 MiB, 143771 MiB
2026/08/13 21:13:52.033, NVIDIA H200, 32, 0 %, 0 %, 142399 MiB, 143771 MiB
2026/08/13 21:13:55.033, NVIDIA H200, 44, 100 %, 51 %, 142399 MiB, 143771 MiB
2026/08/13 21:13:58.033, NVIDIA H200, 35, 0 %, 0 %, 142399 MiB, 143771 MiB
2026/08/13 21:14:01.034, NVIDIA H200, 55, 100 %, 58 %, 142399 MiB, 143771 MiB
2026/08/13 21:14:04.035, NVIDIA H200, 28, 0 %, 0 %, 142399 MiB, 143771 MiB
2026/08/13 21:14:07.035, NVIDIA H200, 50, 100 %, 51 %, 142399 MiB, 143771 MiB
2026/08/13 21:14:10.036, NVIDIA H200, 48, 100 %, 48 %, 142399 MiB, 143771 MiB
2026/08/13 21:14:13.036, NVIDIA H200, 53, 100 %, 58 %, 142399 MiB, 143771 MiB
2026/08/13 21:14:16.037, NVIDIA H200, 53, 98 %, 63 %, 142399 MiB, 143771 MiB
2026/08/13 21:14:19.037, NVIDIA H200, 56, 100 %, 46 %, 142399 MiB, 143771 MiB
2026/08/13 21:14:22.037, NVIDIA H200, 54, 98 %, 73 %, 142399 MiB, 143771 MiB
2026/08/13 21:14:25.038, NVIDIA H200, 55, 100 %, 59 %, 142399 MiB, 143771 MiB
2026/08/13 21:14:28.038, NVIDIA H200, 57, 100 %, 48 %, 142399 MiB, 143771 MiB
2026/08/13 21:14:31.039, NVIDIA H200, 52, 99 %, 40 %, 142399 MiB, 143771 MiB
2026/08/13 21:14:34.039, NVIDIA H200, 58, 100 %, 51 %, 142399 MiB, 143771 MiB
2026/08/13 21:14:37.040, NVIDIA H200, 58, 100 %, 55 %, 142399 MiB, 143771 MiB
2026/08/13 21:14:40.040, NVIDIA H200, 61, 100 %, 40 %, 142399 MiB, 143771 MiB
2026/08/13 21:14:43.041, NVIDIA H200, 57, 100 %, 54 %, 142399 MiB, 143771 MiB
2026/08/13 21:14:46.041, NVIDIA H200, 57, 100 %, 53 %, 142399 MiB, 143771 MiB
2026/08/13 21:14:49.041, NVIDIA H200, 55, 99 %, 57 %, 142399 MiB, 143771 MiB
2026/08/13 21:14:52.042, NVIDIA H200, 57, 100 %, 49 %, 142399 MiB, 143771 MiB
2026/08/13 21:14:55.042, NVIDIA H200, 57, 100 %, 31 %, 142399 MiB, 143771 MiB
2026/08/13 21:14:58.043, NVIDIA H200, 56, 97 %, 33 %, 142399 MiB, 143771 MiB
2026/08/13 21:15:01.043, NVIDIA H200, 58, 100 %, 60 %, 142399 MiB, 143771 MiB
2026/08/13 21:15:04.043, NVIDIA H200, 57, 100 %, 54 %, 142399 MiB, 143771 MiB
2026/08/13 21:15:07.044, NVIDIA H200, 61, 100 %, 49 %, 142399 MiB, 143771 MiB
2026/08/13 21:15:10.044, NVIDIA H200, 55, 99 %, 53 %, 142399 MiB, 143771 MiB
2026/08/13 21:15:13.045, NVIDIA H200, 56, 100 %, 54 %, 142399 MiB, 143771 MiB
2026/08/13 21:15:16.045, NVIDIA H200, 56, 100 %, 32 %, 142399 MiB, 143771 MiB
2026/08/13 21:15:19.046, NVIDIA H200, 56, 100 %, 50 %, 142399 MiB, 143771 MiB
2026/08/13 21:15:22.046, NVIDIA H200, 56, 100 %, 28 %, 142399 MiB, 143771 MiB
2026/08/13 21:15:25.046, NVIDIA H200, 58, 100 %, 47 %, 142399 MiB, 143771 MiB
2026/08/13 21:15:28.047, NVIDIA H200, 59, 100 %, 42 %, 142399 MiB, 143771 MiB
2026/08/13 21:15:31.047, NVIDIA H200, 57, 100 %, 60 %, 142399 MiB, 143771 MiB
2026/08/13 21:15:34.048, NVIDIA H200, 36, 0 %, 0 %, 142399 MiB, 143771 MiB
2026/08/13 21:15:37.048, NVIDIA H200, 29, 0 %, 0 %, 142399 MiB, 143771 MiB
2026/08/13 21:15:40.049, NVIDIA H200, 49, 100 %, 51 %, 142399 MiB, 143771 MiB
2026/08/13 21:15:43.049, NVIDIA H200, 46, 100 %, 52 %, 142399 MiB, 143771 MiB
2026/08/13 21:15:46.050, NVIDIA H200, 29, 0 %, 0 %, 142399 MiB, 143771 MiB
2026/08/13 21:15:49.050, NVIDIA H200, 27, 0 %, 0 %, 142399 MiB, 143771 MiB
2026/08/13 21:15:52.051, NVIDIA H200, 27, 0 %, 0 %, 142399 MiB, 143771 MiB
2026/08/13 21:15:55.051, NVIDIA H200, 27, 0 %, 0 %, 142399 MiB, 143771 MiB
2026/08/13 21:15:58.051, NVIDIA H200, 26, 0 %, 0 %, 142399 MiB, 143771 MiB
2026/08/13 21:16:01.052, NVIDIA H200, 51, 100 %, 53 %, 142399 MiB, 143771 MiB
2026/08/13 21:16:04.052, NVIDIA H200, 54, 100 %, 45 %, 142399 MiB, 143771 MiB
2026/08/13 21:16:07.053, NVIDIA H200, 51, 100 %, 47 %, 142399 MiB, 143771 MiB
2026/08/13 21:16:10.053, NVIDIA H200, 55, 100 %, 35 %, 142399 MiB, 143771 MiB
2026/08/13 21:16:13.054, NVIDIA H200, 57, 100 %, 48 %, 142399 MiB, 143771 MiB
2026/08/13 21:16:16.054, NVIDIA H200, 58, 100 %, 41 %, 142399 MiB, 143771 MiB
2026/08/13 21:16:19.054, NVIDIA H200, 56, 100 %, 60 %, 142399 MiB, 143771 MiB
2026/08/13 21:16:22.055, NVIDIA H200, 59, 100 %, 48 %, 142399 MiB, 143771 MiB
2026/08/13 21:16:25.055, NVIDIA H200, 54, 98 %, 63 %, 142399 MiB, 143771 MiB
2026/08/13 21:16:28.056, NVIDIA H200, 55, 100 %, 55 %, 142399 MiB, 143771 MiB
2026/08/13 21:16:31.056, NVIDIA H200, 56, 100 %, 44 %, 142399 MiB, 143771 MiB
2026/08/13 21:16:34.057, NVIDIA H200, 51, 100 %, 47 %, 142399 MiB, 143771 MiB
2026/08/13 21:16:37.057, NVIDIA H200, 58, 100 %, 41 %, 142399 MiB, 143771 MiB
2026/08/13 21:16:40.058, NVIDIA H200, 60, 100 %, 55 %, 142399 MiB, 143771 MiB
2026/08/13 21:16:43.058, NVIDIA H200, 59, 100 %, 46 %, 142399 MiB, 143771 MiB
2026/08/13 21:16:46.059, NVIDIA H200, 58, 100 %, 53 %, 142399 MiB, 143771 MiB
2026/08/13 21:16:49.059, NVIDIA H200, 58, 100 %, 48 %, 142399 MiB, 143771 MiB
2026/08/13 21:16:52.059, NVIDIA H200, 54, 100 %, 44 %, 142399 MiB, 143771 MiB
2026/08/13 21:16:55.060, NVIDIA H200, 55, 100 %, 45 %, 142399 MiB, 143771 MiB
2026/08/13 21:16:58.060, NVIDIA H200, 57, 100 %, 36 %, 142399 MiB, 143771 MiB
2026/08/13 21:17:01.061, NVIDIA H200, 52, 100 %, 48 %, 142399 MiB, 143771 MiB
2026/08/13 21:17:04.061, NVIDIA H200, 56, 100 %, 41 %, 142399 MiB, 143771 MiB
2026/08/13 21:17:07.062, NVIDIA H200, 58, 100 %, 61 %, 142399 MiB, 143771 MiB
2026/08/13 21:17:10.062, NVIDIA H200, 60, 100 %, 46 %, 142399 MiB, 143771 MiB
2026/08/13 21:17:13.062, NVIDIA H200, 58, 99 %, 63 %, 142399 MiB, 143771 MiB
2026/08/13 21:17:16.063, NVIDIA H200, 58, 100 %, 56 %, 142399 MiB, 143771 MiB
2026/08/13 21:17:19.064, NVIDIA H200, 56, 100 %, 44 %, 142399 MiB, 143771 MiB
2026/08/13 21:17:22.064, NVIDIA H200, 56, 100 %, 47 %, 142399 MiB, 143771 MiB
2026/08/13 21:17:25.064, NVIDIA H200, 41, 0 %, 0 %, 142399 MiB, 143771 MiB
2026/08/13 21:17:28.065, NVIDIA H200, 29, 0 %, 0 %, 142399 MiB, 143771 MiB
2026/08/13 21:17:31.065, NVIDIA H200, 35, 0 %, 0 %, 142399 MiB, 143771 MiB
2026/08/13 21:17:34.066, NVIDIA H200, 28, 69 %, 18 %, 142399 MiB, 143771 MiB
2026/08/13 21:17:37.066, NVIDIA H200, 42, 0 %, 0 %, 142399 MiB, 143771 MiB
2026/08/13 21:17:40.066, NVIDIA H200, 28, 0 %, 0 %, 142399 MiB, 143771 MiB
2026/08/13 21:17:43.067, NVIDIA H200, 27, 0 %, 0 %, 142399 MiB, 143771 MiB
2026/08/13 21:17:46.068, NVIDIA H200, 52, 100 %, 61 %, 142399 MiB, 143771 MiB
2026/08/13 21:17:49.068, NVIDIA H200, 56, 100 %, 59 %, 142399 MiB, 143771 MiB
2026/08/13 21:17:52.068, NVIDIA H200, 57, 100 %, 54 %, 142399 MiB, 143771 MiB
2026/08/13 21:17:55.069, NVIDIA H200, 56, 100 %, 51 %, 142399 MiB, 143771 MiB
2026/08/13 21:17:58.069, NVIDIA H200, 59, 100 %, 46 %, 142399 MiB, 143771 MiB
2026/08/13 21:18:01.070, NVIDIA H200, 55, 98 %, 62 %, 142399 MiB, 143771 MiB
2026/08/13 21:18:04.070, NVIDIA H200, 57, 100 %, 57 %, 142399 MiB, 143771 MiB
2026/08/13 21:18:07.071, NVIDIA H200, 55, 100 %, 48 %, 142399 MiB, 143771 MiB
2026/08/13 21:18:10.071, NVIDIA H200, 56, 98 %, 39 %, 142399 MiB, 143771 MiB
2026/08/13 21:18:13.072, NVIDIA H200, 57, 100 %, 53 %, 142399 MiB, 143771 MiB
2026/08/13 21:18:16.072, NVIDIA H200, 56, 100 %, 56 %, 142399 MiB, 143771 MiB
2026/08/13 21:18:19.073, NVIDIA H200, 57, 100 %, 47 %, 142399 MiB, 143771 MiB
2026/08/13 21:18:22.073, NVIDIA H200, 57, 100 %, 52 %, 142399 MiB, 143771 MiB
2026/08/13 21:18:25.073, NVIDIA H200, 57, 100 %, 52 %, 142399 MiB, 143771 MiB
2026/08/13 21:18:28.074, NVIDIA H200, 56, 99 %, 56 %, 142399 MiB, 143771 MiB
2026/08/13 21:18:31.074, NVIDIA H200, 56, 100 %, 49 %, 142399 MiB, 143771 MiB
2026/08/13 21:18:34.075, NVIDIA H200, 57, 100 %, 29 %, 142399 MiB, 143771 MiB
2026/08/13 21:18:37.075, NVIDIA H200, 56, 98 %, 35 %, 142399 MiB, 143771 MiB
2026/08/13 21:18:40.076, NVIDIA H200, 57, 100 %, 50 %, 142399 MiB, 143771 MiB
2026/08/13 21:18:43.076, NVIDIA H200, 57, 100 %, 51 %, 142399 MiB, 143771 MiB
2026/08/13 21:18:46.077, NVIDIA H200, 60, 100 %, 45 %, 142399 MiB, 143771 MiB
2026/08/13 21:18:49.077, NVIDIA H200, 54, 98 %, 55 %, 142399 MiB, 143771 MiB
2026/08/13 21:18:52.077, NVIDIA H200, 55, 100 %, 48 %, 142399 MiB, 143771 MiB
2026/08/13 21:18:55.078, NVIDIA H200, 57, 100 %, 44 %, 142399 MiB, 143771 MiB
2026/08/13 21:18:58.078, NVIDIA H200, 52, 98 %, 46 %, 142399 MiB, 143771 MiB
2026/08/13 21:19:01.079, NVIDIA H200, 56, 100 %, 50 %, 142399 MiB, 143771 MiB
2026/08/13 21:19:04.079, NVIDIA H200, 59, 100 %, 55 %, 142399 MiB, 143771 MiB
2026/08/13 21:19:07.079, NVIDIA H200, 61, 100 %, 45 %, 142399 MiB, 143771 MiB
2026/08/13 21:19:10.080, NVIDIA H200, 33, 0 %, 0 %, 142399 MiB, 143771 MiB
2026/08/13 21:19:13.081, NVIDIA H200, 29, 0 %, 0 %, 142399 MiB, 143771 MiB
2026/08/13 21:19:16.081, NVIDIA H200, 30, 0 %, 0 %, 142399 MiB, 143771 MiB
2026/08/13 21:19:19.082, NVIDIA H200, 52, 100 %, 38 %, 142399 MiB, 143771 MiB
2026/08/13 21:19:22.082, NVIDIA H200, 29, 0 %, 0 %, 142399 MiB, 143771 MiB
2026/08/13 21:19:25.083, NVIDIA H200, 27, 0 %, 0 %, 142399 MiB, 143771 MiB
2026/08/13 21:19:28.083, NVIDIA H200, 47, 100 %, 51 %, 142399 MiB, 143771 MiB
2026/08/13 21:19:31.084, NVIDIA H200, 52, 100 %, 60 %, 142399 MiB, 143771 MiB
2026/08/13 21:19:34.084, NVIDIA H200, 56, 100 %, 56 %, 142399 MiB, 143771 MiB
2026/08/13 21:19:37.084, NVIDIA H200, 59, 100 %, 61 %, 142399 MiB, 143771 MiB
2026/08/13 21:19:40.085, NVIDIA H200, 57, 100 %, 57 %, 142399 MiB, 143771 MiB
2026/08/13 21:19:43.085, NVIDIA H200, 58, 100 %, 54 %, 142399 MiB, 143771 MiB
2026/08/13 21:19:46.085, NVIDIA H200, 56, 100 %, 57 %, 142399 MiB, 143771 MiB
2026/08/13 21:19:49.086, NVIDIA H200, 57, 100 %, 50 %, 142399 MiB, 143771 MiB
2026/08/13 21:19:52.086, NVIDIA H200, 58, 100 %, 49 %, 142399 MiB, 143771 MiB
2026/08/13 21:19:55.087, NVIDIA H200, 56, 100 %, 48 %, 142399 MiB, 143771 MiB
2026/08/13 21:19:58.087, NVIDIA H200, 58, 100 %, 23 %, 142399 MiB, 143771 MiB
2026/08/13 21:20:01.088, NVIDIA H200, 57, 100 %, 41 %, 142399 MiB, 143771 MiB
2026/08/13 21:20:04.088, NVIDIA H200, 61, 100 %, 39 %, 142399 MiB, 143771 MiB
2026/08/13 21:20:07.088, NVIDIA H200, 55, 100 %, 61 %, 142399 MiB, 143771 MiB
2026/08/13 21:20:10.089, NVIDIA H200, 56, 100 %, 48 %, 142399 MiB, 143771 MiB
2026/08/13 21:20:13.089, NVIDIA H200, 56, 98 %, 67 %, 142399 MiB, 143771 MiB
2026/08/13 21:20:16.090, NVIDIA H200, 53, 100 %, 59 %, 142399 MiB, 143771 MiB
2026/08/13 21:20:19.090, NVIDIA H200, 57, 100 %, 49 %, 142399 MiB, 143771 MiB
2026/08/13 21:20:22.091, NVIDIA H200, 59, 98 %, 40 %, 142399 MiB, 143771 MiB
2026/08/13 21:20:25.091, NVIDIA H200, 59, 100 %, 50 %, 142399 MiB, 143771 MiB
2026/08/13 21:20:28.091, NVIDIA H200, 59, 100 %, 56 %, 142399 MiB, 143771 MiB
2026/08/13 21:20:31.092, NVIDIA H200, 58, 100 %, 48 %, 142399 MiB, 143771 MiB
2026/08/13 21:20:34.092, NVIDIA H200, 55, 100 %, 52 %, 142399 MiB, 143771 MiB
2026/08/13 21:20:37.093, NVIDIA H200, 57, 100 %, 54 %, 142399 MiB, 143771 MiB
2026/08/13 21:20:40.093, NVIDIA H200, 58, 99 %, 55 %, 142399 MiB, 143771 MiB
2026/08/13 21:20:43.094, NVIDIA H200, 55, 100 %, 46 %, 142399 MiB, 143771 MiB
2026/08/13 21:20:46.094, NVIDIA H200, 58, 100 %, 21 %, 142399 MiB, 143771 MiB
2026/08/13 21:20:49.095, NVIDIA H200, 57, 100 %, 41 %, 142399 MiB, 143771 MiB
2026/08/13 21:20:52.095, NVIDIA H200, 61, 100 %, 37 %, 142399 MiB, 143771 MiB
2026/08/13 21:20:55.095, NVIDIA H200, 30, 0 %, 0 %, 142399 MiB, 143771 MiB
2026/08/13 21:20:58.096, NVIDIA H200, 28, 0 %, 0 %, 142399 MiB, 143771 MiB
2026/08/13 21:21:01.096, NVIDIA H200, 49, 99 %, 49 %, 142399 MiB, 143771 MiB
2026/08/13 21:21:04.097, NVIDIA H200, 33, 0 %, 0 %, 142399 MiB, 143771 MiB
2026/08/13 21:21:07.098, NVIDIA H200, 28, 0 %, 0 %, 142399 MiB, 143771 MiB
2026/08/13 21:21:10.098, NVIDIA H200, 29, 0 %, 0 %, 142399 MiB, 143771 MiB
2026/08/13 21:21:13.098, NVIDIA H200, 53, 100 %, 47 %, 142399 MiB, 143771 MiB
2026/08/13 21:21:16.099, NVIDIA H200, 55, 100 %, 49 %, 142399 MiB, 143771 MiB
2026/08/13 21:21:19.099, NVIDIA H200, 57, 99 %, 46 %, 142399 MiB, 143771 MiB
2026/08/13 21:21:22.100, NVIDIA H200, 57, 100 %, 21 %, 142399 MiB, 143771 MiB
2026/08/13 21:21:25.100, NVIDIA H200, 57, 98 %, 36 %, 142399 MiB, 143771 MiB
2026/08/13 21:21:28.100, NVIDIA H200, 61, 100 %, 42 %, 142399 MiB, 143771 MiB
2026/08/13 21:21:31.101, NVIDIA H200, 54, 99 %, 57 %, 142399 MiB, 143771 MiB
2026/08/13 21:21:34.101, NVIDIA H200, 56, 100 %, 53 %, 142399 MiB, 143771 MiB
2026/08/13 21:21:37.102, NVIDIA H200, 56, 100 %, 50 %, 142399 MiB, 143771 MiB
2026/08/13 21:21:40.102, NVIDIA H200, 55, 100 %, 51 %, 142399 MiB, 143771 MiB
2026/08/13 21:21:43.103, NVIDIA H200, 57, 100 %, 32 %, 142399 MiB, 143771 MiB
2026/08/13 21:21:46.103, NVIDIA H200, 59, 100 %, 54 %, 142399 MiB, 143771 MiB
2026/08/13 21:21:49.103, NVIDIA H200, 59, 100 %, 46 %, 142399 MiB, 143771 MiB
2026/08/13 21:21:52.104, NVIDIA H200, 59, 100 %, 47 %, 142399 MiB, 143771 MiB
2026/08/13 21:21:55.104, NVIDIA H200, 58, 100 %, 42 %, 142399 MiB, 143771 MiB
2026/08/13 21:21:58.105, NVIDIA H200, 56, 98 %, 62 %, 142399 MiB, 143771 MiB
2026/08/13 21:22:01.105, NVIDIA H200, 57, 100 %, 58 %, 142399 MiB, 143771 MiB
2026/08/13 21:22:04.106, NVIDIA H200, 58, 100 %, 44 %, 142399 MiB, 143771 MiB
2026/08/13 21:22:07.106, NVIDIA H200, 56, 98 %, 39 %, 142399 MiB, 143771 MiB
2026/08/13 21:22:10.107, NVIDIA H200, 58, 100 %, 63 %, 142399 MiB, 143771 MiB
2026/08/13 21:22:13.107, NVIDIA H200, 57, 100 %, 54 %, 142399 MiB, 143771 MiB
2026/08/13 21:22:16.107, NVIDIA H200, 60, 100 %, 47 %, 142399 MiB, 143771 MiB
2026/08/13 21:22:19.108, NVIDIA H200, 55, 99 %, 49 %, 142399 MiB, 143771 MiB
2026/08/13 21:22:22.108, NVIDIA H200, 56, 100 %, 51 %, 142399 MiB, 143771 MiB
2026/08/13 21:22:25.109, NVIDIA H200, 56, 100 %, 43 %, 142399 MiB, 143771 MiB
2026/08/13 21:22:28.109, NVIDIA H200, 52, 100 %, 48 %, 142399 MiB, 143771 MiB
2026/08/13 21:22:31.110, NVIDIA H200, 58, 100 %, 41 %, 142399 MiB, 143771 MiB
2026/08/13 21:22:34.110, NVIDIA H200, 57, 98 %, 53 %, 142399 MiB, 143771 MiB
2026/08/13 21:22:37.111, NVIDIA H200, 30, 0 %, 0 %, 142399 MiB, 143771 MiB
2026/08/13 21:22:40.111, NVIDIA H200, 28, 0 %, 0 %, 142399 MiB, 143771 MiB
2026/08/13 21:22:43.111, NVIDIA H200, 54, 100 %, 40 %, 142399 MiB, 143771 MiB
2026/08/13 21:22:46.112, NVIDIA H200, 29, 0 %, 0 %, 142399 MiB, 143771 MiB
2026/08/13 21:22:49.112, NVIDIA H200, 47, 100 %, 43 %, 142399 MiB, 143771 MiB
2026/08/13 21:22:52.113, NVIDIA H200, 56, 100 %, 53 %, 142399 MiB, 143771 MiB
2026/08/13 21:22:55.113, NVIDIA H200, 56, 100 %, 54 %, 142399 MiB, 143771 MiB
2026/08/13 21:22:58.114, NVIDIA H200, 56, 100 %, 63 %, 142399 MiB, 143771 MiB
2026/08/13 21:23:01.114, NVIDIA H200, 54, 100 %, 50 %, 142399 MiB, 143771 MiB
2026/08/13 21:23:04.115, NVIDIA H200, 56, 100 %, 34 %, 142399 MiB, 143771 MiB
2026/08/13 21:23:07.115, NVIDIA H200, 55, 100 %, 50 %, 142399 MiB, 143771 MiB
2026/08/13 21:23:10.116, NVIDIA H200, 52, 26 %, 15 %, 142399 MiB, 143771 MiB
2026/08/13 21:23:13.117, NVIDIA H200, 56, 100 %, 40 %, 142399 MiB, 143771 MiB
2026/08/13 21:23:16.117, NVIDIA H200, 51, 100 %, 54 %, 142399 MiB, 143771 MiB
2026/08/13 21:23:19.117, NVIDIA H200, 55, 100 %, 26 %, 142399 MiB, 143771 MiB
2026/08/13 21:23:22.118, NVIDIA H200, 51, 100 %, 57 %, 142399 MiB, 143771 MiB
2026/08/13 21:23:25.118, NVIDIA H200, 55, 98 %, 60 %, 142399 MiB, 143771 MiB
2026/08/13 21:23:28.119, NVIDIA H200, 55, 100 %, 43 %, 142399 MiB, 143771 MiB
2026/08/13 21:23:31.119, NVIDIA H200, 57, 98 %, 62 %, 142399 MiB, 143771 MiB
2026/08/13 21:23:34.120, NVIDIA H200, 52, 100 %, 57 %, 142399 MiB, 143771 MiB
2026/08/13 21:23:37.120, NVIDIA H200, 57, 100 %, 48 %, 142399 MiB, 143771 MiB
2026/08/13 21:23:40.121, NVIDIA H200, 59, 97 %, 41 %, 142399 MiB, 143771 MiB
2026/08/13 21:23:43.122, NVIDIA H200, 59, 100 %, 63 %, 142399 MiB, 143771 MiB
2026/08/13 21:23:46.122, NVIDIA H200, 58, 100 %, 57 %, 142399 MiB, 143771 MiB
2026/08/13 21:23:49.122, NVIDIA H200, 58, 100 %, 47 %, 142399 MiB, 143771 MiB
2026/08/13 21:23:52.123, NVIDIA H200, 55, 100 %, 51 %, 142399 MiB, 143771 MiB
2026/08/13 21:23:55.123, NVIDIA H200, 57, 100 %, 53 %, 142399 MiB, 143771 MiB
2026/08/13 21:23:58.124, NVIDIA H200, 58, 99 %, 54 %, 142399 MiB, 143771 MiB
2026/08/13 21:24:01.124, NVIDIA H200, 56, 100 %, 47 %, 142399 MiB, 143771 MiB
2026/08/13 21:24:04.125, NVIDIA H200, 58, 100 %, 30 %, 142399 MiB, 143771 MiB
2026/08/13 21:24:07.125, NVIDIA H200, 59, 99 %, 34 %, 142399 MiB, 143771 MiB
2026/08/13 21:24:10.126, NVIDIA H200, 62, 100 %, 51 %, 142399 MiB, 143771 MiB
2026/08/13 21:24:13.126, NVIDIA H200, 56, 100 %, 51 %, 142399 MiB, 143771 MiB
2026/08/13 21:24:16.127, NVIDIA H200, 36, 0 %, 0 %, 142399 MiB, 143771 MiB
2026/08/13 21:24:19.127, NVIDIA H200, 29, 0 %, 0 %, 142399 MiB, 143771 MiB
2026/08/13 21:24:22.128, NVIDIA H200, 38, 0 %, 0 %, 142399 MiB, 143771 MiB
2026/08/13 21:24:25.128, NVIDIA H200, 33, 0 %, 0 %, 142399 MiB, 143771 MiB
2026/08/13 21:24:28.129, NVIDIA H200, 28, 0 %, 0 %, 142399 MiB, 143771 MiB
2026/08/13 21:24:31.191, NVIDIA H200, 28, 0 %, 0 %, 142399 MiB, 143771 MiB
2026/08/13 21:24:34.191, NVIDIA H200, 27, 0 %, 0 %, 142399 MiB, 143771 MiB
2026/08/13 21:24:37.192, NVIDIA H200, 27, 0 %, 0 %, 142399 MiB, 143771 MiB
2026/08/13 21:24:40.192, NVIDIA H200, 52, 98 %, 36 %, 142399 MiB, 143771 MiB
2026/08/13 21:24:43.193, NVIDIA H200, 51, 100 %, 49 %, 142399 MiB, 143771 MiB
2026/08/13 21:24:46.193, NVIDIA H200, 54, 100 %, 51 %, 142399 MiB, 143771 MiB
2026/08/13 21:24:49.194, NVIDIA H200, 56, 100 %, 35 %, 142399 MiB, 143771 MiB
2026/08/13 21:24:52.194, NVIDIA H200, 54, 100 %, 49 %, 142399 MiB, 143771 MiB
2026/08/13 21:24:55.194, NVIDIA H200, 57, 100 %, 28 %, 142399 MiB, 143771 MiB
2026/08/13 21:24:58.195, NVIDIA H200, 57, 99 %, 35 %, 142399 MiB, 143771 MiB
2026/08/13 21:25:01.196, NVIDIA H200, 60, 100 %, 44 %, 142399 MiB, 143771 MiB
2026/08/13 21:25:04.196, NVIDIA H200, 54, 100 %, 56 %, 142399 MiB, 143771 MiB
2026/08/13 21:25:07.197, NVIDIA H200, 56, 100 %, 48 %, 142399 MiB, 143771 MiB
2026/08/13 21:25:10.197, NVIDIA H200, 56, 98 %, 64 %, 142399 MiB, 143771 MiB
2026/08/13 21:25:13.198, NVIDIA H200, 53, 100 %, 59 %, 142399 MiB, 143771 MiB
2026/08/13 21:25:16.198, NVIDIA H200, 57, 100 %, 48 %, 142399 MiB, 143771 MiB
2026/08/13 21:25:19.198, NVIDIA H200, 60, 98 %, 40 %, 142399 MiB, 143771 MiB
2026/08/13 21:25:22.199, NVIDIA H200, 58, 100 %, 53 %, 142399 MiB, 143771 MiB
2026/08/13 21:25:25.199, NVIDIA H200, 58, 100 %, 55 %, 142399 MiB, 143771 MiB
2026/08/13 21:25:28.200, NVIDIA H200, 59, 100 %, 53 %, 142399 MiB, 143771 MiB
2026/08/13 21:25:31.200, NVIDIA H200, 56, 100 %, 57 %, 142399 MiB, 143771 MiB
2026/08/13 21:25:34.201, NVIDIA H200, 56, 100 %, 52 %, 142399 MiB, 143771 MiB
2026/08/13 21:25:37.201, NVIDIA H200, 57, 100 %, 50 %, 142399 MiB, 143771 MiB
2026/08/13 21:25:40.202, NVIDIA H200, 57, 100 %, 49 %, 142399 MiB, 143771 MiB
2026/08/13 21:25:43.202, NVIDIA H200, 58, 100 %, 35 %, 142399 MiB, 143771 MiB
2026/08/13 21:25:46.203, NVIDIA H200, 58, 100 %, 57 %, 142399 MiB, 143771 MiB
2026/08/13 21:25:49.203, NVIDIA H200, 59, 100 %, 48 %, 142399 MiB, 143771 MiB
2026/08/13 21:25:52.203, NVIDIA H200, 55, 100 %, 49 %, 142399 MiB, 143771 MiB
2026/08/13 21:25:55.204, NVIDIA H200, 56, 100 %, 47 %, 142399 MiB, 143771 MiB
2026/08/13 21:25:58.205, NVIDIA H200, 58, 98 %, 53 %, 142399 MiB, 143771 MiB
2026/08/13 21:26:01.205, NVIDIA H200, 53, 100 %, 52 %, 142399 MiB, 143771 MiB
2026/08/13 21:26:04.206, NVIDIA H200, 32, 0 %, 0 %, 142399 MiB, 143771 MiB
2026/08/13 21:26:07.206, NVIDIA H200, 28, 0 %, 0 %, 142399 MiB, 143771 MiB
2026/08/13 21:26:10.207, NVIDIA H200, 53, 100 %, 35 %, 142399 MiB, 143771 MiB
2026/08/13 21:26:13.207, NVIDIA H200, 30, 0 %, 0 %, 142399 MiB, 143771 MiB
2026/08/13 21:26:16.208, NVIDIA H200, 28, 0 %, 0 %, 142399 MiB, 143771 MiB
2026/08/13 21:26:19.209, NVIDIA H200, 49, 100 %, 56 %, 142399 MiB, 143771 MiB
2026/08/13 21:26:22.209, NVIDIA H200, 58, 100 %, 46 %, 142399 MiB, 143771 MiB
2026/08/13 21:26:25.210, NVIDIA H200, 55, 100 %, 60 %, 142399 MiB, 143771 MiB
2026/08/13 21:26:28.210, NVIDIA H200, 57, 100 %, 48 %, 142399 MiB, 143771 MiB
2026/08/13 21:26:31.211, NVIDIA H200, 54, 98 %, 65 %, 142399 MiB, 143771 MiB
2026/08/13 21:26:34.211, NVIDIA H200, 56, 100 %, 57 %, 142399 MiB, 143771 MiB
2026/08/13 21:26:37.212, NVIDIA H200, 57, 99 %, 54 %, 142399 MiB, 143771 MiB
2026/08/13 21:26:40.212, NVIDIA H200, 53, 99 %, 41 %, 142399 MiB, 143771 MiB
2026/08/13 21:26:43.213, NVIDIA H200, 43, 63 %, 34 %, 142399 MiB, 143771 MiB
2026/08/13 21:26:46.213, NVIDIA H200, 59, 100 %, 45 %, 142399 MiB, 143771 MiB
2026/08/13 21:26:49.214, NVIDIA H200, 58, 100 %, 55 %, 142399 MiB, 143771 MiB
2026/08/13 21:26:52.214, NVIDIA H200, 57, 100 %, 63 %, 142399 MiB, 143771 MiB
2026/08/13 21:26:55.215, NVIDIA H200, 57, 100 %, 56 %, 142399 MiB, 143771 MiB
2026/08/13 21:26:58.215, NVIDIA H200, 60, 100 %, 53 %, 142399 MiB, 143771 MiB
2026/08/13 21:27:01.216, NVIDIA H200, 55, 100 %, 56 %, 142399 MiB, 143771 MiB
2026/08/13 21:27:04.216, NVIDIA H200, 57, 100 %, 50 %, 142399 MiB, 143771 MiB
2026/08/13 21:27:07.217, NVIDIA H200, 55, 100 %, 46 %, 142399 MiB, 143771 MiB
2026/08/13 21:27:10.217, NVIDIA H200, 55, 100 %, 48 %, 142399 MiB, 143771 MiB
2026/08/13 21:27:13.218, NVIDIA H200, 57, 100 %, 28 %, 142399 MiB, 143771 MiB
2026/08/13 21:27:16.218, NVIDIA H200, 56, 98 %, 34 %, 142399 MiB, 143771 MiB
2026/08/13 21:27:19.219, NVIDIA H200, 57, 100 %, 55 %, 142399 MiB, 143771 MiB
2026/08/13 21:27:22.219, NVIDIA H200, 57, 100 %, 53 %, 142399 MiB, 143771 MiB
2026/08/13 21:27:25.220, NVIDIA H200, 61, 100 %, 49 %, 142399 MiB, 143771 MiB
2026/08/13 21:27:28.220, NVIDIA H200, 55, 99 %, 49 %, 142399 MiB, 143771 MiB
2026/08/13 21:27:31.221, NVIDIA H200, 56, 100 %, 52 %, 142399 MiB, 143771 MiB
2026/08/13 21:27:34.221, NVIDIA H200, 56, 100 %, 48 %, 142399 MiB, 143771 MiB
2026/08/13 21:27:37.222, NVIDIA H200, 55, 100 %, 51 %, 142399 MiB, 143771 MiB
2026/08/13 21:27:40.222, NVIDIA H200, 56, 100 %, 28 %, 142399 MiB, 143771 MiB
2026/08/13 21:27:43.222, NVIDIA H200, 55, 98 %, 51 %, 142399 MiB, 143771 MiB
2026/08/13 21:27:46.223, NVIDIA H200, 29, 0 %, 0 %, 142399 MiB, 143771 MiB
2026/08/13 21:27:49.224, NVIDIA H200, 28, 0 %, 0 %, 142399 MiB, 143771 MiB
2026/08/13 21:27:52.224, NVIDIA H200, 38, 100 %, 55 %, 142399 MiB, 143771 MiB
2026/08/13 21:27:55.225, NVIDIA H200, 30, 0 %, 0 %, 142399 MiB, 143771 MiB
2026/08/13 21:27:58.225, NVIDIA H200, 27, 0 %, 0 %, 142399 MiB, 143771 MiB
2026/08/13 21:28:01.226, NVIDIA H200, 47, 100 %, 58 %, 142399 MiB, 143771 MiB
2026/08/13 21:28:04.226, NVIDIA H200, 54, 98 %, 68 %, 142399 MiB, 143771 MiB
2026/08/13 21:28:07.226, NVIDIA H200, 58, 100 %, 45 %, 142399 MiB, 143771 MiB
2026/08/13 21:28:10.227, NVIDIA H200, 56, 98 %, 40 %, 142399 MiB, 143771 MiB
2026/08/13 21:28:13.227, NVIDIA H200, 60, 100 %, 38 %, 142399 MiB, 143771 MiB
2026/08/13 21:28:16.228, NVIDIA H200, 54, 100 %, 61 %, 142399 MiB, 143771 MiB
2026/08/13 21:28:19.228, NVIDIA H200, 56, 100 %, 48 %, 142399 MiB, 143771 MiB
2026/08/13 21:28:22.229, NVIDIA H200, 56, 98 %, 70 %, 142399 MiB, 143771 MiB
2026/08/13 21:28:25.229, NVIDIA H200, 52, 100 %, 61 %, 142399 MiB, 143771 MiB
2026/08/13 21:28:28.230, NVIDIA H200, 57, 100 %, 48 %, 142399 MiB, 143771 MiB
2026/08/13 21:28:31.230, NVIDIA H200, 59, 99 %, 44 %, 142399 MiB, 143771 MiB
2026/08/13 21:28:34.230, NVIDIA H200, 59, 100 %, 57 %, 142399 MiB, 143771 MiB
2026/08/13 21:28:37.231, NVIDIA H200, 58, 100 %, 58 %, 142399 MiB, 143771 MiB
2026/08/13 21:28:40.231, NVIDIA H200, 58, 100 %, 53 %, 142399 MiB, 143771 MiB
2026/08/13 21:28:43.232, NVIDIA H200, 55, 99 %, 53 %, 142399 MiB, 143771 MiB
2026/08/13 21:28:46.232, NVIDIA H200, 56, 100 %, 52 %, 142399 MiB, 143771 MiB
2026/08/13 21:28:49.233, NVIDIA H200, 56, 100 %, 51 %, 142399 MiB, 143771 MiB
2026/08/13 21:28:52.233, NVIDIA H200, 56, 100 %, 49 %, 142399 MiB, 143771 MiB
2026/08/13 21:28:55.234, NVIDIA H200, 57, 100 %, 34 %, 142399 MiB, 143771 MiB
2026/08/13 21:28:58.234, NVIDIA H200, 57, 100 %, 57 %, 142399 MiB, 143771 MiB
2026/08/13 21:29:01.235, NVIDIA H200, 59, 100 %, 48 %, 142399 MiB, 143771 MiB
2026/08/13 21:29:04.235, NVIDIA H200, 54, 100 %, 50 %, 142399 MiB, 143771 MiB
2026/08/13 21:29:07.236, NVIDIA H200, 55, 100 %, 43 %, 142399 MiB, 143771 MiB
2026/08/13 21:29:10.236, NVIDIA H200, 57, 98 %, 57 %, 142399 MiB, 143771 MiB
2026/08/13 21:29:13.236, NVIDIA H200, 53, 100 %, 55 %, 142399 MiB, 143771 MiB
2026/08/13 21:29:16.237, NVIDIA H200, 56, 100 %, 36 %, 142399 MiB, 143771 MiB
2026/08/13 21:29:19.237, NVIDIA H200, 58, 99 %, 34 %, 142399 MiB, 143771 MiB
2026/08/13 21:29:22.238, NVIDIA H200, 60, 100 %, 48 %, 142399 MiB, 143771 MiB
2026/08/13 21:29:25.238, NVIDIA H200, 50, 100 %, 45 %, 142399 MiB, 143771 MiB
2026/08/13 21:29:28.238, NVIDIA H200, 29, 0 %, 0 %, 142399 MiB, 143771 MiB
2026/08/13 21:29:31.239, NVIDIA H200, 27, 0 %, 0 %, 142399 MiB, 143771 MiB
2026/08/13 21:29:34.239, NVIDIA H200, 52, 99 %, 48 %, 142399 MiB, 143771 MiB
2026/08/13 21:29:37.240, NVIDIA H200, 29, 0 %, 0 %, 142399 MiB, 143771 MiB
2026/08/13 21:29:40.240, NVIDIA H200, 27, 0 %, 0 %, 142399 MiB, 143771 MiB
2026/08/13 21:29:43.240, NVIDIA H200, 28, 0 %, 0 %, 142399 MiB, 143771 MiB
2026/08/13 21:29:46.241, NVIDIA H200, 51, 100 %, 47 %, 142399 MiB, 143771 MiB
2026/08/13 21:29:49.241, NVIDIA H200, 45, 100 %, 55 %, 142399 MiB, 143771 MiB
2026/08/13 21:29:52.242, NVIDIA H200, 59, 100 %, 53 %, 142399 MiB, 143771 MiB
2026/08/13 21:29:55.242, NVIDIA H200, 54, 100 %, 51 %, 142399 MiB, 143771 MiB
2026/08/13 21:29:58.243, NVIDIA H200, 56, 100 %, 44 %, 142399 MiB, 143771 MiB
2026/08/13 21:30:01.243, NVIDIA H200, 54, 99 %, 49 %, 142399 MiB, 143771 MiB
2026/08/13 21:30:04.243, NVIDIA H200, 54, 100 %, 52 %, 142399 MiB, 143771 MiB
2026/08/13 21:30:07.244, NVIDIA H200, 55, 100 %, 44 %, 142399 MiB, 143771 MiB
2026/08/13 21:30:10.244, NVIDIA H200, 56, 100 %, 46 %, 142399 MiB, 143771 MiB
2026/08/13 21:30:13.245, NVIDIA H200, 57, 100 %, 39 %, 142399 MiB, 143771 MiB
2026/08/13 21:30:16.245, NVIDIA H200, 56, 100 %, 58 %, 142399 MiB, 143771 MiB
2026/08/13 21:30:19.245, NVIDIA H200, 59, 100 %, 48 %, 142399 MiB, 143771 MiB
2026/08/13 21:30:22.246, NVIDIA H200, 54, 100 %, 50 %, 142399 MiB, 143771 MiB
2026/08/13 21:30:25.246, NVIDIA H200, 55, 100 %, 43 %, 142399 MiB, 143771 MiB
2026/08/13 21:30:28.247, NVIDIA H200, 56, 98 %, 61 %, 142399 MiB, 143771 MiB
2026/08/13 21:30:31.247, NVIDIA H200, 52, 100 %, 56 %, 142399 MiB, 143771 MiB
2026/08/13 21:30:34.248, NVIDIA H200, 56, 100 %, 52 %, 142399 MiB, 143771 MiB
2026/08/13 21:30:37.248, NVIDIA H200, 58, 99 %, 48 %, 142399 MiB, 143771 MiB
2026/08/13 21:30:40.251, NVIDIA H200, 60, 100 %, 40 %, 142399 MiB, 143771 MiB
2026/08/13 21:30:43.251, NVIDIA H200, 57, 100 %, 54 %, 142399 MiB, 143771 MiB
2026/08/13 21:30:46.252, NVIDIA H200, 57, 100 %, 52 %, 142399 MiB, 143771 MiB
2026/08/13 21:30:49.252, NVIDIA H200, 55, 99 %, 54 %, 142399 MiB, 143771 MiB
2026/08/13 21:30:52.253, NVIDIA H200, 56, 100 %, 49 %, 142399 MiB, 143771 MiB
2026/08/13 21:30:55.253, NVIDIA H200, 56, 100 %, 26 %, 142399 MiB, 143771 MiB
2026/08/13 21:30:58.253, NVIDIA H200, 56, 99 %, 36 %, 142399 MiB, 143771 MiB
2026/08/13 21:31:01.254, NVIDIA H200, 56, 100 %, 46 %, 142399 MiB, 143771 MiB
2026/08/13 21:31:04.254, NVIDIA H200, 57, 100 %, 53 %, 142399 MiB, 143771 MiB
2026/08/13 21:31:07.254, NVIDIA H200, 59, 100 %, 47 %, 142399 MiB, 143771 MiB
2026/08/13 21:31:10.255, NVIDIA H200, 29, 0 %, 0 %, 142399 MiB, 143771 MiB
2026/08/13 21:31:13.255, NVIDIA H200, 27, 0 %, 0 %, 142399 MiB, 143771 MiB
2026/08/13 21:31:16.256, NVIDIA H200, 49, 99 %, 40 %, 142399 MiB, 143771 MiB
2026/08/13 21:31:19.256, NVIDIA H200, 30, 0 %, 0 %, 142399 MiB, 143771 MiB
2026/08/13 21:31:22.257, NVIDIA H200, 27, 0 %, 0 %, 142399 MiB, 143771 MiB
2026/08/13 21:31:25.258, NVIDIA H200, 52, 100 %, 49 %, 142399 MiB, 143771 MiB
2026/08/13 21:31:28.258, NVIDIA H200, 57, 100 %, 50 %, 142399 MiB, 143771 MiB
2026/08/13 21:31:31.259, NVIDIA H200, 55, 100 %, 56 %, 142399 MiB, 143771 MiB
2026/08/13 21:31:34.259, NVIDIA H200, 56, 100 %, 46 %, 142399 MiB, 143771 MiB
2026/08/13 21:31:37.259, NVIDIA H200, 55, 99 %, 64 %, 142399 MiB, 143771 MiB
2026/08/13 21:31:40.260, NVIDIA H200, 56, 100 %, 57 %, 142399 MiB, 143771 MiB
2026/08/13 21:31:43.260, NVIDIA H200, 57, 100 %, 43 %, 142399 MiB, 143771 MiB
2026/08/13 21:31:46.261, NVIDIA H200, 55, 99 %, 40 %, 142399 MiB, 143771 MiB
2026/08/13 21:31:49.261, NVIDIA H200, 57, 100 %, 59 %, 142399 MiB, 143771 MiB
2026/08/13 21:31:52.262, NVIDIA H200, 56, 100 %, 51 %, 142399 MiB, 143771 MiB
2026/08/13 21:31:55.262, NVIDIA H200, 60, 100 %, 44 %, 142399 MiB, 143771 MiB
2026/08/13 21:31:58.263, NVIDIA H200, 54, 98 %, 54 %, 142399 MiB, 143771 MiB
2026/08/13 21:32:01.263, NVIDIA H200, 55, 100 %, 47 %, 142399 MiB, 143771 MiB
2026/08/13 21:32:04.264, NVIDIA H200, 56, 100 %, 44 %, 142399 MiB, 143771 MiB
2026/08/13 21:32:07.264, NVIDIA H200, 51, 99 %, 47 %, 142399 MiB, 143771 MiB
2026/08/13 21:32:10.264, NVIDIA H200, 57, 100 %, 48 %, 142399 MiB, 143771 MiB
2026/08/13 21:32:13.265, NVIDIA H200, 56, 100 %, 57 %, 142399 MiB, 143771 MiB
2026/08/13 21:32:16.265, NVIDIA H200, 58, 100 %, 42 %, 142399 MiB, 143771 MiB
2026/08/13 21:32:19.266, NVIDIA H200, 54, 100 %, 50 %, 142399 MiB, 143771 MiB
2026/08/13 21:32:22.266, NVIDIA H200, 56, 100 %, 54 %, 142399 MiB, 143771 MiB
2026/08/13 21:32:25.266, NVIDIA H200, 57, 100 %, 53 %, 142399 MiB, 143771 MiB
2026/08/13 21:32:28.267, NVIDIA H200, 55, 100 %, 49 %, 142399 MiB, 143771 MiB
2026/08/13 21:32:31.267, NVIDIA H200, 56, 100 %, 23 %, 142399 MiB, 143771 MiB
2026/08/13 21:32:34.268, NVIDIA H200, 57, 99 %, 41 %, 142399 MiB, 143771 MiB
2026/08/13 21:32:37.268, NVIDIA H200, 58, 100 %, 36 %, 142399 MiB, 143771 MiB
2026/08/13 21:32:40.268, NVIDIA H200, 56, 100 %, 60 %, 142399 MiB, 143771 MiB
2026/08/13 21:32:43.269, NVIDIA H200, 58, 100 %, 48 %, 142399 MiB, 143771 MiB
2026/08/13 21:32:46.269, NVIDIA H200, 54, 98 %, 73 %, 142399 MiB, 143771 MiB
2026/08/13 21:32:49.270, NVIDIA H200, 34, 0 %, 0 %, 142399 MiB, 143771 MiB
2026/08/13 21:32:52.270, NVIDIA H200, 28, 0 %, 0 %, 142399 MiB, 143771 MiB
2026/08/13 21:32:55.271, NVIDIA H200, 27, 0 %, 0 %, 142399 MiB, 143771 MiB
2026/08/13 21:32:58.271, NVIDIA H200, 51, 99 %, 35 %, 142399 MiB, 143771 MiB
2026/08/13 21:33:01.272, NVIDIA H200, 28, 0 %, 0 %, 142399 MiB, 143771 MiB
2026/08/13 21:33:04.272, NVIDIA H200, 27, 0 %, 0 %, 142399 MiB, 143771 MiB
2026/08/13 21:33:07.273, NVIDIA H200, 26, 0 %, 0 %, 142399 MiB, 143771 MiB
2026/08/13 21:33:10.273, NVIDIA H200, 26, 0 %, 0 %, 142399 MiB, 143771 MiB
2026/08/13 21:33:13.273, NVIDIA H200, 42, 100 %, 52 %, 142399 MiB, 143771 MiB
2026/08/13 21:33:16.274, NVIDIA H200, 54, 100 %, 45 %, 142399 MiB, 143771 MiB
2026/08/13 21:33:19.274, NVIDIA H200, 53, 100 %, 51 %, 142399 MiB, 143771 MiB
2026/08/13 21:33:22.275, NVIDIA H200, 57, 100 %, 49 %, 142399 MiB, 143771 MiB
2026/08/13 21:33:25.275, NVIDIA H200, 53, 98 %, 64 %, 142399 MiB, 143771 MiB
2026/08/13 21:33:28.276, NVIDIA H200, 54, 100 %, 57 %, 142399 MiB, 143771 MiB
2026/08/13 21:33:31.276, NVIDIA H200, 56, 100 %, 51 %, 142399 MiB, 143771 MiB
2026/08/13 21:33:34.277, NVIDIA H200, 51, 98 %, 42 %, 142399 MiB, 143771 MiB
2026/08/13 21:33:37.277, NVIDIA H200, 56, 100 %, 51 %, 142399 MiB, 143771 MiB
2026/08/13 21:33:40.277, NVIDIA H200, 57, 100 %, 58 %, 142399 MiB, 143771 MiB
2026/08/13 21:33:43.278, NVIDIA H200, 60, 100 %, 42 %, 142399 MiB, 143771 MiB
2026/08/13 21:33:46.278, NVIDIA H200, 56, 100 %, 54 %, 142399 MiB, 143771 MiB
2026/08/13 21:33:49.279, NVIDIA H200, 57, 100 %, 52 %, 142399 MiB, 143771 MiB
2026/08/13 21:33:52.279, NVIDIA H200, 55, 99 %, 55 %, 142399 MiB, 143771 MiB
2026/08/13 21:33:55.280, NVIDIA H200, 55, 100 %, 49 %, 142399 MiB, 143771 MiB
2026/08/13 21:33:58.280, NVIDIA H200, 56, 100 %, 23 %, 142399 MiB, 143771 MiB
2026/08/13 21:34:01.280, NVIDIA H200, 56, 98 %, 34 %, 142399 MiB, 143771 MiB
2026/08/13 21:34:04.281, NVIDIA H200, 56, 100 %, 47 %, 142399 MiB, 143771 MiB
2026/08/13 21:34:07.281, NVIDIA H200, 56, 100 %, 54 %, 142399 MiB, 143771 MiB
2026/08/13 21:34:10.282, NVIDIA H200, 60, 100 %, 46 %, 142399 MiB, 143771 MiB
2026/08/13 21:34:13.282, NVIDIA H200, 54, 98 %, 58 %, 142399 MiB, 143771 MiB
2026/08/13 21:34:16.283, NVIDIA H200, 55, 100 %, 47 %, 142399 MiB, 143771 MiB
2026/08/13 21:34:19.283, NVIDIA H200, 56, 100 %, 45 %, 142399 MiB, 143771 MiB
2026/08/13 21:34:22.284, NVIDIA H200, 52, 100 %, 46 %, 142399 MiB, 143771 MiB
2026/08/13 21:34:25.284, NVIDIA H200, 57, 100 %, 39 %, 142399 MiB, 143771 MiB
2026/08/13 21:34:28.285, NVIDIA H200, 60, 100 %, 56 %, 142399 MiB, 143771 MiB
2026/08/13 21:34:31.285, NVIDIA H200, 58, 100 %, 48 %, 142399 MiB, 143771 MiB
2026/08/13 21:34:34.285, NVIDIA H200, 58, 100 %, 50 %, 142399 MiB, 143771 MiB
2026/08/13 21:34:37.286, NVIDIA H200, 58, 100 %, 46 %, 142399 MiB, 143771 MiB
2026/08/13 21:34:40.286, NVIDIA H200, 30, 0 %, 0 %, 142399 MiB, 143771 MiB
2026/08/13 21:34:43.287, NVIDIA H200, 30, 0 %, 0 %, 142399 MiB, 143771 MiB
2026/08/13 21:34:46.287, NVIDIA H200, 45, 100 %, 55 %, 142399 MiB, 143771 MiB
2026/08/13 21:34:49.288, NVIDIA H200, 29, 0 %, 0 %, 142399 MiB, 143771 MiB
2026/08/13 21:34:52.288, NVIDIA H200, 27, 0 %, 0 %, 142399 MiB, 143771 MiB
2026/08/13 21:34:55.289, NVIDIA H200, 42, 100 %, 51 %, 142399 MiB, 143771 MiB
2026/08/13 21:34:58.289, NVIDIA H200, 54, 100 %, 63 %, 142399 MiB, 143771 MiB
2026/08/13 21:35:01.290, NVIDIA H200, 54, 100 %, 49 %, 142399 MiB, 143771 MiB
2026/08/13 21:35:04.293, NVIDIA H200, 43, 19 %, 16 %, 142399 MiB, 143771 MiB
2026/08/13 21:35:07.293, NVIDIA H200, 57, 100 %, 48 %, 142399 MiB, 143771 MiB
2026/08/13 21:35:10.293, NVIDIA H200, 55, 98 %, 53 %, 142399 MiB, 143771 MiB
2026/08/13 21:35:13.294, NVIDIA H200, 55, 100 %, 50 %, 142399 MiB, 143771 MiB
2026/08/13 21:35:16.294, NVIDIA H200, 56, 100 %, 30 %, 142399 MiB, 143771 MiB
2026/08/13 21:35:19.295, NVIDIA H200, 56, 99 %, 35 %, 142399 MiB, 143771 MiB
2026/08/13 21:35:22.295, NVIDIA H200, 56, 100 %, 46 %, 142399 MiB, 143771 MiB
2026/08/13 21:35:25.296, NVIDIA H200, 57, 100 %, 56 %, 142399 MiB, 143771 MiB
2026/08/13 21:35:28.296, NVIDIA H200, 59, 100 %, 48 %, 142399 MiB, 143771 MiB
2026/08/13 21:35:31.296, NVIDIA H200, 54, 100 %, 53 %, 142399 MiB, 143771 MiB
2026/08/13 21:35:34.297, NVIDIA H200, 56, 100 %, 50 %, 142399 MiB, 143771 MiB
2026/08/13 21:35:37.298, NVIDIA H200, 57, 100 %, 33 %, 142399 MiB, 143771 MiB
2026/08/13 21:35:40.298, NVIDIA H200, 52, 100 %, 53 %, 142399 MiB, 143771 MiB
2026/08/13 21:35:43.298, NVIDIA H200, 57, 100 %, 45 %, 142399 MiB, 143771 MiB
2026/08/13 21:35:46.299, NVIDIA H200, 58, 100 %, 52 %, 142399 MiB, 143771 MiB
2026/08/13 21:35:49.299, NVIDIA H200, 60, 100 %, 43 %, 142399 MiB, 143771 MiB
2026/08/13 21:35:52.299, NVIDIA H200, 54, 98 %, 61 %, 142399 MiB, 143771 MiB
2026/08/13 21:35:55.300, NVIDIA H200, 57, 100 %, 56 %, 142399 MiB, 143771 MiB
2026/08/13 21:35:58.300, NVIDIA H200, 55, 100 %, 42 %, 142399 MiB, 143771 MiB
2026/08/13 21:36:01.301, NVIDIA H200, 56, 98 %, 41 %, 142399 MiB, 143771 MiB
2026/08/13 21:36:04.301, NVIDIA H200, 56, 100 %, 57 %, 142399 MiB, 143771 MiB
2026/08/13 21:36:07.302, NVIDIA H200, 59, 100 %, 52 %, 142399 MiB, 143771 MiB
2026/08/13 21:36:10.302, NVIDIA H200, 59, 100 %, 46 %, 142399 MiB, 143771 MiB
2026/08/13 21:36:13.303, NVIDIA H200, 59, 100 %, 52 %, 142399 MiB, 143771 MiB
2026/08/13 21:36:16.303, NVIDIA H200, 58, 100 %, 56 %, 142399 MiB, 143771 MiB
2026/08/13 21:36:19.304, NVIDIA H200, 56, 100 %, 44 %, 142399 MiB, 143771 MiB
2026/08/13 21:36:22.304, NVIDIA H200, 31, 0 %, 0 %, 142399 MiB, 143771 MiB
2026/08/13 21:36:25.305, NVIDIA H200, 31, 0 %, 0 %, 142399 MiB, 143771 MiB
2026/08/13 21:36:28.305, NVIDIA H200, 35, 0 %, 0 %, 142399 MiB, 143771 MiB
2026/08/13 21:36:31.306, NVIDIA H200, 32, 0 %, 0 %, 142399 MiB, 143771 MiB
2026/08/13 21:36:34.306, NVIDIA H200, 28, 0 %, 0 %, 142399 MiB, 143771 MiB
2026/08/13 21:36:37.307, NVIDIA H200, 27, 0 %, 0 %, 142399 MiB, 143771 MiB
2026/08/13 21:36:40.307, NVIDIA H200, 51, 100 %, 56 %, 142399 MiB, 143771 MiB
2026/08/13 21:36:43.307, NVIDIA H200, 47, 100 %, 47 %, 142399 MiB, 143771 MiB
2026/08/13 21:36:46.308, NVIDIA H200, 58, 100 %, 48 %, 142399 MiB, 143771 MiB
2026/08/13 21:36:49.308, NVIDIA H200, 56, 98 %, 73 %, 142399 MiB, 143771 MiB
2026/08/13 21:36:52.309, NVIDIA H200, 55, 100 %, 58 %, 142399 MiB, 143771 MiB
2026/08/13 21:36:55.309, NVIDIA H200, 57, 100 %, 48 %, 142399 MiB, 143771 MiB
2026/08/13 21:36:58.310, NVIDIA H200, 55, 100 %, 42 %, 142399 MiB, 143771 MiB
2026/08/13 21:37:01.310, NVIDIA H200, 58, 100 %, 62 %, 142399 MiB, 143771 MiB
2026/08/13 21:37:04.311, NVIDIA H200, 58, 100 %, 56 %, 142399 MiB, 143771 MiB
2026/08/13 21:37:07.311, NVIDIA H200, 60, 100 %, 53 %, 142399 MiB, 143771 MiB
2026/08/13 21:37:10.312, NVIDIA H200, 55, 100 %, 57 %, 142399 MiB, 143771 MiB
2026/08/13 21:37:13.312, NVIDIA H200, 58, 100 %, 49 %, 142399 MiB, 143771 MiB
2026/08/13 21:37:16.313, NVIDIA H200, 55, 100 %, 47 %, 142399 MiB, 143771 MiB
2026/08/13 21:37:19.313, NVIDIA H200, 56, 100 %, 50 %, 142399 MiB, 143771 MiB
2026/08/13 21:37:22.313, NVIDIA H200, 57, 100 %, 22 %, 142399 MiB, 143771 MiB
2026/08/13 21:37:25.314, NVIDIA H200, 58, 98 %, 38 %, 142399 MiB, 143771 MiB
2026/08/13 21:37:28.314, NVIDIA H200, 58, 100 %, 41 %, 142399 MiB, 143771 MiB
2026/08/13 21:37:31.315, NVIDIA H200, 57, 100 %, 54 %, 142399 MiB, 143771 MiB
2026/08/13 21:37:34.315, NVIDIA H200, 60, 100 %, 48 %, 142399 MiB, 143771 MiB
2026/08/13 21:37:37.316, NVIDIA H200, 55, 98 %, 62 %, 142399 MiB, 143771 MiB
2026/08/13 21:37:40.316, NVIDIA H200, 56, 100 %, 56 %, 142399 MiB, 143771 MiB
2026/08/13 21:37:43.317, NVIDIA H200, 57, 100 %, 44 %, 142399 MiB, 143771 MiB
2026/08/13 21:37:46.317, NVIDIA H200, 52, 99 %, 46 %, 142399 MiB, 143771 MiB
2026/08/13 21:37:49.317, NVIDIA H200, 57, 100 %, 49 %, 142399 MiB, 143771 MiB
2026/08/13 21:37:52.318, NVIDIA H200, 59, 100 %, 55 %, 142399 MiB, 143771 MiB
2026/08/13 21:37:55.318, NVIDIA H200, 61, 100 %, 40 %, 142399 MiB, 143771 MiB
2026/08/13 21:37:58.318, NVIDIA H200, 57, 100 %, 52 %, 142399 MiB, 143771 MiB
2026/08/13 21:38:01.319, NVIDIA H200, 58, 100 %, 53 %, 142399 MiB, 143771 MiB
2026/08/13 21:38:04.319, NVIDIA H200, 33, 0 %, 0 %, 142399 MiB, 143771 MiB
2026/08/13 21:38:07.320, NVIDIA H200, 29, 0 %, 0 %, 142399 MiB, 143771 MiB
2026/08/13 21:38:10.320, NVIDIA H200, 44, 100 %, 57 %, 142399 MiB, 143771 MiB
2026/08/13 21:38:13.320, NVIDIA H200, 35, 0 %, 0 %, 142399 MiB, 143771 MiB
2026/08/13 21:38:16.321, NVIDIA H200, 28, 0 %, 0 %, 142399 MiB, 143771 MiB
2026/08/13 21:38:19.321, NVIDIA H200, 27, 0 %, 0 %, 142399 MiB, 143771 MiB
2026/08/13 21:38:22.322, NVIDIA H200, 51, 100 %, 47 %, 142399 MiB, 143771 MiB
2026/08/13 21:38:25.322, NVIDIA H200, 54, 99 %, 39 %, 142399 MiB, 143771 MiB
2026/08/13 21:38:28.322, NVIDIA H200, 55, 100 %, 32 %, 142399 MiB, 143771 MiB
2026/08/13 21:38:31.323, NVIDIA H200, 58, 100 %, 48 %, 142399 MiB, 143771 MiB
2026/08/13 21:38:34.323, NVIDIA H200, 59, 100 %, 46 %, 142399 MiB, 143771 MiB
2026/08/13 21:38:37.324, NVIDIA H200, 57, 100 %, 54 %, 142399 MiB, 143771 MiB
2026/08/13 21:38:40.324, NVIDIA H200, 57, 100 %, 46 %, 142399 MiB, 143771 MiB
2026/08/13 21:38:43.325, NVIDIA H200, 55, 98 %, 67 %, 142399 MiB, 143771 MiB
2026/08/13 21:38:46.325, NVIDIA H200, 57, 100 %, 57 %, 142399 MiB, 143771 MiB
2026/08/13 21:38:49.326, NVIDIA H200, 58, 100 %, 47 %, 142399 MiB, 143771 MiB
2026/08/13 21:38:52.326, NVIDIA H200, 55, 99 %, 46 %, 142399 MiB, 143771 MiB
2026/08/13 21:38:55.326, NVIDIA H200, 58, 100 %, 66 %, 142399 MiB, 143771 MiB
2026/08/13 21:38:58.327, NVIDIA H200, 57, 100 %, 55 %, 142399 MiB, 143771 MiB
2026/08/13 21:39:01.327, NVIDIA H200, 59, 100 %, 47 %, 142399 MiB, 143771 MiB
2026/08/13 21:39:04.328, NVIDIA H200, 55, 98 %, 51 %, 142399 MiB, 143771 MiB
2026/08/13 21:39:07.328, NVIDIA H200, 55, 100 %, 49 %, 142399 MiB, 143771 MiB
2026/08/13 21:39:10.329, NVIDIA H200, 56, 100 %, 43 %, 142399 MiB, 143771 MiB
2026/08/13 21:39:13.329, NVIDIA H200, 51, 100 %, 46 %, 142399 MiB, 143771 MiB
2026/08/13 21:39:16.329, NVIDIA H200, 56, 100 %, 49 %, 142399 MiB, 143771 MiB
2026/08/13 21:39:19.330, NVIDIA H200, 58, 100 %, 55 %, 142399 MiB, 143771 MiB
2026/08/13 21:39:22.331, NVIDIA H200, 61, 100 %, 40 %, 142399 MiB, 143771 MiB
2026/08/13 21:39:25.331, NVIDIA H200, 57, 100 %, 52 %, 142399 MiB, 143771 MiB
2026/08/13 21:39:28.332, NVIDIA H200, 57, 100 %, 54 %, 142399 MiB, 143771 MiB
2026/08/13 21:39:31.332, NVIDIA H200, 55, 99 %, 54 %, 142399 MiB, 143771 MiB
2026/08/13 21:39:34.333, NVIDIA H200, 56, 99 %, 43 %, 142399 MiB, 143771 MiB
2026/08/13 21:39:37.333, NVIDIA H200, 57, 100 %, 65 %, 142399 MiB, 143771 MiB
2026/08/13 21:39:40.334, NVIDIA H200, 58, 100 %, 41 %, 142399 MiB, 143771 MiB
2026/08/13 21:39:43.334, NVIDIA H200, 58, 100 %, 48 %, 142399 MiB, 143771 MiB
2026/08/13 21:39:46.335, NVIDIA H200, 57, 73 %, 37 %, 142399 MiB, 143771 MiB
2026/08/13 21:39:49.335, NVIDIA H200, 30, 0 %, 0 %, 142399 MiB, 143771 MiB
2026/08/13 21:39:52.336, NVIDIA H200, 45, 100 %, 59 %, 142399 MiB, 143771 MiB
2026/08/13 21:39:55.336, NVIDIA H200, 52, 100 %, 54 %, 142399 MiB, 143771 MiB
2026/08/13 21:39:58.337, NVIDIA H200, 29, 0 %, 0 %, 142399 MiB, 143771 MiB
2026/08/13 21:40:01.337, NVIDIA H200, 27, 0 %, 0 %, 142399 MiB, 143771 MiB
2026/08/13 21:40:04.338, NVIDIA H200, 50, 79 %, 43 %, 142399 MiB, 143771 MiB
2026/08/13 21:40:07.338, NVIDIA H200, 52, 100 %, 48 %, 142399 MiB, 143771 MiB
2026/08/13 21:40:10.338, NVIDIA H200, 56, 100 %, 58 %, 142399 MiB, 143771 MiB
2026/08/13 21:40:13.339, NVIDIA H200, 56, 100 %, 50 %, 142399 MiB, 143771 MiB
2026/08/13 21:40:16.339, NVIDIA H200, 57, 98 %, 44 %, 142399 MiB, 143771 MiB
2026/08/13 21:40:19.340, NVIDIA H200, 55, 100 %, 49 %, 142399 MiB, 143771 MiB
2026/08/13 21:40:22.340, NVIDIA H200, 56, 100 %, 48 %, 142399 MiB, 143771 MiB
2026/08/13 21:40:25.340, NVIDIA H200, 56, 100 %, 15 %, 142399 MiB, 143771 MiB
2026/08/13 21:40:28.341, NVIDIA H200, 57, 99 %, 40 %, 142399 MiB, 143771 MiB
2026/08/13 21:40:31.342, NVIDIA H200, 57, 100 %, 38 %, 142399 MiB, 143771 MiB
2026/08/13 21:40:34.342, NVIDIA H200, 57, 100 %, 60 %, 142399 MiB, 143771 MiB
2026/08/13 21:40:37.342, NVIDIA H200, 59, 100 %, 49 %, 142399 MiB, 143771 MiB
2026/08/13 21:40:40.343, NVIDIA H200, 55, 98 %, 63 %, 142399 MiB, 143771 MiB
2026/08/13 21:40:43.343, NVIDIA H200, 56, 100 %, 57 %, 142399 MiB, 143771 MiB
2026/08/13 21:40:46.344, NVIDIA H200, 58, 100 %, 48 %, 142399 MiB, 143771 MiB
2026/08/13 21:40:49.344, NVIDIA H200, 54, 99 %, 40 %, 142399 MiB, 143771 MiB
2026/08/13 21:40:52.345, NVIDIA H200, 57, 100 %, 50 %, 142399 MiB, 143771 MiB
2026/08/13 21:40:55.345, NVIDIA H200, 59, 100 %, 56 %, 142399 MiB, 143771 MiB
2026/08/13 21:40:58.345, NVIDIA H200, 61, 100 %, 48 %, 142399 MiB, 143771 MiB
2026/08/13 21:41:01.346, NVIDIA H200, 56, 100 %, 54 %, 142399 MiB, 143771 MiB
2026/08/13 21:41:04.346, NVIDIA H200, 57, 100 %, 55 %, 142399 MiB, 143771 MiB
2026/08/13 21:41:07.347, NVIDIA H200, 58, 100 %, 55 %, 142399 MiB, 143771 MiB
2026/08/13 21:41:10.347, NVIDIA H200, 55, 100 %, 48 %, 142399 MiB, 143771 MiB
2026/08/13 21:41:13.347, NVIDIA H200, 58, 100 %, 21 %, 142399 MiB, 143771 MiB
2026/08/13 21:41:16.348, NVIDIA H200, 58, 98 %, 35 %, 142399 MiB, 143771 MiB
2026/08/13 21:41:19.348, NVIDIA H200, 62, 100 %, 41 %, 142399 MiB, 143771 MiB
2026/08/13 21:41:22.349, NVIDIA H200, 55, 100 %, 56 %, 142399 MiB, 143771 MiB
2026/08/13 21:41:25.349, NVIDIA H200, 56, 100 %, 47 %, 142399 MiB, 143771 MiB
2026/08/13 21:41:28.349, NVIDIA H200, 42, 34 %, 15 %, 142399 MiB, 143771 MiB
2026/08/13 21:41:31.350, NVIDIA H200, 29, 0 %, 0 %, 142399 MiB, 143771 MiB
2026/08/13 21:41:34.350, NVIDIA H200, 30, 0 %, 0 %, 142399 MiB, 143771 MiB
2026/08/13 21:41:37.351, NVIDIA H200, 54, 99 %, 48 %, 142399 MiB, 143771 MiB
2026/08/13 21:41:40.351, NVIDIA H200, 29, 0 %, 0 %, 142399 MiB, 143771 MiB
2026/08/13 21:41:43.352, NVIDIA H200, 27, 0 %, 0 %, 142399 MiB, 143771 MiB
2026/08/13 21:41:46.352, NVIDIA H200, 27, 0 %, 0 %, 142399 MiB, 143771 MiB
2026/08/13 21:41:49.353, NVIDIA H200, 35, 0 %, 0 %, 142399 MiB, 143771 MiB
2026/08/13 21:41:52.353, NVIDIA H200, 55, 100 %, 45 %, 142399 MiB, 143771 MiB
2026/08/13 21:41:55.354, NVIDIA H200, 42, 100 %, 46 %, 142399 MiB, 143771 MiB
2026/08/13 21:41:58.354, NVIDIA H200, 48, 24 %, 16 %, 142399 MiB, 143771 MiB
2026/08/13 21:42:01.354, NVIDIA H200, 55, 100 %, 48 %, 142399 MiB, 143771 MiB
2026/08/13 21:42:04.355, NVIDIA H200, 55, 100 %, 54 %, 142399 MiB, 143771 MiB
2026/08/13 21:42:07.355, NVIDIA H200, 57, 100 %, 53 %, 142399 MiB, 143771 MiB
2026/08/13 21:42:10.356, NVIDIA H200, 58, 100 %, 49 %, 142399 MiB, 143771 MiB
2026/08/13 21:42:13.356, NVIDIA H200, 56, 100 %, 51 %, 142399 MiB, 143771 MiB
2026/08/13 21:42:16.357, NVIDIA H200, 58, 100 %, 24 %, 142399 MiB, 143771 MiB
2026/08/13 21:42:19.357, NVIDIA H200, 57, 100 %, 47 %, 142399 MiB, 143771 MiB
2026/08/13 21:42:22.358, NVIDIA H200, 60, 100 %, 45 %, 142399 MiB, 143771 MiB
2026/08/13 21:42:25.358, NVIDIA H200, 54, 100 %, 55 %, 142399 MiB, 143771 MiB
2026/08/13 21:42:28.358, NVIDIA H200, 56, 100 %, 45 %, 142399 MiB, 143771 MiB
2026/08/13 21:42:31.359, NVIDIA H200, 57, 98 %, 63 %, 142399 MiB, 143771 MiB
2026/08/13 21:42:34.360, NVIDIA H200, 52, 100 %, 57 %, 142399 MiB, 143771 MiB
2026/08/13 21:42:37.360, NVIDIA H200, 57, 100 %, 43 %, 142399 MiB, 143771 MiB
2026/08/13 21:42:40.361, NVIDIA H200, 59, 98 %, 41 %, 142399 MiB, 143771 MiB
2026/08/13 21:42:43.361, NVIDIA H200, 61, 100 %, 59 %, 142399 MiB, 143771 MiB
2026/08/13 21:42:46.362, NVIDIA H200, 56, 100 %, 51 %, 142399 MiB, 143771 MiB
2026/08/13 21:42:49.362, NVIDIA H200, 57, 100 %, 46 %, 142399 MiB, 143771 MiB
2026/08/13 21:42:52.362, NVIDIA H200, 55, 98 %, 59 %, 142399 MiB, 143771 MiB
2026/08/13 21:42:55.363, NVIDIA H200, 57, 100 %, 51 %, 142399 MiB, 143771 MiB
2026/08/13 21:42:58.363, NVIDIA H200, 57, 100 %, 44 %, 142399 MiB, 143771 MiB
2026/08/13 21:43:01.364, NVIDIA H200, 60, 99 %, 46 %, 142399 MiB, 143771 MiB
2026/08/13 21:43:04.364, NVIDIA H200, 60, 100 %, 50 %, 142399 MiB, 143771 MiB
2026/08/13 21:43:07.365, NVIDIA H200, 59, 100 %, 52 %, 142399 MiB, 143771 MiB
2026/08/13 21:43:10.365, NVIDIA H200, 58, 100 %, 49 %, 142399 MiB, 143771 MiB
2026/08/13 21:43:13.366, NVIDIA H200, 57, 100 %, 55 %, 142399 MiB, 143771 MiB
2026/08/13 21:43:16.366, NVIDIA H200, 31, 0 %, 0 %, 142399 MiB, 143771 MiB
2026/08/13 21:43:19.366, NVIDIA H200, 28, 0 %, 0 %, 142399 MiB, 143771 MiB
2026/08/13 21:43:22.367, NVIDIA H200, 28, 0 %, 0 %, 142399 MiB, 143771 MiB
2026/08/13 21:43:25.367, NVIDIA H200, 52, 100 %, 51 %, 142399 MiB, 143771 MiB
2026/08/13 21:43:28.368, NVIDIA H200, 29, 0 %, 0 %, 142399 MiB, 143771 MiB
2026/08/13 21:43:31.368, NVIDIA H200, 27, 0 %, 0 %, 142399 MiB, 143771 MiB
2026/08/13 21:43:34.369, NVIDIA H200, 52, 100 %, 36 %, 142399 MiB, 143771 MiB
2026/08/13 21:43:37.369, NVIDIA H200, 47, 100 %, 47 %, 142399 MiB, 143771 MiB
2026/08/13 21:43:40.369, NVIDIA H200, 55, 100 %, 50 %, 142399 MiB, 143771 MiB
2026/08/13 21:43:43.370, NVIDIA H200, 57, 98 %, 47 %, 142399 MiB, 143771 MiB
2026/08/13 21:43:46.370, NVIDIA H200, 58, 100 %, 45 %, 142399 MiB, 143771 MiB
2026/08/13 21:43:49.371, NVIDIA H200, 57, 100 %, 58 %, 142399 MiB, 143771 MiB
2026/08/13 21:43:52.371, NVIDIA H200, 59, 100 %, 43 %, 142399 MiB, 143771 MiB
2026/08/13 21:43:55.372, NVIDIA H200, 55, 100 %, 53 %, 142399 MiB, 143771 MiB
2026/08/13 21:43:58.372, NVIDIA H200, 56, 100 %, 53 %, 142399 MiB, 143771 MiB
2026/08/13 21:44:01.373, NVIDIA H200, 57, 98 %, 52 %, 142399 MiB, 143771 MiB
2026/08/13 21:44:04.375, NVIDIA H200, 53, 100 %, 52 %, 142399 MiB, 143771 MiB
2026/08/13 21:44:07.375, NVIDIA H200, 58, 100 %, 39 %, 142399 MiB, 143771 MiB
2026/08/13 21:44:10.376, NVIDIA H200, 59, 98 %, 40 %, 142399 MiB, 143771 MiB
2026/08/13 21:44:13.376, NVIDIA H200, 61, 100 %, 61 %, 142399 MiB, 143771 MiB
2026/08/13 21:44:16.377, NVIDIA H200, 57, 100 %, 52 %, 142399 MiB, 143771 MiB
2026/08/13 21:44:19.377, NVIDIA H200, 57, 100 %, 54 %, 142399 MiB, 143771 MiB
2026/08/13 21:44:22.378, NVIDIA H200, 55, 99 %, 53 %, 142399 MiB, 143771 MiB
2026/08/13 21:44:25.378, NVIDIA H200, 56, 100 %, 50 %, 142399 MiB, 143771 MiB
2026/08/13 21:44:28.379, NVIDIA H200, 57, 100 %, 32 %, 142399 MiB, 143771 MiB
2026/08/13 21:44:31.379, NVIDIA H200, 57, 100 %, 50 %, 142399 MiB, 143771 MiB
2026/08/13 21:44:34.380, NVIDIA H200, 58, 100 %, 48 %, 142399 MiB, 143771 MiB
2026/08/13 21:44:37.380, NVIDIA H200, 58, 100 %, 53 %, 142399 MiB, 143771 MiB
2026/08/13 21:44:40.381, NVIDIA H200, 61, 100 %, 44 %, 142399 MiB, 143771 MiB
2026/08/13 21:44:43.381, NVIDIA H200, 55, 99 %, 58 %, 142399 MiB, 143771 MiB
2026/08/13 21:44:46.382, NVIDIA H200, 56, 100 %, 49 %, 142399 MiB, 143771 MiB
2026/08/13 21:44:49.382, NVIDIA H200, 57, 100 %, 43 %, 142399 MiB, 143771 MiB
2026/08/13 21:44:52.383, NVIDIA H200, 52, 99 %, 47 %, 142399 MiB, 143771 MiB
2026/08/13 21:44:55.383, NVIDIA H200, 57, 100 %, 47 %, 142399 MiB, 143771 MiB
2026/08/13 21:44:58.383, NVIDIA H200, 34, 0 %, 0 %, 142399 MiB, 143771 MiB
2026/08/13 21:45:01.384, NVIDIA H200, 29, 0 %, 0 %, 142399 MiB, 143771 MiB
2026/08/13 21:45:04.385, NVIDIA H200, 28, 0 %, 0 %, 142399 MiB, 143771 MiB
2026/08/13 21:45:07.385, NVIDIA H200, 54, 100 %, 54 %, 142399 MiB, 143771 MiB
2026/08/13 21:45:10.385, NVIDIA H200, 30, 0 %, 0 %, 142399 MiB, 143771 MiB
2026/08/13 21:45:13.386, NVIDIA H200, 50, 100 %, 52 %, 142399 MiB, 143771 MiB
2026/08/13 21:45:16.386, NVIDIA H200, 36, 0 %, 0 %, 142399 MiB, 143771 MiB
2026/08/13 21:45:19.387, NVIDIA H200, 57, 100 %, 58 %, 142399 MiB, 143771 MiB
2026/08/13 21:45:22.387, NVIDIA H200, 56, 100 %, 55 %, 142399 MiB, 143771 MiB
2026/08/13 21:45:25.388, NVIDIA H200, 52, 99 %, 45 %, 142399 MiB, 143771 MiB
2026/08/13 21:45:28.388, NVIDIA H200, 57, 100 %, 50 %, 142399 MiB, 143771 MiB
2026/08/13 21:45:31.389, NVIDIA H200, 58, 100 %, 56 %, 142399 MiB, 143771 MiB
2026/08/13 21:45:34.392, NVIDIA H200, 60, 100 %, 48 %, 142399 MiB, 143771 MiB
2026/08/13 21:45:37.392, NVIDIA H200, 56, 100 %, 56 %, 142399 MiB, 143771 MiB
2026/08/13 21:45:40.393, NVIDIA H200, 57, 100 %, 49 %, 142399 MiB, 143771 MiB
2026/08/13 21:45:43.393, NVIDIA H200, 55, 100 %, 46 %, 142399 MiB, 143771 MiB
2026/08/13 21:45:46.394, NVIDIA H200, 56, 100 %, 50 %, 142399 MiB, 143771 MiB
2026/08/13 21:45:49.394, NVIDIA H200, 56, 100 %, 28 %, 142399 MiB, 143771 MiB
2026/08/13 21:45:52.395, NVIDIA H200, 57, 100 %, 47 %, 142399 MiB, 143771 MiB
2026/08/13 21:45:55.395, NVIDIA H200, 60, 100 %, 45 %, 142399 MiB, 143771 MiB
2026/08/13 21:45:58.396, NVIDIA H200, 55, 100 %, 55 %, 142399 MiB, 143771 MiB
2026/08/13 21:46:01.396, NVIDIA H200, 56, 100 %, 46 %, 142399 MiB, 143771 MiB
2026/08/13 21:46:04.397, NVIDIA H200, 57, 99 %, 65 %, 142399 MiB, 143771 MiB
2026/08/13 21:46:07.398, NVIDIA H200, 52, 100 %, 56 %, 142399 MiB, 143771 MiB
2026/08/13 21:46:10.398, NVIDIA H200, 57, 100 %, 47 %, 142399 MiB, 143771 MiB
2026/08/13 21:46:13.399, NVIDIA H200, 59, 99 %, 44 %, 142399 MiB, 143771 MiB
2026/08/13 21:46:16.399, NVIDIA H200, 62, 100 %, 65 %, 142399 MiB, 143771 MiB
2026/08/13 21:46:19.399, NVIDIA H200, 57, 100 %, 55 %, 142399 MiB, 143771 MiB
2026/08/13 21:46:22.400, NVIDIA H200, 58, 100 %, 47 %, 142399 MiB, 143771 MiB
2026/08/13 21:46:25.400, NVIDIA H200, 55, 98 %, 55 %, 142399 MiB, 143771 MiB
2026/08/13 21:46:28.401, NVIDIA H200, 56, 100 %, 47 %, 142399 MiB, 143771 MiB
2026/08/13 21:46:31.401, NVIDIA H200, 57, 100 %, 44 %, 142399 MiB, 143771 MiB
2026/08/13 21:46:34.403, NVIDIA H200, 59, 99 %, 46 %, 142399 MiB, 143771 MiB
2026/08/13 21:46:37.404, NVIDIA H200, 59, 100 %, 50 %, 142399 MiB, 143771 MiB
2026/08/13 21:46:40.404, NVIDIA H200, 33, 0 %, 0 %, 142399 MiB, 143771 MiB
2026/08/13 21:46:43.405, NVIDIA H200, 29, 0 %, 0 %, 142399 MiB, 143771 MiB
2026/08/13 21:46:46.405, NVIDIA H200, 28, 0 %, 0 %, 142399 MiB, 143771 MiB
2026/08/13 21:46:49.405, NVIDIA H200, 51, 100 %, 53 %, 142399 MiB, 143771 MiB
2026/08/13 21:46:52.406, NVIDIA H200, 29, 0 %, 0 %, 142399 MiB, 143771 MiB
2026/08/13 21:46:55.406, NVIDIA H200, 45, 100 %, 57 %, 142399 MiB, 143771 MiB
2026/08/13 21:46:58.407, NVIDIA H200, 47, 100 %, 53 %, 142399 MiB, 143771 MiB
2026/08/13 21:47:01.407, NVIDIA H200, 58, 100 %, 43 %, 142399 MiB, 143771 MiB
2026/08/13 21:47:04.408, NVIDIA H200, 53, 100 %, 51 %, 142399 MiB, 143771 MiB
2026/08/13 21:47:07.409, NVIDIA H200, 57, 100 %, 50 %, 142399 MiB, 143771 MiB
2026/08/13 21:47:10.409, NVIDIA H200, 55, 100 %, 48 %, 142399 MiB, 143771 MiB
2026/08/13 21:47:13.409, NVIDIA H200, 58, 100 %, 23 %, 142399 MiB, 143771 MiB
2026/08/13 21:47:16.410, NVIDIA H200, 58, 98 %, 40 %, 142399 MiB, 143771 MiB
2026/08/13 21:47:19.410, NVIDIA H200, 61, 100 %, 37 %, 142399 MiB, 143771 MiB
2026/08/13 21:47:22.411, NVIDIA H200, 55, 100 %, 59 %, 142399 MiB, 143771 MiB
2026/08/13 21:47:25.411, NVIDIA H200, 56, 100 %, 48 %, 142399 MiB, 143771 MiB
2026/08/13 21:47:28.412, NVIDIA H200, 56, 98 %, 63 %, 142399 MiB, 143771 MiB
2026/08/13 21:47:31.412, NVIDIA H200, 55, 100 %, 58 %, 142399 MiB, 143771 MiB
2026/08/13 21:47:34.415, NVIDIA H200, 57, 100 %, 51 %, 142399 MiB, 143771 MiB
2026/08/13 21:47:37.416, NVIDIA H200, 59, 100 %, 41 %, 142399 MiB, 143771 MiB
2026/08/13 21:47:40.416, NVIDIA H200, 60, 100 %, 49 %, 142399 MiB, 143771 MiB
2026/08/13 21:47:43.416, NVIDIA H200, 59, 100 %, 56 %, 142399 MiB, 143771 MiB
2026/08/13 21:47:46.417, NVIDIA H200, 59, 100 %, 48 %, 142399 MiB, 143771 MiB
2026/08/13 21:47:49.417, NVIDIA H200, 56, 100 %, 57 %, 142399 MiB, 143771 MiB
2026/08/13 21:47:52.418, NVIDIA H200, 57, 100 %, 50 %, 142399 MiB, 143771 MiB
2026/08/13 21:47:55.418, NVIDIA H200, 58, 100 %, 53 %, 142399 MiB, 143771 MiB
2026/08/13 21:47:58.419, NVIDIA H200, 56, 100 %, 47 %, 142399 MiB, 143771 MiB
2026/08/13 21:48:01.419, NVIDIA H200, 58, 100 %, 22 %, 142399 MiB, 143771 MiB
2026/08/13 21:48:04.420, NVIDIA H200, 58, 99 %, 35 %, 142399 MiB, 143771 MiB
2026/08/13 21:48:07.420, NVIDIA H200, 62, 100 %, 42 %, 142399 MiB, 143771 MiB
2026/08/13 21:48:10.421, NVIDIA H200, 55, 100 %, 56 %, 142399 MiB, 143771 MiB
2026/08/13 21:48:13.421, NVIDIA H200, 56, 100 %, 47 %, 142399 MiB, 143771 MiB
2026/08/13 21:48:16.422, NVIDIA H200, 56, 99 %, 63 %, 142399 MiB, 143771 MiB
2026/08/13 21:48:19.422, NVIDIA H200, 55, 100 %, 58 %, 142399 MiB, 143771 MiB
2026/08/13 21:48:22.422, NVIDIA H200, 32, 0 %, 0 %, 142399 MiB, 143771 MiB
2026/08/13 21:48:25.423, NVIDIA H200, 36, 100 %, 55 %, 142399 MiB, 143771 MiB
2026/08/13 21:48:28.423, NVIDIA H200, 36, 0 %, 0 %, 142399 MiB, 143771 MiB
2026/08/13 21:48:31.424, NVIDIA H200, 51, 100 %, 54 %, 142399 MiB, 143771 MiB
2026/08/13 21:48:34.426, NVIDIA H200, 28, 0 %, 0 %, 142399 MiB, 143771 MiB
2026/08/13 21:48:37.426, NVIDIA H200, 27, 0 %, 0 %, 142399 MiB, 143771 MiB
2026/08/13 21:48:40.426, NVIDIA H200, 53, 100 %, 46 %, 142399 MiB, 143771 MiB
2026/08/13 21:48:43.427, NVIDIA H200, 54, 100 %, 57 %, 142399 MiB, 143771 MiB
2026/08/13 21:48:46.427, NVIDIA H200, 55, 100 %, 47 %, 142399 MiB, 143771 MiB
2026/08/13 21:48:49.428, NVIDIA H200, 55, 99 %, 65 %, 142399 MiB, 143771 MiB
2026/08/13 21:48:52.428, NVIDIA H200, 56, 100 %, 51 %, 142399 MiB, 143771 MiB
2026/08/13 21:48:55.429, NVIDIA H200, 56, 100 %, 44 %, 142399 MiB, 143771 MiB
2026/08/13 21:48:58.429, NVIDIA H200, 58, 100 %, 47 %, 142399 MiB, 143771 MiB
2026/08/13 21:49:01.430, NVIDIA H200, 59, 100 %, 46 %, 142399 MiB, 143771 MiB
2026/08/13 21:49:04.430, NVIDIA H200, 57, 100 %, 57 %, 142399 MiB, 143771 MiB
2026/08/13 21:49:07.431, NVIDIA H200, 61, 100 %, 47 %, 142399 MiB, 143771 MiB
2026/08/13 21:49:10.431, NVIDIA H200, 56, 99 %, 66 %, 142399 MiB, 143771 MiB
2026/08/13 21:49:13.432, NVIDIA H200, 57, 100 %, 58 %, 142399 MiB, 143771 MiB
2026/08/13 21:49:16.432, NVIDIA H200, 55, 100 %, 48 %, 142399 MiB, 143771 MiB
2026/08/13 21:49:19.433, NVIDIA H200, 56, 98 %, 45 %, 142399 MiB, 143771 MiB
2026/08/13 21:49:22.434, NVIDIA H200, 57, 100 %, 65 %, 142399 MiB, 143771 MiB
2026/08/13 21:49:25.434, NVIDIA H200, 59, 100 %, 54 %, 142399 MiB, 143771 MiB
2026/08/13 21:49:28.434, NVIDIA H200, 59, 100 %, 46 %, 142399 MiB, 143771 MiB
2026/08/13 21:49:31.435, NVIDIA H200, 57, 98 %, 53 %, 142399 MiB, 143771 MiB
2026/08/13 21:49:34.435, NVIDIA H200, 58, 100 %, 47 %, 142399 MiB, 143771 MiB
2026/08/13 21:49:37.436, NVIDIA H200, 55, 100 %, 44 %, 142399 MiB, 143771 MiB
2026/08/13 21:49:40.436, NVIDIA H200, 57, 100 %, 46 %, 142399 MiB, 143771 MiB
2026/08/13 21:49:43.437, NVIDIA H200, 58, 100 %, 46 %, 142399 MiB, 143771 MiB
2026/08/13 21:49:46.437, NVIDIA H200, 56, 100 %, 57 %, 142399 MiB, 143771 MiB
2026/08/13 21:49:49.438, NVIDIA H200, 58, 100 %, 42 %, 142399 MiB, 143771 MiB
2026/08/13 21:49:52.438, NVIDIA H200, 57, 100 %, 51 %, 142399 MiB, 143771 MiB
2026/08/13 21:49:55.438, NVIDIA H200, 60, 100 %, 54 %, 142399 MiB, 143771 MiB
2026/08/13 21:49:58.439, NVIDIA H200, 55, 100 %, 51 %, 142399 MiB, 143771 MiB
2026/08/13 21:50:01.439, NVIDIA H200, 56, 100 %, 49 %, 142399 MiB, 143771 MiB
2026/08/13 21:50:04.440, NVIDIA H200, 32, 0 %, 0 %, 142399 MiB, 143771 MiB
2026/08/13 21:50:07.440, NVIDIA H200, 29, 0 %, 0 %, 142399 MiB, 143771 MiB
2026/08/13 21:50:10.441, NVIDIA H200, 31, 0 %, 0 %, 142399 MiB, 143771 MiB
2026/08/13 21:50:13.441, NVIDIA H200, 48, 100 %, 62 %, 142399 MiB, 143771 MiB
2026/08/13 21:50:16.441, NVIDIA H200, 29, 0 %, 0 %, 142399 MiB, 143771 MiB
2026/08/13 21:50:19.442, NVIDIA H200, 27, 0 %, 0 %, 142399 MiB, 143771 MiB
2026/08/13 21:50:22.442, NVIDIA H200, 27, 0 %, 0 %, 142399 MiB, 143771 MiB
2026/08/13 21:50:25.443, NVIDIA H200, 50, 94 %, 47 %, 142399 MiB, 143771 MiB
2026/08/13 21:50:28.443, NVIDIA H200, 54, 100 %, 57 %, 142399 MiB, 143771 MiB
2026/08/13 21:50:31.444, NVIDIA H200, 54, 100 %, 50 %, 142399 MiB, 143771 MiB
2026/08/13 21:50:34.444, NVIDIA H200, 48, 60 %, 11 %, 142399 MiB, 143771 MiB
2026/08/13 21:50:37.445, NVIDIA H200, 54, 100 %, 49 %, 142399 MiB, 143771 MiB
2026/08/13 21:50:40.445, NVIDIA H200, 56, 97 %, 41 %, 142399 MiB, 143771 MiB
2026/08/13 21:50:43.445, NVIDIA H200, 57, 100 %, 50 %, 142399 MiB, 143771 MiB
2026/08/13 21:50:46.446, NVIDIA H200, 58, 100 %, 53 %, 142399 MiB, 143771 MiB
2026/08/13 21:50:49.446, NVIDIA H200, 61, 100 %, 49 %, 142399 MiB, 143771 MiB
2026/08/13 21:50:52.447, NVIDIA H200, 55, 100 %, 54 %, 142399 MiB, 143771 MiB
2026/08/13 21:50:55.447, NVIDIA H200, 57, 100 %, 51 %, 142399 MiB, 143771 MiB
2026/08/13 21:50:58.448, NVIDIA H200, 54, 100 %, 48 %, 142399 MiB, 143771 MiB
2026/08/13 21:51:01.448, NVIDIA H200, 55, 100 %, 49 %, 142399 MiB, 143771 MiB
2026/08/13 21:51:04.449, NVIDIA H200, 57, 100 %, 22 %, 142399 MiB, 143771 MiB
2026/08/13 21:51:07.449, NVIDIA H200, 57, 99 %, 39 %, 142399 MiB, 143771 MiB
2026/08/13 21:51:10.450, NVIDIA H200, 58, 100 %, 35 %, 142399 MiB, 143771 MiB
2026/08/13 21:51:13.450, NVIDIA H200, 57, 100 %, 58 %, 142399 MiB, 143771 MiB
2026/08/13 21:51:16.451, NVIDIA H200, 59, 100 %, 46 %, 142399 MiB, 143771 MiB
2026/08/13 21:51:19.451, NVIDIA H200, 55, 98 %, 61 %, 142399 MiB, 143771 MiB
2026/08/13 21:51:22.452, NVIDIA H200, 56, 100 %, 55 %, 142399 MiB, 143771 MiB
2026/08/13 21:51:25.452, NVIDIA H200, 57, 100 %, 44 %, 142399 MiB, 143771 MiB
2026/08/13 21:51:28.453, NVIDIA H200, 52, 98 %, 47 %, 142399 MiB, 143771 MiB
2026/08/13 21:51:31.453, NVIDIA H200, 56, 100 %, 50 %, 142399 MiB, 143771 MiB
2026/08/13 21:51:34.454, NVIDIA H200, 58, 100 %, 56 %, 142399 MiB, 143771 MiB
2026/08/13 21:51:37.454, NVIDIA H200, 62, 100 %, 43 %, 142399 MiB, 143771 MiB
2026/08/13 21:51:40.454, NVIDIA H200, 56, 100 %, 53 %, 142399 MiB, 143771 MiB
2026/08/13 21:51:43.455, NVIDIA H200, 57, 100 %, 54 %, 142399 MiB, 143771 MiB
2026/08/13 21:51:46.455, NVIDIA H200, 55, 100 %, 51 %, 142399 MiB, 143771 MiB
2026/08/13 21:51:49.456, NVIDIA H200, 55, 100 %, 49 %, 142399 MiB, 143771 MiB
2026/08/13 21:51:52.456, NVIDIA H200, 30, 0 %, 0 %, 142399 MiB, 143771 MiB
2026/08/13 21:51:55.457, NVIDIA H200, 28, 0 %, 0 %, 142399 MiB, 143771 MiB
2026/08/13 21:51:58.457, NVIDIA H200, 41, 69 %, 35 %, 142399 MiB, 143771 MiB
2026/08/13 21:52:01.457, NVIDIA H200, 31, 0 %, 0 %, 142399 MiB, 143771 MiB
2026/08/13 21:52:04.458, NVIDIA H200, 43, 100 %, 53 %, 142399 MiB, 143771 MiB
2026/08/13 21:52:07.458, NVIDIA H200, 28, 0 %, 0 %, 142399 MiB, 143771 MiB
2026/08/13 21:52:10.459, NVIDIA H200, 45, 71 %, 40 %, 142399 MiB, 143771 MiB
2026/08/13 21:52:13.460, NVIDIA H200, 54, 98 %, 60 %, 142399 MiB, 143771 MiB
2026/08/13 21:52:16.460, NVIDIA H200, 56, 100 %, 58 %, 142399 MiB, 143771 MiB
2026/08/13 21:52:19.461, NVIDIA H200, 56, 100 %, 42 %, 142399 MiB, 143771 MiB
2026/08/13 21:52:22.461, NVIDIA H200, 56, 100 %, 33 %, 142399 MiB, 143771 MiB
2026/08/13 21:52:25.462, NVIDIA H200, 59, 100 %, 53 %, 142399 MiB, 143771 MiB
2026/08/13 21:52:28.462, NVIDIA H200, 59, 100 %, 47 %, 142399 MiB, 143771 MiB
2026/08/13 21:52:31.463, NVIDIA H200, 58, 100 %, 49 %, 142399 MiB, 143771 MiB
2026/08/13 21:52:34.463, NVIDIA H200, 58, 100 %, 43 %, 142399 MiB, 143771 MiB
2026/08/13 21:52:37.463, NVIDIA H200, 56, 98 %, 61 %, 142399 MiB, 143771 MiB
2026/08/13 21:52:40.464, NVIDIA H200, 57, 100 %, 57 %, 142399 MiB, 143771 MiB
2026/08/13 21:52:43.464, NVIDIA H200, 58, 100 %, 43 %, 142399 MiB, 143771 MiB
2026/08/13 21:52:46.465, NVIDIA H200, 56, 99 %, 39 %, 142399 MiB, 143771 MiB
2026/08/13 21:52:49.465, NVIDIA H200, 58, 100 %, 57 %, 142399 MiB, 143771 MiB
2026/08/13 21:52:52.466, NVIDIA H200, 57, 100 %, 51 %, 142399 MiB, 143771 MiB
2026/08/13 21:52:55.466, NVIDIA H200, 61, 100 %, 45 %, 142399 MiB, 143771 MiB
2026/08/13 21:52:58.466, NVIDIA H200, 55, 98 %, 55 %, 142399 MiB, 143771 MiB
2026/08/13 21:53:01.467, NVIDIA H200, 56, 100 %, 47 %, 142399 MiB, 143771 MiB
2026/08/13 21:53:04.467, NVIDIA H200, 57, 100 %, 45 %, 142399 MiB, 143771 MiB
2026/08/13 21:53:07.468, NVIDIA H200, 52, 98 %, 48 %, 142399 MiB, 143771 MiB
2026/08/13 21:53:10.468, NVIDIA H200, 57, 100 %, 51 %, 142399 MiB, 143771 MiB
2026/08/13 21:53:13.469, NVIDIA H200, 59, 100 %, 57 %, 142399 MiB, 143771 MiB
2026/08/13 21:53:16.469, NVIDIA H200, 61, 100 %, 40 %, 142399 MiB, 143771 MiB
2026/08/13 21:53:19.470, NVIDIA H200, 57, 100 %, 52 %, 142399 MiB, 143771 MiB
2026/08/13 21:53:22.470, NVIDIA H200, 57, 100 %, 58 %, 142399 MiB, 143771 MiB
2026/08/13 21:53:25.470, NVIDIA H200, 55, 100 %, 56 %, 142399 MiB, 143771 MiB
2026/08/13 21:53:28.471, NVIDIA H200, 56, 100 %, 49 %, 142399 MiB, 143771 MiB
2026/08/13 21:53:31.471, NVIDIA H200, 57, 100 %, 64 %, 142399 MiB, 143771 MiB
2026/08/13 21:53:34.472, NVIDIA H200, 31, 0 %, 0 %, 142399 MiB, 143771 MiB
2026/08/13 21:53:37.472, NVIDIA H200, 28, 0 %, 0 %, 142399 MiB, 143771 MiB
2026/08/13 21:53:40.473, NVIDIA H200, 46, 99 %, 36 %, 142399 MiB, 143771 MiB
2026/08/13 21:53:43.473, NVIDIA H200, 32, 0 %, 0 %, 142399 MiB, 143771 MiB
2026/08/13 21:53:46.473, NVIDIA H200, 28, 0 %, 0 %, 142399 MiB, 143771 MiB
2026/08/13 21:53:49.474, NVIDIA H200, 51, 100 %, 58 %, 142399 MiB, 143771 MiB
2026/08/13 21:53:52.475, NVIDIA H200, 52, 100 %, 53 %, 142399 MiB, 143771 MiB
2026/08/13 21:53:55.475, NVIDIA H200, 55, 100 %, 56 %, 142399 MiB, 143771 MiB
2026/08/13 21:53:58.475, NVIDIA H200, 56, 95 %, 40 %, 142399 MiB, 143771 MiB
2026/08/13 21:54:01.476, NVIDIA H200, 56, 100 %, 65 %, 142399 MiB, 143771 MiB
2026/08/13 21:54:04.476, NVIDIA H200, 58, 100 %, 52 %, 142399 MiB, 143771 MiB
2026/08/13 21:54:07.477, NVIDIA H200, 57, 100 %, 49 %, 142399 MiB, 143771 MiB
2026/08/13 21:54:10.477, NVIDIA H200, 57, 99 %, 49 %, 142399 MiB, 143771 MiB
2026/08/13 21:54:13.478, NVIDIA H200, 59, 100 %, 52 %, 142399 MiB, 143771 MiB
2026/08/13 21:54:16.478, NVIDIA H200, 55, 100 %, 49 %, 142399 MiB, 143771 MiB
2026/08/13 21:54:19.479, NVIDIA H200, 56, 100 %, 48 %, 142399 MiB, 143771 MiB
2026/08/13 21:54:22.479, NVIDIA H200, 57, 100 %, 33 %, 142399 MiB, 143771 MiB
2026/08/13 21:54:25.480, NVIDIA H200, 53, 100 %, 53 %, 142399 MiB, 143771 MiB
2026/08/13 21:54:28.480, NVIDIA H200, 58, 100 %, 46 %, 142399 MiB, 143771 MiB
2026/08/13 21:54:31.481, NVIDIA H200, 59, 100 %, 54 %, 142399 MiB, 143771 MiB
2026/08/13 21:54:34.481, NVIDIA H200, 61, 100 %, 45 %, 142399 MiB, 143771 MiB
2026/08/13 21:54:37.482, NVIDIA H200, 56, 98 %, 65 %, 142399 MiB, 143771 MiB
2026/08/13 21:54:40.482, NVIDIA H200, 58, 100 %, 57 %, 142399 MiB, 143771 MiB
2026/08/13 21:54:43.483, NVIDIA H200, 55, 100 %, 48 %, 142399 MiB, 143771 MiB
2026/08/13 21:54:46.483, NVIDIA H200, 56, 98 %, 42 %, 142399 MiB, 143771 MiB
2026/08/13 21:54:49.484, NVIDIA H200, 57, 100 %, 62 %, 142399 MiB, 143771 MiB
2026/08/13 21:54:52.484, NVIDIA H200, 57, 100 %, 57 %, 142399 MiB, 143771 MiB
2026/08/13 21:54:55.485, NVIDIA H200, 58, 100 %, 52 %, 142399 MiB, 143771 MiB
2026/08/13 21:54:58.485, NVIDIA H200, 58, 100 %, 57 %, 142399 MiB, 143771 MiB
2026/08/13 21:55:01.486, NVIDIA H200, 60, 100 %, 49 %, 142399 MiB, 143771 MiB
2026/08/13 21:55:04.486, NVIDIA H200, 55, 100 %, 49 %, 142399 MiB, 143771 MiB
2026/08/13 21:55:07.487, NVIDIA H200, 56, 100 %, 49 %, 142399 MiB, 143771 MiB
2026/08/13 21:55:10.487, NVIDIA H200, 57, 100 %, 30 %, 142399 MiB, 143771 MiB
2026/08/13 21:55:13.488, NVIDIA H200, 35, 0 %, 0 %, 142399 MiB, 143771 MiB
2026/08/13 21:55:16.488, NVIDIA H200, 29, 0 %, 0 %, 142399 MiB, 143771 MiB
2026/08/13 21:55:19.488, NVIDIA H200, 32, 0 %, 0 %, 142399 MiB, 143771 MiB
2026/08/13 21:55:22.489, NVIDIA H200, 54, 100 %, 41 %, 142399 MiB, 143771 MiB
2026/08/13 21:55:25.489, NVIDIA H200, 29, 0 %, 0 %, 142399 MiB, 143771 MiB
2026/08/13 21:55:28.490, NVIDIA H200, 50, 100 %, 52 %, 142399 MiB, 143771 MiB
2026/08/13 21:55:31.490, NVIDIA H200, 50, 100 %, 49 %, 142399 MiB, 143771 MiB
2026/08/13 21:55:34.491, NVIDIA H200, 44, 0 %, 0 %, 142399 MiB, 143771 MiB
2026/08/13 21:55:37.491, NVIDIA H200, 57, 100 %, 46 %, 142399 MiB, 143771 MiB
2026/08/13 21:55:40.491, NVIDIA H200, 55, 98 %, 65 %, 142399 MiB, 143771 MiB
2026/08/13 21:55:43.492, NVIDIA H200, 57, 100 %, 57 %, 142399 MiB, 143771 MiB
2026/08/13 21:55:46.493, NVIDIA H200, 58, 100 %, 47 %, 142399 MiB, 143771 MiB
2026/08/13 21:55:49.493, NVIDIA H200, 56, 99 %, 45 %, 142399 MiB, 143771 MiB
2026/08/13 21:55:52.494, NVIDIA H200, 58, 100 %, 61 %, 142399 MiB, 143771 MiB
2026/08/13 21:55:55.494, NVIDIA H200, 57, 100 %, 52 %, 142399 MiB, 143771 MiB
2026/08/13 21:55:58.494, NVIDIA H200, 61, 100 %, 44 %, 142399 MiB, 143771 MiB
2026/08/13 21:56:01.495, NVIDIA H200, 55, 98 %, 55 %, 142399 MiB, 143771 MiB
2026/08/13 21:56:04.495, NVIDIA H200, 55, 100 %, 46 %, 142399 MiB, 143771 MiB
2026/08/13 21:56:07.496, NVIDIA H200, 57, 100 %, 45 %, 142399 MiB, 143771 MiB
2026/08/13 21:56:10.496, NVIDIA H200, 52, 99 %, 46 %, 142399 MiB, 143771 MiB
2026/08/13 21:56:13.497, NVIDIA H200, 56, 100 %, 50 %, 142399 MiB, 143771 MiB
2026/08/13 21:56:16.497, NVIDIA H200, 59, 100 %, 56 %, 142399 MiB, 143771 MiB
2026/08/13 21:56:19.498, NVIDIA H200, 61, 100 %, 45 %, 142399 MiB, 143771 MiB
2026/08/13 21:56:22.498, NVIDIA H200, 56, 100 %, 53 %, 142399 MiB, 143771 MiB
2026/08/13 21:56:25.499, NVIDIA H200, 58, 100 %, 52 %, 142399 MiB, 143771 MiB
2026/08/13 21:56:28.499, NVIDIA H200, 55, 100 %, 48 %, 142399 MiB, 143771 MiB
2026/08/13 21:56:31.500, NVIDIA H200, 56, 100 %, 50 %, 142399 MiB, 143771 MiB
2026/08/13 21:56:34.500, NVIDIA H200, 57, 100 %, 21 %, 142399 MiB, 143771 MiB
2026/08/13 21:56:37.500, NVIDIA H200, 59, 100 %, 41 %, 142399 MiB, 143771 MiB
2026/08/13 21:56:40.501, NVIDIA H200, 58, 100 %, 40 %, 142399 MiB, 143771 MiB
2026/08/13 21:56:43.501, NVIDIA H200, 57, 100 %, 61 %, 142399 MiB, 143771 MiB
2026/08/13 21:56:46.502, NVIDIA H200, 58, 100 %, 48 %, 142399 MiB, 143771 MiB
2026/08/13 21:56:49.502, NVIDIA H200, 55, 99 %, 71 %, 142399 MiB, 143771 MiB
2026/08/13 21:56:52.502, NVIDIA H200, 57, 100 %, 57 %, 142399 MiB, 143771 MiB
2026/08/13 21:56:55.503, NVIDIA H200, 32, 0 %, 0 %, 142399 MiB, 143771 MiB
2026/08/13 21:56:58.503, NVIDIA H200, 33, 0 %, 0 %, 142399 MiB, 143771 MiB
2026/08/13 21:57:01.504, NVIDIA H200, 37, 62 %, 33 %, 142399 MiB, 143771 MiB
2026/08/13 21:57:04.504, NVIDIA H200, 35, 0 %, 0 %, 142399 MiB, 143771 MiB
2026/08/13 21:57:07.505, NVIDIA H200, 28, 0 %, 0 %, 142399 MiB, 143771 MiB
2026/08/13 21:57:10.506, NVIDIA H200, 32, 0 %, 0 %, 142399 MiB, 143771 MiB
2026/08/13 21:57:13.506, NVIDIA H200, 50, 98 %, 45 %, 142399 MiB, 143771 MiB
2026/08/13 21:57:16.506, NVIDIA H200, 43, 2 %, 2 %, 142399 MiB, 143771 MiB
2026/08/13 21:57:19.507, NVIDIA H200, 57, 100 %, 36 %, 142399 MiB, 143771 MiB
2026/08/13 21:57:22.507, NVIDIA H200, 52, 98 %, 41 %, 142399 MiB, 143771 MiB
2026/08/13 21:57:25.508, NVIDIA H200, 57, 100 %, 51 %, 142399 MiB, 143771 MiB
2026/08/13 21:57:28.508, NVIDIA H200, 58, 100 %, 55 %, 142399 MiB, 143771 MiB
2026/08/13 21:57:31.509, NVIDIA H200, 60, 100 %, 45 %, 142399 MiB, 143771 MiB
2026/08/13 21:57:34.509, NVIDIA H200, 56, 100 %, 52 %, 142399 MiB, 143771 MiB
2026/08/13 21:57:37.510, NVIDIA H200, 58, 100 %, 52 %, 142399 MiB, 143771 MiB
2026/08/13 21:57:40.510, NVIDIA H200, 55, 100 %, 54 %, 142399 MiB, 143771 MiB
2026/08/13 21:57:43.511, NVIDIA H200, 56, 100 %, 48 %, 142399 MiB, 143771 MiB
2026/08/13 21:57:46.511, NVIDIA H200, 56, 100 %, 22 %, 142399 MiB, 143771 MiB
2026/08/13 21:57:49.512, NVIDIA H200, 54, 100 %, 58 %, 142399 MiB, 143771 MiB
2026/08/13 21:57:52.512, NVIDIA H200, 57, 100 %, 48 %, 142399 MiB, 143771 MiB
2026/08/13 21:57:55.512, NVIDIA H200, 59, 99 %, 42 %, 142399 MiB, 143771 MiB
2026/08/13 21:57:58.513, NVIDIA H200, 59, 100 %, 49 %, 142399 MiB, 143771 MiB
2026/08/13 21:58:01.514, NVIDIA H200, 59, 100 %, 56 %, 142399 MiB, 143771 MiB
2026/08/13 21:58:04.514, NVIDIA H200, 59, 100 %, 48 %, 142399 MiB, 143771 MiB
2026/08/13 21:58:07.515, NVIDIA H200, 55, 100 %, 53 %, 142399 MiB, 143771 MiB
2026/08/13 21:58:10.515, NVIDIA H200, 57, 100 %, 53 %, 142399 MiB, 143771 MiB
2026/08/13 21:58:13.516, NVIDIA H200, 58, 99 %, 54 %, 142399 MiB, 143771 MiB
2026/08/13 21:58:16.516, NVIDIA H200, 56, 100 %, 47 %, 142399 MiB, 143771 MiB
2026/08/13 21:58:19.517, NVIDIA H200, 58, 100 %, 22 %, 142399 MiB, 143771 MiB
2026/08/13 21:58:22.517, NVIDIA H200, 58, 99 %, 36 %, 142399 MiB, 143771 MiB
2026/08/13 21:58:25.518, NVIDIA H200, 62, 100 %, 42 %, 142399 MiB, 143771 MiB
2026/08/13 21:58:28.518, NVIDIA H200, 55, 100 %, 57 %, 142399 MiB, 143771 MiB
2026/08/13 21:58:31.519, NVIDIA H200, 57, 100 %, 48 %, 142399 MiB, 143771 MiB
2026/08/13 21:58:34.519, NVIDIA H200, 56, 100 %, 47 %, 142399 MiB, 143771 MiB
2026/08/13 21:58:37.520, NVIDIA H200, 35, 0 %, 0 %, 142399 MiB, 143771 MiB
2026/08/13 21:58:40.520, NVIDIA H200, 29, 0 %, 0 %, 142399 MiB, 143771 MiB
2026/08/13 21:58:43.521, NVIDIA H200, 28, 0 %, 0 %, 142399 MiB, 143771 MiB
2026/08/13 21:58:46.521, NVIDIA H200, 55, 100 %, 58 %, 142399 MiB, 143771 MiB
2026/08/13 21:58:49.521, NVIDIA H200, 29, 0 %, 0 %, 142399 MiB, 143771 MiB
2026/08/13 21:58:52.522, NVIDIA H200, 27, 0 %, 0 %, 142399 MiB, 143771 MiB
2026/08/13 21:58:55.522, NVIDIA H200, 27, 0 %, 0 %, 142399 MiB, 143771 MiB
2026/08/13 21:58:58.523, NVIDIA H200, 27, 0 %, 0 %, 142399 MiB, 143771 MiB
2026/08/13 21:59:01.523, NVIDIA H200, 46, 70 %, 20 %, 142399 MiB, 143771 MiB
2026/08/13 21:59:04.524, NVIDIA H200, 53, 100 %, 24 %, 142399 MiB, 143771 MiB
2026/08/13 21:59:07.524, NVIDIA H200, 55, 100 %, 51 %, 142399 MiB, 143771 MiB
2026/08/13 21:59:10.525, NVIDIA H200, 55, 100 %, 44 %, 142399 MiB, 143771 MiB
2026/08/13 21:59:13.525, NVIDIA H200, 51, 100 %, 46 %, 142399 MiB, 143771 MiB
2026/08/13 21:59:16.526, NVIDIA H200, 56, 100 %, 52 %, 142399 MiB, 143771 MiB
2026/08/13 21:59:19.526, NVIDIA H200, 58, 100 %, 57 %, 142399 MiB, 143771 MiB
2026/08/13 21:59:22.527, NVIDIA H200, 60, 100 %, 40 %, 142399 MiB, 143771 MiB
2026/08/13 21:59:25.527, NVIDIA H200, 57, 100 %, 51 %, 142399 MiB, 143771 MiB
2026/08/13 21:59:28.528, NVIDIA H200, 57, 100 %, 54 %, 142399 MiB, 143771 MiB
2026/08/13 21:59:31.528, NVIDIA H200, 55, 100 %, 55 %, 142399 MiB, 143771 MiB
2026/08/13 21:59:34.529, NVIDIA H200, 55, 100 %, 49 %, 142399 MiB, 143771 MiB
2026/08/13 21:59:37.529, NVIDIA H200, 56, 100 %, 22 %, 142399 MiB, 143771 MiB
2026/08/13 21:59:40.530, NVIDIA H200, 57, 98 %, 37 %, 142399 MiB, 143771 MiB
2026/08/13 21:59:43.530, NVIDIA H200, 58, 100 %, 35 %, 142399 MiB, 143771 MiB
2026/08/13 21:59:46.531, NVIDIA H200, 57, 100 %, 58 %, 142399 MiB, 143771 MiB
2026/08/13 21:59:49.531, NVIDIA H200, 59, 100 %, 47 %, 142399 MiB, 143771 MiB
2026/08/13 21:59:52.532, NVIDIA H200, 55, 98 %, 63 %, 142399 MiB, 143771 MiB
2026/08/13 21:59:55.532, NVIDIA H200, 56, 100 %, 61 %, 142399 MiB, 143771 MiB
2026/08/13 21:59:58.533, NVIDIA H200, 57, 100 %, 49 %, 142399 MiB, 143771 MiB
2026/08/13 22:00:01.533, NVIDIA H200, 55, 98 %, 41 %, 142399 MiB, 143771 MiB
2026/08/13 22:00:04.533, NVIDIA H200, 58, 100 %, 61 %, 142399 MiB, 143771 MiB
2026/08/13 22:00:07.534, NVIDIA H200, 58, 100 %, 57 %, 142399 MiB, 143771 MiB
2026/08/13 22:00:10.534, NVIDIA H200, 61, 100 %, 54 %, 142399 MiB, 143771 MiB
2026/08/13 22:00:13.535, NVIDIA H200, 56, 100 %, 52 %, 142399 MiB, 143771 MiB
2026/08/13 22:00:16.535, NVIDIA H200, 56, 100 %, 54 %, 142399 MiB, 143771 MiB
2026/08/13 22:00:19.536, NVIDIA H200, 57, 100 %, 50 %, 142399 MiB, 143771 MiB
2026/08/13 22:00:22.536, NVIDIA H200, 57, 100 %, 60 %, 142399 MiB, 143771 MiB
2026/08/13 22:00:25.536, NVIDIA H200, 38, 0 %, 0 %, 142399 MiB, 143771 MiB
2026/08/13 22:00:28.537, NVIDIA H200, 29, 0 %, 0 %, 142399 MiB, 143771 MiB
2026/08/13 22:00:31.537, NVIDIA H200, 28, 0 %, 0 %, 142399 MiB, 143771 MiB
2026/08/13 22:00:34.538, NVIDIA H200, 45, 100 %, 52 %, 142399 MiB, 143771 MiB
2026/08/13 22:00:37.538, NVIDIA H200, 30, 0 %, 0 %, 142399 MiB, 143771 MiB
2026/08/13 22:00:40.539, NVIDIA H200, 27, 0 %, 0 %, 142399 MiB, 143771 MiB
2026/08/13 22:00:43.539, NVIDIA H200, 35, 0 %, 0 %, 142399 MiB, 143771 MiB
2026/08/13 22:00:46.540, NVIDIA H200, 52, 100 %, 49 %, 142399 MiB, 143771 MiB
2026/08/13 22:00:49.540, NVIDIA H200, 55, 100 %, 51 %, 142399 MiB, 143771 MiB
2026/08/13 22:00:52.541, NVIDIA H200, 56, 100 %, 54 %, 142399 MiB, 143771 MiB
2026/08/13 22:00:55.541, NVIDIA H200, 56, 100 %, 52 %, 142399 MiB, 143771 MiB
2026/08/13 22:00:58.542, NVIDIA H200, 57, 100 %, 48 %, 142399 MiB, 143771 MiB
2026/08/13 22:01:01.542, NVIDIA H200, 55, 100 %, 48 %, 142399 MiB, 143771 MiB
2026/08/13 22:01:04.543, NVIDIA H200, 57, 100 %, 30 %, 142399 MiB, 143771 MiB
2026/08/13 22:01:07.543, NVIDIA H200, 57, 100 %, 44 %, 142399 MiB, 143771 MiB
2026/08/13 22:01:10.544, NVIDIA H200, 59, 100 %, 41 %, 142399 MiB, 143771 MiB
2026/08/13 22:01:13.544, NVIDIA H200, 55, 100 %, 59 %, 142399 MiB, 143771 MiB
2026/08/13 22:01:16.545, NVIDIA H200, 56, 100 %, 48 %, 142399 MiB, 143771 MiB
2026/08/13 22:01:19.545, NVIDIA H200, 56, 98 %, 68 %, 142399 MiB, 143771 MiB
2026/08/13 22:01:22.545, NVIDIA H200, 54, 100 %, 58 %, 142399 MiB, 143771 MiB
2026/08/13 22:01:25.546, NVIDIA H200, 57, 100 %, 50 %, 142399 MiB, 143771 MiB
2026/08/13 22:01:28.546, NVIDIA H200, 59, 100 %, 41 %, 142399 MiB, 143771 MiB
2026/08/13 22:01:31.547, NVIDIA H200, 59, 100 %, 51 %, 142399 MiB, 143771 MiB
2026/08/13 22:01:34.547, NVIDIA H200, 58, 100 %, 52 %, 142399 MiB, 143771 MiB
2026/08/13 22:01:37.548, NVIDIA H200, 58, 100 %, 49 %, 142399 MiB, 143771 MiB
2026/08/13 22:01:40.548, NVIDIA H200, 55, 100 %, 53 %, 142399 MiB, 143771 MiB
2026/08/13 22:01:43.549, NVIDIA H200, 57, 100 %, 52 %, 142399 MiB, 143771 MiB
2026/08/13 22:01:46.549, NVIDIA H200, 58, 100 %, 54 %, 142399 MiB, 143771 MiB
2026/08/13 22:01:49.550, NVIDIA H200, 55, 100 %, 48 %, 142399 MiB, 143771 MiB
2026/08/13 22:01:52.550, NVIDIA H200, 58, 100 %, 22 %, 142399 MiB, 143771 MiB
2026/08/13 22:01:55.550, NVIDIA H200, 58, 98 %, 35 %, 142399 MiB, 143771 MiB
2026/08/13 22:01:58.551, NVIDIA H200, 61, 100 %, 41 %, 142399 MiB, 143771 MiB
2026/08/13 22:02:01.551, NVIDIA H200, 55, 100 %, 56 %, 142399 MiB, 143771 MiB
2026/08/13 22:02:04.552, NVIDIA H200, 56, 100 %, 47 %, 142399 MiB, 143771 MiB
2026/08/13 22:02:07.552, NVIDIA H200, 56, 99 %, 61 %, 142399 MiB, 143771 MiB
2026/08/13 22:02:10.553, NVIDIA H200, 31, 0 %, 0 %, 142399 MiB, 143771 MiB
2026/08/13 22:02:13.553, NVIDIA H200, 28, 0 %, 0 %, 142399 MiB, 143771 MiB
2026/08/13 22:02:16.554, NVIDIA H200, 41, 100 %, 59 %, 142399 MiB, 143771 MiB
2026/08/13 22:02:19.554, NVIDIA H200, 33, 0 %, 0 %, 142399 MiB, 143771 MiB
2026/08/13 22:02:22.554, NVIDIA H200, 28, 0 %, 0 %, 142399 MiB, 143771 MiB
2026/08/13 22:02:25.555, NVIDIA H200, 27, 0 %, 0 %, 142399 MiB, 143771 MiB
2026/08/13 22:02:28.555, NVIDIA H200, 39, 100 %, 46 %, 142399 MiB, 143771 MiB
2026/08/13 22:02:31.556, NVIDIA H200, 53, 98 %, 64 %, 142399 MiB, 143771 MiB
2026/08/13 22:02:34.556, NVIDIA H200, 55, 100 %, 45 %, 142399 MiB, 143771 MiB
2026/08/13 22:02:37.557, NVIDIA H200, 54, 98 %, 53 %, 142399 MiB, 143771 MiB
2026/08/13 22:02:40.557, NVIDIA H200, 55, 100 %, 47 %, 142399 MiB, 143771 MiB
2026/08/13 22:02:43.558, NVIDIA H200, 56, 100 %, 44 %, 142399 MiB, 143771 MiB
2026/08/13 22:02:46.558, NVIDIA H200, 58, 100 %, 47 %, 142399 MiB, 143771 MiB
2026/08/13 22:02:49.559, NVIDIA H200, 57, 100 %, 49 %, 142399 MiB, 143771 MiB
2026/08/13 22:02:52.559, NVIDIA H200, 57, 100 %, 55 %, 142399 MiB, 143771 MiB
2026/08/13 22:02:55.560, NVIDIA H200, 58, 100 %, 40 %, 142399 MiB, 143771 MiB
2026/08/13 22:02:58.560, NVIDIA H200, 55, 100 %, 53 %, 142399 MiB, 143771 MiB
2026/08/13 22:03:01.561, NVIDIA H200, 56, 100 %, 55 %, 142399 MiB, 143771 MiB
2026/08/13 22:03:04.561, NVIDIA H200, 58, 100 %, 54 %, 142399 MiB, 143771 MiB
2026/08/13 22:03:07.562, NVIDIA H200, 55, 100 %, 49 %, 142399 MiB, 143771 MiB
2026/08/13 22:03:10.563, NVIDIA H200, 58, 100 %, 65 %, 142399 MiB, 143771 MiB
2026/08/13 22:03:13.563, NVIDIA H200, 57, 100 %, 52 %, 142399 MiB, 143771 MiB
2026/08/13 22:03:16.564, NVIDIA H200, 60, 100 %, 48 %, 142399 MiB, 143771 MiB
2026/08/13 22:03:19.564, NVIDIA H200, 55, 99 %, 49 %, 142399 MiB, 143771 MiB
2026/08/13 22:03:22.565, NVIDIA H200, 56, 100 %, 52 %, 142399 MiB, 143771 MiB
2026/08/13 22:03:25.566, NVIDIA H200, 56, 100 %, 45 %, 142399 MiB, 143771 MiB
2026/08/13 22:03:28.566, NVIDIA H200, 52, 100 %, 46 %, 142399 MiB, 143771 MiB
2026/08/13 22:03:31.567, NVIDIA H200, 58, 100 %, 43 %, 142399 MiB, 143771 MiB
2026/08/13 22:03:34.567, NVIDIA H200, 59, 100 %, 58 %, 142399 MiB, 143771 MiB
2026/08/13 22:03:37.568, NVIDIA H200, 60, 100 %, 42 %, 142399 MiB, 143771 MiB
2026/08/13 22:03:40.568, NVIDIA H200, 58, 100 %, 53 %, 142399 MiB, 143771 MiB
2026/08/13 22:03:43.569, NVIDIA H200, 57, 100 %, 52 %, 142399 MiB, 143771 MiB
2026/08/13 22:03:46.569, NVIDIA H200, 56, 99 %, 55 %, 142399 MiB, 143771 MiB
2026/08/13 22:03:49.570, NVIDIA H200, 55, 100 %, 48 %, 142399 MiB, 143771 MiB
2026/08/13 22:03:52.570, NVIDIA H200, 40, 0 %, 0 %, 142399 MiB, 143771 MiB
2026/08/13 22:03:55.570, NVIDIA H200, 29, 0 %, 0 %, 142399 MiB, 143771 MiB
2026/08/13 22:03:58.571, NVIDIA H200, 28, 0 %, 0 %, 142399 MiB, 143771 MiB
2026/08/13 22:04:01.571, NVIDIA H200, 49, 99 %, 41 %, 142399 MiB, 143771 MiB
2026/08/13 22:04:04.572, NVIDIA H200, 29, 0 %, 0 %, 142399 MiB, 143771 MiB
2026/08/13 22:04:07.573, NVIDIA H200, 43, 99 %, 52 %, 142399 MiB, 143771 MiB
2026/08/13 22:04:10.573, NVIDIA H200, 32, 0 %, 0 %, 142399 MiB, 143771 MiB
2026/08/13 22:04:13.573, NVIDIA H200, 53, 100 %, 46 %, 142399 MiB, 143771 MiB
2026/08/13 22:04:16.574, NVIDIA H200, 57, 100 %, 50 %, 142399 MiB, 143771 MiB
2026/08/13 22:04:19.574, NVIDIA H200, 53, 100 %, 56 %, 142399 MiB, 143771 MiB
2026/08/13 22:04:22.575, NVIDIA H200, 58, 100 %, 47 %, 142399 MiB, 143771 MiB
2026/08/13 22:04:25.575, NVIDIA H200, 57, 98 %, 55 %, 142399 MiB, 143771 MiB
2026/08/13 22:04:28.575, NVIDIA H200, 57, 100 %, 54 %, 142399 MiB, 143771 MiB
2026/08/13 22:04:31.576, NVIDIA H200, 58, 100 %, 41 %, 142399 MiB, 143771 MiB
2026/08/13 22:04:34.576, NVIDIA H200, 56, 99 %, 39 %, 142399 MiB, 143771 MiB
2026/08/13 22:04:37.577, NVIDIA H200, 57, 100 %, 58 %, 142399 MiB, 143771 MiB
2026/08/13 22:04:40.577, NVIDIA H200, 56, 100 %, 54 %, 142399 MiB, 143771 MiB
2026/08/13 22:04:43.578, NVIDIA H200, 60, 100 %, 48 %, 142399 MiB, 143771 MiB
2026/08/13 22:04:46.578, NVIDIA H200, 55, 99 %, 49 %, 142399 MiB, 143771 MiB
2026/08/13 22:04:49.579, NVIDIA H200, 56, 100 %, 52 %, 142399 MiB, 143771 MiB
2026/08/13 22:04:52.579, NVIDIA H200, 56, 100 %, 51 %, 142399 MiB, 143771 MiB
2026/08/13 22:04:55.580, NVIDIA H200, 56, 100 %, 48 %, 142399 MiB, 143771 MiB
2026/08/13 22:04:58.580, NVIDIA H200, 57, 100 %, 33 %, 142399 MiB, 143771 MiB
2026/08/13 22:05:01.581, NVIDIA H200, 57, 100 %, 53 %, 142399 MiB, 143771 MiB
2026/08/13 22:05:04.581, NVIDIA H200, 61, 100 %, 46 %, 142399 MiB, 143771 MiB
2026/08/13 22:05:07.582, NVIDIA H200, 55, 100 %, 54 %, 142399 MiB, 143771 MiB
2026/08/13 22:05:10.582, NVIDIA H200, 55, 100 %, 46 %, 142399 MiB, 143771 MiB
2026/08/13 22:05:13.583, NVIDIA H200, 56, 99 %, 71 %, 142399 MiB, 143771 MiB
2026/08/13 22:05:16.583, NVIDIA H200, 52, 100 %, 57 %, 142399 MiB, 143771 MiB
2026/08/13 22:05:19.584, NVIDIA H200, 57, 100 %, 48 %, 142399 MiB, 143771 MiB
2026/08/13 22:05:22.584, NVIDIA H200, 59, 99 %, 43 %, 142399 MiB, 143771 MiB
2026/08/13 22:05:25.584, NVIDIA H200, 60, 100 %, 62 %, 142399 MiB, 143771 MiB
2026/08/13 22:05:28.585, NVIDIA H200, 58, 100 %, 52 %, 142399 MiB, 143771 MiB
2026/08/13 22:05:31.585, NVIDIA H200, 58, 100 %, 54 %, 142399 MiB, 143771 MiB
2026/08/13 22:05:34.586, NVIDIA H200, 32, 0 %, 0 %, 142399 MiB, 143771 MiB
2026/08/13 22:05:37.586, NVIDIA H200, 29, 0 %, 0 %, 142399 MiB, 143771 MiB
2026/08/13 22:05:40.587, NVIDIA H200, 30, 0 %, 0 %, 142399 MiB, 143771 MiB
2026/08/13 22:05:43.587, NVIDIA H200, 53, 100 %, 56 %, 142399 MiB, 143771 MiB
2026/08/13 22:05:46.588, NVIDIA H200, 29, 0 %, 0 %, 142399 MiB, 143771 MiB
2026/08/13 22:05:49.588, NVIDIA H200, 27, 0 %, 0 %, 142399 MiB, 143771 MiB
2026/08/13 22:05:52.589, NVIDIA H200, 41, 100 %, 48 %, 142399 MiB, 143771 MiB
2026/08/13 22:05:55.589, NVIDIA H200, 50, 100 %, 50 %, 142399 MiB, 143771 MiB
2026/08/13 22:05:58.590, NVIDIA H200, 57, 100 %, 42 %, 142399 MiB, 143771 MiB
2026/08/13 22:06:01.590, NVIDIA H200, 55, 100 %, 56 %, 142399 MiB, 143771 MiB
2026/08/13 22:06:04.591, NVIDIA H200, 57, 100 %, 45 %, 142399 MiB, 143771 MiB
2026/08/13 22:06:07.591, NVIDIA H200, 55, 100 %, 56 %, 142399 MiB, 143771 MiB
2026/08/13 22:06:10.593, NVIDIA H200, 57, 100 %, 49 %, 142399 MiB, 143771 MiB
2026/08/13 22:06:13.593, NVIDIA H200, 58, 100 %, 48 %, 142399 MiB, 143771 MiB
2026/08/13 22:06:16.594, NVIDIA H200, 56, 100 %, 49 %, 142399 MiB, 143771 MiB
2026/08/13 22:06:19.594, NVIDIA H200, 57, 100 %, 32 %, 142399 MiB, 143771 MiB
2026/08/13 22:06:22.594, NVIDIA H200, 57, 100 %, 48 %, 142399 MiB, 143771 MiB
2026/08/13 22:06:25.595, NVIDIA H200, 60, 100 %, 45 %, 142399 MiB, 143771 MiB
2026/08/13 22:06:28.595, NVIDIA H200, 54, 100 %, 55 %, 142399 MiB, 143771 MiB
2026/08/13 22:06:31.596, NVIDIA H200, 58, 100 %, 45 %, 142399 MiB, 143771 MiB
2026/08/13 22:06:34.597, NVIDIA H200, 55, 98 %, 65 %, 142399 MiB, 143771 MiB
2026/08/13 22:06:37.597, NVIDIA H200, 57, 100 %, 57 %, 142399 MiB, 143771 MiB
2026/08/13 22:06:40.597, NVIDIA H200, 58, 100 %, 47 %, 142399 MiB, 143771 MiB
2026/08/13 22:06:43.598, NVIDIA H200, 56, 99 %, 46 %, 142399 MiB, 143771 MiB
2026/08/13 22:06:46.598, NVIDIA H200, 58, 100 %, 65 %, 142399 MiB, 143771 MiB
2026/08/13 22:06:49.599, NVIDIA H200, 57, 100 %, 52 %, 142399 MiB, 143771 MiB
2026/08/13 22:06:52.599, NVIDIA H200, 61, 100 %, 45 %, 142399 MiB, 143771 MiB
2026/08/13 22:06:55.600, NVIDIA H200, 55, 99 %, 59 %, 142399 MiB, 143771 MiB
2026/08/13 22:06:58.600, NVIDIA H200, 55, 100 %, 46 %, 142399 MiB, 143771 MiB
2026/08/13 22:07:01.601, NVIDIA H200, 57, 100 %, 44 %, 142399 MiB, 143771 MiB
2026/08/13 22:07:04.601, NVIDIA H200, 52, 99 %, 47 %, 142399 MiB, 143771 MiB
2026/08/13 22:07:07.601, NVIDIA H200, 57, 100 %, 48 %, 142399 MiB, 143771 MiB
2026/08/13 22:07:10.602, NVIDIA H200, 59, 100 %, 54 %, 142399 MiB, 143771 MiB
2026/08/13 22:07:13.602, NVIDIA H200, 61, 100 %, 40 %, 142399 MiB, 143771 MiB
2026/08/13 22:07:16.603, NVIDIA H200, 54, 100 %, 48 %, 142399 MiB, 143771 MiB
2026/08/13 22:07:19.603, NVIDIA H200, 29, 0 %, 0 %, 142399 MiB, 143771 MiB
2026/08/13 22:07:22.604, NVIDIA H200, 47, 100 %, 45 %, 142399 MiB, 143771 MiB
2026/08/13 22:07:25.604, NVIDIA H200, 51, 100 %, 55 %, 142399 MiB, 143771 MiB
2026/08/13 22:07:28.605, NVIDIA H200, 29, 0 %, 0 %, 142399 MiB, 143771 MiB
2026/08/13 22:07:31.605, NVIDIA H200, 27, 0 %, 0 %, 142399 MiB, 143771 MiB
2026/08/13 22:07:34.606, NVIDIA H200, 27, 0 %, 0 %, 142403 MiB, 143771 MiB
2026/08/13 22:07:37.606, NVIDIA H200, 27, 0 %, 0 %, 142403 MiB, 143771 MiB
2026/08/13 22:07:40.607, NVIDIA H200, 26, 0 %, 0 %, 142403 MiB, 143771 MiB
2026/08/13 22:07:43.607, NVIDIA H200, 26, 0 %, 0 %, 142403 MiB, 143771 MiB
2026/08/13 22:07:46.608, NVIDIA H200, 26, 0 %, 0 %, 142403 MiB, 143771 MiB
2026/08/13 22:07:49.608, NVIDIA H200, 26, 0 %, 0 %, 142403 MiB, 143771 MiB
2026/08/13 22:07:52.609, NVIDIA H200, 26, 0 %, 0 %, 142403 MiB, 143771 MiB
2026/08/13 22:07:55.609, NVIDIA H200, 26, 0 %, 0 %, 142403 MiB, 143771 MiB
2026/08/13 22:07:58.610, NVIDIA H200, 26, 0 %, 0 %, 142403 MiB, 143771 MiB
2026/08/13 22:08:01.610, NVIDIA H200, 26, 0 %, 0 %, 142403 MiB, 143771 MiB
2026/08/13 22:08:04.611, NVIDIA H200, 26, 0 %, 0 %, 142403 MiB, 143771 MiB
2026/08/13 22:08:07.611, NVIDIA H200, 26, 0 %, 0 %, 142403 MiB, 143771 MiB
2026/08/13 22:08:10.612, NVIDIA H200, 26, 0 %, 0 %, 142403 MiB, 143771 MiB
2026/08/13 22:08:13.612, NVIDIA H200, 26, 0 %, 0 %, 142403 MiB, 143771 MiB
2026/08/13 22:08:16.613, NVIDIA H200, 26, 0 %, 0 %, 142403 MiB, 143771 MiB
2026/08/13 22:08:19.613, NVIDIA H200, 26, 0 %, 0 %, 142403 MiB, 143771 MiB
2026/08/13 22:08:22.613, NVIDIA H200, 25, 0 %, 0 %, 142403 MiB, 143771 MiB
2026/08/13 22:08:25.614, NVIDIA H200, 25, 0 %, 0 %, 142403 MiB, 143771 MiB
2026/08/13 22:08:28.615, NVIDIA H200, 25, 0 %, 0 %, 142403 MiB, 143771 MiB
2026/08/13 22:08:31.615, NVIDIA H200, 25, 0 %, 0 %, 142403 MiB, 143771 MiB
2026/08/13 22:08:34.616, NVIDIA H200, 25, 0 %, 0 %, 142403 MiB, 143771 MiB
2026/08/13 22:08:37.616, NVIDIA H200, 25, 0 %, 0 %, 142403 MiB, 143771 MiB
2026/08/13 22:08:40.617, NVIDIA H200, 25, 0 %, 0 %, 142403 MiB, 143771 MiB
2026/08/13 22:08:43.617, NVIDIA H200, 25, 0 %, 0 %, 142403 MiB, 143771 MiB
2026/08/13 22:08:46.618, NVIDIA H200, 25, 0 %, 0 %, 142403 MiB, 143771 MiB
2026/08/13 22:08:49.618, NVIDIA H200, 25, 0 %, 0 %, 142403 MiB, 143771 MiB
2026/08/13 22:08:52.618, NVIDIA H200, 25, 0 %, 0 %, 142403 MiB, 143771 MiB
2026/08/13 22:08:55.619, NVIDIA H200, 25, 0 %, 0 %, 142403 MiB, 143771 MiB
2026/08/13 22:08:58.619, NVIDIA H200, 25, 0 %, 0 %, 142403 MiB, 143771 MiB
2026/08/13 22:09:01.620, NVIDIA H200, 25, 0 %, 0 %, 142403 MiB, 143771 MiB
2026/08/13 22:09:04.620, NVIDIA H200, 25, 0 %, 0 %, 142403 MiB, 143771 MiB
2026/08/13 22:09:07.621, NVIDIA H200, 25, 0 %, 0 %, 142403 MiB, 143771 MiB
2026/08/13 22:09:10.621, NVIDIA H200, 25, 0 %, 0 %, 142403 MiB, 143771 MiB
2026/08/13 22:09:13.622, NVIDIA H200, 25, 0 %, 0 %, 142403 MiB, 143771 MiB
2026/08/13 22:09:16.623, NVIDIA H200, 25, 0 %, 0 %, 142403 MiB, 143771 MiB
2026/08/13 22:09:19.623, NVIDIA H200, 25, 0 %, 0 %, 142403 MiB, 143771 MiB
2026/08/13 22:09:22.624, NVIDIA H200, 25, 0 %, 0 %, 142403 MiB, 143771 MiB
2026/08/13 22:09:25.624, NVIDIA H200, 25, 0 %, 0 %, 142403 MiB, 143771 MiB
2026/08/13 22:09:28.625, NVIDIA H200, 25, 0 %, 0 %, 142403 MiB, 143771 MiB
2026/08/13 22:09:31.625, NVIDIA H200, 25, 0 %, 0 %, 142403 MiB, 143771 MiB
2026/08/13 22:09:34.626, NVIDIA H200, 25, 0 %, 0 %, 142403 MiB, 143771 MiB
2026/08/13 22:09:37.626, NVIDIA H200, 25, 0 %, 0 %, 142403 MiB, 143771 MiB
2026/08/13 22:09:40.627, NVIDIA H200, 25, 0 %, 0 %, 142403 MiB, 143771 MiB
2026/08/13 22:09:43.627, NVIDIA H200, 25, 0 %, 0 %, 142403 MiB, 143771 MiB
2026/08/13 22:09:46.628, NVIDIA H200, 25, 0 %, 0 %, 142403 MiB, 143771 MiB
2026/08/13 22:09:49.628, NVIDIA H200, 25, 0 %, 0 %, 142403 MiB, 143771 MiB
2026/08/13 22:09:52.629, NVIDIA H200, 25, 0 %, 0 %, 142403 MiB, 143771 MiB
2026/08/13 22:09:55.629, NVIDIA H200, 25, 0 %, 0 %, 142403 MiB, 143771 MiB
2026/08/13 22:09:58.630, NVIDIA H200, 25, 0 %, 0 %, 142403 MiB, 143771 MiB
2026/08/13 22:10:01.630, NVIDIA H200, 25, 0 %, 0 %, 142403 MiB, 143771 MiB
2026/08/13 22:10:04.631, NVIDIA H200, 25, 0 %, 0 %, 142403 MiB, 143771 MiB
2026/08/13 22:10:07.632, NVIDIA H200, 25, 0 %, 0 %, 142403 MiB, 143771 MiB
2026/08/13 22:10:10.632, NVIDIA H200, 25, 0 %, 0 %, 142403 MiB, 143771 MiB
2026/08/13 22:10:13.633, NVIDIA H200, 25, 0 %, 0 %, 142403 MiB, 143771 MiB
2026/08/13 22:10:16.633, NVIDIA H200, 25, 0 %, 0 %, 142403 MiB, 143771 MiB
2026/08/13 22:10:19.634, NVIDIA H200, 25, 0 %, 0 %, 142403 MiB, 143771 MiB
2026/08/13 22:10:22.635, NVIDIA H200, 25, 0 %, 0 %, 142403 MiB, 143771 MiB
2026/08/13 22:10:25.635, NVIDIA H200, 25, 0 %, 0 %, 142403 MiB, 143771 MiB
2026/08/13 22:10:28.636, NVIDIA H200, 25, 0 %, 0 %, 142403 MiB, 143771 MiB
2026/08/13 22:10:31.636, NVIDIA H200, 25, 0 %, 0 %, 142403 MiB, 143771 MiB
2026/08/13 22:10:34.637, NVIDIA H200, 25, 0 %, 0 %, 142403 MiB, 143771 MiB
2026/08/13 22:10:37.637, NVIDIA H200, 25, 0 %, 0 %, 142403 MiB, 143771 MiB
2026/08/13 22:10:40.638, NVIDIA H200, 25, 0 %, 0 %, 142403 MiB, 143771 MiB
2026/08/13 22:10:43.638, NVIDIA H200, 25, 0 %, 0 %, 142403 MiB, 143771 MiB
2026/08/13 22:10:46.639, NVIDIA H200, 25, 0 %, 0 %, 142403 MiB, 143771 MiB
2026/08/13 22:10:49.639, NVIDIA H200, 25, 0 %, 0 %, 142403 MiB, 143771 MiB
2026/08/13 22:10:52.640, NVIDIA H200, 25, 0 %, 0 %, 142403 MiB, 143771 MiB
2026/08/13 22:10:55.640, NVIDIA H200, 25, 0 %, 0 %, 142403 MiB, 143771 MiB
2026/08/13 22:10:58.641, NVIDIA H200, 25, 0 %, 0 %, 142403 MiB, 143771 MiB
2026/08/13 22:11:01.641, NVIDIA H200, 25, 0 %, 0 %, 142403 MiB, 143771 MiB
2026/08/13 22:11:04.642, NVIDIA H200, 25, 0 %, 0 %, 142403 MiB, 143771 MiB
2026/08/13 22:11:07.642, NVIDIA H200, 25, 0 %, 0 %, 142403 MiB, 143771 MiB
2026/08/13 22:11:10.643, NVIDIA H200, 25, 0 %, 0 %, 142403 MiB, 143771 MiB
2026/08/13 22:11:13.644, NVIDIA H200, 25, 0 %, 0 %, 142403 MiB, 143771 MiB
2026/08/13 22:11:16.644, NVIDIA H200, 25, 0 %, 0 %, 142403 MiB, 143771 MiB
2026/08/13 22:11:19.645, NVIDIA H200, 25, 0 %, 0 %, 142403 MiB, 143771 MiB
2026/08/13 22:11:22.645, NVIDIA H200, 25, 0 %, 0 %, 142403 MiB, 143771 MiB
2026/08/13 22:11:25.646, NVIDIA H200, 25, 0 %, 0 %, 142403 MiB, 143771 MiB
2026/08/13 22:11:28.646, NVIDIA H200, 25, 0 %, 0 %, 142403 MiB, 143771 MiB
2026/08/13 22:11:31.646, NVIDIA H200, 25, 0 %, 0 %, 142403 MiB, 143771 MiB
2026/08/13 22:11:34.647, NVIDIA H200, 25, 0 %, 0 %, 142403 MiB, 143771 MiB
2026/08/13 22:11:37.647, NVIDIA H200, 25, 0 %, 0 %, 142403 MiB, 143771 MiB
2026/08/13 22:11:40.648, NVIDIA H200, 25, 0 %, 0 %, 142403 MiB, 143771 MiB
2026/08/13 22:11:43.649, NVIDIA H200, 25, 0 %, 0 %, 142403 MiB, 143771 MiB
2026/08/13 22:11:46.649, NVIDIA H200, 25, 0 %, 0 %, 142403 MiB, 143771 MiB
2026/08/13 22:11:49.650, NVIDIA H200, 25, 0 %, 0 %, 142403 MiB, 143771 MiB
2026/08/13 22:11:52.650, NVIDIA H200, 25, 0 %, 0 %, 142403 MiB, 143771 MiB
2026/08/13 22:11:55.650, NVIDIA H200, 25, 0 %, 0 %, 142403 MiB, 143771 MiB
2026/08/13 22:11:58.651, NVIDIA H200, 25, 0 %, 0 %, 142403 MiB, 143771 MiB
2026/08/13 22:12:01.652, NVIDIA H200, 25, 0 %, 0 %, 142403 MiB, 143771 MiB
2026/08/13 22:12:04.652, NVIDIA H200, 25, 0 %, 0 %, 142403 MiB, 143771 MiB
2026/08/13 22:12:07.653, NVIDIA H200, 32, 0 %, 0 %, 142403 MiB, 143771 MiB
2026/08/13 22:12:10.653, NVIDIA H200, 53, 100 %, 36 %, 142403 MiB, 143771 MiB
2026/08/13 22:12:13.654, NVIDIA H200, 53, 99 %, 46 %, 142403 MiB, 143771 MiB
2026/08/13 22:12:16.654, NVIDIA H200, 53, 100 %, 24 %, 142403 MiB, 143771 MiB
2026/08/13 22:12:19.655, NVIDIA H200, 55, 100 %, 41 %, 142403 MiB, 143771 MiB
2026/08/13 22:12:22.655, NVIDIA H200, 56, 100 %, 41 %, 142403 MiB, 143771 MiB
2026/08/13 22:12:25.656, NVIDIA H200, 55, 100 %, 61 %, 142403 MiB, 143771 MiB
2026/08/13 22:12:28.656, NVIDIA H200, 56, 100 %, 46 %, 142403 MiB, 143771 MiB
2026/08/13 22:12:31.657, NVIDIA H200, 53, 99 %, 74 %, 142403 MiB, 143771 MiB
2026/08/13 22:12:34.658, NVIDIA H200, 54, 100 %, 58 %, 142403 MiB, 143771 MiB
2026/08/13 22:12:37.658, NVIDIA H200, 56, 100 %, 48 %, 142403 MiB, 143771 MiB
2026/08/13 22:12:40.658, NVIDIA H200, 54, 100 %, 42 %, 142403 MiB, 143771 MiB
2026/08/13 22:12:43.659, NVIDIA H200, 56, 100 %, 63 %, 142403 MiB, 143771 MiB
2026/08/13 22:12:46.659, NVIDIA H200, 56, 100 %, 53 %, 142403 MiB, 143771 MiB
2026/08/13 22:12:49.660, NVIDIA H200, 59, 100 %, 54 %, 142403 MiB, 143771 MiB
2026/08/13 22:12:52.660, NVIDIA H200, 54, 99 %, 53 %, 142403 MiB, 143771 MiB
2026/08/13 22:12:55.661, NVIDIA H200, 55, 100 %, 53 %, 142403 MiB, 143771 MiB
2026/08/13 22:12:58.661, NVIDIA H200, 55, 100 %, 49 %, 142403 MiB, 143771 MiB
2026/08/13 22:13:01.662, NVIDIA H200, 56, 100 %, 49 %, 142403 MiB, 143771 MiB
2026/08/13 22:13:04.663, NVIDIA H200, 56, 100 %, 24 %, 142403 MiB, 143771 MiB
2026/08/13 22:13:07.663, NVIDIA H200, 57, 99 %, 41 %, 142403 MiB, 143771 MiB
2026/08/13 22:13:10.664, NVIDIA H200, 57, 100 %, 36 %, 142403 MiB, 143771 MiB
2026/08/13 22:13:13.664, NVIDIA H200, 57, 100 %, 58 %, 142403 MiB, 143771 MiB
2026/08/13 22:13:16.664, NVIDIA H200, 59, 100 %, 46 %, 142403 MiB, 143771 MiB
2026/08/13 22:13:19.665, NVIDIA H200, 54, 98 %, 62 %, 142403 MiB, 143771 MiB
2026/08/13 22:13:22.665, NVIDIA H200, 55, 100 %, 58 %, 142403 MiB, 143771 MiB
2026/08/13 22:13:25.666, NVIDIA H200, 57, 100 %, 49 %, 142403 MiB, 143771 MiB
2026/08/13 22:13:28.666, NVIDIA H200, 55, 100 %, 48 %, 142405 MiB, 143771 MiB
2026/08/13 22:13:31.667, NVIDIA H200, 56, 100 %, 22 %, 142405 MiB, 143771 MiB
2026/08/13 22:13:34.667, NVIDIA H200, 56, 99 %, 36 %, 142405 MiB, 143771 MiB
2026/08/13 22:13:37.668, NVIDIA H200, 57, 100 %, 43 %, 142405 MiB, 143771 MiB
2026/08/13 22:13:40.668, NVIDIA H200, 57, 100 %, 53 %, 142405 MiB, 143771 MiB
2026/08/13 22:13:43.668, NVIDIA H200, 59, 100 %, 46 %, 142405 MiB, 143771 MiB
2026/08/13 22:13:46.669, NVIDIA H200, 51, 43 %, 9 %, 28503 MiB, 143771 MiB
2026/08/13 22:13:49.669, NVIDIA H200, 49, 62 %, 11 %, 72697 MiB, 143771 MiB
2026/08/13 22:13:52.670, NVIDIA H200, 48, 100 %, 15 %, 74549 MiB, 143771 MiB
2026/08/13 22:13:55.670, NVIDIA H200, 35, 100 %, 1 %, 69029 MiB, 143771 MiB
2026/08/13 22:13:58.671, NVIDIA H200, 39, 100 %, 2 %, 52455 MiB, 143771 MiB
2026/08/13 22:14:01.671, NVIDIA H200, 41, 85 %, 11 %, 30047 MiB, 143771 MiB
2026/08/13 22:14:04.671, NVIDIA H200, 42, 100 %, 2 %, 29819 MiB, 143771 MiB
2026/08/13 22:14:07.672, NVIDIA H200, 28, 0 %, 0 %, 13875 MiB, 143771 MiB
2026/08/13 22:14:10.672, NVIDIA H200, 27, 0 %, 0 %, 13875 MiB, 143771 MiB
2026/08/13 22:14:13.673, NVIDIA H200, 41, 100 %, 53 %, 46279 MiB, 143771 MiB
2026/08/13 22:14:16.673, NVIDIA H200, 52, 99 %, 45 %, 46279 MiB, 143771 MiB
2026/08/13 22:14:19.673, NVIDIA H200, 28, 0 %, 0 %, 46279 MiB, 143771 MiB
2026/08/13 22:14:22.674, NVIDIA H200, 27, 0 %, 0 %, 46279 MiB, 143771 MiB
2026/08/13 22:14:25.674, NVIDIA H200, 52, 100 %, 50 %, 142535 MiB, 143771 MiB
2026/08/13 22:14:28.675, NVIDIA H200, 53, 100 %, 46 %, 142535 MiB, 143771 MiB
2026/08/13 22:14:31.675, NVIDIA H200, 55, 100 %, 52 %, 142535 MiB, 143771 MiB
2026/08/13 22:14:34.676, NVIDIA H200, 54, 99 %, 54 %, 142535 MiB, 143771 MiB
2026/08/13 22:14:37.676, NVIDIA H200, 55, 100 %, 48 %, 142535 MiB, 143771 MiB
2026/08/13 22:14:40.677, NVIDIA H200, 56, 100 %, 22 %, 142535 MiB, 143771 MiB
2026/08/13 22:14:43.678, NVIDIA H200, 56, 98 %, 35 %, 142535 MiB, 143771 MiB
2026/08/13 22:14:46.678, NVIDIA H200, 56, 100 %, 46 %, 142535 MiB, 143771 MiB
2026/08/13 22:14:49.679, NVIDIA H200, 57, 100 %, 53 %, 142535 MiB, 143771 MiB
2026/08/13 22:14:52.679, NVIDIA H200, 60, 100 %, 48 %, 142535 MiB, 143771 MiB
2026/08/13 22:14:55.680, NVIDIA H200, 54, 98 %, 61 %, 142535 MiB, 143771 MiB
2026/08/13 22:14:58.680, NVIDIA H200, 55, 100 %, 57 %, 142535 MiB, 143771 MiB
2026/08/13 22:15:01.681, NVIDIA H200, 56, 100 %, 44 %, 142535 MiB, 143771 MiB
2026/08/13 22:15:04.681, NVIDIA H200, 52, 98 %, 47 %, 142535 MiB, 143771 MiB
2026/08/13 22:15:07.682, NVIDIA H200, 56, 100 %, 43 %, 142535 MiB, 143771 MiB
2026/08/13 22:15:10.682, NVIDIA H200, 58, 100 %, 56 %, 142535 MiB, 143771 MiB
2026/08/13 22:15:13.683, NVIDIA H200, 61, 100 %, 47 %, 142535 MiB, 143771 MiB
2026/08/13 22:15:16.683, NVIDIA H200, 56, 98 %, 66 %, 142535 MiB, 143771 MiB
2026/08/13 22:15:19.684, NVIDIA H200, 57, 100 %, 57 %, 142535 MiB, 143771 MiB
2026/08/13 22:15:22.684, NVIDIA H200, 55, 100 %, 48 %, 142535 MiB, 143771 MiB
2026/08/13 22:15:25.685, NVIDIA H200, 55, 98 %, 45 %, 142535 MiB, 143771 MiB
2026/08/13 22:15:28.685, NVIDIA H200, 57, 100 %, 63 %, 142535 MiB, 143771 MiB
2026/08/13 22:15:31.686, NVIDIA H200, 57, 100 %, 52 %, 142535 MiB, 143771 MiB
2026/08/13 22:15:34.686, NVIDIA H200, 58, 100 %, 54 %, 142535 MiB, 143771 MiB
2026/08/13 22:15:37.687, NVIDIA H200, 57, 99 %, 55 %, 142535 MiB, 143771 MiB
2026/08/13 22:15:40.687, NVIDIA H200, 59, 100 %, 54 %, 142535 MiB, 143771 MiB
2026/08/13 22:15:43.688, NVIDIA H200, 55, 100 %, 49 %, 142535 MiB, 143771 MiB
2026/08/13 22:15:46.688, NVIDIA H200, 57, 100 %, 57 %, 142535 MiB, 143771 MiB
2026/08/13 22:15:49.689, NVIDIA H200, 55, 100 %, 47 %, 142535 MiB, 143771 MiB
2026/08/13 22:15:52.689, NVIDIA H200, 57, 100 %, 43 %, 142535 MiB, 143771 MiB
2026/08/13 22:15:55.689, NVIDIA H200, 56, 100 %, 56 %, 142535 MiB, 143771 MiB
2026/08/13 22:15:58.690, NVIDIA H200, 58, 100 %, 54 %, 142535 MiB, 143771 MiB
2026/08/13 22:16:01.691, NVIDIA H200, 59, 100 %, 46 %, 142535 MiB, 143771 MiB
2026/08/13 22:16:04.691, NVIDIA H200, 34, 0 %, 0 %, 142535 MiB, 143771 MiB
2026/08/13 22:16:07.692, NVIDIA H200, 29, 0 %, 0 %, 142535 MiB, 143771 MiB
2026/08/13 22:16:10.692, NVIDIA H200, 29, 0 %, 0 %, 142535 MiB, 143771 MiB
2026/08/13 22:16:13.692, NVIDIA H200, 54, 100 %, 50 %, 142535 MiB, 143771 MiB
2026/08/13 22:16:16.693, NVIDIA H200, 29, 0 %, 0 %, 142535 MiB, 143771 MiB
2026/08/13 22:16:19.694, NVIDIA H200, 27, 0 %, 0 %, 142535 MiB, 143771 MiB
2026/08/13 22:16:22.694, NVIDIA H200, 51, 100 %, 47 %, 142535 MiB, 143771 MiB
2026/08/13 22:16:25.695, NVIDIA H200, 54, 73 %, 35 %, 142535 MiB, 143771 MiB
2026/08/13 22:16:28.695, NVIDIA H200, 57, 100 %, 44 %, 142535 MiB, 143771 MiB
2026/08/13 22:16:31.696, NVIDIA H200, 56, 99 %, 58 %, 142535 MiB, 143771 MiB
2026/08/13 22:16:34.696, NVIDIA H200, 59, 100 %, 49 %, 142535 MiB, 143771 MiB
2026/08/13 22:16:37.697, NVIDIA H200, 54, 100 %, 48 %, 142535 MiB, 143771 MiB
2026/08/13 22:16:40.697, NVIDIA H200, 55, 100 %, 50 %, 142535 MiB, 143771 MiB
2026/08/13 22:16:43.698, NVIDIA H200, 56, 100 %, 34 %, 142535 MiB, 143771 MiB
2026/08/13 22:16:46.698, NVIDIA H200, 53, 100 %, 51 %, 142535 MiB, 143771 MiB
2026/08/13 22:16:49.699, NVIDIA H200, 59, 100 %, 47 %, 142535 MiB, 143771 MiB
2026/08/13 22:16:52.699, NVIDIA H200, 58, 100 %, 55 %, 142535 MiB, 143771 MiB
2026/08/13 22:16:55.699, NVIDIA H200, 58, 100 %, 45 %, 142535 MiB, 143771 MiB
2026/08/13 22:16:58.700, NVIDIA H200, 55, 98 %, 65 %, 142535 MiB, 143771 MiB
2026/08/13 22:17:01.701, NVIDIA H200, 57, 100 %, 57 %, 142535 MiB, 143771 MiB
2026/08/13 22:17:04.701, NVIDIA H200, 58, 100 %, 47 %, 142535 MiB, 143771 MiB
2026/08/13 22:17:07.701, NVIDIA H200, 55, 98 %, 46 %, 142535 MiB, 143771 MiB
2026/08/13 22:17:10.702, NVIDIA H200, 58, 100 %, 63 %, 142535 MiB, 143771 MiB
2026/08/13 22:17:13.702, NVIDIA H200, 57, 100 %, 51 %, 142535 MiB, 143771 MiB
2026/08/13 22:17:16.703, NVIDIA H200, 61, 100 %, 52 %, 142535 MiB, 143771 MiB
2026/08/13 22:17:19.703, NVIDIA H200, 55, 99 %, 51 %, 142535 MiB, 143771 MiB
2026/08/13 22:17:22.703, NVIDIA H200, 56, 100 %, 52 %, 142535 MiB, 143771 MiB
2026/08/13 22:17:25.704, NVIDIA H200, 56, 100 %, 44 %, 142535 MiB, 143771 MiB
2026/08/13 22:17:28.705, NVIDIA H200, 52, 100 %, 46 %, 142535 MiB, 143771 MiB
2026/08/13 22:17:31.705, NVIDIA H200, 58, 100 %, 43 %, 142535 MiB, 143771 MiB
2026/08/13 22:17:34.706, NVIDIA H200, 59, 100 %, 58 %, 142535 MiB, 143771 MiB
2026/08/13 22:17:37.706, NVIDIA H200, 60, 100 %, 44 %, 142535 MiB, 143771 MiB
2026/08/13 22:17:40.707, NVIDIA H200, 58, 100 %, 51 %, 142535 MiB, 143771 MiB
2026/08/13 22:17:43.707, NVIDIA H200, 59, 100 %, 46 %, 142535 MiB, 143771 MiB
2026/08/13 22:17:46.708, NVIDIA H200, 54, 98 %, 60 %, 142535 MiB, 143771 MiB
2026/08/13 22:17:49.708, NVIDIA H200, 56, 100 %, 51 %, 142535 MiB, 143771 MiB
2026/08/13 22:17:52.709, NVIDIA H200, 57, 100 %, 44 %, 142535 MiB, 143771 MiB
2026/08/13 22:17:55.709, NVIDIA H200, 53, 99 %, 47 %, 142535 MiB, 143771 MiB
2026/08/13 22:17:58.710, NVIDIA H200, 57, 100 %, 51 %, 142535 MiB, 143771 MiB
2026/08/13 22:18:01.710, NVIDIA H200, 56, 100 %, 53 %, 142535 MiB, 143771 MiB
2026/08/13 22:18:04.710, NVIDIA H200, 30, 0 %, 0 %, 142535 MiB, 143771 MiB
2026/08/13 22:18:07.711, NVIDIA H200, 28, 0 %, 0 %, 142535 MiB, 143771 MiB
2026/08/13 22:18:10.711, NVIDIA H200, 51, 100 %, 54 %, 142535 MiB, 143771 MiB
2026/08/13 22:18:13.712, NVIDIA H200, 29, 0 %, 0 %, 142535 MiB, 143771 MiB
2026/08/13 22:18:16.712, NVIDIA H200, 28, 0 %, 0 %, 142535 MiB, 143771 MiB
2026/08/13 22:18:19.713, NVIDIA H200, 51, 100 %, 48 %, 142535 MiB, 143771 MiB
2026/08/13 22:18:22.713, NVIDIA H200, 53, 100 %, 51 %, 142535 MiB, 143771 MiB
2026/08/13 22:18:25.714, NVIDIA H200, 58, 100 %, 46 %, 142535 MiB, 143771 MiB
2026/08/13 22:18:28.714, NVIDIA H200, 54, 98 %, 54 %, 142535 MiB, 143771 MiB
2026/08/13 22:18:31.715, NVIDIA H200, 55, 100 %, 46 %, 142535 MiB, 143771 MiB
2026/08/13 22:18:34.716, NVIDIA H200, 55, 100 %, 43 %, 142535 MiB, 143771 MiB
2026/08/13 22:18:37.716, NVIDIA H200, 52, 100 %, 46 %, 142535 MiB, 143771 MiB
2026/08/13 22:18:40.716, NVIDIA H200, 58, 100 %, 41 %, 142535 MiB, 143771 MiB
2026/08/13 22:18:43.717, NVIDIA H200, 59, 100 %, 57 %, 142535 MiB, 143771 MiB
2026/08/13 22:18:46.717, NVIDIA H200, 59, 100 %, 46 %, 142535 MiB, 143771 MiB
2026/08/13 22:18:49.718, NVIDIA H200, 58, 100 %, 51 %, 142535 MiB, 143771 MiB
2026/08/13 22:18:52.718, NVIDIA H200, 59, 100 %, 53 %, 142535 MiB, 143771 MiB
2026/08/13 22:18:55.719, NVIDIA H200, 56, 99 %, 53 %, 142535 MiB, 143771 MiB
2026/08/13 22:18:58.719, NVIDIA H200, 56, 100 %, 50 %, 142535 MiB, 143771 MiB
2026/08/13 22:19:01.720, NVIDIA H200, 57, 100 %, 36 %, 142535 MiB, 143771 MiB
2026/08/13 22:19:04.720, NVIDIA H200, 56, 99 %, 41 %, 142535 MiB, 143771 MiB
2026/08/13 22:19:07.720, NVIDIA H200, 57, 100 %, 54 %, 142535 MiB, 143771 MiB
2026/08/13 22:19:10.721, NVIDIA H200, 57, 100 %, 51 %, 142535 MiB, 143771 MiB
2026/08/13 22:19:13.721, NVIDIA H200, 61, 100 %, 45 %, 142535 MiB, 143771 MiB
2026/08/13 22:19:16.722, NVIDIA H200, 55, 98 %, 53 %, 142535 MiB, 143771 MiB
2026/08/13 22:19:19.722, NVIDIA H200, 56, 100 %, 49 %, 142535 MiB, 143771 MiB
2026/08/13 22:19:22.723, NVIDIA H200, 56, 100 %, 44 %, 142535 MiB, 143771 MiB
2026/08/13 22:19:25.723, NVIDIA H200, 52, 100 %, 45 %, 142535 MiB, 143771 MiB
2026/08/13 22:19:28.723, NVIDIA H200, 58, 100 %, 39 %, 142535 MiB, 143771 MiB
2026/08/13 22:19:31.724, NVIDIA H200, 59, 100 %, 58 %, 142535 MiB, 143771 MiB
2026/08/13 22:19:34.724, NVIDIA H200, 60, 100 %, 44 %, 142535 MiB, 143771 MiB
2026/08/13 22:19:37.725, NVIDIA H200, 58, 100 %, 51 %, 142535 MiB, 143771 MiB
2026/08/13 22:19:40.725, NVIDIA H200, 59, 100 %, 47 %, 142535 MiB, 143771 MiB
2026/08/13 22:19:43.726, NVIDIA H200, 54, 98 %, 58 %, 142535 MiB, 143771 MiB
2026/08/13 22:19:46.726, NVIDIA H200, 56, 100 %, 48 %, 142535 MiB, 143771 MiB
2026/08/13 22:19:49.727, NVIDIA H200, 57, 100 %, 29 %, 142535 MiB, 143771 MiB
2026/08/13 22:19:52.727, NVIDIA H200, 53, 100 %, 49 %, 142535 MiB, 143771 MiB
2026/08/13 22:19:55.728, NVIDIA H200, 58, 100 %, 46 %, 142535 MiB, 143771 MiB
2026/08/13 22:19:58.728, NVIDIA H200, 56, 99 %, 51 %, 142535 MiB, 143771 MiB
2026/08/13 22:20:01.729, NVIDIA H200, 30, 0 %, 0 %, 142535 MiB, 143771 MiB
2026/08/13 22:20:04.729, NVIDIA H200, 29, 0 %, 0 %, 142535 MiB, 143771 MiB
2026/08/13 22:20:07.730, NVIDIA H200, 28, 0 %, 0 %, 142535 MiB, 143771 MiB
2026/08/13 22:20:10.730, NVIDIA H200, 49, 99 %, 49 %, 142535 MiB, 143771 MiB
2026/08/13 22:20:13.730, NVIDIA H200, 28, 0 %, 0 %, 142535 MiB, 143771 MiB
2026/08/13 22:20:16.731, NVIDIA H200, 27, 0 %, 0 %, 142535 MiB, 143771 MiB
2026/08/13 22:20:19.731, NVIDIA H200, 46, 98 %, 41 %, 142535 MiB, 143771 MiB
2026/08/13 22:20:22.732, NVIDIA H200, 48, 62 %, 46 %, 142535 MiB, 143771 MiB
2026/08/13 22:20:25.732, NVIDIA H200, 54, 100 %, 61 %, 142535 MiB, 143771 MiB
2026/08/13 22:20:28.733, NVIDIA H200, 57, 100 %, 49 %, 142535 MiB, 143771 MiB
2026/08/13 22:20:31.733, NVIDIA H200, 55, 98 %, 40 %, 142535 MiB, 143771 MiB
2026/08/13 22:20:34.734, NVIDIA H200, 57, 100 %, 57 %, 142535 MiB, 143771 MiB
2026/08/13 22:20:37.734, NVIDIA H200, 58, 100 %, 56 %, 142535 MiB, 143771 MiB
2026/08/13 22:20:40.735, NVIDIA H200, 60, 100 %, 54 %, 142535 MiB, 143771 MiB
2026/08/13 22:20:43.735, NVIDIA H200, 54, 100 %, 57 %, 142535 MiB, 143771 MiB
2026/08/13 22:20:46.736, NVIDIA H200, 57, 100 %, 50 %, 142535 MiB, 143771 MiB
2026/08/13 22:20:49.736, NVIDIA H200, 56, 100 %, 49 %, 142535 MiB, 143771 MiB
2026/08/13 22:20:52.737, NVIDIA H200, 56, 100 %, 50 %, 142535 MiB, 143771 MiB
2026/08/13 22:20:55.737, NVIDIA H200, 56, 100 %, 31 %, 142535 MiB, 143771 MiB
2026/08/13 22:20:58.737, NVIDIA H200, 59, 100 %, 49 %, 142535 MiB, 143771 MiB
2026/08/13 22:21:01.738, NVIDIA H200, 59, 100 %, 46 %, 142535 MiB, 143771 MiB
2026/08/13 22:21:04.738, NVIDIA H200, 58, 100 %, 53 %, 142535 MiB, 143771 MiB
2026/08/13 22:21:07.739, NVIDIA H200, 58, 100 %, 45 %, 142535 MiB, 143771 MiB
2026/08/13 22:21:10.739, NVIDIA H200, 56, 98 %, 64 %, 142535 MiB, 143771 MiB
2026/08/13 22:21:13.739, NVIDIA H200, 57, 100 %, 57 %, 142535 MiB, 143771 MiB
2026/08/13 22:21:16.740, NVIDIA H200, 58, 100 %, 46 %, 142535 MiB, 143771 MiB
2026/08/13 22:21:19.741, NVIDIA H200, 56, 99 %, 45 %, 142535 MiB, 143771 MiB
2026/08/13 22:21:22.741, NVIDIA H200, 58, 100 %, 64 %, 142535 MiB, 143771 MiB
2026/08/13 22:21:25.742, NVIDIA H200, 57, 100 %, 53 %, 142535 MiB, 143771 MiB
2026/08/13 22:21:28.742, NVIDIA H200, 60, 100 %, 44 %, 142535 MiB, 143771 MiB
2026/08/13 22:21:31.743, NVIDIA H200, 55, 98 %, 52 %, 142535 MiB, 143771 MiB
2026/08/13 22:21:34.743, NVIDIA H200, 56, 100 %, 48 %, 142535 MiB, 143771 MiB
2026/08/13 22:21:37.743, NVIDIA H200, 57, 100 %, 44 %, 142535 MiB, 143771 MiB
2026/08/13 22:21:40.744, NVIDIA H200, 58, 100 %, 47 %, 142535 MiB, 143771 MiB
2026/08/13 22:21:43.744, NVIDIA H200, 57, 100 %, 34 %, 142535 MiB, 143771 MiB
2026/08/13 22:21:46.745, NVIDIA H200, 57, 100 %, 52 %, 142535 MiB, 143771 MiB
2026/08/13 22:21:49.745, NVIDIA H200, 61, 100 %, 46 %, 142535 MiB, 143771 MiB
2026/08/13 22:21:52.746, NVIDIA H200, 55, 100 %, 53 %, 142535 MiB, 143771 MiB
2026/08/13 22:21:55.746, NVIDIA H200, 56, 100 %, 45 %, 142535 MiB, 143771 MiB
2026/08/13 22:21:58.747, NVIDIA H200, 57, 100 %, 53 %, 142535 MiB, 143771 MiB
2026/08/13 22:22:01.747, NVIDIA H200, 30, 0 %, 0 %, 142535 MiB, 143771 MiB
2026/08/13 22:22:04.748, NVIDIA H200, 29, 0 %, 0 %, 142535 MiB, 143771 MiB
2026/08/13 22:22:07.748, NVIDIA H200, 52, 100 %, 53 %, 142535 MiB, 143771 MiB
2026/08/13 22:22:10.748, NVIDIA H200, 29, 0 %, 0 %, 142535 MiB, 143771 MiB
2026/08/13 22:22:13.749, NVIDIA H200, 27, 0 %, 0 %, 142535 MiB, 143771 MiB
2026/08/13 22:22:16.749, NVIDIA H200, 27, 0 %, 0 %, 142535 MiB, 143771 MiB
2026/08/13 22:22:19.750, NVIDIA H200, 27, 0 %, 0 %, 142535 MiB, 143771 MiB
2026/08/13 22:22:22.750, NVIDIA H200, 43, 99 %, 50 %, 142535 MiB, 143771 MiB
2026/08/13 22:22:25.751, NVIDIA H200, 54, 100 %, 46 %, 142535 MiB, 143771 MiB
2026/08/13 22:22:28.751, NVIDIA H200, 53, 100 %, 61 %, 142535 MiB, 143771 MiB
2026/08/13 22:22:31.751, NVIDIA H200, 56, 100 %, 39 %, 142535 MiB, 143771 MiB
2026/08/13 22:22:34.752, NVIDIA H200, 54, 100 %, 53 %, 142535 MiB, 143771 MiB
2026/08/13 22:22:37.752, NVIDIA H200, 55, 100 %, 53 %, 142535 MiB, 143771 MiB
2026/08/13 22:22:40.753, NVIDIA H200, 57, 99 %, 55 %, 142535 MiB, 143771 MiB
2026/08/13 22:22:43.753, NVIDIA H200, 55, 100 %, 48 %, 142535 MiB, 143771 MiB
2026/08/13 22:22:46.754, NVIDIA H200, 57, 100 %, 21 %, 142535 MiB, 143771 MiB
2026/08/13 22:22:49.754, NVIDIA H200, 58, 99 %, 37 %, 142535 MiB, 143771 MiB
2026/08/13 22:22:52.755, NVIDIA H200, 61, 100 %, 36 %, 142535 MiB, 143771 MiB
2026/08/13 22:22:55.755, NVIDIA H200, 54, 100 %, 59 %, 142535 MiB, 143771 MiB
2026/08/13 22:22:58.756, NVIDIA H200, 56, 100 %, 47 %, 142535 MiB, 143771 MiB
2026/08/13 22:23:01.756, NVIDIA H200, 56, 98 %, 61 %, 142535 MiB, 143771 MiB
2026/08/13 22:23:04.757, NVIDIA H200, 55, 100 %, 57 %, 142535 MiB, 143771 MiB
2026/08/13 22:23:07.757, NVIDIA H200, 57, 100 %, 49 %, 142535 MiB, 143771 MiB
2026/08/13 22:23:10.757, NVIDIA H200, 59, 97 %, 44 %, 142535 MiB, 143771 MiB
2026/08/13 22:23:13.758, NVIDIA H200, 59, 100 %, 51 %, 142535 MiB, 143771 MiB
2026/08/13 22:23:16.758, NVIDIA H200, 57, 100 %, 58 %, 142535 MiB, 143771 MiB
2026/08/13 22:23:19.759, NVIDIA H200, 57, 100 %, 41 %, 142535 MiB, 143771 MiB
2026/08/13 22:23:22.759, NVIDIA H200, 56, 100 %, 53 %, 142535 MiB, 143771 MiB
2026/08/13 22:23:25.760, NVIDIA H200, 57, 100 %, 51 %, 142535 MiB, 143771 MiB
2026/08/13 22:23:28.761, NVIDIA H200, 58, 100 %, 50 %, 142535 MiB, 143771 MiB
2026/08/13 22:23:31.761, NVIDIA H200, 55, 100 %, 49 %, 142535 MiB, 143771 MiB
2026/08/13 22:23:34.762, NVIDIA H200, 58, 100 %, 21 %, 142535 MiB, 143771 MiB
2026/08/13 22:23:37.762, NVIDIA H200, 57, 99 %, 41 %, 142535 MiB, 143771 MiB
2026/08/13 22:23:40.763, NVIDIA H200, 61, 100 %, 39 %, 142535 MiB, 143771 MiB
2026/08/13 22:23:43.763, NVIDIA H200, 55, 100 %, 61 %, 142535 MiB, 143771 MiB
2026/08/13 22:23:46.764, NVIDIA H200, 58, 100 %, 48 %, 142535 MiB, 143771 MiB
2026/08/13 22:23:49.764, NVIDIA H200, 56, 98 %, 62 %, 142535 MiB, 143771 MiB
2026/08/13 22:23:52.764, NVIDIA H200, 56, 100 %, 56 %, 142535 MiB, 143771 MiB
2026/08/13 22:23:55.765, NVIDIA H200, 57, 100 %, 45 %, 142535 MiB, 143771 MiB
2026/08/13 22:23:58.765, NVIDIA H200, 60, 98 %, 45 %, 142535 MiB, 143771 MiB
2026/08/13 22:24:01.766, NVIDIA H200, 59, 100 %, 51 %, 142535 MiB, 143771 MiB
2026/08/13 22:24:04.766, NVIDIA H200, 31, 0 %, 0 %, 142535 MiB, 143771 MiB
2026/08/13 22:24:07.767, NVIDIA H200, 39, 100 %, 58 %, 142535 MiB, 143771 MiB
2026/08/13 22:24:10.767, NVIDIA H200, 51, 100 %, 56 %, 142535 MiB, 143771 MiB
2026/08/13 22:24:13.768, NVIDIA H200, 30, 0 %, 0 %, 142535 MiB, 143771 MiB
2026/08/13 22:24:16.768, NVIDIA H200, 29, 0 %, 0 %, 142535 MiB, 143771 MiB
2026/08/13 22:24:19.768, NVIDIA H200, 53, 100 %, 42 %, 142535 MiB, 143771 MiB
2026/08/13 22:24:22.769, NVIDIA H200, 57, 100 %, 49 %, 142535 MiB, 143771 MiB
2026/08/13 22:24:25.769, NVIDIA H200, 56, 98 %, 36 %, 142535 MiB, 143771 MiB
2026/08/13 22:24:28.770, NVIDIA H200, 60, 100 %, 66 %, 142535 MiB, 143771 MiB
2026/08/13 22:24:31.770, NVIDIA H200, 57, 100 %, 46 %, 142535 MiB, 143771 MiB
2026/08/13 22:24:34.771, NVIDIA H200, 60, 100 %, 42 %, 142535 MiB, 143771 MiB
2026/08/13 22:24:37.771, NVIDIA H200, 54, 100 %, 56 %, 142535 MiB, 143771 MiB
2026/08/13 22:24:40.771, NVIDIA H200, 55, 100 %, 47 %, 142535 MiB, 143771 MiB
2026/08/13 22:24:43.772, NVIDIA H200, 56, 100 %, 44 %, 142535 MiB, 143771 MiB
2026/08/13 22:24:46.773, NVIDIA H200, 52, 100 %, 46 %, 142535 MiB, 143771 MiB
2026/08/13 22:24:49.773, NVIDIA H200, 57, 100 %, 47 %, 142535 MiB, 143771 MiB
2026/08/13 22:24:52.773, NVIDIA H200, 58, 100 %, 57 %, 142535 MiB, 143771 MiB
2026/08/13 22:24:55.774, NVIDIA H200, 60, 100 %, 42 %, 142535 MiB, 143771 MiB
2026/08/13 22:24:58.774, NVIDIA H200, 58, 100 %, 53 %, 142535 MiB, 143771 MiB
2026/08/13 22:25:01.775, NVIDIA H200, 58, 100 %, 53 %, 142535 MiB, 143771 MiB
2026/08/13 22:25:04.775, NVIDIA H200, 56, 99 %, 56 %, 142535 MiB, 143771 MiB
2026/08/13 22:25:07.776, NVIDIA H200, 56, 100 %, 49 %, 142535 MiB, 143771 MiB
2026/08/13 22:25:10.776, NVIDIA H200, 57, 100 %, 26 %, 142535 MiB, 143771 MiB
2026/08/13 22:25:13.776, NVIDIA H200, 56, 99 %, 34 %, 142535 MiB, 143771 MiB
2026/08/13 22:25:16.777, NVIDIA H200, 57, 100 %, 45 %, 142535 MiB, 143771 MiB
2026/08/13 22:25:19.777, NVIDIA H200, 57, 100 %, 53 %, 142535 MiB, 143771 MiB
2026/08/13 22:25:22.778, NVIDIA H200, 60, 100 %, 49 %, 142535 MiB, 143771 MiB
2026/08/13 22:25:25.778, NVIDIA H200, 55, 98 %, 62 %, 142535 MiB, 143771 MiB
2026/08/13 22:25:28.779, NVIDIA H200, 56, 100 %, 57 %, 142535 MiB, 143771 MiB
2026/08/13 22:25:31.779, NVIDIA H200, 57, 100 %, 51 %, 142535 MiB, 143771 MiB
2026/08/13 22:25:34.780, NVIDIA H200, 53, 97 %, 40 %, 142535 MiB, 143771 MiB
2026/08/13 22:25:37.780, NVIDIA H200, 57, 100 %, 50 %, 142535 MiB, 143771 MiB
2026/08/13 22:25:40.781, NVIDIA H200, 58, 100 %, 56 %, 142535 MiB, 143771 MiB
2026/08/13 22:25:43.781, NVIDIA H200, 61, 100 %, 40 %, 142535 MiB, 143771 MiB
2026/08/13 22:25:46.781, NVIDIA H200, 57, 100 %, 52 %, 142535 MiB, 143771 MiB
2026/08/13 22:25:49.782, NVIDIA H200, 58, 100 %, 53 %, 142535 MiB, 143771 MiB
2026/08/13 22:25:52.782, NVIDIA H200, 55, 100 %, 48 %, 142535 MiB, 143771 MiB
2026/08/13 22:25:55.783, NVIDIA H200, 56, 100 %, 50 %, 142535 MiB, 143771 MiB
2026/08/13 22:25:58.783, NVIDIA H200, 50, 85 %, 44 %, 142535 MiB, 143771 MiB
2026/08/13 22:26:01.784, NVIDIA H200, 29, 0 %, 0 %, 142535 MiB, 143771 MiB
2026/08/13 22:26:04.784, NVIDIA H200, 37, 9 %, 2 %, 142535 MiB, 143771 MiB
2026/08/13 22:26:07.785, NVIDIA H200, 53, 100 %, 50 %, 142535 MiB, 143771 MiB
2026/08/13 22:26:10.785, NVIDIA H200, 29, 0 %, 0 %, 142535 MiB, 143771 MiB
2026/08/13 22:26:13.785, NVIDIA H200, 47, 100 %, 51 %, 142535 MiB, 143771 MiB
2026/08/13 22:26:16.786, NVIDIA H200, 50, 100 %, 52 %, 142535 MiB, 143771 MiB
2026/08/13 22:26:19.786, NVIDIA H200, 54, 99 %, 63 %, 142535 MiB, 143771 MiB
2026/08/13 22:26:22.787, NVIDIA H200, 52, 100 %, 57 %, 142535 MiB, 143771 MiB
2026/08/13 22:26:25.787, NVIDIA H200, 56, 100 %, 47 %, 142535 MiB, 143771 MiB
2026/08/13 22:26:28.787, NVIDIA H200, 58, 98 %, 45 %, 142535 MiB, 143771 MiB
2026/08/13 22:26:31.788, NVIDIA H200, 60, 100 %, 64 %, 142535 MiB, 143771 MiB
2026/08/13 22:26:34.789, NVIDIA H200, 57, 100 %, 52 %, 142535 MiB, 143771 MiB
2026/08/13 22:26:37.789, NVIDIA H200, 58, 100 %, 54 %, 142535 MiB, 143771 MiB
2026/08/13 22:26:40.790, NVIDIA H200, 55, 99 %, 51 %, 142535 MiB, 143771 MiB
2026/08/13 22:26:43.790, NVIDIA H200, 56, 100 %, 52 %, 142535 MiB, 143771 MiB
2026/08/13 22:26:46.791, NVIDIA H200, 57, 100 %, 49 %, 142535 MiB, 143771 MiB
2026/08/13 22:26:49.791, NVIDIA H200, 56, 100 %, 51 %, 142535 MiB, 143771 MiB
2026/08/13 22:26:52.791, NVIDIA H200, 57, 100 %, 35 %, 142535 MiB, 143771 MiB
2026/08/13 22:26:55.792, NVIDIA H200, 57, 100 %, 51 %, 142535 MiB, 143771 MiB
2026/08/13 22:26:58.792, NVIDIA H200, 60, 100 %, 47 %, 142535 MiB, 143771 MiB
2026/08/13 22:27:01.792, NVIDIA H200, 54, 100 %, 53 %, 142535 MiB, 143771 MiB
2026/08/13 22:27:04.793, NVIDIA H200, 56, 100 %, 45 %, 142535 MiB, 143771 MiB
2026/08/13 22:27:07.793, NVIDIA H200, 57, 98 %, 66 %, 142535 MiB, 143771 MiB
2026/08/13 22:27:10.794, NVIDIA H200, 51, 100 %, 57 %, 142535 MiB, 143771 MiB
2026/08/13 22:27:13.794, NVIDIA H200, 57, 100 %, 47 %, 142535 MiB, 143771 MiB
2026/08/13 22:27:16.795, NVIDIA H200, 59, 99 %, 44 %, 142535 MiB, 143771 MiB
2026/08/13 22:27:19.795, NVIDIA H200, 60, 100 %, 63 %, 142535 MiB, 143771 MiB
2026/08/13 22:27:22.796, NVIDIA H200, 58, 100 %, 57 %, 142535 MiB, 143771 MiB
2026/08/13 22:27:25.796, NVIDIA H200, 58, 100 %, 54 %, 142535 MiB, 143771 MiB
2026/08/13 22:27:28.797, NVIDIA H200, 56, 99 %, 54 %, 142535 MiB, 143771 MiB
2026/08/13 22:27:31.797, NVIDIA H200, 56, 100 %, 53 %, 142535 MiB, 143771 MiB
2026/08/13 22:27:34.798, NVIDIA H200, 57, 100 %, 49 %, 142535 MiB, 143771 MiB
2026/08/13 22:27:37.798, NVIDIA H200, 52, 100 %, 56 %, 142535 MiB, 143771 MiB
2026/08/13 22:27:40.798, NVIDIA H200, 56, 100 %, 43 %, 142535 MiB, 143771 MiB
2026/08/13 22:27:43.799, NVIDIA H200, 58, 99 %, 40 %, 142535 MiB, 143771 MiB
2026/08/13 22:27:46.799, NVIDIA H200, 60, 100 %, 57 %, 142535 MiB, 143771 MiB
2026/08/13 22:27:49.800, NVIDIA H200, 56, 100 %, 51 %, 142535 MiB, 143771 MiB
2026/08/13 22:27:52.800, NVIDIA H200, 57, 100 %, 48 %, 142535 MiB, 143771 MiB
2026/08/13 22:27:55.801, NVIDIA H200, 33, 0 %, 0 %, 142535 MiB, 143771 MiB
2026/08/13 22:27:58.801, NVIDIA H200, 28, 0 %, 0 %, 142535 MiB, 143771 MiB
2026/08/13 22:28:01.802, NVIDIA H200, 32, 0 %, 0 %, 142535 MiB, 143771 MiB
2026/08/13 22:28:04.802, NVIDIA H200, 49, 100 %, 51 %, 142535 MiB, 143771 MiB
2026/08/13 22:28:07.802, NVIDIA H200, 29, 0 %, 0 %, 142535 MiB, 143771 MiB
2026/08/13 22:28:10.803, NVIDIA H200, 27, 0 %, 0 %, 142535 MiB, 143771 MiB
2026/08/13 22:28:13.803, NVIDIA H200, 52, 98 %, 69 %, 142535 MiB, 143771 MiB
2026/08/13 22:28:16.804, NVIDIA H200, 53, 100 %, 48 %, 142535 MiB, 143771 MiB
2026/08/13 22:28:19.805, NVIDIA H200, 48, 100 %, 61 %, 142535 MiB, 143771 MiB
2026/08/13 22:28:22.805, NVIDIA H200, 59, 100 %, 46 %, 142535 MiB, 143771 MiB
2026/08/13 22:28:25.805, NVIDIA H200, 54, 100 %, 53 %, 142535 MiB, 143771 MiB
2026/08/13 22:28:28.806, NVIDIA H200, 56, 100 %, 44 %, 142535 MiB, 143771 MiB
2026/08/13 22:28:31.806, NVIDIA H200, 56, 98 %, 60 %, 142535 MiB, 143771 MiB
2026/08/13 22:28:34.807, NVIDIA H200, 57, 100 %, 57 %, 142535 MiB, 143771 MiB
2026/08/13 22:28:37.807, NVIDIA H200, 58, 100 %, 44 %, 142535 MiB, 143771 MiB
2026/08/13 22:28:40.808, NVIDIA H200, 56, 99 %, 41 %, 142535 MiB, 143771 MiB
2026/08/13 22:28:43.808, NVIDIA H200, 57, 100 %, 59 %, 142535 MiB, 143771 MiB
2026/08/13 22:28:46.809, NVIDIA H200, 57, 100 %, 51 %, 142535 MiB, 143771 MiB
2026/08/13 22:28:49.809, NVIDIA H200, 60, 100 %, 45 %, 142535 MiB, 143771 MiB
2026/08/13 22:28:52.809, NVIDIA H200, 54, 98 %, 53 %, 142535 MiB, 143771 MiB
2026/08/13 22:28:55.810, NVIDIA H200, 55, 100 %, 48 %, 142535 MiB, 143771 MiB
2026/08/13 22:28:58.810, NVIDIA H200, 56, 100 %, 45 %, 142535 MiB, 143771 MiB
2026/08/13 22:29:01.811, NVIDIA H200, 51, 98 %, 46 %, 142535 MiB, 143771 MiB
2026/08/13 22:29:04.811, NVIDIA H200, 56, 100 %, 47 %, 142535 MiB, 143771 MiB
2026/08/13 22:29:07.811, NVIDIA H200, 59, 100 %, 57 %, 142535 MiB, 143771 MiB
2026/08/13 22:29:10.812, NVIDIA H200, 60, 100 %, 42 %, 142535 MiB, 143771 MiB
2026/08/13 22:29:13.812, NVIDIA H200, 57, 100 %, 53 %, 142535 MiB, 143771 MiB
2026/08/13 22:29:16.813, NVIDIA H200, 57, 100 %, 55 %, 142535 MiB, 143771 MiB
2026/08/13 22:29:19.813, NVIDIA H200, 55, 99 %, 54 %, 142535 MiB, 143771 MiB
2026/08/13 22:29:22.814, NVIDIA H200, 55, 98 %, 41 %, 142535 MiB, 143771 MiB
2026/08/13 22:29:25.814, NVIDIA H200, 57, 100 %, 62 %, 142535 MiB, 143771 MiB
2026/08/13 22:29:28.814, NVIDIA H200, 57, 100 %, 54 %, 142535 MiB, 143771 MiB
2026/08/13 22:29:31.815, NVIDIA H200, 58, 100 %, 54 %, 142535 MiB, 143771 MiB
2026/08/13 22:29:34.815, NVIDIA H200, 58, 100 %, 51 %, 142535 MiB, 143771 MiB
2026/08/13 22:29:37.816, NVIDIA H200, 60, 100 %, 47 %, 142535 MiB, 143771 MiB
2026/08/13 22:29:40.816, NVIDIA H200, 54, 99 %, 53 %, 142535 MiB, 143771 MiB
2026/08/13 22:29:43.817, NVIDIA H200, 56, 100 %, 50 %, 142535 MiB, 143771 MiB
2026/08/13 22:29:46.817, NVIDIA H200, 55, 100 %, 36 %, 142535 MiB, 143771 MiB
2026/08/13 22:29:49.818, NVIDIA H200, 55, 99 %, 33 %, 142535 MiB, 143771 MiB
2026/08/13 22:29:52.818, NVIDIA H200, 32, 0 %, 0 %, 142535 MiB, 143771 MiB
2026/08/13 22:29:55.819, NVIDIA H200, 28, 0 %, 0 %, 142535 MiB, 143771 MiB
2026/08/13 22:29:58.819, NVIDIA H200, 27, 0 %, 0 %, 142535 MiB, 143771 MiB
2026/08/13 22:30:01.820, NVIDIA H200, 54, 99 %, 48 %, 142535 MiB, 143771 MiB
2026/08/13 22:30:04.820, NVIDIA H200, 29, 0 %, 0 %, 142535 MiB, 143771 MiB
2026/08/13 22:30:07.821, NVIDIA H200, 27, 0 %, 0 %, 142535 MiB, 143771 MiB
2026/08/13 22:30:10.821, NVIDIA H200, 35, 56 %, 43 %, 142535 MiB, 143771 MiB
2026/08/13 22:30:13.822, NVIDIA H200, 56, 100 %, 56 %, 142535 MiB, 143771 MiB
2026/08/13 22:30:16.822, NVIDIA H200, 46, 58 %, 37 %, 142535 MiB, 143771 MiB
2026/08/13 22:30:19.822, NVIDIA H200, 57, 100 %, 57 %, 142535 MiB, 143771 MiB
2026/08/13 22:30:22.823, NVIDIA H200, 55, 100 %, 46 %, 142535 MiB, 143771 MiB
2026/08/13 22:30:25.823, NVIDIA H200, 56, 98 %, 46 %, 142535 MiB, 143771 MiB
2026/08/13 22:30:28.824, NVIDIA H200, 57, 100 %, 50 %, 142535 MiB, 143771 MiB
2026/08/13 22:30:31.824, NVIDIA H200, 56, 100 %, 57 %, 142535 MiB, 143771 MiB
2026/08/13 22:30:34.825, NVIDIA H200, 58, 100 %, 39 %, 142535 MiB, 143771 MiB
2026/08/13 22:30:37.825, NVIDIA H200, 56, 100 %, 54 %, 142535 MiB, 143771 MiB
2026/08/13 22:30:40.825, NVIDIA H200, 60, 100 %, 56 %, 142535 MiB, 143771 MiB
2026/08/13 22:30:43.826, NVIDIA H200, 54, 99 %, 55 %, 142535 MiB, 143771 MiB
2026/08/13 22:30:46.826, NVIDIA H200, 55, 100 %, 48 %, 142535 MiB, 143771 MiB
2026/08/13 22:30:49.827, NVIDIA H200, 55, 100 %, 21 %, 142535 MiB, 143771 MiB
2026/08/13 22:30:52.827, NVIDIA H200, 53, 98 %, 35 %, 142535 MiB, 143771 MiB
2026/08/13 22:30:55.828, NVIDIA H200, 57, 100 %, 45 %, 142535 MiB, 143771 MiB
2026/08/13 22:30:58.828, NVIDIA H200, 59, 100 %, 54 %, 142535 MiB, 143771 MiB
2026/08/13 22:31:01.829, NVIDIA H200, 59, 100 %, 46 %, 142535 MiB, 143771 MiB
2026/08/13 22:31:04.829, NVIDIA H200, 54, 98 %, 59 %, 142535 MiB, 143771 MiB
2026/08/13 22:31:07.830, NVIDIA H200, 56, 100 %, 50 %, 142535 MiB, 143771 MiB
2026/08/13 22:31:10.830, NVIDIA H200, 57, 100 %, 44 %, 142535 MiB, 143771 MiB
2026/08/13 22:31:13.830, NVIDIA H200, 51, 98 %, 47 %, 142535 MiB, 143771 MiB
2026/08/13 22:31:16.831, NVIDIA H200, 57, 100 %, 47 %, 142535 MiB, 143771 MiB
2026/08/13 22:31:19.831, NVIDIA H200, 59, 100 %, 56 %, 142535 MiB, 143771 MiB
2026/08/13 22:31:22.832, NVIDIA H200, 61, 100 %, 42 %, 142535 MiB, 143771 MiB
2026/08/13 22:31:25.832, NVIDIA H200, 57, 100 %, 53 %, 142535 MiB, 143771 MiB
2026/08/13 22:31:28.833, NVIDIA H200, 57, 100 %, 54 %, 142535 MiB, 143771 MiB
2026/08/13 22:31:31.833, NVIDIA H200, 52, 64 %, 43 %, 142535 MiB, 143771 MiB
2026/08/13 22:31:34.833, NVIDIA H200, 56, 100 %, 55 %, 142535 MiB, 143771 MiB
2026/08/13 22:31:37.834, NVIDIA H200, 57, 100 %, 51 %, 142535 MiB, 143771 MiB
2026/08/13 22:31:40.834, NVIDIA H200, 53, 99 %, 41 %, 142535 MiB, 143771 MiB
2026/08/13 22:31:43.835, NVIDIA H200, 58, 100 %, 50 %, 142535 MiB, 143771 MiB
2026/08/13 22:31:46.836, NVIDIA H200, 58, 100 %, 55 %, 142535 MiB, 143771 MiB
2026/08/13 22:31:49.836, NVIDIA H200, 41, 0 %, 0 %, 142535 MiB, 143771 MiB
2026/08/13 22:31:52.837, NVIDIA H200, 29, 0 %, 0 %, 142535 MiB, 143771 MiB
2026/08/13 22:31:55.837, NVIDIA H200, 44, 100 %, 56 %, 142535 MiB, 143771 MiB
2026/08/13 22:31:58.837, NVIDIA H200, 54, 100 %, 54 %, 142535 MiB, 143771 MiB
2026/08/13 22:32:01.838, NVIDIA H200, 29, 0 %, 0 %, 142535 MiB, 143771 MiB
2026/08/13 22:32:04.839, NVIDIA H200, 27, 0 %, 0 %, 142535 MiB, 143771 MiB
2026/08/13 22:32:07.839, NVIDIA H200, 27, 0 %, 0 %, 142535 MiB, 143771 MiB
2026/08/13 22:32:10.840, NVIDIA H200, 46, 100 %, 44 %, 142535 MiB, 143771 MiB
2026/08/13 22:32:13.840, NVIDIA H200, 49, 100 %, 63 %, 142535 MiB, 143771 MiB
2026/08/13 22:32:16.841, NVIDIA H200, 53, 100 %, 37 %, 142535 MiB, 143771 MiB
2026/08/13 22:32:19.841, NVIDIA H200, 56, 100 %, 61 %, 142535 MiB, 143771 MiB
2026/08/13 22:32:22.842, NVIDIA H200, 56, 100 %, 51 %, 142535 MiB, 143771 MiB
2026/08/13 22:32:25.842, NVIDIA H200, 59, 100 %, 44 %, 142535 MiB, 143771 MiB
2026/08/13 22:32:28.842, NVIDIA H200, 54, 97 %, 52 %, 142535 MiB, 143771 MiB
2026/08/13 22:32:31.843, NVIDIA H200, 55, 100 %, 48 %, 142535 MiB, 143771 MiB
2026/08/13 22:32:34.843, NVIDIA H200, 56, 100 %, 44 %, 142535 MiB, 143771 MiB
2026/08/13 22:32:37.844, NVIDIA H200, 51, 100 %, 50 %, 142535 MiB, 143771 MiB
2026/08/13 22:32:40.844, NVIDIA H200, 57, 100 %, 48 %, 142535 MiB, 143771 MiB
2026/08/13 22:32:43.845, NVIDIA H200, 58, 100 %, 56 %, 142535 MiB, 143771 MiB
2026/08/13 22:32:46.845, NVIDIA H200, 59, 100 %, 42 %, 142535 MiB, 143771 MiB
2026/08/13 22:32:49.846, NVIDIA H200, 58, 100 %, 52 %, 142535 MiB, 143771 MiB
2026/08/13 22:32:52.846, NVIDIA H200, 59, 100 %, 53 %, 142535 MiB, 143771 MiB
2026/08/13 22:32:55.847, NVIDIA H200, 56, 99 %, 53 %, 142535 MiB, 143771 MiB
2026/08/13 22:32:58.847, NVIDIA H200, 56, 100 %, 50 %, 142535 MiB, 143771 MiB
2026/08/13 22:33:01.848, NVIDIA H200, 56, 100 %, 27 %, 142535 MiB, 143771 MiB
2026/08/13 22:33:04.848, NVIDIA H200, 56, 98 %, 34 %, 142535 MiB, 143771 MiB
2026/08/13 22:33:07.849, NVIDIA H200, 57, 100 %, 45 %, 142535 MiB, 143771 MiB
2026/08/13 22:33:10.849, NVIDIA H200, 57, 100 %, 54 %, 142535 MiB, 143771 MiB
2026/08/13 22:33:13.849, NVIDIA H200, 59, 100 %, 44 %, 142535 MiB, 143771 MiB
2026/08/13 22:33:16.850, NVIDIA H200, 55, 98 %, 62 %, 142535 MiB, 143771 MiB
2026/08/13 22:33:19.850, NVIDIA H200, 56, 100 %, 57 %, 142535 MiB, 143771 MiB
2026/08/13 22:33:22.851, NVIDIA H200, 57, 100 %, 49 %, 142535 MiB, 143771 MiB
2026/08/13 22:33:25.851, NVIDIA H200, 53, 99 %, 44 %, 142535 MiB, 143771 MiB
2026/08/13 22:33:28.852, NVIDIA H200, 58, 100 %, 50 %, 142535 MiB, 143771 MiB
2026/08/13 22:33:31.852, NVIDIA H200, 59, 100 %, 57 %, 142535 MiB, 143771 MiB
2026/08/13 22:33:34.852, NVIDIA H200, 59, 100 %, 45 %, 142535 MiB, 143771 MiB
2026/08/13 22:33:37.853, NVIDIA H200, 58, 100 %, 53 %, 142535 MiB, 143771 MiB
2026/08/13 22:33:40.853, NVIDIA H200, 58, 100 %, 44 %, 142535 MiB, 143771 MiB
2026/08/13 22:33:43.854, NVIDIA H200, 57, 99 %, 56 %, 142535 MiB, 143771 MiB
2026/08/13 22:33:46.854, NVIDIA H200, 57, 100 %, 54 %, 142535 MiB, 143771 MiB
2026/08/13 22:33:49.855, NVIDIA H200, 58, 100 %, 36 %, 142535 MiB, 143771 MiB
2026/08/13 22:33:52.855, NVIDIA H200, 36, 0 %, 0 %, 142535 MiB, 143771 MiB
2026/08/13 22:33:55.856, NVIDIA H200, 29, 0 %, 0 %, 142535 MiB, 143771 MiB
2026/08/13 22:33:58.857, NVIDIA H200, 40, 66 %, 34 %, 142535 MiB, 143771 MiB
2026/08/13 22:34:01.857, NVIDIA H200, 28, 0 %, 0 %, 142535 MiB, 143771 MiB
2026/08/13 22:34:04.858, NVIDIA H200, 31, 0 %, 0 %, 142539 MiB, 143771 MiB
2026/08/13 22:34:07.858, NVIDIA H200, 28, 0 %, 0 %, 142539 MiB, 143771 MiB
2026/08/13 22:34:10.859, NVIDIA H200, 27, 0 %, 0 %, 142539 MiB, 143771 MiB
2026/08/13 22:34:13.859, NVIDIA H200, 27, 0 %, 0 %, 142539 MiB, 143771 MiB
2026/08/13 22:34:16.860, NVIDIA H200, 26, 0 %, 0 %, 142539 MiB, 143771 MiB
2026/08/13 22:34:19.860, NVIDIA H200, 26, 0 %, 0 %, 142539 MiB, 143771 MiB
2026/08/13 22:34:22.861, NVIDIA H200, 26, 0 %, 0 %, 142539 MiB, 143771 MiB
2026/08/13 22:34:25.861, NVIDIA H200, 26, 0 %, 0 %, 142539 MiB, 143771 MiB
2026/08/13 22:34:28.861, NVIDIA H200, 26, 0 %, 0 %, 142539 MiB, 143771 MiB
2026/08/13 22:34:31.862, NVIDIA H200, 26, 0 %, 0 %, 142539 MiB, 143771 MiB
2026/08/13 22:34:34.862, NVIDIA H200, 26, 0 %, 0 %, 142539 MiB, 143771 MiB
2026/08/13 22:34:37.863, NVIDIA H200, 26, 0 %, 0 %, 142539 MiB, 143771 MiB
2026/08/13 22:34:40.863, NVIDIA H200, 26, 0 %, 0 %, 142539 MiB, 143771 MiB
2026/08/13 22:34:43.864, NVIDIA H200, 26, 0 %, 0 %, 142539 MiB, 143771 MiB
2026/08/13 22:34:46.864, NVIDIA H200, 26, 0 %, 0 %, 142539 MiB, 143771 MiB
2026/08/13 22:34:49.865, NVIDIA H200, 26, 0 %, 0 %, 142539 MiB, 143771 MiB
2026/08/13 22:34:52.865, NVIDIA H200, 25, 0 %, 0 %, 142539 MiB, 143771 MiB
2026/08/13 22:34:55.866, NVIDIA H200, 25, 0 %, 0 %, 142539 MiB, 143771 MiB
2026/08/13 22:34:58.866, NVIDIA H200, 25, 0 %, 0 %, 142539 MiB, 143771 MiB
2026/08/13 22:35:01.867, NVIDIA H200, 25, 0 %, 0 %, 142539 MiB, 143771 MiB
2026/08/13 22:35:04.867, NVIDIA H200, 25, 0 %, 0 %, 142539 MiB, 143771 MiB
2026/08/13 22:35:07.868, NVIDIA H200, 25, 0 %, 0 %, 142539 MiB, 143771 MiB
2026/08/13 22:35:10.868, NVIDIA H200, 25, 0 %, 0 %, 142539 MiB, 143771 MiB
2026/08/13 22:35:13.869, NVIDIA H200, 25, 0 %, 0 %, 142539 MiB, 143771 MiB
2026/08/13 22:35:16.869, NVIDIA H200, 25, 0 %, 0 %, 142539 MiB, 143771 MiB
2026/08/13 22:35:19.870, NVIDIA H200, 25, 0 %, 0 %, 142539 MiB, 143771 MiB
2026/08/13 22:35:22.870, NVIDIA H200, 25, 0 %, 0 %, 142539 MiB, 143771 MiB
2026/08/13 22:35:25.871, NVIDIA H200, 25, 0 %, 0 %, 142539 MiB, 143771 MiB
2026/08/13 22:35:28.871, NVIDIA H200, 25, 0 %, 0 %, 142539 MiB, 143771 MiB
2026/08/13 22:35:31.872, NVIDIA H200, 25, 0 %, 0 %, 142539 MiB, 143771 MiB
2026/08/13 22:35:34.872, NVIDIA H200, 25, 0 %, 0 %, 142539 MiB, 143771 MiB
2026/08/13 22:35:37.873, NVIDIA H200, 25, 0 %, 0 %, 142539 MiB, 143771 MiB
2026/08/13 22:35:40.873, NVIDIA H200, 25, 0 %, 0 %, 142539 MiB, 143771 MiB
2026/08/13 22:35:43.874, NVIDIA H200, 25, 0 %, 0 %, 142539 MiB, 143771 MiB
2026/08/13 22:35:46.874, NVIDIA H200, 25, 0 %, 0 %, 142539 MiB, 143771 MiB
2026/08/13 22:35:49.875, NVIDIA H200, 25, 0 %, 0 %, 142539 MiB, 143771 MiB
2026/08/13 22:35:52.875, NVIDIA H200, 25, 0 %, 0 %, 142539 MiB, 143771 MiB
2026/08/13 22:35:55.876, NVIDIA H200, 25, 0 %, 0 %, 142539 MiB, 143771 MiB
2026/08/13 22:35:58.876, NVIDIA H200, 25, 0 %, 0 %, 142539 MiB, 143771 MiB
2026/08/13 22:36:01.877, NVIDIA H200, 25, 0 %, 0 %, 142539 MiB, 143771 MiB
2026/08/13 22:36:04.877, NVIDIA H200, 24, 0 %, 0 %, 142539 MiB, 143771 MiB
2026/08/13 22:36:07.878, NVIDIA H200, 24, 0 %, 0 %, 142539 MiB, 143771 MiB
2026/08/13 22:36:10.878, NVIDIA H200, 24, 0 %, 0 %, 142539 MiB, 143771 MiB
2026/08/13 22:36:13.879, NVIDIA H200, 24, 0 %, 0 %, 142539 MiB, 143771 MiB
2026/08/13 22:36:16.879, NVIDIA H200, 24, 0 %, 0 %, 142539 MiB, 143771 MiB
2026/08/13 22:36:19.880, NVIDIA H200, 24, 0 %, 0 %, 142539 MiB, 143771 MiB
2026/08/13 22:36:22.880, NVIDIA H200, 24, 0 %, 0 %, 142539 MiB, 143771 MiB
2026/08/13 22:36:25.881, NVIDIA H200, 24, 0 %, 0 %, 142539 MiB, 143771 MiB
2026/08/13 22:36:28.882, NVIDIA H200, 24, 0 %, 0 %, 142539 MiB, 143771 MiB
2026/08/13 22:36:31.882, NVIDIA H200, 24, 0 %, 0 %, 142539 MiB, 143771 MiB
2026/08/13 22:36:34.883, NVIDIA H200, 24, 0 %, 0 %, 142539 MiB, 143771 MiB
2026/08/13 22:36:37.883, NVIDIA H200, 24, 0 %, 0 %, 142539 MiB, 143771 MiB
2026/08/13 22:36:40.884, NVIDIA H200, 24, 0 %, 0 %, 142539 MiB, 143771 MiB
2026/08/13 22:36:43.884, NVIDIA H200, 24, 0 %, 0 %, 142539 MiB, 143771 MiB
2026/08/13 22:36:46.885, NVIDIA H200, 24, 0 %, 0 %, 142539 MiB, 143771 MiB
2026/08/13 22:36:49.885, NVIDIA H200, 24, 0 %, 0 %, 142539 MiB, 143771 MiB
2026/08/13 22:36:52.886, NVIDIA H200, 24, 0 %, 0 %, 142539 MiB, 143771 MiB
2026/08/13 22:36:55.886, NVIDIA H200, 24, 0 %, 0 %, 142539 MiB, 143771 MiB
2026/08/13 22:36:58.887, NVIDIA H200, 24, 0 %, 0 %, 142539 MiB, 143771 MiB
2026/08/13 22:37:01.887, NVIDIA H200, 24, 0 %, 0 %, 142539 MiB, 143771 MiB
2026/08/13 22:37:04.888, NVIDIA H200, 24, 0 %, 0 %, 142539 MiB, 143771 MiB
2026/08/13 22:37:07.888, NVIDIA H200, 24, 0 %, 0 %, 142539 MiB, 143771 MiB
2026/08/13 22:37:10.889, NVIDIA H200, 24, 0 %, 0 %, 142539 MiB, 143771 MiB
2026/08/13 22:37:13.889, NVIDIA H200, 24, 0 %, 0 %, 142539 MiB, 143771 MiB
2026/08/13 22:37:16.890, NVIDIA H200, 24, 0 %, 0 %, 142539 MiB, 143771 MiB
2026/08/13 22:37:19.890, NVIDIA H200, 24, 0 %, 0 %, 142539 MiB, 143771 MiB
2026/08/13 22:37:22.891, NVIDIA H200, 24, 0 %, 0 %, 142539 MiB, 143771 MiB
2026/08/13 22:37:25.891, NVIDIA H200, 24, 0 %, 0 %, 142539 MiB, 143771 MiB
2026/08/13 22:37:28.892, NVIDIA H200, 24, 0 %, 0 %, 142539 MiB, 143771 MiB
2026/08/13 22:37:31.893, NVIDIA H200, 24, 0 %, 0 %, 142539 MiB, 143771 MiB
2026/08/13 22:37:34.893, NVIDIA H200, 24, 0 %, 0 %, 142539 MiB, 143771 MiB
2026/08/13 22:37:37.894, NVIDIA H200, 24, 0 %, 0 %, 142539 MiB, 143771 MiB
2026/08/13 22:37:40.894, NVIDIA H200, 24, 0 %, 0 %, 142539 MiB, 143771 MiB
2026/08/13 22:37:43.895, NVIDIA H200, 24, 0 %, 0 %, 142539 MiB, 143771 MiB
2026/08/13 22:37:46.896, NVIDIA H200, 24, 0 %, 0 %, 142539 MiB, 143771 MiB
2026/08/13 22:37:49.896, NVIDIA H200, 24, 0 %, 0 %, 142539 MiB, 143771 MiB
2026/08/13 22:37:52.897, NVIDIA H200, 24, 0 %, 0 %, 142539 MiB, 143771 MiB
2026/08/13 22:37:55.897, NVIDIA H200, 24, 0 %, 0 %, 142539 MiB, 143771 MiB
2026/08/13 22:37:58.897, NVIDIA H200, 24, 0 %, 0 %, 142539 MiB, 143771 MiB
2026/08/13 22:38:01.898, NVIDIA H200, 24, 0 %, 0 %, 142539 MiB, 143771 MiB
2026/08/13 22:38:04.898, NVIDIA H200, 24, 0 %, 0 %, 142539 MiB, 143771 MiB
2026/08/13 22:38:07.899, NVIDIA H200, 24, 0 %, 0 %, 142539 MiB, 143771 MiB
2026/08/13 22:38:10.899, NVIDIA H200, 45, 100 %, 47 %, 142539 MiB, 143771 MiB
2026/08/13 22:38:13.900, NVIDIA H200, 49, 100 %, 53 %, 142539 MiB, 143771 MiB
2026/08/13 22:38:16.900, NVIDIA H200, 53, 100 %, 45 %, 142539 MiB, 143771 MiB
2026/08/13 22:38:19.901, NVIDIA H200, 53, 100 %, 51 %, 142539 MiB, 143771 MiB
2026/08/13 22:38:22.901, NVIDIA H200, 55, 100 %, 48 %, 142539 MiB, 143771 MiB
2026/08/13 22:38:25.902, NVIDIA H200, 53, 99 %, 53 %, 142539 MiB, 143771 MiB
2026/08/13 22:38:28.902, NVIDIA H200, 53, 100 %, 49 %, 142539 MiB, 143771 MiB
2026/08/13 22:38:31.902, NVIDIA H200, 54, 100 %, 26 %, 142539 MiB, 143771 MiB
2026/08/13 22:38:34.903, NVIDIA H200, 54, 99 %, 35 %, 142539 MiB, 143771 MiB
2026/08/13 22:38:37.904, NVIDIA H200, 55, 100 %, 43 %, 142539 MiB, 143771 MiB
2026/08/13 22:38:40.904, NVIDIA H200, 55, 100 %, 54 %, 142539 MiB, 143771 MiB
2026/08/13 22:38:43.905, NVIDIA H200, 57, 100 %, 45 %, 142539 MiB, 143771 MiB
2026/08/13 22:38:46.905, NVIDIA H200, 52, 99 %, 62 %, 142539 MiB, 143771 MiB
2026/08/13 22:38:49.906, NVIDIA H200, 53, 100 %, 58 %, 142539 MiB, 143771 MiB
2026/08/13 22:38:52.906, NVIDIA H200, 55, 100 %, 50 %, 142539 MiB, 143771 MiB
2026/08/13 22:38:55.906, NVIDIA H200, 51, 98 %, 40 %, 142539 MiB, 143771 MiB
2026/08/13 22:38:58.907, NVIDIA H200, 55, 100 %, 50 %, 142539 MiB, 143771 MiB
2026/08/13 22:39:01.907, NVIDIA H200, 56, 100 %, 56 %, 142539 MiB, 143771 MiB
2026/08/13 22:39:04.907, NVIDIA H200, 59, 100 %, 49 %, 142539 MiB, 143771 MiB
2026/08/13 22:39:07.908, NVIDIA H200, 53, 100 %, 54 %, 142539 MiB, 143771 MiB
2026/08/13 22:39:10.908, NVIDIA H200, 56, 100 %, 50 %, 142539 MiB, 143771 MiB
2026/08/13 22:39:13.909, NVIDIA H200, 53, 100 %, 47 %, 142539 MiB, 143771 MiB
2026/08/13 22:39:16.909, NVIDIA H200, 54, 100 %, 52 %, 142539 MiB, 143771 MiB
2026/08/13 22:39:19.910, NVIDIA H200, 55, 100 %, 23 %, 142539 MiB, 143771 MiB
2026/08/13 22:39:22.910, NVIDIA H200, 56, 99 %, 41 %, 142539 MiB, 143771 MiB
2026/08/13 22:39:25.911, NVIDIA H200, 56, 100 %, 41 %, 142539 MiB, 143771 MiB
2026/08/13 22:39:28.911, NVIDIA H200, 55, 100 %, 58 %, 142539 MiB, 143771 MiB
2026/08/13 22:39:31.912, NVIDIA H200, 56, 100 %, 48 %, 142539 MiB, 143771 MiB
2026/08/13 22:39:34.912, NVIDIA H200, 53, 98 %, 72 %, 142539 MiB, 143771 MiB
2026/08/13 22:39:37.913, NVIDIA H200, 55, 100 %, 58 %, 142539 MiB, 143771 MiB
2026/08/13 22:39:40.913, NVIDIA H200, 41, 36 %, 14 %, 23303 MiB, 143771 MiB
2026/08/13 22:39:43.913, NVIDIA H200, 43, 100 %, 6 %, 24607 MiB, 143771 MiB
2026/08/13 22:39:46.914, NVIDIA H200, 37, 46 %, 6 %, 15371 MiB, 143771 MiB
2026/08/13 22:39:49.914, NVIDIA H200, 29, 0 %, 0 %, 7535 MiB, 143771 MiB
2026/08/13 22:39:52.915, NVIDIA H200, 26, 0 %, 0 %, 7535 MiB, 143771 MiB
2026/08/13 22:39:55.915, NVIDIA H200, 43, 100 %, 54 %, 48941 MiB, 143771 MiB
2026/08/13 22:39:58.916, NVIDIA H200, 51, 100 %, 41 %, 48941 MiB, 143771 MiB
2026/08/13 22:40:01.916, NVIDIA H200, 27, 0 %, 0 %, 48941 MiB, 143771 MiB
2026/08/13 22:40:04.917, NVIDIA H200, 26, 0 %, 0 %, 48941 MiB, 143771 MiB
2026/08/13 22:40:07.917, NVIDIA H200, 46, 92 %, 61 %, 142719 MiB, 143771 MiB
2026/08/13 22:40:10.917, NVIDIA H200, 53, 100 %, 57 %, 142719 MiB, 143771 MiB
2026/08/13 22:40:13.918, NVIDIA H200, 50, 99 %, 54 %, 142719 MiB, 143771 MiB
2026/08/13 22:40:16.918, NVIDIA H200, 54, 100 %, 52 %, 142719 MiB, 143771 MiB
2026/08/13 22:40:19.919, NVIDIA H200, 54, 100 %, 50 %, 142719 MiB, 143771 MiB
2026/08/13 22:40:22.919, NVIDIA H200, 52, 100 %, 49 %, 142719 MiB, 143771 MiB
2026/08/13 22:40:25.920, NVIDIA H200, 55, 100 %, 33 %, 142719 MiB, 143771 MiB
2026/08/13 22:40:28.920, NVIDIA H200, 58, 100 %, 52 %, 142719 MiB, 143771 MiB
2026/08/13 22:40:31.921, NVIDIA H200, 58, 100 %, 46 %, 142719 MiB, 143771 MiB
2026/08/13 22:40:34.921, NVIDIA H200, 56, 100 %, 55 %, 142719 MiB, 143771 MiB
2026/08/13 22:40:37.921, NVIDIA H200, 56, 100 %, 44 %, 142719 MiB, 143771 MiB
2026/08/13 22:40:40.922, NVIDIA H200, 53, 98 %, 70 %, 142719 MiB, 143771 MiB
2026/08/13 22:40:43.922, NVIDIA H200, 55, 100 %, 58 %, 142719 MiB, 143771 MiB
2026/08/13 22:40:46.923, NVIDIA H200, 56, 100 %, 48 %, 142719 MiB, 143771 MiB
2026/08/13 22:40:49.923, NVIDIA H200, 54, 99 %, 44 %, 142719 MiB, 143771 MiB
2026/08/13 22:40:52.924, NVIDIA H200, 56, 100 %, 61 %, 142719 MiB, 143771 MiB
2026/08/13 22:40:55.924, NVIDIA H200, 56, 100 %, 56 %, 142719 MiB, 143771 MiB
2026/08/13 22:40:58.925, NVIDIA H200, 59, 100 %, 54 %, 142719 MiB, 143771 MiB
2026/08/13 22:41:01.925, NVIDIA H200, 53, 100 %, 57 %, 142719 MiB, 143771 MiB
2026/08/13 22:41:04.926, NVIDIA H200, 56, 100 %, 49 %, 142719 MiB, 143771 MiB
2026/08/13 22:41:07.926, NVIDIA H200, 55, 100 %, 48 %, 142719 MiB, 143771 MiB
2026/08/13 22:41:10.927, NVIDIA H200, 55, 100 %, 50 %, 142719 MiB, 143771 MiB
2026/08/13 22:41:13.927, NVIDIA H200, 55, 100 %, 60 %, 142719 MiB, 143771 MiB
2026/08/13 22:41:16.927, NVIDIA H200, 57, 100 %, 54 %, 142719 MiB, 143771 MiB
2026/08/13 22:41:19.928, NVIDIA H200, 58, 100 %, 47 %, 142719 MiB, 143771 MiB
2026/08/13 22:41:22.928, NVIDIA H200, 56, 98 %, 50 %, 142719 MiB, 143771 MiB
2026/08/13 22:41:25.929, NVIDIA H200, 57, 100 %, 50 %, 142719 MiB, 143771 MiB
2026/08/13 22:41:28.929, NVIDIA H200, 54, 100 %, 44 %, 142719 MiB, 143771 MiB
2026/08/13 22:41:31.930, NVIDIA H200, 56, 100 %, 54 %, 142719 MiB, 143771 MiB
2026/08/13 22:41:34.930, NVIDIA H200, 54, 99 %, 55 %, 142719 MiB, 143771 MiB
2026/08/13 22:41:37.930, NVIDIA H200, 29, 0 %, 0 %, 142719 MiB, 143771 MiB
2026/08/13 22:41:40.931, NVIDIA H200, 29, 0 %, 0 %, 142719 MiB, 143771 MiB
2026/08/13 22:41:43.932, NVIDIA H200, 51, 100 %, 48 %, 142719 MiB, 143771 MiB
2026/08/13 22:41:46.932, NVIDIA H200, 29, 0 %, 0 %, 142719 MiB, 143771 MiB
2026/08/13 22:41:49.932, NVIDIA H200, 48, 100 %, 61 %, 142719 MiB, 143771 MiB
2026/08/13 22:41:52.933, NVIDIA H200, 53, 100 %, 51 %, 142719 MiB, 143771 MiB
2026/08/13 22:41:55.933, NVIDIA H200, 54, 100 %, 50 %, 142719 MiB, 143771 MiB
2026/08/13 22:41:58.934, NVIDIA H200, 58, 100 %, 39 %, 142719 MiB, 143771 MiB
2026/08/13 22:42:01.934, NVIDIA H200, 55, 100 %, 50 %, 142719 MiB, 143771 MiB
2026/08/13 22:42:04.935, NVIDIA H200, 56, 100 %, 53 %, 142719 MiB, 143771 MiB
2026/08/13 22:42:07.935, NVIDIA H200, 54, 99 %, 54 %, 142719 MiB, 143771 MiB
2026/08/13 22:42:10.936, NVIDIA H200, 55, 100 %, 49 %, 142719 MiB, 143771 MiB
2026/08/13 22:42:13.936, NVIDIA H200, 55, 100 %, 31 %, 142719 MiB, 143771 MiB
2026/08/13 22:42:16.937, NVIDIA H200, 55, 98 %, 36 %, 142719 MiB, 143771 MiB
2026/08/13 22:42:19.937, NVIDIA H200, 56, 100 %, 54 %, 142719 MiB, 143771 MiB
2026/08/13 22:42:22.938, NVIDIA H200, 56, 100 %, 52 %, 142719 MiB, 143771 MiB
2026/08/13 22:42:25.938, NVIDIA H200, 59, 100 %, 44 %, 142719 MiB, 143771 MiB
2026/08/13 22:42:28.939, NVIDIA H200, 54, 98 %, 50 %, 142719 MiB, 143771 MiB
2026/08/13 22:42:31.940, NVIDIA H200, 54, 100 %, 53 %, 142719 MiB, 143771 MiB
2026/08/13 22:42:34.940, NVIDIA H200, 55, 100 %, 48 %, 142719 MiB, 143771 MiB
2026/08/13 22:42:37.941, NVIDIA H200, 52, 100 %, 48 %, 142719 MiB, 143771 MiB
2026/08/13 22:42:40.941, NVIDIA H200, 56, 100 %, 38 %, 142719 MiB, 143771 MiB
2026/08/13 22:42:43.942, NVIDIA H200, 59, 100 %, 58 %, 142719 MiB, 143771 MiB
2026/08/13 22:42:46.942, NVIDIA H200, 57, 100 %, 48 %, 142719 MiB, 143771 MiB
2026/08/13 22:42:49.942, NVIDIA H200, 58, 100 %, 51 %, 142719 MiB, 143771 MiB
2026/08/13 22:42:52.943, NVIDIA H200, 55, 100 %, 44 %, 142719 MiB, 143771 MiB
2026/08/13 22:42:55.943, NVIDIA H200, 55, 97 %, 63 %, 142719 MiB, 143771 MiB
2026/08/13 22:42:58.944, NVIDIA H200, 51, 100 %, 58 %, 142719 MiB, 143771 MiB
2026/08/13 22:43:01.944, NVIDIA H200, 57, 100 %, 48 %, 142719 MiB, 143771 MiB
2026/08/13 22:43:04.945, NVIDIA H200, 58, 99 %, 43 %, 142719 MiB, 143771 MiB
2026/08/13 22:43:07.945, NVIDIA H200, 59, 100 %, 63 %, 142719 MiB, 143771 MiB
2026/08/13 22:43:10.945, NVIDIA H200, 57, 100 %, 53 %, 142719 MiB, 143771 MiB
2026/08/13 22:43:13.946, NVIDIA H200, 57, 100 %, 50 %, 142719 MiB, 143771 MiB
2026/08/13 22:43:16.946, NVIDIA H200, 55, 99 %, 50 %, 142719 MiB, 143771 MiB
2026/08/13 22:43:19.946, NVIDIA H200, 56, 100 %, 52 %, 142719 MiB, 143771 MiB
2026/08/13 22:43:22.947, NVIDIA H200, 29, 0 %, 0 %, 142719 MiB, 143771 MiB
2026/08/13 22:43:25.947, NVIDIA H200, 33, 0 %, 0 %, 142719 MiB, 143771 MiB
2026/08/13 22:43:28.948, NVIDIA H200, 50, 100 %, 53 %, 142719 MiB, 143771 MiB
2026/08/13 22:43:31.948, NVIDIA H200, 28, 0 %, 0 %, 142719 MiB, 143771 MiB
2026/08/13 22:43:34.949, NVIDIA H200, 27, 0 %, 0 %, 142719 MiB, 143771 MiB
2026/08/13 22:43:37.949, NVIDIA H200, 51, 100 %, 50 %, 142719 MiB, 143771 MiB
2026/08/13 22:43:40.950, NVIDIA H200, 54, 98 %, 65 %, 142719 MiB, 143771 MiB
2026/08/13 22:43:43.950, NVIDIA H200, 54, 100 %, 46 %, 142719 MiB, 143771 MiB
2026/08/13 22:43:46.951, NVIDIA H200, 56, 98 %, 56 %, 142719 MiB, 143771 MiB
2026/08/13 22:43:49.951, NVIDIA H200, 52, 100 %, 56 %, 142719 MiB, 143771 MiB
2026/08/13 22:43:52.952, NVIDIA H200, 56, 100 %, 44 %, 142719 MiB, 143771 MiB
2026/08/13 22:43:55.952, NVIDIA H200, 59, 98 %, 44 %, 142719 MiB, 143771 MiB
2026/08/13 22:43:58.952, NVIDIA H200, 61, 100 %, 66 %, 142719 MiB, 143771 MiB
2026/08/13 22:44:01.953, NVIDIA H200, 57, 100 %, 52 %, 142719 MiB, 143771 MiB
2026/08/13 22:44:04.953, NVIDIA H200, 57, 100 %, 50 %, 142719 MiB, 143771 MiB
2026/08/13 22:44:07.954, NVIDIA H200, 55, 99 %, 50 %, 142719 MiB, 143771 MiB
2026/08/13 22:44:10.954, NVIDIA H200, 56, 100 %, 55 %, 142719 MiB, 143771 MiB
2026/08/13 22:44:13.955, NVIDIA H200, 56, 100 %, 45 %, 142719 MiB, 143771 MiB
2026/08/13 22:44:16.955, NVIDIA H200, 57, 100 %, 47 %, 142719 MiB, 143771 MiB
2026/08/13 22:44:19.956, NVIDIA H200, 57, 100 %, 34 %, 142719 MiB, 143771 MiB
2026/08/13 22:44:22.956, NVIDIA H200, 57, 100 %, 57 %, 142719 MiB, 143771 MiB
2026/08/13 22:44:25.957, NVIDIA H200, 60, 100 %, 47 %, 142719 MiB, 143771 MiB
2026/08/13 22:44:28.957, NVIDIA H200, 55, 100 %, 49 %, 142719 MiB, 143771 MiB
2026/08/13 22:44:31.957, NVIDIA H200, 56, 100 %, 45 %, 142719 MiB, 143771 MiB
2026/08/13 22:44:34.958, NVIDIA H200, 57, 98 %, 56 %, 142719 MiB, 143771 MiB
2026/08/13 22:44:37.958, NVIDIA H200, 53, 100 %, 55 %, 142719 MiB, 143771 MiB
2026/08/13 22:44:40.959, NVIDIA H200, 57, 100 %, 44 %, 142719 MiB, 143771 MiB
2026/08/13 22:44:43.959, NVIDIA H200, 58, 98 %, 42 %, 142719 MiB, 143771 MiB
2026/08/13 22:44:46.960, NVIDIA H200, 61, 100 %, 63 %, 142719 MiB, 143771 MiB
2026/08/13 22:44:49.960, NVIDIA H200, 56, 100 %, 54 %, 142719 MiB, 143771 MiB
2026/08/13 22:44:52.960, NVIDIA H200, 58, 100 %, 47 %, 142719 MiB, 143771 MiB
2026/08/13 22:44:55.961, NVIDIA H200, 56, 99 %, 50 %, 142719 MiB, 143771 MiB
2026/08/13 22:44:58.961, NVIDIA H200, 56, 100 %, 53 %, 142719 MiB, 143771 MiB
2026/08/13 22:45:01.962, NVIDIA H200, 57, 100 %, 45 %, 142719 MiB, 143771 MiB
2026/08/13 22:45:04.962, NVIDIA H200, 57, 100 %, 46 %, 142719 MiB, 143771 MiB
2026/08/13 22:45:07.962, NVIDIA H200, 30, 0 %, 0 %, 142719 MiB, 143771 MiB
2026/08/13 22:45:10.963, NVIDIA H200, 31, 0 %, 0 %, 142719 MiB, 143771 MiB
2026/08/13 22:45:13.963, NVIDIA H200, 54, 98 %, 36 %, 142719 MiB, 143771 MiB
2026/08/13 22:45:16.964, NVIDIA H200, 29, 0 %, 0 %, 142719 MiB, 143771 MiB
2026/08/13 22:45:19.964, NVIDIA H200, 48, 100 %, 57 %, 142719 MiB, 143771 MiB
2026/08/13 22:45:22.965, NVIDIA H200, 45, 21 %, 0 %, 142719 MiB, 143771 MiB
2026/08/13 22:45:25.965, NVIDIA H200, 52, 100 %, 47 %, 142719 MiB, 143771 MiB
2026/08/13 22:45:28.965, NVIDIA H200, 54, 100 %, 55 %, 142719 MiB, 143771 MiB
2026/08/13 22:45:31.966, NVIDIA H200, 54, 99 %, 49 %, 142719 MiB, 143771 MiB
2026/08/13 22:45:34.967, NVIDIA H200, 55, 100 %, 53 %, 142719 MiB, 143771 MiB
2026/08/13 22:45:37.967, NVIDIA H200, 56, 100 %, 45 %, 142719 MiB, 143771 MiB
2026/08/13 22:45:40.967, NVIDIA H200, 57, 100 %, 46 %, 142719 MiB, 143771 MiB
2026/08/13 22:45:43.968, NVIDIA H200, 58, 100 %, 38 %, 142719 MiB, 143771 MiB
2026/08/13 22:45:46.968, NVIDIA H200, 57, 100 %, 57 %, 142719 MiB, 143771 MiB
2026/08/13 22:45:49.969, NVIDIA H200, 59, 100 %, 45 %, 142719 MiB, 143771 MiB
2026/08/13 22:45:52.969, NVIDIA H200, 54, 98 %, 61 %, 142719 MiB, 143771 MiB
2026/08/13 22:45:55.970, NVIDIA H200, 55, 100 %, 56 %, 142719 MiB, 143771 MiB
2026/08/13 22:45:58.970, NVIDIA H200, 57, 100 %, 44 %, 142719 MiB, 143771 MiB
2026/08/13 22:46:01.971, NVIDIA H200, 52, 100 %, 57 %, 142719 MiB, 143771 MiB
2026/08/13 22:46:04.971, NVIDIA H200, 56, 100 %, 51 %, 142719 MiB, 143771 MiB
2026/08/13 22:46:07.971, NVIDIA H200, 59, 100 %, 54 %, 142719 MiB, 143771 MiB
2026/08/13 22:46:10.972, NVIDIA H200, 61, 100 %, 42 %, 142719 MiB, 143771 MiB
2026/08/13 22:46:13.972, NVIDIA H200, 57, 100 %, 53 %, 142719 MiB, 143771 MiB
2026/08/13 22:46:16.973, NVIDIA H200, 58, 100 %, 52 %, 142719 MiB, 143771 MiB
2026/08/13 22:46:19.973, NVIDIA H200, 56, 98 %, 56 %, 142719 MiB, 143771 MiB
2026/08/13 22:46:22.974, NVIDIA H200, 56, 100 %, 55 %, 142719 MiB, 143771 MiB
2026/08/13 22:46:25.974, NVIDIA H200, 57, 100 %, 33 %, 142719 MiB, 143771 MiB
2026/08/13 22:46:28.975, NVIDIA H200, 57, 99 %, 34 %, 142719 MiB, 143771 MiB
2026/08/13 22:46:31.975, NVIDIA H200, 58, 100 %, 51 %, 142719 MiB, 143771 MiB
2026/08/13 22:46:34.976, NVIDIA H200, 58, 100 %, 54 %, 142719 MiB, 143771 MiB
2026/08/13 22:46:37.976, NVIDIA H200, 61, 100 %, 45 %, 142719 MiB, 143771 MiB
2026/08/13 22:46:40.976, NVIDIA H200, 55, 98 %, 60 %, 142719 MiB, 143771 MiB
2026/08/13 22:46:43.977, NVIDIA H200, 56, 100 %, 55 %, 142719 MiB, 143771 MiB
2026/08/13 22:46:46.977, NVIDIA H200, 57, 100 %, 44 %, 142719 MiB, 143771 MiB
2026/08/13 22:46:49.978, NVIDIA H200, 57, 99 %, 49 %, 142719 MiB, 143771 MiB
2026/08/13 22:46:52.978, NVIDIA H200, 30, 0 %, 0 %, 142719 MiB, 143771 MiB
2026/08/13 22:46:55.979, NVIDIA H200, 30, 0 %, 0 %, 142719 MiB, 143771 MiB
2026/08/13 22:46:58.979, NVIDIA H200, 37, 50 %, 32 %, 142719 MiB, 143771 MiB
2026/08/13 22:47:01.979, NVIDIA H200, 30, 0 %, 0 %, 142719 MiB, 143771 MiB
2026/08/13 22:47:04.980, NVIDIA H200, 28, 0 %, 0 %, 142719 MiB, 143771 MiB
2026/08/13 22:47:07.980, NVIDIA H200, 27, 0 %, 0 %, 142719 MiB, 143771 MiB
2026/08/13 22:47:10.981, NVIDIA H200, 27, 0 %, 0 %, 142719 MiB, 143771 MiB
2026/08/13 22:47:13.981, NVIDIA H200, 36, 37 %, 24 %, 142719 MiB, 143771 MiB
2026/08/13 22:47:16.981, NVIDIA H200, 54, 100 %, 51 %, 142719 MiB, 143771 MiB
2026/08/13 22:47:19.982, NVIDIA H200, 54, 100 %, 41 %, 142719 MiB, 143771 MiB
2026/08/13 22:47:22.982, NVIDIA H200, 58, 100 %, 58 %, 142719 MiB, 143771 MiB
2026/08/13 22:47:25.983, NVIDIA H200, 58, 100 %, 57 %, 142719 MiB, 143771 MiB
2026/08/13 22:47:28.983, NVIDIA H200, 59, 100 %, 54 %, 142719 MiB, 143771 MiB
2026/08/13 22:47:31.984, NVIDIA H200, 56, 99 %, 57 %, 142719 MiB, 143771 MiB
2026/08/13 22:47:34.984, NVIDIA H200, 57, 100 %, 53 %, 142719 MiB, 143771 MiB
2026/08/13 22:47:37.984, NVIDIA H200, 57, 100 %, 49 %, 142719 MiB, 143771 MiB
2026/08/13 22:47:40.985, NVIDIA H200, 56, 100 %, 51 %, 142719 MiB, 143771 MiB
2026/08/13 22:47:43.985, NVIDIA H200, 57, 100 %, 32 %, 142719 MiB, 143771 MiB
2026/08/13 22:47:46.986, NVIDIA H200, 57, 100 %, 50 %, 142719 MiB, 143771 MiB
2026/08/13 22:47:49.987, NVIDIA H200, 60, 100 %, 46 %, 142719 MiB, 143771 MiB
2026/08/13 22:47:52.987, NVIDIA H200, 54, 100 %, 55 %, 142719 MiB, 143771 MiB
2026/08/13 22:47:55.987, NVIDIA H200, 55, 100 %, 46 %, 142719 MiB, 143771 MiB
2026/08/13 22:47:58.988, NVIDIA H200, 57, 98 %, 66 %, 142719 MiB, 143771 MiB
2026/08/13 22:48:01.988, NVIDIA H200, 52, 100 %, 57 %, 142719 MiB, 143771 MiB
2026/08/13 22:48:04.989, NVIDIA H200, 57, 100 %, 48 %, 142719 MiB, 143771 MiB
2026/08/13 22:48:07.989, NVIDIA H200, 59, 99 %, 44 %, 142719 MiB, 143771 MiB
2026/08/13 22:48:10.990, NVIDIA H200, 60, 100 %, 62 %, 142719 MiB, 143771 MiB
2026/08/13 22:48:13.990, NVIDIA H200, 59, 100 %, 57 %, 142719 MiB, 143771 MiB
2026/08/13 22:48:16.991, NVIDIA H200, 59, 100 %, 53 %, 142719 MiB, 143771 MiB
2026/08/13 22:48:19.991, NVIDIA H200, 57, 99 %, 58 %, 142719 MiB, 143771 MiB
2026/08/13 22:48:22.991, NVIDIA H200, 58, 100 %, 49 %, 142719 MiB, 143771 MiB
2026/08/13 22:48:25.992, NVIDIA H200, 58, 100 %, 47 %, 142719 MiB, 143771 MiB
2026/08/13 22:48:28.992, NVIDIA H200, 56, 100 %, 49 %, 142719 MiB, 143771 MiB
2026/08/13 22:48:31.993, NVIDIA H200, 58, 100 %, 31 %, 142719 MiB, 143771 MiB
2026/08/13 22:48:34.993, NVIDIA H200, 57, 100 %, 49 %, 142719 MiB, 143771 MiB
2026/08/13 22:48:37.993, NVIDIA H200, 60, 100 %, 46 %, 142719 MiB, 143771 MiB
2026/08/13 22:48:40.994, NVIDIA H200, 55, 100 %, 56 %, 142719 MiB, 143771 MiB
2026/08/13 22:48:43.994, NVIDIA H200, 35, 0 %, 0 %, 142719 MiB, 143771 MiB
2026/08/13 22:48:46.995, NVIDIA H200, 29, 0 %, 0 %, 142719 MiB, 143771 MiB
2026/08/13 22:48:49.995, NVIDIA H200, 41, 3 %, 0 %, 142719 MiB, 143771 MiB
2026/08/13 22:48:52.995, NVIDIA H200, 54, 100 %, 35 %, 142719 MiB, 143771 MiB
2026/08/13 22:48:55.996, NVIDIA H200, 29, 0 %, 0 %, 142719 MiB, 143771 MiB
2026/08/13 22:48:58.997, NVIDIA H200, 28, 0 %, 0 %, 142719 MiB, 143771 MiB
2026/08/13 22:49:01.997, NVIDIA H200, 53, 100 %, 56 %, 142719 MiB, 143771 MiB
2026/08/13 22:49:04.998, NVIDIA H200, 56, 100 %, 56 %, 142719 MiB, 143771 MiB
2026/08/13 22:49:07.999, NVIDIA H200, 57, 99 %, 40 %, 142719 MiB, 143771 MiB
2026/08/13 22:49:10.999, NVIDIA H200, 57, 100 %, 38 %, 142719 MiB, 143771 MiB
2026/08/13 22:49:13.999, NVIDIA H200, 56, 100 %, 60 %, 142719 MiB, 143771 MiB
2026/08/13 22:49:17.000, NVIDIA H200, 59, 100 %, 47 %, 142719 MiB, 143771 MiB
2026/08/13 22:49:20.000, NVIDIA H200, 55, 98 %, 63 %, 142719 MiB, 143771 MiB
2026/08/13 22:49:23.001, NVIDIA H200, 56, 100 %, 57 %, 142719 MiB, 143771 MiB
2026/08/13 22:49:26.001, NVIDIA H200, 57, 100 %, 49 %, 142719 MiB, 143771 MiB
2026/08/13 22:49:29.002, NVIDIA H200, 53, 98 %, 40 %, 142719 MiB, 143771 MiB
2026/08/13 22:49:32.002, NVIDIA H200, 57, 100 %, 50 %, 142719 MiB, 143771 MiB
2026/08/13 22:49:35.003, NVIDIA H200, 59, 100 %, 56 %, 142719 MiB, 143771 MiB
2026/08/13 22:49:38.003, NVIDIA H200, 61, 100 %, 48 %, 142719 MiB, 143771 MiB
2026/08/13 22:49:41.003, NVIDIA H200, 56, 100 %, 56 %, 142719 MiB, 143771 MiB
2026/08/13 22:49:44.004, NVIDIA H200, 57, 100 %, 50 %, 142719 MiB, 143771 MiB
2026/08/13 22:49:47.004, NVIDIA H200, 55, 100 %, 51 %, 142719 MiB, 143771 MiB
2026/08/13 22:49:50.005, NVIDIA H200, 56, 100 %, 48 %, 142719 MiB, 143771 MiB
2026/08/13 22:49:53.005, NVIDIA H200, 57, 100 %, 21 %, 142719 MiB, 143771 MiB
2026/08/13 22:49:56.006, NVIDIA H200, 59, 99 %, 41 %, 142719 MiB, 143771 MiB
2026/08/13 22:49:59.006, NVIDIA H200, 58, 100 %, 37 %, 142719 MiB, 143771 MiB
2026/08/13 22:50:02.007, NVIDIA H200, 57, 100 %, 58 %, 142719 MiB, 143771 MiB
2026/08/13 22:50:05.007, NVIDIA H200, 59, 100 %, 47 %, 142719 MiB, 143771 MiB
2026/08/13 22:50:08.008, NVIDIA H200, 56, 98 %, 63 %, 142719 MiB, 143771 MiB
2026/08/13 22:50:11.008, NVIDIA H200, 56, 100 %, 59 %, 142719 MiB, 143771 MiB
2026/08/13 22:50:14.009, NVIDIA H200, 58, 100 %, 34 %, 142719 MiB, 143771 MiB
2026/08/13 22:50:17.009, NVIDIA H200, 55, 100 %, 57 %, 142719 MiB, 143771 MiB
2026/08/13 22:50:20.010, NVIDIA H200, 58, 100 %, 47 %, 142719 MiB, 143771 MiB
2026/08/13 22:50:23.011, NVIDIA H200, 59, 100 %, 50 %, 142719 MiB, 143771 MiB
2026/08/13 22:50:26.011, NVIDIA H200, 61, 100 %, 46 %, 142719 MiB, 143771 MiB
2026/08/13 22:50:29.012, NVIDIA H200, 55, 99 %, 54 %, 142719 MiB, 143771 MiB
2026/08/13 22:50:32.013, NVIDIA H200, 31, 0 %, 0 %, 142719 MiB, 143771 MiB
2026/08/13 22:50:35.013, NVIDIA H200, 30, 41 %, 4 %, 142719 MiB, 143771 MiB
2026/08/13 22:50:38.013, NVIDIA H200, 31, 0 %, 0 %, 142719 MiB, 143771 MiB
2026/08/13 22:50:41.014, NVIDIA H200, 36, 0 %, 0 %, 142719 MiB, 143771 MiB
2026/08/13 22:50:44.014, NVIDIA H200, 28, 0 %, 0 %, 142719 MiB, 143771 MiB
2026/08/13 22:50:47.015, NVIDIA H200, 27, 0 %, 0 %, 142719 MiB, 143771 MiB
2026/08/13 22:50:50.015, NVIDIA H200, 54, 100 %, 58 %, 142719 MiB, 143771 MiB
2026/08/13 22:50:53.016, NVIDIA H200, 56, 100 %, 53 %, 142719 MiB, 143771 MiB
2026/08/13 22:50:56.016, NVIDIA H200, 56, 99 %, 50 %, 142719 MiB, 143771 MiB
2026/08/13 22:50:59.016, NVIDIA H200, 59, 100 %, 52 %, 142719 MiB, 143771 MiB
2026/08/13 22:51:02.017, NVIDIA H200, 55, 100 %, 50 %, 142719 MiB, 143771 MiB
2026/08/13 22:51:05.017, NVIDIA H200, 56, 100 %, 50 %, 142719 MiB, 143771 MiB
2026/08/13 22:51:08.018, NVIDIA H200, 57, 100 %, 33 %, 142719 MiB, 143771 MiB
2026/08/13 22:51:11.018, NVIDIA H200, 54, 100 %, 55 %, 142719 MiB, 143771 MiB
2026/08/13 22:51:14.019, NVIDIA H200, 57, 100 %, 46 %, 142719 MiB, 143771 MiB
2026/08/13 22:51:17.019, NVIDIA H200, 59, 100 %, 51 %, 142719 MiB, 143771 MiB
2026/08/13 22:51:20.020, NVIDIA H200, 61, 100 %, 46 %, 142719 MiB, 143771 MiB
2026/08/13 22:51:23.020, NVIDIA H200, 56, 98 %, 72 %, 142719 MiB, 143771 MiB
2026/08/13 22:51:26.020, NVIDIA H200, 58, 100 %, 58 %, 142719 MiB, 143771 MiB
2026/08/13 22:51:29.021, NVIDIA H200, 55, 100 %, 48 %, 142719 MiB, 143771 MiB
2026/08/13 22:51:32.021, NVIDIA H200, 56, 98 %, 41 %, 142719 MiB, 143771 MiB
2026/08/13 22:51:35.022, NVIDIA H200, 57, 100 %, 61 %, 142719 MiB, 143771 MiB
2026/08/13 22:51:38.022, NVIDIA H200, 57, 100 %, 57 %, 142719 MiB, 143771 MiB
2026/08/13 22:51:41.023, NVIDIA H200, 58, 100 %, 54 %, 142719 MiB, 143771 MiB
2026/08/13 22:51:44.023, NVIDIA H200, 58, 99 %, 56 %, 142719 MiB, 143771 MiB
2026/08/13 22:51:47.024, NVIDIA H200, 60, 100 %, 53 %, 142719 MiB, 143771 MiB
2026/08/13 22:51:50.024, NVIDIA H200, 55, 100 %, 48 %, 142719 MiB, 143771 MiB
2026/08/13 22:51:53.025, NVIDIA H200, 56, 100 %, 50 %, 142719 MiB, 143771 MiB
2026/08/13 22:51:56.025, NVIDIA H200, 57, 100 %, 35 %, 142719 MiB, 143771 MiB
2026/08/13 22:51:59.026, NVIDIA H200, 60, 100 %, 50 %, 142719 MiB, 143771 MiB
2026/08/13 22:52:02.026, NVIDIA H200, 59, 100 %, 44 %, 142719 MiB, 143771 MiB
2026/08/13 22:52:05.027, NVIDIA H200, 57, 100 %, 56 %, 142719 MiB, 143771 MiB
2026/08/13 22:52:08.027, NVIDIA H200, 58, 100 %, 47 %, 142719 MiB, 143771 MiB
2026/08/13 22:52:11.027, NVIDIA H200, 55, 98 %, 73 %, 142719 MiB, 143771 MiB
2026/08/13 22:52:14.028, NVIDIA H200, 56, 100 %, 59 %, 142719 MiB, 143771 MiB
2026/08/13 22:52:17.028, NVIDIA H200, 39, 0 %, 0 %, 142719 MiB, 143771 MiB
2026/08/13 22:52:20.029, NVIDIA H200, 29, 0 %, 0 %, 142719 MiB, 143771 MiB
2026/08/13 22:52:23.029, NVIDIA H200, 33, 0 %, 0 %, 142719 MiB, 143771 MiB
2026/08/13 22:52:26.030, NVIDIA H200, 38, 0 %, 0 %, 142719 MiB, 143771 MiB
2026/08/13 22:52:29.030, NVIDIA H200, 28, 0 %, 0 %, 142719 MiB, 143771 MiB
2026/08/13 22:52:32.031, NVIDIA H200, 27, 0 %, 0 %, 142719 MiB, 143771 MiB
2026/08/13 22:52:35.031, NVIDIA H200, 55, 100 %, 58 %, 142719 MiB, 143771 MiB
2026/08/13 22:52:38.032, NVIDIA H200, 56, 100 %, 39 %, 142719 MiB, 143771 MiB
2026/08/13 22:52:41.032, NVIDIA H200, 58, 100 %, 57 %, 142719 MiB, 143771 MiB
2026/08/13 22:52:44.033, NVIDIA H200, 57, 100 %, 51 %, 142719 MiB, 143771 MiB
2026/08/13 22:52:47.033, NVIDIA H200, 58, 100 %, 55 %, 142719 MiB, 143771 MiB
2026/08/13 22:52:50.034, NVIDIA H200, 60, 100 %, 47 %, 142719 MiB, 143771 MiB
2026/08/13 22:52:53.034, NVIDIA H200, 55, 100 %, 55 %, 142719 MiB, 143771 MiB
2026/08/13 22:52:56.034, NVIDIA H200, 57, 100 %, 53 %, 142719 MiB, 143771 MiB
2026/08/13 22:52:59.035, NVIDIA H200, 55, 100 %, 52 %, 142719 MiB, 143771 MiB
2026/08/13 22:53:02.035, NVIDIA H200, 55, 100 %, 48 %, 142719 MiB, 143771 MiB
2026/08/13 22:53:05.036, NVIDIA H200, 57, 100 %, 21 %, 142719 MiB, 143771 MiB
2026/08/13 22:53:08.036, NVIDIA H200, 57, 99 %, 37 %, 142719 MiB, 143771 MiB
2026/08/13 22:53:11.037, NVIDIA H200, 59, 100 %, 39 %, 142719 MiB, 143771 MiB
2026/08/13 22:53:14.037, NVIDIA H200, 57, 100 %, 56 %, 142719 MiB, 143771 MiB
2026/08/13 22:53:17.038, NVIDIA H200, 60, 100 %, 47 %, 142719 MiB, 143771 MiB
2026/08/13 22:53:20.038, NVIDIA H200, 55, 98 %, 62 %, 142719 MiB, 143771 MiB
2026/08/13 22:53:23.039, NVIDIA H200, 56, 100 %, 56 %, 142719 MiB, 143771 MiB
2026/08/13 22:53:26.039, NVIDIA H200, 57, 100 %, 44 %, 142719 MiB, 143771 MiB
2026/08/13 22:53:29.040, NVIDIA H200, 52, 97 %, 47 %, 142719 MiB, 143771 MiB
2026/08/13 22:53:32.040, NVIDIA H200, 57, 100 %, 48 %, 142719 MiB, 143771 MiB
2026/08/13 22:53:35.040, NVIDIA H200, 59, 100 %, 58 %, 142719 MiB, 143771 MiB
2026/08/13 22:53:38.041, NVIDIA H200, 61, 100 %, 42 %, 142719 MiB, 143771 MiB
2026/08/13 22:53:41.041, NVIDIA H200, 57, 100 %, 51 %, 142719 MiB, 143771 MiB
2026/08/13 22:53:44.042, NVIDIA H200, 57, 100 %, 57 %, 142719 MiB, 143771 MiB
2026/08/13 22:53:47.042, NVIDIA H200, 56, 99 %, 54 %, 142719 MiB, 143771 MiB
2026/08/13 22:53:50.043, NVIDIA H200, 57, 100 %, 49 %, 142719 MiB, 143771 MiB
2026/08/13 22:53:53.043, NVIDIA H200, 57, 100 %, 25 %, 142719 MiB, 143771 MiB
2026/08/13 22:53:56.044, NVIDIA H200, 57, 98 %, 33 %, 142719 MiB, 143771 MiB
2026/08/13 22:53:59.044, NVIDIA H200, 57, 100 %, 47 %, 142719 MiB, 143771 MiB
2026/08/13 22:54:02.045, NVIDIA H200, 50, 92 %, 45 %, 142719 MiB, 143771 MiB
2026/08/13 22:54:05.045, NVIDIA H200, 30, 0 %, 0 %, 142719 MiB, 143771 MiB
2026/08/13 22:54:08.046, NVIDIA H200, 29, 0 %, 0 %, 142719 MiB, 143771 MiB
2026/08/13 22:54:11.047, NVIDIA H200, 54, 100 %, 56 %, 142719 MiB, 143771 MiB
2026/08/13 22:54:14.047, NVIDIA H200, 29, 0 %, 0 %, 142719 MiB, 143771 MiB
2026/08/13 22:54:17.049, NVIDIA H200, 45, 100 %, 53 %, 142719 MiB, 143771 MiB
2026/08/13 22:54:20.049, NVIDIA H200, 57, 100 %, 41 %, 142719 MiB, 143771 MiB
2026/08/13 22:54:23.050, NVIDIA H200, 56, 100 %, 55 %, 142719 MiB, 143771 MiB
2026/08/13 22:54:26.050, NVIDIA H200, 57, 100 %, 44 %, 142719 MiB, 143771 MiB
2026/08/13 22:54:29.051, NVIDIA H200, 55, 100 %, 37 %, 142719 MiB, 143771 MiB
2026/08/13 22:54:32.051, NVIDIA H200, 57, 100 %, 55 %, 142719 MiB, 143771 MiB
2026/08/13 22:54:35.052, NVIDIA H200, 57, 100 %, 51 %, 142719 MiB, 143771 MiB
2026/08/13 22:54:38.052, NVIDIA H200, 60, 100 %, 46 %, 142719 MiB, 143771 MiB
2026/08/13 22:54:41.053, NVIDIA H200, 54, 98 %, 55 %, 142719 MiB, 143771 MiB
2026/08/13 22:54:44.053, NVIDIA H200, 55, 100 %, 46 %, 142719 MiB, 143771 MiB
2026/08/13 22:54:47.054, NVIDIA H200, 56, 100 %, 23 %, 142719 MiB, 143771 MiB
2026/08/13 22:54:50.054, NVIDIA H200, 52, 99 %, 39 %, 142719 MiB, 143771 MiB
2026/08/13 22:54:53.055, NVIDIA H200, 58, 100 %, 36 %, 142719 MiB, 143771 MiB
2026/08/13 22:54:56.055, NVIDIA H200, 59, 100 %, 58 %, 142719 MiB, 143771 MiB
2026/08/13 22:54:59.055, NVIDIA H200, 59, 100 %, 48 %, 142719 MiB, 143771 MiB
2026/08/13 22:55:02.056, NVIDIA H200, 58, 98 %, 63 %, 142719 MiB, 143771 MiB
2026/08/13 22:55:05.057, NVIDIA H200, 59, 100 %, 57 %, 142719 MiB, 143771 MiB
2026/08/13 22:55:08.057, NVIDIA H200, 56, 100 %, 47 %, 142719 MiB, 143771 MiB
2026/08/13 22:55:11.058, NVIDIA H200, 58, 98 %, 44 %, 142719 MiB, 143771 MiB
2026/08/13 22:55:14.058, NVIDIA H200, 58, 100 %, 50 %, 142719 MiB, 143771 MiB
2026/08/13 22:55:17.059, NVIDIA H200, 56, 100 %, 57 %, 142719 MiB, 143771 MiB
2026/08/13 22:55:20.059, NVIDIA H200, 57, 100 %, 48 %, 142719 MiB, 143771 MiB
2026/08/13 22:55:23.059, NVIDIA H200, 57, 100 %, 57 %, 142719 MiB, 143771 MiB
2026/08/13 22:55:26.060, NVIDIA H200, 61, 100 %, 50 %, 142719 MiB, 143771 MiB
2026/08/13 22:55:29.060, NVIDIA H200, 55, 100 %, 51 %, 142719 MiB, 143771 MiB
2026/08/13 22:55:32.061, NVIDIA H200, 56, 100 %, 49 %, 142719 MiB, 143771 MiB
2026/08/13 22:55:35.062, NVIDIA H200, 56, 100 %, 21 %, 142719 MiB, 143771 MiB
2026/08/13 22:55:38.062, NVIDIA H200, 52, 99 %, 39 %, 142719 MiB, 143771 MiB
2026/08/13 22:55:41.062, NVIDIA H200, 58, 100 %, 42 %, 142719 MiB, 143771 MiB
2026/08/13 22:55:44.063, NVIDIA H200, 60, 100 %, 58 %, 142719 MiB, 143771 MiB
2026/08/13 22:55:47.064, NVIDIA H200, 36, 0 %, 0 %, 142719 MiB, 143771 MiB
2026/08/13 22:55:50.064, NVIDIA H200, 29, 0 %, 0 %, 142719 MiB, 143771 MiB
2026/08/13 22:55:53.065, NVIDIA H200, 28, 21 %, 0 %, 142719 MiB, 143771 MiB
2026/08/13 22:55:56.065, NVIDIA H200, 48, 8 %, 1 %, 142719 MiB, 143771 MiB
2026/08/13 22:55:59.066, NVIDIA H200, 29, 0 %, 0 %, 142719 MiB, 143771 MiB
2026/08/13 22:56:02.066, NVIDIA H200, 27, 0 %, 0 %, 142719 MiB, 143771 MiB
2026/08/13 22:56:05.067, NVIDIA H200, 27, 0 %, 0 %, 142719 MiB, 143771 MiB
2026/08/13 22:56:08.068, NVIDIA H200, 27, 0 %, 0 %, 142719 MiB, 143771 MiB
2026/08/13 22:56:11.068, NVIDIA H200, 53, 100 %, 44 %, 142719 MiB, 143771 MiB
2026/08/13 22:56:14.069, NVIDIA H200, 56, 98 %, 59 %, 142719 MiB, 143771 MiB
2026/08/13 22:56:17.069, NVIDIA H200, 56, 100 %, 51 %, 142719 MiB, 143771 MiB
2026/08/13 22:56:20.070, NVIDIA H200, 56, 99 %, 49 %, 142719 MiB, 143771 MiB
2026/08/13 22:56:23.070, NVIDIA H200, 55, 100 %, 52 %, 142719 MiB, 143771 MiB
2026/08/13 22:56:26.071, NVIDIA H200, 54, 100 %, 48 %, 142719 MiB, 143771 MiB
2026/08/13 22:56:29.071, NVIDIA H200, 53, 100 %, 46 %, 142719 MiB, 143771 MiB
2026/08/13 22:56:32.071, NVIDIA H200, 57, 100 %, 39 %, 142719 MiB, 143771 MiB
2026/08/13 22:56:35.072, NVIDIA H200, 59, 100 %, 57 %, 142719 MiB, 143771 MiB
2026/08/13 22:56:38.072, NVIDIA H200, 59, 100 %, 47 %, 142719 MiB, 143771 MiB
2026/08/13 22:56:41.073, NVIDIA H200, 58, 100 %, 51 %, 142719 MiB, 143771 MiB
2026/08/13 22:56:44.073, NVIDIA H200, 58, 100 %, 44 %, 142719 MiB, 143771 MiB
2026/08/13 22:56:47.074, NVIDIA H200, 56, 98 %, 63 %, 142719 MiB, 143771 MiB
2026/08/13 22:56:50.074, NVIDIA H200, 57, 100 %, 57 %, 142719 MiB, 143771 MiB
2026/08/13 22:56:53.075, NVIDIA H200, 58, 100 %, 47 %, 142719 MiB, 143771 MiB
2026/08/13 22:56:56.075, NVIDIA H200, 55, 99 %, 45 %, 142719 MiB, 143771 MiB
2026/08/13 22:56:59.076, NVIDIA H200, 58, 100 %, 63 %, 142719 MiB, 143771 MiB
2026/08/13 22:57:02.076, NVIDIA H200, 57, 100 %, 51 %, 142719 MiB, 143771 MiB
2026/08/13 22:57:05.077, NVIDIA H200, 61, 100 %, 52 %, 142719 MiB, 143771 MiB
2026/08/13 22:57:08.078, NVIDIA H200, 57, 100 %, 54 %, 142719 MiB, 143771 MiB
2026/08/13 22:57:11.078, NVIDIA H200, 60, 100 %, 38 %, 142719 MiB, 143771 MiB
2026/08/13 22:57:14.079, NVIDIA H200, 57, 100 %, 57 %, 142719 MiB, 143771 MiB
2026/08/13 22:57:17.079, NVIDIA H200, 55, 100 %, 57 %, 142719 MiB, 143771 MiB
2026/08/13 22:57:20.080, NVIDIA H200, 50, 100 %, 46 %, 142719 MiB, 143771 MiB
2026/08/13 22:57:23.080, NVIDIA H200, 57, 100 %, 47 %, 142719 MiB, 143771 MiB
2026/08/13 22:57:26.081, NVIDIA H200, 52, 98 %, 47 %, 142719 MiB, 143771 MiB
2026/08/13 22:57:29.081, NVIDIA H200, 57, 100 %, 48 %, 142719 MiB, 143771 MiB
2026/08/13 22:57:32.082, NVIDIA H200, 59, 100 %, 58 %, 142719 MiB, 143771 MiB
2026/08/13 22:57:35.082, NVIDIA H200, 60, 100 %, 44 %, 142719 MiB, 143771 MiB
2026/08/13 22:57:38.083, NVIDIA H200, 58, 100 %, 51 %, 142719 MiB, 143771 MiB
2026/08/13 22:57:41.083, NVIDIA H200, 35, 0 %, 0 %, 142719 MiB, 143771 MiB
2026/08/13 22:57:44.084, NVIDIA H200, 29, 0 %, 0 %, 142719 MiB, 143771 MiB
2026/08/13 22:57:47.084, NVIDIA H200, 28, 0 %, 0 %, 142719 MiB, 143771 MiB
2026/08/13 22:57:50.085, NVIDIA H200, 54, 100 %, 54 %, 142719 MiB, 143771 MiB
2026/08/13 22:57:53.085, NVIDIA H200, 29, 0 %, 0 %, 142719 MiB, 143771 MiB
2026/08/13 22:57:56.086, NVIDIA H200, 27, 0 %, 0 %, 142719 MiB, 143771 MiB
2026/08/13 22:57:59.086, NVIDIA H200, 53, 100 %, 49 %, 142719 MiB, 143771 MiB
2026/08/13 22:58:02.086, NVIDIA H200, 55, 100 %, 55 %, 142719 MiB, 143771 MiB
2026/08/13 22:58:05.087, NVIDIA H200, 58, 100 %, 63 %, 142719 MiB, 143771 MiB
2026/08/13 22:58:08.088, NVIDIA H200, 58, 98 %, 40 %, 142719 MiB, 143771 MiB
2026/08/13 22:58:11.088, NVIDIA H200, 55, 100 %, 53 %, 142719 MiB, 143771 MiB
2026/08/13 22:58:14.089, NVIDIA H200, 55, 100 %, 46 %, 142719 MiB, 143771 MiB
2026/08/13 22:58:17.089, NVIDIA H200, 44, 100 %, 55 %, 142719 MiB, 143771 MiB
2026/08/13 22:58:20.090, NVIDIA H200, 57, 100 %, 53 %, 142719 MiB, 143771 MiB
2026/08/13 22:58:23.091, NVIDIA H200, 58, 97 %, 45 %, 142719 MiB, 143771 MiB
2026/08/13 22:58:26.091, NVIDIA H200, 56, 100 %, 48 %, 142719 MiB, 143771 MiB
2026/08/13 22:58:29.092, NVIDIA H200, 55, 100 %, 46 %, 142719 MiB, 143771 MiB
2026/08/13 22:58:32.092, NVIDIA H200, 58, 100 %, 23 %, 142719 MiB, 143771 MiB
2026/08/13 22:58:35.092, NVIDIA H200, 58, 97 %, 33 %, 142719 MiB, 143771 MiB
2026/08/13 22:58:38.093, NVIDIA H200, 61, 100 %, 48 %, 142719 MiB, 143771 MiB
2026/08/13 22:58:41.093, NVIDIA H200, 55, 100 %, 53 %, 142719 MiB, 143771 MiB
2026/08/13 22:58:44.094, NVIDIA H200, 58, 100 %, 45 %, 142719 MiB, 143771 MiB
2026/08/13 22:58:47.094, NVIDIA H200, 56, 99 %, 61 %, 142719 MiB, 143771 MiB
2026/08/13 22:58:50.095, NVIDIA H200, 57, 100 %, 54 %, 142719 MiB, 143771 MiB
2026/08/13 22:58:53.095, NVIDIA H200, 57, 100 %, 44 %, 142719 MiB, 143771 MiB
2026/08/13 22:58:56.096, NVIDIA H200, 58, 98 %, 47 %, 142719 MiB, 143771 MiB
2026/08/13 22:58:59.096, NVIDIA H200, 57, 100 %, 51 %, 142719 MiB, 143771 MiB
2026/08/13 22:59:02.097, NVIDIA H200, 57, 100 %, 56 %, 142719 MiB, 143771 MiB
2026/08/13 22:59:05.097, NVIDIA H200, 59, 100 %, 42 %, 142719 MiB, 143771 MiB
2026/08/13 22:59:08.098, NVIDIA H200, 55, 100 %, 52 %, 142719 MiB, 143771 MiB
2026/08/13 22:59:11.098, NVIDIA H200, 56, 100 %, 51 %, 142719 MiB, 143771 MiB
2026/08/13 22:59:14.099, NVIDIA H200, 55, 100 %, 52 %, 142719 MiB, 143771 MiB
2026/08/13 22:59:17.099, NVIDIA H200, 56, 100 %, 54 %, 142719 MiB, 143771 MiB
2026/08/13 22:59:20.100, NVIDIA H200, 58, 98 %, 54 %, 142719 MiB, 143771 MiB
2026/08/13 22:59:23.100, NVIDIA H200, 56, 100 %, 48 %, 142719 MiB, 143771 MiB
2026/08/13 22:59:26.101, NVIDIA H200, 58, 100 %, 23 %, 142719 MiB, 143771 MiB
2026/08/13 22:59:29.101, NVIDIA H200, 33, 0 %, 0 %, 142719 MiB, 143771 MiB
2026/08/13 22:59:32.102, NVIDIA H200, 29, 0 %, 0 %, 142719 MiB, 143771 MiB
2026/08/13 22:59:35.102, NVIDIA H200, 28, 0 %, 0 %, 142719 MiB, 143771 MiB
2026/08/13 22:59:38.102, NVIDIA H200, 55, 100 %, 54 %, 142719 MiB, 143771 MiB
2026/08/13 22:59:41.103, NVIDIA H200, 28, 0 %, 0 %, 142719 MiB, 143771 MiB
2026/08/13 22:59:44.103, NVIDIA H200, 27, 0 %, 0 %, 142719 MiB, 143771 MiB
2026/08/13 22:59:47.104, NVIDIA H200, 52, 100 %, 51 %, 142719 MiB, 143771 MiB
2026/08/13 22:59:50.104, NVIDIA H200, 55, 100 %, 58 %, 142719 MiB, 143771 MiB
2026/08/13 22:59:53.105, NVIDIA H200, 52, 100 %, 54 %, 142719 MiB, 143771 MiB
2026/08/13 22:59:56.105, NVIDIA H200, 57, 100 %, 55 %, 142719 MiB, 143771 MiB
2026/08/13 22:59:59.106, NVIDIA H200, 48, 54 %, 8 %, 142719 MiB, 143771 MiB
2026/08/13 23:00:02.106, NVIDIA H200, 57, 100 %, 63 %, 142719 MiB, 143771 MiB
2026/08/13 23:00:05.107, NVIDIA H200, 51, 98 %, 42 %, 142719 MiB, 143771 MiB
2026/08/13 23:00:08.107, NVIDIA H200, 56, 100 %, 48 %, 142719 MiB, 143771 MiB
2026/08/13 23:00:11.108, NVIDIA H200, 54, 100 %, 58 %, 142719 MiB, 143771 MiB
2026/08/13 23:00:14.108, NVIDIA H200, 53, 100 %, 54 %, 142719 MiB, 143771 MiB
2026/08/13 23:00:17.109, NVIDIA H200, 59, 100 %, 45 %, 142719 MiB, 143771 MiB
2026/08/13 23:00:20.109, NVIDIA H200, 48, 57 %, 33 %, 142719 MiB, 143771 MiB
2026/08/13 23:00:23.110, NVIDIA H200, 56, 100 %, 33 %, 142719 MiB, 143771 MiB
2026/08/13 23:00:26.110, NVIDIA H200, 56, 99 %, 43 %, 142719 MiB, 143771 MiB
2026/08/13 23:00:29.111, NVIDIA H200, 56, 100 %, 32 %, 142719 MiB, 143771 MiB
2026/08/13 23:00:32.111, NVIDIA H200, 59, 100 %, 48 %, 142719 MiB, 143771 MiB
2026/08/13 23:00:35.111, NVIDIA H200, 54, 98 %, 64 %, 142719 MiB, 143771 MiB
2026/08/13 23:00:38.112, NVIDIA H200, 58, 100 %, 42 %, 142719 MiB, 143771 MiB
2026/08/13 23:00:41.112, NVIDIA H200, 51, 68 %, 19 %, 142719 MiB, 143771 MiB
2026/08/13 23:00:44.113, NVIDIA H200, 58, 100 %, 66 %, 142719 MiB, 143771 MiB
2026/08/13 23:00:47.114, NVIDIA H200, 55, 97 %, 37 %, 142719 MiB, 143771 MiB
2026/08/13 23:00:50.114, NVIDIA H200, 57, 100 %, 33 %, 142719 MiB, 143771 MiB
2026/08/13 23:00:53.114, NVIDIA H200, 58, 100 %, 55 %, 142719 MiB, 143771 MiB
2026/08/13 23:00:56.115, NVIDIA H200, 53, 100 %, 49 %, 142719 MiB, 143771 MiB
2026/08/13 23:00:59.115, NVIDIA H200, 56, 100 %, 51 %, 142719 MiB, 143771 MiB
2026/08/13 23:01:02.116, NVIDIA H200, 55, 99 %, 54 %, 142719 MiB, 143771 MiB
2026/08/13 23:01:05.116, NVIDIA H200, 56, 100 %, 48 %, 142719 MiB, 143771 MiB
2026/08/13 23:01:08.117, NVIDIA H200, 57, 100 %, 21 %, 142719 MiB, 143771 MiB
2026/08/13 23:01:11.117, NVIDIA H200, 57, 98 %, 36 %, 142719 MiB, 143771 MiB
2026/08/13 23:01:14.118, NVIDIA H200, 61, 100 %, 36 %, 142719 MiB, 143771 MiB
2026/08/13 23:01:17.118, NVIDIA H200, 43, 75 %, 35 %, 142719 MiB, 143771 MiB
2026/08/13 23:01:20.119, NVIDIA H200, 29, 0 %, 0 %, 142719 MiB, 143771 MiB
2026/08/13 23:01:23.119, NVIDIA H200, 43, 20 %, 0 %, 142719 MiB, 143771 MiB
2026/08/13 23:01:26.119, NVIDIA H200, 50, 100 %, 56 %, 142719 MiB, 143771 MiB
2026/08/13 23:01:29.120, NVIDIA H200, 30, 0 %, 0 %, 142719 MiB, 143771 MiB
2026/08/13 23:01:32.121, NVIDIA H200, 28, 0 %, 0 %, 142719 MiB, 143771 MiB
2026/08/13 23:01:35.121, NVIDIA H200, 56, 98 %, 39 %, 142719 MiB, 143771 MiB
2026/08/13 23:01:38.122, NVIDIA H200, 57, 100 %, 51 %, 142719 MiB, 143771 MiB
2026/08/13 23:01:41.122, NVIDIA H200, 53, 69 %, 39 %, 142719 MiB, 143771 MiB
2026/08/13 23:01:44.123, NVIDIA H200, 54, 100 %, 38 %, 142719 MiB, 143771 MiB
2026/08/13 23:01:47.123, NVIDIA H200, 53, 100 %, 58 %, 142719 MiB, 143771 MiB
2026/08/13 23:01:50.124, NVIDIA H200, 54, 93 %, 62 %, 142719 MiB, 143771 MiB
2026/08/13 23:01:53.124, NVIDIA H200, 55, 100 %, 52 %, 142719 MiB, 143771 MiB
2026/08/13 23:01:56.125, NVIDIA H200, 53, 100 %, 61 %, 142719 MiB, 143771 MiB
2026/08/13 23:01:59.125, NVIDIA H200, 57, 100 %, 49 %, 142719 MiB, 143771 MiB
2026/08/13 23:02:02.126, NVIDIA H200, 55, 100 %, 52 %, 142719 MiB, 143771 MiB
2026/08/13 23:02:05.129, NVIDIA H200, 55, 100 %, 48 %, 142719 MiB, 143771 MiB
2026/08/13 23:02:08.129, NVIDIA H200, 55, 100 %, 50 %, 142719 MiB, 143771 MiB
2026/08/13 23:02:11.130, NVIDIA H200, 54, 72 %, 52 %, 142719 MiB, 143771 MiB
2026/08/13 23:02:14.130, NVIDIA H200, 57, 100 %, 53 %, 142719 MiB, 143771 MiB
2026/08/13 23:02:17.131, NVIDIA H200, 57, 100 %, 46 %, 142719 MiB, 143771 MiB
2026/08/13 23:02:20.131, NVIDIA H200, 53, 78 %, 58 %, 142719 MiB, 143771 MiB
2026/08/13 23:02:23.131, NVIDIA H200, 56, 100 %, 52 %, 142719 MiB, 143771 MiB
2026/08/13 23:02:26.132, NVIDIA H200, 46, 46 %, 30 %, 142719 MiB, 143771 MiB
2026/08/13 23:02:29.132, NVIDIA H200, 59, 100 %, 56 %, 142719 MiB, 143771 MiB
2026/08/13 23:02:32.133, NVIDIA H200, 58, 98 %, 46 %, 142719 MiB, 143771 MiB
2026/08/13 23:02:35.133, NVIDIA H200, 55, 100 %, 49 %, 142719 MiB, 143771 MiB
2026/08/13 23:02:38.134, NVIDIA H200, 55, 100 %, 48 %, 142719 MiB, 143771 MiB
2026/08/13 23:02:41.134, NVIDIA H200, 56, 100 %, 45 %, 142719 MiB, 143771 MiB
2026/08/13 23:02:44.135, NVIDIA H200, 56, 100 %, 54 %, 142719 MiB, 143771 MiB
2026/08/13 23:02:47.135, NVIDIA H200, 57, 98 %, 56 %, 142719 MiB, 143771 MiB
2026/08/13 23:02:50.136, NVIDIA H200, 57, 100 %, 47 %, 142719 MiB, 143771 MiB
2026/08/13 23:02:53.136, NVIDIA H200, 58, 100 %, 47 %, 142719 MiB, 143771 MiB
2026/08/13 23:02:56.137, NVIDIA H200, 56, 100 %, 50 %, 142719 MiB, 143771 MiB
2026/08/13 23:02:59.137, NVIDIA H200, 58, 100 %, 23 %, 142719 MiB, 143771 MiB
2026/08/13 23:03:02.138, NVIDIA H200, 57, 100 %, 43 %, 142719 MiB, 143771 MiB
2026/08/13 23:03:05.138, NVIDIA H200, 60, 100 %, 41 %, 142719 MiB, 143771 MiB
2026/08/13 23:03:08.139, NVIDIA H200, 30, 0 %, 0 %, 142719 MiB, 143771 MiB
2026/08/13 23:03:11.139, NVIDIA H200, 34, 0 %, 0 %, 142719 MiB, 143771 MiB
2026/08/13 23:03:14.140, NVIDIA H200, 42, 100 %, 52 %, 142719 MiB, 143771 MiB
2026/08/13 23:03:17.140, NVIDIA H200, 31, 0 %, 0 %, 142719 MiB, 143771 MiB
2026/08/13 23:03:20.141, NVIDIA H200, 28, 0 %, 0 %, 142719 MiB, 143771 MiB
2026/08/13 23:03:23.141, NVIDIA H200, 50, 100 %, 48 %, 142719 MiB, 143771 MiB
2026/08/13 23:03:26.141, NVIDIA H200, 54, 100 %, 57 %, 142719 MiB, 143771 MiB
2026/08/13 23:03:29.142, NVIDIA H200, 55, 100 %, 26 %, 142719 MiB, 143771 MiB
2026/08/13 23:03:32.142, NVIDIA H200, 55, 100 %, 49 %, 142719 MiB, 143771 MiB
2026/08/13 23:03:35.143, NVIDIA H200, 57, 99 %, 53 %, 142719 MiB, 143771 MiB
2026/08/13 23:03:38.143, NVIDIA H200, 52, 100 %, 55 %, 142719 MiB, 143771 MiB
2026/08/13 23:03:41.143, NVIDIA H200, 52, 27 %, 15 %, 142719 MiB, 143771 MiB
2026/08/13 23:03:44.144, NVIDIA H200, 56, 100 %, 44 %, 142719 MiB, 143771 MiB
2026/08/13 23:03:47.144, NVIDIA H200, 50, 100 %, 56 %, 142719 MiB, 143771 MiB
2026/08/13 23:03:50.145, NVIDIA H200, 60, 100 %, 47 %, 142719 MiB, 143771 MiB
2026/08/13 23:03:53.145, NVIDIA H200, 58, 98 %, 42 %, 142719 MiB, 143771 MiB
2026/08/13 23:03:56.146, NVIDIA H200, 57, 100 %, 32 %, 142719 MiB, 143771 MiB
2026/08/13 23:03:59.146, NVIDIA H200, 55, 100 %, 46 %, 142719 MiB, 143771 MiB
2026/08/13 23:04:02.147, NVIDIA H200, 56, 100 %, 57 %, 142719 MiB, 143771 MiB
2026/08/13 23:04:05.147, NVIDIA H200, 57, 100 %, 42 %, 142719 MiB, 143771 MiB
2026/08/13 23:04:08.148, NVIDIA H200, 46, 100 %, 52 %, 142719 MiB, 143771 MiB
2026/08/13 23:04:11.148, NVIDIA H200, 59, 100 %, 50 %, 142719 MiB, 143771 MiB
2026/08/13 23:04:14.149, NVIDIA H200, 57, 100 %, 54 %, 142719 MiB, 143771 MiB
2026/08/13 23:04:17.149, NVIDIA H200, 55, 100 %, 44 %, 142719 MiB, 143771 MiB
2026/08/13 23:04:20.150, NVIDIA H200, 57, 100 %, 52 %, 142719 MiB, 143771 MiB
2026/08/13 23:04:23.150, NVIDIA H200, 56, 97 %, 62 %, 142719 MiB, 143771 MiB
2026/08/13 23:04:26.150, NVIDIA H200, 59, 100 %, 46 %, 142719 MiB, 143771 MiB
2026/08/13 23:04:29.151, NVIDIA H200, 51, 69 %, 40 %, 142719 MiB, 143771 MiB
2026/08/13 23:04:32.151, NVIDIA H200, 57, 100 %, 50 %, 142719 MiB, 143771 MiB
2026/08/13 23:04:35.152, NVIDIA H200, 58, 100 %, 54 %, 142719 MiB, 143771 MiB
2026/08/13 23:04:38.152, NVIDIA H200, 60, 100 %, 55 %, 142719 MiB, 143771 MiB
2026/08/13 23:04:41.153, NVIDIA H200, 55, 100 %, 58 %, 142719 MiB, 143771 MiB
2026/08/13 23:04:44.153, NVIDIA H200, 57, 100 %, 52 %, 142719 MiB, 143771 MiB
2026/08/13 23:04:47.154, NVIDIA H200, 56, 100 %, 49 %, 142719 MiB, 143771 MiB
2026/08/13 23:04:50.154, NVIDIA H200, 56, 100 %, 51 %, 142719 MiB, 143771 MiB
2026/08/13 23:04:53.155, NVIDIA H200, 57, 100 %, 34 %, 142719 MiB, 143771 MiB
2026/08/13 23:04:56.155, NVIDIA H200, 33, 0 %, 0 %, 142719 MiB, 143771 MiB
2026/08/13 23:04:59.156, NVIDIA H200, 29, 0 %, 0 %, 142719 MiB, 143771 MiB
2026/08/13 23:05:02.156, NVIDIA H200, 28, 0 %, 0 %, 142719 MiB, 143771 MiB
2026/08/13 23:05:05.157, NVIDIA H200, 54, 100 %, 55 %, 142719 MiB, 143771 MiB
2026/08/13 23:05:08.157, NVIDIA H200, 29, 0 %, 0 %, 142719 MiB, 143771 MiB
2026/08/13 23:05:11.158, NVIDIA H200, 27, 0 %, 0 %, 142719 MiB, 143771 MiB
2026/08/13 23:05:14.158, NVIDIA H200, 27, 0 %, 0 %, 142719 MiB, 143771 MiB
2026/08/13 23:05:17.159, NVIDIA H200, 27, 0 %, 0 %, 142719 MiB, 143771 MiB
2026/08/13 23:05:20.159, NVIDIA H200, 53, 100 %, 55 %, 142719 MiB, 143771 MiB
2026/08/13 23:05:23.160, NVIDIA H200, 52, 100 %, 56 %, 142719 MiB, 143771 MiB
2026/08/13 23:05:26.160, NVIDIA H200, 57, 100 %, 47 %, 142719 MiB, 143771 MiB
2026/08/13 23:05:29.161, NVIDIA H200, 54, 100 %, 58 %, 142719 MiB, 143771 MiB
2026/08/13 23:05:32.161, NVIDIA H200, 56, 100 %, 36 %, 142719 MiB, 143771 MiB
2026/08/13 23:05:35.162, NVIDIA H200, 56, 100 %, 58 %, 142719 MiB, 143771 MiB
2026/08/13 23:05:38.162, NVIDIA H200, 59, 100 %, 45 %, 142719 MiB, 143771 MiB
2026/08/13 23:05:41.163, NVIDIA H200, 54, 98 %, 62 %, 142719 MiB, 143771 MiB
2026/08/13 23:05:44.163, NVIDIA H200, 55, 100 %, 57 %, 142719 MiB, 143771 MiB
2026/08/13 23:05:47.164, NVIDIA H200, 57, 100 %, 46 %, 142719 MiB, 143771 MiB
2026/08/13 23:05:50.164, NVIDIA H200, 53, 98 %, 46 %, 142719 MiB, 143771 MiB
2026/08/13 23:05:53.165, NVIDIA H200, 56, 100 %, 49 %, 142719 MiB, 143771 MiB
2026/08/13 23:05:56.165, NVIDIA H200, 58, 100 %, 55 %, 142719 MiB, 143771 MiB
2026/08/13 23:05:59.166, NVIDIA H200, 59, 100 %, 42 %, 142719 MiB, 143771 MiB
2026/08/13 23:06:02.166, NVIDIA H200, 55, 100 %, 54 %, 142719 MiB, 143771 MiB
2026/08/13 23:06:05.167, NVIDIA H200, 56, 100 %, 55 %, 142719 MiB, 143771 MiB
2026/08/13 23:06:08.167, NVIDIA H200, 57, 99 %, 55 %, 142719 MiB, 143771 MiB
2026/08/13 23:06:11.168, NVIDIA H200, 53, 100 %, 50 %, 142719 MiB, 143771 MiB
2026/08/13 23:06:14.168, NVIDIA H200, 57, 100 %, 37 %, 142719 MiB, 143771 MiB
2026/08/13 23:06:17.169, NVIDIA H200, 59, 98 %, 35 %, 142719 MiB, 143771 MiB
2026/08/13 23:06:20.169, NVIDIA H200, 60, 100 %, 57 %, 142719 MiB, 143771 MiB
2026/08/13 23:06:23.170, NVIDIA H200, 56, 100 %, 53 %, 142719 MiB, 143771 MiB
2026/08/13 23:06:26.170, NVIDIA H200, 57, 100 %, 48 %, 142719 MiB, 143771 MiB
2026/08/13 23:06:29.171, NVIDIA H200, 56, 99 %, 50 %, 142719 MiB, 143771 MiB
2026/08/13 23:06:32.171, NVIDIA H200, 55, 100 %, 53 %, 142719 MiB, 143771 MiB
2026/08/13 23:06:35.172, NVIDIA H200, 56, 100 %, 47 %, 142719 MiB, 143771 MiB
2026/08/13 23:06:38.172, NVIDIA H200, 57, 100 %, 46 %, 142719 MiB, 143771 MiB
2026/08/13 23:06:41.173, NVIDIA H200, 58, 100 %, 39 %, 142719 MiB, 143771 MiB
2026/08/13 23:06:44.173, NVIDIA H200, 57, 100 %, 59 %, 142719 MiB, 143771 MiB
2026/08/13 23:06:47.174, NVIDIA H200, 58, 100 %, 47 %, 142719 MiB, 143771 MiB
2026/08/13 23:06:50.175, NVIDIA H200, 30, 0 %, 0 %, 142719 MiB, 143771 MiB
2026/08/13 23:06:53.175, NVIDIA H200, 29, 0 %, 0 %, 142719 MiB, 143771 MiB
2026/08/13 23:06:56.175, NVIDIA H200, 46, 100 %, 51 %, 142719 MiB, 143771 MiB
2026/08/13 23:06:59.176, NVIDIA H200, 31, 0 %, 0 %, 142719 MiB, 143771 MiB
2026/08/13 23:07:02.177, NVIDIA H200, 28, 0 %, 0 %, 142719 MiB, 143771 MiB
2026/08/13 23:07:05.177, NVIDIA H200, 45, 41 %, 3 %, 142719 MiB, 143771 MiB
2026/08/13 23:07:08.178, NVIDIA H200, 54, 100 %, 51 %, 142719 MiB, 143771 MiB
2026/08/13 23:07:11.178, NVIDIA H200, 53, 97 %, 39 %, 142719 MiB, 143771 MiB
2026/08/13 23:07:14.178, NVIDIA H200, 54, 100 %, 46 %, 142719 MiB, 143771 MiB
2026/08/13 23:07:17.179, NVIDIA H200, 55, 100 %, 54 %, 142719 MiB, 143771 MiB
2026/08/13 23:07:20.179, NVIDIA H200, 54, 100 %, 51 %, 142719 MiB, 143771 MiB
2026/08/13 23:07:23.180, NVIDIA H200, 55, 100 %, 48 %, 142719 MiB, 143771 MiB
2026/08/13 23:07:26.180, NVIDIA H200, 56, 100 %, 21 %, 142719 MiB, 143771 MiB
2026/08/13 23:07:29.181, NVIDIA H200, 57, 98 %, 37 %, 142719 MiB, 143771 MiB
2026/08/13 23:07:32.181, NVIDIA H200, 58, 100 %, 37 %, 142719 MiB, 143771 MiB
2026/08/13 23:07:35.182, NVIDIA H200, 57, 100 %, 58 %, 142719 MiB, 143771 MiB
2026/08/13 23:07:38.182, NVIDIA H200, 59, 100 %, 45 %, 142719 MiB, 143771 MiB
2026/08/13 23:07:41.183, NVIDIA H200, 54, 97 %, 61 %, 142719 MiB, 143771 MiB
2026/08/13 23:07:44.183, NVIDIA H200, 56, 100 %, 56 %, 142719 MiB, 143771 MiB
2026/08/13 23:07:47.184, NVIDIA H200, 57, 100 %, 44 %, 142719 MiB, 143771 MiB
2026/08/13 23:07:50.185, NVIDIA H200, 51, 97 %, 47 %, 142719 MiB, 143771 MiB
2026/08/13 23:07:53.185, NVIDIA H200, 57, 100 %, 48 %, 142719 MiB, 143771 MiB
2026/08/13 23:07:56.186, NVIDIA H200, 59, 100 %, 57 %, 142719 MiB, 143771 MiB
2026/08/13 23:07:59.186, NVIDIA H200, 60, 100 %, 43 %, 142719 MiB, 143771 MiB
2026/08/13 23:08:02.187, NVIDIA H200, 58, 100 %, 52 %, 142719 MiB, 143771 MiB
2026/08/13 23:08:05.187, NVIDIA H200, 59, 100 %, 47 %, 142719 MiB, 143771 MiB
2026/08/13 23:08:08.187, NVIDIA H200, 57, 98 %, 53 %, 142719 MiB, 143771 MiB
2026/08/13 23:08:11.188, NVIDIA H200, 57, 100 %, 55 %, 142719 MiB, 143771 MiB
2026/08/13 23:08:14.188, NVIDIA H200, 58, 100 %, 43 %, 142719 MiB, 143771 MiB
2026/08/13 23:08:17.189, NVIDIA H200, 56, 100 %, 40 %, 142719 MiB, 143771 MiB
2026/08/13 23:08:20.189, NVIDIA H200, 58, 100 %, 41 %, 142719 MiB, 143771 MiB
2026/08/13 23:08:23.190, NVIDIA H200, 56, 99 %, 44 %, 142719 MiB, 143771 MiB
2026/08/13 23:08:26.190, NVIDIA H200, 58, 100 %, 61 %, 142719 MiB, 143771 MiB
2026/08/13 23:08:29.191, NVIDIA H200, 57, 100 %, 54 %, 142719 MiB, 143771 MiB
2026/08/13 23:08:32.191, NVIDIA H200, 60, 100 %, 48 %, 142719 MiB, 143771 MiB
2026/08/13 23:08:35.192, NVIDIA H200, 32, 0 %, 0 %, 142719 MiB, 143771 MiB
2026/08/13 23:08:38.192, NVIDIA H200, 28, 0 %, 0 %, 142719 MiB, 143771 MiB
2026/08/13 23:08:41.193, NVIDIA H200, 28, 1 %, 0 %, 142719 MiB, 143771 MiB
2026/08/13 23:08:44.193, NVIDIA H200, 52, 100 %, 35 %, 142719 MiB, 143771 MiB
2026/08/13 23:08:47.194, NVIDIA H200, 29, 0 %, 0 %, 142719 MiB, 143771 MiB
2026/08/13 23:08:50.194, NVIDIA H200, 35, 37 %, 2 %, 142719 MiB, 143771 MiB
2026/08/13 23:08:53.195, NVIDIA H200, 53, 100 %, 31 %, 142719 MiB, 143771 MiB
2026/08/13 23:08:56.195, NVIDIA H200, 54, 100 %, 54 %, 142719 MiB, 143771 MiB
2026/08/13 23:08:59.196, NVIDIA H200, 57, 100 %, 47 %, 142719 MiB, 143771 MiB
2026/08/13 23:09:02.196, NVIDIA H200, 55, 100 %, 57 %, 142719 MiB, 143771 MiB
2026/08/13 23:09:05.197, NVIDIA H200, 57, 100 %, 43 %, 142719 MiB, 143771 MiB
2026/08/13 23:09:08.197, NVIDIA H200, 57, 100 %, 52 %, 142719 MiB, 143771 MiB
2026/08/13 23:09:11.198, NVIDIA H200, 61, 100 %, 52 %, 142719 MiB, 143771 MiB
2026/08/13 23:09:14.198, NVIDIA H200, 54, 98 %, 52 %, 142719 MiB, 143771 MiB
2026/08/13 23:09:17.199, NVIDIA H200, 57, 100 %, 55 %, 142719 MiB, 143771 MiB
2026/08/13 23:09:20.199, NVIDIA H200, 55, 100 %, 42 %, 142719 MiB, 143771 MiB
2026/08/13 23:09:23.200, NVIDIA H200, 57, 98 %, 43 %, 142719 MiB, 143771 MiB
2026/08/13 23:09:26.200, NVIDIA H200, 56, 100 %, 65 %, 142719 MiB, 143771 MiB
2026/08/13 23:09:29.201, NVIDIA H200, 57, 100 %, 52 %, 142719 MiB, 143771 MiB
2026/08/13 23:09:32.201, NVIDIA H200, 58, 100 %, 51 %, 142719 MiB, 143771 MiB
2026/08/13 23:09:35.202, NVIDIA H200, 57, 99 %, 50 %, 142719 MiB, 143771 MiB
2026/08/13 23:09:38.202, NVIDIA H200, 59, 100 %, 53 %, 142719 MiB, 143771 MiB
2026/08/13 23:09:41.203, NVIDIA H200, 55, 100 %, 50 %, 142719 MiB, 143771 MiB
2026/08/13 23:09:44.203, NVIDIA H200, 56, 100 %, 50 %, 142719 MiB, 143771 MiB
2026/08/13 23:09:47.203, NVIDIA H200, 57, 100 %, 33 %, 142719 MiB, 143771 MiB
2026/08/13 23:09:50.204, NVIDIA H200, 52, 100 %, 49 %, 142719 MiB, 143771 MiB
2026/08/13 23:09:53.205, NVIDIA H200, 57, 100 %, 45 %, 142719 MiB, 143771 MiB
2026/08/13 23:09:56.205, NVIDIA H200, 58, 100 %, 56 %, 142719 MiB, 143771 MiB
2026/08/13 23:09:59.206, NVIDIA H200, 61, 100 %, 47 %, 142719 MiB, 143771 MiB
2026/08/13 23:10:02.206, NVIDIA H200, 56, 98 %, 73 %, 142719 MiB, 143771 MiB
2026/08/13 23:10:05.207, NVIDIA H200, 57, 100 %, 58 %, 142719 MiB, 143771 MiB
2026/08/13 23:10:08.207, NVIDIA H200, 55, 100 %, 48 %, 142719 MiB, 143771 MiB
2026/08/13 23:10:11.207, NVIDIA H200, 55, 99 %, 44 %, 142719 MiB, 143771 MiB
2026/08/13 23:10:14.208, NVIDIA H200, 57, 100 %, 63 %, 142719 MiB, 143771 MiB
2026/08/13 23:10:17.208, NVIDIA H200, 57, 100 %, 55 %, 142719 MiB, 143771 MiB
2026/08/13 23:10:20.209, NVIDIA H200, 37, 0 %, 0 %, 142719 MiB, 143771 MiB
2026/08/13 23:10:23.210, NVIDIA H200, 29, 0 %, 0 %, 142719 MiB, 143771 MiB
2026/08/13 23:10:26.210, NVIDIA H200, 34, 0 %, 0 %, 142719 MiB, 143771 MiB
2026/08/13 23:10:29.211, NVIDIA H200, 36, 0 %, 0 %, 142719 MiB, 143771 MiB
2026/08/13 23:10:32.211, NVIDIA H200, 28, 0 %, 0 %, 142719 MiB, 143771 MiB
2026/08/13 23:10:35.212, NVIDIA H200, 40, 100 %, 53 %, 142719 MiB, 143771 MiB
2026/08/13 23:10:38.212, NVIDIA H200, 55, 100 %, 41 %, 142719 MiB, 143771 MiB
2026/08/13 23:10:41.213, NVIDIA H200, 58, 100 %, 56 %, 142719 MiB, 143771 MiB
2026/08/13 23:10:44.213, NVIDIA H200, 55, 100 %, 52 %, 142719 MiB, 143771 MiB
2026/08/13 23:10:47.214, NVIDIA H200, 58, 100 %, 53 %, 142719 MiB, 143771 MiB
2026/08/13 23:10:50.214, NVIDIA H200, 61, 100 %, 49 %, 142719 MiB, 143771 MiB
2026/08/13 23:10:53.214, NVIDIA H200, 55, 100 %, 55 %, 142719 MiB, 143771 MiB
2026/08/13 23:10:56.215, NVIDIA H200, 57, 100 %, 53 %, 142719 MiB, 143771 MiB
2026/08/13 23:10:59.215, NVIDIA H200, 55, 100 %, 54 %, 142719 MiB, 143771 MiB
2026/08/13 23:11:02.216, NVIDIA H200, 55, 100 %, 48 %, 142719 MiB, 143771 MiB
2026/08/13 23:11:05.217, NVIDIA H200, 56, 100 %, 22 %, 142719 MiB, 143771 MiB
2026/08/13 23:11:08.217, NVIDIA H200, 52, 99 %, 36 %, 142719 MiB, 143771 MiB
2026/08/13 23:11:11.217, NVIDIA H200, 58, 100 %, 43 %, 142719 MiB, 143771 MiB
2026/08/13 23:11:14.218, NVIDIA H200, 57, 100 %, 54 %, 142719 MiB, 143771 MiB
2026/08/13 23:11:17.218, NVIDIA H200, 60, 100 %, 48 %, 142719 MiB, 143771 MiB
2026/08/13 23:11:20.219, NVIDIA H200, 54, 98 %, 61 %, 142719 MiB, 143771 MiB
2026/08/13 23:11:23.219, NVIDIA H200, 56, 100 %, 54 %, 142719 MiB, 143771 MiB
2026/08/13 23:11:26.220, NVIDIA H200, 56, 100 %, 44 %, 142719 MiB, 143771 MiB
2026/08/13 23:11:29.220, NVIDIA H200, 52, 100 %, 47 %, 142719 MiB, 143771 MiB
2026/08/13 23:11:32.221, NVIDIA H200, 58, 100 %, 42 %, 142719 MiB, 143771 MiB
2026/08/13 23:11:35.221, NVIDIA H200, 60, 100 %, 58 %, 142719 MiB, 143771 MiB
2026/08/13 23:11:38.222, NVIDIA H200, 59, 100 %, 48 %, 142719 MiB, 143771 MiB
2026/08/13 23:11:41.222, NVIDIA H200, 58, 100 %, 50 %, 142719 MiB, 143771 MiB
2026/08/13 23:11:44.223, NVIDIA H200, 58, 100 %, 43 %, 142719 MiB, 143771 MiB
2026/08/13 23:11:47.223, NVIDIA H200, 56, 98 %, 64 %, 142719 MiB, 143771 MiB
2026/08/13 23:11:50.224, NVIDIA H200, 57, 100 %, 57 %, 142719 MiB, 143771 MiB
2026/08/13 23:11:53.224, NVIDIA H200, 58, 100 %, 48 %, 142719 MiB, 143771 MiB
2026/08/13 23:11:56.225, NVIDIA H200, 56, 99 %, 46 %, 142719 MiB, 143771 MiB
2026/08/13 23:11:59.225, NVIDIA H200, 58, 100 %, 64 %, 142719 MiB, 143771 MiB
2026/08/13 23:12:02.226, NVIDIA H200, 57, 100 %, 52 %, 142719 MiB, 143771 MiB
2026/08/13 23:12:05.226, NVIDIA H200, 36, 0 %, 0 %, 142719 MiB, 143771 MiB
2026/08/13 23:12:08.227, NVIDIA H200, 29, 0 %, 0 %, 142719 MiB, 143771 MiB
2026/08/13 23:12:11.227, NVIDIA H200, 30, 0 %, 0 %, 142719 MiB, 143771 MiB
2026/08/13 23:12:14.228, NVIDIA H200, 53, 100 %, 55 %, 142719 MiB, 143771 MiB
2026/08/13 23:12:17.228, NVIDIA H200, 29, 0 %, 0 %, 142719 MiB, 143771 MiB
2026/08/13 23:12:20.229, NVIDIA H200, 37, 75 %, 23 %, 142719 MiB, 143771 MiB
2026/08/13 23:12:23.229, NVIDIA H200, 53, 100 %, 48 %, 142719 MiB, 143771 MiB
2026/08/13 23:12:26.230, NVIDIA H200, 55, 100 %, 48 %, 142719 MiB, 143771 MiB
2026/08/13 23:12:29.230, NVIDIA H200, 48, 32 %, 16 %, 142719 MiB, 143771 MiB
2026/08/13 23:12:32.231, NVIDIA H200, 59, 100 %, 53 %, 142719 MiB, 143771 MiB
2026/08/13 23:12:35.231, NVIDIA H200, 56, 100 %, 56 %, 142719 MiB, 143771 MiB
2026/08/13 23:12:38.232, NVIDIA H200, 60, 100 %, 46 %, 142719 MiB, 143771 MiB
2026/08/13 23:12:41.232, NVIDIA H200, 54, 98 %, 55 %, 142719 MiB, 143771 MiB
2026/08/13 23:12:44.232, NVIDIA H200, 55, 100 %, 47 %, 142719 MiB, 143771 MiB
2026/08/13 23:12:47.233, NVIDIA H200, 54, 100 %, 47 %, 142719 MiB, 143771 MiB
2026/08/13 23:12:50.233, NVIDIA H200, 55, 100 %, 49 %, 142719 MiB, 143771 MiB
2026/08/13 23:12:53.234, NVIDIA H200, 56, 100 %, 21 %, 142719 MiB, 143771 MiB
2026/08/13 23:12:56.235, NVIDIA H200, 57, 98 %, 36 %, 142719 MiB, 143771 MiB
2026/08/13 23:12:59.235, NVIDIA H200, 58, 100 %, 44 %, 142719 MiB, 143771 MiB
2026/08/13 23:13:02.235, NVIDIA H200, 57, 100 %, 54 %, 142719 MiB, 143771 MiB
2026/08/13 23:13:05.236, NVIDIA H200, 59, 100 %, 47 %, 142719 MiB, 143771 MiB
2026/08/13 23:13:08.236, NVIDIA H200, 54, 98 %, 60 %, 142719 MiB, 143771 MiB
2026/08/13 23:13:11.237, NVIDIA H200, 55, 100 %, 50 %, 142719 MiB, 143771 MiB
2026/08/13 23:13:14.237, NVIDIA H200, 56, 100 %, 44 %, 142719 MiB, 143771 MiB
2026/08/13 23:13:17.238, NVIDIA H200, 52, 100 %, 47 %, 142719 MiB, 143771 MiB
2026/08/13 23:13:20.238, NVIDIA H200, 56, 100 %, 50 %, 142719 MiB, 143771 MiB
2026/08/13 23:13:23.239, NVIDIA H200, 59, 100 %, 56 %, 142719 MiB, 143771 MiB
2026/08/13 23:13:26.239, NVIDIA H200, 56, 100 %, 55 %, 142719 MiB, 143771 MiB
2026/08/13 23:13:29.240, NVIDIA H200, 58, 100 %, 57 %, 142719 MiB, 143771 MiB
2026/08/13 23:13:32.240, NVIDIA H200, 60, 100 %, 43 %, 142719 MiB, 143771 MiB
2026/08/13 23:13:35.241, NVIDIA H200, 54, 99 %, 42 %, 142719 MiB, 143771 MiB
2026/08/13 23:13:38.241, NVIDIA H200, 58, 100 %, 62 %, 142719 MiB, 143771 MiB
2026/08/13 23:13:41.242, NVIDIA H200, 58, 100 %, 56 %, 142719 MiB, 143771 MiB
2026/08/13 23:13:44.242, NVIDIA H200, 61, 100 %, 55 %, 142719 MiB, 143771 MiB
2026/08/13 23:13:47.243, NVIDIA H200, 55, 98 %, 53 %, 142719 MiB, 143771 MiB
2026/08/13 23:13:50.243, NVIDIA H200, 56, 100 %, 50 %, 142719 MiB, 143771 MiB
2026/08/13 23:13:53.244, NVIDIA H200, 30, 0 %, 0 %, 142719 MiB, 143771 MiB
2026/08/13 23:13:56.244, NVIDIA H200, 29, 0 %, 0 %, 142719 MiB, 143771 MiB
2026/08/13 23:13:59.244, NVIDIA H200, 52, 100 %, 54 %, 142719 MiB, 143771 MiB
2026/08/13 23:14:02.245, NVIDIA H200, 29, 0 %, 0 %, 142719 MiB, 143771 MiB
2026/08/13 23:14:05.245, NVIDIA H200, 27, 0 %, 0 %, 142719 MiB, 143771 MiB
2026/08/13 23:14:08.246, NVIDIA H200, 27, 0 %, 0 %, 142719 MiB, 143771 MiB
2026/08/13 23:14:11.246, NVIDIA H200, 27, 0 %, 0 %, 142719 MiB, 143771 MiB
2026/08/13 23:14:14.247, NVIDIA H200, 26, 0 %, 0 %, 142719 MiB, 143771 MiB
2026/08/13 23:14:17.248, NVIDIA H200, 51, 100 %, 65 %, 142719 MiB, 143771 MiB
2026/08/13 23:14:20.248, NVIDIA H200, 43, 0 %, 0 %, 142719 MiB, 143771 MiB
2026/08/13 23:14:23.249, NVIDIA H200, 56, 100 %, 32 %, 142719 MiB, 143771 MiB
2026/08/13 23:14:26.249, NVIDIA H200, 56, 100 %, 58 %, 142719 MiB, 143771 MiB
2026/08/13 23:14:29.250, NVIDIA H200, 55, 100 %, 45 %, 142719 MiB, 143771 MiB
2026/08/13 23:14:32.250, NVIDIA H200, 55, 100 %, 46 %, 142719 MiB, 143771 MiB
2026/08/13 23:14:35.251, NVIDIA H200, 57, 100 %, 39 %, 142719 MiB, 143771 MiB
2026/08/13 23:14:38.251, NVIDIA H200, 54, 97 %, 40 %, 142719 MiB, 143771 MiB
2026/08/13 23:14:41.252, NVIDIA H200, 57, 100 %, 46 %, 142719 MiB, 143771 MiB
2026/08/13 23:14:44.252, NVIDIA H200, 58, 100 %, 54 %, 142719 MiB, 143771 MiB
2026/08/13 23:14:47.253, NVIDIA H200, 60, 100 %, 47 %, 142719 MiB, 143771 MiB
2026/08/13 23:14:50.253, NVIDIA H200, 56, 98 %, 66 %, 142719 MiB, 143771 MiB
2026/08/13 23:14:53.254, NVIDIA H200, 57, 100 %, 57 %, 142719 MiB, 143771 MiB
2026/08/13 23:14:56.255, NVIDIA H200, 55, 100 %, 48 %, 142719 MiB, 143771 MiB
2026/08/13 23:14:59.255, NVIDIA H200, 56, 100 %, 48 %, 142719 MiB, 143771 MiB
2026/08/13 23:15:02.256, NVIDIA H200, 56, 100 %, 58 %, 142719 MiB, 143771 MiB
2026/08/13 23:15:05.256, NVIDIA H200, 56, 100 %, 56 %, 142719 MiB, 143771 MiB
2026/08/13 23:15:08.257, NVIDIA H200, 57, 100 %, 52 %, 142719 MiB, 143771 MiB
2026/08/13 23:15:11.257, NVIDIA H200, 57, 100 %, 56 %, 142719 MiB, 143771 MiB
2026/08/13 23:15:14.258, NVIDIA H200, 60, 100 %, 49 %, 142719 MiB, 143771 MiB
2026/08/13 23:15:17.258, NVIDIA H200, 59, 97 %, 63 %, 142719 MiB, 143771 MiB
2026/08/13 23:15:20.259, NVIDIA H200, 58, 100 %, 49 %, 142719 MiB, 143771 MiB
2026/08/13 23:15:23.259, NVIDIA H200, 55, 100 %, 43 %, 142719 MiB, 143771 MiB
2026/08/13 23:15:26.260, NVIDIA H200, 52, 100 %, 45 %, 142719 MiB, 143771 MiB
2026/08/13 23:15:29.260, NVIDIA H200, 58, 100 %, 41 %, 142719 MiB, 143771 MiB
2026/08/13 23:15:32.261, NVIDIA H200, 59, 100 %, 57 %, 142719 MiB, 143771 MiB
2026/08/13 23:15:35.263, NVIDIA H200, 59, 100 %, 46 %, 142719 MiB, 143771 MiB
2026/08/13 23:15:38.263, NVIDIA H200, 58, 100 %, 51 %, 142719 MiB, 143771 MiB
2026/08/13 23:15:41.264, NVIDIA H200, 59, 100 %, 47 %, 142719 MiB, 143771 MiB
2026/08/13 23:15:44.264, NVIDIA H200, 57, 98 %, 53 %, 142719 MiB, 143771 MiB
2026/08/13 23:15:47.265, NVIDIA H200, 31, 0 %, 0 %, 142719 MiB, 143771 MiB
2026/08/13 23:15:50.265, NVIDIA H200, 33, 0 %, 0 %, 142719 MiB, 143771 MiB
2026/08/13 23:15:53.266, NVIDIA H200, 45, 100 %, 50 %, 142719 MiB, 143771 MiB
2026/08/13 23:15:56.266, NVIDIA H200, 52, 100 %, 53 %, 142719 MiB, 143771 MiB
2026/08/13 23:15:59.267, NVIDIA H200, 29, 0 %, 0 %, 142719 MiB, 143771 MiB
2026/08/13 23:16:02.267, NVIDIA H200, 27, 0 %, 0 %, 142719 MiB, 143771 MiB
2026/08/13 23:16:05.268, NVIDIA H200, 27, 0 %, 0 %, 142719 MiB, 143771 MiB
2026/08/13 23:16:08.268, NVIDIA H200, 52, 100 %, 53 %, 142719 MiB, 143771 MiB
2026/08/13 23:16:11.269, NVIDIA H200, 56, 100 %, 63 %, 142719 MiB, 143771 MiB
2026/08/13 23:16:14.270, NVIDIA H200, 55, 100 %, 56 %, 142719 MiB, 143771 MiB
2026/08/13 23:16:17.270, NVIDIA H200, 54, 98 %, 53 %, 142719 MiB, 143771 MiB
2026/08/13 23:16:20.271, NVIDIA H200, 55, 100 %, 47 %, 142719 MiB, 143771 MiB
2026/08/13 23:16:23.271, NVIDIA H200, 55, 98 %, 62 %, 142719 MiB, 143771 MiB
2026/08/13 23:16:26.272, NVIDIA H200, 56, 100 %, 57 %, 142719 MiB, 143771 MiB
2026/08/13 23:16:29.272, NVIDIA H200, 56, 100 %, 44 %, 142719 MiB, 143771 MiB
2026/08/13 23:16:32.273, NVIDIA H200, 58, 98 %, 46 %, 142719 MiB, 143771 MiB
2026/08/13 23:16:35.273, NVIDIA H200, 57, 100 %, 47 %, 142719 MiB, 143771 MiB
2026/08/13 23:16:38.273, NVIDIA H200, 57, 100 %, 57 %, 142719 MiB, 143771 MiB
2026/08/13 23:16:41.274, NVIDIA H200, 59, 100 %, 44 %, 142719 MiB, 143771 MiB
2026/08/13 23:16:44.274, NVIDIA H200, 55, 100 %, 51 %, 142719 MiB, 143771 MiB
2026/08/13 23:16:47.275, NVIDIA H200, 56, 100 %, 48 %, 142719 MiB, 143771 MiB
2026/08/13 23:16:50.275, NVIDIA H200, 57, 98 %, 55 %, 142719 MiB, 143771 MiB
2026/08/13 23:16:53.276, NVIDIA H200, 52, 100 %, 55 %, 142719 MiB, 143771 MiB
2026/08/13 23:16:56.276, NVIDIA H200, 56, 100 %, 45 %, 142719 MiB, 143771 MiB
2026/08/13 23:16:59.276, NVIDIA H200, 59, 99 %, 44 %, 142719 MiB, 143771 MiB
2026/08/13 23:17:02.277, NVIDIA H200, 61, 100 %, 65 %, 142719 MiB, 143771 MiB
2026/08/13 23:17:05.277, NVIDIA H200, 58, 100 %, 55 %, 142719 MiB, 143771 MiB
2026/08/13 23:17:08.278, NVIDIA H200, 59, 100 %, 52 %, 142719 MiB, 143771 MiB
2026/08/13 23:17:11.278, NVIDIA H200, 55, 100 %, 56 %, 142719 MiB, 143771 MiB
2026/08/13 23:17:14.279, NVIDIA H200, 57, 100 %, 53 %, 142719 MiB, 143771 MiB
2026/08/13 23:17:17.279, NVIDIA H200, 58, 99 %, 55 %, 142719 MiB, 143771 MiB
2026/08/13 23:17:20.280, NVIDIA H200, 55, 100 %, 46 %, 142719 MiB, 143771 MiB
2026/08/13 23:17:23.280, NVIDIA H200, 58, 100 %, 21 %, 142719 MiB, 143771 MiB
2026/08/13 23:17:26.281, NVIDIA H200, 58, 99 %, 39 %, 142719 MiB, 143771 MiB
2026/08/13 23:17:29.281, NVIDIA H200, 61, 100 %, 37 %, 142719 MiB, 143771 MiB
2026/08/13 23:17:32.281, NVIDIA H200, 55, 100 %, 58 %, 142719 MiB, 143771 MiB
2026/08/13 23:17:35.282, NVIDIA H200, 56, 100 %, 47 %, 142719 MiB, 143771 MiB
2026/08/13 23:17:38.282, NVIDIA H200, 30, 0 %, 0 %, 142719 MiB, 143771 MiB
2026/08/13 23:17:41.283, NVIDIA H200, 30, 0 %, 0 %, 142719 MiB, 143771 MiB
2026/08/13 23:17:44.284, NVIDIA H200, 38, 57 %, 30 %, 142719 MiB, 143771 MiB
2026/08/13 23:17:47.284, NVIDIA H200, 31, 0 %, 0 %, 142719 MiB, 143771 MiB
2026/08/13 23:17:50.284, NVIDIA H200, 28, 0 %, 0 %, 142719 MiB, 143771 MiB
2026/08/13 23:17:53.285, NVIDIA H200, 42, 100 %, 58 %, 142719 MiB, 143771 MiB
2026/08/13 23:17:56.285, NVIDIA H200, 43, 25 %, 0 %, 142719 MiB, 143771 MiB
2026/08/13 23:17:59.286, NVIDIA H200, 55, 100 %, 47 %, 142719 MiB, 143771 MiB
2026/08/13 23:18:02.287, NVIDIA H200, 51, 100 %, 55 %, 142719 MiB, 143771 MiB
2026/08/13 23:18:05.287, NVIDIA H200, 46, 46 %, 30 %, 142719 MiB, 143771 MiB
2026/08/13 23:18:08.288, NVIDIA H200, 58, 100 %, 46 %, 142719 MiB, 143771 MiB
2026/08/13 23:18:11.288, NVIDIA H200, 57, 97 %, 33 %, 142719 MiB, 143771 MiB
2026/08/13 23:18:14.289, NVIDIA H200, 60, 100 %, 54 %, 142719 MiB, 143771 MiB
2026/08/13 23:18:17.289, NVIDIA H200, 55, 100 %, 50 %, 142719 MiB, 143771 MiB
2026/08/13 23:18:20.290, NVIDIA H200, 57, 100 %, 44 %, 142719 MiB, 143771 MiB
2026/08/13 23:18:23.290, NVIDIA H200, 55, 99 %, 49 %, 142719 MiB, 143771 MiB
2026/08/13 23:18:26.290, NVIDIA H200, 56, 100 %, 51 %, 142719 MiB, 143771 MiB
2026/08/13 23:18:29.291, NVIDIA H200, 57, 100 %, 50 %, 142719 MiB, 143771 MiB
2026/08/13 23:18:32.291, NVIDIA H200, 56, 100 %, 51 %, 142719 MiB, 143771 MiB
2026/08/13 23:18:35.292, NVIDIA H200, 57, 100 %, 51 %, 142719 MiB, 143771 MiB
2026/08/13 23:18:38.292, NVIDIA H200, 57, 100 %, 52 %, 142719 MiB, 143771 MiB
2026/08/13 23:18:41.293, NVIDIA H200, 60, 100 %, 44 %, 142719 MiB, 143771 MiB
2026/08/13 23:18:44.293, NVIDIA H200, 54, 98 %, 57 %, 142719 MiB, 143771 MiB
2026/08/13 23:18:47.294, NVIDIA H200, 55, 100 %, 48 %, 142719 MiB, 143771 MiB
2026/08/13 23:18:50.294, NVIDIA H200, 56, 100 %, 45 %, 142719 MiB, 143771 MiB
2026/08/13 23:18:53.295, NVIDIA H200, 52, 100 %, 46 %, 142719 MiB, 143771 MiB
2026/08/13 23:18:56.295, NVIDIA H200, 58, 100 %, 38 %, 142719 MiB, 143771 MiB
2026/08/13 23:18:59.296, NVIDIA H200, 57, 100 %, 44 %, 142719 MiB, 143771 MiB
2026/08/13 23:19:02.296, NVIDIA H200, 58, 100 %, 66 %, 142719 MiB, 143771 MiB
2026/08/13 23:19:05.297, NVIDIA H200, 57, 100 %, 53 %, 142719 MiB, 143771 MiB
2026/08/13 23:19:08.297, NVIDIA H200, 62, 100 %, 54 %, 142719 MiB, 143771 MiB
2026/08/13 23:19:11.298, NVIDIA H200, 55, 99 %, 52 %, 142719 MiB, 143771 MiB
2026/08/13 23:19:14.298, NVIDIA H200, 56, 100 %, 52 %, 142719 MiB, 143771 MiB
2026/08/13 23:19:17.299, NVIDIA H200, 56, 100 %, 49 %, 142719 MiB, 143771 MiB
2026/08/13 23:19:20.299, NVIDIA H200, 56, 100 %, 51 %, 142719 MiB, 143771 MiB
2026/08/13 23:19:23.299, NVIDIA H200, 57, 100 %, 35 %, 142719 MiB, 143771 MiB
2026/08/13 23:19:26.300, NVIDIA H200, 33, 0 %, 0 %, 142719 MiB, 143771 MiB
2026/08/13 23:19:29.301, NVIDIA H200, 29, 0 %, 0 %, 142719 MiB, 143771 MiB
2026/08/13 23:19:32.301, NVIDIA H200, 28, 0 %, 0 %, 142719 MiB, 143771 MiB
2026/08/13 23:19:35.301, NVIDIA H200, 48, 100 %, 58 %, 142719 MiB, 143771 MiB
2026/08/13 23:19:38.302, NVIDIA H200, 30, 0 %, 0 %, 142719 MiB, 143771 MiB
2026/08/13 23:19:41.303, NVIDIA H200, 27, 0 %, 0 %, 142719 MiB, 143771 MiB
2026/08/13 23:19:44.303, NVIDIA H200, 31, 0 %, 0 %, 142719 MiB, 143771 MiB
2026/08/13 23:19:47.304, NVIDIA H200, 50, 100 %, 50 %, 142719 MiB, 143771 MiB
2026/08/13 23:19:50.304, NVIDIA H200, 55, 100 %, 49 %, 142719 MiB, 143771 MiB
2026/08/13 23:19:53.305, NVIDIA H200, 48, 78 %, 42 %, 142719 MiB, 143771 MiB
2026/08/13 23:19:56.305, NVIDIA H200, 56, 100 %, 34 %, 142719 MiB, 143771 MiB
2026/08/13 23:19:59.305, NVIDIA H200, 59, 100 %, 51 %, 142719 MiB, 143771 MiB
2026/08/13 23:20:02.306, NVIDIA H200, 59, 100 %, 45 %, 142719 MiB, 143771 MiB
2026/08/13 23:20:05.306, NVIDIA H200, 56, 100 %, 56 %, 142719 MiB, 143771 MiB
2026/08/13 23:20:08.307, NVIDIA H200, 57, 100 %, 47 %, 142719 MiB, 143771 MiB
2026/08/13 23:20:11.308, NVIDIA H200, 54, 98 %, 73 %, 142719 MiB, 143771 MiB
2026/08/13 23:20:14.309, NVIDIA H200, 52, 100 %, 59 %, 142719 MiB, 143771 MiB
2026/08/13 23:20:17.309, NVIDIA H200, 54, 96 %, 61 %, 142719 MiB, 143771 MiB
2026/08/13 23:20:20.310, NVIDIA H200, 56, 100 %, 55 %, 142719 MiB, 143771 MiB
2026/08/13 23:20:23.310, NVIDIA H200, 56, 100 %, 44 %, 142719 MiB, 143771 MiB
2026/08/13 23:20:26.311, NVIDIA H200, 58, 98 %, 47 %, 142719 MiB, 143771 MiB
2026/08/13 23:20:29.311, NVIDIA H200, 58, 100 %, 42 %, 142719 MiB, 143771 MiB
2026/08/13 23:20:32.311, NVIDIA H200, 57, 100 %, 59 %, 142719 MiB, 143771 MiB
2026/08/13 23:20:35.312, NVIDIA H200, 59, 100 %, 48 %, 142719 MiB, 143771 MiB
2026/08/13 23:20:38.313, NVIDIA H200, 54, 100 %, 50 %, 142719 MiB, 143771 MiB
2026/08/13 23:20:41.313, NVIDIA H200, 55, 100 %, 44 %, 142719 MiB, 143771 MiB
2026/08/13 23:20:44.314, NVIDIA H200, 57, 98 %, 62 %, 142719 MiB, 143771 MiB
2026/08/13 23:20:47.314, NVIDIA H200, 53, 100 %, 57 %, 142719 MiB, 143771 MiB
2026/08/13 23:20:50.315, NVIDIA H200, 56, 100 %, 46 %, 142719 MiB, 143771 MiB
2026/08/13 23:20:53.315, NVIDIA H200, 59, 98 %, 45 %, 142719 MiB, 143771 MiB
2026/08/13 23:20:56.316, NVIDIA H200, 61, 100 %, 64 %, 142719 MiB, 143771 MiB
2026/08/13 23:20:59.316, NVIDIA H200, 58, 100 %, 52 %, 142719 MiB, 143771 MiB
2026/08/13 23:21:02.317, NVIDIA H200, 59, 100 %, 54 %, 142719 MiB, 143771 MiB
2026/08/13 23:21:05.317, NVIDIA H200, 56, 99 %, 53 %, 142719 MiB, 143771 MiB
2026/08/13 23:21:08.318, NVIDIA H200, 57, 100 %, 53 %, 142719 MiB, 143771 MiB
2026/08/13 23:21:11.318, NVIDIA H200, 58, 100 %, 48 %, 142719 MiB, 143771 MiB
2026/08/13 23:21:14.319, NVIDIA H200, 56, 100 %, 49 %, 142719 MiB, 143771 MiB
2026/08/13 23:21:17.320, NVIDIA H200, 30, 0 %, 0 %, 142719 MiB, 143771 MiB
2026/08/13 23:21:20.320, NVIDIA H200, 29, 0 %, 0 %, 142719 MiB, 143771 MiB
2026/08/13 23:21:23.321, NVIDIA H200, 43, 100 %, 51 %, 142719 MiB, 143771 MiB
2026/08/13 23:21:26.321, NVIDIA H200, 33, 0 %, 0 %, 142719 MiB, 143771 MiB
2026/08/13 23:21:29.322, NVIDIA H200, 28, 0 %, 0 %, 142719 MiB, 143771 MiB
2026/08/13 23:21:32.322, NVIDIA H200, 27, 0 %, 0 %, 142719 MiB, 143771 MiB
2026/08/13 23:21:35.323, NVIDIA H200, 46, 99 %, 54 %, 142719 MiB, 143771 MiB
2026/08/13 23:21:38.323, NVIDIA H200, 53, 100 %, 51 %, 142719 MiB, 143771 MiB
2026/08/13 23:21:41.324, NVIDIA H200, 52, 100 %, 49 %, 142719 MiB, 143771 MiB
2026/08/13 23:21:44.324, NVIDIA H200, 55, 100 %, 52 %, 142719 MiB, 143771 MiB
2026/08/13 23:21:47.325, NVIDIA H200, 57, 99 %, 54 %, 142719 MiB, 143771 MiB
2026/08/13 23:21:50.326, NVIDIA H200, 55, 100 %, 47 %, 142719 MiB, 143771 MiB
2026/08/13 23:21:53.326, NVIDIA H200, 57, 100 %, 25 %, 142719 MiB, 143771 MiB
2026/08/13 23:21:56.327, NVIDIA H200, 58, 90 %, 27 %, 142719 MiB, 143771 MiB
2026/08/13 23:21:59.327, NVIDIA H200, 59, 100 %, 63 %, 142719 MiB, 143771 MiB
2026/08/13 23:22:02.328, NVIDIA H200, 57, 100 %, 56 %, 142719 MiB, 143771 MiB
2026/08/13 23:22:05.328, NVIDIA H200, 58, 100 %, 50 %, 142719 MiB, 143771 MiB
2026/08/13 23:22:08.329, NVIDIA H200, 57, 100 %, 56 %, 142719 MiB, 143771 MiB
2026/08/13 23:22:11.329, NVIDIA H200, 58, 100 %, 39 %, 142719 MiB, 143771 MiB
2026/08/13 23:22:14.330, NVIDIA H200, 55, 100 %, 50 %, 142719 MiB, 143771 MiB
2026/08/13 23:22:17.330, NVIDIA H200, 56, 100 %, 53 %, 142719 MiB, 143771 MiB
2026/08/13 23:22:20.331, NVIDIA H200, 57, 99 %, 55 %, 142719 MiB, 143771 MiB
2026/08/13 23:22:23.331, NVIDIA H200, 55, 100 %, 49 %, 142719 MiB, 143771 MiB
2026/08/13 23:22:26.332, NVIDIA H200, 57, 100 %, 30 %, 142719 MiB, 143771 MiB
2026/08/13 23:22:29.332, NVIDIA H200, 58, 99 %, 34 %, 142719 MiB, 143771 MiB
2026/08/13 23:22:32.333, NVIDIA H200, 61, 100 %, 52 %, 142719 MiB, 143771 MiB
2026/08/13 23:22:35.333, NVIDIA H200, 56, 100 %, 51 %, 142719 MiB, 143771 MiB
2026/08/13 23:22:38.334, NVIDIA H200, 57, 100 %, 46 %, 142719 MiB, 143771 MiB
2026/08/13 23:22:41.334, NVIDIA H200, 55, 99 %, 49 %, 142719 MiB, 143771 MiB
2026/08/13 23:22:44.335, NVIDIA H200, 56, 100 %, 46 %, 142719 MiB, 143771 MiB
2026/08/13 23:22:47.335, NVIDIA H200, 54, 100 %, 50 %, 142719 MiB, 143771 MiB
2026/08/13 23:22:50.336, NVIDIA H200, 56, 100 %, 52 %, 142719 MiB, 143771 MiB
2026/08/13 23:22:53.336, NVIDIA H200, 58, 98 %, 55 %, 142719 MiB, 143771 MiB
2026/08/13 23:22:56.337, NVIDIA H200, 55, 100 %, 49 %, 142719 MiB, 143771 MiB
2026/08/13 23:22:59.338, NVIDIA H200, 58, 100 %, 29 %, 142719 MiB, 143771 MiB
2026/08/13 23:23:02.338, NVIDIA H200, 58, 98 %, 32 %, 142719 MiB, 143771 MiB
2026/08/13 23:23:05.341, NVIDIA H200, 36, 0 %, 0 %, 142719 MiB, 143771 MiB
2026/08/13 23:23:08.341, NVIDIA H200, 29, 0 %, 0 %, 142719 MiB, 143771 MiB
2026/08/13 23:23:11.342, NVIDIA H200, 28, 0 %, 0 %, 142719 MiB, 143771 MiB
2026/08/13 23:23:14.342, NVIDIA H200, 52, 100 %, 58 %, 142719 MiB, 143771 MiB
2026/08/13 23:23:17.343, NVIDIA H200, 29, 0 %, 0 %, 142719 MiB, 143771 MiB
2026/08/13 23:23:20.344, NVIDIA H200, 27, 0 %, 0 %, 142719 MiB, 143771 MiB
2026/08/13 23:23:23.344, NVIDIA H200, 27, 0 %, 0 %, 142719 MiB, 143771 MiB
2026/08/13 23:23:26.345, NVIDIA H200, 27, 0 %, 0 %, 142719 MiB, 143771 MiB
2026/08/13 23:23:29.345, NVIDIA H200, 26, 0 %, 0 %, 142719 MiB, 143771 MiB
2026/08/13 23:23:32.346, NVIDIA H200, 49, 99 %, 52 %, 142719 MiB, 143771 MiB
2026/08/13 23:23:35.347, NVIDIA H200, 53, 100 %, 57 %, 142719 MiB, 143771 MiB
2026/08/13 23:23:38.348, NVIDIA H200, 51, 98 %, 62 %, 142719 MiB, 143771 MiB
2026/08/13 23:23:41.348, NVIDIA H200, 54, 100 %, 57 %, 142719 MiB, 143771 MiB
2026/08/13 23:23:44.348, NVIDIA H200, 52, 50 %, 6 %, 142719 MiB, 143771 MiB
2026/08/13 23:23:47.349, NVIDIA H200, 54, 100 %, 52 %, 142719 MiB, 143771 MiB
2026/08/13 23:23:50.350, NVIDIA H200, 54, 100 %, 48 %, 142719 MiB, 143771 MiB
2026/08/13 23:23:53.350, NVIDIA H200, 55, 100 %, 57 %, 142719 MiB, 143771 MiB
2026/08/13 23:23:56.351, NVIDIA H200, 56, 100 %, 48 %, 142719 MiB, 143771 MiB
2026/08/13 23:23:59.351, NVIDIA H200, 55, 100 %, 49 %, 142719 MiB, 143771 MiB
2026/08/13 23:24:02.351, NVIDIA H200, 55, 100 %, 55 %, 142719 MiB, 143771 MiB
2026/08/13 23:24:05.352, NVIDIA H200, 58, 100 %, 45 %, 142719 MiB, 143771 MiB
2026/08/13 23:24:08.352, NVIDIA H200, 56, 100 %, 55 %, 142719 MiB, 143771 MiB
2026/08/13 23:24:11.353, NVIDIA H200, 57, 100 %, 49 %, 142719 MiB, 143771 MiB
2026/08/13 23:24:14.353, NVIDIA H200, 56, 100 %, 61 %, 142719 MiB, 143771 MiB
2026/08/13 23:24:17.354, NVIDIA H200, 60, 100 %, 48 %, 142719 MiB, 143771 MiB
2026/08/13 23:24:20.354, NVIDIA H200, 55, 99 %, 50 %, 142719 MiB, 143771 MiB
2026/08/13 23:24:23.354, NVIDIA H200, 59, 100 %, 47 %, 142719 MiB, 143771 MiB
2026/08/13 23:24:26.355, NVIDIA H200, 55, 100 %, 56 %, 142719 MiB, 143771 MiB
2026/08/13 23:24:29.355, NVIDIA H200, 55, 100 %, 51 %, 142719 MiB, 143771 MiB
2026/08/13 23:24:32.356, NVIDIA H200, 55, 100 %, 48 %, 142719 MiB, 143771 MiB
2026/08/13 23:24:35.359, NVIDIA H200, 55, 98 %, 64 %, 142719 MiB, 143771 MiB
2026/08/13 23:24:38.359, NVIDIA H200, 53, 100 %, 37 %, 142719 MiB, 143771 MiB
2026/08/13 23:24:41.360, NVIDIA H200, 56, 100 %, 57 %, 142719 MiB, 143771 MiB
2026/08/13 23:24:44.360, NVIDIA H200, 44, 0 %, 0 %, 142719 MiB, 143771 MiB
2026/08/13 23:24:47.361, NVIDIA H200, 56, 100 %, 57 %, 142719 MiB, 143771 MiB
2026/08/13 23:24:50.361, NVIDIA H200, 55, 100 %, 48 %, 142719 MiB, 143771 MiB
2026/08/13 23:24:53.362, NVIDIA H200, 57, 100 %, 26 %, 142719 MiB, 143771 MiB
2026/08/13 23:24:56.362, NVIDIA H200, 58, 98 %, 35 %, 142719 MiB, 143771 MiB
2026/08/13 23:24:59.362, NVIDIA H200, 61, 100 %, 48 %, 142719 MiB, 143771 MiB
2026/08/13 23:25:02.363, NVIDIA H200, 55, 100 %, 54 %, 142719 MiB, 143771 MiB
2026/08/13 23:25:05.366, NVIDIA H200, 35, 0 %, 0 %, 142719 MiB, 143771 MiB
2026/08/13 23:25:08.366, NVIDIA H200, 29, 0 %, 0 %, 142719 MiB, 143771 MiB
2026/08/13 23:25:11.367, NVIDIA H200, 45, 100 %, 55 %, 142719 MiB, 143771 MiB
2026/08/13 23:25:14.367, NVIDIA H200, 52, 100 %, 54 %, 142719 MiB, 143771 MiB
2026/08/13 23:25:17.368, NVIDIA H200, 28, 0 %, 0 %, 142719 MiB, 143771 MiB
2026/08/13 23:25:20.368, NVIDIA H200, 27, 0 %, 0 %, 142719 MiB, 143771 MiB
2026/08/13 23:25:23.369, NVIDIA H200, 45, 83 %, 31 %, 142719 MiB, 143771 MiB
2026/08/13 23:25:26.369, NVIDIA H200, 58, 100 %, 46 %, 142719 MiB, 143771 MiB
2026/08/13 23:25:29.370, NVIDIA H200, 57, 98 %, 35 %, 142719 MiB, 143771 MiB
2026/08/13 23:25:32.370, NVIDIA H200, 54, 100 %, 44 %, 142719 MiB, 143771 MiB
2026/08/13 23:25:35.372, NVIDIA H200, 55, 100 %, 53 %, 142719 MiB, 143771 MiB
2026/08/13 23:25:38.372, NVIDIA H200, 57, 100 %, 31 %, 142719 MiB, 143771 MiB
2026/08/13 23:25:41.373, NVIDIA H200, 57, 100 %, 47 %, 142719 MiB, 143771 MiB
2026/08/13 23:25:44.373, NVIDIA H200, 59, 100 %, 44 %, 142719 MiB, 143771 MiB
2026/08/13 23:25:47.374, NVIDIA H200, 49, 100 %, 60 %, 142719 MiB, 143771 MiB
2026/08/13 23:25:50.374, NVIDIA H200, 53, 100 %, 52 %, 142719 MiB, 143771 MiB
2026/08/13 23:25:53.375, NVIDIA H200, 55, 100 %, 48 %, 142719 MiB, 143771 MiB
2026/08/13 23:25:56.375, NVIDIA H200, 54, 98 %, 68 %, 142719 MiB, 143771 MiB
2026/08/13 23:25:59.376, NVIDIA H200, 56, 100 %, 48 %, 142719 MiB, 143771 MiB
2026/08/13 23:26:02.376, NVIDIA H200, 55, 100 %, 56 %, 142719 MiB, 143771 MiB
2026/08/13 23:26:05.378, NVIDIA H200, 57, 100 %, 53 %, 142719 MiB, 143771 MiB
2026/08/13 23:26:08.378, NVIDIA H200, 57, 100 %, 51 %, 142719 MiB, 143771 MiB
2026/08/13 23:26:11.379, NVIDIA H200, 59, 100 %, 46 %, 142719 MiB, 143771 MiB
2026/08/13 23:26:14.379, NVIDIA H200, 58, 100 %, 50 %, 142719 MiB, 143771 MiB
2026/08/13 23:26:17.380, NVIDIA H200, 51, 97 %, 54 %, 142719 MiB, 143771 MiB
2026/08/13 23:26:20.380, NVIDIA H200, 54, 100 %, 50 %, 142719 MiB, 143771 MiB
2026/08/13 23:26:23.380, NVIDIA H200, 58, 100 %, 45 %, 142719 MiB, 143771 MiB
2026/08/13 23:26:26.381, NVIDIA H200, 57, 100 %, 56 %, 142719 MiB, 143771 MiB
2026/08/13 23:26:29.381, NVIDIA H200, 54, 100 %, 48 %, 142719 MiB, 143771 MiB
2026/08/13 23:26:32.382, NVIDIA H200, 56, 100 %, 53 %, 142719 MiB, 143771 MiB
2026/08/13 23:26:35.382, NVIDIA H200, 52, 98 %, 56 %, 142719 MiB, 143771 MiB
2026/08/13 23:26:38.383, NVIDIA H200, 59, 100 %, 46 %, 142719 MiB, 143771 MiB
2026/08/13 23:26:41.383, NVIDIA H200, 54, 98 %, 63 %, 142719 MiB, 143771 MiB
2026/08/13 23:26:44.384, NVIDIA H200, 56, 100 %, 56 %, 142719 MiB, 143771 MiB
2026/08/13 23:26:47.384, NVIDIA H200, 57, 100 %, 44 %, 142719 MiB, 143771 MiB
2026/08/13 23:26:50.385, NVIDIA H200, 52, 99 %, 46 %, 142719 MiB, 143771 MiB
2026/08/13 23:26:53.385, NVIDIA H200, 56, 100 %, 49 %, 142719 MiB, 143771 MiB
2026/08/13 23:26:56.386, NVIDIA H200, 33, 0 %, 0 %, 142719 MiB, 143771 MiB
2026/08/13 23:26:59.386, NVIDIA H200, 29, 0 %, 0 %, 142719 MiB, 143771 MiB
2026/08/13 23:27:02.386, NVIDIA H200, 28, 0 %, 0 %, 142719 MiB, 143771 MiB
2026/08/13 23:27:05.387, NVIDIA H200, 50, 91 %, 31 %, 142719 MiB, 143771 MiB
2026/08/13 23:27:08.387, NVIDIA H200, 29, 0 %, 0 %, 142719 MiB, 143771 MiB
2026/08/13 23:27:11.388, NVIDIA H200, 48, 100 %, 49 %, 142719 MiB, 143771 MiB
2026/08/13 23:27:14.388, NVIDIA H200, 53, 100 %, 33 %, 142719 MiB, 143771 MiB
2026/08/13 23:27:17.389, NVIDIA H200, 53, 100 %, 59 %, 142719 MiB, 143771 MiB
2026/08/13 23:27:20.390, NVIDIA H200, 52, 98 %, 62 %, 142719 MiB, 143771 MiB
2026/08/13 23:27:23.390, NVIDIA H200, 58, 100 %, 47 %, 142719 MiB, 143771 MiB
2026/08/13 23:27:26.391, NVIDIA H200, 57, 100 %, 55 %, 142719 MiB, 143771 MiB
2026/08/13 23:27:29.391, NVIDIA H200, 57, 100 %, 53 %, 142719 MiB, 143771 MiB
2026/08/13 23:27:32.392, NVIDIA H200, 53, 100 %, 57 %, 142719 MiB, 143771 MiB
2026/08/13 23:27:35.392, NVIDIA H200, 54, 100 %, 54 %, 142719 MiB, 143771 MiB
2026/08/13 23:27:38.393, NVIDIA H200, 57, 100 %, 50 %, 142719 MiB, 143771 MiB
2026/08/13 23:27:41.393, NVIDIA H200, 54, 100 %, 49 %, 142719 MiB, 143771 MiB
2026/08/13 23:27:44.394, NVIDIA H200, 55, 100 %, 51 %, 142719 MiB, 143771 MiB
2026/08/13 23:27:47.394, NVIDIA H200, 56, 100 %, 21 %, 142719 MiB, 143771 MiB
2026/08/13 23:27:50.395, NVIDIA H200, 57, 99 %, 37 %, 142719 MiB, 143771 MiB
2026/08/13 23:27:53.395, NVIDIA H200, 57, 100 %, 46 %, 142719 MiB, 143771 MiB
2026/08/13 23:27:56.396, NVIDIA H200, 57, 100 %, 53 %, 142719 MiB, 143771 MiB
2026/08/13 23:27:59.396, NVIDIA H200, 60, 100 %, 45 %, 142719 MiB, 143771 MiB
2026/08/13 23:28:02.397, NVIDIA H200, 50, 0 %, 0 %, 142719 MiB, 143771 MiB
2026/08/13 23:28:05.397, NVIDIA H200, 57, 100 %, 46 %, 142719 MiB, 143771 MiB
2026/08/13 23:28:08.397, NVIDIA H200, 58, 100 %, 48 %, 142719 MiB, 143771 MiB
2026/08/13 23:28:11.398, NVIDIA H200, 53, 98 %, 70 %, 142719 MiB, 143771 MiB
2026/08/13 23:28:14.399, NVIDIA H200, 55, 100 %, 52 %, 142719 MiB, 143771 MiB
2026/08/13 23:28:17.399, NVIDIA H200, 53, 100 %, 59 %, 142719 MiB, 143771 MiB
2026/08/13 23:28:20.400, NVIDIA H200, 56, 98 %, 64 %, 142719 MiB, 143771 MiB
2026/08/13 23:28:23.400, NVIDIA H200, 58, 100 %, 54 %, 142719 MiB, 143771 MiB
2026/08/13 23:28:26.401, NVIDIA H200, 43, 42 %, 5 %, 142719 MiB, 143771 MiB
2026/08/13 23:28:29.401, NVIDIA H200, 56, 100 %, 62 %, 142719 MiB, 143771 MiB
2026/08/13 23:28:32.402, NVIDIA H200, 57, 100 %, 57 %, 142719 MiB, 143771 MiB
2026/08/13 23:28:35.402, NVIDIA H200, 58, 100 %, 54 %, 142719 MiB, 143771 MiB
2026/08/13 23:28:38.403, NVIDIA H200, 57, 100 %, 55 %, 142719 MiB, 143771 MiB
2026/08/13 23:28:41.403, NVIDIA H200, 60, 100 %, 47 %, 142719 MiB, 143771 MiB
2026/08/13 23:28:44.404, NVIDIA H200, 43, 0 %, 0 %, 142719 MiB, 143771 MiB
2026/08/13 23:28:47.404, NVIDIA H200, 29, 0 %, 0 %, 142719 MiB, 143771 MiB
2026/08/13 23:28:50.405, NVIDIA H200, 28, 0 %, 0 %, 142719 MiB, 143771 MiB
2026/08/13 23:28:53.405, NVIDIA H200, 33, 0 %, 0 %, 142719 MiB, 143771 MiB
2026/08/13 23:28:56.406, NVIDIA H200, 31, 0 %, 0 %, 142719 MiB, 143771 MiB
2026/08/13 23:28:59.406, NVIDIA H200, 28, 0 %, 0 %, 142719 MiB, 143771 MiB
2026/08/13 23:29:02.407, NVIDIA H200, 46, 100 %, 56 %, 142719 MiB, 143771 MiB
2026/08/13 23:29:05.407, NVIDIA H200, 52, 98 %, 65 %, 142719 MiB, 143771 MiB
2026/08/13 23:29:08.408, NVIDIA H200, 57, 100 %, 47 %, 142719 MiB, 143771 MiB
2026/08/13 23:29:11.408, NVIDIA H200, 53, 98 %, 60 %, 142719 MiB, 143771 MiB
2026/08/13 23:29:14.409, NVIDIA H200, 57, 100 %, 58 %, 142719 MiB, 143771 MiB
2026/08/13 23:29:17.409, NVIDIA H200, 49, 99 %, 58 %, 142719 MiB, 143771 MiB
2026/08/13 23:29:20.410, NVIDIA H200, 59, 100 %, 48 %, 142719 MiB, 143771 MiB
2026/08/13 23:29:23.410, NVIDIA H200, 51, 100 %, 63 %, 142719 MiB, 143771 MiB
2026/08/13 23:29:26.411, NVIDIA H200, 59, 100 %, 47 %, 142719 MiB, 143771 MiB
2026/08/13 23:29:29.411, NVIDIA H200, 56, 100 %, 58 %, 142719 MiB, 143771 MiB
2026/08/13 23:29:32.412, NVIDIA H200, 59, 100 %, 47 %, 142719 MiB, 143771 MiB
2026/08/13 23:29:35.412, NVIDIA H200, 57, 100 %, 57 %, 142719 MiB, 143771 MiB
2026/08/13 23:29:38.413, NVIDIA H200, 57, 100 %, 46 %, 142719 MiB, 143771 MiB
2026/08/13 23:29:41.413, NVIDIA H200, 48, 16 %, 12 %, 142719 MiB, 143771 MiB
2026/08/13 23:29:44.413, NVIDIA H200, 55, 100 %, 60 %, 142719 MiB, 143771 MiB
2026/08/13 23:29:47.414, NVIDIA H200, 49, 94 %, 47 %, 142719 MiB, 143771 MiB
2026/08/13 23:29:50.414, NVIDIA H200, 56, 100 %, 21 %, 142719 MiB, 143771 MiB
2026/08/13 23:29:53.415, NVIDIA H200, 57, 98 %, 36 %, 142719 MiB, 143771 MiB
2026/08/13 23:29:56.415, NVIDIA H200, 58, 100 %, 42 %, 142719 MiB, 143771 MiB
2026/08/13 23:29:59.416, NVIDIA H200, 57, 100 %, 58 %, 142719 MiB, 143771 MiB
2026/08/13 23:30:02.416, NVIDIA H200, 59, 100 %, 44 %, 142719 MiB, 143771 MiB
2026/08/13 23:30:05.417, NVIDIA H200, 54, 98 %, 61 %, 142719 MiB, 143771 MiB
2026/08/13 23:30:08.417, NVIDIA H200, 55, 100 %, 48 %, 142719 MiB, 143771 MiB
2026/08/13 23:30:11.418, NVIDIA H200, 56, 100 %, 44 %, 142719 MiB, 143771 MiB
2026/08/13 23:30:14.418, NVIDIA H200, 53, 100 %, 46 %, 142719 MiB, 143771 MiB
2026/08/13 23:30:17.419, NVIDIA H200, 56, 99 %, 52 %, 142719 MiB, 143771 MiB
2026/08/13 23:30:20.419, NVIDIA H200, 57, 100 %, 52 %, 142719 MiB, 143771 MiB
2026/08/13 23:30:23.419, NVIDIA H200, 58, 100 %, 36 %, 142719 MiB, 143771 MiB
2026/08/13 23:30:26.420, NVIDIA H200, 56, 98 %, 35 %, 142719 MiB, 143771 MiB
2026/08/13 23:30:29.420, NVIDIA H200, 57, 100 %, 59 %, 142719 MiB, 143771 MiB
2026/08/13 23:30:32.421, NVIDIA H200, 52, 100 %, 45 %, 142719 MiB, 143771 MiB
2026/08/13 23:30:35.421, NVIDIA H200, 29, 0 %, 0 %, 142719 MiB, 143771 MiB
2026/08/13 23:30:38.422, NVIDIA H200, 29, 0 %, 0 %, 142719 MiB, 143771 MiB
2026/08/13 23:30:41.422, NVIDIA H200, 53, 100 %, 58 %, 142719 MiB, 143771 MiB
2026/08/13 23:30:44.423, NVIDIA H200, 29, 0 %, 0 %, 142719 MiB, 143771 MiB
2026/08/13 23:30:47.423, NVIDIA H200, 27, 0 %, 0 %, 142719 MiB, 143771 MiB
2026/08/13 23:30:50.424, NVIDIA H200, 49, 100 %, 49 %, 142719 MiB, 143771 MiB
2026/08/13 23:30:53.424, NVIDIA H200, 53, 100 %, 48 %, 142719 MiB, 143771 MiB
2026/08/13 23:30:56.425, NVIDIA H200, 53, 100 %, 45 %, 142719 MiB, 143771 MiB
2026/08/13 23:30:59.425, NVIDIA H200, 55, 100 %, 49 %, 142719 MiB, 143771 MiB
2026/08/13 23:31:02.425, NVIDIA H200, 56, 100 %, 22 %, 142719 MiB, 143771 MiB
2026/08/13 23:31:05.426, NVIDIA H200, 56, 97 %, 35 %, 142719 MiB, 143771 MiB
2026/08/13 23:31:08.426, NVIDIA H200, 56, 100 %, 47 %, 142719 MiB, 143771 MiB
2026/08/13 23:31:11.427, NVIDIA H200, 57, 100 %, 53 %, 142719 MiB, 143771 MiB
2026/08/13 23:31:14.427, NVIDIA H200, 60, 100 %, 46 %, 142719 MiB, 143771 MiB
2026/08/13 23:31:17.428, NVIDIA H200, 54, 99 %, 61 %, 142719 MiB, 143771 MiB
2026/08/13 23:31:20.428, NVIDIA H200, 55, 100 %, 56 %, 142719 MiB, 143771 MiB
2026/08/13 23:31:23.429, NVIDIA H200, 56, 100 %, 44 %, 142719 MiB, 143771 MiB
2026/08/13 23:31:26.429, NVIDIA H200, 51, 99 %, 54 %, 142719 MiB, 143771 MiB
2026/08/13 23:31:29.430, NVIDIA H200, 57, 100 %, 46 %, 142719 MiB, 143771 MiB
2026/08/13 23:31:32.430, NVIDIA H200, 59, 100 %, 58 %, 142719 MiB, 143771 MiB
2026/08/13 23:31:35.431, NVIDIA H200, 59, 100 %, 43 %, 142719 MiB, 143771 MiB
2026/08/13 23:31:38.431, NVIDIA H200, 58, 100 %, 48 %, 142719 MiB, 143771 MiB
2026/08/13 23:31:41.432, NVIDIA H200, 58, 100 %, 45 %, 142719 MiB, 143771 MiB
2026/08/13 23:31:44.432, NVIDIA H200, 56, 97 %, 57 %, 142719 MiB, 143771 MiB
2026/08/13 23:31:47.433, NVIDIA H200, 57, 100 %, 58 %, 142719 MiB, 143771 MiB
2026/08/13 23:31:50.433, NVIDIA H200, 58, 100 %, 48 %, 142719 MiB, 143771 MiB
2026/08/13 23:31:53.434, NVIDIA H200, 55, 98 %, 42 %, 142719 MiB, 143771 MiB
2026/08/13 23:31:56.434, NVIDIA H200, 58, 100 %, 61 %, 142719 MiB, 143771 MiB
2026/08/13 23:31:59.434, NVIDIA H200, 58, 100 %, 55 %, 142719 MiB, 143771 MiB
2026/08/13 23:32:02.435, NVIDIA H200, 60, 100 %, 50 %, 142719 MiB, 143771 MiB
2026/08/13 23:32:05.438, NVIDIA H200, 57, 100 %, 57 %, 142719 MiB, 143771 MiB
2026/08/13 23:32:08.438, NVIDIA H200, 59, 100 %, 46 %, 142719 MiB, 143771 MiB
2026/08/13 23:32:11.439, NVIDIA H200, 54, 98 %, 63 %, 142719 MiB, 143771 MiB
2026/08/13 23:32:14.439, NVIDIA H200, 55, 100 %, 55 %, 142719 MiB, 143771 MiB
2026/08/13 23:32:17.440, NVIDIA H200, 57, 100 %, 47 %, 142719 MiB, 143771 MiB
2026/08/13 23:32:20.440, NVIDIA H200, 33, 0 %, 0 %, 142719 MiB, 143771 MiB
2026/08/13 23:32:23.441, NVIDIA H200, 28, 0 %, 0 %, 142719 MiB, 143771 MiB
2026/08/13 23:32:26.441, NVIDIA H200, 29, 0 %, 0 %, 142719 MiB, 143771 MiB
2026/08/13 23:32:29.442, NVIDIA H200, 53, 56 %, 27 %, 142719 MiB, 143771 MiB
2026/08/13 23:32:32.442, NVIDIA H200, 28, 0 %, 0 %, 142719 MiB, 143771 MiB
2026/08/13 23:32:35.442, NVIDIA H200, 27, 0 %, 0 %, 142719 MiB, 143771 MiB
2026/08/13 23:32:38.443, NVIDIA H200, 27, 0 %, 0 %, 142719 MiB, 143771 MiB
2026/08/13 23:32:41.443, NVIDIA H200, 26, 0 %, 0 %, 142719 MiB, 143771 MiB
2026/08/13 23:32:44.444, NVIDIA H200, 44, 98 %, 60 %, 142719 MiB, 143771 MiB
2026/08/13 23:32:47.444, NVIDIA H200, 54, 100 %, 45 %, 142719 MiB, 143771 MiB
2026/08/13 23:32:50.445, NVIDIA H200, 52, 99 %, 54 %, 142719 MiB, 143771 MiB
2026/08/13 23:32:53.445, NVIDIA H200, 52, 100 %, 41 %, 142719 MiB, 143771 MiB
2026/08/13 23:32:56.446, NVIDIA H200, 54, 74 %, 40 %, 142719 MiB, 143771 MiB
2026/08/13 23:32:59.446, NVIDIA H200, 47, 98 %, 52 %, 142719 MiB, 143771 MiB
2026/08/13 23:33:02.447, NVIDIA H200, 56, 100 %, 55 %, 142719 MiB, 143771 MiB
2026/08/13 23:33:05.447, NVIDIA H200, 55, 100 %, 41 %, 142719 MiB, 143771 MiB
2026/08/13 23:33:08.448, NVIDIA H200, 56, 99 %, 40 %, 142719 MiB, 143771 MiB
2026/08/13 23:33:11.448, NVIDIA H200, 55, 100 %, 55 %, 142719 MiB, 143771 MiB
2026/08/13 23:33:14.449, NVIDIA H200, 43, 94 %, 37 %, 142719 MiB, 143771 MiB
2026/08/13 23:33:17.449, NVIDIA H200, 56, 100 %, 48 %, 142719 MiB, 143771 MiB
2026/08/13 23:33:20.450, NVIDIA H200, 58, 100 %, 54 %, 142719 MiB, 143771 MiB
2026/08/13 23:33:23.450, NVIDIA H200, 58, 100 %, 44 %, 142719 MiB, 143771 MiB
2026/08/13 23:33:26.451, NVIDIA H200, 56, 98 %, 49 %, 142719 MiB, 143771 MiB
2026/08/13 23:33:29.451, NVIDIA H200, 58, 100 %, 52 %, 142719 MiB, 143771 MiB
2026/08/13 23:33:32.452, NVIDIA H200, 55, 100 %, 49 %, 142719 MiB, 143771 MiB
2026/08/13 23:33:35.452, NVIDIA H200, 55, 100 %, 48 %, 142719 MiB, 143771 MiB
2026/08/13 23:33:38.453, NVIDIA H200, 57, 100 %, 33 %, 142719 MiB, 143771 MiB
2026/08/13 23:33:41.453, NVIDIA H200, 53, 100 %, 52 %, 142719 MiB, 143771 MiB
2026/08/13 23:33:44.454, NVIDIA H200, 57, 100 %, 46 %, 142719 MiB, 143771 MiB
2026/08/13 23:33:47.454, NVIDIA H200, 58, 100 %, 55 %, 142719 MiB, 143771 MiB
2026/08/13 23:33:50.455, NVIDIA H200, 61, 100 %, 48 %, 142719 MiB, 143771 MiB
2026/08/13 23:33:53.456, NVIDIA H200, 56, 98 %, 73 %, 142719 MiB, 143771 MiB
2026/08/13 23:33:56.456, NVIDIA H200, 54, 100 %, 45 %, 142719 MiB, 143771 MiB
2026/08/13 23:33:59.457, NVIDIA H200, 52, 100 %, 48 %, 142719 MiB, 143771 MiB
2026/08/13 23:34:02.457, NVIDIA H200, 56, 100 %, 41 %, 142719 MiB, 143771 MiB
2026/08/13 23:34:05.457, NVIDIA H200, 59, 100 %, 61 %, 142719 MiB, 143771 MiB
2026/08/13 23:34:08.458, NVIDIA H200, 60, 100 %, 45 %, 142719 MiB, 143771 MiB
2026/08/13 23:34:11.458, NVIDIA H200, 58, 97 %, 69 %, 142719 MiB, 143771 MiB
2026/08/13 23:34:14.459, NVIDIA H200, 56, 100 %, 56 %, 142719 MiB, 143771 MiB
2026/08/13 23:34:17.459, NVIDIA H200, 30, 0 %, 0 %, 142719 MiB, 143771 MiB
2026/08/13 23:34:20.459, NVIDIA H200, 38, 54 %, 15 %, 142719 MiB, 143771 MiB
2026/08/13 23:34:23.460, NVIDIA H200, 43, 80 %, 26 %, 142719 MiB, 143771 MiB
2026/08/13 23:34:26.460, NVIDIA H200, 30, 0 %, 0 %, 142719 MiB, 143771 MiB
2026/08/13 23:34:29.461, NVIDIA H200, 27, 0 %, 0 %, 142719 MiB, 143771 MiB
2026/08/13 23:34:32.461, NVIDIA H200, 38, 4 %, 0 %, 142719 MiB, 143771 MiB
2026/08/13 23:34:35.462, NVIDIA H200, 46, 100 %, 54 %, 142719 MiB, 143771 MiB
2026/08/13 23:34:38.462, NVIDIA H200, 54, 100 %, 41 %, 142719 MiB, 143771 MiB
2026/08/13 23:34:41.463, NVIDIA H200, 49, 99 %, 47 %, 142719 MiB, 143771 MiB
2026/08/13 23:34:44.464, NVIDIA H200, 50, 98 %, 54 %, 142719 MiB, 143771 MiB
2026/08/13 23:34:47.464, NVIDIA H200, 55, 100 %, 49 %, 142719 MiB, 143771 MiB
2026/08/13 23:34:50.465, NVIDIA H200, 53, 98 %, 56 %, 142719 MiB, 143771 MiB
2026/08/13 23:34:53.465, NVIDIA H200, 57, 100 %, 46 %, 142719 MiB, 143771 MiB
2026/08/13 23:34:56.466, NVIDIA H200, 54, 100 %, 54 %, 142719 MiB, 143771 MiB
2026/08/13 23:34:59.466, NVIDIA H200, 57, 100 %, 52 %, 142719 MiB, 143771 MiB
2026/08/13 23:35:02.466, NVIDIA H200, 57, 100 %, 48 %, 142719 MiB, 143771 MiB
2026/08/13 23:35:05.467, NVIDIA H200, 55, 100 %, 51 %, 142719 MiB, 143771 MiB
2026/08/13 23:35:08.467, NVIDIA H200, 57, 100 %, 21 %, 142719 MiB, 143771 MiB
2026/08/13 23:35:11.468, NVIDIA H200, 58, 98 %, 39 %, 142719 MiB, 143771 MiB
2026/08/13 23:35:14.468, NVIDIA H200, 55, 100 %, 34 %, 142719 MiB, 143771 MiB
2026/08/13 23:35:17.469, NVIDIA H200, 59, 99 %, 40 %, 142719 MiB, 143771 MiB
2026/08/13 23:35:20.470, NVIDIA H200, 57, 100 %, 35 %, 142719 MiB, 143771 MiB
2026/08/13 23:35:23.470, NVIDIA H200, 58, 97 %, 44 %, 142719 MiB, 143771 MiB
2026/08/13 23:35:26.471, NVIDIA H200, 60, 100 %, 62 %, 142719 MiB, 143771 MiB
2026/08/13 23:35:29.471, NVIDIA H200, 58, 70 %, 23 %, 142719 MiB, 143771 MiB
2026/08/13 23:35:32.472, NVIDIA H200, 56, 100 %, 33 %, 142719 MiB, 143771 MiB
2026/08/13 23:35:35.472, NVIDIA H200, 57, 95 %, 35 %, 142719 MiB, 143771 MiB
2026/08/13 23:35:38.473, NVIDIA H200, 61, 100 %, 42 %, 142719 MiB, 143771 MiB
2026/08/13 23:35:41.473, NVIDIA H200, 54, 100 %, 54 %, 142719 MiB, 143771 MiB
2026/08/13 23:35:44.474, NVIDIA H200, 58, 100 %, 48 %, 142719 MiB, 143771 MiB
2026/08/13 23:35:47.474, NVIDIA H200, 56, 99 %, 52 %, 142719 MiB, 143771 MiB
2026/08/13 23:35:50.475, NVIDIA H200, 56, 100 %, 52 %, 142719 MiB, 143771 MiB
2026/08/13 23:35:53.475, NVIDIA H200, 57, 100 %, 52 %, 142719 MiB, 143771 MiB
2026/08/13 23:35:56.476, NVIDIA H200, 56, 100 %, 51 %, 142719 MiB, 143771 MiB
2026/08/13 23:35:59.476, NVIDIA H200, 57, 100 %, 36 %, 142719 MiB, 143771 MiB
2026/08/13 23:36:02.477, NVIDIA H200, 57, 100 %, 52 %, 142719 MiB, 143771 MiB
2026/08/13 23:36:05.477, NVIDIA H200, 31, 0 %, 0 %, 142719 MiB, 143771 MiB
2026/08/13 23:36:08.478, NVIDIA H200, 44, 68 %, 19 %, 142719 MiB, 143771 MiB
2026/08/13 23:36:11.478, NVIDIA H200, 28, 0 %, 0 %, 142719 MiB, 143771 MiB
2026/08/13 23:36:14.479, NVIDIA H200, 45, 44 %, 6 %, 142719 MiB, 143771 MiB
2026/08/13 23:36:17.479, NVIDIA H200, 31, 0 %, 0 %, 142719 MiB, 143771 MiB
2026/08/13 23:36:20.480, NVIDIA H200, 28, 0 %, 0 %, 142719 MiB, 143771 MiB
2026/08/13 23:36:23.480, NVIDIA H200, 27, 0 %, 0 %, 142719 MiB, 143771 MiB
2026/08/13 23:36:26.481, NVIDIA H200, 49, 100 %, 44 %, 142719 MiB, 143771 MiB
2026/08/13 23:36:29.481, NVIDIA H200, 52, 100 %, 55 %, 142719 MiB, 143771 MiB
2026/08/13 23:36:32.482, NVIDIA H200, 54, 100 %, 47 %, 142719 MiB, 143771 MiB
2026/08/13 23:36:35.482, NVIDIA H200, 49, 22 %, 15 %, 142719 MiB, 143771 MiB
2026/08/13 23:36:38.483, NVIDIA H200, 55, 100 %, 47 %, 142719 MiB, 143771 MiB
2026/08/13 23:36:41.483, NVIDIA H200, 56, 98 %, 55 %, 142719 MiB, 143771 MiB
2026/08/13 23:36:44.484, NVIDIA H200, 52, 100 %, 56 %, 142719 MiB, 143771 MiB
2026/08/13 23:36:47.484, NVIDIA H200, 57, 100 %, 41 %, 142719 MiB, 143771 MiB
2026/08/13 23:36:50.485, NVIDIA H200, 58, 98 %, 40 %, 142719 MiB, 143771 MiB
2026/08/13 23:36:53.485, NVIDIA H200, 61, 100 %, 61 %, 142719 MiB, 143771 MiB
2026/08/13 23:36:56.486, NVIDIA H200, 57, 98 %, 36 %, 142719 MiB, 143771 MiB
2026/08/13 23:36:59.486, NVIDIA H200, 58, 100 %, 50 %, 142719 MiB, 143771 MiB
2026/08/13 23:37:02.487, NVIDIA H200, 56, 100 %, 46 %, 142719 MiB, 143771 MiB
2026/08/13 23:37:05.487, NVIDIA H200, 60, 100 %, 66 %, 142719 MiB, 143771 MiB
2026/08/13 23:37:08.488, NVIDIA H200, 43, 87 %, 46 %, 142719 MiB, 143771 MiB
2026/08/13 23:37:11.488, NVIDIA H200, 56, 100 %, 44 %, 142719 MiB, 143771 MiB
2026/08/13 23:37:14.489, NVIDIA H200, 57, 99 %, 44 %, 142719 MiB, 143771 MiB
2026/08/13 23:37:17.489, NVIDIA H200, 58, 100 %, 38 %, 142719 MiB, 143771 MiB
2026/08/13 23:37:20.489, NVIDIA H200, 57, 100 %, 56 %, 142719 MiB, 143771 MiB
2026/08/13 23:37:23.490, NVIDIA H200, 59, 100 %, 49 %, 142719 MiB, 143771 MiB
2026/08/13 23:37:26.491, NVIDIA H200, 54, 98 %, 61 %, 142719 MiB, 143771 MiB
2026/08/13 23:37:29.491, NVIDIA H200, 56, 100 %, 56 %, 142719 MiB, 143771 MiB
2026/08/13 23:37:32.492, NVIDIA H200, 57, 100 %, 45 %, 142719 MiB, 143771 MiB
2026/08/13 23:37:35.492, NVIDIA H200, 52, 98 %, 47 %, 142719 MiB, 143771 MiB
2026/08/13 23:37:38.492, NVIDIA H200, 57, 100 %, 49 %, 142719 MiB, 143771 MiB
2026/08/13 23:37:41.493, NVIDIA H200, 59, 100 %, 58 %, 142719 MiB, 143771 MiB
2026/08/13 23:37:44.493, NVIDIA H200, 60, 100 %, 42 %, 142719 MiB, 143771 MiB
2026/08/13 23:37:47.494, NVIDIA H200, 58, 100 %, 54 %, 142719 MiB, 143771 MiB
2026/08/13 23:37:50.494, NVIDIA H200, 59, 100 %, 51 %, 142719 MiB, 143771 MiB
2026/08/13 23:37:53.495, NVIDIA H200, 56, 96 %, 56 %, 142719 MiB, 143771 MiB
2026/08/13 23:37:56.495, NVIDIA H200, 34, 0 %, 0 %, 142719 MiB, 143771 MiB
2026/08/13 23:37:59.496, NVIDIA H200, 29, 0 %, 0 %, 142719 MiB, 143771 MiB
2026/08/13 23:38:02.496, NVIDIA H200, 28, 0 %, 0 %, 142719 MiB, 143771 MiB
2026/08/13 23:38:05.497, NVIDIA H200, 52, 100 %, 52 %, 142719 MiB, 143771 MiB
2026/08/13 23:38:08.497, NVIDIA H200, 29, 0 %, 0 %, 142719 MiB, 143771 MiB
2026/08/13 23:38:11.498, NVIDIA H200, 27, 0 %, 0 %, 142719 MiB, 143771 MiB
2026/08/13 23:38:14.498, NVIDIA H200, 27, 0 %, 0 %, 142719 MiB, 143771 MiB
2026/08/13 23:38:17.499, NVIDIA H200, 50, 99 %, 50 %, 142719 MiB, 143771 MiB
2026/08/13 23:38:20.499, NVIDIA H200, 54, 100 %, 55 %, 142719 MiB, 143771 MiB
2026/08/13 23:38:23.500, NVIDIA H200, 53, 100 %, 58 %, 142719 MiB, 143771 MiB
2026/08/13 23:38:26.500, NVIDIA H200, 53, 100 %, 61 %, 142719 MiB, 143771 MiB
2026/08/13 23:38:29.501, NVIDIA H200, 56, 100 %, 47 %, 142719 MiB, 143771 MiB
2026/08/13 23:38:32.501, NVIDIA H200, 53, 98 %, 45 %, 142719 MiB, 143771 MiB
2026/08/13 23:38:35.502, NVIDIA H200, 56, 100 %, 22 %, 142719 MiB, 143771 MiB
2026/08/13 23:38:38.502, NVIDIA H200, 55, 98 %, 40 %, 142719 MiB, 143771 MiB
2026/08/13 23:38:41.503, NVIDIA H200, 57, 100 %, 55 %, 142719 MiB, 143771 MiB
2026/08/13 23:38:44.503, NVIDIA H200, 58, 100 %, 55 %, 142719 MiB, 143771 MiB
2026/08/13 23:38:47.504, NVIDIA H200, 58, 100 %, 54 %, 142719 MiB, 143771 MiB
2026/08/13 23:38:50.504, NVIDIA H200, 56, 100 %, 56 %, 142719 MiB, 143771 MiB
2026/08/13 23:38:53.504, NVIDIA H200, 57, 100 %, 50 %, 142719 MiB, 143771 MiB
2026/08/13 23:38:56.505, NVIDIA H200, 58, 100 %, 47 %, 142719 MiB, 143771 MiB
2026/08/13 23:38:59.505, NVIDIA H200, 56, 100 %, 49 %, 142719 MiB, 143771 MiB
2026/08/13 23:39:02.506, NVIDIA H200, 58, 100 %, 27 %, 142719 MiB, 143771 MiB
2026/08/13 23:39:05.506, NVIDIA H200, 57, 100 %, 41 %, 142719 MiB, 143771 MiB
2026/08/13 23:39:08.507, NVIDIA H200, 61, 100 %, 38 %, 142719 MiB, 143771 MiB
2026/08/13 23:39:11.507, NVIDIA H200, 55, 100 %, 58 %, 142719 MiB, 143771 MiB
2026/08/13 23:39:14.507, NVIDIA H200, 56, 100 %, 44 %, 142719 MiB, 143771 MiB
2026/08/13 23:39:17.508, NVIDIA H200, 55, 97 %, 53 %, 142719 MiB, 143771 MiB
2026/08/13 23:39:20.508, NVIDIA H200, 55, 100 %, 53 %, 142719 MiB, 143771 MiB
2026/08/13 23:39:23.509, NVIDIA H200, 57, 98 %, 54 %, 142719 MiB, 143771 MiB
2026/08/13 23:39:26.509, NVIDIA H200, 55, 100 %, 49 %, 142719 MiB, 143771 MiB
2026/08/13 23:39:29.510, NVIDIA H200, 53, 58 %, 48 %, 142719 MiB, 143771 MiB
2026/08/13 23:39:32.510, NVIDIA H200, 52, 100 %, 58 %, 142719 MiB, 143771 MiB
2026/08/13 23:39:35.511, NVIDIA H200, 56, 100 %, 48 %, 142719 MiB, 143771 MiB
2026/08/13 23:39:38.511, NVIDIA H200, 59, 99 %, 44 %, 142719 MiB, 143771 MiB
2026/08/13 23:39:41.512, NVIDIA H200, 59, 100 %, 63 %, 142719 MiB, 143771 MiB
2026/08/13 23:39:44.512, NVIDIA H200, 58, 100 %, 55 %, 142719 MiB, 143771 MiB
2026/08/13 23:39:47.513, NVIDIA H200, 31, 0 %, 0 %, 142719 MiB, 143771 MiB
2026/08/13 23:39:50.513, NVIDIA H200, 35, 100 %, 56 %, 142719 MiB, 143771 MiB
2026/08/13 23:39:53.514, NVIDIA H200, 28, 0 %, 0 %, 142719 MiB, 143771 MiB
2026/08/13 23:39:56.514, NVIDIA H200, 53, 100 %, 58 %, 142719 MiB, 143771 MiB
2026/08/13 23:39:59.515, NVIDIA H200, 28, 0 %, 0 %, 142719 MiB, 143771 MiB
2026/08/13 23:40:02.515, NVIDIA H200, 27, 0 %, 0 %, 142719 MiB, 143771 MiB
2026/08/13 23:40:05.516, NVIDIA H200, 42, 100 %, 58 %, 142719 MiB, 143771 MiB
2026/08/13 23:40:08.516, NVIDIA H200, 55, 100 %, 53 %, 142719 MiB, 143771 MiB
2026/08/13 23:40:11.517, NVIDIA H200, 54, 100 %, 54 %, 142719 MiB, 143771 MiB
2026/08/13 23:40:14.517, NVIDIA H200, 56, 100 %, 49 %, 142719 MiB, 143771 MiB
2026/08/13 23:40:17.518, NVIDIA H200, 57, 100 %, 48 %, 142719 MiB, 143771 MiB
2026/08/13 23:40:20.518, NVIDIA H200, 55, 100 %, 50 %, 142719 MiB, 143771 MiB
2026/08/13 23:40:23.519, NVIDIA H200, 57, 100 %, 21 %, 142719 MiB, 143771 MiB
2026/08/13 23:40:26.519, NVIDIA H200, 57, 98 %, 36 %, 142719 MiB, 143771 MiB
2026/08/13 23:40:29.520, NVIDIA H200, 61, 100 %, 42 %, 142719 MiB, 143771 MiB
2026/08/13 23:40:32.520, NVIDIA H200, 54, 100 %, 55 %, 142719 MiB, 143771 MiB
2026/08/13 23:40:35.521, NVIDIA H200, 58, 100 %, 47 %, 142719 MiB, 143771 MiB
2026/08/13 23:40:38.521, NVIDIA H200, 55, 97 %, 59 %, 142719 MiB, 143771 MiB
2026/08/13 23:40:41.522, NVIDIA H200, 56, 100 %, 49 %, 142719 MiB, 143771 MiB
2026/08/13 23:40:44.522, NVIDIA H200, 56, 100 %, 44 %, 142719 MiB, 143771 MiB
2026/08/13 23:40:47.522, NVIDIA H200, 58, 100 %, 48 %, 142719 MiB, 143771 MiB
2026/08/13 23:40:50.523, NVIDIA H200, 58, 100 %, 44 %, 142719 MiB, 143771 MiB
2026/08/13 23:40:53.523, NVIDIA H200, 57, 100 %, 58 %, 142719 MiB, 143771 MiB
2026/08/13 23:40:56.524, NVIDIA H200, 59, 100 %, 46 %, 142719 MiB, 143771 MiB
2026/08/13 23:40:59.525, NVIDIA H200, 54, 100 %, 51 %, 142719 MiB, 143771 MiB
2026/08/13 23:41:02.525, NVIDIA H200, 56, 100 %, 44 %, 142719 MiB, 143771 MiB
2026/08/13 23:41:05.525, NVIDIA H200, 57, 98 %, 65 %, 142719 MiB, 143771 MiB
2026/08/13 23:41:08.526, NVIDIA H200, 51, 100 %, 58 %, 142719 MiB, 143771 MiB
2026/08/13 23:41:11.526, NVIDIA H200, 57, 100 %, 48 %, 142719 MiB, 143771 MiB
2026/08/13 23:41:14.527, NVIDIA H200, 53, 53 %, 37 %, 142719 MiB, 143771 MiB
2026/08/13 23:41:17.527, NVIDIA H200, 58, 100 %, 29 %, 142719 MiB, 143771 MiB
2026/08/13 23:41:20.527, NVIDIA H200, 58, 100 %, 48 %, 142719 MiB, 143771 MiB
2026/08/13 23:41:23.528, NVIDIA H200, 61, 100 %, 46 %, 142719 MiB, 143771 MiB
2026/08/13 23:41:26.528, NVIDIA H200, 55, 100 %, 57 %, 142719 MiB, 143771 MiB
2026/08/13 23:41:29.529, NVIDIA H200, 56, 100 %, 46 %, 142719 MiB, 143771 MiB
2026/08/13 23:41:32.529, NVIDIA H200, 56, 97 %, 73 %, 142719 MiB, 143771 MiB
2026/08/13 23:41:35.530, NVIDIA H200, 34, 0 %, 0 %, 142719 MiB, 143771 MiB
2026/08/13 23:41:38.530, NVIDIA H200, 29, 0 %, 0 %, 142719 MiB, 143771 MiB
2026/08/13 23:41:41.531, NVIDIA H200, 28, 0 %, 0 %, 142719 MiB, 143771 MiB
2026/08/13 23:41:44.531, NVIDIA H200, 53, 100 %, 52 %, 142719 MiB, 143771 MiB
2026/08/13 23:41:47.532, NVIDIA H200, 29, 0 %, 0 %, 142719 MiB, 143771 MiB
2026/08/13 23:41:50.532, NVIDIA H200, 27, 0 %, 0 %, 142719 MiB, 143771 MiB
2026/08/13 23:41:53.533, NVIDIA H200, 27, 0 %, 0 %, 142719 MiB, 143771 MiB
2026/08/13 23:41:56.533, NVIDIA H200, 27, 0 %, 0 %, 142719 MiB, 143771 MiB
2026/08/13 23:41:59.534, NVIDIA H200, 44, 100 %, 49 %, 142719 MiB, 143771 MiB
2026/08/13 23:42:02.534, NVIDIA H200, 53, 100 %, 51 %, 142719 MiB, 143771 MiB
2026/08/13 23:42:05.535, NVIDIA H200, 53, 99 %, 54 %, 142719 MiB, 143771 MiB
2026/08/13 23:42:08.535, NVIDIA H200, 55, 100 %, 48 %, 142719 MiB, 143771 MiB
2026/08/13 23:42:11.536, NVIDIA H200, 53, 98 %, 54 %, 142719 MiB, 143771 MiB
2026/08/13 23:42:14.536, NVIDIA H200, 55, 100 %, 57 %, 142719 MiB, 143771 MiB
2026/08/13 23:42:17.537, NVIDIA H200, 57, 100 %, 56 %, 142719 MiB, 143771 MiB
2026/08/13 23:42:20.537, NVIDIA H200, 59, 100 %, 44 %, 142719 MiB, 143771 MiB
2026/08/13 23:42:23.538, NVIDIA H200, 50, 98 %, 47 %, 142719 MiB, 143771 MiB
2026/08/13 23:42:26.538, NVIDIA H200, 57, 100 %, 46 %, 142719 MiB, 143771 MiB
2026/08/13 23:42:29.539, NVIDIA H200, 50, 100 %, 47 %, 142719 MiB, 143771 MiB
2026/08/13 23:42:32.539, NVIDIA H200, 54, 98 %, 63 %, 142719 MiB, 143771 MiB
2026/08/13 23:42:35.540, NVIDIA H200, 55, 100 %, 52 %, 142719 MiB, 143771 MiB
2026/08/13 23:42:38.540, NVIDIA H200, 48, 44 %, 5 %, 142719 MiB, 143771 MiB
2026/08/13 23:42:41.541, NVIDIA H200, 56, 100 %, 61 %, 142719 MiB, 143771 MiB
2026/08/13 23:42:44.541, NVIDIA H200, 57, 100 %, 56 %, 142719 MiB, 143771 MiB
2026/08/13 23:42:47.542, NVIDIA H200, 60, 100 %, 53 %, 142719 MiB, 143771 MiB
2026/08/13 23:42:50.542, NVIDIA H200, 41, 0 %, 0 %, 142719 MiB, 143771 MiB
2026/08/13 23:42:53.543, NVIDIA H200, 56, 100 %, 48 %, 142719 MiB, 143771 MiB
2026/08/13 23:42:56.543, NVIDIA H200, 56, 100 %, 57 %, 142719 MiB, 143771 MiB
2026/08/13 23:42:59.544, NVIDIA H200, 54, 98 %, 73 %, 142719 MiB, 143771 MiB
2026/08/13 23:43:02.544, NVIDIA H200, 55, 100 %, 59 %, 142719 MiB, 143771 MiB
2026/08/13 23:43:05.545, NVIDIA H200, 54, 100 %, 55 %, 142719 MiB, 143771 MiB
2026/08/13 23:43:08.545, NVIDIA H200, 58, 100 %, 46 %, 142719 MiB, 143771 MiB
2026/08/13 23:43:11.546, NVIDIA H200, 55, 100 %, 55 %, 142719 MiB, 143771 MiB
2026/08/13 23:43:14.546, NVIDIA H200, 59, 100 %, 42 %, 142719 MiB, 143771 MiB
2026/08/13 23:43:17.547, NVIDIA H200, 58, 100 %, 53 %, 142719 MiB, 143771 MiB
2026/08/13 23:43:20.547, NVIDIA H200, 61, 100 %, 44 %, 142719 MiB, 143771 MiB
2026/08/13 23:43:23.548, NVIDIA H200, 55, 98 %, 65 %, 142719 MiB, 143771 MiB
2026/08/13 23:43:26.548, NVIDIA H200, 57, 100 %, 57 %, 142719 MiB, 143771 MiB
2026/08/13 23:43:29.549, NVIDIA H200, 54, 100 %, 48 %, 142719 MiB, 143771 MiB
2026/08/13 23:43:32.549, NVIDIA H200, 34, 0 %, 0 %, 142719 MiB, 143771 MiB
2026/08/13 23:43:35.550, NVIDIA H200, 28, 0 %, 0 %, 142719 MiB, 143771 MiB
2026/08/13 23:43:38.550, NVIDIA H200, 28, 0 %, 0 %, 142719 MiB, 143771 MiB
2026/08/13 23:43:41.551, NVIDIA H200, 55, 100 %, 59 %, 142719 MiB, 143771 MiB
2026/08/13 23:43:44.551, NVIDIA H200, 28, 0 %, 0 %, 142719 MiB, 143771 MiB
2026/08/13 23:43:47.552, NVIDIA H200, 27, 0 %, 0 %, 142719 MiB, 143771 MiB
2026/08/13 23:43:50.552, NVIDIA H200, 49, 100 %, 48 %, 142719 MiB, 143771 MiB
2026/08/13 23:43:53.553, NVIDIA H200, 50, 96 %, 61 %, 142719 MiB, 143771 MiB
2026/08/13 23:43:56.553, NVIDIA H200, 58, 100 %, 44 %, 142719 MiB, 143771 MiB
2026/08/13 23:43:59.554, NVIDIA H200, 51, 86 %, 46 %, 142719 MiB, 143771 MiB
2026/08/13 23:44:02.554, NVIDIA H200, 56, 100 %, 46 %, 142719 MiB, 143771 MiB
2026/08/13 23:44:05.555, NVIDIA H200, 48, 38 %, 2 %, 142719 MiB, 143771 MiB
2026/08/13 23:44:08.555, NVIDIA H200, 54, 97 %, 55 %, 142719 MiB, 143771 MiB
2026/08/13 23:44:11.556, NVIDIA H200, 56, 100 %, 52 %, 142719 MiB, 143771 MiB
2026/08/13 23:44:14.556, NVIDIA H200, 52, 80 %, 29 %, 142719 MiB, 143771 MiB
2026/08/13 23:44:17.557, NVIDIA H200, 55, 100 %, 51 %, 142719 MiB, 143771 MiB
2026/08/13 23:44:20.557, NVIDIA H200, 54, 100 %, 59 %, 142719 MiB, 143771 MiB
2026/08/13 23:44:23.558, NVIDIA H200, 52, 99 %, 49 %, 142719 MiB, 143771 MiB
2026/08/13 23:44:26.558, NVIDIA H200, 58, 100 %, 51 %, 142719 MiB, 143771 MiB
2026/08/13 23:44:29.559, NVIDIA H200, 53, 100 %, 42 %, 142719 MiB, 143771 MiB
2026/08/13 23:44:32.559, NVIDIA H200, 56, 100 %, 35 %, 142719 MiB, 143771 MiB
2026/08/13 23:44:35.560, NVIDIA H200, 54, 100 %, 51 %, 142719 MiB, 143771 MiB
2026/08/13 23:44:38.560, NVIDIA H200, 53, 100 %, 53 %, 142719 MiB, 143771 MiB
2026/08/13 23:44:41.561, NVIDIA H200, 56, 100 %, 41 %, 142719 MiB, 143771 MiB
2026/08/13 23:44:44.561, NVIDIA H200, 56, 100 %, 54 %, 142719 MiB, 143771 MiB
2026/08/13 23:44:47.562, NVIDIA H200, 54, 100 %, 54 %, 142719 MiB, 143771 MiB
2026/08/13 23:44:50.562, NVIDIA H200, 55, 100 %, 48 %, 142719 MiB, 143771 MiB
2026/08/13 23:44:53.563, NVIDIA H200, 54, 100 %, 58 %, 142719 MiB, 143771 MiB
2026/08/13 23:44:56.563, NVIDIA H200, 51, 100 %, 55 %, 142719 MiB, 143771 MiB
2026/08/13 23:44:59.564, NVIDIA H200, 55, 100 %, 38 %, 142719 MiB, 143771 MiB
2026/08/13 23:45:02.564, NVIDIA H200, 45, 26 %, 16 %, 142719 MiB, 143771 MiB
2026/08/13 23:45:05.565, NVIDIA H200, 54, 99 %, 55 %, 142719 MiB, 143771 MiB
2026/08/13 23:45:08.565, NVIDIA H200, 55, 100 %, 49 %, 142719 MiB, 143771 MiB
2026/08/13 23:45:11.566, NVIDIA H200, 56, 100 %, 29 %, 142719 MiB, 143771 MiB
2026/08/13 23:45:14.566, NVIDIA H200, 55, 99 %, 37 %, 142719 MiB, 143771 MiB
2026/08/13 23:45:17.566, NVIDIA H200, 56, 100 %, 47 %, 142719 MiB, 143771 MiB
2026/08/13 23:45:20.567, NVIDIA H200, 56, 100 %, 53 %, 142719 MiB, 143771 MiB
2026/08/13 23:45:23.567, NVIDIA H200, 60, 100 %, 44 %, 142719 MiB, 143771 MiB
2026/08/13 23:45:26.568, NVIDIA H200, 29, 0 %, 0 %, 142719 MiB, 143771 MiB
2026/08/13 23:45:29.569, NVIDIA H200, 29, 0 %, 0 %, 142719 MiB, 143771 MiB
2026/08/13 23:45:32.569, NVIDIA H200, 46, 100 %, 56 %, 142719 MiB, 143771 MiB
2026/08/13 23:45:35.570, NVIDIA H200, 30, 0 %, 0 %, 142719 MiB, 143771 MiB
2026/08/13 23:45:38.570, NVIDIA H200, 27, 0 %, 0 %, 142719 MiB, 143771 MiB
2026/08/13 23:45:41.571, NVIDIA H200, 26, 0 %, 0 %, 142719 MiB, 143771 MiB
2026/08/13 23:45:44.571, NVIDIA H200, 52, 100 %, 58 %, 142719 MiB, 143771 MiB
2026/08/13 23:45:47.572, NVIDIA H200, 55, 100 %, 56 %, 142719 MiB, 143771 MiB
2026/08/13 23:45:50.572, NVIDIA H200, 54, 100 %, 53 %, 142719 MiB, 143771 MiB
2026/08/13 23:45:53.573, NVIDIA H200, 47, 83 %, 45 %, 142719 MiB, 143771 MiB
2026/08/13 23:45:56.573, NVIDIA H200, 51, 99 %, 50 %, 142719 MiB, 143771 MiB
2026/08/13 23:45:59.574, NVIDIA H200, 55, 100 %, 53 %, 142719 MiB, 143771 MiB
2026/08/13 23:46:02.574, NVIDIA H200, 55, 100 %, 57 %, 142719 MiB, 143771 MiB
2026/08/13 23:46:05.575, NVIDIA H200, 57, 100 %, 41 %, 142719 MiB, 143771 MiB
2026/08/13 23:46:08.575, NVIDIA H200, 54, 97 %, 37 %, 142719 MiB, 143771 MiB
2026/08/13 23:46:11.576, NVIDIA H200, 56, 100 %, 66 %, 142719 MiB, 143771 MiB
2026/08/13 23:46:14.576, NVIDIA H200, 53, 100 %, 58 %, 142719 MiB, 143771 MiB
2026/08/13 23:46:17.576, NVIDIA H200, 57, 100 %, 56 %, 142719 MiB, 143771 MiB
2026/08/13 23:46:20.577, NVIDIA H200, 56, 100 %, 47 %, 142719 MiB, 143771 MiB
2026/08/13 23:46:23.578, NVIDIA H200, 56, 100 %, 47 %, 142719 MiB, 143771 MiB
2026/08/13 23:46:26.578, NVIDIA H200, 47, 57 %, 20 %, 142719 MiB, 143771 MiB
2026/08/13 23:46:29.579, NVIDIA H200, 55, 100 %, 49 %, 142719 MiB, 143771 MiB
2026/08/13 23:46:32.579, NVIDIA H200, 44, 10 %, 0 %, 142719 MiB, 143771 MiB
2026/08/13 23:46:35.579, NVIDIA H200, 55, 100 %, 51 %, 142719 MiB, 143771 MiB
2026/08/13 23:46:38.580, NVIDIA H200, 54, 100 %, 57 %, 142719 MiB, 143771 MiB
2026/08/13 23:46:41.581, NVIDIA H200, 57, 100 %, 47 %, 142719 MiB, 143771 MiB
2026/08/13 23:46:44.581, NVIDIA H200, 53, 100 %, 50 %, 142719 MiB, 143771 MiB
2026/08/13 23:46:47.582, NVIDIA H200, 55, 100 %, 55 %, 142719 MiB, 143771 MiB
2026/08/13 23:46:50.582, NVIDIA H200, 54, 100 %, 60 %, 142719 MiB, 143771 MiB
2026/08/13 23:46:53.583, NVIDIA H200, 55, 100 %, 56 %, 142719 MiB, 143771 MiB
2026/08/13 23:46:56.583, NVIDIA H200, 56, 100 %, 50 %, 142719 MiB, 143771 MiB
2026/08/13 23:46:59.584, NVIDIA H200, 56, 99 %, 46 %, 142719 MiB, 143771 MiB
2026/08/13 23:47:02.584, NVIDIA H200, 57, 100 %, 51 %, 142719 MiB, 143771 MiB
2026/08/13 23:47:05.584, NVIDIA H200, 56, 100 %, 59 %, 142719 MiB, 143771 MiB
2026/08/13 23:47:08.585, NVIDIA H200, 57, 100 %, 40 %, 142719 MiB, 143771 MiB
2026/08/13 23:47:11.585, NVIDIA H200, 57, 100 %, 54 %, 142719 MiB, 143771 MiB
2026/08/13 23:47:14.586, NVIDIA H200, 61, 100 %, 52 %, 142719 MiB, 143771 MiB
2026/08/13 23:47:17.586, NVIDIA H200, 32, 0 %, 0 %, 142719 MiB, 143771 MiB
2026/08/13 23:47:20.587, NVIDIA H200, 28, 25 %, 0 %, 142719 MiB, 143771 MiB
2026/08/13 23:47:23.588, NVIDIA H200, 27, 0 %, 0 %, 142719 MiB, 143771 MiB
2026/08/13 23:47:26.588, NVIDIA H200, 50, 99 %, 40 %, 142719 MiB, 143771 MiB
2026/08/13 23:47:29.589, NVIDIA H200, 28, 0 %, 0 %, 142719 MiB, 143771 MiB
2026/08/13 23:47:32.589, NVIDIA H200, 42, 100 %, 48 %, 142719 MiB, 143771 MiB
2026/08/13 23:47:35.590, NVIDIA H200, 42, 98 %, 64 %, 142719 MiB, 143771 MiB
2026/08/13 23:47:38.590, NVIDIA H200, 57, 100 %, 46 %, 142719 MiB, 143771 MiB
2026/08/13 23:47:41.591, NVIDIA H200, 53, 100 %, 58 %, 142719 MiB, 143771 MiB
2026/08/13 23:47:44.591, NVIDIA H200, 57, 100 %, 48 %, 142719 MiB, 143771 MiB
2026/08/13 23:47:47.592, NVIDIA H200, 57, 98 %, 61 %, 142719 MiB, 143771 MiB
2026/08/13 23:47:50.592, NVIDIA H200, 57, 100 %, 53 %, 142719 MiB, 143771 MiB
2026/08/13 23:47:53.593, NVIDIA H200, 54, 100 %, 44 %, 142719 MiB, 143771 MiB
2026/08/13 23:47:56.594, NVIDIA H200, 55, 100 %, 46 %, 142719 MiB, 143771 MiB
2026/08/13 23:47:59.594, NVIDIA H200, 56, 100 %, 38 %, 142719 MiB, 143771 MiB
2026/08/13 23:48:02.594, NVIDIA H200, 54, 100 %, 54 %, 142719 MiB, 143771 MiB
2026/08/13 23:48:05.595, NVIDIA H200, 56, 100 %, 45 %, 142719 MiB, 143771 MiB
2026/08/13 23:48:08.596, NVIDIA H200, 57, 100 %, 55 %, 142719 MiB, 143771 MiB
2026/08/13 23:48:11.596, NVIDIA H200, 58, 100 %, 44 %, 142719 MiB, 143771 MiB
2026/08/13 23:48:14.597, NVIDIA H200, 57, 98 %, 58 %, 142719 MiB, 143771 MiB
2026/08/13 23:48:17.597, NVIDIA H200, 57, 100 %, 47 %, 142719 MiB, 143771 MiB
2026/08/13 23:48:20.598, NVIDIA H200, 54, 100 %, 44 %, 142719 MiB, 143771 MiB
2026/08/13 23:48:23.598, NVIDIA H200, 51, 100 %, 46 %, 142719 MiB, 143771 MiB
2026/08/13 23:48:26.599, NVIDIA H200, 57, 100 %, 44 %, 142719 MiB, 143771 MiB
2026/08/13 23:48:29.599, NVIDIA H200, 59, 100 %, 58 %, 142719 MiB, 143771 MiB
2026/08/13 23:48:32.600, NVIDIA H200, 58, 100 %, 46 %, 142719 MiB, 143771 MiB
2026/08/13 23:48:35.600, NVIDIA H200, 57, 100 %, 50 %, 142719 MiB, 143771 MiB
2026/08/13 23:48:38.600, NVIDIA H200, 58, 100 %, 47 %, 142719 MiB, 143771 MiB
2026/08/13 23:48:41.601, NVIDIA H200, 55, 97 %, 57 %, 142719 MiB, 143771 MiB
2026/08/13 23:48:44.602, NVIDIA H200, 56, 100 %, 54 %, 142719 MiB, 143771 MiB
2026/08/13 23:48:47.602, NVIDIA H200, 55, 98 %, 54 %, 142719 MiB, 143771 MiB
2026/08/13 23:48:50.603, NVIDIA H200, 56, 100 %, 49 %, 142719 MiB, 143771 MiB
2026/08/13 23:48:53.603, NVIDIA H200, 57, 100 %, 37 %, 142719 MiB, 143771 MiB
2026/08/13 23:48:56.603, NVIDIA H200, 55, 97 %, 37 %, 142719 MiB, 143771 MiB
2026/08/13 23:48:59.604, NVIDIA H200, 57, 100 %, 59 %, 142719 MiB, 143771 MiB
2026/08/13 23:49:02.604, NVIDIA H200, 57, 100 %, 52 %, 142719 MiB, 143771 MiB
2026/08/13 23:49:05.605, NVIDIA H200, 30, 0 %, 0 %, 142719 MiB, 143771 MiB
2026/08/13 23:49:08.606, NVIDIA H200, 35, 26 %, 11 %, 142719 MiB, 143771 MiB
2026/08/13 23:49:11.606, NVIDIA H200, 27, 0 %, 0 %, 142719 MiB, 143771 MiB
2026/08/13 23:49:14.607, NVIDIA H200, 53, 100 %, 53 %, 142719 MiB, 143771 MiB
2026/08/13 23:49:17.607, NVIDIA H200, 28, 0 %, 0 %, 142719 MiB, 143771 MiB
2026/08/13 23:49:20.608, NVIDIA H200, 27, 0 %, 0 %, 142719 MiB, 143771 MiB
2026/08/13 23:49:23.608, NVIDIA H200, 44, 100 %, 53 %, 142719 MiB, 143771 MiB
2026/08/13 23:49:26.608, NVIDIA H200, 52, 100 %, 36 %, 142719 MiB, 143771 MiB
2026/08/13 23:49:29.609, NVIDIA H200, 57, 100 %, 52 %, 142719 MiB, 143771 MiB
2026/08/13 23:49:32.610, NVIDIA H200, 53, 100 %, 39 %, 142719 MiB, 143771 MiB
2026/08/13 23:49:35.610, NVIDIA H200, 53, 100 %, 50 %, 142719 MiB, 143771 MiB
2026/08/13 23:49:38.611, NVIDIA H200, 56, 100 %, 34 %, 142719 MiB, 143771 MiB
2026/08/13 23:49:41.611, NVIDIA H200, 55, 95 %, 39 %, 142719 MiB, 143771 MiB
2026/08/13 23:49:44.612, NVIDIA H200, 57, 100 %, 38 %, 142719 MiB, 143771 MiB
2026/08/13 23:49:47.612, NVIDIA H200, 56, 100 %, 56 %, 142719 MiB, 143771 MiB
2026/08/13 23:49:50.613, NVIDIA H200, 58, 100 %, 47 %, 142719 MiB, 143771 MiB
2026/08/13 23:49:53.613, NVIDIA H200, 53, 98 %, 61 %, 142719 MiB, 143771 MiB
2026/08/13 23:49:56.614, NVIDIA H200, 55, 100 %, 54 %, 142719 MiB, 143771 MiB
2026/08/13 23:49:59.614, NVIDIA H200, 56, 100 %, 44 %, 142719 MiB, 143771 MiB
2026/08/13 23:50:02.615, NVIDIA H200, 50, 97 %, 47 %, 142719 MiB, 143771 MiB
2026/08/13 23:50:05.616, NVIDIA H200, 57, 100 %, 45 %, 142719 MiB, 143771 MiB
2026/08/13 23:50:08.616, NVIDIA H200, 59, 100 %, 58 %, 142719 MiB, 143771 MiB
2026/08/13 23:50:11.617, NVIDIA H200, 59, 100 %, 44 %, 142719 MiB, 143771 MiB
2026/08/13 23:50:14.617, NVIDIA H200, 57, 100 %, 52 %, 142719 MiB, 143771 MiB
2026/08/13 23:50:17.618, NVIDIA H200, 58, 100 %, 46 %, 142719 MiB, 143771 MiB
2026/08/13 23:50:20.618, NVIDIA H200, 56, 97 %, 57 %, 142719 MiB, 143771 MiB
2026/08/13 23:50:23.619, NVIDIA H200, 57, 100 %, 57 %, 142719 MiB, 143771 MiB
2026/08/13 23:50:26.619, NVIDIA H200, 57, 100 %, 48 %, 142719 MiB, 143771 MiB
2026/08/13 23:50:29.620, NVIDIA H200, 55, 97 %, 42 %, 142719 MiB, 143771 MiB
2026/08/13 23:50:32.620, NVIDIA H200, 58, 100 %, 62 %, 142719 MiB, 143771 MiB
2026/08/13 23:50:35.621, NVIDIA H200, 58, 100 %, 57 %, 142719 MiB, 143771 MiB
2026/08/13 23:50:38.622, NVIDIA H200, 61, 100 %, 54 %, 142719 MiB, 143771 MiB
2026/08/13 23:50:41.622, NVIDIA H200, 54, 98 %, 57 %, 142719 MiB, 143771 MiB
2026/08/13 23:50:44.623, NVIDIA H200, 57, 100 %, 51 %, 142719 MiB, 143771 MiB
2026/08/13 23:50:47.623, NVIDIA H200, 56, 100 %, 47 %, 142719 MiB, 143771 MiB
2026/08/13 23:50:50.624, NVIDIA H200, 56, 100 %, 49 %, 142719 MiB, 143771 MiB
2026/08/13 23:50:53.624, NVIDIA H200, 38, 0 %, 0 %, 142719 MiB, 143771 MiB
2026/08/13 23:50:56.625, NVIDIA H200, 29, 0 %, 0 %, 142719 MiB, 143771 MiB
2026/08/13 23:50:59.625, NVIDIA H200, 42, 99 %, 50 %, 142719 MiB, 143771 MiB
2026/08/13 23:51:02.625, NVIDIA H200, 42, 38 %, 18 %, 142719 MiB, 143771 MiB
2026/08/13 23:51:05.626, NVIDIA H200, 28, 0 %, 0 %, 142719 MiB, 143771 MiB
2026/08/13 23:51:08.626, NVIDIA H200, 27, 0 %, 0 %, 142719 MiB, 143771 MiB
2026/08/13 23:51:11.627, NVIDIA H200, 27, 0 %, 0 %, 142719 MiB, 143771 MiB
2026/08/13 23:51:14.627, NVIDIA H200, 27, 0 %, 0 %, 142719 MiB, 143771 MiB
2026/08/13 23:51:17.628, NVIDIA H200, 26, 0 %, 0 %, 142719 MiB, 143771 MiB
2026/08/13 23:51:20.628, NVIDIA H200, 55, 100 %, 56 %, 142719 MiB, 143771 MiB
2026/08/13 23:51:23.629, NVIDIA H200, 57, 100 %, 41 %, 142719 MiB, 143771 MiB
2026/08/13 23:51:26.629, NVIDIA H200, 55, 100 %, 54 %, 142719 MiB, 143771 MiB
2026/08/13 23:51:29.630, NVIDIA H200, 54, 100 %, 47 %, 142719 MiB, 143771 MiB
2026/08/13 23:51:32.630, NVIDIA H200, 55, 100 %, 57 %, 142719 MiB, 143771 MiB
2026/08/13 23:51:35.631, NVIDIA H200, 50, 99 %, 51 %, 142719 MiB, 143771 MiB
2026/08/13 23:51:38.631, NVIDIA H200, 58, 100 %, 46 %, 142719 MiB, 143771 MiB
2026/08/13 23:51:41.632, NVIDIA H200, 54, 100 %, 58 %, 142719 MiB, 143771 MiB
2026/08/13 23:51:44.632, NVIDIA H200, 52, 100 %, 43 %, 142719 MiB, 143771 MiB
2026/08/13 23:51:47.633, NVIDIA H200, 56, 100 %, 57 %, 142719 MiB, 143771 MiB
2026/08/13 23:51:50.633, NVIDIA H200, 54, 97 %, 58 %, 142719 MiB, 143771 MiB
2026/08/13 23:51:53.633, NVIDIA H200, 48, 90 %, 55 %, 142719 MiB, 143771 MiB
2026/08/13 23:51:56.634, NVIDIA H200, 57, 100 %, 53 %, 142719 MiB, 143771 MiB
2026/08/13 23:51:59.635, NVIDIA H200, 56, 100 %, 54 %, 142719 MiB, 143771 MiB
2026/08/13 23:52:02.635, NVIDIA H200, 61, 100 %, 52 %, 142719 MiB, 143771 MiB
2026/08/13 23:52:05.636, NVIDIA H200, 56, 99 %, 51 %, 142719 MiB, 143771 MiB
2026/08/13 23:52:08.636, NVIDIA H200, 58, 100 %, 52 %, 142719 MiB, 143771 MiB
2026/08/13 23:52:11.637, NVIDIA H200, 55, 100 %, 47 %, 142719 MiB, 143771 MiB
2026/08/13 23:52:14.637, NVIDIA H200, 56, 100 %, 46 %, 142719 MiB, 143771 MiB
2026/08/13 23:52:17.638, NVIDIA H200, 58, 100 %, 36 %, 142719 MiB, 143771 MiB
2026/08/13 23:52:20.638, NVIDIA H200, 54, 98 %, 40 %, 142719 MiB, 143771 MiB
2026/08/13 23:52:23.639, NVIDIA H200, 57, 100 %, 46 %, 142719 MiB, 143771 MiB
2026/08/13 23:52:26.639, NVIDIA H200, 59, 100 %, 52 %, 142719 MiB, 143771 MiB
2026/08/13 23:52:29.640, NVIDIA H200, 61, 100 %, 45 %, 142719 MiB, 143771 MiB
2026/08/13 23:52:32.640, NVIDIA H200, 56, 99 %, 63 %, 142719 MiB, 143771 MiB
2026/08/13 23:52:35.640, NVIDIA H200, 61, 100 %, 44 %, 142719 MiB, 143771 MiB
2026/08/13 23:52:38.641, NVIDIA H200, 55, 96 %, 63 %, 142719 MiB, 143771 MiB
2026/08/13 23:52:41.641, NVIDIA H200, 57, 100 %, 58 %, 142719 MiB, 143771 MiB
2026/08/13 23:52:44.642, NVIDIA H200, 54, 100 %, 49 %, 142719 MiB, 143771 MiB
2026/08/13 23:52:47.642, NVIDIA H200, 56, 100 %, 53 %, 142719 MiB, 143771 MiB
2026/08/13 23:52:50.643, NVIDIA H200, 40, 0 %, 0 %, 142719 MiB, 143771 MiB
2026/08/13 23:52:53.643, NVIDIA H200, 29, 0 %, 0 %, 142719 MiB, 143771 MiB
2026/08/13 23:52:56.644, NVIDIA H200, 33, 0 %, 0 %, 142719 MiB, 143771 MiB
2026/08/13 23:52:59.644, NVIDIA H200, 44, 99 %, 49 %, 142719 MiB, 143771 MiB
2026/08/13 23:53:02.645, NVIDIA H200, 29, 0 %, 0 %, 142719 MiB, 143771 MiB
2026/08/13 23:53:05.645, NVIDIA H200, 28, 0 %, 0 %, 142719 MiB, 143771 MiB
2026/08/13 23:53:08.646, NVIDIA H200, 29, 0 %, 0 %, 142719 MiB, 143771 MiB
2026/08/13 23:53:11.646, NVIDIA H200, 53, 100 %, 42 %, 142719 MiB, 143771 MiB
2026/08/13 23:53:14.647, NVIDIA H200, 56, 100 %, 50 %, 142719 MiB, 143771 MiB
2026/08/13 23:53:17.647, NVIDIA H200, 55, 100 %, 48 %, 142719 MiB, 143771 MiB
2026/08/13 23:53:20.648, NVIDIA H200, 55, 98 %, 71 %, 142719 MiB, 143771 MiB
2026/08/13 23:53:23.649, NVIDIA H200, 53, 100 %, 60 %, 142719 MiB, 143771 MiB
2026/08/13 23:53:26.649, NVIDIA H200, 57, 100 %, 50 %, 142719 MiB, 143771 MiB
2026/08/13 23:53:29.650, NVIDIA H200, 59, 97 %, 44 %, 142719 MiB, 143771 MiB
2026/08/13 23:53:32.651, NVIDIA H200, 59, 100 %, 50 %, 142719 MiB, 143771 MiB
2026/08/13 23:53:35.651, NVIDIA H200, 57, 100 %, 50 %, 142719 MiB, 143771 MiB
2026/08/13 23:53:38.652, NVIDIA H200, 61, 100 %, 63 %, 142719 MiB, 143771 MiB
2026/08/13 23:53:41.652, NVIDIA H200, 57, 100 %, 53 %, 142719 MiB, 143771 MiB
2026/08/13 23:53:44.653, NVIDIA H200, 58, 100 %, 54 %, 142719 MiB, 143771 MiB
2026/08/13 23:53:47.653, NVIDIA H200, 56, 99 %, 53 %, 142719 MiB, 143771 MiB
2026/08/13 23:53:50.653, NVIDIA H200, 57, 100 %, 53 %, 142719 MiB, 143771 MiB
2026/08/13 23:53:53.654, NVIDIA H200, 58, 100 %, 50 %, 142719 MiB, 143771 MiB
2026/08/13 23:53:56.654, NVIDIA H200, 56, 100 %, 51 %, 142719 MiB, 143771 MiB
2026/08/13 23:53:59.655, NVIDIA H200, 58, 100 %, 25 %, 142719 MiB, 143771 MiB
2026/08/13 23:54:02.655, NVIDIA H200, 57, 100 %, 41 %, 142719 MiB, 143771 MiB
2026/08/13 23:54:05.656, NVIDIA H200, 61, 100 %, 39 %, 142719 MiB, 143771 MiB
2026/08/13 23:54:08.656, NVIDIA H200, 55, 100 %, 60 %, 142719 MiB, 143771 MiB
2026/08/13 23:54:11.657, NVIDIA H200, 56, 100 %, 47 %, 142719 MiB, 143771 MiB
2026/08/13 23:54:14.657, NVIDIA H200, 56, 98 %, 61 %, 142719 MiB, 143771 MiB
2026/08/13 23:54:17.658, NVIDIA H200, 55, 100 %, 58 %, 142719 MiB, 143771 MiB
2026/08/13 23:54:20.658, NVIDIA H200, 56, 100 %, 49 %, 142719 MiB, 143771 MiB
2026/08/13 23:54:23.659, NVIDIA H200, 57, 100 %, 47 %, 142719 MiB, 143771 MiB
2026/08/13 23:54:26.659, NVIDIA H200, 58, 100 %, 35 %, 142719 MiB, 143771 MiB
2026/08/13 23:54:29.660, NVIDIA H200, 58, 100 %, 57 %, 142719 MiB, 143771 MiB
2026/08/13 23:54:32.660, NVIDIA H200, 60, 100 %, 46 %, 142719 MiB, 143771 MiB
2026/08/13 23:54:35.661, NVIDIA H200, 55, 100 %, 51 %, 142719 MiB, 143771 MiB
2026/08/13 23:54:38.661, NVIDIA H200, 35, 0 %, 0 %, 142719 MiB, 143771 MiB
2026/08/13 23:54:41.662, NVIDIA H200, 29, 0 %, 0 %, 142719 MiB, 143771 MiB
2026/08/13 23:54:44.662, NVIDIA H200, 28, 0 %, 0 %, 142719 MiB, 143771 MiB
2026/08/13 23:54:47.663, NVIDIA H200, 46, 100 %, 62 %, 142719 MiB, 143771 MiB
2026/08/13 23:54:50.663, NVIDIA H200, 30, 0 %, 0 %, 142719 MiB, 143771 MiB
2026/08/13 23:54:53.664, NVIDIA H200, 42, 100 %, 54 %, 142719 MiB, 143771 MiB
2026/08/13 23:54:56.664, NVIDIA H200, 29, 0 %, 0 %, 142719 MiB, 143771 MiB
2026/08/13 23:54:59.665, NVIDIA H200, 50, 89 %, 46 %, 142719 MiB, 143771 MiB
2026/08/13 23:55:02.665, NVIDIA H200, 55, 98 %, 53 %, 142719 MiB, 143771 MiB
2026/08/13 23:55:05.666, NVIDIA H200, 51, 100 %, 59 %, 142719 MiB, 143771 MiB
2026/08/13 23:55:08.666, NVIDIA H200, 55, 100 %, 58 %, 142719 MiB, 143771 MiB
2026/08/13 23:55:11.667, NVIDIA H200, 59, 100 %, 44 %, 142719 MiB, 143771 MiB
2026/08/13 23:55:14.667, NVIDIA H200, 50, 0 %, 0 %, 142719 MiB, 143771 MiB
2026/08/13 23:55:17.668, NVIDIA H200, 57, 100 %, 32 %, 142719 MiB, 143771 MiB
2026/08/13 23:55:20.668, NVIDIA H200, 57, 100 %, 46 %, 142719 MiB, 143771 MiB
2026/08/13 23:55:23.669, NVIDIA H200, 58, 100 %, 41 %, 142719 MiB, 143771 MiB
2026/08/13 23:55:26.669, NVIDIA H200, 57, 100 %, 58 %, 142719 MiB, 143771 MiB
2026/08/13 23:55:29.670, NVIDIA H200, 59, 100 %, 45 %, 142719 MiB, 143771 MiB
2026/08/13 23:55:32.670, NVIDIA H200, 55, 100 %, 51 %, 142719 MiB, 143771 MiB
2026/08/13 23:55:35.671, NVIDIA H200, 56, 100 %, 46 %, 142719 MiB, 143771 MiB
2026/08/13 23:55:38.671, NVIDIA H200, 57, 98 %, 57 %, 142719 MiB, 143771 MiB
2026/08/13 23:55:41.672, NVIDIA H200, 53, 100 %, 57 %, 142719 MiB, 143771 MiB
2026/08/13 23:55:44.673, NVIDIA H200, 56, 100 %, 46 %, 142719 MiB, 143771 MiB
2026/08/13 23:55:47.673, NVIDIA H200, 59, 99 %, 45 %, 142719 MiB, 143771 MiB
2026/08/13 23:55:50.674, NVIDIA H200, 61, 100 %, 64 %, 142719 MiB, 143771 MiB
2026/08/13 23:55:53.675, NVIDIA H200, 58, 100 %, 51 %, 142719 MiB, 143771 MiB
2026/08/13 23:55:56.675, NVIDIA H200, 61, 100 %, 46 %, 142719 MiB, 143771 MiB
2026/08/13 23:55:59.676, NVIDIA H200, 55, 100 %, 56 %, 142719 MiB, 143771 MiB
2026/08/13 23:56:02.676, NVIDIA H200, 58, 100 %, 48 %, 142719 MiB, 143771 MiB
2026/08/13 23:56:05.677, NVIDIA H200, 55, 98 %, 58 %, 142719 MiB, 143771 MiB
2026/08/13 23:56:08.677, NVIDIA H200, 56, 100 %, 49 %, 142719 MiB, 143771 MiB
2026/08/13 23:56:11.678, NVIDIA H200, 57, 100 %, 44 %, 142719 MiB, 143771 MiB
2026/08/13 23:56:14.678, NVIDIA H200, 58, 100 %, 46 %, 142719 MiB, 143771 MiB
2026/08/13 23:56:17.679, NVIDIA H200, 59, 100 %, 42 %, 142719 MiB, 143771 MiB
2026/08/13 23:56:20.679, NVIDIA H200, 57, 100 %, 58 %, 142719 MiB, 143771 MiB
2026/08/13 23:56:23.679, NVIDIA H200, 60, 100 %, 48 %, 142719 MiB, 143771 MiB
2026/08/13 23:56:26.680, NVIDIA H200, 43, 0 %, 0 %, 142719 MiB, 143771 MiB
2026/08/13 23:56:29.680, NVIDIA H200, 30, 0 %, 0 %, 142719 MiB, 143771 MiB
2026/08/13 23:56:32.681, NVIDIA H200, 28, 0 %, 0 %, 142719 MiB, 143771 MiB
2026/08/13 23:56:35.681, NVIDIA H200, 48, 100 %, 55 %, 142719 MiB, 143771 MiB
2026/08/13 23:56:38.682, NVIDIA H200, 34, 0 %, 0 %, 142719 MiB, 143771 MiB
2026/08/13 23:56:41.682, NVIDIA H200, 28, 0 %, 0 %, 142719 MiB, 143771 MiB
2026/08/13 23:56:44.683, NVIDIA H200, 27, 0 %, 0 %, 142719 MiB, 143771 MiB
2026/08/13 23:56:47.684, NVIDIA H200, 52, 100 %, 56 %, 142719 MiB, 143771 MiB
2026/08/13 23:56:50.684, NVIDIA H200, 54, 100 %, 37 %, 142719 MiB, 143771 MiB
2026/08/13 23:56:53.684, NVIDIA H200, 55, 98 %, 35 %, 142719 MiB, 143771 MiB
2026/08/13 23:56:56.685, NVIDIA H200, 51, 100 %, 43 %, 142719 MiB, 143771 MiB
2026/08/13 23:56:59.686, NVIDIA H200, 51, 100 %, 46 %, 142719 MiB, 143771 MiB
2026/08/13 23:57:02.686, NVIDIA H200, 53, 98 %, 57 %, 142719 MiB, 143771 MiB
2026/08/13 23:57:05.687, NVIDIA H200, 55, 100 %, 46 %, 142719 MiB, 143771 MiB
2026/08/13 23:57:08.687, NVIDIA H200, 56, 100 %, 46 %, 142719 MiB, 143771 MiB
2026/08/13 23:57:11.688, NVIDIA H200, 51, 100 %, 47 %, 142719 MiB, 143771 MiB
2026/08/13 23:57:14.688, NVIDIA H200, 56, 100 %, 23 %, 142719 MiB, 143771 MiB
2026/08/13 23:57:17.689, NVIDIA H200, 57, 98 %, 40 %, 142719 MiB, 143771 MiB
2026/08/13 23:57:20.690, NVIDIA H200, 58, 100 %, 36 %, 142719 MiB, 143771 MiB
2026/08/13 23:57:23.690, NVIDIA H200, 57, 100 %, 60 %, 142719 MiB, 143771 MiB
2026/08/13 23:57:26.690, NVIDIA H200, 59, 100 %, 47 %, 142719 MiB, 143771 MiB
2026/08/13 23:57:29.691, NVIDIA H200, 55, 98 %, 61 %, 142719 MiB, 143771 MiB
2026/08/13 23:57:32.691, NVIDIA H200, 56, 100 %, 57 %, 142719 MiB, 143771 MiB
2026/08/13 23:57:35.692, NVIDIA H200, 55, 100 %, 48 %, 142719 MiB, 143771 MiB
2026/08/13 23:57:38.693, NVIDIA H200, 56, 100 %, 49 %, 142719 MiB, 143771 MiB
2026/08/13 23:57:41.693, NVIDIA H200, 57, 100 %, 23 %, 142719 MiB, 143771 MiB
2026/08/13 23:57:44.693, NVIDIA H200, 57, 98 %, 36 %, 142719 MiB, 143771 MiB
2026/08/13 23:57:47.694, NVIDIA H200, 57, 100 %, 46 %, 142719 MiB, 143771 MiB
2026/08/13 23:57:50.694, NVIDIA H200, 58, 100 %, 53 %, 142719 MiB, 143771 MiB
2026/08/13 23:57:53.695, NVIDIA H200, 61, 100 %, 45 %, 142719 MiB, 143771 MiB
2026/08/13 23:57:56.695, NVIDIA H200, 55, 98 %, 58 %, 142719 MiB, 143771 MiB
2026/08/13 23:57:59.696, NVIDIA H200, 56, 100 %, 46 %, 142719 MiB, 143771 MiB
2026/08/13 23:58:02.696, NVIDIA H200, 57, 100 %, 44 %, 142719 MiB, 143771 MiB
2026/08/13 23:58:05.697, NVIDIA H200, 58, 100 %, 46 %, 142719 MiB, 143771 MiB
2026/08/13 23:58:08.697, NVIDIA H200, 59, 100 %, 46 %, 142719 MiB, 143771 MiB
2026/08/13 23:58:11.698, NVIDIA H200, 58, 100 %, 58 %, 142719 MiB, 143771 MiB
2026/08/13 23:58:14.698, NVIDIA H200, 60, 100 %, 42 %, 142719 MiB, 143771 MiB
2026/08/13 23:58:17.699, NVIDIA H200, 33, 0 %, 0 %, 142719 MiB, 143771 MiB
2026/08/13 23:58:20.699, NVIDIA H200, 29, 0 %, 0 %, 142719 MiB, 143771 MiB
2026/08/13 23:58:23.700, NVIDIA H200, 30, 0 %, 0 %, 142719 MiB, 143771 MiB
2026/08/13 23:58:26.700, NVIDIA H200, 31, 0 %, 0 %, 142719 MiB, 143771 MiB
2026/08/13 23:58:29.701, NVIDIA H200, 32, 0 %, 0 %, 142719 MiB, 143771 MiB
2026/08/13 23:58:32.701, NVIDIA H200, 28, 0 %, 0 %, 142719 MiB, 143771 MiB
2026/08/13 23:58:35.702, NVIDIA H200, 27, 0 %, 0 %, 142719 MiB, 143771 MiB
2026/08/13 23:58:38.702, NVIDIA H200, 43, 100 %, 56 %, 142719 MiB, 143771 MiB
2026/08/13 23:58:41.703, NVIDIA H200, 57, 100 %, 65 %, 142719 MiB, 143771 MiB
2026/08/13 23:58:44.703, NVIDIA H200, 53, 100 %, 50 %, 142719 MiB, 143771 MiB
2026/08/13 23:58:47.704, NVIDIA H200, 44, 99 %, 49 %, 142719 MiB, 143771 MiB
2026/08/13 23:58:50.704, NVIDIA H200, 52, 82 %, 49 %, 142719 MiB, 143771 MiB
2026/08/13 23:58:53.705, NVIDIA H200, 56, 100 %, 39 %, 142719 MiB, 143771 MiB
2026/08/13 23:58:56.705, NVIDIA H200, 54, 100 %, 51 %, 142719 MiB, 143771 MiB
2026/08/13 23:58:59.705, NVIDIA H200, 55, 100 %, 52 %, 142719 MiB, 143771 MiB
2026/08/13 23:59:02.706, NVIDIA H200, 57, 99 %, 56 %, 142719 MiB, 143771 MiB
2026/08/13 23:59:05.706, NVIDIA H200, 49, 100 %, 52 %, 142719 MiB, 143771 MiB
2026/08/13 23:59:08.707, NVIDIA H200, 56, 100 %, 48 %, 142719 MiB, 143771 MiB
2026/08/13 23:59:11.708, NVIDIA H200, 51, 100 %, 58 %, 142719 MiB, 143771 MiB
2026/08/13 23:59:14.708, NVIDIA H200, 57, 100 %, 46 %, 142719 MiB, 143771 MiB
2026/08/13 23:59:17.709, NVIDIA H200, 56, 100 %, 49 %, 142719 MiB, 143771 MiB
2026/08/13 23:59:20.709, NVIDIA H200, 57, 100 %, 48 %, 142719 MiB, 143771 MiB
2026/08/13 23:59:23.709, NVIDIA H200, 59, 98 %, 40 %, 142719 MiB, 143771 MiB
2026/08/13 23:59:26.710, NVIDIA H200, 60, 100 %, 50 %, 142719 MiB, 143771 MiB
2026/08/13 23:59:29.711, NVIDIA H200, 59, 100 %, 55 %, 142719 MiB, 143771 MiB
2026/08/13 23:59:32.711, NVIDIA H200, 58, 100 %, 45 %, 142719 MiB, 143771 MiB
2026/08/13 23:59:35.712, NVIDIA H200, 55, 100 %, 51 %, 142719 MiB, 143771 MiB
2026/08/13 23:59:38.712, NVIDIA H200, 56, 100 %, 55 %, 142719 MiB, 143771 MiB
2026/08/13 23:59:41.713, NVIDIA H200, 58, 99 %, 54 %, 142719 MiB, 143771 MiB
2026/08/13 23:59:44.713, NVIDIA H200, 56, 100 %, 48 %, 142719 MiB, 143771 MiB
2026/08/13 23:59:47.713, NVIDIA H200, 58, 100 %, 30 %, 142719 MiB, 143771 MiB
2026/08/13 23:59:50.714, NVIDIA H200, 59, 96 %, 32 %, 142719 MiB, 143771 MiB
2026/08/13 23:59:53.715, NVIDIA H200, 62, 100 %, 65 %, 142719 MiB, 143771 MiB
2026/08/13 23:59:56.715, NVIDIA H200, 57, 100 %, 53 %, 142719 MiB, 143771 MiB
2026/08/13 23:59:59.715, NVIDIA H200, 58, 100 %, 51 %, 142719 MiB, 143771 MiB
2026/08/14 00:00:02.716, NVIDIA H200, 56, 99 %, 51 %, 142719 MiB, 143771 MiB
2026/08/14 00:00:05.716, NVIDIA H200, 57, 100 %, 53 %, 142719 MiB, 143771 MiB
2026/08/14 00:00:08.717, NVIDIA H200, 58, 100 %, 47 %, 142719 MiB, 143771 MiB
2026/08/14 00:00:11.717, NVIDIA H200, 31, 0 %, 0 %, 142719 MiB, 143771 MiB
2026/08/14 00:00:14.718, NVIDIA H200, 32, 0 %, 0 %, 142719 MiB, 143771 MiB
2026/08/14 00:00:17.718, NVIDIA H200, 45, 74 %, 23 %, 142719 MiB, 143771 MiB
2026/08/14 00:00:20.718, NVIDIA H200, 32, 0 %, 0 %, 142719 MiB, 143771 MiB
2026/08/14 00:00:23.719, NVIDIA H200, 28, 0 %, 0 %, 142719 MiB, 143771 MiB
2026/08/14 00:00:26.719, NVIDIA H200, 27, 0 %, 0 %, 142719 MiB, 143771 MiB
2026/08/14 00:00:29.720, NVIDIA H200, 27, 0 %, 0 %, 142719 MiB, 143771 MiB
2026/08/14 00:00:32.721, NVIDIA H200, 50, 100 %, 56 %, 142719 MiB, 143771 MiB
2026/08/14 00:00:35.722, NVIDIA H200, 50, 100 %, 53 %, 142719 MiB, 143771 MiB
2026/08/14 00:00:38.722, NVIDIA H200, 57, 100 %, 53 %, 142719 MiB, 143771 MiB
2026/08/14 00:00:41.723, NVIDIA H200, 57, 100 %, 54 %, 142719 MiB, 143771 MiB
2026/08/14 00:00:44.723, NVIDIA H200, 56, 100 %, 29 %, 142719 MiB, 143771 MiB
2026/08/14 00:00:47.724, NVIDIA H200, 55, 100 %, 49 %, 142719 MiB, 143771 MiB
2026/08/14 00:00:50.724, NVIDIA H200, 57, 100 %, 31 %, 142719 MiB, 143771 MiB
2026/08/14 00:00:53.725, NVIDIA H200, 58, 97 %, 47 %, 142719 MiB, 143771 MiB
2026/08/14 00:00:56.725, NVIDIA H200, 57, 100 %, 41 %, 142719 MiB, 143771 MiB
2026/08/14 00:00:59.726, NVIDIA H200, 57, 47 %, 22 %, 142719 MiB, 143771 MiB
2026/08/14 00:01:02.727, NVIDIA H200, 59, 100 %, 51 %, 142719 MiB, 143771 MiB
2026/08/14 00:01:05.727, NVIDIA H200, 56, 100 %, 52 %, 142719 MiB, 143771 MiB
2026/08/14 00:01:08.727, NVIDIA H200, 60, 100 %, 41 %, 142719 MiB, 143771 MiB
2026/08/14 00:01:11.728, NVIDIA H200, 55, 100 %, 58 %, 142719 MiB, 143771 MiB
2026/08/14 00:01:14.729, NVIDIA H200, 56, 100 %, 46 %, 142719 MiB, 143771 MiB
2026/08/14 00:01:17.729, NVIDIA H200, 56, 100 %, 51 %, 142719 MiB, 143771 MiB
2026/08/14 00:01:20.730, NVIDIA H200, 55, 100 %, 50 %, 142719 MiB, 143771 MiB
2026/08/14 00:01:23.730, NVIDIA H200, 57, 100 %, 33 %, 142719 MiB, 143771 MiB
2026/08/14 00:01:26.731, NVIDIA H200, 59, 98 %, 45 %, 142719 MiB, 143771 MiB
2026/08/14 00:01:29.731, NVIDIA H200, 60, 100 %, 46 %, 142719 MiB, 143771 MiB
2026/08/14 00:01:32.732, NVIDIA H200, 58, 100 %, 55 %, 142719 MiB, 143771 MiB
2026/08/14 00:01:35.732, NVIDIA H200, 59, 100 %, 48 %, 142719 MiB, 143771 MiB
2026/08/14 00:01:38.733, NVIDIA H200, 59, 100 %, 52 %, 142719 MiB, 143771 MiB
2026/08/14 00:01:41.733, NVIDIA H200, 59, 100 %, 45 %, 142719 MiB, 143771 MiB
2026/08/14 00:01:44.734, NVIDIA H200, 55, 85 %, 31 %, 142719 MiB, 143771 MiB
2026/08/14 00:01:47.734, NVIDIA H200, 57, 100 %, 51 %, 142719 MiB, 143771 MiB
2026/08/14 00:01:50.735, NVIDIA H200, 59, 100 %, 57 %, 142719 MiB, 143771 MiB
2026/08/14 00:01:53.735, NVIDIA H200, 61, 100 %, 48 %, 142719 MiB, 143771 MiB
2026/08/14 00:01:56.736, NVIDIA H200, 56, 100 %, 53 %, 142719 MiB, 143771 MiB
2026/08/14 00:01:59.736, NVIDIA H200, 58, 100 %, 53 %, 142719 MiB, 143771 MiB
2026/08/14 00:02:02.737, NVIDIA H200, 41, 0 %, 0 %, 142719 MiB, 143771 MiB
2026/08/14 00:02:05.737, NVIDIA H200, 29, 0 %, 0 %, 142719 MiB, 143771 MiB
2026/08/14 00:02:08.738, NVIDIA H200, 49, 100 %, 53 %, 142719 MiB, 143771 MiB
2026/08/14 00:02:11.738, NVIDIA H200, 45, 67 %, 29 %, 142719 MiB, 143771 MiB
2026/08/14 00:02:14.738, NVIDIA H200, 29, 0 %, 0 %, 142719 MiB, 143771 MiB
2026/08/14 00:02:17.739, NVIDIA H200, 28, 0 %, 0 %, 142719 MiB, 143771 MiB
2026/08/14 00:02:20.740, NVIDIA H200, 41, 0 %, 0 %, 142719 MiB, 143771 MiB
2026/08/14 00:02:23.740, NVIDIA H200, 57, 100 %, 53 %, 142719 MiB, 143771 MiB
2026/08/14 00:02:26.741, NVIDIA H200, 43, 44 %, 26 %, 142719 MiB, 143771 MiB
2026/08/14 00:02:29.742, NVIDIA H200, 59, 100 %, 52 %, 142719 MiB, 143771 MiB
2026/08/14 00:02:32.742, NVIDIA H200, 51, 100 %, 52 %, 142719 MiB, 143771 MiB
2026/08/14 00:02:35.743, NVIDIA H200, 43, 42 %, 26 %, 142719 MiB, 143771 MiB
2026/08/14 00:02:38.743, NVIDIA H200, 56, 100 %, 44 %, 142719 MiB, 143771 MiB
2026/08/14 00:02:41.744, NVIDIA H200, 57, 100 %, 51 %, 142719 MiB, 143771 MiB
2026/08/14 00:02:44.744, NVIDIA H200, 61, 100 %, 47 %, 142719 MiB, 143771 MiB
2026/08/14 00:02:47.745, NVIDIA H200, 55, 98 %, 56 %, 142719 MiB, 143771 MiB
2026/08/14 00:02:50.745, NVIDIA H200, 58, 100 %, 56 %, 142719 MiB, 143771 MiB
2026/08/14 00:02:53.745, NVIDIA H200, 58, 100 %, 45 %, 142719 MiB, 143771 MiB
2026/08/14 00:02:56.746, NVIDIA H200, 56, 97 %, 44 %, 142719 MiB, 143771 MiB
2026/08/14 00:02:59.746, NVIDIA H200, 58, 100 %, 64 %, 142719 MiB, 143771 MiB
2026/08/14 00:03:02.747, NVIDIA H200, 58, 100 %, 52 %, 142719 MiB, 143771 MiB
2026/08/14 00:03:05.747, NVIDIA H200, 55, 100 %, 53 %, 142719 MiB, 143771 MiB
2026/08/14 00:03:08.748, NVIDIA H200, 57, 100 %, 55 %, 142719 MiB, 143771 MiB
2026/08/14 00:03:11.748, NVIDIA H200, 58, 100 %, 47 %, 142719 MiB, 143771 MiB
2026/08/14 00:03:14.749, NVIDIA H200, 49, 80 %, 43 %, 142719 MiB, 143771 MiB
2026/08/14 00:03:17.749, NVIDIA H200, 58, 100 %, 42 %, 142719 MiB, 143771 MiB
2026/08/14 00:03:20.749, NVIDIA H200, 52, 96 %, 46 %, 142719 MiB, 143771 MiB
2026/08/14 00:03:23.750, NVIDIA H200, 57, 100 %, 49 %, 142719 MiB, 143771 MiB
2026/08/14 00:03:26.750, NVIDIA H200, 59, 100 %, 56 %, 142719 MiB, 143771 MiB
2026/08/14 00:03:29.751, NVIDIA H200, 60, 100 %, 42 %, 142719 MiB, 143771 MiB
2026/08/14 00:03:32.751, NVIDIA H200, 58, 100 %, 52 %, 142719 MiB, 143771 MiB
2026/08/14 00:03:35.751, NVIDIA H200, 59, 100 %, 53 %, 142719 MiB, 143771 MiB
2026/08/14 00:03:38.752, NVIDIA H200, 56, 99 %, 55 %, 142719 MiB, 143771 MiB
2026/08/14 00:03:41.752, NVIDIA H200, 56, 100 %, 49 %, 142719 MiB, 143771 MiB
2026/08/14 00:03:44.753, NVIDIA H200, 58, 100 %, 37 %, 142719 MiB, 143771 MiB
2026/08/14 00:03:47.753, NVIDIA H200, 56, 98 %, 37 %, 142719 MiB, 143771 MiB
2026/08/14 00:03:50.754, NVIDIA H200, 37, 0 %, 0 %, 142719 MiB, 143771 MiB
2026/08/14 00:03:53.754, NVIDIA H200, 29, 0 %, 0 %, 142719 MiB, 143771 MiB
2026/08/14 00:03:56.755, NVIDIA H200, 29, 0 %, 0 %, 142719 MiB, 143771 MiB
2026/08/14 00:03:59.755, NVIDIA H200, 28, 0 %, 0 %, 142719 MiB, 143771 MiB
2026/08/14 00:04:02.756, NVIDIA H200, 47, 98 %, 48 %, 142719 MiB, 143771 MiB
2026/08/14 00:04:05.756, NVIDIA H200, 29, 0 %, 0 %, 142719 MiB, 143771 MiB
2026/08/14 00:04:08.757, NVIDIA H200, 28, 0 %, 0 %, 142719 MiB, 143771 MiB
2026/08/14 00:04:11.758, NVIDIA H200, 48, 100 %, 46 %, 142719 MiB, 143771 MiB
2026/08/14 00:04:14.758, NVIDIA H200, 56, 100 %, 58 %, 142719 MiB, 143771 MiB
2026/08/14 00:04:17.759, NVIDIA H200, 58, 100 %, 46 %, 142719 MiB, 143771 MiB
2026/08/14 00:04:20.759, NVIDIA H200, 57, 100 %, 51 %, 142719 MiB, 143771 MiB
2026/08/14 00:04:23.760, NVIDIA H200, 59, 100 %, 48 %, 142719 MiB, 143771 MiB
2026/08/14 00:04:26.760, NVIDIA H200, 54, 98 %, 58 %, 142719 MiB, 143771 MiB
2026/08/14 00:04:29.761, NVIDIA H200, 55, 100 %, 47 %, 142719 MiB, 143771 MiB
2026/08/14 00:04:32.761, NVIDIA H200, 56, 100 %, 44 %, 142719 MiB, 143771 MiB
2026/08/14 00:04:35.762, NVIDIA H200, 52, 100 %, 46 %, 142719 MiB, 143771 MiB
2026/08/14 00:04:38.762, NVIDIA H200, 57, 100 %, 38 %, 142719 MiB, 143771 MiB
2026/08/14 00:04:41.763, NVIDIA H200, 60, 100 %, 57 %, 142719 MiB, 143771 MiB
2026/08/14 00:04:44.763, NVIDIA H200, 59, 100 %, 46 %, 142719 MiB, 143771 MiB
2026/08/14 00:04:47.763, NVIDIA H200, 59, 100 %, 53 %, 142719 MiB, 143771 MiB
2026/08/14 00:04:50.764, NVIDIA H200, 58, 100 %, 45 %, 142719 MiB, 143771 MiB
2026/08/14 00:04:53.764, NVIDIA H200, 55, 98 %, 70 %, 142719 MiB, 143771 MiB
2026/08/14 00:04:56.765, NVIDIA H200, 57, 100 %, 52 %, 142719 MiB, 143771 MiB
2026/08/14 00:04:59.765, NVIDIA H200, 58, 100 %, 48 %, 142719 MiB, 143771 MiB
2026/08/14 00:05:02.766, NVIDIA H200, 56, 97 %, 40 %, 142719 MiB, 143771 MiB
2026/08/14 00:05:05.767, NVIDIA H200, 58, 100 %, 52 %, 142719 MiB, 143771 MiB
2026/08/14 00:05:08.767, NVIDIA H200, 58, 100 %, 55 %, 142719 MiB, 143771 MiB
2026/08/14 00:05:11.768, NVIDIA H200, 61, 100 %, 52 %, 142719 MiB, 143771 MiB
2026/08/14 00:05:14.768, NVIDIA H200, 55, 100 %, 56 %, 142719 MiB, 143771 MiB
2026/08/14 00:05:17.769, NVIDIA H200, 58, 100 %, 49 %, 142719 MiB, 143771 MiB
2026/08/14 00:05:20.769, NVIDIA H200, 55, 100 %, 47 %, 142719 MiB, 143771 MiB
2026/08/14 00:05:23.770, NVIDIA H200, 57, 100 %, 49 %, 142719 MiB, 143771 MiB
2026/08/14 00:05:26.770, NVIDIA H200, 57, 100 %, 21 %, 142719 MiB, 143771 MiB
2026/08/14 00:05:29.771, NVIDIA H200, 57, 99 %, 38 %, 142719 MiB, 143771 MiB
2026/08/14 00:05:32.771, NVIDIA H200, 58, 100 %, 45 %, 142719 MiB, 143771 MiB
2026/08/14 00:05:35.772, NVIDIA H200, 57, 100 %, 56 %, 142719 MiB, 143771 MiB
2026/08/14 00:05:38.772, NVIDIA H200, 61, 100 %, 45 %, 142719 MiB, 143771 MiB
2026/08/14 00:05:41.772, NVIDIA H200, 32, 0 %, 0 %, 142719 MiB, 143771 MiB
2026/08/14 00:05:44.773, NVIDIA H200, 29, 0 %, 0 %, 142719 MiB, 143771 MiB
2026/08/14 00:05:47.773, NVIDIA H200, 49, 100 %, 54 %, 142719 MiB, 143771 MiB
2026/08/14 00:05:50.774, NVIDIA H200, 33, 0 %, 0 %, 142719 MiB, 143771 MiB
2026/08/14 00:05:53.774, NVIDIA H200, 28, 0 %, 0 %, 142719 MiB, 143771 MiB
2026/08/14 00:05:56.775, NVIDIA H200, 52, 100 %, 49 %, 142719 MiB, 143771 MiB
2026/08/14 00:05:59.775, NVIDIA H200, 56, 100 %, 55 %, 142719 MiB, 143771 MiB
2026/08/14 00:06:02.776, NVIDIA H200, 60, 100 %, 45 %, 142719 MiB, 143771 MiB
2026/08/14 00:06:05.776, NVIDIA H200, 55, 99 %, 71 %, 142719 MiB, 143771 MiB
2026/08/14 00:06:08.776, NVIDIA H200, 57, 100 %, 58 %, 142719 MiB, 143771 MiB
2026/08/14 00:06:11.777, NVIDIA H200, 55, 100 %, 48 %, 142719 MiB, 143771 MiB
2026/08/14 00:06:14.777, NVIDIA H200, 56, 98 %, 41 %, 142719 MiB, 143771 MiB
2026/08/14 00:06:17.778, NVIDIA H200, 58, 100 %, 50 %, 142719 MiB, 143771 MiB
2026/08/14 00:06:20.778, NVIDIA H200, 54, 100 %, 57 %, 142719 MiB, 143771 MiB
2026/08/14 00:06:23.779, NVIDIA H200, 57, 100 %, 46 %, 142719 MiB, 143771 MiB
2026/08/14 00:06:26.779, NVIDIA H200, 58, 100 %, 56 %, 142719 MiB, 143771 MiB
2026/08/14 00:06:29.780, NVIDIA H200, 61, 100 %, 47 %, 142719 MiB, 143771 MiB
2026/08/14 00:06:32.780, NVIDIA H200, 57, 98 %, 71 %, 142719 MiB, 143771 MiB
2026/08/14 00:06:35.781, NVIDIA H200, 58, 100 %, 61 %, 142719 MiB, 143771 MiB
2026/08/14 00:06:38.781, NVIDIA H200, 55, 100 %, 48 %, 142719 MiB, 143771 MiB
2026/08/14 00:06:41.782, NVIDIA H200, 56, 98 %, 40 %, 142719 MiB, 143771 MiB
2026/08/14 00:06:44.782, NVIDIA H200, 57, 100 %, 50 %, 142719 MiB, 143771 MiB
2026/08/14 00:06:47.783, NVIDIA H200, 56, 100 %, 56 %, 142719 MiB, 143771 MiB
2026/08/14 00:06:50.783, NVIDIA H200, 57, 100 %, 49 %, 142719 MiB, 143771 MiB
2026/08/14 00:06:53.784, NVIDIA H200, 57, 100 %, 53 %, 142719 MiB, 143771 MiB
2026/08/14 00:06:56.785, NVIDIA H200, 61, 100 %, 51 %, 142719 MiB, 143771 MiB
2026/08/14 00:06:59.785, NVIDIA H200, 54, 100 %, 47 %, 142719 MiB, 143771 MiB
2026/08/14 00:07:02.786, NVIDIA H200, 56, 100 %, 50 %, 142719 MiB, 143771 MiB
2026/08/14 00:07:05.786, NVIDIA H200, 56, 100 %, 21 %, 142719 MiB, 143771 MiB
2026/08/14 00:07:08.787, NVIDIA H200, 52, 99 %, 36 %, 142719 MiB, 143771 MiB
2026/08/14 00:07:11.787, NVIDIA H200, 58, 100 %, 42 %, 142719 MiB, 143771 MiB
2026/08/14 00:07:14.788, NVIDIA H200, 60, 100 %, 53 %, 142719 MiB, 143771 MiB
2026/08/14 00:07:17.788, NVIDIA H200, 59, 100 %, 47 %, 142719 MiB, 143771 MiB
2026/08/14 00:07:20.789, NVIDIA H200, 58, 98 %, 59 %, 142719 MiB, 143771 MiB
2026/08/14 00:07:23.789, NVIDIA H200, 58, 100 %, 50 %, 142719 MiB, 143771 MiB
2026/08/14 00:07:26.790, NVIDIA H200, 32, 0 %, 0 %, 142719 MiB, 143771 MiB
2026/08/14 00:07:29.791, NVIDIA H200, 29, 0 %, 0 %, 142719 MiB, 143771 MiB
2026/08/14 00:07:32.791, NVIDIA H200, 28, 0 %, 0 %, 142719 MiB, 143771 MiB
2026/08/14 00:07:35.792, NVIDIA H200, 48, 100 %, 51 %, 142719 MiB, 143771 MiB
2026/08/14 00:07:38.792, NVIDIA H200, 30, 0 %, 0 %, 142719 MiB, 143771 MiB
2026/08/14 00:07:41.793, NVIDIA H200, 27, 0 %, 0 %, 142719 MiB, 143771 MiB
2026/08/14 00:07:44.793, NVIDIA H200, 45, 100 %, 57 %, 142719 MiB, 143771 MiB
2026/08/14 00:07:47.794, NVIDIA H200, 56, 100 %, 46 %, 142719 MiB, 143771 MiB
2026/08/14 00:07:50.794, NVIDIA H200, 56, 100 %, 55 %, 142719 MiB, 143771 MiB
2026/08/14 00:07:53.794, NVIDIA H200, 54, 100 %, 52 %, 142719 MiB, 143771 MiB
2026/08/14 00:07:56.795, NVIDIA H200, 54, 100 %, 49 %, 142719 MiB, 143771 MiB
2026/08/14 00:07:59.796, NVIDIA H200, 56, 100 %, 22 %, 142719 MiB, 143771 MiB
2026/08/14 00:08:02.796, NVIDIA H200, 56, 99 %, 36 %, 142719 MiB, 143771 MiB
2026/08/14 00:08:05.796, NVIDIA H200, 58, 100 %, 43 %, 142719 MiB, 143771 MiB
2026/08/14 00:08:08.797, NVIDIA H200, 57, 100 %, 54 %, 142719 MiB, 143771 MiB
2026/08/14 00:08:11.797, NVIDIA H200, 59, 100 %, 46 %, 142719 MiB, 143771 MiB
2026/08/14 00:08:14.798, NVIDIA H200, 58, 100 %, 54 %, 142719 MiB, 143771 MiB
2026/08/14 00:08:17.798, NVIDIA H200, 58, 100 %, 46 %, 142719 MiB, 143771 MiB
2026/08/14 00:08:20.799, NVIDIA H200, 55, 98 %, 69 %, 142719 MiB, 143771 MiB
2026/08/14 00:08:23.799, NVIDIA H200, 57, 100 %, 58 %, 142719 MiB, 143771 MiB
2026/08/14 00:08:26.800, NVIDIA H200, 58, 100 %, 47 %, 142719 MiB, 143771 MiB
2026/08/14 00:08:29.800, NVIDIA H200, 55, 97 %, 39 %, 142719 MiB, 143771 MiB
2026/08/14 00:08:32.801, NVIDIA H200, 58, 100 %, 54 %, 142719 MiB, 143771 MiB
2026/08/14 00:08:35.801, NVIDIA H200, 58, 100 %, 55 %, 142719 MiB, 143771 MiB
2026/08/14 00:08:38.802, NVIDIA H200, 61, 100 %, 51 %, 142719 MiB, 143771 MiB
2026/08/14 00:08:41.802, NVIDIA H200, 55, 100 %, 54 %, 142719 MiB, 143771 MiB
2026/08/14 00:08:44.803, NVIDIA H200, 57, 100 %, 48 %, 142719 MiB, 143771 MiB
2026/08/14 00:08:47.803, NVIDIA H200, 54, 100 %, 49 %, 142719 MiB, 143771 MiB
2026/08/14 00:08:50.804, NVIDIA H200, 57, 100 %, 55 %, 142719 MiB, 143771 MiB
2026/08/14 00:08:53.804, NVIDIA H200, 55, 99 %, 54 %, 142719 MiB, 143771 MiB
2026/08/14 00:08:56.805, NVIDIA H200, 56, 100 %, 48 %, 142719 MiB, 143771 MiB
2026/08/14 00:08:59.805, NVIDIA H200, 57, 100 %, 28 %, 142719 MiB, 143771 MiB
2026/08/14 00:09:02.806, NVIDIA H200, 57, 99 %, 34 %, 142719 MiB, 143771 MiB
2026/08/14 00:09:05.806, NVIDIA H200, 57, 100 %, 45 %, 142719 MiB, 143771 MiB
2026/08/14 00:09:08.806, NVIDIA H200, 57, 100 %, 55 %, 142719 MiB, 143771 MiB
2026/08/14 00:09:11.807, NVIDIA H200, 59, 100 %, 45 %, 142719 MiB, 143771 MiB
2026/08/14 00:09:14.808, NVIDIA H200, 42, 0 %, 0 %, 142719 MiB, 143771 MiB
2026/08/14 00:09:17.808, NVIDIA H200, 29, 0 %, 0 %, 142719 MiB, 143771 MiB
2026/08/14 00:09:20.809, NVIDIA H200, 29, 0 %, 0 %, 142719 MiB, 143771 MiB
2026/08/14 00:09:23.809, NVIDIA H200, 53, 100 %, 54 %, 142719 MiB, 143771 MiB
2026/08/14 00:09:26.809, NVIDIA H200, 29, 0 %, 0 %, 142719 MiB, 143771 MiB
2026/08/14 00:09:29.810, NVIDIA H200, 27, 0 %, 0 %, 142719 MiB, 143771 MiB
2026/08/14 00:09:32.810, NVIDIA H200, 27, 0 %, 0 %, 142719 MiB, 143771 MiB
2026/08/14 00:09:35.811, NVIDIA H200, 26, 0 %, 0 %, 142719 MiB, 143771 MiB
2026/08/14 00:09:38.812, NVIDIA H200, 26, 0 %, 0 %, 142719 MiB, 143771 MiB
2026/08/14 00:09:41.812, NVIDIA H200, 52, 100 %, 49 %, 142719 MiB, 143771 MiB
2026/08/14 00:09:44.813, NVIDIA H200, 56, 100 %, 44 %, 142719 MiB, 143771 MiB
2026/08/14 00:09:47.814, NVIDIA H200, 55, 100 %, 54 %, 142719 MiB, 143771 MiB
2026/08/14 00:09:50.814, NVIDIA H200, 59, 100 %, 45 %, 142719 MiB, 143771 MiB
2026/08/14 00:09:53.815, NVIDIA H200, 53, 98 %, 58 %, 142719 MiB, 143771 MiB
2026/08/14 00:09:56.815, NVIDIA H200, 55, 100 %, 49 %, 142719 MiB, 143771 MiB
2026/08/14 00:09:59.816, NVIDIA H200, 56, 100 %, 44 %, 142719 MiB, 143771 MiB
2026/08/14 00:10:02.816, NVIDIA H200, 51, 98 %, 47 %, 142719 MiB, 143771 MiB
2026/08/14 00:10:05.817, NVIDIA H200, 57, 100 %, 45 %, 142719 MiB, 143771 MiB
2026/08/14 00:10:08.817, NVIDIA H200, 59, 100 %, 54 %, 142719 MiB, 143771 MiB
2026/08/14 00:10:11.818, NVIDIA H200, 59, 100 %, 44 %, 142719 MiB, 143771 MiB
2026/08/14 00:10:14.818, NVIDIA H200, 57, 100 %, 49 %, 142719 MiB, 143771 MiB
2026/08/14 00:10:17.819, NVIDIA H200, 58, 100 %, 44 %, 142719 MiB, 143771 MiB
2026/08/14 00:10:20.819, NVIDIA H200, 55, 98 %, 66 %, 142719 MiB, 143771 MiB
2026/08/14 00:10:23.820, NVIDIA H200, 56, 100 %, 58 %, 142719 MiB, 143771 MiB
2026/08/14 00:10:26.820, NVIDIA H200, 57, 100 %, 49 %, 142719 MiB, 143771 MiB
2026/08/14 00:10:29.821, NVIDIA H200, 54, 99 %, 40 %, 142719 MiB, 143771 MiB
2026/08/14 00:10:32.821, NVIDIA H200, 57, 100 %, 51 %, 142719 MiB, 143771 MiB
2026/08/14 00:10:35.822, NVIDIA H200, 58, 100 %, 55 %, 142719 MiB, 143771 MiB
2026/08/14 00:10:38.822, NVIDIA H200, 61, 100 %, 49 %, 142719 MiB, 143771 MiB
2026/08/14 00:10:41.823, NVIDIA H200, 55, 98 %, 65 %, 142719 MiB, 143771 MiB
2026/08/14 00:10:44.823, NVIDIA H200, 57, 100 %, 57 %, 142719 MiB, 143771 MiB
2026/08/14 00:10:47.824, NVIDIA H200, 55, 100 %, 47 %, 142719 MiB, 143771 MiB
2026/08/14 00:10:50.824, NVIDIA H200, 55, 100 %, 50 %, 142719 MiB, 143771 MiB
2026/08/14 00:10:53.824, NVIDIA H200, 54, 100 %, 28 %, 142719 MiB, 143771 MiB
2026/08/14 00:10:56.825, NVIDIA H200, 52, 100 %, 41 %, 142719 MiB, 143771 MiB
2026/08/14 00:10:59.826, NVIDIA H200, 58, 100 %, 40 %, 142719 MiB, 143771 MiB
2026/08/14 00:11:02.826, NVIDIA H200, 59, 100 %, 61 %, 142719 MiB, 143771 MiB
2026/08/14 00:11:05.826, NVIDIA H200, 59, 100 %, 47 %, 142719 MiB, 143771 MiB
2026/08/14 00:11:08.827, NVIDIA H200, 58, 100 %, 56 %, 142719 MiB, 143771 MiB
2026/08/14 00:11:11.827, NVIDIA H200, 31, 0 %, 0 %, 142719 MiB, 143771 MiB
2026/08/14 00:11:14.828, NVIDIA H200, 46, 100 %, 51 %, 142719 MiB, 143771 MiB
2026/08/14 00:11:17.828, NVIDIA H200, 49, 100 %, 57 %, 142719 MiB, 143771 MiB
2026/08/14 00:11:20.829, NVIDIA H200, 34, 0 %, 0 %, 142719 MiB, 143771 MiB
2026/08/14 00:11:23.829, NVIDIA H200, 28, 0 %, 0 %, 142719 MiB, 143771 MiB
2026/08/14 00:11:26.830, NVIDIA H200, 27, 0 %, 0 %, 142719 MiB, 143771 MiB
2026/08/14 00:11:29.831, NVIDIA H200, 51, 96 %, 39 %, 142719 MiB, 143771 MiB
2026/08/14 00:11:32.831, NVIDIA H200, 53, 100 %, 46 %, 142719 MiB, 143771 MiB
2026/08/14 00:11:35.832, NVIDIA H200, 51, 100 %, 55 %, 142719 MiB, 143771 MiB
2026/08/14 00:11:38.832, NVIDIA H200, 55, 100 %, 22 %, 142719 MiB, 143771 MiB
2026/08/14 00:11:41.832, NVIDIA H200, 56, 98 %, 35 %, 142719 MiB, 143771 MiB
2026/08/14 00:11:44.833, NVIDIA H200, 57, 100 %, 42 %, 142719 MiB, 143771 MiB
2026/08/14 00:11:47.835, NVIDIA H200, 57, 100 %, 58 %, 142719 MiB, 143771 MiB
2026/08/14 00:11:50.835, NVIDIA H200, 59, 100 %, 49 %, 142719 MiB, 143771 MiB
2026/08/14 00:11:53.836, NVIDIA H200, 54, 97 %, 51 %, 142719 MiB, 143771 MiB
2026/08/14 00:11:56.836, NVIDIA H200, 57, 100 %, 48 %, 142719 MiB, 143771 MiB
2026/08/14 00:11:59.836, NVIDIA H200, 54, 96 %, 59 %, 142719 MiB, 143771 MiB
2026/08/14 00:12:02.837, NVIDIA H200, 58, 100 %, 46 %, 142719 MiB, 143771 MiB
2026/08/14 00:12:05.837, NVIDIA H200, 57, 98 %, 57 %, 142719 MiB, 143771 MiB
2026/08/14 00:12:08.838, NVIDIA H200, 57, 100 %, 55 %, 142719 MiB, 143771 MiB
2026/08/14 00:12:11.838, NVIDIA H200, 58, 100 %, 43 %, 142719 MiB, 143771 MiB
2026/08/14 00:12:14.839, NVIDIA H200, 56, 99 %, 44 %, 142719 MiB, 143771 MiB
2026/08/14 00:12:17.839, NVIDIA H200, 61, 100 %, 53 %, 142719 MiB, 143771 MiB
2026/08/14 00:12:20.840, NVIDIA H200, 56, 100 %, 54 %, 142719 MiB, 143771 MiB
2026/08/14 00:12:23.840, NVIDIA H200, 57, 100 %, 50 %, 142719 MiB, 143771 MiB
2026/08/14 00:12:26.841, NVIDIA H200, 55, 99 %, 50 %, 142719 MiB, 143771 MiB
2026/08/14 00:12:29.841, NVIDIA H200, 56, 100 %, 51 %, 142719 MiB, 143771 MiB
2026/08/14 00:12:32.842, NVIDIA H200, 57, 100 %, 49 %, 142719 MiB, 143771 MiB
2026/08/14 00:12:35.842, NVIDIA H200, 56, 100 %, 50 %, 142719 MiB, 143771 MiB
2026/08/14 00:12:38.843, NVIDIA H200, 57, 99 %, 52 %, 142719 MiB, 143771 MiB
2026/08/14 00:12:41.843, NVIDIA H200, 53, 100 %, 52 %, 142719 MiB, 143771 MiB
2026/08/14 00:12:44.844, NVIDIA H200, 57, 100 %, 41 %, 142719 MiB, 143771 MiB
2026/08/14 00:12:47.844, NVIDIA H200, 59, 97 %, 41 %, 142719 MiB, 143771 MiB
2026/08/14 00:12:50.845, NVIDIA H200, 61, 100 %, 65 %, 142719 MiB, 143771 MiB
2026/08/14 00:12:53.845, NVIDIA H200, 56, 100 %, 54 %, 142719 MiB, 143771 MiB
2026/08/14 00:12:56.846, NVIDIA H200, 57, 100 %, 49 %, 142719 MiB, 143771 MiB
2026/08/14 00:12:59.846, NVIDIA H200, 30, 0 %, 0 %, 142719 MiB, 143771 MiB
2026/08/14 00:13:02.847, NVIDIA H200, 30, 0 %, 0 %, 142719 MiB, 143771 MiB
2026/08/14 00:13:05.847, NVIDIA H200, 45, 100 %, 49 %, 142719 MiB, 143771 MiB
2026/08/14 00:13:08.847, NVIDIA H200, 31, 0 %, 0 %, 142719 MiB, 143771 MiB
2026/08/14 00:13:11.848, NVIDIA H200, 28, 0 %, 0 %, 142719 MiB, 143771 MiB
2026/08/14 00:13:14.849, NVIDIA H200, 27, 0 %, 0 %, 142719 MiB, 143771 MiB
2026/08/14 00:13:17.849, NVIDIA H200, 55, 100 %, 43 %, 142719 MiB, 143771 MiB
2026/08/14 00:13:20.850, NVIDIA H200, 53, 100 %, 56 %, 142719 MiB, 143771 MiB
2026/08/14 00:13:23.850, NVIDIA H200, 58, 100 %, 44 %, 142719 MiB, 143771 MiB
2026/08/14 00:13:26.851, NVIDIA H200, 55, 98 %, 41 %, 142719 MiB, 143771 MiB
2026/08/14 00:13:29.851, NVIDIA H200, 60, 100 %, 40 %, 142719 MiB, 143771 MiB
2026/08/14 00:13:32.852, NVIDIA H200, 54, 100 %, 54 %, 142719 MiB, 143771 MiB
2026/08/14 00:13:35.852, NVIDIA H200, 59, 100 %, 41 %, 142719 MiB, 143771 MiB
2026/08/14 00:13:38.853, NVIDIA H200, 57, 100 %, 52 %, 142719 MiB, 143771 MiB
2026/08/14 00:13:41.853, NVIDIA H200, 59, 100 %, 53 %, 142719 MiB, 143771 MiB
2026/08/14 00:13:44.854, NVIDIA H200, 56, 99 %, 56 %, 142719 MiB, 143771 MiB
2026/08/14 00:13:47.854, NVIDIA H200, 56, 100 %, 52 %, 142719 MiB, 143771 MiB
2026/08/14 00:13:50.855, NVIDIA H200, 57, 100 %, 49 %, 142719 MiB, 143771 MiB
2026/08/14 00:13:53.855, NVIDIA H200, 56, 100 %, 51 %, 142719 MiB, 143771 MiB
2026/08/14 00:13:56.856, NVIDIA H200, 57, 100 %, 34 %, 142719 MiB, 143771 MiB
2026/08/14 00:13:59.857, NVIDIA H200, 57, 100 %, 48 %, 142719 MiB, 143771 MiB
2026/08/14 00:14:02.857, NVIDIA H200, 60, 100 %, 44 %, 142719 MiB, 143771 MiB
2026/08/14 00:14:05.857, NVIDIA H200, 55, 100 %, 56 %, 142719 MiB, 143771 MiB
2026/08/14 00:14:08.858, NVIDIA H200, 56, 100 %, 48 %, 142719 MiB, 143771 MiB
2026/08/14 00:14:11.858, NVIDIA H200, 56, 98 %, 73 %, 142719 MiB, 143771 MiB
2026/08/14 00:14:14.859, NVIDIA H200, 52, 100 %, 59 %, 142719 MiB, 143771 MiB
2026/08/14 00:14:17.859, NVIDIA H200, 58, 100 %, 48 %, 142719 MiB, 143771 MiB
2026/08/14 00:14:20.859, NVIDIA H200, 60, 99 %, 43 %, 142719 MiB, 143771 MiB
2026/08/14 00:14:23.860, NVIDIA H200, 58, 100 %, 54 %, 142719 MiB, 143771 MiB
2026/08/14 00:14:26.860, NVIDIA H200, 58, 100 %, 54 %, 142719 MiB, 143771 MiB
2026/08/14 00:14:29.860, NVIDIA H200, 58, 100 %, 52 %, 142719 MiB, 143771 MiB
2026/08/14 00:14:32.861, NVIDIA H200, 56, 100 %, 56 %, 142719 MiB, 143771 MiB
2026/08/14 00:14:35.861, NVIDIA H200, 58, 100 %, 49 %, 142719 MiB, 143771 MiB
2026/08/14 00:14:38.862, NVIDIA H200, 58, 100 %, 49 %, 142719 MiB, 143771 MiB
2026/08/14 00:14:41.862, NVIDIA H200, 56, 100 %, 50 %, 142719 MiB, 143771 MiB
2026/08/14 00:14:44.862, NVIDIA H200, 58, 100 %, 29 %, 142719 MiB, 143771 MiB
2026/08/14 00:14:47.863, NVIDIA H200, 30, 0 %, 0 %, 142719 MiB, 143771 MiB
2026/08/14 00:14:50.863, NVIDIA H200, 32, 0 %, 0 %, 142719 MiB, 143771 MiB
2026/08/14 00:14:53.864, NVIDIA H200, 41, 96 %, 50 %, 142719 MiB, 143771 MiB
2026/08/14 00:14:56.864, NVIDIA H200, 28, 0 %, 0 %, 142719 MiB, 143771 MiB
2026/08/14 00:14:59.864, NVIDIA H200, 27, 0 %, 0 %, 142719 MiB, 143771 MiB
2026/08/14 00:15:02.865, NVIDIA H200, 52, 100 %, 56 %, 142719 MiB, 143771 MiB
2026/08/14 00:15:05.865, NVIDIA H200, 53, 100 %, 47 %, 142719 MiB, 143771 MiB
2026/08/14 00:15:08.866, NVIDIA H200, 59, 99 %, 46 %, 142719 MiB, 143771 MiB
2026/08/14 00:15:11.866, NVIDIA H200, 58, 100 %, 45 %, 142719 MiB, 143771 MiB
2026/08/14 00:15:14.867, NVIDIA H200, 56, 100 %, 56 %, 142719 MiB, 143771 MiB
2026/08/14 00:15:17.867, NVIDIA H200, 57, 100 %, 47 %, 142719 MiB, 143771 MiB
2026/08/14 00:15:20.867, NVIDIA H200, 54, 98 %, 71 %, 142719 MiB, 143771 MiB
2026/08/14 00:15:23.868, NVIDIA H200, 56, 100 %, 58 %, 142719 MiB, 143771 MiB
2026/08/14 00:15:26.868, NVIDIA H200, 58, 100 %, 47 %, 142719 MiB, 143771 MiB
2026/08/14 00:15:29.869, NVIDIA H200, 55, 99 %, 42 %, 142719 MiB, 143771 MiB
2026/08/14 00:15:32.869, NVIDIA H200, 58, 100 %, 63 %, 142719 MiB, 143771 MiB
2026/08/14 00:15:35.870, NVIDIA H200, 58, 100 %, 57 %, 142719 MiB, 143771 MiB
2026/08/14 00:15:38.870, NVIDIA H200, 61, 100 %, 54 %, 142719 MiB, 143771 MiB
2026/08/14 00:15:41.871, NVIDIA H200, 55, 99 %, 55 %, 142719 MiB, 143771 MiB
2026/08/14 00:15:44.871, NVIDIA H200, 56, 100 %, 53 %, 142719 MiB, 143771 MiB
2026/08/14 00:15:47.871, NVIDIA H200, 56, 100 %, 49 %, 142719 MiB, 143771 MiB
2026/08/14 00:15:50.872, NVIDIA H200, 55, 100 %, 50 %, 142719 MiB, 143771 MiB
2026/08/14 00:15:53.872, NVIDIA H200, 56, 100 %, 33 %, 142719 MiB, 143771 MiB
2026/08/14 00:15:56.873, NVIDIA H200, 60, 100 %, 51 %, 142719 MiB, 143771 MiB
2026/08/14 00:15:59.873, NVIDIA H200, 59, 100 %, 46 %, 142719 MiB, 143771 MiB
2026/08/14 00:16:02.873, NVIDIA H200, 57, 100 %, 56 %, 142719 MiB, 143771 MiB
2026/08/14 00:16:05.874, NVIDIA H200, 57, 100 %, 47 %, 142719 MiB, 143771 MiB
2026/08/14 00:16:08.874, NVIDIA H200, 55, 98 %, 69 %, 142719 MiB, 143771 MiB
2026/08/14 00:16:11.875, NVIDIA H200, 57, 100 %, 58 %, 142719 MiB, 143771 MiB
2026/08/14 00:16:14.875, NVIDIA H200, 58, 100 %, 48 %, 142719 MiB, 143771 MiB
2026/08/14 00:16:17.876, NVIDIA H200, 55, 98 %, 43 %, 142719 MiB, 143771 MiB
2026/08/14 00:16:20.876, NVIDIA H200, 58, 100 %, 64 %, 142719 MiB, 143771 MiB
2026/08/14 00:16:23.876, NVIDIA H200, 57, 100 %, 51 %, 142719 MiB, 143771 MiB
2026/08/14 00:16:26.877, NVIDIA H200, 61, 100 %, 49 %, 142719 MiB, 143771 MiB
2026/08/14 00:16:29.878, NVIDIA H200, 43, 0 %, 0 %, 142719 MiB, 143771 MiB
2026/08/14 00:16:32.878, NVIDIA H200, 29, 0 %, 0 %, 142719 MiB, 143771 MiB
2026/08/14 00:16:35.878, NVIDIA H200, 34, 0 %, 0 %, 142719 MiB, 143771 MiB
2026/08/14 00:16:38.879, NVIDIA H200, 33, 0 %, 0 %, 142719 MiB, 143771 MiB
2026/08/14 00:16:41.879, NVIDIA H200, 28, 0 %, 0 %, 142719 MiB, 143771 MiB
2026/08/14 00:16:44.880, NVIDIA H200, 44, 100 %, 48 %, 142719 MiB, 143771 MiB
2026/08/14 00:16:47.880, NVIDIA H200, 55, 100 %, 38 %, 142719 MiB, 143771 MiB
2026/08/14 00:16:50.881, NVIDIA H200, 54, 100 %, 61 %, 142719 MiB, 143771 MiB
2026/08/14 00:16:53.881, NVIDIA H200, 56, 100 %, 47 %, 142719 MiB, 143771 MiB
2026/08/14 00:16:56.881, NVIDIA H200, 56, 98 %, 65 %, 142719 MiB, 143771 MiB
2026/08/14 00:16:59.882, NVIDIA H200, 54, 100 %, 57 %, 142719 MiB, 143771 MiB
2026/08/14 00:17:02.882, NVIDIA H200, 56, 100 %, 51 %, 142719 MiB, 143771 MiB
2026/08/14 00:17:05.883, NVIDIA H200, 59, 99 %, 42 %, 142719 MiB, 143771 MiB
2026/08/14 00:17:08.883, NVIDIA H200, 59, 100 %, 51 %, 142719 MiB, 143771 MiB
2026/08/14 00:17:11.884, NVIDIA H200, 57, 100 %, 53 %, 142719 MiB, 143771 MiB
2026/08/14 00:17:14.884, NVIDIA H200, 57, 100 %, 45 %, 142719 MiB, 143771 MiB
2026/08/14 00:17:17.884, NVIDIA H200, 55, 100 %, 55 %, 142719 MiB, 143771 MiB
2026/08/14 00:17:20.885, NVIDIA H200, 57, 100 %, 52 %, 142719 MiB, 143771 MiB
2026/08/14 00:17:23.885, NVIDIA H200, 58, 100 %, 52 %, 142719 MiB, 143771 MiB
2026/08/14 00:17:26.886, NVIDIA H200, 55, 100 %, 48 %, 142719 MiB, 143771 MiB
2026/08/14 00:17:29.886, NVIDIA H200, 58, 100 %, 21 %, 142719 MiB, 143771 MiB
2026/08/14 00:17:32.887, NVIDIA H200, 58, 97 %, 35 %, 142719 MiB, 143771 MiB
2026/08/14 00:17:35.887, NVIDIA H200, 61, 100 %, 42 %, 142719 MiB, 143771 MiB
2026/08/14 00:17:38.887, NVIDIA H200, 54, 100 %, 53 %, 142719 MiB, 143771 MiB
2026/08/14 00:17:41.888, NVIDIA H200, 57, 100 %, 46 %, 142719 MiB, 143771 MiB
2026/08/14 00:17:44.888, NVIDIA H200, 56, 98 %, 61 %, 142719 MiB, 143771 MiB
2026/08/14 00:17:47.889, NVIDIA H200, 57, 100 %, 54 %, 142719 MiB, 143771 MiB
2026/08/14 00:17:50.889, NVIDIA H200, 56, 100 %, 45 %, 142719 MiB, 143771 MiB
2026/08/14 00:17:53.890, NVIDIA H200, 58, 97 %, 47 %, 142719 MiB, 143771 MiB
2026/08/14 00:17:56.890, NVIDIA H200, 57, 100 %, 47 %, 142719 MiB, 143771 MiB
2026/08/14 00:17:59.890, NVIDIA H200, 57, 100 %, 56 %, 142719 MiB, 143771 MiB
2026/08/14 00:18:02.891, NVIDIA H200, 58, 100 %, 41 %, 142719 MiB, 143771 MiB
2026/08/14 00:18:05.891, NVIDIA H200, 55, 100 %, 51 %, 142719 MiB, 143771 MiB
2026/08/14 00:18:08.892, NVIDIA H200, 56, 100 %, 54 %, 142719 MiB, 143771 MiB
2026/08/14 00:18:11.892, NVIDIA H200, 58, 98 %, 55 %, 142719 MiB, 143771 MiB
2026/08/14 00:18:14.893, NVIDIA H200, 34, 0 %, 0 %, 142719 MiB, 143771 MiB
2026/08/14 00:18:17.893, NVIDIA H200, 29, 0 %, 0 %, 142719 MiB, 143771 MiB
2026/08/14 00:18:20.894, NVIDIA H200, 42, 100 %, 59 %, 142719 MiB, 143771 MiB
2026/08/14 00:18:23.894, NVIDIA H200, 33, 0 %, 0 %, 142719 MiB, 143771 MiB
2026/08/14 00:18:26.895, NVIDIA H200, 28, 0 %, 0 %, 142719 MiB, 143771 MiB
2026/08/14 00:18:29.895, NVIDIA H200, 27, 0 %, 0 %, 142719 MiB, 143771 MiB
2026/08/14 00:18:32.895, NVIDIA H200, 27, 0 %, 0 %, 142719 MiB, 143771 MiB
2026/08/14 00:18:35.899, NVIDIA H200, 44, 84 %, 62 %, 142719 MiB, 143771 MiB
2026/08/14 00:18:38.899, NVIDIA H200, 55, 100 %, 55 %, 142719 MiB, 143771 MiB
2026/08/14 00:18:41.900, NVIDIA H200, 56, 99 %, 44 %, 142719 MiB, 143771 MiB
2026/08/14 00:18:44.900, NVIDIA H200, 60, 100 %, 63 %, 142719 MiB, 143771 MiB
2026/08/14 00:18:47.901, NVIDIA H200, 55, 100 %, 54 %, 142719 MiB, 143771 MiB
2026/08/14 00:18:50.901, NVIDIA H200, 56, 100 %, 48 %, 142719 MiB, 143771 MiB
2026/08/14 00:18:53.901, NVIDIA H200, 55, 99 %, 49 %, 142719 MiB, 143771 MiB
2026/08/14 00:18:56.902, NVIDIA H200, 55, 100 %, 53 %, 142719 MiB, 143771 MiB
2026/08/14 00:18:59.902, NVIDIA H200, 56, 100 %, 48 %, 142719 MiB, 143771 MiB
2026/08/14 00:19:02.903, NVIDIA H200, 58, 100 %, 46 %, 142719 MiB, 143771 MiB
2026/08/14 00:19:05.903, NVIDIA H200, 58, 100 %, 36 %, 142719 MiB, 143771 MiB
2026/08/14 00:19:08.904, NVIDIA H200, 57, 100 %, 58 %, 142719 MiB, 143771 MiB
2026/08/14 00:19:11.904, NVIDIA H200, 59, 100 %, 44 %, 142719 MiB, 143771 MiB
2026/08/14 00:19:14.904, NVIDIA H200, 54, 100 %, 50 %, 142719 MiB, 143771 MiB
2026/08/14 00:19:17.905, NVIDIA H200, 55, 100 %, 46 %, 142719 MiB, 143771 MiB
2026/08/14 00:19:20.905, NVIDIA H200, 57, 99 %, 53 %, 142719 MiB, 143771 MiB
2026/08/14 00:19:23.906, NVIDIA H200, 55, 100 %, 54 %, 142719 MiB, 143771 MiB
2026/08/14 00:19:26.906, NVIDIA H200, 58, 100 %, 38 %, 142719 MiB, 143771 MiB
2026/08/14 00:19:29.907, NVIDIA H200, 58, 98 %, 35 %, 142719 MiB, 143771 MiB
2026/08/14 00:19:32.907, NVIDIA H200, 61, 100 %, 54 %, 142719 MiB, 143771 MiB
2026/08/14 00:19:35.907, NVIDIA H200, 56, 100 %, 50 %, 142719 MiB, 143771 MiB
2026/08/14 00:19:38.908, NVIDIA H200, 58, 100 %, 44 %, 142719 MiB, 143771 MiB
2026/08/14 00:19:41.908, NVIDIA H200, 54, 98 %, 52 %, 142719 MiB, 143771 MiB
2026/08/14 00:19:44.909, NVIDIA H200, 55, 100 %, 49 %, 142719 MiB, 143771 MiB
2026/08/14 00:19:47.909, NVIDIA H200, 55, 100 %, 45 %, 142719 MiB, 143771 MiB
2026/08/14 00:19:50.910, NVIDIA H200, 52, 100 %, 49 %, 142719 MiB, 143771 MiB
2026/08/14 00:19:53.910, NVIDIA H200, 58, 100 %, 43 %, 142719 MiB, 143771 MiB
2026/08/14 00:19:56.910, NVIDIA H200, 59, 100 %, 59 %, 142719 MiB, 143771 MiB
2026/08/14 00:19:59.911, NVIDIA H200, 59, 100 %, 42 %, 142719 MiB, 143771 MiB
2026/08/14 00:20:02.911, NVIDIA H200, 58, 98 %, 65 %, 142719 MiB, 143771 MiB
2026/08/14 00:20:05.911, NVIDIA H200, 35, 0 %, 0 %, 142719 MiB, 143771 MiB
2026/08/14 00:20:08.912, NVIDIA H200, 29, 0 %, 0 %, 142719 MiB, 143771 MiB
2026/08/14 00:20:11.913, NVIDIA H200, 48, 99 %, 39 %, 142719 MiB, 143771 MiB
2026/08/14 00:20:14.913, NVIDIA H200, 31, 0 %, 0 %, 142719 MiB, 143771 MiB
2026/08/14 00:20:17.914, NVIDIA H200, 28, 0 %, 0 %, 142719 MiB, 143771 MiB
2026/08/14 00:20:20.914, NVIDIA H200, 49, 100 %, 56 %, 142719 MiB, 143771 MiB
2026/08/14 00:20:23.915, NVIDIA H200, 49, 100 %, 45 %, 142719 MiB, 143771 MiB
2026/08/14 00:20:26.915, NVIDIA H200, 55, 98 %, 44 %, 142719 MiB, 143771 MiB
2026/08/14 00:20:29.916, NVIDIA H200, 56, 100 %, 66 %, 142719 MiB, 143771 MiB
2026/08/14 00:20:32.916, NVIDIA H200, 57, 100 %, 54 %, 142719 MiB, 143771 MiB
2026/08/14 00:20:35.916, NVIDIA H200, 58, 100 %, 55 %, 142719 MiB, 143771 MiB
2026/08/14 00:20:38.917, NVIDIA H200, 57, 99 %, 52 %, 142719 MiB, 143771 MiB
2026/08/14 00:20:41.917, NVIDIA H200, 59, 100 %, 52 %, 142719 MiB, 143771 MiB
2026/08/14 00:20:44.918, NVIDIA H200, 54, 100 %, 50 %, 142719 MiB, 143771 MiB
2026/08/14 00:20:47.918, NVIDIA H200, 56, 100 %, 52 %, 142719 MiB, 143771 MiB
2026/08/14 00:20:50.918, NVIDIA H200, 57, 100 %, 34 %, 142719 MiB, 143771 MiB
2026/08/14 00:20:53.919, NVIDIA H200, 54, 100 %, 55 %, 142719 MiB, 143771 MiB
2026/08/14 00:20:56.919, NVIDIA H200, 57, 100 %, 46 %, 142719 MiB, 143771 MiB
2026/08/14 00:20:59.920, NVIDIA H200, 58, 100 %, 53 %, 142719 MiB, 143771 MiB
2026/08/14 00:21:02.920, NVIDIA H200, 61, 100 %, 44 %, 142719 MiB, 143771 MiB
2026/08/14 00:21:05.921, NVIDIA H200, 55, 98 %, 63 %, 142719 MiB, 143771 MiB
2026/08/14 00:21:08.922, NVIDIA H200, 57, 100 %, 57 %, 142719 MiB, 143771 MiB
2026/08/14 00:21:11.922, NVIDIA H200, 55, 100 %, 47 %, 142719 MiB, 143771 MiB
2026/08/14 00:21:14.922, NVIDIA H200, 55, 98 %, 45 %, 142719 MiB, 143771 MiB
2026/08/14 00:21:17.923, NVIDIA H200, 56, 100 %, 63 %, 142719 MiB, 143771 MiB
2026/08/14 00:21:20.923, NVIDIA H200, 57, 100 %, 54 %, 142719 MiB, 143771 MiB
2026/08/14 00:21:23.924, NVIDIA H200, 58, 100 %, 54 %, 142719 MiB, 143771 MiB
2026/08/14 00:21:26.924, NVIDIA H200, 57, 99 %, 53 %, 142719 MiB, 143771 MiB
2026/08/14 00:21:29.925, NVIDIA H200, 56, 100 %, 53 %, 142719 MiB, 143771 MiB
2026/08/14 00:21:32.925, NVIDIA H200, 56, 100 %, 51 %, 142719 MiB, 143771 MiB
2026/08/14 00:21:35.926, NVIDIA H200, 55, 100 %, 50 %, 142719 MiB, 143771 MiB
2026/08/14 00:21:38.926, NVIDIA H200, 56, 100 %, 32 %, 142719 MiB, 143771 MiB
2026/08/14 00:21:41.926, NVIDIA H200, 59, 100 %, 56 %, 142719 MiB, 143771 MiB
2026/08/14 00:21:44.927, NVIDIA H200, 59, 100 %, 48 %, 142719 MiB, 143771 MiB
2026/08/14 00:21:47.927, NVIDIA H200, 58, 100 %, 49 %, 142719 MiB, 143771 MiB
2026/08/14 00:21:50.928, NVIDIA H200, 31, 0 %, 0 %, 142719 MiB, 143771 MiB
2026/08/14 00:21:53.928, NVIDIA H200, 28, 0 %, 0 %, 142719 MiB, 143771 MiB
2026/08/14 00:21:56.929, NVIDIA H200, 53, 100 %, 46 %, 142719 MiB, 143771 MiB
2026/08/14 00:21:59.929, NVIDIA H200, 30, 0 %, 0 %, 142719 MiB, 143771 MiB
2026/08/14 00:22:02.930, NVIDIA H200, 28, 0 %, 0 %, 142719 MiB, 143771 MiB
2026/08/14 00:22:05.930, NVIDIA H200, 51, 100 %, 48 %, 142719 MiB, 143771 MiB
2026/08/14 00:22:08.930, NVIDIA H200, 54, 100 %, 55 %, 142719 MiB, 143771 MiB
2026/08/14 00:22:11.931, NVIDIA H200, 60, 100 %, 53 %, 142719 MiB, 143771 MiB
2026/08/14 00:22:14.931, NVIDIA H200, 56, 99 %, 57 %, 142719 MiB, 143771 MiB
2026/08/14 00:22:17.932, NVIDIA H200, 55, 100 %, 53 %, 142719 MiB, 143771 MiB
2026/08/14 00:22:20.932, NVIDIA H200, 55, 100 %, 48 %, 142719 MiB, 143771 MiB
2026/08/14 00:22:23.933, NVIDIA H200, 55, 100 %, 51 %, 142719 MiB, 143771 MiB
2026/08/14 00:22:26.933, NVIDIA H200, 56, 100 %, 34 %, 142719 MiB, 143771 MiB
2026/08/14 00:22:29.934, NVIDIA H200, 59, 100 %, 50 %, 142719 MiB, 143771 MiB
2026/08/14 00:22:32.934, NVIDIA H200, 59, 100 %, 46 %, 142719 MiB, 143771 MiB
2026/08/14 00:22:35.934, NVIDIA H200, 57, 100 %, 56 %, 142719 MiB, 143771 MiB
2026/08/14 00:22:38.935, NVIDIA H200, 58, 100 %, 45 %, 142719 MiB, 143771 MiB
2026/08/14 00:22:41.935, NVIDIA H200, 54, 98 %, 69 %, 142719 MiB, 143771 MiB
2026/08/14 00:22:44.936, NVIDIA H200, 57, 100 %, 52 %, 142719 MiB, 143771 MiB
2026/08/14 00:22:47.936, NVIDIA H200, 58, 100 %, 47 %, 142719 MiB, 143771 MiB
2026/08/14 00:22:50.937, NVIDIA H200, 55, 97 %, 43 %, 142719 MiB, 143771 MiB
2026/08/14 00:22:53.937, NVIDIA H200, 57, 100 %, 63 %, 142719 MiB, 143771 MiB
2026/08/14 00:22:56.938, NVIDIA H200, 57, 100 %, 57 %, 142719 MiB, 143771 MiB
2026/08/14 00:22:59.938, NVIDIA H200, 61, 100 %, 53 %, 142719 MiB, 143771 MiB
2026/08/14 00:23:02.939, NVIDIA H200, 54, 99 %, 56 %, 142719 MiB, 143771 MiB
2026/08/14 00:23:05.939, NVIDIA H200, 57, 100 %, 53 %, 142719 MiB, 143771 MiB
2026/08/14 00:23:08.940, NVIDIA H200, 56, 100 %, 49 %, 142719 MiB, 143771 MiB
2026/08/14 00:23:11.940, NVIDIA H200, 56, 100 %, 51 %, 142719 MiB, 143771 MiB
2026/08/14 00:23:14.941, NVIDIA H200, 56, 100 %, 34 %, 142719 MiB, 143771 MiB
2026/08/14 00:23:17.941, NVIDIA H200, 59, 100 %, 48 %, 142719 MiB, 143771 MiB
2026/08/14 00:23:20.944, NVIDIA H200, 59, 100 %, 45 %, 142719 MiB, 143771 MiB
2026/08/14 00:23:23.944, NVIDIA H200, 57, 100 %, 55 %, 142719 MiB, 143771 MiB
2026/08/14 00:23:26.945, NVIDIA H200, 57, 100 %, 48 %, 142719 MiB, 143771 MiB
2026/08/14 00:23:29.945, NVIDIA H200, 55, 99 %, 71 %, 142719 MiB, 143771 MiB
2026/08/14 00:23:32.946, NVIDIA H200, 57, 100 %, 57 %, 142719 MiB, 143771 MiB
2026/08/14 00:23:35.946, NVIDIA H200, 32, 0 %, 0 %, 142719 MiB, 143771 MiB
2026/08/14 00:23:38.947, NVIDIA H200, 28, 0 %, 0 %, 142719 MiB, 143771 MiB
2026/08/14 00:23:41.947, NVIDIA H200, 53, 100 %, 41 %, 142719 MiB, 143771 MiB
2026/08/14 00:23:44.948, NVIDIA H200, 30, 0 %, 0 %, 142719 MiB, 143771 MiB
2026/08/14 00:23:47.948, NVIDIA H200, 28, 0 %, 0 %, 142719 MiB, 143771 MiB
2026/08/14 00:23:50.950, NVIDIA H200, 49, 99 %, 50 %, 142719 MiB, 143771 MiB
2026/08/14 00:23:53.950, NVIDIA H200, 55, 100 %, 45 %, 142719 MiB, 143771 MiB
2026/08/14 00:23:56.950, NVIDIA H200, 57, 100 %, 50 %, 142719 MiB, 143771 MiB
2026/08/14 00:23:59.951, NVIDIA H200, 58, 100 %, 45 %, 142719 MiB, 143771 MiB
2026/08/14 00:24:02.951, NVIDIA H200, 56, 98 %, 58 %, 142719 MiB, 143771 MiB
2026/08/14 00:24:05.952, NVIDIA H200, 57, 100 %, 57 %, 142719 MiB, 143771 MiB
2026/08/14 00:24:08.953, NVIDIA H200, 58, 100 %, 45 %, 142719 MiB, 143771 MiB
2026/08/14 00:24:11.954, NVIDIA H200, 56, 98 %, 44 %, 142719 MiB, 143771 MiB
2026/08/14 00:24:14.955, NVIDIA H200, 58, 100 %, 64 %, 142719 MiB, 143771 MiB
2026/08/14 00:24:17.955, NVIDIA H200, 58, 100 %, 52 %, 142719 MiB, 143771 MiB
2026/08/14 00:24:20.958, NVIDIA H200, 60, 100 %, 54 %, 142719 MiB, 143771 MiB
2026/08/14 00:24:23.959, NVIDIA H200, 55, 100 %, 51 %, 142719 MiB, 143771 MiB
2026/08/14 00:24:26.959, NVIDIA H200, 56, 100 %, 52 %, 142719 MiB, 143771 MiB
2026/08/14 00:24:29.960, NVIDIA H200, 56, 100 %, 51 %, 142719 MiB, 143771 MiB
2026/08/14 00:24:32.960, NVIDIA H200, 55, 100 %, 51 %, 142719 MiB, 143771 MiB
2026/08/14 00:24:35.961, NVIDIA H200, 57, 100 %, 51 %, 142719 MiB, 143771 MiB
2026/08/14 00:24:38.961, NVIDIA H200, 59, 100 %, 51 %, 142719 MiB, 143771 MiB
2026/08/14 00:24:41.962, NVIDIA H200, 59, 100 %, 44 %, 142719 MiB, 143771 MiB
2026/08/14 00:24:44.962, NVIDIA H200, 57, 98 %, 50 %, 142719 MiB, 143771 MiB
2026/08/14 00:24:47.963, NVIDIA H200, 58, 100 %, 51 %, 142719 MiB, 143771 MiB
2026/08/14 00:24:50.964, NVIDIA H200, 55, 100 %, 46 %, 142719 MiB, 143771 MiB
2026/08/14 00:24:53.965, NVIDIA H200, 56, 100 %, 46 %, 142719 MiB, 143771 MiB
2026/08/14 00:24:56.965, NVIDIA H200, 57, 100 %, 33 %, 142719 MiB, 143771 MiB
2026/08/14 00:24:59.966, NVIDIA H200, 54, 100 %, 56 %, 142719 MiB, 143771 MiB
2026/08/14 00:25:02.966, NVIDIA H200, 57, 100 %, 46 %, 142719 MiB, 143771 MiB
2026/08/14 00:25:05.967, NVIDIA H200, 58, 100 %, 50 %, 142719 MiB, 143771 MiB
2026/08/14 00:25:08.967, NVIDIA H200, 61, 100 %, 44 %, 142719 MiB, 143771 MiB
2026/08/14 00:25:11.967, NVIDIA H200, 55, 98 %, 63 %, 142719 MiB, 143771 MiB
2026/08/14 00:25:14.968, NVIDIA H200, 58, 100 %, 57 %, 142719 MiB, 143771 MiB
2026/08/14 00:25:17.969, NVIDIA H200, 56, 100 %, 45 %, 142719 MiB, 143771 MiB
2026/08/14 00:25:20.969, NVIDIA H200, 31, 0 %, 0 %, 142719 MiB, 143771 MiB
2026/08/14 00:25:23.969, NVIDIA H200, 32, 0 %, 0 %, 142719 MiB, 143771 MiB
2026/08/14 00:25:26.970, NVIDIA H200, 44, 99 %, 40 %, 142719 MiB, 143771 MiB
2026/08/14 00:25:29.970, NVIDIA H200, 32, 0 %, 0 %, 142719 MiB, 143771 MiB
2026/08/14 00:25:32.971, NVIDIA H200, 28, 0 %, 0 %, 142719 MiB, 143771 MiB
2026/08/14 00:25:35.971, NVIDIA H200, 27, 0 %, 0 %, 142719 MiB, 143771 MiB
2026/08/14 00:25:38.972, NVIDIA H200, 41, 100 %, 43 %, 142719 MiB, 143771 MiB
2026/08/14 00:25:41.972, NVIDIA H200, 43, 46 %, 28 %, 142719 MiB, 143771 MiB
2026/08/14 00:25:44.972, NVIDIA H200, 57, 100 %, 50 %, 142719 MiB, 143771 MiB
2026/08/14 00:25:47.973, NVIDIA H200, 55, 100 %, 44 %, 142719 MiB, 143771 MiB
2026/08/14 00:25:50.973, NVIDIA H200, 57, 98 %, 47 %, 142719 MiB, 143771 MiB
2026/08/14 00:25:53.974, NVIDIA H200, 58, 100 %, 51 %, 142719 MiB, 143771 MiB
2026/08/14 00:25:56.974, NVIDIA H200, 55, 100 %, 56 %, 142719 MiB, 143771 MiB
2026/08/14 00:25:59.975, NVIDIA H200, 58, 100 %, 42 %, 142719 MiB, 143771 MiB
2026/08/14 00:26:02.975, NVIDIA H200, 58, 100 %, 53 %, 142719 MiB, 143771 MiB
2026/08/14 00:26:05.976, NVIDIA H200, 61, 100 %, 54 %, 142719 MiB, 143771 MiB
2026/08/14 00:26:08.976, NVIDIA H200, 56, 99 %, 53 %, 142719 MiB, 143771 MiB
2026/08/14 00:26:11.977, NVIDIA H200, 56, 100 %, 51 %, 142719 MiB, 143771 MiB
2026/08/14 00:26:14.978, NVIDIA H200, 57, 100 %, 33 %, 142719 MiB, 143771 MiB
2026/08/14 00:26:17.978, NVIDIA H200, 56, 100 %, 37 %, 142719 MiB, 143771 MiB
2026/08/14 00:26:20.979, NVIDIA H200, 57, 100 %, 48 %, 142719 MiB, 143771 MiB
2026/08/14 00:26:23.979, NVIDIA H200, 57, 100 %, 52 %, 142719 MiB, 143771 MiB
2026/08/14 00:26:26.980, NVIDIA H200, 60, 100 %, 44 %, 142719 MiB, 143771 MiB
2026/08/14 00:26:29.980, NVIDIA H200, 54, 98 %, 57 %, 142719 MiB, 143771 MiB
2026/08/14 00:26:32.981, NVIDIA H200, 55, 100 %, 47 %, 142719 MiB, 143771 MiB
2026/08/14 00:26:35.981, NVIDIA H200, 56, 100 %, 44 %, 142719 MiB, 143771 MiB
2026/08/14 00:26:38.982, NVIDIA H200, 52, 100 %, 46 %, 142719 MiB, 143771 MiB
2026/08/14 00:26:41.982, NVIDIA H200, 58, 100 %, 39 %, 142719 MiB, 143771 MiB
2026/08/14 00:26:44.982, NVIDIA H200, 60, 100 %, 58 %, 142719 MiB, 143771 MiB
2026/08/14 00:26:47.983, NVIDIA H200, 59, 100 %, 47 %, 142719 MiB, 143771 MiB
2026/08/14 00:26:50.983, NVIDIA H200, 58, 100 %, 49 %, 142719 MiB, 143771 MiB
2026/08/14 00:26:53.984, NVIDIA H200, 59, 100 %, 43 %, 142719 MiB, 143771 MiB
2026/08/14 00:26:56.984, NVIDIA H200, 57, 99 %, 58 %, 142719 MiB, 143771 MiB
2026/08/14 00:26:59.985, NVIDIA H200, 58, 100 %, 55 %, 142719 MiB, 143771 MiB
2026/08/14 00:27:02.985, NVIDIA H200, 58, 100 %, 43 %, 142719 MiB, 143771 MiB
2026/08/14 00:27:05.986, NVIDIA H200, 56, 99 %, 52 %, 142719 MiB, 143771 MiB
2026/08/14 00:27:08.986, NVIDIA H200, 30, 0 %, 0 %, 142719 MiB, 143771 MiB
2026/08/14 00:27:11.987, NVIDIA H200, 28, 0 %, 0 %, 142719 MiB, 143771 MiB
2026/08/14 00:27:14.987, NVIDIA H200, 41, 99 %, 40 %, 142719 MiB, 143771 MiB
2026/08/14 00:27:17.988, NVIDIA H200, 37, 0 %, 0 %, 142719 MiB, 143771 MiB
2026/08/14 00:27:20.988, NVIDIA H200, 28, 0 %, 0 %, 142719 MiB, 143771 MiB
2026/08/14 00:27:23.989, NVIDIA H200, 27, 0 %, 0 %, 142719 MiB, 143771 MiB
2026/08/14 00:27:26.990, NVIDIA H200, 27, 0 %, 0 %, 142719 MiB, 143771 MiB
2026/08/14 00:27:29.990, NVIDIA H200, 26, 0 %, 0 %, 142719 MiB, 143771 MiB
2026/08/14 00:27:32.991, NVIDIA H200, 26, 0 %, 0 %, 142719 MiB, 143771 MiB
2026/08/14 00:27:35.991, NVIDIA H200, 26, 0 %, 0 %, 142719 MiB, 143771 MiB
2026/08/14 00:27:38.992, NVIDIA H200, 26, 0 %, 0 %, 142719 MiB, 143771 MiB
2026/08/14 00:27:41.992, NVIDIA H200, 26, 0 %, 0 %, 142719 MiB, 143771 MiB
2026/08/14 00:27:44.993, NVIDIA H200, 26, 0 %, 0 %, 142719 MiB, 143771 MiB
2026/08/14 00:27:47.993, NVIDIA H200, 26, 0 %, 0 %, 142719 MiB, 143771 MiB
2026/08/14 00:27:50.993, NVIDIA H200, 26, 0 %, 0 %, 142719 MiB, 143771 MiB
2026/08/14 00:27:53.994, NVIDIA H200, 26, 0 %, 0 %, 142719 MiB, 143771 MiB
2026/08/14 00:27:56.995, NVIDIA H200, 26, 0 %, 0 %, 142719 MiB, 143771 MiB
2026/08/14 00:27:59.995, NVIDIA H200, 26, 0 %, 0 %, 142719 MiB, 143771 MiB
2026/08/14 00:28:02.995, NVIDIA H200, 26, 0 %, 0 %, 142719 MiB, 143771 MiB
2026/08/14 00:28:05.996, NVIDIA H200, 26, 0 %, 0 %, 142719 MiB, 143771 MiB
2026/08/14 00:28:08.996, NVIDIA H200, 26, 0 %, 0 %, 142719 MiB, 143771 MiB
2026/08/14 00:28:11.997, NVIDIA H200, 25, 0 %, 0 %, 142719 MiB, 143771 MiB
2026/08/14 00:28:14.997, NVIDIA H200, 25, 0 %, 0 %, 142719 MiB, 143771 MiB
2026/08/14 00:28:17.998, NVIDIA H200, 25, 0 %, 0 %, 142719 MiB, 143771 MiB
2026/08/14 00:28:20.998, NVIDIA H200, 25, 0 %, 0 %, 142719 MiB, 143771 MiB
2026/08/14 00:28:23.999, NVIDIA H200, 25, 0 %, 0 %, 142719 MiB, 143771 MiB
2026/08/14 00:28:26.999, NVIDIA H200, 25, 0 %, 0 %, 142719 MiB, 143771 MiB
2026/08/14 00:28:30.000, NVIDIA H200, 25, 0 %, 0 %, 142719 MiB, 143771 MiB
2026/08/14 00:28:33.000, NVIDIA H200, 25, 0 %, 0 %, 142719 MiB, 143771 MiB
2026/08/14 00:28:36.001, NVIDIA H200, 25, 0 %, 0 %, 142719 MiB, 143771 MiB
2026/08/14 00:28:39.001, NVIDIA H200, 25, 0 %, 0 %, 142719 MiB, 143771 MiB
2026/08/14 00:28:42.002, NVIDIA H200, 25, 0 %, 0 %, 142719 MiB, 143771 MiB
2026/08/14 00:28:45.002, NVIDIA H200, 25, 0 %, 0 %, 142719 MiB, 143771 MiB
2026/08/14 00:28:48.003, NVIDIA H200, 25, 0 %, 0 %, 142719 MiB, 143771 MiB
2026/08/14 00:28:51.003, NVIDIA H200, 25, 0 %, 0 %, 142719 MiB, 143771 MiB
2026/08/14 00:28:54.004, NVIDIA H200, 25, 0 %, 0 %, 142719 MiB, 143771 MiB
2026/08/14 00:28:57.004, NVIDIA H200, 25, 0 %, 0 %, 142719 MiB, 143771 MiB
2026/08/14 00:29:00.005, NVIDIA H200, 25, 0 %, 0 %, 142719 MiB, 143771 MiB
2026/08/14 00:29:03.005, NVIDIA H200, 25, 0 %, 0 %, 142719 MiB, 143771 MiB
2026/08/14 00:29:06.006, NVIDIA H200, 25, 0 %, 0 %, 142719 MiB, 143771 MiB
2026/08/14 00:29:09.006, NVIDIA H200, 25, 0 %, 0 %, 142719 MiB, 143771 MiB
2026/08/14 00:29:12.007, NVIDIA H200, 25, 0 %, 0 %, 142719 MiB, 143771 MiB
2026/08/14 00:29:15.007, NVIDIA H200, 25, 0 %, 0 %, 142719 MiB, 143771 MiB
2026/08/14 00:29:18.008, NVIDIA H200, 25, 0 %, 0 %, 142719 MiB, 143771 MiB
2026/08/14 00:29:21.008, NVIDIA H200, 25, 0 %, 0 %, 142719 MiB, 143771 MiB
2026/08/14 00:29:24.009, NVIDIA H200, 25, 0 %, 0 %, 142719 MiB, 143771 MiB
2026/08/14 00:29:27.009, NVIDIA H200, 25, 0 %, 0 %, 142719 MiB, 143771 MiB
2026/08/14 00:29:30.010, NVIDIA H200, 25, 0 %, 0 %, 142719 MiB, 143771 MiB
2026/08/14 00:29:33.010, NVIDIA H200, 25, 0 %, 0 %, 142719 MiB, 143771 MiB
2026/08/14 00:29:36.010, NVIDIA H200, 25, 0 %, 0 %, 142719 MiB, 143771 MiB
2026/08/14 00:29:39.011, NVIDIA H200, 25, 0 %, 0 %, 142719 MiB, 143771 MiB
2026/08/14 00:29:42.012, NVIDIA H200, 25, 0 %, 0 %, 142719 MiB, 143771 MiB
2026/08/14 00:29:45.012, NVIDIA H200, 25, 0 %, 0 %, 142719 MiB, 143771 MiB
2026/08/14 00:29:48.013, NVIDIA H200, 25, 0 %, 0 %, 142719 MiB, 143771 MiB
2026/08/14 00:29:51.014, NVIDIA H200, 25, 0 %, 0 %, 142719 MiB, 143771 MiB
2026/08/14 00:29:54.014, NVIDIA H200, 25, 0 %, 0 %, 142719 MiB, 143771 MiB
2026/08/14 00:29:57.015, NVIDIA H200, 25, 0 %, 0 %, 142719 MiB, 143771 MiB
2026/08/14 00:30:00.015, NVIDIA H200, 25, 0 %, 0 %, 142719 MiB, 143771 MiB
2026/08/14 00:30:03.016, NVIDIA H200, 25, 0 %, 0 %, 142719 MiB, 143771 MiB
2026/08/14 00:30:06.016, NVIDIA H200, 25, 0 %, 0 %, 142719 MiB, 143771 MiB
2026/08/14 00:30:09.017, NVIDIA H200, 25, 0 %, 0 %, 142719 MiB, 143771 MiB
2026/08/14 00:30:12.018, NVIDIA H200, 25, 0 %, 0 %, 142719 MiB, 143771 MiB
2026/08/14 00:30:15.018, NVIDIA H200, 25, 0 %, 0 %, 142719 MiB, 143771 MiB
2026/08/14 00:30:18.019, NVIDIA H200, 25, 0 %, 0 %, 142719 MiB, 143771 MiB
2026/08/14 00:30:21.019, NVIDIA H200, 25, 0 %, 0 %, 142719 MiB, 143771 MiB
2026/08/14 00:30:24.020, NVIDIA H200, 25, 0 %, 0 %, 142719 MiB, 143771 MiB
2026/08/14 00:30:27.020, NVIDIA H200, 25, 0 %, 0 %, 142719 MiB, 143771 MiB
2026/08/14 00:30:30.021, NVIDIA H200, 25, 0 %, 0 %, 142719 MiB, 143771 MiB
2026/08/14 00:30:33.021, NVIDIA H200, 25, 0 %, 0 %, 142719 MiB, 143771 MiB
2026/08/14 00:30:36.022, NVIDIA H200, 25, 0 %, 0 %, 142719 MiB, 143771 MiB
2026/08/14 00:30:39.023, NVIDIA H200, 25, 0 %, 0 %, 142719 MiB, 143771 MiB
2026/08/14 00:30:42.023, NVIDIA H200, 25, 0 %, 0 %, 142719 MiB, 143771 MiB
2026/08/14 00:30:45.024, NVIDIA H200, 25, 0 %, 0 %, 142719 MiB, 143771 MiB
2026/08/14 00:30:48.024, NVIDIA H200, 25, 0 %, 0 %, 142719 MiB, 143771 MiB
2026/08/14 00:30:51.024, NVIDIA H200, 25, 0 %, 0 %, 142719 MiB, 143771 MiB
2026/08/14 00:30:54.025, NVIDIA H200, 25, 0 %, 0 %, 142719 MiB, 143771 MiB
2026/08/14 00:30:57.025, NVIDIA H200, 25, 0 %, 0 %, 142719 MiB, 143771 MiB
2026/08/14 00:31:00.026, NVIDIA H200, 25, 0 %, 0 %, 142719 MiB, 143771 MiB
2026/08/14 00:31:03.026, NVIDIA H200, 25, 0 %, 0 %, 142719 MiB, 143771 MiB
2026/08/14 00:31:06.026, NVIDIA H200, 25, 0 %, 0 %, 142719 MiB, 143771 MiB
2026/08/14 00:31:09.027, NVIDIA H200, 25, 0 %, 0 %, 142719 MiB, 143771 MiB
2026/08/14 00:31:12.027, NVIDIA H200, 25, 0 %, 0 %, 142719 MiB, 143771 MiB
2026/08/14 00:31:15.028, NVIDIA H200, 25, 0 %, 0 %, 142719 MiB, 143771 MiB
2026/08/14 00:31:18.029, NVIDIA H200, 25, 0 %, 0 %, 142719 MiB, 143771 MiB
2026/08/14 00:31:21.029, NVIDIA H200, 25, 0 %, 0 %, 142719 MiB, 143771 MiB
2026/08/14 00:31:24.030, NVIDIA H200, 25, 0 %, 0 %, 142719 MiB, 143771 MiB
2026/08/14 00:31:27.030, NVIDIA H200, 25, 0 %, 0 %, 142719 MiB, 143771 MiB
2026/08/14 00:31:30.031, NVIDIA H200, 25, 0 %, 0 %, 142719 MiB, 143771 MiB
2026/08/14 00:31:33.031, NVIDIA H200, 49, 100 %, 58 %, 142719 MiB, 143771 MiB
2026/08/14 00:31:36.032, NVIDIA H200, 53, 100 %, 65 %, 142719 MiB, 143771 MiB
2026/08/14 00:31:39.032, NVIDIA H200, 54, 100 %, 51 %, 142719 MiB, 143771 MiB
2026/08/14 00:31:42.033, NVIDIA H200, 57, 100 %, 46 %, 142719 MiB, 143771 MiB
2026/08/14 00:31:45.033, NVIDIA H200, 54, 100 %, 60 %, 142719 MiB, 143771 MiB
2026/08/14 00:31:48.034, NVIDIA H200, 57, 100 %, 52 %, 142719 MiB, 143771 MiB
2026/08/14 00:31:51.034, NVIDIA H200, 53, 100 %, 50 %, 142719 MiB, 143771 MiB
2026/08/14 00:31:54.035, NVIDIA H200, 54, 100 %, 47 %, 142719 MiB, 143771 MiB
2026/08/14 00:31:57.035, NVIDIA H200, 55, 100 %, 40 %, 142719 MiB, 143771 MiB
2026/08/14 00:32:00.036, NVIDIA H200, 54, 100 %, 58 %, 142719 MiB, 143771 MiB
2026/08/14 00:32:03.036, NVIDIA H200, 56, 100 %, 44 %, 142719 MiB, 143771 MiB
2026/08/14 00:32:06.037, NVIDIA H200, 56, 100 %, 53 %, 142719 MiB, 143771 MiB
2026/08/14 00:32:09.037, NVIDIA H200, 59, 100 %, 54 %, 142719 MiB, 143771 MiB
2026/08/14 00:32:12.038, NVIDIA H200, 53, 99 %, 56 %, 142719 MiB, 143771 MiB
2026/08/14 00:32:15.038, NVIDIA H200, 55, 100 %, 49 %, 142719 MiB, 143771 MiB
2026/08/14 00:32:18.039, NVIDIA H200, 54, 100 %, 41 %, 142719 MiB, 143771 MiB
2026/08/14 00:32:21.039, NVIDIA H200, 55, 99 %, 39 %, 142719 MiB, 143771 MiB
2026/08/14 00:32:24.040, NVIDIA H200, 55, 100 %, 59 %, 142719 MiB, 143771 MiB
2026/08/14 00:32:27.040, NVIDIA H200, 57, 100 %, 51 %, 142719 MiB, 143771 MiB
2026/08/14 00:32:30.041, NVIDIA H200, 58, 100 %, 44 %, 142719 MiB, 143771 MiB
2026/08/14 00:32:33.041, NVIDIA H200, 56, 98 %, 53 %, 142719 MiB, 143771 MiB
2026/08/14 00:32:36.042, NVIDIA H200, 56, 100 %, 49 %, 142719 MiB, 143771 MiB
2026/08/14 00:32:39.042, NVIDIA H200, 54, 100 %, 46 %, 142719 MiB, 143771 MiB
2026/08/14 00:32:42.043, NVIDIA H200, 55, 100 %, 46 %, 142719 MiB, 143771 MiB
2026/08/14 00:32:45.043, NVIDIA H200, 57, 100 %, 43 %, 142719 MiB, 143771 MiB
2026/08/14 00:32:48.043, NVIDIA H200, 55, 100 %, 58 %, 142719 MiB, 143771 MiB
2026/08/14 00:32:51.044, NVIDIA H200, 57, 100 %, 43 %, 142719 MiB, 143771 MiB
2026/08/14 00:32:54.044, NVIDIA H200, 58, 100 %, 53 %, 142719 MiB, 143771 MiB
2026/08/14 00:32:57.045, NVIDIA H200, 53, 100 %, 23 %, 44179 MiB, 143771 MiB
2026/08/14 00:33:00.045, NVIDIA H200, 51, 100 %, 21 %, 106319 MiB, 143771 MiB
2026/08/14 00:33:03.046, NVIDIA H200, 51, 100 %, 16 %, 106329 MiB, 143771 MiB
2026/08/14 00:33:06.046, NVIDIA H200, 35, 100 %, 1 %, 106329 MiB, 143771 MiB
2026/08/14 00:33:09.852, NVIDIA H200, 46, 100 %, 12 %, 100901 MiB, 143771 MiB
2026/08/14 00:33:12.853, NVIDIA H200, 41, 100 %, 36 %, 85927 MiB, 143771 MiB
2026/08/14 00:33:15.853, NVIDIA H200, 50, 100 %, 9 %, 80485 MiB, 143771 MiB
2026/08/14 00:33:18.853, NVIDIA H200, 44, 100 %, 4 %, 61433 MiB, 143771 MiB
2026/08/14 00:33:21.854, NVIDIA H200, 48, 100 %, 6 %, 39437 MiB, 143771 MiB
2026/08/14 00:33:24.854, NVIDIA H200, 42, 100 %, 2 %, 44881 MiB, 143771 MiB
2026/08/14 00:33:27.854, NVIDIA H200, 33, 100 %, 0 %, 44881 MiB, 143771 MiB
2026/08/14 00:33:30.855, NVIDIA H200, 27, 0 %, 0 %, 21157 MiB, 143771 MiB
2026/08/14 00:33:33.855, NVIDIA H200, 27, 0 %, 0 %, 42761 MiB, 143771 MiB
2026/08/14 00:33:36.856, NVIDIA H200, 54, 100 %, 51 %, 53563 MiB, 143771 MiB
2026/08/14 00:33:39.856, NVIDIA H200, 27, 0 %, 0 %, 53563 MiB, 143771 MiB
2026/08/14 00:33:42.857, NVIDIA H200, 43, 100 %, 53 %, 142259 MiB, 143771 MiB
2026/08/14 00:33:45.857, NVIDIA H200, 52, 100 %, 46 %, 142259 MiB, 143771 MiB
2026/08/14 00:33:48.858, NVIDIA H200, 50, 76 %, 23 %, 142259 MiB, 143771 MiB
2026/08/14 00:33:51.858, NVIDIA H200, 54, 100 %, 29 %, 142259 MiB, 143771 MiB
2026/08/14 00:33:54.859, NVIDIA H200, 57, 100 %, 47 %, 142259 MiB, 143771 MiB
2026/08/14 00:33:57.859, NVIDIA H200, 58, 100 %, 44 %, 142259 MiB, 143771 MiB
2026/08/14 00:34:00.859, NVIDIA H200, 57, 98 %, 43 %, 142259 MiB, 143771 MiB
2026/08/14 00:34:03.860, NVIDIA H200, 60, 100 %, 66 %, 142259 MiB, 143771 MiB
2026/08/14 00:34:06.860, NVIDIA H200, 56, 100 %, 53 %, 142259 MiB, 143771 MiB
2026/08/14 00:34:09.861, NVIDIA H200, 56, 100 %, 48 %, 142259 MiB, 143771 MiB
2026/08/14 00:34:12.861, NVIDIA H200, 55, 99 %, 49 %, 142259 MiB, 143771 MiB
2026/08/14 00:34:15.862, NVIDIA H200, 55, 100 %, 53 %, 142259 MiB, 143771 MiB
2026/08/14 00:34:18.862, NVIDIA H200, 56, 100 %, 47 %, 142259 MiB, 143771 MiB
2026/08/14 00:34:21.863, NVIDIA H200, 57, 100 %, 46 %, 142259 MiB, 143771 MiB
2026/08/14 00:34:24.864, NVIDIA H200, 58, 100 %, 42 %, 142259 MiB, 143771 MiB
2026/08/14 00:34:27.864, NVIDIA H200, 57, 100 %, 58 %, 142259 MiB, 143771 MiB
2026/08/14 00:34:30.864, NVIDIA H200, 59, 100 %, 43 %, 142259 MiB, 143771 MiB
2026/08/14 00:34:33.865, NVIDIA H200, 54, 100 %, 53 %, 142259 MiB, 143771 MiB
2026/08/14 00:34:36.865, NVIDIA H200, 56, 100 %, 52 %, 142259 MiB, 143771 MiB
2026/08/14 00:34:39.866, NVIDIA H200, 57, 99 %, 54 %, 142259 MiB, 143771 MiB
2026/08/14 00:34:42.866, NVIDIA H200, 53, 100 %, 51 %, 142259 MiB, 143771 MiB
2026/08/14 00:34:45.866, NVIDIA H200, 57, 100 %, 33 %, 142259 MiB, 143771 MiB
2026/08/14 00:34:48.867, NVIDIA H200, 58, 99 %, 35 %, 142259 MiB, 143771 MiB
2026/08/14 00:34:51.867, NVIDIA H200, 60, 100 %, 49 %, 142259 MiB, 143771 MiB
2026/08/14 00:34:54.868, NVIDIA H200, 54, 100 %, 53 %, 142259 MiB, 143771 MiB
2026/08/14 00:34:57.868, NVIDIA H200, 57, 100 %, 48 %, 142259 MiB, 143771 MiB
2026/08/14 00:35:00.868, NVIDIA H200, 55, 99 %, 63 %, 142259 MiB, 143771 MiB
2026/08/14 00:35:03.869, NVIDIA H200, 55, 100 %, 57 %, 142259 MiB, 143771 MiB
2026/08/14 00:35:06.869, NVIDIA H200, 60, 100 %, 52 %, 142259 MiB, 143771 MiB
2026/08/14 00:35:09.870, NVIDIA H200, 29, 0 %, 0 %, 142259 MiB, 143771 MiB
2026/08/14 00:35:12.870, NVIDIA H200, 46, 100 %, 55 %, 142259 MiB, 143771 MiB
2026/08/14 00:35:15.870, NVIDIA H200, 33, 0 %, 0 %, 142259 MiB, 143771 MiB
2026/08/14 00:35:18.871, NVIDIA H200, 28, 0 %, 0 %, 142259 MiB, 143771 MiB
2026/08/14 00:35:21.871, NVIDIA H200, 47, 100 %, 55 %, 142259 MiB, 143771 MiB
2026/08/14 00:35:24.872, NVIDIA H200, 55, 100 %, 49 %, 142259 MiB, 143771 MiB
2026/08/14 00:35:27.872, NVIDIA H200, 56, 100 %, 52 %, 142259 MiB, 143771 MiB
2026/08/14 00:35:30.873, NVIDIA H200, 56, 100 %, 44 %, 142259 MiB, 143771 MiB
2026/08/14 00:35:33.873, NVIDIA H200, 54, 100 %, 52 %, 142259 MiB, 143771 MiB
2026/08/14 00:35:36.873, NVIDIA H200, 56, 100 %, 53 %, 142259 MiB, 143771 MiB
2026/08/14 00:35:39.874, NVIDIA H200, 57, 100 %, 52 %, 142259 MiB, 143771 MiB
2026/08/14 00:35:42.874, NVIDIA H200, 55, 100 %, 50 %, 142259 MiB, 143771 MiB
2026/08/14 00:35:45.875, NVIDIA H200, 57, 100 %, 21 %, 142259 MiB, 143771 MiB
2026/08/14 00:35:48.875, NVIDIA H200, 57, 98 %, 37 %, 142259 MiB, 143771 MiB
2026/08/14 00:35:51.876, NVIDIA H200, 61, 100 %, 37 %, 142259 MiB, 143771 MiB
2026/08/14 00:35:54.876, NVIDIA H200, 54, 100 %, 59 %, 142259 MiB, 143771 MiB
2026/08/14 00:35:57.876, NVIDIA H200, 56, 100 %, 47 %, 142259 MiB, 143771 MiB
2026/08/14 00:36:00.877, NVIDIA H200, 55, 97 %, 61 %, 142259 MiB, 143771 MiB
2026/08/14 00:36:03.877, NVIDIA H200, 54, 100 %, 58 %, 142259 MiB, 143771 MiB
2026/08/14 00:36:06.878, NVIDIA H200, 57, 100 %, 49 %, 142259 MiB, 143771 MiB
2026/08/14 00:36:09.878, NVIDIA H200, 59, 99 %, 40 %, 142259 MiB, 143771 MiB
2026/08/14 00:36:12.879, NVIDIA H200, 59, 100 %, 50 %, 142259 MiB, 143771 MiB
2026/08/14 00:36:15.879, NVIDIA H200, 58, 100 %, 54 %, 142259 MiB, 143771 MiB
2026/08/14 00:36:18.880, NVIDIA H200, 58, 100 %, 53 %, 142259 MiB, 143771 MiB
2026/08/14 00:36:21.880, NVIDIA H200, 56, 100 %, 55 %, 142259 MiB, 143771 MiB
2026/08/14 00:36:24.880, NVIDIA H200, 58, 100 %, 57 %, 142259 MiB, 143771 MiB
2026/08/14 00:36:27.881, NVIDIA H200, 58, 100 %, 44 %, 142259 MiB, 143771 MiB
2026/08/14 00:36:30.881, NVIDIA H200, 55, 99 %, 46 %, 142259 MiB, 143771 MiB
2026/08/14 00:36:33.882, NVIDIA H200, 58, 100 %, 65 %, 142259 MiB, 143771 MiB
2026/08/14 00:36:36.882, NVIDIA H200, 57, 100 %, 52 %, 142259 MiB, 143771 MiB
2026/08/14 00:36:39.883, NVIDIA H200, 61, 100 %, 49 %, 142259 MiB, 143771 MiB
2026/08/14 00:36:42.883, NVIDIA H200, 55, 99 %, 50 %, 142259 MiB, 143771 MiB
2026/08/14 00:36:45.883, NVIDIA H200, 44, 0 %, 0 %, 142259 MiB, 143771 MiB
2026/08/14 00:36:48.884, NVIDIA H200, 29, 0 %, 0 %, 142259 MiB, 143771 MiB
2026/08/14 00:36:51.884, NVIDIA H200, 41, 100 %, 45 %, 142259 MiB, 143771 MiB
2026/08/14 00:36:54.885, NVIDIA H200, 39, 0 %, 0 %, 142259 MiB, 143771 MiB
2026/08/14 00:36:57.885, NVIDIA H200, 28, 0 %, 0 %, 142259 MiB, 143771 MiB
2026/08/14 00:37:00.886, NVIDIA H200, 50, 100 %, 53 %, 142259 MiB, 143771 MiB
2026/08/14 00:37:03.886, NVIDIA H200, 51, 100 %, 56 %, 142259 MiB, 143771 MiB
2026/08/14 00:37:06.887, NVIDIA H200, 58, 100 %, 49 %, 142259 MiB, 143771 MiB
2026/08/14 00:37:09.887, NVIDIA H200, 57, 100 %, 56 %, 142259 MiB, 143771 MiB
2026/08/14 00:37:12.887, NVIDIA H200, 59, 100 %, 42 %, 142259 MiB, 143771 MiB
2026/08/14 00:37:15.888, NVIDIA H200, 57, 100 %, 53 %, 142259 MiB, 143771 MiB
2026/08/14 00:37:18.888, NVIDIA H200, 58, 100 %, 55 %, 142259 MiB, 143771 MiB
2026/08/14 00:37:21.889, NVIDIA H200, 55, 99 %, 56 %, 142259 MiB, 143771 MiB
2026/08/14 00:37:24.889, NVIDIA H200, 55, 100 %, 49 %, 142259 MiB, 143771 MiB
2026/08/14 00:37:27.890, NVIDIA H200, 57, 100 %, 26 %, 142259 MiB, 143771 MiB
2026/08/14 00:37:30.890, NVIDIA H200, 56, 99 %, 35 %, 142259 MiB, 143771 MiB
2026/08/14 00:37:33.890, NVIDIA H200, 57, 100 %, 46 %, 142259 MiB, 143771 MiB
2026/08/14 00:37:36.891, NVIDIA H200, 57, 100 %, 57 %, 142259 MiB, 143771 MiB
2026/08/14 00:37:39.891, NVIDIA H200, 60, 100 %, 47 %, 142259 MiB, 143771 MiB
2026/08/14 00:37:42.892, NVIDIA H200, 54, 98 %, 59 %, 142259 MiB, 143771 MiB
2026/08/14 00:37:45.892, NVIDIA H200, 56, 100 %, 50 %, 142259 MiB, 143771 MiB
2026/08/14 00:37:48.893, NVIDIA H200, 56, 100 %, 44 %, 142259 MiB, 143771 MiB
2026/08/14 00:37:51.893, NVIDIA H200, 51, 99 %, 47 %, 142259 MiB, 143771 MiB
2026/08/14 00:37:54.894, NVIDIA H200, 56, 100 %, 47 %, 142259 MiB, 143771 MiB
2026/08/14 00:37:57.894, NVIDIA H200, 57, 100 %, 54 %, 142259 MiB, 143771 MiB
2026/08/14 00:38:00.895, NVIDIA H200, 58, 100 %, 42 %, 142259 MiB, 143771 MiB
2026/08/14 00:38:03.895, NVIDIA H200, 55, 100 %, 54 %, 142259 MiB, 143771 MiB
2026/08/14 00:38:06.896, NVIDIA H200, 55, 100 %, 52 %, 142259 MiB, 143771 MiB
2026/08/14 00:38:09.896, NVIDIA H200, 58, 98 %, 54 %, 142259 MiB, 143771 MiB
2026/08/14 00:38:12.896, NVIDIA H200, 55, 100 %, 48 %, 142259 MiB, 143771 MiB
2026/08/14 00:38:15.897, NVIDIA H200, 58, 100 %, 21 %, 142259 MiB, 143771 MiB
2026/08/14 00:38:18.897, NVIDIA H200, 58, 99 %, 36 %, 142259 MiB, 143771 MiB
2026/08/14 00:38:21.898, NVIDIA H200, 61, 100 %, 37 %, 142259 MiB, 143771 MiB
2026/08/14 00:38:24.898, NVIDIA H200, 55, 100 %, 53 %, 142259 MiB, 143771 MiB
2026/08/14 00:38:27.898, NVIDIA H200, 30, 0 %, 0 %, 142259 MiB, 143771 MiB
2026/08/14 00:38:30.899, NVIDIA H200, 28, 0 %, 0 %, 142259 MiB, 143771 MiB
2026/08/14 00:38:33.899, NVIDIA H200, 54, 100 %, 55 %, 142259 MiB, 143771 MiB
2026/08/14 00:38:36.900, NVIDIA H200, 29, 0 %, 0 %, 142259 MiB, 143771 MiB
2026/08/14 00:38:39.900, NVIDIA H200, 50, 100 %, 50 %, 142259 MiB, 143771 MiB
2026/08/14 00:38:42.900, NVIDIA H200, 56, 100 %, 48 %, 142259 MiB, 143771 MiB
2026/08/14 00:38:45.901, NVIDIA H200, 55, 100 %, 54 %, 142259 MiB, 143771 MiB
2026/08/14 00:38:48.901, NVIDIA H200, 57, 99 %, 54 %, 142259 MiB, 143771 MiB
2026/08/14 00:38:51.902, NVIDIA H200, 55, 100 %, 48 %, 142259 MiB, 143771 MiB
2026/08/14 00:38:54.902, NVIDIA H200, 57, 100 %, 21 %, 142259 MiB, 143771 MiB
2026/08/14 00:38:57.903, NVIDIA H200, 57, 97 %, 35 %, 142259 MiB, 143771 MiB
2026/08/14 00:39:00.903, NVIDIA H200, 60, 100 %, 44 %, 142259 MiB, 143771 MiB
2026/08/14 00:39:03.903, NVIDIA H200, 54, 100 %, 54 %, 142259 MiB, 143771 MiB
2026/08/14 00:39:06.904, NVIDIA H200, 56, 100 %, 44 %, 142259 MiB, 143771 MiB
2026/08/14 00:39:09.904, NVIDIA H200, 56, 98 %, 62 %, 142259 MiB, 143771 MiB
2026/08/14 00:39:12.905, NVIDIA H200, 55, 100 %, 57 %, 142259 MiB, 143771 MiB
2026/08/14 00:39:15.905, NVIDIA H200, 57, 100 %, 48 %, 142259 MiB, 143771 MiB
2026/08/14 00:39:18.906, NVIDIA H200, 59, 99 %, 45 %, 142259 MiB, 143771 MiB
2026/08/14 00:39:21.906, NVIDIA H200, 59, 100 %, 50 %, 142259 MiB, 143771 MiB
2026/08/14 00:39:24.907, NVIDIA H200, 59, 100 %, 56 %, 142259 MiB, 143771 MiB
2026/08/14 00:39:27.907, NVIDIA H200, 58, 100 %, 49 %, 142259 MiB, 143771 MiB
2026/08/14 00:39:30.908, NVIDIA H200, 56, 100 %, 54 %, 142259 MiB, 143771 MiB
2026/08/14 00:39:33.908, NVIDIA H200, 57, 100 %, 50 %, 142259 MiB, 143771 MiB
2026/08/14 00:39:36.908, NVIDIA H200, 58, 100 %, 49 %, 142259 MiB, 143771 MiB
2026/08/14 00:39:39.909, NVIDIA H200, 56, 100 %, 50 %, 142259 MiB, 143771 MiB
2026/08/14 00:39:42.909, NVIDIA H200, 58, 100 %, 25 %, 142259 MiB, 143771 MiB
2026/08/14 00:39:45.910, NVIDIA H200, 57, 100 %, 41 %, 142259 MiB, 143771 MiB
2026/08/14 00:39:48.910, NVIDIA H200, 60, 100 %, 41 %, 142259 MiB, 143771 MiB
2026/08/14 00:39:51.911, NVIDIA H200, 55, 100 %, 57 %, 142259 MiB, 143771 MiB
2026/08/14 00:39:54.911, NVIDIA H200, 55, 100 %, 47 %, 142259 MiB, 143771 MiB
2026/08/14 00:39:57.911, NVIDIA H200, 56, 98 %, 71 %, 142259 MiB, 143771 MiB
2026/08/14 00:40:00.912, NVIDIA H200, 51, 100 %, 58 %, 142259 MiB, 143771 MiB
2026/08/14 00:40:03.912, NVIDIA H200, 60, 100 %, 54 %, 142259 MiB, 143771 MiB
2026/08/14 00:40:06.913, NVIDIA H200, 30, 0 %, 0 %, 142259 MiB, 143771 MiB
2026/08/14 00:40:09.913, NVIDIA H200, 28, 0 %, 0 %, 142259 MiB, 143771 MiB
2026/08/14 00:40:12.914, NVIDIA H200, 53, 100 %, 55 %, 142259 MiB, 143771 MiB
2026/08/14 00:40:15.914, NVIDIA H200, 29, 0 %, 0 %, 142259 MiB, 143771 MiB
2026/08/14 00:40:18.915, NVIDIA H200, 27, 0 %, 0 %, 142259 MiB, 143771 MiB
2026/08/14 00:40:21.915, NVIDIA H200, 27, 0 %, 0 %, 142259 MiB, 143771 MiB
2026/08/14 00:40:24.916, NVIDIA H200, 36, 81 %, 39 %, 142259 MiB, 143771 MiB
2026/08/14 00:40:27.916, NVIDIA H200, 54, 100 %, 43 %, 142259 MiB, 143771 MiB
2026/08/14 00:40:30.916, NVIDIA H200, 44, 100 %, 51 %, 142259 MiB, 143771 MiB
2026/08/14 00:40:33.917, NVIDIA H200, 58, 100 %, 42 %, 142259 MiB, 143771 MiB
2026/08/14 00:40:36.917, NVIDIA H200, 56, 100 %, 58 %, 142259 MiB, 143771 MiB
2026/08/14 00:40:39.918, NVIDIA H200, 59, 100 %, 48 %, 142259 MiB, 143771 MiB
2026/08/14 00:40:42.918, NVIDIA H200, 54, 100 %, 50 %, 142259 MiB, 143771 MiB
2026/08/14 00:40:45.918, NVIDIA H200, 55, 100 %, 46 %, 142259 MiB, 143771 MiB
2026/08/14 00:40:48.919, NVIDIA H200, 57, 98 %, 57 %, 142259 MiB, 143771 MiB
2026/08/14 00:40:51.919, NVIDIA H200, 52, 100 %, 57 %, 142259 MiB, 143771 MiB
2026/08/14 00:40:54.920, NVIDIA H200, 56, 100 %, 46 %, 142259 MiB, 143771 MiB
2026/08/14 00:40:57.920, NVIDIA H200, 58, 99 %, 45 %, 142259 MiB, 143771 MiB
2026/08/14 00:41:00.921, NVIDIA H200, 61, 100 %, 39 %, 142259 MiB, 143771 MiB
2026/08/14 00:41:03.921, NVIDIA H200, 56, 100 %, 52 %, 142259 MiB, 143771 MiB
2026/08/14 00:41:06.922, NVIDIA H200, 60, 100 %, 54 %, 142259 MiB, 143771 MiB
2026/08/14 00:41:09.922, NVIDIA H200, 54, 100 %, 55 %, 142259 MiB, 143771 MiB
2026/08/14 00:41:12.923, NVIDIA H200, 55, 100 %, 49 %, 142259 MiB, 143771 MiB
2026/08/14 00:41:15.923, NVIDIA H200, 55, 100 %, 21 %, 142259 MiB, 143771 MiB
2026/08/14 00:41:18.923, NVIDIA H200, 52, 99 %, 38 %, 142259 MiB, 143771 MiB
2026/08/14 00:41:21.924, NVIDIA H200, 58, 100 %, 36 %, 142259 MiB, 143771 MiB
2026/08/14 00:41:24.924, NVIDIA H200, 59, 100 %, 59 %, 142259 MiB, 143771 MiB
2026/08/14 00:41:27.924, NVIDIA H200, 60, 100 %, 47 %, 142259 MiB, 143771 MiB
2026/08/14 00:41:30.925, NVIDIA H200, 58, 98 %, 62 %, 142259 MiB, 143771 MiB
2026/08/14 00:41:33.925, NVIDIA H200, 58, 100 %, 52 %, 142259 MiB, 143771 MiB
2026/08/14 00:41:36.926, NVIDIA H200, 54, 100 %, 44 %, 142259 MiB, 143771 MiB
2026/08/14 00:41:39.926, NVIDIA H200, 56, 100 %, 46 %, 142259 MiB, 143771 MiB
2026/08/14 00:41:42.927, NVIDIA H200, 58, 100 %, 42 %, 142259 MiB, 143771 MiB
2026/08/14 00:41:45.927, NVIDIA H200, 55, 100 %, 58 %, 142259 MiB, 143771 MiB
2026/08/14 00:41:48.927, NVIDIA H200, 58, 100 %, 43 %, 142259 MiB, 143771 MiB
2026/08/14 00:41:51.928, NVIDIA H200, 31, 0 %, 0 %, 142259 MiB, 143771 MiB
2026/08/14 00:41:54.928, NVIDIA H200, 28, 0 %, 0 %, 142259 MiB, 143771 MiB
2026/08/14 00:41:57.929, NVIDIA H200, 53, 100 %, 50 %, 142259 MiB, 143771 MiB
2026/08/14 00:42:00.929, NVIDIA H200, 30, 0 %, 0 %, 142259 MiB, 143771 MiB
2026/08/14 00:42:03.930, NVIDIA H200, 51, 100 %, 51 %, 142259 MiB, 143771 MiB
2026/08/14 00:42:06.930, NVIDIA H200, 55, 100 %, 46 %, 142259 MiB, 143771 MiB
2026/08/14 00:42:09.931, NVIDIA H200, 50, 100 %, 55 %, 142259 MiB, 143771 MiB
2026/08/14 00:42:12.931, NVIDIA H200, 55, 100 %, 60 %, 142259 MiB, 143771 MiB
2026/08/14 00:42:15.932, NVIDIA H200, 46, 100 %, 43 %, 142259 MiB, 143771 MiB
2026/08/14 00:42:18.932, NVIDIA H200, 56, 100 %, 40 %, 142259 MiB, 143771 MiB
2026/08/14 00:42:21.933, NVIDIA H200, 56, 100 %, 61 %, 142259 MiB, 143771 MiB
2026/08/14 00:42:24.933, NVIDIA H200, 59, 100 %, 48 %, 142259 MiB, 143771 MiB
2026/08/14 00:42:27.934, NVIDIA H200, 55, 98 %, 62 %, 142259 MiB, 143771 MiB
2026/08/14 00:42:30.934, NVIDIA H200, 56, 100 %, 58 %, 142259 MiB, 143771 MiB
2026/08/14 00:42:33.935, NVIDIA H200, 57, 100 %, 48 %, 142259 MiB, 143771 MiB
2026/08/14 00:42:36.935, NVIDIA H200, 55, 99 %, 40 %, 142259 MiB, 143771 MiB
2026/08/14 00:42:39.935, NVIDIA H200, 58, 100 %, 53 %, 142259 MiB, 143771 MiB
2026/08/14 00:42:42.936, NVIDIA H200, 58, 100 %, 55 %, 142259 MiB, 143771 MiB
2026/08/14 00:42:45.936, NVIDIA H200, 60, 100 %, 51 %, 142259 MiB, 143771 MiB
2026/08/14 00:42:48.937, NVIDIA H200, 54, 100 %, 56 %, 142259 MiB, 143771 MiB
2026/08/14 00:42:51.937, NVIDIA H200, 57, 100 %, 49 %, 142259 MiB, 143771 MiB
2026/08/14 00:42:54.938, NVIDIA H200, 55, 100 %, 46 %, 142259 MiB, 143771 MiB
2026/08/14 00:42:57.938, NVIDIA H200, 57, 100 %, 49 %, 142259 MiB, 143771 MiB
2026/08/14 00:43:00.939, NVIDIA H200, 56, 100 %, 27 %, 142259 MiB, 143771 MiB
2026/08/14 00:43:03.939, NVIDIA H200, 58, 100 %, 45 %, 142259 MiB, 143771 MiB
2026/08/14 00:43:06.939, NVIDIA H200, 59, 100 %, 41 %, 142259 MiB, 143771 MiB
2026/08/14 00:43:09.940, NVIDIA H200, 57, 100 %, 56 %, 142259 MiB, 143771 MiB
2026/08/14 00:43:12.940, NVIDIA H200, 58, 100 %, 48 %, 142259 MiB, 143771 MiB
2026/08/14 00:43:15.941, NVIDIA H200, 55, 99 %, 71 %, 142259 MiB, 143771 MiB
2026/08/14 00:43:18.941, NVIDIA H200, 57, 100 %, 57 %, 142259 MiB, 143771 MiB
2026/08/14 00:43:21.941, NVIDIA H200, 58, 100 %, 47 %, 142259 MiB, 143771 MiB
2026/08/14 00:43:24.942, NVIDIA H200, 55, 99 %, 47 %, 142259 MiB, 143771 MiB
2026/08/14 00:43:27.942, NVIDIA H200, 59, 100 %, 44 %, 142259 MiB, 143771 MiB
2026/08/14 00:43:30.943, NVIDIA H200, 30, 0 %, 0 %, 142259 MiB, 143771 MiB
2026/08/14 00:43:33.943, NVIDIA H200, 38, 77 %, 27 %, 142259 MiB, 143771 MiB
2026/08/14 00:43:36.944, NVIDIA H200, 38, 0 %, 0 %, 142259 MiB, 143771 MiB
2026/08/14 00:43:39.944, NVIDIA H200, 28, 0 %, 0 %, 142259 MiB, 143771 MiB
2026/08/14 00:43:42.945, NVIDIA H200, 29, 0 %, 0 %, 142259 MiB, 143771 MiB
2026/08/14 00:43:45.945, NVIDIA H200, 55, 100 %, 46 %, 142259 MiB, 143771 MiB
2026/08/14 00:43:48.946, NVIDIA H200, 55, 100 %, 49 %, 142259 MiB, 143771 MiB
2026/08/14 00:43:51.946, NVIDIA H200, 55, 98 %, 62 %, 142259 MiB, 143771 MiB
2026/08/14 00:43:54.946, NVIDIA H200, 57, 100 %, 57 %, 142259 MiB, 143771 MiB
2026/08/14 00:43:57.947, NVIDIA H200, 57, 100 %, 47 %, 142259 MiB, 143771 MiB
2026/08/14 00:44:00.947, NVIDIA H200, 55, 98 %, 45 %, 142259 MiB, 143771 MiB
2026/08/14 00:44:03.948, NVIDIA H200, 57, 100 %, 64 %, 142259 MiB, 143771 MiB
2026/08/14 00:44:06.948, NVIDIA H200, 57, 100 %, 51 %, 142259 MiB, 143771 MiB
2026/08/14 00:44:09.949, NVIDIA H200, 61, 100 %, 52 %, 142259 MiB, 143771 MiB
2026/08/14 00:44:12.949, NVIDIA H200, 54, 99 %, 51 %, 142259 MiB, 143771 MiB
2026/08/14 00:44:15.949, NVIDIA H200, 56, 100 %, 52 %, 142259 MiB, 143771 MiB
2026/08/14 00:44:18.950, NVIDIA H200, 56, 100 %, 50 %, 142259 MiB, 143771 MiB
2026/08/14 00:44:21.950, NVIDIA H200, 53, 100 %, 47 %, 142259 MiB, 143771 MiB
2026/08/14 00:44:24.951, NVIDIA H200, 57, 100 %, 34 %, 142259 MiB, 143771 MiB
2026/08/14 00:44:27.951, NVIDIA H200, 59, 100 %, 56 %, 142259 MiB, 143771 MiB
2026/08/14 00:44:30.952, NVIDIA H200, 58, 100 %, 47 %, 142259 MiB, 143771 MiB
2026/08/14 00:44:33.952, NVIDIA H200, 58, 100 %, 50 %, 142259 MiB, 143771 MiB
2026/08/14 00:44:36.952, NVIDIA H200, 58, 100 %, 42 %, 142259 MiB, 143771 MiB
2026/08/14 00:44:39.953, NVIDIA H200, 56, 98 %, 63 %, 142259 MiB, 143771 MiB
2026/08/14 00:44:42.953, NVIDIA H200, 57, 100 %, 57 %, 142259 MiB, 143771 MiB
2026/08/14 00:44:45.954, NVIDIA H200, 58, 100 %, 47 %, 142259 MiB, 143771 MiB
2026/08/14 00:44:48.954, NVIDIA H200, 55, 99 %, 45 %, 142259 MiB, 143771 MiB
2026/08/14 00:44:51.954, NVIDIA H200, 58, 100 %, 66 %, 142259 MiB, 143771 MiB
2026/08/14 00:44:54.955, NVIDIA H200, 57, 100 %, 53 %, 142259 MiB, 143771 MiB
2026/08/14 00:44:57.955, NVIDIA H200, 60, 100 %, 48 %, 142259 MiB, 143771 MiB
2026/08/14 00:45:00.956, NVIDIA H200, 55, 99 %, 49 %, 142259 MiB, 143771 MiB
2026/08/14 00:45:03.956, NVIDIA H200, 56, 100 %, 51 %, 142259 MiB, 143771 MiB
2026/08/14 00:45:06.956, NVIDIA H200, 57, 100 %, 42 %, 142259 MiB, 143771 MiB
2026/08/14 00:45:09.957, NVIDIA H200, 30, 0 %, 0 %, 142259 MiB, 143771 MiB
2026/08/14 00:45:12.957, NVIDIA H200, 34, 0 %, 0 %, 142259 MiB, 143771 MiB
2026/08/14 00:45:15.958, NVIDIA H200, 48, 99 %, 41 %, 142259 MiB, 143771 MiB
2026/08/14 00:45:18.958, NVIDIA H200, 29, 0 %, 0 %, 142259 MiB, 143771 MiB
2026/08/14 00:45:21.959, NVIDIA H200, 32, 0 %, 0 %, 142259 MiB, 143771 MiB
2026/08/14 00:45:24.959, NVIDIA H200, 45, 100 %, 53 %, 142259 MiB, 143771 MiB
2026/08/14 00:45:27.959, NVIDIA H200, 56, 100 %, 41 %, 142259 MiB, 143771 MiB
2026/08/14 00:45:30.960, NVIDIA H200, 58, 100 %, 54 %, 142259 MiB, 143771 MiB
2026/08/14 00:45:33.960, NVIDIA H200, 56, 100 %, 47 %, 142259 MiB, 143771 MiB
2026/08/14 00:45:36.961, NVIDIA H200, 57, 100 %, 51 %, 142259 MiB, 143771 MiB
2026/08/14 00:45:39.961, NVIDIA H200, 60, 100 %, 45 %, 142259 MiB, 143771 MiB
2026/08/14 00:45:42.962, NVIDIA H200, 54, 98 %, 58 %, 142259 MiB, 143771 MiB
2026/08/14 00:45:45.962, NVIDIA H200, 57, 100 %, 55 %, 142259 MiB, 143771 MiB
2026/08/14 00:45:48.962, NVIDIA H200, 56, 100 %, 41 %, 142259 MiB, 143771 MiB
2026/08/14 00:45:51.963, NVIDIA H200, 56, 99 %, 38 %, 142259 MiB, 143771 MiB
2026/08/14 00:45:54.963, NVIDIA H200, 56, 100 %, 56 %, 142259 MiB, 143771 MiB
2026/08/14 00:45:57.964, NVIDIA H200, 59, 100 %, 52 %, 142259 MiB, 143771 MiB
2026/08/14 00:46:00.964, NVIDIA H200, 59, 100 %, 45 %, 142259 MiB, 143771 MiB
2026/08/14 00:46:03.965, NVIDIA H200, 56, 97 %, 50 %, 142259 MiB, 143771 MiB
2026/08/14 00:46:06.965, NVIDIA H200, 57, 100 %, 49 %, 142259 MiB, 143771 MiB
2026/08/14 00:46:09.966, NVIDIA H200, 54, 100 %, 44 %, 142259 MiB, 143771 MiB
2026/08/14 00:46:12.966, NVIDIA H200, 56, 100 %, 46 %, 142259 MiB, 143771 MiB
2026/08/14 00:46:15.967, NVIDIA H200, 58, 100 %, 46 %, 142259 MiB, 143771 MiB
2026/08/14 00:46:18.967, NVIDIA H200, 55, 100 %, 58 %, 142259 MiB, 143771 MiB
2026/08/14 00:46:21.967, NVIDIA H200, 58, 100 %, 42 %, 142259 MiB, 143771 MiB
2026/08/14 00:46:24.968, NVIDIA H200, 58, 100 %, 53 %, 142259 MiB, 143771 MiB
2026/08/14 00:46:27.968, NVIDIA H200, 61, 100 %, 55 %, 142259 MiB, 143771 MiB
2026/08/14 00:46:30.969, NVIDIA H200, 55, 99 %, 57 %, 142259 MiB, 143771 MiB
2026/08/14 00:46:33.969, NVIDIA H200, 58, 100 %, 58 %, 142259 MiB, 143771 MiB
2026/08/14 00:46:36.970, NVIDIA H200, 56, 100 %, 49 %, 142259 MiB, 143771 MiB
2026/08/14 00:46:39.970, NVIDIA H200, 56, 99 %, 40 %, 142259 MiB, 143771 MiB
2026/08/14 00:46:42.971, NVIDIA H200, 57, 100 %, 50 %, 142259 MiB, 143771 MiB
2026/08/14 00:46:45.971, NVIDIA H200, 56, 100 %, 55 %, 142259 MiB, 143771 MiB
2026/08/14 00:46:48.971, NVIDIA H200, 58, 100 %, 50 %, 142259 MiB, 143771 MiB
2026/08/14 00:46:51.972, NVIDIA H200, 29, 0 %, 0 %, 142259 MiB, 143771 MiB
2026/08/14 00:46:54.972, NVIDIA H200, 41, 24 %, 15 %, 142259 MiB, 143771 MiB
2026/08/14 00:46:57.973, NVIDIA H200, 36, 0 %, 0 %, 142259 MiB, 143771 MiB
2026/08/14 00:47:00.973, NVIDIA H200, 43, 100 %, 55 %, 142259 MiB, 143771 MiB
2026/08/14 00:47:03.974, NVIDIA H200, 50, 100 %, 57 %, 142259 MiB, 143771 MiB
2026/08/14 00:47:06.974, NVIDIA H200, 54, 100 %, 54 %, 142259 MiB, 143771 MiB
2026/08/14 00:47:09.975, NVIDIA H200, 43, 14 %, 3 %, 142259 MiB, 143771 MiB
2026/08/14 00:47:12.975, NVIDIA H200, 57, 100 %, 43 %, 142259 MiB, 143771 MiB
2026/08/14 00:47:15.975, NVIDIA H200, 58, 100 %, 58 %, 142259 MiB, 143771 MiB
2026/08/14 00:47:18.976, NVIDIA H200, 58, 100 %, 45 %, 142259 MiB, 143771 MiB
2026/08/14 00:47:21.976, NVIDIA H200, 57, 100 %, 50 %, 142259 MiB, 143771 MiB
2026/08/14 00:47:24.977, NVIDIA H200, 58, 100 %, 46 %, 142259 MiB, 143771 MiB
2026/08/14 00:47:27.977, NVIDIA H200, 56, 98 %, 58 %, 142259 MiB, 143771 MiB
2026/08/14 00:47:30.977, NVIDIA H200, 57, 100 %, 55 %, 142259 MiB, 143771 MiB
2026/08/14 00:47:33.978, NVIDIA H200, 58, 100 %, 41 %, 142259 MiB, 143771 MiB
2026/08/14 00:47:36.978, NVIDIA H200, 56, 99 %, 36 %, 142259 MiB, 143771 MiB
2026/08/14 00:47:39.978, NVIDIA H200, 57, 100 %, 54 %, 142259 MiB, 143771 MiB
2026/08/14 00:47:42.979, NVIDIA H200, 57, 100 %, 51 %, 142259 MiB, 143771 MiB
2026/08/14 00:47:45.980, NVIDIA H200, 60, 100 %, 44 %, 142259 MiB, 143771 MiB
2026/08/14 00:47:48.980, NVIDIA H200, 54, 98 %, 58 %, 142259 MiB, 143771 MiB
2026/08/14 00:47:51.981, NVIDIA H200, 56, 100 %, 51 %, 142259 MiB, 143771 MiB
2026/08/14 00:47:54.981, NVIDIA H200, 56, 100 %, 44 %, 142259 MiB, 143771 MiB
2026/08/14 00:47:57.982, NVIDIA H200, 52, 98 %, 47 %, 142259 MiB, 143771 MiB
2026/08/14 00:48:00.982, NVIDIA H200, 56, 100 %, 50 %, 142259 MiB, 143771 MiB
2026/08/14 00:48:03.983, NVIDIA H200, 58, 100 %, 57 %, 142259 MiB, 143771 MiB
2026/08/14 00:48:06.983, NVIDIA H200, 60, 100 %, 41 %, 142259 MiB, 143771 MiB
2026/08/14 00:48:09.984, NVIDIA H200, 57, 100 %, 53 %, 142259 MiB, 143771 MiB
2026/08/14 00:48:12.984, NVIDIA H200, 57, 100 %, 55 %, 142259 MiB, 143771 MiB
2026/08/14 00:48:15.985, NVIDIA H200, 55, 99 %, 55 %, 142259 MiB, 143771 MiB
2026/08/14 00:48:18.985, NVIDIA H200, 55, 100 %, 48 %, 142259 MiB, 143771 MiB
2026/08/14 00:48:21.985, NVIDIA H200, 56, 100 %, 21 %, 142259 MiB, 143771 MiB
2026/08/14 00:48:24.986, NVIDIA H200, 57, 98 %, 40 %, 142259 MiB, 143771 MiB
2026/08/14 00:48:27.986, NVIDIA H200, 33, 0 %, 0 %, 142259 MiB, 143771 MiB
2026/08/14 00:48:30.987, NVIDIA H200, 28, 0 %, 0 %, 142259 MiB, 143771 MiB
2026/08/14 00:48:33.987, NVIDIA H200, 44, 99 %, 48 %, 142259 MiB, 143771 MiB
2026/08/14 00:48:36.987, NVIDIA H200, 31, 0 %, 0 %, 142259 MiB, 143771 MiB
2026/08/14 00:48:39.988, NVIDIA H200, 28, 0 %, 0 %, 142259 MiB, 143771 MiB
2026/08/14 00:48:42.988, NVIDIA H200, 27, 0 %, 0 %, 142259 MiB, 143771 MiB
2026/08/14 00:48:45.989, NVIDIA H200, 48, 100 %, 51 %, 142259 MiB, 143771 MiB
2026/08/14 00:48:48.989, NVIDIA H200, 53, 100 %, 48 %, 142259 MiB, 143771 MiB
2026/08/14 00:48:51.989, NVIDIA H200, 53, 100 %, 48 %, 142259 MiB, 143771 MiB
2026/08/14 00:48:54.990, NVIDIA H200, 56, 100 %, 47 %, 142259 MiB, 143771 MiB
2026/08/14 00:48:57.990, NVIDIA H200, 54, 99 %, 45 %, 142259 MiB, 143771 MiB
2026/08/14 00:49:00.991, NVIDIA H200, 57, 100 %, 64 %, 142259 MiB, 143771 MiB
2026/08/14 00:49:03.991, NVIDIA H200, 56, 100 %, 51 %, 142259 MiB, 143771 MiB
2026/08/14 00:49:06.991, NVIDIA H200, 60, 100 %, 48 %, 142259 MiB, 143771 MiB
2026/08/14 00:49:09.992, NVIDIA H200, 56, 100 %, 57 %, 142259 MiB, 143771 MiB
2026/08/14 00:49:12.992, NVIDIA H200, 58, 100 %, 42 %, 142259 MiB, 143771 MiB
2026/08/14 00:49:15.993, NVIDIA H200, 55, 100 %, 53 %, 142259 MiB, 143771 MiB
2026/08/14 00:49:18.993, NVIDIA H200, 55, 100 %, 52 %, 142259 MiB, 143771 MiB
2026/08/14 00:49:21.994, NVIDIA H200, 57, 99 %, 53 %, 142259 MiB, 143771 MiB
2026/08/14 00:49:24.994, NVIDIA H200, 53, 100 %, 50 %, 142259 MiB, 143771 MiB
2026/08/14 00:49:27.995, NVIDIA H200, 57, 100 %, 33 %, 142259 MiB, 143771 MiB
2026/08/14 00:49:30.995, NVIDIA H200, 58, 99 %, 36 %, 142259 MiB, 143771 MiB
2026/08/14 00:49:33.995, NVIDIA H200, 61, 100 %, 51 %, 142259 MiB, 143771 MiB
2026/08/14 00:49:36.996, NVIDIA H200, 55, 100 %, 53 %, 142259 MiB, 143771 MiB
2026/08/14 00:49:39.996, NVIDIA H200, 57, 100 %, 47 %, 142259 MiB, 143771 MiB
2026/08/14 00:49:42.997, NVIDIA H200, 55, 98 %, 61 %, 142259 MiB, 143771 MiB
2026/08/14 00:49:45.997, NVIDIA H200, 56, 100 %, 54 %, 142259 MiB, 143771 MiB
2026/08/14 00:49:48.997, NVIDIA H200, 56, 100 %, 44 %, 142259 MiB, 143771 MiB
2026/08/14 00:49:51.998, NVIDIA H200, 58, 96 %, 47 %, 142259 MiB, 143771 MiB
2026/08/14 00:49:54.998, NVIDIA H200, 57, 100 %, 47 %, 142259 MiB, 143771 MiB
2026/08/14 00:49:57.999, NVIDIA H200, 56, 100 %, 55 %, 142259 MiB, 143771 MiB
2026/08/14 00:50:00.999, NVIDIA H200, 58, 100 %, 41 %, 142259 MiB, 143771 MiB
2026/08/14 00:50:04.000, NVIDIA H200, 54, 100 %, 50 %, 142259 MiB, 143771 MiB
2026/08/14 00:50:07.000, NVIDIA H200, 55, 100 %, 58 %, 142259 MiB, 143771 MiB
2026/08/14 00:50:10.001, NVIDIA H200, 57, 100 %, 48 %, 142259 MiB, 143771 MiB
2026/08/14 00:50:13.001, NVIDIA H200, 31, 0 %, 0 %, 142259 MiB, 143771 MiB
2026/08/14 00:50:16.002, NVIDIA H200, 28, 0 %, 0 %, 142259 MiB, 143771 MiB
2026/08/14 00:50:19.002, NVIDIA H200, 52, 100 %, 53 %, 142259 MiB, 143771 MiB
2026/08/14 00:50:22.003, NVIDIA H200, 29, 0 %, 0 %, 142259 MiB, 143771 MiB
2026/08/14 00:50:25.003, NVIDIA H200, 45, 100 %, 46 %, 142259 MiB, 143771 MiB
2026/08/14 00:50:28.003, NVIDIA H200, 54, 100 %, 48 %, 142259 MiB, 143771 MiB
2026/08/14 00:50:31.004, NVIDIA H200, 56, 100 %, 59 %, 142259 MiB, 143771 MiB
2026/08/14 00:50:34.005, NVIDIA H200, 53, 100 %, 43 %, 142259 MiB, 143771 MiB
2026/08/14 00:50:37.005, NVIDIA H200, 53, 100 %, 57 %, 142259 MiB, 143771 MiB
2026/08/14 00:50:40.005, NVIDIA H200, 55, 100 %, 44 %, 142259 MiB, 143771 MiB
2026/08/14 00:50:43.006, NVIDIA H200, 51, 99 %, 47 %, 142259 MiB, 143771 MiB
2026/08/14 00:50:46.006, NVIDIA H200, 55, 100 %, 50 %, 142259 MiB, 143771 MiB
2026/08/14 00:50:49.007, NVIDIA H200, 57, 100 %, 55 %, 142259 MiB, 143771 MiB
2026/08/14 00:50:52.007, NVIDIA H200, 60, 100 %, 41 %, 142259 MiB, 143771 MiB
2026/08/14 00:50:55.008, NVIDIA H200, 55, 100 %, 52 %, 142259 MiB, 143771 MiB
2026/08/14 00:50:58.008, NVIDIA H200, 56, 100 %, 55 %, 142259 MiB, 143771 MiB
2026/08/14 00:51:01.009, NVIDIA H200, 54, 99 %, 54 %, 142259 MiB, 143771 MiB
2026/08/14 00:51:04.009, NVIDIA H200, 55, 100 %, 48 %, 142259 MiB, 143771 MiB
2026/08/14 00:51:07.010, NVIDIA H200, 56, 100 %, 22 %, 142259 MiB, 143771 MiB
2026/08/14 00:51:10.010, NVIDIA H200, 56, 97 %, 35 %, 142259 MiB, 143771 MiB
2026/08/14 00:51:13.010, NVIDIA H200, 57, 100 %, 45 %, 142259 MiB, 143771 MiB
2026/08/14 00:51:16.011, NVIDIA H200, 56, 100 %, 54 %, 142259 MiB, 143771 MiB
2026/08/14 00:51:19.011, NVIDIA H200, 58, 100 %, 47 %, 142259 MiB, 143771 MiB
2026/08/14 00:51:22.012, NVIDIA H200, 53, 98 %, 61 %, 142259 MiB, 143771 MiB
2026/08/14 00:51:25.012, NVIDIA H200, 55, 100 %, 56 %, 142259 MiB, 143771 MiB
2026/08/14 00:51:28.013, NVIDIA H200, 55, 100 %, 44 %, 142259 MiB, 143771 MiB
2026/08/14 00:51:31.013, NVIDIA H200, 58, 97 %, 46 %, 142259 MiB, 143771 MiB
2026/08/14 00:51:34.014, NVIDIA H200, 56, 100 %, 33 %, 142259 MiB, 143771 MiB
2026/08/14 00:51:37.014, NVIDIA H200, 57, 98 %, 34 %, 142259 MiB, 143771 MiB
2026/08/14 00:51:40.014, NVIDIA H200, 60, 100 %, 47 %, 142259 MiB, 143771 MiB
2026/08/14 00:51:43.015, NVIDIA H200, 54, 100 %, 53 %, 142259 MiB, 143771 MiB
2026/08/14 00:51:46.015, NVIDIA H200, 57, 100 %, 48 %, 142259 MiB, 143771 MiB
2026/08/14 00:51:49.016, NVIDIA H200, 55, 97 %, 60 %, 142259 MiB, 143771 MiB
2026/08/14 00:51:52.016, NVIDIA H200, 31, 0 %, 0 %, 142259 MiB, 143771 MiB
2026/08/14 00:51:55.017, NVIDIA H200, 48, 100 %, 57 %, 142259 MiB, 143771 MiB
2026/08/14 00:51:58.017, NVIDIA H200, 43, 91 %, 34 %, 142259 MiB, 143771 MiB
2026/08/14 00:52:01.017, NVIDIA H200, 30, 0 %, 0 %, 142259 MiB, 143771 MiB
2026/08/14 00:52:04.018, NVIDIA H200, 27, 0 %, 0 %, 142259 MiB, 143771 MiB
2026/08/14 00:52:07.018, NVIDIA H200, 30, 0 %, 0 %, 142259 MiB, 143771 MiB
2026/08/14 00:52:10.019, NVIDIA H200, 52, 98 %, 62 %, 142259 MiB, 143771 MiB
2026/08/14 00:52:13.019, NVIDIA H200, 50, 100 %, 59 %, 142259 MiB, 143771 MiB
2026/08/14 00:52:16.020, NVIDIA H200, 56, 100 %, 48 %, 142259 MiB, 143771 MiB
2026/08/14 00:52:19.020, NVIDIA H200, 58, 98 %, 40 %, 142259 MiB, 143771 MiB
2026/08/14 00:52:22.020, NVIDIA H200, 58, 100 %, 56 %, 142259 MiB, 143771 MiB
2026/08/14 00:52:25.021, NVIDIA H200, 57, 100 %, 56 %, 142259 MiB, 143771 MiB
2026/08/14 00:52:28.021, NVIDIA H200, 58, 100 %, 53 %, 142259 MiB, 143771 MiB
2026/08/14 00:52:31.022, NVIDIA H200, 56, 100 %, 58 %, 142259 MiB, 143771 MiB
2026/08/14 00:52:34.022, NVIDIA H200, 56, 100 %, 53 %, 142259 MiB, 143771 MiB
2026/08/14 00:52:37.023, NVIDIA H200, 57, 100 %, 46 %, 142259 MiB, 143771 MiB
2026/08/14 00:52:40.023, NVIDIA H200, 55, 100 %, 49 %, 142259 MiB, 143771 MiB
2026/08/14 00:52:43.023, NVIDIA H200, 57, 100 %, 26 %, 142259 MiB, 143771 MiB
2026/08/14 00:52:46.024, NVIDIA H200, 56, 100 %, 41 %, 142259 MiB, 143771 MiB
2026/08/14 00:52:49.024, NVIDIA H200, 60, 100 %, 39 %, 142259 MiB, 143771 MiB
2026/08/14 00:52:52.025, NVIDIA H200, 54, 100 %, 60 %, 142259 MiB, 143771 MiB
2026/08/14 00:52:55.025, NVIDIA H200, 55, 100 %, 48 %, 142259 MiB, 143771 MiB
2026/08/14 00:52:58.026, NVIDIA H200, 55, 98 %, 69 %, 142259 MiB, 143771 MiB
2026/08/14 00:53:01.026, NVIDIA H200, 52, 100 %, 60 %, 142259 MiB, 143771 MiB
2026/08/14 00:53:04.026, NVIDIA H200, 57, 100 %, 49 %, 142259 MiB, 143771 MiB
2026/08/14 00:53:07.027, NVIDIA H200, 58, 99 %, 40 %, 142259 MiB, 143771 MiB
2026/08/14 00:53:10.027, NVIDIA H200, 59, 100 %, 51 %, 142259 MiB, 143771 MiB
2026/08/14 00:53:13.028, NVIDIA H200, 58, 100 %, 56 %, 142259 MiB, 143771 MiB
2026/08/14 00:53:16.028, NVIDIA H200, 57, 100 %, 48 %, 142259 MiB, 143771 MiB
2026/08/14 00:53:19.029, NVIDIA H200, 55, 100 %, 54 %, 142259 MiB, 143771 MiB
2026/08/14 00:53:22.029, NVIDIA H200, 57, 100 %, 48 %, 142259 MiB, 143771 MiB
2026/08/14 00:53:25.029, NVIDIA H200, 57, 100 %, 49 %, 142259 MiB, 143771 MiB
2026/08/14 00:53:28.030, NVIDIA H200, 55, 100 %, 50 %, 142259 MiB, 143771 MiB
2026/08/14 00:53:31.030, NVIDIA H200, 57, 100 %, 48 %, 142259 MiB, 143771 MiB
2026/08/14 00:53:34.031, NVIDIA H200, 29, 0 %, 0 %, 142259 MiB, 143771 MiB
2026/08/14 00:53:37.031, NVIDIA H200, 27, 0 %, 0 %, 142259 MiB, 143771 MiB
2026/08/14 00:53:40.031, NVIDIA H200, 53, 99 %, 49 %, 142259 MiB, 143771 MiB
2026/08/14 00:53:43.032, NVIDIA H200, 28, 0 %, 0 %, 142259 MiB, 143771 MiB
2026/08/14 00:53:46.032, NVIDIA H200, 31, 0 %, 0 %, 142259 MiB, 143771 MiB
2026/08/14 00:53:49.033, NVIDIA H200, 52, 100 %, 49 %, 142259 MiB, 143771 MiB
2026/08/14 00:53:52.033, NVIDIA H200, 44, 75 %, 36 %, 142259 MiB, 143771 MiB
2026/08/14 00:53:55.034, NVIDIA H200, 52, 100 %, 45 %, 142259 MiB, 143771 MiB
2026/08/14 00:53:58.034, NVIDIA H200, 57, 99 %, 44 %, 142259 MiB, 143771 MiB
2026/08/14 00:54:01.035, NVIDIA H200, 59, 100 %, 66 %, 142259 MiB, 143771 MiB
2026/08/14 00:54:04.036, NVIDIA H200, 56, 100 %, 52 %, 142259 MiB, 143771 MiB
2026/08/14 00:54:07.036, NVIDIA H200, 56, 100 %, 49 %, 142259 MiB, 143771 MiB
2026/08/14 00:54:10.037, NVIDIA H200, 54, 99 %, 50 %, 142259 MiB, 143771 MiB
2026/08/14 00:54:13.037, NVIDIA H200, 55, 100 %, 51 %, 142259 MiB, 143771 MiB
2026/08/14 00:54:16.038, NVIDIA H200, 55, 100 %, 49 %, 142259 MiB, 143771 MiB
2026/08/14 00:54:19.038, NVIDIA H200, 57, 100 %, 46 %, 142259 MiB, 143771 MiB
2026/08/14 00:54:22.039, NVIDIA H200, 57, 100 %, 38 %, 142259 MiB, 143771 MiB
2026/08/14 00:54:25.040, NVIDIA H200, 57, 100 %, 57 %, 142259 MiB, 143771 MiB
2026/08/14 00:54:28.040, NVIDIA H200, 59, 100 %, 48 %, 142259 MiB, 143771 MiB
2026/08/14 00:54:31.041, NVIDIA H200, 54, 100 %, 49 %, 142259 MiB, 143771 MiB
2026/08/14 00:54:34.041, NVIDIA H200, 55, 100 %, 43 %, 142259 MiB, 143771 MiB
2026/08/14 00:54:37.042, NVIDIA H200, 56, 100 %, 44 %, 142259 MiB, 143771 MiB
2026/08/14 00:54:40.043, NVIDIA H200, 52, 98 %, 47 %, 142259 MiB, 143771 MiB
2026/08/14 00:54:43.043, NVIDIA H200, 56, 100 %, 50 %, 142259 MiB, 143771 MiB
2026/08/14 00:54:46.044, NVIDIA H200, 58, 100 %, 54 %, 142259 MiB, 143771 MiB
2026/08/14 00:54:49.044, NVIDIA H200, 60, 100 %, 40 %, 142259 MiB, 143771 MiB
2026/08/14 00:54:52.045, NVIDIA H200, 56, 100 %, 53 %, 142259 MiB, 143771 MiB
2026/08/14 00:54:55.045, NVIDIA H200, 57, 100 %, 47 %, 142259 MiB, 143771 MiB
2026/08/14 00:54:58.046, NVIDIA H200, 54, 98 %, 73 %, 142259 MiB, 143771 MiB
2026/08/14 00:55:01.046, NVIDIA H200, 56, 100 %, 58 %, 142259 MiB, 143771 MiB
2026/08/14 00:55:04.047, NVIDIA H200, 57, 100 %, 48 %, 142259 MiB, 143771 MiB
2026/08/14 00:55:07.047, NVIDIA H200, 55, 98 %, 42 %, 142259 MiB, 143771 MiB
2026/08/14 00:55:10.048, NVIDIA H200, 57, 100 %, 61 %, 142259 MiB, 143771 MiB
2026/08/14 00:55:13.048, NVIDIA H200, 31, 0 %, 0 %, 142259 MiB, 143771 MiB
2026/08/14 00:55:16.049, NVIDIA H200, 28, 0 %, 0 %, 142259 MiB, 143771 MiB
2026/08/14 00:55:19.049, NVIDIA H200, 49, 100 %, 54 %, 142259 MiB, 143771 MiB
2026/08/14 00:55:22.049, NVIDIA H200, 30, 0 %, 0 %, 142259 MiB, 143771 MiB
2026/08/14 00:55:25.050, NVIDIA H200, 39, 4 %, 1 %, 142259 MiB, 143771 MiB
2026/08/14 00:55:28.050, NVIDIA H200, 27, 0 %, 0 %, 142259 MiB, 143771 MiB
2026/08/14 00:55:31.051, NVIDIA H200, 53, 100 %, 21 %, 142259 MiB, 143771 MiB
2026/08/14 00:55:34.051, NVIDIA H200, 56, 99 %, 40 %, 142259 MiB, 143771 MiB
2026/08/14 00:55:37.052, NVIDIA H200, 55, 100 %, 51 %, 142259 MiB, 143771 MiB
2026/08/14 00:55:40.052, NVIDIA H200, 58, 100 %, 58 %, 142259 MiB, 143771 MiB
2026/08/14 00:55:43.052, NVIDIA H200, 60, 100 %, 40 %, 142259 MiB, 143771 MiB
2026/08/14 00:55:46.053, NVIDIA H200, 55, 100 %, 48 %, 142259 MiB, 143771 MiB
2026/08/14 00:55:49.053, NVIDIA H200, 56, 100 %, 54 %, 142259 MiB, 143771 MiB
2026/08/14 00:55:52.054, NVIDIA H200, 54, 100 %, 55 %, 142259 MiB, 143771 MiB
2026/08/14 00:55:55.054, NVIDIA H200, 54, 100 %, 48 %, 142259 MiB, 143771 MiB
2026/08/14 00:55:58.055, NVIDIA H200, 56, 100 %, 21 %, 142259 MiB, 143771 MiB
2026/08/14 00:56:01.055, NVIDIA H200, 57, 99 %, 40 %, 142259 MiB, 143771 MiB
2026/08/14 00:56:04.056, NVIDIA H200, 57, 100 %, 36 %, 142259 MiB, 143771 MiB
2026/08/14 00:56:07.056, NVIDIA H200, 56, 100 %, 58 %, 142259 MiB, 143771 MiB
2026/08/14 00:56:10.056, NVIDIA H200, 59, 100 %, 45 %, 142259 MiB, 143771 MiB
2026/08/14 00:56:13.057, NVIDIA H200, 55, 98 %, 63 %, 142259 MiB, 143771 MiB
2026/08/14 00:56:16.057, NVIDIA H200, 55, 100 %, 57 %, 142259 MiB, 143771 MiB
2026/08/14 00:56:19.058, NVIDIA H200, 56, 100 %, 48 %, 142259 MiB, 143771 MiB
2026/08/14 00:56:22.058, NVIDIA H200, 59, 98 %, 43 %, 142259 MiB, 143771 MiB
2026/08/14 00:56:25.059, NVIDIA H200, 59, 100 %, 50 %, 142259 MiB, 143771 MiB
2026/08/14 00:56:28.059, NVIDIA H200, 58, 100 %, 56 %, 142259 MiB, 143771 MiB
2026/08/14 00:56:31.059, NVIDIA H200, 57, 100 %, 49 %, 142259 MiB, 143771 MiB
2026/08/14 00:56:34.060, NVIDIA H200, 55, 100 %, 54 %, 142259 MiB, 143771 MiB
2026/08/14 00:56:37.060, NVIDIA H200, 57, 100 %, 49 %, 142259 MiB, 143771 MiB
2026/08/14 00:56:40.061, NVIDIA H200, 55, 100 %, 48 %, 142259 MiB, 143771 MiB
2026/08/14 00:56:43.061, NVIDIA H200, 55, 100 %, 49 %, 142259 MiB, 143771 MiB
2026/08/14 00:56:46.062, NVIDIA H200, 57, 100 %, 26 %, 142259 MiB, 143771 MiB
2026/08/14 00:56:49.062, NVIDIA H200, 58, 100 %, 43 %, 142259 MiB, 143771 MiB
2026/08/14 00:56:52.063, NVIDIA H200, 55, 100 %, 52 %, 142259 MiB, 143771 MiB
2026/08/14 00:56:55.063, NVIDIA H200, 29, 0 %, 0 %, 142259 MiB, 143771 MiB
2026/08/14 00:56:58.064, NVIDIA H200, 47, 100 %, 51 %, 142259 MiB, 143771 MiB
2026/08/14 00:57:01.064, NVIDIA H200, 44, 71 %, 40 %, 142259 MiB, 143771 MiB
2026/08/14 00:57:04.065, NVIDIA H200, 28, 0 %, 0 %, 142259 MiB, 143771 MiB
2026/08/14 00:57:07.065, NVIDIA H200, 27, 0 %, 0 %, 142259 MiB, 143771 MiB
2026/08/14 00:57:10.066, NVIDIA H200, 26, 0 %, 0 %, 142259 MiB, 143771 MiB
2026/08/14 00:57:13.066, NVIDIA H200, 48, 100 %, 23 %, 142259 MiB, 143771 MiB
2026/08/14 00:57:16.067, NVIDIA H200, 54, 99 %, 35 %, 142259 MiB, 143771 MiB
2026/08/14 00:57:19.067, NVIDIA H200, 55, 100 %, 51 %, 142259 MiB, 143771 MiB
2026/08/14 00:57:22.067, NVIDIA H200, 58, 100 %, 46 %, 142259 MiB, 143771 MiB
2026/08/14 00:57:25.068, NVIDIA H200, 53, 98 %, 52 %, 142259 MiB, 143771 MiB
2026/08/14 00:57:28.068, NVIDIA H200, 55, 100 %, 52 %, 142259 MiB, 143771 MiB
2026/08/14 00:57:31.069, NVIDIA H200, 55, 100 %, 48 %, 142259 MiB, 143771 MiB
2026/08/14 00:57:34.069, NVIDIA H200, 52, 100 %, 46 %, 142259 MiB, 143771 MiB
2026/08/14 00:57:37.069, NVIDIA H200, 57, 100 %, 36 %, 142259 MiB, 143771 MiB
2026/08/14 00:57:40.070, NVIDIA H200, 59, 100 %, 57 %, 142259 MiB, 143771 MiB
2026/08/14 00:57:43.070, NVIDIA H200, 58, 100 %, 47 %, 142259 MiB, 143771 MiB
2026/08/14 00:57:46.071, NVIDIA H200, 58, 100 %, 50 %, 142259 MiB, 143771 MiB
2026/08/14 00:57:49.071, NVIDIA H200, 58, 100 %, 43 %, 142259 MiB, 143771 MiB
2026/08/14 00:57:52.072, NVIDIA H200, 56, 99 %, 57 %, 142259 MiB, 143771 MiB
2026/08/14 00:57:55.072, NVIDIA H200, 57, 100 %, 54 %, 142259 MiB, 143771 MiB
2026/08/14 00:57:58.073, NVIDIA H200, 57, 100 %, 36 %, 142259 MiB, 143771 MiB
2026/08/14 00:58:01.073, NVIDIA H200, 57, 99 %, 34 %, 142259 MiB, 143771 MiB
2026/08/14 00:58:04.074, NVIDIA H200, 57, 100 %, 51 %, 142259 MiB, 143771 MiB
2026/08/14 00:58:07.074, NVIDIA H200, 57, 100 %, 51 %, 142259 MiB, 143771 MiB
2026/08/14 00:58:10.075, NVIDIA H200, 60, 100 %, 44 %, 142259 MiB, 143771 MiB
2026/08/14 00:58:13.075, NVIDIA H200, 55, 98 %, 53 %, 142259 MiB, 143771 MiB
2026/08/14 00:58:16.075, NVIDIA H200, 56, 100 %, 49 %, 142259 MiB, 143771 MiB
2026/08/14 00:58:19.076, NVIDIA H200, 56, 100 %, 45 %, 142259 MiB, 143771 MiB
2026/08/14 00:58:22.076, NVIDIA H200, 52, 100 %, 46 %, 142259 MiB, 143771 MiB
2026/08/14 00:58:25.077, NVIDIA H200, 58, 100 %, 47 %, 142259 MiB, 143771 MiB
2026/08/14 00:58:28.077, NVIDIA H200, 60, 100 %, 56 %, 142259 MiB, 143771 MiB
2026/08/14 00:58:31.077, NVIDIA H200, 60, 100 %, 42 %, 142259 MiB, 143771 MiB
2026/08/14 00:58:34.078, NVIDIA H200, 58, 100 %, 54 %, 142259 MiB, 143771 MiB
2026/08/14 00:58:37.078, NVIDIA H200, 46, 32 %, 21 %, 142259 MiB, 143771 MiB
2026/08/14 00:58:40.079, NVIDIA H200, 30, 0 %, 0 %, 142259 MiB, 143771 MiB
2026/08/14 00:58:43.079, NVIDIA H200, 34, 0 %, 0 %, 142259 MiB, 143771 MiB
2026/08/14 00:58:46.080, NVIDIA H200, 48, 98 %, 42 %, 142259 MiB, 143771 MiB
2026/08/14 00:58:49.080, NVIDIA H200, 29, 0 %, 0 %, 142259 MiB, 143771 MiB
2026/08/14 00:58:52.081, NVIDIA H200, 51, 100 %, 45 %, 142259 MiB, 143771 MiB
2026/08/14 00:58:55.081, NVIDIA H200, 55, 100 %, 53 %, 142259 MiB, 143771 MiB
2026/08/14 00:58:58.081, NVIDIA H200, 60, 100 %, 45 %, 142259 MiB, 143771 MiB
2026/08/14 00:59:01.082, NVIDIA H200, 58, 100 %, 58 %, 142259 MiB, 143771 MiB
2026/08/14 00:59:04.082, NVIDIA H200, 58, 100 %, 46 %, 142259 MiB, 143771 MiB
2026/08/14 00:59:07.083, NVIDIA H200, 58, 100 %, 50 %, 142259 MiB, 143771 MiB
2026/08/14 00:59:10.083, NVIDIA H200, 58, 100 %, 46 %, 142259 MiB, 143771 MiB
2026/08/14 00:59:13.084, NVIDIA H200, 56, 100 %, 49 %, 142259 MiB, 143771 MiB
2026/08/14 00:59:16.084, NVIDIA H200, 56, 98 %, 42 %, 142259 MiB, 143771 MiB
2026/08/14 00:59:19.085, NVIDIA H200, 58, 100 %, 50 %, 142259 MiB, 143771 MiB
2026/08/14 00:59:22.085, NVIDIA H200, 56, 100 %, 55 %, 142259 MiB, 143771 MiB
2026/08/14 00:59:25.086, NVIDIA H200, 58, 100 %, 44 %, 142259 MiB, 143771 MiB
2026/08/14 00:59:28.086, NVIDIA H200, 57, 100 %, 51 %, 142259 MiB, 143771 MiB
2026/08/14 00:59:31.087, NVIDIA H200, 60, 100 %, 54 %, 142259 MiB, 143771 MiB
2026/08/14 00:59:34.087, NVIDIA H200, 55, 100 %, 54 %, 142259 MiB, 143771 MiB
2026/08/14 00:59:37.088, NVIDIA H200, 56, 100 %, 48 %, 142259 MiB, 143771 MiB
2026/08/14 00:59:40.088, NVIDIA H200, 56, 100 %, 21 %, 142259 MiB, 143771 MiB
2026/08/14 00:59:43.088, NVIDIA H200, 51, 98 %, 40 %, 142259 MiB, 143771 MiB
2026/08/14 00:59:46.089, NVIDIA H200, 58, 100 %, 36 %, 142259 MiB, 143771 MiB
2026/08/14 00:59:49.089, NVIDIA H200, 59, 100 %, 59 %, 142259 MiB, 143771 MiB
2026/08/14 00:59:52.090, NVIDIA H200, 60, 100 %, 46 %, 142259 MiB, 143771 MiB
2026/08/14 00:59:55.090, NVIDIA H200, 59, 98 %, 64 %, 142259 MiB, 143771 MiB
2026/08/14 00:59:58.091, NVIDIA H200, 59, 100 %, 56 %, 142259 MiB, 143771 MiB
2026/08/14 01:00:01.091, NVIDIA H200, 57, 100 %, 51 %, 142259 MiB, 143771 MiB
2026/08/14 01:00:04.092, NVIDIA H200, 57, 99 %, 43 %, 142259 MiB, 143771 MiB
2026/08/14 01:00:07.092, NVIDIA H200, 58, 100 %, 51 %, 142259 MiB, 143771 MiB
2026/08/14 01:00:10.092, NVIDIA H200, 57, 100 %, 57 %, 142259 MiB, 143771 MiB
2026/08/14 01:00:13.093, NVIDIA H200, 58, 100 %, 48 %, 142259 MiB, 143771 MiB
2026/08/14 01:00:16.093, NVIDIA H200, 59, 99 %, 63 %, 142259 MiB, 143771 MiB
2026/08/14 01:00:19.094, NVIDIA H200, 31, 0 %, 0 %, 142259 MiB, 143771 MiB
2026/08/14 01:00:22.094, NVIDIA H200, 50, 99 %, 49 %, 142259 MiB, 143771 MiB
2026/08/14 01:00:25.095, NVIDIA H200, 37, 0 %, 0 %, 142259 MiB, 143771 MiB
2026/08/14 01:00:28.095, NVIDIA H200, 39, 100 %, 56 %, 142259 MiB, 143771 MiB
2026/08/14 01:00:31.096, NVIDIA H200, 29, 0 %, 0 %, 142259 MiB, 143771 MiB
2026/08/14 01:00:34.096, NVIDIA H200, 54, 100 %, 55 %, 142259 MiB, 143771 MiB
2026/08/14 01:00:37.097, NVIDIA H200, 57, 100 %, 47 %, 142259 MiB, 143771 MiB
2026/08/14 01:00:40.097, NVIDIA H200, 57, 100 %, 58 %, 142259 MiB, 143771 MiB
2026/08/14 01:00:43.097, NVIDIA H200, 59, 100 %, 46 %, 142259 MiB, 143771 MiB
2026/08/14 01:00:46.098, NVIDIA H200, 55, 98 %, 62 %, 142259 MiB, 143771 MiB
2026/08/14 01:00:49.098, NVIDIA H200, 56, 100 %, 58 %, 142259 MiB, 143771 MiB
2026/08/14 01:00:52.099, NVIDIA H200, 58, 100 %, 49 %, 142259 MiB, 143771 MiB
2026/08/14 01:00:55.099, NVIDIA H200, 53, 98 %, 42 %, 142259 MiB, 143771 MiB
2026/08/14 01:00:58.100, NVIDIA H200, 58, 100 %, 50 %, 142259 MiB, 143771 MiB
2026/08/14 01:01:01.100, NVIDIA H200, 59, 100 %, 56 %, 142259 MiB, 143771 MiB
2026/08/14 01:01:04.101, NVIDIA H200, 62, 100 %, 49 %, 142259 MiB, 143771 MiB
2026/08/14 01:01:07.101, NVIDIA H200, 56, 100 %, 55 %, 142259 MiB, 143771 MiB
2026/08/14 01:01:10.101, NVIDIA H200, 57, 100 %, 50 %, 142259 MiB, 143771 MiB
2026/08/14 01:01:13.102, NVIDIA H200, 55, 100 %, 50 %, 142259 MiB, 143771 MiB
2026/08/14 01:01:16.102, NVIDIA H200, 56, 100 %, 48 %, 142259 MiB, 143771 MiB
2026/08/14 01:01:19.103, NVIDIA H200, 57, 100 %, 22 %, 142259 MiB, 143771 MiB
2026/08/14 01:01:22.103, NVIDIA H200, 58, 99 %, 37 %, 142259 MiB, 143771 MiB
2026/08/14 01:01:25.104, NVIDIA H200, 59, 100 %, 37 %, 142259 MiB, 143771 MiB
2026/08/14 01:01:28.104, NVIDIA H200, 58, 100 %, 59 %, 142259 MiB, 143771 MiB
2026/08/14 01:01:31.105, NVIDIA H200, 60, 100 %, 48 %, 142259 MiB, 143771 MiB
2026/08/14 01:01:34.105, NVIDIA H200, 55, 99 %, 63 %, 142259 MiB, 143771 MiB
2026/08/14 01:01:37.106, NVIDIA H200, 57, 100 %, 58 %, 142259 MiB, 143771 MiB
2026/08/14 01:01:40.106, NVIDIA H200, 56, 99 %, 56 %, 142259 MiB, 143771 MiB
2026/08/14 01:01:43.107, NVIDIA H200, 57, 100 %, 49 %, 142259 MiB, 143771 MiB
2026/08/14 01:01:46.107, NVIDIA H200, 57, 100 %, 29 %, 142259 MiB, 143771 MiB
2026/08/14 01:01:49.107, NVIDIA H200, 57, 99 %, 35 %, 142259 MiB, 143771 MiB
2026/08/14 01:01:52.108, NVIDIA H200, 58, 100 %, 47 %, 142259 MiB, 143771 MiB
2026/08/14 01:01:55.108, NVIDIA H200, 58, 100 %, 53 %, 142259 MiB, 143771 MiB
2026/08/14 01:01:58.109, NVIDIA H200, 31, 0 %, 0 %, 142259 MiB, 143771 MiB
2026/08/14 01:02:01.109, NVIDIA H200, 29, 0 %, 0 %, 142259 MiB, 143771 MiB
2026/08/14 01:02:04.109, NVIDIA H200, 53, 100 %, 52 %, 142259 MiB, 143771 MiB
2026/08/14 01:02:07.110, NVIDIA H200, 30, 0 %, 0 %, 142259 MiB, 143771 MiB
2026/08/14 01:02:10.110, NVIDIA H200, 48, 100 %, 51 %, 142259 MiB, 143771 MiB
2026/08/14 01:02:13.111, NVIDIA H200, 51, 100 %, 48 %, 142259 MiB, 143771 MiB
2026/08/14 01:02:16.111, NVIDIA H200, 56, 100 %, 51 %, 142259 MiB, 143771 MiB
2026/08/14 01:02:19.112, NVIDIA H200, 57, 100 %, 56 %, 142259 MiB, 143771 MiB
2026/08/14 01:02:22.112, NVIDIA H200, 58, 100 %, 44 %, 142259 MiB, 143771 MiB
2026/08/14 01:02:25.113, NVIDIA H200, 56, 99 %, 42 %, 142259 MiB, 143771 MiB
2026/08/14 01:02:28.113, NVIDIA H200, 58, 100 %, 59 %, 142259 MiB, 143771 MiB
2026/08/14 01:02:31.114, NVIDIA H200, 57, 100 %, 54 %, 142259 MiB, 143771 MiB
2026/08/14 01:02:34.114, NVIDIA H200, 61, 100 %, 48 %, 142259 MiB, 143771 MiB
2026/08/14 01:02:37.114, NVIDIA H200, 55, 99 %, 49 %, 142259 MiB, 143771 MiB
2026/08/14 01:02:40.115, NVIDIA H200, 57, 100 %, 52 %, 142259 MiB, 143771 MiB
2026/08/14 01:02:43.115, NVIDIA H200, 56, 100 %, 50 %, 142259 MiB, 143771 MiB
2026/08/14 01:02:46.116, NVIDIA H200, 54, 100 %, 49 %, 142259 MiB, 143771 MiB
2026/08/14 01:02:49.116, NVIDIA H200, 57, 100 %, 35 %, 142259 MiB, 143771 MiB
2026/08/14 01:02:52.116, NVIDIA H200, 60, 100 %, 57 %, 142259 MiB, 143771 MiB
2026/08/14 01:02:55.117, NVIDIA H200, 59, 100 %, 48 %, 142259 MiB, 143771 MiB
2026/08/14 01:02:58.117, NVIDIA H200, 59, 100 %, 50 %, 142259 MiB, 143771 MiB
2026/08/14 01:03:01.118, NVIDIA H200, 59, 100 %, 46 %, 142259 MiB, 143771 MiB
2026/08/14 01:03:04.119, NVIDIA H200, 57, 98 %, 56 %, 142259 MiB, 143771 MiB
2026/08/14 01:03:07.119, NVIDIA H200, 57, 100 %, 55 %, 142259 MiB, 143771 MiB
2026/08/14 01:03:10.120, NVIDIA H200, 58, 100 %, 41 %, 142259 MiB, 143771 MiB
2026/08/14 01:03:13.120, NVIDIA H200, 56, 98 %, 41 %, 142259 MiB, 143771 MiB
2026/08/14 01:03:16.121, NVIDIA H200, 58, 100 %, 60 %, 142259 MiB, 143771 MiB
2026/08/14 01:03:19.121, NVIDIA H200, 57, 100 %, 52 %, 142259 MiB, 143771 MiB
2026/08/14 01:03:22.122, NVIDIA H200, 61, 100 %, 45 %, 142259 MiB, 143771 MiB
2026/08/14 01:03:25.122, NVIDIA H200, 55, 99 %, 56 %, 142259 MiB, 143771 MiB
2026/08/14 01:03:28.122, NVIDIA H200, 56, 100 %, 47 %, 142259 MiB, 143771 MiB
2026/08/14 01:03:31.123, NVIDIA H200, 57, 100 %, 44 %, 142259 MiB, 143771 MiB
2026/08/14 01:03:34.123, NVIDIA H200, 54, 99 %, 47 %, 142259 MiB, 143771 MiB
2026/08/14 01:03:37.123, NVIDIA H200, 31, 0 %, 0 %, 142259 MiB, 143771 MiB
2026/08/14 01:03:40.124, NVIDIA H200, 29, 0 %, 0 %, 142259 MiB, 143771 MiB
2026/08/14 01:03:43.124, NVIDIA H200, 54, 100 %, 55 %, 142259 MiB, 143771 MiB
2026/08/14 01:03:46.125, NVIDIA H200, 30, 0 %, 0 %, 142259 MiB, 143771 MiB
2026/08/14 01:03:49.125, NVIDIA H200, 43, 100 %, 57 %, 142259 MiB, 143771 MiB
2026/08/14 01:03:52.126, NVIDIA H200, 54, 100 %, 51 %, 142259 MiB, 143771 MiB
2026/08/14 01:03:55.126, NVIDIA H200, 55, 97 %, 44 %, 142259 MiB, 143771 MiB
2026/08/14 01:03:58.127, NVIDIA H200, 55, 100 %, 25 %, 142259 MiB, 143771 MiB
2026/08/14 01:04:01.127, NVIDIA H200, 51, 100 %, 41 %, 142259 MiB, 143771 MiB
2026/08/14 01:04:04.127, NVIDIA H200, 57, 100 %, 40 %, 142259 MiB, 143771 MiB
2026/08/14 01:04:07.128, NVIDIA H200, 59, 100 %, 61 %, 142259 MiB, 143771 MiB
2026/08/14 01:04:10.128, NVIDIA H200, 59, 100 %, 49 %, 142259 MiB, 143771 MiB
2026/08/14 01:04:13.129, NVIDIA H200, 58, 98 %, 66 %, 142259 MiB, 143771 MiB
2026/08/14 01:04:16.129, NVIDIA H200, 58, 100 %, 58 %, 142259 MiB, 143771 MiB
2026/08/14 01:04:19.130, NVIDIA H200, 56, 100 %, 49 %, 142259 MiB, 143771 MiB
2026/08/14 01:04:22.130, NVIDIA H200, 56, 100 %, 53 %, 142259 MiB, 143771 MiB
2026/08/14 01:04:25.131, NVIDIA H200, 56, 100 %, 50 %, 142259 MiB, 143771 MiB
2026/08/14 01:04:28.131, NVIDIA H200, 56, 100 %, 51 %, 142259 MiB, 143771 MiB
2026/08/14 01:04:31.132, NVIDIA H200, 57, 100 %, 33 %, 142259 MiB, 143771 MiB
2026/08/14 01:04:34.132, NVIDIA H200, 60, 100 %, 51 %, 142259 MiB, 143771 MiB
2026/08/14 01:04:37.133, NVIDIA H200, 60, 100 %, 46 %, 142259 MiB, 143771 MiB
2026/08/14 01:04:40.133, NVIDIA H200, 58, 100 %, 55 %, 142259 MiB, 143771 MiB
2026/08/14 01:04:43.134, NVIDIA H200, 58, 100 %, 46 %, 142259 MiB, 143771 MiB
2026/08/14 01:04:46.134, NVIDIA H200, 55, 98 %, 71 %, 142259 MiB, 143771 MiB
2026/08/14 01:04:49.134, NVIDIA H200, 57, 100 %, 58 %, 142259 MiB, 143771 MiB
2026/08/14 01:04:52.135, NVIDIA H200, 59, 100 %, 47 %, 142259 MiB, 143771 MiB
2026/08/14 01:04:55.136, NVIDIA H200, 56, 98 %, 43 %, 142259 MiB, 143771 MiB
2026/08/14 01:04:58.136, NVIDIA H200, 58, 100 %, 63 %, 142259 MiB, 143771 MiB
2026/08/14 01:05:01.137, NVIDIA H200, 58, 100 %, 55 %, 142259 MiB, 143771 MiB
2026/08/14 01:05:04.137, NVIDIA H200, 62, 100 %, 53 %, 142259 MiB, 143771 MiB
2026/08/14 01:05:07.138, NVIDIA H200, 56, 100 %, 51 %, 142259 MiB, 143771 MiB
2026/08/14 01:05:10.138, NVIDIA H200, 56, 100 %, 54 %, 142259 MiB, 143771 MiB
2026/08/14 01:05:13.138, NVIDIA H200, 58, 100 %, 50 %, 142259 MiB, 143771 MiB
2026/08/14 01:05:16.139, NVIDIA H200, 32, 0 %, 0 %, 142259 MiB, 143771 MiB
2026/08/14 01:05:19.139, NVIDIA H200, 29, 0 %, 0 %, 142259 MiB, 143771 MiB
2026/08/14 01:05:22.140, NVIDIA H200, 54, 99 %, 37 %, 142259 MiB, 143771 MiB
2026/08/14 01:05:25.140, NVIDIA H200, 30, 0 %, 0 %, 142259 MiB, 143771 MiB
2026/08/14 01:05:28.141, NVIDIA H200, 28, 0 %, 0 %, 142259 MiB, 143771 MiB
2026/08/14 01:05:31.141, NVIDIA H200, 27, 0 %, 0 %, 142259 MiB, 143771 MiB
2026/08/14 01:05:34.142, NVIDIA H200, 27, 0 %, 0 %, 142259 MiB, 143771 MiB
2026/08/14 01:05:37.142, NVIDIA H200, 48, 100 %, 56 %, 142259 MiB, 143771 MiB
2026/08/14 01:05:40.143, NVIDIA H200, 54, 100 %, 26 %, 142259 MiB, 143771 MiB
2026/08/14 01:05:43.143, NVIDIA H200, 57, 99 %, 44 %, 142259 MiB, 143771 MiB
2026/08/14 01:05:46.144, NVIDIA H200, 58, 100 %, 41 %, 142259 MiB, 143771 MiB
2026/08/14 01:05:49.144, NVIDIA H200, 57, 100 %, 58 %, 142259 MiB, 143771 MiB
2026/08/14 01:05:52.145, NVIDIA H200, 59, 100 %, 42 %, 142259 MiB, 143771 MiB
2026/08/14 01:05:55.145, NVIDIA H200, 55, 100 %, 54 %, 142259 MiB, 143771 MiB
2026/08/14 01:05:58.145, NVIDIA H200, 56, 100 %, 55 %, 142259 MiB, 143771 MiB
2026/08/14 01:06:01.146, NVIDIA H200, 57, 99 %, 57 %, 142259 MiB, 143771 MiB
2026/08/14 01:06:04.146, NVIDIA H200, 55, 100 %, 49 %, 142259 MiB, 143771 MiB
2026/08/14 01:06:07.146, NVIDIA H200, 58, 100 %, 26 %, 142259 MiB, 143771 MiB
2026/08/14 01:06:10.147, NVIDIA H200, 58, 99 %, 35 %, 142259 MiB, 143771 MiB
2026/08/14 01:06:13.147, NVIDIA H200, 60, 100 %, 46 %, 142259 MiB, 143771 MiB
2026/08/14 01:06:16.148, NVIDIA H200, 55, 100 %, 56 %, 142259 MiB, 143771 MiB
2026/08/14 01:06:19.148, NVIDIA H200, 58, 100 %, 47 %, 142259 MiB, 143771 MiB
2026/08/14 01:06:22.149, NVIDIA H200, 55, 98 %, 59 %, 142259 MiB, 143771 MiB
2026/08/14 01:06:25.149, NVIDIA H200, 56, 100 %, 50 %, 142259 MiB, 143771 MiB
2026/08/14 01:06:28.149, NVIDIA H200, 57, 100 %, 46 %, 142259 MiB, 143771 MiB
2026/08/14 01:06:31.150, NVIDIA H200, 58, 100 %, 47 %, 142259 MiB, 143771 MiB
2026/08/14 01:06:34.150, NVIDIA H200, 58, 100 %, 49 %, 142259 MiB, 143771 MiB
2026/08/14 01:06:37.151, NVIDIA H200, 57, 100 %, 56 %, 142259 MiB, 143771 MiB
2026/08/14 01:06:40.151, NVIDIA H200, 59, 100 %, 42 %, 142259 MiB, 143771 MiB
2026/08/14 01:06:43.152, NVIDIA H200, 55, 100 %, 54 %, 142259 MiB, 143771 MiB
2026/08/14 01:06:46.152, NVIDIA H200, 56, 100 %, 54 %, 142259 MiB, 143771 MiB
2026/08/14 01:06:49.152, NVIDIA H200, 58, 99 %, 54 %, 142259 MiB, 143771 MiB
2026/08/14 01:06:52.153, NVIDIA H200, 56, 100 %, 49 %, 142259 MiB, 143771 MiB
2026/08/14 01:06:55.154, NVIDIA H200, 58, 100 %, 21 %, 142259 MiB, 143771 MiB
2026/08/14 01:06:58.154, NVIDIA H200, 58, 99 %, 37 %, 142259 MiB, 143771 MiB
2026/08/14 01:07:01.154, NVIDIA H200, 56, 100 %, 48 %, 142259 MiB, 143771 MiB
2026/08/14 01:07:04.155, NVIDIA H200, 30, 0 %, 0 %, 142259 MiB, 143771 MiB
2026/08/14 01:07:07.155, NVIDIA H200, 45, 100 %, 52 %, 142259 MiB, 143771 MiB
2026/08/14 01:07:10.156, NVIDIA H200, 33, 0 %, 0 %, 142259 MiB, 143771 MiB
2026/08/14 01:07:13.156, NVIDIA H200, 28, 0 %, 0 %, 142259 MiB, 143771 MiB
2026/08/14 01:07:16.157, NVIDIA H200, 53, 100 %, 22 %, 142259 MiB, 143771 MiB
2026/08/14 01:07:19.157, NVIDIA H200, 55, 100 %, 50 %, 142259 MiB, 143771 MiB
2026/08/14 01:07:22.158, NVIDIA H200, 56, 100 %, 25 %, 142259 MiB, 143771 MiB
2026/08/14 01:07:25.158, NVIDIA H200, 58, 99 %, 35 %, 142259 MiB, 143771 MiB
2026/08/14 01:07:28.158, NVIDIA H200, 60, 100 %, 44 %, 142259 MiB, 143771 MiB
2026/08/14 01:07:31.159, NVIDIA H200, 54, 100 %, 55 %, 142259 MiB, 143771 MiB
2026/08/14 01:07:34.160, NVIDIA H200, 57, 100 %, 46 %, 142259 MiB, 143771 MiB
2026/08/14 01:07:37.160, NVIDIA H200, 56, 98 %, 61 %, 142259 MiB, 143771 MiB
2026/08/14 01:07:40.161, NVIDIA H200, 56, 100 %, 56 %, 142259 MiB, 143771 MiB
2026/08/14 01:07:43.161, NVIDIA H200, 56, 100 %, 45 %, 142259 MiB, 143771 MiB
2026/08/14 01:07:46.161, NVIDIA H200, 60, 99 %, 46 %, 142259 MiB, 143771 MiB
2026/08/14 01:07:49.162, NVIDIA H200, 59, 100 %, 52 %, 142259 MiB, 143771 MiB
2026/08/14 01:07:52.162, NVIDIA H200, 57, 100 %, 57 %, 142259 MiB, 143771 MiB
2026/08/14 01:07:55.162, NVIDIA H200, 58, 100 %, 45 %, 142259 MiB, 143771 MiB
2026/08/14 01:07:58.163, NVIDIA H200, 55, 100 %, 52 %, 142259 MiB, 143771 MiB
2026/08/14 01:08:01.164, NVIDIA H200, 57, 100 %, 55 %, 142259 MiB, 143771 MiB
2026/08/14 01:08:04.164, NVIDIA H200, 58, 100 %, 54 %, 142259 MiB, 143771 MiB
2026/08/14 01:08:07.164, NVIDIA H200, 55, 100 %, 48 %, 142259 MiB, 143771 MiB
2026/08/14 01:08:10.165, NVIDIA H200, 58, 100 %, 21 %, 142259 MiB, 143771 MiB
2026/08/14 01:08:13.165, NVIDIA H200, 59, 98 %, 34 %, 142259 MiB, 143771 MiB
2026/08/14 01:08:16.166, NVIDIA H200, 60, 100 %, 46 %, 142259 MiB, 143771 MiB
2026/08/14 01:08:19.166, NVIDIA H200, 55, 100 %, 57 %, 142259 MiB, 143771 MiB
2026/08/14 01:08:22.167, NVIDIA H200, 57, 100 %, 50 %, 142259 MiB, 143771 MiB
2026/08/14 01:08:25.167, NVIDIA H200, 56, 100 %, 49 %, 142259 MiB, 143771 MiB
2026/08/14 01:08:28.168, NVIDIA H200, 56, 100 %, 51 %, 142259 MiB, 143771 MiB
2026/08/14 01:08:31.168, NVIDIA H200, 57, 100 %, 33 %, 142259 MiB, 143771 MiB
2026/08/14 01:08:34.169, NVIDIA H200, 59, 100 %, 53 %, 142259 MiB, 143771 MiB
2026/08/14 01:08:37.169, NVIDIA H200, 60, 100 %, 46 %, 142259 MiB, 143771 MiB
2026/08/14 01:08:40.169, NVIDIA H200, 37, 0 %, 0 %, 142259 MiB, 143771 MiB
2026/08/14 01:08:43.170, NVIDIA H200, 29, 0 %, 0 %, 142259 MiB, 143771 MiB
2026/08/14 01:08:46.171, NVIDIA H200, 28, 0 %, 0 %, 142259 MiB, 143771 MiB
2026/08/14 01:08:49.171, NVIDIA H200, 54, 100 %, 50 %, 142259 MiB, 143771 MiB
2026/08/14 01:08:52.171, NVIDIA H200, 29, 0 %, 0 %, 142259 MiB, 143771 MiB
2026/08/14 01:08:55.172, NVIDIA H200, 44, 100 %, 50 %, 142259 MiB, 143771 MiB
2026/08/14 01:08:58.173, NVIDIA H200, 54, 98 %, 54 %, 142259 MiB, 143771 MiB
2026/08/14 01:09:01.173, NVIDIA H200, 55, 100 %, 54 %, 142259 MiB, 143771 MiB
2026/08/14 01:09:04.173, NVIDIA H200, 54, 95 %, 61 %, 142259 MiB, 143771 MiB
2026/08/14 01:09:07.174, NVIDIA H200, 57, 100 %, 57 %, 142259 MiB, 143771 MiB
2026/08/14 01:09:10.174, NVIDIA H200, 58, 100 %, 47 %, 142259 MiB, 143771 MiB
2026/08/14 01:09:13.175, NVIDIA H200, 55, 98 %, 45 %, 142259 MiB, 143771 MiB
2026/08/14 01:09:16.175, NVIDIA H200, 58, 100 %, 63 %, 142259 MiB, 143771 MiB
2026/08/14 01:09:19.175, NVIDIA H200, 57, 100 %, 51 %, 142259 MiB, 143771 MiB
2026/08/14 01:09:22.176, NVIDIA H200, 61, 100 %, 53 %, 142259 MiB, 143771 MiB
2026/08/14 01:09:25.176, NVIDIA H200, 55, 99 %, 51 %, 142259 MiB, 143771 MiB
2026/08/14 01:09:28.177, NVIDIA H200, 56, 100 %, 50 %, 142259 MiB, 143771 MiB
2026/08/14 01:09:31.177, NVIDIA H200, 56, 100 %, 49 %, 142259 MiB, 143771 MiB
2026/08/14 01:09:34.177, NVIDIA H200, 53, 100 %, 47 %, 142259 MiB, 143771 MiB
2026/08/14 01:09:37.178, NVIDIA H200, 57, 100 %, 33 %, 142259 MiB, 143771 MiB
2026/08/14 01:09:40.178, NVIDIA H200, 59, 100 %, 54 %, 142259 MiB, 143771 MiB
2026/08/14 01:09:43.179, NVIDIA H200, 59, 100 %, 47 %, 142259 MiB, 143771 MiB
2026/08/14 01:09:46.179, NVIDIA H200, 59, 100 %, 51 %, 142259 MiB, 143771 MiB
2026/08/14 01:09:49.180, NVIDIA H200, 58, 100 %, 43 %, 142259 MiB, 143771 MiB
2026/08/14 01:09:52.180, NVIDIA H200, 57, 98 %, 58 %, 142259 MiB, 143771 MiB
2026/08/14 01:09:55.181, NVIDIA H200, 58, 100 %, 55 %, 142259 MiB, 143771 MiB
2026/08/14 01:09:58.181, NVIDIA H200, 58, 100 %, 41 %, 142259 MiB, 143771 MiB
2026/08/14 01:10:01.182, NVIDIA H200, 59, 98 %, 43 %, 142259 MiB, 143771 MiB
2026/08/14 01:10:04.182, NVIDIA H200, 61, 100 %, 60 %, 142259 MiB, 143771 MiB
2026/08/14 01:10:07.182, NVIDIA H200, 56, 100 %, 51 %, 142259 MiB, 143771 MiB
2026/08/14 01:10:10.183, NVIDIA H200, 57, 100 %, 45 %, 142259 MiB, 143771 MiB
2026/08/14 01:10:13.183, NVIDIA H200, 55, 98 %, 53 %, 142259 MiB, 143771 MiB
2026/08/14 01:10:16.183, NVIDIA H200, 56, 100 %, 49 %, 142259 MiB, 143771 MiB
2026/08/14 01:10:19.184, NVIDIA H200, 57, 100 %, 44 %, 142259 MiB, 143771 MiB
2026/08/14 01:10:22.184, NVIDIA H200, 32, 0 %, 0 %, 142259 MiB, 143771 MiB
2026/08/14 01:10:25.185, NVIDIA H200, 29, 0 %, 0 %, 142259 MiB, 143771 MiB
2026/08/14 01:10:28.185, NVIDIA H200, 51, 100 %, 53 %, 142259 MiB, 143771 MiB
2026/08/14 01:10:31.186, NVIDIA H200, 30, 0 %, 0 %, 142259 MiB, 143771 MiB
2026/08/14 01:10:34.186, NVIDIA H200, 36, 100 %, 53 %, 142259 MiB, 143771 MiB
2026/08/14 01:10:37.187, NVIDIA H200, 57, 100 %, 63 %, 142259 MiB, 143771 MiB
2026/08/14 01:10:40.187, NVIDIA H200, 57, 99 %, 36 %, 142259 MiB, 143771 MiB
2026/08/14 01:10:43.188, NVIDIA H200, 61, 100 %, 66 %, 142259 MiB, 143771 MiB
2026/08/14 01:10:46.188, NVIDIA H200, 56, 100 %, 53 %, 142259 MiB, 143771 MiB
2026/08/14 01:10:49.188, NVIDIA H200, 57, 100 %, 50 %, 142259 MiB, 143771 MiB
2026/08/14 01:10:52.189, NVIDIA H200, 55, 98 %, 51 %, 142259 MiB, 143771 MiB
2026/08/14 01:10:55.189, NVIDIA H200, 56, 100 %, 52 %, 142259 MiB, 143771 MiB
2026/08/14 01:10:58.189, NVIDIA H200, 57, 100 %, 51 %, 142259 MiB, 143771 MiB
2026/08/14 01:11:01.190, NVIDIA H200, 56, 100 %, 50 %, 142259 MiB, 143771 MiB
2026/08/14 01:11:04.190, NVIDIA H200, 57, 100 %, 35 %, 142259 MiB, 143771 MiB
2026/08/14 01:11:07.191, NVIDIA H200, 57, 100 %, 52 %, 142259 MiB, 143771 MiB
2026/08/14 01:11:10.191, NVIDIA H200, 61, 100 %, 46 %, 142259 MiB, 143771 MiB
2026/08/14 01:11:13.192, NVIDIA H200, 55, 100 %, 52 %, 142259 MiB, 143771 MiB
2026/08/14 01:11:16.192, NVIDIA H200, 56, 100 %, 44 %, 142259 MiB, 143771 MiB
2026/08/14 01:11:19.192, NVIDIA H200, 57, 98 %, 63 %, 142259 MiB, 143771 MiB
2026/08/14 01:11:22.193, NVIDIA H200, 52, 100 %, 57 %, 142259 MiB, 143771 MiB
2026/08/14 01:11:25.193, NVIDIA H200, 57, 100 %, 47 %, 142259 MiB, 143771 MiB
2026/08/14 01:11:28.194, NVIDIA H200, 59, 99 %, 48 %, 142259 MiB, 143771 MiB
2026/08/14 01:11:31.195, NVIDIA H200, 61, 100 %, 64 %, 142259 MiB, 143771 MiB
2026/08/14 01:11:34.195, NVIDIA H200, 57, 100 %, 51 %, 142259 MiB, 143771 MiB
2026/08/14 01:11:37.195, NVIDIA H200, 58, 100 %, 49 %, 142259 MiB, 143771 MiB
2026/08/14 01:11:40.196, NVIDIA H200, 56, 99 %, 50 %, 142259 MiB, 143771 MiB
2026/08/14 01:11:43.196, NVIDIA H200, 57, 100 %, 53 %, 142259 MiB, 143771 MiB
2026/08/14 01:11:46.196, NVIDIA H200, 58, 100 %, 49 %, 142259 MiB, 143771 MiB
2026/08/14 01:11:49.197, NVIDIA H200, 56, 100 %, 50 %, 142259 MiB, 143771 MiB
2026/08/14 01:11:52.197, NVIDIA H200, 58, 100 %, 24 %, 142259 MiB, 143771 MiB
2026/08/14 01:11:55.198, NVIDIA H200, 57, 100 %, 44 %, 142259 MiB, 143771 MiB
2026/08/14 01:11:58.198, NVIDIA H200, 61, 100 %, 43 %, 142259 MiB, 143771 MiB
2026/08/14 01:12:01.199, NVIDIA H200, 31, 0 %, 0 %, 142259 MiB, 143771 MiB
2026/08/14 01:12:04.199, NVIDIA H200, 28, 0 %, 0 %, 142259 MiB, 143771 MiB
2026/08/14 01:12:07.200, NVIDIA H200, 45, 100 %, 60 %, 142259 MiB, 143771 MiB
2026/08/14 01:12:10.200, NVIDIA H200, 35, 0 %, 0 %, 142259 MiB, 143771 MiB
2026/08/14 01:12:13.200, NVIDIA H200, 28, 0 %, 0 %, 142259 MiB, 143771 MiB
2026/08/14 01:12:16.201, NVIDIA H200, 51, 100 %, 54 %, 142259 MiB, 143771 MiB
2026/08/14 01:12:19.201, NVIDIA H200, 55, 100 %, 49 %, 142259 MiB, 143771 MiB
2026/08/14 01:12:22.202, NVIDIA H200, 53, 100 %, 55 %, 142259 MiB, 143771 MiB
2026/08/14 01:12:25.202, NVIDIA H200, 59, 100 %, 46 %, 142259 MiB, 143771 MiB
2026/08/14 01:12:28.203, NVIDIA H200, 54, 100 %, 53 %, 142259 MiB, 143771 MiB
2026/08/14 01:12:31.203, NVIDIA H200, 55, 100 %, 45 %, 142259 MiB, 143771 MiB
2026/08/14 01:12:34.204, NVIDIA H200, 56, 98 %, 67 %, 142259 MiB, 143771 MiB
2026/08/14 01:12:37.204, NVIDIA H200, 51, 100 %, 58 %, 142259 MiB, 143771 MiB
2026/08/14 01:12:40.204, NVIDIA H200, 57, 100 %, 47 %, 142259 MiB, 143771 MiB
2026/08/14 01:12:43.205, NVIDIA H200, 55, 98 %, 47 %, 142259 MiB, 143771 MiB
2026/08/14 01:12:46.205, NVIDIA H200, 58, 100 %, 62 %, 142259 MiB, 143771 MiB
2026/08/14 01:12:49.206, NVIDIA H200, 58, 100 %, 54 %, 142259 MiB, 143771 MiB
2026/08/14 01:12:52.206, NVIDIA H200, 61, 100 %, 53 %, 142259 MiB, 143771 MiB
2026/08/14 01:12:55.206, NVIDIA H200, 54, 100 %, 57 %, 142259 MiB, 143771 MiB
2026/08/14 01:12:58.207, NVIDIA H200, 56, 100 %, 52 %, 142259 MiB, 143771 MiB
2026/08/14 01:13:01.208, NVIDIA H200, 56, 100 %, 49 %, 142259 MiB, 143771 MiB
2026/08/14 01:13:04.208, NVIDIA H200, 56, 99 %, 34 %, 142259 MiB, 143771 MiB
2026/08/14 01:13:07.208, NVIDIA H200, 57, 100 %, 51 %, 142259 MiB, 143771 MiB
2026/08/14 01:13:10.209, NVIDIA H200, 60, 100 %, 54 %, 142259 MiB, 143771 MiB
2026/08/14 01:13:13.209, NVIDIA H200, 60, 100 %, 45 %, 142259 MiB, 143771 MiB
2026/08/14 01:13:16.210, NVIDIA H200, 58, 98 %, 59 %, 142259 MiB, 143771 MiB
2026/08/14 01:13:19.210, NVIDIA H200, 59, 100 %, 49 %, 142259 MiB, 143771 MiB
2026/08/14 01:13:22.211, NVIDIA H200, 56, 100 %, 44 %, 142259 MiB, 143771 MiB
2026/08/14 01:13:25.211, NVIDIA H200, 57, 99 %, 47 %, 142259 MiB, 143771 MiB
2026/08/14 01:13:28.212, NVIDIA H200, 58, 100 %, 47 %, 142259 MiB, 143771 MiB
2026/08/14 01:13:31.212, NVIDIA H200, 56, 100 %, 57 %, 142259 MiB, 143771 MiB
2026/08/14 01:13:34.213, NVIDIA H200, 58, 100 %, 40 %, 142259 MiB, 143771 MiB
2026/08/14 01:13:37.213, NVIDIA H200, 57, 100 %, 53 %, 142259 MiB, 143771 MiB
2026/08/14 01:13:40.213, NVIDIA H200, 55, 24 %, 14 %, 142259 MiB, 143771 MiB
2026/08/14 01:13:43.214, NVIDIA H200, 30, 0 %, 0 %, 142259 MiB, 143771 MiB
2026/08/14 01:13:46.214, NVIDIA H200, 43, 99 %, 54 %, 142259 MiB, 143771 MiB
2026/08/14 01:13:49.215, NVIDIA H200, 36, 0 %, 0 %, 142259 MiB, 143771 MiB
2026/08/14 01:13:52.215, NVIDIA H200, 28, 0 %, 0 %, 142259 MiB, 143771 MiB
2026/08/14 01:13:55.216, NVIDIA H200, 27, 0 %, 0 %, 142259 MiB, 143771 MiB
2026/08/14 01:13:58.216, NVIDIA H200, 27, 0 %, 0 %, 142259 MiB, 143771 MiB
2026/08/14 01:14:01.217, NVIDIA H200, 45, 100 %, 32 %, 142259 MiB, 143771 MiB
2026/08/14 01:14:04.217, NVIDIA H200, 53, 99 %, 39 %, 142259 MiB, 143771 MiB
2026/08/14 01:14:07.217, NVIDIA H200, 50, 100 %, 50 %, 142259 MiB, 143771 MiB
2026/08/14 01:14:10.218, NVIDIA H200, 58, 100 %, 58 %, 142259 MiB, 143771 MiB
2026/08/14 01:14:13.218, NVIDIA H200, 56, 100 %, 51 %, 142259 MiB, 143771 MiB
2026/08/14 01:14:16.219, NVIDIA H200, 56, 99 %, 40 %, 142259 MiB, 143771 MiB
2026/08/14 01:14:19.219, NVIDIA H200, 57, 100 %, 51 %, 142259 MiB, 143771 MiB
2026/08/14 01:14:22.219, NVIDIA H200, 56, 100 %, 56 %, 142259 MiB, 143771 MiB
2026/08/14 01:14:25.220, NVIDIA H200, 57, 100 %, 49 %, 142259 MiB, 143771 MiB
2026/08/14 01:14:28.220, NVIDIA H200, 57, 100 %, 54 %, 142259 MiB, 143771 MiB
2026/08/14 01:14:31.221, NVIDIA H200, 60, 100 %, 50 %, 142259 MiB, 143771 MiB
2026/08/14 01:14:34.221, NVIDIA H200, 55, 100 %, 51 %, 142259 MiB, 143771 MiB
2026/08/14 01:14:37.222, NVIDIA H200, 56, 100 %, 49 %, 142259 MiB, 143771 MiB
2026/08/14 01:14:40.222, NVIDIA H200, 57, 100 %, 23 %, 142259 MiB, 143771 MiB
2026/08/14 01:14:43.223, NVIDIA H200, 58, 99 %, 41 %, 142259 MiB, 143771 MiB
2026/08/14 01:14:46.223, NVIDIA H200, 58, 100 %, 37 %, 142259 MiB, 143771 MiB
2026/08/14 01:14:49.224, NVIDIA H200, 57, 100 %, 61 %, 142259 MiB, 143771 MiB
2026/08/14 01:14:52.224, NVIDIA H200, 59, 100 %, 47 %, 142259 MiB, 143771 MiB
2026/08/14 01:14:55.225, NVIDIA H200, 55, 98 %, 63 %, 142259 MiB, 143771 MiB
2026/08/14 01:14:58.225, NVIDIA H200, 56, 100 %, 57 %, 142259 MiB, 143771 MiB
2026/08/14 01:15:01.225, NVIDIA H200, 58, 100 %, 48 %, 142259 MiB, 143771 MiB
2026/08/14 01:15:04.226, NVIDIA H200, 54, 99 %, 41 %, 142259 MiB, 143771 MiB
2026/08/14 01:15:07.226, NVIDIA H200, 57, 100 %, 50 %, 142259 MiB, 143771 MiB
2026/08/14 01:15:10.227, NVIDIA H200, 59, 100 %, 52 %, 142259 MiB, 143771 MiB
2026/08/14 01:15:13.227, NVIDIA H200, 60, 100 %, 46 %, 142259 MiB, 143771 MiB
2026/08/14 01:15:16.228, NVIDIA H200, 59, 100 %, 52 %, 142259 MiB, 143771 MiB
2026/08/14 01:15:19.228, NVIDIA H200, 58, 100 %, 43 %, 142259 MiB, 143771 MiB
2026/08/14 01:15:22.229, NVIDIA H200, 56, 98 %, 62 %, 142259 MiB, 143771 MiB
2026/08/14 01:15:25.229, NVIDIA H200, 57, 100 %, 57 %, 142259 MiB, 143771 MiB
2026/08/14 01:15:28.230, NVIDIA H200, 31, 0 %, 0 %, 142259 MiB, 143771 MiB
2026/08/14 01:15:31.230, NVIDIA H200, 45, 100 %, 55 %, 142259 MiB, 143771 MiB
2026/08/14 01:15:34.231, NVIDIA H200, 37, 0 %, 0 %, 142259 MiB, 143771 MiB
2026/08/14 01:15:37.231, NVIDIA H200, 28, 0 %, 0 %, 142259 MiB, 143771 MiB
2026/08/14 01:15:40.231, NVIDIA H200, 27, 0 %, 0 %, 142259 MiB, 143771 MiB
2026/08/14 01:15:43.232, NVIDIA H200, 52, 100 %, 49 %, 142259 MiB, 143771 MiB
2026/08/14 01:15:46.232, NVIDIA H200, 54, 99 %, 54 %, 142259 MiB, 143771 MiB
2026/08/14 01:15:49.233, NVIDIA H200, 56, 100 %, 50 %, 142259 MiB, 143771 MiB
2026/08/14 01:15:52.233, NVIDIA H200, 56, 100 %, 33 %, 142259 MiB, 143771 MiB
2026/08/14 01:15:55.234, NVIDIA H200, 56, 99 %, 34 %, 142259 MiB, 143771 MiB
2026/08/14 01:15:58.234, NVIDIA H200, 57, 100 %, 51 %, 142259 MiB, 143771 MiB
2026/08/14 01:16:01.234, NVIDIA H200, 57, 100 %, 54 %, 142259 MiB, 143771 MiB
2026/08/14 01:16:04.235, NVIDIA H200, 60, 100 %, 45 %, 142259 MiB, 143771 MiB
2026/08/14 01:16:07.235, NVIDIA H200, 54, 98 %, 55 %, 142259 MiB, 143771 MiB
2026/08/14 01:16:10.236, NVIDIA H200, 55, 100 %, 46 %, 142259 MiB, 143771 MiB
2026/08/14 01:16:13.236, NVIDIA H200, 57, 100 %, 46 %, 142259 MiB, 143771 MiB
2026/08/14 01:16:16.237, NVIDIA H200, 51, 99 %, 48 %, 142259 MiB, 143771 MiB
2026/08/14 01:16:19.237, NVIDIA H200, 57, 100 %, 47 %, 142259 MiB, 143771 MiB
2026/08/14 01:16:22.237, NVIDIA H200, 59, 100 %, 57 %, 142259 MiB, 143771 MiB
2026/08/14 01:16:25.238, NVIDIA H200, 59, 100 %, 42 %, 142259 MiB, 143771 MiB
2026/08/14 01:16:28.238, NVIDIA H200, 57, 100 %, 54 %, 142259 MiB, 143771 MiB
2026/08/14 01:16:31.239, NVIDIA H200, 58, 100 %, 52 %, 142259 MiB, 143771 MiB
2026/08/14 01:16:34.239, NVIDIA H200, 56, 99 %, 54 %, 142259 MiB, 143771 MiB
2026/08/14 01:16:37.240, NVIDIA H200, 56, 100 %, 48 %, 142259 MiB, 143771 MiB
2026/08/14 01:16:40.240, NVIDIA H200, 57, 100 %, 27 %, 142259 MiB, 143771 MiB
2026/08/14 01:16:43.240, NVIDIA H200, 56, 99 %, 36 %, 142259 MiB, 143771 MiB
2026/08/14 01:16:46.241, NVIDIA H200, 57, 100 %, 48 %, 142259 MiB, 143771 MiB
2026/08/14 01:16:49.241, NVIDIA H200, 57, 100 %, 53 %, 142259 MiB, 143771 MiB
2026/08/14 01:16:52.241, NVIDIA H200, 60, 100 %, 46 %, 142259 MiB, 143771 MiB
2026/08/14 01:16:55.242, NVIDIA H200, 55, 98 %, 61 %, 142259 MiB, 143771 MiB
2026/08/14 01:16:58.242, NVIDIA H200, 56, 100 %, 56 %, 142259 MiB, 143771 MiB
2026/08/14 01:17:01.243, NVIDIA H200, 57, 100 %, 44 %, 142259 MiB, 143771 MiB
2026/08/14 01:17:04.243, NVIDIA H200, 52, 98 %, 52 %, 142259 MiB, 143771 MiB
2026/08/14 01:17:07.243, NVIDIA H200, 34, 0 %, 0 %, 142259 MiB, 143771 MiB
2026/08/14 01:17:10.244, NVIDIA H200, 29, 0 %, 0 %, 142259 MiB, 143771 MiB
2026/08/14 01:17:13.244, NVIDIA H200, 42, 100 %, 53 %, 142259 MiB, 143771 MiB
2026/08/14 01:17:16.245, NVIDIA H200, 36, 0 %, 0 %, 142259 MiB, 143771 MiB
2026/08/14 01:17:19.246, NVIDIA H200, 28, 0 %, 0 %, 142259 MiB, 143771 MiB
2026/08/14 01:17:22.246, NVIDIA H200, 27, 0 %, 0 %, 142259 MiB, 143771 MiB
2026/08/14 01:17:25.246, NVIDIA H200, 53, 100 %, 39 %, 142259 MiB, 143771 MiB
2026/08/14 01:17:28.247, NVIDIA H200, 56, 100 %, 56 %, 142259 MiB, 143771 MiB
2026/08/14 01:17:31.247, NVIDIA H200, 60, 100 %, 51 %, 142259 MiB, 143771 MiB
2026/08/14 01:17:34.248, NVIDIA H200, 54, 100 %, 55 %, 142259 MiB, 143771 MiB
2026/08/14 01:17:37.248, NVIDIA H200, 57, 100 %, 48 %, 142259 MiB, 143771 MiB
2026/08/14 01:17:40.249, NVIDIA H200, 55, 100 %, 47 %, 142259 MiB, 143771 MiB
2026/08/14 01:17:43.249, NVIDIA H200, 56, 100 %, 48 %, 142259 MiB, 143771 MiB
2026/08/14 01:17:46.250, NVIDIA H200, 56, 100 %, 60 %, 142259 MiB, 143771 MiB
2026/08/14 01:17:49.250, NVIDIA H200, 58, 100 %, 51 %, 142259 MiB, 143771 MiB
2026/08/14 01:17:52.250, NVIDIA H200, 59, 100 %, 45 %, 142259 MiB, 143771 MiB
2026/08/14 01:17:55.251, NVIDIA H200, 57, 98 %, 50 %, 142259 MiB, 143771 MiB
2026/08/14 01:17:58.252, NVIDIA H200, 58, 100 %, 52 %, 142259 MiB, 143771 MiB
2026/08/14 01:18:01.252, NVIDIA H200, 55, 100 %, 50 %, 142259 MiB, 143771 MiB
2026/08/14 01:18:04.252, NVIDIA H200, 56, 100 %, 47 %, 142259 MiB, 143771 MiB
2026/08/14 01:18:07.253, NVIDIA H200, 57, 100 %, 36 %, 142259 MiB, 143771 MiB
2026/08/14 01:18:10.253, NVIDIA H200, 54, 100 %, 57 %, 142259 MiB, 143771 MiB
2026/08/14 01:18:13.254, NVIDIA H200, 57, 100 %, 46 %, 142259 MiB, 143771 MiB
2026/08/14 01:18:16.254, NVIDIA H200, 58, 100 %, 52 %, 142259 MiB, 143771 MiB
2026/08/14 01:18:19.254, NVIDIA H200, 61, 100 %, 43 %, 142259 MiB, 143771 MiB
2026/08/14 01:18:22.255, NVIDIA H200, 55, 98 %, 63 %, 142259 MiB, 143771 MiB
2026/08/14 01:18:25.255, NVIDIA H200, 57, 100 %, 56 %, 142259 MiB, 143771 MiB
2026/08/14 01:18:28.256, NVIDIA H200, 55, 100 %, 47 %, 142259 MiB, 143771 MiB
2026/08/14 01:18:31.256, NVIDIA H200, 56, 98 %, 45 %, 142259 MiB, 143771 MiB
2026/08/14 01:18:34.257, NVIDIA H200, 57, 100 %, 62 %, 142259 MiB, 143771 MiB
2026/08/14 01:18:37.257, NVIDIA H200, 58, 100 %, 52 %, 142259 MiB, 143771 MiB
2026/08/14 01:18:40.257, NVIDIA H200, 58, 100 %, 50 %, 142259 MiB, 143771 MiB
2026/08/14 01:18:43.258, NVIDIA H200, 57, 99 %, 50 %, 142259 MiB, 143771 MiB
2026/08/14 01:18:46.258, NVIDIA H200, 59, 100 %, 52 %, 142259 MiB, 143771 MiB
2026/08/14 01:18:49.258, NVIDIA H200, 35, 0 %, 0 %, 142259 MiB, 143771 MiB
2026/08/14 01:18:52.259, NVIDIA H200, 29, 0 %, 0 %, 142259 MiB, 143771 MiB
2026/08/14 01:18:55.259, NVIDIA H200, 51, 100 %, 55 %, 142259 MiB, 143771 MiB
2026/08/14 01:18:58.260, NVIDIA H200, 31, 0 %, 0 %, 142259 MiB, 143771 MiB
2026/08/14 01:19:01.260, NVIDIA H200, 28, 0 %, 0 %, 142259 MiB, 143771 MiB
2026/08/14 01:19:04.261, NVIDIA H200, 50, 100 %, 56 %, 142259 MiB, 143771 MiB
2026/08/14 01:19:07.261, NVIDIA H200, 55, 99 %, 63 %, 142259 MiB, 143771 MiB
2026/08/14 01:19:10.261, NVIDIA H200, 55, 100 %, 53 %, 142259 MiB, 143771 MiB
2026/08/14 01:19:13.262, NVIDIA H200, 55, 99 %, 54 %, 142259 MiB, 143771 MiB
2026/08/14 01:19:16.262, NVIDIA H200, 56, 100 %, 49 %, 142259 MiB, 143771 MiB
2026/08/14 01:19:19.263, NVIDIA H200, 56, 100 %, 24 %, 142259 MiB, 143771 MiB
2026/08/14 01:19:22.263, NVIDIA H200, 56, 99 %, 35 %, 142259 MiB, 143771 MiB
2026/08/14 01:19:25.264, NVIDIA H200, 57, 100 %, 45 %, 142259 MiB, 143771 MiB
2026/08/14 01:19:28.264, NVIDIA H200, 57, 100 %, 54 %, 142259 MiB, 143771 MiB
2026/08/14 01:19:31.265, NVIDIA H200, 59, 100 %, 46 %, 142259 MiB, 143771 MiB
2026/08/14 01:19:34.265, NVIDIA H200, 55, 98 %, 63 %, 142259 MiB, 143771 MiB
2026/08/14 01:19:37.265, NVIDIA H200, 56, 100 %, 58 %, 142259 MiB, 143771 MiB
2026/08/14 01:19:40.266, NVIDIA H200, 57, 100 %, 49 %, 142259 MiB, 143771 MiB
2026/08/14 01:19:43.266, NVIDIA H200, 53, 99 %, 43 %, 142259 MiB, 143771 MiB
2026/08/14 01:19:46.267, NVIDIA H200, 58, 100 %, 51 %, 142259 MiB, 143771 MiB
2026/08/14 01:19:49.267, NVIDIA H200, 58, 100 %, 54 %, 142259 MiB, 143771 MiB
2026/08/14 01:19:52.268, NVIDIA H200, 61, 100 %, 43 %, 142259 MiB, 143771 MiB
2026/08/14 01:19:55.268, NVIDIA H200, 56, 100 %, 50 %, 142259 MiB, 143771 MiB
2026/08/14 01:19:58.269, NVIDIA H200, 57, 100 %, 55 %, 142259 MiB, 143771 MiB
2026/08/14 01:20:01.269, NVIDIA H200, 55, 99 %, 53 %, 142259 MiB, 143771 MiB
2026/08/14 01:20:04.270, NVIDIA H200, 56, 100 %, 48 %, 142259 MiB, 143771 MiB
2026/08/14 01:20:07.270, NVIDIA H200, 56, 100 %, 22 %, 142259 MiB, 143771 MiB
2026/08/14 01:20:10.271, NVIDIA H200, 57, 99 %, 37 %, 142259 MiB, 143771 MiB
2026/08/14 01:20:13.271, NVIDIA H200, 58, 100 %, 38 %, 142259 MiB, 143771 MiB
2026/08/14 01:20:16.272, NVIDIA H200, 57, 100 %, 59 %, 142259 MiB, 143771 MiB
2026/08/14 01:20:19.272, NVIDIA H200, 59, 100 %, 48 %, 142259 MiB, 143771 MiB
2026/08/14 01:20:22.272, NVIDIA H200, 58, 100 %, 54 %, 142259 MiB, 143771 MiB
2026/08/14 01:20:25.273, NVIDIA H200, 59, 100 %, 53 %, 142259 MiB, 143771 MiB
2026/08/14 01:20:28.273, NVIDIA H200, 57, 98 %, 55 %, 142259 MiB, 143771 MiB
2026/08/14 01:20:31.274, NVIDIA H200, 30, 0 %, 0 %, 142259 MiB, 143771 MiB
2026/08/14 01:20:34.274, NVIDIA H200, 28, 0 %, 0 %, 142259 MiB, 143771 MiB
2026/08/14 01:20:37.274, NVIDIA H200, 55, 100 %, 56 %, 142259 MiB, 143771 MiB
2026/08/14 01:20:40.275, NVIDIA H200, 29, 0 %, 0 %, 142259 MiB, 143771 MiB
2026/08/14 01:20:43.275, NVIDIA H200, 27, 0 %, 0 %, 142259 MiB, 143771 MiB
2026/08/14 01:20:46.276, NVIDIA H200, 53, 100 %, 27 %, 142259 MiB, 143771 MiB
2026/08/14 01:20:49.276, NVIDIA H200, 54, 100 %, 50 %, 142259 MiB, 143771 MiB
2026/08/14 01:20:52.276, NVIDIA H200, 57, 100 %, 25 %, 142259 MiB, 143771 MiB
2026/08/14 01:20:55.277, NVIDIA H200, 56, 100 %, 41 %, 142259 MiB, 143771 MiB
2026/08/14 01:20:58.277, NVIDIA H200, 59, 100 %, 41 %, 142259 MiB, 143771 MiB
2026/08/14 01:21:01.278, NVIDIA H200, 54, 100 %, 60 %, 142259 MiB, 143771 MiB
2026/08/14 01:21:04.278, NVIDIA H200, 55, 100 %, 48 %, 142259 MiB, 143771 MiB
2026/08/14 01:21:07.278, NVIDIA H200, 55, 98 %, 72 %, 142259 MiB, 143771 MiB
2026/08/14 01:21:10.279, NVIDIA H200, 52, 100 %, 61 %, 142259 MiB, 143771 MiB
2026/08/14 01:21:13.279, NVIDIA H200, 57, 100 %, 48 %, 142259 MiB, 143771 MiB
2026/08/14 01:21:16.280, NVIDIA H200, 59, 98 %, 44 %, 142259 MiB, 143771 MiB
2026/08/14 01:21:19.280, NVIDIA H200, 59, 100 %, 52 %, 142259 MiB, 143771 MiB
2026/08/14 01:21:22.281, NVIDIA H200, 58, 100 %, 56 %, 142259 MiB, 143771 MiB
2026/08/14 01:21:25.282, NVIDIA H200, 58, 100 %, 54 %, 142259 MiB, 143771 MiB
2026/08/14 01:21:28.282, NVIDIA H200, 56, 100 %, 58 %, 142259 MiB, 143771 MiB
2026/08/14 01:21:31.282, NVIDIA H200, 56, 100 %, 53 %, 142259 MiB, 143771 MiB
2026/08/14 01:21:34.283, NVIDIA H200, 58, 100 %, 49 %, 142259 MiB, 143771 MiB
2026/08/14 01:21:37.283, NVIDIA H200, 56, 100 %, 51 %, 142259 MiB, 143771 MiB
2026/08/14 01:21:40.283, NVIDIA H200, 57, 100 %, 30 %, 142259 MiB, 143771 MiB
2026/08/14 01:21:43.284, NVIDIA H200, 57, 100 %, 46 %, 142259 MiB, 143771 MiB
2026/08/14 01:21:46.284, NVIDIA H200, 60, 100 %, 41 %, 142259 MiB, 143771 MiB
2026/08/14 01:21:49.285, NVIDIA H200, 55, 100 %, 58 %, 142259 MiB, 143771 MiB
2026/08/14 01:21:52.285, NVIDIA H200, 56, 100 %, 48 %, 142259 MiB, 143771 MiB
2026/08/14 01:21:55.285, NVIDIA H200, 56, 98 %, 71 %, 142259 MiB, 143771 MiB
2026/08/14 01:21:58.286, NVIDIA H200, 53, 100 %, 60 %, 142259 MiB, 143771 MiB
2026/08/14 01:22:01.286, NVIDIA H200, 58, 100 %, 42 %, 142259 MiB, 143771 MiB
2026/08/14 01:22:04.287, NVIDIA H200, 60, 100 %, 58 %, 142259 MiB, 143771 MiB
2026/08/14 01:22:07.287, NVIDIA H200, 60, 100 %, 42 %, 142259 MiB, 143771 MiB
2026/08/14 01:22:10.288, NVIDIA H200, 36, 0 %, 0 %, 142259 MiB, 143771 MiB
2026/08/14 01:22:13.288, NVIDIA H200, 29, 0 %, 0 %, 142259 MiB, 143771 MiB
2026/08/14 01:22:16.289, NVIDIA H200, 43, 100 %, 53 %, 142259 MiB, 143771 MiB
2026/08/14 01:22:19.289, NVIDIA H200, 33, 0 %, 0 %, 142259 MiB, 143771 MiB
2026/08/14 01:22:22.290, NVIDIA H200, 28, 0 %, 0 %, 142259 MiB, 143771 MiB
2026/08/14 01:22:25.291, NVIDIA H200, 27, 0 %, 0 %, 142259 MiB, 143771 MiB
2026/08/14 01:22:28.291, NVIDIA H200, 27, 0 %, 0 %, 142259 MiB, 143771 MiB
2026/08/14 01:22:31.291, NVIDIA H200, 27, 0 %, 0 %, 142259 MiB, 143771 MiB
2026/08/14 01:22:34.292, NVIDIA H200, 54, 100 %, 55 %, 142259 MiB, 143771 MiB
2026/08/14 01:22:37.292, NVIDIA H200, 55, 100 %, 48 %, 142259 MiB, 143771 MiB
2026/08/14 01:22:40.293, NVIDIA H200, 56, 100 %, 54 %, 142259 MiB, 143771 MiB
2026/08/14 01:22:43.293, NVIDIA H200, 59, 100 %, 46 %, 142259 MiB, 143771 MiB
2026/08/14 01:22:46.293, NVIDIA H200, 54, 98 %, 61 %, 142259 MiB, 143771 MiB
2026/08/14 01:22:49.294, NVIDIA H200, 55, 100 %, 54 %, 142259 MiB, 143771 MiB
2026/08/14 01:22:52.294, NVIDIA H200, 56, 100 %, 45 %, 142259 MiB, 143771 MiB
2026/08/14 01:22:55.295, NVIDIA H200, 52, 99 %, 47 %, 142259 MiB, 143771 MiB
2026/08/14 01:22:58.295, NVIDIA H200, 56, 100 %, 50 %, 142259 MiB, 143771 MiB
2026/08/14 01:23:01.296, NVIDIA H200, 58, 100 %, 54 %, 142259 MiB, 143771 MiB
2026/08/14 01:23:04.296, NVIDIA H200, 60, 100 %, 40 %, 142259 MiB, 143771 MiB
2026/08/14 01:23:07.296, NVIDIA H200, 57, 100 %, 52 %, 142259 MiB, 143771 MiB
2026/08/14 01:23:10.297, NVIDIA H200, 57, 100 %, 54 %, 142259 MiB, 143771 MiB
2026/08/14 01:23:13.297, NVIDIA H200, 55, 99 %, 54 %, 142259 MiB, 143771 MiB
2026/08/14 01:23:16.298, NVIDIA H200, 56, 100 %, 48 %, 142259 MiB, 143771 MiB
2026/08/14 01:23:19.298, NVIDIA H200, 56, 100 %, 22 %, 142259 MiB, 143771 MiB
2026/08/14 01:23:22.299, NVIDIA H200, 57, 99 %, 35 %, 142259 MiB, 143771 MiB
2026/08/14 01:23:25.299, NVIDIA H200, 58, 100 %, 45 %, 142259 MiB, 143771 MiB
2026/08/14 01:23:28.300, NVIDIA H200, 57, 100 %, 54 %, 142259 MiB, 143771 MiB
2026/08/14 01:23:31.300, NVIDIA H200, 59, 100 %, 46 %, 142259 MiB, 143771 MiB
2026/08/14 01:23:34.300, NVIDIA H200, 55, 98 %, 61 %, 142259 MiB, 143771 MiB
2026/08/14 01:23:37.301, NVIDIA H200, 56, 100 %, 54 %, 142259 MiB, 143771 MiB
2026/08/14 01:23:40.301, NVIDIA H200, 55, 100 %, 40 %, 142259 MiB, 143771 MiB
2026/08/14 01:23:43.301, NVIDIA H200, 56, 100 %, 50 %, 142259 MiB, 143771 MiB
2026/08/14 01:23:46.302, NVIDIA H200, 57, 100 %, 33 %, 142259 MiB, 143771 MiB
2026/08/14 01:23:49.302, NVIDIA H200, 57, 100 %, 53 %, 142259 MiB, 143771 MiB
2026/08/14 01:23:52.302, NVIDIA H200, 60, 100 %, 46 %, 142259 MiB, 143771 MiB
2026/08/14 01:23:55.303, NVIDIA H200, 54, 100 %, 53 %, 142259 MiB, 143771 MiB
2026/08/14 01:23:58.303, NVIDIA H200, 32, 0 %, 0 %, 142259 MiB, 143771 MiB
2026/08/14 01:24:01.304, NVIDIA H200, 28, 0 %, 0 %, 142259 MiB, 143771 MiB
2026/08/14 01:24:04.304, NVIDIA H200, 49, 100 %, 56 %, 142259 MiB, 143771 MiB
2026/08/14 01:24:07.305, NVIDIA H200, 32, 0 %, 0 %, 142259 MiB, 143771 MiB
2026/08/14 01:24:10.305, NVIDIA H200, 28, 0 %, 0 %, 142259 MiB, 143771 MiB
2026/08/14 01:24:13.305, NVIDIA H200, 27, 0 %, 0 %, 142259 MiB, 143771 MiB
2026/08/14 01:24:16.306, NVIDIA H200, 43, 97 %, 52 %, 142259 MiB, 143771 MiB
2026/08/14 01:24:19.306, NVIDIA H200, 56, 100 %, 49 %, 142259 MiB, 143771 MiB
2026/08/14 01:24:22.307, NVIDIA H200, 55, 100 %, 55 %, 142259 MiB, 143771 MiB
2026/08/14 01:24:25.307, NVIDIA H200, 57, 100 %, 48 %, 142259 MiB, 143771 MiB
2026/08/14 01:24:28.308, NVIDIA H200, 57, 100 %, 46 %, 142259 MiB, 143771 MiB
2026/08/14 01:24:31.308, NVIDIA H200, 56, 100 %, 49 %, 142259 MiB, 143771 MiB
2026/08/14 01:24:34.309, NVIDIA H200, 57, 100 %, 29 %, 142259 MiB, 143771 MiB
2026/08/14 01:24:37.309, NVIDIA H200, 57, 100 %, 47 %, 142259 MiB, 143771 MiB
2026/08/14 01:24:40.310, NVIDIA H200, 59, 100 %, 46 %, 142259 MiB, 143771 MiB
2026/08/14 01:24:43.310, NVIDIA H200, 54, 100 %, 56 %, 142259 MiB, 143771 MiB
2026/08/14 01:24:46.311, NVIDIA H200, 55, 100 %, 48 %, 142259 MiB, 143771 MiB
2026/08/14 01:24:49.311, NVIDIA H200, 55, 98 %, 73 %, 142259 MiB, 143771 MiB
2026/08/14 01:24:52.312, NVIDIA H200, 52, 100 %, 59 %, 142259 MiB, 143771 MiB
2026/08/14 01:24:55.312, NVIDIA H200, 57, 100 %, 48 %, 142259 MiB, 143771 MiB
2026/08/14 01:24:58.313, NVIDIA H200, 60, 99 %, 40 %, 142259 MiB, 143771 MiB
2026/08/14 01:25:01.313, NVIDIA H200, 59, 100 %, 60 %, 142259 MiB, 143771 MiB
2026/08/14 01:25:04.313, NVIDIA H200, 58, 100 %, 57 %, 142259 MiB, 143771 MiB
2026/08/14 01:25:07.314, NVIDIA H200, 59, 100 %, 54 %, 142259 MiB, 143771 MiB
2026/08/14 01:25:10.314, NVIDIA H200, 56, 99 %, 56 %, 142259 MiB, 143771 MiB
2026/08/14 01:25:13.315, NVIDIA H200, 56, 100 %, 53 %, 142259 MiB, 143771 MiB
2026/08/14 01:25:16.315, NVIDIA H200, 57, 100 %, 49 %, 142259 MiB, 143771 MiB
2026/08/14 01:25:19.316, NVIDIA H200, 57, 100 %, 51 %, 142259 MiB, 143771 MiB
2026/08/14 01:25:22.316, NVIDIA H200, 57, 100 %, 39 %, 142259 MiB, 143771 MiB
2026/08/14 01:25:25.317, NVIDIA H200, 59, 97 %, 39 %, 142259 MiB, 143771 MiB
2026/08/14 01:25:28.317, NVIDIA H200, 60, 100 %, 57 %, 142259 MiB, 143771 MiB
2026/08/14 01:25:31.317, NVIDIA H200, 55, 100 %, 52 %, 142259 MiB, 143771 MiB
2026/08/14 01:25:34.318, NVIDIA H200, 57, 100 %, 44 %, 142259 MiB, 143771 MiB
2026/08/14 01:25:37.318, NVIDIA H200, 55, 98 %, 61 %, 142259 MiB, 143771 MiB
2026/08/14 01:25:40.318, NVIDIA H200, 32, 0 %, 0 %, 142259 MiB, 143771 MiB
2026/08/14 01:25:43.319, NVIDIA H200, 28, 0 %, 0 %, 142259 MiB, 143771 MiB
2026/08/14 01:25:46.319, NVIDIA H200, 51, 99 %, 36 %, 142259 MiB, 143771 MiB
2026/08/14 01:25:49.320, NVIDIA H200, 31, 0 %, 0 %, 142259 MiB, 143771 MiB
2026/08/14 01:25:52.320, NVIDIA H200, 43, 100 %, 50 %, 142259 MiB, 143771 MiB
2026/08/14 01:25:55.321, NVIDIA H200, 53, 100 %, 36 %, 142259 MiB, 143771 MiB
2026/08/14 01:25:58.321, NVIDIA H200, 54, 100 %, 51 %, 142259 MiB, 143771 MiB
2026/08/14 01:26:01.322, NVIDIA H200, 55, 98 %, 59 %, 142259 MiB, 143771 MiB
2026/08/14 01:26:04.322, NVIDIA H200, 55, 100 %, 45 %, 142259 MiB, 143771 MiB
2026/08/14 01:26:07.322, NVIDIA H200, 54, 98 %, 57 %, 142259 MiB, 143771 MiB
2026/08/14 01:26:10.323, NVIDIA H200, 55, 100 %, 47 %, 142259 MiB, 143771 MiB
2026/08/14 01:26:13.323, NVIDIA H200, 56, 100 %, 44 %, 142259 MiB, 143771 MiB
2026/08/14 01:26:16.324, NVIDIA H200, 57, 99 %, 47 %, 142259 MiB, 143771 MiB
2026/08/14 01:26:19.325, NVIDIA H200, 58, 100 %, 47 %, 142259 MiB, 143771 MiB
2026/08/14 01:26:22.325, NVIDIA H200, 56, 100 %, 58 %, 142259 MiB, 143771 MiB
2026/08/14 01:26:25.326, NVIDIA H200, 58, 100 %, 43 %, 142259 MiB, 143771 MiB
2026/08/14 01:26:28.326, NVIDIA H200, 55, 100 %, 52 %, 142259 MiB, 143771 MiB
2026/08/14 01:26:31.326, NVIDIA H200, 55, 100 %, 55 %, 142259 MiB, 143771 MiB
2026/08/14 01:26:34.327, NVIDIA H200, 57, 99 %, 57 %, 142259 MiB, 143771 MiB
2026/08/14 01:26:37.327, NVIDIA H200, 55, 100 %, 49 %, 142259 MiB, 143771 MiB
2026/08/14 01:26:40.327, NVIDIA H200, 57, 100 %, 29 %, 142259 MiB, 143771 MiB
2026/08/14 01:26:43.328, NVIDIA H200, 58, 98 %, 34 %, 142259 MiB, 143771 MiB
2026/08/14 01:26:46.329, NVIDIA H200, 61, 100 %, 47 %, 142259 MiB, 143771 MiB
2026/08/14 01:26:49.329, NVIDIA H200, 54, 100 %, 54 %, 142259 MiB, 143771 MiB
2026/08/14 01:26:52.330, NVIDIA H200, 57, 100 %, 48 %, 142259 MiB, 143771 MiB
2026/08/14 01:26:55.330, NVIDIA H200, 55, 98 %, 61 %, 142259 MiB, 143771 MiB
2026/08/14 01:26:58.330, NVIDIA H200, 56, 100 %, 56 %, 142259 MiB, 143771 MiB
2026/08/14 01:27:01.331, NVIDIA H200, 56, 100 %, 21 %, 142259 MiB, 143771 MiB
2026/08/14 01:27:04.331, NVIDIA H200, 57, 100 %, 46 %, 142259 MiB, 143771 MiB
2026/08/14 01:27:07.332, NVIDIA H200, 57, 100 %, 38 %, 142259 MiB, 143771 MiB
2026/08/14 01:27:10.332, NVIDIA H200, 56, 100 %, 60 %, 142259 MiB, 143771 MiB
2026/08/14 01:27:13.332, NVIDIA H200, 58, 100 %, 46 %, 142259 MiB, 143771 MiB
2026/08/14 01:27:16.333, NVIDIA H200, 55, 98 %, 74 %, 142259 MiB, 143771 MiB
2026/08/14 01:27:19.333, NVIDIA H200, 32, 0 %, 0 %, 142259 MiB, 143771 MiB
2026/08/14 01:27:22.334, NVIDIA H200, 28, 0 %, 0 %, 142259 MiB, 143771 MiB
2026/08/14 01:27:25.334, NVIDIA H200, 43, 99 %, 47 %, 142259 MiB, 143771 MiB
2026/08/14 01:27:28.335, NVIDIA H200, 32, 0 %, 0 %, 142259 MiB, 143771 MiB
2026/08/14 01:27:31.335, NVIDIA H200, 27, 0 %, 0 %, 142259 MiB, 143771 MiB
2026/08/14 01:27:34.336, NVIDIA H200, 38, 40 %, 22 %, 142259 MiB, 143771 MiB
2026/08/14 01:27:37.336, NVIDIA H200, 55, 100 %, 47 %, 142259 MiB, 143771 MiB
2026/08/14 01:27:40.336, NVIDIA H200, 56, 100 %, 53 %, 142259 MiB, 143771 MiB
2026/08/14 01:27:43.337, NVIDIA H200, 57, 100 %, 45 %, 142259 MiB, 143771 MiB
2026/08/14 01:27:46.337, NVIDIA H200, 54, 99 %, 64 %, 142259 MiB, 143771 MiB
2026/08/14 01:27:49.338, NVIDIA H200, 56, 100 %, 57 %, 142259 MiB, 143771 MiB
2026/08/14 01:27:52.339, NVIDIA H200, 57, 100 %, 47 %, 142259 MiB, 143771 MiB
2026/08/14 01:27:55.339, NVIDIA H200, 55, 100 %, 49 %, 142259 MiB, 143771 MiB
2026/08/14 01:27:58.339, NVIDIA H200, 57, 100 %, 63 %, 142259 MiB, 143771 MiB
2026/08/14 01:28:01.340, NVIDIA H200, 58, 100 %, 56 %, 142259 MiB, 143771 MiB
2026/08/14 01:28:04.340, NVIDIA H200, 61, 100 %, 52 %, 142259 MiB, 143771 MiB
2026/08/14 01:28:07.341, NVIDIA H200, 54, 99 %, 56 %, 142259 MiB, 143771 MiB
2026/08/14 01:28:10.341, NVIDIA H200, 56, 100 %, 54 %, 142259 MiB, 143771 MiB
2026/08/14 01:28:13.342, NVIDIA H200, 55, 100 %, 50 %, 142259 MiB, 143771 MiB
2026/08/14 01:28:16.342, NVIDIA H200, 55, 100 %, 53 %, 142259 MiB, 143771 MiB
2026/08/14 01:28:19.342, NVIDIA H200, 57, 100 %, 33 %, 142259 MiB, 143771 MiB
2026/08/14 01:28:22.343, NVIDIA H200, 59, 100 %, 51 %, 142259 MiB, 143771 MiB
2026/08/14 01:28:25.344, NVIDIA H200, 59, 100 %, 46 %, 142259 MiB, 143771 MiB
2026/08/14 01:28:28.344, NVIDIA H200, 58, 100 %, 52 %, 142259 MiB, 143771 MiB
2026/08/14 01:28:31.344, NVIDIA H200, 58, 100 %, 46 %, 142259 MiB, 143771 MiB
2026/08/14 01:28:34.345, NVIDIA H200, 55, 98 %, 65 %, 142259 MiB, 143771 MiB
2026/08/14 01:28:37.345, NVIDIA H200, 57, 100 %, 57 %, 142259 MiB, 143771 MiB
2026/08/14 01:28:40.346, NVIDIA H200, 57, 100 %, 48 %, 142259 MiB, 143771 MiB
2026/08/14 01:28:43.346, NVIDIA H200, 58, 99 %, 46 %, 142259 MiB, 143771 MiB
2026/08/14 01:28:46.347, NVIDIA H200, 56, 100 %, 49 %, 142259 MiB, 143771 MiB
2026/08/14 01:28:49.347, NVIDIA H200, 58, 100 %, 55 %, 142259 MiB, 143771 MiB
2026/08/14 01:28:52.348, NVIDIA H200, 61, 100 %, 39 %, 142259 MiB, 143771 MiB
2026/08/14 01:28:55.348, NVIDIA H200, 56, 100 %, 52 %, 142259 MiB, 143771 MiB
2026/08/14 01:28:58.348, NVIDIA H200, 57, 100 %, 53 %, 142259 MiB, 143771 MiB
2026/08/14 01:29:01.349, NVIDIA H200, 31, 0 %, 0 %, 142259 MiB, 143771 MiB
2026/08/14 01:29:04.349, NVIDIA H200, 29, 0 %, 0 %, 142259 MiB, 143771 MiB
2026/08/14 01:29:07.350, NVIDIA H200, 40, 3 %, 0 %, 142259 MiB, 143771 MiB
2026/08/14 01:29:10.350, NVIDIA H200, 28, 0 %, 0 %, 142259 MiB, 143771 MiB
2026/08/14 01:29:13.351, NVIDIA H200, 42, 100 %, 53 %, 142259 MiB, 143771 MiB
2026/08/14 01:29:16.351, NVIDIA H200, 51, 100 %, 23 %, 142259 MiB, 143771 MiB
2026/08/14 01:29:19.352, NVIDIA H200, 49, 97 %, 46 %, 142259 MiB, 143771 MiB
2026/08/14 01:29:22.353, NVIDIA H200, 56, 100 %, 49 %, 142259 MiB, 143771 MiB
2026/08/14 01:29:25.353, NVIDIA H200, 58, 100 %, 58 %, 142259 MiB, 143771 MiB
2026/08/14 01:29:28.353, NVIDIA H200, 59, 100 %, 42 %, 142259 MiB, 143771 MiB
2026/08/14 01:29:31.354, NVIDIA H200, 58, 100 %, 52 %, 142259 MiB, 143771 MiB
2026/08/14 01:29:34.354, NVIDIA H200, 59, 100 %, 53 %, 142259 MiB, 143771 MiB
2026/08/14 01:29:37.355, NVIDIA H200, 56, 99 %, 54 %, 142259 MiB, 143771 MiB
2026/08/14 01:29:40.355, NVIDIA H200, 56, 100 %, 50 %, 142259 MiB, 143771 MiB
2026/08/14 01:29:43.356, NVIDIA H200, 57, 100 %, 33 %, 142259 MiB, 143771 MiB
2026/08/14 01:29:46.356, NVIDIA H200, 56, 98 %, 34 %, 142259 MiB, 143771 MiB
2026/08/14 01:29:49.356, NVIDIA H200, 57, 100 %, 51 %, 142259 MiB, 143771 MiB
2026/08/14 01:29:52.357, NVIDIA H200, 57, 100 %, 52 %, 142259 MiB, 143771 MiB
2026/08/14 01:29:55.357, NVIDIA H200, 60, 100 %, 45 %, 142259 MiB, 143771 MiB
2026/08/14 01:29:58.358, NVIDIA H200, 54, 99 %, 59 %, 142259 MiB, 143771 MiB
2026/08/14 01:30:01.359, NVIDIA H200, 55, 100 %, 55 %, 142259 MiB, 143771 MiB
2026/08/14 01:30:04.359, NVIDIA H200, 56, 100 %, 43 %, 142259 MiB, 143771 MiB
2026/08/14 01:30:07.359, NVIDIA H200, 52, 99 %, 46 %, 142259 MiB, 143771 MiB
2026/08/14 01:30:10.360, NVIDIA H200, 56, 100 %, 51 %, 142259 MiB, 143771 MiB
2026/08/14 01:30:13.361, NVIDIA H200, 58, 100 %, 55 %, 142259 MiB, 143771 MiB
2026/08/14 01:30:16.361, NVIDIA H200, 60, 100 %, 39 %, 142259 MiB, 143771 MiB
2026/08/14 01:30:19.362, NVIDIA H200, 57, 100 %, 52 %, 142259 MiB, 143771 MiB
2026/08/14 01:30:22.362, NVIDIA H200, 57, 100 %, 53 %, 142259 MiB, 143771 MiB
2026/08/14 01:30:25.363, NVIDIA H200, 55, 99 %, 55 %, 142259 MiB, 143771 MiB
2026/08/14 01:30:28.363, NVIDIA H200, 56, 100 %, 48 %, 142259 MiB, 143771 MiB
2026/08/14 01:30:31.364, NVIDIA H200, 56, 100 %, 26 %, 142259 MiB, 143771 MiB
2026/08/14 01:30:34.364, NVIDIA H200, 57, 99 %, 35 %, 142259 MiB, 143771 MiB
2026/08/14 01:30:37.365, NVIDIA H200, 58, 100 %, 44 %, 142259 MiB, 143771 MiB
2026/08/14 01:30:40.365, NVIDIA H200, 31, 0 %, 0 %, 142259 MiB, 143771 MiB
2026/08/14 01:30:43.366, NVIDIA H200, 34, 0 %, 0 %, 142259 MiB, 143771 MiB
2026/08/14 01:30:46.366, NVIDIA H200, 53, 100 %, 54 %, 142259 MiB, 143771 MiB
2026/08/14 01:30:49.367, NVIDIA H200, 29, 0 %, 0 %, 142259 MiB, 143771 MiB
2026/08/14 01:30:52.367, NVIDIA H200, 27, 0 %, 0 %, 142259 MiB, 143771 MiB
2026/08/14 01:30:55.367, NVIDIA H200, 27, 0 %, 0 %, 142259 MiB, 143771 MiB
2026/08/14 01:30:58.368, NVIDIA H200, 27, 0 %, 0 %, 142259 MiB, 143771 MiB
2026/08/14 01:31:01.368, NVIDIA H200, 52, 100 %, 47 %, 142259 MiB, 143771 MiB
2026/08/14 01:31:04.369, NVIDIA H200, 52, 100 %, 32 %, 142259 MiB, 143771 MiB
2026/08/14 01:31:07.370, NVIDIA H200, 54, 98 %, 41 %, 142259 MiB, 143771 MiB
2026/08/14 01:31:10.370, NVIDIA H200, 57, 100 %, 59 %, 142259 MiB, 143771 MiB
2026/08/14 01:31:13.371, NVIDIA H200, 57, 100 %, 56 %, 142259 MiB, 143771 MiB
2026/08/14 01:31:16.371, NVIDIA H200, 59, 100 %, 52 %, 142259 MiB, 143771 MiB
2026/08/14 01:31:19.372, NVIDIA H200, 54, 100 %, 57 %, 142259 MiB, 143771 MiB
2026/08/14 01:31:22.372, NVIDIA H200, 57, 100 %, 49 %, 142259 MiB, 143771 MiB
2026/08/14 01:31:25.373, NVIDIA H200, 55, 99 %, 48 %, 142259 MiB, 143771 MiB
2026/08/14 01:31:28.373, NVIDIA H200, 56, 100 %, 51 %, 142259 MiB, 143771 MiB
2026/08/14 01:31:31.374, NVIDIA H200, 56, 100 %, 31 %, 142259 MiB, 143771 MiB
2026/08/14 01:31:34.375, NVIDIA H200, 58, 100 %, 45 %, 142259 MiB, 143771 MiB
2026/08/14 01:31:37.375, NVIDIA H200, 57, 100 %, 41 %, 142259 MiB, 143771 MiB
2026/08/14 01:31:40.376, NVIDIA H200, 56, 100 %, 60 %, 142259 MiB, 143771 MiB
2026/08/14 01:31:43.376, NVIDIA H200, 58, 100 %, 53 %, 142259 MiB, 143771 MiB
2026/08/14 01:31:46.377, NVIDIA H200, 55, 100 %, 46 %, 142259 MiB, 143771 MiB
2026/08/14 01:31:49.377, NVIDIA H200, 55, 100 %, 46 %, 142259 MiB, 143771 MiB
2026/08/14 01:31:52.377, NVIDIA H200, 57, 100 %, 42 %, 142259 MiB, 143771 MiB
2026/08/14 01:31:55.378, NVIDIA H200, 55, 100 %, 56 %, 142259 MiB, 143771 MiB
2026/08/14 01:31:58.378, NVIDIA H200, 58, 100 %, 42 %, 142259 MiB, 143771 MiB
2026/08/14 01:32:01.379, NVIDIA H200, 58, 100 %, 52 %, 142259 MiB, 143771 MiB
2026/08/14 01:32:04.383, NVIDIA H200, 61, 100 %, 56 %, 142259 MiB, 143771 MiB
2026/08/14 01:32:07.383, NVIDIA H200, 55, 99 %, 55 %, 142259 MiB, 143771 MiB
2026/08/14 01:32:10.383, NVIDIA H200, 58, 100 %, 49 %, 142259 MiB, 143771 MiB
2026/08/14 01:32:13.384, NVIDIA H200, 55, 100 %, 44 %, 142259 MiB, 143771 MiB
2026/08/14 01:32:16.384, NVIDIA H200, 57, 99 %, 48 %, 142259 MiB, 143771 MiB
2026/08/14 01:32:19.384, NVIDIA H200, 58, 100 %, 48 %, 142259 MiB, 143771 MiB
2026/08/14 01:32:22.385, NVIDIA H200, 56, 100 %, 59 %, 142259 MiB, 143771 MiB
2026/08/14 01:32:25.385, NVIDIA H200, 58, 100 %, 53 %, 142259 MiB, 143771 MiB
2026/08/14 01:32:28.386, NVIDIA H200, 29, 0 %, 0 %, 142259 MiB, 143771 MiB
2026/08/14 01:32:31.386, NVIDIA H200, 47, 100 %, 32 %, 142259 MiB, 143771 MiB
2026/08/14 01:32:34.388, NVIDIA H200, 30, 0 %, 0 %, 142259 MiB, 143771 MiB
2026/08/14 01:32:37.389, NVIDIA H200, 28, 0 %, 0 %, 142259 MiB, 143771 MiB
2026/08/14 01:32:40.389, NVIDIA H200, 48, 100 %, 49 %, 142259 MiB, 143771 MiB
2026/08/14 01:32:43.390, NVIDIA H200, 58, 100 %, 51 %, 142259 MiB, 143771 MiB
2026/08/14 01:32:46.390, NVIDIA H200, 55, 98 %, 54 %, 142259 MiB, 143771 MiB
2026/08/14 01:32:49.391, NVIDIA H200, 57, 100 %, 47 %, 142259 MiB, 143771 MiB
2026/08/14 01:32:52.391, NVIDIA H200, 54, 100 %, 44 %, 142259 MiB, 143771 MiB
2026/08/14 01:32:55.392, NVIDIA H200, 56, 100 %, 46 %, 142259 MiB, 143771 MiB
2026/08/14 01:32:58.392, NVIDIA H200, 57, 100 %, 46 %, 142259 MiB, 143771 MiB
2026/08/14 01:33:01.393, NVIDIA H200, 55, 100 %, 54 %, 142259 MiB, 143771 MiB
2026/08/14 01:33:04.394, NVIDIA H200, 57, 100 %, 42 %, 142259 MiB, 143771 MiB
2026/08/14 01:33:07.394, NVIDIA H200, 58, 100 %, 55 %, 142259 MiB, 143771 MiB
2026/08/14 01:33:10.395, NVIDIA H200, 61, 100 %, 59 %, 142259 MiB, 143771 MiB
2026/08/14 01:33:13.395, NVIDIA H200, 54, 99 %, 57 %, 142259 MiB, 143771 MiB
2026/08/14 01:33:16.396, NVIDIA H200, 56, 100 %, 49 %, 142259 MiB, 143771 MiB
2026/08/14 01:33:19.396, NVIDIA H200, 56, 100 %, 26 %, 142259 MiB, 143771 MiB
2026/08/14 01:33:22.397, NVIDIA H200, 57, 99 %, 35 %, 142259 MiB, 143771 MiB
2026/08/14 01:33:25.397, NVIDIA H200, 56, 100 %, 47 %, 142259 MiB, 143771 MiB
2026/08/14 01:33:28.397, NVIDIA H200, 57, 100 %, 55 %, 142259 MiB, 143771 MiB
2026/08/14 01:33:31.398, NVIDIA H200, 60, 100 %, 45 %, 142259 MiB, 143771 MiB
2026/08/14 01:33:34.401, NVIDIA H200, 54, 98 %, 59 %, 142259 MiB, 143771 MiB
2026/08/14 01:33:37.401, NVIDIA H200, 56, 100 %, 52 %, 142259 MiB, 143771 MiB
2026/08/14 01:33:40.402, NVIDIA H200, 56, 100 %, 44 %, 142259 MiB, 143771 MiB
2026/08/14 01:33:43.403, NVIDIA H200, 52, 99 %, 47 %, 142259 MiB, 143771 MiB
2026/08/14 01:33:46.403, NVIDIA H200, 56, 100 %, 49 %, 142259 MiB, 143771 MiB
2026/08/14 01:33:49.404, NVIDIA H200, 56, 99 %, 36 %, 142259 MiB, 143771 MiB
2026/08/14 01:33:52.404, NVIDIA H200, 57, 100 %, 47 %, 142259 MiB, 143771 MiB
2026/08/14 01:33:55.404, NVIDIA H200, 57, 100 %, 53 %, 142259 MiB, 143771 MiB
2026/08/14 01:33:58.405, NVIDIA H200, 59, 100 %, 48 %, 142259 MiB, 143771 MiB
2026/08/14 01:34:01.405, NVIDIA H200, 55, 98 %, 61 %, 142259 MiB, 143771 MiB
2026/08/14 01:34:04.409, NVIDIA H200, 43, 0 %, 0 %, 142259 MiB, 143771 MiB
2026/08/14 01:34:07.410, NVIDIA H200, 29, 0 %, 0 %, 142259 MiB, 143771 MiB
2026/08/14 01:34:10.410, NVIDIA H200, 29, 0 %, 0 %, 142259 MiB, 143771 MiB
2026/08/14 01:34:13.411, NVIDIA H200, 35, 0 %, 0 %, 142259 MiB, 143771 MiB
2026/08/14 01:34:16.411, NVIDIA H200, 28, 0 %, 0 %, 142259 MiB, 143771 MiB
2026/08/14 01:34:19.412, NVIDIA H200, 54, 100 %, 53 %, 142259 MiB, 143771 MiB
2026/08/14 01:34:22.413, NVIDIA H200, 58, 100 %, 48 %, 142259 MiB, 143771 MiB
2026/08/14 01:34:25.413, NVIDIA H200, 53, 100 %, 54 %, 142259 MiB, 143771 MiB
2026/08/14 01:34:28.413, NVIDIA H200, 57, 100 %, 54 %, 142259 MiB, 143771 MiB
2026/08/14 01:34:31.414, NVIDIA H200, 55, 99 %, 55 %, 142259 MiB, 143771 MiB
2026/08/14 01:34:34.415, NVIDIA H200, 55, 100 %, 48 %, 142259 MiB, 143771 MiB
2026/08/14 01:34:37.415, NVIDIA H200, 56, 100 %, 22 %, 142259 MiB, 143771 MiB
2026/08/14 01:34:40.416, NVIDIA H200, 56, 96 %, 33 %, 142259 MiB, 143771 MiB
2026/08/14 01:34:43.416, NVIDIA H200, 56, 100 %, 47 %, 142259 MiB, 143771 MiB
2026/08/14 01:34:46.417, NVIDIA H200, 57, 100 %, 53 %, 142259 MiB, 143771 MiB
2026/08/14 01:34:49.417, NVIDIA H200, 59, 100 %, 48 %, 142259 MiB, 143771 MiB
2026/08/14 01:34:52.417, NVIDIA H200, 54, 98 %, 61 %, 142259 MiB, 143771 MiB
2026/08/14 01:34:55.418, NVIDIA H200, 55, 100 %, 56 %, 142259 MiB, 143771 MiB
2026/08/14 01:34:58.419, NVIDIA H200, 56, 100 %, 45 %, 142259 MiB, 143771 MiB
2026/08/14 01:35:01.419, NVIDIA H200, 52, 99 %, 47 %, 142259 MiB, 143771 MiB
2026/08/14 01:35:04.421, NVIDIA H200, 56, 100 %, 52 %, 142259 MiB, 143771 MiB
2026/08/14 01:35:07.422, NVIDIA H200, 58, 100 %, 58 %, 142259 MiB, 143771 MiB
2026/08/14 01:35:10.422, NVIDIA H200, 61, 100 %, 45 %, 142259 MiB, 143771 MiB
2026/08/14 01:35:13.423, NVIDIA H200, 56, 100 %, 54 %, 142259 MiB, 143771 MiB
2026/08/14 01:35:16.423, NVIDIA H200, 57, 100 %, 52 %, 142259 MiB, 143771 MiB
2026/08/14 01:35:19.423, NVIDIA H200, 55, 100 %, 52 %, 142259 MiB, 143771 MiB
2026/08/14 01:35:22.424, NVIDIA H200, 55, 100 %, 49 %, 142259 MiB, 143771 MiB
2026/08/14 01:35:25.424, NVIDIA H200, 56, 100 %, 21 %, 142259 MiB, 143771 MiB
2026/08/14 01:35:28.425, NVIDIA H200, 58, 100 %, 43 %, 142259 MiB, 143771 MiB
2026/08/14 01:35:31.425, NVIDIA H200, 57, 100 %, 40 %, 142259 MiB, 143771 MiB
2026/08/14 01:35:34.426, NVIDIA H200, 56, 100 %, 58 %, 142259 MiB, 143771 MiB
2026/08/14 01:35:37.426, NVIDIA H200, 57, 100 %, 46 %, 142259 MiB, 143771 MiB
2026/08/14 01:35:40.427, NVIDIA H200, 54, 98 %, 73 %, 142259 MiB, 143771 MiB
2026/08/14 01:35:43.427, NVIDIA H200, 32, 0 %, 0 %, 142259 MiB, 143771 MiB
2026/08/14 01:35:46.428, NVIDIA H200, 28, 0 %, 0 %, 142259 MiB, 143771 MiB
2026/08/14 01:35:49.428, NVIDIA H200, 48, 99 %, 36 %, 142259 MiB, 143771 MiB
2026/08/14 01:35:52.428, NVIDIA H200, 30, 0 %, 0 %, 142259 MiB, 143771 MiB
2026/08/14 01:35:55.429, NVIDIA H200, 27, 0 %, 0 %, 142259 MiB, 143771 MiB
2026/08/14 01:35:58.429, NVIDIA H200, 51, 100 %, 46 %, 142259 MiB, 143771 MiB
2026/08/14 01:36:01.430, NVIDIA H200, 55, 100 %, 59 %, 142259 MiB, 143771 MiB
2026/08/14 01:36:04.431, NVIDIA H200, 55, 100 %, 51 %, 142259 MiB, 143771 MiB
2026/08/14 01:36:07.431, NVIDIA H200, 57, 100 %, 54 %, 142259 MiB, 143771 MiB
2026/08/14 01:36:10.431, NVIDIA H200, 60, 100 %, 49 %, 142259 MiB, 143771 MiB
2026/08/14 01:36:13.432, NVIDIA H200, 54, 100 %, 54 %, 142259 MiB, 143771 MiB
2026/08/14 01:36:16.432, NVIDIA H200, 56, 100 %, 47 %, 142259 MiB, 143771 MiB
2026/08/14 01:36:19.433, NVIDIA H200, 55, 100 %, 45 %, 142259 MiB, 143771 MiB
2026/08/14 01:36:22.434, NVIDIA H200, 56, 98 %, 44 %, 142259 MiB, 143771 MiB
2026/08/14 01:36:25.434, NVIDIA H200, 56, 100 %, 63 %, 142259 MiB, 143771 MiB
2026/08/14 01:36:28.435, NVIDIA H200, 57, 100 %, 52 %, 142259 MiB, 143771 MiB
2026/08/14 01:36:31.435, NVIDIA H200, 57, 100 %, 49 %, 142259 MiB, 143771 MiB
2026/08/14 01:36:34.435, NVIDIA H200, 56, 99 %, 51 %, 142259 MiB, 143771 MiB
2026/08/14 01:36:37.436, NVIDIA H200, 59, 100 %, 52 %, 142259 MiB, 143771 MiB
2026/08/14 01:36:40.436, NVIDIA H200, 55, 100 %, 49 %, 142259 MiB, 143771 MiB
2026/08/14 01:36:43.437, NVIDIA H200, 56, 100 %, 49 %, 142259 MiB, 143771 MiB
2026/08/14 01:36:46.437, NVIDIA H200, 57, 100 %, 36 %, 142259 MiB, 143771 MiB
2026/08/14 01:36:49.438, NVIDIA H200, 54, 100 %, 55 %, 142259 MiB, 143771 MiB
2026/08/14 01:36:52.438, NVIDIA H200, 57, 100 %, 48 %, 142259 MiB, 143771 MiB
2026/08/14 01:36:55.439, NVIDIA H200, 58, 100 %, 50 %, 142259 MiB, 143771 MiB
2026/08/14 01:36:58.439, NVIDIA H200, 61, 100 %, 43 %, 142259 MiB, 143771 MiB
2026/08/14 01:37:01.440, NVIDIA H200, 54, 99 %, 61 %, 142259 MiB, 143771 MiB
2026/08/14 01:37:04.440, NVIDIA H200, 57, 100 %, 57 %, 142259 MiB, 143771 MiB
2026/08/14 01:37:07.441, NVIDIA H200, 55, 100 %, 41 %, 142259 MiB, 143771 MiB
2026/08/14 01:37:10.441, NVIDIA H200, 56, 99 %, 41 %, 142259 MiB, 143771 MiB
2026/08/14 01:37:13.442, NVIDIA H200, 56, 100 %, 59 %, 142259 MiB, 143771 MiB
2026/08/14 01:37:16.442, NVIDIA H200, 58, 100 %, 51 %, 142259 MiB, 143771 MiB
2026/08/14 01:37:19.443, NVIDIA H200, 58, 100 %, 44 %, 142259 MiB, 143771 MiB
2026/08/14 01:37:22.443, NVIDIA H200, 55, 99 %, 50 %, 142259 MiB, 143771 MiB
2026/08/14 01:37:25.444, NVIDIA H200, 30, 0 %, 0 %, 142259 MiB, 143771 MiB
2026/08/14 01:37:28.444, NVIDIA H200, 30, 0 %, 0 %, 142259 MiB, 143771 MiB
2026/08/14 01:37:31.444, NVIDIA H200, 37, 0 %, 0 %, 142259 MiB, 143771 MiB
2026/08/14 01:37:34.445, NVIDIA H200, 28, 0 %, 0 %, 142259 MiB, 143771 MiB
2026/08/14 01:37:37.445, NVIDIA H200, 47, 100 %, 44 %, 142259 MiB, 143771 MiB
2026/08/14 01:37:40.446, NVIDIA H200, 44, 100 %, 54 %, 142259 MiB, 143771 MiB
2026/08/14 01:37:43.446, NVIDIA H200, 56, 100 %, 48 %, 142259 MiB, 143771 MiB
2026/08/14 01:37:46.447, NVIDIA H200, 55, 98 %, 40 %, 142259 MiB, 143771 MiB
2026/08/14 01:37:49.447, NVIDIA H200, 56, 100 %, 51 %, 142259 MiB, 143771 MiB
2026/08/14 01:37:52.448, NVIDIA H200, 58, 100 %, 56 %, 142259 MiB, 143771 MiB
2026/08/14 01:37:55.448, NVIDIA H200, 61, 100 %, 49 %, 142259 MiB, 143771 MiB
2026/08/14 01:37:58.448, NVIDIA H200, 57, 100 %, 51 %, 142259 MiB, 143771 MiB
2026/08/14 01:38:01.449, NVIDIA H200, 60, 100 %, 46 %, 142259 MiB, 143771 MiB
2026/08/14 01:38:04.449, NVIDIA H200, 54, 100 %, 52 %, 142259 MiB, 143771 MiB
2026/08/14 01:38:07.449, NVIDIA H200, 56, 100 %, 44 %, 142259 MiB, 143771 MiB
2026/08/14 01:38:10.450, NVIDIA H200, 56, 98 %, 62 %, 142259 MiB, 143771 MiB
2026/08/14 01:38:13.450, NVIDIA H200, 52, 100 %, 56 %, 142259 MiB, 143771 MiB
2026/08/14 01:38:16.451, NVIDIA H200, 56, 100 %, 45 %, 142259 MiB, 143771 MiB
2026/08/14 01:38:19.451, NVIDIA H200, 58, 99 %, 45 %, 142259 MiB, 143771 MiB
2026/08/14 01:38:22.452, NVIDIA H200, 61, 100 %, 64 %, 142259 MiB, 143771 MiB
2026/08/14 01:38:25.452, NVIDIA H200, 56, 100 %, 51 %, 142259 MiB, 143771 MiB
2026/08/14 01:38:28.453, NVIDIA H200, 57, 100 %, 49 %, 142259 MiB, 143771 MiB
2026/08/14 01:38:31.453, NVIDIA H200, 55, 99 %, 50 %, 142259 MiB, 143771 MiB
2026/08/14 01:38:34.454, NVIDIA H200, 56, 100 %, 51 %, 142259 MiB, 143771 MiB
2026/08/14 01:38:37.454, NVIDIA H200, 56, 100 %, 50 %, 142259 MiB, 143771 MiB
2026/08/14 01:38:40.455, NVIDIA H200, 56, 100 %, 48 %, 142259 MiB, 143771 MiB
2026/08/14 01:38:43.455, NVIDIA H200, 57, 100 %, 34 %, 142259 MiB, 143771 MiB
2026/08/14 01:38:46.455, NVIDIA H200, 58, 99 %, 43 %, 142259 MiB, 143771 MiB
2026/08/14 01:38:49.456, NVIDIA H200, 61, 100 %, 52 %, 142259 MiB, 143771 MiB
2026/08/14 01:38:52.456, NVIDIA H200, 54, 100 %, 53 %, 142259 MiB, 143771 MiB
2026/08/14 01:38:55.457, NVIDIA H200, 57, 100 %, 47 %, 142259 MiB, 143771 MiB
2026/08/14 01:38:58.457, NVIDIA H200, 55, 98 %, 60 %, 142259 MiB, 143771 MiB
2026/08/14 01:39:01.458, NVIDIA H200, 56, 100 %, 52 %, 142259 MiB, 143771 MiB
2026/08/14 01:39:04.458, NVIDIA H200, 30, 0 %, 0 %, 142259 MiB, 143771 MiB
2026/08/14 01:39:07.458, NVIDIA H200, 28, 0 %, 0 %, 142259 MiB, 143771 MiB
2026/08/14 01:39:10.459, NVIDIA H200, 51, 100 %, 57 %, 142259 MiB, 143771 MiB
2026/08/14 01:39:13.459, NVIDIA H200, 30, 0 %, 0 %, 142259 MiB, 143771 MiB
2026/08/14 01:39:16.460, NVIDIA H200, 27, 0 %, 0 %, 142259 MiB, 143771 MiB
2026/08/14 01:39:19.460, NVIDIA H200, 27, 0 %, 0 %, 142259 MiB, 143771 MiB
2026/08/14 01:39:22.461, NVIDIA H200, 26, 0 %, 0 %, 142259 MiB, 143771 MiB
2026/08/14 01:39:25.461, NVIDIA H200, 53, 100 %, 49 %, 142259 MiB, 143771 MiB
2026/08/14 01:39:28.462, NVIDIA H200, 49, 17 %, 6 %, 142259 MiB, 143771 MiB
2026/08/14 01:39:31.462, NVIDIA H200, 54, 98 %, 63 %, 142259 MiB, 143771 MiB
2026/08/14 01:39:34.463, NVIDIA H200, 51, 100 %, 56 %, 142259 MiB, 143771 MiB
2026/08/14 01:39:37.463, NVIDIA H200, 55, 100 %, 47 %, 142259 MiB, 143771 MiB
2026/08/14 01:39:40.463, NVIDIA H200, 58, 98 %, 42 %, 142259 MiB, 143771 MiB
2026/08/14 01:39:43.464, NVIDIA H200, 58, 100 %, 62 %, 142259 MiB, 143771 MiB
2026/08/14 01:39:46.464, NVIDIA H200, 57, 100 %, 54 %, 142259 MiB, 143771 MiB
2026/08/14 01:39:49.465, NVIDIA H200, 57, 100 %, 52 %, 142259 MiB, 143771 MiB
2026/08/14 01:39:52.465, NVIDIA H200, 55, 100 %, 51 %, 142259 MiB, 143771 MiB
2026/08/14 01:39:55.465, NVIDIA H200, 55, 100 %, 51 %, 142259 MiB, 143771 MiB
2026/08/14 01:39:58.466, NVIDIA H200, 56, 100 %, 51 %, 142259 MiB, 143771 MiB
2026/08/14 01:40:01.466, NVIDIA H200, 56, 100 %, 49 %, 142259 MiB, 143771 MiB
2026/08/14 01:40:04.467, NVIDIA H200, 57, 100 %, 33 %, 142259 MiB, 143771 MiB
2026/08/14 01:40:07.467, NVIDIA H200, 57, 100 %, 57 %, 142259 MiB, 143771 MiB
2026/08/14 01:40:10.468, NVIDIA H200, 59, 100 %, 49 %, 142259 MiB, 143771 MiB
2026/08/14 01:40:13.468, NVIDIA H200, 54, 100 %, 50 %, 142259 MiB, 143771 MiB
2026/08/14 01:40:16.468, NVIDIA H200, 55, 100 %, 43 %, 142259 MiB, 143771 MiB
2026/08/14 01:40:19.469, NVIDIA H200, 56, 98 %, 62 %, 142259 MiB, 143771 MiB
2026/08/14 01:40:22.469, NVIDIA H200, 52, 100 %, 56 %, 142259 MiB, 143771 MiB
2026/08/14 01:40:25.470, NVIDIA H200, 56, 100 %, 47 %, 142259 MiB, 143771 MiB
2026/08/14 01:40:28.470, NVIDIA H200, 58, 98 %, 46 %, 142259 MiB, 143771 MiB
2026/08/14 01:40:31.470, NVIDIA H200, 60, 100 %, 62 %, 142259 MiB, 143771 MiB
2026/08/14 01:40:34.471, NVIDIA H200, 56, 100 %, 55 %, 142259 MiB, 143771 MiB
2026/08/14 01:40:37.471, NVIDIA H200, 58, 100 %, 42 %, 142259 MiB, 143771 MiB
2026/08/14 01:40:40.471, NVIDIA H200, 55, 100 %, 53 %, 142259 MiB, 143771 MiB
2026/08/14 01:40:43.472, NVIDIA H200, 56, 100 %, 54 %, 142259 MiB, 143771 MiB
2026/08/14 01:40:46.472, NVIDIA H200, 58, 100 %, 49 %, 142259 MiB, 143771 MiB
2026/08/14 01:40:49.473, NVIDIA H200, 39, 0 %, 0 %, 142259 MiB, 143771 MiB
2026/08/14 01:40:52.473, NVIDIA H200, 29, 0 %, 0 %, 142259 MiB, 143771 MiB
2026/08/14 01:40:55.473, NVIDIA H200, 27, 0 %, 0 %, 142259 MiB, 143771 MiB
2026/08/14 01:40:58.474, NVIDIA H200, 52, 99 %, 32 %, 142259 MiB, 143771 MiB
2026/08/14 01:41:01.475, NVIDIA H200, 28, 0 %, 0 %, 142259 MiB, 143771 MiB
2026/08/14 01:41:04.475, NVIDIA H200, 27, 0 %, 0 %, 142259 MiB, 143771 MiB
2026/08/14 01:41:07.475, NVIDIA H200, 53, 100 %, 58 %, 142259 MiB, 143771 MiB
2026/08/14 01:41:10.476, NVIDIA H200, 54, 100 %, 43 %, 142259 MiB, 143771 MiB
2026/08/14 01:41:13.476, NVIDIA H200, 54, 100 %, 48 %, 142259 MiB, 143771 MiB
2026/08/14 01:41:16.477, NVIDIA H200, 55, 100 %, 23 %, 142259 MiB, 143771 MiB
2026/08/14 01:41:19.478, NVIDIA H200, 56, 99 %, 36 %, 142259 MiB, 143771 MiB
2026/08/14 01:41:22.478, NVIDIA H200, 56, 100 %, 43 %, 142259 MiB, 143771 MiB
2026/08/14 01:41:25.479, NVIDIA H200, 56, 100 %, 55 %, 142259 MiB, 143771 MiB
2026/08/14 01:41:28.479, NVIDIA H200, 59, 100 %, 48 %, 142259 MiB, 143771 MiB
2026/08/14 01:41:31.480, NVIDIA H200, 54, 98 %, 60 %, 142259 MiB, 143771 MiB
2026/08/14 01:41:34.480, NVIDIA H200, 55, 100 %, 51 %, 142259 MiB, 143771 MiB
2026/08/14 01:41:37.480, NVIDIA H200, 56, 100 %, 45 %, 142259 MiB, 143771 MiB
2026/08/14 01:41:40.481, NVIDIA H200, 52, 99 %, 48 %, 142259 MiB, 143771 MiB
2026/08/14 01:41:43.481, NVIDIA H200, 56, 100 %, 51 %, 142259 MiB, 143771 MiB
2026/08/14 01:41:46.482, NVIDIA H200, 58, 100 %, 59 %, 142259 MiB, 143771 MiB
2026/08/14 01:41:49.482, NVIDIA H200, 61, 100 %, 39 %, 142259 MiB, 143771 MiB
2026/08/14 01:41:52.482, NVIDIA H200, 56, 100 %, 50 %, 142259 MiB, 143771 MiB
2026/08/14 01:41:55.483, NVIDIA H200, 57, 100 %, 58 %, 142259 MiB, 143771 MiB
2026/08/14 01:41:58.483, NVIDIA H200, 55, 100 %, 54 %, 142259 MiB, 143771 MiB
2026/08/14 01:42:01.484, NVIDIA H200, 55, 100 %, 49 %, 142259 MiB, 143771 MiB
2026/08/14 01:42:04.484, NVIDIA H200, 56, 100 %, 22 %, 142259 MiB, 143771 MiB
2026/08/14 01:42:07.485, NVIDIA H200, 56, 97 %, 35 %, 142259 MiB, 143771 MiB
2026/08/14 01:42:10.485, NVIDIA H200, 57, 100 %, 43 %, 142259 MiB, 143771 MiB
2026/08/14 01:42:13.486, NVIDIA H200, 57, 100 %, 56 %, 142259 MiB, 143771 MiB
2026/08/14 01:42:16.486, NVIDIA H200, 60, 100 %, 47 %, 142259 MiB, 143771 MiB
2026/08/14 01:42:19.486, NVIDIA H200, 54, 98 %, 61 %, 142259 MiB, 143771 MiB
2026/08/14 01:42:22.487, NVIDIA H200, 55, 100 %, 56 %, 142259 MiB, 143771 MiB
2026/08/14 01:42:25.487, NVIDIA H200, 56, 100 %, 45 %, 142259 MiB, 143771 MiB
2026/08/14 01:42:28.488, NVIDIA H200, 59, 99 %, 47 %, 142259 MiB, 143771 MiB
2026/08/14 01:42:31.488, NVIDIA H200, 33, 0 %, 0 %, 142259 MiB, 143771 MiB
2026/08/14 01:42:34.489, NVIDIA H200, 28, 0 %, 0 %, 142259 MiB, 143771 MiB
2026/08/14 01:42:37.489, NVIDIA H200, 52, 56 %, 32 %, 142259 MiB, 143771 MiB
2026/08/14 01:42:40.490, NVIDIA H200, 29, 0 %, 0 %, 142259 MiB, 143771 MiB
2026/08/14 01:42:43.490, NVIDIA H200, 27, 0 %, 0 %, 142259 MiB, 143771 MiB
2026/08/14 01:42:46.491, NVIDIA H200, 52, 100 %, 63 %, 142259 MiB, 143771 MiB
2026/08/14 01:42:49.491, NVIDIA H200, 53, 100 %, 53 %, 142259 MiB, 143771 MiB
2026/08/14 01:42:52.492, NVIDIA H200, 57, 100 %, 46 %, 142259 MiB, 143771 MiB
2026/08/14 01:42:55.492, NVIDIA H200, 53, 100 %, 48 %, 142259 MiB, 143771 MiB
2026/08/14 01:42:58.492, NVIDIA H200, 55, 100 %, 46 %, 142259 MiB, 143771 MiB
2026/08/14 01:43:01.493, NVIDIA H200, 56, 99 %, 54 %, 142259 MiB, 143771 MiB
2026/08/14 01:43:04.493, NVIDIA H200, 52, 100 %, 53 %, 142259 MiB, 143771 MiB
2026/08/14 01:43:07.494, NVIDIA H200, 57, 100 %, 34 %, 142259 MiB, 143771 MiB
2026/08/14 01:43:10.494, NVIDIA H200, 58, 98 %, 32 %, 142259 MiB, 143771 MiB
2026/08/14 01:43:13.495, NVIDIA H200, 61, 100 %, 50 %, 142259 MiB, 143771 MiB
2026/08/14 01:43:16.495, NVIDIA H200, 54, 100 %, 55 %, 142259 MiB, 143771 MiB
2026/08/14 01:43:19.495, NVIDIA H200, 57, 100 %, 45 %, 142259 MiB, 143771 MiB
2026/08/14 01:43:22.496, NVIDIA H200, 54, 98 %, 59 %, 142259 MiB, 143771 MiB
2026/08/14 01:43:25.496, NVIDIA H200, 56, 100 %, 49 %, 142259 MiB, 143771 MiB
2026/08/14 01:43:28.497, NVIDIA H200, 56, 100 %, 47 %, 142259 MiB, 143771 MiB
2026/08/14 01:43:31.497, NVIDIA H200, 58, 99 %, 48 %, 142259 MiB, 143771 MiB
2026/08/14 01:43:34.498, NVIDIA H200, 58, 100 %, 49 %, 142259 MiB, 143771 MiB
2026/08/14 01:43:37.498, NVIDIA H200, 56, 100 %, 55 %, 142259 MiB, 143771 MiB
2026/08/14 01:43:40.499, NVIDIA H200, 57, 100 %, 41 %, 142259 MiB, 143771 MiB
2026/08/14 01:43:43.499, NVIDIA H200, 54, 100 %, 51 %, 142259 MiB, 143771 MiB
2026/08/14 01:43:46.499, NVIDIA H200, 56, 100 %, 54 %, 142259 MiB, 143771 MiB
2026/08/14 01:43:49.500, NVIDIA H200, 57, 100 %, 54 %, 142259 MiB, 143771 MiB
2026/08/14 01:43:52.500, NVIDIA H200, 55, 100 %, 49 %, 142259 MiB, 143771 MiB
2026/08/14 01:43:55.501, NVIDIA H200, 57, 100 %, 25 %, 142259 MiB, 143771 MiB
2026/08/14 01:43:58.501, NVIDIA H200, 58, 99 %, 35 %, 142259 MiB, 143771 MiB
2026/08/14 01:44:01.502, NVIDIA H200, 60, 100 %, 46 %, 142259 MiB, 143771 MiB
2026/08/14 01:44:04.502, NVIDIA H200, 54, 100 %, 54 %, 142259 MiB, 143771 MiB
2026/08/14 01:44:07.503, NVIDIA H200, 56, 100 %, 44 %, 142259 MiB, 143771 MiB
2026/08/14 01:44:10.503, NVIDIA H200, 57, 100 %, 55 %, 142259 MiB, 143771 MiB
2026/08/14 01:44:13.503, NVIDIA H200, 30, 0 %, 0 %, 142259 MiB, 143771 MiB
2026/08/14 01:44:16.504, NVIDIA H200, 30, 0 %, 0 %, 142259 MiB, 143771 MiB
2026/08/14 01:44:19.504, NVIDIA H200, 36, 0 %, 0 %, 142259 MiB, 143771 MiB
2026/08/14 01:44:22.505, NVIDIA H200, 28, 0 %, 0 %, 142259 MiB, 143771 MiB
2026/08/14 01:44:25.505, NVIDIA H200, 47, 89 %, 47 %, 142259 MiB, 143771 MiB
2026/08/14 01:44:28.506, NVIDIA H200, 54, 100 %, 48 %, 142259 MiB, 143771 MiB
2026/08/14 01:44:31.506, NVIDIA H200, 54, 100 %, 48 %, 142259 MiB, 143771 MiB
2026/08/14 01:44:34.507, NVIDIA H200, 56, 100 %, 56 %, 142259 MiB, 143771 MiB
2026/08/14 01:44:37.507, NVIDIA H200, 51, 100 %, 57 %, 142259 MiB, 143771 MiB
2026/08/14 01:44:40.507, NVIDIA H200, 55, 100 %, 45 %, 142259 MiB, 143771 MiB
2026/08/14 01:44:43.508, NVIDIA H200, 58, 99 %, 44 %, 142259 MiB, 143771 MiB
2026/08/14 01:44:46.508, NVIDIA H200, 61, 100 %, 62 %, 142259 MiB, 143771 MiB
2026/08/14 01:44:49.509, NVIDIA H200, 56, 100 %, 53 %, 142259 MiB, 143771 MiB
2026/08/14 01:44:52.509, NVIDIA H200, 57, 100 %, 47 %, 142259 MiB, 143771 MiB
2026/08/14 01:44:55.509, NVIDIA H200, 55, 99 %, 50 %, 142259 MiB, 143771 MiB
2026/08/14 01:44:58.510, NVIDIA H200, 55, 100 %, 53 %, 142259 MiB, 143771 MiB
2026/08/14 01:45:01.510, NVIDIA H200, 56, 100 %, 45 %, 142259 MiB, 143771 MiB
2026/08/14 01:45:04.511, NVIDIA H200, 57, 100 %, 47 %, 142259 MiB, 143771 MiB
2026/08/14 01:45:07.511, NVIDIA H200, 58, 100 %, 42 %, 142259 MiB, 143771 MiB
2026/08/14 01:45:10.511, NVIDIA H200, 56, 100 %, 59 %, 142259 MiB, 143771 MiB
2026/08/14 01:45:13.512, NVIDIA H200, 58, 100 %, 43 %, 142259 MiB, 143771 MiB
2026/08/14 01:45:16.513, NVIDIA H200, 54, 100 %, 54 %, 142259 MiB, 143771 MiB
2026/08/14 01:45:19.513, NVIDIA H200, 56, 100 %, 50 %, 142259 MiB, 143771 MiB
2026/08/14 01:45:22.514, NVIDIA H200, 57, 99 %, 53 %, 142259 MiB, 143771 MiB
2026/08/14 01:45:25.514, NVIDIA H200, 53, 99 %, 41 %, 142259 MiB, 143771 MiB
2026/08/14 01:45:28.514, NVIDIA H200, 57, 100 %, 50 %, 142259 MiB, 143771 MiB
2026/08/14 01:45:31.515, NVIDIA H200, 58, 100 %, 57 %, 142259 MiB, 143771 MiB
2026/08/14 01:45:34.515, NVIDIA H200, 61, 100 %, 49 %, 142259 MiB, 143771 MiB
2026/08/14 01:45:37.515, NVIDIA H200, 55, 100 %, 54 %, 142259 MiB, 143771 MiB
2026/08/14 01:45:40.516, NVIDIA H200, 60, 100 %, 49 %, 142259 MiB, 143771 MiB
2026/08/14 01:45:43.516, NVIDIA H200, 54, 100 %, 48 %, 142259 MiB, 143771 MiB
2026/08/14 01:45:46.517, NVIDIA H200, 55, 100 %, 50 %, 142259 MiB, 143771 MiB
2026/08/14 01:45:49.517, NVIDIA H200, 57, 100 %, 45 %, 142259 MiB, 143771 MiB
2026/08/14 01:45:52.517, NVIDIA H200, 30, 0 %, 0 %, 142259 MiB, 143771 MiB
2026/08/14 01:45:55.518, NVIDIA H200, 37, 100 %, 41 %, 142259 MiB, 143771 MiB
2026/08/14 01:45:58.518, NVIDIA H200, 33, 0 %, 0 %, 142259 MiB, 143771 MiB
2026/08/14 01:46:01.519, NVIDIA H200, 28, 0 %, 0 %, 142259 MiB, 143771 MiB
2026/08/14 01:46:04.519, NVIDIA H200, 38, 38 %, 24 %, 142259 MiB, 143771 MiB
2026/08/14 01:46:07.520, NVIDIA H200, 53, 100 %, 52 %, 142259 MiB, 143771 MiB
2026/08/14 01:46:10.521, NVIDIA H200, 56, 100 %, 51 %, 142259 MiB, 143771 MiB
2026/08/14 01:46:13.521, NVIDIA H200, 57, 100 %, 44 %, 142259 MiB, 143771 MiB
2026/08/14 01:46:16.522, NVIDIA H200, 56, 98 %, 54 %, 142259 MiB, 143771 MiB
2026/08/14 01:46:19.522, NVIDIA H200, 57, 100 %, 46 %, 142259 MiB, 143771 MiB
2026/08/14 01:46:22.522, NVIDIA H200, 54, 98 %, 70 %, 142259 MiB, 143771 MiB
2026/08/14 01:46:25.523, NVIDIA H200, 56, 100 %, 48 %, 142259 MiB, 143771 MiB
2026/08/14 01:46:28.523, NVIDIA H200, 57, 100 %, 41 %, 142259 MiB, 143771 MiB
2026/08/14 01:46:31.524, NVIDIA H200, 55, 100 %, 58 %, 142259 MiB, 143771 MiB
2026/08/14 01:46:34.524, NVIDIA H200, 57, 100 %, 44 %, 142259 MiB, 143771 MiB
2026/08/14 01:46:37.525, NVIDIA H200, 57, 100 %, 51 %, 142259 MiB, 143771 MiB
2026/08/14 01:46:40.525, NVIDIA H200, 61, 100 %, 49 %, 142259 MiB, 143771 MiB
2026/08/14 01:46:43.526, NVIDIA H200, 54, 98 %, 55 %, 142259 MiB, 143771 MiB
2026/08/14 01:46:46.526, NVIDIA H200, 57, 100 %, 54 %, 142259 MiB, 143771 MiB
2026/08/14 01:46:49.527, NVIDIA H200, 55, 100 %, 38 %, 142259 MiB, 143771 MiB
2026/08/14 01:46:52.527, NVIDIA H200, 56, 100 %, 37 %, 142259 MiB, 143771 MiB
2026/08/14 01:46:55.528, NVIDIA H200, 56, 100 %, 54 %, 142259 MiB, 143771 MiB
2026/08/14 01:46:58.529, NVIDIA H200, 59, 100 %, 54 %, 142259 MiB, 143771 MiB
2026/08/14 01:47:01.529, NVIDIA H200, 59, 100 %, 45 %, 142259 MiB, 143771 MiB
2026/08/14 01:47:04.530, NVIDIA H200, 54, 98 %, 50 %, 142259 MiB, 143771 MiB
2026/08/14 01:47:07.530, NVIDIA H200, 55, 100 %, 51 %, 142259 MiB, 143771 MiB
2026/08/14 01:47:10.531, NVIDIA H200, 55, 100 %, 44 %, 142259 MiB, 143771 MiB
2026/08/14 01:47:13.531, NVIDIA H200, 52, 100 %, 46 %, 142259 MiB, 143771 MiB
2026/08/14 01:47:16.532, NVIDIA H200, 57, 100 %, 40 %, 142259 MiB, 143771 MiB
2026/08/14 01:47:19.533, NVIDIA H200, 59, 100 %, 57 %, 142259 MiB, 143771 MiB
2026/08/14 01:47:22.534, NVIDIA H200, 59, 100 %, 46 %, 142259 MiB, 143771 MiB
2026/08/14 01:47:25.534, NVIDIA H200, 58, 100 %, 49 %, 142259 MiB, 143771 MiB
2026/08/14 01:47:28.535, NVIDIA H200, 47, 46 %, 28 %, 142259 MiB, 143771 MiB
2026/08/14 01:47:31.536, NVIDIA H200, 29, 0 %, 0 %, 142259 MiB, 143771 MiB
2026/08/14 01:47:34.537, NVIDIA H200, 28, 0 %, 0 %, 142259 MiB, 143771 MiB
2026/08/14 01:47:37.538, NVIDIA H200, 44, 99 %, 56 %, 142259 MiB, 143771 MiB
2026/08/14 01:47:40.538, NVIDIA H200, 31, 0 %, 0 %, 142259 MiB, 143771 MiB
2026/08/14 01:47:43.539, NVIDIA H200, 27, 0 %, 0 %, 142259 MiB, 143771 MiB
2026/08/14 01:47:46.540, NVIDIA H200, 27, 0 %, 0 %, 142259 MiB, 143771 MiB
2026/08/14 01:47:49.540, NVIDIA H200, 27, 0 %, 0 %, 142259 MiB, 143771 MiB
2026/08/14 01:47:52.541, NVIDIA H200, 26, 0 %, 0 %, 142259 MiB, 143771 MiB
2026/08/14 01:47:55.542, NVIDIA H200, 30, 0 %, 0 %, 142259 MiB, 143771 MiB
2026/08/14 01:47:58.543, NVIDIA H200, 52, 100 %, 57 %, 142259 MiB, 143771 MiB
2026/08/14 01:48:01.543, NVIDIA H200, 55, 100 %, 48 %, 142259 MiB, 143771 MiB
2026/08/14 01:48:04.544, NVIDIA H200, 55, 100 %, 59 %, 142259 MiB, 143771 MiB
2026/08/14 01:48:07.544, NVIDIA H200, 58, 100 %, 47 %, 142259 MiB, 143771 MiB
2026/08/14 01:48:10.545, NVIDIA H200, 53, 97 %, 62 %, 142259 MiB, 143771 MiB
2026/08/14 01:48:13.545, NVIDIA H200, 55, 100 %, 53 %, 142259 MiB, 143771 MiB
2026/08/14 01:48:16.546, NVIDIA H200, 56, 100 %, 50 %, 142259 MiB, 143771 MiB
2026/08/14 01:48:19.546, NVIDIA H200, 59, 100 %, 44 %, 142259 MiB, 143771 MiB
2026/08/14 01:48:22.547, NVIDIA H200, 53, 99 %, 55 %, 142259 MiB, 143771 MiB
2026/08/14 01:48:25.548, NVIDIA H200, 57, 100 %, 47 %, 142259 MiB, 143771 MiB
2026/08/14 01:48:28.548, NVIDIA H200, 53, 100 %, 56 %, 142259 MiB, 143771 MiB
2026/08/14 01:48:31.549, NVIDIA H200, 56, 100 %, 48 %, 142259 MiB, 143771 MiB
2026/08/14 01:48:34.549, NVIDIA H200, 57, 100 %, 50 %, 142259 MiB, 143771 MiB
2026/08/14 01:48:37.550, NVIDIA H200, 58, 100 %, 44 %, 142259 MiB, 143771 MiB
2026/08/14 01:48:40.551, NVIDIA H200, 55, 97 %, 61 %, 142259 MiB, 143771 MiB
2026/08/14 01:48:43.551, NVIDIA H200, 58, 100 %, 53 %, 142259 MiB, 143771 MiB
2026/08/14 01:48:46.553, NVIDIA H200, 55, 97 %, 42 %, 142259 MiB, 143771 MiB
2026/08/14 01:48:49.553, NVIDIA H200, 57, 100 %, 66 %, 142259 MiB, 143771 MiB
2026/08/14 01:48:52.553, NVIDIA H200, 55, 100 %, 58 %, 142259 MiB, 143771 MiB
2026/08/14 01:48:55.554, NVIDIA H200, 57, 100 %, 48 %, 142259 MiB, 143771 MiB
2026/08/14 01:48:58.555, NVIDIA H200, 54, 98 %, 40 %, 142259 MiB, 143771 MiB
2026/08/14 01:49:01.555, NVIDIA H200, 56, 100 %, 51 %, 142259 MiB, 143771 MiB
2026/08/14 01:49:04.556, NVIDIA H200, 58, 100 %, 57 %, 142259 MiB, 143771 MiB
2026/08/14 01:49:07.556, NVIDIA H200, 61, 100 %, 49 %, 142259 MiB, 143771 MiB
2026/08/14 01:49:10.556, NVIDIA H200, 54, 100 %, 55 %, 142259 MiB, 143771 MiB
2026/08/14 01:49:13.557, NVIDIA H200, 57, 100 %, 49 %, 142259 MiB, 143771 MiB
2026/08/14 01:49:16.557, NVIDIA H200, 55, 100 %, 47 %, 142259 MiB, 143771 MiB
2026/08/14 01:49:19.558, NVIDIA H200, 56, 100 %, 49 %, 142259 MiB, 143771 MiB
2026/08/14 01:49:22.558, NVIDIA H200, 34, 0 %, 0 %, 142259 MiB, 143771 MiB
2026/08/14 01:49:25.559, NVIDIA H200, 28, 0 %, 0 %, 142259 MiB, 143771 MiB
2026/08/14 01:49:28.559, NVIDIA H200, 44, 100 %, 51 %, 142259 MiB, 143771 MiB
2026/08/14 01:49:31.560, NVIDIA H200, 49, 100 %, 56 %, 142259 MiB, 143771 MiB
2026/08/14 01:49:34.560, NVIDIA H200, 30, 0 %, 0 %, 142259 MiB, 143771 MiB
2026/08/14 01:49:37.561, NVIDIA H200, 27, 0 %, 0 %, 142259 MiB, 143771 MiB
2026/08/14 01:49:40.561, NVIDIA H200, 53, 100 %, 48 %, 142259 MiB, 143771 MiB
2026/08/14 01:49:43.562, NVIDIA H200, 54, 100 %, 53 %, 142259 MiB, 143771 MiB
2026/08/14 01:49:46.563, NVIDIA H200, 53, 100 %, 50 %, 142259 MiB, 143771 MiB
2026/08/14 01:49:49.563, NVIDIA H200, 54, 100 %, 48 %, 142259 MiB, 143771 MiB
2026/08/14 01:49:52.563, NVIDIA H200, 53, 100 %, 55 %, 142259 MiB, 143771 MiB
2026/08/14 01:49:55.564, NVIDIA H200, 56, 100 %, 47 %, 142259 MiB, 143771 MiB
2026/08/14 01:49:58.564, NVIDIA H200, 54, 98 %, 67 %, 142259 MiB, 143771 MiB
2026/08/14 01:50:01.565, NVIDIA H200, 56, 100 %, 57 %, 142259 MiB, 143771 MiB
2026/08/14 01:50:04.565, NVIDIA H200, 57, 100 %, 47 %, 142259 MiB, 143771 MiB
2026/08/14 01:50:07.566, NVIDIA H200, 55, 99 %, 46 %, 142259 MiB, 143771 MiB
2026/08/14 01:50:10.566, NVIDIA H200, 57, 100 %, 65 %, 142259 MiB, 143771 MiB
2026/08/14 01:50:13.567, NVIDIA H200, 56, 100 %, 54 %, 142259 MiB, 143771 MiB
2026/08/14 01:50:16.567, NVIDIA H200, 60, 100 %, 49 %, 142259 MiB, 143771 MiB
2026/08/14 01:50:19.567, NVIDIA H200, 54, 99 %, 49 %, 142259 MiB, 143771 MiB
2026/08/14 01:50:22.568, NVIDIA H200, 55, 100 %, 53 %, 142259 MiB, 143771 MiB
2026/08/14 01:50:25.568, NVIDIA H200, 55, 100 %, 21 %, 142259 MiB, 143771 MiB
2026/08/14 01:50:28.569, NVIDIA H200, 52, 97 %, 35 %, 142259 MiB, 143771 MiB
2026/08/14 01:50:31.570, NVIDIA H200, 57, 100 %, 46 %, 142259 MiB, 143771 MiB
2026/08/14 01:50:34.570, NVIDIA H200, 58, 100 %, 57 %, 142259 MiB, 143771 MiB
2026/08/14 01:50:37.571, NVIDIA H200, 59, 100 %, 47 %, 142259 MiB, 143771 MiB
2026/08/14 01:50:40.571, NVIDIA H200, 58, 98 %, 59 %, 142259 MiB, 143771 MiB
2026/08/14 01:50:43.571, NVIDIA H200, 58, 100 %, 52 %, 142259 MiB, 143771 MiB
2026/08/14 01:50:46.572, NVIDIA H200, 56, 100 %, 44 %, 142259 MiB, 143771 MiB
2026/08/14 01:50:49.572, NVIDIA H200, 58, 99 %, 46 %, 142259 MiB, 143771 MiB
2026/08/14 01:50:52.573, NVIDIA H200, 58, 100 %, 50 %, 142259 MiB, 143771 MiB
2026/08/14 01:50:55.573, NVIDIA H200, 56, 100 %, 56 %, 142259 MiB, 143771 MiB
2026/08/14 01:50:58.573, NVIDIA H200, 57, 100 %, 48 %, 142259 MiB, 143771 MiB
2026/08/14 01:51:01.574, NVIDIA H200, 57, 100 %, 56 %, 142259 MiB, 143771 MiB
2026/08/14 01:51:04.574, NVIDIA H200, 52, 11 %, 2 %, 142259 MiB, 143771 MiB
2026/08/14 01:51:07.575, NVIDIA H200, 29, 0 %, 0 %, 142259 MiB, 143771 MiB
2026/08/14 01:51:10.575, NVIDIA H200, 29, 0 %, 0 %, 142259 MiB, 143771 MiB
2026/08/14 01:51:13.576, NVIDIA H200, 45, 100 %, 55 %, 142259 MiB, 143771 MiB
2026/08/14 01:51:16.576, NVIDIA H200, 30, 0 %, 0 %, 142259 MiB, 143771 MiB
2026/08/14 01:51:19.576, NVIDIA H200, 27, 0 %, 0 %, 142259 MiB, 143771 MiB
2026/08/14 01:51:22.577, NVIDIA H200, 27, 0 %, 0 %, 142259 MiB, 143771 MiB
2026/08/14 01:51:25.577, NVIDIA H200, 51, 30 %, 17 %, 142259 MiB, 143771 MiB
2026/08/14 01:51:28.578, NVIDIA H200, 54, 100 %, 44 %, 142259 MiB, 143771 MiB
2026/08/14 01:51:31.578, NVIDIA H200, 57, 100 %, 50 %, 142259 MiB, 143771 MiB
2026/08/14 01:51:34.578, NVIDIA H200, 54, 100 %, 39 %, 142259 MiB, 143771 MiB
2026/08/14 01:51:37.579, NVIDIA H200, 55, 100 %, 50 %, 142259 MiB, 143771 MiB
2026/08/14 01:51:40.580, NVIDIA H200, 56, 100 %, 33 %, 142259 MiB, 143771 MiB
2026/08/14 01:51:43.580, NVIDIA H200, 52, 100 %, 51 %, 142259 MiB, 143771 MiB
2026/08/14 01:51:46.580, NVIDIA H200, 57, 100 %, 46 %, 142259 MiB, 143771 MiB
2026/08/14 01:51:49.581, NVIDIA H200, 58, 100 %, 55 %, 142259 MiB, 143771 MiB
2026/08/14 01:51:52.581, NVIDIA H200, 60, 100 %, 47 %, 142259 MiB, 143771 MiB
2026/08/14 01:51:55.582, NVIDIA H200, 55, 98 %, 70 %, 142259 MiB, 143771 MiB
2026/08/14 01:51:58.582, NVIDIA H200, 57, 100 %, 58 %, 142259 MiB, 143771 MiB
2026/08/14 01:52:01.583, NVIDIA H200, 54, 100 %, 47 %, 142259 MiB, 143771 MiB
2026/08/14 01:52:04.583, NVIDIA H200, 55, 99 %, 46 %, 142259 MiB, 143771 MiB
2026/08/14 01:52:07.584, NVIDIA H200, 57, 100 %, 65 %, 142259 MiB, 143771 MiB
2026/08/14 01:52:10.584, NVIDIA H200, 57, 100 %, 52 %, 142259 MiB, 143771 MiB
2026/08/14 01:52:13.585, NVIDIA H200, 61, 100 %, 50 %, 142259 MiB, 143771 MiB
2026/08/14 01:52:16.585, NVIDIA H200, 55, 99 %, 50 %, 142259 MiB, 143771 MiB
2026/08/14 01:52:19.585, NVIDIA H200, 56, 100 %, 52 %, 142259 MiB, 143771 MiB
2026/08/14 01:52:22.586, NVIDIA H200, 56, 100 %, 49 %, 142259 MiB, 143771 MiB
2026/08/14 01:52:25.586, NVIDIA H200, 53, 100 %, 47 %, 142259 MiB, 143771 MiB
2026/08/14 01:52:28.587, NVIDIA H200, 57, 100 %, 34 %, 142259 MiB, 143771 MiB
2026/08/14 01:52:31.587, NVIDIA H200, 59, 100 %, 55 %, 142259 MiB, 143771 MiB
2026/08/14 01:52:34.588, NVIDIA H200, 59, 100 %, 47 %, 142259 MiB, 143771 MiB
2026/08/14 01:52:37.588, NVIDIA H200, 58, 100 %, 51 %, 142259 MiB, 143771 MiB
2026/08/14 01:52:40.589, NVIDIA H200, 58, 100 %, 46 %, 142259 MiB, 143771 MiB
2026/08/14 01:52:43.589, NVIDIA H200, 56, 99 %, 53 %, 142259 MiB, 143771 MiB
2026/08/14 01:52:46.589, NVIDIA H200, 56, 100 %, 52 %, 142259 MiB, 143771 MiB
2026/08/14 01:52:49.590, NVIDIA H200, 34, 0 %, 0 %, 142259 MiB, 143771 MiB
2026/08/14 01:52:52.590, NVIDIA H200, 29, 0 %, 0 %, 142259 MiB, 143771 MiB
2026/08/14 01:52:55.591, NVIDIA H200, 28, 1 %, 0 %, 142259 MiB, 143771 MiB
2026/08/14 01:52:58.591, NVIDIA H200, 39, 0 %, 0 %, 142259 MiB, 143771 MiB
2026/08/14 01:53:01.592, NVIDIA H200, 28, 0 %, 0 %, 142259 MiB, 143771 MiB
2026/08/14 01:53:04.592, NVIDIA H200, 48, 100 %, 51 %, 142259 MiB, 143771 MiB
2026/08/14 01:53:07.593, NVIDIA H200, 48, 98 %, 54 %, 142259 MiB, 143771 MiB
2026/08/14 01:53:10.593, NVIDIA H200, 56, 100 %, 48 %, 142259 MiB, 143771 MiB
2026/08/14 01:53:13.594, NVIDIA H200, 55, 100 %, 60 %, 142259 MiB, 143771 MiB
2026/08/14 01:53:16.594, NVIDIA H200, 57, 100 %, 66 %, 142259 MiB, 143771 MiB
2026/08/14 01:53:19.595, NVIDIA H200, 54, 98 %, 41 %, 142259 MiB, 143771 MiB
2026/08/14 01:53:22.595, NVIDIA H200, 57, 100 %, 62 %, 142259 MiB, 143771 MiB
2026/08/14 01:53:25.596, NVIDIA H200, 57, 100 %, 55 %, 142259 MiB, 143771 MiB
2026/08/14 01:53:28.596, NVIDIA H200, 61, 100 %, 54 %, 142259 MiB, 143771 MiB
2026/08/14 01:53:31.597, NVIDIA H200, 54, 99 %, 53 %, 142259 MiB, 143771 MiB
2026/08/14 01:53:34.598, NVIDIA H200, 56, 100 %, 52 %, 142259 MiB, 143771 MiB
2026/08/14 01:53:37.598, NVIDIA H200, 56, 100 %, 50 %, 142259 MiB, 143771 MiB
2026/08/14 01:53:40.598, NVIDIA H200, 54, 100 %, 49 %, 142259 MiB, 143771 MiB
2026/08/14 01:53:43.599, NVIDIA H200, 57, 100 %, 34 %, 142259 MiB, 143771 MiB
2026/08/14 01:53:46.600, NVIDIA H200, 59, 100 %, 52 %, 142259 MiB, 143771 MiB
2026/08/14 01:53:49.600, NVIDIA H200, 59, 100 %, 46 %, 142259 MiB, 143771 MiB
2026/08/14 01:53:52.600, NVIDIA H200, 58, 100 %, 53 %, 142259 MiB, 143771 MiB
2026/08/14 01:53:55.601, NVIDIA H200, 58, 100 %, 44 %, 142259 MiB, 143771 MiB
2026/08/14 01:53:58.601, NVIDIA H200, 56, 98 %, 62 %, 142259 MiB, 143771 MiB
2026/08/14 01:54:01.602, NVIDIA H200, 57, 100 %, 57 %, 142259 MiB, 143771 MiB
2026/08/14 01:54:04.602, NVIDIA H200, 58, 100 %, 47 %, 142259 MiB, 143771 MiB
2026/08/14 01:54:07.603, NVIDIA H200, 56, 99 %, 45 %, 142259 MiB, 143771 MiB
2026/08/14 01:54:10.603, NVIDIA H200, 58, 100 %, 65 %, 142259 MiB, 143771 MiB
2026/08/14 01:54:13.604, NVIDIA H200, 57, 100 %, 54 %, 142259 MiB, 143771 MiB
2026/08/14 01:54:16.604, NVIDIA H200, 60, 100 %, 47 %, 142259 MiB, 143771 MiB
2026/08/14 01:54:19.604, NVIDIA H200, 55, 99 %, 50 %, 142259 MiB, 143771 MiB
2026/08/14 01:54:22.605, NVIDIA H200, 56, 100 %, 52 %, 142259 MiB, 143771 MiB
2026/08/14 01:54:25.605, NVIDIA H200, 56, 100 %, 44 %, 142259 MiB, 143771 MiB
2026/08/14 01:54:28.606, NVIDIA H200, 52, 100 %, 46 %, 142259 MiB, 143771 MiB
2026/08/14 01:54:31.606, NVIDIA H200, 34, 0 %, 0 %, 142259 MiB, 143771 MiB
2026/08/14 01:54:34.607, NVIDIA H200, 29, 0 %, 0 %, 142259 MiB, 143771 MiB
2026/08/14 01:54:37.608, NVIDIA H200, 50, 100 %, 56 %, 142259 MiB, 143771 MiB
2026/08/14 01:54:40.608, NVIDIA H200, 31, 0 %, 0 %, 142259 MiB, 143771 MiB
2026/08/14 01:54:43.609, NVIDIA H200, 28, 0 %, 0 %, 142259 MiB, 143771 MiB
2026/08/14 01:54:46.609, NVIDIA H200, 52, 100 %, 48 %, 142259 MiB, 143771 MiB
2026/08/14 01:54:49.609, NVIDIA H200, 55, 100 %, 57 %, 142259 MiB, 143771 MiB
2026/08/14 01:54:52.610, NVIDIA H200, 56, 100 %, 50 %, 142259 MiB, 143771 MiB
2026/08/14 01:54:55.610, NVIDIA H200, 59, 100 %, 57 %, 142259 MiB, 143771 MiB
2026/08/14 01:54:58.611, NVIDIA H200, 58, 100 %, 47 %, 142259 MiB, 143771 MiB
2026/08/14 01:55:01.612, NVIDIA H200, 58, 100 %, 48 %, 142259 MiB, 143771 MiB
2026/08/14 01:55:04.612, NVIDIA H200, 57, 100 %, 44 %, 142259 MiB, 143771 MiB
2026/08/14 01:55:07.612, NVIDIA H200, 55, 98 %, 63 %, 142259 MiB, 143771 MiB
2026/08/14 01:55:10.613, NVIDIA H200, 56, 100 %, 58 %, 142259 MiB, 143771 MiB
2026/08/14 01:55:13.613, NVIDIA H200, 57, 100 %, 47 %, 142259 MiB, 143771 MiB
2026/08/14 01:55:16.614, NVIDIA H200, 55, 100 %, 54 %, 142259 MiB, 143771 MiB
2026/08/14 01:55:19.614, NVIDIA H200, 58, 100 %, 41 %, 142259 MiB, 143771 MiB
2026/08/14 01:55:22.614, NVIDIA H200, 56, 100 %, 53 %, 142259 MiB, 143771 MiB
2026/08/14 01:55:25.615, NVIDIA H200, 60, 100 %, 55 %, 142259 MiB, 143771 MiB
2026/08/14 01:55:28.616, NVIDIA H200, 56, 100 %, 60 %, 142259 MiB, 143771 MiB
2026/08/14 01:55:31.616, NVIDIA H200, 58, 100 %, 47 %, 142259 MiB, 143771 MiB
2026/08/14 01:55:34.616, NVIDIA H200, 55, 99 %, 73 %, 142259 MiB, 143771 MiB
2026/08/14 01:55:37.617, NVIDIA H200, 56, 100 %, 60 %, 142259 MiB, 143771 MiB
2026/08/14 01:55:40.617, NVIDIA H200, 57, 100 %, 48 %, 142259 MiB, 143771 MiB
2026/08/14 01:55:43.618, NVIDIA H200, 55, 98 %, 39 %, 142259 MiB, 143771 MiB
2026/08/14 01:55:46.618, NVIDIA H200, 57, 100 %, 51 %, 142259 MiB, 143771 MiB
2026/08/14 01:55:49.619, NVIDIA H200, 58, 99 %, 33 %, 142259 MiB, 143771 MiB
2026/08/14 01:55:52.619, NVIDIA H200, 61, 100 %, 48 %, 142259 MiB, 143771 MiB
2026/08/14 01:55:55.620, NVIDIA H200, 55, 100 %, 55 %, 142259 MiB, 143771 MiB
2026/08/14 01:55:58.620, NVIDIA H200, 57, 100 %, 50 %, 142259 MiB, 143771 MiB
2026/08/14 01:56:01.620, NVIDIA H200, 56, 100 %, 47 %, 142259 MiB, 143771 MiB
2026/08/14 01:56:04.621, NVIDIA H200, 56, 100 %, 49 %, 142259 MiB, 143771 MiB
2026/08/14 01:56:07.622, NVIDIA H200, 56, 100 %, 34 %, 142259 MiB, 143771 MiB
2026/08/14 01:56:10.622, NVIDIA H200, 59, 99 %, 45 %, 142259 MiB, 143771 MiB
2026/08/14 01:56:13.622, NVIDIA H200, 30, 0 %, 0 %, 142259 MiB, 143771 MiB
2026/08/14 01:56:16.623, NVIDIA H200, 28, 0 %, 0 %, 142259 MiB, 143771 MiB
2026/08/14 01:56:19.623, NVIDIA H200, 49, 99 %, 37 %, 142259 MiB, 143771 MiB
2026/08/14 01:56:22.624, NVIDIA H200, 29, 0 %, 0 %, 142259 MiB, 143771 MiB
2026/08/14 01:56:25.624, NVIDIA H200, 27, 0 %, 0 %, 142259 MiB, 143771 MiB
2026/08/14 01:56:28.625, NVIDIA H200, 27, 0 %, 0 %, 142259 MiB, 143771 MiB
2026/08/14 01:56:31.625, NVIDIA H200, 35, 57 %, 16 %, 142259 MiB, 143771 MiB
2026/08/14 01:56:34.626, NVIDIA H200, 39, 85 %, 32 %, 142259 MiB, 143771 MiB
2026/08/14 01:56:37.626, NVIDIA H200, 53, 100 %, 33 %, 142259 MiB, 143771 MiB
2026/08/14 01:56:40.627, NVIDIA H200, 55, 99 %, 35 %, 142259 MiB, 143771 MiB
2026/08/14 01:56:43.627, NVIDIA H200, 56, 100 %, 50 %, 142259 MiB, 143771 MiB
2026/08/14 01:56:46.628, NVIDIA H200, 58, 100 %, 57 %, 142259 MiB, 143771 MiB
2026/08/14 01:56:49.628, NVIDIA H200, 57, 100 %, 48 %, 142259 MiB, 143771 MiB
2026/08/14 01:56:52.628, NVIDIA H200, 55, 100 %, 54 %, 142259 MiB, 143771 MiB
2026/08/14 01:56:55.629, NVIDIA H200, 57, 100 %, 50 %, 142259 MiB, 143771 MiB
2026/08/14 01:56:58.629, NVIDIA H200, 57, 100 %, 46 %, 142259 MiB, 143771 MiB
2026/08/14 01:57:01.630, NVIDIA H200, 56, 100 %, 50 %, 142259 MiB, 143771 MiB
2026/08/14 01:57:04.630, NVIDIA H200, 57, 100 %, 23 %, 142259 MiB, 143771 MiB
2026/08/14 01:57:07.631, NVIDIA H200, 57, 97 %, 39 %, 142259 MiB, 143771 MiB
2026/08/14 01:57:10.631, NVIDIA H200, 60, 100 %, 39 %, 142259 MiB, 143771 MiB
2026/08/14 01:57:13.631, NVIDIA H200, 54, 100 %, 58 %, 142259 MiB, 143771 MiB
2026/08/14 01:57:16.632, NVIDIA H200, 55, 100 %, 47 %, 142259 MiB, 143771 MiB
2026/08/14 01:57:19.632, NVIDIA H200, 55, 98 %, 62 %, 142259 MiB, 143771 MiB
2026/08/14 01:57:22.633, NVIDIA H200, 54, 100 %, 58 %, 142259 MiB, 143771 MiB
2026/08/14 01:57:25.633, NVIDIA H200, 56, 100 %, 51 %, 142259 MiB, 143771 MiB
2026/08/14 01:57:28.634, NVIDIA H200, 58, 98 %, 40 %, 142259 MiB, 143771 MiB
2026/08/14 01:57:31.635, NVIDIA H200, 59, 100 %, 50 %, 142259 MiB, 143771 MiB
2026/08/14 01:57:34.635, NVIDIA H200, 58, 100 %, 56 %, 142259 MiB, 143771 MiB
2026/08/14 01:57:37.636, NVIDIA H200, 57, 100 %, 49 %, 142259 MiB, 143771 MiB
2026/08/14 01:57:40.636, NVIDIA H200, 55, 100 %, 55 %, 142259 MiB, 143771 MiB
2026/08/14 01:57:43.636, NVIDIA H200, 57, 100 %, 50 %, 142259 MiB, 143771 MiB
2026/08/14 01:57:46.637, NVIDIA H200, 57, 100 %, 46 %, 142259 MiB, 143771 MiB
2026/08/14 01:57:49.637, NVIDIA H200, 56, 100 %, 49 %, 142259 MiB, 143771 MiB
2026/08/14 01:57:52.638, NVIDIA H200, 57, 100 %, 28 %, 142259 MiB, 143771 MiB
2026/08/14 01:57:55.638, NVIDIA H200, 57, 100 %, 47 %, 142259 MiB, 143771 MiB
2026/08/14 01:57:58.639, NVIDIA H200, 53, 100 %, 51 %, 142259 MiB, 143771 MiB
2026/08/14 01:58:01.639, NVIDIA H200, 29, 0 %, 0 %, 142259 MiB, 143771 MiB
2026/08/14 01:58:04.640, NVIDIA H200, 27, 0 %, 0 %, 142259 MiB, 143771 MiB
2026/08/14 01:58:07.640, NVIDIA H200, 51, 100 %, 51 %, 142259 MiB, 143771 MiB
2026/08/14 01:58:10.641, NVIDIA H200, 28, 0 %, 0 %, 142259 MiB, 143771 MiB
2026/08/14 01:58:13.641, NVIDIA H200, 27, 0 %, 0 %, 142259 MiB, 143771 MiB
2026/08/14 01:58:16.641, NVIDIA H200, 50, 100 %, 58 %, 142259 MiB, 143771 MiB
2026/08/14 01:58:19.642, NVIDIA H200, 55, 99 %, 52 %, 142259 MiB, 143771 MiB
2026/08/14 01:58:22.643, NVIDIA H200, 55, 100 %, 51 %, 142259 MiB, 143771 MiB
2026/08/14 01:58:25.643, NVIDIA H200, 53, 100 %, 53 %, 142259 MiB, 143771 MiB
2026/08/14 01:58:28.644, NVIDIA H200, 55, 100 %, 54 %, 142259 MiB, 143771 MiB
2026/08/14 01:58:31.644, NVIDIA H200, 56, 99 %, 56 %, 142259 MiB, 143771 MiB
2026/08/14 01:58:34.645, NVIDIA H200, 54, 100 %, 49 %, 142259 MiB, 143771 MiB
2026/08/14 01:58:37.645, NVIDIA H200, 56, 100 %, 29 %, 142259 MiB, 143771 MiB
2026/08/14 01:58:40.645, NVIDIA H200, 57, 99 %, 35 %, 142259 MiB, 143771 MiB
2026/08/14 01:58:43.646, NVIDIA H200, 60, 100 %, 47 %, 142259 MiB, 143771 MiB
2026/08/14 01:58:46.646, NVIDIA H200, 54, 100 %, 53 %, 142259 MiB, 143771 MiB
2026/08/14 01:58:49.647, NVIDIA H200, 56, 100 %, 44 %, 142259 MiB, 143771 MiB
2026/08/14 01:58:52.647, NVIDIA H200, 54, 99 %, 58 %, 142259 MiB, 143771 MiB
2026/08/14 01:58:55.648, NVIDIA H200, 55, 100 %, 49 %, 142259 MiB, 143771 MiB
2026/08/14 01:58:58.648, NVIDIA H200, 56, 100 %, 44 %, 142259 MiB, 143771 MiB
2026/08/14 01:59:01.649, NVIDIA H200, 57, 98 %, 47 %, 142259 MiB, 143771 MiB
2026/08/14 01:59:04.649, NVIDIA H200, 57, 100 %, 48 %, 142259 MiB, 143771 MiB
2026/08/14 01:59:07.650, NVIDIA H200, 56, 100 %, 58 %, 142259 MiB, 143771 MiB
2026/08/14 01:59:10.650, NVIDIA H200, 58, 100 %, 42 %, 142259 MiB, 143771 MiB
2026/08/14 01:59:13.650, NVIDIA H200, 54, 100 %, 53 %, 142259 MiB, 143771 MiB
2026/08/14 01:59:16.651, NVIDIA H200, 55, 100 %, 55 %, 142259 MiB, 143771 MiB
2026/08/14 01:59:19.651, NVIDIA H200, 57, 99 %, 56 %, 142259 MiB, 143771 MiB
2026/08/14 01:59:22.652, NVIDIA H200, 54, 100 %, 49 %, 142259 MiB, 143771 MiB
2026/08/14 01:59:25.652, NVIDIA H200, 57, 100 %, 23 %, 142259 MiB, 143771 MiB
2026/08/14 01:59:28.653, NVIDIA H200, 57, 99 %, 36 %, 142259 MiB, 143771 MiB
2026/08/14 01:59:31.653, NVIDIA H200, 61, 100 %, 41 %, 142259 MiB, 143771 MiB
2026/08/14 01:59:34.654, NVIDIA H200, 54, 100 %, 57 %, 142259 MiB, 143771 MiB
2026/08/14 01:59:37.654, NVIDIA H200, 56, 100 %, 49 %, 142259 MiB, 143771 MiB
2026/08/14 01:59:40.655, NVIDIA H200, 34, 0 %, 0 %, 142259 MiB, 143771 MiB
2026/08/14 01:59:43.656, NVIDIA H200, 28, 0 %, 0 %, 142259 MiB, 143771 MiB
2026/08/14 01:59:46.656, NVIDIA H200, 46, 27 %, 0 %, 142259 MiB, 143771 MiB
2026/08/14 01:59:49.657, NVIDIA H200, 31, 0 %, 0 %, 142259 MiB, 143771 MiB
2026/08/14 01:59:52.657, NVIDIA H200, 27, 0 %, 0 %, 142259 MiB, 143771 MiB
2026/08/14 01:59:55.658, NVIDIA H200, 26, 0 %, 0 %, 142259 MiB, 143771 MiB
2026/08/14 01:59:58.658, NVIDIA H200, 52, 98 %, 33 %, 142259 MiB, 143771 MiB
2026/08/14 02:00:01.659, NVIDIA H200, 53, 100 %, 50 %, 142259 MiB, 143771 MiB
2026/08/14 02:00:04.659, NVIDIA H200, 54, 100 %, 49 %, 142259 MiB, 143771 MiB
2026/08/14 02:00:07.659, NVIDIA H200, 55, 100 %, 21 %, 142259 MiB, 143771 MiB
2026/08/14 02:00:10.660, NVIDIA H200, 57, 100 %, 41 %, 142259 MiB, 143771 MiB
2026/08/14 02:00:13.660, NVIDIA H200, 56, 100 %, 36 %, 142259 MiB, 143771 MiB
2026/08/14 02:00:16.661, NVIDIA H200, 56, 100 %, 60 %, 142259 MiB, 143771 MiB
2026/08/14 02:00:19.661, NVIDIA H200, 58, 100 %, 48 %, 142259 MiB, 143771 MiB
2026/08/14 02:00:22.662, NVIDIA H200, 54, 98 %, 63 %, 142259 MiB, 143771 MiB
2026/08/14 02:00:25.662, NVIDIA H200, 55, 100 %, 58 %, 142259 MiB, 143771 MiB
2026/08/14 02:00:28.663, NVIDIA H200, 56, 100 %, 50 %, 142259 MiB, 143771 MiB
2026/08/14 02:00:31.663, NVIDIA H200, 53, 99 %, 40 %, 142259 MiB, 143771 MiB
2026/08/14 02:00:34.664, NVIDIA H200, 56, 100 %, 50 %, 142259 MiB, 143771 MiB
2026/08/14 02:00:37.664, NVIDIA H200, 57, 100 %, 53 %, 142259 MiB, 143771 MiB
2026/08/14 02:00:40.665, NVIDIA H200, 61, 100 %, 49 %, 142259 MiB, 143771 MiB
2026/08/14 02:00:43.665, NVIDIA H200, 54, 100 %, 54 %, 142259 MiB, 143771 MiB
2026/08/14 02:00:46.666, NVIDIA H200, 57, 100 %, 48 %, 142259 MiB, 143771 MiB
2026/08/14 02:00:49.666, NVIDIA H200, 55, 100 %, 47 %, 142259 MiB, 143771 MiB
2026/08/14 02:00:52.666, NVIDIA H200, 56, 100 %, 50 %, 142259 MiB, 143771 MiB
2026/08/14 02:00:55.667, NVIDIA H200, 56, 100 %, 25 %, 142259 MiB, 143771 MiB
2026/08/14 02:00:58.667, NVIDIA H200, 57, 100 %, 41 %, 142259 MiB, 143771 MiB
2026/08/14 02:01:01.668, NVIDIA H200, 57, 100 %, 40 %, 142259 MiB, 143771 MiB
2026/08/14 02:01:04.668, NVIDIA H200, 56, 100 %, 60 %, 142259 MiB, 143771 MiB
2026/08/14 02:01:07.669, NVIDIA H200, 57, 100 %, 46 %, 142259 MiB, 143771 MiB
2026/08/14 02:01:10.669, NVIDIA H200, 54, 98 %, 73 %, 142259 MiB, 143771 MiB
2026/08/14 02:01:13.670, NVIDIA H200, 55, 100 %, 58 %, 142259 MiB, 143771 MiB
2026/08/14 02:01:16.670, NVIDIA H200, 57, 100 %, 48 %, 142259 MiB, 143771 MiB
2026/08/14 02:01:19.671, NVIDIA H200, 55, 98 %, 42 %, 142259 MiB, 143771 MiB
2026/08/14 02:01:22.671, NVIDIA H200, 33, 0 %, 0 %, 142259 MiB, 143771 MiB
2026/08/14 02:01:25.672, NVIDIA H200, 28, 0 %, 0 %, 142259 MiB, 143771 MiB
2026/08/14 02:01:28.672, NVIDIA H200, 27, 0 %, 0 %, 142259 MiB, 143771 MiB
2026/08/14 02:01:31.673, NVIDIA H200, 50, 100 %, 55 %, 142259 MiB, 143771 MiB
2026/08/14 02:01:34.673, NVIDIA H200, 29, 0 %, 0 %, 142259 MiB, 143771 MiB
2026/08/14 02:01:37.674, NVIDIA H200, 37, 63 %, 38 %, 142259 MiB, 143771 MiB
2026/08/14 02:01:40.675, NVIDIA H200, 38, 100 %, 59 %, 142259 MiB, 143771 MiB
2026/08/14 02:01:43.675, NVIDIA H200, 56, 100 %, 46 %, 142259 MiB, 143771 MiB
2026/08/14 02:01:46.676, NVIDIA H200, 51, 0 %, 0 %, 142259 MiB, 143771 MiB
2026/08/14 02:01:49.676, NVIDIA H200, 56, 100 %, 42 %, 142259 MiB, 143771 MiB
2026/08/14 02:01:52.677, NVIDIA H200, 56, 100 %, 58 %, 142259 MiB, 143771 MiB
2026/08/14 02:01:55.677, NVIDIA H200, 58, 100 %, 43 %, 142259 MiB, 143771 MiB
2026/08/14 02:01:58.678, NVIDIA H200, 54, 100 %, 51 %, 142259 MiB, 143771 MiB
2026/08/14 02:02:01.678, NVIDIA H200, 55, 100 %, 51 %, 142259 MiB, 143771 MiB
2026/08/14 02:02:04.679, NVIDIA H200, 56, 99 %, 52 %, 142259 MiB, 143771 MiB
2026/08/14 02:02:07.679, NVIDIA H200, 52, 100 %, 55 %, 142259 MiB, 143771 MiB
2026/08/14 02:02:10.679, NVIDIA H200, 57, 100 %, 40 %, 142259 MiB, 143771 MiB
2026/08/14 02:02:13.680, NVIDIA H200, 57, 99 %, 37 %, 142259 MiB, 143771 MiB
2026/08/14 02:02:16.681, NVIDIA H200, 59, 100 %, 58 %, 142259 MiB, 143771 MiB
2026/08/14 02:02:19.681, NVIDIA H200, 55, 100 %, 52 %, 142259 MiB, 143771 MiB
2026/08/14 02:02:22.681, NVIDIA H200, 57, 100 %, 44 %, 142259 MiB, 143771 MiB
2026/08/14 02:02:25.682, NVIDIA H200, 54, 98 %, 54 %, 142259 MiB, 143771 MiB
2026/08/14 02:02:28.682, NVIDIA H200, 55, 100 %, 48 %, 142259 MiB, 143771 MiB
2026/08/14 02:02:31.683, NVIDIA H200, 56, 100 %, 44 %, 142259 MiB, 143771 MiB
2026/08/14 02:02:34.683, NVIDIA H200, 57, 98 %, 47 %, 142259 MiB, 143771 MiB
2026/08/14 02:02:37.684, NVIDIA H200, 57, 100 %, 49 %, 142259 MiB, 143771 MiB
2026/08/14 02:02:40.684, NVIDIA H200, 56, 100 %, 54 %, 142259 MiB, 143771 MiB
2026/08/14 02:02:43.685, NVIDIA H200, 57, 100 %, 41 %, 142259 MiB, 143771 MiB
2026/08/14 02:02:46.685, NVIDIA H200, 54, 100 %, 54 %, 142259 MiB, 143771 MiB
2026/08/14 02:02:49.686, NVIDIA H200, 55, 100 %, 56 %, 142259 MiB, 143771 MiB
2026/08/14 02:02:52.686, NVIDIA H200, 57, 99 %, 54 %, 142259 MiB, 143771 MiB
2026/08/14 02:02:55.687, NVIDIA H200, 55, 100 %, 48 %, 142259 MiB, 143771 MiB
2026/08/14 02:02:58.687, NVIDIA H200, 58, 100 %, 22 %, 142259 MiB, 143771 MiB
2026/08/14 02:03:01.688, NVIDIA H200, 58, 99 %, 38 %, 142259 MiB, 143771 MiB
2026/08/14 02:03:04.688, NVIDIA H200, 56, 100 %, 50 %, 142259 MiB, 143771 MiB
2026/08/14 02:03:07.688, NVIDIA H200, 29, 0 %, 0 %, 142259 MiB, 143771 MiB
2026/08/14 02:03:10.689, NVIDIA H200, 27, 0 %, 0 %, 142259 MiB, 143771 MiB
2026/08/14 02:03:13.689, NVIDIA H200, 52, 100 %, 52 %, 142259 MiB, 143771 MiB
2026/08/14 02:03:16.690, NVIDIA H200, 28, 0 %, 0 %, 142259 MiB, 143771 MiB
2026/08/14 02:03:19.690, NVIDIA H200, 47, 100 %, 57 %, 142259 MiB, 143771 MiB
2026/08/14 02:03:22.691, NVIDIA H200, 54, 100 %, 46 %, 142259 MiB, 143771 MiB
2026/08/14 02:03:25.691, NVIDIA H200, 50, 100 %, 60 %, 142259 MiB, 143771 MiB
2026/08/14 02:03:28.692, NVIDIA H200, 52, 71 %, 48 %, 142259 MiB, 143771 MiB
2026/08/14 02:03:31.692, NVIDIA H200, 54, 100 %, 53 %, 142259 MiB, 143771 MiB
2026/08/14 02:03:34.693, NVIDIA H200, 55, 100 %, 59 %, 142259 MiB, 143771 MiB
2026/08/14 02:03:37.694, NVIDIA H200, 58, 100 %, 42 %, 142259 MiB, 143771 MiB
2026/08/14 02:03:40.695, NVIDIA H200, 54, 100 %, 52 %, 142259 MiB, 143771 MiB
2026/08/14 02:03:43.695, NVIDIA H200, 55, 100 %, 55 %, 142259 MiB, 143771 MiB
2026/08/14 02:03:46.696, NVIDIA H200, 57, 99 %, 55 %, 142259 MiB, 143771 MiB
2026/08/14 02:03:49.696, NVIDIA H200, 53, 100 %, 49 %, 142259 MiB, 143771 MiB
2026/08/14 02:03:52.697, NVIDIA H200, 57, 100 %, 29 %, 142259 MiB, 143771 MiB
2026/08/14 02:03:55.697, NVIDIA H200, 57, 98 %, 35 %, 142259 MiB, 143771 MiB
2026/08/14 02:03:58.697, NVIDIA H200, 61, 100 %, 48 %, 142259 MiB, 143771 MiB
2026/08/14 02:04:01.698, NVIDIA H200, 56, 100 %, 53 %, 142259 MiB, 143771 MiB
2026/08/14 02:04:04.698, NVIDIA H200, 59, 100 %, 46 %, 142259 MiB, 143771 MiB
2026/08/14 02:04:07.699, NVIDIA H200, 54, 97 %, 60 %, 142259 MiB, 143771 MiB
2026/08/14 02:04:10.699, NVIDIA H200, 55, 100 %, 51 %, 142259 MiB, 143771 MiB
2026/08/14 02:04:13.700, NVIDIA H200, 57, 100 %, 44 %, 142259 MiB, 143771 MiB
2026/08/14 02:04:16.700, NVIDIA H200, 52, 98 %, 47 %, 142259 MiB, 143771 MiB
2026/08/14 02:04:19.701, NVIDIA H200, 56, 100 %, 49 %, 142259 MiB, 143771 MiB
2026/08/14 02:04:22.701, NVIDIA H200, 59, 100 %, 54 %, 142259 MiB, 143771 MiB
2026/08/14 02:04:25.702, NVIDIA H200, 61, 100 %, 42 %, 142259 MiB, 143771 MiB
2026/08/14 02:04:28.702, NVIDIA H200, 57, 100 %, 52 %, 142259 MiB, 143771 MiB
2026/08/14 02:04:31.703, NVIDIA H200, 57, 100 %, 58 %, 142259 MiB, 143771 MiB
2026/08/14 02:04:34.703, NVIDIA H200, 55, 100 %, 48 %, 142259 MiB, 143771 MiB
2026/08/14 02:04:37.704, NVIDIA H200, 56, 99 %, 42 %, 142259 MiB, 143771 MiB
2026/08/14 02:04:40.704, NVIDIA H200, 57, 100 %, 63 %, 142259 MiB, 143771 MiB
2026/08/14 02:04:43.705, NVIDIA H200, 60, 100 %, 56 %, 142259 MiB, 143771 MiB
2026/08/14 02:04:46.705, NVIDIA H200, 31, 0 %, 0 %, 142259 MiB, 143771 MiB
2026/08/14 02:04:49.706, NVIDIA H200, 28, 0 %, 0 %, 142259 MiB, 143771 MiB
2026/08/14 02:04:52.706, NVIDIA H200, 42, 100 %, 53 %, 142259 MiB, 143771 MiB
2026/08/14 02:04:55.707, NVIDIA H200, 40, 0 %, 0 %, 142259 MiB, 143771 MiB
2026/08/14 02:04:58.708, NVIDIA H200, 28, 0 %, 0 %, 142259 MiB, 143771 MiB
2026/08/14 02:05:01.708, NVIDIA H200, 27, 0 %, 0 %, 142259 MiB, 143771 MiB
2026/08/14 02:05:04.708, NVIDIA H200, 27, 0 %, 0 %, 142259 MiB, 143771 MiB
2026/08/14 02:05:07.709, NVIDIA H200, 30, 0 %, 0 %, 142259 MiB, 143771 MiB
2026/08/14 02:05:10.709, NVIDIA H200, 52, 100 %, 48 %, 142259 MiB, 143771 MiB
2026/08/14 02:05:13.710, NVIDIA H200, 56, 100 %, 44 %, 142259 MiB, 143771 MiB
2026/08/14 02:05:16.710, NVIDIA H200, 51, 100 %, 54 %, 142259 MiB, 143771 MiB
2026/08/14 02:05:19.711, NVIDIA H200, 57, 100 %, 42 %, 142259 MiB, 143771 MiB
2026/08/14 02:05:22.711, NVIDIA H200, 57, 100 %, 53 %, 142259 MiB, 143771 MiB
2026/08/14 02:05:25.712, NVIDIA H200, 61, 100 %, 52 %, 142259 MiB, 143771 MiB
2026/08/14 02:05:28.712, NVIDIA H200, 54, 99 %, 56 %, 142259 MiB, 143771 MiB
2026/08/14 02:05:31.713, NVIDIA H200, 56, 100 %, 48 %, 142259 MiB, 143771 MiB
2026/08/14 02:05:34.713, NVIDIA H200, 56, 100 %, 30 %, 142259 MiB, 143771 MiB
2026/08/14 02:05:37.714, NVIDIA H200, 55, 98 %, 33 %, 142259 MiB, 143771 MiB
2026/08/14 02:05:40.714, NVIDIA H200, 57, 100 %, 48 %, 142259 MiB, 143771 MiB
2026/08/14 02:05:43.714, NVIDIA H200, 59, 100 %, 53 %, 142259 MiB, 143771 MiB
2026/08/14 02:05:46.715, NVIDIA H200, 60, 100 %, 45 %, 142259 MiB, 143771 MiB
2026/08/14 02:05:49.715, NVIDIA H200, 59, 98 %, 60 %, 142259 MiB, 143771 MiB
2026/08/14 02:05:52.716, NVIDIA H200, 58, 100 %, 54 %, 142259 MiB, 143771 MiB
2026/08/14 02:05:55.716, NVIDIA H200, 56, 100 %, 44 %, 142259 MiB, 143771 MiB
2026/08/14 02:05:58.717, NVIDIA H200, 57, 98 %, 47 %, 142259 MiB, 143771 MiB
2026/08/14 02:06:01.717, NVIDIA H200, 58, 100 %, 51 %, 142259 MiB, 143771 MiB
2026/08/14 02:06:04.718, NVIDIA H200, 57, 100 %, 55 %, 142259 MiB, 143771 MiB
2026/08/14 02:06:07.718, NVIDIA H200, 61, 100 %, 39 %, 142259 MiB, 143771 MiB
2026/08/14 02:06:10.719, NVIDIA H200, 57, 100 %, 52 %, 142259 MiB, 143771 MiB
2026/08/14 02:06:13.719, NVIDIA H200, 58, 100 %, 52 %, 142259 MiB, 143771 MiB
2026/08/14 02:06:16.720, NVIDIA H200, 56, 99 %, 54 %, 142259 MiB, 143771 MiB
2026/08/14 02:06:19.720, NVIDIA H200, 56, 100 %, 47 %, 142259 MiB, 143771 MiB
2026/08/14 02:06:22.720, NVIDIA H200, 57, 100 %, 22 %, 142259 MiB, 143771 MiB
2026/08/14 02:06:25.721, NVIDIA H200, 58, 99 %, 36 %, 142259 MiB, 143771 MiB
2026/08/14 02:06:28.721, NVIDIA H200, 59, 100 %, 36 %, 142259 MiB, 143771 MiB
2026/08/14 02:06:31.722, NVIDIA H200, 56, 100 %, 52 %, 142259 MiB, 143771 MiB
2026/08/14 02:06:34.722, NVIDIA H200, 31, 0 %, 0 %, 142259 MiB, 143771 MiB
2026/08/14 02:06:37.723, NVIDIA H200, 28, 0 %, 0 %, 142259 MiB, 143771 MiB
2026/08/14 02:06:40.723, NVIDIA H200, 49, 100 %, 48 %, 142259 MiB, 143771 MiB
2026/08/14 02:06:43.724, NVIDIA H200, 31, 0 %, 0 %, 142259 MiB, 143771 MiB
2026/08/14 02:06:46.725, NVIDIA H200, 46, 100 %, 51 %, 142259 MiB, 143771 MiB
2026/08/14 02:06:49.725, NVIDIA H200, 34, 0 %, 0 %, 142259 MiB, 143771 MiB
2026/08/14 02:06:52.726, NVIDIA H200, 53, 99 %, 55 %, 142259 MiB, 143771 MiB
2026/08/14 02:06:55.726, NVIDIA H200, 55, 100 %, 52 %, 142259 MiB, 143771 MiB
2026/08/14 02:06:58.727, NVIDIA H200, 55, 100 %, 49 %, 142259 MiB, 143771 MiB
2026/08/14 02:07:01.727, NVIDIA H200, 56, 100 %, 50 %, 142259 MiB, 143771 MiB
2026/08/14 02:07:04.728, NVIDIA H200, 56, 100 %, 30 %, 142259 MiB, 143771 MiB
2026/08/14 02:07:07.728, NVIDIA H200, 58, 100 %, 47 %, 142259 MiB, 143771 MiB
2026/08/14 02:07:10.729, NVIDIA H200, 59, 100 %, 45 %, 142259 MiB, 143771 MiB
2026/08/14 02:07:13.729, NVIDIA H200, 58, 100 %, 55 %, 142259 MiB, 143771 MiB
2026/08/14 02:07:16.730, NVIDIA H200, 58, 100 %, 48 %, 142259 MiB, 143771 MiB
2026/08/14 02:07:19.730, NVIDIA H200, 55, 98 %, 73 %, 142259 MiB, 143771 MiB
2026/08/14 02:07:22.731, NVIDIA H200, 56, 100 %, 59 %, 142259 MiB, 143771 MiB
2026/08/14 02:07:25.731, NVIDIA H200, 58, 100 %, 48 %, 142259 MiB, 143771 MiB
2026/08/14 02:07:28.732, NVIDIA H200, 55, 98 %, 39 %, 142259 MiB, 143771 MiB
2026/08/14 02:07:31.732, NVIDIA H200, 58, 100 %, 50 %, 142259 MiB, 143771 MiB
2026/08/14 02:07:34.733, NVIDIA H200, 59, 100 %, 56 %, 142259 MiB, 143771 MiB
2026/08/14 02:07:37.733, NVIDIA H200, 62, 100 %, 49 %, 142259 MiB, 143771 MiB
2026/08/14 02:07:40.733, NVIDIA H200, 55, 100 %, 55 %, 142259 MiB, 143771 MiB
2026/08/14 02:07:43.734, NVIDIA H200, 58, 100 %, 50 %, 142259 MiB, 143771 MiB
2026/08/14 02:07:46.734, NVIDIA H200, 55, 100 %, 46 %, 142259 MiB, 143771 MiB
2026/08/14 02:07:49.735, NVIDIA H200, 57, 100 %, 49 %, 142259 MiB, 143771 MiB
2026/08/14 02:07:52.735, NVIDIA H200, 57, 100 %, 31 %, 142259 MiB, 143771 MiB
2026/08/14 02:07:55.736, NVIDIA H200, 59, 100 %, 46 %, 142259 MiB, 143771 MiB
2026/08/14 02:07:58.736, NVIDIA H200, 59, 100 %, 45 %, 142259 MiB, 143771 MiB
2026/08/14 02:08:01.737, NVIDIA H200, 58, 100 %, 55 %, 142259 MiB, 143771 MiB
2026/08/14 02:08:04.737, NVIDIA H200, 58, 100 %, 48 %, 142259 MiB, 143771 MiB
2026/08/14 02:08:07.738, NVIDIA H200, 55, 97 %, 73 %, 142259 MiB, 143771 MiB
2026/08/14 02:08:10.739, NVIDIA H200, 56, 100 %, 58 %, 142259 MiB, 143771 MiB
2026/08/14 02:08:13.739, NVIDIA H200, 35, 0 %, 0 %, 142259 MiB, 143771 MiB
2026/08/14 02:08:16.740, NVIDIA H200, 29, 0 %, 0 %, 142259 MiB, 143771 MiB
2026/08/14 02:08:19.740, NVIDIA H200, 49, 100 %, 55 %, 142259 MiB, 143771 MiB
2026/08/14 02:08:22.741, NVIDIA H200, 37, 0 %, 0 %, 142259 MiB, 143771 MiB
2026/08/14 02:08:25.741, NVIDIA H200, 29, 0 %, 0 %, 142259 MiB, 143771 MiB
2026/08/14 02:08:28.742, NVIDIA H200, 51, 100 %, 53 %, 142259 MiB, 143771 MiB
2026/08/14 02:08:31.742, NVIDIA H200, 47, 56 %, 32 %, 142259 MiB, 143771 MiB
2026/08/14 02:08:34.743, NVIDIA H200, 59, 100 %, 44 %, 142259 MiB, 143771 MiB
2026/08/14 02:08:37.743, NVIDIA H200, 54, 99 %, 46 %, 142259 MiB, 143771 MiB
2026/08/14 02:08:40.743, NVIDIA H200, 58, 100 %, 65 %, 142259 MiB, 143771 MiB
2026/08/14 02:08:43.744, NVIDIA H200, 57, 100 %, 53 %, 142259 MiB, 143771 MiB
2026/08/14 02:08:46.745, NVIDIA H200, 61, 100 %, 50 %, 142259 MiB, 143771 MiB
2026/08/14 02:08:49.745, NVIDIA H200, 55, 99 %, 49 %, 142259 MiB, 143771 MiB
2026/08/14 02:08:52.745, NVIDIA H200, 56, 100 %, 51 %, 142259 MiB, 143771 MiB
2026/08/14 02:08:55.746, NVIDIA H200, 56, 100 %, 50 %, 142259 MiB, 143771 MiB
2026/08/14 02:08:58.747, NVIDIA H200, 54, 100 %, 49 %, 142259 MiB, 143771 MiB
2026/08/14 02:09:01.747, NVIDIA H200, 57, 100 %, 34 %, 142259 MiB, 143771 MiB
2026/08/14 02:09:04.747, NVIDIA H200, 59, 100 %, 55 %, 142259 MiB, 143771 MiB
2026/08/14 02:09:07.748, NVIDIA H200, 59, 100 %, 47 %, 142259 MiB, 143771 MiB
2026/08/14 02:09:10.749, NVIDIA H200, 59, 98 %, 62 %, 142259 MiB, 143771 MiB
2026/08/14 02:09:13.749, NVIDIA H200, 59, 100 %, 56 %, 142259 MiB, 143771 MiB
2026/08/14 02:09:16.750, NVIDIA H200, 57, 100 %, 44 %, 142259 MiB, 143771 MiB
2026/08/14 02:09:19.750, NVIDIA H200, 58, 99 %, 46 %, 142259 MiB, 143771 MiB
2026/08/14 02:09:22.751, NVIDIA H200, 59, 100 %, 50 %, 142259 MiB, 143771 MiB
2026/08/14 02:09:25.751, NVIDIA H200, 57, 100 %, 56 %, 142259 MiB, 143771 MiB
2026/08/14 02:09:28.752, NVIDIA H200, 58, 100 %, 39 %, 142259 MiB, 143771 MiB
2026/08/14 02:09:31.752, NVIDIA H200, 57, 100 %, 51 %, 142259 MiB, 143771 MiB
2026/08/14 02:09:34.753, NVIDIA H200, 61, 100 %, 55 %, 142259 MiB, 143771 MiB
2026/08/14 02:09:37.753, NVIDIA H200, 56, 99 %, 55 %, 142259 MiB, 143771 MiB
2026/08/14 02:09:40.754, NVIDIA H200, 57, 100 %, 48 %, 142259 MiB, 143771 MiB
2026/08/14 02:09:43.754, NVIDIA H200, 56, 100 %, 22 %, 142259 MiB, 143771 MiB
2026/08/14 02:09:46.755, NVIDIA H200, 53, 99 %, 36 %, 142259 MiB, 143771 MiB
2026/08/14 02:09:49.755, NVIDIA H200, 58, 100 %, 37 %, 142259 MiB, 143771 MiB
2026/08/14 02:09:52.756, NVIDIA H200, 58, 100 %, 52 %, 142259 MiB, 143771 MiB
2026/08/14 02:09:55.756, NVIDIA H200, 31, 0 %, 0 %, 142259 MiB, 143771 MiB
2026/08/14 02:09:58.757, NVIDIA H200, 28, 0 %, 0 %, 142259 MiB, 143771 MiB
2026/08/14 02:10:01.757, NVIDIA H200, 46, 100 %, 58 %, 142259 MiB, 143771 MiB
2026/08/14 02:10:04.758, NVIDIA H200, 34, 0 %, 0 %, 142259 MiB, 143771 MiB
2026/08/14 02:10:07.758, NVIDIA H200, 28, 0 %, 0 %, 142259 MiB, 143771 MiB
2026/08/14 02:10:10.759, NVIDIA H200, 52, 100 %, 50 %, 142259 MiB, 143771 MiB
2026/08/14 02:10:13.759, NVIDIA H200, 54, 100 %, 50 %, 142259 MiB, 143771 MiB
2026/08/14 02:10:16.760, NVIDIA H200, 58, 100 %, 47 %, 142259 MiB, 143771 MiB
2026/08/14 02:10:19.760, NVIDIA H200, 54, 100 %, 56 %, 142259 MiB, 143771 MiB
2026/08/14 02:10:22.761, NVIDIA H200, 57, 100 %, 41 %, 142259 MiB, 143771 MiB
2026/08/14 02:10:25.761, NVIDIA H200, 57, 100 %, 50 %, 142259 MiB, 143771 MiB
2026/08/14 02:10:28.762, NVIDIA H200, 60, 100 %, 54 %, 142259 MiB, 143771 MiB
2026/08/14 02:10:31.762, NVIDIA H200, 55, 99 %, 55 %, 142259 MiB, 143771 MiB
2026/08/14 02:10:34.762, NVIDIA H200, 56, 100 %, 48 %, 142259 MiB, 143771 MiB
2026/08/14 02:10:37.763, NVIDIA H200, 56, 100 %, 22 %, 142259 MiB, 143771 MiB
2026/08/14 02:10:40.764, NVIDIA H200, 52, 98 %, 36 %, 142259 MiB, 143771 MiB
2026/08/14 02:10:43.764, NVIDIA H200, 58, 100 %, 38 %, 142259 MiB, 143771 MiB
2026/08/14 02:10:46.764, NVIDIA H200, 57, 100 %, 58 %, 142259 MiB, 143771 MiB
2026/08/14 02:10:49.765, NVIDIA H200, 59, 100 %, 48 %, 142259 MiB, 143771 MiB
2026/08/14 02:10:52.765, NVIDIA H200, 55, 98 %, 61 %, 142259 MiB, 143771 MiB
2026/08/14 02:10:55.766, NVIDIA H200, 56, 100 %, 57 %, 142259 MiB, 143771 MiB
2026/08/14 02:10:58.766, NVIDIA H200, 57, 100 %, 47 %, 142259 MiB, 143771 MiB
2026/08/14 02:11:01.767, NVIDIA H200, 53, 98 %, 45 %, 142259 MiB, 143771 MiB
2026/08/14 02:11:04.767, NVIDIA H200, 58, 100 %, 50 %, 142259 MiB, 143771 MiB
2026/08/14 02:11:07.768, NVIDIA H200, 59, 100 %, 52 %, 142259 MiB, 143771 MiB
2026/08/14 02:11:10.768, NVIDIA H200, 61, 100 %, 46 %, 142259 MiB, 143771 MiB
2026/08/14 02:11:13.768, NVIDIA H200, 56, 100 %, 56 %, 142259 MiB, 143771 MiB
2026/08/14 02:11:16.769, NVIDIA H200, 58, 100 %, 51 %, 142259 MiB, 143771 MiB
2026/08/14 02:11:19.770, NVIDIA H200, 55, 100 %, 46 %, 142259 MiB, 143771 MiB
2026/08/14 02:11:22.770, NVIDIA H200, 57, 100 %, 48 %, 142259 MiB, 143771 MiB
2026/08/14 02:11:25.770, NVIDIA H200, 57, 100 %, 29 %, 142259 MiB, 143771 MiB
2026/08/14 02:11:28.771, NVIDIA H200, 59, 100 %, 48 %, 142259 MiB, 143771 MiB
2026/08/14 02:11:31.771, NVIDIA H200, 59, 100 %, 45 %, 142259 MiB, 143771 MiB
2026/08/14 02:11:34.771, NVIDIA H200, 56, 99 %, 57 %, 142259 MiB, 143771 MiB
2026/08/14 02:11:37.772, NVIDIA H200, 31, 0 %, 0 %, 142259 MiB, 143771 MiB
2026/08/14 02:11:40.772, NVIDIA H200, 28, 0 %, 0 %, 142259 MiB, 143771 MiB
2026/08/14 02:11:43.773, NVIDIA H200, 36, 18 %, 0 %, 142259 MiB, 143771 MiB
2026/08/14 02:11:46.773, NVIDIA H200, 31, 0 %, 0 %, 142259 MiB, 143771 MiB
2026/08/14 02:11:49.774, NVIDIA H200, 48, 100 %, 32 %, 142259 MiB, 143771 MiB
2026/08/14 02:11:52.774, NVIDIA H200, 50, 100 %, 63 %, 142259 MiB, 143771 MiB
2026/08/14 02:11:55.774, NVIDIA H200, 50, 54 %, 16 %, 142259 MiB, 143771 MiB
2026/08/14 02:11:58.775, NVIDIA H200, 56, 100 %, 48 %, 142259 MiB, 143771 MiB
2026/08/14 02:12:01.775, NVIDIA H200, 51, 98 %, 47 %, 142259 MiB, 143771 MiB
2026/08/14 02:12:04.776, NVIDIA H200, 56, 100 %, 50 %, 142259 MiB, 143771 MiB
2026/08/14 02:12:07.776, NVIDIA H200, 59, 100 %, 54 %, 142259 MiB, 143771 MiB
2026/08/14 02:12:10.777, NVIDIA H200, 60, 100 %, 42 %, 142259 MiB, 143771 MiB
2026/08/14 02:12:13.777, NVIDIA H200, 58, 100 %, 53 %, 142259 MiB, 143771 MiB
2026/08/14 02:12:16.778, NVIDIA H200, 59, 100 %, 55 %, 142259 MiB, 143771 MiB
2026/08/14 02:12:19.778, NVIDIA H200, 56, 99 %, 57 %, 142259 MiB, 143771 MiB
2026/08/14 02:12:22.779, NVIDIA H200, 56, 100 %, 49 %, 142259 MiB, 143771 MiB
2026/08/14 02:12:25.779, NVIDIA H200, 57, 100 %, 34 %, 142259 MiB, 143771 MiB
2026/08/14 02:12:28.780, NVIDIA H200, 56, 98 %, 34 %, 142259 MiB, 143771 MiB
2026/08/14 02:12:31.780, NVIDIA H200, 56, 100 %, 45 %, 142259 MiB, 143771 MiB
2026/08/14 02:12:34.781, NVIDIA H200, 60, 98 %, 46 %, 142259 MiB, 143771 MiB
2026/08/14 02:12:37.781, NVIDIA H200, 59, 100 %, 51 %, 142259 MiB, 143771 MiB
2026/08/14 02:12:40.782, NVIDIA H200, 57, 100 %, 54 %, 142259 MiB, 143771 MiB
2026/08/14 02:12:43.782, NVIDIA H200, 59, 100 %, 42 %, 142259 MiB, 143771 MiB
2026/08/14 02:12:46.783, NVIDIA H200, 55, 100 %, 52 %, 142259 MiB, 143771 MiB
2026/08/14 02:12:49.783, NVIDIA H200, 57, 100 %, 49 %, 142259 MiB, 143771 MiB
2026/08/14 02:12:52.784, NVIDIA H200, 57, 98 %, 59 %, 142259 MiB, 143771 MiB
2026/08/14 02:12:55.784, NVIDIA H200, 53, 100 %, 57 %, 142259 MiB, 143771 MiB
2026/08/14 02:12:58.785, NVIDIA H200, 57, 100 %, 47 %, 142259 MiB, 143771 MiB
2026/08/14 02:13:01.785, NVIDIA H200, 59, 98 %, 46 %, 142259 MiB, 143771 MiB
2026/08/14 02:13:04.786, NVIDIA H200, 61, 100 %, 63 %, 142259 MiB, 143771 MiB
2026/08/14 02:13:07.786, NVIDIA H200, 57, 100 %, 51 %, 142259 MiB, 143771 MiB
2026/08/14 02:13:10.787, NVIDIA H200, 58, 100 %, 48 %, 142259 MiB, 143771 MiB
2026/08/14 02:13:13.787, NVIDIA H200, 55, 99 %, 49 %, 142259 MiB, 143771 MiB
2026/08/14 02:13:16.788, NVIDIA H200, 41, 0 %, 0 %, 142259 MiB, 143771 MiB
2026/08/14 02:13:19.788, NVIDIA H200, 30, 0 %, 0 %, 142259 MiB, 143771 MiB
2026/08/14 02:13:22.788, NVIDIA H200, 36, 37 %, 19 %, 142259 MiB, 143771 MiB
2026/08/14 02:13:25.789, NVIDIA H200, 54, 100 %, 58 %, 142259 MiB, 143771 MiB
2026/08/14 02:13:28.789, NVIDIA H200, 29, 0 %, 0 %, 142259 MiB, 143771 MiB
2026/08/14 02:13:31.789, NVIDIA H200, 28, 0 %, 0 %, 142259 MiB, 143771 MiB
2026/08/14 02:13:34.790, NVIDIA H200, 27, 0 %, 0 %, 142263 MiB, 143771 MiB
2026/08/14 02:13:37.790, NVIDIA H200, 27, 0 %, 0 %, 142263 MiB, 143771 MiB
2026/08/14 02:13:40.791, NVIDIA H200, 27, 2 %, 0 %, 142263 MiB, 143771 MiB
2026/08/14 02:13:43.791, NVIDIA H200, 27, 0 %, 0 %, 142263 MiB, 143771 MiB
2026/08/14 02:13:46.792, NVIDIA H200, 26, 0 %, 0 %, 142263 MiB, 143771 MiB
2026/08/14 02:13:49.793, NVIDIA H200, 26, 0 %, 0 %, 142263 MiB, 143771 MiB
2026/08/14 02:13:52.793, NVIDIA H200, 26, 0 %, 0 %, 142263 MiB, 143771 MiB
2026/08/14 02:13:55.794, NVIDIA H200, 26, 0 %, 0 %, 142263 MiB, 143771 MiB
2026/08/14 02:13:58.794, NVIDIA H200, 26, 0 %, 0 %, 142263 MiB, 143771 MiB
2026/08/14 02:14:01.795, NVIDIA H200, 26, 0 %, 0 %, 142263 MiB, 143771 MiB
2026/08/14 02:14:04.795, NVIDIA H200, 26, 0 %, 0 %, 142263 MiB, 143771 MiB
2026/08/14 02:14:07.796, NVIDIA H200, 26, 0 %, 0 %, 142263 MiB, 143771 MiB
2026/08/14 02:14:10.796, NVIDIA H200, 26, 0 %, 0 %, 142263 MiB, 143771 MiB
2026/08/14 02:14:13.797, NVIDIA H200, 26, 0 %, 0 %, 142263 MiB, 143771 MiB
2026/08/14 02:14:16.797, NVIDIA H200, 26, 0 %, 0 %, 142263 MiB, 143771 MiB
2026/08/14 02:14:19.798, NVIDIA H200, 26, 0 %, 0 %, 142263 MiB, 143771 MiB
2026/08/14 02:14:22.798, NVIDIA H200, 26, 0 %, 0 %, 142263 MiB, 143771 MiB
2026/08/14 02:14:25.799, NVIDIA H200, 26, 0 %, 0 %, 142263 MiB, 143771 MiB
2026/08/14 02:14:28.799, NVIDIA H200, 26, 0 %, 0 %, 142263 MiB, 143771 MiB
2026/08/14 02:14:31.799, NVIDIA H200, 26, 0 %, 0 %, 142263 MiB, 143771 MiB
2026/08/14 02:14:34.800, NVIDIA H200, 26, 0 %, 0 %, 142263 MiB, 143771 MiB
2026/08/14 02:14:37.800, NVIDIA H200, 25, 0 %, 0 %, 142263 MiB, 143771 MiB
2026/08/14 02:14:40.801, NVIDIA H200, 25, 0 %, 0 %, 142263 MiB, 143771 MiB
2026/08/14 02:14:43.801, NVIDIA H200, 25, 0 %, 0 %, 142263 MiB, 143771 MiB
2026/08/14 02:14:46.802, NVIDIA H200, 25, 0 %, 0 %, 142263 MiB, 143771 MiB
2026/08/14 02:14:49.803, NVIDIA H200, 25, 0 %, 0 %, 142263 MiB, 143771 MiB
2026/08/14 02:14:52.803, NVIDIA H200, 25, 0 %, 0 %, 142263 MiB, 143771 MiB
2026/08/14 02:14:55.804, NVIDIA H200, 25, 0 %, 0 %, 142263 MiB, 143771 MiB
2026/08/14 02:14:58.804, NVIDIA H200, 25, 0 %, 0 %, 142263 MiB, 143771 MiB
2026/08/14 02:15:01.804, NVIDIA H200, 25, 0 %, 0 %, 142263 MiB, 143771 MiB
2026/08/14 02:15:04.805, NVIDIA H200, 25, 0 %, 0 %, 142263 MiB, 143771 MiB
2026/08/14 02:15:07.805, NVIDIA H200, 25, 0 %, 0 %, 142263 MiB, 143771 MiB
2026/08/14 02:15:10.806, NVIDIA H200, 25, 0 %, 0 %, 142263 MiB, 143771 MiB
2026/08/14 02:15:13.807, NVIDIA H200, 25, 0 %, 0 %, 142263 MiB, 143771 MiB
2026/08/14 02:15:16.807, NVIDIA H200, 25, 0 %, 0 %, 142263 MiB, 143771 MiB
2026/08/14 02:15:19.808, NVIDIA H200, 25, 0 %, 0 %, 142263 MiB, 143771 MiB
2026/08/14 02:15:22.808, NVIDIA H200, 25, 0 %, 0 %, 142263 MiB, 143771 MiB
2026/08/14 02:15:25.809, NVIDIA H200, 25, 0 %, 0 %, 142263 MiB, 143771 MiB
2026/08/14 02:15:28.809, NVIDIA H200, 25, 0 %, 0 %, 142263 MiB, 143771 MiB
2026/08/14 02:15:31.809, NVIDIA H200, 25, 0 %, 0 %, 142263 MiB, 143771 MiB
2026/08/14 02:15:34.810, NVIDIA H200, 25, 0 %, 0 %, 142263 MiB, 143771 MiB
2026/08/14 02:15:37.811, NVIDIA H200, 25, 0 %, 0 %, 142263 MiB, 143771 MiB
2026/08/14 02:15:40.811, NVIDIA H200, 25, 0 %, 0 %, 142263 MiB, 143771 MiB
2026/08/14 02:15:43.812, NVIDIA H200, 25, 0 %, 0 %, 142263 MiB, 143771 MiB
2026/08/14 02:15:46.812, NVIDIA H200, 25, 0 %, 0 %, 142263 MiB, 143771 MiB
2026/08/14 02:15:49.812, NVIDIA H200, 25, 0 %, 0 %, 142263 MiB, 143771 MiB
2026/08/14 02:15:52.813, NVIDIA H200, 25, 0 %, 0 %, 142263 MiB, 143771 MiB
2026/08/14 02:15:55.814, NVIDIA H200, 25, 0 %, 0 %, 142263 MiB, 143771 MiB
2026/08/14 02:15:58.814, NVIDIA H200, 25, 0 %, 0 %, 142263 MiB, 143771 MiB
2026/08/14 02:16:01.815, NVIDIA H200, 25, 0 %, 0 %, 142263 MiB, 143771 MiB
2026/08/14 02:16:04.816, NVIDIA H200, 25, 0 %, 0 %, 142263 MiB, 143771 MiB
2026/08/14 02:16:07.816, NVIDIA H200, 25, 0 %, 0 %, 142263 MiB, 143771 MiB
2026/08/14 02:16:10.817, NVIDIA H200, 25, 0 %, 0 %, 142263 MiB, 143771 MiB
2026/08/14 02:16:13.817, NVIDIA H200, 25, 0 %, 0 %, 142263 MiB, 143771 MiB
2026/08/14 02:16:16.818, NVIDIA H200, 25, 0 %, 0 %, 142263 MiB, 143771 MiB
2026/08/14 02:16:19.818, NVIDIA H200, 25, 0 %, 0 %, 142263 MiB, 143771 MiB
2026/08/14 02:16:22.819, NVIDIA H200, 25, 0 %, 0 %, 142263 MiB, 143771 MiB
2026/08/14 02:16:25.820, NVIDIA H200, 25, 0 %, 0 %, 142263 MiB, 143771 MiB
2026/08/14 02:16:28.820, NVIDIA H200, 25, 0 %, 0 %, 142263 MiB, 143771 MiB
2026/08/14 02:16:31.820, NVIDIA H200, 25, 0 %, 0 %, 142263 MiB, 143771 MiB
2026/08/14 02:16:34.821, NVIDIA H200, 25, 0 %, 0 %, 142263 MiB, 143771 MiB
2026/08/14 02:16:37.821, NVIDIA H200, 25, 0 %, 0 %, 142263 MiB, 143771 MiB
2026/08/14 02:16:40.822, NVIDIA H200, 25, 0 %, 0 %, 142263 MiB, 143771 MiB
2026/08/14 02:16:43.822, NVIDIA H200, 25, 0 %, 0 %, 142263 MiB, 143771 MiB
2026/08/14 02:16:46.823, NVIDIA H200, 25, 0 %, 0 %, 142263 MiB, 143771 MiB
2026/08/14 02:16:49.823, NVIDIA H200, 25, 0 %, 0 %, 142263 MiB, 143771 MiB
2026/08/14 02:16:52.824, NVIDIA H200, 25, 0 %, 0 %, 142263 MiB, 143771 MiB
2026/08/14 02:16:55.824, NVIDIA H200, 25, 0 %, 0 %, 142263 MiB, 143771 MiB
2026/08/14 02:16:58.825, NVIDIA H200, 25, 0 %, 0 %, 142263 MiB, 143771 MiB
2026/08/14 02:17:01.826, NVIDIA H200, 25, 0 %, 0 %, 142263 MiB, 143771 MiB
2026/08/14 02:17:04.827, NVIDIA H200, 25, 0 %, 0 %, 142263 MiB, 143771 MiB
2026/08/14 02:17:07.827, NVIDIA H200, 25, 0 %, 0 %, 142263 MiB, 143771 MiB
2026/08/14 02:17:10.828, NVIDIA H200, 25, 0 %, 0 %, 142263 MiB, 143771 MiB
2026/08/14 02:17:13.828, NVIDIA H200, 25, 0 %, 0 %, 142263 MiB, 143771 MiB
2026/08/14 02:17:16.828, NVIDIA H200, 25, 0 %, 0 %, 142263 MiB, 143771 MiB
2026/08/14 02:17:19.829, NVIDIA H200, 25, 0 %, 0 %, 142263 MiB, 143771 MiB
2026/08/14 02:17:22.830, NVIDIA H200, 25, 0 %, 0 %, 142263 MiB, 143771 MiB
2026/08/14 02:17:25.831, NVIDIA H200, 25, 0 %, 0 %, 142263 MiB, 143771 MiB
2026/08/14 02:17:28.831, NVIDIA H200, 25, 0 %, 0 %, 142263 MiB, 143771 MiB
2026/08/14 02:17:31.832, NVIDIA H200, 25, 0 %, 0 %, 142263 MiB, 143771 MiB
2026/08/14 02:17:34.832, NVIDIA H200, 25, 0 %, 0 %, 142263 MiB, 143771 MiB
2026/08/14 02:17:37.833, NVIDIA H200, 25, 0 %, 0 %, 142263 MiB, 143771 MiB
2026/08/14 02:17:40.834, NVIDIA H200, 25, 0 %, 0 %, 142263 MiB, 143771 MiB
2026/08/14 02:17:43.834, NVIDIA H200, 25, 0 %, 0 %, 142263 MiB, 143771 MiB
2026/08/14 02:17:46.835, NVIDIA H200, 25, 0 %, 0 %, 142263 MiB, 143771 MiB
2026/08/14 02:17:49.836, NVIDIA H200, 25, 0 %, 0 %, 142263 MiB, 143771 MiB
2026/08/14 02:17:52.836, NVIDIA H200, 25, 0 %, 0 %, 142263 MiB, 143771 MiB
2026/08/14 02:17:55.836, NVIDIA H200, 25, 0 %, 0 %, 142263 MiB, 143771 MiB
2026/08/14 02:17:58.837, NVIDIA H200, 25, 0 %, 0 %, 142263 MiB, 143771 MiB
2026/08/14 02:18:01.838, NVIDIA H200, 25, 0 %, 0 %, 142263 MiB, 143771 MiB
2026/08/14 02:18:04.838, NVIDIA H200, 25, 0 %, 0 %, 142263 MiB, 143771 MiB
2026/08/14 02:18:07.839, NVIDIA H200, 25, 0 %, 0 %, 142263 MiB, 143771 MiB
2026/08/14 02:18:10.839, NVIDIA H200, 25, 0 %, 0 %, 142263 MiB, 143771 MiB
2026/08/14 02:18:13.840, NVIDIA H200, 25, 0 %, 0 %, 142263 MiB, 143771 MiB
2026/08/14 02:18:16.841, NVIDIA H200, 25, 0 %, 0 %, 142263 MiB, 143771 MiB
2026/08/14 02:18:19.841, NVIDIA H200, 25, 0 %, 0 %, 142263 MiB, 143771 MiB
2026/08/14 02:18:22.842, NVIDIA H200, 25, 0 %, 0 %, 142263 MiB, 143771 MiB
2026/08/14 02:18:25.843, NVIDIA H200, 25, 0 %, 0 %, 142263 MiB, 143771 MiB
2026/08/14 02:18:28.843, NVIDIA H200, 25, 0 %, 0 %, 142263 MiB, 143771 MiB
2026/08/14 02:18:31.844, NVIDIA H200, 25, 0 %, 0 %, 142263 MiB, 143771 MiB
2026/08/14 02:18:34.844, NVIDIA H200, 25, 0 %, 0 %, 142263 MiB, 143771 MiB
2026/08/14 02:18:37.845, NVIDIA H200, 25, 0 %, 0 %, 142263 MiB, 143771 MiB
2026/08/14 02:18:40.845, NVIDIA H200, 25, 0 %, 0 %, 142263 MiB, 143771 MiB
2026/08/14 02:18:43.846, NVIDIA H200, 25, 0 %, 0 %, 142263 MiB, 143771 MiB
2026/08/14 02:18:46.847, NVIDIA H200, 25, 0 %, 0 %, 142263 MiB, 143771 MiB
2026/08/14 02:18:49.847, NVIDIA H200, 25, 0 %, 0 %, 142263 MiB, 143771 MiB
2026/08/14 02:18:52.848, NVIDIA H200, 25, 0 %, 0 %, 142263 MiB, 143771 MiB
2026/08/14 02:18:55.848, NVIDIA H200, 25, 0 %, 0 %, 142263 MiB, 143771 MiB
2026/08/14 02:18:58.849, NVIDIA H200, 25, 0 %, 0 %, 142263 MiB, 143771 MiB
2026/08/14 02:19:01.849, NVIDIA H200, 41, 100 %, 57 %, 142263 MiB, 143771 MiB
2026/08/14 02:19:04.850, NVIDIA H200, 44, 98 %, 62 %, 142263 MiB, 143771 MiB
2026/08/14 02:19:07.850, NVIDIA H200, 53, 100 %, 50 %, 142263 MiB, 143771 MiB
2026/08/14 02:19:10.851, NVIDIA H200, 53, 100 %, 56 %, 142263 MiB, 143771 MiB
2026/08/14 02:19:13.851, NVIDIA H200, 54, 100 %, 54 %, 142263 MiB, 143771 MiB
2026/08/14 02:19:16.851, NVIDIA H200, 55, 100 %, 51 %, 142263 MiB, 143771 MiB
2026/08/14 02:19:19.852, NVIDIA H200, 55, 100 %, 48 %, 142263 MiB, 143771 MiB
2026/08/14 02:19:22.852, NVIDIA H200, 56, 100 %, 37 %, 142263 MiB, 143771 MiB
2026/08/14 02:19:25.853, NVIDIA H200, 56, 100 %, 58 %, 142263 MiB, 143771 MiB
2026/08/14 02:19:28.854, NVIDIA H200, 58, 100 %, 44 %, 142263 MiB, 143771 MiB
2026/08/14 02:19:31.854, NVIDIA H200, 54, 100 %, 53 %, 142263 MiB, 143771 MiB
2026/08/14 02:19:34.855, NVIDIA H200, 55, 100 %, 53 %, 142263 MiB, 143771 MiB
2026/08/14 02:19:37.855, NVIDIA H200, 56, 99 %, 54 %, 142263 MiB, 143771 MiB
2026/08/14 02:19:40.856, NVIDIA H200, 55, 100 %, 49 %, 142263 MiB, 143771 MiB
2026/08/14 02:19:43.856, NVIDIA H200, 57, 100 %, 24 %, 142263 MiB, 143771 MiB
2026/08/14 02:19:46.857, NVIDIA H200, 57, 98 %, 34 %, 142263 MiB, 143771 MiB
2026/08/14 02:19:49.857, NVIDIA H200, 60, 100 %, 47 %, 142263 MiB, 143771 MiB
2026/08/14 02:19:52.858, NVIDIA H200, 54, 100 %, 54 %, 142263 MiB, 143771 MiB
2026/08/14 02:19:55.858, NVIDIA H200, 56, 100 %, 47 %, 142263 MiB, 143771 MiB
2026/08/14 02:19:58.859, NVIDIA H200, 55, 98 %, 63 %, 142263 MiB, 143771 MiB
2026/08/14 02:20:01.860, NVIDIA H200, 55, 100 %, 56 %, 142263 MiB, 143771 MiB
2026/08/14 02:20:04.860, NVIDIA H200, 56, 100 %, 44 %, 142263 MiB, 143771 MiB
2026/08/14 02:20:07.861, NVIDIA H200, 59, 99 %, 47 %, 142263 MiB, 143771 MiB
2026/08/14 02:20:10.861, NVIDIA H200, 58, 100 %, 50 %, 142263 MiB, 143771 MiB
2026/08/14 02:20:13.862, NVIDIA H200, 56, 100 %, 56 %, 142263 MiB, 143771 MiB
2026/08/14 02:20:16.862, NVIDIA H200, 57, 100 %, 42 %, 142263 MiB, 143771 MiB
2026/08/14 02:20:19.863, NVIDIA H200, 54, 100 %, 54 %, 142263 MiB, 143771 MiB
2026/08/14 02:20:22.863, NVIDIA H200, 57, 100 %, 54 %, 142263 MiB, 143771 MiB
2026/08/14 02:20:25.864, NVIDIA H200, 58, 100 %, 53 %, 142263 MiB, 143771 MiB
2026/08/14 02:20:28.864, NVIDIA H200, 55, 100 %, 48 %, 142263 MiB, 143771 MiB
2026/08/14 02:20:31.865, NVIDIA H200, 57, 100 %, 21 %, 142263 MiB, 143771 MiB
2026/08/14 02:20:34.865, NVIDIA H200, 55, 60 %, 6 %, 142263 MiB, 143771 MiB
2026/08/14 02:20:37.866, NVIDIA H200, 50, 100 %, 23 %, 81725 MiB, 143771 MiB
2026/08/14 02:20:40.866, NVIDIA H200, 47, 100 %, 5 %, 81735 MiB, 143771 MiB
2026/08/14 02:20:43.867, NVIDIA H200, 46, 100 %, 16 %, 77587 MiB, 143771 MiB
2026/08/14 02:20:46.867, NVIDIA H200, 36, 100 %, 1 %, 77587 MiB, 143771 MiB
2026/08/14 02:20:49.867, NVIDIA H200, 48, 100 %, 16 %, 61973 MiB, 143771 MiB
2026/08/14 02:20:52.868, NVIDIA H200, 44, 57 %, 8 %, 42969 MiB, 143771 MiB
2026/08/14 02:20:55.868, NVIDIA H200, 45, 100 %, 2 %, 33269 MiB, 143771 MiB
2026/08/14 02:20:58.869, NVIDIA H200, 33, 100 %, 0 %, 33269 MiB, 143771 MiB
2026/08/14 02:21:01.869, NVIDIA H200, 28, 0 %, 0 %, 20685 MiB, 143771 MiB
2026/08/14 02:21:04.870, NVIDIA H200, 47, 100 %, 45 %, 51291 MiB, 143771 MiB
2026/08/14 02:21:07.870, NVIDIA H200, 37, 65 %, 34 %, 51291 MiB, 143771 MiB
2026/08/14 02:21:10.871, NVIDIA H200, 29, 0 %, 0 %, 51291 MiB, 143771 MiB
2026/08/14 02:21:13.871, NVIDIA H200, 27, 0 %, 0 %, 51291 MiB, 143771 MiB
2026/08/14 02:21:16.872, NVIDIA H200, 48, 100 %, 44 %, 142691 MiB, 143771 MiB
2026/08/14 02:21:19.873, NVIDIA H200, 46, 100 %, 55 %, 142691 MiB, 143771 MiB
2026/08/14 02:21:22.873, NVIDIA H200, 59, 100 %, 49 %, 142691 MiB, 143771 MiB
2026/08/14 02:21:25.874, NVIDIA H200, 53, 100 %, 53 %, 142691 MiB, 143771 MiB
2026/08/14 02:21:28.875, NVIDIA H200, 56, 100 %, 44 %, 142691 MiB, 143771 MiB
2026/08/14 02:21:31.875, NVIDIA H200, 54, 98 %, 58 %, 142691 MiB, 143771 MiB
2026/08/14 02:21:34.875, NVIDIA H200, 55, 100 %, 46 %, 142691 MiB, 143771 MiB
2026/08/14 02:21:37.876, NVIDIA H200, 56, 100 %, 23 %, 142691 MiB, 143771 MiB
2026/08/14 02:21:40.876, NVIDIA H200, 57, 100 %, 46 %, 142691 MiB, 143771 MiB
2026/08/14 02:21:43.876, NVIDIA H200, 57, 100 %, 41 %, 142691 MiB, 143771 MiB
2026/08/14 02:21:46.877, NVIDIA H200, 57, 100 %, 53 %, 142691 MiB, 143771 MiB
2026/08/14 02:21:49.877, NVIDIA H200, 60, 100 %, 46 %, 142691 MiB, 143771 MiB
2026/08/14 02:21:52.878, NVIDIA H200, 54, 98 %, 59 %, 142691 MiB, 143771 MiB
2026/08/14 02:21:55.878, NVIDIA H200, 55, 100 %, 50 %, 142691 MiB, 143771 MiB
2026/08/14 02:21:58.879, NVIDIA H200, 56, 100 %, 44 %, 142691 MiB, 143771 MiB
2026/08/14 02:22:01.879, NVIDIA H200, 51, 99 %, 46 %, 142691 MiB, 143771 MiB
2026/08/14 02:22:04.880, NVIDIA H200, 57, 100 %, 47 %, 142691 MiB, 143771 MiB
2026/08/14 02:22:07.880, NVIDIA H200, 59, 100 %, 58 %, 142691 MiB, 143771 MiB
2026/08/14 02:22:10.880, NVIDIA H200, 60, 100 %, 44 %, 142691 MiB, 143771 MiB
2026/08/14 02:22:13.881, NVIDIA H200, 58, 100 %, 50 %, 142691 MiB, 143771 MiB
2026/08/14 02:22:16.882, NVIDIA H200, 58, 100 %, 46 %, 142691 MiB, 143771 MiB
2026/08/14 02:22:19.882, NVIDIA H200, 56, 98 %, 55 %, 142691 MiB, 143771 MiB
2026/08/14 02:22:22.882, NVIDIA H200, 58, 100 %, 56 %, 142691 MiB, 143771 MiB
2026/08/14 02:22:25.883, NVIDIA H200, 58, 100 %, 47 %, 142691 MiB, 143771 MiB
2026/08/14 02:22:28.883, NVIDIA H200, 55, 97 %, 45 %, 142691 MiB, 143771 MiB
2026/08/14 02:22:31.884, NVIDIA H200, 58, 100 %, 65 %, 142691 MiB, 143771 MiB
2026/08/14 02:22:34.884, NVIDIA H200, 57, 100 %, 52 %, 142691 MiB, 143771 MiB
2026/08/14 02:22:37.884, NVIDIA H200, 61, 100 %, 50 %, 142691 MiB, 143771 MiB
2026/08/14 02:22:40.884, NVIDIA H200, 55, 99 %, 50 %, 142691 MiB, 143771 MiB
2026/08/14 02:22:43.885, NVIDIA H200, 56, 100 %, 57 %, 142691 MiB, 143771 MiB
2026/08/14 02:22:46.885, NVIDIA H200, 56, 100 %, 45 %, 142691 MiB, 143771 MiB
2026/08/14 02:22:49.886, NVIDIA H200, 31, 0 %, 0 %, 142691 MiB, 143771 MiB
2026/08/14 02:22:52.886, NVIDIA H200, 50, 100 %, 52 %, 142691 MiB, 143771 MiB
2026/08/14 02:22:55.887, NVIDIA H200, 52, 99 %, 44 %, 142691 MiB, 143771 MiB
2026/08/14 02:22:58.887, NVIDIA H200, 29, 0 %, 0 %, 142691 MiB, 143771 MiB
2026/08/14 02:23:01.888, NVIDIA H200, 27, 0 %, 0 %, 142691 MiB, 143771 MiB
2026/08/14 02:23:04.888, NVIDIA H200, 45, 78 %, 22 %, 142691 MiB, 143771 MiB
2026/08/14 02:23:07.889, NVIDIA H200, 50, 100 %, 47 %, 142691 MiB, 143771 MiB
2026/08/14 02:23:10.889, NVIDIA H200, 55, 100 %, 58 %, 142691 MiB, 143771 MiB
2026/08/14 02:23:13.889, NVIDIA H200, 56, 100 %, 48 %, 142691 MiB, 143771 MiB
2026/08/14 02:23:16.890, NVIDIA H200, 59, 98 %, 42 %, 142691 MiB, 143771 MiB
2026/08/14 02:23:19.890, NVIDIA H200, 58, 100 %, 59 %, 142691 MiB, 143771 MiB
2026/08/14 02:23:22.891, NVIDIA H200, 57, 100 %, 56 %, 142691 MiB, 143771 MiB
2026/08/14 02:23:25.891, NVIDIA H200, 58, 100 %, 53 %, 142691 MiB, 143771 MiB
2026/08/14 02:23:28.892, NVIDIA H200, 56, 100 %, 57 %, 142691 MiB, 143771 MiB
2026/08/14 02:23:31.892, NVIDIA H200, 57, 100 %, 49 %, 142691 MiB, 143771 MiB
2026/08/14 02:23:34.893, NVIDIA H200, 58, 100 %, 49 %, 142691 MiB, 143771 MiB
2026/08/14 02:23:37.893, NVIDIA H200, 56, 100 %, 48 %, 142691 MiB, 143771 MiB
2026/08/14 02:23:40.894, NVIDIA H200, 58, 100 %, 25 %, 142691 MiB, 143771 MiB
2026/08/14 02:23:43.894, NVIDIA H200, 57, 100 %, 41 %, 142691 MiB, 143771 MiB
2026/08/14 02:23:46.895, NVIDIA H200, 61, 100 %, 39 %, 142691 MiB, 143771 MiB
2026/08/14 02:23:49.895, NVIDIA H200, 55, 100 %, 61 %, 142691 MiB, 143771 MiB
2026/08/14 02:23:52.896, NVIDIA H200, 56, 100 %, 48 %, 142691 MiB, 143771 MiB
2026/08/14 02:23:55.896, NVIDIA H200, 56, 98 %, 62 %, 142691 MiB, 143771 MiB
2026/08/14 02:23:58.897, NVIDIA H200, 54, 100 %, 57 %, 142691 MiB, 143771 MiB
2026/08/14 02:24:01.898, NVIDIA H200, 56, 100 %, 51 %, 142691 MiB, 143771 MiB
2026/08/14 02:24:04.898, NVIDIA H200, 59, 99 %, 41 %, 142691 MiB, 143771 MiB
2026/08/14 02:24:07.899, NVIDIA H200, 59, 100 %, 50 %, 142691 MiB, 143771 MiB
2026/08/14 02:24:10.899, NVIDIA H200, 58, 100 %, 56 %, 142691 MiB, 143771 MiB
2026/08/14 02:24:13.900, NVIDIA H200, 58, 100 %, 46 %, 142691 MiB, 143771 MiB
2026/08/14 02:24:16.901, NVIDIA H200, 55, 100 %, 52 %, 142691 MiB, 143771 MiB
2026/08/14 02:24:19.901, NVIDIA H200, 56, 100 %, 54 %, 142691 MiB, 143771 MiB
2026/08/14 02:24:22.902, NVIDIA H200, 58, 99 %, 54 %, 142691 MiB, 143771 MiB
2026/08/14 02:24:25.902, NVIDIA H200, 56, 100 %, 48 %, 142691 MiB, 143771 MiB
2026/08/14 02:24:28.903, NVIDIA H200, 58, 100 %, 23 %, 142691 MiB, 143771 MiB
2026/08/14 02:24:31.903, NVIDIA H200, 58, 100 %, 35 %, 142691 MiB, 143771 MiB
2026/08/14 02:24:34.903, NVIDIA H200, 61, 100 %, 42 %, 142691 MiB, 143771 MiB
2026/08/14 02:24:37.904, NVIDIA H200, 31, 0 %, 0 %, 142691 MiB, 143771 MiB
2026/08/14 02:24:40.904, NVIDIA H200, 41, 0 %, 0 %, 142691 MiB, 143771 MiB
2026/08/14 02:24:43.905, NVIDIA H200, 50, 100 %, 54 %, 142691 MiB, 143771 MiB
2026/08/14 02:24:46.906, NVIDIA H200, 29, 0 %, 0 %, 142691 MiB, 143771 MiB
2026/08/14 02:24:49.906, NVIDIA H200, 51, 100 %, 54 %, 142691 MiB, 143771 MiB
2026/08/14 02:24:52.906, NVIDIA H200, 55, 100 %, 45 %, 142691 MiB, 143771 MiB
2026/08/14 02:24:55.907, NVIDIA H200, 53, 100 %, 59 %, 142691 MiB, 143771 MiB
2026/08/14 02:24:58.907, NVIDIA H200, 58, 100 %, 54 %, 142691 MiB, 143771 MiB
2026/08/14 02:25:01.908, NVIDIA H200, 56, 99 %, 58 %, 142691 MiB, 143771 MiB
2026/08/14 02:25:04.908, NVIDIA H200, 56, 100 %, 49 %, 142691 MiB, 143771 MiB
2026/08/14 02:25:07.909, NVIDIA H200, 57, 100 %, 48 %, 142691 MiB, 143771 MiB
2026/08/14 02:25:10.909, NVIDIA H200, 56, 100 %, 50 %, 142691 MiB, 143771 MiB
2026/08/14 02:25:13.910, NVIDIA H200, 57, 100 %, 31 %, 142691 MiB, 143771 MiB
2026/08/14 02:25:16.910, NVIDIA H200, 57, 100 %, 46 %, 142691 MiB, 143771 MiB
2026/08/14 02:25:19.911, NVIDIA H200, 59, 100 %, 41 %, 142691 MiB, 143771 MiB
2026/08/14 02:25:22.912, NVIDIA H200, 54, 100 %, 57 %, 142691 MiB, 143771 MiB
2026/08/14 02:25:25.912, NVIDIA H200, 56, 100 %, 48 %, 142691 MiB, 143771 MiB
2026/08/14 02:25:28.912, NVIDIA H200, 56, 99 %, 63 %, 142691 MiB, 143771 MiB
2026/08/14 02:25:31.913, NVIDIA H200, 53, 100 %, 58 %, 142691 MiB, 143771 MiB
2026/08/14 02:25:34.913, NVIDIA H200, 57, 100 %, 48 %, 142691 MiB, 143771 MiB
2026/08/14 02:25:37.914, NVIDIA H200, 59, 98 %, 41 %, 142691 MiB, 143771 MiB
2026/08/14 02:25:40.914, NVIDIA H200, 59, 100 %, 50 %, 142691 MiB, 143771 MiB
2026/08/14 02:25:43.915, NVIDIA H200, 58, 100 %, 56 %, 142691 MiB, 143771 MiB
2026/08/14 02:25:46.915, NVIDIA H200, 57, 100 %, 43 %, 142691 MiB, 143771 MiB
2026/08/14 02:25:49.915, NVIDIA H200, 55, 100 %, 52 %, 142691 MiB, 143771 MiB
2026/08/14 02:25:52.916, NVIDIA H200, 55, 100 %, 56 %, 142691 MiB, 143771 MiB
2026/08/14 02:25:55.917, NVIDIA H200, 57, 98 %, 54 %, 142691 MiB, 143771 MiB
2026/08/14 02:25:58.917, NVIDIA H200, 54, 100 %, 49 %, 142691 MiB, 143771 MiB
2026/08/14 02:26:01.918, NVIDIA H200, 57, 100 %, 50 %, 142691 MiB, 143771 MiB
2026/08/14 02:26:04.918, NVIDIA H200, 59, 100 %, 57 %, 142691 MiB, 143771 MiB
2026/08/14 02:26:07.919, NVIDIA H200, 61, 100 %, 48 %, 142691 MiB, 143771 MiB
2026/08/14 02:26:10.919, NVIDIA H200, 55, 100 %, 56 %, 142691 MiB, 143771 MiB
2026/08/14 02:26:13.919, NVIDIA H200, 57, 100 %, 50 %, 142691 MiB, 143771 MiB
2026/08/14 02:26:16.920, NVIDIA H200, 55, 100 %, 46 %, 142691 MiB, 143771 MiB
2026/08/14 02:26:19.920, NVIDIA H200, 56, 100 %, 49 %, 142691 MiB, 143771 MiB
2026/08/14 02:26:22.921, NVIDIA H200, 33, 0 %, 0 %, 142691 MiB, 143771 MiB
2026/08/14 02:26:25.921, NVIDIA H200, 29, 0 %, 0 %, 142691 MiB, 143771 MiB
2026/08/14 02:26:28.922, NVIDIA H200, 47, 99 %, 48 %, 142691 MiB, 143771 MiB
2026/08/14 02:26:31.922, NVIDIA H200, 31, 0 %, 0 %, 142691 MiB, 143771 MiB
2026/08/14 02:26:34.923, NVIDIA H200, 28, 0 %, 0 %, 142691 MiB, 143771 MiB
2026/08/14 02:26:37.924, NVIDIA H200, 49, 100 %, 54 %, 142691 MiB, 143771 MiB
2026/08/14 02:26:40.924, NVIDIA H200, 53, 100 %, 48 %, 142691 MiB, 143771 MiB
2026/08/14 02:26:43.925, NVIDIA H200, 54, 100 %, 53 %, 142691 MiB, 143771 MiB
2026/08/14 02:26:46.925, NVIDIA H200, 55, 100 %, 49 %, 142691 MiB, 143771 MiB
2026/08/14 02:26:49.926, NVIDIA H200, 55, 100 %, 51 %, 142691 MiB, 143771 MiB
2026/08/14 02:26:52.926, NVIDIA H200, 55, 100 %, 30 %, 142691 MiB, 143771 MiB
2026/08/14 02:26:55.927, NVIDIA H200, 58, 100 %, 45 %, 142691 MiB, 143771 MiB
2026/08/14 02:26:58.927, NVIDIA H200, 58, 100 %, 42 %, 142691 MiB, 143771 MiB
2026/08/14 02:27:01.928, NVIDIA H200, 58, 100 %, 58 %, 142691 MiB, 143771 MiB
2026/08/14 02:27:04.929, NVIDIA H200, 59, 100 %, 49 %, 142691 MiB, 143771 MiB
2026/08/14 02:27:07.929, NVIDIA H200, 58, 98 %, 62 %, 142691 MiB, 143771 MiB
2026/08/14 02:27:10.929, NVIDIA H200, 59, 100 %, 57 %, 142691 MiB, 143771 MiB
2026/08/14 02:27:13.930, NVIDIA H200, 56, 100 %, 48 %, 142691 MiB, 143771 MiB
2026/08/14 02:27:16.930, NVIDIA H200, 57, 99 %, 43 %, 142691 MiB, 143771 MiB
2026/08/14 02:27:19.932, NVIDIA H200, 57, 100 %, 50 %, 142691 MiB, 143771 MiB
2026/08/14 02:27:22.932, NVIDIA H200, 56, 100 %, 56 %, 142691 MiB, 143771 MiB
2026/08/14 02:27:25.933, NVIDIA H200, 57, 100 %, 44 %, 142691 MiB, 143771 MiB
2026/08/14 02:27:28.933, NVIDIA H200, 57, 100 %, 51 %, 142691 MiB, 143771 MiB
2026/08/14 02:27:31.934, NVIDIA H200, 57, 100 %, 54 %, 142691 MiB, 143771 MiB
2026/08/14 02:27:34.934, NVIDIA H200, 55, 99 %, 54 %, 142691 MiB, 143771 MiB
2026/08/14 02:27:37.934, NVIDIA H200, 56, 100 %, 47 %, 142691 MiB, 143771 MiB
2026/08/14 02:27:40.935, NVIDIA H200, 56, 100 %, 23 %, 142691 MiB, 143771 MiB
2026/08/14 02:27:43.935, NVIDIA H200, 56, 98 %, 34 %, 142691 MiB, 143771 MiB
2026/08/14 02:27:46.936, NVIDIA H200, 57, 100 %, 47 %, 142691 MiB, 143771 MiB
2026/08/14 02:27:49.936, NVIDIA H200, 57, 100 %, 52 %, 142691 MiB, 143771 MiB
2026/08/14 02:27:52.937, NVIDIA H200, 60, 100 %, 45 %, 142691 MiB, 143771 MiB
2026/08/14 02:27:55.937, NVIDIA H200, 54, 98 %, 58 %, 142691 MiB, 143771 MiB
2026/08/14 02:27:58.937, NVIDIA H200, 55, 100 %, 48 %, 142691 MiB, 143771 MiB
2026/08/14 02:28:01.938, NVIDIA H200, 57, 100 %, 44 %, 142691 MiB, 143771 MiB
2026/08/14 02:28:04.938, NVIDIA H200, 52, 100 %, 47 %, 142691 MiB, 143771 MiB
2026/08/14 02:28:07.939, NVIDIA H200, 56, 100 %, 50 %, 142691 MiB, 143771 MiB
2026/08/14 02:28:10.939, NVIDIA H200, 31, 0 %, 0 %, 142691 MiB, 143771 MiB
2026/08/14 02:28:13.940, NVIDIA H200, 29, 0 %, 0 %, 142691 MiB, 143771 MiB
2026/08/14 02:28:16.940, NVIDIA H200, 54, 100 %, 44 %, 142691 MiB, 143771 MiB
2026/08/14 02:28:19.941, NVIDIA H200, 28, 0 %, 0 %, 142691 MiB, 143771 MiB
2026/08/14 02:28:22.941, NVIDIA H200, 27, 0 %, 0 %, 142691 MiB, 143771 MiB
2026/08/14 02:28:25.942, NVIDIA H200, 27, 0 %, 0 %, 142691 MiB, 143771 MiB
2026/08/14 02:28:28.942, NVIDIA H200, 27, 0 %, 0 %, 142691 MiB, 143771 MiB
2026/08/14 02:28:31.942, NVIDIA H200, 48, 100 %, 45 %, 142691 MiB, 143771 MiB
2026/08/14 02:28:34.943, NVIDIA H200, 52, 100 %, 38 %, 142691 MiB, 143771 MiB
2026/08/14 02:28:37.943, NVIDIA H200, 54, 100 %, 49 %, 142691 MiB, 143771 MiB
2026/08/14 02:28:40.943, NVIDIA H200, 55, 100 %, 32 %, 142691 MiB, 143771 MiB
2026/08/14 02:28:43.944, NVIDIA H200, 57, 100 %, 43 %, 142691 MiB, 143771 MiB
2026/08/14 02:28:46.944, NVIDIA H200, 57, 100 %, 40 %, 142691 MiB, 143771 MiB
2026/08/14 02:28:49.945, NVIDIA H200, 56, 100 %, 61 %, 142691 MiB, 143771 MiB
2026/08/14 02:28:52.945, NVIDIA H200, 59, 100 %, 48 %, 142691 MiB, 143771 MiB
2026/08/14 02:28:55.946, NVIDIA H200, 54, 98 %, 68 %, 142691 MiB, 143771 MiB
2026/08/14 02:28:58.946, NVIDIA H200, 56, 100 %, 57 %, 142691 MiB, 143771 MiB
2026/08/14 02:29:01.947, NVIDIA H200, 57, 100 %, 51 %, 142691 MiB, 143771 MiB
2026/08/14 02:29:04.947, NVIDIA H200, 53, 98 %, 42 %, 142691 MiB, 143771 MiB
2026/08/14 02:29:07.947, NVIDIA H200, 57, 100 %, 51 %, 142691 MiB, 143771 MiB
2026/08/14 02:29:10.948, NVIDIA H200, 58, 100 %, 55 %, 142691 MiB, 143771 MiB
2026/08/14 02:29:13.948, NVIDIA H200, 61, 100 %, 44 %, 142691 MiB, 143771 MiB
2026/08/14 02:29:16.949, NVIDIA H200, 56, 100 %, 52 %, 142691 MiB, 143771 MiB
2026/08/14 02:29:19.949, NVIDIA H200, 57, 100 %, 54 %, 142691 MiB, 143771 MiB
2026/08/14 02:29:22.950, NVIDIA H200, 55, 99 %, 54 %, 142691 MiB, 143771 MiB
2026/08/14 02:29:25.950, NVIDIA H200, 56, 100 %, 48 %, 142691 MiB, 143771 MiB
2026/08/14 02:29:28.951, NVIDIA H200, 57, 100 %, 29 %, 142691 MiB, 143771 MiB
2026/08/14 02:29:31.951, NVIDIA H200, 56, 99 %, 37 %, 142691 MiB, 143771 MiB
2026/08/14 02:29:34.951, NVIDIA H200, 57, 100 %, 51 %, 142691 MiB, 143771 MiB
2026/08/14 02:29:37.952, NVIDIA H200, 57, 100 %, 52 %, 142691 MiB, 143771 MiB
2026/08/14 02:29:40.952, NVIDIA H200, 60, 100 %, 47 %, 142691 MiB, 143771 MiB
2026/08/14 02:29:43.952, NVIDIA H200, 55, 98 %, 55 %, 142691 MiB, 143771 MiB
2026/08/14 02:29:46.953, NVIDIA H200, 55, 100 %, 47 %, 142691 MiB, 143771 MiB
2026/08/14 02:29:49.954, NVIDIA H200, 56, 100 %, 44 %, 142691 MiB, 143771 MiB
2026/08/14 02:29:52.954, NVIDIA H200, 52, 100 %, 46 %, 142691 MiB, 143771 MiB
2026/08/14 02:29:55.954, NVIDIA H200, 57, 100 %, 33 %, 142691 MiB, 143771 MiB
2026/08/14 02:29:58.955, NVIDIA H200, 59, 100 %, 55 %, 142691 MiB, 143771 MiB
2026/08/14 02:30:01.955, NVIDIA H200, 59, 100 %, 48 %, 142691 MiB, 143771 MiB
2026/08/14 02:30:04.955, NVIDIA H200, 31, 0 %, 0 %, 142691 MiB, 143771 MiB
2026/08/14 02:30:07.956, NVIDIA H200, 42, 99 %, 56 %, 142691 MiB, 143771 MiB
2026/08/14 02:30:10.956, NVIDIA H200, 35, 0 %, 0 %, 142691 MiB, 143771 MiB
2026/08/14 02:30:13.957, NVIDIA H200, 28, 0 %, 0 %, 142691 MiB, 143771 MiB
2026/08/14 02:30:16.957, NVIDIA H200, 54, 100 %, 49 %, 142691 MiB, 143771 MiB
2026/08/14 02:30:19.958, NVIDIA H200, 55, 100 %, 51 %, 142691 MiB, 143771 MiB
2026/08/14 02:30:22.958, NVIDIA H200, 57, 100 %, 37 %, 142691 MiB, 143771 MiB
2026/08/14 02:30:25.959, NVIDIA H200, 58, 100 %, 58 %, 142691 MiB, 143771 MiB
2026/08/14 02:30:28.959, NVIDIA H200, 59, 100 %, 44 %, 142691 MiB, 143771 MiB
2026/08/14 02:30:31.959, NVIDIA H200, 58, 100 %, 50 %, 142691 MiB, 143771 MiB
2026/08/14 02:30:34.960, NVIDIA H200, 58, 100 %, 56 %, 142691 MiB, 143771 MiB
2026/08/14 02:30:37.960, NVIDIA H200, 56, 100 %, 45 %, 142691 MiB, 143771 MiB
2026/08/14 02:30:40.961, NVIDIA H200, 57, 99 %, 47 %, 142691 MiB, 143771 MiB
2026/08/14 02:30:43.961, NVIDIA H200, 58, 100 %, 50 %, 142691 MiB, 143771 MiB
2026/08/14 02:30:46.962, NVIDIA H200, 55, 100 %, 57 %, 142691 MiB, 143771 MiB
2026/08/14 02:30:49.962, NVIDIA H200, 58, 100 %, 42 %, 142691 MiB, 143771 MiB
2026/08/14 02:30:52.963, NVIDIA H200, 57, 100 %, 51 %, 142691 MiB, 143771 MiB
2026/08/14 02:30:55.963, NVIDIA H200, 61, 100 %, 51 %, 142691 MiB, 143771 MiB
2026/08/14 02:30:58.964, NVIDIA H200, 55, 99 %, 55 %, 142691 MiB, 143771 MiB
2026/08/14 02:31:01.964, NVIDIA H200, 56, 100 %, 51 %, 142691 MiB, 143771 MiB
2026/08/14 02:31:04.964, NVIDIA H200, 56, 100 %, 39 %, 142691 MiB, 143771 MiB
2026/08/14 02:31:07.965, NVIDIA H200, 56, 99 %, 41 %, 142691 MiB, 143771 MiB
2026/08/14 02:31:10.965, NVIDIA H200, 56, 100 %, 63 %, 142691 MiB, 143771 MiB
2026/08/14 02:31:13.966, NVIDIA H200, 58, 100 %, 52 %, 142691 MiB, 143771 MiB
2026/08/14 02:31:16.966, NVIDIA H200, 57, 100 %, 51 %, 142691 MiB, 143771 MiB
2026/08/14 02:31:19.967, NVIDIA H200, 57, 99 %, 51 %, 142691 MiB, 143771 MiB
2026/08/14 02:31:22.967, NVIDIA H200, 59, 100 %, 52 %, 142691 MiB, 143771 MiB
2026/08/14 02:31:25.968, NVIDIA H200, 55, 100 %, 41 %, 142691 MiB, 143771 MiB
2026/08/14 02:31:28.968, NVIDIA H200, 56, 100 %, 50 %, 142691 MiB, 143771 MiB
2026/08/14 02:31:31.969, NVIDIA H200, 57, 100 %, 33 %, 142691 MiB, 143771 MiB
2026/08/14 02:31:34.969, NVIDIA H200, 53, 100 %, 55 %, 142691 MiB, 143771 MiB
2026/08/14 02:31:37.970, NVIDIA H200, 57, 100 %, 46 %, 142691 MiB, 143771 MiB
2026/08/14 02:31:40.970, NVIDIA H200, 58, 100 %, 51 %, 142691 MiB, 143771 MiB
2026/08/14 02:31:43.970, NVIDIA H200, 61, 100 %, 44 %, 142691 MiB, 143771 MiB
2026/08/14 02:31:46.971, NVIDIA H200, 57, 100 %, 45 %, 142691 MiB, 143771 MiB
2026/08/14 02:31:49.971, NVIDIA H200, 30, 0 %, 0 %, 142691 MiB, 143771 MiB
2026/08/14 02:31:52.972, NVIDIA H200, 28, 0 %, 0 %, 142691 MiB, 143771 MiB
2026/08/14 02:31:55.972, NVIDIA H200, 54, 100 %, 61 %, 142691 MiB, 143771 MiB
2026/08/14 02:31:58.973, NVIDIA H200, 29, 0 %, 0 %, 142691 MiB, 143771 MiB
2026/08/14 02:32:01.973, NVIDIA H200, 27, 0 %, 0 %, 142691 MiB, 143771 MiB
2026/08/14 02:32:04.974, NVIDIA H200, 51, 70 %, 34 %, 142691 MiB, 143771 MiB
2026/08/14 02:32:07.974, NVIDIA H200, 56, 100 %, 45 %, 142691 MiB, 143771 MiB
2026/08/14 02:32:10.975, NVIDIA H200, 56, 100 %, 54 %, 142691 MiB, 143771 MiB
2026/08/14 02:32:13.976, NVIDIA H200, 59, 100 %, 48 %, 142691 MiB, 143771 MiB
2026/08/14 02:32:16.976, NVIDIA H200, 54, 98 %, 59 %, 142691 MiB, 143771 MiB
2026/08/14 02:32:19.976, NVIDIA H200, 55, 100 %, 49 %, 142691 MiB, 143771 MiB
2026/08/14 02:32:22.977, NVIDIA H200, 55, 100 %, 43 %, 142691 MiB, 143771 MiB
2026/08/14 02:32:25.977, NVIDIA H200, 52, 100 %, 46 %, 142691 MiB, 143771 MiB
2026/08/14 02:32:28.978, NVIDIA H200, 57, 100 %, 36 %, 142691 MiB, 143771 MiB
2026/08/14 02:32:31.979, NVIDIA H200, 59, 100 %, 56 %, 142691 MiB, 143771 MiB
2026/08/14 02:32:34.979, NVIDIA H200, 58, 100 %, 47 %, 142691 MiB, 143771 MiB
2026/08/14 02:32:37.979, NVIDIA H200, 58, 100 %, 51 %, 142691 MiB, 143771 MiB
2026/08/14 02:32:40.980, NVIDIA H200, 58, 100 %, 44 %, 142691 MiB, 143771 MiB
2026/08/14 02:32:43.980, NVIDIA H200, 56, 98 %, 63 %, 142691 MiB, 143771 MiB
2026/08/14 02:32:46.981, NVIDIA H200, 57, 100 %, 57 %, 142691 MiB, 143771 MiB
2026/08/14 02:32:49.981, NVIDIA H200, 58, 100 %, 45 %, 142691 MiB, 143771 MiB
2026/08/14 02:32:52.981, NVIDIA H200, 56, 99 %, 45 %, 142691 MiB, 143771 MiB
2026/08/14 02:32:55.982, NVIDIA H200, 58, 100 %, 66 %, 142691 MiB, 143771 MiB
2026/08/14 02:32:58.982, NVIDIA H200, 57, 100 %, 51 %, 142691 MiB, 143771 MiB
2026/08/14 02:33:01.983, NVIDIA H200, 61, 100 %, 49 %, 142691 MiB, 143771 MiB
2026/08/14 02:33:04.983, NVIDIA H200, 54, 97 %, 52 %, 142691 MiB, 143771 MiB
2026/08/14 02:33:07.984, NVIDIA H200, 56, 100 %, 51 %, 142691 MiB, 143771 MiB
2026/08/14 02:33:10.984, NVIDIA H200, 56, 100 %, 32 %, 142691 MiB, 143771 MiB
2026/08/14 02:33:13.984, NVIDIA H200, 57, 100 %, 48 %, 142691 MiB, 143771 MiB
2026/08/14 02:33:16.985, NVIDIA H200, 56, 100 %, 24 %, 142691 MiB, 143771 MiB
2026/08/14 02:33:19.985, NVIDIA H200, 58, 100 %, 42 %, 142691 MiB, 143771 MiB
2026/08/14 02:33:22.986, NVIDIA H200, 59, 100 %, 41 %, 142691 MiB, 143771 MiB
2026/08/14 02:33:25.986, NVIDIA H200, 57, 100 %, 57 %, 142691 MiB, 143771 MiB
2026/08/14 02:33:28.987, NVIDIA H200, 58, 100 %, 47 %, 142691 MiB, 143771 MiB
2026/08/14 02:33:31.987, NVIDIA H200, 55, 98 %, 72 %, 142691 MiB, 143771 MiB
2026/08/14 02:33:34.987, NVIDIA H200, 57, 100 %, 58 %, 142691 MiB, 143771 MiB
2026/08/14 02:33:37.988, NVIDIA H200, 30, 0 %, 0 %, 142691 MiB, 143771 MiB
2026/08/14 02:33:40.988, NVIDIA H200, 30, 0 %, 0 %, 142691 MiB, 143771 MiB
2026/08/14 02:33:43.989, NVIDIA H200, 41, 50 %, 31 %, 142691 MiB, 143771 MiB
2026/08/14 02:33:46.989, NVIDIA H200, 29, 0 %, 0 %, 142691 MiB, 143771 MiB
2026/08/14 02:33:49.990, NVIDIA H200, 27, 0 %, 0 %, 142691 MiB, 143771 MiB
2026/08/14 02:33:52.990, NVIDIA H200, 48, 97 %, 49 %, 142691 MiB, 143771 MiB
2026/08/14 02:33:55.991, NVIDIA H200, 57, 100 %, 45 %, 142691 MiB, 143771 MiB
2026/08/14 02:33:58.991, NVIDIA H200, 53, 100 %, 54 %, 142691 MiB, 143771 MiB
2026/08/14 02:34:01.992, NVIDIA H200, 56, 100 %, 59 %, 142691 MiB, 143771 MiB
2026/08/14 02:34:04.992, NVIDIA H200, 56, 100 %, 54 %, 142691 MiB, 143771 MiB
2026/08/14 02:34:07.992, NVIDIA H200, 59, 100 %, 47 %, 142691 MiB, 143771 MiB
2026/08/14 02:34:10.993, NVIDIA H200, 54, 99 %, 50 %, 142691 MiB, 143771 MiB
2026/08/14 02:34:13.993, NVIDIA H200, 56, 100 %, 51 %, 142691 MiB, 143771 MiB
2026/08/14 02:34:16.994, NVIDIA H200, 55, 100 %, 50 %, 142691 MiB, 143771 MiB
2026/08/14 02:34:19.994, NVIDIA H200, 53, 100 %, 49 %, 142691 MiB, 143771 MiB
2026/08/14 02:34:22.995, NVIDIA H200, 56, 100 %, 32 %, 142691 MiB, 143771 MiB
2026/08/14 02:34:25.995, NVIDIA H200, 59, 100 %, 53 %, 142691 MiB, 143771 MiB
2026/08/14 02:34:28.996, NVIDIA H200, 59, 100 %, 46 %, 142691 MiB, 143771 MiB
2026/08/14 02:34:31.997, NVIDIA H200, 58, 100 %, 53 %, 142691 MiB, 143771 MiB
2026/08/14 02:34:34.997, NVIDIA H200, 58, 100 %, 44 %, 142691 MiB, 143771 MiB
2026/08/14 02:34:37.997, NVIDIA H200, 55, 97 %, 66 %, 142691 MiB, 143771 MiB
2026/08/14 02:34:40.998, NVIDIA H200, 55, 100 %, 59 %, 142691 MiB, 143771 MiB
2026/08/14 02:34:43.998, NVIDIA H200, 57, 100 %, 49 %, 142691 MiB, 143771 MiB
2026/08/14 02:34:46.999, NVIDIA H200, 56, 100 %, 51 %, 142691 MiB, 143771 MiB
2026/08/14 02:34:49.999, NVIDIA H200, 56, 100 %, 50 %, 142691 MiB, 143771 MiB
2026/08/14 02:34:53.000, NVIDIA H200, 56, 100 %, 49 %, 142691 MiB, 143771 MiB
2026/08/14 02:34:56.000, NVIDIA H200, 57, 100 %, 34 %, 142691 MiB, 143771 MiB
2026/08/14 02:34:59.001, NVIDIA H200, 57, 100 %, 61 %, 142691 MiB, 143771 MiB
2026/08/14 02:35:02.001, NVIDIA H200, 60, 100 %, 44 %, 142691 MiB, 143771 MiB
2026/08/14 02:35:05.001, NVIDIA H200, 54, 98 %, 56 %, 142691 MiB, 143771 MiB
2026/08/14 02:35:08.002, NVIDIA H200, 55, 100 %, 47 %, 142691 MiB, 143771 MiB
2026/08/14 02:35:11.002, NVIDIA H200, 57, 100 %, 44 %, 142691 MiB, 143771 MiB
2026/08/14 02:35:14.003, NVIDIA H200, 51, 99 %, 47 %, 142691 MiB, 143771 MiB
2026/08/14 02:35:17.003, NVIDIA H200, 57, 100 %, 47 %, 142691 MiB, 143771 MiB
2026/08/14 02:35:20.004, NVIDIA H200, 59, 100 %, 59 %, 142691 MiB, 143771 MiB
2026/08/14 02:35:23.004, NVIDIA H200, 60, 100 %, 44 %, 142691 MiB, 143771 MiB
2026/08/14 02:35:26.005, NVIDIA H200, 31, 0 %, 0 %, 142691 MiB, 143771 MiB
2026/08/14 02:35:29.005, NVIDIA H200, 41, 100 %, 57 %, 142691 MiB, 143771 MiB
2026/08/14 02:35:32.006, NVIDIA H200, 38, 0 %, 0 %, 142691 MiB, 143771 MiB
2026/08/14 02:35:35.006, NVIDIA H200, 28, 0 %, 0 %, 142691 MiB, 143771 MiB
2026/08/14 02:35:38.006, NVIDIA H200, 49, 100 %, 52 %, 142691 MiB, 143771 MiB
2026/08/14 02:35:41.007, NVIDIA H200, 44, 29 %, 24 %, 142691 MiB, 143771 MiB
2026/08/14 02:35:44.007, NVIDIA H200, 52, 100 %, 53 %, 142691 MiB, 143771 MiB
2026/08/14 02:35:47.008, NVIDIA H200, 58, 100 %, 54 %, 142691 MiB, 143771 MiB
2026/08/14 02:35:50.008, NVIDIA H200, 60, 100 %, 42 %, 142691 MiB, 143771 MiB
2026/08/14 02:35:53.008, NVIDIA H200, 57, 100 %, 53 %, 142691 MiB, 143771 MiB
2026/08/14 02:35:56.009, NVIDIA H200, 57, 100 %, 53 %, 142691 MiB, 143771 MiB
2026/08/14 02:35:59.009, NVIDIA H200, 55, 98 %, 54 %, 142691 MiB, 143771 MiB
2026/08/14 02:36:02.010, NVIDIA H200, 56, 100 %, 53 %, 142691 MiB, 143771 MiB
2026/08/14 02:36:05.011, NVIDIA H200, 58, 100 %, 41 %, 142691 MiB, 143771 MiB
2026/08/14 02:36:08.011, NVIDIA H200, 55, 99 %, 40 %, 142691 MiB, 143771 MiB
2026/08/14 02:36:11.012, NVIDIA H200, 57, 100 %, 59 %, 142691 MiB, 143771 MiB
2026/08/14 02:36:14.012, NVIDIA H200, 57, 100 %, 54 %, 142691 MiB, 143771 MiB
2026/08/14 02:36:17.013, NVIDIA H200, 60, 100 %, 48 %, 142691 MiB, 143771 MiB
2026/08/14 02:36:20.013, NVIDIA H200, 55, 99 %, 49 %, 142691 MiB, 143771 MiB
2026/08/14 02:36:23.014, NVIDIA H200, 56, 100 %, 52 %, 142691 MiB, 143771 MiB
2026/08/14 02:36:26.014, NVIDIA H200, 56, 100 %, 46 %, 142691 MiB, 143771 MiB
2026/08/14 02:36:29.015, NVIDIA H200, 52, 100 %, 45 %, 142691 MiB, 143771 MiB
2026/08/14 02:36:32.015, NVIDIA H200, 58, 100 %, 38 %, 142691 MiB, 143771 MiB
2026/08/14 02:36:35.015, NVIDIA H200, 57, 100 %, 56 %, 142691 MiB, 143771 MiB
2026/08/14 02:36:38.016, NVIDIA H200, 60, 100 %, 46 %, 142691 MiB, 143771 MiB
2026/08/14 02:36:41.016, NVIDIA H200, 54, 100 %, 55 %, 142691 MiB, 143771 MiB
2026/08/14 02:36:44.017, NVIDIA H200, 55, 100 %, 48 %, 142691 MiB, 143771 MiB
2026/08/14 02:36:47.017, NVIDIA H200, 56, 98 %, 72 %, 142691 MiB, 143771 MiB
2026/08/14 02:36:50.018, NVIDIA H200, 52, 100 %, 58 %, 142691 MiB, 143771 MiB
2026/08/14 02:36:53.018, NVIDIA H200, 58, 100 %, 46 %, 142691 MiB, 143771 MiB
2026/08/14 02:36:56.019, NVIDIA H200, 59, 99 %, 40 %, 142691 MiB, 143771 MiB
2026/08/14 02:36:59.019, NVIDIA H200, 59, 100 %, 56 %, 142691 MiB, 143771 MiB
2026/08/14 02:37:02.019, NVIDIA H200, 58, 100 %, 54 %, 142691 MiB, 143771 MiB
2026/08/14 02:37:05.020, NVIDIA H200, 59, 100 %, 52 %, 142691 MiB, 143771 MiB
2026/08/14 02:37:08.020, NVIDIA H200, 57, 100 %, 57 %, 142691 MiB, 143771 MiB
2026/08/14 02:37:11.021, NVIDIA H200, 32, 0 %, 0 %, 142691 MiB, 143771 MiB
2026/08/14 02:37:14.021, NVIDIA H200, 29, 0 %, 0 %, 142691 MiB, 143771 MiB
2026/08/14 02:37:17.022, NVIDIA H200, 53, 100 %, 57 %, 142691 MiB, 143771 MiB
2026/08/14 02:37:20.022, NVIDIA H200, 30, 0 %, 0 %, 142691 MiB, 143771 MiB
2026/08/14 02:37:23.023, NVIDIA H200, 28, 0 %, 0 %, 142691 MiB, 143771 MiB
2026/08/14 02:37:26.023, NVIDIA H200, 27, 0 %, 0 %, 142691 MiB, 143771 MiB
2026/08/14 02:37:29.024, NVIDIA H200, 47, 100 %, 54 %, 142691 MiB, 143771 MiB
2026/08/14 02:37:32.024, NVIDIA H200, 53, 100 %, 49 %, 142691 MiB, 143771 MiB
2026/08/14 02:37:35.025, NVIDIA H200, 50, 0 %, 0 %, 142691 MiB, 143771 MiB
2026/08/14 02:37:38.025, NVIDIA H200, 54, 98 %, 71 %, 142691 MiB, 143771 MiB
2026/08/14 02:37:41.026, NVIDIA H200, 51, 100 %, 58 %, 142691 MiB, 143771 MiB
2026/08/14 02:37:44.026, NVIDIA H200, 57, 100 %, 48 %, 142691 MiB, 143771 MiB
2026/08/14 02:37:47.027, NVIDIA H200, 59, 99 %, 41 %, 142691 MiB, 143771 MiB
2026/08/14 02:37:50.027, NVIDIA H200, 58, 100 %, 57 %, 142691 MiB, 143771 MiB
2026/08/14 02:37:53.028, NVIDIA H200, 58, 100 %, 55 %, 142691 MiB, 143771 MiB
2026/08/14 02:37:56.028, NVIDIA H200, 57, 100 %, 50 %, 142691 MiB, 143771 MiB
2026/08/14 02:37:59.029, NVIDIA H200, 55, 100 %, 55 %, 142691 MiB, 143771 MiB
2026/08/14 02:38:02.029, NVIDIA H200, 57, 100 %, 50 %, 142691 MiB, 143771 MiB
2026/08/14 02:38:05.030, NVIDIA H200, 58, 100 %, 47 %, 142691 MiB, 143771 MiB
2026/08/14 02:38:08.030, NVIDIA H200, 55, 100 %, 50 %, 142691 MiB, 143771 MiB
2026/08/14 02:38:11.031, NVIDIA H200, 58, 100 %, 23 %, 142691 MiB, 143771 MiB
2026/08/14 02:38:14.031, NVIDIA H200, 56, 99 %, 41 %, 142691 MiB, 143771 MiB
2026/08/14 02:38:17.032, NVIDIA H200, 61, 100 %, 36 %, 142691 MiB, 143771 MiB
2026/08/14 02:38:20.032, NVIDIA H200, 54, 100 %, 58 %, 142691 MiB, 143771 MiB
2026/08/14 02:38:23.032, NVIDIA H200, 56, 100 %, 47 %, 142691 MiB, 143771 MiB
2026/08/14 02:38:26.033, NVIDIA H200, 55, 99 %, 68 %, 142691 MiB, 143771 MiB
2026/08/14 02:38:29.034, NVIDIA H200, 56, 100 %, 56 %, 142691 MiB, 143771 MiB
2026/08/14 02:38:32.034, NVIDIA H200, 56, 100 %, 44 %, 142691 MiB, 143771 MiB
2026/08/14 02:38:35.035, NVIDIA H200, 57, 98 %, 47 %, 142691 MiB, 143771 MiB
2026/08/14 02:38:38.035, NVIDIA H200, 58, 100 %, 47 %, 142691 MiB, 143771 MiB
2026/08/14 02:38:41.036, NVIDIA H200, 57, 100 %, 57 %, 142691 MiB, 143771 MiB
2026/08/14 02:38:44.036, NVIDIA H200, 59, 100 %, 42 %, 142691 MiB, 143771 MiB
2026/08/14 02:38:47.037, NVIDIA H200, 55, 100 %, 54 %, 142691 MiB, 143771 MiB
2026/08/14 02:38:50.037, NVIDIA H200, 56, 100 %, 52 %, 142691 MiB, 143771 MiB
2026/08/14 02:38:53.038, NVIDIA H200, 57, 99 %, 55 %, 142691 MiB, 143771 MiB
2026/08/14 02:38:56.038, NVIDIA H200, 56, 100 %, 49 %, 142691 MiB, 143771 MiB
2026/08/14 02:38:59.038, NVIDIA H200, 58, 100 %, 22 %, 142691 MiB, 143771 MiB
2026/08/14 02:39:02.039, NVIDIA H200, 35, 0 %, 0 %, 142691 MiB, 143771 MiB
2026/08/14 02:39:05.040, NVIDIA H200, 29, 0 %, 0 %, 142691 MiB, 143771 MiB
2026/08/14 02:39:08.040, NVIDIA H200, 46, 99 %, 48 %, 142691 MiB, 143771 MiB
2026/08/14 02:39:11.041, NVIDIA H200, 33, 0 %, 0 %, 142691 MiB, 143771 MiB
2026/08/14 02:39:14.041, NVIDIA H200, 28, 0 %, 0 %, 142691 MiB, 143771 MiB
2026/08/14 02:39:17.042, NVIDIA H200, 38, 100 %, 51 %, 142691 MiB, 143771 MiB
2026/08/14 02:39:20.042, NVIDIA H200, 56, 100 %, 46 %, 142691 MiB, 143771 MiB
2026/08/14 02:39:23.042, NVIDIA H200, 55, 100 %, 55 %, 142691 MiB, 143771 MiB
2026/08/14 02:39:26.043, NVIDIA H200, 57, 100 %, 39 %, 142691 MiB, 143771 MiB
2026/08/14 02:39:29.043, NVIDIA H200, 54, 100 %, 54 %, 142691 MiB, 143771 MiB
2026/08/14 02:39:32.044, NVIDIA H200, 55, 100 %, 61 %, 142691 MiB, 143771 MiB
2026/08/14 02:39:35.044, NVIDIA H200, 57, 100 %, 49 %, 142691 MiB, 143771 MiB
2026/08/14 02:39:38.045, NVIDIA H200, 53, 99 %, 40 %, 142691 MiB, 143771 MiB
2026/08/14 02:39:41.045, NVIDIA H200, 57, 100 %, 50 %, 142691 MiB, 143771 MiB
2026/08/14 02:39:44.046, NVIDIA H200, 58, 100 %, 56 %, 142691 MiB, 143771 MiB
2026/08/14 02:39:47.046, NVIDIA H200, 61, 100 %, 42 %, 142691 MiB, 143771 MiB
2026/08/14 02:39:50.047, NVIDIA H200, 56, 100 %, 53 %, 142691 MiB, 143771 MiB
2026/08/14 02:39:53.047, NVIDIA H200, 57, 100 %, 52 %, 142691 MiB, 143771 MiB
2026/08/14 02:39:56.048, NVIDIA H200, 55, 99 %, 54 %, 142691 MiB, 143771 MiB
2026/08/14 02:39:59.048, NVIDIA H200, 55, 100 %, 48 %, 142691 MiB, 143771 MiB
2026/08/14 02:40:02.049, NVIDIA H200, 56, 100 %, 27 %, 142691 MiB, 143771 MiB
2026/08/14 02:40:05.049, NVIDIA H200, 56, 97 %, 32 %, 142691 MiB, 143771 MiB
2026/08/14 02:40:08.049, NVIDIA H200, 57, 100 %, 51 %, 142691 MiB, 143771 MiB
2026/08/14 02:40:11.050, NVIDIA H200, 57, 100 %, 51 %, 142691 MiB, 143771 MiB
2026/08/14 02:40:14.050, NVIDIA H200, 60, 100 %, 44 %, 142691 MiB, 143771 MiB
2026/08/14 02:40:17.051, NVIDIA H200, 55, 98 %, 50 %, 142691 MiB, 143771 MiB
2026/08/14 02:40:20.051, NVIDIA H200, 55, 100 %, 53 %, 142691 MiB, 143771 MiB
2026/08/14 02:40:23.052, NVIDIA H200, 55, 100 %, 46 %, 142691 MiB, 143771 MiB
2026/08/14 02:40:26.052, NVIDIA H200, 54, 100 %, 50 %, 142691 MiB, 143771 MiB
2026/08/14 02:40:29.052, NVIDIA H200, 57, 100 %, 32 %, 142691 MiB, 143771 MiB
2026/08/14 02:40:32.053, NVIDIA H200, 59, 100 %, 61 %, 142691 MiB, 143771 MiB
2026/08/14 02:40:35.054, NVIDIA H200, 59, 100 %, 46 %, 142691 MiB, 143771 MiB
2026/08/14 02:40:38.054, NVIDIA H200, 59, 100 %, 53 %, 142691 MiB, 143771 MiB
2026/08/14 02:40:41.054, NVIDIA H200, 58, 100 %, 44 %, 142691 MiB, 143771 MiB
2026/08/14 02:40:44.055, NVIDIA H200, 56, 98 %, 62 %, 142691 MiB, 143771 MiB
2026/08/14 02:40:47.055, NVIDIA H200, 57, 100 %, 57 %, 142691 MiB, 143771 MiB
2026/08/14 02:40:50.055, NVIDIA H200, 30, 0 %, 0 %, 142691 MiB, 143771 MiB
2026/08/14 02:40:53.056, NVIDIA H200, 28, 0 %, 0 %, 142691 MiB, 143771 MiB
2026/08/14 02:40:56.056, NVIDIA H200, 49, 100 %, 55 %, 142691 MiB, 143771 MiB
2026/08/14 02:40:59.057, NVIDIA H200, 29, 0 %, 0 %, 142691 MiB, 143771 MiB
2026/08/14 02:41:02.057, NVIDIA H200, 27, 0 %, 0 %, 142691 MiB, 143771 MiB
2026/08/14 02:41:05.058, NVIDIA H200, 43, 100 %, 57 %, 142691 MiB, 143771 MiB
2026/08/14 02:41:08.058, NVIDIA H200, 57, 100 %, 42 %, 142691 MiB, 143771 MiB
2026/08/14 02:41:11.059, NVIDIA H200, 56, 100 %, 55 %, 142691 MiB, 143771 MiB
2026/08/14 02:41:14.059, NVIDIA H200, 57, 100 %, 47 %, 142691 MiB, 143771 MiB
2026/08/14 02:41:17.060, NVIDIA H200, 55, 100 %, 53 %, 142691 MiB, 143771 MiB
2026/08/14 02:41:20.061, NVIDIA H200, 56, 100 %, 54 %, 142691 MiB, 143771 MiB
2026/08/14 02:41:23.061, NVIDIA H200, 57, 100 %, 54 %, 142691 MiB, 143771 MiB
2026/08/14 02:41:26.062, NVIDIA H200, 55, 100 %, 48 %, 142691 MiB, 143771 MiB
2026/08/14 02:41:29.062, NVIDIA H200, 57, 100 %, 21 %, 142691 MiB, 143771 MiB
2026/08/14 02:41:32.063, NVIDIA H200, 58, 98 %, 36 %, 142691 MiB, 143771 MiB
2026/08/14 02:41:35.063, NVIDIA H200, 61, 100 %, 41 %, 142691 MiB, 143771 MiB
2026/08/14 02:41:38.064, NVIDIA H200, 54, 100 %, 54 %, 142691 MiB, 143771 MiB
2026/08/14 02:41:41.064, NVIDIA H200, 57, 100 %, 47 %, 142691 MiB, 143771 MiB
2026/08/14 02:41:44.064, NVIDIA H200, 56, 97 %, 60 %, 142691 MiB, 143771 MiB
2026/08/14 02:41:47.065, NVIDIA H200, 56, 100 %, 54 %, 142691 MiB, 143771 MiB
2026/08/14 02:41:50.065, NVIDIA H200, 56, 100 %, 44 %, 142691 MiB, 143771 MiB
2026/08/14 02:41:53.066, NVIDIA H200, 57, 97 %, 47 %, 142691 MiB, 143771 MiB
2026/08/14 02:41:56.066, NVIDIA H200, 57, 100 %, 52 %, 142691 MiB, 143771 MiB
2026/08/14 02:41:59.067, NVIDIA H200, 57, 100 %, 59 %, 142691 MiB, 143771 MiB
2026/08/14 02:42:02.067, NVIDIA H200, 59, 100 %, 43 %, 142691 MiB, 143771 MiB
2026/08/14 02:42:05.067, NVIDIA H200, 55, 100 %, 50 %, 142691 MiB, 143771 MiB
2026/08/14 02:42:08.068, NVIDIA H200, 56, 100 %, 46 %, 142691 MiB, 143771 MiB
2026/08/14 02:42:11.068, NVIDIA H200, 57, 98 %, 56 %, 142691 MiB, 143771 MiB
2026/08/14 02:42:14.069, NVIDIA H200, 52, 100 %, 57 %, 142691 MiB, 143771 MiB
2026/08/14 02:42:17.069, NVIDIA H200, 56, 100 %, 48 %, 142691 MiB, 143771 MiB
2026/08/14 02:42:20.070, NVIDIA H200, 59, 99 %, 46 %, 142691 MiB, 143771 MiB
2026/08/14 02:42:23.070, NVIDIA H200, 58, 100 %, 66 %, 142691 MiB, 143771 MiB
2026/08/14 02:42:26.071, NVIDIA H200, 58, 100 %, 52 %, 142691 MiB, 143771 MiB
2026/08/14 02:42:29.071, NVIDIA H200, 61, 100 %, 54 %, 142691 MiB, 143771 MiB
2026/08/14 02:42:32.072, NVIDIA H200, 55, 99 %, 52 %, 142691 MiB, 143771 MiB
2026/08/14 02:42:35.072, NVIDIA H200, 56, 100 %, 55 %, 142691 MiB, 143771 MiB
2026/08/14 02:42:38.072, NVIDIA H200, 30, 0 %, 0 %, 142691 MiB, 143771 MiB
2026/08/14 02:42:41.073, NVIDIA H200, 28, 0 %, 0 %, 142691 MiB, 143771 MiB
2026/08/14 02:42:44.073, NVIDIA H200, 53, 100 %, 50 %, 142691 MiB, 143771 MiB
2026/08/14 02:42:47.074, NVIDIA H200, 30, 0 %, 0 %, 142691 MiB, 143771 MiB
2026/08/14 02:42:50.074, NVIDIA H200, 28, 0 %, 0 %, 142691 MiB, 143771 MiB
2026/08/14 02:42:53.075, NVIDIA H200, 27, 0 %, 0 %, 142691 MiB, 143771 MiB
2026/08/14 02:42:56.076, NVIDIA H200, 27, 0 %, 0 %, 142691 MiB, 143771 MiB
2026/08/14 02:42:59.076, NVIDIA H200, 26, 0 %, 0 %, 142691 MiB, 143771 MiB
2026/08/14 02:43:02.077, NVIDIA H200, 26, 0 %, 0 %, 142691 MiB, 143771 MiB
2026/08/14 02:43:05.077, NVIDIA H200, 26, 0 %, 0 %, 142691 MiB, 143771 MiB
2026/08/14 02:43:08.078, NVIDIA H200, 26, 0 %, 0 %, 142691 MiB, 143771 MiB
2026/08/14 02:43:11.078, NVIDIA H200, 26, 0 %, 0 %, 142691 MiB, 143771 MiB
2026/08/14 02:43:14.079, NVIDIA H200, 26, 0 %, 0 %, 142691 MiB, 143771 MiB
2026/08/14 02:43:17.079, NVIDIA H200, 26, 0 %, 0 %, 142691 MiB, 143771 MiB
2026/08/14 02:43:20.080, NVIDIA H200, 26, 0 %, 0 %, 142691 MiB, 143771 MiB
2026/08/14 02:43:23.080, NVIDIA H200, 26, 0 %, 0 %, 142691 MiB, 143771 MiB
2026/08/14 02:43:26.081, NVIDIA H200, 26, 0 %, 0 %, 142691 MiB, 143771 MiB
2026/08/14 02:43:29.081, NVIDIA H200, 26, 0 %, 0 %, 142691 MiB, 143771 MiB
2026/08/14 02:43:32.082, NVIDIA H200, 26, 0 %, 0 %, 142691 MiB, 143771 MiB
2026/08/14 02:43:35.082, NVIDIA H200, 26, 0 %, 0 %, 142691 MiB, 143771 MiB
2026/08/14 02:43:38.083, NVIDIA H200, 25, 0 %, 0 %, 142691 MiB, 143771 MiB
2026/08/14 02:43:41.083, NVIDIA H200, 25, 0 %, 0 %, 142691 MiB, 143771 MiB
2026/08/14 02:43:44.084, NVIDIA H200, 25, 0 %, 0 %, 142691 MiB, 143771 MiB
2026/08/14 02:43:47.084, NVIDIA H200, 25, 0 %, 0 %, 142691 MiB, 143771 MiB
2026/08/14 02:43:50.085, NVIDIA H200, 25, 0 %, 0 %, 142691 MiB, 143771 MiB
2026/08/14 02:43:53.085, NVIDIA H200, 25, 0 %, 0 %, 142691 MiB, 143771 MiB
2026/08/14 02:43:56.086, NVIDIA H200, 25, 0 %, 0 %, 142691 MiB, 143771 MiB
2026/08/14 02:43:59.086, NVIDIA H200, 25, 0 %, 0 %, 142691 MiB, 143771 MiB
2026/08/14 02:44:02.087, NVIDIA H200, 25, 0 %, 0 %, 142691 MiB, 143771 MiB
2026/08/14 02:44:05.087, NVIDIA H200, 25, 0 %, 0 %, 142691 MiB, 143771 MiB
2026/08/14 02:44:08.088, NVIDIA H200, 25, 0 %, 0 %, 142691 MiB, 143771 MiB
2026/08/14 02:44:11.088, NVIDIA H200, 25, 0 %, 0 %, 142691 MiB, 143771 MiB
2026/08/14 02:44:14.089, NVIDIA H200, 25, 0 %, 0 %, 142691 MiB, 143771 MiB
2026/08/14 02:44:17.089, NVIDIA H200, 25, 0 %, 0 %, 142691 MiB, 143771 MiB
2026/08/14 02:44:20.090, NVIDIA H200, 25, 0 %, 0 %, 142691 MiB, 143771 MiB
2026/08/14 02:44:23.090, NVIDIA H200, 25, 0 %, 0 %, 142691 MiB, 143771 MiB
2026/08/14 02:44:26.091, NVIDIA H200, 25, 0 %, 0 %, 142691 MiB, 143771 MiB
2026/08/14 02:44:29.091, NVIDIA H200, 25, 0 %, 0 %, 142691 MiB, 143771 MiB
2026/08/14 02:44:32.092, NVIDIA H200, 25, 0 %, 0 %, 142691 MiB, 143771 MiB
2026/08/14 02:44:35.092, NVIDIA H200, 25, 0 %, 0 %, 142691 MiB, 143771 MiB
2026/08/14 02:44:38.093, NVIDIA H200, 25, 0 %, 0 %, 142691 MiB, 143771 MiB
2026/08/14 02:44:41.093, NVIDIA H200, 25, 0 %, 0 %, 142691 MiB, 143771 MiB
2026/08/14 02:44:44.093, NVIDIA H200, 25, 0 %, 0 %, 142691 MiB, 143771 MiB
2026/08/14 02:44:47.094, NVIDIA H200, 25, 0 %, 0 %, 142691 MiB, 143771 MiB
2026/08/14 02:44:50.094, NVIDIA H200, 25, 0 %, 0 %, 142691 MiB, 143771 MiB
2026/08/14 02:44:53.095, NVIDIA H200, 25, 0 %, 0 %, 142691 MiB, 143771 MiB
2026/08/14 02:44:56.095, NVIDIA H200, 25, 0 %, 0 %, 142691 MiB, 143771 MiB
2026/08/14 02:44:59.096, NVIDIA H200, 25, 0 %, 0 %, 142691 MiB, 143771 MiB
2026/08/14 02:45:02.097, NVIDIA H200, 25, 0 %, 0 %, 142691 MiB, 143771 MiB
2026/08/14 02:45:05.097, NVIDIA H200, 25, 0 %, 0 %, 142691 MiB, 143771 MiB
2026/08/14 02:45:08.098, NVIDIA H200, 25, 0 %, 0 %, 142691 MiB, 143771 MiB
2026/08/14 02:45:11.098, NVIDIA H200, 25, 0 %, 0 %, 142691 MiB, 143771 MiB
2026/08/14 02:45:14.099, NVIDIA H200, 25, 0 %, 0 %, 142691 MiB, 143771 MiB
2026/08/14 02:45:17.099, NVIDIA H200, 25, 0 %, 0 %, 142691 MiB, 143771 MiB
2026/08/14 02:45:20.099, NVIDIA H200, 25, 0 %, 0 %, 142691 MiB, 143771 MiB
2026/08/14 02:45:23.100, NVIDIA H200, 25, 0 %, 0 %, 142691 MiB, 143771 MiB
2026/08/14 02:45:26.100, NVIDIA H200, 25, 0 %, 0 %, 142691 MiB, 143771 MiB
2026/08/14 02:45:29.101, NVIDIA H200, 25, 0 %, 0 %, 142691 MiB, 143771 MiB
2026/08/14 02:45:32.101, NVIDIA H200, 25, 0 %, 0 %, 142691 MiB, 143771 MiB
2026/08/14 02:45:35.102, NVIDIA H200, 25, 0 %, 0 %, 142691 MiB, 143771 MiB
2026/08/14 02:45:38.102, NVIDIA H200, 25, 0 %, 0 %, 142691 MiB, 143771 MiB
2026/08/14 02:45:41.103, NVIDIA H200, 25, 0 %, 0 %, 142691 MiB, 143771 MiB
2026/08/14 02:45:44.103, NVIDIA H200, 25, 0 %, 0 %, 142691 MiB, 143771 MiB
2026/08/14 02:45:47.104, NVIDIA H200, 25, 0 %, 0 %, 142691 MiB, 143771 MiB
2026/08/14 02:45:50.104, NVIDIA H200, 25, 0 %, 0 %, 142691 MiB, 143771 MiB
2026/08/14 02:45:53.105, NVIDIA H200, 25, 0 %, 0 %, 142691 MiB, 143771 MiB
2026/08/14 02:45:56.105, NVIDIA H200, 25, 0 %, 0 %, 142691 MiB, 143771 MiB
2026/08/14 02:45:59.106, NVIDIA H200, 25, 0 %, 0 %, 142691 MiB, 143771 MiB
2026/08/14 02:46:02.107, NVIDIA H200, 25, 0 %, 0 %, 142691 MiB, 143771 MiB
2026/08/14 02:46:05.107, NVIDIA H200, 25, 0 %, 0 %, 142691 MiB, 143771 MiB
2026/08/14 02:46:08.108, NVIDIA H200, 25, 0 %, 0 %, 142691 MiB, 143771 MiB
2026/08/14 02:46:11.109, NVIDIA H200, 25, 0 %, 0 %, 142691 MiB, 143771 MiB
2026/08/14 02:46:14.109, NVIDIA H200, 25, 0 %, 0 %, 142691 MiB, 143771 MiB
2026/08/14 02:46:17.110, NVIDIA H200, 25, 0 %, 0 %, 142691 MiB, 143771 MiB
2026/08/14 02:46:20.111, NVIDIA H200, 25, 0 %, 0 %, 142691 MiB, 143771 MiB
2026/08/14 02:46:23.111, NVIDIA H200, 25, 0 %, 0 %, 142691 MiB, 143771 MiB
2026/08/14 02:46:26.112, NVIDIA H200, 25, 0 %, 0 %, 142691 MiB, 143771 MiB
2026/08/14 02:46:29.113, NVIDIA H200, 25, 0 %, 0 %, 142691 MiB, 143771 MiB
2026/08/14 02:46:32.113, NVIDIA H200, 25, 0 %, 0 %, 142691 MiB, 143771 MiB
2026/08/14 02:46:35.114, NVIDIA H200, 25, 0 %, 0 %, 142691 MiB, 143771 MiB
2026/08/14 02:46:38.114, NVIDIA H200, 25, 0 %, 0 %, 142691 MiB, 143771 MiB
2026/08/14 02:46:41.115, NVIDIA H200, 25, 0 %, 0 %, 142691 MiB, 143771 MiB
2026/08/14 02:46:44.116, NVIDIA H200, 25, 0 %, 0 %, 142691 MiB, 143771 MiB
2026/08/14 02:46:47.116, NVIDIA H200, 47, 100 %, 54 %, 142691 MiB, 143771 MiB
2026/08/14 02:46:50.117, NVIDIA H200, 50, 100 %, 48 %, 142691 MiB, 143771 MiB
2026/08/14 02:46:53.117, NVIDIA H200, 52, 100 %, 48 %, 142691 MiB, 143771 MiB
2026/08/14 02:46:56.118, NVIDIA H200, 53, 100 %, 21 %, 142691 MiB, 143771 MiB
2026/08/14 02:46:59.118, NVIDIA H200, 52, 100 %, 46 %, 142691 MiB, 143771 MiB
2026/08/14 02:47:02.119, NVIDIA H200, 54, 99 %, 50 %, 142691 MiB, 143771 MiB
2026/08/14 02:47:05.122, NVIDIA H200, 56, 100 %, 52 %, 142691 MiB, 143771 MiB
2026/08/14 02:47:08.123, NVIDIA H200, 53, 100 %, 47 %, 142691 MiB, 143771 MiB
2026/08/14 02:47:11.123, NVIDIA H200, 53, 100 %, 46 %, 142691 MiB, 143771 MiB
2026/08/14 02:47:14.123, NVIDIA H200, 56, 100 %, 43 %, 142691 MiB, 143771 MiB
2026/08/14 02:47:17.124, NVIDIA H200, 54, 100 %, 58 %, 142691 MiB, 143771 MiB
2026/08/14 02:47:20.124, NVIDIA H200, 56, 100 %, 42 %, 142691 MiB, 143771 MiB
2026/08/14 02:47:23.125, NVIDIA H200, 56, 100 %, 53 %, 142691 MiB, 143771 MiB
2026/08/14 02:47:26.125, NVIDIA H200, 59, 100 %, 55 %, 142691 MiB, 143771 MiB
2026/08/14 02:47:29.126, NVIDIA H200, 53, 99 %, 56 %, 142691 MiB, 143771 MiB
2026/08/14 02:47:32.126, NVIDIA H200, 55, 100 %, 49 %, 142691 MiB, 143771 MiB
2026/08/14 02:47:35.127, NVIDIA H200, 54, 100 %, 32 %, 142691 MiB, 143771 MiB
2026/08/14 02:47:38.127, NVIDIA H200, 55, 97 %, 38 %, 142691 MiB, 143771 MiB
2026/08/14 02:47:41.127, NVIDIA H200, 55, 100 %, 62 %, 142691 MiB, 143771 MiB
2026/08/14 02:47:44.128, NVIDIA H200, 56, 100 %, 54 %, 142691 MiB, 143771 MiB
2026/08/14 02:47:47.128, NVIDIA H200, 60, 100 %, 51 %, 142691 MiB, 143771 MiB
2026/08/14 02:47:50.129, NVIDIA H200, 54, 99 %, 52 %, 142691 MiB, 143771 MiB
2026/08/14 02:47:53.129, NVIDIA H200, 55, 100 %, 52 %, 142691 MiB, 143771 MiB
2026/08/14 02:47:56.130, NVIDIA H200, 55, 100 %, 50 %, 142691 MiB, 143771 MiB
2026/08/14 02:47:59.130, NVIDIA H200, 54, 100 %, 51 %, 142691 MiB, 143771 MiB
2026/08/14 02:48:02.131, NVIDIA H200, 56, 100 %, 33 %, 142691 MiB, 143771 MiB
2026/08/14 02:48:05.131, NVIDIA H200, 58, 100 %, 53 %, 142691 MiB, 143771 MiB
2026/08/14 02:48:08.131, NVIDIA H200, 58, 100 %, 46 %, 142691 MiB, 143771 MiB
2026/08/14 02:48:11.132, NVIDIA H200, 57, 100 %, 51 %, 142691 MiB, 143771 MiB
2026/08/14 02:48:14.132, NVIDIA H200, 53, 100 %, 28 %, 35843 MiB, 143771 MiB
2026/08/14 02:48:17.132, NVIDIA H200, 56, 100 %, 32 %, 90919 MiB, 143771 MiB
2026/08/14 02:48:20.133, NVIDIA H200, 46, 100 %, 7 %, 90929 MiB, 143771 MiB
2026/08/14 02:48:23.133, NVIDIA H200, 31, 100 %, 1 %, 86283 MiB, 143771 MiB
2026/08/14 02:48:26.134, NVIDIA H200, 45, 100 %, 7 %, 86301 MiB, 143771 MiB
2026/08/14 02:48:29.134, NVIDIA H200, 46, 76 %, 16 %, 63075 MiB, 143771 MiB
2026/08/14 02:48:32.134, NVIDIA H200, 35, 81 %, 26 %, 55531 MiB, 143771 MiB
2026/08/14 02:48:35.135, NVIDIA H200, 45, 54 %, 6 %, 44563 MiB, 143771 MiB
2026/08/14 02:48:38.135, NVIDIA H200, 42, 100 %, 2 %, 37309 MiB, 143771 MiB
2026/08/14 02:48:41.136, NVIDIA H200, 30, 100 %, 0 %, 37309 MiB, 143771 MiB
2026/08/14 02:48:44.136, NVIDIA H200, 27, 0 %, 0 %, 20105 MiB, 143771 MiB
2026/08/14 02:48:47.137, NVIDIA H200, 44, 99 %, 38 %, 50711 MiB, 143771 MiB
2026/08/14 02:48:50.137, NVIDIA H200, 47, 100 %, 53 %, 50711 MiB, 143771 MiB
2026/08/14 02:48:53.137, NVIDIA H200, 49, 100 %, 21 %, 10115 MiB, 143771 MiB
2026/08/14 02:48:56.138, NVIDIA H200, 27, 0 %, 0 %, 8675 MiB, 143771 MiB
2026/08/14 02:48:59.138, NVIDIA H200, 30, 0 %, 0 %, 142521 MiB, 143771 MiB
2026/08/14 02:49:02.139, NVIDIA H200, 51, 100 %, 51 %, 142521 MiB, 143771 MiB
2026/08/14 02:49:05.139, NVIDIA H200, 54, 100 %, 47 %, 142521 MiB, 143771 MiB
2026/08/14 02:49:08.140, NVIDIA H200, 55, 100 %, 49 %, 142521 MiB, 143771 MiB
2026/08/14 02:49:11.140, NVIDIA H200, 54, 100 %, 48 %, 142521 MiB, 143771 MiB
2026/08/14 02:49:14.141, NVIDIA H200, 55, 100 %, 50 %, 142521 MiB, 143771 MiB
2026/08/14 02:49:17.141, NVIDIA H200, 55, 100 %, 30 %, 142521 MiB, 143771 MiB
2026/08/14 02:49:20.142, NVIDIA H200, 57, 100 %, 44 %, 142521 MiB, 143771 MiB
2026/08/14 02:49:23.142, NVIDIA H200, 57, 100 %, 40 %, 142521 MiB, 143771 MiB
2026/08/14 02:49:26.142, NVIDIA H200, 56, 100 %, 61 %, 142521 MiB, 143771 MiB
2026/08/14 02:49:29.143, NVIDIA H200, 58, 100 %, 46 %, 142521 MiB, 143771 MiB
2026/08/14 02:49:32.143, NVIDIA H200, 54, 98 %, 61 %, 142521 MiB, 143771 MiB
2026/08/14 02:49:35.144, NVIDIA H200, 55, 100 %, 57 %, 142521 MiB, 143771 MiB
2026/08/14 02:49:38.144, NVIDIA H200, 56, 100 %, 45 %, 142521 MiB, 143771 MiB
2026/08/14 02:49:41.145, NVIDIA H200, 52, 99 %, 47 %, 142521 MiB, 143771 MiB
2026/08/14 02:49:44.145, NVIDIA H200, 55, 100 %, 50 %, 142521 MiB, 143771 MiB
2026/08/14 02:49:47.146, NVIDIA H200, 58, 100 %, 54 %, 142521 MiB, 143771 MiB
2026/08/14 02:49:50.146, NVIDIA H200, 60, 100 %, 42 %, 142521 MiB, 143771 MiB
2026/08/14 02:49:53.146, NVIDIA H200, 57, 100 %, 54 %, 142521 MiB, 143771 MiB
2026/08/14 02:49:56.147, NVIDIA H200, 57, 100 %, 53 %, 142521 MiB, 143771 MiB
2026/08/14 02:49:59.147, NVIDIA H200, 55, 99 %, 55 %, 142521 MiB, 143771 MiB
2026/08/14 02:50:02.148, NVIDIA H200, 56, 100 %, 49 %, 142521 MiB, 143771 MiB
2026/08/14 02:50:05.148, NVIDIA H200, 57, 100 %, 31 %, 142521 MiB, 143771 MiB
2026/08/14 02:50:08.148, NVIDIA H200, 56, 98 %, 38 %, 142521 MiB, 143771 MiB
2026/08/14 02:50:11.149, NVIDIA H200, 57, 100 %, 52 %, 142521 MiB, 143771 MiB
2026/08/14 02:50:14.149, NVIDIA H200, 56, 100 %, 54 %, 142521 MiB, 143771 MiB
2026/08/14 02:50:17.150, NVIDIA H200, 60, 100 %, 47 %, 142521 MiB, 143771 MiB
2026/08/14 02:50:20.150, NVIDIA H200, 54, 98 %, 57 %, 142521 MiB, 143771 MiB
2026/08/14 02:50:23.150, NVIDIA H200, 55, 100 %, 46 %, 142521 MiB, 143771 MiB
2026/08/14 02:50:26.151, NVIDIA H200, 59, 100 %, 47 %, 142521 MiB, 143771 MiB
2026/08/14 02:50:29.151, NVIDIA H200, 29, 0 %, 0 %, 142521 MiB, 143771 MiB
2026/08/14 02:50:32.152, NVIDIA H200, 29, 0 %, 0 %, 142521 MiB, 143771 MiB
2026/08/14 02:50:35.152, NVIDIA H200, 48, 99 %, 48 %, 142521 MiB, 143771 MiB
2026/08/14 02:50:38.153, NVIDIA H200, 28, 0 %, 0 %, 142521 MiB, 143771 MiB
2026/08/14 02:50:41.153, NVIDIA H200, 27, 0 %, 0 %, 142521 MiB, 143771 MiB
2026/08/14 02:50:44.154, NVIDIA H200, 49, 98 %, 54 %, 142521 MiB, 143771 MiB
2026/08/14 02:50:47.154, NVIDIA H200, 57, 100 %, 51 %, 142521 MiB, 143771 MiB
2026/08/14 02:50:50.154, NVIDIA H200, 53, 98 %, 41 %, 142521 MiB, 143771 MiB
2026/08/14 02:50:53.155, NVIDIA H200, 52, 100 %, 52 %, 142521 MiB, 143771 MiB
2026/08/14 02:50:56.155, NVIDIA H200, 54, 100 %, 48 %, 142521 MiB, 143771 MiB
2026/08/14 02:50:59.156, NVIDIA H200, 56, 100 %, 60 %, 142521 MiB, 143771 MiB
2026/08/14 02:51:02.156, NVIDIA H200, 56, 100 %, 56 %, 142521 MiB, 143771 MiB
2026/08/14 02:51:05.157, NVIDIA H200, 57, 100 %, 54 %, 142521 MiB, 143771 MiB
2026/08/14 02:51:08.157, NVIDIA H200, 56, 100 %, 56 %, 142521 MiB, 143771 MiB
2026/08/14 02:51:11.157, NVIDIA H200, 59, 100 %, 49 %, 142521 MiB, 143771 MiB
2026/08/14 02:51:14.158, NVIDIA H200, 54, 100 %, 48 %, 142521 MiB, 143771 MiB
2026/08/14 02:51:17.158, NVIDIA H200, 55, 100 %, 49 %, 142521 MiB, 143771 MiB
2026/08/14 02:51:20.159, NVIDIA H200, 56, 100 %, 14 %, 142521 MiB, 143771 MiB
2026/08/14 02:51:23.159, NVIDIA H200, 51, 98 %, 37 %, 142521 MiB, 143771 MiB
2026/08/14 02:51:26.160, NVIDIA H200, 57, 100 %, 45 %, 142521 MiB, 143771 MiB
2026/08/14 02:51:29.160, NVIDIA H200, 58, 100 %, 53 %, 142521 MiB, 143771 MiB
2026/08/14 02:51:32.161, NVIDIA H200, 59, 100 %, 45 %, 142521 MiB, 143771 MiB
2026/08/14 02:51:35.161, NVIDIA H200, 58, 98 %, 59 %, 142521 MiB, 143771 MiB
2026/08/14 02:51:38.162, NVIDIA H200, 58, 100 %, 49 %, 142521 MiB, 143771 MiB
2026/08/14 02:51:41.162, NVIDIA H200, 55, 100 %, 44 %, 142521 MiB, 143771 MiB
2026/08/14 02:51:44.163, NVIDIA H200, 56, 100 %, 46 %, 142521 MiB, 143771 MiB
2026/08/14 02:51:47.163, NVIDIA H200, 58, 100 %, 44 %, 142521 MiB, 143771 MiB
2026/08/14 02:51:50.164, NVIDIA H200, 55, 100 %, 58 %, 142521 MiB, 143771 MiB
2026/08/14 02:51:53.164, NVIDIA H200, 57, 100 %, 48 %, 142521 MiB, 143771 MiB
2026/08/14 02:51:56.164, NVIDIA H200, 58, 100 %, 49 %, 142521 MiB, 143771 MiB
2026/08/14 02:51:59.165, NVIDIA H200, 60, 100 %, 46 %, 142521 MiB, 143771 MiB
2026/08/14 02:52:02.165, NVIDIA H200, 55, 98 %, 54 %, 142521 MiB, 143771 MiB
2026/08/14 02:52:05.166, NVIDIA H200, 57, 100 %, 57 %, 142521 MiB, 143771 MiB
2026/08/14 02:52:08.166, NVIDIA H200, 55, 100 %, 47 %, 142521 MiB, 143771 MiB
2026/08/14 02:52:11.167, NVIDIA H200, 31, 0 %, 0 %, 142521 MiB, 143771 MiB
2026/08/14 02:52:14.167, NVIDIA H200, 38, 100 %, 57 %, 142521 MiB, 143771 MiB
2026/08/14 02:52:17.168, NVIDIA H200, 42, 100 %, 43 %, 142521 MiB, 143771 MiB
2026/08/14 02:52:20.168, NVIDIA H200, 30, 0 %, 0 %, 142521 MiB, 143771 MiB
2026/08/14 02:52:23.169, NVIDIA H200, 27, 0 %, 0 %, 142521 MiB, 143771 MiB
2026/08/14 02:52:26.169, NVIDIA H200, 31, 100 %, 55 %, 142521 MiB, 143771 MiB
2026/08/14 02:52:29.170, NVIDIA H200, 54, 100 %, 45 %, 142521 MiB, 143771 MiB
2026/08/14 02:52:32.170, NVIDIA H200, 51, 100 %, 52 %, 142521 MiB, 143771 MiB
2026/08/14 02:52:35.171, NVIDIA H200, 57, 100 %, 46 %, 142521 MiB, 143771 MiB
2026/08/14 02:52:38.171, NVIDIA H200, 56, 100 %, 56 %, 142521 MiB, 143771 MiB
2026/08/14 02:52:41.172, NVIDIA H200, 57, 100 %, 47 %, 142521 MiB, 143771 MiB
2026/08/14 02:52:44.172, NVIDIA H200, 54, 98 %, 67 %, 142521 MiB, 143771 MiB
2026/08/14 02:52:47.172, NVIDIA H200, 55, 100 %, 57 %, 142521 MiB, 143771 MiB
2026/08/14 02:52:50.173, NVIDIA H200, 57, 100 %, 51 %, 142521 MiB, 143771 MiB
2026/08/14 02:52:53.173, NVIDIA H200, 52, 99 %, 41 %, 142521 MiB, 143771 MiB
2026/08/14 02:52:56.174, NVIDIA H200, 57, 100 %, 51 %, 142521 MiB, 143771 MiB
2026/08/14 02:52:59.174, NVIDIA H200, 58, 100 %, 56 %, 142521 MiB, 143771 MiB
2026/08/14 02:53:02.175, NVIDIA H200, 60, 100 %, 44 %, 142521 MiB, 143771 MiB
2026/08/14 02:53:05.175, NVIDIA H200, 56, 100 %, 53 %, 142521 MiB, 143771 MiB
2026/08/14 02:53:08.176, NVIDIA H200, 57, 100 %, 51 %, 142521 MiB, 143771 MiB
2026/08/14 02:53:11.176, NVIDIA H200, 55, 100 %, 55 %, 142521 MiB, 143771 MiB
2026/08/14 02:53:14.177, NVIDIA H200, 55, 100 %, 49 %, 142521 MiB, 143771 MiB
2026/08/14 02:53:17.177, NVIDIA H200, 56, 100 %, 21 %, 142521 MiB, 143771 MiB
2026/08/14 02:53:20.177, NVIDIA H200, 56, 99 %, 34 %, 142521 MiB, 143771 MiB
2026/08/14 02:53:23.178, NVIDIA H200, 57, 100 %, 50 %, 142521 MiB, 143771 MiB
2026/08/14 02:53:26.178, NVIDIA H200, 57, 100 %, 52 %, 142521 MiB, 143771 MiB
2026/08/14 02:53:29.179, NVIDIA H200, 59, 100 %, 46 %, 142521 MiB, 143771 MiB
2026/08/14 02:53:32.179, NVIDIA H200, 55, 99 %, 49 %, 142521 MiB, 143771 MiB
2026/08/14 02:53:35.180, NVIDIA H200, 56, 100 %, 52 %, 142521 MiB, 143771 MiB
2026/08/14 02:53:38.180, NVIDIA H200, 56, 100 %, 49 %, 142521 MiB, 143771 MiB
2026/08/14 02:53:41.181, NVIDIA H200, 53, 100 %, 46 %, 142521 MiB, 143771 MiB
2026/08/14 02:53:44.181, NVIDIA H200, 57, 100 %, 35 %, 142521 MiB, 143771 MiB
2026/08/14 02:53:47.181, NVIDIA H200, 60, 100 %, 56 %, 142521 MiB, 143771 MiB
2026/08/14 02:53:50.182, NVIDIA H200, 58, 100 %, 47 %, 142521 MiB, 143771 MiB
2026/08/14 02:53:53.182, NVIDIA H200, 55, 98 %, 59 %, 142521 MiB, 143771 MiB
2026/08/14 02:53:56.183, NVIDIA H200, 30, 0 %, 0 %, 142521 MiB, 143771 MiB
2026/08/14 02:53:59.183, NVIDIA H200, 48, 100 %, 33 %, 142521 MiB, 143771 MiB
2026/08/14 02:54:02.184, NVIDIA H200, 50, 100 %, 56 %, 142521 MiB, 143771 MiB
2026/08/14 02:54:05.184, NVIDIA H200, 29, 0 %, 0 %, 142521 MiB, 143771 MiB
2026/08/14 02:54:08.185, NVIDIA H200, 27, 0 %, 0 %, 142521 MiB, 143771 MiB
2026/08/14 02:54:11.185, NVIDIA H200, 48, 100 %, 57 %, 142521 MiB, 143771 MiB
2026/08/14 02:54:14.186, NVIDIA H200, 50, 92 %, 50 %, 142521 MiB, 143771 MiB
2026/08/14 02:54:17.186, NVIDIA H200, 56, 100 %, 50 %, 142521 MiB, 143771 MiB
2026/08/14 02:54:20.187, NVIDIA H200, 55, 100 %, 49 %, 142521 MiB, 143771 MiB
2026/08/14 02:54:23.187, NVIDIA H200, 56, 100 %, 48 %, 142521 MiB, 143771 MiB
2026/08/14 02:54:26.188, NVIDIA H200, 56, 100 %, 23 %, 142521 MiB, 143771 MiB
2026/08/14 02:54:29.188, NVIDIA H200, 57, 100 %, 41 %, 142521 MiB, 143771 MiB
2026/08/14 02:54:32.189, NVIDIA H200, 57, 100 %, 37 %, 142521 MiB, 143771 MiB
2026/08/14 02:54:35.189, NVIDIA H200, 56, 100 %, 59 %, 142521 MiB, 143771 MiB
2026/08/14 02:54:38.190, NVIDIA H200, 58, 100 %, 47 %, 142521 MiB, 143771 MiB
2026/08/14 02:54:41.190, NVIDIA H200, 54, 98 %, 62 %, 142521 MiB, 143771 MiB
2026/08/14 02:54:44.191, NVIDIA H200, 55, 100 %, 55 %, 142521 MiB, 143771 MiB
2026/08/14 02:54:47.191, NVIDIA H200, 56, 100 %, 44 %, 142521 MiB, 143771 MiB
2026/08/14 02:54:50.192, NVIDIA H200, 51, 99 %, 47 %, 142521 MiB, 143771 MiB
2026/08/14 02:54:53.192, NVIDIA H200, 56, 100 %, 48 %, 142521 MiB, 143771 MiB
2026/08/14 02:54:56.193, NVIDIA H200, 58, 100 %, 59 %, 142521 MiB, 143771 MiB
2026/08/14 02:54:59.194, NVIDIA H200, 59, 100 %, 43 %, 142521 MiB, 143771 MiB
2026/08/14 02:55:02.194, NVIDIA H200, 58, 100 %, 50 %, 142521 MiB, 143771 MiB
2026/08/14 02:55:05.195, NVIDIA H200, 58, 100 %, 46 %, 142521 MiB, 143771 MiB
2026/08/14 02:55:08.195, NVIDIA H200, 56, 98 %, 58 %, 142521 MiB, 143771 MiB
2026/08/14 02:55:11.196, NVIDIA H200, 57, 100 %, 56 %, 142521 MiB, 143771 MiB
2026/08/14 02:55:14.196, NVIDIA H200, 58, 100 %, 47 %, 142521 MiB, 143771 MiB
2026/08/14 02:55:17.197, NVIDIA H200, 55, 100 %, 49 %, 142521 MiB, 143771 MiB
2026/08/14 02:55:20.197, NVIDIA H200, 56, 100 %, 44 %, 142521 MiB, 143771 MiB
2026/08/14 02:55:23.198, NVIDIA H200, 57, 100 %, 46 %, 142521 MiB, 143771 MiB
2026/08/14 02:55:26.198, NVIDIA H200, 58, 100 %, 44 %, 142521 MiB, 143771 MiB
2026/08/14 02:55:29.198, NVIDIA H200, 57, 100 %, 57 %, 142521 MiB, 143771 MiB
2026/08/14 02:55:32.199, NVIDIA H200, 59, 100 %, 44 %, 142521 MiB, 143771 MiB
2026/08/14 02:55:35.199, NVIDIA H200, 55, 98 %, 62 %, 142521 MiB, 143771 MiB
2026/08/14 02:55:38.200, NVIDIA H200, 40, 0 %, 0 %, 142521 MiB, 143771 MiB
2026/08/14 02:55:41.200, NVIDIA H200, 29, 0 %, 0 %, 142521 MiB, 143771 MiB
2026/08/14 02:55:44.201, NVIDIA H200, 28, 0 %, 0 %, 142521 MiB, 143771 MiB
2026/08/14 02:55:47.201, NVIDIA H200, 51, 100 %, 54 %, 142521 MiB, 143771 MiB
2026/08/14 02:55:50.201, NVIDIA H200, 29, 0 %, 0 %, 142521 MiB, 143771 MiB
2026/08/14 02:55:53.202, NVIDIA H200, 27, 0 %, 0 %, 142521 MiB, 143771 MiB
2026/08/14 02:55:56.202, NVIDIA H200, 27, 0 %, 0 %, 142521 MiB, 143771 MiB
2026/08/14 02:55:59.203, NVIDIA H200, 26, 0 %, 0 %, 142521 MiB, 143771 MiB
2026/08/14 02:56:02.203, NVIDIA H200, 41, 100 %, 54 %, 142521 MiB, 143771 MiB
2026/08/14 02:56:05.204, NVIDIA H200, 54, 100 %, 65 %, 142521 MiB, 143771 MiB
2026/08/14 02:56:08.204, NVIDIA H200, 55, 100 %, 58 %, 142521 MiB, 143771 MiB
2026/08/14 02:56:11.205, NVIDIA H200, 57, 100 %, 49 %, 142521 MiB, 143771 MiB
2026/08/14 02:56:14.205, NVIDIA H200, 57, 100 %, 49 %, 142521 MiB, 143771 MiB
2026/08/14 02:56:17.206, NVIDIA H200, 57, 100 %, 43 %, 142521 MiB, 143771 MiB
2026/08/14 02:56:20.206, NVIDIA H200, 55, 98 %, 60 %, 142521 MiB, 143771 MiB
2026/08/14 02:56:23.207, NVIDIA H200, 56, 100 %, 57 %, 142521 MiB, 143771 MiB
2026/08/14 02:56:26.207, NVIDIA H200, 57, 100 %, 47 %, 142521 MiB, 143771 MiB
2026/08/14 02:56:29.208, NVIDIA H200, 55, 97 %, 43 %, 142521 MiB, 143771 MiB
2026/08/14 02:56:32.208, NVIDIA H200, 57, 100 %, 60 %, 142521 MiB, 143771 MiB
2026/08/14 02:56:35.209, NVIDIA H200, 57, 100 %, 56 %, 142521 MiB, 143771 MiB
2026/08/14 02:56:38.209, NVIDIA H200, 60, 100 %, 53 %, 142521 MiB, 143771 MiB
2026/08/14 02:56:41.209, NVIDIA H200, 54, 100 %, 55 %, 142521 MiB, 143771 MiB
2026/08/14 02:56:44.210, NVIDIA H200, 57, 100 %, 49 %, 142521 MiB, 143771 MiB
2026/08/14 02:56:47.211, NVIDIA H200, 55, 100 %, 46 %, 142521 MiB, 143771 MiB
2026/08/14 02:56:50.211, NVIDIA H200, 55, 100 %, 52 %, 142521 MiB, 143771 MiB
2026/08/14 02:56:53.212, NVIDIA H200, 56, 100 %, 21 %, 142521 MiB, 143771 MiB
2026/08/14 02:56:56.212, NVIDIA H200, 57, 98 %, 40 %, 142521 MiB, 143771 MiB
2026/08/14 02:56:59.213, NVIDIA H200, 58, 100 %, 37 %, 142521 MiB, 143771 MiB
2026/08/14 02:57:02.213, NVIDIA H200, 57, 100 %, 59 %, 142521 MiB, 143771 MiB
2026/08/14 02:57:05.213, NVIDIA H200, 59, 100 %, 45 %, 142521 MiB, 143771 MiB
2026/08/14 02:57:08.214, NVIDIA H200, 54, 98 %, 62 %, 142521 MiB, 143771 MiB
2026/08/14 02:57:11.215, NVIDIA H200, 55, 100 %, 56 %, 142521 MiB, 143771 MiB
2026/08/14 02:57:14.215, NVIDIA H200, 57, 100 %, 44 %, 142521 MiB, 143771 MiB
2026/08/14 02:57:17.216, NVIDIA H200, 59, 99 %, 45 %, 142521 MiB, 143771 MiB
2026/08/14 02:57:20.216, NVIDIA H200, 59, 100 %, 50 %, 142521 MiB, 143771 MiB
2026/08/14 02:57:23.216, NVIDIA H200, 56, 100 %, 56 %, 142521 MiB, 143771 MiB
2026/08/14 02:57:26.217, NVIDIA H200, 57, 100 %, 41 %, 142521 MiB, 143771 MiB
2026/08/14 02:57:29.217, NVIDIA H200, 57, 99 %, 50 %, 142521 MiB, 143771 MiB
2026/08/14 02:57:32.218, NVIDIA H200, 30, 0 %, 0 %, 142521 MiB, 143771 MiB
2026/08/14 02:57:35.218, NVIDIA H200, 28, 0 %, 0 %, 142521 MiB, 143771 MiB
2026/08/14 02:57:38.219, NVIDIA H200, 52, 100 %, 51 %, 142521 MiB, 143771 MiB
2026/08/14 02:57:41.219, NVIDIA H200, 29, 0 %, 0 %, 142521 MiB, 143771 MiB
2026/08/14 02:57:44.219, NVIDIA H200, 27, 0 %, 0 %, 142521 MiB, 143771 MiB
2026/08/14 02:57:47.220, NVIDIA H200, 44, 100 %, 58 %, 142521 MiB, 143771 MiB
2026/08/14 02:57:50.220, NVIDIA H200, 41, 97 %, 49 %, 142521 MiB, 143771 MiB
2026/08/14 02:57:53.221, NVIDIA H200, 56, 100 %, 46 %, 142521 MiB, 143771 MiB
2026/08/14 02:57:56.221, NVIDIA H200, 58, 97 %, 40 %, 142521 MiB, 143771 MiB
2026/08/14 02:57:59.222, NVIDIA H200, 58, 100 %, 51 %, 142521 MiB, 143771 MiB
2026/08/14 02:58:02.222, NVIDIA H200, 58, 100 %, 56 %, 142521 MiB, 143771 MiB
2026/08/14 02:58:05.222, NVIDIA H200, 57, 100 %, 48 %, 142521 MiB, 143771 MiB
2026/08/14 02:58:08.223, NVIDIA H200, 56, 100 %, 54 %, 142521 MiB, 143771 MiB
2026/08/14 02:58:11.224, NVIDIA H200, 56, 100 %, 50 %, 142521 MiB, 143771 MiB
2026/08/14 02:58:14.224, NVIDIA H200, 57, 100 %, 51 %, 142521 MiB, 143771 MiB
2026/08/14 02:58:17.224, NVIDIA H200, 55, 100 %, 48 %, 142521 MiB, 143771 MiB
2026/08/14 02:58:20.225, NVIDIA H200, 57, 100 %, 21 %, 142521 MiB, 143771 MiB
2026/08/14 02:58:23.225, NVIDIA H200, 58, 98 %, 35 %, 142521 MiB, 143771 MiB
2026/08/14 02:58:26.226, NVIDIA H200, 60, 100 %, 46 %, 142521 MiB, 143771 MiB
2026/08/14 02:58:29.227, NVIDIA H200, 55, 100 %, 53 %, 142521 MiB, 143771 MiB
2026/08/14 02:58:32.227, NVIDIA H200, 57, 100 %, 45 %, 142521 MiB, 143771 MiB
2026/08/14 02:58:35.228, NVIDIA H200, 54, 97 %, 53 %, 142521 MiB, 143771 MiB
2026/08/14 02:58:38.228, NVIDIA H200, 55, 100 %, 49 %, 142521 MiB, 143771 MiB
2026/08/14 02:58:41.229, NVIDIA H200, 56, 100 %, 45 %, 142521 MiB, 143771 MiB
2026/08/14 02:58:44.229, NVIDIA H200, 57, 100 %, 45 %, 142521 MiB, 143771 MiB
2026/08/14 02:58:47.229, NVIDIA H200, 57, 100 %, 35 %, 142521 MiB, 143771 MiB
2026/08/14 02:58:50.230, NVIDIA H200, 57, 100 %, 55 %, 142521 MiB, 143771 MiB
2026/08/14 02:58:53.230, NVIDIA H200, 60, 100 %, 46 %, 142521 MiB, 143771 MiB
2026/08/14 02:58:56.231, NVIDIA H200, 54, 100 %, 53 %, 142521 MiB, 143771 MiB
2026/08/14 02:58:59.231, NVIDIA H200, 56, 100 %, 44 %, 142521 MiB, 143771 MiB
2026/08/14 02:59:02.232, NVIDIA H200, 56, 98 %, 64 %, 142521 MiB, 143771 MiB
2026/08/14 02:59:05.232, NVIDIA H200, 51, 100 %, 57 %, 142521 MiB, 143771 MiB
2026/08/14 02:59:08.232, NVIDIA H200, 57, 100 %, 47 %, 142521 MiB, 143771 MiB
2026/08/14 02:59:11.233, NVIDIA H200, 59, 98 %, 42 %, 142521 MiB, 143771 MiB
2026/08/14 02:59:14.233, NVIDIA H200, 47, 100 %, 53 %, 142521 MiB, 143771 MiB
2026/08/14 02:59:17.234, NVIDIA H200, 29, 0 %, 0 %, 142521 MiB, 143771 MiB
2026/08/14 02:59:20.234, NVIDIA H200, 38, 0 %, 0 %, 142521 MiB, 143771 MiB
2026/08/14 02:59:23.235, NVIDIA H200, 45, 99 %, 49 %, 142521 MiB, 143771 MiB
2026/08/14 02:59:26.235, NVIDIA H200, 28, 0 %, 0 %, 142521 MiB, 143771 MiB
2026/08/14 02:59:29.236, NVIDIA H200, 27, 0 %, 0 %, 142521 MiB, 143771 MiB
2026/08/14 02:59:32.236, NVIDIA H200, 53, 100 %, 50 %, 142521 MiB, 143771 MiB
2026/08/14 02:59:35.237, NVIDIA H200, 53, 100 %, 52 %, 142521 MiB, 143771 MiB
2026/08/14 02:59:38.237, NVIDIA H200, 55, 100 %, 45 %, 142521 MiB, 143771 MiB
2026/08/14 02:59:41.238, NVIDIA H200, 54, 97 %, 60 %, 142521 MiB, 143771 MiB
2026/08/14 02:59:44.238, NVIDIA H200, 55, 100 %, 48 %, 142521 MiB, 143771 MiB
2026/08/14 02:59:47.239, NVIDIA H200, 56, 100 %, 43 %, 142521 MiB, 143771 MiB
2026/08/14 02:59:50.239, NVIDIA H200, 57, 100 %, 46 %, 142521 MiB, 143771 MiB
2026/08/14 02:59:53.240, NVIDIA H200, 58, 100 %, 40 %, 142521 MiB, 143771 MiB
2026/08/14 02:59:56.240, NVIDIA H200, 57, 100 %, 57 %, 142521 MiB, 143771 MiB
2026/08/14 02:59:59.241, NVIDIA H200, 59, 100 %, 47 %, 142521 MiB, 143771 MiB
2026/08/14 03:00:02.241, NVIDIA H200, 54, 100 %, 49 %, 142521 MiB, 143771 MiB
2026/08/14 03:00:05.242, NVIDIA H200, 55, 100 %, 43 %, 142521 MiB, 143771 MiB
2026/08/14 03:00:08.242, NVIDIA H200, 56, 98 %, 63 %, 142521 MiB, 143771 MiB
2026/08/14 03:00:11.243, NVIDIA H200, 51, 100 %, 57 %, 142521 MiB, 143771 MiB
2026/08/14 03:00:14.243, NVIDIA H200, 56, 100 %, 47 %, 142521 MiB, 143771 MiB
2026/08/14 03:00:17.244, NVIDIA H200, 59, 97 %, 42 %, 142521 MiB, 143771 MiB
2026/08/14 03:00:20.244, NVIDIA H200, 59, 100 %, 59 %, 142521 MiB, 143771 MiB
2026/08/14 03:00:23.245, NVIDIA H200, 57, 100 %, 56 %, 142521 MiB, 143771 MiB
2026/08/14 03:00:26.245, NVIDIA H200, 58, 100 %, 53 %, 142521 MiB, 143771 MiB
2026/08/14 03:00:29.245, NVIDIA H200, 56, 98 %, 57 %, 142521 MiB, 143771 MiB
2026/08/14 03:00:32.246, NVIDIA H200, 57, 100 %, 57 %, 142521 MiB, 143771 MiB
2026/08/14 03:00:35.246, NVIDIA H200, 58, 100 %, 46 %, 142521 MiB, 143771 MiB
2026/08/14 03:00:38.247, NVIDIA H200, 56, 98 %, 40 %, 142521 MiB, 143771 MiB
2026/08/14 03:00:41.247, NVIDIA H200, 58, 100 %, 66 %, 142521 MiB, 143771 MiB
2026/08/14 03:00:44.248, NVIDIA H200, 57, 100 %, 53 %, 142521 MiB, 143771 MiB
2026/08/14 03:00:47.248, NVIDIA H200, 60, 100 %, 50 %, 142521 MiB, 143771 MiB
2026/08/14 03:00:50.248, NVIDIA H200, 55, 99 %, 50 %, 142521 MiB, 143771 MiB
2026/08/14 03:00:53.249, NVIDIA H200, 56, 100 %, 52 %, 142521 MiB, 143771 MiB
2026/08/14 03:00:56.249, NVIDIA H200, 56, 100 %, 49 %, 142521 MiB, 143771 MiB
2026/08/14 03:00:59.249, NVIDIA H200, 31, 0 %, 0 %, 142521 MiB, 143771 MiB
2026/08/14 03:01:02.250, NVIDIA H200, 28, 0 %, 0 %, 142521 MiB, 143771 MiB
2026/08/14 03:01:05.250, NVIDIA H200, 50, 100 %, 36 %, 142521 MiB, 143771 MiB
2026/08/14 03:01:08.251, NVIDIA H200, 31, 0 %, 0 %, 142521 MiB, 143771 MiB
2026/08/14 03:01:11.251, NVIDIA H200, 28, 0 %, 0 %, 142521 MiB, 143771 MiB
2026/08/14 03:01:14.252, NVIDIA H200, 42, 100 %, 57 %, 142521 MiB, 143771 MiB
2026/08/14 03:01:17.252, NVIDIA H200, 54, 100 %, 56 %, 142521 MiB, 143771 MiB
2026/08/14 03:01:20.253, NVIDIA H200, 54, 100 %, 53 %, 142521 MiB, 143771 MiB
2026/08/14 03:01:23.253, NVIDIA H200, 54, 100 %, 55 %, 142521 MiB, 143771 MiB
2026/08/14 03:01:26.254, NVIDIA H200, 54, 100 %, 48 %, 142521 MiB, 143771 MiB
2026/08/14 03:01:29.254, NVIDIA H200, 56, 100 %, 32 %, 142521 MiB, 143771 MiB
2026/08/14 03:01:32.255, NVIDIA H200, 56, 99 %, 36 %, 142521 MiB, 143771 MiB
2026/08/14 03:01:35.255, NVIDIA H200, 57, 100 %, 53 %, 142521 MiB, 143771 MiB
2026/08/14 03:01:38.256, NVIDIA H200, 57, 100 %, 51 %, 142521 MiB, 143771 MiB
2026/08/14 03:01:41.256, NVIDIA H200, 59, 100 %, 45 %, 142521 MiB, 143771 MiB
2026/08/14 03:01:44.257, NVIDIA H200, 55, 99 %, 49 %, 142521 MiB, 143771 MiB
2026/08/14 03:01:47.257, NVIDIA H200, 55, 100 %, 52 %, 142521 MiB, 143771 MiB
2026/08/14 03:01:50.258, NVIDIA H200, 56, 100 %, 47 %, 142521 MiB, 143771 MiB
2026/08/14 03:01:53.258, NVIDIA H200, 57, 100 %, 46 %, 142521 MiB, 143771 MiB
2026/08/14 03:01:56.259, NVIDIA H200, 58, 100 %, 36 %, 142521 MiB, 143771 MiB
2026/08/14 03:01:59.259, NVIDIA H200, 57, 100 %, 57 %, 142521 MiB, 143771 MiB
2026/08/14 03:02:02.260, NVIDIA H200, 59, 100 %, 47 %, 142521 MiB, 143771 MiB
2026/08/14 03:02:05.260, NVIDIA H200, 54, 100 %, 52 %, 142521 MiB, 143771 MiB
2026/08/14 03:02:08.261, NVIDIA H200, 55, 100 %, 46 %, 142521 MiB, 143771 MiB
2026/08/14 03:02:11.261, NVIDIA H200, 56, 98 %, 73 %, 142521 MiB, 143771 MiB
2026/08/14 03:02:14.262, NVIDIA H200, 52, 100 %, 60 %, 142521 MiB, 143771 MiB
2026/08/14 03:02:17.262, NVIDIA H200, 57, 100 %, 49 %, 142521 MiB, 143771 MiB
2026/08/14 03:02:20.263, NVIDIA H200, 59, 99 %, 40 %, 142521 MiB, 143771 MiB
2026/08/14 03:02:23.263, NVIDIA H200, 59, 100 %, 51 %, 142521 MiB, 143771 MiB
2026/08/14 03:02:26.264, NVIDIA H200, 58, 100 %, 56 %, 142521 MiB, 143771 MiB
2026/08/14 03:02:29.264, NVIDIA H200, 58, 100 %, 48 %, 142521 MiB, 143771 MiB
2026/08/14 03:02:32.265, NVIDIA H200, 55, 100 %, 55 %, 142521 MiB, 143771 MiB
2026/08/14 03:02:35.265, NVIDIA H200, 56, 100 %, 52 %, 142521 MiB, 143771 MiB
2026/08/14 03:02:38.265, NVIDIA H200, 58, 100 %, 52 %, 142521 MiB, 143771 MiB
2026/08/14 03:02:41.266, NVIDIA H200, 56, 100 %, 48 %, 142521 MiB, 143771 MiB
2026/08/14 03:02:44.266, NVIDIA H200, 30, 0 %, 0 %, 142521 MiB, 143771 MiB
2026/08/14 03:02:47.267, NVIDIA H200, 28, 0 %, 0 %, 142521 MiB, 143771 MiB
2026/08/14 03:02:50.267, NVIDIA H200, 47, 100 %, 52 %, 142521 MiB, 143771 MiB
2026/08/14 03:02:53.268, NVIDIA H200, 31, 0 %, 0 %, 142521 MiB, 143771 MiB
2026/08/14 03:02:56.268, NVIDIA H200, 28, 0 %, 0 %, 142521 MiB, 143771 MiB
2026/08/14 03:02:59.269, NVIDIA H200, 42, 100 %, 59 %, 142521 MiB, 143771 MiB
2026/08/14 03:03:02.269, NVIDIA H200, 56, 100 %, 46 %, 142521 MiB, 143771 MiB
2026/08/14 03:03:05.270, NVIDIA H200, 44, 100 %, 46 %, 142521 MiB, 143771 MiB
2026/08/14 03:03:08.270, NVIDIA H200, 55, 100 %, 47 %, 142521 MiB, 143771 MiB
2026/08/14 03:03:11.271, NVIDIA H200, 58, 98 %, 43 %, 142521 MiB, 143771 MiB
2026/08/14 03:03:14.271, NVIDIA H200, 59, 100 %, 63 %, 142521 MiB, 143771 MiB
2026/08/14 03:03:17.272, NVIDIA H200, 58, 100 %, 56 %, 142521 MiB, 143771 MiB
2026/08/14 03:03:20.272, NVIDIA H200, 58, 100 %, 53 %, 142521 MiB, 143771 MiB
2026/08/14 03:03:23.273, NVIDIA H200, 56, 99 %, 57 %, 142521 MiB, 143771 MiB
2026/08/14 03:03:26.273, NVIDIA H200, 57, 100 %, 49 %, 142521 MiB, 143771 MiB
2026/08/14 03:03:29.274, NVIDIA H200, 54, 100 %, 47 %, 142521 MiB, 143771 MiB
2026/08/14 03:03:32.274, NVIDIA H200, 55, 100 %, 49 %, 142521 MiB, 143771 MiB
2026/08/14 03:03:35.275, NVIDIA H200, 56, 100 %, 21 %, 142521 MiB, 143771 MiB
2026/08/14 03:03:38.275, NVIDIA H200, 56, 99 %, 36 %, 142521 MiB, 143771 MiB
2026/08/14 03:03:41.276, NVIDIA H200, 57, 100 %, 40 %, 142521 MiB, 143771 MiB
2026/08/14 03:03:44.276, NVIDIA H200, 56, 100 %, 53 %, 142521 MiB, 143771 MiB
2026/08/14 03:03:47.277, NVIDIA H200, 59, 100 %, 47 %, 142521 MiB, 143771 MiB
2026/08/14 03:03:50.277, NVIDIA H200, 53, 98 %, 61 %, 142521 MiB, 143771 MiB
2026/08/14 03:03:53.278, NVIDIA H200, 55, 100 %, 52 %, 142521 MiB, 143771 MiB
2026/08/14 03:03:56.278, NVIDIA H200, 56, 100 %, 44 %, 142521 MiB, 143771 MiB
2026/08/14 03:03:59.279, NVIDIA H200, 51, 98 %, 47 %, 142521 MiB, 143771 MiB
2026/08/14 03:04:02.279, NVIDIA H200, 56, 100 %, 48 %, 142521 MiB, 143771 MiB
2026/08/14 03:04:05.279, NVIDIA H200, 58, 100 %, 59 %, 142521 MiB, 143771 MiB
2026/08/14 03:04:08.280, NVIDIA H200, 59, 100 %, 44 %, 142521 MiB, 143771 MiB
2026/08/14 03:04:11.280, NVIDIA H200, 57, 100 %, 51 %, 142521 MiB, 143771 MiB
2026/08/14 03:04:14.281, NVIDIA H200, 58, 100 %, 46 %, 142521 MiB, 143771 MiB
2026/08/14 03:04:17.281, NVIDIA H200, 56, 98 %, 55 %, 142521 MiB, 143771 MiB
2026/08/14 03:04:20.282, NVIDIA H200, 57, 100 %, 55 %, 142521 MiB, 143771 MiB
2026/08/14 03:04:23.282, NVIDIA H200, 57, 100 %, 42 %, 142521 MiB, 143771 MiB
2026/08/14 03:04:26.282, NVIDIA H200, 57, 99 %, 49 %, 142521 MiB, 143771 MiB
2026/08/14 03:04:29.283, NVIDIA H200, 30, 0 %, 0 %, 142521 MiB, 143771 MiB
2026/08/14 03:04:32.283, NVIDIA H200, 39, 52 %, 31 %, 142521 MiB, 143771 MiB
2026/08/14 03:04:35.284, NVIDIA H200, 41, 24 %, 12 %, 142521 MiB, 143771 MiB
2026/08/14 03:04:38.284, NVIDIA H200, 28, 0 %, 0 %, 142521 MiB, 143771 MiB
2026/08/14 03:04:41.285, NVIDIA H200, 27, 0 %, 0 %, 142521 MiB, 143771 MiB
2026/08/14 03:04:44.285, NVIDIA H200, 26, 0 %, 0 %, 142521 MiB, 143771 MiB
2026/08/14 03:04:47.286, NVIDIA H200, 26, 0 %, 0 %, 142521 MiB, 143771 MiB
2026/08/14 03:04:50.286, NVIDIA H200, 51, 100 %, 59 %, 142521 MiB, 143771 MiB
2026/08/14 03:04:53.287, NVIDIA H200, 52, 98 %, 62 %, 142521 MiB, 143771 MiB
2026/08/14 03:04:56.288, NVIDIA H200, 53, 100 %, 50 %, 142521 MiB, 143771 MiB
2026/08/14 03:04:59.288, NVIDIA H200, 55, 100 %, 54 %, 142521 MiB, 143771 MiB
2026/08/14 03:05:02.288, NVIDIA H200, 56, 100 %, 46 %, 142521 MiB, 143771 MiB
2026/08/14 03:05:05.289, NVIDIA H200, 57, 100 %, 55 %, 142521 MiB, 143771 MiB
2026/08/14 03:05:08.289, NVIDIA H200, 59, 100 %, 47 %, 142521 MiB, 143771 MiB
2026/08/14 03:05:11.290, NVIDIA H200, 54, 99 %, 68 %, 142521 MiB, 143771 MiB
2026/08/14 03:05:14.290, NVIDIA H200, 56, 100 %, 57 %, 142521 MiB, 143771 MiB
2026/08/14 03:05:17.291, NVIDIA H200, 54, 100 %, 48 %, 142521 MiB, 143771 MiB
2026/08/14 03:05:20.291, NVIDIA H200, 55, 100 %, 48 %, 142521 MiB, 143771 MiB
2026/08/14 03:05:23.292, NVIDIA H200, 55, 100 %, 59 %, 142521 MiB, 143771 MiB
2026/08/14 03:05:26.292, NVIDIA H200, 56, 100 %, 57 %, 142521 MiB, 143771 MiB
2026/08/14 03:05:29.293, NVIDIA H200, 56, 100 %, 53 %, 142521 MiB, 143771 MiB
2026/08/14 03:05:32.293, NVIDIA H200, 56, 100 %, 56 %, 142521 MiB, 143771 MiB
2026/08/14 03:05:35.293, NVIDIA H200, 60, 100 %, 49 %, 142521 MiB, 143771 MiB
2026/08/14 03:05:38.294, NVIDIA H200, 54, 100 %, 49 %, 142521 MiB, 143771 MiB
2026/08/14 03:05:41.295, NVIDIA H200, 55, 100 %, 49 %, 142521 MiB, 143771 MiB
2026/08/14 03:05:44.295, NVIDIA H200, 55, 100 %, 21 %, 142521 MiB, 143771 MiB
2026/08/14 03:05:47.296, NVIDIA H200, 51, 99 %, 39 %, 142521 MiB, 143771 MiB
2026/08/14 03:05:50.296, NVIDIA H200, 57, 100 %, 37 %, 142521 MiB, 143771 MiB
2026/08/14 03:05:53.297, NVIDIA H200, 59, 100 %, 59 %, 142521 MiB, 143771 MiB
2026/08/14 03:05:56.297, NVIDIA H200, 59, 100 %, 47 %, 142521 MiB, 143771 MiB
2026/08/14 03:05:59.298, NVIDIA H200, 57, 100 %, 53 %, 142521 MiB, 143771 MiB
2026/08/14 03:06:02.298, NVIDIA H200, 58, 100 %, 58 %, 142521 MiB, 143771 MiB
2026/08/14 03:06:05.299, NVIDIA H200, 57, 100 %, 48 %, 142521 MiB, 143771 MiB
2026/08/14 03:06:08.299, NVIDIA H200, 57, 99 %, 43 %, 142521 MiB, 143771 MiB
2026/08/14 03:06:11.299, NVIDIA H200, 58, 100 %, 50 %, 142521 MiB, 143771 MiB
2026/08/14 03:06:14.300, NVIDIA H200, 56, 100 %, 54 %, 142521 MiB, 143771 MiB
2026/08/14 03:06:17.300, NVIDIA H200, 33, 0 %, 0 %, 142521 MiB, 143771 MiB
2026/08/14 03:06:20.301, NVIDIA H200, 31, 0 %, 0 %, 142521 MiB, 143771 MiB
2026/08/14 03:06:23.301, NVIDIA H200, 46, 2 %, 2 %, 142521 MiB, 143771 MiB
2026/08/14 03:06:26.302, NVIDIA H200, 30, 0 %, 0 %, 142521 MiB, 143771 MiB
2026/08/14 03:06:29.302, NVIDIA H200, 27, 0 %, 0 %, 142521 MiB, 143771 MiB
2026/08/14 03:06:32.303, NVIDIA H200, 27, 0 %, 0 %, 142521 MiB, 143771 MiB
2026/08/14 03:06:35.304, NVIDIA H200, 50, 99 %, 57 %, 142521 MiB, 143771 MiB
2026/08/14 03:06:38.304, NVIDIA H200, 55, 100 %, 50 %, 142521 MiB, 143771 MiB
2026/08/14 03:06:41.304, NVIDIA H200, 53, 98 %, 59 %, 142521 MiB, 143771 MiB
2026/08/14 03:06:44.305, NVIDIA H200, 54, 100 %, 50 %, 142521 MiB, 143771 MiB
2026/08/14 03:06:47.306, NVIDIA H200, 55, 100 %, 48 %, 142521 MiB, 143771 MiB
2026/08/14 03:06:50.306, NVIDIA H200, 52, 100 %, 47 %, 142521 MiB, 143771 MiB
2026/08/14 03:06:53.307, NVIDIA H200, 56, 100 %, 35 %, 142521 MiB, 143771 MiB
2026/08/14 03:06:56.307, NVIDIA H200, 59, 100 %, 51 %, 142521 MiB, 143771 MiB
2026/08/14 03:06:59.308, NVIDIA H200, 59, 100 %, 46 %, 142521 MiB, 143771 MiB
2026/08/14 03:07:02.308, NVIDIA H200, 56, 100 %, 55 %, 142521 MiB, 143771 MiB
2026/08/14 03:07:05.308, NVIDIA H200, 57, 100 %, 46 %, 142521 MiB, 143771 MiB
2026/08/14 03:07:08.309, NVIDIA H200, 54, 98 %, 70 %, 142521 MiB, 143771 MiB
2026/08/14 03:07:11.309, NVIDIA H200, 55, 100 %, 58 %, 142521 MiB, 143771 MiB
2026/08/14 03:07:14.310, NVIDIA H200, 57, 100 %, 48 %, 142521 MiB, 143771 MiB
2026/08/14 03:07:17.310, NVIDIA H200, 54, 99 %, 40 %, 142521 MiB, 143771 MiB
2026/08/14 03:07:20.311, NVIDIA H200, 57, 100 %, 52 %, 142521 MiB, 143771 MiB
2026/08/14 03:07:23.311, NVIDIA H200, 58, 100 %, 55 %, 142521 MiB, 143771 MiB
2026/08/14 03:07:26.311, NVIDIA H200, 60, 100 %, 48 %, 142521 MiB, 143771 MiB
2026/08/14 03:07:29.312, NVIDIA H200, 55, 100 %, 52 %, 142521 MiB, 143771 MiB
2026/08/14 03:07:32.312, NVIDIA H200, 57, 100 %, 53 %, 142521 MiB, 143771 MiB
2026/08/14 03:07:35.313, NVIDIA H200, 55, 99 %, 55 %, 142521 MiB, 143771 MiB
2026/08/14 03:07:38.313, NVIDIA H200, 56, 100 %, 48 %, 142521 MiB, 143771 MiB
2026/08/14 03:07:41.314, NVIDIA H200, 57, 100 %, 31 %, 142521 MiB, 143771 MiB
2026/08/14 03:07:44.314, NVIDIA H200, 56, 98 %, 34 %, 142521 MiB, 143771 MiB
2026/08/14 03:07:47.315, NVIDIA H200, 57, 100 %, 49 %, 142521 MiB, 143771 MiB
2026/08/14 03:07:50.315, NVIDIA H200, 57, 100 %, 54 %, 142521 MiB, 143771 MiB
2026/08/14 03:07:53.315, NVIDIA H200, 60, 100 %, 45 %, 142521 MiB, 143771 MiB
2026/08/14 03:07:56.316, NVIDIA H200, 54, 99 %, 60 %, 142521 MiB, 143771 MiB
2026/08/14 03:07:59.316, NVIDIA H200, 56, 100 %, 53 %, 142521 MiB, 143771 MiB
2026/08/14 03:08:02.317, NVIDIA H200, 30, 0 %, 0 %, 142521 MiB, 143771 MiB
2026/08/14 03:08:05.317, NVIDIA H200, 33, 34 %, 4 %, 142521 MiB, 143771 MiB
2026/08/14 03:08:08.318, NVIDIA H200, 45, 100 %, 53 %, 142521 MiB, 143771 MiB
2026/08/14 03:08:11.318, NVIDIA H200, 29, 0 %, 0 %, 142525 MiB, 143771 MiB
2026/08/14 03:08:14.319, NVIDIA H200, 27, 0 %, 0 %, 142525 MiB, 143771 MiB
2026/08/14 03:08:17.320, NVIDIA H200, 27, 0 %, 0 %, 142525 MiB, 143771 MiB
2026/08/14 03:08:20.320, NVIDIA H200, 26, 0 %, 0 %, 142525 MiB, 143771 MiB
2026/08/14 03:08:23.321, NVIDIA H200, 26, 0 %, 0 %, 142525 MiB, 143771 MiB
2026/08/14 03:08:26.321, NVIDIA H200, 26, 0 %, 0 %, 142525 MiB, 143771 MiB
2026/08/14 03:08:29.322, NVIDIA H200, 26, 0 %, 0 %, 142525 MiB, 143771 MiB
2026/08/14 03:08:32.322, NVIDIA H200, 26, 0 %, 0 %, 142525 MiB, 143771 MiB
2026/08/14 03:08:35.323, NVIDIA H200, 26, 0 %, 0 %, 142525 MiB, 143771 MiB
2026/08/14 03:08:38.323, NVIDIA H200, 26, 0 %, 0 %, 142525 MiB, 143771 MiB
2026/08/14 03:08:41.324, NVIDIA H200, 26, 0 %, 0 %, 142525 MiB, 143771 MiB
2026/08/14 03:08:44.324, NVIDIA H200, 25, 0 %, 0 %, 142525 MiB, 143771 MiB
2026/08/14 03:08:47.325, NVIDIA H200, 25, 0 %, 0 %, 142525 MiB, 143771 MiB
2026/08/14 03:08:50.325, NVIDIA H200, 25, 0 %, 0 %, 142525 MiB, 143771 MiB
2026/08/14 03:08:53.326, NVIDIA H200, 25, 0 %, 0 %, 142525 MiB, 143771 MiB
2026/08/14 03:08:56.326, NVIDIA H200, 25, 0 %, 0 %, 142525 MiB, 143771 MiB
2026/08/14 03:08:59.326, NVIDIA H200, 25, 0 %, 0 %, 142525 MiB, 143771 MiB
2026/08/14 03:09:02.327, NVIDIA H200, 25, 0 %, 0 %, 142525 MiB, 143771 MiB
2026/08/14 03:09:05.327, NVIDIA H200, 25, 0 %, 0 %, 142525 MiB, 143771 MiB
2026/08/14 03:09:08.328, NVIDIA H200, 25, 0 %, 0 %, 142525 MiB, 143771 MiB
2026/08/14 03:09:11.328, NVIDIA H200, 25, 0 %, 0 %, 142525 MiB, 143771 MiB
2026/08/14 03:09:14.329, NVIDIA H200, 25, 0 %, 0 %, 142525 MiB, 143771 MiB
2026/08/14 03:09:17.329, NVIDIA H200, 25, 0 %, 0 %, 142525 MiB, 143771 MiB
2026/08/14 03:09:20.330, NVIDIA H200, 25, 0 %, 0 %, 142525 MiB, 143771 MiB
2026/08/14 03:09:23.330, NVIDIA H200, 25, 0 %, 0 %, 142525 MiB, 143771 MiB
2026/08/14 03:09:26.330, NVIDIA H200, 25, 0 %, 0 %, 142525 MiB, 143771 MiB
2026/08/14 03:09:29.331, NVIDIA H200, 25, 0 %, 0 %, 142525 MiB, 143771 MiB
2026/08/14 03:09:32.331, NVIDIA H200, 25, 0 %, 0 %, 142525 MiB, 143771 MiB
2026/08/14 03:09:35.332, NVIDIA H200, 25, 0 %, 0 %, 142525 MiB, 143771 MiB
2026/08/14 03:09:38.332, NVIDIA H200, 25, 0 %, 0 %, 142525 MiB, 143771 MiB
2026/08/14 03:09:41.333, NVIDIA H200, 25, 0 %, 0 %, 142525 MiB, 143771 MiB
2026/08/14 03:09:44.333, NVIDIA H200, 25, 0 %, 0 %, 142525 MiB, 143771 MiB
2026/08/14 03:09:47.333, NVIDIA H200, 25, 0 %, 0 %, 142525 MiB, 143771 MiB
2026/08/14 03:09:50.334, NVIDIA H200, 25, 0 %, 0 %, 142525 MiB, 143771 MiB
2026/08/14 03:09:53.334, NVIDIA H200, 25, 0 %, 0 %, 142525 MiB, 143771 MiB
2026/08/14 03:09:56.334, NVIDIA H200, 25, 0 %, 0 %, 142525 MiB, 143771 MiB
2026/08/14 03:09:59.335, NVIDIA H200, 25, 0 %, 0 %, 142525 MiB, 143771 MiB
2026/08/14 03:10:02.335, NVIDIA H200, 25, 0 %, 0 %, 142525 MiB, 143771 MiB
2026/08/14 03:10:05.336, NVIDIA H200, 25, 0 %, 0 %, 142525 MiB, 143771 MiB
2026/08/14 03:10:08.336, NVIDIA H200, 25, 0 %, 0 %, 142525 MiB, 143771 MiB
2026/08/14 03:10:11.336, NVIDIA H200, 25, 0 %, 0 %, 142525 MiB, 143771 MiB
2026/08/14 03:10:14.337, NVIDIA H200, 25, 0 %, 0 %, 142525 MiB, 143771 MiB
2026/08/14 03:10:17.337, NVIDIA H200, 25, 0 %, 0 %, 142525 MiB, 143771 MiB
2026/08/14 03:10:20.338, NVIDIA H200, 25, 0 %, 0 %, 142525 MiB, 143771 MiB
2026/08/14 03:10:23.338, NVIDIA H200, 25, 0 %, 0 %, 142525 MiB, 143771 MiB
2026/08/14 03:10:26.339, NVIDIA H200, 25, 0 %, 0 %, 142525 MiB, 143771 MiB
2026/08/14 03:10:29.339, NVIDIA H200, 25, 0 %, 0 %, 142525 MiB, 143771 MiB
2026/08/14 03:10:32.339, NVIDIA H200, 25, 0 %, 0 %, 142525 MiB, 143771 MiB
2026/08/14 03:10:35.340, NVIDIA H200, 25, 0 %, 0 %, 142525 MiB, 143771 MiB
2026/08/14 03:10:38.341, NVIDIA H200, 25, 0 %, 0 %, 142525 MiB, 143771 MiB
2026/08/14 03:10:41.341, NVIDIA H200, 25, 0 %, 0 %, 142525 MiB, 143771 MiB
2026/08/14 03:10:44.342, NVIDIA H200, 25, 0 %, 0 %, 142525 MiB, 143771 MiB
2026/08/14 03:10:47.342, NVIDIA H200, 25, 0 %, 0 %, 142525 MiB, 143771 MiB
2026/08/14 03:10:50.343, NVIDIA H200, 25, 0 %, 0 %, 142525 MiB, 143771 MiB
2026/08/14 03:10:53.344, NVIDIA H200, 25, 0 %, 0 %, 142525 MiB, 143771 MiB
2026/08/14 03:10:56.344, NVIDIA H200, 25, 0 %, 0 %, 142525 MiB, 143771 MiB
2026/08/14 03:10:59.345, NVIDIA H200, 25, 0 %, 0 %, 142525 MiB, 143771 MiB
2026/08/14 03:11:02.345, NVIDIA H200, 25, 0 %, 0 %, 142525 MiB, 143771 MiB
2026/08/14 03:11:05.346, NVIDIA H200, 25, 0 %, 0 %, 142525 MiB, 143771 MiB
2026/08/14 03:11:08.346, NVIDIA H200, 25, 0 %, 0 %, 142525 MiB, 143771 MiB
2026/08/14 03:11:11.347, NVIDIA H200, 25, 0 %, 0 %, 142525 MiB, 143771 MiB
2026/08/14 03:11:14.348, NVIDIA H200, 25, 0 %, 0 %, 142525 MiB, 143771 MiB
2026/08/14 03:11:17.348, NVIDIA H200, 25, 0 %, 0 %, 142525 MiB, 143771 MiB
2026/08/14 03:11:20.349, NVIDIA H200, 25, 0 %, 0 %, 142525 MiB, 143771 MiB
2026/08/14 03:11:23.349, NVIDIA H200, 25, 0 %, 0 %, 142525 MiB, 143771 MiB
2026/08/14 03:11:26.349, NVIDIA H200, 25, 0 %, 0 %, 142525 MiB, 143771 MiB
2026/08/14 03:11:29.350, NVIDIA H200, 25, 0 %, 0 %, 142525 MiB, 143771 MiB
2026/08/14 03:11:32.350, NVIDIA H200, 25, 0 %, 0 %, 142525 MiB, 143771 MiB
2026/08/14 03:11:35.351, NVIDIA H200, 25, 0 %, 0 %, 142525 MiB, 143771 MiB
2026/08/14 03:11:38.351, NVIDIA H200, 25, 0 %, 0 %, 142525 MiB, 143771 MiB
2026/08/14 03:11:41.351, NVIDIA H200, 25, 0 %, 0 %, 142525 MiB, 143771 MiB
2026/08/14 03:11:44.352, NVIDIA H200, 25, 0 %, 0 %, 142525 MiB, 143771 MiB
2026/08/14 03:11:47.352, NVIDIA H200, 25, 0 %, 0 %, 142525 MiB, 143771 MiB
2026/08/14 03:11:50.353, NVIDIA H200, 25, 0 %, 0 %, 142525 MiB, 143771 MiB
2026/08/14 03:11:53.353, NVIDIA H200, 25, 0 %, 0 %, 142525 MiB, 143771 MiB
2026/08/14 03:11:56.354, NVIDIA H200, 25, 0 %, 0 %, 142525 MiB, 143771 MiB
2026/08/14 03:11:59.355, NVIDIA H200, 25, 0 %, 0 %, 142525 MiB, 143771 MiB
2026/08/14 03:12:02.355, NVIDIA H200, 25, 0 %, 0 %, 142525 MiB, 143771 MiB
2026/08/14 03:12:05.355, NVIDIA H200, 25, 0 %, 0 %, 142525 MiB, 143771 MiB
2026/08/14 03:12:08.356, NVIDIA H200, 25, 0 %, 0 %, 142525 MiB, 143771 MiB
2026/08/14 03:12:11.356, NVIDIA H200, 25, 0 %, 0 %, 142525 MiB, 143771 MiB
2026/08/14 03:12:14.357, NVIDIA H200, 25, 0 %, 0 %, 142525 MiB, 143771 MiB
2026/08/14 03:12:17.357, NVIDIA H200, 50, 100 %, 48 %, 142525 MiB, 143771 MiB
2026/08/14 03:12:20.358, NVIDIA H200, 54, 100 %, 53 %, 142525 MiB, 143771 MiB
2026/08/14 03:12:23.358, NVIDIA H200, 52, 100 %, 46 %, 142525 MiB, 143771 MiB
2026/08/14 03:12:26.359, NVIDIA H200, 55, 100 %, 51 %, 142525 MiB, 143771 MiB
2026/08/14 03:12:29.359, NVIDIA H200, 53, 100 %, 45 %, 142525 MiB, 143771 MiB
2026/08/14 03:12:32.360, NVIDIA H200, 54, 100 %, 46 %, 142525 MiB, 143771 MiB
2026/08/14 03:12:35.360, NVIDIA H200, 56, 100 %, 39 %, 142525 MiB, 143771 MiB
2026/08/14 03:12:38.361, NVIDIA H200, 54, 100 %, 57 %, 142525 MiB, 143771 MiB
2026/08/14 03:12:41.361, NVIDIA H200, 56, 100 %, 47 %, 142525 MiB, 143771 MiB
2026/08/14 03:12:44.361, NVIDIA H200, 57, 100 %, 48 %, 142525 MiB, 143771 MiB
2026/08/14 03:12:47.362, NVIDIA H200, 59, 100 %, 46 %, 142525 MiB, 143771 MiB
2026/08/14 03:12:50.362, NVIDIA H200, 54, 99 %, 53 %, 142525 MiB, 143771 MiB
2026/08/14 03:12:53.363, NVIDIA H200, 56, 100 %, 51 %, 142525 MiB, 143771 MiB
2026/08/14 03:12:56.363, NVIDIA H200, 55, 100 %, 33 %, 142525 MiB, 143771 MiB
2026/08/14 03:12:59.364, NVIDIA H200, 55, 98 %, 33 %, 142525 MiB, 143771 MiB
2026/08/14 03:13:02.364, NVIDIA H200, 55, 100 %, 55 %, 142525 MiB, 143771 MiB
2026/08/14 03:13:05.365, NVIDIA H200, 59, 100 %, 51 %, 142525 MiB, 143771 MiB
2026/08/14 03:13:08.365, NVIDIA H200, 58, 100 %, 44 %, 142525 MiB, 143771 MiB
2026/08/14 03:13:11.366, NVIDIA H200, 56, 97 %, 51 %, 142525 MiB, 143771 MiB
2026/08/14 03:13:14.366, NVIDIA H200, 58, 100 %, 53 %, 142525 MiB, 143771 MiB
2026/08/14 03:13:17.367, NVIDIA H200, 55, 100 %, 42 %, 142525 MiB, 143771 MiB
2026/08/14 03:13:20.367, NVIDIA H200, 55, 100 %, 49 %, 142525 MiB, 143771 MiB
2026/08/14 03:13:23.368, NVIDIA H200, 56, 100 %, 32 %, 142525 MiB, 143771 MiB
2026/08/14 03:13:26.368, NVIDIA H200, 59, 100 %, 51 %, 142525 MiB, 143771 MiB
2026/08/14 03:13:29.368, NVIDIA H200, 59, 100 %, 46 %, 142525 MiB, 143771 MiB
2026/08/14 03:13:32.369, NVIDIA H200, 57, 100 %, 57 %, 142525 MiB, 143771 MiB
2026/08/14 03:13:35.369, NVIDIA H200, 58, 100 %, 46 %, 142525 MiB, 143771 MiB
2026/08/14 03:13:38.370, NVIDIA H200, 55, 98 %, 73 %, 142525 MiB, 143771 MiB
2026/08/14 03:13:41.370, NVIDIA H200, 56, 100 %, 59 %, 142525 MiB, 143771 MiB
2026/08/14 03:13:44.370, NVIDIA H200, 51, 100 %, 5 %, 58615 MiB, 143771 MiB
2026/08/14 03:13:47.371, NVIDIA H200, 49, 100 %, 4 %, 87749 MiB, 143771 MiB
2026/08/14 03:13:50.371, NVIDIA H200, 33, 100 %, 1 %, 87749 MiB, 143771 MiB
2026/08/14 03:13:53.372, NVIDIA H200, 46, 100 %, 4 %, 83281 MiB, 143771 MiB
2026/08/14 03:13:56.372, NVIDIA H200, 44, 100 %, 6 %, 60855 MiB, 143771 MiB
2026/08/14 03:13:59.372, NVIDIA H200, 41, 100 %, 5 %, 51331 MiB, 143771 MiB
2026/08/14 03:14:02.373, NVIDIA H200, 44, 91 %, 15 %, 30329 MiB, 143771 MiB
2026/08/14 03:14:05.373, NVIDIA H200, 41, 100 %, 3 %, 34813 MiB, 143771 MiB
2026/08/14 03:14:08.374, NVIDIA H200, 29, 0 %, 0 %, 17087 MiB, 143771 MiB
2026/08/14 03:14:11.374, NVIDIA H200, 28, 0 %, 0 %, 17087 MiB, 143771 MiB
2026/08/14 03:14:14.374, NVIDIA H200, 35, 22 %, 6 %, 49491 MiB, 143771 MiB
2026/08/14 03:14:17.375, NVIDIA H200, 33, 0 %, 0 %, 49491 MiB, 143771 MiB
2026/08/14 03:14:20.376, NVIDIA H200, 40, 23 %, 23 %, 132219 MiB, 143771 MiB
2026/08/14 03:14:23.386, NVIDIA H200, 50, 100 %, 53 %, 143043 MiB, 143771 MiB
2026/08/14 03:14:26.386, NVIDIA H200, 54, 100 %, 48 %, 143043 MiB, 143771 MiB
2026/08/14 03:14:29.387, NVIDIA H200, 56, 100 %, 45 %, 143043 MiB, 143771 MiB
2026/08/14 03:14:32.387, NVIDIA H200, 56, 100 %, 53 %, 143043 MiB, 143771 MiB
2026/08/14 03:14:35.388, NVIDIA H200, 59, 100 %, 46 %, 143043 MiB, 143771 MiB
2026/08/14 03:14:38.388, NVIDIA H200, 54, 97 %, 60 %, 143043 MiB, 143771 MiB
2026/08/14 03:14:41.389, NVIDIA H200, 56, 100 %, 50 %, 143043 MiB, 143771 MiB
2026/08/14 03:14:44.389, NVIDIA H200, 57, 100 %, 45 %, 143043 MiB, 143771 MiB
2026/08/14 03:14:47.390, NVIDIA H200, 52, 99 %, 48 %, 143043 MiB, 143771 MiB
2026/08/14 03:14:50.390, NVIDIA H200, 56, 100 %, 51 %, 143043 MiB, 143771 MiB
2026/08/14 03:14:53.391, NVIDIA H200, 59, 100 %, 56 %, 143043 MiB, 143771 MiB
2026/08/14 03:14:56.391, NVIDIA H200, 61, 100 %, 44 %, 143043 MiB, 143771 MiB
2026/08/14 03:14:59.392, NVIDIA H200, 56, 100 %, 52 %, 143043 MiB, 143771 MiB
2026/08/14 03:15:02.392, NVIDIA H200, 58, 100 %, 54 %, 143043 MiB, 143771 MiB
2026/08/14 03:15:05.393, NVIDIA H200, 55, 100 %, 52 %, 143043 MiB, 143771 MiB
2026/08/14 03:15:08.393, NVIDIA H200, 56, 100 %, 49 %, 143043 MiB, 143771 MiB
2026/08/14 03:15:11.394, NVIDIA H200, 57, 100 %, 22 %, 143043 MiB, 143771 MiB
2026/08/14 03:15:14.394, NVIDIA H200, 57, 98 %, 36 %, 143043 MiB, 143771 MiB
2026/08/14 03:15:17.395, NVIDIA H200, 58, 100 %, 40 %, 143043 MiB, 143771 MiB
2026/08/14 03:15:20.395, NVIDIA H200, 58, 100 %, 59 %, 143043 MiB, 143771 MiB
2026/08/14 03:15:23.396, NVIDIA H200, 59, 100 %, 47 %, 143043 MiB, 143771 MiB
2026/08/14 03:15:26.396, NVIDIA H200, 55, 98 %, 61 %, 143043 MiB, 143771 MiB
2026/08/14 03:15:29.396, NVIDIA H200, 57, 100 %, 56 %, 143043 MiB, 143771 MiB
2026/08/14 03:15:32.397, NVIDIA H200, 58, 100 %, 50 %, 143043 MiB, 143771 MiB
2026/08/14 03:15:35.397, NVIDIA H200, 55, 99 %, 40 %, 143043 MiB, 143771 MiB
2026/08/14 03:15:38.398, NVIDIA H200, 58, 100 %, 54 %, 143043 MiB, 143771 MiB
2026/08/14 03:15:41.398, NVIDIA H200, 58, 100 %, 55 %, 143043 MiB, 143771 MiB
2026/08/14 03:15:44.399, NVIDIA H200, 62, 100 %, 54 %, 143043 MiB, 143771 MiB
2026/08/14 03:15:47.399, NVIDIA H200, 55, 99 %, 54 %, 143043 MiB, 143771 MiB
2026/08/14 03:15:50.400, NVIDIA H200, 33, 0 %, 0 %, 143043 MiB, 143771 MiB
2026/08/14 03:15:53.400, NVIDIA H200, 29, 0 %, 0 %, 143043 MiB, 143771 MiB
2026/08/14 03:15:56.400, NVIDIA H200, 42, 94 %, 37 %, 143043 MiB, 143771 MiB
2026/08/14 03:15:59.401, NVIDIA H200, 32, 0 %, 0 %, 143043 MiB, 143771 MiB
2026/08/14 03:16:02.401, NVIDIA H200, 28, 0 %, 0 %, 143043 MiB, 143771 MiB
2026/08/14 03:16:05.402, NVIDIA H200, 55, 100 %, 54 %, 143043 MiB, 143771 MiB
2026/08/14 03:16:08.402, NVIDIA H200, 57, 100 %, 54 %, 143043 MiB, 143771 MiB
2026/08/14 03:16:11.403, NVIDIA H200, 61, 100 %, 53 %, 143043 MiB, 143771 MiB
2026/08/14 03:16:14.403, NVIDIA H200, 56, 100 %, 52 %, 143043 MiB, 143771 MiB
2026/08/14 03:16:17.404, NVIDIA H200, 61, 100 %, 50 %, 143043 MiB, 143771 MiB
2026/08/14 03:16:20.404, NVIDIA H200, 55, 99 %, 50 %, 143043 MiB, 143771 MiB
2026/08/14 03:16:23.405, NVIDIA H200, 57, 100 %, 51 %, 143043 MiB, 143771 MiB
2026/08/14 03:16:26.405, NVIDIA H200, 56, 100 %, 41 %, 143043 MiB, 143771 MiB
2026/08/14 03:16:29.406, NVIDIA H200, 56, 100 %, 49 %, 143043 MiB, 143771 MiB
2026/08/14 03:16:32.406, NVIDIA H200, 57, 100 %, 52 %, 143043 MiB, 143771 MiB
2026/08/14 03:16:35.407, NVIDIA H200, 60, 100 %, 51 %, 143043 MiB, 143771 MiB
2026/08/14 03:16:38.407, NVIDIA H200, 60, 100 %, 45 %, 143043 MiB, 143771 MiB
2026/08/14 03:16:41.408, NVIDIA H200, 58, 98 %, 53 %, 143043 MiB, 143771 MiB
2026/08/14 03:16:44.408, NVIDIA H200, 62, 100 %, 44 %, 143043 MiB, 143771 MiB
2026/08/14 03:16:47.409, NVIDIA H200, 57, 100 %, 53 %, 143043 MiB, 143771 MiB
2026/08/14 03:16:50.409, NVIDIA H200, 58, 100 %, 50 %, 143043 MiB, 143771 MiB
2026/08/14 03:16:53.410, NVIDIA H200, 56, 100 %, 48 %, 143043 MiB, 143771 MiB
2026/08/14 03:16:56.410, NVIDIA H200, 56, 100 %, 51 %, 143043 MiB, 143771 MiB
2026/08/14 03:16:59.410, NVIDIA H200, 58, 100 %, 21 %, 143043 MiB, 143771 MiB
2026/08/14 03:17:02.411, NVIDIA H200, 58, 98 %, 39 %, 143043 MiB, 143771 MiB
2026/08/14 03:17:05.414, NVIDIA H200, 59, 100 %, 38 %, 143043 MiB, 143771 MiB
2026/08/14 03:17:08.414, NVIDIA H200, 58, 100 %, 58 %, 143043 MiB, 143771 MiB
2026/08/14 03:17:11.415, NVIDIA H200, 60, 100 %, 48 %, 143043 MiB, 143771 MiB
2026/08/14 03:17:14.416, NVIDIA H200, 56, 98 %, 63 %, 143043 MiB, 143771 MiB
2026/08/14 03:17:17.416, NVIDIA H200, 57, 100 %, 59 %, 143043 MiB, 143771 MiB
2026/08/14 03:17:20.417, NVIDIA H200, 59, 100 %, 48 %, 143043 MiB, 143771 MiB
2026/08/14 03:17:23.417, NVIDIA H200, 56, 99 %, 40 %, 143043 MiB, 143771 MiB
2026/08/14 03:17:26.418, NVIDIA H200, 59, 100 %, 58 %, 143043 MiB, 143771 MiB
2026/08/14 03:17:29.418, NVIDIA H200, 59, 100 %, 53 %, 143043 MiB, 143771 MiB
2026/08/14 03:17:32.418, NVIDIA H200, 33, 0 %, 0 %, 143043 MiB, 143771 MiB
2026/08/14 03:17:35.419, NVIDIA H200, 29, 0 %, 0 %, 143043 MiB, 143771 MiB
2026/08/14 03:17:38.420, NVIDIA H200, 28, 0 %, 0 %, 143043 MiB, 143771 MiB
2026/08/14 03:17:41.420, NVIDIA H200, 43, 16 %, 7 %, 143043 MiB, 143771 MiB
2026/08/14 03:17:44.421, NVIDIA H200, 29, 0 %, 0 %, 143043 MiB, 143771 MiB
2026/08/14 03:17:47.421, NVIDIA H200, 48, 100 %, 58 %, 143043 MiB, 143771 MiB
2026/08/14 03:17:50.421, NVIDIA H200, 52, 100 %, 45 %, 143043 MiB, 143771 MiB
2026/08/14 03:17:53.422, NVIDIA H200, 53, 100 %, 47 %, 143043 MiB, 143771 MiB
2026/08/14 03:17:56.422, NVIDIA H200, 55, 100 %, 49 %, 143043 MiB, 143771 MiB
2026/08/14 03:17:59.423, NVIDIA H200, 58, 100 %, 51 %, 143043 MiB, 143771 MiB
2026/08/14 03:18:02.423, NVIDIA H200, 58, 100 %, 43 %, 143043 MiB, 143771 MiB
2026/08/14 03:18:05.424, NVIDIA H200, 57, 98 %, 62 %, 143043 MiB, 143771 MiB
2026/08/14 03:18:08.424, NVIDIA H200, 58, 100 %, 56 %, 143043 MiB, 143771 MiB
2026/08/14 03:18:11.425, NVIDIA H200, 59, 100 %, 46 %, 143043 MiB, 143771 MiB
2026/08/14 03:18:14.425, NVIDIA H200, 59, 99 %, 45 %, 143043 MiB, 143771 MiB
2026/08/14 03:18:17.426, NVIDIA H200, 62, 100 %, 64 %, 143043 MiB, 143771 MiB
2026/08/14 03:18:20.426, NVIDIA H200, 57, 100 %, 54 %, 143043 MiB, 143771 MiB
2026/08/14 03:18:23.427, NVIDIA H200, 58, 100 %, 48 %, 143043 MiB, 143771 MiB
2026/08/14 03:18:26.427, NVIDIA H200, 56, 99 %, 48 %, 143043 MiB, 143771 MiB
2026/08/14 03:18:29.428, NVIDIA H200, 57, 100 %, 52 %, 143043 MiB, 143771 MiB
2026/08/14 03:18:32.428, NVIDIA H200, 57, 100 %, 47 %, 143043 MiB, 143771 MiB
2026/08/14 03:18:35.429, NVIDIA H200, 57, 100 %, 46 %, 143043 MiB, 143771 MiB
2026/08/14 03:18:38.429, NVIDIA H200, 58, 100 %, 33 %, 143043 MiB, 143771 MiB
2026/08/14 03:18:41.430, NVIDIA H200, 58, 100 %, 52 %, 143043 MiB, 143771 MiB
2026/08/14 03:18:44.430, NVIDIA H200, 61, 100 %, 46 %, 143043 MiB, 143771 MiB
2026/08/14 03:18:47.431, NVIDIA H200, 55, 100 %, 53 %, 143043 MiB, 143771 MiB
2026/08/14 03:18:50.431, NVIDIA H200, 57, 100 %, 43 %, 143043 MiB, 143771 MiB
2026/08/14 03:18:53.432, NVIDIA H200, 58, 98 %, 63 %, 143043 MiB, 143771 MiB
2026/08/14 03:18:56.432, NVIDIA H200, 53, 100 %, 56 %, 143043 MiB, 143771 MiB
2026/08/14 03:18:59.433, NVIDIA H200, 58, 100 %, 47 %, 143043 MiB, 143771 MiB
2026/08/14 03:19:02.433, NVIDIA H200, 59, 99 %, 44 %, 143043 MiB, 143771 MiB
2026/08/14 03:19:05.434, NVIDIA H200, 62, 100 %, 64 %, 143043 MiB, 143771 MiB
2026/08/14 03:19:08.434, NVIDIA H200, 57, 100 %, 52 %, 143043 MiB, 143771 MiB
2026/08/14 03:19:11.434, NVIDIA H200, 58, 100 %, 47 %, 143043 MiB, 143771 MiB
2026/08/14 03:19:14.435, NVIDIA H200, 58, 100 %, 37 %, 143043 MiB, 143771 MiB
2026/08/14 03:19:17.435, NVIDIA H200, 31, 0 %, 0 %, 143043 MiB, 143771 MiB
2026/08/14 03:19:20.436, NVIDIA H200, 29, 0 %, 0 %, 143043 MiB, 143771 MiB
2026/08/14 03:19:23.436, NVIDIA H200, 52, 100 %, 56 %, 143043 MiB, 143771 MiB
2026/08/14 03:19:26.437, NVIDIA H200, 30, 0 %, 0 %, 143043 MiB, 143771 MiB
2026/08/14 03:19:29.437, NVIDIA H200, 44, 100 %, 57 %, 143043 MiB, 143771 MiB
2026/08/14 03:19:32.438, NVIDIA H200, 49, 100 %, 54 %, 143043 MiB, 143771 MiB
2026/08/14 03:19:35.438, NVIDIA H200, 58, 100 %, 45 %, 143043 MiB, 143771 MiB
2026/08/14 03:19:38.439, NVIDIA H200, 54, 100 %, 59 %, 143043 MiB, 143771 MiB
2026/08/14 03:19:41.439, NVIDIA H200, 60, 100 %, 66 %, 143043 MiB, 143771 MiB
2026/08/14 03:19:44.440, NVIDIA H200, 57, 100 %, 54 %, 143043 MiB, 143771 MiB
2026/08/14 03:19:47.440, NVIDIA H200, 57, 100 %, 49 %, 143043 MiB, 143771 MiB
2026/08/14 03:19:50.441, NVIDIA H200, 56, 99 %, 48 %, 143043 MiB, 143771 MiB
2026/08/14 03:19:53.441, NVIDIA H200, 56, 100 %, 52 %, 143043 MiB, 143771 MiB
2026/08/14 03:19:56.442, NVIDIA H200, 57, 100 %, 43 %, 143043 MiB, 143771 MiB
2026/08/14 03:19:59.442, NVIDIA H200, 58, 100 %, 45 %, 143043 MiB, 143771 MiB
2026/08/14 03:20:02.443, NVIDIA H200, 59, 100 %, 43 %, 143043 MiB, 143771 MiB
2026/08/14 03:20:05.443, NVIDIA H200, 58, 100 %, 58 %, 143043 MiB, 143771 MiB
2026/08/14 03:20:08.443, NVIDIA H200, 60, 100 %, 45 %, 143043 MiB, 143771 MiB
2026/08/14 03:20:11.444, NVIDIA H200, 55, 100 %, 51 %, 143043 MiB, 143771 MiB
2026/08/14 03:20:14.444, NVIDIA H200, 56, 100 %, 47 %, 143043 MiB, 143771 MiB
2026/08/14 03:20:17.444, NVIDIA H200, 58, 98 %, 53 %, 143043 MiB, 143771 MiB
2026/08/14 03:20:20.445, NVIDIA H200, 54, 100 %, 47 %, 143043 MiB, 143771 MiB
2026/08/14 03:20:23.446, NVIDIA H200, 58, 100 %, 36 %, 143043 MiB, 143771 MiB
2026/08/14 03:20:26.446, NVIDIA H200, 60, 98 %, 35 %, 143043 MiB, 143771 MiB
2026/08/14 03:20:29.447, NVIDIA H200, 62, 100 %, 50 %, 143043 MiB, 143771 MiB
2026/08/14 03:20:32.447, NVIDIA H200, 56, 100 %, 53 %, 143043 MiB, 143771 MiB
2026/08/14 03:20:35.448, NVIDIA H200, 58, 100 %, 44 %, 143043 MiB, 143771 MiB
2026/08/14 03:20:38.448, NVIDIA H200, 56, 98 %, 52 %, 143043 MiB, 143771 MiB
2026/08/14 03:20:41.448, NVIDIA H200, 56, 100 %, 48 %, 143043 MiB, 143771 MiB
2026/08/14 03:20:44.449, NVIDIA H200, 57, 100 %, 43 %, 143043 MiB, 143771 MiB
2026/08/14 03:20:47.449, NVIDIA H200, 59, 99 %, 46 %, 143043 MiB, 143771 MiB
2026/08/14 03:20:50.449, NVIDIA H200, 59, 100 %, 49 %, 143043 MiB, 143771 MiB
2026/08/14 03:20:53.450, NVIDIA H200, 58, 100 %, 54 %, 143043 MiB, 143771 MiB
2026/08/14 03:20:56.450, NVIDIA H200, 58, 100 %, 44 %, 143043 MiB, 143771 MiB
2026/08/14 03:20:59.451, NVIDIA H200, 31, 0 %, 0 %, 143043 MiB, 143771 MiB
2026/08/14 03:21:02.452, NVIDIA H200, 29, 0 %, 0 %, 143043 MiB, 143771 MiB
2026/08/14 03:21:05.452, NVIDIA H200, 48, 100 %, 53 %, 143043 MiB, 143771 MiB
2026/08/14 03:21:08.453, NVIDIA H200, 32, 0 %, 0 %, 143043 MiB, 143771 MiB
2026/08/14 03:21:11.453, NVIDIA H200, 28, 0 %, 0 %, 143043 MiB, 143771 MiB
2026/08/14 03:21:14.454, NVIDIA H200, 28, 0 %, 0 %, 143043 MiB, 143771 MiB
2026/08/14 03:21:17.454, NVIDIA H200, 27, 0 %, 0 %, 143043 MiB, 143771 MiB
2026/08/14 03:21:20.455, NVIDIA H200, 55, 100 %, 48 %, 143043 MiB, 143771 MiB
2026/08/14 03:21:23.455, NVIDIA H200, 54, 100 %, 38 %, 143043 MiB, 143771 MiB
2026/08/14 03:21:26.456, NVIDIA H200, 55, 100 %, 58 %, 143043 MiB, 143771 MiB
2026/08/14 03:21:29.456, NVIDIA H200, 56, 100 %, 45 %, 143043 MiB, 143771 MiB
2026/08/14 03:21:32.456, NVIDIA H200, 51, 97 %, 47 %, 143043 MiB, 143771 MiB
2026/08/14 03:21:35.457, NVIDIA H200, 57, 100 %, 49 %, 143043 MiB, 143771 MiB
2026/08/14 03:21:38.457, NVIDIA H200, 59, 100 %, 55 %, 143043 MiB, 143771 MiB
2026/08/14 03:21:41.458, NVIDIA H200, 60, 100 %, 42 %, 143043 MiB, 143771 MiB
2026/08/14 03:21:44.458, NVIDIA H200, 58, 100 %, 52 %, 143043 MiB, 143771 MiB
2026/08/14 03:21:47.459, NVIDIA H200, 58, 100 %, 54 %, 143043 MiB, 143771 MiB
2026/08/14 03:21:50.459, NVIDIA H200, 56, 98 %, 56 %, 143043 MiB, 143771 MiB
2026/08/14 03:21:53.460, NVIDIA H200, 56, 100 %, 49 %, 143043 MiB, 143771 MiB
2026/08/14 03:21:56.460, NVIDIA H200, 57, 100 %, 32 %, 143043 MiB, 143771 MiB
2026/08/14 03:21:59.460, NVIDIA H200, 57, 98 %, 33 %, 143043 MiB, 143771 MiB
2026/08/14 03:22:02.461, NVIDIA H200, 57, 100 %, 47 %, 143043 MiB, 143771 MiB
2026/08/14 03:22:05.461, NVIDIA H200, 58, 100 %, 56 %, 143043 MiB, 143771 MiB
2026/08/14 03:22:08.462, NVIDIA H200, 60, 100 %, 47 %, 143043 MiB, 143771 MiB
2026/08/14 03:22:11.462, NVIDIA H200, 55, 98 %, 63 %, 143043 MiB, 143771 MiB
2026/08/14 03:22:14.463, NVIDIA H200, 56, 100 %, 55 %, 143043 MiB, 143771 MiB
2026/08/14 03:22:17.463, NVIDIA H200, 57, 100 %, 46 %, 143043 MiB, 143771 MiB
2026/08/14 03:22:20.464, NVIDIA H200, 53, 99 %, 47 %, 143043 MiB, 143771 MiB
2026/08/14 03:22:23.464, NVIDIA H200, 58, 100 %, 51 %, 143043 MiB, 143771 MiB
2026/08/14 03:22:26.465, NVIDIA H200, 59, 100 %, 56 %, 143043 MiB, 143771 MiB
2026/08/14 03:22:29.465, NVIDIA H200, 62, 100 %, 42 %, 143043 MiB, 143771 MiB
2026/08/14 03:22:32.465, NVIDIA H200, 56, 100 %, 53 %, 143043 MiB, 143771 MiB
2026/08/14 03:22:35.466, NVIDIA H200, 58, 100 %, 51 %, 143043 MiB, 143771 MiB
2026/08/14 03:22:38.466, NVIDIA H200, 55, 100 %, 47 %, 143043 MiB, 143771 MiB
2026/08/14 03:22:41.466, NVIDIA H200, 57, 100 %, 49 %, 143043 MiB, 143771 MiB
2026/08/14 03:22:44.467, NVIDIA H200, 57, 100 %, 19 %, 143043 MiB, 143771 MiB
2026/08/14 03:22:47.467, NVIDIA H200, 37, 0 %, 0 %, 143043 MiB, 143771 MiB
2026/08/14 03:22:50.468, NVIDIA H200, 29, 0 %, 0 %, 143043 MiB, 143771 MiB
2026/08/14 03:22:53.468, NVIDIA H200, 31, 0 %, 0 %, 143043 MiB, 143771 MiB
2026/08/14 03:22:56.469, NVIDIA H200, 36, 0 %, 0 %, 143043 MiB, 143771 MiB
2026/08/14 03:22:59.469, NVIDIA H200, 29, 0 %, 0 %, 143043 MiB, 143771 MiB
2026/08/14 03:23:02.470, NVIDIA H200, 43, 100 %, 55 %, 143043 MiB, 143771 MiB
2026/08/14 03:23:05.470, NVIDIA H200, 56, 99 %, 55 %, 143043 MiB, 143771 MiB
2026/08/14 03:23:08.471, NVIDIA H200, 55, 100 %, 48 %, 143043 MiB, 143771 MiB
2026/08/14 03:23:11.471, NVIDIA H200, 55, 100 %, 55 %, 143043 MiB, 143771 MiB
2026/08/14 03:23:14.471, NVIDIA H200, 57, 100 %, 53 %, 143043 MiB, 143771 MiB
2026/08/14 03:23:17.472, NVIDIA H200, 56, 99 %, 51 %, 143043 MiB, 143771 MiB
2026/08/14 03:23:20.472, NVIDIA H200, 56, 100 %, 51 %, 143043 MiB, 143771 MiB
2026/08/14 03:23:23.473, NVIDIA H200, 57, 100 %, 49 %, 143043 MiB, 143771 MiB
2026/08/14 03:23:26.474, NVIDIA H200, 57, 100 %, 47 %, 143043 MiB, 143771 MiB
2026/08/14 03:23:29.474, NVIDIA H200, 58, 100 %, 34 %, 143043 MiB, 143771 MiB
2026/08/14 03:23:32.474, NVIDIA H200, 58, 100 %, 56 %, 143043 MiB, 143771 MiB
2026/08/14 03:23:35.475, NVIDIA H200, 60, 100 %, 48 %, 143043 MiB, 143771 MiB
2026/08/14 03:23:38.475, NVIDIA H200, 55, 100 %, 49 %, 143043 MiB, 143771 MiB
2026/08/14 03:23:41.476, NVIDIA H200, 57, 100 %, 46 %, 143043 MiB, 143771 MiB
2026/08/14 03:23:44.476, NVIDIA H200, 58, 98 %, 54 %, 143043 MiB, 143771 MiB
2026/08/14 03:23:47.477, NVIDIA H200, 54, 100 %, 53 %, 143043 MiB, 143771 MiB
2026/08/14 03:23:50.477, NVIDIA H200, 58, 100 %, 36 %, 143043 MiB, 143771 MiB
2026/08/14 03:23:53.478, NVIDIA H200, 59, 97 %, 34 %, 143043 MiB, 143771 MiB
2026/08/14 03:23:56.478, NVIDIA H200, 61, 100 %, 54 %, 143043 MiB, 143771 MiB
2026/08/14 03:23:59.479, NVIDIA H200, 56, 100 %, 51 %, 143043 MiB, 143771 MiB
2026/08/14 03:24:02.479, NVIDIA H200, 58, 100 %, 45 %, 143043 MiB, 143771 MiB
2026/08/14 03:24:05.480, NVIDIA H200, 56, 99 %, 61 %, 143043 MiB, 143771 MiB
2026/08/14 03:24:08.480, NVIDIA H200, 57, 100 %, 49 %, 143043 MiB, 143771 MiB
2026/08/14 03:24:11.481, NVIDIA H200, 57, 100 %, 45 %, 143043 MiB, 143771 MiB
2026/08/14 03:24:14.481, NVIDIA H200, 59, 99 %, 48 %, 143043 MiB, 143771 MiB
2026/08/14 03:24:17.481, NVIDIA H200, 59, 100 %, 50 %, 143043 MiB, 143771 MiB
2026/08/14 03:24:20.482, NVIDIA H200, 58, 100 %, 56 %, 143043 MiB, 143771 MiB
2026/08/14 03:24:23.482, NVIDIA H200, 59, 100 %, 48 %, 143043 MiB, 143771 MiB
2026/08/14 03:24:26.483, NVIDIA H200, 56, 100 %, 55 %, 143043 MiB, 143771 MiB
2026/08/14 03:24:29.483, NVIDIA H200, 40, 0 %, 0 %, 143043 MiB, 143771 MiB
2026/08/14 03:24:32.484, NVIDIA H200, 30, 0 %, 0 %, 143043 MiB, 143771 MiB
2026/08/14 03:24:35.484, NVIDIA H200, 29, 0 %, 0 %, 143043 MiB, 143771 MiB
2026/08/14 03:24:38.484, NVIDIA H200, 37, 1 %, 0 %, 143043 MiB, 143771 MiB
2026/08/14 03:24:41.485, NVIDIA H200, 29, 0 %, 0 %, 143043 MiB, 143771 MiB
2026/08/14 03:24:44.486, NVIDIA H200, 50, 100 %, 44 %, 143043 MiB, 143771 MiB
2026/08/14 03:24:47.486, NVIDIA H200, 54, 100 %, 51 %, 143043 MiB, 143771 MiB
2026/08/14 03:24:50.487, NVIDIA H200, 57, 100 %, 43 %, 143043 MiB, 143771 MiB
2026/08/14 03:24:53.487, NVIDIA H200, 55, 100 %, 53 %, 143043 MiB, 143771 MiB
2026/08/14 03:24:56.488, NVIDIA H200, 58, 100 %, 43 %, 143043 MiB, 143771 MiB
2026/08/14 03:24:59.488, NVIDIA H200, 55, 98 %, 54 %, 143043 MiB, 143771 MiB
2026/08/14 03:25:02.489, NVIDIA H200, 55, 100 %, 46 %, 143043 MiB, 143771 MiB
2026/08/14 03:25:05.489, NVIDIA H200, 57, 100 %, 44 %, 143043 MiB, 143771 MiB
2026/08/14 03:25:08.490, NVIDIA H200, 59, 98 %, 47 %, 143043 MiB, 143771 MiB
2026/08/14 03:25:11.490, NVIDIA H200, 58, 100 %, 49 %, 143043 MiB, 143771 MiB
2026/08/14 03:25:14.491, NVIDIA H200, 57, 100 %, 56 %, 143043 MiB, 143771 MiB
2026/08/14 03:25:17.491, NVIDIA H200, 59, 100 %, 42 %, 143043 MiB, 143771 MiB
2026/08/14 03:25:20.492, NVIDIA H200, 55, 100 %, 55 %, 143043 MiB, 143771 MiB
2026/08/14 03:25:23.492, NVIDIA H200, 56, 100 %, 53 %, 143043 MiB, 143771 MiB
2026/08/14 03:25:26.493, NVIDIA H200, 58, 99 %, 55 %, 143043 MiB, 143771 MiB
2026/08/14 03:25:29.493, NVIDIA H200, 55, 100 %, 49 %, 143043 MiB, 143771 MiB
2026/08/14 03:25:32.493, NVIDIA H200, 58, 100 %, 26 %, 143043 MiB, 143771 MiB
2026/08/14 03:25:35.494, NVIDIA H200, 58, 98 %, 35 %, 143043 MiB, 143771 MiB
2026/08/14 03:25:38.494, NVIDIA H200, 61, 100 %, 44 %, 143043 MiB, 143771 MiB
2026/08/14 03:25:41.495, NVIDIA H200, 55, 100 %, 54 %, 143043 MiB, 143771 MiB
2026/08/14 03:25:44.495, NVIDIA H200, 57, 100 %, 44 %, 143043 MiB, 143771 MiB
2026/08/14 03:25:47.496, NVIDIA H200, 56, 97 %, 60 %, 143043 MiB, 143771 MiB
2026/08/14 03:25:50.496, NVIDIA H200, 56, 100 %, 55 %, 143043 MiB, 143771 MiB
2026/08/14 03:25:53.496, NVIDIA H200, 57, 100 %, 45 %, 143043 MiB, 143771 MiB
2026/08/14 03:25:56.497, NVIDIA H200, 52, 99 %, 47 %, 143043 MiB, 143771 MiB
2026/08/14 03:25:59.497, NVIDIA H200, 57, 100 %, 52 %, 143043 MiB, 143771 MiB
2026/08/14 03:26:02.498, NVIDIA H200, 59, 100 %, 56 %, 143043 MiB, 143771 MiB
2026/08/14 03:26:05.498, NVIDIA H200, 61, 100 %, 44 %, 143043 MiB, 143771 MiB
2026/08/14 03:26:08.499, NVIDIA H200, 55, 98 %, 61 %, 143043 MiB, 143771 MiB
2026/08/14 03:26:11.500, NVIDIA H200, 40, 0 %, 0 %, 143043 MiB, 143771 MiB
2026/08/14 03:26:14.500, NVIDIA H200, 29, 0 %, 0 %, 143043 MiB, 143771 MiB
2026/08/14 03:26:17.500, NVIDIA H200, 30, 0 %, 0 %, 143043 MiB, 143771 MiB
2026/08/14 03:26:20.501, NVIDIA H200, 36, 0 %, 0 %, 143043 MiB, 143771 MiB
2026/08/14 03:26:23.502, NVIDIA H200, 28, 0 %, 0 %, 143043 MiB, 143771 MiB
2026/08/14 03:26:26.502, NVIDIA H200, 31, 0 %, 0 %, 143043 MiB, 143771 MiB
2026/08/14 03:26:29.503, NVIDIA H200, 49, 100 %, 47 %, 143043 MiB, 143771 MiB
2026/08/14 03:26:32.503, NVIDIA H200, 51, 100 %, 22 %, 143043 MiB, 143771 MiB
2026/08/14 03:26:35.503, NVIDIA H200, 54, 100 %, 46 %, 143043 MiB, 143771 MiB
2026/08/14 03:26:38.504, NVIDIA H200, 54, 100 %, 50 %, 143043 MiB, 143771 MiB
2026/08/14 03:26:41.505, NVIDIA H200, 55, 100 %, 50 %, 143043 MiB, 143771 MiB
2026/08/14 03:26:44.505, NVIDIA H200, 57, 100 %, 33 %, 143043 MiB, 143771 MiB
2026/08/14 03:26:47.506, NVIDIA H200, 52, 100 %, 52 %, 143043 MiB, 143771 MiB
2026/08/14 03:26:50.506, NVIDIA H200, 57, 100 %, 46 %, 143043 MiB, 143771 MiB
2026/08/14 03:26:53.506, NVIDIA H200, 58, 100 %, 55 %, 143043 MiB, 143771 MiB
2026/08/14 03:26:56.507, NVIDIA H200, 61, 100 %, 43 %, 143043 MiB, 143771 MiB
2026/08/14 03:26:59.508, NVIDIA H200, 56, 97 %, 72 %, 143043 MiB, 143771 MiB
2026/08/14 03:27:02.508, NVIDIA H200, 57, 100 %, 58 %, 143043 MiB, 143771 MiB
2026/08/14 03:27:05.508, NVIDIA H200, 55, 100 %, 48 %, 143043 MiB, 143771 MiB
2026/08/14 03:27:08.509, NVIDIA H200, 56, 100 %, 41 %, 143043 MiB, 143771 MiB
2026/08/14 03:27:11.509, NVIDIA H200, 56, 100 %, 62 %, 143043 MiB, 143771 MiB
2026/08/14 03:27:14.510, NVIDIA H200, 57, 100 %, 55 %, 143043 MiB, 143771 MiB
2026/08/14 03:27:17.510, NVIDIA H200, 58, 100 %, 54 %, 143043 MiB, 143771 MiB
2026/08/14 03:27:20.511, NVIDIA H200, 57, 99 %, 58 %, 143043 MiB, 143771 MiB
2026/08/14 03:27:23.511, NVIDIA H200, 59, 100 %, 54 %, 143043 MiB, 143771 MiB
2026/08/14 03:27:26.512, NVIDIA H200, 54, 100 %, 51 %, 143043 MiB, 143771 MiB
2026/08/14 03:27:29.513, NVIDIA H200, 56, 100 %, 51 %, 143043 MiB, 143771 MiB
2026/08/14 03:27:32.513, NVIDIA H200, 56, 100 %, 32 %, 143043 MiB, 143771 MiB
2026/08/14 03:27:35.513, NVIDIA H200, 59, 100 %, 54 %, 143043 MiB, 143771 MiB
2026/08/14 03:27:38.514, NVIDIA H200, 59, 100 %, 46 %, 143043 MiB, 143771 MiB
2026/08/14 03:27:41.514, NVIDIA H200, 58, 100 %, 53 %, 143043 MiB, 143771 MiB
2026/08/14 03:27:44.515, NVIDIA H200, 57, 100 %, 44 %, 143043 MiB, 143771 MiB
2026/08/14 03:27:47.515, NVIDIA H200, 56, 98 %, 62 %, 143043 MiB, 143771 MiB
2026/08/14 03:27:50.516, NVIDIA H200, 57, 100 %, 57 %, 143043 MiB, 143771 MiB
2026/08/14 03:27:53.516, NVIDIA H200, 58, 100 %, 50 %, 143043 MiB, 143771 MiB
2026/08/14 03:27:56.517, NVIDIA H200, 29, 0 %, 0 %, 143043 MiB, 143771 MiB
2026/08/14 03:27:59.517, NVIDIA H200, 35, 35 %, 2 %, 143043 MiB, 143771 MiB
2026/08/14 03:28:02.518, NVIDIA H200, 48, 100 %, 51 %, 143043 MiB, 143771 MiB
2026/08/14 03:28:05.518, NVIDIA H200, 30, 0 %, 0 %, 143043 MiB, 143771 MiB
2026/08/14 03:28:08.519, NVIDIA H200, 27, 0 %, 0 %, 143043 MiB, 143771 MiB
2026/08/14 03:28:11.519, NVIDIA H200, 51, 100 %, 47 %, 143043 MiB, 143771 MiB
2026/08/14 03:28:14.519, NVIDIA H200, 55, 100 %, 53 %, 143043 MiB, 143771 MiB
2026/08/14 03:28:17.520, NVIDIA H200, 52, 100 %, 47 %, 143043 MiB, 143771 MiB
2026/08/14 03:28:20.520, NVIDIA H200, 55, 100 %, 46 %, 143043 MiB, 143771 MiB
2026/08/14 03:28:23.521, NVIDIA H200, 56, 100 %, 52 %, 143043 MiB, 143771 MiB
2026/08/14 03:28:26.521, NVIDIA H200, 58, 100 %, 46 %, 143043 MiB, 143771 MiB
2026/08/14 03:28:29.522, NVIDIA H200, 56, 99 %, 53 %, 143043 MiB, 143771 MiB
2026/08/14 03:28:32.522, NVIDIA H200, 56, 100 %, 54 %, 143043 MiB, 143771 MiB
2026/08/14 03:28:35.523, NVIDIA H200, 57, 100 %, 38 %, 143043 MiB, 143771 MiB
2026/08/14 03:28:38.523, NVIDIA H200, 56, 99 %, 41 %, 143043 MiB, 143771 MiB
2026/08/14 03:28:41.524, NVIDIA H200, 57, 100 %, 52 %, 143043 MiB, 143771 MiB
2026/08/14 03:28:44.524, NVIDIA H200, 56, 100 %, 52 %, 143043 MiB, 143771 MiB
2026/08/14 03:28:47.525, NVIDIA H200, 60, 100 %, 44 %, 143043 MiB, 143771 MiB
2026/08/14 03:28:50.526, NVIDIA H200, 54, 98 %, 58 %, 143043 MiB, 143771 MiB
2026/08/14 03:28:53.526, NVIDIA H200, 55, 100 %, 47 %, 143043 MiB, 143771 MiB
2026/08/14 03:28:56.527, NVIDIA H200, 56, 100 %, 43 %, 143043 MiB, 143771 MiB
2026/08/14 03:28:59.527, NVIDIA H200, 51, 100 %, 46 %, 143043 MiB, 143771 MiB
2026/08/14 03:29:02.527, NVIDIA H200, 57, 100 %, 47 %, 143043 MiB, 143771 MiB
2026/08/14 03:29:05.528, NVIDIA H200, 59, 100 %, 58 %, 143043 MiB, 143771 MiB
2026/08/14 03:29:08.529, NVIDIA H200, 59, 100 %, 42 %, 143043 MiB, 143771 MiB
2026/08/14 03:29:11.529, NVIDIA H200, 58, 100 %, 53 %, 143043 MiB, 143771 MiB
2026/08/14 03:29:14.530, NVIDIA H200, 57, 100 %, 52 %, 143043 MiB, 143771 MiB
2026/08/14 03:29:17.530, NVIDIA H200, 55, 99 %, 54 %, 143043 MiB, 143771 MiB
2026/08/14 03:29:20.531, NVIDIA H200, 56, 100 %, 48 %, 143043 MiB, 143771 MiB
2026/08/14 03:29:23.531, NVIDIA H200, 56, 100 %, 21 %, 143043 MiB, 143771 MiB
2026/08/14 03:29:26.531, NVIDIA H200, 57, 99 %, 36 %, 143043 MiB, 143771 MiB
2026/08/14 03:29:29.532, NVIDIA H200, 58, 100 %, 37 %, 143043 MiB, 143771 MiB
2026/08/14 03:29:32.532, NVIDIA H200, 56, 100 %, 61 %, 143043 MiB, 143771 MiB
2026/08/14 03:29:35.533, NVIDIA H200, 58, 100 %, 45 %, 143043 MiB, 143771 MiB
2026/08/14 03:29:38.533, NVIDIA H200, 56, 100 %, 43 %, 143043 MiB, 143771 MiB
2026/08/14 03:29:41.534, NVIDIA H200, 29, 0 %, 0 %, 143043 MiB, 143771 MiB
2026/08/14 03:29:44.535, NVIDIA H200, 28, 0 %, 0 %, 143043 MiB, 143771 MiB
2026/08/14 03:29:47.535, NVIDIA H200, 27, 0 %, 0 %, 143043 MiB, 143771 MiB
2026/08/14 03:29:50.536, NVIDIA H200, 43, 48 %, 24 %, 143043 MiB, 143771 MiB
2026/08/14 03:29:53.536, NVIDIA H200, 28, 0 %, 0 %, 143043 MiB, 143771 MiB
2026/08/14 03:29:56.537, NVIDIA H200, 27, 0 %, 0 %, 143043 MiB, 143771 MiB
2026/08/14 03:29:59.537, NVIDIA H200, 26, 0 %, 0 %, 143043 MiB, 143771 MiB
2026/08/14 03:30:02.538, NVIDIA H200, 46, 100 %, 56 %, 143043 MiB, 143771 MiB
2026/08/14 03:30:05.538, NVIDIA H200, 54, 100 %, 48 %, 143043 MiB, 143771 MiB
2026/08/14 03:30:08.539, NVIDIA H200, 46, 98 %, 41 %, 143043 MiB, 143771 MiB
2026/08/14 03:30:11.539, NVIDIA H200, 53, 99 %, 54 %, 143043 MiB, 143771 MiB
2026/08/14 03:30:14.540, NVIDIA H200, 56, 100 %, 57 %, 143043 MiB, 143771 MiB
2026/08/14 03:30:17.540, NVIDIA H200, 57, 100 %, 47 %, 143043 MiB, 143771 MiB
2026/08/14 03:30:20.540, NVIDIA H200, 55, 98 %, 43 %, 143043 MiB, 143771 MiB
2026/08/14 03:30:23.541, NVIDIA H200, 57, 100 %, 66 %, 143043 MiB, 143771 MiB
2026/08/14 03:30:26.541, NVIDIA H200, 56, 100 %, 54 %, 143043 MiB, 143771 MiB
2026/08/14 03:30:29.542, NVIDIA H200, 59, 100 %, 48 %, 143043 MiB, 143771 MiB
2026/08/14 03:30:32.542, NVIDIA H200, 54, 99 %, 49 %, 143043 MiB, 143771 MiB
2026/08/14 03:30:35.543, NVIDIA H200, 55, 100 %, 52 %, 143043 MiB, 143771 MiB
2026/08/14 03:30:38.543, NVIDIA H200, 55, 100 %, 47 %, 143043 MiB, 143771 MiB
2026/08/14 03:30:41.543, NVIDIA H200, 52, 100 %, 45 %, 143043 MiB, 143771 MiB
2026/08/14 03:30:44.544, NVIDIA H200, 57, 100 %, 41 %, 143043 MiB, 143771 MiB
2026/08/14 03:30:47.544, NVIDIA H200, 59, 100 %, 57 %, 143043 MiB, 143771 MiB
2026/08/14 03:30:50.545, NVIDIA H200, 59, 100 %, 44 %, 143043 MiB, 143771 MiB
2026/08/14 03:30:53.545, NVIDIA H200, 58, 98 %, 62 %, 143043 MiB, 143771 MiB
2026/08/14 03:30:56.545, NVIDIA H200, 58, 100 %, 57 %, 143043 MiB, 143771 MiB
2026/08/14 03:30:59.546, NVIDIA H200, 56, 100 %, 47 %, 143043 MiB, 143771 MiB
2026/08/14 03:31:02.546, NVIDIA H200, 57, 99 %, 43 %, 143043 MiB, 143771 MiB
2026/08/14 03:31:05.547, NVIDIA H200, 57, 100 %, 50 %, 143043 MiB, 143771 MiB
2026/08/14 03:31:08.547, NVIDIA H200, 56, 100 %, 56 %, 143043 MiB, 143771 MiB
2026/08/14 03:31:11.548, NVIDIA H200, 57, 100 %, 44 %, 143043 MiB, 143771 MiB
2026/08/14 03:31:14.548, NVIDIA H200, 57, 100 %, 53 %, 143043 MiB, 143771 MiB
2026/08/14 03:31:17.549, NVIDIA H200, 60, 100 %, 51 %, 143043 MiB, 143771 MiB
2026/08/14 03:31:20.549, NVIDIA H200, 54, 100 %, 48 %, 143043 MiB, 143771 MiB
2026/08/14 03:31:23.549, NVIDIA H200, 55, 100 %, 49 %, 143043 MiB, 143771 MiB
2026/08/14 03:31:26.550, NVIDIA H200, 57, 100 %, 27 %, 143043 MiB, 143771 MiB
2026/08/14 03:31:29.550, NVIDIA H200, 37, 0 %, 0 %, 143043 MiB, 143771 MiB
2026/08/14 03:31:32.551, NVIDIA H200, 29, 0 %, 0 %, 143043 MiB, 143771 MiB
2026/08/14 03:31:35.551, NVIDIA H200, 27, 0 %, 0 %, 143043 MiB, 143771 MiB
2026/08/14 03:31:38.552, NVIDIA H200, 50, 99 %, 35 %, 143043 MiB, 143771 MiB
2026/08/14 03:31:41.553, NVIDIA H200, 29, 0 %, 0 %, 143043 MiB, 143771 MiB
2026/08/14 03:31:44.553, NVIDIA H200, 33, 0 %, 0 %, 143043 MiB, 143771 MiB
2026/08/14 03:31:47.554, NVIDIA H200, 54, 100 %, 53 %, 143043 MiB, 143771 MiB
2026/08/14 03:31:50.554, NVIDIA H200, 56, 100 %, 55 %, 143043 MiB, 143771 MiB
2026/08/14 03:31:53.555, NVIDIA H200, 56, 100 %, 46 %, 143043 MiB, 143771 MiB
2026/08/14 03:31:56.555, NVIDIA H200, 55, 100 %, 57 %, 143043 MiB, 143771 MiB
2026/08/14 03:31:59.556, NVIDIA H200, 56, 100 %, 46 %, 143043 MiB, 143771 MiB
2026/08/14 03:32:02.556, NVIDIA H200, 57, 100 %, 57 %, 143043 MiB, 143771 MiB
2026/08/14 03:32:05.556, NVIDIA H200, 57, 100 %, 50 %, 143043 MiB, 143771 MiB
2026/08/14 03:32:08.557, NVIDIA H200, 54, 100 %, 50 %, 143043 MiB, 143771 MiB
2026/08/14 03:32:11.557, NVIDIA H200, 55, 100 %, 51 %, 143043 MiB, 143771 MiB
2026/08/14 03:32:14.558, NVIDIA H200, 57, 100 %, 21 %, 143043 MiB, 143771 MiB
2026/08/14 03:32:17.558, NVIDIA H200, 58, 99 %, 41 %, 143043 MiB, 143771 MiB
2026/08/14 03:32:20.559, NVIDIA H200, 57, 100 %, 39 %, 143043 MiB, 143771 MiB
2026/08/14 03:32:23.559, NVIDIA H200, 57, 100 %, 61 %, 143043 MiB, 143771 MiB
2026/08/14 03:32:26.560, NVIDIA H200, 59, 100 %, 48 %, 143043 MiB, 143771 MiB
2026/08/14 03:32:29.560, NVIDIA H200, 55, 99 %, 69 %, 143043 MiB, 143771 MiB
2026/08/14 03:32:32.561, NVIDIA H200, 56, 100 %, 61 %, 143043 MiB, 143771 MiB
2026/08/14 03:32:35.561, NVIDIA H200, 58, 100 %, 49 %, 143043 MiB, 143771 MiB
2026/08/14 03:32:38.561, NVIDIA H200, 56, 99 %, 41 %, 143043 MiB, 143771 MiB
2026/08/14 03:32:41.562, NVIDIA H200, 58, 100 %, 60 %, 143043 MiB, 143771 MiB
2026/08/14 03:32:44.562, NVIDIA H200, 58, 100 %, 56 %, 143043 MiB, 143771 MiB
2026/08/14 03:32:47.563, NVIDIA H200, 61, 100 %, 54 %, 143043 MiB, 143771 MiB
2026/08/14 03:32:50.563, NVIDIA H200, 55, 99 %, 57 %, 143043 MiB, 143771 MiB
2026/08/14 03:32:53.564, NVIDIA H200, 57, 100 %, 53 %, 143043 MiB, 143771 MiB
2026/08/14 03:32:56.565, NVIDIA H200, 56, 100 %, 49 %, 143043 MiB, 143771 MiB
2026/08/14 03:32:59.565, NVIDIA H200, 56, 100 %, 51 %, 143043 MiB, 143771 MiB
2026/08/14 03:33:02.566, NVIDIA H200, 57, 100 %, 33 %, 143043 MiB, 143771 MiB
2026/08/14 03:33:05.566, NVIDIA H200, 60, 100 %, 52 %, 143043 MiB, 143771 MiB
2026/08/14 03:33:08.567, NVIDIA H200, 60, 100 %, 47 %, 143043 MiB, 143771 MiB
2026/08/14 03:33:11.567, NVIDIA H200, 56, 99 %, 58 %, 143043 MiB, 143771 MiB
2026/08/14 03:33:14.568, NVIDIA H200, 30, 0 %, 0 %, 143043 MiB, 143771 MiB
2026/08/14 03:33:17.568, NVIDIA H200, 33, 0 %, 0 %, 143043 MiB, 143771 MiB
2026/08/14 03:33:20.568, NVIDIA H200, 52, 100 %, 35 %, 143043 MiB, 143771 MiB
2026/08/14 03:33:23.569, NVIDIA H200, 29, 0 %, 0 %, 143043 MiB, 143771 MiB
2026/08/14 03:33:26.569, NVIDIA H200, 33, 0 %, 0 %, 143043 MiB, 143771 MiB
2026/08/14 03:33:29.570, NVIDIA H200, 51, 100 %, 49 %, 143043 MiB, 143771 MiB
2026/08/14 03:33:32.571, NVIDIA H200, 54, 100 %, 46 %, 143043 MiB, 143771 MiB
2026/08/14 03:33:35.571, NVIDIA H200, 56, 100 %, 48 %, 143043 MiB, 143771 MiB
2026/08/14 03:33:38.572, NVIDIA H200, 56, 100 %, 44 %, 143043 MiB, 143771 MiB
2026/08/14 03:33:41.572, NVIDIA H200, 51, 100 %, 47 %, 143043 MiB, 143771 MiB
2026/08/14 03:33:44.573, NVIDIA H200, 57, 100 %, 47 %, 143043 MiB, 143771 MiB
2026/08/14 03:33:47.573, NVIDIA H200, 59, 100 %, 54 %, 143043 MiB, 143771 MiB
2026/08/14 03:33:50.574, NVIDIA H200, 61, 100 %, 41 %, 143043 MiB, 143771 MiB
2026/08/14 03:33:53.574, NVIDIA H200, 57, 100 %, 53 %, 143043 MiB, 143771 MiB
2026/08/14 03:33:56.575, NVIDIA H200, 58, 100 %, 55 %, 143043 MiB, 143771 MiB
2026/08/14 03:33:59.575, NVIDIA H200, 56, 100 %, 61 %, 143043 MiB, 143771 MiB
2026/08/14 03:34:02.575, NVIDIA H200, 56, 100 %, 47 %, 143043 MiB, 143771 MiB
2026/08/14 03:34:05.576, NVIDIA H200, 56, 98 %, 74 %, 143043 MiB, 143771 MiB
2026/08/14 03:34:08.576, NVIDIA H200, 53, 100 %, 59 %, 143043 MiB, 143771 MiB
2026/08/14 03:34:11.577, NVIDIA H200, 58, 100 %, 49 %, 143043 MiB, 143771 MiB
2026/08/14 03:34:14.577, NVIDIA H200, 60, 97 %, 42 %, 143043 MiB, 143771 MiB
2026/08/14 03:34:17.578, NVIDIA H200, 60, 100 %, 59 %, 143043 MiB, 143771 MiB
2026/08/14 03:34:20.578, NVIDIA H200, 59, 100 %, 56 %, 143043 MiB, 143771 MiB
2026/08/14 03:34:23.579, NVIDIA H200, 59, 100 %, 53 %, 143043 MiB, 143771 MiB
2026/08/14 03:34:26.579, NVIDIA H200, 57, 100 %, 56 %, 143043 MiB, 143771 MiB
2026/08/14 03:34:29.580, NVIDIA H200, 58, 100 %, 50 %, 143043 MiB, 143771 MiB
2026/08/14 03:34:32.580, NVIDIA H200, 58, 100 %, 47 %, 143043 MiB, 143771 MiB
2026/08/14 03:34:35.580, NVIDIA H200, 57, 100 %, 49 %, 143043 MiB, 143771 MiB
2026/08/14 03:34:38.581, NVIDIA H200, 58, 100 %, 34 %, 143043 MiB, 143771 MiB
2026/08/14 03:34:41.581, NVIDIA H200, 58, 100 %, 53 %, 143043 MiB, 143771 MiB
2026/08/14 03:34:44.582, NVIDIA H200, 61, 100 %, 46 %, 143043 MiB, 143771 MiB
2026/08/14 03:34:47.582, NVIDIA H200, 55, 100 %, 50 %, 143043 MiB, 143771 MiB
2026/08/14 03:34:50.582, NVIDIA H200, 56, 100 %, 45 %, 143043 MiB, 143771 MiB
2026/08/14 03:34:53.583, NVIDIA H200, 60, 100 %, 40 %, 143043 MiB, 143771 MiB
2026/08/14 03:34:56.583, NVIDIA H200, 30, 0 %, 0 %, 143043 MiB, 143771 MiB
2026/08/14 03:34:59.584, NVIDIA H200, 28, 0 %, 0 %, 143043 MiB, 143771 MiB
2026/08/14 03:35:02.584, NVIDIA H200, 49, 100 %, 51 %, 143043 MiB, 143771 MiB
2026/08/14 03:35:05.585, NVIDIA H200, 31, 0 %, 0 %, 143043 MiB, 143771 MiB
2026/08/14 03:35:08.585, NVIDIA H200, 28, 0 %, 0 %, 143043 MiB, 143771 MiB
2026/08/14 03:35:11.585, NVIDIA H200, 52, 100 %, 45 %, 143043 MiB, 143771 MiB
2026/08/14 03:35:14.586, NVIDIA H200, 55, 100 %, 51 %, 143043 MiB, 143771 MiB
2026/08/14 03:35:17.586, NVIDIA H200, 55, 100 %, 50 %, 143043 MiB, 143771 MiB
2026/08/14 03:35:20.587, NVIDIA H200, 57, 98 %, 64 %, 143043 MiB, 143771 MiB
2026/08/14 03:35:23.587, NVIDIA H200, 52, 99 %, 47 %, 143043 MiB, 143771 MiB
2026/08/14 03:35:26.588, NVIDIA H200, 56, 100 %, 51 %, 143043 MiB, 143771 MiB
2026/08/14 03:35:29.588, NVIDIA H200, 59, 100 %, 54 %, 143043 MiB, 143771 MiB
2026/08/14 03:35:32.589, NVIDIA H200, 61, 100 %, 41 %, 143043 MiB, 143771 MiB
2026/08/14 03:35:35.589, NVIDIA H200, 57, 100 %, 53 %, 143043 MiB, 143771 MiB
2026/08/14 03:35:38.590, NVIDIA H200, 58, 100 %, 52 %, 143043 MiB, 143771 MiB
2026/08/14 03:35:41.590, NVIDIA H200, 56, 98 %, 56 %, 143043 MiB, 143771 MiB
2026/08/14 03:35:44.755, NVIDIA H200, 59, 100 %, 54 %, 143043 MiB, 143771 MiB
2026/08/14 03:35:47.755, NVIDIA H200, 60, 100 %, 46 %, 143043 MiB, 143771 MiB
2026/08/14 03:35:50.756, NVIDIA H200, 59, 100 %, 53 %, 143043 MiB, 143771 MiB
2026/08/14 03:35:53.757, NVIDIA H200, 59, 100 %, 44 %, 143043 MiB, 143771 MiB
2026/08/14 03:35:56.757, NVIDIA H200, 57, 98 %, 61 %, 143043 MiB, 143771 MiB
2026/08/14 03:35:59.758, NVIDIA H200, 58, 100 %, 57 %, 143043 MiB, 143771 MiB
2026/08/14 03:36:02.759, NVIDIA H200, 59, 100 %, 46 %, 143043 MiB, 143771 MiB
2026/08/14 03:36:05.760, NVIDIA H200, 57, 99 %, 45 %, 143043 MiB, 143771 MiB
2026/08/14 03:36:08.760, NVIDIA H200, 58, 100 %, 64 %, 143043 MiB, 143771 MiB
2026/08/14 03:36:11.761, NVIDIA H200, 58, 100 %, 54 %, 143043 MiB, 143771 MiB
2026/08/14 03:36:14.762, NVIDIA H200, 61, 100 %, 48 %, 143043 MiB, 143771 MiB
2026/08/14 03:36:17.762, NVIDIA H200, 55, 99 %, 49 %, 143043 MiB, 143771 MiB
2026/08/14 03:36:20.763, NVIDIA H200, 57, 100 %, 52 %, 143043 MiB, 143771 MiB
2026/08/14 03:36:23.764, NVIDIA H200, 56, 100 %, 49 %, 143043 MiB, 143771 MiB
2026/08/14 03:36:26.765, NVIDIA H200, 53, 100 %, 46 %, 143043 MiB, 143771 MiB
2026/08/14 03:36:29.765, NVIDIA H200, 58, 100 %, 38 %, 143043 MiB, 143771 MiB
2026/08/14 03:36:32.766, NVIDIA H200, 61, 100 %, 57 %, 143043 MiB, 143771 MiB
2026/08/14 03:36:35.767, NVIDIA H200, 59, 100 %, 47 %, 143043 MiB, 143771 MiB
2026/08/14 03:36:38.767, NVIDIA H200, 31, 0 %, 0 %, 143043 MiB, 143771 MiB
2026/08/14 03:36:41.768, NVIDIA H200, 29, 0 %, 0 %, 143043 MiB, 143771 MiB
2026/08/14 03:36:44.768, NVIDIA H200, 28, 0 %, 0 %, 143043 MiB, 143771 MiB
2026/08/14 03:36:47.769, NVIDIA H200, 55, 100 %, 55 %, 143043 MiB, 143771 MiB
2026/08/14 03:36:50.769, NVIDIA H200, 29, 0 %, 0 %, 143043 MiB, 143771 MiB
2026/08/14 03:36:53.769, NVIDIA H200, 28, 0 %, 0 %, 143043 MiB, 143771 MiB
2026/08/14 03:36:56.770, NVIDIA H200, 50, 100 %, 49 %, 143043 MiB, 143771 MiB
2026/08/14 03:36:59.771, NVIDIA H200, 55, 100 %, 53 %, 143043 MiB, 143771 MiB
2026/08/14 03:37:02.771, NVIDIA H200, 46, 100 %, 48 %, 143043 MiB, 143771 MiB
2026/08/14 03:37:05.772, NVIDIA H200, 47, 100 %, 57 %, 143043 MiB, 143771 MiB
2026/08/14 03:37:08.772, NVIDIA H200, 57, 100 %, 49 %, 143043 MiB, 143771 MiB
2026/08/14 03:37:11.773, NVIDIA H200, 58, 97 %, 44 %, 143043 MiB, 143771 MiB
2026/08/14 03:37:14.773, NVIDIA H200, 59, 100 %, 51 %, 143043 MiB, 143771 MiB
2026/08/14 03:37:17.774, NVIDIA H200, 56, 100 %, 54 %, 143043 MiB, 143771 MiB
2026/08/14 03:37:20.774, NVIDIA H200, 57, 100 %, 49 %, 143043 MiB, 143771 MiB
2026/08/14 03:37:23.775, NVIDIA H200, 58, 88 %, 33 %, 143043 MiB, 143771 MiB
2026/08/14 03:37:26.775, NVIDIA H200, 58, 100 %, 50 %, 143043 MiB, 143771 MiB
2026/08/14 03:37:29.776, NVIDIA H200, 55, 100 %, 47 %, 143043 MiB, 143771 MiB
2026/08/14 03:37:32.776, NVIDIA H200, 57, 100 %, 32 %, 143043 MiB, 143771 MiB
2026/08/14 03:37:35.777, NVIDIA H200, 55, 100 %, 52 %, 143043 MiB, 143771 MiB
2026/08/14 03:37:38.777, NVIDIA H200, 57, 100 %, 55 %, 143043 MiB, 143771 MiB
2026/08/14 03:37:41.778, NVIDIA H200, 54, 100 %, 51 %, 143043 MiB, 143771 MiB
2026/08/14 03:37:44.778, NVIDIA H200, 56, 100 %, 53 %, 143043 MiB, 143771 MiB
2026/08/14 03:37:47.778, NVIDIA H200, 55, 100 %, 58 %, 143043 MiB, 143771 MiB
2026/08/14 03:37:50.779, NVIDIA H200, 58, 100 %, 49 %, 143043 MiB, 143771 MiB
2026/08/14 03:37:53.779, NVIDIA H200, 58, 100 %, 48 %, 143043 MiB, 143771 MiB
2026/08/14 03:37:56.780, NVIDIA H200, 56, 100 %, 48 %, 143043 MiB, 143771 MiB
2026/08/14 03:37:59.780, NVIDIA H200, 58, 100 %, 22 %, 143043 MiB, 143771 MiB
2026/08/14 03:38:02.781, NVIDIA H200, 59, 98 %, 40 %, 143043 MiB, 143771 MiB
2026/08/14 03:38:05.781, NVIDIA H200, 59, 100 %, 51 %, 143043 MiB, 143771 MiB
2026/08/14 03:38:08.781, NVIDIA H200, 59, 98 %, 40 %, 143043 MiB, 143771 MiB
2026/08/14 03:38:11.782, NVIDIA H200, 58, 100 %, 36 %, 143043 MiB, 143771 MiB
2026/08/14 03:38:14.782, NVIDIA H200, 58, 100 %, 58 %, 143043 MiB, 143771 MiB
2026/08/14 03:38:17.783, NVIDIA H200, 60, 100 %, 48 %, 143043 MiB, 143771 MiB
2026/08/14 03:38:20.783, NVIDIA H200, 55, 100 %, 51 %, 143043 MiB, 143771 MiB
2026/08/14 03:38:23.783, NVIDIA H200, 56, 100 %, 44 %, 143043 MiB, 143771 MiB
2026/08/14 03:38:26.784, NVIDIA H200, 34, 0 %, 0 %, 143043 MiB, 143771 MiB
2026/08/14 03:38:29.785, NVIDIA H200, 29, 0 %, 0 %, 143043 MiB, 143771 MiB
2026/08/14 03:38:32.785, NVIDIA H200, 28, 0 %, 0 %, 143043 MiB, 143771 MiB
2026/08/14 03:38:35.786, NVIDIA H200, 56, 99 %, 36 %, 143043 MiB, 143771 MiB
2026/08/14 03:38:38.786, NVIDIA H200, 29, 0 %, 0 %, 143043 MiB, 143771 MiB
2026/08/14 03:38:41.787, NVIDIA H200, 28, 0 %, 0 %, 143043 MiB, 143771 MiB
2026/08/14 03:38:44.787, NVIDIA H200, 27, 0 %, 0 %, 143043 MiB, 143771 MiB
2026/08/14 03:38:47.788, NVIDIA H200, 27, 0 %, 0 %, 143043 MiB, 143771 MiB
2026/08/14 03:38:50.788, NVIDIA H200, 27, 0 %, 0 %, 143043 MiB, 143771 MiB
2026/08/14 03:38:53.789, NVIDIA H200, 56, 100 %, 37 %, 143043 MiB, 143771 MiB
2026/08/14 03:38:56.789, NVIDIA H200, 54, 100 %, 55 %, 143043 MiB, 143771 MiB
2026/08/14 03:38:59.790, NVIDIA H200, 55, 100 %, 34 %, 143043 MiB, 143771 MiB
2026/08/14 03:39:02.790, NVIDIA H200, 57, 45 %, 8 %, 143043 MiB, 143771 MiB
2026/08/14 03:39:05.791, NVIDIA H200, 59, 100 %, 58 %, 143043 MiB, 143771 MiB
2026/08/14 03:39:08.791, NVIDIA H200, 58, 100 %, 56 %, 143043 MiB, 143771 MiB
2026/08/14 03:39:11.792, NVIDIA H200, 58, 100 %, 52 %, 143043 MiB, 143771 MiB
2026/08/14 03:39:14.792, NVIDIA H200, 56, 100 %, 57 %, 143043 MiB, 143771 MiB
2026/08/14 03:39:17.792, NVIDIA H200, 55, 100 %, 47 %, 143043 MiB, 143771 MiB
2026/08/14 03:39:20.793, NVIDIA H200, 56, 98 %, 62 %, 143043 MiB, 143771 MiB
2026/08/14 03:39:23.794, NVIDIA H200, 56, 100 %, 56 %, 143043 MiB, 143771 MiB
2026/08/14 03:39:26.794, NVIDIA H200, 56, 100 %, 44 %, 143043 MiB, 143771 MiB
2026/08/14 03:39:29.795, NVIDIA H200, 54, 100 %, 52 %, 143043 MiB, 143771 MiB
2026/08/14 03:39:32.795, NVIDIA H200, 54, 100 %, 52 %, 143043 MiB, 143771 MiB
2026/08/14 03:39:35.796, NVIDIA H200, 54, 63 %, 35 %, 143043 MiB, 143771 MiB
2026/08/14 03:39:38.796, NVIDIA H200, 56, 100 %, 48 %, 143043 MiB, 143771 MiB
2026/08/14 03:39:41.796, NVIDIA H200, 53, 100 %, 51 %, 143043 MiB, 143771 MiB
2026/08/14 03:39:44.797, NVIDIA H200, 60, 100 %, 45 %, 143043 MiB, 143771 MiB
2026/08/14 03:39:47.798, NVIDIA H200, 58, 98 %, 41 %, 143043 MiB, 143771 MiB
2026/08/14 03:39:50.798, NVIDIA H200, 58, 100 %, 51 %, 143043 MiB, 143771 MiB
2026/08/14 03:39:53.799, NVIDIA H200, 55, 100 %, 54 %, 143043 MiB, 143771 MiB
2026/08/14 03:39:56.799, NVIDIA H200, 55, 98 %, 60 %, 143043 MiB, 143771 MiB
2026/08/14 03:39:59.800, NVIDIA H200, 56, 100 %, 54 %, 143043 MiB, 143771 MiB
2026/08/14 03:40:02.800, NVIDIA H200, 57, 100 %, 54 %, 143043 MiB, 143771 MiB
2026/08/14 03:40:05.800, NVIDIA H200, 61, 100 %, 54 %, 143043 MiB, 143771 MiB
2026/08/14 03:40:08.801, NVIDIA H200, 54, 97 %, 52 %, 143043 MiB, 143771 MiB
2026/08/14 03:40:11.801, NVIDIA H200, 58, 100 %, 55 %, 143043 MiB, 143771 MiB
2026/08/14 03:40:14.802, NVIDIA H200, 55, 100 %, 47 %, 143043 MiB, 143771 MiB
2026/08/14 03:40:17.802, NVIDIA H200, 56, 96 %, 44 %, 143043 MiB, 143771 MiB
2026/08/14 03:40:20.803, NVIDIA H200, 57, 100 %, 63 %, 143043 MiB, 143771 MiB
2026/08/14 03:40:23.803, NVIDIA H200, 32, 0 %, 0 %, 143043 MiB, 143771 MiB
2026/08/14 03:40:26.804, NVIDIA H200, 29, 0 %, 0 %, 143043 MiB, 143771 MiB
2026/08/14 03:40:29.804, NVIDIA H200, 46, 100 %, 50 %, 143043 MiB, 143771 MiB
2026/08/14 03:40:32.805, NVIDIA H200, 30, 0 %, 0 %, 143043 MiB, 143771 MiB
2026/08/14 03:40:35.806, NVIDIA H200, 28, 0 %, 0 %, 143043 MiB, 143771 MiB
2026/08/14 03:40:38.806, NVIDIA H200, 27, 0 %, 0 %, 143043 MiB, 143771 MiB
2026/08/14 03:40:41.807, NVIDIA H200, 52, 100 %, 51 %, 143043 MiB, 143771 MiB
2026/08/14 03:40:44.807, NVIDIA H200, 54, 100 %, 51 %, 143043 MiB, 143771 MiB
2026/08/14 03:40:47.808, NVIDIA H200, 56, 98 %, 42 %, 143043 MiB, 143771 MiB
2026/08/14 03:40:50.808, NVIDIA H200, 57, 100 %, 51 %, 143043 MiB, 143771 MiB
2026/08/14 03:40:53.809, NVIDIA H200, 57, 83 %, 45 %, 143043 MiB, 143771 MiB
2026/08/14 03:40:56.809, NVIDIA H200, 54, 100 %, 49 %, 143043 MiB, 143771 MiB
2026/08/14 03:40:59.810, NVIDIA H200, 55, 100 %, 49 %, 143043 MiB, 143771 MiB
2026/08/14 03:41:02.810, NVIDIA H200, 50, 98 %, 54 %, 143043 MiB, 143771 MiB
2026/08/14 03:41:05.811, NVIDIA H200, 56, 100 %, 49 %, 143043 MiB, 143771 MiB
2026/08/14 03:41:08.811, NVIDIA H200, 55, 100 %, 35 %, 143043 MiB, 143771 MiB
2026/08/14 03:41:11.812, NVIDIA H200, 56, 97 %, 35 %, 143043 MiB, 143771 MiB
2026/08/14 03:41:14.812, NVIDIA H200, 53, 100 %, 46 %, 143043 MiB, 143771 MiB
2026/08/14 03:41:17.813, NVIDIA H200, 55, 100 %, 46 %, 143043 MiB, 143771 MiB
2026/08/14 03:41:20.813, NVIDIA H200, 57, 100 %, 38 %, 143043 MiB, 143771 MiB
2026/08/14 03:41:23.814, NVIDIA H200, 55, 100 %, 58 %, 143043 MiB, 143771 MiB
2026/08/14 03:41:26.814, NVIDIA H200, 58, 100 %, 48 %, 143043 MiB, 143771 MiB
2026/08/14 03:41:29.814, NVIDIA H200, 58, 100 %, 51 %, 143043 MiB, 143771 MiB
2026/08/14 03:41:32.816, NVIDIA H200, 61, 100 %, 48 %, 143043 MiB, 143771 MiB
2026/08/14 03:41:35.816, NVIDIA H200, 56, 100 %, 56 %, 143043 MiB, 143771 MiB
2026/08/14 03:41:38.817, NVIDIA H200, 54, 100 %, 33 %, 143043 MiB, 143771 MiB
2026/08/14 03:41:41.817, NVIDIA H200, 58, 100 %, 52 %, 143043 MiB, 143771 MiB
2026/08/14 03:41:44.818, NVIDIA H200, 56, 86 %, 44 %, 143043 MiB, 143771 MiB
2026/08/14 03:41:47.818, NVIDIA H200, 57, 100 %, 36 %, 143043 MiB, 143771 MiB
2026/08/14 03:41:50.819, NVIDIA H200, 57, 100 %, 51 %, 143043 MiB, 143771 MiB
2026/08/14 03:41:53.820, NVIDIA H200, 60, 100 %, 54 %, 143043 MiB, 143771 MiB
2026/08/14 03:41:56.820, NVIDIA H200, 55, 100 %, 58 %, 143043 MiB, 143771 MiB
2026/08/14 03:41:59.821, NVIDIA H200, 58, 100 %, 49 %, 143043 MiB, 143771 MiB
2026/08/14 03:42:02.821, NVIDIA H200, 56, 100 %, 49 %, 143043 MiB, 143771 MiB
2026/08/14 03:42:05.822, NVIDIA H200, 57, 100 %, 48 %, 143043 MiB, 143771 MiB
2026/08/14 03:42:08.822, NVIDIA H200, 56, 100 %, 46 %, 143043 MiB, 143771 MiB
2026/08/14 03:42:11.823, NVIDIA H200, 30, 0 %, 0 %, 143043 MiB, 143771 MiB
2026/08/14 03:42:14.823, NVIDIA H200, 33, 0 %, 0 %, 143043 MiB, 143771 MiB
2026/08/14 03:42:17.824, NVIDIA H200, 43, 100 %, 56 %, 143043 MiB, 143771 MiB
2026/08/14 03:42:20.824, NVIDIA H200, 31, 0 %, 0 %, 143047 MiB, 143771 MiB
2026/08/14 03:42:23.825, NVIDIA H200, 28, 0 %, 0 %, 143047 MiB, 143771 MiB
2026/08/14 03:42:26.826, NVIDIA H200, 27, 0 %, 0 %, 143047 MiB, 143771 MiB
2026/08/14 03:42:29.827, NVIDIA H200, 27, 0 %, 0 %, 143047 MiB, 143771 MiB
2026/08/14 03:42:32.827, NVIDIA H200, 27, 0 %, 0 %, 143047 MiB, 143771 MiB
2026/08/14 03:42:35.828, NVIDIA H200, 26, 0 %, 0 %, 143047 MiB, 143771 MiB
2026/08/14 03:42:38.828, NVIDIA H200, 26, 0 %, 0 %, 143047 MiB, 143771 MiB
2026/08/14 03:42:41.829, NVIDIA H200, 27, 0 %, 0 %, 0 MiB, 143771 MiB
