timestamp, name, temperature.gpu, utilization.gpu [%], utilization.memory [%], memory.used [MiB], memory.total [MiB]
2026/08/13 18:33:05.612, NVIDIA H200, 23, 0 %, 0 %, 0 MiB, 143771 MiB
2026/08/13 18:33:08.618, NVIDIA H200, 23, 0 %, 0 %, 0 MiB, 143771 MiB
2026/08/13 18:33:11.618, NVIDIA H200, 23, 0 %, 0 %, 0 MiB, 143771 MiB
2026/08/13 18:33:14.618, NVIDIA H200, 23, 0 %, 0 %, 0 MiB, 143771 MiB
2026/08/13 18:33:17.619, NVIDIA H200, 23, 0 %, 0 %, 0 MiB, 143771 MiB
2026/08/13 18:33:20.619, NVIDIA H200, 23, 0 %, 0 %, 0 MiB, 143771 MiB
2026/08/13 18:33:23.619, NVIDIA H200, 23, 0 %, 0 %, 0 MiB, 143771 MiB
2026/08/13 18:33:26.619, NVIDIA H200, 23, 0 %, 0 %, 0 MiB, 143771 MiB
2026/08/13 18:33:29.620, NVIDIA H200, 23, 0 %, 0 %, 0 MiB, 143771 MiB
2026/08/13 18:33:32.620, NVIDIA H200, 23, 0 %, 0 %, 0 MiB, 143771 MiB
2026/08/13 18:33:35.620, NVIDIA H200, 23, 0 %, 0 %, 0 MiB, 143771 MiB
2026/08/13 18:33:38.620, NVIDIA H200, 23, 0 %, 0 %, 0 MiB, 143771 MiB
2026/08/13 18:33:41.621, NVIDIA H200, 23, 0 %, 0 %, 0 MiB, 143771 MiB
2026/08/13 18:33:44.621, NVIDIA H200, 23, 0 %, 0 %, 0 MiB, 143771 MiB
2026/08/13 18:33:47.621, NVIDIA H200, 23, 0 %, 0 %, 0 MiB, 143771 MiB
2026/08/13 18:33:50.621, NVIDIA H200, 23, 0 %, 0 %, 0 MiB, 143771 MiB
2026/08/13 18:33:53.621, NVIDIA H200, 23, 0 %, 0 %, 0 MiB, 143771 MiB
2026/08/13 18:33:56.622, NVIDIA H200, 23, 0 %, 0 %, 0 MiB, 143771 MiB
2026/08/13 18:33:59.622, NVIDIA H200, 23, 0 %, 0 %, 0 MiB, 143771 MiB
2026/08/13 18:34:02.622, NVIDIA H200, 23, 0 %, 0 %, 0 MiB, 143771 MiB
2026/08/13 18:34:05.622, NVIDIA H200, 23, 0 %, 0 %, 0 MiB, 143771 MiB
2026/08/13 18:34:08.623, NVIDIA H200, 23, 0 %, 0 %, 0 MiB, 143771 MiB
2026/08/13 18:34:11.623, NVIDIA H200, 23, 0 %, 0 %, 0 MiB, 143771 MiB
2026/08/13 18:34:14.623, NVIDIA H200, 23, 0 %, 0 %, 0 MiB, 143771 MiB
2026/08/13 18:34:17.623, NVIDIA H200, 23, 0 %, 0 %, 0 MiB, 143771 MiB
2026/08/13 18:34:20.624, NVIDIA H200, 23, 0 %, 0 %, 0 MiB, 143771 MiB
2026/08/13 18:34:23.624, NVIDIA H200, 23, 0 %, 0 %, 0 MiB, 143771 MiB
2026/08/13 18:34:26.624, NVIDIA H200, 23, 0 %, 0 %, 0 MiB, 143771 MiB
2026/08/13 18:34:29.624, NVIDIA H200, 23, 0 %, 0 %, 0 MiB, 143771 MiB
2026/08/13 18:34:32.624, NVIDIA H200, 25, 0 %, 0 %, 529 MiB, 143771 MiB
2026/08/13 18:34:35.625, NVIDIA H200, 25, 0 %, 0 %, 529 MiB, 143771 MiB
2026/08/13 18:34:38.625, NVIDIA H200, 25, 0 %, 0 %, 529 MiB, 143771 MiB
2026/08/13 18:34:41.625, NVIDIA H200, 25, 0 %, 0 %, 529 MiB, 143771 MiB
2026/08/13 18:34:44.626, NVIDIA H200, 25, 0 %, 0 %, 529 MiB, 143771 MiB
2026/08/13 18:34:47.626, NVIDIA H200, 25, 0 %, 0 %, 529 MiB, 143771 MiB
2026/08/13 18:34:50.626, NVIDIA H200, 25, 0 %, 0 %, 529 MiB, 143771 MiB
2026/08/13 18:34:53.626, NVIDIA H200, 25, 0 %, 0 %, 529 MiB, 143771 MiB
2026/08/13 18:34:56.627, NVIDIA H200, 25, 0 %, 0 %, 529 MiB, 143771 MiB
2026/08/13 18:34:59.627, NVIDIA H200, 25, 0 %, 0 %, 529 MiB, 143771 MiB
2026/08/13 18:35:02.627, NVIDIA H200, 25, 0 %, 0 %, 529 MiB, 143771 MiB
2026/08/13 18:35:05.627, NVIDIA H200, 25, 0 %, 0 %, 529 MiB, 143771 MiB
2026/08/13 18:35:08.627, NVIDIA H200, 25, 0 %, 0 %, 529 MiB, 143771 MiB
2026/08/13 18:35:11.628, NVIDIA H200, 25, 0 %, 0 %, 529 MiB, 143771 MiB
2026/08/13 18:35:14.628, NVIDIA H200, 25, 0 %, 0 %, 529 MiB, 143771 MiB
2026/08/13 18:35:17.628, NVIDIA H200, 25, 0 %, 0 %, 529 MiB, 143771 MiB
2026/08/13 18:35:20.628, NVIDIA H200, 25, 0 %, 0 %, 529 MiB, 143771 MiB
2026/08/13 18:35:23.629, NVIDIA H200, 25, 0 %, 0 %, 529 MiB, 143771 MiB
2026/08/13 18:35:26.629, NVIDIA H200, 25, 0 %, 0 %, 529 MiB, 143771 MiB
2026/08/13 18:35:29.629, NVIDIA H200, 25, 0 %, 0 %, 529 MiB, 143771 MiB
2026/08/13 18:35:32.629, NVIDIA H200, 25, 0 %, 0 %, 529 MiB, 143771 MiB
2026/08/13 18:35:35.630, NVIDIA H200, 25, 0 %, 0 %, 529 MiB, 143771 MiB
2026/08/13 18:35:38.630, NVIDIA H200, 25, 0 %, 0 %, 529 MiB, 143771 MiB
2026/08/13 18:35:41.630, NVIDIA H200, 25, 0 %, 0 %, 529 MiB, 143771 MiB
2026/08/13 18:35:44.630, NVIDIA H200, 25, 0 %, 0 %, 529 MiB, 143771 MiB
2026/08/13 18:35:47.630, NVIDIA H200, 25, 0 %, 0 %, 529 MiB, 143771 MiB
2026/08/13 18:35:50.631, NVIDIA H200, 25, 0 %, 0 %, 529 MiB, 143771 MiB
2026/08/13 18:35:53.631, NVIDIA H200, 25, 0 %, 0 %, 529 MiB, 143771 MiB
2026/08/13 18:35:56.631, NVIDIA H200, 25, 0 %, 0 %, 529 MiB, 143771 MiB
2026/08/13 18:35:59.631, NVIDIA H200, 25, 0 %, 0 %, 529 MiB, 143771 MiB
2026/08/13 18:36:02.632, NVIDIA H200, 25, 0 %, 0 %, 529 MiB, 143771 MiB
2026/08/13 18:36:05.632, NVIDIA H200, 25, 0 %, 0 %, 529 MiB, 143771 MiB
2026/08/13 18:36:08.632, NVIDIA H200, 25, 0 %, 0 %, 529 MiB, 143771 MiB
2026/08/13 18:36:11.632, NVIDIA H200, 25, 0 %, 0 %, 529 MiB, 143771 MiB
2026/08/13 18:36:14.633, NVIDIA H200, 25, 0 %, 0 %, 529 MiB, 143771 MiB
2026/08/13 18:36:17.633, NVIDIA H200, 25, 0 %, 0 %, 529 MiB, 143771 MiB
2026/08/13 18:36:20.633, NVIDIA H200, 25, 0 %, 0 %, 529 MiB, 143771 MiB
2026/08/13 18:36:23.633, NVIDIA H200, 25, 0 %, 0 %, 529 MiB, 143771 MiB
2026/08/13 18:36:26.634, NVIDIA H200, 25, 0 %, 0 %, 529 MiB, 143771 MiB
2026/08/13 18:36:29.634, NVIDIA H200, 25, 0 %, 0 %, 529 MiB, 143771 MiB
2026/08/13 18:36:32.634, NVIDIA H200, 25, 0 %, 0 %, 529 MiB, 143771 MiB
2026/08/13 18:36:35.634, NVIDIA H200, 25, 0 %, 0 %, 529 MiB, 143771 MiB
2026/08/13 18:36:38.635, NVIDIA H200, 25, 0 %, 0 %, 529 MiB, 143771 MiB
2026/08/13 18:36:41.635, NVIDIA H200, 25, 0 %, 0 %, 529 MiB, 143771 MiB
2026/08/13 18:36:44.635, NVIDIA H200, 25, 0 %, 0 %, 529 MiB, 143771 MiB
2026/08/13 18:36:47.635, NVIDIA H200, 25, 0 %, 0 %, 529 MiB, 143771 MiB
2026/08/13 18:36:50.636, NVIDIA H200, 25, 0 %, 0 %, 529 MiB, 143771 MiB
2026/08/13 18:36:53.636, NVIDIA H200, 25, 0 %, 0 %, 529 MiB, 143771 MiB
2026/08/13 18:36:56.636, NVIDIA H200, 25, 0 %, 0 %, 529 MiB, 143771 MiB
2026/08/13 18:36:59.636, NVIDIA H200, 25, 0 %, 0 %, 529 MiB, 143771 MiB
2026/08/13 18:37:02.637, NVIDIA H200, 25, 0 %, 0 %, 529 MiB, 143771 MiB
2026/08/13 18:37:05.637, NVIDIA H200, 25, 0 %, 0 %, 529 MiB, 143771 MiB
2026/08/13 18:37:08.637, NVIDIA H200, 25, 0 %, 0 %, 529 MiB, 143771 MiB
2026/08/13 18:37:11.637, NVIDIA H200, 25, 0 %, 0 %, 529 MiB, 143771 MiB
2026/08/13 18:37:14.638, NVIDIA H200, 25, 0 %, 0 %, 529 MiB, 143771 MiB
2026/08/13 18:37:17.638, NVIDIA H200, 25, 0 %, 0 %, 529 MiB, 143771 MiB
2026/08/13 18:37:20.638, NVIDIA H200, 25, 0 %, 0 %, 529 MiB, 143771 MiB
2026/08/13 18:37:23.638, NVIDIA H200, 25, 0 %, 0 %, 529 MiB, 143771 MiB
2026/08/13 18:37:26.639, NVIDIA H200, 25, 0 %, 0 %, 529 MiB, 143771 MiB
2026/08/13 18:37:29.639, NVIDIA H200, 25, 0 %, 0 %, 529 MiB, 143771 MiB
2026/08/13 18:37:32.639, NVIDIA H200, 25, 0 %, 0 %, 529 MiB, 143771 MiB
2026/08/13 18:37:35.640, NVIDIA H200, 25, 0 %, 0 %, 529 MiB, 143771 MiB
2026/08/13 18:37:38.640, NVIDIA H200, 25, 0 %, 0 %, 529 MiB, 143771 MiB
2026/08/13 18:37:41.640, NVIDIA H200, 25, 0 %, 0 %, 529 MiB, 143771 MiB
2026/08/13 18:37:44.640, NVIDIA H200, 25, 0 %, 0 %, 529 MiB, 143771 MiB
2026/08/13 18:37:47.641, NVIDIA H200, 25, 0 %, 0 %, 529 MiB, 143771 MiB
2026/08/13 18:37:50.641, NVIDIA H200, 25, 0 %, 0 %, 529 MiB, 143771 MiB
2026/08/13 18:37:53.641, NVIDIA H200, 25, 0 %, 0 %, 529 MiB, 143771 MiB
2026/08/13 18:37:56.642, NVIDIA H200, 25, 0 %, 0 %, 529 MiB, 143771 MiB
2026/08/13 18:37:59.642, NVIDIA H200, 25, 0 %, 0 %, 529 MiB, 143771 MiB
2026/08/13 18:38:02.642, NVIDIA H200, 25, 0 %, 0 %, 529 MiB, 143771 MiB
2026/08/13 18:38:05.643, NVIDIA H200, 25, 0 %, 0 %, 529 MiB, 143771 MiB
2026/08/13 18:38:08.643, NVIDIA H200, 25, 0 %, 0 %, 529 MiB, 143771 MiB
2026/08/13 18:38:11.643, NVIDIA H200, 25, 0 %, 0 %, 529 MiB, 143771 MiB
2026/08/13 18:38:14.643, NVIDIA H200, 25, 0 %, 0 %, 529 MiB, 143771 MiB
2026/08/13 18:38:17.644, NVIDIA H200, 25, 0 %, 0 %, 529 MiB, 143771 MiB
2026/08/13 18:38:20.644, NVIDIA H200, 25, 0 %, 0 %, 529 MiB, 143771 MiB
2026/08/13 18:38:23.644, NVIDIA H200, 25, 0 %, 0 %, 529 MiB, 143771 MiB
2026/08/13 18:38:26.644, NVIDIA H200, 25, 0 %, 0 %, 529 MiB, 143771 MiB
2026/08/13 18:38:29.644, NVIDIA H200, 25, 0 %, 0 %, 529 MiB, 143771 MiB
2026/08/13 18:38:32.645, NVIDIA H200, 25, 0 %, 0 %, 529 MiB, 143771 MiB
2026/08/13 18:38:35.645, NVIDIA H200, 25, 0 %, 0 %, 529 MiB, 143771 MiB
2026/08/13 18:38:38.645, NVIDIA H200, 25, 0 %, 0 %, 529 MiB, 143771 MiB
2026/08/13 18:38:41.646, NVIDIA H200, 25, 0 %, 0 %, 529 MiB, 143771 MiB
2026/08/13 18:38:44.646, NVIDIA H200, 25, 0 %, 0 %, 529 MiB, 143771 MiB
2026/08/13 18:38:47.646, NVIDIA H200, 25, 0 %, 0 %, 529 MiB, 143771 MiB
2026/08/13 18:38:50.646, NVIDIA H200, 25, 0 %, 0 %, 529 MiB, 143771 MiB
2026/08/13 18:38:53.647, NVIDIA H200, 25, 0 %, 0 %, 529 MiB, 143771 MiB
2026/08/13 18:38:56.647, NVIDIA H200, 25, 0 %, 0 %, 529 MiB, 143771 MiB
2026/08/13 18:38:59.647, NVIDIA H200, 25, 0 %, 0 %, 529 MiB, 143771 MiB
2026/08/13 18:39:02.647, NVIDIA H200, 25, 0 %, 0 %, 529 MiB, 143771 MiB
2026/08/13 18:39:05.648, NVIDIA H200, 25, 0 %, 0 %, 529 MiB, 143771 MiB
2026/08/13 18:39:08.648, NVIDIA H200, 25, 0 %, 0 %, 529 MiB, 143771 MiB
2026/08/13 18:39:11.648, NVIDIA H200, 25, 0 %, 0 %, 529 MiB, 143771 MiB
2026/08/13 18:39:14.648, NVIDIA H200, 25, 0 %, 0 %, 529 MiB, 143771 MiB
2026/08/13 18:39:17.649, NVIDIA H200, 25, 0 %, 0 %, 529 MiB, 143771 MiB
2026/08/13 18:39:20.649, NVIDIA H200, 25, 0 %, 0 %, 529 MiB, 143771 MiB
2026/08/13 18:39:23.649, NVIDIA H200, 25, 0 %, 0 %, 529 MiB, 143771 MiB
2026/08/13 18:39:26.649, NVIDIA H200, 25, 0 %, 0 %, 529 MiB, 143771 MiB
2026/08/13 18:39:29.650, NVIDIA H200, 25, 0 %, 0 %, 529 MiB, 143771 MiB
2026/08/13 18:39:32.650, NVIDIA H200, 25, 0 %, 0 %, 529 MiB, 143771 MiB
2026/08/13 18:39:35.650, NVIDIA H200, 25, 0 %, 0 %, 529 MiB, 143771 MiB
2026/08/13 18:39:38.650, NVIDIA H200, 25, 0 %, 0 %, 529 MiB, 143771 MiB
2026/08/13 18:39:41.651, NVIDIA H200, 25, 0 %, 0 %, 529 MiB, 143771 MiB
2026/08/13 18:39:44.651, NVIDIA H200, 25, 0 %, 0 %, 529 MiB, 143771 MiB
2026/08/13 18:39:47.651, NVIDIA H200, 25, 0 %, 0 %, 529 MiB, 143771 MiB
2026/08/13 18:39:50.651, NVIDIA H200, 25, 0 %, 0 %, 529 MiB, 143771 MiB
2026/08/13 18:39:53.652, NVIDIA H200, 25, 0 %, 0 %, 529 MiB, 143771 MiB
2026/08/13 18:39:56.652, NVIDIA H200, 25, 0 %, 0 %, 529 MiB, 143771 MiB
2026/08/13 18:39:59.652, NVIDIA H200, 25, 0 %, 0 %, 529 MiB, 143771 MiB
2026/08/13 18:40:02.652, NVIDIA H200, 25, 0 %, 0 %, 529 MiB, 143771 MiB
2026/08/13 18:40:05.653, NVIDIA H200, 25, 0 %, 0 %, 529 MiB, 143771 MiB
2026/08/13 18:40:08.653, NVIDIA H200, 25, 0 %, 0 %, 529 MiB, 143771 MiB
2026/08/13 18:40:11.653, NVIDIA H200, 25, 0 %, 0 %, 529 MiB, 143771 MiB
2026/08/13 18:40:14.653, NVIDIA H200, 25, 0 %, 0 %, 529 MiB, 143771 MiB
2026/08/13 18:40:17.654, NVIDIA H200, 25, 0 %, 0 %, 1241 MiB, 143771 MiB
2026/08/13 18:40:20.654, NVIDIA H200, 25, 0 %, 0 %, 2599 MiB, 143771 MiB
2026/08/13 18:40:23.654, NVIDIA H200, 28, 12 %, 1 %, 2847 MiB, 143771 MiB
2026/08/13 18:40:26.654, NVIDIA H200, 25, 0 %, 0 %, 9939 MiB, 143771 MiB
2026/08/13 18:40:29.655, NVIDIA H200, 34, 100 %, 9 %, 11951 MiB, 143771 MiB
2026/08/13 18:40:32.655, NVIDIA H200, 28, 9 %, 3 %, 4041 MiB, 143771 MiB
2026/08/13 18:40:35.655, NVIDIA H200, 34, 95 %, 44 %, 3929 MiB, 143771 MiB
2026/08/13 18:40:38.655, NVIDIA H200, 38, 98 %, 27 %, 15119 MiB, 143771 MiB
2026/08/13 18:40:41.656, NVIDIA H200, 37, 86 %, 25 %, 15119 MiB, 143771 MiB
2026/08/13 18:40:44.656, NVIDIA H200, 39, 98 %, 26 %, 15119 MiB, 143771 MiB
2026/08/13 18:40:47.656, NVIDIA H200, 39, 98 %, 31 %, 15119 MiB, 143771 MiB
2026/08/13 18:40:50.657, NVIDIA H200, 37, 99 %, 32 %, 15119 MiB, 143771 MiB
2026/08/13 18:40:53.657, NVIDIA H200, 37, 94 %, 22 %, 15119 MiB, 143771 MiB
2026/08/13 18:40:56.657, NVIDIA H200, 36, 99 %, 27 %, 15119 MiB, 143771 MiB
2026/08/13 18:40:59.657, NVIDIA H200, 29, 69 %, 22 %, 15119 MiB, 143771 MiB
2026/08/13 18:41:02.658, NVIDIA H200, 32, 22 %, 3 %, 15119 MiB, 143771 MiB
2026/08/13 18:41:05.658, NVIDIA H200, 38, 95 %, 31 %, 15119 MiB, 143771 MiB
2026/08/13 18:41:08.658, NVIDIA H200, 39, 89 %, 22 %, 15119 MiB, 143771 MiB
2026/08/13 18:41:11.659, NVIDIA H200, 37, 98 %, 24 %, 15119 MiB, 143771 MiB
2026/08/13 18:41:14.659, NVIDIA H200, 38, 82 %, 17 %, 15119 MiB, 143771 MiB
2026/08/13 18:41:17.659, NVIDIA H200, 38, 100 %, 23 %, 15119 MiB, 143771 MiB
2026/08/13 18:41:20.660, NVIDIA H200, 38, 86 %, 17 %, 15119 MiB, 143771 MiB
2026/08/13 18:41:23.660, NVIDIA H200, 37, 99 %, 22 %, 15119 MiB, 143771 MiB
2026/08/13 18:41:26.660, NVIDIA H200, 39, 96 %, 23 %, 15119 MiB, 143771 MiB
2026/08/13 18:41:29.661, NVIDIA H200, 39, 97 %, 25 %, 15119 MiB, 143771 MiB
2026/08/13 18:41:32.661, NVIDIA H200, 39, 98 %, 27 %, 15119 MiB, 143771 MiB
2026/08/13 18:41:35.661, NVIDIA H200, 38, 93 %, 29 %, 15119 MiB, 143771 MiB
2026/08/13 18:41:38.662, NVIDIA H200, 37, 94 %, 31 %, 15119 MiB, 143771 MiB
2026/08/13 18:41:41.662, NVIDIA H200, 39, 99 %, 34 %, 15119 MiB, 143771 MiB
2026/08/13 18:41:44.662, NVIDIA H200, 39, 99 %, 34 %, 15119 MiB, 143771 MiB
2026/08/13 18:41:47.663, NVIDIA H200, 38, 99 %, 30 %, 15119 MiB, 143771 MiB
2026/08/13 18:41:50.663, NVIDIA H200, 39, 99 %, 27 %, 15119 MiB, 143771 MiB
2026/08/13 18:41:53.663, NVIDIA H200, 39, 99 %, 31 %, 15119 MiB, 143771 MiB
2026/08/13 18:41:56.663, NVIDIA H200, 38, 100 %, 24 %, 15119 MiB, 143771 MiB
2026/08/13 18:41:59.664, NVIDIA H200, 39, 99 %, 31 %, 15119 MiB, 143771 MiB
2026/08/13 18:42:02.664, NVIDIA H200, 38, 99 %, 29 %, 15119 MiB, 143771 MiB
2026/08/13 18:42:05.664, NVIDIA H200, 40, 100 %, 25 %, 15119 MiB, 143771 MiB
2026/08/13 18:42:08.665, NVIDIA H200, 39, 100 %, 23 %, 15119 MiB, 143771 MiB
2026/08/13 18:42:11.665, NVIDIA H200, 38, 99 %, 22 %, 15119 MiB, 143771 MiB
2026/08/13 18:42:14.665, NVIDIA H200, 37, 86 %, 20 %, 15119 MiB, 143771 MiB
2026/08/13 18:42:17.666, NVIDIA H200, 38, 98 %, 27 %, 15119 MiB, 143771 MiB
2026/08/13 18:42:20.666, NVIDIA H200, 38, 95 %, 31 %, 15119 MiB, 143771 MiB
2026/08/13 18:42:23.666, NVIDIA H200, 39, 99 %, 34 %, 15119 MiB, 143771 MiB
2026/08/13 18:42:26.667, NVIDIA H200, 39, 99 %, 28 %, 15119 MiB, 143771 MiB
2026/08/13 18:42:29.667, NVIDIA H200, 39, 100 %, 24 %, 15119 MiB, 143771 MiB
2026/08/13 18:42:32.667, NVIDIA H200, 39, 93 %, 22 %, 15119 MiB, 143771 MiB
2026/08/13 18:42:35.668, NVIDIA H200, 39, 94 %, 22 %, 15119 MiB, 143771 MiB
2026/08/13 18:42:38.668, NVIDIA H200, 38, 87 %, 17 %, 15119 MiB, 143771 MiB
2026/08/13 18:42:41.668, NVIDIA H200, 38, 98 %, 31 %, 15119 MiB, 143771 MiB
2026/08/13 18:42:44.668, NVIDIA H200, 29, 78 %, 1 %, 4781 MiB, 143771 MiB
2026/08/13 18:42:47.669, NVIDIA H200, 26, 3 %, 0 %, 3143 MiB, 143771 MiB
2026/08/13 18:42:50.669, NVIDIA H200, 26, 0 %, 0 %, 3147 MiB, 143771 MiB
2026/08/13 18:42:53.669, NVIDIA H200, 33, 80 %, 28 %, 8405 MiB, 143771 MiB
2026/08/13 18:42:56.670, NVIDIA H200, 30, 6 %, 0 %, 8405 MiB, 143771 MiB
2026/08/13 18:42:59.670, NVIDIA H200, 35, 90 %, 30 %, 15041 MiB, 143771 MiB
2026/08/13 18:43:02.670, NVIDIA H200, 39, 99 %, 32 %, 15041 MiB, 143771 MiB
2026/08/13 18:43:05.670, NVIDIA H200, 39, 100 %, 27 %, 15041 MiB, 143771 MiB
2026/08/13 18:43:08.671, NVIDIA H200, 39, 99 %, 27 %, 15041 MiB, 143771 MiB
2026/08/13 18:43:11.671, NVIDIA H200, 38, 99 %, 22 %, 15041 MiB, 143771 MiB
2026/08/13 18:43:14.671, NVIDIA H200, 37, 89 %, 22 %, 15041 MiB, 143771 MiB
2026/08/13 18:43:17.672, NVIDIA H200, 38, 98 %, 27 %, 15041 MiB, 143771 MiB
2026/08/13 18:43:20.672, NVIDIA H200, 37, 97 %, 31 %, 15041 MiB, 143771 MiB
2026/08/13 18:43:23.672, NVIDIA H200, 38, 99 %, 34 %, 15041 MiB, 143771 MiB
2026/08/13 18:43:26.673, NVIDIA H200, 39, 99 %, 31 %, 15041 MiB, 143771 MiB
2026/08/13 18:43:29.673, NVIDIA H200, 38, 97 %, 22 %, 15041 MiB, 143771 MiB
2026/08/13 18:43:32.673, NVIDIA H200, 38, 98 %, 26 %, 15041 MiB, 143771 MiB
2026/08/13 18:43:35.674, NVIDIA H200, 37, 90 %, 28 %, 15041 MiB, 143771 MiB
2026/08/13 18:43:38.674, NVIDIA H200, 38, 99 %, 32 %, 15041 MiB, 143771 MiB
2026/08/13 18:43:41.674, NVIDIA H200, 38, 99 %, 32 %, 15041 MiB, 143771 MiB
2026/08/13 18:43:44.674, NVIDIA H200, 38, 100 %, 25 %, 15041 MiB, 143771 MiB
2026/08/13 18:43:47.675, NVIDIA H200, 38, 99 %, 22 %, 15041 MiB, 143771 MiB
2026/08/13 18:43:50.675, NVIDIA H200, 37, 99 %, 25 %, 15041 MiB, 143771 MiB
2026/08/13 18:43:53.675, NVIDIA H200, 37, 98 %, 27 %, 15041 MiB, 143771 MiB
2026/08/13 18:43:56.676, NVIDIA H200, 37, 90 %, 28 %, 15041 MiB, 143771 MiB
2026/08/13 18:43:59.676, NVIDIA H200, 38, 99 %, 30 %, 15041 MiB, 143771 MiB
2026/08/13 18:44:02.676, NVIDIA H200, 38, 99 %, 22 %, 15041 MiB, 143771 MiB
2026/08/13 18:44:05.677, NVIDIA H200, 37, 84 %, 20 %, 15041 MiB, 143771 MiB
2026/08/13 18:44:08.677, NVIDIA H200, 37, 83 %, 28 %, 15041 MiB, 143771 MiB
2026/08/13 18:44:11.677, NVIDIA H200, 37, 98 %, 29 %, 15041 MiB, 143771 MiB
2026/08/13 18:44:14.677, NVIDIA H200, 38, 99 %, 34 %, 15041 MiB, 143771 MiB
2026/08/13 18:44:17.678, NVIDIA H200, 38, 99 %, 27 %, 15041 MiB, 143771 MiB
2026/08/13 18:44:20.678, NVIDIA H200, 35, 100 %, 23 %, 15041 MiB, 143771 MiB
2026/08/13 18:44:23.678, NVIDIA H200, 38, 96 %, 24 %, 15041 MiB, 143771 MiB
2026/08/13 18:44:26.679, NVIDIA H200, 37, 93 %, 23 %, 15041 MiB, 143771 MiB
2026/08/13 18:44:29.679, NVIDIA H200, 37, 98 %, 26 %, 15041 MiB, 143771 MiB
2026/08/13 18:44:32.679, NVIDIA H200, 37, 96 %, 30 %, 15041 MiB, 143771 MiB
2026/08/13 18:44:35.680, NVIDIA H200, 38, 99 %, 34 %, 15041 MiB, 143771 MiB
2026/08/13 18:44:38.680, NVIDIA H200, 39, 99 %, 32 %, 15041 MiB, 143771 MiB
2026/08/13 18:44:41.680, NVIDIA H200, 38, 100 %, 25 %, 15041 MiB, 143771 MiB
2026/08/13 18:44:44.680, NVIDIA H200, 37, 99 %, 25 %, 15041 MiB, 143771 MiB
2026/08/13 18:44:47.681, NVIDIA H200, 37, 98 %, 27 %, 15041 MiB, 143771 MiB
2026/08/13 18:44:50.681, NVIDIA H200, 38, 99 %, 32 %, 15041 MiB, 143771 MiB
2026/08/13 18:44:53.681, NVIDIA H200, 38, 99 %, 29 %, 15041 MiB, 143771 MiB
2026/08/13 18:44:56.682, NVIDIA H200, 37, 100 %, 23 %, 15041 MiB, 143771 MiB
2026/08/13 18:44:59.682, NVIDIA H200, 37, 99 %, 31 %, 15041 MiB, 143771 MiB
2026/08/13 18:45:02.682, NVIDIA H200, 35, 76 %, 19 %, 15041 MiB, 143771 MiB
2026/08/13 18:45:05.683, NVIDIA H200, 35, 78 %, 20 %, 15041 MiB, 143771 MiB
2026/08/13 18:45:08.683, NVIDIA H200, 27, 0 %, 0 %, 15041 MiB, 143771 MiB
2026/08/13 18:45:11.683, NVIDIA H200, 36, 87 %, 21 %, 15041 MiB, 143771 MiB
2026/08/13 18:45:14.683, NVIDIA H200, 36, 100 %, 25 %, 15041 MiB, 143771 MiB
2026/08/13 18:45:17.684, NVIDIA H200, 37, 99 %, 23 %, 15041 MiB, 143771 MiB
2026/08/13 18:45:20.684, NVIDIA H200, 37, 99 %, 25 %, 15041 MiB, 143771 MiB
2026/08/13 18:45:23.684, NVIDIA H200, 37, 100 %, 24 %, 15041 MiB, 143771 MiB
2026/08/13 18:45:26.685, NVIDIA H200, 37, 99 %, 27 %, 15041 MiB, 143771 MiB
2026/08/13 18:45:29.685, NVIDIA H200, 37, 99 %, 29 %, 15041 MiB, 143771 MiB
2026/08/13 18:45:32.685, NVIDIA H200, 38, 99 %, 32 %, 15041 MiB, 143771 MiB
2026/08/13 18:45:35.686, NVIDIA H200, 38, 99 %, 31 %, 15041 MiB, 143771 MiB
2026/08/13 18:45:38.686, NVIDIA H200, 36, 78 %, 25 %, 15041 MiB, 143771 MiB
2026/08/13 18:45:41.686, NVIDIA H200, 39, 98 %, 27 %, 15041 MiB, 143771 MiB
2026/08/13 18:45:44.687, NVIDIA H200, 39, 92 %, 24 %, 15041 MiB, 143771 MiB
2026/08/13 18:45:47.687, NVIDIA H200, 38, 99 %, 25 %, 15041 MiB, 143771 MiB
2026/08/13 18:45:50.687, NVIDIA H200, 38, 87 %, 20 %, 15041 MiB, 143771 MiB
2026/08/13 18:45:53.688, NVIDIA H200, 37, 88 %, 18 %, 15041 MiB, 143771 MiB
2026/08/13 18:45:56.688, NVIDIA H200, 37, 81 %, 19 %, 15041 MiB, 143771 MiB
2026/08/13 18:45:59.688, NVIDIA H200, 37, 100 %, 24 %, 15041 MiB, 143771 MiB
2026/08/13 18:46:02.688, NVIDIA H200, 37, 100 %, 23 %, 15041 MiB, 143771 MiB
2026/08/13 18:46:05.689, NVIDIA H200, 37, 99 %, 32 %, 15041 MiB, 143771 MiB
2026/08/13 18:46:08.689, NVIDIA H200, 38, 99 %, 34 %, 15041 MiB, 143771 MiB
2026/08/13 18:46:11.689, NVIDIA H200, 38, 99 %, 32 %, 15041 MiB, 143771 MiB
2026/08/13 18:46:14.690, NVIDIA H200, 38, 99 %, 31 %, 15041 MiB, 143771 MiB
2026/08/13 18:46:17.690, NVIDIA H200, 38, 99 %, 34 %, 15041 MiB, 143771 MiB
2026/08/13 18:46:20.690, NVIDIA H200, 38, 99 %, 31 %, 15041 MiB, 143771 MiB
2026/08/13 18:46:23.691, NVIDIA H200, 39, 96 %, 31 %, 15041 MiB, 143771 MiB
2026/08/13 18:46:26.691, NVIDIA H200, 39, 98 %, 30 %, 15041 MiB, 143771 MiB
2026/08/13 18:46:29.691, NVIDIA H200, 38, 93 %, 29 %, 15041 MiB, 143771 MiB
2026/08/13 18:46:32.692, NVIDIA H200, 39, 98 %, 29 %, 15041 MiB, 143771 MiB
2026/08/13 18:46:35.692, NVIDIA H200, 36, 81 %, 24 %, 15041 MiB, 143771 MiB
2026/08/13 18:46:38.692, NVIDIA H200, 37, 90 %, 25 %, 15041 MiB, 143771 MiB
2026/08/13 18:46:41.693, NVIDIA H200, 37, 90 %, 26 %, 15041 MiB, 143771 MiB
2026/08/13 18:46:44.693, NVIDIA H200, 37, 91 %, 22 %, 15041 MiB, 143771 MiB
2026/08/13 18:46:47.693, NVIDIA H200, 37, 99 %, 25 %, 15041 MiB, 143771 MiB
2026/08/13 18:46:50.693, NVIDIA H200, 39, 99 %, 24 %, 15041 MiB, 143771 MiB
2026/08/13 18:46:53.694, NVIDIA H200, 39, 99 %, 21 %, 15041 MiB, 143771 MiB
2026/08/13 18:46:56.694, NVIDIA H200, 38, 91 %, 18 %, 15041 MiB, 143771 MiB
2026/08/13 18:46:59.694, NVIDIA H200, 38, 99 %, 21 %, 15041 MiB, 143771 MiB
2026/08/13 18:47:02.695, NVIDIA H200, 39, 99 %, 22 %, 15041 MiB, 143771 MiB
2026/08/13 18:47:05.695, NVIDIA H200, 38, 99 %, 21 %, 15041 MiB, 143771 MiB
2026/08/13 18:47:08.695, NVIDIA H200, 37, 100 %, 24 %, 15041 MiB, 143771 MiB
2026/08/13 18:47:11.696, NVIDIA H200, 37, 100 %, 24 %, 15041 MiB, 143771 MiB
2026/08/13 18:47:14.696, NVIDIA H200, 29, 7 %, 0 %, 15041 MiB, 143771 MiB
2026/08/13 18:47:17.696, NVIDIA H200, 34, 64 %, 19 %, 15041 MiB, 143771 MiB
2026/08/13 18:47:20.697, NVIDIA H200, 29, 6 %, 0 %, 15041 MiB, 143771 MiB
2026/08/13 18:47:23.697, NVIDIA H200, 35, 84 %, 17 %, 15041 MiB, 143771 MiB
2026/08/13 18:47:26.697, NVIDIA H200, 37, 100 %, 25 %, 15041 MiB, 143771 MiB
2026/08/13 18:47:29.698, NVIDIA H200, 37, 100 %, 27 %, 15041 MiB, 143771 MiB
2026/08/13 18:47:32.698, NVIDIA H200, 38, 97 %, 31 %, 15041 MiB, 143771 MiB
2026/08/13 18:47:35.698, NVIDIA H200, 38, 98 %, 31 %, 15041 MiB, 143771 MiB
2026/08/13 18:47:38.698, NVIDIA H200, 38, 99 %, 32 %, 15041 MiB, 143771 MiB
2026/08/13 18:47:41.699, NVIDIA H200, 38, 99 %, 32 %, 15041 MiB, 143771 MiB
2026/08/13 18:47:44.699, NVIDIA H200, 38, 99 %, 31 %, 15041 MiB, 143771 MiB
2026/08/13 18:47:47.699, NVIDIA H200, 38, 99 %, 34 %, 15041 MiB, 143771 MiB
2026/08/13 18:47:50.700, NVIDIA H200, 38, 99 %, 31 %, 15041 MiB, 143771 MiB
2026/08/13 18:47:53.700, NVIDIA H200, 39, 89 %, 29 %, 15041 MiB, 143771 MiB
2026/08/13 18:47:56.700, NVIDIA H200, 39, 93 %, 29 %, 15041 MiB, 143771 MiB
2026/08/13 18:47:59.701, NVIDIA H200, 40, 93 %, 27 %, 15041 MiB, 143771 MiB
2026/08/13 18:48:02.701, NVIDIA H200, 40, 86 %, 22 %, 15041 MiB, 143771 MiB
2026/08/13 18:48:05.701, NVIDIA H200, 37, 98 %, 26 %, 15041 MiB, 143771 MiB
2026/08/13 18:48:08.702, NVIDIA H200, 38, 80 %, 19 %, 15041 MiB, 143771 MiB
2026/08/13 18:48:11.702, NVIDIA H200, 39, 99 %, 24 %, 15041 MiB, 143771 MiB
2026/08/13 18:48:14.702, NVIDIA H200, 39, 94 %, 23 %, 15041 MiB, 143771 MiB
2026/08/13 18:48:17.703, NVIDIA H200, 40, 95 %, 20 %, 15041 MiB, 143771 MiB
2026/08/13 18:48:20.703, NVIDIA H200, 38, 100 %, 23 %, 15041 MiB, 143771 MiB
2026/08/13 18:48:23.703, NVIDIA H200, 38, 100 %, 23 %, 15041 MiB, 143771 MiB
2026/08/13 18:48:26.704, NVIDIA H200, 38, 99 %, 28 %, 15041 MiB, 143771 MiB
2026/08/13 18:48:29.704, NVIDIA H200, 39, 99 %, 29 %, 15041 MiB, 143771 MiB
2026/08/13 18:48:32.704, NVIDIA H200, 39, 99 %, 32 %, 15041 MiB, 143771 MiB
2026/08/13 18:48:35.705, NVIDIA H200, 39, 99 %, 32 %, 15041 MiB, 143771 MiB
2026/08/13 18:48:38.705, NVIDIA H200, 39, 99 %, 32 %, 15041 MiB, 143771 MiB
2026/08/13 18:48:41.705, NVIDIA H200, 38, 99 %, 34 %, 15041 MiB, 143771 MiB
2026/08/13 18:48:44.706, NVIDIA H200, 38, 97 %, 34 %, 15041 MiB, 143771 MiB
2026/08/13 18:48:47.706, NVIDIA H200, 38, 99 %, 32 %, 15041 MiB, 143771 MiB
2026/08/13 18:48:50.706, NVIDIA H200, 39, 94 %, 29 %, 15041 MiB, 143771 MiB
2026/08/13 18:48:53.707, NVIDIA H200, 39, 97 %, 31 %, 15041 MiB, 143771 MiB
2026/08/13 18:48:56.707, NVIDIA H200, 39, 98 %, 30 %, 15041 MiB, 143771 MiB
2026/08/13 18:48:59.707, NVIDIA H200, 40, 78 %, 22 %, 15041 MiB, 143771 MiB
2026/08/13 18:49:02.708, NVIDIA H200, 40, 98 %, 26 %, 15041 MiB, 143771 MiB
2026/08/13 18:49:05.708, NVIDIA H200, 39, 92 %, 24 %, 15041 MiB, 143771 MiB
2026/08/13 18:49:08.708, NVIDIA H200, 40, 95 %, 24 %, 15041 MiB, 143771 MiB
2026/08/13 18:49:11.709, NVIDIA H200, 40, 99 %, 25 %, 15041 MiB, 143771 MiB
2026/08/13 18:49:14.709, NVIDIA H200, 39, 97 %, 25 %, 15041 MiB, 143771 MiB
2026/08/13 18:49:17.709, NVIDIA H200, 38, 99 %, 26 %, 15041 MiB, 143771 MiB
2026/08/13 18:49:20.710, NVIDIA H200, 39, 91 %, 23 %, 15041 MiB, 143771 MiB
2026/08/13 18:49:23.710, NVIDIA H200, 40, 82 %, 25 %, 15041 MiB, 143771 MiB
2026/08/13 18:49:26.710, NVIDIA H200, 32, 58 %, 12 %, 15041 MiB, 143771 MiB
2026/08/13 18:49:29.711, NVIDIA H200, 36, 79 %, 27 %, 15041 MiB, 143771 MiB
2026/08/13 18:49:32.711, NVIDIA H200, 38, 76 %, 19 %, 15041 MiB, 143771 MiB
2026/08/13 18:49:35.711, NVIDIA H200, 32, 27 %, 6 %, 15041 MiB, 143771 MiB
2026/08/13 18:49:38.712, NVIDIA H200, 38, 99 %, 31 %, 15041 MiB, 143771 MiB
2026/08/13 18:49:41.712, NVIDIA H200, 39, 98 %, 31 %, 15041 MiB, 143771 MiB
2026/08/13 18:49:44.712, NVIDIA H200, 39, 94 %, 28 %, 15041 MiB, 143771 MiB
2026/08/13 18:49:47.712, NVIDIA H200, 39, 95 %, 29 %, 15041 MiB, 143771 MiB
2026/08/13 18:49:50.713, NVIDIA H200, 39, 99 %, 31 %, 15041 MiB, 143771 MiB
2026/08/13 18:49:53.713, NVIDIA H200, 38, 99 %, 35 %, 15041 MiB, 143771 MiB
2026/08/13 18:49:56.713, NVIDIA H200, 38, 99 %, 33 %, 15041 MiB, 143771 MiB
2026/08/13 18:49:59.714, NVIDIA H200, 39, 96 %, 30 %, 15041 MiB, 143771 MiB
2026/08/13 18:50:02.714, NVIDIA H200, 39, 89 %, 28 %, 15041 MiB, 143771 MiB
2026/08/13 18:50:05.714, NVIDIA H200, 39, 99 %, 31 %, 15041 MiB, 143771 MiB
2026/08/13 18:50:08.714, NVIDIA H200, 39, 98 %, 31 %, 15041 MiB, 143771 MiB
2026/08/13 18:50:11.715, NVIDIA H200, 39, 99 %, 32 %, 15041 MiB, 143771 MiB
2026/08/13 18:50:14.715, NVIDIA H200, 38, 99 %, 34 %, 15041 MiB, 143771 MiB
2026/08/13 18:50:17.715, NVIDIA H200, 39, 95 %, 20 %, 15041 MiB, 143771 MiB
2026/08/13 18:50:20.716, NVIDIA H200, 38, 99 %, 24 %, 15041 MiB, 143771 MiB
2026/08/13 18:50:23.716, NVIDIA H200, 39, 89 %, 19 %, 15041 MiB, 143771 MiB
2026/08/13 18:50:26.716, NVIDIA H200, 39, 97 %, 21 %, 15041 MiB, 143771 MiB
2026/08/13 18:50:29.716, NVIDIA H200, 38, 99 %, 25 %, 15041 MiB, 143771 MiB
2026/08/13 18:50:32.717, NVIDIA H200, 38, 95 %, 24 %, 15041 MiB, 143771 MiB
2026/08/13 18:50:35.717, NVIDIA H200, 39, 94 %, 24 %, 15041 MiB, 143771 MiB
2026/08/13 18:50:38.717, NVIDIA H200, 39, 91 %, 23 %, 15041 MiB, 143771 MiB
2026/08/13 18:50:41.718, NVIDIA H200, 39, 87 %, 21 %, 15041 MiB, 143771 MiB
2026/08/13 18:50:44.718, NVIDIA H200, 38, 99 %, 26 %, 15041 MiB, 143771 MiB
2026/08/13 18:50:47.718, NVIDIA H200, 39, 94 %, 24 %, 15041 MiB, 143771 MiB
2026/08/13 18:50:50.718, NVIDIA H200, 39, 99 %, 25 %, 15041 MiB, 143771 MiB
2026/08/13 18:50:53.719, NVIDIA H200, 38, 89 %, 21 %, 15041 MiB, 143771 MiB
2026/08/13 18:50:56.719, NVIDIA H200, 38, 88 %, 22 %, 15041 MiB, 143771 MiB
2026/08/13 18:50:59.719, NVIDIA H200, 39, 99 %, 24 %, 15041 MiB, 143771 MiB
2026/08/13 18:51:02.720, NVIDIA H200, 39, 93 %, 26 %, 15041 MiB, 143771 MiB
2026/08/13 18:51:05.720, NVIDIA H200, 39, 91 %, 23 %, 15041 MiB, 143771 MiB
2026/08/13 18:51:08.720, NVIDIA H200, 39, 98 %, 27 %, 15041 MiB, 143771 MiB
2026/08/13 18:51:11.721, NVIDIA H200, 39, 92 %, 25 %, 15041 MiB, 143771 MiB
2026/08/13 18:51:14.721, NVIDIA H200, 38, 95 %, 26 %, 15041 MiB, 143771 MiB
2026/08/13 18:51:17.721, NVIDIA H200, 39, 92 %, 28 %, 15041 MiB, 143771 MiB
2026/08/13 18:51:20.721, NVIDIA H200, 39, 98 %, 27 %, 15041 MiB, 143771 MiB
2026/08/13 18:51:23.722, NVIDIA H200, 39, 90 %, 25 %, 15041 MiB, 143771 MiB
2026/08/13 18:51:26.722, NVIDIA H200, 39, 88 %, 25 %, 15041 MiB, 143771 MiB
2026/08/13 18:51:29.722, NVIDIA H200, 38, 92 %, 26 %, 15041 MiB, 143771 MiB
2026/08/13 18:51:32.723, NVIDIA H200, 39, 98 %, 26 %, 15041 MiB, 143771 MiB
2026/08/13 18:51:35.723, NVIDIA H200, 39, 88 %, 25 %, 15041 MiB, 143771 MiB
2026/08/13 18:51:38.723, NVIDIA H200, 41, 99 %, 32 %, 15041 MiB, 143771 MiB
2026/08/13 18:51:41.723, NVIDIA H200, 37, 59 %, 19 %, 15041 MiB, 143771 MiB
2026/08/13 18:51:44.724, NVIDIA H200, 37, 65 %, 18 %, 15041 MiB, 143771 MiB
2026/08/13 18:51:47.724, NVIDIA H200, 27, 0 %, 0 %, 15041 MiB, 143771 MiB
2026/08/13 18:51:50.724, NVIDIA H200, 26, 0 %, 0 %, 15041 MiB, 143771 MiB
2026/08/13 18:51:53.725, NVIDIA H200, 26, 0 %, 0 %, 15041 MiB, 143771 MiB
2026/08/13 18:51:56.725, NVIDIA H200, 36, 99 %, 24 %, 15041 MiB, 143771 MiB
2026/08/13 18:51:59.725, NVIDIA H200, 38, 95 %, 26 %, 15041 MiB, 143771 MiB
2026/08/13 18:52:02.725, NVIDIA H200, 40, 97 %, 27 %, 15041 MiB, 143771 MiB
2026/08/13 18:52:05.726, NVIDIA H200, 39, 98 %, 31 %, 15041 MiB, 143771 MiB
2026/08/13 18:52:08.726, NVIDIA H200, 39, 99 %, 31 %, 15041 MiB, 143771 MiB
2026/08/13 18:52:11.726, NVIDIA H200, 38, 98 %, 30 %, 15041 MiB, 143771 MiB
2026/08/13 18:52:14.727, NVIDIA H200, 39, 99 %, 32 %, 15041 MiB, 143771 MiB
2026/08/13 18:52:17.727, NVIDIA H200, 39, 99 %, 32 %, 15041 MiB, 143771 MiB
2026/08/13 18:52:20.727, NVIDIA H200, 38, 99 %, 34 %, 15041 MiB, 143771 MiB
2026/08/13 18:52:23.727, NVIDIA H200, 39, 99 %, 34 %, 15041 MiB, 143771 MiB
2026/08/13 18:52:26.728, NVIDIA H200, 38, 99 %, 32 %, 15041 MiB, 143771 MiB
2026/08/13 18:52:29.728, NVIDIA H200, 39, 97 %, 31 %, 15041 MiB, 143771 MiB
2026/08/13 18:52:32.728, NVIDIA H200, 39, 99 %, 31 %, 15041 MiB, 143771 MiB
2026/08/13 18:52:35.729, NVIDIA H200, 39, 94 %, 28 %, 15041 MiB, 143771 MiB
2026/08/13 18:52:38.729, NVIDIA H200, 39, 99 %, 31 %, 15041 MiB, 143771 MiB
2026/08/13 18:52:41.729, NVIDIA H200, 39, 98 %, 31 %, 15041 MiB, 143771 MiB
2026/08/13 18:52:44.730, NVIDIA H200, 39, 99 %, 31 %, 15041 MiB, 143771 MiB
2026/08/13 18:52:47.730, NVIDIA H200, 38, 99 %, 31 %, 15041 MiB, 143771 MiB
2026/08/13 18:52:50.730, NVIDIA H200, 39, 99 %, 32 %, 15041 MiB, 143771 MiB
2026/08/13 18:52:53.731, NVIDIA H200, 38, 94 %, 32 %, 15041 MiB, 143771 MiB
2026/08/13 18:52:56.731, NVIDIA H200, 39, 99 %, 31 %, 15041 MiB, 143771 MiB
2026/08/13 18:52:59.731, NVIDIA H200, 39, 99 %, 31 %, 15041 MiB, 143771 MiB
2026/08/13 18:53:02.731, NVIDIA H200, 38, 99 %, 34 %, 15041 MiB, 143771 MiB
2026/08/13 18:53:05.732, NVIDIA H200, 38, 98 %, 32 %, 15041 MiB, 143771 MiB
2026/08/13 18:53:08.732, NVIDIA H200, 39, 100 %, 26 %, 15041 MiB, 143771 MiB
2026/08/13 18:53:11.732, NVIDIA H200, 38, 100 %, 23 %, 15041 MiB, 143771 MiB
2026/08/13 18:53:14.733, NVIDIA H200, 38, 100 %, 25 %, 15041 MiB, 143771 MiB
2026/08/13 18:53:17.733, NVIDIA H200, 39, 99 %, 22 %, 15041 MiB, 143771 MiB
2026/08/13 18:53:20.733, NVIDIA H200, 39, 85 %, 20 %, 15041 MiB, 143771 MiB
2026/08/13 18:53:23.734, NVIDIA H200, 39, 90 %, 20 %, 15041 MiB, 143771 MiB
2026/08/13 18:53:26.734, NVIDIA H200, 39, 98 %, 21 %, 15041 MiB, 143771 MiB
2026/08/13 18:53:29.734, NVIDIA H200, 40, 98 %, 20 %, 15041 MiB, 143771 MiB
2026/08/13 18:53:32.735, NVIDIA H200, 40, 94 %, 21 %, 15041 MiB, 143771 MiB
2026/08/13 18:53:35.735, NVIDIA H200, 40, 90 %, 18 %, 15041 MiB, 143771 MiB
2026/08/13 18:53:38.735, NVIDIA H200, 40, 95 %, 20 %, 15041 MiB, 143771 MiB
2026/08/13 18:53:41.735, NVIDIA H200, 40, 92 %, 19 %, 15041 MiB, 143771 MiB
2026/08/13 18:53:44.736, NVIDIA H200, 40, 99 %, 21 %, 15041 MiB, 143771 MiB
2026/08/13 18:53:47.736, NVIDIA H200, 40, 88 %, 21 %, 15041 MiB, 143771 MiB
2026/08/13 18:53:50.736, NVIDIA H200, 39, 92 %, 23 %, 15041 MiB, 143771 MiB
2026/08/13 18:53:53.737, NVIDIA H200, 39, 93 %, 23 %, 15041 MiB, 143771 MiB
2026/08/13 18:53:56.737, NVIDIA H200, 41, 98 %, 28 %, 15041 MiB, 143771 MiB
2026/08/13 18:53:59.737, NVIDIA H200, 29, 0 %, 0 %, 15041 MiB, 143771 MiB
2026/08/13 18:54:02.738, NVIDIA H200, 38, 83 %, 24 %, 15041 MiB, 143771 MiB
2026/08/13 18:54:05.738, NVIDIA H200, 30, 6 %, 0 %, 15041 MiB, 143771 MiB
2026/08/13 18:54:08.738, NVIDIA H200, 36, 89 %, 19 %, 15041 MiB, 143771 MiB
2026/08/13 18:54:11.738, NVIDIA H200, 38, 99 %, 24 %, 15041 MiB, 143771 MiB
2026/08/13 18:54:14.739, NVIDIA H200, 38, 96 %, 29 %, 15041 MiB, 143771 MiB
2026/08/13 18:54:17.739, NVIDIA H200, 40, 99 %, 32 %, 15041 MiB, 143771 MiB
2026/08/13 18:54:20.739, NVIDIA H200, 40, 95 %, 22 %, 15041 MiB, 143771 MiB
2026/08/13 18:54:23.739, NVIDIA H200, 38, 96 %, 24 %, 15041 MiB, 143771 MiB
2026/08/13 18:54:26.740, NVIDIA H200, 39, 98 %, 29 %, 15041 MiB, 143771 MiB
2026/08/13 18:54:29.740, NVIDIA H200, 39, 99 %, 32 %, 15041 MiB, 143771 MiB
2026/08/13 18:54:32.740, NVIDIA H200, 40, 99 %, 31 %, 15041 MiB, 143771 MiB
2026/08/13 18:54:35.740, NVIDIA H200, 39, 82 %, 19 %, 15041 MiB, 143771 MiB
2026/08/13 18:54:38.741, NVIDIA H200, 39, 99 %, 26 %, 15041 MiB, 143771 MiB
2026/08/13 18:54:41.741, NVIDIA H200, 40, 99 %, 34 %, 15041 MiB, 143771 MiB
2026/08/13 18:54:44.741, NVIDIA H200, 40, 99 %, 33 %, 15041 MiB, 143771 MiB
2026/08/13 18:54:47.741, NVIDIA H200, 40, 96 %, 22 %, 15041 MiB, 143771 MiB
2026/08/13 18:54:50.742, NVIDIA H200, 39, 99 %, 24 %, 15041 MiB, 143771 MiB
2026/08/13 18:54:53.742, NVIDIA H200, 39, 98 %, 29 %, 15041 MiB, 143771 MiB
2026/08/13 18:54:56.742, NVIDIA H200, 39, 99 %, 31 %, 15041 MiB, 143771 MiB
2026/08/13 18:54:59.742, NVIDIA H200, 40, 98 %, 28 %, 15041 MiB, 143771 MiB
2026/08/13 18:55:02.743, NVIDIA H200, 39, 99 %, 25 %, 15041 MiB, 143771 MiB
2026/08/13 18:55:05.743, NVIDIA H200, 39, 99 %, 31 %, 15041 MiB, 143771 MiB
2026/08/13 18:55:08.743, NVIDIA H200, 41, 100 %, 26 %, 15041 MiB, 143771 MiB
2026/08/13 18:55:11.743, NVIDIA H200, 39, 99 %, 25 %, 15041 MiB, 143771 MiB
2026/08/13 18:55:14.744, NVIDIA H200, 38, 86 %, 28 %, 15041 MiB, 143771 MiB
2026/08/13 18:55:17.744, NVIDIA H200, 40, 99 %, 31 %, 15041 MiB, 143771 MiB
2026/08/13 18:55:20.744, NVIDIA H200, 40, 99 %, 21 %, 15041 MiB, 143771 MiB
2026/08/13 18:55:23.744, NVIDIA H200, 39, 93 %, 29 %, 15041 MiB, 143771 MiB
2026/08/13 18:55:26.745, NVIDIA H200, 40, 98 %, 28 %, 15041 MiB, 143771 MiB
2026/08/13 18:55:29.745, NVIDIA H200, 40, 98 %, 32 %, 15041 MiB, 143771 MiB
2026/08/13 18:55:32.745, NVIDIA H200, 39, 100 %, 24 %, 15041 MiB, 143771 MiB
2026/08/13 18:55:35.745, NVIDIA H200, 40, 99 %, 25 %, 15041 MiB, 143771 MiB
2026/08/13 18:55:38.746, NVIDIA H200, 40, 98 %, 31 %, 15041 MiB, 143771 MiB
2026/08/13 18:55:41.746, NVIDIA H200, 39, 98 %, 31 %, 15041 MiB, 143771 MiB
2026/08/13 18:55:44.746, NVIDIA H200, 38, 99 %, 21 %, 15041 MiB, 143771 MiB
2026/08/13 18:55:47.746, NVIDIA H200, 41, 98 %, 27 %, 15041 MiB, 143771 MiB
2026/08/13 18:55:50.747, NVIDIA H200, 40, 98 %, 31 %, 15041 MiB, 143771 MiB
2026/08/13 18:55:53.747, NVIDIA H200, 39, 99 %, 27 %, 15041 MiB, 143771 MiB
2026/08/13 18:55:56.747, NVIDIA H200, 39, 99 %, 25 %, 15041 MiB, 143771 MiB
2026/08/13 18:55:59.747, NVIDIA H200, 40, 98 %, 32 %, 15041 MiB, 143771 MiB
2026/08/13 18:56:02.748, NVIDIA H200, 39, 99 %, 30 %, 15041 MiB, 143771 MiB
2026/08/13 18:56:05.748, NVIDIA H200, 39, 93 %, 19 %, 15041 MiB, 143771 MiB
2026/08/13 18:56:08.748, NVIDIA H200, 41, 98 %, 31 %, 15041 MiB, 143771 MiB
2026/08/13 18:56:11.748, NVIDIA H200, 36, 78 %, 20 %, 15041 MiB, 143771 MiB
2026/08/13 18:56:14.749, NVIDIA H200, 36, 81 %, 29 %, 15041 MiB, 143771 MiB
2026/08/13 18:56:17.749, NVIDIA H200, 27, 0 %, 0 %, 15041 MiB, 143771 MiB
2026/08/13 18:56:20.749, NVIDIA H200, 38, 99 %, 25 %, 15041 MiB, 143771 MiB
2026/08/13 18:56:23.750, NVIDIA H200, 39, 88 %, 21 %, 15041 MiB, 143771 MiB
2026/08/13 18:56:26.750, NVIDIA H200, 40, 82 %, 19 %, 15041 MiB, 143771 MiB
2026/08/13 18:56:29.750, NVIDIA H200, 40, 91 %, 22 %, 15041 MiB, 143771 MiB
2026/08/13 18:56:32.751, NVIDIA H200, 40, 84 %, 20 %, 15041 MiB, 143771 MiB
2026/08/13 18:56:35.751, NVIDIA H200, 40, 99 %, 26 %, 15041 MiB, 143771 MiB
2026/08/13 18:56:38.751, NVIDIA H200, 40, 97 %, 25 %, 15041 MiB, 143771 MiB
2026/08/13 18:56:41.752, NVIDIA H200, 40, 94 %, 25 %, 15041 MiB, 143771 MiB
2026/08/13 18:56:44.752, NVIDIA H200, 40, 82 %, 21 %, 15041 MiB, 143771 MiB
2026/08/13 18:56:47.752, NVIDIA H200, 40, 97 %, 25 %, 15041 MiB, 143771 MiB
2026/08/13 18:56:50.753, NVIDIA H200, 39, 87 %, 25 %, 15041 MiB, 143771 MiB
2026/08/13 18:56:53.753, NVIDIA H200, 40, 95 %, 26 %, 15041 MiB, 143771 MiB
2026/08/13 18:56:56.753, NVIDIA H200, 38, 89 %, 25 %, 15041 MiB, 143771 MiB
2026/08/13 18:56:59.753, NVIDIA H200, 40, 98 %, 29 %, 15041 MiB, 143771 MiB
2026/08/13 18:57:02.754, NVIDIA H200, 39, 98 %, 27 %, 15041 MiB, 143771 MiB
2026/08/13 18:57:05.754, NVIDIA H200, 39, 97 %, 29 %, 15041 MiB, 143771 MiB
2026/08/13 18:57:08.754, NVIDIA H200, 39, 96 %, 29 %, 15041 MiB, 143771 MiB
2026/08/13 18:57:11.755, NVIDIA H200, 39, 98 %, 29 %, 15041 MiB, 143771 MiB
2026/08/13 18:57:14.755, NVIDIA H200, 38, 75 %, 17 %, 15041 MiB, 143771 MiB
2026/08/13 18:57:17.755, NVIDIA H200, 39, 99 %, 20 %, 15041 MiB, 143771 MiB
2026/08/13 18:57:20.756, NVIDIA H200, 39, 99 %, 28 %, 15041 MiB, 143771 MiB
2026/08/13 18:57:23.756, NVIDIA H200, 40, 99 %, 33 %, 15041 MiB, 143771 MiB
2026/08/13 18:57:26.756, NVIDIA H200, 39, 99 %, 33 %, 15041 MiB, 143771 MiB
2026/08/13 18:57:29.756, NVIDIA H200, 40, 98 %, 32 %, 15041 MiB, 143771 MiB
2026/08/13 18:57:32.757, NVIDIA H200, 41, 99 %, 32 %, 15041 MiB, 143771 MiB
2026/08/13 18:57:35.757, NVIDIA H200, 40, 99 %, 31 %, 15041 MiB, 143771 MiB
2026/08/13 18:57:38.757, NVIDIA H200, 40, 99 %, 32 %, 15041 MiB, 143771 MiB
2026/08/13 18:57:41.758, NVIDIA H200, 40, 99 %, 33 %, 15041 MiB, 143771 MiB
2026/08/13 18:57:44.758, NVIDIA H200, 40, 99 %, 34 %, 15041 MiB, 143771 MiB
2026/08/13 18:57:47.758, NVIDIA H200, 40, 99 %, 32 %, 15041 MiB, 143771 MiB
2026/08/13 18:57:50.759, NVIDIA H200, 40, 99 %, 32 %, 15041 MiB, 143771 MiB
2026/08/13 18:57:53.759, NVIDIA H200, 38, 99 %, 29 %, 15041 MiB, 143771 MiB
2026/08/13 18:57:56.759, NVIDIA H200, 40, 99 %, 32 %, 15041 MiB, 143771 MiB
2026/08/13 18:57:59.759, NVIDIA H200, 40, 99 %, 31 %, 15041 MiB, 143771 MiB
2026/08/13 18:58:02.760, NVIDIA H200, 39, 99 %, 34 %, 15041 MiB, 143771 MiB
2026/08/13 18:58:05.760, NVIDIA H200, 38, 88 %, 27 %, 15041 MiB, 143771 MiB
2026/08/13 18:58:08.760, NVIDIA H200, 39, 89 %, 25 %, 15041 MiB, 143771 MiB
2026/08/13 18:58:11.761, NVIDIA H200, 39, 96 %, 26 %, 15041 MiB, 143771 MiB
2026/08/13 18:58:14.761, NVIDIA H200, 39, 98 %, 26 %, 15041 MiB, 143771 MiB
2026/08/13 18:58:17.761, NVIDIA H200, 38, 98 %, 27 %, 15041 MiB, 143771 MiB
2026/08/13 18:58:20.762, NVIDIA H200, 40, 99 %, 35 %, 15041 MiB, 143771 MiB
2026/08/13 18:58:23.762, NVIDIA H200, 36, 71 %, 23 %, 15041 MiB, 143771 MiB
2026/08/13 18:58:26.762, NVIDIA H200, 36, 72 %, 23 %, 15041 MiB, 143771 MiB
2026/08/13 18:58:29.762, NVIDIA H200, 27, 0 %, 0 %, 15041 MiB, 143771 MiB
2026/08/13 18:58:32.763, NVIDIA H200, 39, 99 %, 32 %, 15041 MiB, 143771 MiB
2026/08/13 18:58:35.763, NVIDIA H200, 39, 98 %, 22 %, 15041 MiB, 143771 MiB
2026/08/13 18:58:38.763, NVIDIA H200, 38, 98 %, 28 %, 15041 MiB, 143771 MiB
2026/08/13 18:58:41.764, NVIDIA H200, 39, 98 %, 34 %, 15041 MiB, 143771 MiB
2026/08/13 18:58:44.764, NVIDIA H200, 39, 98 %, 31 %, 15041 MiB, 143771 MiB
2026/08/13 18:58:47.764, NVIDIA H200, 40, 99 %, 32 %, 15041 MiB, 143771 MiB
2026/08/13 18:58:50.765, NVIDIA H200, 40, 100 %, 24 %, 15041 MiB, 143771 MiB
2026/08/13 18:58:53.765, NVIDIA H200, 39, 99 %, 23 %, 15041 MiB, 143771 MiB
2026/08/13 18:58:56.765, NVIDIA H200, 39, 96 %, 27 %, 15041 MiB, 143771 MiB
2026/08/13 18:58:59.765, NVIDIA H200, 38, 94 %, 30 %, 15041 MiB, 143771 MiB
2026/08/13 18:59:02.766, NVIDIA H200, 40, 99 %, 34 %, 15041 MiB, 143771 MiB
2026/08/13 18:59:05.766, NVIDIA H200, 39, 95 %, 30 %, 15041 MiB, 143771 MiB
2026/08/13 18:59:08.766, NVIDIA H200, 36, 100 %, 24 %, 15041 MiB, 143771 MiB
2026/08/13 18:59:11.767, NVIDIA H200, 40, 99 %, 20 %, 15041 MiB, 143771 MiB
2026/08/13 18:59:14.767, NVIDIA H200, 38, 98 %, 26 %, 15041 MiB, 143771 MiB
2026/08/13 18:59:17.767, NVIDIA H200, 38, 86 %, 25 %, 15041 MiB, 143771 MiB
2026/08/13 18:59:20.767, NVIDIA H200, 39, 99 %, 34 %, 15041 MiB, 143771 MiB
2026/08/13 18:59:23.768, NVIDIA H200, 40, 99 %, 27 %, 15041 MiB, 143771 MiB
2026/08/13 18:59:26.768, NVIDIA H200, 39, 98 %, 20 %, 15041 MiB, 143771 MiB
2026/08/13 18:59:29.768, NVIDIA H200, 39, 85 %, 19 %, 15041 MiB, 143771 MiB
2026/08/13 18:59:32.769, NVIDIA H200, 39, 99 %, 22 %, 15041 MiB, 143771 MiB
2026/08/13 18:59:35.769, NVIDIA H200, 39, 96 %, 25 %, 15041 MiB, 143771 MiB
2026/08/13 18:59:38.769, NVIDIA H200, 38, 91 %, 26 %, 15041 MiB, 143771 MiB
2026/08/13 18:59:41.770, NVIDIA H200, 39, 99 %, 31 %, 15041 MiB, 143771 MiB
2026/08/13 18:59:44.770, NVIDIA H200, 40, 99 %, 32 %, 15041 MiB, 143771 MiB
2026/08/13 18:59:47.770, NVIDIA H200, 40, 100 %, 24 %, 15041 MiB, 143771 MiB
2026/08/13 18:59:50.771, NVIDIA H200, 39, 97 %, 24 %, 15041 MiB, 143771 MiB
2026/08/13 18:59:53.771, NVIDIA H200, 39, 99 %, 23 %, 15041 MiB, 143771 MiB
2026/08/13 18:59:56.771, NVIDIA H200, 38, 98 %, 26 %, 15041 MiB, 143771 MiB
2026/08/13 18:59:59.771, NVIDIA H200, 38, 98 %, 27 %, 15041 MiB, 143771 MiB
2026/08/13 19:00:02.772, NVIDIA H200, 38, 96 %, 30 %, 15041 MiB, 143771 MiB
2026/08/13 19:00:05.772, NVIDIA H200, 39, 99 %, 33 %, 15041 MiB, 143771 MiB
2026/08/13 19:00:08.772, NVIDIA H200, 40, 99 %, 27 %, 15041 MiB, 143771 MiB
2026/08/13 19:00:11.773, NVIDIA H200, 39, 85 %, 19 %, 15041 MiB, 143771 MiB
2026/08/13 19:00:14.773, NVIDIA H200, 38, 99 %, 24 %, 15041 MiB, 143771 MiB
2026/08/13 19:00:17.773, NVIDIA H200, 38, 93 %, 23 %, 15041 MiB, 143771 MiB
2026/08/13 19:00:20.773, NVIDIA H200, 38, 89 %, 23 %, 15041 MiB, 143771 MiB
2026/08/13 19:00:23.774, NVIDIA H200, 38, 98 %, 31 %, 15041 MiB, 143771 MiB
2026/08/13 19:00:26.774, NVIDIA H200, 39, 99 %, 34 %, 15041 MiB, 143771 MiB
2026/08/13 19:00:29.774, NVIDIA H200, 39, 99 %, 26 %, 15041 MiB, 143771 MiB
2026/08/13 19:00:32.775, NVIDIA H200, 39, 99 %, 34 %, 15041 MiB, 143771 MiB
2026/08/13 19:00:35.775, NVIDIA H200, 36, 93 %, 32 %, 15041 MiB, 143771 MiB
2026/08/13 19:00:38.775, NVIDIA H200, 37, 86 %, 28 %, 15041 MiB, 143771 MiB
2026/08/13 19:00:41.776, NVIDIA H200, 27, 7 %, 0 %, 15041 MiB, 143771 MiB
2026/08/13 19:00:44.776, NVIDIA H200, 39, 95 %, 24 %, 15041 MiB, 143771 MiB
2026/08/13 19:00:47.776, NVIDIA H200, 40, 89 %, 22 %, 15041 MiB, 143771 MiB
2026/08/13 19:00:50.776, NVIDIA H200, 40, 99 %, 26 %, 15041 MiB, 143771 MiB
2026/08/13 19:00:53.777, NVIDIA H200, 40, 99 %, 26 %, 15041 MiB, 143771 MiB
2026/08/13 19:00:56.777, NVIDIA H200, 40, 87 %, 21 %, 15041 MiB, 143771 MiB
2026/08/13 19:00:59.777, NVIDIA H200, 40, 93 %, 23 %, 15041 MiB, 143771 MiB
2026/08/13 19:01:02.778, NVIDIA H200, 39, 92 %, 23 %, 15041 MiB, 143771 MiB
2026/08/13 19:01:05.778, NVIDIA H200, 39, 97 %, 25 %, 15041 MiB, 143771 MiB
2026/08/13 19:01:08.778, NVIDIA H200, 38, 99 %, 24 %, 15041 MiB, 143771 MiB
2026/08/13 19:01:11.779, NVIDIA H200, 39, 87 %, 20 %, 15041 MiB, 143771 MiB
2026/08/13 19:01:14.779, NVIDIA H200, 39, 99 %, 25 %, 15041 MiB, 143771 MiB
2026/08/13 19:01:17.779, NVIDIA H200, 40, 99 %, 22 %, 15041 MiB, 143771 MiB
2026/08/13 19:01:20.779, NVIDIA H200, 39, 99 %, 22 %, 15041 MiB, 143771 MiB
2026/08/13 19:01:23.780, NVIDIA H200, 38, 99 %, 25 %, 15041 MiB, 143771 MiB
2026/08/13 19:01:26.780, NVIDIA H200, 38, 94 %, 23 %, 15041 MiB, 143771 MiB
2026/08/13 19:01:29.780, NVIDIA H200, 39, 98 %, 26 %, 15041 MiB, 143771 MiB
2026/08/13 19:01:32.781, NVIDIA H200, 39, 92 %, 25 %, 15041 MiB, 143771 MiB
2026/08/13 19:01:35.781, NVIDIA H200, 38, 92 %, 29 %, 15041 MiB, 143771 MiB
2026/08/13 19:01:38.781, NVIDIA H200, 38, 90 %, 28 %, 15041 MiB, 143771 MiB
2026/08/13 19:01:41.782, NVIDIA H200, 38, 91 %, 30 %, 15041 MiB, 143771 MiB
2026/08/13 19:01:44.782, NVIDIA H200, 38, 97 %, 30 %, 15041 MiB, 143771 MiB
2026/08/13 19:01:47.782, NVIDIA H200, 39, 99 %, 31 %, 15041 MiB, 143771 MiB
2026/08/13 19:01:50.782, NVIDIA H200, 39, 99 %, 31 %, 15041 MiB, 143771 MiB
2026/08/13 19:01:53.783, NVIDIA H200, 39, 98 %, 34 %, 15041 MiB, 143771 MiB
2026/08/13 19:01:56.783, NVIDIA H200, 39, 99 %, 34 %, 15041 MiB, 143771 MiB
2026/08/13 19:01:59.783, NVIDIA H200, 39, 99 %, 34 %, 15041 MiB, 143771 MiB
2026/08/13 19:02:02.784, NVIDIA H200, 39, 98 %, 34 %, 15041 MiB, 143771 MiB
2026/08/13 19:02:05.784, NVIDIA H200, 38, 99 %, 33 %, 15041 MiB, 143771 MiB
2026/08/13 19:02:08.784, NVIDIA H200, 38, 99 %, 32 %, 15041 MiB, 143771 MiB
2026/08/13 19:02:11.785, NVIDIA H200, 39, 99 %, 31 %, 15041 MiB, 143771 MiB
2026/08/13 19:02:14.785, NVIDIA H200, 39, 99 %, 31 %, 15041 MiB, 143771 MiB
2026/08/13 19:02:17.785, NVIDIA H200, 38, 99 %, 31 %, 15041 MiB, 143771 MiB
2026/08/13 19:02:20.785, NVIDIA H200, 38, 99 %, 32 %, 15041 MiB, 143771 MiB
2026/08/13 19:02:23.786, NVIDIA H200, 38, 98 %, 32 %, 15041 MiB, 143771 MiB
2026/08/13 19:02:26.786, NVIDIA H200, 38, 99 %, 33 %, 15041 MiB, 143771 MiB
2026/08/13 19:02:29.786, NVIDIA H200, 38, 99 %, 33 %, 15041 MiB, 143771 MiB
2026/08/13 19:02:32.787, NVIDIA H200, 39, 97 %, 34 %, 15041 MiB, 143771 MiB
2026/08/13 19:02:35.787, NVIDIA H200, 38, 99 %, 34 %, 15041 MiB, 143771 MiB
2026/08/13 19:02:38.787, NVIDIA H200, 39, 99 %, 34 %, 15041 MiB, 143771 MiB
2026/08/13 19:02:41.788, NVIDIA H200, 38, 99 %, 34 %, 15041 MiB, 143771 MiB
2026/08/13 19:02:44.788, NVIDIA H200, 39, 100 %, 24 %, 15041 MiB, 143771 MiB
2026/08/13 19:02:47.788, NVIDIA H200, 34, 79 %, 22 %, 15041 MiB, 143771 MiB
2026/08/13 19:02:50.789, NVIDIA H200, 37, 79 %, 27 %, 15041 MiB, 143771 MiB
2026/08/13 19:02:53.789, NVIDIA H200, 27, 0 %, 0 %, 15041 MiB, 143771 MiB
2026/08/13 19:02:56.789, NVIDIA H200, 26, 0 %, 0 %, 15041 MiB, 143771 MiB
2026/08/13 19:02:59.789, NVIDIA H200, 34, 87 %, 21 %, 15041 MiB, 143771 MiB
2026/08/13 19:03:02.790, NVIDIA H200, 39, 91 %, 23 %, 15041 MiB, 143771 MiB
2026/08/13 19:03:05.790, NVIDIA H200, 39, 94 %, 20 %, 15041 MiB, 143771 MiB
2026/08/13 19:03:08.790, NVIDIA H200, 38, 99 %, 28 %, 15041 MiB, 143771 MiB
2026/08/13 19:03:11.790, NVIDIA H200, 39, 99 %, 31 %, 15041 MiB, 143771 MiB
2026/08/13 19:03:14.791, NVIDIA H200, 39, 84 %, 26 %, 15041 MiB, 143771 MiB
2026/08/13 19:03:17.791, NVIDIA H200, 39, 87 %, 24 %, 15041 MiB, 143771 MiB
2026/08/13 19:03:20.791, NVIDIA H200, 40, 86 %, 22 %, 15041 MiB, 143771 MiB
2026/08/13 19:03:23.791, NVIDIA H200, 40, 94 %, 23 %, 15041 MiB, 143771 MiB
2026/08/13 19:03:26.792, NVIDIA H200, 40, 99 %, 25 %, 15041 MiB, 143771 MiB
2026/08/13 19:03:29.792, NVIDIA H200, 40, 93 %, 20 %, 15041 MiB, 143771 MiB
2026/08/13 19:03:32.792, NVIDIA H200, 38, 97 %, 24 %, 15041 MiB, 143771 MiB
2026/08/13 19:03:35.792, NVIDIA H200, 38, 99 %, 27 %, 15041 MiB, 143771 MiB
2026/08/13 19:03:38.793, NVIDIA H200, 38, 99 %, 30 %, 15041 MiB, 143771 MiB
2026/08/13 19:03:41.793, NVIDIA H200, 38, 99 %, 29 %, 15041 MiB, 143771 MiB
2026/08/13 19:03:44.793, NVIDIA H200, 38, 99 %, 34 %, 15041 MiB, 143771 MiB
2026/08/13 19:03:47.793, NVIDIA H200, 38, 99 %, 34 %, 15041 MiB, 143771 MiB
2026/08/13 19:03:50.794, NVIDIA H200, 39, 99 %, 34 %, 15041 MiB, 143771 MiB
2026/08/13 19:03:53.794, NVIDIA H200, 38, 99 %, 34 %, 15041 MiB, 143771 MiB
2026/08/13 19:03:56.794, NVIDIA H200, 38, 98 %, 31 %, 15041 MiB, 143771 MiB
2026/08/13 19:03:59.794, NVIDIA H200, 39, 92 %, 30 %, 15041 MiB, 143771 MiB
2026/08/13 19:04:02.795, NVIDIA H200, 39, 89 %, 23 %, 15041 MiB, 143771 MiB
2026/08/13 19:04:05.795, NVIDIA H200, 39, 99 %, 22 %, 15041 MiB, 143771 MiB
2026/08/13 19:04:08.795, NVIDIA H200, 38, 99 %, 32 %, 15041 MiB, 143771 MiB
2026/08/13 19:04:11.796, NVIDIA H200, 40, 88 %, 27 %, 15041 MiB, 143771 MiB
2026/08/13 19:04:14.796, NVIDIA H200, 38, 88 %, 24 %, 15041 MiB, 143771 MiB
2026/08/13 19:04:17.796, NVIDIA H200, 39, 99 %, 26 %, 15041 MiB, 143771 MiB
2026/08/13 19:04:20.797, NVIDIA H200, 40, 95 %, 23 %, 15041 MiB, 143771 MiB
2026/08/13 19:04:23.797, NVIDIA H200, 39, 99 %, 25 %, 15041 MiB, 143771 MiB
2026/08/13 19:04:26.797, NVIDIA H200, 41, 90 %, 25 %, 15041 MiB, 143771 MiB
2026/08/13 19:04:29.798, NVIDIA H200, 40, 92 %, 26 %, 15041 MiB, 143771 MiB
2026/08/13 19:04:32.798, NVIDIA H200, 38, 97 %, 26 %, 15041 MiB, 143771 MiB
2026/08/13 19:04:35.798, NVIDIA H200, 40, 98 %, 29 %, 15041 MiB, 143771 MiB
2026/08/13 19:04:38.799, NVIDIA H200, 40, 95 %, 25 %, 15041 MiB, 143771 MiB
2026/08/13 19:04:41.799, NVIDIA H200, 38, 98 %, 27 %, 15041 MiB, 143771 MiB
2026/08/13 19:04:44.799, NVIDIA H200, 37, 93 %, 24 %, 15041 MiB, 143771 MiB
2026/08/13 19:04:47.800, NVIDIA H200, 39, 93 %, 23 %, 15041 MiB, 143771 MiB
2026/08/13 19:04:50.800, NVIDIA H200, 40, 81 %, 19 %, 15041 MiB, 143771 MiB
2026/08/13 19:04:53.800, NVIDIA H200, 39, 88 %, 19 %, 15041 MiB, 143771 MiB
2026/08/13 19:04:56.801, NVIDIA H200, 38, 100 %, 23 %, 15041 MiB, 143771 MiB
2026/08/13 19:04:59.801, NVIDIA H200, 38, 100 %, 23 %, 15041 MiB, 143771 MiB
2026/08/13 19:05:02.801, NVIDIA H200, 39, 99 %, 25 %, 15041 MiB, 143771 MiB
2026/08/13 19:05:05.802, NVIDIA H200, 34, 71 %, 18 %, 15041 MiB, 143771 MiB
2026/08/13 19:05:08.802, NVIDIA H200, 35, 80 %, 24 %, 15041 MiB, 143771 MiB
2026/08/13 19:05:11.802, NVIDIA H200, 27, 0 %, 0 %, 15041 MiB, 143771 MiB
2026/08/13 19:05:14.803, NVIDIA H200, 38, 92 %, 20 %, 15041 MiB, 143771 MiB
2026/08/13 19:05:17.803, NVIDIA H200, 38, 100 %, 23 %, 15041 MiB, 143771 MiB
2026/08/13 19:05:20.803, NVIDIA H200, 38, 100 %, 23 %, 15041 MiB, 143771 MiB
2026/08/13 19:05:23.803, NVIDIA H200, 38, 100 %, 25 %, 15041 MiB, 143771 MiB
2026/08/13 19:05:26.804, NVIDIA H200, 38, 99 %, 27 %, 15041 MiB, 143771 MiB
2026/08/13 19:05:29.804, NVIDIA H200, 38, 99 %, 29 %, 15041 MiB, 143771 MiB
2026/08/13 19:05:32.804, NVIDIA H200, 38, 83 %, 21 %, 15041 MiB, 143771 MiB
2026/08/13 19:05:35.805, NVIDIA H200, 37, 93 %, 23 %, 15041 MiB, 143771 MiB
2026/08/13 19:05:38.805, NVIDIA H200, 38, 94 %, 19 %, 15041 MiB, 143771 MiB
2026/08/13 19:05:41.805, NVIDIA H200, 38, 99 %, 22 %, 15041 MiB, 143771 MiB
2026/08/13 19:05:44.806, NVIDIA H200, 39, 98 %, 21 %, 15041 MiB, 143771 MiB
2026/08/13 19:05:47.806, NVIDIA H200, 38, 90 %, 22 %, 15041 MiB, 143771 MiB
2026/08/13 19:05:50.806, NVIDIA H200, 39, 100 %, 24 %, 15041 MiB, 143771 MiB
2026/08/13 19:05:53.807, NVIDIA H200, 39, 100 %, 24 %, 15041 MiB, 143771 MiB
2026/08/13 19:05:56.807, NVIDIA H200, 39, 98 %, 22 %, 15041 MiB, 143771 MiB
2026/08/13 19:05:59.807, NVIDIA H200, 39, 100 %, 24 %, 15041 MiB, 143771 MiB
2026/08/13 19:06:02.807, NVIDIA H200, 39, 99 %, 33 %, 15041 MiB, 143771 MiB
2026/08/13 19:06:05.808, NVIDIA H200, 37, 92 %, 29 %, 15041 MiB, 143771 MiB
2026/08/13 19:06:08.808, NVIDIA H200, 37, 84 %, 20 %, 15041 MiB, 143771 MiB
2026/08/13 19:06:11.808, NVIDIA H200, 38, 91 %, 22 %, 15041 MiB, 143771 MiB
2026/08/13 19:06:14.809, NVIDIA H200, 39, 100 %, 23 %, 15041 MiB, 143771 MiB
2026/08/13 19:06:17.809, NVIDIA H200, 38, 99 %, 30 %, 15041 MiB, 143771 MiB
2026/08/13 19:06:20.809, NVIDIA H200, 38, 99 %, 31 %, 15041 MiB, 143771 MiB
2026/08/13 19:06:23.810, NVIDIA H200, 37, 95 %, 29 %, 15041 MiB, 143771 MiB
2026/08/13 19:06:26.810, NVIDIA H200, 37, 89 %, 22 %, 15041 MiB, 143771 MiB
2026/08/13 19:06:29.810, NVIDIA H200, 37, 91 %, 22 %, 15041 MiB, 143771 MiB
2026/08/13 19:06:32.810, NVIDIA H200, 38, 98 %, 21 %, 15041 MiB, 143771 MiB
2026/08/13 19:06:35.811, NVIDIA H200, 39, 100 %, 23 %, 15041 MiB, 143771 MiB
2026/08/13 19:06:38.811, NVIDIA H200, 37, 99 %, 28 %, 15041 MiB, 143771 MiB
2026/08/13 19:06:41.811, NVIDIA H200, 39, 98 %, 33 %, 15041 MiB, 143771 MiB
2026/08/13 19:06:44.812, NVIDIA H200, 38, 99 %, 34 %, 15041 MiB, 143771 MiB
2026/08/13 19:06:47.812, NVIDIA H200, 37, 98 %, 30 %, 15041 MiB, 143771 MiB
2026/08/13 19:06:50.812, NVIDIA H200, 37, 91 %, 23 %, 15041 MiB, 143771 MiB
2026/08/13 19:06:53.813, NVIDIA H200, 37, 99 %, 21 %, 15041 MiB, 143771 MiB
2026/08/13 19:06:56.813, NVIDIA H200, 37, 100 %, 24 %, 15041 MiB, 143771 MiB
2026/08/13 19:06:59.813, NVIDIA H200, 38, 98 %, 31 %, 15041 MiB, 143771 MiB
2026/08/13 19:07:02.814, NVIDIA H200, 39, 99 %, 31 %, 15041 MiB, 143771 MiB
2026/08/13 19:07:05.814, NVIDIA H200, 39, 99 %, 31 %, 15041 MiB, 143771 MiB
2026/08/13 19:07:08.814, NVIDIA H200, 37, 99 %, 33 %, 15041 MiB, 143771 MiB
2026/08/13 19:07:11.814, NVIDIA H200, 37, 99 %, 32 %, 15041 MiB, 143771 MiB
2026/08/13 19:07:14.815, NVIDIA H200, 38, 98 %, 32 %, 15041 MiB, 143771 MiB
2026/08/13 19:07:17.815, NVIDIA H200, 32, 75 %, 25 %, 15041 MiB, 143771 MiB
2026/08/13 19:07:20.815, NVIDIA H200, 34, 65 %, 21 %, 15041 MiB, 143771 MiB
2026/08/13 19:07:23.816, NVIDIA H200, 27, 5 %, 0 %, 15041 MiB, 143771 MiB
2026/08/13 19:07:26.816, NVIDIA H200, 36, 99 %, 31 %, 15041 MiB, 143771 MiB
2026/08/13 19:07:29.816, NVIDIA H200, 38, 95 %, 26 %, 15041 MiB, 143771 MiB
2026/08/13 19:07:32.817, NVIDIA H200, 39, 96 %, 26 %, 15041 MiB, 143771 MiB
2026/08/13 19:07:35.817, NVIDIA H200, 37, 99 %, 25 %, 15041 MiB, 143771 MiB
2026/08/13 19:07:38.817, NVIDIA H200, 38, 99 %, 21 %, 15041 MiB, 143771 MiB
2026/08/13 19:07:41.818, NVIDIA H200, 37, 94 %, 22 %, 15041 MiB, 143771 MiB
2026/08/13 19:07:44.818, NVIDIA H200, 36, 100 %, 24 %, 15041 MiB, 143771 MiB
2026/08/13 19:07:47.818, NVIDIA H200, 36, 100 %, 23 %, 15041 MiB, 143771 MiB
2026/08/13 19:07:50.818, NVIDIA H200, 37, 100 %, 26 %, 15041 MiB, 143771 MiB
2026/08/13 19:07:53.819, NVIDIA H200, 37, 99 %, 31 %, 15041 MiB, 143771 MiB
2026/08/13 19:07:56.819, NVIDIA H200, 36, 98 %, 31 %, 15041 MiB, 143771 MiB
2026/08/13 19:07:59.819, NVIDIA H200, 37, 99 %, 33 %, 15041 MiB, 143771 MiB
2026/08/13 19:08:02.820, NVIDIA H200, 37, 99 %, 31 %, 15041 MiB, 143771 MiB
2026/08/13 19:08:05.820, NVIDIA H200, 37, 94 %, 30 %, 15041 MiB, 143771 MiB
2026/08/13 19:08:08.820, NVIDIA H200, 37, 99 %, 31 %, 15041 MiB, 143771 MiB
2026/08/13 19:08:11.821, NVIDIA H200, 37, 98 %, 31 %, 15041 MiB, 143771 MiB
2026/08/13 19:08:14.821, NVIDIA H200, 38, 90 %, 30 %, 15041 MiB, 143771 MiB
2026/08/13 19:08:17.821, NVIDIA H200, 38, 98 %, 31 %, 15041 MiB, 143771 MiB
2026/08/13 19:08:20.822, NVIDIA H200, 38, 98 %, 29 %, 15041 MiB, 143771 MiB
2026/08/13 19:08:23.822, NVIDIA H200, 36, 86 %, 26 %, 15041 MiB, 143771 MiB
2026/08/13 19:08:26.822, NVIDIA H200, 37, 98 %, 29 %, 15041 MiB, 143771 MiB
2026/08/13 19:08:29.823, NVIDIA H200, 39, 99 %, 31 %, 15041 MiB, 143771 MiB
2026/08/13 19:08:32.823, NVIDIA H200, 38, 99 %, 22 %, 15041 MiB, 143771 MiB
2026/08/13 19:08:35.823, NVIDIA H200, 37, 99 %, 26 %, 15041 MiB, 143771 MiB
2026/08/13 19:08:38.824, NVIDIA H200, 37, 98 %, 32 %, 15041 MiB, 143771 MiB
2026/08/13 19:08:41.824, NVIDIA H200, 39, 99 %, 32 %, 15041 MiB, 143771 MiB
2026/08/13 19:08:44.824, NVIDIA H200, 38, 99 %, 22 %, 15041 MiB, 143771 MiB
2026/08/13 19:08:47.824, NVIDIA H200, 38, 98 %, 29 %, 15041 MiB, 143771 MiB
2026/08/13 19:08:50.825, NVIDIA H200, 38, 99 %, 31 %, 15041 MiB, 143771 MiB
2026/08/13 19:08:53.825, NVIDIA H200, 38, 95 %, 22 %, 15041 MiB, 143771 MiB
2026/08/13 19:08:56.825, NVIDIA H200, 38, 98 %, 28 %, 15041 MiB, 143771 MiB
2026/08/13 19:08:59.826, NVIDIA H200, 38, 99 %, 34 %, 15041 MiB, 143771 MiB
2026/08/13 19:09:02.826, NVIDIA H200, 39, 100 %, 25 %, 15041 MiB, 143771 MiB
2026/08/13 19:09:05.826, NVIDIA H200, 37, 99 %, 25 %, 15041 MiB, 143771 MiB
2026/08/13 19:09:08.827, NVIDIA H200, 37, 98 %, 31 %, 15041 MiB, 143771 MiB
2026/08/13 19:09:11.827, NVIDIA H200, 39, 98 %, 32 %, 15041 MiB, 143771 MiB
2026/08/13 19:09:14.827, NVIDIA H200, 39, 99 %, 32 %, 15041 MiB, 143771 MiB
2026/08/13 19:09:17.828, NVIDIA H200, 39, 99 %, 24 %, 15041 MiB, 143771 MiB
2026/08/13 19:09:20.828, NVIDIA H200, 37, 97 %, 21 %, 15041 MiB, 143771 MiB
2026/08/13 19:09:23.828, NVIDIA H200, 37, 98 %, 28 %, 15041 MiB, 143771 MiB
2026/08/13 19:09:26.829, NVIDIA H200, 38, 99 %, 32 %, 15041 MiB, 143771 MiB
2026/08/13 19:09:29.829, NVIDIA H200, 34, 58 %, 18 %, 15041 MiB, 143771 MiB
2026/08/13 19:09:32.829, NVIDIA H200, 34, 80 %, 24 %, 15041 MiB, 143771 MiB
2026/08/13 19:09:35.830, NVIDIA H200, 26, 0 %, 0 %, 15041 MiB, 143771 MiB
2026/08/13 19:09:38.830, NVIDIA H200, 36, 98 %, 27 %, 15041 MiB, 143771 MiB
2026/08/13 19:09:41.830, NVIDIA H200, 37, 77 %, 16 %, 15041 MiB, 143771 MiB
2026/08/13 19:09:44.830, NVIDIA H200, 38, 100 %, 25 %, 15041 MiB, 143771 MiB
2026/08/13 19:09:47.831, NVIDIA H200, 38, 99 %, 22 %, 15041 MiB, 143771 MiB
2026/08/13 19:09:50.831, NVIDIA H200, 38, 99 %, 22 %, 15041 MiB, 143771 MiB
2026/08/13 19:09:53.831, NVIDIA H200, 38, 93 %, 21 %, 15041 MiB, 143771 MiB
2026/08/13 19:09:56.832, NVIDIA H200, 38, 99 %, 22 %, 15041 MiB, 143771 MiB
2026/08/13 19:09:59.832, NVIDIA H200, 37, 99 %, 21 %, 15041 MiB, 143771 MiB
2026/08/13 19:10:02.832, NVIDIA H200, 38, 99 %, 20 %, 15041 MiB, 143771 MiB
2026/08/13 19:10:05.833, NVIDIA H200, 38, 99 %, 21 %, 15041 MiB, 143771 MiB
2026/08/13 19:10:08.833, NVIDIA H200, 38, 95 %, 22 %, 15041 MiB, 143771 MiB
2026/08/13 19:10:11.833, NVIDIA H200, 37, 99 %, 22 %, 15041 MiB, 143771 MiB
2026/08/13 19:10:14.833, NVIDIA H200, 38, 91 %, 22 %, 15041 MiB, 143771 MiB
2026/08/13 19:10:17.834, NVIDIA H200, 38, 94 %, 22 %, 15041 MiB, 143771 MiB
2026/08/13 19:10:20.834, NVIDIA H200, 37, 100 %, 26 %, 15041 MiB, 143771 MiB
2026/08/13 19:10:23.834, NVIDIA H200, 37, 99 %, 30 %, 15041 MiB, 143771 MiB
2026/08/13 19:10:26.835, NVIDIA H200, 39, 99 %, 31 %, 15041 MiB, 143771 MiB
2026/08/13 19:10:29.835, NVIDIA H200, 37, 99 %, 31 %, 15041 MiB, 143771 MiB
2026/08/13 19:10:32.835, NVIDIA H200, 36, 95 %, 21 %, 15041 MiB, 143771 MiB
2026/08/13 19:10:35.836, NVIDIA H200, 37, 99 %, 22 %, 15041 MiB, 143771 MiB
2026/08/13 19:10:38.836, NVIDIA H200, 38, 98 %, 26 %, 15041 MiB, 143771 MiB
2026/08/13 19:10:41.836, NVIDIA H200, 38, 96 %, 29 %, 15041 MiB, 143771 MiB
2026/08/13 19:10:44.837, NVIDIA H200, 37, 98 %, 31 %, 15041 MiB, 143771 MiB
2026/08/13 19:10:47.837, NVIDIA H200, 37, 100 %, 23 %, 15041 MiB, 143771 MiB
2026/08/13 19:10:50.837, NVIDIA H200, 37, 99 %, 22 %, 15041 MiB, 143771 MiB
2026/08/13 19:10:53.837, NVIDIA H200, 39, 98 %, 27 %, 15041 MiB, 143771 MiB
2026/08/13 19:10:56.838, NVIDIA H200, 37, 99 %, 33 %, 15041 MiB, 143771 MiB
2026/08/13 19:10:59.838, NVIDIA H200, 37, 99 %, 21 %, 15041 MiB, 143771 MiB
2026/08/13 19:11:02.838, NVIDIA H200, 39, 98 %, 27 %, 15041 MiB, 143771 MiB
2026/08/13 19:11:05.839, NVIDIA H200, 37, 98 %, 32 %, 15041 MiB, 143771 MiB
2026/08/13 19:11:08.839, NVIDIA H200, 37, 99 %, 23 %, 15041 MiB, 143771 MiB
2026/08/13 19:11:11.839, NVIDIA H200, 39, 98 %, 26 %, 15041 MiB, 143771 MiB
2026/08/13 19:11:14.840, NVIDIA H200, 38, 99 %, 32 %, 15041 MiB, 143771 MiB
2026/08/13 19:11:17.840, NVIDIA H200, 37, 98 %, 29 %, 15041 MiB, 143771 MiB
2026/08/13 19:11:20.840, NVIDIA H200, 37, 98 %, 21 %, 15041 MiB, 143771 MiB
2026/08/13 19:11:23.841, NVIDIA H200, 36, 89 %, 21 %, 15041 MiB, 143771 MiB
2026/08/13 19:11:26.841, NVIDIA H200, 38, 99 %, 24 %, 15041 MiB, 143771 MiB
2026/08/13 19:11:29.841, NVIDIA H200, 38, 98 %, 26 %, 15041 MiB, 143771 MiB
2026/08/13 19:11:32.842, NVIDIA H200, 39, 83 %, 21 %, 15041 MiB, 143771 MiB
2026/08/13 19:11:35.842, NVIDIA H200, 39, 88 %, 23 %, 15041 MiB, 143771 MiB
2026/08/13 19:11:38.842, NVIDIA H200, 38, 99 %, 31 %, 15041 MiB, 143771 MiB
2026/08/13 19:11:41.842, NVIDIA H200, 35, 77 %, 19 %, 15041 MiB, 143771 MiB
2026/08/13 19:11:44.843, NVIDIA H200, 35, 78 %, 24 %, 15041 MiB, 143771 MiB
2026/08/13 19:11:47.843, NVIDIA H200, 26, 0 %, 0 %, 15041 MiB, 143771 MiB
2026/08/13 19:11:50.843, NVIDIA H200, 35, 87 %, 25 %, 15041 MiB, 143771 MiB
2026/08/13 19:11:53.844, NVIDIA H200, 38, 91 %, 22 %, 15041 MiB, 143771 MiB
2026/08/13 19:11:56.844, NVIDIA H200, 38, 77 %, 17 %, 15041 MiB, 143771 MiB
2026/08/13 19:11:59.844, NVIDIA H200, 37, 99 %, 25 %, 15041 MiB, 143771 MiB
2026/08/13 19:12:02.845, NVIDIA H200, 37, 89 %, 19 %, 15041 MiB, 143771 MiB
2026/08/13 19:12:05.845, NVIDIA H200, 36, 100 %, 24 %, 15041 MiB, 143771 MiB
2026/08/13 19:12:08.845, NVIDIA H200, 36, 99 %, 29 %, 15041 MiB, 143771 MiB
2026/08/13 19:12:11.846, NVIDIA H200, 37, 99 %, 34 %, 15041 MiB, 143771 MiB
2026/08/13 19:12:14.846, NVIDIA H200, 37, 94 %, 28 %, 15041 MiB, 143771 MiB
2026/08/13 19:12:17.846, NVIDIA H200, 37, 88 %, 21 %, 15041 MiB, 143771 MiB
2026/08/13 19:12:20.846, NVIDIA H200, 37, 99 %, 22 %, 15041 MiB, 143771 MiB
2026/08/13 19:12:23.847, NVIDIA H200, 38, 96 %, 23 %, 15041 MiB, 143771 MiB
2026/08/13 19:12:26.847, NVIDIA H200, 37, 98 %, 30 %, 15041 MiB, 143771 MiB
2026/08/13 19:12:29.847, NVIDIA H200, 37, 95 %, 26 %, 15041 MiB, 143771 MiB
2026/08/13 19:12:32.848, NVIDIA H200, 37, 99 %, 25 %, 15041 MiB, 143771 MiB
2026/08/13 19:12:35.848, NVIDIA H200, 37, 91 %, 22 %, 15041 MiB, 143771 MiB
2026/08/13 19:12:38.848, NVIDIA H200, 37, 99 %, 29 %, 15041 MiB, 143771 MiB
2026/08/13 19:12:41.849, NVIDIA H200, 38, 99 %, 34 %, 15041 MiB, 143771 MiB
2026/08/13 19:12:44.849, NVIDIA H200, 37, 99 %, 32 %, 15041 MiB, 143771 MiB
2026/08/13 19:12:47.849, NVIDIA H200, 37, 99 %, 33 %, 15041 MiB, 143771 MiB
2026/08/13 19:12:50.849, NVIDIA H200, 37, 99 %, 32 %, 15041 MiB, 143771 MiB
2026/08/13 19:12:53.850, NVIDIA H200, 37, 98 %, 32 %, 15041 MiB, 143771 MiB
2026/08/13 19:12:56.850, NVIDIA H200, 38, 99 %, 34 %, 15041 MiB, 143771 MiB
2026/08/13 19:12:59.850, NVIDIA H200, 38, 99 %, 34 %, 15041 MiB, 143771 MiB
2026/08/13 19:13:02.851, NVIDIA H200, 38, 99 %, 23 %, 15041 MiB, 143771 MiB
2026/08/13 19:13:05.851, NVIDIA H200, 37, 98 %, 28 %, 15041 MiB, 143771 MiB
2026/08/13 19:13:08.851, NVIDIA H200, 37, 96 %, 30 %, 15041 MiB, 143771 MiB
2026/08/13 19:13:11.852, NVIDIA H200, 37, 98 %, 31 %, 15041 MiB, 143771 MiB
2026/08/13 19:13:14.852, NVIDIA H200, 38, 99 %, 31 %, 15041 MiB, 143771 MiB
2026/08/13 19:13:17.852, NVIDIA H200, 38, 97 %, 20 %, 15041 MiB, 143771 MiB
2026/08/13 19:13:20.852, NVIDIA H200, 37, 92 %, 25 %, 15041 MiB, 143771 MiB
2026/08/13 19:13:23.853, NVIDIA H200, 38, 99 %, 33 %, 15041 MiB, 143771 MiB
2026/08/13 19:13:26.853, NVIDIA H200, 38, 99 %, 22 %, 15041 MiB, 143771 MiB
2026/08/13 19:13:29.853, NVIDIA H200, 37, 98 %, 26 %, 15041 MiB, 143771 MiB
2026/08/13 19:13:32.854, NVIDIA H200, 37, 98 %, 31 %, 15041 MiB, 143771 MiB
2026/08/13 19:13:35.854, NVIDIA H200, 38, 99 %, 31 %, 15041 MiB, 143771 MiB
2026/08/13 19:13:38.854, NVIDIA H200, 37, 99 %, 24 %, 15041 MiB, 143771 MiB
2026/08/13 19:13:41.855, NVIDIA H200, 36, 98 %, 31 %, 15041 MiB, 143771 MiB
2026/08/13 19:13:44.855, NVIDIA H200, 38, 98 %, 32 %, 15041 MiB, 143771 MiB
2026/08/13 19:13:47.855, NVIDIA H200, 37, 100 %, 25 %, 15041 MiB, 143771 MiB
2026/08/13 19:13:50.856, NVIDIA H200, 36, 100 %, 24 %, 15041 MiB, 143771 MiB
2026/08/13 19:13:53.856, NVIDIA H200, 34, 64 %, 20 %, 15041 MiB, 143771 MiB
2026/08/13 19:13:56.856, NVIDIA H200, 35, 76 %, 19 %, 15041 MiB, 143771 MiB
2026/08/13 19:13:59.856, NVIDIA H200, 25, 0 %, 0 %, 15041 MiB, 143771 MiB
2026/08/13 19:14:02.857, NVIDIA H200, 25, 0 %, 0 %, 15041 MiB, 143771 MiB
2026/08/13 19:14:05.857, NVIDIA H200, 24, 0 %, 0 %, 15041 MiB, 143771 MiB
2026/08/13 19:14:08.857, NVIDIA H200, 37, 99 %, 31 %, 15041 MiB, 143771 MiB
2026/08/13 19:14:11.858, NVIDIA H200, 36, 99 %, 31 %, 15041 MiB, 143771 MiB
2026/08/13 19:14:14.858, NVIDIA H200, 36, 94 %, 26 %, 15041 MiB, 143771 MiB
2026/08/13 19:14:17.858, NVIDIA H200, 36, 95 %, 23 %, 15041 MiB, 143771 MiB
2026/08/13 19:14:20.858, NVIDIA H200, 37, 95 %, 20 %, 15041 MiB, 143771 MiB
2026/08/13 19:14:23.859, NVIDIA H200, 37, 91 %, 22 %, 15041 MiB, 143771 MiB
2026/08/13 19:14:26.859, NVIDIA H200, 34, 100 %, 24 %, 15041 MiB, 143771 MiB
2026/08/13 19:14:29.859, NVIDIA H200, 36, 91 %, 28 %, 15041 MiB, 143771 MiB
2026/08/13 19:14:32.860, NVIDIA H200, 35, 87 %, 26 %, 15041 MiB, 143771 MiB
2026/08/13 19:14:35.860, NVIDIA H200, 36, 98 %, 28 %, 15041 MiB, 143771 MiB
2026/08/13 19:14:38.860, NVIDIA H200, 36, 97 %, 29 %, 15041 MiB, 143771 MiB
2026/08/13 19:14:41.861, NVIDIA H200, 36, 91 %, 28 %, 15041 MiB, 143771 MiB
2026/08/13 19:14:44.861, NVIDIA H200, 36, 98 %, 31 %, 15041 MiB, 143771 MiB
2026/08/13 19:14:47.861, NVIDIA H200, 36, 98 %, 32 %, 15041 MiB, 143771 MiB
2026/08/13 19:14:50.862, NVIDIA H200, 36, 92 %, 28 %, 15041 MiB, 143771 MiB
2026/08/13 19:14:53.862, NVIDIA H200, 36, 98 %, 30 %, 15041 MiB, 143771 MiB
2026/08/13 19:14:56.862, NVIDIA H200, 36, 99 %, 32 %, 15041 MiB, 143771 MiB
2026/08/13 19:14:59.862, NVIDIA H200, 37, 99 %, 34 %, 15041 MiB, 143771 MiB
2026/08/13 19:15:02.863, NVIDIA H200, 37, 99 %, 34 %, 15041 MiB, 143771 MiB
2026/08/13 19:15:05.863, NVIDIA H200, 37, 99 %, 33 %, 15041 MiB, 143771 MiB
2026/08/13 19:15:08.863, NVIDIA H200, 37, 97 %, 33 %, 15041 MiB, 143771 MiB
2026/08/13 19:15:11.864, NVIDIA H200, 38, 99 %, 32 %, 15041 MiB, 143771 MiB
2026/08/13 19:15:14.864, NVIDIA H200, 36, 99 %, 28 %, 15041 MiB, 143771 MiB
2026/08/13 19:15:17.864, NVIDIA H200, 37, 99 %, 32 %, 15041 MiB, 143771 MiB
2026/08/13 19:15:20.865, NVIDIA H200, 37, 99 %, 32 %, 15041 MiB, 143771 MiB
2026/08/13 19:15:23.865, NVIDIA H200, 38, 99 %, 32 %, 15041 MiB, 143771 MiB
2026/08/13 19:15:26.865, NVIDIA H200, 38, 99 %, 31 %, 15041 MiB, 143771 MiB
2026/08/13 19:15:29.865, NVIDIA H200, 37, 99 %, 30 %, 15041 MiB, 143771 MiB
2026/08/13 19:15:32.866, NVIDIA H200, 38, 99 %, 31 %, 15041 MiB, 143771 MiB
2026/08/13 19:15:35.866, NVIDIA H200, 36, 99 %, 27 %, 15041 MiB, 143771 MiB
2026/08/13 19:15:38.866, NVIDIA H200, 35, 100 %, 24 %, 15041 MiB, 143771 MiB
2026/08/13 19:15:41.867, NVIDIA H200, 38, 97 %, 31 %, 15041 MiB, 143771 MiB
2026/08/13 19:15:44.867, NVIDIA H200, 36, 98 %, 27 %, 15041 MiB, 143771 MiB
2026/08/13 19:15:47.867, NVIDIA H200, 38, 97 %, 31 %, 15041 MiB, 143771 MiB
2026/08/13 19:15:50.868, NVIDIA H200, 36, 98 %, 32 %, 15041 MiB, 143771 MiB
2026/08/13 19:15:53.868, NVIDIA H200, 36, 87 %, 26 %, 15041 MiB, 143771 MiB
2026/08/13 19:15:56.868, NVIDIA H200, 36, 98 %, 30 %, 15041 MiB, 143771 MiB
2026/08/13 19:15:59.868, NVIDIA H200, 36, 95 %, 31 %, 15041 MiB, 143771 MiB
2026/08/13 19:16:02.869, NVIDIA H200, 36, 94 %, 31 %, 15041 MiB, 143771 MiB
2026/08/13 19:16:05.869, NVIDIA H200, 36, 91 %, 29 %, 15041 MiB, 143771 MiB
2026/08/13 19:16:08.869, NVIDIA H200, 36, 99 %, 31 %, 15041 MiB, 143771 MiB
2026/08/13 19:16:11.870, NVIDIA H200, 31, 74 %, 26 %, 15041 MiB, 143771 MiB
2026/08/13 19:16:14.870, NVIDIA H200, 32, 79 %, 24 %, 15041 MiB, 143771 MiB
2026/08/13 19:16:17.870, NVIDIA H200, 25, 0 %, 0 %, 15041 MiB, 143771 MiB
2026/08/13 19:16:20.870, NVIDIA H200, 36, 99 %, 27 %, 15041 MiB, 143771 MiB
2026/08/13 19:16:23.871, NVIDIA H200, 37, 99 %, 33 %, 15041 MiB, 143771 MiB
2026/08/13 19:16:26.871, NVIDIA H200, 35, 85 %, 28 %, 15041 MiB, 143771 MiB
2026/08/13 19:16:29.871, NVIDIA H200, 36, 82 %, 25 %, 15041 MiB, 143771 MiB
2026/08/13 19:16:32.872, NVIDIA H200, 35, 98 %, 25 %, 15041 MiB, 143771 MiB
2026/08/13 19:16:35.872, NVIDIA H200, 37, 99 %, 21 %, 15041 MiB, 143771 MiB
2026/08/13 19:16:38.872, NVIDIA H200, 38, 100 %, 26 %, 15041 MiB, 143771 MiB
2026/08/13 19:16:41.873, NVIDIA H200, 37, 99 %, 30 %, 15041 MiB, 143771 MiB
2026/08/13 19:16:44.873, NVIDIA H200, 37, 99 %, 34 %, 15041 MiB, 143771 MiB
2026/08/13 19:16:47.873, NVIDIA H200, 36, 99 %, 31 %, 15041 MiB, 143771 MiB
2026/08/13 19:16:50.873, NVIDIA H200, 36, 98 %, 29 %, 15041 MiB, 143771 MiB
2026/08/13 19:16:53.874, NVIDIA H200, 36, 82 %, 20 %, 15041 MiB, 143771 MiB
2026/08/13 19:16:56.874, NVIDIA H200, 37, 99 %, 22 %, 15041 MiB, 143771 MiB
2026/08/13 19:16:59.874, NVIDIA H200, 37, 98 %, 28 %, 15041 MiB, 143771 MiB
2026/08/13 19:17:02.875, NVIDIA H200, 37, 99 %, 34 %, 15041 MiB, 143771 MiB
2026/08/13 19:17:05.875, NVIDIA H200, 36, 97 %, 31 %, 15041 MiB, 143771 MiB
2026/08/13 19:17:08.875, NVIDIA H200, 35, 95 %, 24 %, 15041 MiB, 143771 MiB
2026/08/13 19:17:11.875, NVIDIA H200, 35, 98 %, 24 %, 15041 MiB, 143771 MiB
2026/08/13 19:17:14.876, NVIDIA H200, 36, 84 %, 19 %, 15041 MiB, 143771 MiB
2026/08/13 19:17:17.876, NVIDIA H200, 37, 97 %, 23 %, 15041 MiB, 143771 MiB
2026/08/13 19:17:20.876, NVIDIA H200, 34, 100 %, 23 %, 15041 MiB, 143771 MiB
2026/08/13 19:17:23.877, NVIDIA H200, 36, 99 %, 35 %, 15041 MiB, 143771 MiB
2026/08/13 19:17:26.877, NVIDIA H200, 36, 92 %, 28 %, 15041 MiB, 143771 MiB
2026/08/13 19:17:29.877, NVIDIA H200, 37, 98 %, 29 %, 15041 MiB, 143771 MiB
2026/08/13 19:17:32.878, NVIDIA H200, 37, 99 %, 25 %, 15041 MiB, 143771 MiB
2026/08/13 19:17:35.878, NVIDIA H200, 35, 99 %, 25 %, 15041 MiB, 143771 MiB
2026/08/13 19:17:38.878, NVIDIA H200, 36, 100 %, 24 %, 15041 MiB, 143771 MiB
2026/08/13 19:17:41.878, NVIDIA H200, 35, 98 %, 32 %, 15041 MiB, 143771 MiB
2026/08/13 19:17:44.879, NVIDIA H200, 36, 99 %, 34 %, 15041 MiB, 143771 MiB
2026/08/13 19:17:47.879, NVIDIA H200, 36, 98 %, 32 %, 15041 MiB, 143771 MiB
2026/08/13 19:17:50.879, NVIDIA H200, 37, 79 %, 20 %, 15041 MiB, 143771 MiB
2026/08/13 19:17:53.880, NVIDIA H200, 38, 97 %, 24 %, 15041 MiB, 143771 MiB
2026/08/13 19:17:56.880, NVIDIA H200, 37, 99 %, 21 %, 15041 MiB, 143771 MiB
2026/08/13 19:17:59.880, NVIDIA H200, 36, 88 %, 21 %, 15041 MiB, 143771 MiB
2026/08/13 19:18:02.881, NVIDIA H200, 36, 100 %, 25 %, 15041 MiB, 143771 MiB
2026/08/13 19:18:05.881, NVIDIA H200, 36, 100 %, 24 %, 15041 MiB, 143771 MiB
2026/08/13 19:18:08.881, NVIDIA H200, 36, 98 %, 31 %, 15041 MiB, 143771 MiB
2026/08/13 19:18:11.881, NVIDIA H200, 37, 98 %, 31 %, 15041 MiB, 143771 MiB
2026/08/13 19:18:14.882, NVIDIA H200, 36, 99 %, 33 %, 15041 MiB, 143771 MiB
2026/08/13 19:18:17.882, NVIDIA H200, 37, 85 %, 26 %, 15041 MiB, 143771 MiB
2026/08/13 19:18:20.882, NVIDIA H200, 38, 95 %, 26 %, 15041 MiB, 143771 MiB
2026/08/13 19:18:23.883, NVIDIA H200, 28, 0 %, 0 %, 15041 MiB, 143771 MiB
2026/08/13 19:18:26.883, NVIDIA H200, 34, 59 %, 19 %, 15041 MiB, 143771 MiB
2026/08/13 19:18:29.883, NVIDIA H200, 30, 63 %, 20 %, 15041 MiB, 143771 MiB
2026/08/13 19:18:32.884, NVIDIA H200, 32, 99 %, 28 %, 15041 MiB, 143771 MiB
2026/08/13 19:18:35.884, NVIDIA H200, 36, 92 %, 26 %, 15041 MiB, 143771 MiB
2026/08/13 19:18:38.884, NVIDIA H200, 37, 85 %, 20 %, 15041 MiB, 143771 MiB
2026/08/13 19:18:41.884, NVIDIA H200, 37, 96 %, 24 %, 15041 MiB, 143771 MiB
2026/08/13 19:18:44.885, NVIDIA H200, 38, 99 %, 26 %, 15041 MiB, 143771 MiB
2026/08/13 19:18:47.885, NVIDIA H200, 38, 98 %, 29 %, 15041 MiB, 143771 MiB
2026/08/13 19:18:50.885, NVIDIA H200, 37, 99 %, 31 %, 15041 MiB, 143771 MiB
2026/08/13 19:18:53.886, NVIDIA H200, 36, 99 %, 31 %, 15041 MiB, 143771 MiB
2026/08/13 19:18:56.886, NVIDIA H200, 37, 99 %, 32 %, 15041 MiB, 143771 MiB
2026/08/13 19:18:59.886, NVIDIA H200, 36, 99 %, 28 %, 15041 MiB, 143771 MiB
2026/08/13 19:19:02.887, NVIDIA H200, 36, 99 %, 24 %, 15041 MiB, 143771 MiB
2026/08/13 19:19:05.887, NVIDIA H200, 36, 100 %, 25 %, 15041 MiB, 143771 MiB
2026/08/13 19:19:08.887, NVIDIA H200, 36, 100 %, 23 %, 15041 MiB, 143771 MiB
2026/08/13 19:19:11.887, NVIDIA H200, 38, 99 %, 22 %, 15041 MiB, 143771 MiB
2026/08/13 19:19:14.888, NVIDIA H200, 38, 87 %, 21 %, 15041 MiB, 143771 MiB
2026/08/13 19:19:17.888, NVIDIA H200, 38, 99 %, 22 %, 15041 MiB, 143771 MiB
2026/08/13 19:19:20.888, NVIDIA H200, 36, 100 %, 23 %, 15041 MiB, 143771 MiB
2026/08/13 19:19:23.889, NVIDIA H200, 37, 100 %, 23 %, 15041 MiB, 143771 MiB
2026/08/13 19:19:26.889, NVIDIA H200, 37, 90 %, 22 %, 15041 MiB, 143771 MiB
2026/08/13 19:19:29.889, NVIDIA H200, 37, 100 %, 24 %, 15041 MiB, 143771 MiB
2026/08/13 19:19:32.890, NVIDIA H200, 37, 100 %, 25 %, 15041 MiB, 143771 MiB
2026/08/13 19:19:35.890, NVIDIA H200, 37, 99 %, 22 %, 15041 MiB, 143771 MiB
2026/08/13 19:19:38.890, NVIDIA H200, 37, 91 %, 21 %, 15041 MiB, 143771 MiB
2026/08/13 19:19:41.891, NVIDIA H200, 37, 99 %, 23 %, 15041 MiB, 143771 MiB
2026/08/13 19:19:44.891, NVIDIA H200, 38, 99 %, 21 %, 15041 MiB, 143771 MiB
2026/08/13 19:19:47.891, NVIDIA H200, 39, 92 %, 23 %, 15041 MiB, 143771 MiB
2026/08/13 19:19:50.891, NVIDIA H200, 38, 99 %, 26 %, 15041 MiB, 143771 MiB
2026/08/13 19:19:53.892, NVIDIA H200, 38, 98 %, 31 %, 15041 MiB, 143771 MiB
2026/08/13 19:19:56.892, NVIDIA H200, 37, 99 %, 31 %, 15041 MiB, 143771 MiB
2026/08/13 19:19:59.892, NVIDIA H200, 37, 99 %, 31 %, 15041 MiB, 143771 MiB
2026/08/13 19:20:02.893, NVIDIA H200, 37, 99 %, 31 %, 15041 MiB, 143771 MiB
2026/08/13 19:20:05.893, NVIDIA H200, 37, 99 %, 30 %, 15041 MiB, 143771 MiB
2026/08/13 19:20:08.893, NVIDIA H200, 37, 99 %, 28 %, 15041 MiB, 143771 MiB
2026/08/13 19:20:11.894, NVIDIA H200, 37, 98 %, 22 %, 15041 MiB, 143771 MiB
2026/08/13 19:20:14.894, NVIDIA H200, 38, 99 %, 22 %, 15041 MiB, 143771 MiB
2026/08/13 19:20:17.894, NVIDIA H200, 38, 88 %, 20 %, 15041 MiB, 143771 MiB
2026/08/13 19:20:20.894, NVIDIA H200, 37, 96 %, 29 %, 15041 MiB, 143771 MiB
2026/08/13 19:20:23.895, NVIDIA H200, 39, 87 %, 25 %, 15041 MiB, 143771 MiB
2026/08/13 19:20:26.895, NVIDIA H200, 38, 98 %, 29 %, 15041 MiB, 143771 MiB
2026/08/13 19:20:29.895, NVIDIA H200, 38, 98 %, 31 %, 15041 MiB, 143771 MiB
2026/08/13 19:20:32.896, NVIDIA H200, 38, 91 %, 27 %, 15041 MiB, 143771 MiB
2026/08/13 19:20:35.896, NVIDIA H200, 29, 0 %, 0 %, 15041 MiB, 143771 MiB
2026/08/13 19:20:38.896, NVIDIA H200, 36, 71 %, 23 %, 15041 MiB, 143771 MiB
2026/08/13 19:20:41.897, NVIDIA H200, 31, 33 %, 14 %, 15041 MiB, 143771 MiB
2026/08/13 19:20:44.897, NVIDIA H200, 37, 99 %, 32 %, 15041 MiB, 143771 MiB
2026/08/13 19:20:47.897, NVIDIA H200, 38, 98 %, 33 %, 15041 MiB, 143771 MiB
2026/08/13 19:20:50.898, NVIDIA H200, 39, 100 %, 26 %, 15041 MiB, 143771 MiB
2026/08/13 19:20:53.898, NVIDIA H200, 38, 95 %, 20 %, 15041 MiB, 143771 MiB
2026/08/13 19:20:56.898, NVIDIA H200, 37, 97 %, 24 %, 15041 MiB, 143771 MiB
2026/08/13 19:20:59.899, NVIDIA H200, 37, 98 %, 27 %, 15041 MiB, 143771 MiB
2026/08/13 19:21:02.899, NVIDIA H200, 37, 98 %, 31 %, 15041 MiB, 143771 MiB
2026/08/13 19:21:05.899, NVIDIA H200, 39, 98 %, 32 %, 15041 MiB, 143771 MiB
2026/08/13 19:21:08.899, NVIDIA H200, 37, 100 %, 27 %, 15041 MiB, 143771 MiB
2026/08/13 19:21:11.900, NVIDIA H200, 37, 99 %, 22 %, 15041 MiB, 143771 MiB
2026/08/13 19:21:14.900, NVIDIA H200, 37, 98 %, 26 %, 15041 MiB, 143771 MiB
2026/08/13 19:21:17.900, NVIDIA H200, 37, 94 %, 29 %, 15041 MiB, 143771 MiB
2026/08/13 19:21:20.901, NVIDIA H200, 38, 99 %, 33 %, 15041 MiB, 143771 MiB
2026/08/13 19:21:23.901, NVIDIA H200, 37, 99 %, 29 %, 15041 MiB, 143771 MiB
2026/08/13 19:21:26.901, NVIDIA H200, 38, 96 %, 24 %, 15041 MiB, 143771 MiB
2026/08/13 19:21:29.902, NVIDIA H200, 37, 96 %, 23 %, 15041 MiB, 143771 MiB
2026/08/13 19:21:32.902, NVIDIA H200, 37, 98 %, 26 %, 15041 MiB, 143771 MiB
2026/08/13 19:21:35.902, NVIDIA H200, 38, 99 %, 32 %, 15041 MiB, 143771 MiB
2026/08/13 19:21:38.903, NVIDIA H200, 39, 98 %, 31 %, 15041 MiB, 143771 MiB
2026/08/13 19:21:41.903, NVIDIA H200, 38, 99 %, 24 %, 15041 MiB, 143771 MiB
2026/08/13 19:21:44.903, NVIDIA H200, 37, 98 %, 24 %, 15041 MiB, 143771 MiB
2026/08/13 19:21:47.903, NVIDIA H200, 37, 92 %, 26 %, 15041 MiB, 143771 MiB
2026/08/13 19:21:50.904, NVIDIA H200, 37, 98 %, 30 %, 15041 MiB, 143771 MiB
2026/08/13 19:21:53.904, NVIDIA H200, 39, 99 %, 31 %, 15041 MiB, 143771 MiB
2026/08/13 19:21:56.904, NVIDIA H200, 39, 100 %, 24 %, 15041 MiB, 143771 MiB
2026/08/13 19:21:59.905, NVIDIA H200, 37, 98 %, 22 %, 15041 MiB, 143771 MiB
2026/08/13 19:22:02.905, NVIDIA H200, 37, 92 %, 25 %, 15041 MiB, 143771 MiB
2026/08/13 19:22:05.905, NVIDIA H200, 37, 88 %, 25 %, 15041 MiB, 143771 MiB
2026/08/13 19:22:08.906, NVIDIA H200, 37, 98 %, 31 %, 15041 MiB, 143771 MiB
2026/08/13 19:22:11.906, NVIDIA H200, 39, 99 %, 32 %, 15041 MiB, 143771 MiB
2026/08/13 19:22:14.906, NVIDIA H200, 39, 100 %, 23 %, 15041 MiB, 143771 MiB
2026/08/13 19:22:17.906, NVIDIA H200, 39, 99 %, 24 %, 15041 MiB, 143771 MiB
2026/08/13 19:22:20.907, NVIDIA H200, 39, 98 %, 26 %, 15041 MiB, 143771 MiB
2026/08/13 19:22:23.907, NVIDIA H200, 38, 98 %, 31 %, 15041 MiB, 143771 MiB
2026/08/13 19:22:26.907, NVIDIA H200, 38, 99 %, 31 %, 15041 MiB, 143771 MiB
2026/08/13 19:22:29.908, NVIDIA H200, 37, 100 %, 24 %, 15041 MiB, 143771 MiB
2026/08/13 19:22:32.908, NVIDIA H200, 39, 99 %, 22 %, 15041 MiB, 143771 MiB
2026/08/13 19:22:35.908, NVIDIA H200, 39, 95 %, 26 %, 15041 MiB, 143771 MiB
2026/08/13 19:22:38.908, NVIDIA H200, 37, 99 %, 33 %, 15041 MiB, 143771 MiB
2026/08/13 19:22:41.909, NVIDIA H200, 38, 99 %, 31 %, 15041 MiB, 143771 MiB
2026/08/13 19:22:44.909, NVIDIA H200, 39, 100 %, 24 %, 15041 MiB, 143771 MiB
2026/08/13 19:22:47.909, NVIDIA H200, 33, 78 %, 20 %, 15041 MiB, 143771 MiB
2026/08/13 19:22:50.910, NVIDIA H200, 35, 78 %, 27 %, 15041 MiB, 143771 MiB
2026/08/13 19:22:53.910, NVIDIA H200, 30, 3 %, 0 %, 15041 MiB, 143771 MiB
2026/08/13 19:22:56.910, NVIDIA H200, 36, 92 %, 23 %, 15041 MiB, 143771 MiB
2026/08/13 19:22:59.910, NVIDIA H200, 37, 99 %, 25 %, 15041 MiB, 143771 MiB
2026/08/13 19:23:02.911, NVIDIA H200, 37, 99 %, 25 %, 15041 MiB, 143771 MiB
2026/08/13 19:23:05.911, NVIDIA H200, 37, 96 %, 23 %, 15041 MiB, 143771 MiB
2026/08/13 19:23:08.911, NVIDIA H200, 37, 94 %, 22 %, 15041 MiB, 143771 MiB
2026/08/13 19:23:11.912, NVIDIA H200, 38, 99 %, 22 %, 15041 MiB, 143771 MiB
2026/08/13 19:23:14.912, NVIDIA H200, 38, 88 %, 21 %, 15041 MiB, 143771 MiB
2026/08/13 19:23:17.912, NVIDIA H200, 38, 100 %, 24 %, 15041 MiB, 143771 MiB
2026/08/13 19:23:20.913, NVIDIA H200, 38, 99 %, 25 %, 15041 MiB, 143771 MiB
2026/08/13 19:23:23.913, NVIDIA H200, 39, 100 %, 27 %, 15041 MiB, 143771 MiB
2026/08/13 19:23:26.913, NVIDIA H200, 39, 100 %, 27 %, 15041 MiB, 143771 MiB
2026/08/13 19:23:29.914, NVIDIA H200, 39, 99 %, 32 %, 15041 MiB, 143771 MiB
2026/08/13 19:23:32.914, NVIDIA H200, 39, 99 %, 34 %, 15041 MiB, 143771 MiB
2026/08/13 19:23:35.914, NVIDIA H200, 38, 99 %, 32 %, 15041 MiB, 143771 MiB
2026/08/13 19:23:38.915, NVIDIA H200, 38, 99 %, 32 %, 15041 MiB, 143771 MiB
2026/08/13 19:23:41.915, NVIDIA H200, 37, 87 %, 28 %, 15041 MiB, 143771 MiB
2026/08/13 19:23:44.915, NVIDIA H200, 37, 98 %, 29 %, 15041 MiB, 143771 MiB
2026/08/13 19:23:47.915, NVIDIA H200, 37, 87 %, 22 %, 15041 MiB, 143771 MiB
2026/08/13 19:23:50.916, NVIDIA H200, 37, 92 %, 23 %, 15041 MiB, 143771 MiB
2026/08/13 19:23:53.916, NVIDIA H200, 38, 92 %, 19 %, 15041 MiB, 143771 MiB
2026/08/13 19:23:56.916, NVIDIA H200, 38, 97 %, 22 %, 15041 MiB, 143771 MiB
2026/08/13 19:23:59.917, NVIDIA H200, 38, 99 %, 27 %, 15041 MiB, 143771 MiB
2026/08/13 19:24:02.917, NVIDIA H200, 39, 99 %, 31 %, 15041 MiB, 143771 MiB
2026/08/13 19:24:05.917, NVIDIA H200, 38, 99 %, 34 %, 15041 MiB, 143771 MiB
2026/08/13 19:24:08.918, NVIDIA H200, 37, 98 %, 31 %, 15041 MiB, 143771 MiB
2026/08/13 19:24:11.918, NVIDIA H200, 37, 98 %, 31 %, 15041 MiB, 143771 MiB
2026/08/13 19:24:14.918, NVIDIA H200, 38, 98 %, 29 %, 15041 MiB, 143771 MiB
2026/08/13 19:24:17.919, NVIDIA H200, 37, 93 %, 26 %, 15041 MiB, 143771 MiB
2026/08/13 19:24:20.919, NVIDIA H200, 37, 98 %, 27 %, 15041 MiB, 143771 MiB
2026/08/13 19:24:23.919, NVIDIA H200, 37, 98 %, 27 %, 15041 MiB, 143771 MiB
2026/08/13 19:24:26.920, NVIDIA H200, 37, 92 %, 23 %, 15041 MiB, 143771 MiB
2026/08/13 19:24:29.920, NVIDIA H200, 37, 93 %, 23 %, 15041 MiB, 143771 MiB
2026/08/13 19:24:32.920, NVIDIA H200, 39, 99 %, 22 %, 15041 MiB, 143771 MiB
2026/08/13 19:24:35.921, NVIDIA H200, 39, 100 %, 24 %, 15041 MiB, 143771 MiB
2026/08/13 19:24:38.921, NVIDIA H200, 39, 99 %, 31 %, 15041 MiB, 143771 MiB
2026/08/13 19:24:41.921, NVIDIA H200, 36, 88 %, 28 %, 15041 MiB, 143771 MiB
2026/08/13 19:24:44.921, NVIDIA H200, 37, 81 %, 24 %, 15041 MiB, 143771 MiB
2026/08/13 19:24:47.922, NVIDIA H200, 37, 99 %, 22 %, 15041 MiB, 143771 MiB
2026/08/13 19:24:50.922, NVIDIA H200, 39, 100 %, 23 %, 15041 MiB, 143771 MiB
2026/08/13 19:24:53.922, NVIDIA H200, 39, 99 %, 31 %, 15041 MiB, 143771 MiB
2026/08/13 19:24:56.923, NVIDIA H200, 39, 99 %, 31 %, 15041 MiB, 143771 MiB
2026/08/13 19:24:59.923, NVIDIA H200, 35, 57 %, 18 %, 15041 MiB, 143771 MiB
2026/08/13 19:25:02.923, NVIDIA H200, 33, 78 %, 27 %, 15041 MiB, 143771 MiB
2026/08/13 19:25:05.924, NVIDIA H200, 26, 0 %, 0 %, 15041 MiB, 143771 MiB
2026/08/13 19:25:08.924, NVIDIA H200, 25, 0 %, 0 %, 15041 MiB, 143771 MiB
2026/08/13 19:25:11.924, NVIDIA H200, 25, 0 %, 0 %, 15041 MiB, 143771 MiB
2026/08/13 19:25:14.924, NVIDIA H200, 36, 99 %, 24 %, 15041 MiB, 143771 MiB
2026/08/13 19:25:17.925, NVIDIA H200, 37, 84 %, 17 %, 15041 MiB, 143771 MiB
2026/08/13 19:25:20.925, NVIDIA H200, 38, 91 %, 22 %, 15041 MiB, 143771 MiB
2026/08/13 19:25:23.925, NVIDIA H200, 39, 100 %, 26 %, 15041 MiB, 143771 MiB
2026/08/13 19:25:26.925, NVIDIA H200, 39, 99 %, 31 %, 15041 MiB, 143771 MiB
2026/08/13 19:25:29.926, NVIDIA H200, 38, 99 %, 33 %, 15041 MiB, 143771 MiB
2026/08/13 19:25:32.926, NVIDIA H200, 39, 99 %, 31 %, 15041 MiB, 143771 MiB
2026/08/13 19:25:35.926, NVIDIA H200, 39, 99 %, 34 %, 15041 MiB, 143771 MiB
2026/08/13 19:25:38.926, NVIDIA H200, 38, 99 %, 34 %, 15041 MiB, 143771 MiB
2026/08/13 19:25:41.927, NVIDIA H200, 38, 83 %, 19 %, 15041 MiB, 143771 MiB
2026/08/13 19:25:44.927, NVIDIA H200, 37, 92 %, 21 %, 15041 MiB, 143771 MiB
2026/08/13 19:25:47.927, NVIDIA H200, 38, 100 %, 23 %, 15041 MiB, 143771 MiB
2026/08/13 19:25:50.927, NVIDIA H200, 37, 98 %, 31 %, 15041 MiB, 143771 MiB
2026/08/13 19:25:53.928, NVIDIA H200, 37, 99 %, 29 %, 15041 MiB, 143771 MiB
2026/08/13 19:25:56.928, NVIDIA H200, 38, 99 %, 34 %, 15041 MiB, 143771 MiB
2026/08/13 19:25:59.928, NVIDIA H200, 38, 89 %, 28 %, 15041 MiB, 143771 MiB
2026/08/13 19:26:02.929, NVIDIA H200, 38, 93 %, 29 %, 15041 MiB, 143771 MiB
2026/08/13 19:26:05.929, NVIDIA H200, 38, 95 %, 29 %, 15041 MiB, 143771 MiB
2026/08/13 19:26:08.929, NVIDIA H200, 36, 79 %, 24 %, 15041 MiB, 143771 MiB
2026/08/13 19:26:11.929, NVIDIA H200, 38, 87 %, 20 %, 15041 MiB, 143771 MiB
2026/08/13 19:26:14.930, NVIDIA H200, 37, 100 %, 24 %, 15041 MiB, 143771 MiB
2026/08/13 19:26:17.930, NVIDIA H200, 37, 99 %, 27 %, 15041 MiB, 143771 MiB
2026/08/13 19:26:20.930, NVIDIA H200, 37, 98 %, 31 %, 15041 MiB, 143771 MiB
2026/08/13 19:26:23.931, NVIDIA H200, 37, 99 %, 32 %, 15041 MiB, 143771 MiB
2026/08/13 19:26:26.931, NVIDIA H200, 37, 99 %, 29 %, 15041 MiB, 143771 MiB
2026/08/13 19:26:29.931, NVIDIA H200, 37, 100 %, 26 %, 15041 MiB, 143771 MiB
2026/08/13 19:26:32.932, NVIDIA H200, 37, 100 %, 26 %, 15041 MiB, 143771 MiB
2026/08/13 19:26:35.932, NVIDIA H200, 37, 99 %, 32 %, 15041 MiB, 143771 MiB
2026/08/13 19:26:38.932, NVIDIA H200, 38, 99 %, 34 %, 15041 MiB, 143771 MiB
2026/08/13 19:26:41.932, NVIDIA H200, 38, 99 %, 34 %, 15041 MiB, 143771 MiB
2026/08/13 19:26:44.933, NVIDIA H200, 38, 98 %, 31 %, 15041 MiB, 143771 MiB
2026/08/13 19:26:47.933, NVIDIA H200, 39, 93 %, 29 %, 15041 MiB, 143771 MiB
2026/08/13 19:26:50.933, NVIDIA H200, 37, 92 %, 27 %, 15041 MiB, 143771 MiB
2026/08/13 19:26:53.934, NVIDIA H200, 37, 96 %, 28 %, 15041 MiB, 143771 MiB
2026/08/13 19:26:56.934, NVIDIA H200, 38, 83 %, 17 %, 15041 MiB, 143771 MiB
2026/08/13 19:26:59.934, NVIDIA H200, 37, 92 %, 22 %, 15041 MiB, 143771 MiB
2026/08/13 19:27:02.934, NVIDIA H200, 37, 99 %, 31 %, 15041 MiB, 143771 MiB
2026/08/13 19:27:05.935, NVIDIA H200, 38, 97 %, 34 %, 15041 MiB, 143771 MiB
2026/08/13 19:27:08.935, NVIDIA H200, 38, 98 %, 29 %, 15041 MiB, 143771 MiB
2026/08/13 19:27:11.935, NVIDIA H200, 39, 94 %, 25 %, 15041 MiB, 143771 MiB
2026/08/13 19:27:14.936, NVIDIA H200, 39, 98 %, 27 %, 15041 MiB, 143771 MiB
2026/08/13 19:27:17.936, NVIDIA H200, 28, 4 %, 0 %, 15041 MiB, 143771 MiB
2026/08/13 19:27:20.936, NVIDIA H200, 34, 78 %, 27 %, 15041 MiB, 143771 MiB
2026/08/13 19:27:23.936, NVIDIA H200, 28, 5 %, 0 %, 15041 MiB, 143771 MiB
2026/08/13 19:27:26.937, NVIDIA H200, 36, 89 %, 27 %, 15041 MiB, 143771 MiB
2026/08/13 19:27:29.937, NVIDIA H200, 38, 99 %, 34 %, 15041 MiB, 143771 MiB
2026/08/13 19:27:32.937, NVIDIA H200, 37, 94 %, 29 %, 15041 MiB, 143771 MiB
2026/08/13 19:27:35.938, NVIDIA H200, 37, 86 %, 18 %, 15041 MiB, 143771 MiB
2026/08/13 19:27:38.938, NVIDIA H200, 39, 99 %, 31 %, 15041 MiB, 143771 MiB
2026/08/13 19:27:41.938, NVIDIA H200, 37, 98 %, 28 %, 15041 MiB, 143771 MiB
2026/08/13 19:27:44.938, NVIDIA H200, 38, 89 %, 20 %, 15041 MiB, 143771 MiB
2026/08/13 19:27:47.939, NVIDIA H200, 37, 100 %, 27 %, 15041 MiB, 143771 MiB
2026/08/13 19:27:50.939, NVIDIA H200, 38, 99 %, 35 %, 15041 MiB, 143771 MiB
2026/08/13 19:27:53.939, NVIDIA H200, 37, 98 %, 29 %, 15041 MiB, 143771 MiB
2026/08/13 19:27:56.939, NVIDIA H200, 37, 89 %, 20 %, 15041 MiB, 143771 MiB
2026/08/13 19:27:59.940, NVIDIA H200, 38, 99 %, 22 %, 15041 MiB, 143771 MiB
2026/08/13 19:28:02.940, NVIDIA H200, 38, 99 %, 31 %, 15041 MiB, 143771 MiB
2026/08/13 19:28:05.940, NVIDIA H200, 38, 99 %, 34 %, 15041 MiB, 143771 MiB
2026/08/13 19:28:08.940, NVIDIA H200, 38, 99 %, 33 %, 15041 MiB, 143771 MiB
2026/08/13 19:28:11.941, NVIDIA H200, 37, 98 %, 31 %, 15041 MiB, 143771 MiB
2026/08/13 19:28:14.941, NVIDIA H200, 37, 87 %, 29 %, 15041 MiB, 143771 MiB
2026/08/13 19:28:17.941, NVIDIA H200, 37, 98 %, 30 %, 15041 MiB, 143771 MiB
2026/08/13 19:28:20.942, NVIDIA H200, 37, 98 %, 29 %, 15041 MiB, 143771 MiB
2026/08/13 19:28:23.942, NVIDIA H200, 36, 82 %, 19 %, 15041 MiB, 143771 MiB
2026/08/13 19:28:26.942, NVIDIA H200, 36, 84 %, 21 %, 15041 MiB, 143771 MiB
2026/08/13 19:28:29.942, NVIDIA H200, 37, 98 %, 26 %, 15041 MiB, 143771 MiB
2026/08/13 19:28:32.943, NVIDIA H200, 37, 88 %, 22 %, 15041 MiB, 143771 MiB
2026/08/13 19:28:35.943, NVIDIA H200, 37, 99 %, 26 %, 15041 MiB, 143771 MiB
2026/08/13 19:28:38.943, NVIDIA H200, 37, 86 %, 21 %, 15041 MiB, 143771 MiB
2026/08/13 19:28:41.944, NVIDIA H200, 37, 98 %, 21 %, 15041 MiB, 143771 MiB
2026/08/13 19:28:44.944, NVIDIA H200, 39, 100 %, 24 %, 15041 MiB, 143771 MiB
2026/08/13 19:28:47.944, NVIDIA H200, 38, 98 %, 31 %, 15041 MiB, 143771 MiB
2026/08/13 19:28:50.944, NVIDIA H200, 37, 99 %, 31 %, 15041 MiB, 143771 MiB
2026/08/13 19:28:53.945, NVIDIA H200, 37, 98 %, 31 %, 15041 MiB, 143771 MiB
2026/08/13 19:28:56.945, NVIDIA H200, 37, 98 %, 30 %, 15041 MiB, 143771 MiB
2026/08/13 19:28:59.945, NVIDIA H200, 37, 98 %, 31 %, 15041 MiB, 143771 MiB
2026/08/13 19:29:02.946, NVIDIA H200, 37, 91 %, 27 %, 15041 MiB, 143771 MiB
2026/08/13 19:29:05.946, NVIDIA H200, 37, 87 %, 22 %, 15041 MiB, 143771 MiB
2026/08/13 19:29:08.946, NVIDIA H200, 37, 96 %, 24 %, 15041 MiB, 143771 MiB
2026/08/13 19:29:11.946, NVIDIA H200, 37, 99 %, 25 %, 15041 MiB, 143771 MiB
2026/08/13 19:29:14.947, NVIDIA H200, 37, 97 %, 23 %, 15041 MiB, 143771 MiB
2026/08/13 19:29:17.947, NVIDIA H200, 37, 99 %, 23 %, 15041 MiB, 143771 MiB
2026/08/13 19:29:20.947, NVIDIA H200, 38, 99 %, 21 %, 15041 MiB, 143771 MiB
2026/08/13 19:29:23.948, NVIDIA H200, 38, 100 %, 24 %, 15041 MiB, 143771 MiB
2026/08/13 19:29:26.948, NVIDIA H200, 38, 99 %, 23 %, 15041 MiB, 143771 MiB
2026/08/13 19:29:29.948, NVIDIA H200, 37, 100 %, 25 %, 15041 MiB, 143771 MiB
2026/08/13 19:29:32.949, NVIDIA H200, 35, 69 %, 19 %, 15041 MiB, 143771 MiB
2026/08/13 19:29:35.949, NVIDIA H200, 34, 80 %, 24 %, 15041 MiB, 143771 MiB
2026/08/13 19:29:38.949, NVIDIA H200, 36, 90 %, 25 %, 15041 MiB, 143771 MiB
2026/08/13 19:29:41.949, NVIDIA H200, 36, 84 %, 22 %, 15041 MiB, 143771 MiB
2026/08/13 19:29:44.950, NVIDIA H200, 37, 93 %, 23 %, 15041 MiB, 143771 MiB
2026/08/13 19:29:47.950, NVIDIA H200, 38, 92 %, 20 %, 15041 MiB, 143771 MiB
2026/08/13 19:29:50.950, NVIDIA H200, 38, 99 %, 25 %, 15041 MiB, 143771 MiB
2026/08/13 19:29:53.951, NVIDIA H200, 38, 100 %, 27 %, 15041 MiB, 143771 MiB
2026/08/13 19:29:56.951, NVIDIA H200, 39, 99 %, 31 %, 15041 MiB, 143771 MiB
2026/08/13 19:29:59.951, NVIDIA H200, 37, 99 %, 31 %, 15041 MiB, 143771 MiB
2026/08/13 19:30:02.952, NVIDIA H200, 37, 91 %, 30 %, 15041 MiB, 143771 MiB
2026/08/13 19:30:05.952, NVIDIA H200, 37, 99 %, 31 %, 15041 MiB, 143771 MiB
2026/08/13 19:30:08.952, NVIDIA H200, 39, 99 %, 32 %, 15041 MiB, 143771 MiB
2026/08/13 19:30:11.953, NVIDIA H200, 37, 97 %, 30 %, 15041 MiB, 143771 MiB
2026/08/13 19:30:14.953, NVIDIA H200, 37, 99 %, 23 %, 15041 MiB, 143771 MiB
2026/08/13 19:30:17.953, NVIDIA H200, 38, 99 %, 22 %, 15041 MiB, 143771 MiB
2026/08/13 19:30:20.954, NVIDIA H200, 39, 98 %, 26 %, 15041 MiB, 143771 MiB
2026/08/13 19:30:23.954, NVIDIA H200, 37, 99 %, 31 %, 15041 MiB, 143771 MiB
2026/08/13 19:30:26.954, NVIDIA H200, 37, 98 %, 31 %, 15041 MiB, 143771 MiB
2026/08/13 19:30:29.955, NVIDIA H200, 38, 99 %, 31 %, 15041 MiB, 143771 MiB
2026/08/13 19:30:32.955, NVIDIA H200, 38, 100 %, 22 %, 15041 MiB, 143771 MiB
2026/08/13 19:30:35.955, NVIDIA H200, 39, 98 %, 27 %, 15041 MiB, 143771 MiB
2026/08/13 19:30:38.956, NVIDIA H200, 37, 99 %, 31 %, 15041 MiB, 143771 MiB
2026/08/13 19:30:41.956, NVIDIA H200, 37, 100 %, 24 %, 15041 MiB, 143771 MiB
2026/08/13 19:30:44.956, NVIDIA H200, 39, 99 %, 24 %, 15041 MiB, 143771 MiB
2026/08/13 19:30:47.957, NVIDIA H200, 38, 98 %, 30 %, 15041 MiB, 143771 MiB
2026/08/13 19:30:50.957, NVIDIA H200, 37, 93 %, 25 %, 15041 MiB, 143771 MiB
2026/08/13 19:30:53.957, NVIDIA H200, 37, 99 %, 30 %, 15041 MiB, 143771 MiB
2026/08/13 19:30:56.957, NVIDIA H200, 39, 99 %, 31 %, 15041 MiB, 143771 MiB
2026/08/13 19:30:59.958, NVIDIA H200, 38, 99 %, 22 %, 15041 MiB, 143771 MiB
2026/08/13 19:31:02.958, NVIDIA H200, 38, 99 %, 31 %, 15041 MiB, 143771 MiB
2026/08/13 19:31:05.958, NVIDIA H200, 38, 98 %, 34 %, 15041 MiB, 143771 MiB
2026/08/13 19:31:08.959, NVIDIA H200, 38, 99 %, 34 %, 15041 MiB, 143771 MiB
2026/08/13 19:31:11.959, NVIDIA H200, 37, 97 %, 31 %, 15041 MiB, 143771 MiB
2026/08/13 19:31:14.959, NVIDIA H200, 37, 94 %, 28 %, 15041 MiB, 143771 MiB
2026/08/13 19:31:17.960, NVIDIA H200, 37, 98 %, 27 %, 15041 MiB, 143771 MiB
2026/08/13 19:31:20.960, NVIDIA H200, 37, 99 %, 31 %, 15041 MiB, 143771 MiB
2026/08/13 19:31:23.960, NVIDIA H200, 38, 99 %, 27 %, 15041 MiB, 143771 MiB
2026/08/13 19:31:26.961, NVIDIA H200, 37, 94 %, 20 %, 15041 MiB, 143771 MiB
2026/08/13 19:31:29.961, NVIDIA H200, 37, 93 %, 19 %, 15041 MiB, 143771 MiB
2026/08/13 19:31:32.961, NVIDIA H200, 38, 96 %, 23 %, 15041 MiB, 143771 MiB
2026/08/13 19:31:35.962, NVIDIA H200, 38, 99 %, 31 %, 15041 MiB, 143771 MiB
2026/08/13 19:31:38.962, NVIDIA H200, 38, 98 %, 28 %, 15041 MiB, 143771 MiB
2026/08/13 19:31:41.962, NVIDIA H200, 29, 34 %, 9 %, 15041 MiB, 143771 MiB
2026/08/13 19:31:44.962, NVIDIA H200, 35, 61 %, 17 %, 15041 MiB, 143771 MiB
2026/08/13 19:31:47.963, NVIDIA H200, 27, 0 %, 0 %, 15041 MiB, 143771 MiB
2026/08/13 19:31:50.963, NVIDIA H200, 37, 99 %, 34 %, 15041 MiB, 143771 MiB
2026/08/13 19:31:53.963, NVIDIA H200, 36, 89 %, 21 %, 15041 MiB, 143771 MiB
2026/08/13 19:31:56.964, NVIDIA H200, 36, 98 %, 29 %, 15041 MiB, 143771 MiB
2026/08/13 19:31:59.964, NVIDIA H200, 36, 99 %, 22 %, 15041 MiB, 143771 MiB
2026/08/13 19:32:02.964, NVIDIA H200, 37, 99 %, 32 %, 15041 MiB, 143771 MiB
2026/08/13 19:32:05.965, NVIDIA H200, 36, 90 %, 22 %, 15041 MiB, 143771 MiB
2026/08/13 19:32:08.965, NVIDIA H200, 37, 97 %, 32 %, 15041 MiB, 143771 MiB
2026/08/13 19:32:11.965, NVIDIA H200, 36, 82 %, 20 %, 15041 MiB, 143771 MiB
2026/08/13 19:32:14.966, NVIDIA H200, 38, 98 %, 31 %, 15041 MiB, 143771 MiB
2026/08/13 19:32:17.966, NVIDIA H200, 36, 99 %, 25 %, 15041 MiB, 143771 MiB
2026/08/13 19:32:20.966, NVIDIA H200, 37, 83 %, 20 %, 15041 MiB, 143771 MiB
2026/08/13 19:32:23.967, NVIDIA H200, 36, 98 %, 26 %, 15041 MiB, 143771 MiB
2026/08/13 19:32:26.967, NVIDIA H200, 38, 98 %, 32 %, 15041 MiB, 143771 MiB
2026/08/13 19:32:29.967, NVIDIA H200, 36, 86 %, 27 %, 15041 MiB, 143771 MiB
2026/08/13 19:32:32.968, NVIDIA H200, 37, 100 %, 25 %, 15041 MiB, 143771 MiB
2026/08/13 19:32:35.968, NVIDIA H200, 37, 92 %, 29 %, 15041 MiB, 143771 MiB
2026/08/13 19:32:38.968, NVIDIA H200, 36, 98 %, 24 %, 15041 MiB, 143771 MiB
2026/08/13 19:32:41.969, NVIDIA H200, 35, 92 %, 23 %, 15041 MiB, 143771 MiB
2026/08/13 19:32:44.969, NVIDIA H200, 36, 100 %, 23 %, 15041 MiB, 143771 MiB
2026/08/13 19:32:47.969, NVIDIA H200, 37, 100 %, 27 %, 15041 MiB, 143771 MiB
2026/08/13 19:32:50.970, NVIDIA H200, 35, 89 %, 25 %, 15041 MiB, 143771 MiB
2026/08/13 19:32:53.970, NVIDIA H200, 36, 98 %, 32 %, 15041 MiB, 143771 MiB
2026/08/13 19:32:56.970, NVIDIA H200, 36, 89 %, 22 %, 15041 MiB, 143771 MiB
2026/08/13 19:32:59.971, NVIDIA H200, 36, 98 %, 29 %, 15041 MiB, 143771 MiB
2026/08/13 19:33:02.971, NVIDIA H200, 38, 99 %, 23 %, 15041 MiB, 143771 MiB
2026/08/13 19:33:05.971, NVIDIA H200, 37, 86 %, 26 %, 15041 MiB, 143771 MiB
2026/08/13 19:33:08.971, NVIDIA H200, 36, 99 %, 29 %, 15041 MiB, 143771 MiB
2026/08/13 19:33:11.972, NVIDIA H200, 37, 92 %, 28 %, 15041 MiB, 143771 MiB
2026/08/13 19:33:14.972, NVIDIA H200, 36, 91 %, 21 %, 15041 MiB, 143771 MiB
2026/08/13 19:33:17.972, NVIDIA H200, 38, 73 %, 25 %, 15041 MiB, 143771 MiB
2026/08/13 19:33:20.973, NVIDIA H200, 37, 99 %, 30 %, 15041 MiB, 143771 MiB
2026/08/13 19:33:23.973, NVIDIA H200, 35, 86 %, 22 %, 15041 MiB, 143771 MiB
2026/08/13 19:33:26.973, NVIDIA H200, 36, 98 %, 32 %, 15041 MiB, 143771 MiB
2026/08/13 19:33:29.974, NVIDIA H200, 37, 84 %, 17 %, 15041 MiB, 143771 MiB
2026/08/13 19:33:32.974, NVIDIA H200, 37, 98 %, 31 %, 15041 MiB, 143771 MiB
2026/08/13 19:33:35.974, NVIDIA H200, 36, 99 %, 29 %, 15041 MiB, 143771 MiB
2026/08/13 19:33:38.975, NVIDIA H200, 37, 75 %, 17 %, 15041 MiB, 143771 MiB
2026/08/13 19:33:41.975, NVIDIA H200, 36, 98 %, 34 %, 15041 MiB, 143771 MiB
2026/08/13 19:33:44.975, NVIDIA H200, 36, 93 %, 22 %, 15041 MiB, 143771 MiB
2026/08/13 19:33:47.976, NVIDIA H200, 35, 85 %, 24 %, 15041 MiB, 143771 MiB
2026/08/13 19:33:50.976, NVIDIA H200, 36, 99 %, 34 %, 15041 MiB, 143771 MiB
2026/08/13 19:33:53.976, NVIDIA H200, 38, 98 %, 26 %, 15041 MiB, 143771 MiB
2026/08/13 19:33:56.976, NVIDIA H200, 33, 73 %, 24 %, 15041 MiB, 143771 MiB
2026/08/13 19:33:59.977, NVIDIA H200, 32, 77 %, 19 %, 15041 MiB, 143771 MiB
2026/08/13 19:34:02.977, NVIDIA H200, 27, 5 %, 0 %, 15041 MiB, 143771 MiB
2026/08/13 19:34:05.977, NVIDIA H200, 35, 82 %, 20 %, 15041 MiB, 143771 MiB
2026/08/13 19:34:08.978, NVIDIA H200, 36, 99 %, 27 %, 15041 MiB, 143771 MiB
2026/08/13 19:34:11.978, NVIDIA H200, 37, 98 %, 31 %, 15041 MiB, 143771 MiB
2026/08/13 19:34:14.978, NVIDIA H200, 36, 95 %, 22 %, 15041 MiB, 143771 MiB
2026/08/13 19:34:17.979, NVIDIA H200, 36, 95 %, 26 %, 15041 MiB, 143771 MiB
2026/08/13 19:34:20.979, NVIDIA H200, 36, 100 %, 24 %, 15041 MiB, 143771 MiB
2026/08/13 19:34:23.979, NVIDIA H200, 38, 92 %, 25 %, 15041 MiB, 143771 MiB
2026/08/13 19:34:26.980, NVIDIA H200, 36, 100 %, 25 %, 15041 MiB, 143771 MiB
2026/08/13 19:34:29.980, NVIDIA H200, 36, 99 %, 25 %, 15041 MiB, 143771 MiB
2026/08/13 19:34:32.980, NVIDIA H200, 37, 99 %, 31 %, 15041 MiB, 143771 MiB
2026/08/13 19:34:35.980, NVIDIA H200, 36, 98 %, 33 %, 15041 MiB, 143771 MiB
2026/08/13 19:34:38.981, NVIDIA H200, 37, 93 %, 23 %, 15041 MiB, 143771 MiB
2026/08/13 19:34:41.981, NVIDIA H200, 36, 99 %, 33 %, 15041 MiB, 143771 MiB
2026/08/13 19:34:44.981, NVIDIA H200, 38, 97 %, 24 %, 15041 MiB, 143771 MiB
2026/08/13 19:34:47.982, NVIDIA H200, 36, 99 %, 32 %, 15041 MiB, 143771 MiB
2026/08/13 19:34:50.982, NVIDIA H200, 35, 88 %, 22 %, 15041 MiB, 143771 MiB
2026/08/13 19:34:53.982, NVIDIA H200, 37, 98 %, 32 %, 15041 MiB, 143771 MiB
2026/08/13 19:34:56.983, NVIDIA H200, 37, 81 %, 17 %, 15041 MiB, 143771 MiB
2026/08/13 19:34:59.983, NVIDIA H200, 36, 95 %, 29 %, 15041 MiB, 143771 MiB
2026/08/13 19:35:02.983, NVIDIA H200, 37, 95 %, 21 %, 15041 MiB, 143771 MiB
2026/08/13 19:35:05.984, NVIDIA H200, 37, 97 %, 32 %, 15041 MiB, 143771 MiB
2026/08/13 19:35:08.984, NVIDIA H200, 36, 99 %, 22 %, 15041 MiB, 143771 MiB
2026/08/13 19:35:11.984, NVIDIA H200, 38, 81 %, 25 %, 15041 MiB, 143771 MiB
2026/08/13 19:35:14.985, NVIDIA H200, 36, 100 %, 27 %, 15041 MiB, 143771 MiB
2026/08/13 19:35:17.985, NVIDIA H200, 37, 98 %, 30 %, 15041 MiB, 143771 MiB
2026/08/13 19:35:20.985, NVIDIA H200, 36, 98 %, 29 %, 15041 MiB, 143771 MiB
2026/08/13 19:35:23.986, NVIDIA H200, 37, 98 %, 29 %, 15041 MiB, 143771 MiB
2026/08/13 19:35:26.986, NVIDIA H200, 36, 82 %, 19 %, 15041 MiB, 143771 MiB
2026/08/13 19:35:29.986, NVIDIA H200, 37, 88 %, 28 %, 15041 MiB, 143771 MiB
2026/08/13 19:35:32.987, NVIDIA H200, 36, 100 %, 24 %, 15041 MiB, 143771 MiB
2026/08/13 19:35:35.987, NVIDIA H200, 38, 73 %, 21 %, 15041 MiB, 143771 MiB
2026/08/13 19:35:38.987, NVIDIA H200, 36, 98 %, 32 %, 15041 MiB, 143771 MiB
2026/08/13 19:35:41.988, NVIDIA H200, 38, 82 %, 19 %, 15041 MiB, 143771 MiB
2026/08/13 19:35:44.988, NVIDIA H200, 36, 98 %, 32 %, 15041 MiB, 143771 MiB
2026/08/13 19:35:47.988, NVIDIA H200, 37, 88 %, 18 %, 15041 MiB, 143771 MiB
2026/08/13 19:35:50.989, NVIDIA H200, 37, 100 %, 27 %, 15041 MiB, 143771 MiB
2026/08/13 19:35:53.989, NVIDIA H200, 36, 98 %, 27 %, 15041 MiB, 143771 MiB
2026/08/13 19:35:56.989, NVIDIA H200, 36, 98 %, 31 %, 15041 MiB, 143771 MiB
2026/08/13 19:35:59.990, NVIDIA H200, 37, 99 %, 34 %, 15041 MiB, 143771 MiB
2026/08/13 19:36:02.990, NVIDIA H200, 37, 99 %, 25 %, 15041 MiB, 143771 MiB
2026/08/13 19:36:05.990, NVIDIA H200, 37, 98 %, 31 %, 15041 MiB, 143771 MiB
2026/08/13 19:36:08.990, NVIDIA H200, 36, 98 %, 27 %, 15041 MiB, 143771 MiB
2026/08/13 19:36:11.991, NVIDIA H200, 33, 83 %, 19 %, 15041 MiB, 143771 MiB
2026/08/13 19:36:14.991, NVIDIA H200, 33, 82 %, 25 %, 15041 MiB, 143771 MiB
2026/08/13 19:36:17.991, NVIDIA H200, 36, 99 %, 30 %, 15041 MiB, 143771 MiB
2026/08/13 19:36:20.992, NVIDIA H200, 25, 0 %, 0 %, 15041 MiB, 143771 MiB
2026/08/13 19:36:23.992, NVIDIA H200, 24, 0 %, 0 %, 15041 MiB, 143771 MiB
2026/08/13 19:36:26.992, NVIDIA H200, 35, 81 %, 27 %, 15041 MiB, 143771 MiB
2026/08/13 19:36:29.993, NVIDIA H200, 36, 82 %, 20 %, 15041 MiB, 143771 MiB
2026/08/13 19:36:32.993, NVIDIA H200, 37, 99 %, 30 %, 15041 MiB, 143771 MiB
2026/08/13 19:36:35.993, NVIDIA H200, 35, 80 %, 19 %, 15041 MiB, 143771 MiB
2026/08/13 19:36:38.994, NVIDIA H200, 36, 97 %, 30 %, 15041 MiB, 143771 MiB
2026/08/13 19:36:41.994, NVIDIA H200, 36, 88 %, 24 %, 15041 MiB, 143771 MiB
2026/08/13 19:36:44.994, NVIDIA H200, 37, 99 %, 27 %, 15041 MiB, 143771 MiB
2026/08/13 19:36:47.995, NVIDIA H200, 36, 87 %, 22 %, 15041 MiB, 143771 MiB
2026/08/13 19:36:50.995, NVIDIA H200, 38, 99 %, 32 %, 15041 MiB, 143771 MiB
2026/08/13 19:36:53.995, NVIDIA H200, 36, 79 %, 18 %, 15041 MiB, 143771 MiB
2026/08/13 19:36:56.995, NVIDIA H200, 36, 90 %, 28 %, 15041 MiB, 143771 MiB
2026/08/13 19:36:59.996, NVIDIA H200, 35, 100 %, 26 %, 15041 MiB, 143771 MiB
2026/08/13 19:37:02.996, NVIDIA H200, 36, 90 %, 22 %, 15041 MiB, 143771 MiB
2026/08/13 19:37:05.996, NVIDIA H200, 37, 98 %, 30 %, 15041 MiB, 143771 MiB
2026/08/13 19:37:08.997, NVIDIA H200, 36, 97 %, 31 %, 15041 MiB, 143771 MiB
2026/08/13 19:37:11.997, NVIDIA H200, 38, 97 %, 22 %, 15041 MiB, 143771 MiB
2026/08/13 19:37:14.997, NVIDIA H200, 38, 99 %, 31 %, 15041 MiB, 143771 MiB
2026/08/13 19:37:17.997, NVIDIA H200, 36, 98 %, 23 %, 15041 MiB, 143771 MiB
2026/08/13 19:37:20.998, NVIDIA H200, 36, 95 %, 26 %, 15041 MiB, 143771 MiB
2026/08/13 19:37:23.998, NVIDIA H200, 37, 98 %, 33 %, 15041 MiB, 143771 MiB
2026/08/13 19:37:26.998, NVIDIA H200, 36, 99 %, 25 %, 15041 MiB, 143771 MiB
2026/08/13 19:37:29.999, NVIDIA H200, 36, 83 %, 26 %, 15041 MiB, 143771 MiB
2026/08/13 19:37:32.999, NVIDIA H200, 38, 100 %, 25 %, 15041 MiB, 143771 MiB
2026/08/13 19:37:35.999, NVIDIA H200, 36, 94 %, 28 %, 15041 MiB, 143771 MiB
2026/08/13 19:37:38.999, NVIDIA H200, 37, 80 %, 19 %, 15041 MiB, 143771 MiB
2026/08/13 19:37:42.000, NVIDIA H200, 37, 99 %, 31 %, 15041 MiB, 143771 MiB
2026/08/13 19:37:45.000, NVIDIA H200, 38, 100 %, 23 %, 15041 MiB, 143771 MiB
2026/08/13 19:37:48.000, NVIDIA H200, 38, 98 %, 33 %, 15041 MiB, 143771 MiB
2026/08/13 19:37:51.000, NVIDIA H200, 36, 84 %, 20 %, 15041 MiB, 143771 MiB
2026/08/13 19:37:54.001, NVIDIA H200, 37, 98 %, 34 %, 15041 MiB, 143771 MiB
2026/08/13 19:37:57.001, NVIDIA H200, 37, 98 %, 22 %, 15041 MiB, 143771 MiB
2026/08/13 19:38:00.001, NVIDIA H200, 36, 92 %, 29 %, 15041 MiB, 143771 MiB
2026/08/13 19:38:03.002, NVIDIA H200, 36, 99 %, 29 %, 15041 MiB, 143771 MiB
2026/08/13 19:38:06.002, NVIDIA H200, 36, 86 %, 22 %, 15041 MiB, 143771 MiB
2026/08/13 19:38:09.002, NVIDIA H200, 37, 98 %, 34 %, 15041 MiB, 143771 MiB
2026/08/13 19:38:12.002, NVIDIA H200, 37, 94 %, 22 %, 15041 MiB, 143771 MiB
2026/08/13 19:38:15.003, NVIDIA H200, 36, 81 %, 26 %, 15041 MiB, 143771 MiB
2026/08/13 19:38:18.003, NVIDIA H200, 37, 99 %, 23 %, 15041 MiB, 143771 MiB
2026/08/13 19:38:21.003, NVIDIA H200, 36, 89 %, 28 %, 15041 MiB, 143771 MiB
2026/08/13 19:38:24.003, NVIDIA H200, 38, 99 %, 27 %, 15041 MiB, 143771 MiB
2026/08/13 19:38:27.004, NVIDIA H200, 36, 90 %, 30 %, 15041 MiB, 143771 MiB
2026/08/13 19:38:30.004, NVIDIA H200, 36, 99 %, 25 %, 15041 MiB, 143771 MiB
2026/08/13 19:38:33.004, NVIDIA H200, 32, 73 %, 24 %, 15041 MiB, 143771 MiB
2026/08/13 19:38:36.005, NVIDIA H200, 34, 69 %, 22 %, 15041 MiB, 143771 MiB
2026/08/13 19:38:39.005, NVIDIA H200, 31, 54 %, 17 %, 15041 MiB, 143771 MiB
2026/08/13 19:38:42.005, NVIDIA H200, 36, 86 %, 17 %, 15041 MiB, 143771 MiB
2026/08/13 19:38:45.006, NVIDIA H200, 37, 98 %, 34 %, 15041 MiB, 143771 MiB
2026/08/13 19:38:48.006, NVIDIA H200, 36, 94 %, 24 %, 15041 MiB, 143771 MiB
2026/08/13 19:38:51.006, NVIDIA H200, 36, 99 %, 27 %, 15041 MiB, 143771 MiB
2026/08/13 19:38:54.007, NVIDIA H200, 36, 83 %, 26 %, 15041 MiB, 143771 MiB
2026/08/13 19:38:57.007, NVIDIA H200, 37, 99 %, 21 %, 15041 MiB, 143771 MiB
2026/08/13 19:39:00.007, NVIDIA H200, 37, 99 %, 34 %, 15041 MiB, 143771 MiB
2026/08/13 19:39:03.008, NVIDIA H200, 37, 86 %, 25 %, 15041 MiB, 143771 MiB
2026/08/13 19:39:06.008, NVIDIA H200, 38, 95 %, 22 %, 15041 MiB, 143771 MiB
2026/08/13 19:39:09.008, NVIDIA H200, 37, 99 %, 33 %, 15041 MiB, 143771 MiB
2026/08/13 19:39:12.008, NVIDIA H200, 36, 96 %, 24 %, 15041 MiB, 143771 MiB
2026/08/13 19:39:15.009, NVIDIA H200, 37, 90 %, 22 %, 15041 MiB, 143771 MiB
2026/08/13 19:39:18.009, NVIDIA H200, 36, 90 %, 28 %, 15041 MiB, 143771 MiB
2026/08/13 19:39:21.009, NVIDIA H200, 37, 83 %, 17 %, 15041 MiB, 143771 MiB
2026/08/13 19:39:24.010, NVIDIA H200, 38, 99 %, 31 %, 15041 MiB, 143771 MiB
2026/08/13 19:39:27.010, NVIDIA H200, 36, 85 %, 25 %, 15041 MiB, 143771 MiB
2026/08/13 19:39:30.010, NVIDIA H200, 37, 79 %, 19 %, 15041 MiB, 143771 MiB
2026/08/13 19:39:33.011, NVIDIA H200, 36, 98 %, 31 %, 15041 MiB, 143771 MiB
2026/08/13 19:39:36.011, NVIDIA H200, 37, 80 %, 24 %, 15041 MiB, 143771 MiB
2026/08/13 19:39:39.011, NVIDIA H200, 37, 88 %, 21 %, 15041 MiB, 143771 MiB
2026/08/13 19:39:42.012, NVIDIA H200, 38, 98 %, 33 %, 15041 MiB, 143771 MiB
2026/08/13 19:39:45.012, NVIDIA H200, 36, 97 %, 28 %, 15041 MiB, 143771 MiB
2026/08/13 19:39:48.012, NVIDIA H200, 37, 99 %, 21 %, 15041 MiB, 143771 MiB
2026/08/13 19:39:51.013, NVIDIA H200, 38, 99 %, 32 %, 15041 MiB, 143771 MiB
2026/08/13 19:39:54.013, NVIDIA H200, 37, 85 %, 25 %, 15041 MiB, 143771 MiB
2026/08/13 19:39:57.013, NVIDIA H200, 38, 100 %, 26 %, 15041 MiB, 143771 MiB
2026/08/13 19:40:00.014, NVIDIA H200, 36, 98 %, 31 %, 15041 MiB, 143771 MiB
2026/08/13 19:40:03.014, NVIDIA H200, 36, 95 %, 21 %, 15041 MiB, 143771 MiB
2026/08/13 19:40:06.014, NVIDIA H200, 36, 99 %, 28 %, 15041 MiB, 143771 MiB
2026/08/13 19:40:09.015, NVIDIA H200, 36, 98 %, 27 %, 15041 MiB, 143771 MiB
2026/08/13 19:40:12.015, NVIDIA H200, 37, 100 %, 24 %, 15041 MiB, 143771 MiB
2026/08/13 19:40:15.015, NVIDIA H200, 36, 77 %, 25 %, 15041 MiB, 143771 MiB
2026/08/13 19:40:18.016, NVIDIA H200, 37, 90 %, 20 %, 15041 MiB, 143771 MiB
2026/08/13 19:40:21.016, NVIDIA H200, 37, 99 %, 30 %, 15041 MiB, 143771 MiB
2026/08/13 19:40:24.016, NVIDIA H200, 37, 83 %, 25 %, 15041 MiB, 143771 MiB
2026/08/13 19:40:27.017, NVIDIA H200, 38, 98 %, 23 %, 15041 MiB, 143771 MiB
2026/08/13 19:40:30.017, NVIDIA H200, 37, 98 %, 34 %, 15041 MiB, 143771 MiB
2026/08/13 19:40:33.017, NVIDIA H200, 37, 95 %, 26 %, 15041 MiB, 143771 MiB
2026/08/13 19:40:36.018, NVIDIA H200, 38, 100 %, 24 %, 15041 MiB, 143771 MiB
2026/08/13 19:40:39.018, NVIDIA H200, 36, 94 %, 30 %, 15041 MiB, 143771 MiB
2026/08/13 19:40:42.018, NVIDIA H200, 37, 81 %, 20 %, 15041 MiB, 143771 MiB
2026/08/13 19:40:45.018, NVIDIA H200, 38, 99 %, 21 %, 15041 MiB, 143771 MiB
2026/08/13 19:40:48.019, NVIDIA H200, 33, 78 %, 22 %, 15041 MiB, 143771 MiB
2026/08/13 19:40:51.019, NVIDIA H200, 35, 60 %, 19 %, 15041 MiB, 143771 MiB
2026/08/13 19:40:54.019, NVIDIA H200, 35, 98 %, 31 %, 15041 MiB, 143771 MiB
2026/08/13 19:40:57.020, NVIDIA H200, 36, 96 %, 23 %, 15041 MiB, 143771 MiB
2026/08/13 19:41:00.020, NVIDIA H200, 37, 98 %, 34 %, 15041 MiB, 143771 MiB
2026/08/13 19:41:03.020, NVIDIA H200, 37, 85 %, 23 %, 15041 MiB, 143771 MiB
2026/08/13 19:41:06.021, NVIDIA H200, 37, 99 %, 34 %, 15041 MiB, 143771 MiB
2026/08/13 19:41:09.021, NVIDIA H200, 36, 90 %, 21 %, 15041 MiB, 143771 MiB
2026/08/13 19:41:12.022, NVIDIA H200, 37, 98 %, 29 %, 15041 MiB, 143771 MiB
2026/08/13 19:41:15.022, NVIDIA H200, 36, 98 %, 32 %, 15041 MiB, 143771 MiB
2026/08/13 19:41:18.022, NVIDIA H200, 38, 86 %, 20 %, 15041 MiB, 143771 MiB
2026/08/13 19:41:21.022, NVIDIA H200, 37, 100 %, 25 %, 15041 MiB, 143771 MiB
2026/08/13 19:41:24.023, NVIDIA H200, 38, 88 %, 22 %, 15041 MiB, 143771 MiB
2026/08/13 19:41:27.023, NVIDIA H200, 37, 98 %, 34 %, 15041 MiB, 143771 MiB
2026/08/13 19:41:30.023, NVIDIA H200, 36, 93 %, 21 %, 15041 MiB, 143771 MiB
2026/08/13 19:41:33.024, NVIDIA H200, 36, 99 %, 31 %, 15041 MiB, 143771 MiB
2026/08/13 19:41:36.024, NVIDIA H200, 37, 85 %, 23 %, 15041 MiB, 143771 MiB
2026/08/13 19:41:39.025, NVIDIA H200, 36, 100 %, 23 %, 15041 MiB, 143771 MiB
2026/08/13 19:41:42.025, NVIDIA H200, 38, 95 %, 26 %, 15041 MiB, 143771 MiB
2026/08/13 19:41:45.025, NVIDIA H200, 36, 99 %, 27 %, 15041 MiB, 143771 MiB
2026/08/13 19:41:48.026, NVIDIA H200, 38, 97 %, 25 %, 15041 MiB, 143771 MiB
2026/08/13 19:41:51.026, NVIDIA H200, 36, 98 %, 32 %, 15041 MiB, 143771 MiB
2026/08/13 19:41:54.026, NVIDIA H200, 39, 98 %, 31 %, 15041 MiB, 143771 MiB
2026/08/13 19:41:57.027, NVIDIA H200, 36, 94 %, 22 %, 15041 MiB, 143771 MiB
2026/08/13 19:42:00.027, NVIDIA H200, 37, 84 %, 21 %, 15041 MiB, 143771 MiB
2026/08/13 19:42:03.027, NVIDIA H200, 36, 100 %, 27 %, 15041 MiB, 143771 MiB
2026/08/13 19:42:06.028, NVIDIA H200, 35, 79 %, 25 %, 15041 MiB, 143771 MiB
2026/08/13 19:42:09.028, NVIDIA H200, 36, 99 %, 30 %, 15041 MiB, 143771 MiB
2026/08/13 19:42:12.028, NVIDIA H200, 37, 99 %, 25 %, 15041 MiB, 143771 MiB
2026/08/13 19:42:15.029, NVIDIA H200, 37, 92 %, 28 %, 15041 MiB, 143771 MiB
2026/08/13 19:42:18.029, NVIDIA H200, 36, 96 %, 20 %, 15041 MiB, 143771 MiB
2026/08/13 19:42:21.029, NVIDIA H200, 36, 83 %, 28 %, 15041 MiB, 143771 MiB
2026/08/13 19:42:24.030, NVIDIA H200, 36, 99 %, 28 %, 15041 MiB, 143771 MiB
2026/08/13 19:42:27.030, NVIDIA H200, 37, 79 %, 16 %, 15041 MiB, 143771 MiB
2026/08/13 19:42:30.030, NVIDIA H200, 37, 90 %, 30 %, 15041 MiB, 143771 MiB
2026/08/13 19:42:33.031, NVIDIA H200, 36, 99 %, 24 %, 15041 MiB, 143771 MiB
2026/08/13 19:42:36.031, NVIDIA H200, 36, 80 %, 23 %, 15041 MiB, 143771 MiB
2026/08/13 19:42:39.031, NVIDIA H200, 37, 99 %, 33 %, 15041 MiB, 143771 MiB
2026/08/13 19:42:42.032, NVIDIA H200, 38, 99 %, 26 %, 15041 MiB, 143771 MiB
2026/08/13 19:42:45.032, NVIDIA H200, 36, 98 %, 31 %, 15041 MiB, 143771 MiB
2026/08/13 19:42:48.032, NVIDIA H200, 37, 92 %, 28 %, 15041 MiB, 143771 MiB
2026/08/13 19:42:51.033, NVIDIA H200, 36, 100 %, 26 %, 15041 MiB, 143771 MiB
2026/08/13 19:42:54.033, NVIDIA H200, 38, 86 %, 20 %, 15041 MiB, 143771 MiB
2026/08/13 19:42:57.033, NVIDIA H200, 37, 99 %, 33 %, 15041 MiB, 143771 MiB
2026/08/13 19:43:00.034, NVIDIA H200, 37, 99 %, 33 %, 15041 MiB, 143771 MiB
2026/08/13 19:43:03.034, NVIDIA H200, 35, 55 %, 17 %, 15041 MiB, 143771 MiB
2026/08/13 19:43:06.034, NVIDIA H200, 35, 61 %, 19 %, 15041 MiB, 143771 MiB
2026/08/13 19:43:09.035, NVIDIA H200, 25, 0 %, 0 %, 15041 MiB, 143771 MiB
2026/08/13 19:43:12.035, NVIDIA H200, 36, 98 %, 31 %, 15041 MiB, 143771 MiB
2026/08/13 19:43:15.035, NVIDIA H200, 37, 99 %, 23 %, 15041 MiB, 143771 MiB
2026/08/13 19:43:18.036, NVIDIA H200, 36, 78 %, 24 %, 15041 MiB, 143771 MiB
2026/08/13 19:43:21.036, NVIDIA H200, 38, 98 %, 31 %, 15041 MiB, 143771 MiB
2026/08/13 19:43:24.036, NVIDIA H200, 36, 91 %, 23 %, 15041 MiB, 143771 MiB
2026/08/13 19:43:27.036, NVIDIA H200, 34, 100 %, 23 %, 15041 MiB, 143771 MiB
2026/08/13 19:43:30.037, NVIDIA H200, 37, 100 %, 24 %, 15041 MiB, 143771 MiB
2026/08/13 19:43:33.037, NVIDIA H200, 37, 81 %, 25 %, 15041 MiB, 143771 MiB
2026/08/13 19:43:36.037, NVIDIA H200, 38, 98 %, 32 %, 15041 MiB, 143771 MiB
2026/08/13 19:43:39.038, NVIDIA H200, 36, 86 %, 19 %, 15041 MiB, 143771 MiB
2026/08/13 19:43:42.038, NVIDIA H200, 38, 99 %, 31 %, 15041 MiB, 143771 MiB
2026/08/13 19:43:45.038, NVIDIA H200, 37, 91 %, 25 %, 15041 MiB, 143771 MiB
2026/08/13 19:43:48.039, NVIDIA H200, 38, 99 %, 31 %, 15041 MiB, 143771 MiB
2026/08/13 19:43:51.039, NVIDIA H200, 36, 93 %, 23 %, 15041 MiB, 143771 MiB
2026/08/13 19:43:54.039, NVIDIA H200, 38, 100 %, 24 %, 15041 MiB, 143771 MiB
2026/08/13 19:43:57.040, NVIDIA H200, 36, 94 %, 28 %, 15041 MiB, 143771 MiB
2026/08/13 19:44:00.040, NVIDIA H200, 37, 98 %, 30 %, 15041 MiB, 143771 MiB
2026/08/13 19:44:03.040, NVIDIA H200, 37, 78 %, 16 %, 15041 MiB, 143771 MiB
2026/08/13 19:44:06.041, NVIDIA H200, 38, 98 %, 32 %, 15041 MiB, 143771 MiB
2026/08/13 19:44:09.041, NVIDIA H200, 37, 91 %, 25 %, 15041 MiB, 143771 MiB
2026/08/13 19:44:12.041, NVIDIA H200, 38, 99 %, 32 %, 15041 MiB, 143771 MiB
2026/08/13 19:44:15.042, NVIDIA H200, 36, 99 %, 25 %, 15041 MiB, 143771 MiB
2026/08/13 19:44:18.042, NVIDIA H200, 37, 98 %, 33 %, 15041 MiB, 143771 MiB
2026/08/13 19:44:21.042, NVIDIA H200, 36, 90 %, 23 %, 15041 MiB, 143771 MiB
2026/08/13 19:44:24.043, NVIDIA H200, 38, 99 %, 33 %, 15041 MiB, 143771 MiB
2026/08/13 19:44:27.043, NVIDIA H200, 36, 85 %, 19 %, 15041 MiB, 143771 MiB
2026/08/13 19:44:30.043, NVIDIA H200, 37, 98 %, 31 %, 15041 MiB, 143771 MiB
2026/08/13 19:44:33.044, NVIDIA H200, 36, 85 %, 21 %, 15041 MiB, 143771 MiB
2026/08/13 19:44:36.044, NVIDIA H200, 35, 100 %, 26 %, 15041 MiB, 143771 MiB
2026/08/13 19:44:39.044, NVIDIA H200, 36, 87 %, 22 %, 15041 MiB, 143771 MiB
2026/08/13 19:44:42.045, NVIDIA H200, 38, 98 %, 32 %, 15041 MiB, 143771 MiB
2026/08/13 19:44:45.045, NVIDIA H200, 36, 76 %, 16 %, 15041 MiB, 143771 MiB
2026/08/13 19:44:48.045, NVIDIA H200, 36, 99 %, 31 %, 15041 MiB, 143771 MiB
2026/08/13 19:44:51.046, NVIDIA H200, 37, 94 %, 22 %, 15041 MiB, 143771 MiB
2026/08/13 19:44:54.046, NVIDIA H200, 36, 98 %, 27 %, 15041 MiB, 143771 MiB
2026/08/13 19:44:57.046, NVIDIA H200, 37, 98 %, 33 %, 15041 MiB, 143771 MiB
2026/08/13 19:45:00.047, NVIDIA H200, 34, 100 %, 24 %, 15041 MiB, 143771 MiB
2026/08/13 19:45:03.047, NVIDIA H200, 36, 92 %, 23 %, 15041 MiB, 143771 MiB
2026/08/13 19:45:06.047, NVIDIA H200, 36, 99 %, 31 %, 15041 MiB, 143771 MiB
2026/08/13 19:45:09.048, NVIDIA H200, 37, 100 %, 24 %, 15041 MiB, 143771 MiB
2026/08/13 19:45:12.048, NVIDIA H200, 36, 87 %, 21 %, 15041 MiB, 143771 MiB
2026/08/13 19:45:15.048, NVIDIA H200, 37, 99 %, 34 %, 15041 MiB, 143771 MiB
2026/08/13 19:45:18.049, NVIDIA H200, 26, 0 %, 0 %, 15041 MiB, 143771 MiB
2026/08/13 19:45:21.049, NVIDIA H200, 32, 76 %, 26 %, 15041 MiB, 143771 MiB
2026/08/13 19:45:24.049, NVIDIA H200, 29, 0 %, 0 %, 15041 MiB, 143771 MiB
2026/08/13 19:45:27.049, NVIDIA H200, 35, 98 %, 25 %, 15041 MiB, 143771 MiB
2026/08/13 19:45:30.050, NVIDIA H200, 35, 99 %, 27 %, 15041 MiB, 143771 MiB
2026/08/13 19:45:33.050, NVIDIA H200, 35, 87 %, 28 %, 15041 MiB, 143771 MiB
2026/08/13 19:45:36.050, NVIDIA H200, 36, 100 %, 25 %, 15041 MiB, 143771 MiB
2026/08/13 19:45:39.051, NVIDIA H200, 38, 90 %, 25 %, 15041 MiB, 143771 MiB
2026/08/13 19:45:42.051, NVIDIA H200, 36, 99 %, 27 %, 15041 MiB, 143771 MiB
2026/08/13 19:45:45.051, NVIDIA H200, 37, 86 %, 19 %, 15041 MiB, 143771 MiB
2026/08/13 19:45:48.052, NVIDIA H200, 35, 98 %, 31 %, 15041 MiB, 143771 MiB
2026/08/13 19:45:51.052, NVIDIA H200, 37, 94 %, 23 %, 15041 MiB, 143771 MiB
2026/08/13 19:45:54.052, NVIDIA H200, 36, 98 %, 35 %, 15041 MiB, 143771 MiB
2026/08/13 19:45:57.052, NVIDIA H200, 37, 83 %, 20 %, 15041 MiB, 143771 MiB
2026/08/13 19:46:00.053, NVIDIA H200, 36, 99 %, 32 %, 15041 MiB, 143771 MiB
2026/08/13 19:46:03.053, NVIDIA H200, 36, 78 %, 18 %, 15041 MiB, 143771 MiB
2026/08/13 19:46:06.053, NVIDIA H200, 36, 98 %, 30 %, 15041 MiB, 143771 MiB
2026/08/13 19:46:09.054, NVIDIA H200, 36, 89 %, 28 %, 15041 MiB, 143771 MiB
2026/08/13 19:46:12.054, NVIDIA H200, 37, 99 %, 21 %, 15041 MiB, 143771 MiB
2026/08/13 19:46:15.054, NVIDIA H200, 37, 85 %, 28 %, 15041 MiB, 143771 MiB
2026/08/13 19:46:18.054, NVIDIA H200, 37, 99 %, 21 %, 15041 MiB, 143771 MiB
2026/08/13 19:46:21.054, NVIDIA H200, 35, 99 %, 32 %, 15041 MiB, 143771 MiB
2026/08/13 19:46:24.055, NVIDIA H200, 37, 78 %, 18 %, 15041 MiB, 143771 MiB
2026/08/13 19:46:27.055, NVIDIA H200, 36, 98 %, 31 %, 15041 MiB, 143771 MiB
2026/08/13 19:46:30.055, NVIDIA H200, 35, 99 %, 27 %, 15041 MiB, 143771 MiB
2026/08/13 19:46:33.056, NVIDIA H200, 35, 98 %, 27 %, 15041 MiB, 143771 MiB
2026/08/13 19:46:36.056, NVIDIA H200, 36, 85 %, 20 %, 15041 MiB, 143771 MiB
2026/08/13 19:46:39.056, NVIDIA H200, 36, 98 %, 31 %, 15041 MiB, 143771 MiB
2026/08/13 19:46:42.056, NVIDIA H200, 35, 82 %, 19 %, 15041 MiB, 143771 MiB
2026/08/13 19:46:45.057, NVIDIA H200, 36, 98 %, 33 %, 15041 MiB, 143771 MiB
2026/08/13 19:46:48.057, NVIDIA H200, 35, 83 %, 19 %, 15041 MiB, 143771 MiB
2026/08/13 19:46:51.057, NVIDIA H200, 34, 100 %, 24 %, 15041 MiB, 143771 MiB
2026/08/13 19:46:54.057, NVIDIA H200, 35, 97 %, 31 %, 15041 MiB, 143771 MiB
2026/08/13 19:46:57.058, NVIDIA H200, 36, 89 %, 21 %, 15041 MiB, 143771 MiB
2026/08/13 19:47:00.058, NVIDIA H200, 35, 98 %, 31 %, 15041 MiB, 143771 MiB
2026/08/13 19:47:03.058, NVIDIA H200, 36, 100 %, 24 %, 15041 MiB, 143771 MiB
2026/08/13 19:47:06.058, NVIDIA H200, 35, 89 %, 28 %, 15041 MiB, 143771 MiB
2026/08/13 19:47:09.059, NVIDIA H200, 37, 99 %, 22 %, 15041 MiB, 143771 MiB
2026/08/13 19:47:12.059, NVIDIA H200, 35, 82 %, 28 %, 15041 MiB, 143771 MiB
2026/08/13 19:47:15.059, NVIDIA H200, 35, 99 %, 24 %, 15041 MiB, 143771 MiB
2026/08/13 19:47:18.060, NVIDIA H200, 36, 99 %, 31 %, 15041 MiB, 143771 MiB
2026/08/13 19:47:21.060, NVIDIA H200, 38, 100 %, 24 %, 15041 MiB, 143771 MiB
2026/08/13 19:47:24.060, NVIDIA H200, 35, 87 %, 28 %, 15041 MiB, 143771 MiB
2026/08/13 19:47:27.060, NVIDIA H200, 38, 100 %, 25 %, 15041 MiB, 143771 MiB
2026/08/13 19:47:30.061, NVIDIA H200, 35, 99 %, 27 %, 15041 MiB, 143771 MiB
2026/08/13 19:47:33.061, NVIDIA H200, 27, 0 %, 0 %, 15041 MiB, 143771 MiB
2026/08/13 19:47:36.061, NVIDIA H200, 34, 55 %, 18 %, 15041 MiB, 143771 MiB
2026/08/13 19:47:39.062, NVIDIA H200, 29, 0 %, 0 %, 15041 MiB, 143771 MiB
2026/08/13 19:47:42.062, NVIDIA H200, 24, 0 %, 0 %, 15041 MiB, 143771 MiB
2026/08/13 19:47:45.062, NVIDIA H200, 26, 35 %, 9 %, 15041 MiB, 143771 MiB
2026/08/13 19:47:48.062, NVIDIA H200, 35, 84 %, 20 %, 15041 MiB, 143771 MiB
2026/08/13 19:47:51.063, NVIDIA H200, 37, 98 %, 32 %, 15041 MiB, 143771 MiB
2026/08/13 19:47:54.063, NVIDIA H200, 36, 83 %, 17 %, 15041 MiB, 143771 MiB
2026/08/13 19:47:57.063, NVIDIA H200, 35, 97 %, 29 %, 15041 MiB, 143771 MiB
2026/08/13 19:48:00.064, NVIDIA H200, 37, 100 %, 24 %, 15041 MiB, 143771 MiB
2026/08/13 19:48:03.064, NVIDIA H200, 35, 91 %, 23 %, 15041 MiB, 143771 MiB
2026/08/13 19:48:06.064, NVIDIA H200, 37, 98 %, 32 %, 15041 MiB, 143771 MiB
2026/08/13 19:48:09.065, NVIDIA H200, 36, 87 %, 21 %, 15041 MiB, 143771 MiB
2026/08/13 19:48:12.065, NVIDIA H200, 36, 98 %, 34 %, 15041 MiB, 143771 MiB
2026/08/13 19:48:15.065, NVIDIA H200, 36, 83 %, 17 %, 15041 MiB, 143771 MiB
2026/08/13 19:48:18.066, NVIDIA H200, 36, 94 %, 29 %, 15041 MiB, 143771 MiB
2026/08/13 19:48:21.066, NVIDIA H200, 35, 98 %, 28 %, 15041 MiB, 143771 MiB
2026/08/13 19:48:24.066, NVIDIA H200, 35, 89 %, 24 %, 15041 MiB, 143771 MiB
2026/08/13 19:48:27.067, NVIDIA H200, 35, 98 %, 32 %, 15041 MiB, 143771 MiB
2026/08/13 19:48:30.067, NVIDIA H200, 35, 97 %, 23 %, 15041 MiB, 143771 MiB
2026/08/13 19:48:33.067, NVIDIA H200, 36, 80 %, 19 %, 15041 MiB, 143771 MiB
2026/08/13 19:48:36.068, NVIDIA H200, 36, 98 %, 29 %, 15041 MiB, 143771 MiB
2026/08/13 19:48:39.068, NVIDIA H200, 37, 92 %, 19 %, 15041 MiB, 143771 MiB
2026/08/13 19:48:42.068, NVIDIA H200, 35, 99 %, 34 %, 15041 MiB, 143771 MiB
2026/08/13 19:48:45.069, NVIDIA H200, 37, 88 %, 20 %, 15041 MiB, 143771 MiB
2026/08/13 19:48:48.069, NVIDIA H200, 36, 99 %, 31 %, 15041 MiB, 143771 MiB
2026/08/13 19:48:51.069, NVIDIA H200, 35, 100 %, 26 %, 15041 MiB, 143771 MiB
2026/08/13 19:48:54.070, NVIDIA H200, 37, 83 %, 19 %, 15041 MiB, 143771 MiB
2026/08/13 19:48:57.070, NVIDIA H200, 36, 98 %, 31 %, 15041 MiB, 143771 MiB
2026/08/13 19:49:00.070, NVIDIA H200, 36, 93 %, 23 %, 15041 MiB, 143771 MiB
2026/08/13 19:49:03.071, NVIDIA H200, 35, 99 %, 34 %, 15041 MiB, 143771 MiB
2026/08/13 19:49:06.071, NVIDIA H200, 38, 99 %, 25 %, 15041 MiB, 143771 MiB
2026/08/13 19:49:09.071, NVIDIA H200, 36, 98 %, 32 %, 15041 MiB, 143771 MiB
2026/08/13 19:49:12.072, NVIDIA H200, 38, 85 %, 21 %, 15041 MiB, 143771 MiB
2026/08/13 19:49:15.072, NVIDIA H200, 37, 89 %, 28 %, 15041 MiB, 143771 MiB
2026/08/13 19:49:18.072, NVIDIA H200, 38, 87 %, 20 %, 15041 MiB, 143771 MiB
2026/08/13 19:49:21.073, NVIDIA H200, 36, 95 %, 33 %, 15041 MiB, 143771 MiB
2026/08/13 19:49:24.073, NVIDIA H200, 38, 97 %, 25 %, 15041 MiB, 143771 MiB
2026/08/13 19:49:27.074, NVIDIA H200, 36, 99 %, 34 %, 15041 MiB, 143771 MiB
2026/08/13 19:49:30.074, NVIDIA H200, 36, 99 %, 25 %, 15041 MiB, 143771 MiB
2026/08/13 19:49:33.074, NVIDIA H200, 37, 79 %, 27 %, 15041 MiB, 143771 MiB
2026/08/13 19:49:36.075, NVIDIA H200, 36, 99 %, 27 %, 15041 MiB, 143771 MiB
2026/08/13 19:49:39.075, NVIDIA H200, 37, 99 %, 25 %, 15041 MiB, 143771 MiB
2026/08/13 19:49:42.075, NVIDIA H200, 37, 98 %, 31 %, 15041 MiB, 143771 MiB
2026/08/13 19:49:45.076, NVIDIA H200, 36, 91 %, 22 %, 15041 MiB, 143771 MiB
2026/08/13 19:49:48.076, NVIDIA H200, 38, 98 %, 27 %, 15041 MiB, 143771 MiB
2026/08/13 19:49:51.076, NVIDIA H200, 37, 100 %, 24 %, 15041 MiB, 143771 MiB
2026/08/13 19:49:54.078, NVIDIA H200, 32, 59 %, 18 %, 15041 MiB, 143771 MiB
2026/08/13 19:49:57.078, NVIDIA H200, 35, 78 %, 26 %, 15041 MiB, 143771 MiB
2026/08/13 19:50:00.078, NVIDIA H200, 27, 0 %, 0 %, 15041 MiB, 143771 MiB
2026/08/13 19:50:03.079, NVIDIA H200, 37, 97 %, 29 %, 15041 MiB, 143771 MiB
2026/08/13 19:50:06.079, NVIDIA H200, 36, 99 %, 28 %, 15041 MiB, 143771 MiB
2026/08/13 19:50:09.079, NVIDIA H200, 38, 91 %, 22 %, 15041 MiB, 143771 MiB
2026/08/13 19:50:12.079, NVIDIA H200, 37, 84 %, 26 %, 15041 MiB, 143771 MiB
2026/08/13 19:50:15.080, NVIDIA H200, 36, 100 %, 23 %, 15041 MiB, 143771 MiB
2026/08/13 19:50:18.080, NVIDIA H200, 36, 100 %, 27 %, 15041 MiB, 143771 MiB
2026/08/13 19:50:21.080, NVIDIA H200, 38, 96 %, 22 %, 15041 MiB, 143771 MiB
2026/08/13 19:50:24.082, NVIDIA H200, 37, 98 %, 28 %, 15041 MiB, 143771 MiB
2026/08/13 19:50:27.082, NVIDIA H200, 36, 99 %, 32 %, 15041 MiB, 143771 MiB
2026/08/13 19:50:30.082, NVIDIA H200, 38, 99 %, 25 %, 15041 MiB, 143771 MiB
2026/08/13 19:50:33.082, NVIDIA H200, 37, 94 %, 30 %, 15041 MiB, 143771 MiB
2026/08/13 19:50:36.083, NVIDIA H200, 37, 100 %, 26 %, 15041 MiB, 143771 MiB
2026/08/13 19:50:39.083, NVIDIA H200, 35, 96 %, 26 %, 15041 MiB, 143771 MiB
2026/08/13 19:50:42.083, NVIDIA H200, 36, 100 %, 26 %, 15041 MiB, 143771 MiB
2026/08/13 19:50:45.083, NVIDIA H200, 38, 77 %, 18 %, 15041 MiB, 143771 MiB
2026/08/13 19:50:48.084, NVIDIA H200, 36, 98 %, 32 %, 15041 MiB, 143771 MiB
2026/08/13 19:50:51.084, NVIDIA H200, 38, 86 %, 19 %, 15041 MiB, 143771 MiB
2026/08/13 19:50:54.085, NVIDIA H200, 36, 98 %, 32 %, 15041 MiB, 143771 MiB
2026/08/13 19:50:57.086, NVIDIA H200, 38, 79 %, 18 %, 15041 MiB, 143771 MiB
2026/08/13 19:51:00.086, NVIDIA H200, 36, 98 %, 31 %, 15041 MiB, 143771 MiB
2026/08/13 19:51:03.086, NVIDIA H200, 37, 80 %, 16 %, 15041 MiB, 143771 MiB
2026/08/13 19:51:06.087, NVIDIA H200, 38, 87 %, 28 %, 15041 MiB, 143771 MiB
2026/08/13 19:51:09.087, NVIDIA H200, 36, 100 %, 23 %, 15041 MiB, 143771 MiB
2026/08/13 19:51:12.087, NVIDIA H200, 37, 94 %, 25 %, 15041 MiB, 143771 MiB
2026/08/13 19:51:15.088, NVIDIA H200, 36, 98 %, 31 %, 15041 MiB, 143771 MiB
2026/08/13 19:51:18.088, NVIDIA H200, 36, 91 %, 22 %, 15041 MiB, 143771 MiB
2026/08/13 19:51:21.088, NVIDIA H200, 38, 78 %, 20 %, 15041 MiB, 143771 MiB
2026/08/13 19:51:24.089, NVIDIA H200, 37, 99 %, 31 %, 15041 MiB, 143771 MiB
2026/08/13 19:51:27.089, NVIDIA H200, 38, 91 %, 22 %, 15041 MiB, 143771 MiB
2026/08/13 19:51:30.089, NVIDIA H200, 38, 91 %, 28 %, 15041 MiB, 143771 MiB
2026/08/13 19:51:33.090, NVIDIA H200, 36, 98 %, 24 %, 15041 MiB, 143771 MiB
2026/08/13 19:51:36.090, NVIDIA H200, 37, 91 %, 23 %, 15041 MiB, 143771 MiB
2026/08/13 19:51:39.090, NVIDIA H200, 37, 99 %, 31 %, 15041 MiB, 143771 MiB
2026/08/13 19:51:42.091, NVIDIA H200, 37, 88 %, 18 %, 15041 MiB, 143771 MiB
2026/08/13 19:51:45.091, NVIDIA H200, 38, 90 %, 20 %, 15041 MiB, 143771 MiB
2026/08/13 19:51:48.091, NVIDIA H200, 37, 85 %, 29 %, 15041 MiB, 143771 MiB
2026/08/13 19:51:51.092, NVIDIA H200, 36, 99 %, 27 %, 15041 MiB, 143771 MiB
2026/08/13 19:51:54.092, NVIDIA H200, 37, 93 %, 23 %, 15041 MiB, 143771 MiB
2026/08/13 19:51:57.092, NVIDIA H200, 37, 98 %, 34 %, 15041 MiB, 143771 MiB
2026/08/13 19:52:00.093, NVIDIA H200, 36, 76 %, 17 %, 15041 MiB, 143771 MiB
2026/08/13 19:52:03.093, NVIDIA H200, 37, 84 %, 28 %, 15041 MiB, 143771 MiB
2026/08/13 19:52:06.093, NVIDIA H200, 38, 99 %, 34 %, 15041 MiB, 143771 MiB
2026/08/13 19:52:09.093, NVIDIA H200, 28, 0 %, 0 %, 15041 MiB, 143771 MiB
2026/08/13 19:52:12.094, NVIDIA H200, 33, 79 %, 26 %, 15041 MiB, 143771 MiB
2026/08/13 19:52:15.094, NVIDIA H200, 35, 98 %, 29 %, 15041 MiB, 143771 MiB
2026/08/13 19:52:18.094, NVIDIA H200, 30, 84 %, 21 %, 15041 MiB, 143771 MiB
2026/08/13 19:52:21.095, NVIDIA H200, 36, 79 %, 19 %, 15041 MiB, 143771 MiB
2026/08/13 19:52:24.095, NVIDIA H200, 38, 99 %, 31 %, 15041 MiB, 143771 MiB
2026/08/13 19:52:27.095, NVIDIA H200, 36, 99 %, 24 %, 15041 MiB, 143771 MiB
2026/08/13 19:52:30.096, NVIDIA H200, 37, 97 %, 32 %, 15041 MiB, 143771 MiB
2026/08/13 19:52:33.096, NVIDIA H200, 37, 90 %, 22 %, 15041 MiB, 143771 MiB
2026/08/13 19:52:36.096, NVIDIA H200, 36, 93 %, 27 %, 15041 MiB, 143771 MiB
2026/08/13 19:52:39.097, NVIDIA H200, 38, 100 %, 25 %, 15041 MiB, 143771 MiB
2026/08/13 19:52:42.097, NVIDIA H200, 37, 98 %, 27 %, 15041 MiB, 143771 MiB
2026/08/13 19:52:45.097, NVIDIA H200, 37, 98 %, 30 %, 15041 MiB, 143771 MiB
2026/08/13 19:52:48.098, NVIDIA H200, 37, 85 %, 19 %, 15041 MiB, 143771 MiB
2026/08/13 19:52:51.098, NVIDIA H200, 37, 80 %, 24 %, 15041 MiB, 143771 MiB
2026/08/13 19:52:54.098, NVIDIA H200, 36, 99 %, 27 %, 15041 MiB, 143771 MiB
2026/08/13 19:52:57.099, NVIDIA H200, 37, 99 %, 25 %, 15041 MiB, 143771 MiB
2026/08/13 19:53:00.099, NVIDIA H200, 37, 99 %, 28 %, 15041 MiB, 143771 MiB
2026/08/13 19:53:03.099, NVIDIA H200, 37, 98 %, 26 %, 15041 MiB, 143771 MiB
2026/08/13 19:53:06.099, NVIDIA H200, 39, 100 %, 24 %, 15041 MiB, 143771 MiB
2026/08/13 19:53:09.100, NVIDIA H200, 37, 90 %, 28 %, 15041 MiB, 143771 MiB
2026/08/13 19:53:12.100, NVIDIA H200, 36, 100 %, 23 %, 15041 MiB, 143771 MiB
2026/08/13 19:53:15.100, NVIDIA H200, 37, 86 %, 25 %, 15041 MiB, 143771 MiB
2026/08/13 19:53:18.101, NVIDIA H200, 37, 88 %, 19 %, 15041 MiB, 143771 MiB
2026/08/13 19:53:21.101, NVIDIA H200, 38, 98 %, 34 %, 15041 MiB, 143771 MiB
2026/08/13 19:53:24.101, NVIDIA H200, 36, 98 %, 25 %, 15041 MiB, 143771 MiB
2026/08/13 19:53:27.102, NVIDIA H200, 39, 99 %, 31 %, 15041 MiB, 143771 MiB
2026/08/13 19:53:30.102, NVIDIA H200, 37, 97 %, 29 %, 15041 MiB, 143771 MiB
2026/08/13 19:53:33.102, NVIDIA H200, 37, 99 %, 22 %, 15041 MiB, 143771 MiB
2026/08/13 19:53:36.102, NVIDIA H200, 38, 99 %, 33 %, 15041 MiB, 143771 MiB
2026/08/13 19:53:39.103, NVIDIA H200, 36, 95 %, 23 %, 15041 MiB, 143771 MiB
2026/08/13 19:53:42.103, NVIDIA H200, 38, 99 %, 33 %, 15041 MiB, 143771 MiB
2026/08/13 19:53:45.103, NVIDIA H200, 37, 92 %, 19 %, 15041 MiB, 143771 MiB
2026/08/13 19:53:48.104, NVIDIA H200, 36, 96 %, 29 %, 15041 MiB, 143771 MiB
2026/08/13 19:53:51.104, NVIDIA H200, 36, 82 %, 20 %, 15041 MiB, 143771 MiB
2026/08/13 19:53:54.104, NVIDIA H200, 38, 100 %, 23 %, 15041 MiB, 143771 MiB
2026/08/13 19:53:57.105, NVIDIA H200, 37, 87 %, 29 %, 15041 MiB, 143771 MiB
2026/08/13 19:54:00.105, NVIDIA H200, 37, 98 %, 29 %, 15041 MiB, 143771 MiB
2026/08/13 19:54:03.105, NVIDIA H200, 37, 90 %, 26 %, 15041 MiB, 143771 MiB
2026/08/13 19:54:06.105, NVIDIA H200, 36, 99 %, 28 %, 15041 MiB, 143771 MiB
2026/08/13 19:54:09.106, NVIDIA H200, 37, 98 %, 26 %, 15041 MiB, 143771 MiB
2026/08/13 19:54:12.106, NVIDIA H200, 37, 86 %, 17 %, 15041 MiB, 143771 MiB
2026/08/13 19:54:15.106, NVIDIA H200, 37, 98 %, 31 %, 15041 MiB, 143771 MiB
2026/08/13 19:54:18.107, NVIDIA H200, 37, 81 %, 17 %, 15041 MiB, 143771 MiB
2026/08/13 19:54:21.107, NVIDIA H200, 36, 100 %, 23 %, 15041 MiB, 143771 MiB
2026/08/13 19:54:24.107, NVIDIA H200, 39, 99 %, 32 %, 15041 MiB, 143771 MiB
2026/08/13 19:54:27.107, NVIDIA H200, 33, 79 %, 24 %, 15041 MiB, 143771 MiB
2026/08/13 19:54:30.108, NVIDIA H200, 34, 73 %, 23 %, 15041 MiB, 143771 MiB
2026/08/13 19:54:33.108, NVIDIA H200, 35, 81 %, 25 %, 15041 MiB, 143771 MiB
2026/08/13 19:54:36.108, NVIDIA H200, 36, 98 %, 31 %, 15041 MiB, 143771 MiB
2026/08/13 19:54:39.109, NVIDIA H200, 38, 99 %, 20 %, 15041 MiB, 143771 MiB
2026/08/13 19:54:42.109, NVIDIA H200, 37, 78 %, 24 %, 15041 MiB, 143771 MiB
2026/08/13 19:54:45.109, NVIDIA H200, 37, 98 %, 29 %, 15041 MiB, 143771 MiB
2026/08/13 19:54:48.110, NVIDIA H200, 36, 82 %, 20 %, 15041 MiB, 143771 MiB
2026/08/13 19:54:51.110, NVIDIA H200, 37, 91 %, 19 %, 15041 MiB, 143771 MiB
2026/08/13 19:54:54.110, NVIDIA H200, 37, 99 %, 29 %, 15041 MiB, 143771 MiB
2026/08/13 19:54:57.110, NVIDIA H200, 39, 98 %, 31 %, 15041 MiB, 143771 MiB
2026/08/13 19:55:00.111, NVIDIA H200, 37, 95 %, 26 %, 15041 MiB, 143771 MiB
2026/08/13 19:55:03.111, NVIDIA H200, 36, 99 %, 25 %, 15041 MiB, 143771 MiB
2026/08/13 19:55:06.111, NVIDIA H200, 39, 99 %, 31 %, 15041 MiB, 143771 MiB
2026/08/13 19:55:09.112, NVIDIA H200, 37, 84 %, 23 %, 15041 MiB, 143771 MiB
2026/08/13 19:55:12.112, NVIDIA H200, 39, 98 %, 31 %, 15041 MiB, 143771 MiB
2026/08/13 19:55:15.112, NVIDIA H200, 37, 90 %, 22 %, 15041 MiB, 143771 MiB
2026/08/13 19:55:18.113, NVIDIA H200, 35, 100 %, 24 %, 15041 MiB, 143771 MiB
2026/08/13 19:55:21.113, NVIDIA H200, 36, 90 %, 28 %, 15041 MiB, 143771 MiB
2026/08/13 19:55:24.113, NVIDIA H200, 38, 100 %, 24 %, 15041 MiB, 143771 MiB
2026/08/13 19:55:27.114, NVIDIA H200, 37, 97 %, 30 %, 15041 MiB, 143771 MiB
2026/08/13 19:55:30.114, NVIDIA H200, 38, 99 %, 22 %, 15041 MiB, 143771 MiB
2026/08/13 19:55:33.114, NVIDIA H200, 36, 85 %, 27 %, 15041 MiB, 143771 MiB
2026/08/13 19:55:36.115, NVIDIA H200, 37, 82 %, 19 %, 15041 MiB, 143771 MiB
2026/08/13 19:55:39.115, NVIDIA H200, 37, 83 %, 26 %, 15041 MiB, 143771 MiB
2026/08/13 19:55:42.115, NVIDIA H200, 38, 99 %, 25 %, 15041 MiB, 143771 MiB
2026/08/13 19:55:45.115, NVIDIA H200, 37, 75 %, 24 %, 15041 MiB, 143771 MiB
2026/08/13 19:55:48.116, NVIDIA H200, 38, 99 %, 30 %, 15041 MiB, 143771 MiB
2026/08/13 19:55:51.116, NVIDIA H200, 37, 99 %, 24 %, 15041 MiB, 143771 MiB
2026/08/13 19:55:54.116, NVIDIA H200, 38, 98 %, 34 %, 15041 MiB, 143771 MiB
2026/08/13 19:55:57.117, NVIDIA H200, 37, 98 %, 26 %, 15041 MiB, 143771 MiB
2026/08/13 19:56:00.117, NVIDIA H200, 39, 100 %, 24 %, 15041 MiB, 143771 MiB
2026/08/13 19:56:03.117, NVIDIA H200, 37, 98 %, 26 %, 15041 MiB, 143771 MiB
2026/08/13 19:56:06.118, NVIDIA H200, 38, 90 %, 22 %, 15041 MiB, 143771 MiB
2026/08/13 19:56:09.118, NVIDIA H200, 37, 83 %, 25 %, 15041 MiB, 143771 MiB
2026/08/13 19:56:12.118, NVIDIA H200, 38, 97 %, 24 %, 15041 MiB, 143771 MiB
2026/08/13 19:56:15.119, NVIDIA H200, 37, 87 %, 25 %, 15041 MiB, 143771 MiB
2026/08/13 19:56:18.119, NVIDIA H200, 38, 100 %, 27 %, 15041 MiB, 143771 MiB
2026/08/13 19:56:21.119, NVIDIA H200, 37, 95 %, 29 %, 15041 MiB, 143771 MiB
2026/08/13 19:56:24.119, NVIDIA H200, 38, 99 %, 27 %, 15041 MiB, 143771 MiB
2026/08/13 19:56:27.120, NVIDIA H200, 37, 98 %, 26 %, 15041 MiB, 143771 MiB
2026/08/13 19:56:30.120, NVIDIA H200, 38, 95 %, 22 %, 15041 MiB, 143771 MiB
2026/08/13 19:56:33.120, NVIDIA H200, 37, 98 %, 31 %, 15041 MiB, 143771 MiB
2026/08/13 19:56:36.121, NVIDIA H200, 37, 98 %, 23 %, 15041 MiB, 143771 MiB
2026/08/13 19:56:39.121, NVIDIA H200, 37, 100 %, 24 %, 15041 MiB, 143771 MiB
2026/08/13 19:56:42.121, NVIDIA H200, 33, 73 %, 24 %, 15041 MiB, 143771 MiB
2026/08/13 19:56:45.122, NVIDIA H200, 33, 77 %, 27 %, 15041 MiB, 143771 MiB
2026/08/13 19:56:48.122, NVIDIA H200, 26, 0 %, 0 %, 15041 MiB, 143771 MiB
2026/08/13 19:56:51.122, NVIDIA H200, 35, 87 %, 22 %, 15041 MiB, 143771 MiB
2026/08/13 19:56:54.123, NVIDIA H200, 38, 98 %, 32 %, 15041 MiB, 143771 MiB
2026/08/13 19:56:57.123, NVIDIA H200, 37, 98 %, 31 %, 15041 MiB, 143771 MiB
2026/08/13 19:57:00.123, NVIDIA H200, 39, 80 %, 19 %, 15041 MiB, 143771 MiB
2026/08/13 19:57:03.124, NVIDIA H200, 37, 75 %, 17 %, 15041 MiB, 143771 MiB
2026/08/13 19:57:06.124, NVIDIA H200, 38, 86 %, 28 %, 15041 MiB, 143771 MiB
2026/08/13 19:57:09.124, NVIDIA H200, 37, 100 %, 23 %, 15041 MiB, 143771 MiB
2026/08/13 19:57:12.125, NVIDIA H200, 39, 98 %, 31 %, 15041 MiB, 143771 MiB
2026/08/13 19:57:15.125, NVIDIA H200, 37, 99 %, 22 %, 15041 MiB, 143771 MiB
2026/08/13 19:57:18.125, NVIDIA H200, 38, 95 %, 29 %, 15041 MiB, 143771 MiB
2026/08/13 19:57:21.126, NVIDIA H200, 37, 99 %, 31 %, 15041 MiB, 143771 MiB
2026/08/13 19:57:24.126, NVIDIA H200, 38, 75 %, 15 %, 15041 MiB, 143771 MiB
2026/08/13 19:57:27.126, NVIDIA H200, 38, 98 %, 31 %, 15041 MiB, 143771 MiB
2026/08/13 19:57:30.127, NVIDIA H200, 37, 100 %, 23 %, 15041 MiB, 143771 MiB
2026/08/13 19:57:33.127, NVIDIA H200, 38, 97 %, 30 %, 15041 MiB, 143771 MiB
2026/08/13 19:57:36.127, NVIDIA H200, 36, 98 %, 30 %, 15041 MiB, 143771 MiB
2026/08/13 19:57:39.128, NVIDIA H200, 37, 93 %, 22 %, 15041 MiB, 143771 MiB
2026/08/13 19:57:42.128, NVIDIA H200, 37, 99 %, 33 %, 15041 MiB, 143771 MiB
2026/08/13 19:57:45.128, NVIDIA H200, 37, 96 %, 23 %, 15041 MiB, 143771 MiB
2026/08/13 19:57:48.129, NVIDIA H200, 37, 93 %, 32 %, 15041 MiB, 143771 MiB
2026/08/13 19:57:51.129, NVIDIA H200, 37, 95 %, 20 %, 15041 MiB, 143771 MiB
2026/08/13 19:57:54.129, NVIDIA H200, 36, 98 %, 32 %, 15041 MiB, 143771 MiB
2026/08/13 19:57:57.130, NVIDIA H200, 37, 96 %, 21 %, 15041 MiB, 143771 MiB
2026/08/13 19:58:00.130, NVIDIA H200, 37, 98 %, 34 %, 15041 MiB, 143771 MiB
2026/08/13 19:58:03.130, NVIDIA H200, 36, 95 %, 20 %, 15041 MiB, 143771 MiB
2026/08/13 19:58:06.131, NVIDIA H200, 35, 79 %, 25 %, 15041 MiB, 143771 MiB
2026/08/13 19:58:09.131, NVIDIA H200, 37, 100 %, 24 %, 15041 MiB, 143771 MiB
2026/08/13 19:58:12.131, NVIDIA H200, 37, 85 %, 25 %, 15041 MiB, 143771 MiB
2026/08/13 19:58:15.132, NVIDIA H200, 37, 99 %, 32 %, 15041 MiB, 143771 MiB
2026/08/13 19:58:18.132, NVIDIA H200, 37, 94 %, 22 %, 15041 MiB, 143771 MiB
2026/08/13 19:58:21.132, NVIDIA H200, 37, 98 %, 33 %, 15041 MiB, 143771 MiB
2026/08/13 19:58:24.133, NVIDIA H200, 36, 97 %, 20 %, 15041 MiB, 143771 MiB
2026/08/13 19:58:27.133, NVIDIA H200, 35, 78 %, 25 %, 15041 MiB, 143771 MiB
2026/08/13 19:58:30.133, NVIDIA H200, 37, 100 %, 24 %, 15041 MiB, 143771 MiB
2026/08/13 19:58:33.134, NVIDIA H200, 37, 82 %, 23 %, 15041 MiB, 143771 MiB
2026/08/13 19:58:36.134, NVIDIA H200, 36, 99 %, 31 %, 15041 MiB, 143771 MiB
2026/08/13 19:58:39.134, NVIDIA H200, 37, 81 %, 16 %, 15041 MiB, 143771 MiB
2026/08/13 19:58:42.135, NVIDIA H200, 36, 98 %, 31 %, 15041 MiB, 143771 MiB
2026/08/13 19:58:45.135, NVIDIA H200, 37, 79 %, 16 %, 15041 MiB, 143771 MiB
2026/08/13 19:58:48.135, NVIDIA H200, 37, 98 %, 31 %, 15041 MiB, 143771 MiB
2026/08/13 19:58:51.136, NVIDIA H200, 38, 100 %, 25 %, 15041 MiB, 143771 MiB
2026/08/13 19:58:54.136, NVIDIA H200, 37, 96 %, 26 %, 15041 MiB, 143771 MiB
2026/08/13 19:58:57.136, NVIDIA H200, 28, 0 %, 0 %, 15041 MiB, 143771 MiB
2026/08/13 19:59:00.137, NVIDIA H200, 33, 80 %, 27 %, 15041 MiB, 143771 MiB
2026/08/13 19:59:03.137, NVIDIA H200, 29, 0 %, 0 %, 15041 MiB, 143771 MiB
2026/08/13 19:59:06.137, NVIDIA H200, 26, 0 %, 0 %, 15041 MiB, 143771 MiB
2026/08/13 19:59:09.138, NVIDIA H200, 27, 0 %, 0 %, 15041 MiB, 143771 MiB
2026/08/13 19:59:12.138, NVIDIA H200, 36, 81 %, 26 %, 15041 MiB, 143771 MiB
2026/08/13 19:59:15.138, NVIDIA H200, 38, 98 %, 31 %, 15041 MiB, 143771 MiB
2026/08/13 19:59:18.138, NVIDIA H200, 37, 99 %, 25 %, 15041 MiB, 143771 MiB
2026/08/13 19:59:21.139, NVIDIA H200, 38, 99 %, 32 %, 15041 MiB, 143771 MiB
2026/08/13 19:59:24.139, NVIDIA H200, 37, 78 %, 16 %, 15041 MiB, 143771 MiB
2026/08/13 19:59:27.139, NVIDIA H200, 37, 98 %, 31 %, 15041 MiB, 143771 MiB
2026/08/13 19:59:30.140, NVIDIA H200, 37, 90 %, 22 %, 15041 MiB, 143771 MiB
2026/08/13 19:59:33.140, NVIDIA H200, 36, 95 %, 30 %, 15041 MiB, 143771 MiB
2026/08/13 19:59:36.140, NVIDIA H200, 38, 99 %, 32 %, 15041 MiB, 143771 MiB
2026/08/13 19:59:39.141, NVIDIA H200, 37, 78 %, 17 %, 15041 MiB, 143771 MiB
2026/08/13 19:59:42.141, NVIDIA H200, 38, 98 %, 33 %, 15041 MiB, 143771 MiB
2026/08/13 19:59:45.141, NVIDIA H200, 37, 100 %, 23 %, 15041 MiB, 143771 MiB
2026/08/13 19:59:48.142, NVIDIA H200, 37, 85 %, 25 %, 15041 MiB, 143771 MiB
2026/08/13 19:59:51.142, NVIDIA H200, 36, 99 %, 28 %, 15041 MiB, 143771 MiB
2026/08/13 19:59:54.142, NVIDIA H200, 38, 99 %, 32 %, 15041 MiB, 143771 MiB
2026/08/13 19:59:57.142, NVIDIA H200, 38, 92 %, 22 %, 15041 MiB, 143771 MiB
2026/08/13 20:00:00.143, NVIDIA H200, 37, 75 %, 24 %, 15041 MiB, 143771 MiB
2026/08/13 20:00:03.143, NVIDIA H200, 38, 98 %, 24 %, 15041 MiB, 143771 MiB
2026/08/13 20:00:06.143, NVIDIA H200, 37, 88 %, 24 %, 15041 MiB, 143771 MiB
2026/08/13 20:00:09.144, NVIDIA H200, 37, 100 %, 23 %, 15041 MiB, 143771 MiB
2026/08/13 20:00:12.144, NVIDIA H200, 37, 89 %, 24 %, 15041 MiB, 143771 MiB
2026/08/13 20:00:15.144, NVIDIA H200, 38, 98 %, 33 %, 15041 MiB, 143771 MiB
2026/08/13 20:00:18.145, NVIDIA H200, 37, 99 %, 25 %, 15041 MiB, 143771 MiB
2026/08/13 20:00:21.145, NVIDIA H200, 37, 99 %, 34 %, 15041 MiB, 143771 MiB
2026/08/13 20:00:24.145, NVIDIA H200, 37, 88 %, 20 %, 15041 MiB, 143771 MiB
2026/08/13 20:00:27.145, NVIDIA H200, 36, 78 %, 27 %, 15041 MiB, 143771 MiB
2026/08/13 20:00:30.146, NVIDIA H200, 37, 93 %, 22 %, 15041 MiB, 143771 MiB
2026/08/13 20:00:33.146, NVIDIA H200, 36, 90 %, 26 %, 15041 MiB, 143771 MiB
2026/08/13 20:00:36.146, NVIDIA H200, 38, 99 %, 31 %, 15041 MiB, 143771 MiB
2026/08/13 20:00:39.147, NVIDIA H200, 37, 92 %, 22 %, 15041 MiB, 143771 MiB
2026/08/13 20:00:42.147, NVIDIA H200, 36, 86 %, 28 %, 15041 MiB, 143771 MiB
2026/08/13 20:00:45.147, NVIDIA H200, 36, 99 %, 29 %, 15041 MiB, 143771 MiB
2026/08/13 20:00:48.148, NVIDIA H200, 37, 93 %, 23 %, 15041 MiB, 143771 MiB
2026/08/13 20:00:51.148, NVIDIA H200, 36, 98 %, 30 %, 15041 MiB, 143771 MiB
2026/08/13 20:00:54.148, NVIDIA H200, 38, 99 %, 22 %, 15041 MiB, 143771 MiB
2026/08/13 20:00:57.149, NVIDIA H200, 36, 82 %, 25 %, 15041 MiB, 143771 MiB
2026/08/13 20:01:00.149, NVIDIA H200, 37, 98 %, 30 %, 15041 MiB, 143771 MiB
2026/08/13 20:01:03.149, NVIDIA H200, 36, 85 %, 18 %, 15041 MiB, 143771 MiB
2026/08/13 20:01:06.149, NVIDIA H200, 36, 97 %, 30 %, 15041 MiB, 143771 MiB
2026/08/13 20:01:09.150, NVIDIA H200, 35, 100 %, 24 %, 15041 MiB, 143771 MiB
2026/08/13 20:01:12.150, NVIDIA H200, 36, 80 %, 19 %, 15041 MiB, 143771 MiB
2026/08/13 20:01:15.150, NVIDIA H200, 39, 100 %, 24 %, 15041 MiB, 143771 MiB
2026/08/13 20:01:18.151, NVIDIA H200, 34, 72 %, 19 %, 15041 MiB, 143771 MiB
2026/08/13 20:01:21.151, NVIDIA H200, 35, 62 %, 20 %, 15041 MiB, 143771 MiB
2026/08/13 20:01:24.151, NVIDIA H200, 28, 0 %, 0 %, 15041 MiB, 143771 MiB
2026/08/13 20:01:27.152, NVIDIA H200, 36, 100 %, 23 %, 15041 MiB, 143771 MiB
2026/08/13 20:01:30.152, NVIDIA H200, 37, 97 %, 30 %, 15041 MiB, 143771 MiB
2026/08/13 20:01:33.152, NVIDIA H200, 36, 90 %, 22 %, 15041 MiB, 143771 MiB
2026/08/13 20:01:36.153, NVIDIA H200, 35, 92 %, 27 %, 15041 MiB, 143771 MiB
2026/08/13 20:01:39.153, NVIDIA H200, 38, 89 %, 21 %, 15041 MiB, 143771 MiB
2026/08/13 20:01:42.153, NVIDIA H200, 37, 98 %, 33 %, 15041 MiB, 143771 MiB
2026/08/13 20:01:45.153, NVIDIA H200, 38, 99 %, 25 %, 15041 MiB, 143771 MiB
2026/08/13 20:01:48.154, NVIDIA H200, 37, 96 %, 29 %, 15041 MiB, 143771 MiB
2026/08/13 20:01:51.154, NVIDIA H200, 36, 95 %, 23 %, 15041 MiB, 143771 MiB
2026/08/13 20:01:54.154, NVIDIA H200, 35, 79 %, 21 %, 15041 MiB, 143771 MiB
2026/08/13 20:01:57.155, NVIDIA H200, 36, 98 %, 32 %, 15041 MiB, 143771 MiB
2026/08/13 20:02:00.155, NVIDIA H200, 38, 99 %, 22 %, 15041 MiB, 143771 MiB
2026/08/13 20:02:03.155, NVIDIA H200, 37, 100 %, 26 %, 15041 MiB, 143771 MiB
2026/08/13 20:02:06.156, NVIDIA H200, 38, 99 %, 25 %, 15041 MiB, 143771 MiB
2026/08/13 20:02:09.156, NVIDIA H200, 36, 100 %, 25 %, 15041 MiB, 143771 MiB
2026/08/13 20:02:12.156, NVIDIA H200, 37, 94 %, 29 %, 15041 MiB, 143771 MiB
2026/08/13 20:02:15.157, NVIDIA H200, 36, 100 %, 23 %, 15041 MiB, 143771 MiB
2026/08/13 20:02:18.157, NVIDIA H200, 38, 100 %, 23 %, 15041 MiB, 143771 MiB
2026/08/13 20:02:21.157, NVIDIA H200, 36, 93 %, 29 %, 15041 MiB, 143771 MiB
2026/08/13 20:02:24.157, NVIDIA H200, 36, 90 %, 22 %, 15041 MiB, 143771 MiB
2026/08/13 20:02:27.158, NVIDIA H200, 38, 98 %, 32 %, 15041 MiB, 143771 MiB
2026/08/13 20:02:30.158, NVIDIA H200, 36, 78 %, 18 %, 15041 MiB, 143771 MiB
2026/08/13 20:02:33.158, NVIDIA H200, 36, 94 %, 28 %, 15041 MiB, 143771 MiB
2026/08/13 20:02:36.159, NVIDIA H200, 37, 98 %, 27 %, 15041 MiB, 143771 MiB
2026/08/13 20:02:39.159, NVIDIA H200, 38, 99 %, 20 %, 15041 MiB, 143771 MiB
2026/08/13 20:02:42.159, NVIDIA H200, 37, 96 %, 26 %, 15041 MiB, 143771 MiB
2026/08/13 20:02:45.159, NVIDIA H200, 37, 98 %, 30 %, 15041 MiB, 143771 MiB
2026/08/13 20:02:48.160, NVIDIA H200, 37, 98 %, 23 %, 15041 MiB, 143771 MiB
2026/08/13 20:02:51.160, NVIDIA H200, 36, 100 %, 23 %, 15041 MiB, 143771 MiB
2026/08/13 20:02:54.160, NVIDIA H200, 36, 79 %, 18 %, 15041 MiB, 143771 MiB
2026/08/13 20:02:57.161, NVIDIA H200, 38, 99 %, 33 %, 15041 MiB, 143771 MiB
2026/08/13 20:03:00.161, NVIDIA H200, 38, 99 %, 27 %, 15041 MiB, 143771 MiB
2026/08/13 20:03:03.161, NVIDIA H200, 37, 95 %, 30 %, 15041 MiB, 143771 MiB
2026/08/13 20:03:06.162, NVIDIA H200, 38, 100 %, 24 %, 15041 MiB, 143771 MiB
2026/08/13 20:03:09.162, NVIDIA H200, 38, 98 %, 31 %, 15041 MiB, 143771 MiB
2026/08/13 20:03:12.162, NVIDIA H200, 37, 97 %, 29 %, 15041 MiB, 143771 MiB
2026/08/13 20:03:15.163, NVIDIA H200, 37, 88 %, 21 %, 15041 MiB, 143771 MiB
2026/08/13 20:03:18.163, NVIDIA H200, 37, 99 %, 32 %, 15041 MiB, 143771 MiB
2026/08/13 20:03:21.163, NVIDIA H200, 38, 99 %, 20 %, 15041 MiB, 143771 MiB
2026/08/13 20:03:24.164, NVIDIA H200, 38, 99 %, 33 %, 15041 MiB, 143771 MiB
2026/08/13 20:03:27.164, NVIDIA H200, 37, 99 %, 25 %, 15041 MiB, 143771 MiB
2026/08/13 20:03:30.164, NVIDIA H200, 38, 99 %, 21 %, 15041 MiB, 143771 MiB
2026/08/13 20:03:33.165, NVIDIA H200, 35, 61 %, 19 %, 15041 MiB, 143771 MiB
2026/08/13 20:03:36.165, NVIDIA H200, 35, 64 %, 18 %, 15041 MiB, 143771 MiB
2026/08/13 20:03:39.165, NVIDIA H200, 26, 0 %, 0 %, 15041 MiB, 143771 MiB
2026/08/13 20:03:42.165, NVIDIA H200, 35, 99 %, 27 %, 15041 MiB, 143771 MiB
2026/08/13 20:03:45.166, NVIDIA H200, 36, 79 %, 16 %, 15041 MiB, 143771 MiB
2026/08/13 20:03:48.166, NVIDIA H200, 36, 99 %, 25 %, 15041 MiB, 143771 MiB
2026/08/13 20:03:51.166, NVIDIA H200, 38, 99 %, 22 %, 15041 MiB, 143771 MiB
2026/08/13 20:03:54.167, NVIDIA H200, 38, 90 %, 25 %, 15041 MiB, 143771 MiB
2026/08/13 20:03:57.167, NVIDIA H200, 36, 99 %, 28 %, 15041 MiB, 143771 MiB
2026/08/13 20:04:00.167, NVIDIA H200, 38, 84 %, 26 %, 15041 MiB, 143771 MiB
2026/08/13 20:04:03.168, NVIDIA H200, 37, 100 %, 24 %, 15041 MiB, 143771 MiB
2026/08/13 20:04:06.168, NVIDIA H200, 35, 74 %, 20 %, 15041 MiB, 143771 MiB
2026/08/13 20:04:09.168, NVIDIA H200, 36, 98 %, 34 %, 15041 MiB, 143771 MiB
2026/08/13 20:04:12.169, NVIDIA H200, 38, 93 %, 19 %, 15041 MiB, 143771 MiB
2026/08/13 20:04:15.169, NVIDIA H200, 37, 95 %, 29 %, 15041 MiB, 143771 MiB
2026/08/13 20:04:18.169, NVIDIA H200, 38, 96 %, 23 %, 15041 MiB, 143771 MiB
2026/08/13 20:04:21.170, NVIDIA H200, 36, 98 %, 33 %, 15041 MiB, 143771 MiB
2026/08/13 20:04:24.170, NVIDIA H200, 38, 91 %, 19 %, 15041 MiB, 143771 MiB
2026/08/13 20:04:27.170, NVIDIA H200, 36, 99 %, 27 %, 15041 MiB, 143771 MiB
2026/08/13 20:04:30.171, NVIDIA H200, 38, 77 %, 17 %, 15041 MiB, 143771 MiB
2026/08/13 20:04:33.171, NVIDIA H200, 37, 98 %, 29 %, 15041 MiB, 143771 MiB
2026/08/13 20:04:36.171, NVIDIA H200, 38, 99 %, 25 %, 15041 MiB, 143771 MiB
2026/08/13 20:04:39.172, NVIDIA H200, 37, 98 %, 31 %, 15041 MiB, 143771 MiB
2026/08/13 20:04:42.172, NVIDIA H200, 37, 99 %, 22 %, 15041 MiB, 143771 MiB
2026/08/13 20:04:45.172, NVIDIA H200, 38, 96 %, 27 %, 15041 MiB, 143771 MiB
2026/08/13 20:04:48.173, NVIDIA H200, 37, 81 %, 19 %, 15041 MiB, 143771 MiB
2026/08/13 20:04:51.173, NVIDIA H200, 38, 79 %, 26 %, 15041 MiB, 143771 MiB
2026/08/13 20:04:54.173, NVIDIA H200, 36, 91 %, 21 %, 15041 MiB, 143771 MiB
2026/08/13 20:04:57.173, NVIDIA H200, 37, 84 %, 28 %, 15041 MiB, 143771 MiB
2026/08/13 20:05:00.174, NVIDIA H200, 37, 100 %, 24 %, 15041 MiB, 143771 MiB
2026/08/13 20:05:03.174, NVIDIA H200, 36, 83 %, 20 %, 15041 MiB, 143771 MiB
2026/08/13 20:05:06.174, NVIDIA H200, 36, 98 %, 33 %, 15041 MiB, 143771 MiB
2026/08/13 20:05:09.175, NVIDIA H200, 38, 81 %, 19 %, 15041 MiB, 143771 MiB
2026/08/13 20:05:12.175, NVIDIA H200, 37, 99 %, 31 %, 15041 MiB, 143771 MiB
2026/08/13 20:05:15.175, NVIDIA H200, 39, 96 %, 23 %, 15041 MiB, 143771 MiB
2026/08/13 20:05:18.176, NVIDIA H200, 36, 98 %, 33 %, 15041 MiB, 143771 MiB
2026/08/13 20:05:21.176, NVIDIA H200, 37, 79 %, 17 %, 15041 MiB, 143771 MiB
2026/08/13 20:05:24.176, NVIDIA H200, 37, 98 %, 30 %, 15041 MiB, 143771 MiB
2026/08/13 20:05:27.177, NVIDIA H200, 38, 90 %, 18 %, 15041 MiB, 143771 MiB
2026/08/13 20:05:30.177, NVIDIA H200, 37, 86 %, 28 %, 15041 MiB, 143771 MiB
2026/08/13 20:05:33.177, NVIDIA H200, 37, 98 %, 31 %, 15041 MiB, 143771 MiB
2026/08/13 20:05:36.178, NVIDIA H200, 37, 98 %, 22 %, 15041 MiB, 143771 MiB
2026/08/13 20:05:39.178, NVIDIA H200, 37, 77 %, 20 %, 15041 MiB, 143771 MiB
2026/08/13 20:05:42.178, NVIDIA H200, 37, 98 %, 33 %, 15041 MiB, 143771 MiB
2026/08/13 20:05:45.179, NVIDIA H200, 37, 93 %, 20 %, 15041 MiB, 143771 MiB
2026/08/13 20:05:48.179, NVIDIA H200, 30, 0 %, 0 %, 15041 MiB, 143771 MiB
2026/08/13 20:05:51.179, NVIDIA H200, 35, 59 %, 19 %, 15041 MiB, 143771 MiB
2026/08/13 20:05:54.180, NVIDIA H200, 36, 77 %, 19 %, 15041 MiB, 143771 MiB
2026/08/13 20:05:57.180, NVIDIA H200, 32, 72 %, 24 %, 15041 MiB, 143771 MiB
2026/08/13 20:06:00.180, NVIDIA H200, 36, 99 %, 31 %, 15041 MiB, 143771 MiB
2026/08/13 20:06:03.181, NVIDIA H200, 38, 98 %, 24 %, 15041 MiB, 143771 MiB
2026/08/13 20:06:06.181, NVIDIA H200, 36, 99 %, 32 %, 15041 MiB, 143771 MiB
2026/08/13 20:06:09.181, NVIDIA H200, 36, 100 %, 23 %, 15041 MiB, 143771 MiB
2026/08/13 20:06:12.181, NVIDIA H200, 36, 98 %, 34 %, 15041 MiB, 143771 MiB
2026/08/13 20:06:15.182, NVIDIA H200, 37, 91 %, 22 %, 15041 MiB, 143771 MiB
2026/08/13 20:06:18.182, NVIDIA H200, 36, 93 %, 25 %, 15041 MiB, 143771 MiB
2026/08/13 20:06:21.182, NVIDIA H200, 38, 99 %, 25 %, 15041 MiB, 143771 MiB
2026/08/13 20:06:24.183, NVIDIA H200, 37, 98 %, 30 %, 15041 MiB, 143771 MiB
2026/08/13 20:06:27.183, NVIDIA H200, 39, 99 %, 25 %, 15041 MiB, 143771 MiB
2026/08/13 20:06:30.183, NVIDIA H200, 37, 98 %, 34 %, 15041 MiB, 143771 MiB
2026/08/13 20:06:33.184, NVIDIA H200, 38, 86 %, 19 %, 15041 MiB, 143771 MiB
2026/08/13 20:06:36.184, NVIDIA H200, 36, 99 %, 34 %, 15041 MiB, 143771 MiB
2026/08/13 20:06:39.184, NVIDIA H200, 36, 83 %, 19 %, 15041 MiB, 143771 MiB
2026/08/13 20:06:42.185, NVIDIA H200, 37, 98 %, 31 %, 15041 MiB, 143771 MiB
2026/08/13 20:06:45.185, NVIDIA H200, 38, 99 %, 24 %, 15041 MiB, 143771 MiB
2026/08/13 20:06:48.185, NVIDIA H200, 37, 99 %, 31 %, 15041 MiB, 143771 MiB
2026/08/13 20:06:51.186, NVIDIA H200, 36, 85 %, 22 %, 15041 MiB, 143771 MiB
2026/08/13 20:06:54.186, NVIDIA H200, 37, 100 %, 23 %, 15041 MiB, 143771 MiB
2026/08/13 20:06:57.186, NVIDIA H200, 35, 89 %, 25 %, 15041 MiB, 143771 MiB
2026/08/13 20:07:00.187, NVIDIA H200, 36, 98 %, 31 %, 15041 MiB, 143771 MiB
2026/08/13 20:07:03.187, NVIDIA H200, 38, 78 %, 17 %, 15041 MiB, 143771 MiB
2026/08/13 20:07:06.187, NVIDIA H200, 36, 96 %, 34 %, 15041 MiB, 143771 MiB
2026/08/13 20:07:09.187, NVIDIA H200, 37, 98 %, 32 %, 15041 MiB, 143771 MiB
2026/08/13 20:07:12.188, NVIDIA H200, 37, 99 %, 22 %, 15041 MiB, 143771 MiB
2026/08/13 20:07:15.188, NVIDIA H200, 37, 99 %, 32 %, 15041 MiB, 143771 MiB
2026/08/13 20:07:18.188, NVIDIA H200, 37, 91 %, 29 %, 15041 MiB, 143771 MiB
2026/08/13 20:07:21.189, NVIDIA H200, 36, 98 %, 29 %, 15041 MiB, 143771 MiB
2026/08/13 20:07:24.189, NVIDIA H200, 37, 99 %, 35 %, 15041 MiB, 143771 MiB
2026/08/13 20:07:27.189, NVIDIA H200, 37, 76 %, 16 %, 15041 MiB, 143771 MiB
2026/08/13 20:07:30.190, NVIDIA H200, 36, 96 %, 23 %, 15041 MiB, 143771 MiB
2026/08/13 20:07:33.190, NVIDIA H200, 37, 98 %, 31 %, 15041 MiB, 143771 MiB
2026/08/13 20:07:36.190, NVIDIA H200, 36, 100 %, 26 %, 15041 MiB, 143771 MiB
2026/08/13 20:07:39.191, NVIDIA H200, 37, 99 %, 26 %, 15041 MiB, 143771 MiB
2026/08/13 20:07:42.191, NVIDIA H200, 38, 98 %, 32 %, 15041 MiB, 143771 MiB
2026/08/13 20:07:45.191, NVIDIA H200, 37, 82 %, 20 %, 15041 MiB, 143771 MiB
2026/08/13 20:07:48.192, NVIDIA H200, 37, 98 %, 32 %, 15041 MiB, 143771 MiB
2026/08/13 20:07:51.192, NVIDIA H200, 37, 88 %, 21 %, 15041 MiB, 143771 MiB
2026/08/13 20:07:54.192, NVIDIA H200, 37, 99 %, 30 %, 15041 MiB, 143771 MiB
2026/08/13 20:07:57.193, NVIDIA H200, 38, 100 %, 23 %, 15041 MiB, 143771 MiB
2026/08/13 20:08:00.193, NVIDIA H200, 36, 98 %, 27 %, 15041 MiB, 143771 MiB
2026/08/13 20:08:03.193, NVIDIA H200, 37, 98 %, 27 %, 15041 MiB, 143771 MiB
2026/08/13 20:08:06.193, NVIDIA H200, 32, 80 %, 26 %, 15041 MiB, 143771 MiB
2026/08/13 20:08:09.194, NVIDIA H200, 35, 60 %, 19 %, 15041 MiB, 143771 MiB
2026/08/13 20:08:12.194, NVIDIA H200, 32, 55 %, 18 %, 15041 MiB, 143771 MiB
2026/08/13 20:08:15.194, NVIDIA H200, 38, 98 %, 33 %, 15041 MiB, 143771 MiB
2026/08/13 20:08:18.195, NVIDIA H200, 36, 88 %, 19 %, 15041 MiB, 143771 MiB
2026/08/13 20:08:21.195, NVIDIA H200, 37, 98 %, 30 %, 15041 MiB, 143771 MiB
2026/08/13 20:08:24.195, NVIDIA H200, 37, 99 %, 22 %, 15041 MiB, 143771 MiB
2026/08/13 20:08:27.196, NVIDIA H200, 36, 88 %, 28 %, 15041 MiB, 143771 MiB
2026/08/13 20:08:30.196, NVIDIA H200, 37, 89 %, 20 %, 15041 MiB, 143771 MiB
2026/08/13 20:08:33.196, NVIDIA H200, 37, 86 %, 25 %, 15041 MiB, 143771 MiB
2026/08/13 20:08:36.197, NVIDIA H200, 38, 99 %, 34 %, 15041 MiB, 143771 MiB
2026/08/13 20:08:39.197, NVIDIA H200, 37, 90 %, 22 %, 15041 MiB, 143771 MiB
2026/08/13 20:08:42.197, NVIDIA H200, 37, 99 %, 30 %, 15041 MiB, 143771 MiB
2026/08/13 20:08:45.198, NVIDIA H200, 38, 99 %, 27 %, 15041 MiB, 143771 MiB
2026/08/13 20:08:48.198, NVIDIA H200, 37, 98 %, 27 %, 15041 MiB, 143771 MiB
2026/08/13 20:08:51.198, NVIDIA H200, 38, 98 %, 32 %, 15041 MiB, 143771 MiB
2026/08/13 20:08:54.199, NVIDIA H200, 36, 83 %, 17 %, 15041 MiB, 143771 MiB
2026/08/13 20:08:57.199, NVIDIA H200, 36, 91 %, 28 %, 15041 MiB, 143771 MiB
2026/08/13 20:09:00.199, NVIDIA H200, 37, 96 %, 23 %, 15041 MiB, 143771 MiB
2026/08/13 20:09:03.200, NVIDIA H200, 37, 95 %, 24 %, 15041 MiB, 143771 MiB
2026/08/13 20:09:06.200, NVIDIA H200, 37, 98 %, 34 %, 15041 MiB, 143771 MiB
2026/08/13 20:09:09.200, NVIDIA H200, 37, 100 %, 23 %, 15041 MiB, 143771 MiB
2026/08/13 20:09:12.200, NVIDIA H200, 38, 99 %, 26 %, 15041 MiB, 143771 MiB
2026/08/13 20:09:15.201, NVIDIA H200, 38, 94 %, 21 %, 15041 MiB, 143771 MiB
2026/08/13 20:09:18.201, NVIDIA H200, 37, 98 %, 32 %, 15041 MiB, 143771 MiB
2026/08/13 20:09:21.201, NVIDIA H200, 36, 99 %, 25 %, 15041 MiB, 143771 MiB
2026/08/13 20:09:24.202, NVIDIA H200, 38, 98 %, 31 %, 15041 MiB, 143771 MiB
2026/08/13 20:09:27.202, NVIDIA H200, 37, 98 %, 28 %, 15041 MiB, 143771 MiB
2026/08/13 20:09:30.202, NVIDIA H200, 37, 98 %, 30 %, 15041 MiB, 143771 MiB
2026/08/13 20:09:33.203, NVIDIA H200, 37, 91 %, 23 %, 15041 MiB, 143771 MiB
2026/08/13 20:09:36.203, NVIDIA H200, 38, 98 %, 34 %, 15041 MiB, 143771 MiB
2026/08/13 20:09:39.203, NVIDIA H200, 36, 77 %, 17 %, 15041 MiB, 143771 MiB
2026/08/13 20:09:42.204, NVIDIA H200, 37, 98 %, 34 %, 15041 MiB, 143771 MiB
2026/08/13 20:09:45.204, NVIDIA H200, 37, 93 %, 22 %, 15041 MiB, 143771 MiB
2026/08/13 20:09:48.204, NVIDIA H200, 37, 78 %, 26 %, 15041 MiB, 143771 MiB
2026/08/13 20:09:51.205, NVIDIA H200, 37, 86 %, 19 %, 15041 MiB, 143771 MiB
2026/08/13 20:09:54.205, NVIDIA H200, 36, 90 %, 25 %, 15041 MiB, 143771 MiB
2026/08/13 20:09:57.205, NVIDIA H200, 38, 98 %, 31 %, 15041 MiB, 143771 MiB
2026/08/13 20:10:00.205, NVIDIA H200, 37, 84 %, 28 %, 15041 MiB, 143771 MiB
2026/08/13 20:10:03.206, NVIDIA H200, 35, 100 %, 26 %, 15041 MiB, 143771 MiB
2026/08/13 20:10:06.206, NVIDIA H200, 37, 87 %, 21 %, 15041 MiB, 143771 MiB
2026/08/13 20:10:09.206, NVIDIA H200, 36, 90 %, 28 %, 15041 MiB, 143771 MiB
2026/08/13 20:10:12.207, NVIDIA H200, 37, 99 %, 27 %, 15041 MiB, 143771 MiB
2026/08/13 20:10:15.207, NVIDIA H200, 36, 89 %, 21 %, 15041 MiB, 143771 MiB
2026/08/13 20:10:18.207, NVIDIA H200, 39, 100 %, 23 %, 15041 MiB, 143771 MiB
2026/08/13 20:10:21.208, NVIDIA H200, 33, 82 %, 25 %, 15041 MiB, 143771 MiB
2026/08/13 20:10:24.208, NVIDIA H200, 33, 79 %, 27 %, 15041 MiB, 143771 MiB
2026/08/13 20:10:27.208, NVIDIA H200, 26, 0 %, 0 %, 15041 MiB, 143771 MiB
2026/08/13 20:10:30.208, NVIDIA H200, 25, 0 %, 0 %, 15041 MiB, 143771 MiB
2026/08/13 20:10:33.209, NVIDIA H200, 25, 0 %, 0 %, 15041 MiB, 143771 MiB
2026/08/13 20:10:36.209, NVIDIA H200, 36, 97 %, 32 %, 15041 MiB, 143771 MiB
2026/08/13 20:10:39.209, NVIDIA H200, 37, 99 %, 22 %, 15041 MiB, 143771 MiB
2026/08/13 20:10:42.210, NVIDIA H200, 36, 87 %, 29 %, 15041 MiB, 143771 MiB
2026/08/13 20:10:45.210, NVIDIA H200, 37, 86 %, 17 %, 15041 MiB, 143771 MiB
2026/08/13 20:10:48.210, NVIDIA H200, 37, 98 %, 34 %, 15041 MiB, 143771 MiB
2026/08/13 20:10:51.211, NVIDIA H200, 37, 93 %, 22 %, 15041 MiB, 143771 MiB
2026/08/13 20:10:54.211, NVIDIA H200, 36, 93 %, 27 %, 15041 MiB, 143771 MiB
2026/08/13 20:10:57.211, NVIDIA H200, 38, 98 %, 31 %, 15041 MiB, 143771 MiB
2026/08/13 20:11:00.212, NVIDIA H200, 36, 89 %, 19 %, 15041 MiB, 143771 MiB
2026/08/13 20:11:03.212, NVIDIA H200, 36, 98 %, 30 %, 15041 MiB, 143771 MiB
2026/08/13 20:11:06.212, NVIDIA H200, 38, 100 %, 24 %, 15041 MiB, 143771 MiB
2026/08/13 20:11:09.213, NVIDIA H200, 36, 89 %, 22 %, 15041 MiB, 143771 MiB
2026/08/13 20:11:12.213, NVIDIA H200, 37, 100 %, 24 %, 15041 MiB, 143771 MiB
2026/08/13 20:11:15.213, NVIDIA H200, 37, 90 %, 25 %, 15041 MiB, 143771 MiB
2026/08/13 20:11:18.213, NVIDIA H200, 38, 94 %, 22 %, 15041 MiB, 143771 MiB
2026/08/13 20:11:21.214, NVIDIA H200, 36, 91 %, 26 %, 15041 MiB, 143771 MiB
2026/08/13 20:11:24.214, NVIDIA H200, 37, 98 %, 34 %, 15041 MiB, 143771 MiB
2026/08/13 20:11:27.214, NVIDIA H200, 37, 75 %, 17 %, 15041 MiB, 143771 MiB
2026/08/13 20:11:30.215, NVIDIA H200, 36, 86 %, 28 %, 15041 MiB, 143771 MiB
2026/08/13 20:11:33.215, NVIDIA H200, 34, 100 %, 24 %, 15041 MiB, 143771 MiB
2026/08/13 20:11:36.215, NVIDIA H200, 36, 76 %, 17 %, 15041 MiB, 143771 MiB
2026/08/13 20:11:39.216, NVIDIA H200, 37, 98 %, 32 %, 15041 MiB, 143771 MiB
2026/08/13 20:11:42.216, NVIDIA H200, 37, 99 %, 27 %, 15041 MiB, 143771 MiB
2026/08/13 20:11:45.216, NVIDIA H200, 37, 98 %, 26 %, 15041 MiB, 143771 MiB
2026/08/13 20:11:48.217, NVIDIA H200, 38, 100 %, 27 %, 15041 MiB, 143771 MiB
2026/08/13 20:11:51.217, NVIDIA H200, 36, 78 %, 19 %, 15041 MiB, 143771 MiB
2026/08/13 20:11:54.217, NVIDIA H200, 38, 98 %, 31 %, 15041 MiB, 143771 MiB
2026/08/13 20:11:57.218, NVIDIA H200, 37, 86 %, 21 %, 15041 MiB, 143771 MiB
2026/08/13 20:12:00.218, NVIDIA H200, 37, 98 %, 30 %, 15041 MiB, 143771 MiB
2026/08/13 20:12:03.218, NVIDIA H200, 36, 93 %, 23 %, 15041 MiB, 143771 MiB
2026/08/13 20:12:06.219, NVIDIA H200, 36, 99 %, 27 %, 15041 MiB, 143771 MiB
2026/08/13 20:12:09.219, NVIDIA H200, 36, 87 %, 22 %, 15041 MiB, 143771 MiB
2026/08/13 20:12:12.219, NVIDIA H200, 36, 98 %, 29 %, 15041 MiB, 143771 MiB
2026/08/13 20:12:15.220, NVIDIA H200, 36, 83 %, 20 %, 15041 MiB, 143771 MiB
2026/08/13 20:12:18.220, NVIDIA H200, 37, 98 %, 30 %, 15041 MiB, 143771 MiB
2026/08/13 20:12:21.220, NVIDIA H200, 37, 98 %, 26 %, 15041 MiB, 143771 MiB
2026/08/13 20:12:24.221, NVIDIA H200, 38, 98 %, 31 %, 15041 MiB, 143771 MiB
2026/08/13 20:12:27.221, NVIDIA H200, 37, 96 %, 20 %, 15041 MiB, 143771 MiB
2026/08/13 20:12:30.221, NVIDIA H200, 36, 83 %, 28 %, 15041 MiB, 143771 MiB
2026/08/13 20:12:33.222, NVIDIA H200, 37, 98 %, 29 %, 15041 MiB, 143771 MiB
2026/08/13 20:12:36.222, NVIDIA H200, 36, 99 %, 25 %, 15041 MiB, 143771 MiB
2026/08/13 20:12:39.222, NVIDIA H200, 36, 83 %, 26 %, 15041 MiB, 143771 MiB
2026/08/13 20:12:42.223, NVIDIA H200, 29, 0 %, 0 %, 15041 MiB, 143771 MiB
2026/08/13 20:12:45.223, NVIDIA H200, 35, 79 %, 26 %, 15041 MiB, 143771 MiB
2026/08/13 20:12:48.223, NVIDIA H200, 34, 9 %, 4 %, 15041 MiB, 143771 MiB
2026/08/13 20:12:51.224, NVIDIA H200, 38, 98 %, 26 %, 15041 MiB, 143771 MiB
2026/08/13 20:12:54.224, NVIDIA H200, 36, 98 %, 31 %, 15041 MiB, 143771 MiB
2026/08/13 20:12:57.224, NVIDIA H200, 36, 88 %, 19 %, 15041 MiB, 143771 MiB
2026/08/13 20:13:00.224, NVIDIA H200, 38, 97 %, 29 %, 15041 MiB, 143771 MiB
2026/08/13 20:13:03.225, NVIDIA H200, 37, 94 %, 22 %, 15041 MiB, 143771 MiB
2026/08/13 20:13:06.225, NVIDIA H200, 35, 83 %, 26 %, 15041 MiB, 143771 MiB
2026/08/13 20:13:09.225, NVIDIA H200, 38, 80 %, 18 %, 15041 MiB, 143771 MiB
2026/08/13 20:13:12.226, NVIDIA H200, 37, 98 %, 30 %, 15041 MiB, 143771 MiB
2026/08/13 20:13:15.226, NVIDIA H200, 37, 82 %, 17 %, 15041 MiB, 143771 MiB
2026/08/13 20:13:18.226, NVIDIA H200, 38, 98 %, 26 %, 15041 MiB, 143771 MiB
2026/08/13 20:13:21.227, NVIDIA H200, 36, 98 %, 31 %, 15041 MiB, 143771 MiB
2026/08/13 20:13:24.227, NVIDIA H200, 37, 76 %, 17 %, 15041 MiB, 143771 MiB
2026/08/13 20:13:27.227, NVIDIA H200, 35, 75 %, 24 %, 15041 MiB, 143771 MiB
2026/08/13 20:13:30.228, NVIDIA H200, 36, 98 %, 32 %, 15041 MiB, 143771 MiB
2026/08/13 20:13:33.228, NVIDIA H200, 36, 90 %, 20 %, 15041 MiB, 143771 MiB
2026/08/13 20:13:36.228, NVIDIA H200, 38, 92 %, 30 %, 15041 MiB, 143771 MiB
2026/08/13 20:13:39.229, NVIDIA H200, 37, 93 %, 22 %, 15041 MiB, 143771 MiB
2026/08/13 20:13:42.229, NVIDIA H200, 38, 93 %, 31 %, 15041 MiB, 143771 MiB
2026/08/13 20:13:45.229, NVIDIA H200, 37, 78 %, 19 %, 15041 MiB, 143771 MiB
2026/08/13 20:13:48.230, NVIDIA H200, 35, 84 %, 27 %, 15041 MiB, 143771 MiB
2026/08/13 20:13:51.230, NVIDIA H200, 37, 100 %, 26 %, 15041 MiB, 143771 MiB
2026/08/13 20:13:54.230, NVIDIA H200, 38, 78 %, 18 %, 15041 MiB, 143771 MiB
2026/08/13 20:13:57.231, NVIDIA H200, 37, 98 %, 34 %, 15041 MiB, 143771 MiB
2026/08/13 20:14:00.231, NVIDIA H200, 36, 86 %, 20 %, 15041 MiB, 143771 MiB
2026/08/13 20:14:03.231, NVIDIA H200, 35, 75 %, 25 %, 15041 MiB, 143771 MiB
2026/08/13 20:14:06.232, NVIDIA H200, 36, 99 %, 27 %, 15041 MiB, 143771 MiB
2026/08/13 20:14:09.232, NVIDIA H200, 38, 91 %, 24 %, 15041 MiB, 143771 MiB
2026/08/13 20:14:12.232, NVIDIA H200, 37, 98 %, 33 %, 15041 MiB, 143771 MiB
2026/08/13 20:14:15.233, NVIDIA H200, 37, 99 %, 25 %, 15041 MiB, 143771 MiB
2026/08/13 20:14:18.233, NVIDIA H200, 37, 98 %, 32 %, 15041 MiB, 143771 MiB
2026/08/13 20:14:21.233, NVIDIA H200, 38, 99 %, 31 %, 15041 MiB, 143771 MiB
2026/08/13 20:14:24.234, NVIDIA H200, 37, 91 %, 19 %, 15041 MiB, 143771 MiB
2026/08/13 20:14:27.234, NVIDIA H200, 37, 98 %, 32 %, 15041 MiB, 143771 MiB
2026/08/13 20:14:30.234, NVIDIA H200, 38, 99 %, 23 %, 15041 MiB, 143771 MiB
2026/08/13 20:14:33.234, NVIDIA H200, 36, 93 %, 28 %, 15041 MiB, 143771 MiB
2026/08/13 20:14:36.235, NVIDIA H200, 36, 78 %, 26 %, 15041 MiB, 143771 MiB
2026/08/13 20:14:39.235, NVIDIA H200, 36, 100 %, 23 %, 15041 MiB, 143771 MiB
2026/08/13 20:14:42.235, NVIDIA H200, 37, 84 %, 28 %, 15041 MiB, 143771 MiB
2026/08/13 20:14:45.236, NVIDIA H200, 35, 100 %, 23 %, 15041 MiB, 143771 MiB
2026/08/13 20:14:48.236, NVIDIA H200, 36, 85 %, 27 %, 15041 MiB, 143771 MiB
2026/08/13 20:14:51.236, NVIDIA H200, 35, 100 %, 25 %, 15041 MiB, 143771 MiB
2026/08/13 20:14:54.237, NVIDIA H200, 36, 96 %, 30 %, 15041 MiB, 143771 MiB
2026/08/13 20:14:57.237, NVIDIA H200, 29, 0 %, 0 %, 15041 MiB, 143771 MiB
2026/08/13 20:15:00.237, NVIDIA H200, 34, 69 %, 22 %, 15041 MiB, 143771 MiB
2026/08/13 20:15:03.238, NVIDIA H200, 35, 98 %, 28 %, 15041 MiB, 143771 MiB
2026/08/13 20:15:06.238, NVIDIA H200, 30, 49 %, 15 %, 15041 MiB, 143771 MiB
2026/08/13 20:15:09.238, NVIDIA H200, 37, 87 %, 20 %, 15041 MiB, 143771 MiB
2026/08/13 20:15:12.239, NVIDIA H200, 37, 97 %, 31 %, 15041 MiB, 143771 MiB
2026/08/13 20:15:15.239, NVIDIA H200, 37, 100 %, 23 %, 15041 MiB, 143771 MiB
2026/08/13 20:15:18.239, NVIDIA H200, 37, 87 %, 23 %, 15041 MiB, 143771 MiB
2026/08/13 20:15:21.239, NVIDIA H200, 38, 98 %, 31 %, 15041 MiB, 143771 MiB
2026/08/13 20:15:24.240, NVIDIA H200, 36, 99 %, 25 %, 15041 MiB, 143771 MiB
2026/08/13 20:15:27.240, NVIDIA H200, 37, 98 %, 31 %, 15041 MiB, 143771 MiB
2026/08/13 20:15:30.240, NVIDIA H200, 35, 100 %, 27 %, 15041 MiB, 143771 MiB
2026/08/13 20:15:33.241, NVIDIA H200, 37, 89 %, 22 %, 15041 MiB, 143771 MiB
2026/08/13 20:15:36.241, NVIDIA H200, 37, 96 %, 34 %, 15041 MiB, 143771 MiB
2026/08/13 20:15:39.241, NVIDIA H200, 38, 99 %, 25 %, 15041 MiB, 143771 MiB
2026/08/13 20:15:42.242, NVIDIA H200, 37, 96 %, 29 %, 15041 MiB, 143771 MiB
2026/08/13 20:15:45.242, NVIDIA H200, 37, 99 %, 28 %, 15041 MiB, 143771 MiB
2026/08/13 20:15:48.242, NVIDIA H200, 36, 96 %, 24 %, 15041 MiB, 143771 MiB
2026/08/13 20:15:51.243, NVIDIA H200, 37, 99 %, 31 %, 15041 MiB, 143771 MiB
2026/08/13 20:15:54.243, NVIDIA H200, 37, 78 %, 15 %, 15041 MiB, 143771 MiB
2026/08/13 20:15:57.243, NVIDIA H200, 36, 93 %, 28 %, 15041 MiB, 143771 MiB
2026/08/13 20:16:00.244, NVIDIA H200, 37, 91 %, 18 %, 15041 MiB, 143771 MiB
2026/08/13 20:16:03.244, NVIDIA H200, 36, 97 %, 29 %, 15041 MiB, 143771 MiB
2026/08/13 20:16:06.244, NVIDIA H200, 38, 100 %, 23 %, 15041 MiB, 143771 MiB
2026/08/13 20:16:09.245, NVIDIA H200, 37, 95 %, 25 %, 15041 MiB, 143771 MiB
2026/08/13 20:16:12.245, NVIDIA H200, 36, 99 %, 27 %, 15041 MiB, 143771 MiB
2026/08/13 20:16:15.245, NVIDIA H200, 37, 98 %, 31 %, 15041 MiB, 143771 MiB
2026/08/13 20:16:18.246, NVIDIA H200, 38, 99 %, 22 %, 15041 MiB, 143771 MiB
2026/08/13 20:16:21.246, NVIDIA H200, 36, 80 %, 26 %, 15041 MiB, 143771 MiB
2026/08/13 20:16:24.246, NVIDIA H200, 36, 100 %, 23 %, 15041 MiB, 143771 MiB
2026/08/13 20:16:27.247, NVIDIA H200, 36, 80 %, 25 %, 15041 MiB, 143771 MiB
2026/08/13 20:16:30.247, NVIDIA H200, 37, 99 %, 29 %, 15041 MiB, 143771 MiB
2026/08/13 20:16:33.247, NVIDIA H200, 36, 97 %, 24 %, 15041 MiB, 143771 MiB
2026/08/13 20:16:36.248, NVIDIA H200, 37, 82 %, 28 %, 15041 MiB, 143771 MiB
2026/08/13 20:16:39.248, NVIDIA H200, 38, 97 %, 22 %, 15041 MiB, 143771 MiB
2026/08/13 20:16:42.248, NVIDIA H200, 37, 98 %, 31 %, 15041 MiB, 143771 MiB
2026/08/13 20:16:45.249, NVIDIA H200, 36, 100 %, 24 %, 15041 MiB, 143771 MiB
2026/08/13 20:16:48.249, NVIDIA H200, 36, 82 %, 19 %, 15041 MiB, 143771 MiB
2026/08/13 20:16:51.249, NVIDIA H200, 39, 99 %, 31 %, 15041 MiB, 143771 MiB
2026/08/13 20:16:54.250, NVIDIA H200, 37, 95 %, 24 %, 15041 MiB, 143771 MiB
2026/08/13 20:16:57.250, NVIDIA H200, 37, 99 %, 31 %, 15041 MiB, 143771 MiB
2026/08/13 20:17:00.250, NVIDIA H200, 36, 80 %, 19 %, 15041 MiB, 143771 MiB
2026/08/13 20:17:03.251, NVIDIA H200, 38, 93 %, 30 %, 15041 MiB, 143771 MiB
2026/08/13 20:17:06.251, NVIDIA H200, 38, 88 %, 18 %, 15041 MiB, 143771 MiB
2026/08/13 20:17:09.251, NVIDIA H200, 36, 98 %, 31 %, 15041 MiB, 143771 MiB
2026/08/13 20:17:12.252, NVIDIA H200, 37, 98 %, 32 %, 15041 MiB, 143771 MiB
2026/08/13 20:17:15.252, NVIDIA H200, 32, 72 %, 19 %, 15041 MiB, 143771 MiB
2026/08/13 20:17:18.252, NVIDIA H200, 35, 66 %, 20 %, 15041 MiB, 143771 MiB
2026/08/13 20:17:21.253, NVIDIA H200, 27, 6 %, 0 %, 15041 MiB, 143771 MiB
2026/08/13 20:17:24.253, NVIDIA H200, 35, 100 %, 25 %, 15041 MiB, 143771 MiB
2026/08/13 20:17:27.253, NVIDIA H200, 37, 94 %, 29 %, 15041 MiB, 143771 MiB
2026/08/13 20:17:30.254, NVIDIA H200, 36, 99 %, 27 %, 15041 MiB, 143771 MiB
2026/08/13 20:17:33.254, NVIDIA H200, 37, 96 %, 27 %, 15041 MiB, 143771 MiB
2026/08/13 20:17:36.254, NVIDIA H200, 36, 98 %, 31 %, 15041 MiB, 143771 MiB
2026/08/13 20:17:39.254, NVIDIA H200, 38, 98 %, 28 %, 15041 MiB, 143771 MiB
2026/08/13 20:17:42.255, NVIDIA H200, 37, 98 %, 31 %, 15041 MiB, 143771 MiB
2026/08/13 20:17:45.255, NVIDIA H200, 38, 98 %, 24 %, 15041 MiB, 143771 MiB
2026/08/13 20:17:48.255, NVIDIA H200, 36, 98 %, 34 %, 15041 MiB, 143771 MiB
2026/08/13 20:17:51.256, NVIDIA H200, 37, 83 %, 17 %, 15041 MiB, 143771 MiB
2026/08/13 20:17:54.256, NVIDIA H200, 37, 98 %, 31 %, 15041 MiB, 143771 MiB
2026/08/13 20:17:57.256, NVIDIA H200, 37, 94 %, 20 %, 15041 MiB, 143771 MiB
2026/08/13 20:18:00.256, NVIDIA H200, 36, 83 %, 17 %, 15041 MiB, 143771 MiB
2026/08/13 20:18:03.257, NVIDIA H200, 38, 98 %, 33 %, 15041 MiB, 143771 MiB
2026/08/13 20:18:06.257, NVIDIA H200, 37, 93 %, 19 %, 15041 MiB, 143771 MiB
2026/08/13 20:18:09.257, NVIDIA H200, 37, 99 %, 31 %, 15041 MiB, 143771 MiB
2026/08/13 20:18:12.258, NVIDIA H200, 36, 100 %, 23 %, 15041 MiB, 143771 MiB
2026/08/13 20:18:15.258, NVIDIA H200, 36, 78 %, 20 %, 15041 MiB, 143771 MiB
2026/08/13 20:18:18.258, NVIDIA H200, 39, 100 %, 27 %, 15041 MiB, 143771 MiB
2026/08/13 20:18:21.258, NVIDIA H200, 37, 91 %, 24 %, 15041 MiB, 143771 MiB
2026/08/13 20:18:24.259, NVIDIA H200, 38, 99 %, 32 %, 15041 MiB, 143771 MiB
2026/08/13 20:18:27.259, NVIDIA H200, 37, 89 %, 19 %, 15041 MiB, 143771 MiB
2026/08/13 20:18:30.259, NVIDIA H200, 38, 98 %, 32 %, 15041 MiB, 143771 MiB
2026/08/13 20:18:33.259, NVIDIA H200, 36, 95 %, 23 %, 15041 MiB, 143771 MiB
2026/08/13 20:18:36.260, NVIDIA H200, 38, 98 %, 32 %, 15041 MiB, 143771 MiB
2026/08/13 20:18:39.260, NVIDIA H200, 37, 80 %, 19 %, 15041 MiB, 143771 MiB
2026/08/13 20:18:42.260, NVIDIA H200, 36, 83 %, 26 %, 15041 MiB, 143771 MiB
2026/08/13 20:18:45.261, NVIDIA H200, 37, 96 %, 23 %, 15041 MiB, 143771 MiB
2026/08/13 20:18:48.261, NVIDIA H200, 36, 79 %, 18 %, 15041 MiB, 143771 MiB
2026/08/13 20:18:51.261, NVIDIA H200, 38, 98 %, 32 %, 15041 MiB, 143771 MiB
2026/08/13 20:18:54.261, NVIDIA H200, 36, 81 %, 19 %, 15041 MiB, 143771 MiB
2026/08/13 20:18:57.262, NVIDIA H200, 37, 100 %, 24 %, 15041 MiB, 143771 MiB
2026/08/13 20:19:00.262, NVIDIA H200, 36, 98 %, 27 %, 15041 MiB, 143771 MiB
2026/08/13 20:19:03.262, NVIDIA H200, 37, 99 %, 20 %, 15041 MiB, 143771 MiB
2026/08/13 20:19:06.262, NVIDIA H200, 36, 94 %, 31 %, 15041 MiB, 143771 MiB
2026/08/13 20:19:09.263, NVIDIA H200, 37, 99 %, 20 %, 15041 MiB, 143771 MiB
2026/08/13 20:19:12.263, NVIDIA H200, 36, 90 %, 28 %, 15041 MiB, 143771 MiB
2026/08/13 20:19:15.263, NVIDIA H200, 37, 95 %, 22 %, 15041 MiB, 143771 MiB
2026/08/13 20:19:18.264, NVIDIA H200, 37, 98 %, 27 %, 15041 MiB, 143771 MiB
2026/08/13 20:19:21.264, NVIDIA H200, 38, 98 %, 31 %, 15041 MiB, 143771 MiB
2026/08/13 20:19:24.264, NVIDIA H200, 36, 99 %, 25 %, 15041 MiB, 143771 MiB
2026/08/13 20:19:27.264, NVIDIA H200, 37, 98 %, 34 %, 15041 MiB, 143771 MiB
2026/08/13 20:19:30.265, NVIDIA H200, 38, 99 %, 31 %, 15041 MiB, 143771 MiB
2026/08/13 20:19:33.265, NVIDIA H200, 33, 67 %, 22 %, 15041 MiB, 143771 MiB
2026/08/13 20:19:36.265, NVIDIA H200, 35, 59 %, 19 %, 15041 MiB, 143771 MiB
2026/08/13 20:19:39.266, NVIDIA H200, 36, 99 %, 23 %, 15041 MiB, 143771 MiB
2026/08/13 20:19:42.266, NVIDIA H200, 37, 98 %, 31 %, 15041 MiB, 143771 MiB
2026/08/13 20:19:45.266, NVIDIA H200, 37, 99 %, 21 %, 15041 MiB, 143771 MiB
2026/08/13 20:19:48.267, NVIDIA H200, 36, 86 %, 21 %, 15041 MiB, 143771 MiB
2026/08/13 20:19:51.267, NVIDIA H200, 37, 97 %, 29 %, 15041 MiB, 143771 MiB
2026/08/13 20:19:54.267, NVIDIA H200, 36, 99 %, 31 %, 15041 MiB, 143771 MiB
2026/08/13 20:19:57.268, NVIDIA H200, 38, 87 %, 21 %, 15041 MiB, 143771 MiB
2026/08/13 20:20:00.268, NVIDIA H200, 36, 99 %, 34 %, 15041 MiB, 143771 MiB
2026/08/13 20:20:03.268, NVIDIA H200, 36, 96 %, 23 %, 15041 MiB, 143771 MiB
2026/08/13 20:20:06.269, NVIDIA H200, 36, 78 %, 25 %, 15041 MiB, 143771 MiB
2026/08/13 20:20:09.269, NVIDIA H200, 36, 99 %, 30 %, 15041 MiB, 143771 MiB
2026/08/13 20:20:12.269, NVIDIA H200, 38, 99 %, 26 %, 15041 MiB, 143771 MiB
2026/08/13 20:20:15.270, NVIDIA H200, 36, 100 %, 27 %, 15041 MiB, 143771 MiB
2026/08/13 20:20:18.270, NVIDIA H200, 35, 92 %, 25 %, 15041 MiB, 143771 MiB
2026/08/13 20:20:21.270, NVIDIA H200, 36, 98 %, 31 %, 15041 MiB, 143771 MiB
2026/08/13 20:20:24.271, NVIDIA H200, 36, 85 %, 18 %, 15041 MiB, 143771 MiB
2026/08/13 20:20:27.271, NVIDIA H200, 37, 94 %, 29 %, 15041 MiB, 143771 MiB
2026/08/13 20:20:30.271, NVIDIA H200, 36, 98 %, 31 %, 15041 MiB, 143771 MiB
2026/08/13 20:20:33.272, NVIDIA H200, 37, 80 %, 18 %, 15041 MiB, 143771 MiB
2026/08/13 20:20:36.272, NVIDIA H200, 37, 98 %, 30 %, 15041 MiB, 143771 MiB
2026/08/13 20:20:39.272, NVIDIA H200, 36, 100 %, 23 %, 15041 MiB, 143771 MiB
2026/08/13 20:20:42.273, NVIDIA H200, 37, 91 %, 22 %, 15041 MiB, 143771 MiB
2026/08/13 20:20:45.273, NVIDIA H200, 36, 98 %, 32 %, 15041 MiB, 143771 MiB
2026/08/13 20:20:48.273, NVIDIA H200, 36, 99 %, 22 %, 15041 MiB, 143771 MiB
2026/08/13 20:20:51.273, NVIDIA H200, 37, 88 %, 27 %, 15041 MiB, 143771 MiB
2026/08/13 20:20:54.274, NVIDIA H200, 35, 100 %, 24 %, 15041 MiB, 143771 MiB
2026/08/13 20:20:57.274, NVIDIA H200, 35, 98 %, 34 %, 15041 MiB, 143771 MiB
2026/08/13 20:21:00.274, NVIDIA H200, 37, 89 %, 21 %, 15041 MiB, 143771 MiB
2026/08/13 20:21:03.275, NVIDIA H200, 36, 88 %, 28 %, 15041 MiB, 143771 MiB
2026/08/13 20:21:06.275, NVIDIA H200, 36, 98 %, 31 %, 15041 MiB, 143771 MiB
2026/08/13 20:21:09.275, NVIDIA H200, 37, 93 %, 29 %, 15041 MiB, 143771 MiB
2026/08/13 20:21:12.276, NVIDIA H200, 36, 100 %, 24 %, 15041 MiB, 143771 MiB
2026/08/13 20:21:15.276, NVIDIA H200, 38, 78 %, 24 %, 15041 MiB, 143771 MiB
2026/08/13 20:21:18.276, NVIDIA H200, 37, 92 %, 18 %, 15041 MiB, 143771 MiB
2026/08/13 20:21:21.277, NVIDIA H200, 36, 93 %, 28 %, 15041 MiB, 143771 MiB
2026/08/13 20:21:24.277, NVIDIA H200, 36, 83 %, 20 %, 15041 MiB, 143771 MiB
2026/08/13 20:21:27.277, NVIDIA H200, 35, 98 %, 31 %, 15041 MiB, 143771 MiB
2026/08/13 20:21:30.278, NVIDIA H200, 36, 97 %, 29 %, 15041 MiB, 143771 MiB
2026/08/13 20:21:33.278, NVIDIA H200, 36, 95 %, 22 %, 15041 MiB, 143771 MiB
2026/08/13 20:21:36.278, NVIDIA H200, 37, 90 %, 26 %, 15041 MiB, 143771 MiB
2026/08/13 20:21:39.279, NVIDIA H200, 36, 96 %, 20 %, 15041 MiB, 143771 MiB
2026/08/13 20:21:42.279, NVIDIA H200, 37, 87 %, 28 %, 15041 MiB, 143771 MiB
2026/08/13 20:21:45.279, NVIDIA H200, 36, 99 %, 31 %, 15041 MiB, 143771 MiB
2026/08/13 20:21:48.280, NVIDIA H200, 34, 68 %, 21 %, 15041 MiB, 143771 MiB
2026/08/13 20:21:51.280, NVIDIA H200, 34, 72 %, 23 %, 15041 MiB, 143771 MiB
2026/08/13 20:21:54.280, NVIDIA H200, 25, 0 %, 0 %, 15041 MiB, 143771 MiB
2026/08/13 20:21:57.280, NVIDIA H200, 24, 0 %, 0 %, 15041 MiB, 143771 MiB
2026/08/13 20:22:00.281, NVIDIA H200, 37, 97 %, 26 %, 15041 MiB, 143771 MiB
2026/08/13 20:22:03.281, NVIDIA H200, 35, 100 %, 26 %, 15041 MiB, 143771 MiB
2026/08/13 20:22:06.281, NVIDIA H200, 35, 86 %, 25 %, 15041 MiB, 143771 MiB
2026/08/13 20:22:09.282, NVIDIA H200, 35, 99 %, 29 %, 15041 MiB, 143771 MiB
2026/08/13 20:22:12.282, NVIDIA H200, 36, 88 %, 20 %, 15041 MiB, 143771 MiB
2026/08/13 20:22:15.282, NVIDIA H200, 36, 86 %, 28 %, 15041 MiB, 143771 MiB
2026/08/13 20:22:18.283, NVIDIA H200, 36, 100 %, 23 %, 15041 MiB, 143771 MiB
2026/08/13 20:22:21.283, NVIDIA H200, 36, 97 %, 31 %, 15041 MiB, 143771 MiB
2026/08/13 20:22:24.283, NVIDIA H200, 35, 100 %, 23 %, 15041 MiB, 143771 MiB
2026/08/13 20:22:27.284, NVIDIA H200, 37, 81 %, 26 %, 15041 MiB, 143771 MiB
2026/08/13 20:22:30.284, NVIDIA H200, 37, 99 %, 21 %, 15041 MiB, 143771 MiB
2026/08/13 20:22:33.284, NVIDIA H200, 36, 93 %, 29 %, 15041 MiB, 143771 MiB
2026/08/13 20:22:36.285, NVIDIA H200, 36, 100 %, 26 %, 15041 MiB, 143771 MiB
2026/08/13 20:22:39.285, NVIDIA H200, 37, 85 %, 22 %, 15041 MiB, 143771 MiB
2026/08/13 20:22:42.285, NVIDIA H200, 36, 78 %, 17 %, 15041 MiB, 143771 MiB
2026/08/13 20:22:45.285, NVIDIA H200, 38, 75 %, 24 %, 15041 MiB, 143771 MiB
2026/08/13 20:22:48.286, NVIDIA H200, 36, 85 %, 17 %, 15041 MiB, 143771 MiB
2026/08/13 20:22:51.286, NVIDIA H200, 35, 98 %, 34 %, 15041 MiB, 143771 MiB
2026/08/13 20:22:54.286, NVIDIA H200, 36, 76 %, 15 %, 15041 MiB, 143771 MiB
2026/08/13 20:22:57.287, NVIDIA H200, 36, 98 %, 32 %, 15041 MiB, 143771 MiB
2026/08/13 20:23:00.287, NVIDIA H200, 37, 97 %, 20 %, 15041 MiB, 143771 MiB
2026/08/13 20:23:03.287, NVIDIA H200, 36, 99 %, 34 %, 15041 MiB, 143771 MiB
2026/08/13 20:23:06.288, NVIDIA H200, 36, 92 %, 20 %, 15041 MiB, 143771 MiB
2026/08/13 20:23:09.288, NVIDIA H200, 36, 93 %, 28 %, 15041 MiB, 143771 MiB
2026/08/13 20:23:12.288, NVIDIA H200, 35, 85 %, 27 %, 15041 MiB, 143771 MiB
2026/08/13 20:23:15.289, NVIDIA H200, 36, 100 %, 23 %, 15041 MiB, 143771 MiB
2026/08/13 20:23:18.289, NVIDIA H200, 35, 81 %, 20 %, 15041 MiB, 143771 MiB
2026/08/13 20:23:21.289, NVIDIA H200, 37, 98 %, 31 %, 15041 MiB, 143771 MiB
2026/08/13 20:23:24.290, NVIDIA H200, 36, 91 %, 23 %, 15041 MiB, 143771 MiB
2026/08/13 20:23:27.290, NVIDIA H200, 37, 98 %, 33 %, 15041 MiB, 143771 MiB
2026/08/13 20:23:30.290, NVIDIA H200, 35, 87 %, 20 %, 15041 MiB, 143771 MiB
2026/08/13 20:23:33.291, NVIDIA H200, 36, 98 %, 31 %, 15041 MiB, 143771 MiB
2026/08/13 20:23:36.291, NVIDIA H200, 36, 96 %, 21 %, 15041 MiB, 143771 MiB
2026/08/13 20:23:39.291, NVIDIA H200, 36, 97 %, 28 %, 15041 MiB, 143771 MiB
2026/08/13 20:23:42.292, NVIDIA H200, 37, 99 %, 20 %, 15041 MiB, 143771 MiB
2026/08/13 20:23:45.292, NVIDIA H200, 37, 98 %, 34 %, 15041 MiB, 143771 MiB
2026/08/13 20:23:48.292, NVIDIA H200, 36, 99 %, 23 %, 15041 MiB, 143771 MiB
2026/08/13 20:23:51.292, NVIDIA H200, 35, 95 %, 29 %, 15041 MiB, 143771 MiB
2026/08/13 20:23:54.293, NVIDIA H200, 35, 96 %, 24 %, 15041 MiB, 143771 MiB
2026/08/13 20:23:57.293, NVIDIA H200, 35, 83 %, 19 %, 15041 MiB, 143771 MiB
2026/08/13 20:24:00.293, NVIDIA H200, 37, 98 %, 31 %, 15041 MiB, 143771 MiB
2026/08/13 20:24:03.294, NVIDIA H200, 36, 100 %, 24 %, 15041 MiB, 143771 MiB
2026/08/13 20:24:06.294, NVIDIA H200, 28, 53 %, 16 %, 15041 MiB, 143771 MiB
2026/08/13 20:24:09.294, NVIDIA H200, 34, 78 %, 20 %, 15041 MiB, 143771 MiB
2026/08/13 20:24:12.295, NVIDIA H200, 29, 4 %, 0 %, 15041 MiB, 143771 MiB
2026/08/13 20:24:15.295, NVIDIA H200, 33, 73 %, 25 %, 15041 MiB, 143771 MiB
2026/08/13 20:24:18.295, NVIDIA H200, 36, 99 %, 21 %, 15041 MiB, 143771 MiB
2026/08/13 20:24:21.296, NVIDIA H200, 35, 88 %, 29 %, 15041 MiB, 143771 MiB
2026/08/13 20:24:24.296, NVIDIA H200, 38, 100 %, 24 %, 15041 MiB, 143771 MiB
2026/08/13 20:24:27.296, NVIDIA H200, 36, 98 %, 29 %, 15041 MiB, 143771 MiB
2026/08/13 20:24:30.297, NVIDIA H200, 38, 100 %, 27 %, 15041 MiB, 143771 MiB
2026/08/13 20:24:33.297, NVIDIA H200, 37, 91 %, 23 %, 15041 MiB, 143771 MiB
2026/08/13 20:24:36.297, NVIDIA H200, 36, 99 %, 20 %, 15041 MiB, 143771 MiB
2026/08/13 20:24:39.297, NVIDIA H200, 36, 85 %, 28 %, 15041 MiB, 143771 MiB
2026/08/13 20:24:42.298, NVIDIA H200, 36, 99 %, 30 %, 15041 MiB, 143771 MiB
2026/08/13 20:24:45.298, NVIDIA H200, 38, 91 %, 23 %, 15041 MiB, 143771 MiB
2026/08/13 20:24:48.298, NVIDIA H200, 36, 98 %, 30 %, 15041 MiB, 143771 MiB
2026/08/13 20:24:51.299, NVIDIA H200, 37, 96 %, 24 %, 15041 MiB, 143771 MiB
2026/08/13 20:24:54.299, NVIDIA H200, 36, 98 %, 32 %, 15041 MiB, 143771 MiB
2026/08/13 20:24:57.299, NVIDIA H200, 36, 97 %, 28 %, 15041 MiB, 143771 MiB
2026/08/13 20:25:00.300, NVIDIA H200, 36, 99 %, 25 %, 15041 MiB, 143771 MiB
2026/08/13 20:25:03.300, NVIDIA H200, 37, 98 %, 33 %, 15041 MiB, 143771 MiB
2026/08/13 20:25:06.300, NVIDIA H200, 36, 96 %, 23 %, 15041 MiB, 143771 MiB
2026/08/13 20:25:09.301, NVIDIA H200, 36, 98 %, 30 %, 15041 MiB, 143771 MiB
2026/08/13 20:25:12.301, NVIDIA H200, 36, 95 %, 21 %, 15041 MiB, 143771 MiB
2026/08/13 20:25:15.301, NVIDIA H200, 37, 98 %, 31 %, 15041 MiB, 143771 MiB
2026/08/13 20:25:18.302, NVIDIA H200, 37, 91 %, 22 %, 15041 MiB, 143771 MiB
2026/08/13 20:25:21.302, NVIDIA H200, 36, 88 %, 23 %, 15041 MiB, 143771 MiB
2026/08/13 20:25:24.302, NVIDIA H200, 38, 98 %, 33 %, 15041 MiB, 143771 MiB
2026/08/13 20:25:27.302, NVIDIA H200, 37, 95 %, 22 %, 15041 MiB, 143771 MiB
2026/08/13 20:25:30.303, NVIDIA H200, 37, 90 %, 25 %, 15041 MiB, 143771 MiB
2026/08/13 20:25:33.303, NVIDIA H200, 38, 98 %, 31 %, 15041 MiB, 143771 MiB
2026/08/13 20:25:36.303, NVIDIA H200, 37, 99 %, 21 %, 15041 MiB, 143771 MiB
2026/08/13 20:25:39.304, NVIDIA H200, 37, 98 %, 30 %, 15041 MiB, 143771 MiB
2026/08/13 20:25:42.304, NVIDIA H200, 37, 93 %, 22 %, 15041 MiB, 143771 MiB
2026/08/13 20:25:45.304, NVIDIA H200, 37, 79 %, 24 %, 15041 MiB, 143771 MiB
2026/08/13 20:25:48.304, NVIDIA H200, 38, 99 %, 33 %, 15041 MiB, 143771 MiB
2026/08/13 20:25:51.305, NVIDIA H200, 37, 84 %, 20 %, 15041 MiB, 143771 MiB
2026/08/13 20:25:54.305, NVIDIA H200, 37, 82 %, 24 %, 15041 MiB, 143771 MiB
2026/08/13 20:25:57.305, NVIDIA H200, 38, 98 %, 33 %, 15041 MiB, 143771 MiB
2026/08/13 20:26:00.305, NVIDIA H200, 37, 85 %, 21 %, 15041 MiB, 143771 MiB
2026/08/13 20:26:03.306, NVIDIA H200, 38, 98 %, 33 %, 15041 MiB, 143771 MiB
2026/08/13 20:26:06.306, NVIDIA H200, 37, 99 %, 25 %, 15041 MiB, 143771 MiB
2026/08/13 20:26:09.306, NVIDIA H200, 38, 98 %, 33 %, 15041 MiB, 143771 MiB
2026/08/13 20:26:12.307, NVIDIA H200, 38, 100 %, 25 %, 15041 MiB, 143771 MiB
2026/08/13 20:26:15.307, NVIDIA H200, 36, 97 %, 25 %, 15041 MiB, 143771 MiB
2026/08/13 20:26:18.307, NVIDIA H200, 38, 99 %, 32 %, 15041 MiB, 143771 MiB
2026/08/13 20:26:21.307, NVIDIA H200, 38, 98 %, 34 %, 15041 MiB, 143771 MiB
2026/08/13 20:26:24.308, NVIDIA H200, 35, 74 %, 19 %, 15041 MiB, 143771 MiB
2026/08/13 20:26:27.308, NVIDIA H200, 35, 75 %, 19 %, 15041 MiB, 143771 MiB
2026/08/13 20:26:30.308, NVIDIA H200, 35, 76 %, 19 %, 15041 MiB, 143771 MiB
2026/08/13 20:26:33.309, NVIDIA H200, 37, 77 %, 19 %, 15041 MiB, 143771 MiB
2026/08/13 20:26:36.309, NVIDIA H200, 37, 98 %, 29 %, 15041 MiB, 143771 MiB
2026/08/13 20:26:39.309, NVIDIA H200, 37, 95 %, 22 %, 15041 MiB, 143771 MiB
2026/08/13 20:26:42.310, NVIDIA H200, 37, 86 %, 28 %, 15041 MiB, 143771 MiB
2026/08/13 20:26:45.310, NVIDIA H200, 37, 97 %, 29 %, 15041 MiB, 143771 MiB
2026/08/13 20:26:48.310, NVIDIA H200, 37, 99 %, 25 %, 15041 MiB, 143771 MiB
2026/08/13 20:26:51.311, NVIDIA H200, 37, 99 %, 25 %, 15041 MiB, 143771 MiB
2026/08/13 20:26:54.311, NVIDIA H200, 37, 98 %, 30 %, 15041 MiB, 143771 MiB
2026/08/13 20:26:57.311, NVIDIA H200, 37, 87 %, 20 %, 15041 MiB, 143771 MiB
2026/08/13 20:27:00.312, NVIDIA H200, 38, 98 %, 34 %, 15041 MiB, 143771 MiB
2026/08/13 20:27:03.312, NVIDIA H200, 36, 77 %, 17 %, 15041 MiB, 143771 MiB
2026/08/13 20:27:06.312, NVIDIA H200, 36, 95 %, 29 %, 15041 MiB, 143771 MiB
2026/08/13 20:27:09.312, NVIDIA H200, 36, 80 %, 25 %, 15041 MiB, 143771 MiB
2026/08/13 20:27:12.313, NVIDIA H200, 36, 96 %, 23 %, 15041 MiB, 143771 MiB
2026/08/13 20:27:15.313, NVIDIA H200, 37, 95 %, 27 %, 15041 MiB, 143771 MiB
2026/08/13 20:27:18.313, NVIDIA H200, 38, 98 %, 34 %, 15041 MiB, 143771 MiB
2026/08/13 20:27:21.314, NVIDIA H200, 37, 81 %, 19 %, 15041 MiB, 143771 MiB
2026/08/13 20:27:24.314, NVIDIA H200, 36, 98 %, 27 %, 15041 MiB, 143771 MiB
2026/08/13 20:27:27.314, NVIDIA H200, 37, 99 %, 27 %, 15041 MiB, 143771 MiB
2026/08/13 20:27:30.315, NVIDIA H200, 37, 81 %, 17 %, 15041 MiB, 143771 MiB
2026/08/13 20:27:33.315, NVIDIA H200, 36, 85 %, 26 %, 15041 MiB, 143771 MiB
2026/08/13 20:27:36.315, NVIDIA H200, 38, 100 %, 23 %, 15041 MiB, 143771 MiB
2026/08/13 20:27:39.316, NVIDIA H200, 37, 88 %, 21 %, 15041 MiB, 143771 MiB
2026/08/13 20:27:42.316, NVIDIA H200, 39, 98 %, 32 %, 15041 MiB, 143771 MiB
2026/08/13 20:27:45.316, NVIDIA H200, 37, 87 %, 20 %, 15041 MiB, 143771 MiB
2026/08/13 20:27:48.316, NVIDIA H200, 36, 75 %, 19 %, 15041 MiB, 143771 MiB
2026/08/13 20:27:51.317, NVIDIA H200, 39, 99 %, 31 %, 15041 MiB, 143771 MiB
2026/08/13 20:27:54.317, NVIDIA H200, 36, 80 %, 19 %, 15041 MiB, 143771 MiB
2026/08/13 20:27:57.317, NVIDIA H200, 38, 98 %, 30 %, 15041 MiB, 143771 MiB
2026/08/13 20:28:00.318, NVIDIA H200, 37, 98 %, 30 %, 15041 MiB, 143771 MiB
2026/08/13 20:28:03.318, NVIDIA H200, 36, 95 %, 22 %, 15041 MiB, 143771 MiB
2026/08/13 20:28:06.318, NVIDIA H200, 37, 97 %, 31 %, 15041 MiB, 143771 MiB
2026/08/13 20:28:09.319, NVIDIA H200, 36, 88 %, 20 %, 15041 MiB, 143771 MiB
2026/08/13 20:28:12.319, NVIDIA H200, 37, 86 %, 29 %, 15041 MiB, 143771 MiB
2026/08/13 20:28:15.319, NVIDIA H200, 37, 87 %, 17 %, 15041 MiB, 143771 MiB
2026/08/13 20:28:18.319, NVIDIA H200, 37, 99 %, 31 %, 15041 MiB, 143771 MiB
2026/08/13 20:28:21.320, NVIDIA H200, 38, 89 %, 20 %, 15041 MiB, 143771 MiB
2026/08/13 20:28:24.320, NVIDIA H200, 37, 98 %, 32 %, 15041 MiB, 143771 MiB
2026/08/13 20:28:27.320, NVIDIA H200, 37, 81 %, 26 %, 15041 MiB, 143771 MiB
2026/08/13 20:28:30.321, NVIDIA H200, 37, 100 %, 23 %, 15041 MiB, 143771 MiB
2026/08/13 20:28:33.321, NVIDIA H200, 37, 82 %, 27 %, 15041 MiB, 143771 MiB
2026/08/13 20:28:36.321, NVIDIA H200, 39, 98 %, 27 %, 15041 MiB, 143771 MiB
2026/08/13 20:28:39.322, NVIDIA H200, 35, 75 %, 19 %, 15041 MiB, 143771 MiB
2026/08/13 20:28:42.322, NVIDIA H200, 35, 74 %, 19 %, 15041 MiB, 143771 MiB
2026/08/13 20:28:45.322, NVIDIA H200, 34, 76 %, 19 %, 15041 MiB, 143771 MiB
2026/08/13 20:28:48.323, NVIDIA H200, 36, 99 %, 21 %, 15041 MiB, 143771 MiB
2026/08/13 20:28:51.323, NVIDIA H200, 37, 95 %, 29 %, 15041 MiB, 143771 MiB
2026/08/13 20:28:54.323, NVIDIA H200, 36, 93 %, 20 %, 15041 MiB, 143771 MiB
2026/08/13 20:28:57.324, NVIDIA H200, 38, 94 %, 29 %, 15041 MiB, 143771 MiB
2026/08/13 20:29:00.324, NVIDIA H200, 37, 100 %, 25 %, 15041 MiB, 143771 MiB
2026/08/13 20:29:03.324, NVIDIA H200, 39, 98 %, 31 %, 15041 MiB, 143771 MiB
2026/08/13 20:29:06.325, NVIDIA H200, 37, 100 %, 26 %, 15041 MiB, 143771 MiB
2026/08/13 20:29:09.325, NVIDIA H200, 38, 85 %, 20 %, 15041 MiB, 143771 MiB
2026/08/13 20:29:12.325, NVIDIA H200, 37, 98 %, 34 %, 15041 MiB, 143771 MiB
2026/08/13 20:29:15.325, NVIDIA H200, 37, 90 %, 22 %, 15041 MiB, 143771 MiB
2026/08/13 20:29:18.326, NVIDIA H200, 36, 99 %, 33 %, 15041 MiB, 143771 MiB
2026/08/13 20:29:21.326, NVIDIA H200, 36, 76 %, 21 %, 15041 MiB, 143771 MiB
2026/08/13 20:29:24.326, NVIDIA H200, 37, 100 %, 23 %, 15041 MiB, 143771 MiB
2026/08/13 20:29:27.327, NVIDIA H200, 38, 88 %, 24 %, 15041 MiB, 143771 MiB
2026/08/13 20:29:30.327, NVIDIA H200, 36, 98 %, 29 %, 15041 MiB, 143771 MiB
2026/08/13 20:29:33.327, NVIDIA H200, 37, 81 %, 23 %, 15041 MiB, 143771 MiB
2026/08/13 20:29:36.328, NVIDIA H200, 37, 100 %, 25 %, 15041 MiB, 143771 MiB
2026/08/13 20:29:39.328, NVIDIA H200, 38, 87 %, 21 %, 15041 MiB, 143771 MiB
2026/08/13 20:29:42.328, NVIDIA H200, 37, 99 %, 32 %, 15041 MiB, 143771 MiB
2026/08/13 20:29:45.329, NVIDIA H200, 38, 97 %, 23 %, 15041 MiB, 143771 MiB
2026/08/13 20:29:48.329, NVIDIA H200, 38, 98 %, 32 %, 15041 MiB, 143771 MiB
2026/08/13 20:29:51.329, NVIDIA H200, 37, 87 %, 17 %, 15041 MiB, 143771 MiB
2026/08/13 20:29:54.330, NVIDIA H200, 37, 98 %, 31 %, 15041 MiB, 143771 MiB
2026/08/13 20:29:57.330, NVIDIA H200, 37, 100 %, 24 %, 15041 MiB, 143771 MiB
2026/08/13 20:30:00.330, NVIDIA H200, 38, 87 %, 21 %, 15041 MiB, 143771 MiB
2026/08/13 20:30:03.331, NVIDIA H200, 37, 99 %, 29 %, 15041 MiB, 143771 MiB
2026/08/13 20:30:06.331, NVIDIA H200, 36, 75 %, 25 %, 15041 MiB, 143771 MiB
2026/08/13 20:30:09.331, NVIDIA H200, 38, 99 %, 30 %, 15041 MiB, 143771 MiB
2026/08/13 20:30:12.332, NVIDIA H200, 37, 78 %, 17 %, 15041 MiB, 143771 MiB
2026/08/13 20:30:15.332, NVIDIA H200, 37, 99 %, 31 %, 15041 MiB, 143771 MiB
2026/08/13 20:30:18.332, NVIDIA H200, 37, 81 %, 19 %, 15041 MiB, 143771 MiB
2026/08/13 20:30:21.333, NVIDIA H200, 37, 78 %, 24 %, 15041 MiB, 143771 MiB
2026/08/13 20:30:24.333, NVIDIA H200, 38, 99 %, 31 %, 15041 MiB, 143771 MiB
2026/08/13 20:30:27.333, NVIDIA H200, 37, 79 %, 17 %, 15041 MiB, 143771 MiB
2026/08/13 20:30:30.334, NVIDIA H200, 37, 99 %, 32 %, 15041 MiB, 143771 MiB
2026/08/13 20:30:33.334, NVIDIA H200, 37, 87 %, 21 %, 15041 MiB, 143771 MiB
2026/08/13 20:30:36.334, NVIDIA H200, 37, 85 %, 23 %, 15041 MiB, 143771 MiB
2026/08/13 20:30:39.335, NVIDIA H200, 38, 98 %, 31 %, 15041 MiB, 143771 MiB
2026/08/13 20:30:42.335, NVIDIA H200, 37, 99 %, 25 %, 15041 MiB, 143771 MiB
2026/08/13 20:30:45.335, NVIDIA H200, 39, 98 %, 32 %, 15041 MiB, 143771 MiB
2026/08/13 20:30:48.336, NVIDIA H200, 37, 80 %, 19 %, 15041 MiB, 143771 MiB
2026/08/13 20:30:51.336, NVIDIA H200, 38, 99 %, 29 %, 15041 MiB, 143771 MiB
2026/08/13 20:30:54.336, NVIDIA H200, 34, 66 %, 21 %, 15041 MiB, 143771 MiB
2026/08/13 20:30:57.337, NVIDIA H200, 35, 64 %, 20 %, 15041 MiB, 143771 MiB
2026/08/13 20:31:00.337, NVIDIA H200, 37, 82 %, 26 %, 15041 MiB, 143771 MiB
2026/08/13 20:31:03.337, NVIDIA H200, 37, 97 %, 23 %, 15041 MiB, 143771 MiB
2026/08/13 20:31:06.338, NVIDIA H200, 37, 98 %, 31 %, 15041 MiB, 143771 MiB
2026/08/13 20:31:09.338, NVIDIA H200, 37, 87 %, 19 %, 15041 MiB, 143771 MiB
2026/08/13 20:31:12.338, NVIDIA H200, 38, 98 %, 31 %, 15041 MiB, 143771 MiB
2026/08/13 20:31:15.339, NVIDIA H200, 37, 98 %, 26 %, 15041 MiB, 143771 MiB
2026/08/13 20:31:18.339, NVIDIA H200, 37, 82 %, 25 %, 15041 MiB, 143771 MiB
2026/08/13 20:31:21.339, NVIDIA H200, 38, 99 %, 22 %, 15041 MiB, 143771 MiB
2026/08/13 20:31:24.340, NVIDIA H200, 38, 98 %, 34 %, 15041 MiB, 143771 MiB
2026/08/13 20:31:27.340, NVIDIA H200, 37, 90 %, 27 %, 15041 MiB, 143771 MiB
2026/08/13 20:31:30.340, NVIDIA H200, 37, 78 %, 17 %, 15041 MiB, 143771 MiB
2026/08/13 20:31:33.341, NVIDIA H200, 38, 99 %, 33 %, 15041 MiB, 143771 MiB
2026/08/13 20:31:36.341, NVIDIA H200, 36, 83 %, 21 %, 15041 MiB, 143771 MiB
2026/08/13 20:31:39.341, NVIDIA H200, 38, 98 %, 22 %, 15041 MiB, 143771 MiB
2026/08/13 20:31:42.341, NVIDIA H200, 39, 99 %, 31 %, 15041 MiB, 143771 MiB
2026/08/13 20:31:45.342, NVIDIA H200, 37, 86 %, 28 %, 15041 MiB, 143771 MiB
2026/08/13 20:31:48.342, NVIDIA H200, 37, 88 %, 19 %, 15041 MiB, 143771 MiB
2026/08/13 20:31:51.342, NVIDIA H200, 38, 99 %, 31 %, 15041 MiB, 143771 MiB
2026/08/13 20:31:54.343, NVIDIA H200, 38, 98 %, 32 %, 15041 MiB, 143771 MiB
2026/08/13 20:31:57.343, NVIDIA H200, 37, 83 %, 22 %, 15041 MiB, 143771 MiB
2026/08/13 20:32:00.343, NVIDIA H200, 36, 98 %, 21 %, 15041 MiB, 143771 MiB
2026/08/13 20:32:03.344, NVIDIA H200, 37, 98 %, 34 %, 15041 MiB, 143771 MiB
2026/08/13 20:32:06.344, NVIDIA H200, 38, 82 %, 17 %, 15041 MiB, 143771 MiB
2026/08/13 20:32:09.344, NVIDIA H200, 37, 99 %, 27 %, 15041 MiB, 143771 MiB
2026/08/13 20:32:12.345, NVIDIA H200, 37, 99 %, 31 %, 15041 MiB, 143771 MiB
2026/08/13 20:32:15.345, NVIDIA H200, 38, 99 %, 25 %, 15041 MiB, 143771 MiB
2026/08/13 20:32:18.345, NVIDIA H200, 37, 100 %, 23 %, 15041 MiB, 143771 MiB
2026/08/13 20:32:21.346, NVIDIA H200, 37, 98 %, 31 %, 15041 MiB, 143771 MiB
2026/08/13 20:32:24.346, NVIDIA H200, 38, 99 %, 22 %, 15041 MiB, 143771 MiB
2026/08/13 20:32:27.346, NVIDIA H200, 37, 98 %, 31 %, 15041 MiB, 143771 MiB
2026/08/13 20:32:30.347, NVIDIA H200, 38, 95 %, 27 %, 15041 MiB, 143771 MiB
2026/08/13 20:32:33.347, NVIDIA H200, 37, 100 %, 25 %, 15041 MiB, 143771 MiB
2026/08/13 20:32:36.347, NVIDIA H200, 37, 98 %, 32 %, 15041 MiB, 143771 MiB
2026/08/13 20:32:39.348, NVIDIA H200, 39, 98 %, 27 %, 15041 MiB, 143771 MiB
2026/08/13 20:32:42.348, NVIDIA H200, 37, 99 %, 21 %, 15041 MiB, 143771 MiB
2026/08/13 20:32:45.348, NVIDIA H200, 37, 99 %, 31 %, 15041 MiB, 143771 MiB
2026/08/13 20:32:48.348, NVIDIA H200, 35, 89 %, 24 %, 15041 MiB, 143771 MiB
2026/08/13 20:32:51.349, NVIDIA H200, 37, 99 %, 30 %, 15041 MiB, 143771 MiB
2026/08/13 20:32:54.349, NVIDIA H200, 38, 98 %, 26 %, 15041 MiB, 143771 MiB
2026/08/13 20:32:57.349, NVIDIA H200, 37, 100 %, 24 %, 15041 MiB, 143771 MiB
2026/08/13 20:33:00.349, NVIDIA H200, 36, 99 %, 31 %, 15041 MiB, 143771 MiB
2026/08/13 20:33:03.350, NVIDIA H200, 38, 90 %, 22 %, 15041 MiB, 143771 MiB
2026/08/13 20:33:06.350, NVIDIA H200, 29, 0 %, 0 %, 15041 MiB, 143771 MiB
2026/08/13 20:33:09.350, NVIDIA H200, 35, 59 %, 18 %, 15041 MiB, 143771 MiB
2026/08/13 20:33:12.351, NVIDIA H200, 37, 99 %, 32 %, 15041 MiB, 143771 MiB
2026/08/13 20:33:15.351, NVIDIA H200, 25, 0 %, 0 %, 15041 MiB, 143771 MiB
2026/08/13 20:33:18.351, NVIDIA H200, 25, 0 %, 0 %, 15041 MiB, 143771 MiB
2026/08/13 20:33:21.351, NVIDIA H200, 36, 69 %, 18 %, 15041 MiB, 143771 MiB
2026/08/13 20:33:24.352, NVIDIA H200, 36, 100 %, 23 %, 15041 MiB, 143771 MiB
2026/08/13 20:33:27.352, NVIDIA H200, 37, 91 %, 30 %, 15041 MiB, 143771 MiB
2026/08/13 20:33:30.352, NVIDIA H200, 37, 89 %, 20 %, 15041 MiB, 143771 MiB
2026/08/13 20:33:33.353, NVIDIA H200, 37, 90 %, 28 %, 15041 MiB, 143771 MiB
2026/08/13 20:33:36.353, NVIDIA H200, 38, 98 %, 32 %, 15041 MiB, 143771 MiB
2026/08/13 20:33:39.353, NVIDIA H200, 36, 98 %, 27 %, 15041 MiB, 143771 MiB
2026/08/13 20:33:42.354, NVIDIA H200, 38, 99 %, 21 %, 15041 MiB, 143771 MiB
2026/08/13 20:33:45.354, NVIDIA H200, 37, 98 %, 32 %, 15041 MiB, 143771 MiB
2026/08/13 20:33:48.354, NVIDIA H200, 36, 80 %, 19 %, 15041 MiB, 143771 MiB
2026/08/13 20:33:51.355, NVIDIA H200, 38, 99 %, 33 %, 15041 MiB, 143771 MiB
2026/08/13 20:33:54.355, NVIDIA H200, 36, 91 %, 21 %, 15041 MiB, 143771 MiB
2026/08/13 20:33:57.355, NVIDIA H200, 38, 99 %, 31 %, 15041 MiB, 143771 MiB
2026/08/13 20:34:00.356, NVIDIA H200, 37, 98 %, 26 %, 15041 MiB, 143771 MiB
2026/08/13 20:34:03.356, NVIDIA H200, 38, 93 %, 22 %, 15041 MiB, 143771 MiB
2026/08/13 20:34:06.356, NVIDIA H200, 37, 98 %, 31 %, 15041 MiB, 143771 MiB
2026/08/13 20:34:09.357, NVIDIA H200, 37, 90 %, 18 %, 15041 MiB, 143771 MiB
2026/08/13 20:34:12.357, NVIDIA H200, 38, 99 %, 33 %, 15041 MiB, 143771 MiB
2026/08/13 20:34:15.357, NVIDIA H200, 37, 99 %, 26 %, 15041 MiB, 143771 MiB
2026/08/13 20:34:18.358, NVIDIA H200, 36, 100 %, 23 %, 15041 MiB, 143771 MiB
2026/08/13 20:34:21.358, NVIDIA H200, 37, 93 %, 29 %, 15041 MiB, 143771 MiB
2026/08/13 20:34:24.358, NVIDIA H200, 37, 85 %, 20 %, 15041 MiB, 143771 MiB
2026/08/13 20:34:27.359, NVIDIA H200, 37, 99 %, 32 %, 15041 MiB, 143771 MiB
2026/08/13 20:34:30.359, NVIDIA H200, 36, 77 %, 18 %, 15041 MiB, 143771 MiB
2026/08/13 20:34:33.359, NVIDIA H200, 38, 98 %, 32 %, 15041 MiB, 143771 MiB
2026/08/13 20:34:36.359, NVIDIA H200, 36, 99 %, 26 %, 15041 MiB, 143771 MiB
2026/08/13 20:34:39.360, NVIDIA H200, 36, 99 %, 27 %, 15041 MiB, 143771 MiB
2026/08/13 20:34:42.360, NVIDIA H200, 36, 95 %, 29 %, 15041 MiB, 143771 MiB
2026/08/13 20:34:45.360, NVIDIA H200, 37, 94 %, 20 %, 15041 MiB, 143771 MiB
2026/08/13 20:34:48.361, NVIDIA H200, 38, 98 %, 33 %, 15041 MiB, 143771 MiB
2026/08/13 20:34:51.361, NVIDIA H200, 37, 90 %, 25 %, 15041 MiB, 143771 MiB
2026/08/13 20:34:54.361, NVIDIA H200, 38, 94 %, 20 %, 15041 MiB, 143771 MiB
2026/08/13 20:34:57.362, NVIDIA H200, 37, 99 %, 32 %, 15041 MiB, 143771 MiB
2026/08/13 20:35:00.362, NVIDIA H200, 36, 84 %, 20 %, 15041 MiB, 143771 MiB
2026/08/13 20:35:03.362, NVIDIA H200, 35, 100 %, 24 %, 15041 MiB, 143771 MiB
2026/08/13 20:35:06.363, NVIDIA H200, 36, 98 %, 28 %, 15041 MiB, 143771 MiB
2026/08/13 20:35:09.363, NVIDIA H200, 36, 100 %, 23 %, 15041 MiB, 143771 MiB
2026/08/13 20:35:12.363, NVIDIA H200, 37, 99 %, 34 %, 15041 MiB, 143771 MiB
2026/08/13 20:35:15.364, NVIDIA H200, 37, 98 %, 26 %, 15041 MiB, 143771 MiB
2026/08/13 20:35:18.364, NVIDIA H200, 37, 100 %, 24 %, 15041 MiB, 143771 MiB
2026/08/13 20:35:21.364, NVIDIA H200, 37, 98 %, 31 %, 15041 MiB, 143771 MiB
2026/08/13 20:35:24.365, NVIDIA H200, 38, 99 %, 26 %, 15041 MiB, 143771 MiB
2026/08/13 20:35:27.365, NVIDIA H200, 29, 0 %, 0 %, 15041 MiB, 143771 MiB
2026/08/13 20:35:30.365, NVIDIA H200, 35, 62 %, 20 %, 15041 MiB, 143771 MiB
2026/08/13 20:35:33.365, NVIDIA H200, 28, 0 %, 0 %, 15041 MiB, 143771 MiB
2026/08/13 20:35:36.366, NVIDIA H200, 38, 82 %, 23 %, 15041 MiB, 143771 MiB
2026/08/13 20:35:39.366, NVIDIA H200, 36, 98 %, 32 %, 15041 MiB, 143771 MiB
2026/08/13 20:35:42.366, NVIDIA H200, 38, 85 %, 20 %, 15041 MiB, 143771 MiB
2026/08/13 20:35:45.367, NVIDIA H200, 36, 98 %, 34 %, 15041 MiB, 143771 MiB
2026/08/13 20:35:48.367, NVIDIA H200, 36, 100 %, 25 %, 15041 MiB, 143771 MiB
2026/08/13 20:35:51.367, NVIDIA H200, 37, 98 %, 34 %, 15041 MiB, 143771 MiB
2026/08/13 20:35:54.368, NVIDIA H200, 37, 87 %, 19 %, 15041 MiB, 143771 MiB
2026/08/13 20:35:57.368, NVIDIA H200, 37, 92 %, 29 %, 15041 MiB, 143771 MiB
2026/08/13 20:36:00.368, NVIDIA H200, 37, 99 %, 27 %, 15041 MiB, 143771 MiB
2026/08/13 20:36:03.369, NVIDIA H200, 38, 99 %, 21 %, 15041 MiB, 143771 MiB
2026/08/13 20:36:06.369, NVIDIA H200, 37, 79 %, 27 %, 15041 MiB, 143771 MiB
2026/08/13 20:36:09.369, NVIDIA H200, 38, 92 %, 20 %, 15041 MiB, 143771 MiB
2026/08/13 20:36:12.370, NVIDIA H200, 37, 93 %, 28 %, 15041 MiB, 143771 MiB
2026/08/13 20:36:15.370, NVIDIA H200, 37, 99 %, 22 %, 15041 MiB, 143771 MiB
2026/08/13 20:36:18.370, NVIDIA H200, 37, 92 %, 28 %, 15041 MiB, 143771 MiB
2026/08/13 20:36:21.371, NVIDIA H200, 36, 100 %, 24 %, 15041 MiB, 143771 MiB
2026/08/13 20:36:24.371, NVIDIA H200, 36, 86 %, 22 %, 15041 MiB, 143771 MiB
2026/08/13 20:36:27.371, NVIDIA H200, 36, 99 %, 34 %, 15041 MiB, 143771 MiB
2026/08/13 20:36:30.372, NVIDIA H200, 38, 99 %, 25 %, 15041 MiB, 143771 MiB
2026/08/13 20:36:33.372, NVIDIA H200, 36, 98 %, 32 %, 15041 MiB, 143771 MiB
2026/08/13 20:36:36.372, NVIDIA H200, 36, 99 %, 33 %, 15041 MiB, 143771 MiB
2026/08/13 20:36:39.373, NVIDIA H200, 36, 92 %, 22 %, 15041 MiB, 143771 MiB
2026/08/13 20:36:42.373, NVIDIA H200, 38, 88 %, 21 %, 15041 MiB, 143771 MiB
2026/08/13 20:36:45.373, NVIDIA H200, 37, 98 %, 32 %, 15041 MiB, 143771 MiB
2026/08/13 20:36:48.374, NVIDIA H200, 38, 91 %, 22 %, 15041 MiB, 143771 MiB
2026/08/13 20:36:51.374, NVIDIA H200, 37, 85 %, 27 %, 15041 MiB, 143771 MiB
2026/08/13 20:36:54.374, NVIDIA H200, 37, 98 %, 31 %, 15041 MiB, 143771 MiB
2026/08/13 20:36:57.375, NVIDIA H200, 37, 94 %, 20 %, 15041 MiB, 143771 MiB
2026/08/13 20:37:00.375, NVIDIA H200, 37, 80 %, 27 %, 15041 MiB, 143771 MiB
2026/08/13 20:37:03.375, NVIDIA H200, 37, 89 %, 20 %, 15041 MiB, 143771 MiB
2026/08/13 20:37:06.376, NVIDIA H200, 38, 90 %, 26 %, 15041 MiB, 143771 MiB
2026/08/13 20:37:09.376, NVIDIA H200, 36, 100 %, 23 %, 15041 MiB, 143771 MiB
2026/08/13 20:37:12.376, NVIDIA H200, 36, 99 %, 31 %, 15041 MiB, 143771 MiB
2026/08/13 20:37:15.377, NVIDIA H200, 38, 89 %, 23 %, 15041 MiB, 143771 MiB
2026/08/13 20:37:18.377, NVIDIA H200, 36, 100 %, 24 %, 15041 MiB, 143771 MiB
2026/08/13 20:37:21.377, NVIDIA H200, 37, 99 %, 32 %, 15041 MiB, 143771 MiB
2026/08/13 20:37:24.378, NVIDIA H200, 38, 99 %, 25 %, 15041 MiB, 143771 MiB
2026/08/13 20:37:27.378, NVIDIA H200, 36, 100 %, 24 %, 15041 MiB, 143771 MiB
2026/08/13 20:37:30.378, NVIDIA H200, 37, 99 %, 31 %, 15041 MiB, 143771 MiB
2026/08/13 20:37:33.379, NVIDIA H200, 38, 83 %, 19 %, 15041 MiB, 143771 MiB
2026/08/13 20:37:36.379, NVIDIA H200, 37, 98 %, 31 %, 15041 MiB, 143771 MiB
2026/08/13 20:37:39.379, NVIDIA H200, 38, 98 %, 31 %, 15041 MiB, 143771 MiB
2026/08/13 20:37:42.380, NVIDIA H200, 30, 0 %, 0 %, 15041 MiB, 143771 MiB
2026/08/13 20:37:45.380, NVIDIA H200, 35, 62 %, 20 %, 15041 MiB, 143771 MiB
2026/08/13 20:37:48.380, NVIDIA H200, 27, 5 %, 0 %, 15041 MiB, 143771 MiB
2026/08/13 20:37:51.381, NVIDIA H200, 36, 99 %, 21 %, 15041 MiB, 143771 MiB
2026/08/13 20:37:54.381, NVIDIA H200, 36, 100 %, 24 %, 15041 MiB, 143771 MiB
2026/08/13 20:37:57.381, NVIDIA H200, 37, 90 %, 30 %, 15041 MiB, 143771 MiB
2026/08/13 20:38:00.382, NVIDIA H200, 36, 80 %, 17 %, 15041 MiB, 143771 MiB
2026/08/13 20:38:03.382, NVIDIA H200, 36, 99 %, 33 %, 15041 MiB, 143771 MiB
2026/08/13 20:38:06.382, NVIDIA H200, 38, 93 %, 23 %, 15041 MiB, 143771 MiB
2026/08/13 20:38:09.383, NVIDIA H200, 36, 99 %, 23 %, 15041 MiB, 143771 MiB
2026/08/13 20:38:12.383, NVIDIA H200, 36, 99 %, 22 %, 15041 MiB, 143771 MiB
2026/08/13 20:38:15.383, NVIDIA H200, 38, 99 %, 31 %, 15041 MiB, 143771 MiB
2026/08/13 20:38:18.383, NVIDIA H200, 36, 92 %, 28 %, 15041 MiB, 143771 MiB
2026/08/13 20:38:21.384, NVIDIA H200, 36, 97 %, 24 %, 15041 MiB, 143771 MiB
2026/08/13 20:38:24.384, NVIDIA H200, 38, 100 %, 24 %, 15041 MiB, 143771 MiB
2026/08/13 20:38:27.384, NVIDIA H200, 36, 98 %, 32 %, 15041 MiB, 143771 MiB
2026/08/13 20:38:30.385, NVIDIA H200, 37, 92 %, 19 %, 15041 MiB, 143771 MiB
2026/08/13 20:38:33.385, NVIDIA H200, 37, 99 %, 32 %, 15041 MiB, 143771 MiB
2026/08/13 20:38:36.385, NVIDIA H200, 37, 98 %, 23 %, 15041 MiB, 143771 MiB
2026/08/13 20:38:39.386, NVIDIA H200, 37, 98 %, 34 %, 15041 MiB, 143771 MiB
2026/08/13 20:38:42.386, NVIDIA H200, 38, 82 %, 19 %, 15041 MiB, 143771 MiB
2026/08/13 20:38:45.386, NVIDIA H200, 36, 99 %, 34 %, 15041 MiB, 143771 MiB
2026/08/13 20:38:48.387, NVIDIA H200, 36, 85 %, 18 %, 15041 MiB, 143771 MiB
2026/08/13 20:38:51.387, NVIDIA H200, 37, 85 %, 29 %, 15041 MiB, 143771 MiB
2026/08/13 20:38:54.387, NVIDIA H200, 36, 98 %, 30 %, 15041 MiB, 143771 MiB
2026/08/13 20:38:57.387, NVIDIA H200, 37, 92 %, 22 %, 15041 MiB, 143771 MiB
2026/08/13 20:39:00.388, NVIDIA H200, 38, 99 %, 26 %, 15041 MiB, 143771 MiB
2026/08/13 20:39:03.388, NVIDIA H200, 38, 98 %, 32 %, 15041 MiB, 143771 MiB
2026/08/13 20:39:06.388, NVIDIA H200, 36, 99 %, 31 %, 15041 MiB, 143771 MiB
2026/08/13 20:39:09.389, NVIDIA H200, 37, 100 %, 23 %, 15041 MiB, 143771 MiB
2026/08/13 20:39:12.389, NVIDIA H200, 39, 98 %, 30 %, 15041 MiB, 143771 MiB
2026/08/13 20:39:15.389, NVIDIA H200, 37, 91 %, 22 %, 15041 MiB, 143771 MiB
2026/08/13 20:39:18.389, NVIDIA H200, 37, 93 %, 29 %, 15041 MiB, 143771 MiB
2026/08/13 20:39:21.390, NVIDIA H200, 36, 100 %, 25 %, 15041 MiB, 143771 MiB
2026/08/13 20:39:24.390, NVIDIA H200, 36, 98 %, 32 %, 15041 MiB, 143771 MiB
2026/08/13 20:39:27.390, NVIDIA H200, 36, 90 %, 22 %, 15041 MiB, 143771 MiB
2026/08/13 20:39:30.390, NVIDIA H200, 38, 96 %, 25 %, 15041 MiB, 143771 MiB
2026/08/13 20:39:33.391, NVIDIA H200, 37, 98 %, 34 %, 15041 MiB, 143771 MiB
2026/08/13 20:39:36.391, NVIDIA H200, 37, 96 %, 23 %, 15041 MiB, 143771 MiB
2026/08/13 20:39:39.391, NVIDIA H200, 36, 98 %, 26 %, 15041 MiB, 143771 MiB
2026/08/13 20:39:42.391, NVIDIA H200, 38, 98 %, 31 %, 15041 MiB, 143771 MiB
2026/08/13 20:39:45.392, NVIDIA H200, 36, 87 %, 22 %, 15041 MiB, 143771 MiB
2026/08/13 20:39:48.392, NVIDIA H200, 36, 89 %, 28 %, 15041 MiB, 143771 MiB
2026/08/13 20:39:51.392, NVIDIA H200, 37, 98 %, 30 %, 15041 MiB, 143771 MiB
2026/08/13 20:39:54.392, NVIDIA H200, 37, 91 %, 28 %, 15041 MiB, 143771 MiB
2026/08/13 20:39:57.393, NVIDIA H200, 29, 0 %, 0 %, 15041 MiB, 143771 MiB
2026/08/13 20:40:00.393, NVIDIA H200, 35, 56 %, 18 %, 15041 MiB, 143771 MiB
2026/08/13 20:40:03.393, NVIDIA H200, 36, 99 %, 30 %, 15041 MiB, 143771 MiB
2026/08/13 20:40:06.394, NVIDIA H200, 35, 80 %, 17 %, 15041 MiB, 143771 MiB
2026/08/13 20:40:09.394, NVIDIA H200, 36, 81 %, 26 %, 15041 MiB, 143771 MiB
2026/08/13 20:40:12.394, NVIDIA H200, 38, 100 %, 25 %, 15041 MiB, 143771 MiB
2026/08/13 20:40:15.395, NVIDIA H200, 36, 98 %, 32 %, 15041 MiB, 143771 MiB
2026/08/13 20:40:18.395, NVIDIA H200, 38, 99 %, 20 %, 15041 MiB, 143771 MiB
2026/08/13 20:40:21.395, NVIDIA H200, 38, 98 %, 32 %, 15041 MiB, 143771 MiB
2026/08/13 20:40:24.396, NVIDIA H200, 36, 88 %, 21 %, 15041 MiB, 143771 MiB
2026/08/13 20:40:27.396, NVIDIA H200, 35, 100 %, 24 %, 15041 MiB, 143771 MiB
2026/08/13 20:40:30.396, NVIDIA H200, 36, 99 %, 25 %, 15041 MiB, 143771 MiB
2026/08/13 20:40:33.397, NVIDIA H200, 36, 96 %, 30 %, 15041 MiB, 143771 MiB
2026/08/13 20:40:36.397, NVIDIA H200, 37, 79 %, 17 %, 15041 MiB, 143771 MiB
2026/08/13 20:40:39.397, NVIDIA H200, 36, 84 %, 28 %, 15041 MiB, 143771 MiB
2026/08/13 20:40:42.398, NVIDIA H200, 38, 99 %, 31 %, 15041 MiB, 143771 MiB
2026/08/13 20:40:45.398, NVIDIA H200, 36, 88 %, 19 %, 15041 MiB, 143771 MiB
2026/08/13 20:40:48.398, NVIDIA H200, 36, 86 %, 28 %, 15041 MiB, 143771 MiB
2026/08/13 20:40:51.399, NVIDIA H200, 36, 81 %, 19 %, 15041 MiB, 143771 MiB
2026/08/13 20:40:54.399, NVIDIA H200, 38, 99 %, 24 %, 15041 MiB, 143771 MiB
2026/08/13 20:40:57.399, NVIDIA H200, 36, 77 %, 25 %, 15041 MiB, 143771 MiB
2026/08/13 20:41:00.400, NVIDIA H200, 37, 99 %, 25 %, 15041 MiB, 143771 MiB
2026/08/13 20:41:03.400, NVIDIA H200, 37, 99 %, 29 %, 15041 MiB, 143771 MiB
2026/08/13 20:41:06.400, NVIDIA H200, 38, 99 %, 34 %, 15041 MiB, 143771 MiB
2026/08/13 20:41:09.401, NVIDIA H200, 36, 81 %, 19 %, 15041 MiB, 143771 MiB
2026/08/13 20:41:12.401, NVIDIA H200, 38, 98 %, 32 %, 15041 MiB, 143771 MiB
2026/08/13 20:41:15.401, NVIDIA H200, 36, 83 %, 17 %, 15041 MiB, 143771 MiB
2026/08/13 20:41:18.401, NVIDIA H200, 37, 98 %, 32 %, 15041 MiB, 143771 MiB
2026/08/13 20:41:21.402, NVIDIA H200, 38, 88 %, 21 %, 15041 MiB, 143771 MiB
2026/08/13 20:41:24.402, NVIDIA H200, 36, 95 %, 29 %, 15041 MiB, 143771 MiB
2026/08/13 20:41:27.402, NVIDIA H200, 39, 100 %, 24 %, 15041 MiB, 143771 MiB
2026/08/13 20:41:30.403, NVIDIA H200, 37, 87 %, 28 %, 15041 MiB, 143771 MiB
2026/08/13 20:41:33.403, NVIDIA H200, 37, 98 %, 30 %, 15041 MiB, 143771 MiB
2026/08/13 20:41:36.403, NVIDIA H200, 36, 86 %, 22 %, 15041 MiB, 143771 MiB
2026/08/13 20:41:39.404, NVIDIA H200, 38, 96 %, 23 %, 15041 MiB, 143771 MiB
2026/08/13 20:41:42.404, NVIDIA H200, 37, 88 %, 25 %, 15041 MiB, 143771 MiB
2026/08/13 20:41:45.404, NVIDIA H200, 39, 99 %, 31 %, 15041 MiB, 143771 MiB
2026/08/13 20:41:48.405, NVIDIA H200, 36, 88 %, 21 %, 15041 MiB, 143771 MiB
2026/08/13 20:41:51.405, NVIDIA H200, 37, 99 %, 31 %, 15041 MiB, 143771 MiB
2026/08/13 20:41:54.405, NVIDIA H200, 38, 95 %, 20 %, 15041 MiB, 143771 MiB
2026/08/13 20:41:57.406, NVIDIA H200, 37, 98 %, 31 %, 15041 MiB, 143771 MiB
2026/08/13 20:42:00.406, NVIDIA H200, 37, 98 %, 21 %, 15041 MiB, 143771 MiB
2026/08/13 20:42:03.406, NVIDIA H200, 37, 86 %, 25 %, 15041 MiB, 143771 MiB
2026/08/13 20:42:06.407, NVIDIA H200, 38, 98 %, 34 %, 15041 MiB, 143771 MiB
2026/08/13 20:42:09.407, NVIDIA H200, 37, 99 %, 21 %, 15041 MiB, 143771 MiB
2026/08/13 20:42:12.407, NVIDIA H200, 29, 0 %, 0 %, 15041 MiB, 143771 MiB
2026/08/13 20:42:15.408, NVIDIA H200, 34, 75 %, 18 %, 15041 MiB, 143771 MiB
2026/08/13 20:42:18.408, NVIDIA H200, 36, 84 %, 23 %, 15041 MiB, 143771 MiB
2026/08/13 20:42:21.408, NVIDIA H200, 25, 0 %, 0 %, 15041 MiB, 143771 MiB
2026/08/13 20:42:24.408, NVIDIA H200, 37, 99 %, 33 %, 15041 MiB, 143771 MiB
2026/08/13 20:42:27.409, NVIDIA H200, 36, 99 %, 25 %, 15041 MiB, 143771 MiB
2026/08/13 20:42:30.409, NVIDIA H200, 38, 98 %, 32 %, 15041 MiB, 143771 MiB
2026/08/13 20:42:33.409, NVIDIA H200, 36, 91 %, 22 %, 15041 MiB, 143771 MiB
2026/08/13 20:42:36.410, NVIDIA H200, 36, 92 %, 30 %, 15041 MiB, 143771 MiB
2026/08/13 20:42:39.410, NVIDIA H200, 37, 99 %, 21 %, 15041 MiB, 143771 MiB
2026/08/13 20:42:42.410, NVIDIA H200, 36, 88 %, 29 %, 15041 MiB, 143771 MiB
2026/08/13 20:42:45.411, NVIDIA H200, 37, 99 %, 25 %, 15041 MiB, 143771 MiB
2026/08/13 20:42:48.411, NVIDIA H200, 36, 94 %, 29 %, 15041 MiB, 143771 MiB
2026/08/13 20:42:51.411, NVIDIA H200, 36, 99 %, 28 %, 15041 MiB, 143771 MiB
2026/08/13 20:42:54.412, NVIDIA H200, 36, 86 %, 20 %, 15041 MiB, 143771 MiB
2026/08/13 20:42:57.412, NVIDIA H200, 38, 98 %, 31 %, 15041 MiB, 143771 MiB
2026/08/13 20:43:00.412, NVIDIA H200, 36, 83 %, 20 %, 15041 MiB, 143771 MiB
2026/08/13 20:43:03.413, NVIDIA H200, 36, 100 %, 26 %, 15041 MiB, 143771 MiB
2026/08/13 20:43:06.413, NVIDIA H200, 37, 99 %, 34 %, 15041 MiB, 143771 MiB
2026/08/13 20:43:09.413, NVIDIA H200, 37, 99 %, 25 %, 15041 MiB, 143771 MiB
2026/08/13 20:43:12.414, NVIDIA H200, 38, 98 %, 32 %, 15041 MiB, 143771 MiB
2026/08/13 20:43:15.414, NVIDIA H200, 37, 100 %, 23 %, 15041 MiB, 143771 MiB
2026/08/13 20:43:18.414, NVIDIA H200, 38, 98 %, 25 %, 15041 MiB, 143771 MiB
2026/08/13 20:43:21.414, NVIDIA H200, 36, 99 %, 24 %, 15041 MiB, 143771 MiB
2026/08/13 20:43:24.415, NVIDIA H200, 35, 84 %, 25 %, 15041 MiB, 143771 MiB
2026/08/13 20:43:27.415, NVIDIA H200, 36, 98 %, 31 %, 15041 MiB, 143771 MiB
2026/08/13 20:43:30.415, NVIDIA H200, 37, 96 %, 23 %, 15041 MiB, 143771 MiB
2026/08/13 20:43:33.416, NVIDIA H200, 36, 100 %, 23 %, 15041 MiB, 143771 MiB
2026/08/13 20:43:36.416, NVIDIA H200, 37, 84 %, 24 %, 15041 MiB, 143771 MiB
2026/08/13 20:43:39.416, NVIDIA H200, 37, 98 %, 33 %, 15041 MiB, 143771 MiB
2026/08/13 20:43:42.417, NVIDIA H200, 36, 82 %, 19 %, 15041 MiB, 143771 MiB
2026/08/13 20:43:45.417, NVIDIA H200, 36, 79 %, 24 %, 15041 MiB, 143771 MiB
2026/08/13 20:43:48.417, NVIDIA H200, 37, 99 %, 34 %, 15041 MiB, 143771 MiB
2026/08/13 20:43:51.418, NVIDIA H200, 36, 96 %, 21 %, 15041 MiB, 143771 MiB
2026/08/13 20:43:54.418, NVIDIA H200, 37, 92 %, 28 %, 15041 MiB, 143771 MiB
2026/08/13 20:43:57.418, NVIDIA H200, 37, 95 %, 24 %, 15041 MiB, 143771 MiB
2026/08/13 20:44:00.418, NVIDIA H200, 36, 98 %, 31 %, 15041 MiB, 143771 MiB
2026/08/13 20:44:03.419, NVIDIA H200, 37, 93 %, 23 %, 15041 MiB, 143771 MiB
2026/08/13 20:44:06.419, NVIDIA H200, 37, 98 %, 31 %, 15041 MiB, 143771 MiB
2026/08/13 20:44:09.419, NVIDIA H200, 36, 99 %, 27 %, 15041 MiB, 143771 MiB
2026/08/13 20:44:12.420, NVIDIA H200, 36, 91 %, 21 %, 15041 MiB, 143771 MiB
2026/08/13 20:44:15.420, NVIDIA H200, 34, 76 %, 24 %, 15041 MiB, 143771 MiB
2026/08/13 20:44:18.420, NVIDIA H200, 36, 100 %, 24 %, 15041 MiB, 143771 MiB
2026/08/13 20:44:21.421, NVIDIA H200, 38, 98 %, 27 %, 15041 MiB, 143771 MiB
2026/08/13 20:44:24.421, NVIDIA H200, 37, 100 %, 25 %, 15041 MiB, 143771 MiB
2026/08/13 20:44:27.421, NVIDIA H200, 39, 98 %, 29 %, 15041 MiB, 143771 MiB
2026/08/13 20:44:30.422, NVIDIA H200, 31, 58 %, 18 %, 15041 MiB, 143771 MiB
2026/08/13 20:44:33.422, NVIDIA H200, 32, 66 %, 21 %, 15041 MiB, 143771 MiB
2026/08/13 20:44:36.422, NVIDIA H200, 27, 0 %, 0 %, 15041 MiB, 143771 MiB
2026/08/13 20:44:39.423, NVIDIA H200, 25, 0 %, 0 %, 15041 MiB, 143771 MiB
2026/08/13 20:44:42.423, NVIDIA H200, 31, 57 %, 18 %, 15041 MiB, 143771 MiB
2026/08/13 20:44:45.423, NVIDIA H200, 35, 98 %, 32 %, 15041 MiB, 143771 MiB
2026/08/13 20:44:48.423, NVIDIA H200, 36, 85 %, 21 %, 15041 MiB, 143771 MiB
2026/08/13 20:44:51.424, NVIDIA H200, 37, 98 %, 27 %, 15041 MiB, 143771 MiB
2026/08/13 20:44:54.424, NVIDIA H200, 38, 100 %, 23 %, 15041 MiB, 143771 MiB
2026/08/13 20:44:57.424, NVIDIA H200, 36, 91 %, 23 %, 15041 MiB, 143771 MiB
2026/08/13 20:45:00.425, NVIDIA H200, 37, 99 %, 32 %, 15041 MiB, 143771 MiB
2026/08/13 20:45:03.425, NVIDIA H200, 37, 93 %, 22 %, 15041 MiB, 143771 MiB
2026/08/13 20:45:06.425, NVIDIA H200, 36, 76 %, 20 %, 15041 MiB, 143771 MiB
2026/08/13 20:45:09.426, NVIDIA H200, 37, 98 %, 34 %, 15041 MiB, 143771 MiB
2026/08/13 20:45:12.426, NVIDIA H200, 38, 100 %, 23 %, 15041 MiB, 143771 MiB
2026/08/13 20:45:15.426, NVIDIA H200, 36, 88 %, 23 %, 15041 MiB, 143771 MiB
2026/08/13 20:45:18.427, NVIDIA H200, 38, 98 %, 32 %, 15041 MiB, 143771 MiB
2026/08/13 20:45:21.427, NVIDIA H200, 36, 76 %, 18 %, 15041 MiB, 143771 MiB
2026/08/13 20:45:24.427, NVIDIA H200, 37, 99 %, 34 %, 15041 MiB, 143771 MiB
2026/08/13 20:45:27.428, NVIDIA H200, 37, 97 %, 27 %, 15041 MiB, 143771 MiB
2026/08/13 20:45:30.428, NVIDIA H200, 37, 98 %, 34 %, 15041 MiB, 143771 MiB
2026/08/13 20:45:33.428, NVIDIA H200, 38, 99 %, 24 %, 15041 MiB, 143771 MiB
2026/08/13 20:45:36.429, NVIDIA H200, 36, 87 %, 28 %, 15041 MiB, 143771 MiB
2026/08/13 20:45:39.429, NVIDIA H200, 37, 99 %, 21 %, 15041 MiB, 143771 MiB
2026/08/13 20:45:42.429, NVIDIA H200, 36, 79 %, 25 %, 15041 MiB, 143771 MiB
2026/08/13 20:45:45.429, NVIDIA H200, 37, 99 %, 30 %, 15041 MiB, 143771 MiB
2026/08/13 20:45:48.430, NVIDIA H200, 37, 97 %, 27 %, 15041 MiB, 143771 MiB
2026/08/13 20:45:51.430, NVIDIA H200, 37, 99 %, 31 %, 15041 MiB, 143771 MiB
2026/08/13 20:45:54.430, NVIDIA H200, 36, 95 %, 25 %, 15041 MiB, 143771 MiB
2026/08/13 20:45:57.431, NVIDIA H200, 38, 99 %, 31 %, 15041 MiB, 143771 MiB
2026/08/13 20:46:00.431, NVIDIA H200, 37, 98 %, 20 %, 15041 MiB, 143771 MiB
2026/08/13 20:46:03.431, NVIDIA H200, 38, 98 %, 32 %, 15041 MiB, 143771 MiB
2026/08/13 20:46:06.432, NVIDIA H200, 36, 96 %, 21 %, 15041 MiB, 143771 MiB
2026/08/13 20:46:09.432, NVIDIA H200, 37, 91 %, 22 %, 15041 MiB, 143771 MiB
2026/08/13 20:46:12.432, NVIDIA H200, 36, 90 %, 27 %, 15041 MiB, 143771 MiB
2026/08/13 20:46:15.433, NVIDIA H200, 37, 95 %, 31 %, 15041 MiB, 143771 MiB
2026/08/13 20:46:18.433, NVIDIA H200, 37, 92 %, 23 %, 15041 MiB, 143771 MiB
2026/08/13 20:46:21.433, NVIDIA H200, 36, 98 %, 33 %, 15041 MiB, 143771 MiB
2026/08/13 20:46:24.434, NVIDIA H200, 38, 88 %, 21 %, 15041 MiB, 143771 MiB
2026/08/13 20:46:27.434, NVIDIA H200, 37, 99 %, 34 %, 15041 MiB, 143771 MiB
2026/08/13 20:46:30.434, NVIDIA H200, 38, 85 %, 20 %, 15041 MiB, 143771 MiB
2026/08/13 20:46:33.435, NVIDIA H200, 36, 100 %, 23 %, 15041 MiB, 143771 MiB
2026/08/13 20:46:36.435, NVIDIA H200, 38, 82 %, 19 %, 15041 MiB, 143771 MiB
2026/08/13 20:46:39.435, NVIDIA H200, 36, 98 %, 32 %, 15041 MiB, 143771 MiB
2026/08/13 20:46:42.435, NVIDIA H200, 38, 79 %, 16 %, 15041 MiB, 143771 MiB
2026/08/13 20:46:45.436, NVIDIA H200, 37, 99 %, 32 %, 15041 MiB, 143771 MiB
2026/08/13 20:46:48.436, NVIDIA H200, 38, 98 %, 29 %, 15041 MiB, 143771 MiB
2026/08/13 20:46:51.436, NVIDIA H200, 33, 49 %, 15 %, 15041 MiB, 143771 MiB
2026/08/13 20:46:54.437, NVIDIA H200, 35, 77 %, 26 %, 15041 MiB, 143771 MiB
2026/08/13 20:46:57.437, NVIDIA H200, 26, 3 %, 0 %, 15041 MiB, 143771 MiB
2026/08/13 20:47:00.437, NVIDIA H200, 35, 99 %, 23 %, 15041 MiB, 143771 MiB
2026/08/13 20:47:03.438, NVIDIA H200, 36, 96 %, 27 %, 15041 MiB, 143771 MiB
2026/08/13 20:47:06.438, NVIDIA H200, 36, 100 %, 26 %, 15041 MiB, 143771 MiB
2026/08/13 20:47:09.438, NVIDIA H200, 37, 84 %, 20 %, 15041 MiB, 143771 MiB
2026/08/13 20:47:12.439, NVIDIA H200, 37, 94 %, 29 %, 15041 MiB, 143771 MiB
2026/08/13 20:47:15.439, NVIDIA H200, 36, 99 %, 28 %, 15041 MiB, 143771 MiB
2026/08/13 20:47:18.439, NVIDIA H200, 39, 98 %, 27 %, 15041 MiB, 143771 MiB
2026/08/13 20:47:21.440, NVIDIA H200, 36, 98 %, 29 %, 15041 MiB, 143771 MiB
2026/08/13 20:47:24.440, NVIDIA H200, 37, 79 %, 17 %, 15041 MiB, 143771 MiB
2026/08/13 20:47:27.440, NVIDIA H200, 37, 86 %, 29 %, 15041 MiB, 143771 MiB
2026/08/13 20:47:30.441, NVIDIA H200, 37, 99 %, 22 %, 15041 MiB, 143771 MiB
2026/08/13 20:47:33.441, NVIDIA H200, 37, 97 %, 30 %, 15041 MiB, 143771 MiB
2026/08/13 20:47:36.441, NVIDIA H200, 36, 96 %, 23 %, 15041 MiB, 143771 MiB
2026/08/13 20:47:39.442, NVIDIA H200, 39, 93 %, 24 %, 15041 MiB, 143771 MiB
2026/08/13 20:47:42.442, NVIDIA H200, 38, 98 %, 24 %, 15041 MiB, 143771 MiB
2026/08/13 20:47:45.442, NVIDIA H200, 36, 98 %, 33 %, 15041 MiB, 143771 MiB
2026/08/13 20:47:48.443, NVIDIA H200, 38, 78 %, 18 %, 15041 MiB, 143771 MiB
2026/08/13 20:47:51.443, NVIDIA H200, 37, 98 %, 34 %, 15041 MiB, 143771 MiB
2026/08/13 20:47:54.443, NVIDIA H200, 38, 98 %, 25 %, 15041 MiB, 143771 MiB
2026/08/13 20:47:57.444, NVIDIA H200, 36, 99 %, 33 %, 15041 MiB, 143771 MiB
2026/08/13 20:48:00.444, NVIDIA H200, 37, 94 %, 29 %, 15041 MiB, 143771 MiB
2026/08/13 20:48:03.444, NVIDIA H200, 37, 98 %, 31 %, 15041 MiB, 143771 MiB
2026/08/13 20:48:06.444, NVIDIA H200, 37, 80 %, 17 %, 15041 MiB, 143771 MiB
2026/08/13 20:48:09.445, NVIDIA H200, 36, 99 %, 34 %, 15041 MiB, 143771 MiB
2026/08/13 20:48:12.445, NVIDIA H200, 36, 86 %, 21 %, 15041 MiB, 143771 MiB
2026/08/13 20:48:15.445, NVIDIA H200, 37, 99 %, 32 %, 15041 MiB, 143771 MiB
2026/08/13 20:48:18.446, NVIDIA H200, 36, 100 %, 23 %, 15041 MiB, 143771 MiB
2026/08/13 20:48:21.446, NVIDIA H200, 38, 78 %, 26 %, 15041 MiB, 143771 MiB
2026/08/13 20:48:24.446, NVIDIA H200, 37, 97 %, 31 %, 15041 MiB, 143771 MiB
2026/08/13 20:48:27.447, NVIDIA H200, 37, 99 %, 30 %, 15041 MiB, 143771 MiB
2026/08/13 20:48:30.447, NVIDIA H200, 37, 90 %, 18 %, 15041 MiB, 143771 MiB
2026/08/13 20:48:33.447, NVIDIA H200, 36, 95 %, 29 %, 15041 MiB, 143771 MiB
2026/08/13 20:48:36.448, NVIDIA H200, 37, 100 %, 27 %, 15041 MiB, 143771 MiB
2026/08/13 20:48:39.448, NVIDIA H200, 36, 97 %, 24 %, 15041 MiB, 143771 MiB
2026/08/13 20:48:42.448, NVIDIA H200, 36, 73 %, 24 %, 15041 MiB, 143771 MiB
2026/08/13 20:48:45.449, NVIDIA H200, 37, 91 %, 22 %, 15041 MiB, 143771 MiB
2026/08/13 20:48:48.449, NVIDIA H200, 36, 98 %, 31 %, 15041 MiB, 143771 MiB
2026/08/13 20:48:51.449, NVIDIA H200, 36, 99 %, 27 %, 15041 MiB, 143771 MiB
2026/08/13 20:48:54.449, NVIDIA H200, 36, 85 %, 21 %, 15041 MiB, 143771 MiB
2026/08/13 20:48:57.450, NVIDIA H200, 37, 97 %, 31 %, 15041 MiB, 143771 MiB
2026/08/13 20:49:00.450, NVIDIA H200, 38, 99 %, 22 %, 15041 MiB, 143771 MiB
2026/08/13 20:49:03.450, NVIDIA H200, 36, 83 %, 26 %, 15041 MiB, 143771 MiB
2026/08/13 20:49:06.450, NVIDIA H200, 37, 98 %, 31 %, 15041 MiB, 143771 MiB
2026/08/13 20:49:09.451, NVIDIA H200, 33, 72 %, 24 %, 15041 MiB, 143771 MiB
2026/08/13 20:49:12.451, NVIDIA H200, 33, 81 %, 26 %, 15041 MiB, 143771 MiB
2026/08/13 20:49:15.451, NVIDIA H200, 37, 96 %, 22 %, 15041 MiB, 143771 MiB
2026/08/13 20:49:18.452, NVIDIA H200, 38, 98 %, 32 %, 15041 MiB, 143771 MiB
2026/08/13 20:49:21.452, NVIDIA H200, 37, 98 %, 26 %, 15041 MiB, 143771 MiB
2026/08/13 20:49:24.452, NVIDIA H200, 38, 99 %, 22 %, 15041 MiB, 143771 MiB
2026/08/13 20:49:27.453, NVIDIA H200, 38, 98 %, 33 %, 15041 MiB, 143771 MiB
2026/08/13 20:49:30.453, NVIDIA H200, 36, 95 %, 29 %, 15041 MiB, 143771 MiB
2026/08/13 20:49:33.453, NVIDIA H200, 37, 98 %, 21 %, 15041 MiB, 143771 MiB
2026/08/13 20:49:36.454, NVIDIA H200, 37, 98 %, 30 %, 15041 MiB, 143771 MiB
2026/08/13 20:49:39.454, NVIDIA H200, 37, 80 %, 24 %, 15041 MiB, 143771 MiB
2026/08/13 20:49:42.454, NVIDIA H200, 37, 89 %, 20 %, 15041 MiB, 143771 MiB
2026/08/13 20:49:45.455, NVIDIA H200, 36, 99 %, 27 %, 15041 MiB, 143771 MiB
2026/08/13 20:49:48.455, NVIDIA H200, 38, 99 %, 34 %, 15041 MiB, 143771 MiB
2026/08/13 20:49:51.455, NVIDIA H200, 37, 92 %, 23 %, 15041 MiB, 143771 MiB
2026/08/13 20:49:54.456, NVIDIA H200, 38, 99 %, 28 %, 15041 MiB, 143771 MiB
2026/08/13 20:49:57.456, NVIDIA H200, 37, 98 %, 32 %, 15041 MiB, 143771 MiB
2026/08/13 20:50:00.456, NVIDIA H200, 36, 79 %, 19 %, 15041 MiB, 143771 MiB
2026/08/13 20:50:03.457, NVIDIA H200, 37, 99 %, 30 %, 15041 MiB, 143771 MiB
2026/08/13 20:50:06.457, NVIDIA H200, 38, 84 %, 26 %, 15041 MiB, 143771 MiB
2026/08/13 20:50:09.457, NVIDIA H200, 36, 100 %, 23 %, 15041 MiB, 143771 MiB
2026/08/13 20:50:12.458, NVIDIA H200, 37, 97 %, 31 %, 15041 MiB, 143771 MiB
2026/08/13 20:50:15.458, NVIDIA H200, 37, 87 %, 21 %, 15041 MiB, 143771 MiB
2026/08/13 20:50:18.458, NVIDIA H200, 37, 99 %, 29 %, 15041 MiB, 143771 MiB
2026/08/13 20:50:21.459, NVIDIA H200, 37, 98 %, 30 %, 15041 MiB, 143771 MiB
2026/08/13 20:50:24.459, NVIDIA H200, 38, 85 %, 17 %, 15041 MiB, 143771 MiB
2026/08/13 20:50:27.459, NVIDIA H200, 37, 99 %, 28 %, 15041 MiB, 143771 MiB
2026/08/13 20:50:30.460, NVIDIA H200, 38, 88 %, 29 %, 15041 MiB, 143771 MiB
2026/08/13 20:50:33.460, NVIDIA H200, 38, 99 %, 26 %, 15041 MiB, 143771 MiB
2026/08/13 20:50:36.460, NVIDIA H200, 36, 94 %, 22 %, 15041 MiB, 143771 MiB
2026/08/13 20:50:39.461, NVIDIA H200, 36, 98 %, 34 %, 15041 MiB, 143771 MiB
2026/08/13 20:50:42.461, NVIDIA H200, 37, 96 %, 24 %, 15041 MiB, 143771 MiB
2026/08/13 20:50:45.461, NVIDIA H200, 36, 99 %, 32 %, 15041 MiB, 143771 MiB
2026/08/13 20:50:48.461, NVIDIA H200, 37, 87 %, 27 %, 15041 MiB, 143771 MiB
2026/08/13 20:50:51.462, NVIDIA H200, 36, 84 %, 20 %, 15041 MiB, 143771 MiB
2026/08/13 20:50:54.462, NVIDIA H200, 36, 99 %, 34 %, 15041 MiB, 143771 MiB
2026/08/13 20:50:57.462, NVIDIA H200, 37, 90 %, 28 %, 15041 MiB, 143771 MiB
2026/08/13 20:51:00.463, NVIDIA H200, 36, 96 %, 23 %, 15041 MiB, 143771 MiB
2026/08/13 20:51:03.463, NVIDIA H200, 37, 98 %, 32 %, 15041 MiB, 143771 MiB
2026/08/13 20:51:06.463, NVIDIA H200, 36, 99 %, 24 %, 15041 MiB, 143771 MiB
2026/08/13 20:51:09.464, NVIDIA H200, 36, 99 %, 28 %, 15041 MiB, 143771 MiB
2026/08/13 20:51:12.475, NVIDIA H200, 37, 97 %, 31 %, 15041 MiB, 143771 MiB
2026/08/13 20:51:15.475, NVIDIA H200, 36, 85 %, 18 %, 15041 MiB, 143771 MiB
2026/08/13 20:51:18.476, NVIDIA H200, 36, 98 %, 32 %, 15041 MiB, 143771 MiB
2026/08/13 20:51:21.476, NVIDIA H200, 27, 16 %, 5 %, 15041 MiB, 143771 MiB
2026/08/13 20:51:24.476, NVIDIA H200, 33, 62 %, 19 %, 15041 MiB, 143771 MiB
2026/08/13 20:51:27.477, NVIDIA H200, 27, 6 %, 0 %, 15041 MiB, 143771 MiB
2026/08/13 20:51:30.477, NVIDIA H200, 33, 85 %, 26 %, 15041 MiB, 143771 MiB
2026/08/13 20:51:33.477, NVIDIA H200, 36, 93 %, 23 %, 15041 MiB, 143771 MiB
2026/08/13 20:51:36.478, NVIDIA H200, 36, 99 %, 34 %, 15041 MiB, 143771 MiB
2026/08/13 20:51:39.478, NVIDIA H200, 38, 98 %, 26 %, 15041 MiB, 143771 MiB
2026/08/13 20:51:42.479, NVIDIA H200, 37, 95 %, 20 %, 15041 MiB, 143771 MiB
2026/08/13 20:51:45.479, NVIDIA H200, 37, 86 %, 28 %, 15041 MiB, 143771 MiB
2026/08/13 20:51:48.480, NVIDIA H200, 36, 97 %, 20 %, 15041 MiB, 143771 MiB
2026/08/13 20:51:51.480, NVIDIA H200, 35, 100 %, 24 %, 15041 MiB, 143771 MiB
2026/08/13 20:51:54.480, NVIDIA H200, 37, 85 %, 26 %, 15041 MiB, 143771 MiB
2026/08/13 20:51:57.481, NVIDIA H200, 35, 90 %, 22 %, 15041 MiB, 143771 MiB
2026/08/13 20:52:00.481, NVIDIA H200, 35, 99 %, 32 %, 15041 MiB, 143771 MiB
2026/08/13 20:52:03.481, NVIDIA H200, 37, 97 %, 25 %, 15041 MiB, 143771 MiB
2026/08/13 20:52:06.481, NVIDIA H200, 36, 100 %, 25 %, 15041 MiB, 143771 MiB
2026/08/13 20:52:09.482, NVIDIA H200, 35, 98 %, 33 %, 15041 MiB, 143771 MiB
2026/08/13 20:52:12.482, NVIDIA H200, 37, 88 %, 25 %, 15041 MiB, 143771 MiB
2026/08/13 20:52:15.482, NVIDIA H200, 37, 99 %, 20 %, 15041 MiB, 143771 MiB
2026/08/13 20:52:18.483, NVIDIA H200, 35, 98 %, 32 %, 15041 MiB, 143771 MiB
2026/08/13 20:52:21.483, NVIDIA H200, 35, 99 %, 25 %, 15041 MiB, 143771 MiB
2026/08/13 20:52:24.483, NVIDIA H200, 36, 100 %, 27 %, 15041 MiB, 143771 MiB
2026/08/13 20:52:27.484, NVIDIA H200, 36, 98 %, 31 %, 15041 MiB, 143771 MiB
2026/08/13 20:52:30.484, NVIDIA H200, 37, 84 %, 20 %, 15041 MiB, 143771 MiB
2026/08/13 20:52:33.484, NVIDIA H200, 35, 94 %, 22 %, 15041 MiB, 143771 MiB
2026/08/13 20:52:36.485, NVIDIA H200, 37, 95 %, 31 %, 15041 MiB, 143771 MiB
2026/08/13 20:52:39.485, NVIDIA H200, 37, 99 %, 23 %, 15041 MiB, 143771 MiB
2026/08/13 20:52:42.487, NVIDIA H200, 37, 99 %, 24 %, 15041 MiB, 143771 MiB
2026/08/13 20:52:45.487, NVIDIA H200, 36, 98 %, 31 %, 15041 MiB, 143771 MiB
2026/08/13 20:52:48.488, NVIDIA H200, 36, 85 %, 26 %, 15041 MiB, 143771 MiB
2026/08/13 20:52:51.488, NVIDIA H200, 35, 86 %, 21 %, 15041 MiB, 143771 MiB
2026/08/13 20:52:54.488, NVIDIA H200, 36, 98 %, 31 %, 15041 MiB, 143771 MiB
2026/08/13 20:52:57.489, NVIDIA H200, 35, 92 %, 26 %, 15041 MiB, 143771 MiB
2026/08/13 20:53:00.489, NVIDIA H200, 35, 98 %, 31 %, 15041 MiB, 143771 MiB
2026/08/13 20:53:03.489, NVIDIA H200, 37, 98 %, 29 %, 15041 MiB, 143771 MiB
2026/08/13 20:53:06.490, NVIDIA H200, 37, 81 %, 17 %, 15041 MiB, 143771 MiB
2026/08/13 20:53:09.490, NVIDIA H200, 36, 99 %, 31 %, 15041 MiB, 143771 MiB
2026/08/13 20:53:12.490, NVIDIA H200, 37, 88 %, 19 %, 15041 MiB, 143771 MiB
2026/08/13 20:53:15.491, NVIDIA H200, 36, 97 %, 30 %, 15041 MiB, 143771 MiB
2026/08/13 20:53:18.491, NVIDIA H200, 37, 80 %, 16 %, 15041 MiB, 143771 MiB
2026/08/13 20:53:21.491, NVIDIA H200, 36, 98 %, 31 %, 15041 MiB, 143771 MiB
2026/08/13 20:53:24.492, NVIDIA H200, 37, 96 %, 20 %, 15041 MiB, 143771 MiB
2026/08/13 20:53:27.492, NVIDIA H200, 36, 98 %, 31 %, 15041 MiB, 143771 MiB
2026/08/13 20:53:30.492, NVIDIA H200, 36, 78 %, 24 %, 15041 MiB, 143771 MiB
2026/08/13 20:53:33.493, NVIDIA H200, 35, 99 %, 29 %, 15041 MiB, 143771 MiB
2026/08/13 20:53:36.493, NVIDIA H200, 29, 16 %, 3 %, 15041 MiB, 143771 MiB
2026/08/13 20:53:39.493, NVIDIA H200, 34, 71 %, 23 %, 15041 MiB, 143771 MiB
2026/08/13 20:53:42.494, NVIDIA H200, 33, 83 %, 26 %, 15041 MiB, 143771 MiB
2026/08/13 20:53:45.494, NVIDIA H200, 35, 99 %, 26 %, 15041 MiB, 143771 MiB
2026/08/13 20:53:48.494, NVIDIA H200, 36, 98 %, 31 %, 15041 MiB, 143771 MiB
2026/08/13 20:53:51.495, NVIDIA H200, 34, 100 %, 23 %, 15041 MiB, 143771 MiB
2026/08/13 20:53:54.495, NVIDIA H200, 36, 93 %, 20 %, 15041 MiB, 143771 MiB
2026/08/13 20:53:57.495, NVIDIA H200, 37, 98 %, 32 %, 15041 MiB, 143771 MiB
2026/08/13 20:54:00.496, NVIDIA H200, 35, 100 %, 24 %, 15041 MiB, 143771 MiB
2026/08/13 20:54:03.496, NVIDIA H200, 36, 98 %, 25 %, 15041 MiB, 143771 MiB
2026/08/13 20:54:06.496, NVIDIA H200, 36, 97 %, 26 %, 15041 MiB, 143771 MiB
2026/08/13 20:54:09.497, NVIDIA H200, 36, 99 %, 30 %, 15041 MiB, 143771 MiB
2026/08/13 20:54:12.497, NVIDIA H200, 37, 99 %, 20 %, 15041 MiB, 143771 MiB
2026/08/13 20:54:15.497, NVIDIA H200, 37, 96 %, 22 %, 15041 MiB, 143771 MiB
2026/08/13 20:54:18.498, NVIDIA H200, 36, 98 %, 32 %, 15041 MiB, 143771 MiB
2026/08/13 20:54:21.498, NVIDIA H200, 37, 99 %, 22 %, 15041 MiB, 143771 MiB
2026/08/13 20:54:24.498, NVIDIA H200, 35, 86 %, 27 %, 15041 MiB, 143771 MiB
2026/08/13 20:54:27.498, NVIDIA H200, 36, 98 %, 29 %, 15041 MiB, 143771 MiB
2026/08/13 20:54:30.499, NVIDIA H200, 35, 85 %, 28 %, 15041 MiB, 143771 MiB
2026/08/13 20:54:33.499, NVIDIA H200, 37, 99 %, 22 %, 15041 MiB, 143771 MiB
2026/08/13 20:54:36.499, NVIDIA H200, 36, 74 %, 23 %, 15041 MiB, 143771 MiB
2026/08/13 20:54:39.500, NVIDIA H200, 36, 99 %, 29 %, 15041 MiB, 143771 MiB
2026/08/13 20:54:42.500, NVIDIA H200, 36, 91 %, 22 %, 15041 MiB, 143771 MiB
2026/08/13 20:54:45.500, NVIDIA H200, 36, 98 %, 30 %, 15041 MiB, 143771 MiB
2026/08/13 20:54:48.501, NVIDIA H200, 36, 93 %, 22 %, 15041 MiB, 143771 MiB
2026/08/13 20:54:51.501, NVIDIA H200, 36, 92 %, 25 %, 15041 MiB, 143771 MiB
2026/08/13 20:54:54.501, NVIDIA H200, 37, 99 %, 31 %, 15041 MiB, 143771 MiB
2026/08/13 20:54:57.502, NVIDIA H200, 36, 84 %, 17 %, 15041 MiB, 143771 MiB
2026/08/13 20:55:00.502, NVIDIA H200, 38, 98 %, 32 %, 15041 MiB, 143771 MiB
2026/08/13 20:55:03.502, NVIDIA H200, 36, 99 %, 21 %, 15041 MiB, 143771 MiB
2026/08/13 20:55:06.502, NVIDIA H200, 36, 90 %, 25 %, 15041 MiB, 143771 MiB
2026/08/13 20:55:09.503, NVIDIA H200, 36, 100 %, 23 %, 15041 MiB, 143771 MiB
2026/08/13 20:55:12.504, NVIDIA H200, 36, 90 %, 30 %, 15041 MiB, 143771 MiB
2026/08/13 20:55:15.504, NVIDIA H200, 36, 86 %, 17 %, 15041 MiB, 143771 MiB
2026/08/13 20:55:18.504, NVIDIA H200, 36, 99 %, 32 %, 15041 MiB, 143771 MiB
2026/08/13 20:55:21.505, NVIDIA H200, 36, 99 %, 25 %, 15041 MiB, 143771 MiB
2026/08/13 20:55:24.505, NVIDIA H200, 38, 100 %, 26 %, 15041 MiB, 143771 MiB
2026/08/13 20:55:27.505, NVIDIA H200, 36, 84 %, 28 %, 15041 MiB, 143771 MiB
2026/08/13 20:55:30.506, NVIDIA H200, 37, 88 %, 19 %, 15041 MiB, 143771 MiB
2026/08/13 20:55:33.506, NVIDIA H200, 37, 98 %, 34 %, 15041 MiB, 143771 MiB
2026/08/13 20:55:36.506, NVIDIA H200, 36, 88 %, 22 %, 15041 MiB, 143771 MiB
2026/08/13 20:55:39.507, NVIDIA H200, 38, 100 %, 25 %, 15041 MiB, 143771 MiB
2026/08/13 20:55:42.507, NVIDIA H200, 37, 98 %, 30 %, 15041 MiB, 143771 MiB
2026/08/13 20:55:45.507, NVIDIA H200, 36, 99 %, 25 %, 15041 MiB, 143771 MiB
2026/08/13 20:55:48.508, NVIDIA H200, 38, 99 %, 32 %, 15041 MiB, 143771 MiB
2026/08/13 20:55:51.508, NVIDIA H200, 28, 0 %, 0 %, 15041 MiB, 143771 MiB
2026/08/13 20:55:54.508, NVIDIA H200, 35, 71 %, 19 %, 15041 MiB, 143771 MiB
2026/08/13 20:55:57.509, NVIDIA H200, 36, 98 %, 32 %, 15041 MiB, 143771 MiB
2026/08/13 20:56:00.509, NVIDIA H200, 25, 0 %, 0 %, 15041 MiB, 143771 MiB
2026/08/13 20:56:03.509, NVIDIA H200, 25, 2 %, 0 %, 15041 MiB, 143771 MiB
2026/08/13 20:56:06.509, NVIDIA H200, 24, 0 %, 0 %, 15045 MiB, 143771 MiB
2026/08/13 20:56:09.510, NVIDIA H200, 24, 0 %, 0 %, 15045 MiB, 143771 MiB
2026/08/13 20:56:12.510, NVIDIA H200, 24, 0 %, 0 %, 15045 MiB, 143771 MiB
2026/08/13 20:56:15.510, NVIDIA H200, 24, 0 %, 0 %, 15045 MiB, 143771 MiB
2026/08/13 20:56:18.511, NVIDIA H200, 24, 0 %, 0 %, 15045 MiB, 143771 MiB
2026/08/13 20:56:21.511, NVIDIA H200, 24, 0 %, 0 %, 15045 MiB, 143771 MiB
2026/08/13 20:56:24.511, NVIDIA H200, 24, 0 %, 0 %, 15045 MiB, 143771 MiB
2026/08/13 20:56:27.511, NVIDIA H200, 24, 0 %, 0 %, 15045 MiB, 143771 MiB
2026/08/13 20:56:30.512, NVIDIA H200, 24, 0 %, 0 %, 15045 MiB, 143771 MiB
2026/08/13 20:56:33.512, NVIDIA H200, 24, 0 %, 0 %, 15045 MiB, 143771 MiB
2026/08/13 20:56:36.512, NVIDIA H200, 24, 0 %, 0 %, 15045 MiB, 143771 MiB
2026/08/13 20:56:39.512, NVIDIA H200, 24, 0 %, 0 %, 15045 MiB, 143771 MiB
2026/08/13 20:56:42.513, NVIDIA H200, 24, 0 %, 0 %, 15045 MiB, 143771 MiB
2026/08/13 20:56:45.513, NVIDIA H200, 24, 0 %, 0 %, 15045 MiB, 143771 MiB
2026/08/13 20:56:48.513, NVIDIA H200, 24, 0 %, 0 %, 15045 MiB, 143771 MiB
2026/08/13 20:56:51.513, NVIDIA H200, 24, 0 %, 0 %, 15045 MiB, 143771 MiB
2026/08/13 20:56:54.514, NVIDIA H200, 24, 0 %, 0 %, 15045 MiB, 143771 MiB
2026/08/13 20:56:57.514, NVIDIA H200, 24, 0 %, 0 %, 15045 MiB, 143771 MiB
2026/08/13 20:57:00.514, NVIDIA H200, 24, 0 %, 0 %, 15045 MiB, 143771 MiB
2026/08/13 20:57:03.514, NVIDIA H200, 24, 0 %, 0 %, 15045 MiB, 143771 MiB
2026/08/13 20:57:06.515, NVIDIA H200, 24, 0 %, 0 %, 15045 MiB, 143771 MiB
2026/08/13 20:57:09.515, NVIDIA H200, 24, 0 %, 0 %, 15045 MiB, 143771 MiB
2026/08/13 20:57:12.515, NVIDIA H200, 24, 0 %, 0 %, 15045 MiB, 143771 MiB
2026/08/13 20:57:15.516, NVIDIA H200, 24, 0 %, 0 %, 15045 MiB, 143771 MiB
2026/08/13 20:57:18.516, NVIDIA H200, 24, 0 %, 0 %, 15045 MiB, 143771 MiB
2026/08/13 20:57:21.516, NVIDIA H200, 24, 0 %, 0 %, 15045 MiB, 143771 MiB
2026/08/13 20:57:24.516, NVIDIA H200, 24, 0 %, 0 %, 15045 MiB, 143771 MiB
2026/08/13 20:57:27.517, NVIDIA H200, 24, 0 %, 0 %, 15045 MiB, 143771 MiB
2026/08/13 20:57:30.517, NVIDIA H200, 24, 0 %, 0 %, 15045 MiB, 143771 MiB
2026/08/13 20:57:33.517, NVIDIA H200, 24, 0 %, 0 %, 15045 MiB, 143771 MiB
2026/08/13 20:57:36.517, NVIDIA H200, 24, 0 %, 0 %, 15045 MiB, 143771 MiB
2026/08/13 20:57:39.518, NVIDIA H200, 24, 0 %, 0 %, 15045 MiB, 143771 MiB
2026/08/13 20:57:42.518, NVIDIA H200, 24, 0 %, 0 %, 15045 MiB, 143771 MiB
2026/08/13 20:57:45.518, NVIDIA H200, 24, 0 %, 0 %, 15045 MiB, 143771 MiB
2026/08/13 20:57:48.519, NVIDIA H200, 24, 0 %, 0 %, 15045 MiB, 143771 MiB
2026/08/13 20:57:51.519, NVIDIA H200, 24, 0 %, 0 %, 15045 MiB, 143771 MiB
2026/08/13 20:57:54.519, NVIDIA H200, 24, 0 %, 0 %, 15045 MiB, 143771 MiB
2026/08/13 20:57:57.520, NVIDIA H200, 24, 0 %, 0 %, 15045 MiB, 143771 MiB
2026/08/13 20:58:00.520, NVIDIA H200, 24, 0 %, 0 %, 15045 MiB, 143771 MiB
2026/08/13 20:58:03.520, NVIDIA H200, 24, 0 %, 0 %, 15045 MiB, 143771 MiB
2026/08/13 20:58:06.521, NVIDIA H200, 24, 0 %, 0 %, 15045 MiB, 143771 MiB
2026/08/13 20:58:09.521, NVIDIA H200, 24, 0 %, 0 %, 15045 MiB, 143771 MiB
2026/08/13 20:58:12.522, NVIDIA H200, 24, 0 %, 0 %, 15045 MiB, 143771 MiB
2026/08/13 20:58:15.522, NVIDIA H200, 24, 0 %, 0 %, 15045 MiB, 143771 MiB
2026/08/13 20:58:18.523, NVIDIA H200, 24, 0 %, 0 %, 15045 MiB, 143771 MiB
2026/08/13 20:58:21.523, NVIDIA H200, 24, 0 %, 0 %, 15045 MiB, 143771 MiB
2026/08/13 20:58:24.523, NVIDIA H200, 24, 0 %, 0 %, 15045 MiB, 143771 MiB
2026/08/13 20:58:27.523, NVIDIA H200, 24, 0 %, 0 %, 15045 MiB, 143771 MiB
2026/08/13 20:58:30.524, NVIDIA H200, 24, 0 %, 0 %, 15045 MiB, 143771 MiB
2026/08/13 20:58:33.524, NVIDIA H200, 24, 0 %, 0 %, 15045 MiB, 143771 MiB
2026/08/13 20:58:36.524, NVIDIA H200, 24, 0 %, 0 %, 15045 MiB, 143771 MiB
2026/08/13 20:58:39.524, NVIDIA H200, 24, 0 %, 0 %, 15045 MiB, 143771 MiB
2026/08/13 20:58:42.527, NVIDIA H200, 24, 0 %, 0 %, 15045 MiB, 143771 MiB
2026/08/13 20:58:45.527, NVIDIA H200, 24, 0 %, 0 %, 15045 MiB, 143771 MiB
2026/08/13 20:58:48.527, NVIDIA H200, 24, 0 %, 0 %, 15045 MiB, 143771 MiB
2026/08/13 20:58:51.528, NVIDIA H200, 24, 3 %, 0 %, 15045 MiB, 143771 MiB
2026/08/13 20:58:54.528, NVIDIA H200, 34, 84 %, 26 %, 15045 MiB, 143771 MiB
2026/08/13 20:58:57.528, NVIDIA H200, 36, 98 %, 27 %, 15045 MiB, 143771 MiB
2026/08/13 20:59:00.529, NVIDIA H200, 36, 97 %, 26 %, 15045 MiB, 143771 MiB
2026/08/13 20:59:03.529, NVIDIA H200, 36, 100 %, 25 %, 15045 MiB, 143771 MiB
2026/08/13 20:59:06.529, NVIDIA H200, 36, 91 %, 28 %, 15045 MiB, 143771 MiB
2026/08/13 20:59:09.530, NVIDIA H200, 37, 98 %, 27 %, 15045 MiB, 143771 MiB
2026/08/13 20:59:12.530, NVIDIA H200, 37, 92 %, 21 %, 15045 MiB, 143771 MiB
2026/08/13 20:59:15.531, NVIDIA H200, 37, 98 %, 34 %, 15045 MiB, 143771 MiB
2026/08/13 20:59:18.531, NVIDIA H200, 36, 85 %, 24 %, 15045 MiB, 143771 MiB
2026/08/13 20:59:21.531, NVIDIA H200, 37, 93 %, 20 %, 15045 MiB, 143771 MiB
2026/08/13 20:59:24.532, NVIDIA H200, 38, 99 %, 32 %, 15045 MiB, 143771 MiB
2026/08/13 20:59:27.532, NVIDIA H200, 36, 97 %, 29 %, 15045 MiB, 143771 MiB
2026/08/13 20:59:30.532, NVIDIA H200, 38, 99 %, 24 %, 15045 MiB, 143771 MiB
2026/08/13 20:59:33.533, NVIDIA H200, 38, 98 %, 33 %, 15045 MiB, 143771 MiB
2026/08/13 20:59:36.533, NVIDIA H200, 37, 98 %, 26 %, 15045 MiB, 143771 MiB
2026/08/13 20:59:39.533, NVIDIA H200, 37, 95 %, 24 %, 15045 MiB, 143771 MiB
2026/08/13 20:59:42.533, NVIDIA H200, 38, 99 %, 32 %, 15045 MiB, 143771 MiB
2026/08/13 20:59:45.534, NVIDIA H200, 37, 98 %, 29 %, 15045 MiB, 143771 MiB
2026/08/13 20:59:48.534, NVIDIA H200, 38, 99 %, 21 %, 15045 MiB, 143771 MiB
2026/08/13 20:59:51.534, NVIDIA H200, 37, 98 %, 32 %, 15045 MiB, 143771 MiB
2026/08/13 20:59:54.535, NVIDIA H200, 37, 89 %, 21 %, 15045 MiB, 143771 MiB
2026/08/13 20:59:57.535, NVIDIA H200, 36, 78 %, 25 %, 15045 MiB, 143771 MiB
2026/08/13 21:00:00.535, NVIDIA H200, 37, 98 %, 28 %, 15045 MiB, 143771 MiB
2026/08/13 21:00:03.536, NVIDIA H200, 37, 97 %, 26 %, 15045 MiB, 143771 MiB
2026/08/13 21:00:06.536, NVIDIA H200, 38, 98 %, 31 %, 15045 MiB, 143771 MiB
2026/08/13 21:00:09.536, NVIDIA H200, 36, 91 %, 23 %, 15045 MiB, 143771 MiB
2026/08/13 21:00:12.537, NVIDIA H200, 38, 99 %, 32 %, 15045 MiB, 143771 MiB
2026/08/13 21:00:15.537, NVIDIA H200, 36, 98 %, 31 %, 15045 MiB, 143771 MiB
2026/08/13 21:00:18.537, NVIDIA H200, 37, 88 %, 21 %, 15045 MiB, 143771 MiB
2026/08/13 21:00:21.538, NVIDIA H200, 37, 98 %, 33 %, 15045 MiB, 143771 MiB
2026/08/13 21:00:24.538, NVIDIA H200, 37, 77 %, 17 %, 15045 MiB, 143771 MiB
2026/08/13 21:00:27.538, NVIDIA H200, 38, 98 %, 31 %, 15045 MiB, 143771 MiB
2026/08/13 21:00:30.538, NVIDIA H200, 37, 100 %, 23 %, 15045 MiB, 143771 MiB
2026/08/13 21:00:33.539, NVIDIA H200, 38, 97 %, 30 %, 15045 MiB, 143771 MiB
2026/08/13 21:00:36.539, NVIDIA H200, 36, 100 %, 24 %, 15045 MiB, 143771 MiB
2026/08/13 21:00:39.539, NVIDIA H200, 36, 78 %, 25 %, 15045 MiB, 143771 MiB
2026/08/13 21:00:42.540, NVIDIA H200, 37, 100 %, 24 %, 15045 MiB, 143771 MiB
2026/08/13 21:00:45.540, NVIDIA H200, 37, 87 %, 27 %, 15045 MiB, 143771 MiB
2026/08/13 21:00:48.540, NVIDIA H200, 30, 0 %, 0 %, 15045 MiB, 143771 MiB
2026/08/13 21:00:51.541, NVIDIA H200, 34, 75 %, 24 %, 15045 MiB, 143771 MiB
2026/08/13 21:00:54.541, NVIDIA H200, 36, 82 %, 22 %, 15045 MiB, 143771 MiB
2026/08/13 21:00:57.541, NVIDIA H200, 25, 0 %, 0 %, 15045 MiB, 143771 MiB
2026/08/13 21:01:00.542, NVIDIA H200, 36, 85 %, 25 %, 15045 MiB, 143771 MiB
2026/08/13 21:01:03.542, NVIDIA H200, 36, 98 %, 29 %, 15045 MiB, 143771 MiB
2026/08/13 21:01:06.542, NVIDIA H200, 38, 88 %, 22 %, 15045 MiB, 143771 MiB
2026/08/13 21:01:09.543, NVIDIA H200, 36, 100 %, 28 %, 15045 MiB, 143771 MiB
2026/08/13 21:01:12.543, NVIDIA H200, 38, 97 %, 31 %, 15045 MiB, 143771 MiB
2026/08/13 21:01:15.543, NVIDIA H200, 37, 100 %, 24 %, 15045 MiB, 143771 MiB
2026/08/13 21:01:18.544, NVIDIA H200, 38, 88 %, 22 %, 15045 MiB, 143771 MiB
2026/08/13 21:01:21.544, NVIDIA H200, 36, 98 %, 30 %, 15045 MiB, 143771 MiB
2026/08/13 21:01:24.544, NVIDIA H200, 37, 89 %, 25 %, 15045 MiB, 143771 MiB
2026/08/13 21:01:27.545, NVIDIA H200, 37, 100 %, 24 %, 15045 MiB, 143771 MiB
2026/08/13 21:01:30.545, NVIDIA H200, 38, 91 %, 29 %, 15045 MiB, 143771 MiB
2026/08/13 21:01:33.545, NVIDIA H200, 37, 94 %, 22 %, 15045 MiB, 143771 MiB
2026/08/13 21:01:36.546, NVIDIA H200, 37, 98 %, 27 %, 15045 MiB, 143771 MiB
2026/08/13 21:01:39.546, NVIDIA H200, 36, 100 %, 23 %, 15045 MiB, 143771 MiB
2026/08/13 21:01:42.547, NVIDIA H200, 37, 98 %, 27 %, 15045 MiB, 143771 MiB
2026/08/13 21:01:45.547, NVIDIA H200, 36, 100 %, 23 %, 15045 MiB, 143771 MiB
2026/08/13 21:01:48.548, NVIDIA H200, 38, 92 %, 28 %, 15045 MiB, 143771 MiB
2026/08/13 21:01:51.548, NVIDIA H200, 38, 99 %, 26 %, 15045 MiB, 143771 MiB
2026/08/13 21:01:54.548, NVIDIA H200, 36, 98 %, 31 %, 15045 MiB, 143771 MiB
2026/08/13 21:01:57.549, NVIDIA H200, 37, 94 %, 31 %, 15045 MiB, 143771 MiB
2026/08/13 21:02:00.549, NVIDIA H200, 37, 75 %, 19 %, 15045 MiB, 143771 MiB
2026/08/13 21:02:03.549, NVIDIA H200, 37, 98 %, 29 %, 15045 MiB, 143771 MiB
2026/08/13 21:02:06.550, NVIDIA H200, 37, 97 %, 27 %, 15045 MiB, 143771 MiB
2026/08/13 21:02:09.550, NVIDIA H200, 35, 100 %, 24 %, 15045 MiB, 143771 MiB
2026/08/13 21:02:12.551, NVIDIA H200, 37, 95 %, 24 %, 15045 MiB, 143771 MiB
2026/08/13 21:02:15.551, NVIDIA H200, 38, 100 %, 23 %, 15045 MiB, 143771 MiB
2026/08/13 21:02:18.551, NVIDIA H200, 36, 88 %, 28 %, 15045 MiB, 143771 MiB
2026/08/13 21:02:21.551, NVIDIA H200, 38, 100 %, 23 %, 15045 MiB, 143771 MiB
2026/08/13 21:02:24.552, NVIDIA H200, 36, 96 %, 30 %, 15045 MiB, 143771 MiB
2026/08/13 21:02:27.552, NVIDIA H200, 38, 99 %, 28 %, 15045 MiB, 143771 MiB
2026/08/13 21:02:30.552, NVIDIA H200, 36, 89 %, 26 %, 15045 MiB, 143771 MiB
2026/08/13 21:02:33.553, NVIDIA H200, 36, 99 %, 27 %, 15045 MiB, 143771 MiB
2026/08/13 21:02:36.553, NVIDIA H200, 36, 86 %, 20 %, 15045 MiB, 143771 MiB
2026/08/13 21:02:39.553, NVIDIA H200, 38, 98 %, 32 %, 15045 MiB, 143771 MiB
2026/08/13 21:02:42.554, NVIDIA H200, 36, 90 %, 23 %, 15045 MiB, 143771 MiB
2026/08/13 21:02:45.554, NVIDIA H200, 38, 98 %, 31 %, 15045 MiB, 143771 MiB
2026/08/13 21:02:48.554, NVIDIA H200, 37, 87 %, 19 %, 15045 MiB, 143771 MiB
2026/08/13 21:02:51.555, NVIDIA H200, 38, 99 %, 21 %, 15045 MiB, 143771 MiB
2026/08/13 21:02:54.555, NVIDIA H200, 35, 70 %, 18 %, 15045 MiB, 143771 MiB
2026/08/13 21:02:57.555, NVIDIA H200, 34, 75 %, 24 %, 15045 MiB, 143771 MiB
2026/08/13 21:03:00.556, NVIDIA H200, 35, 95 %, 29 %, 15045 MiB, 143771 MiB
2026/08/13 21:03:03.556, NVIDIA H200, 37, 98 %, 27 %, 15045 MiB, 143771 MiB
2026/08/13 21:03:06.556, NVIDIA H200, 38, 99 %, 27 %, 15045 MiB, 143771 MiB
2026/08/13 21:03:09.556, NVIDIA H200, 37, 90 %, 26 %, 15045 MiB, 143771 MiB
2026/08/13 21:03:12.557, NVIDIA H200, 36, 100 %, 26 %, 15045 MiB, 143771 MiB
2026/08/13 21:03:15.557, NVIDIA H200, 37, 84 %, 25 %, 15045 MiB, 143771 MiB
2026/08/13 21:03:18.557, NVIDIA H200, 38, 99 %, 23 %, 15045 MiB, 143771 MiB
2026/08/13 21:03:21.558, NVIDIA H200, 38, 98 %, 33 %, 15045 MiB, 143771 MiB
2026/08/13 21:03:24.558, NVIDIA H200, 37, 89 %, 26 %, 15045 MiB, 143771 MiB
2026/08/13 21:03:27.558, NVIDIA H200, 36, 99 %, 29 %, 15045 MiB, 143771 MiB
2026/08/13 21:03:30.558, NVIDIA H200, 37, 74 %, 24 %, 15045 MiB, 143771 MiB
2026/08/13 21:03:33.559, NVIDIA H200, 36, 96 %, 23 %, 15045 MiB, 143771 MiB
2026/08/13 21:03:36.559, NVIDIA H200, 37, 86 %, 22 %, 15045 MiB, 143771 MiB
2026/08/13 21:03:39.559, NVIDIA H200, 37, 98 %, 30 %, 15045 MiB, 143771 MiB
2026/08/13 21:03:42.561, NVIDIA H200, 37, 92 %, 25 %, 15045 MiB, 143771 MiB
2026/08/13 21:03:45.561, NVIDIA H200, 36, 99 %, 28 %, 15045 MiB, 143771 MiB
2026/08/13 21:03:48.561, NVIDIA H200, 37, 97 %, 27 %, 15045 MiB, 143771 MiB
2026/08/13 21:03:51.562, NVIDIA H200, 35, 100 %, 24 %, 15045 MiB, 143771 MiB
2026/08/13 21:03:54.562, NVIDIA H200, 37, 98 %, 31 %, 15045 MiB, 143771 MiB
2026/08/13 21:03:57.562, NVIDIA H200, 37, 94 %, 20 %, 15045 MiB, 143771 MiB
2026/08/13 21:04:00.563, NVIDIA H200, 37, 85 %, 29 %, 15045 MiB, 143771 MiB
2026/08/13 21:04:03.563, NVIDIA H200, 38, 96 %, 23 %, 15045 MiB, 143771 MiB
2026/08/13 21:04:06.563, NVIDIA H200, 37, 99 %, 31 %, 15045 MiB, 143771 MiB
2026/08/13 21:04:09.564, NVIDIA H200, 37, 90 %, 22 %, 15045 MiB, 143771 MiB
2026/08/13 21:04:12.577, NVIDIA H200, 36, 77 %, 25 %, 15045 MiB, 143771 MiB
2026/08/13 21:04:15.577, NVIDIA H200, 38, 99 %, 23 %, 15045 MiB, 143771 MiB
2026/08/13 21:04:18.577, NVIDIA H200, 37, 98 %, 31 %, 15045 MiB, 143771 MiB
2026/08/13 21:04:21.578, NVIDIA H200, 38, 99 %, 23 %, 15045 MiB, 143771 MiB
2026/08/13 21:04:24.578, NVIDIA H200, 36, 78 %, 26 %, 15045 MiB, 143771 MiB
2026/08/13 21:04:27.578, NVIDIA H200, 37, 98 %, 30 %, 15045 MiB, 143771 MiB
2026/08/13 21:04:30.579, NVIDIA H200, 37, 93 %, 23 %, 15045 MiB, 143771 MiB
2026/08/13 21:04:33.579, NVIDIA H200, 37, 98 %, 32 %, 15045 MiB, 143771 MiB
2026/08/13 21:04:36.579, NVIDIA H200, 36, 99 %, 24 %, 15045 MiB, 143771 MiB
2026/08/13 21:04:39.580, NVIDIA H200, 37, 98 %, 32 %, 15045 MiB, 143771 MiB
2026/08/13 21:04:42.581, NVIDIA H200, 38, 95 %, 23 %, 15045 MiB, 143771 MiB
2026/08/13 21:04:45.582, NVIDIA H200, 37, 93 %, 26 %, 15045 MiB, 143771 MiB
2026/08/13 21:04:48.582, NVIDIA H200, 37, 98 %, 30 %, 15045 MiB, 143771 MiB
2026/08/13 21:04:51.582, NVIDIA H200, 37, 88 %, 26 %, 15045 MiB, 143771 MiB
2026/08/13 21:04:54.583, NVIDIA H200, 37, 98 %, 32 %, 15045 MiB, 143771 MiB
2026/08/13 21:04:57.583, NVIDIA H200, 35, 63 %, 18 %, 15045 MiB, 143771 MiB
2026/08/13 21:05:00.583, NVIDIA H200, 36, 72 %, 23 %, 15045 MiB, 143771 MiB
2026/08/13 21:05:03.583, NVIDIA H200, 36, 99 %, 25 %, 15045 MiB, 143771 MiB
2026/08/13 21:05:06.584, NVIDIA H200, 35, 100 %, 24 %, 15045 MiB, 143771 MiB
2026/08/13 21:05:09.584, NVIDIA H200, 37, 98 %, 32 %, 15045 MiB, 143771 MiB
2026/08/13 21:05:12.587, NVIDIA H200, 36, 86 %, 21 %, 15045 MiB, 143771 MiB
2026/08/13 21:05:15.588, NVIDIA H200, 38, 99 %, 23 %, 15045 MiB, 143771 MiB
2026/08/13 21:05:18.588, NVIDIA H200, 38, 98 %, 35 %, 15045 MiB, 143771 MiB
2026/08/13 21:05:21.588, NVIDIA H200, 37, 93 %, 25 %, 15045 MiB, 143771 MiB
2026/08/13 21:05:24.589, NVIDIA H200, 38, 91 %, 22 %, 15045 MiB, 143771 MiB
2026/08/13 21:05:27.589, NVIDIA H200, 37, 98 %, 35 %, 15045 MiB, 143771 MiB
2026/08/13 21:05:30.589, NVIDIA H200, 37, 87 %, 25 %, 15045 MiB, 143771 MiB
2026/08/13 21:05:33.590, NVIDIA H200, 38, 99 %, 31 %, 15045 MiB, 143771 MiB
2026/08/13 21:05:36.590, NVIDIA H200, 37, 99 %, 25 %, 15045 MiB, 143771 MiB
2026/08/13 21:05:39.590, NVIDIA H200, 37, 99 %, 23 %, 15045 MiB, 143771 MiB
2026/08/13 21:05:42.591, NVIDIA H200, 37, 98 %, 30 %, 15045 MiB, 143771 MiB
2026/08/13 21:05:45.591, NVIDIA H200, 39, 98 %, 29 %, 15045 MiB, 143771 MiB
2026/08/13 21:05:48.591, NVIDIA H200, 38, 84 %, 20 %, 15045 MiB, 143771 MiB
2026/08/13 21:05:51.592, NVIDIA H200, 37, 100 %, 26 %, 15045 MiB, 143771 MiB
2026/08/13 21:05:54.592, NVIDIA H200, 39, 98 %, 31 %, 15045 MiB, 143771 MiB
2026/08/13 21:05:57.592, NVIDIA H200, 37, 99 %, 23 %, 15045 MiB, 143771 MiB
2026/08/13 21:06:00.593, NVIDIA H200, 37, 100 %, 23 %, 15045 MiB, 143771 MiB
2026/08/13 21:06:03.593, NVIDIA H200, 36, 81 %, 28 %, 15045 MiB, 143771 MiB
2026/08/13 21:06:06.593, NVIDIA H200, 37, 100 %, 26 %, 15045 MiB, 143771 MiB
2026/08/13 21:06:09.594, NVIDIA H200, 37, 89 %, 25 %, 15045 MiB, 143771 MiB
2026/08/13 21:06:12.594, NVIDIA H200, 36, 86 %, 21 %, 15045 MiB, 143771 MiB
2026/08/13 21:06:15.594, NVIDIA H200, 38, 98 %, 31 %, 15045 MiB, 143771 MiB
2026/08/13 21:06:18.595, NVIDIA H200, 37, 99 %, 25 %, 15045 MiB, 143771 MiB
2026/08/13 21:06:21.595, NVIDIA H200, 36, 98 %, 32 %, 15045 MiB, 143771 MiB
2026/08/13 21:06:24.595, NVIDIA H200, 39, 87 %, 21 %, 15045 MiB, 143771 MiB
2026/08/13 21:06:27.596, NVIDIA H200, 36, 99 %, 31 %, 15045 MiB, 143771 MiB
2026/08/13 21:06:30.596, NVIDIA H200, 36, 88 %, 27 %, 15045 MiB, 143771 MiB
2026/08/13 21:06:33.596, NVIDIA H200, 37, 100 %, 24 %, 15045 MiB, 143771 MiB
2026/08/13 21:06:36.597, NVIDIA H200, 36, 98 %, 27 %, 15045 MiB, 143771 MiB
2026/08/13 21:06:39.597, NVIDIA H200, 38, 99 %, 32 %, 15045 MiB, 143771 MiB
2026/08/13 21:06:42.597, NVIDIA H200, 37, 97 %, 27 %, 15045 MiB, 143771 MiB
2026/08/13 21:06:45.598, NVIDIA H200, 39, 100 %, 25 %, 15045 MiB, 143771 MiB
2026/08/13 21:06:48.598, NVIDIA H200, 36, 98 %, 30 %, 15045 MiB, 143771 MiB
2026/08/13 21:06:51.598, NVIDIA H200, 38, 92 %, 22 %, 15045 MiB, 143771 MiB
2026/08/13 21:06:54.599, NVIDIA H200, 38, 98 %, 34 %, 15045 MiB, 143771 MiB
2026/08/13 21:06:57.599, NVIDIA H200, 31, 86 %, 25 %, 15045 MiB, 143771 MiB
2026/08/13 21:07:00.599, NVIDIA H200, 36, 69 %, 19 %, 15045 MiB, 143771 MiB
2026/08/13 21:07:03.600, NVIDIA H200, 31, 70 %, 22 %, 15045 MiB, 143771 MiB
2026/08/13 21:07:06.600, NVIDIA H200, 37, 99 %, 30 %, 15045 MiB, 143771 MiB
2026/08/13 21:07:09.600, NVIDIA H200, 38, 100 %, 23 %, 15045 MiB, 143771 MiB
2026/08/13 21:07:12.600, NVIDIA H200, 37, 99 %, 31 %, 15045 MiB, 143771 MiB
2026/08/13 21:07:15.601, NVIDIA H200, 38, 75 %, 14 %, 15045 MiB, 143771 MiB
2026/08/13 21:07:18.601, NVIDIA H200, 37, 99 %, 34 %, 15045 MiB, 143771 MiB
2026/08/13 21:07:21.601, NVIDIA H200, 37, 99 %, 25 %, 15045 MiB, 143771 MiB
2026/08/13 21:07:24.602, NVIDIA H200, 37, 99 %, 34 %, 15045 MiB, 143771 MiB
2026/08/13 21:07:27.602, NVIDIA H200, 36, 95 %, 24 %, 15045 MiB, 143771 MiB
2026/08/13 21:07:30.602, NVIDIA H200, 37, 99 %, 33 %, 15045 MiB, 143771 MiB
2026/08/13 21:07:33.603, NVIDIA H200, 39, 99 %, 24 %, 15045 MiB, 143771 MiB
2026/08/13 21:07:36.603, NVIDIA H200, 37, 98 %, 31 %, 15045 MiB, 143771 MiB
2026/08/13 21:07:39.603, NVIDIA H200, 37, 88 %, 22 %, 15045 MiB, 143771 MiB
2026/08/13 21:07:42.604, NVIDIA H200, 37, 98 %, 34 %, 15045 MiB, 143771 MiB
2026/08/13 21:07:45.604, NVIDIA H200, 38, 95 %, 21 %, 15045 MiB, 143771 MiB
2026/08/13 21:07:48.604, NVIDIA H200, 37, 99 %, 33 %, 15045 MiB, 143771 MiB
2026/08/13 21:07:51.605, NVIDIA H200, 37, 82 %, 24 %, 15045 MiB, 143771 MiB
2026/08/13 21:07:54.605, NVIDIA H200, 37, 98 %, 32 %, 15045 MiB, 143771 MiB
2026/08/13 21:07:57.605, NVIDIA H200, 39, 85 %, 20 %, 15045 MiB, 143771 MiB
2026/08/13 21:08:00.606, NVIDIA H200, 36, 99 %, 30 %, 15045 MiB, 143771 MiB
2026/08/13 21:08:03.606, NVIDIA H200, 38, 95 %, 25 %, 15045 MiB, 143771 MiB
2026/08/13 21:08:06.606, NVIDIA H200, 37, 99 %, 27 %, 15045 MiB, 143771 MiB
2026/08/13 21:08:09.606, NVIDIA H200, 38, 86 %, 28 %, 15045 MiB, 143771 MiB
2026/08/13 21:08:12.608, NVIDIA H200, 36, 100 %, 23 %, 15045 MiB, 143771 MiB
2026/08/13 21:08:15.608, NVIDIA H200, 39, 98 %, 28 %, 15045 MiB, 143771 MiB
2026/08/13 21:08:18.608, NVIDIA H200, 38, 88 %, 20 %, 15045 MiB, 143771 MiB
2026/08/13 21:08:21.609, NVIDIA H200, 37, 99 %, 27 %, 15045 MiB, 143771 MiB
2026/08/13 21:08:24.609, NVIDIA H200, 37, 98 %, 29 %, 15045 MiB, 143771 MiB
2026/08/13 21:08:27.609, NVIDIA H200, 37, 99 %, 28 %, 15045 MiB, 143771 MiB
2026/08/13 21:08:30.610, NVIDIA H200, 35, 98 %, 26 %, 15045 MiB, 143771 MiB
2026/08/13 21:08:33.610, NVIDIA H200, 37, 98 %, 32 %, 15045 MiB, 143771 MiB
2026/08/13 21:08:36.610, NVIDIA H200, 39, 88 %, 22 %, 15045 MiB, 143771 MiB
2026/08/13 21:08:39.611, NVIDIA H200, 37, 98 %, 32 %, 15045 MiB, 143771 MiB
2026/08/13 21:08:42.612, NVIDIA H200, 38, 99 %, 24 %, 15045 MiB, 143771 MiB
2026/08/13 21:08:45.612, NVIDIA H200, 37, 98 %, 31 %, 15045 MiB, 143771 MiB
2026/08/13 21:08:48.613, NVIDIA H200, 37, 97 %, 20 %, 15045 MiB, 143771 MiB
2026/08/13 21:08:51.613, NVIDIA H200, 38, 88 %, 29 %, 15045 MiB, 143771 MiB
2026/08/13 21:08:54.613, NVIDIA H200, 37, 99 %, 22 %, 15045 MiB, 143771 MiB
2026/08/13 21:08:57.614, NVIDIA H200, 38, 99 %, 22 %, 15045 MiB, 143771 MiB
2026/08/13 21:09:00.614, NVIDIA H200, 33, 65 %, 18 %, 15045 MiB, 143771 MiB
2026/08/13 21:09:03.614, NVIDIA H200, 36, 78 %, 26 %, 15045 MiB, 143771 MiB
2026/08/13 21:09:06.615, NVIDIA H200, 26, 0 %, 0 %, 15045 MiB, 143771 MiB
2026/08/13 21:09:09.615, NVIDIA H200, 25, 0 %, 0 %, 15045 MiB, 143771 MiB
2026/08/13 21:09:12.615, NVIDIA H200, 34, 97 %, 27 %, 15045 MiB, 143771 MiB
2026/08/13 21:09:15.615, NVIDIA H200, 36, 99 %, 31 %, 15045 MiB, 143771 MiB
2026/08/13 21:09:18.616, NVIDIA H200, 38, 78 %, 25 %, 15045 MiB, 143771 MiB
2026/08/13 21:09:21.616, NVIDIA H200, 39, 97 %, 24 %, 15045 MiB, 143771 MiB
2026/08/13 21:09:24.616, NVIDIA H200, 37, 100 %, 24 %, 15045 MiB, 143771 MiB
2026/08/13 21:09:27.617, NVIDIA H200, 37, 99 %, 32 %, 15045 MiB, 143771 MiB
2026/08/13 21:09:30.617, NVIDIA H200, 38, 92 %, 28 %, 15045 MiB, 143771 MiB
2026/08/13 21:09:33.617, NVIDIA H200, 39, 94 %, 23 %, 15045 MiB, 143771 MiB
2026/08/13 21:09:36.618, NVIDIA H200, 37, 100 %, 24 %, 15045 MiB, 143771 MiB
2026/08/13 21:09:39.618, NVIDIA H200, 37, 98 %, 32 %, 15045 MiB, 143771 MiB
2026/08/13 21:09:42.618, NVIDIA H200, 38, 81 %, 26 %, 15045 MiB, 143771 MiB
2026/08/13 21:09:45.619, NVIDIA H200, 39, 92 %, 23 %, 15045 MiB, 143771 MiB
2026/08/13 21:09:48.619, NVIDIA H200, 37, 100 %, 23 %, 15045 MiB, 143771 MiB
2026/08/13 21:09:51.619, NVIDIA H200, 37, 98 %, 30 %, 15045 MiB, 143771 MiB
2026/08/13 21:09:54.620, NVIDIA H200, 37, 90 %, 22 %, 15045 MiB, 143771 MiB
2026/08/13 21:09:57.620, NVIDIA H200, 37, 93 %, 21 %, 15045 MiB, 143771 MiB
2026/08/13 21:10:00.620, NVIDIA H200, 38, 99 %, 32 %, 15045 MiB, 143771 MiB
2026/08/13 21:10:03.620, NVIDIA H200, 38, 87 %, 26 %, 15045 MiB, 143771 MiB
2026/08/13 21:10:06.621, NVIDIA H200, 38, 90 %, 19 %, 15045 MiB, 143771 MiB
2026/08/13 21:10:09.621, NVIDIA H200, 38, 99 %, 31 %, 15045 MiB, 143771 MiB
2026/08/13 21:10:12.621, NVIDIA H200, 37, 98 %, 30 %, 15045 MiB, 143771 MiB
2026/08/13 21:10:15.622, NVIDIA H200, 36, 98 %, 26 %, 15045 MiB, 143771 MiB
2026/08/13 21:10:18.622, NVIDIA H200, 37, 100 %, 24 %, 15045 MiB, 143771 MiB
2026/08/13 21:10:21.622, NVIDIA H200, 37, 93 %, 32 %, 15045 MiB, 143771 MiB
2026/08/13 21:10:24.623, NVIDIA H200, 39, 97 %, 27 %, 15045 MiB, 143771 MiB
2026/08/13 21:10:27.623, NVIDIA H200, 38, 99 %, 20 %, 15045 MiB, 143771 MiB
2026/08/13 21:10:30.623, NVIDIA H200, 37, 99 %, 31 %, 15045 MiB, 143771 MiB
2026/08/13 21:10:33.624, NVIDIA H200, 38, 82 %, 26 %, 15045 MiB, 143771 MiB
2026/08/13 21:10:36.624, NVIDIA H200, 38, 92 %, 23 %, 15045 MiB, 143771 MiB
2026/08/13 21:10:39.624, NVIDIA H200, 37, 99 %, 25 %, 15045 MiB, 143771 MiB
2026/08/13 21:10:42.628, NVIDIA H200, 37, 98 %, 30 %, 15045 MiB, 143771 MiB
2026/08/13 21:10:45.628, NVIDIA H200, 38, 97 %, 21 %, 15045 MiB, 143771 MiB
2026/08/13 21:10:48.628, NVIDIA H200, 39, 98 %, 31 %, 15045 MiB, 143771 MiB
2026/08/13 21:10:51.629, NVIDIA H200, 37, 98 %, 27 %, 15045 MiB, 143771 MiB
2026/08/13 21:10:54.629, NVIDIA H200, 37, 82 %, 17 %, 15045 MiB, 143771 MiB
2026/08/13 21:10:57.629, NVIDIA H200, 38, 99 %, 25 %, 15045 MiB, 143771 MiB
2026/08/13 21:11:00.630, NVIDIA H200, 37, 98 %, 31 %, 15045 MiB, 143771 MiB
2026/08/13 21:11:03.630, NVIDIA H200, 37, 98 %, 26 %, 15045 MiB, 143771 MiB
2026/08/13 21:11:06.630, NVIDIA H200, 27, 0 %, 0 %, 15045 MiB, 143771 MiB
2026/08/13 21:11:09.631, NVIDIA H200, 35, 56 %, 18 %, 15045 MiB, 143771 MiB
2026/08/13 21:11:12.631, NVIDIA H200, 29, 0 %, 0 %, 15045 MiB, 143771 MiB
2026/08/13 21:11:15.631, NVIDIA H200, 37, 98 %, 27 %, 15045 MiB, 143771 MiB
2026/08/13 21:11:18.632, NVIDIA H200, 38, 98 %, 31 %, 15045 MiB, 143771 MiB
2026/08/13 21:11:21.632, NVIDIA H200, 37, 91 %, 22 %, 15045 MiB, 143771 MiB
2026/08/13 21:11:24.632, NVIDIA H200, 37, 98 %, 30 %, 15045 MiB, 143771 MiB
2026/08/13 21:11:27.633, NVIDIA H200, 37, 78 %, 18 %, 15045 MiB, 143771 MiB
2026/08/13 21:11:30.633, NVIDIA H200, 38, 99 %, 21 %, 15045 MiB, 143771 MiB
2026/08/13 21:11:33.633, NVIDIA H200, 38, 90 %, 19 %, 15045 MiB, 143771 MiB
2026/08/13 21:11:36.634, NVIDIA H200, 37, 92 %, 20 %, 15045 MiB, 143771 MiB
2026/08/13 21:11:39.634, NVIDIA H200, 39, 100 %, 27 %, 15045 MiB, 143771 MiB
2026/08/13 21:11:42.634, NVIDIA H200, 38, 99 %, 34 %, 15045 MiB, 143771 MiB
2026/08/13 21:11:45.634, NVIDIA H200, 37, 88 %, 26 %, 15045 MiB, 143771 MiB
2026/08/13 21:11:48.635, NVIDIA H200, 38, 79 %, 17 %, 15045 MiB, 143771 MiB
2026/08/13 21:11:51.635, NVIDIA H200, 39, 99 %, 31 %, 15045 MiB, 143771 MiB
2026/08/13 21:11:54.635, NVIDIA H200, 37, 98 %, 30 %, 15045 MiB, 143771 MiB
2026/08/13 21:11:57.636, NVIDIA H200, 38, 96 %, 21 %, 15045 MiB, 143771 MiB
2026/08/13 21:12:00.636, NVIDIA H200, 39, 98 %, 32 %, 15045 MiB, 143771 MiB
2026/08/13 21:12:03.636, NVIDIA H200, 37, 98 %, 28 %, 15045 MiB, 143771 MiB
2026/08/13 21:12:06.637, NVIDIA H200, 38, 100 %, 24 %, 15045 MiB, 143771 MiB
2026/08/13 21:12:09.637, NVIDIA H200, 38, 98 %, 34 %, 15045 MiB, 143771 MiB
2026/08/13 21:12:12.637, NVIDIA H200, 38, 97 %, 27 %, 15045 MiB, 143771 MiB
2026/08/13 21:12:15.638, NVIDIA H200, 38, 98 %, 33 %, 15045 MiB, 143771 MiB
2026/08/13 21:12:18.638, NVIDIA H200, 38, 89 %, 18 %, 15045 MiB, 143771 MiB
2026/08/13 21:12:21.640, NVIDIA H200, 37, 98 %, 30 %, 15045 MiB, 143771 MiB
2026/08/13 21:12:24.640, NVIDIA H200, 38, 77 %, 17 %, 15045 MiB, 143771 MiB
2026/08/13 21:12:27.641, NVIDIA H200, 37, 98 %, 32 %, 15045 MiB, 143771 MiB
2026/08/13 21:12:30.641, NVIDIA H200, 39, 91 %, 22 %, 15045 MiB, 143771 MiB
2026/08/13 21:12:33.641, NVIDIA H200, 37, 98 %, 32 %, 15045 MiB, 143771 MiB
2026/08/13 21:12:36.642, NVIDIA H200, 39, 74 %, 16 %, 15045 MiB, 143771 MiB
2026/08/13 21:12:39.642, NVIDIA H200, 37, 98 %, 35 %, 15045 MiB, 143771 MiB
2026/08/13 21:12:42.642, NVIDIA H200, 38, 86 %, 19 %, 15045 MiB, 143771 MiB
2026/08/13 21:12:45.643, NVIDIA H200, 38, 87 %, 28 %, 15045 MiB, 143771 MiB
2026/08/13 21:12:48.643, NVIDIA H200, 38, 95 %, 20 %, 15045 MiB, 143771 MiB
2026/08/13 21:12:51.643, NVIDIA H200, 37, 98 %, 32 %, 15045 MiB, 143771 MiB
2026/08/13 21:12:54.644, NVIDIA H200, 38, 78 %, 18 %, 15045 MiB, 143771 MiB
2026/08/13 21:12:57.644, NVIDIA H200, 37, 99 %, 34 %, 15045 MiB, 143771 MiB
2026/08/13 21:13:00.644, NVIDIA H200, 38, 97 %, 21 %, 15045 MiB, 143771 MiB
2026/08/13 21:13:03.645, NVIDIA H200, 37, 98 %, 33 %, 15045 MiB, 143771 MiB
2026/08/13 21:13:06.645, NVIDIA H200, 37, 99 %, 33 %, 15045 MiB, 143771 MiB
2026/08/13 21:13:09.645, NVIDIA H200, 33, 62 %, 18 %, 15045 MiB, 143771 MiB
2026/08/13 21:13:12.646, NVIDIA H200, 36, 81 %, 28 %, 15045 MiB, 143771 MiB
2026/08/13 21:13:15.646, NVIDIA H200, 34, 52 %, 17 %, 15045 MiB, 143771 MiB
2026/08/13 21:13:18.646, NVIDIA H200, 36, 100 %, 24 %, 15045 MiB, 143771 MiB
2026/08/13 21:13:21.647, NVIDIA H200, 37, 96 %, 29 %, 15045 MiB, 143771 MiB
2026/08/13 21:13:24.647, NVIDIA H200, 37, 97 %, 23 %, 15045 MiB, 143771 MiB
2026/08/13 21:13:27.647, NVIDIA H200, 37, 96 %, 29 %, 15045 MiB, 143771 MiB
2026/08/13 21:13:30.648, NVIDIA H200, 37, 96 %, 23 %, 15045 MiB, 143771 MiB
2026/08/13 21:13:33.648, NVIDIA H200, 38, 80 %, 24 %, 15045 MiB, 143771 MiB
2026/08/13 21:13:36.648, NVIDIA H200, 37, 100 %, 23 %, 15045 MiB, 143771 MiB
2026/08/13 21:13:39.648, NVIDIA H200, 38, 97 %, 29 %, 15045 MiB, 143771 MiB
2026/08/13 21:13:42.649, NVIDIA H200, 36, 96 %, 23 %, 15045 MiB, 143771 MiB
2026/08/13 21:13:45.649, NVIDIA H200, 38, 78 %, 26 %, 15045 MiB, 143771 MiB
2026/08/13 21:13:48.649, NVIDIA H200, 36, 99 %, 22 %, 15045 MiB, 143771 MiB
2026/08/13 21:13:51.650, NVIDIA H200, 37, 99 %, 32 %, 15045 MiB, 143771 MiB
2026/08/13 21:13:54.650, NVIDIA H200, 39, 98 %, 26 %, 15045 MiB, 143771 MiB
2026/08/13 21:13:57.650, NVIDIA H200, 38, 89 %, 21 %, 15045 MiB, 143771 MiB
2026/08/13 21:14:00.651, NVIDIA H200, 37, 99 %, 34 %, 15045 MiB, 143771 MiB
2026/08/13 21:14:03.651, NVIDIA H200, 38, 94 %, 24 %, 15045 MiB, 143771 MiB
2026/08/13 21:14:06.651, NVIDIA H200, 37, 97 %, 22 %, 15045 MiB, 143771 MiB
2026/08/13 21:14:09.652, NVIDIA H200, 37, 99 %, 28 %, 15045 MiB, 143771 MiB
2026/08/13 21:14:12.652, NVIDIA H200, 37, 99 %, 33 %, 15045 MiB, 143771 MiB
2026/08/13 21:14:15.652, NVIDIA H200, 39, 98 %, 27 %, 15045 MiB, 143771 MiB
2026/08/13 21:14:18.653, NVIDIA H200, 37, 78 %, 19 %, 15045 MiB, 143771 MiB
2026/08/13 21:14:21.653, NVIDIA H200, 37, 98 %, 31 %, 15045 MiB, 143771 MiB
2026/08/13 21:14:24.653, NVIDIA H200, 37, 98 %, 31 %, 15045 MiB, 143771 MiB
2026/08/13 21:14:27.654, NVIDIA H200, 38, 85 %, 21 %, 15045 MiB, 143771 MiB
2026/08/13 21:14:30.654, NVIDIA H200, 39, 97 %, 22 %, 15045 MiB, 143771 MiB
2026/08/13 21:14:33.654, NVIDIA H200, 37, 98 %, 29 %, 15045 MiB, 143771 MiB
2026/08/13 21:14:36.655, NVIDIA H200, 37, 99 %, 31 %, 15045 MiB, 143771 MiB
2026/08/13 21:14:39.655, NVIDIA H200, 38, 97 %, 30 %, 15045 MiB, 143771 MiB
2026/08/13 21:14:42.655, NVIDIA H200, 39, 91 %, 25 %, 15045 MiB, 143771 MiB
2026/08/13 21:14:45.656, NVIDIA H200, 38, 95 %, 21 %, 15045 MiB, 143771 MiB
2026/08/13 21:14:48.656, NVIDIA H200, 37, 99 %, 30 %, 15045 MiB, 143771 MiB
2026/08/13 21:14:51.656, NVIDIA H200, 38, 94 %, 29 %, 15045 MiB, 143771 MiB
2026/08/13 21:14:54.657, NVIDIA H200, 37, 82 %, 19 %, 15045 MiB, 143771 MiB
2026/08/13 21:14:57.657, NVIDIA H200, 37, 95 %, 30 %, 15045 MiB, 143771 MiB
2026/08/13 21:15:00.657, NVIDIA H200, 38, 100 %, 25 %, 15045 MiB, 143771 MiB
2026/08/13 21:15:03.658, NVIDIA H200, 37, 90 %, 30 %, 15045 MiB, 143771 MiB
2026/08/13 21:15:06.658, NVIDIA H200, 39, 100 %, 23 %, 15045 MiB, 143771 MiB
2026/08/13 21:15:09.658, NVIDIA H200, 28, 0 %, 0 %, 15045 MiB, 143771 MiB
2026/08/13 21:15:12.659, NVIDIA H200, 34, 78 %, 21 %, 15045 MiB, 143771 MiB
2026/08/13 21:15:15.659, NVIDIA H200, 32, 47 %, 17 %, 15045 MiB, 143771 MiB
2026/08/13 21:15:18.659, NVIDIA H200, 36, 95 %, 29 %, 15045 MiB, 143771 MiB
2026/08/13 21:15:21.659, NVIDIA H200, 37, 81 %, 16 %, 15045 MiB, 143771 MiB
2026/08/13 21:15:24.660, NVIDIA H200, 37, 98 %, 32 %, 15045 MiB, 143771 MiB
2026/08/13 21:15:27.660, NVIDIA H200, 37, 86 %, 20 %, 15045 MiB, 143771 MiB
2026/08/13 21:15:30.660, NVIDIA H200, 36, 98 %, 31 %, 15045 MiB, 143771 MiB
2026/08/13 21:15:33.661, NVIDIA H200, 37, 98 %, 30 %, 15045 MiB, 143771 MiB
2026/08/13 21:15:36.661, NVIDIA H200, 37, 98 %, 27 %, 15045 MiB, 143771 MiB
2026/08/13 21:15:39.661, NVIDIA H200, 38, 100 %, 23 %, 15045 MiB, 143771 MiB
2026/08/13 21:15:42.662, NVIDIA H200, 37, 96 %, 29 %, 15045 MiB, 143771 MiB
2026/08/13 21:15:45.662, NVIDIA H200, 38, 100 %, 25 %, 15045 MiB, 143771 MiB
2026/08/13 21:15:48.662, NVIDIA H200, 37, 90 %, 26 %, 15045 MiB, 143771 MiB
2026/08/13 21:15:51.663, NVIDIA H200, 35, 100 %, 24 %, 15045 MiB, 143771 MiB
2026/08/13 21:15:54.663, NVIDIA H200, 37, 93 %, 26 %, 15045 MiB, 143771 MiB
2026/08/13 21:15:57.663, NVIDIA H200, 38, 88 %, 22 %, 15045 MiB, 143771 MiB
2026/08/13 21:16:00.664, NVIDIA H200, 38, 99 %, 33 %, 15045 MiB, 143771 MiB
2026/08/13 21:16:03.664, NVIDIA H200, 38, 99 %, 25 %, 15045 MiB, 143771 MiB
2026/08/13 21:16:06.664, NVIDIA H200, 37, 92 %, 22 %, 15045 MiB, 143771 MiB
2026/08/13 21:16:09.665, NVIDIA H200, 38, 85 %, 27 %, 15045 MiB, 143771 MiB
2026/08/13 21:16:12.676, NVIDIA H200, 37, 97 %, 24 %, 15045 MiB, 143771 MiB
2026/08/13 21:16:15.677, NVIDIA H200, 38, 88 %, 27 %, 15045 MiB, 143771 MiB
2026/08/13 21:16:18.677, NVIDIA H200, 37, 100 %, 24 %, 15045 MiB, 143771 MiB
2026/08/13 21:16:21.677, NVIDIA H200, 39, 89 %, 22 %, 15045 MiB, 143771 MiB
2026/08/13 21:16:24.678, NVIDIA H200, 37, 99 %, 32 %, 15045 MiB, 143771 MiB
2026/08/13 21:16:27.678, NVIDIA H200, 37, 93 %, 20 %, 15045 MiB, 143771 MiB
2026/08/13 21:16:30.678, NVIDIA H200, 38, 98 %, 31 %, 15045 MiB, 143771 MiB
2026/08/13 21:16:33.679, NVIDIA H200, 36, 93 %, 20 %, 15045 MiB, 143771 MiB
2026/08/13 21:16:36.679, NVIDIA H200, 37, 83 %, 28 %, 15045 MiB, 143771 MiB
2026/08/13 21:16:39.679, NVIDIA H200, 38, 76 %, 15 %, 15045 MiB, 143771 MiB
2026/08/13 21:16:42.680, NVIDIA H200, 38, 98 %, 31 %, 15045 MiB, 143771 MiB
2026/08/13 21:16:45.680, NVIDIA H200, 36, 100 %, 25 %, 15045 MiB, 143771 MiB
2026/08/13 21:16:48.680, NVIDIA H200, 38, 98 %, 32 %, 15045 MiB, 143771 MiB
2026/08/13 21:16:51.681, NVIDIA H200, 36, 88 %, 20 %, 15045 MiB, 143771 MiB
2026/08/13 21:16:54.681, NVIDIA H200, 37, 90 %, 28 %, 15045 MiB, 143771 MiB
2026/08/13 21:16:57.681, NVIDIA H200, 37, 100 %, 27 %, 15045 MiB, 143771 MiB
2026/08/13 21:17:00.682, NVIDIA H200, 38, 85 %, 27 %, 15045 MiB, 143771 MiB
2026/08/13 21:17:03.682, NVIDIA H200, 37, 100 %, 24 %, 15045 MiB, 143771 MiB
2026/08/13 21:17:06.682, NVIDIA H200, 39, 82 %, 20 %, 15045 MiB, 143771 MiB
2026/08/13 21:17:09.683, NVIDIA H200, 37, 99 %, 22 %, 15045 MiB, 143771 MiB
2026/08/13 21:17:12.684, NVIDIA H200, 27, 0 %, 0 %, 15045 MiB, 143771 MiB
2026/08/13 21:17:15.684, NVIDIA H200, 35, 77 %, 25 %, 15045 MiB, 143771 MiB
2026/08/13 21:17:18.685, NVIDIA H200, 29, 0 %, 0 %, 15045 MiB, 143771 MiB
2026/08/13 21:17:21.685, NVIDIA H200, 37, 85 %, 26 %, 15045 MiB, 143771 MiB
2026/08/13 21:17:24.685, NVIDIA H200, 36, 99 %, 22 %, 15045 MiB, 143771 MiB
2026/08/13 21:17:27.686, NVIDIA H200, 37, 98 %, 32 %, 15045 MiB, 143771 MiB
2026/08/13 21:17:30.686, NVIDIA H200, 36, 85 %, 21 %, 15045 MiB, 143771 MiB
2026/08/13 21:17:33.686, NVIDIA H200, 38, 94 %, 29 %, 15045 MiB, 143771 MiB
2026/08/13 21:17:36.686, NVIDIA H200, 38, 88 %, 20 %, 15045 MiB, 143771 MiB
2026/08/13 21:17:39.687, NVIDIA H200, 38, 98 %, 31 %, 15045 MiB, 143771 MiB
2026/08/13 21:17:42.688, NVIDIA H200, 37, 95 %, 29 %, 15045 MiB, 143771 MiB
2026/08/13 21:17:45.689, NVIDIA H200, 39, 100 %, 24 %, 15045 MiB, 143771 MiB
2026/08/13 21:17:48.689, NVIDIA H200, 37, 87 %, 29 %, 15045 MiB, 143771 MiB
2026/08/13 21:17:51.689, NVIDIA H200, 37, 78 %, 16 %, 15045 MiB, 143771 MiB
2026/08/13 21:17:54.690, NVIDIA H200, 36, 82 %, 26 %, 15045 MiB, 143771 MiB
2026/08/13 21:17:57.690, NVIDIA H200, 38, 91 %, 22 %, 15045 MiB, 143771 MiB
2026/08/13 21:18:00.690, NVIDIA H200, 37, 99 %, 31 %, 15045 MiB, 143771 MiB
2026/08/13 21:18:03.691, NVIDIA H200, 37, 98 %, 28 %, 15045 MiB, 143771 MiB
2026/08/13 21:18:06.691, NVIDIA H200, 37, 98 %, 30 %, 15045 MiB, 143771 MiB
2026/08/13 21:18:09.691, NVIDIA H200, 38, 99 %, 34 %, 15045 MiB, 143771 MiB
2026/08/13 21:18:12.692, NVIDIA H200, 36, 88 %, 21 %, 15045 MiB, 143771 MiB
2026/08/13 21:18:15.692, NVIDIA H200, 38, 98 %, 31 %, 15045 MiB, 143771 MiB
2026/08/13 21:18:18.692, NVIDIA H200, 36, 80 %, 18 %, 15045 MiB, 143771 MiB
2026/08/13 21:18:21.693, NVIDIA H200, 38, 94 %, 22 %, 15045 MiB, 143771 MiB
2026/08/13 21:18:24.693, NVIDIA H200, 38, 98 %, 34 %, 15045 MiB, 143771 MiB
2026/08/13 21:18:27.693, NVIDIA H200, 37, 98 %, 27 %, 15045 MiB, 143771 MiB
2026/08/13 21:18:30.694, NVIDIA H200, 38, 99 %, 30 %, 15045 MiB, 143771 MiB
2026/08/13 21:18:33.694, NVIDIA H200, 37, 76 %, 22 %, 15045 MiB, 143771 MiB
2026/08/13 21:18:36.694, NVIDIA H200, 37, 98 %, 30 %, 15045 MiB, 143771 MiB
2026/08/13 21:18:39.695, NVIDIA H200, 37, 98 %, 31 %, 15045 MiB, 143771 MiB
2026/08/13 21:18:42.696, NVIDIA H200, 38, 100 %, 24 %, 15045 MiB, 143771 MiB
2026/08/13 21:18:45.696, NVIDIA H200, 37, 89 %, 29 %, 15045 MiB, 143771 MiB
2026/08/13 21:18:48.696, NVIDIA H200, 38, 99 %, 22 %, 15045 MiB, 143771 MiB
2026/08/13 21:18:51.697, NVIDIA H200, 36, 100 %, 26 %, 15045 MiB, 143771 MiB
2026/08/13 21:18:54.697, NVIDIA H200, 36, 81 %, 26 %, 15045 MiB, 143771 MiB
2026/08/13 21:18:57.697, NVIDIA H200, 38, 100 %, 26 %, 15045 MiB, 143771 MiB
2026/08/13 21:19:00.698, NVIDIA H200, 36, 88 %, 28 %, 15045 MiB, 143771 MiB
2026/08/13 21:19:03.698, NVIDIA H200, 38, 95 %, 22 %, 15045 MiB, 143771 MiB
2026/08/13 21:19:06.698, NVIDIA H200, 37, 94 %, 31 %, 15045 MiB, 143771 MiB
2026/08/13 21:19:09.698, NVIDIA H200, 36, 98 %, 31 %, 15045 MiB, 143771 MiB
2026/08/13 21:19:12.699, NVIDIA H200, 37, 99 %, 31 %, 15045 MiB, 143771 MiB
2026/08/13 21:19:15.699, NVIDIA H200, 32, 78 %, 26 %, 15045 MiB, 143771 MiB
2026/08/13 21:19:18.699, NVIDIA H200, 33, 76 %, 24 %, 15045 MiB, 143771 MiB
2026/08/13 21:19:21.700, NVIDIA H200, 26, 0 %, 0 %, 15045 MiB, 143771 MiB
2026/08/13 21:19:24.700, NVIDIA H200, 25, 0 %, 0 %, 15045 MiB, 143771 MiB
2026/08/13 21:19:27.700, NVIDIA H200, 34, 99 %, 25 %, 15045 MiB, 143771 MiB
2026/08/13 21:19:30.701, NVIDIA H200, 35, 100 %, 24 %, 15045 MiB, 143771 MiB
2026/08/13 21:19:33.701, NVIDIA H200, 36, 81 %, 21 %, 15045 MiB, 143771 MiB
2026/08/13 21:19:36.701, NVIDIA H200, 38, 99 %, 32 %, 15045 MiB, 143771 MiB
2026/08/13 21:19:39.702, NVIDIA H200, 36, 87 %, 19 %, 15045 MiB, 143771 MiB
2026/08/13 21:19:42.702, NVIDIA H200, 38, 98 %, 32 %, 15045 MiB, 143771 MiB
2026/08/13 21:19:45.702, NVIDIA H200, 36, 80 %, 18 %, 15045 MiB, 143771 MiB
2026/08/13 21:19:48.703, NVIDIA H200, 37, 99 %, 31 %, 15045 MiB, 143771 MiB
2026/08/13 21:19:51.703, NVIDIA H200, 36, 80 %, 18 %, 15045 MiB, 143771 MiB
2026/08/13 21:19:54.703, NVIDIA H200, 37, 99 %, 31 %, 15045 MiB, 143771 MiB
2026/08/13 21:19:57.704, NVIDIA H200, 37, 84 %, 19 %, 15045 MiB, 143771 MiB
2026/08/13 21:20:00.704, NVIDIA H200, 37, 98 %, 34 %, 15045 MiB, 143771 MiB
2026/08/13 21:20:03.704, NVIDIA H200, 37, 85 %, 20 %, 15045 MiB, 143771 MiB
2026/08/13 21:20:06.705, NVIDIA H200, 36, 84 %, 27 %, 15045 MiB, 143771 MiB
2026/08/13 21:20:09.705, NVIDIA H200, 38, 100 %, 25 %, 15045 MiB, 143771 MiB
2026/08/13 21:20:12.705, NVIDIA H200, 36, 96 %, 30 %, 15045 MiB, 143771 MiB
2026/08/13 21:20:15.705, NVIDIA H200, 38, 99 %, 22 %, 15045 MiB, 143771 MiB
2026/08/13 21:20:18.706, NVIDIA H200, 36, 98 %, 30 %, 15045 MiB, 143771 MiB
2026/08/13 21:20:21.706, NVIDIA H200, 38, 99 %, 22 %, 15045 MiB, 143771 MiB
2026/08/13 21:20:24.706, NVIDIA H200, 36, 91 %, 28 %, 15045 MiB, 143771 MiB
2026/08/13 21:20:27.707, NVIDIA H200, 37, 76 %, 17 %, 15045 MiB, 143771 MiB
2026/08/13 21:20:30.707, NVIDIA H200, 36, 78 %, 25 %, 15045 MiB, 143771 MiB
2026/08/13 21:20:33.707, NVIDIA H200, 37, 99 %, 22 %, 15045 MiB, 143771 MiB
2026/08/13 21:20:36.708, NVIDIA H200, 37, 97 %, 34 %, 15045 MiB, 143771 MiB
2026/08/13 21:20:39.708, NVIDIA H200, 37, 99 %, 21 %, 15045 MiB, 143771 MiB
2026/08/13 21:20:42.709, NVIDIA H200, 37, 98 %, 31 %, 15045 MiB, 143771 MiB
2026/08/13 21:20:45.709, NVIDIA H200, 37, 92 %, 21 %, 15045 MiB, 143771 MiB
2026/08/13 21:20:48.709, NVIDIA H200, 37, 99 %, 32 %, 15045 MiB, 143771 MiB
2026/08/13 21:20:51.710, NVIDIA H200, 37, 96 %, 23 %, 15045 MiB, 143771 MiB
2026/08/13 21:20:54.710, NVIDIA H200, 36, 92 %, 26 %, 15045 MiB, 143771 MiB
2026/08/13 21:20:57.710, NVIDIA H200, 37, 98 %, 32 %, 15045 MiB, 143771 MiB
2026/08/13 21:21:00.711, NVIDIA H200, 37, 96 %, 22 %, 15045 MiB, 143771 MiB
2026/08/13 21:21:03.711, NVIDIA H200, 38, 98 %, 30 %, 15045 MiB, 143771 MiB
2026/08/13 21:21:06.711, NVIDIA H200, 36, 98 %, 34 %, 15045 MiB, 143771 MiB
2026/08/13 21:21:09.712, NVIDIA H200, 36, 83 %, 19 %, 15045 MiB, 143771 MiB
2026/08/13 21:21:12.716, NVIDIA H200, 35, 81 %, 28 %, 15045 MiB, 143771 MiB
2026/08/13 21:21:15.716, NVIDIA H200, 36, 98 %, 29 %, 15045 MiB, 143771 MiB
2026/08/13 21:21:18.716, NVIDIA H200, 38, 91 %, 29 %, 15045 MiB, 143771 MiB
2026/08/13 21:21:21.717, NVIDIA H200, 38, 98 %, 31 %, 15045 MiB, 143771 MiB
2026/08/13 21:21:24.717, NVIDIA H200, 35, 78 %, 23 %, 15045 MiB, 143771 MiB
2026/08/13 21:21:27.717, NVIDIA H200, 34, 80 %, 28 %, 15045 MiB, 143771 MiB
2026/08/13 21:21:30.718, NVIDIA H200, 25, 0 %, 0 %, 15051 MiB, 143771 MiB
2026/08/13 21:21:33.718, NVIDIA H200, 25, 0 %, 0 %, 15051 MiB, 143771 MiB
2026/08/13 21:21:36.718, NVIDIA H200, 24, 0 %, 0 %, 15051 MiB, 143771 MiB
2026/08/13 21:21:39.719, NVIDIA H200, 24, 0 %, 0 %, 15051 MiB, 143771 MiB
2026/08/13 21:21:42.719, NVIDIA H200, 24, 0 %, 0 %, 15051 MiB, 143771 MiB
2026/08/13 21:21:45.719, NVIDIA H200, 24, 0 %, 0 %, 15051 MiB, 143771 MiB
2026/08/13 21:21:48.719, NVIDIA H200, 24, 0 %, 0 %, 15051 MiB, 143771 MiB
2026/08/13 21:21:51.719, NVIDIA H200, 24, 0 %, 0 %, 15051 MiB, 143771 MiB
2026/08/13 21:21:54.720, NVIDIA H200, 24, 0 %, 0 %, 15051 MiB, 143771 MiB
2026/08/13 21:21:57.720, NVIDIA H200, 24, 0 %, 0 %, 15051 MiB, 143771 MiB
2026/08/13 21:22:00.720, NVIDIA H200, 24, 0 %, 0 %, 15051 MiB, 143771 MiB
2026/08/13 21:22:03.720, NVIDIA H200, 24, 0 %, 0 %, 15051 MiB, 143771 MiB
2026/08/13 21:22:06.721, NVIDIA H200, 24, 0 %, 0 %, 15051 MiB, 143771 MiB
2026/08/13 21:22:09.721, NVIDIA H200, 23, 0 %, 0 %, 15051 MiB, 143771 MiB
2026/08/13 21:22:12.721, NVIDIA H200, 23, 0 %, 0 %, 15051 MiB, 143771 MiB
2026/08/13 21:22:15.721, NVIDIA H200, 23, 0 %, 0 %, 15051 MiB, 143771 MiB
2026/08/13 21:22:18.722, NVIDIA H200, 23, 0 %, 0 %, 15051 MiB, 143771 MiB
2026/08/13 21:22:21.722, NVIDIA H200, 23, 0 %, 0 %, 15051 MiB, 143771 MiB
2026/08/13 21:22:24.722, NVIDIA H200, 23, 0 %, 0 %, 15051 MiB, 143771 MiB
2026/08/13 21:22:27.722, NVIDIA H200, 23, 0 %, 0 %, 15051 MiB, 143771 MiB
2026/08/13 21:22:30.723, NVIDIA H200, 23, 0 %, 0 %, 15051 MiB, 143771 MiB
2026/08/13 21:22:33.723, NVIDIA H200, 23, 0 %, 0 %, 15051 MiB, 143771 MiB
2026/08/13 21:22:36.723, NVIDIA H200, 23, 0 %, 0 %, 15051 MiB, 143771 MiB
2026/08/13 21:22:39.723, NVIDIA H200, 23, 0 %, 0 %, 15051 MiB, 143771 MiB
2026/08/13 21:22:42.724, NVIDIA H200, 23, 0 %, 0 %, 15051 MiB, 143771 MiB
2026/08/13 21:22:45.724, NVIDIA H200, 23, 0 %, 0 %, 15051 MiB, 143771 MiB
2026/08/13 21:22:48.725, NVIDIA H200, 23, 0 %, 0 %, 15051 MiB, 143771 MiB
2026/08/13 21:22:51.725, NVIDIA H200, 23, 0 %, 0 %, 15051 MiB, 143771 MiB
2026/08/13 21:22:54.725, NVIDIA H200, 23, 0 %, 0 %, 15051 MiB, 143771 MiB
2026/08/13 21:22:57.725, NVIDIA H200, 23, 0 %, 0 %, 15051 MiB, 143771 MiB
2026/08/13 21:23:00.725, NVIDIA H200, 23, 0 %, 0 %, 15051 MiB, 143771 MiB
2026/08/13 21:23:03.726, NVIDIA H200, 23, 0 %, 0 %, 15051 MiB, 143771 MiB
2026/08/13 21:23:06.726, NVIDIA H200, 23, 0 %, 0 %, 15051 MiB, 143771 MiB
2026/08/13 21:23:09.726, NVIDIA H200, 23, 0 %, 0 %, 15051 MiB, 143771 MiB
2026/08/13 21:23:12.729, NVIDIA H200, 23, 0 %, 0 %, 15051 MiB, 143771 MiB
2026/08/13 21:23:15.729, NVIDIA H200, 23, 0 %, 0 %, 15051 MiB, 143771 MiB
2026/08/13 21:23:18.729, NVIDIA H200, 23, 0 %, 0 %, 15051 MiB, 143771 MiB
2026/08/13 21:23:21.730, NVIDIA H200, 23, 0 %, 0 %, 15051 MiB, 143771 MiB
2026/08/13 21:23:24.730, NVIDIA H200, 23, 0 %, 0 %, 15051 MiB, 143771 MiB
2026/08/13 21:23:27.730, NVIDIA H200, 23, 0 %, 0 %, 15051 MiB, 143771 MiB
2026/08/13 21:23:30.730, NVIDIA H200, 23, 0 %, 0 %, 15051 MiB, 143771 MiB
2026/08/13 21:23:33.731, NVIDIA H200, 23, 0 %, 0 %, 15051 MiB, 143771 MiB
2026/08/13 21:23:36.731, NVIDIA H200, 23, 0 %, 0 %, 15051 MiB, 143771 MiB
2026/08/13 21:23:39.731, NVIDIA H200, 23, 0 %, 0 %, 15051 MiB, 143771 MiB
2026/08/13 21:23:42.732, NVIDIA H200, 23, 0 %, 0 %, 15051 MiB, 143771 MiB
2026/08/13 21:23:45.732, NVIDIA H200, 23, 0 %, 0 %, 15051 MiB, 143771 MiB
2026/08/13 21:23:48.732, NVIDIA H200, 23, 0 %, 0 %, 15051 MiB, 143771 MiB
2026/08/13 21:23:51.732, NVIDIA H200, 23, 0 %, 0 %, 15051 MiB, 143771 MiB
2026/08/13 21:23:54.733, NVIDIA H200, 23, 0 %, 0 %, 15051 MiB, 143771 MiB
2026/08/13 21:23:57.733, NVIDIA H200, 23, 0 %, 0 %, 15051 MiB, 143771 MiB
2026/08/13 21:24:00.733, NVIDIA H200, 23, 0 %, 0 %, 15051 MiB, 143771 MiB
2026/08/13 21:24:03.733, NVIDIA H200, 23, 0 %, 0 %, 15051 MiB, 143771 MiB
2026/08/13 21:24:06.733, NVIDIA H200, 23, 0 %, 0 %, 15051 MiB, 143771 MiB
2026/08/13 21:24:09.734, NVIDIA H200, 23, 0 %, 0 %, 15051 MiB, 143771 MiB
2026/08/13 21:24:12.735, NVIDIA H200, 23, 0 %, 0 %, 15051 MiB, 143771 MiB
2026/08/13 21:24:15.735, NVIDIA H200, 23, 0 %, 0 %, 15051 MiB, 143771 MiB
2026/08/13 21:24:18.735, NVIDIA H200, 23, 0 %, 0 %, 15051 MiB, 143771 MiB
2026/08/13 21:24:21.735, NVIDIA H200, 23, 0 %, 0 %, 15051 MiB, 143771 MiB
2026/08/13 21:24:24.736, NVIDIA H200, 34, 99 %, 26 %, 15051 MiB, 143771 MiB
2026/08/13 21:24:27.736, NVIDIA H200, 35, 92 %, 19 %, 15051 MiB, 143771 MiB
2026/08/13 21:24:30.736, NVIDIA H200, 36, 99 %, 33 %, 15051 MiB, 143771 MiB
2026/08/13 21:24:33.737, NVIDIA H200, 35, 91 %, 28 %, 15051 MiB, 143771 MiB
2026/08/13 21:24:36.737, NVIDIA H200, 36, 89 %, 18 %, 15051 MiB, 143771 MiB
2026/08/13 21:24:39.737, NVIDIA H200, 37, 99 %, 33 %, 15051 MiB, 143771 MiB
2026/08/13 21:24:42.738, NVIDIA H200, 35, 95 %, 24 %, 15051 MiB, 143771 MiB
2026/08/13 21:24:45.738, NVIDIA H200, 36, 99 %, 33 %, 15051 MiB, 143771 MiB
2026/08/13 21:24:48.738, NVIDIA H200, 35, 94 %, 25 %, 15051 MiB, 143771 MiB
2026/08/13 21:24:51.739, NVIDIA H200, 36, 99 %, 22 %, 15051 MiB, 143771 MiB
2026/08/13 21:24:54.739, NVIDIA H200, 37, 98 %, 32 %, 15051 MiB, 143771 MiB
2026/08/13 21:24:57.739, NVIDIA H200, 36, 86 %, 24 %, 15051 MiB, 143771 MiB
2026/08/13 21:25:00.740, NVIDIA H200, 37, 99 %, 22 %, 15051 MiB, 143771 MiB
2026/08/13 21:25:03.740, NVIDIA H200, 36, 100 %, 24 %, 15051 MiB, 143771 MiB
2026/08/13 21:25:06.740, NVIDIA H200, 37, 100 %, 24 %, 15051 MiB, 143771 MiB
2026/08/13 21:25:09.741, NVIDIA H200, 37, 99 %, 31 %, 15051 MiB, 143771 MiB
2026/08/13 21:25:12.741, NVIDIA H200, 37, 99 %, 32 %, 15051 MiB, 143771 MiB
2026/08/13 21:25:15.741, NVIDIA H200, 35, 96 %, 31 %, 15051 MiB, 143771 MiB
2026/08/13 21:25:18.742, NVIDIA H200, 35, 87 %, 22 %, 15051 MiB, 143771 MiB
2026/08/13 21:25:21.742, NVIDIA H200, 36, 85 %, 18 %, 15051 MiB, 143771 MiB
2026/08/13 21:25:24.742, NVIDIA H200, 37, 100 %, 23 %, 15051 MiB, 143771 MiB
2026/08/13 21:25:27.743, NVIDIA H200, 35, 99 %, 29 %, 15051 MiB, 143771 MiB
2026/08/13 21:25:30.743, NVIDIA H200, 36, 99 %, 31 %, 15051 MiB, 143771 MiB
2026/08/13 21:25:33.743, NVIDIA H200, 35, 91 %, 23 %, 15051 MiB, 143771 MiB
2026/08/13 21:25:36.744, NVIDIA H200, 35, 100 %, 24 %, 15051 MiB, 143771 MiB
2026/08/13 21:25:39.744, NVIDIA H200, 36, 99 %, 31 %, 15051 MiB, 143771 MiB
2026/08/13 21:25:42.745, NVIDIA H200, 35, 99 %, 26 %, 15051 MiB, 143771 MiB
2026/08/13 21:25:45.745, NVIDIA H200, 38, 100 %, 26 %, 15051 MiB, 143771 MiB
2026/08/13 21:25:48.745, NVIDIA H200, 36, 98 %, 34 %, 15051 MiB, 143771 MiB
2026/08/13 21:25:51.746, NVIDIA H200, 35, 84 %, 20 %, 15051 MiB, 143771 MiB
2026/08/13 21:25:54.746, NVIDIA H200, 36, 98 %, 30 %, 15051 MiB, 143771 MiB
2026/08/13 21:25:57.746, NVIDIA H200, 36, 82 %, 24 %, 15051 MiB, 143771 MiB
2026/08/13 21:26:00.747, NVIDIA H200, 35, 99 %, 27 %, 15051 MiB, 143771 MiB
2026/08/13 21:26:03.747, NVIDIA H200, 36, 99 %, 31 %, 15051 MiB, 143771 MiB
2026/08/13 21:26:06.747, NVIDIA H200, 36, 87 %, 18 %, 15051 MiB, 143771 MiB
2026/08/13 21:26:09.748, NVIDIA H200, 37, 97 %, 33 %, 15051 MiB, 143771 MiB
2026/08/13 21:26:12.749, NVIDIA H200, 36, 98 %, 29 %, 15051 MiB, 143771 MiB
2026/08/13 21:26:15.749, NVIDIA H200, 36, 87 %, 21 %, 15051 MiB, 143771 MiB
2026/08/13 21:26:18.750, NVIDIA H200, 37, 98 %, 33 %, 15051 MiB, 143771 MiB
2026/08/13 21:26:21.750, NVIDIA H200, 36, 79 %, 21 %, 15051 MiB, 143771 MiB
2026/08/13 21:26:24.750, NVIDIA H200, 36, 100 %, 25 %, 15051 MiB, 143771 MiB
2026/08/13 21:26:27.751, NVIDIA H200, 32, 96 %, 32 %, 15051 MiB, 143771 MiB
2026/08/13 21:26:30.751, NVIDIA H200, 35, 56 %, 17 %, 15051 MiB, 143771 MiB
2026/08/13 21:26:33.751, NVIDIA H200, 27, 4 %, 0 %, 15051 MiB, 143771 MiB
2026/08/13 21:26:36.752, NVIDIA H200, 34, 93 %, 22 %, 15051 MiB, 143771 MiB
2026/08/13 21:26:39.752, NVIDIA H200, 37, 83 %, 19 %, 15051 MiB, 143771 MiB
2026/08/13 21:26:42.752, NVIDIA H200, 36, 98 %, 32 %, 15051 MiB, 143771 MiB
2026/08/13 21:26:45.752, NVIDIA H200, 36, 80 %, 19 %, 15051 MiB, 143771 MiB
2026/08/13 21:26:48.753, NVIDIA H200, 37, 79 %, 26 %, 15051 MiB, 143771 MiB
2026/08/13 21:26:51.753, NVIDIA H200, 37, 97 %, 20 %, 15051 MiB, 143771 MiB
2026/08/13 21:26:54.753, NVIDIA H200, 36, 94 %, 29 %, 15051 MiB, 143771 MiB
2026/08/13 21:26:57.754, NVIDIA H200, 38, 99 %, 21 %, 15051 MiB, 143771 MiB
2026/08/13 21:27:00.754, NVIDIA H200, 36, 99 %, 31 %, 15051 MiB, 143771 MiB
2026/08/13 21:27:03.754, NVIDIA H200, 36, 80 %, 17 %, 15051 MiB, 143771 MiB
2026/08/13 21:27:06.755, NVIDIA H200, 37, 98 %, 32 %, 15051 MiB, 143771 MiB
2026/08/13 21:27:09.755, NVIDIA H200, 36, 93 %, 22 %, 15051 MiB, 143771 MiB
2026/08/13 21:27:12.755, NVIDIA H200, 36, 80 %, 21 %, 15051 MiB, 143771 MiB
2026/08/13 21:27:15.756, NVIDIA H200, 36, 98 %, 33 %, 15051 MiB, 143771 MiB
2026/08/13 21:27:18.756, NVIDIA H200, 37, 99 %, 28 %, 15051 MiB, 143771 MiB
2026/08/13 21:27:21.756, NVIDIA H200, 37, 98 %, 27 %, 15051 MiB, 143771 MiB
2026/08/13 21:27:24.757, NVIDIA H200, 37, 100 %, 24 %, 15051 MiB, 143771 MiB
2026/08/13 21:27:27.757, NVIDIA H200, 37, 88 %, 31 %, 15051 MiB, 143771 MiB
2026/08/13 21:27:30.757, NVIDIA H200, 38, 90 %, 29 %, 15051 MiB, 143771 MiB
2026/08/13 21:27:33.757, NVIDIA H200, 38, 81 %, 28 %, 15051 MiB, 143771 MiB
2026/08/13 21:27:36.758, NVIDIA H200, 37, 98 %, 32 %, 15051 MiB, 143771 MiB
2026/08/13 21:27:39.758, NVIDIA H200, 37, 99 %, 33 %, 15051 MiB, 143771 MiB
2026/08/13 21:27:42.758, NVIDIA H200, 37, 98 %, 31 %, 15051 MiB, 143771 MiB
2026/08/13 21:27:45.759, NVIDIA H200, 37, 99 %, 29 %, 15051 MiB, 143771 MiB
2026/08/13 21:27:48.759, NVIDIA H200, 38, 100 %, 27 %, 15051 MiB, 143771 MiB
2026/08/13 21:27:51.759, NVIDIA H200, 37, 99 %, 29 %, 15051 MiB, 143771 MiB
2026/08/13 21:27:54.760, NVIDIA H200, 37, 92 %, 23 %, 15051 MiB, 143771 MiB
2026/08/13 21:27:57.760, NVIDIA H200, 37, 99 %, 25 %, 15051 MiB, 143771 MiB
2026/08/13 21:28:00.760, NVIDIA H200, 37, 99 %, 25 %, 15051 MiB, 143771 MiB
2026/08/13 21:28:03.761, NVIDIA H200, 38, 90 %, 21 %, 15051 MiB, 143771 MiB
2026/08/13 21:28:06.761, NVIDIA H200, 38, 100 %, 24 %, 15051 MiB, 143771 MiB
2026/08/13 21:28:09.761, NVIDIA H200, 38, 98 %, 34 %, 15051 MiB, 143771 MiB
2026/08/13 21:28:12.762, NVIDIA H200, 37, 91 %, 29 %, 15051 MiB, 143771 MiB
2026/08/13 21:28:15.762, NVIDIA H200, 37, 99 %, 23 %, 15051 MiB, 143771 MiB
2026/08/13 21:28:18.763, NVIDIA H200, 37, 78 %, 24 %, 15051 MiB, 143771 MiB
2026/08/13 21:28:21.763, NVIDIA H200, 38, 100 %, 25 %, 15051 MiB, 143771 MiB
2026/08/13 21:28:24.763, NVIDIA H200, 37, 78 %, 25 %, 15051 MiB, 143771 MiB
2026/08/13 21:28:27.764, NVIDIA H200, 36, 100 %, 25 %, 15051 MiB, 143771 MiB
2026/08/13 21:28:30.764, NVIDIA H200, 39, 99 %, 22 %, 15051 MiB, 143771 MiB
2026/08/13 21:28:33.764, NVIDIA H200, 37, 98 %, 31 %, 15051 MiB, 143771 MiB
2026/08/13 21:28:36.765, NVIDIA H200, 37, 98 %, 29 %, 15051 MiB, 143771 MiB
2026/08/13 21:28:39.765, NVIDIA H200, 28, 0 %, 0 %, 15051 MiB, 143771 MiB
2026/08/13 21:28:42.778, NVIDIA H200, 35, 64 %, 20 %, 15051 MiB, 143771 MiB
2026/08/13 21:28:45.778, NVIDIA H200, 30, 0 %, 0 %, 15051 MiB, 143771 MiB
2026/08/13 21:28:48.778, NVIDIA H200, 37, 76 %, 16 %, 15051 MiB, 143771 MiB
2026/08/13 21:28:51.779, NVIDIA H200, 37, 98 %, 31 %, 15051 MiB, 143771 MiB
2026/08/13 21:28:54.779, NVIDIA H200, 35, 100 %, 24 %, 15051 MiB, 143771 MiB
2026/08/13 21:28:57.779, NVIDIA H200, 36, 79 %, 26 %, 15051 MiB, 143771 MiB
2026/08/13 21:29:00.780, NVIDIA H200, 35, 100 %, 24 %, 15051 MiB, 143771 MiB
2026/08/13 21:29:03.780, NVIDIA H200, 36, 90 %, 28 %, 15051 MiB, 143771 MiB
2026/08/13 21:29:06.780, NVIDIA H200, 37, 98 %, 30 %, 15051 MiB, 143771 MiB
2026/08/13 21:29:09.781, NVIDIA H200, 37, 85 %, 21 %, 15051 MiB, 143771 MiB
2026/08/13 21:29:12.781, NVIDIA H200, 37, 98 %, 29 %, 15051 MiB, 143771 MiB
2026/08/13 21:29:15.781, NVIDIA H200, 36, 96 %, 24 %, 15051 MiB, 143771 MiB
2026/08/13 21:29:18.782, NVIDIA H200, 37, 98 %, 29 %, 15051 MiB, 143771 MiB
2026/08/13 21:29:21.782, NVIDIA H200, 39, 98 %, 31 %, 15051 MiB, 143771 MiB
2026/08/13 21:29:24.782, NVIDIA H200, 37, 99 %, 25 %, 15051 MiB, 143771 MiB
2026/08/13 21:29:27.783, NVIDIA H200, 36, 92 %, 28 %, 15051 MiB, 143771 MiB
2026/08/13 21:29:30.783, NVIDIA H200, 37, 99 %, 22 %, 15051 MiB, 143771 MiB
2026/08/13 21:29:33.783, NVIDIA H200, 37, 99 %, 31 %, 15051 MiB, 143771 MiB
2026/08/13 21:29:36.784, NVIDIA H200, 38, 98 %, 24 %, 15051 MiB, 143771 MiB
2026/08/13 21:29:39.784, NVIDIA H200, 37, 94 %, 29 %, 15051 MiB, 143771 MiB
2026/08/13 21:29:42.784, NVIDIA H200, 38, 98 %, 21 %, 15051 MiB, 143771 MiB
2026/08/13 21:29:45.785, NVIDIA H200, 37, 98 %, 34 %, 15051 MiB, 143771 MiB
2026/08/13 21:29:48.785, NVIDIA H200, 36, 89 %, 24 %, 15051 MiB, 143771 MiB
2026/08/13 21:29:51.785, NVIDIA H200, 37, 100 %, 24 %, 15051 MiB, 143771 MiB
2026/08/13 21:29:54.786, NVIDIA H200, 37, 96 %, 31 %, 15051 MiB, 143771 MiB
2026/08/13 21:29:57.786, NVIDIA H200, 37, 92 %, 22 %, 15051 MiB, 143771 MiB
2026/08/13 21:30:00.786, NVIDIA H200, 37, 99 %, 31 %, 15051 MiB, 143771 MiB
2026/08/13 21:30:03.787, NVIDIA H200, 36, 91 %, 23 %, 15051 MiB, 143771 MiB
2026/08/13 21:30:06.787, NVIDIA H200, 37, 98 %, 31 %, 15051 MiB, 143771 MiB
2026/08/13 21:30:09.787, NVIDIA H200, 39, 77 %, 20 %, 15051 MiB, 143771 MiB
2026/08/13 21:30:12.789, NVIDIA H200, 37, 98 %, 28 %, 15051 MiB, 143771 MiB
2026/08/13 21:30:15.789, NVIDIA H200, 38, 87 %, 26 %, 15051 MiB, 143771 MiB
2026/08/13 21:30:18.790, NVIDIA H200, 37, 99 %, 28 %, 15051 MiB, 143771 MiB
2026/08/13 21:30:21.790, NVIDIA H200, 38, 98 %, 30 %, 15051 MiB, 143771 MiB
2026/08/13 21:30:24.790, NVIDIA H200, 38, 96 %, 20 %, 15051 MiB, 143771 MiB
2026/08/13 21:30:27.791, NVIDIA H200, 37, 99 %, 32 %, 15051 MiB, 143771 MiB
2026/08/13 21:30:30.791, NVIDIA H200, 39, 92 %, 22 %, 15051 MiB, 143771 MiB
2026/08/13 21:30:33.791, NVIDIA H200, 37, 99 %, 34 %, 15051 MiB, 143771 MiB
2026/08/13 21:30:36.792, NVIDIA H200, 39, 99 %, 25 %, 15051 MiB, 143771 MiB
2026/08/13 21:30:39.792, NVIDIA H200, 36, 99 %, 33 %, 15051 MiB, 143771 MiB
2026/08/13 21:30:42.792, NVIDIA H200, 39, 96 %, 24 %, 15051 MiB, 143771 MiB
2026/08/13 21:30:45.792, NVIDIA H200, 37, 99 %, 31 %, 15051 MiB, 143771 MiB
2026/08/13 21:30:48.793, NVIDIA H200, 38, 98 %, 31 %, 15051 MiB, 143771 MiB
2026/08/13 21:30:51.793, NVIDIA H200, 32, 78 %, 20 %, 15051 MiB, 143771 MiB
2026/08/13 21:30:54.793, NVIDIA H200, 35, 57 %, 18 %, 15051 MiB, 143771 MiB
2026/08/13 21:30:57.794, NVIDIA H200, 28, 0 %, 0 %, 15051 MiB, 143771 MiB
2026/08/13 21:31:00.794, NVIDIA H200, 37, 100 %, 26 %, 15051 MiB, 143771 MiB
2026/08/13 21:31:03.794, NVIDIA H200, 35, 94 %, 25 %, 15051 MiB, 143771 MiB
2026/08/13 21:31:06.795, NVIDIA H200, 37, 99 %, 30 %, 15051 MiB, 143771 MiB
2026/08/13 21:31:09.795, NVIDIA H200, 37, 93 %, 24 %, 15051 MiB, 143771 MiB
2026/08/13 21:31:12.795, NVIDIA H200, 37, 98 %, 33 %, 15051 MiB, 143771 MiB
2026/08/13 21:31:15.796, NVIDIA H200, 36, 100 %, 25 %, 15051 MiB, 143771 MiB
2026/08/13 21:31:18.796, NVIDIA H200, 38, 85 %, 26 %, 15051 MiB, 143771 MiB
2026/08/13 21:31:21.796, NVIDIA H200, 37, 99 %, 30 %, 15051 MiB, 143771 MiB
2026/08/13 21:31:24.797, NVIDIA H200, 36, 97 %, 26 %, 15051 MiB, 143771 MiB
2026/08/13 21:31:27.797, NVIDIA H200, 37, 98 %, 32 %, 15051 MiB, 143771 MiB
2026/08/13 21:31:30.797, NVIDIA H200, 37, 98 %, 26 %, 15051 MiB, 143771 MiB
2026/08/13 21:31:33.797, NVIDIA H200, 36, 87 %, 21 %, 15051 MiB, 143771 MiB
2026/08/13 21:31:36.798, NVIDIA H200, 38, 97 %, 29 %, 15051 MiB, 143771 MiB
2026/08/13 21:31:39.798, NVIDIA H200, 36, 98 %, 30 %, 15051 MiB, 143771 MiB
2026/08/13 21:31:42.798, NVIDIA H200, 39, 91 %, 23 %, 15051 MiB, 143771 MiB
2026/08/13 21:31:45.799, NVIDIA H200, 36, 99 %, 33 %, 15051 MiB, 143771 MiB
2026/08/13 21:31:48.799, NVIDIA H200, 37, 92 %, 20 %, 15051 MiB, 143771 MiB
2026/08/13 21:31:51.799, NVIDIA H200, 37, 98 %, 31 %, 15051 MiB, 143771 MiB
2026/08/13 21:31:54.799, NVIDIA H200, 39, 86 %, 20 %, 15051 MiB, 143771 MiB
2026/08/13 21:31:57.800, NVIDIA H200, 37, 99 %, 34 %, 15051 MiB, 143771 MiB
2026/08/13 21:32:00.800, NVIDIA H200, 38, 86 %, 20 %, 15051 MiB, 143771 MiB
2026/08/13 21:32:03.800, NVIDIA H200, 37, 99 %, 34 %, 15051 MiB, 143771 MiB
2026/08/13 21:32:06.800, NVIDIA H200, 39, 74 %, 24 %, 15051 MiB, 143771 MiB
2026/08/13 21:32:09.801, NVIDIA H200, 37, 98 %, 33 %, 15051 MiB, 143771 MiB
2026/08/13 21:32:12.801, NVIDIA H200, 38, 99 %, 26 %, 15051 MiB, 143771 MiB
2026/08/13 21:32:15.802, NVIDIA H200, 37, 99 %, 30 %, 15051 MiB, 143771 MiB
2026/08/13 21:32:18.802, NVIDIA H200, 38, 89 %, 21 %, 15051 MiB, 143771 MiB
2026/08/13 21:32:21.802, NVIDIA H200, 37, 82 %, 26 %, 15051 MiB, 143771 MiB
2026/08/13 21:32:24.802, NVIDIA H200, 37, 100 %, 23 %, 15051 MiB, 143771 MiB
2026/08/13 21:32:27.803, NVIDIA H200, 38, 88 %, 28 %, 15051 MiB, 143771 MiB
2026/08/13 21:32:30.803, NVIDIA H200, 37, 100 %, 24 %, 15051 MiB, 143771 MiB
2026/08/13 21:32:33.803, NVIDIA H200, 38, 88 %, 21 %, 15051 MiB, 143771 MiB
2026/08/13 21:32:36.803, NVIDIA H200, 37, 99 %, 32 %, 15051 MiB, 143771 MiB
2026/08/13 21:32:39.804, NVIDIA H200, 37, 91 %, 20 %, 15051 MiB, 143771 MiB
2026/08/13 21:32:42.805, NVIDIA H200, 38, 98 %, 29 %, 15051 MiB, 143771 MiB
2026/08/13 21:32:45.805, NVIDIA H200, 37, 75 %, 18 %, 15051 MiB, 143771 MiB
2026/08/13 21:32:48.805, NVIDIA H200, 38, 94 %, 29 %, 15051 MiB, 143771 MiB
2026/08/13 21:32:51.805, NVIDIA H200, 37, 100 %, 24 %, 15051 MiB, 143771 MiB
2026/08/13 21:32:54.806, NVIDIA H200, 37, 99 %, 33 %, 15051 MiB, 143771 MiB
2026/08/13 21:32:57.806, NVIDIA H200, 36, 88 %, 21 %, 15051 MiB, 143771 MiB
2026/08/13 21:33:00.806, NVIDIA H200, 38, 98 %, 25 %, 15051 MiB, 143771 MiB
2026/08/13 21:33:03.806, NVIDIA H200, 34, 49 %, 15 %, 15051 MiB, 143771 MiB
2026/08/13 21:33:06.807, NVIDIA H200, 33, 78 %, 23 %, 15051 MiB, 143771 MiB
2026/08/13 21:33:09.807, NVIDIA H200, 27, 0 %, 0 %, 15051 MiB, 143771 MiB
2026/08/13 21:33:12.809, NVIDIA H200, 37, 99 %, 31 %, 15051 MiB, 143771 MiB
2026/08/13 21:33:15.809, NVIDIA H200, 36, 88 %, 28 %, 15051 MiB, 143771 MiB
2026/08/13 21:33:18.810, NVIDIA H200, 38, 100 %, 24 %, 15051 MiB, 143771 MiB
2026/08/13 21:33:21.810, NVIDIA H200, 36, 90 %, 22 %, 15051 MiB, 143771 MiB
2026/08/13 21:33:24.810, NVIDIA H200, 37, 98 %, 31 %, 15051 MiB, 143771 MiB
2026/08/13 21:33:27.811, NVIDIA H200, 37, 99 %, 23 %, 15051 MiB, 143771 MiB
2026/08/13 21:33:30.811, NVIDIA H200, 37, 98 %, 30 %, 15051 MiB, 143771 MiB
2026/08/13 21:33:33.811, NVIDIA H200, 37, 98 %, 24 %, 15051 MiB, 143771 MiB
2026/08/13 21:33:36.812, NVIDIA H200, 38, 98 %, 31 %, 15051 MiB, 143771 MiB
2026/08/13 21:33:39.812, NVIDIA H200, 36, 86 %, 27 %, 15051 MiB, 143771 MiB
2026/08/13 21:33:42.813, NVIDIA H200, 35, 100 %, 26 %, 15051 MiB, 143771 MiB
2026/08/13 21:33:45.814, NVIDIA H200, 36, 75 %, 21 %, 15051 MiB, 143771 MiB
2026/08/13 21:33:48.814, NVIDIA H200, 38, 99 %, 32 %, 15051 MiB, 143771 MiB
2026/08/13 21:33:51.814, NVIDIA H200, 36, 87 %, 20 %, 15051 MiB, 143771 MiB
2026/08/13 21:33:54.815, NVIDIA H200, 36, 87 %, 28 %, 15051 MiB, 143771 MiB
2026/08/13 21:33:57.815, NVIDIA H200, 38, 100 %, 24 %, 15051 MiB, 143771 MiB
2026/08/13 21:34:00.815, NVIDIA H200, 37, 92 %, 25 %, 15051 MiB, 143771 MiB
2026/08/13 21:34:03.816, NVIDIA H200, 38, 99 %, 32 %, 15051 MiB, 143771 MiB
2026/08/13 21:34:06.816, NVIDIA H200, 37, 97 %, 26 %, 15051 MiB, 143771 MiB
2026/08/13 21:34:09.816, NVIDIA H200, 39, 100 %, 25 %, 15051 MiB, 143771 MiB
2026/08/13 21:34:12.817, NVIDIA H200, 36, 87 %, 21 %, 15051 MiB, 143771 MiB
2026/08/13 21:34:15.817, NVIDIA H200, 36, 100 %, 24 %, 15051 MiB, 143771 MiB
2026/08/13 21:34:18.817, NVIDIA H200, 36, 98 %, 31 %, 15051 MiB, 143771 MiB
2026/08/13 21:34:21.818, NVIDIA H200, 37, 87 %, 21 %, 15051 MiB, 143771 MiB
2026/08/13 21:34:24.818, NVIDIA H200, 37, 80 %, 24 %, 15051 MiB, 143771 MiB
2026/08/13 21:34:27.818, NVIDIA H200, 39, 100 %, 23 %, 15051 MiB, 143771 MiB
2026/08/13 21:34:30.819, NVIDIA H200, 36, 83 %, 28 %, 15051 MiB, 143771 MiB
2026/08/13 21:34:33.819, NVIDIA H200, 38, 97 %, 23 %, 15051 MiB, 143771 MiB
2026/08/13 21:34:36.819, NVIDIA H200, 37, 88 %, 29 %, 15051 MiB, 143771 MiB
2026/08/13 21:34:39.820, NVIDIA H200, 38, 100 %, 25 %, 15051 MiB, 143771 MiB
2026/08/13 21:34:42.820, NVIDIA H200, 36, 85 %, 28 %, 15051 MiB, 143771 MiB
2026/08/13 21:34:45.820, NVIDIA H200, 37, 88 %, 18 %, 15051 MiB, 143771 MiB
2026/08/13 21:34:48.821, NVIDIA H200, 37, 99 %, 31 %, 15051 MiB, 143771 MiB
2026/08/13 21:34:51.821, NVIDIA H200, 37, 81 %, 19 %, 15051 MiB, 143771 MiB
2026/08/13 21:34:54.821, NVIDIA H200, 38, 94 %, 29 %, 15051 MiB, 143771 MiB
2026/08/13 21:34:57.822, NVIDIA H200, 37, 99 %, 22 %, 15051 MiB, 143771 MiB
2026/08/13 21:35:00.822, NVIDIA H200, 38, 98 %, 30 %, 15051 MiB, 143771 MiB
2026/08/13 21:35:03.822, NVIDIA H200, 39, 92 %, 23 %, 15051 MiB, 143771 MiB
2026/08/13 21:35:06.822, NVIDIA H200, 37, 98 %, 31 %, 15051 MiB, 143771 MiB
2026/08/13 21:35:09.823, NVIDIA H200, 38, 99 %, 21 %, 15051 MiB, 143771 MiB
2026/08/13 21:35:12.823, NVIDIA H200, 38, 100 %, 22 %, 15051 MiB, 143771 MiB
2026/08/13 21:35:15.823, NVIDIA H200, 31, 86 %, 26 %, 15051 MiB, 143771 MiB
2026/08/13 21:35:18.824, NVIDIA H200, 36, 79 %, 27 %, 15051 MiB, 143771 MiB
2026/08/13 21:35:21.824, NVIDIA H200, 26, 0 %, 0 %, 15051 MiB, 143771 MiB
2026/08/13 21:35:24.824, NVIDIA H200, 25, 0 %, 0 %, 15051 MiB, 143771 MiB
2026/08/13 21:35:27.825, NVIDIA H200, 32, 89 %, 28 %, 15051 MiB, 143771 MiB
2026/08/13 21:35:30.825, NVIDIA H200, 37, 82 %, 26 %, 15051 MiB, 143771 MiB
2026/08/13 21:35:33.825, NVIDIA H200, 36, 98 %, 27 %, 15051 MiB, 143771 MiB
2026/08/13 21:35:36.826, NVIDIA H200, 37, 99 %, 22 %, 15051 MiB, 143771 MiB
2026/08/13 21:35:39.826, NVIDIA H200, 36, 99 %, 28 %, 15051 MiB, 143771 MiB
2026/08/13 21:35:42.830, NVIDIA H200, 37, 98 %, 31 %, 15051 MiB, 143771 MiB
2026/08/13 21:35:45.830, NVIDIA H200, 37, 95 %, 25 %, 15051 MiB, 143771 MiB
2026/08/13 21:35:48.830, NVIDIA H200, 38, 92 %, 20 %, 15051 MiB, 143771 MiB
2026/08/13 21:35:51.830, NVIDIA H200, 39, 99 %, 32 %, 15051 MiB, 143771 MiB
2026/08/13 21:35:54.831, NVIDIA H200, 37, 97 %, 30 %, 15051 MiB, 143771 MiB
2026/08/13 21:35:57.831, NVIDIA H200, 37, 99 %, 25 %, 15051 MiB, 143771 MiB
2026/08/13 21:36:00.832, NVIDIA H200, 39, 100 %, 24 %, 15051 MiB, 143771 MiB
2026/08/13 21:36:03.832, NVIDIA H200, 37, 99 %, 31 %, 15051 MiB, 143771 MiB
2026/08/13 21:36:06.832, NVIDIA H200, 37, 98 %, 26 %, 15051 MiB, 143771 MiB
2026/08/13 21:36:09.833, NVIDIA H200, 38, 95 %, 20 %, 15051 MiB, 143771 MiB
2026/08/13 21:36:12.833, NVIDIA H200, 38, 98 %, 33 %, 15051 MiB, 143771 MiB
2026/08/13 21:36:15.833, NVIDIA H200, 37, 87 %, 23 %, 15051 MiB, 143771 MiB
2026/08/13 21:36:18.833, NVIDIA H200, 37, 80 %, 17 %, 15051 MiB, 143771 MiB
2026/08/13 21:36:21.834, NVIDIA H200, 38, 98 %, 31 %, 15051 MiB, 143771 MiB
2026/08/13 21:36:24.834, NVIDIA H200, 36, 85 %, 26 %, 15051 MiB, 143771 MiB
2026/08/13 21:36:27.834, NVIDIA H200, 37, 90 %, 20 %, 15051 MiB, 143771 MiB
2026/08/13 21:36:30.835, NVIDIA H200, 39, 98 %, 31 %, 15051 MiB, 143771 MiB
2026/08/13 21:36:33.835, NVIDIA H200, 37, 98 %, 31 %, 15051 MiB, 143771 MiB
2026/08/13 21:36:36.835, NVIDIA H200, 37, 92 %, 23 %, 15051 MiB, 143771 MiB
2026/08/13 21:36:39.836, NVIDIA H200, 39, 100 %, 23 %, 15051 MiB, 143771 MiB
2026/08/13 21:36:42.836, NVIDIA H200, 37, 98 %, 32 %, 15051 MiB, 143771 MiB
2026/08/13 21:36:45.836, NVIDIA H200, 37, 98 %, 27 %, 15051 MiB, 143771 MiB
2026/08/13 21:36:48.837, NVIDIA H200, 37, 80 %, 16 %, 15051 MiB, 143771 MiB
2026/08/13 21:36:51.837, NVIDIA H200, 37, 98 %, 34 %, 15051 MiB, 143771 MiB
2026/08/13 21:36:54.837, NVIDIA H200, 37, 99 %, 25 %, 15051 MiB, 143771 MiB
2026/08/13 21:36:57.838, NVIDIA H200, 38, 89 %, 21 %, 15051 MiB, 143771 MiB
2026/08/13 21:37:00.838, NVIDIA H200, 38, 98 %, 34 %, 15051 MiB, 143771 MiB
2026/08/13 21:37:03.838, NVIDIA H200, 37, 87 %, 25 %, 15051 MiB, 143771 MiB
2026/08/13 21:37:06.839, NVIDIA H200, 37, 94 %, 24 %, 15051 MiB, 143771 MiB
2026/08/13 21:37:09.839, NVIDIA H200, 37, 80 %, 19 %, 15051 MiB, 143771 MiB
2026/08/13 21:37:12.839, NVIDIA H200, 38, 99 %, 21 %, 15051 MiB, 143771 MiB
2026/08/13 21:37:15.840, NVIDIA H200, 37, 100 %, 27 %, 15051 MiB, 143771 MiB
2026/08/13 21:37:18.840, NVIDIA H200, 38, 99 %, 34 %, 15051 MiB, 143771 MiB
2026/08/13 21:37:21.840, NVIDIA H200, 36, 84 %, 20 %, 15051 MiB, 143771 MiB
2026/08/13 21:37:24.841, NVIDIA H200, 38, 100 %, 23 %, 15051 MiB, 143771 MiB
2026/08/13 21:37:27.841, NVIDIA H200, 38, 98 %, 32 %, 15051 MiB, 143771 MiB
2026/08/13 21:37:30.841, NVIDIA H200, 28, 0 %, 0 %, 15051 MiB, 143771 MiB
2026/08/13 21:37:33.842, NVIDIA H200, 33, 82 %, 27 %, 15051 MiB, 143771 MiB
2026/08/13 21:37:36.842, NVIDIA H200, 30, 0 %, 0 %, 15051 MiB, 143771 MiB
2026/08/13 21:37:39.842, NVIDIA H200, 38, 98 %, 33 %, 15051 MiB, 143771 MiB
2026/08/13 21:37:42.843, NVIDIA H200, 37, 97 %, 29 %, 15051 MiB, 143771 MiB
2026/08/13 21:37:45.843, NVIDIA H200, 39, 100 %, 23 %, 15051 MiB, 143771 MiB
2026/08/13 21:37:48.843, NVIDIA H200, 36, 81 %, 26 %, 15051 MiB, 143771 MiB
2026/08/13 21:37:51.843, NVIDIA H200, 38, 99 %, 28 %, 15051 MiB, 143771 MiB
2026/08/13 21:37:54.844, NVIDIA H200, 38, 99 %, 34 %, 15051 MiB, 143771 MiB
2026/08/13 21:37:57.844, NVIDIA H200, 37, 80 %, 16 %, 15051 MiB, 143771 MiB
2026/08/13 21:38:00.844, NVIDIA H200, 39, 98 %, 32 %, 15051 MiB, 143771 MiB
2026/08/13 21:38:03.845, NVIDIA H200, 37, 88 %, 21 %, 15051 MiB, 143771 MiB
2026/08/13 21:38:06.845, NVIDIA H200, 39, 98 %, 32 %, 15051 MiB, 143771 MiB
2026/08/13 21:38:09.845, NVIDIA H200, 37, 98 %, 30 %, 15051 MiB, 143771 MiB
2026/08/13 21:38:12.846, NVIDIA H200, 38, 83 %, 21 %, 15051 MiB, 143771 MiB
2026/08/13 21:38:15.846, NVIDIA H200, 36, 99 %, 29 %, 15051 MiB, 143771 MiB
2026/08/13 21:38:18.846, NVIDIA H200, 39, 98 %, 31 %, 15051 MiB, 143771 MiB
2026/08/13 21:38:21.847, NVIDIA H200, 37, 99 %, 23 %, 15051 MiB, 143771 MiB
2026/08/13 21:38:24.847, NVIDIA H200, 38, 98 %, 31 %, 15051 MiB, 143771 MiB
2026/08/13 21:38:27.847, NVIDIA H200, 37, 99 %, 22 %, 15051 MiB, 143771 MiB
2026/08/13 21:38:30.848, NVIDIA H200, 36, 91 %, 26 %, 15051 MiB, 143771 MiB
2026/08/13 21:38:33.848, NVIDIA H200, 37, 99 %, 30 %, 15051 MiB, 143771 MiB
2026/08/13 21:38:36.848, NVIDIA H200, 38, 81 %, 16 %, 15051 MiB, 143771 MiB
2026/08/13 21:38:39.849, NVIDIA H200, 38, 98 %, 31 %, 15051 MiB, 143771 MiB
2026/08/13 21:38:42.850, NVIDIA H200, 37, 99 %, 22 %, 15051 MiB, 143771 MiB
2026/08/13 21:38:45.850, NVIDIA H200, 37, 87 %, 28 %, 15051 MiB, 143771 MiB
2026/08/13 21:38:48.850, NVIDIA H200, 39, 84 %, 20 %, 15051 MiB, 143771 MiB
2026/08/13 21:38:51.851, NVIDIA H200, 36, 99 %, 29 %, 15051 MiB, 143771 MiB
2026/08/13 21:38:54.851, NVIDIA H200, 38, 98 %, 31 %, 15051 MiB, 143771 MiB
2026/08/13 21:38:57.851, NVIDIA H200, 36, 99 %, 25 %, 15051 MiB, 143771 MiB
2026/08/13 21:39:00.852, NVIDIA H200, 36, 81 %, 28 %, 15051 MiB, 143771 MiB
2026/08/13 21:39:03.852, NVIDIA H200, 37, 99 %, 25 %, 15051 MiB, 143771 MiB
2026/08/13 21:39:06.852, NVIDIA H200, 37, 98 %, 31 %, 15051 MiB, 143771 MiB
2026/08/13 21:39:09.853, NVIDIA H200, 38, 86 %, 20 %, 15051 MiB, 143771 MiB
2026/08/13 21:39:12.853, NVIDIA H200, 37, 99 %, 30 %, 15051 MiB, 143771 MiB
2026/08/13 21:39:15.853, NVIDIA H200, 37, 87 %, 21 %, 15051 MiB, 143771 MiB
2026/08/13 21:39:18.854, NVIDIA H200, 38, 98 %, 31 %, 15051 MiB, 143771 MiB
2026/08/13 21:39:21.854, NVIDIA H200, 37, 100 %, 24 %, 15051 MiB, 143771 MiB
2026/08/13 21:39:24.854, NVIDIA H200, 35, 78 %, 24 %, 15051 MiB, 143771 MiB
2026/08/13 21:39:27.855, NVIDIA H200, 37, 100 %, 23 %, 15051 MiB, 143771 MiB
2026/08/13 21:39:30.855, NVIDIA H200, 37, 98 %, 34 %, 15051 MiB, 143771 MiB
2026/08/13 21:39:33.855, NVIDIA H200, 36, 79 %, 19 %, 15051 MiB, 143771 MiB
2026/08/13 21:39:36.855, NVIDIA H200, 38, 98 %, 27 %, 15051 MiB, 143771 MiB
2026/08/13 21:39:39.856, NVIDIA H200, 36, 99 %, 22 %, 15051 MiB, 143771 MiB
2026/08/13 21:39:42.856, NVIDIA H200, 31, 61 %, 19 %, 15051 MiB, 143771 MiB
2026/08/13 21:39:45.856, NVIDIA H200, 32, 63 %, 20 %, 15051 MiB, 143771 MiB
2026/08/13 21:39:48.857, NVIDIA H200, 28, 0 %, 0 %, 15051 MiB, 143771 MiB
2026/08/13 21:39:51.857, NVIDIA H200, 36, 100 %, 23 %, 15051 MiB, 143771 MiB
2026/08/13 21:39:54.857, NVIDIA H200, 37, 96 %, 30 %, 15051 MiB, 143771 MiB
2026/08/13 21:39:57.858, NVIDIA H200, 37, 84 %, 20 %, 15051 MiB, 143771 MiB
2026/08/13 21:40:00.858, NVIDIA H200, 36, 91 %, 28 %, 15051 MiB, 143771 MiB
2026/08/13 21:40:03.858, NVIDIA H200, 37, 91 %, 22 %, 15051 MiB, 143771 MiB
2026/08/13 21:40:06.859, NVIDIA H200, 36, 89 %, 28 %, 15051 MiB, 143771 MiB
2026/08/13 21:40:09.859, NVIDIA H200, 37, 100 %, 23 %, 15051 MiB, 143771 MiB
2026/08/13 21:40:12.859, NVIDIA H200, 36, 87 %, 20 %, 15051 MiB, 143771 MiB
2026/08/13 21:40:15.860, NVIDIA H200, 38, 98 %, 33 %, 15051 MiB, 143771 MiB
2026/08/13 21:40:18.860, NVIDIA H200, 36, 99 %, 25 %, 15051 MiB, 143771 MiB
2026/08/13 21:40:21.860, NVIDIA H200, 38, 98 %, 33 %, 15051 MiB, 143771 MiB
2026/08/13 21:40:24.860, NVIDIA H200, 37, 98 %, 25 %, 15051 MiB, 143771 MiB
2026/08/13 21:40:27.861, NVIDIA H200, 38, 99 %, 27 %, 15051 MiB, 143771 MiB
2026/08/13 21:40:30.861, NVIDIA H200, 37, 98 %, 34 %, 15051 MiB, 143771 MiB
2026/08/13 21:40:33.861, NVIDIA H200, 36, 97 %, 31 %, 15051 MiB, 143771 MiB
2026/08/13 21:40:36.862, NVIDIA H200, 37, 99 %, 30 %, 15051 MiB, 143771 MiB
2026/08/13 21:40:39.862, NVIDIA H200, 36, 95 %, 29 %, 15051 MiB, 143771 MiB
2026/08/13 21:40:42.863, NVIDIA H200, 36, 98 %, 27 %, 15051 MiB, 143771 MiB
2026/08/13 21:40:45.864, NVIDIA H200, 36, 84 %, 18 %, 15051 MiB, 143771 MiB
2026/08/13 21:40:48.864, NVIDIA H200, 37, 98 %, 34 %, 15051 MiB, 143771 MiB
2026/08/13 21:40:51.864, NVIDIA H200, 38, 99 %, 22 %, 15051 MiB, 143771 MiB
2026/08/13 21:40:54.865, NVIDIA H200, 37, 99 %, 31 %, 15051 MiB, 143771 MiB
2026/08/13 21:40:57.865, NVIDIA H200, 37, 75 %, 17 %, 15051 MiB, 143771 MiB
2026/08/13 21:41:00.865, NVIDIA H200, 37, 97 %, 31 %, 15051 MiB, 143771 MiB
2026/08/13 21:41:03.866, NVIDIA H200, 37, 98 %, 27 %, 15051 MiB, 143771 MiB
2026/08/13 21:41:06.866, NVIDIA H200, 38, 98 %, 32 %, 15051 MiB, 143771 MiB
2026/08/13 21:41:09.866, NVIDIA H200, 36, 86 %, 21 %, 15051 MiB, 143771 MiB
2026/08/13 21:41:12.879, NVIDIA H200, 36, 99 %, 27 %, 15051 MiB, 143771 MiB
2026/08/13 21:41:15.879, NVIDIA H200, 37, 97 %, 27 %, 15051 MiB, 143771 MiB
2026/08/13 21:41:18.879, NVIDIA H200, 38, 99 %, 27 %, 15051 MiB, 143771 MiB
2026/08/13 21:41:21.880, NVIDIA H200, 37, 98 %, 31 %, 15051 MiB, 143771 MiB
2026/08/13 21:41:24.880, NVIDIA H200, 37, 98 %, 22 %, 15051 MiB, 143771 MiB
2026/08/13 21:41:27.880, NVIDIA H200, 37, 95 %, 27 %, 15051 MiB, 143771 MiB
2026/08/13 21:41:30.881, NVIDIA H200, 37, 98 %, 31 %, 15051 MiB, 143771 MiB
2026/08/13 21:41:33.881, NVIDIA H200, 35, 100 %, 23 %, 15051 MiB, 143771 MiB
2026/08/13 21:41:36.881, NVIDIA H200, 38, 98 %, 34 %, 15051 MiB, 143771 MiB
2026/08/13 21:41:39.881, NVIDIA H200, 36, 88 %, 21 %, 15051 MiB, 143771 MiB
2026/08/13 21:41:42.882, NVIDIA H200, 38, 98 %, 34 %, 15051 MiB, 143771 MiB
2026/08/13 21:41:45.882, NVIDIA H200, 37, 90 %, 21 %, 15051 MiB, 143771 MiB
2026/08/13 21:41:48.883, NVIDIA H200, 36, 97 %, 31 %, 15051 MiB, 143771 MiB
2026/08/13 21:41:51.883, NVIDIA H200, 37, 98 %, 27 %, 15051 MiB, 143771 MiB
2026/08/13 21:41:54.883, NVIDIA H200, 33, 82 %, 27 %, 15051 MiB, 143771 MiB
2026/08/13 21:41:57.884, NVIDIA H200, 35, 56 %, 17 %, 15051 MiB, 143771 MiB
2026/08/13 21:42:00.884, NVIDIA H200, 34, 99 %, 28 %, 15051 MiB, 143771 MiB
2026/08/13 21:42:03.884, NVIDIA H200, 36, 74 %, 17 %, 15051 MiB, 143771 MiB
2026/08/13 21:42:06.885, NVIDIA H200, 36, 78 %, 24 %, 15051 MiB, 143771 MiB
2026/08/13 21:42:09.885, NVIDIA H200, 35, 100 %, 23 %, 15051 MiB, 143771 MiB
2026/08/13 21:42:12.886, NVIDIA H200, 37, 75 %, 24 %, 15051 MiB, 143771 MiB
2026/08/13 21:42:15.886, NVIDIA H200, 36, 88 %, 21 %, 15051 MiB, 143771 MiB
2026/08/13 21:42:18.886, NVIDIA H200, 36, 98 %, 31 %, 15051 MiB, 143771 MiB
2026/08/13 21:42:21.886, NVIDIA H200, 38, 98 %, 31 %, 15051 MiB, 143771 MiB
2026/08/13 21:42:24.887, NVIDIA H200, 37, 80 %, 19 %, 15051 MiB, 143771 MiB
2026/08/13 21:42:27.887, NVIDIA H200, 36, 98 %, 27 %, 15051 MiB, 143771 MiB
2026/08/13 21:42:30.887, NVIDIA H200, 38, 98 %, 33 %, 15051 MiB, 143771 MiB
2026/08/13 21:42:33.888, NVIDIA H200, 37, 91 %, 18 %, 15051 MiB, 143771 MiB
2026/08/13 21:42:36.888, NVIDIA H200, 36, 88 %, 29 %, 15051 MiB, 143771 MiB
2026/08/13 21:42:39.888, NVIDIA H200, 36, 99 %, 27 %, 15051 MiB, 143771 MiB
2026/08/13 21:42:42.891, NVIDIA H200, 37, 94 %, 23 %, 15051 MiB, 143771 MiB
2026/08/13 21:42:45.891, NVIDIA H200, 38, 99 %, 34 %, 15051 MiB, 143771 MiB
2026/08/13 21:42:48.892, NVIDIA H200, 37, 92 %, 19 %, 15051 MiB, 143771 MiB
2026/08/13 21:42:51.892, NVIDIA H200, 37, 98 %, 34 %, 15051 MiB, 143771 MiB
2026/08/13 21:42:54.892, NVIDIA H200, 36, 84 %, 17 %, 15051 MiB, 143771 MiB
2026/08/13 21:42:57.892, NVIDIA H200, 36, 87 %, 27 %, 15051 MiB, 143771 MiB
2026/08/13 21:43:00.893, NVIDIA H200, 36, 99 %, 28 %, 15051 MiB, 143771 MiB
2026/08/13 21:43:03.893, NVIDIA H200, 36, 83 %, 21 %, 15051 MiB, 143771 MiB
2026/08/13 21:43:06.893, NVIDIA H200, 38, 100 %, 24 %, 15051 MiB, 143771 MiB
2026/08/13 21:43:09.894, NVIDIA H200, 37, 99 %, 31 %, 15051 MiB, 143771 MiB
2026/08/13 21:43:12.894, NVIDIA H200, 36, 99 %, 26 %, 15051 MiB, 143771 MiB
2026/08/13 21:43:15.894, NVIDIA H200, 38, 100 %, 24 %, 15051 MiB, 143771 MiB
2026/08/13 21:43:18.895, NVIDIA H200, 37, 98 %, 31 %, 15051 MiB, 143771 MiB
2026/08/13 21:43:21.895, NVIDIA H200, 37, 79 %, 16 %, 15051 MiB, 143771 MiB
2026/08/13 21:43:24.895, NVIDIA H200, 37, 89 %, 21 %, 15051 MiB, 143771 MiB
2026/08/13 21:43:27.896, NVIDIA H200, 36, 99 %, 30 %, 15051 MiB, 143771 MiB
2026/08/13 21:43:30.896, NVIDIA H200, 38, 98 %, 31 %, 15051 MiB, 143771 MiB
2026/08/13 21:43:33.896, NVIDIA H200, 38, 97 %, 26 %, 15051 MiB, 143771 MiB
2026/08/13 21:43:36.897, NVIDIA H200, 37, 99 %, 23 %, 15051 MiB, 143771 MiB
2026/08/13 21:43:39.897, NVIDIA H200, 37, 98 %, 31 %, 15051 MiB, 143771 MiB
2026/08/13 21:43:42.897, NVIDIA H200, 38, 97 %, 26 %, 15051 MiB, 143771 MiB
2026/08/13 21:43:45.898, NVIDIA H200, 36, 99 %, 25 %, 15051 MiB, 143771 MiB
2026/08/13 21:43:48.898, NVIDIA H200, 38, 98 %, 31 %, 15051 MiB, 143771 MiB
2026/08/13 21:43:51.898, NVIDIA H200, 38, 88 %, 21 %, 15051 MiB, 143771 MiB
2026/08/13 21:43:54.899, NVIDIA H200, 37, 99 %, 23 %, 15051 MiB, 143771 MiB
2026/08/13 21:43:57.899, NVIDIA H200, 37, 99 %, 29 %, 15051 MiB, 143771 MiB
2026/08/13 21:44:00.899, NVIDIA H200, 38, 89 %, 28 %, 15051 MiB, 143771 MiB
2026/08/13 21:44:03.899, NVIDIA H200, 37, 99 %, 32 %, 15051 MiB, 143771 MiB
2026/08/13 21:44:06.900, NVIDIA H200, 35, 82 %, 24 %, 15051 MiB, 143771 MiB
2026/08/13 21:44:09.900, NVIDIA H200, 33, 68 %, 22 %, 15051 MiB, 143771 MiB
2026/08/13 21:44:12.900, NVIDIA H200, 37, 98 %, 32 %, 15051 MiB, 143771 MiB
2026/08/13 21:44:15.901, NVIDIA H200, 37, 100 %, 23 %, 15051 MiB, 143771 MiB
2026/08/13 21:44:18.901, NVIDIA H200, 34, 76 %, 25 %, 15051 MiB, 143771 MiB
2026/08/13 21:44:21.901, NVIDIA H200, 38, 98 %, 26 %, 15051 MiB, 143771 MiB
2026/08/13 21:44:24.902, NVIDIA H200, 36, 97 %, 20 %, 15051 MiB, 143771 MiB
2026/08/13 21:44:27.902, NVIDIA H200, 38, 99 %, 31 %, 15051 MiB, 143771 MiB
2026/08/13 21:44:30.902, NVIDIA H200, 34, 76 %, 25 %, 15051 MiB, 143771 MiB
2026/08/13 21:44:33.903, NVIDIA H200, 38, 80 %, 19 %, 15051 MiB, 143771 MiB
2026/08/13 21:44:36.903, NVIDIA H200, 36, 99 %, 27 %, 15051 MiB, 143771 MiB
2026/08/13 21:44:39.903, NVIDIA H200, 36, 99 %, 26 %, 15051 MiB, 143771 MiB
2026/08/13 21:44:42.904, NVIDIA H200, 37, 100 %, 23 %, 15051 MiB, 143771 MiB
2026/08/13 21:44:45.904, NVIDIA H200, 38, 89 %, 22 %, 15051 MiB, 143771 MiB
2026/08/13 21:44:48.904, NVIDIA H200, 36, 98 %, 33 %, 15051 MiB, 143771 MiB
2026/08/13 21:44:51.905, NVIDIA H200, 38, 90 %, 21 %, 15051 MiB, 143771 MiB
2026/08/13 21:44:54.905, NVIDIA H200, 37, 98 %, 31 %, 15051 MiB, 143771 MiB
2026/08/13 21:44:57.905, NVIDIA H200, 38, 100 %, 24 %, 15051 MiB, 143771 MiB
2026/08/13 21:45:00.906, NVIDIA H200, 37, 98 %, 31 %, 15051 MiB, 143771 MiB
2026/08/13 21:45:03.906, NVIDIA H200, 37, 91 %, 20 %, 15051 MiB, 143771 MiB
2026/08/13 21:45:06.906, NVIDIA H200, 38, 73 %, 24 %, 15051 MiB, 143771 MiB
2026/08/13 21:45:09.907, NVIDIA H200, 35, 96 %, 25 %, 15051 MiB, 143771 MiB
2026/08/13 21:45:12.910, NVIDIA H200, 36, 99 %, 34 %, 15051 MiB, 143771 MiB
2026/08/13 21:45:15.911, NVIDIA H200, 38, 88 %, 18 %, 15051 MiB, 143771 MiB
2026/08/13 21:45:18.911, NVIDIA H200, 37, 100 %, 26 %, 15051 MiB, 143771 MiB
2026/08/13 21:45:21.911, NVIDIA H200, 37, 89 %, 21 %, 15051 MiB, 143771 MiB
2026/08/13 21:45:24.912, NVIDIA H200, 36, 99 %, 24 %, 15051 MiB, 143771 MiB
2026/08/13 21:45:27.912, NVIDIA H200, 37, 92 %, 28 %, 15051 MiB, 143771 MiB
2026/08/13 21:45:30.912, NVIDIA H200, 36, 100 %, 23 %, 15051 MiB, 143771 MiB
2026/08/13 21:45:33.913, NVIDIA H200, 38, 86 %, 20 %, 15051 MiB, 143771 MiB
2026/08/13 21:45:36.913, NVIDIA H200, 37, 98 %, 30 %, 15051 MiB, 143771 MiB
2026/08/13 21:45:39.913, NVIDIA H200, 36, 99 %, 27 %, 15051 MiB, 143771 MiB
2026/08/13 21:45:42.915, NVIDIA H200, 38, 98 %, 26 %, 15051 MiB, 143771 MiB
2026/08/13 21:45:45.916, NVIDIA H200, 36, 99 %, 27 %, 15051 MiB, 143771 MiB
2026/08/13 21:45:48.916, NVIDIA H200, 38, 76 %, 17 %, 15051 MiB, 143771 MiB
2026/08/13 21:45:51.916, NVIDIA H200, 37, 98 %, 30 %, 15051 MiB, 143771 MiB
2026/08/13 21:45:54.917, NVIDIA H200, 36, 98 %, 29 %, 15051 MiB, 143771 MiB
2026/08/13 21:45:57.917, NVIDIA H200, 38, 99 %, 25 %, 15051 MiB, 143771 MiB
2026/08/13 21:46:00.917, NVIDIA H200, 36, 98 %, 32 %, 15051 MiB, 143771 MiB
2026/08/13 21:46:03.918, NVIDIA H200, 38, 98 %, 25 %, 15051 MiB, 143771 MiB
2026/08/13 21:46:06.918, NVIDIA H200, 36, 100 %, 24 %, 15051 MiB, 143771 MiB
2026/08/13 21:46:09.918, NVIDIA H200, 38, 86 %, 22 %, 15051 MiB, 143771 MiB
2026/08/13 21:46:12.919, NVIDIA H200, 37, 99 %, 31 %, 15051 MiB, 143771 MiB
2026/08/13 21:46:15.919, NVIDIA H200, 33, 0 %, 0 %, 15051 MiB, 143771 MiB
2026/08/13 21:46:18.919, NVIDIA H200, 35, 81 %, 27 %, 15051 MiB, 143771 MiB
2026/08/13 21:46:21.920, NVIDIA H200, 28, 0 %, 0 %, 15051 MiB, 143771 MiB
2026/08/13 21:46:24.920, NVIDIA H200, 25, 0 %, 0 %, 15051 MiB, 143771 MiB
2026/08/13 21:46:27.920, NVIDIA H200, 31, 96 %, 30 %, 15051 MiB, 143771 MiB
2026/08/13 21:46:30.921, NVIDIA H200, 36, 99 %, 22 %, 15051 MiB, 143771 MiB
2026/08/13 21:46:33.921, NVIDIA H200, 36, 93 %, 32 %, 15051 MiB, 143771 MiB
2026/08/13 21:46:36.921, NVIDIA H200, 38, 99 %, 24 %, 15051 MiB, 143771 MiB
2026/08/13 21:46:39.921, NVIDIA H200, 39, 98 %, 27 %, 15051 MiB, 143771 MiB
2026/08/13 21:46:42.922, NVIDIA H200, 37, 100 %, 26 %, 15051 MiB, 143771 MiB
2026/08/13 21:46:45.922, NVIDIA H200, 37, 90 %, 29 %, 15051 MiB, 143771 MiB
2026/08/13 21:46:48.923, NVIDIA H200, 37, 98 %, 34 %, 15051 MiB, 143771 MiB
2026/08/13 21:46:51.923, NVIDIA H200, 37, 98 %, 31 %, 15051 MiB, 143771 MiB
2026/08/13 21:46:54.923, NVIDIA H200, 35, 90 %, 25 %, 15051 MiB, 143771 MiB
2026/08/13 21:46:57.924, NVIDIA H200, 36, 99 %, 30 %, 15051 MiB, 143771 MiB
2026/08/13 21:47:00.924, NVIDIA H200, 38, 83 %, 19 %, 15051 MiB, 143771 MiB
2026/08/13 21:47:03.924, NVIDIA H200, 37, 91 %, 28 %, 15051 MiB, 143771 MiB
2026/08/13 21:47:06.925, NVIDIA H200, 38, 99 %, 22 %, 15051 MiB, 143771 MiB
2026/08/13 21:47:09.925, NVIDIA H200, 36, 100 %, 24 %, 15051 MiB, 143771 MiB
2026/08/13 21:47:12.926, NVIDIA H200, 37, 98 %, 21 %, 15051 MiB, 143771 MiB
2026/08/13 21:47:15.926, NVIDIA H200, 36, 99 %, 26 %, 15051 MiB, 143771 MiB
2026/08/13 21:47:18.927, NVIDIA H200, 36, 92 %, 22 %, 15051 MiB, 143771 MiB
2026/08/13 21:47:21.927, NVIDIA H200, 37, 85 %, 20 %, 15051 MiB, 143771 MiB
2026/08/13 21:47:24.927, NVIDIA H200, 36, 99 %, 27 %, 15051 MiB, 143771 MiB
2026/08/13 21:47:27.928, NVIDIA H200, 36, 84 %, 20 %, 15051 MiB, 143771 MiB
2026/08/13 21:47:30.928, NVIDIA H200, 37, 78 %, 18 %, 15051 MiB, 143771 MiB
2026/08/13 21:47:33.928, NVIDIA H200, 37, 83 %, 17 %, 15051 MiB, 143771 MiB
2026/08/13 21:47:36.929, NVIDIA H200, 37, 85 %, 28 %, 15051 MiB, 143771 MiB
2026/08/13 21:47:39.929, NVIDIA H200, 37, 100 %, 26 %, 15051 MiB, 143771 MiB
2026/08/13 21:47:42.931, NVIDIA H200, 37, 98 %, 33 %, 15051 MiB, 143771 MiB
2026/08/13 21:47:45.931, NVIDIA H200, 38, 84 %, 20 %, 15051 MiB, 143771 MiB
2026/08/13 21:47:48.931, NVIDIA H200, 36, 99 %, 34 %, 15051 MiB, 143771 MiB
2026/08/13 21:47:51.932, NVIDIA H200, 36, 99 %, 27 %, 15051 MiB, 143771 MiB
2026/08/13 21:47:54.932, NVIDIA H200, 37, 88 %, 30 %, 15051 MiB, 143771 MiB
2026/08/13 21:47:57.932, NVIDIA H200, 36, 100 %, 23 %, 15051 MiB, 143771 MiB
2026/08/13 21:48:00.933, NVIDIA H200, 37, 98 %, 34 %, 15051 MiB, 143771 MiB
2026/08/13 21:48:03.933, NVIDIA H200, 38, 76 %, 15 %, 15051 MiB, 143771 MiB
2026/08/13 21:48:06.933, NVIDIA H200, 37, 83 %, 19 %, 15051 MiB, 143771 MiB
2026/08/13 21:48:09.934, NVIDIA H200, 38, 78 %, 27 %, 15051 MiB, 143771 MiB
2026/08/13 21:48:12.934, NVIDIA H200, 37, 98 %, 30 %, 15051 MiB, 143771 MiB
2026/08/13 21:48:15.934, NVIDIA H200, 38, 81 %, 19 %, 15051 MiB, 143771 MiB
2026/08/13 21:48:18.935, NVIDIA H200, 36, 99 %, 32 %, 15051 MiB, 143771 MiB
2026/08/13 21:48:21.935, NVIDIA H200, 37, 99 %, 22 %, 15051 MiB, 143771 MiB
2026/08/13 21:48:24.935, NVIDIA H200, 37, 94 %, 28 %, 15051 MiB, 143771 MiB
2026/08/13 21:48:27.936, NVIDIA H200, 37, 95 %, 22 %, 15051 MiB, 143771 MiB
2026/08/13 21:48:30.936, NVIDIA H200, 37, 100 %, 24 %, 15051 MiB, 143771 MiB
2026/08/13 21:48:33.936, NVIDIA H200, 32, 75 %, 18 %, 15051 MiB, 143771 MiB
2026/08/13 21:48:36.937, NVIDIA H200, 33, 75 %, 19 %, 15051 MiB, 143771 MiB
2026/08/13 21:48:39.937, NVIDIA H200, 26, 0 %, 0 %, 15051 MiB, 143771 MiB
2026/08/13 21:48:42.937, NVIDIA H200, 25, 0 %, 0 %, 15051 MiB, 143771 MiB
2026/08/13 21:48:45.938, NVIDIA H200, 25, 0 %, 0 %, 15051 MiB, 143771 MiB
2026/08/13 21:48:48.938, NVIDIA H200, 25, 0 %, 0 %, 15051 MiB, 143771 MiB
2026/08/13 21:48:51.938, NVIDIA H200, 24, 0 %, 0 %, 15051 MiB, 143771 MiB
2026/08/13 21:48:54.938, NVIDIA H200, 24, 0 %, 0 %, 15051 MiB, 143771 MiB
2026/08/13 21:48:57.939, NVIDIA H200, 24, 0 %, 0 %, 15051 MiB, 143771 MiB
2026/08/13 21:49:00.939, NVIDIA H200, 24, 0 %, 0 %, 15051 MiB, 143771 MiB
2026/08/13 21:49:03.939, NVIDIA H200, 24, 0 %, 0 %, 15051 MiB, 143771 MiB
2026/08/13 21:49:06.939, NVIDIA H200, 24, 0 %, 0 %, 15051 MiB, 143771 MiB
2026/08/13 21:49:09.939, NVIDIA H200, 24, 0 %, 0 %, 15051 MiB, 143771 MiB
2026/08/13 21:49:12.940, NVIDIA H200, 24, 0 %, 0 %, 15051 MiB, 143771 MiB
2026/08/13 21:49:15.940, NVIDIA H200, 24, 0 %, 0 %, 15051 MiB, 143771 MiB
2026/08/13 21:49:18.940, NVIDIA H200, 24, 0 %, 0 %, 15051 MiB, 143771 MiB
2026/08/13 21:49:21.940, NVIDIA H200, 24, 0 %, 0 %, 15051 MiB, 143771 MiB
2026/08/13 21:49:24.941, NVIDIA H200, 24, 0 %, 0 %, 15051 MiB, 143771 MiB
2026/08/13 21:49:27.941, NVIDIA H200, 24, 0 %, 0 %, 15051 MiB, 143771 MiB
2026/08/13 21:49:30.941, NVIDIA H200, 24, 0 %, 0 %, 15051 MiB, 143771 MiB
2026/08/13 21:49:33.941, NVIDIA H200, 24, 0 %, 0 %, 15051 MiB, 143771 MiB
2026/08/13 21:49:36.941, NVIDIA H200, 24, 0 %, 0 %, 15051 MiB, 143771 MiB
2026/08/13 21:49:39.942, NVIDIA H200, 24, 0 %, 0 %, 15051 MiB, 143771 MiB
2026/08/13 21:49:42.942, NVIDIA H200, 24, 0 %, 0 %, 15051 MiB, 143771 MiB
2026/08/13 21:49:45.942, NVIDIA H200, 24, 0 %, 0 %, 15051 MiB, 143771 MiB
2026/08/13 21:49:48.942, NVIDIA H200, 24, 0 %, 0 %, 15051 MiB, 143771 MiB
2026/08/13 21:49:51.943, NVIDIA H200, 24, 0 %, 0 %, 15051 MiB, 143771 MiB
2026/08/13 21:49:54.943, NVIDIA H200, 24, 0 %, 0 %, 15051 MiB, 143771 MiB
2026/08/13 21:49:57.943, NVIDIA H200, 24, 0 %, 0 %, 15051 MiB, 143771 MiB
2026/08/13 21:50:00.943, NVIDIA H200, 24, 0 %, 0 %, 15051 MiB, 143771 MiB
2026/08/13 21:50:03.944, NVIDIA H200, 24, 0 %, 0 %, 15051 MiB, 143771 MiB
2026/08/13 21:50:06.944, NVIDIA H200, 24, 0 %, 0 %, 15051 MiB, 143771 MiB
2026/08/13 21:50:09.944, NVIDIA H200, 24, 0 %, 0 %, 15051 MiB, 143771 MiB
2026/08/13 21:50:12.946, NVIDIA H200, 24, 0 %, 0 %, 15051 MiB, 143771 MiB
2026/08/13 21:50:15.946, NVIDIA H200, 24, 0 %, 0 %, 15051 MiB, 143771 MiB
2026/08/13 21:50:18.946, NVIDIA H200, 24, 0 %, 0 %, 15051 MiB, 143771 MiB
2026/08/13 21:50:21.947, NVIDIA H200, 24, 0 %, 0 %, 15051 MiB, 143771 MiB
2026/08/13 21:50:24.947, NVIDIA H200, 24, 0 %, 0 %, 15051 MiB, 143771 MiB
2026/08/13 21:50:27.947, NVIDIA H200, 24, 0 %, 0 %, 15051 MiB, 143771 MiB
2026/08/13 21:50:30.947, NVIDIA H200, 24, 0 %, 0 %, 15051 MiB, 143771 MiB
2026/08/13 21:50:33.948, NVIDIA H200, 24, 0 %, 0 %, 15051 MiB, 143771 MiB
2026/08/13 21:50:36.948, NVIDIA H200, 24, 0 %, 0 %, 15051 MiB, 143771 MiB
2026/08/13 21:50:39.948, NVIDIA H200, 24, 0 %, 0 %, 15051 MiB, 143771 MiB
2026/08/13 21:50:42.950, NVIDIA H200, 24, 0 %, 0 %, 15051 MiB, 143771 MiB
2026/08/13 21:50:45.951, NVIDIA H200, 24, 0 %, 0 %, 15051 MiB, 143771 MiB
2026/08/13 21:50:48.951, NVIDIA H200, 24, 0 %, 0 %, 15051 MiB, 143771 MiB
2026/08/13 21:50:51.951, NVIDIA H200, 24, 0 %, 0 %, 15051 MiB, 143771 MiB
2026/08/13 21:50:54.952, NVIDIA H200, 24, 0 %, 0 %, 15051 MiB, 143771 MiB
2026/08/13 21:50:57.952, NVIDIA H200, 24, 0 %, 0 %, 15051 MiB, 143771 MiB
2026/08/13 21:51:00.952, NVIDIA H200, 24, 0 %, 0 %, 15051 MiB, 143771 MiB
2026/08/13 21:51:03.952, NVIDIA H200, 24, 0 %, 0 %, 15051 MiB, 143771 MiB
2026/08/13 21:51:06.953, NVIDIA H200, 24, 0 %, 0 %, 15051 MiB, 143771 MiB
2026/08/13 21:51:09.953, NVIDIA H200, 24, 0 %, 0 %, 15051 MiB, 143771 MiB
2026/08/13 21:51:12.953, NVIDIA H200, 24, 0 %, 0 %, 15051 MiB, 143771 MiB
2026/08/13 21:51:15.953, NVIDIA H200, 24, 0 %, 0 %, 15051 MiB, 143771 MiB
2026/08/13 21:51:18.954, NVIDIA H200, 24, 0 %, 0 %, 15051 MiB, 143771 MiB
2026/08/13 21:51:21.954, NVIDIA H200, 24, 0 %, 0 %, 15051 MiB, 143771 MiB
2026/08/13 21:51:24.954, NVIDIA H200, 24, 0 %, 0 %, 15051 MiB, 143771 MiB
2026/08/13 21:51:27.955, NVIDIA H200, 24, 0 %, 0 %, 15051 MiB, 143771 MiB
2026/08/13 21:51:30.955, NVIDIA H200, 24, 0 %, 0 %, 15051 MiB, 143771 MiB
2026/08/13 21:51:33.955, NVIDIA H200, 36, 99 %, 34 %, 15051 MiB, 143771 MiB
2026/08/13 21:51:36.956, NVIDIA H200, 37, 99 %, 22 %, 15051 MiB, 143771 MiB
2026/08/13 21:51:39.956, NVIDIA H200, 36, 98 %, 29 %, 15051 MiB, 143771 MiB
2026/08/13 21:51:42.956, NVIDIA H200, 37, 98 %, 30 %, 15051 MiB, 143771 MiB
2026/08/13 21:51:45.957, NVIDIA H200, 36, 99 %, 25 %, 15051 MiB, 143771 MiB
2026/08/13 21:51:48.957, NVIDIA H200, 37, 99 %, 31 %, 15051 MiB, 143771 MiB
2026/08/13 21:51:51.957, NVIDIA H200, 38, 100 %, 23 %, 15051 MiB, 143771 MiB
2026/08/13 21:51:54.957, NVIDIA H200, 37, 98 %, 27 %, 15051 MiB, 143771 MiB
2026/08/13 21:51:57.958, NVIDIA H200, 38, 98 %, 32 %, 15051 MiB, 143771 MiB
2026/08/13 21:52:00.958, NVIDIA H200, 38, 99 %, 22 %, 15051 MiB, 143771 MiB
2026/08/13 21:52:03.958, NVIDIA H200, 37, 98 %, 31 %, 15051 MiB, 143771 MiB
2026/08/13 21:52:06.958, NVIDIA H200, 36, 100 %, 25 %, 15051 MiB, 143771 MiB
2026/08/13 21:52:09.959, NVIDIA H200, 38, 99 %, 26 %, 15051 MiB, 143771 MiB
2026/08/13 21:52:12.959, NVIDIA H200, 37, 99 %, 34 %, 15051 MiB, 143771 MiB
2026/08/13 21:52:15.960, NVIDIA H200, 36, 100 %, 23 %, 15051 MiB, 143771 MiB
2026/08/13 21:52:18.960, NVIDIA H200, 39, 98 %, 27 %, 15051 MiB, 143771 MiB
2026/08/13 21:52:21.960, NVIDIA H200, 37, 99 %, 32 %, 15051 MiB, 143771 MiB
2026/08/13 21:52:24.961, NVIDIA H200, 38, 99 %, 21 %, 15051 MiB, 143771 MiB
2026/08/13 21:52:27.961, NVIDIA H200, 38, 97 %, 31 %, 15051 MiB, 143771 MiB
2026/08/13 21:52:30.961, NVIDIA H200, 37, 99 %, 27 %, 15051 MiB, 143771 MiB
2026/08/13 21:52:33.961, NVIDIA H200, 37, 99 %, 25 %, 15051 MiB, 143771 MiB
2026/08/13 21:52:36.962, NVIDIA H200, 36, 99 %, 32 %, 15051 MiB, 143771 MiB
2026/08/13 21:52:39.962, NVIDIA H200, 37, 100 %, 24 %, 15051 MiB, 143771 MiB
2026/08/13 21:52:42.964, NVIDIA H200, 39, 97 %, 27 %, 15051 MiB, 143771 MiB
2026/08/13 21:52:45.964, NVIDIA H200, 36, 98 %, 34 %, 15051 MiB, 143771 MiB
2026/08/13 21:52:48.964, NVIDIA H200, 37, 99 %, 22 %, 15051 MiB, 143771 MiB
2026/08/13 21:52:51.965, NVIDIA H200, 38, 98 %, 27 %, 15051 MiB, 143771 MiB
2026/08/13 21:52:54.965, NVIDIA H200, 37, 99 %, 32 %, 15051 MiB, 143771 MiB
2026/08/13 21:52:57.965, NVIDIA H200, 38, 99 %, 22 %, 15051 MiB, 143771 MiB
2026/08/13 21:53:00.965, NVIDIA H200, 38, 98 %, 29 %, 15051 MiB, 143771 MiB
2026/08/13 21:53:03.965, NVIDIA H200, 36, 98 %, 30 %, 15051 MiB, 143771 MiB
2026/08/13 21:53:06.966, NVIDIA H200, 38, 99 %, 24 %, 15051 MiB, 143771 MiB
2026/08/13 21:53:09.966, NVIDIA H200, 37, 97 %, 29 %, 15051 MiB, 143771 MiB
2026/08/13 21:53:12.980, NVIDIA H200, 36, 98 %, 30 %, 15051 MiB, 143771 MiB
2026/08/13 21:53:15.980, NVIDIA H200, 38, 99 %, 26 %, 15051 MiB, 143771 MiB
2026/08/13 21:53:18.981, NVIDIA H200, 37, 98 %, 30 %, 15051 MiB, 143771 MiB
2026/08/13 21:53:21.981, NVIDIA H200, 36, 100 %, 23 %, 15051 MiB, 143771 MiB
2026/08/13 21:53:24.981, NVIDIA H200, 38, 98 %, 26 %, 15051 MiB, 143771 MiB
2026/08/13 21:53:27.982, NVIDIA H200, 26, 0 %, 0 %, 15051 MiB, 143771 MiB
2026/08/13 21:53:30.982, NVIDIA H200, 34, 71 %, 23 %, 15051 MiB, 143771 MiB
2026/08/13 21:53:33.982, NVIDIA H200, 27, 5 %, 0 %, 15051 MiB, 143771 MiB
2026/08/13 21:53:36.982, NVIDIA H200, 35, 99 %, 21 %, 15051 MiB, 143771 MiB
2026/08/13 21:53:39.983, NVIDIA H200, 37, 97 %, 29 %, 15051 MiB, 143771 MiB
2026/08/13 21:53:42.984, NVIDIA H200, 36, 98 %, 31 %, 15051 MiB, 143771 MiB
2026/08/13 21:53:45.984, NVIDIA H200, 38, 99 %, 24 %, 15051 MiB, 143771 MiB
2026/08/13 21:53:48.985, NVIDIA H200, 37, 97 %, 31 %, 15051 MiB, 143771 MiB
2026/08/13 21:53:51.985, NVIDIA H200, 36, 99 %, 27 %, 15051 MiB, 143771 MiB
2026/08/13 21:53:54.985, NVIDIA H200, 37, 99 %, 24 %, 15051 MiB, 143771 MiB
2026/08/13 21:53:57.986, NVIDIA H200, 36, 98 %, 30 %, 15051 MiB, 143771 MiB
2026/08/13 21:54:00.986, NVIDIA H200, 36, 100 %, 24 %, 15051 MiB, 143771 MiB
2026/08/13 21:54:03.986, NVIDIA H200, 37, 99 %, 26 %, 15051 MiB, 143771 MiB
2026/08/13 21:54:06.987, NVIDIA H200, 36, 98 %, 34 %, 15051 MiB, 143771 MiB
2026/08/13 21:54:09.987, NVIDIA H200, 37, 99 %, 23 %, 15051 MiB, 143771 MiB
2026/08/13 21:54:12.991, NVIDIA H200, 38, 98 %, 26 %, 15051 MiB, 143771 MiB
2026/08/13 21:54:15.991, NVIDIA H200, 37, 98 %, 32 %, 15051 MiB, 143771 MiB
2026/08/13 21:54:18.991, NVIDIA H200, 37, 99 %, 22 %, 15051 MiB, 143771 MiB
2026/08/13 21:54:21.992, NVIDIA H200, 37, 98 %, 30 %, 15051 MiB, 143771 MiB
2026/08/13 21:54:24.992, NVIDIA H200, 36, 99 %, 29 %, 15051 MiB, 143771 MiB
2026/08/13 21:54:27.992, NVIDIA H200, 38, 99 %, 25 %, 15051 MiB, 143771 MiB
2026/08/13 21:54:30.993, NVIDIA H200, 36, 98 %, 31 %, 15051 MiB, 143771 MiB
2026/08/13 21:54:33.993, NVIDIA H200, 36, 100 %, 24 %, 15051 MiB, 143771 MiB
2026/08/13 21:54:36.993, NVIDIA H200, 37, 99 %, 26 %, 15051 MiB, 143771 MiB
2026/08/13 21:54:39.994, NVIDIA H200, 36, 99 %, 32 %, 15051 MiB, 143771 MiB
2026/08/13 21:54:42.994, NVIDIA H200, 36, 100 %, 24 %, 15051 MiB, 143771 MiB
2026/08/13 21:54:45.994, NVIDIA H200, 38, 97 %, 25 %, 15051 MiB, 143771 MiB
2026/08/13 21:54:48.995, NVIDIA H200, 36, 98 %, 34 %, 15051 MiB, 143771 MiB
2026/08/13 21:54:51.995, NVIDIA H200, 36, 99 %, 23 %, 15051 MiB, 143771 MiB
2026/08/13 21:54:54.995, NVIDIA H200, 38, 97 %, 27 %, 15051 MiB, 143771 MiB
2026/08/13 21:54:57.996, NVIDIA H200, 36, 98 %, 33 %, 15051 MiB, 143771 MiB
2026/08/13 21:55:00.996, NVIDIA H200, 37, 99 %, 22 %, 15051 MiB, 143771 MiB
2026/08/13 21:55:03.996, NVIDIA H200, 38, 97 %, 26 %, 15051 MiB, 143771 MiB
2026/08/13 21:55:06.997, NVIDIA H200, 36, 98 %, 32 %, 15051 MiB, 143771 MiB
2026/08/13 21:55:09.997, NVIDIA H200, 37, 99 %, 21 %, 15051 MiB, 143771 MiB
2026/08/13 21:55:12.998, NVIDIA H200, 37, 98 %, 27 %, 15051 MiB, 143771 MiB
2026/08/13 21:55:15.998, NVIDIA H200, 36, 98 %, 32 %, 15051 MiB, 143771 MiB
2026/08/13 21:55:18.998, NVIDIA H200, 37, 99 %, 22 %, 15051 MiB, 143771 MiB
2026/08/13 21:55:21.999, NVIDIA H200, 37, 97 %, 27 %, 15051 MiB, 143771 MiB
2026/08/13 21:55:24.999, NVIDIA H200, 36, 99 %, 34 %, 15051 MiB, 143771 MiB
2026/08/13 21:55:27.999, NVIDIA H200, 36, 99 %, 25 %, 15051 MiB, 143771 MiB
2026/08/13 21:55:31.000, NVIDIA H200, 38, 100 %, 23 %, 15051 MiB, 143771 MiB
2026/08/13 21:55:34.000, NVIDIA H200, 35, 72 %, 18 %, 15051 MiB, 143771 MiB
2026/08/13 21:55:37.000, NVIDIA H200, 35, 69 %, 22 %, 15051 MiB, 143771 MiB
2026/08/13 21:55:40.000, NVIDIA H200, 25, 0 %, 0 %, 15051 MiB, 143771 MiB
2026/08/13 21:55:43.001, NVIDIA H200, 36, 98 %, 27 %, 15051 MiB, 143771 MiB
2026/08/13 21:55:46.001, NVIDIA H200, 37, 98 %, 34 %, 15051 MiB, 143771 MiB
2026/08/13 21:55:49.001, NVIDIA H200, 37, 99 %, 20 %, 15051 MiB, 143771 MiB
2026/08/13 21:55:52.002, NVIDIA H200, 36, 97 %, 29 %, 15051 MiB, 143771 MiB
2026/08/13 21:55:55.002, NVIDIA H200, 37, 98 %, 30 %, 15051 MiB, 143771 MiB
2026/08/13 21:55:58.002, NVIDIA H200, 36, 99 %, 25 %, 15051 MiB, 143771 MiB
2026/08/13 21:56:01.003, NVIDIA H200, 36, 98 %, 31 %, 15051 MiB, 143771 MiB
2026/08/13 21:56:04.003, NVIDIA H200, 38, 100 %, 24 %, 15051 MiB, 143771 MiB
2026/08/13 21:56:07.003, NVIDIA H200, 36, 99 %, 27 %, 15051 MiB, 143771 MiB
2026/08/13 21:56:10.004, NVIDIA H200, 37, 98 %, 33 %, 15051 MiB, 143771 MiB
2026/08/13 21:56:13.004, NVIDIA H200, 38, 99 %, 24 %, 15051 MiB, 143771 MiB
2026/08/13 21:56:16.004, NVIDIA H200, 37, 98 %, 27 %, 15051 MiB, 143771 MiB
2026/08/13 21:56:19.005, NVIDIA H200, 38, 98 %, 33 %, 15051 MiB, 143771 MiB
2026/08/13 21:56:22.005, NVIDIA H200, 37, 99 %, 21 %, 15051 MiB, 143771 MiB
2026/08/13 21:56:25.005, NVIDIA H200, 36, 98 %, 29 %, 15051 MiB, 143771 MiB
2026/08/13 21:56:28.006, NVIDIA H200, 38, 98 %, 31 %, 15051 MiB, 143771 MiB
2026/08/13 21:56:31.006, NVIDIA H200, 36, 99 %, 25 %, 15051 MiB, 143771 MiB
2026/08/13 21:56:34.006, NVIDIA H200, 36, 98 %, 31 %, 15051 MiB, 143771 MiB
2026/08/13 21:56:37.006, NVIDIA H200, 39, 100 %, 24 %, 15051 MiB, 143771 MiB
2026/08/13 21:56:40.007, NVIDIA H200, 36, 98 %, 25 %, 15051 MiB, 143771 MiB
2026/08/13 21:56:43.007, NVIDIA H200, 38, 98 %, 33 %, 15051 MiB, 143771 MiB
2026/08/13 21:56:46.007, NVIDIA H200, 37, 99 %, 22 %, 15051 MiB, 143771 MiB
2026/08/13 21:56:49.008, NVIDIA H200, 36, 97 %, 28 %, 15051 MiB, 143771 MiB
2026/08/13 21:56:52.008, NVIDIA H200, 38, 98 %, 31 %, 15051 MiB, 143771 MiB
2026/08/13 21:56:55.008, NVIDIA H200, 36, 99 %, 24 %, 15051 MiB, 143771 MiB
2026/08/13 21:56:58.009, NVIDIA H200, 36, 98 %, 31 %, 15051 MiB, 143771 MiB
2026/08/13 21:57:01.009, NVIDIA H200, 38, 100 %, 25 %, 15051 MiB, 143771 MiB
2026/08/13 21:57:04.009, NVIDIA H200, 36, 99 %, 26 %, 15051 MiB, 143771 MiB
2026/08/13 21:57:07.010, NVIDIA H200, 37, 98 %, 34 %, 15051 MiB, 143771 MiB
2026/08/13 21:57:10.010, NVIDIA H200, 37, 99 %, 22 %, 15051 MiB, 143771 MiB
2026/08/13 21:57:13.011, NVIDIA H200, 36, 98 %, 26 %, 15051 MiB, 143771 MiB
2026/08/13 21:57:16.011, NVIDIA H200, 38, 98 %, 32 %, 15051 MiB, 143771 MiB
2026/08/13 21:57:19.011, NVIDIA H200, 37, 99 %, 20 %, 15051 MiB, 143771 MiB
2026/08/13 21:57:22.012, NVIDIA H200, 36, 98 %, 29 %, 15051 MiB, 143771 MiB
2026/08/13 21:57:25.012, NVIDIA H200, 37, 99 %, 31 %, 15051 MiB, 143771 MiB
2026/08/13 21:57:28.012, NVIDIA H200, 36, 99 %, 24 %, 15051 MiB, 143771 MiB
2026/08/13 21:57:31.012, NVIDIA H200, 36, 98 %, 31 %, 15051 MiB, 143771 MiB
2026/08/13 21:57:34.013, NVIDIA H200, 38, 100 %, 24 %, 15051 MiB, 143771 MiB
2026/08/13 21:57:37.013, NVIDIA H200, 30, 49 %, 15 %, 15051 MiB, 143771 MiB
2026/08/13 21:57:40.013, NVIDIA H200, 33, 81 %, 24 %, 15051 MiB, 143771 MiB
2026/08/13 21:57:43.016, NVIDIA H200, 26, 5 %, 0 %, 15051 MiB, 143771 MiB
2026/08/13 21:57:46.017, NVIDIA H200, 36, 99 %, 22 %, 15051 MiB, 143771 MiB
2026/08/13 21:57:49.017, NVIDIA H200, 36, 98 %, 26 %, 15051 MiB, 143771 MiB
2026/08/13 21:57:52.017, NVIDIA H200, 38, 98 %, 31 %, 15051 MiB, 143771 MiB
2026/08/13 21:57:55.018, NVIDIA H200, 36, 99 %, 25 %, 15051 MiB, 143771 MiB
2026/08/13 21:57:58.018, NVIDIA H200, 37, 98 %, 32 %, 15051 MiB, 143771 MiB
2026/08/13 21:58:01.018, NVIDIA H200, 38, 99 %, 22 %, 15051 MiB, 143771 MiB
2026/08/13 21:58:04.019, NVIDIA H200, 37, 97 %, 29 %, 15051 MiB, 143771 MiB
2026/08/13 21:58:07.019, NVIDIA H200, 38, 99 %, 27 %, 15051 MiB, 143771 MiB
2026/08/13 21:58:10.019, NVIDIA H200, 36, 99 %, 27 %, 15051 MiB, 143771 MiB
2026/08/13 21:58:13.020, NVIDIA H200, 38, 98 %, 34 %, 15051 MiB, 143771 MiB
2026/08/13 21:58:16.020, NVIDIA H200, 37, 99 %, 22 %, 15051 MiB, 143771 MiB
2026/08/13 21:58:19.020, NVIDIA H200, 36, 98 %, 31 %, 15051 MiB, 143771 MiB
2026/08/13 21:58:22.021, NVIDIA H200, 38, 100 %, 23 %, 15051 MiB, 143771 MiB
2026/08/13 21:58:25.021, NVIDIA H200, 37, 98 %, 26 %, 15051 MiB, 143771 MiB
2026/08/13 21:58:28.021, NVIDIA H200, 38, 99 %, 32 %, 15051 MiB, 143771 MiB
2026/08/13 21:58:31.022, NVIDIA H200, 37, 99 %, 23 %, 15051 MiB, 143771 MiB
2026/08/13 21:58:34.022, NVIDIA H200, 36, 97 %, 31 %, 15051 MiB, 143771 MiB
2026/08/13 21:58:37.023, NVIDIA H200, 38, 99 %, 34 %, 15051 MiB, 143771 MiB
2026/08/13 21:58:40.023, NVIDIA H200, 38, 99 %, 27 %, 15051 MiB, 143771 MiB
2026/08/13 21:58:43.023, NVIDIA H200, 37, 99 %, 22 %, 15051 MiB, 143771 MiB
2026/08/13 21:58:46.023, NVIDIA H200, 36, 98 %, 31 %, 15051 MiB, 143771 MiB
2026/08/13 21:58:49.024, NVIDIA H200, 39, 100 %, 24 %, 15051 MiB, 143771 MiB
2026/08/13 21:58:52.024, NVIDIA H200, 37, 98 %, 27 %, 15051 MiB, 143771 MiB
2026/08/13 21:58:55.024, NVIDIA H200, 38, 99 %, 31 %, 15051 MiB, 143771 MiB
2026/08/13 21:58:58.025, NVIDIA H200, 36, 99 %, 24 %, 15051 MiB, 143771 MiB
2026/08/13 21:59:01.025, NVIDIA H200, 37, 98 %, 31 %, 15051 MiB, 143771 MiB
2026/08/13 21:59:04.025, NVIDIA H200, 38, 99 %, 22 %, 15051 MiB, 143771 MiB
2026/08/13 21:59:07.026, NVIDIA H200, 37, 98 %, 29 %, 15051 MiB, 143771 MiB
2026/08/13 21:59:10.026, NVIDIA H200, 39, 100 %, 26 %, 15051 MiB, 143771 MiB
2026/08/13 21:59:13.027, NVIDIA H200, 37, 97 %, 26 %, 15051 MiB, 143771 MiB
2026/08/13 21:59:16.027, NVIDIA H200, 38, 98 %, 32 %, 15051 MiB, 143771 MiB
2026/08/13 21:59:19.027, NVIDIA H200, 37, 99 %, 24 %, 15051 MiB, 143771 MiB
2026/08/13 21:59:22.028, NVIDIA H200, 36, 97 %, 31 %, 15051 MiB, 143771 MiB
2026/08/13 21:59:25.028, NVIDIA H200, 38, 100 %, 23 %, 15051 MiB, 143771 MiB
2026/08/13 21:59:28.028, NVIDIA H200, 37, 98 %, 27 %, 15051 MiB, 143771 MiB
2026/08/13 21:59:31.029, NVIDIA H200, 38, 98 %, 31 %, 15051 MiB, 143771 MiB
2026/08/13 21:59:34.029, NVIDIA H200, 36, 99 %, 25 %, 15051 MiB, 143771 MiB
2026/08/13 21:59:37.029, NVIDIA H200, 37, 99 %, 32 %, 15051 MiB, 143771 MiB
2026/08/13 21:59:40.030, NVIDIA H200, 31, 20 %, 4 %, 15051 MiB, 143771 MiB
2026/08/13 21:59:43.031, NVIDIA H200, 35, 66 %, 18 %, 15051 MiB, 143771 MiB
2026/08/13 21:59:46.032, NVIDIA H200, 36, 96 %, 29 %, 15051 MiB, 143771 MiB
2026/08/13 21:59:49.032, NVIDIA H200, 28, 50 %, 16 %, 15051 MiB, 143771 MiB
2026/08/13 21:59:52.032, NVIDIA H200, 36, 99 %, 22 %, 15051 MiB, 143771 MiB
2026/08/13 21:59:55.033, NVIDIA H200, 36, 98 %, 30 %, 15051 MiB, 143771 MiB
2026/08/13 21:59:58.033, NVIDIA H200, 37, 98 %, 30 %, 15051 MiB, 143771 MiB
2026/08/13 22:00:01.033, NVIDIA H200, 36, 99 %, 25 %, 15051 MiB, 143771 MiB
2026/08/13 22:00:04.034, NVIDIA H200, 36, 98 %, 31 %, 15051 MiB, 143771 MiB
2026/08/13 22:00:07.034, NVIDIA H200, 38, 100 %, 26 %, 15051 MiB, 143771 MiB
2026/08/13 22:00:10.034, NVIDIA H200, 36, 99 %, 25 %, 15051 MiB, 143771 MiB
2026/08/13 22:00:13.035, NVIDIA H200, 36, 98 %, 31 %, 15051 MiB, 143771 MiB
2026/08/13 22:00:16.035, NVIDIA H200, 38, 100 %, 24 %, 15051 MiB, 143771 MiB
2026/08/13 22:00:19.036, NVIDIA H200, 37, 98 %, 27 %, 15051 MiB, 143771 MiB
2026/08/13 22:00:22.036, NVIDIA H200, 38, 98 %, 33 %, 15051 MiB, 143771 MiB
2026/08/13 22:00:25.036, NVIDIA H200, 37, 99 %, 21 %, 15051 MiB, 143771 MiB
2026/08/13 22:00:28.037, NVIDIA H200, 36, 97 %, 29 %, 15051 MiB, 143771 MiB
2026/08/13 22:00:31.037, NVIDIA H200, 37, 98 %, 31 %, 15051 MiB, 143771 MiB
2026/08/13 22:00:34.037, NVIDIA H200, 36, 99 %, 25 %, 15051 MiB, 143771 MiB
2026/08/13 22:00:37.038, NVIDIA H200, 36, 99 %, 22 %, 15051 MiB, 143771 MiB
2026/08/13 22:00:40.038, NVIDIA H200, 38, 98 %, 29 %, 15051 MiB, 143771 MiB
2026/08/13 22:00:43.038, NVIDIA H200, 36, 99 %, 30 %, 15051 MiB, 143771 MiB
2026/08/13 22:00:46.039, NVIDIA H200, 36, 99 %, 24 %, 15051 MiB, 143771 MiB
2026/08/13 22:00:49.039, NVIDIA H200, 38, 97 %, 31 %, 15051 MiB, 143771 MiB
2026/08/13 22:00:52.039, NVIDIA H200, 36, 100 %, 27 %, 15051 MiB, 143771 MiB
2026/08/13 22:00:55.040, NVIDIA H200, 37, 99 %, 25 %, 15051 MiB, 143771 MiB
2026/08/13 22:00:58.040, NVIDIA H200, 37, 98 %, 31 %, 15051 MiB, 143771 MiB
2026/08/13 22:01:01.040, NVIDIA H200, 37, 100 %, 23 %, 15051 MiB, 143771 MiB
2026/08/13 22:01:04.041, NVIDIA H200, 38, 98 %, 25 %, 15051 MiB, 143771 MiB
2026/08/13 22:01:07.041, NVIDIA H200, 37, 98 %, 34 %, 15051 MiB, 143771 MiB
2026/08/13 22:01:10.041, NVIDIA H200, 36, 99 %, 22 %, 15051 MiB, 143771 MiB
2026/08/13 22:01:13.042, NVIDIA H200, 38, 98 %, 27 %, 15051 MiB, 143771 MiB
2026/08/13 22:01:16.042, NVIDIA H200, 36, 98 %, 31 %, 15051 MiB, 143771 MiB
2026/08/13 22:01:19.042, NVIDIA H200, 36, 99 %, 21 %, 15051 MiB, 143771 MiB
2026/08/13 22:01:22.043, NVIDIA H200, 38, 98 %, 29 %, 15051 MiB, 143771 MiB
2026/08/13 22:01:25.043, NVIDIA H200, 36, 98 %, 31 %, 15051 MiB, 143771 MiB
2026/08/13 22:01:28.043, NVIDIA H200, 36, 99 %, 24 %, 15051 MiB, 143771 MiB
2026/08/13 22:01:31.044, NVIDIA H200, 38, 98 %, 31 %, 15051 MiB, 143771 MiB
2026/08/13 22:01:34.044, NVIDIA H200, 37, 100 %, 25 %, 15051 MiB, 143771 MiB
2026/08/13 22:01:37.044, NVIDIA H200, 37, 99 %, 24 %, 15051 MiB, 143771 MiB
2026/08/13 22:01:40.045, NVIDIA H200, 38, 98 %, 31 %, 15051 MiB, 143771 MiB
2026/08/13 22:01:43.045, NVIDIA H200, 36, 100 %, 23 %, 15051 MiB, 143771 MiB
2026/08/13 22:01:46.045, NVIDIA H200, 34, 79 %, 27 %, 15051 MiB, 143771 MiB
2026/08/13 22:01:49.046, NVIDIA H200, 34, 80 %, 28 %, 15051 MiB, 143771 MiB
2026/08/13 22:01:52.046, NVIDIA H200, 25, 0 %, 0 %, 15051 MiB, 143771 MiB
2026/08/13 22:01:55.046, NVIDIA H200, 24, 0 %, 0 %, 15051 MiB, 143771 MiB
2026/08/13 22:01:58.047, NVIDIA H200, 24, 0 %, 0 %, 15051 MiB, 143771 MiB
2026/08/13 22:02:01.047, NVIDIA H200, 35, 98 %, 34 %, 15051 MiB, 143771 MiB
2026/08/13 22:02:04.047, NVIDIA H200, 36, 99 %, 21 %, 15051 MiB, 143771 MiB
2026/08/13 22:02:07.048, NVIDIA H200, 36, 89 %, 25 %, 15051 MiB, 143771 MiB
2026/08/13 22:02:10.048, NVIDIA H200, 36, 99 %, 32 %, 15051 MiB, 143771 MiB
2026/08/13 22:02:13.048, NVIDIA H200, 36, 99 %, 21 %, 15051 MiB, 143771 MiB
2026/08/13 22:02:16.049, NVIDIA H200, 38, 97 %, 29 %, 15051 MiB, 143771 MiB
2026/08/13 22:02:19.049, NVIDIA H200, 36, 98 %, 28 %, 15051 MiB, 143771 MiB
2026/08/13 22:02:22.049, NVIDIA H200, 36, 99 %, 24 %, 15051 MiB, 143771 MiB
2026/08/13 22:02:25.049, NVIDIA H200, 38, 97 %, 31 %, 15051 MiB, 143771 MiB
2026/08/13 22:02:28.050, NVIDIA H200, 38, 99 %, 27 %, 15051 MiB, 143771 MiB
2026/08/13 22:02:31.050, NVIDIA H200, 37, 99 %, 25 %, 15051 MiB, 143771 MiB
2026/08/13 22:02:34.050, NVIDIA H200, 37, 99 %, 31 %, 15051 MiB, 143771 MiB
2026/08/13 22:02:37.051, NVIDIA H200, 38, 100 %, 24 %, 15051 MiB, 143771 MiB
2026/08/13 22:02:40.051, NVIDIA H200, 37, 98 %, 27 %, 15051 MiB, 143771 MiB
2026/08/13 22:02:43.051, NVIDIA H200, 38, 99 %, 33 %, 15051 MiB, 143771 MiB
2026/08/13 22:02:46.052, NVIDIA H200, 37, 99 %, 20 %, 15051 MiB, 143771 MiB
2026/08/13 22:02:49.052, NVIDIA H200, 36, 98 %, 29 %, 15051 MiB, 143771 MiB
2026/08/13 22:02:52.052, NVIDIA H200, 37, 98 %, 30 %, 15051 MiB, 143771 MiB
2026/08/13 22:02:55.053, NVIDIA H200, 36, 99 %, 24 %, 15051 MiB, 143771 MiB
2026/08/13 22:02:58.053, NVIDIA H200, 36, 97 %, 31 %, 15051 MiB, 143771 MiB
2026/08/13 22:03:01.053, NVIDIA H200, 39, 100 %, 24 %, 15051 MiB, 143771 MiB
2026/08/13 22:03:04.054, NVIDIA H200, 36, 99 %, 27 %, 15051 MiB, 143771 MiB
2026/08/13 22:03:07.054, NVIDIA H200, 37, 98 %, 32 %, 15051 MiB, 143771 MiB
2026/08/13 22:03:10.054, NVIDIA H200, 38, 99 %, 24 %, 15051 MiB, 143771 MiB
2026/08/13 22:03:13.054, NVIDIA H200, 37, 98 %, 27 %, 15051 MiB, 143771 MiB
2026/08/13 22:03:16.055, NVIDIA H200, 38, 98 %, 32 %, 15051 MiB, 143771 MiB
2026/08/13 22:03:19.055, NVIDIA H200, 37, 99 %, 21 %, 15051 MiB, 143771 MiB
2026/08/13 22:03:22.055, NVIDIA H200, 36, 97 %, 29 %, 15051 MiB, 143771 MiB
2026/08/13 22:03:25.056, NVIDIA H200, 37, 98 %, 30 %, 15051 MiB, 143771 MiB
2026/08/13 22:03:28.056, NVIDIA H200, 36, 99 %, 25 %, 15051 MiB, 143771 MiB
2026/08/13 22:03:31.056, NVIDIA H200, 37, 98 %, 31 %, 15051 MiB, 143771 MiB
2026/08/13 22:03:34.057, NVIDIA H200, 39, 100 %, 24 %, 15051 MiB, 143771 MiB
2026/08/13 22:03:37.057, NVIDIA H200, 36, 99 %, 26 %, 15051 MiB, 143771 MiB
2026/08/13 22:03:40.057, NVIDIA H200, 37, 98 %, 32 %, 15051 MiB, 143771 MiB
2026/08/13 22:03:43.058, NVIDIA H200, 38, 100 %, 24 %, 15051 MiB, 143771 MiB
2026/08/13 22:03:46.058, NVIDIA H200, 37, 97 %, 27 %, 15051 MiB, 143771 MiB
2026/08/13 22:03:49.058, NVIDIA H200, 38, 98 %, 33 %, 15051 MiB, 143771 MiB
2026/08/13 22:03:52.058, NVIDIA H200, 38, 99 %, 21 %, 15051 MiB, 143771 MiB
2026/08/13 22:03:55.059, NVIDIA H200, 27, 0 %, 0 %, 15051 MiB, 143771 MiB
2026/08/13 22:03:58.059, NVIDIA H200, 34, 76 %, 18 %, 15051 MiB, 143771 MiB
2026/08/13 22:04:01.059, NVIDIA H200, 28, 6 %, 0 %, 15051 MiB, 143771 MiB
2026/08/13 22:04:04.060, NVIDIA H200, 35, 99 %, 22 %, 15051 MiB, 143771 MiB
2026/08/13 22:04:07.060, NVIDIA H200, 36, 96 %, 26 %, 15051 MiB, 143771 MiB
2026/08/13 22:04:10.060, NVIDIA H200, 38, 98 %, 32 %, 15051 MiB, 143771 MiB
2026/08/13 22:04:13.061, NVIDIA H200, 37, 99 %, 21 %, 15051 MiB, 143771 MiB
2026/08/13 22:04:16.061, NVIDIA H200, 37, 98 %, 29 %, 15051 MiB, 143771 MiB
2026/08/13 22:04:19.062, NVIDIA H200, 37, 98 %, 29 %, 15051 MiB, 143771 MiB
2026/08/13 22:04:22.062, NVIDIA H200, 36, 99 %, 25 %, 15051 MiB, 143771 MiB
2026/08/13 22:04:25.062, NVIDIA H200, 37, 98 %, 31 %, 15051 MiB, 143771 MiB
2026/08/13 22:04:28.063, NVIDIA H200, 38, 100 %, 23 %, 15051 MiB, 143771 MiB
2026/08/13 22:04:31.063, NVIDIA H200, 37, 97 %, 26 %, 15051 MiB, 143771 MiB
2026/08/13 22:04:34.063, NVIDIA H200, 38, 98 %, 34 %, 15051 MiB, 143771 MiB
2026/08/13 22:04:37.063, NVIDIA H200, 38, 99 %, 22 %, 15051 MiB, 143771 MiB
2026/08/13 22:04:40.064, NVIDIA H200, 36, 98 %, 27 %, 15051 MiB, 143771 MiB
2026/08/13 22:04:43.065, NVIDIA H200, 38, 98 %, 32 %, 15051 MiB, 143771 MiB
2026/08/13 22:04:46.065, NVIDIA H200, 37, 99 %, 21 %, 15051 MiB, 143771 MiB
2026/08/13 22:04:49.066, NVIDIA H200, 36, 97 %, 30 %, 15051 MiB, 143771 MiB
2026/08/13 22:04:52.066, NVIDIA H200, 37, 98 %, 29 %, 15051 MiB, 143771 MiB
2026/08/13 22:04:55.066, NVIDIA H200, 37, 99 %, 25 %, 15051 MiB, 143771 MiB
2026/08/13 22:04:58.066, NVIDIA H200, 37, 98 %, 29 %, 15051 MiB, 143771 MiB
2026/08/13 22:05:01.067, NVIDIA H200, 38, 98 %, 31 %, 15051 MiB, 143771 MiB
2026/08/13 22:05:04.067, NVIDIA H200, 37, 99 %, 23 %, 15051 MiB, 143771 MiB
2026/08/13 22:05:07.067, NVIDIA H200, 37, 98 %, 28 %, 15051 MiB, 143771 MiB
2026/08/13 22:05:10.068, NVIDIA H200, 38, 99 %, 33 %, 15051 MiB, 143771 MiB
2026/08/13 22:05:13.080, NVIDIA H200, 39, 100 %, 23 %, 15051 MiB, 143771 MiB
2026/08/13 22:05:16.081, NVIDIA H200, 37, 97 %, 26 %, 15051 MiB, 143771 MiB
2026/08/13 22:05:19.081, NVIDIA H200, 38, 98 %, 34 %, 15051 MiB, 143771 MiB
2026/08/13 22:05:22.081, NVIDIA H200, 38, 99 %, 22 %, 15051 MiB, 143771 MiB
2026/08/13 22:05:25.082, NVIDIA H200, 36, 97 %, 27 %, 15051 MiB, 143771 MiB
2026/08/13 22:05:28.082, NVIDIA H200, 39, 98 %, 31 %, 15051 MiB, 143771 MiB
2026/08/13 22:05:31.082, NVIDIA H200, 37, 98 %, 23 %, 15051 MiB, 143771 MiB
2026/08/13 22:05:34.083, NVIDIA H200, 37, 98 %, 31 %, 15051 MiB, 143771 MiB
2026/08/13 22:05:37.085, NVIDIA H200, 39, 100 %, 26 %, 15051 MiB, 143771 MiB
2026/08/13 22:05:40.085, NVIDIA H200, 37, 99 %, 25 %, 15051 MiB, 143771 MiB
2026/08/13 22:05:43.085, NVIDIA H200, 37, 98 %, 31 %, 15051 MiB, 143771 MiB
2026/08/13 22:05:46.086, NVIDIA H200, 38, 100 %, 23 %, 15051 MiB, 143771 MiB
2026/08/13 22:05:49.086, NVIDIA H200, 37, 98 %, 27 %, 15051 MiB, 143771 MiB
2026/08/13 22:05:52.086, NVIDIA H200, 38, 98 %, 34 %, 15051 MiB, 143771 MiB
2026/08/13 22:05:55.087, NVIDIA H200, 38, 99 %, 21 %, 15051 MiB, 143771 MiB
2026/08/13 22:05:58.087, NVIDIA H200, 37, 99 %, 22 %, 15051 MiB, 143771 MiB
2026/08/13 22:06:01.087, NVIDIA H200, 36, 76 %, 19 %, 15051 MiB, 143771 MiB
2026/08/13 22:06:04.088, NVIDIA H200, 33, 79 %, 20 %, 15051 MiB, 143771 MiB
2026/08/13 22:06:07.090, NVIDIA H200, 26, 0 %, 0 %, 15051 MiB, 143771 MiB
2026/08/13 22:06:10.090, NVIDIA H200, 37, 99 %, 25 %, 15051 MiB, 143771 MiB
2026/08/13 22:06:13.090, NVIDIA H200, 38, 98 %, 31 %, 15051 MiB, 143771 MiB
2026/08/13 22:06:16.091, NVIDIA H200, 38, 100 %, 24 %, 15051 MiB, 143771 MiB
2026/08/13 22:06:19.091, NVIDIA H200, 38, 99 %, 26 %, 15051 MiB, 143771 MiB
2026/08/13 22:06:22.091, NVIDIA H200, 39, 98 %, 31 %, 15051 MiB, 143771 MiB
2026/08/13 22:06:25.091, NVIDIA H200, 37, 100 %, 23 %, 15051 MiB, 143771 MiB
2026/08/13 22:06:28.092, NVIDIA H200, 39, 98 %, 27 %, 15051 MiB, 143771 MiB
2026/08/13 22:06:31.092, NVIDIA H200, 38, 98 %, 33 %, 15051 MiB, 143771 MiB
2026/08/13 22:06:34.092, NVIDIA H200, 40, 100 %, 25 %, 15051 MiB, 143771 MiB
2026/08/13 22:06:37.094, NVIDIA H200, 38, 98 %, 27 %, 15051 MiB, 143771 MiB
2026/08/13 22:06:40.095, NVIDIA H200, 37, 98 %, 31 %, 15051 MiB, 143771 MiB
2026/08/13 22:06:43.095, NVIDIA H200, 37, 99 %, 21 %, 15051 MiB, 143771 MiB
2026/08/13 22:06:46.095, NVIDIA H200, 39, 98 %, 29 %, 15051 MiB, 143771 MiB
2026/08/13 22:06:49.096, NVIDIA H200, 38, 98 %, 34 %, 15051 MiB, 143771 MiB
2026/08/13 22:06:52.096, NVIDIA H200, 39, 99 %, 22 %, 15051 MiB, 143771 MiB
2026/08/13 22:06:55.096, NVIDIA H200, 38, 98 %, 26 %, 15051 MiB, 143771 MiB
2026/08/13 22:06:58.096, NVIDIA H200, 39, 98 %, 32 %, 15051 MiB, 143771 MiB
2026/08/13 22:07:01.097, NVIDIA H200, 39, 99 %, 20 %, 15051 MiB, 143771 MiB
2026/08/13 22:07:04.097, NVIDIA H200, 38, 98 %, 29 %, 15051 MiB, 143771 MiB
2026/08/13 22:07:07.099, NVIDIA H200, 39, 98 %, 31 %, 15051 MiB, 143771 MiB
2026/08/13 22:07:10.099, NVIDIA H200, 38, 99 %, 24 %, 15051 MiB, 143771 MiB
2026/08/13 22:07:13.100, NVIDIA H200, 37, 97 %, 31 %, 15051 MiB, 143771 MiB
2026/08/13 22:07:16.100, NVIDIA H200, 39, 99 %, 27 %, 15051 MiB, 143771 MiB
2026/08/13 22:07:19.100, NVIDIA H200, 37, 99 %, 25 %, 15051 MiB, 143771 MiB
2026/08/13 22:07:22.101, NVIDIA H200, 38, 98 %, 32 %, 15051 MiB, 143771 MiB
2026/08/13 22:07:25.101, NVIDIA H200, 40, 100 %, 25 %, 15051 MiB, 143771 MiB
2026/08/13 22:07:28.101, NVIDIA H200, 38, 99 %, 25 %, 15051 MiB, 143771 MiB
2026/08/13 22:07:31.102, NVIDIA H200, 38, 98 %, 31 %, 15051 MiB, 143771 MiB
2026/08/13 22:07:34.102, NVIDIA H200, 39, 100 %, 23 %, 15051 MiB, 143771 MiB
2026/08/13 22:07:37.103, NVIDIA H200, 40, 98 %, 26 %, 15051 MiB, 143771 MiB
2026/08/13 22:07:40.103, NVIDIA H200, 37, 98 %, 34 %, 15051 MiB, 143771 MiB
2026/08/13 22:07:43.104, NVIDIA H200, 38, 99 %, 20 %, 15051 MiB, 143771 MiB
2026/08/13 22:07:46.104, NVIDIA H200, 39, 98 %, 27 %, 15051 MiB, 143771 MiB
2026/08/13 22:07:49.104, NVIDIA H200, 38, 98 %, 31 %, 15051 MiB, 143771 MiB
2026/08/13 22:07:52.105, NVIDIA H200, 39, 99 %, 23 %, 15051 MiB, 143771 MiB
2026/08/13 22:07:55.105, NVIDIA H200, 39, 98 %, 31 %, 15051 MiB, 143771 MiB
2026/08/13 22:07:58.105, NVIDIA H200, 38, 99 %, 27 %, 15051 MiB, 143771 MiB
2026/08/13 22:08:01.106, NVIDIA H200, 39, 99 %, 25 %, 15051 MiB, 143771 MiB
2026/08/13 22:08:04.106, NVIDIA H200, 28, 0 %, 0 %, 15051 MiB, 143771 MiB
2026/08/13 22:08:07.108, NVIDIA H200, 34, 71 %, 18 %, 15051 MiB, 143771 MiB
2026/08/13 22:08:10.108, NVIDIA H200, 33, 49 %, 15 %, 15051 MiB, 143771 MiB
2026/08/13 22:08:13.108, NVIDIA H200, 38, 99 %, 25 %, 15051 MiB, 143771 MiB
2026/08/13 22:08:16.109, NVIDIA H200, 37, 98 %, 31 %, 15051 MiB, 143771 MiB
2026/08/13 22:08:19.109, NVIDIA H200, 37, 98 %, 30 %, 15051 MiB, 143771 MiB
2026/08/13 22:08:22.109, NVIDIA H200, 38, 99 %, 24 %, 15051 MiB, 143771 MiB
2026/08/13 22:08:25.110, NVIDIA H200, 38, 99 %, 26 %, 15051 MiB, 143771 MiB
2026/08/13 22:08:28.110, NVIDIA H200, 38, 98 %, 31 %, 15051 MiB, 143771 MiB
2026/08/13 22:08:31.110, NVIDIA H200, 38, 98 %, 33 %, 15051 MiB, 143771 MiB
2026/08/13 22:08:34.111, NVIDIA H200, 38, 99 %, 22 %, 15051 MiB, 143771 MiB
2026/08/13 22:08:37.111, NVIDIA H200, 39, 98 %, 26 %, 15051 MiB, 143771 MiB
2026/08/13 22:08:40.112, NVIDIA H200, 38, 99 %, 32 %, 15051 MiB, 143771 MiB
2026/08/13 22:08:43.112, NVIDIA H200, 39, 99 %, 21 %, 15051 MiB, 143771 MiB
2026/08/13 22:08:46.112, NVIDIA H200, 39, 97 %, 29 %, 15051 MiB, 143771 MiB
2026/08/13 22:08:49.113, NVIDIA H200, 37, 99 %, 30 %, 15051 MiB, 143771 MiB
2026/08/13 22:08:52.113, NVIDIA H200, 39, 99 %, 25 %, 15051 MiB, 143771 MiB
2026/08/13 22:08:55.113, NVIDIA H200, 38, 99 %, 32 %, 15051 MiB, 143771 MiB
2026/08/13 22:08:58.114, NVIDIA H200, 38, 99 %, 25 %, 15051 MiB, 143771 MiB
2026/08/13 22:09:01.114, NVIDIA H200, 40, 98 %, 26 %, 15051 MiB, 143771 MiB
2026/08/13 22:09:04.114, NVIDIA H200, 38, 98 %, 32 %, 15051 MiB, 143771 MiB
2026/08/13 22:09:07.116, NVIDIA H200, 39, 99 %, 21 %, 15051 MiB, 143771 MiB
2026/08/13 22:09:10.116, NVIDIA H200, 39, 98 %, 30 %, 15051 MiB, 143771 MiB
2026/08/13 22:09:13.117, NVIDIA H200, 37, 98 %, 30 %, 15051 MiB, 143771 MiB
2026/08/13 22:09:16.117, NVIDIA H200, 39, 99 %, 25 %, 15051 MiB, 143771 MiB
2026/08/13 22:09:19.117, NVIDIA H200, 38, 98 %, 31 %, 15051 MiB, 143771 MiB
2026/08/13 22:09:22.117, NVIDIA H200, 37, 100 %, 23 %, 15051 MiB, 143771 MiB
2026/08/13 22:09:25.118, NVIDIA H200, 39, 99 %, 26 %, 15051 MiB, 143771 MiB
2026/08/13 22:09:28.118, NVIDIA H200, 38, 98 %, 34 %, 15051 MiB, 143771 MiB
2026/08/13 22:09:31.119, NVIDIA H200, 38, 99 %, 22 %, 15051 MiB, 143771 MiB
2026/08/13 22:09:34.119, NVIDIA H200, 39, 98 %, 27 %, 15051 MiB, 143771 MiB
2026/08/13 22:09:37.119, NVIDIA H200, 38, 98 %, 31 %, 15051 MiB, 143771 MiB
2026/08/13 22:09:40.120, NVIDIA H200, 39, 99 %, 24 %, 15051 MiB, 143771 MiB
2026/08/13 22:09:43.120, NVIDIA H200, 38, 97 %, 31 %, 15051 MiB, 143771 MiB
2026/08/13 22:09:46.120, NVIDIA H200, 38, 100 %, 26 %, 15051 MiB, 143771 MiB
2026/08/13 22:09:49.121, NVIDIA H200, 39, 99 %, 26 %, 15051 MiB, 143771 MiB
2026/08/13 22:09:52.121, NVIDIA H200, 38, 98 %, 33 %, 15051 MiB, 143771 MiB
2026/08/13 22:09:55.121, NVIDIA H200, 38, 99 %, 22 %, 15051 MiB, 143771 MiB
2026/08/13 22:09:58.122, NVIDIA H200, 39, 97 %, 26 %, 15051 MiB, 143771 MiB
2026/08/13 22:10:01.122, NVIDIA H200, 38, 98 %, 32 %, 15051 MiB, 143771 MiB
2026/08/13 22:10:04.122, NVIDIA H200, 39, 100 %, 22 %, 15051 MiB, 143771 MiB
2026/08/13 22:10:07.124, NVIDIA H200, 27, 0 %, 0 %, 15051 MiB, 143771 MiB
2026/08/13 22:10:10.125, NVIDIA H200, 33, 71 %, 18 %, 15051 MiB, 143771 MiB
2026/08/13 22:10:13.125, NVIDIA H200, 36, 78 %, 27 %, 15051 MiB, 143771 MiB
2026/08/13 22:10:16.125, NVIDIA H200, 26, 0 %, 0 %, 15051 MiB, 143771 MiB
2026/08/13 22:10:19.125, NVIDIA H200, 35, 82 %, 25 %, 15051 MiB, 143771 MiB
2026/08/13 22:10:22.126, NVIDIA H200, 37, 100 %, 24 %, 15051 MiB, 143771 MiB
2026/08/13 22:10:25.126, NVIDIA H200, 40, 98 %, 27 %, 15051 MiB, 143771 MiB
2026/08/13 22:10:28.126, NVIDIA H200, 38, 98 %, 31 %, 15051 MiB, 143771 MiB
2026/08/13 22:10:31.127, NVIDIA H200, 39, 99 %, 24 %, 15051 MiB, 143771 MiB
2026/08/13 22:10:34.127, NVIDIA H200, 38, 97 %, 31 %, 15051 MiB, 143771 MiB
2026/08/13 22:10:37.127, NVIDIA H200, 37, 88 %, 27 %, 15051 MiB, 143771 MiB
2026/08/13 22:10:40.128, NVIDIA H200, 39, 99 %, 24 %, 15051 MiB, 143771 MiB
2026/08/13 22:10:43.128, NVIDIA H200, 38, 98 %, 31 %, 15051 MiB, 143771 MiB
2026/08/13 22:10:46.128, NVIDIA H200, 38, 99 %, 27 %, 15051 MiB, 143771 MiB
2026/08/13 22:10:49.129, NVIDIA H200, 39, 99 %, 25 %, 15051 MiB, 143771 MiB
2026/08/13 22:10:52.129, NVIDIA H200, 38, 98 %, 32 %, 15051 MiB, 143771 MiB
2026/08/13 22:10:55.129, NVIDIA H200, 39, 99 %, 22 %, 15051 MiB, 143771 MiB
2026/08/13 22:10:58.130, NVIDIA H200, 38, 98 %, 31 %, 15051 MiB, 143771 MiB
2026/08/13 22:11:01.130, NVIDIA H200, 38, 99 %, 25 %, 15051 MiB, 143771 MiB
2026/08/13 22:11:04.131, NVIDIA H200, 39, 98 %, 26 %, 15051 MiB, 143771 MiB
2026/08/13 22:11:07.131, NVIDIA H200, 38, 98 %, 31 %, 15051 MiB, 143771 MiB
2026/08/13 22:11:10.131, NVIDIA H200, 39, 99 %, 31 %, 15051 MiB, 143771 MiB
2026/08/13 22:11:13.132, NVIDIA H200, 38, 99 %, 24 %, 15051 MiB, 143771 MiB
2026/08/13 22:11:16.132, NVIDIA H200, 39, 98 %, 34 %, 15051 MiB, 143771 MiB
2026/08/13 22:11:19.132, NVIDIA H200, 39, 99 %, 21 %, 15051 MiB, 143771 MiB
2026/08/13 22:11:22.132, NVIDIA H200, 38, 98 %, 29 %, 15051 MiB, 143771 MiB
2026/08/13 22:11:25.133, NVIDIA H200, 38, 99 %, 28 %, 15051 MiB, 143771 MiB
2026/08/13 22:11:28.133, NVIDIA H200, 38, 99 %, 25 %, 15051 MiB, 143771 MiB
2026/08/13 22:11:31.133, NVIDIA H200, 39, 98 %, 34 %, 15051 MiB, 143771 MiB
2026/08/13 22:11:34.134, NVIDIA H200, 39, 99 %, 24 %, 15051 MiB, 143771 MiB
2026/08/13 22:11:37.134, NVIDIA H200, 38, 99 %, 25 %, 15051 MiB, 143771 MiB
2026/08/13 22:11:40.134, NVIDIA H200, 38, 97 %, 31 %, 15051 MiB, 143771 MiB
2026/08/13 22:11:43.135, NVIDIA H200, 39, 100 %, 23 %, 15051 MiB, 143771 MiB
2026/08/13 22:11:46.135, NVIDIA H200, 38, 98 %, 27 %, 15051 MiB, 143771 MiB
2026/08/13 22:11:49.135, NVIDIA H200, 40, 98 %, 32 %, 15051 MiB, 143771 MiB
2026/08/13 22:11:52.136, NVIDIA H200, 38, 99 %, 25 %, 15051 MiB, 143771 MiB
2026/08/13 22:11:55.136, NVIDIA H200, 38, 99 %, 31 %, 15051 MiB, 143771 MiB
2026/08/13 22:11:58.136, NVIDIA H200, 39, 99 %, 22 %, 15051 MiB, 143771 MiB
2026/08/13 22:12:01.137, NVIDIA H200, 38, 98 %, 27 %, 15051 MiB, 143771 MiB
2026/08/13 22:12:04.137, NVIDIA H200, 39, 98 %, 31 %, 15051 MiB, 143771 MiB
2026/08/13 22:12:07.137, NVIDIA H200, 39, 100 %, 24 %, 15051 MiB, 143771 MiB
2026/08/13 22:12:10.138, NVIDIA H200, 38, 98 %, 26 %, 15051 MiB, 143771 MiB
2026/08/13 22:12:13.138, NVIDIA H200, 40, 99 %, 32 %, 15051 MiB, 143771 MiB
2026/08/13 22:12:16.138, NVIDIA H200, 36, 68 %, 18 %, 15051 MiB, 143771 MiB
2026/08/13 22:12:19.139, NVIDIA H200, 37, 79 %, 24 %, 15051 MiB, 143771 MiB
2026/08/13 22:12:22.139, NVIDIA H200, 26, 0 %, 0 %, 15051 MiB, 143771 MiB
2026/08/13 22:12:25.139, NVIDIA H200, 26, 0 %, 0 %, 15051 MiB, 143771 MiB
2026/08/13 22:12:28.140, NVIDIA H200, 35, 99 %, 24 %, 15051 MiB, 143771 MiB
2026/08/13 22:12:31.140, NVIDIA H200, 37, 98 %, 31 %, 15051 MiB, 143771 MiB
2026/08/13 22:12:34.140, NVIDIA H200, 40, 100 %, 23 %, 15051 MiB, 143771 MiB
2026/08/13 22:12:37.140, NVIDIA H200, 38, 98 %, 27 %, 15051 MiB, 143771 MiB
2026/08/13 22:12:40.141, NVIDIA H200, 40, 98 %, 31 %, 15051 MiB, 143771 MiB
2026/08/13 22:12:43.141, NVIDIA H200, 37, 99 %, 24 %, 15051 MiB, 143771 MiB
2026/08/13 22:12:46.141, NVIDIA H200, 38, 98 %, 31 %, 15051 MiB, 143771 MiB
2026/08/13 22:12:49.142, NVIDIA H200, 39, 100 %, 25 %, 15051 MiB, 143771 MiB
2026/08/13 22:12:52.142, NVIDIA H200, 38, 97 %, 26 %, 15051 MiB, 143771 MiB
2026/08/13 22:12:55.142, NVIDIA H200, 39, 98 %, 31 %, 15051 MiB, 143771 MiB
2026/08/13 22:12:58.143, NVIDIA H200, 40, 99 %, 25 %, 15051 MiB, 143771 MiB
2026/08/13 22:13:01.143, NVIDIA H200, 38, 98 %, 32 %, 15051 MiB, 143771 MiB
2026/08/13 22:13:04.143, NVIDIA H200, 38, 99 %, 22 %, 15051 MiB, 143771 MiB
2026/08/13 22:13:07.144, NVIDIA H200, 39, 98 %, 29 %, 15051 MiB, 143771 MiB
2026/08/13 22:13:10.144, NVIDIA H200, 38, 98 %, 29 %, 15051 MiB, 143771 MiB
2026/08/13 22:13:13.144, NVIDIA H200, 38, 99 %, 25 %, 15051 MiB, 143771 MiB
2026/08/13 22:13:16.145, NVIDIA H200, 38, 98 %, 33 %, 15051 MiB, 143771 MiB
2026/08/13 22:13:19.145, NVIDIA H200, 38, 99 %, 22 %, 15051 MiB, 143771 MiB
2026/08/13 22:13:22.145, NVIDIA H200, 39, 98 %, 29 %, 15051 MiB, 143771 MiB
2026/08/13 22:13:25.146, NVIDIA H200, 37, 98 %, 30 %, 15051 MiB, 143771 MiB
2026/08/13 22:13:28.146, NVIDIA H200, 39, 99 %, 24 %, 15051 MiB, 143771 MiB
2026/08/13 22:13:31.146, NVIDIA H200, 38, 99 %, 32 %, 15051 MiB, 143771 MiB
2026/08/13 22:13:34.146, NVIDIA H200, 38, 99 %, 22 %, 15051 MiB, 143771 MiB
2026/08/13 22:13:37.147, NVIDIA H200, 39, 98 %, 29 %, 15051 MiB, 143771 MiB
2026/08/13 22:13:40.147, NVIDIA H200, 38, 99 %, 27 %, 15051 MiB, 143771 MiB
2026/08/13 22:13:43.147, NVIDIA H200, 40, 97 %, 25 %, 15051 MiB, 143771 MiB
2026/08/13 22:13:46.148, NVIDIA H200, 38, 99 %, 33 %, 15051 MiB, 143771 MiB
2026/08/13 22:13:49.148, NVIDIA H200, 39, 99 %, 22 %, 15051 MiB, 143771 MiB
2026/08/13 22:13:52.148, NVIDIA H200, 38, 97 %, 31 %, 15051 MiB, 143771 MiB
2026/08/13 22:13:55.149, NVIDIA H200, 37, 100 %, 23 %, 15051 MiB, 143771 MiB
2026/08/13 22:13:58.149, NVIDIA H200, 40, 98 %, 28 %, 15051 MiB, 143771 MiB
2026/08/13 22:14:01.149, NVIDIA H200, 37, 98 %, 34 %, 15051 MiB, 143771 MiB
2026/08/13 22:14:04.150, NVIDIA H200, 39, 99 %, 21 %, 15051 MiB, 143771 MiB
2026/08/13 22:14:07.150, NVIDIA H200, 39, 97 %, 30 %, 15051 MiB, 143771 MiB
2026/08/13 22:14:10.150, NVIDIA H200, 37, 100 %, 24 %, 15051 MiB, 143771 MiB
2026/08/13 22:14:13.151, NVIDIA H200, 39, 97 %, 26 %, 15051 MiB, 143771 MiB
2026/08/13 22:14:16.151, NVIDIA H200, 38, 98 %, 33 %, 15051 MiB, 143771 MiB
2026/08/13 22:14:19.151, NVIDIA H200, 39, 99 %, 22 %, 15051 MiB, 143771 MiB
2026/08/13 22:14:22.152, NVIDIA H200, 32, 98 %, 21 %, 15051 MiB, 143771 MiB
2026/08/13 22:14:25.152, NVIDIA H200, 33, 77 %, 19 %, 15051 MiB, 143771 MiB
2026/08/13 22:14:28.152, NVIDIA H200, 35, 81 %, 21 %, 15051 MiB, 143771 MiB
2026/08/13 22:14:31.153, NVIDIA H200, 26, 0 %, 0 %, 15051 MiB, 143771 MiB
2026/08/13 22:14:34.153, NVIDIA H200, 38, 97 %, 27 %, 15051 MiB, 143771 MiB
2026/08/13 22:14:37.153, NVIDIA H200, 38, 98 %, 31 %, 15051 MiB, 143771 MiB
2026/08/13 22:14:40.154, NVIDIA H200, 37, 99 %, 23 %, 15051 MiB, 143771 MiB
2026/08/13 22:14:43.154, NVIDIA H200, 39, 98 %, 26 %, 15051 MiB, 143771 MiB
2026/08/13 22:14:46.154, NVIDIA H200, 37, 98 %, 32 %, 15051 MiB, 143771 MiB
2026/08/13 22:14:49.154, NVIDIA H200, 37, 100 %, 24 %, 15051 MiB, 143771 MiB
2026/08/13 22:14:52.155, NVIDIA H200, 39, 98 %, 26 %, 15051 MiB, 143771 MiB
2026/08/13 22:14:55.155, NVIDIA H200, 38, 98 %, 31 %, 15051 MiB, 143771 MiB
2026/08/13 22:14:58.155, NVIDIA H200, 38, 98 %, 32 %, 15051 MiB, 143771 MiB
2026/08/13 22:15:01.156, NVIDIA H200, 38, 99 %, 22 %, 15051 MiB, 143771 MiB
2026/08/13 22:15:04.156, NVIDIA H200, 37, 98 %, 27 %, 15051 MiB, 143771 MiB
2026/08/13 22:15:07.156, NVIDIA H200, 39, 99 %, 31 %, 15051 MiB, 143771 MiB
2026/08/13 22:15:10.157, NVIDIA H200, 37, 99 %, 24 %, 15051 MiB, 143771 MiB
2026/08/13 22:15:13.157, NVIDIA H200, 37, 97 %, 31 %, 15051 MiB, 143771 MiB
2026/08/13 22:15:16.157, NVIDIA H200, 39, 100 %, 25 %, 15051 MiB, 143771 MiB
2026/08/13 22:15:19.158, NVIDIA H200, 37, 99 %, 25 %, 15051 MiB, 143771 MiB
2026/08/13 22:15:22.158, NVIDIA H200, 38, 98 %, 32 %, 15051 MiB, 143771 MiB
2026/08/13 22:15:25.158, NVIDIA H200, 39, 99 %, 25 %, 15051 MiB, 143771 MiB
2026/08/13 22:15:28.159, NVIDIA H200, 38, 98 %, 27 %, 15051 MiB, 143771 MiB
2026/08/13 22:15:31.159, NVIDIA H200, 38, 97 %, 34 %, 15051 MiB, 143771 MiB
2026/08/13 22:15:34.159, NVIDIA H200, 39, 99 %, 22 %, 15051 MiB, 143771 MiB
2026/08/13 22:15:37.160, NVIDIA H200, 38, 98 %, 26 %, 15051 MiB, 143771 MiB
2026/08/13 22:15:40.160, NVIDIA H200, 39, 98 %, 32 %, 15051 MiB, 143771 MiB
2026/08/13 22:15:43.160, NVIDIA H200, 38, 99 %, 21 %, 15051 MiB, 143771 MiB
2026/08/13 22:15:46.160, NVIDIA H200, 37, 97 %, 30 %, 15051 MiB, 143771 MiB
2026/08/13 22:15:49.161, NVIDIA H200, 38, 99 %, 29 %, 15051 MiB, 143771 MiB
2026/08/13 22:15:52.161, NVIDIA H200, 37, 99 %, 25 %, 15051 MiB, 143771 MiB
2026/08/13 22:15:55.161, NVIDIA H200, 38, 98 %, 31 %, 15051 MiB, 143771 MiB
2026/08/13 22:15:58.162, NVIDIA H200, 39, 100 %, 23 %, 15051 MiB, 143771 MiB
2026/08/13 22:16:01.162, NVIDIA H200, 38, 98 %, 26 %, 15051 MiB, 143771 MiB
2026/08/13 22:16:04.162, NVIDIA H200, 38, 99 %, 25 %, 15051 MiB, 143771 MiB
2026/08/13 22:16:07.162, NVIDIA H200, 39, 99 %, 23 %, 15051 MiB, 143771 MiB
2026/08/13 22:16:10.163, NVIDIA H200, 38, 100 %, 23 %, 15051 MiB, 143771 MiB
2026/08/13 22:16:13.163, NVIDIA H200, 39, 98 %, 27 %, 15051 MiB, 143771 MiB
2026/08/13 22:16:16.163, NVIDIA H200, 38, 98 %, 33 %, 15051 MiB, 143771 MiB
2026/08/13 22:16:19.164, NVIDIA H200, 37, 99 %, 20 %, 15051 MiB, 143771 MiB
2026/08/13 22:16:22.164, NVIDIA H200, 39, 97 %, 29 %, 15051 MiB, 143771 MiB
2026/08/13 22:16:25.164, NVIDIA H200, 38, 99 %, 29 %, 15051 MiB, 143771 MiB
2026/08/13 22:16:28.164, NVIDIA H200, 33, 78 %, 22 %, 15051 MiB, 143771 MiB
2026/08/13 22:16:31.165, NVIDIA H200, 35, 76 %, 24 %, 15051 MiB, 143771 MiB
2026/08/13 22:16:34.165, NVIDIA H200, 36, 85 %, 24 %, 15051 MiB, 143771 MiB
2026/08/13 22:16:37.165, NVIDIA H200, 38, 98 %, 31 %, 15051 MiB, 143771 MiB
2026/08/13 22:16:40.166, NVIDIA H200, 37, 100 %, 23 %, 15051 MiB, 143771 MiB
2026/08/13 22:16:43.166, NVIDIA H200, 39, 98 %, 26 %, 15051 MiB, 143771 MiB
2026/08/13 22:16:46.166, NVIDIA H200, 38, 98 %, 34 %, 15051 MiB, 143771 MiB
2026/08/13 22:16:49.167, NVIDIA H200, 37, 99 %, 22 %, 15051 MiB, 143771 MiB
2026/08/13 22:16:52.167, NVIDIA H200, 38, 98 %, 29 %, 15051 MiB, 143771 MiB
2026/08/13 22:16:55.167, NVIDIA H200, 37, 98 %, 31 %, 15051 MiB, 143771 MiB
2026/08/13 22:16:58.168, NVIDIA H200, 37, 99 %, 20 %, 15051 MiB, 143771 MiB
2026/08/13 22:17:01.168, NVIDIA H200, 39, 98 %, 29 %, 15051 MiB, 143771 MiB
2026/08/13 22:17:04.168, NVIDIA H200, 37, 98 %, 30 %, 15051 MiB, 143771 MiB
2026/08/13 22:17:07.169, NVIDIA H200, 38, 99 %, 25 %, 15051 MiB, 143771 MiB
2026/08/13 22:17:10.169, NVIDIA H200, 39, 98 %, 31 %, 15051 MiB, 143771 MiB
2026/08/13 22:17:13.169, NVIDIA H200, 38, 100 %, 24 %, 15051 MiB, 143771 MiB
2026/08/13 22:17:16.170, NVIDIA H200, 39, 99 %, 25 %, 15051 MiB, 143771 MiB
2026/08/13 22:17:19.170, NVIDIA H200, 38, 99 %, 34 %, 15051 MiB, 143771 MiB
2026/08/13 22:17:22.170, NVIDIA H200, 37, 99 %, 20 %, 15051 MiB, 143771 MiB
2026/08/13 22:17:25.171, NVIDIA H200, 39, 98 %, 29 %, 15051 MiB, 143771 MiB
2026/08/13 22:17:28.171, NVIDIA H200, 38, 98 %, 31 %, 15051 MiB, 143771 MiB
2026/08/13 22:17:31.171, NVIDIA H200, 37, 99 %, 21 %, 15051 MiB, 143771 MiB
2026/08/13 22:17:34.172, NVIDIA H200, 39, 96 %, 29 %, 15051 MiB, 143771 MiB
2026/08/13 22:17:37.172, NVIDIA H200, 37, 98 %, 30 %, 15051 MiB, 143771 MiB
2026/08/13 22:17:40.172, NVIDIA H200, 38, 99 %, 25 %, 15051 MiB, 143771 MiB
2026/08/13 22:17:43.172, NVIDIA H200, 39, 98 %, 30 %, 15051 MiB, 143771 MiB
2026/08/13 22:17:46.173, NVIDIA H200, 38, 100 %, 24 %, 15051 MiB, 143771 MiB
2026/08/13 22:17:49.173, NVIDIA H200, 37, 99 %, 24 %, 15051 MiB, 143771 MiB
2026/08/13 22:17:52.175, NVIDIA H200, 37, 98 %, 32 %, 15051 MiB, 143771 MiB
2026/08/13 22:17:55.175, NVIDIA H200, 39, 100 %, 26 %, 15051 MiB, 143771 MiB
2026/08/13 22:17:58.176, NVIDIA H200, 37, 99 %, 25 %, 15051 MiB, 143771 MiB
2026/08/13 22:18:01.176, NVIDIA H200, 38, 98 %, 32 %, 15051 MiB, 143771 MiB
2026/08/13 22:18:04.176, NVIDIA H200, 39, 99 %, 24 %, 15051 MiB, 143771 MiB
2026/08/13 22:18:07.177, NVIDIA H200, 38, 98 %, 27 %, 15051 MiB, 143771 MiB
2026/08/13 22:18:10.177, NVIDIA H200, 39, 98 %, 32 %, 15051 MiB, 143771 MiB
2026/08/13 22:18:13.183, NVIDIA H200, 38, 99 %, 21 %, 15051 MiB, 143771 MiB
2026/08/13 22:18:16.183, NVIDIA H200, 38, 96 %, 29 %, 15051 MiB, 143771 MiB
2026/08/13 22:18:19.184, NVIDIA H200, 39, 98 %, 31 %, 15051 MiB, 143771 MiB
2026/08/13 22:18:22.184, NVIDIA H200, 37, 99 %, 24 %, 15051 MiB, 143771 MiB
2026/08/13 22:18:25.184, NVIDIA H200, 37, 98 %, 32 %, 15051 MiB, 143771 MiB
2026/08/13 22:18:28.185, NVIDIA H200, 39, 100 %, 24 %, 15051 MiB, 143771 MiB
2026/08/13 22:18:31.185, NVIDIA H200, 34, 80 %, 28 %, 15051 MiB, 143771 MiB
2026/08/13 22:18:34.185, NVIDIA H200, 36, 73 %, 24 %, 15051 MiB, 143771 MiB
2026/08/13 22:18:37.186, NVIDIA H200, 36, 99 %, 25 %, 15051 MiB, 143771 MiB
2026/08/13 22:18:40.186, NVIDIA H200, 37, 98 %, 31 %, 15051 MiB, 143771 MiB
2026/08/13 22:18:43.186, NVIDIA H200, 39, 100 %, 23 %, 15051 MiB, 143771 MiB
2026/08/13 22:18:46.187, NVIDIA H200, 37, 98 %, 25 %, 15051 MiB, 143771 MiB
2026/08/13 22:18:49.187, NVIDIA H200, 38, 98 %, 34 %, 15051 MiB, 143771 MiB
2026/08/13 22:18:52.189, NVIDIA H200, 39, 100 %, 24 %, 15051 MiB, 143771 MiB
2026/08/13 22:18:55.190, NVIDIA H200, 37, 99 %, 26 %, 15051 MiB, 143771 MiB
2026/08/13 22:18:58.190, NVIDIA H200, 38, 98 %, 34 %, 15051 MiB, 143771 MiB
2026/08/13 22:19:01.190, NVIDIA H200, 39, 99 %, 24 %, 15051 MiB, 143771 MiB
2026/08/13 22:19:04.191, NVIDIA H200, 38, 98 %, 26 %, 15051 MiB, 143771 MiB
2026/08/13 22:19:07.191, NVIDIA H200, 39, 98 %, 32 %, 15051 MiB, 143771 MiB
2026/08/13 22:19:10.191, NVIDIA H200, 38, 99 %, 20 %, 15051 MiB, 143771 MiB
2026/08/13 22:19:13.193, NVIDIA H200, 37, 97 %, 29 %, 15051 MiB, 143771 MiB
2026/08/13 22:19:16.194, NVIDIA H200, 39, 98 %, 31 %, 15051 MiB, 143771 MiB
2026/08/13 22:19:19.194, NVIDIA H200, 37, 99 %, 23 %, 15051 MiB, 143771 MiB
2026/08/13 22:19:22.195, NVIDIA H200, 37, 98 %, 31 %, 15051 MiB, 143771 MiB
2026/08/13 22:19:25.196, NVIDIA H200, 39, 98 %, 31 %, 15051 MiB, 143771 MiB
2026/08/13 22:19:28.196, NVIDIA H200, 37, 99 %, 23 %, 15051 MiB, 143771 MiB
2026/08/13 22:19:31.196, NVIDIA H200, 37, 97 %, 31 %, 15051 MiB, 143771 MiB
2026/08/13 22:19:34.197, NVIDIA H200, 38, 98 %, 29 %, 15051 MiB, 143771 MiB
2026/08/13 22:19:37.197, NVIDIA H200, 37, 99 %, 24 %, 15051 MiB, 143771 MiB
2026/08/13 22:19:40.197, NVIDIA H200, 38, 98 %, 31 %, 15051 MiB, 143771 MiB
2026/08/13 22:19:43.198, NVIDIA H200, 39, 100 %, 23 %, 15051 MiB, 143771 MiB
2026/08/13 22:19:46.198, NVIDIA H200, 37, 97 %, 25 %, 15051 MiB, 143771 MiB
2026/08/13 22:19:49.198, NVIDIA H200, 38, 99 %, 34 %, 15051 MiB, 143771 MiB
2026/08/13 22:19:52.198, NVIDIA H200, 38, 99 %, 23 %, 15051 MiB, 143771 MiB
2026/08/13 22:19:55.199, NVIDIA H200, 38, 98 %, 27 %, 15051 MiB, 143771 MiB
2026/08/13 22:19:58.199, NVIDIA H200, 38, 98 %, 34 %, 15051 MiB, 143771 MiB
2026/08/13 22:20:01.199, NVIDIA H200, 38, 99 %, 23 %, 15051 MiB, 143771 MiB
2026/08/13 22:20:04.200, NVIDIA H200, 38, 97 %, 27 %, 15051 MiB, 143771 MiB
2026/08/13 22:20:07.200, NVIDIA H200, 39, 98 %, 33 %, 15051 MiB, 143771 MiB
2026/08/13 22:20:10.200, NVIDIA H200, 38, 99 %, 22 %, 15051 MiB, 143771 MiB
2026/08/13 22:20:13.201, NVIDIA H200, 37, 98 %, 27 %, 15051 MiB, 143771 MiB
2026/08/13 22:20:16.201, NVIDIA H200, 39, 99 %, 32 %, 15051 MiB, 143771 MiB
2026/08/13 22:20:19.201, NVIDIA H200, 38, 99 %, 21 %, 15051 MiB, 143771 MiB
2026/08/13 22:20:22.202, NVIDIA H200, 37, 98 %, 29 %, 15051 MiB, 143771 MiB
2026/08/13 22:20:25.202, NVIDIA H200, 38, 98 %, 31 %, 15051 MiB, 143771 MiB
2026/08/13 22:20:28.202, NVIDIA H200, 37, 99 %, 24 %, 15051 MiB, 143771 MiB
2026/08/13 22:20:31.202, NVIDIA H200, 35, 98 %, 22 %, 15051 MiB, 143771 MiB
2026/08/13 22:20:34.203, NVIDIA H200, 36, 72 %, 18 %, 15051 MiB, 143771 MiB
2026/08/13 22:20:37.203, NVIDIA H200, 31, 0 %, 0 %, 15051 MiB, 143771 MiB
2026/08/13 22:20:40.203, NVIDIA H200, 36, 98 %, 27 %, 15051 MiB, 143771 MiB
2026/08/13 22:20:43.204, NVIDIA H200, 39, 98 %, 31 %, 15051 MiB, 143771 MiB
2026/08/13 22:20:46.204, NVIDIA H200, 37, 99 %, 23 %, 15051 MiB, 143771 MiB
2026/08/13 22:20:49.204, NVIDIA H200, 37, 98 %, 31 %, 15051 MiB, 143771 MiB
2026/08/13 22:20:52.205, NVIDIA H200, 39, 100 %, 27 %, 15051 MiB, 143771 MiB
2026/08/13 22:20:55.205, NVIDIA H200, 37, 99 %, 26 %, 15051 MiB, 143771 MiB
2026/08/13 22:20:58.206, NVIDIA H200, 38, 98 %, 34 %, 15051 MiB, 143771 MiB
2026/08/13 22:21:01.206, NVIDIA H200, 38, 99 %, 23 %, 15051 MiB, 143771 MiB
2026/08/13 22:21:04.206, NVIDIA H200, 37, 96 %, 26 %, 15051 MiB, 143771 MiB
2026/08/13 22:21:07.206, NVIDIA H200, 39, 98 %, 33 %, 15051 MiB, 143771 MiB
2026/08/13 22:21:10.207, NVIDIA H200, 38, 99 %, 22 %, 15051 MiB, 143771 MiB
2026/08/13 22:21:13.207, NVIDIA H200, 37, 98 %, 26 %, 15051 MiB, 143771 MiB
2026/08/13 22:21:16.207, NVIDIA H200, 38, 98 %, 34 %, 15051 MiB, 143771 MiB
2026/08/13 22:21:19.208, NVIDIA H200, 38, 98 %, 31 %, 15051 MiB, 143771 MiB
2026/08/13 22:21:22.208, NVIDIA H200, 37, 100 %, 23 %, 15051 MiB, 143771 MiB
2026/08/13 22:21:25.208, NVIDIA H200, 37, 99 %, 24 %, 15051 MiB, 143771 MiB
2026/08/13 22:21:28.209, NVIDIA H200, 38, 97 %, 31 %, 15051 MiB, 143771 MiB
2026/08/13 22:21:31.209, NVIDIA H200, 37, 100 %, 25 %, 15051 MiB, 143771 MiB
2026/08/13 22:21:34.209, NVIDIA H200, 38, 98 %, 26 %, 15051 MiB, 143771 MiB
2026/08/13 22:21:37.210, NVIDIA H200, 38, 98 %, 34 %, 15051 MiB, 143771 MiB
2026/08/13 22:21:40.210, NVIDIA H200, 37, 99 %, 22 %, 15051 MiB, 143771 MiB
2026/08/13 22:21:43.210, NVIDIA H200, 39, 97 %, 27 %, 15051 MiB, 143771 MiB
2026/08/13 22:21:46.211, NVIDIA H200, 37, 98 %, 32 %, 15051 MiB, 143771 MiB
2026/08/13 22:21:49.211, NVIDIA H200, 37, 99 %, 21 %, 15051 MiB, 143771 MiB
2026/08/13 22:21:52.211, NVIDIA H200, 39, 98 %, 29 %, 15051 MiB, 143771 MiB
2026/08/13 22:21:55.212, NVIDIA H200, 37, 99 %, 29 %, 15051 MiB, 143771 MiB
2026/08/13 22:21:58.212, NVIDIA H200, 38, 99 %, 25 %, 15051 MiB, 143771 MiB
2026/08/13 22:22:01.212, NVIDIA H200, 38, 98 %, 31 %, 15051 MiB, 143771 MiB
2026/08/13 22:22:04.213, NVIDIA H200, 37, 100 %, 24 %, 15051 MiB, 143771 MiB
2026/08/13 22:22:07.213, NVIDIA H200, 39, 98 %, 27 %, 15051 MiB, 143771 MiB
2026/08/13 22:22:10.213, NVIDIA H200, 37, 98 %, 32 %, 15051 MiB, 143771 MiB
2026/08/13 22:22:13.214, NVIDIA H200, 37, 99 %, 22 %, 15051 MiB, 143771 MiB
2026/08/13 22:22:16.214, NVIDIA H200, 39, 98 %, 30 %, 15051 MiB, 143771 MiB
2026/08/13 22:22:19.214, NVIDIA H200, 37, 98 %, 32 %, 15051 MiB, 143771 MiB
2026/08/13 22:22:22.215, NVIDIA H200, 37, 99 %, 21 %, 15051 MiB, 143771 MiB
2026/08/13 22:22:25.215, NVIDIA H200, 36, 80 %, 25 %, 15051 MiB, 143771 MiB
2026/08/13 22:22:28.215, NVIDIA H200, 38, 98 %, 34 %, 15051 MiB, 143771 MiB
2026/08/13 22:22:31.216, NVIDIA H200, 37, 100 %, 22 %, 15051 MiB, 143771 MiB
2026/08/13 22:22:34.216, NVIDIA H200, 29, 46 %, 13 %, 15051 MiB, 143771 MiB
2026/08/13 22:22:37.216, NVIDIA H200, 35, 81 %, 29 %, 15051 MiB, 143771 MiB
2026/08/13 22:22:40.217, NVIDIA H200, 27, 0 %, 0 %, 15051 MiB, 143771 MiB
2026/08/13 22:22:43.217, NVIDIA H200, 25, 0 %, 0 %, 15051 MiB, 143771 MiB
2026/08/13 22:22:46.217, NVIDIA H200, 33, 83 %, 26 %, 15051 MiB, 143771 MiB
2026/08/13 22:22:49.217, NVIDIA H200, 36, 98 %, 29 %, 15051 MiB, 143771 MiB
2026/08/13 22:22:52.218, NVIDIA H200, 37, 99 %, 25 %, 15051 MiB, 143771 MiB
2026/08/13 22:22:55.218, NVIDIA H200, 38, 98 %, 31 %, 15051 MiB, 143771 MiB
2026/08/13 22:22:58.218, NVIDIA H200, 39, 100 %, 23 %, 15051 MiB, 143771 MiB
2026/08/13 22:23:01.219, NVIDIA H200, 37, 99 %, 25 %, 15051 MiB, 143771 MiB
2026/08/13 22:23:04.219, NVIDIA H200, 37, 99 %, 31 %, 15051 MiB, 143771 MiB
2026/08/13 22:23:07.219, NVIDIA H200, 38, 100 %, 23 %, 15051 MiB, 143771 MiB
2026/08/13 22:23:10.220, NVIDIA H200, 39, 99 %, 25 %, 15051 MiB, 143771 MiB
2026/08/13 22:23:13.220, NVIDIA H200, 37, 99 %, 31 %, 15051 MiB, 143771 MiB
2026/08/13 22:23:16.221, NVIDIA H200, 37, 100 %, 23 %, 15051 MiB, 143771 MiB
2026/08/13 22:23:19.221, NVIDIA H200, 39, 98 %, 28 %, 15051 MiB, 143771 MiB
2026/08/13 22:23:22.221, NVIDIA H200, 37, 99 %, 32 %, 15051 MiB, 143771 MiB
2026/08/13 22:23:25.222, NVIDIA H200, 38, 99 %, 22 %, 15051 MiB, 143771 MiB
2026/08/13 22:23:28.222, NVIDIA H200, 38, 98 %, 30 %, 15051 MiB, 143771 MiB
2026/08/13 22:23:31.222, NVIDIA H200, 37, 99 %, 27 %, 15051 MiB, 143771 MiB
2026/08/13 22:23:34.222, NVIDIA H200, 39, 99 %, 25 %, 15051 MiB, 143771 MiB
2026/08/13 22:23:37.223, NVIDIA H200, 37, 98 %, 31 %, 15051 MiB, 143771 MiB
2026/08/13 22:23:40.223, NVIDIA H200, 37, 100 %, 24 %, 15051 MiB, 143771 MiB
2026/08/13 22:23:43.224, NVIDIA H200, 39, 98 %, 26 %, 15051 MiB, 143771 MiB
2026/08/13 22:23:46.225, NVIDIA H200, 37, 98 %, 34 %, 15051 MiB, 143771 MiB
2026/08/13 22:23:49.225, NVIDIA H200, 38, 99 %, 20 %, 15051 MiB, 143771 MiB
2026/08/13 22:23:52.225, NVIDIA H200, 38, 98 %, 29 %, 15051 MiB, 143771 MiB
2026/08/13 22:23:55.226, NVIDIA H200, 37, 98 %, 30 %, 15051 MiB, 143771 MiB
2026/08/13 22:23:58.226, NVIDIA H200, 39, 99 %, 25 %, 15051 MiB, 143771 MiB
2026/08/13 22:24:01.226, NVIDIA H200, 37, 98 %, 31 %, 15051 MiB, 143771 MiB
2026/08/13 22:24:04.226, NVIDIA H200, 37, 100 %, 23 %, 15051 MiB, 143771 MiB
2026/08/13 22:24:07.227, NVIDIA H200, 38, 99 %, 26 %, 15051 MiB, 143771 MiB
2026/08/13 22:24:10.227, NVIDIA H200, 37, 98 %, 32 %, 15051 MiB, 143771 MiB
2026/08/13 22:24:13.227, NVIDIA H200, 37, 100 %, 24 %, 15051 MiB, 143771 MiB
2026/08/13 22:24:16.228, NVIDIA H200, 39, 97 %, 27 %, 15051 MiB, 143771 MiB
2026/08/13 22:24:19.228, NVIDIA H200, 37, 99 %, 33 %, 15051 MiB, 143771 MiB
2026/08/13 22:24:22.228, NVIDIA H200, 38, 99 %, 20 %, 15051 MiB, 143771 MiB
2026/08/13 22:24:25.229, NVIDIA H200, 38, 98 %, 26 %, 15051 MiB, 143771 MiB
2026/08/13 22:24:28.229, NVIDIA H200, 37, 99 %, 31 %, 15051 MiB, 143771 MiB
2026/08/13 22:24:31.229, NVIDIA H200, 39, 99 %, 23 %, 15051 MiB, 143771 MiB
2026/08/13 22:24:34.230, NVIDIA H200, 38, 98 %, 29 %, 15051 MiB, 143771 MiB
2026/08/13 22:24:37.230, NVIDIA H200, 37, 99 %, 27 %, 15051 MiB, 143771 MiB
2026/08/13 22:24:40.230, NVIDIA H200, 38, 100 %, 25 %, 15051 MiB, 143771 MiB
2026/08/13 22:24:43.234, NVIDIA H200, 33, 63 %, 19 %, 15051 MiB, 143771 MiB
2026/08/13 22:24:46.234, NVIDIA H200, 35, 73 %, 20 %, 15051 MiB, 143771 MiB
2026/08/13 22:24:49.235, NVIDIA H200, 32, 42 %, 12 %, 15051 MiB, 143771 MiB
2026/08/13 22:24:52.235, NVIDIA H200, 36, 100 %, 24 %, 15051 MiB, 143771 MiB
2026/08/13 22:24:55.235, NVIDIA H200, 38, 99 %, 27 %, 15051 MiB, 143771 MiB
2026/08/13 22:24:58.236, NVIDIA H200, 37, 97 %, 30 %, 15051 MiB, 143771 MiB
2026/08/13 22:25:01.236, NVIDIA H200, 37, 100 %, 24 %, 15051 MiB, 143771 MiB
2026/08/13 22:25:04.236, NVIDIA H200, 39, 97 %, 26 %, 15051 MiB, 143771 MiB
2026/08/13 22:25:07.237, NVIDIA H200, 38, 98 %, 31 %, 15051 MiB, 143771 MiB
2026/08/13 22:25:10.237, NVIDIA H200, 39, 99 %, 25 %, 15051 MiB, 143771 MiB
2026/08/13 22:25:13.237, NVIDIA H200, 37, 98 %, 31 %, 15051 MiB, 143771 MiB
2026/08/13 22:25:16.237, NVIDIA H200, 37, 99 %, 25 %, 15051 MiB, 143771 MiB
2026/08/13 22:25:19.238, NVIDIA H200, 38, 98 %, 27 %, 15051 MiB, 143771 MiB
2026/08/13 22:25:22.238, NVIDIA H200, 37, 98 %, 30 %, 15051 MiB, 143771 MiB
2026/08/13 22:25:25.238, NVIDIA H200, 39, 99 %, 25 %, 15051 MiB, 143771 MiB
2026/08/13 22:25:28.239, NVIDIA H200, 37, 98 %, 31 %, 15051 MiB, 143771 MiB
2026/08/13 22:25:31.239, NVIDIA H200, 37, 99 %, 23 %, 15051 MiB, 143771 MiB
2026/08/13 22:25:34.239, NVIDIA H200, 39, 98 %, 29 %, 15051 MiB, 143771 MiB
2026/08/13 22:25:37.240, NVIDIA H200, 37, 99 %, 29 %, 15051 MiB, 143771 MiB
2026/08/13 22:25:40.240, NVIDIA H200, 38, 99 %, 25 %, 15051 MiB, 143771 MiB
2026/08/13 22:25:43.240, NVIDIA H200, 37, 98 %, 34 %, 15051 MiB, 143771 MiB
2026/08/13 22:25:46.241, NVIDIA H200, 39, 99 %, 22 %, 15051 MiB, 143771 MiB
2026/08/13 22:25:49.241, NVIDIA H200, 38, 98 %, 31 %, 15051 MiB, 143771 MiB
2026/08/13 22:25:52.241, NVIDIA H200, 37, 100 %, 23 %, 15051 MiB, 143771 MiB
2026/08/13 22:25:55.242, NVIDIA H200, 39, 98 %, 27 %, 15051 MiB, 143771 MiB
2026/08/13 22:25:58.242, NVIDIA H200, 38, 98 %, 31 %, 15051 MiB, 143771 MiB
2026/08/13 22:26:01.242, NVIDIA H200, 39, 99 %, 25 %, 15051 MiB, 143771 MiB
2026/08/13 22:26:04.243, NVIDIA H200, 37, 98 %, 32 %, 15051 MiB, 143771 MiB
2026/08/13 22:26:07.243, NVIDIA H200, 38, 99 %, 23 %, 15051 MiB, 143771 MiB
2026/08/13 22:26:10.243, NVIDIA H200, 38, 98 %, 29 %, 15051 MiB, 143771 MiB
2026/08/13 22:26:13.243, NVIDIA H200, 37, 98 %, 30 %, 15051 MiB, 143771 MiB
2026/08/13 22:26:16.244, NVIDIA H200, 38, 99 %, 25 %, 15051 MiB, 143771 MiB
2026/08/13 22:26:19.244, NVIDIA H200, 37, 98 %, 31 %, 15051 MiB, 143771 MiB
2026/08/13 22:26:22.244, NVIDIA H200, 38, 98 %, 31 %, 15051 MiB, 143771 MiB
2026/08/13 22:26:25.245, NVIDIA H200, 39, 99 %, 25 %, 15051 MiB, 143771 MiB
2026/08/13 22:26:28.245, NVIDIA H200, 37, 98 %, 27 %, 15051 MiB, 143771 MiB
2026/08/13 22:26:31.245, NVIDIA H200, 39, 98 %, 31 %, 15051 MiB, 143771 MiB
2026/08/13 22:26:34.246, NVIDIA H200, 37, 99 %, 25 %, 15051 MiB, 143771 MiB
2026/08/13 22:26:37.246, NVIDIA H200, 38, 99 %, 32 %, 15051 MiB, 143771 MiB
2026/08/13 22:26:40.246, NVIDIA H200, 38, 99 %, 22 %, 15051 MiB, 143771 MiB
2026/08/13 22:26:43.246, NVIDIA H200, 37, 97 %, 29 %, 15051 MiB, 143771 MiB
2026/08/13 22:26:46.247, NVIDIA H200, 36, 78 %, 22 %, 15051 MiB, 143771 MiB
2026/08/13 22:26:49.247, NVIDIA H200, 35, 87 %, 25 %, 15051 MiB, 143771 MiB
2026/08/13 22:26:52.247, NVIDIA H200, 36, 97 %, 26 %, 15051 MiB, 143771 MiB
2026/08/13 22:26:55.248, NVIDIA H200, 39, 98 %, 31 %, 15051 MiB, 143771 MiB
2026/08/13 22:26:58.248, NVIDIA H200, 37, 99 %, 21 %, 15051 MiB, 143771 MiB
2026/08/13 22:27:01.248, NVIDIA H200, 37, 98 %, 31 %, 15051 MiB, 143771 MiB
2026/08/13 22:27:04.249, NVIDIA H200, 38, 99 %, 27 %, 15051 MiB, 143771 MiB
2026/08/13 22:27:07.249, NVIDIA H200, 37, 99 %, 24 %, 15051 MiB, 143771 MiB
2026/08/13 22:27:10.249, NVIDIA H200, 37, 98 %, 31 %, 15051 MiB, 143771 MiB
2026/08/13 22:27:13.250, NVIDIA H200, 39, 100 %, 27 %, 15051 MiB, 143771 MiB
2026/08/13 22:27:16.250, NVIDIA H200, 37, 99 %, 24 %, 15051 MiB, 143771 MiB
2026/08/13 22:27:19.250, NVIDIA H200, 37, 98 %, 31 %, 15051 MiB, 143771 MiB
2026/08/13 22:27:22.251, NVIDIA H200, 38, 98 %, 29 %, 15051 MiB, 143771 MiB
2026/08/13 22:27:25.251, NVIDIA H200, 37, 99 %, 25 %, 15051 MiB, 143771 MiB
2026/08/13 22:27:28.251, NVIDIA H200, 37, 97 %, 30 %, 15051 MiB, 143771 MiB
2026/08/13 22:27:31.252, NVIDIA H200, 39, 100 %, 27 %, 15051 MiB, 143771 MiB
2026/08/13 22:27:34.252, NVIDIA H200, 37, 99 %, 24 %, 15051 MiB, 143771 MiB
2026/08/13 22:27:37.252, NVIDIA H200, 37, 97 %, 29 %, 15051 MiB, 143771 MiB
2026/08/13 22:27:40.253, NVIDIA H200, 38, 98 %, 30 %, 15051 MiB, 143771 MiB
2026/08/13 22:27:43.254, NVIDIA H200, 37, 99 %, 25 %, 15051 MiB, 143771 MiB
2026/08/13 22:27:46.254, NVIDIA H200, 37, 98 %, 31 %, 15051 MiB, 143771 MiB
2026/08/13 22:27:49.255, NVIDIA H200, 39, 98 %, 31 %, 15051 MiB, 143771 MiB
2026/08/13 22:27:52.255, NVIDIA H200, 38, 99 %, 21 %, 15051 MiB, 143771 MiB
2026/08/13 22:27:55.255, NVIDIA H200, 37, 98 %, 29 %, 15051 MiB, 143771 MiB
2026/08/13 22:27:58.256, NVIDIA H200, 38, 99 %, 29 %, 15051 MiB, 143771 MiB
2026/08/13 22:28:01.256, NVIDIA H200, 39, 99 %, 25 %, 15051 MiB, 143771 MiB
2026/08/13 22:28:04.256, NVIDIA H200, 38, 97 %, 31 %, 15051 MiB, 143771 MiB
2026/08/13 22:28:07.257, NVIDIA H200, 37, 100 %, 27 %, 15051 MiB, 143771 MiB
2026/08/13 22:28:10.257, NVIDIA H200, 38, 99 %, 25 %, 15051 MiB, 143771 MiB
2026/08/13 22:28:13.257, NVIDIA H200, 37, 98 %, 31 %, 15051 MiB, 143771 MiB
2026/08/13 22:28:16.258, NVIDIA H200, 37, 100 %, 23 %, 15051 MiB, 143771 MiB
2026/08/13 22:28:19.258, NVIDIA H200, 39, 97 %, 26 %, 15051 MiB, 143771 MiB
2026/08/13 22:28:22.258, NVIDIA H200, 37, 98 %, 34 %, 15051 MiB, 143771 MiB
2026/08/13 22:28:25.259, NVIDIA H200, 37, 99 %, 22 %, 15051 MiB, 143771 MiB
2026/08/13 22:28:28.259, NVIDIA H200, 39, 97 %, 26 %, 15051 MiB, 143771 MiB
2026/08/13 22:28:31.259, NVIDIA H200, 37, 98 %, 32 %, 15051 MiB, 143771 MiB
2026/08/13 22:28:34.260, NVIDIA H200, 38, 99 %, 21 %, 15051 MiB, 143771 MiB
2026/08/13 22:28:37.260, NVIDIA H200, 38, 97 %, 29 %, 15051 MiB, 143771 MiB
2026/08/13 22:28:40.260, NVIDIA H200, 37, 99 %, 31 %, 15051 MiB, 143771 MiB
2026/08/13 22:28:43.261, NVIDIA H200, 38, 99 %, 22 %, 15051 MiB, 143771 MiB
2026/08/13 22:28:46.261, NVIDIA H200, 32, 98 %, 24 %, 15051 MiB, 143771 MiB
2026/08/13 22:28:49.261, NVIDIA H200, 36, 77 %, 26 %, 15051 MiB, 143771 MiB
2026/08/13 22:28:52.262, NVIDIA H200, 32, 98 %, 28 %, 15051 MiB, 143771 MiB
2026/08/13 22:28:55.262, NVIDIA H200, 35, 99 %, 24 %, 15051 MiB, 143771 MiB
2026/08/13 22:28:58.262, NVIDIA H200, 36, 100 %, 23 %, 15051 MiB, 143771 MiB
2026/08/13 22:29:01.263, NVIDIA H200, 39, 98 %, 27 %, 15051 MiB, 143771 MiB
2026/08/13 22:29:04.263, NVIDIA H200, 37, 98 %, 33 %, 15051 MiB, 143771 MiB
2026/08/13 22:29:07.263, NVIDIA H200, 39, 99 %, 21 %, 15051 MiB, 143771 MiB
2026/08/13 22:29:10.264, NVIDIA H200, 37, 98 %, 31 %, 15051 MiB, 143771 MiB
2026/08/13 22:29:13.264, NVIDIA H200, 37, 99 %, 25 %, 15051 MiB, 143771 MiB
2026/08/13 22:29:16.264, NVIDIA H200, 39, 98 %, 27 %, 15051 MiB, 143771 MiB
2026/08/13 22:29:19.265, NVIDIA H200, 37, 98 %, 30 %, 15051 MiB, 143771 MiB
2026/08/13 22:29:22.265, NVIDIA H200, 38, 99 %, 25 %, 15051 MiB, 143771 MiB
2026/08/13 22:29:25.265, NVIDIA H200, 37, 98 %, 34 %, 15051 MiB, 143771 MiB
2026/08/13 22:29:28.266, NVIDIA H200, 38, 99 %, 22 %, 15051 MiB, 143771 MiB
2026/08/13 22:29:31.266, NVIDIA H200, 39, 98 %, 29 %, 15051 MiB, 143771 MiB
2026/08/13 22:29:34.266, NVIDIA H200, 37, 98 %, 29 %, 15051 MiB, 143771 MiB
2026/08/13 22:29:37.267, NVIDIA H200, 38, 99 %, 26 %, 15051 MiB, 143771 MiB
2026/08/13 22:29:40.267, NVIDIA H200, 37, 98 %, 34 %, 15051 MiB, 143771 MiB
2026/08/13 22:29:43.268, NVIDIA H200, 38, 99 %, 21 %, 15051 MiB, 143771 MiB
2026/08/13 22:29:46.268, NVIDIA H200, 38, 98 %, 31 %, 15051 MiB, 143771 MiB
2026/08/13 22:29:49.268, NVIDIA H200, 37, 100 %, 24 %, 15051 MiB, 143771 MiB
2026/08/13 22:29:52.269, NVIDIA H200, 39, 98 %, 26 %, 15051 MiB, 143771 MiB
2026/08/13 22:29:55.269, NVIDIA H200, 37, 98 %, 32 %, 15051 MiB, 143771 MiB
2026/08/13 22:29:58.269, NVIDIA H200, 39, 99 %, 22 %, 15051 MiB, 143771 MiB
2026/08/13 22:30:01.270, NVIDIA H200, 38, 98 %, 31 %, 15051 MiB, 143771 MiB
2026/08/13 22:30:04.270, NVIDIA H200, 37, 100 %, 23 %, 15051 MiB, 143771 MiB
2026/08/13 22:30:07.270, NVIDIA H200, 39, 97 %, 27 %, 15051 MiB, 143771 MiB
2026/08/13 22:30:10.271, NVIDIA H200, 38, 98 %, 31 %, 15051 MiB, 143771 MiB
2026/08/13 22:30:13.283, NVIDIA H200, 39, 99 %, 25 %, 15051 MiB, 143771 MiB
2026/08/13 22:30:16.283, NVIDIA H200, 37, 98 %, 31 %, 15051 MiB, 143771 MiB
2026/08/13 22:30:19.283, NVIDIA H200, 38, 99 %, 22 %, 15051 MiB, 143771 MiB
2026/08/13 22:30:22.284, NVIDIA H200, 38, 98 %, 29 %, 15051 MiB, 143771 MiB
2026/08/13 22:30:25.284, NVIDIA H200, 37, 100 %, 26 %, 15051 MiB, 143771 MiB
2026/08/13 22:30:28.284, NVIDIA H200, 39, 92 %, 24 %, 15051 MiB, 143771 MiB
2026/08/13 22:30:31.285, NVIDIA H200, 37, 98 %, 32 %, 15051 MiB, 143771 MiB
2026/08/13 22:30:34.285, NVIDIA H200, 39, 99 %, 22 %, 15051 MiB, 143771 MiB
2026/08/13 22:30:37.285, NVIDIA H200, 38, 98 %, 31 %, 15051 MiB, 143771 MiB
2026/08/13 22:30:40.286, NVIDIA H200, 37, 100 %, 23 %, 15051 MiB, 143771 MiB
2026/08/13 22:30:43.286, NVIDIA H200, 39, 97 %, 26 %, 15051 MiB, 143771 MiB
2026/08/13 22:30:46.286, NVIDIA H200, 37, 98 %, 34 %, 15051 MiB, 143771 MiB
2026/08/13 22:30:49.287, NVIDIA H200, 38, 99 %, 21 %, 15051 MiB, 143771 MiB
2026/08/13 22:30:52.287, NVIDIA H200, 35, 81 %, 28 %, 15051 MiB, 143771 MiB
2026/08/13 22:30:55.287, NVIDIA H200, 34, 67 %, 20 %, 15051 MiB, 143771 MiB
2026/08/13 22:30:58.288, NVIDIA H200, 37, 99 %, 21 %, 15051 MiB, 143771 MiB
2026/08/13 22:31:01.288, NVIDIA H200, 38, 98 %, 29 %, 15051 MiB, 143771 MiB
2026/08/13 22:31:04.288, NVIDIA H200, 37, 98 %, 33 %, 15051 MiB, 143771 MiB
2026/08/13 22:31:07.289, NVIDIA H200, 38, 99 %, 21 %, 15051 MiB, 143771 MiB
2026/08/13 22:31:10.289, NVIDIA H200, 38, 97 %, 28 %, 15051 MiB, 143771 MiB
2026/08/13 22:31:13.290, NVIDIA H200, 37, 98 %, 31 %, 15051 MiB, 143771 MiB
2026/08/13 22:31:16.290, NVIDIA H200, 38, 99 %, 22 %, 15051 MiB, 143771 MiB
2026/08/13 22:31:19.290, NVIDIA H200, 38, 98 %, 30 %, 15051 MiB, 143771 MiB
2026/08/13 22:31:22.291, NVIDIA H200, 37, 98 %, 31 %, 15051 MiB, 143771 MiB
2026/08/13 22:31:25.291, NVIDIA H200, 39, 99 %, 25 %, 15051 MiB, 143771 MiB
2026/08/13 22:31:28.291, NVIDIA H200, 37, 99 %, 22 %, 15051 MiB, 143771 MiB
2026/08/13 22:31:31.292, NVIDIA H200, 37, 98 %, 31 %, 15051 MiB, 143771 MiB
2026/08/13 22:31:34.292, NVIDIA H200, 39, 100 %, 27 %, 15051 MiB, 143771 MiB
2026/08/13 22:31:37.292, NVIDIA H200, 37, 99 %, 25 %, 15051 MiB, 143771 MiB
2026/08/13 22:31:40.293, NVIDIA H200, 37, 98 %, 32 %, 15051 MiB, 143771 MiB
2026/08/13 22:31:43.295, NVIDIA H200, 38, 100 %, 25 %, 15051 MiB, 143771 MiB
2026/08/13 22:31:46.295, NVIDIA H200, 37, 98 %, 27 %, 15051 MiB, 143771 MiB
2026/08/13 22:31:49.296, NVIDIA H200, 38, 98 %, 33 %, 15051 MiB, 143771 MiB
2026/08/13 22:31:52.296, NVIDIA H200, 38, 99 %, 20 %, 15051 MiB, 143771 MiB
2026/08/13 22:31:55.296, NVIDIA H200, 37, 98 %, 27 %, 15051 MiB, 143771 MiB
2026/08/13 22:31:58.296, NVIDIA H200, 39, 98 %, 31 %, 15051 MiB, 143771 MiB
2026/08/13 22:32:01.297, NVIDIA H200, 38, 99 %, 21 %, 15051 MiB, 143771 MiB
2026/08/13 22:32:04.297, NVIDIA H200, 37, 98 %, 28 %, 15051 MiB, 143771 MiB
2026/08/13 22:32:07.297, NVIDIA H200, 39, 98 %, 30 %, 15051 MiB, 143771 MiB
2026/08/13 22:32:10.298, NVIDIA H200, 37, 99 %, 22 %, 15051 MiB, 143771 MiB
2026/08/13 22:32:13.298, NVIDIA H200, 39, 98 %, 31 %, 15051 MiB, 143771 MiB
2026/08/13 22:32:16.298, NVIDIA H200, 37, 99 %, 28 %, 15051 MiB, 143771 MiB
2026/08/13 22:32:19.299, NVIDIA H200, 38, 99 %, 24 %, 15051 MiB, 143771 MiB
2026/08/13 22:32:22.299, NVIDIA H200, 38, 98 %, 31 %, 15051 MiB, 143771 MiB
2026/08/13 22:32:25.299, NVIDIA H200, 38, 100 %, 24 %, 15051 MiB, 143771 MiB
2026/08/13 22:32:28.300, NVIDIA H200, 38, 99 %, 25 %, 15051 MiB, 143771 MiB
2026/08/13 22:32:31.300, NVIDIA H200, 38, 98 %, 31 %, 15051 MiB, 143771 MiB
2026/08/13 22:32:34.300, NVIDIA H200, 37, 100 %, 25 %, 15051 MiB, 143771 MiB
2026/08/13 22:32:37.301, NVIDIA H200, 38, 99 %, 26 %, 15051 MiB, 143771 MiB
2026/08/13 22:32:40.301, NVIDIA H200, 38, 98 %, 32 %, 15051 MiB, 143771 MiB
2026/08/13 22:32:43.302, NVIDIA H200, 37, 99 %, 22 %, 15051 MiB, 143771 MiB
2026/08/13 22:32:46.302, NVIDIA H200, 39, 97 %, 26 %, 15051 MiB, 143771 MiB
2026/08/13 22:32:49.302, NVIDIA H200, 37, 98 %, 32 %, 15051 MiB, 143771 MiB
2026/08/13 22:32:52.303, NVIDIA H200, 37, 99 %, 21 %, 15051 MiB, 143771 MiB
2026/08/13 22:32:55.303, NVIDIA H200, 35, 66 %, 18 %, 15051 MiB, 143771 MiB
2026/08/13 22:32:58.303, NVIDIA H200, 35, 68 %, 19 %, 15051 MiB, 143771 MiB
2026/08/13 22:33:01.304, NVIDIA H200, 26, 0 %, 0 %, 15051 MiB, 143771 MiB
2026/08/13 22:33:04.304, NVIDIA H200, 25, 0 %, 0 %, 15051 MiB, 143771 MiB
2026/08/13 22:33:07.304, NVIDIA H200, 36, 99 %, 31 %, 15051 MiB, 143771 MiB
2026/08/13 22:33:10.304, NVIDIA H200, 38, 100 %, 24 %, 15051 MiB, 143771 MiB
2026/08/13 22:33:13.305, NVIDIA H200, 37, 98 %, 25 %, 15051 MiB, 143771 MiB
2026/08/13 22:33:16.305, NVIDIA H200, 38, 98 %, 33 %, 15051 MiB, 143771 MiB
2026/08/13 22:33:19.306, NVIDIA H200, 38, 99 %, 23 %, 15051 MiB, 143771 MiB
2026/08/13 22:33:22.306, NVIDIA H200, 37, 98 %, 26 %, 15051 MiB, 143771 MiB
2026/08/13 22:33:25.306, NVIDIA H200, 38, 98 %, 32 %, 15051 MiB, 143771 MiB
2026/08/13 22:33:28.307, NVIDIA H200, 38, 99 %, 21 %, 15051 MiB, 143771 MiB
2026/08/13 22:33:31.307, NVIDIA H200, 37, 97 %, 29 %, 15051 MiB, 143771 MiB
2026/08/13 22:33:34.307, NVIDIA H200, 39, 98 %, 31 %, 15051 MiB, 143771 MiB
2026/08/13 22:33:37.308, NVIDIA H200, 37, 99 %, 21 %, 15051 MiB, 143771 MiB
2026/08/13 22:33:40.308, NVIDIA H200, 37, 97 %, 29 %, 15051 MiB, 143771 MiB
2026/08/13 22:33:43.310, NVIDIA H200, 38, 98 %, 30 %, 15051 MiB, 143771 MiB
2026/08/13 22:33:46.311, NVIDIA H200, 37, 99 %, 25 %, 15051 MiB, 143771 MiB
2026/08/13 22:33:49.311, NVIDIA H200, 37, 97 %, 29 %, 15051 MiB, 143771 MiB
2026/08/13 22:33:52.311, NVIDIA H200, 38, 98 %, 29 %, 15051 MiB, 143771 MiB
2026/08/13 22:33:55.311, NVIDIA H200, 37, 99 %, 25 %, 15051 MiB, 143771 MiB
2026/08/13 22:33:58.312, NVIDIA H200, 38, 98 %, 32 %, 15051 MiB, 143771 MiB
2026/08/13 22:34:01.312, NVIDIA H200, 39, 100 %, 23 %, 15051 MiB, 143771 MiB
2026/08/13 22:34:04.312, NVIDIA H200, 37, 98 %, 27 %, 15051 MiB, 143771 MiB
2026/08/13 22:34:07.313, NVIDIA H200, 38, 98 %, 32 %, 15051 MiB, 143771 MiB
2026/08/13 22:34:10.313, NVIDIA H200, 38, 99 %, 23 %, 15051 MiB, 143771 MiB
2026/08/13 22:34:13.315, NVIDIA H200, 37, 98 %, 27 %, 15051 MiB, 143771 MiB
2026/08/13 22:34:16.315, NVIDIA H200, 38, 98 %, 34 %, 15051 MiB, 143771 MiB
2026/08/13 22:34:19.315, NVIDIA H200, 38, 99 %, 23 %, 15051 MiB, 143771 MiB
2026/08/13 22:34:22.316, NVIDIA H200, 37, 98 %, 26 %, 15051 MiB, 143771 MiB
2026/08/13 22:34:25.316, NVIDIA H200, 39, 98 %, 31 %, 15051 MiB, 143771 MiB
2026/08/13 22:34:28.316, NVIDIA H200, 37, 99 %, 22 %, 15051 MiB, 143771 MiB
2026/08/13 22:34:31.316, NVIDIA H200, 37, 97 %, 30 %, 15051 MiB, 143771 MiB
2026/08/13 22:34:34.317, NVIDIA H200, 39, 97 %, 30 %, 15051 MiB, 143771 MiB
2026/08/13 22:34:37.317, NVIDIA H200, 37, 99 %, 22 %, 15051 MiB, 143771 MiB
2026/08/13 22:34:40.317, NVIDIA H200, 37, 98 %, 29 %, 15051 MiB, 143771 MiB
2026/08/13 22:34:43.319, NVIDIA H200, 37, 98 %, 30 %, 15051 MiB, 143771 MiB
2026/08/13 22:34:46.320, NVIDIA H200, 37, 99 %, 25 %, 15051 MiB, 143771 MiB
2026/08/13 22:34:49.320, NVIDIA H200, 37, 98 %, 31 %, 15051 MiB, 143771 MiB
2026/08/13 22:34:52.320, NVIDIA H200, 39, 100 %, 23 %, 15051 MiB, 143771 MiB
2026/08/13 22:34:55.321, NVIDIA H200, 37, 98 %, 25 %, 15051 MiB, 143771 MiB
2026/08/13 22:34:58.321, NVIDIA H200, 38, 99 %, 34 %, 15051 MiB, 143771 MiB
2026/08/13 22:35:01.321, NVIDIA H200, 29, 0 %, 0 %, 15051 MiB, 143771 MiB
2026/08/13 22:35:04.322, NVIDIA H200, 34, 74 %, 18 %, 15051 MiB, 143771 MiB
2026/08/13 22:35:07.322, NVIDIA H200, 29, 0 %, 0 %, 15051 MiB, 143771 MiB
2026/08/13 22:35:10.322, NVIDIA H200, 38, 100 %, 23 %, 15051 MiB, 143771 MiB
2026/08/13 22:35:13.323, NVIDIA H200, 37, 99 %, 26 %, 15051 MiB, 143771 MiB
2026/08/13 22:35:16.323, NVIDIA H200, 37, 98 %, 32 %, 15051 MiB, 143771 MiB
2026/08/13 22:35:19.323, NVIDIA H200, 38, 99 %, 24 %, 15051 MiB, 143771 MiB
2026/08/13 22:35:22.324, NVIDIA H200, 37, 98 %, 27 %, 15051 MiB, 143771 MiB
2026/08/13 22:35:25.324, NVIDIA H200, 38, 98 %, 32 %, 15051 MiB, 143771 MiB
2026/08/13 22:35:28.324, NVIDIA H200, 38, 99 %, 20 %, 15051 MiB, 143771 MiB
2026/08/13 22:35:31.325, NVIDIA H200, 37, 97 %, 29 %, 15051 MiB, 143771 MiB
2026/08/13 22:35:34.325, NVIDIA H200, 38, 98 %, 31 %, 15051 MiB, 143771 MiB
2026/08/13 22:35:37.325, NVIDIA H200, 37, 99 %, 24 %, 15051 MiB, 143771 MiB
2026/08/13 22:35:40.326, NVIDIA H200, 36, 97 %, 31 %, 15051 MiB, 143771 MiB
2026/08/13 22:35:43.326, NVIDIA H200, 39, 100 %, 26 %, 15051 MiB, 143771 MiB
2026/08/13 22:35:46.326, NVIDIA H200, 37, 99 %, 25 %, 15051 MiB, 143771 MiB
2026/08/13 22:35:49.327, NVIDIA H200, 37, 98 %, 31 %, 15051 MiB, 143771 MiB
2026/08/13 22:35:52.327, NVIDIA H200, 38, 100 %, 24 %, 15051 MiB, 143771 MiB
2026/08/13 22:35:55.327, NVIDIA H200, 37, 98 %, 27 %, 15051 MiB, 143771 MiB
2026/08/13 22:35:58.328, NVIDIA H200, 38, 99 %, 33 %, 15051 MiB, 143771 MiB
2026/08/13 22:36:01.328, NVIDIA H200, 38, 99 %, 21 %, 15051 MiB, 143771 MiB
2026/08/13 22:36:04.328, NVIDIA H200, 37, 98 %, 29 %, 15051 MiB, 143771 MiB
2026/08/13 22:36:07.328, NVIDIA H200, 38, 98 %, 30 %, 15051 MiB, 143771 MiB
2026/08/13 22:36:10.329, NVIDIA H200, 37, 99 %, 25 %, 15051 MiB, 143771 MiB
2026/08/13 22:36:13.329, NVIDIA H200, 37, 99 %, 31 %, 15051 MiB, 143771 MiB
2026/08/13 22:36:16.329, NVIDIA H200, 38, 100 %, 23 %, 15051 MiB, 143771 MiB
2026/08/13 22:36:19.330, NVIDIA H200, 37, 98 %, 26 %, 15051 MiB, 143771 MiB
2026/08/13 22:36:22.330, NVIDIA H200, 38, 98 %, 33 %, 15051 MiB, 143771 MiB
2026/08/13 22:36:25.330, NVIDIA H200, 38, 99 %, 22 %, 15051 MiB, 143771 MiB
2026/08/13 22:36:28.331, NVIDIA H200, 37, 99 %, 24 %, 15051 MiB, 143771 MiB
2026/08/13 22:36:31.331, NVIDIA H200, 39, 98 %, 27 %, 15051 MiB, 143771 MiB
2026/08/13 22:36:34.331, NVIDIA H200, 37, 98 %, 33 %, 15051 MiB, 143771 MiB
2026/08/13 22:36:37.331, NVIDIA H200, 37, 99 %, 20 %, 15051 MiB, 143771 MiB
2026/08/13 22:36:40.332, NVIDIA H200, 39, 97 %, 29 %, 15051 MiB, 143771 MiB
2026/08/13 22:36:43.335, NVIDIA H200, 37, 99 %, 30 %, 15051 MiB, 143771 MiB
2026/08/13 22:36:46.335, NVIDIA H200, 37, 99 %, 25 %, 15051 MiB, 143771 MiB
2026/08/13 22:36:49.336, NVIDIA H200, 38, 98 %, 31 %, 15051 MiB, 143771 MiB
2026/08/13 22:36:52.336, NVIDIA H200, 37, 99 %, 28 %, 15051 MiB, 143771 MiB
2026/08/13 22:36:55.336, NVIDIA H200, 38, 99 %, 24 %, 15051 MiB, 143771 MiB
2026/08/13 22:36:58.337, NVIDIA H200, 38, 98 %, 31 %, 15051 MiB, 143771 MiB
2026/08/13 22:37:01.337, NVIDIA H200, 37, 100 %, 24 %, 15051 MiB, 143771 MiB
2026/08/13 22:37:04.337, NVIDIA H200, 28, 0 %, 0 %, 15051 MiB, 143771 MiB
2026/08/13 22:37:07.337, NVIDIA H200, 36, 82 %, 21 %, 15051 MiB, 143771 MiB
2026/08/13 22:37:10.338, NVIDIA H200, 27, 5 %, 0 %, 15051 MiB, 143771 MiB
2026/08/13 22:37:13.338, NVIDIA H200, 35, 99 %, 24 %, 15051 MiB, 143771 MiB
2026/08/13 22:37:16.338, NVIDIA H200, 38, 98 %, 31 %, 15051 MiB, 143771 MiB
2026/08/13 22:37:19.339, NVIDIA H200, 37, 99 %, 27 %, 15051 MiB, 143771 MiB
2026/08/13 22:37:22.339, NVIDIA H200, 37, 99 %, 25 %, 15051 MiB, 143771 MiB
2026/08/13 22:37:25.339, NVIDIA H200, 38, 98 %, 31 %, 15051 MiB, 143771 MiB
2026/08/13 22:37:28.340, NVIDIA H200, 37, 100 %, 23 %, 15051 MiB, 143771 MiB
2026/08/13 22:37:31.340, NVIDIA H200, 39, 97 %, 27 %, 15051 MiB, 143771 MiB
2026/08/13 22:37:34.340, NVIDIA H200, 37, 98 %, 33 %, 15051 MiB, 143771 MiB
2026/08/13 22:37:37.341, NVIDIA H200, 36, 99 %, 21 %, 15051 MiB, 143771 MiB
2026/08/13 22:37:40.341, NVIDIA H200, 37, 97 %, 27 %, 15051 MiB, 143771 MiB
2026/08/13 22:37:43.341, NVIDIA H200, 37, 98 %, 31 %, 15051 MiB, 143771 MiB
2026/08/13 22:37:46.341, NVIDIA H200, 37, 99 %, 22 %, 15051 MiB, 143771 MiB
2026/08/13 22:37:49.342, NVIDIA H200, 39, 97 %, 31 %, 15051 MiB, 143771 MiB
2026/08/13 22:37:52.342, NVIDIA H200, 37, 99 %, 27 %, 15051 MiB, 143771 MiB
2026/08/13 22:37:55.342, NVIDIA H200, 37, 99 %, 24 %, 15051 MiB, 143771 MiB
2026/08/13 22:37:58.343, NVIDIA H200, 38, 98 %, 31 %, 15051 MiB, 143771 MiB
2026/08/13 22:38:01.343, NVIDIA H200, 37, 100 %, 24 %, 15051 MiB, 143771 MiB
2026/08/13 22:38:04.343, NVIDIA H200, 38, 98 %, 26 %, 15051 MiB, 143771 MiB
2026/08/13 22:38:07.344, NVIDIA H200, 38, 98 %, 34 %, 15051 MiB, 143771 MiB
2026/08/13 22:38:10.344, NVIDIA H200, 37, 99 %, 22 %, 15051 MiB, 143771 MiB
2026/08/13 22:38:13.344, NVIDIA H200, 37, 98 %, 26 %, 15051 MiB, 143771 MiB
2026/08/13 22:38:16.345, NVIDIA H200, 38, 99 %, 32 %, 15051 MiB, 143771 MiB
2026/08/13 22:38:19.345, NVIDIA H200, 37, 99 %, 22 %, 15051 MiB, 143771 MiB
2026/08/13 22:38:22.345, NVIDIA H200, 36, 98 %, 30 %, 15051 MiB, 143771 MiB
2026/08/13 22:38:25.345, NVIDIA H200, 38, 99 %, 27 %, 15051 MiB, 143771 MiB
2026/08/13 22:38:28.346, NVIDIA H200, 37, 99 %, 25 %, 15051 MiB, 143771 MiB
2026/08/13 22:38:31.346, NVIDIA H200, 37, 99 %, 31 %, 15051 MiB, 143771 MiB
2026/08/13 22:38:34.346, NVIDIA H200, 38, 100 %, 23 %, 15051 MiB, 143771 MiB
2026/08/13 22:38:37.347, NVIDIA H200, 37, 98 %, 26 %, 15051 MiB, 143771 MiB
2026/08/13 22:38:40.347, NVIDIA H200, 38, 98 %, 34 %, 15051 MiB, 143771 MiB
2026/08/13 22:38:43.347, NVIDIA H200, 38, 99 %, 22 %, 15051 MiB, 143771 MiB
2026/08/13 22:38:46.348, NVIDIA H200, 36, 98 %, 29 %, 15051 MiB, 143771 MiB
2026/08/13 22:38:49.348, NVIDIA H200, 38, 98 %, 31 %, 15051 MiB, 143771 MiB
2026/08/13 22:38:52.348, NVIDIA H200, 37, 99 %, 22 %, 15051 MiB, 143771 MiB
2026/08/13 22:38:55.349, NVIDIA H200, 36, 98 %, 31 %, 15051 MiB, 143771 MiB
2026/08/13 22:38:58.349, NVIDIA H200, 37, 98 %, 29 %, 15051 MiB, 143771 MiB
2026/08/13 22:39:01.349, NVIDIA H200, 36, 99 %, 25 %, 15051 MiB, 143771 MiB
2026/08/13 22:39:04.350, NVIDIA H200, 37, 98 %, 31 %, 15051 MiB, 143771 MiB
2026/08/13 22:39:07.350, NVIDIA H200, 37, 100 %, 23 %, 15051 MiB, 143771 MiB
2026/08/13 22:39:10.350, NVIDIA H200, 35, 75 %, 19 %, 15051 MiB, 143771 MiB
2026/08/13 22:39:13.351, NVIDIA H200, 36, 87 %, 30 %, 15051 MiB, 143771 MiB
2026/08/13 22:39:16.351, NVIDIA H200, 30, 78 %, 27 %, 15051 MiB, 143771 MiB
2026/08/13 22:39:19.351, NVIDIA H200, 38, 99 %, 32 %, 15051 MiB, 143771 MiB
2026/08/13 22:39:22.352, NVIDIA H200, 37, 99 %, 22 %, 15051 MiB, 143771 MiB
2026/08/13 22:39:25.352, NVIDIA H200, 36, 97 %, 30 %, 15051 MiB, 143771 MiB
2026/08/13 22:39:28.352, NVIDIA H200, 37, 99 %, 28 %, 15051 MiB, 143771 MiB
2026/08/13 22:39:31.353, NVIDIA H200, 37, 99 %, 25 %, 15051 MiB, 143771 MiB
2026/08/13 22:39:34.353, NVIDIA H200, 37, 98 %, 31 %, 15051 MiB, 143771 MiB
2026/08/13 22:39:37.353, NVIDIA H200, 38, 100 %, 23 %, 15051 MiB, 143771 MiB
2026/08/13 22:39:40.353, NVIDIA H200, 37, 98 %, 26 %, 15051 MiB, 143771 MiB
2026/08/13 22:39:43.355, NVIDIA H200, 38, 98 %, 33 %, 15051 MiB, 143771 MiB
2026/08/13 22:39:46.355, NVIDIA H200, 38, 99 %, 20 %, 15051 MiB, 143771 MiB
2026/08/13 22:39:49.356, NVIDIA H200, 37, 98 %, 29 %, 15051 MiB, 143771 MiB
2026/08/13 22:39:52.356, NVIDIA H200, 38, 99 %, 28 %, 15051 MiB, 143771 MiB
2026/08/13 22:39:55.356, NVIDIA H200, 37, 99 %, 25 %, 15051 MiB, 143771 MiB
2026/08/13 22:39:58.357, NVIDIA H200, 37, 98 %, 31 %, 15051 MiB, 143771 MiB
2026/08/13 22:40:01.357, NVIDIA H200, 39, 100 %, 24 %, 15051 MiB, 143771 MiB
2026/08/13 22:40:04.357, NVIDIA H200, 37, 99 %, 26 %, 15051 MiB, 143771 MiB
2026/08/13 22:40:07.358, NVIDIA H200, 38, 98 %, 34 %, 15051 MiB, 143771 MiB
2026/08/13 22:40:10.358, NVIDIA H200, 38, 99 %, 22 %, 15051 MiB, 143771 MiB
2026/08/13 22:40:13.359, NVIDIA H200, 37, 98 %, 25 %, 15051 MiB, 143771 MiB
2026/08/13 22:40:16.359, NVIDIA H200, 38, 98 %, 34 %, 15051 MiB, 143771 MiB
2026/08/13 22:40:19.359, NVIDIA H200, 38, 99 %, 22 %, 15051 MiB, 143771 MiB
2026/08/13 22:40:22.360, NVIDIA H200, 36, 97 %, 27 %, 15051 MiB, 143771 MiB
2026/08/13 22:40:25.360, NVIDIA H200, 38, 98 %, 31 %, 15051 MiB, 143771 MiB
2026/08/13 22:40:28.360, NVIDIA H200, 37, 99 %, 22 %, 15051 MiB, 143771 MiB
2026/08/13 22:40:31.360, NVIDIA H200, 37, 97 %, 29 %, 15051 MiB, 143771 MiB
2026/08/13 22:40:34.361, NVIDIA H200, 37, 98 %, 29 %, 15051 MiB, 143771 MiB
2026/08/13 22:40:37.361, NVIDIA H200, 37, 99 %, 22 %, 15051 MiB, 143771 MiB
2026/08/13 22:40:40.361, NVIDIA H200, 38, 97 %, 26 %, 15051 MiB, 143771 MiB
2026/08/13 22:40:43.362, NVIDIA H200, 37, 98 %, 31 %, 15051 MiB, 143771 MiB
2026/08/13 22:40:46.362, NVIDIA H200, 38, 99 %, 22 %, 15051 MiB, 143771 MiB
2026/08/13 22:40:49.362, NVIDIA H200, 38, 97 %, 29 %, 15051 MiB, 143771 MiB
2026/08/13 22:40:52.363, NVIDIA H200, 36, 98 %, 29 %, 15051 MiB, 143771 MiB
2026/08/13 22:40:55.363, NVIDIA H200, 38, 99 %, 25 %, 15051 MiB, 143771 MiB
2026/08/13 22:40:58.363, NVIDIA H200, 36, 98 %, 31 %, 15051 MiB, 143771 MiB
2026/08/13 22:41:01.364, NVIDIA H200, 37, 100 %, 24 %, 15051 MiB, 143771 MiB
2026/08/13 22:41:04.364, NVIDIA H200, 38, 98 %, 27 %, 15051 MiB, 143771 MiB
2026/08/13 22:41:07.364, NVIDIA H200, 37, 98 %, 33 %, 15051 MiB, 143771 MiB
2026/08/13 22:41:10.365, NVIDIA H200, 37, 100 %, 20 %, 15051 MiB, 143771 MiB
2026/08/13 22:41:13.365, NVIDIA H200, 35, 80 %, 25 %, 15051 MiB, 143771 MiB
2026/08/13 22:41:16.365, NVIDIA H200, 35, 74 %, 19 %, 15051 MiB, 143771 MiB
2026/08/13 22:41:19.366, NVIDIA H200, 35, 95 %, 28 %, 15051 MiB, 143771 MiB
2026/08/13 22:41:22.366, NVIDIA H200, 38, 99 %, 24 %, 15051 MiB, 143771 MiB
2026/08/13 22:41:25.366, NVIDIA H200, 37, 97 %, 31 %, 15051 MiB, 143771 MiB
2026/08/13 22:41:28.367, NVIDIA H200, 37, 100 %, 26 %, 15051 MiB, 143771 MiB
2026/08/13 22:41:31.367, NVIDIA H200, 37, 99 %, 25 %, 15051 MiB, 143771 MiB
2026/08/13 22:41:34.367, NVIDIA H200, 37, 98 %, 32 %, 15051 MiB, 143771 MiB
2026/08/13 22:41:37.368, NVIDIA H200, 37, 98 %, 31 %, 15051 MiB, 143771 MiB
2026/08/13 22:41:40.368, NVIDIA H200, 38, 100 %, 23 %, 15051 MiB, 143771 MiB
2026/08/13 22:41:43.369, NVIDIA H200, 37, 98 %, 26 %, 15051 MiB, 143771 MiB
2026/08/13 22:41:46.369, NVIDIA H200, 37, 98 %, 34 %, 15051 MiB, 143771 MiB
2026/08/13 22:41:49.369, NVIDIA H200, 38, 99 %, 23 %, 15051 MiB, 143771 MiB
2026/08/13 22:41:52.370, NVIDIA H200, 37, 98 %, 26 %, 15051 MiB, 143771 MiB
2026/08/13 22:41:55.370, NVIDIA H200, 38, 98 %, 32 %, 15051 MiB, 143771 MiB
2026/08/13 22:41:58.370, NVIDIA H200, 37, 99 %, 22 %, 15051 MiB, 143771 MiB
2026/08/13 22:42:01.370, NVIDIA H200, 36, 97 %, 30 %, 15051 MiB, 143771 MiB
2026/08/13 22:42:04.371, NVIDIA H200, 38, 99 %, 28 %, 15051 MiB, 143771 MiB
2026/08/13 22:42:07.371, NVIDIA H200, 36, 99 %, 25 %, 15051 MiB, 143771 MiB
2026/08/13 22:42:10.371, NVIDIA H200, 37, 98 %, 32 %, 15051 MiB, 143771 MiB
2026/08/13 22:42:13.385, NVIDIA H200, 38, 99 %, 23 %, 15051 MiB, 143771 MiB
2026/08/13 22:42:16.385, NVIDIA H200, 37, 98 %, 26 %, 15051 MiB, 143771 MiB
2026/08/13 22:42:19.386, NVIDIA H200, 38, 99 %, 32 %, 15051 MiB, 143771 MiB
2026/08/13 22:42:22.386, NVIDIA H200, 37, 99 %, 22 %, 15051 MiB, 143771 MiB
2026/08/13 22:42:25.386, NVIDIA H200, 36, 97 %, 30 %, 15051 MiB, 143771 MiB
2026/08/13 22:42:28.387, NVIDIA H200, 37, 99 %, 29 %, 15051 MiB, 143771 MiB
2026/08/13 22:42:31.387, NVIDIA H200, 36, 99 %, 25 %, 15051 MiB, 143771 MiB
2026/08/13 22:42:34.387, NVIDIA H200, 37, 98 %, 30 %, 15051 MiB, 143771 MiB
2026/08/13 22:42:37.388, NVIDIA H200, 39, 100 %, 24 %, 15051 MiB, 143771 MiB
2026/08/13 22:42:40.388, NVIDIA H200, 36, 99 %, 26 %, 15051 MiB, 143771 MiB
2026/08/13 22:42:43.388, NVIDIA H200, 37, 98 %, 32 %, 15051 MiB, 143771 MiB
2026/08/13 22:42:46.388, NVIDIA H200, 38, 99 %, 23 %, 15051 MiB, 143771 MiB
2026/08/13 22:42:49.389, NVIDIA H200, 37, 98 %, 27 %, 15051 MiB, 143771 MiB
2026/08/13 22:42:52.389, NVIDIA H200, 38, 98 %, 33 %, 15051 MiB, 143771 MiB
2026/08/13 22:42:55.389, NVIDIA H200, 37, 99 %, 21 %, 15051 MiB, 143771 MiB
2026/08/13 22:42:58.390, NVIDIA H200, 37, 97 %, 29 %, 15051 MiB, 143771 MiB
2026/08/13 22:43:01.390, NVIDIA H200, 37, 99 %, 30 %, 15051 MiB, 143771 MiB
2026/08/13 22:43:04.390, NVIDIA H200, 36, 99 %, 25 %, 15051 MiB, 143771 MiB
2026/08/13 22:43:07.391, NVIDIA H200, 37, 98 %, 31 %, 15051 MiB, 143771 MiB
2026/08/13 22:43:10.391, NVIDIA H200, 39, 100 %, 24 %, 15051 MiB, 143771 MiB
2026/08/13 22:43:13.391, NVIDIA H200, 37, 99 %, 26 %, 15051 MiB, 143771 MiB
2026/08/13 22:43:16.392, NVIDIA H200, 35, 83 %, 29 %, 15051 MiB, 143771 MiB
2026/08/13 22:43:19.392, NVIDIA H200, 35, 80 %, 25 %, 15051 MiB, 143771 MiB
2026/08/13 22:43:22.392, NVIDIA H200, 25, 0 %, 0 %, 15051 MiB, 143771 MiB
2026/08/13 22:43:25.393, NVIDIA H200, 24, 0 %, 0 %, 15051 MiB, 143771 MiB
2026/08/13 22:43:28.393, NVIDIA H200, 36, 98 %, 30 %, 15051 MiB, 143771 MiB
2026/08/13 22:43:31.393, NVIDIA H200, 36, 100 %, 23 %, 15051 MiB, 143771 MiB
2026/08/13 22:43:34.394, NVIDIA H200, 37, 99 %, 25 %, 15051 MiB, 143771 MiB
2026/08/13 22:43:37.394, NVIDIA H200, 36, 98 %, 32 %, 15051 MiB, 143771 MiB
2026/08/13 22:43:40.394, NVIDIA H200, 36, 100 %, 24 %, 15051 MiB, 143771 MiB
2026/08/13 22:43:43.396, NVIDIA H200, 39, 97 %, 27 %, 15051 MiB, 143771 MiB
2026/08/13 22:43:46.396, NVIDIA H200, 36, 98 %, 34 %, 15051 MiB, 143771 MiB
2026/08/13 22:43:49.396, NVIDIA H200, 37, 99 %, 22 %, 15051 MiB, 143771 MiB
2026/08/13 22:43:52.397, NVIDIA H200, 38, 97 %, 26 %, 15051 MiB, 143771 MiB
2026/08/13 22:43:55.397, NVIDIA H200, 37, 98 %, 32 %, 15051 MiB, 143771 MiB
2026/08/13 22:43:58.397, NVIDIA H200, 38, 99 %, 22 %, 15051 MiB, 143771 MiB
2026/08/13 22:44:01.397, NVIDIA H200, 38, 98 %, 29 %, 15051 MiB, 143771 MiB
2026/08/13 22:44:04.398, NVIDIA H200, 37, 98 %, 31 %, 15051 MiB, 143771 MiB
2026/08/13 22:44:07.398, NVIDIA H200, 38, 99 %, 22 %, 15051 MiB, 143771 MiB
2026/08/13 22:44:10.398, NVIDIA H200, 38, 98 %, 29 %, 15051 MiB, 143771 MiB
2026/08/13 22:44:13.399, NVIDIA H200, 36, 98 %, 31 %, 15051 MiB, 143771 MiB
2026/08/13 22:44:16.399, NVIDIA H200, 38, 99 %, 24 %, 15051 MiB, 143771 MiB
2026/08/13 22:44:19.399, NVIDIA H200, 37, 98 %, 31 %, 15051 MiB, 143771 MiB
2026/08/13 22:44:22.400, NVIDIA H200, 37, 99 %, 27 %, 15051 MiB, 143771 MiB
2026/08/13 22:44:25.400, NVIDIA H200, 37, 99 %, 25 %, 15051 MiB, 143771 MiB
2026/08/13 22:44:28.400, NVIDIA H200, 38, 97 %, 31 %, 15051 MiB, 143771 MiB
2026/08/13 22:44:31.401, NVIDIA H200, 36, 99 %, 29 %, 15051 MiB, 143771 MiB
2026/08/13 22:44:34.401, NVIDIA H200, 38, 99 %, 25 %, 15051 MiB, 143771 MiB
2026/08/13 22:44:37.401, NVIDIA H200, 37, 97 %, 31 %, 15051 MiB, 143771 MiB
2026/08/13 22:44:40.402, NVIDIA H200, 36, 100 %, 24 %, 15051 MiB, 143771 MiB
2026/08/13 22:44:43.402, NVIDIA H200, 38, 99 %, 25 %, 15051 MiB, 143771 MiB
2026/08/13 22:44:46.402, NVIDIA H200, 36, 98 %, 31 %, 15051 MiB, 143771 MiB
2026/08/13 22:44:49.403, NVIDIA H200, 36, 100 %, 23 %, 15051 MiB, 143771 MiB
2026/08/13 22:44:52.403, NVIDIA H200, 38, 99 %, 25 %, 15051 MiB, 143771 MiB
2026/08/13 22:44:55.403, NVIDIA H200, 37, 98 %, 31 %, 15051 MiB, 143771 MiB
2026/08/13 22:44:58.404, NVIDIA H200, 36, 100 %, 24 %, 15051 MiB, 143771 MiB
2026/08/13 22:45:01.404, NVIDIA H200, 38, 98 %, 25 %, 15051 MiB, 143771 MiB
2026/08/13 22:45:04.404, NVIDIA H200, 37, 98 %, 34 %, 15051 MiB, 143771 MiB
2026/08/13 22:45:07.405, NVIDIA H200, 37, 99 %, 23 %, 15051 MiB, 143771 MiB
2026/08/13 22:45:10.405, NVIDIA H200, 38, 97 %, 27 %, 15051 MiB, 143771 MiB
2026/08/13 22:45:13.406, NVIDIA H200, 36, 98 %, 33 %, 15051 MiB, 143771 MiB
2026/08/13 22:45:16.406, NVIDIA H200, 37, 99 %, 21 %, 15051 MiB, 143771 MiB
2026/08/13 22:45:19.406, NVIDIA H200, 38, 98 %, 26 %, 15051 MiB, 143771 MiB
2026/08/13 22:45:22.407, NVIDIA H200, 27, 0 %, 0 %, 15051 MiB, 143771 MiB
2026/08/13 22:45:25.407, NVIDIA H200, 25, 0 %, 0 %, 15051 MiB, 143771 MiB
2026/08/13 22:45:28.407, NVIDIA H200, 27, 0 %, 0 %, 15051 MiB, 143771 MiB
2026/08/13 22:45:31.407, NVIDIA H200, 25, 0 %, 0 %, 15051 MiB, 143771 MiB
2026/08/13 22:45:34.408, NVIDIA H200, 33, 6 %, 2 %, 15051 MiB, 143771 MiB
2026/08/13 22:45:37.408, NVIDIA H200, 27, 6 %, 0 %, 15051 MiB, 143771 MiB
2026/08/13 22:45:40.408, NVIDIA H200, 24, 0 %, 0 %, 15051 MiB, 143771 MiB
2026/08/13 22:45:43.409, NVIDIA H200, 37, 99 %, 22 %, 15051 MiB, 143771 MiB
2026/08/13 22:45:46.409, NVIDIA H200, 37, 98 %, 31 %, 15051 MiB, 143771 MiB
2026/08/13 22:45:49.409, NVIDIA H200, 36, 99 %, 27 %, 15051 MiB, 143771 MiB
2026/08/13 22:45:52.410, NVIDIA H200, 36, 100 %, 25 %, 15051 MiB, 143771 MiB
2026/08/13 22:45:55.410, NVIDIA H200, 37, 99 %, 26 %, 15051 MiB, 143771 MiB
2026/08/13 22:45:58.410, NVIDIA H200, 36, 98 %, 33 %, 15051 MiB, 143771 MiB
2026/08/13 22:46:01.410, NVIDIA H200, 36, 99 %, 24 %, 15051 MiB, 143771 MiB
2026/08/13 22:46:04.411, NVIDIA H200, 38, 97 %, 26 %, 15051 MiB, 143771 MiB
2026/08/13 22:46:07.411, NVIDIA H200, 36, 98 %, 32 %, 15051 MiB, 143771 MiB
2026/08/13 22:46:10.411, NVIDIA H200, 38, 99 %, 21 %, 15051 MiB, 143771 MiB
2026/08/13 22:46:13.412, NVIDIA H200, 37, 98 %, 30 %, 15051 MiB, 143771 MiB
2026/08/13 22:46:16.412, NVIDIA H200, 36, 100 %, 26 %, 15051 MiB, 143771 MiB
2026/08/13 22:46:19.412, NVIDIA H200, 37, 99 %, 25 %, 15051 MiB, 143771 MiB
2026/08/13 22:46:22.412, NVIDIA H200, 36, 98 %, 32 %, 15051 MiB, 143771 MiB
2026/08/13 22:46:25.413, NVIDIA H200, 37, 99 %, 23 %, 15051 MiB, 143771 MiB
2026/08/13 22:46:28.413, NVIDIA H200, 38, 97 %, 26 %, 15051 MiB, 143771 MiB
2026/08/13 22:46:31.413, NVIDIA H200, 37, 98 %, 31 %, 15051 MiB, 143771 MiB
2026/08/13 22:46:34.414, NVIDIA H200, 37, 99 %, 21 %, 15051 MiB, 143771 MiB
2026/08/13 22:46:37.414, NVIDIA H200, 38, 97 %, 29 %, 15051 MiB, 143771 MiB
2026/08/13 22:46:40.414, NVIDIA H200, 36, 98 %, 30 %, 15051 MiB, 143771 MiB
2026/08/13 22:46:43.416, NVIDIA H200, 38, 99 %, 25 %, 15051 MiB, 143771 MiB
2026/08/13 22:46:46.416, NVIDIA H200, 37, 98 %, 31 %, 15051 MiB, 143771 MiB
2026/08/13 22:46:49.417, NVIDIA H200, 36, 100 %, 24 %, 15051 MiB, 143771 MiB
2026/08/13 22:46:52.417, NVIDIA H200, 38, 99 %, 27 %, 15051 MiB, 143771 MiB
2026/08/13 22:46:55.417, NVIDIA H200, 37, 99 %, 24 %, 15051 MiB, 143771 MiB
2026/08/13 22:46:58.418, NVIDIA H200, 37, 99 %, 31 %, 15051 MiB, 143771 MiB
2026/08/13 22:47:01.418, NVIDIA H200, 38, 100 %, 24 %, 15051 MiB, 143771 MiB
2026/08/13 22:47:04.418, NVIDIA H200, 37, 98 %, 27 %, 15051 MiB, 143771 MiB
2026/08/13 22:47:07.421, NVIDIA H200, 38, 98 %, 33 %, 15051 MiB, 143771 MiB
2026/08/13 22:47:10.421, NVIDIA H200, 38, 99 %, 22 %, 15051 MiB, 143771 MiB
2026/08/13 22:47:13.422, NVIDIA H200, 37, 98 %, 29 %, 15051 MiB, 143771 MiB
2026/08/13 22:47:16.422, NVIDIA H200, 38, 98 %, 31 %, 15051 MiB, 143771 MiB
2026/08/13 22:47:19.422, NVIDIA H200, 36, 99 %, 25 %, 15051 MiB, 143771 MiB
2026/08/13 22:47:22.423, NVIDIA H200, 37, 98 %, 31 %, 15051 MiB, 143771 MiB
2026/08/13 22:47:25.423, NVIDIA H200, 38, 100 %, 23 %, 15051 MiB, 143771 MiB
2026/08/13 22:47:28.423, NVIDIA H200, 36, 99 %, 26 %, 15051 MiB, 143771 MiB
2026/08/13 22:47:31.424, NVIDIA H200, 37, 98 %, 34 %, 15051 MiB, 143771 MiB
2026/08/13 22:47:34.424, NVIDIA H200, 38, 99 %, 22 %, 15051 MiB, 143771 MiB
2026/08/13 22:47:37.424, NVIDIA H200, 31, 80 %, 25 %, 15051 MiB, 143771 MiB
2026/08/13 22:47:40.425, NVIDIA H200, 34, 54 %, 17 %, 15051 MiB, 143771 MiB
2026/08/13 22:47:43.425, NVIDIA H200, 26, 0 %, 0 %, 15051 MiB, 143771 MiB
2026/08/13 22:47:46.425, NVIDIA H200, 37, 98 %, 33 %, 15051 MiB, 143771 MiB
2026/08/13 22:47:49.426, NVIDIA H200, 37, 99 %, 20 %, 15051 MiB, 143771 MiB
2026/08/13 22:47:52.426, NVIDIA H200, 36, 97 %, 28 %, 15051 MiB, 143771 MiB
2026/08/13 22:47:55.426, NVIDIA H200, 38, 98 %, 30 %, 15051 MiB, 143771 MiB
2026/08/13 22:47:58.427, NVIDIA H200, 36, 99 %, 21 %, 15051 MiB, 143771 MiB
2026/08/13 22:48:01.427, NVIDIA H200, 36, 98 %, 30 %, 15051 MiB, 143771 MiB
2026/08/13 22:48:04.427, NVIDIA H200, 37, 99 %, 29 %, 15051 MiB, 143771 MiB
2026/08/13 22:48:07.428, NVIDIA H200, 36, 99 %, 25 %, 15051 MiB, 143771 MiB
2026/08/13 22:48:10.428, NVIDIA H200, 36, 97 %, 31 %, 15051 MiB, 143771 MiB
2026/08/13 22:48:13.428, NVIDIA H200, 37, 98 %, 27 %, 15051 MiB, 143771 MiB
2026/08/13 22:48:16.429, NVIDIA H200, 37, 99 %, 22 %, 15051 MiB, 143771 MiB
2026/08/13 22:48:19.429, NVIDIA H200, 36, 98 %, 30 %, 15051 MiB, 143771 MiB
2026/08/13 22:48:22.429, NVIDIA H200, 38, 99 %, 27 %, 15051 MiB, 143771 MiB
2026/08/13 22:48:25.430, NVIDIA H200, 36, 99 %, 25 %, 15051 MiB, 143771 MiB
2026/08/13 22:48:28.430, NVIDIA H200, 37, 98 %, 34 %, 15051 MiB, 143771 MiB
2026/08/13 22:48:31.430, NVIDIA H200, 38, 99 %, 23 %, 15051 MiB, 143771 MiB
2026/08/13 22:48:34.430, NVIDIA H200, 38, 98 %, 27 %, 15051 MiB, 143771 MiB
2026/08/13 22:48:37.431, NVIDIA H200, 36, 99 %, 32 %, 15051 MiB, 143771 MiB
2026/08/13 22:48:40.431, NVIDIA H200, 37, 99 %, 20 %, 15051 MiB, 143771 MiB
2026/08/13 22:48:43.431, NVIDIA H200, 38, 98 %, 29 %, 15051 MiB, 143771 MiB
2026/08/13 22:48:46.432, NVIDIA H200, 36, 98 %, 30 %, 15051 MiB, 143771 MiB
2026/08/13 22:48:49.432, NVIDIA H200, 38, 99 %, 22 %, 15051 MiB, 143771 MiB
2026/08/13 22:48:52.432, NVIDIA H200, 38, 98 %, 29 %, 15051 MiB, 143771 MiB
2026/08/13 22:48:55.433, NVIDIA H200, 36, 98 %, 28 %, 15051 MiB, 143771 MiB
2026/08/13 22:48:58.433, NVIDIA H200, 38, 99 %, 24 %, 15051 MiB, 143771 MiB
2026/08/13 22:49:01.433, NVIDIA H200, 36, 99 %, 31 %, 15051 MiB, 143771 MiB
2026/08/13 22:49:04.433, NVIDIA H200, 36, 100 %, 24 %, 15051 MiB, 143771 MiB
2026/08/13 22:49:07.434, NVIDIA H200, 39, 97 %, 27 %, 15051 MiB, 143771 MiB
2026/08/13 22:49:10.434, NVIDIA H200, 37, 98 %, 31 %, 15051 MiB, 143771 MiB
2026/08/13 22:49:13.436, NVIDIA H200, 38, 99 %, 21 %, 15051 MiB, 143771 MiB
2026/08/13 22:49:16.436, NVIDIA H200, 38, 98 %, 30 %, 15051 MiB, 143771 MiB
2026/08/13 22:49:19.437, NVIDIA H200, 36, 97 %, 30 %, 15051 MiB, 143771 MiB
2026/08/13 22:49:22.437, NVIDIA H200, 38, 99 %, 25 %, 15051 MiB, 143771 MiB
2026/08/13 22:49:25.437, NVIDIA H200, 37, 98 %, 31 %, 15051 MiB, 143771 MiB
2026/08/13 22:49:28.437, NVIDIA H200, 36, 100 %, 24 %, 15051 MiB, 143771 MiB
2026/08/13 22:49:31.438, NVIDIA H200, 38, 98 %, 26 %, 15051 MiB, 143771 MiB
2026/08/13 22:49:34.438, NVIDIA H200, 36, 98 %, 33 %, 15051 MiB, 143771 MiB
2026/08/13 22:49:37.438, NVIDIA H200, 38, 100 %, 21 %, 15051 MiB, 143771 MiB
2026/08/13 22:49:40.439, NVIDIA H200, 32, 80 %, 26 %, 15051 MiB, 143771 MiB
2026/08/13 22:49:43.439, NVIDIA H200, 32, 70 %, 22 %, 15051 MiB, 143771 MiB
2026/08/13 22:49:46.440, NVIDIA H200, 32, 99 %, 25 %, 15051 MiB, 143771 MiB
2026/08/13 22:49:49.440, NVIDIA H200, 36, 97 %, 26 %, 15051 MiB, 143771 MiB
2026/08/13 22:49:52.440, NVIDIA H200, 37, 98 %, 31 %, 15051 MiB, 143771 MiB
2026/08/13 22:49:55.441, NVIDIA H200, 38, 100 %, 24 %, 15051 MiB, 143771 MiB
2026/08/13 22:49:58.441, NVIDIA H200, 37, 98 %, 27 %, 15051 MiB, 143771 MiB
2026/08/13 22:50:01.441, NVIDIA H200, 36, 97 %, 30 %, 15051 MiB, 143771 MiB
2026/08/13 22:50:04.442, NVIDIA H200, 39, 100 %, 24 %, 15051 MiB, 143771 MiB
2026/08/13 22:50:07.442, NVIDIA H200, 36, 98 %, 25 %, 15051 MiB, 143771 MiB
2026/08/13 22:50:10.442, NVIDIA H200, 37, 98 %, 34 %, 15051 MiB, 143771 MiB
2026/08/13 22:50:13.443, NVIDIA H200, 38, 99 %, 22 %, 15051 MiB, 143771 MiB
2026/08/13 22:50:16.443, NVIDIA H200, 37, 98 %, 26 %, 15051 MiB, 143771 MiB
2026/08/13 22:50:19.443, NVIDIA H200, 37, 98 %, 31 %, 15051 MiB, 143771 MiB
2026/08/13 22:50:22.444, NVIDIA H200, 38, 99 %, 25 %, 15051 MiB, 143771 MiB
2026/08/13 22:50:25.444, NVIDIA H200, 36, 99 %, 25 %, 15051 MiB, 143771 MiB
2026/08/13 22:50:28.444, NVIDIA H200, 37, 98 %, 31 %, 15051 MiB, 143771 MiB
2026/08/13 22:50:31.444, NVIDIA H200, 38, 100 %, 24 %, 15051 MiB, 143771 MiB
2026/08/13 22:50:34.445, NVIDIA H200, 36, 99 %, 26 %, 15051 MiB, 143771 MiB
2026/08/13 22:50:37.445, NVIDIA H200, 37, 98 %, 31 %, 15051 MiB, 143771 MiB
2026/08/13 22:50:40.445, NVIDIA H200, 37, 98 %, 30 %, 15051 MiB, 143771 MiB
2026/08/13 22:50:43.446, NVIDIA H200, 37, 99 %, 22 %, 15051 MiB, 143771 MiB
2026/08/13 22:50:46.446, NVIDIA H200, 36, 98 %, 30 %, 15051 MiB, 143771 MiB
2026/08/13 22:50:49.447, NVIDIA H200, 38, 99 %, 27 %, 15051 MiB, 143771 MiB
2026/08/13 22:50:52.447, NVIDIA H200, 37, 99 %, 23 %, 15051 MiB, 143771 MiB
2026/08/13 22:50:55.447, NVIDIA H200, 36, 97 %, 31 %, 15051 MiB, 143771 MiB
2026/08/13 22:50:58.447, NVIDIA H200, 38, 99 %, 31 %, 15051 MiB, 143771 MiB
2026/08/13 22:51:01.448, NVIDIA H200, 37, 99 %, 21 %, 15051 MiB, 143771 MiB
2026/08/13 22:51:04.448, NVIDIA H200, 36, 98 %, 30 %, 15051 MiB, 143771 MiB
2026/08/13 22:51:07.448, NVIDIA H200, 37, 98 %, 29 %, 15051 MiB, 143771 MiB
2026/08/13 22:51:10.448, NVIDIA H200, 36, 99 %, 25 %, 15051 MiB, 143771 MiB
2026/08/13 22:51:13.449, NVIDIA H200, 36, 97 %, 31 %, 15051 MiB, 143771 MiB
2026/08/13 22:51:16.450, NVIDIA H200, 39, 100 %, 26 %, 15051 MiB, 143771 MiB
2026/08/13 22:51:19.450, NVIDIA H200, 37, 99 %, 25 %, 15051 MiB, 143771 MiB
2026/08/13 22:51:22.450, NVIDIA H200, 37, 98 %, 31 %, 15051 MiB, 143771 MiB
2026/08/13 22:51:25.451, NVIDIA H200, 38, 100 %, 23 %, 15051 MiB, 143771 MiB
2026/08/13 22:51:28.451, NVIDIA H200, 37, 97 %, 26 %, 15051 MiB, 143771 MiB
2026/08/13 22:51:31.451, NVIDIA H200, 37, 98 %, 32 %, 15051 MiB, 143771 MiB
2026/08/13 22:51:34.451, NVIDIA H200, 38, 100 %, 23 %, 15051 MiB, 143771 MiB
2026/08/13 22:51:37.452, NVIDIA H200, 37, 98 %, 25 %, 15051 MiB, 143771 MiB
2026/08/13 22:51:40.452, NVIDIA H200, 38, 99 %, 34 %, 15051 MiB, 143771 MiB
2026/08/13 22:51:43.456, NVIDIA H200, 34, 70 %, 18 %, 15051 MiB, 143771 MiB
2026/08/13 22:51:46.457, NVIDIA H200, 33, 83 %, 29 %, 15051 MiB, 143771 MiB
2026/08/13 22:51:49.457, NVIDIA H200, 26, 0 %, 0 %, 15051 MiB, 143771 MiB
2026/08/13 22:51:52.457, NVIDIA H200, 37, 99 %, 21 %, 15051 MiB, 143771 MiB
2026/08/13 22:51:55.458, NVIDIA H200, 36, 99 %, 22 %, 15051 MiB, 143771 MiB
2026/08/13 22:51:58.458, NVIDIA H200, 38, 98 %, 29 %, 15051 MiB, 143771 MiB
2026/08/13 22:52:01.458, NVIDIA H200, 37, 98 %, 30 %, 15051 MiB, 143771 MiB
2026/08/13 22:52:04.458, NVIDIA H200, 36, 99 %, 21 %, 15051 MiB, 143771 MiB
2026/08/13 22:52:07.459, NVIDIA H200, 38, 97 %, 29 %, 15051 MiB, 143771 MiB
2026/08/13 22:52:10.459, NVIDIA H200, 36, 99 %, 29 %, 15051 MiB, 143771 MiB
2026/08/13 22:52:13.460, NVIDIA H200, 37, 99 %, 25 %, 15051 MiB, 143771 MiB
2026/08/13 22:52:16.460, NVIDIA H200, 38, 99 %, 31 %, 15051 MiB, 143771 MiB
2026/08/13 22:52:19.460, NVIDIA H200, 37, 100 %, 23 %, 15051 MiB, 143771 MiB
2026/08/13 22:52:22.461, NVIDIA H200, 38, 98 %, 26 %, 15051 MiB, 143771 MiB
2026/08/13 22:52:25.461, NVIDIA H200, 37, 98 %, 34 %, 15051 MiB, 143771 MiB
2026/08/13 22:52:28.461, NVIDIA H200, 37, 99 %, 22 %, 15051 MiB, 143771 MiB
2026/08/13 22:52:31.462, NVIDIA H200, 37, 98 %, 29 %, 15051 MiB, 143771 MiB
2026/08/13 22:52:34.462, NVIDIA H200, 37, 99 %, 30 %, 15051 MiB, 143771 MiB
2026/08/13 22:52:37.462, NVIDIA H200, 36, 100 %, 24 %, 15051 MiB, 143771 MiB
2026/08/13 22:52:40.462, NVIDIA H200, 38, 98 %, 27 %, 15051 MiB, 143771 MiB
2026/08/13 22:52:43.463, NVIDIA H200, 37, 98 %, 34 %, 15051 MiB, 143771 MiB
2026/08/13 22:52:46.463, NVIDIA H200, 36, 99 %, 21 %, 15051 MiB, 143771 MiB
2026/08/13 22:52:49.463, NVIDIA H200, 38, 98 %, 29 %, 15051 MiB, 143771 MiB
2026/08/13 22:52:52.464, NVIDIA H200, 37, 99 %, 31 %, 15051 MiB, 143771 MiB
2026/08/13 22:52:55.464, NVIDIA H200, 37, 99 %, 24 %, 15051 MiB, 143771 MiB
2026/08/13 22:52:58.464, NVIDIA H200, 38, 98 %, 31 %, 15051 MiB, 143771 MiB
2026/08/13 22:53:01.465, NVIDIA H200, 37, 100 %, 27 %, 15051 MiB, 143771 MiB
2026/08/13 22:53:04.465, NVIDIA H200, 37, 99 %, 23 %, 15051 MiB, 143771 MiB
2026/08/13 22:53:07.465, NVIDIA H200, 39, 98 %, 31 %, 15051 MiB, 143771 MiB
2026/08/13 22:53:10.466, NVIDIA H200, 37, 99 %, 27 %, 15051 MiB, 143771 MiB
2026/08/13 22:53:13.466, NVIDIA H200, 38, 99 %, 25 %, 15051 MiB, 143771 MiB
2026/08/13 22:53:16.466, NVIDIA H200, 38, 98 %, 32 %, 15051 MiB, 143771 MiB
2026/08/13 22:53:19.467, NVIDIA H200, 37, 100 %, 24 %, 15051 MiB, 143771 MiB
2026/08/13 22:53:22.467, NVIDIA H200, 38, 97 %, 27 %, 15051 MiB, 143771 MiB
2026/08/13 22:53:25.467, NVIDIA H200, 37, 99 %, 34 %, 15051 MiB, 143771 MiB
2026/08/13 22:53:28.468, NVIDIA H200, 36, 99 %, 22 %, 15051 MiB, 143771 MiB
2026/08/13 22:53:31.468, NVIDIA H200, 36, 98 %, 28 %, 15051 MiB, 143771 MiB
2026/08/13 22:53:34.468, NVIDIA H200, 38, 98 %, 31 %, 15051 MiB, 143771 MiB
2026/08/13 22:53:37.469, NVIDIA H200, 37, 99 %, 24 %, 15051 MiB, 143771 MiB
2026/08/13 22:53:40.469, NVIDIA H200, 36, 98 %, 30 %, 15051 MiB, 143771 MiB
2026/08/13 22:53:43.470, NVIDIA H200, 38, 98 %, 33 %, 15051 MiB, 143771 MiB
2026/08/13 22:53:46.470, NVIDIA H200, 28, 0 %, 0 %, 15051 MiB, 143771 MiB
2026/08/13 22:53:49.470, NVIDIA H200, 35, 86 %, 29 %, 15051 MiB, 143771 MiB
2026/08/13 22:53:52.471, NVIDIA H200, 27, 0 %, 0 %, 15051 MiB, 143771 MiB
2026/08/13 22:53:55.471, NVIDIA H200, 25, 0 %, 0 %, 15051 MiB, 143771 MiB
2026/08/13 22:53:58.471, NVIDIA H200, 34, 95 %, 29 %, 15051 MiB, 143771 MiB
2026/08/13 22:54:01.472, NVIDIA H200, 37, 99 %, 24 %, 15051 MiB, 143771 MiB
2026/08/13 22:54:04.472, NVIDIA H200, 37, 98 %, 27 %, 15051 MiB, 143771 MiB
2026/08/13 22:54:07.472, NVIDIA H200, 38, 98 %, 33 %, 15051 MiB, 143771 MiB
2026/08/13 22:54:10.473, NVIDIA H200, 38, 99 %, 22 %, 15051 MiB, 143771 MiB
2026/08/13 22:54:13.485, NVIDIA H200, 36, 98 %, 28 %, 15051 MiB, 143771 MiB
2026/08/13 22:54:16.485, NVIDIA H200, 38, 98 %, 31 %, 15051 MiB, 143771 MiB
2026/08/13 22:54:19.486, NVIDIA H200, 37, 99 %, 22 %, 15051 MiB, 143771 MiB
2026/08/13 22:54:22.486, NVIDIA H200, 36, 97 %, 30 %, 15051 MiB, 143771 MiB
2026/08/13 22:54:25.486, NVIDIA H200, 38, 99 %, 27 %, 15051 MiB, 143771 MiB
2026/08/13 22:54:28.487, NVIDIA H200, 37, 99 %, 25 %, 15051 MiB, 143771 MiB
2026/08/13 22:54:31.487, NVIDIA H200, 37, 98 %, 32 %, 15051 MiB, 143771 MiB
2026/08/13 22:54:34.487, NVIDIA H200, 38, 99 %, 24 %, 15051 MiB, 143771 MiB
2026/08/13 22:54:37.488, NVIDIA H200, 37, 98 %, 26 %, 15051 MiB, 143771 MiB
2026/08/13 22:54:40.488, NVIDIA H200, 38, 98 %, 34 %, 15051 MiB, 143771 MiB
2026/08/13 22:54:43.488, NVIDIA H200, 38, 99 %, 22 %, 15051 MiB, 143771 MiB
2026/08/13 22:54:46.489, NVIDIA H200, 37, 97 %, 29 %, 15051 MiB, 143771 MiB
2026/08/13 22:54:49.489, NVIDIA H200, 38, 98 %, 31 %, 15051 MiB, 143771 MiB
2026/08/13 22:54:52.489, NVIDIA H200, 38, 99 %, 22 %, 15051 MiB, 143771 MiB
2026/08/13 22:54:55.490, NVIDIA H200, 36, 98 %, 26 %, 15051 MiB, 143771 MiB
2026/08/13 22:54:58.490, NVIDIA H200, 38, 98 %, 32 %, 15051 MiB, 143771 MiB
2026/08/13 22:55:01.491, NVIDIA H200, 37, 99 %, 23 %, 15051 MiB, 143771 MiB
2026/08/13 22:55:04.491, NVIDIA H200, 36, 97 %, 31 %, 15051 MiB, 143771 MiB
2026/08/13 22:55:07.491, NVIDIA H200, 38, 100 %, 27 %, 15051 MiB, 143771 MiB
2026/08/13 22:55:10.492, NVIDIA H200, 37, 99 %, 26 %, 15051 MiB, 143771 MiB
2026/08/13 22:55:13.492, NVIDIA H200, 37, 98 %, 32 %, 15051 MiB, 143771 MiB
2026/08/13 22:55:16.492, NVIDIA H200, 38, 99 %, 24 %, 15051 MiB, 143771 MiB
2026/08/13 22:55:19.493, NVIDIA H200, 37, 97 %, 26 %, 15051 MiB, 143771 MiB
2026/08/13 22:55:22.493, NVIDIA H200, 38, 98 %, 32 %, 15051 MiB, 143771 MiB
2026/08/13 22:55:25.493, NVIDIA H200, 38, 99 %, 22 %, 15051 MiB, 143771 MiB
2026/08/13 22:55:28.494, NVIDIA H200, 37, 98 %, 26 %, 15051 MiB, 143771 MiB
2026/08/13 22:55:31.494, NVIDIA H200, 38, 99 %, 32 %, 15051 MiB, 143771 MiB
2026/08/13 22:55:34.494, NVIDIA H200, 37, 99 %, 21 %, 15051 MiB, 143771 MiB
2026/08/13 22:55:37.495, NVIDIA H200, 37, 98 %, 29 %, 15051 MiB, 143771 MiB
2026/08/13 22:55:40.495, NVIDIA H200, 37, 99 %, 30 %, 15051 MiB, 143771 MiB
2026/08/13 22:55:43.497, NVIDIA H200, 36, 99 %, 25 %, 15051 MiB, 143771 MiB
2026/08/13 22:55:46.497, NVIDIA H200, 37, 98 %, 30 %, 15051 MiB, 143771 MiB
2026/08/13 22:55:49.498, NVIDIA H200, 39, 100 %, 23 %, 15051 MiB, 143771 MiB
2026/08/13 22:55:52.498, NVIDIA H200, 37, 98 %, 27 %, 15051 MiB, 143771 MiB
2026/08/13 22:55:55.498, NVIDIA H200, 35, 74 %, 19 %, 15051 MiB, 143771 MiB
2026/08/13 22:55:58.499, NVIDIA H200, 35, 70 %, 21 %, 15051 MiB, 143771 MiB
2026/08/13 22:56:01.499, NVIDIA H200, 36, 99 %, 22 %, 15051 MiB, 143771 MiB
2026/08/13 22:56:04.499, NVIDIA H200, 36, 98 %, 27 %, 15051 MiB, 143771 MiB
2026/08/13 22:56:07.500, NVIDIA H200, 38, 98 %, 31 %, 15051 MiB, 143771 MiB
2026/08/13 22:56:10.500, NVIDIA H200, 37, 99 %, 23 %, 15051 MiB, 143771 MiB
2026/08/13 22:56:13.500, NVIDIA H200, 36, 98 %, 31 %, 15051 MiB, 143771 MiB
2026/08/13 22:56:16.501, NVIDIA H200, 37, 98 %, 29 %, 15051 MiB, 143771 MiB
2026/08/13 22:56:19.501, NVIDIA H200, 36, 99 %, 26 %, 15051 MiB, 143771 MiB
2026/08/13 22:56:22.501, NVIDIA H200, 36, 97 %, 31 %, 15051 MiB, 143771 MiB
2026/08/13 22:56:25.502, NVIDIA H200, 37, 98 %, 30 %, 15051 MiB, 143771 MiB
2026/08/13 22:56:28.502, NVIDIA H200, 37, 99 %, 24 %, 15051 MiB, 143771 MiB
2026/08/13 22:56:31.502, NVIDIA H200, 37, 97 %, 29 %, 15051 MiB, 143771 MiB
2026/08/13 22:56:34.502, NVIDIA H200, 38, 99 %, 30 %, 15051 MiB, 143771 MiB
2026/08/13 22:56:37.503, NVIDIA H200, 38, 99 %, 21 %, 15051 MiB, 143771 MiB
2026/08/13 22:56:40.503, NVIDIA H200, 37, 98 %, 29 %, 15051 MiB, 143771 MiB
2026/08/13 22:56:43.504, NVIDIA H200, 38, 98 %, 31 %, 15051 MiB, 143771 MiB
2026/08/13 22:56:46.504, NVIDIA H200, 37, 99 %, 22 %, 15051 MiB, 143771 MiB
2026/08/13 22:56:49.504, NVIDIA H200, 36, 97 %, 30 %, 15051 MiB, 143771 MiB
2026/08/13 22:56:52.505, NVIDIA H200, 38, 99 %, 27 %, 15051 MiB, 143771 MiB
2026/08/13 22:56:55.505, NVIDIA H200, 37, 99 %, 25 %, 15051 MiB, 143771 MiB
2026/08/13 22:56:58.505, NVIDIA H200, 37, 99 %, 33 %, 15051 MiB, 143771 MiB
2026/08/13 22:57:01.506, NVIDIA H200, 38, 98 %, 30 %, 15051 MiB, 143771 MiB
2026/08/13 22:57:04.506, NVIDIA H200, 37, 98 %, 32 %, 15051 MiB, 143771 MiB
2026/08/13 22:57:07.506, NVIDIA H200, 36, 100 %, 23 %, 15051 MiB, 143771 MiB
2026/08/13 22:57:10.506, NVIDIA H200, 38, 97 %, 26 %, 15051 MiB, 143771 MiB
2026/08/13 22:57:13.507, NVIDIA H200, 37, 98 %, 34 %, 15051 MiB, 143771 MiB
2026/08/13 22:57:16.507, NVIDIA H200, 37, 93 %, 22 %, 15051 MiB, 143771 MiB
2026/08/13 22:57:19.507, NVIDIA H200, 38, 98 %, 26 %, 15051 MiB, 143771 MiB
2026/08/13 22:57:22.508, NVIDIA H200, 37, 99 %, 33 %, 15051 MiB, 143771 MiB
2026/08/13 22:57:25.508, NVIDIA H200, 36, 98 %, 21 %, 15051 MiB, 143771 MiB
2026/08/13 22:57:28.508, NVIDIA H200, 38, 97 %, 29 %, 15051 MiB, 143771 MiB
2026/08/13 22:57:31.509, NVIDIA H200, 36, 98 %, 31 %, 15051 MiB, 143771 MiB
2026/08/13 22:57:34.509, NVIDIA H200, 37, 99 %, 24 %, 15051 MiB, 143771 MiB
2026/08/13 22:57:37.509, NVIDIA H200, 39, 97 %, 31 %, 15051 MiB, 143771 MiB
2026/08/13 22:57:40.510, NVIDIA H200, 36, 99 %, 28 %, 15051 MiB, 143771 MiB
2026/08/13 22:57:43.510, NVIDIA H200, 37, 99 %, 25 %, 15051 MiB, 143771 MiB
2026/08/13 22:57:46.510, NVIDIA H200, 38, 98 %, 31 %, 15051 MiB, 143771 MiB
2026/08/13 22:57:49.510, NVIDIA H200, 37, 100 %, 24 %, 15051 MiB, 143771 MiB
2026/08/13 22:57:52.511, NVIDIA H200, 38, 99 %, 26 %, 15051 MiB, 143771 MiB
2026/08/13 22:57:55.511, NVIDIA H200, 37, 99 %, 34 %, 15051 MiB, 143771 MiB
2026/08/13 22:57:58.511, NVIDIA H200, 35, 83 %, 27 %, 15051 MiB, 143771 MiB
2026/08/13 22:58:01.512, NVIDIA H200, 33, 74 %, 22 %, 15051 MiB, 143771 MiB
2026/08/13 22:58:04.512, NVIDIA H200, 25, 0 %, 0 %, 15051 MiB, 143771 MiB
2026/08/13 22:58:07.512, NVIDIA H200, 36, 98 %, 27 %, 15051 MiB, 143771 MiB
2026/08/13 22:58:10.513, NVIDIA H200, 36, 98 %, 31 %, 15051 MiB, 143771 MiB
2026/08/13 22:58:13.513, NVIDIA H200, 37, 99 %, 25 %, 15051 MiB, 143771 MiB
2026/08/13 22:58:16.513, NVIDIA H200, 38, 98 %, 30 %, 15051 MiB, 143771 MiB
2026/08/13 22:58:19.514, NVIDIA H200, 37, 100 %, 24 %, 15051 MiB, 143771 MiB
2026/08/13 22:58:22.514, NVIDIA H200, 38, 99 %, 26 %, 15051 MiB, 143771 MiB
2026/08/13 22:58:25.514, NVIDIA H200, 38, 98 %, 35 %, 15051 MiB, 143771 MiB
2026/08/13 22:58:28.515, NVIDIA H200, 36, 99 %, 23 %, 15051 MiB, 143771 MiB
2026/08/13 22:58:31.515, NVIDIA H200, 38, 97 %, 26 %, 15051 MiB, 143771 MiB
2026/08/13 22:58:34.515, NVIDIA H200, 37, 98 %, 32 %, 15051 MiB, 143771 MiB
2026/08/13 22:58:37.516, NVIDIA H200, 38, 100 %, 23 %, 15051 MiB, 143771 MiB
2026/08/13 22:58:40.516, NVIDIA H200, 38, 97 %, 25 %, 15051 MiB, 143771 MiB
2026/08/13 22:58:43.517, NVIDIA H200, 37, 98 %, 34 %, 15051 MiB, 143771 MiB
2026/08/13 22:58:46.517, NVIDIA H200, 37, 99 %, 23 %, 15051 MiB, 143771 MiB
2026/08/13 22:58:49.517, NVIDIA H200, 38, 98 %, 26 %, 15051 MiB, 143771 MiB
2026/08/13 22:58:52.518, NVIDIA H200, 37, 98 %, 32 %, 15051 MiB, 143771 MiB
2026/08/13 22:58:55.518, NVIDIA H200, 38, 99 %, 21 %, 15051 MiB, 143771 MiB
2026/08/13 22:58:58.518, NVIDIA H200, 38, 98 %, 29 %, 15051 MiB, 143771 MiB
2026/08/13 22:59:01.519, NVIDIA H200, 37, 98 %, 31 %, 15051 MiB, 143771 MiB
2026/08/13 22:59:04.519, NVIDIA H200, 38, 99 %, 24 %, 15051 MiB, 143771 MiB
2026/08/13 22:59:07.519, NVIDIA H200, 37, 97 %, 31 %, 15051 MiB, 143771 MiB
2026/08/13 22:59:10.520, NVIDIA H200, 37, 99 %, 27 %, 15051 MiB, 143771 MiB
2026/08/13 22:59:13.521, NVIDIA H200, 38, 99 %, 24 %, 15051 MiB, 143771 MiB
2026/08/13 22:59:16.522, NVIDIA H200, 36, 98 %, 31 %, 15051 MiB, 143771 MiB
2026/08/13 22:59:19.522, NVIDIA H200, 37, 100 %, 25 %, 15051 MiB, 143771 MiB
2026/08/13 22:59:22.522, NVIDIA H200, 39, 98 %, 27 %, 15051 MiB, 143771 MiB
2026/08/13 22:59:25.523, NVIDIA H200, 36, 98 %, 33 %, 15051 MiB, 143771 MiB
2026/08/13 22:59:28.523, NVIDIA H200, 37, 100 %, 23 %, 15051 MiB, 143771 MiB
2026/08/13 22:59:31.523, NVIDIA H200, 37, 99 %, 25 %, 15051 MiB, 143771 MiB
2026/08/13 22:59:34.524, NVIDIA H200, 36, 98 %, 32 %, 15051 MiB, 143771 MiB
2026/08/13 22:59:37.524, NVIDIA H200, 37, 100 %, 24 %, 15051 MiB, 143771 MiB
2026/08/13 22:59:40.524, NVIDIA H200, 39, 97 %, 27 %, 15051 MiB, 143771 MiB
2026/08/13 22:59:43.525, NVIDIA H200, 36, 98 %, 31 %, 15051 MiB, 143771 MiB
2026/08/13 22:59:46.525, NVIDIA H200, 36, 100 %, 23 %, 15051 MiB, 143771 MiB
2026/08/13 22:59:49.525, NVIDIA H200, 36, 98 %, 25 %, 15051 MiB, 143771 MiB
2026/08/13 22:59:52.526, NVIDIA H200, 36, 98 %, 32 %, 15051 MiB, 143771 MiB
2026/08/13 22:59:55.526, NVIDIA H200, 37, 100 %, 23 %, 15051 MiB, 143771 MiB
2026/08/13 22:59:58.526, NVIDIA H200, 39, 98 %, 27 %, 15051 MiB, 143771 MiB
2026/08/13 23:00:01.527, NVIDIA H200, 32, 0 %, 0 %, 15051 MiB, 143771 MiB
2026/08/13 23:00:04.527, NVIDIA H200, 33, 68 %, 18 %, 15051 MiB, 143771 MiB
2026/08/13 23:00:07.527, NVIDIA H200, 27, 0 %, 0 %, 15051 MiB, 143771 MiB
2026/08/13 23:00:10.528, NVIDIA H200, 37, 99 %, 27 %, 15051 MiB, 143771 MiB
2026/08/13 23:00:13.528, NVIDIA H200, 37, 99 %, 25 %, 15051 MiB, 143771 MiB
2026/08/13 23:00:16.528, NVIDIA H200, 36, 98 %, 32 %, 15051 MiB, 143771 MiB
2026/08/13 23:00:19.529, NVIDIA H200, 36, 100 %, 23 %, 15051 MiB, 143771 MiB
2026/08/13 23:00:22.529, NVIDIA H200, 38, 99 %, 25 %, 15051 MiB, 143771 MiB
2026/08/13 23:00:25.529, NVIDIA H200, 38, 97 %, 26 %, 15051 MiB, 143771 MiB
2026/08/13 23:00:28.530, NVIDIA H200, 37, 99 %, 31 %, 15051 MiB, 143771 MiB
2026/08/13 23:00:31.530, NVIDIA H200, 36, 100 %, 23 %, 15051 MiB, 143771 MiB
2026/08/13 23:00:34.530, NVIDIA H200, 39, 98 %, 28 %, 15051 MiB, 143771 MiB
2026/08/13 23:00:37.531, NVIDIA H200, 36, 99 %, 33 %, 15051 MiB, 143771 MiB
2026/08/13 23:00:40.531, NVIDIA H200, 37, 99 %, 22 %, 15051 MiB, 143771 MiB
2026/08/13 23:00:43.531, NVIDIA H200, 38, 98 %, 27 %, 15051 MiB, 143771 MiB
2026/08/13 23:00:46.532, NVIDIA H200, 37, 98 %, 31 %, 15051 MiB, 143771 MiB
2026/08/13 23:00:49.532, NVIDIA H200, 38, 99 %, 21 %, 15051 MiB, 143771 MiB
2026/08/13 23:00:52.532, NVIDIA H200, 38, 98 %, 31 %, 15051 MiB, 143771 MiB
2026/08/13 23:00:55.533, NVIDIA H200, 37, 99 %, 27 %, 15051 MiB, 143771 MiB
2026/08/13 23:00:58.533, NVIDIA H200, 39, 99 %, 25 %, 15051 MiB, 143771 MiB
2026/08/13 23:01:01.533, NVIDIA H200, 37, 98 %, 31 %, 15051 MiB, 143771 MiB
2026/08/13 23:01:04.534, NVIDIA H200, 36, 100 %, 23 %, 15051 MiB, 143771 MiB
2026/08/13 23:01:07.534, NVIDIA H200, 38, 99 %, 26 %, 15051 MiB, 143771 MiB
2026/08/13 23:01:10.534, NVIDIA H200, 37, 99 %, 33 %, 15051 MiB, 143771 MiB
2026/08/13 23:01:13.537, NVIDIA H200, 37, 99 %, 23 %, 15051 MiB, 143771 MiB
2026/08/13 23:01:16.537, NVIDIA H200, 39, 98 %, 27 %, 15051 MiB, 143771 MiB
2026/08/13 23:01:19.538, NVIDIA H200, 37, 98 %, 33 %, 15051 MiB, 143771 MiB
2026/08/13 23:01:22.538, NVIDIA H200, 37, 99 %, 22 %, 15051 MiB, 143771 MiB
2026/08/13 23:01:25.538, NVIDIA H200, 38, 97 %, 26 %, 15051 MiB, 143771 MiB
2026/08/13 23:01:28.539, NVIDIA H200, 37, 99 %, 31 %, 15051 MiB, 143771 MiB
2026/08/13 23:01:31.539, NVIDIA H200, 38, 99 %, 21 %, 15051 MiB, 143771 MiB
2026/08/13 23:01:34.539, NVIDIA H200, 38, 98 %, 29 %, 15051 MiB, 143771 MiB
2026/08/13 23:01:37.540, NVIDIA H200, 37, 99 %, 28 %, 15051 MiB, 143771 MiB
2026/08/13 23:01:40.540, NVIDIA H200, 38, 99 %, 24 %, 15051 MiB, 143771 MiB
2026/08/13 23:01:43.540, NVIDIA H200, 37, 98 %, 31 %, 15051 MiB, 143771 MiB
2026/08/13 23:01:46.541, NVIDIA H200, 37, 100 %, 23 %, 15051 MiB, 143771 MiB
2026/08/13 23:01:49.541, NVIDIA H200, 38, 97 %, 25 %, 15051 MiB, 143771 MiB
2026/08/13 23:01:52.541, NVIDIA H200, 37, 98 %, 34 %, 15051 MiB, 143771 MiB
2026/08/13 23:01:55.542, NVIDIA H200, 37, 99 %, 22 %, 15051 MiB, 143771 MiB
2026/08/13 23:01:58.542, NVIDIA H200, 38, 98 %, 26 %, 15051 MiB, 143771 MiB
2026/08/13 23:02:01.542, NVIDIA H200, 37, 99 %, 32 %, 15051 MiB, 143771 MiB
2026/08/13 23:02:04.543, NVIDIA H200, 32, 35 %, 10 %, 15051 MiB, 143771 MiB
2026/08/13 23:02:07.543, NVIDIA H200, 33, 79 %, 20 %, 15051 MiB, 143771 MiB
2026/08/13 23:02:10.544, NVIDIA H200, 27, 5 %, 0 %, 15051 MiB, 143771 MiB
2026/08/13 23:02:13.544, NVIDIA H200, 35, 98 %, 31 %, 15051 MiB, 143771 MiB
2026/08/13 23:02:16.544, NVIDIA H200, 38, 99 %, 24 %, 15051 MiB, 143771 MiB
2026/08/13 23:02:19.544, NVIDIA H200, 37, 99 %, 21 %, 15051 MiB, 143771 MiB
2026/08/13 23:02:22.545, NVIDIA H200, 37, 97 %, 29 %, 15051 MiB, 143771 MiB
2026/08/13 23:02:25.545, NVIDIA H200, 38, 98 %, 31 %, 15051 MiB, 143771 MiB
2026/08/13 23:02:28.545, NVIDIA H200, 37, 99 %, 23 %, 15051 MiB, 143771 MiB
2026/08/13 23:02:31.546, NVIDIA H200, 36, 98 %, 31 %, 15051 MiB, 143771 MiB
2026/08/13 23:02:34.546, NVIDIA H200, 38, 99 %, 27 %, 15051 MiB, 143771 MiB
2026/08/13 23:02:37.546, NVIDIA H200, 37, 99 %, 25 %, 15051 MiB, 143771 MiB
2026/08/13 23:02:40.547, NVIDIA H200, 37, 88 %, 28 %, 15051 MiB, 143771 MiB
2026/08/13 23:02:43.547, NVIDIA H200, 39, 98 %, 31 %, 15051 MiB, 143771 MiB
2026/08/13 23:02:46.547, NVIDIA H200, 37, 99 %, 23 %, 15051 MiB, 143771 MiB
2026/08/13 23:02:49.548, NVIDIA H200, 36, 98 %, 31 %, 15051 MiB, 143771 MiB
2026/08/13 23:02:52.548, NVIDIA H200, 38, 99 %, 27 %, 15051 MiB, 143771 MiB
2026/08/13 23:02:55.548, NVIDIA H200, 37, 99 %, 26 %, 15051 MiB, 143771 MiB
2026/08/13 23:02:58.549, NVIDIA H200, 36, 98 %, 30 %, 15051 MiB, 143771 MiB
2026/08/13 23:03:01.549, NVIDIA H200, 39, 100 %, 27 %, 15051 MiB, 143771 MiB
2026/08/13 23:03:04.549, NVIDIA H200, 37, 99 %, 26 %, 15051 MiB, 143771 MiB
2026/08/13 23:03:07.550, NVIDIA H200, 37, 98 %, 32 %, 15051 MiB, 143771 MiB
2026/08/13 23:03:10.550, NVIDIA H200, 38, 99 %, 25 %, 15051 MiB, 143771 MiB
2026/08/13 23:03:13.550, NVIDIA H200, 37, 98 %, 25 %, 15051 MiB, 143771 MiB
2026/08/13 23:03:16.551, NVIDIA H200, 37, 98 %, 33 %, 15051 MiB, 143771 MiB
2026/08/13 23:03:19.551, NVIDIA H200, 38, 99 %, 23 %, 15051 MiB, 143771 MiB
2026/08/13 23:03:22.551, NVIDIA H200, 37, 98 %, 26 %, 15051 MiB, 143771 MiB
2026/08/13 23:03:25.552, NVIDIA H200, 39, 98 %, 31 %, 15051 MiB, 143771 MiB
2026/08/13 23:03:28.552, NVIDIA H200, 37, 99 %, 21 %, 15051 MiB, 143771 MiB
2026/08/13 23:03:31.552, NVIDIA H200, 37, 98 %, 27 %, 15051 MiB, 143771 MiB
2026/08/13 23:03:34.553, NVIDIA H200, 38, 99 %, 33 %, 15051 MiB, 143771 MiB
2026/08/13 23:03:37.553, NVIDIA H200, 38, 99 %, 21 %, 15051 MiB, 143771 MiB
2026/08/13 23:03:40.553, NVIDIA H200, 37, 98 %, 26 %, 15051 MiB, 143771 MiB
2026/08/13 23:03:43.554, NVIDIA H200, 37, 98 %, 31 %, 15051 MiB, 143771 MiB
2026/08/13 23:03:46.554, NVIDIA H200, 39, 100 %, 23 %, 15051 MiB, 143771 MiB
2026/08/13 23:03:49.554, NVIDIA H200, 36, 99 %, 26 %, 15051 MiB, 143771 MiB
2026/08/13 23:03:52.554, NVIDIA H200, 37, 98 %, 34 %, 15051 MiB, 143771 MiB
2026/08/13 23:03:55.555, NVIDIA H200, 37, 99 %, 24 %, 15051 MiB, 143771 MiB
2026/08/13 23:03:58.555, NVIDIA H200, 39, 97 %, 27 %, 15051 MiB, 143771 MiB
2026/08/13 23:04:01.555, NVIDIA H200, 37, 99 %, 34 %, 15051 MiB, 143771 MiB
2026/08/13 23:04:04.556, NVIDIA H200, 37, 99 %, 20 %, 15051 MiB, 143771 MiB
2026/08/13 23:04:07.556, NVIDIA H200, 36, 98 %, 30 %, 15051 MiB, 143771 MiB
2026/08/13 23:04:10.556, NVIDIA H200, 35, 60 %, 19 %, 15051 MiB, 143771 MiB
2026/08/13 23:04:13.557, NVIDIA H200, 36, 81 %, 29 %, 15051 MiB, 143771 MiB
2026/08/13 23:04:16.558, NVIDIA H200, 25, 0 %, 0 %, 15051 MiB, 143771 MiB
2026/08/13 23:04:19.558, NVIDIA H200, 25, 0 %, 0 %, 15051 MiB, 143771 MiB
2026/08/13 23:04:22.558, NVIDIA H200, 33, 78 %, 27 %, 15051 MiB, 143771 MiB
2026/08/13 23:04:25.559, NVIDIA H200, 37, 98 %, 31 %, 15051 MiB, 143771 MiB
2026/08/13 23:04:28.559, NVIDIA H200, 37, 99 %, 27 %, 15051 MiB, 143771 MiB
2026/08/13 23:04:31.559, NVIDIA H200, 38, 99 %, 25 %, 15051 MiB, 143771 MiB
2026/08/13 23:04:34.560, NVIDIA H200, 36, 98 %, 31 %, 15051 MiB, 143771 MiB
2026/08/13 23:04:37.560, NVIDIA H200, 36, 100 %, 25 %, 15051 MiB, 143771 MiB
2026/08/13 23:04:40.560, NVIDIA H200, 39, 98 %, 27 %, 15051 MiB, 143771 MiB
2026/08/13 23:04:43.561, NVIDIA H200, 37, 99 %, 31 %, 15051 MiB, 143771 MiB
2026/08/13 23:04:46.561, NVIDIA H200, 36, 100 %, 23 %, 15051 MiB, 143771 MiB
2026/08/13 23:04:49.561, NVIDIA H200, 38, 95 %, 24 %, 15051 MiB, 143771 MiB
2026/08/13 23:04:52.562, NVIDIA H200, 37, 99 %, 33 %, 15051 MiB, 143771 MiB
2026/08/13 23:04:55.562, NVIDIA H200, 37, 99 %, 22 %, 15051 MiB, 143771 MiB
2026/08/13 23:04:58.562, NVIDIA H200, 38, 98 %, 26 %, 15051 MiB, 143771 MiB
2026/08/13 23:05:01.563, NVIDIA H200, 37, 99 %, 31 %, 15051 MiB, 143771 MiB
2026/08/13 23:05:04.563, NVIDIA H200, 38, 99 %, 22 %, 15051 MiB, 143771 MiB
2026/08/13 23:05:07.563, NVIDIA H200, 37, 98 %, 30 %, 15051 MiB, 143771 MiB
2026/08/13 23:05:10.564, NVIDIA H200, 36, 98 %, 29 %, 15051 MiB, 143771 MiB
2026/08/13 23:05:13.564, NVIDIA H200, 38, 99 %, 25 %, 15051 MiB, 143771 MiB
2026/08/13 23:05:16.564, NVIDIA H200, 36, 98 %, 30 %, 15051 MiB, 143771 MiB
2026/08/13 23:05:19.565, NVIDIA H200, 36, 100 %, 23 %, 15051 MiB, 143771 MiB
2026/08/13 23:05:22.565, NVIDIA H200, 37, 98 %, 26 %, 15051 MiB, 143771 MiB
2026/08/13 23:05:25.565, NVIDIA H200, 36, 99 %, 34 %, 15051 MiB, 143771 MiB
2026/08/13 23:05:28.566, NVIDIA H200, 37, 99 %, 22 %, 15051 MiB, 143771 MiB
2026/08/13 23:05:31.566, NVIDIA H200, 37, 97 %, 28 %, 15051 MiB, 143771 MiB
2026/08/13 23:05:34.566, NVIDIA H200, 37, 98 %, 31 %, 15051 MiB, 143771 MiB
2026/08/13 23:05:37.566, NVIDIA H200, 38, 99 %, 23 %, 15051 MiB, 143771 MiB
2026/08/13 23:05:40.567, NVIDIA H200, 37, 98 %, 31 %, 15051 MiB, 143771 MiB
2026/08/13 23:05:43.567, NVIDIA H200, 36, 98 %, 28 %, 15051 MiB, 143771 MiB
2026/08/13 23:05:46.567, NVIDIA H200, 38, 99 %, 25 %, 15051 MiB, 143771 MiB
2026/08/13 23:05:49.568, NVIDIA H200, 36, 98 %, 31 %, 15051 MiB, 143771 MiB
2026/08/13 23:05:52.568, NVIDIA H200, 36, 100 %, 23 %, 15051 MiB, 143771 MiB
2026/08/13 23:05:55.568, NVIDIA H200, 38, 99 %, 24 %, 15051 MiB, 143771 MiB
2026/08/13 23:05:58.569, NVIDIA H200, 37, 98 %, 31 %, 15051 MiB, 143771 MiB
2026/08/13 23:06:01.569, NVIDIA H200, 36, 100 %, 27 %, 15051 MiB, 143771 MiB
2026/08/13 23:06:04.569, NVIDIA H200, 37, 99 %, 25 %, 15051 MiB, 143771 MiB
2026/08/13 23:06:07.570, NVIDIA H200, 36, 98 %, 31 %, 15051 MiB, 143771 MiB
2026/08/13 23:06:10.570, NVIDIA H200, 36, 99 %, 25 %, 15051 MiB, 143771 MiB
2026/08/13 23:06:13.571, NVIDIA H200, 38, 97 %, 27 %, 15051 MiB, 143771 MiB
2026/08/13 23:06:16.571, NVIDIA H200, 36, 98 %, 34 %, 15051 MiB, 143771 MiB
2026/08/13 23:06:19.572, NVIDIA H200, 34, 80 %, 27 %, 15051 MiB, 143771 MiB
2026/08/13 23:06:22.572, NVIDIA H200, 35, 78 %, 27 %, 15051 MiB, 143771 MiB
2026/08/13 23:06:25.572, NVIDIA H200, 25, 0 %, 0 %, 15051 MiB, 143771 MiB
2026/08/13 23:06:28.572, NVIDIA H200, 37, 96 %, 27 %, 15051 MiB, 143771 MiB
2026/08/13 23:06:31.573, NVIDIA H200, 36, 98 %, 32 %, 15051 MiB, 143771 MiB
2026/08/13 23:06:34.573, NVIDIA H200, 38, 99 %, 22 %, 15051 MiB, 143771 MiB
2026/08/13 23:06:37.573, NVIDIA H200, 37, 98 %, 31 %, 15051 MiB, 143771 MiB
2026/08/13 23:06:40.574, NVIDIA H200, 36, 100 %, 23 %, 15051 MiB, 143771 MiB
2026/08/13 23:06:43.586, NVIDIA H200, 38, 98 %, 25 %, 15051 MiB, 143771 MiB
2026/08/13 23:06:46.587, NVIDIA H200, 36, 98 %, 34 %, 15051 MiB, 143771 MiB
2026/08/13 23:06:49.587, NVIDIA H200, 37, 99 %, 24 %, 15051 MiB, 143771 MiB
2026/08/13 23:06:52.587, NVIDIA H200, 37, 99 %, 25 %, 15051 MiB, 143771 MiB
2026/08/13 23:06:55.588, NVIDIA H200, 36, 98 %, 32 %, 15051 MiB, 143771 MiB
2026/08/13 23:06:58.588, NVIDIA H200, 36, 98 %, 31 %, 15051 MiB, 143771 MiB
2026/08/13 23:07:01.588, NVIDIA H200, 38, 99 %, 22 %, 15051 MiB, 143771 MiB
2026/08/13 23:07:04.589, NVIDIA H200, 37, 97 %, 30 %, 15051 MiB, 143771 MiB
2026/08/13 23:07:07.589, NVIDIA H200, 36, 98 %, 30 %, 15051 MiB, 143771 MiB
2026/08/13 23:07:10.589, NVIDIA H200, 38, 99 %, 26 %, 15051 MiB, 143771 MiB
2026/08/13 23:07:13.590, NVIDIA H200, 37, 98 %, 30 %, 15051 MiB, 143771 MiB
2026/08/13 23:07:16.590, NVIDIA H200, 36, 100 %, 23 %, 15051 MiB, 143771 MiB
2026/08/13 23:07:19.590, NVIDIA H200, 38, 97 %, 25 %, 15051 MiB, 143771 MiB
2026/08/13 23:07:22.591, NVIDIA H200, 37, 98 %, 34 %, 15051 MiB, 143771 MiB
2026/08/13 23:07:25.591, NVIDIA H200, 37, 99 %, 32 %, 15051 MiB, 143771 MiB
2026/08/13 23:07:28.591, NVIDIA H200, 38, 99 %, 23 %, 15051 MiB, 143771 MiB
2026/08/13 23:07:31.592, NVIDIA H200, 37, 98 %, 27 %, 15051 MiB, 143771 MiB
2026/08/13 23:07:34.592, NVIDIA H200, 38, 98 %, 34 %, 15051 MiB, 143771 MiB
2026/08/13 23:07:37.592, NVIDIA H200, 38, 99 %, 22 %, 15051 MiB, 143771 MiB
2026/08/13 23:07:40.593, NVIDIA H200, 36, 98 %, 28 %, 15051 MiB, 143771 MiB
2026/08/13 23:07:43.593, NVIDIA H200, 38, 98 %, 31 %, 15051 MiB, 143771 MiB
2026/08/13 23:07:46.593, NVIDIA H200, 37, 99 %, 24 %, 15051 MiB, 143771 MiB
2026/08/13 23:07:49.594, NVIDIA H200, 37, 98 %, 29 %, 15051 MiB, 143771 MiB
2026/08/13 23:07:52.594, NVIDIA H200, 36, 99 %, 28 %, 15051 MiB, 143771 MiB
2026/08/13 23:07:55.594, NVIDIA H200, 37, 99 %, 25 %, 15051 MiB, 143771 MiB
2026/08/13 23:07:58.595, NVIDIA H200, 37, 98 %, 32 %, 15051 MiB, 143771 MiB
2026/08/13 23:08:01.595, NVIDIA H200, 36, 99 %, 23 %, 15051 MiB, 143771 MiB
2026/08/13 23:08:04.595, NVIDIA H200, 38, 98 %, 27 %, 15051 MiB, 143771 MiB
2026/08/13 23:08:07.596, NVIDIA H200, 37, 98 %, 32 %, 15051 MiB, 143771 MiB
2026/08/13 23:08:10.596, NVIDIA H200, 36, 99 %, 21 %, 15051 MiB, 143771 MiB
2026/08/13 23:08:13.598, NVIDIA H200, 38, 98 %, 30 %, 15051 MiB, 143771 MiB
2026/08/13 23:08:16.598, NVIDIA H200, 37, 98 %, 30 %, 15051 MiB, 143771 MiB
2026/08/13 23:08:19.598, NVIDIA H200, 37, 99 %, 25 %, 15051 MiB, 143771 MiB
2026/08/13 23:08:22.599, NVIDIA H200, 27, 0 %, 0 %, 15051 MiB, 143771 MiB
2026/08/13 23:08:25.599, NVIDIA H200, 33, 63 %, 20 %, 15051 MiB, 143771 MiB
2026/08/13 23:08:28.599, NVIDIA H200, 28, 0 %, 0 %, 15051 MiB, 143771 MiB
2026/08/13 23:08:31.600, NVIDIA H200, 36, 99 %, 25 %, 15051 MiB, 143771 MiB
2026/08/13 23:08:34.600, NVIDIA H200, 38, 97 %, 31 %, 15051 MiB, 143771 MiB
2026/08/13 23:08:37.600, NVIDIA H200, 37, 100 %, 24 %, 15051 MiB, 143771 MiB
2026/08/13 23:08:40.601, NVIDIA H200, 37, 99 %, 25 %, 15051 MiB, 143771 MiB
2026/08/13 23:08:43.601, NVIDIA H200, 38, 97 %, 31 %, 15051 MiB, 143771 MiB
2026/08/13 23:08:46.601, NVIDIA H200, 36, 100 %, 27 %, 15051 MiB, 143771 MiB
2026/08/13 23:08:49.602, NVIDIA H200, 37, 99 %, 24 %, 15051 MiB, 143771 MiB
2026/08/13 23:08:52.602, NVIDIA H200, 38, 98 %, 31 %, 15051 MiB, 143771 MiB
2026/08/13 23:08:55.602, NVIDIA H200, 37, 100 %, 24 %, 15051 MiB, 143771 MiB
2026/08/13 23:08:58.602, NVIDIA H200, 38, 99 %, 25 %, 15051 MiB, 143771 MiB
2026/08/13 23:09:01.603, NVIDIA H200, 37, 98 %, 33 %, 15051 MiB, 143771 MiB
2026/08/13 23:09:04.603, NVIDIA H200, 38, 99 %, 23 %, 15051 MiB, 143771 MiB
2026/08/13 23:09:07.603, NVIDIA H200, 37, 98 %, 27 %, 15051 MiB, 143771 MiB
2026/08/13 23:09:10.604, NVIDIA H200, 37, 98 %, 31 %, 15051 MiB, 143771 MiB
2026/08/13 23:09:13.604, NVIDIA H200, 39, 100 %, 24 %, 15051 MiB, 143771 MiB
2026/08/13 23:09:16.604, NVIDIA H200, 37, 98 %, 25 %, 15051 MiB, 143771 MiB
2026/08/13 23:09:19.605, NVIDIA H200, 37, 98 %, 34 %, 15051 MiB, 143771 MiB
2026/08/13 23:09:22.605, NVIDIA H200, 38, 99 %, 23 %, 15051 MiB, 143771 MiB
2026/08/13 23:09:25.605, NVIDIA H200, 36, 98 %, 25 %, 15051 MiB, 143771 MiB
2026/08/13 23:09:28.606, NVIDIA H200, 37, 98 %, 34 %, 15051 MiB, 143771 MiB
2026/08/13 23:09:31.606, NVIDIA H200, 38, 99 %, 24 %, 15051 MiB, 143771 MiB
2026/08/13 23:09:34.606, NVIDIA H200, 37, 97 %, 27 %, 15051 MiB, 143771 MiB
2026/08/13 23:09:37.607, NVIDIA H200, 38, 98 %, 33 %, 15051 MiB, 143771 MiB
2026/08/13 23:09:40.607, NVIDIA H200, 38, 99 %, 21 %, 15051 MiB, 143771 MiB
2026/08/13 23:09:43.607, NVIDIA H200, 36, 97 %, 27 %, 15051 MiB, 143771 MiB
2026/08/13 23:09:46.608, NVIDIA H200, 38, 98 %, 32 %, 15051 MiB, 143771 MiB
2026/08/13 23:09:49.608, NVIDIA H200, 38, 99 %, 21 %, 15051 MiB, 143771 MiB
2026/08/13 23:09:52.608, NVIDIA H200, 37, 97 %, 29 %, 15051 MiB, 143771 MiB
2026/08/13 23:09:55.608, NVIDIA H200, 38, 98 %, 31 %, 15051 MiB, 143771 MiB
2026/08/13 23:09:58.609, NVIDIA H200, 37, 99 %, 21 %, 15051 MiB, 143771 MiB
2026/08/13 23:10:01.609, NVIDIA H200, 37, 97 %, 26 %, 15051 MiB, 143771 MiB
2026/08/13 23:10:04.609, NVIDIA H200, 38, 98 %, 32 %, 15051 MiB, 143771 MiB
2026/08/13 23:10:07.610, NVIDIA H200, 38, 99 %, 21 %, 15051 MiB, 143771 MiB
2026/08/13 23:10:10.610, NVIDIA H200, 37, 98 %, 30 %, 15051 MiB, 143771 MiB
2026/08/13 23:10:13.610, NVIDIA H200, 38, 98 %, 30 %, 15051 MiB, 143771 MiB
2026/08/13 23:10:16.611, NVIDIA H200, 36, 99 %, 24 %, 15051 MiB, 143771 MiB
2026/08/13 23:10:19.611, NVIDIA H200, 36, 98 %, 31 %, 15051 MiB, 143771 MiB
2026/08/13 23:10:22.611, NVIDIA H200, 38, 99 %, 27 %, 15051 MiB, 143771 MiB
2026/08/13 23:10:25.612, NVIDIA H200, 34, 95 %, 31 %, 15051 MiB, 143771 MiB
2026/08/13 23:10:28.612, NVIDIA H200, 36, 74 %, 24 %, 15051 MiB, 143771 MiB
2026/08/13 23:10:31.612, NVIDIA H200, 26, 0 %, 0 %, 15051 MiB, 143771 MiB
2026/08/13 23:10:34.613, NVIDIA H200, 38, 100 %, 24 %, 15051 MiB, 143771 MiB
2026/08/13 23:10:37.613, NVIDIA H200, 36, 99 %, 26 %, 15051 MiB, 143771 MiB
2026/08/13 23:10:40.613, NVIDIA H200, 37, 98 %, 33 %, 15051 MiB, 143771 MiB
2026/08/13 23:10:43.614, NVIDIA H200, 38, 100 %, 25 %, 15051 MiB, 143771 MiB
2026/08/13 23:10:46.614, NVIDIA H200, 37, 96 %, 26 %, 15051 MiB, 143771 MiB
2026/08/13 23:10:49.614, NVIDIA H200, 38, 98 %, 34 %, 15051 MiB, 143771 MiB
2026/08/13 23:10:52.615, NVIDIA H200, 38, 99 %, 22 %, 15051 MiB, 143771 MiB
2026/08/13 23:10:55.615, NVIDIA H200, 36, 96 %, 26 %, 15051 MiB, 143771 MiB
2026/08/13 23:10:58.615, NVIDIA H200, 38, 98 %, 32 %, 15051 MiB, 143771 MiB
2026/08/13 23:11:01.616, NVIDIA H200, 37, 99 %, 21 %, 15051 MiB, 143771 MiB
2026/08/13 23:11:04.616, NVIDIA H200, 37, 98 %, 29 %, 15051 MiB, 143771 MiB
2026/08/13 23:11:07.616, NVIDIA H200, 38, 98 %, 31 %, 15051 MiB, 143771 MiB
2026/08/13 23:11:10.617, NVIDIA H200, 37, 99 %, 24 %, 15051 MiB, 143771 MiB
2026/08/13 23:11:13.618, NVIDIA H200, 36, 98 %, 31 %, 15051 MiB, 143771 MiB
2026/08/13 23:11:16.618, NVIDIA H200, 39, 100 %, 26 %, 15051 MiB, 143771 MiB
2026/08/13 23:11:19.619, NVIDIA H200, 37, 99 %, 25 %, 15051 MiB, 143771 MiB
2026/08/13 23:11:22.619, NVIDIA H200, 37, 98 %, 33 %, 15051 MiB, 143771 MiB
2026/08/13 23:11:25.619, NVIDIA H200, 38, 99 %, 23 %, 15051 MiB, 143771 MiB
2026/08/13 23:11:28.620, NVIDIA H200, 36, 98 %, 26 %, 15051 MiB, 143771 MiB
2026/08/13 23:11:31.620, NVIDIA H200, 38, 98 %, 31 %, 15051 MiB, 143771 MiB
2026/08/13 23:11:34.620, NVIDIA H200, 37, 99 %, 21 %, 15051 MiB, 143771 MiB
2026/08/13 23:11:37.621, NVIDIA H200, 36, 98 %, 30 %, 15051 MiB, 143771 MiB
2026/08/13 23:11:40.621, NVIDIA H200, 37, 99 %, 29 %, 15051 MiB, 143771 MiB
2026/08/13 23:11:43.624, NVIDIA H200, 37, 99 %, 25 %, 15051 MiB, 143771 MiB
2026/08/13 23:11:46.624, NVIDIA H200, 37, 98 %, 31 %, 15051 MiB, 143771 MiB
2026/08/13 23:11:49.624, NVIDIA H200, 39, 100 %, 23 %, 15051 MiB, 143771 MiB
2026/08/13 23:11:52.625, NVIDIA H200, 37, 97 %, 25 %, 15051 MiB, 143771 MiB
2026/08/13 23:11:55.625, NVIDIA H200, 38, 98 %, 34 %, 15051 MiB, 143771 MiB
2026/08/13 23:11:58.625, NVIDIA H200, 38, 99 %, 22 %, 15051 MiB, 143771 MiB
2026/08/13 23:12:01.626, NVIDIA H200, 37, 98 %, 26 %, 15051 MiB, 143771 MiB
2026/08/13 23:12:04.626, NVIDIA H200, 39, 98 %, 31 %, 15051 MiB, 143771 MiB
2026/08/13 23:12:07.626, NVIDIA H200, 37, 99 %, 22 %, 15051 MiB, 143771 MiB
2026/08/13 23:12:10.626, NVIDIA H200, 36, 97 %, 31 %, 15051 MiB, 143771 MiB
2026/08/13 23:12:13.627, NVIDIA H200, 38, 99 %, 28 %, 15051 MiB, 143771 MiB
2026/08/13 23:12:16.627, NVIDIA H200, 37, 99 %, 25 %, 15051 MiB, 143771 MiB
2026/08/13 23:12:19.628, NVIDIA H200, 37, 98 %, 31 %, 15051 MiB, 143771 MiB
2026/08/13 23:12:22.628, NVIDIA H200, 39, 100 %, 24 %, 15051 MiB, 143771 MiB
2026/08/13 23:12:25.628, NVIDIA H200, 37, 99 %, 26 %, 15051 MiB, 143771 MiB
2026/08/13 23:12:28.629, NVIDIA H200, 29, 0 %, 0 %, 15051 MiB, 143771 MiB
2026/08/13 23:12:31.629, NVIDIA H200, 36, 85 %, 27 %, 15051 MiB, 143771 MiB
2026/08/13 23:12:34.629, NVIDIA H200, 29, 5 %, 0 %, 15051 MiB, 143771 MiB
2026/08/13 23:12:37.630, NVIDIA H200, 34, 99 %, 23 %, 15051 MiB, 143771 MiB
2026/08/13 23:12:40.630, NVIDIA H200, 37, 98 %, 27 %, 15051 MiB, 143771 MiB
2026/08/13 23:12:43.630, NVIDIA H200, 38, 98 %, 34 %, 15051 MiB, 143771 MiB
2026/08/13 23:12:46.631, NVIDIA H200, 37, 99 %, 22 %, 15051 MiB, 143771 MiB
2026/08/13 23:12:49.631, NVIDIA H200, 38, 98 %, 27 %, 15051 MiB, 143771 MiB
2026/08/13 23:12:52.631, NVIDIA H200, 37, 98 %, 31 %, 15051 MiB, 143771 MiB
2026/08/13 23:12:55.632, NVIDIA H200, 37, 99 %, 22 %, 15051 MiB, 143771 MiB
2026/08/13 23:12:58.632, NVIDIA H200, 39, 98 %, 29 %, 15051 MiB, 143771 MiB
2026/08/13 23:13:01.632, NVIDIA H200, 37, 98 %, 31 %, 15051 MiB, 143771 MiB
2026/08/13 23:13:04.633, NVIDIA H200, 37, 100 %, 23 %, 15051 MiB, 143771 MiB
2026/08/13 23:13:07.633, NVIDIA H200, 39, 97 %, 25 %, 15051 MiB, 143771 MiB
2026/08/13 23:13:10.633, NVIDIA H200, 38, 98 %, 34 %, 15051 MiB, 143771 MiB
2026/08/13 23:13:13.634, NVIDIA H200, 37, 99 %, 22 %, 15051 MiB, 143771 MiB
2026/08/13 23:13:16.634, NVIDIA H200, 38, 97 %, 26 %, 15051 MiB, 143771 MiB
2026/08/13 23:13:19.634, NVIDIA H200, 37, 98 %, 31 %, 15051 MiB, 143771 MiB
2026/08/13 23:13:22.635, NVIDIA H200, 37, 99 %, 22 %, 15051 MiB, 143771 MiB
2026/08/13 23:13:25.635, NVIDIA H200, 39, 97 %, 30 %, 15051 MiB, 143771 MiB
2026/08/13 23:13:28.635, NVIDIA H200, 37, 99 %, 27 %, 15051 MiB, 143771 MiB
2026/08/13 23:13:31.636, NVIDIA H200, 38, 99 %, 25 %, 15051 MiB, 143771 MiB
2026/08/13 23:13:34.636, NVIDIA H200, 38, 98 %, 31 %, 15051 MiB, 143771 MiB
2026/08/13 23:13:37.636, NVIDIA H200, 37, 100 %, 23 %, 15051 MiB, 143771 MiB
2026/08/13 23:13:40.637, NVIDIA H200, 39, 97 %, 25 %, 15051 MiB, 143771 MiB
2026/08/13 23:13:43.639, NVIDIA H200, 38, 98 %, 32 %, 15051 MiB, 143771 MiB
2026/08/13 23:13:46.639, NVIDIA H200, 37, 100 %, 25 %, 15051 MiB, 143771 MiB
2026/08/13 23:13:49.639, NVIDIA H200, 39, 97 %, 27 %, 15051 MiB, 143771 MiB
2026/08/13 23:13:52.640, NVIDIA H200, 37, 98 %, 32 %, 15051 MiB, 143771 MiB
2026/08/13 23:13:55.640, NVIDIA H200, 37, 99 %, 23 %, 15051 MiB, 143771 MiB
2026/08/13 23:13:58.640, NVIDIA H200, 39, 98 %, 30 %, 15051 MiB, 143771 MiB
2026/08/13 23:14:01.641, NVIDIA H200, 37, 99 %, 27 %, 15051 MiB, 143771 MiB
2026/08/13 23:14:04.641, NVIDIA H200, 38, 99 %, 25 %, 15051 MiB, 143771 MiB
2026/08/13 23:14:07.641, NVIDIA H200, 39, 97 %, 31 %, 15051 MiB, 143771 MiB
2026/08/13 23:14:10.642, NVIDIA H200, 38, 100 %, 23 %, 15051 MiB, 143771 MiB
2026/08/13 23:14:13.642, NVIDIA H200, 37, 95 %, 24 %, 15051 MiB, 143771 MiB
2026/08/13 23:14:16.642, NVIDIA H200, 38, 98 %, 32 %, 15051 MiB, 143771 MiB
2026/08/13 23:14:19.643, NVIDIA H200, 39, 99 %, 24 %, 15051 MiB, 143771 MiB
2026/08/13 23:14:22.643, NVIDIA H200, 38, 97 %, 27 %, 15051 MiB, 143771 MiB
2026/08/13 23:14:25.643, NVIDIA H200, 39, 98 %, 32 %, 15051 MiB, 143771 MiB
2026/08/13 23:14:28.643, NVIDIA H200, 38, 99 %, 22 %, 15051 MiB, 143771 MiB
2026/08/13 23:14:31.644, NVIDIA H200, 37, 98 %, 31 %, 15051 MiB, 143771 MiB
2026/08/13 23:14:34.644, NVIDIA H200, 33, 80 %, 25 %, 15051 MiB, 143771 MiB
2026/08/13 23:14:37.644, NVIDIA H200, 35, 78 %, 20 %, 15051 MiB, 143771 MiB
2026/08/13 23:14:40.645, NVIDIA H200, 26, 0 %, 0 %, 15051 MiB, 143771 MiB
2026/08/13 23:14:43.645, NVIDIA H200, 25, 0 %, 0 %, 15051 MiB, 143771 MiB
2026/08/13 23:14:46.645, NVIDIA H200, 38, 100 %, 24 %, 15051 MiB, 143771 MiB
2026/08/13 23:14:49.646, NVIDIA H200, 37, 97 %, 26 %, 15051 MiB, 143771 MiB
2026/08/13 23:14:52.646, NVIDIA H200, 39, 99 %, 33 %, 15051 MiB, 143771 MiB
2026/08/13 23:14:55.646, NVIDIA H200, 38, 99 %, 22 %, 15051 MiB, 143771 MiB
2026/08/13 23:14:58.647, NVIDIA H200, 37, 97 %, 30 %, 15051 MiB, 143771 MiB
2026/08/13 23:15:01.647, NVIDIA H200, 40, 100 %, 25 %, 15051 MiB, 143771 MiB
2026/08/13 23:15:04.647, NVIDIA H200, 37, 99 %, 26 %, 15051 MiB, 143771 MiB
2026/08/13 23:15:07.648, NVIDIA H200, 39, 98 %, 33 %, 15051 MiB, 143771 MiB
2026/08/13 23:15:10.648, NVIDIA H200, 38, 99 %, 22 %, 15051 MiB, 143771 MiB
2026/08/13 23:15:13.648, NVIDIA H200, 37, 98 %, 31 %, 15051 MiB, 143771 MiB
2026/08/13 23:15:16.649, NVIDIA H200, 40, 100 %, 23 %, 15051 MiB, 143771 MiB
2026/08/13 23:15:19.649, NVIDIA H200, 38, 98 %, 27 %, 15051 MiB, 143771 MiB
2026/08/13 23:15:22.649, NVIDIA H200, 39, 98 %, 31 %, 15051 MiB, 143771 MiB
2026/08/13 23:15:25.649, NVIDIA H200, 38, 99 %, 24 %, 15051 MiB, 143771 MiB
2026/08/13 23:15:28.650, NVIDIA H200, 38, 97 %, 31 %, 15051 MiB, 143771 MiB
2026/08/13 23:15:31.650, NVIDIA H200, 40, 100 %, 24 %, 15051 MiB, 143771 MiB
2026/08/13 23:15:34.650, NVIDIA H200, 38, 99 %, 26 %, 15051 MiB, 143771 MiB
2026/08/13 23:15:37.651, NVIDIA H200, 39, 98 %, 33 %, 15051 MiB, 143771 MiB
2026/08/13 23:15:40.651, NVIDIA H200, 39, 99 %, 20 %, 15051 MiB, 143771 MiB
2026/08/13 23:15:43.651, NVIDIA H200, 37, 98 %, 30 %, 15051 MiB, 143771 MiB
2026/08/13 23:15:46.652, NVIDIA H200, 40, 100 %, 27 %, 15051 MiB, 143771 MiB
2026/08/13 23:15:49.652, NVIDIA H200, 38, 99 %, 26 %, 15051 MiB, 143771 MiB
2026/08/13 23:15:52.652, NVIDIA H200, 39, 98 %, 33 %, 15051 MiB, 143771 MiB
2026/08/13 23:15:55.653, NVIDIA H200, 40, 100 %, 23 %, 15051 MiB, 143771 MiB
2026/08/13 23:15:58.653, NVIDIA H200, 38, 98 %, 27 %, 15051 MiB, 143771 MiB
2026/08/13 23:16:01.653, NVIDIA H200, 39, 98 %, 32 %, 15051 MiB, 143771 MiB
2026/08/13 23:16:04.654, NVIDIA H200, 38, 99 %, 22 %, 15051 MiB, 143771 MiB
2026/08/13 23:16:07.654, NVIDIA H200, 38, 97 %, 31 %, 15051 MiB, 143771 MiB
2026/08/13 23:16:10.654, NVIDIA H200, 38, 98 %, 31 %, 15051 MiB, 143771 MiB
2026/08/13 23:16:13.658, NVIDIA H200, 40, 99 %, 26 %, 15051 MiB, 143771 MiB
2026/08/13 23:16:16.659, NVIDIA H200, 38, 99 %, 32 %, 15051 MiB, 143771 MiB
2026/08/13 23:16:19.659, NVIDIA H200, 38, 99 %, 22 %, 15051 MiB, 143771 MiB
2026/08/13 23:16:22.659, NVIDIA H200, 39, 98 %, 29 %, 15051 MiB, 143771 MiB
2026/08/13 23:16:25.660, NVIDIA H200, 38, 98 %, 31 %, 15051 MiB, 143771 MiB
2026/08/13 23:16:28.660, NVIDIA H200, 38, 99 %, 22 %, 15051 MiB, 143771 MiB
2026/08/13 23:16:31.660, NVIDIA H200, 39, 97 %, 29 %, 15051 MiB, 143771 MiB
2026/08/13 23:16:34.661, NVIDIA H200, 38, 99 %, 27 %, 15051 MiB, 143771 MiB
2026/08/13 23:16:37.661, NVIDIA H200, 39, 99 %, 27 %, 15051 MiB, 143771 MiB
2026/08/13 23:16:40.661, NVIDIA H200, 32, 78 %, 18 %, 15051 MiB, 143771 MiB
2026/08/13 23:16:43.661, NVIDIA H200, 35, 67 %, 21 %, 15051 MiB, 143771 MiB
2026/08/13 23:16:46.662, NVIDIA H200, 31, 99 %, 32 %, 15051 MiB, 143771 MiB
2026/08/13 23:16:49.662, NVIDIA H200, 33, 80 %, 26 %, 15051 MiB, 143771 MiB
2026/08/13 23:16:52.662, NVIDIA H200, 38, 98 %, 31 %, 15051 MiB, 143771 MiB
2026/08/13 23:16:55.663, NVIDIA H200, 37, 100 %, 23 %, 15051 MiB, 143771 MiB
2026/08/13 23:16:58.663, NVIDIA H200, 39, 98 %, 27 %, 15051 MiB, 143771 MiB
2026/08/13 23:17:01.663, NVIDIA H200, 37, 98 %, 34 %, 15051 MiB, 143771 MiB
2026/08/13 23:17:04.664, NVIDIA H200, 39, 99 %, 22 %, 15051 MiB, 143771 MiB
2026/08/13 23:17:07.664, NVIDIA H200, 38, 98 %, 31 %, 15051 MiB, 143771 MiB
2026/08/13 23:17:10.664, NVIDIA H200, 37, 100 %, 23 %, 15051 MiB, 143771 MiB
2026/08/13 23:17:13.665, NVIDIA H200, 40, 97 %, 27 %, 15051 MiB, 143771 MiB
2026/08/13 23:17:16.665, NVIDIA H200, 38, 98 %, 31 %, 15051 MiB, 143771 MiB
2026/08/13 23:17:19.665, NVIDIA H200, 39, 99 %, 24 %, 15051 MiB, 143771 MiB
2026/08/13 23:17:22.666, NVIDIA H200, 38, 97 %, 30 %, 15051 MiB, 143771 MiB
2026/08/13 23:17:25.666, NVIDIA H200, 38, 99 %, 27 %, 15051 MiB, 143771 MiB
2026/08/13 23:17:28.666, NVIDIA H200, 40, 100 %, 26 %, 15051 MiB, 143771 MiB
2026/08/13 23:17:31.667, NVIDIA H200, 38, 99 %, 25 %, 15051 MiB, 143771 MiB
2026/08/13 23:17:34.667, NVIDIA H200, 40, 98 %, 32 %, 15051 MiB, 143771 MiB
2026/08/13 23:17:37.667, NVIDIA H200, 38, 99 %, 24 %, 15051 MiB, 143771 MiB
2026/08/13 23:17:40.668, NVIDIA H200, 38, 99 %, 31 %, 15051 MiB, 143771 MiB
2026/08/13 23:17:43.668, NVIDIA H200, 39, 100 %, 25 %, 15051 MiB, 143771 MiB
2026/08/13 23:17:46.668, NVIDIA H200, 38, 98 %, 27 %, 15051 MiB, 143771 MiB
2026/08/13 23:17:49.669, NVIDIA H200, 39, 98 %, 30 %, 15051 MiB, 143771 MiB
2026/08/13 23:17:52.669, NVIDIA H200, 38, 99 %, 24 %, 15051 MiB, 143771 MiB
2026/08/13 23:17:55.669, NVIDIA H200, 39, 99 %, 35 %, 15051 MiB, 143771 MiB
2026/08/13 23:17:58.670, NVIDIA H200, 39, 99 %, 21 %, 15051 MiB, 143771 MiB
2026/08/13 23:18:01.670, NVIDIA H200, 38, 97 %, 30 %, 15051 MiB, 143771 MiB
2026/08/13 23:18:04.670, NVIDIA H200, 40, 100 %, 25 %, 15051 MiB, 143771 MiB
2026/08/13 23:18:07.671, NVIDIA H200, 38, 98 %, 26 %, 15051 MiB, 143771 MiB
2026/08/13 23:18:10.671, NVIDIA H200, 39, 98 %, 32 %, 15051 MiB, 143771 MiB
2026/08/13 23:18:13.672, NVIDIA H200, 38, 99 %, 22 %, 15051 MiB, 143771 MiB
2026/08/13 23:18:16.672, NVIDIA H200, 38, 98 %, 31 %, 15051 MiB, 143771 MiB
2026/08/13 23:18:19.672, NVIDIA H200, 39, 100 %, 23 %, 15051 MiB, 143771 MiB
2026/08/13 23:18:22.673, NVIDIA H200, 38, 98 %, 26 %, 15051 MiB, 143771 MiB
2026/08/13 23:18:25.673, NVIDIA H200, 38, 99 %, 30 %, 15051 MiB, 143771 MiB
2026/08/13 23:18:28.673, NVIDIA H200, 38, 99 %, 25 %, 15051 MiB, 143771 MiB
2026/08/13 23:18:31.674, NVIDIA H200, 38, 98 %, 33 %, 15051 MiB, 143771 MiB
2026/08/13 23:18:34.674, NVIDIA H200, 39, 99 %, 22 %, 15051 MiB, 143771 MiB
2026/08/13 23:18:37.674, NVIDIA H200, 38, 98 %, 29 %, 15051 MiB, 143771 MiB
2026/08/13 23:18:40.675, NVIDIA H200, 39, 99 %, 28 %, 15051 MiB, 143771 MiB
2026/08/13 23:18:43.687, NVIDIA H200, 38, 98 %, 26 %, 15051 MiB, 143771 MiB
2026/08/13 23:18:46.687, NVIDIA H200, 36, 69 %, 22 %, 15051 MiB, 143771 MiB
2026/08/13 23:18:49.688, NVIDIA H200, 38, 90 %, 28 %, 15051 MiB, 143771 MiB
2026/08/13 23:18:52.688, NVIDIA H200, 35, 100 %, 23 %, 15051 MiB, 143771 MiB
2026/08/13 23:18:55.688, NVIDIA H200, 38, 99 %, 21 %, 15051 MiB, 143771 MiB
2026/08/13 23:18:58.689, NVIDIA H200, 37, 97 %, 29 %, 15051 MiB, 143771 MiB
2026/08/13 23:19:01.689, NVIDIA H200, 39, 98 %, 31 %, 15051 MiB, 143771 MiB
2026/08/13 23:19:04.689, NVIDIA H200, 37, 99 %, 24 %, 15051 MiB, 143771 MiB
2026/08/13 23:19:07.690, NVIDIA H200, 38, 97 %, 31 %, 15051 MiB, 143771 MiB
2026/08/13 23:19:10.690, NVIDIA H200, 38, 100 %, 27 %, 15051 MiB, 143771 MiB
2026/08/13 23:19:13.690, NVIDIA H200, 38, 99 %, 25 %, 15051 MiB, 143771 MiB
2026/08/13 23:19:16.691, NVIDIA H200, 37, 98 %, 32 %, 15051 MiB, 143771 MiB
2026/08/13 23:19:19.691, NVIDIA H200, 38, 99 %, 25 %, 15051 MiB, 143771 MiB
2026/08/13 23:19:22.691, NVIDIA H200, 39, 97 %, 27 %, 15051 MiB, 143771 MiB
2026/08/13 23:19:25.692, NVIDIA H200, 38, 98 %, 32 %, 15051 MiB, 143771 MiB
2026/08/13 23:19:28.692, NVIDIA H200, 39, 99 %, 21 %, 15051 MiB, 143771 MiB
2026/08/13 23:19:31.692, NVIDIA H200, 39, 98 %, 30 %, 15051 MiB, 143771 MiB
2026/08/13 23:19:34.693, NVIDIA H200, 37, 98 %, 29 %, 15051 MiB, 143771 MiB
2026/08/13 23:19:37.693, NVIDIA H200, 39, 99 %, 24 %, 15051 MiB, 143771 MiB
2026/08/13 23:19:40.693, NVIDIA H200, 39, 97 %, 31 %, 15051 MiB, 143771 MiB
2026/08/13 23:19:43.694, NVIDIA H200, 37, 99 %, 28 %, 15051 MiB, 143771 MiB
2026/08/13 23:19:46.694, NVIDIA H200, 38, 99 %, 22 %, 15051 MiB, 143771 MiB
2026/08/13 23:19:49.695, NVIDIA H200, 39, 97 %, 26 %, 15051 MiB, 143771 MiB
2026/08/13 23:19:52.695, NVIDIA H200, 38, 98 %, 32 %, 15051 MiB, 143771 MiB
2026/08/13 23:19:55.695, NVIDIA H200, 39, 99 %, 21 %, 15051 MiB, 143771 MiB
2026/08/13 23:19:58.696, NVIDIA H200, 39, 97 %, 30 %, 15051 MiB, 143771 MiB
2026/08/13 23:20:01.696, NVIDIA H200, 37, 98 %, 31 %, 15051 MiB, 143771 MiB
2026/08/13 23:20:04.696, NVIDIA H200, 39, 99 %, 24 %, 15051 MiB, 143771 MiB
2026/08/13 23:20:07.697, NVIDIA H200, 38, 97 %, 32 %, 15051 MiB, 143771 MiB
2026/08/13 23:20:10.697, NVIDIA H200, 37, 100 %, 24 %, 15051 MiB, 143771 MiB
2026/08/13 23:20:13.700, NVIDIA H200, 38, 99 %, 25 %, 15051 MiB, 143771 MiB
2026/08/13 23:20:16.700, NVIDIA H200, 37, 98 %, 33 %, 15051 MiB, 143771 MiB
2026/08/13 23:20:19.700, NVIDIA H200, 37, 100 %, 25 %, 15051 MiB, 143771 MiB
2026/08/13 23:20:22.701, NVIDIA H200, 38, 99 %, 25 %, 15051 MiB, 143771 MiB
2026/08/13 23:20:25.701, NVIDIA H200, 37, 98 %, 32 %, 15051 MiB, 143771 MiB
2026/08/13 23:20:28.701, NVIDIA H200, 38, 99 %, 25 %, 15051 MiB, 143771 MiB
2026/08/13 23:20:31.702, NVIDIA H200, 40, 98 %, 27 %, 15051 MiB, 143771 MiB
2026/08/13 23:20:34.702, NVIDIA H200, 37, 98 %, 33 %, 15051 MiB, 143771 MiB
2026/08/13 23:20:37.702, NVIDIA H200, 38, 99 %, 21 %, 15051 MiB, 143771 MiB
2026/08/13 23:20:40.703, NVIDIA H200, 39, 97 %, 29 %, 15051 MiB, 143771 MiB
2026/08/13 23:20:43.703, NVIDIA H200, 37, 98 %, 30 %, 15051 MiB, 143771 MiB
2026/08/13 23:20:46.703, NVIDIA H200, 39, 99 %, 25 %, 15051 MiB, 143771 MiB
2026/08/13 23:20:49.704, NVIDIA H200, 32, 49 %, 16 %, 15051 MiB, 143771 MiB
2026/08/13 23:20:52.704, NVIDIA H200, 34, 64 %, 18 %, 15051 MiB, 143771 MiB
2026/08/13 23:20:55.704, NVIDIA H200, 26, 0 %, 0 %, 15051 MiB, 143771 MiB
2026/08/13 23:20:58.705, NVIDIA H200, 37, 99 %, 29 %, 15051 MiB, 143771 MiB
2026/08/13 23:21:01.705, NVIDIA H200, 38, 99 %, 25 %, 15051 MiB, 143771 MiB
2026/08/13 23:21:04.705, NVIDIA H200, 37, 99 %, 34 %, 15051 MiB, 143771 MiB
2026/08/13 23:21:07.706, NVIDIA H200, 39, 99 %, 21 %, 15051 MiB, 143771 MiB
2026/08/13 23:21:10.706, NVIDIA H200, 39, 97 %, 31 %, 15051 MiB, 143771 MiB
2026/08/13 23:21:13.706, NVIDIA H200, 37, 100 %, 24 %, 15051 MiB, 143771 MiB
2026/08/13 23:21:16.707, NVIDIA H200, 40, 98 %, 27 %, 15051 MiB, 143771 MiB
2026/08/13 23:21:19.707, NVIDIA H200, 38, 99 %, 32 %, 15051 MiB, 143771 MiB
2026/08/13 23:21:22.707, NVIDIA H200, 39, 99 %, 24 %, 15051 MiB, 143771 MiB
2026/08/13 23:21:25.708, NVIDIA H200, 39, 98 %, 30 %, 15051 MiB, 143771 MiB
2026/08/13 23:21:28.708, NVIDIA H200, 38, 100 %, 27 %, 15051 MiB, 143771 MiB
2026/08/13 23:21:31.708, NVIDIA H200, 39, 99 %, 25 %, 15051 MiB, 143771 MiB
2026/08/13 23:21:34.708, NVIDIA H200, 37, 99 %, 33 %, 15051 MiB, 143771 MiB
2026/08/13 23:21:37.709, NVIDIA H200, 39, 99 %, 22 %, 15051 MiB, 143771 MiB
2026/08/13 23:21:40.709, NVIDIA H200, 38, 98 %, 31 %, 15051 MiB, 143771 MiB
2026/08/13 23:21:43.709, NVIDIA H200, 38, 100 %, 23 %, 15051 MiB, 143771 MiB
2026/08/13 23:21:46.710, NVIDIA H200, 39, 97 %, 26 %, 15051 MiB, 143771 MiB
2026/08/13 23:21:49.710, NVIDIA H200, 38, 98 %, 31 %, 15051 MiB, 143771 MiB
2026/08/13 23:21:52.710, NVIDIA H200, 38, 99 %, 22 %, 15051 MiB, 143771 MiB
2026/08/13 23:21:55.711, NVIDIA H200, 39, 97 %, 29 %, 15051 MiB, 143771 MiB
2026/08/13 23:21:58.711, NVIDIA H200, 38, 98 %, 32 %, 15051 MiB, 143771 MiB
2026/08/13 23:22:01.711, NVIDIA H200, 39, 99 %, 24 %, 15051 MiB, 143771 MiB
2026/08/13 23:22:04.712, NVIDIA H200, 38, 98 %, 31 %, 15051 MiB, 143771 MiB
2026/08/13 23:22:07.712, NVIDIA H200, 37, 100 %, 23 %, 15051 MiB, 143771 MiB
2026/08/13 23:22:10.712, NVIDIA H200, 40, 98 %, 27 %, 15051 MiB, 143771 MiB
2026/08/13 23:22:13.713, NVIDIA H200, 38, 98 %, 32 %, 15051 MiB, 143771 MiB
2026/08/13 23:22:16.713, NVIDIA H200, 39, 99 %, 21 %, 15051 MiB, 143771 MiB
2026/08/13 23:22:19.714, NVIDIA H200, 39, 97 %, 31 %, 15051 MiB, 143771 MiB
2026/08/13 23:22:22.714, NVIDIA H200, 38, 100 %, 27 %, 15051 MiB, 143771 MiB
2026/08/13 23:22:25.714, NVIDIA H200, 39, 99 %, 26 %, 15051 MiB, 143771 MiB
2026/08/13 23:22:28.714, NVIDIA H200, 37, 97 %, 34 %, 15051 MiB, 143771 MiB
2026/08/13 23:22:31.715, NVIDIA H200, 38, 99 %, 21 %, 15051 MiB, 143771 MiB
2026/08/13 23:22:34.715, NVIDIA H200, 39, 97 %, 30 %, 15051 MiB, 143771 MiB
2026/08/13 23:22:37.715, NVIDIA H200, 38, 98 %, 29 %, 15051 MiB, 143771 MiB
2026/08/13 23:22:40.716, NVIDIA H200, 39, 99 %, 28 %, 15051 MiB, 143771 MiB
2026/08/13 23:22:43.719, NVIDIA H200, 37, 99 %, 25 %, 15051 MiB, 143771 MiB
2026/08/13 23:22:46.719, NVIDIA H200, 38, 98 %, 32 %, 15051 MiB, 143771 MiB
2026/08/13 23:22:49.719, NVIDIA H200, 39, 99 %, 22 %, 15051 MiB, 143771 MiB
2026/08/13 23:22:52.720, NVIDIA H200, 30, 40 %, 11 %, 15051 MiB, 143771 MiB
2026/08/13 23:22:55.720, NVIDIA H200, 34, 76 %, 21 %, 15051 MiB, 143771 MiB
2026/08/13 23:22:58.720, NVIDIA H200, 28, 6 %, 0 %, 15051 MiB, 143771 MiB
2026/08/13 23:23:01.721, NVIDIA H200, 35, 97 %, 25 %, 15051 MiB, 143771 MiB
2026/08/13 23:23:04.721, NVIDIA H200, 38, 98 %, 32 %, 15051 MiB, 143771 MiB
2026/08/13 23:23:07.721, NVIDIA H200, 39, 99 %, 24 %, 15051 MiB, 143771 MiB
2026/08/13 23:23:10.722, NVIDIA H200, 37, 97 %, 26 %, 15051 MiB, 143771 MiB
2026/08/13 23:23:13.724, NVIDIA H200, 39, 98 %, 31 %, 15051 MiB, 143771 MiB
2026/08/13 23:23:16.724, NVIDIA H200, 37, 99 %, 25 %, 15051 MiB, 143771 MiB
2026/08/13 23:23:19.724, NVIDIA H200, 38, 98 %, 31 %, 15051 MiB, 143771 MiB
2026/08/13 23:23:22.724, NVIDIA H200, 39, 99 %, 25 %, 15051 MiB, 143771 MiB
2026/08/13 23:23:25.725, NVIDIA H200, 37, 98 %, 26 %, 15051 MiB, 143771 MiB
2026/08/13 23:23:28.725, NVIDIA H200, 38, 98 %, 31 %, 15051 MiB, 143771 MiB
2026/08/13 23:23:31.725, NVIDIA H200, 38, 99 %, 25 %, 15051 MiB, 143771 MiB
2026/08/13 23:23:34.726, NVIDIA H200, 38, 98 %, 34 %, 15051 MiB, 143771 MiB
2026/08/13 23:23:37.726, NVIDIA H200, 39, 99 %, 22 %, 15051 MiB, 143771 MiB
2026/08/13 23:23:40.726, NVIDIA H200, 38, 97 %, 29 %, 15051 MiB, 143771 MiB
2026/08/13 23:23:43.727, NVIDIA H200, 39, 99 %, 28 %, 15051 MiB, 143771 MiB
2026/08/13 23:23:46.727, NVIDIA H200, 37, 99 %, 25 %, 15051 MiB, 143771 MiB
2026/08/13 23:23:49.727, NVIDIA H200, 38, 98 %, 31 %, 15051 MiB, 143771 MiB
2026/08/13 23:23:52.728, NVIDIA H200, 39, 99 %, 24 %, 15051 MiB, 143771 MiB
2026/08/13 23:23:55.728, NVIDIA H200, 37, 98 %, 29 %, 15051 MiB, 143771 MiB
2026/08/13 23:23:58.728, NVIDIA H200, 39, 99 %, 27 %, 15051 MiB, 143771 MiB
2026/08/13 23:24:01.729, NVIDIA H200, 37, 99 %, 27 %, 15051 MiB, 143771 MiB
2026/08/13 23:24:04.729, NVIDIA H200, 38, 98 %, 34 %, 15051 MiB, 143771 MiB
2026/08/13 23:24:07.729, NVIDIA H200, 38, 94 %, 22 %, 15051 MiB, 143771 MiB
2026/08/13 23:24:10.730, NVIDIA H200, 38, 97 %, 27 %, 15051 MiB, 143771 MiB
2026/08/13 23:24:13.730, NVIDIA H200, 39, 98 %, 32 %, 15051 MiB, 143771 MiB
2026/08/13 23:24:16.730, NVIDIA H200, 37, 99 %, 24 %, 15051 MiB, 143771 MiB
2026/08/13 23:24:19.731, NVIDIA H200, 37, 98 %, 30 %, 15051 MiB, 143771 MiB
2026/08/13 23:24:22.731, NVIDIA H200, 38, 99 %, 24 %, 15051 MiB, 143771 MiB
2026/08/13 23:24:25.731, NVIDIA H200, 39, 98 %, 26 %, 15051 MiB, 143771 MiB
2026/08/13 23:24:28.732, NVIDIA H200, 37, 98 %, 30 %, 15051 MiB, 143771 MiB
2026/08/13 23:24:31.732, NVIDIA H200, 38, 99 %, 25 %, 15051 MiB, 143771 MiB
2026/08/13 23:24:34.732, NVIDIA H200, 37, 98 %, 32 %, 15051 MiB, 143771 MiB
2026/08/13 23:24:37.733, NVIDIA H200, 38, 99 %, 22 %, 15051 MiB, 143771 MiB
2026/08/13 23:24:40.733, NVIDIA H200, 39, 97 %, 27 %, 15051 MiB, 143771 MiB
2026/08/13 23:24:43.735, NVIDIA H200, 37, 99 %, 30 %, 15051 MiB, 143771 MiB
2026/08/13 23:24:46.735, NVIDIA H200, 39, 99 %, 25 %, 15051 MiB, 143771 MiB
2026/08/13 23:24:49.735, NVIDIA H200, 37, 98 %, 32 %, 15051 MiB, 143771 MiB
2026/08/13 23:24:52.736, NVIDIA H200, 38, 99 %, 22 %, 15051 MiB, 143771 MiB
2026/08/13 23:24:55.736, NVIDIA H200, 32, 98 %, 22 %, 15051 MiB, 143771 MiB
2026/08/13 23:24:58.736, NVIDIA H200, 35, 81 %, 21 %, 15051 MiB, 143771 MiB
2026/08/13 23:25:01.737, NVIDIA H200, 32, 99 %, 33 %, 15051 MiB, 143771 MiB
2026/08/13 23:25:04.737, NVIDIA H200, 25, 0 %, 0 %, 15051 MiB, 143771 MiB
2026/08/13 23:25:07.737, NVIDIA H200, 25, 0 %, 0 %, 15051 MiB, 143771 MiB
2026/08/13 23:25:10.738, NVIDIA H200, 35, 98 %, 31 %, 15051 MiB, 143771 MiB
2026/08/13 23:25:13.739, NVIDIA H200, 36, 100 %, 24 %, 15051 MiB, 143771 MiB
2026/08/13 23:25:16.739, NVIDIA H200, 38, 98 %, 26 %, 15051 MiB, 143771 MiB
2026/08/13 23:25:19.740, NVIDIA H200, 37, 98 %, 33 %, 15051 MiB, 143771 MiB
2026/08/13 23:25:22.740, NVIDIA H200, 38, 93 %, 20 %, 15051 MiB, 143771 MiB
2026/08/13 23:25:25.740, NVIDIA H200, 38, 97 %, 30 %, 15051 MiB, 143771 MiB
2026/08/13 23:25:28.741, NVIDIA H200, 39, 100 %, 27 %, 15051 MiB, 143771 MiB
2026/08/13 23:25:31.741, NVIDIA H200, 37, 97 %, 26 %, 15051 MiB, 143771 MiB
2026/08/13 23:25:34.741, NVIDIA H200, 39, 98 %, 33 %, 15051 MiB, 143771 MiB
2026/08/13 23:25:37.742, NVIDIA H200, 37, 99 %, 22 %, 15051 MiB, 143771 MiB
2026/08/13 23:25:40.742, NVIDIA H200, 37, 97 %, 31 %, 15051 MiB, 143771 MiB
2026/08/13 23:25:43.742, NVIDIA H200, 39, 100 %, 26 %, 15051 MiB, 143771 MiB
2026/08/13 23:25:46.743, NVIDIA H200, 37, 98 %, 26 %, 15051 MiB, 143771 MiB
2026/08/13 23:25:49.743, NVIDIA H200, 39, 98 %, 33 %, 15051 MiB, 143771 MiB
2026/08/13 23:25:52.743, NVIDIA H200, 37, 99 %, 21 %, 15051 MiB, 143771 MiB
2026/08/13 23:25:55.744, NVIDIA H200, 37, 97 %, 31 %, 15051 MiB, 143771 MiB
2026/08/13 23:25:58.744, NVIDIA H200, 39, 100 %, 23 %, 15051 MiB, 143771 MiB
2026/08/13 23:26:01.744, NVIDIA H200, 38, 98 %, 27 %, 15051 MiB, 143771 MiB
2026/08/13 23:26:04.744, NVIDIA H200, 39, 98 %, 31 %, 15051 MiB, 143771 MiB
2026/08/13 23:26:07.745, NVIDIA H200, 38, 99 %, 21 %, 15051 MiB, 143771 MiB
2026/08/13 23:26:10.745, NVIDIA H200, 37, 98 %, 31 %, 15051 MiB, 143771 MiB
2026/08/13 23:26:13.746, NVIDIA H200, 40, 100 %, 25 %, 15051 MiB, 143771 MiB
2026/08/13 23:26:16.746, NVIDIA H200, 37, 99 %, 26 %, 15051 MiB, 143771 MiB
2026/08/13 23:26:19.747, NVIDIA H200, 37, 97 %, 31 %, 15051 MiB, 143771 MiB
2026/08/13 23:26:22.747, NVIDIA H200, 40, 100 %, 24 %, 15051 MiB, 143771 MiB
2026/08/13 23:26:25.747, NVIDIA H200, 38, 97 %, 27 %, 15051 MiB, 143771 MiB
2026/08/13 23:26:28.748, NVIDIA H200, 39, 98 %, 31 %, 15051 MiB, 143771 MiB
2026/08/13 23:26:31.748, NVIDIA H200, 37, 99 %, 25 %, 15051 MiB, 143771 MiB
2026/08/13 23:26:34.748, NVIDIA H200, 37, 98 %, 31 %, 15051 MiB, 143771 MiB
2026/08/13 23:26:37.748, NVIDIA H200, 39, 100 %, 24 %, 15051 MiB, 143771 MiB
2026/08/13 23:26:40.749, NVIDIA H200, 37, 97 %, 26 %, 15051 MiB, 143771 MiB
2026/08/13 23:26:43.749, NVIDIA H200, 39, 98 %, 33 %, 15051 MiB, 143771 MiB
2026/08/13 23:26:46.750, NVIDIA H200, 38, 99 %, 22 %, 15051 MiB, 143771 MiB
2026/08/13 23:26:49.750, NVIDIA H200, 37, 98 %, 31 %, 15051 MiB, 143771 MiB
2026/08/13 23:26:52.750, NVIDIA H200, 40, 100 %, 25 %, 15051 MiB, 143771 MiB
2026/08/13 23:26:55.751, NVIDIA H200, 38, 97 %, 26 %, 15051 MiB, 143771 MiB
2026/08/13 23:26:58.751, NVIDIA H200, 39, 98 %, 32 %, 15051 MiB, 143771 MiB
2026/08/13 23:27:01.751, NVIDIA H200, 37, 99 %, 24 %, 15051 MiB, 143771 MiB
2026/08/13 23:27:04.752, NVIDIA H200, 34, 98 %, 21 %, 15051 MiB, 143771 MiB
2026/08/13 23:27:07.752, NVIDIA H200, 35, 59 %, 18 %, 15051 MiB, 143771 MiB
2026/08/13 23:27:10.752, NVIDIA H200, 35, 83 %, 29 %, 15051 MiB, 143771 MiB
2026/08/13 23:27:13.754, NVIDIA H200, 29, 0 %, 0 %, 15051 MiB, 143771 MiB
2026/08/13 23:27:16.754, NVIDIA H200, 36, 99 %, 26 %, 15051 MiB, 143771 MiB
2026/08/13 23:27:19.754, NVIDIA H200, 38, 98 %, 34 %, 15051 MiB, 143771 MiB
2026/08/13 23:27:22.755, NVIDIA H200, 38, 99 %, 20 %, 15051 MiB, 143771 MiB
2026/08/13 23:27:25.755, NVIDIA H200, 37, 98 %, 30 %, 15051 MiB, 143771 MiB
2026/08/13 23:27:28.755, NVIDIA H200, 39, 100 %, 25 %, 15051 MiB, 143771 MiB
2026/08/13 23:27:31.756, NVIDIA H200, 37, 98 %, 25 %, 15051 MiB, 143771 MiB
2026/08/13 23:27:34.756, NVIDIA H200, 39, 98 %, 33 %, 15051 MiB, 143771 MiB
2026/08/13 23:27:37.756, NVIDIA H200, 38, 99 %, 24 %, 15051 MiB, 143771 MiB
2026/08/13 23:27:40.757, NVIDIA H200, 37, 98 %, 31 %, 15051 MiB, 143771 MiB
2026/08/13 23:27:43.759, NVIDIA H200, 39, 100 %, 24 %, 15051 MiB, 143771 MiB
2026/08/13 23:27:46.760, NVIDIA H200, 38, 97 %, 27 %, 15051 MiB, 143771 MiB
2026/08/13 23:27:49.760, NVIDIA H200, 39, 97 %, 27 %, 15051 MiB, 143771 MiB
2026/08/13 23:27:52.760, NVIDIA H200, 37, 98 %, 32 %, 15051 MiB, 143771 MiB
2026/08/13 23:27:55.761, NVIDIA H200, 37, 99 %, 23 %, 15051 MiB, 143771 MiB
2026/08/13 23:27:58.761, NVIDIA H200, 39, 98 %, 31 %, 15051 MiB, 143771 MiB
2026/08/13 23:28:01.761, NVIDIA H200, 38, 100 %, 24 %, 15051 MiB, 143771 MiB
2026/08/13 23:28:04.762, NVIDIA H200, 39, 98 %, 27 %, 15051 MiB, 143771 MiB
2026/08/13 23:28:07.762, NVIDIA H200, 37, 98 %, 31 %, 15051 MiB, 143771 MiB
2026/08/13 23:28:10.762, NVIDIA H200, 38, 99 %, 25 %, 15051 MiB, 143771 MiB
2026/08/13 23:28:13.763, NVIDIA H200, 38, 99 %, 31 %, 15051 MiB, 143771 MiB
2026/08/13 23:28:16.763, NVIDIA H200, 37, 99 %, 24 %, 15051 MiB, 143771 MiB
2026/08/13 23:28:19.763, NVIDIA H200, 38, 97 %, 27 %, 15051 MiB, 143771 MiB
2026/08/13 23:28:22.764, NVIDIA H200, 38, 98 %, 31 %, 15051 MiB, 143771 MiB
2026/08/13 23:28:25.764, NVIDIA H200, 38, 99 %, 23 %, 15051 MiB, 143771 MiB
2026/08/13 23:28:28.764, NVIDIA H200, 39, 98 %, 31 %, 15051 MiB, 143771 MiB
2026/08/13 23:28:31.765, NVIDIA H200, 37, 99 %, 25 %, 15051 MiB, 143771 MiB
2026/08/13 23:28:34.765, NVIDIA H200, 39, 98 %, 26 %, 15051 MiB, 143771 MiB
2026/08/13 23:28:37.765, NVIDIA H200, 37, 98 %, 31 %, 15051 MiB, 143771 MiB
2026/08/13 23:28:40.766, NVIDIA H200, 38, 99 %, 25 %, 15051 MiB, 143771 MiB
2026/08/13 23:28:43.766, NVIDIA H200, 39, 98 %, 31 %, 15051 MiB, 143771 MiB
2026/08/13 23:28:46.766, NVIDIA H200, 38, 99 %, 22 %, 15051 MiB, 143771 MiB
2026/08/13 23:28:49.767, NVIDIA H200, 39, 98 %, 29 %, 15051 MiB, 143771 MiB
2026/08/13 23:28:52.767, NVIDIA H200, 37, 98 %, 31 %, 15051 MiB, 143771 MiB
2026/08/13 23:28:55.767, NVIDIA H200, 38, 99 %, 24 %, 15051 MiB, 143771 MiB
2026/08/13 23:28:58.768, NVIDIA H200, 39, 98 %, 30 %, 15051 MiB, 143771 MiB
2026/08/13 23:29:01.768, NVIDIA H200, 37, 100 %, 24 %, 15051 MiB, 143771 MiB
2026/08/13 23:29:04.768, NVIDIA H200, 39, 98 %, 26 %, 15051 MiB, 143771 MiB
2026/08/13 23:29:07.769, NVIDIA H200, 38, 99 %, 31 %, 15051 MiB, 143771 MiB
2026/08/13 23:29:10.769, NVIDIA H200, 35, 75 %, 19 %, 15051 MiB, 143771 MiB
2026/08/13 23:29:13.769, NVIDIA H200, 36, 87 %, 28 %, 15051 MiB, 143771 MiB
2026/08/13 23:29:16.770, NVIDIA H200, 26, 0 %, 0 %, 15051 MiB, 143771 MiB
2026/08/13 23:29:19.770, NVIDIA H200, 37, 99 %, 25 %, 15051 MiB, 143771 MiB
2026/08/13 23:29:22.770, NVIDIA H200, 38, 98 %, 33 %, 15051 MiB, 143771 MiB
2026/08/13 23:29:25.771, NVIDIA H200, 37, 99 %, 22 %, 15051 MiB, 143771 MiB
2026/08/13 23:29:28.771, NVIDIA H200, 39, 99 %, 26 %, 15051 MiB, 143771 MiB
2026/08/13 23:29:31.771, NVIDIA H200, 37, 98 %, 33 %, 15051 MiB, 143771 MiB
2026/08/13 23:29:34.771, NVIDIA H200, 38, 99 %, 23 %, 15051 MiB, 143771 MiB
2026/08/13 23:29:37.772, NVIDIA H200, 37, 98 %, 26 %, 15051 MiB, 143771 MiB
2026/08/13 23:29:40.772, NVIDIA H200, 38, 98 %, 31 %, 15051 MiB, 143771 MiB
2026/08/13 23:29:43.773, NVIDIA H200, 37, 99 %, 24 %, 15051 MiB, 143771 MiB
2026/08/13 23:29:46.774, NVIDIA H200, 38, 98 %, 33 %, 15051 MiB, 143771 MiB
2026/08/13 23:29:49.774, NVIDIA H200, 38, 99 %, 22 %, 15051 MiB, 143771 MiB
2026/08/13 23:29:52.774, NVIDIA H200, 37, 98 %, 26 %, 15051 MiB, 143771 MiB
2026/08/13 23:29:55.775, NVIDIA H200, 39, 98 %, 31 %, 15051 MiB, 143771 MiB
2026/08/13 23:29:58.775, NVIDIA H200, 37, 99 %, 25 %, 15051 MiB, 143771 MiB
2026/08/13 23:30:01.775, NVIDIA H200, 38, 98 %, 31 %, 15051 MiB, 143771 MiB
2026/08/13 23:30:04.776, NVIDIA H200, 38, 99 %, 23 %, 15051 MiB, 143771 MiB
2026/08/13 23:30:07.776, NVIDIA H200, 37, 97 %, 27 %, 15051 MiB, 143771 MiB
2026/08/13 23:30:10.776, NVIDIA H200, 38, 98 %, 30 %, 15051 MiB, 143771 MiB
2026/08/13 23:30:13.789, NVIDIA H200, 37, 99 %, 25 %, 15051 MiB, 143771 MiB
2026/08/13 23:30:16.789, NVIDIA H200, 38, 98 %, 31 %, 15051 MiB, 143771 MiB
2026/08/13 23:30:19.790, NVIDIA H200, 39, 99 %, 25 %, 15051 MiB, 143771 MiB
2026/08/13 23:30:22.790, NVIDIA H200, 37, 97 %, 26 %, 15051 MiB, 143771 MiB
2026/08/13 23:30:25.790, NVIDIA H200, 39, 98 %, 31 %, 15051 MiB, 143771 MiB
2026/08/13 23:30:28.791, NVIDIA H200, 37, 99 %, 25 %, 15051 MiB, 143771 MiB
2026/08/13 23:30:31.791, NVIDIA H200, 38, 98 %, 32 %, 15051 MiB, 143771 MiB
2026/08/13 23:30:34.792, NVIDIA H200, 39, 100 %, 23 %, 15051 MiB, 143771 MiB
2026/08/13 23:30:37.792, NVIDIA H200, 38, 97 %, 27 %, 15051 MiB, 143771 MiB
2026/08/13 23:30:40.792, NVIDIA H200, 39, 98 %, 32 %, 15051 MiB, 143771 MiB
2026/08/13 23:30:43.793, NVIDIA H200, 37, 99 %, 25 %, 15051 MiB, 143771 MiB
2026/08/13 23:30:46.793, NVIDIA H200, 38, 98 %, 31 %, 15051 MiB, 143771 MiB
2026/08/13 23:30:49.793, NVIDIA H200, 39, 99 %, 24 %, 15051 MiB, 143771 MiB
2026/08/13 23:30:52.794, NVIDIA H200, 37, 97 %, 27 %, 15051 MiB, 143771 MiB
2026/08/13 23:30:55.794, NVIDIA H200, 38, 99 %, 30 %, 15051 MiB, 143771 MiB
2026/08/13 23:30:58.794, NVIDIA H200, 38, 99 %, 24 %, 15051 MiB, 143771 MiB
2026/08/13 23:31:01.794, NVIDIA H200, 38, 98 %, 32 %, 15051 MiB, 143771 MiB
2026/08/13 23:31:04.795, NVIDIA H200, 38, 99 %, 22 %, 15051 MiB, 143771 MiB
2026/08/13 23:31:07.795, NVIDIA H200, 37, 98 %, 27 %, 15051 MiB, 143771 MiB
2026/08/13 23:31:10.795, NVIDIA H200, 38, 99 %, 30 %, 15051 MiB, 143771 MiB
2026/08/13 23:31:13.796, NVIDIA H200, 31, 30 %, 8 %, 15051 MiB, 143771 MiB
2026/08/13 23:31:16.796, NVIDIA H200, 34, 68 %, 22 %, 15051 MiB, 143771 MiB
2026/08/13 23:31:19.796, NVIDIA H200, 28, 5 %, 0 %, 15051 MiB, 143771 MiB
2026/08/13 23:31:22.797, NVIDIA H200, 34, 75 %, 24 %, 15051 MiB, 143771 MiB
2026/08/13 23:31:25.797, NVIDIA H200, 38, 99 %, 25 %, 15051 MiB, 143771 MiB
2026/08/13 23:31:28.797, NVIDIA H200, 37, 98 %, 27 %, 15051 MiB, 143771 MiB
2026/08/13 23:31:31.798, NVIDIA H200, 38, 98 %, 33 %, 15051 MiB, 143771 MiB
2026/08/13 23:31:34.798, NVIDIA H200, 38, 99 %, 25 %, 15051 MiB, 143771 MiB
2026/08/13 23:31:37.798, NVIDIA H200, 37, 98 %, 26 %, 15051 MiB, 143771 MiB
2026/08/13 23:31:40.798, NVIDIA H200, 38, 98 %, 32 %, 15051 MiB, 143771 MiB
2026/08/13 23:31:43.800, NVIDIA H200, 38, 99 %, 20 %, 15051 MiB, 143771 MiB
2026/08/13 23:31:46.801, NVIDIA H200, 37, 98 %, 29 %, 15051 MiB, 143771 MiB
2026/08/13 23:31:49.801, NVIDIA H200, 39, 98 %, 31 %, 15051 MiB, 143771 MiB
2026/08/13 23:31:52.801, NVIDIA H200, 37, 99 %, 23 %, 15051 MiB, 143771 MiB
2026/08/13 23:31:55.802, NVIDIA H200, 37, 98 %, 31 %, 15051 MiB, 143771 MiB
2026/08/13 23:31:58.802, NVIDIA H200, 38, 99 %, 27 %, 15051 MiB, 143771 MiB
2026/08/13 23:32:01.802, NVIDIA H200, 37, 99 %, 24 %, 15051 MiB, 143771 MiB
2026/08/13 23:32:04.803, NVIDIA H200, 37, 94 %, 28 %, 15051 MiB, 143771 MiB
2026/08/13 23:32:07.803, NVIDIA H200, 39, 100 %, 24 %, 15051 MiB, 143771 MiB
2026/08/13 23:32:10.803, NVIDIA H200, 37, 98 %, 26 %, 15051 MiB, 143771 MiB
2026/08/13 23:32:13.804, NVIDIA H200, 38, 98 %, 32 %, 15051 MiB, 143771 MiB
2026/08/13 23:32:16.804, NVIDIA H200, 38, 99 %, 23 %, 15051 MiB, 143771 MiB
2026/08/13 23:32:19.804, NVIDIA H200, 37, 97 %, 26 %, 15051 MiB, 143771 MiB
2026/08/13 23:32:22.805, NVIDIA H200, 39, 98 %, 31 %, 15051 MiB, 143771 MiB
2026/08/13 23:32:25.805, NVIDIA H200, 37, 99 %, 22 %, 15051 MiB, 143771 MiB
2026/08/13 23:32:28.805, NVIDIA H200, 37, 98 %, 30 %, 15051 MiB, 143771 MiB
2026/08/13 23:32:31.805, NVIDIA H200, 38, 98 %, 33 %, 15051 MiB, 143771 MiB
2026/08/13 23:32:34.806, NVIDIA H200, 38, 99 %, 21 %, 15051 MiB, 143771 MiB
2026/08/13 23:32:37.806, NVIDIA H200, 37, 98 %, 29 %, 15051 MiB, 143771 MiB
2026/08/13 23:32:40.806, NVIDIA H200, 38, 98 %, 31 %, 15051 MiB, 143771 MiB
2026/08/13 23:32:43.807, NVIDIA H200, 37, 98 %, 21 %, 15051 MiB, 143771 MiB
2026/08/13 23:32:46.807, NVIDIA H200, 37, 98 %, 29 %, 15051 MiB, 143771 MiB
2026/08/13 23:32:49.807, NVIDIA H200, 38, 98 %, 30 %, 15051 MiB, 143771 MiB
2026/08/13 23:32:52.808, NVIDIA H200, 37, 99 %, 25 %, 15051 MiB, 143771 MiB
2026/08/13 23:32:55.808, NVIDIA H200, 37, 99 %, 21 %, 15051 MiB, 143771 MiB
2026/08/13 23:32:58.808, NVIDIA H200, 36, 83 %, 25 %, 15051 MiB, 143771 MiB
2026/08/13 23:33:01.808, NVIDIA H200, 37, 98 %, 32 %, 15051 MiB, 143771 MiB
2026/08/13 23:33:04.809, NVIDIA H200, 37, 99 %, 21 %, 15051 MiB, 143771 MiB
2026/08/13 23:33:07.809, NVIDIA H200, 38, 97 %, 29 %, 15051 MiB, 143771 MiB
2026/08/13 23:33:10.809, NVIDIA H200, 37, 98 %, 30 %, 15051 MiB, 143771 MiB
2026/08/13 23:33:13.810, NVIDIA H200, 37, 99 %, 25 %, 15051 MiB, 143771 MiB
2026/08/13 23:33:16.810, NVIDIA H200, 38, 98 %, 31 %, 15051 MiB, 143771 MiB
2026/08/13 23:33:19.810, NVIDIA H200, 35, 76 %, 19 %, 15051 MiB, 143771 MiB
2026/08/13 23:33:22.811, NVIDIA H200, 36, 78 %, 20 %, 15051 MiB, 143771 MiB
2026/08/13 23:33:25.811, NVIDIA H200, 26, 0 %, 0 %, 15051 MiB, 143771 MiB
2026/08/13 23:33:28.811, NVIDIA H200, 36, 98 %, 30 %, 15051 MiB, 143771 MiB
2026/08/13 23:33:31.812, NVIDIA H200, 38, 99 %, 24 %, 15051 MiB, 143771 MiB
2026/08/13 23:33:34.812, NVIDIA H200, 38, 98 %, 32 %, 15051 MiB, 143771 MiB
2026/08/13 23:33:37.812, NVIDIA H200, 37, 99 %, 22 %, 15051 MiB, 143771 MiB
2026/08/13 23:33:40.813, NVIDIA H200, 38, 97 %, 29 %, 15051 MiB, 143771 MiB
2026/08/13 23:33:43.813, NVIDIA H200, 37, 98 %, 30 %, 15051 MiB, 143771 MiB
2026/08/13 23:33:46.813, NVIDIA H200, 38, 99 %, 24 %, 15051 MiB, 143771 MiB
2026/08/13 23:33:49.814, NVIDIA H200, 39, 98 %, 31 %, 15051 MiB, 143771 MiB
2026/08/13 23:33:52.814, NVIDIA H200, 37, 100 %, 25 %, 15051 MiB, 143771 MiB
2026/08/13 23:33:55.814, NVIDIA H200, 39, 97 %, 27 %, 15051 MiB, 143771 MiB
2026/08/13 23:33:58.814, NVIDIA H200, 37, 98 %, 31 %, 15051 MiB, 143771 MiB
2026/08/13 23:34:01.815, NVIDIA H200, 38, 99 %, 24 %, 15051 MiB, 143771 MiB
2026/08/13 23:34:04.815, NVIDIA H200, 39, 99 %, 30 %, 15051 MiB, 143771 MiB
2026/08/13 23:34:07.815, NVIDIA H200, 37, 100 %, 25 %, 15051 MiB, 143771 MiB
2026/08/13 23:34:10.816, NVIDIA H200, 38, 97 %, 26 %, 15051 MiB, 143771 MiB
2026/08/13 23:34:13.820, NVIDIA H200, 37, 98 %, 31 %, 15051 MiB, 143771 MiB
2026/08/13 23:34:16.820, NVIDIA H200, 38, 99 %, 25 %, 15051 MiB, 143771 MiB
2026/08/13 23:34:19.821, NVIDIA H200, 39, 98 %, 31 %, 15051 MiB, 143771 MiB
2026/08/13 23:34:22.821, NVIDIA H200, 37, 100 %, 26 %, 15051 MiB, 143771 MiB
2026/08/13 23:34:25.821, NVIDIA H200, 39, 98 %, 25 %, 15051 MiB, 143771 MiB
2026/08/13 23:34:28.822, NVIDIA H200, 37, 98 %, 33 %, 15051 MiB, 143771 MiB
2026/08/13 23:34:31.822, NVIDIA H200, 37, 99 %, 22 %, 15051 MiB, 143771 MiB
2026/08/13 23:34:34.822, NVIDIA H200, 39, 98 %, 30 %, 15051 MiB, 143771 MiB
2026/08/13 23:34:37.823, NVIDIA H200, 38, 100 %, 25 %, 15051 MiB, 143771 MiB
2026/08/13 23:34:40.823, NVIDIA H200, 38, 99 %, 21 %, 15051 MiB, 143771 MiB
2026/08/13 23:34:43.825, NVIDIA H200, 38, 98 %, 33 %, 15051 MiB, 143771 MiB
2026/08/13 23:34:46.825, NVIDIA H200, 38, 99 %, 22 %, 15051 MiB, 143771 MiB
2026/08/13 23:34:49.825, NVIDIA H200, 37, 97 %, 26 %, 15051 MiB, 143771 MiB
2026/08/13 23:34:52.826, NVIDIA H200, 39, 99 %, 31 %, 15051 MiB, 143771 MiB
2026/08/13 23:34:55.826, NVIDIA H200, 38, 99 %, 22 %, 15051 MiB, 143771 MiB
2026/08/13 23:34:58.826, NVIDIA H200, 39, 98 %, 26 %, 15051 MiB, 143771 MiB
2026/08/13 23:35:01.827, NVIDIA H200, 38, 98 %, 31 %, 15051 MiB, 143771 MiB
2026/08/13 23:35:04.827, NVIDIA H200, 39, 99 %, 24 %, 15051 MiB, 143771 MiB
2026/08/13 23:35:07.827, NVIDIA H200, 37, 98 %, 31 %, 15051 MiB, 143771 MiB
2026/08/13 23:35:10.828, NVIDIA H200, 37, 100 %, 23 %, 15051 MiB, 143771 MiB
2026/08/13 23:35:13.828, NVIDIA H200, 39, 97 %, 26 %, 15051 MiB, 143771 MiB
2026/08/13 23:35:16.829, NVIDIA H200, 37, 98 %, 33 %, 15051 MiB, 143771 MiB
2026/08/13 23:35:19.829, NVIDIA H200, 39, 99 %, 22 %, 15051 MiB, 143771 MiB
2026/08/13 23:35:22.829, NVIDIA H200, 33, 69 %, 17 %, 15051 MiB, 143771 MiB
2026/08/13 23:35:25.829, NVIDIA H200, 36, 80 %, 26 %, 15051 MiB, 143771 MiB
2026/08/13 23:35:28.830, NVIDIA H200, 27, 5 %, 0 %, 15051 MiB, 143771 MiB
2026/08/13 23:35:31.830, NVIDIA H200, 25, 0 %, 0 %, 15051 MiB, 143771 MiB
2026/08/13 23:35:34.830, NVIDIA H200, 25, 0 %, 0 %, 15051 MiB, 143771 MiB
2026/08/13 23:35:37.831, NVIDIA H200, 36, 98 %, 31 %, 15051 MiB, 143771 MiB
2026/08/13 23:35:40.831, NVIDIA H200, 38, 99 %, 22 %, 15051 MiB, 143771 MiB
2026/08/13 23:35:43.831, NVIDIA H200, 38, 98 %, 29 %, 15051 MiB, 143771 MiB
2026/08/13 23:35:46.832, NVIDIA H200, 37, 99 %, 31 %, 15051 MiB, 143771 MiB
2026/08/13 23:35:49.832, NVIDIA H200, 38, 99 %, 22 %, 15051 MiB, 143771 MiB
2026/08/13 23:35:52.832, NVIDIA H200, 38, 98 %, 29 %, 15051 MiB, 143771 MiB
2026/08/13 23:35:55.833, NVIDIA H200, 37, 98 %, 29 %, 15051 MiB, 143771 MiB
2026/08/13 23:35:58.833, NVIDIA H200, 38, 99 %, 23 %, 15051 MiB, 143771 MiB
2026/08/13 23:36:01.833, NVIDIA H200, 38, 98 %, 31 %, 15051 MiB, 143771 MiB
2026/08/13 23:36:04.834, NVIDIA H200, 37, 99 %, 27 %, 15051 MiB, 143771 MiB
2026/08/13 23:36:07.834, NVIDIA H200, 37, 99 %, 24 %, 15051 MiB, 143771 MiB
2026/08/13 23:36:10.834, NVIDIA H200, 36, 98 %, 31 %, 15051 MiB, 143771 MiB
2026/08/13 23:36:13.835, NVIDIA H200, 37, 100 %, 24 %, 15051 MiB, 143771 MiB
2026/08/13 23:36:16.835, NVIDIA H200, 39, 98 %, 27 %, 15051 MiB, 143771 MiB
2026/08/13 23:36:19.835, NVIDIA H200, 37, 98 %, 32 %, 15051 MiB, 143771 MiB
2026/08/13 23:36:22.836, NVIDIA H200, 37, 99 %, 25 %, 15051 MiB, 143771 MiB
2026/08/13 23:36:25.836, NVIDIA H200, 38, 98 %, 26 %, 15051 MiB, 143771 MiB
2026/08/13 23:36:28.836, NVIDIA H200, 37, 98 %, 32 %, 15051 MiB, 143771 MiB
2026/08/13 23:36:31.837, NVIDIA H200, 38, 99 %, 21 %, 15051 MiB, 143771 MiB
2026/08/13 23:36:34.837, NVIDIA H200, 38, 97 %, 26 %, 15051 MiB, 143771 MiB
2026/08/13 23:36:37.837, NVIDIA H200, 37, 98 %, 34 %, 15051 MiB, 143771 MiB
2026/08/13 23:36:40.837, NVIDIA H200, 37, 99 %, 24 %, 15051 MiB, 143771 MiB
2026/08/13 23:36:43.840, NVIDIA H200, 39, 97 %, 27 %, 15051 MiB, 143771 MiB
2026/08/13 23:36:46.841, NVIDIA H200, 37, 98 %, 33 %, 15051 MiB, 143771 MiB
2026/08/13 23:36:49.841, NVIDIA H200, 37, 99 %, 21 %, 15051 MiB, 143771 MiB
2026/08/13 23:36:52.841, NVIDIA H200, 38, 98 %, 29 %, 15051 MiB, 143771 MiB
2026/08/13 23:36:55.842, NVIDIA H200, 37, 98 %, 31 %, 15051 MiB, 143771 MiB
2026/08/13 23:36:58.842, NVIDIA H200, 38, 99 %, 22 %, 15051 MiB, 143771 MiB
2026/08/13 23:37:01.842, NVIDIA H200, 38, 98 %, 29 %, 15051 MiB, 143771 MiB
2026/08/13 23:37:04.843, NVIDIA H200, 37, 99 %, 27 %, 15051 MiB, 143771 MiB
2026/08/13 23:37:07.843, NVIDIA H200, 38, 99 %, 25 %, 15051 MiB, 143771 MiB
2026/08/13 23:37:10.843, NVIDIA H200, 37, 98 %, 31 %, 15051 MiB, 143771 MiB
2026/08/13 23:37:13.844, NVIDIA H200, 36, 100 %, 23 %, 15051 MiB, 143771 MiB
2026/08/13 23:37:16.844, NVIDIA H200, 39, 98 %, 26 %, 15051 MiB, 143771 MiB
2026/08/13 23:37:19.844, NVIDIA H200, 36, 98 %, 33 %, 15051 MiB, 143771 MiB
2026/08/13 23:37:22.844, NVIDIA H200, 37, 99 %, 22 %, 15051 MiB, 143771 MiB
2026/08/13 23:37:25.845, NVIDIA H200, 38, 98 %, 27 %, 15051 MiB, 143771 MiB
2026/08/13 23:37:28.845, NVIDIA H200, 37, 98 %, 31 %, 15051 MiB, 143771 MiB
2026/08/13 23:37:31.845, NVIDIA H200, 29, 0 %, 0 %, 15051 MiB, 143771 MiB
2026/08/13 23:37:34.846, NVIDIA H200, 33, 66 %, 18 %, 15051 MiB, 143771 MiB
2026/08/13 23:37:37.846, NVIDIA H200, 28, 5 %, 0 %, 15051 MiB, 143771 MiB
2026/08/13 23:37:40.846, NVIDIA H200, 35, 86 %, 21 %, 15051 MiB, 143771 MiB
2026/08/13 23:37:43.847, NVIDIA H200, 37, 96 %, 29 %, 15051 MiB, 143771 MiB
2026/08/13 23:37:46.847, NVIDIA H200, 36, 98 %, 31 %, 15051 MiB, 143771 MiB
2026/08/13 23:37:49.847, NVIDIA H200, 38, 99 %, 23 %, 15051 MiB, 143771 MiB
2026/08/13 23:37:52.848, NVIDIA H200, 37, 97 %, 30 %, 15051 MiB, 143771 MiB
2026/08/13 23:37:55.848, NVIDIA H200, 37, 99 %, 27 %, 15051 MiB, 143771 MiB
2026/08/13 23:37:58.848, NVIDIA H200, 38, 99 %, 21 %, 15051 MiB, 143771 MiB
2026/08/13 23:38:01.849, NVIDIA H200, 38, 98 %, 29 %, 15051 MiB, 143771 MiB
2026/08/13 23:38:04.849, NVIDIA H200, 36, 98 %, 27 %, 15051 MiB, 143771 MiB
2026/08/13 23:38:07.849, NVIDIA H200, 38, 98 %, 31 %, 15051 MiB, 143771 MiB
2026/08/13 23:38:10.850, NVIDIA H200, 38, 99 %, 21 %, 15051 MiB, 143771 MiB
2026/08/13 23:38:13.850, NVIDIA H200, 37, 97 %, 27 %, 15051 MiB, 143771 MiB
2026/08/13 23:38:16.850, NVIDIA H200, 38, 98 %, 33 %, 15051 MiB, 143771 MiB
2026/08/13 23:38:19.851, NVIDIA H200, 38, 99 %, 21 %, 15051 MiB, 143771 MiB
2026/08/13 23:38:22.851, NVIDIA H200, 37, 98 %, 29 %, 15051 MiB, 143771 MiB
2026/08/13 23:38:25.851, NVIDIA H200, 37, 99 %, 29 %, 15051 MiB, 143771 MiB
2026/08/13 23:38:28.852, NVIDIA H200, 36, 99 %, 24 %, 15051 MiB, 143771 MiB
2026/08/13 23:38:31.852, NVIDIA H200, 36, 98 %, 31 %, 15051 MiB, 143771 MiB
2026/08/13 23:38:34.853, NVIDIA H200, 37, 99 %, 28 %, 15051 MiB, 143771 MiB
2026/08/13 23:38:37.853, NVIDIA H200, 36, 99 %, 25 %, 15051 MiB, 143771 MiB
2026/08/13 23:38:40.853, NVIDIA H200, 37, 99 %, 30 %, 15051 MiB, 143771 MiB
2026/08/13 23:38:43.856, NVIDIA H200, 39, 100 %, 24 %, 15051 MiB, 143771 MiB
2026/08/13 23:38:46.857, NVIDIA H200, 37, 99 %, 23 %, 15051 MiB, 143771 MiB
2026/08/13 23:38:49.857, NVIDIA H200, 36, 98 %, 31 %, 15051 MiB, 143771 MiB
2026/08/13 23:38:52.857, NVIDIA H200, 37, 99 %, 28 %, 15051 MiB, 143771 MiB
2026/08/13 23:38:55.858, NVIDIA H200, 37, 99 %, 25 %, 15051 MiB, 143771 MiB
2026/08/13 23:38:58.858, NVIDIA H200, 36, 97 %, 29 %, 15051 MiB, 143771 MiB
2026/08/13 23:39:01.858, NVIDIA H200, 38, 98 %, 31 %, 15051 MiB, 143771 MiB
2026/08/13 23:39:04.859, NVIDIA H200, 38, 99 %, 20 %, 15051 MiB, 143771 MiB
2026/08/13 23:39:07.859, NVIDIA H200, 37, 98 %, 29 %, 15051 MiB, 143771 MiB
2026/08/13 23:39:10.859, NVIDIA H200, 37, 98 %, 30 %, 15051 MiB, 143771 MiB
2026/08/13 23:39:13.860, NVIDIA H200, 36, 99 %, 25 %, 15051 MiB, 143771 MiB
2026/08/13 23:39:16.861, NVIDIA H200, 37, 98 %, 30 %, 15051 MiB, 143771 MiB
2026/08/13 23:39:19.861, NVIDIA H200, 37, 98 %, 29 %, 15051 MiB, 143771 MiB
2026/08/13 23:39:22.861, NVIDIA H200, 37, 99 %, 22 %, 15051 MiB, 143771 MiB
2026/08/13 23:39:25.861, NVIDIA H200, 36, 98 %, 31 %, 15051 MiB, 143771 MiB
2026/08/13 23:39:28.862, NVIDIA H200, 38, 98 %, 31 %, 15051 MiB, 143771 MiB
2026/08/13 23:39:31.862, NVIDIA H200, 37, 99 %, 24 %, 15051 MiB, 143771 MiB
2026/08/13 23:39:34.862, NVIDIA H200, 37, 98 %, 31 %, 15051 MiB, 143771 MiB
2026/08/13 23:39:37.863, NVIDIA H200, 33, 85 %, 25 %, 15051 MiB, 143771 MiB
2026/08/13 23:39:40.863, NVIDIA H200, 33, 87 %, 28 %, 15051 MiB, 143771 MiB
2026/08/13 23:39:43.863, NVIDIA H200, 25, 0 %, 0 %, 15051 MiB, 143771 MiB
2026/08/13 23:39:46.864, NVIDIA H200, 38, 100 %, 24 %, 15051 MiB, 143771 MiB
2026/08/13 23:39:49.864, NVIDIA H200, 37, 99 %, 22 %, 15051 MiB, 143771 MiB
2026/08/13 23:39:52.864, NVIDIA H200, 38, 98 %, 27 %, 15051 MiB, 143771 MiB
2026/08/13 23:39:55.865, NVIDIA H200, 36, 98 %, 33 %, 15051 MiB, 143771 MiB
2026/08/13 23:39:58.867, NVIDIA H200, 37, 99 %, 22 %, 15051 MiB, 143771 MiB
2026/08/13 23:40:01.867, NVIDIA H200, 38, 97 %, 26 %, 15051 MiB, 143771 MiB
2026/08/13 23:40:04.867, NVIDIA H200, 37, 98 %, 32 %, 15051 MiB, 143771 MiB
2026/08/13 23:40:07.868, NVIDIA H200, 37, 98 %, 20 %, 15051 MiB, 143771 MiB
2026/08/13 23:40:10.868, NVIDIA H200, 38, 97 %, 29 %, 15051 MiB, 143771 MiB
2026/08/13 23:40:13.868, NVIDIA H200, 36, 98 %, 31 %, 15051 MiB, 143771 MiB
2026/08/13 23:40:16.869, NVIDIA H200, 38, 99 %, 24 %, 15051 MiB, 143771 MiB
2026/08/13 23:40:19.869, NVIDIA H200, 37, 98 %, 31 %, 15051 MiB, 143771 MiB
2026/08/13 23:40:22.869, NVIDIA H200, 37, 99 %, 27 %, 15051 MiB, 143771 MiB
2026/08/13 23:40:25.870, NVIDIA H200, 38, 99 %, 25 %, 15051 MiB, 143771 MiB
2026/08/13 23:40:28.872, NVIDIA H200, 37, 98 %, 31 %, 15051 MiB, 143771 MiB
2026/08/13 23:40:31.872, NVIDIA H200, 36, 100 %, 25 %, 15051 MiB, 143771 MiB
2026/08/13 23:40:34.872, NVIDIA H200, 37, 99 %, 25 %, 15051 MiB, 143771 MiB
2026/08/13 23:40:37.873, NVIDIA H200, 36, 98 %, 32 %, 15051 MiB, 143771 MiB
2026/08/13 23:40:40.873, NVIDIA H200, 37, 100 %, 24 %, 15051 MiB, 143771 MiB
2026/08/13 23:40:43.873, NVIDIA H200, 38, 97 %, 26 %, 15051 MiB, 143771 MiB
2026/08/13 23:40:46.874, NVIDIA H200, 36, 98 %, 33 %, 15051 MiB, 143771 MiB
2026/08/13 23:40:49.874, NVIDIA H200, 37, 99 %, 20 %, 15051 MiB, 143771 MiB
2026/08/13 23:40:52.874, NVIDIA H200, 38, 97 %, 26 %, 15051 MiB, 143771 MiB
2026/08/13 23:40:55.875, NVIDIA H200, 37, 98 %, 32 %, 15051 MiB, 143771 MiB
2026/08/13 23:40:58.877, NVIDIA H200, 36, 100 %, 23 %, 15051 MiB, 143771 MiB
2026/08/13 23:41:01.877, NVIDIA H200, 38, 98 %, 25 %, 15051 MiB, 143771 MiB
2026/08/13 23:41:04.877, NVIDIA H200, 37, 98 %, 34 %, 15051 MiB, 143771 MiB
2026/08/13 23:41:07.878, NVIDIA H200, 37, 99 %, 23 %, 15051 MiB, 143771 MiB
2026/08/13 23:41:10.878, NVIDIA H200, 38, 97 %, 26 %, 15051 MiB, 143771 MiB
2026/08/13 23:41:13.878, NVIDIA H200, 36, 98 %, 32 %, 15051 MiB, 143771 MiB
2026/08/13 23:41:16.879, NVIDIA H200, 36, 100 %, 23 %, 15051 MiB, 143771 MiB
2026/08/13 23:41:19.879, NVIDIA H200, 38, 98 %, 25 %, 15051 MiB, 143771 MiB
2026/08/13 23:41:22.879, NVIDIA H200, 37, 98 %, 34 %, 15051 MiB, 143771 MiB
2026/08/13 23:41:25.880, NVIDIA H200, 37, 99 %, 24 %, 15051 MiB, 143771 MiB
2026/08/13 23:41:28.881, NVIDIA H200, 38, 98 %, 27 %, 15051 MiB, 143771 MiB
2026/08/13 23:41:31.881, NVIDIA H200, 37, 98 %, 34 %, 15051 MiB, 143771 MiB
2026/08/13 23:41:34.882, NVIDIA H200, 37, 99 %, 22 %, 15051 MiB, 143771 MiB
2026/08/13 23:41:37.882, NVIDIA H200, 38, 98 %, 27 %, 15051 MiB, 143771 MiB
2026/08/13 23:41:40.882, NVIDIA H200, 33, 85 %, 27 %, 15051 MiB, 143771 MiB
2026/08/13 23:41:43.883, NVIDIA H200, 33, 71 %, 22 %, 15051 MiB, 143771 MiB
2026/08/13 23:41:46.883, NVIDIA H200, 26, 6 %, 0 %, 15051 MiB, 143771 MiB
2026/08/13 23:41:49.883, NVIDIA H200, 37, 99 %, 25 %, 15051 MiB, 143771 MiB
2026/08/13 23:41:52.884, NVIDIA H200, 36, 98 %, 32 %, 15051 MiB, 143771 MiB
2026/08/13 23:41:55.884, NVIDIA H200, 36, 100 %, 24 %, 15051 MiB, 143771 MiB
2026/08/13 23:41:58.885, NVIDIA H200, 38, 97 %, 26 %, 15051 MiB, 143771 MiB
2026/08/13 23:42:01.885, NVIDIA H200, 36, 99 %, 34 %, 15051 MiB, 143771 MiB
2026/08/13 23:42:04.886, NVIDIA H200, 37, 99 %, 22 %, 15051 MiB, 143771 MiB
2026/08/13 23:42:07.886, NVIDIA H200, 38, 97 %, 27 %, 15051 MiB, 143771 MiB
2026/08/13 23:42:10.886, NVIDIA H200, 37, 98 %, 31 %, 15051 MiB, 143771 MiB
2026/08/13 23:42:13.887, NVIDIA H200, 37, 99 %, 22 %, 15051 MiB, 143771 MiB
2026/08/13 23:42:16.887, NVIDIA H200, 37, 98 %, 29 %, 15051 MiB, 143771 MiB
2026/08/13 23:42:19.887, NVIDIA H200, 37, 98 %, 31 %, 15051 MiB, 143771 MiB
2026/08/13 23:42:22.888, NVIDIA H200, 38, 99 %, 23 %, 15051 MiB, 143771 MiB
2026/08/13 23:42:25.888, NVIDIA H200, 37, 97 %, 31 %, 15051 MiB, 143771 MiB
2026/08/13 23:42:28.889, NVIDIA H200, 37, 99 %, 27 %, 15051 MiB, 143771 MiB
2026/08/13 23:42:31.890, NVIDIA H200, 37, 99 %, 24 %, 15051 MiB, 143771 MiB
2026/08/13 23:42:34.890, NVIDIA H200, 36, 98 %, 31 %, 15051 MiB, 143771 MiB
2026/08/13 23:42:37.890, NVIDIA H200, 36, 100 %, 24 %, 15051 MiB, 143771 MiB
2026/08/13 23:42:40.891, NVIDIA H200, 37, 99 %, 25 %, 15051 MiB, 143771 MiB
2026/08/13 23:42:43.891, NVIDIA H200, 37, 98 %, 31 %, 15051 MiB, 143771 MiB
2026/08/13 23:42:46.891, NVIDIA H200, 36, 100 %, 25 %, 15051 MiB, 143771 MiB
2026/08/13 23:42:49.892, NVIDIA H200, 37, 99 %, 25 %, 15051 MiB, 143771 MiB
2026/08/13 23:42:52.892, NVIDIA H200, 36, 99 %, 32 %, 15051 MiB, 143771 MiB
2026/08/13 23:42:55.892, NVIDIA H200, 37, 99 %, 27 %, 15051 MiB, 143771 MiB
2026/08/13 23:42:58.894, NVIDIA H200, 37, 99 %, 25 %, 15051 MiB, 143771 MiB
2026/08/13 23:43:01.895, NVIDIA H200, 36, 98 %, 32 %, 15051 MiB, 143771 MiB
2026/08/13 23:43:04.895, NVIDIA H200, 37, 99 %, 24 %, 15051 MiB, 143771 MiB
2026/08/13 23:43:07.895, NVIDIA H200, 38, 98 %, 26 %, 15051 MiB, 143771 MiB
2026/08/13 23:43:10.896, NVIDIA H200, 36, 99 %, 27 %, 15051 MiB, 143771 MiB
2026/08/13 23:43:13.896, NVIDIA H200, 37, 98 %, 34 %, 15051 MiB, 143771 MiB
2026/08/13 23:43:16.896, NVIDIA H200, 38, 99 %, 24 %, 15051 MiB, 143771 MiB
2026/08/13 23:43:19.897, NVIDIA H200, 37, 97 %, 26 %, 15051 MiB, 143771 MiB
2026/08/13 23:43:22.897, NVIDIA H200, 38, 99 %, 32 %, 15051 MiB, 143771 MiB
2026/08/13 23:43:25.897, NVIDIA H200, 37, 99 %, 21 %, 15051 MiB, 143771 MiB
2026/08/13 23:43:28.899, NVIDIA H200, 36, 98 %, 29 %, 15051 MiB, 143771 MiB
2026/08/13 23:43:31.900, NVIDIA H200, 37, 98 %, 29 %, 15051 MiB, 143771 MiB
2026/08/13 23:43:34.900, NVIDIA H200, 36, 99 %, 25 %, 15051 MiB, 143771 MiB
2026/08/13 23:43:37.900, NVIDIA H200, 37, 98 %, 31 %, 15051 MiB, 143771 MiB
2026/08/13 23:43:40.901, NVIDIA H200, 38, 100 %, 24 %, 15051 MiB, 143771 MiB
2026/08/13 23:43:43.904, NVIDIA H200, 29, 0 %, 0 %, 15051 MiB, 143771 MiB
2026/08/13 23:43:46.904, NVIDIA H200, 35, 68 %, 18 %, 15051 MiB, 143771 MiB
2026/08/13 23:43:49.904, NVIDIA H200, 28, 6 %, 0 %, 15051 MiB, 143771 MiB
2026/08/13 23:43:52.905, NVIDIA H200, 34, 80 %, 25 %, 15051 MiB, 143771 MiB
2026/08/13 23:43:55.905, NVIDIA H200, 37, 98 %, 31 %, 15051 MiB, 143771 MiB
2026/08/13 23:43:58.905, NVIDIA H200, 38, 99 %, 25 %, 15051 MiB, 143771 MiB
2026/08/13 23:44:01.906, NVIDIA H200, 36, 98 %, 25 %, 15051 MiB, 143771 MiB
2026/08/13 23:44:04.906, NVIDIA H200, 38, 98 %, 34 %, 15051 MiB, 143771 MiB
2026/08/13 23:44:07.906, NVIDIA H200, 37, 99 %, 22 %, 15051 MiB, 143771 MiB
2026/08/13 23:44:10.907, NVIDIA H200, 38, 97 %, 26 %, 15051 MiB, 143771 MiB
2026/08/13 23:44:13.907, NVIDIA H200, 37, 98 %, 34 %, 15051 MiB, 143771 MiB
2026/08/13 23:44:16.907, NVIDIA H200, 36, 99 %, 25 %, 15051 MiB, 143771 MiB
2026/08/13 23:44:19.908, NVIDIA H200, 38, 97 %, 26 %, 15051 MiB, 143771 MiB
2026/08/13 23:44:22.908, NVIDIA H200, 37, 98 %, 32 %, 15051 MiB, 143771 MiB
2026/08/13 23:44:25.908, NVIDIA H200, 36, 99 %, 22 %, 15051 MiB, 143771 MiB
2026/08/13 23:44:28.909, NVIDIA H200, 37, 90 %, 29 %, 15051 MiB, 143771 MiB
2026/08/13 23:44:31.909, NVIDIA H200, 37, 98 %, 31 %, 15051 MiB, 143771 MiB
2026/08/13 23:44:34.909, NVIDIA H200, 37, 99 %, 25 %, 15051 MiB, 143771 MiB
2026/08/13 23:44:37.910, NVIDIA H200, 38, 98 %, 31 %, 15051 MiB, 143771 MiB
2026/08/13 23:44:40.910, NVIDIA H200, 37, 100 %, 24 %, 15051 MiB, 143771 MiB
2026/08/13 23:44:43.910, NVIDIA H200, 38, 99 %, 26 %, 15051 MiB, 143771 MiB
2026/08/13 23:44:46.911, NVIDIA H200, 38, 98 %, 33 %, 15051 MiB, 143771 MiB
2026/08/13 23:44:49.911, NVIDIA H200, 38, 99 %, 24 %, 15051 MiB, 143771 MiB
2026/08/13 23:44:52.911, NVIDIA H200, 37, 98 %, 27 %, 15051 MiB, 143771 MiB
2026/08/13 23:44:55.912, NVIDIA H200, 38, 98 %, 32 %, 15051 MiB, 143771 MiB
2026/08/13 23:44:58.912, NVIDIA H200, 37, 99 %, 21 %, 15051 MiB, 143771 MiB
2026/08/13 23:45:01.912, NVIDIA H200, 36, 97 %, 30 %, 15051 MiB, 143771 MiB
2026/08/13 23:45:04.913, NVIDIA H200, 37, 99 %, 28 %, 15051 MiB, 143771 MiB
2026/08/13 23:45:07.913, NVIDIA H200, 37, 99 %, 25 %, 15051 MiB, 143771 MiB
2026/08/13 23:45:10.913, NVIDIA H200, 37, 98 %, 31 %, 15051 MiB, 143771 MiB
2026/08/13 23:45:13.914, NVIDIA H200, 38, 100 %, 23 %, 15051 MiB, 143771 MiB
2026/08/13 23:45:16.914, NVIDIA H200, 37, 97 %, 26 %, 15051 MiB, 143771 MiB
2026/08/13 23:45:19.914, NVIDIA H200, 38, 98 %, 34 %, 15051 MiB, 143771 MiB
2026/08/13 23:45:22.915, NVIDIA H200, 38, 99 %, 22 %, 15051 MiB, 143771 MiB
2026/08/13 23:45:25.915, NVIDIA H200, 37, 98 %, 26 %, 15051 MiB, 143771 MiB
2026/08/13 23:45:28.915, NVIDIA H200, 38, 98 %, 33 %, 15051 MiB, 143771 MiB
2026/08/13 23:45:31.915, NVIDIA H200, 38, 99 %, 22 %, 15051 MiB, 143771 MiB
2026/08/13 23:45:34.916, NVIDIA H200, 37, 98 %, 29 %, 15051 MiB, 143771 MiB
2026/08/13 23:45:37.916, NVIDIA H200, 37, 98 %, 29 %, 15051 MiB, 143771 MiB
2026/08/13 23:45:40.916, NVIDIA H200, 37, 99 %, 25 %, 15051 MiB, 143771 MiB
2026/08/13 23:45:43.921, NVIDIA H200, 37, 99 %, 31 %, 15051 MiB, 143771 MiB
2026/08/13 23:45:46.921, NVIDIA H200, 38, 99 %, 24 %, 15051 MiB, 143771 MiB
2026/08/13 23:45:49.922, NVIDIA H200, 35, 67 %, 19 %, 15051 MiB, 143771 MiB
2026/08/13 23:45:52.922, NVIDIA H200, 35, 77 %, 20 %, 15051 MiB, 143771 MiB
2026/08/13 23:45:55.922, NVIDIA H200, 25, 0 %, 0 %, 15051 MiB, 143771 MiB
2026/08/13 23:45:58.922, NVIDIA H200, 24, 0 %, 0 %, 15051 MiB, 143771 MiB
2026/08/13 23:46:01.923, NVIDIA H200, 32, 99 %, 27 %, 15051 MiB, 143771 MiB
2026/08/13 23:46:04.923, NVIDIA H200, 38, 100 %, 27 %, 15051 MiB, 143771 MiB
2026/08/13 23:46:07.923, NVIDIA H200, 36, 99 %, 25 %, 15051 MiB, 143771 MiB
2026/08/13 23:46:10.924, NVIDIA H200, 37, 99 %, 31 %, 15051 MiB, 143771 MiB
2026/08/13 23:46:13.925, NVIDIA H200, 38, 99 %, 27 %, 15051 MiB, 143771 MiB
2026/08/13 23:46:16.926, NVIDIA H200, 37, 99 %, 24 %, 15051 MiB, 143771 MiB
2026/08/13 23:46:19.926, NVIDIA H200, 37, 98 %, 31 %, 15051 MiB, 143771 MiB
2026/08/13 23:46:22.926, NVIDIA H200, 38, 100 %, 23 %, 15051 MiB, 143771 MiB
2026/08/13 23:46:25.927, NVIDIA H200, 36, 98 %, 25 %, 15051 MiB, 143771 MiB
2026/08/13 23:46:28.927, NVIDIA H200, 37, 98 %, 33 %, 15051 MiB, 143771 MiB
2026/08/13 23:46:31.927, NVIDIA H200, 38, 99 %, 24 %, 15051 MiB, 143771 MiB
2026/08/13 23:46:34.928, NVIDIA H200, 37, 98 %, 27 %, 15051 MiB, 143771 MiB
2026/08/13 23:46:37.928, NVIDIA H200, 38, 98 %, 33 %, 15051 MiB, 143771 MiB
2026/08/13 23:46:40.928, NVIDIA H200, 38, 99 %, 22 %, 15051 MiB, 143771 MiB
2026/08/13 23:46:43.929, NVIDIA H200, 36, 98 %, 27 %, 15051 MiB, 143771 MiB
2026/08/13 23:46:46.929, NVIDIA H200, 38, 98 %, 32 %, 15051 MiB, 143771 MiB
2026/08/13 23:46:49.929, NVIDIA H200, 37, 99 %, 22 %, 15051 MiB, 143771 MiB
2026/08/13 23:46:52.930, NVIDIA H200, 36, 98 %, 30 %, 15051 MiB, 143771 MiB
2026/08/13 23:46:55.930, NVIDIA H200, 38, 99 %, 27 %, 15051 MiB, 143771 MiB
2026/08/13 23:46:58.930, NVIDIA H200, 37, 99 %, 25 %, 15051 MiB, 143771 MiB
2026/08/13 23:47:01.931, NVIDIA H200, 37, 99 %, 31 %, 15051 MiB, 143771 MiB
2026/08/13 23:47:04.931, NVIDIA H200, 38, 100 %, 23 %, 15051 MiB, 143771 MiB
2026/08/13 23:47:07.931, NVIDIA H200, 37, 99 %, 26 %, 15051 MiB, 143771 MiB
2026/08/13 23:47:10.932, NVIDIA H200, 37, 99 %, 32 %, 15051 MiB, 143771 MiB
2026/08/13 23:47:13.932, NVIDIA H200, 38, 99 %, 24 %, 15051 MiB, 143771 MiB
2026/08/13 23:47:16.932, NVIDIA H200, 37, 97 %, 27 %, 15051 MiB, 143771 MiB
2026/08/13 23:47:19.932, NVIDIA H200, 38, 98 %, 33 %, 15051 MiB, 143771 MiB
2026/08/13 23:47:22.933, NVIDIA H200, 38, 99 %, 22 %, 15051 MiB, 143771 MiB
2026/08/13 23:47:25.933, NVIDIA H200, 37, 98 %, 26 %, 15051 MiB, 143771 MiB
2026/08/13 23:47:28.933, NVIDIA H200, 38, 98 %, 32 %, 15051 MiB, 143771 MiB
2026/08/13 23:47:31.934, NVIDIA H200, 38, 99 %, 20 %, 15051 MiB, 143771 MiB
2026/08/13 23:47:34.934, NVIDIA H200, 37, 97 %, 29 %, 15051 MiB, 143771 MiB
2026/08/13 23:47:37.934, NVIDIA H200, 38, 98 %, 31 %, 15051 MiB, 143771 MiB
2026/08/13 23:47:40.935, NVIDIA H200, 36, 99 %, 25 %, 15051 MiB, 143771 MiB
2026/08/13 23:47:43.935, NVIDIA H200, 36, 98 %, 31 %, 15051 MiB, 143771 MiB
2026/08/13 23:47:46.935, NVIDIA H200, 38, 100 %, 26 %, 15051 MiB, 143771 MiB
2026/08/13 23:47:49.936, NVIDIA H200, 36, 99 %, 26 %, 15051 MiB, 143771 MiB
2026/08/13 23:47:52.936, NVIDIA H200, 37, 98 %, 32 %, 15051 MiB, 143771 MiB
2026/08/13 23:47:55.936, NVIDIA H200, 38, 99 %, 24 %, 15051 MiB, 143771 MiB
2026/08/13 23:47:58.937, NVIDIA H200, 33, 86 %, 24 %, 15051 MiB, 143771 MiB
2026/08/13 23:48:01.937, NVIDIA H200, 34, 88 %, 29 %, 15051 MiB, 143771 MiB
2026/08/13 23:48:04.937, NVIDIA H200, 25, 0 %, 0 %, 15051 MiB, 143771 MiB
2026/08/13 23:48:07.938, NVIDIA H200, 36, 97 %, 31 %, 15051 MiB, 143771 MiB
2026/08/13 23:48:10.938, NVIDIA H200, 38, 100 %, 23 %, 15051 MiB, 143771 MiB
2026/08/13 23:48:13.941, NVIDIA H200, 37, 98 %, 26 %, 15051 MiB, 143771 MiB
2026/08/13 23:48:16.941, NVIDIA H200, 37, 99 %, 33 %, 15051 MiB, 143771 MiB
2026/08/13 23:48:19.942, NVIDIA H200, 38, 99 %, 23 %, 15051 MiB, 143771 MiB
2026/08/13 23:48:22.942, NVIDIA H200, 37, 97 %, 27 %, 15051 MiB, 143771 MiB
2026/08/13 23:48:25.942, NVIDIA H200, 38, 98 %, 25 %, 15051 MiB, 143771 MiB
2026/08/13 23:48:28.943, NVIDIA H200, 38, 98 %, 34 %, 15051 MiB, 143771 MiB
2026/08/13 23:48:31.943, NVIDIA H200, 37, 99 %, 22 %, 15051 MiB, 143771 MiB
2026/08/13 23:48:34.943, NVIDIA H200, 38, 97 %, 27 %, 15051 MiB, 143771 MiB
2026/08/13 23:48:37.944, NVIDIA H200, 37, 98 %, 33 %, 15051 MiB, 143771 MiB
2026/08/13 23:48:40.944, NVIDIA H200, 36, 99 %, 22 %, 15051 MiB, 143771 MiB
2026/08/13 23:48:43.944, NVIDIA H200, 38, 98 %, 29 %, 15051 MiB, 143771 MiB
2026/08/13 23:48:46.945, NVIDIA H200, 37, 98 %, 31 %, 15051 MiB, 143771 MiB
2026/08/13 23:48:49.945, NVIDIA H200, 37, 99 %, 24 %, 15051 MiB, 143771 MiB
2026/08/13 23:48:52.945, NVIDIA H200, 38, 97 %, 31 %, 15051 MiB, 143771 MiB
2026/08/13 23:48:55.946, NVIDIA H200, 37, 100 %, 26 %, 15051 MiB, 143771 MiB
2026/08/13 23:48:58.946, NVIDIA H200, 38, 99 %, 25 %, 15051 MiB, 143771 MiB
2026/08/13 23:49:01.946, NVIDIA H200, 38, 98 %, 32 %, 15051 MiB, 143771 MiB
2026/08/13 23:49:04.947, NVIDIA H200, 36, 99 %, 25 %, 15051 MiB, 143771 MiB
2026/08/13 23:49:07.947, NVIDIA H200, 38, 97 %, 28 %, 15051 MiB, 143771 MiB
2026/08/13 23:49:10.947, NVIDIA H200, 37, 98 %, 33 %, 15051 MiB, 143771 MiB
2026/08/13 23:49:13.948, NVIDIA H200, 37, 99 %, 23 %, 15051 MiB, 143771 MiB
2026/08/13 23:49:16.948, NVIDIA H200, 38, 98 %, 26 %, 15051 MiB, 143771 MiB
2026/08/13 23:49:19.948, NVIDIA H200, 37, 98 %, 32 %, 15051 MiB, 143771 MiB
2026/08/13 23:49:22.949, NVIDIA H200, 36, 99 %, 21 %, 15051 MiB, 143771 MiB
2026/08/13 23:49:25.949, NVIDIA H200, 38, 97 %, 29 %, 15051 MiB, 143771 MiB
2026/08/13 23:49:28.949, NVIDIA H200, 37, 98 %, 31 %, 15051 MiB, 143771 MiB
2026/08/13 23:49:31.950, NVIDIA H200, 37, 99 %, 23 %, 15051 MiB, 143771 MiB
2026/08/13 23:49:34.950, NVIDIA H200, 39, 98 %, 31 %, 15051 MiB, 143771 MiB
2026/08/13 23:49:37.950, NVIDIA H200, 37, 99 %, 27 %, 15051 MiB, 143771 MiB
2026/08/13 23:49:40.950, NVIDIA H200, 38, 99 %, 25 %, 15051 MiB, 143771 MiB
2026/08/13 23:49:43.951, NVIDIA H200, 38, 98 %, 32 %, 15051 MiB, 143771 MiB
2026/08/13 23:49:46.951, NVIDIA H200, 36, 100 %, 24 %, 15051 MiB, 143771 MiB
2026/08/13 23:49:49.951, NVIDIA H200, 39, 98 %, 27 %, 15051 MiB, 143771 MiB
2026/08/13 23:49:52.952, NVIDIA H200, 37, 98 %, 33 %, 15051 MiB, 143771 MiB
2026/08/13 23:49:55.952, NVIDIA H200, 36, 99 %, 21 %, 15051 MiB, 143771 MiB
2026/08/13 23:49:58.952, NVIDIA H200, 37, 98 %, 27 %, 15051 MiB, 143771 MiB
2026/08/13 23:50:01.952, NVIDIA H200, 34, 83 %, 24 %, 15051 MiB, 143771 MiB
2026/08/13 23:50:04.953, NVIDIA H200, 35, 73 %, 19 %, 15051 MiB, 143771 MiB
2026/08/13 23:50:07.953, NVIDIA H200, 26, 0 %, 0 %, 15051 MiB, 143771 MiB
2026/08/13 23:50:10.953, NVIDIA H200, 37, 100 %, 27 %, 15051 MiB, 143771 MiB
2026/08/13 23:50:13.954, NVIDIA H200, 37, 99 %, 25 %, 15051 MiB, 143771 MiB
2026/08/13 23:50:16.954, NVIDIA H200, 37, 99 %, 31 %, 15051 MiB, 143771 MiB
2026/08/13 23:50:19.954, NVIDIA H200, 38, 100 %, 23 %, 15051 MiB, 143771 MiB
2026/08/13 23:50:22.955, NVIDIA H200, 37, 97 %, 25 %, 15051 MiB, 143771 MiB
2026/08/13 23:50:25.955, NVIDIA H200, 37, 98 %, 34 %, 15051 MiB, 143771 MiB
2026/08/13 23:50:28.955, NVIDIA H200, 38, 99 %, 22 %, 15051 MiB, 143771 MiB
2026/08/13 23:50:31.956, NVIDIA H200, 37, 98 %, 29 %, 15051 MiB, 143771 MiB
2026/08/13 23:50:34.956, NVIDIA H200, 38, 98 %, 31 %, 15051 MiB, 143771 MiB
2026/08/13 23:50:37.956, NVIDIA H200, 38, 99 %, 20 %, 15051 MiB, 143771 MiB
2026/08/13 23:50:40.957, NVIDIA H200, 37, 98 %, 29 %, 15051 MiB, 143771 MiB
2026/08/13 23:50:43.957, NVIDIA H200, 38, 98 %, 30 %, 15051 MiB, 143771 MiB
2026/08/13 23:50:46.957, NVIDIA H200, 36, 99 %, 24 %, 15051 MiB, 143771 MiB
2026/08/13 23:50:49.958, NVIDIA H200, 37, 97 %, 31 %, 15051 MiB, 143771 MiB
2026/08/13 23:50:52.958, NVIDIA H200, 39, 100 %, 24 %, 15051 MiB, 143771 MiB
2026/08/13 23:50:55.958, NVIDIA H200, 36, 98 %, 26 %, 15051 MiB, 143771 MiB
2026/08/13 23:50:58.959, NVIDIA H200, 38, 98 %, 34 %, 15051 MiB, 143771 MiB
2026/08/13 23:51:01.959, NVIDIA H200, 38, 100 %, 23 %, 15051 MiB, 143771 MiB
2026/08/13 23:51:04.959, NVIDIA H200, 37, 97 %, 27 %, 15051 MiB, 143771 MiB
2026/08/13 23:51:07.960, NVIDIA H200, 38, 98 %, 34 %, 15051 MiB, 143771 MiB
2026/08/13 23:51:10.960, NVIDIA H200, 38, 100 %, 24 %, 15051 MiB, 143771 MiB
2026/08/13 23:51:13.961, NVIDIA H200, 37, 98 %, 27 %, 15051 MiB, 143771 MiB
2026/08/13 23:51:16.962, NVIDIA H200, 38, 98 %, 33 %, 15051 MiB, 143771 MiB
2026/08/13 23:51:19.962, NVIDIA H200, 38, 99 %, 21 %, 15051 MiB, 143771 MiB
2026/08/13 23:51:22.962, NVIDIA H200, 37, 98 %, 29 %, 15051 MiB, 143771 MiB
2026/08/13 23:51:25.963, NVIDIA H200, 37, 98 %, 30 %, 15051 MiB, 143771 MiB
2026/08/13 23:51:28.963, NVIDIA H200, 37, 99 %, 25 %, 15051 MiB, 143771 MiB
2026/08/13 23:51:31.963, NVIDIA H200, 37, 98 %, 31 %, 15051 MiB, 143771 MiB
2026/08/13 23:51:34.964, NVIDIA H200, 38, 100 %, 23 %, 15051 MiB, 143771 MiB
2026/08/13 23:51:37.964, NVIDIA H200, 37, 97 %, 26 %, 15051 MiB, 143771 MiB
2026/08/13 23:51:40.964, NVIDIA H200, 38, 99 %, 34 %, 15051 MiB, 143771 MiB
2026/08/13 23:51:43.965, NVIDIA H200, 38, 99 %, 21 %, 15051 MiB, 143771 MiB
2026/08/13 23:51:46.965, NVIDIA H200, 37, 98 %, 29 %, 15051 MiB, 143771 MiB
2026/08/13 23:51:49.965, NVIDIA H200, 37, 98 %, 29 %, 15051 MiB, 143771 MiB
2026/08/13 23:51:52.966, NVIDIA H200, 37, 99 %, 24 %, 15051 MiB, 143771 MiB
2026/08/13 23:51:55.966, NVIDIA H200, 37, 99 %, 31 %, 15051 MiB, 143771 MiB
2026/08/13 23:51:58.966, NVIDIA H200, 39, 100 %, 24 %, 15051 MiB, 143771 MiB
2026/08/13 23:52:01.966, NVIDIA H200, 37, 98 %, 26 %, 15051 MiB, 143771 MiB
2026/08/13 23:52:04.967, NVIDIA H200, 30, 0 %, 0 %, 15051 MiB, 143771 MiB
2026/08/13 23:52:07.967, NVIDIA H200, 34, 87 %, 29 %, 15051 MiB, 143771 MiB
2026/08/13 23:52:10.968, NVIDIA H200, 29, 4 %, 0 %, 15051 MiB, 143771 MiB
2026/08/13 23:52:13.968, NVIDIA H200, 34, 83 %, 29 %, 15051 MiB, 143771 MiB
2026/08/13 23:52:16.968, NVIDIA H200, 37, 100 %, 25 %, 15051 MiB, 143771 MiB
2026/08/13 23:52:19.968, NVIDIA H200, 37, 97 %, 26 %, 15051 MiB, 143771 MiB
2026/08/13 23:52:22.969, NVIDIA H200, 38, 98 %, 34 %, 15051 MiB, 143771 MiB
2026/08/13 23:52:25.969, NVIDIA H200, 38, 99 %, 22 %, 15051 MiB, 143771 MiB
2026/08/13 23:52:28.969, NVIDIA H200, 37, 98 %, 25 %, 15051 MiB, 143771 MiB
2026/08/13 23:52:31.970, NVIDIA H200, 38, 98 %, 34 %, 15051 MiB, 143771 MiB
2026/08/13 23:52:34.970, NVIDIA H200, 38, 100 %, 23 %, 15051 MiB, 143771 MiB
2026/08/13 23:52:37.970, NVIDIA H200, 37, 97 %, 26 %, 15051 MiB, 143771 MiB
2026/08/13 23:52:40.971, NVIDIA H200, 38, 98 %, 31 %, 15051 MiB, 143771 MiB
2026/08/13 23:52:43.973, NVIDIA H200, 37, 98 %, 29 %, 15051 MiB, 143771 MiB
2026/08/13 23:52:46.973, NVIDIA H200, 38, 99 %, 25 %, 15051 MiB, 143771 MiB
2026/08/13 23:52:49.973, NVIDIA H200, 37, 97 %, 31 %, 15051 MiB, 143771 MiB
2026/08/13 23:52:52.974, NVIDIA H200, 36, 100 %, 24 %, 15051 MiB, 143771 MiB
2026/08/13 23:52:55.974, NVIDIA H200, 38, 98 %, 25 %, 15051 MiB, 143771 MiB
2026/08/13 23:52:58.974, NVIDIA H200, 36, 98 %, 34 %, 15051 MiB, 143771 MiB
2026/08/13 23:53:01.975, NVIDIA H200, 37, 99 %, 22 %, 15051 MiB, 143771 MiB
2026/08/13 23:53:04.975, NVIDIA H200, 38, 98 %, 27 %, 15051 MiB, 143771 MiB
2026/08/13 23:53:07.975, NVIDIA H200, 37, 98 %, 31 %, 15051 MiB, 143771 MiB
2026/08/13 23:53:10.976, NVIDIA H200, 38, 99 %, 21 %, 15051 MiB, 143771 MiB
2026/08/13 23:53:13.976, NVIDIA H200, 38, 99 %, 22 %, 15051 MiB, 143771 MiB
2026/08/13 23:53:16.976, NVIDIA H200, 37, 97 %, 27 %, 15051 MiB, 143771 MiB
2026/08/13 23:53:19.977, NVIDIA H200, 38, 98 %, 33 %, 15051 MiB, 143771 MiB
2026/08/13 23:53:22.977, NVIDIA H200, 38, 99 %, 22 %, 15051 MiB, 143771 MiB
2026/08/13 23:53:25.977, NVIDIA H200, 37, 97 %, 27 %, 15051 MiB, 143771 MiB
2026/08/13 23:53:28.978, NVIDIA H200, 39, 98 %, 31 %, 15051 MiB, 143771 MiB
2026/08/13 23:53:31.978, NVIDIA H200, 37, 99 %, 22 %, 15051 MiB, 143771 MiB
2026/08/13 23:53:34.978, NVIDIA H200, 37, 97 %, 29 %, 15051 MiB, 143771 MiB
2026/08/13 23:53:37.979, NVIDIA H200, 38, 99 %, 29 %, 15051 MiB, 143771 MiB
2026/08/13 23:53:40.979, NVIDIA H200, 37, 99 %, 25 %, 15051 MiB, 143771 MiB
2026/08/13 23:53:43.979, NVIDIA H200, 36, 91 %, 28 %, 15051 MiB, 143771 MiB
2026/08/13 23:53:46.979, NVIDIA H200, 38, 100 %, 26 %, 15051 MiB, 143771 MiB
2026/08/13 23:53:49.980, NVIDIA H200, 37, 99 %, 24 %, 15051 MiB, 143771 MiB
2026/08/13 23:53:52.980, NVIDIA H200, 37, 98 %, 31 %, 15051 MiB, 143771 MiB
2026/08/13 23:53:55.980, NVIDIA H200, 39, 100 %, 24 %, 15051 MiB, 143771 MiB
2026/08/13 23:53:58.981, NVIDIA H200, 37, 99 %, 25 %, 15051 MiB, 143771 MiB
2026/08/13 23:54:01.981, NVIDIA H200, 37, 98 %, 32 %, 15051 MiB, 143771 MiB
2026/08/13 23:54:04.981, NVIDIA H200, 38, 100 %, 24 %, 15051 MiB, 143771 MiB
2026/08/13 23:54:07.982, NVIDIA H200, 37, 98 %, 26 %, 15051 MiB, 143771 MiB
2026/08/13 23:54:10.982, NVIDIA H200, 34, 68 %, 22 %, 15051 MiB, 143771 MiB
2026/08/13 23:54:13.982, NVIDIA H200, 36, 74 %, 24 %, 15051 MiB, 143771 MiB
2026/08/13 23:54:16.983, NVIDIA H200, 26, 0 %, 0 %, 15051 MiB, 143771 MiB
2026/08/13 23:54:19.983, NVIDIA H200, 38, 98 %, 31 %, 15051 MiB, 143771 MiB
2026/08/13 23:54:22.983, NVIDIA H200, 37, 99 %, 23 %, 15051 MiB, 143771 MiB
2026/08/13 23:54:25.984, NVIDIA H200, 37, 98 %, 29 %, 15051 MiB, 143771 MiB
2026/08/13 23:54:28.984, NVIDIA H200, 38, 98 %, 32 %, 15051 MiB, 143771 MiB
2026/08/13 23:54:31.984, NVIDIA H200, 37, 99 %, 21 %, 15051 MiB, 143771 MiB
2026/08/13 23:54:34.985, NVIDIA H200, 37, 98 %, 30 %, 15051 MiB, 143771 MiB
2026/08/13 23:54:37.985, NVIDIA H200, 38, 98 %, 31 %, 15051 MiB, 143771 MiB
2026/08/13 23:54:40.985, NVIDIA H200, 37, 99 %, 23 %, 15051 MiB, 143771 MiB
2026/08/13 23:54:43.986, NVIDIA H200, 36, 97 %, 30 %, 15051 MiB, 143771 MiB
2026/08/13 23:54:46.986, NVIDIA H200, 39, 98 %, 31 %, 15051 MiB, 143771 MiB
2026/08/13 23:54:49.986, NVIDIA H200, 38, 100 %, 23 %, 15051 MiB, 143771 MiB
2026/08/13 23:54:52.987, NVIDIA H200, 37, 99 %, 25 %, 15051 MiB, 143771 MiB
2026/08/13 23:54:55.987, NVIDIA H200, 37, 98 %, 31 %, 15051 MiB, 143771 MiB
2026/08/13 23:54:58.987, NVIDIA H200, 38, 100 %, 23 %, 15051 MiB, 143771 MiB
2026/08/13 23:55:01.988, NVIDIA H200, 39, 97 %, 26 %, 15051 MiB, 143771 MiB
2026/08/13 23:55:04.988, NVIDIA H200, 37, 99 %, 21 %, 15051 MiB, 143771 MiB
2026/08/13 23:55:07.988, NVIDIA H200, 26, 0 %, 0 %, 15051 MiB, 143771 MiB
2026/08/13 23:55:10.989, NVIDIA H200, 37, 99 %, 26 %, 15051 MiB, 143771 MiB
2026/08/13 23:55:13.989, NVIDIA H200, 37, 98 %, 34 %, 15051 MiB, 143771 MiB
2026/08/13 23:55:16.989, NVIDIA H200, 38, 99 %, 20 %, 15051 MiB, 143771 MiB
2026/08/13 23:55:19.989, NVIDIA H200, 38, 97 %, 31 %, 15051 MiB, 143771 MiB
2026/08/13 23:55:22.990, NVIDIA H200, 37, 100 %, 24 %, 15051 MiB, 143771 MiB
2026/08/13 23:55:25.990, NVIDIA H200, 39, 97 %, 28 %, 15051 MiB, 143771 MiB
2026/08/13 23:55:28.990, NVIDIA H200, 37, 98 %, 32 %, 15051 MiB, 143771 MiB
2026/08/13 23:55:31.991, NVIDIA H200, 39, 99 %, 24 %, 15051 MiB, 143771 MiB
2026/08/13 23:55:34.991, NVIDIA H200, 37, 97 %, 30 %, 15051 MiB, 143771 MiB
2026/08/13 23:55:37.991, NVIDIA H200, 37, 100 %, 23 %, 15051 MiB, 143771 MiB
2026/08/13 23:55:40.992, NVIDIA H200, 39, 97 %, 26 %, 15051 MiB, 143771 MiB
2026/08/13 23:55:43.992, NVIDIA H200, 37, 98 %, 33 %, 15051 MiB, 143771 MiB
2026/08/13 23:55:46.992, NVIDIA H200, 38, 99 %, 22 %, 15051 MiB, 143771 MiB
2026/08/13 23:55:49.993, NVIDIA H200, 37, 97 %, 31 %, 15051 MiB, 143771 MiB
2026/08/13 23:55:52.993, NVIDIA H200, 37, 100 %, 23 %, 15051 MiB, 143771 MiB
2026/08/13 23:55:55.993, NVIDIA H200, 38, 98 %, 26 %, 15051 MiB, 143771 MiB
2026/08/13 23:55:58.994, NVIDIA H200, 37, 98 %, 31 %, 15051 MiB, 143771 MiB
2026/08/13 23:56:01.994, NVIDIA H200, 38, 99 %, 25 %, 15051 MiB, 143771 MiB
2026/08/13 23:56:04.994, NVIDIA H200, 37, 98 %, 33 %, 15051 MiB, 143771 MiB
2026/08/13 23:56:07.994, NVIDIA H200, 38, 99 %, 22 %, 15051 MiB, 143771 MiB
2026/08/13 23:56:10.995, NVIDIA H200, 38, 97 %, 29 %, 15051 MiB, 143771 MiB
2026/08/13 23:56:13.995, NVIDIA H200, 37, 99 %, 27 %, 15051 MiB, 143771 MiB
2026/08/13 23:56:16.995, NVIDIA H200, 27, 0 %, 0 %, 15051 MiB, 143771 MiB
2026/08/13 23:56:19.995, NVIDIA H200, 34, 60 %, 17 %, 15051 MiB, 143771 MiB
2026/08/13 23:56:22.996, NVIDIA H200, 28, 5 %, 0 %, 15051 MiB, 143771 MiB
2026/08/13 23:56:25.996, NVIDIA H200, 25, 0 %, 0 %, 15051 MiB, 143771 MiB
2026/08/13 23:56:28.996, NVIDIA H200, 25, 0 %, 0 %, 15051 MiB, 143771 MiB
2026/08/13 23:56:31.997, NVIDIA H200, 25, 0 %, 0 %, 15051 MiB, 143771 MiB
2026/08/13 23:56:34.997, NVIDIA H200, 24, 0 %, 0 %, 15051 MiB, 143771 MiB
2026/08/13 23:56:37.997, NVIDIA H200, 24, 0 %, 0 %, 15051 MiB, 143771 MiB
2026/08/13 23:56:40.998, NVIDIA H200, 24, 0 %, 0 %, 15051 MiB, 143771 MiB
2026/08/13 23:56:43.998, NVIDIA H200, 24, 0 %, 0 %, 15051 MiB, 143771 MiB
2026/08/13 23:56:46.998, NVIDIA H200, 24, 0 %, 0 %, 15051 MiB, 143771 MiB
2026/08/13 23:56:49.998, NVIDIA H200, 24, 0 %, 0 %, 15051 MiB, 143771 MiB
2026/08/13 23:56:52.999, NVIDIA H200, 24, 0 %, 0 %, 15051 MiB, 143771 MiB
2026/08/13 23:56:55.999, NVIDIA H200, 24, 0 %, 0 %, 15051 MiB, 143771 MiB
2026/08/13 23:56:58.999, NVIDIA H200, 24, 0 %, 0 %, 15051 MiB, 143771 MiB
2026/08/13 23:57:02.000, NVIDIA H200, 24, 0 %, 0 %, 15051 MiB, 143771 MiB
2026/08/13 23:57:05.000, NVIDIA H200, 24, 0 %, 0 %, 15051 MiB, 143771 MiB
2026/08/13 23:57:08.000, NVIDIA H200, 24, 0 %, 0 %, 15051 MiB, 143771 MiB
2026/08/13 23:57:11.000, NVIDIA H200, 24, 0 %, 0 %, 15051 MiB, 143771 MiB
2026/08/13 23:57:14.001, NVIDIA H200, 24, 0 %, 0 %, 15051 MiB, 143771 MiB
2026/08/13 23:57:17.001, NVIDIA H200, 24, 0 %, 0 %, 15051 MiB, 143771 MiB
2026/08/13 23:57:20.001, NVIDIA H200, 24, 0 %, 0 %, 15051 MiB, 143771 MiB
2026/08/13 23:57:23.002, NVIDIA H200, 24, 0 %, 0 %, 15051 MiB, 143771 MiB
2026/08/13 23:57:26.002, NVIDIA H200, 24, 0 %, 0 %, 15051 MiB, 143771 MiB
2026/08/13 23:57:29.002, NVIDIA H200, 24, 0 %, 0 %, 15051 MiB, 143771 MiB
2026/08/13 23:57:32.002, NVIDIA H200, 24, 0 %, 0 %, 15051 MiB, 143771 MiB
2026/08/13 23:57:35.003, NVIDIA H200, 24, 0 %, 0 %, 15051 MiB, 143771 MiB
2026/08/13 23:57:38.003, NVIDIA H200, 24, 0 %, 0 %, 15051 MiB, 143771 MiB
2026/08/13 23:57:41.003, NVIDIA H200, 24, 0 %, 0 %, 15051 MiB, 143771 MiB
2026/08/13 23:57:44.003, NVIDIA H200, 24, 0 %, 0 %, 15051 MiB, 143771 MiB
2026/08/13 23:57:47.004, NVIDIA H200, 24, 0 %, 0 %, 15051 MiB, 143771 MiB
2026/08/13 23:57:50.004, NVIDIA H200, 24, 0 %, 0 %, 15051 MiB, 143771 MiB
2026/08/13 23:57:53.004, NVIDIA H200, 24, 0 %, 0 %, 15051 MiB, 143771 MiB
2026/08/13 23:57:56.005, NVIDIA H200, 24, 0 %, 0 %, 15051 MiB, 143771 MiB
2026/08/13 23:57:59.005, NVIDIA H200, 24, 0 %, 0 %, 15051 MiB, 143771 MiB
2026/08/13 23:58:02.005, NVIDIA H200, 24, 0 %, 0 %, 15051 MiB, 143771 MiB
2026/08/13 23:58:05.005, NVIDIA H200, 24, 0 %, 0 %, 15051 MiB, 143771 MiB
2026/08/13 23:58:08.006, NVIDIA H200, 24, 0 %, 0 %, 15051 MiB, 143771 MiB
2026/08/13 23:58:11.006, NVIDIA H200, 24, 0 %, 0 %, 15051 MiB, 143771 MiB
2026/08/13 23:58:14.006, NVIDIA H200, 24, 0 %, 0 %, 15051 MiB, 143771 MiB
2026/08/13 23:58:17.006, NVIDIA H200, 24, 0 %, 0 %, 15051 MiB, 143771 MiB
2026/08/13 23:58:20.007, NVIDIA H200, 24, 0 %, 0 %, 15051 MiB, 143771 MiB
2026/08/13 23:58:23.007, NVIDIA H200, 24, 0 %, 0 %, 15051 MiB, 143771 MiB
2026/08/13 23:58:26.007, NVIDIA H200, 24, 0 %, 0 %, 15051 MiB, 143771 MiB
2026/08/13 23:58:29.007, NVIDIA H200, 24, 0 %, 0 %, 15051 MiB, 143771 MiB
2026/08/13 23:58:32.008, NVIDIA H200, 24, 0 %, 0 %, 15051 MiB, 143771 MiB
2026/08/13 23:58:35.008, NVIDIA H200, 24, 0 %, 0 %, 15051 MiB, 143771 MiB
2026/08/13 23:58:38.008, NVIDIA H200, 24, 0 %, 0 %, 15051 MiB, 143771 MiB
2026/08/13 23:58:41.009, NVIDIA H200, 24, 0 %, 0 %, 15051 MiB, 143771 MiB
2026/08/13 23:58:44.009, NVIDIA H200, 24, 0 %, 0 %, 15051 MiB, 143771 MiB
2026/08/13 23:58:47.009, NVIDIA H200, 24, 0 %, 0 %, 15051 MiB, 143771 MiB
2026/08/13 23:58:50.010, NVIDIA H200, 24, 0 %, 0 %, 15051 MiB, 143771 MiB
2026/08/13 23:58:53.010, NVIDIA H200, 24, 0 %, 0 %, 15051 MiB, 143771 MiB
2026/08/13 23:58:56.010, NVIDIA H200, 24, 0 %, 0 %, 15051 MiB, 143771 MiB
2026/08/13 23:58:59.011, NVIDIA H200, 24, 0 %, 0 %, 15051 MiB, 143771 MiB
2026/08/13 23:59:02.011, NVIDIA H200, 24, 0 %, 0 %, 15051 MiB, 143771 MiB
2026/08/13 23:59:05.011, NVIDIA H200, 23, 0 %, 0 %, 15051 MiB, 143771 MiB
2026/08/13 23:59:08.011, NVIDIA H200, 23, 0 %, 0 %, 15051 MiB, 143771 MiB
2026/08/13 23:59:11.012, NVIDIA H200, 24, 0 %, 0 %, 15051 MiB, 143771 MiB
2026/08/13 23:59:14.012, NVIDIA H200, 23, 0 %, 0 %, 15051 MiB, 143771 MiB
2026/08/13 23:59:17.012, NVIDIA H200, 23, 0 %, 0 %, 15051 MiB, 143771 MiB
2026/08/13 23:59:20.013, NVIDIA H200, 23, 0 %, 0 %, 15051 MiB, 143771 MiB
2026/08/13 23:59:23.013, NVIDIA H200, 23, 0 %, 0 %, 15051 MiB, 143771 MiB
2026/08/13 23:59:26.013, NVIDIA H200, 23, 0 %, 0 %, 15051 MiB, 143771 MiB
2026/08/13 23:59:29.013, NVIDIA H200, 23, 0 %, 0 %, 15051 MiB, 143771 MiB
2026/08/13 23:59:32.014, NVIDIA H200, 23, 0 %, 0 %, 15051 MiB, 143771 MiB
2026/08/13 23:59:35.014, NVIDIA H200, 23, 0 %, 0 %, 15051 MiB, 143771 MiB
2026/08/13 23:59:38.014, NVIDIA H200, 23, 0 %, 0 %, 15051 MiB, 143771 MiB
2026/08/13 23:59:41.015, NVIDIA H200, 23, 0 %, 0 %, 15051 MiB, 143771 MiB
2026/08/13 23:59:44.015, NVIDIA H200, 23, 0 %, 0 %, 15051 MiB, 143771 MiB
2026/08/13 23:59:47.015, NVIDIA H200, 23, 0 %, 0 %, 15051 MiB, 143771 MiB
2026/08/13 23:59:50.016, NVIDIA H200, 23, 0 %, 0 %, 15051 MiB, 143771 MiB
2026/08/13 23:59:53.016, NVIDIA H200, 23, 0 %, 0 %, 15051 MiB, 143771 MiB
2026/08/13 23:59:56.016, NVIDIA H200, 23, 0 %, 0 %, 15051 MiB, 143771 MiB
2026/08/13 23:59:59.016, NVIDIA H200, 23, 0 %, 0 %, 15051 MiB, 143771 MiB
2026/08/14 00:00:02.017, NVIDIA H200, 23, 0 %, 0 %, 15051 MiB, 143771 MiB
2026/08/14 00:00:05.017, NVIDIA H200, 23, 0 %, 0 %, 15051 MiB, 143771 MiB
2026/08/14 00:00:08.017, NVIDIA H200, 23, 0 %, 0 %, 15051 MiB, 143771 MiB
2026/08/14 00:00:11.018, NVIDIA H200, 23, 0 %, 0 %, 15051 MiB, 143771 MiB
2026/08/14 00:00:14.018, NVIDIA H200, 35, 85 %, 19 %, 15051 MiB, 143771 MiB
2026/08/14 00:00:17.018, NVIDIA H200, 36, 99 %, 25 %, 15051 MiB, 143771 MiB
2026/08/14 00:00:20.019, NVIDIA H200, 36, 98 %, 34 %, 15051 MiB, 143771 MiB
2026/08/14 00:00:23.019, NVIDIA H200, 36, 99 %, 24 %, 15051 MiB, 143771 MiB
2026/08/14 00:00:26.019, NVIDIA H200, 38, 100 %, 23 %, 15051 MiB, 143771 MiB
2026/08/14 00:00:29.020, NVIDIA H200, 36, 98 %, 28 %, 15051 MiB, 143771 MiB
2026/08/14 00:00:32.020, NVIDIA H200, 37, 98 %, 32 %, 15051 MiB, 143771 MiB
2026/08/14 00:00:35.020, NVIDIA H200, 37, 99 %, 22 %, 15051 MiB, 143771 MiB
2026/08/14 00:00:38.021, NVIDIA H200, 36, 98 %, 31 %, 15051 MiB, 143771 MiB
2026/08/14 00:00:41.021, NVIDIA H200, 37, 98 %, 29 %, 15051 MiB, 143771 MiB
2026/08/14 00:00:44.021, NVIDIA H200, 37, 99 %, 24 %, 15051 MiB, 143771 MiB
2026/08/14 00:00:47.022, NVIDIA H200, 38, 99 %, 34 %, 15051 MiB, 143771 MiB
2026/08/14 00:00:50.022, NVIDIA H200, 37, 99 %, 20 %, 15051 MiB, 143771 MiB
2026/08/14 00:00:53.022, NVIDIA H200, 36, 98 %, 31 %, 15051 MiB, 143771 MiB
2026/08/14 00:00:56.022, NVIDIA H200, 38, 100 %, 24 %, 15051 MiB, 143771 MiB
2026/08/14 00:00:59.023, NVIDIA H200, 37, 98 %, 27 %, 15051 MiB, 143771 MiB
2026/08/14 00:01:02.023, NVIDIA H200, 39, 98 %, 31 %, 15051 MiB, 143771 MiB
2026/08/14 00:01:05.023, NVIDIA H200, 36, 99 %, 25 %, 15051 MiB, 143771 MiB
2026/08/14 00:01:08.024, NVIDIA H200, 37, 98 %, 32 %, 15051 MiB, 143771 MiB
2026/08/14 00:01:11.024, NVIDIA H200, 38, 99 %, 23 %, 15051 MiB, 143771 MiB
2026/08/14 00:01:14.024, NVIDIA H200, 37, 98 %, 25 %, 15051 MiB, 143771 MiB
2026/08/14 00:01:17.025, NVIDIA H200, 36, 98 %, 31 %, 15051 MiB, 143771 MiB
2026/08/14 00:01:20.025, NVIDIA H200, 38, 99 %, 32 %, 15051 MiB, 143771 MiB
2026/08/14 00:01:23.025, NVIDIA H200, 37, 99 %, 23 %, 15051 MiB, 143771 MiB
2026/08/14 00:01:26.026, NVIDIA H200, 37, 98 %, 31 %, 15051 MiB, 143771 MiB
2026/08/14 00:01:29.026, NVIDIA H200, 38, 100 %, 23 %, 15051 MiB, 143771 MiB
2026/08/14 00:01:32.026, NVIDIA H200, 37, 97 %, 26 %, 15051 MiB, 143771 MiB
2026/08/14 00:01:35.027, NVIDIA H200, 39, 98 %, 31 %, 15051 MiB, 143771 MiB
2026/08/14 00:01:38.027, NVIDIA H200, 37, 99 %, 26 %, 15051 MiB, 143771 MiB
2026/08/14 00:01:41.027, NVIDIA H200, 37, 98 %, 31 %, 15051 MiB, 143771 MiB
2026/08/14 00:01:44.028, NVIDIA H200, 38, 100 %, 24 %, 15051 MiB, 143771 MiB
2026/08/14 00:01:47.028, NVIDIA H200, 37, 98 %, 26 %, 15051 MiB, 143771 MiB
2026/08/14 00:01:50.028, NVIDIA H200, 39, 98 %, 31 %, 15051 MiB, 143771 MiB
2026/08/14 00:01:53.029, NVIDIA H200, 38, 100 %, 23 %, 15051 MiB, 143771 MiB
2026/08/14 00:01:56.029, NVIDIA H200, 36, 99 %, 26 %, 15051 MiB, 143771 MiB
2026/08/14 00:01:59.029, NVIDIA H200, 38, 98 %, 34 %, 15051 MiB, 143771 MiB
2026/08/14 00:02:02.030, NVIDIA H200, 38, 99 %, 22 %, 15051 MiB, 143771 MiB
2026/08/14 00:02:05.030, NVIDIA H200, 37, 98 %, 27 %, 15051 MiB, 143771 MiB
2026/08/14 00:02:08.030, NVIDIA H200, 38, 99 %, 29 %, 15051 MiB, 143771 MiB
2026/08/14 00:02:11.031, NVIDIA H200, 38, 99 %, 26 %, 15051 MiB, 143771 MiB
2026/08/14 00:02:14.031, NVIDIA H200, 26, 0 %, 0 %, 15051 MiB, 143771 MiB
2026/08/14 00:02:17.031, NVIDIA H200, 25, 0 %, 0 %, 15051 MiB, 143771 MiB
2026/08/14 00:02:20.031, NVIDIA H200, 33, 60 %, 18 %, 15051 MiB, 143771 MiB
2026/08/14 00:02:23.032, NVIDIA H200, 27, 5 %, 0 %, 15051 MiB, 143771 MiB
2026/08/14 00:02:26.032, NVIDIA H200, 34, 90 %, 31 %, 15051 MiB, 143771 MiB
2026/08/14 00:02:29.032, NVIDIA H200, 36, 98 %, 31 %, 15051 MiB, 143771 MiB
2026/08/14 00:02:32.033, NVIDIA H200, 38, 99 %, 24 %, 15051 MiB, 143771 MiB
2026/08/14 00:02:35.033, NVIDIA H200, 37, 97 %, 31 %, 15051 MiB, 143771 MiB
2026/08/14 00:02:38.033, NVIDIA H200, 37, 99 %, 27 %, 15051 MiB, 143771 MiB
2026/08/14 00:02:41.034, NVIDIA H200, 37, 99 %, 25 %, 15051 MiB, 143771 MiB
2026/08/14 00:02:44.034, NVIDIA H200, 36, 98 %, 32 %, 15051 MiB, 143771 MiB
2026/08/14 00:02:47.034, NVIDIA H200, 37, 100 %, 25 %, 15051 MiB, 143771 MiB
2026/08/14 00:02:50.035, NVIDIA H200, 38, 98 %, 25 %, 15051 MiB, 143771 MiB
2026/08/14 00:02:53.035, NVIDIA H200, 36, 97 %, 31 %, 15051 MiB, 143771 MiB
2026/08/14 00:02:56.035, NVIDIA H200, 37, 98 %, 28 %, 15051 MiB, 143771 MiB
2026/08/14 00:02:59.036, NVIDIA H200, 37, 99 %, 22 %, 15051 MiB, 143771 MiB
2026/08/14 00:03:02.036, NVIDIA H200, 36, 96 %, 27 %, 15051 MiB, 143771 MiB
2026/08/14 00:03:05.036, NVIDIA H200, 38, 98 %, 33 %, 15051 MiB, 143771 MiB
2026/08/14 00:03:08.037, NVIDIA H200, 38, 99 %, 22 %, 15051 MiB, 143771 MiB
2026/08/14 00:03:11.037, NVIDIA H200, 37, 98 %, 26 %, 15051 MiB, 143771 MiB
2026/08/14 00:03:14.037, NVIDIA H200, 38, 98 %, 34 %, 15051 MiB, 143771 MiB
2026/08/14 00:03:17.037, NVIDIA H200, 38, 99 %, 21 %, 15051 MiB, 143771 MiB
2026/08/14 00:03:20.038, NVIDIA H200, 36, 88 %, 25 %, 15051 MiB, 143771 MiB
2026/08/14 00:03:23.038, NVIDIA H200, 38, 98 %, 31 %, 15051 MiB, 143771 MiB
2026/08/14 00:03:26.038, NVIDIA H200, 37, 99 %, 22 %, 15051 MiB, 143771 MiB
2026/08/14 00:03:29.039, NVIDIA H200, 36, 97 %, 29 %, 15051 MiB, 143771 MiB
2026/08/14 00:03:32.039, NVIDIA H200, 38, 98 %, 31 %, 15051 MiB, 143771 MiB
2026/08/14 00:03:35.039, NVIDIA H200, 37, 97 %, 23 %, 15051 MiB, 143771 MiB
2026/08/14 00:03:38.040, NVIDIA H200, 37, 98 %, 31 %, 15051 MiB, 143771 MiB
2026/08/14 00:03:41.040, NVIDIA H200, 39, 100 %, 26 %, 15051 MiB, 143771 MiB
2026/08/14 00:03:44.040, NVIDIA H200, 37, 99 %, 25 %, 15051 MiB, 143771 MiB
2026/08/14 00:03:47.041, NVIDIA H200, 37, 98 %, 31 %, 15051 MiB, 143771 MiB
2026/08/14 00:03:50.041, NVIDIA H200, 38, 99 %, 25 %, 15051 MiB, 143771 MiB
2026/08/14 00:03:53.041, NVIDIA H200, 37, 98 %, 27 %, 15051 MiB, 143771 MiB
2026/08/14 00:03:56.042, NVIDIA H200, 38, 98 %, 31 %, 15051 MiB, 143771 MiB
2026/08/14 00:03:59.042, NVIDIA H200, 37, 99 %, 25 %, 15051 MiB, 143771 MiB
2026/08/14 00:04:02.042, NVIDIA H200, 38, 98 %, 34 %, 15051 MiB, 143771 MiB
2026/08/14 00:04:05.043, NVIDIA H200, 38, 100 %, 23 %, 15051 MiB, 143771 MiB
2026/08/14 00:04:08.043, NVIDIA H200, 37, 98 %, 27 %, 15051 MiB, 143771 MiB
2026/08/14 00:04:11.043, NVIDIA H200, 39, 98 %, 31 %, 15051 MiB, 143771 MiB
2026/08/14 00:04:14.044, NVIDIA H200, 37, 99 %, 23 %, 15051 MiB, 143771 MiB
2026/08/14 00:04:17.044, NVIDIA H200, 37, 98 %, 30 %, 15051 MiB, 143771 MiB
2026/08/14 00:04:20.044, NVIDIA H200, 39, 100 %, 23 %, 15051 MiB, 143771 MiB
2026/08/14 00:04:23.045, NVIDIA H200, 37, 99 %, 24 %, 15051 MiB, 143771 MiB
2026/08/14 00:04:26.045, NVIDIA H200, 37, 98 %, 31 %, 15051 MiB, 143771 MiB
2026/08/14 00:04:29.045, NVIDIA H200, 34, 74 %, 24 %, 15051 MiB, 143771 MiB
2026/08/14 00:04:32.045, NVIDIA H200, 33, 80 %, 25 %, 15051 MiB, 143771 MiB
2026/08/14 00:04:35.046, NVIDIA H200, 25, 0 %, 0 %, 15051 MiB, 143771 MiB
2026/08/14 00:04:38.046, NVIDIA H200, 29, 49 %, 14 %, 15051 MiB, 143771 MiB
2026/08/14 00:04:41.046, NVIDIA H200, 37, 99 %, 23 %, 15051 MiB, 143771 MiB
2026/08/14 00:04:44.047, NVIDIA H200, 37, 97 %, 26 %, 15051 MiB, 143771 MiB
2026/08/14 00:04:47.047, NVIDIA H200, 36, 97 %, 30 %, 15051 MiB, 143771 MiB
2026/08/14 00:04:50.047, NVIDIA H200, 38, 98 %, 31 %, 15051 MiB, 143771 MiB
2026/08/14 00:04:53.047, NVIDIA H200, 37, 99 %, 22 %, 15051 MiB, 143771 MiB
2026/08/14 00:04:56.048, NVIDIA H200, 37, 97 %, 26 %, 15051 MiB, 143771 MiB
2026/08/14 00:04:59.048, NVIDIA H200, 38, 98 %, 33 %, 15051 MiB, 143771 MiB
2026/08/14 00:05:02.048, NVIDIA H200, 38, 99 %, 20 %, 15051 MiB, 143771 MiB
2026/08/14 00:05:05.048, NVIDIA H200, 37, 98 %, 29 %, 15051 MiB, 143771 MiB
2026/08/14 00:05:08.049, NVIDIA H200, 38, 98 %, 31 %, 15051 MiB, 143771 MiB
2026/08/14 00:05:11.049, NVIDIA H200, 36, 99 %, 24 %, 15051 MiB, 143771 MiB
2026/08/14 00:05:14.049, NVIDIA H200, 36, 97 %, 31 %, 15051 MiB, 143771 MiB
2026/08/14 00:05:17.049, NVIDIA H200, 38, 99 %, 27 %, 15051 MiB, 143771 MiB
2026/08/14 00:05:20.050, NVIDIA H200, 37, 99 %, 25 %, 15051 MiB, 143771 MiB
2026/08/14 00:05:23.050, NVIDIA H200, 37, 98 %, 31 %, 15051 MiB, 143771 MiB
2026/08/14 00:05:26.050, NVIDIA H200, 39, 100 %, 24 %, 15051 MiB, 143771 MiB
2026/08/14 00:05:29.051, NVIDIA H200, 37, 99 %, 26 %, 15051 MiB, 143771 MiB
2026/08/14 00:05:32.051, NVIDIA H200, 37, 98 %, 34 %, 15051 MiB, 143771 MiB
2026/08/14 00:05:35.051, NVIDIA H200, 38, 99 %, 22 %, 15051 MiB, 143771 MiB
2026/08/14 00:05:38.051, NVIDIA H200, 37, 98 %, 28 %, 15051 MiB, 143771 MiB
2026/08/14 00:05:41.052, NVIDIA H200, 38, 98 %, 25 %, 15051 MiB, 143771 MiB
2026/08/14 00:05:44.052, NVIDIA H200, 38, 98 %, 34 %, 15051 MiB, 143771 MiB
2026/08/14 00:05:47.052, NVIDIA H200, 37, 99 %, 22 %, 15051 MiB, 143771 MiB
2026/08/14 00:05:50.052, NVIDIA H200, 38, 98 %, 26 %, 15051 MiB, 143771 MiB
2026/08/14 00:05:53.053, NVIDIA H200, 36, 98 %, 31 %, 15051 MiB, 143771 MiB
2026/08/14 00:05:56.053, NVIDIA H200, 36, 99 %, 21 %, 15051 MiB, 143771 MiB
2026/08/14 00:05:59.053, NVIDIA H200, 38, 98 %, 29 %, 15051 MiB, 143771 MiB
2026/08/14 00:06:02.053, NVIDIA H200, 37, 98 %, 31 %, 15051 MiB, 143771 MiB
2026/08/14 00:06:05.054, NVIDIA H200, 37, 99 %, 23 %, 15051 MiB, 143771 MiB
2026/08/14 00:06:08.054, NVIDIA H200, 39, 98 %, 31 %, 15051 MiB, 143771 MiB
2026/08/14 00:06:11.054, NVIDIA H200, 36, 99 %, 28 %, 15051 MiB, 143771 MiB
2026/08/14 00:06:14.055, NVIDIA H200, 37, 99 %, 25 %, 15051 MiB, 143771 MiB
2026/08/14 00:06:17.055, NVIDIA H200, 38, 98 %, 31 %, 15051 MiB, 143771 MiB
2026/08/14 00:06:20.055, NVIDIA H200, 37, 100 %, 23 %, 15051 MiB, 143771 MiB
2026/08/14 00:06:23.055, NVIDIA H200, 38, 98 %, 27 %, 15051 MiB, 143771 MiB
2026/08/14 00:06:26.056, NVIDIA H200, 38, 98 %, 34 %, 15051 MiB, 143771 MiB
2026/08/14 00:06:29.056, NVIDIA H200, 36, 99 %, 25 %, 15051 MiB, 143771 MiB
2026/08/14 00:06:32.056, NVIDIA H200, 38, 98 %, 26 %, 15051 MiB, 143771 MiB
2026/08/14 00:06:35.056, NVIDIA H200, 38, 98 %, 34 %, 15051 MiB, 143771 MiB
2026/08/14 00:06:38.057, NVIDIA H200, 37, 99 %, 22 %, 15051 MiB, 143771 MiB
2026/08/14 00:06:41.057, NVIDIA H200, 32, 61 %, 20 %, 15051 MiB, 143771 MiB
2026/08/14 00:06:44.057, NVIDIA H200, 35, 81 %, 24 %, 15051 MiB, 143771 MiB
2026/08/14 00:06:47.058, NVIDIA H200, 26, 0 %, 0 %, 15051 MiB, 143771 MiB
2026/08/14 00:06:50.058, NVIDIA H200, 37, 98 %, 29 %, 15051 MiB, 143771 MiB
2026/08/14 00:06:53.058, NVIDIA H200, 37, 98 %, 30 %, 15051 MiB, 143771 MiB
2026/08/14 00:06:56.059, NVIDIA H200, 37, 99 %, 25 %, 15051 MiB, 143771 MiB
2026/08/14 00:06:59.059, NVIDIA H200, 38, 98 %, 31 %, 15051 MiB, 143771 MiB
2026/08/14 00:07:02.059, NVIDIA H200, 37, 100 %, 27 %, 15051 MiB, 143771 MiB
2026/08/14 00:07:05.059, NVIDIA H200, 37, 99 %, 24 %, 15051 MiB, 143771 MiB
2026/08/14 00:07:08.062, NVIDIA H200, 38, 98 %, 31 %, 15051 MiB, 143771 MiB
2026/08/14 00:07:11.062, NVIDIA H200, 37, 98 %, 30 %, 15051 MiB, 143771 MiB
2026/08/14 00:07:14.063, NVIDIA H200, 37, 100 %, 23 %, 15051 MiB, 143771 MiB
2026/08/14 00:07:17.063, NVIDIA H200, 36, 99 %, 21 %, 15051 MiB, 143771 MiB
2026/08/14 00:07:20.063, NVIDIA H200, 37, 97 %, 27 %, 15051 MiB, 143771 MiB
2026/08/14 00:07:23.063, NVIDIA H200, 37, 98 %, 32 %, 15051 MiB, 143771 MiB
2026/08/14 00:07:26.064, NVIDIA H200, 38, 100 %, 25 %, 15051 MiB, 143771 MiB
2026/08/14 00:07:29.064, NVIDIA H200, 37, 98 %, 25 %, 15051 MiB, 143771 MiB
2026/08/14 00:07:32.064, NVIDIA H200, 37, 98 %, 32 %, 15051 MiB, 143771 MiB
2026/08/14 00:07:35.065, NVIDIA H200, 38, 100 %, 23 %, 15051 MiB, 143771 MiB
2026/08/14 00:07:38.065, NVIDIA H200, 36, 99 %, 25 %, 15051 MiB, 143771 MiB
2026/08/14 00:07:41.065, NVIDIA H200, 37, 98 %, 28 %, 15051 MiB, 143771 MiB
2026/08/14 00:07:44.065, NVIDIA H200, 38, 98 %, 34 %, 15051 MiB, 143771 MiB
2026/08/14 00:07:47.066, NVIDIA H200, 38, 98 %, 31 %, 15051 MiB, 143771 MiB
2026/08/14 00:07:50.066, NVIDIA H200, 38, 99 %, 20 %, 15051 MiB, 143771 MiB
2026/08/14 00:07:53.066, NVIDIA H200, 37, 98 %, 29 %, 15051 MiB, 143771 MiB
2026/08/14 00:07:56.067, NVIDIA H200, 39, 98 %, 30 %, 15051 MiB, 143771 MiB
2026/08/14 00:07:59.067, NVIDIA H200, 37, 99 %, 24 %, 15051 MiB, 143771 MiB
2026/08/14 00:08:02.067, NVIDIA H200, 37, 98 %, 29 %, 15051 MiB, 143771 MiB
2026/08/14 00:08:05.067, NVIDIA H200, 37, 98 %, 30 %, 15051 MiB, 143771 MiB
2026/08/14 00:08:08.068, NVIDIA H200, 37, 99 %, 21 %, 15051 MiB, 143771 MiB
2026/08/14 00:08:11.068, NVIDIA H200, 37, 96 %, 26 %, 15051 MiB, 143771 MiB
2026/08/14 00:08:14.068, NVIDIA H200, 36, 98 %, 31 %, 15051 MiB, 143771 MiB
2026/08/14 00:08:17.068, NVIDIA H200, 38, 100 %, 27 %, 15051 MiB, 143771 MiB
2026/08/14 00:08:20.069, NVIDIA H200, 37, 99 %, 25 %, 15051 MiB, 143771 MiB
2026/08/14 00:08:23.069, NVIDIA H200, 37, 98 %, 31 %, 15051 MiB, 143771 MiB
2026/08/14 00:08:26.069, NVIDIA H200, 39, 100 %, 26 %, 15051 MiB, 143771 MiB
2026/08/14 00:08:29.070, NVIDIA H200, 36, 99 %, 26 %, 15051 MiB, 143771 MiB
2026/08/14 00:08:32.070, NVIDIA H200, 37, 98 %, 32 %, 15051 MiB, 143771 MiB
2026/08/14 00:08:35.070, NVIDIA H200, 38, 100 %, 23 %, 15051 MiB, 143771 MiB
2026/08/14 00:08:38.071, NVIDIA H200, 37, 98 %, 25 %, 15051 MiB, 143771 MiB
2026/08/14 00:08:41.071, NVIDIA H200, 38, 98 %, 34 %, 15051 MiB, 143771 MiB
2026/08/14 00:08:44.071, NVIDIA H200, 38, 99 %, 27 %, 15051 MiB, 143771 MiB
2026/08/14 00:08:47.072, NVIDIA H200, 37, 99 %, 22 %, 15051 MiB, 143771 MiB
2026/08/14 00:08:50.072, NVIDIA H200, 29, 0 %, 0 %, 15051 MiB, 143771 MiB
2026/08/14 00:08:53.072, NVIDIA H200, 35, 67 %, 18 %, 15051 MiB, 143771 MiB
2026/08/14 00:08:56.073, NVIDIA H200, 30, 2 %, 0 %, 15051 MiB, 143771 MiB
2026/08/14 00:08:59.073, NVIDIA H200, 32, 78 %, 27 %, 15051 MiB, 143771 MiB
2026/08/14 00:09:02.073, NVIDIA H200, 37, 98 %, 31 %, 15051 MiB, 143771 MiB
2026/08/14 00:09:05.074, NVIDIA H200, 38, 100 %, 24 %, 15051 MiB, 143771 MiB
2026/08/14 00:09:08.074, NVIDIA H200, 37, 97 %, 27 %, 15051 MiB, 143771 MiB
2026/08/14 00:09:11.074, NVIDIA H200, 38, 98 %, 33 %, 15051 MiB, 143771 MiB
2026/08/14 00:09:14.075, NVIDIA H200, 38, 100 %, 23 %, 15051 MiB, 143771 MiB
2026/08/14 00:09:17.075, NVIDIA H200, 36, 99 %, 26 %, 15051 MiB, 143771 MiB
2026/08/14 00:09:20.075, NVIDIA H200, 37, 96 %, 26 %, 15051 MiB, 143771 MiB
2026/08/14 00:09:23.076, NVIDIA H200, 38, 98 %, 33 %, 15051 MiB, 143771 MiB
2026/08/14 00:09:26.076, NVIDIA H200, 38, 99 %, 22 %, 15051 MiB, 143771 MiB
2026/08/14 00:09:29.076, NVIDIA H200, 37, 98 %, 28 %, 15051 MiB, 143771 MiB
2026/08/14 00:09:32.077, NVIDIA H200, 38, 98 %, 34 %, 15051 MiB, 143771 MiB
2026/08/14 00:09:35.077, NVIDIA H200, 38, 100 %, 23 %, 15051 MiB, 143771 MiB
2026/08/14 00:09:38.077, NVIDIA H200, 37, 81 %, 17 %, 15051 MiB, 143771 MiB
2026/08/14 00:09:41.078, NVIDIA H200, 37, 98 %, 27 %, 15051 MiB, 143771 MiB
2026/08/14 00:09:44.078, NVIDIA H200, 38, 97 %, 33 %, 15051 MiB, 143771 MiB
2026/08/14 00:09:47.078, NVIDIA H200, 38, 99 %, 25 %, 15051 MiB, 143771 MiB
2026/08/14 00:09:50.079, NVIDIA H200, 37, 97 %, 27 %, 15051 MiB, 143771 MiB
2026/08/14 00:09:53.079, NVIDIA H200, 37, 98 %, 30 %, 15051 MiB, 143771 MiB
2026/08/14 00:09:56.079, NVIDIA H200, 38, 98 %, 31 %, 15051 MiB, 143771 MiB
2026/08/14 00:09:59.080, NVIDIA H200, 38, 99 %, 20 %, 15051 MiB, 143771 MiB
2026/08/14 00:10:02.080, NVIDIA H200, 37, 98 %, 29 %, 15051 MiB, 143771 MiB
2026/08/14 00:10:05.080, NVIDIA H200, 39, 98 %, 31 %, 15051 MiB, 143771 MiB
2026/08/14 00:10:08.081, NVIDIA H200, 38, 99 %, 21 %, 15051 MiB, 143771 MiB
2026/08/14 00:10:11.081, NVIDIA H200, 37, 98 %, 26 %, 15051 MiB, 143771 MiB
2026/08/14 00:10:14.081, NVIDIA H200, 39, 98 %, 31 %, 15051 MiB, 143771 MiB
2026/08/14 00:10:17.081, NVIDIA H200, 38, 99 %, 23 %, 15051 MiB, 143771 MiB
2026/08/14 00:10:20.082, NVIDIA H200, 37, 98 %, 26 %, 15051 MiB, 143771 MiB
2026/08/14 00:10:23.082, NVIDIA H200, 38, 99 %, 34 %, 15051 MiB, 143771 MiB
2026/08/14 00:10:26.082, NVIDIA H200, 38, 99 %, 22 %, 15051 MiB, 143771 MiB
2026/08/14 00:10:29.083, NVIDIA H200, 37, 98 %, 23 %, 15051 MiB, 143771 MiB
2026/08/14 00:10:32.083, NVIDIA H200, 38, 98 %, 25 %, 15051 MiB, 143771 MiB
2026/08/14 00:10:35.084, NVIDIA H200, 37, 98 %, 33 %, 15051 MiB, 143771 MiB
2026/08/14 00:10:38.084, NVIDIA H200, 37, 99 %, 24 %, 15051 MiB, 143771 MiB
2026/08/14 00:10:41.084, NVIDIA H200, 38, 98 %, 26 %, 15051 MiB, 143771 MiB
2026/08/14 00:10:44.084, NVIDIA H200, 37, 98 %, 25 %, 15051 MiB, 143771 MiB
2026/08/14 00:10:47.085, NVIDIA H200, 37, 98 %, 31 %, 15051 MiB, 143771 MiB
2026/08/14 00:10:50.085, NVIDIA H200, 39, 100 %, 25 %, 15051 MiB, 143771 MiB
2026/08/14 00:10:53.085, NVIDIA H200, 37, 99 %, 25 %, 15051 MiB, 143771 MiB
2026/08/14 00:10:56.086, NVIDIA H200, 37, 98 %, 31 %, 15051 MiB, 143771 MiB
2026/08/14 00:10:59.086, NVIDIA H200, 38, 99 %, 31 %, 15051 MiB, 143771 MiB
2026/08/14 00:11:02.086, NVIDIA H200, 33, 82 %, 22 %, 15051 MiB, 143771 MiB
2026/08/14 00:11:05.087, NVIDIA H200, 36, 70 %, 23 %, 15051 MiB, 143771 MiB
2026/08/14 00:11:08.087, NVIDIA H200, 26, 0 %, 0 %, 15051 MiB, 143771 MiB
2026/08/14 00:11:11.087, NVIDIA H200, 25, 0 %, 0 %, 15051 MiB, 143771 MiB
2026/08/14 00:11:14.088, NVIDIA H200, 25, 0 %, 0 %, 15051 MiB, 143771 MiB
2026/08/14 00:11:17.088, NVIDIA H200, 36, 98 %, 29 %, 15051 MiB, 143771 MiB
2026/08/14 00:11:20.088, NVIDIA H200, 37, 98 %, 31 %, 15051 MiB, 143771 MiB
2026/08/14 00:11:23.089, NVIDIA H200, 36, 99 %, 25 %, 15051 MiB, 143771 MiB
2026/08/14 00:11:26.089, NVIDIA H200, 36, 98 %, 31 %, 15051 MiB, 143771 MiB
2026/08/14 00:11:29.089, NVIDIA H200, 39, 100 %, 24 %, 15051 MiB, 143771 MiB
2026/08/14 00:11:32.090, NVIDIA H200, 37, 98 %, 25 %, 15051 MiB, 143771 MiB
2026/08/14 00:11:35.090, NVIDIA H200, 37, 98 %, 31 %, 15051 MiB, 143771 MiB
2026/08/14 00:11:38.090, NVIDIA H200, 38, 100 %, 23 %, 15051 MiB, 143771 MiB
2026/08/14 00:11:41.090, NVIDIA H200, 37, 98 %, 26 %, 15051 MiB, 143771 MiB
2026/08/14 00:11:44.091, NVIDIA H200, 38, 98 %, 33 %, 15051 MiB, 143771 MiB
2026/08/14 00:11:47.091, NVIDIA H200, 38, 99 %, 23 %, 15051 MiB, 143771 MiB
2026/08/14 00:11:50.091, NVIDIA H200, 36, 98 %, 27 %, 15051 MiB, 143771 MiB
2026/08/14 00:11:53.092, NVIDIA H200, 38, 98 %, 31 %, 15051 MiB, 143771 MiB
2026/08/14 00:11:56.092, NVIDIA H200, 37, 99 %, 23 %, 15051 MiB, 143771 MiB
2026/08/14 00:11:59.092, NVIDIA H200, 37, 98 %, 27 %, 15051 MiB, 143771 MiB
2026/08/14 00:12:02.093, NVIDIA H200, 38, 99 %, 32 %, 15051 MiB, 143771 MiB
2026/08/14 00:12:05.093, NVIDIA H200, 37, 99 %, 21 %, 15051 MiB, 143771 MiB
2026/08/14 00:12:08.093, NVIDIA H200, 37, 98 %, 27 %, 15051 MiB, 143771 MiB
2026/08/14 00:12:11.094, NVIDIA H200, 38, 98 %, 33 %, 15051 MiB, 143771 MiB
2026/08/14 00:12:14.094, NVIDIA H200, 38, 99 %, 21 %, 15051 MiB, 143771 MiB
2026/08/14 00:12:17.094, NVIDIA H200, 36, 97 %, 27 %, 15051 MiB, 143771 MiB
2026/08/14 00:12:20.095, NVIDIA H200, 38, 98 %, 31 %, 15051 MiB, 143771 MiB
2026/08/14 00:12:23.095, NVIDIA H200, 36, 99 %, 21 %, 15051 MiB, 143771 MiB
2026/08/14 00:12:26.095, NVIDIA H200, 36, 98 %, 30 %, 15051 MiB, 143771 MiB
2026/08/14 00:12:29.096, NVIDIA H200, 37, 98 %, 30 %, 15051 MiB, 143771 MiB
2026/08/14 00:12:32.096, NVIDIA H200, 38, 99 %, 25 %, 15051 MiB, 143771 MiB
2026/08/14 00:12:35.096, NVIDIA H200, 37, 98 %, 31 %, 15051 MiB, 143771 MiB
2026/08/14 00:12:38.096, NVIDIA H200, 36, 100 %, 24 %, 15051 MiB, 143771 MiB
2026/08/14 00:12:41.097, NVIDIA H200, 37, 98 %, 26 %, 15051 MiB, 143771 MiB
2026/08/14 00:12:44.097, NVIDIA H200, 38, 98 %, 29 %, 15051 MiB, 143771 MiB
2026/08/14 00:12:47.097, NVIDIA H200, 37, 98 %, 34 %, 15051 MiB, 143771 MiB
2026/08/14 00:12:50.098, NVIDIA H200, 36, 99 %, 22 %, 15051 MiB, 143771 MiB
2026/08/14 00:12:53.098, NVIDIA H200, 38, 98 %, 27 %, 15051 MiB, 143771 MiB
2026/08/14 00:12:56.098, NVIDIA H200, 36, 98 %, 32 %, 15051 MiB, 143771 MiB
2026/08/14 00:12:59.099, NVIDIA H200, 38, 99 %, 22 %, 15051 MiB, 143771 MiB
2026/08/14 00:13:02.099, NVIDIA H200, 37, 98 %, 29 %, 15051 MiB, 143771 MiB
2026/08/14 00:13:05.099, NVIDIA H200, 36, 98 %, 30 %, 15051 MiB, 143771 MiB
2026/08/14 00:13:08.100, NVIDIA H200, 38, 98 %, 23 %, 15051 MiB, 143771 MiB
2026/08/14 00:13:11.100, NVIDIA H200, 37, 98 %, 31 %, 15051 MiB, 143771 MiB
2026/08/14 00:13:14.100, NVIDIA H200, 37, 99 %, 27 %, 15051 MiB, 143771 MiB
2026/08/14 00:13:17.101, NVIDIA H200, 27, 0 %, 0 %, 15051 MiB, 143771 MiB
2026/08/14 00:13:20.101, NVIDIA H200, 32, 66 %, 18 %, 15051 MiB, 143771 MiB
2026/08/14 00:13:23.101, NVIDIA H200, 28, 2 %, 0 %, 15051 MiB, 143771 MiB
2026/08/14 00:13:26.102, NVIDIA H200, 34, 80 %, 28 %, 15051 MiB, 143771 MiB
2026/08/14 00:13:29.102, NVIDIA H200, 36, 99 %, 27 %, 15051 MiB, 143771 MiB
2026/08/14 00:13:32.102, NVIDIA H200, 37, 99 %, 25 %, 15051 MiB, 143771 MiB
2026/08/14 00:13:35.103, NVIDIA H200, 36, 98 %, 31 %, 15051 MiB, 143771 MiB
2026/08/14 00:13:38.103, NVIDIA H200, 36, 100 %, 23 %, 15051 MiB, 143771 MiB
2026/08/14 00:13:41.103, NVIDIA H200, 38, 98 %, 26 %, 15051 MiB, 143771 MiB
2026/08/14 00:13:44.103, NVIDIA H200, 36, 98 %, 34 %, 15051 MiB, 143771 MiB
2026/08/14 00:13:47.104, NVIDIA H200, 37, 99 %, 22 %, 15051 MiB, 143771 MiB
2026/08/14 00:13:50.104, NVIDIA H200, 38, 97 %, 26 %, 15051 MiB, 143771 MiB
2026/08/14 00:13:53.104, NVIDIA H200, 37, 98 %, 34 %, 15051 MiB, 143771 MiB
2026/08/14 00:13:56.104, NVIDIA H200, 37, 99 %, 23 %, 15051 MiB, 143771 MiB
2026/08/14 00:13:59.105, NVIDIA H200, 38, 98 %, 26 %, 15051 MiB, 143771 MiB
2026/08/14 00:14:02.105, NVIDIA H200, 36, 98 %, 33 %, 15051 MiB, 143771 MiB
2026/08/14 00:14:05.105, NVIDIA H200, 37, 99 %, 22 %, 15051 MiB, 143771 MiB
2026/08/14 00:14:08.105, NVIDIA H200, 39, 98 %, 26 %, 15051 MiB, 143771 MiB
2026/08/14 00:14:11.106, NVIDIA H200, 37, 98 %, 33 %, 15051 MiB, 143771 MiB
2026/08/14 00:14:14.106, NVIDIA H200, 37, 99 %, 24 %, 15051 MiB, 143771 MiB
2026/08/14 00:14:17.106, NVIDIA H200, 38, 97 %, 26 %, 15051 MiB, 143771 MiB
2026/08/14 00:14:20.106, NVIDIA H200, 37, 98 %, 34 %, 15051 MiB, 143771 MiB
2026/08/14 00:14:23.107, NVIDIA H200, 36, 98 %, 30 %, 15051 MiB, 143771 MiB
2026/08/14 00:14:26.107, NVIDIA H200, 37, 99 %, 22 %, 15051 MiB, 143771 MiB
2026/08/14 00:14:29.107, NVIDIA H200, 38, 98 %, 26 %, 15051 MiB, 143771 MiB
2026/08/14 00:14:32.107, NVIDIA H200, 37, 98 %, 32 %, 15051 MiB, 143771 MiB
2026/08/14 00:14:35.108, NVIDIA H200, 37, 99 %, 20 %, 15051 MiB, 143771 MiB
2026/08/14 00:14:38.108, NVIDIA H200, 38, 98 %, 29 %, 15051 MiB, 143771 MiB
2026/08/14 00:14:41.108, NVIDIA H200, 37, 98 %, 31 %, 15051 MiB, 143771 MiB
2026/08/14 00:14:44.109, NVIDIA H200, 38, 99 %, 23 %, 15051 MiB, 143771 MiB
2026/08/14 00:14:47.109, NVIDIA H200, 37, 98 %, 31 %, 15051 MiB, 143771 MiB
2026/08/14 00:14:50.109, NVIDIA H200, 37, 99 %, 27 %, 15051 MiB, 143771 MiB
2026/08/14 00:14:53.109, NVIDIA H200, 37, 99 %, 24 %, 15051 MiB, 143771 MiB
2026/08/14 00:14:56.110, NVIDIA H200, 37, 99 %, 30 %, 15051 MiB, 143771 MiB
2026/08/14 00:14:59.110, NVIDIA H200, 37, 99 %, 27 %, 15051 MiB, 143771 MiB
2026/08/14 00:15:02.110, NVIDIA H200, 38, 99 %, 24 %, 15051 MiB, 143771 MiB
2026/08/14 00:15:05.110, NVIDIA H200, 36, 99 %, 31 %, 15051 MiB, 143771 MiB
2026/08/14 00:15:08.111, NVIDIA H200, 36, 100 %, 24 %, 15051 MiB, 143771 MiB
2026/08/14 00:15:11.111, NVIDIA H200, 39, 98 %, 26 %, 15051 MiB, 143771 MiB
2026/08/14 00:15:14.111, NVIDIA H200, 37, 98 %, 34 %, 15051 MiB, 143771 MiB
2026/08/14 00:15:17.111, NVIDIA H200, 37, 99 %, 22 %, 15051 MiB, 143771 MiB
2026/08/14 00:15:20.112, NVIDIA H200, 38, 97 %, 28 %, 15051 MiB, 143771 MiB
2026/08/14 00:15:23.112, NVIDIA H200, 37, 98 %, 31 %, 15051 MiB, 143771 MiB
2026/08/14 00:15:26.112, NVIDIA H200, 38, 99 %, 24 %, 15051 MiB, 143771 MiB
2026/08/14 00:15:29.113, NVIDIA H200, 35, 72 %, 23 %, 15051 MiB, 143771 MiB
2026/08/14 00:15:32.113, NVIDIA H200, 35, 69 %, 22 %, 15051 MiB, 143771 MiB
2026/08/14 00:15:35.113, NVIDIA H200, 25, 0 %, 0 %, 15051 MiB, 143771 MiB
2026/08/14 00:15:38.114, NVIDIA H200, 36, 98 %, 32 %, 15051 MiB, 143771 MiB
2026/08/14 00:15:41.114, NVIDIA H200, 38, 99 %, 22 %, 15051 MiB, 143771 MiB
2026/08/14 00:15:44.114, NVIDIA H200, 38, 98 %, 29 %, 15051 MiB, 143771 MiB
2026/08/14 00:15:47.115, NVIDIA H200, 36, 98 %, 28 %, 15051 MiB, 143771 MiB
2026/08/14 00:15:50.115, NVIDIA H200, 38, 99 %, 25 %, 15051 MiB, 143771 MiB
2026/08/14 00:15:53.115, NVIDIA H200, 37, 98 %, 31 %, 15051 MiB, 143771 MiB
2026/08/14 00:15:56.116, NVIDIA H200, 36, 98 %, 30 %, 15051 MiB, 143771 MiB
2026/08/14 00:15:59.116, NVIDIA H200, 38, 99 %, 27 %, 15051 MiB, 143771 MiB
2026/08/14 00:16:02.116, NVIDIA H200, 37, 99 %, 24 %, 15051 MiB, 143771 MiB
2026/08/14 00:16:05.117, NVIDIA H200, 36, 97 %, 31 %, 15051 MiB, 143771 MiB
2026/08/14 00:16:08.117, NVIDIA H200, 39, 100 %, 26 %, 15051 MiB, 143771 MiB
2026/08/14 00:16:11.117, NVIDIA H200, 36, 99 %, 25 %, 15051 MiB, 143771 MiB
2026/08/14 00:16:14.118, NVIDIA H200, 37, 99 %, 32 %, 15051 MiB, 143771 MiB
2026/08/14 00:16:17.118, NVIDIA H200, 38, 99 %, 25 %, 15051 MiB, 143771 MiB
2026/08/14 00:16:20.118, NVIDIA H200, 37, 97 %, 27 %, 15051 MiB, 143771 MiB
2026/08/14 00:16:23.119, NVIDIA H200, 38, 98 %, 32 %, 15051 MiB, 143771 MiB
2026/08/14 00:16:26.119, NVIDIA H200, 38, 99 %, 22 %, 15051 MiB, 143771 MiB
2026/08/14 00:16:29.119, NVIDIA H200, 37, 98 %, 29 %, 15051 MiB, 143771 MiB
2026/08/14 00:16:32.120, NVIDIA H200, 38, 98 %, 30 %, 15051 MiB, 143771 MiB
2026/08/14 00:16:35.120, NVIDIA H200, 36, 99 %, 25 %, 15051 MiB, 143771 MiB
2026/08/14 00:16:38.120, NVIDIA H200, 36, 93 %, 31 %, 15051 MiB, 143771 MiB
2026/08/14 00:16:41.121, NVIDIA H200, 37, 98 %, 30 %, 15051 MiB, 143771 MiB
2026/08/14 00:16:44.121, NVIDIA H200, 36, 99 %, 25 %, 15051 MiB, 143771 MiB
2026/08/14 00:16:47.121, NVIDIA H200, 36, 98 %, 32 %, 15051 MiB, 143771 MiB
2026/08/14 00:16:50.122, NVIDIA H200, 39, 100 %, 24 %, 15051 MiB, 143771 MiB
2026/08/14 00:16:53.122, NVIDIA H200, 36, 99 %, 27 %, 15051 MiB, 143771 MiB
2026/08/14 00:16:56.122, NVIDIA H200, 37, 98 %, 32 %, 15051 MiB, 143771 MiB
2026/08/14 00:16:59.123, NVIDIA H200, 38, 100 %, 23 %, 15051 MiB, 143771 MiB
2026/08/14 00:17:02.123, NVIDIA H200, 37, 97 %, 27 %, 15051 MiB, 143771 MiB
2026/08/14 00:17:05.123, NVIDIA H200, 38, 98 %, 33 %, 15051 MiB, 143771 MiB
2026/08/14 00:17:08.124, NVIDIA H200, 38, 99 %, 22 %, 15051 MiB, 143771 MiB
2026/08/14 00:17:11.124, NVIDIA H200, 37, 98 %, 29 %, 15051 MiB, 143771 MiB
2026/08/14 00:17:14.125, NVIDIA H200, 37, 98 %, 34 %, 15051 MiB, 143771 MiB
2026/08/14 00:17:17.125, NVIDIA H200, 38, 100 %, 23 %, 15051 MiB, 143771 MiB
2026/08/14 00:17:20.125, NVIDIA H200, 37, 99 %, 25 %, 15051 MiB, 143771 MiB
2026/08/14 00:17:23.126, NVIDIA H200, 37, 98 %, 32 %, 15051 MiB, 143771 MiB
2026/08/14 00:17:26.126, NVIDIA H200, 38, 98 %, 25 %, 15051 MiB, 143771 MiB
2026/08/14 00:17:29.126, NVIDIA H200, 36, 99 %, 25 %, 15051 MiB, 143771 MiB
2026/08/14 00:17:32.127, NVIDIA H200, 36, 97 %, 31 %, 15051 MiB, 143771 MiB
2026/08/14 00:17:35.127, NVIDIA H200, 39, 100 %, 25 %, 15051 MiB, 143771 MiB
2026/08/14 00:17:38.127, NVIDIA H200, 32, 67 %, 18 %, 15051 MiB, 143771 MiB
2026/08/14 00:17:41.128, NVIDIA H200, 35, 81 %, 24 %, 15051 MiB, 143771 MiB
2026/08/14 00:17:44.128, NVIDIA H200, 26, 6 %, 0 %, 15051 MiB, 143771 MiB
2026/08/14 00:17:47.128, NVIDIA H200, 37, 87 %, 22 %, 15051 MiB, 143771 MiB
2026/08/14 00:17:50.128, NVIDIA H200, 37, 98 %, 32 %, 15051 MiB, 143771 MiB
2026/08/14 00:17:53.129, NVIDIA H200, 36, 100 %, 24 %, 15051 MiB, 143771 MiB
2026/08/14 00:17:56.129, NVIDIA H200, 36, 98 %, 26 %, 15051 MiB, 143771 MiB
2026/08/14 00:17:59.129, NVIDIA H200, 37, 98 %, 34 %, 15051 MiB, 143771 MiB
2026/08/14 00:18:02.130, NVIDIA H200, 38, 99 %, 22 %, 15051 MiB, 143771 MiB
2026/08/14 00:18:05.130, NVIDIA H200, 36, 97 %, 26 %, 15051 MiB, 143771 MiB
2026/08/14 00:18:08.130, NVIDIA H200, 38, 98 %, 31 %, 15051 MiB, 143771 MiB
2026/08/14 00:18:11.131, NVIDIA H200, 37, 99 %, 22 %, 15051 MiB, 143771 MiB
2026/08/14 00:18:14.131, NVIDIA H200, 36, 98 %, 31 %, 15051 MiB, 143771 MiB
2026/08/14 00:18:17.131, NVIDIA H200, 39, 100 %, 26 %, 15051 MiB, 143771 MiB
2026/08/14 00:18:20.132, NVIDIA H200, 37, 99 %, 26 %, 15051 MiB, 143771 MiB
2026/08/14 00:18:23.132, NVIDIA H200, 37, 98 %, 31 %, 15051 MiB, 143771 MiB
2026/08/14 00:18:26.132, NVIDIA H200, 38, 100 %, 24 %, 15051 MiB, 143771 MiB
2026/08/14 00:18:29.133, NVIDIA H200, 37, 97 %, 27 %, 15051 MiB, 143771 MiB
2026/08/14 00:18:32.133, NVIDIA H200, 38, 99 %, 33 %, 15051 MiB, 143771 MiB
2026/08/14 00:18:35.133, NVIDIA H200, 38, 99 %, 20 %, 15051 MiB, 143771 MiB
2026/08/14 00:18:38.134, NVIDIA H200, 37, 98 %, 29 %, 15051 MiB, 143771 MiB
2026/08/14 00:18:41.134, NVIDIA H200, 38, 98 %, 30 %, 15051 MiB, 143771 MiB
2026/08/14 00:18:44.134, NVIDIA H200, 37, 99 %, 25 %, 15051 MiB, 143771 MiB
2026/08/14 00:18:47.135, NVIDIA H200, 37, 98 %, 32 %, 15051 MiB, 143771 MiB
2026/08/14 00:18:50.135, NVIDIA H200, 39, 100 %, 24 %, 15051 MiB, 143771 MiB
2026/08/14 00:18:53.135, NVIDIA H200, 37, 98 %, 26 %, 15051 MiB, 143771 MiB
2026/08/14 00:18:56.136, NVIDIA H200, 37, 98 %, 31 %, 15051 MiB, 143771 MiB
2026/08/14 00:18:59.136, NVIDIA H200, 39, 100 %, 24 %, 15051 MiB, 143771 MiB
2026/08/14 00:19:02.136, NVIDIA H200, 37, 98 %, 25 %, 15051 MiB, 143771 MiB
2026/08/14 00:19:05.137, NVIDIA H200, 38, 98 %, 34 %, 15051 MiB, 143771 MiB
2026/08/14 00:19:08.137, NVIDIA H200, 38, 99 %, 22 %, 15051 MiB, 143771 MiB
2026/08/14 00:19:11.137, NVIDIA H200, 37, 97 %, 29 %, 15051 MiB, 143771 MiB
2026/08/14 00:19:14.138, NVIDIA H200, 38, 99 %, 31 %, 15051 MiB, 143771 MiB
2026/08/14 00:19:17.138, NVIDIA H200, 37, 99 %, 25 %, 15051 MiB, 143771 MiB
2026/08/14 00:19:20.138, NVIDIA H200, 37, 98 %, 30 %, 15051 MiB, 143771 MiB
2026/08/14 00:19:23.139, NVIDIA H200, 39, 100 %, 24 %, 15051 MiB, 143771 MiB
2026/08/14 00:19:26.140, NVIDIA H200, 37, 98 %, 26 %, 15051 MiB, 143771 MiB
2026/08/14 00:19:29.140, NVIDIA H200, 38, 99 %, 34 %, 15051 MiB, 143771 MiB
2026/08/14 00:19:32.141, NVIDIA H200, 39, 100 %, 24 %, 15051 MiB, 143771 MiB
2026/08/14 00:19:35.141, NVIDIA H200, 38, 98 %, 27 %, 15051 MiB, 143771 MiB
2026/08/14 00:19:38.141, NVIDIA H200, 39, 98 %, 32 %, 15051 MiB, 143771 MiB
2026/08/14 00:19:41.142, NVIDIA H200, 38, 99 %, 21 %, 15051 MiB, 143771 MiB
2026/08/14 00:19:44.142, NVIDIA H200, 38, 97 %, 29 %, 15051 MiB, 143771 MiB
2026/08/14 00:19:47.142, NVIDIA H200, 30, 0 %, 0 %, 15051 MiB, 143771 MiB
2026/08/14 00:19:50.143, NVIDIA H200, 36, 72 %, 23 %, 15051 MiB, 143771 MiB
2026/08/14 00:19:53.143, NVIDIA H200, 33, 68 %, 22 %, 15051 MiB, 143771 MiB
2026/08/14 00:19:56.143, NVIDIA H200, 36, 85 %, 26 %, 15051 MiB, 143771 MiB
2026/08/14 00:19:59.144, NVIDIA H200, 37, 98 %, 31 %, 15051 MiB, 143771 MiB
2026/08/14 00:20:02.144, NVIDIA H200, 39, 100 %, 27 %, 15051 MiB, 143771 MiB
2026/08/14 00:20:05.144, NVIDIA H200, 38, 100 %, 25 %, 15051 MiB, 143771 MiB
2026/08/14 00:20:08.145, NVIDIA H200, 38, 98 %, 26 %, 15051 MiB, 143771 MiB
2026/08/14 00:20:11.145, NVIDIA H200, 39, 98 %, 32 %, 15051 MiB, 143771 MiB
2026/08/14 00:20:14.145, NVIDIA H200, 38, 99 %, 22 %, 15051 MiB, 143771 MiB
2026/08/14 00:20:17.146, NVIDIA H200, 37, 98 %, 29 %, 15051 MiB, 143771 MiB
2026/08/14 00:20:20.146, NVIDIA H200, 38, 99 %, 28 %, 15051 MiB, 143771 MiB
2026/08/14 00:20:23.146, NVIDIA H200, 37, 99 %, 25 %, 15051 MiB, 143771 MiB
2026/08/14 00:20:26.147, NVIDIA H200, 38, 98 %, 31 %, 15051 MiB, 143771 MiB
2026/08/14 00:20:29.147, NVIDIA H200, 39, 100 %, 23 %, 15051 MiB, 143771 MiB
2026/08/14 00:20:32.147, NVIDIA H200, 37, 84 %, 20 %, 15051 MiB, 143771 MiB
2026/08/14 00:20:35.147, NVIDIA H200, 38, 97 %, 29 %, 15051 MiB, 143771 MiB
2026/08/14 00:20:38.148, NVIDIA H200, 38, 98 %, 33 %, 15051 MiB, 143771 MiB
2026/08/14 00:20:41.148, NVIDIA H200, 38, 98 %, 27 %, 15051 MiB, 143771 MiB
2026/08/14 00:20:44.148, NVIDIA H200, 37, 99 %, 25 %, 15051 MiB, 143771 MiB
2026/08/14 00:20:47.149, NVIDIA H200, 37, 73 %, 25 %, 15051 MiB, 143771 MiB
2026/08/14 00:20:50.149, NVIDIA H200, 39, 99 %, 33 %, 15051 MiB, 143771 MiB
2026/08/14 00:20:53.149, NVIDIA H200, 38, 99 %, 21 %, 15051 MiB, 143771 MiB
2026/08/14 00:20:56.150, NVIDIA H200, 38, 97 %, 29 %, 15051 MiB, 143771 MiB
2026/08/14 00:20:59.150, NVIDIA H200, 38, 98 %, 30 %, 15051 MiB, 143771 MiB
2026/08/14 00:21:02.150, NVIDIA H200, 37, 99 %, 25 %, 15051 MiB, 143771 MiB
2026/08/14 00:21:05.151, NVIDIA H200, 38, 99 %, 23 %, 15051 MiB, 143771 MiB
2026/08/14 00:21:08.151, NVIDIA H200, 39, 98 %, 31 %, 15051 MiB, 143771 MiB
2026/08/14 00:21:11.151, NVIDIA H200, 38, 100 %, 24 %, 15051 MiB, 143771 MiB
2026/08/14 00:21:14.152, NVIDIA H200, 38, 99 %, 24 %, 15051 MiB, 143771 MiB
2026/08/14 00:21:17.152, NVIDIA H200, 39, 97 %, 31 %, 15051 MiB, 143771 MiB
2026/08/14 00:21:20.152, NVIDIA H200, 37, 99 %, 27 %, 15051 MiB, 143771 MiB
2026/08/14 00:21:23.153, NVIDIA H200, 38, 99 %, 25 %, 15051 MiB, 143771 MiB
2026/08/14 00:21:26.153, NVIDIA H200, 39, 98 %, 32 %, 15051 MiB, 143771 MiB
2026/08/14 00:21:29.153, NVIDIA H200, 37, 99 %, 24 %, 15051 MiB, 143771 MiB
2026/08/14 00:21:32.153, NVIDIA H200, 39, 98 %, 27 %, 15051 MiB, 143771 MiB
2026/08/14 00:21:35.154, NVIDIA H200, 38, 98 %, 32 %, 15051 MiB, 143771 MiB
2026/08/14 00:21:38.154, NVIDIA H200, 37, 99 %, 21 %, 15051 MiB, 143771 MiB
2026/08/14 00:21:41.154, NVIDIA H200, 39, 97 %, 29 %, 15051 MiB, 143771 MiB
2026/08/14 00:21:44.155, NVIDIA H200, 37, 98 %, 31 %, 15051 MiB, 143771 MiB
2026/08/14 00:21:47.155, NVIDIA H200, 38, 99 %, 24 %, 15051 MiB, 143771 MiB
2026/08/14 00:21:50.155, NVIDIA H200, 39, 97 %, 26 %, 15051 MiB, 143771 MiB
2026/08/14 00:21:53.156, NVIDIA H200, 37, 98 %, 31 %, 15051 MiB, 143771 MiB
2026/08/14 00:21:56.156, NVIDIA H200, 37, 100 %, 21 %, 15051 MiB, 143771 MiB
2026/08/14 00:21:59.156, NVIDIA H200, 33, 56 %, 17 %, 15051 MiB, 143771 MiB
2026/08/14 00:22:02.157, NVIDIA H200, 33, 67 %, 21 %, 15051 MiB, 143771 MiB
2026/08/14 00:22:05.157, NVIDIA H200, 26, 0 %, 0 %, 15051 MiB, 143771 MiB
2026/08/14 00:22:08.157, NVIDIA H200, 25, 0 %, 0 %, 15051 MiB, 143771 MiB
2026/08/14 00:22:11.158, NVIDIA H200, 36, 100 %, 24 %, 15051 MiB, 143771 MiB
2026/08/14 00:22:14.158, NVIDIA H200, 39, 97 %, 27 %, 15051 MiB, 143771 MiB
2026/08/14 00:22:17.158, NVIDIA H200, 37, 98 %, 32 %, 15051 MiB, 143771 MiB
2026/08/14 00:22:20.159, NVIDIA H200, 37, 99 %, 22 %, 15051 MiB, 143771 MiB
2026/08/14 00:22:23.159, NVIDIA H200, 38, 96 %, 26 %, 15051 MiB, 143771 MiB
2026/08/14 00:22:26.159, NVIDIA H200, 39, 98 %, 32 %, 15051 MiB, 143771 MiB
2026/08/14 00:22:29.160, NVIDIA H200, 37, 99 %, 24 %, 15051 MiB, 143771 MiB
2026/08/14 00:22:32.160, NVIDIA H200, 39, 97 %, 26 %, 15051 MiB, 143771 MiB
2026/08/14 00:22:35.160, NVIDIA H200, 38, 98 %, 32 %, 15051 MiB, 143771 MiB
2026/08/14 00:22:38.161, NVIDIA H200, 37, 99 %, 22 %, 15051 MiB, 143771 MiB
2026/08/14 00:22:41.161, NVIDIA H200, 39, 97 %, 29 %, 15051 MiB, 143771 MiB
2026/08/14 00:22:44.161, NVIDIA H200, 37, 98 %, 29 %, 15051 MiB, 143771 MiB
2026/08/14 00:22:47.162, NVIDIA H200, 38, 99 %, 25 %, 15051 MiB, 143771 MiB
2026/08/14 00:22:50.162, NVIDIA H200, 39, 99 %, 31 %, 15051 MiB, 143771 MiB
2026/08/14 00:22:53.162, NVIDIA H200, 37, 100 %, 24 %, 15051 MiB, 143771 MiB
2026/08/14 00:22:56.163, NVIDIA H200, 38, 98 %, 27 %, 15051 MiB, 143771 MiB
2026/08/14 00:22:59.163, NVIDIA H200, 38, 98 %, 34 %, 15051 MiB, 143771 MiB
2026/08/14 00:23:02.163, NVIDIA H200, 39, 99 %, 22 %, 15051 MiB, 143771 MiB
2026/08/14 00:23:05.163, NVIDIA H200, 38, 98 %, 27 %, 15051 MiB, 143771 MiB
2026/08/14 00:23:08.164, NVIDIA H200, 39, 98 %, 33 %, 15051 MiB, 143771 MiB
2026/08/14 00:23:11.164, NVIDIA H200, 39, 99 %, 21 %, 15051 MiB, 143771 MiB
2026/08/14 00:23:14.164, NVIDIA H200, 38, 98 %, 29 %, 15051 MiB, 143771 MiB
2026/08/14 00:23:17.165, NVIDIA H200, 38, 99 %, 31 %, 15051 MiB, 143771 MiB
2026/08/14 00:23:20.165, NVIDIA H200, 37, 99 %, 25 %, 15051 MiB, 143771 MiB
2026/08/14 00:23:23.165, NVIDIA H200, 37, 98 %, 31 %, 15051 MiB, 143771 MiB
2026/08/14 00:23:26.166, NVIDIA H200, 39, 100 %, 23 %, 15051 MiB, 143771 MiB
2026/08/14 00:23:29.166, NVIDIA H200, 38, 97 %, 27 %, 15051 MiB, 143771 MiB
2026/08/14 00:23:32.166, NVIDIA H200, 38, 98 %, 34 %, 15051 MiB, 143771 MiB
2026/08/14 00:23:35.167, NVIDIA H200, 39, 99 %, 24 %, 15051 MiB, 143771 MiB
2026/08/14 00:23:38.167, NVIDIA H200, 38, 97 %, 26 %, 15051 MiB, 143771 MiB
2026/08/14 00:23:41.167, NVIDIA H200, 39, 98 %, 32 %, 15051 MiB, 143771 MiB
2026/08/14 00:23:44.168, NVIDIA H200, 39, 99 %, 22 %, 15051 MiB, 143771 MiB
2026/08/14 00:23:47.168, NVIDIA H200, 37, 98 %, 26 %, 15051 MiB, 143771 MiB
2026/08/14 00:23:50.168, NVIDIA H200, 39, 98 %, 31 %, 15051 MiB, 143771 MiB
2026/08/14 00:23:53.169, NVIDIA H200, 38, 99 %, 21 %, 15051 MiB, 143771 MiB
2026/08/14 00:23:56.169, NVIDIA H200, 37, 98 %, 30 %, 15051 MiB, 143771 MiB
2026/08/14 00:23:59.169, NVIDIA H200, 39, 98 %, 28 %, 15051 MiB, 143771 MiB
2026/08/14 00:24:02.170, NVIDIA H200, 38, 99 %, 24 %, 15051 MiB, 143771 MiB
2026/08/14 00:24:05.170, NVIDIA H200, 37, 97 %, 31 %, 15051 MiB, 143771 MiB
2026/08/14 00:24:08.170, NVIDIA H200, 38, 99 %, 30 %, 15051 MiB, 143771 MiB
2026/08/14 00:24:11.170, NVIDIA H200, 32, 0 %, 0 %, 15051 MiB, 143771 MiB
2026/08/14 00:24:14.171, NVIDIA H200, 36, 59 %, 19 %, 15051 MiB, 143771 MiB
2026/08/14 00:24:17.171, NVIDIA H200, 29, 0 %, 0 %, 15051 MiB, 143771 MiB
2026/08/14 00:24:20.171, NVIDIA H200, 37, 98 %, 27 %, 15051 MiB, 143771 MiB
2026/08/14 00:24:23.172, NVIDIA H200, 39, 98 %, 32 %, 15051 MiB, 143771 MiB
2026/08/14 00:24:26.172, NVIDIA H200, 39, 99 %, 24 %, 15051 MiB, 143771 MiB
2026/08/14 00:24:29.172, NVIDIA H200, 38, 98 %, 27 %, 15051 MiB, 143771 MiB
2026/08/14 00:24:32.173, NVIDIA H200, 39, 98 %, 33 %, 15051 MiB, 143771 MiB
2026/08/14 00:24:35.173, NVIDIA H200, 38, 99 %, 21 %, 15051 MiB, 143771 MiB
2026/08/14 00:24:38.173, NVIDIA H200, 37, 98 %, 31 %, 15051 MiB, 143771 MiB
2026/08/14 00:24:41.174, NVIDIA H200, 38, 98 %, 30 %, 15051 MiB, 143771 MiB
2026/08/14 00:24:44.174, NVIDIA H200, 37, 99 %, 25 %, 15051 MiB, 143771 MiB
2026/08/14 00:24:47.174, NVIDIA H200, 37, 98 %, 31 %, 15051 MiB, 143771 MiB
2026/08/14 00:24:50.175, NVIDIA H200, 39, 100 %, 23 %, 15051 MiB, 143771 MiB
2026/08/14 00:24:53.175, NVIDIA H200, 38, 98 %, 27 %, 15051 MiB, 143771 MiB
2026/08/14 00:24:56.175, NVIDIA H200, 39, 98 %, 33 %, 15051 MiB, 143771 MiB
2026/08/14 00:24:59.176, NVIDIA H200, 38, 99 %, 20 %, 15051 MiB, 143771 MiB
2026/08/14 00:25:02.176, NVIDIA H200, 38, 98 %, 29 %, 15051 MiB, 143771 MiB
2026/08/14 00:25:05.176, NVIDIA H200, 38, 98 %, 30 %, 15051 MiB, 143771 MiB
2026/08/14 00:25:08.177, NVIDIA H200, 37, 99 %, 25 %, 15051 MiB, 143771 MiB
2026/08/14 00:25:11.177, NVIDIA H200, 37, 97 %, 31 %, 15051 MiB, 143771 MiB
2026/08/14 00:25:14.177, NVIDIA H200, 39, 100 %, 24 %, 15051 MiB, 143771 MiB
2026/08/14 00:25:17.178, NVIDIA H200, 38, 99 %, 23 %, 15051 MiB, 143771 MiB
2026/08/14 00:25:20.178, NVIDIA H200, 37, 97 %, 31 %, 15051 MiB, 143771 MiB
2026/08/14 00:25:23.178, NVIDIA H200, 39, 99 %, 28 %, 15051 MiB, 143771 MiB
2026/08/14 00:25:26.179, NVIDIA H200, 38, 99 %, 24 %, 15051 MiB, 143771 MiB
2026/08/14 00:25:29.179, NVIDIA H200, 38, 98 %, 31 %, 15051 MiB, 143771 MiB
2026/08/14 00:25:32.179, NVIDIA H200, 38, 100 %, 24 %, 15051 MiB, 143771 MiB
2026/08/14 00:25:35.179, NVIDIA H200, 38, 97 %, 27 %, 15051 MiB, 143771 MiB
2026/08/14 00:25:38.180, NVIDIA H200, 39, 99 %, 33 %, 15051 MiB, 143771 MiB
2026/08/14 00:25:41.180, NVIDIA H200, 38, 99 %, 20 %, 15051 MiB, 143771 MiB
2026/08/14 00:25:44.180, NVIDIA H200, 37, 97 %, 29 %, 15051 MiB, 143771 MiB
2026/08/14 00:25:47.180, NVIDIA H200, 38, 98 %, 30 %, 15051 MiB, 143771 MiB
2026/08/14 00:25:50.181, NVIDIA H200, 37, 99 %, 22 %, 15051 MiB, 143771 MiB
2026/08/14 00:25:53.181, NVIDIA H200, 37, 98 %, 31 %, 15051 MiB, 143771 MiB
2026/08/14 00:25:56.181, NVIDIA H200, 37, 98 %, 32 %, 15051 MiB, 143771 MiB
2026/08/14 00:25:59.182, NVIDIA H200, 38, 99 %, 21 %, 15051 MiB, 143771 MiB
2026/08/14 00:26:02.182, NVIDIA H200, 38, 97 %, 29 %, 15051 MiB, 143771 MiB
2026/08/14 00:26:05.182, NVIDIA H200, 38, 98 %, 31 %, 15051 MiB, 143771 MiB
2026/08/14 00:26:08.182, NVIDIA H200, 39, 99 %, 23 %, 15051 MiB, 143771 MiB
2026/08/14 00:26:11.183, NVIDIA H200, 38, 97 %, 31 %, 15051 MiB, 143771 MiB
2026/08/14 00:26:14.183, NVIDIA H200, 37, 100 %, 25 %, 15051 MiB, 143771 MiB
2026/08/14 00:26:17.183, NVIDIA H200, 38, 99 %, 26 %, 15051 MiB, 143771 MiB
2026/08/14 00:26:20.183, NVIDIA H200, 34, 76 %, 26 %, 15051 MiB, 143771 MiB
2026/08/14 00:26:23.184, NVIDIA H200, 36, 69 %, 24 %, 15051 MiB, 143771 MiB
2026/08/14 00:26:26.184, NVIDIA H200, 27, 0 %, 0 %, 15051 MiB, 143771 MiB
2026/08/14 00:26:29.184, NVIDIA H200, 38, 98 %, 33 %, 15051 MiB, 143771 MiB
2026/08/14 00:26:32.185, NVIDIA H200, 38, 99 %, 22 %, 15051 MiB, 143771 MiB
2026/08/14 00:26:35.185, NVIDIA H200, 37, 98 %, 28 %, 15051 MiB, 143771 MiB
2026/08/14 00:26:38.185, NVIDIA H200, 39, 98 %, 31 %, 15051 MiB, 143771 MiB
2026/08/14 00:26:41.186, NVIDIA H200, 37, 99 %, 24 %, 15051 MiB, 143771 MiB
2026/08/14 00:26:44.186, NVIDIA H200, 37, 98 %, 31 %, 15051 MiB, 143771 MiB
2026/08/14 00:26:47.186, NVIDIA H200, 39, 99 %, 27 %, 15051 MiB, 143771 MiB
2026/08/14 00:26:50.187, NVIDIA H200, 37, 99 %, 24 %, 15051 MiB, 143771 MiB
2026/08/14 00:26:53.187, NVIDIA H200, 37, 99 %, 31 %, 15051 MiB, 143771 MiB
2026/08/14 00:26:56.187, NVIDIA H200, 38, 100 %, 24 %, 15051 MiB, 143771 MiB
2026/08/14 00:26:59.187, NVIDIA H200, 39, 100 %, 23 %, 15051 MiB, 143771 MiB
2026/08/14 00:27:02.188, NVIDIA H200, 37, 99 %, 27 %, 15051 MiB, 143771 MiB
2026/08/14 00:27:05.188, NVIDIA H200, 37, 98 %, 31 %, 15051 MiB, 143771 MiB
2026/08/14 00:27:08.188, NVIDIA H200, 39, 100 %, 26 %, 15051 MiB, 143771 MiB
2026/08/14 00:27:11.189, NVIDIA H200, 37, 99 %, 23 %, 15051 MiB, 143771 MiB
2026/08/14 00:27:14.189, NVIDIA H200, 37, 98 %, 31 %, 15051 MiB, 143771 MiB
2026/08/14 00:27:17.189, NVIDIA H200, 38, 98 %, 31 %, 15051 MiB, 143771 MiB
2026/08/14 00:27:20.190, NVIDIA H200, 37, 99 %, 24 %, 15051 MiB, 143771 MiB
2026/08/14 00:27:23.190, NVIDIA H200, 37, 98 %, 31 %, 15051 MiB, 143771 MiB
2026/08/14 00:27:26.190, NVIDIA H200, 38, 99 %, 29 %, 15051 MiB, 143771 MiB
2026/08/14 00:27:29.191, NVIDIA H200, 37, 99 %, 24 %, 15051 MiB, 143771 MiB
2026/08/14 00:27:32.191, NVIDIA H200, 37, 94 %, 29 %, 15051 MiB, 143771 MiB
2026/08/14 00:27:35.191, NVIDIA H200, 39, 98 %, 32 %, 15051 MiB, 143771 MiB
2026/08/14 00:27:38.191, NVIDIA H200, 38, 99 %, 21 %, 15051 MiB, 143771 MiB
2026/08/14 00:27:41.192, NVIDIA H200, 37, 97 %, 29 %, 15051 MiB, 143771 MiB
2026/08/14 00:27:44.192, NVIDIA H200, 38, 98 %, 30 %, 15051 MiB, 143771 MiB
2026/08/14 00:27:47.192, NVIDIA H200, 37, 99 %, 25 %, 15051 MiB, 143771 MiB
2026/08/14 00:27:50.193, NVIDIA H200, 37, 98 %, 31 %, 15051 MiB, 143771 MiB
2026/08/14 00:27:53.193, NVIDIA H200, 39, 100 %, 23 %, 15051 MiB, 143771 MiB
2026/08/14 00:27:56.193, NVIDIA H200, 37, 97 %, 26 %, 15051 MiB, 143771 MiB
2026/08/14 00:27:59.193, NVIDIA H200, 38, 98 %, 33 %, 15051 MiB, 143771 MiB
2026/08/14 00:28:02.194, NVIDIA H200, 38, 99 %, 22 %, 15051 MiB, 143771 MiB
2026/08/14 00:28:05.194, NVIDIA H200, 39, 98 %, 27 %, 15051 MiB, 143771 MiB
2026/08/14 00:28:08.194, NVIDIA H200, 37, 99 %, 31 %, 15051 MiB, 143771 MiB
2026/08/14 00:28:11.195, NVIDIA H200, 38, 99 %, 24 %, 15051 MiB, 143771 MiB
2026/08/14 00:28:14.195, NVIDIA H200, 39, 98 %, 26 %, 15051 MiB, 143771 MiB
2026/08/14 00:28:17.195, NVIDIA H200, 38, 98 %, 32 %, 15051 MiB, 143771 MiB
2026/08/14 00:28:20.196, NVIDIA H200, 39, 99 %, 22 %, 15051 MiB, 143771 MiB
2026/08/14 00:28:23.196, NVIDIA H200, 38, 98 %, 30 %, 15051 MiB, 143771 MiB
2026/08/14 00:28:26.196, NVIDIA H200, 37, 99 %, 28 %, 15051 MiB, 143771 MiB
2026/08/14 00:28:29.197, NVIDIA H200, 34, 0 %, 0 %, 15051 MiB, 143771 MiB
2026/08/14 00:28:32.197, NVIDIA H200, 35, 80 %, 28 %, 15051 MiB, 143771 MiB
2026/08/14 00:28:35.197, NVIDIA H200, 26, 0 %, 0 %, 15051 MiB, 143771 MiB
2026/08/14 00:28:38.198, NVIDIA H200, 36, 98 %, 32 %, 15051 MiB, 143771 MiB
2026/08/14 00:28:41.198, NVIDIA H200, 36, 100 %, 24 %, 15051 MiB, 143771 MiB
2026/08/14 00:28:44.198, NVIDIA H200, 39, 99 %, 26 %, 15051 MiB, 143771 MiB
2026/08/14 00:28:47.198, NVIDIA H200, 37, 98 %, 30 %, 15051 MiB, 143771 MiB
2026/08/14 00:28:50.199, NVIDIA H200, 37, 100 %, 23 %, 15051 MiB, 143771 MiB
2026/08/14 00:28:53.199, NVIDIA H200, 39, 98 %, 25 %, 15051 MiB, 143771 MiB
2026/08/14 00:28:56.199, NVIDIA H200, 37, 99 %, 34 %, 15051 MiB, 143771 MiB
2026/08/14 00:28:59.200, NVIDIA H200, 37, 100 %, 25 %, 15051 MiB, 143771 MiB
2026/08/14 00:29:02.200, NVIDIA H200, 39, 98 %, 27 %, 15051 MiB, 143771 MiB
2026/08/14 00:29:05.200, NVIDIA H200, 37, 98 %, 34 %, 15051 MiB, 143771 MiB
2026/08/14 00:29:08.201, NVIDIA H200, 38, 99 %, 22 %, 15051 MiB, 143771 MiB
2026/08/14 00:29:11.201, NVIDIA H200, 39, 98 %, 28 %, 15051 MiB, 143771 MiB
2026/08/14 00:29:14.201, NVIDIA H200, 38, 98 %, 31 %, 15051 MiB, 143771 MiB
2026/08/14 00:29:17.202, NVIDIA H200, 38, 99 %, 20 %, 15051 MiB, 143771 MiB
2026/08/14 00:29:20.202, NVIDIA H200, 39, 97 %, 29 %, 15051 MiB, 143771 MiB
2026/08/14 00:29:23.202, NVIDIA H200, 37, 98 %, 29 %, 15051 MiB, 143771 MiB
2026/08/14 00:29:26.203, NVIDIA H200, 38, 99 %, 25 %, 15051 MiB, 143771 MiB
2026/08/14 00:29:29.203, NVIDIA H200, 37, 98 %, 32 %, 15051 MiB, 143771 MiB
2026/08/14 00:29:32.203, NVIDIA H200, 37, 99 %, 25 %, 15051 MiB, 143771 MiB
2026/08/14 00:29:35.204, NVIDIA H200, 39, 97 %, 27 %, 15051 MiB, 143771 MiB
2026/08/14 00:29:38.204, NVIDIA H200, 37, 98 %, 33 %, 15051 MiB, 143771 MiB
2026/08/14 00:29:41.204, NVIDIA H200, 38, 99 %, 21 %, 15051 MiB, 143771 MiB
2026/08/14 00:29:44.205, NVIDIA H200, 38, 98 %, 29 %, 15051 MiB, 143771 MiB
2026/08/14 00:29:47.205, NVIDIA H200, 37, 98 %, 34 %, 15051 MiB, 143771 MiB
2026/08/14 00:29:50.205, NVIDIA H200, 37, 98 %, 29 %, 15051 MiB, 143771 MiB
2026/08/14 00:29:53.206, NVIDIA H200, 38, 99 %, 21 %, 15051 MiB, 143771 MiB
2026/08/14 00:29:56.206, NVIDIA H200, 38, 98 %, 30 %, 15051 MiB, 143771 MiB
2026/08/14 00:29:59.207, NVIDIA H200, 37, 98 %, 29 %, 15051 MiB, 143771 MiB
2026/08/14 00:30:02.207, NVIDIA H200, 39, 99 %, 25 %, 15051 MiB, 143771 MiB
2026/08/14 00:30:05.207, NVIDIA H200, 37, 98 %, 30 %, 15051 MiB, 143771 MiB
2026/08/14 00:30:08.208, NVIDIA H200, 37, 100 %, 24 %, 15051 MiB, 143771 MiB
2026/08/14 00:30:11.208, NVIDIA H200, 39, 98 %, 26 %, 15051 MiB, 143771 MiB
2026/08/14 00:30:14.208, NVIDIA H200, 38, 98 %, 34 %, 15051 MiB, 143771 MiB
2026/08/14 00:30:17.209, NVIDIA H200, 37, 100 %, 25 %, 15051 MiB, 143771 MiB
2026/08/14 00:30:20.209, NVIDIA H200, 35, 98 %, 27 %, 15051 MiB, 143771 MiB
2026/08/14 00:30:23.209, NVIDIA H200, 37, 98 %, 31 %, 15051 MiB, 143771 MiB
2026/08/14 00:30:26.210, NVIDIA H200, 37, 98 %, 29 %, 15051 MiB, 143771 MiB
2026/08/14 00:30:29.210, NVIDIA H200, 38, 99 %, 24 %, 15051 MiB, 143771 MiB
2026/08/14 00:30:32.210, NVIDIA H200, 37, 98 %, 31 %, 15051 MiB, 143771 MiB
2026/08/14 00:30:35.211, NVIDIA H200, 37, 99 %, 24 %, 15051 MiB, 143771 MiB
2026/08/14 00:30:38.211, NVIDIA H200, 29, 0 %, 0 %, 15051 MiB, 143771 MiB
2026/08/14 00:30:41.211, NVIDIA H200, 36, 81 %, 26 %, 15051 MiB, 143771 MiB
2026/08/14 00:30:44.212, NVIDIA H200, 31, 98 %, 29 %, 15051 MiB, 143771 MiB
2026/08/14 00:30:47.212, NVIDIA H200, 38, 99 %, 21 %, 15051 MiB, 143771 MiB
2026/08/14 00:30:50.212, NVIDIA H200, 39, 98 %, 27 %, 15051 MiB, 143771 MiB
2026/08/14 00:30:53.213, NVIDIA H200, 37, 98 %, 32 %, 15051 MiB, 143771 MiB
2026/08/14 00:30:56.213, NVIDIA H200, 38, 99 %, 21 %, 15051 MiB, 143771 MiB
2026/08/14 00:30:59.213, NVIDIA H200, 38, 99 %, 25 %, 15051 MiB, 143771 MiB
2026/08/14 00:31:02.214, NVIDIA H200, 37, 98 %, 34 %, 15051 MiB, 143771 MiB
2026/08/14 00:31:05.214, NVIDIA H200, 37, 99 %, 22 %, 15051 MiB, 143771 MiB
2026/08/14 00:31:08.214, NVIDIA H200, 39, 97 %, 26 %, 15051 MiB, 143771 MiB
2026/08/14 00:31:11.215, NVIDIA H200, 38, 98 %, 31 %, 15051 MiB, 143771 MiB
2026/08/14 00:31:14.215, NVIDIA H200, 39, 99 %, 22 %, 15051 MiB, 143771 MiB
2026/08/14 00:31:17.215, NVIDIA H200, 38, 99 %, 22 %, 15051 MiB, 143771 MiB
2026/08/14 00:31:20.215, NVIDIA H200, 37, 97 %, 26 %, 15051 MiB, 143771 MiB
2026/08/14 00:31:23.216, NVIDIA H200, 39, 98 %, 31 %, 15051 MiB, 143771 MiB
2026/08/14 00:31:26.216, NVIDIA H200, 37, 99 %, 22 %, 15051 MiB, 143771 MiB
2026/08/14 00:31:29.216, NVIDIA H200, 37, 97 %, 31 %, 15051 MiB, 143771 MiB
2026/08/14 00:31:32.216, NVIDIA H200, 39, 97 %, 31 %, 15051 MiB, 143771 MiB
2026/08/14 00:31:35.217, NVIDIA H200, 38, 99 %, 22 %, 15051 MiB, 143771 MiB
2026/08/14 00:31:38.217, NVIDIA H200, 37, 98 %, 30 %, 15051 MiB, 143771 MiB
2026/08/14 00:31:41.217, NVIDIA H200, 38, 99 %, 27 %, 15051 MiB, 143771 MiB
2026/08/14 00:31:44.217, NVIDIA H200, 37, 99 %, 26 %, 15051 MiB, 143771 MiB
2026/08/14 00:31:47.218, NVIDIA H200, 38, 98 %, 33 %, 15051 MiB, 143771 MiB
2026/08/14 00:31:50.218, NVIDIA H200, 38, 99 %, 22 %, 15051 MiB, 143771 MiB
2026/08/14 00:31:53.218, NVIDIA H200, 37, 98 %, 26 %, 15051 MiB, 143771 MiB
2026/08/14 00:31:56.218, NVIDIA H200, 39, 98 %, 31 %, 15051 MiB, 143771 MiB
2026/08/14 00:31:59.219, NVIDIA H200, 38, 99 %, 22 %, 15051 MiB, 143771 MiB
2026/08/14 00:32:02.219, NVIDIA H200, 37, 98 %, 31 %, 15051 MiB, 143771 MiB
2026/08/14 00:32:05.219, NVIDIA H200, 38, 99 %, 28 %, 15051 MiB, 143771 MiB
2026/08/14 00:32:08.219, NVIDIA H200, 39, 100 %, 25 %, 15051 MiB, 143771 MiB
2026/08/14 00:32:11.220, NVIDIA H200, 37, 99 %, 25 %, 15051 MiB, 143771 MiB
2026/08/14 00:32:14.220, NVIDIA H200, 38, 98 %, 31 %, 15051 MiB, 143771 MiB
2026/08/14 00:32:17.220, NVIDIA H200, 38, 100 %, 23 %, 15051 MiB, 143771 MiB
2026/08/14 00:32:20.221, NVIDIA H200, 38, 98 %, 26 %, 15051 MiB, 143771 MiB
2026/08/14 00:32:23.221, NVIDIA H200, 39, 98 %, 33 %, 15051 MiB, 143771 MiB
2026/08/14 00:32:26.221, NVIDIA H200, 38, 99 %, 21 %, 15051 MiB, 143771 MiB
2026/08/14 00:32:29.221, NVIDIA H200, 37, 97 %, 29 %, 15051 MiB, 143771 MiB
2026/08/14 00:32:32.222, NVIDIA H200, 38, 98 %, 31 %, 15051 MiB, 143771 MiB
2026/08/14 00:32:35.222, NVIDIA H200, 37, 99 %, 25 %, 15051 MiB, 143771 MiB
2026/08/14 00:32:38.222, NVIDIA H200, 37, 98 %, 31 %, 15051 MiB, 143771 MiB
2026/08/14 00:32:41.222, NVIDIA H200, 37, 97 %, 29 %, 15051 MiB, 143771 MiB
2026/08/14 00:32:44.223, NVIDIA H200, 37, 99 %, 24 %, 15051 MiB, 143771 MiB
2026/08/14 00:32:47.223, NVIDIA H200, 30, 40 %, 11 %, 15051 MiB, 143771 MiB
2026/08/14 00:32:50.223, NVIDIA H200, 35, 71 %, 18 %, 15051 MiB, 143771 MiB
2026/08/14 00:32:53.224, NVIDIA H200, 29, 0 %, 0 %, 15051 MiB, 143771 MiB
2026/08/14 00:32:56.224, NVIDIA H200, 25, 0 %, 0 %, 15051 MiB, 143771 MiB
2026/08/14 00:32:59.224, NVIDIA H200, 30, 77 %, 28 %, 15051 MiB, 143771 MiB
2026/08/14 00:33:02.225, NVIDIA H200, 38, 99 %, 32 %, 15051 MiB, 143771 MiB
2026/08/14 00:33:05.225, NVIDIA H200, 37, 99 %, 22 %, 15051 MiB, 143771 MiB
2026/08/14 00:33:08.225, NVIDIA H200, 37, 97 %, 30 %, 15051 MiB, 143771 MiB
2026/08/14 00:33:11.226, NVIDIA H200, 38, 99 %, 28 %, 15051 MiB, 143771 MiB
2026/08/14 00:33:14.226, NVIDIA H200, 37, 99 %, 24 %, 15051 MiB, 143771 MiB
2026/08/14 00:33:17.226, NVIDIA H200, 37, 97 %, 27 %, 15051 MiB, 143771 MiB
2026/08/14 00:33:20.227, NVIDIA H200, 39, 99 %, 31 %, 15051 MiB, 143771 MiB
2026/08/14 00:33:23.227, NVIDIA H200, 37, 99 %, 22 %, 15051 MiB, 143771 MiB
2026/08/14 00:33:26.227, NVIDIA H200, 37, 98 %, 30 %, 15051 MiB, 143771 MiB
2026/08/14 00:33:29.228, NVIDIA H200, 38, 99 %, 29 %, 15051 MiB, 143771 MiB
2026/08/14 00:33:32.228, NVIDIA H200, 37, 99 %, 25 %, 15051 MiB, 143771 MiB
2026/08/14 00:33:35.228, NVIDIA H200, 37, 98 %, 31 %, 15051 MiB, 143771 MiB
2026/08/14 00:33:38.229, NVIDIA H200, 38, 99 %, 29 %, 15051 MiB, 143771 MiB
2026/08/14 00:33:41.229, NVIDIA H200, 37, 99 %, 25 %, 15051 MiB, 143771 MiB
2026/08/14 00:33:44.229, NVIDIA H200, 37, 97 %, 29 %, 15051 MiB, 143771 MiB
2026/08/14 00:33:47.230, NVIDIA H200, 38, 98 %, 29 %, 15051 MiB, 143771 MiB
2026/08/14 00:33:50.230, NVIDIA H200, 38, 98 %, 30 %, 15051 MiB, 143771 MiB
2026/08/14 00:33:53.230, NVIDIA H200, 37, 99 %, 25 %, 15051 MiB, 143771 MiB
2026/08/14 00:33:56.231, NVIDIA H200, 37, 95 %, 29 %, 15051 MiB, 143771 MiB
2026/08/14 00:33:59.231, NVIDIA H200, 38, 98 %, 31 %, 15051 MiB, 143771 MiB
2026/08/14 00:34:02.231, NVIDIA H200, 37, 99 %, 25 %, 15051 MiB, 143771 MiB
2026/08/14 00:34:05.232, NVIDIA H200, 37, 99 %, 30 %, 15051 MiB, 143771 MiB
2026/08/14 00:34:08.232, NVIDIA H200, 38, 99 %, 25 %, 15051 MiB, 143771 MiB
2026/08/14 00:34:11.232, NVIDIA H200, 38, 98 %, 27 %, 15051 MiB, 143771 MiB
2026/08/14 00:34:14.233, NVIDIA H200, 39, 98 %, 32 %, 15051 MiB, 143771 MiB
2026/08/14 00:34:17.233, NVIDIA H200, 38, 99 %, 21 %, 15051 MiB, 143771 MiB
2026/08/14 00:34:20.233, NVIDIA H200, 37, 97 %, 30 %, 15051 MiB, 143771 MiB
2026/08/14 00:34:23.234, NVIDIA H200, 37, 99 %, 28 %, 15051 MiB, 143771 MiB
2026/08/14 00:34:26.234, NVIDIA H200, 38, 99 %, 20 %, 15051 MiB, 143771 MiB
2026/08/14 00:34:29.234, NVIDIA H200, 37, 98 %, 29 %, 15051 MiB, 143771 MiB
2026/08/14 00:34:32.235, NVIDIA H200, 38, 99 %, 29 %, 15051 MiB, 143771 MiB
2026/08/14 00:34:35.235, NVIDIA H200, 37, 99 %, 24 %, 15051 MiB, 143771 MiB
2026/08/14 00:34:38.235, NVIDIA H200, 37, 98 %, 31 %, 15051 MiB, 143771 MiB
2026/08/14 00:34:41.236, NVIDIA H200, 38, 100 %, 24 %, 15051 MiB, 143771 MiB
2026/08/14 00:34:44.236, NVIDIA H200, 38, 98 %, 27 %, 15051 MiB, 143771 MiB
2026/08/14 00:34:47.236, NVIDIA H200, 39, 99 %, 33 %, 15051 MiB, 143771 MiB
2026/08/14 00:34:50.237, NVIDIA H200, 38, 99 %, 20 %, 15051 MiB, 143771 MiB
2026/08/14 00:34:53.237, NVIDIA H200, 37, 98 %, 29 %, 15051 MiB, 143771 MiB
2026/08/14 00:34:56.237, NVIDIA H200, 38, 98 %, 30 %, 15051 MiB, 143771 MiB
2026/08/14 00:34:59.238, NVIDIA H200, 37, 100 %, 22 %, 15051 MiB, 143771 MiB
2026/08/14 00:35:02.238, NVIDIA H200, 32, 75 %, 25 %, 15051 MiB, 143771 MiB
2026/08/14 00:35:05.239, NVIDIA H200, 35, 66 %, 21 %, 15051 MiB, 143771 MiB
2026/08/14 00:35:08.239, NVIDIA H200, 33, 92 %, 28 %, 15051 MiB, 143771 MiB
2026/08/14 00:35:11.239, NVIDIA H200, 36, 99 %, 25 %, 15051 MiB, 143771 MiB
2026/08/14 00:35:14.239, NVIDIA H200, 37, 98 %, 32 %, 15051 MiB, 143771 MiB
2026/08/14 00:35:17.240, NVIDIA H200, 38, 99 %, 24 %, 15051 MiB, 143771 MiB
2026/08/14 00:35:20.240, NVIDIA H200, 37, 98 %, 26 %, 15051 MiB, 143771 MiB
2026/08/14 00:35:23.240, NVIDIA H200, 39, 99 %, 31 %, 15051 MiB, 143771 MiB
2026/08/14 00:35:26.241, NVIDIA H200, 37, 99 %, 22 %, 15051 MiB, 143771 MiB
2026/08/14 00:35:29.241, NVIDIA H200, 37, 97 %, 29 %, 15051 MiB, 143771 MiB
2026/08/14 00:35:32.241, NVIDIA H200, 38, 98 %, 29 %, 15051 MiB, 143771 MiB
2026/08/14 00:35:35.242, NVIDIA H200, 37, 99 %, 25 %, 15051 MiB, 143771 MiB
2026/08/14 00:35:38.242, NVIDIA H200, 37, 98 %, 31 %, 15051 MiB, 143771 MiB
2026/08/14 00:35:41.242, NVIDIA H200, 39, 100 %, 25 %, 15051 MiB, 143771 MiB
2026/08/14 00:35:44.243, NVIDIA H200, 37, 99 %, 25 %, 15051 MiB, 143771 MiB
2026/08/14 00:35:47.243, NVIDIA H200, 38, 98 %, 32 %, 15051 MiB, 143771 MiB
2026/08/14 00:35:50.243, NVIDIA H200, 38, 100 %, 25 %, 15051 MiB, 143771 MiB
2026/08/14 00:35:53.244, NVIDIA H200, 37, 98 %, 27 %, 15051 MiB, 143771 MiB
2026/08/14 00:35:56.244, NVIDIA H200, 39, 98 %, 32 %, 15051 MiB, 143771 MiB
2026/08/14 00:35:59.244, NVIDIA H200, 38, 99 %, 21 %, 15051 MiB, 143771 MiB
2026/08/14 00:36:02.244, NVIDIA H200, 37, 98 %, 29 %, 15051 MiB, 143771 MiB
2026/08/14 00:36:05.245, NVIDIA H200, 38, 98 %, 31 %, 15051 MiB, 143771 MiB
2026/08/14 00:36:08.245, NVIDIA H200, 37, 85 %, 20 %, 15051 MiB, 143771 MiB
2026/08/14 00:36:11.245, NVIDIA H200, 37, 97 %, 26 %, 15051 MiB, 143771 MiB
2026/08/14 00:36:14.245, NVIDIA H200, 39, 98 %, 32 %, 15051 MiB, 143771 MiB
2026/08/14 00:36:17.246, NVIDIA H200, 38, 99 %, 21 %, 15051 MiB, 143771 MiB
2026/08/14 00:36:20.246, NVIDIA H200, 37, 97 %, 29 %, 15051 MiB, 143771 MiB
2026/08/14 00:36:23.246, NVIDIA H200, 38, 98 %, 27 %, 15051 MiB, 143771 MiB
2026/08/14 00:36:26.246, NVIDIA H200, 37, 98 %, 31 %, 15051 MiB, 143771 MiB
2026/08/14 00:36:29.247, NVIDIA H200, 37, 99 %, 22 %, 15051 MiB, 143771 MiB
2026/08/14 00:36:32.247, NVIDIA H200, 38, 97 %, 29 %, 15051 MiB, 143771 MiB
2026/08/14 00:36:35.247, NVIDIA H200, 37, 98 %, 31 %, 15051 MiB, 143771 MiB
2026/08/14 00:36:38.248, NVIDIA H200, 37, 99 %, 23 %, 15051 MiB, 143771 MiB
2026/08/14 00:36:41.248, NVIDIA H200, 38, 97 %, 29 %, 15051 MiB, 143771 MiB
2026/08/14 00:36:44.248, NVIDIA H200, 38, 97 %, 31 %, 15051 MiB, 143771 MiB
2026/08/14 00:36:47.248, NVIDIA H200, 37, 98 %, 31 %, 15051 MiB, 143771 MiB
2026/08/14 00:36:50.249, NVIDIA H200, 37, 99 %, 22 %, 15051 MiB, 143771 MiB
2026/08/14 00:36:53.249, NVIDIA H200, 38, 98 %, 27 %, 15051 MiB, 143771 MiB
2026/08/14 00:36:56.249, NVIDIA H200, 37, 99 %, 31 %, 15051 MiB, 143771 MiB
2026/08/14 00:36:59.249, NVIDIA H200, 37, 99 %, 22 %, 15051 MiB, 143771 MiB
2026/08/14 00:37:02.250, NVIDIA H200, 38, 98 %, 26 %, 15051 MiB, 143771 MiB
2026/08/14 00:37:05.250, NVIDIA H200, 37, 98 %, 32 %, 15051 MiB, 143771 MiB
2026/08/14 00:37:08.250, NVIDIA H200, 37, 100 %, 22 %, 15051 MiB, 143771 MiB
2026/08/14 00:37:11.250, NVIDIA H200, 34, 75 %, 19 %, 15051 MiB, 143771 MiB
2026/08/14 00:37:14.251, NVIDIA H200, 35, 73 %, 19 %, 15051 MiB, 143771 MiB
2026/08/14 00:37:17.251, NVIDIA H200, 33, 75 %, 19 %, 15051 MiB, 143771 MiB
2026/08/14 00:37:20.251, NVIDIA H200, 37, 98 %, 33 %, 15051 MiB, 143771 MiB
2026/08/14 00:37:23.252, NVIDIA H200, 36, 99 %, 21 %, 15051 MiB, 143771 MiB
2026/08/14 00:37:26.252, NVIDIA H200, 38, 98 %, 29 %, 15051 MiB, 143771 MiB
2026/08/14 00:37:29.252, NVIDIA H200, 37, 98 %, 30 %, 15051 MiB, 143771 MiB
2026/08/14 00:37:32.253, NVIDIA H200, 38, 99 %, 25 %, 15051 MiB, 143771 MiB
2026/08/14 00:37:35.253, NVIDIA H200, 38, 98 %, 31 %, 15051 MiB, 143771 MiB
2026/08/14 00:37:38.253, NVIDIA H200, 37, 99 %, 24 %, 15051 MiB, 143771 MiB
2026/08/14 00:37:41.254, NVIDIA H200, 39, 98 %, 27 %, 15051 MiB, 143771 MiB
2026/08/14 00:37:44.254, NVIDIA H200, 37, 98 %, 32 %, 15051 MiB, 143771 MiB
2026/08/14 00:37:47.254, NVIDIA H200, 36, 99 %, 20 %, 15051 MiB, 143771 MiB
2026/08/14 00:37:50.255, NVIDIA H200, 39, 96 %, 27 %, 15051 MiB, 143771 MiB
2026/08/14 00:37:53.255, NVIDIA H200, 38, 98 %, 32 %, 15051 MiB, 143771 MiB
2026/08/14 00:37:56.255, NVIDIA H200, 37, 99 %, 23 %, 15051 MiB, 143771 MiB
2026/08/14 00:37:59.256, NVIDIA H200, 39, 98 %, 27 %, 15051 MiB, 143771 MiB
2026/08/14 00:38:02.256, NVIDIA H200, 37, 98 %, 32 %, 15051 MiB, 143771 MiB
2026/08/14 00:38:05.256, NVIDIA H200, 37, 99 %, 21 %, 15051 MiB, 143771 MiB
2026/08/14 00:38:08.257, NVIDIA H200, 39, 98 %, 29 %, 15051 MiB, 143771 MiB
2026/08/14 00:38:11.257, NVIDIA H200, 38, 98 %, 30 %, 15051 MiB, 143771 MiB
2026/08/14 00:38:14.257, NVIDIA H200, 37, 99 %, 25 %, 15051 MiB, 143771 MiB
2026/08/14 00:38:17.258, NVIDIA H200, 37, 98 %, 31 %, 15051 MiB, 143771 MiB
2026/08/14 00:38:20.258, NVIDIA H200, 39, 100 %, 23 %, 15051 MiB, 143771 MiB
2026/08/14 00:38:23.258, NVIDIA H200, 37, 98 %, 26 %, 15051 MiB, 143771 MiB
2026/08/14 00:38:26.259, NVIDIA H200, 37, 97 %, 31 %, 15051 MiB, 143771 MiB
2026/08/14 00:38:29.259, NVIDIA H200, 39, 100 %, 25 %, 15051 MiB, 143771 MiB
2026/08/14 00:38:32.259, NVIDIA H200, 37, 99 %, 27 %, 15051 MiB, 143771 MiB
2026/08/14 00:38:35.259, NVIDIA H200, 38, 99 %, 34 %, 15051 MiB, 143771 MiB
2026/08/14 00:38:38.260, NVIDIA H200, 38, 99 %, 23 %, 15051 MiB, 143771 MiB
2026/08/14 00:38:41.260, NVIDIA H200, 37, 98 %, 26 %, 15051 MiB, 143771 MiB
2026/08/14 00:38:44.260, NVIDIA H200, 39, 98 %, 31 %, 15051 MiB, 143771 MiB
2026/08/14 00:38:47.261, NVIDIA H200, 37, 99 %, 24 %, 15051 MiB, 143771 MiB
2026/08/14 00:38:50.261, NVIDIA H200, 37, 98 %, 31 %, 15051 MiB, 143771 MiB
2026/08/14 00:38:53.261, NVIDIA H200, 39, 100 %, 27 %, 15051 MiB, 143771 MiB
2026/08/14 00:38:56.262, NVIDIA H200, 37, 99 %, 26 %, 15051 MiB, 143771 MiB
2026/08/14 00:38:59.262, NVIDIA H200, 37, 96 %, 31 %, 15051 MiB, 143771 MiB
2026/08/14 00:39:02.262, NVIDIA H200, 38, 99 %, 29 %, 15051 MiB, 143771 MiB
2026/08/14 00:39:05.263, NVIDIA H200, 37, 99 %, 24 %, 15051 MiB, 143771 MiB
2026/08/14 00:39:08.263, NVIDIA H200, 37, 99 %, 31 %, 15051 MiB, 143771 MiB
2026/08/14 00:39:11.263, NVIDIA H200, 39, 100 %, 23 %, 15051 MiB, 143771 MiB
2026/08/14 00:39:14.264, NVIDIA H200, 37, 98 %, 25 %, 15051 MiB, 143771 MiB
2026/08/14 00:39:17.264, NVIDIA H200, 38, 99 %, 34 %, 15051 MiB, 143771 MiB
2026/08/14 00:39:20.264, NVIDIA H200, 35, 61 %, 20 %, 15051 MiB, 143771 MiB
2026/08/14 00:39:23.265, NVIDIA H200, 34, 79 %, 21 %, 15051 MiB, 143771 MiB
2026/08/14 00:39:26.265, NVIDIA H200, 36, 82 %, 26 %, 15051 MiB, 143771 MiB
2026/08/14 00:39:29.265, NVIDIA H200, 39, 100 %, 26 %, 15051 MiB, 143771 MiB
2026/08/14 00:39:32.266, NVIDIA H200, 37, 99 %, 25 %, 15051 MiB, 143771 MiB
2026/08/14 00:39:35.266, NVIDIA H200, 37, 98 %, 30 %, 15051 MiB, 143771 MiB
2026/08/14 00:39:38.266, NVIDIA H200, 38, 98 %, 30 %, 15051 MiB, 143771 MiB
2026/08/14 00:39:41.267, NVIDIA H200, 37, 99 %, 25 %, 15051 MiB, 143771 MiB
2026/08/14 00:39:44.267, NVIDIA H200, 37, 98 %, 31 %, 15051 MiB, 143771 MiB
2026/08/14 00:39:47.267, NVIDIA H200, 38, 100 %, 23 %, 15051 MiB, 143771 MiB
2026/08/14 00:39:50.268, NVIDIA H200, 37, 83 %, 19 %, 15051 MiB, 143771 MiB
2026/08/14 00:39:53.268, NVIDIA H200, 37, 99 %, 30 %, 15051 MiB, 143771 MiB
2026/08/14 00:39:56.268, NVIDIA H200, 39, 100 %, 23 %, 15051 MiB, 143771 MiB
2026/08/14 00:39:59.268, NVIDIA H200, 37, 98 %, 26 %, 15051 MiB, 143771 MiB
2026/08/14 00:40:02.269, NVIDIA H200, 38, 98 %, 34 %, 15051 MiB, 143771 MiB
2026/08/14 00:40:05.269, NVIDIA H200, 38, 99 %, 22 %, 15051 MiB, 143771 MiB
2026/08/14 00:40:08.269, NVIDIA H200, 37, 99 %, 25 %, 15051 MiB, 143771 MiB
2026/08/14 00:40:11.270, NVIDIA H200, 37, 98 %, 31 %, 15051 MiB, 143771 MiB
2026/08/14 00:40:14.270, NVIDIA H200, 38, 99 %, 27 %, 15051 MiB, 143771 MiB
2026/08/14 00:40:17.270, NVIDIA H200, 37, 99 %, 25 %, 15051 MiB, 143771 MiB
2026/08/14 00:40:20.271, NVIDIA H200, 37, 98 %, 31 %, 15051 MiB, 143771 MiB
2026/08/14 00:40:23.271, NVIDIA H200, 39, 100 %, 26 %, 15051 MiB, 143771 MiB
2026/08/14 00:40:26.271, NVIDIA H200, 37, 99 %, 25 %, 15051 MiB, 143771 MiB
2026/08/14 00:40:29.272, NVIDIA H200, 37, 99 %, 32 %, 15051 MiB, 143771 MiB
2026/08/14 00:40:32.272, NVIDIA H200, 38, 100 %, 25 %, 15051 MiB, 143771 MiB
2026/08/14 00:40:35.272, NVIDIA H200, 38, 98 %, 27 %, 15051 MiB, 143771 MiB
2026/08/14 00:40:38.273, NVIDIA H200, 37, 98 %, 31 %, 15051 MiB, 143771 MiB
2026/08/14 00:40:41.273, NVIDIA H200, 36, 100 %, 23 %, 15051 MiB, 143771 MiB
2026/08/14 00:40:44.273, NVIDIA H200, 38, 99 %, 21 %, 15051 MiB, 143771 MiB
2026/08/14 00:40:47.274, NVIDIA H200, 38, 97 %, 31 %, 15051 MiB, 143771 MiB
2026/08/14 00:40:50.274, NVIDIA H200, 37, 99 %, 27 %, 15051 MiB, 143771 MiB
2026/08/14 00:40:53.274, NVIDIA H200, 38, 99 %, 25 %, 15051 MiB, 143771 MiB
2026/08/14 00:40:56.275, NVIDIA H200, 37, 98 %, 32 %, 15051 MiB, 143771 MiB
2026/08/14 00:40:59.275, NVIDIA H200, 37, 99 %, 23 %, 15051 MiB, 143771 MiB
2026/08/14 00:41:02.275, NVIDIA H200, 39, 98 %, 27 %, 15051 MiB, 143771 MiB
2026/08/14 00:41:05.276, NVIDIA H200, 37, 98 %, 32 %, 15051 MiB, 143771 MiB
2026/08/14 00:41:08.276, NVIDIA H200, 38, 99 %, 22 %, 15051 MiB, 143771 MiB
2026/08/14 00:41:11.276, NVIDIA H200, 38, 98 %, 31 %, 15051 MiB, 143771 MiB
2026/08/14 00:41:14.276, NVIDIA H200, 36, 100 %, 25 %, 15051 MiB, 143771 MiB
2026/08/14 00:41:17.277, NVIDIA H200, 37, 99 %, 22 %, 15051 MiB, 143771 MiB
2026/08/14 00:41:20.277, NVIDIA H200, 38, 97 %, 27 %, 15051 MiB, 143771 MiB
2026/08/14 00:41:23.277, NVIDIA H200, 37, 98 %, 31 %, 15051 MiB, 143771 MiB
2026/08/14 00:41:26.278, NVIDIA H200, 39, 100 %, 24 %, 15051 MiB, 143771 MiB
2026/08/14 00:41:29.278, NVIDIA H200, 33, 66 %, 19 %, 15051 MiB, 143771 MiB
2026/08/14 00:41:32.278, NVIDIA H200, 34, 92 %, 27 %, 15051 MiB, 143771 MiB
2026/08/14 00:41:35.279, NVIDIA H200, 36, 97 %, 25 %, 15051 MiB, 143771 MiB
2026/08/14 00:41:38.279, NVIDIA H200, 38, 98 %, 34 %, 15051 MiB, 143771 MiB
2026/08/14 00:41:41.279, NVIDIA H200, 38, 99 %, 22 %, 15051 MiB, 143771 MiB
2026/08/14 00:41:44.280, NVIDIA H200, 37, 98 %, 27 %, 15051 MiB, 143771 MiB
2026/08/14 00:41:47.280, NVIDIA H200, 39, 98 %, 31 %, 15051 MiB, 143771 MiB
2026/08/14 00:41:50.280, NVIDIA H200, 37, 99 %, 21 %, 15051 MiB, 143771 MiB
2026/08/14 00:41:53.281, NVIDIA H200, 37, 98 %, 30 %, 15051 MiB, 143771 MiB
2026/08/14 00:41:56.281, NVIDIA H200, 37, 98 %, 30 %, 15051 MiB, 143771 MiB
2026/08/14 00:41:59.281, NVIDIA H200, 37, 99 %, 25 %, 15051 MiB, 143771 MiB
2026/08/14 00:42:02.282, NVIDIA H200, 37, 98 %, 31 %, 15051 MiB, 143771 MiB
2026/08/14 00:42:05.282, NVIDIA H200, 39, 100 %, 24 %, 15051 MiB, 143771 MiB
2026/08/14 00:42:08.282, NVIDIA H200, 37, 98 %, 26 %, 15051 MiB, 143771 MiB
2026/08/14 00:42:11.283, NVIDIA H200, 38, 99 %, 34 %, 15051 MiB, 143771 MiB
2026/08/14 00:42:14.283, NVIDIA H200, 38, 99 %, 22 %, 15051 MiB, 143771 MiB
2026/08/14 00:42:17.283, NVIDIA H200, 37, 98 %, 27 %, 15051 MiB, 143771 MiB
2026/08/14 00:42:20.284, NVIDIA H200, 39, 98 %, 31 %, 15051 MiB, 143771 MiB
2026/08/14 00:42:23.284, NVIDIA H200, 36, 99 %, 24 %, 15051 MiB, 143771 MiB
2026/08/14 00:42:26.284, NVIDIA H200, 37, 97 %, 29 %, 15051 MiB, 143771 MiB
2026/08/14 00:42:29.285, NVIDIA H200, 38, 99 %, 31 %, 15051 MiB, 143771 MiB
2026/08/14 00:42:32.285, NVIDIA H200, 37, 99 %, 24 %, 15051 MiB, 143771 MiB
2026/08/14 00:42:35.285, NVIDIA H200, 37, 98 %, 31 %, 15051 MiB, 143771 MiB
2026/08/14 00:42:38.286, NVIDIA H200, 39, 100 %, 24 %, 15051 MiB, 143771 MiB
2026/08/14 00:42:41.286, NVIDIA H200, 37, 99 %, 25 %, 15051 MiB, 143771 MiB
2026/08/14 00:42:44.286, NVIDIA H200, 38, 98 %, 32 %, 15051 MiB, 143771 MiB
2026/08/14 00:42:47.286, NVIDIA H200, 38, 100 %, 25 %, 15051 MiB, 143771 MiB
2026/08/14 00:42:50.287, NVIDIA H200, 37, 98 %, 26 %, 15051 MiB, 143771 MiB
2026/08/14 00:42:53.287, NVIDIA H200, 38, 98 %, 34 %, 15051 MiB, 143771 MiB
2026/08/14 00:42:56.287, NVIDIA H200, 38, 99 %, 25 %, 15051 MiB, 143771 MiB
2026/08/14 00:42:59.288, NVIDIA H200, 37, 98 %, 27 %, 15051 MiB, 143771 MiB
2026/08/14 00:43:02.288, NVIDIA H200, 37, 98 %, 32 %, 15051 MiB, 143771 MiB
2026/08/14 00:43:05.288, NVIDIA H200, 38, 99 %, 24 %, 15051 MiB, 143771 MiB
2026/08/14 00:43:08.289, NVIDIA H200, 39, 98 %, 27 %, 15051 MiB, 143771 MiB
2026/08/14 00:43:11.289, NVIDIA H200, 37, 98 %, 32 %, 15051 MiB, 143771 MiB
2026/08/14 00:43:14.289, NVIDIA H200, 37, 100 %, 23 %, 15051 MiB, 143771 MiB
2026/08/14 00:43:17.290, NVIDIA H200, 39, 98 %, 26 %, 15051 MiB, 143771 MiB
2026/08/14 00:43:20.290, NVIDIA H200, 37, 99 %, 33 %, 15051 MiB, 143771 MiB
2026/08/14 00:43:23.290, NVIDIA H200, 38, 99 %, 21 %, 15051 MiB, 143771 MiB
2026/08/14 00:43:26.291, NVIDIA H200, 38, 97 %, 29 %, 15051 MiB, 143771 MiB
2026/08/14 00:43:29.291, NVIDIA H200, 37, 99 %, 31 %, 15051 MiB, 143771 MiB
2026/08/14 00:43:32.291, NVIDIA H200, 39, 99 %, 25 %, 15051 MiB, 143771 MiB
2026/08/14 00:43:35.292, NVIDIA H200, 27, 0 %, 0 %, 15051 MiB, 143771 MiB
2026/08/14 00:43:38.292, NVIDIA H200, 33, 67 %, 20 %, 15051 MiB, 143771 MiB
2026/08/14 00:43:41.292, NVIDIA H200, 28, 6 %, 0 %, 15051 MiB, 143771 MiB
2026/08/14 00:43:44.293, NVIDIA H200, 25, 0 %, 0 %, 15051 MiB, 143771 MiB
2026/08/14 00:43:47.293, NVIDIA H200, 25, 0 %, 0 %, 15051 MiB, 143771 MiB
2026/08/14 00:43:50.293, NVIDIA H200, 34, 75 %, 26 %, 15051 MiB, 143771 MiB
2026/08/14 00:43:53.293, NVIDIA H200, 36, 100 %, 23 %, 15051 MiB, 143771 MiB
2026/08/14 00:43:56.294, NVIDIA H200, 38, 85 %, 21 %, 15051 MiB, 143771 MiB
2026/08/14 00:43:59.294, NVIDIA H200, 35, 93 %, 27 %, 15051 MiB, 143771 MiB
2026/08/14 00:44:02.294, NVIDIA H200, 38, 99 %, 21 %, 15051 MiB, 143771 MiB
2026/08/14 00:44:05.295, NVIDIA H200, 38, 97 %, 29 %, 15051 MiB, 143771 MiB
2026/08/14 00:44:08.295, NVIDIA H200, 37, 98 %, 31 %, 15051 MiB, 143771 MiB
2026/08/14 00:44:11.295, NVIDIA H200, 38, 99 %, 21 %, 15051 MiB, 143771 MiB
2026/08/14 00:44:14.296, NVIDIA H200, 38, 97 %, 29 %, 15051 MiB, 143771 MiB
2026/08/14 00:44:17.296, NVIDIA H200, 37, 99 %, 30 %, 15051 MiB, 143771 MiB
2026/08/14 00:44:20.296, NVIDIA H200, 39, 99 %, 25 %, 15051 MiB, 143771 MiB
2026/08/14 00:44:23.297, NVIDIA H200, 37, 98 %, 31 %, 15051 MiB, 143771 MiB
2026/08/14 00:44:26.297, NVIDIA H200, 36, 100 %, 23 %, 15051 MiB, 143771 MiB
2026/08/14 00:44:29.297, NVIDIA H200, 38, 99 %, 27 %, 15051 MiB, 143771 MiB
2026/08/14 00:44:32.298, NVIDIA H200, 37, 98 %, 33 %, 15051 MiB, 143771 MiB
2026/08/14 00:44:35.298, NVIDIA H200, 37, 99 %, 24 %, 15051 MiB, 143771 MiB
2026/08/14 00:44:38.298, NVIDIA H200, 39, 97 %, 27 %, 15051 MiB, 143771 MiB
2026/08/14 00:44:41.299, NVIDIA H200, 37, 98 %, 32 %, 15051 MiB, 143771 MiB
2026/08/14 00:44:44.299, NVIDIA H200, 38, 99 %, 20 %, 15051 MiB, 143771 MiB
2026/08/14 00:44:47.299, NVIDIA H200, 38, 98 %, 26 %, 15051 MiB, 143771 MiB
2026/08/14 00:44:50.299, NVIDIA H200, 37, 98 %, 31 %, 15051 MiB, 143771 MiB
2026/08/14 00:44:53.300, NVIDIA H200, 38, 99 %, 22 %, 15051 MiB, 143771 MiB
2026/08/14 00:44:56.300, NVIDIA H200, 38, 97 %, 29 %, 15051 MiB, 143771 MiB
2026/08/14 00:44:59.300, NVIDIA H200, 37, 99 %, 28 %, 15051 MiB, 143771 MiB
2026/08/14 00:45:02.301, NVIDIA H200, 39, 99 %, 25 %, 15051 MiB, 143771 MiB
2026/08/14 00:45:05.301, NVIDIA H200, 37, 98 %, 31 %, 15051 MiB, 143771 MiB
2026/08/14 00:45:08.301, NVIDIA H200, 36, 100 %, 23 %, 15051 MiB, 143771 MiB
2026/08/14 00:45:11.302, NVIDIA H200, 38, 99 %, 26 %, 15051 MiB, 143771 MiB
2026/08/14 00:45:14.302, NVIDIA H200, 37, 98 %, 34 %, 15051 MiB, 143771 MiB
2026/08/14 00:45:17.302, NVIDIA H200, 37, 99 %, 22 %, 15051 MiB, 143771 MiB
2026/08/14 00:45:20.303, NVIDIA H200, 37, 99 %, 25 %, 15051 MiB, 143771 MiB
2026/08/14 00:45:23.303, NVIDIA H200, 37, 98 %, 32 %, 15051 MiB, 143771 MiB
2026/08/14 00:45:26.303, NVIDIA H200, 37, 100 %, 23 %, 15051 MiB, 143771 MiB
2026/08/14 00:45:29.304, NVIDIA H200, 39, 98 %, 27 %, 15051 MiB, 143771 MiB
2026/08/14 00:45:32.304, NVIDIA H200, 37, 98 %, 33 %, 15051 MiB, 143771 MiB
2026/08/14 00:45:35.304, NVIDIA H200, 37, 99 %, 22 %, 15051 MiB, 143771 MiB
2026/08/14 00:45:38.305, NVIDIA H200, 38, 98 %, 27 %, 15051 MiB, 143771 MiB
2026/08/14 00:45:41.305, NVIDIA H200, 37, 98 %, 31 %, 15051 MiB, 143771 MiB
2026/08/14 00:45:44.305, NVIDIA H200, 38, 99 %, 22 %, 15051 MiB, 143771 MiB
2026/08/14 00:45:47.306, NVIDIA H200, 38, 98 %, 31 %, 15051 MiB, 143771 MiB
2026/08/14 00:45:50.306, NVIDIA H200, 37, 99 %, 27 %, 15051 MiB, 143771 MiB
2026/08/14 00:45:53.306, NVIDIA H200, 34, 87 %, 27 %, 15051 MiB, 143771 MiB
2026/08/14 00:45:56.307, NVIDIA H200, 35, 77 %, 26 %, 15051 MiB, 143771 MiB
2026/08/14 00:45:59.307, NVIDIA H200, 34, 68 %, 22 %, 15051 MiB, 143771 MiB
2026/08/14 00:46:02.307, NVIDIA H200, 38, 99 %, 22 %, 15051 MiB, 143771 MiB
2026/08/14 00:46:05.308, NVIDIA H200, 38, 98 %, 31 %, 15051 MiB, 143771 MiB
2026/08/14 00:46:08.308, NVIDIA H200, 37, 99 %, 27 %, 15051 MiB, 143771 MiB
2026/08/14 00:46:11.308, NVIDIA H200, 38, 99 %, 20 %, 15051 MiB, 143771 MiB
2026/08/14 00:46:14.309, NVIDIA H200, 38, 98 %, 29 %, 15051 MiB, 143771 MiB
2026/08/14 00:46:17.309, NVIDIA H200, 37, 99 %, 31 %, 15051 MiB, 143771 MiB
2026/08/14 00:46:20.309, NVIDIA H200, 38, 99 %, 24 %, 15051 MiB, 143771 MiB
2026/08/14 00:46:23.310, NVIDIA H200, 37, 97 %, 31 %, 15051 MiB, 143771 MiB
2026/08/14 00:46:26.310, NVIDIA H200, 36, 100 %, 24 %, 15051 MiB, 143771 MiB
2026/08/14 00:46:29.310, NVIDIA H200, 37, 99 %, 23 %, 15051 MiB, 143771 MiB
2026/08/14 00:46:32.310, NVIDIA H200, 38, 98 %, 26 %, 15051 MiB, 143771 MiB
2026/08/14 00:46:35.311, NVIDIA H200, 37, 99 %, 23 %, 15051 MiB, 143771 MiB
2026/08/14 00:46:38.311, NVIDIA H200, 36, 98 %, 31 %, 15051 MiB, 143771 MiB
2026/08/14 00:46:41.311, NVIDIA H200, 36, 100 %, 27 %, 15051 MiB, 143771 MiB
2026/08/14 00:46:44.312, NVIDIA H200, 37, 99 %, 25 %, 15051 MiB, 143771 MiB
2026/08/14 00:46:47.312, NVIDIA H200, 37, 98 %, 31 %, 15051 MiB, 143771 MiB
2026/08/14 00:46:50.312, NVIDIA H200, 39, 100 %, 23 %, 15051 MiB, 143771 MiB
2026/08/14 00:46:53.313, NVIDIA H200, 37, 99 %, 25 %, 15051 MiB, 143771 MiB
2026/08/14 00:46:56.313, NVIDIA H200, 37, 98 %, 31 %, 15051 MiB, 143771 MiB
2026/08/14 00:46:59.313, NVIDIA H200, 38, 100 %, 23 %, 15051 MiB, 143771 MiB
2026/08/14 00:47:02.314, NVIDIA H200, 36, 99 %, 25 %, 15051 MiB, 143771 MiB
2026/08/14 00:47:05.314, NVIDIA H200, 37, 98 %, 31 %, 15051 MiB, 143771 MiB
2026/08/14 00:47:08.314, NVIDIA H200, 39, 100 %, 23 %, 15051 MiB, 143771 MiB
2026/08/14 00:47:11.315, NVIDIA H200, 37, 98 %, 27 %, 15051 MiB, 143771 MiB
2026/08/14 00:47:14.315, NVIDIA H200, 38, 98 %, 33 %, 15051 MiB, 143771 MiB
2026/08/14 00:47:17.315, NVIDIA H200, 38, 99 %, 21 %, 15051 MiB, 143771 MiB
2026/08/14 00:47:20.316, NVIDIA H200, 37, 97 %, 28 %, 15051 MiB, 143771 MiB
2026/08/14 00:47:23.316, NVIDIA H200, 38, 98 %, 31 %, 15051 MiB, 143771 MiB
2026/08/14 00:47:26.316, NVIDIA H200, 37, 99 %, 24 %, 15051 MiB, 143771 MiB
2026/08/14 00:47:29.317, NVIDIA H200, 37, 98 %, 31 %, 15051 MiB, 143771 MiB
2026/08/14 00:47:32.317, NVIDIA H200, 39, 100 %, 25 %, 15051 MiB, 143771 MiB
2026/08/14 00:47:35.317, NVIDIA H200, 37, 99 %, 25 %, 15051 MiB, 143771 MiB
2026/08/14 00:47:38.318, NVIDIA H200, 37, 97 %, 27 %, 15051 MiB, 143771 MiB
2026/08/14 00:47:41.318, NVIDIA H200, 39, 98 %, 31 %, 15051 MiB, 143771 MiB
2026/08/14 00:47:44.318, NVIDIA H200, 37, 99 %, 22 %, 15051 MiB, 143771 MiB
2026/08/14 00:47:47.319, NVIDIA H200, 36, 98 %, 30 %, 15051 MiB, 143771 MiB
2026/08/14 00:47:50.319, NVIDIA H200, 38, 99 %, 27 %, 15051 MiB, 143771 MiB
2026/08/14 00:47:53.319, NVIDIA H200, 37, 99 %, 24 %, 15051 MiB, 143771 MiB
2026/08/14 00:47:56.320, NVIDIA H200, 37, 98 %, 31 %, 15051 MiB, 143771 MiB
2026/08/14 00:47:59.320, NVIDIA H200, 36, 99 %, 25 %, 15051 MiB, 143771 MiB
2026/08/14 00:48:02.320, NVIDIA H200, 33, 64 %, 19 %, 15051 MiB, 143771 MiB
2026/08/14 00:48:05.321, NVIDIA H200, 35, 83 %, 25 %, 15051 MiB, 143771 MiB
2026/08/14 00:48:08.321, NVIDIA H200, 25, 0 %, 0 %, 15051 MiB, 143771 MiB
2026/08/14 00:48:11.321, NVIDIA H200, 37, 99 %, 34 %, 15051 MiB, 143771 MiB
2026/08/14 00:48:14.321, NVIDIA H200, 36, 99 %, 22 %, 15051 MiB, 143771 MiB
2026/08/14 00:48:17.322, NVIDIA H200, 37, 98 %, 26 %, 15051 MiB, 143771 MiB
2026/08/14 00:48:20.322, NVIDIA H200, 38, 99 %, 34 %, 15051 MiB, 143771 MiB
2026/08/14 00:48:23.322, NVIDIA H200, 38, 99 %, 22 %, 15051 MiB, 143771 MiB
2026/08/14 00:48:26.323, NVIDIA H200, 37, 97 %, 26 %, 15051 MiB, 143771 MiB
2026/08/14 00:48:29.323, NVIDIA H200, 39, 98 %, 32 %, 15051 MiB, 143771 MiB
2026/08/14 00:48:32.323, NVIDIA H200, 38, 100 %, 23 %, 15051 MiB, 143771 MiB
2026/08/14 00:48:35.324, NVIDIA H200, 37, 97 %, 26 %, 15051 MiB, 143771 MiB
2026/08/14 00:48:38.324, NVIDIA H200, 38, 98 %, 34 %, 15051 MiB, 143771 MiB
2026/08/14 00:48:41.324, NVIDIA H200, 38, 99 %, 22 %, 15051 MiB, 143771 MiB
2026/08/14 00:48:44.325, NVIDIA H200, 36, 82 %, 20 %, 15051 MiB, 143771 MiB
2026/08/14 00:48:47.325, NVIDIA H200, 37, 98 %, 32 %, 15051 MiB, 143771 MiB
2026/08/14 00:48:50.325, NVIDIA H200, 39, 100 %, 24 %, 15051 MiB, 143771 MiB
2026/08/14 00:48:53.326, NVIDIA H200, 37, 99 %, 26 %, 15051 MiB, 143771 MiB
2026/08/14 00:48:56.326, NVIDIA H200, 38, 98 %, 33 %, 15051 MiB, 143771 MiB
2026/08/14 00:48:59.326, NVIDIA H200, 38, 99 %, 23 %, 15051 MiB, 143771 MiB
2026/08/14 00:49:02.327, NVIDIA H200, 37, 97 %, 26 %, 15051 MiB, 143771 MiB
2026/08/14 00:49:05.327, NVIDIA H200, 38, 99 %, 33 %, 15051 MiB, 143771 MiB
2026/08/14 00:49:08.327, NVIDIA H200, 38, 99 %, 20 %, 15051 MiB, 143771 MiB
2026/08/14 00:49:11.328, NVIDIA H200, 37, 97 %, 29 %, 15051 MiB, 143771 MiB
2026/08/14 00:49:14.328, NVIDIA H200, 38, 98 %, 31 %, 15051 MiB, 143771 MiB
2026/08/14 00:49:17.328, NVIDIA H200, 37, 99 %, 24 %, 15051 MiB, 143771 MiB
2026/08/14 00:49:20.329, NVIDIA H200, 37, 96 %, 29 %, 15051 MiB, 143771 MiB
2026/08/14 00:49:23.329, NVIDIA H200, 38, 98 %, 30 %, 15051 MiB, 143771 MiB
2026/08/14 00:49:26.329, NVIDIA H200, 36, 99 %, 25 %, 15051 MiB, 143771 MiB
2026/08/14 00:49:29.330, NVIDIA H200, 37, 98 %, 31 %, 15051 MiB, 143771 MiB
2026/08/14 00:49:32.330, NVIDIA H200, 38, 100 %, 23 %, 15051 MiB, 143771 MiB
2026/08/14 00:49:35.330, NVIDIA H200, 37, 96 %, 25 %, 15051 MiB, 143771 MiB
2026/08/14 00:49:38.331, NVIDIA H200, 38, 99 %, 33 %, 15051 MiB, 143771 MiB
2026/08/14 00:49:41.331, NVIDIA H200, 38, 99 %, 22 %, 15051 MiB, 143771 MiB
2026/08/14 00:49:44.331, NVIDIA H200, 37, 99 %, 25 %, 15051 MiB, 143771 MiB
2026/08/14 00:49:47.332, NVIDIA H200, 36, 98 %, 31 %, 15051 MiB, 143771 MiB
2026/08/14 00:49:50.332, NVIDIA H200, 38, 98 %, 31 %, 15051 MiB, 143771 MiB
2026/08/14 00:49:53.332, NVIDIA H200, 37, 75 %, 18 %, 15051 MiB, 143771 MiB
2026/08/14 00:49:56.333, NVIDIA H200, 37, 99 %, 22 %, 15051 MiB, 143771 MiB
2026/08/14 00:49:59.333, NVIDIA H200, 37, 98 %, 30 %, 15051 MiB, 143771 MiB
2026/08/14 00:50:02.333, NVIDIA H200, 39, 98 %, 32 %, 15051 MiB, 143771 MiB
2026/08/14 00:50:05.334, NVIDIA H200, 38, 99 %, 21 %, 15051 MiB, 143771 MiB
2026/08/14 00:50:08.334, NVIDIA H200, 37, 97 %, 29 %, 15051 MiB, 143771 MiB
2026/08/14 00:50:11.334, NVIDIA H200, 33, 71 %, 18 %, 15051 MiB, 143771 MiB
2026/08/14 00:50:14.335, NVIDIA H200, 32, 77 %, 27 %, 15051 MiB, 143771 MiB
2026/08/14 00:50:17.335, NVIDIA H200, 27, 0 %, 0 %, 15051 MiB, 143771 MiB
2026/08/14 00:50:20.335, NVIDIA H200, 36, 99 %, 26 %, 15051 MiB, 143771 MiB
2026/08/14 00:50:23.336, NVIDIA H200, 37, 98 %, 34 %, 15051 MiB, 143771 MiB
2026/08/14 00:50:26.336, NVIDIA H200, 38, 99 %, 22 %, 15051 MiB, 143771 MiB
2026/08/14 00:50:29.336, NVIDIA H200, 36, 99 %, 24 %, 15051 MiB, 143771 MiB
2026/08/14 00:50:32.337, NVIDIA H200, 36, 98 %, 30 %, 15051 MiB, 143771 MiB
2026/08/14 00:50:35.337, NVIDIA H200, 38, 99 %, 27 %, 15051 MiB, 143771 MiB
2026/08/14 00:50:38.337, NVIDIA H200, 37, 99 %, 24 %, 15051 MiB, 143771 MiB
2026/08/14 00:50:41.337, NVIDIA H200, 37, 98 %, 31 %, 15051 MiB, 143771 MiB
2026/08/14 00:50:44.338, NVIDIA H200, 38, 100 %, 25 %, 15051 MiB, 143771 MiB
2026/08/14 00:50:47.338, NVIDIA H200, 37, 97 %, 27 %, 15051 MiB, 143771 MiB
2026/08/14 00:50:50.338, NVIDIA H200, 38, 98 %, 33 %, 15051 MiB, 143771 MiB
2026/08/14 00:50:53.339, NVIDIA H200, 38, 99 %, 20 %, 15051 MiB, 143771 MiB
2026/08/14 00:50:56.339, NVIDIA H200, 37, 99 %, 26 %, 15051 MiB, 143771 MiB
2026/08/14 00:50:59.339, NVIDIA H200, 37, 98 %, 33 %, 15051 MiB, 143771 MiB
2026/08/14 00:51:02.340, NVIDIA H200, 38, 100 %, 25 %, 15051 MiB, 143771 MiB
2026/08/14 00:51:05.340, NVIDIA H200, 37, 99 %, 21 %, 15051 MiB, 143771 MiB
2026/08/14 00:51:08.340, NVIDIA H200, 37, 98 %, 29 %, 15051 MiB, 143771 MiB
2026/08/14 00:51:11.341, NVIDIA H200, 38, 98 %, 31 %, 15051 MiB, 143771 MiB
2026/08/14 00:51:14.341, NVIDIA H200, 37, 99 %, 24 %, 15051 MiB, 143771 MiB
2026/08/14 00:51:17.341, NVIDIA H200, 37, 98 %, 31 %, 15051 MiB, 143771 MiB
2026/08/14 00:51:20.342, NVIDIA H200, 38, 100 %, 26 %, 15051 MiB, 143771 MiB
2026/08/14 00:51:23.342, NVIDIA H200, 37, 99 %, 25 %, 15051 MiB, 143771 MiB
2026/08/14 00:51:26.342, NVIDIA H200, 36, 98 %, 30 %, 15051 MiB, 143771 MiB
2026/08/14 00:51:29.343, NVIDIA H200, 38, 98 %, 29 %, 15051 MiB, 143771 MiB
2026/08/14 00:51:32.343, NVIDIA H200, 37, 99 %, 25 %, 15051 MiB, 143771 MiB
2026/08/14 00:51:35.343, NVIDIA H200, 37, 98 %, 31 %, 15051 MiB, 143771 MiB
2026/08/14 00:51:38.344, NVIDIA H200, 38, 99 %, 27 %, 15051 MiB, 143771 MiB
2026/08/14 00:51:41.344, NVIDIA H200, 37, 99 %, 25 %, 15051 MiB, 143771 MiB
2026/08/14 00:51:44.344, NVIDIA H200, 37, 99 %, 24 %, 15051 MiB, 143771 MiB
2026/08/14 00:51:47.345, NVIDIA H200, 38, 98 %, 31 %, 15051 MiB, 143771 MiB
2026/08/14 00:51:50.345, NVIDIA H200, 37, 100 %, 24 %, 15051 MiB, 143771 MiB
2026/08/14 00:51:53.345, NVIDIA H200, 38, 99 %, 26 %, 15051 MiB, 143771 MiB
2026/08/14 00:51:56.345, NVIDIA H200, 38, 99 %, 34 %, 15051 MiB, 143771 MiB
2026/08/14 00:51:59.346, NVIDIA H200, 37, 99 %, 23 %, 15051 MiB, 143771 MiB
2026/08/14 00:52:02.346, NVIDIA H200, 39, 98 %, 27 %, 15051 MiB, 143771 MiB
2026/08/14 00:52:05.346, NVIDIA H200, 37, 98 %, 33 %, 15051 MiB, 143771 MiB
2026/08/14 00:52:08.347, NVIDIA H200, 37, 99 %, 21 %, 15051 MiB, 143771 MiB
2026/08/14 00:52:11.347, NVIDIA H200, 38, 97 %, 26 %, 15051 MiB, 143771 MiB
2026/08/14 00:52:14.347, NVIDIA H200, 38, 98 %, 34 %, 15051 MiB, 143771 MiB
2026/08/14 00:52:17.348, NVIDIA H200, 37, 99 %, 22 %, 15051 MiB, 143771 MiB
2026/08/14 00:52:20.348, NVIDIA H200, 34, 75 %, 19 %, 15051 MiB, 143771 MiB
2026/08/14 00:52:23.348, NVIDIA H200, 33, 74 %, 25 %, 15051 MiB, 143771 MiB
2026/08/14 00:52:26.349, NVIDIA H200, 35, 97 %, 31 %, 15051 MiB, 143771 MiB
2026/08/14 00:52:29.349, NVIDIA H200, 37, 98 %, 29 %, 15051 MiB, 143771 MiB
2026/08/14 00:52:32.349, NVIDIA H200, 37, 98 %, 31 %, 15051 MiB, 143771 MiB
2026/08/14 00:52:35.350, NVIDIA H200, 37, 99 %, 22 %, 15051 MiB, 143771 MiB
2026/08/14 00:52:38.350, NVIDIA H200, 39, 98 %, 31 %, 15051 MiB, 143771 MiB
2026/08/14 00:52:41.350, NVIDIA H200, 37, 98 %, 31 %, 15051 MiB, 143771 MiB
2026/08/14 00:52:44.351, NVIDIA H200, 37, 99 %, 22 %, 15051 MiB, 143771 MiB
2026/08/14 00:52:47.351, NVIDIA H200, 37, 97 %, 27 %, 15051 MiB, 143771 MiB
2026/08/14 00:52:50.351, NVIDIA H200, 37, 98 %, 31 %, 15051 MiB, 143771 MiB
2026/08/14 00:52:53.352, NVIDIA H200, 37, 99 %, 22 %, 15051 MiB, 143771 MiB
2026/08/14 00:52:56.352, NVIDIA H200, 38, 98 %, 29 %, 15051 MiB, 143771 MiB
2026/08/14 00:52:59.352, NVIDIA H200, 37, 99 %, 31 %, 15051 MiB, 143771 MiB
2026/08/14 00:53:02.353, NVIDIA H200, 37, 99 %, 22 %, 15051 MiB, 143771 MiB
2026/08/14 00:53:05.353, NVIDIA H200, 38, 97 %, 29 %, 15051 MiB, 143771 MiB
2026/08/14 00:53:08.353, NVIDIA H200, 38, 98 %, 33 %, 15051 MiB, 143771 MiB
2026/08/14 00:53:11.354, NVIDIA H200, 37, 99 %, 22 %, 15051 MiB, 143771 MiB
2026/08/14 00:53:14.354, NVIDIA H200, 38, 98 %, 27 %, 15051 MiB, 143771 MiB
2026/08/14 00:53:17.354, NVIDIA H200, 37, 98 %, 32 %, 15051 MiB, 143771 MiB
2026/08/14 00:53:20.355, NVIDIA H200, 38, 100 %, 24 %, 15051 MiB, 143771 MiB
2026/08/14 00:53:23.355, NVIDIA H200, 37, 98 %, 26 %, 15051 MiB, 143771 MiB
2026/08/14 00:53:26.355, NVIDIA H200, 38, 98 %, 33 %, 15051 MiB, 143771 MiB
2026/08/14 00:53:29.356, NVIDIA H200, 38, 99 %, 25 %, 15051 MiB, 143771 MiB
2026/08/14 00:53:32.356, NVIDIA H200, 37, 97 %, 26 %, 15051 MiB, 143771 MiB
2026/08/14 00:53:35.356, NVIDIA H200, 38, 98 %, 33 %, 15051 MiB, 143771 MiB
2026/08/14 00:53:38.356, NVIDIA H200, 38, 99 %, 22 %, 15051 MiB, 143771 MiB
2026/08/14 00:53:41.357, NVIDIA H200, 36, 98 %, 27 %, 15051 MiB, 143771 MiB
2026/08/14 00:53:44.357, NVIDIA H200, 38, 98 %, 31 %, 15051 MiB, 143771 MiB
2026/08/14 00:53:47.357, NVIDIA H200, 37, 99 %, 22 %, 15051 MiB, 143771 MiB
2026/08/14 00:53:50.358, NVIDIA H200, 37, 98 %, 29 %, 15051 MiB, 143771 MiB
2026/08/14 00:53:53.358, NVIDIA H200, 38, 98 %, 30 %, 15051 MiB, 143771 MiB
2026/08/14 00:53:56.358, NVIDIA H200, 37, 99 %, 24 %, 15051 MiB, 143771 MiB
2026/08/14 00:53:59.359, NVIDIA H200, 36, 98 %, 31 %, 15051 MiB, 143771 MiB
2026/08/14 00:54:02.359, NVIDIA H200, 38, 99 %, 27 %, 15051 MiB, 143771 MiB
2026/08/14 00:54:05.359, NVIDIA H200, 37, 99 %, 24 %, 15051 MiB, 143771 MiB
2026/08/14 00:54:08.360, NVIDIA H200, 37, 98 %, 31 %, 15051 MiB, 143771 MiB
2026/08/14 00:54:11.360, NVIDIA H200, 38, 99 %, 25 %, 15051 MiB, 143771 MiB
2026/08/14 00:54:14.360, NVIDIA H200, 37, 98 %, 27 %, 15051 MiB, 143771 MiB
2026/08/14 00:54:17.361, NVIDIA H200, 38, 98 %, 33 %, 15051 MiB, 143771 MiB
2026/08/14 00:54:20.361, NVIDIA H200, 38, 99 %, 22 %, 15051 MiB, 143771 MiB
2026/08/14 00:54:23.361, NVIDIA H200, 36, 98 %, 27 %, 15051 MiB, 143771 MiB
2026/08/14 00:54:26.362, NVIDIA H200, 38, 98 %, 31 %, 15051 MiB, 143771 MiB
2026/08/14 00:54:29.362, NVIDIA H200, 34, 69 %, 21 %, 15051 MiB, 143771 MiB
2026/08/14 00:54:32.362, NVIDIA H200, 34, 80 %, 21 %, 15051 MiB, 143771 MiB
2026/08/14 00:54:35.363, NVIDIA H200, 26, 0 %, 0 %, 15051 MiB, 143771 MiB
2026/08/14 00:54:38.363, NVIDIA H200, 25, 0 %, 0 %, 15051 MiB, 143771 MiB
2026/08/14 00:54:41.363, NVIDIA H200, 34, 91 %, 29 %, 15051 MiB, 143771 MiB
2026/08/14 00:54:44.364, NVIDIA H200, 36, 98 %, 31 %, 15051 MiB, 143771 MiB
2026/08/14 00:54:47.364, NVIDIA H200, 38, 100 %, 23 %, 15051 MiB, 143771 MiB
2026/08/14 00:54:50.364, NVIDIA H200, 37, 97 %, 26 %, 15051 MiB, 143771 MiB
2026/08/14 00:54:53.365, NVIDIA H200, 38, 98 %, 34 %, 15051 MiB, 143771 MiB
2026/08/14 00:54:56.365, NVIDIA H200, 38, 99 %, 22 %, 15051 MiB, 143771 MiB
2026/08/14 00:54:59.365, NVIDIA H200, 36, 97 %, 27 %, 15051 MiB, 143771 MiB
2026/08/14 00:55:02.366, NVIDIA H200, 38, 98 %, 31 %, 15051 MiB, 143771 MiB
2026/08/14 00:55:05.366, NVIDIA H200, 37, 99 %, 22 %, 15051 MiB, 143771 MiB
2026/08/14 00:55:08.366, NVIDIA H200, 37, 97 %, 29 %, 15051 MiB, 143771 MiB
2026/08/14 00:55:11.367, NVIDIA H200, 38, 98 %, 31 %, 15051 MiB, 143771 MiB
2026/08/14 00:55:14.367, NVIDIA H200, 37, 97 %, 21 %, 15051 MiB, 143771 MiB
2026/08/14 00:55:17.367, NVIDIA H200, 36, 98 %, 27 %, 15051 MiB, 143771 MiB
2026/08/14 00:55:20.368, NVIDIA H200, 38, 99 %, 32 %, 15051 MiB, 143771 MiB
2026/08/14 00:55:23.368, NVIDIA H200, 37, 99 %, 22 %, 15051 MiB, 143771 MiB
2026/08/14 00:55:26.368, NVIDIA H200, 36, 98 %, 31 %, 15051 MiB, 143771 MiB
2026/08/14 00:55:29.369, NVIDIA H200, 38, 99 %, 27 %, 15051 MiB, 143771 MiB
2026/08/14 00:55:32.369, NVIDIA H200, 37, 99 %, 25 %, 15051 MiB, 143771 MiB
2026/08/14 00:55:35.369, NVIDIA H200, 37, 98 %, 31 %, 15051 MiB, 143771 MiB
2026/08/14 00:55:38.370, NVIDIA H200, 37, 100 %, 23 %, 15051 MiB, 143771 MiB
2026/08/14 00:55:41.370, NVIDIA H200, 38, 99 %, 24 %, 15051 MiB, 143771 MiB
2026/08/14 00:55:44.370, NVIDIA H200, 37, 96 %, 31 %, 15051 MiB, 143771 MiB
2026/08/14 00:55:47.371, NVIDIA H200, 37, 99 %, 27 %, 15051 MiB, 143771 MiB
2026/08/14 00:55:50.371, NVIDIA H200, 37, 99 %, 21 %, 15051 MiB, 143771 MiB
2026/08/14 00:55:53.371, NVIDIA H200, 38, 97 %, 28 %, 15051 MiB, 143771 MiB
2026/08/14 00:55:56.372, NVIDIA H200, 37, 98 %, 31 %, 15051 MiB, 143771 MiB
2026/08/14 00:55:59.372, NVIDIA H200, 38, 99 %, 22 %, 15051 MiB, 143771 MiB
2026/08/14 00:56:02.372, NVIDIA H200, 38, 98 %, 30 %, 15051 MiB, 143771 MiB
2026/08/14 00:56:05.373, NVIDIA H200, 36, 98 %, 29 %, 15051 MiB, 143771 MiB
2026/08/14 00:56:08.373, NVIDIA H200, 38, 99 %, 25 %, 15051 MiB, 143771 MiB
2026/08/14 00:56:11.373, NVIDIA H200, 37, 98 %, 30 %, 15051 MiB, 143771 MiB
2026/08/14 00:56:14.374, NVIDIA H200, 36, 100 %, 24 %, 15051 MiB, 143771 MiB
2026/08/14 00:56:17.374, NVIDIA H200, 38, 97 %, 25 %, 15051 MiB, 143771 MiB
2026/08/14 00:56:20.374, NVIDIA H200, 36, 98 %, 31 %, 15051 MiB, 143771 MiB
2026/08/14 00:56:23.375, NVIDIA H200, 36, 100 %, 23 %, 15051 MiB, 143771 MiB
2026/08/14 00:56:26.375, NVIDIA H200, 38, 98 %, 25 %, 15051 MiB, 143771 MiB
2026/08/14 00:56:29.375, NVIDIA H200, 37, 98 %, 34 %, 15051 MiB, 143771 MiB
2026/08/14 00:56:32.376, NVIDIA H200, 37, 99 %, 22 %, 15051 MiB, 143771 MiB
2026/08/14 00:56:35.376, NVIDIA H200, 38, 98 %, 27 %, 15051 MiB, 143771 MiB
2026/08/14 00:56:38.376, NVIDIA H200, 37, 98 %, 31 %, 15051 MiB, 143771 MiB
2026/08/14 00:56:41.377, NVIDIA H200, 38, 99 %, 24 %, 15051 MiB, 143771 MiB
2026/08/14 00:56:44.377, NVIDIA H200, 36, 84 %, 23 %, 15051 MiB, 143771 MiB
2026/08/14 00:56:47.377, NVIDIA H200, 31, 0 %, 0 %, 15051 MiB, 143771 MiB
2026/08/14 00:56:50.378, NVIDIA H200, 36, 98 %, 29 %, 15051 MiB, 143771 MiB
2026/08/14 00:56:53.378, NVIDIA H200, 38, 98 %, 31 %, 15051 MiB, 143771 MiB
2026/08/14 00:56:56.378, NVIDIA H200, 36, 99 %, 24 %, 15051 MiB, 143771 MiB
2026/08/14 00:56:59.379, NVIDIA H200, 36, 98 %, 31 %, 15051 MiB, 143771 MiB
2026/08/14 00:57:02.379, NVIDIA H200, 38, 99 %, 28 %, 15051 MiB, 143771 MiB
2026/08/14 00:57:05.379, NVIDIA H200, 36, 99 %, 25 %, 15051 MiB, 143771 MiB
2026/08/14 00:57:08.380, NVIDIA H200, 37, 98 %, 31 %, 15051 MiB, 143771 MiB
2026/08/14 00:57:11.380, NVIDIA H200, 38, 100 %, 23 %, 15051 MiB, 143771 MiB
2026/08/14 00:57:14.380, NVIDIA H200, 36, 99 %, 26 %, 15051 MiB, 143771 MiB
2026/08/14 00:57:17.380, NVIDIA H200, 37, 98 %, 32 %, 15051 MiB, 143771 MiB
2026/08/14 00:57:20.381, NVIDIA H200, 38, 99 %, 24 %, 15051 MiB, 143771 MiB
2026/08/14 00:57:23.381, NVIDIA H200, 37, 98 %, 27 %, 15051 MiB, 143771 MiB
2026/08/14 00:57:26.381, NVIDIA H200, 38, 98 %, 33 %, 15051 MiB, 143771 MiB
2026/08/14 00:57:29.382, NVIDIA H200, 38, 99 %, 21 %, 15051 MiB, 143771 MiB
2026/08/14 00:57:32.382, NVIDIA H200, 37, 97 %, 29 %, 15051 MiB, 143771 MiB
2026/08/14 00:57:35.382, NVIDIA H200, 38, 98 %, 31 %, 15051 MiB, 143771 MiB
2026/08/14 00:57:38.383, NVIDIA H200, 36, 99 %, 24 %, 15051 MiB, 143771 MiB
2026/08/14 00:57:41.383, NVIDIA H200, 36, 98 %, 31 %, 15051 MiB, 143771 MiB
2026/08/14 00:57:44.383, NVIDIA H200, 39, 100 %, 26 %, 15051 MiB, 143771 MiB
2026/08/14 00:57:47.384, NVIDIA H200, 36, 99 %, 26 %, 15051 MiB, 143771 MiB
2026/08/14 00:57:50.384, NVIDIA H200, 37, 99 %, 31 %, 15051 MiB, 143771 MiB
2026/08/14 00:57:53.384, NVIDIA H200, 38, 100 %, 24 %, 15051 MiB, 143771 MiB
2026/08/14 00:57:56.384, NVIDIA H200, 37, 97 %, 26 %, 15051 MiB, 143771 MiB
2026/08/14 00:57:59.385, NVIDIA H200, 38, 98 %, 34 %, 15051 MiB, 143771 MiB
2026/08/14 00:58:02.385, NVIDIA H200, 38, 99 %, 22 %, 15051 MiB, 143771 MiB
2026/08/14 00:58:05.385, NVIDIA H200, 36, 98 %, 27 %, 15051 MiB, 143771 MiB
2026/08/14 00:58:08.386, NVIDIA H200, 38, 98 %, 31 %, 15051 MiB, 143771 MiB
2026/08/14 00:58:11.386, NVIDIA H200, 37, 99 %, 22 %, 15051 MiB, 143771 MiB
2026/08/14 00:58:14.386, NVIDIA H200, 36, 98 %, 31 %, 15051 MiB, 143771 MiB
2026/08/14 00:58:17.387, NVIDIA H200, 38, 99 %, 27 %, 15051 MiB, 143771 MiB
2026/08/14 00:58:20.387, NVIDIA H200, 37, 99 %, 25 %, 15051 MiB, 143771 MiB
2026/08/14 00:58:23.387, NVIDIA H200, 37, 98 %, 32 %, 15051 MiB, 143771 MiB
2026/08/14 00:58:26.388, NVIDIA H200, 37, 100 %, 26 %, 15051 MiB, 143771 MiB
2026/08/14 00:58:29.388, NVIDIA H200, 37, 99 %, 25 %, 15051 MiB, 143771 MiB
2026/08/14 00:58:32.388, NVIDIA H200, 38, 98 %, 27 %, 15051 MiB, 143771 MiB
2026/08/14 00:58:35.389, NVIDIA H200, 37, 98 %, 31 %, 15051 MiB, 143771 MiB
2026/08/14 00:58:38.389, NVIDIA H200, 38, 99 %, 24 %, 15051 MiB, 143771 MiB
2026/08/14 00:58:41.389, NVIDIA H200, 37, 98 %, 31 %, 15051 MiB, 143771 MiB
2026/08/14 00:58:44.389, NVIDIA H200, 37, 100 %, 26 %, 15051 MiB, 143771 MiB
2026/08/14 00:58:47.390, NVIDIA H200, 37, 99 %, 25 %, 15051 MiB, 143771 MiB
2026/08/14 00:58:50.390, NVIDIA H200, 30, 69 %, 18 %, 15051 MiB, 143771 MiB
2026/08/14 00:58:53.390, NVIDIA H200, 33, 77 %, 25 %, 15051 MiB, 143771 MiB
2026/08/14 00:58:56.391, NVIDIA H200, 27, 0 %, 0 %, 15051 MiB, 143771 MiB
2026/08/14 00:58:59.391, NVIDIA H200, 37, 98 %, 31 %, 15051 MiB, 143771 MiB
2026/08/14 00:59:02.391, NVIDIA H200, 38, 99 %, 24 %, 15051 MiB, 143771 MiB
2026/08/14 00:59:05.392, NVIDIA H200, 38, 97 %, 29 %, 15051 MiB, 143771 MiB
2026/08/14 00:59:08.392, NVIDIA H200, 37, 98 %, 31 %, 15051 MiB, 143771 MiB
2026/08/14 00:59:11.392, NVIDIA H200, 38, 99 %, 24 %, 15051 MiB, 143771 MiB
2026/08/14 00:59:14.393, NVIDIA H200, 37, 97 %, 31 %, 15051 MiB, 143771 MiB
2026/08/14 00:59:17.393, NVIDIA H200, 37, 99 %, 27 %, 15051 MiB, 143771 MiB
2026/08/14 00:59:20.393, NVIDIA H200, 37, 99 %, 25 %, 15051 MiB, 143771 MiB
2026/08/14 00:59:23.394, NVIDIA H200, 36, 98 %, 31 %, 15051 MiB, 143771 MiB
2026/08/14 00:59:26.394, NVIDIA H200, 36, 100 %, 24 %, 15051 MiB, 143771 MiB
2026/08/14 00:59:29.394, NVIDIA H200, 39, 98 %, 26 %, 15051 MiB, 143771 MiB
2026/08/14 00:59:32.395, NVIDIA H200, 37, 98 %, 34 %, 15051 MiB, 143771 MiB
2026/08/14 00:59:35.395, NVIDIA H200, 36, 100 %, 23 %, 15051 MiB, 143771 MiB
2026/08/14 00:59:38.395, NVIDIA H200, 38, 96 %, 24 %, 15051 MiB, 143771 MiB
2026/08/14 00:59:41.395, NVIDIA H200, 37, 96 %, 30 %, 15051 MiB, 143771 MiB
2026/08/14 00:59:44.396, NVIDIA H200, 37, 98 %, 31 %, 15051 MiB, 143771 MiB
2026/08/14 00:59:47.396, NVIDIA H200, 38, 99 %, 22 %, 15051 MiB, 143771 MiB
2026/08/14 00:59:50.396, NVIDIA H200, 38, 98 %, 31 %, 15051 MiB, 143771 MiB
2026/08/14 00:59:53.397, NVIDIA H200, 37, 99 %, 27 %, 15051 MiB, 143771 MiB
2026/08/14 00:59:56.397, NVIDIA H200, 38, 99 %, 25 %, 15051 MiB, 143771 MiB
2026/08/14 00:59:59.397, NVIDIA H200, 37, 97 %, 31 %, 15051 MiB, 143771 MiB
2026/08/14 01:00:02.398, NVIDIA H200, 36, 100 %, 24 %, 15051 MiB, 143771 MiB
2026/08/14 01:00:05.398, NVIDIA H200, 39, 98 %, 26 %, 15051 MiB, 143771 MiB
2026/08/14 01:00:08.398, NVIDIA H200, 37, 98 %, 33 %, 15051 MiB, 143771 MiB
2026/08/14 01:00:11.399, NVIDIA H200, 37, 99 %, 20 %, 15051 MiB, 143771 MiB
2026/08/14 01:00:14.399, NVIDIA H200, 38, 98 %, 29 %, 15051 MiB, 143771 MiB
2026/08/14 01:00:17.399, NVIDIA H200, 37, 98 %, 31 %, 15051 MiB, 143771 MiB
2026/08/14 01:00:20.400, NVIDIA H200, 38, 99 %, 23 %, 15051 MiB, 143771 MiB
2026/08/14 01:00:23.400, NVIDIA H200, 38, 98 %, 31 %, 15051 MiB, 143771 MiB
2026/08/14 01:00:26.400, NVIDIA H200, 37, 99 %, 27 %, 15051 MiB, 143771 MiB
2026/08/14 01:00:29.401, NVIDIA H200, 38, 99 %, 25 %, 15051 MiB, 143771 MiB
2026/08/14 01:00:32.401, NVIDIA H200, 37, 98 %, 31 %, 15051 MiB, 143771 MiB
2026/08/14 01:00:35.401, NVIDIA H200, 37, 99 %, 27 %, 15051 MiB, 143771 MiB
2026/08/14 01:00:38.402, NVIDIA H200, 39, 99 %, 25 %, 15051 MiB, 143771 MiB
2026/08/14 01:00:41.402, NVIDIA H200, 37, 99 %, 31 %, 15051 MiB, 143771 MiB
2026/08/14 01:00:44.402, NVIDIA H200, 36, 100 %, 23 %, 15051 MiB, 143771 MiB
2026/08/14 01:00:47.402, NVIDIA H200, 38, 98 %, 25 %, 15051 MiB, 143771 MiB
2026/08/14 01:00:50.403, NVIDIA H200, 37, 98 %, 34 %, 15051 MiB, 143771 MiB
2026/08/14 01:00:53.403, NVIDIA H200, 37, 99 %, 22 %, 15051 MiB, 143771 MiB
2026/08/14 01:00:56.403, NVIDIA H200, 38, 98 %, 27 %, 15051 MiB, 143771 MiB
2026/08/14 01:00:59.404, NVIDIA H200, 34, 67 %, 21 %, 15051 MiB, 143771 MiB
2026/08/14 01:01:02.404, NVIDIA H200, 36, 87 %, 25 %, 15051 MiB, 143771 MiB
2026/08/14 01:01:05.404, NVIDIA H200, 26, 0 %, 0 %, 15051 MiB, 143771 MiB
2026/08/14 01:01:08.405, NVIDIA H200, 36, 100 %, 23 %, 15051 MiB, 143771 MiB
2026/08/14 01:01:11.405, NVIDIA H200, 39, 98 %, 28 %, 15051 MiB, 143771 MiB
2026/08/14 01:01:14.405, NVIDIA H200, 36, 98 %, 33 %, 15051 MiB, 143771 MiB
2026/08/14 01:01:17.406, NVIDIA H200, 37, 99 %, 22 %, 15051 MiB, 143771 MiB
2026/08/14 01:01:20.406, NVIDIA H200, 38, 97 %, 29 %, 15051 MiB, 143771 MiB
2026/08/14 01:01:23.406, NVIDIA H200, 37, 98 %, 31 %, 15051 MiB, 143771 MiB
2026/08/14 01:01:26.407, NVIDIA H200, 38, 99 %, 23 %, 15051 MiB, 143771 MiB
2026/08/14 01:01:29.407, NVIDIA H200, 37, 98 %, 31 %, 15051 MiB, 143771 MiB
2026/08/14 01:01:32.407, NVIDIA H200, 36, 98 %, 29 %, 15051 MiB, 143771 MiB
2026/08/14 01:01:35.408, NVIDIA H200, 38, 99 %, 25 %, 15051 MiB, 143771 MiB
2026/08/14 01:01:38.408, NVIDIA H200, 37, 98 %, 30 %, 15051 MiB, 143771 MiB
2026/08/14 01:01:41.408, NVIDIA H200, 36, 100 %, 24 %, 15051 MiB, 143771 MiB
2026/08/14 01:01:44.408, NVIDIA H200, 37, 99 %, 25 %, 15051 MiB, 143771 MiB
2026/08/14 01:01:47.409, NVIDIA H200, 36, 98 %, 32 %, 15051 MiB, 143771 MiB
2026/08/14 01:01:50.409, NVIDIA H200, 36, 100 %, 24 %, 15051 MiB, 143771 MiB
2026/08/14 01:01:53.409, NVIDIA H200, 38, 100 %, 26 %, 15051 MiB, 143771 MiB
2026/08/14 01:01:56.410, NVIDIA H200, 37, 98 %, 24 %, 15051 MiB, 143771 MiB
2026/08/14 01:01:59.410, NVIDIA H200, 37, 98 %, 31 %, 15051 MiB, 143771 MiB
2026/08/14 01:02:02.410, NVIDIA H200, 39, 100 %, 25 %, 15051 MiB, 143771 MiB
2026/08/14 01:02:05.411, NVIDIA H200, 36, 99 %, 25 %, 15051 MiB, 143771 MiB
2026/08/14 01:02:08.411, NVIDIA H200, 37, 98 %, 32 %, 15051 MiB, 143771 MiB
2026/08/14 01:02:11.411, NVIDIA H200, 38, 100 %, 23 %, 15051 MiB, 143771 MiB
2026/08/14 01:02:14.411, NVIDIA H200, 37, 98 %, 27 %, 15051 MiB, 143771 MiB
2026/08/14 01:02:17.412, NVIDIA H200, 38, 98 %, 32 %, 15051 MiB, 143771 MiB
2026/08/14 01:02:20.412, NVIDIA H200, 38, 99 %, 22 %, 15051 MiB, 143771 MiB
2026/08/14 01:02:23.412, NVIDIA H200, 36, 97 %, 27 %, 15051 MiB, 143771 MiB
2026/08/14 01:02:26.412, NVIDIA H200, 38, 99 %, 31 %, 15051 MiB, 143771 MiB
2026/08/14 01:02:29.413, NVIDIA H200, 37, 99 %, 22 %, 15051 MiB, 143771 MiB
2026/08/14 01:02:32.413, NVIDIA H200, 36, 97 %, 30 %, 15051 MiB, 143771 MiB
2026/08/14 01:02:35.413, NVIDIA H200, 37, 98 %, 30 %, 15051 MiB, 143771 MiB
2026/08/14 01:02:38.413, NVIDIA H200, 36, 99 %, 25 %, 15051 MiB, 143771 MiB
2026/08/14 01:02:41.414, NVIDIA H200, 36, 97 %, 31 %, 15051 MiB, 143771 MiB
2026/08/14 01:02:44.414, NVIDIA H200, 39, 100 %, 26 %, 15051 MiB, 143771 MiB
2026/08/14 01:02:47.414, NVIDIA H200, 37, 99 %, 25 %, 15051 MiB, 143771 MiB
2026/08/14 01:02:50.414, NVIDIA H200, 37, 98 %, 31 %, 15051 MiB, 143771 MiB
2026/08/14 01:02:53.415, NVIDIA H200, 38, 100 %, 24 %, 15051 MiB, 143771 MiB
2026/08/14 01:02:56.415, NVIDIA H200, 38, 98 %, 27 %, 15051 MiB, 143771 MiB
2026/08/14 01:02:59.415, NVIDIA H200, 37, 98 %, 34 %, 15051 MiB, 143771 MiB
2026/08/14 01:03:02.415, NVIDIA H200, 36, 97 %, 31 %, 15051 MiB, 143771 MiB
2026/08/14 01:03:05.415, NVIDIA H200, 36, 99 %, 20 %, 15051 MiB, 143771 MiB
2026/08/14 01:03:08.416, NVIDIA H200, 31, 85 %, 24 %, 15051 MiB, 143771 MiB
2026/08/14 01:03:11.416, NVIDIA H200, 31, 54 %, 17 %, 15051 MiB, 143771 MiB
2026/08/14 01:03:14.416, NVIDIA H200, 29, 0 %, 0 %, 15051 MiB, 143771 MiB
2026/08/14 01:03:17.417, NVIDIA H200, 36, 99 %, 22 %, 15051 MiB, 143771 MiB
2026/08/14 01:03:20.417, NVIDIA H200, 38, 98 %, 31 %, 15051 MiB, 143771 MiB
2026/08/14 01:03:23.417, NVIDIA H200, 37, 99 %, 27 %, 15051 MiB, 143771 MiB
2026/08/14 01:03:26.418, NVIDIA H200, 38, 98 %, 25 %, 15051 MiB, 143771 MiB
2026/08/14 01:03:29.418, NVIDIA H200, 37, 99 %, 32 %, 15051 MiB, 143771 MiB
2026/08/14 01:03:32.418, NVIDIA H200, 37, 99 %, 23 %, 15051 MiB, 143771 MiB
2026/08/14 01:03:35.419, NVIDIA H200, 38, 98 %, 31 %, 15051 MiB, 143771 MiB
2026/08/14 01:03:38.419, NVIDIA H200, 38, 100 %, 24 %, 15051 MiB, 143771 MiB
2026/08/14 01:03:41.419, NVIDIA H200, 37, 97 %, 26 %, 15051 MiB, 143771 MiB
2026/08/14 01:03:44.420, NVIDIA H200, 38, 98 %, 33 %, 15051 MiB, 143771 MiB
2026/08/14 01:03:47.420, NVIDIA H200, 39, 100 %, 27 %, 15051 MiB, 143771 MiB
2026/08/14 01:03:50.420, NVIDIA H200, 37, 98 %, 25 %, 15051 MiB, 143771 MiB
2026/08/14 01:03:53.421, NVIDIA H200, 38, 98 %, 33 %, 15051 MiB, 143771 MiB
2026/08/14 01:03:56.421, NVIDIA H200, 37, 99 %, 22 %, 15051 MiB, 143771 MiB
2026/08/14 01:03:59.421, NVIDIA H200, 37, 98 %, 31 %, 15051 MiB, 143771 MiB
2026/08/14 01:04:02.421, NVIDIA H200, 39, 100 %, 23 %, 15051 MiB, 143771 MiB
2026/08/14 01:04:05.422, NVIDIA H200, 37, 97 %, 27 %, 15051 MiB, 143771 MiB
2026/08/14 01:04:08.422, NVIDIA H200, 39, 98 %, 32 %, 15051 MiB, 143771 MiB
2026/08/14 01:04:11.422, NVIDIA H200, 37, 99 %, 22 %, 15051 MiB, 143771 MiB
2026/08/14 01:04:14.423, NVIDIA H200, 37, 98 %, 30 %, 15051 MiB, 143771 MiB
2026/08/14 01:04:17.423, NVIDIA H200, 38, 100 %, 27 %, 15051 MiB, 143771 MiB
2026/08/14 01:04:20.423, NVIDIA H200, 38, 99 %, 21 %, 15051 MiB, 143771 MiB
2026/08/14 01:04:23.424, NVIDIA H200, 37, 97 %, 29 %, 15051 MiB, 143771 MiB
2026/08/14 01:04:26.424, NVIDIA H200, 38, 99 %, 27 %, 15051 MiB, 143771 MiB
2026/08/14 01:04:29.424, NVIDIA H200, 37, 99 %, 27 %, 15051 MiB, 143771 MiB
2026/08/14 01:04:32.425, NVIDIA H200, 38, 98 %, 34 %, 15051 MiB, 143771 MiB
2026/08/14 01:04:35.425, NVIDIA H200, 37, 99 %, 22 %, 15051 MiB, 143771 MiB
2026/08/14 01:04:38.425, NVIDIA H200, 37, 98 %, 31 %, 15051 MiB, 143771 MiB
2026/08/14 01:04:41.426, NVIDIA H200, 38, 99 %, 24 %, 15051 MiB, 143771 MiB
2026/08/14 01:04:44.426, NVIDIA H200, 37, 98 %, 27 %, 15051 MiB, 143771 MiB
2026/08/14 01:04:47.426, NVIDIA H200, 38, 98 %, 30 %, 15051 MiB, 143771 MiB
2026/08/14 01:04:50.427, NVIDIA H200, 37, 99 %, 24 %, 15051 MiB, 143771 MiB
2026/08/14 01:04:53.427, NVIDIA H200, 36, 92 %, 30 %, 15051 MiB, 143771 MiB
2026/08/14 01:04:56.427, NVIDIA H200, 38, 99 %, 28 %, 15051 MiB, 143771 MiB
2026/08/14 01:04:59.428, NVIDIA H200, 37, 97 %, 25 %, 15051 MiB, 143771 MiB
2026/08/14 01:05:02.428, NVIDIA H200, 38, 97 %, 33 %, 15051 MiB, 143771 MiB
2026/08/14 01:05:05.428, NVIDIA H200, 37, 99 %, 22 %, 15051 MiB, 143771 MiB
2026/08/14 01:05:08.428, NVIDIA H200, 37, 98 %, 31 %, 15051 MiB, 143771 MiB
2026/08/14 01:05:11.429, NVIDIA H200, 39, 100 %, 23 %, 15051 MiB, 143771 MiB
2026/08/14 01:05:14.429, NVIDIA H200, 37, 98 %, 26 %, 15051 MiB, 143771 MiB
2026/08/14 01:05:17.429, NVIDIA H200, 33, 64 %, 17 %, 15051 MiB, 143771 MiB
2026/08/14 01:05:20.430, NVIDIA H200, 32, 76 %, 26 %, 15051 MiB, 143771 MiB
2026/08/14 01:05:23.430, NVIDIA H200, 26, 0 %, 0 %, 15051 MiB, 143771 MiB
2026/08/14 01:05:26.430, NVIDIA H200, 25, 0 %, 0 %, 15051 MiB, 143771 MiB
2026/08/14 01:05:29.431, NVIDIA H200, 34, 74 %, 23 %, 15051 MiB, 143771 MiB
2026/08/14 01:05:32.431, NVIDIA H200, 36, 99 %, 22 %, 15051 MiB, 143771 MiB
2026/08/14 01:05:35.431, NVIDIA H200, 36, 98 %, 31 %, 15051 MiB, 143771 MiB
2026/08/14 01:05:38.432, NVIDIA H200, 39, 100 %, 26 %, 15051 MiB, 143771 MiB
2026/08/14 01:05:41.432, NVIDIA H200, 36, 98 %, 25 %, 15051 MiB, 143771 MiB
2026/08/14 01:05:44.432, NVIDIA H200, 38, 98 %, 34 %, 15051 MiB, 143771 MiB
2026/08/14 01:05:47.432, NVIDIA H200, 38, 99 %, 21 %, 15051 MiB, 143771 MiB
2026/08/14 01:05:50.433, NVIDIA H200, 36, 98 %, 31 %, 15051 MiB, 143771 MiB
2026/08/14 01:05:53.433, NVIDIA H200, 39, 100 %, 24 %, 15051 MiB, 143771 MiB
2026/08/14 01:05:56.433, NVIDIA H200, 37, 98 %, 26 %, 15051 MiB, 143771 MiB
2026/08/14 01:05:59.434, NVIDIA H200, 38, 99 %, 31 %, 15051 MiB, 143771 MiB
2026/08/14 01:06:02.434, NVIDIA H200, 37, 99 %, 29 %, 15051 MiB, 143771 MiB
2026/08/14 01:06:05.434, NVIDIA H200, 38, 99 %, 22 %, 15051 MiB, 143771 MiB
2026/08/14 01:06:08.435, NVIDIA H200, 37, 98 %, 27 %, 15051 MiB, 143771 MiB
2026/08/14 01:06:11.435, NVIDIA H200, 38, 99 %, 32 %, 15051 MiB, 143771 MiB
2026/08/14 01:06:14.435, NVIDIA H200, 37, 99 %, 22 %, 15051 MiB, 143771 MiB
2026/08/14 01:06:17.435, NVIDIA H200, 37, 98 %, 32 %, 15051 MiB, 143771 MiB
2026/08/14 01:06:20.436, NVIDIA H200, 38, 100 %, 23 %, 15051 MiB, 143771 MiB
2026/08/14 01:06:23.436, NVIDIA H200, 37, 98 %, 27 %, 15051 MiB, 143771 MiB
2026/08/14 01:06:26.436, NVIDIA H200, 38, 98 %, 33 %, 15051 MiB, 143771 MiB
2026/08/14 01:06:29.437, NVIDIA H200, 37, 99 %, 22 %, 15051 MiB, 143771 MiB
2026/08/14 01:06:32.437, NVIDIA H200, 37, 98 %, 32 %, 15051 MiB, 143771 MiB
2026/08/14 01:06:35.437, NVIDIA H200, 38, 98 %, 32 %, 15051 MiB, 143771 MiB
2026/08/14 01:06:38.438, NVIDIA H200, 37, 99 %, 24 %, 15051 MiB, 143771 MiB
2026/08/14 01:06:41.438, NVIDIA H200, 37, 98 %, 31 %, 15051 MiB, 143771 MiB
2026/08/14 01:06:44.438, NVIDIA H200, 38, 100 %, 23 %, 15051 MiB, 143771 MiB
2026/08/14 01:06:47.439, NVIDIA H200, 37, 98 %, 27 %, 15051 MiB, 143771 MiB
2026/08/14 01:06:50.439, NVIDIA H200, 39, 98 %, 31 %, 15051 MiB, 143771 MiB
2026/08/14 01:06:53.439, NVIDIA H200, 37, 99 %, 22 %, 15051 MiB, 143771 MiB
2026/08/14 01:06:56.440, NVIDIA H200, 37, 98 %, 31 %, 15051 MiB, 143771 MiB
2026/08/14 01:06:59.440, NVIDIA H200, 39, 100 %, 23 %, 15051 MiB, 143771 MiB
2026/08/14 01:07:02.440, NVIDIA H200, 37, 98 %, 27 %, 15051 MiB, 143771 MiB
2026/08/14 01:07:05.440, NVIDIA H200, 39, 99 %, 31 %, 15051 MiB, 143771 MiB
2026/08/14 01:07:08.442, NVIDIA H200, 38, 92 %, 22 %, 15051 MiB, 143771 MiB
2026/08/14 01:07:11.442, NVIDIA H200, 37, 99 %, 25 %, 15051 MiB, 143771 MiB
2026/08/14 01:07:14.443, NVIDIA H200, 38, 97 %, 26 %, 15051 MiB, 143771 MiB
2026/08/14 01:07:17.443, NVIDIA H200, 37, 99 %, 30 %, 15051 MiB, 143771 MiB
2026/08/14 01:07:20.443, NVIDIA H200, 38, 99 %, 25 %, 15051 MiB, 143771 MiB
2026/08/14 01:07:23.444, NVIDIA H200, 38, 98 %, 32 %, 15051 MiB, 143771 MiB
2026/08/14 01:07:26.444, NVIDIA H200, 37, 99 %, 22 %, 15051 MiB, 143771 MiB
2026/08/14 01:07:29.444, NVIDIA H200, 39, 98 %, 29 %, 15051 MiB, 143771 MiB
2026/08/14 01:07:32.445, NVIDIA H200, 32, 57 %, 18 %, 15051 MiB, 143771 MiB
2026/08/14 01:07:35.445, NVIDIA H200, 35, 74 %, 23 %, 15051 MiB, 143771 MiB
2026/08/14 01:07:38.445, NVIDIA H200, 25, 0 %, 0 %, 15051 MiB, 143771 MiB
2026/08/14 01:07:41.446, NVIDIA H200, 36, 96 %, 27 %, 15051 MiB, 143771 MiB
2026/08/14 01:07:44.446, NVIDIA H200, 36, 98 %, 33 %, 15051 MiB, 143771 MiB
2026/08/14 01:07:47.446, NVIDIA H200, 36, 99 %, 21 %, 15051 MiB, 143771 MiB
2026/08/14 01:07:50.446, NVIDIA H200, 37, 98 %, 29 %, 15051 MiB, 143771 MiB
2026/08/14 01:07:53.447, NVIDIA H200, 36, 98 %, 31 %, 15051 MiB, 143771 MiB
2026/08/14 01:07:56.447, NVIDIA H200, 37, 99 %, 24 %, 15051 MiB, 143771 MiB
2026/08/14 01:07:59.447, NVIDIA H200, 38, 97 %, 31 %, 15051 MiB, 143771 MiB
2026/08/14 01:08:02.448, NVIDIA H200, 37, 100 %, 25 %, 15051 MiB, 143771 MiB
2026/08/14 01:08:05.448, NVIDIA H200, 38, 98 %, 26 %, 15051 MiB, 143771 MiB
2026/08/14 01:08:08.448, NVIDIA H200, 38, 98 %, 34 %, 15051 MiB, 143771 MiB
2026/08/14 01:08:11.449, NVIDIA H200, 36, 99 %, 22 %, 15051 MiB, 143771 MiB
2026/08/14 01:08:14.449, NVIDIA H200, 38, 98 %, 26 %, 15051 MiB, 143771 MiB
2026/08/14 01:08:17.449, NVIDIA H200, 37, 99 %, 34 %, 15051 MiB, 143771 MiB
2026/08/14 01:08:20.450, NVIDIA H200, 36, 99 %, 21 %, 15051 MiB, 143771 MiB
2026/08/14 01:08:23.450, NVIDIA H200, 38, 98 %, 27 %, 15051 MiB, 143771 MiB
2026/08/14 01:08:26.450, NVIDIA H200, 37, 98 %, 33 %, 15051 MiB, 143771 MiB
2026/08/14 01:08:29.451, NVIDIA H200, 36, 98 %, 20 %, 15051 MiB, 143771 MiB
2026/08/14 01:08:32.451, NVIDIA H200, 38, 98 %, 29 %, 15051 MiB, 143771 MiB
2026/08/14 01:08:35.451, NVIDIA H200, 37, 98 %, 31 %, 15051 MiB, 143771 MiB
2026/08/14 01:08:38.452, NVIDIA H200, 37, 99 %, 24 %, 15051 MiB, 143771 MiB
2026/08/14 01:08:41.452, NVIDIA H200, 38, 98 %, 29 %, 15051 MiB, 143771 MiB
2026/08/14 01:08:44.452, NVIDIA H200, 37, 98 %, 30 %, 15051 MiB, 143771 MiB
2026/08/14 01:08:47.452, NVIDIA H200, 37, 99 %, 25 %, 15051 MiB, 143771 MiB
2026/08/14 01:08:50.453, NVIDIA H200, 38, 98 %, 30 %, 15051 MiB, 143771 MiB
2026/08/14 01:08:53.453, NVIDIA H200, 37, 100 %, 23 %, 15051 MiB, 143771 MiB
2026/08/14 01:08:56.453, NVIDIA H200, 36, 98 %, 26 %, 15051 MiB, 143771 MiB
2026/08/14 01:08:59.454, NVIDIA H200, 38, 98 %, 34 %, 15051 MiB, 143771 MiB
2026/08/14 01:09:02.454, NVIDIA H200, 38, 99 %, 22 %, 15051 MiB, 143771 MiB
2026/08/14 01:09:05.454, NVIDIA H200, 36, 98 %, 27 %, 15051 MiB, 143771 MiB
2026/08/14 01:09:08.455, NVIDIA H200, 38, 98 %, 34 %, 15051 MiB, 143771 MiB
2026/08/14 01:09:11.455, NVIDIA H200, 38, 100 %, 24 %, 15051 MiB, 143771 MiB
2026/08/14 01:09:14.455, NVIDIA H200, 37, 97 %, 27 %, 15051 MiB, 143771 MiB
2026/08/14 01:09:17.456, NVIDIA H200, 38, 98 %, 34 %, 15051 MiB, 143771 MiB
2026/08/14 01:09:20.456, NVIDIA H200, 38, 99 %, 20 %, 15051 MiB, 143771 MiB
2026/08/14 01:09:23.456, NVIDIA H200, 37, 98 %, 29 %, 15051 MiB, 143771 MiB
2026/08/14 01:09:26.457, NVIDIA H200, 38, 99 %, 30 %, 15051 MiB, 143771 MiB
2026/08/14 01:09:29.457, NVIDIA H200, 36, 99 %, 25 %, 15051 MiB, 143771 MiB
2026/08/14 01:09:32.457, NVIDIA H200, 37, 99 %, 31 %, 15051 MiB, 143771 MiB
2026/08/14 01:09:35.458, NVIDIA H200, 38, 100 %, 23 %, 15051 MiB, 143771 MiB
2026/08/14 01:09:38.458, NVIDIA H200, 37, 98 %, 27 %, 15051 MiB, 143771 MiB
2026/08/14 01:09:41.458, NVIDIA H200, 31, 84 %, 28 %, 15051 MiB, 143771 MiB
2026/08/14 01:09:44.458, NVIDIA H200, 35, 68 %, 20 %, 15051 MiB, 143771 MiB
2026/08/14 01:09:47.459, NVIDIA H200, 29, 79 %, 19 %, 15051 MiB, 143771 MiB
2026/08/14 01:09:50.459, NVIDIA H200, 37, 99 %, 20 %, 15051 MiB, 143771 MiB
2026/08/14 01:09:53.459, NVIDIA H200, 36, 97 %, 29 %, 15051 MiB, 143771 MiB
2026/08/14 01:09:56.460, NVIDIA H200, 38, 98 %, 31 %, 15051 MiB, 143771 MiB
2026/08/14 01:09:59.460, NVIDIA H200, 37, 99 %, 23 %, 15051 MiB, 143771 MiB
2026/08/14 01:10:02.460, NVIDIA H200, 36, 98 %, 31 %, 15051 MiB, 143771 MiB
2026/08/14 01:10:05.461, NVIDIA H200, 38, 99 %, 27 %, 15051 MiB, 143771 MiB
2026/08/14 01:10:08.461, NVIDIA H200, 37, 99 %, 25 %, 15051 MiB, 143771 MiB
2026/08/14 01:10:11.461, NVIDIA H200, 37, 98 %, 31 %, 15051 MiB, 143771 MiB
2026/08/14 01:10:14.462, NVIDIA H200, 38, 100 %, 23 %, 15051 MiB, 143771 MiB
2026/08/14 01:10:17.462, NVIDIA H200, 36, 98 %, 25 %, 15051 MiB, 143771 MiB
2026/08/14 01:10:20.462, NVIDIA H200, 37, 98 %, 34 %, 15051 MiB, 143771 MiB
2026/08/14 01:10:23.463, NVIDIA H200, 38, 99 %, 22 %, 15051 MiB, 143771 MiB
2026/08/14 01:10:26.463, NVIDIA H200, 37, 97 %, 27 %, 15051 MiB, 143771 MiB
2026/08/14 01:10:29.463, NVIDIA H200, 38, 98 %, 33 %, 15051 MiB, 143771 MiB
2026/08/14 01:10:32.463, NVIDIA H200, 38, 99 %, 20 %, 15051 MiB, 143771 MiB
2026/08/14 01:10:35.464, NVIDIA H200, 37, 98 %, 29 %, 15051 MiB, 143771 MiB
2026/08/14 01:10:38.464, NVIDIA H200, 38, 99 %, 31 %, 15051 MiB, 143771 MiB
2026/08/14 01:10:41.464, NVIDIA H200, 36, 99 %, 25 %, 15051 MiB, 143771 MiB
2026/08/14 01:10:44.465, NVIDIA H200, 37, 98 %, 30 %, 15051 MiB, 143771 MiB
2026/08/14 01:10:47.465, NVIDIA H200, 38, 100 %, 23 %, 15051 MiB, 143771 MiB
2026/08/14 01:10:50.465, NVIDIA H200, 37, 98 %, 27 %, 15051 MiB, 143771 MiB
2026/08/14 01:10:53.466, NVIDIA H200, 38, 98 %, 33 %, 15051 MiB, 143771 MiB
2026/08/14 01:10:56.466, NVIDIA H200, 36, 100 %, 24 %, 15051 MiB, 143771 MiB
2026/08/14 01:10:59.466, NVIDIA H200, 38, 99 %, 26 %, 15051 MiB, 143771 MiB
2026/08/14 01:11:02.467, NVIDIA H200, 37, 99 %, 33 %, 15051 MiB, 143771 MiB
2026/08/14 01:11:05.467, NVIDIA H200, 37, 99 %, 22 %, 15051 MiB, 143771 MiB
2026/08/14 01:11:08.467, NVIDIA H200, 38, 97 %, 26 %, 15051 MiB, 143771 MiB
2026/08/14 01:11:11.468, NVIDIA H200, 37, 98 %, 31 %, 15051 MiB, 143771 MiB
2026/08/14 01:11:14.468, NVIDIA H200, 38, 99 %, 22 %, 15051 MiB, 143771 MiB
2026/08/14 01:11:17.468, NVIDIA H200, 38, 98 %, 29 %, 15051 MiB, 143771 MiB
2026/08/14 01:11:20.468, NVIDIA H200, 36, 98 %, 29 %, 15051 MiB, 143771 MiB
2026/08/14 01:11:23.469, NVIDIA H200, 38, 99 %, 25 %, 15051 MiB, 143771 MiB
2026/08/14 01:11:26.469, NVIDIA H200, 37, 98 %, 31 %, 15051 MiB, 143771 MiB
2026/08/14 01:11:29.469, NVIDIA H200, 36, 100 %, 24 %, 15051 MiB, 143771 MiB
2026/08/14 01:11:32.470, NVIDIA H200, 37, 99 %, 27 %, 15051 MiB, 143771 MiB
2026/08/14 01:11:35.470, NVIDIA H200, 37, 98 %, 34 %, 15051 MiB, 143771 MiB
2026/08/14 01:11:38.470, NVIDIA H200, 37, 98 %, 22 %, 15051 MiB, 143771 MiB
2026/08/14 01:11:41.471, NVIDIA H200, 38, 97 %, 26 %, 15051 MiB, 143771 MiB
2026/08/14 01:11:44.471, NVIDIA H200, 37, 98 %, 31 %, 15051 MiB, 143771 MiB
2026/08/14 01:11:47.471, NVIDIA H200, 38, 99 %, 22 %, 15051 MiB, 143771 MiB
2026/08/14 01:11:50.472, NVIDIA H200, 35, 89 %, 28 %, 15051 MiB, 143771 MiB
2026/08/14 01:11:53.472, NVIDIA H200, 35, 83 %, 22 %, 15051 MiB, 143771 MiB
2026/08/14 01:11:56.472, NVIDIA H200, 25, 0 %, 0 %, 15051 MiB, 143771 MiB
2026/08/14 01:11:59.473, NVIDIA H200, 38, 98 %, 27 %, 15051 MiB, 143771 MiB
2026/08/14 01:12:02.473, NVIDIA H200, 37, 99 %, 32 %, 15051 MiB, 143771 MiB
2026/08/14 01:12:05.473, NVIDIA H200, 38, 99 %, 23 %, 15051 MiB, 143771 MiB
2026/08/14 01:12:08.474, NVIDIA H200, 37, 97 %, 31 %, 15051 MiB, 143771 MiB
2026/08/14 01:12:11.474, NVIDIA H200, 37, 100 %, 23 %, 15051 MiB, 143771 MiB
2026/08/14 01:12:14.474, NVIDIA H200, 38, 96 %, 26 %, 15051 MiB, 143771 MiB
2026/08/14 01:12:17.475, NVIDIA H200, 37, 97 %, 30 %, 15051 MiB, 143771 MiB
2026/08/14 01:12:20.475, NVIDIA H200, 39, 99 %, 25 %, 15051 MiB, 143771 MiB
2026/08/14 01:12:23.475, NVIDIA H200, 37, 99 %, 25 %, 15051 MiB, 143771 MiB
2026/08/14 01:12:26.475, NVIDIA H200, 37, 98 %, 31 %, 15051 MiB, 143771 MiB
2026/08/14 01:12:29.476, NVIDIA H200, 38, 98 %, 31 %, 15051 MiB, 143771 MiB
2026/08/14 01:12:32.476, NVIDIA H200, 38, 98 %, 22 %, 15051 MiB, 143771 MiB
2026/08/14 01:12:35.476, NVIDIA H200, 37, 99 %, 25 %, 15051 MiB, 143771 MiB
2026/08/14 01:12:38.477, NVIDIA H200, 37, 98 %, 32 %, 15051 MiB, 143771 MiB
2026/08/14 01:12:41.477, NVIDIA H200, 38, 99 %, 23 %, 15051 MiB, 143771 MiB
2026/08/14 01:12:44.477, NVIDIA H200, 37, 97 %, 29 %, 15051 MiB, 143771 MiB
2026/08/14 01:12:47.478, NVIDIA H200, 38, 99 %, 27 %, 15051 MiB, 143771 MiB
2026/08/14 01:12:50.478, NVIDIA H200, 37, 99 %, 26 %, 15051 MiB, 143771 MiB
2026/08/14 01:12:53.478, NVIDIA H200, 38, 99 %, 33 %, 15051 MiB, 143771 MiB
2026/08/14 01:12:56.479, NVIDIA H200, 38, 99 %, 22 %, 15051 MiB, 143771 MiB
2026/08/14 01:12:59.479, NVIDIA H200, 37, 98 %, 29 %, 15051 MiB, 143771 MiB
2026/08/14 01:13:02.479, NVIDIA H200, 39, 100 %, 27 %, 15051 MiB, 143771 MiB
2026/08/14 01:13:05.479, NVIDIA H200, 37, 98 %, 26 %, 15051 MiB, 143771 MiB
2026/08/14 01:13:08.480, NVIDIA H200, 39, 99 %, 31 %, 15051 MiB, 143771 MiB
2026/08/14 01:13:11.480, NVIDIA H200, 37, 99 %, 25 %, 15051 MiB, 143771 MiB
2026/08/14 01:13:14.480, NVIDIA H200, 37, 99 %, 31 %, 15051 MiB, 143771 MiB
2026/08/14 01:13:17.481, NVIDIA H200, 38, 99 %, 22 %, 15051 MiB, 143771 MiB
2026/08/14 01:13:20.481, NVIDIA H200, 37, 98 %, 29 %, 15051 MiB, 143771 MiB
2026/08/14 01:13:23.481, NVIDIA H200, 39, 98 %, 31 %, 15051 MiB, 143771 MiB
2026/08/14 01:13:26.481, NVIDIA H200, 37, 99 %, 25 %, 15051 MiB, 143771 MiB
2026/08/14 01:13:29.482, NVIDIA H200, 37, 98 %, 31 %, 15051 MiB, 143771 MiB
2026/08/14 01:13:32.482, NVIDIA H200, 38, 99 %, 23 %, 15051 MiB, 143771 MiB
2026/08/14 01:13:35.482, NVIDIA H200, 37, 96 %, 28 %, 15051 MiB, 143771 MiB
2026/08/14 01:13:38.483, NVIDIA H200, 38, 99 %, 29 %, 15051 MiB, 143771 MiB
2026/08/14 01:13:41.483, NVIDIA H200, 37, 99 %, 25 %, 15051 MiB, 143771 MiB
2026/08/14 01:13:44.483, NVIDIA H200, 38, 98 %, 35 %, 15051 MiB, 143771 MiB
2026/08/14 01:13:47.483, NVIDIA H200, 38, 100 %, 23 %, 15051 MiB, 143771 MiB
2026/08/14 01:13:50.484, NVIDIA H200, 37, 98 %, 26 %, 15051 MiB, 143771 MiB
2026/08/14 01:13:53.484, NVIDIA H200, 38, 98 %, 31 %, 15051 MiB, 143771 MiB
2026/08/14 01:13:56.484, NVIDIA H200, 37, 99 %, 24 %, 15051 MiB, 143771 MiB
2026/08/14 01:13:59.484, NVIDIA H200, 32, 78 %, 25 %, 15051 MiB, 143771 MiB
2026/08/14 01:14:02.485, NVIDIA H200, 33, 77 %, 21 %, 15051 MiB, 143771 MiB
2026/08/14 01:14:05.485, NVIDIA H200, 31, 87 %, 27 %, 15051 MiB, 143771 MiB
2026/08/14 01:14:08.485, NVIDIA H200, 37, 98 %, 30 %, 15051 MiB, 143771 MiB
2026/08/14 01:14:11.486, NVIDIA H200, 36, 99 %, 29 %, 15051 MiB, 143771 MiB
2026/08/14 01:14:14.486, NVIDIA H200, 38, 99 %, 25 %, 15051 MiB, 143771 MiB
2026/08/14 01:14:17.486, NVIDIA H200, 36, 99 %, 31 %, 15051 MiB, 143771 MiB
2026/08/14 01:14:20.487, NVIDIA H200, 37, 99 %, 22 %, 15051 MiB, 143771 MiB
2026/08/14 01:14:23.487, NVIDIA H200, 38, 98 %, 26 %, 15051 MiB, 143771 MiB
2026/08/14 01:14:26.487, NVIDIA H200, 37, 98 %, 31 %, 15051 MiB, 143771 MiB
2026/08/14 01:14:29.488, NVIDIA H200, 38, 99 %, 24 %, 15051 MiB, 143771 MiB
2026/08/14 01:14:32.488, NVIDIA H200, 37, 98 %, 33 %, 15051 MiB, 143771 MiB
2026/08/14 01:14:35.488, NVIDIA H200, 38, 99 %, 22 %, 15051 MiB, 143771 MiB
2026/08/14 01:14:38.489, NVIDIA H200, 38, 98 %, 29 %, 15051 MiB, 143771 MiB
2026/08/14 01:14:41.489, NVIDIA H200, 37, 100 %, 27 %, 15051 MiB, 143771 MiB
2026/08/14 01:14:44.489, NVIDIA H200, 38, 98 %, 25 %, 15051 MiB, 143771 MiB
2026/08/14 01:14:47.490, NVIDIA H200, 37, 98 %, 33 %, 15051 MiB, 143771 MiB
2026/08/14 01:14:50.490, NVIDIA H200, 38, 99 %, 21 %, 15051 MiB, 143771 MiB
2026/08/14 01:14:53.490, NVIDIA H200, 38, 98 %, 31 %, 15051 MiB, 143771 MiB
2026/08/14 01:14:56.491, NVIDIA H200, 36, 100 %, 24 %, 15051 MiB, 143771 MiB
2026/08/14 01:14:59.491, NVIDIA H200, 39, 98 %, 26 %, 15051 MiB, 143771 MiB
2026/08/14 01:15:02.491, NVIDIA H200, 37, 98 %, 32 %, 15051 MiB, 143771 MiB
2026/08/14 01:15:05.492, NVIDIA H200, 38, 99 %, 21 %, 15051 MiB, 143771 MiB
2026/08/14 01:15:08.492, NVIDIA H200, 38, 98 %, 31 %, 15051 MiB, 143771 MiB
2026/08/14 01:15:11.492, NVIDIA H200, 37, 100 %, 24 %, 15051 MiB, 143771 MiB
2026/08/14 01:15:14.493, NVIDIA H200, 39, 96 %, 26 %, 15051 MiB, 143771 MiB
2026/08/14 01:15:17.493, NVIDIA H200, 37, 98 %, 32 %, 15051 MiB, 143771 MiB
2026/08/14 01:15:20.493, NVIDIA H200, 38, 99 %, 22 %, 15051 MiB, 143771 MiB
2026/08/14 01:15:23.494, NVIDIA H200, 38, 97 %, 31 %, 15051 MiB, 143771 MiB
2026/08/14 01:15:26.494, NVIDIA H200, 36, 100 %, 24 %, 15051 MiB, 143771 MiB
2026/08/14 01:15:29.494, NVIDIA H200, 39, 98 %, 27 %, 15051 MiB, 143771 MiB
2026/08/14 01:15:32.495, NVIDIA H200, 37, 98 %, 31 %, 15051 MiB, 143771 MiB
2026/08/14 01:15:35.495, NVIDIA H200, 38, 99 %, 22 %, 15051 MiB, 143771 MiB
2026/08/14 01:15:38.495, NVIDIA H200, 37, 99 %, 22 %, 15051 MiB, 143771 MiB
2026/08/14 01:15:41.496, NVIDIA H200, 38, 97 %, 29 %, 15051 MiB, 143771 MiB
2026/08/14 01:15:44.496, NVIDIA H200, 37, 98 %, 29 %, 15051 MiB, 143771 MiB
2026/08/14 01:15:47.496, NVIDIA H200, 37, 99 %, 25 %, 15051 MiB, 143771 MiB
2026/08/14 01:15:50.497, NVIDIA H200, 37, 98 %, 34 %, 15051 MiB, 143771 MiB
2026/08/14 01:15:53.497, NVIDIA H200, 38, 99 %, 22 %, 15051 MiB, 143771 MiB
2026/08/14 01:15:56.497, NVIDIA H200, 38, 98 %, 29 %, 15051 MiB, 143771 MiB
2026/08/14 01:15:59.498, NVIDIA H200, 37, 99 %, 27 %, 15051 MiB, 143771 MiB
2026/08/14 01:16:02.498, NVIDIA H200, 39, 99 %, 26 %, 15051 MiB, 143771 MiB
2026/08/14 01:16:05.498, NVIDIA H200, 37, 98 %, 33 %, 15051 MiB, 143771 MiB
2026/08/14 01:16:08.498, NVIDIA H200, 32, 74 %, 18 %, 15051 MiB, 143771 MiB
2026/08/14 01:16:11.499, NVIDIA H200, 35, 77 %, 27 %, 15051 MiB, 143771 MiB
2026/08/14 01:16:14.499, NVIDIA H200, 25, 0 %, 0 %, 15051 MiB, 143771 MiB
2026/08/14 01:16:17.499, NVIDIA H200, 25, 0 %, 0 %, 15051 MiB, 143771 MiB
2026/08/14 01:16:20.500, NVIDIA H200, 36, 98 %, 25 %, 15051 MiB, 143771 MiB
2026/08/14 01:16:23.500, NVIDIA H200, 36, 98 %, 34 %, 15051 MiB, 143771 MiB
2026/08/14 01:16:26.500, NVIDIA H200, 37, 99 %, 23 %, 15051 MiB, 143771 MiB
2026/08/14 01:16:29.501, NVIDIA H200, 38, 98 %, 27 %, 15051 MiB, 143771 MiB
2026/08/14 01:16:32.501, NVIDIA H200, 37, 98 %, 32 %, 15051 MiB, 143771 MiB
2026/08/14 01:16:35.501, NVIDIA H200, 39, 99 %, 24 %, 15051 MiB, 143771 MiB
2026/08/14 01:16:38.502, NVIDIA H200, 37, 98 %, 31 %, 15051 MiB, 143771 MiB
2026/08/14 01:16:41.502, NVIDIA H200, 37, 99 %, 23 %, 15051 MiB, 143771 MiB
2026/08/14 01:16:44.502, NVIDIA H200, 38, 96 %, 21 %, 15051 MiB, 143771 MiB
2026/08/14 01:16:47.503, NVIDIA H200, 37, 98 %, 30 %, 15051 MiB, 143771 MiB
2026/08/14 01:16:50.503, NVIDIA H200, 37, 100 %, 25 %, 15051 MiB, 143771 MiB
2026/08/14 01:16:53.503, NVIDIA H200, 38, 97 %, 26 %, 15051 MiB, 143771 MiB
2026/08/14 01:16:56.504, NVIDIA H200, 37, 98 %, 31 %, 15051 MiB, 143771 MiB
2026/08/14 01:16:59.504, NVIDIA H200, 39, 99 %, 25 %, 15051 MiB, 143771 MiB
2026/08/14 01:17:02.504, NVIDIA H200, 37, 99 %, 32 %, 15051 MiB, 143771 MiB
2026/08/14 01:17:05.504, NVIDIA H200, 37, 100 %, 24 %, 15051 MiB, 143771 MiB
2026/08/14 01:17:08.507, NVIDIA H200, 38, 98 %, 26 %, 15051 MiB, 143771 MiB
2026/08/14 01:17:11.507, NVIDIA H200, 37, 98 %, 31 %, 15051 MiB, 143771 MiB
2026/08/14 01:17:14.507, NVIDIA H200, 39, 99 %, 25 %, 15051 MiB, 143771 MiB
2026/08/14 01:17:17.508, NVIDIA H200, 37, 98 %, 31 %, 15051 MiB, 143771 MiB
2026/08/14 01:17:20.508, NVIDIA H200, 37, 98 %, 31 %, 15051 MiB, 143771 MiB
2026/08/14 01:17:23.508, NVIDIA H200, 39, 99 %, 25 %, 15051 MiB, 143771 MiB
2026/08/14 01:17:26.509, NVIDIA H200, 37, 98 %, 32 %, 15051 MiB, 143771 MiB
2026/08/14 01:17:29.509, NVIDIA H200, 37, 99 %, 22 %, 15051 MiB, 143771 MiB
2026/08/14 01:17:32.509, NVIDIA H200, 38, 99 %, 22 %, 15051 MiB, 143771 MiB
2026/08/14 01:17:35.510, NVIDIA H200, 37, 97 %, 28 %, 15051 MiB, 143771 MiB
2026/08/14 01:17:38.510, NVIDIA H200, 37, 99 %, 30 %, 15051 MiB, 143771 MiB
2026/08/14 01:17:41.510, NVIDIA H200, 37, 99 %, 26 %, 15051 MiB, 143771 MiB
2026/08/14 01:17:44.510, NVIDIA H200, 38, 98 %, 33 %, 15051 MiB, 143771 MiB
2026/08/14 01:17:47.511, NVIDIA H200, 37, 99 %, 23 %, 15051 MiB, 143771 MiB
2026/08/14 01:17:50.511, NVIDIA H200, 37, 98 %, 30 %, 15051 MiB, 143771 MiB
2026/08/14 01:17:53.511, NVIDIA H200, 38, 98 %, 32 %, 15051 MiB, 143771 MiB
2026/08/14 01:17:56.512, NVIDIA H200, 36, 99 %, 24 %, 15051 MiB, 143771 MiB
2026/08/14 01:17:59.512, NVIDIA H200, 37, 98 %, 31 %, 15051 MiB, 143771 MiB
2026/08/14 01:18:02.512, NVIDIA H200, 38, 99 %, 24 %, 15051 MiB, 143771 MiB
2026/08/14 01:18:05.513, NVIDIA H200, 36, 98 %, 27 %, 15051 MiB, 143771 MiB
2026/08/14 01:18:08.513, NVIDIA H200, 37, 99 %, 30 %, 15051 MiB, 143771 MiB
2026/08/14 01:18:11.513, NVIDIA H200, 37, 99 %, 25 %, 15051 MiB, 143771 MiB
2026/08/14 01:18:14.514, NVIDIA H200, 37, 98 %, 34 %, 15051 MiB, 143771 MiB
2026/08/14 01:18:17.514, NVIDIA H200, 38, 99 %, 22 %, 15051 MiB, 143771 MiB
2026/08/14 01:18:20.514, NVIDIA H200, 27, 0 %, 0 %, 15051 MiB, 143771 MiB
2026/08/14 01:18:23.515, NVIDIA H200, 32, 81 %, 27 %, 15051 MiB, 143771 MiB
2026/08/14 01:18:26.515, NVIDIA H200, 27, 0 %, 0 %, 15051 MiB, 143771 MiB
2026/08/14 01:18:29.515, NVIDIA H200, 37, 97 %, 27 %, 15051 MiB, 143771 MiB
2026/08/14 01:18:32.516, NVIDIA H200, 36, 98 %, 34 %, 15051 MiB, 143771 MiB
2026/08/14 01:18:35.516, NVIDIA H200, 36, 99 %, 20 %, 15051 MiB, 143771 MiB
2026/08/14 01:18:38.516, NVIDIA H200, 37, 98 %, 28 %, 15051 MiB, 143771 MiB
2026/08/14 01:18:41.516, NVIDIA H200, 36, 99 %, 30 %, 15051 MiB, 143771 MiB
2026/08/14 01:18:44.517, NVIDIA H200, 36, 100 %, 23 %, 15051 MiB, 143771 MiB
2026/08/14 01:18:47.517, NVIDIA H200, 38, 97 %, 30 %, 15051 MiB, 143771 MiB
2026/08/14 01:18:50.517, NVIDIA H200, 36, 99 %, 27 %, 15051 MiB, 143771 MiB
2026/08/14 01:18:53.517, NVIDIA H200, 36, 99 %, 26 %, 15051 MiB, 143771 MiB
2026/08/14 01:18:56.518, NVIDIA H200, 37, 98 %, 31 %, 15051 MiB, 143771 MiB
2026/08/14 01:18:59.518, NVIDIA H200, 36, 100 %, 26 %, 15051 MiB, 143771 MiB
2026/08/14 01:19:02.518, NVIDIA H200, 37, 99 %, 25 %, 15051 MiB, 143771 MiB
2026/08/14 01:19:05.519, NVIDIA H200, 37, 98 %, 32 %, 15051 MiB, 143771 MiB
2026/08/14 01:19:08.519, NVIDIA H200, 36, 100 %, 25 %, 15051 MiB, 143771 MiB
2026/08/14 01:19:11.519, NVIDIA H200, 37, 97 %, 27 %, 15051 MiB, 143771 MiB
2026/08/14 01:19:14.519, NVIDIA H200, 38, 99 %, 33 %, 15051 MiB, 143771 MiB
2026/08/14 01:19:17.520, NVIDIA H200, 37, 99 %, 20 %, 15051 MiB, 143771 MiB
2026/08/14 01:19:20.520, NVIDIA H200, 36, 98 %, 29 %, 15051 MiB, 143771 MiB
2026/08/14 01:19:23.520, NVIDIA H200, 37, 98 %, 30 %, 15051 MiB, 143771 MiB
2026/08/14 01:19:26.521, NVIDIA H200, 36, 99 %, 25 %, 15051 MiB, 143771 MiB
2026/08/14 01:19:29.521, NVIDIA H200, 36, 98 %, 31 %, 15051 MiB, 143771 MiB
2026/08/14 01:19:32.521, NVIDIA H200, 38, 99 %, 27 %, 15051 MiB, 143771 MiB
2026/08/14 01:19:35.521, NVIDIA H200, 36, 99 %, 23 %, 15051 MiB, 143771 MiB
2026/08/14 01:19:38.522, NVIDIA H200, 36, 98 %, 31 %, 15051 MiB, 143771 MiB
2026/08/14 01:19:41.522, NVIDIA H200, 38, 99 %, 27 %, 15051 MiB, 143771 MiB
2026/08/14 01:19:44.522, NVIDIA H200, 37, 99 %, 25 %, 15051 MiB, 143771 MiB
2026/08/14 01:19:47.523, NVIDIA H200, 37, 98 %, 32 %, 15051 MiB, 143771 MiB
2026/08/14 01:19:50.523, NVIDIA H200, 38, 100 %, 25 %, 15051 MiB, 143771 MiB
2026/08/14 01:19:53.523, NVIDIA H200, 37, 97 %, 26 %, 15051 MiB, 143771 MiB
2026/08/14 01:19:56.523, NVIDIA H200, 38, 99 %, 33 %, 15051 MiB, 143771 MiB
2026/08/14 01:19:59.524, NVIDIA H200, 37, 99 %, 20 %, 15051 MiB, 143771 MiB
2026/08/14 01:20:02.524, NVIDIA H200, 36, 97 %, 29 %, 15051 MiB, 143771 MiB
2026/08/14 01:20:05.524, NVIDIA H200, 37, 98 %, 30 %, 15051 MiB, 143771 MiB
2026/08/14 01:20:08.524, NVIDIA H200, 36, 99 %, 25 %, 15051 MiB, 143771 MiB
2026/08/14 01:20:11.525, NVIDIA H200, 37, 99 %, 31 %, 15051 MiB, 143771 MiB
2026/08/14 01:20:14.525, NVIDIA H200, 37, 99 %, 24 %, 15051 MiB, 143771 MiB
2026/08/14 01:20:17.525, NVIDIA H200, 37, 97 %, 26 %, 15051 MiB, 143771 MiB
2026/08/14 01:20:20.526, NVIDIA H200, 38, 98 %, 32 %, 15051 MiB, 143771 MiB
2026/08/14 01:20:23.526, NVIDIA H200, 37, 99 %, 21 %, 15051 MiB, 143771 MiB
2026/08/14 01:20:26.526, NVIDIA H200, 36, 98 %, 30 %, 15051 MiB, 143771 MiB
2026/08/14 01:20:29.526, NVIDIA H200, 32, 62 %, 16 %, 15051 MiB, 143771 MiB
2026/08/14 01:20:32.527, NVIDIA H200, 34, 76 %, 26 %, 15051 MiB, 143771 MiB
2026/08/14 01:20:35.527, NVIDIA H200, 26, 6 %, 0 %, 15051 MiB, 143771 MiB
2026/08/14 01:20:38.527, NVIDIA H200, 36, 99 %, 29 %, 15051 MiB, 143771 MiB
2026/08/14 01:20:41.528, NVIDIA H200, 36, 99 %, 25 %, 15051 MiB, 143771 MiB
2026/08/14 01:20:44.528, NVIDIA H200, 36, 98 %, 31 %, 15051 MiB, 143771 MiB
2026/08/14 01:20:47.528, NVIDIA H200, 38, 100 %, 23 %, 15051 MiB, 143771 MiB
2026/08/14 01:20:50.529, NVIDIA H200, 37, 97 %, 27 %, 15051 MiB, 143771 MiB
2026/08/14 01:20:53.529, NVIDIA H200, 37, 98 %, 33 %, 15051 MiB, 143771 MiB
2026/08/14 01:20:56.529, NVIDIA H200, 37, 99 %, 22 %, 15051 MiB, 143771 MiB
2026/08/14 01:20:59.530, NVIDIA H200, 36, 98 %, 28 %, 15051 MiB, 143771 MiB
2026/08/14 01:21:02.530, NVIDIA H200, 38, 98 %, 30 %, 15051 MiB, 143771 MiB
2026/08/14 01:21:05.530, NVIDIA H200, 36, 99 %, 24 %, 15051 MiB, 143771 MiB
2026/08/14 01:21:08.530, NVIDIA H200, 36, 98 %, 30 %, 15051 MiB, 143771 MiB
2026/08/14 01:21:11.531, NVIDIA H200, 38, 100 %, 25 %, 15051 MiB, 143771 MiB
2026/08/14 01:21:14.531, NVIDIA H200, 36, 99 %, 26 %, 15051 MiB, 143771 MiB
2026/08/14 01:21:17.531, NVIDIA H200, 37, 98 %, 32 %, 15051 MiB, 143771 MiB
2026/08/14 01:21:20.532, NVIDIA H200, 37, 99 %, 22 %, 15051 MiB, 143771 MiB
2026/08/14 01:21:23.532, NVIDIA H200, 36, 98 %, 27 %, 15051 MiB, 143771 MiB
2026/08/14 01:21:26.532, NVIDIA H200, 38, 98 %, 31 %, 15051 MiB, 143771 MiB
2026/08/14 01:21:29.533, NVIDIA H200, 36, 99 %, 24 %, 15051 MiB, 143771 MiB
2026/08/14 01:21:32.533, NVIDIA H200, 36, 97 %, 31 %, 15051 MiB, 143771 MiB
2026/08/14 01:21:35.533, NVIDIA H200, 38, 100 %, 27 %, 15051 MiB, 143771 MiB
2026/08/14 01:21:38.534, NVIDIA H200, 36, 98 %, 23 %, 15051 MiB, 143771 MiB
2026/08/14 01:21:41.534, NVIDIA H200, 36, 97 %, 30 %, 15051 MiB, 143771 MiB
2026/08/14 01:21:44.534, NVIDIA H200, 38, 100 %, 25 %, 15051 MiB, 143771 MiB
2026/08/14 01:21:47.535, NVIDIA H200, 36, 99 %, 26 %, 15051 MiB, 143771 MiB
2026/08/14 01:21:50.535, NVIDIA H200, 37, 97 %, 32 %, 15051 MiB, 143771 MiB
2026/08/14 01:21:53.535, NVIDIA H200, 37, 99 %, 24 %, 15051 MiB, 143771 MiB
2026/08/14 01:21:56.536, NVIDIA H200, 37, 98 %, 27 %, 15051 MiB, 143771 MiB
2026/08/14 01:21:59.536, NVIDIA H200, 38, 98 %, 33 %, 15051 MiB, 143771 MiB
2026/08/14 01:22:02.536, NVIDIA H200, 38, 100 %, 23 %, 15051 MiB, 143771 MiB
2026/08/14 01:22:05.537, NVIDIA H200, 36, 99 %, 24 %, 15051 MiB, 143771 MiB
2026/08/14 01:22:08.537, NVIDIA H200, 36, 96 %, 31 %, 15051 MiB, 143771 MiB
2026/08/14 01:22:11.537, NVIDIA H200, 38, 100 %, 24 %, 15051 MiB, 143771 MiB
2026/08/14 01:22:14.537, NVIDIA H200, 36, 99 %, 26 %, 15051 MiB, 143771 MiB
2026/08/14 01:22:17.538, NVIDIA H200, 37, 99 %, 33 %, 15051 MiB, 143771 MiB
2026/08/14 01:22:20.538, NVIDIA H200, 38, 99 %, 24 %, 15051 MiB, 143771 MiB
2026/08/14 01:22:23.538, NVIDIA H200, 37, 98 %, 26 %, 15051 MiB, 143771 MiB
2026/08/14 01:22:26.539, NVIDIA H200, 38, 98 %, 33 %, 15051 MiB, 143771 MiB
2026/08/14 01:22:29.539, NVIDIA H200, 37, 99 %, 34 %, 15051 MiB, 143771 MiB
2026/08/14 01:22:32.539, NVIDIA H200, 36, 99 %, 20 %, 15051 MiB, 143771 MiB
2026/08/14 01:22:35.540, NVIDIA H200, 38, 98 %, 30 %, 15051 MiB, 143771 MiB
2026/08/14 01:22:38.540, NVIDIA H200, 28, 0 %, 0 %, 15051 MiB, 143771 MiB
2026/08/14 01:22:41.540, NVIDIA H200, 35, 79 %, 24 %, 15051 MiB, 143771 MiB
2026/08/14 01:22:44.541, NVIDIA H200, 29, 0 %, 0 %, 15051 MiB, 143771 MiB
2026/08/14 01:22:47.541, NVIDIA H200, 37, 99 %, 31 %, 15051 MiB, 143771 MiB
2026/08/14 01:22:50.541, NVIDIA H200, 36, 100 %, 24 %, 15051 MiB, 143771 MiB
2026/08/14 01:22:53.542, NVIDIA H200, 38, 98 %, 27 %, 15051 MiB, 143771 MiB
2026/08/14 01:22:56.542, NVIDIA H200, 37, 98 %, 33 %, 15051 MiB, 143771 MiB
2026/08/14 01:22:59.542, NVIDIA H200, 36, 99 %, 22 %, 15051 MiB, 143771 MiB
2026/08/14 01:23:02.543, NVIDIA H200, 37, 98 %, 27 %, 15051 MiB, 143771 MiB
2026/08/14 01:23:05.543, NVIDIA H200, 36, 98 %, 30 %, 15051 MiB, 143771 MiB
2026/08/14 01:23:08.543, NVIDIA H200, 36, 99 %, 23 %, 15051 MiB, 143771 MiB
2026/08/14 01:23:11.544, NVIDIA H200, 38, 97 %, 26 %, 15051 MiB, 143771 MiB
2026/08/14 01:23:14.544, NVIDIA H200, 36, 98 %, 32 %, 15051 MiB, 143771 MiB
2026/08/14 01:23:17.544, NVIDIA H200, 36, 99 %, 21 %, 15051 MiB, 143771 MiB
2026/08/14 01:23:20.545, NVIDIA H200, 38, 97 %, 26 %, 15051 MiB, 143771 MiB
2026/08/14 01:23:23.545, NVIDIA H200, 38, 98 %, 31 %, 15051 MiB, 143771 MiB
2026/08/14 01:23:26.545, NVIDIA H200, 37, 100 %, 24 %, 15051 MiB, 143771 MiB
2026/08/14 01:23:29.546, NVIDIA H200, 38, 99 %, 26 %, 15051 MiB, 143771 MiB
2026/08/14 01:23:32.546, NVIDIA H200, 38, 98 %, 35 %, 15051 MiB, 143771 MiB
2026/08/14 01:23:35.546, NVIDIA H200, 36, 100 %, 23 %, 15051 MiB, 143771 MiB
2026/08/14 01:23:38.547, NVIDIA H200, 38, 98 %, 27 %, 15051 MiB, 143771 MiB
2026/08/14 01:23:41.547, NVIDIA H200, 36, 98 %, 31 %, 15051 MiB, 143771 MiB
2026/08/14 01:23:44.547, NVIDIA H200, 37, 99 %, 22 %, 15051 MiB, 143771 MiB
2026/08/14 01:23:47.548, NVIDIA H200, 39, 97 %, 30 %, 15051 MiB, 143771 MiB
2026/08/14 01:23:50.548, NVIDIA H200, 37, 98 %, 29 %, 15051 MiB, 143771 MiB
2026/08/14 01:23:53.548, NVIDIA H200, 37, 99 %, 22 %, 15051 MiB, 143771 MiB
2026/08/14 01:23:56.549, NVIDIA H200, 37, 97 %, 27 %, 15051 MiB, 143771 MiB
2026/08/14 01:23:59.549, NVIDIA H200, 37, 98 %, 31 %, 15051 MiB, 143771 MiB
2026/08/14 01:24:02.549, NVIDIA H200, 37, 99 %, 22 %, 15051 MiB, 143771 MiB
2026/08/14 01:24:05.549, NVIDIA H200, 39, 98 %, 30 %, 15051 MiB, 143771 MiB
2026/08/14 01:24:08.550, NVIDIA H200, 37, 99 %, 28 %, 15051 MiB, 143771 MiB
2026/08/14 01:24:11.550, NVIDIA H200, 38, 99 %, 24 %, 15051 MiB, 143771 MiB
2026/08/14 01:24:14.550, NVIDIA H200, 37, 98 %, 32 %, 15051 MiB, 143771 MiB
2026/08/14 01:24:17.551, NVIDIA H200, 38, 100 %, 23 %, 15051 MiB, 143771 MiB
2026/08/14 01:24:20.551, NVIDIA H200, 37, 98 %, 27 %, 15051 MiB, 143771 MiB
2026/08/14 01:24:23.551, NVIDIA H200, 38, 98 %, 34 %, 15051 MiB, 143771 MiB
2026/08/14 01:24:26.552, NVIDIA H200, 38, 99 %, 21 %, 15051 MiB, 143771 MiB
2026/08/14 01:24:29.552, NVIDIA H200, 37, 99 %, 25 %, 15051 MiB, 143771 MiB
2026/08/14 01:24:32.552, NVIDIA H200, 37, 98 %, 32 %, 15051 MiB, 143771 MiB
2026/08/14 01:24:35.553, NVIDIA H200, 38, 100 %, 23 %, 15051 MiB, 143771 MiB
2026/08/14 01:24:38.553, NVIDIA H200, 38, 97 %, 27 %, 15051 MiB, 143771 MiB
2026/08/14 01:24:41.553, NVIDIA H200, 39, 98 %, 32 %, 15051 MiB, 143771 MiB
2026/08/14 01:24:44.554, NVIDIA H200, 38, 100 %, 21 %, 15051 MiB, 143771 MiB
2026/08/14 01:24:47.554, NVIDIA H200, 33, 67 %, 17 %, 15051 MiB, 143771 MiB
2026/08/14 01:24:50.554, NVIDIA H200, 35, 74 %, 19 %, 15051 MiB, 143771 MiB
2026/08/14 01:24:53.555, NVIDIA H200, 27, 0 %, 0 %, 15051 MiB, 143771 MiB
2026/08/14 01:24:56.555, NVIDIA H200, 37, 98 %, 30 %, 15051 MiB, 143771 MiB
2026/08/14 01:24:59.555, NVIDIA H200, 38, 99 %, 28 %, 15051 MiB, 143771 MiB
2026/08/14 01:25:02.556, NVIDIA H200, 37, 99 %, 24 %, 15051 MiB, 143771 MiB
2026/08/14 01:25:05.556, NVIDIA H200, 37, 98 %, 31 %, 15051 MiB, 143771 MiB
2026/08/14 01:25:08.556, NVIDIA H200, 39, 100 %, 23 %, 15051 MiB, 143771 MiB
2026/08/14 01:25:11.557, NVIDIA H200, 37, 97 %, 26 %, 15051 MiB, 143771 MiB
2026/08/14 01:25:14.557, NVIDIA H200, 38, 98 %, 34 %, 15051 MiB, 143771 MiB
2026/08/14 01:25:17.557, NVIDIA H200, 38, 99 %, 22 %, 15051 MiB, 143771 MiB
2026/08/14 01:25:20.557, NVIDIA H200, 37, 98 %, 29 %, 15051 MiB, 143771 MiB
2026/08/14 01:25:23.558, NVIDIA H200, 39, 98 %, 31 %, 15051 MiB, 143771 MiB
2026/08/14 01:25:26.558, NVIDIA H200, 37, 99 %, 24 %, 15051 MiB, 143771 MiB
2026/08/14 01:25:29.558, NVIDIA H200, 37, 98 %, 31 %, 15051 MiB, 143771 MiB
2026/08/14 01:25:32.559, NVIDIA H200, 40, 100 %, 24 %, 15051 MiB, 143771 MiB
2026/08/14 01:25:35.559, NVIDIA H200, 37, 99 %, 26 %, 15051 MiB, 143771 MiB
2026/08/14 01:25:38.559, NVIDIA H200, 38, 98 %, 35 %, 15051 MiB, 143771 MiB
2026/08/14 01:25:41.560, NVIDIA H200, 39, 99 %, 22 %, 15051 MiB, 143771 MiB
2026/08/14 01:25:44.560, NVIDIA H200, 37, 98 %, 26 %, 15051 MiB, 143771 MiB
2026/08/14 01:25:47.560, NVIDIA H200, 39, 98 %, 32 %, 15051 MiB, 143771 MiB
2026/08/14 01:25:50.561, NVIDIA H200, 38, 99 %, 21 %, 15051 MiB, 143771 MiB
2026/08/14 01:25:53.561, NVIDIA H200, 37, 98 %, 31 %, 15051 MiB, 143771 MiB
2026/08/14 01:25:56.561, NVIDIA H200, 37, 98 %, 33 %, 15051 MiB, 143771 MiB
2026/08/14 01:25:59.562, NVIDIA H200, 38, 99 %, 20 %, 15051 MiB, 143771 MiB
2026/08/14 01:26:02.562, NVIDIA H200, 39, 98 %, 31 %, 15051 MiB, 143771 MiB
2026/08/14 01:26:05.562, NVIDIA H200, 37, 100 %, 26 %, 15051 MiB, 143771 MiB
2026/08/14 01:26:08.563, NVIDIA H200, 38, 99 %, 25 %, 15051 MiB, 143771 MiB
2026/08/14 01:26:11.563, NVIDIA H200, 37, 98 %, 32 %, 15051 MiB, 143771 MiB
2026/08/14 01:26:14.563, NVIDIA H200, 38, 99 %, 25 %, 15051 MiB, 143771 MiB
2026/08/14 01:26:17.564, NVIDIA H200, 40, 98 %, 28 %, 15051 MiB, 143771 MiB
2026/08/14 01:26:20.564, NVIDIA H200, 37, 99 %, 32 %, 15051 MiB, 143771 MiB
2026/08/14 01:26:23.564, NVIDIA H200, 38, 99 %, 21 %, 15051 MiB, 143771 MiB
2026/08/14 01:26:26.565, NVIDIA H200, 39, 98 %, 29 %, 15051 MiB, 143771 MiB
2026/08/14 01:26:29.565, NVIDIA H200, 37, 98 %, 29 %, 15051 MiB, 143771 MiB
2026/08/14 01:26:32.565, NVIDIA H200, 39, 99 %, 25 %, 15051 MiB, 143771 MiB
2026/08/14 01:26:35.565, NVIDIA H200, 37, 99 %, 30 %, 15051 MiB, 143771 MiB
2026/08/14 01:26:38.566, NVIDIA H200, 37, 100 %, 23 %, 15051 MiB, 143771 MiB
2026/08/14 01:26:41.566, NVIDIA H200, 40, 97 %, 27 %, 15051 MiB, 143771 MiB
2026/08/14 01:26:44.566, NVIDIA H200, 37, 98 %, 33 %, 15051 MiB, 143771 MiB
2026/08/14 01:26:47.567, NVIDIA H200, 38, 99 %, 21 %, 15051 MiB, 143771 MiB
2026/08/14 01:26:50.567, NVIDIA H200, 39, 98 %, 29 %, 15051 MiB, 143771 MiB
2026/08/14 01:26:53.568, NVIDIA H200, 37, 99 %, 31 %, 15051 MiB, 143771 MiB
2026/08/14 01:26:56.568, NVIDIA H200, 35, 74 %, 25 %, 15051 MiB, 143771 MiB
2026/08/14 01:26:59.568, NVIDIA H200, 34, 71 %, 23 %, 15051 MiB, 143771 MiB
2026/08/14 01:27:02.569, NVIDIA H200, 27, 4 %, 0 %, 15051 MiB, 143771 MiB
2026/08/14 01:27:05.569, NVIDIA H200, 26, 0 %, 0 %, 15051 MiB, 143771 MiB
2026/08/14 01:27:08.569, NVIDIA H200, 25, 0 %, 0 %, 15051 MiB, 143771 MiB
2026/08/14 01:27:11.570, NVIDIA H200, 33, 99 %, 34 %, 15051 MiB, 143771 MiB
2026/08/14 01:27:14.570, NVIDIA H200, 37, 98 %, 31 %, 15051 MiB, 143771 MiB
2026/08/14 01:27:17.570, NVIDIA H200, 39, 99 %, 25 %, 15051 MiB, 143771 MiB
2026/08/14 01:27:20.571, NVIDIA H200, 37, 98 %, 31 %, 15051 MiB, 143771 MiB
2026/08/14 01:27:23.571, NVIDIA H200, 37, 100 %, 23 %, 15051 MiB, 143771 MiB
2026/08/14 01:27:26.571, NVIDIA H200, 39, 98 %, 26 %, 15051 MiB, 143771 MiB
2026/08/14 01:27:29.572, NVIDIA H200, 37, 98 %, 34 %, 15051 MiB, 143771 MiB
2026/08/14 01:27:32.572, NVIDIA H200, 38, 99 %, 22 %, 15051 MiB, 143771 MiB
2026/08/14 01:27:35.572, NVIDIA H200, 39, 98 %, 27 %, 15051 MiB, 143771 MiB
2026/08/14 01:27:38.573, NVIDIA H200, 38, 98 %, 31 %, 15051 MiB, 143771 MiB
2026/08/14 01:27:41.573, NVIDIA H200, 39, 99 %, 24 %, 15051 MiB, 143771 MiB
2026/08/14 01:27:44.573, NVIDIA H200, 39, 97 %, 26 %, 15051 MiB, 143771 MiB
2026/08/14 01:27:47.574, NVIDIA H200, 38, 99 %, 25 %, 15051 MiB, 143771 MiB
2026/08/14 01:27:50.574, NVIDIA H200, 38, 98 %, 32 %, 15051 MiB, 143771 MiB
2026/08/14 01:27:53.574, NVIDIA H200, 39, 100 %, 25 %, 15051 MiB, 143771 MiB
2026/08/14 01:27:56.574, NVIDIA H200, 38, 98 %, 26 %, 15051 MiB, 143771 MiB
2026/08/14 01:27:59.575, NVIDIA H200, 39, 98 %, 34 %, 15051 MiB, 143771 MiB
2026/08/14 01:28:02.575, NVIDIA H200, 39, 99 %, 22 %, 15051 MiB, 143771 MiB
2026/08/14 01:28:05.575, NVIDIA H200, 37, 97 %, 26 %, 15051 MiB, 143771 MiB
2026/08/14 01:28:08.576, NVIDIA H200, 39, 98 %, 31 %, 15051 MiB, 143771 MiB
2026/08/14 01:28:11.576, NVIDIA H200, 38, 99 %, 22 %, 15051 MiB, 143771 MiB
2026/08/14 01:28:14.576, NVIDIA H200, 38, 97 %, 29 %, 15051 MiB, 143771 MiB
2026/08/14 01:28:17.577, NVIDIA H200, 38, 99 %, 30 %, 15051 MiB, 143771 MiB
2026/08/14 01:28:20.577, NVIDIA H200, 38, 99 %, 21 %, 15051 MiB, 143771 MiB
2026/08/14 01:28:23.577, NVIDIA H200, 38, 98 %, 29 %, 15051 MiB, 143771 MiB
2026/08/14 01:28:26.577, NVIDIA H200, 38, 98 %, 29 %, 15051 MiB, 143771 MiB
2026/08/14 01:28:29.577, NVIDIA H200, 37, 99 %, 26 %, 15051 MiB, 143771 MiB
2026/08/14 01:28:32.578, NVIDIA H200, 37, 98 %, 31 %, 15051 MiB, 143771 MiB
2026/08/14 01:28:35.578, NVIDIA H200, 39, 100 %, 27 %, 15051 MiB, 143771 MiB
2026/08/14 01:28:38.578, NVIDIA H200, 37, 99 %, 26 %, 15051 MiB, 143771 MiB
2026/08/14 01:28:41.578, NVIDIA H200, 38, 98 %, 31 %, 15051 MiB, 143771 MiB
2026/08/14 01:28:44.579, NVIDIA H200, 39, 99 %, 24 %, 15051 MiB, 143771 MiB
2026/08/14 01:28:47.579, NVIDIA H200, 38, 98 %, 27 %, 15051 MiB, 143771 MiB
2026/08/14 01:28:50.579, NVIDIA H200, 39, 98 %, 33 %, 15051 MiB, 143771 MiB
2026/08/14 01:28:53.579, NVIDIA H200, 39, 99 %, 21 %, 15051 MiB, 143771 MiB
2026/08/14 01:28:56.580, NVIDIA H200, 37, 98 %, 27 %, 15051 MiB, 143771 MiB
2026/08/14 01:28:59.580, NVIDIA H200, 39, 98 %, 31 %, 15051 MiB, 143771 MiB
2026/08/14 01:29:02.580, NVIDIA H200, 38, 99 %, 22 %, 15051 MiB, 143771 MiB
2026/08/14 01:29:05.580, NVIDIA H200, 37, 98 %, 31 %, 15051 MiB, 143771 MiB
2026/08/14 01:29:08.580, NVIDIA H200, 39, 98 %, 32 %, 15051 MiB, 143771 MiB
2026/08/14 01:29:11.581, NVIDIA H200, 32, 5 %, 3 %, 15051 MiB, 143771 MiB
2026/08/14 01:29:14.581, NVIDIA H200, 36, 65 %, 18 %, 15051 MiB, 143771 MiB
2026/08/14 01:29:17.581, NVIDIA H200, 37, 75 %, 22 %, 15051 MiB, 143771 MiB
2026/08/14 01:29:20.582, NVIDIA H200, 36, 86 %, 20 %, 15051 MiB, 143771 MiB
2026/08/14 01:29:23.582, NVIDIA H200, 37, 97 %, 29 %, 15051 MiB, 143771 MiB
2026/08/14 01:29:26.582, NVIDIA H200, 38, 98 %, 30 %, 15051 MiB, 143771 MiB
2026/08/14 01:29:29.583, NVIDIA H200, 37, 99 %, 24 %, 15051 MiB, 143771 MiB
2026/08/14 01:29:32.583, NVIDIA H200, 38, 98 %, 31 %, 15051 MiB, 143771 MiB
2026/08/14 01:29:35.583, NVIDIA H200, 37, 100 %, 25 %, 15051 MiB, 143771 MiB
2026/08/14 01:29:38.583, NVIDIA H200, 38, 99 %, 25 %, 15051 MiB, 143771 MiB
2026/08/14 01:29:41.584, NVIDIA H200, 37, 98 %, 31 %, 15051 MiB, 143771 MiB
2026/08/14 01:29:44.584, NVIDIA H200, 37, 100 %, 25 %, 15051 MiB, 143771 MiB
2026/08/14 01:29:47.584, NVIDIA H200, 40, 97 %, 27 %, 15051 MiB, 143771 MiB
2026/08/14 01:29:50.585, NVIDIA H200, 37, 98 %, 32 %, 15051 MiB, 143771 MiB
2026/08/14 01:29:53.585, NVIDIA H200, 37, 100 %, 25 %, 15051 MiB, 143771 MiB
2026/08/14 01:29:56.585, NVIDIA H200, 40, 98 %, 27 %, 15051 MiB, 143771 MiB
2026/08/14 01:29:59.586, NVIDIA H200, 37, 98 %, 33 %, 15051 MiB, 143771 MiB
2026/08/14 01:30:02.586, NVIDIA H200, 38, 99 %, 22 %, 15051 MiB, 143771 MiB
2026/08/14 01:30:05.586, NVIDIA H200, 39, 99 %, 22 %, 15051 MiB, 143771 MiB
2026/08/14 01:30:08.586, NVIDIA H200, 39, 98 %, 30 %, 15051 MiB, 143771 MiB
2026/08/14 01:30:11.587, NVIDIA H200, 37, 99 %, 28 %, 15051 MiB, 143771 MiB
2026/08/14 01:30:14.587, NVIDIA H200, 38, 98 %, 24 %, 15051 MiB, 143771 MiB
2026/08/14 01:30:17.587, NVIDIA H200, 37, 98 %, 31 %, 15051 MiB, 143771 MiB
2026/08/14 01:30:20.588, NVIDIA H200, 37, 100 %, 24 %, 15051 MiB, 143771 MiB
2026/08/14 01:30:23.588, NVIDIA H200, 39, 98 %, 27 %, 15051 MiB, 143771 MiB
2026/08/14 01:30:26.588, NVIDIA H200, 37, 98 %, 33 %, 15051 MiB, 143771 MiB
2026/08/14 01:30:29.589, NVIDIA H200, 38, 99 %, 22 %, 15051 MiB, 143771 MiB
2026/08/14 01:30:32.589, NVIDIA H200, 38, 98 %, 28 %, 15051 MiB, 143771 MiB
2026/08/14 01:30:35.589, NVIDIA H200, 37, 99 %, 30 %, 15051 MiB, 143771 MiB
2026/08/14 01:30:38.590, NVIDIA H200, 38, 89 %, 19 %, 15051 MiB, 143771 MiB
2026/08/14 01:30:41.590, NVIDIA H200, 39, 98 %, 26 %, 15051 MiB, 143771 MiB
2026/08/14 01:30:44.590, NVIDIA H200, 37, 98 %, 34 %, 15051 MiB, 143771 MiB
2026/08/14 01:30:47.590, NVIDIA H200, 38, 99 %, 22 %, 15051 MiB, 143771 MiB
2026/08/14 01:30:50.591, NVIDIA H200, 39, 97 %, 27 %, 15051 MiB, 143771 MiB
2026/08/14 01:30:53.591, NVIDIA H200, 38, 99 %, 31 %, 15051 MiB, 143771 MiB
2026/08/14 01:30:56.591, NVIDIA H200, 39, 99 %, 23 %, 15051 MiB, 143771 MiB
2026/08/14 01:30:59.592, NVIDIA H200, 38, 97 %, 31 %, 15051 MiB, 143771 MiB
2026/08/14 01:31:02.592, NVIDIA H200, 38, 99 %, 27 %, 15051 MiB, 143771 MiB
2026/08/14 01:31:05.592, NVIDIA H200, 38, 99 %, 25 %, 15051 MiB, 143771 MiB
2026/08/14 01:31:08.592, NVIDIA H200, 37, 98 %, 32 %, 15051 MiB, 143771 MiB
2026/08/14 01:31:11.593, NVIDIA H200, 37, 100 %, 24 %, 15051 MiB, 143771 MiB
2026/08/14 01:31:14.593, NVIDIA H200, 38, 99 %, 22 %, 15051 MiB, 143771 MiB
2026/08/14 01:31:17.593, NVIDIA H200, 39, 98 %, 26 %, 15051 MiB, 143771 MiB
2026/08/14 01:31:20.594, NVIDIA H200, 28, 0 %, 0 %, 15051 MiB, 143771 MiB
2026/08/14 01:31:23.594, NVIDIA H200, 33, 78 %, 20 %, 15051 MiB, 143771 MiB
2026/08/14 01:31:26.594, NVIDIA H200, 28, 5 %, 0 %, 15051 MiB, 143771 MiB
2026/08/14 01:31:29.595, NVIDIA H200, 35, 94 %, 29 %, 15051 MiB, 143771 MiB
2026/08/14 01:31:32.595, NVIDIA H200, 37, 100 %, 25 %, 15051 MiB, 143771 MiB
2026/08/14 01:31:35.595, NVIDIA H200, 38, 99 %, 25 %, 15051 MiB, 143771 MiB
2026/08/14 01:31:38.596, NVIDIA H200, 37, 98 %, 31 %, 15051 MiB, 143771 MiB
2026/08/14 01:31:41.596, NVIDIA H200, 37, 100 %, 23 %, 15051 MiB, 143771 MiB
2026/08/14 01:31:44.596, NVIDIA H200, 39, 98 %, 26 %, 15051 MiB, 143771 MiB
2026/08/14 01:31:47.598, NVIDIA H200, 38, 98 %, 30 %, 15051 MiB, 143771 MiB
2026/08/14 01:31:50.598, NVIDIA H200, 37, 98 %, 30 %, 15051 MiB, 143771 MiB
2026/08/14 01:31:53.598, NVIDIA H200, 39, 99 %, 24 %, 15051 MiB, 143771 MiB
2026/08/14 01:31:56.599, NVIDIA H200, 38, 98 %, 30 %, 15051 MiB, 143771 MiB
2026/08/14 01:31:59.599, NVIDIA H200, 37, 99 %, 27 %, 15051 MiB, 143771 MiB
2026/08/14 01:32:02.599, NVIDIA H200, 39, 99 %, 25 %, 15051 MiB, 143771 MiB
2026/08/14 01:32:05.600, NVIDIA H200, 37, 97 %, 31 %, 15051 MiB, 143771 MiB
2026/08/14 01:32:08.600, NVIDIA H200, 37, 100 %, 24 %, 15051 MiB, 143771 MiB
2026/08/14 01:32:11.600, NVIDIA H200, 38, 99 %, 26 %, 15051 MiB, 143771 MiB
2026/08/14 01:32:14.600, NVIDIA H200, 37, 98 %, 31 %, 15051 MiB, 143771 MiB
2026/08/14 01:32:17.601, NVIDIA H200, 37, 98 %, 24 %, 15051 MiB, 143771 MiB
2026/08/14 01:32:20.601, NVIDIA H200, 39, 95 %, 24 %, 15051 MiB, 143771 MiB
2026/08/14 01:32:23.601, NVIDIA H200, 38, 97 %, 29 %, 15051 MiB, 143771 MiB
2026/08/14 01:32:26.602, NVIDIA H200, 37, 99 %, 30 %, 15051 MiB, 143771 MiB
2026/08/14 01:32:29.602, NVIDIA H200, 39, 99 %, 25 %, 15051 MiB, 143771 MiB
2026/08/14 01:32:32.602, NVIDIA H200, 38, 98 %, 32 %, 15051 MiB, 143771 MiB
2026/08/14 01:32:35.603, NVIDIA H200, 37, 100 %, 24 %, 15051 MiB, 143771 MiB
2026/08/14 01:32:38.603, NVIDIA H200, 38, 99 %, 25 %, 15051 MiB, 143771 MiB
2026/08/14 01:32:41.603, NVIDIA H200, 38, 98 %, 30 %, 15051 MiB, 143771 MiB
2026/08/14 01:32:44.604, NVIDIA H200, 37, 99 %, 28 %, 15051 MiB, 143771 MiB
2026/08/14 01:32:47.604, NVIDIA H200, 39, 99 %, 25 %, 15051 MiB, 143771 MiB
2026/08/14 01:32:50.604, NVIDIA H200, 38, 89 %, 28 %, 15051 MiB, 143771 MiB
2026/08/14 01:32:53.605, NVIDIA H200, 37, 99 %, 27 %, 15051 MiB, 143771 MiB
2026/08/14 01:32:56.605, NVIDIA H200, 38, 98 %, 34 %, 15051 MiB, 143771 MiB
2026/08/14 01:32:59.605, NVIDIA H200, 39, 100 %, 24 %, 15051 MiB, 143771 MiB
2026/08/14 01:33:02.605, NVIDIA H200, 37, 98 %, 26 %, 15051 MiB, 143771 MiB
2026/08/14 01:33:05.606, NVIDIA H200, 38, 98 %, 34 %, 15051 MiB, 143771 MiB
2026/08/14 01:33:08.606, NVIDIA H200, 39, 99 %, 23 %, 15051 MiB, 143771 MiB
2026/08/14 01:33:11.606, NVIDIA H200, 38, 97 %, 27 %, 15051 MiB, 143771 MiB
2026/08/14 01:33:14.607, NVIDIA H200, 39, 98 %, 33 %, 15051 MiB, 143771 MiB
2026/08/14 01:33:17.607, NVIDIA H200, 38, 99 %, 21 %, 15051 MiB, 143771 MiB
2026/08/14 01:33:20.607, NVIDIA H200, 37, 97 %, 29 %, 15051 MiB, 143771 MiB
2026/08/14 01:33:23.608, NVIDIA H200, 39, 96 %, 31 %, 15051 MiB, 143771 MiB
2026/08/14 01:33:26.608, NVIDIA H200, 38, 99 %, 21 %, 15051 MiB, 143771 MiB
2026/08/14 01:33:29.608, NVIDIA H200, 38, 98 %, 29 %, 15051 MiB, 143771 MiB
2026/08/14 01:33:32.609, NVIDIA H200, 35, 61 %, 18 %, 15051 MiB, 143771 MiB
2026/08/14 01:33:35.609, NVIDIA H200, 36, 81 %, 21 %, 15051 MiB, 143771 MiB
2026/08/14 01:33:38.609, NVIDIA H200, 26, 0 %, 0 %, 15051 MiB, 143771 MiB
2026/08/14 01:33:41.610, NVIDIA H200, 37, 99 %, 25 %, 15051 MiB, 143771 MiB
2026/08/14 01:33:44.610, NVIDIA H200, 38, 98 %, 31 %, 15051 MiB, 143771 MiB
2026/08/14 01:33:47.610, NVIDIA H200, 38, 100 %, 24 %, 15051 MiB, 143771 MiB
2026/08/14 01:33:50.611, NVIDIA H200, 39, 98 %, 26 %, 15051 MiB, 143771 MiB
2026/08/14 01:33:53.611, NVIDIA H200, 38, 98 %, 34 %, 15051 MiB, 143771 MiB
2026/08/14 01:33:56.611, NVIDIA H200, 37, 99 %, 23 %, 15051 MiB, 143771 MiB
2026/08/14 01:33:59.611, NVIDIA H200, 39, 98 %, 27 %, 15051 MiB, 143771 MiB
2026/08/14 01:34:02.612, NVIDIA H200, 37, 98 %, 33 %, 15051 MiB, 143771 MiB
2026/08/14 01:34:05.612, NVIDIA H200, 37, 99 %, 21 %, 15051 MiB, 143771 MiB
2026/08/14 01:34:08.612, NVIDIA H200, 38, 97 %, 28 %, 15051 MiB, 143771 MiB
2026/08/14 01:34:11.613, NVIDIA H200, 37, 98 %, 31 %, 15051 MiB, 143771 MiB
2026/08/14 01:34:14.613, NVIDIA H200, 38, 99 %, 25 %, 15051 MiB, 143771 MiB
2026/08/14 01:34:17.613, NVIDIA H200, 38, 98 %, 31 %, 15051 MiB, 143771 MiB
2026/08/14 01:34:20.614, NVIDIA H200, 38, 100 %, 24 %, 15051 MiB, 143771 MiB
2026/08/14 01:34:23.614, NVIDIA H200, 39, 99 %, 26 %, 15051 MiB, 143771 MiB
2026/08/14 01:34:26.614, NVIDIA H200, 38, 99 %, 33 %, 15051 MiB, 143771 MiB
2026/08/14 01:34:29.615, NVIDIA H200, 37, 99 %, 25 %, 15051 MiB, 143771 MiB
2026/08/14 01:34:32.615, NVIDIA H200, 39, 97 %, 26 %, 15051 MiB, 143771 MiB
2026/08/14 01:34:35.615, NVIDIA H200, 38, 98 %, 34 %, 15051 MiB, 143771 MiB
2026/08/14 01:34:38.616, NVIDIA H200, 39, 99 %, 22 %, 15051 MiB, 143771 MiB
2026/08/14 01:34:41.616, NVIDIA H200, 37, 97 %, 25 %, 15051 MiB, 143771 MiB
2026/08/14 01:34:44.616, NVIDIA H200, 38, 98 %, 35 %, 15051 MiB, 143771 MiB
2026/08/14 01:34:47.617, NVIDIA H200, 39, 99 %, 22 %, 15051 MiB, 143771 MiB
2026/08/14 01:34:50.617, NVIDIA H200, 37, 97 %, 26 %, 15051 MiB, 143771 MiB
2026/08/14 01:34:53.618, NVIDIA H200, 39, 98 %, 31 %, 15051 MiB, 143771 MiB
2026/08/14 01:34:56.618, NVIDIA H200, 39, 100 %, 23 %, 15051 MiB, 143771 MiB
2026/08/14 01:34:59.619, NVIDIA H200, 37, 99 %, 24 %, 15051 MiB, 143771 MiB
2026/08/14 01:35:02.619, NVIDIA H200, 37, 98 %, 31 %, 15051 MiB, 143771 MiB
2026/08/14 01:35:05.619, NVIDIA H200, 38, 99 %, 28 %, 15051 MiB, 143771 MiB
2026/08/14 01:35:08.620, NVIDIA H200, 37, 99 %, 24 %, 15051 MiB, 143771 MiB
2026/08/14 01:35:11.620, NVIDIA H200, 38, 98 %, 31 %, 15051 MiB, 143771 MiB
2026/08/14 01:35:14.620, NVIDIA H200, 39, 100 %, 23 %, 15051 MiB, 143771 MiB
2026/08/14 01:35:17.620, NVIDIA H200, 37, 98 %, 26 %, 15051 MiB, 143771 MiB
2026/08/14 01:35:20.621, NVIDIA H200, 38, 98 %, 34 %, 15051 MiB, 143771 MiB
2026/08/14 01:35:23.621, NVIDIA H200, 38, 99 %, 21 %, 15051 MiB, 143771 MiB
2026/08/14 01:35:26.621, NVIDIA H200, 38, 98 %, 30 %, 15051 MiB, 143771 MiB
2026/08/14 01:35:29.622, NVIDIA H200, 38, 98 %, 30 %, 15051 MiB, 143771 MiB
2026/08/14 01:35:32.622, NVIDIA H200, 38, 99 %, 22 %, 15051 MiB, 143771 MiB
2026/08/14 01:35:35.622, NVIDIA H200, 37, 97 %, 28 %, 15051 MiB, 143771 MiB
2026/08/14 01:35:38.623, NVIDIA H200, 39, 99 %, 31 %, 15051 MiB, 143771 MiB
2026/08/14 01:35:41.623, NVIDIA H200, 35, 65 %, 18 %, 15051 MiB, 143771 MiB
2026/08/14 01:35:44.623, NVIDIA H200, 35, 81 %, 21 %, 15051 MiB, 143771 MiB
2026/08/14 01:35:47.624, NVIDIA H200, 26, 0 %, 0 %, 15051 MiB, 143771 MiB
2026/08/14 01:35:50.624, NVIDIA H200, 36, 98 %, 31 %, 15051 MiB, 143771 MiB
2026/08/14 01:35:53.624, NVIDIA H200, 39, 100 %, 24 %, 15051 MiB, 143771 MiB
2026/08/14 01:35:56.625, NVIDIA H200, 37, 99 %, 26 %, 15051 MiB, 143771 MiB
2026/08/14 01:35:59.625, NVIDIA H200, 37, 98 %, 32 %, 15051 MiB, 143771 MiB
2026/08/14 01:36:02.625, NVIDIA H200, 39, 100 %, 25 %, 15051 MiB, 143771 MiB
2026/08/14 01:36:05.626, NVIDIA H200, 37, 99 %, 25 %, 15051 MiB, 143771 MiB
2026/08/14 01:36:08.626, NVIDIA H200, 37, 98 %, 32 %, 15051 MiB, 143771 MiB
2026/08/14 01:36:11.626, NVIDIA H200, 39, 100 %, 23 %, 15051 MiB, 143771 MiB
2026/08/14 01:36:14.627, NVIDIA H200, 37, 97 %, 26 %, 15051 MiB, 143771 MiB
2026/08/14 01:36:17.627, NVIDIA H200, 38, 98 %, 34 %, 15051 MiB, 143771 MiB
2026/08/14 01:36:20.627, NVIDIA H200, 38, 99 %, 22 %, 15051 MiB, 143771 MiB
2026/08/14 01:36:23.628, NVIDIA H200, 37, 99 %, 25 %, 15051 MiB, 143771 MiB
2026/08/14 01:36:26.628, NVIDIA H200, 38, 98 %, 33 %, 15051 MiB, 143771 MiB
2026/08/14 01:36:29.628, NVIDIA H200, 38, 99 %, 23 %, 15051 MiB, 143771 MiB
2026/08/14 01:36:32.629, NVIDIA H200, 38, 98 %, 27 %, 15051 MiB, 143771 MiB
2026/08/14 01:36:35.629, NVIDIA H200, 39, 98 %, 32 %, 15051 MiB, 143771 MiB
2026/08/14 01:36:38.629, NVIDIA H200, 37, 99 %, 23 %, 15051 MiB, 143771 MiB
2026/08/14 01:36:41.629, NVIDIA H200, 37, 98 %, 31 %, 15051 MiB, 143771 MiB
2026/08/14 01:36:44.630, NVIDIA H200, 39, 100 %, 26 %, 15051 MiB, 143771 MiB
2026/08/14 01:36:47.630, NVIDIA H200, 37, 99 %, 25 %, 15051 MiB, 143771 MiB
2026/08/14 01:36:50.630, NVIDIA H200, 37, 98 %, 32 %, 15051 MiB, 143771 MiB
2026/08/14 01:36:53.631, NVIDIA H200, 38, 100 %, 23 %, 15051 MiB, 143771 MiB
2026/08/14 01:36:56.631, NVIDIA H200, 38, 99 %, 21 %, 15051 MiB, 143771 MiB
2026/08/14 01:36:59.631, NVIDIA H200, 37, 98 %, 28 %, 15051 MiB, 143771 MiB
2026/08/14 01:37:02.632, NVIDIA H200, 39, 98 %, 31 %, 15051 MiB, 143771 MiB
2026/08/14 01:37:05.632, NVIDIA H200, 37, 99 %, 21 %, 15051 MiB, 143771 MiB
2026/08/14 01:37:08.632, NVIDIA H200, 37, 98 %, 31 %, 15051 MiB, 143771 MiB
2026/08/14 01:37:11.632, NVIDIA H200, 38, 99 %, 28 %, 15051 MiB, 143771 MiB
2026/08/14 01:37:14.633, NVIDIA H200, 37, 99 %, 24 %, 15051 MiB, 143771 MiB
2026/08/14 01:37:17.633, NVIDIA H200, 37, 98 %, 31 %, 15051 MiB, 143771 MiB
2026/08/14 01:37:20.633, NVIDIA H200, 39, 100 %, 23 %, 15051 MiB, 143771 MiB
2026/08/14 01:37:23.634, NVIDIA H200, 37, 99 %, 26 %, 15051 MiB, 143771 MiB
2026/08/14 01:37:26.634, NVIDIA H200, 38, 98 %, 34 %, 15051 MiB, 143771 MiB
2026/08/14 01:37:29.634, NVIDIA H200, 39, 100 %, 24 %, 15051 MiB, 143771 MiB
2026/08/14 01:37:32.634, NVIDIA H200, 37, 99 %, 25 %, 15051 MiB, 143771 MiB
2026/08/14 01:37:35.635, NVIDIA H200, 37, 98 %, 31 %, 15051 MiB, 143771 MiB
2026/08/14 01:37:38.635, NVIDIA H200, 39, 100 %, 23 %, 15051 MiB, 143771 MiB
2026/08/14 01:37:41.635, NVIDIA H200, 37, 86 %, 21 %, 15051 MiB, 143771 MiB
2026/08/14 01:37:44.636, NVIDIA H200, 37, 98 %, 31 %, 15051 MiB, 143771 MiB
2026/08/14 01:37:47.636, NVIDIA H200, 39, 100 %, 23 %, 15051 MiB, 143771 MiB
2026/08/14 01:37:50.636, NVIDIA H200, 28, 0 %, 0 %, 15051 MiB, 143771 MiB
2026/08/14 01:37:53.637, NVIDIA H200, 33, 76 %, 24 %, 15051 MiB, 143771 MiB
2026/08/14 01:37:56.637, NVIDIA H200, 36, 98 %, 28 %, 15051 MiB, 143771 MiB
2026/08/14 01:37:59.637, NVIDIA H200, 25, 0 %, 0 %, 15051 MiB, 143771 MiB
2026/08/14 01:38:02.637, NVIDIA H200, 25, 0 %, 0 %, 15051 MiB, 143771 MiB
2026/08/14 01:38:05.638, NVIDIA H200, 34, 98 %, 25 %, 15051 MiB, 143771 MiB
2026/08/14 01:38:08.638, NVIDIA H200, 36, 99 %, 24 %, 15051 MiB, 143771 MiB
2026/08/14 01:38:11.638, NVIDIA H200, 38, 97 %, 26 %, 15051 MiB, 143771 MiB
2026/08/14 01:38:14.639, NVIDIA H200, 37, 98 %, 32 %, 15051 MiB, 143771 MiB
2026/08/14 01:38:17.639, NVIDIA H200, 37, 99 %, 21 %, 15051 MiB, 143771 MiB
2026/08/14 01:38:20.639, NVIDIA H200, 37, 97 %, 27 %, 15051 MiB, 143771 MiB
2026/08/14 01:38:23.640, NVIDIA H200, 36, 98 %, 32 %, 15051 MiB, 143771 MiB
2026/08/14 01:38:26.640, NVIDIA H200, 37, 99 %, 22 %, 15051 MiB, 143771 MiB
2026/08/14 01:38:29.640, NVIDIA H200, 39, 98 %, 30 %, 15051 MiB, 143771 MiB
2026/08/14 01:38:32.641, NVIDIA H200, 37, 98 %, 29 %, 15051 MiB, 143771 MiB
2026/08/14 01:38:35.641, NVIDIA H200, 37, 99 %, 25 %, 15051 MiB, 143771 MiB
2026/08/14 01:38:38.641, NVIDIA H200, 39, 96 %, 29 %, 15051 MiB, 143771 MiB
2026/08/14 01:38:41.641, NVIDIA H200, 37, 98 %, 31 %, 15051 MiB, 143771 MiB
2026/08/14 01:38:44.642, NVIDIA H200, 37, 99 %, 24 %, 15051 MiB, 143771 MiB
2026/08/14 01:38:47.642, NVIDIA H200, 38, 98 %, 31 %, 15051 MiB, 143771 MiB
2026/08/14 01:38:50.642, NVIDIA H200, 37, 100 %, 26 %, 15051 MiB, 143771 MiB
2026/08/14 01:38:53.643, NVIDIA H200, 38, 99 %, 25 %, 15051 MiB, 143771 MiB
2026/08/14 01:38:56.643, NVIDIA H200, 38, 98 %, 32 %, 15051 MiB, 143771 MiB
2026/08/14 01:38:59.643, NVIDIA H200, 37, 100 %, 23 %, 15051 MiB, 143771 MiB
2026/08/14 01:39:02.644, NVIDIA H200, 39, 98 %, 26 %, 15051 MiB, 143771 MiB
2026/08/14 01:39:05.644, NVIDIA H200, 37, 99 %, 33 %, 15051 MiB, 143771 MiB
2026/08/14 01:39:08.644, NVIDIA H200, 37, 99 %, 22 %, 15051 MiB, 143771 MiB
2026/08/14 01:39:11.645, NVIDIA H200, 38, 96 %, 26 %, 15051 MiB, 143771 MiB
2026/08/14 01:39:14.645, NVIDIA H200, 38, 98 %, 34 %, 15051 MiB, 143771 MiB
2026/08/14 01:39:17.645, NVIDIA H200, 37, 99 %, 22 %, 15051 MiB, 143771 MiB
2026/08/14 01:39:20.646, NVIDIA H200, 39, 96 %, 26 %, 15051 MiB, 143771 MiB
2026/08/14 01:39:23.646, NVIDIA H200, 37, 98 %, 32 %, 15051 MiB, 143771 MiB
2026/08/14 01:39:26.646, NVIDIA H200, 37, 99 %, 20 %, 15051 MiB, 143771 MiB
2026/08/14 01:39:29.647, NVIDIA H200, 38, 98 %, 28 %, 15051 MiB, 143771 MiB
2026/08/14 01:39:32.647, NVIDIA H200, 37, 98 %, 31 %, 15051 MiB, 143771 MiB
2026/08/14 01:39:35.647, NVIDIA H200, 37, 99 %, 24 %, 15051 MiB, 143771 MiB
2026/08/14 01:39:38.648, NVIDIA H200, 39, 98 %, 31 %, 15051 MiB, 143771 MiB
2026/08/14 01:39:41.648, NVIDIA H200, 37, 100 %, 25 %, 15051 MiB, 143771 MiB
2026/08/14 01:39:44.648, NVIDIA H200, 38, 99 %, 25 %, 15051 MiB, 143771 MiB
2026/08/14 01:39:47.648, NVIDIA H200, 38, 98 %, 32 %, 15051 MiB, 143771 MiB
2026/08/14 01:39:50.649, NVIDIA H200, 38, 99 %, 25 %, 15051 MiB, 143771 MiB
2026/08/14 01:39:53.649, NVIDIA H200, 37, 97 %, 27 %, 15051 MiB, 143771 MiB
2026/08/14 01:39:56.649, NVIDIA H200, 39, 98 %, 33 %, 15051 MiB, 143771 MiB
2026/08/14 01:39:59.650, NVIDIA H200, 38, 99 %, 20 %, 15051 MiB, 143771 MiB
2026/08/14 01:40:02.650, NVIDIA H200, 37, 97 %, 29 %, 15051 MiB, 143771 MiB
2026/08/14 01:40:05.650, NVIDIA H200, 38, 99 %, 30 %, 15051 MiB, 143771 MiB
2026/08/14 01:40:08.650, NVIDIA H200, 34, 77 %, 19 %, 15051 MiB, 143771 MiB
2026/08/14 01:40:11.651, NVIDIA H200, 36, 71 %, 20 %, 15051 MiB, 143771 MiB
2026/08/14 01:40:14.651, NVIDIA H200, 25, 0 %, 0 %, 15051 MiB, 143771 MiB
2026/08/14 01:40:17.651, NVIDIA H200, 36, 99 %, 24 %, 15051 MiB, 143771 MiB
2026/08/14 01:40:20.652, NVIDIA H200, 37, 98 %, 31 %, 15051 MiB, 143771 MiB
2026/08/14 01:40:23.652, NVIDIA H200, 39, 100 %, 24 %, 15051 MiB, 143771 MiB
2026/08/14 01:40:26.652, NVIDIA H200, 37, 98 %, 25 %, 15051 MiB, 143771 MiB
2026/08/14 01:40:29.653, NVIDIA H200, 38, 98 %, 34 %, 15051 MiB, 143771 MiB
2026/08/14 01:40:32.653, NVIDIA H200, 38, 99 %, 22 %, 15051 MiB, 143771 MiB
2026/08/14 01:40:35.653, NVIDIA H200, 37, 98 %, 25 %, 15051 MiB, 143771 MiB
2026/08/14 01:40:38.654, NVIDIA H200, 36, 97 %, 31 %, 15051 MiB, 143771 MiB
2026/08/14 01:40:41.654, NVIDIA H200, 38, 98 %, 31 %, 15051 MiB, 143771 MiB
2026/08/14 01:40:44.654, NVIDIA H200, 37, 99 %, 23 %, 15051 MiB, 143771 MiB
2026/08/14 01:40:47.655, NVIDIA H200, 36, 98 %, 31 %, 15051 MiB, 143771 MiB
2026/08/14 01:40:50.655, NVIDIA H200, 38, 98 %, 29 %, 15051 MiB, 143771 MiB
2026/08/14 01:40:53.655, NVIDIA H200, 37, 99 %, 25 %, 15051 MiB, 143771 MiB
2026/08/14 01:40:56.656, NVIDIA H200, 37, 98 %, 31 %, 15051 MiB, 143771 MiB
2026/08/14 01:40:59.656, NVIDIA H200, 39, 100 %, 24 %, 15051 MiB, 143771 MiB
2026/08/14 01:41:02.656, NVIDIA H200, 37, 91 %, 22 %, 15051 MiB, 143771 MiB
2026/08/14 01:41:05.656, NVIDIA H200, 37, 98 %, 31 %, 15051 MiB, 143771 MiB
2026/08/14 01:41:08.657, NVIDIA H200, 38, 100 %, 24 %, 15051 MiB, 143771 MiB
2026/08/14 01:41:11.657, NVIDIA H200, 39, 98 %, 27 %, 15051 MiB, 143771 MiB
2026/08/14 01:41:14.657, NVIDIA H200, 37, 98 %, 31 %, 15051 MiB, 143771 MiB
2026/08/14 01:41:17.658, NVIDIA H200, 37, 100 %, 25 %, 15051 MiB, 143771 MiB
2026/08/14 01:41:20.658, NVIDIA H200, 38, 99 %, 26 %, 15051 MiB, 143771 MiB
2026/08/14 01:41:23.658, NVIDIA H200, 37, 98 %, 34 %, 15051 MiB, 143771 MiB
2026/08/14 01:41:26.659, NVIDIA H200, 37, 99 %, 22 %, 15051 MiB, 143771 MiB
2026/08/14 01:41:29.659, NVIDIA H200, 39, 98 %, 27 %, 15051 MiB, 143771 MiB
2026/08/14 01:41:32.659, NVIDIA H200, 37, 98 %, 34 %, 15051 MiB, 143771 MiB
2026/08/14 01:41:35.660, NVIDIA H200, 37, 99 %, 22 %, 15051 MiB, 143771 MiB
2026/08/14 01:41:38.660, NVIDIA H200, 38, 98 %, 27 %, 15051 MiB, 143771 MiB
2026/08/14 01:41:41.660, NVIDIA H200, 37, 98 %, 32 %, 15051 MiB, 143771 MiB
2026/08/14 01:41:44.661, NVIDIA H200, 38, 99 %, 22 %, 15051 MiB, 143771 MiB
2026/08/14 01:41:47.661, NVIDIA H200, 38, 97 %, 29 %, 15051 MiB, 143771 MiB
2026/08/14 01:41:50.661, NVIDIA H200, 37, 98 %, 30 %, 15051 MiB, 143771 MiB
2026/08/14 01:41:53.662, NVIDIA H200, 39, 99 %, 25 %, 15051 MiB, 143771 MiB
2026/08/14 01:41:56.662, NVIDIA H200, 37, 97 %, 31 %, 15051 MiB, 143771 MiB
2026/08/14 01:41:59.662, NVIDIA H200, 37, 100 %, 24 %, 15051 MiB, 143771 MiB
2026/08/14 01:42:02.663, NVIDIA H200, 37, 99 %, 25 %, 15051 MiB, 143771 MiB
2026/08/14 01:42:05.663, NVIDIA H200, 37, 98 %, 33 %, 15051 MiB, 143771 MiB
2026/08/14 01:42:08.663, NVIDIA H200, 37, 99 %, 24 %, 15051 MiB, 143771 MiB
2026/08/14 01:42:11.664, NVIDIA H200, 39, 98 %, 26 %, 15051 MiB, 143771 MiB
2026/08/14 01:42:14.665, NVIDIA H200, 37, 99 %, 34 %, 15051 MiB, 143771 MiB
2026/08/14 01:42:17.665, NVIDIA H200, 35, 83 %, 22 %, 15051 MiB, 143771 MiB
2026/08/14 01:42:20.666, NVIDIA H200, 35, 69 %, 22 %, 15051 MiB, 143771 MiB
2026/08/14 01:42:23.666, NVIDIA H200, 34, 80 %, 19 %, 15051 MiB, 143771 MiB
2026/08/14 01:42:26.666, NVIDIA H200, 37, 98 %, 31 %, 15051 MiB, 143771 MiB
2026/08/14 01:42:29.667, NVIDIA H200, 37, 100 %, 23 %, 15051 MiB, 143771 MiB
2026/08/14 01:42:32.667, NVIDIA H200, 39, 98 %, 26 %, 15051 MiB, 143771 MiB
2026/08/14 01:42:35.667, NVIDIA H200, 38, 98 %, 32 %, 15051 MiB, 143771 MiB
2026/08/14 01:42:38.668, NVIDIA H200, 39, 99 %, 26 %, 15051 MiB, 143771 MiB
2026/08/14 01:42:41.668, NVIDIA H200, 37, 98 %, 31 %, 15051 MiB, 143771 MiB
2026/08/14 01:42:44.668, NVIDIA H200, 37, 99 %, 24 %, 15051 MiB, 143771 MiB
2026/08/14 01:42:47.671, NVIDIA H200, 39, 96 %, 26 %, 15051 MiB, 143771 MiB
2026/08/14 01:42:50.671, NVIDIA H200, 37, 98 %, 31 %, 15051 MiB, 143771 MiB
2026/08/14 01:42:53.672, NVIDIA H200, 39, 99 %, 26 %, 15051 MiB, 143771 MiB
2026/08/14 01:42:56.672, NVIDIA H200, 38, 99 %, 25 %, 15051 MiB, 143771 MiB
2026/08/14 01:42:59.672, NVIDIA H200, 37, 98 %, 34 %, 15051 MiB, 143771 MiB
2026/08/14 01:43:02.673, NVIDIA H200, 38, 99 %, 20 %, 15051 MiB, 143771 MiB
2026/08/14 01:43:05.673, NVIDIA H200, 38, 98 %, 30 %, 15051 MiB, 143771 MiB
2026/08/14 01:43:08.673, NVIDIA H200, 37, 97 %, 31 %, 15051 MiB, 143771 MiB
2026/08/14 01:43:11.674, NVIDIA H200, 39, 98 %, 27 %, 15051 MiB, 143771 MiB
2026/08/14 01:43:14.674, NVIDIA H200, 37, 98 %, 26 %, 15051 MiB, 143771 MiB
2026/08/14 01:43:17.676, NVIDIA H200, 39, 98 %, 32 %, 15051 MiB, 143771 MiB
2026/08/14 01:43:20.677, NVIDIA H200, 37, 98 %, 21 %, 15051 MiB, 143771 MiB
2026/08/14 01:43:23.677, NVIDIA H200, 37, 97 %, 31 %, 15051 MiB, 143771 MiB
2026/08/14 01:43:26.677, NVIDIA H200, 39, 100 %, 24 %, 15051 MiB, 143771 MiB
2026/08/14 01:43:29.678, NVIDIA H200, 37, 99 %, 25 %, 15051 MiB, 143771 MiB
2026/08/14 01:43:32.678, NVIDIA H200, 37, 97 %, 31 %, 15051 MiB, 143771 MiB
2026/08/14 01:43:35.678, NVIDIA H200, 39, 100 %, 23 %, 15051 MiB, 143771 MiB
2026/08/14 01:43:38.679, NVIDIA H200, 38, 98 %, 27 %, 15051 MiB, 143771 MiB
2026/08/14 01:43:41.679, NVIDIA H200, 39, 99 %, 31 %, 15051 MiB, 143771 MiB
2026/08/14 01:43:44.679, NVIDIA H200, 37, 99 %, 24 %, 15051 MiB, 143771 MiB
2026/08/14 01:43:47.680, NVIDIA H200, 38, 98 %, 35 %, 15051 MiB, 143771 MiB
2026/08/14 01:43:50.680, NVIDIA H200, 38, 99 %, 21 %, 15051 MiB, 143771 MiB
2026/08/14 01:43:53.680, NVIDIA H200, 37, 97 %, 31 %, 15051 MiB, 143771 MiB
2026/08/14 01:43:56.681, NVIDIA H200, 39, 100 %, 24 %, 15051 MiB, 143771 MiB
2026/08/14 01:43:59.681, NVIDIA H200, 38, 98 %, 27 %, 15051 MiB, 143771 MiB
2026/08/14 01:44:02.681, NVIDIA H200, 39, 98 %, 32 %, 15051 MiB, 143771 MiB
2026/08/14 01:44:05.682, NVIDIA H200, 37, 99 %, 24 %, 15051 MiB, 143771 MiB
2026/08/14 01:44:08.682, NVIDIA H200, 37, 98 %, 32 %, 15051 MiB, 143771 MiB
2026/08/14 01:44:11.682, NVIDIA H200, 39, 99 %, 23 %, 15051 MiB, 143771 MiB
2026/08/14 01:44:14.683, NVIDIA H200, 37, 97 %, 28 %, 15051 MiB, 143771 MiB
2026/08/14 01:44:17.684, NVIDIA H200, 38, 98 %, 30 %, 15051 MiB, 143771 MiB
2026/08/14 01:44:20.684, NVIDIA H200, 37, 99 %, 25 %, 15051 MiB, 143771 MiB
2026/08/14 01:44:23.684, NVIDIA H200, 38, 99 %, 34 %, 15051 MiB, 143771 MiB
2026/08/14 01:44:26.685, NVIDIA H200, 33, 81 %, 28 %, 15051 MiB, 143771 MiB
2026/08/14 01:44:29.685, NVIDIA H200, 35, 60 %, 19 %, 15051 MiB, 143771 MiB
2026/08/14 01:44:32.685, NVIDIA H200, 26, 0 %, 0 %, 15051 MiB, 143771 MiB
2026/08/14 01:44:35.686, NVIDIA H200, 37, 97 %, 34 %, 15051 MiB, 143771 MiB
2026/08/14 01:44:38.686, NVIDIA H200, 38, 99 %, 22 %, 15051 MiB, 143771 MiB
2026/08/14 01:44:41.686, NVIDIA H200, 36, 98 %, 27 %, 15051 MiB, 143771 MiB
2026/08/14 01:44:44.686, NVIDIA H200, 39, 98 %, 30 %, 15051 MiB, 143771 MiB
2026/08/14 01:44:47.687, NVIDIA H200, 38, 99 %, 22 %, 15051 MiB, 143771 MiB
2026/08/14 01:44:50.687, NVIDIA H200, 37, 97 %, 26 %, 15051 MiB, 143771 MiB
2026/08/14 01:44:53.688, NVIDIA H200, 39, 98 %, 31 %, 15051 MiB, 143771 MiB
2026/08/14 01:44:56.688, NVIDIA H200, 38, 99 %, 23 %, 15051 MiB, 143771 MiB
2026/08/14 01:44:59.688, NVIDIA H200, 38, 98 %, 30 %, 15051 MiB, 143771 MiB
2026/08/14 01:45:02.689, NVIDIA H200, 37, 99 %, 27 %, 15051 MiB, 143771 MiB
2026/08/14 01:45:05.689, NVIDIA H200, 38, 99 %, 24 %, 15051 MiB, 143771 MiB
2026/08/14 01:45:08.689, NVIDIA H200, 37, 98 %, 31 %, 15051 MiB, 143771 MiB
2026/08/14 01:45:11.690, NVIDIA H200, 36, 100 %, 23 %, 15051 MiB, 143771 MiB
2026/08/14 01:45:14.690, NVIDIA H200, 38, 99 %, 22 %, 15051 MiB, 143771 MiB
2026/08/14 01:45:17.692, NVIDIA H200, 37, 99 %, 26 %, 15051 MiB, 143771 MiB
2026/08/14 01:45:20.692, NVIDIA H200, 38, 95 %, 29 %, 15051 MiB, 143771 MiB
2026/08/14 01:45:23.692, NVIDIA H200, 37, 98 %, 31 %, 15051 MiB, 143771 MiB
2026/08/14 01:45:26.693, NVIDIA H200, 38, 99 %, 22 %, 15051 MiB, 143771 MiB
2026/08/14 01:45:29.693, NVIDIA H200, 38, 97 %, 30 %, 15051 MiB, 143771 MiB
2026/08/14 01:45:32.693, NVIDIA H200, 37, 98 %, 32 %, 15051 MiB, 143771 MiB
2026/08/14 01:45:35.694, NVIDIA H200, 38, 99 %, 21 %, 15051 MiB, 143771 MiB
2026/08/14 01:45:38.694, NVIDIA H200, 38, 98 %, 30 %, 15051 MiB, 143771 MiB
2026/08/14 01:45:41.694, NVIDIA H200, 37, 98 %, 30 %, 15051 MiB, 143771 MiB
2026/08/14 01:45:44.695, NVIDIA H200, 39, 99 %, 25 %, 15051 MiB, 143771 MiB
2026/08/14 01:45:47.697, NVIDIA H200, 37, 98 %, 31 %, 15051 MiB, 143771 MiB
2026/08/14 01:45:50.697, NVIDIA H200, 37, 100 %, 24 %, 15051 MiB, 143771 MiB
2026/08/14 01:45:53.698, NVIDIA H200, 37, 99 %, 25 %, 15051 MiB, 143771 MiB
2026/08/14 01:45:56.698, NVIDIA H200, 37, 98 %, 32 %, 15051 MiB, 143771 MiB
2026/08/14 01:45:59.698, NVIDIA H200, 37, 99 %, 25 %, 15051 MiB, 143771 MiB
2026/08/14 01:46:02.699, NVIDIA H200, 39, 98 %, 27 %, 15051 MiB, 143771 MiB
2026/08/14 01:46:05.699, NVIDIA H200, 37, 98 %, 32 %, 15051 MiB, 143771 MiB
2026/08/14 01:46:08.699, NVIDIA H200, 38, 99 %, 21 %, 15051 MiB, 143771 MiB
2026/08/14 01:46:11.700, NVIDIA H200, 38, 98 %, 30 %, 15051 MiB, 143771 MiB
2026/08/14 01:46:14.700, NVIDIA H200, 37, 99 %, 27 %, 15051 MiB, 143771 MiB
2026/08/14 01:46:17.703, NVIDIA H200, 38, 99 %, 24 %, 15051 MiB, 143771 MiB
2026/08/14 01:46:20.703, NVIDIA H200, 37, 98 %, 31 %, 15051 MiB, 143771 MiB
2026/08/14 01:46:23.703, NVIDIA H200, 37, 100 %, 23 %, 15051 MiB, 143771 MiB
2026/08/14 01:46:26.703, NVIDIA H200, 39, 97 %, 26 %, 15051 MiB, 143771 MiB
2026/08/14 01:46:29.704, NVIDIA H200, 37, 98 %, 34 %, 15051 MiB, 143771 MiB
2026/08/14 01:46:32.704, NVIDIA H200, 38, 98 %, 21 %, 15051 MiB, 143771 MiB
2026/08/14 01:46:35.704, NVIDIA H200, 34, 82 %, 22 %, 15051 MiB, 143771 MiB
2026/08/14 01:46:38.705, NVIDIA H200, 35, 72 %, 23 %, 15051 MiB, 143771 MiB
2026/08/14 01:46:41.705, NVIDIA H200, 26, 4 %, 0 %, 15051 MiB, 143771 MiB
2026/08/14 01:46:44.705, NVIDIA H200, 35, 76 %, 25 %, 15051 MiB, 143771 MiB
2026/08/14 01:46:47.707, NVIDIA H200, 37, 97 %, 31 %, 15051 MiB, 143771 MiB
2026/08/14 01:46:50.708, NVIDIA H200, 37, 100 %, 24 %, 15051 MiB, 143771 MiB
2026/08/14 01:46:53.708, NVIDIA H200, 39, 97 %, 26 %, 15051 MiB, 143771 MiB
2026/08/14 01:46:56.708, NVIDIA H200, 37, 98 %, 31 %, 15051 MiB, 143771 MiB
2026/08/14 01:46:59.708, NVIDIA H200, 39, 99 %, 25 %, 15051 MiB, 143771 MiB
2026/08/14 01:47:02.709, NVIDIA H200, 37, 98 %, 31 %, 15051 MiB, 143771 MiB
2026/08/14 01:47:05.709, NVIDIA H200, 37, 99 %, 23 %, 15051 MiB, 143771 MiB
2026/08/14 01:47:08.709, NVIDIA H200, 39, 97 %, 27 %, 15051 MiB, 143771 MiB
2026/08/14 01:47:11.710, NVIDIA H200, 37, 98 %, 31 %, 15051 MiB, 143771 MiB
2026/08/14 01:47:14.710, NVIDIA H200, 39, 99 %, 25 %, 15051 MiB, 143771 MiB
2026/08/14 01:47:17.712, NVIDIA H200, 37, 98 %, 33 %, 15051 MiB, 143771 MiB
2026/08/14 01:47:20.713, NVIDIA H200, 38, 99 %, 22 %, 15051 MiB, 143771 MiB
2026/08/14 01:47:23.713, NVIDIA H200, 38, 98 %, 30 %, 15051 MiB, 143771 MiB
2026/08/14 01:47:26.713, NVIDIA H200, 37, 100 %, 27 %, 15051 MiB, 143771 MiB
2026/08/14 01:47:29.714, NVIDIA H200, 39, 99 %, 25 %, 15051 MiB, 143771 MiB
2026/08/14 01:47:32.714, NVIDIA H200, 37, 98 %, 31 %, 15051 MiB, 143771 MiB
2026/08/14 01:47:35.714, NVIDIA H200, 37, 99 %, 23 %, 15051 MiB, 143771 MiB
2026/08/14 01:47:38.715, NVIDIA H200, 38, 98 %, 28 %, 15051 MiB, 143771 MiB
2026/08/14 01:47:41.715, NVIDIA H200, 37, 98 %, 30 %, 15051 MiB, 143771 MiB
2026/08/14 01:47:44.715, NVIDIA H200, 38, 99 %, 24 %, 15051 MiB, 143771 MiB
2026/08/14 01:47:47.716, NVIDIA H200, 37, 98 %, 32 %, 15051 MiB, 143771 MiB
2026/08/14 01:47:50.716, NVIDIA H200, 38, 99 %, 23 %, 15051 MiB, 143771 MiB
2026/08/14 01:47:53.716, NVIDIA H200, 39, 98 %, 26 %, 15051 MiB, 143771 MiB
2026/08/14 01:47:56.717, NVIDIA H200, 38, 98 %, 31 %, 15051 MiB, 143771 MiB
2026/08/14 01:47:59.717, NVIDIA H200, 39, 98 %, 24 %, 15051 MiB, 143771 MiB
2026/08/14 01:48:02.717, NVIDIA H200, 37, 98 %, 31 %, 15051 MiB, 143771 MiB
2026/08/14 01:48:05.718, NVIDIA H200, 37, 100 %, 23 %, 15051 MiB, 143771 MiB
2026/08/14 01:48:08.718, NVIDIA H200, 39, 98 %, 27 %, 15051 MiB, 143771 MiB
2026/08/14 01:48:11.718, NVIDIA H200, 38, 98 %, 31 %, 15051 MiB, 143771 MiB
2026/08/14 01:48:14.718, NVIDIA H200, 39, 99 %, 25 %, 15051 MiB, 143771 MiB
2026/08/14 01:48:17.719, NVIDIA H200, 37, 98 %, 33 %, 15051 MiB, 143771 MiB
2026/08/14 01:48:20.719, NVIDIA H200, 37, 98 %, 31 %, 15051 MiB, 143771 MiB
2026/08/14 01:48:23.719, NVIDIA H200, 38, 99 %, 25 %, 15051 MiB, 143771 MiB
2026/08/14 01:48:26.720, NVIDIA H200, 37, 97 %, 26 %, 15051 MiB, 143771 MiB
2026/08/14 01:48:29.720, NVIDIA H200, 38, 98 %, 30 %, 15051 MiB, 143771 MiB
2026/08/14 01:48:32.720, NVIDIA H200, 37, 99 %, 25 %, 15051 MiB, 143771 MiB
2026/08/14 01:48:35.721, NVIDIA H200, 38, 99 %, 31 %, 15051 MiB, 143771 MiB
2026/08/14 01:48:38.721, NVIDIA H200, 38, 99 %, 24 %, 15051 MiB, 143771 MiB
2026/08/14 01:48:41.721, NVIDIA H200, 37, 98 %, 27 %, 15051 MiB, 143771 MiB
2026/08/14 01:48:44.722, NVIDIA H200, 29, 0 %, 0 %, 15051 MiB, 143771 MiB
2026/08/14 01:48:47.722, NVIDIA H200, 33, 82 %, 27 %, 15051 MiB, 143771 MiB
2026/08/14 01:48:50.722, NVIDIA H200, 30, 2 %, 0 %, 15051 MiB, 143771 MiB
2026/08/14 01:48:53.723, NVIDIA H200, 25, 0 %, 0 %, 15051 MiB, 143771 MiB
2026/08/14 01:48:56.723, NVIDIA H200, 25, 0 %, 0 %, 15051 MiB, 143771 MiB
2026/08/14 01:48:59.723, NVIDIA H200, 36, 100 %, 23 %, 15051 MiB, 143771 MiB
2026/08/14 01:49:02.723, NVIDIA H200, 37, 98 %, 26 %, 15051 MiB, 143771 MiB
2026/08/14 01:49:05.724, NVIDIA H200, 38, 98 %, 33 %, 15051 MiB, 143771 MiB
2026/08/14 01:49:08.724, NVIDIA H200, 38, 99 %, 22 %, 15051 MiB, 143771 MiB
2026/08/14 01:49:11.724, NVIDIA H200, 37, 98 %, 29 %, 15051 MiB, 143771 MiB
2026/08/14 01:49:14.725, NVIDIA H200, 38, 98 %, 31 %, 15051 MiB, 143771 MiB
2026/08/14 01:49:17.725, NVIDIA H200, 37, 99 %, 25 %, 15051 MiB, 143771 MiB
2026/08/14 01:49:20.725, NVIDIA H200, 38, 98 %, 34 %, 15051 MiB, 143771 MiB
2026/08/14 01:49:23.726, NVIDIA H200, 38, 99 %, 22 %, 15051 MiB, 143771 MiB
2026/08/14 01:49:26.726, NVIDIA H200, 37, 97 %, 29 %, 15051 MiB, 143771 MiB
2026/08/14 01:49:29.726, NVIDIA H200, 39, 100 %, 27 %, 15051 MiB, 143771 MiB
2026/08/14 01:49:32.727, NVIDIA H200, 37, 99 %, 26 %, 15051 MiB, 143771 MiB
2026/08/14 01:49:35.727, NVIDIA H200, 38, 98 %, 34 %, 15051 MiB, 143771 MiB
2026/08/14 01:49:38.727, NVIDIA H200, 38, 99 %, 21 %, 15051 MiB, 143771 MiB
2026/08/14 01:49:41.727, NVIDIA H200, 37, 97 %, 30 %, 15051 MiB, 143771 MiB
2026/08/14 01:49:44.728, NVIDIA H200, 39, 100 %, 24 %, 15051 MiB, 143771 MiB
2026/08/14 01:49:47.728, NVIDIA H200, 38, 98 %, 27 %, 15051 MiB, 143771 MiB
2026/08/14 01:49:50.728, NVIDIA H200, 39, 98 %, 31 %, 15051 MiB, 143771 MiB
2026/08/14 01:49:53.729, NVIDIA H200, 37, 99 %, 25 %, 15051 MiB, 143771 MiB
2026/08/14 01:49:56.729, NVIDIA H200, 38, 98 %, 31 %, 15051 MiB, 143771 MiB
2026/08/14 01:49:59.729, NVIDIA H200, 37, 99 %, 22 %, 15051 MiB, 143771 MiB
2026/08/14 01:50:02.730, NVIDIA H200, 38, 98 %, 27 %, 15051 MiB, 143771 MiB
2026/08/14 01:50:05.730, NVIDIA H200, 38, 98 %, 31 %, 15051 MiB, 143771 MiB
2026/08/14 01:50:08.730, NVIDIA H200, 37, 99 %, 25 %, 15051 MiB, 143771 MiB
2026/08/14 01:50:11.731, NVIDIA H200, 38, 98 %, 33 %, 15051 MiB, 143771 MiB
2026/08/14 01:50:14.731, NVIDIA H200, 38, 99 %, 22 %, 15051 MiB, 143771 MiB
2026/08/14 01:50:17.731, NVIDIA H200, 37, 97 %, 29 %, 15051 MiB, 143771 MiB
2026/08/14 01:50:20.732, NVIDIA H200, 39, 100 %, 27 %, 15051 MiB, 143771 MiB
2026/08/14 01:50:23.732, NVIDIA H200, 37, 99 %, 26 %, 15051 MiB, 143771 MiB
2026/08/14 01:50:26.732, NVIDIA H200, 38, 98 %, 34 %, 15051 MiB, 143771 MiB
2026/08/14 01:50:29.733, NVIDIA H200, 38, 99 %, 21 %, 15051 MiB, 143771 MiB
2026/08/14 01:50:32.733, NVIDIA H200, 37, 98 %, 26 %, 15051 MiB, 143771 MiB
2026/08/14 01:50:35.733, NVIDIA H200, 39, 98 %, 31 %, 15051 MiB, 143771 MiB
2026/08/14 01:50:38.734, NVIDIA H200, 37, 99 %, 24 %, 15051 MiB, 143771 MiB
2026/08/14 01:50:41.734, NVIDIA H200, 37, 98 %, 31 %, 15051 MiB, 143771 MiB
2026/08/14 01:50:44.734, NVIDIA H200, 38, 99 %, 24 %, 15051 MiB, 143771 MiB
2026/08/14 01:50:47.735, NVIDIA H200, 37, 97 %, 26 %, 15051 MiB, 143771 MiB
2026/08/14 01:50:50.735, NVIDIA H200, 39, 98 %, 31 %, 15051 MiB, 143771 MiB
2026/08/14 01:50:53.735, NVIDIA H200, 37, 99 %, 25 %, 15051 MiB, 143771 MiB
2026/08/14 01:50:56.735, NVIDIA H200, 38, 99 %, 32 %, 15051 MiB, 143771 MiB
2026/08/14 01:50:59.736, NVIDIA H200, 28, 0 %, 0 %, 15051 MiB, 143771 MiB
2026/08/14 01:51:02.736, NVIDIA H200, 35, 61 %, 19 %, 15051 MiB, 143771 MiB
2026/08/14 01:51:05.736, NVIDIA H200, 28, 6 %, 0 %, 15051 MiB, 143771 MiB
2026/08/14 01:51:08.737, NVIDIA H200, 32, 82 %, 20 %, 15051 MiB, 143771 MiB
2026/08/14 01:51:11.737, NVIDIA H200, 37, 97 %, 29 %, 15051 MiB, 143771 MiB
2026/08/14 01:51:14.737, NVIDIA H200, 38, 98 %, 33 %, 15051 MiB, 143771 MiB
2026/08/14 01:51:17.738, NVIDIA H200, 38, 100 %, 24 %, 15051 MiB, 143771 MiB
2026/08/14 01:51:20.738, NVIDIA H200, 37, 98 %, 26 %, 15051 MiB, 143771 MiB
2026/08/14 01:51:23.738, NVIDIA H200, 36, 98 %, 31 %, 15051 MiB, 143771 MiB
2026/08/14 01:51:26.739, NVIDIA H200, 38, 99 %, 27 %, 15051 MiB, 143771 MiB
2026/08/14 01:51:29.739, NVIDIA H200, 37, 99 %, 25 %, 15051 MiB, 143771 MiB
2026/08/14 01:51:32.739, NVIDIA H200, 36, 98 %, 31 %, 15051 MiB, 143771 MiB
2026/08/14 01:51:35.740, NVIDIA H200, 38, 99 %, 27 %, 15051 MiB, 143771 MiB
2026/08/14 01:51:38.740, NVIDIA H200, 37, 99 %, 25 %, 15051 MiB, 143771 MiB
2026/08/14 01:51:41.741, NVIDIA H200, 37, 98 %, 30 %, 15051 MiB, 143771 MiB
2026/08/14 01:51:44.741, NVIDIA H200, 39, 100 %, 23 %, 15051 MiB, 143771 MiB
2026/08/14 01:51:47.741, NVIDIA H200, 37, 98 %, 26 %, 15051 MiB, 143771 MiB
2026/08/14 01:51:50.742, NVIDIA H200, 38, 98 %, 34 %, 15051 MiB, 143771 MiB
2026/08/14 01:51:53.742, NVIDIA H200, 38, 100 %, 25 %, 15051 MiB, 143771 MiB
2026/08/14 01:51:56.742, NVIDIA H200, 37, 98 %, 25 %, 15051 MiB, 143771 MiB
2026/08/14 01:51:59.743, NVIDIA H200, 36, 98 %, 31 %, 15051 MiB, 143771 MiB
2026/08/14 01:52:02.743, NVIDIA H200, 38, 100 %, 27 %, 15051 MiB, 143771 MiB
2026/08/14 01:52:05.743, NVIDIA H200, 37, 99 %, 25 %, 15051 MiB, 143771 MiB
2026/08/14 01:52:08.744, NVIDIA H200, 37, 98 %, 32 %, 15051 MiB, 143771 MiB
2026/08/14 01:52:11.744, NVIDIA H200, 38, 99 %, 22 %, 15051 MiB, 143771 MiB
2026/08/14 01:52:14.744, NVIDIA H200, 37, 98 %, 27 %, 15051 MiB, 143771 MiB
2026/08/14 01:52:17.745, NVIDIA H200, 38, 98 %, 32 %, 15051 MiB, 143771 MiB
2026/08/14 01:52:20.745, NVIDIA H200, 38, 99 %, 22 %, 15051 MiB, 143771 MiB
2026/08/14 01:52:23.745, NVIDIA H200, 37, 97 %, 25 %, 15051 MiB, 143771 MiB
2026/08/14 01:52:26.746, NVIDIA H200, 38, 98 %, 34 %, 15051 MiB, 143771 MiB
2026/08/14 01:52:29.746, NVIDIA H200, 38, 99 %, 22 %, 15051 MiB, 143771 MiB
2026/08/14 01:52:32.746, NVIDIA H200, 37, 98 %, 26 %, 15051 MiB, 143771 MiB
2026/08/14 01:52:35.747, NVIDIA H200, 39, 98 %, 32 %, 15051 MiB, 143771 MiB
2026/08/14 01:52:38.747, NVIDIA H200, 38, 99 %, 20 %, 15051 MiB, 143771 MiB
2026/08/14 01:52:41.747, NVIDIA H200, 37, 97 %, 29 %, 15051 MiB, 143771 MiB
2026/08/14 01:52:44.748, NVIDIA H200, 38, 98 %, 31 %, 15051 MiB, 143771 MiB
2026/08/14 01:52:47.748, NVIDIA H200, 37, 99 %, 25 %, 15051 MiB, 143771 MiB
2026/08/14 01:52:50.748, NVIDIA H200, 37, 97 %, 30 %, 15051 MiB, 143771 MiB
2026/08/14 01:52:53.748, NVIDIA H200, 39, 100 %, 24 %, 15051 MiB, 143771 MiB
2026/08/14 01:52:56.749, NVIDIA H200, 37, 99 %, 26 %, 15051 MiB, 143771 MiB
2026/08/14 01:52:59.749, NVIDIA H200, 38, 98 %, 33 %, 15051 MiB, 143771 MiB
2026/08/14 01:53:02.749, NVIDIA H200, 38, 99 %, 24 %, 15051 MiB, 143771 MiB
2026/08/14 01:53:05.749, NVIDIA H200, 37, 98 %, 26 %, 15051 MiB, 143771 MiB
2026/08/14 01:53:08.750, NVIDIA H200, 39, 98 %, 32 %, 15051 MiB, 143771 MiB
2026/08/14 01:53:11.750, NVIDIA H200, 33, 81 %, 25 %, 15051 MiB, 143771 MiB
2026/08/14 01:53:14.750, NVIDIA H200, 36, 78 %, 27 %, 15051 MiB, 143771 MiB
2026/08/14 01:53:17.751, NVIDIA H200, 25, 0 %, 0 %, 15051 MiB, 143771 MiB
2026/08/14 01:53:20.751, NVIDIA H200, 37, 99 %, 22 %, 15051 MiB, 143771 MiB
2026/08/14 01:53:23.751, NVIDIA H200, 36, 98 %, 27 %, 15051 MiB, 143771 MiB
2026/08/14 01:53:26.752, NVIDIA H200, 37, 99 %, 30 %, 15051 MiB, 143771 MiB
2026/08/14 01:53:29.752, NVIDIA H200, 36, 99 %, 25 %, 15051 MiB, 143771 MiB
2026/08/14 01:53:32.752, NVIDIA H200, 37, 97 %, 30 %, 15051 MiB, 143771 MiB
2026/08/14 01:53:35.753, NVIDIA H200, 38, 100 %, 24 %, 15051 MiB, 143771 MiB
2026/08/14 01:53:38.753, NVIDIA H200, 37, 98 %, 27 %, 15051 MiB, 143771 MiB
2026/08/14 01:53:41.753, NVIDIA H200, 38, 99 %, 24 %, 15051 MiB, 143771 MiB
2026/08/14 01:53:44.754, NVIDIA H200, 38, 98 %, 31 %, 15051 MiB, 143771 MiB
2026/08/14 01:53:47.754, NVIDIA H200, 37, 100 %, 23 %, 15051 MiB, 143771 MiB
2026/08/14 01:53:50.754, NVIDIA H200, 38, 98 %, 25 %, 15051 MiB, 143771 MiB
2026/08/14 01:53:53.755, NVIDIA H200, 37, 98 %, 34 %, 15051 MiB, 143771 MiB
2026/08/14 01:53:56.755, NVIDIA H200, 36, 100 %, 24 %, 15051 MiB, 143771 MiB
2026/08/14 01:53:59.755, NVIDIA H200, 38, 99 %, 26 %, 15051 MiB, 143771 MiB
2026/08/14 01:54:02.756, NVIDIA H200, 38, 98 %, 31 %, 15051 MiB, 143771 MiB
2026/08/14 01:54:05.756, NVIDIA H200, 37, 100 %, 23 %, 15051 MiB, 143771 MiB
2026/08/14 01:54:08.756, NVIDIA H200, 38, 98 %, 25 %, 15051 MiB, 143771 MiB
2026/08/14 01:54:11.757, NVIDIA H200, 38, 98 %, 34 %, 15051 MiB, 143771 MiB
2026/08/14 01:54:14.757, NVIDIA H200, 37, 99 %, 22 %, 15051 MiB, 143771 MiB
2026/08/14 01:54:17.757, NVIDIA H200, 39, 98 %, 27 %, 15051 MiB, 143771 MiB
2026/08/14 01:54:20.757, NVIDIA H200, 37, 98 %, 34 %, 15051 MiB, 143771 MiB
2026/08/14 01:54:23.758, NVIDIA H200, 37, 99 %, 23 %, 15051 MiB, 143771 MiB
2026/08/14 01:54:26.758, NVIDIA H200, 38, 98 %, 27 %, 15051 MiB, 143771 MiB
2026/08/14 01:54:29.758, NVIDIA H200, 36, 99 %, 31 %, 15051 MiB, 143771 MiB
2026/08/14 01:54:32.759, NVIDIA H200, 37, 98 %, 24 %, 15051 MiB, 143771 MiB
2026/08/14 01:54:35.759, NVIDIA H200, 39, 97 %, 31 %, 15051 MiB, 143771 MiB
2026/08/14 01:54:38.759, NVIDIA H200, 38, 100 %, 24 %, 15051 MiB, 143771 MiB
2026/08/14 01:54:41.760, NVIDIA H200, 39, 99 %, 27 %, 15051 MiB, 143771 MiB
2026/08/14 01:54:44.760, NVIDIA H200, 37, 98 %, 33 %, 15051 MiB, 143771 MiB
2026/08/14 01:54:47.760, NVIDIA H200, 37, 99 %, 21 %, 15051 MiB, 143771 MiB
2026/08/14 01:54:50.761, NVIDIA H200, 39, 98 %, 31 %, 15051 MiB, 143771 MiB
2026/08/14 01:54:53.761, NVIDIA H200, 38, 100 %, 24 %, 15051 MiB, 143771 MiB
2026/08/14 01:54:56.761, NVIDIA H200, 39, 98 %, 27 %, 15051 MiB, 143771 MiB
2026/08/14 01:54:59.762, NVIDIA H200, 37, 99 %, 32 %, 15051 MiB, 143771 MiB
2026/08/14 01:55:02.762, NVIDIA H200, 37, 99 %, 24 %, 15051 MiB, 143771 MiB
2026/08/14 01:55:05.762, NVIDIA H200, 38, 97 %, 31 %, 15051 MiB, 143771 MiB
2026/08/14 01:55:08.763, NVIDIA H200, 37, 100 %, 24 %, 15051 MiB, 143771 MiB
2026/08/14 01:55:11.763, NVIDIA H200, 39, 98 %, 27 %, 15051 MiB, 143771 MiB
2026/08/14 01:55:14.763, NVIDIA H200, 37, 99 %, 31 %, 15051 MiB, 143771 MiB
2026/08/14 01:55:17.764, NVIDIA H200, 38, 99 %, 25 %, 15051 MiB, 143771 MiB
2026/08/14 01:55:20.764, NVIDIA H200, 34, 83 %, 23 %, 15051 MiB, 143771 MiB
2026/08/14 01:55:23.764, NVIDIA H200, 36, 71 %, 21 %, 15051 MiB, 143771 MiB
2026/08/14 01:55:26.764, NVIDIA H200, 26, 0 %, 0 %, 15051 MiB, 143771 MiB
2026/08/14 01:55:29.765, NVIDIA H200, 36, 98 %, 31 %, 15051 MiB, 143771 MiB
2026/08/14 01:55:32.765, NVIDIA H200, 39, 100 %, 24 %, 15051 MiB, 143771 MiB
2026/08/14 01:55:35.765, NVIDIA H200, 36, 98 %, 26 %, 15051 MiB, 143771 MiB
2026/08/14 01:55:38.766, NVIDIA H200, 38, 98 %, 34 %, 15051 MiB, 143771 MiB
2026/08/14 01:55:41.766, NVIDIA H200, 38, 99 %, 22 %, 15051 MiB, 143771 MiB
2026/08/14 01:55:44.766, NVIDIA H200, 37, 98 %, 29 %, 15051 MiB, 143771 MiB
2026/08/14 01:55:47.767, NVIDIA H200, 39, 98 %, 31 %, 15051 MiB, 143771 MiB
2026/08/14 01:55:50.767, NVIDIA H200, 37, 99 %, 23 %, 15051 MiB, 143771 MiB
2026/08/14 01:55:53.767, NVIDIA H200, 37, 98 %, 31 %, 15051 MiB, 143771 MiB
2026/08/14 01:55:56.768, NVIDIA H200, 39, 100 %, 24 %, 15051 MiB, 143771 MiB
2026/08/14 01:55:59.768, NVIDIA H200, 38, 98 %, 27 %, 15051 MiB, 143771 MiB
2026/08/14 01:56:02.768, NVIDIA H200, 39, 98 %, 31 %, 15051 MiB, 143771 MiB
2026/08/14 01:56:05.769, NVIDIA H200, 37, 99 %, 25 %, 15051 MiB, 143771 MiB
2026/08/14 01:56:08.769, NVIDIA H200, 38, 98 %, 31 %, 15051 MiB, 143771 MiB
2026/08/14 01:56:11.769, NVIDIA H200, 38, 99 %, 25 %, 15051 MiB, 143771 MiB
2026/08/14 01:56:14.770, NVIDIA H200, 37, 98 %, 26 %, 15051 MiB, 143771 MiB
2026/08/14 01:56:17.770, NVIDIA H200, 39, 99 %, 31 %, 15051 MiB, 143771 MiB
2026/08/14 01:56:20.770, NVIDIA H200, 37, 99 %, 25 %, 15051 MiB, 143771 MiB
2026/08/14 01:56:23.771, NVIDIA H200, 38, 98 %, 32 %, 15051 MiB, 143771 MiB
2026/08/14 01:56:26.771, NVIDIA H200, 39, 99 %, 22 %, 15051 MiB, 143771 MiB
2026/08/14 01:56:29.771, NVIDIA H200, 37, 98 %, 29 %, 15051 MiB, 143771 MiB
2026/08/14 01:56:32.772, NVIDIA H200, 38, 98 %, 29 %, 15051 MiB, 143771 MiB
2026/08/14 01:56:35.772, NVIDIA H200, 37, 99 %, 25 %, 15051 MiB, 143771 MiB
2026/08/14 01:56:38.772, NVIDIA H200, 38, 98 %, 33 %, 15051 MiB, 143771 MiB
2026/08/14 01:56:41.772, NVIDIA H200, 38, 99 %, 22 %, 15051 MiB, 143771 MiB
2026/08/14 01:56:44.773, NVIDIA H200, 37, 98 %, 29 %, 15051 MiB, 143771 MiB
2026/08/14 01:56:47.773, NVIDIA H200, 39, 100 %, 27 %, 15051 MiB, 143771 MiB
2026/08/14 01:56:50.773, NVIDIA H200, 37, 99 %, 26 %, 15051 MiB, 143771 MiB
2026/08/14 01:56:53.774, NVIDIA H200, 38, 98 %, 34 %, 15051 MiB, 143771 MiB
2026/08/14 01:56:56.774, NVIDIA H200, 38, 99 %, 21 %, 15051 MiB, 143771 MiB
2026/08/14 01:56:59.774, NVIDIA H200, 37, 98 %, 31 %, 15051 MiB, 143771 MiB
2026/08/14 01:57:02.775, NVIDIA H200, 39, 100 %, 25 %, 15051 MiB, 143771 MiB
2026/08/14 01:57:05.775, NVIDIA H200, 37, 97 %, 25 %, 15051 MiB, 143771 MiB
2026/08/14 01:57:08.775, NVIDIA H200, 38, 98 %, 33 %, 15051 MiB, 143771 MiB
2026/08/14 01:57:11.776, NVIDIA H200, 37, 99 %, 22 %, 15051 MiB, 143771 MiB
2026/08/14 01:57:14.776, NVIDIA H200, 37, 98 %, 31 %, 15051 MiB, 143771 MiB
2026/08/14 01:57:17.776, NVIDIA H200, 39, 100 %, 23 %, 15051 MiB, 143771 MiB
2026/08/14 01:57:20.777, NVIDIA H200, 37, 98 %, 27 %, 15051 MiB, 143771 MiB
2026/08/14 01:57:23.777, NVIDIA H200, 39, 98 %, 31 %, 15051 MiB, 143771 MiB
2026/08/14 01:57:26.777, NVIDIA H200, 37, 99 %, 25 %, 15051 MiB, 143771 MiB
2026/08/14 01:57:29.778, NVIDIA H200, 32, 82 %, 22 %, 15051 MiB, 143771 MiB
2026/08/14 01:57:32.778, NVIDIA H200, 36, 70 %, 23 %, 15051 MiB, 143771 MiB
2026/08/14 01:57:35.778, NVIDIA H200, 26, 0 %, 0 %, 15051 MiB, 143771 MiB
2026/08/14 01:57:38.779, NVIDIA H200, 35, 98 %, 31 %, 15051 MiB, 143771 MiB
2026/08/14 01:57:41.779, NVIDIA H200, 39, 100 %, 24 %, 15051 MiB, 143771 MiB
2026/08/14 01:57:44.779, NVIDIA H200, 37, 99 %, 26 %, 15051 MiB, 143771 MiB
2026/08/14 01:57:47.780, NVIDIA H200, 38, 98 %, 33 %, 15051 MiB, 143771 MiB
2026/08/14 01:57:50.780, NVIDIA H200, 37, 99 %, 22 %, 15051 MiB, 143771 MiB
2026/08/14 01:57:53.780, NVIDIA H200, 37, 97 %, 31 %, 15051 MiB, 143771 MiB
2026/08/14 01:57:56.782, NVIDIA H200, 39, 98 %, 32 %, 15051 MiB, 143771 MiB
2026/08/14 01:57:59.782, NVIDIA H200, 36, 90 %, 22 %, 15051 MiB, 143771 MiB
2026/08/14 01:58:02.782, NVIDIA H200, 39, 98 %, 27 %, 15051 MiB, 143771 MiB
2026/08/14 01:58:05.783, NVIDIA H200, 37, 99 %, 31 %, 15051 MiB, 143771 MiB
2026/08/14 01:58:08.783, NVIDIA H200, 39, 99 %, 25 %, 15051 MiB, 143771 MiB
2026/08/14 01:58:11.783, NVIDIA H200, 36, 98 %, 31 %, 15051 MiB, 143771 MiB
2026/08/14 01:58:14.784, NVIDIA H200, 37, 99 %, 22 %, 15051 MiB, 143771 MiB
2026/08/14 01:58:17.784, NVIDIA H200, 38, 98 %, 27 %, 15051 MiB, 143771 MiB
2026/08/14 01:58:20.784, NVIDIA H200, 37, 99 %, 31 %, 15051 MiB, 143771 MiB
2026/08/14 01:58:23.785, NVIDIA H200, 39, 99 %, 24 %, 15051 MiB, 143771 MiB
2026/08/14 01:58:26.785, NVIDIA H200, 37, 98 %, 31 %, 15051 MiB, 143771 MiB
2026/08/14 01:58:29.785, NVIDIA H200, 37, 100 %, 23 %, 15051 MiB, 143771 MiB
2026/08/14 01:58:32.786, NVIDIA H200, 38, 98 %, 26 %, 15051 MiB, 143771 MiB
2026/08/14 01:58:35.786, NVIDIA H200, 37, 99 %, 31 %, 15051 MiB, 143771 MiB
2026/08/14 01:58:38.786, NVIDIA H200, 39, 99 %, 25 %, 15051 MiB, 143771 MiB
2026/08/14 01:58:41.787, NVIDIA H200, 38, 96 %, 31 %, 15051 MiB, 143771 MiB
2026/08/14 01:58:44.787, NVIDIA H200, 37, 100 %, 24 %, 15051 MiB, 143771 MiB
2026/08/14 01:58:47.787, NVIDIA H200, 38, 99 %, 24 %, 15051 MiB, 143771 MiB
2026/08/14 01:58:50.788, NVIDIA H200, 37, 98 %, 32 %, 15051 MiB, 143771 MiB
2026/08/14 01:58:53.788, NVIDIA H200, 37, 98 %, 32 %, 15051 MiB, 143771 MiB
2026/08/14 01:58:56.788, NVIDIA H200, 38, 99 %, 22 %, 15051 MiB, 143771 MiB
2026/08/14 01:58:59.789, NVIDIA H200, 37, 97 %, 29 %, 15051 MiB, 143771 MiB
2026/08/14 01:59:02.789, NVIDIA H200, 38, 98 %, 30 %, 15051 MiB, 143771 MiB
2026/08/14 01:59:05.789, NVIDIA H200, 37, 99 %, 25 %, 15051 MiB, 143771 MiB
2026/08/14 01:59:08.790, NVIDIA H200, 37, 98 %, 31 %, 15051 MiB, 143771 MiB
2026/08/14 01:59:11.790, NVIDIA H200, 39, 100 %, 25 %, 15051 MiB, 143771 MiB
2026/08/14 01:59:14.790, NVIDIA H200, 37, 98 %, 25 %, 15051 MiB, 143771 MiB
2026/08/14 01:59:17.791, NVIDIA H200, 38, 98 %, 33 %, 15051 MiB, 143771 MiB
2026/08/14 01:59:20.791, NVIDIA H200, 37, 99 %, 22 %, 15051 MiB, 143771 MiB
2026/08/14 01:59:23.791, NVIDIA H200, 36, 98 %, 31 %, 15051 MiB, 143771 MiB
2026/08/14 01:59:26.791, NVIDIA H200, 38, 100 %, 23 %, 15051 MiB, 143771 MiB
2026/08/14 01:59:29.792, NVIDIA H200, 37, 97 %, 26 %, 15051 MiB, 143771 MiB
2026/08/14 01:59:32.792, NVIDIA H200, 38, 98 %, 31 %, 15051 MiB, 143771 MiB
2026/08/14 01:59:35.792, NVIDIA H200, 37, 99 %, 25 %, 15051 MiB, 143771 MiB
2026/08/14 01:59:38.793, NVIDIA H200, 28, 0 %, 0 %, 15051 MiB, 143771 MiB
2026/08/14 01:59:41.793, NVIDIA H200, 36, 71 %, 23 %, 15051 MiB, 143771 MiB
2026/08/14 01:59:44.793, NVIDIA H200, 27, 6 %, 0 %, 15051 MiB, 143771 MiB
2026/08/14 01:59:47.794, NVIDIA H200, 25, 0 %, 0 %, 15051 MiB, 143771 MiB
2026/08/14 01:59:50.794, NVIDIA H200, 24, 0 %, 0 %, 15051 MiB, 143771 MiB
2026/08/14 01:59:53.794, NVIDIA H200, 35, 98 %, 27 %, 15051 MiB, 143771 MiB
2026/08/14 01:59:56.795, NVIDIA H200, 38, 98 %, 31 %, 15051 MiB, 143771 MiB
2026/08/14 01:59:59.795, NVIDIA H200, 36, 99 %, 24 %, 15051 MiB, 143771 MiB
2026/08/14 02:00:02.795, NVIDIA H200, 36, 98 %, 31 %, 15051 MiB, 143771 MiB
2026/08/14 02:00:05.796, NVIDIA H200, 38, 99 %, 27 %, 15051 MiB, 143771 MiB
2026/08/14 02:00:08.796, NVIDIA H200, 36, 99 %, 24 %, 15051 MiB, 143771 MiB
2026/08/14 02:00:11.796, NVIDIA H200, 37, 98 %, 31 %, 15051 MiB, 143771 MiB
2026/08/14 02:00:14.797, NVIDIA H200, 38, 100 %, 24 %, 15051 MiB, 143771 MiB
2026/08/14 02:00:17.797, NVIDIA H200, 36, 99 %, 26 %, 15051 MiB, 143771 MiB
2026/08/14 02:00:20.797, NVIDIA H200, 37, 98 %, 31 %, 15051 MiB, 143771 MiB
2026/08/14 02:00:23.798, NVIDIA H200, 38, 100 %, 24 %, 15051 MiB, 143771 MiB
2026/08/14 02:00:26.798, NVIDIA H200, 37, 98 %, 27 %, 15051 MiB, 143771 MiB
2026/08/14 02:00:29.798, NVIDIA H200, 38, 98 %, 32 %, 15051 MiB, 143771 MiB
2026/08/14 02:00:32.799, NVIDIA H200, 38, 99 %, 22 %, 15051 MiB, 143771 MiB
2026/08/14 02:00:35.799, NVIDIA H200, 38, 97 %, 29 %, 15051 MiB, 143771 MiB
2026/08/14 02:00:38.799, NVIDIA H200, 37, 98 %, 31 %, 15051 MiB, 143771 MiB
2026/08/14 02:00:41.800, NVIDIA H200, 38, 99 %, 24 %, 15051 MiB, 143771 MiB
2026/08/14 02:00:44.800, NVIDIA H200, 38, 97 %, 29 %, 15051 MiB, 143771 MiB
2026/08/14 02:00:47.800, NVIDIA H200, 36, 98 %, 32 %, 15051 MiB, 143771 MiB
2026/08/14 02:00:50.801, NVIDIA H200, 36, 100 %, 24 %, 15051 MiB, 143771 MiB
2026/08/14 02:00:53.801, NVIDIA H200, 37, 99 %, 25 %, 15051 MiB, 143771 MiB
2026/08/14 02:00:56.801, NVIDIA H200, 38, 98 %, 29 %, 15051 MiB, 143771 MiB
2026/08/14 02:00:59.802, NVIDIA H200, 36, 98 %, 33 %, 15051 MiB, 143771 MiB
2026/08/14 02:01:02.802, NVIDIA H200, 37, 99 %, 23 %, 15051 MiB, 143771 MiB
2026/08/14 02:01:05.802, NVIDIA H200, 38, 99 %, 25 %, 15051 MiB, 143771 MiB
2026/08/14 02:01:08.803, NVIDIA H200, 38, 96 %, 26 %, 15051 MiB, 143771 MiB
2026/08/14 02:01:11.803, NVIDIA H200, 36, 98 %, 32 %, 15051 MiB, 143771 MiB
2026/08/14 02:01:14.803, NVIDIA H200, 37, 100 %, 24 %, 15051 MiB, 143771 MiB
2026/08/14 02:01:17.804, NVIDIA H200, 35, 97 %, 27 %, 15051 MiB, 143771 MiB
2026/08/14 02:01:20.804, NVIDIA H200, 36, 98 %, 32 %, 15051 MiB, 143771 MiB
2026/08/14 02:01:23.804, NVIDIA H200, 36, 100 %, 23 %, 15051 MiB, 143771 MiB
2026/08/14 02:01:26.805, NVIDIA H200, 38, 99 %, 26 %, 15051 MiB, 143771 MiB
2026/08/14 02:01:29.805, NVIDIA H200, 36, 98 %, 33 %, 15051 MiB, 143771 MiB
2026/08/14 02:01:32.805, NVIDIA H200, 37, 99 %, 24 %, 15051 MiB, 143771 MiB
2026/08/14 02:01:35.806, NVIDIA H200, 38, 98 %, 26 %, 15051 MiB, 143771 MiB
2026/08/14 02:01:38.806, NVIDIA H200, 36, 98 %, 34 %, 15051 MiB, 143771 MiB
2026/08/14 02:01:41.806, NVIDIA H200, 37, 99 %, 22 %, 15051 MiB, 143771 MiB
2026/08/14 02:01:44.807, NVIDIA H200, 37, 99 %, 26 %, 15051 MiB, 143771 MiB
2026/08/14 02:01:47.807, NVIDIA H200, 36, 97 %, 32 %, 15051 MiB, 143771 MiB
2026/08/14 02:01:50.807, NVIDIA H200, 36, 100 %, 24 %, 15051 MiB, 143771 MiB
2026/08/14 02:01:53.808, NVIDIA H200, 30, 0 %, 0 %, 15051 MiB, 143771 MiB
2026/08/14 02:01:56.808, NVIDIA H200, 35, 80 %, 28 %, 15051 MiB, 143771 MiB
2026/08/14 02:01:59.808, NVIDIA H200, 26, 6 %, 0 %, 15051 MiB, 143771 MiB
2026/08/14 02:02:02.809, NVIDIA H200, 25, 0 %, 0 %, 15051 MiB, 143771 MiB
2026/08/14 02:02:05.809, NVIDIA H200, 30, 100 %, 23 %, 15051 MiB, 143771 MiB
2026/08/14 02:02:08.809, NVIDIA H200, 35, 85 %, 29 %, 15051 MiB, 143771 MiB
2026/08/14 02:02:11.810, NVIDIA H200, 36, 99 %, 23 %, 15051 MiB, 143771 MiB
2026/08/14 02:02:14.810, NVIDIA H200, 38, 98 %, 27 %, 15051 MiB, 143771 MiB
2026/08/14 02:02:17.810, NVIDIA H200, 36, 98 %, 33 %, 15051 MiB, 143771 MiB
2026/08/14 02:02:20.811, NVIDIA H200, 36, 100 %, 24 %, 15051 MiB, 143771 MiB
2026/08/14 02:02:23.811, NVIDIA H200, 37, 99 %, 20 %, 15051 MiB, 143771 MiB
2026/08/14 02:02:26.811, NVIDIA H200, 36, 99 %, 25 %, 15051 MiB, 143771 MiB
2026/08/14 02:02:29.811, NVIDIA H200, 37, 93 %, 30 %, 15051 MiB, 143771 MiB
2026/08/14 02:02:32.812, NVIDIA H200, 36, 98 %, 31 %, 15051 MiB, 143771 MiB
2026/08/14 02:02:35.812, NVIDIA H200, 36, 98 %, 31 %, 15051 MiB, 143771 MiB
2026/08/14 02:02:38.812, NVIDIA H200, 36, 100 %, 23 %, 15051 MiB, 143771 MiB
2026/08/14 02:02:41.813, NVIDIA H200, 36, 100 %, 24 %, 15051 MiB, 143771 MiB
2026/08/14 02:02:44.813, NVIDIA H200, 36, 99 %, 22 %, 15051 MiB, 143771 MiB
2026/08/14 02:02:47.813, NVIDIA H200, 38, 99 %, 25 %, 15051 MiB, 143771 MiB
2026/08/14 02:02:50.814, NVIDIA H200, 38, 97 %, 26 %, 15051 MiB, 143771 MiB
2026/08/14 02:02:53.814, NVIDIA H200, 36, 98 %, 34 %, 15051 MiB, 143771 MiB
2026/08/14 02:02:56.814, NVIDIA H200, 36, 100 %, 24 %, 15051 MiB, 143771 MiB
2026/08/14 02:02:59.815, NVIDIA H200, 38, 98 %, 25 %, 15051 MiB, 143771 MiB
2026/08/14 02:03:02.815, NVIDIA H200, 36, 99 %, 31 %, 15051 MiB, 143771 MiB
2026/08/14 02:03:05.815, NVIDIA H200, 36, 100 %, 24 %, 15051 MiB, 143771 MiB
2026/08/14 02:03:08.816, NVIDIA H200, 39, 97 %, 26 %, 15051 MiB, 143771 MiB
2026/08/14 02:03:11.816, NVIDIA H200, 37, 98 %, 31 %, 15051 MiB, 143771 MiB
2026/08/14 02:03:14.818, NVIDIA H200, 37, 98 %, 34 %, 15051 MiB, 143771 MiB
2026/08/14 02:03:17.819, NVIDIA H200, 37, 98 %, 34 %, 15051 MiB, 143771 MiB
2026/08/14 02:03:20.819, NVIDIA H200, 37, 99 %, 27 %, 15051 MiB, 143771 MiB
2026/08/14 02:03:23.819, NVIDIA H200, 37, 86 %, 17 %, 15051 MiB, 143771 MiB
2026/08/14 02:03:26.820, NVIDIA H200, 38, 97 %, 26 %, 15051 MiB, 143771 MiB
2026/08/14 02:03:29.820, NVIDIA H200, 37, 98 %, 34 %, 15051 MiB, 143771 MiB
2026/08/14 02:03:32.820, NVIDIA H200, 37, 99 %, 31 %, 15051 MiB, 143771 MiB
2026/08/14 02:03:35.821, NVIDIA H200, 37, 100 %, 24 %, 15051 MiB, 143771 MiB
2026/08/14 02:03:38.821, NVIDIA H200, 39, 99 %, 25 %, 15051 MiB, 143771 MiB
2026/08/14 02:03:41.821, NVIDIA H200, 38, 98 %, 29 %, 15051 MiB, 143771 MiB
2026/08/14 02:03:44.822, NVIDIA H200, 37, 98 %, 31 %, 15051 MiB, 143771 MiB
2026/08/14 02:03:47.822, NVIDIA H200, 38, 99 %, 24 %, 15051 MiB, 143771 MiB
2026/08/14 02:03:50.822, NVIDIA H200, 37, 99 %, 25 %, 15051 MiB, 143771 MiB
2026/08/14 02:03:53.823, NVIDIA H200, 37, 97 %, 29 %, 15051 MiB, 143771 MiB
2026/08/14 02:03:56.823, NVIDIA H200, 36, 99 %, 26 %, 15051 MiB, 143771 MiB
2026/08/14 02:03:59.823, NVIDIA H200, 36, 97 %, 31 %, 15051 MiB, 143771 MiB
2026/08/14 02:04:02.824, NVIDIA H200, 38, 98 %, 32 %, 15051 MiB, 143771 MiB
2026/08/14 02:04:05.824, NVIDIA H200, 39, 100 %, 26 %, 15051 MiB, 143771 MiB
2026/08/14 02:04:08.824, NVIDIA H200, 29, 0 %, 0 %, 15051 MiB, 143771 MiB
2026/08/14 02:04:11.825, NVIDIA H200, 35, 65 %, 18 %, 15051 MiB, 143771 MiB
2026/08/14 02:04:14.825, NVIDIA H200, 35, 77 %, 20 %, 15051 MiB, 143771 MiB
2026/08/14 02:04:17.825, NVIDIA H200, 25, 0 %, 0 %, 15051 MiB, 143771 MiB
2026/08/14 02:04:20.826, NVIDIA H200, 36, 98 %, 30 %, 15051 MiB, 143771 MiB
2026/08/14 02:04:23.826, NVIDIA H200, 36, 98 %, 25 %, 15051 MiB, 143771 MiB
2026/08/14 02:04:26.826, NVIDIA H200, 37, 98 %, 26 %, 15051 MiB, 143771 MiB
2026/08/14 02:04:29.827, NVIDIA H200, 37, 98 %, 32 %, 15051 MiB, 143771 MiB
2026/08/14 02:04:32.827, NVIDIA H200, 37, 100 %, 23 %, 15051 MiB, 143771 MiB
2026/08/14 02:04:35.827, NVIDIA H200, 37, 98 %, 28 %, 15051 MiB, 143771 MiB
2026/08/14 02:04:38.827, NVIDIA H200, 38, 98 %, 34 %, 15051 MiB, 143771 MiB
2026/08/14 02:04:41.828, NVIDIA H200, 37, 99 %, 22 %, 15051 MiB, 143771 MiB
2026/08/14 02:04:44.828, NVIDIA H200, 36, 98 %, 27 %, 15051 MiB, 143771 MiB
2026/08/14 02:04:47.828, NVIDIA H200, 38, 98 %, 32 %, 15051 MiB, 143771 MiB
2026/08/14 02:04:50.829, NVIDIA H200, 37, 99 %, 21 %, 15051 MiB, 143771 MiB
2026/08/14 02:04:53.829, NVIDIA H200, 36, 98 %, 26 %, 15051 MiB, 143771 MiB
2026/08/14 02:04:56.829, NVIDIA H200, 38, 98 %, 32 %, 15051 MiB, 143771 MiB
2026/08/14 02:04:59.830, NVIDIA H200, 37, 99 %, 22 %, 15051 MiB, 143771 MiB
2026/08/14 02:05:02.830, NVIDIA H200, 36, 97 %, 26 %, 15051 MiB, 143771 MiB
2026/08/14 02:05:05.830, NVIDIA H200, 36, 98 %, 31 %, 15051 MiB, 143771 MiB
2026/08/14 02:05:08.831, NVIDIA H200, 37, 98 %, 31 %, 15051 MiB, 143771 MiB
2026/08/14 02:05:11.831, NVIDIA H200, 37, 99 %, 20 %, 15051 MiB, 143771 MiB
2026/08/14 02:05:14.831, NVIDIA H200, 36, 97 %, 27 %, 15051 MiB, 143771 MiB
2026/08/14 02:05:17.832, NVIDIA H200, 38, 98 %, 31 %, 15051 MiB, 143771 MiB
2026/08/14 02:05:20.832, NVIDIA H200, 36, 99 %, 21 %, 15051 MiB, 143771 MiB
2026/08/14 02:05:23.832, NVIDIA H200, 36, 98 %, 31 %, 15051 MiB, 143771 MiB
2026/08/14 02:05:26.833, NVIDIA H200, 37, 98 %, 30 %, 15051 MiB, 143771 MiB
2026/08/14 02:05:29.833, NVIDIA H200, 37, 99 %, 21 %, 15051 MiB, 143771 MiB
2026/08/14 02:05:32.833, NVIDIA H200, 36, 98 %, 29 %, 15051 MiB, 143771 MiB
2026/08/14 02:05:35.834, NVIDIA H200, 38, 98 %, 30 %, 15051 MiB, 143771 MiB
2026/08/14 02:05:38.834, NVIDIA H200, 38, 100 %, 26 %, 15051 MiB, 143771 MiB
2026/08/14 02:05:41.834, NVIDIA H200, 36, 99 %, 25 %, 15051 MiB, 143771 MiB
2026/08/14 02:05:44.834, NVIDIA H200, 37, 98 %, 31 %, 15051 MiB, 143771 MiB
2026/08/14 02:05:47.835, NVIDIA H200, 36, 98 %, 28 %, 15051 MiB, 143771 MiB
2026/08/14 02:05:50.835, NVIDIA H200, 38, 99 %, 25 %, 15051 MiB, 143771 MiB
2026/08/14 02:05:53.835, NVIDIA H200, 36, 98 %, 31 %, 15051 MiB, 143771 MiB
2026/08/14 02:05:56.836, NVIDIA H200, 38, 100 %, 26 %, 15051 MiB, 143771 MiB
2026/08/14 02:05:59.836, NVIDIA H200, 36, 99 %, 25 %, 15051 MiB, 143771 MiB
2026/08/14 02:06:02.836, NVIDIA H200, 37, 98 %, 32 %, 15051 MiB, 143771 MiB
2026/08/14 02:06:05.837, NVIDIA H200, 37, 100 %, 24 %, 15051 MiB, 143771 MiB
2026/08/14 02:06:08.837, NVIDIA H200, 36, 97 %, 26 %, 15051 MiB, 143771 MiB
2026/08/14 02:06:11.837, NVIDIA H200, 36, 90 %, 30 %, 15051 MiB, 143771 MiB
2026/08/14 02:06:14.838, NVIDIA H200, 37, 98 %, 30 %, 15051 MiB, 143771 MiB
2026/08/14 02:06:17.838, NVIDIA H200, 36, 100 %, 24 %, 15051 MiB, 143771 MiB
2026/08/14 02:06:20.838, NVIDIA H200, 27, 0 %, 0 %, 15051 MiB, 143771 MiB
2026/08/14 02:06:23.839, NVIDIA H200, 35, 76 %, 19 %, 15051 MiB, 143771 MiB
2026/08/14 02:06:26.839, NVIDIA H200, 26, 6 %, 0 %, 15051 MiB, 143771 MiB
2026/08/14 02:06:29.839, NVIDIA H200, 34, 99 %, 22 %, 15051 MiB, 143771 MiB
2026/08/14 02:06:32.840, NVIDIA H200, 36, 98 %, 30 %, 15051 MiB, 143771 MiB
2026/08/14 02:06:35.840, NVIDIA H200, 37, 99 %, 28 %, 15051 MiB, 143771 MiB
2026/08/14 02:06:38.840, NVIDIA H200, 36, 99 %, 24 %, 15051 MiB, 143771 MiB
2026/08/14 02:06:41.841, NVIDIA H200, 36, 98 %, 31 %, 15051 MiB, 143771 MiB
2026/08/14 02:06:44.841, NVIDIA H200, 38, 100 %, 23 %, 15051 MiB, 143771 MiB
2026/08/14 02:06:47.841, NVIDIA H200, 38, 100 %, 24 %, 15051 MiB, 143771 MiB
2026/08/14 02:06:50.842, NVIDIA H200, 36, 99 %, 25 %, 15051 MiB, 143771 MiB
2026/08/14 02:06:53.842, NVIDIA H200, 37, 98 %, 32 %, 15051 MiB, 143771 MiB
2026/08/14 02:06:56.842, NVIDIA H200, 38, 99 %, 25 %, 15051 MiB, 143771 MiB
2026/08/14 02:06:59.843, NVIDIA H200, 37, 98 %, 27 %, 15051 MiB, 143771 MiB
2026/08/14 02:07:02.843, NVIDIA H200, 38, 98 %, 33 %, 15051 MiB, 143771 MiB
2026/08/14 02:07:05.844, NVIDIA H200, 37, 99 %, 22 %, 15051 MiB, 143771 MiB
2026/08/14 02:07:08.844, NVIDIA H200, 36, 97 %, 26 %, 15051 MiB, 143771 MiB
2026/08/14 02:07:11.844, NVIDIA H200, 38, 98 %, 31 %, 15051 MiB, 143771 MiB
2026/08/14 02:07:14.845, NVIDIA H200, 37, 99 %, 20 %, 15051 MiB, 143771 MiB
2026/08/14 02:07:17.845, NVIDIA H200, 37, 97 %, 26 %, 15051 MiB, 143771 MiB
2026/08/14 02:07:20.845, NVIDIA H200, 37, 97 %, 31 %, 15051 MiB, 143771 MiB
2026/08/14 02:07:23.846, NVIDIA H200, 38, 98 %, 31 %, 15051 MiB, 143771 MiB
2026/08/14 02:07:26.846, NVIDIA H200, 37, 99 %, 22 %, 15051 MiB, 143771 MiB
2026/08/14 02:07:29.846, NVIDIA H200, 36, 98 %, 30 %, 15051 MiB, 143771 MiB
2026/08/14 02:07:32.847, NVIDIA H200, 37, 98 %, 30 %, 15051 MiB, 143771 MiB
2026/08/14 02:07:35.847, NVIDIA H200, 36, 99 %, 25 %, 15051 MiB, 143771 MiB
2026/08/14 02:07:38.847, NVIDIA H200, 36, 97 %, 31 %, 15051 MiB, 143771 MiB
2026/08/14 02:07:41.848, NVIDIA H200, 38, 100 %, 26 %, 15051 MiB, 143771 MiB
2026/08/14 02:07:44.848, NVIDIA H200, 37, 99 %, 25 %, 15051 MiB, 143771 MiB
2026/08/14 02:07:47.848, NVIDIA H200, 37, 98 %, 31 %, 15051 MiB, 143771 MiB
2026/08/14 02:07:50.849, NVIDIA H200, 38, 100 %, 24 %, 15051 MiB, 143771 MiB
2026/08/14 02:07:53.849, NVIDIA H200, 37, 97 %, 28 %, 15051 MiB, 143771 MiB
2026/08/14 02:07:56.849, NVIDIA H200, 36, 98 %, 30 %, 15051 MiB, 143771 MiB
2026/08/14 02:07:59.850, NVIDIA H200, 37, 98 %, 30 %, 15051 MiB, 143771 MiB
2026/08/14 02:08:02.850, NVIDIA H200, 37, 99 %, 21 %, 15051 MiB, 143771 MiB
2026/08/14 02:08:05.850, NVIDIA H200, 36, 98 %, 29 %, 15051 MiB, 143771 MiB
2026/08/14 02:08:08.851, NVIDIA H200, 38, 98 %, 31 %, 15051 MiB, 143771 MiB
2026/08/14 02:08:11.851, NVIDIA H200, 37, 99 %, 22 %, 15051 MiB, 143771 MiB
2026/08/14 02:08:14.851, NVIDIA H200, 36, 98 %, 26 %, 15051 MiB, 143771 MiB
2026/08/14 02:08:17.852, NVIDIA H200, 38, 98 %, 33 %, 15051 MiB, 143771 MiB
2026/08/14 02:08:20.852, NVIDIA H200, 37, 99 %, 24 %, 15051 MiB, 143771 MiB
2026/08/14 02:08:23.852, NVIDIA H200, 37, 98 %, 27 %, 15051 MiB, 143771 MiB
2026/08/14 02:08:26.853, NVIDIA H200, 38, 98 %, 34 %, 15051 MiB, 143771 MiB
2026/08/14 02:08:29.853, NVIDIA H200, 37, 100 %, 22 %, 15051 MiB, 143771 MiB
2026/08/14 02:08:32.853, NVIDIA H200, 34, 70 %, 18 %, 15051 MiB, 143771 MiB
2026/08/14 02:08:35.854, NVIDIA H200, 34, 61 %, 19 %, 15051 MiB, 143771 MiB
2026/08/14 02:08:38.854, NVIDIA H200, 25, 0 %, 0 %, 15051 MiB, 143771 MiB
2026/08/14 02:08:41.854, NVIDIA H200, 37, 98 %, 31 %, 15051 MiB, 143771 MiB
2026/08/14 02:08:44.855, NVIDIA H200, 37, 99 %, 22 %, 15051 MiB, 143771 MiB
2026/08/14 02:08:47.855, NVIDIA H200, 36, 98 %, 27 %, 15051 MiB, 143771 MiB
2026/08/14 02:08:50.855, NVIDIA H200, 38, 98 %, 31 %, 15051 MiB, 143771 MiB
2026/08/14 02:08:53.856, NVIDIA H200, 36, 99 %, 22 %, 15051 MiB, 143771 MiB
2026/08/14 02:08:56.856, NVIDIA H200, 36, 98 %, 31 %, 15051 MiB, 143771 MiB
2026/08/14 02:08:59.856, NVIDIA H200, 38, 100 %, 25 %, 15051 MiB, 143771 MiB
2026/08/14 02:09:02.857, NVIDIA H200, 36, 99 %, 22 %, 15051 MiB, 143771 MiB
2026/08/14 02:09:05.857, NVIDIA H200, 37, 97 %, 27 %, 15051 MiB, 143771 MiB
2026/08/14 02:09:08.857, NVIDIA H200, 37, 99 %, 25 %, 15051 MiB, 143771 MiB
2026/08/14 02:09:11.858, NVIDIA H200, 37, 98 %, 31 %, 15051 MiB, 143771 MiB
2026/08/14 02:09:14.858, NVIDIA H200, 37, 100 %, 24 %, 15051 MiB, 143771 MiB
2026/08/14 02:09:17.858, NVIDIA H200, 37, 99 %, 26 %, 15051 MiB, 143771 MiB
2026/08/14 02:09:20.858, NVIDIA H200, 37, 98 %, 32 %, 15051 MiB, 143771 MiB
2026/08/14 02:09:23.859, NVIDIA H200, 36, 100 %, 23 %, 15051 MiB, 143771 MiB
2026/08/14 02:09:26.859, NVIDIA H200, 38, 98 %, 26 %, 15051 MiB, 143771 MiB
2026/08/14 02:09:29.859, NVIDIA H200, 37, 98 %, 34 %, 15051 MiB, 143771 MiB
2026/08/14 02:09:32.860, NVIDIA H200, 36, 99 %, 24 %, 15051 MiB, 143771 MiB
2026/08/14 02:09:35.860, NVIDIA H200, 38, 98 %, 27 %, 15051 MiB, 143771 MiB
2026/08/14 02:09:38.860, NVIDIA H200, 37, 97 %, 27 %, 15051 MiB, 143771 MiB
2026/08/14 02:09:41.861, NVIDIA H200, 36, 98 %, 32 %, 15051 MiB, 143771 MiB
2026/08/14 02:09:44.861, NVIDIA H200, 36, 99 %, 20 %, 15051 MiB, 143771 MiB
2026/08/14 02:09:47.861, NVIDIA H200, 38, 97 %, 29 %, 15051 MiB, 143771 MiB
2026/08/14 02:09:50.862, NVIDIA H200, 36, 98 %, 31 %, 15051 MiB, 143771 MiB
2026/08/14 02:09:53.862, NVIDIA H200, 36, 99 %, 21 %, 15051 MiB, 143771 MiB
2026/08/14 02:09:56.862, NVIDIA H200, 38, 98 %, 29 %, 15051 MiB, 143771 MiB
2026/08/14 02:09:59.863, NVIDIA H200, 37, 98 %, 31 %, 15051 MiB, 143771 MiB
2026/08/14 02:10:02.863, NVIDIA H200, 37, 99 %, 24 %, 15051 MiB, 143771 MiB
2026/08/14 02:10:05.863, NVIDIA H200, 38, 98 %, 30 %, 15051 MiB, 143771 MiB
2026/08/14 02:10:08.864, NVIDIA H200, 36, 98 %, 31 %, 15051 MiB, 143771 MiB
2026/08/14 02:10:11.864, NVIDIA H200, 36, 95 %, 22 %, 15051 MiB, 143771 MiB
2026/08/14 02:10:14.864, NVIDIA H200, 37, 99 %, 24 %, 15051 MiB, 143771 MiB
2026/08/14 02:10:17.865, NVIDIA H200, 38, 98 %, 31 %, 15051 MiB, 143771 MiB
2026/08/14 02:10:20.865, NVIDIA H200, 36, 98 %, 27 %, 15051 MiB, 143771 MiB
2026/08/14 02:10:23.865, NVIDIA H200, 37, 99 %, 25 %, 15051 MiB, 143771 MiB
2026/08/14 02:10:26.866, NVIDIA H200, 39, 97 %, 31 %, 15051 MiB, 143771 MiB
2026/08/14 02:10:29.866, NVIDIA H200, 36, 98 %, 29 %, 15051 MiB, 143771 MiB
2026/08/14 02:10:32.866, NVIDIA H200, 37, 99 %, 25 %, 15051 MiB, 143771 MiB
2026/08/14 02:10:35.867, NVIDIA H200, 38, 98 %, 31 %, 15051 MiB, 143771 MiB
2026/08/14 02:10:38.867, NVIDIA H200, 36, 99 %, 27 %, 15051 MiB, 143771 MiB
2026/08/14 02:10:41.867, NVIDIA H200, 30, 67 %, 21 %, 15051 MiB, 143771 MiB
2026/08/14 02:10:44.868, NVIDIA H200, 34, 76 %, 20 %, 15051 MiB, 143771 MiB
2026/08/14 02:10:47.868, NVIDIA H200, 28, 6 %, 0 %, 15051 MiB, 143771 MiB
2026/08/14 02:10:50.870, NVIDIA H200, 25, 0 %, 0 %, 15051 MiB, 143771 MiB
2026/08/14 02:10:53.870, NVIDIA H200, 24, 0 %, 0 %, 15051 MiB, 143771 MiB
2026/08/14 02:10:56.870, NVIDIA H200, 24, 0 %, 0 %, 15051 MiB, 143771 MiB
2026/08/14 02:10:59.871, NVIDIA H200, 24, 0 %, 0 %, 15051 MiB, 143771 MiB
2026/08/14 02:11:02.871, NVIDIA H200, 24, 0 %, 0 %, 15051 MiB, 143771 MiB
2026/08/14 02:11:05.871, NVIDIA H200, 24, 0 %, 0 %, 15051 MiB, 143771 MiB
2026/08/14 02:11:08.872, NVIDIA H200, 24, 0 %, 0 %, 15051 MiB, 143771 MiB
2026/08/14 02:11:11.872, NVIDIA H200, 24, 0 %, 0 %, 15051 MiB, 143771 MiB
2026/08/14 02:11:14.872, NVIDIA H200, 24, 0 %, 0 %, 15051 MiB, 143771 MiB
2026/08/14 02:11:17.872, NVIDIA H200, 24, 0 %, 0 %, 15051 MiB, 143771 MiB
2026/08/14 02:11:20.873, NVIDIA H200, 24, 0 %, 0 %, 15051 MiB, 143771 MiB
2026/08/14 02:11:23.873, NVIDIA H200, 24, 0 %, 0 %, 15051 MiB, 143771 MiB
2026/08/14 02:11:26.873, NVIDIA H200, 23, 0 %, 0 %, 15051 MiB, 143771 MiB
2026/08/14 02:11:29.873, NVIDIA H200, 23, 0 %, 0 %, 15051 MiB, 143771 MiB
2026/08/14 02:11:32.874, NVIDIA H200, 23, 0 %, 0 %, 15051 MiB, 143771 MiB
2026/08/14 02:11:35.874, NVIDIA H200, 23, 0 %, 0 %, 15051 MiB, 143771 MiB
2026/08/14 02:11:38.874, NVIDIA H200, 23, 0 %, 0 %, 15051 MiB, 143771 MiB
2026/08/14 02:11:41.875, NVIDIA H200, 23, 0 %, 0 %, 15051 MiB, 143771 MiB
2026/08/14 02:11:44.875, NVIDIA H200, 23, 0 %, 0 %, 15051 MiB, 143771 MiB
2026/08/14 02:11:47.875, NVIDIA H200, 23, 0 %, 0 %, 15051 MiB, 143771 MiB
2026/08/14 02:11:50.876, NVIDIA H200, 23, 0 %, 0 %, 15051 MiB, 143771 MiB
2026/08/14 02:11:53.876, NVIDIA H200, 23, 0 %, 0 %, 15051 MiB, 143771 MiB
2026/08/14 02:11:56.876, NVIDIA H200, 23, 0 %, 0 %, 15051 MiB, 143771 MiB
2026/08/14 02:11:59.876, NVIDIA H200, 23, 0 %, 0 %, 15051 MiB, 143771 MiB
2026/08/14 02:12:02.877, NVIDIA H200, 23, 0 %, 0 %, 15051 MiB, 143771 MiB
2026/08/14 02:12:05.877, NVIDIA H200, 23, 0 %, 0 %, 15051 MiB, 143771 MiB
2026/08/14 02:12:08.877, NVIDIA H200, 23, 0 %, 0 %, 15051 MiB, 143771 MiB
2026/08/14 02:12:11.878, NVIDIA H200, 23, 0 %, 0 %, 15051 MiB, 143771 MiB
2026/08/14 02:12:14.878, NVIDIA H200, 23, 0 %, 0 %, 15051 MiB, 143771 MiB
2026/08/14 02:12:17.878, NVIDIA H200, 23, 0 %, 0 %, 15051 MiB, 143771 MiB
2026/08/14 02:12:20.878, NVIDIA H200, 23, 0 %, 0 %, 15051 MiB, 143771 MiB
2026/08/14 02:12:23.879, NVIDIA H200, 23, 0 %, 0 %, 15051 MiB, 143771 MiB
2026/08/14 02:12:26.879, NVIDIA H200, 23, 0 %, 0 %, 15051 MiB, 143771 MiB
2026/08/14 02:12:29.879, NVIDIA H200, 23, 0 %, 0 %, 15051 MiB, 143771 MiB
2026/08/14 02:12:32.880, NVIDIA H200, 23, 0 %, 0 %, 15051 MiB, 143771 MiB
2026/08/14 02:12:35.880, NVIDIA H200, 23, 0 %, 0 %, 15051 MiB, 143771 MiB
2026/08/14 02:12:38.880, NVIDIA H200, 23, 0 %, 0 %, 15051 MiB, 143771 MiB
2026/08/14 02:12:41.880, NVIDIA H200, 23, 0 %, 0 %, 15051 MiB, 143771 MiB
2026/08/14 02:12:44.881, NVIDIA H200, 23, 0 %, 0 %, 15051 MiB, 143771 MiB
2026/08/14 02:12:47.881, NVIDIA H200, 23, 0 %, 0 %, 15051 MiB, 143771 MiB
2026/08/14 02:12:50.881, NVIDIA H200, 23, 0 %, 0 %, 15051 MiB, 143771 MiB
2026/08/14 02:12:53.882, NVIDIA H200, 23, 0 %, 0 %, 15051 MiB, 143771 MiB
2026/08/14 02:12:56.882, NVIDIA H200, 23, 0 %, 0 %, 15051 MiB, 143771 MiB
2026/08/14 02:12:59.882, NVIDIA H200, 23, 0 %, 0 %, 15051 MiB, 143771 MiB
2026/08/14 02:13:02.883, NVIDIA H200, 23, 0 %, 0 %, 15051 MiB, 143771 MiB
2026/08/14 02:13:05.883, NVIDIA H200, 23, 0 %, 0 %, 15051 MiB, 143771 MiB
2026/08/14 02:13:08.883, NVIDIA H200, 23, 0 %, 0 %, 15051 MiB, 143771 MiB
2026/08/14 02:13:11.883, NVIDIA H200, 23, 0 %, 0 %, 15051 MiB, 143771 MiB
2026/08/14 02:13:14.884, NVIDIA H200, 23, 0 %, 0 %, 15051 MiB, 143771 MiB
2026/08/14 02:13:17.884, NVIDIA H200, 23, 0 %, 0 %, 15051 MiB, 143771 MiB
2026/08/14 02:13:20.884, NVIDIA H200, 23, 0 %, 0 %, 15051 MiB, 143771 MiB
2026/08/14 02:13:23.885, NVIDIA H200, 23, 0 %, 0 %, 15051 MiB, 143771 MiB
2026/08/14 02:13:26.885, NVIDIA H200, 23, 0 %, 0 %, 15051 MiB, 143771 MiB
2026/08/14 02:13:29.885, NVIDIA H200, 23, 0 %, 0 %, 15051 MiB, 143771 MiB
2026/08/14 02:13:32.886, NVIDIA H200, 23, 0 %, 0 %, 15051 MiB, 143771 MiB
2026/08/14 02:13:35.886, NVIDIA H200, 23, 0 %, 0 %, 15051 MiB, 143771 MiB
2026/08/14 02:13:38.886, NVIDIA H200, 23, 0 %, 0 %, 15051 MiB, 143771 MiB
2026/08/14 02:13:41.887, NVIDIA H200, 23, 0 %, 0 %, 15051 MiB, 143771 MiB
2026/08/14 02:13:44.887, NVIDIA H200, 23, 0 %, 0 %, 15051 MiB, 143771 MiB
2026/08/14 02:13:47.887, NVIDIA H200, 23, 0 %, 0 %, 15051 MiB, 143771 MiB
2026/08/14 02:13:50.887, NVIDIA H200, 23, 0 %, 0 %, 15051 MiB, 143771 MiB
2026/08/14 02:13:53.888, NVIDIA H200, 23, 0 %, 0 %, 15051 MiB, 143771 MiB
2026/08/14 02:13:56.888, NVIDIA H200, 23, 0 %, 0 %, 15051 MiB, 143771 MiB
2026/08/14 02:13:59.888, NVIDIA H200, 23, 0 %, 0 %, 15051 MiB, 143771 MiB
2026/08/14 02:14:02.889, NVIDIA H200, 23, 0 %, 0 %, 15051 MiB, 143771 MiB
2026/08/14 02:14:05.889, NVIDIA H200, 23, 0 %, 0 %, 15051 MiB, 143771 MiB
2026/08/14 02:14:08.889, NVIDIA H200, 23, 0 %, 0 %, 15051 MiB, 143771 MiB
2026/08/14 02:14:11.890, NVIDIA H200, 23, 0 %, 0 %, 15051 MiB, 143771 MiB
2026/08/14 02:14:14.890, NVIDIA H200, 23, 0 %, 0 %, 15051 MiB, 143771 MiB
2026/08/14 02:14:17.890, NVIDIA H200, 23, 0 %, 0 %, 15051 MiB, 143771 MiB
2026/08/14 02:14:20.891, NVIDIA H200, 35, 99 %, 32 %, 15051 MiB, 143771 MiB
2026/08/14 02:14:23.891, NVIDIA H200, 35, 99 %, 22 %, 15051 MiB, 143771 MiB
2026/08/14 02:14:26.891, NVIDIA H200, 35, 99 %, 25 %, 15051 MiB, 143771 MiB
2026/08/14 02:14:29.892, NVIDIA H200, 36, 98 %, 34 %, 15051 MiB, 143771 MiB
2026/08/14 02:14:32.892, NVIDIA H200, 37, 100 %, 23 %, 15051 MiB, 143771 MiB
2026/08/14 02:14:35.892, NVIDIA H200, 36, 99 %, 25 %, 15051 MiB, 143771 MiB
2026/08/14 02:14:38.893, NVIDIA H200, 36, 99 %, 32 %, 15051 MiB, 143771 MiB
2026/08/14 02:14:41.893, NVIDIA H200, 37, 99 %, 24 %, 15051 MiB, 143771 MiB
2026/08/14 02:14:44.893, NVIDIA H200, 35, 93 %, 24 %, 15051 MiB, 143771 MiB
2026/08/14 02:14:47.894, NVIDIA H200, 36, 96 %, 24 %, 15051 MiB, 143771 MiB
2026/08/14 02:14:50.894, NVIDIA H200, 36, 90 %, 28 %, 15051 MiB, 143771 MiB
2026/08/14 02:14:53.894, NVIDIA H200, 38, 99 %, 31 %, 15051 MiB, 143771 MiB
2026/08/14 02:14:56.894, NVIDIA H200, 37, 99 %, 22 %, 15051 MiB, 143771 MiB
2026/08/14 02:14:59.895, NVIDIA H200, 36, 97 %, 29 %, 15051 MiB, 143771 MiB
2026/08/14 02:15:02.895, NVIDIA H200, 37, 98 %, 30 %, 15051 MiB, 143771 MiB
2026/08/14 02:15:05.896, NVIDIA H200, 36, 99 %, 25 %, 15051 MiB, 143771 MiB
2026/08/14 02:15:08.896, NVIDIA H200, 37, 99 %, 31 %, 15051 MiB, 143771 MiB
2026/08/14 02:15:11.896, NVIDIA H200, 37, 99 %, 24 %, 15051 MiB, 143771 MiB
2026/08/14 02:15:14.897, NVIDIA H200, 36, 98 %, 26 %, 15051 MiB, 143771 MiB
2026/08/14 02:15:17.897, NVIDIA H200, 38, 99 %, 32 %, 15051 MiB, 143771 MiB
2026/08/14 02:15:20.897, NVIDIA H200, 37, 99 %, 22 %, 15051 MiB, 143771 MiB
2026/08/14 02:15:23.897, NVIDIA H200, 36, 98 %, 29 %, 15051 MiB, 143771 MiB
2026/08/14 02:15:26.898, NVIDIA H200, 37, 98 %, 29 %, 15051 MiB, 143771 MiB
2026/08/14 02:15:29.898, NVIDIA H200, 36, 99 %, 22 %, 15051 MiB, 143771 MiB
2026/08/14 02:15:32.898, NVIDIA H200, 37, 97 %, 27 %, 15051 MiB, 143771 MiB
2026/08/14 02:15:35.899, NVIDIA H200, 38, 98 %, 32 %, 15051 MiB, 143771 MiB
2026/08/14 02:15:38.899, NVIDIA H200, 37, 99 %, 21 %, 15051 MiB, 143771 MiB
2026/08/14 02:15:41.899, NVIDIA H200, 36, 98 %, 30 %, 15051 MiB, 143771 MiB
2026/08/14 02:15:44.900, NVIDIA H200, 37, 99 %, 30 %, 15051 MiB, 143771 MiB
2026/08/14 02:15:47.900, NVIDIA H200, 36, 99 %, 25 %, 15051 MiB, 143771 MiB
2026/08/14 02:15:50.900, NVIDIA H200, 36, 98 %, 32 %, 15051 MiB, 143771 MiB
2026/08/14 02:15:53.901, NVIDIA H200, 39, 100 %, 24 %, 15051 MiB, 143771 MiB
2026/08/14 02:15:56.901, NVIDIA H200, 36, 99 %, 25 %, 15051 MiB, 143771 MiB
2026/08/14 02:15:59.901, NVIDIA H200, 37, 98 %, 32 %, 15051 MiB, 143771 MiB
2026/08/14 02:16:02.901, NVIDIA H200, 38, 99 %, 24 %, 15051 MiB, 143771 MiB
2026/08/14 02:16:05.902, NVIDIA H200, 36, 99 %, 24 %, 15051 MiB, 143771 MiB
2026/08/14 02:16:08.902, NVIDIA H200, 36, 99 %, 21 %, 15051 MiB, 143771 MiB
2026/08/14 02:16:11.902, NVIDIA H200, 38, 98 %, 30 %, 15051 MiB, 143771 MiB
2026/08/14 02:16:14.903, NVIDIA H200, 36, 99 %, 28 %, 15051 MiB, 143771 MiB
2026/08/14 02:16:17.903, NVIDIA H200, 37, 99 %, 24 %, 15051 MiB, 143771 MiB
2026/08/14 02:16:20.903, NVIDIA H200, 38, 98 %, 30 %, 15051 MiB, 143771 MiB
2026/08/14 02:16:23.903, NVIDIA H200, 38, 98 %, 31 %, 15051 MiB, 143771 MiB
2026/08/14 02:16:26.904, NVIDIA H200, 36, 99 %, 24 %, 15051 MiB, 143771 MiB
2026/08/14 02:16:29.904, NVIDIA H200, 26, 0 %, 0 %, 15051 MiB, 143771 MiB
2026/08/14 02:16:32.904, NVIDIA H200, 33, 81 %, 24 %, 15051 MiB, 143771 MiB
2026/08/14 02:16:35.905, NVIDIA H200, 28, 5 %, 0 %, 15051 MiB, 143771 MiB
2026/08/14 02:16:38.905, NVIDIA H200, 31, 83 %, 20 %, 15051 MiB, 143771 MiB
2026/08/14 02:16:41.905, NVIDIA H200, 36, 96 %, 26 %, 15051 MiB, 143771 MiB
2026/08/14 02:16:44.906, NVIDIA H200, 37, 98 %, 34 %, 15051 MiB, 143771 MiB
2026/08/14 02:16:47.906, NVIDIA H200, 38, 99 %, 23 %, 15051 MiB, 143771 MiB
2026/08/14 02:16:50.906, NVIDIA H200, 36, 98 %, 26 %, 15051 MiB, 143771 MiB
2026/08/14 02:16:53.907, NVIDIA H200, 37, 98 %, 34 %, 15051 MiB, 143771 MiB
2026/08/14 02:16:56.907, NVIDIA H200, 38, 99 %, 22 %, 15051 MiB, 143771 MiB
2026/08/14 02:16:59.907, NVIDIA H200, 37, 97 %, 26 %, 15051 MiB, 143771 MiB
2026/08/14 02:17:02.908, NVIDIA H200, 38, 98 %, 32 %, 15051 MiB, 143771 MiB
2026/08/14 02:17:05.908, NVIDIA H200, 37, 99 %, 22 %, 15051 MiB, 143771 MiB
2026/08/14 02:17:08.908, NVIDIA H200, 36, 98 %, 30 %, 15051 MiB, 143771 MiB
2026/08/14 02:17:11.909, NVIDIA H200, 37, 98 %, 30 %, 15051 MiB, 143771 MiB
2026/08/14 02:17:14.909, NVIDIA H200, 36, 99 %, 25 %, 15051 MiB, 143771 MiB
2026/08/14 02:17:17.909, NVIDIA H200, 36, 87 %, 27 %, 15051 MiB, 143771 MiB
2026/08/14 02:17:20.910, NVIDIA H200, 38, 98 %, 31 %, 15051 MiB, 143771 MiB
2026/08/14 02:17:23.910, NVIDIA H200, 36, 99 %, 24 %, 15051 MiB, 143771 MiB
2026/08/14 02:17:26.910, NVIDIA H200, 36, 98 %, 32 %, 15051 MiB, 143771 MiB
2026/08/14 02:17:29.911, NVIDIA H200, 39, 100 %, 23 %, 15051 MiB, 143771 MiB
2026/08/14 02:17:32.911, NVIDIA H200, 36, 99 %, 26 %, 15051 MiB, 143771 MiB
2026/08/14 02:17:35.911, NVIDIA H200, 37, 98 %, 34 %, 15051 MiB, 143771 MiB
2026/08/14 02:17:38.912, NVIDIA H200, 38, 99 %, 23 %, 15051 MiB, 143771 MiB
2026/08/14 02:17:41.912, NVIDIA H200, 36, 98 %, 26 %, 15051 MiB, 143771 MiB
2026/08/14 02:17:44.912, NVIDIA H200, 38, 98 %, 32 %, 15051 MiB, 143771 MiB
2026/08/14 02:17:47.912, NVIDIA H200, 37, 99 %, 22 %, 15051 MiB, 143771 MiB
2026/08/14 02:17:50.913, NVIDIA H200, 37, 97 %, 29 %, 15051 MiB, 143771 MiB
2026/08/14 02:17:53.913, NVIDIA H200, 37, 98 %, 34 %, 15051 MiB, 143771 MiB
2026/08/14 02:17:56.913, NVIDIA H200, 37, 99 %, 27 %, 15051 MiB, 143771 MiB
2026/08/14 02:17:59.914, NVIDIA H200, 38, 99 %, 25 %, 15051 MiB, 143771 MiB
2026/08/14 02:18:02.914, NVIDIA H200, 36, 97 %, 31 %, 15051 MiB, 143771 MiB
2026/08/14 02:18:05.914, NVIDIA H200, 36, 100 %, 23 %, 15051 MiB, 143771 MiB
2026/08/14 02:18:08.915, NVIDIA H200, 39, 97 %, 26 %, 15051 MiB, 143771 MiB
2026/08/14 02:18:11.915, NVIDIA H200, 37, 98 %, 34 %, 15051 MiB, 143771 MiB
2026/08/14 02:18:14.915, NVIDIA H200, 36, 98 %, 28 %, 15051 MiB, 143771 MiB
2026/08/14 02:18:17.916, NVIDIA H200, 38, 98 %, 21 %, 15051 MiB, 143771 MiB
2026/08/14 02:18:20.916, NVIDIA H200, 38, 98 %, 29 %, 15051 MiB, 143771 MiB
2026/08/14 02:18:23.916, NVIDIA H200, 36, 98 %, 30 %, 15051 MiB, 143771 MiB
2026/08/14 02:18:26.917, NVIDIA H200, 38, 99 %, 25 %, 15051 MiB, 143771 MiB
2026/08/14 02:18:29.917, NVIDIA H200, 38, 96 %, 29 %, 15051 MiB, 143771 MiB
2026/08/14 02:18:32.917, NVIDIA H200, 37, 98 %, 32 %, 15051 MiB, 143771 MiB
2026/08/14 02:18:35.918, NVIDIA H200, 37, 99 %, 20 %, 15051 MiB, 143771 MiB
2026/08/14 02:18:38.918, NVIDIA H200, 38, 98 %, 29 %, 15051 MiB, 143771 MiB
2026/08/14 02:18:41.918, NVIDIA H200, 37, 98 %, 31 %, 15051 MiB, 143771 MiB
2026/08/14 02:18:44.919, NVIDIA H200, 38, 99 %, 24 %, 15051 MiB, 143771 MiB
2026/08/14 02:18:47.919, NVIDIA H200, 28, 0 %, 0 %, 15051 MiB, 143771 MiB
2026/08/14 02:18:50.919, NVIDIA H200, 33, 61 %, 18 %, 15051 MiB, 143771 MiB
2026/08/14 02:18:53.920, NVIDIA H200, 37, 98 %, 33 %, 15051 MiB, 143771 MiB
2026/08/14 02:18:56.920, NVIDIA H200, 35, 100 %, 24 %, 15051 MiB, 143771 MiB
2026/08/14 02:18:59.920, NVIDIA H200, 38, 98 %, 25 %, 15051 MiB, 143771 MiB
2026/08/14 02:19:02.921, NVIDIA H200, 37, 98 %, 34 %, 15051 MiB, 143771 MiB
2026/08/14 02:19:05.921, NVIDIA H200, 36, 98 %, 33 %, 15051 MiB, 143771 MiB
2026/08/14 02:19:08.921, NVIDIA H200, 37, 99 %, 22 %, 15051 MiB, 143771 MiB
2026/08/14 02:19:11.922, NVIDIA H200, 38, 98 %, 29 %, 15051 MiB, 143771 MiB
2026/08/14 02:19:14.922, NVIDIA H200, 37, 98 %, 31 %, 15051 MiB, 143771 MiB
2026/08/14 02:19:17.922, NVIDIA H200, 38, 99 %, 23 %, 15051 MiB, 143771 MiB
2026/08/14 02:19:20.922, NVIDIA H200, 37, 98 %, 31 %, 15051 MiB, 143771 MiB
2026/08/14 02:19:23.923, NVIDIA H200, 37, 99 %, 27 %, 15051 MiB, 143771 MiB
2026/08/14 02:19:26.923, NVIDIA H200, 38, 99 %, 25 %, 15051 MiB, 143771 MiB
2026/08/14 02:19:29.923, NVIDIA H200, 36, 98 %, 31 %, 15051 MiB, 143771 MiB
2026/08/14 02:19:32.924, NVIDIA H200, 37, 99 %, 25 %, 15051 MiB, 143771 MiB
2026/08/14 02:19:35.924, NVIDIA H200, 38, 98 %, 26 %, 15051 MiB, 143771 MiB
2026/08/14 02:19:38.924, NVIDIA H200, 37, 94 %, 30 %, 15051 MiB, 143771 MiB
2026/08/14 02:19:41.925, NVIDIA H200, 37, 98 %, 33 %, 15051 MiB, 143771 MiB
2026/08/14 02:19:44.925, NVIDIA H200, 38, 99 %, 21 %, 15051 MiB, 143771 MiB
2026/08/14 02:19:47.925, NVIDIA H200, 38, 98 %, 29 %, 15051 MiB, 143771 MiB
2026/08/14 02:19:50.926, NVIDIA H200, 37, 98 %, 31 %, 15051 MiB, 143771 MiB
2026/08/14 02:19:53.926, NVIDIA H200, 39, 99 %, 25 %, 15051 MiB, 143771 MiB
2026/08/14 02:19:56.926, NVIDIA H200, 37, 98 %, 31 %, 15051 MiB, 143771 MiB
2026/08/14 02:19:59.927, NVIDIA H200, 36, 100 %, 24 %, 15051 MiB, 143771 MiB
2026/08/14 02:20:02.927, NVIDIA H200, 38, 99 %, 26 %, 15051 MiB, 143771 MiB
2026/08/14 02:20:05.927, NVIDIA H200, 37, 98 %, 33 %, 15051 MiB, 143771 MiB
2026/08/14 02:20:08.928, NVIDIA H200, 37, 99 %, 23 %, 15051 MiB, 143771 MiB
2026/08/14 02:20:11.928, NVIDIA H200, 39, 98 %, 27 %, 15051 MiB, 143771 MiB
2026/08/14 02:20:14.928, NVIDIA H200, 38, 97 %, 26 %, 15051 MiB, 143771 MiB
2026/08/14 02:20:17.929, NVIDIA H200, 37, 98 %, 34 %, 15051 MiB, 143771 MiB
2026/08/14 02:20:20.929, NVIDIA H200, 37, 99 %, 22 %, 15051 MiB, 143771 MiB
2026/08/14 02:20:23.929, NVIDIA H200, 38, 97 %, 27 %, 15051 MiB, 143771 MiB
2026/08/14 02:20:26.930, NVIDIA H200, 37, 98 %, 31 %, 15051 MiB, 143771 MiB
2026/08/14 02:20:29.930, NVIDIA H200, 38, 99 %, 23 %, 15051 MiB, 143771 MiB
2026/08/14 02:20:32.930, NVIDIA H200, 38, 98 %, 31 %, 15051 MiB, 143771 MiB
2026/08/14 02:20:35.930, NVIDIA H200, 37, 99 %, 27 %, 15051 MiB, 143771 MiB
2026/08/14 02:20:38.931, NVIDIA H200, 37, 99 %, 25 %, 15051 MiB, 143771 MiB
2026/08/14 02:20:41.931, NVIDIA H200, 37, 98 %, 32 %, 15051 MiB, 143771 MiB
2026/08/14 02:20:44.931, NVIDIA H200, 37, 99 %, 24 %, 15051 MiB, 143771 MiB
2026/08/14 02:20:47.932, NVIDIA H200, 37, 92 %, 20 %, 15051 MiB, 143771 MiB
2026/08/14 02:20:50.932, NVIDIA H200, 37, 98 %, 22 %, 15051 MiB, 143771 MiB
2026/08/14 02:20:53.932, NVIDIA H200, 39, 97 %, 27 %, 15051 MiB, 143771 MiB
2026/08/14 02:20:56.933, NVIDIA H200, 36, 98 %, 33 %, 15051 MiB, 143771 MiB
2026/08/14 02:20:59.933, NVIDIA H200, 37, 99 %, 21 %, 15051 MiB, 143771 MiB
2026/08/14 02:21:02.933, NVIDIA H200, 38, 98 %, 30 %, 15051 MiB, 143771 MiB
2026/08/14 02:21:05.934, NVIDIA H200, 33, 61 %, 19 %, 15051 MiB, 143771 MiB
2026/08/14 02:21:08.934, NVIDIA H200, 33, 78 %, 20 %, 15051 MiB, 143771 MiB
2026/08/14 02:21:11.934, NVIDIA H200, 35, 80 %, 16 %, 15051 MiB, 143771 MiB
2026/08/14 02:21:14.935, NVIDIA H200, 37, 98 %, 26 %, 15051 MiB, 143771 MiB
2026/08/14 02:21:17.935, NVIDIA H200, 38, 98 %, 34 %, 15051 MiB, 143771 MiB
2026/08/14 02:21:20.935, NVIDIA H200, 38, 99 %, 23 %, 15051 MiB, 143771 MiB
2026/08/14 02:21:23.936, NVIDIA H200, 36, 95 %, 23 %, 15051 MiB, 143771 MiB
2026/08/14 02:21:26.936, NVIDIA H200, 38, 99 %, 22 %, 15051 MiB, 143771 MiB
2026/08/14 02:21:29.936, NVIDIA H200, 37, 97 %, 26 %, 15051 MiB, 143771 MiB
2026/08/14 02:21:32.937, NVIDIA H200, 36, 93 %, 28 %, 15051 MiB, 143771 MiB
2026/08/14 02:21:35.937, NVIDIA H200, 39, 100 %, 25 %, 15051 MiB, 143771 MiB
2026/08/14 02:21:38.937, NVIDIA H200, 36, 99 %, 26 %, 15051 MiB, 143771 MiB
2026/08/14 02:21:41.937, NVIDIA H200, 37, 98 %, 34 %, 15051 MiB, 143771 MiB
2026/08/14 02:21:44.938, NVIDIA H200, 38, 99 %, 23 %, 15051 MiB, 143771 MiB
2026/08/14 02:21:47.938, NVIDIA H200, 37, 98 %, 27 %, 15051 MiB, 143771 MiB
2026/08/14 02:21:50.938, NVIDIA H200, 38, 98 %, 32 %, 15051 MiB, 143771 MiB
2026/08/14 02:21:53.939, NVIDIA H200, 37, 99 %, 22 %, 15051 MiB, 143771 MiB
2026/08/14 02:21:56.939, NVIDIA H200, 37, 98 %, 30 %, 15051 MiB, 143771 MiB
2026/08/14 02:21:59.939, NVIDIA H200, 37, 98 %, 31 %, 15051 MiB, 143771 MiB
2026/08/14 02:22:02.940, NVIDIA H200, 39, 100 %, 26 %, 15051 MiB, 143771 MiB
2026/08/14 02:22:05.940, NVIDIA H200, 36, 99 %, 25 %, 15051 MiB, 143771 MiB
2026/08/14 02:22:08.940, NVIDIA H200, 37, 98 %, 32 %, 15051 MiB, 143771 MiB
2026/08/14 02:22:11.941, NVIDIA H200, 38, 100 %, 25 %, 15051 MiB, 143771 MiB
2026/08/14 02:22:14.941, NVIDIA H200, 37, 98 %, 27 %, 15051 MiB, 143771 MiB
2026/08/14 02:22:17.941, NVIDIA H200, 38, 98 %, 34 %, 15051 MiB, 143771 MiB
2026/08/14 02:22:20.942, NVIDIA H200, 38, 99 %, 21 %, 15051 MiB, 143771 MiB
2026/08/14 02:22:23.942, NVIDIA H200, 37, 97 %, 28 %, 15051 MiB, 143771 MiB
2026/08/14 02:22:26.942, NVIDIA H200, 39, 98 %, 31 %, 15051 MiB, 143771 MiB
2026/08/14 02:22:29.942, NVIDIA H200, 37, 99 %, 22 %, 15051 MiB, 143771 MiB
2026/08/14 02:22:32.943, NVIDIA H200, 36, 90 %, 28 %, 15051 MiB, 143771 MiB
2026/08/14 02:22:35.943, NVIDIA H200, 36, 97 %, 31 %, 15051 MiB, 143771 MiB
2026/08/14 02:22:38.943, NVIDIA H200, 39, 100 %, 26 %, 15051 MiB, 143771 MiB
2026/08/14 02:22:41.944, NVIDIA H200, 37, 99 %, 25 %, 15051 MiB, 143771 MiB
2026/08/14 02:22:44.944, NVIDIA H200, 37, 98 %, 31 %, 15051 MiB, 143771 MiB
2026/08/14 02:22:47.944, NVIDIA H200, 38, 100 %, 23 %, 15051 MiB, 143771 MiB
2026/08/14 02:22:50.945, NVIDIA H200, 37, 97 %, 27 %, 15051 MiB, 143771 MiB
2026/08/14 02:22:53.945, NVIDIA H200, 38, 98 %, 34 %, 15051 MiB, 143771 MiB
2026/08/14 02:22:56.945, NVIDIA H200, 37, 99 %, 22 %, 15051 MiB, 143771 MiB
2026/08/14 02:22:59.946, NVIDIA H200, 38, 98 %, 28 %, 15051 MiB, 143771 MiB
2026/08/14 02:23:02.946, NVIDIA H200, 37, 99 %, 31 %, 15051 MiB, 143771 MiB
2026/08/14 02:23:05.946, NVIDIA H200, 38, 99 %, 24 %, 15051 MiB, 143771 MiB
2026/08/14 02:23:08.947, NVIDIA H200, 38, 88 %, 19 %, 15051 MiB, 143771 MiB
2026/08/14 02:23:11.947, NVIDIA H200, 38, 98 %, 31 %, 15051 MiB, 143771 MiB
2026/08/14 02:23:14.947, NVIDIA H200, 37, 99 %, 28 %, 15051 MiB, 143771 MiB
2026/08/14 02:23:17.947, NVIDIA H200, 38, 99 %, 25 %, 15051 MiB, 143771 MiB
2026/08/14 02:23:20.948, NVIDIA H200, 31, 34 %, 9 %, 15051 MiB, 143771 MiB
2026/08/14 02:23:23.948, NVIDIA H200, 32, 80 %, 21 %, 15051 MiB, 143771 MiB
2026/08/14 02:23:26.948, NVIDIA H200, 26, 0 %, 0 %, 15051 MiB, 143771 MiB
2026/08/14 02:23:29.949, NVIDIA H200, 37, 99 %, 24 %, 15051 MiB, 143771 MiB
2026/08/14 02:23:32.949, NVIDIA H200, 36, 98 %, 31 %, 15051 MiB, 143771 MiB
2026/08/14 02:23:35.949, NVIDIA H200, 36, 100 %, 23 %, 15051 MiB, 143771 MiB
2026/08/14 02:23:38.950, NVIDIA H200, 38, 98 %, 26 %, 15051 MiB, 143771 MiB
2026/08/14 02:23:41.950, NVIDIA H200, 36, 97 %, 30 %, 15051 MiB, 143771 MiB
2026/08/14 02:23:44.950, NVIDIA H200, 36, 98 %, 31 %, 15051 MiB, 143771 MiB
2026/08/14 02:23:47.951, NVIDIA H200, 37, 99 %, 20 %, 15051 MiB, 143771 MiB
2026/08/14 02:23:50.951, NVIDIA H200, 36, 98 %, 29 %, 15051 MiB, 143771 MiB
2026/08/14 02:23:53.951, NVIDIA H200, 37, 98 %, 31 %, 15051 MiB, 143771 MiB
2026/08/14 02:23:56.952, NVIDIA H200, 36, 99 %, 24 %, 15051 MiB, 143771 MiB
2026/08/14 02:23:59.952, NVIDIA H200, 36, 98 %, 31 %, 15051 MiB, 143771 MiB
2026/08/14 02:24:02.952, NVIDIA H200, 38, 100 %, 26 %, 15051 MiB, 143771 MiB
2026/08/14 02:24:05.953, NVIDIA H200, 36, 99 %, 25 %, 15051 MiB, 143771 MiB
2026/08/14 02:24:08.953, NVIDIA H200, 37, 98 %, 31 %, 15051 MiB, 143771 MiB
2026/08/14 02:24:11.953, NVIDIA H200, 38, 100 %, 24 %, 15051 MiB, 143771 MiB
2026/08/14 02:24:14.954, NVIDIA H200, 37, 98 %, 26 %, 15051 MiB, 143771 MiB
2026/08/14 02:24:17.954, NVIDIA H200, 37, 97 %, 29 %, 15051 MiB, 143771 MiB
2026/08/14 02:24:20.954, NVIDIA H200, 37, 98 %, 29 %, 15051 MiB, 143771 MiB
2026/08/14 02:24:23.955, NVIDIA H200, 36, 99 %, 25 %, 15051 MiB, 143771 MiB
2026/08/14 02:24:26.955, NVIDIA H200, 37, 99 %, 31 %, 15051 MiB, 143771 MiB
2026/08/14 02:24:29.955, NVIDIA H200, 38, 100 %, 24 %, 15051 MiB, 143771 MiB
2026/08/14 02:24:32.955, NVIDIA H200, 36, 99 %, 25 %, 15051 MiB, 143771 MiB
2026/08/14 02:24:35.956, NVIDIA H200, 36, 84 %, 26 %, 15051 MiB, 143771 MiB
2026/08/14 02:24:38.956, NVIDIA H200, 37, 98 %, 30 %, 15051 MiB, 143771 MiB
2026/08/14 02:24:41.956, NVIDIA H200, 36, 99 %, 24 %, 15051 MiB, 143771 MiB
2026/08/14 02:24:44.957, NVIDIA H200, 36, 98 %, 31 %, 15051 MiB, 143771 MiB
2026/08/14 02:24:47.957, NVIDIA H200, 39, 100 %, 25 %, 15051 MiB, 143771 MiB
2026/08/14 02:24:50.957, NVIDIA H200, 36, 95 %, 24 %, 15051 MiB, 143771 MiB
2026/08/14 02:24:53.958, NVIDIA H200, 37, 97 %, 29 %, 15051 MiB, 143771 MiB
2026/08/14 02:24:56.958, NVIDIA H200, 37, 98 %, 29 %, 15051 MiB, 143771 MiB
2026/08/14 02:24:59.958, NVIDIA H200, 36, 99 %, 25 %, 15051 MiB, 143771 MiB
2026/08/14 02:25:02.959, NVIDIA H200, 37, 98 %, 30 %, 15051 MiB, 143771 MiB
2026/08/14 02:25:05.959, NVIDIA H200, 38, 100 %, 24 %, 15051 MiB, 143771 MiB
2026/08/14 02:25:08.959, NVIDIA H200, 37, 98 %, 25 %, 15051 MiB, 143771 MiB
2026/08/14 02:25:11.960, NVIDIA H200, 37, 98 %, 34 %, 15051 MiB, 143771 MiB
2026/08/14 02:25:14.960, NVIDIA H200, 38, 99 %, 22 %, 15051 MiB, 143771 MiB
2026/08/14 02:25:17.960, NVIDIA H200, 36, 98 %, 27 %, 15051 MiB, 143771 MiB
2026/08/14 02:25:20.961, NVIDIA H200, 38, 98 %, 31 %, 15051 MiB, 143771 MiB
2026/08/14 02:25:23.961, NVIDIA H200, 37, 99 %, 21 %, 15051 MiB, 143771 MiB
2026/08/14 02:25:26.961, NVIDIA H200, 37, 98 %, 27 %, 15051 MiB, 143771 MiB
2026/08/14 02:25:29.962, NVIDIA H200, 38, 98 %, 32 %, 15051 MiB, 143771 MiB
2026/08/14 02:25:32.962, NVIDIA H200, 37, 99 %, 21 %, 15051 MiB, 143771 MiB
2026/08/14 02:25:35.962, NVIDIA H200, 36, 97 %, 31 %, 15051 MiB, 143771 MiB
2026/08/14 02:25:38.962, NVIDIA H200, 32, 81 %, 26 %, 15051 MiB, 143771 MiB
2026/08/14 02:25:41.963, NVIDIA H200, 35, 73 %, 22 %, 15051 MiB, 143771 MiB
2026/08/14 02:25:44.963, NVIDIA H200, 25, 0 %, 0 %, 15051 MiB, 143771 MiB
2026/08/14 02:25:47.963, NVIDIA H200, 24, 0 %, 0 %, 15051 MiB, 143771 MiB
2026/08/14 02:25:50.964, NVIDIA H200, 35, 99 %, 29 %, 15051 MiB, 143771 MiB
2026/08/14 02:25:53.964, NVIDIA H200, 36, 99 %, 25 %, 15051 MiB, 143771 MiB
2026/08/14 02:25:56.964, NVIDIA H200, 36, 97 %, 31 %, 15051 MiB, 143771 MiB
2026/08/14 02:25:59.965, NVIDIA H200, 37, 98 %, 28 %, 15051 MiB, 143771 MiB
2026/08/14 02:26:02.965, NVIDIA H200, 36, 98 %, 24 %, 15051 MiB, 143771 MiB
2026/08/14 02:26:05.965, NVIDIA H200, 36, 98 %, 31 %, 15051 MiB, 143771 MiB
2026/08/14 02:26:08.966, NVIDIA H200, 38, 99 %, 27 %, 15051 MiB, 143771 MiB
2026/08/14 02:26:11.966, NVIDIA H200, 37, 98 %, 25 %, 15051 MiB, 143771 MiB
2026/08/14 02:26:14.966, NVIDIA H200, 37, 98 %, 31 %, 15051 MiB, 143771 MiB
2026/08/14 02:26:17.967, NVIDIA H200, 39, 100 %, 24 %, 15051 MiB, 143771 MiB
2026/08/14 02:26:20.967, NVIDIA H200, 36, 99 %, 26 %, 15051 MiB, 143771 MiB
2026/08/14 02:26:23.967, NVIDIA H200, 37, 99 %, 25 %, 15051 MiB, 143771 MiB
2026/08/14 02:26:26.968, NVIDIA H200, 38, 99 %, 30 %, 15051 MiB, 143771 MiB
2026/08/14 02:26:29.968, NVIDIA H200, 37, 100 %, 23 %, 15051 MiB, 143771 MiB
2026/08/14 02:26:32.968, NVIDIA H200, 38, 99 %, 27 %, 15051 MiB, 143771 MiB
2026/08/14 02:26:35.968, NVIDIA H200, 38, 98 %, 30 %, 15051 MiB, 143771 MiB
2026/08/14 02:26:38.969, NVIDIA H200, 36, 99 %, 27 %, 15051 MiB, 143771 MiB
2026/08/14 02:26:41.969, NVIDIA H200, 37, 99 %, 25 %, 15051 MiB, 143771 MiB
2026/08/14 02:26:44.969, NVIDIA H200, 38, 98 %, 32 %, 15051 MiB, 143771 MiB
2026/08/14 02:26:47.970, NVIDIA H200, 36, 99 %, 25 %, 15051 MiB, 143771 MiB
2026/08/14 02:26:50.970, NVIDIA H200, 38, 97 %, 27 %, 15051 MiB, 143771 MiB
2026/08/14 02:26:53.970, NVIDIA H200, 36, 98 %, 33 %, 15051 MiB, 143771 MiB
2026/08/14 02:26:56.971, NVIDIA H200, 36, 99 %, 20 %, 15051 MiB, 143771 MiB
2026/08/14 02:26:59.971, NVIDIA H200, 38, 98 %, 29 %, 15051 MiB, 143771 MiB
2026/08/14 02:27:02.971, NVIDIA H200, 37, 98 %, 31 %, 15051 MiB, 143771 MiB
2026/08/14 02:27:05.972, NVIDIA H200, 37, 99 %, 24 %, 15051 MiB, 143771 MiB
2026/08/14 02:27:08.972, NVIDIA H200, 39, 96 %, 30 %, 15051 MiB, 143771 MiB
2026/08/14 02:27:11.972, NVIDIA H200, 36, 98 %, 31 %, 15051 MiB, 143771 MiB
2026/08/14 02:27:14.973, NVIDIA H200, 37, 99 %, 22 %, 15051 MiB, 143771 MiB
2026/08/14 02:27:17.973, NVIDIA H200, 39, 98 %, 31 %, 15051 MiB, 143771 MiB
2026/08/14 02:27:20.973, NVIDIA H200, 36, 98 %, 28 %, 15051 MiB, 143771 MiB
2026/08/14 02:27:23.973, NVIDIA H200, 37, 99 %, 24 %, 15051 MiB, 143771 MiB
2026/08/14 02:27:26.974, NVIDIA H200, 38, 99 %, 31 %, 15051 MiB, 143771 MiB
2026/08/14 02:27:29.974, NVIDIA H200, 36, 100 %, 23 %, 15051 MiB, 143771 MiB
2026/08/14 02:27:32.974, NVIDIA H200, 38, 98 %, 26 %, 15051 MiB, 143771 MiB
2026/08/14 02:27:35.975, NVIDIA H200, 37, 98 %, 34 %, 15051 MiB, 143771 MiB
2026/08/14 02:27:38.975, NVIDIA H200, 37, 99 %, 22 %, 15051 MiB, 143771 MiB
2026/08/14 02:27:41.975, NVIDIA H200, 37, 98 %, 27 %, 15051 MiB, 143771 MiB
2026/08/14 02:27:44.975, NVIDIA H200, 37, 98 %, 26 %, 15051 MiB, 143771 MiB
2026/08/14 02:27:47.976, NVIDIA H200, 38, 98 %, 31 %, 15051 MiB, 143771 MiB
2026/08/14 02:27:50.976, NVIDIA H200, 36, 100 %, 26 %, 15051 MiB, 143771 MiB
2026/08/14 02:27:53.976, NVIDIA H200, 38, 99 %, 26 %, 15051 MiB, 143771 MiB
2026/08/14 02:27:56.976, NVIDIA H200, 38, 99 %, 31 %, 15051 MiB, 143771 MiB
2026/08/14 02:27:59.977, NVIDIA H200, 33, 79 %, 21 %, 15051 MiB, 143771 MiB
2026/08/14 02:28:02.977, NVIDIA H200, 35, 61 %, 19 %, 15051 MiB, 143771 MiB
2026/08/14 02:28:05.977, NVIDIA H200, 30, 54 %, 17 %, 15051 MiB, 143771 MiB
2026/08/14 02:28:08.978, NVIDIA H200, 37, 98 %, 34 %, 15051 MiB, 143771 MiB
2026/08/14 02:28:11.978, NVIDIA H200, 37, 99 %, 22 %, 15051 MiB, 143771 MiB
2026/08/14 02:28:14.978, NVIDIA H200, 36, 97 %, 26 %, 15051 MiB, 143771 MiB
2026/08/14 02:28:17.979, NVIDIA H200, 38, 97 %, 32 %, 15051 MiB, 143771 MiB
2026/08/14 02:28:20.979, NVIDIA H200, 37, 98 %, 30 %, 15051 MiB, 143771 MiB
2026/08/14 02:28:23.979, NVIDIA H200, 36, 99 %, 25 %, 15051 MiB, 143771 MiB
2026/08/14 02:28:26.980, NVIDIA H200, 37, 98 %, 31 %, 15051 MiB, 143771 MiB
2026/08/14 02:28:29.980, NVIDIA H200, 38, 100 %, 23 %, 15051 MiB, 143771 MiB
2026/08/14 02:28:32.980, NVIDIA H200, 36, 97 %, 25 %, 15051 MiB, 143771 MiB
2026/08/14 02:28:35.981, NVIDIA H200, 37, 98 %, 34 %, 15051 MiB, 143771 MiB
2026/08/14 02:28:38.981, NVIDIA H200, 38, 99 %, 22 %, 15051 MiB, 143771 MiB
2026/08/14 02:28:41.981, NVIDIA H200, 37, 97 %, 26 %, 15051 MiB, 143771 MiB
2026/08/14 02:28:44.981, NVIDIA H200, 38, 98 %, 32 %, 15051 MiB, 143771 MiB
2026/08/14 02:28:47.982, NVIDIA H200, 37, 99 %, 21 %, 15051 MiB, 143771 MiB
2026/08/14 02:28:50.982, NVIDIA H200, 36, 98 %, 29 %, 15051 MiB, 143771 MiB
2026/08/14 02:28:53.982, NVIDIA H200, 38, 98 %, 33 %, 15051 MiB, 143771 MiB
2026/08/14 02:28:56.983, NVIDIA H200, 38, 99 %, 22 %, 15051 MiB, 143771 MiB
2026/08/14 02:28:59.983, NVIDIA H200, 36, 97 %, 27 %, 15051 MiB, 143771 MiB
2026/08/14 02:29:02.983, NVIDIA H200, 38, 98 %, 31 %, 15051 MiB, 143771 MiB
2026/08/14 02:29:05.984, NVIDIA H200, 37, 99 %, 23 %, 15051 MiB, 143771 MiB
2026/08/14 02:29:08.984, NVIDIA H200, 36, 98 %, 31 %, 15051 MiB, 143771 MiB
2026/08/14 02:29:11.984, NVIDIA H200, 38, 99 %, 27 %, 15051 MiB, 143771 MiB
2026/08/14 02:29:14.985, NVIDIA H200, 37, 99 %, 25 %, 15051 MiB, 143771 MiB
2026/08/14 02:29:17.985, NVIDIA H200, 37, 98 %, 32 %, 15051 MiB, 143771 MiB
2026/08/14 02:29:20.985, NVIDIA H200, 38, 99 %, 24 %, 15051 MiB, 143771 MiB
2026/08/14 02:29:23.987, NVIDIA H200, 37, 98 %, 27 %, 15051 MiB, 143771 MiB
2026/08/14 02:29:26.987, NVIDIA H200, 38, 98 %, 31 %, 15051 MiB, 143771 MiB
2026/08/14 02:29:29.987, NVIDIA H200, 37, 99 %, 22 %, 15051 MiB, 143771 MiB
2026/08/14 02:29:32.988, NVIDIA H200, 37, 98 %, 26 %, 15051 MiB, 143771 MiB
2026/08/14 02:29:35.988, NVIDIA H200, 38, 98 %, 32 %, 15051 MiB, 143771 MiB
2026/08/14 02:29:38.988, NVIDIA H200, 37, 99 %, 21 %, 15051 MiB, 143771 MiB
2026/08/14 02:29:41.989, NVIDIA H200, 37, 97 %, 29 %, 15051 MiB, 143771 MiB
2026/08/14 02:29:44.989, NVIDIA H200, 38, 98 %, 31 %, 15051 MiB, 143771 MiB
2026/08/14 02:29:47.989, NVIDIA H200, 36, 99 %, 24 %, 15051 MiB, 143771 MiB
2026/08/14 02:29:50.990, NVIDIA H200, 36, 98 %, 31 %, 15051 MiB, 143771 MiB
2026/08/14 02:29:53.990, NVIDIA H200, 38, 100 %, 27 %, 15051 MiB, 143771 MiB
2026/08/14 02:29:56.990, NVIDIA H200, 37, 98 %, 25 %, 15051 MiB, 143771 MiB
2026/08/14 02:29:59.991, NVIDIA H200, 37, 98 %, 31 %, 15051 MiB, 143771 MiB
2026/08/14 02:30:02.991, NVIDIA H200, 38, 100 %, 23 %, 15051 MiB, 143771 MiB
2026/08/14 02:30:05.991, NVIDIA H200, 37, 98 %, 25 %, 15051 MiB, 143771 MiB
2026/08/14 02:30:08.991, NVIDIA H200, 38, 98 %, 34 %, 15051 MiB, 143771 MiB
2026/08/14 02:30:11.992, NVIDIA H200, 38, 99 %, 22 %, 15051 MiB, 143771 MiB
2026/08/14 02:30:14.992, NVIDIA H200, 30, 0 %, 0 %, 15051 MiB, 143771 MiB
2026/08/14 02:30:17.992, NVIDIA H200, 34, 82 %, 23 %, 15051 MiB, 143771 MiB
2026/08/14 02:30:20.993, NVIDIA H200, 32, 73 %, 24 %, 15051 MiB, 143771 MiB
2026/08/14 02:30:23.993, NVIDIA H200, 38, 99 %, 22 %, 15051 MiB, 143771 MiB
2026/08/14 02:30:26.993, NVIDIA H200, 37, 98 %, 26 %, 15051 MiB, 143771 MiB
2026/08/14 02:30:29.994, NVIDIA H200, 39, 98 %, 32 %, 15051 MiB, 143771 MiB
2026/08/14 02:30:32.994, NVIDIA H200, 38, 99 %, 21 %, 15051 MiB, 143771 MiB
2026/08/14 02:30:35.994, NVIDIA H200, 37, 97 %, 29 %, 15051 MiB, 143771 MiB
2026/08/14 02:30:38.995, NVIDIA H200, 38, 98 %, 30 %, 15051 MiB, 143771 MiB
2026/08/14 02:30:41.995, NVIDIA H200, 38, 99 %, 22 %, 15051 MiB, 143771 MiB
2026/08/14 02:30:44.995, NVIDIA H200, 37, 97 %, 28 %, 15051 MiB, 143771 MiB
2026/08/14 02:30:47.996, NVIDIA H200, 39, 98 %, 31 %, 15051 MiB, 143771 MiB
2026/08/14 02:30:50.996, NVIDIA H200, 37, 99 %, 22 %, 15051 MiB, 143771 MiB
2026/08/14 02:30:53.996, NVIDIA H200, 37, 98 %, 30 %, 15051 MiB, 143771 MiB
2026/08/14 02:30:56.997, NVIDIA H200, 38, 98 %, 28 %, 15051 MiB, 143771 MiB
2026/08/14 02:30:59.997, NVIDIA H200, 38, 99 %, 20 %, 15051 MiB, 143771 MiB
2026/08/14 02:31:02.997, NVIDIA H200, 38, 98 %, 27 %, 15051 MiB, 143771 MiB
2026/08/14 02:31:05.997, NVIDIA H200, 38, 98 %, 32 %, 15051 MiB, 143771 MiB
2026/08/14 02:31:08.998, NVIDIA H200, 38, 100 %, 24 %, 15051 MiB, 143771 MiB
2026/08/14 02:31:11.998, NVIDIA H200, 37, 99 %, 25 %, 15051 MiB, 143771 MiB
2026/08/14 02:31:14.999, NVIDIA H200, 37, 98 %, 27 %, 15051 MiB, 143771 MiB
2026/08/14 02:31:17.999, NVIDIA H200, 39, 98 %, 31 %, 15051 MiB, 143771 MiB
2026/08/14 02:31:20.999, NVIDIA H200, 37, 99 %, 23 %, 15051 MiB, 143771 MiB
2026/08/14 02:31:23.999, NVIDIA H200, 37, 98 %, 31 %, 15051 MiB, 143771 MiB
2026/08/14 02:31:27.000, NVIDIA H200, 39, 100 %, 27 %, 15051 MiB, 143771 MiB
2026/08/14 02:31:30.000, NVIDIA H200, 37, 99 %, 25 %, 15051 MiB, 143771 MiB
2026/08/14 02:31:33.001, NVIDIA H200, 39, 99 %, 22 %, 15051 MiB, 143771 MiB
2026/08/14 02:31:36.001, NVIDIA H200, 37, 98 %, 26 %, 15051 MiB, 143771 MiB
2026/08/14 02:31:39.002, NVIDIA H200, 39, 98 %, 31 %, 15051 MiB, 143771 MiB
2026/08/14 02:31:42.002, NVIDIA H200, 38, 99 %, 22 %, 15051 MiB, 143771 MiB
2026/08/14 02:31:45.002, NVIDIA H200, 37, 98 %, 30 %, 15051 MiB, 143771 MiB
2026/08/14 02:31:48.003, NVIDIA H200, 39, 98 %, 32 %, 15051 MiB, 143771 MiB
2026/08/14 02:31:51.003, NVIDIA H200, 39, 99 %, 22 %, 15051 MiB, 143771 MiB
2026/08/14 02:31:54.003, NVIDIA H200, 37, 97 %, 26 %, 15051 MiB, 143771 MiB
2026/08/14 02:31:57.003, NVIDIA H200, 39, 98 %, 32 %, 15051 MiB, 143771 MiB
2026/08/14 02:32:00.004, NVIDIA H200, 38, 99 %, 20 %, 15051 MiB, 143771 MiB
2026/08/14 02:32:03.004, NVIDIA H200, 37, 97 %, 28 %, 15051 MiB, 143771 MiB
2026/08/14 02:32:06.004, NVIDIA H200, 39, 98 %, 31 %, 15051 MiB, 143771 MiB
2026/08/14 02:32:09.005, NVIDIA H200, 37, 99 %, 22 %, 15051 MiB, 143771 MiB
2026/08/14 02:32:12.005, NVIDIA H200, 37, 98 %, 31 %, 15051 MiB, 143771 MiB
2026/08/14 02:32:15.005, NVIDIA H200, 38, 99 %, 27 %, 15051 MiB, 143771 MiB
2026/08/14 02:32:18.006, NVIDIA H200, 38, 99 %, 24 %, 15051 MiB, 143771 MiB
2026/08/14 02:32:21.006, NVIDIA H200, 37, 97 %, 31 %, 15051 MiB, 143771 MiB
2026/08/14 02:32:24.006, NVIDIA H200, 38, 98 %, 29 %, 15051 MiB, 143771 MiB
2026/08/14 02:32:27.007, NVIDIA H200, 37, 99 %, 25 %, 15051 MiB, 143771 MiB
2026/08/14 02:32:30.007, NVIDIA H200, 38, 99 %, 32 %, 15051 MiB, 143771 MiB
2026/08/14 02:32:33.007, NVIDIA H200, 36, 70 %, 19 %, 15051 MiB, 143771 MiB
2026/08/14 02:32:36.008, NVIDIA H200, 36, 73 %, 19 %, 15051 MiB, 143771 MiB
2026/08/14 02:32:39.008, NVIDIA H200, 36, 99 %, 25 %, 15051 MiB, 143771 MiB
2026/08/14 02:32:42.008, NVIDIA H200, 38, 99 %, 32 %, 15051 MiB, 143771 MiB
2026/08/14 02:32:45.008, NVIDIA H200, 39, 100 %, 24 %, 15051 MiB, 143771 MiB
2026/08/14 02:32:48.009, NVIDIA H200, 38, 98 %, 24 %, 15051 MiB, 143771 MiB
2026/08/14 02:32:51.009, NVIDIA H200, 37, 96 %, 26 %, 15051 MiB, 143771 MiB
2026/08/14 02:32:54.010, NVIDIA H200, 39, 98 %, 33 %, 15051 MiB, 143771 MiB
2026/08/14 02:32:57.010, NVIDIA H200, 39, 99 %, 25 %, 15051 MiB, 143771 MiB
2026/08/14 02:33:00.010, NVIDIA H200, 38, 98 %, 27 %, 15051 MiB, 143771 MiB
2026/08/14 02:33:03.011, NVIDIA H200, 39, 98 %, 33 %, 15051 MiB, 143771 MiB
2026/08/14 02:33:06.011, NVIDIA H200, 38, 99 %, 20 %, 15051 MiB, 143771 MiB
2026/08/14 02:33:09.011, NVIDIA H200, 37, 97 %, 29 %, 15051 MiB, 143771 MiB
2026/08/14 02:33:12.011, NVIDIA H200, 38, 98 %, 30 %, 15051 MiB, 143771 MiB
2026/08/14 02:33:15.012, NVIDIA H200, 39, 99 %, 25 %, 15051 MiB, 143771 MiB
2026/08/14 02:33:18.013, NVIDIA H200, 38, 98 %, 32 %, 15051 MiB, 143771 MiB
2026/08/14 02:33:21.013, NVIDIA H200, 37, 100 %, 24 %, 15051 MiB, 143771 MiB
2026/08/14 02:33:24.014, NVIDIA H200, 38, 99 %, 26 %, 15051 MiB, 143771 MiB
2026/08/14 02:33:27.014, NVIDIA H200, 37, 99 %, 32 %, 15051 MiB, 143771 MiB
2026/08/14 02:33:30.015, NVIDIA H200, 38, 99 %, 23 %, 15051 MiB, 143771 MiB
2026/08/14 02:33:33.015, NVIDIA H200, 39, 98 %, 27 %, 15051 MiB, 143771 MiB
2026/08/14 02:33:36.015, NVIDIA H200, 38, 98 %, 32 %, 15051 MiB, 143771 MiB
2026/08/14 02:33:39.015, NVIDIA H200, 39, 99 %, 20 %, 15051 MiB, 143771 MiB
2026/08/14 02:33:42.016, NVIDIA H200, 39, 98 %, 29 %, 15051 MiB, 143771 MiB
2026/08/14 02:33:45.016, NVIDIA H200, 37, 98 %, 30 %, 15051 MiB, 143771 MiB
2026/08/14 02:33:48.016, NVIDIA H200, 39, 99 %, 25 %, 15051 MiB, 143771 MiB
2026/08/14 02:33:51.017, NVIDIA H200, 37, 98 %, 31 %, 15051 MiB, 143771 MiB
2026/08/14 02:33:54.017, NVIDIA H200, 38, 100 %, 25 %, 15051 MiB, 143771 MiB
2026/08/14 02:33:57.017, NVIDIA H200, 40, 97 %, 27 %, 15051 MiB, 143771 MiB
2026/08/14 02:34:00.018, NVIDIA H200, 38, 98 %, 33 %, 15051 MiB, 143771 MiB
2026/08/14 02:34:03.018, NVIDIA H200, 38, 99 %, 22 %, 15051 MiB, 143771 MiB
2026/08/14 02:34:06.019, NVIDIA H200, 39, 98 %, 27 %, 15051 MiB, 143771 MiB
2026/08/14 02:34:09.019, NVIDIA H200, 37, 98 %, 32 %, 15051 MiB, 143771 MiB
2026/08/14 02:34:12.019, NVIDIA H200, 37, 100 %, 24 %, 15051 MiB, 143771 MiB
2026/08/14 02:34:15.020, NVIDIA H200, 39, 97 %, 26 %, 15051 MiB, 143771 MiB
2026/08/14 02:34:18.020, NVIDIA H200, 37, 98 %, 34 %, 15051 MiB, 143771 MiB
2026/08/14 02:34:21.020, NVIDIA H200, 38, 99 %, 22 %, 15051 MiB, 143771 MiB
2026/08/14 02:34:24.020, NVIDIA H200, 39, 98 %, 28 %, 15051 MiB, 143771 MiB
2026/08/14 02:34:27.021, NVIDIA H200, 38, 98 %, 31 %, 15051 MiB, 143771 MiB
2026/08/14 02:34:30.021, NVIDIA H200, 39, 99 %, 23 %, 15051 MiB, 143771 MiB
2026/08/14 02:34:33.021, NVIDIA H200, 39, 97 %, 31 %, 15051 MiB, 143771 MiB
2026/08/14 02:34:36.022, NVIDIA H200, 38, 99 %, 27 %, 15051 MiB, 143771 MiB
2026/08/14 02:34:39.022, NVIDIA H200, 38, 99 %, 24 %, 15051 MiB, 143771 MiB
2026/08/14 02:34:42.022, NVIDIA H200, 37, 98 %, 31 %, 15051 MiB, 143771 MiB
2026/08/14 02:34:45.023, NVIDIA H200, 38, 99 %, 24 %, 15051 MiB, 143771 MiB
2026/08/14 02:34:48.023, NVIDIA H200, 35, 70 %, 24 %, 15051 MiB, 143771 MiB
2026/08/14 02:34:51.023, NVIDIA H200, 35, 81 %, 23 %, 15051 MiB, 143771 MiB
2026/08/14 02:34:54.024, NVIDIA H200, 34, 70 %, 22 %, 15051 MiB, 143771 MiB
2026/08/14 02:34:57.024, NVIDIA H200, 37, 98 %, 31 %, 15051 MiB, 143771 MiB
2026/08/14 02:35:00.024, NVIDIA H200, 37, 100 %, 23 %, 15051 MiB, 143771 MiB
2026/08/14 02:35:03.025, NVIDIA H200, 39, 97 %, 27 %, 15051 MiB, 143771 MiB
2026/08/14 02:35:06.025, NVIDIA H200, 38, 98 %, 32 %, 15051 MiB, 143771 MiB
2026/08/14 02:35:09.025, NVIDIA H200, 38, 99 %, 21 %, 15051 MiB, 143771 MiB
2026/08/14 02:35:12.026, NVIDIA H200, 39, 98 %, 29 %, 15051 MiB, 143771 MiB
2026/08/14 02:35:15.026, NVIDIA H200, 38, 98 %, 31 %, 15051 MiB, 143771 MiB
2026/08/14 02:35:18.026, NVIDIA H200, 39, 99 %, 24 %, 15051 MiB, 143771 MiB
2026/08/14 02:35:21.027, NVIDIA H200, 38, 98 %, 31 %, 15051 MiB, 143771 MiB
2026/08/14 02:35:24.027, NVIDIA H200, 38, 98 %, 31 %, 15051 MiB, 143771 MiB
2026/08/14 02:35:27.027, NVIDIA H200, 38, 99 %, 22 %, 15051 MiB, 143771 MiB
2026/08/14 02:35:30.028, NVIDIA H200, 39, 98 %, 27 %, 15051 MiB, 143771 MiB
2026/08/14 02:35:33.028, NVIDIA H200, 38, 98 %, 32 %, 15051 MiB, 143771 MiB
2026/08/14 02:35:36.028, NVIDIA H200, 38, 99 %, 20 %, 15051 MiB, 143771 MiB
2026/08/14 02:35:39.029, NVIDIA H200, 39, 97 %, 29 %, 15051 MiB, 143771 MiB
2026/08/14 02:35:42.029, NVIDIA H200, 38, 98 %, 30 %, 15051 MiB, 143771 MiB
2026/08/14 02:35:45.029, NVIDIA H200, 39, 99 %, 24 %, 15051 MiB, 143771 MiB
2026/08/14 02:35:48.030, NVIDIA H200, 38, 97 %, 31 %, 15051 MiB, 143771 MiB
2026/08/14 02:35:51.030, NVIDIA H200, 38, 99 %, 27 %, 15051 MiB, 143771 MiB
2026/08/14 02:35:54.030, NVIDIA H200, 39, 99 %, 25 %, 15051 MiB, 143771 MiB
2026/08/14 02:35:57.031, NVIDIA H200, 37, 98 %, 31 %, 15051 MiB, 143771 MiB
2026/08/14 02:36:00.031, NVIDIA H200, 38, 99 %, 27 %, 15051 MiB, 143771 MiB
2026/08/14 02:36:03.031, NVIDIA H200, 39, 99 %, 24 %, 15051 MiB, 143771 MiB
2026/08/14 02:36:06.032, NVIDIA H200, 38, 98 %, 31 %, 15051 MiB, 143771 MiB
2026/08/14 02:36:09.032, NVIDIA H200, 37, 100 %, 24 %, 15051 MiB, 143771 MiB
2026/08/14 02:36:12.032, NVIDIA H200, 39, 98 %, 25 %, 15051 MiB, 143771 MiB
2026/08/14 02:36:15.033, NVIDIA H200, 38, 98 %, 34 %, 15051 MiB, 143771 MiB
2026/08/14 02:36:18.033, NVIDIA H200, 38, 99 %, 22 %, 15051 MiB, 143771 MiB
2026/08/14 02:36:21.033, NVIDIA H200, 39, 97 %, 27 %, 15051 MiB, 143771 MiB
2026/08/14 02:36:24.034, NVIDIA H200, 38, 98 %, 31 %, 15051 MiB, 143771 MiB
2026/08/14 02:36:27.034, NVIDIA H200, 39, 99 %, 22 %, 15051 MiB, 143771 MiB
2026/08/14 02:36:30.034, NVIDIA H200, 38, 97 %, 31 %, 15051 MiB, 143771 MiB
2026/08/14 02:36:33.034, NVIDIA H200, 38, 100 %, 27 %, 15051 MiB, 143771 MiB
2026/08/14 02:36:36.035, NVIDIA H200, 39, 98 %, 33 %, 15051 MiB, 143771 MiB
2026/08/14 02:36:39.035, NVIDIA H200, 38, 99 %, 21 %, 15051 MiB, 143771 MiB
2026/08/14 02:36:42.035, NVIDIA H200, 38, 98 %, 29 %, 15051 MiB, 143771 MiB
2026/08/14 02:36:45.036, NVIDIA H200, 39, 99 %, 31 %, 15051 MiB, 143771 MiB
2026/08/14 02:36:48.036, NVIDIA H200, 38, 99 %, 24 %, 15051 MiB, 143771 MiB
2026/08/14 02:36:51.036, NVIDIA H200, 37, 97 %, 31 %, 15051 MiB, 143771 MiB
2026/08/14 02:36:54.036, NVIDIA H200, 39, 99 %, 27 %, 15051 MiB, 143771 MiB
2026/08/14 02:36:57.037, NVIDIA H200, 38, 99 %, 25 %, 15051 MiB, 143771 MiB
2026/08/14 02:37:00.037, NVIDIA H200, 38, 98 %, 32 %, 15051 MiB, 143771 MiB
2026/08/14 02:37:03.037, NVIDIA H200, 30, 0 %, 0 %, 15051 MiB, 143771 MiB
2026/08/14 02:37:06.038, NVIDIA H200, 34, 80 %, 26 %, 15051 MiB, 143771 MiB
2026/08/14 02:37:09.038, NVIDIA H200, 31, 41 %, 16 %, 15051 MiB, 143771 MiB
2026/08/14 02:37:12.038, NVIDIA H200, 26, 0 %, 0 %, 15051 MiB, 143771 MiB
2026/08/14 02:37:15.039, NVIDIA H200, 34, 98 %, 33 %, 15051 MiB, 143771 MiB
2026/08/14 02:37:18.039, NVIDIA H200, 39, 100 %, 27 %, 15051 MiB, 143771 MiB
2026/08/14 02:37:21.039, NVIDIA H200, 38, 99 %, 21 %, 15051 MiB, 143771 MiB
2026/08/14 02:37:24.040, NVIDIA H200, 37, 99 %, 25 %, 15051 MiB, 143771 MiB
2026/08/14 02:37:27.040, NVIDIA H200, 37, 98 %, 31 %, 15051 MiB, 143771 MiB
2026/08/14 02:37:30.040, NVIDIA H200, 39, 99 %, 31 %, 15051 MiB, 143771 MiB
2026/08/14 02:37:33.041, NVIDIA H200, 38, 99 %, 22 %, 15051 MiB, 143771 MiB
2026/08/14 02:37:36.041, NVIDIA H200, 37, 97 %, 31 %, 15051 MiB, 143771 MiB
2026/08/14 02:37:39.041, NVIDIA H200, 39, 98 %, 31 %, 15051 MiB, 143771 MiB
2026/08/14 02:37:42.041, NVIDIA H200, 38, 98 %, 20 %, 15051 MiB, 143771 MiB
2026/08/14 02:37:45.043, NVIDIA H200, 38, 99 %, 22 %, 15051 MiB, 143771 MiB
2026/08/14 02:37:48.043, NVIDIA H200, 37, 97 %, 31 %, 15051 MiB, 143771 MiB
2026/08/14 02:37:51.043, NVIDIA H200, 38, 98 %, 29 %, 15051 MiB, 143771 MiB
2026/08/14 02:37:54.044, NVIDIA H200, 37, 99 %, 25 %, 15051 MiB, 143771 MiB
2026/08/14 02:37:57.044, NVIDIA H200, 37, 98 %, 31 %, 15051 MiB, 143771 MiB
2026/08/14 02:38:00.044, NVIDIA H200, 39, 100 %, 27 %, 15051 MiB, 143771 MiB
2026/08/14 02:38:03.044, NVIDIA H200, 37, 99 %, 25 %, 15051 MiB, 143771 MiB
2026/08/14 02:38:06.045, NVIDIA H200, 38, 98 %, 31 %, 15051 MiB, 143771 MiB
2026/08/14 02:38:09.045, NVIDIA H200, 38, 100 %, 24 %, 15051 MiB, 143771 MiB
2026/08/14 02:38:12.045, NVIDIA H200, 38, 97 %, 27 %, 15051 MiB, 143771 MiB
2026/08/14 02:38:15.046, NVIDIA H200, 39, 98 %, 34 %, 15051 MiB, 143771 MiB
2026/08/14 02:38:18.046, NVIDIA H200, 38, 98 %, 28 %, 15051 MiB, 143771 MiB
2026/08/14 02:38:21.046, NVIDIA H200, 37, 99 %, 24 %, 15051 MiB, 143771 MiB
2026/08/14 02:38:24.047, NVIDIA H200, 37, 98 %, 31 %, 15051 MiB, 143771 MiB
2026/08/14 02:38:27.047, NVIDIA H200, 37, 100 %, 24 %, 15051 MiB, 143771 MiB
2026/08/14 02:38:30.047, NVIDIA H200, 39, 98 %, 25 %, 15051 MiB, 143771 MiB
2026/08/14 02:38:33.048, NVIDIA H200, 37, 98 %, 34 %, 15051 MiB, 143771 MiB
2026/08/14 02:38:36.048, NVIDIA H200, 38, 99 %, 22 %, 15051 MiB, 143771 MiB
2026/08/14 02:38:39.048, NVIDIA H200, 38, 98 %, 27 %, 15051 MiB, 143771 MiB
2026/08/14 02:38:42.049, NVIDIA H200, 38, 98 %, 31 %, 15051 MiB, 143771 MiB
2026/08/14 02:38:45.049, NVIDIA H200, 39, 99 %, 24 %, 15051 MiB, 143771 MiB
2026/08/14 02:38:48.049, NVIDIA H200, 38, 97 %, 31 %, 15051 MiB, 143771 MiB
2026/08/14 02:38:51.049, NVIDIA H200, 38, 97 %, 31 %, 15051 MiB, 143771 MiB
2026/08/14 02:38:54.050, NVIDIA H200, 37, 100 %, 25 %, 15051 MiB, 143771 MiB
2026/08/14 02:38:57.050, NVIDIA H200, 38, 99 %, 26 %, 15051 MiB, 143771 MiB
2026/08/14 02:39:00.050, NVIDIA H200, 37, 98 %, 34 %, 15051 MiB, 143771 MiB
2026/08/14 02:39:03.051, NVIDIA H200, 38, 99 %, 23 %, 15051 MiB, 143771 MiB
2026/08/14 02:39:06.051, NVIDIA H200, 39, 97 %, 27 %, 15051 MiB, 143771 MiB
2026/08/14 02:39:09.051, NVIDIA H200, 37, 98 %, 33 %, 15051 MiB, 143771 MiB
2026/08/14 02:39:12.052, NVIDIA H200, 38, 99 %, 20 %, 15051 MiB, 143771 MiB
2026/08/14 02:39:15.052, NVIDIA H200, 39, 97 %, 29 %, 15051 MiB, 143771 MiB
2026/08/14 02:39:18.052, NVIDIA H200, 37, 98 %, 31 %, 15051 MiB, 143771 MiB
2026/08/14 02:39:21.053, NVIDIA H200, 37, 99 %, 24 %, 15051 MiB, 143771 MiB
2026/08/14 02:39:24.053, NVIDIA H200, 30, 0 %, 0 %, 15051 MiB, 143771 MiB
2026/08/14 02:39:27.053, NVIDIA H200, 33, 65 %, 21 %, 15051 MiB, 143771 MiB
2026/08/14 02:39:30.054, NVIDIA H200, 33, 84 %, 30 %, 15051 MiB, 143771 MiB
2026/08/14 02:39:33.054, NVIDIA H200, 26, 0 %, 0 %, 15051 MiB, 143771 MiB
2026/08/14 02:39:36.054, NVIDIA H200, 25, 0 %, 0 %, 15051 MiB, 143771 MiB
2026/08/14 02:39:39.055, NVIDIA H200, 25, 7 %, 0 %, 15051 MiB, 143771 MiB
2026/08/14 02:39:42.055, NVIDIA H200, 25, 0 %, 0 %, 15051 MiB, 143771 MiB
2026/08/14 02:39:45.055, NVIDIA H200, 25, 0 %, 0 %, 15051 MiB, 143771 MiB
2026/08/14 02:39:48.055, NVIDIA H200, 25, 0 %, 0 %, 15051 MiB, 143771 MiB
2026/08/14 02:39:51.056, NVIDIA H200, 25, 0 %, 0 %, 15051 MiB, 143771 MiB
2026/08/14 02:39:54.056, NVIDIA H200, 25, 0 %, 0 %, 15051 MiB, 143771 MiB
2026/08/14 02:39:57.056, NVIDIA H200, 25, 0 %, 0 %, 15051 MiB, 143771 MiB
2026/08/14 02:40:00.056, NVIDIA H200, 25, 0 %, 0 %, 15051 MiB, 143771 MiB
2026/08/14 02:40:03.057, NVIDIA H200, 25, 0 %, 0 %, 15051 MiB, 143771 MiB
2026/08/14 02:40:06.057, NVIDIA H200, 25, 0 %, 0 %, 15051 MiB, 143771 MiB
2026/08/14 02:40:09.057, NVIDIA H200, 24, 0 %, 0 %, 15051 MiB, 143771 MiB
2026/08/14 02:40:12.057, NVIDIA H200, 24, 0 %, 0 %, 15051 MiB, 143771 MiB
2026/08/14 02:40:15.058, NVIDIA H200, 24, 0 %, 0 %, 15051 MiB, 143771 MiB
2026/08/14 02:40:18.058, NVIDIA H200, 24, 0 %, 0 %, 15051 MiB, 143771 MiB
2026/08/14 02:40:21.058, NVIDIA H200, 24, 0 %, 0 %, 15051 MiB, 143771 MiB
2026/08/14 02:40:24.058, NVIDIA H200, 24, 0 %, 0 %, 15051 MiB, 143771 MiB
2026/08/14 02:40:27.058, NVIDIA H200, 24, 0 %, 0 %, 15051 MiB, 143771 MiB
2026/08/14 02:40:30.059, NVIDIA H200, 24, 0 %, 0 %, 15051 MiB, 143771 MiB
2026/08/14 02:40:33.059, NVIDIA H200, 24, 0 %, 0 %, 15051 MiB, 143771 MiB
2026/08/14 02:40:36.059, NVIDIA H200, 24, 0 %, 0 %, 15051 MiB, 143771 MiB
2026/08/14 02:40:39.059, NVIDIA H200, 24, 0 %, 0 %, 15051 MiB, 143771 MiB
2026/08/14 02:40:42.060, NVIDIA H200, 24, 0 %, 0 %, 15051 MiB, 143771 MiB
2026/08/14 02:40:45.060, NVIDIA H200, 24, 0 %, 0 %, 15051 MiB, 143771 MiB
2026/08/14 02:40:48.060, NVIDIA H200, 24, 0 %, 0 %, 15051 MiB, 143771 MiB
2026/08/14 02:40:51.060, NVIDIA H200, 24, 0 %, 0 %, 15051 MiB, 143771 MiB
2026/08/14 02:40:54.061, NVIDIA H200, 24, 0 %, 0 %, 15051 MiB, 143771 MiB
2026/08/14 02:40:57.061, NVIDIA H200, 24, 0 %, 0 %, 15051 MiB, 143771 MiB
2026/08/14 02:41:00.061, NVIDIA H200, 24, 0 %, 0 %, 15051 MiB, 143771 MiB
2026/08/14 02:41:03.061, NVIDIA H200, 24, 0 %, 0 %, 15051 MiB, 143771 MiB
2026/08/14 02:41:06.062, NVIDIA H200, 24, 0 %, 0 %, 15051 MiB, 143771 MiB
2026/08/14 02:41:09.062, NVIDIA H200, 24, 0 %, 0 %, 15051 MiB, 143771 MiB
2026/08/14 02:41:12.062, NVIDIA H200, 24, 0 %, 0 %, 15051 MiB, 143771 MiB
2026/08/14 02:41:15.062, NVIDIA H200, 24, 0 %, 0 %, 15051 MiB, 143771 MiB
2026/08/14 02:41:18.063, NVIDIA H200, 24, 0 %, 0 %, 15051 MiB, 143771 MiB
2026/08/14 02:41:21.063, NVIDIA H200, 24, 0 %, 0 %, 15051 MiB, 143771 MiB
2026/08/14 02:41:24.063, NVIDIA H200, 24, 0 %, 0 %, 15051 MiB, 143771 MiB
2026/08/14 02:41:27.063, NVIDIA H200, 24, 0 %, 0 %, 15051 MiB, 143771 MiB
2026/08/14 02:41:30.063, NVIDIA H200, 24, 0 %, 0 %, 15051 MiB, 143771 MiB
2026/08/14 02:41:33.064, NVIDIA H200, 24, 0 %, 0 %, 15051 MiB, 143771 MiB
2026/08/14 02:41:36.064, NVIDIA H200, 24, 0 %, 0 %, 15051 MiB, 143771 MiB
2026/08/14 02:41:39.064, NVIDIA H200, 24, 0 %, 0 %, 15051 MiB, 143771 MiB
2026/08/14 02:41:42.065, NVIDIA H200, 24, 0 %, 0 %, 15051 MiB, 143771 MiB
2026/08/14 02:41:45.065, NVIDIA H200, 24, 0 %, 0 %, 15051 MiB, 143771 MiB
2026/08/14 02:41:48.065, NVIDIA H200, 24, 0 %, 0 %, 15051 MiB, 143771 MiB
2026/08/14 02:41:51.066, NVIDIA H200, 24, 0 %, 0 %, 15051 MiB, 143771 MiB
2026/08/14 02:41:54.066, NVIDIA H200, 24, 0 %, 0 %, 15051 MiB, 143771 MiB
2026/08/14 02:41:57.066, NVIDIA H200, 24, 0 %, 0 %, 15051 MiB, 143771 MiB
2026/08/14 02:42:00.066, NVIDIA H200, 24, 0 %, 0 %, 15051 MiB, 143771 MiB
2026/08/14 02:42:03.067, NVIDIA H200, 24, 0 %, 0 %, 15051 MiB, 143771 MiB
2026/08/14 02:42:06.067, NVIDIA H200, 24, 0 %, 0 %, 15051 MiB, 143771 MiB
2026/08/14 02:42:09.067, NVIDIA H200, 24, 0 %, 0 %, 15051 MiB, 143771 MiB
2026/08/14 02:42:12.067, NVIDIA H200, 24, 0 %, 0 %, 15051 MiB, 143771 MiB
2026/08/14 02:42:15.068, NVIDIA H200, 24, 0 %, 0 %, 15051 MiB, 143771 MiB
2026/08/14 02:42:18.068, NVIDIA H200, 24, 0 %, 0 %, 15051 MiB, 143771 MiB
2026/08/14 02:42:21.068, NVIDIA H200, 24, 0 %, 0 %, 15051 MiB, 143771 MiB
2026/08/14 02:42:24.069, NVIDIA H200, 24, 0 %, 0 %, 15051 MiB, 143771 MiB
2026/08/14 02:42:27.069, NVIDIA H200, 24, 0 %, 0 %, 15051 MiB, 143771 MiB
2026/08/14 02:42:30.069, NVIDIA H200, 24, 0 %, 0 %, 15051 MiB, 143771 MiB
2026/08/14 02:42:33.069, NVIDIA H200, 24, 0 %, 0 %, 15051 MiB, 143771 MiB
2026/08/14 02:42:36.070, NVIDIA H200, 24, 0 %, 0 %, 15051 MiB, 143771 MiB
2026/08/14 02:42:39.070, NVIDIA H200, 37, 100 %, 23 %, 15051 MiB, 143771 MiB
2026/08/14 02:42:42.070, NVIDIA H200, 37, 98 %, 27 %, 15051 MiB, 143771 MiB
2026/08/14 02:42:45.071, NVIDIA H200, 38, 99 %, 34 %, 15051 MiB, 143771 MiB
2026/08/14 02:42:48.071, NVIDIA H200, 37, 99 %, 21 %, 15051 MiB, 143771 MiB
2026/08/14 02:42:51.071, NVIDIA H200, 36, 99 %, 26 %, 15051 MiB, 143771 MiB
2026/08/14 02:42:54.073, NVIDIA H200, 36, 98 %, 31 %, 15051 MiB, 143771 MiB
2026/08/14 02:42:57.073, NVIDIA H200, 39, 100 %, 23 %, 15051 MiB, 143771 MiB
2026/08/14 02:43:00.074, NVIDIA H200, 37, 99 %, 25 %, 15051 MiB, 143771 MiB
2026/08/14 02:43:03.074, NVIDIA H200, 36, 98 %, 31 %, 15051 MiB, 143771 MiB
2026/08/14 02:43:06.074, NVIDIA H200, 38, 99 %, 31 %, 15051 MiB, 143771 MiB
2026/08/14 02:43:09.074, NVIDIA H200, 37, 99 %, 24 %, 15051 MiB, 143771 MiB
2026/08/14 02:43:12.075, NVIDIA H200, 37, 98 %, 31 %, 15051 MiB, 143771 MiB
2026/08/14 02:43:15.075, NVIDIA H200, 38, 99 %, 23 %, 15051 MiB, 143771 MiB
2026/08/14 02:43:18.075, NVIDIA H200, 37, 98 %, 26 %, 15051 MiB, 143771 MiB
2026/08/14 02:43:21.076, NVIDIA H200, 39, 99 %, 31 %, 15051 MiB, 143771 MiB
2026/08/14 02:43:24.078, NVIDIA H200, 37, 99 %, 24 %, 15051 MiB, 143771 MiB
2026/08/14 02:43:27.078, NVIDIA H200, 37, 99 %, 31 %, 15051 MiB, 143771 MiB
2026/08/14 02:43:30.078, NVIDIA H200, 38, 98 %, 32 %, 15051 MiB, 143771 MiB
2026/08/14 02:43:33.078, NVIDIA H200, 37, 100 %, 23 %, 15051 MiB, 143771 MiB
2026/08/14 02:43:36.079, NVIDIA H200, 39, 98 %, 27 %, 15051 MiB, 143771 MiB
2026/08/14 02:43:39.079, NVIDIA H200, 37, 98 %, 32 %, 15051 MiB, 143771 MiB
2026/08/14 02:43:42.079, NVIDIA H200, 37, 99 %, 22 %, 15051 MiB, 143771 MiB
2026/08/14 02:43:45.079, NVIDIA H200, 39, 98 %, 31 %, 15051 MiB, 143771 MiB
2026/08/14 02:43:48.080, NVIDIA H200, 37, 99 %, 27 %, 15051 MiB, 143771 MiB
2026/08/14 02:43:51.080, NVIDIA H200, 38, 99 %, 25 %, 15051 MiB, 143771 MiB
2026/08/14 02:43:54.082, NVIDIA H200, 38, 98 %, 32 %, 15051 MiB, 143771 MiB
2026/08/14 02:43:57.083, NVIDIA H200, 37, 100 %, 25 %, 15051 MiB, 143771 MiB
2026/08/14 02:44:00.083, NVIDIA H200, 39, 97 %, 27 %, 15051 MiB, 143771 MiB
2026/08/14 02:44:03.083, NVIDIA H200, 37, 98 %, 32 %, 15051 MiB, 143771 MiB
2026/08/14 02:44:06.083, NVIDIA H200, 37, 99 %, 21 %, 15051 MiB, 143771 MiB
2026/08/14 02:44:09.084, NVIDIA H200, 39, 98 %, 29 %, 15051 MiB, 143771 MiB
2026/08/14 02:44:12.084, NVIDIA H200, 37, 98 %, 29 %, 15051 MiB, 143771 MiB
2026/08/14 02:44:15.084, NVIDIA H200, 38, 99 %, 25 %, 15051 MiB, 143771 MiB
2026/08/14 02:44:18.085, NVIDIA H200, 38, 98 %, 31 %, 15051 MiB, 143771 MiB
2026/08/14 02:44:21.085, NVIDIA H200, 37, 99 %, 31 %, 15051 MiB, 143771 MiB
2026/08/14 02:44:24.085, NVIDIA H200, 37, 99 %, 24 %, 15051 MiB, 143771 MiB
2026/08/14 02:44:27.085, NVIDIA H200, 39, 98 %, 31 %, 15051 MiB, 143771 MiB
2026/08/14 02:44:30.086, NVIDIA H200, 37, 100 %, 25 %, 15051 MiB, 143771 MiB
2026/08/14 02:44:33.086, NVIDIA H200, 39, 98 %, 25 %, 15051 MiB, 143771 MiB
2026/08/14 02:44:36.086, NVIDIA H200, 35, 77 %, 27 %, 15051 MiB, 143771 MiB
2026/08/14 02:44:39.087, NVIDIA H200, 33, 71 %, 23 %, 15051 MiB, 143771 MiB
2026/08/14 02:44:42.087, NVIDIA H200, 26, 0 %, 0 %, 15051 MiB, 143771 MiB
2026/08/14 02:44:45.087, NVIDIA H200, 36, 98 %, 31 %, 15051 MiB, 143771 MiB
2026/08/14 02:44:48.087, NVIDIA H200, 38, 99 %, 25 %, 15051 MiB, 143771 MiB
2026/08/14 02:44:51.088, NVIDIA H200, 38, 99 %, 32 %, 15051 MiB, 143771 MiB
2026/08/14 02:44:54.088, NVIDIA H200, 37, 99 %, 20 %, 15051 MiB, 143771 MiB
2026/08/14 02:44:57.088, NVIDIA H200, 39, 98 %, 31 %, 15051 MiB, 143771 MiB
2026/08/14 02:45:00.089, NVIDIA H200, 38, 100 %, 24 %, 15051 MiB, 143771 MiB
2026/08/14 02:45:03.089, NVIDIA H200, 39, 97 %, 27 %, 15051 MiB, 143771 MiB
2026/08/14 02:45:06.089, NVIDIA H200, 37, 98 %, 31 %, 15051 MiB, 143771 MiB
2026/08/14 02:45:09.090, NVIDIA H200, 38, 99 %, 25 %, 15051 MiB, 143771 MiB
2026/08/14 02:45:12.090, NVIDIA H200, 38, 99 %, 31 %, 15051 MiB, 143771 MiB
2026/08/14 02:45:15.090, NVIDIA H200, 38, 99 %, 22 %, 15051 MiB, 143771 MiB
2026/08/14 02:45:18.091, NVIDIA H200, 37, 98 %, 29 %, 15051 MiB, 143771 MiB
2026/08/14 02:45:21.091, NVIDIA H200, 39, 99 %, 27 %, 15051 MiB, 143771 MiB
2026/08/14 02:45:24.091, NVIDIA H200, 37, 99 %, 26 %, 15051 MiB, 143771 MiB
2026/08/14 02:45:27.092, NVIDIA H200, 39, 98 %, 34 %, 15051 MiB, 143771 MiB
2026/08/14 02:45:30.092, NVIDIA H200, 38, 99 %, 21 %, 15051 MiB, 143771 MiB
2026/08/14 02:45:33.092, NVIDIA H200, 37, 98 %, 31 %, 15051 MiB, 143771 MiB
2026/08/14 02:45:36.093, NVIDIA H200, 39, 100 %, 24 %, 15051 MiB, 143771 MiB
2026/08/14 02:45:39.093, NVIDIA H200, 38, 98 %, 26 %, 15051 MiB, 143771 MiB
2026/08/14 02:45:42.093, NVIDIA H200, 39, 98 %, 31 %, 15051 MiB, 143771 MiB
2026/08/14 02:45:45.093, NVIDIA H200, 38, 99 %, 24 %, 15051 MiB, 143771 MiB
2026/08/14 02:45:48.094, NVIDIA H200, 38, 98 %, 32 %, 15051 MiB, 143771 MiB
2026/08/14 02:45:51.094, NVIDIA H200, 39, 99 %, 22 %, 15051 MiB, 143771 MiB
2026/08/14 02:45:54.094, NVIDIA H200, 38, 97 %, 29 %, 15051 MiB, 143771 MiB
2026/08/14 02:45:57.095, NVIDIA H200, 39, 99 %, 27 %, 15051 MiB, 143771 MiB
2026/08/14 02:46:00.095, NVIDIA H200, 37, 99 %, 26 %, 15051 MiB, 143771 MiB
2026/08/14 02:46:03.095, NVIDIA H200, 39, 98 %, 33 %, 15051 MiB, 143771 MiB
2026/08/14 02:46:06.096, NVIDIA H200, 38, 99 %, 21 %, 15051 MiB, 143771 MiB
2026/08/14 02:46:09.096, NVIDIA H200, 37, 98 %, 31 %, 15051 MiB, 143771 MiB
2026/08/14 02:46:12.096, NVIDIA H200, 39, 100 %, 23 %, 15051 MiB, 143771 MiB
2026/08/14 02:46:15.097, NVIDIA H200, 37, 98 %, 26 %, 15051 MiB, 143771 MiB
2026/08/14 02:46:18.097, NVIDIA H200, 38, 98 %, 31 %, 15051 MiB, 143771 MiB
2026/08/14 02:46:21.097, NVIDIA H200, 38, 99 %, 22 %, 15051 MiB, 143771 MiB
2026/08/14 02:46:24.098, NVIDIA H200, 38, 97 %, 26 %, 15051 MiB, 143771 MiB
2026/08/14 02:46:27.098, NVIDIA H200, 38, 98 %, 32 %, 15051 MiB, 143771 MiB
2026/08/14 02:46:30.098, NVIDIA H200, 39, 99 %, 24 %, 15051 MiB, 143771 MiB
2026/08/14 02:46:33.098, NVIDIA H200, 37, 98 %, 27 %, 15051 MiB, 143771 MiB
2026/08/14 02:46:36.099, NVIDIA H200, 38, 99 %, 31 %, 15051 MiB, 143771 MiB
2026/08/14 02:46:39.100, NVIDIA H200, 37, 99 %, 25 %, 15051 MiB, 143771 MiB
2026/08/14 02:46:42.100, NVIDIA H200, 33, 70 %, 23 %, 15051 MiB, 143771 MiB
2026/08/14 02:46:45.100, NVIDIA H200, 33, 77 %, 27 %, 15051 MiB, 143771 MiB
2026/08/14 02:46:48.101, NVIDIA H200, 26, 0 %, 0 %, 15051 MiB, 143771 MiB
2026/08/14 02:46:51.101, NVIDIA H200, 38, 100 %, 23 %, 15051 MiB, 143771 MiB
2026/08/14 02:46:54.101, NVIDIA H200, 37, 96 %, 26 %, 15051 MiB, 143771 MiB
2026/08/14 02:46:57.102, NVIDIA H200, 39, 98 %, 33 %, 15051 MiB, 143771 MiB
2026/08/14 02:47:00.102, NVIDIA H200, 37, 99 %, 22 %, 15051 MiB, 143771 MiB
2026/08/14 02:47:03.102, NVIDIA H200, 37, 98 %, 30 %, 15051 MiB, 143771 MiB
2026/08/14 02:47:06.102, NVIDIA H200, 39, 99 %, 24 %, 15051 MiB, 143771 MiB
2026/08/14 02:47:09.103, NVIDIA H200, 37, 98 %, 27 %, 15051 MiB, 143771 MiB
2026/08/14 02:47:12.103, NVIDIA H200, 38, 98 %, 30 %, 15051 MiB, 143771 MiB
2026/08/14 02:47:15.103, NVIDIA H200, 38, 99 %, 24 %, 15051 MiB, 143771 MiB
2026/08/14 02:47:18.104, NVIDIA H200, 38, 98 %, 33 %, 15051 MiB, 143771 MiB
2026/08/14 02:47:21.104, NVIDIA H200, 38, 99 %, 21 %, 15051 MiB, 143771 MiB
2026/08/14 02:47:24.104, NVIDIA H200, 37, 98 %, 31 %, 15051 MiB, 143771 MiB
2026/08/14 02:47:27.104, NVIDIA H200, 39, 100 %, 25 %, 15051 MiB, 143771 MiB
2026/08/14 02:47:30.105, NVIDIA H200, 37, 98 %, 26 %, 15051 MiB, 143771 MiB
2026/08/14 02:47:33.105, NVIDIA H200, 38, 98 %, 34 %, 15051 MiB, 143771 MiB
2026/08/14 02:47:36.105, NVIDIA H200, 38, 99 %, 21 %, 15051 MiB, 143771 MiB
2026/08/14 02:47:39.106, NVIDIA H200, 37, 98 %, 29 %, 15051 MiB, 143771 MiB
2026/08/14 02:47:42.106, NVIDIA H200, 39, 99 %, 27 %, 15051 MiB, 143771 MiB
2026/08/14 02:47:45.106, NVIDIA H200, 37, 99 %, 25 %, 15051 MiB, 143771 MiB
2026/08/14 02:47:48.107, NVIDIA H200, 38, 98 %, 34 %, 15051 MiB, 143771 MiB
2026/08/14 02:47:51.107, NVIDIA H200, 38, 99 %, 21 %, 15051 MiB, 143771 MiB
2026/08/14 02:47:54.107, NVIDIA H200, 37, 97 %, 31 %, 15051 MiB, 143771 MiB
2026/08/14 02:47:57.107, NVIDIA H200, 39, 100 %, 26 %, 15051 MiB, 143771 MiB
2026/08/14 02:48:00.108, NVIDIA H200, 37, 98 %, 26 %, 15051 MiB, 143771 MiB
2026/08/14 02:48:03.108, NVIDIA H200, 39, 98 %, 33 %, 15051 MiB, 143771 MiB
2026/08/14 02:48:06.108, NVIDIA H200, 38, 99 %, 22 %, 15051 MiB, 143771 MiB
2026/08/14 02:48:09.109, NVIDIA H200, 37, 98 %, 31 %, 15051 MiB, 143771 MiB
2026/08/14 02:48:12.109, NVIDIA H200, 39, 100 %, 24 %, 15051 MiB, 143771 MiB
2026/08/14 02:48:15.109, NVIDIA H200, 38, 97 %, 26 %, 15051 MiB, 143771 MiB
2026/08/14 02:48:18.110, NVIDIA H200, 39, 99 %, 30 %, 15051 MiB, 143771 MiB
2026/08/14 02:48:21.110, NVIDIA H200, 37, 99 %, 26 %, 15051 MiB, 143771 MiB
2026/08/14 02:48:24.110, NVIDIA H200, 38, 98 %, 31 %, 15051 MiB, 143771 MiB
2026/08/14 02:48:27.111, NVIDIA H200, 38, 99 %, 22 %, 15051 MiB, 143771 MiB
2026/08/14 02:48:30.111, NVIDIA H200, 37, 98 %, 29 %, 15051 MiB, 143771 MiB
2026/08/14 02:48:33.111, NVIDIA H200, 39, 100 %, 27 %, 15051 MiB, 143771 MiB
2026/08/14 02:48:36.111, NVIDIA H200, 37, 98 %, 26 %, 15051 MiB, 143771 MiB
2026/08/14 02:48:39.112, NVIDIA H200, 39, 99 %, 26 %, 15051 MiB, 143771 MiB
2026/08/14 02:48:42.112, NVIDIA H200, 38, 98 %, 34 %, 15051 MiB, 143771 MiB
2026/08/14 02:48:45.112, NVIDIA H200, 32, 0 %, 0 %, 15051 MiB, 143771 MiB
2026/08/14 02:48:48.113, NVIDIA H200, 36, 83 %, 26 %, 15051 MiB, 143771 MiB
2026/08/14 02:48:51.113, NVIDIA H200, 34, 7 %, 3 %, 15051 MiB, 143771 MiB
2026/08/14 02:48:54.113, NVIDIA H200, 38, 97 %, 29 %, 15051 MiB, 143771 MiB
2026/08/14 02:48:57.114, NVIDIA H200, 37, 98 %, 30 %, 15051 MiB, 143771 MiB
2026/08/14 02:49:00.114, NVIDIA H200, 38, 99 %, 24 %, 15051 MiB, 143771 MiB
2026/08/14 02:49:03.114, NVIDIA H200, 38, 98 %, 34 %, 15051 MiB, 143771 MiB
2026/08/14 02:49:06.115, NVIDIA H200, 37, 99 %, 22 %, 15051 MiB, 143771 MiB
2026/08/14 02:49:09.115, NVIDIA H200, 39, 97 %, 29 %, 15051 MiB, 143771 MiB
2026/08/14 02:49:12.115, NVIDIA H200, 37, 100 %, 27 %, 15051 MiB, 143771 MiB
2026/08/14 02:49:15.116, NVIDIA H200, 39, 99 %, 26 %, 15051 MiB, 143771 MiB
2026/08/14 02:49:18.116, NVIDIA H200, 37, 98 %, 33 %, 15051 MiB, 143771 MiB
2026/08/14 02:49:21.116, NVIDIA H200, 37, 99 %, 21 %, 15051 MiB, 143771 MiB
2026/08/14 02:49:24.117, NVIDIA H200, 37, 98 %, 27 %, 15051 MiB, 143771 MiB
2026/08/14 02:49:27.117, NVIDIA H200, 38, 98 %, 30 %, 15051 MiB, 143771 MiB
2026/08/14 02:49:30.117, NVIDIA H200, 37, 99 %, 25 %, 15051 MiB, 143771 MiB
2026/08/14 02:49:33.118, NVIDIA H200, 38, 99 %, 34 %, 15051 MiB, 143771 MiB
2026/08/14 02:49:36.118, NVIDIA H200, 38, 99 %, 21 %, 15051 MiB, 143771 MiB
2026/08/14 02:49:39.118, NVIDIA H200, 37, 97 %, 30 %, 15051 MiB, 143771 MiB
2026/08/14 02:49:42.119, NVIDIA H200, 39, 100 %, 27 %, 15051 MiB, 143771 MiB
2026/08/14 02:49:45.119, NVIDIA H200, 37, 98 %, 26 %, 15051 MiB, 143771 MiB
2026/08/14 02:49:48.119, NVIDIA H200, 39, 98 %, 34 %, 15051 MiB, 143771 MiB
2026/08/14 02:49:51.120, NVIDIA H200, 37, 99 %, 21 %, 15051 MiB, 143771 MiB
2026/08/14 02:49:54.120, NVIDIA H200, 37, 97 %, 31 %, 15051 MiB, 143771 MiB
2026/08/14 02:49:57.120, NVIDIA H200, 39, 100 %, 23 %, 15051 MiB, 143771 MiB
2026/08/14 02:50:00.121, NVIDIA H200, 37, 98 %, 27 %, 15051 MiB, 143771 MiB
2026/08/14 02:50:03.121, NVIDIA H200, 38, 98 %, 31 %, 15051 MiB, 143771 MiB
2026/08/14 02:50:06.121, NVIDIA H200, 38, 99 %, 24 %, 15051 MiB, 143771 MiB
2026/08/14 02:50:09.121, NVIDIA H200, 38, 98 %, 34 %, 15051 MiB, 143771 MiB
2026/08/14 02:50:12.122, NVIDIA H200, 38, 99 %, 22 %, 15051 MiB, 143771 MiB
2026/08/14 02:50:15.122, NVIDIA H200, 37, 98 %, 30 %, 15051 MiB, 143771 MiB
2026/08/14 02:50:18.122, NVIDIA H200, 39, 99 %, 27 %, 15051 MiB, 143771 MiB
2026/08/14 02:50:21.123, NVIDIA H200, 37, 98 %, 26 %, 15051 MiB, 143771 MiB
2026/08/14 02:50:24.123, NVIDIA H200, 37, 98 %, 33 %, 15051 MiB, 143771 MiB
2026/08/14 02:50:27.123, NVIDIA H200, 39, 99 %, 21 %, 15051 MiB, 143771 MiB
2026/08/14 02:50:30.124, NVIDIA H200, 38, 98 %, 31 %, 15051 MiB, 143771 MiB
2026/08/14 02:50:33.124, NVIDIA H200, 37, 100 %, 24 %, 15051 MiB, 143771 MiB
2026/08/14 02:50:36.124, NVIDIA H200, 39, 98 %, 27 %, 15051 MiB, 143771 MiB
2026/08/14 02:50:39.125, NVIDIA H200, 38, 98 %, 31 %, 15051 MiB, 143771 MiB
2026/08/14 02:50:42.125, NVIDIA H200, 39, 99 %, 25 %, 15051 MiB, 143771 MiB
2026/08/14 02:50:45.125, NVIDIA H200, 37, 99 %, 32 %, 15051 MiB, 143771 MiB
2026/08/14 02:50:48.126, NVIDIA H200, 38, 99 %, 21 %, 15051 MiB, 143771 MiB
2026/08/14 02:50:51.126, NVIDIA H200, 35, 79 %, 28 %, 15051 MiB, 143771 MiB
2026/08/14 02:50:54.126, NVIDIA H200, 33, 72 %, 19 %, 15051 MiB, 143771 MiB
2026/08/14 02:50:57.127, NVIDIA H200, 38, 98 %, 26 %, 15051 MiB, 143771 MiB
2026/08/14 02:51:00.127, NVIDIA H200, 36, 98 %, 33 %, 15051 MiB, 143771 MiB
2026/08/14 02:51:03.127, NVIDIA H200, 38, 99 %, 22 %, 15051 MiB, 143771 MiB
2026/08/14 02:51:06.128, NVIDIA H200, 38, 98 %, 29 %, 15051 MiB, 143771 MiB
2026/08/14 02:51:09.128, NVIDIA H200, 37, 99 %, 30 %, 15051 MiB, 143771 MiB
2026/08/14 02:51:12.128, NVIDIA H200, 38, 99 %, 25 %, 15051 MiB, 143771 MiB
2026/08/14 02:51:15.128, NVIDIA H200, 37, 98 %, 34 %, 15051 MiB, 143771 MiB
2026/08/14 02:51:18.129, NVIDIA H200, 39, 99 %, 22 %, 15051 MiB, 143771 MiB
2026/08/14 02:51:21.129, NVIDIA H200, 38, 98 %, 31 %, 15051 MiB, 143771 MiB
2026/08/14 02:51:24.129, NVIDIA H200, 37, 100 %, 23 %, 15051 MiB, 143771 MiB
2026/08/14 02:51:27.130, NVIDIA H200, 39, 98 %, 27 %, 15051 MiB, 143771 MiB
2026/08/14 02:51:30.130, NVIDIA H200, 37, 98 %, 31 %, 15051 MiB, 143771 MiB
2026/08/14 02:51:33.130, NVIDIA H200, 39, 99 %, 25 %, 15051 MiB, 143771 MiB
2026/08/14 02:51:36.131, NVIDIA H200, 37, 98 %, 33 %, 15051 MiB, 143771 MiB
2026/08/14 02:51:39.131, NVIDIA H200, 38, 99 %, 22 %, 15051 MiB, 143771 MiB
2026/08/14 02:51:42.131, NVIDIA H200, 38, 98 %, 29 %, 15051 MiB, 143771 MiB
2026/08/14 02:51:45.132, NVIDIA H200, 37, 100 %, 27 %, 15051 MiB, 143771 MiB
2026/08/14 02:51:48.132, NVIDIA H200, 39, 98 %, 26 %, 15051 MiB, 143771 MiB
2026/08/14 02:51:51.132, NVIDIA H200, 37, 98 %, 34 %, 15051 MiB, 143771 MiB
2026/08/14 02:51:54.132, NVIDIA H200, 38, 99 %, 22 %, 15051 MiB, 143771 MiB
2026/08/14 02:51:57.133, NVIDIA H200, 37, 98 %, 31 %, 15051 MiB, 143771 MiB
2026/08/14 02:52:00.133, NVIDIA H200, 37, 100 %, 23 %, 15051 MiB, 143771 MiB
2026/08/14 02:52:03.133, NVIDIA H200, 39, 98 %, 27 %, 15051 MiB, 143771 MiB
2026/08/14 02:52:06.134, NVIDIA H200, 37, 99 %, 31 %, 15051 MiB, 143771 MiB
2026/08/14 02:52:09.134, NVIDIA H200, 38, 99 %, 24 %, 15051 MiB, 143771 MiB
2026/08/14 02:52:12.134, NVIDIA H200, 37, 98 %, 34 %, 15051 MiB, 143771 MiB
2026/08/14 02:52:15.135, NVIDIA H200, 38, 99 %, 21 %, 15051 MiB, 143771 MiB
2026/08/14 02:52:18.135, NVIDIA H200, 38, 98 %, 31 %, 15051 MiB, 143771 MiB
2026/08/14 02:52:21.135, NVIDIA H200, 37, 100 %, 24 %, 15051 MiB, 143771 MiB
2026/08/14 02:52:24.136, NVIDIA H200, 39, 97 %, 27 %, 15051 MiB, 143771 MiB
2026/08/14 02:52:27.136, NVIDIA H200, 38, 98 %, 31 %, 15051 MiB, 143771 MiB
2026/08/14 02:52:30.136, NVIDIA H200, 39, 99 %, 25 %, 15051 MiB, 143771 MiB
2026/08/14 02:52:33.136, NVIDIA H200, 37, 98 %, 31 %, 15051 MiB, 143771 MiB
2026/08/14 02:52:36.137, NVIDIA H200, 37, 99 %, 23 %, 15051 MiB, 143771 MiB
2026/08/14 02:52:39.137, NVIDIA H200, 38, 97 %, 27 %, 15051 MiB, 143771 MiB
2026/08/14 02:52:42.137, NVIDIA H200, 37, 98 %, 30 %, 15051 MiB, 143771 MiB
2026/08/14 02:52:45.138, NVIDIA H200, 38, 99 %, 25 %, 15051 MiB, 143771 MiB
2026/08/14 02:52:48.138, NVIDIA H200, 37, 99 %, 35 %, 15051 MiB, 143771 MiB
2026/08/14 02:52:51.138, NVIDIA H200, 38, 100 %, 21 %, 15051 MiB, 143771 MiB
2026/08/14 02:52:54.138, NVIDIA H200, 36, 90 %, 28 %, 15051 MiB, 143771 MiB
2026/08/14 02:52:57.139, NVIDIA H200, 37, 81 %, 23 %, 15051 MiB, 143771 MiB
2026/08/14 02:53:00.139, NVIDIA H200, 25, 0 %, 0 %, 15051 MiB, 143771 MiB
2026/08/14 02:53:03.139, NVIDIA H200, 25, 0 %, 0 %, 15051 MiB, 143771 MiB
2026/08/14 02:53:06.140, NVIDIA H200, 35, 98 %, 31 %, 15051 MiB, 143771 MiB
2026/08/14 02:53:09.140, NVIDIA H200, 36, 100 %, 24 %, 15051 MiB, 143771 MiB
2026/08/14 02:53:12.140, NVIDIA H200, 38, 98 %, 25 %, 15051 MiB, 143771 MiB
2026/08/14 02:53:15.140, NVIDIA H200, 36, 97 %, 32 %, 15051 MiB, 143771 MiB
2026/08/14 02:53:18.141, NVIDIA H200, 38, 99 %, 22 %, 15051 MiB, 143771 MiB
2026/08/14 02:53:21.141, NVIDIA H200, 37, 98 %, 31 %, 15051 MiB, 143771 MiB
2026/08/14 02:53:24.141, NVIDIA H200, 36, 100 %, 23 %, 15051 MiB, 143771 MiB
2026/08/14 02:53:27.142, NVIDIA H200, 39, 97 %, 27 %, 15051 MiB, 143771 MiB
2026/08/14 02:53:30.142, NVIDIA H200, 37, 98 %, 31 %, 15051 MiB, 143771 MiB
2026/08/14 02:53:33.142, NVIDIA H200, 38, 99 %, 25 %, 15051 MiB, 143771 MiB
2026/08/14 02:53:36.143, NVIDIA H200, 37, 99 %, 32 %, 15051 MiB, 143771 MiB
2026/08/14 02:53:39.143, NVIDIA H200, 38, 99 %, 22 %, 15051 MiB, 143771 MiB
2026/08/14 02:53:42.143, NVIDIA H200, 38, 97 %, 29 %, 15051 MiB, 143771 MiB
2026/08/14 02:53:45.144, NVIDIA H200, 37, 99 %, 28 %, 15051 MiB, 143771 MiB
2026/08/14 02:53:48.144, NVIDIA H200, 38, 99 %, 27 %, 15051 MiB, 143771 MiB
2026/08/14 02:53:51.144, NVIDIA H200, 37, 98 %, 33 %, 15051 MiB, 143771 MiB
2026/08/14 02:53:54.145, NVIDIA H200, 38, 98 %, 34 %, 15051 MiB, 143771 MiB
2026/08/14 02:53:57.145, NVIDIA H200, 37, 99 %, 22 %, 15051 MiB, 143771 MiB
2026/08/14 02:54:00.145, NVIDIA H200, 37, 98 %, 31 %, 15051 MiB, 143771 MiB
2026/08/14 02:54:03.146, NVIDIA H200, 38, 100 %, 23 %, 15051 MiB, 143771 MiB
2026/08/14 02:54:06.146, NVIDIA H200, 37, 97 %, 26 %, 15051 MiB, 143771 MiB
2026/08/14 02:54:09.146, NVIDIA H200, 39, 99 %, 31 %, 15051 MiB, 143771 MiB
2026/08/14 02:54:12.147, NVIDIA H200, 37, 99 %, 25 %, 15051 MiB, 143771 MiB
2026/08/14 02:54:15.147, NVIDIA H200, 37, 98 %, 32 %, 15051 MiB, 143771 MiB
2026/08/14 02:54:18.147, NVIDIA H200, 38, 99 %, 22 %, 15051 MiB, 143771 MiB
2026/08/14 02:54:21.148, NVIDIA H200, 37, 98 %, 29 %, 15051 MiB, 143771 MiB
2026/08/14 02:54:24.148, NVIDIA H200, 38, 99 %, 28 %, 15051 MiB, 143771 MiB
2026/08/14 02:54:27.148, NVIDIA H200, 37, 99 %, 26 %, 15051 MiB, 143771 MiB
2026/08/14 02:54:30.148, NVIDIA H200, 38, 98 %, 33 %, 15051 MiB, 143771 MiB
2026/08/14 02:54:33.149, NVIDIA H200, 37, 99 %, 23 %, 15051 MiB, 143771 MiB
2026/08/14 02:54:36.149, NVIDIA H200, 37, 97 %, 32 %, 15051 MiB, 143771 MiB
2026/08/14 02:54:39.149, NVIDIA H200, 39, 100 %, 23 %, 15051 MiB, 143771 MiB
2026/08/14 02:54:42.150, NVIDIA H200, 37, 98 %, 27 %, 15051 MiB, 143771 MiB
2026/08/14 02:54:45.150, NVIDIA H200, 39, 99 %, 31 %, 15051 MiB, 143771 MiB
2026/08/14 02:54:48.150, NVIDIA H200, 37, 99 %, 25 %, 15051 MiB, 143771 MiB
2026/08/14 02:54:51.151, NVIDIA H200, 38, 98 %, 35 %, 15051 MiB, 143771 MiB
2026/08/14 02:54:54.151, NVIDIA H200, 38, 99 %, 21 %, 15051 MiB, 143771 MiB
2026/08/14 02:54:57.151, NVIDIA H200, 36, 97 %, 30 %, 15051 MiB, 143771 MiB
2026/08/14 02:55:00.152, NVIDIA H200, 38, 100 %, 23 %, 15051 MiB, 143771 MiB
2026/08/14 02:55:03.152, NVIDIA H200, 35, 65 %, 19 %, 15051 MiB, 143771 MiB
2026/08/14 02:55:06.152, NVIDIA H200, 33, 78 %, 27 %, 15051 MiB, 143771 MiB
2026/08/14 02:55:09.153, NVIDIA H200, 36, 100 %, 23 %, 15051 MiB, 143771 MiB
2026/08/14 02:55:12.153, NVIDIA H200, 36, 99 %, 25 %, 15051 MiB, 143771 MiB
2026/08/14 02:55:15.153, NVIDIA H200, 36, 98 %, 31 %, 15051 MiB, 143771 MiB
2026/08/14 02:55:18.153, NVIDIA H200, 39, 100 %, 24 %, 15051 MiB, 143771 MiB
2026/08/14 02:55:21.154, NVIDIA H200, 37, 98 %, 27 %, 15051 MiB, 143771 MiB
2026/08/14 02:55:24.154, NVIDIA H200, 39, 98 %, 32 %, 15051 MiB, 143771 MiB
2026/08/14 02:55:27.154, NVIDIA H200, 37, 99 %, 24 %, 15051 MiB, 143771 MiB
2026/08/14 02:55:30.155, NVIDIA H200, 37, 98 %, 32 %, 15051 MiB, 143771 MiB
2026/08/14 02:55:33.155, NVIDIA H200, 38, 100 %, 23 %, 15051 MiB, 143771 MiB
2026/08/14 02:55:36.155, NVIDIA H200, 37, 97 %, 26 %, 15051 MiB, 143771 MiB
2026/08/14 02:55:39.156, NVIDIA H200, 37, 98 %, 31 %, 15051 MiB, 143771 MiB
2026/08/14 02:55:42.156, NVIDIA H200, 39, 99 %, 25 %, 15051 MiB, 143771 MiB
2026/08/14 02:55:45.156, NVIDIA H200, 37, 98 %, 31 %, 15051 MiB, 143771 MiB
2026/08/14 02:55:48.157, NVIDIA H200, 37, 99 %, 25 %, 15051 MiB, 143771 MiB
2026/08/14 02:55:51.157, NVIDIA H200, 38, 99 %, 26 %, 15051 MiB, 143771 MiB
2026/08/14 02:55:54.157, NVIDIA H200, 37, 98 %, 33 %, 15051 MiB, 143771 MiB
2026/08/14 02:55:57.157, NVIDIA H200, 38, 99 %, 21 %, 15051 MiB, 143771 MiB
2026/08/14 02:56:00.158, NVIDIA H200, 37, 98 %, 31 %, 15051 MiB, 143771 MiB
2026/08/14 02:56:03.158, NVIDIA H200, 37, 100 %, 24 %, 15051 MiB, 143771 MiB
2026/08/14 02:56:06.158, NVIDIA H200, 38, 99 %, 22 %, 15051 MiB, 143771 MiB
2026/08/14 02:56:09.158, NVIDIA H200, 38, 97 %, 27 %, 15051 MiB, 143771 MiB
2026/08/14 02:56:12.159, NVIDIA H200, 37, 98 %, 30 %, 15051 MiB, 143771 MiB
2026/08/14 02:56:15.159, NVIDIA H200, 39, 99 %, 25 %, 15051 MiB, 143771 MiB
2026/08/14 02:56:18.159, NVIDIA H200, 37, 99 %, 31 %, 15051 MiB, 143771 MiB
2026/08/14 02:56:21.160, NVIDIA H200, 37, 99 %, 25 %, 15051 MiB, 143771 MiB
2026/08/14 02:56:24.160, NVIDIA H200, 39, 97 %, 26 %, 15051 MiB, 143771 MiB
2026/08/14 02:56:27.160, NVIDIA H200, 37, 98 %, 34 %, 15051 MiB, 143771 MiB
2026/08/14 02:56:30.160, NVIDIA H200, 38, 99 %, 21 %, 15051 MiB, 143771 MiB
2026/08/14 02:56:33.161, NVIDIA H200, 38, 97 %, 31 %, 15051 MiB, 143771 MiB
2026/08/14 02:56:36.161, NVIDIA H200, 37, 100 %, 24 %, 15051 MiB, 143771 MiB
2026/08/14 02:56:39.161, NVIDIA H200, 39, 98 %, 27 %, 15051 MiB, 143771 MiB
2026/08/14 02:56:42.162, NVIDIA H200, 37, 98 %, 31 %, 15051 MiB, 143771 MiB
2026/08/14 02:56:45.162, NVIDIA H200, 39, 99 %, 24 %, 15051 MiB, 143771 MiB
2026/08/14 02:56:48.162, NVIDIA H200, 37, 98 %, 31 %, 15051 MiB, 143771 MiB
2026/08/14 02:56:51.162, NVIDIA H200, 37, 100 %, 25 %, 15051 MiB, 143771 MiB
2026/08/14 02:56:54.163, NVIDIA H200, 38, 98 %, 26 %, 15051 MiB, 143771 MiB
2026/08/14 02:56:57.163, NVIDIA H200, 37, 98 %, 31 %, 15051 MiB, 143771 MiB
2026/08/14 02:57:00.163, NVIDIA H200, 37, 99 %, 25 %, 15051 MiB, 143771 MiB
2026/08/14 02:57:03.164, NVIDIA H200, 38, 99 %, 32 %, 15051 MiB, 143771 MiB
2026/08/14 02:57:06.164, NVIDIA H200, 34, 73 %, 19 %, 15051 MiB, 143771 MiB
2026/08/14 02:57:09.164, NVIDIA H200, 34, 71 %, 23 %, 15051 MiB, 143771 MiB
2026/08/14 02:57:12.165, NVIDIA H200, 34, 100 %, 25 %, 15051 MiB, 143771 MiB
2026/08/14 02:57:15.165, NVIDIA H200, 37, 99 %, 33 %, 15051 MiB, 143771 MiB
2026/08/14 02:57:18.165, NVIDIA H200, 37, 99 %, 20 %, 15051 MiB, 143771 MiB
2026/08/14 02:57:21.166, NVIDIA H200, 37, 97 %, 29 %, 15051 MiB, 143771 MiB
2026/08/14 02:57:24.166, NVIDIA H200, 37, 98 %, 30 %, 15051 MiB, 143771 MiB
2026/08/14 02:57:27.166, NVIDIA H200, 36, 99 %, 26 %, 15051 MiB, 143771 MiB
2026/08/14 02:57:30.167, NVIDIA H200, 36, 98 %, 32 %, 15051 MiB, 143771 MiB
2026/08/14 02:57:33.167, NVIDIA H200, 39, 100 %, 24 %, 15051 MiB, 143771 MiB
2026/08/14 02:57:36.167, NVIDIA H200, 37, 98 %, 25 %, 15051 MiB, 143771 MiB
2026/08/14 02:57:39.167, NVIDIA H200, 37, 98 %, 34 %, 15051 MiB, 143771 MiB
2026/08/14 02:57:42.168, NVIDIA H200, 38, 99 %, 22 %, 15051 MiB, 143771 MiB
2026/08/14 02:57:45.168, NVIDIA H200, 36, 98 %, 26 %, 15051 MiB, 143771 MiB
2026/08/14 02:57:48.168, NVIDIA H200, 38, 99 %, 31 %, 15051 MiB, 143771 MiB
2026/08/14 02:57:51.169, NVIDIA H200, 37, 99 %, 21 %, 15051 MiB, 143771 MiB
2026/08/14 02:57:54.169, NVIDIA H200, 37, 98 %, 29 %, 15051 MiB, 143771 MiB
2026/08/14 02:57:57.169, NVIDIA H200, 37, 98 %, 29 %, 15051 MiB, 143771 MiB
2026/08/14 02:58:00.170, NVIDIA H200, 36, 99 %, 25 %, 15051 MiB, 143771 MiB
2026/08/14 02:58:03.170, NVIDIA H200, 37, 97 %, 31 %, 15051 MiB, 143771 MiB
2026/08/14 02:58:06.170, NVIDIA H200, 38, 100 %, 26 %, 15051 MiB, 143771 MiB
2026/08/14 02:58:09.171, NVIDIA H200, 37, 99 %, 25 %, 15051 MiB, 143771 MiB
2026/08/14 02:58:12.171, NVIDIA H200, 37, 98 %, 32 %, 15051 MiB, 143771 MiB
2026/08/14 02:58:15.171, NVIDIA H200, 38, 100 %, 24 %, 15051 MiB, 143771 MiB
2026/08/14 02:58:18.172, NVIDIA H200, 37, 97 %, 27 %, 15051 MiB, 143771 MiB
2026/08/14 02:58:21.172, NVIDIA H200, 38, 98 %, 33 %, 15051 MiB, 143771 MiB
2026/08/14 02:58:24.172, NVIDIA H200, 38, 99 %, 22 %, 15051 MiB, 143771 MiB
2026/08/14 02:58:27.173, NVIDIA H200, 37, 98 %, 29 %, 15051 MiB, 143771 MiB
2026/08/14 02:58:30.173, NVIDIA H200, 38, 99 %, 31 %, 15051 MiB, 143771 MiB
2026/08/14 02:58:33.173, NVIDIA H200, 37, 99 %, 25 %, 15051 MiB, 143771 MiB
2026/08/14 02:58:36.174, NVIDIA H200, 38, 98 %, 32 %, 15051 MiB, 143771 MiB
2026/08/14 02:58:39.174, NVIDIA H200, 38, 99 %, 22 %, 15051 MiB, 143771 MiB
2026/08/14 02:58:42.174, NVIDIA H200, 37, 98 %, 29 %, 15051 MiB, 143771 MiB
2026/08/14 02:58:45.174, NVIDIA H200, 38, 99 %, 28 %, 15051 MiB, 143771 MiB
2026/08/14 02:58:48.175, NVIDIA H200, 37, 99 %, 26 %, 15051 MiB, 143771 MiB
2026/08/14 02:58:51.175, NVIDIA H200, 38, 98 %, 26 %, 15051 MiB, 143771 MiB
2026/08/14 02:58:54.175, NVIDIA H200, 37, 99 %, 32 %, 15051 MiB, 143771 MiB
2026/08/14 02:58:57.176, NVIDIA H200, 37, 99 %, 23 %, 15051 MiB, 143771 MiB
2026/08/14 02:59:00.176, NVIDIA H200, 38, 99 %, 31 %, 15051 MiB, 143771 MiB
2026/08/14 02:59:03.176, NVIDIA H200, 37, 99 %, 25 %, 15051 MiB, 143771 MiB
2026/08/14 02:59:06.177, NVIDIA H200, 37, 97 %, 27 %, 15051 MiB, 143771 MiB
2026/08/14 02:59:09.177, NVIDIA H200, 29, 0 %, 0 %, 15051 MiB, 143771 MiB
2026/08/14 02:59:12.177, NVIDIA H200, 33, 73 %, 24 %, 15051 MiB, 143771 MiB
2026/08/14 02:59:15.178, NVIDIA H200, 37, 98 %, 30 %, 15051 MiB, 143771 MiB
2026/08/14 02:59:18.178, NVIDIA H200, 38, 98 %, 31 %, 15051 MiB, 143771 MiB
2026/08/14 02:59:21.178, NVIDIA H200, 37, 98 %, 30 %, 15051 MiB, 143771 MiB
2026/08/14 02:59:24.179, NVIDIA H200, 36, 99 %, 22 %, 15051 MiB, 143771 MiB
2026/08/14 02:59:27.179, NVIDIA H200, 37, 97 %, 27 %, 15051 MiB, 143771 MiB
2026/08/14 02:59:30.179, NVIDIA H200, 37, 98 %, 33 %, 15051 MiB, 143771 MiB
2026/08/14 02:59:33.180, NVIDIA H200, 36, 99 %, 22 %, 15051 MiB, 143771 MiB
2026/08/14 02:59:36.180, NVIDIA H200, 37, 98 %, 27 %, 15051 MiB, 143771 MiB
2026/08/14 02:59:39.180, NVIDIA H200, 37, 99 %, 34 %, 15051 MiB, 143771 MiB
2026/08/14 02:59:42.181, NVIDIA H200, 37, 99 %, 22 %, 15051 MiB, 143771 MiB
2026/08/14 02:59:45.181, NVIDIA H200, 37, 98 %, 27 %, 15051 MiB, 143771 MiB
2026/08/14 02:59:48.181, NVIDIA H200, 36, 98 %, 31 %, 15051 MiB, 143771 MiB
2026/08/14 02:59:51.182, NVIDIA H200, 37, 99 %, 24 %, 15051 MiB, 143771 MiB
2026/08/14 02:59:54.182, NVIDIA H200, 38, 98 %, 31 %, 15051 MiB, 143771 MiB
2026/08/14 02:59:57.182, NVIDIA H200, 37, 100 %, 27 %, 15051 MiB, 143771 MiB
2026/08/14 03:00:00.182, NVIDIA H200, 38, 99 %, 25 %, 15051 MiB, 143771 MiB
2026/08/14 03:00:03.183, NVIDIA H200, 38, 99 %, 32 %, 15051 MiB, 143771 MiB
2026/08/14 03:00:06.183, NVIDIA H200, 36, 99 %, 23 %, 15051 MiB, 143771 MiB
2026/08/14 03:00:09.183, NVIDIA H200, 38, 98 %, 26 %, 15051 MiB, 143771 MiB
2026/08/14 03:00:12.184, NVIDIA H200, 37, 99 %, 32 %, 15051 MiB, 143771 MiB
2026/08/14 03:00:15.184, NVIDIA H200, 36, 99 %, 21 %, 15051 MiB, 143771 MiB
2026/08/14 03:00:18.184, NVIDIA H200, 38, 97 %, 29 %, 15051 MiB, 143771 MiB
2026/08/14 03:00:21.185, NVIDIA H200, 37, 98 %, 31 %, 15051 MiB, 143771 MiB
2026/08/14 03:00:24.185, NVIDIA H200, 37, 98 %, 24 %, 15051 MiB, 143771 MiB
2026/08/14 03:00:27.185, NVIDIA H200, 38, 96 %, 31 %, 15051 MiB, 143771 MiB
2026/08/14 03:00:30.186, NVIDIA H200, 38, 100 %, 24 %, 15051 MiB, 143771 MiB
2026/08/14 03:00:33.186, NVIDIA H200, 36, 99 %, 25 %, 15051 MiB, 143771 MiB
2026/08/14 03:00:36.186, NVIDIA H200, 37, 98 %, 32 %, 15051 MiB, 143771 MiB
2026/08/14 03:00:39.187, NVIDIA H200, 38, 99 %, 23 %, 15051 MiB, 143771 MiB
2026/08/14 03:00:42.187, NVIDIA H200, 37, 98 %, 26 %, 15051 MiB, 143771 MiB
2026/08/14 03:00:45.187, NVIDIA H200, 38, 98 %, 32 %, 15051 MiB, 143771 MiB
2026/08/14 03:00:48.188, NVIDIA H200, 37, 99 %, 22 %, 15051 MiB, 143771 MiB
2026/08/14 03:00:51.188, NVIDIA H200, 36, 98 %, 29 %, 15051 MiB, 143771 MiB
2026/08/14 03:00:54.188, NVIDIA H200, 37, 98 %, 30 %, 15051 MiB, 143771 MiB
2026/08/14 03:00:57.189, NVIDIA H200, 36, 99 %, 25 %, 15051 MiB, 143771 MiB
2026/08/14 03:01:00.189, NVIDIA H200, 36, 98 %, 31 %, 15051 MiB, 143771 MiB
2026/08/14 03:01:03.189, NVIDIA H200, 38, 100 %, 23 %, 15051 MiB, 143771 MiB
2026/08/14 03:01:06.190, NVIDIA H200, 37, 98 %, 26 %, 15051 MiB, 143771 MiB
2026/08/14 03:01:09.190, NVIDIA H200, 37, 99 %, 34 %, 15051 MiB, 143771 MiB
2026/08/14 03:01:12.190, NVIDIA H200, 37, 99 %, 22 %, 15051 MiB, 143771 MiB
2026/08/14 03:01:15.191, NVIDIA H200, 33, 86 %, 27 %, 15051 MiB, 143771 MiB
2026/08/14 03:01:18.191, NVIDIA H200, 33, 80 %, 22 %, 15051 MiB, 143771 MiB
2026/08/14 03:01:21.191, NVIDIA H200, 34, 76 %, 26 %, 15051 MiB, 143771 MiB
2026/08/14 03:01:24.191, NVIDIA H200, 36, 98 %, 31 %, 15051 MiB, 143771 MiB
2026/08/14 03:01:27.192, NVIDIA H200, 38, 100 %, 23 %, 15051 MiB, 143771 MiB
2026/08/14 03:01:30.192, NVIDIA H200, 37, 97 %, 26 %, 15051 MiB, 143771 MiB
2026/08/14 03:01:33.192, NVIDIA H200, 38, 98 %, 33 %, 15051 MiB, 143771 MiB
2026/08/14 03:01:36.193, NVIDIA H200, 37, 99 %, 22 %, 15051 MiB, 143771 MiB
2026/08/14 03:01:39.193, NVIDIA H200, 36, 98 %, 29 %, 15051 MiB, 143771 MiB
2026/08/14 03:01:42.193, NVIDIA H200, 38, 98 %, 31 %, 15051 MiB, 143771 MiB
2026/08/14 03:01:45.196, NVIDIA H200, 36, 99 %, 23 %, 15051 MiB, 143771 MiB
2026/08/14 03:01:48.196, NVIDIA H200, 36, 97 %, 31 %, 15051 MiB, 143771 MiB
2026/08/14 03:01:51.197, NVIDIA H200, 38, 100 %, 26 %, 15051 MiB, 143771 MiB
2026/08/14 03:01:54.197, NVIDIA H200, 36, 99 %, 25 %, 15051 MiB, 143771 MiB
2026/08/14 03:01:57.197, NVIDIA H200, 37, 98 %, 32 %, 15051 MiB, 143771 MiB
2026/08/14 03:02:00.198, NVIDIA H200, 38, 99 %, 25 %, 15051 MiB, 143771 MiB
2026/08/14 03:02:03.198, NVIDIA H200, 37, 97 %, 26 %, 15051 MiB, 143771 MiB
2026/08/14 03:02:06.198, NVIDIA H200, 38, 98 %, 32 %, 15051 MiB, 143771 MiB
2026/08/14 03:02:09.199, NVIDIA H200, 37, 99 %, 22 %, 15051 MiB, 143771 MiB
2026/08/14 03:02:12.199, NVIDIA H200, 36, 98 %, 31 %, 15051 MiB, 143771 MiB
2026/08/14 03:02:15.199, NVIDIA H200, 38, 99 %, 27 %, 15051 MiB, 143771 MiB
2026/08/14 03:02:18.200, NVIDIA H200, 37, 99 %, 24 %, 15051 MiB, 143771 MiB
2026/08/14 03:02:21.200, NVIDIA H200, 37, 98 %, 31 %, 15051 MiB, 143771 MiB
2026/08/14 03:02:24.200, NVIDIA H200, 38, 99 %, 27 %, 15051 MiB, 143771 MiB
2026/08/14 03:02:27.201, NVIDIA H200, 37, 99 %, 22 %, 15051 MiB, 143771 MiB
2026/08/14 03:02:30.201, NVIDIA H200, 36, 98 %, 31 %, 15051 MiB, 143771 MiB
2026/08/14 03:02:33.201, NVIDIA H200, 38, 98 %, 31 %, 15051 MiB, 143771 MiB
2026/08/14 03:02:36.202, NVIDIA H200, 37, 99 %, 23 %, 15051 MiB, 143771 MiB
2026/08/14 03:02:39.202, NVIDIA H200, 36, 98 %, 29 %, 15051 MiB, 143771 MiB
2026/08/14 03:02:42.202, NVIDIA H200, 37, 98 %, 34 %, 15051 MiB, 143771 MiB
2026/08/14 03:02:45.202, NVIDIA H200, 38, 99 %, 22 %, 15051 MiB, 143771 MiB
2026/08/14 03:02:48.203, NVIDIA H200, 36, 98 %, 27 %, 15051 MiB, 143771 MiB
2026/08/14 03:02:51.203, NVIDIA H200, 38, 98 %, 34 %, 15051 MiB, 143771 MiB
2026/08/14 03:02:54.203, NVIDIA H200, 37, 99 %, 20 %, 15051 MiB, 143771 MiB
2026/08/14 03:02:57.204, NVIDIA H200, 36, 98 %, 29 %, 15051 MiB, 143771 MiB
2026/08/14 03:03:00.204, NVIDIA H200, 38, 98 %, 31 %, 15051 MiB, 143771 MiB
2026/08/14 03:03:03.204, NVIDIA H200, 36, 99 %, 24 %, 15051 MiB, 143771 MiB
2026/08/14 03:03:06.204, NVIDIA H200, 36, 98 %, 31 %, 15051 MiB, 143771 MiB
2026/08/14 03:03:09.205, NVIDIA H200, 38, 99 %, 27 %, 15051 MiB, 143771 MiB
2026/08/14 03:03:12.205, NVIDIA H200, 37, 99 %, 25 %, 15051 MiB, 143771 MiB
2026/08/14 03:03:15.205, NVIDIA H200, 37, 99 %, 31 %, 15051 MiB, 143771 MiB
2026/08/14 03:03:18.205, NVIDIA H200, 31, 79 %, 24 %, 15051 MiB, 143771 MiB
2026/08/14 03:03:21.206, NVIDIA H200, 35, 66 %, 18 %, 15051 MiB, 143771 MiB
2026/08/14 03:03:24.206, NVIDIA H200, 26, 0 %, 0 %, 15051 MiB, 143771 MiB
2026/08/14 03:03:27.206, NVIDIA H200, 24, 0 %, 0 %, 15051 MiB, 143771 MiB
2026/08/14 03:03:30.207, NVIDIA H200, 34, 72 %, 22 %, 15051 MiB, 143771 MiB
2026/08/14 03:03:33.207, NVIDIA H200, 36, 98 %, 26 %, 15051 MiB, 143771 MiB
2026/08/14 03:03:36.207, NVIDIA H200, 38, 99 %, 31 %, 15051 MiB, 143771 MiB
2026/08/14 03:03:39.208, NVIDIA H200, 36, 99 %, 21 %, 15051 MiB, 143771 MiB
2026/08/14 03:03:42.208, NVIDIA H200, 36, 98 %, 31 %, 15051 MiB, 143771 MiB
2026/08/14 03:03:45.208, NVIDIA H200, 38, 99 %, 27 %, 15051 MiB, 143771 MiB
2026/08/14 03:03:48.208, NVIDIA H200, 36, 99 %, 25 %, 15051 MiB, 143771 MiB
2026/08/14 03:03:51.209, NVIDIA H200, 37, 98 %, 32 %, 15051 MiB, 143771 MiB
2026/08/14 03:03:54.209, NVIDIA H200, 37, 99 %, 24 %, 15051 MiB, 143771 MiB
2026/08/14 03:03:57.209, NVIDIA H200, 36, 100 %, 23 %, 15051 MiB, 143771 MiB
2026/08/14 03:04:00.210, NVIDIA H200, 38, 98 %, 27 %, 15051 MiB, 143771 MiB
2026/08/14 03:04:03.210, NVIDIA H200, 37, 99 %, 33 %, 15051 MiB, 143771 MiB
2026/08/14 03:04:06.210, NVIDIA H200, 36, 99 %, 20 %, 15051 MiB, 143771 MiB
2026/08/14 03:04:09.211, NVIDIA H200, 38, 98 %, 29 %, 15051 MiB, 143771 MiB
2026/08/14 03:04:12.211, NVIDIA H200, 36, 98 %, 30 %, 15051 MiB, 143771 MiB
2026/08/14 03:04:15.211, NVIDIA H200, 37, 99 %, 25 %, 15051 MiB, 143771 MiB
2026/08/14 03:04:18.212, NVIDIA H200, 38, 98 %, 31 %, 15051 MiB, 143771 MiB
2026/08/14 03:04:21.212, NVIDIA H200, 38, 99 %, 31 %, 15051 MiB, 143771 MiB
2026/08/14 03:04:24.212, NVIDIA H200, 36, 99 %, 24 %, 15051 MiB, 143771 MiB
2026/08/14 03:04:27.213, NVIDIA H200, 36, 98 %, 31 %, 15051 MiB, 143771 MiB
2026/08/14 03:04:30.213, NVIDIA H200, 38, 100 %, 25 %, 15051 MiB, 143771 MiB
2026/08/14 03:04:33.213, NVIDIA H200, 36, 99 %, 25 %, 15051 MiB, 143771 MiB
2026/08/14 03:04:36.214, NVIDIA H200, 37, 98 %, 32 %, 15051 MiB, 143771 MiB
2026/08/14 03:04:39.214, NVIDIA H200, 37, 99 %, 23 %, 15051 MiB, 143771 MiB
2026/08/14 03:04:42.214, NVIDIA H200, 37, 97 %, 26 %, 15051 MiB, 143771 MiB
2026/08/14 03:04:45.215, NVIDIA H200, 38, 98 %, 32 %, 15051 MiB, 143771 MiB
2026/08/14 03:04:48.215, NVIDIA H200, 37, 99 %, 21 %, 15051 MiB, 143771 MiB
2026/08/14 03:04:51.215, NVIDIA H200, 36, 97 %, 28 %, 15051 MiB, 143771 MiB
2026/08/14 03:04:54.215, NVIDIA H200, 37, 98 %, 30 %, 15051 MiB, 143771 MiB
2026/08/14 03:04:57.216, NVIDIA H200, 36, 99 %, 26 %, 15051 MiB, 143771 MiB
2026/08/14 03:05:00.216, NVIDIA H200, 36, 98 %, 31 %, 15051 MiB, 143771 MiB
2026/08/14 03:05:03.216, NVIDIA H200, 38, 100 %, 24 %, 15051 MiB, 143771 MiB
2026/08/14 03:05:06.217, NVIDIA H200, 36, 99 %, 25 %, 15051 MiB, 143771 MiB
2026/08/14 03:05:09.217, NVIDIA H200, 37, 99 %, 34 %, 15051 MiB, 143771 MiB
2026/08/14 03:05:12.217, NVIDIA H200, 38, 99 %, 22 %, 15051 MiB, 143771 MiB
2026/08/14 03:05:15.218, NVIDIA H200, 36, 98 %, 28 %, 15051 MiB, 143771 MiB
2026/08/14 03:05:18.218, NVIDIA H200, 38, 98 %, 31 %, 15051 MiB, 143771 MiB
2026/08/14 03:05:21.218, NVIDIA H200, 36, 99 %, 24 %, 15051 MiB, 143771 MiB
2026/08/14 03:05:24.219, NVIDIA H200, 36, 98 %, 31 %, 15051 MiB, 143771 MiB
2026/08/14 03:05:27.219, NVIDIA H200, 34, 64 %, 19 %, 15051 MiB, 143771 MiB
2026/08/14 03:05:30.219, NVIDIA H200, 35, 80 %, 21 %, 15051 MiB, 143771 MiB
2026/08/14 03:05:33.220, NVIDIA H200, 35, 83 %, 26 %, 15051 MiB, 143771 MiB
2026/08/14 03:05:36.220, NVIDIA H200, 38, 98 %, 31 %, 15051 MiB, 143771 MiB
2026/08/14 03:05:39.220, NVIDIA H200, 38, 99 %, 24 %, 15051 MiB, 143771 MiB
2026/08/14 03:05:42.221, NVIDIA H200, 37, 98 %, 29 %, 15051 MiB, 143771 MiB
2026/08/14 03:05:45.221, NVIDIA H200, 36, 98 %, 34 %, 15051 MiB, 143771 MiB
2026/08/14 03:05:48.221, NVIDIA H200, 37, 99 %, 22 %, 15051 MiB, 143771 MiB
2026/08/14 03:05:51.222, NVIDIA H200, 38, 98 %, 26 %, 15051 MiB, 143771 MiB
2026/08/14 03:05:54.222, NVIDIA H200, 36, 98 %, 33 %, 15051 MiB, 143771 MiB
2026/08/14 03:05:57.222, NVIDIA H200, 36, 100 %, 23 %, 15051 MiB, 143771 MiB
2026/08/14 03:06:00.222, NVIDIA H200, 38, 97 %, 25 %, 15051 MiB, 143771 MiB
2026/08/14 03:06:03.223, NVIDIA H200, 36, 99 %, 33 %, 15051 MiB, 143771 MiB
2026/08/14 03:06:06.223, NVIDIA H200, 37, 99 %, 22 %, 15051 MiB, 143771 MiB
2026/08/14 03:06:09.223, NVIDIA H200, 37, 98 %, 27 %, 15051 MiB, 143771 MiB
2026/08/14 03:06:12.224, NVIDIA H200, 36, 99 %, 33 %, 15051 MiB, 143771 MiB
2026/08/14 03:06:15.224, NVIDIA H200, 37, 99 %, 20 %, 15051 MiB, 143771 MiB
2026/08/14 03:06:18.224, NVIDIA H200, 38, 98 %, 30 %, 15051 MiB, 143771 MiB
2026/08/14 03:06:21.225, NVIDIA H200, 36, 99 %, 28 %, 15051 MiB, 143771 MiB
2026/08/14 03:06:24.225, NVIDIA H200, 38, 99 %, 24 %, 15051 MiB, 143771 MiB
2026/08/14 03:06:27.225, NVIDIA H200, 36, 99 %, 31 %, 15051 MiB, 143771 MiB
2026/08/14 03:06:30.226, NVIDIA H200, 36, 100 %, 23 %, 15051 MiB, 143771 MiB
2026/08/14 03:06:33.226, NVIDIA H200, 38, 98 %, 27 %, 15051 MiB, 143771 MiB
2026/08/14 03:06:36.226, NVIDIA H200, 36, 98 %, 33 %, 15051 MiB, 143771 MiB
2026/08/14 03:06:39.227, NVIDIA H200, 37, 99 %, 22 %, 15051 MiB, 143771 MiB
2026/08/14 03:06:42.227, NVIDIA H200, 38, 98 %, 29 %, 15051 MiB, 143771 MiB
2026/08/14 03:06:45.227, NVIDIA H200, 36, 98 %, 31 %, 15051 MiB, 143771 MiB
2026/08/14 03:06:48.228, NVIDIA H200, 38, 99 %, 25 %, 15051 MiB, 143771 MiB
2026/08/14 03:06:51.228, NVIDIA H200, 36, 98 %, 31 %, 15051 MiB, 143771 MiB
2026/08/14 03:06:54.228, NVIDIA H200, 36, 100 %, 23 %, 15051 MiB, 143771 MiB
2026/08/14 03:06:57.228, NVIDIA H200, 38, 98 %, 26 %, 15051 MiB, 143771 MiB
2026/08/14 03:07:00.229, NVIDIA H200, 36, 98 %, 34 %, 15051 MiB, 143771 MiB
2026/08/14 03:07:03.230, NVIDIA H200, 37, 99 %, 22 %, 15051 MiB, 143771 MiB
2026/08/14 03:07:06.230, NVIDIA H200, 37, 97 %, 29 %, 15051 MiB, 143771 MiB
2026/08/14 03:07:09.230, NVIDIA H200, 36, 98 %, 31 %, 15051 MiB, 143771 MiB
2026/08/14 03:07:12.231, NVIDIA H200, 38, 99 %, 24 %, 15051 MiB, 143771 MiB
2026/08/14 03:07:15.231, NVIDIA H200, 37, 98 %, 32 %, 15051 MiB, 143771 MiB
2026/08/14 03:07:18.232, NVIDIA H200, 36, 100 %, 23 %, 15051 MiB, 143771 MiB
2026/08/14 03:07:21.232, NVIDIA H200, 38, 98 %, 26 %, 15051 MiB, 143771 MiB
2026/08/14 03:07:24.233, NVIDIA H200, 36, 98 %, 34 %, 15051 MiB, 143771 MiB
2026/08/14 03:07:27.233, NVIDIA H200, 37, 99 %, 22 %, 15051 MiB, 143771 MiB
2026/08/14 03:07:30.233, NVIDIA H200, 27, 0 %, 0 %, 15051 MiB, 143771 MiB
2026/08/14 03:07:33.234, NVIDIA H200, 32, 75 %, 19 %, 15051 MiB, 143771 MiB
2026/08/14 03:07:36.234, NVIDIA H200, 27, 2 %, 0 %, 15051 MiB, 143771 MiB
2026/08/14 03:07:39.234, NVIDIA H200, 25, 0 %, 0 %, 15051 MiB, 143771 MiB
2026/08/14 03:07:42.235, NVIDIA H200, 24, 0 %, 0 %, 15051 MiB, 143771 MiB
2026/08/14 03:07:45.235, NVIDIA H200, 24, 0 %, 0 %, 15051 MiB, 143771 MiB
2026/08/14 03:07:48.235, NVIDIA H200, 24, 0 %, 0 %, 15051 MiB, 143771 MiB
2026/08/14 03:07:51.236, NVIDIA H200, 24, 0 %, 0 %, 15051 MiB, 143771 MiB
2026/08/14 03:07:54.236, NVIDIA H200, 24, 0 %, 0 %, 15051 MiB, 143771 MiB
2026/08/14 03:07:57.236, NVIDIA H200, 24, 0 %, 0 %, 15051 MiB, 143771 MiB
2026/08/14 03:08:00.237, NVIDIA H200, 24, 0 %, 0 %, 15051 MiB, 143771 MiB
2026/08/14 03:08:03.237, NVIDIA H200, 24, 0 %, 0 %, 15051 MiB, 143771 MiB
2026/08/14 03:08:06.237, NVIDIA H200, 24, 0 %, 0 %, 15051 MiB, 143771 MiB
2026/08/14 03:08:09.237, NVIDIA H200, 24, 0 %, 0 %, 15051 MiB, 143771 MiB
2026/08/14 03:08:12.238, NVIDIA H200, 24, 0 %, 0 %, 15051 MiB, 143771 MiB
2026/08/14 03:08:15.238, NVIDIA H200, 23, 0 %, 0 %, 15051 MiB, 143771 MiB
2026/08/14 03:08:18.238, NVIDIA H200, 23, 0 %, 0 %, 15051 MiB, 143771 MiB
2026/08/14 03:08:21.239, NVIDIA H200, 23, 0 %, 0 %, 15051 MiB, 143771 MiB
2026/08/14 03:08:24.239, NVIDIA H200, 23, 0 %, 0 %, 15051 MiB, 143771 MiB
2026/08/14 03:08:27.239, NVIDIA H200, 23, 0 %, 0 %, 15051 MiB, 143771 MiB
2026/08/14 03:08:30.240, NVIDIA H200, 23, 0 %, 0 %, 15051 MiB, 143771 MiB
2026/08/14 03:08:33.240, NVIDIA H200, 23, 0 %, 0 %, 15051 MiB, 143771 MiB
2026/08/14 03:08:36.240, NVIDIA H200, 23, 0 %, 0 %, 15051 MiB, 143771 MiB
2026/08/14 03:08:39.241, NVIDIA H200, 23, 0 %, 0 %, 15051 MiB, 143771 MiB
2026/08/14 03:08:42.241, NVIDIA H200, 23, 0 %, 0 %, 15051 MiB, 143771 MiB
2026/08/14 03:08:45.241, NVIDIA H200, 23, 0 %, 0 %, 15051 MiB, 143771 MiB
2026/08/14 03:08:48.241, NVIDIA H200, 23, 0 %, 0 %, 15051 MiB, 143771 MiB
2026/08/14 03:08:51.242, NVIDIA H200, 23, 0 %, 0 %, 15051 MiB, 143771 MiB
2026/08/14 03:08:54.242, NVIDIA H200, 23, 0 %, 0 %, 15051 MiB, 143771 MiB
2026/08/14 03:08:57.242, NVIDIA H200, 23, 0 %, 0 %, 15051 MiB, 143771 MiB
2026/08/14 03:09:00.243, NVIDIA H200, 23, 0 %, 0 %, 15051 MiB, 143771 MiB
2026/08/14 03:09:03.243, NVIDIA H200, 23, 0 %, 0 %, 15051 MiB, 143771 MiB
2026/08/14 03:09:06.243, NVIDIA H200, 23, 0 %, 0 %, 15051 MiB, 143771 MiB
2026/08/14 03:09:09.244, NVIDIA H200, 23, 0 %, 0 %, 15051 MiB, 143771 MiB
2026/08/14 03:09:12.244, NVIDIA H200, 23, 0 %, 0 %, 15051 MiB, 143771 MiB
2026/08/14 03:09:15.244, NVIDIA H200, 23, 0 %, 0 %, 15051 MiB, 143771 MiB
2026/08/14 03:09:18.244, NVIDIA H200, 23, 0 %, 0 %, 15051 MiB, 143771 MiB
2026/08/14 03:09:21.245, NVIDIA H200, 23, 0 %, 0 %, 15051 MiB, 143771 MiB
2026/08/14 03:09:24.245, NVIDIA H200, 23, 0 %, 0 %, 15051 MiB, 143771 MiB
2026/08/14 03:09:27.245, NVIDIA H200, 23, 0 %, 0 %, 15051 MiB, 143771 MiB
2026/08/14 03:09:30.246, NVIDIA H200, 23, 0 %, 0 %, 15051 MiB, 143771 MiB
2026/08/14 03:09:33.246, NVIDIA H200, 23, 0 %, 0 %, 15051 MiB, 143771 MiB
2026/08/14 03:09:36.246, NVIDIA H200, 23, 0 %, 0 %, 15051 MiB, 143771 MiB
2026/08/14 03:09:39.247, NVIDIA H200, 23, 0 %, 0 %, 15051 MiB, 143771 MiB
2026/08/14 03:09:42.247, NVIDIA H200, 23, 0 %, 0 %, 15051 MiB, 143771 MiB
2026/08/14 03:09:45.247, NVIDIA H200, 23, 0 %, 0 %, 15051 MiB, 143771 MiB
2026/08/14 03:09:48.248, NVIDIA H200, 23, 0 %, 0 %, 15051 MiB, 143771 MiB
2026/08/14 03:09:51.248, NVIDIA H200, 23, 0 %, 0 %, 15051 MiB, 143771 MiB
2026/08/14 03:09:54.248, NVIDIA H200, 23, 0 %, 0 %, 15051 MiB, 143771 MiB
2026/08/14 03:09:57.248, NVIDIA H200, 23, 0 %, 0 %, 15051 MiB, 143771 MiB
2026/08/14 03:10:00.248, NVIDIA H200, 23, 0 %, 0 %, 15051 MiB, 143771 MiB
2026/08/14 03:10:03.249, NVIDIA H200, 23, 0 %, 0 %, 15051 MiB, 143771 MiB
2026/08/14 03:10:06.249, NVIDIA H200, 23, 0 %, 0 %, 15051 MiB, 143771 MiB
2026/08/14 03:10:09.249, NVIDIA H200, 23, 0 %, 0 %, 15051 MiB, 143771 MiB
2026/08/14 03:10:12.249, NVIDIA H200, 23, 0 %, 0 %, 15051 MiB, 143771 MiB
2026/08/14 03:10:15.250, NVIDIA H200, 23, 0 %, 0 %, 15051 MiB, 143771 MiB
2026/08/14 03:10:18.250, NVIDIA H200, 23, 0 %, 0 %, 15051 MiB, 143771 MiB
2026/08/14 03:10:21.250, NVIDIA H200, 23, 0 %, 0 %, 15051 MiB, 143771 MiB
2026/08/14 03:10:24.250, NVIDIA H200, 23, 0 %, 0 %, 15051 MiB, 143771 MiB
2026/08/14 03:10:27.251, NVIDIA H200, 23, 0 %, 0 %, 15051 MiB, 143771 MiB
2026/08/14 03:10:30.251, NVIDIA H200, 23, 0 %, 0 %, 15051 MiB, 143771 MiB
2026/08/14 03:10:33.251, NVIDIA H200, 30, 85 %, 28 %, 15051 MiB, 143771 MiB
2026/08/14 03:10:36.252, NVIDIA H200, 36, 99 %, 22 %, 15051 MiB, 143771 MiB
2026/08/14 03:10:39.252, NVIDIA H200, 36, 99 %, 22 %, 15051 MiB, 143771 MiB
2026/08/14 03:10:42.252, NVIDIA H200, 35, 74 %, 17 %, 15051 MiB, 143771 MiB
2026/08/14 03:10:45.253, NVIDIA H200, 36, 98 %, 26 %, 15051 MiB, 143771 MiB
2026/08/14 03:10:48.253, NVIDIA H200, 38, 99 %, 31 %, 15051 MiB, 143771 MiB
2026/08/14 03:10:51.253, NVIDIA H200, 36, 99 %, 24 %, 15051 MiB, 143771 MiB
2026/08/14 03:10:54.254, NVIDIA H200, 36, 98 %, 31 %, 15051 MiB, 143771 MiB
2026/08/14 03:10:57.254, NVIDIA H200, 38, 100 %, 23 %, 15051 MiB, 143771 MiB
2026/08/14 03:11:00.254, NVIDIA H200, 37, 98 %, 27 %, 15051 MiB, 143771 MiB
2026/08/14 03:11:03.255, NVIDIA H200, 38, 99 %, 32 %, 15051 MiB, 143771 MiB
2026/08/14 03:11:06.255, NVIDIA H200, 36, 99 %, 21 %, 15051 MiB, 143771 MiB
2026/08/14 03:11:09.255, NVIDIA H200, 36, 98 %, 31 %, 15051 MiB, 143771 MiB
2026/08/14 03:11:12.256, NVIDIA H200, 38, 100 %, 24 %, 15051 MiB, 143771 MiB
2026/08/14 03:11:15.256, NVIDIA H200, 37, 98 %, 26 %, 15051 MiB, 143771 MiB
2026/08/14 03:11:18.256, NVIDIA H200, 38, 99 %, 33 %, 15051 MiB, 143771 MiB
2026/08/14 03:11:21.256, NVIDIA H200, 37, 99 %, 22 %, 15051 MiB, 143771 MiB
2026/08/14 03:11:24.257, NVIDIA H200, 36, 98 %, 31 %, 15051 MiB, 143771 MiB
2026/08/14 03:11:27.257, NVIDIA H200, 38, 100 %, 26 %, 15051 MiB, 143771 MiB
2026/08/14 03:11:30.257, NVIDIA H200, 37, 99 %, 26 %, 15051 MiB, 143771 MiB
2026/08/14 03:11:33.257, NVIDIA H200, 38, 99 %, 33 %, 15051 MiB, 143771 MiB
2026/08/14 03:11:36.258, NVIDIA H200, 37, 99 %, 20 %, 15051 MiB, 143771 MiB
2026/08/14 03:11:39.258, NVIDIA H200, 37, 98 %, 29 %, 15051 MiB, 143771 MiB
2026/08/14 03:11:42.258, NVIDIA H200, 37, 99 %, 28 %, 15051 MiB, 143771 MiB
2026/08/14 03:11:45.259, NVIDIA H200, 38, 99 %, 24 %, 15051 MiB, 143771 MiB
2026/08/14 03:11:48.259, NVIDIA H200, 36, 98 %, 31 %, 15051 MiB, 143771 MiB
2026/08/14 03:11:51.259, NVIDIA H200, 36, 100 %, 23 %, 15051 MiB, 143771 MiB
2026/08/14 03:11:54.259, NVIDIA H200, 38, 99 %, 25 %, 15051 MiB, 143771 MiB
2026/08/14 03:11:57.260, NVIDIA H200, 37, 98 %, 31 %, 15051 MiB, 143771 MiB
2026/08/14 03:12:00.260, NVIDIA H200, 36, 100 %, 23 %, 15051 MiB, 143771 MiB
2026/08/14 03:12:03.260, NVIDIA H200, 39, 97 %, 26 %, 15051 MiB, 143771 MiB
2026/08/14 03:12:06.261, NVIDIA H200, 37, 98 %, 34 %, 15051 MiB, 143771 MiB
2026/08/14 03:12:09.261, NVIDIA H200, 37, 99 %, 22 %, 15051 MiB, 143771 MiB
2026/08/14 03:12:12.261, NVIDIA H200, 38, 98 %, 27 %, 15051 MiB, 143771 MiB
2026/08/14 03:12:15.261, NVIDIA H200, 37, 98 %, 31 %, 15051 MiB, 143771 MiB
2026/08/14 03:12:18.262, NVIDIA H200, 38, 99 %, 23 %, 15051 MiB, 143771 MiB
2026/08/14 03:12:21.262, NVIDIA H200, 37, 97 %, 31 %, 15051 MiB, 143771 MiB
2026/08/14 03:12:24.262, NVIDIA H200, 37, 99 %, 27 %, 15051 MiB, 143771 MiB
2026/08/14 03:12:27.263, NVIDIA H200, 37, 98 %, 25 %, 15051 MiB, 143771 MiB
2026/08/14 03:12:30.263, NVIDIA H200, 34, 81 %, 27 %, 15051 MiB, 143771 MiB
2026/08/14 03:12:33.263, NVIDIA H200, 33, 77 %, 20 %, 15051 MiB, 143771 MiB
2026/08/14 03:12:36.264, NVIDIA H200, 26, 6 %, 0 %, 15051 MiB, 143771 MiB
2026/08/14 03:12:39.264, NVIDIA H200, 35, 99 %, 33 %, 15051 MiB, 143771 MiB
2026/08/14 03:12:42.264, NVIDIA H200, 37, 99 %, 20 %, 15051 MiB, 143771 MiB
2026/08/14 03:12:45.264, NVIDIA H200, 38, 98 %, 29 %, 15051 MiB, 143771 MiB
2026/08/14 03:12:48.265, NVIDIA H200, 36, 98 %, 29 %, 15051 MiB, 143771 MiB
2026/08/14 03:12:51.265, NVIDIA H200, 38, 99 %, 24 %, 15051 MiB, 143771 MiB
2026/08/14 03:12:54.265, NVIDIA H200, 37, 98 %, 32 %, 15051 MiB, 143771 MiB
2026/08/14 03:12:57.266, NVIDIA H200, 37, 99 %, 23 %, 15051 MiB, 143771 MiB
2026/08/14 03:13:00.266, NVIDIA H200, 38, 98 %, 29 %, 15051 MiB, 143771 MiB
2026/08/14 03:13:03.266, NVIDIA H200, 36, 99 %, 30 %, 15051 MiB, 143771 MiB
2026/08/14 03:13:06.267, NVIDIA H200, 39, 99 %, 25 %, 15051 MiB, 143771 MiB
2026/08/14 03:13:09.267, NVIDIA H200, 37, 98 %, 30 %, 15051 MiB, 143771 MiB
2026/08/14 03:13:12.267, NVIDIA H200, 36, 100 %, 24 %, 15051 MiB, 143771 MiB
2026/08/14 03:13:15.268, NVIDIA H200, 39, 98 %, 26 %, 15051 MiB, 143771 MiB
2026/08/14 03:13:18.268, NVIDIA H200, 37, 99 %, 34 %, 15051 MiB, 143771 MiB
2026/08/14 03:13:21.268, NVIDIA H200, 37, 99 %, 22 %, 15051 MiB, 143771 MiB
2026/08/14 03:13:24.268, NVIDIA H200, 38, 97 %, 29 %, 15051 MiB, 143771 MiB
2026/08/14 03:13:27.269, NVIDIA H200, 37, 98 %, 31 %, 15051 MiB, 143771 MiB
2026/08/14 03:13:30.269, NVIDIA H200, 36, 99 %, 25 %, 15051 MiB, 143771 MiB
2026/08/14 03:13:33.269, NVIDIA H200, 37, 98 %, 31 %, 15051 MiB, 143771 MiB
2026/08/14 03:13:36.270, NVIDIA H200, 39, 100 %, 24 %, 15051 MiB, 143771 MiB
2026/08/14 03:13:39.270, NVIDIA H200, 37, 98 %, 26 %, 15051 MiB, 143771 MiB
2026/08/14 03:13:42.270, NVIDIA H200, 38, 98 %, 33 %, 15051 MiB, 143771 MiB
2026/08/14 03:13:45.271, NVIDIA H200, 38, 99 %, 20 %, 15051 MiB, 143771 MiB
2026/08/14 03:13:48.271, NVIDIA H200, 37, 98 %, 29 %, 15051 MiB, 143771 MiB
2026/08/14 03:13:51.271, NVIDIA H200, 38, 99 %, 28 %, 15051 MiB, 143771 MiB
2026/08/14 03:13:54.272, NVIDIA H200, 37, 99 %, 24 %, 15051 MiB, 143771 MiB
2026/08/14 03:13:57.272, NVIDIA H200, 37, 98 %, 31 %, 15051 MiB, 143771 MiB
2026/08/14 03:14:00.272, NVIDIA H200, 38, 100 %, 23 %, 15051 MiB, 143771 MiB
2026/08/14 03:14:03.273, NVIDIA H200, 37, 97 %, 26 %, 15051 MiB, 143771 MiB
2026/08/14 03:14:06.273, NVIDIA H200, 38, 98 %, 33 %, 15051 MiB, 143771 MiB
2026/08/14 03:14:09.273, NVIDIA H200, 38, 99 %, 21 %, 15051 MiB, 143771 MiB
2026/08/14 03:14:12.274, NVIDIA H200, 36, 98 %, 31 %, 15051 MiB, 143771 MiB
2026/08/14 03:14:15.274, NVIDIA H200, 39, 100 %, 26 %, 15051 MiB, 143771 MiB
2026/08/14 03:14:18.274, NVIDIA H200, 37, 98 %, 26 %, 15051 MiB, 143771 MiB
2026/08/14 03:14:21.274, NVIDIA H200, 37, 98 %, 34 %, 15051 MiB, 143771 MiB
2026/08/14 03:14:24.275, NVIDIA H200, 38, 99 %, 22 %, 15051 MiB, 143771 MiB
2026/08/14 03:14:27.275, NVIDIA H200, 37, 98 %, 27 %, 15051 MiB, 143771 MiB
2026/08/14 03:14:30.275, NVIDIA H200, 38, 99 %, 31 %, 15051 MiB, 143771 MiB
2026/08/14 03:14:33.276, NVIDIA H200, 31, 0 %, 0 %, 15051 MiB, 143771 MiB
2026/08/14 03:14:36.276, NVIDIA H200, 32, 70 %, 22 %, 15051 MiB, 143771 MiB
2026/08/14 03:14:39.276, NVIDIA H200, 34, 81 %, 29 %, 15051 MiB, 143771 MiB
2026/08/14 03:14:42.277, NVIDIA H200, 36, 98 %, 29 %, 15051 MiB, 143771 MiB
2026/08/14 03:14:45.277, NVIDIA H200, 37, 99 %, 30 %, 15051 MiB, 143771 MiB
2026/08/14 03:14:48.277, NVIDIA H200, 37, 99 %, 25 %, 15051 MiB, 143771 MiB
2026/08/14 03:14:51.278, NVIDIA H200, 37, 98 %, 31 %, 15051 MiB, 143771 MiB
2026/08/14 03:14:54.278, NVIDIA H200, 38, 100 %, 23 %, 15051 MiB, 143771 MiB
2026/08/14 03:14:57.278, NVIDIA H200, 37, 98 %, 27 %, 15051 MiB, 143771 MiB
2026/08/14 03:15:00.279, NVIDIA H200, 38, 99 %, 33 %, 15051 MiB, 143771 MiB
2026/08/14 03:15:03.279, NVIDIA H200, 38, 99 %, 22 %, 15051 MiB, 143771 MiB
2026/08/14 03:15:06.279, NVIDIA H200, 37, 98 %, 29 %, 15051 MiB, 143771 MiB
2026/08/14 03:15:09.280, NVIDIA H200, 38, 98 %, 31 %, 15051 MiB, 143771 MiB
2026/08/14 03:15:12.280, NVIDIA H200, 37, 98 %, 32 %, 15051 MiB, 143771 MiB
2026/08/14 03:15:15.280, NVIDIA H200, 37, 99 %, 22 %, 15051 MiB, 143771 MiB
2026/08/14 03:15:18.281, NVIDIA H200, 39, 96 %, 31 %, 15051 MiB, 143771 MiB
2026/08/14 03:15:21.281, NVIDIA H200, 37, 99 %, 27 %, 15051 MiB, 143771 MiB
2026/08/14 03:15:24.281, NVIDIA H200, 38, 99 %, 25 %, 15051 MiB, 143771 MiB
2026/08/14 03:15:27.281, NVIDIA H200, 38, 98 %, 32 %, 15051 MiB, 143771 MiB
2026/08/14 03:15:30.282, NVIDIA H200, 37, 99 %, 22 %, 15051 MiB, 143771 MiB
2026/08/14 03:15:33.282, NVIDIA H200, 38, 98 %, 27 %, 15051 MiB, 143771 MiB
2026/08/14 03:15:36.282, NVIDIA H200, 37, 98 %, 31 %, 15051 MiB, 143771 MiB
2026/08/14 03:15:39.283, NVIDIA H200, 37, 99 %, 24 %, 15051 MiB, 143771 MiB
2026/08/14 03:15:42.283, NVIDIA H200, 38, 98 %, 32 %, 15051 MiB, 143771 MiB
2026/08/14 03:15:45.283, NVIDIA H200, 37, 100 %, 24 %, 15051 MiB, 143771 MiB
2026/08/14 03:15:48.284, NVIDIA H200, 38, 98 %, 25 %, 15051 MiB, 143771 MiB
2026/08/14 03:15:51.284, NVIDIA H200, 38, 99 %, 34 %, 15051 MiB, 143771 MiB
2026/08/14 03:15:54.284, NVIDIA H200, 37, 99 %, 22 %, 15051 MiB, 143771 MiB
2026/08/14 03:15:57.285, NVIDIA H200, 38, 97 %, 28 %, 15051 MiB, 143771 MiB
2026/08/14 03:16:00.285, NVIDIA H200, 37, 98 %, 31 %, 15051 MiB, 143771 MiB
2026/08/14 03:16:03.285, NVIDIA H200, 37, 99 %, 25 %, 15051 MiB, 143771 MiB
2026/08/14 03:16:06.286, NVIDIA H200, 38, 98 %, 31 %, 15051 MiB, 143771 MiB
2026/08/14 03:16:09.286, NVIDIA H200, 37, 100 %, 24 %, 15051 MiB, 143771 MiB
2026/08/14 03:16:12.286, NVIDIA H200, 39, 98 %, 25 %, 15051 MiB, 143771 MiB
2026/08/14 03:16:15.287, NVIDIA H200, 38, 99 %, 34 %, 15051 MiB, 143771 MiB
2026/08/14 03:16:18.287, NVIDIA H200, 37, 99 %, 22 %, 15051 MiB, 143771 MiB
2026/08/14 03:16:21.287, NVIDIA H200, 38, 98 %, 27 %, 15051 MiB, 143771 MiB
2026/08/14 03:16:24.288, NVIDIA H200, 37, 99 %, 30 %, 15051 MiB, 143771 MiB
2026/08/14 03:16:27.288, NVIDIA H200, 37, 99 %, 23 %, 15051 MiB, 143771 MiB
2026/08/14 03:16:30.288, NVIDIA H200, 39, 98 %, 31 %, 15051 MiB, 143771 MiB
2026/08/14 03:16:33.289, NVIDIA H200, 37, 99 %, 27 %, 15051 MiB, 143771 MiB
2026/08/14 03:16:36.289, NVIDIA H200, 30, 0 %, 0 %, 15051 MiB, 143771 MiB
2026/08/14 03:16:39.289, NVIDIA H200, 35, 76 %, 20 %, 15051 MiB, 143771 MiB
2026/08/14 03:16:42.289, NVIDIA H200, 35, 82 %, 24 %, 15051 MiB, 143771 MiB
2026/08/14 03:16:45.290, NVIDIA H200, 36, 100 %, 27 %, 15051 MiB, 143771 MiB
2026/08/14 03:16:48.290, NVIDIA H200, 38, 99 %, 25 %, 15051 MiB, 143771 MiB
2026/08/14 03:16:51.290, NVIDIA H200, 38, 98 %, 32 %, 15051 MiB, 143771 MiB
2026/08/14 03:16:54.291, NVIDIA H200, 38, 99 %, 22 %, 15051 MiB, 143771 MiB
2026/08/14 03:16:57.291, NVIDIA H200, 37, 98 %, 29 %, 15051 MiB, 143771 MiB
2026/08/14 03:17:00.291, NVIDIA H200, 37, 98 %, 30 %, 15051 MiB, 143771 MiB
2026/08/14 03:17:03.292, NVIDIA H200, 37, 99 %, 25 %, 15051 MiB, 143771 MiB
2026/08/14 03:17:06.292, NVIDIA H200, 37, 99 %, 30 %, 15051 MiB, 143771 MiB
2026/08/14 03:17:09.292, NVIDIA H200, 38, 99 %, 27 %, 15051 MiB, 143771 MiB
2026/08/14 03:17:12.293, NVIDIA H200, 37, 90 %, 22 %, 15051 MiB, 143771 MiB
2026/08/14 03:17:15.293, NVIDIA H200, 37, 99 %, 26 %, 15051 MiB, 143771 MiB
2026/08/14 03:17:18.293, NVIDIA H200, 37, 98 %, 26 %, 15051 MiB, 143771 MiB
2026/08/14 03:17:21.294, NVIDIA H200, 39, 98 %, 31 %, 15051 MiB, 143771 MiB
2026/08/14 03:17:24.294, NVIDIA H200, 37, 99 %, 22 %, 15051 MiB, 143771 MiB
2026/08/14 03:17:27.294, NVIDIA H200, 36, 97 %, 31 %, 15051 MiB, 143771 MiB
2026/08/14 03:17:30.295, NVIDIA H200, 39, 100 %, 26 %, 15051 MiB, 143771 MiB
2026/08/14 03:17:33.295, NVIDIA H200, 37, 99 %, 25 %, 15051 MiB, 143771 MiB
2026/08/14 03:17:36.295, NVIDIA H200, 38, 98 %, 34 %, 15051 MiB, 143771 MiB
2026/08/14 03:17:39.296, NVIDIA H200, 38, 99 %, 22 %, 15051 MiB, 143771 MiB
2026/08/14 03:17:42.296, NVIDIA H200, 37, 97 %, 26 %, 15051 MiB, 143771 MiB
2026/08/14 03:17:45.296, NVIDIA H200, 39, 98 %, 32 %, 15051 MiB, 143771 MiB
2026/08/14 03:17:48.297, NVIDIA H200, 37, 99 %, 23 %, 15051 MiB, 143771 MiB
2026/08/14 03:17:51.297, NVIDIA H200, 37, 98 %, 31 %, 15051 MiB, 143771 MiB
2026/08/14 03:17:54.297, NVIDIA H200, 39, 100 %, 25 %, 15051 MiB, 143771 MiB
2026/08/14 03:17:57.298, NVIDIA H200, 37, 99 %, 26 %, 15051 MiB, 143771 MiB
2026/08/14 03:18:00.298, NVIDIA H200, 38, 99 %, 34 %, 15051 MiB, 143771 MiB
2026/08/14 03:18:03.298, NVIDIA H200, 38, 99 %, 21 %, 15051 MiB, 143771 MiB
2026/08/14 03:18:06.299, NVIDIA H200, 37, 98 %, 29 %, 15051 MiB, 143771 MiB
2026/08/14 03:18:09.299, NVIDIA H200, 38, 98 %, 31 %, 15051 MiB, 143771 MiB
2026/08/14 03:18:12.299, NVIDIA H200, 37, 99 %, 25 %, 15051 MiB, 143771 MiB
2026/08/14 03:18:15.300, NVIDIA H200, 37, 99 %, 31 %, 15051 MiB, 143771 MiB
2026/08/14 03:18:18.300, NVIDIA H200, 38, 99 %, 25 %, 15051 MiB, 143771 MiB
2026/08/14 03:18:21.300, NVIDIA H200, 37, 98 %, 26 %, 15051 MiB, 143771 MiB
2026/08/14 03:18:24.301, NVIDIA H200, 39, 98 %, 31 %, 15051 MiB, 143771 MiB
2026/08/14 03:18:27.301, NVIDIA H200, 37, 99 %, 23 %, 15051 MiB, 143771 MiB
2026/08/14 03:18:30.301, NVIDIA H200, 37, 98 %, 31 %, 15051 MiB, 143771 MiB
2026/08/14 03:18:33.302, NVIDIA H200, 39, 100 %, 24 %, 15051 MiB, 143771 MiB
2026/08/14 03:18:36.302, NVIDIA H200, 37, 98 %, 25 %, 15051 MiB, 143771 MiB
2026/08/14 03:18:39.302, NVIDIA H200, 30, 0 %, 0 %, 15051 MiB, 143771 MiB
2026/08/14 03:18:42.303, NVIDIA H200, 33, 76 %, 24 %, 15051 MiB, 143771 MiB
2026/08/14 03:18:45.303, NVIDIA H200, 34, 81 %, 21 %, 15051 MiB, 143771 MiB
2026/08/14 03:18:48.303, NVIDIA H200, 36, 99 %, 33 %, 15051 MiB, 143771 MiB
2026/08/14 03:18:51.304, NVIDIA H200, 38, 99 %, 23 %, 15051 MiB, 143771 MiB
2026/08/14 03:18:54.304, NVIDIA H200, 37, 97 %, 26 %, 15051 MiB, 143771 MiB
2026/08/14 03:18:57.304, NVIDIA H200, 38, 98 %, 31 %, 15051 MiB, 143771 MiB
2026/08/14 03:19:00.305, NVIDIA H200, 37, 99 %, 21 %, 15051 MiB, 143771 MiB
2026/08/14 03:19:03.305, NVIDIA H200, 36, 98 %, 31 %, 15051 MiB, 143771 MiB
2026/08/14 03:19:06.305, NVIDIA H200, 38, 99 %, 27 %, 15051 MiB, 143771 MiB
2026/08/14 03:19:09.306, NVIDIA H200, 37, 99 %, 25 %, 15051 MiB, 143771 MiB
2026/08/14 03:19:12.306, NVIDIA H200, 37, 98 %, 32 %, 15051 MiB, 143771 MiB
2026/08/14 03:19:15.306, NVIDIA H200, 38, 99 %, 25 %, 15051 MiB, 143771 MiB
2026/08/14 03:19:18.307, NVIDIA H200, 37, 98 %, 27 %, 15051 MiB, 143771 MiB
2026/08/14 03:19:21.307, NVIDIA H200, 38, 99 %, 32 %, 15051 MiB, 143771 MiB
2026/08/14 03:19:24.307, NVIDIA H200, 37, 99 %, 21 %, 15051 MiB, 143771 MiB
2026/08/14 03:19:27.308, NVIDIA H200, 37, 98 %, 30 %, 15051 MiB, 143771 MiB
2026/08/14 03:19:30.308, NVIDIA H200, 38, 99 %, 27 %, 15051 MiB, 143771 MiB
2026/08/14 03:19:33.308, NVIDIA H200, 37, 99 %, 25 %, 15051 MiB, 143771 MiB
2026/08/14 03:19:36.308, NVIDIA H200, 37, 98 %, 32 %, 15051 MiB, 143771 MiB
2026/08/14 03:19:39.309, NVIDIA H200, 38, 99 %, 24 %, 15051 MiB, 143771 MiB
2026/08/14 03:19:42.309, NVIDIA H200, 37, 98 %, 26 %, 15051 MiB, 143771 MiB
2026/08/14 03:19:45.309, NVIDIA H200, 39, 98 %, 31 %, 15051 MiB, 143771 MiB
2026/08/14 03:19:48.310, NVIDIA H200, 37, 99 %, 23 %, 15051 MiB, 143771 MiB
2026/08/14 03:19:51.310, NVIDIA H200, 37, 98 %, 31 %, 15051 MiB, 143771 MiB
2026/08/14 03:19:54.310, NVIDIA H200, 39, 100 %, 26 %, 15051 MiB, 143771 MiB
2026/08/14 03:19:57.310, NVIDIA H200, 37, 99 %, 25 %, 15051 MiB, 143771 MiB
2026/08/14 03:20:00.311, NVIDIA H200, 38, 98 %, 33 %, 15051 MiB, 143771 MiB
2026/08/14 03:20:03.311, NVIDIA H200, 38, 99 %, 23 %, 15051 MiB, 143771 MiB
2026/08/14 03:20:06.311, NVIDIA H200, 37, 97 %, 27 %, 15051 MiB, 143771 MiB
2026/08/14 03:20:09.311, NVIDIA H200, 39, 98 %, 31 %, 15051 MiB, 143771 MiB
2026/08/14 03:20:12.312, NVIDIA H200, 37, 98 %, 33 %, 15051 MiB, 143771 MiB
2026/08/14 03:20:15.312, NVIDIA H200, 37, 100 %, 23 %, 15051 MiB, 143771 MiB
2026/08/14 03:20:18.312, NVIDIA H200, 37, 99 %, 25 %, 15051 MiB, 143771 MiB
2026/08/14 03:20:21.313, NVIDIA H200, 39, 98 %, 31 %, 15051 MiB, 143771 MiB
2026/08/14 03:20:24.313, NVIDIA H200, 37, 99 %, 27 %, 15051 MiB, 143771 MiB
2026/08/14 03:20:27.313, NVIDIA H200, 38, 99 %, 24 %, 15051 MiB, 143771 MiB
2026/08/14 03:20:30.314, NVIDIA H200, 38, 99 %, 31 %, 15051 MiB, 143771 MiB
2026/08/14 03:20:33.314, NVIDIA H200, 37, 100 %, 24 %, 15051 MiB, 143771 MiB
2026/08/14 03:20:36.314, NVIDIA H200, 39, 97 %, 27 %, 15051 MiB, 143771 MiB
2026/08/14 03:20:39.315, NVIDIA H200, 37, 93 %, 30 %, 15051 MiB, 143771 MiB
2026/08/14 03:20:42.315, NVIDIA H200, 30, 0 %, 0 %, 15051 MiB, 143771 MiB
2026/08/14 03:20:45.315, NVIDIA H200, 35, 62 %, 20 %, 15051 MiB, 143771 MiB
2026/08/14 03:20:48.316, NVIDIA H200, 33, 86 %, 31 %, 15051 MiB, 143771 MiB
2026/08/14 03:20:51.316, NVIDIA H200, 25, 0 %, 0 %, 15051 MiB, 143771 MiB
2026/08/14 03:20:54.316, NVIDIA H200, 25, 0 %, 0 %, 15051 MiB, 143771 MiB
2026/08/14 03:20:57.316, NVIDIA H200, 37, 99 %, 22 %, 15051 MiB, 143771 MiB
2026/08/14 03:21:00.317, NVIDIA H200, 36, 98 %, 27 %, 15051 MiB, 143771 MiB
2026/08/14 03:21:03.317, NVIDIA H200, 38, 98 %, 31 %, 15051 MiB, 143771 MiB
2026/08/14 03:21:06.317, NVIDIA H200, 37, 99 %, 25 %, 15051 MiB, 143771 MiB
2026/08/14 03:21:09.318, NVIDIA H200, 38, 98 %, 34 %, 15051 MiB, 143771 MiB
2026/08/14 03:21:12.318, NVIDIA H200, 38, 99 %, 21 %, 15051 MiB, 143771 MiB
2026/08/14 03:21:15.318, NVIDIA H200, 37, 97 %, 31 %, 15051 MiB, 143771 MiB
2026/08/14 03:21:18.319, NVIDIA H200, 39, 100 %, 24 %, 15051 MiB, 143771 MiB
2026/08/14 03:21:21.319, NVIDIA H200, 38, 98 %, 27 %, 15051 MiB, 143771 MiB
2026/08/14 03:21:24.319, NVIDIA H200, 39, 98 %, 31 %, 15051 MiB, 143771 MiB
2026/08/14 03:21:27.320, NVIDIA H200, 37, 99 %, 24 %, 15051 MiB, 143771 MiB
2026/08/14 03:21:30.320, NVIDIA H200, 37, 98 %, 31 %, 15051 MiB, 143771 MiB
2026/08/14 03:21:33.320, NVIDIA H200, 38, 100 %, 25 %, 15051 MiB, 143771 MiB
2026/08/14 03:21:36.321, NVIDIA H200, 37, 98 %, 27 %, 15051 MiB, 143771 MiB
2026/08/14 03:21:39.321, NVIDIA H200, 38, 99 %, 30 %, 15051 MiB, 143771 MiB
2026/08/14 03:21:42.321, NVIDIA H200, 38, 99 %, 25 %, 15051 MiB, 143771 MiB
2026/08/14 03:21:45.321, NVIDIA H200, 38, 98 %, 34 %, 15051 MiB, 143771 MiB
2026/08/14 03:21:48.322, NVIDIA H200, 38, 99 %, 22 %, 15051 MiB, 143771 MiB
2026/08/14 03:21:51.322, NVIDIA H200, 37, 98 %, 29 %, 15051 MiB, 143771 MiB
2026/08/14 03:21:54.322, NVIDIA H200, 39, 100 %, 27 %, 15051 MiB, 143771 MiB
2026/08/14 03:21:57.323, NVIDIA H200, 39, 97 %, 25 %, 15051 MiB, 143771 MiB
2026/08/14 03:22:00.323, NVIDIA H200, 37, 98 %, 33 %, 15051 MiB, 143771 MiB
2026/08/14 03:22:03.323, NVIDIA H200, 39, 99 %, 23 %, 15051 MiB, 143771 MiB
2026/08/14 03:22:06.324, NVIDIA H200, 37, 98 %, 30 %, 15051 MiB, 143771 MiB
2026/08/14 03:22:09.324, NVIDIA H200, 37, 99 %, 25 %, 15051 MiB, 143771 MiB
2026/08/14 03:22:12.324, NVIDIA H200, 38, 98 %, 27 %, 15051 MiB, 143771 MiB
2026/08/14 03:22:15.325, NVIDIA H200, 37, 98 %, 31 %, 15051 MiB, 143771 MiB
2026/08/14 03:22:18.325, NVIDIA H200, 38, 99 %, 25 %, 15051 MiB, 143771 MiB
2026/08/14 03:22:21.325, NVIDIA H200, 37, 98 %, 34 %, 15051 MiB, 143771 MiB
2026/08/14 03:22:24.326, NVIDIA H200, 38, 99 %, 21 %, 15051 MiB, 143771 MiB
2026/08/14 03:22:27.326, NVIDIA H200, 38, 98 %, 31 %, 15051 MiB, 143771 MiB
2026/08/14 03:22:30.326, NVIDIA H200, 37, 100 %, 24 %, 15051 MiB, 143771 MiB
2026/08/14 03:22:33.327, NVIDIA H200, 39, 97 %, 27 %, 15051 MiB, 143771 MiB
2026/08/14 03:22:36.327, NVIDIA H200, 37, 98 %, 32 %, 15051 MiB, 143771 MiB
2026/08/14 03:22:39.327, NVIDIA H200, 39, 99 %, 24 %, 15051 MiB, 143771 MiB
2026/08/14 03:22:42.328, NVIDIA H200, 37, 98 %, 31 %, 15051 MiB, 143771 MiB
2026/08/14 03:22:45.328, NVIDIA H200, 37, 99 %, 25 %, 15051 MiB, 143771 MiB
2026/08/14 03:22:48.328, NVIDIA H200, 38, 98 %, 28 %, 15051 MiB, 143771 MiB
2026/08/14 03:22:51.328, NVIDIA H200, 35, 82 %, 21 %, 15051 MiB, 143771 MiB
2026/08/14 03:22:54.329, NVIDIA H200, 35, 79 %, 27 %, 15051 MiB, 143771 MiB
2026/08/14 03:22:57.329, NVIDIA H200, 35, 91 %, 22 %, 15051 MiB, 143771 MiB
2026/08/14 03:23:00.329, NVIDIA H200, 37, 99 %, 25 %, 15051 MiB, 143771 MiB
2026/08/14 03:23:03.330, NVIDIA H200, 37, 98 %, 34 %, 15051 MiB, 143771 MiB
2026/08/14 03:23:06.330, NVIDIA H200, 38, 99 %, 21 %, 15051 MiB, 143771 MiB
2026/08/14 03:23:09.330, NVIDIA H200, 38, 98 %, 31 %, 15051 MiB, 143771 MiB
2026/08/14 03:23:12.331, NVIDIA H200, 37, 100 %, 24 %, 15051 MiB, 143771 MiB
2026/08/14 03:23:15.331, NVIDIA H200, 39, 98 %, 27 %, 15051 MiB, 143771 MiB
2026/08/14 03:23:18.332, NVIDIA H200, 38, 98 %, 30 %, 15051 MiB, 143771 MiB
2026/08/14 03:23:21.332, NVIDIA H200, 39, 99 %, 25 %, 15051 MiB, 143771 MiB
2026/08/14 03:23:24.332, NVIDIA H200, 37, 99 %, 32 %, 15051 MiB, 143771 MiB
2026/08/14 03:23:27.333, NVIDIA H200, 38, 99 %, 22 %, 15051 MiB, 143771 MiB
2026/08/14 03:23:30.333, NVIDIA H200, 38, 97 %, 29 %, 15051 MiB, 143771 MiB
2026/08/14 03:23:33.333, NVIDIA H200, 37, 98 %, 32 %, 15051 MiB, 143771 MiB
2026/08/14 03:23:36.333, NVIDIA H200, 38, 99 %, 22 %, 15051 MiB, 143771 MiB
2026/08/14 03:23:39.334, NVIDIA H200, 38, 99 %, 25 %, 15051 MiB, 143771 MiB
2026/08/14 03:23:42.334, NVIDIA H200, 37, 99 %, 34 %, 15051 MiB, 143771 MiB
2026/08/14 03:23:45.334, NVIDIA H200, 37, 99 %, 23 %, 15051 MiB, 143771 MiB
2026/08/14 03:23:48.335, NVIDIA H200, 38, 99 %, 22 %, 15051 MiB, 143771 MiB
2026/08/14 03:23:51.335, NVIDIA H200, 39, 97 %, 26 %, 15051 MiB, 143771 MiB
2026/08/14 03:23:54.336, NVIDIA H200, 37, 97 %, 31 %, 15051 MiB, 143771 MiB
2026/08/14 03:23:57.336, NVIDIA H200, 38, 99 %, 24 %, 15051 MiB, 143771 MiB
2026/08/14 03:24:00.336, NVIDIA H200, 37, 98 %, 34 %, 15051 MiB, 143771 MiB
2026/08/14 03:24:03.337, NVIDIA H200, 38, 99 %, 21 %, 15051 MiB, 143771 MiB
2026/08/14 03:24:06.337, NVIDIA H200, 38, 98 %, 31 %, 15051 MiB, 143771 MiB
2026/08/14 03:24:09.337, NVIDIA H200, 37, 100 %, 24 %, 15051 MiB, 143771 MiB
2026/08/14 03:24:12.338, NVIDIA H200, 39, 98 %, 27 %, 15051 MiB, 143771 MiB
2026/08/14 03:24:15.338, NVIDIA H200, 38, 98 %, 31 %, 15051 MiB, 143771 MiB
2026/08/14 03:24:18.338, NVIDIA H200, 39, 99 %, 25 %, 15051 MiB, 143771 MiB
2026/08/14 03:24:21.339, NVIDIA H200, 37, 98 %, 32 %, 15051 MiB, 143771 MiB
2026/08/14 03:24:24.339, NVIDIA H200, 38, 99 %, 22 %, 15051 MiB, 143771 MiB
2026/08/14 03:24:27.339, NVIDIA H200, 38, 98 %, 29 %, 15051 MiB, 143771 MiB
2026/08/14 03:24:30.340, NVIDIA H200, 37, 100 %, 27 %, 15051 MiB, 143771 MiB
2026/08/14 03:24:33.340, NVIDIA H200, 39, 99 %, 25 %, 15051 MiB, 143771 MiB
2026/08/14 03:24:36.340, NVIDIA H200, 37, 98 %, 31 %, 15051 MiB, 143771 MiB
2026/08/14 03:24:39.341, NVIDIA H200, 38, 99 %, 22 %, 15051 MiB, 143771 MiB
2026/08/14 03:24:42.341, NVIDIA H200, 38, 97 %, 29 %, 15051 MiB, 143771 MiB
2026/08/14 03:24:45.341, NVIDIA H200, 38, 99 %, 27 %, 15051 MiB, 143771 MiB
2026/08/14 03:24:48.342, NVIDIA H200, 39, 99 %, 26 %, 15051 MiB, 143771 MiB
2026/08/14 03:24:51.342, NVIDIA H200, 38, 99 %, 32 %, 15051 MiB, 143771 MiB
2026/08/14 03:24:54.342, NVIDIA H200, 35, 72 %, 23 %, 15051 MiB, 143771 MiB
2026/08/14 03:24:57.343, NVIDIA H200, 32, 75 %, 18 %, 15051 MiB, 143771 MiB
2026/08/14 03:25:00.343, NVIDIA H200, 34, 72 %, 23 %, 15051 MiB, 143771 MiB
2026/08/14 03:25:03.343, NVIDIA H200, 38, 97 %, 26 %, 15051 MiB, 143771 MiB
2026/08/14 03:25:06.343, NVIDIA H200, 37, 99 %, 31 %, 15051 MiB, 143771 MiB
2026/08/14 03:25:09.344, NVIDIA H200, 38, 99 %, 25 %, 15051 MiB, 143771 MiB
2026/08/14 03:25:12.344, NVIDIA H200, 37, 99 %, 34 %, 15051 MiB, 143771 MiB
2026/08/14 03:25:15.344, NVIDIA H200, 39, 99 %, 22 %, 15051 MiB, 143771 MiB
2026/08/14 03:25:18.345, NVIDIA H200, 37, 99 %, 22 %, 15051 MiB, 143771 MiB
2026/08/14 03:25:21.345, NVIDIA H200, 37, 98 %, 31 %, 15051 MiB, 143771 MiB
2026/08/14 03:25:24.345, NVIDIA H200, 38, 100 %, 25 %, 15051 MiB, 143771 MiB
2026/08/14 03:25:27.346, NVIDIA H200, 37, 98 %, 27 %, 15051 MiB, 143771 MiB
2026/08/14 03:25:30.346, NVIDIA H200, 38, 98 %, 30 %, 15051 MiB, 143771 MiB
2026/08/14 03:25:33.346, NVIDIA H200, 37, 99 %, 25 %, 15051 MiB, 143771 MiB
2026/08/14 03:25:36.347, NVIDIA H200, 38, 98 %, 34 %, 15051 MiB, 143771 MiB
2026/08/14 03:25:39.347, NVIDIA H200, 37, 99 %, 22 %, 15051 MiB, 143771 MiB
2026/08/14 03:25:42.347, NVIDIA H200, 37, 99 %, 31 %, 15051 MiB, 143771 MiB
2026/08/14 03:25:45.348, NVIDIA H200, 36, 98 %, 24 %, 15051 MiB, 143771 MiB
2026/08/14 03:25:48.348, NVIDIA H200, 37, 99 %, 27 %, 15051 MiB, 143771 MiB
2026/08/14 03:25:51.348, NVIDIA H200, 38, 98 %, 33 %, 15051 MiB, 143771 MiB
2026/08/14 03:25:54.349, NVIDIA H200, 37, 99 %, 24 %, 15051 MiB, 143771 MiB
2026/08/14 03:25:57.349, NVIDIA H200, 37, 99 %, 31 %, 15051 MiB, 143771 MiB
2026/08/14 03:26:00.349, NVIDIA H200, 38, 99 %, 23 %, 15051 MiB, 143771 MiB
2026/08/14 03:26:03.350, NVIDIA H200, 37, 98 %, 29 %, 15051 MiB, 143771 MiB
2026/08/14 03:26:06.350, NVIDIA H200, 39, 99 %, 27 %, 15051 MiB, 143771 MiB
2026/08/14 03:26:09.350, NVIDIA H200, 37, 99 %, 26 %, 15051 MiB, 143771 MiB
2026/08/14 03:26:12.351, NVIDIA H200, 39, 99 %, 32 %, 15051 MiB, 143771 MiB
2026/08/14 03:26:15.351, NVIDIA H200, 37, 99 %, 25 %, 15051 MiB, 143771 MiB
2026/08/14 03:26:18.351, NVIDIA H200, 37, 98 %, 31 %, 15051 MiB, 143771 MiB
2026/08/14 03:26:21.352, NVIDIA H200, 38, 99 %, 22 %, 15051 MiB, 143771 MiB
2026/08/14 03:26:24.352, NVIDIA H200, 37, 98 %, 30 %, 15051 MiB, 143771 MiB
2026/08/14 03:26:27.352, NVIDIA H200, 39, 100 %, 23 %, 15051 MiB, 143771 MiB
2026/08/14 03:26:30.352, NVIDIA H200, 37, 98 %, 26 %, 15051 MiB, 143771 MiB
2026/08/14 03:26:33.353, NVIDIA H200, 38, 98 %, 31 %, 15051 MiB, 143771 MiB
2026/08/14 03:26:36.354, NVIDIA H200, 37, 99 %, 22 %, 15051 MiB, 143771 MiB
2026/08/14 03:26:39.354, NVIDIA H200, 37, 98 %, 30 %, 15051 MiB, 143771 MiB
2026/08/14 03:26:42.354, NVIDIA H200, 38, 99 %, 25 %, 15051 MiB, 143771 MiB
2026/08/14 03:26:45.355, NVIDIA H200, 37, 98 %, 26 %, 15051 MiB, 143771 MiB
2026/08/14 03:26:48.355, NVIDIA H200, 39, 98 %, 32 %, 15051 MiB, 143771 MiB
2026/08/14 03:26:51.355, NVIDIA H200, 38, 99 %, 21 %, 15051 MiB, 143771 MiB
2026/08/14 03:26:54.356, NVIDIA H200, 37, 97 %, 31 %, 15051 MiB, 143771 MiB
2026/08/14 03:26:57.356, NVIDIA H200, 34, 73 %, 23 %, 15051 MiB, 143771 MiB
2026/08/14 03:27:00.356, NVIDIA H200, 33, 86 %, 28 %, 15051 MiB, 143771 MiB
2026/08/14 03:27:03.356, NVIDIA H200, 36, 98 %, 31 %, 15051 MiB, 143771 MiB
2026/08/14 03:27:06.357, NVIDIA H200, 38, 99 %, 24 %, 15051 MiB, 143771 MiB
2026/08/14 03:27:09.357, NVIDIA H200, 37, 98 %, 31 %, 15051 MiB, 143771 MiB
2026/08/14 03:27:12.357, NVIDIA H200, 36, 100 %, 23 %, 15051 MiB, 143771 MiB
2026/08/14 03:27:15.358, NVIDIA H200, 38, 98 %, 27 %, 15051 MiB, 143771 MiB
2026/08/14 03:27:18.358, NVIDIA H200, 37, 98 %, 31 %, 15051 MiB, 143771 MiB
2026/08/14 03:27:21.358, NVIDIA H200, 38, 99 %, 25 %, 15051 MiB, 143771 MiB
2026/08/14 03:27:24.359, NVIDIA H200, 37, 98 %, 33 %, 15051 MiB, 143771 MiB
2026/08/14 03:27:27.359, NVIDIA H200, 38, 99 %, 21 %, 15051 MiB, 143771 MiB
2026/08/14 03:27:30.359, NVIDIA H200, 38, 98 %, 30 %, 15051 MiB, 143771 MiB
2026/08/14 03:27:33.359, NVIDIA H200, 36, 100 %, 25 %, 15051 MiB, 143771 MiB
2026/08/14 03:27:36.360, NVIDIA H200, 39, 98 %, 28 %, 15051 MiB, 143771 MiB
2026/08/14 03:27:39.360, NVIDIA H200, 37, 98 %, 32 %, 15051 MiB, 143771 MiB
2026/08/14 03:27:42.360, NVIDIA H200, 39, 99 %, 25 %, 15051 MiB, 143771 MiB
2026/08/14 03:27:45.361, NVIDIA H200, 37, 99 %, 33 %, 15051 MiB, 143771 MiB
2026/08/14 03:27:48.361, NVIDIA H200, 37, 99 %, 22 %, 15051 MiB, 143771 MiB
2026/08/14 03:27:51.361, NVIDIA H200, 38, 98 %, 29 %, 15051 MiB, 143771 MiB
2026/08/14 03:27:54.362, NVIDIA H200, 37, 99 %, 27 %, 15051 MiB, 143771 MiB
2026/08/14 03:27:57.362, NVIDIA H200, 39, 98 %, 25 %, 15051 MiB, 143771 MiB
2026/08/14 03:28:00.363, NVIDIA H200, 37, 99 %, 33 %, 15051 MiB, 143771 MiB
2026/08/14 03:28:03.363, NVIDIA H200, 38, 99 %, 22 %, 15051 MiB, 143771 MiB
2026/08/14 03:28:06.363, NVIDIA H200, 37, 98 %, 31 %, 15051 MiB, 143771 MiB
2026/08/14 03:28:09.363, NVIDIA H200, 37, 100 %, 24 %, 15051 MiB, 143771 MiB
2026/08/14 03:28:12.364, NVIDIA H200, 38, 98 %, 26 %, 15051 MiB, 143771 MiB
2026/08/14 03:28:15.364, NVIDIA H200, 36, 99 %, 33 %, 15051 MiB, 143771 MiB
2026/08/14 03:28:18.364, NVIDIA H200, 38, 99 %, 22 %, 15051 MiB, 143771 MiB
2026/08/14 03:28:21.365, NVIDIA H200, 37, 97 %, 32 %, 15051 MiB, 143771 MiB
2026/08/14 03:28:24.365, NVIDIA H200, 38, 100 %, 24 %, 15051 MiB, 143771 MiB
2026/08/14 03:28:27.365, NVIDIA H200, 37, 98 %, 27 %, 15051 MiB, 143771 MiB
2026/08/14 03:28:30.366, NVIDIA H200, 38, 99 %, 31 %, 15051 MiB, 143771 MiB
2026/08/14 03:28:33.366, NVIDIA H200, 37, 99 %, 24 %, 15051 MiB, 143771 MiB
2026/08/14 03:28:36.366, NVIDIA H200, 38, 99 %, 34 %, 15051 MiB, 143771 MiB
2026/08/14 03:28:39.367, NVIDIA H200, 38, 99 %, 22 %, 15051 MiB, 143771 MiB
2026/08/14 03:28:42.367, NVIDIA H200, 37, 98 %, 30 %, 15051 MiB, 143771 MiB
2026/08/14 03:28:45.367, NVIDIA H200, 39, 100 %, 25 %, 15051 MiB, 143771 MiB
2026/08/14 03:28:48.368, NVIDIA H200, 37, 98 %, 27 %, 15051 MiB, 143771 MiB
2026/08/14 03:28:51.368, NVIDIA H200, 38, 98 %, 32 %, 15051 MiB, 143771 MiB
2026/08/14 03:28:54.368, NVIDIA H200, 37, 99 %, 24 %, 15051 MiB, 143771 MiB
2026/08/14 03:28:57.369, NVIDIA H200, 28, 0 %, 0 %, 15051 MiB, 143771 MiB
2026/08/14 03:29:00.369, NVIDIA H200, 36, 75 %, 22 %, 15051 MiB, 143771 MiB
2026/08/14 03:29:03.369, NVIDIA H200, 30, 98 %, 24 %, 15051 MiB, 143771 MiB
2026/08/14 03:29:06.370, NVIDIA H200, 37, 98 %, 33 %, 15051 MiB, 143771 MiB
2026/08/14 03:29:09.370, NVIDIA H200, 37, 99 %, 21 %, 15051 MiB, 143771 MiB
2026/08/14 03:29:12.370, NVIDIA H200, 36, 97 %, 29 %, 15051 MiB, 143771 MiB
2026/08/14 03:29:15.371, NVIDIA H200, 38, 99 %, 31 %, 15051 MiB, 143771 MiB
2026/08/14 03:29:18.371, NVIDIA H200, 36, 99 %, 25 %, 15051 MiB, 143771 MiB
2026/08/14 03:29:21.371, NVIDIA H200, 36, 97 %, 31 %, 15051 MiB, 143771 MiB
2026/08/14 03:29:24.372, NVIDIA H200, 38, 100 %, 23 %, 15051 MiB, 143771 MiB
2026/08/14 03:29:27.372, NVIDIA H200, 36, 98 %, 25 %, 15051 MiB, 143771 MiB
2026/08/14 03:29:30.372, NVIDIA H200, 36, 98 %, 31 %, 15051 MiB, 143771 MiB
2026/08/14 03:29:33.373, NVIDIA H200, 38, 100 %, 23 %, 15051 MiB, 143771 MiB
2026/08/14 03:29:36.373, NVIDIA H200, 36, 98 %, 26 %, 15051 MiB, 143771 MiB
2026/08/14 03:29:39.373, NVIDIA H200, 37, 98 %, 33 %, 15051 MiB, 143771 MiB
2026/08/14 03:29:42.374, NVIDIA H200, 37, 99 %, 21 %, 15051 MiB, 143771 MiB
2026/08/14 03:29:45.374, NVIDIA H200, 36, 98 %, 29 %, 15051 MiB, 143771 MiB
2026/08/14 03:29:48.374, NVIDIA H200, 38, 99 %, 32 %, 15051 MiB, 143771 MiB
2026/08/14 03:29:51.375, NVIDIA H200, 37, 99 %, 22 %, 15051 MiB, 143771 MiB
2026/08/14 03:29:54.375, NVIDIA H200, 36, 96 %, 27 %, 15051 MiB, 143771 MiB
2026/08/14 03:29:57.375, NVIDIA H200, 36, 98 %, 32 %, 15051 MiB, 143771 MiB
2026/08/14 03:30:00.376, NVIDIA H200, 37, 99 %, 24 %, 15051 MiB, 143771 MiB
2026/08/14 03:30:03.376, NVIDIA H200, 36, 98 %, 27 %, 15051 MiB, 143771 MiB
2026/08/14 03:30:06.376, NVIDIA H200, 38, 98 %, 32 %, 15051 MiB, 143771 MiB
2026/08/14 03:30:09.376, NVIDIA H200, 37, 99 %, 22 %, 15051 MiB, 143771 MiB
2026/08/14 03:30:12.377, NVIDIA H200, 37, 98 %, 27 %, 15051 MiB, 143771 MiB
2026/08/14 03:30:15.377, NVIDIA H200, 38, 98 %, 25 %, 15051 MiB, 143771 MiB
2026/08/14 03:30:18.377, NVIDIA H200, 37, 98 %, 33 %, 15051 MiB, 143771 MiB
2026/08/14 03:30:21.378, NVIDIA H200, 36, 99 %, 20 %, 15051 MiB, 143771 MiB
2026/08/14 03:30:24.378, NVIDIA H200, 38, 98 %, 30 %, 15051 MiB, 143771 MiB
2026/08/14 03:30:27.378, NVIDIA H200, 36, 99 %, 27 %, 15051 MiB, 143771 MiB
2026/08/14 03:30:30.379, NVIDIA H200, 37, 99 %, 25 %, 15051 MiB, 143771 MiB
2026/08/14 03:30:33.379, NVIDIA H200, 37, 99 %, 32 %, 15051 MiB, 143771 MiB
2026/08/14 03:30:36.379, NVIDIA H200, 36, 99 %, 24 %, 15051 MiB, 143771 MiB
2026/08/14 03:30:39.380, NVIDIA H200, 38, 97 %, 27 %, 15051 MiB, 143771 MiB
2026/08/14 03:30:42.380, NVIDIA H200, 36, 98 %, 33 %, 15051 MiB, 143771 MiB
2026/08/14 03:30:45.380, NVIDIA H200, 36, 99 %, 21 %, 15051 MiB, 143771 MiB
2026/08/14 03:30:48.381, NVIDIA H200, 38, 97 %, 29 %, 15051 MiB, 143771 MiB
2026/08/14 03:30:51.381, NVIDIA H200, 36, 98 %, 29 %, 15051 MiB, 143771 MiB
2026/08/14 03:30:54.381, NVIDIA H200, 37, 99 %, 24 %, 15051 MiB, 143771 MiB
2026/08/14 03:30:57.382, NVIDIA H200, 38, 98 %, 31 %, 15051 MiB, 143771 MiB
2026/08/14 03:31:00.382, NVIDIA H200, 30, 39 %, 11 %, 15051 MiB, 143771 MiB
2026/08/14 03:31:03.382, NVIDIA H200, 34, 78 %, 24 %, 15051 MiB, 143771 MiB
2026/08/14 03:31:06.383, NVIDIA H200, 26, 0 %, 0 %, 15051 MiB, 143771 MiB
2026/08/14 03:31:09.383, NVIDIA H200, 24, 0 %, 0 %, 15051 MiB, 143771 MiB
2026/08/14 03:31:12.383, NVIDIA H200, 32, 100 %, 24 %, 15051 MiB, 143771 MiB
2026/08/14 03:31:15.384, NVIDIA H200, 37, 98 %, 26 %, 15051 MiB, 143771 MiB
2026/08/14 03:31:18.384, NVIDIA H200, 36, 98 %, 33 %, 15051 MiB, 143771 MiB
2026/08/14 03:31:21.384, NVIDIA H200, 36, 99 %, 20 %, 15051 MiB, 143771 MiB
2026/08/14 03:31:24.385, NVIDIA H200, 37, 98 %, 29 %, 15051 MiB, 143771 MiB
2026/08/14 03:31:27.385, NVIDIA H200, 36, 99 %, 31 %, 15051 MiB, 143771 MiB
2026/08/14 03:31:30.385, NVIDIA H200, 36, 99 %, 24 %, 15051 MiB, 143771 MiB
2026/08/14 03:31:33.385, NVIDIA H200, 38, 98 %, 31 %, 15051 MiB, 143771 MiB
2026/08/14 03:31:36.386, NVIDIA H200, 36, 100 %, 24 %, 15051 MiB, 143771 MiB
2026/08/14 03:31:39.386, NVIDIA H200, 37, 98 %, 26 %, 15051 MiB, 143771 MiB
2026/08/14 03:31:42.386, NVIDIA H200, 37, 98 %, 32 %, 15051 MiB, 143771 MiB
2026/08/14 03:31:45.387, NVIDIA H200, 36, 99 %, 23 %, 15051 MiB, 143771 MiB
2026/08/14 03:31:48.387, NVIDIA H200, 37, 98 %, 26 %, 15051 MiB, 143771 MiB
2026/08/14 03:31:51.387, NVIDIA H200, 36, 98 %, 30 %, 15051 MiB, 143771 MiB
2026/08/14 03:31:54.388, NVIDIA H200, 36, 99 %, 24 %, 15051 MiB, 143771 MiB
2026/08/14 03:31:57.388, NVIDIA H200, 38, 97 %, 31 %, 15051 MiB, 143771 MiB
2026/08/14 03:32:00.388, NVIDIA H200, 36, 100 %, 26 %, 15051 MiB, 143771 MiB
2026/08/14 03:32:03.389, NVIDIA H200, 36, 99 %, 25 %, 15051 MiB, 143771 MiB
2026/08/14 03:32:06.389, NVIDIA H200, 37, 98 %, 33 %, 15051 MiB, 143771 MiB
2026/08/14 03:32:09.389, NVIDIA H200, 37, 98 %, 22 %, 15051 MiB, 143771 MiB
2026/08/14 03:32:12.390, NVIDIA H200, 36, 98 %, 26 %, 15051 MiB, 143771 MiB
2026/08/14 03:32:15.390, NVIDIA H200, 38, 98 %, 31 %, 15051 MiB, 143771 MiB
2026/08/14 03:32:18.390, NVIDIA H200, 36, 99 %, 23 %, 15051 MiB, 143771 MiB
2026/08/14 03:32:21.391, NVIDIA H200, 36, 98 %, 31 %, 15051 MiB, 143771 MiB
2026/08/14 03:32:24.391, NVIDIA H200, 37, 99 %, 27 %, 15051 MiB, 143771 MiB
2026/08/14 03:32:27.391, NVIDIA H200, 36, 99 %, 25 %, 15051 MiB, 143771 MiB
2026/08/14 03:32:30.392, NVIDIA H200, 37, 98 %, 31 %, 15051 MiB, 143771 MiB
2026/08/14 03:32:33.392, NVIDIA H200, 38, 100 %, 24 %, 15051 MiB, 143771 MiB
2026/08/14 03:32:36.392, NVIDIA H200, 37, 97 %, 27 %, 15051 MiB, 143771 MiB
2026/08/14 03:32:39.393, NVIDIA H200, 38, 99 %, 33 %, 15051 MiB, 143771 MiB
2026/08/14 03:32:42.393, NVIDIA H200, 37, 99 %, 21 %, 15051 MiB, 143771 MiB
2026/08/14 03:32:45.393, NVIDIA H200, 36, 98 %, 30 %, 15051 MiB, 143771 MiB
2026/08/14 03:32:48.394, NVIDIA H200, 37, 98 %, 30 %, 15051 MiB, 143771 MiB
2026/08/14 03:32:51.394, NVIDIA H200, 36, 99 %, 25 %, 15051 MiB, 143771 MiB
2026/08/14 03:32:54.394, NVIDIA H200, 36, 98 %, 30 %, 15051 MiB, 143771 MiB
2026/08/14 03:32:57.395, NVIDIA H200, 38, 100 %, 23 %, 15051 MiB, 143771 MiB
2026/08/14 03:33:00.395, NVIDIA H200, 36, 99 %, 26 %, 15051 MiB, 143771 MiB
2026/08/14 03:33:03.395, NVIDIA H200, 36, 98 %, 31 %, 15051 MiB, 143771 MiB
2026/08/14 03:33:06.395, NVIDIA H200, 38, 100 %, 24 %, 15051 MiB, 143771 MiB
2026/08/14 03:33:09.396, NVIDIA H200, 34, 73 %, 19 %, 15051 MiB, 143771 MiB
2026/08/14 03:33:12.396, NVIDIA H200, 34, 59 %, 19 %, 15051 MiB, 143771 MiB
2026/08/14 03:33:15.396, NVIDIA H200, 25, 0 %, 0 %, 15051 MiB, 143771 MiB
2026/08/14 03:33:18.397, NVIDIA H200, 24, 0 %, 0 %, 15051 MiB, 143771 MiB
2026/08/14 03:33:21.397, NVIDIA H200, 24, 0 %, 0 %, 15051 MiB, 143771 MiB
2026/08/14 03:33:24.397, NVIDIA H200, 24, 0 %, 0 %, 15051 MiB, 143771 MiB
2026/08/14 03:33:27.397, NVIDIA H200, 24, 0 %, 0 %, 15051 MiB, 143771 MiB
2026/08/14 03:33:30.398, NVIDIA H200, 24, 0 %, 0 %, 15051 MiB, 143771 MiB
