timestamp, name, temperature.gpu, utilization.gpu [%], utilization.memory [%], memory.used [MiB], memory.total [MiB]
2026/08/07 18:55:14.278, NVIDIA H200, 29, 0 %, 0 %, 0 MiB, 143771 MiB
2026/08/07 18:55:17.282, NVIDIA H200, 29, 0 %, 0 %, 0 MiB, 143771 MiB
2026/08/07 18:55:20.282, NVIDIA H200, 29, 0 %, 0 %, 0 MiB, 143771 MiB
2026/08/07 18:55:23.283, NVIDIA H200, 29, 0 %, 0 %, 0 MiB, 143771 MiB
2026/08/07 18:55:26.283, NVIDIA H200, 29, 0 %, 0 %, 0 MiB, 143771 MiB
2026/08/07 18:55:29.284, NVIDIA H200, 29, 0 %, 0 %, 0 MiB, 143771 MiB
2026/08/07 18:55:32.284, NVIDIA H200, 29, 0 %, 0 %, 0 MiB, 143771 MiB
2026/08/07 18:55:35.284, NVIDIA H200, 29, 0 %, 0 %, 0 MiB, 143771 MiB
2026/08/07 18:55:38.285, NVIDIA H200, 29, 0 %, 0 %, 0 MiB, 143771 MiB
2026/08/07 18:55:41.285, NVIDIA H200, 29, 0 %, 0 %, 0 MiB, 143771 MiB
2026/08/07 18:55:44.286, NVIDIA H200, 29, 0 %, 0 %, 0 MiB, 143771 MiB
2026/08/07 18:55:47.286, NVIDIA H200, 29, 0 %, 0 %, 0 MiB, 143771 MiB
2026/08/07 18:55:50.287, NVIDIA H200, 29, 0 %, 0 %, 0 MiB, 143771 MiB
2026/08/07 18:55:53.287, NVIDIA H200, 29, 0 %, 0 %, 0 MiB, 143771 MiB
2026/08/07 18:55:56.287, NVIDIA H200, 29, 0 %, 0 %, 0 MiB, 143771 MiB
2026/08/07 18:55:59.288, NVIDIA H200, 29, 0 %, 0 %, 0 MiB, 143771 MiB
2026/08/07 18:56:02.288, NVIDIA H200, 29, 0 %, 0 %, 0 MiB, 143771 MiB
2026/08/07 18:56:05.289, NVIDIA H200, 29, 0 %, 0 %, 0 MiB, 143771 MiB
2026/08/07 18:56:08.289, NVIDIA H200, 29, 0 %, 0 %, 0 MiB, 143771 MiB
2026/08/07 18:56:11.290, NVIDIA H200, 29, 0 %, 0 %, 0 MiB, 143771 MiB
2026/08/07 18:56:14.290, NVIDIA H200, 29, 0 %, 0 %, 0 MiB, 143771 MiB
2026/08/07 18:56:17.291, NVIDIA H200, 29, 0 %, 0 %, 0 MiB, 143771 MiB
2026/08/07 18:56:20.291, NVIDIA H200, 29, 0 %, 0 %, 0 MiB, 143771 MiB
2026/08/07 18:56:23.292, NVIDIA H200, 29, 0 %, 0 %, 0 MiB, 143771 MiB
2026/08/07 18:56:26.292, NVIDIA H200, 29, 0 %, 0 %, 0 MiB, 143771 MiB
2026/08/07 18:56:29.293, NVIDIA H200, 29, 0 %, 0 %, 0 MiB, 143771 MiB
2026/08/07 18:56:32.293, NVIDIA H200, 29, 0 %, 0 %, 0 MiB, 143771 MiB
2026/08/07 18:56:35.294, NVIDIA H200, 29, 0 %, 0 %, 0 MiB, 143771 MiB
2026/08/07 18:56:38.294, NVIDIA H200, 29, 0 %, 0 %, 0 MiB, 143771 MiB
2026/08/07 18:56:41.295, NVIDIA H200, 29, 0 %, 0 %, 0 MiB, 143771 MiB
2026/08/07 18:56:44.295, NVIDIA H200, 29, 0 %, 0 %, 0 MiB, 143771 MiB
2026/08/07 18:56:47.295, NVIDIA H200, 29, 0 %, 0 %, 0 MiB, 143771 MiB
2026/08/07 18:56:50.296, NVIDIA H200, 29, 0 %, 0 %, 0 MiB, 143771 MiB
2026/08/07 18:56:53.296, NVIDIA H200, 29, 0 %, 0 %, 0 MiB, 143771 MiB
2026/08/07 18:56:56.297, NVIDIA H200, 29, 0 %, 0 %, 0 MiB, 143771 MiB
2026/08/07 18:56:59.297, NVIDIA H200, 30, 0 %, 0 %, 529 MiB, 143771 MiB
2026/08/07 18:57:02.298, NVIDIA H200, 31, 0 %, 0 %, 529 MiB, 143771 MiB
2026/08/07 18:57:05.298, NVIDIA H200, 31, 0 %, 0 %, 529 MiB, 143771 MiB
2026/08/07 18:57:08.299, NVIDIA H200, 31, 0 %, 0 %, 529 MiB, 143771 MiB
2026/08/07 18:57:11.299, NVIDIA H200, 31, 0 %, 0 %, 529 MiB, 143771 MiB
2026/08/07 18:57:14.299, NVIDIA H200, 31, 0 %, 0 %, 529 MiB, 143771 MiB
2026/08/07 18:57:17.300, NVIDIA H200, 31, 0 %, 0 %, 529 MiB, 143771 MiB
2026/08/07 18:57:20.300, NVIDIA H200, 31, 0 %, 0 %, 529 MiB, 143771 MiB
2026/08/07 18:57:23.301, NVIDIA H200, 31, 0 %, 0 %, 529 MiB, 143771 MiB
2026/08/07 18:57:26.301, NVIDIA H200, 31, 0 %, 0 %, 529 MiB, 143771 MiB
2026/08/07 18:57:29.302, NVIDIA H200, 31, 0 %, 0 %, 529 MiB, 143771 MiB
2026/08/07 18:57:32.302, NVIDIA H200, 31, 0 %, 0 %, 529 MiB, 143771 MiB
2026/08/07 18:57:35.303, NVIDIA H200, 31, 0 %, 0 %, 529 MiB, 143771 MiB
2026/08/07 18:57:38.303, NVIDIA H200, 31, 0 %, 0 %, 529 MiB, 143771 MiB
2026/08/07 18:57:41.303, NVIDIA H200, 31, 0 %, 0 %, 529 MiB, 143771 MiB
2026/08/07 18:57:44.304, NVIDIA H200, 31, 0 %, 0 %, 529 MiB, 143771 MiB
2026/08/07 18:57:47.304, NVIDIA H200, 31, 0 %, 0 %, 529 MiB, 143771 MiB
2026/08/07 18:57:50.305, NVIDIA H200, 31, 0 %, 0 %, 529 MiB, 143771 MiB
2026/08/07 18:57:53.305, NVIDIA H200, 31, 0 %, 0 %, 529 MiB, 143771 MiB
2026/08/07 18:57:56.305, NVIDIA H200, 31, 0 %, 0 %, 529 MiB, 143771 MiB
2026/08/07 18:57:59.306, NVIDIA H200, 31, 0 %, 0 %, 529 MiB, 143771 MiB
2026/08/07 18:58:02.306, NVIDIA H200, 31, 0 %, 0 %, 529 MiB, 143771 MiB
2026/08/07 18:58:05.306, NVIDIA H200, 31, 0 %, 0 %, 529 MiB, 143771 MiB
2026/08/07 18:58:08.307, NVIDIA H200, 31, 0 %, 0 %, 529 MiB, 143771 MiB
2026/08/07 18:58:11.307, NVIDIA H200, 31, 0 %, 0 %, 529 MiB, 143771 MiB
2026/08/07 18:58:14.308, NVIDIA H200, 31, 0 %, 0 %, 529 MiB, 143771 MiB
2026/08/07 18:58:17.308, NVIDIA H200, 31, 0 %, 0 %, 529 MiB, 143771 MiB
2026/08/07 18:58:20.308, NVIDIA H200, 31, 0 %, 0 %, 529 MiB, 143771 MiB
2026/08/07 18:58:23.309, NVIDIA H200, 31, 0 %, 0 %, 529 MiB, 143771 MiB
2026/08/07 18:58:26.309, NVIDIA H200, 31, 0 %, 0 %, 529 MiB, 143771 MiB
2026/08/07 18:58:29.310, NVIDIA H200, 31, 0 %, 0 %, 529 MiB, 143771 MiB
2026/08/07 18:58:32.310, NVIDIA H200, 31, 0 %, 0 %, 529 MiB, 143771 MiB
2026/08/07 18:58:35.310, NVIDIA H200, 31, 0 %, 0 %, 529 MiB, 143771 MiB
2026/08/07 18:58:38.311, NVIDIA H200, 31, 0 %, 0 %, 529 MiB, 143771 MiB
2026/08/07 18:58:41.311, NVIDIA H200, 31, 0 %, 0 %, 529 MiB, 143771 MiB
2026/08/07 18:58:44.312, NVIDIA H200, 31, 0 %, 0 %, 529 MiB, 143771 MiB
2026/08/07 18:58:47.312, NVIDIA H200, 31, 0 %, 0 %, 529 MiB, 143771 MiB
2026/08/07 18:58:50.312, NVIDIA H200, 31, 0 %, 0 %, 529 MiB, 143771 MiB
2026/08/07 18:58:53.313, NVIDIA H200, 31, 0 %, 0 %, 529 MiB, 143771 MiB
2026/08/07 18:58:56.313, NVIDIA H200, 31, 0 %, 0 %, 529 MiB, 143771 MiB
2026/08/07 18:58:59.314, NVIDIA H200, 31, 0 %, 0 %, 529 MiB, 143771 MiB
2026/08/07 18:59:02.314, NVIDIA H200, 31, 0 %, 0 %, 529 MiB, 143771 MiB
2026/08/07 18:59:05.314, NVIDIA H200, 31, 0 %, 0 %, 529 MiB, 143771 MiB
2026/08/07 18:59:08.315, NVIDIA H200, 31, 0 %, 0 %, 529 MiB, 143771 MiB
2026/08/07 18:59:11.315, NVIDIA H200, 31, 0 %, 0 %, 529 MiB, 143771 MiB
2026/08/07 18:59:14.316, NVIDIA H200, 31, 0 %, 0 %, 529 MiB, 143771 MiB
2026/08/07 18:59:17.316, NVIDIA H200, 31, 0 %, 0 %, 529 MiB, 143771 MiB
2026/08/07 18:59:20.316, NVIDIA H200, 31, 0 %, 0 %, 529 MiB, 143771 MiB
2026/08/07 18:59:23.317, NVIDIA H200, 31, 0 %, 0 %, 529 MiB, 143771 MiB
2026/08/07 18:59:26.317, NVIDIA H200, 31, 0 %, 0 %, 529 MiB, 143771 MiB
2026/08/07 18:59:29.318, NVIDIA H200, 31, 0 %, 0 %, 529 MiB, 143771 MiB
2026/08/07 18:59:32.318, NVIDIA H200, 31, 0 %, 0 %, 529 MiB, 143771 MiB
2026/08/07 18:59:35.318, NVIDIA H200, 31, 0 %, 0 %, 529 MiB, 143771 MiB
2026/08/07 18:59:38.319, NVIDIA H200, 31, 0 %, 0 %, 529 MiB, 143771 MiB
2026/08/07 18:59:41.319, NVIDIA H200, 31, 0 %, 0 %, 529 MiB, 143771 MiB
2026/08/07 18:59:44.320, NVIDIA H200, 31, 0 %, 0 %, 529 MiB, 143771 MiB
2026/08/07 18:59:47.320, NVIDIA H200, 31, 0 %, 0 %, 529 MiB, 143771 MiB
2026/08/07 18:59:50.321, NVIDIA H200, 31, 0 %, 0 %, 529 MiB, 143771 MiB
2026/08/07 18:59:53.321, NVIDIA H200, 31, 0 %, 0 %, 529 MiB, 143771 MiB
2026/08/07 18:59:56.321, NVIDIA H200, 31, 0 %, 0 %, 529 MiB, 143771 MiB
2026/08/07 18:59:59.322, NVIDIA H200, 31, 0 %, 0 %, 529 MiB, 143771 MiB
2026/08/07 19:00:02.322, NVIDIA H200, 31, 0 %, 0 %, 529 MiB, 143771 MiB
2026/08/07 19:00:05.323, NVIDIA H200, 31, 0 %, 0 %, 529 MiB, 143771 MiB
2026/08/07 19:00:08.323, NVIDIA H200, 31, 0 %, 0 %, 529 MiB, 143771 MiB
2026/08/07 19:00:11.323, NVIDIA H200, 31, 0 %, 0 %, 529 MiB, 143771 MiB
2026/08/07 19:00:14.324, NVIDIA H200, 31, 0 %, 0 %, 529 MiB, 143771 MiB
2026/08/07 19:00:17.324, NVIDIA H200, 31, 0 %, 0 %, 529 MiB, 143771 MiB
2026/08/07 19:00:20.324, NVIDIA H200, 31, 0 %, 0 %, 529 MiB, 143771 MiB
2026/08/07 19:00:23.325, NVIDIA H200, 31, 0 %, 0 %, 529 MiB, 143771 MiB
2026/08/07 19:00:26.325, NVIDIA H200, 31, 0 %, 0 %, 529 MiB, 143771 MiB
2026/08/07 19:00:29.325, NVIDIA H200, 31, 0 %, 0 %, 529 MiB, 143771 MiB
2026/08/07 19:00:32.326, NVIDIA H200, 31, 0 %, 0 %, 529 MiB, 143771 MiB
2026/08/07 19:00:35.326, NVIDIA H200, 31, 0 %, 0 %, 529 MiB, 143771 MiB
2026/08/07 19:00:38.327, NVIDIA H200, 31, 0 %, 0 %, 529 MiB, 143771 MiB
2026/08/07 19:00:41.327, NVIDIA H200, 31, 0 %, 0 %, 529 MiB, 143771 MiB
2026/08/07 19:00:44.327, NVIDIA H200, 31, 0 %, 0 %, 529 MiB, 143771 MiB
2026/08/07 19:00:47.328, NVIDIA H200, 31, 0 %, 0 %, 529 MiB, 143771 MiB
2026/08/07 19:00:50.328, NVIDIA H200, 31, 0 %, 0 %, 529 MiB, 143771 MiB
2026/08/07 19:00:53.329, NVIDIA H200, 31, 0 %, 0 %, 529 MiB, 143771 MiB
2026/08/07 19:00:56.329, NVIDIA H200, 31, 0 %, 0 %, 529 MiB, 143771 MiB
2026/08/07 19:00:59.329, NVIDIA H200, 31, 0 %, 0 %, 529 MiB, 143771 MiB
2026/08/07 19:01:02.330, NVIDIA H200, 31, 0 %, 0 %, 529 MiB, 143771 MiB
2026/08/07 19:01:05.330, NVIDIA H200, 31, 0 %, 0 %, 529 MiB, 143771 MiB
2026/08/07 19:01:08.330, NVIDIA H200, 31, 0 %, 0 %, 529 MiB, 143771 MiB
2026/08/07 19:01:11.331, NVIDIA H200, 31, 0 %, 0 %, 529 MiB, 143771 MiB
2026/08/07 19:01:14.331, NVIDIA H200, 31, 0 %, 0 %, 529 MiB, 143771 MiB
2026/08/07 19:01:17.332, NVIDIA H200, 31, 0 %, 0 %, 529 MiB, 143771 MiB
2026/08/07 19:01:20.332, NVIDIA H200, 31, 0 %, 0 %, 529 MiB, 143771 MiB
2026/08/07 19:01:23.332, NVIDIA H200, 31, 0 %, 0 %, 529 MiB, 143771 MiB
2026/08/07 19:01:26.333, NVIDIA H200, 31, 0 %, 0 %, 529 MiB, 143771 MiB
2026/08/07 19:01:29.333, NVIDIA H200, 31, 0 %, 0 %, 529 MiB, 143771 MiB
2026/08/07 19:01:32.333, NVIDIA H200, 31, 0 %, 0 %, 529 MiB, 143771 MiB
2026/08/07 19:01:35.334, NVIDIA H200, 31, 0 %, 0 %, 529 MiB, 143771 MiB
2026/08/07 19:01:38.334, NVIDIA H200, 31, 0 %, 0 %, 529 MiB, 143771 MiB
2026/08/07 19:01:41.335, NVIDIA H200, 31, 0 %, 0 %, 529 MiB, 143771 MiB
2026/08/07 19:01:44.335, NVIDIA H200, 31, 0 %, 0 %, 529 MiB, 143771 MiB
2026/08/07 19:01:47.335, NVIDIA H200, 31, 0 %, 0 %, 529 MiB, 143771 MiB
2026/08/07 19:01:50.336, NVIDIA H200, 31, 0 %, 0 %, 529 MiB, 143771 MiB
2026/08/07 19:01:53.336, NVIDIA H200, 31, 0 %, 0 %, 529 MiB, 143771 MiB
2026/08/07 19:01:56.336, NVIDIA H200, 31, 0 %, 0 %, 529 MiB, 143771 MiB
2026/08/07 19:01:59.337, NVIDIA H200, 31, 0 %, 0 %, 529 MiB, 143771 MiB
2026/08/07 19:02:02.337, NVIDIA H200, 31, 0 %, 0 %, 529 MiB, 143771 MiB
2026/08/07 19:02:05.337, NVIDIA H200, 31, 0 %, 0 %, 529 MiB, 143771 MiB
2026/08/07 19:02:08.338, NVIDIA H200, 31, 0 %, 0 %, 529 MiB, 143771 MiB
2026/08/07 19:02:11.338, NVIDIA H200, 31, 0 %, 0 %, 529 MiB, 143771 MiB
2026/08/07 19:02:14.338, NVIDIA H200, 31, 0 %, 0 %, 529 MiB, 143771 MiB
2026/08/07 19:02:17.339, NVIDIA H200, 31, 0 %, 0 %, 529 MiB, 143771 MiB
2026/08/07 19:02:20.339, NVIDIA H200, 31, 0 %, 0 %, 529 MiB, 143771 MiB
2026/08/07 19:02:23.340, NVIDIA H200, 31, 0 %, 0 %, 529 MiB, 143771 MiB
2026/08/07 19:02:26.340, NVIDIA H200, 31, 0 %, 0 %, 529 MiB, 143771 MiB
2026/08/07 19:02:29.341, NVIDIA H200, 31, 0 %, 0 %, 529 MiB, 143771 MiB
2026/08/07 19:02:32.341, NVIDIA H200, 31, 0 %, 0 %, 529 MiB, 143771 MiB
2026/08/07 19:02:35.341, NVIDIA H200, 31, 0 %, 0 %, 529 MiB, 143771 MiB
2026/08/07 19:02:38.342, NVIDIA H200, 31, 0 %, 0 %, 529 MiB, 143771 MiB
2026/08/07 19:02:41.342, NVIDIA H200, 31, 0 %, 0 %, 529 MiB, 143771 MiB
2026/08/07 19:02:44.342, NVIDIA H200, 31, 0 %, 0 %, 529 MiB, 143771 MiB
2026/08/07 19:02:47.343, NVIDIA H200, 31, 0 %, 0 %, 529 MiB, 143771 MiB
2026/08/07 19:02:50.343, NVIDIA H200, 31, 0 %, 0 %, 529 MiB, 143771 MiB
2026/08/07 19:02:53.344, NVIDIA H200, 31, 0 %, 0 %, 529 MiB, 143771 MiB
2026/08/07 19:02:56.344, NVIDIA H200, 31, 0 %, 0 %, 529 MiB, 143771 MiB
2026/08/07 19:02:59.344, NVIDIA H200, 31, 0 %, 0 %, 529 MiB, 143771 MiB
2026/08/07 19:03:02.345, NVIDIA H200, 31, 0 %, 0 %, 529 MiB, 143771 MiB
2026/08/07 19:03:05.345, NVIDIA H200, 31, 0 %, 0 %, 529 MiB, 143771 MiB
2026/08/07 19:03:08.346, NVIDIA H200, 31, 0 %, 0 %, 529 MiB, 143771 MiB
2026/08/07 19:03:11.346, NVIDIA H200, 31, 0 %, 0 %, 529 MiB, 143771 MiB
2026/08/07 19:03:14.346, NVIDIA H200, 31, 0 %, 0 %, 529 MiB, 143771 MiB
2026/08/07 19:03:17.347, NVIDIA H200, 31, 0 %, 0 %, 529 MiB, 143771 MiB
2026/08/07 19:03:20.347, NVIDIA H200, 31, 0 %, 0 %, 529 MiB, 143771 MiB
2026/08/07 19:03:23.348, NVIDIA H200, 31, 0 %, 0 %, 529 MiB, 143771 MiB
2026/08/07 19:03:26.348, NVIDIA H200, 31, 0 %, 0 %, 529 MiB, 143771 MiB
2026/08/07 19:03:29.348, NVIDIA H200, 31, 0 %, 0 %, 529 MiB, 143771 MiB
2026/08/07 19:03:32.349, NVIDIA H200, 31, 0 %, 0 %, 529 MiB, 143771 MiB
2026/08/07 19:03:35.349, NVIDIA H200, 31, 0 %, 0 %, 529 MiB, 143771 MiB
2026/08/07 19:03:38.350, NVIDIA H200, 31, 0 %, 0 %, 529 MiB, 143771 MiB
2026/08/07 19:03:41.350, NVIDIA H200, 31, 0 %, 0 %, 529 MiB, 143771 MiB
2026/08/07 19:03:44.350, NVIDIA H200, 31, 0 %, 0 %, 529 MiB, 143771 MiB
2026/08/07 19:03:47.351, NVIDIA H200, 31, 0 %, 0 %, 529 MiB, 143771 MiB
2026/08/07 19:03:50.351, NVIDIA H200, 31, 0 %, 0 %, 529 MiB, 143771 MiB
2026/08/07 19:03:53.352, NVIDIA H200, 31, 0 %, 0 %, 529 MiB, 143771 MiB
2026/08/07 19:03:56.352, NVIDIA H200, 31, 0 %, 0 %, 529 MiB, 143771 MiB
2026/08/07 19:03:59.352, NVIDIA H200, 31, 0 %, 0 %, 529 MiB, 143771 MiB
2026/08/07 19:04:02.353, NVIDIA H200, 31, 0 %, 0 %, 529 MiB, 143771 MiB
2026/08/07 19:04:05.353, NVIDIA H200, 31, 0 %, 0 %, 529 MiB, 143771 MiB
2026/08/07 19:04:08.353, NVIDIA H200, 31, 0 %, 0 %, 529 MiB, 143771 MiB
2026/08/07 19:04:11.354, NVIDIA H200, 31, 0 %, 0 %, 529 MiB, 143771 MiB
2026/08/07 19:04:14.354, NVIDIA H200, 31, 0 %, 0 %, 529 MiB, 143771 MiB
2026/08/07 19:04:17.355, NVIDIA H200, 31, 0 %, 0 %, 529 MiB, 143771 MiB
2026/08/07 19:04:20.355, NVIDIA H200, 31, 0 %, 0 %, 529 MiB, 143771 MiB
2026/08/07 19:04:23.356, NVIDIA H200, 31, 0 %, 0 %, 529 MiB, 143771 MiB
2026/08/07 19:04:26.356, NVIDIA H200, 31, 0 %, 0 %, 529 MiB, 143771 MiB
2026/08/07 19:04:29.356, NVIDIA H200, 31, 0 %, 0 %, 529 MiB, 143771 MiB
2026/08/07 19:04:32.357, NVIDIA H200, 31, 0 %, 0 %, 529 MiB, 143771 MiB
2026/08/07 19:04:35.357, NVIDIA H200, 31, 0 %, 0 %, 529 MiB, 143771 MiB
2026/08/07 19:04:38.357, NVIDIA H200, 31, 0 %, 0 %, 529 MiB, 143771 MiB
2026/08/07 19:04:41.358, NVIDIA H200, 31, 0 %, 0 %, 529 MiB, 143771 MiB
2026/08/07 19:04:44.358, NVIDIA H200, 31, 0 %, 0 %, 529 MiB, 143771 MiB
2026/08/07 19:04:47.358, NVIDIA H200, 31, 0 %, 0 %, 529 MiB, 143771 MiB
2026/08/07 19:04:50.359, NVIDIA H200, 31, 0 %, 0 %, 529 MiB, 143771 MiB
2026/08/07 19:04:53.359, NVIDIA H200, 31, 0 %, 0 %, 529 MiB, 143771 MiB
2026/08/07 19:04:56.360, NVIDIA H200, 31, 0 %, 0 %, 529 MiB, 143771 MiB
2026/08/07 19:04:59.360, NVIDIA H200, 31, 0 %, 0 %, 529 MiB, 143771 MiB
2026/08/07 19:05:02.360, NVIDIA H200, 31, 0 %, 0 %, 529 MiB, 143771 MiB
2026/08/07 19:05:05.361, NVIDIA H200, 31, 0 %, 0 %, 529 MiB, 143771 MiB
2026/08/07 19:05:08.361, NVIDIA H200, 31, 0 %, 0 %, 529 MiB, 143771 MiB
2026/08/07 19:05:11.361, NVIDIA H200, 31, 0 %, 0 %, 529 MiB, 143771 MiB
2026/08/07 19:05:14.362, NVIDIA H200, 31, 0 %, 0 %, 529 MiB, 143771 MiB
2026/08/07 19:05:17.362, NVIDIA H200, 31, 0 %, 0 %, 529 MiB, 143771 MiB
2026/08/07 19:05:20.363, NVIDIA H200, 31, 0 %, 0 %, 529 MiB, 143771 MiB
2026/08/07 19:05:23.363, NVIDIA H200, 31, 0 %, 0 %, 529 MiB, 143771 MiB
2026/08/07 19:05:26.363, NVIDIA H200, 31, 0 %, 0 %, 529 MiB, 143771 MiB
2026/08/07 19:05:29.364, NVIDIA H200, 31, 0 %, 0 %, 529 MiB, 143771 MiB
2026/08/07 19:05:32.364, NVIDIA H200, 31, 0 %, 0 %, 529 MiB, 143771 MiB
2026/08/07 19:05:35.364, NVIDIA H200, 31, 0 %, 0 %, 529 MiB, 143771 MiB
2026/08/07 19:05:38.365, NVIDIA H200, 31, 0 %, 0 %, 529 MiB, 143771 MiB
2026/08/07 19:05:41.365, NVIDIA H200, 31, 0 %, 0 %, 529 MiB, 143771 MiB
2026/08/07 19:05:44.366, NVIDIA H200, 31, 0 %, 0 %, 529 MiB, 143771 MiB
2026/08/07 19:05:47.366, NVIDIA H200, 31, 0 %, 0 %, 529 MiB, 143771 MiB
2026/08/07 19:05:50.366, NVIDIA H200, 31, 0 %, 0 %, 529 MiB, 143771 MiB
2026/08/07 19:05:53.367, NVIDIA H200, 31, 0 %, 0 %, 529 MiB, 143771 MiB
2026/08/07 19:05:56.367, NVIDIA H200, 31, 0 %, 0 %, 529 MiB, 143771 MiB
2026/08/07 19:05:59.368, NVIDIA H200, 31, 0 %, 0 %, 529 MiB, 143771 MiB
2026/08/07 19:06:02.368, NVIDIA H200, 31, 0 %, 0 %, 529 MiB, 143771 MiB
2026/08/07 19:06:05.368, NVIDIA H200, 31, 0 %, 0 %, 529 MiB, 143771 MiB
2026/08/07 19:06:08.369, NVIDIA H200, 31, 0 %, 0 %, 529 MiB, 143771 MiB
2026/08/07 19:06:11.369, NVIDIA H200, 31, 0 %, 0 %, 529 MiB, 143771 MiB
2026/08/07 19:06:14.369, NVIDIA H200, 31, 0 %, 0 %, 529 MiB, 143771 MiB
2026/08/07 19:06:17.370, NVIDIA H200, 31, 0 %, 0 %, 529 MiB, 143771 MiB
2026/08/07 19:06:20.370, NVIDIA H200, 31, 0 %, 0 %, 529 MiB, 143771 MiB
2026/08/07 19:06:23.371, NVIDIA H200, 31, 0 %, 0 %, 529 MiB, 143771 MiB
2026/08/07 19:06:26.371, NVIDIA H200, 31, 0 %, 0 %, 529 MiB, 143771 MiB
2026/08/07 19:06:29.371, NVIDIA H200, 31, 0 %, 0 %, 529 MiB, 143771 MiB
2026/08/07 19:06:32.372, NVIDIA H200, 31, 0 %, 0 %, 529 MiB, 143771 MiB
2026/08/07 19:06:35.372, NVIDIA H200, 31, 0 %, 0 %, 529 MiB, 143771 MiB
2026/08/07 19:06:38.372, NVIDIA H200, 31, 0 %, 0 %, 529 MiB, 143771 MiB
2026/08/07 19:06:41.373, NVIDIA H200, 31, 0 %, 0 %, 529 MiB, 143771 MiB
2026/08/07 19:06:44.373, NVIDIA H200, 31, 0 %, 0 %, 529 MiB, 143771 MiB
2026/08/07 19:06:47.374, NVIDIA H200, 31, 0 %, 0 %, 529 MiB, 143771 MiB
2026/08/07 19:06:50.374, NVIDIA H200, 31, 0 %, 0 %, 529 MiB, 143771 MiB
2026/08/07 19:06:53.374, NVIDIA H200, 31, 0 %, 0 %, 529 MiB, 143771 MiB
2026/08/07 19:06:56.375, NVIDIA H200, 31, 0 %, 0 %, 529 MiB, 143771 MiB
2026/08/07 19:06:59.375, NVIDIA H200, 31, 0 %, 0 %, 529 MiB, 143771 MiB
2026/08/07 19:07:02.375, NVIDIA H200, 31, 0 %, 0 %, 529 MiB, 143771 MiB
2026/08/07 19:07:05.376, NVIDIA H200, 31, 0 %, 0 %, 529 MiB, 143771 MiB
2026/08/07 19:07:08.376, NVIDIA H200, 31, 0 %, 0 %, 529 MiB, 143771 MiB
2026/08/07 19:07:11.377, NVIDIA H200, 31, 0 %, 0 %, 529 MiB, 143771 MiB
2026/08/07 19:07:14.377, NVIDIA H200, 31, 0 %, 0 %, 529 MiB, 143771 MiB
2026/08/07 19:07:17.377, NVIDIA H200, 31, 0 %, 0 %, 529 MiB, 143771 MiB
2026/08/07 19:07:20.378, NVIDIA H200, 31, 0 %, 0 %, 529 MiB, 143771 MiB
2026/08/07 19:07:23.378, NVIDIA H200, 31, 0 %, 0 %, 529 MiB, 143771 MiB
2026/08/07 19:07:26.379, NVIDIA H200, 31, 0 %, 0 %, 529 MiB, 143771 MiB
2026/08/07 19:07:29.379, NVIDIA H200, 31, 0 %, 0 %, 529 MiB, 143771 MiB
2026/08/07 19:07:32.379, NVIDIA H200, 31, 0 %, 0 %, 529 MiB, 143771 MiB
2026/08/07 19:07:35.380, NVIDIA H200, 31, 0 %, 0 %, 529 MiB, 143771 MiB
2026/08/07 19:07:38.380, NVIDIA H200, 31, 0 %, 0 %, 529 MiB, 143771 MiB
2026/08/07 19:07:41.380, NVIDIA H200, 31, 0 %, 0 %, 529 MiB, 143771 MiB
2026/08/07 19:07:44.381, NVIDIA H200, 31, 0 %, 0 %, 529 MiB, 143771 MiB
2026/08/07 19:07:47.381, NVIDIA H200, 31, 0 %, 0 %, 529 MiB, 143771 MiB
2026/08/07 19:07:50.381, NVIDIA H200, 31, 0 %, 0 %, 529 MiB, 143771 MiB
2026/08/07 19:07:53.382, NVIDIA H200, 31, 0 %, 0 %, 529 MiB, 143771 MiB
2026/08/07 19:07:56.382, NVIDIA H200, 31, 0 %, 0 %, 529 MiB, 143771 MiB
2026/08/07 19:07:59.383, NVIDIA H200, 31, 0 %, 0 %, 529 MiB, 143771 MiB
2026/08/07 19:08:02.383, NVIDIA H200, 31, 0 %, 0 %, 529 MiB, 143771 MiB
2026/08/07 19:08:05.383, NVIDIA H200, 31, 0 %, 0 %, 529 MiB, 143771 MiB
2026/08/07 19:08:08.384, NVIDIA H200, 31, 0 %, 0 %, 529 MiB, 143771 MiB
2026/08/07 19:08:11.384, NVIDIA H200, 31, 0 %, 0 %, 529 MiB, 143771 MiB
2026/08/07 19:08:14.385, NVIDIA H200, 31, 0 %, 0 %, 529 MiB, 143771 MiB
2026/08/07 19:08:17.385, NVIDIA H200, 31, 0 %, 0 %, 529 MiB, 143771 MiB
2026/08/07 19:08:20.385, NVIDIA H200, 31, 0 %, 0 %, 529 MiB, 143771 MiB
2026/08/07 19:08:23.386, NVIDIA H200, 31, 0 %, 0 %, 529 MiB, 143771 MiB
2026/08/07 19:08:26.386, NVIDIA H200, 31, 0 %, 0 %, 529 MiB, 143771 MiB
2026/08/07 19:08:29.386, NVIDIA H200, 31, 0 %, 0 %, 529 MiB, 143771 MiB
2026/08/07 19:08:32.387, NVIDIA H200, 31, 0 %, 0 %, 529 MiB, 143771 MiB
2026/08/07 19:08:35.387, NVIDIA H200, 31, 0 %, 0 %, 529 MiB, 143771 MiB
2026/08/07 19:08:38.388, NVIDIA H200, 31, 0 %, 0 %, 529 MiB, 143771 MiB
2026/08/07 19:08:41.388, NVIDIA H200, 31, 0 %, 0 %, 529 MiB, 143771 MiB
2026/08/07 19:08:44.388, NVIDIA H200, 31, 0 %, 0 %, 529 MiB, 143771 MiB
2026/08/07 19:08:47.389, NVIDIA H200, 31, 0 %, 0 %, 529 MiB, 143771 MiB
2026/08/07 19:08:50.389, NVIDIA H200, 31, 0 %, 0 %, 529 MiB, 143771 MiB
2026/08/07 19:08:53.389, NVIDIA H200, 31, 0 %, 0 %, 529 MiB, 143771 MiB
2026/08/07 19:08:56.390, NVIDIA H200, 31, 0 %, 0 %, 529 MiB, 143771 MiB
2026/08/07 19:08:59.390, NVIDIA H200, 31, 0 %, 0 %, 529 MiB, 143771 MiB
2026/08/07 19:09:02.390, NVIDIA H200, 31, 0 %, 0 %, 529 MiB, 143771 MiB
2026/08/07 19:09:05.391, NVIDIA H200, 31, 0 %, 0 %, 529 MiB, 143771 MiB
2026/08/07 19:09:08.391, NVIDIA H200, 31, 0 %, 0 %, 529 MiB, 143771 MiB
2026/08/07 19:09:11.392, NVIDIA H200, 31, 0 %, 0 %, 529 MiB, 143771 MiB
2026/08/07 19:09:14.392, NVIDIA H200, 31, 0 %, 0 %, 529 MiB, 143771 MiB
2026/08/07 19:09:17.392, NVIDIA H200, 31, 0 %, 0 %, 529 MiB, 143771 MiB
2026/08/07 19:09:20.393, NVIDIA H200, 31, 0 %, 0 %, 529 MiB, 143771 MiB
2026/08/07 19:09:23.393, NVIDIA H200, 31, 0 %, 0 %, 529 MiB, 143771 MiB
2026/08/07 19:09:26.393, NVIDIA H200, 31, 0 %, 0 %, 529 MiB, 143771 MiB
2026/08/07 19:09:29.394, NVIDIA H200, 31, 0 %, 0 %, 529 MiB, 143771 MiB
2026/08/07 19:09:32.395, NVIDIA H200, 31, 0 %, 0 %, 529 MiB, 143771 MiB
2026/08/07 19:09:35.396, NVIDIA H200, 31, 0 %, 0 %, 529 MiB, 143771 MiB
2026/08/07 19:09:38.396, NVIDIA H200, 31, 0 %, 0 %, 529 MiB, 143771 MiB
2026/08/07 19:09:41.397, NVIDIA H200, 31, 0 %, 0 %, 529 MiB, 143771 MiB
2026/08/07 19:09:44.397, NVIDIA H200, 31, 0 %, 0 %, 529 MiB, 143771 MiB
2026/08/07 19:09:47.397, NVIDIA H200, 31, 0 %, 0 %, 529 MiB, 143771 MiB
2026/08/07 19:09:50.398, NVIDIA H200, 31, 0 %, 0 %, 529 MiB, 143771 MiB
2026/08/07 19:09:53.398, NVIDIA H200, 31, 0 %, 0 %, 529 MiB, 143771 MiB
2026/08/07 19:09:56.399, NVIDIA H200, 31, 0 %, 0 %, 529 MiB, 143771 MiB
2026/08/07 19:09:59.399, NVIDIA H200, 31, 0 %, 0 %, 529 MiB, 143771 MiB
2026/08/07 19:10:02.399, NVIDIA H200, 31, 0 %, 0 %, 529 MiB, 143771 MiB
2026/08/07 19:10:05.400, NVIDIA H200, 31, 0 %, 0 %, 529 MiB, 143771 MiB
2026/08/07 19:10:08.400, NVIDIA H200, 31, 0 %, 0 %, 529 MiB, 143771 MiB
2026/08/07 19:10:11.401, NVIDIA H200, 31, 0 %, 0 %, 529 MiB, 143771 MiB
2026/08/07 19:10:14.401, NVIDIA H200, 31, 0 %, 0 %, 529 MiB, 143771 MiB
2026/08/07 19:10:17.402, NVIDIA H200, 31, 0 %, 0 %, 529 MiB, 143771 MiB
2026/08/07 19:10:20.403, NVIDIA H200, 31, 0 %, 0 %, 529 MiB, 143771 MiB
2026/08/07 19:10:23.403, NVIDIA H200, 31, 0 %, 0 %, 529 MiB, 143771 MiB
2026/08/07 19:10:26.403, NVIDIA H200, 31, 0 %, 0 %, 529 MiB, 143771 MiB
2026/08/07 19:10:29.404, NVIDIA H200, 31, 0 %, 0 %, 529 MiB, 143771 MiB
2026/08/07 19:10:32.404, NVIDIA H200, 31, 0 %, 0 %, 529 MiB, 143771 MiB
2026/08/07 19:10:35.404, NVIDIA H200, 31, 0 %, 0 %, 529 MiB, 143771 MiB
2026/08/07 19:10:38.405, NVIDIA H200, 31, 0 %, 0 %, 529 MiB, 143771 MiB
2026/08/07 19:10:41.405, NVIDIA H200, 31, 0 %, 0 %, 529 MiB, 143771 MiB
2026/08/07 19:10:44.406, NVIDIA H200, 31, 0 %, 0 %, 529 MiB, 143771 MiB
2026/08/07 19:10:47.406, NVIDIA H200, 31, 0 %, 0 %, 529 MiB, 143771 MiB
2026/08/07 19:10:50.406, NVIDIA H200, 31, 0 %, 0 %, 529 MiB, 143771 MiB
2026/08/07 19:10:53.407, NVIDIA H200, 31, 0 %, 0 %, 529 MiB, 143771 MiB
2026/08/07 19:10:56.407, NVIDIA H200, 31, 0 %, 0 %, 529 MiB, 143771 MiB
2026/08/07 19:10:59.408, NVIDIA H200, 31, 0 %, 0 %, 529 MiB, 143771 MiB
2026/08/07 19:11:02.409, NVIDIA H200, 31, 0 %, 0 %, 529 MiB, 143771 MiB
2026/08/07 19:11:05.409, NVIDIA H200, 31, 0 %, 0 %, 529 MiB, 143771 MiB
2026/08/07 19:11:08.409, NVIDIA H200, 31, 0 %, 0 %, 529 MiB, 143771 MiB
2026/08/07 19:11:11.410, NVIDIA H200, 31, 0 %, 0 %, 529 MiB, 143771 MiB
2026/08/07 19:11:14.410, NVIDIA H200, 31, 0 %, 0 %, 529 MiB, 143771 MiB
2026/08/07 19:11:17.410, NVIDIA H200, 31, 0 %, 0 %, 529 MiB, 143771 MiB
2026/08/07 19:11:20.411, NVIDIA H200, 31, 0 %, 0 %, 529 MiB, 143771 MiB
2026/08/07 19:11:23.411, NVIDIA H200, 31, 0 %, 0 %, 529 MiB, 143771 MiB
2026/08/07 19:11:26.411, NVIDIA H200, 31, 0 %, 0 %, 529 MiB, 143771 MiB
2026/08/07 19:11:29.412, NVIDIA H200, 31, 0 %, 0 %, 529 MiB, 143771 MiB
2026/08/07 19:11:32.412, NVIDIA H200, 31, 0 %, 0 %, 529 MiB, 143771 MiB
2026/08/07 19:11:35.413, NVIDIA H200, 31, 0 %, 0 %, 529 MiB, 143771 MiB
2026/08/07 19:11:38.413, NVIDIA H200, 31, 0 %, 0 %, 529 MiB, 143771 MiB
2026/08/07 19:11:41.413, NVIDIA H200, 31, 0 %, 0 %, 529 MiB, 143771 MiB
2026/08/07 19:11:44.414, NVIDIA H200, 31, 0 %, 0 %, 529 MiB, 143771 MiB
2026/08/07 19:11:47.414, NVIDIA H200, 31, 0 %, 0 %, 529 MiB, 143771 MiB
2026/08/07 19:11:50.415, NVIDIA H200, 31, 0 %, 0 %, 529 MiB, 143771 MiB
2026/08/07 19:11:53.415, NVIDIA H200, 31, 0 %, 0 %, 529 MiB, 143771 MiB
2026/08/07 19:11:56.415, NVIDIA H200, 31, 0 %, 0 %, 529 MiB, 143771 MiB
2026/08/07 19:11:59.416, NVIDIA H200, 31, 0 %, 0 %, 529 MiB, 143771 MiB
2026/08/07 19:12:02.416, NVIDIA H200, 31, 0 %, 0 %, 529 MiB, 143771 MiB
2026/08/07 19:12:05.416, NVIDIA H200, 31, 0 %, 0 %, 529 MiB, 143771 MiB
2026/08/07 19:12:08.417, NVIDIA H200, 31, 0 %, 0 %, 529 MiB, 143771 MiB
2026/08/07 19:12:11.417, NVIDIA H200, 31, 0 %, 0 %, 529 MiB, 143771 MiB
2026/08/07 19:12:14.418, NVIDIA H200, 31, 0 %, 0 %, 529 MiB, 143771 MiB
2026/08/07 19:12:17.418, NVIDIA H200, 31, 0 %, 0 %, 529 MiB, 143771 MiB
2026/08/07 19:12:20.418, NVIDIA H200, 31, 0 %, 0 %, 529 MiB, 143771 MiB
2026/08/07 19:12:23.419, NVIDIA H200, 31, 0 %, 0 %, 529 MiB, 143771 MiB
2026/08/07 19:12:26.419, NVIDIA H200, 31, 0 %, 0 %, 529 MiB, 143771 MiB
2026/08/07 19:12:29.420, NVIDIA H200, 31, 0 %, 0 %, 529 MiB, 143771 MiB
2026/08/07 19:12:32.420, NVIDIA H200, 31, 0 %, 0 %, 529 MiB, 143771 MiB
2026/08/07 19:12:35.420, NVIDIA H200, 31, 0 %, 0 %, 529 MiB, 143771 MiB
2026/08/07 19:12:38.421, NVIDIA H200, 31, 0 %, 0 %, 529 MiB, 143771 MiB
2026/08/07 19:12:41.421, NVIDIA H200, 31, 0 %, 0 %, 529 MiB, 143771 MiB
2026/08/07 19:12:44.421, NVIDIA H200, 31, 0 %, 0 %, 529 MiB, 143771 MiB
2026/08/07 19:12:47.422, NVIDIA H200, 31, 0 %, 0 %, 529 MiB, 143771 MiB
2026/08/07 19:12:50.422, NVIDIA H200, 31, 0 %, 0 %, 529 MiB, 143771 MiB
2026/08/07 19:12:53.423, NVIDIA H200, 31, 0 %, 0 %, 529 MiB, 143771 MiB
2026/08/07 19:12:56.423, NVIDIA H200, 31, 0 %, 0 %, 529 MiB, 143771 MiB
2026/08/07 19:12:59.423, NVIDIA H200, 31, 0 %, 0 %, 529 MiB, 143771 MiB
2026/08/07 19:13:02.424, NVIDIA H200, 31, 0 %, 0 %, 529 MiB, 143771 MiB
2026/08/07 19:13:05.424, NVIDIA H200, 31, 0 %, 0 %, 529 MiB, 143771 MiB
2026/08/07 19:13:08.424, NVIDIA H200, 31, 0 %, 0 %, 529 MiB, 143771 MiB
2026/08/07 19:13:11.425, NVIDIA H200, 31, 0 %, 0 %, 529 MiB, 143771 MiB
2026/08/07 19:13:14.425, NVIDIA H200, 31, 0 %, 0 %, 529 MiB, 143771 MiB
2026/08/07 19:13:17.425, NVIDIA H200, 31, 0 %, 0 %, 529 MiB, 143771 MiB
2026/08/07 19:13:20.426, NVIDIA H200, 31, 0 %, 0 %, 529 MiB, 143771 MiB
2026/08/07 19:13:23.426, NVIDIA H200, 31, 0 %, 0 %, 529 MiB, 143771 MiB
2026/08/07 19:13:26.427, NVIDIA H200, 31, 0 %, 0 %, 529 MiB, 143771 MiB
2026/08/07 19:13:29.427, NVIDIA H200, 31, 0 %, 0 %, 529 MiB, 143771 MiB
2026/08/07 19:13:32.427, NVIDIA H200, 31, 0 %, 0 %, 529 MiB, 143771 MiB
2026/08/07 19:13:35.428, NVIDIA H200, 31, 0 %, 0 %, 529 MiB, 143771 MiB
2026/08/07 19:13:38.428, NVIDIA H200, 31, 0 %, 0 %, 529 MiB, 143771 MiB
2026/08/07 19:13:41.429, NVIDIA H200, 31, 0 %, 0 %, 529 MiB, 143771 MiB
2026/08/07 19:13:44.429, NVIDIA H200, 31, 0 %, 0 %, 529 MiB, 143771 MiB
2026/08/07 19:13:47.429, NVIDIA H200, 31, 0 %, 0 %, 529 MiB, 143771 MiB
2026/08/07 19:13:50.430, NVIDIA H200, 31, 0 %, 0 %, 529 MiB, 143771 MiB
2026/08/07 19:13:53.430, NVIDIA H200, 31, 0 %, 0 %, 529 MiB, 143771 MiB
2026/08/07 19:13:56.430, NVIDIA H200, 31, 0 %, 0 %, 529 MiB, 143771 MiB
2026/08/07 19:13:59.431, NVIDIA H200, 31, 0 %, 0 %, 529 MiB, 143771 MiB
2026/08/07 19:14:02.431, NVIDIA H200, 31, 0 %, 0 %, 529 MiB, 143771 MiB
2026/08/07 19:14:05.431, NVIDIA H200, 31, 0 %, 0 %, 529 MiB, 143771 MiB
2026/08/07 19:14:08.432, NVIDIA H200, 31, 0 %, 0 %, 529 MiB, 143771 MiB
2026/08/07 19:14:11.432, NVIDIA H200, 31, 0 %, 0 %, 529 MiB, 143771 MiB
2026/08/07 19:14:14.432, NVIDIA H200, 31, 0 %, 0 %, 529 MiB, 143771 MiB
2026/08/07 19:14:17.433, NVIDIA H200, 31, 0 %, 0 %, 529 MiB, 143771 MiB
2026/08/07 19:14:20.433, NVIDIA H200, 31, 0 %, 0 %, 529 MiB, 143771 MiB
2026/08/07 19:14:23.434, NVIDIA H200, 31, 0 %, 0 %, 529 MiB, 143771 MiB
2026/08/07 19:14:26.434, NVIDIA H200, 31, 0 %, 0 %, 529 MiB, 143771 MiB
2026/08/07 19:14:29.434, NVIDIA H200, 31, 0 %, 0 %, 529 MiB, 143771 MiB
2026/08/07 19:14:32.435, NVIDIA H200, 31, 0 %, 0 %, 529 MiB, 143771 MiB
2026/08/07 19:14:35.435, NVIDIA H200, 31, 0 %, 0 %, 529 MiB, 143771 MiB
2026/08/07 19:14:38.435, NVIDIA H200, 31, 0 %, 0 %, 529 MiB, 143771 MiB
2026/08/07 19:14:41.436, NVIDIA H200, 31, 0 %, 0 %, 529 MiB, 143771 MiB
2026/08/07 19:14:44.436, NVIDIA H200, 31, 0 %, 0 %, 529 MiB, 143771 MiB
2026/08/07 19:14:47.436, NVIDIA H200, 31, 0 %, 0 %, 529 MiB, 143771 MiB
2026/08/07 19:14:50.437, NVIDIA H200, 31, 0 %, 0 %, 529 MiB, 143771 MiB
2026/08/07 19:14:53.437, NVIDIA H200, 31, 0 %, 0 %, 529 MiB, 143771 MiB
2026/08/07 19:14:56.437, NVIDIA H200, 31, 0 %, 0 %, 529 MiB, 143771 MiB
2026/08/07 19:14:59.438, NVIDIA H200, 31, 0 %, 0 %, 529 MiB, 143771 MiB
2026/08/07 19:15:02.438, NVIDIA H200, 31, 0 %, 0 %, 529 MiB, 143771 MiB
2026/08/07 19:15:05.438, NVIDIA H200, 31, 0 %, 0 %, 529 MiB, 143771 MiB
2026/08/07 19:15:08.439, NVIDIA H200, 31, 0 %, 0 %, 529 MiB, 143771 MiB
2026/08/07 19:15:11.439, NVIDIA H200, 31, 0 %, 0 %, 529 MiB, 143771 MiB
2026/08/07 19:15:14.439, NVIDIA H200, 31, 0 %, 0 %, 529 MiB, 143771 MiB
2026/08/07 19:15:17.440, NVIDIA H200, 31, 0 %, 0 %, 529 MiB, 143771 MiB
2026/08/07 19:15:20.440, NVIDIA H200, 31, 0 %, 0 %, 529 MiB, 143771 MiB
2026/08/07 19:15:23.441, NVIDIA H200, 31, 0 %, 0 %, 529 MiB, 143771 MiB
2026/08/07 19:15:26.442, NVIDIA H200, 31, 0 %, 0 %, 529 MiB, 143771 MiB
2026/08/07 19:15:29.443, NVIDIA H200, 31, 0 %, 0 %, 529 MiB, 143771 MiB
2026/08/07 19:15:32.443, NVIDIA H200, 31, 0 %, 0 %, 529 MiB, 143771 MiB
2026/08/07 19:15:35.445, NVIDIA H200, 31, 0 %, 0 %, 529 MiB, 143771 MiB
2026/08/07 19:15:38.446, NVIDIA H200, 31, 0 %, 0 %, 529 MiB, 143771 MiB
2026/08/07 19:15:41.446, NVIDIA H200, 31, 0 %, 0 %, 529 MiB, 143771 MiB
2026/08/07 19:15:44.446, NVIDIA H200, 31, 0 %, 0 %, 529 MiB, 143771 MiB
2026/08/07 19:15:47.447, NVIDIA H200, 31, 0 %, 0 %, 529 MiB, 143771 MiB
2026/08/07 19:15:50.449, NVIDIA H200, 31, 0 %, 0 %, 529 MiB, 143771 MiB
2026/08/07 19:15:53.449, NVIDIA H200, 31, 0 %, 0 %, 529 MiB, 143771 MiB
2026/08/07 19:15:56.450, NVIDIA H200, 31, 0 %, 0 %, 529 MiB, 143771 MiB
2026/08/07 19:15:59.450, NVIDIA H200, 31, 0 %, 0 %, 529 MiB, 143771 MiB
2026/08/07 19:16:02.450, NVIDIA H200, 31, 0 %, 0 %, 529 MiB, 143771 MiB
2026/08/07 19:16:05.451, NVIDIA H200, 31, 0 %, 0 %, 529 MiB, 143771 MiB
2026/08/07 19:16:08.451, NVIDIA H200, 31, 0 %, 0 %, 529 MiB, 143771 MiB
2026/08/07 19:16:11.452, NVIDIA H200, 31, 0 %, 0 %, 529 MiB, 143771 MiB
2026/08/07 19:16:14.452, NVIDIA H200, 31, 0 %, 0 %, 529 MiB, 143771 MiB
2026/08/07 19:16:17.452, NVIDIA H200, 31, 0 %, 0 %, 529 MiB, 143771 MiB
2026/08/07 19:16:20.453, NVIDIA H200, 31, 0 %, 0 %, 529 MiB, 143771 MiB
2026/08/07 19:16:23.453, NVIDIA H200, 31, 0 %, 0 %, 529 MiB, 143771 MiB
2026/08/07 19:16:26.454, NVIDIA H200, 31, 0 %, 0 %, 529 MiB, 143771 MiB
2026/08/07 19:16:29.454, NVIDIA H200, 31, 0 %, 0 %, 529 MiB, 143771 MiB
2026/08/07 19:16:32.455, NVIDIA H200, 31, 0 %, 0 %, 529 MiB, 143771 MiB
2026/08/07 19:16:35.455, NVIDIA H200, 31, 0 %, 0 %, 529 MiB, 143771 MiB
2026/08/07 19:16:38.455, NVIDIA H200, 31, 0 %, 0 %, 529 MiB, 143771 MiB
2026/08/07 19:16:41.456, NVIDIA H200, 31, 0 %, 0 %, 529 MiB, 143771 MiB
2026/08/07 19:16:44.456, NVIDIA H200, 31, 0 %, 0 %, 529 MiB, 143771 MiB
2026/08/07 19:16:47.456, NVIDIA H200, 31, 0 %, 0 %, 529 MiB, 143771 MiB
2026/08/07 19:16:50.459, NVIDIA H200, 31, 0 %, 0 %, 529 MiB, 143771 MiB
2026/08/07 19:16:53.459, NVIDIA H200, 31, 0 %, 0 %, 529 MiB, 143771 MiB
2026/08/07 19:16:56.460, NVIDIA H200, 31, 0 %, 0 %, 529 MiB, 143771 MiB
2026/08/07 19:16:59.460, NVIDIA H200, 31, 0 %, 0 %, 529 MiB, 143771 MiB
2026/08/07 19:17:02.460, NVIDIA H200, 31, 0 %, 0 %, 529 MiB, 143771 MiB
2026/08/07 19:17:05.461, NVIDIA H200, 31, 0 %, 0 %, 529 MiB, 143771 MiB
2026/08/07 19:17:08.461, NVIDIA H200, 31, 0 %, 0 %, 529 MiB, 143771 MiB
2026/08/07 19:17:11.461, NVIDIA H200, 31, 0 %, 0 %, 529 MiB, 143771 MiB
2026/08/07 19:17:14.462, NVIDIA H200, 31, 0 %, 0 %, 529 MiB, 143771 MiB
2026/08/07 19:17:17.462, NVIDIA H200, 31, 0 %, 0 %, 529 MiB, 143771 MiB
2026/08/07 19:17:20.465, NVIDIA H200, 31, 0 %, 0 %, 529 MiB, 143771 MiB
2026/08/07 19:17:23.465, NVIDIA H200, 31, 0 %, 0 %, 529 MiB, 143771 MiB
2026/08/07 19:17:26.466, NVIDIA H200, 31, 0 %, 0 %, 529 MiB, 143771 MiB
2026/08/07 19:17:29.466, NVIDIA H200, 31, 0 %, 0 %, 529 MiB, 143771 MiB
2026/08/07 19:17:32.466, NVIDIA H200, 31, 0 %, 0 %, 529 MiB, 143771 MiB
2026/08/07 19:17:35.467, NVIDIA H200, 31, 0 %, 0 %, 529 MiB, 143771 MiB
2026/08/07 19:17:38.467, NVIDIA H200, 31, 0 %, 0 %, 529 MiB, 143771 MiB
2026/08/07 19:17:41.468, NVIDIA H200, 31, 0 %, 0 %, 529 MiB, 143771 MiB
2026/08/07 19:17:44.468, NVIDIA H200, 31, 0 %, 0 %, 529 MiB, 143771 MiB
2026/08/07 19:17:47.468, NVIDIA H200, 31, 0 %, 0 %, 529 MiB, 143771 MiB
2026/08/07 19:17:50.469, NVIDIA H200, 31, 0 %, 0 %, 529 MiB, 143771 MiB
2026/08/07 19:17:53.470, NVIDIA H200, 31, 0 %, 0 %, 529 MiB, 143771 MiB
2026/08/07 19:17:56.470, NVIDIA H200, 31, 0 %, 0 %, 529 MiB, 143771 MiB
2026/08/07 19:17:59.470, NVIDIA H200, 31, 0 %, 0 %, 529 MiB, 143771 MiB
2026/08/07 19:18:02.471, NVIDIA H200, 31, 0 %, 0 %, 529 MiB, 143771 MiB
2026/08/07 19:18:05.471, NVIDIA H200, 31, 0 %, 0 %, 529 MiB, 143771 MiB
2026/08/07 19:18:08.472, NVIDIA H200, 31, 0 %, 0 %, 529 MiB, 143771 MiB
2026/08/07 19:18:11.472, NVIDIA H200, 31, 0 %, 0 %, 529 MiB, 143771 MiB
2026/08/07 19:18:14.472, NVIDIA H200, 31, 0 %, 0 %, 529 MiB, 143771 MiB
2026/08/07 19:18:17.473, NVIDIA H200, 31, 0 %, 0 %, 529 MiB, 143771 MiB
2026/08/07 19:18:20.474, NVIDIA H200, 31, 0 %, 0 %, 529 MiB, 143771 MiB
2026/08/07 19:18:23.474, NVIDIA H200, 31, 0 %, 0 %, 529 MiB, 143771 MiB
2026/08/07 19:18:26.475, NVIDIA H200, 31, 0 %, 0 %, 529 MiB, 143771 MiB
2026/08/07 19:18:29.475, NVIDIA H200, 31, 0 %, 0 %, 529 MiB, 143771 MiB
2026/08/07 19:18:32.475, NVIDIA H200, 31, 0 %, 0 %, 529 MiB, 143771 MiB
2026/08/07 19:18:35.476, NVIDIA H200, 31, 0 %, 0 %, 529 MiB, 143771 MiB
2026/08/07 19:18:38.476, NVIDIA H200, 31, 0 %, 0 %, 529 MiB, 143771 MiB
2026/08/07 19:18:41.477, NVIDIA H200, 31, 0 %, 0 %, 529 MiB, 143771 MiB
2026/08/07 19:18:44.477, NVIDIA H200, 31, 0 %, 0 %, 529 MiB, 143771 MiB
2026/08/07 19:18:47.477, NVIDIA H200, 31, 0 %, 0 %, 529 MiB, 143771 MiB
2026/08/07 19:18:50.478, NVIDIA H200, 31, 0 %, 0 %, 529 MiB, 143771 MiB
2026/08/07 19:18:53.478, NVIDIA H200, 31, 0 %, 0 %, 529 MiB, 143771 MiB
2026/08/07 19:18:56.478, NVIDIA H200, 31, 0 %, 0 %, 529 MiB, 143771 MiB
2026/08/07 19:18:59.479, NVIDIA H200, 31, 0 %, 0 %, 529 MiB, 143771 MiB
2026/08/07 19:19:02.479, NVIDIA H200, 31, 0 %, 0 %, 529 MiB, 143771 MiB
2026/08/07 19:19:05.479, NVIDIA H200, 31, 0 %, 0 %, 529 MiB, 143771 MiB
2026/08/07 19:19:08.480, NVIDIA H200, 31, 0 %, 0 %, 529 MiB, 143771 MiB
2026/08/07 19:19:11.480, NVIDIA H200, 31, 0 %, 0 %, 529 MiB, 143771 MiB
2026/08/07 19:19:14.480, NVIDIA H200, 31, 0 %, 0 %, 529 MiB, 143771 MiB
2026/08/07 19:19:17.481, NVIDIA H200, 31, 0 %, 0 %, 529 MiB, 143771 MiB
2026/08/07 19:19:20.481, NVIDIA H200, 31, 0 %, 0 %, 529 MiB, 143771 MiB
2026/08/07 19:19:23.481, NVIDIA H200, 31, 0 %, 0 %, 529 MiB, 143771 MiB
2026/08/07 19:19:26.482, NVIDIA H200, 31, 0 %, 0 %, 529 MiB, 143771 MiB
2026/08/07 19:19:29.482, NVIDIA H200, 31, 0 %, 0 %, 529 MiB, 143771 MiB
2026/08/07 19:19:32.482, NVIDIA H200, 31, 0 %, 0 %, 529 MiB, 143771 MiB
2026/08/07 19:19:35.483, NVIDIA H200, 31, 0 %, 0 %, 529 MiB, 143771 MiB
2026/08/07 19:19:38.483, NVIDIA H200, 31, 0 %, 0 %, 529 MiB, 143771 MiB
2026/08/07 19:19:41.483, NVIDIA H200, 31, 0 %, 0 %, 529 MiB, 143771 MiB
2026/08/07 19:19:44.484, NVIDIA H200, 31, 0 %, 0 %, 529 MiB, 143771 MiB
2026/08/07 19:19:47.484, NVIDIA H200, 31, 0 %, 0 %, 529 MiB, 143771 MiB
2026/08/07 19:19:50.484, NVIDIA H200, 31, 0 %, 0 %, 529 MiB, 143771 MiB
2026/08/07 19:19:53.484, NVIDIA H200, 31, 0 %, 0 %, 529 MiB, 143771 MiB
2026/08/07 19:19:56.485, NVIDIA H200, 31, 0 %, 0 %, 529 MiB, 143771 MiB
2026/08/07 19:19:59.485, NVIDIA H200, 31, 0 %, 0 %, 529 MiB, 143771 MiB
2026/08/07 19:20:02.485, NVIDIA H200, 31, 0 %, 0 %, 529 MiB, 143771 MiB
2026/08/07 19:20:05.486, NVIDIA H200, 31, 0 %, 0 %, 529 MiB, 143771 MiB
2026/08/07 19:20:08.486, NVIDIA H200, 31, 0 %, 0 %, 529 MiB, 143771 MiB
2026/08/07 19:20:11.486, NVIDIA H200, 31, 0 %, 0 %, 529 MiB, 143771 MiB
2026/08/07 19:20:14.487, NVIDIA H200, 31, 0 %, 0 %, 529 MiB, 143771 MiB
2026/08/07 19:20:17.487, NVIDIA H200, 31, 0 %, 0 %, 529 MiB, 143771 MiB
2026/08/07 19:20:20.487, NVIDIA H200, 31, 0 %, 0 %, 529 MiB, 143771 MiB
2026/08/07 19:20:23.488, NVIDIA H200, 31, 0 %, 0 %, 529 MiB, 143771 MiB
2026/08/07 19:20:26.488, NVIDIA H200, 31, 0 %, 0 %, 529 MiB, 143771 MiB
2026/08/07 19:20:29.488, NVIDIA H200, 31, 0 %, 0 %, 529 MiB, 143771 MiB
2026/08/07 19:20:32.489, NVIDIA H200, 31, 0 %, 0 %, 529 MiB, 143771 MiB
2026/08/07 19:20:35.489, NVIDIA H200, 31, 0 %, 0 %, 529 MiB, 143771 MiB
2026/08/07 19:20:38.489, NVIDIA H200, 31, 0 %, 0 %, 529 MiB, 143771 MiB
2026/08/07 19:20:41.490, NVIDIA H200, 31, 0 %, 0 %, 529 MiB, 143771 MiB
2026/08/07 19:20:44.490, NVIDIA H200, 31, 0 %, 0 %, 529 MiB, 143771 MiB
2026/08/07 19:20:47.490, NVIDIA H200, 31, 0 %, 0 %, 529 MiB, 143771 MiB
2026/08/07 19:20:50.491, NVIDIA H200, 31, 0 %, 0 %, 529 MiB, 143771 MiB
2026/08/07 19:20:53.491, NVIDIA H200, 31, 0 %, 0 %, 529 MiB, 143771 MiB
2026/08/07 19:20:56.491, NVIDIA H200, 31, 0 %, 0 %, 529 MiB, 143771 MiB
2026/08/07 19:20:59.492, NVIDIA H200, 31, 0 %, 0 %, 603 MiB, 143771 MiB
2026/08/07 19:21:02.492, NVIDIA H200, 31, 7 %, 1 %, 905 MiB, 143771 MiB
2026/08/07 19:21:05.493, NVIDIA H200, 31, 0 %, 0 %, 783 MiB, 143771 MiB
2026/08/07 19:21:08.493, NVIDIA H200, 37, 41 %, 7 %, 38541 MiB, 143771 MiB
2026/08/07 19:21:11.493, NVIDIA H200, 34, 0 %, 0 %, 21325 MiB, 143771 MiB
2026/08/07 19:21:14.657, NVIDIA H200, 37, 31 %, 6 %, 34519 MiB, 143771 MiB
2026/08/07 19:21:17.657, NVIDIA H200, 37, 81 %, 22 %, 61781 MiB, 143771 MiB
2026/08/07 19:21:20.658, NVIDIA H200, 45, 97 %, 22 %, 99587 MiB, 143771 MiB
2026/08/07 19:21:23.674, NVIDIA H200, 44, 100 %, 9 %, 113999 MiB, 143771 MiB
2026/08/07 19:21:26.674, NVIDIA H200, 42, 100 %, 7 %, 106803 MiB, 143771 MiB
2026/08/07 19:21:29.675, NVIDIA H200, 33, 100 %, 1 %, 106803 MiB, 143771 MiB
2026/08/07 19:21:32.675, NVIDIA H200, 46, 100 %, 14 %, 110421 MiB, 143771 MiB
2026/08/07 19:21:35.675, NVIDIA H200, 36, 100 %, 3 %, 110421 MiB, 143771 MiB
2026/08/07 19:21:38.676, NVIDIA H200, 44, 100 %, 19 %, 76205 MiB, 143771 MiB
2026/08/07 19:21:41.676, NVIDIA H200, 41, 100 %, 20 %, 79813 MiB, 143771 MiB
2026/08/07 19:21:44.676, NVIDIA H200, 45, 100 %, 9 %, 64533 MiB, 143771 MiB
2026/08/07 19:21:47.677, NVIDIA H200, 45, 100 %, 6 %, 44339 MiB, 143771 MiB
2026/08/07 19:21:50.677, NVIDIA H200, 43, 100 %, 3 %, 51543 MiB, 143771 MiB
2026/08/07 19:21:53.677, NVIDIA H200, 40, 100 %, 1 %, 51543 MiB, 143771 MiB
2026/08/07 19:21:56.678, NVIDIA H200, 35, 100 %, 0 %, 51543 MiB, 143771 MiB
2026/08/07 19:21:59.678, NVIDIA H200, 49, 100 %, 43 %, 125527 MiB, 143771 MiB
2026/08/07 19:22:02.678, NVIDIA H200, 49, 100 %, 42 %, 125527 MiB, 143771 MiB
2026/08/07 19:22:05.679, NVIDIA H200, 51, 99 %, 60 %, 125527 MiB, 143771 MiB
2026/08/07 19:22:08.679, NVIDIA H200, 51, 100 %, 50 %, 125527 MiB, 143771 MiB
2026/08/07 19:22:11.679, NVIDIA H200, 50, 100 %, 54 %, 125527 MiB, 143771 MiB
2026/08/07 19:22:14.680, NVIDIA H200, 50, 99 %, 37 %, 125527 MiB, 143771 MiB
2026/08/07 19:22:17.680, NVIDIA H200, 52, 100 %, 58 %, 125527 MiB, 143771 MiB
2026/08/07 19:22:20.681, NVIDIA H200, 54, 100 %, 44 %, 125527 MiB, 143771 MiB
2026/08/07 19:22:23.681, NVIDIA H200, 51, 100 %, 43 %, 125527 MiB, 143771 MiB
2026/08/07 19:22:26.681, NVIDIA H200, 51, 100 %, 50 %, 125527 MiB, 143771 MiB
2026/08/07 19:22:29.682, NVIDIA H200, 50, 100 %, 44 %, 125527 MiB, 143771 MiB
2026/08/07 19:22:32.682, NVIDIA H200, 50, 99 %, 53 %, 125527 MiB, 143771 MiB
2026/08/07 19:22:35.682, NVIDIA H200, 51, 100 %, 51 %, 125527 MiB, 143771 MiB
2026/08/07 19:22:38.683, NVIDIA H200, 50, 98 %, 39 %, 125527 MiB, 143771 MiB
2026/08/07 19:22:41.683, NVIDIA H200, 51, 99 %, 37 %, 125527 MiB, 143771 MiB
2026/08/07 19:22:44.683, NVIDIA H200, 52, 100 %, 56 %, 125527 MiB, 143771 MiB
2026/08/07 19:22:47.684, NVIDIA H200, 54, 100 %, 44 %, 125527 MiB, 143771 MiB
2026/08/07 19:22:50.684, NVIDIA H200, 51, 100 %, 42 %, 125527 MiB, 143771 MiB
2026/08/07 19:22:53.684, NVIDIA H200, 51, 100 %, 45 %, 125527 MiB, 143771 MiB
2026/08/07 19:22:56.685, NVIDIA H200, 51, 100 %, 43 %, 125527 MiB, 143771 MiB
2026/08/07 19:22:59.685, NVIDIA H200, 52, 98 %, 62 %, 125527 MiB, 143771 MiB
2026/08/07 19:23:02.686, NVIDIA H200, 52, 100 %, 54 %, 125529 MiB, 143771 MiB
2026/08/07 19:23:05.686, NVIDIA H200, 49, 100 %, 47 %, 125529 MiB, 143771 MiB
2026/08/07 19:23:08.686, NVIDIA H200, 50, 100 %, 49 %, 125529 MiB, 143771 MiB
2026/08/07 19:23:11.687, NVIDIA H200, 52, 100 %, 41 %, 125529 MiB, 143771 MiB
2026/08/07 19:23:14.687, NVIDIA H200, 52, 100 %, 42 %, 125529 MiB, 143771 MiB
2026/08/07 19:23:17.687, NVIDIA H200, 45, 83 %, 23 %, 21219 MiB, 143771 MiB
2026/08/07 19:23:20.688, NVIDIA H200, 45, 100 %, 14 %, 28287 MiB, 143771 MiB
2026/08/07 19:23:23.688, NVIDIA H200, 38, 44 %, 14 %, 16597 MiB, 143771 MiB
2026/08/07 19:23:26.688, NVIDIA H200, 43, 100 %, 1 %, 16597 MiB, 143771 MiB
2026/08/07 19:23:29.689, NVIDIA H200, 33, 0 %, 0 %, 10299 MiB, 143771 MiB
2026/08/07 19:23:32.689, NVIDIA H200, 38, 100 %, 38 %, 48105 MiB, 143771 MiB
2026/08/07 19:23:35.690, NVIDIA H200, 50, 89 %, 25 %, 10697 MiB, 143771 MiB
2026/08/07 19:23:38.690, NVIDIA H200, 40, 30 %, 3 %, 17175 MiB, 143771 MiB
2026/08/07 19:23:41.691, NVIDIA H200, 33, 0 %, 0 %, 17175 MiB, 143771 MiB
2026/08/07 19:23:44.691, NVIDIA H200, 49, 100 %, 44 %, 125247 MiB, 143771 MiB
2026/08/07 19:23:47.691, NVIDIA H200, 51, 100 %, 44 %, 125247 MiB, 143771 MiB
2026/08/07 19:23:50.692, NVIDIA H200, 52, 100 %, 53 %, 125247 MiB, 143771 MiB
2026/08/07 19:23:53.692, NVIDIA H200, 51, 100 %, 39 %, 125247 MiB, 143771 MiB
2026/08/07 19:23:56.692, NVIDIA H200, 51, 99 %, 48 %, 125247 MiB, 143771 MiB
2026/08/07 19:23:59.693, NVIDIA H200, 49, 100 %, 50 %, 125247 MiB, 143771 MiB
2026/08/07 19:24:02.693, NVIDIA H200, 50, 100 %, 52 %, 125247 MiB, 143771 MiB
2026/08/07 19:24:05.693, NVIDIA H200, 53, 100 %, 40 %, 125247 MiB, 143771 MiB
2026/08/07 19:24:08.694, NVIDIA H200, 50, 100 %, 44 %, 125247 MiB, 143771 MiB
2026/08/07 19:24:11.694, NVIDIA H200, 51, 100 %, 48 %, 125247 MiB, 143771 MiB
2026/08/07 19:24:14.694, NVIDIA H200, 54, 100 %, 55 %, 125247 MiB, 143771 MiB
2026/08/07 19:24:17.695, NVIDIA H200, 51, 100 %, 35 %, 125247 MiB, 143771 MiB
2026/08/07 19:24:20.695, NVIDIA H200, 51, 99 %, 43 %, 125247 MiB, 143771 MiB
2026/08/07 19:24:23.696, NVIDIA H200, 50, 100 %, 48 %, 125247 MiB, 143771 MiB
2026/08/07 19:24:26.696, NVIDIA H200, 52, 100 %, 54 %, 125247 MiB, 143771 MiB
2026/08/07 19:24:29.696, NVIDIA H200, 53, 98 %, 39 %, 125247 MiB, 143771 MiB
2026/08/07 19:24:32.697, NVIDIA H200, 49, 100 %, 43 %, 125247 MiB, 143771 MiB
2026/08/07 19:24:35.697, NVIDIA H200, 51, 100 %, 46 %, 125247 MiB, 143771 MiB
2026/08/07 19:24:38.697, NVIDIA H200, 54, 100 %, 54 %, 125247 MiB, 143771 MiB
2026/08/07 19:24:41.698, NVIDIA H200, 51, 100 %, 29 %, 125247 MiB, 143771 MiB
2026/08/07 19:24:44.698, NVIDIA H200, 51, 99 %, 41 %, 125247 MiB, 143771 MiB
2026/08/07 19:24:47.698, NVIDIA H200, 50, 100 %, 49 %, 125247 MiB, 143771 MiB
2026/08/07 19:24:50.699, NVIDIA H200, 52, 100 %, 50 %, 125247 MiB, 143771 MiB
2026/08/07 19:24:53.699, NVIDIA H200, 53, 99 %, 37 %, 125247 MiB, 143771 MiB
2026/08/07 19:24:56.699, NVIDIA H200, 48, 100 %, 47 %, 125247 MiB, 143771 MiB
2026/08/07 19:24:59.700, NVIDIA H200, 50, 100 %, 40 %, 125247 MiB, 143771 MiB
2026/08/07 19:25:02.700, NVIDIA H200, 38, 0 %, 0 %, 125247 MiB, 143771 MiB
2026/08/07 19:25:05.701, NVIDIA H200, 47, 99 %, 40 %, 125247 MiB, 143771 MiB
2026/08/07 19:25:08.701, NVIDIA H200, 36, 0 %, 0 %, 125247 MiB, 143771 MiB
2026/08/07 19:25:11.701, NVIDIA H200, 51, 100 %, 47 %, 125247 MiB, 143771 MiB
2026/08/07 19:25:14.702, NVIDIA H200, 50, 100 %, 41 %, 125247 MiB, 143771 MiB
2026/08/07 19:25:17.702, NVIDIA H200, 53, 100 %, 37 %, 125247 MiB, 143771 MiB
2026/08/07 19:25:20.702, NVIDIA H200, 50, 100 %, 30 %, 125247 MiB, 143771 MiB
2026/08/07 19:25:23.703, NVIDIA H200, 50, 100 %, 48 %, 125247 MiB, 143771 MiB
2026/08/07 19:25:26.703, NVIDIA H200, 49, 100 %, 55 %, 125247 MiB, 143771 MiB
2026/08/07 19:25:29.704, NVIDIA H200, 50, 100 %, 52 %, 125247 MiB, 143771 MiB
2026/08/07 19:25:32.704, NVIDIA H200, 52, 99 %, 38 %, 125247 MiB, 143771 MiB
2026/08/07 19:25:35.704, NVIDIA H200, 48, 100 %, 58 %, 125247 MiB, 143771 MiB
2026/08/07 19:25:38.705, NVIDIA H200, 50, 100 %, 43 %, 125247 MiB, 143771 MiB
2026/08/07 19:25:41.705, NVIDIA H200, 54, 100 %, 39 %, 125247 MiB, 143771 MiB
2026/08/07 19:25:44.706, NVIDIA H200, 52, 100 %, 23 %, 125247 MiB, 143771 MiB
2026/08/07 19:25:47.706, NVIDIA H200, 52, 99 %, 40 %, 125247 MiB, 143771 MiB
2026/08/07 19:25:50.706, NVIDIA H200, 51, 100 %, 51 %, 125247 MiB, 143771 MiB
2026/08/07 19:25:53.707, NVIDIA H200, 52, 100 %, 50 %, 125247 MiB, 143771 MiB
2026/08/07 19:25:56.707, NVIDIA H200, 54, 98 %, 38 %, 125247 MiB, 143771 MiB
2026/08/07 19:25:59.708, NVIDIA H200, 50, 100 %, 41 %, 125247 MiB, 143771 MiB
2026/08/07 19:26:02.708, NVIDIA H200, 51, 100 %, 48 %, 125247 MiB, 143771 MiB
2026/08/07 19:26:05.708, NVIDIA H200, 54, 100 %, 60 %, 125247 MiB, 143771 MiB
2026/08/07 19:26:08.709, NVIDIA H200, 51, 100 %, 40 %, 125247 MiB, 143771 MiB
2026/08/07 19:26:11.709, NVIDIA H200, 51, 98 %, 46 %, 125247 MiB, 143771 MiB
2026/08/07 19:26:14.709, NVIDIA H200, 49, 100 %, 50 %, 125247 MiB, 143771 MiB
2026/08/07 19:26:17.710, NVIDIA H200, 51, 100 %, 47 %, 125247 MiB, 143771 MiB
2026/08/07 19:26:20.710, NVIDIA H200, 53, 100 %, 52 %, 125247 MiB, 143771 MiB
2026/08/07 19:26:23.711, NVIDIA H200, 50, 100 %, 43 %, 125247 MiB, 143771 MiB
2026/08/07 19:26:26.711, NVIDIA H200, 51, 100 %, 45 %, 125247 MiB, 143771 MiB
2026/08/07 19:26:29.711, NVIDIA H200, 53, 100 %, 52 %, 125247 MiB, 143771 MiB
2026/08/07 19:26:32.712, NVIDIA H200, 46, 100 %, 52 %, 125247 MiB, 143771 MiB
2026/08/07 19:26:35.712, NVIDIA H200, 38, 0 %, 0 %, 125247 MiB, 143771 MiB
2026/08/07 19:26:38.713, NVIDIA H200, 43, 94 %, 42 %, 125247 MiB, 143771 MiB
2026/08/07 19:26:41.713, NVIDIA H200, 49, 100 %, 42 %, 125247 MiB, 143771 MiB
2026/08/07 19:26:44.713, NVIDIA H200, 51, 100 %, 51 %, 125247 MiB, 143771 MiB
2026/08/07 19:26:47.714, NVIDIA H200, 54, 100 %, 41 %, 125247 MiB, 143771 MiB
2026/08/07 19:26:50.714, NVIDIA H200, 51, 100 %, 48 %, 125247 MiB, 143771 MiB
2026/08/07 19:26:53.714, NVIDIA H200, 51, 100 %, 45 %, 125247 MiB, 143771 MiB
2026/08/07 19:26:56.715, NVIDIA H200, 49, 98 %, 58 %, 125247 MiB, 143771 MiB
2026/08/07 19:26:59.715, NVIDIA H200, 50, 100 %, 58 %, 125247 MiB, 143771 MiB
2026/08/07 19:27:02.716, NVIDIA H200, 53, 98 %, 38 %, 125247 MiB, 143771 MiB
2026/08/07 19:27:05.716, NVIDIA H200, 50, 100 %, 41 %, 125247 MiB, 143771 MiB
2026/08/07 19:27:08.716, NVIDIA H200, 51, 100 %, 45 %, 125247 MiB, 143771 MiB
2026/08/07 19:27:11.717, NVIDIA H200, 54, 100 %, 39 %, 125247 MiB, 143771 MiB
2026/08/07 19:27:14.717, NVIDIA H200, 51, 100 %, 48 %, 125247 MiB, 143771 MiB
2026/08/07 19:27:17.718, NVIDIA H200, 51, 100 %, 38 %, 125247 MiB, 143771 MiB
2026/08/07 19:27:20.718, NVIDIA H200, 49, 99 %, 50 %, 125247 MiB, 143771 MiB
2026/08/07 19:27:23.719, NVIDIA H200, 51, 100 %, 52 %, 125247 MiB, 143771 MiB
2026/08/07 19:27:26.719, NVIDIA H200, 52, 96 %, 45 %, 125247 MiB, 143771 MiB
2026/08/07 19:27:29.719, NVIDIA H200, 51, 100 %, 46 %, 125247 MiB, 143771 MiB
2026/08/07 19:27:32.720, NVIDIA H200, 52, 100 %, 41 %, 125247 MiB, 143771 MiB
2026/08/07 19:27:35.720, NVIDIA H200, 53, 100 %, 40 %, 125247 MiB, 143771 MiB
2026/08/07 19:27:38.721, NVIDIA H200, 50, 100 %, 35 %, 125247 MiB, 143771 MiB
2026/08/07 19:27:41.721, NVIDIA H200, 50, 100 %, 51 %, 125247 MiB, 143771 MiB
2026/08/07 19:27:44.722, NVIDIA H200, 49, 100 %, 50 %, 125247 MiB, 143771 MiB
2026/08/07 19:27:47.722, NVIDIA H200, 51, 100 %, 51 %, 125247 MiB, 143771 MiB
2026/08/07 19:27:50.722, NVIDIA H200, 52, 99 %, 43 %, 125247 MiB, 143771 MiB
2026/08/07 19:27:53.723, NVIDIA H200, 50, 100 %, 55 %, 125247 MiB, 143771 MiB
2026/08/07 19:27:56.723, NVIDIA H200, 51, 100 %, 41 %, 125247 MiB, 143771 MiB
2026/08/07 19:27:59.723, NVIDIA H200, 35, 0 %, 0 %, 125247 MiB, 143771 MiB
2026/08/07 19:28:02.724, NVIDIA H200, 49, 100 %, 56 %, 125247 MiB, 143771 MiB
2026/08/07 19:28:05.724, NVIDIA H200, 35, 0 %, 0 %, 125247 MiB, 143771 MiB
2026/08/07 19:28:08.725, NVIDIA H200, 49, 98 %, 44 %, 125247 MiB, 143771 MiB
2026/08/07 19:28:11.725, NVIDIA H200, 50, 100 %, 44 %, 125247 MiB, 143771 MiB
2026/08/07 19:28:14.725, NVIDIA H200, 54, 100 %, 39 %, 125247 MiB, 143771 MiB
2026/08/07 19:28:17.726, NVIDIA H200, 51, 100 %, 51 %, 125247 MiB, 143771 MiB
2026/08/07 19:28:20.726, NVIDIA H200, 51, 100 %, 43 %, 125247 MiB, 143771 MiB
2026/08/07 19:28:23.727, NVIDIA H200, 50, 98 %, 52 %, 125247 MiB, 143771 MiB
2026/08/07 19:28:26.727, NVIDIA H200, 48, 100 %, 55 %, 125247 MiB, 143771 MiB
2026/08/07 19:28:29.727, NVIDIA H200, 51, 98 %, 42 %, 125247 MiB, 143771 MiB
2026/08/07 19:28:32.728, NVIDIA H200, 51, 100 %, 49 %, 125247 MiB, 143771 MiB
2026/08/07 19:28:35.728, NVIDIA H200, 51, 100 %, 45 %, 125247 MiB, 143771 MiB
2026/08/07 19:28:38.729, NVIDIA H200, 51, 100 %, 43 %, 125247 MiB, 143771 MiB
2026/08/07 19:28:41.729, NVIDIA H200, 53, 100 %, 48 %, 125247 MiB, 143771 MiB
2026/08/07 19:28:44.730, NVIDIA H200, 50, 100 %, 35 %, 125247 MiB, 143771 MiB
2026/08/07 19:28:47.730, NVIDIA H200, 50, 99 %, 42 %, 125247 MiB, 143771 MiB
2026/08/07 19:28:50.730, NVIDIA H200, 49, 100 %, 50 %, 125247 MiB, 143771 MiB
2026/08/07 19:28:53.731, NVIDIA H200, 52, 98 %, 43 %, 125247 MiB, 143771 MiB
2026/08/07 19:28:56.731, NVIDIA H200, 51, 100 %, 45 %, 125247 MiB, 143771 MiB
2026/08/07 19:28:59.732, NVIDIA H200, 50, 100 %, 44 %, 125247 MiB, 143771 MiB
2026/08/07 19:29:02.732, NVIDIA H200, 53, 100 %, 39 %, 125247 MiB, 143771 MiB
2026/08/07 19:29:05.733, NVIDIA H200, 51, 100 %, 37 %, 125247 MiB, 143771 MiB
2026/08/07 19:29:08.733, NVIDIA H200, 50, 100 %, 51 %, 125247 MiB, 143771 MiB
2026/08/07 19:29:11.733, NVIDIA H200, 49, 100 %, 50 %, 125247 MiB, 143771 MiB
2026/08/07 19:29:14.734, NVIDIA H200, 50, 100 %, 50 %, 125247 MiB, 143771 MiB
2026/08/07 19:29:17.734, NVIDIA H200, 52, 99 %, 39 %, 125247 MiB, 143771 MiB
2026/08/07 19:29:20.735, NVIDIA H200, 49, 100 %, 54 %, 125247 MiB, 143771 MiB
2026/08/07 19:29:23.735, NVIDIA H200, 50, 100 %, 43 %, 125247 MiB, 143771 MiB
2026/08/07 19:29:26.735, NVIDIA H200, 54, 100 %, 37 %, 125247 MiB, 143771 MiB
2026/08/07 19:29:29.736, NVIDIA H200, 47, 99 %, 39 %, 125247 MiB, 143771 MiB
2026/08/07 19:29:32.736, NVIDIA H200, 38, 0 %, 0 %, 125247 MiB, 143771 MiB
2026/08/07 19:29:35.736, NVIDIA H200, 33, 0 %, 0 %, 125247 MiB, 143771 MiB
2026/08/07 19:29:38.737, NVIDIA H200, 33, 0 %, 0 %, 125247 MiB, 143771 MiB
2026/08/07 19:29:41.737, NVIDIA H200, 33, 0 %, 0 %, 125247 MiB, 143771 MiB
2026/08/07 19:29:44.737, NVIDIA H200, 49, 100 %, 49 %, 125247 MiB, 143771 MiB
2026/08/07 19:29:47.738, NVIDIA H200, 52, 100 %, 53 %, 125247 MiB, 143771 MiB
2026/08/07 19:29:50.738, NVIDIA H200, 53, 100 %, 38 %, 125247 MiB, 143771 MiB
2026/08/07 19:29:53.739, NVIDIA H200, 50, 100 %, 44 %, 125247 MiB, 143771 MiB
2026/08/07 19:29:56.739, NVIDIA H200, 51, 100 %, 51 %, 125247 MiB, 143771 MiB
2026/08/07 19:29:59.740, NVIDIA H200, 54, 100 %, 59 %, 125247 MiB, 143771 MiB
2026/08/07 19:30:02.740, NVIDIA H200, 52, 100 %, 40 %, 125247 MiB, 143771 MiB
2026/08/07 19:30:05.740, NVIDIA H200, 51, 99 %, 49 %, 125247 MiB, 143771 MiB
2026/08/07 19:30:08.741, NVIDIA H200, 49, 100 %, 51 %, 125247 MiB, 143771 MiB
2026/08/07 19:30:11.741, NVIDIA H200, 51, 100 %, 47 %, 125247 MiB, 143771 MiB
2026/08/07 19:30:14.741, NVIDIA H200, 52, 100 %, 47 %, 125247 MiB, 143771 MiB
2026/08/07 19:30:17.742, NVIDIA H200, 50, 100 %, 44 %, 125247 MiB, 143771 MiB
2026/08/07 19:30:20.742, NVIDIA H200, 52, 100 %, 41 %, 125247 MiB, 143771 MiB
2026/08/07 19:30:23.743, NVIDIA H200, 52, 100 %, 48 %, 125247 MiB, 143771 MiB
2026/08/07 19:30:26.743, NVIDIA H200, 51, 100 %, 45 %, 125247 MiB, 143771 MiB
2026/08/07 19:30:29.743, NVIDIA H200, 50, 99 %, 56 %, 125247 MiB, 143771 MiB
2026/08/07 19:30:32.744, NVIDIA H200, 48, 100 %, 57 %, 125247 MiB, 143771 MiB
2026/08/07 19:30:35.744, NVIDIA H200, 53, 98 %, 41 %, 125247 MiB, 143771 MiB
2026/08/07 19:30:38.744, NVIDIA H200, 50, 100 %, 45 %, 125247 MiB, 143771 MiB
2026/08/07 19:30:41.745, NVIDIA H200, 52, 100 %, 43 %, 125247 MiB, 143771 MiB
2026/08/07 19:30:44.745, NVIDIA H200, 53, 100 %, 44 %, 125247 MiB, 143771 MiB
2026/08/07 19:30:47.745, NVIDIA H200, 52, 100 %, 44 %, 125247 MiB, 143771 MiB
2026/08/07 19:30:50.746, NVIDIA H200, 51, 100 %, 35 %, 125247 MiB, 143771 MiB
2026/08/07 19:30:53.747, NVIDIA H200, 49, 99 %, 40 %, 125247 MiB, 143771 MiB
2026/08/07 19:30:56.747, NVIDIA H200, 51, 100 %, 51 %, 125247 MiB, 143771 MiB
2026/08/07 19:30:59.748, NVIDIA H200, 51, 99 %, 48 %, 125247 MiB, 143771 MiB
2026/08/07 19:31:02.748, NVIDIA H200, 37, 0 %, 0 %, 125247 MiB, 143771 MiB
2026/08/07 19:31:05.748, NVIDIA H200, 45, 100 %, 48 %, 125247 MiB, 143771 MiB
2026/08/07 19:31:08.749, NVIDIA H200, 37, 0 %, 0 %, 125247 MiB, 143771 MiB
2026/08/07 19:31:11.749, NVIDIA H200, 33, 0 %, 0 %, 125247 MiB, 143771 MiB
2026/08/07 19:31:14.750, NVIDIA H200, 51, 100 %, 39 %, 125247 MiB, 143771 MiB
2026/08/07 19:31:17.750, NVIDIA H200, 50, 99 %, 49 %, 125247 MiB, 143771 MiB
2026/08/07 19:31:20.750, NVIDIA H200, 52, 100 %, 50 %, 125247 MiB, 143771 MiB
2026/08/07 19:31:23.751, NVIDIA H200, 54, 100 %, 47 %, 125247 MiB, 143771 MiB
2026/08/07 19:31:26.752, NVIDIA H200, 50, 99 %, 41 %, 125247 MiB, 143771 MiB
2026/08/07 19:31:29.752, NVIDIA H200, 51, 100 %, 49 %, 125247 MiB, 143771 MiB
2026/08/07 19:31:32.753, NVIDIA H200, 54, 100 %, 41 %, 125247 MiB, 143771 MiB
2026/08/07 19:31:35.753, NVIDIA H200, 51, 100 %, 44 %, 125247 MiB, 143771 MiB
2026/08/07 19:31:38.753, NVIDIA H200, 51, 100 %, 44 %, 125247 MiB, 143771 MiB
2026/08/07 19:31:41.754, NVIDIA H200, 49, 100 %, 35 %, 125247 MiB, 143771 MiB
2026/08/07 19:31:44.754, NVIDIA H200, 50, 99 %, 42 %, 125247 MiB, 143771 MiB
2026/08/07 19:31:47.754, NVIDIA H200, 53, 100 %, 51 %, 125247 MiB, 143771 MiB
2026/08/07 19:31:50.755, NVIDIA H200, 50, 99 %, 43 %, 125247 MiB, 143771 MiB
2026/08/07 19:31:53.756, NVIDIA H200, 51, 100 %, 46 %, 125247 MiB, 143771 MiB
2026/08/07 19:31:56.756, NVIDIA H200, 54, 100 %, 43 %, 125247 MiB, 143771 MiB
2026/08/07 19:31:59.757, NVIDIA H200, 51, 100 %, 40 %, 125247 MiB, 143771 MiB
2026/08/07 19:32:02.757, NVIDIA H200, 51, 100 %, 39 %, 125247 MiB, 143771 MiB
2026/08/07 19:32:05.758, NVIDIA H200, 49, 100 %, 50 %, 125247 MiB, 143771 MiB
2026/08/07 19:32:08.758, NVIDIA H200, 51, 100 %, 53 %, 125247 MiB, 143771 MiB
2026/08/07 19:32:11.758, NVIDIA H200, 52, 100 %, 52 %, 125247 MiB, 143771 MiB
2026/08/07 19:32:14.759, NVIDIA H200, 51, 98 %, 39 %, 125247 MiB, 143771 MiB
2026/08/07 19:32:17.759, NVIDIA H200, 52, 100 %, 58 %, 125247 MiB, 143771 MiB
2026/08/07 19:32:20.760, NVIDIA H200, 52, 100 %, 46 %, 125247 MiB, 143771 MiB
2026/08/07 19:32:23.762, NVIDIA H200, 51, 100 %, 37 %, 125247 MiB, 143771 MiB
2026/08/07 19:32:26.762, NVIDIA H200, 50, 100 %, 39 %, 125247 MiB, 143771 MiB
2026/08/07 19:32:29.762, NVIDIA H200, 49, 99 %, 43 %, 125247 MiB, 143771 MiB
2026/08/07 19:32:32.763, NVIDIA H200, 36, 0 %, 0 %, 125247 MiB, 143771 MiB
2026/08/07 19:32:35.763, NVIDIA H200, 47, 100 %, 49 %, 125247 MiB, 143771 MiB
2026/08/07 19:32:38.764, NVIDIA H200, 34, 0 %, 0 %, 125247 MiB, 143771 MiB
2026/08/07 19:32:41.764, NVIDIA H200, 51, 100 %, 57 %, 125247 MiB, 143771 MiB
2026/08/07 19:32:44.764, NVIDIA H200, 49, 100 %, 46 %, 125247 MiB, 143771 MiB
2026/08/07 19:32:47.765, NVIDIA H200, 53, 100 %, 44 %, 125247 MiB, 143771 MiB
2026/08/07 19:32:50.765, NVIDIA H200, 51, 100 %, 42 %, 125247 MiB, 143771 MiB
2026/08/07 19:32:53.765, NVIDIA H200, 51, 100 %, 47 %, 125247 MiB, 143771 MiB
2026/08/07 19:32:56.766, NVIDIA H200, 51, 100 %, 45 %, 125247 MiB, 143771 MiB
2026/08/07 19:32:59.766, NVIDIA H200, 52, 99 %, 58 %, 125247 MiB, 143771 MiB
2026/08/07 19:33:02.766, NVIDIA H200, 50, 100 %, 58 %, 125247 MiB, 143771 MiB
2026/08/07 19:33:05.767, NVIDIA H200, 53, 99 %, 39 %, 125247 MiB, 143771 MiB
2026/08/07 19:33:08.767, NVIDIA H200, 50, 100 %, 42 %, 125247 MiB, 143771 MiB
2026/08/07 19:33:11.768, NVIDIA H200, 51, 100 %, 46 %, 125247 MiB, 143771 MiB
2026/08/07 19:33:14.768, NVIDIA H200, 53, 100 %, 41 %, 125247 MiB, 143771 MiB
2026/08/07 19:33:17.768, NVIDIA H200, 50, 100 %, 49 %, 125247 MiB, 143771 MiB
2026/08/07 19:33:20.769, NVIDIA H200, 51, 100 %, 34 %, 125247 MiB, 143771 MiB
2026/08/07 19:33:23.769, NVIDIA H200, 49, 99 %, 42 %, 125247 MiB, 143771 MiB
2026/08/07 19:33:26.769, NVIDIA H200, 51, 100 %, 50 %, 125247 MiB, 143771 MiB
2026/08/07 19:33:29.770, NVIDIA H200, 51, 98 %, 44 %, 125247 MiB, 143771 MiB
2026/08/07 19:33:32.770, NVIDIA H200, 52, 100 %, 44 %, 125247 MiB, 143771 MiB
2026/08/07 19:33:35.770, NVIDIA H200, 52, 100 %, 45 %, 125247 MiB, 143771 MiB
2026/08/07 19:33:38.771, NVIDIA H200, 53, 100 %, 41 %, 125247 MiB, 143771 MiB
2026/08/07 19:33:41.771, NVIDIA H200, 51, 100 %, 37 %, 125247 MiB, 143771 MiB
2026/08/07 19:33:44.771, NVIDIA H200, 50, 100 %, 50 %, 125247 MiB, 143771 MiB
2026/08/07 19:33:47.772, NVIDIA H200, 49, 100 %, 51 %, 125247 MiB, 143771 MiB
2026/08/07 19:33:50.772, NVIDIA H200, 51, 100 %, 51 %, 125247 MiB, 143771 MiB
2026/08/07 19:33:53.772, NVIDIA H200, 51, 98 %, 42 %, 125247 MiB, 143771 MiB
2026/08/07 19:33:56.773, NVIDIA H200, 50, 100 %, 52 %, 125247 MiB, 143771 MiB
2026/08/07 19:33:59.773, NVIDIA H200, 37, 0 %, 0 %, 125247 MiB, 143771 MiB
2026/08/07 19:34:02.773, NVIDIA H200, 48, 96 %, 37 %, 125247 MiB, 143771 MiB
2026/08/07 19:34:05.774, NVIDIA H200, 34, 0 %, 0 %, 125247 MiB, 143771 MiB
2026/08/07 19:34:08.774, NVIDIA H200, 48, 100 %, 39 %, 125247 MiB, 143771 MiB
2026/08/07 19:34:11.775, NVIDIA H200, 51, 100 %, 44 %, 125247 MiB, 143771 MiB
2026/08/07 19:34:14.775, NVIDIA H200, 49, 99 %, 58 %, 125247 MiB, 143771 MiB
2026/08/07 19:34:17.776, NVIDIA H200, 50, 100 %, 59 %, 125247 MiB, 143771 MiB
2026/08/07 19:34:20.776, NVIDIA H200, 53, 98 %, 39 %, 125247 MiB, 143771 MiB
2026/08/07 19:34:23.776, NVIDIA H200, 49, 100 %, 43 %, 125247 MiB, 143771 MiB
2026/08/07 19:34:26.777, NVIDIA H200, 51, 100 %, 45 %, 125247 MiB, 143771 MiB
2026/08/07 19:34:29.777, NVIDIA H200, 54, 100 %, 39 %, 125247 MiB, 143771 MiB
2026/08/07 19:34:32.777, NVIDIA H200, 50, 100 %, 49 %, 125247 MiB, 143771 MiB
2026/08/07 19:34:35.778, NVIDIA H200, 51, 100 %, 37 %, 125247 MiB, 143771 MiB
2026/08/07 19:34:38.778, NVIDIA H200, 49, 99 %, 48 %, 125247 MiB, 143771 MiB
2026/08/07 19:34:41.778, NVIDIA H200, 51, 100 %, 52 %, 125247 MiB, 143771 MiB
2026/08/07 19:34:44.779, NVIDIA H200, 52, 98 %, 46 %, 125247 MiB, 143771 MiB
2026/08/07 19:34:47.779, NVIDIA H200, 50, 100 %, 47 %, 125247 MiB, 143771 MiB
2026/08/07 19:34:50.779, NVIDIA H200, 52, 100 %, 38 %, 125247 MiB, 143771 MiB
2026/08/07 19:34:53.780, NVIDIA H200, 52, 100 %, 42 %, 125247 MiB, 143771 MiB
2026/08/07 19:34:56.780, NVIDIA H200, 51, 100 %, 41 %, 125247 MiB, 143771 MiB
2026/08/07 19:34:59.781, NVIDIA H200, 50, 100 %, 39 %, 125247 MiB, 143771 MiB
2026/08/07 19:35:02.781, NVIDIA H200, 49, 99 %, 42 %, 125247 MiB, 143771 MiB
2026/08/07 19:35:05.781, NVIDIA H200, 51, 100 %, 50 %, 125247 MiB, 143771 MiB
2026/08/07 19:35:08.782, NVIDIA H200, 52, 99 %, 42 %, 125247 MiB, 143771 MiB
2026/08/07 19:35:11.782, NVIDIA H200, 51, 100 %, 47 %, 125247 MiB, 143771 MiB
2026/08/07 19:35:14.782, NVIDIA H200, 52, 100 %, 43 %, 125247 MiB, 143771 MiB
2026/08/07 19:35:17.783, NVIDIA H200, 53, 100 %, 40 %, 125247 MiB, 143771 MiB
2026/08/07 19:35:20.783, NVIDIA H200, 51, 100 %, 37 %, 125247 MiB, 143771 MiB
2026/08/07 19:35:23.783, NVIDIA H200, 50, 100 %, 50 %, 125247 MiB, 143771 MiB
2026/08/07 19:35:26.784, NVIDIA H200, 49, 100 %, 49 %, 125247 MiB, 143771 MiB
2026/08/07 19:35:29.784, NVIDIA H200, 34, 0 %, 0 %, 125247 MiB, 143771 MiB
2026/08/07 19:35:32.784, NVIDIA H200, 47, 99 %, 41 %, 125247 MiB, 143771 MiB
2026/08/07 19:35:35.785, NVIDIA H200, 34, 0 %, 0 %, 125247 MiB, 143771 MiB
2026/08/07 19:35:38.785, NVIDIA H200, 49, 100 %, 40 %, 125247 MiB, 143771 MiB
2026/08/07 19:35:41.785, NVIDIA H200, 52, 100 %, 41 %, 125247 MiB, 143771 MiB
2026/08/07 19:35:44.786, NVIDIA H200, 51, 100 %, 43 %, 125247 MiB, 143771 MiB
2026/08/07 19:35:47.786, NVIDIA H200, 50, 100 %, 24 %, 125247 MiB, 143771 MiB
2026/08/07 19:35:50.787, NVIDIA H200, 49, 99 %, 41 %, 125247 MiB, 143771 MiB
2026/08/07 19:35:53.787, NVIDIA H200, 50, 100 %, 49 %, 125247 MiB, 143771 MiB
2026/08/07 19:35:56.788, NVIDIA H200, 52, 100 %, 54 %, 125247 MiB, 143771 MiB
2026/08/07 19:35:59.788, NVIDIA H200, 48, 100 %, 41 %, 125247 MiB, 143771 MiB
2026/08/07 19:36:02.788, NVIDIA H200, 50, 100 %, 47 %, 125247 MiB, 143771 MiB
2026/08/07 19:36:05.789, NVIDIA H200, 53, 100 %, 50 %, 125247 MiB, 143771 MiB
2026/08/07 19:36:08.789, NVIDIA H200, 51, 100 %, 40 %, 125247 MiB, 143771 MiB
2026/08/07 19:36:11.790, NVIDIA H200, 51, 100 %, 48 %, 125247 MiB, 143771 MiB
2026/08/07 19:36:14.790, NVIDIA H200, 51, 100 %, 45 %, 125247 MiB, 143771 MiB
2026/08/07 19:36:17.791, NVIDIA H200, 52, 98 %, 57 %, 125247 MiB, 143771 MiB
2026/08/07 19:36:20.791, NVIDIA H200, 53, 100 %, 58 %, 125247 MiB, 143771 MiB
2026/08/07 19:36:23.792, NVIDIA H200, 48, 98 %, 38 %, 125247 MiB, 143771 MiB
2026/08/07 19:36:26.792, NVIDIA H200, 50, 100 %, 41 %, 125247 MiB, 143771 MiB
2026/08/07 19:36:29.792, NVIDIA H200, 54, 100 %, 44 %, 125247 MiB, 143771 MiB
2026/08/07 19:36:32.793, NVIDIA H200, 51, 100 %, 42 %, 125247 MiB, 143771 MiB
2026/08/07 19:36:35.793, NVIDIA H200, 51, 100 %, 48 %, 125247 MiB, 143771 MiB
2026/08/07 19:36:38.794, NVIDIA H200, 49, 100 %, 35 %, 125247 MiB, 143771 MiB
2026/08/07 19:36:41.794, NVIDIA H200, 51, 99 %, 45 %, 125247 MiB, 143771 MiB
2026/08/07 19:36:44.794, NVIDIA H200, 53, 100 %, 52 %, 125247 MiB, 143771 MiB
2026/08/07 19:36:47.795, NVIDIA H200, 50, 99 %, 46 %, 125247 MiB, 143771 MiB
2026/08/07 19:36:50.795, NVIDIA H200, 51, 100 %, 47 %, 125247 MiB, 143771 MiB
2026/08/07 19:36:53.795, NVIDIA H200, 53, 100 %, 39 %, 125247 MiB, 143771 MiB
2026/08/07 19:36:56.796, NVIDIA H200, 39, 0 %, 0 %, 125247 MiB, 143771 MiB
2026/08/07 19:36:59.796, NVIDIA H200, 41, 100 %, 44 %, 125247 MiB, 143771 MiB
2026/08/07 19:37:02.797, NVIDIA H200, 36, 0 %, 0 %, 125247 MiB, 143771 MiB
2026/08/07 19:37:05.797, NVIDIA H200, 33, 0 %, 0 %, 125247 MiB, 143771 MiB
2026/08/07 19:37:08.797, NVIDIA H200, 33, 0 %, 0 %, 125247 MiB, 143771 MiB
2026/08/07 19:37:11.798, NVIDIA H200, 46, 77 %, 41 %, 125247 MiB, 143771 MiB
2026/08/07 19:37:14.798, NVIDIA H200, 53, 100 %, 55 %, 125247 MiB, 143771 MiB
2026/08/07 19:37:17.799, NVIDIA H200, 48, 98 %, 42 %, 125247 MiB, 143771 MiB
2026/08/07 19:37:20.799, NVIDIA H200, 50, 100 %, 47 %, 125247 MiB, 143771 MiB
2026/08/07 19:37:23.800, NVIDIA H200, 54, 100 %, 43 %, 125247 MiB, 143771 MiB
2026/08/07 19:37:26.800, NVIDIA H200, 51, 100 %, 44 %, 125247 MiB, 143771 MiB
2026/08/07 19:37:29.800, NVIDIA H200, 51, 100 %, 44 %, 125247 MiB, 143771 MiB
2026/08/07 19:37:32.801, NVIDIA H200, 49, 100 %, 35 %, 125247 MiB, 143771 MiB
2026/08/07 19:37:35.801, NVIDIA H200, 50, 99 %, 42 %, 125247 MiB, 143771 MiB
2026/08/07 19:37:38.801, NVIDIA H200, 53, 100 %, 50 %, 125247 MiB, 143771 MiB
2026/08/07 19:37:41.802, NVIDIA H200, 50, 99 %, 44 %, 125247 MiB, 143771 MiB
2026/08/07 19:37:44.802, NVIDIA H200, 51, 100 %, 44 %, 125247 MiB, 143771 MiB
2026/08/07 19:37:47.803, NVIDIA H200, 51, 100 %, 44 %, 125247 MiB, 143771 MiB
2026/08/07 19:37:50.803, NVIDIA H200, 53, 100 %, 41 %, 125247 MiB, 143771 MiB
2026/08/07 19:37:53.803, NVIDIA H200, 50, 100 %, 36 %, 125247 MiB, 143771 MiB
2026/08/07 19:37:56.804, NVIDIA H200, 49, 100 %, 52 %, 125247 MiB, 143771 MiB
2026/08/07 19:37:59.804, NVIDIA H200, 51, 100 %, 45 %, 125247 MiB, 143771 MiB
2026/08/07 19:38:02.804, NVIDIA H200, 52, 100 %, 45 %, 125247 MiB, 143771 MiB
2026/08/07 19:38:05.805, NVIDIA H200, 50, 100 %, 44 %, 125247 MiB, 143771 MiB
2026/08/07 19:38:08.805, NVIDIA H200, 52, 100 %, 42 %, 125247 MiB, 143771 MiB
2026/08/07 19:38:11.805, NVIDIA H200, 51, 100 %, 47 %, 125247 MiB, 143771 MiB
2026/08/07 19:38:14.806, NVIDIA H200, 51, 100 %, 44 %, 125247 MiB, 143771 MiB
2026/08/07 19:38:17.806, NVIDIA H200, 50, 99 %, 55 %, 125247 MiB, 143771 MiB
2026/08/07 19:38:20.807, NVIDIA H200, 48, 100 %, 58 %, 125247 MiB, 143771 MiB
2026/08/07 19:38:23.807, NVIDIA H200, 51, 99 %, 39 %, 125247 MiB, 143771 MiB
2026/08/07 19:38:26.807, NVIDIA H200, 51, 100 %, 41 %, 125247 MiB, 143771 MiB
2026/08/07 19:38:29.808, NVIDIA H200, 51, 100 %, 48 %, 125247 MiB, 143771 MiB
2026/08/07 19:38:32.808, NVIDIA H200, 34, 0 %, 0 %, 125247 MiB, 143771 MiB
2026/08/07 19:38:35.808, NVIDIA H200, 40, 59 %, 22 %, 125247 MiB, 143771 MiB
2026/08/07 19:38:38.809, NVIDIA H200, 48, 100 %, 44 %, 125247 MiB, 143771 MiB
2026/08/07 19:38:41.809, NVIDIA H200, 53, 100 %, 37 %, 125247 MiB, 143771 MiB
2026/08/07 19:38:44.810, NVIDIA H200, 51, 100 %, 26 %, 125247 MiB, 143771 MiB
2026/08/07 19:38:47.810, NVIDIA H200, 51, 99 %, 43 %, 125247 MiB, 143771 MiB
2026/08/07 19:38:50.810, NVIDIA H200, 50, 100 %, 55 %, 125247 MiB, 143771 MiB
2026/08/07 19:38:53.811, NVIDIA H200, 51, 100 %, 56 %, 125247 MiB, 143771 MiB
2026/08/07 19:38:56.811, NVIDIA H200, 52, 99 %, 38 %, 125247 MiB, 143771 MiB
2026/08/07 19:38:59.812, NVIDIA H200, 48, 100 %, 57 %, 125247 MiB, 143771 MiB
2026/08/07 19:39:02.812, NVIDIA H200, 49, 100 %, 42 %, 125247 MiB, 143771 MiB
2026/08/07 19:39:05.812, NVIDIA H200, 53, 100 %, 38 %, 125247 MiB, 143771 MiB
2026/08/07 19:39:08.813, NVIDIA H200, 51, 100 %, 26 %, 125247 MiB, 143771 MiB
2026/08/07 19:39:11.813, NVIDIA H200, 52, 99 %, 41 %, 125247 MiB, 143771 MiB
2026/08/07 19:39:14.814, NVIDIA H200, 50, 100 %, 51 %, 125247 MiB, 143771 MiB
2026/08/07 19:39:17.814, NVIDIA H200, 52, 100 %, 50 %, 125247 MiB, 143771 MiB
2026/08/07 19:39:20.814, NVIDIA H200, 54, 98 %, 38 %, 125247 MiB, 143771 MiB
2026/08/07 19:39:23.815, NVIDIA H200, 50, 100 %, 43 %, 125247 MiB, 143771 MiB
2026/08/07 19:39:26.815, NVIDIA H200, 51, 100 %, 50 %, 125247 MiB, 143771 MiB
2026/08/07 19:39:29.816, NVIDIA H200, 54, 100 %, 53 %, 125247 MiB, 143771 MiB
2026/08/07 19:39:32.816, NVIDIA H200, 51, 100 %, 39 %, 125247 MiB, 143771 MiB
2026/08/07 19:39:35.816, NVIDIA H200, 51, 98 %, 48 %, 125247 MiB, 143771 MiB
2026/08/07 19:39:38.817, NVIDIA H200, 49, 100 %, 50 %, 125247 MiB, 143771 MiB
2026/08/07 19:39:41.817, NVIDIA H200, 51, 100 %, 48 %, 125247 MiB, 143771 MiB
2026/08/07 19:39:44.818, NVIDIA H200, 51, 100 %, 48 %, 125247 MiB, 143771 MiB
2026/08/07 19:39:47.818, NVIDIA H200, 50, 100 %, 43 %, 125247 MiB, 143771 MiB
2026/08/07 19:39:50.818, NVIDIA H200, 51, 100 %, 45 %, 125247 MiB, 143771 MiB
2026/08/07 19:39:53.819, NVIDIA H200, 53, 100 %, 51 %, 125247 MiB, 143771 MiB
2026/08/07 19:39:56.819, NVIDIA H200, 50, 100 %, 40 %, 125247 MiB, 143771 MiB
2026/08/07 19:39:59.819, NVIDIA H200, 34, 0 %, 0 %, 125247 MiB, 143771 MiB
2026/08/07 19:40:02.820, NVIDIA H200, 47, 100 %, 50 %, 125247 MiB, 143771 MiB
2026/08/07 19:40:05.820, NVIDIA H200, 33, 0 %, 0 %, 125247 MiB, 143771 MiB
2026/08/07 19:40:08.820, NVIDIA H200, 49, 100 %, 45 %, 125247 MiB, 143771 MiB
2026/08/07 19:40:11.821, NVIDIA H200, 50, 100 %, 48 %, 125247 MiB, 143771 MiB
2026/08/07 19:40:14.821, NVIDIA H200, 54, 100 %, 58 %, 125247 MiB, 143771 MiB
2026/08/07 19:40:17.822, NVIDIA H200, 51, 100 %, 39 %, 125247 MiB, 143771 MiB
2026/08/07 19:40:20.822, NVIDIA H200, 51, 98 %, 50 %, 125247 MiB, 143771 MiB
2026/08/07 19:40:23.823, NVIDIA H200, 49, 100 %, 50 %, 125247 MiB, 143771 MiB
2026/08/07 19:40:26.823, NVIDIA H200, 51, 100 %, 48 %, 125247 MiB, 143771 MiB
2026/08/07 19:40:29.823, NVIDIA H200, 52, 100 %, 51 %, 125247 MiB, 143771 MiB
2026/08/07 19:40:32.824, NVIDIA H200, 50, 100 %, 40 %, 125247 MiB, 143771 MiB
2026/08/07 19:40:35.824, NVIDIA H200, 52, 100 %, 43 %, 125247 MiB, 143771 MiB
2026/08/07 19:40:38.824, NVIDIA H200, 53, 100 %, 49 %, 125247 MiB, 143771 MiB
2026/08/07 19:40:41.825, NVIDIA H200, 51, 100 %, 42 %, 125247 MiB, 143771 MiB
2026/08/07 19:40:44.825, NVIDIA H200, 50, 99 %, 57 %, 125247 MiB, 143771 MiB
2026/08/07 19:40:47.826, NVIDIA H200, 49, 99 %, 40 %, 125247 MiB, 143771 MiB
2026/08/07 19:40:50.826, NVIDIA H200, 51, 100 %, 50 %, 125247 MiB, 143771 MiB
2026/08/07 19:40:53.826, NVIDIA H200, 51, 99 %, 44 %, 125247 MiB, 143771 MiB
2026/08/07 19:40:56.827, NVIDIA H200, 51, 100 %, 45 %, 125247 MiB, 143771 MiB
2026/08/07 19:40:59.827, NVIDIA H200, 51, 100 %, 44 %, 125247 MiB, 143771 MiB
2026/08/07 19:41:02.828, NVIDIA H200, 53, 100 %, 40 %, 125247 MiB, 143771 MiB
2026/08/07 19:41:05.828, NVIDIA H200, 50, 100 %, 37 %, 125247 MiB, 143771 MiB
2026/08/07 19:41:08.828, NVIDIA H200, 50, 100 %, 50 %, 125247 MiB, 143771 MiB
2026/08/07 19:41:11.829, NVIDIA H200, 49, 100 %, 50 %, 125247 MiB, 143771 MiB
2026/08/07 19:41:14.829, NVIDIA H200, 51, 100 %, 51 %, 125247 MiB, 143771 MiB
2026/08/07 19:41:17.829, NVIDIA H200, 51, 99 %, 42 %, 125247 MiB, 143771 MiB
2026/08/07 19:41:20.830, NVIDIA H200, 50, 100 %, 50 %, 125247 MiB, 143771 MiB
2026/08/07 19:41:23.830, NVIDIA H200, 51, 100 %, 42 %, 125247 MiB, 143771 MiB
2026/08/07 19:41:26.831, NVIDIA H200, 38, 0 %, 0 %, 125247 MiB, 143771 MiB
2026/08/07 19:41:29.831, NVIDIA H200, 37, 0 %, 0 %, 125247 MiB, 143771 MiB
2026/08/07 19:41:32.831, NVIDIA H200, 35, 0 %, 0 %, 125247 MiB, 143771 MiB
2026/08/07 19:41:35.832, NVIDIA H200, 52, 100 %, 43 %, 125247 MiB, 143771 MiB
2026/08/07 19:41:38.832, NVIDIA H200, 50, 100 %, 44 %, 125247 MiB, 143771 MiB
2026/08/07 19:41:41.833, NVIDIA H200, 49, 99 %, 54 %, 125247 MiB, 143771 MiB
2026/08/07 19:41:44.833, NVIDIA H200, 51, 100 %, 55 %, 125247 MiB, 143771 MiB
2026/08/07 19:41:47.833, NVIDIA H200, 52, 98 %, 43 %, 125247 MiB, 143771 MiB
2026/08/07 19:41:50.834, NVIDIA H200, 50, 100 %, 49 %, 125247 MiB, 143771 MiB
2026/08/07 19:41:53.834, NVIDIA H200, 52, 100 %, 42 %, 125247 MiB, 143771 MiB
2026/08/07 19:41:56.835, NVIDIA H200, 52, 100 %, 44 %, 125247 MiB, 143771 MiB
2026/08/07 19:41:59.835, NVIDIA H200, 51, 100 %, 40 %, 125247 MiB, 143771 MiB
2026/08/07 19:42:02.835, NVIDIA H200, 50, 100 %, 39 %, 125247 MiB, 143771 MiB
2026/08/07 19:42:05.836, NVIDIA H200, 48, 99 %, 42 %, 125247 MiB, 143771 MiB
2026/08/07 19:42:08.836, NVIDIA H200, 51, 100 %, 50 %, 125247 MiB, 143771 MiB
2026/08/07 19:42:11.836, NVIDIA H200, 51, 98 %, 42 %, 125247 MiB, 143771 MiB
2026/08/07 19:42:14.837, NVIDIA H200, 51, 100 %, 44 %, 125247 MiB, 143771 MiB
2026/08/07 19:42:17.837, NVIDIA H200, 51, 100 %, 41 %, 125247 MiB, 143771 MiB
2026/08/07 19:42:20.837, NVIDIA H200, 53, 100 %, 37 %, 125247 MiB, 143771 MiB
2026/08/07 19:42:23.838, NVIDIA H200, 50, 100 %, 26 %, 125247 MiB, 143771 MiB
2026/08/07 19:42:26.838, NVIDIA H200, 51, 99 %, 43 %, 125247 MiB, 143771 MiB
2026/08/07 19:42:29.839, NVIDIA H200, 50, 100 %, 54 %, 125247 MiB, 143771 MiB
2026/08/07 19:42:32.839, NVIDIA H200, 52, 100 %, 56 %, 125247 MiB, 143771 MiB
2026/08/07 19:42:35.840, NVIDIA H200, 52, 99 %, 37 %, 125247 MiB, 143771 MiB
2026/08/07 19:42:38.840, NVIDIA H200, 47, 100 %, 49 %, 125247 MiB, 143771 MiB
2026/08/07 19:42:41.840, NVIDIA H200, 50, 100 %, 41 %, 125247 MiB, 143771 MiB
2026/08/07 19:42:44.841, NVIDIA H200, 54, 100 %, 43 %, 125247 MiB, 143771 MiB
2026/08/07 19:42:47.841, NVIDIA H200, 52, 100 %, 25 %, 125247 MiB, 143771 MiB
2026/08/07 19:42:50.841, NVIDIA H200, 52, 99 %, 41 %, 125247 MiB, 143771 MiB
2026/08/07 19:42:53.842, NVIDIA H200, 42, 98 %, 42 %, 125247 MiB, 143771 MiB
2026/08/07 19:42:56.842, NVIDIA H200, 41, 0 %, 0 %, 125247 MiB, 143771 MiB
2026/08/07 19:42:59.843, NVIDIA H200, 37, 0 %, 0 %, 125247 MiB, 143771 MiB
2026/08/07 19:43:02.843, NVIDIA H200, 45, 100 %, 54 %, 125247 MiB, 143771 MiB
2026/08/07 19:43:05.844, NVIDIA H200, 51, 98 %, 48 %, 125247 MiB, 143771 MiB
2026/08/07 19:43:08.844, NVIDIA H200, 51, 100 %, 44 %, 125247 MiB, 143771 MiB
2026/08/07 19:43:11.844, NVIDIA H200, 50, 100 %, 44 %, 125247 MiB, 143771 MiB
2026/08/07 19:43:14.845, NVIDIA H200, 53, 100 %, 40 %, 125247 MiB, 143771 MiB
2026/08/07 19:43:17.845, NVIDIA H200, 51, 100 %, 33 %, 125247 MiB, 143771 MiB
2026/08/07 19:43:20.846, NVIDIA H200, 50, 100 %, 47 %, 125247 MiB, 143771 MiB
2026/08/07 19:43:23.846, NVIDIA H200, 50, 99 %, 47 %, 125247 MiB, 143771 MiB
2026/08/07 19:43:26.846, NVIDIA H200, 49, 100 %, 50 %, 125247 MiB, 143771 MiB
2026/08/07 19:43:29.847, NVIDIA H200, 52, 98 %, 42 %, 125247 MiB, 143771 MiB
2026/08/07 19:43:32.847, NVIDIA H200, 49, 100 %, 54 %, 125247 MiB, 143771 MiB
2026/08/07 19:43:35.848, NVIDIA H200, 50, 100 %, 43 %, 125247 MiB, 143771 MiB
2026/08/07 19:43:38.848, NVIDIA H200, 54, 100 %, 37 %, 125247 MiB, 143771 MiB
2026/08/07 19:43:41.848, NVIDIA H200, 51, 100 %, 26 %, 125247 MiB, 143771 MiB
2026/08/07 19:43:44.849, NVIDIA H200, 51, 99 %, 41 %, 125247 MiB, 143771 MiB
2026/08/07 19:43:47.849, NVIDIA H200, 50, 100 %, 54 %, 125247 MiB, 143771 MiB
2026/08/07 19:43:50.849, NVIDIA H200, 52, 100 %, 56 %, 125247 MiB, 143771 MiB
2026/08/07 19:43:53.850, NVIDIA H200, 53, 98 %, 37 %, 125247 MiB, 143771 MiB
2026/08/07 19:43:56.850, NVIDIA H200, 48, 100 %, 55 %, 125247 MiB, 143771 MiB
2026/08/07 19:43:59.851, NVIDIA H200, 50, 100 %, 41 %, 125247 MiB, 143771 MiB
2026/08/07 19:44:02.851, NVIDIA H200, 54, 100 %, 49 %, 125247 MiB, 143771 MiB
2026/08/07 19:44:05.851, NVIDIA H200, 52, 100 %, 31 %, 125247 MiB, 143771 MiB
2026/08/07 19:44:08.852, NVIDIA H200, 52, 99 %, 41 %, 125247 MiB, 143771 MiB
2026/08/07 19:44:11.852, NVIDIA H200, 51, 100 %, 49 %, 125247 MiB, 143771 MiB
2026/08/07 19:44:14.853, NVIDIA H200, 53, 100 %, 51 %, 125247 MiB, 143771 MiB
2026/08/07 19:44:17.853, NVIDIA H200, 54, 100 %, 38 %, 125247 MiB, 143771 MiB
2026/08/07 19:44:20.853, NVIDIA H200, 50, 100 %, 41 %, 125247 MiB, 143771 MiB
2026/08/07 19:44:23.854, NVIDIA H200, 47, 99 %, 41 %, 125247 MiB, 143771 MiB
2026/08/07 19:44:26.854, NVIDIA H200, 37, 0 %, 0 %, 125247 MiB, 143771 MiB
2026/08/07 19:44:29.855, NVIDIA H200, 33, 0 %, 0 %, 125247 MiB, 143771 MiB
2026/08/07 19:44:32.855, NVIDIA H200, 33, 0 %, 0 %, 125247 MiB, 143771 MiB
2026/08/07 19:44:35.855, NVIDIA H200, 47, 100 %, 51 %, 125247 MiB, 143771 MiB
2026/08/07 19:44:38.856, NVIDIA H200, 49, 99 %, 49 %, 125247 MiB, 143771 MiB
2026/08/07 19:44:41.856, NVIDIA H200, 49, 100 %, 50 %, 125247 MiB, 143771 MiB
2026/08/07 19:44:44.857, NVIDIA H200, 52, 99 %, 44 %, 125247 MiB, 143771 MiB
2026/08/07 19:44:47.857, NVIDIA H200, 49, 100 %, 54 %, 125247 MiB, 143771 MiB
2026/08/07 19:44:50.858, NVIDIA H200, 50, 100 %, 43 %, 125247 MiB, 143771 MiB
2026/08/07 19:44:53.858, NVIDIA H200, 54, 100 %, 38 %, 125247 MiB, 143771 MiB
2026/08/07 19:44:56.858, NVIDIA H200, 51, 100 %, 27 %, 125247 MiB, 143771 MiB
2026/08/07 19:44:59.859, NVIDIA H200, 51, 99 %, 41 %, 125247 MiB, 143771 MiB
2026/08/07 19:45:02.859, NVIDIA H200, 49, 100 %, 54 %, 125247 MiB, 143771 MiB
2026/08/07 19:45:05.859, NVIDIA H200, 52, 100 %, 54 %, 125247 MiB, 143771 MiB
2026/08/07 19:45:08.860, NVIDIA H200, 51, 99 %, 38 %, 125247 MiB, 143771 MiB
2026/08/07 19:45:11.860, NVIDIA H200, 50, 100 %, 50 %, 125247 MiB, 143771 MiB
2026/08/07 19:45:14.861, NVIDIA H200, 53, 100 %, 42 %, 125247 MiB, 143771 MiB
2026/08/07 19:45:17.861, NVIDIA H200, 50, 100 %, 45 %, 125247 MiB, 143771 MiB
2026/08/07 19:45:20.861, NVIDIA H200, 50, 100 %, 56 %, 125247 MiB, 143771 MiB
2026/08/07 19:45:23.862, NVIDIA H200, 49, 100 %, 40 %, 125247 MiB, 143771 MiB
2026/08/07 19:45:26.862, NVIDIA H200, 50, 100 %, 50 %, 125247 MiB, 143771 MiB
2026/08/07 19:45:29.862, NVIDIA H200, 53, 100 %, 52 %, 125247 MiB, 143771 MiB
2026/08/07 19:45:32.863, NVIDIA H200, 48, 98 %, 44 %, 125247 MiB, 143771 MiB
2026/08/07 19:45:35.863, NVIDIA H200, 50, 100 %, 40 %, 125247 MiB, 143771 MiB
2026/08/07 19:45:38.864, NVIDIA H200, 54, 100 %, 46 %, 125247 MiB, 143771 MiB
2026/08/07 19:45:41.864, NVIDIA H200, 52, 100 %, 38 %, 125247 MiB, 143771 MiB
2026/08/07 19:45:44.864, NVIDIA H200, 52, 100 %, 51 %, 125247 MiB, 143771 MiB
2026/08/07 19:45:47.865, NVIDIA H200, 51, 100 %, 45 %, 125247 MiB, 143771 MiB
2026/08/07 19:45:50.865, NVIDIA H200, 52, 98 %, 57 %, 125247 MiB, 143771 MiB
2026/08/07 19:45:53.865, NVIDIA H200, 50, 100 %, 41 %, 125247 MiB, 143771 MiB
2026/08/07 19:45:56.866, NVIDIA H200, 35, 0 %, 0 %, 125247 MiB, 143771 MiB
2026/08/07 19:45:59.866, NVIDIA H200, 38, 0 %, 0 %, 125247 MiB, 143771 MiB
2026/08/07 19:46:02.867, NVIDIA H200, 46, 100 %, 54 %, 125247 MiB, 143771 MiB
2026/08/07 19:46:05.867, NVIDIA H200, 48, 99 %, 43 %, 125247 MiB, 143771 MiB
2026/08/07 19:46:08.868, NVIDIA H200, 51, 100 %, 49 %, 125247 MiB, 143771 MiB
2026/08/07 19:46:11.868, NVIDIA H200, 51, 100 %, 53 %, 125247 MiB, 143771 MiB
2026/08/07 19:46:14.868, NVIDIA H200, 50, 100 %, 43 %, 125247 MiB, 143771 MiB
2026/08/07 19:46:17.869, NVIDIA H200, 52, 100 %, 45 %, 125247 MiB, 143771 MiB
2026/08/07 19:46:20.869, NVIDIA H200, 52, 100 %, 47 %, 125247 MiB, 143771 MiB
2026/08/07 19:46:23.870, NVIDIA H200, 50, 100 %, 59 %, 125247 MiB, 143771 MiB
2026/08/07 19:46:26.870, NVIDIA H200, 50, 100 %, 40 %, 125247 MiB, 143771 MiB
2026/08/07 19:46:29.870, NVIDIA H200, 49, 99 %, 48 %, 125247 MiB, 143771 MiB
2026/08/07 19:46:32.871, NVIDIA H200, 52, 100 %, 50 %, 125247 MiB, 143771 MiB
2026/08/07 19:46:35.871, NVIDIA H200, 49, 100 %, 48 %, 125247 MiB, 143771 MiB
2026/08/07 19:46:38.872, NVIDIA H200, 50, 100 %, 52 %, 125247 MiB, 143771 MiB
2026/08/07 19:46:41.872, NVIDIA H200, 53, 100 %, 43 %, 125247 MiB, 143771 MiB
2026/08/07 19:46:44.872, NVIDIA H200, 50, 100 %, 46 %, 125247 MiB, 143771 MiB
2026/08/07 19:46:47.873, NVIDIA H200, 51, 100 %, 48 %, 125247 MiB, 143771 MiB
2026/08/07 19:46:50.873, NVIDIA H200, 50, 100 %, 42 %, 125247 MiB, 143771 MiB
2026/08/07 19:46:53.874, NVIDIA H200, 51, 99 %, 56 %, 125247 MiB, 143771 MiB
2026/08/07 19:46:56.874, NVIDIA H200, 51, 100 %, 57 %, 125247 MiB, 143771 MiB
2026/08/07 19:46:59.874, NVIDIA H200, 53, 98 %, 38 %, 125247 MiB, 143771 MiB
2026/08/07 19:47:02.875, NVIDIA H200, 50, 100 %, 43 %, 125247 MiB, 143771 MiB
2026/08/07 19:47:05.875, NVIDIA H200, 51, 100 %, 44 %, 125247 MiB, 143771 MiB
2026/08/07 19:47:08.876, NVIDIA H200, 54, 100 %, 39 %, 125247 MiB, 143771 MiB
2026/08/07 19:47:11.876, NVIDIA H200, 50, 100 %, 50 %, 125247 MiB, 143771 MiB
2026/08/07 19:47:14.876, NVIDIA H200, 51, 100 %, 40 %, 125247 MiB, 143771 MiB
2026/08/07 19:47:17.877, NVIDIA H200, 49, 99 %, 49 %, 125247 MiB, 143771 MiB
2026/08/07 19:47:20.877, NVIDIA H200, 51, 100 %, 55 %, 125247 MiB, 143771 MiB
2026/08/07 19:47:23.877, NVIDIA H200, 34, 0 %, 0 %, 125247 MiB, 143771 MiB
2026/08/07 19:47:26.878, NVIDIA H200, 52, 100 %, 43 %, 125247 MiB, 143771 MiB
2026/08/07 19:47:29.878, NVIDIA H200, 34, 0 %, 0 %, 125247 MiB, 143771 MiB
2026/08/07 19:47:32.879, NVIDIA H200, 48, 88 %, 40 %, 125247 MiB, 143771 MiB
2026/08/07 19:47:35.879, NVIDIA H200, 51, 100 %, 48 %, 125247 MiB, 143771 MiB
2026/08/07 19:47:38.880, NVIDIA H200, 52, 100 %, 52 %, 125247 MiB, 143771 MiB
2026/08/07 19:47:41.880, NVIDIA H200, 47, 100 %, 45 %, 125247 MiB, 143771 MiB
2026/08/07 19:47:44.881, NVIDIA H200, 50, 100 %, 48 %, 125247 MiB, 143771 MiB
2026/08/07 19:47:47.881, NVIDIA H200, 54, 100 %, 47 %, 125247 MiB, 143771 MiB
2026/08/07 19:47:50.881, NVIDIA H200, 51, 100 %, 55 %, 125247 MiB, 143771 MiB
2026/08/07 19:47:53.882, NVIDIA H200, 51, 100 %, 40 %, 125247 MiB, 143771 MiB
2026/08/07 19:47:56.882, NVIDIA H200, 49, 99 %, 56 %, 125247 MiB, 143771 MiB
2026/08/07 19:47:59.883, NVIDIA H200, 51, 100 %, 57 %, 125247 MiB, 143771 MiB
2026/08/07 19:48:02.884, NVIDIA H200, 53, 98 %, 39 %, 125247 MiB, 143771 MiB
2026/08/07 19:48:05.884, NVIDIA H200, 50, 100 %, 42 %, 125247 MiB, 143771 MiB
2026/08/07 19:48:08.884, NVIDIA H200, 51, 100 %, 45 %, 125247 MiB, 143771 MiB
2026/08/07 19:48:11.885, NVIDIA H200, 53, 100 %, 42 %, 125247 MiB, 143771 MiB
2026/08/07 19:48:14.885, NVIDIA H200, 51, 100 %, 44 %, 125247 MiB, 143771 MiB
2026/08/07 19:48:17.886, NVIDIA H200, 51, 100 %, 35 %, 125247 MiB, 143771 MiB
2026/08/07 19:48:20.886, NVIDIA H200, 49, 99 %, 42 %, 125247 MiB, 143771 MiB
2026/08/07 19:48:23.887, NVIDIA H200, 51, 100 %, 50 %, 125247 MiB, 143771 MiB
2026/08/07 19:48:26.887, NVIDIA H200, 52, 99 %, 43 %, 125247 MiB, 143771 MiB
2026/08/07 19:48:29.888, NVIDIA H200, 51, 100 %, 48 %, 125247 MiB, 143771 MiB
2026/08/07 19:48:32.888, NVIDIA H200, 51, 100 %, 39 %, 125247 MiB, 143771 MiB
2026/08/07 19:48:35.888, NVIDIA H200, 53, 100 %, 36 %, 125247 MiB, 143771 MiB
2026/08/07 19:48:38.889, NVIDIA H200, 50, 100 %, 32 %, 125247 MiB, 143771 MiB
2026/08/07 19:48:41.889, NVIDIA H200, 50, 100 %, 48 %, 125247 MiB, 143771 MiB
2026/08/07 19:48:44.890, NVIDIA H200, 49, 99 %, 54 %, 125247 MiB, 143771 MiB
2026/08/07 19:48:47.890, NVIDIA H200, 51, 100 %, 51 %, 125247 MiB, 143771 MiB
2026/08/07 19:48:50.890, NVIDIA H200, 36, 0 %, 0 %, 125247 MiB, 143771 MiB
2026/08/07 19:48:53.891, NVIDIA H200, 49, 99 %, 36 %, 125247 MiB, 143771 MiB
2026/08/07 19:48:56.891, NVIDIA H200, 35, 0 %, 0 %, 125247 MiB, 143771 MiB
2026/08/07 19:48:59.892, NVIDIA H200, 47, 51 %, 29 %, 125247 MiB, 143771 MiB
2026/08/07 19:49:02.892, NVIDIA H200, 50, 100 %, 50 %, 125247 MiB, 143771 MiB
2026/08/07 19:49:05.893, NVIDIA H200, 51, 99 %, 44 %, 125247 MiB, 143771 MiB
2026/08/07 19:49:08.893, NVIDIA H200, 52, 100 %, 45 %, 125247 MiB, 143771 MiB
2026/08/07 19:49:11.893, NVIDIA H200, 52, 100 %, 44 %, 125247 MiB, 143771 MiB
2026/08/07 19:49:14.894, NVIDIA H200, 53, 100 %, 40 %, 125247 MiB, 143771 MiB
2026/08/07 19:49:17.894, NVIDIA H200, 50, 100 %, 39 %, 125247 MiB, 143771 MiB
2026/08/07 19:49:20.895, NVIDIA H200, 50, 100 %, 49 %, 125247 MiB, 143771 MiB
2026/08/07 19:49:23.895, NVIDIA H200, 49, 100 %, 50 %, 125247 MiB, 143771 MiB
2026/08/07 19:49:26.895, NVIDIA H200, 51, 100 %, 51 %, 125247 MiB, 143771 MiB
2026/08/07 19:49:29.896, NVIDIA H200, 51, 98 %, 37 %, 125247 MiB, 143771 MiB
2026/08/07 19:49:32.896, NVIDIA H200, 50, 100 %, 58 %, 125247 MiB, 143771 MiB
2026/08/07 19:49:35.897, NVIDIA H200, 53, 100 %, 45 %, 125247 MiB, 143771 MiB
2026/08/07 19:49:38.897, NVIDIA H200, 52, 100 %, 38 %, 125247 MiB, 143771 MiB
2026/08/07 19:49:41.897, NVIDIA H200, 50, 100 %, 27 %, 125247 MiB, 143771 MiB
2026/08/07 19:49:44.898, NVIDIA H200, 50, 99 %, 41 %, 125247 MiB, 143771 MiB
2026/08/07 19:49:47.898, NVIDIA H200, 49, 100 %, 52 %, 125247 MiB, 143771 MiB
2026/08/07 19:49:50.899, NVIDIA H200, 52, 100 %, 50 %, 125247 MiB, 143771 MiB
2026/08/07 19:49:53.899, NVIDIA H200, 49, 100 %, 48 %, 125247 MiB, 143771 MiB
2026/08/07 19:49:56.899, NVIDIA H200, 50, 100 %, 52 %, 125247 MiB, 143771 MiB
2026/08/07 19:49:59.900, NVIDIA H200, 54, 100 %, 43 %, 125247 MiB, 143771 MiB
2026/08/07 19:50:02.900, NVIDIA H200, 51, 100 %, 42 %, 125247 MiB, 143771 MiB
2026/08/07 19:50:05.901, NVIDIA H200, 52, 100 %, 47 %, 125247 MiB, 143771 MiB
2026/08/07 19:50:08.901, NVIDIA H200, 51, 100 %, 44 %, 125247 MiB, 143771 MiB
2026/08/07 19:50:11.901, NVIDIA H200, 52, 99 %, 57 %, 125247 MiB, 143771 MiB
2026/08/07 19:50:14.902, NVIDIA H200, 52, 100 %, 52 %, 125247 MiB, 143771 MiB
2026/08/07 19:50:17.902, NVIDIA H200, 50, 97 %, 43 %, 125247 MiB, 143771 MiB
2026/08/07 19:50:20.902, NVIDIA H200, 34, 0 %, 0 %, 125247 MiB, 143771 MiB
2026/08/07 19:50:23.903, NVIDIA H200, 43, 0 %, 0 %, 125247 MiB, 143771 MiB
2026/08/07 19:50:26.903, NVIDIA H200, 34, 0 %, 0 %, 125247 MiB, 143771 MiB
2026/08/07 19:50:29.904, NVIDIA H200, 50, 100 %, 54 %, 125247 MiB, 143771 MiB
2026/08/07 19:50:32.904, NVIDIA H200, 51, 100 %, 53 %, 125247 MiB, 143771 MiB
2026/08/07 19:50:35.905, NVIDIA H200, 51, 98 %, 39 %, 125247 MiB, 143771 MiB
2026/08/07 19:50:38.905, NVIDIA H200, 52, 100 %, 57 %, 125247 MiB, 143771 MiB
2026/08/07 19:50:41.905, NVIDIA H200, 53, 100 %, 41 %, 125247 MiB, 143771 MiB
2026/08/07 19:50:44.906, NVIDIA H200, 51, 100 %, 41 %, 125247 MiB, 143771 MiB
2026/08/07 19:50:47.906, NVIDIA H200, 50, 100 %, 23 %, 125247 MiB, 143771 MiB
2026/08/07 19:50:50.906, NVIDIA H200, 49, 99 %, 41 %, 125247 MiB, 143771 MiB
2026/08/07 19:50:53.907, NVIDIA H200, 51, 100 %, 51 %, 125247 MiB, 143771 MiB
2026/08/07 19:50:56.907, NVIDIA H200, 51, 100 %, 53 %, 125247 MiB, 143771 MiB
2026/08/07 19:50:59.908, NVIDIA H200, 51, 98 %, 37 %, 125247 MiB, 143771 MiB
2026/08/07 19:51:02.908, NVIDIA H200, 52, 100 %, 42 %, 125247 MiB, 143771 MiB
2026/08/07 19:51:05.909, NVIDIA H200, 51, 100 %, 47 %, 125247 MiB, 143771 MiB
2026/08/07 19:51:08.909, NVIDIA H200, 51, 100 %, 59 %, 125247 MiB, 143771 MiB
2026/08/07 19:51:11.909, NVIDIA H200, 51, 100 %, 38 %, 125247 MiB, 143771 MiB
2026/08/07 19:51:14.910, NVIDIA H200, 51, 99 %, 45 %, 125247 MiB, 143771 MiB
2026/08/07 19:51:17.910, NVIDIA H200, 52, 100 %, 50 %, 125247 MiB, 143771 MiB
2026/08/07 19:51:20.911, NVIDIA H200, 53, 100 %, 52 %, 125247 MiB, 143771 MiB
2026/08/07 19:51:23.911, NVIDIA H200, 48, 100 %, 52 %, 125247 MiB, 143771 MiB
2026/08/07 19:51:26.911, NVIDIA H200, 50, 100 %, 47 %, 125247 MiB, 143771 MiB
2026/08/07 19:51:29.912, NVIDIA H200, 54, 100 %, 46 %, 125247 MiB, 143771 MiB
2026/08/07 19:51:32.912, NVIDIA H200, 51, 100 %, 47 %, 125247 MiB, 143771 MiB
2026/08/07 19:51:35.913, NVIDIA H200, 52, 100 %, 41 %, 125247 MiB, 143771 MiB
2026/08/07 19:51:38.913, NVIDIA H200, 51, 100 %, 56 %, 125247 MiB, 143771 MiB
2026/08/07 19:51:41.913, NVIDIA H200, 52, 99 %, 40 %, 125247 MiB, 143771 MiB
2026/08/07 19:51:44.914, NVIDIA H200, 48, 100 %, 54 %, 125247 MiB, 143771 MiB
2026/08/07 19:51:47.914, NVIDIA H200, 37, 0 %, 0 %, 125247 MiB, 143771 MiB
2026/08/07 19:51:50.915, NVIDIA H200, 48, 100 %, 53 %, 125247 MiB, 143771 MiB
2026/08/07 19:51:53.915, NVIDIA H200, 36, 0 %, 0 %, 125247 MiB, 143771 MiB
2026/08/07 19:51:56.916, NVIDIA H200, 33, 0 %, 0 %, 125247 MiB, 143771 MiB
2026/08/07 19:51:59.916, NVIDIA H200, 33, 0 %, 0 %, 125247 MiB, 143771 MiB
2026/08/07 19:52:02.917, NVIDIA H200, 45, 74 %, 34 %, 125247 MiB, 143771 MiB
2026/08/07 19:52:05.917, NVIDIA H200, 51, 98 %, 48 %, 125247 MiB, 143771 MiB
2026/08/07 19:52:08.918, NVIDIA H200, 51, 100 %, 45 %, 125247 MiB, 143771 MiB
2026/08/07 19:52:11.918, NVIDIA H200, 50, 100 %, 44 %, 125247 MiB, 143771 MiB
2026/08/07 19:52:14.918, NVIDIA H200, 52, 100 %, 40 %, 125247 MiB, 143771 MiB
2026/08/07 19:52:17.919, NVIDIA H200, 51, 100 %, 37 %, 125247 MiB, 143771 MiB
2026/08/07 19:52:20.919, NVIDIA H200, 50, 100 %, 44 %, 125247 MiB, 143771 MiB
2026/08/07 19:52:23.920, NVIDIA H200, 49, 99 %, 48 %, 125247 MiB, 143771 MiB
2026/08/07 19:52:26.920, NVIDIA H200, 49, 100 %, 48 %, 125247 MiB, 143771 MiB
2026/08/07 19:52:29.920, NVIDIA H200, 52, 98 %, 40 %, 125247 MiB, 143771 MiB
2026/08/07 19:52:32.921, NVIDIA H200, 49, 100 %, 55 %, 125247 MiB, 143771 MiB
2026/08/07 19:52:35.921, NVIDIA H200, 50, 100 %, 42 %, 125247 MiB, 143771 MiB
2026/08/07 19:52:38.921, NVIDIA H200, 53, 100 %, 37 %, 125247 MiB, 143771 MiB
2026/08/07 19:52:41.922, NVIDIA H200, 52, 100 %, 23 %, 125247 MiB, 143771 MiB
2026/08/07 19:52:44.922, NVIDIA H200, 52, 99 %, 41 %, 125247 MiB, 143771 MiB
2026/08/07 19:52:47.923, NVIDIA H200, 51, 100 %, 51 %, 125247 MiB, 143771 MiB
2026/08/07 19:52:50.923, NVIDIA H200, 52, 100 %, 50 %, 125247 MiB, 143771 MiB
2026/08/07 19:52:53.923, NVIDIA H200, 54, 98 %, 38 %, 125247 MiB, 143771 MiB
2026/08/07 19:52:56.924, NVIDIA H200, 50, 100 %, 43 %, 125247 MiB, 143771 MiB
2026/08/07 19:52:59.924, NVIDIA H200, 51, 100 %, 51 %, 125247 MiB, 143771 MiB
2026/08/07 19:53:02.925, NVIDIA H200, 54, 100 %, 60 %, 125247 MiB, 143771 MiB
2026/08/07 19:53:05.925, NVIDIA H200, 51, 100 %, 39 %, 125247 MiB, 143771 MiB
2026/08/07 19:53:08.925, NVIDIA H200, 52, 99 %, 44 %, 125247 MiB, 143771 MiB
2026/08/07 19:53:11.926, NVIDIA H200, 49, 100 %, 49 %, 125247 MiB, 143771 MiB
2026/08/07 19:53:14.926, NVIDIA H200, 51, 100 %, 52 %, 125247 MiB, 143771 MiB
2026/08/07 19:53:17.927, NVIDIA H200, 54, 100 %, 43 %, 125247 MiB, 143771 MiB
2026/08/07 19:53:20.927, NVIDIA H200, 51, 100 %, 48 %, 125247 MiB, 143771 MiB
2026/08/07 19:53:23.927, NVIDIA H200, 34, 0 %, 0 %, 125247 MiB, 143771 MiB
2026/08/07 19:53:26.928, NVIDIA H200, 45, 100 %, 40 %, 125247 MiB, 143771 MiB
2026/08/07 19:53:29.928, NVIDIA H200, 34, 0 %, 0 %, 125247 MiB, 143771 MiB
2026/08/07 19:53:32.929, NVIDIA H200, 48, 37 %, 22 %, 125247 MiB, 143771 MiB
2026/08/07 19:53:35.929, NVIDIA H200, 52, 100 %, 50 %, 125247 MiB, 143771 MiB
2026/08/07 19:53:38.930, NVIDIA H200, 53, 100 %, 48 %, 125247 MiB, 143771 MiB
2026/08/07 19:53:41.930, NVIDIA H200, 49, 100 %, 52 %, 125247 MiB, 143771 MiB
2026/08/07 19:53:44.930, NVIDIA H200, 51, 100 %, 43 %, 125247 MiB, 143771 MiB
2026/08/07 19:53:47.931, NVIDIA H200, 54, 100 %, 43 %, 125247 MiB, 143771 MiB
2026/08/07 19:53:50.931, NVIDIA H200, 51, 100 %, 49 %, 125247 MiB, 143771 MiB
2026/08/07 19:53:53.932, NVIDIA H200, 51, 100 %, 44 %, 125247 MiB, 143771 MiB
2026/08/07 19:53:56.932, NVIDIA H200, 49, 99 %, 57 %, 125247 MiB, 143771 MiB
2026/08/07 19:53:59.933, NVIDIA H200, 51, 100 %, 58 %, 125247 MiB, 143771 MiB
2026/08/07 19:54:02.933, NVIDIA H200, 53, 98 %, 39 %, 125247 MiB, 143771 MiB
2026/08/07 19:54:05.933, NVIDIA H200, 50, 100 %, 44 %, 125247 MiB, 143771 MiB
2026/08/07 19:54:08.934, NVIDIA H200, 51, 100 %, 45 %, 125247 MiB, 143771 MiB
2026/08/07 19:54:11.934, NVIDIA H200, 53, 100 %, 43 %, 125247 MiB, 143771 MiB
2026/08/07 19:54:14.934, NVIDIA H200, 51, 100 %, 44 %, 125247 MiB, 143771 MiB
2026/08/07 19:54:17.935, NVIDIA H200, 51, 100 %, 35 %, 125247 MiB, 143771 MiB
2026/08/07 19:54:20.935, NVIDIA H200, 49, 99 %, 40 %, 125247 MiB, 143771 MiB
2026/08/07 19:54:23.936, NVIDIA H200, 51, 100 %, 51 %, 125247 MiB, 143771 MiB
2026/08/07 19:54:26.936, NVIDIA H200, 51, 98 %, 45 %, 125247 MiB, 143771 MiB
2026/08/07 19:54:29.936, NVIDIA H200, 52, 100 %, 43 %, 125247 MiB, 143771 MiB
2026/08/07 19:54:32.937, NVIDIA H200, 52, 100 %, 44 %, 125247 MiB, 143771 MiB
2026/08/07 19:54:35.937, NVIDIA H200, 53, 100 %, 40 %, 125247 MiB, 143771 MiB
2026/08/07 19:54:38.938, NVIDIA H200, 51, 100 %, 38 %, 125247 MiB, 143771 MiB
2026/08/07 19:54:41.938, NVIDIA H200, 50, 100 %, 48 %, 125247 MiB, 143771 MiB
2026/08/07 19:54:44.938, NVIDIA H200, 49, 99 %, 47 %, 125247 MiB, 143771 MiB
2026/08/07 19:54:47.939, NVIDIA H200, 51, 100 %, 50 %, 125247 MiB, 143771 MiB
2026/08/07 19:54:50.939, NVIDIA H200, 36, 0 %, 0 %, 125247 MiB, 143771 MiB
2026/08/07 19:54:53.940, NVIDIA H200, 45, 100 %, 51 %, 125247 MiB, 143771 MiB
2026/08/07 19:54:56.940, NVIDIA H200, 35, 0 %, 0 %, 125247 MiB, 143771 MiB
2026/08/07 19:54:59.941, NVIDIA H200, 42, 71 %, 37 %, 125247 MiB, 143771 MiB
2026/08/07 19:55:02.941, NVIDIA H200, 52, 98 %, 47 %, 125247 MiB, 143771 MiB
2026/08/07 19:55:05.941, NVIDIA H200, 50, 100 %, 47 %, 125247 MiB, 143771 MiB
2026/08/07 19:55:08.942, NVIDIA H200, 52, 100 %, 38 %, 125247 MiB, 143771 MiB
2026/08/07 19:55:11.942, NVIDIA H200, 53, 100 %, 40 %, 125247 MiB, 143771 MiB
2026/08/07 19:55:14.943, NVIDIA H200, 52, 100 %, 36 %, 125247 MiB, 143771 MiB
2026/08/07 19:55:17.943, NVIDIA H200, 50, 100 %, 44 %, 125247 MiB, 143771 MiB
2026/08/07 19:55:20.944, NVIDIA H200, 49, 99 %, 47 %, 125247 MiB, 143771 MiB
2026/08/07 19:55:23.944, NVIDIA H200, 49, 100 %, 49 %, 125247 MiB, 143771 MiB
2026/08/07 19:55:26.944, NVIDIA H200, 52, 99 %, 42 %, 125247 MiB, 143771 MiB
2026/08/07 19:55:29.945, NVIDIA H200, 49, 100 %, 54 %, 125247 MiB, 143771 MiB
2026/08/07 19:55:32.945, NVIDIA H200, 50, 100 %, 44 %, 125247 MiB, 143771 MiB
2026/08/07 19:55:35.946, NVIDIA H200, 54, 100 %, 37 %, 125247 MiB, 143771 MiB
2026/08/07 19:55:38.946, NVIDIA H200, 51, 100 %, 24 %, 125247 MiB, 143771 MiB
2026/08/07 19:55:41.946, NVIDIA H200, 51, 99 %, 45 %, 125247 MiB, 143771 MiB
2026/08/07 19:55:44.947, NVIDIA H200, 51, 100 %, 54 %, 125247 MiB, 143771 MiB
2026/08/07 19:55:47.947, NVIDIA H200, 52, 100 %, 54 %, 125247 MiB, 143771 MiB
2026/08/07 19:55:50.948, NVIDIA H200, 53, 99 %, 41 %, 125247 MiB, 143771 MiB
2026/08/07 19:55:53.948, NVIDIA H200, 49, 100 %, 45 %, 125247 MiB, 143771 MiB
2026/08/07 19:55:56.948, NVIDIA H200, 50, 100 %, 45 %, 125247 MiB, 143771 MiB
2026/08/07 19:55:59.949, NVIDIA H200, 54, 100 %, 53 %, 125247 MiB, 143771 MiB
2026/08/07 19:56:02.949, NVIDIA H200, 51, 100 %, 32 %, 125247 MiB, 143771 MiB
2026/08/07 19:56:05.950, NVIDIA H200, 52, 99 %, 42 %, 125247 MiB, 143771 MiB
2026/08/07 19:56:08.950, NVIDIA H200, 49, 100 %, 49 %, 125247 MiB, 143771 MiB
2026/08/07 19:56:11.950, NVIDIA H200, 52, 100 %, 54 %, 125247 MiB, 143771 MiB
2026/08/07 19:56:14.951, NVIDIA H200, 53, 100 %, 39 %, 125247 MiB, 143771 MiB
2026/08/07 19:56:17.951, NVIDIA H200, 51, 100 %, 43 %, 125247 MiB, 143771 MiB
2026/08/07 19:56:20.951, NVIDIA H200, 40, 91 %, 47 %, 125247 MiB, 143771 MiB
2026/08/07 19:56:23.952, NVIDIA H200, 36, 0 %, 0 %, 125247 MiB, 143771 MiB
2026/08/07 19:56:26.952, NVIDIA H200, 49, 100 %, 39 %, 125247 MiB, 143771 MiB
2026/08/07 19:56:29.952, NVIDIA H200, 50, 100 %, 41 %, 125247 MiB, 143771 MiB
2026/08/07 19:56:32.953, NVIDIA H200, 50, 98 %, 48 %, 125247 MiB, 143771 MiB
2026/08/07 19:56:35.953, NVIDIA H200, 49, 100 %, 56 %, 125247 MiB, 143771 MiB
2026/08/07 19:56:38.954, NVIDIA H200, 51, 99 %, 45 %, 125247 MiB, 143771 MiB
2026/08/07 19:56:41.954, NVIDIA H200, 51, 100 %, 49 %, 125247 MiB, 143771 MiB
2026/08/07 19:56:44.954, NVIDIA H200, 50, 100 %, 39 %, 125247 MiB, 143771 MiB
2026/08/07 19:56:47.955, NVIDIA H200, 52, 100 %, 43 %, 125247 MiB, 143771 MiB
2026/08/07 19:56:50.955, NVIDIA H200, 52, 100 %, 39 %, 125247 MiB, 143771 MiB
2026/08/07 19:56:53.955, NVIDIA H200, 50, 100 %, 42 %, 125247 MiB, 143771 MiB
2026/08/07 19:56:56.956, NVIDIA H200, 50, 99 %, 42 %, 125247 MiB, 143771 MiB
2026/08/07 19:56:59.956, NVIDIA H200, 49, 100 %, 50 %, 125247 MiB, 143771 MiB
2026/08/07 19:57:02.957, NVIDIA H200, 52, 99 %, 43 %, 125247 MiB, 143771 MiB
2026/08/07 19:57:05.957, NVIDIA H200, 51, 100 %, 48 %, 125247 MiB, 143771 MiB
2026/08/07 19:57:08.957, NVIDIA H200, 50, 100 %, 41 %, 125247 MiB, 143771 MiB
2026/08/07 19:57:11.958, NVIDIA H200, 54, 100 %, 36 %, 125247 MiB, 143771 MiB
2026/08/07 19:57:14.958, NVIDIA H200, 51, 100 %, 27 %, 125247 MiB, 143771 MiB
2026/08/07 19:57:17.959, NVIDIA H200, 51, 99 %, 46 %, 125247 MiB, 143771 MiB
2026/08/07 19:57:20.959, NVIDIA H200, 50, 100 %, 54 %, 125247 MiB, 143771 MiB
2026/08/07 19:57:23.959, NVIDIA H200, 52, 100 %, 56 %, 125247 MiB, 143771 MiB
2026/08/07 19:57:26.960, NVIDIA H200, 53, 98 %, 38 %, 125247 MiB, 143771 MiB
2026/08/07 19:57:29.960, NVIDIA H200, 48, 100 %, 55 %, 125247 MiB, 143771 MiB
2026/08/07 19:57:32.961, NVIDIA H200, 53, 100 %, 41 %, 125247 MiB, 143771 MiB
2026/08/07 19:57:35.961, NVIDIA H200, 52, 100 %, 30 %, 125247 MiB, 143771 MiB
2026/08/07 19:57:38.962, NVIDIA H200, 51, 100 %, 23 %, 125247 MiB, 143771 MiB
2026/08/07 19:57:41.962, NVIDIA H200, 50, 99 %, 41 %, 125247 MiB, 143771 MiB
2026/08/07 19:57:44.962, NVIDIA H200, 49, 100 %, 54 %, 125247 MiB, 143771 MiB
2026/08/07 19:57:47.963, NVIDIA H200, 35, 0 %, 0 %, 125247 MiB, 143771 MiB
2026/08/07 19:57:50.963, NVIDIA H200, 53, 100 %, 42 %, 125247 MiB, 143771 MiB
2026/08/07 19:57:53.964, NVIDIA H200, 34, 0 %, 0 %, 125247 MiB, 143771 MiB
2026/08/07 19:57:56.964, NVIDIA H200, 44, 99 %, 42 %, 125247 MiB, 143771 MiB
2026/08/07 19:57:59.965, NVIDIA H200, 52, 100 %, 53 %, 125247 MiB, 143771 MiB
2026/08/07 19:58:02.965, NVIDIA H200, 48, 98 %, 42 %, 125247 MiB, 143771 MiB
2026/08/07 19:58:05.965, NVIDIA H200, 50, 100 %, 41 %, 125247 MiB, 143771 MiB
2026/08/07 19:58:08.966, NVIDIA H200, 54, 100 %, 47 %, 125247 MiB, 143771 MiB
2026/08/07 19:58:11.966, NVIDIA H200, 52, 100 %, 39 %, 125247 MiB, 143771 MiB
2026/08/07 19:58:14.966, NVIDIA H200, 52, 100 %, 47 %, 125247 MiB, 143771 MiB
2026/08/07 19:58:17.967, NVIDIA H200, 50, 100 %, 36 %, 125247 MiB, 143771 MiB
2026/08/07 19:58:20.967, NVIDIA H200, 52, 99 %, 47 %, 125247 MiB, 143771 MiB
2026/08/07 19:58:23.968, NVIDIA H200, 53, 100 %, 52 %, 125247 MiB, 143771 MiB
2026/08/07 19:58:26.968, NVIDIA H200, 50, 98 %, 45 %, 125247 MiB, 143771 MiB
2026/08/07 19:58:29.969, NVIDIA H200, 52, 100 %, 49 %, 125247 MiB, 143771 MiB
2026/08/07 19:58:32.969, NVIDIA H200, 54, 100 %, 43 %, 125247 MiB, 143771 MiB
2026/08/07 19:58:35.969, NVIDIA H200, 51, 100 %, 41 %, 125247 MiB, 143771 MiB
2026/08/07 19:58:38.970, NVIDIA H200, 51, 100 %, 35 %, 125247 MiB, 143771 MiB
2026/08/07 19:58:41.970, NVIDIA H200, 49, 100 %, 45 %, 125247 MiB, 143771 MiB
2026/08/07 19:58:44.971, NVIDIA H200, 51, 99 %, 45 %, 125247 MiB, 143771 MiB
2026/08/07 19:58:47.971, NVIDIA H200, 53, 100 %, 51 %, 125247 MiB, 143771 MiB
2026/08/07 19:58:50.972, NVIDIA H200, 50, 99 %, 42 %, 125247 MiB, 143771 MiB
2026/08/07 19:58:53.972, NVIDIA H200, 53, 100 %, 53 %, 125247 MiB, 143771 MiB
2026/08/07 19:58:56.973, NVIDIA H200, 53, 100 %, 43 %, 125247 MiB, 143771 MiB
2026/08/07 19:58:59.973, NVIDIA H200, 52, 100 %, 38 %, 125247 MiB, 143771 MiB
2026/08/07 19:59:02.973, NVIDIA H200, 51, 100 %, 25 %, 125247 MiB, 143771 MiB
2026/08/07 19:59:05.974, NVIDIA H200, 49, 100 %, 47 %, 125247 MiB, 143771 MiB
2026/08/07 19:59:08.974, NVIDIA H200, 51, 100 %, 54 %, 125247 MiB, 143771 MiB
2026/08/07 19:59:11.975, NVIDIA H200, 52, 100 %, 50 %, 125247 MiB, 143771 MiB
2026/08/07 19:59:14.975, NVIDIA H200, 37, 0 %, 0 %, 125247 MiB, 143771 MiB
2026/08/07 19:59:17.975, NVIDIA H200, 44, 100 %, 37 %, 125247 MiB, 143771 MiB
2026/08/07 19:59:20.976, NVIDIA H200, 36, 0 %, 0 %, 125247 MiB, 143771 MiB
2026/08/07 19:59:23.977, NVIDIA H200, 33, 0 %, 0 %, 125247 MiB, 143771 MiB
2026/08/07 19:59:26.977, NVIDIA H200, 33, 0 %, 0 %, 125247 MiB, 143771 MiB
2026/08/07 19:59:29.977, NVIDIA H200, 48, 100 %, 26 %, 125247 MiB, 143771 MiB
2026/08/07 19:59:32.978, NVIDIA H200, 48, 99 %, 41 %, 125247 MiB, 143771 MiB
2026/08/07 19:59:35.978, NVIDIA H200, 50, 100 %, 51 %, 125247 MiB, 143771 MiB
2026/08/07 19:59:38.979, NVIDIA H200, 51, 100 %, 53 %, 125247 MiB, 143771 MiB
2026/08/07 19:59:41.979, NVIDIA H200, 49, 98 %, 38 %, 125247 MiB, 143771 MiB
2026/08/07 19:59:44.980, NVIDIA H200, 50, 100 %, 42 %, 125247 MiB, 143771 MiB
2026/08/07 19:59:47.980, NVIDIA H200, 51, 100 %, 49 %, 125247 MiB, 143771 MiB
2026/08/07 19:59:50.980, NVIDIA H200, 51, 100 %, 60 %, 125247 MiB, 143771 MiB
2026/08/07 19:59:53.981, NVIDIA H200, 51, 100 %, 40 %, 125247 MiB, 143771 MiB
2026/08/07 19:59:56.981, NVIDIA H200, 51, 99 %, 46 %, 125247 MiB, 143771 MiB
2026/08/07 19:59:59.982, NVIDIA H200, 52, 100 %, 49 %, 125247 MiB, 143771 MiB
2026/08/07 20:00:02.982, NVIDIA H200, 54, 100 %, 48 %, 125247 MiB, 143771 MiB
2026/08/07 20:00:05.982, NVIDIA H200, 49, 100 %, 52 %, 125247 MiB, 143771 MiB
2026/08/07 20:00:08.983, NVIDIA H200, 50, 100 %, 44 %, 125247 MiB, 143771 MiB
2026/08/07 20:00:11.983, NVIDIA H200, 54, 100 %, 45 %, 125247 MiB, 143771 MiB
2026/08/07 20:00:14.984, NVIDIA H200, 51, 100 %, 48 %, 125247 MiB, 143771 MiB
2026/08/07 20:00:17.984, NVIDIA H200, 51, 100 %, 42 %, 125247 MiB, 143771 MiB
2026/08/07 20:00:20.984, NVIDIA H200, 49, 99 %, 50 %, 125247 MiB, 143771 MiB
2026/08/07 20:00:23.985, NVIDIA H200, 50, 100 %, 49 %, 125247 MiB, 143771 MiB
2026/08/07 20:00:26.985, NVIDIA H200, 53, 98 %, 38 %, 125247 MiB, 143771 MiB
2026/08/07 20:00:29.985, NVIDIA H200, 50, 100 %, 43 %, 125247 MiB, 143771 MiB
2026/08/07 20:00:32.986, NVIDIA H200, 51, 100 %, 44 %, 125247 MiB, 143771 MiB
2026/08/07 20:00:35.986, NVIDIA H200, 54, 100 %, 39 %, 125247 MiB, 143771 MiB
2026/08/07 20:00:38.987, NVIDIA H200, 51, 100 %, 50 %, 125247 MiB, 143771 MiB
2026/08/07 20:00:41.987, NVIDIA H200, 51, 100 %, 39 %, 125247 MiB, 143771 MiB
2026/08/07 20:00:44.987, NVIDIA H200, 49, 99 %, 50 %, 125247 MiB, 143771 MiB
2026/08/07 20:00:47.988, NVIDIA H200, 36, 0 %, 0 %, 125247 MiB, 143771 MiB
2026/08/07 20:00:50.988, NVIDIA H200, 48, 100 %, 55 %, 125247 MiB, 143771 MiB
2026/08/07 20:00:53.989, NVIDIA H200, 35, 0 %, 0 %, 125247 MiB, 143771 MiB
2026/08/07 20:00:56.989, NVIDIA H200, 45, 99 %, 45 %, 125247 MiB, 143771 MiB
2026/08/07 20:00:59.990, NVIDIA H200, 51, 100 %, 51 %, 125247 MiB, 143771 MiB
2026/08/07 20:01:02.990, NVIDIA H200, 50, 99 %, 37 %, 125247 MiB, 143771 MiB
2026/08/07 20:01:05.991, NVIDIA H200, 50, 100 %, 46 %, 125247 MiB, 143771 MiB
2026/08/07 20:01:08.991, NVIDIA H200, 52, 100 %, 41 %, 125247 MiB, 143771 MiB
2026/08/07 20:01:11.991, NVIDIA H200, 51, 100 %, 52 %, 125247 MiB, 143771 MiB
2026/08/07 20:01:14.992, NVIDIA H200, 50, 100 %, 32 %, 125247 MiB, 143771 MiB
2026/08/07 20:01:17.992, NVIDIA H200, 50, 98 %, 43 %, 125247 MiB, 143771 MiB
2026/08/07 20:01:20.993, NVIDIA H200, 51, 100 %, 49 %, 125247 MiB, 143771 MiB
2026/08/07 20:01:23.993, NVIDIA H200, 52, 100 %, 52 %, 125247 MiB, 143771 MiB
2026/08/07 20:01:26.994, NVIDIA H200, 47, 100 %, 45 %, 125247 MiB, 143771 MiB
2026/08/07 20:01:29.994, NVIDIA H200, 50, 100 %, 47 %, 125247 MiB, 143771 MiB
2026/08/07 20:01:32.994, NVIDIA H200, 54, 100 %, 46 %, 125247 MiB, 143771 MiB
2026/08/07 20:01:35.995, NVIDIA H200, 51, 100 %, 56 %, 125247 MiB, 143771 MiB
2026/08/07 20:01:38.995, NVIDIA H200, 52, 100 %, 40 %, 125247 MiB, 143771 MiB
2026/08/07 20:01:41.996, NVIDIA H200, 50, 99 %, 54 %, 125247 MiB, 143771 MiB
2026/08/07 20:01:44.996, NVIDIA H200, 52, 100 %, 50 %, 125247 MiB, 143771 MiB
2026/08/07 20:01:47.997, NVIDIA H200, 54, 99 %, 44 %, 125247 MiB, 143771 MiB
2026/08/07 20:01:50.997, NVIDIA H200, 50, 100 %, 44 %, 125247 MiB, 143771 MiB
2026/08/07 20:01:53.997, NVIDIA H200, 51, 100 %, 44 %, 125247 MiB, 143771 MiB
2026/08/07 20:01:56.998, NVIDIA H200, 54, 100 %, 40 %, 125247 MiB, 143771 MiB
2026/08/07 20:01:59.998, NVIDIA H200, 51, 100 %, 50 %, 125247 MiB, 143771 MiB
2026/08/07 20:02:02.998, NVIDIA H200, 51, 100 %, 44 %, 125247 MiB, 143771 MiB
2026/08/07 20:02:05.999, NVIDIA H200, 49, 99 %, 56 %, 125247 MiB, 143771 MiB
2026/08/07 20:02:08.999, NVIDIA H200, 50, 100 %, 58 %, 125247 MiB, 143771 MiB
2026/08/07 20:02:12.000, NVIDIA H200, 53, 99 %, 40 %, 125247 MiB, 143771 MiB
2026/08/07 20:02:15.000, NVIDIA H200, 50, 100 %, 43 %, 125247 MiB, 143771 MiB
2026/08/07 20:02:18.000, NVIDIA H200, 34, 0 %, 0 %, 125247 MiB, 143771 MiB
2026/08/07 20:02:21.001, NVIDIA H200, 49, 100 %, 56 %, 125247 MiB, 143771 MiB
2026/08/07 20:02:24.001, NVIDIA H200, 34, 0 %, 0 %, 125247 MiB, 143771 MiB
2026/08/07 20:02:27.002, NVIDIA H200, 49, 100 %, 22 %, 125247 MiB, 143771 MiB
2026/08/07 20:02:30.002, NVIDIA H200, 49, 99 %, 41 %, 125247 MiB, 143771 MiB
2026/08/07 20:02:33.002, NVIDIA H200, 49, 100 %, 51 %, 125247 MiB, 143771 MiB
2026/08/07 20:02:36.003, NVIDIA H200, 52, 100 %, 50 %, 125247 MiB, 143771 MiB
2026/08/07 20:02:39.003, NVIDIA H200, 49, 98 %, 37 %, 125247 MiB, 143771 MiB
2026/08/07 20:02:42.004, NVIDIA H200, 50, 100 %, 51 %, 125247 MiB, 143771 MiB
2026/08/07 20:02:45.004, NVIDIA H200, 54, 100 %, 44 %, 125247 MiB, 143771 MiB
2026/08/07 20:02:48.005, NVIDIA H200, 51, 100 %, 44 %, 125247 MiB, 143771 MiB
2026/08/07 20:02:51.005, NVIDIA H200, 51, 100 %, 48 %, 125247 MiB, 143771 MiB
2026/08/07 20:02:54.005, NVIDIA H200, 51, 100 %, 44 %, 125247 MiB, 143771 MiB
2026/08/07 20:02:57.006, NVIDIA H200, 52, 98 %, 57 %, 125247 MiB, 143771 MiB
2026/08/07 20:03:00.006, NVIDIA H200, 52, 100 %, 58 %, 125247 MiB, 143771 MiB
2026/08/07 20:03:03.006, NVIDIA H200, 47, 98 %, 41 %, 125247 MiB, 143771 MiB
2026/08/07 20:03:06.007, NVIDIA H200, 50, 100 %, 41 %, 125247 MiB, 143771 MiB
2026/08/07 20:03:09.007, NVIDIA H200, 54, 100 %, 45 %, 125247 MiB, 143771 MiB
2026/08/07 20:03:12.008, NVIDIA H200, 51, 100 %, 38 %, 125247 MiB, 143771 MiB
2026/08/07 20:03:15.008, NVIDIA H200, 52, 100 %, 51 %, 125247 MiB, 143771 MiB
2026/08/07 20:03:18.008, NVIDIA H200, 50, 100 %, 37 %, 125247 MiB, 143771 MiB
2026/08/07 20:03:21.009, NVIDIA H200, 52, 99 %, 48 %, 125247 MiB, 143771 MiB
2026/08/07 20:03:24.009, NVIDIA H200, 53, 100 %, 52 %, 125247 MiB, 143771 MiB
2026/08/07 20:03:27.009, NVIDIA H200, 51, 99 %, 49 %, 125247 MiB, 143771 MiB
2026/08/07 20:03:30.010, NVIDIA H200, 51, 100 %, 48 %, 125247 MiB, 143771 MiB
2026/08/07 20:03:33.010, NVIDIA H200, 54, 100 %, 43 %, 125247 MiB, 143771 MiB
2026/08/07 20:03:36.011, NVIDIA H200, 51, 100 %, 44 %, 125247 MiB, 143771 MiB
2026/08/07 20:03:39.011, NVIDIA H200, 51, 100 %, 44 %, 125247 MiB, 143771 MiB
2026/08/07 20:03:42.011, NVIDIA H200, 49, 100 %, 35 %, 125247 MiB, 143771 MiB
2026/08/07 20:03:45.012, NVIDIA H200, 36, 0 %, 0 %, 125247 MiB, 143771 MiB
2026/08/07 20:03:48.012, NVIDIA H200, 49, 100 %, 54 %, 125247 MiB, 143771 MiB
2026/08/07 20:03:51.013, NVIDIA H200, 35, 0 %, 0 %, 125247 MiB, 143771 MiB
2026/08/07 20:03:54.013, NVIDIA H200, 49, 100 %, 43 %, 125247 MiB, 143771 MiB
2026/08/07 20:03:57.013, NVIDIA H200, 51, 100 %, 47 %, 125247 MiB, 143771 MiB
2026/08/07 20:04:00.014, NVIDIA H200, 50, 100 %, 38 %, 125247 MiB, 143771 MiB
2026/08/07 20:04:03.014, NVIDIA H200, 52, 99 %, 48 %, 125247 MiB, 143771 MiB
2026/08/07 20:04:06.015, NVIDIA H200, 53, 100 %, 52 %, 125247 MiB, 143771 MiB
2026/08/07 20:04:09.015, NVIDIA H200, 51, 98 %, 48 %, 125247 MiB, 143771 MiB
2026/08/07 20:04:12.016, NVIDIA H200, 51, 100 %, 49 %, 125247 MiB, 143771 MiB
2026/08/07 20:04:15.016, NVIDIA H200, 52, 100 %, 43 %, 125247 MiB, 143771 MiB
2026/08/07 20:04:18.016, NVIDIA H200, 52, 100 %, 44 %, 125247 MiB, 143771 MiB
2026/08/07 20:04:21.017, NVIDIA H200, 51, 100 %, 33 %, 125247 MiB, 143771 MiB
2026/08/07 20:04:24.017, NVIDIA H200, 50, 100 %, 48 %, 125247 MiB, 143771 MiB
2026/08/07 20:04:27.017, NVIDIA H200, 48, 99 %, 49 %, 125247 MiB, 143771 MiB
2026/08/07 20:04:30.018, NVIDIA H200, 51, 100 %, 49 %, 125247 MiB, 143771 MiB
2026/08/07 20:04:33.018, NVIDIA H200, 51, 99 %, 42 %, 125247 MiB, 143771 MiB
2026/08/07 20:04:36.019, NVIDIA H200, 50, 100 %, 54 %, 125247 MiB, 143771 MiB
2026/08/07 20:04:39.019, NVIDIA H200, 52, 100 %, 43 %, 125247 MiB, 143771 MiB
2026/08/07 20:04:42.020, NVIDIA H200, 52, 100 %, 37 %, 125247 MiB, 143771 MiB
2026/08/07 20:04:45.020, NVIDIA H200, 50, 100 %, 27 %, 125247 MiB, 143771 MiB
2026/08/07 20:04:48.020, NVIDIA H200, 48, 99 %, 40 %, 125247 MiB, 143771 MiB
2026/08/07 20:04:51.021, NVIDIA H200, 51, 99 %, 39 %, 125247 MiB, 143771 MiB
2026/08/07 20:04:54.021, NVIDIA H200, 51, 100 %, 43 %, 125247 MiB, 143771 MiB
2026/08/07 20:04:57.023, NVIDIA H200, 51, 100 %, 45 %, 125247 MiB, 143771 MiB
2026/08/07 20:05:00.023, NVIDIA H200, 52, 100 %, 38 %, 125247 MiB, 143771 MiB
2026/08/07 20:05:03.024, NVIDIA H200, 53, 100 %, 49 %, 125247 MiB, 143771 MiB
2026/08/07 20:05:06.024, NVIDIA H200, 51, 100 %, 37 %, 125247 MiB, 143771 MiB
2026/08/07 20:05:09.024, NVIDIA H200, 50, 99 %, 50 %, 125247 MiB, 143771 MiB
2026/08/07 20:05:12.025, NVIDIA H200, 44, 100 %, 39 %, 125247 MiB, 143771 MiB
2026/08/07 20:05:15.025, NVIDIA H200, 34, 0 %, 0 %, 125247 MiB, 143771 MiB
2026/08/07 20:05:18.026, NVIDIA H200, 40, 11 %, 1 %, 125247 MiB, 143771 MiB
2026/08/07 20:05:21.026, NVIDIA H200, 48, 100 %, 47 %, 125247 MiB, 143771 MiB
2026/08/07 20:05:24.026, NVIDIA H200, 50, 100 %, 42 %, 125247 MiB, 143771 MiB
2026/08/07 20:05:27.027, NVIDIA H200, 50, 98 %, 52 %, 125247 MiB, 143771 MiB
2026/08/07 20:05:30.027, NVIDIA H200, 48, 100 %, 55 %, 125247 MiB, 143771 MiB
2026/08/07 20:05:33.028, NVIDIA H200, 50, 98 %, 39 %, 125247 MiB, 143771 MiB
2026/08/07 20:05:36.028, NVIDIA H200, 51, 100 %, 46 %, 125247 MiB, 143771 MiB
2026/08/07 20:05:39.028, NVIDIA H200, 50, 100 %, 39 %, 125247 MiB, 143771 MiB
2026/08/07 20:05:42.029, NVIDIA H200, 52, 100 %, 43 %, 125247 MiB, 143771 MiB
2026/08/07 20:05:45.029, NVIDIA H200, 52, 100 %, 36 %, 125247 MiB, 143771 MiB
2026/08/07 20:05:48.030, NVIDIA H200, 50, 100 %, 44 %, 125247 MiB, 143771 MiB
2026/08/07 20:05:51.030, NVIDIA H200, 50, 99 %, 44 %, 125247 MiB, 143771 MiB
2026/08/07 20:05:54.030, NVIDIA H200, 49, 100 %, 50 %, 125247 MiB, 143771 MiB
2026/08/07 20:05:57.031, NVIDIA H200, 52, 99 %, 43 %, 125247 MiB, 143771 MiB
2026/08/07 20:06:00.031, NVIDIA H200, 49, 100 %, 48 %, 125247 MiB, 143771 MiB
2026/08/07 20:06:03.031, NVIDIA H200, 50, 100 %, 41 %, 125247 MiB, 143771 MiB
2026/08/07 20:06:06.032, NVIDIA H200, 53, 100 %, 37 %, 125247 MiB, 143771 MiB
2026/08/07 20:06:09.032, NVIDIA H200, 51, 100 %, 26 %, 125247 MiB, 143771 MiB
2026/08/07 20:06:12.033, NVIDIA H200, 51, 99 %, 41 %, 125247 MiB, 143771 MiB
2026/08/07 20:06:15.033, NVIDIA H200, 51, 100 %, 52 %, 125247 MiB, 143771 MiB
2026/08/07 20:06:18.034, NVIDIA H200, 52, 100 %, 52 %, 125247 MiB, 143771 MiB
2026/08/07 20:06:21.034, NVIDIA H200, 53, 98 %, 37 %, 125247 MiB, 143771 MiB
2026/08/07 20:06:24.034, NVIDIA H200, 48, 100 %, 44 %, 125247 MiB, 143771 MiB
2026/08/07 20:06:27.035, NVIDIA H200, 50, 100 %, 44 %, 125247 MiB, 143771 MiB
2026/08/07 20:06:30.035, NVIDIA H200, 54, 100 %, 46 %, 125247 MiB, 143771 MiB
2026/08/07 20:06:33.036, NVIDIA H200, 51, 100 %, 22 %, 125247 MiB, 143771 MiB
2026/08/07 20:06:36.036, NVIDIA H200, 51, 99 %, 41 %, 125247 MiB, 143771 MiB
2026/08/07 20:06:39.036, NVIDIA H200, 50, 100 %, 50 %, 125247 MiB, 143771 MiB
2026/08/07 20:06:42.037, NVIDIA H200, 34, 0 %, 0 %, 125247 MiB, 143771 MiB
2026/08/07 20:06:45.037, NVIDIA H200, 45, 100 %, 55 %, 125247 MiB, 143771 MiB
2026/08/07 20:06:48.037, NVIDIA H200, 34, 0 %, 0 %, 125247 MiB, 143771 MiB
2026/08/07 20:06:51.038, NVIDIA H200, 33, 0 %, 0 %, 125251 MiB, 143771 MiB
2026/08/07 20:06:54.038, NVIDIA H200, 32, 0 %, 0 %, 125251 MiB, 143771 MiB
2026/08/07 20:06:57.039, NVIDIA H200, 32, 0 %, 0 %, 125251 MiB, 143771 MiB
2026/08/07 20:07:00.039, NVIDIA H200, 32, 0 %, 0 %, 125251 MiB, 143771 MiB
2026/08/07 20:07:03.040, NVIDIA H200, 32, 0 %, 0 %, 0 MiB, 143771 MiB
