timestamp, name, temperature.gpu, utilization.gpu [%], utilization.memory [%], memory.used [MiB], memory.total [MiB]
2026/08/05 16:40:05.558, NVIDIA H100 80GB HBM3, 24, 0 %, 0 %, 0 MiB, 81559 MiB
2026/08/05 16:40:08.560, NVIDIA H100 80GB HBM3, 24, 0 %, 0 %, 0 MiB, 81559 MiB
2026/08/05 16:40:11.560, NVIDIA H100 80GB HBM3, 24, 0 %, 0 %, 0 MiB, 81559 MiB
2026/08/05 16:40:14.560, NVIDIA H100 80GB HBM3, 24, 0 %, 0 %, 0 MiB, 81559 MiB
2026/08/05 16:40:17.561, NVIDIA H100 80GB HBM3, 24, 0 %, 0 %, 0 MiB, 81559 MiB
2026/08/05 16:40:20.561, NVIDIA H100 80GB HBM3, 24, 0 %, 0 %, 0 MiB, 81559 MiB
2026/08/05 16:40:23.561, NVIDIA H100 80GB HBM3, 24, 0 %, 0 %, 0 MiB, 81559 MiB
2026/08/05 16:40:26.562, NVIDIA H100 80GB HBM3, 24, 0 %, 0 %, 0 MiB, 81559 MiB
2026/08/05 16:40:29.562, NVIDIA H100 80GB HBM3, 24, 0 %, 0 %, 0 MiB, 81559 MiB
2026/08/05 16:40:32.562, NVIDIA H100 80GB HBM3, 24, 0 %, 0 %, 0 MiB, 81559 MiB
2026/08/05 16:40:35.563, NVIDIA H100 80GB HBM3, 24, 0 %, 0 %, 0 MiB, 81559 MiB
2026/08/05 16:40:38.563, NVIDIA H100 80GB HBM3, 24, 0 %, 0 %, 0 MiB, 81559 MiB
2026/08/05 16:40:41.563, NVIDIA H100 80GB HBM3, 24, 0 %, 0 %, 0 MiB, 81559 MiB
2026/08/05 16:40:44.564, NVIDIA H100 80GB HBM3, 24, 0 %, 0 %, 0 MiB, 81559 MiB
2026/08/05 16:40:47.564, NVIDIA H100 80GB HBM3, 24, 0 %, 0 %, 0 MiB, 81559 MiB
2026/08/05 16:40:50.564, NVIDIA H100 80GB HBM3, 24, 0 %, 0 %, 0 MiB, 81559 MiB
2026/08/05 16:40:53.565, NVIDIA H100 80GB HBM3, 24, 0 %, 0 %, 0 MiB, 81559 MiB
2026/08/05 16:40:56.565, NVIDIA H100 80GB HBM3, 24, 0 %, 0 %, 0 MiB, 81559 MiB
2026/08/05 16:40:59.565, NVIDIA H100 80GB HBM3, 24, 0 %, 0 %, 0 MiB, 81559 MiB
2026/08/05 16:41:02.566, NVIDIA H100 80GB HBM3, 24, 0 %, 0 %, 0 MiB, 81559 MiB
2026/08/05 16:41:05.566, NVIDIA H100 80GB HBM3, 24, 0 %, 0 %, 0 MiB, 81559 MiB
2026/08/05 16:41:08.566, NVIDIA H100 80GB HBM3, 24, 0 %, 0 %, 0 MiB, 81559 MiB
2026/08/05 16:41:11.567, NVIDIA H100 80GB HBM3, 24, 0 %, 0 %, 5 MiB, 81559 MiB
2026/08/05 16:41:14.567, NVIDIA H100 80GB HBM3, 26, 0 %, 0 %, 531 MiB, 81559 MiB
2026/08/05 16:41:17.567, NVIDIA H100 80GB HBM3, 26, 0 %, 0 %, 531 MiB, 81559 MiB
2026/08/05 16:41:20.568, NVIDIA H100 80GB HBM3, 26, 0 %, 0 %, 531 MiB, 81559 MiB
2026/08/05 16:41:23.568, NVIDIA H100 80GB HBM3, 26, 0 %, 0 %, 531 MiB, 81559 MiB
2026/08/05 16:41:26.568, NVIDIA H100 80GB HBM3, 26, 0 %, 0 %, 531 MiB, 81559 MiB
2026/08/05 16:41:29.569, NVIDIA H100 80GB HBM3, 26, 0 %, 0 %, 531 MiB, 81559 MiB
2026/08/05 16:41:32.569, NVIDIA H100 80GB HBM3, 26, 0 %, 0 %, 531 MiB, 81559 MiB
2026/08/05 16:41:35.570, NVIDIA H100 80GB HBM3, 26, 0 %, 0 %, 531 MiB, 81559 MiB
2026/08/05 16:41:38.570, NVIDIA H100 80GB HBM3, 26, 0 %, 0 %, 531 MiB, 81559 MiB
2026/08/05 16:41:41.571, NVIDIA H100 80GB HBM3, 26, 0 %, 0 %, 531 MiB, 81559 MiB
2026/08/05 16:41:44.571, NVIDIA H100 80GB HBM3, 26, 0 %, 0 %, 531 MiB, 81559 MiB
2026/08/05 16:41:47.571, NVIDIA H100 80GB HBM3, 26, 0 %, 0 %, 531 MiB, 81559 MiB
2026/08/05 16:41:50.572, NVIDIA H100 80GB HBM3, 26, 0 %, 0 %, 531 MiB, 81559 MiB
2026/08/05 16:41:53.572, NVIDIA H100 80GB HBM3, 26, 0 %, 0 %, 531 MiB, 81559 MiB
2026/08/05 16:41:56.572, NVIDIA H100 80GB HBM3, 26, 0 %, 0 %, 531 MiB, 81559 MiB
2026/08/05 16:41:59.573, NVIDIA H100 80GB HBM3, 26, 0 %, 0 %, 531 MiB, 81559 MiB
2026/08/05 16:42:02.573, NVIDIA H100 80GB HBM3, 26, 0 %, 0 %, 531 MiB, 81559 MiB
2026/08/05 16:42:05.574, NVIDIA H100 80GB HBM3, 26, 0 %, 0 %, 531 MiB, 81559 MiB
2026/08/05 16:42:08.574, NVIDIA H100 80GB HBM3, 26, 0 %, 0 %, 531 MiB, 81559 MiB
2026/08/05 16:42:11.574, NVIDIA H100 80GB HBM3, 26, 0 %, 0 %, 531 MiB, 81559 MiB
2026/08/05 16:42:14.575, NVIDIA H100 80GB HBM3, 26, 0 %, 0 %, 531 MiB, 81559 MiB
2026/08/05 16:42:17.575, NVIDIA H100 80GB HBM3, 26, 0 %, 0 %, 531 MiB, 81559 MiB
2026/08/05 16:42:20.575, NVIDIA H100 80GB HBM3, 26, 0 %, 0 %, 531 MiB, 81559 MiB
2026/08/05 16:42:23.576, NVIDIA H100 80GB HBM3, 26, 0 %, 0 %, 531 MiB, 81559 MiB
2026/08/05 16:42:26.576, NVIDIA H100 80GB HBM3, 26, 0 %, 0 %, 531 MiB, 81559 MiB
2026/08/05 16:42:29.577, NVIDIA H100 80GB HBM3, 26, 0 %, 0 %, 531 MiB, 81559 MiB
2026/08/05 16:42:32.577, NVIDIA H100 80GB HBM3, 26, 0 %, 0 %, 531 MiB, 81559 MiB
2026/08/05 16:42:35.578, NVIDIA H100 80GB HBM3, 26, 0 %, 0 %, 531 MiB, 81559 MiB
2026/08/05 16:42:38.578, NVIDIA H100 80GB HBM3, 26, 0 %, 0 %, 531 MiB, 81559 MiB
2026/08/05 16:42:41.578, NVIDIA H100 80GB HBM3, 26, 0 %, 0 %, 531 MiB, 81559 MiB
2026/08/05 16:42:44.579, NVIDIA H100 80GB HBM3, 26, 0 %, 0 %, 531 MiB, 81559 MiB
2026/08/05 16:42:47.579, NVIDIA H100 80GB HBM3, 26, 0 %, 0 %, 531 MiB, 81559 MiB
2026/08/05 16:42:50.580, NVIDIA H100 80GB HBM3, 26, 0 %, 0 %, 531 MiB, 81559 MiB
2026/08/05 16:42:53.580, NVIDIA H100 80GB HBM3, 26, 0 %, 0 %, 531 MiB, 81559 MiB
2026/08/05 16:42:56.580, NVIDIA H100 80GB HBM3, 26, 0 %, 0 %, 531 MiB, 81559 MiB
2026/08/05 16:42:59.581, NVIDIA H100 80GB HBM3, 26, 0 %, 0 %, 531 MiB, 81559 MiB
2026/08/05 16:43:02.581, NVIDIA H100 80GB HBM3, 26, 0 %, 0 %, 531 MiB, 81559 MiB
2026/08/05 16:43:05.581, NVIDIA H100 80GB HBM3, 26, 0 %, 0 %, 531 MiB, 81559 MiB
2026/08/05 16:43:08.582, NVIDIA H100 80GB HBM3, 26, 0 %, 0 %, 531 MiB, 81559 MiB
2026/08/05 16:43:11.582, NVIDIA H100 80GB HBM3, 26, 0 %, 0 %, 531 MiB, 81559 MiB
2026/08/05 16:43:14.583, NVIDIA H100 80GB HBM3, 26, 0 %, 0 %, 531 MiB, 81559 MiB
2026/08/05 16:43:17.583, NVIDIA H100 80GB HBM3, 26, 0 %, 0 %, 531 MiB, 81559 MiB
2026/08/05 16:43:20.584, NVIDIA H100 80GB HBM3, 26, 0 %, 0 %, 531 MiB, 81559 MiB
2026/08/05 16:43:23.584, NVIDIA H100 80GB HBM3, 26, 0 %, 0 %, 531 MiB, 81559 MiB
2026/08/05 16:43:26.584, NVIDIA H100 80GB HBM3, 26, 0 %, 0 %, 531 MiB, 81559 MiB
2026/08/05 16:43:29.585, NVIDIA H100 80GB HBM3, 26, 0 %, 0 %, 531 MiB, 81559 MiB
2026/08/05 16:43:32.585, NVIDIA H100 80GB HBM3, 26, 0 %, 0 %, 531 MiB, 81559 MiB
2026/08/05 16:43:35.586, NVIDIA H100 80GB HBM3, 26, 0 %, 0 %, 531 MiB, 81559 MiB
2026/08/05 16:43:38.586, NVIDIA H100 80GB HBM3, 26, 0 %, 0 %, 531 MiB, 81559 MiB
2026/08/05 16:43:41.586, NVIDIA H100 80GB HBM3, 26, 0 %, 0 %, 531 MiB, 81559 MiB
2026/08/05 16:43:44.587, NVIDIA H100 80GB HBM3, 26, 0 %, 0 %, 531 MiB, 81559 MiB
2026/08/05 16:43:47.587, NVIDIA H100 80GB HBM3, 26, 0 %, 0 %, 531 MiB, 81559 MiB
2026/08/05 16:43:50.587, NVIDIA H100 80GB HBM3, 26, 0 %, 0 %, 531 MiB, 81559 MiB
2026/08/05 16:43:53.588, NVIDIA H100 80GB HBM3, 26, 0 %, 0 %, 531 MiB, 81559 MiB
2026/08/05 16:43:56.588, NVIDIA H100 80GB HBM3, 26, 0 %, 0 %, 531 MiB, 81559 MiB
2026/08/05 16:43:59.589, NVIDIA H100 80GB HBM3, 26, 0 %, 0 %, 531 MiB, 81559 MiB
2026/08/05 16:44:02.589, NVIDIA H100 80GB HBM3, 26, 0 %, 0 %, 531 MiB, 81559 MiB
2026/08/05 16:44:05.589, NVIDIA H100 80GB HBM3, 26, 0 %, 0 %, 531 MiB, 81559 MiB
2026/08/05 16:44:08.590, NVIDIA H100 80GB HBM3, 26, 0 %, 0 %, 531 MiB, 81559 MiB
2026/08/05 16:44:11.590, NVIDIA H100 80GB HBM3, 26, 0 %, 0 %, 531 MiB, 81559 MiB
2026/08/05 16:44:14.591, NVIDIA H100 80GB HBM3, 26, 0 %, 0 %, 531 MiB, 81559 MiB
2026/08/05 16:44:17.591, NVIDIA H100 80GB HBM3, 26, 0 %, 0 %, 531 MiB, 81559 MiB
2026/08/05 16:44:20.591, NVIDIA H100 80GB HBM3, 26, 0 %, 0 %, 531 MiB, 81559 MiB
2026/08/05 16:44:23.592, NVIDIA H100 80GB HBM3, 26, 0 %, 0 %, 531 MiB, 81559 MiB
2026/08/05 16:44:26.592, NVIDIA H100 80GB HBM3, 26, 0 %, 0 %, 531 MiB, 81559 MiB
2026/08/05 16:44:29.592, NVIDIA H100 80GB HBM3, 26, 0 %, 0 %, 531 MiB, 81559 MiB
2026/08/05 16:44:32.593, NVIDIA H100 80GB HBM3, 26, 0 %, 0 %, 531 MiB, 81559 MiB
2026/08/05 16:44:35.593, NVIDIA H100 80GB HBM3, 26, 0 %, 0 %, 531 MiB, 81559 MiB
2026/08/05 16:44:38.594, NVIDIA H100 80GB HBM3, 26, 0 %, 0 %, 531 MiB, 81559 MiB
2026/08/05 16:44:41.594, NVIDIA H100 80GB HBM3, 26, 0 %, 0 %, 531 MiB, 81559 MiB
2026/08/05 16:44:44.595, NVIDIA H100 80GB HBM3, 26, 0 %, 0 %, 531 MiB, 81559 MiB
2026/08/05 16:44:47.595, NVIDIA H100 80GB HBM3, 26, 0 %, 0 %, 531 MiB, 81559 MiB
2026/08/05 16:44:50.596, NVIDIA H100 80GB HBM3, 26, 0 %, 0 %, 531 MiB, 81559 MiB
2026/08/05 16:44:53.596, NVIDIA H100 80GB HBM3, 26, 0 %, 0 %, 531 MiB, 81559 MiB
2026/08/05 16:44:56.597, NVIDIA H100 80GB HBM3, 26, 0 %, 0 %, 531 MiB, 81559 MiB
2026/08/05 16:44:59.597, NVIDIA H100 80GB HBM3, 26, 0 %, 0 %, 531 MiB, 81559 MiB
2026/08/05 16:45:02.597, NVIDIA H100 80GB HBM3, 26, 0 %, 0 %, 531 MiB, 81559 MiB
2026/08/05 16:45:05.598, NVIDIA H100 80GB HBM3, 26, 0 %, 0 %, 531 MiB, 81559 MiB
2026/08/05 16:45:08.598, NVIDIA H100 80GB HBM3, 26, 0 %, 0 %, 531 MiB, 81559 MiB
2026/08/05 16:45:11.599, NVIDIA H100 80GB HBM3, 26, 0 %, 0 %, 531 MiB, 81559 MiB
2026/08/05 16:45:14.599, NVIDIA H100 80GB HBM3, 26, 0 %, 0 %, 531 MiB, 81559 MiB
2026/08/05 16:45:17.600, NVIDIA H100 80GB HBM3, 26, 0 %, 0 %, 531 MiB, 81559 MiB
2026/08/05 16:45:20.600, NVIDIA H100 80GB HBM3, 26, 0 %, 0 %, 531 MiB, 81559 MiB
2026/08/05 16:45:23.600, NVIDIA H100 80GB HBM3, 26, 0 %, 0 %, 531 MiB, 81559 MiB
2026/08/05 16:45:26.601, NVIDIA H100 80GB HBM3, 26, 0 %, 0 %, 531 MiB, 81559 MiB
2026/08/05 16:45:29.601, NVIDIA H100 80GB HBM3, 26, 0 %, 0 %, 531 MiB, 81559 MiB
2026/08/05 16:45:32.602, NVIDIA H100 80GB HBM3, 26, 0 %, 0 %, 531 MiB, 81559 MiB
2026/08/05 16:45:35.602, NVIDIA H100 80GB HBM3, 26, 0 %, 0 %, 531 MiB, 81559 MiB
2026/08/05 16:45:38.602, NVIDIA H100 80GB HBM3, 26, 0 %, 0 %, 531 MiB, 81559 MiB
2026/08/05 16:45:41.603, NVIDIA H100 80GB HBM3, 26, 0 %, 0 %, 531 MiB, 81559 MiB
2026/08/05 16:45:44.603, NVIDIA H100 80GB HBM3, 26, 0 %, 0 %, 531 MiB, 81559 MiB
2026/08/05 16:45:47.603, NVIDIA H100 80GB HBM3, 26, 0 %, 0 %, 531 MiB, 81559 MiB
2026/08/05 16:45:50.604, NVIDIA H100 80GB HBM3, 26, 0 %, 0 %, 531 MiB, 81559 MiB
2026/08/05 16:45:53.604, NVIDIA H100 80GB HBM3, 26, 0 %, 0 %, 531 MiB, 81559 MiB
2026/08/05 16:45:56.605, NVIDIA H100 80GB HBM3, 26, 0 %, 0 %, 531 MiB, 81559 MiB
2026/08/05 16:45:59.605, NVIDIA H100 80GB HBM3, 26, 0 %, 0 %, 531 MiB, 81559 MiB
2026/08/05 16:46:02.606, NVIDIA H100 80GB HBM3, 26, 0 %, 0 %, 531 MiB, 81559 MiB
2026/08/05 16:46:05.606, NVIDIA H100 80GB HBM3, 26, 0 %, 0 %, 531 MiB, 81559 MiB
2026/08/05 16:46:08.606, NVIDIA H100 80GB HBM3, 26, 0 %, 0 %, 531 MiB, 81559 MiB
2026/08/05 16:46:11.607, NVIDIA H100 80GB HBM3, 26, 0 %, 0 %, 531 MiB, 81559 MiB
2026/08/05 16:46:14.607, NVIDIA H100 80GB HBM3, 26, 0 %, 0 %, 531 MiB, 81559 MiB
2026/08/05 16:46:17.608, NVIDIA H100 80GB HBM3, 26, 0 %, 0 %, 531 MiB, 81559 MiB
2026/08/05 16:46:20.608, NVIDIA H100 80GB HBM3, 26, 0 %, 0 %, 531 MiB, 81559 MiB
2026/08/05 16:46:23.609, NVIDIA H100 80GB HBM3, 26, 0 %, 0 %, 531 MiB, 81559 MiB
2026/08/05 16:46:26.609, NVIDIA H100 80GB HBM3, 26, 0 %, 0 %, 531 MiB, 81559 MiB
2026/08/05 16:46:29.609, NVIDIA H100 80GB HBM3, 26, 0 %, 0 %, 531 MiB, 81559 MiB
2026/08/05 16:46:32.610, NVIDIA H100 80GB HBM3, 26, 0 %, 0 %, 531 MiB, 81559 MiB
2026/08/05 16:46:35.610, NVIDIA H100 80GB HBM3, 26, 0 %, 0 %, 531 MiB, 81559 MiB
2026/08/05 16:46:38.611, NVIDIA H100 80GB HBM3, 26, 0 %, 0 %, 531 MiB, 81559 MiB
2026/08/05 16:46:41.611, NVIDIA H100 80GB HBM3, 26, 0 %, 0 %, 531 MiB, 81559 MiB
2026/08/05 16:46:44.612, NVIDIA H100 80GB HBM3, 26, 0 %, 0 %, 531 MiB, 81559 MiB
2026/08/05 16:46:47.612, NVIDIA H100 80GB HBM3, 26, 0 %, 0 %, 531 MiB, 81559 MiB
2026/08/05 16:46:50.612, NVIDIA H100 80GB HBM3, 26, 0 %, 0 %, 531 MiB, 81559 MiB
2026/08/05 16:46:53.613, NVIDIA H100 80GB HBM3, 26, 0 %, 0 %, 531 MiB, 81559 MiB
2026/08/05 16:46:56.613, NVIDIA H100 80GB HBM3, 26, 0 %, 0 %, 531 MiB, 81559 MiB
2026/08/05 16:46:59.613, NVIDIA H100 80GB HBM3, 26, 0 %, 0 %, 531 MiB, 81559 MiB
2026/08/05 16:47:02.614, NVIDIA H100 80GB HBM3, 26, 0 %, 0 %, 531 MiB, 81559 MiB
2026/08/05 16:47:05.614, NVIDIA H100 80GB HBM3, 26, 0 %, 0 %, 531 MiB, 81559 MiB
2026/08/05 16:47:08.615, NVIDIA H100 80GB HBM3, 26, 0 %, 0 %, 531 MiB, 81559 MiB
2026/08/05 16:47:11.615, NVIDIA H100 80GB HBM3, 26, 0 %, 0 %, 531 MiB, 81559 MiB
2026/08/05 16:47:14.616, NVIDIA H100 80GB HBM3, 26, 0 %, 0 %, 531 MiB, 81559 MiB
2026/08/05 16:47:17.616, NVIDIA H100 80GB HBM3, 26, 0 %, 0 %, 531 MiB, 81559 MiB
2026/08/05 16:47:20.616, NVIDIA H100 80GB HBM3, 26, 0 %, 0 %, 531 MiB, 81559 MiB
2026/08/05 16:47:23.617, NVIDIA H100 80GB HBM3, 26, 0 %, 0 %, 531 MiB, 81559 MiB
2026/08/05 16:47:26.617, NVIDIA H100 80GB HBM3, 26, 0 %, 0 %, 531 MiB, 81559 MiB
2026/08/05 16:47:29.618, NVIDIA H100 80GB HBM3, 26, 0 %, 0 %, 531 MiB, 81559 MiB
2026/08/05 16:47:32.618, NVIDIA H100 80GB HBM3, 26, 0 %, 0 %, 531 MiB, 81559 MiB
2026/08/05 16:47:35.619, NVIDIA H100 80GB HBM3, 26, 0 %, 0 %, 531 MiB, 81559 MiB
2026/08/05 16:47:38.619, NVIDIA H100 80GB HBM3, 26, 0 %, 0 %, 531 MiB, 81559 MiB
2026/08/05 16:47:41.619, NVIDIA H100 80GB HBM3, 26, 0 %, 0 %, 531 MiB, 81559 MiB
2026/08/05 16:47:44.620, NVIDIA H100 80GB HBM3, 26, 0 %, 0 %, 531 MiB, 81559 MiB
2026/08/05 16:47:47.620, NVIDIA H100 80GB HBM3, 26, 0 %, 0 %, 531 MiB, 81559 MiB
2026/08/05 16:47:50.621, NVIDIA H100 80GB HBM3, 26, 0 %, 0 %, 531 MiB, 81559 MiB
2026/08/05 16:47:53.621, NVIDIA H100 80GB HBM3, 26, 0 %, 0 %, 531 MiB, 81559 MiB
2026/08/05 16:47:56.621, NVIDIA H100 80GB HBM3, 26, 0 %, 0 %, 531 MiB, 81559 MiB
2026/08/05 16:47:59.622, NVIDIA H100 80GB HBM3, 26, 0 %, 0 %, 531 MiB, 81559 MiB
2026/08/05 16:48:02.622, NVIDIA H100 80GB HBM3, 26, 0 %, 0 %, 531 MiB, 81559 MiB
2026/08/05 16:48:05.623, NVIDIA H100 80GB HBM3, 26, 0 %, 0 %, 531 MiB, 81559 MiB
2026/08/05 16:48:08.623, NVIDIA H100 80GB HBM3, 26, 0 %, 0 %, 531 MiB, 81559 MiB
2026/08/05 16:48:11.624, NVIDIA H100 80GB HBM3, 26, 0 %, 0 %, 531 MiB, 81559 MiB
2026/08/05 16:48:14.624, NVIDIA H100 80GB HBM3, 26, 0 %, 0 %, 531 MiB, 81559 MiB
2026/08/05 16:48:17.624, NVIDIA H100 80GB HBM3, 26, 0 %, 0 %, 531 MiB, 81559 MiB
2026/08/05 16:48:20.625, NVIDIA H100 80GB HBM3, 26, 0 %, 0 %, 531 MiB, 81559 MiB
2026/08/05 16:48:23.625, NVIDIA H100 80GB HBM3, 26, 0 %, 0 %, 531 MiB, 81559 MiB
2026/08/05 16:48:26.626, NVIDIA H100 80GB HBM3, 26, 0 %, 0 %, 531 MiB, 81559 MiB
2026/08/05 16:48:29.626, NVIDIA H100 80GB HBM3, 26, 0 %, 0 %, 531 MiB, 81559 MiB
2026/08/05 16:48:32.626, NVIDIA H100 80GB HBM3, 26, 0 %, 0 %, 531 MiB, 81559 MiB
2026/08/05 16:48:35.627, NVIDIA H100 80GB HBM3, 26, 0 %, 0 %, 531 MiB, 81559 MiB
2026/08/05 16:48:38.627, NVIDIA H100 80GB HBM3, 26, 0 %, 0 %, 531 MiB, 81559 MiB
2026/08/05 16:48:41.627, NVIDIA H100 80GB HBM3, 26, 0 %, 0 %, 531 MiB, 81559 MiB
2026/08/05 16:48:44.628, NVIDIA H100 80GB HBM3, 26, 0 %, 0 %, 531 MiB, 81559 MiB
2026/08/05 16:48:47.628, NVIDIA H100 80GB HBM3, 26, 0 %, 0 %, 531 MiB, 81559 MiB
2026/08/05 16:48:50.629, NVIDIA H100 80GB HBM3, 26, 0 %, 0 %, 531 MiB, 81559 MiB
2026/08/05 16:48:53.629, NVIDIA H100 80GB HBM3, 26, 0 %, 0 %, 531 MiB, 81559 MiB
2026/08/05 16:48:56.629, NVIDIA H100 80GB HBM3, 26, 0 %, 0 %, 531 MiB, 81559 MiB
2026/08/05 16:48:59.630, NVIDIA H100 80GB HBM3, 26, 0 %, 0 %, 531 MiB, 81559 MiB
2026/08/05 16:49:02.630, NVIDIA H100 80GB HBM3, 26, 0 %, 0 %, 531 MiB, 81559 MiB
2026/08/05 16:49:05.631, NVIDIA H100 80GB HBM3, 26, 0 %, 0 %, 531 MiB, 81559 MiB
2026/08/05 16:49:08.631, NVIDIA H100 80GB HBM3, 26, 0 %, 0 %, 531 MiB, 81559 MiB
2026/08/05 16:49:11.631, NVIDIA H100 80GB HBM3, 26, 0 %, 0 %, 531 MiB, 81559 MiB
2026/08/05 16:49:14.632, NVIDIA H100 80GB HBM3, 26, 0 %, 0 %, 531 MiB, 81559 MiB
2026/08/05 16:49:17.632, NVIDIA H100 80GB HBM3, 26, 0 %, 0 %, 531 MiB, 81559 MiB
2026/08/05 16:49:20.633, NVIDIA H100 80GB HBM3, 26, 0 %, 0 %, 531 MiB, 81559 MiB
2026/08/05 16:49:23.633, NVIDIA H100 80GB HBM3, 26, 0 %, 0 %, 531 MiB, 81559 MiB
2026/08/05 16:49:26.633, NVIDIA H100 80GB HBM3, 26, 0 %, 0 %, 531 MiB, 81559 MiB
2026/08/05 16:49:29.634, NVIDIA H100 80GB HBM3, 26, 0 %, 0 %, 531 MiB, 81559 MiB
2026/08/05 16:49:32.634, NVIDIA H100 80GB HBM3, 26, 0 %, 0 %, 531 MiB, 81559 MiB
2026/08/05 16:49:35.634, NVIDIA H100 80GB HBM3, 26, 0 %, 0 %, 531 MiB, 81559 MiB
2026/08/05 16:49:38.635, NVIDIA H100 80GB HBM3, 26, 0 %, 0 %, 531 MiB, 81559 MiB
2026/08/05 16:49:41.635, NVIDIA H100 80GB HBM3, 26, 0 %, 0 %, 531 MiB, 81559 MiB
2026/08/05 16:49:44.636, NVIDIA H100 80GB HBM3, 26, 0 %, 0 %, 531 MiB, 81559 MiB
2026/08/05 16:49:47.636, NVIDIA H100 80GB HBM3, 26, 0 %, 0 %, 531 MiB, 81559 MiB
2026/08/05 16:49:50.636, NVIDIA H100 80GB HBM3, 26, 0 %, 0 %, 531 MiB, 81559 MiB
2026/08/05 16:49:53.637, NVIDIA H100 80GB HBM3, 26, 0 %, 0 %, 531 MiB, 81559 MiB
2026/08/05 16:49:56.637, NVIDIA H100 80GB HBM3, 26, 0 %, 0 %, 531 MiB, 81559 MiB
2026/08/05 16:49:59.637, NVIDIA H100 80GB HBM3, 26, 0 %, 0 %, 531 MiB, 81559 MiB
2026/08/05 16:50:02.638, NVIDIA H100 80GB HBM3, 26, 0 %, 0 %, 531 MiB, 81559 MiB
2026/08/05 16:50:05.638, NVIDIA H100 80GB HBM3, 26, 0 %, 0 %, 531 MiB, 81559 MiB
2026/08/05 16:50:08.639, NVIDIA H100 80GB HBM3, 26, 0 %, 0 %, 531 MiB, 81559 MiB
2026/08/05 16:50:11.639, NVIDIA H100 80GB HBM3, 26, 0 %, 0 %, 531 MiB, 81559 MiB
2026/08/05 16:50:14.639, NVIDIA H100 80GB HBM3, 26, 0 %, 0 %, 531 MiB, 81559 MiB
2026/08/05 16:50:17.640, NVIDIA H100 80GB HBM3, 26, 0 %, 0 %, 531 MiB, 81559 MiB
2026/08/05 16:50:20.640, NVIDIA H100 80GB HBM3, 26, 0 %, 0 %, 531 MiB, 81559 MiB
2026/08/05 16:50:23.641, NVIDIA H100 80GB HBM3, 26, 0 %, 0 %, 531 MiB, 81559 MiB
2026/08/05 16:50:26.641, NVIDIA H100 80GB HBM3, 26, 0 %, 0 %, 531 MiB, 81559 MiB
2026/08/05 16:50:29.642, NVIDIA H100 80GB HBM3, 26, 0 %, 0 %, 531 MiB, 81559 MiB
2026/08/05 16:50:32.642, NVIDIA H100 80GB HBM3, 26, 0 %, 0 %, 531 MiB, 81559 MiB
2026/08/05 16:50:35.642, NVIDIA H100 80GB HBM3, 26, 0 %, 0 %, 531 MiB, 81559 MiB
2026/08/05 16:50:38.643, NVIDIA H100 80GB HBM3, 26, 0 %, 0 %, 531 MiB, 81559 MiB
2026/08/05 16:50:41.643, NVIDIA H100 80GB HBM3, 26, 0 %, 0 %, 531 MiB, 81559 MiB
2026/08/05 16:50:44.644, NVIDIA H100 80GB HBM3, 26, 0 %, 0 %, 531 MiB, 81559 MiB
2026/08/05 16:50:47.644, NVIDIA H100 80GB HBM3, 26, 0 %, 0 %, 531 MiB, 81559 MiB
2026/08/05 16:50:50.644, NVIDIA H100 80GB HBM3, 26, 0 %, 0 %, 531 MiB, 81559 MiB
2026/08/05 16:50:53.645, NVIDIA H100 80GB HBM3, 26, 0 %, 0 %, 531 MiB, 81559 MiB
2026/08/05 16:50:56.645, NVIDIA H100 80GB HBM3, 26, 0 %, 0 %, 531 MiB, 81559 MiB
2026/08/05 16:50:59.646, NVIDIA H100 80GB HBM3, 26, 0 %, 0 %, 531 MiB, 81559 MiB
2026/08/05 16:51:02.646, NVIDIA H100 80GB HBM3, 26, 0 %, 0 %, 531 MiB, 81559 MiB
2026/08/05 16:51:05.646, NVIDIA H100 80GB HBM3, 26, 0 %, 0 %, 531 MiB, 81559 MiB
2026/08/05 16:51:08.647, NVIDIA H100 80GB HBM3, 26, 0 %, 0 %, 531 MiB, 81559 MiB
2026/08/05 16:51:11.647, NVIDIA H100 80GB HBM3, 26, 0 %, 0 %, 531 MiB, 81559 MiB
2026/08/05 16:51:14.647, NVIDIA H100 80GB HBM3, 26, 0 %, 0 %, 531 MiB, 81559 MiB
2026/08/05 16:51:17.648, NVIDIA H100 80GB HBM3, 26, 0 %, 0 %, 531 MiB, 81559 MiB
2026/08/05 16:51:20.648, NVIDIA H100 80GB HBM3, 26, 0 %, 0 %, 531 MiB, 81559 MiB
2026/08/05 16:51:23.649, NVIDIA H100 80GB HBM3, 26, 0 %, 0 %, 531 MiB, 81559 MiB
2026/08/05 16:51:26.649, NVIDIA H100 80GB HBM3, 26, 0 %, 0 %, 531 MiB, 81559 MiB
2026/08/05 16:51:29.649, NVIDIA H100 80GB HBM3, 26, 0 %, 0 %, 531 MiB, 81559 MiB
2026/08/05 16:51:32.650, NVIDIA H100 80GB HBM3, 26, 0 %, 0 %, 531 MiB, 81559 MiB
2026/08/05 16:51:35.650, NVIDIA H100 80GB HBM3, 26, 0 %, 0 %, 531 MiB, 81559 MiB
2026/08/05 16:51:38.651, NVIDIA H100 80GB HBM3, 26, 0 %, 0 %, 531 MiB, 81559 MiB
2026/08/05 16:51:41.651, NVIDIA H100 80GB HBM3, 26, 0 %, 0 %, 531 MiB, 81559 MiB
2026/08/05 16:51:44.651, NVIDIA H100 80GB HBM3, 26, 0 %, 0 %, 531 MiB, 81559 MiB
2026/08/05 16:51:47.652, NVIDIA H100 80GB HBM3, 26, 0 %, 0 %, 531 MiB, 81559 MiB
2026/08/05 16:51:50.652, NVIDIA H100 80GB HBM3, 26, 0 %, 0 %, 531 MiB, 81559 MiB
2026/08/05 16:51:53.653, NVIDIA H100 80GB HBM3, 26, 0 %, 0 %, 531 MiB, 81559 MiB
2026/08/05 16:51:56.653, NVIDIA H100 80GB HBM3, 26, 0 %, 0 %, 531 MiB, 81559 MiB
2026/08/05 16:51:59.653, NVIDIA H100 80GB HBM3, 26, 0 %, 0 %, 531 MiB, 81559 MiB
2026/08/05 16:52:02.654, NVIDIA H100 80GB HBM3, 26, 0 %, 0 %, 531 MiB, 81559 MiB
2026/08/05 16:52:05.654, NVIDIA H100 80GB HBM3, 26, 0 %, 0 %, 531 MiB, 81559 MiB
2026/08/05 16:52:08.655, NVIDIA H100 80GB HBM3, 26, 0 %, 0 %, 531 MiB, 81559 MiB
2026/08/05 16:52:11.655, NVIDIA H100 80GB HBM3, 26, 0 %, 0 %, 531 MiB, 81559 MiB
2026/08/05 16:52:14.655, NVIDIA H100 80GB HBM3, 26, 0 %, 0 %, 531 MiB, 81559 MiB
2026/08/05 16:52:17.656, NVIDIA H100 80GB HBM3, 26, 0 %, 0 %, 531 MiB, 81559 MiB
2026/08/05 16:52:20.656, NVIDIA H100 80GB HBM3, 26, 0 %, 0 %, 531 MiB, 81559 MiB
2026/08/05 16:52:23.656, NVIDIA H100 80GB HBM3, 26, 0 %, 0 %, 531 MiB, 81559 MiB
2026/08/05 16:52:26.657, NVIDIA H100 80GB HBM3, 26, 0 %, 0 %, 531 MiB, 81559 MiB
2026/08/05 16:52:29.657, NVIDIA H100 80GB HBM3, 26, 0 %, 0 %, 531 MiB, 81559 MiB
2026/08/05 16:52:32.658, NVIDIA H100 80GB HBM3, 26, 0 %, 0 %, 531 MiB, 81559 MiB
2026/08/05 16:52:35.658, NVIDIA H100 80GB HBM3, 26, 0 %, 0 %, 531 MiB, 81559 MiB
2026/08/05 16:52:38.659, NVIDIA H100 80GB HBM3, 26, 0 %, 0 %, 531 MiB, 81559 MiB
2026/08/05 16:52:41.659, NVIDIA H100 80GB HBM3, 26, 0 %, 0 %, 531 MiB, 81559 MiB
2026/08/05 16:52:44.659, NVIDIA H100 80GB HBM3, 26, 0 %, 0 %, 531 MiB, 81559 MiB
2026/08/05 16:52:47.660, NVIDIA H100 80GB HBM3, 26, 0 %, 0 %, 531 MiB, 81559 MiB
2026/08/05 16:52:50.660, NVIDIA H100 80GB HBM3, 26, 0 %, 0 %, 531 MiB, 81559 MiB
2026/08/05 16:52:53.661, NVIDIA H100 80GB HBM3, 26, 0 %, 0 %, 531 MiB, 81559 MiB
2026/08/05 16:52:56.661, NVIDIA H100 80GB HBM3, 26, 0 %, 0 %, 531 MiB, 81559 MiB
2026/08/05 16:52:59.661, NVIDIA H100 80GB HBM3, 26, 0 %, 0 %, 531 MiB, 81559 MiB
2026/08/05 16:53:02.662, NVIDIA H100 80GB HBM3, 26, 0 %, 0 %, 531 MiB, 81559 MiB
2026/08/05 16:53:05.662, NVIDIA H100 80GB HBM3, 26, 0 %, 0 %, 531 MiB, 81559 MiB
2026/08/05 16:53:08.663, NVIDIA H100 80GB HBM3, 26, 0 %, 0 %, 531 MiB, 81559 MiB
2026/08/05 16:53:11.663, NVIDIA H100 80GB HBM3, 26, 0 %, 0 %, 531 MiB, 81559 MiB
2026/08/05 16:53:14.663, NVIDIA H100 80GB HBM3, 26, 0 %, 0 %, 531 MiB, 81559 MiB
2026/08/05 16:53:17.664, NVIDIA H100 80GB HBM3, 26, 0 %, 0 %, 531 MiB, 81559 MiB
2026/08/05 16:53:20.664, NVIDIA H100 80GB HBM3, 26, 0 %, 0 %, 531 MiB, 81559 MiB
2026/08/05 16:53:23.665, NVIDIA H100 80GB HBM3, 26, 0 %, 0 %, 531 MiB, 81559 MiB
2026/08/05 16:53:26.665, NVIDIA H100 80GB HBM3, 26, 0 %, 0 %, 531 MiB, 81559 MiB
2026/08/05 16:53:29.665, NVIDIA H100 80GB HBM3, 26, 0 %, 0 %, 531 MiB, 81559 MiB
2026/08/05 16:53:32.666, NVIDIA H100 80GB HBM3, 26, 0 %, 0 %, 531 MiB, 81559 MiB
2026/08/05 16:53:35.666, NVIDIA H100 80GB HBM3, 26, 0 %, 0 %, 531 MiB, 81559 MiB
2026/08/05 16:53:38.667, NVIDIA H100 80GB HBM3, 26, 0 %, 0 %, 531 MiB, 81559 MiB
2026/08/05 16:53:41.667, NVIDIA H100 80GB HBM3, 26, 0 %, 0 %, 531 MiB, 81559 MiB
2026/08/05 16:53:44.667, NVIDIA H100 80GB HBM3, 26, 0 %, 0 %, 531 MiB, 81559 MiB
2026/08/05 16:53:47.668, NVIDIA H100 80GB HBM3, 26, 0 %, 0 %, 531 MiB, 81559 MiB
2026/08/05 16:53:50.668, NVIDIA H100 80GB HBM3, 26, 0 %, 0 %, 531 MiB, 81559 MiB
2026/08/05 16:53:53.669, NVIDIA H100 80GB HBM3, 26, 0 %, 0 %, 531 MiB, 81559 MiB
2026/08/05 16:53:56.669, NVIDIA H100 80GB HBM3, 26, 0 %, 0 %, 531 MiB, 81559 MiB
2026/08/05 16:53:59.670, NVIDIA H100 80GB HBM3, 26, 0 %, 0 %, 531 MiB, 81559 MiB
2026/08/05 16:54:02.670, NVIDIA H100 80GB HBM3, 26, 0 %, 0 %, 531 MiB, 81559 MiB
2026/08/05 16:54:05.670, NVIDIA H100 80GB HBM3, 26, 0 %, 0 %, 531 MiB, 81559 MiB
2026/08/05 16:54:08.671, NVIDIA H100 80GB HBM3, 26, 0 %, 0 %, 531 MiB, 81559 MiB
2026/08/05 16:54:11.671, NVIDIA H100 80GB HBM3, 26, 0 %, 0 %, 531 MiB, 81559 MiB
2026/08/05 16:54:14.672, NVIDIA H100 80GB HBM3, 26, 0 %, 0 %, 531 MiB, 81559 MiB
2026/08/05 16:54:17.672, NVIDIA H100 80GB HBM3, 26, 0 %, 0 %, 531 MiB, 81559 MiB
2026/08/05 16:54:20.672, NVIDIA H100 80GB HBM3, 26, 0 %, 0 %, 531 MiB, 81559 MiB
2026/08/05 16:54:23.673, NVIDIA H100 80GB HBM3, 26, 0 %, 0 %, 531 MiB, 81559 MiB
2026/08/05 16:54:26.673, NVIDIA H100 80GB HBM3, 26, 0 %, 0 %, 531 MiB, 81559 MiB
2026/08/05 16:54:29.674, NVIDIA H100 80GB HBM3, 26, 0 %, 0 %, 531 MiB, 81559 MiB
2026/08/05 16:54:32.674, NVIDIA H100 80GB HBM3, 26, 0 %, 0 %, 531 MiB, 81559 MiB
2026/08/05 16:54:35.675, NVIDIA H100 80GB HBM3, 26, 0 %, 0 %, 531 MiB, 81559 MiB
2026/08/05 16:54:38.675, NVIDIA H100 80GB HBM3, 26, 0 %, 0 %, 531 MiB, 81559 MiB
2026/08/05 16:54:41.675, NVIDIA H100 80GB HBM3, 26, 0 %, 0 %, 531 MiB, 81559 MiB
2026/08/05 16:54:44.676, NVIDIA H100 80GB HBM3, 26, 0 %, 0 %, 531 MiB, 81559 MiB
2026/08/05 16:54:47.676, NVIDIA H100 80GB HBM3, 26, 0 %, 0 %, 531 MiB, 81559 MiB
2026/08/05 16:54:50.676, NVIDIA H100 80GB HBM3, 26, 0 %, 0 %, 531 MiB, 81559 MiB
2026/08/05 16:54:53.677, NVIDIA H100 80GB HBM3, 26, 0 %, 0 %, 531 MiB, 81559 MiB
2026/08/05 16:54:56.677, NVIDIA H100 80GB HBM3, 26, 0 %, 0 %, 531 MiB, 81559 MiB
2026/08/05 16:54:59.678, NVIDIA H100 80GB HBM3, 26, 0 %, 0 %, 531 MiB, 81559 MiB
2026/08/05 16:55:02.678, NVIDIA H100 80GB HBM3, 26, 0 %, 0 %, 531 MiB, 81559 MiB
2026/08/05 16:55:05.679, NVIDIA H100 80GB HBM3, 26, 0 %, 0 %, 531 MiB, 81559 MiB
2026/08/05 16:55:08.679, NVIDIA H100 80GB HBM3, 26, 0 %, 0 %, 531 MiB, 81559 MiB
2026/08/05 16:55:11.679, NVIDIA H100 80GB HBM3, 26, 0 %, 0 %, 531 MiB, 81559 MiB
2026/08/05 16:55:14.680, NVIDIA H100 80GB HBM3, 26, 0 %, 0 %, 531 MiB, 81559 MiB
2026/08/05 16:55:17.680, NVIDIA H100 80GB HBM3, 26, 0 %, 0 %, 531 MiB, 81559 MiB
2026/08/05 16:55:20.681, NVIDIA H100 80GB HBM3, 26, 0 %, 0 %, 531 MiB, 81559 MiB
2026/08/05 16:55:23.681, NVIDIA H100 80GB HBM3, 26, 0 %, 0 %, 531 MiB, 81559 MiB
2026/08/05 16:55:26.681, NVIDIA H100 80GB HBM3, 26, 0 %, 0 %, 531 MiB, 81559 MiB
2026/08/05 16:55:29.682, NVIDIA H100 80GB HBM3, 26, 0 %, 0 %, 531 MiB, 81559 MiB
2026/08/05 16:55:32.682, NVIDIA H100 80GB HBM3, 26, 0 %, 0 %, 531 MiB, 81559 MiB
2026/08/05 16:55:35.683, NVIDIA H100 80GB HBM3, 26, 0 %, 0 %, 531 MiB, 81559 MiB
2026/08/05 16:55:38.683, NVIDIA H100 80GB HBM3, 26, 0 %, 0 %, 531 MiB, 81559 MiB
2026/08/05 16:55:41.683, NVIDIA H100 80GB HBM3, 26, 0 %, 0 %, 531 MiB, 81559 MiB
2026/08/05 16:55:44.684, NVIDIA H100 80GB HBM3, 26, 0 %, 0 %, 531 MiB, 81559 MiB
2026/08/05 16:55:47.684, NVIDIA H100 80GB HBM3, 26, 0 %, 0 %, 531 MiB, 81559 MiB
2026/08/05 16:55:50.685, NVIDIA H100 80GB HBM3, 26, 0 %, 0 %, 531 MiB, 81559 MiB
2026/08/05 16:55:53.685, NVIDIA H100 80GB HBM3, 26, 0 %, 0 %, 531 MiB, 81559 MiB
2026/08/05 16:55:56.685, NVIDIA H100 80GB HBM3, 26, 0 %, 0 %, 531 MiB, 81559 MiB
2026/08/05 16:55:59.686, NVIDIA H100 80GB HBM3, 26, 0 %, 0 %, 531 MiB, 81559 MiB
2026/08/05 16:56:02.686, NVIDIA H100 80GB HBM3, 26, 0 %, 0 %, 531 MiB, 81559 MiB
2026/08/05 16:56:05.687, NVIDIA H100 80GB HBM3, 26, 0 %, 0 %, 531 MiB, 81559 MiB
2026/08/05 16:56:08.687, NVIDIA H100 80GB HBM3, 26, 0 %, 0 %, 531 MiB, 81559 MiB
2026/08/05 16:56:11.687, NVIDIA H100 80GB HBM3, 26, 0 %, 0 %, 531 MiB, 81559 MiB
2026/08/05 16:56:14.688, NVIDIA H100 80GB HBM3, 26, 0 %, 0 %, 531 MiB, 81559 MiB
2026/08/05 16:56:17.688, NVIDIA H100 80GB HBM3, 26, 0 %, 0 %, 531 MiB, 81559 MiB
2026/08/05 16:56:20.689, NVIDIA H100 80GB HBM3, 26, 0 %, 0 %, 531 MiB, 81559 MiB
2026/08/05 16:56:23.689, NVIDIA H100 80GB HBM3, 26, 0 %, 0 %, 531 MiB, 81559 MiB
2026/08/05 16:56:26.690, NVIDIA H100 80GB HBM3, 26, 0 %, 0 %, 531 MiB, 81559 MiB
2026/08/05 16:56:29.690, NVIDIA H100 80GB HBM3, 26, 0 %, 0 %, 531 MiB, 81559 MiB
2026/08/05 16:56:32.690, NVIDIA H100 80GB HBM3, 26, 0 %, 0 %, 531 MiB, 81559 MiB
2026/08/05 16:56:35.691, NVIDIA H100 80GB HBM3, 26, 0 %, 0 %, 531 MiB, 81559 MiB
2026/08/05 16:56:38.691, NVIDIA H100 80GB HBM3, 26, 0 %, 0 %, 531 MiB, 81559 MiB
2026/08/05 16:56:41.692, NVIDIA H100 80GB HBM3, 26, 0 %, 0 %, 531 MiB, 81559 MiB
2026/08/05 16:56:44.692, NVIDIA H100 80GB HBM3, 26, 0 %, 0 %, 531 MiB, 81559 MiB
2026/08/05 16:56:47.692, NVIDIA H100 80GB HBM3, 26, 0 %, 0 %, 531 MiB, 81559 MiB
2026/08/05 16:56:50.693, NVIDIA H100 80GB HBM3, 26, 0 %, 0 %, 531 MiB, 81559 MiB
2026/08/05 16:56:53.693, NVIDIA H100 80GB HBM3, 26, 0 %, 0 %, 531 MiB, 81559 MiB
2026/08/05 16:56:56.694, NVIDIA H100 80GB HBM3, 26, 0 %, 0 %, 531 MiB, 81559 MiB
2026/08/05 16:56:59.694, NVIDIA H100 80GB HBM3, 26, 0 %, 0 %, 531 MiB, 81559 MiB
2026/08/05 16:57:02.695, NVIDIA H100 80GB HBM3, 26, 0 %, 0 %, 531 MiB, 81559 MiB
2026/08/05 16:57:05.695, NVIDIA H100 80GB HBM3, 26, 0 %, 0 %, 531 MiB, 81559 MiB
2026/08/05 16:57:08.695, NVIDIA H100 80GB HBM3, 26, 0 %, 0 %, 531 MiB, 81559 MiB
2026/08/05 16:57:11.696, NVIDIA H100 80GB HBM3, 26, 0 %, 0 %, 531 MiB, 81559 MiB
2026/08/05 16:57:14.696, NVIDIA H100 80GB HBM3, 26, 0 %, 0 %, 531 MiB, 81559 MiB
2026/08/05 16:57:17.697, NVIDIA H100 80GB HBM3, 26, 0 %, 0 %, 531 MiB, 81559 MiB
2026/08/05 16:57:20.697, NVIDIA H100 80GB HBM3, 26, 0 %, 0 %, 531 MiB, 81559 MiB
2026/08/05 16:57:23.697, NVIDIA H100 80GB HBM3, 26, 0 %, 0 %, 531 MiB, 81559 MiB
2026/08/05 16:57:26.698, NVIDIA H100 80GB HBM3, 26, 0 %, 0 %, 531 MiB, 81559 MiB
2026/08/05 16:57:29.698, NVIDIA H100 80GB HBM3, 26, 0 %, 0 %, 531 MiB, 81559 MiB
2026/08/05 16:57:32.699, NVIDIA H100 80GB HBM3, 26, 0 %, 0 %, 531 MiB, 81559 MiB
2026/08/05 16:57:35.699, NVIDIA H100 80GB HBM3, 26, 0 %, 0 %, 531 MiB, 81559 MiB
2026/08/05 16:57:38.699, NVIDIA H100 80GB HBM3, 26, 0 %, 0 %, 531 MiB, 81559 MiB
2026/08/05 16:57:41.700, NVIDIA H100 80GB HBM3, 26, 0 %, 0 %, 531 MiB, 81559 MiB
2026/08/05 16:57:44.700, NVIDIA H100 80GB HBM3, 26, 0 %, 0 %, 531 MiB, 81559 MiB
2026/08/05 16:57:47.701, NVIDIA H100 80GB HBM3, 26, 0 %, 0 %, 531 MiB, 81559 MiB
2026/08/05 16:57:50.701, NVIDIA H100 80GB HBM3, 26, 0 %, 0 %, 531 MiB, 81559 MiB
2026/08/05 16:57:53.701, NVIDIA H100 80GB HBM3, 26, 0 %, 0 %, 531 MiB, 81559 MiB
2026/08/05 16:57:56.702, NVIDIA H100 80GB HBM3, 26, 0 %, 0 %, 531 MiB, 81559 MiB
2026/08/05 16:57:59.702, NVIDIA H100 80GB HBM3, 26, 0 %, 0 %, 531 MiB, 81559 MiB
2026/08/05 16:58:02.703, NVIDIA H100 80GB HBM3, 26, 0 %, 0 %, 531 MiB, 81559 MiB
2026/08/05 16:58:05.703, NVIDIA H100 80GB HBM3, 26, 0 %, 0 %, 531 MiB, 81559 MiB
2026/08/05 16:58:08.703, NVIDIA H100 80GB HBM3, 26, 0 %, 0 %, 531 MiB, 81559 MiB
2026/08/05 16:58:11.704, NVIDIA H100 80GB HBM3, 26, 0 %, 0 %, 531 MiB, 81559 MiB
2026/08/05 16:58:14.704, NVIDIA H100 80GB HBM3, 26, 0 %, 0 %, 531 MiB, 81559 MiB
2026/08/05 16:58:17.705, NVIDIA H100 80GB HBM3, 26, 0 %, 0 %, 531 MiB, 81559 MiB
2026/08/05 16:58:20.705, NVIDIA H100 80GB HBM3, 26, 0 %, 0 %, 531 MiB, 81559 MiB
2026/08/05 16:58:23.706, NVIDIA H100 80GB HBM3, 26, 0 %, 0 %, 531 MiB, 81559 MiB
2026/08/05 16:58:26.706, NVIDIA H100 80GB HBM3, 26, 0 %, 0 %, 531 MiB, 81559 MiB
2026/08/05 16:58:29.706, NVIDIA H100 80GB HBM3, 26, 0 %, 0 %, 531 MiB, 81559 MiB
2026/08/05 16:58:32.707, NVIDIA H100 80GB HBM3, 26, 0 %, 0 %, 531 MiB, 81559 MiB
2026/08/05 16:58:35.707, NVIDIA H100 80GB HBM3, 26, 0 %, 0 %, 531 MiB, 81559 MiB
2026/08/05 16:58:38.708, NVIDIA H100 80GB HBM3, 26, 0 %, 0 %, 531 MiB, 81559 MiB
2026/08/05 16:58:41.708, NVIDIA H100 80GB HBM3, 26, 0 %, 0 %, 531 MiB, 81559 MiB
2026/08/05 16:58:44.708, NVIDIA H100 80GB HBM3, 26, 0 %, 0 %, 531 MiB, 81559 MiB
2026/08/05 16:58:47.709, NVIDIA H100 80GB HBM3, 26, 0 %, 0 %, 531 MiB, 81559 MiB
2026/08/05 16:58:50.709, NVIDIA H100 80GB HBM3, 26, 0 %, 0 %, 531 MiB, 81559 MiB
2026/08/05 16:58:53.710, NVIDIA H100 80GB HBM3, 26, 0 %, 0 %, 531 MiB, 81559 MiB
2026/08/05 16:58:56.710, NVIDIA H100 80GB HBM3, 26, 0 %, 0 %, 531 MiB, 81559 MiB
2026/08/05 16:58:59.711, NVIDIA H100 80GB HBM3, 26, 0 %, 0 %, 531 MiB, 81559 MiB
2026/08/05 16:59:02.711, NVIDIA H100 80GB HBM3, 26, 0 %, 0 %, 531 MiB, 81559 MiB
2026/08/05 16:59:05.711, NVIDIA H100 80GB HBM3, 26, 0 %, 0 %, 531 MiB, 81559 MiB
2026/08/05 16:59:08.712, NVIDIA H100 80GB HBM3, 26, 0 %, 0 %, 531 MiB, 81559 MiB
2026/08/05 16:59:11.712, NVIDIA H100 80GB HBM3, 26, 0 %, 0 %, 531 MiB, 81559 MiB
2026/08/05 16:59:14.713, NVIDIA H100 80GB HBM3, 26, 0 %, 0 %, 531 MiB, 81559 MiB
2026/08/05 16:59:17.713, NVIDIA H100 80GB HBM3, 26, 0 %, 0 %, 531 MiB, 81559 MiB
2026/08/05 16:59:20.714, NVIDIA H100 80GB HBM3, 26, 0 %, 0 %, 531 MiB, 81559 MiB
2026/08/05 16:59:23.714, NVIDIA H100 80GB HBM3, 26, 0 %, 0 %, 531 MiB, 81559 MiB
2026/08/05 16:59:26.714, NVIDIA H100 80GB HBM3, 26, 0 %, 0 %, 531 MiB, 81559 MiB
2026/08/05 16:59:29.715, NVIDIA H100 80GB HBM3, 26, 0 %, 0 %, 531 MiB, 81559 MiB
2026/08/05 16:59:32.715, NVIDIA H100 80GB HBM3, 26, 0 %, 0 %, 531 MiB, 81559 MiB
2026/08/05 16:59:35.716, NVIDIA H100 80GB HBM3, 26, 0 %, 0 %, 531 MiB, 81559 MiB
2026/08/05 16:59:38.716, NVIDIA H100 80GB HBM3, 26, 0 %, 0 %, 531 MiB, 81559 MiB
2026/08/05 16:59:41.717, NVIDIA H100 80GB HBM3, 26, 0 %, 0 %, 531 MiB, 81559 MiB
2026/08/05 16:59:44.717, NVIDIA H100 80GB HBM3, 26, 0 %, 0 %, 531 MiB, 81559 MiB
2026/08/05 16:59:47.717, NVIDIA H100 80GB HBM3, 26, 0 %, 0 %, 531 MiB, 81559 MiB
2026/08/05 16:59:50.718, NVIDIA H100 80GB HBM3, 26, 0 %, 0 %, 531 MiB, 81559 MiB
2026/08/05 16:59:53.718, NVIDIA H100 80GB HBM3, 26, 0 %, 0 %, 531 MiB, 81559 MiB
2026/08/05 16:59:56.719, NVIDIA H100 80GB HBM3, 26, 0 %, 0 %, 531 MiB, 81559 MiB
2026/08/05 16:59:59.719, NVIDIA H100 80GB HBM3, 26, 0 %, 0 %, 531 MiB, 81559 MiB
2026/08/05 17:00:02.719, NVIDIA H100 80GB HBM3, 26, 0 %, 0 %, 531 MiB, 81559 MiB
2026/08/05 17:00:05.720, NVIDIA H100 80GB HBM3, 26, 0 %, 0 %, 531 MiB, 81559 MiB
2026/08/05 17:00:08.720, NVIDIA H100 80GB HBM3, 26, 0 %, 0 %, 531 MiB, 81559 MiB
2026/08/05 17:00:11.721, NVIDIA H100 80GB HBM3, 26, 0 %, 0 %, 531 MiB, 81559 MiB
2026/08/05 17:00:14.721, NVIDIA H100 80GB HBM3, 26, 0 %, 0 %, 531 MiB, 81559 MiB
2026/08/05 17:00:17.722, NVIDIA H100 80GB HBM3, 26, 0 %, 0 %, 531 MiB, 81559 MiB
2026/08/05 17:00:20.722, NVIDIA H100 80GB HBM3, 26, 0 %, 0 %, 531 MiB, 81559 MiB
2026/08/05 17:00:23.722, NVIDIA H100 80GB HBM3, 26, 0 %, 0 %, 531 MiB, 81559 MiB
2026/08/05 17:00:26.723, NVIDIA H100 80GB HBM3, 26, 0 %, 0 %, 531 MiB, 81559 MiB
2026/08/05 17:00:29.723, NVIDIA H100 80GB HBM3, 26, 0 %, 0 %, 531 MiB, 81559 MiB
2026/08/05 17:00:32.724, NVIDIA H100 80GB HBM3, 26, 0 %, 0 %, 531 MiB, 81559 MiB
2026/08/05 17:00:35.724, NVIDIA H100 80GB HBM3, 26, 0 %, 0 %, 531 MiB, 81559 MiB
2026/08/05 17:00:38.725, NVIDIA H100 80GB HBM3, 26, 0 %, 0 %, 531 MiB, 81559 MiB
2026/08/05 17:00:41.725, NVIDIA H100 80GB HBM3, 26, 0 %, 0 %, 531 MiB, 81559 MiB
2026/08/05 17:00:44.725, NVIDIA H100 80GB HBM3, 26, 0 %, 0 %, 531 MiB, 81559 MiB
2026/08/05 17:00:47.726, NVIDIA H100 80GB HBM3, 26, 0 %, 0 %, 531 MiB, 81559 MiB
2026/08/05 17:00:50.726, NVIDIA H100 80GB HBM3, 26, 0 %, 0 %, 531 MiB, 81559 MiB
2026/08/05 17:00:53.727, NVIDIA H100 80GB HBM3, 26, 0 %, 0 %, 531 MiB, 81559 MiB
2026/08/05 17:00:56.727, NVIDIA H100 80GB HBM3, 26, 0 %, 0 %, 531 MiB, 81559 MiB
2026/08/05 17:00:59.727, NVIDIA H100 80GB HBM3, 26, 0 %, 0 %, 531 MiB, 81559 MiB
2026/08/05 17:01:02.728, NVIDIA H100 80GB HBM3, 26, 0 %, 0 %, 531 MiB, 81559 MiB
2026/08/05 17:01:05.728, NVIDIA H100 80GB HBM3, 26, 0 %, 0 %, 531 MiB, 81559 MiB
2026/08/05 17:01:08.729, NVIDIA H100 80GB HBM3, 26, 0 %, 0 %, 531 MiB, 81559 MiB
2026/08/05 17:01:11.729, NVIDIA H100 80GB HBM3, 26, 0 %, 0 %, 531 MiB, 81559 MiB
2026/08/05 17:01:14.729, NVIDIA H100 80GB HBM3, 26, 0 %, 0 %, 531 MiB, 81559 MiB
2026/08/05 17:01:17.730, NVIDIA H100 80GB HBM3, 26, 0 %, 0 %, 531 MiB, 81559 MiB
2026/08/05 17:01:20.730, NVIDIA H100 80GB HBM3, 26, 0 %, 0 %, 531 MiB, 81559 MiB
2026/08/05 17:01:23.731, NVIDIA H100 80GB HBM3, 26, 0 %, 0 %, 531 MiB, 81559 MiB
2026/08/05 17:01:26.731, NVIDIA H100 80GB HBM3, 26, 0 %, 0 %, 531 MiB, 81559 MiB
2026/08/05 17:01:29.732, NVIDIA H100 80GB HBM3, 26, 0 %, 0 %, 531 MiB, 81559 MiB
2026/08/05 17:01:32.732, NVIDIA H100 80GB HBM3, 26, 0 %, 0 %, 531 MiB, 81559 MiB
2026/08/05 17:01:35.732, NVIDIA H100 80GB HBM3, 26, 0 %, 0 %, 531 MiB, 81559 MiB
2026/08/05 17:01:38.733, NVIDIA H100 80GB HBM3, 26, 0 %, 0 %, 531 MiB, 81559 MiB
2026/08/05 17:01:41.733, NVIDIA H100 80GB HBM3, 26, 0 %, 0 %, 531 MiB, 81559 MiB
2026/08/05 17:01:44.734, NVIDIA H100 80GB HBM3, 26, 0 %, 0 %, 531 MiB, 81559 MiB
2026/08/05 17:01:47.734, NVIDIA H100 80GB HBM3, 26, 0 %, 0 %, 531 MiB, 81559 MiB
2026/08/05 17:01:50.734, NVIDIA H100 80GB HBM3, 26, 0 %, 0 %, 531 MiB, 81559 MiB
2026/08/05 17:01:53.735, NVIDIA H100 80GB HBM3, 26, 0 %, 0 %, 531 MiB, 81559 MiB
2026/08/05 17:01:56.735, NVIDIA H100 80GB HBM3, 26, 0 %, 0 %, 531 MiB, 81559 MiB
2026/08/05 17:01:59.736, NVIDIA H100 80GB HBM3, 26, 0 %, 0 %, 531 MiB, 81559 MiB
2026/08/05 17:02:02.736, NVIDIA H100 80GB HBM3, 26, 0 %, 0 %, 531 MiB, 81559 MiB
2026/08/05 17:02:05.736, NVIDIA H100 80GB HBM3, 26, 0 %, 0 %, 531 MiB, 81559 MiB
2026/08/05 17:02:08.737, NVIDIA H100 80GB HBM3, 26, 0 %, 0 %, 531 MiB, 81559 MiB
2026/08/05 17:02:11.737, NVIDIA H100 80GB HBM3, 26, 0 %, 0 %, 531 MiB, 81559 MiB
2026/08/05 17:02:14.738, NVIDIA H100 80GB HBM3, 26, 0 %, 0 %, 531 MiB, 81559 MiB
2026/08/05 17:02:17.738, NVIDIA H100 80GB HBM3, 26, 0 %, 0 %, 531 MiB, 81559 MiB
2026/08/05 17:02:20.739, NVIDIA H100 80GB HBM3, 26, 0 %, 0 %, 531 MiB, 81559 MiB
2026/08/05 17:02:23.739, NVIDIA H100 80GB HBM3, 26, 0 %, 0 %, 531 MiB, 81559 MiB
2026/08/05 17:02:26.739, NVIDIA H100 80GB HBM3, 26, 0 %, 0 %, 531 MiB, 81559 MiB
2026/08/05 17:02:29.740, NVIDIA H100 80GB HBM3, 26, 0 %, 0 %, 531 MiB, 81559 MiB
2026/08/05 17:02:32.740, NVIDIA H100 80GB HBM3, 26, 0 %, 0 %, 531 MiB, 81559 MiB
2026/08/05 17:02:35.741, NVIDIA H100 80GB HBM3, 26, 0 %, 0 %, 531 MiB, 81559 MiB
2026/08/05 17:02:38.741, NVIDIA H100 80GB HBM3, 26, 0 %, 0 %, 531 MiB, 81559 MiB
2026/08/05 17:02:41.742, NVIDIA H100 80GB HBM3, 26, 0 %, 0 %, 531 MiB, 81559 MiB
2026/08/05 17:02:44.742, NVIDIA H100 80GB HBM3, 26, 0 %, 0 %, 531 MiB, 81559 MiB
2026/08/05 17:02:47.742, NVIDIA H100 80GB HBM3, 26, 0 %, 0 %, 531 MiB, 81559 MiB
2026/08/05 17:02:50.743, NVIDIA H100 80GB HBM3, 26, 0 %, 0 %, 531 MiB, 81559 MiB
2026/08/05 17:02:53.743, NVIDIA H100 80GB HBM3, 26, 0 %, 0 %, 531 MiB, 81559 MiB
2026/08/05 17:02:56.744, NVIDIA H100 80GB HBM3, 26, 0 %, 0 %, 531 MiB, 81559 MiB
2026/08/05 17:02:59.744, NVIDIA H100 80GB HBM3, 26, 0 %, 0 %, 531 MiB, 81559 MiB
2026/08/05 17:03:02.745, NVIDIA H100 80GB HBM3, 26, 0 %, 0 %, 531 MiB, 81559 MiB
2026/08/05 17:03:05.745, NVIDIA H100 80GB HBM3, 26, 0 %, 0 %, 531 MiB, 81559 MiB
2026/08/05 17:03:08.746, NVIDIA H100 80GB HBM3, 26, 0 %, 0 %, 531 MiB, 81559 MiB
2026/08/05 17:03:11.746, NVIDIA H100 80GB HBM3, 26, 0 %, 0 %, 531 MiB, 81559 MiB
2026/08/05 17:03:14.746, NVIDIA H100 80GB HBM3, 26, 0 %, 0 %, 531 MiB, 81559 MiB
2026/08/05 17:03:17.747, NVIDIA H100 80GB HBM3, 26, 0 %, 0 %, 531 MiB, 81559 MiB
2026/08/05 17:03:20.747, NVIDIA H100 80GB HBM3, 26, 0 %, 0 %, 531 MiB, 81559 MiB
2026/08/05 17:03:23.748, NVIDIA H100 80GB HBM3, 26, 0 %, 0 %, 531 MiB, 81559 MiB
2026/08/05 17:03:26.748, NVIDIA H100 80GB HBM3, 26, 0 %, 0 %, 531 MiB, 81559 MiB
2026/08/05 17:03:29.748, NVIDIA H100 80GB HBM3, 26, 0 %, 0 %, 531 MiB, 81559 MiB
2026/08/05 17:03:32.749, NVIDIA H100 80GB HBM3, 26, 0 %, 0 %, 531 MiB, 81559 MiB
2026/08/05 17:03:35.749, NVIDIA H100 80GB HBM3, 26, 0 %, 0 %, 531 MiB, 81559 MiB
2026/08/05 17:03:38.750, NVIDIA H100 80GB HBM3, 26, 0 %, 0 %, 531 MiB, 81559 MiB
2026/08/05 17:03:41.750, NVIDIA H100 80GB HBM3, 26, 0 %, 0 %, 531 MiB, 81559 MiB
2026/08/05 17:03:44.751, NVIDIA H100 80GB HBM3, 26, 0 %, 0 %, 531 MiB, 81559 MiB
2026/08/05 17:03:47.751, NVIDIA H100 80GB HBM3, 26, 0 %, 0 %, 531 MiB, 81559 MiB
2026/08/05 17:03:50.751, NVIDIA H100 80GB HBM3, 26, 0 %, 0 %, 531 MiB, 81559 MiB
2026/08/05 17:03:53.752, NVIDIA H100 80GB HBM3, 26, 0 %, 0 %, 531 MiB, 81559 MiB
2026/08/05 17:03:56.752, NVIDIA H100 80GB HBM3, 26, 0 %, 0 %, 531 MiB, 81559 MiB
2026/08/05 17:03:59.753, NVIDIA H100 80GB HBM3, 26, 0 %, 0 %, 531 MiB, 81559 MiB
2026/08/05 17:04:02.753, NVIDIA H100 80GB HBM3, 26, 0 %, 0 %, 531 MiB, 81559 MiB
2026/08/05 17:04:05.753, NVIDIA H100 80GB HBM3, 26, 0 %, 0 %, 531 MiB, 81559 MiB
2026/08/05 17:04:08.754, NVIDIA H100 80GB HBM3, 26, 0 %, 0 %, 531 MiB, 81559 MiB
2026/08/05 17:04:11.754, NVIDIA H100 80GB HBM3, 26, 0 %, 0 %, 531 MiB, 81559 MiB
2026/08/05 17:04:14.755, NVIDIA H100 80GB HBM3, 26, 0 %, 0 %, 531 MiB, 81559 MiB
2026/08/05 17:04:17.755, NVIDIA H100 80GB HBM3, 26, 0 %, 0 %, 531 MiB, 81559 MiB
2026/08/05 17:04:20.755, NVIDIA H100 80GB HBM3, 26, 0 %, 0 %, 531 MiB, 81559 MiB
2026/08/05 17:04:23.756, NVIDIA H100 80GB HBM3, 26, 0 %, 0 %, 531 MiB, 81559 MiB
2026/08/05 17:04:26.756, NVIDIA H100 80GB HBM3, 26, 0 %, 0 %, 531 MiB, 81559 MiB
2026/08/05 17:04:29.757, NVIDIA H100 80GB HBM3, 26, 0 %, 0 %, 531 MiB, 81559 MiB
2026/08/05 17:04:32.757, NVIDIA H100 80GB HBM3, 26, 0 %, 0 %, 531 MiB, 81559 MiB
2026/08/05 17:04:35.758, NVIDIA H100 80GB HBM3, 26, 0 %, 0 %, 531 MiB, 81559 MiB
2026/08/05 17:04:38.758, NVIDIA H100 80GB HBM3, 26, 0 %, 0 %, 531 MiB, 81559 MiB
2026/08/05 17:04:41.758, NVIDIA H100 80GB HBM3, 26, 0 %, 0 %, 531 MiB, 81559 MiB
2026/08/05 17:04:44.759, NVIDIA H100 80GB HBM3, 26, 0 %, 0 %, 531 MiB, 81559 MiB
2026/08/05 17:04:47.759, NVIDIA H100 80GB HBM3, 26, 0 %, 0 %, 531 MiB, 81559 MiB
2026/08/05 17:04:50.760, NVIDIA H100 80GB HBM3, 26, 0 %, 0 %, 531 MiB, 81559 MiB
2026/08/05 17:04:53.760, NVIDIA H100 80GB HBM3, 26, 0 %, 0 %, 531 MiB, 81559 MiB
2026/08/05 17:04:56.761, NVIDIA H100 80GB HBM3, 26, 0 %, 0 %, 531 MiB, 81559 MiB
2026/08/05 17:04:59.761, NVIDIA H100 80GB HBM3, 26, 0 %, 0 %, 531 MiB, 81559 MiB
2026/08/05 17:05:02.761, NVIDIA H100 80GB HBM3, 26, 0 %, 0 %, 531 MiB, 81559 MiB
2026/08/05 17:05:05.762, NVIDIA H100 80GB HBM3, 26, 0 %, 0 %, 531 MiB, 81559 MiB
2026/08/05 17:05:08.762, NVIDIA H100 80GB HBM3, 26, 0 %, 0 %, 531 MiB, 81559 MiB
2026/08/05 17:05:11.763, NVIDIA H100 80GB HBM3, 26, 0 %, 0 %, 531 MiB, 81559 MiB
2026/08/05 17:05:14.763, NVIDIA H100 80GB HBM3, 26, 0 %, 0 %, 531 MiB, 81559 MiB
2026/08/05 17:05:17.763, NVIDIA H100 80GB HBM3, 26, 0 %, 0 %, 531 MiB, 81559 MiB
2026/08/05 17:05:20.764, NVIDIA H100 80GB HBM3, 26, 0 %, 0 %, 531 MiB, 81559 MiB
2026/08/05 17:05:23.764, NVIDIA H100 80GB HBM3, 26, 0 %, 0 %, 531 MiB, 81559 MiB
2026/08/05 17:05:26.765, NVIDIA H100 80GB HBM3, 26, 0 %, 0 %, 531 MiB, 81559 MiB
2026/08/05 17:05:29.765, NVIDIA H100 80GB HBM3, 26, 0 %, 0 %, 531 MiB, 81559 MiB
2026/08/05 17:05:32.765, NVIDIA H100 80GB HBM3, 26, 0 %, 0 %, 531 MiB, 81559 MiB
2026/08/05 17:05:35.766, NVIDIA H100 80GB HBM3, 26, 0 %, 0 %, 531 MiB, 81559 MiB
2026/08/05 17:05:38.766, NVIDIA H100 80GB HBM3, 26, 0 %, 0 %, 531 MiB, 81559 MiB
2026/08/05 17:05:41.767, NVIDIA H100 80GB HBM3, 26, 0 %, 0 %, 531 MiB, 81559 MiB
2026/08/05 17:05:44.767, NVIDIA H100 80GB HBM3, 26, 0 %, 0 %, 531 MiB, 81559 MiB
2026/08/05 17:05:47.768, NVIDIA H100 80GB HBM3, 26, 0 %, 0 %, 531 MiB, 81559 MiB
2026/08/05 17:05:50.768, NVIDIA H100 80GB HBM3, 26, 0 %, 0 %, 531 MiB, 81559 MiB
2026/08/05 17:05:53.768, NVIDIA H100 80GB HBM3, 26, 0 %, 0 %, 531 MiB, 81559 MiB
2026/08/05 17:05:56.769, NVIDIA H100 80GB HBM3, 26, 0 %, 0 %, 531 MiB, 81559 MiB
2026/08/05 17:05:59.769, NVIDIA H100 80GB HBM3, 26, 0 %, 0 %, 531 MiB, 81559 MiB
2026/08/05 17:06:02.770, NVIDIA H100 80GB HBM3, 26, 0 %, 0 %, 531 MiB, 81559 MiB
2026/08/05 17:06:05.770, NVIDIA H100 80GB HBM3, 26, 0 %, 0 %, 531 MiB, 81559 MiB
2026/08/05 17:06:08.770, NVIDIA H100 80GB HBM3, 26, 0 %, 0 %, 531 MiB, 81559 MiB
2026/08/05 17:06:11.771, NVIDIA H100 80GB HBM3, 26, 0 %, 0 %, 531 MiB, 81559 MiB
2026/08/05 17:06:14.771, NVIDIA H100 80GB HBM3, 26, 0 %, 0 %, 531 MiB, 81559 MiB
2026/08/05 17:06:17.772, NVIDIA H100 80GB HBM3, 26, 0 %, 0 %, 531 MiB, 81559 MiB
2026/08/05 17:06:20.772, NVIDIA H100 80GB HBM3, 26, 0 %, 0 %, 531 MiB, 81559 MiB
2026/08/05 17:06:23.772, NVIDIA H100 80GB HBM3, 26, 0 %, 0 %, 531 MiB, 81559 MiB
2026/08/05 17:06:26.773, NVIDIA H100 80GB HBM3, 26, 0 %, 0 %, 531 MiB, 81559 MiB
2026/08/05 17:06:29.773, NVIDIA H100 80GB HBM3, 26, 0 %, 0 %, 531 MiB, 81559 MiB
2026/08/05 17:06:32.774, NVIDIA H100 80GB HBM3, 26, 0 %, 0 %, 531 MiB, 81559 MiB
2026/08/05 17:06:35.774, NVIDIA H100 80GB HBM3, 26, 0 %, 0 %, 531 MiB, 81559 MiB
2026/08/05 17:06:38.774, NVIDIA H100 80GB HBM3, 26, 0 %, 0 %, 531 MiB, 81559 MiB
2026/08/05 17:06:41.775, NVIDIA H100 80GB HBM3, 26, 0 %, 0 %, 531 MiB, 81559 MiB
2026/08/05 17:06:44.775, NVIDIA H100 80GB HBM3, 26, 0 %, 0 %, 531 MiB, 81559 MiB
2026/08/05 17:06:47.776, NVIDIA H100 80GB HBM3, 26, 0 %, 0 %, 531 MiB, 81559 MiB
2026/08/05 17:06:50.776, NVIDIA H100 80GB HBM3, 26, 0 %, 0 %, 531 MiB, 81559 MiB
2026/08/05 17:06:53.777, NVIDIA H100 80GB HBM3, 26, 0 %, 0 %, 531 MiB, 81559 MiB
2026/08/05 17:06:56.777, NVIDIA H100 80GB HBM3, 26, 0 %, 0 %, 531 MiB, 81559 MiB
2026/08/05 17:06:59.778, NVIDIA H100 80GB HBM3, 26, 0 %, 0 %, 531 MiB, 81559 MiB
2026/08/05 17:07:02.778, NVIDIA H100 80GB HBM3, 26, 0 %, 0 %, 531 MiB, 81559 MiB
2026/08/05 17:07:05.778, NVIDIA H100 80GB HBM3, 26, 0 %, 0 %, 531 MiB, 81559 MiB
2026/08/05 17:07:08.779, NVIDIA H100 80GB HBM3, 26, 0 %, 0 %, 531 MiB, 81559 MiB
2026/08/05 17:07:11.779, NVIDIA H100 80GB HBM3, 26, 0 %, 0 %, 531 MiB, 81559 MiB
2026/08/05 17:07:14.780, NVIDIA H100 80GB HBM3, 26, 0 %, 0 %, 531 MiB, 81559 MiB
2026/08/05 17:07:17.780, NVIDIA H100 80GB HBM3, 26, 0 %, 0 %, 531 MiB, 81559 MiB
2026/08/05 17:07:20.781, NVIDIA H100 80GB HBM3, 26, 0 %, 0 %, 531 MiB, 81559 MiB
2026/08/05 17:07:23.781, NVIDIA H100 80GB HBM3, 26, 0 %, 0 %, 531 MiB, 81559 MiB
2026/08/05 17:07:26.781, NVIDIA H100 80GB HBM3, 26, 0 %, 0 %, 531 MiB, 81559 MiB
2026/08/05 17:07:29.782, NVIDIA H100 80GB HBM3, 26, 0 %, 0 %, 531 MiB, 81559 MiB
2026/08/05 17:07:32.782, NVIDIA H100 80GB HBM3, 26, 0 %, 0 %, 531 MiB, 81559 MiB
2026/08/05 17:07:35.783, NVIDIA H100 80GB HBM3, 26, 0 %, 0 %, 531 MiB, 81559 MiB
2026/08/05 17:07:38.783, NVIDIA H100 80GB HBM3, 26, 0 %, 0 %, 531 MiB, 81559 MiB
2026/08/05 17:07:41.784, NVIDIA H100 80GB HBM3, 26, 0 %, 0 %, 531 MiB, 81559 MiB
2026/08/05 17:07:44.784, NVIDIA H100 80GB HBM3, 26, 0 %, 0 %, 531 MiB, 81559 MiB
2026/08/05 17:07:47.784, NVIDIA H100 80GB HBM3, 26, 0 %, 0 %, 531 MiB, 81559 MiB
2026/08/05 17:07:50.785, NVIDIA H100 80GB HBM3, 26, 0 %, 0 %, 531 MiB, 81559 MiB
2026/08/05 17:07:53.785, NVIDIA H100 80GB HBM3, 26, 0 %, 0 %, 531 MiB, 81559 MiB
2026/08/05 17:07:56.786, NVIDIA H100 80GB HBM3, 26, 0 %, 0 %, 531 MiB, 81559 MiB
2026/08/05 17:07:59.786, NVIDIA H100 80GB HBM3, 26, 0 %, 0 %, 531 MiB, 81559 MiB
2026/08/05 17:08:02.787, NVIDIA H100 80GB HBM3, 26, 0 %, 0 %, 531 MiB, 81559 MiB
2026/08/05 17:08:05.787, NVIDIA H100 80GB HBM3, 26, 0 %, 0 %, 531 MiB, 81559 MiB
2026/08/05 17:08:08.788, NVIDIA H100 80GB HBM3, 26, 0 %, 0 %, 531 MiB, 81559 MiB
2026/08/05 17:08:11.788, NVIDIA H100 80GB HBM3, 26, 0 %, 0 %, 531 MiB, 81559 MiB
2026/08/05 17:08:14.789, NVIDIA H100 80GB HBM3, 26, 0 %, 0 %, 531 MiB, 81559 MiB
2026/08/05 17:08:17.789, NVIDIA H100 80GB HBM3, 26, 0 %, 0 %, 531 MiB, 81559 MiB
2026/08/05 17:08:20.790, NVIDIA H100 80GB HBM3, 26, 0 %, 0 %, 531 MiB, 81559 MiB
2026/08/05 17:08:23.790, NVIDIA H100 80GB HBM3, 26, 0 %, 0 %, 531 MiB, 81559 MiB
2026/08/05 17:08:26.790, NVIDIA H100 80GB HBM3, 26, 0 %, 0 %, 531 MiB, 81559 MiB
2026/08/05 17:08:29.791, NVIDIA H100 80GB HBM3, 26, 0 %, 0 %, 531 MiB, 81559 MiB
2026/08/05 17:08:32.791, NVIDIA H100 80GB HBM3, 26, 0 %, 0 %, 531 MiB, 81559 MiB
2026/08/05 17:08:35.792, NVIDIA H100 80GB HBM3, 26, 0 %, 0 %, 531 MiB, 81559 MiB
2026/08/05 17:08:38.792, NVIDIA H100 80GB HBM3, 26, 0 %, 0 %, 531 MiB, 81559 MiB
2026/08/05 17:08:41.792, NVIDIA H100 80GB HBM3, 26, 0 %, 0 %, 531 MiB, 81559 MiB
2026/08/05 17:08:44.793, NVIDIA H100 80GB HBM3, 26, 0 %, 0 %, 531 MiB, 81559 MiB
2026/08/05 17:08:47.793, NVIDIA H100 80GB HBM3, 26, 0 %, 0 %, 531 MiB, 81559 MiB
2026/08/05 17:08:50.794, NVIDIA H100 80GB HBM3, 26, 0 %, 0 %, 531 MiB, 81559 MiB
2026/08/05 17:08:53.794, NVIDIA H100 80GB HBM3, 26, 0 %, 0 %, 531 MiB, 81559 MiB
2026/08/05 17:08:56.794, NVIDIA H100 80GB HBM3, 26, 0 %, 0 %, 531 MiB, 81559 MiB
2026/08/05 17:08:59.795, NVIDIA H100 80GB HBM3, 26, 0 %, 0 %, 531 MiB, 81559 MiB
2026/08/05 17:09:02.795, NVIDIA H100 80GB HBM3, 26, 0 %, 0 %, 531 MiB, 81559 MiB
2026/08/05 17:09:05.796, NVIDIA H100 80GB HBM3, 26, 0 %, 0 %, 531 MiB, 81559 MiB
2026/08/05 17:09:08.796, NVIDIA H100 80GB HBM3, 26, 0 %, 0 %, 531 MiB, 81559 MiB
2026/08/05 17:09:11.797, NVIDIA H100 80GB HBM3, 26, 0 %, 0 %, 531 MiB, 81559 MiB
2026/08/05 17:09:14.797, NVIDIA H100 80GB HBM3, 26, 0 %, 0 %, 531 MiB, 81559 MiB
2026/08/05 17:09:17.797, NVIDIA H100 80GB HBM3, 26, 0 %, 0 %, 531 MiB, 81559 MiB
2026/08/05 17:09:20.798, NVIDIA H100 80GB HBM3, 26, 0 %, 0 %, 531 MiB, 81559 MiB
2026/08/05 17:09:23.798, NVIDIA H100 80GB HBM3, 26, 0 %, 0 %, 531 MiB, 81559 MiB
2026/08/05 17:09:26.799, NVIDIA H100 80GB HBM3, 26, 0 %, 0 %, 531 MiB, 81559 MiB
2026/08/05 17:09:29.799, NVIDIA H100 80GB HBM3, 26, 0 %, 0 %, 531 MiB, 81559 MiB
2026/08/05 17:09:32.799, NVIDIA H100 80GB HBM3, 26, 0 %, 0 %, 531 MiB, 81559 MiB
2026/08/05 17:09:35.800, NVIDIA H100 80GB HBM3, 26, 0 %, 0 %, 531 MiB, 81559 MiB
2026/08/05 17:09:38.800, NVIDIA H100 80GB HBM3, 26, 0 %, 0 %, 531 MiB, 81559 MiB
2026/08/05 17:09:41.801, NVIDIA H100 80GB HBM3, 26, 0 %, 0 %, 531 MiB, 81559 MiB
2026/08/05 17:09:44.801, NVIDIA H100 80GB HBM3, 26, 0 %, 0 %, 531 MiB, 81559 MiB
2026/08/05 17:09:47.801, NVIDIA H100 80GB HBM3, 26, 0 %, 0 %, 531 MiB, 81559 MiB
2026/08/05 17:09:50.802, NVIDIA H100 80GB HBM3, 26, 0 %, 0 %, 531 MiB, 81559 MiB
2026/08/05 17:09:53.802, NVIDIA H100 80GB HBM3, 26, 0 %, 0 %, 531 MiB, 81559 MiB
2026/08/05 17:09:56.803, NVIDIA H100 80GB HBM3, 26, 0 %, 0 %, 531 MiB, 81559 MiB
2026/08/05 17:09:59.803, NVIDIA H100 80GB HBM3, 26, 0 %, 0 %, 531 MiB, 81559 MiB
2026/08/05 17:10:02.804, NVIDIA H100 80GB HBM3, 26, 0 %, 0 %, 531 MiB, 81559 MiB
2026/08/05 17:10:05.804, NVIDIA H100 80GB HBM3, 26, 0 %, 0 %, 531 MiB, 81559 MiB
2026/08/05 17:10:08.804, NVIDIA H100 80GB HBM3, 26, 0 %, 0 %, 531 MiB, 81559 MiB
2026/08/05 17:10:11.805, NVIDIA H100 80GB HBM3, 26, 0 %, 0 %, 531 MiB, 81559 MiB
2026/08/05 17:10:14.805, NVIDIA H100 80GB HBM3, 26, 0 %, 0 %, 531 MiB, 81559 MiB
2026/08/05 17:10:17.806, NVIDIA H100 80GB HBM3, 26, 0 %, 0 %, 531 MiB, 81559 MiB
2026/08/05 17:10:20.806, NVIDIA H100 80GB HBM3, 26, 0 %, 0 %, 531 MiB, 81559 MiB
2026/08/05 17:10:23.807, NVIDIA H100 80GB HBM3, 26, 0 %, 0 %, 531 MiB, 81559 MiB
2026/08/05 17:10:26.807, NVIDIA H100 80GB HBM3, 26, 0 %, 0 %, 531 MiB, 81559 MiB
2026/08/05 17:10:29.808, NVIDIA H100 80GB HBM3, 26, 0 %, 0 %, 531 MiB, 81559 MiB
2026/08/05 17:10:32.808, NVIDIA H100 80GB HBM3, 26, 0 %, 0 %, 531 MiB, 81559 MiB
2026/08/05 17:10:35.808, NVIDIA H100 80GB HBM3, 26, 0 %, 0 %, 531 MiB, 81559 MiB
2026/08/05 17:10:38.809, NVIDIA H100 80GB HBM3, 26, 0 %, 0 %, 531 MiB, 81559 MiB
2026/08/05 17:10:41.809, NVIDIA H100 80GB HBM3, 26, 0 %, 0 %, 531 MiB, 81559 MiB
2026/08/05 17:10:44.810, NVIDIA H100 80GB HBM3, 26, 0 %, 0 %, 531 MiB, 81559 MiB
2026/08/05 17:10:47.810, NVIDIA H100 80GB HBM3, 26, 0 %, 0 %, 531 MiB, 81559 MiB
2026/08/05 17:10:50.811, NVIDIA H100 80GB HBM3, 26, 0 %, 0 %, 531 MiB, 81559 MiB
2026/08/05 17:10:53.811, NVIDIA H100 80GB HBM3, 26, 0 %, 0 %, 531 MiB, 81559 MiB
2026/08/05 17:10:56.811, NVIDIA H100 80GB HBM3, 26, 0 %, 0 %, 531 MiB, 81559 MiB
2026/08/05 17:10:59.812, NVIDIA H100 80GB HBM3, 26, 0 %, 0 %, 531 MiB, 81559 MiB
2026/08/05 17:11:02.812, NVIDIA H100 80GB HBM3, 26, 0 %, 0 %, 531 MiB, 81559 MiB
2026/08/05 17:11:05.813, NVIDIA H100 80GB HBM3, 26, 0 %, 0 %, 531 MiB, 81559 MiB
2026/08/05 17:11:08.813, NVIDIA H100 80GB HBM3, 26, 0 %, 0 %, 531 MiB, 81559 MiB
2026/08/05 17:11:11.813, NVIDIA H100 80GB HBM3, 26, 0 %, 0 %, 531 MiB, 81559 MiB
2026/08/05 17:11:14.814, NVIDIA H100 80GB HBM3, 26, 0 %, 0 %, 531 MiB, 81559 MiB
2026/08/05 17:11:17.814, NVIDIA H100 80GB HBM3, 26, 0 %, 0 %, 531 MiB, 81559 MiB
2026/08/05 17:11:20.815, NVIDIA H100 80GB HBM3, 26, 0 %, 0 %, 531 MiB, 81559 MiB
2026/08/05 17:11:23.815, NVIDIA H100 80GB HBM3, 26, 0 %, 0 %, 531 MiB, 81559 MiB
2026/08/05 17:11:26.815, NVIDIA H100 80GB HBM3, 26, 0 %, 0 %, 531 MiB, 81559 MiB
2026/08/05 17:11:29.816, NVIDIA H100 80GB HBM3, 26, 0 %, 0 %, 531 MiB, 81559 MiB
2026/08/05 17:11:32.816, NVIDIA H100 80GB HBM3, 26, 0 %, 0 %, 531 MiB, 81559 MiB
2026/08/05 17:11:35.817, NVIDIA H100 80GB HBM3, 26, 0 %, 0 %, 531 MiB, 81559 MiB
2026/08/05 17:11:38.817, NVIDIA H100 80GB HBM3, 26, 0 %, 0 %, 531 MiB, 81559 MiB
2026/08/05 17:11:41.817, NVIDIA H100 80GB HBM3, 26, 0 %, 0 %, 531 MiB, 81559 MiB
2026/08/05 17:11:44.818, NVIDIA H100 80GB HBM3, 26, 0 %, 0 %, 531 MiB, 81559 MiB
2026/08/05 17:11:47.818, NVIDIA H100 80GB HBM3, 26, 0 %, 0 %, 531 MiB, 81559 MiB
2026/08/05 17:11:50.819, NVIDIA H100 80GB HBM3, 26, 0 %, 0 %, 531 MiB, 81559 MiB
2026/08/05 17:11:53.819, NVIDIA H100 80GB HBM3, 26, 0 %, 0 %, 531 MiB, 81559 MiB
2026/08/05 17:11:56.820, NVIDIA H100 80GB HBM3, 26, 0 %, 0 %, 531 MiB, 81559 MiB
2026/08/05 17:11:59.820, NVIDIA H100 80GB HBM3, 26, 0 %, 0 %, 531 MiB, 81559 MiB
2026/08/05 17:12:02.821, NVIDIA H100 80GB HBM3, 26, 0 %, 0 %, 531 MiB, 81559 MiB
2026/08/05 17:12:05.821, NVIDIA H100 80GB HBM3, 26, 0 %, 0 %, 531 MiB, 81559 MiB
2026/08/05 17:12:08.822, NVIDIA H100 80GB HBM3, 26, 0 %, 0 %, 531 MiB, 81559 MiB
2026/08/05 17:12:11.822, NVIDIA H100 80GB HBM3, 26, 0 %, 0 %, 531 MiB, 81559 MiB
2026/08/05 17:12:14.822, NVIDIA H100 80GB HBM3, 26, 0 %, 0 %, 531 MiB, 81559 MiB
2026/08/05 17:12:17.823, NVIDIA H100 80GB HBM3, 26, 0 %, 0 %, 531 MiB, 81559 MiB
2026/08/05 17:12:20.823, NVIDIA H100 80GB HBM3, 26, 0 %, 0 %, 531 MiB, 81559 MiB
2026/08/05 17:12:23.824, NVIDIA H100 80GB HBM3, 26, 0 %, 0 %, 531 MiB, 81559 MiB
2026/08/05 17:12:26.824, NVIDIA H100 80GB HBM3, 26, 0 %, 0 %, 531 MiB, 81559 MiB
2026/08/05 17:12:29.825, NVIDIA H100 80GB HBM3, 26, 0 %, 0 %, 531 MiB, 81559 MiB
2026/08/05 17:12:32.825, NVIDIA H100 80GB HBM3, 26, 0 %, 0 %, 531 MiB, 81559 MiB
2026/08/05 17:12:35.825, NVIDIA H100 80GB HBM3, 26, 0 %, 0 %, 531 MiB, 81559 MiB
2026/08/05 17:12:38.826, NVIDIA H100 80GB HBM3, 26, 0 %, 0 %, 531 MiB, 81559 MiB
2026/08/05 17:12:41.826, NVIDIA H100 80GB HBM3, 26, 0 %, 0 %, 531 MiB, 81559 MiB
2026/08/05 17:12:44.827, NVIDIA H100 80GB HBM3, 26, 0 %, 0 %, 531 MiB, 81559 MiB
2026/08/05 17:12:47.827, NVIDIA H100 80GB HBM3, 26, 0 %, 0 %, 531 MiB, 81559 MiB
2026/08/05 17:12:50.828, NVIDIA H100 80GB HBM3, 26, 0 %, 0 %, 531 MiB, 81559 MiB
2026/08/05 17:12:53.828, NVIDIA H100 80GB HBM3, 26, 0 %, 0 %, 531 MiB, 81559 MiB
2026/08/05 17:12:56.829, NVIDIA H100 80GB HBM3, 26, 0 %, 0 %, 531 MiB, 81559 MiB
2026/08/05 17:12:59.829, NVIDIA H100 80GB HBM3, 26, 0 %, 0 %, 531 MiB, 81559 MiB
2026/08/05 17:13:02.830, NVIDIA H100 80GB HBM3, 26, 0 %, 0 %, 531 MiB, 81559 MiB
2026/08/05 17:13:05.830, NVIDIA H100 80GB HBM3, 26, 0 %, 0 %, 531 MiB, 81559 MiB
2026/08/05 17:13:08.830, NVIDIA H100 80GB HBM3, 26, 0 %, 0 %, 531 MiB, 81559 MiB
2026/08/05 17:13:11.831, NVIDIA H100 80GB HBM3, 26, 0 %, 0 %, 531 MiB, 81559 MiB
2026/08/05 17:13:14.831, NVIDIA H100 80GB HBM3, 26, 0 %, 0 %, 531 MiB, 81559 MiB
2026/08/05 17:13:17.831, NVIDIA H100 80GB HBM3, 26, 0 %, 0 %, 531 MiB, 81559 MiB
2026/08/05 17:13:20.832, NVIDIA H100 80GB HBM3, 26, 0 %, 0 %, 531 MiB, 81559 MiB
2026/08/05 17:13:23.832, NVIDIA H100 80GB HBM3, 26, 0 %, 0 %, 531 MiB, 81559 MiB
2026/08/05 17:13:26.833, NVIDIA H100 80GB HBM3, 26, 0 %, 0 %, 531 MiB, 81559 MiB
2026/08/05 17:13:29.833, NVIDIA H100 80GB HBM3, 26, 0 %, 0 %, 531 MiB, 81559 MiB
2026/08/05 17:13:32.834, NVIDIA H100 80GB HBM3, 26, 0 %, 0 %, 531 MiB, 81559 MiB
2026/08/05 17:13:35.834, NVIDIA H100 80GB HBM3, 26, 0 %, 0 %, 531 MiB, 81559 MiB
2026/08/05 17:13:38.834, NVIDIA H100 80GB HBM3, 26, 0 %, 0 %, 531 MiB, 81559 MiB
2026/08/05 17:13:41.835, NVIDIA H100 80GB HBM3, 26, 0 %, 0 %, 531 MiB, 81559 MiB
2026/08/05 17:13:44.835, NVIDIA H100 80GB HBM3, 26, 0 %, 0 %, 531 MiB, 81559 MiB
2026/08/05 17:13:47.836, NVIDIA H100 80GB HBM3, 26, 0 %, 0 %, 531 MiB, 81559 MiB
2026/08/05 17:13:50.836, NVIDIA H100 80GB HBM3, 26, 0 %, 0 %, 531 MiB, 81559 MiB
2026/08/05 17:13:53.837, NVIDIA H100 80GB HBM3, 26, 0 %, 0 %, 531 MiB, 81559 MiB
2026/08/05 17:13:56.837, NVIDIA H100 80GB HBM3, 26, 0 %, 0 %, 531 MiB, 81559 MiB
2026/08/05 17:13:59.837, NVIDIA H100 80GB HBM3, 26, 0 %, 0 %, 531 MiB, 81559 MiB
2026/08/05 17:14:02.838, NVIDIA H100 80GB HBM3, 26, 0 %, 0 %, 531 MiB, 81559 MiB
2026/08/05 17:14:05.838, NVIDIA H100 80GB HBM3, 26, 0 %, 0 %, 531 MiB, 81559 MiB
2026/08/05 17:14:08.839, NVIDIA H100 80GB HBM3, 26, 0 %, 0 %, 531 MiB, 81559 MiB
2026/08/05 17:14:11.839, NVIDIA H100 80GB HBM3, 26, 0 %, 0 %, 531 MiB, 81559 MiB
2026/08/05 17:14:14.839, NVIDIA H100 80GB HBM3, 26, 0 %, 0 %, 531 MiB, 81559 MiB
2026/08/05 17:14:17.840, NVIDIA H100 80GB HBM3, 26, 0 %, 0 %, 531 MiB, 81559 MiB
2026/08/05 17:14:20.840, NVIDIA H100 80GB HBM3, 26, 0 %, 0 %, 531 MiB, 81559 MiB
2026/08/05 17:14:23.841, NVIDIA H100 80GB HBM3, 26, 0 %, 0 %, 531 MiB, 81559 MiB
2026/08/05 17:14:26.841, NVIDIA H100 80GB HBM3, 26, 0 %, 0 %, 531 MiB, 81559 MiB
2026/08/05 17:14:29.842, NVIDIA H100 80GB HBM3, 26, 0 %, 0 %, 531 MiB, 81559 MiB
2026/08/05 17:14:32.842, NVIDIA H100 80GB HBM3, 26, 0 %, 0 %, 531 MiB, 81559 MiB
2026/08/05 17:14:35.842, NVIDIA H100 80GB HBM3, 26, 0 %, 0 %, 531 MiB, 81559 MiB
2026/08/05 17:14:38.843, NVIDIA H100 80GB HBM3, 26, 0 %, 0 %, 531 MiB, 81559 MiB
2026/08/05 17:14:41.843, NVIDIA H100 80GB HBM3, 26, 0 %, 0 %, 531 MiB, 81559 MiB
2026/08/05 17:14:44.844, NVIDIA H100 80GB HBM3, 26, 0 %, 0 %, 531 MiB, 81559 MiB
2026/08/05 17:14:47.844, NVIDIA H100 80GB HBM3, 26, 0 %, 0 %, 531 MiB, 81559 MiB
2026/08/05 17:14:50.844, NVIDIA H100 80GB HBM3, 26, 0 %, 0 %, 531 MiB, 81559 MiB
2026/08/05 17:14:53.845, NVIDIA H100 80GB HBM3, 26, 0 %, 0 %, 531 MiB, 81559 MiB
2026/08/05 17:14:56.845, NVIDIA H100 80GB HBM3, 26, 0 %, 0 %, 531 MiB, 81559 MiB
2026/08/05 17:14:59.845, NVIDIA H100 80GB HBM3, 26, 0 %, 0 %, 531 MiB, 81559 MiB
2026/08/05 17:15:02.846, NVIDIA H100 80GB HBM3, 26, 0 %, 0 %, 531 MiB, 81559 MiB
2026/08/05 17:15:05.846, NVIDIA H100 80GB HBM3, 26, 0 %, 0 %, 531 MiB, 81559 MiB
2026/08/05 17:15:08.846, NVIDIA H100 80GB HBM3, 26, 0 %, 0 %, 531 MiB, 81559 MiB
2026/08/05 17:15:11.847, NVIDIA H100 80GB HBM3, 26, 0 %, 0 %, 531 MiB, 81559 MiB
2026/08/05 17:15:14.847, NVIDIA H100 80GB HBM3, 26, 0 %, 0 %, 531 MiB, 81559 MiB
2026/08/05 17:15:17.848, NVIDIA H100 80GB HBM3, 26, 0 %, 0 %, 531 MiB, 81559 MiB
2026/08/05 17:15:20.848, NVIDIA H100 80GB HBM3, 26, 0 %, 0 %, 531 MiB, 81559 MiB
2026/08/05 17:15:23.848, NVIDIA H100 80GB HBM3, 26, 0 %, 0 %, 531 MiB, 81559 MiB
2026/08/05 17:15:26.849, NVIDIA H100 80GB HBM3, 26, 0 %, 0 %, 531 MiB, 81559 MiB
2026/08/05 17:15:29.849, NVIDIA H100 80GB HBM3, 26, 0 %, 0 %, 531 MiB, 81559 MiB
2026/08/05 17:15:32.850, NVIDIA H100 80GB HBM3, 26, 0 %, 0 %, 531 MiB, 81559 MiB
2026/08/05 17:15:35.850, NVIDIA H100 80GB HBM3, 26, 0 %, 0 %, 531 MiB, 81559 MiB
2026/08/05 17:15:38.851, NVIDIA H100 80GB HBM3, 26, 0 %, 0 %, 531 MiB, 81559 MiB
2026/08/05 17:15:41.851, NVIDIA H100 80GB HBM3, 26, 0 %, 0 %, 531 MiB, 81559 MiB
2026/08/05 17:15:44.851, NVIDIA H100 80GB HBM3, 26, 0 %, 0 %, 531 MiB, 81559 MiB
2026/08/05 17:15:47.852, NVIDIA H100 80GB HBM3, 26, 0 %, 0 %, 531 MiB, 81559 MiB
2026/08/05 17:15:50.852, NVIDIA H100 80GB HBM3, 26, 0 %, 0 %, 531 MiB, 81559 MiB
2026/08/05 17:15:53.853, NVIDIA H100 80GB HBM3, 26, 0 %, 0 %, 531 MiB, 81559 MiB
2026/08/05 17:15:56.853, NVIDIA H100 80GB HBM3, 26, 0 %, 0 %, 531 MiB, 81559 MiB
2026/08/05 17:15:59.853, NVIDIA H100 80GB HBM3, 26, 0 %, 0 %, 531 MiB, 81559 MiB
2026/08/05 17:16:02.893, NVIDIA H100 80GB HBM3, 26, 0 %, 0 %, 531 MiB, 81559 MiB
2026/08/05 17:16:05.894, NVIDIA H100 80GB HBM3, 26, 0 %, 0 %, 531 MiB, 81559 MiB
2026/08/05 17:16:08.894, NVIDIA H100 80GB HBM3, 26, 0 %, 0 %, 531 MiB, 81559 MiB
2026/08/05 17:16:11.894, NVIDIA H100 80GB HBM3, 26, 0 %, 0 %, 531 MiB, 81559 MiB
2026/08/05 17:16:14.895, NVIDIA H100 80GB HBM3, 26, 0 %, 0 %, 531 MiB, 81559 MiB
2026/08/05 17:16:17.895, NVIDIA H100 80GB HBM3, 26, 0 %, 0 %, 531 MiB, 81559 MiB
2026/08/05 17:16:20.895, NVIDIA H100 80GB HBM3, 26, 0 %, 0 %, 531 MiB, 81559 MiB
2026/08/05 17:16:23.896, NVIDIA H100 80GB HBM3, 26, 0 %, 0 %, 531 MiB, 81559 MiB
2026/08/05 17:16:26.896, NVIDIA H100 80GB HBM3, 26, 0 %, 0 %, 531 MiB, 81559 MiB
2026/08/05 17:16:29.897, NVIDIA H100 80GB HBM3, 26, 0 %, 0 %, 531 MiB, 81559 MiB
2026/08/05 17:16:32.897, NVIDIA H100 80GB HBM3, 26, 0 %, 0 %, 531 MiB, 81559 MiB
2026/08/05 17:16:35.897, NVIDIA H100 80GB HBM3, 26, 0 %, 0 %, 531 MiB, 81559 MiB
2026/08/05 17:16:38.898, NVIDIA H100 80GB HBM3, 26, 0 %, 0 %, 531 MiB, 81559 MiB
2026/08/05 17:16:41.898, NVIDIA H100 80GB HBM3, 26, 0 %, 0 %, 531 MiB, 81559 MiB
2026/08/05 17:16:44.899, NVIDIA H100 80GB HBM3, 26, 0 %, 0 %, 531 MiB, 81559 MiB
2026/08/05 17:16:47.899, NVIDIA H100 80GB HBM3, 26, 0 %, 0 %, 531 MiB, 81559 MiB
2026/08/05 17:16:50.899, NVIDIA H100 80GB HBM3, 26, 0 %, 0 %, 531 MiB, 81559 MiB
2026/08/05 17:16:53.900, NVIDIA H100 80GB HBM3, 26, 0 %, 0 %, 531 MiB, 81559 MiB
2026/08/05 17:16:56.900, NVIDIA H100 80GB HBM3, 26, 0 %, 0 %, 531 MiB, 81559 MiB
2026/08/05 17:16:59.901, NVIDIA H100 80GB HBM3, 26, 0 %, 0 %, 531 MiB, 81559 MiB
2026/08/05 17:17:02.901, NVIDIA H100 80GB HBM3, 26, 0 %, 0 %, 531 MiB, 81559 MiB
2026/08/05 17:17:05.901, NVIDIA H100 80GB HBM3, 26, 0 %, 0 %, 531 MiB, 81559 MiB
2026/08/05 17:17:08.902, NVIDIA H100 80GB HBM3, 26, 0 %, 0 %, 531 MiB, 81559 MiB
2026/08/05 17:17:11.902, NVIDIA H100 80GB HBM3, 26, 0 %, 0 %, 531 MiB, 81559 MiB
2026/08/05 17:17:14.903, NVIDIA H100 80GB HBM3, 26, 0 %, 0 %, 531 MiB, 81559 MiB
2026/08/05 17:17:17.903, NVIDIA H100 80GB HBM3, 26, 0 %, 0 %, 531 MiB, 81559 MiB
2026/08/05 17:17:20.903, NVIDIA H100 80GB HBM3, 26, 0 %, 0 %, 531 MiB, 81559 MiB
2026/08/05 17:17:23.904, NVIDIA H100 80GB HBM3, 26, 0 %, 0 %, 531 MiB, 81559 MiB
2026/08/05 17:17:26.904, NVIDIA H100 80GB HBM3, 26, 0 %, 0 %, 531 MiB, 81559 MiB
2026/08/05 17:17:29.905, NVIDIA H100 80GB HBM3, 26, 0 %, 0 %, 531 MiB, 81559 MiB
2026/08/05 17:17:32.905, NVIDIA H100 80GB HBM3, 26, 0 %, 0 %, 531 MiB, 81559 MiB
2026/08/05 17:17:35.905, NVIDIA H100 80GB HBM3, 26, 0 %, 0 %, 531 MiB, 81559 MiB
2026/08/05 17:17:38.906, NVIDIA H100 80GB HBM3, 26, 0 %, 0 %, 531 MiB, 81559 MiB
2026/08/05 17:17:41.906, NVIDIA H100 80GB HBM3, 26, 0 %, 0 %, 531 MiB, 81559 MiB
2026/08/05 17:17:44.907, NVIDIA H100 80GB HBM3, 26, 0 %, 0 %, 531 MiB, 81559 MiB
2026/08/05 17:17:47.907, NVIDIA H100 80GB HBM3, 26, 0 %, 0 %, 531 MiB, 81559 MiB
2026/08/05 17:17:50.907, NVIDIA H100 80GB HBM3, 26, 0 %, 0 %, 531 MiB, 81559 MiB
2026/08/05 17:17:53.908, NVIDIA H100 80GB HBM3, 26, 0 %, 0 %, 531 MiB, 81559 MiB
2026/08/05 17:17:56.908, NVIDIA H100 80GB HBM3, 26, 0 %, 0 %, 531 MiB, 81559 MiB
2026/08/05 17:17:59.909, NVIDIA H100 80GB HBM3, 26, 0 %, 0 %, 531 MiB, 81559 MiB
2026/08/05 17:18:02.909, NVIDIA H100 80GB HBM3, 26, 0 %, 0 %, 531 MiB, 81559 MiB
2026/08/05 17:18:05.910, NVIDIA H100 80GB HBM3, 26, 0 %, 0 %, 531 MiB, 81559 MiB
2026/08/05 17:18:08.910, NVIDIA H100 80GB HBM3, 26, 0 %, 0 %, 531 MiB, 81559 MiB
2026/08/05 17:18:11.910, NVIDIA H100 80GB HBM3, 26, 0 %, 0 %, 531 MiB, 81559 MiB
2026/08/05 17:18:14.911, NVIDIA H100 80GB HBM3, 26, 0 %, 0 %, 531 MiB, 81559 MiB
2026/08/05 17:18:17.911, NVIDIA H100 80GB HBM3, 26, 0 %, 0 %, 531 MiB, 81559 MiB
2026/08/05 17:18:20.912, NVIDIA H100 80GB HBM3, 26, 0 %, 0 %, 531 MiB, 81559 MiB
2026/08/05 17:18:23.912, NVIDIA H100 80GB HBM3, 26, 0 %, 0 %, 531 MiB, 81559 MiB
2026/08/05 17:18:26.913, NVIDIA H100 80GB HBM3, 26, 0 %, 0 %, 531 MiB, 81559 MiB
2026/08/05 17:18:29.913, NVIDIA H100 80GB HBM3, 26, 0 %, 0 %, 531 MiB, 81559 MiB
2026/08/05 17:18:32.913, NVIDIA H100 80GB HBM3, 26, 0 %, 0 %, 531 MiB, 81559 MiB
2026/08/05 17:18:35.914, NVIDIA H100 80GB HBM3, 26, 0 %, 0 %, 531 MiB, 81559 MiB
2026/08/05 17:18:38.914, NVIDIA H100 80GB HBM3, 26, 0 %, 0 %, 531 MiB, 81559 MiB
2026/08/05 17:18:41.915, NVIDIA H100 80GB HBM3, 26, 0 %, 0 %, 531 MiB, 81559 MiB
2026/08/05 17:18:44.915, NVIDIA H100 80GB HBM3, 26, 0 %, 0 %, 531 MiB, 81559 MiB
2026/08/05 17:18:47.915, NVIDIA H100 80GB HBM3, 26, 0 %, 0 %, 531 MiB, 81559 MiB
2026/08/05 17:18:50.916, NVIDIA H100 80GB HBM3, 26, 0 %, 0 %, 531 MiB, 81559 MiB
2026/08/05 17:18:53.916, NVIDIA H100 80GB HBM3, 26, 0 %, 0 %, 531 MiB, 81559 MiB
2026/08/05 17:18:56.917, NVIDIA H100 80GB HBM3, 26, 0 %, 0 %, 531 MiB, 81559 MiB
2026/08/05 17:18:59.917, NVIDIA H100 80GB HBM3, 26, 0 %, 0 %, 531 MiB, 81559 MiB
2026/08/05 17:19:02.917, NVIDIA H100 80GB HBM3, 26, 0 %, 0 %, 531 MiB, 81559 MiB
2026/08/05 17:19:05.918, NVIDIA H100 80GB HBM3, 26, 0 %, 0 %, 531 MiB, 81559 MiB
2026/08/05 17:19:08.918, NVIDIA H100 80GB HBM3, 26, 0 %, 0 %, 531 MiB, 81559 MiB
2026/08/05 17:19:11.919, NVIDIA H100 80GB HBM3, 26, 0 %, 0 %, 531 MiB, 81559 MiB
2026/08/05 17:19:14.919, NVIDIA H100 80GB HBM3, 26, 0 %, 0 %, 531 MiB, 81559 MiB
2026/08/05 17:19:17.919, NVIDIA H100 80GB HBM3, 26, 0 %, 0 %, 531 MiB, 81559 MiB
2026/08/05 17:19:20.920, NVIDIA H100 80GB HBM3, 26, 0 %, 0 %, 531 MiB, 81559 MiB
2026/08/05 17:19:23.920, NVIDIA H100 80GB HBM3, 26, 0 %, 0 %, 531 MiB, 81559 MiB
2026/08/05 17:19:26.921, NVIDIA H100 80GB HBM3, 26, 0 %, 0 %, 531 MiB, 81559 MiB
2026/08/05 17:19:29.921, NVIDIA H100 80GB HBM3, 26, 0 %, 0 %, 531 MiB, 81559 MiB
2026/08/05 17:19:32.921, NVIDIA H100 80GB HBM3, 26, 0 %, 0 %, 531 MiB, 81559 MiB
2026/08/05 17:19:35.922, NVIDIA H100 80GB HBM3, 26, 0 %, 0 %, 531 MiB, 81559 MiB
2026/08/05 17:19:38.922, NVIDIA H100 80GB HBM3, 26, 0 %, 0 %, 531 MiB, 81559 MiB
2026/08/05 17:19:41.923, NVIDIA H100 80GB HBM3, 26, 0 %, 0 %, 531 MiB, 81559 MiB
2026/08/05 17:19:44.923, NVIDIA H100 80GB HBM3, 26, 0 %, 0 %, 531 MiB, 81559 MiB
2026/08/05 17:19:47.924, NVIDIA H100 80GB HBM3, 26, 0 %, 0 %, 531 MiB, 81559 MiB
2026/08/05 17:19:50.924, NVIDIA H100 80GB HBM3, 26, 0 %, 0 %, 531 MiB, 81559 MiB
2026/08/05 17:19:53.924, NVIDIA H100 80GB HBM3, 26, 0 %, 0 %, 531 MiB, 81559 MiB
2026/08/05 17:19:56.925, NVIDIA H100 80GB HBM3, 26, 0 %, 0 %, 531 MiB, 81559 MiB
2026/08/05 17:19:59.925, NVIDIA H100 80GB HBM3, 26, 0 %, 0 %, 531 MiB, 81559 MiB
2026/08/05 17:20:02.925, NVIDIA H100 80GB HBM3, 26, 0 %, 0 %, 531 MiB, 81559 MiB
2026/08/05 17:20:05.926, NVIDIA H100 80GB HBM3, 26, 0 %, 0 %, 531 MiB, 81559 MiB
2026/08/05 17:20:08.926, NVIDIA H100 80GB HBM3, 26, 0 %, 0 %, 531 MiB, 81559 MiB
2026/08/05 17:20:11.927, NVIDIA H100 80GB HBM3, 26, 0 %, 0 %, 531 MiB, 81559 MiB
2026/08/05 17:20:14.927, NVIDIA H100 80GB HBM3, 26, 0 %, 0 %, 531 MiB, 81559 MiB
2026/08/05 17:20:17.928, NVIDIA H100 80GB HBM3, 26, 0 %, 0 %, 531 MiB, 81559 MiB
2026/08/05 17:20:20.928, NVIDIA H100 80GB HBM3, 26, 0 %, 0 %, 531 MiB, 81559 MiB
2026/08/05 17:20:23.928, NVIDIA H100 80GB HBM3, 26, 0 %, 0 %, 531 MiB, 81559 MiB
2026/08/05 17:20:26.931, NVIDIA H100 80GB HBM3, 26, 0 %, 0 %, 531 MiB, 81559 MiB
2026/08/05 17:20:29.931, NVIDIA H100 80GB HBM3, 26, 0 %, 0 %, 531 MiB, 81559 MiB
2026/08/05 17:20:32.932, NVIDIA H100 80GB HBM3, 26, 0 %, 0 %, 531 MiB, 81559 MiB
2026/08/05 17:20:35.932, NVIDIA H100 80GB HBM3, 26, 0 %, 0 %, 531 MiB, 81559 MiB
2026/08/05 17:20:38.933, NVIDIA H100 80GB HBM3, 26, 0 %, 0 %, 531 MiB, 81559 MiB
2026/08/05 17:20:41.933, NVIDIA H100 80GB HBM3, 26, 0 %, 0 %, 531 MiB, 81559 MiB
2026/08/05 17:20:44.934, NVIDIA H100 80GB HBM3, 26, 0 %, 0 %, 531 MiB, 81559 MiB
2026/08/05 17:20:47.934, NVIDIA H100 80GB HBM3, 26, 0 %, 0 %, 531 MiB, 81559 MiB
2026/08/05 17:20:50.934, NVIDIA H100 80GB HBM3, 26, 0 %, 0 %, 531 MiB, 81559 MiB
2026/08/05 17:20:53.935, NVIDIA H100 80GB HBM3, 26, 0 %, 0 %, 531 MiB, 81559 MiB
2026/08/05 17:20:56.938, NVIDIA H100 80GB HBM3, 26, 0 %, 0 %, 531 MiB, 81559 MiB
2026/08/05 17:20:59.938, NVIDIA H100 80GB HBM3, 26, 0 %, 0 %, 531 MiB, 81559 MiB
2026/08/05 17:21:02.939, NVIDIA H100 80GB HBM3, 26, 0 %, 0 %, 531 MiB, 81559 MiB
2026/08/05 17:21:05.939, NVIDIA H100 80GB HBM3, 26, 0 %, 0 %, 531 MiB, 81559 MiB
2026/08/05 17:21:08.940, NVIDIA H100 80GB HBM3, 26, 0 %, 0 %, 531 MiB, 81559 MiB
2026/08/05 17:21:11.940, NVIDIA H100 80GB HBM3, 26, 0 %, 0 %, 531 MiB, 81559 MiB
2026/08/05 17:21:14.941, NVIDIA H100 80GB HBM3, 26, 0 %, 0 %, 531 MiB, 81559 MiB
2026/08/05 17:21:17.941, NVIDIA H100 80GB HBM3, 26, 0 %, 0 %, 531 MiB, 81559 MiB
2026/08/05 17:21:20.941, NVIDIA H100 80GB HBM3, 26, 0 %, 0 %, 531 MiB, 81559 MiB
2026/08/05 17:21:23.942, NVIDIA H100 80GB HBM3, 26, 0 %, 0 %, 531 MiB, 81559 MiB
2026/08/05 17:21:26.943, NVIDIA H100 80GB HBM3, 26, 0 %, 0 %, 531 MiB, 81559 MiB
2026/08/05 17:21:29.943, NVIDIA H100 80GB HBM3, 27, 0 %, 0 %, 531 MiB, 81559 MiB
2026/08/05 17:21:32.944, NVIDIA H100 80GB HBM3, 27, 0 %, 0 %, 531 MiB, 81559 MiB
2026/08/05 17:21:35.944, NVIDIA H100 80GB HBM3, 26, 0 %, 0 %, 531 MiB, 81559 MiB
2026/08/05 17:21:38.944, NVIDIA H100 80GB HBM3, 26, 0 %, 0 %, 531 MiB, 81559 MiB
2026/08/05 17:21:41.945, NVIDIA H100 80GB HBM3, 26, 0 %, 0 %, 531 MiB, 81559 MiB
2026/08/05 17:21:44.945, NVIDIA H100 80GB HBM3, 27, 0 %, 0 %, 531 MiB, 81559 MiB
2026/08/05 17:21:47.946, NVIDIA H100 80GB HBM3, 27, 0 %, 0 %, 531 MiB, 81559 MiB
2026/08/05 17:21:50.946, NVIDIA H100 80GB HBM3, 27, 0 %, 0 %, 531 MiB, 81559 MiB
2026/08/05 17:21:53.947, NVIDIA H100 80GB HBM3, 27, 0 %, 0 %, 531 MiB, 81559 MiB
2026/08/05 17:21:56.947, NVIDIA H100 80GB HBM3, 27, 0 %, 0 %, 531 MiB, 81559 MiB
2026/08/05 17:21:59.947, NVIDIA H100 80GB HBM3, 27, 0 %, 0 %, 531 MiB, 81559 MiB
2026/08/05 17:22:02.948, NVIDIA H100 80GB HBM3, 27, 0 %, 0 %, 531 MiB, 81559 MiB
2026/08/05 17:22:05.948, NVIDIA H100 80GB HBM3, 27, 0 %, 0 %, 531 MiB, 81559 MiB
2026/08/05 17:22:08.949, NVIDIA H100 80GB HBM3, 27, 0 %, 0 %, 531 MiB, 81559 MiB
2026/08/05 17:22:11.949, NVIDIA H100 80GB HBM3, 27, 0 %, 0 %, 531 MiB, 81559 MiB
2026/08/05 17:22:14.949, NVIDIA H100 80GB HBM3, 27, 0 %, 0 %, 531 MiB, 81559 MiB
2026/08/05 17:22:17.950, NVIDIA H100 80GB HBM3, 27, 0 %, 0 %, 531 MiB, 81559 MiB
2026/08/05 17:22:20.950, NVIDIA H100 80GB HBM3, 27, 0 %, 0 %, 531 MiB, 81559 MiB
2026/08/05 17:22:23.951, NVIDIA H100 80GB HBM3, 27, 0 %, 0 %, 531 MiB, 81559 MiB
2026/08/05 17:22:26.954, NVIDIA H100 80GB HBM3, 27, 0 %, 0 %, 531 MiB, 81559 MiB
2026/08/05 17:22:29.954, NVIDIA H100 80GB HBM3, 27, 0 %, 0 %, 531 MiB, 81559 MiB
2026/08/05 17:22:32.955, NVIDIA H100 80GB HBM3, 27, 0 %, 0 %, 531 MiB, 81559 MiB
2026/08/05 17:22:35.955, NVIDIA H100 80GB HBM3, 27, 0 %, 0 %, 531 MiB, 81559 MiB
2026/08/05 17:22:38.955, NVIDIA H100 80GB HBM3, 27, 0 %, 0 %, 531 MiB, 81559 MiB
2026/08/05 17:22:41.956, NVIDIA H100 80GB HBM3, 27, 0 %, 0 %, 531 MiB, 81559 MiB
2026/08/05 17:22:44.956, NVIDIA H100 80GB HBM3, 27, 0 %, 0 %, 531 MiB, 81559 MiB
2026/08/05 17:22:47.957, NVIDIA H100 80GB HBM3, 27, 0 %, 0 %, 531 MiB, 81559 MiB
2026/08/05 17:22:50.957, NVIDIA H100 80GB HBM3, 27, 0 %, 0 %, 531 MiB, 81559 MiB
2026/08/05 17:22:53.958, NVIDIA H100 80GB HBM3, 27, 0 %, 0 %, 531 MiB, 81559 MiB
2026/08/05 17:22:56.958, NVIDIA H100 80GB HBM3, 27, 0 %, 0 %, 531 MiB, 81559 MiB
2026/08/05 17:22:59.959, NVIDIA H100 80GB HBM3, 27, 0 %, 0 %, 531 MiB, 81559 MiB
2026/08/05 17:23:02.959, NVIDIA H100 80GB HBM3, 27, 0 %, 0 %, 531 MiB, 81559 MiB
2026/08/05 17:23:05.960, NVIDIA H100 80GB HBM3, 27, 0 %, 0 %, 531 MiB, 81559 MiB
2026/08/05 17:23:08.960, NVIDIA H100 80GB HBM3, 27, 0 %, 0 %, 531 MiB, 81559 MiB
2026/08/05 17:23:11.960, NVIDIA H100 80GB HBM3, 27, 0 %, 0 %, 531 MiB, 81559 MiB
2026/08/05 17:23:14.961, NVIDIA H100 80GB HBM3, 27, 0 %, 0 %, 531 MiB, 81559 MiB
2026/08/05 17:23:17.961, NVIDIA H100 80GB HBM3, 27, 0 %, 0 %, 531 MiB, 81559 MiB
2026/08/05 17:23:20.962, NVIDIA H100 80GB HBM3, 27, 0 %, 0 %, 531 MiB, 81559 MiB
2026/08/05 17:23:23.962, NVIDIA H100 80GB HBM3, 27, 0 %, 0 %, 531 MiB, 81559 MiB
2026/08/05 17:23:26.963, NVIDIA H100 80GB HBM3, 27, 0 %, 0 %, 531 MiB, 81559 MiB
2026/08/05 17:23:29.964, NVIDIA H100 80GB HBM3, 27, 0 %, 0 %, 531 MiB, 81559 MiB
2026/08/05 17:23:32.964, NVIDIA H100 80GB HBM3, 27, 0 %, 0 %, 531 MiB, 81559 MiB
2026/08/05 17:23:35.964, NVIDIA H100 80GB HBM3, 27, 0 %, 0 %, 531 MiB, 81559 MiB
2026/08/05 17:23:38.965, NVIDIA H100 80GB HBM3, 27, 0 %, 0 %, 531 MiB, 81559 MiB
2026/08/05 17:23:41.965, NVIDIA H100 80GB HBM3, 27, 0 %, 0 %, 531 MiB, 81559 MiB
2026/08/05 17:23:44.966, NVIDIA H100 80GB HBM3, 27, 0 %, 0 %, 531 MiB, 81559 MiB
2026/08/05 17:23:47.966, NVIDIA H100 80GB HBM3, 27, 0 %, 0 %, 531 MiB, 81559 MiB
2026/08/05 17:23:50.967, NVIDIA H100 80GB HBM3, 27, 0 %, 0 %, 531 MiB, 81559 MiB
2026/08/05 17:23:53.967, NVIDIA H100 80GB HBM3, 27, 0 %, 0 %, 531 MiB, 81559 MiB
2026/08/05 17:23:56.968, NVIDIA H100 80GB HBM3, 27, 0 %, 0 %, 531 MiB, 81559 MiB
2026/08/05 17:23:59.969, NVIDIA H100 80GB HBM3, 27, 0 %, 0 %, 531 MiB, 81559 MiB
2026/08/05 17:24:02.969, NVIDIA H100 80GB HBM3, 27, 0 %, 0 %, 531 MiB, 81559 MiB
2026/08/05 17:24:05.970, NVIDIA H100 80GB HBM3, 27, 0 %, 0 %, 531 MiB, 81559 MiB
2026/08/05 17:24:08.970, NVIDIA H100 80GB HBM3, 27, 0 %, 0 %, 531 MiB, 81559 MiB
2026/08/05 17:24:11.970, NVIDIA H100 80GB HBM3, 27, 0 %, 0 %, 531 MiB, 81559 MiB
2026/08/05 17:24:14.971, NVIDIA H100 80GB HBM3, 27, 0 %, 0 %, 531 MiB, 81559 MiB
2026/08/05 17:24:17.971, NVIDIA H100 80GB HBM3, 27, 0 %, 0 %, 531 MiB, 81559 MiB
2026/08/05 17:24:20.972, NVIDIA H100 80GB HBM3, 27, 0 %, 0 %, 531 MiB, 81559 MiB
2026/08/05 17:24:23.972, NVIDIA H100 80GB HBM3, 27, 0 %, 0 %, 531 MiB, 81559 MiB
2026/08/05 17:24:26.976, NVIDIA H100 80GB HBM3, 27, 0 %, 0 %, 531 MiB, 81559 MiB
2026/08/05 17:24:29.976, NVIDIA H100 80GB HBM3, 27, 0 %, 0 %, 531 MiB, 81559 MiB
2026/08/05 17:24:32.977, NVIDIA H100 80GB HBM3, 27, 0 %, 0 %, 531 MiB, 81559 MiB
2026/08/05 17:24:35.977, NVIDIA H100 80GB HBM3, 27, 0 %, 0 %, 531 MiB, 81559 MiB
2026/08/05 17:24:38.978, NVIDIA H100 80GB HBM3, 27, 0 %, 0 %, 531 MiB, 81559 MiB
2026/08/05 17:24:41.978, NVIDIA H100 80GB HBM3, 27, 0 %, 0 %, 531 MiB, 81559 MiB
2026/08/05 17:24:44.978, NVIDIA H100 80GB HBM3, 27, 0 %, 0 %, 531 MiB, 81559 MiB
2026/08/05 17:24:47.979, NVIDIA H100 80GB HBM3, 27, 0 %, 0 %, 531 MiB, 81559 MiB
2026/08/05 17:24:50.979, NVIDIA H100 80GB HBM3, 27, 0 %, 0 %, 531 MiB, 81559 MiB
2026/08/05 17:24:53.980, NVIDIA H100 80GB HBM3, 27, 0 %, 0 %, 531 MiB, 81559 MiB
2026/08/05 17:24:56.983, NVIDIA H100 80GB HBM3, 27, 0 %, 0 %, 531 MiB, 81559 MiB
2026/08/05 17:24:59.983, NVIDIA H100 80GB HBM3, 27, 0 %, 0 %, 531 MiB, 81559 MiB
2026/08/05 17:25:02.984, NVIDIA H100 80GB HBM3, 27, 0 %, 0 %, 531 MiB, 81559 MiB
2026/08/05 17:25:05.984, NVIDIA H100 80GB HBM3, 27, 0 %, 0 %, 531 MiB, 81559 MiB
2026/08/05 17:25:08.985, NVIDIA H100 80GB HBM3, 27, 0 %, 0 %, 531 MiB, 81559 MiB
2026/08/05 17:25:11.985, NVIDIA H100 80GB HBM3, 27, 0 %, 0 %, 531 MiB, 81559 MiB
2026/08/05 17:25:14.986, NVIDIA H100 80GB HBM3, 27, 0 %, 0 %, 531 MiB, 81559 MiB
2026/08/05 17:25:17.986, NVIDIA H100 80GB HBM3, 27, 0 %, 0 %, 531 MiB, 81559 MiB
2026/08/05 17:25:20.986, NVIDIA H100 80GB HBM3, 27, 0 %, 0 %, 531 MiB, 81559 MiB
2026/08/05 17:25:23.987, NVIDIA H100 80GB HBM3, 26, 0 %, 0 %, 531 MiB, 81559 MiB
2026/08/05 17:25:26.988, NVIDIA H100 80GB HBM3, 26, 0 %, 0 %, 531 MiB, 81559 MiB
2026/08/05 17:25:29.988, NVIDIA H100 80GB HBM3, 27, 0 %, 0 %, 531 MiB, 81559 MiB
2026/08/05 17:25:32.989, NVIDIA H100 80GB HBM3, 27, 0 %, 0 %, 531 MiB, 81559 MiB
2026/08/05 17:25:35.989, NVIDIA H100 80GB HBM3, 26, 0 %, 0 %, 531 MiB, 81559 MiB
2026/08/05 17:25:38.990, NVIDIA H100 80GB HBM3, 26, 0 %, 0 %, 531 MiB, 81559 MiB
2026/08/05 17:25:41.990, NVIDIA H100 80GB HBM3, 26, 0 %, 0 %, 531 MiB, 81559 MiB
2026/08/05 17:25:44.990, NVIDIA H100 80GB HBM3, 26, 0 %, 0 %, 531 MiB, 81559 MiB
2026/08/05 17:25:47.991, NVIDIA H100 80GB HBM3, 27, 0 %, 0 %, 531 MiB, 81559 MiB
2026/08/05 17:25:50.991, NVIDIA H100 80GB HBM3, 27, 0 %, 0 %, 531 MiB, 81559 MiB
2026/08/05 17:25:53.991, NVIDIA H100 80GB HBM3, 26, 0 %, 0 %, 531 MiB, 81559 MiB
2026/08/05 17:25:56.992, NVIDIA H100 80GB HBM3, 26, 0 %, 0 %, 531 MiB, 81559 MiB
2026/08/05 17:25:59.992, NVIDIA H100 80GB HBM3, 26, 0 %, 0 %, 531 MiB, 81559 MiB
2026/08/05 17:26:02.993, NVIDIA H100 80GB HBM3, 26, 0 %, 0 %, 531 MiB, 81559 MiB
2026/08/05 17:26:05.993, NVIDIA H100 80GB HBM3, 26, 0 %, 0 %, 531 MiB, 81559 MiB
2026/08/05 17:26:08.994, NVIDIA H100 80GB HBM3, 26, 0 %, 0 %, 531 MiB, 81559 MiB
2026/08/05 17:26:11.994, NVIDIA H100 80GB HBM3, 26, 0 %, 0 %, 531 MiB, 81559 MiB
2026/08/05 17:26:14.994, NVIDIA H100 80GB HBM3, 26, 0 %, 0 %, 531 MiB, 81559 MiB
2026/08/05 17:26:17.995, NVIDIA H100 80GB HBM3, 26, 0 %, 0 %, 531 MiB, 81559 MiB
2026/08/05 17:26:20.995, NVIDIA H100 80GB HBM3, 26, 0 %, 0 %, 531 MiB, 81559 MiB
2026/08/05 17:26:23.995, NVIDIA H100 80GB HBM3, 27, 0 %, 0 %, 531 MiB, 81559 MiB
2026/08/05 17:26:26.999, NVIDIA H100 80GB HBM3, 26, 0 %, 0 %, 531 MiB, 81559 MiB
2026/08/05 17:26:29.999, NVIDIA H100 80GB HBM3, 27, 0 %, 0 %, 531 MiB, 81559 MiB
2026/08/05 17:26:33.000, NVIDIA H100 80GB HBM3, 26, 0 %, 0 %, 531 MiB, 81559 MiB
2026/08/05 17:26:36.000, NVIDIA H100 80GB HBM3, 27, 0 %, 0 %, 531 MiB, 81559 MiB
2026/08/05 17:26:39.000, NVIDIA H100 80GB HBM3, 27, 0 %, 0 %, 531 MiB, 81559 MiB
2026/08/05 17:26:42.001, NVIDIA H100 80GB HBM3, 27, 0 %, 0 %, 531 MiB, 81559 MiB
2026/08/05 17:26:45.001, NVIDIA H100 80GB HBM3, 27, 0 %, 0 %, 531 MiB, 81559 MiB
2026/08/05 17:26:48.002, NVIDIA H100 80GB HBM3, 27, 0 %, 0 %, 531 MiB, 81559 MiB
2026/08/05 17:26:51.002, NVIDIA H100 80GB HBM3, 27, 0 %, 0 %, 531 MiB, 81559 MiB
2026/08/05 17:26:54.002, NVIDIA H100 80GB HBM3, 27, 0 %, 0 %, 531 MiB, 81559 MiB
2026/08/05 17:26:57.005, NVIDIA H100 80GB HBM3, 27, 0 %, 0 %, 531 MiB, 81559 MiB
2026/08/05 17:27:00.006, NVIDIA H100 80GB HBM3, 27, 0 %, 0 %, 531 MiB, 81559 MiB
2026/08/05 17:27:03.006, NVIDIA H100 80GB HBM3, 27, 0 %, 0 %, 531 MiB, 81559 MiB
2026/08/05 17:27:06.006, NVIDIA H100 80GB HBM3, 27, 0 %, 0 %, 531 MiB, 81559 MiB
2026/08/05 17:27:09.007, NVIDIA H100 80GB HBM3, 27, 0 %, 0 %, 531 MiB, 81559 MiB
2026/08/05 17:27:12.007, NVIDIA H100 80GB HBM3, 27, 0 %, 0 %, 531 MiB, 81559 MiB
2026/08/05 17:27:15.008, NVIDIA H100 80GB HBM3, 27, 0 %, 0 %, 531 MiB, 81559 MiB
2026/08/05 17:27:18.008, NVIDIA H100 80GB HBM3, 26, 0 %, 0 %, 531 MiB, 81559 MiB
2026/08/05 17:27:21.008, NVIDIA H100 80GB HBM3, 27, 0 %, 0 %, 531 MiB, 81559 MiB
2026/08/05 17:27:24.008, NVIDIA H100 80GB HBM3, 26, 0 %, 0 %, 531 MiB, 81559 MiB
2026/08/05 17:27:27.012, NVIDIA H100 80GB HBM3, 27, 0 %, 0 %, 531 MiB, 81559 MiB
2026/08/05 17:27:30.013, NVIDIA H100 80GB HBM3, 26, 0 %, 0 %, 531 MiB, 81559 MiB
2026/08/05 17:27:33.013, NVIDIA H100 80GB HBM3, 27, 0 %, 0 %, 531 MiB, 81559 MiB
2026/08/05 17:27:36.013, NVIDIA H100 80GB HBM3, 27, 0 %, 0 %, 531 MiB, 81559 MiB
2026/08/05 17:27:39.014, NVIDIA H100 80GB HBM3, 27, 0 %, 0 %, 531 MiB, 81559 MiB
2026/08/05 17:27:42.014, NVIDIA H100 80GB HBM3, 27, 0 %, 0 %, 531 MiB, 81559 MiB
2026/08/05 17:27:45.015, NVIDIA H100 80GB HBM3, 26, 0 %, 0 %, 531 MiB, 81559 MiB
2026/08/05 17:27:48.015, NVIDIA H100 80GB HBM3, 26, 0 %, 0 %, 531 MiB, 81559 MiB
2026/08/05 17:27:51.015, NVIDIA H100 80GB HBM3, 26, 0 %, 0 %, 531 MiB, 81559 MiB
2026/08/05 17:27:54.016, NVIDIA H100 80GB HBM3, 26, 0 %, 0 %, 531 MiB, 81559 MiB
2026/08/05 17:27:57.017, NVIDIA H100 80GB HBM3, 26, 0 %, 0 %, 531 MiB, 81559 MiB
2026/08/05 17:28:00.017, NVIDIA H100 80GB HBM3, 26, 0 %, 0 %, 531 MiB, 81559 MiB
2026/08/05 17:28:03.017, NVIDIA H100 80GB HBM3, 26, 0 %, 0 %, 531 MiB, 81559 MiB
2026/08/05 17:28:06.018, NVIDIA H100 80GB HBM3, 26, 0 %, 0 %, 531 MiB, 81559 MiB
2026/08/05 17:28:09.018, NVIDIA H100 80GB HBM3, 26, 0 %, 0 %, 531 MiB, 81559 MiB
2026/08/05 17:28:12.018, NVIDIA H100 80GB HBM3, 26, 0 %, 0 %, 531 MiB, 81559 MiB
2026/08/05 17:28:15.019, NVIDIA H100 80GB HBM3, 26, 0 %, 0 %, 531 MiB, 81559 MiB
2026/08/05 17:28:18.019, NVIDIA H100 80GB HBM3, 26, 0 %, 0 %, 531 MiB, 81559 MiB
2026/08/05 17:28:21.019, NVIDIA H100 80GB HBM3, 26, 0 %, 0 %, 531 MiB, 81559 MiB
2026/08/05 17:28:24.020, NVIDIA H100 80GB HBM3, 26, 0 %, 0 %, 531 MiB, 81559 MiB
2026/08/05 17:28:27.021, NVIDIA H100 80GB HBM3, 26, 0 %, 0 %, 531 MiB, 81559 MiB
2026/08/05 17:28:30.021, NVIDIA H100 80GB HBM3, 26, 0 %, 0 %, 531 MiB, 81559 MiB
2026/08/05 17:28:33.021, NVIDIA H100 80GB HBM3, 26, 0 %, 0 %, 531 MiB, 81559 MiB
2026/08/05 17:28:36.022, NVIDIA H100 80GB HBM3, 26, 0 %, 0 %, 531 MiB, 81559 MiB
2026/08/05 17:28:39.022, NVIDIA H100 80GB HBM3, 26, 0 %, 0 %, 531 MiB, 81559 MiB
2026/08/05 17:28:42.023, NVIDIA H100 80GB HBM3, 26, 0 %, 0 %, 531 MiB, 81559 MiB
2026/08/05 17:28:45.023, NVIDIA H100 80GB HBM3, 26, 0 %, 0 %, 531 MiB, 81559 MiB
2026/08/05 17:28:48.023, NVIDIA H100 80GB HBM3, 26, 0 %, 0 %, 531 MiB, 81559 MiB
2026/08/05 17:28:51.024, NVIDIA H100 80GB HBM3, 26, 0 %, 0 %, 531 MiB, 81559 MiB
2026/08/05 17:28:54.024, NVIDIA H100 80GB HBM3, 26, 0 %, 0 %, 531 MiB, 81559 MiB
2026/08/05 17:28:57.025, NVIDIA H100 80GB HBM3, 26, 0 %, 0 %, 531 MiB, 81559 MiB
2026/08/05 17:29:00.025, NVIDIA H100 80GB HBM3, 26, 0 %, 0 %, 531 MiB, 81559 MiB
2026/08/05 17:29:03.026, NVIDIA H100 80GB HBM3, 26, 0 %, 0 %, 531 MiB, 81559 MiB
2026/08/05 17:29:06.026, NVIDIA H100 80GB HBM3, 26, 0 %, 0 %, 531 MiB, 81559 MiB
2026/08/05 17:29:09.026, NVIDIA H100 80GB HBM3, 26, 0 %, 0 %, 531 MiB, 81559 MiB
2026/08/05 17:29:12.027, NVIDIA H100 80GB HBM3, 26, 0 %, 0 %, 531 MiB, 81559 MiB
2026/08/05 17:29:15.027, NVIDIA H100 80GB HBM3, 26, 0 %, 0 %, 531 MiB, 81559 MiB
2026/08/05 17:29:18.028, NVIDIA H100 80GB HBM3, 26, 0 %, 0 %, 531 MiB, 81559 MiB
2026/08/05 17:29:21.028, NVIDIA H100 80GB HBM3, 26, 0 %, 0 %, 531 MiB, 81559 MiB
2026/08/05 17:29:24.028, NVIDIA H100 80GB HBM3, 26, 0 %, 0 %, 531 MiB, 81559 MiB
2026/08/05 17:29:27.031, NVIDIA H100 80GB HBM3, 26, 0 %, 0 %, 531 MiB, 81559 MiB
2026/08/05 17:29:30.032, NVIDIA H100 80GB HBM3, 26, 0 %, 0 %, 531 MiB, 81559 MiB
2026/08/05 17:29:33.032, NVIDIA H100 80GB HBM3, 26, 0 %, 0 %, 531 MiB, 81559 MiB
2026/08/05 17:29:36.032, NVIDIA H100 80GB HBM3, 26, 0 %, 0 %, 531 MiB, 81559 MiB
2026/08/05 17:29:39.033, NVIDIA H100 80GB HBM3, 26, 0 %, 0 %, 531 MiB, 81559 MiB
2026/08/05 17:29:42.033, NVIDIA H100 80GB HBM3, 26, 0 %, 0 %, 531 MiB, 81559 MiB
2026/08/05 17:29:45.034, NVIDIA H100 80GB HBM3, 26, 0 %, 0 %, 531 MiB, 81559 MiB
2026/08/05 17:29:48.034, NVIDIA H100 80GB HBM3, 26, 0 %, 0 %, 531 MiB, 81559 MiB
2026/08/05 17:29:51.034, NVIDIA H100 80GB HBM3, 26, 0 %, 0 %, 531 MiB, 81559 MiB
2026/08/05 17:29:54.035, NVIDIA H100 80GB HBM3, 26, 0 %, 0 %, 531 MiB, 81559 MiB
2026/08/05 17:29:57.037, NVIDIA H100 80GB HBM3, 26, 0 %, 0 %, 531 MiB, 81559 MiB
2026/08/05 17:30:00.038, NVIDIA H100 80GB HBM3, 26, 0 %, 0 %, 531 MiB, 81559 MiB
2026/08/05 17:30:03.038, NVIDIA H100 80GB HBM3, 26, 0 %, 0 %, 531 MiB, 81559 MiB
2026/08/05 17:30:06.039, NVIDIA H100 80GB HBM3, 26, 0 %, 0 %, 531 MiB, 81559 MiB
2026/08/05 17:30:09.039, NVIDIA H100 80GB HBM3, 26, 0 %, 0 %, 531 MiB, 81559 MiB
2026/08/05 17:30:12.039, NVIDIA H100 80GB HBM3, 26, 0 %, 0 %, 531 MiB, 81559 MiB
2026/08/05 17:30:15.040, NVIDIA H100 80GB HBM3, 26, 0 %, 0 %, 531 MiB, 81559 MiB
2026/08/05 17:30:18.040, NVIDIA H100 80GB HBM3, 26, 0 %, 0 %, 531 MiB, 81559 MiB
2026/08/05 17:30:21.040, NVIDIA H100 80GB HBM3, 26, 0 %, 0 %, 531 MiB, 81559 MiB
2026/08/05 17:30:24.041, NVIDIA H100 80GB HBM3, 26, 0 %, 0 %, 531 MiB, 81559 MiB
2026/08/05 17:30:27.041, NVIDIA H100 80GB HBM3, 26, 0 %, 0 %, 531 MiB, 81559 MiB
2026/08/05 17:30:30.041, NVIDIA H100 80GB HBM3, 26, 0 %, 0 %, 531 MiB, 81559 MiB
2026/08/05 17:30:33.042, NVIDIA H100 80GB HBM3, 26, 0 %, 0 %, 531 MiB, 81559 MiB
2026/08/05 17:30:36.042, NVIDIA H100 80GB HBM3, 26, 0 %, 0 %, 531 MiB, 81559 MiB
2026/08/05 17:30:39.043, NVIDIA H100 80GB HBM3, 26, 0 %, 0 %, 531 MiB, 81559 MiB
2026/08/05 17:30:42.043, NVIDIA H100 80GB HBM3, 26, 0 %, 0 %, 531 MiB, 81559 MiB
2026/08/05 17:30:45.044, NVIDIA H100 80GB HBM3, 26, 0 %, 0 %, 531 MiB, 81559 MiB
2026/08/05 17:30:48.044, NVIDIA H100 80GB HBM3, 26, 0 %, 0 %, 531 MiB, 81559 MiB
2026/08/05 17:30:51.044, NVIDIA H100 80GB HBM3, 26, 0 %, 0 %, 531 MiB, 81559 MiB
2026/08/05 17:30:54.045, NVIDIA H100 80GB HBM3, 26, 0 %, 0 %, 531 MiB, 81559 MiB
2026/08/05 17:30:57.049, NVIDIA H100 80GB HBM3, 26, 0 %, 0 %, 531 MiB, 81559 MiB
2026/08/05 17:31:00.049, NVIDIA H100 80GB HBM3, 26, 0 %, 0 %, 531 MiB, 81559 MiB
2026/08/05 17:31:03.049, NVIDIA H100 80GB HBM3, 26, 0 %, 0 %, 531 MiB, 81559 MiB
2026/08/05 17:31:06.050, NVIDIA H100 80GB HBM3, 26, 0 %, 0 %, 531 MiB, 81559 MiB
2026/08/05 17:31:09.050, NVIDIA H100 80GB HBM3, 26, 0 %, 0 %, 531 MiB, 81559 MiB
2026/08/05 17:31:12.051, NVIDIA H100 80GB HBM3, 26, 0 %, 0 %, 531 MiB, 81559 MiB
2026/08/05 17:31:15.051, NVIDIA H100 80GB HBM3, 26, 0 %, 0 %, 531 MiB, 81559 MiB
2026/08/05 17:31:18.051, NVIDIA H100 80GB HBM3, 26, 0 %, 0 %, 531 MiB, 81559 MiB
2026/08/05 17:31:21.052, NVIDIA H100 80GB HBM3, 26, 0 %, 0 %, 531 MiB, 81559 MiB
2026/08/05 17:31:24.052, NVIDIA H100 80GB HBM3, 26, 0 %, 0 %, 531 MiB, 81559 MiB
2026/08/05 17:31:27.054, NVIDIA H100 80GB HBM3, 26, 0 %, 0 %, 531 MiB, 81559 MiB
2026/08/05 17:31:30.055, NVIDIA H100 80GB HBM3, 26, 0 %, 0 %, 531 MiB, 81559 MiB
2026/08/05 17:31:33.055, NVIDIA H100 80GB HBM3, 26, 0 %, 0 %, 531 MiB, 81559 MiB
2026/08/05 17:31:36.055, NVIDIA H100 80GB HBM3, 26, 0 %, 0 %, 531 MiB, 81559 MiB
2026/08/05 17:31:39.056, NVIDIA H100 80GB HBM3, 26, 0 %, 0 %, 531 MiB, 81559 MiB
2026/08/05 17:31:42.056, NVIDIA H100 80GB HBM3, 26, 0 %, 0 %, 531 MiB, 81559 MiB
2026/08/05 17:31:45.057, NVIDIA H100 80GB HBM3, 26, 0 %, 0 %, 531 MiB, 81559 MiB
2026/08/05 17:31:48.057, NVIDIA H100 80GB HBM3, 26, 0 %, 0 %, 531 MiB, 81559 MiB
2026/08/05 17:31:51.057, NVIDIA H100 80GB HBM3, 26, 0 %, 0 %, 531 MiB, 81559 MiB
2026/08/05 17:31:54.058, NVIDIA H100 80GB HBM3, 26, 0 %, 0 %, 531 MiB, 81559 MiB
2026/08/05 17:31:57.058, NVIDIA H100 80GB HBM3, 26, 0 %, 0 %, 531 MiB, 81559 MiB
2026/08/05 17:32:00.059, NVIDIA H100 80GB HBM3, 26, 0 %, 0 %, 531 MiB, 81559 MiB
2026/08/05 17:32:03.059, NVIDIA H100 80GB HBM3, 26, 0 %, 0 %, 605 MiB, 81559 MiB
2026/08/05 17:32:06.060, NVIDIA H100 80GB HBM3, 26, 0 %, 0 %, 785 MiB, 81559 MiB
2026/08/05 17:32:09.060, NVIDIA H100 80GB HBM3, 26, 0 %, 0 %, 785 MiB, 81559 MiB
2026/08/05 17:32:12.060, NVIDIA H100 80GB HBM3, 26, 0 %, 0 %, 787 MiB, 81559 MiB
2026/08/05 17:32:15.061, NVIDIA H100 80GB HBM3, 26, 0 %, 0 %, 791 MiB, 81559 MiB
2026/08/05 17:32:20.166, NVIDIA H100 80GB HBM3, 26, 0 %, 0 %, 801 MiB, 81559 MiB
2026/08/05 17:32:23.166, NVIDIA H100 80GB HBM3, 26, 0 %, 0 %, 23255 MiB, 81559 MiB
2026/08/05 17:32:26.167, NVIDIA H100 80GB HBM3, 36, 87 %, 33 %, 17893 MiB, 81559 MiB
2026/08/05 17:32:29.167, NVIDIA H100 80GB HBM3, 26, 0 %, 0 %, 20131 MiB, 81559 MiB
2026/08/05 17:32:32.504, NVIDIA H100 80GB HBM3, 28, 4 %, 2 %, 28377 MiB, 81559 MiB
2026/08/05 17:32:35.504, NVIDIA H100 80GB HBM3, 29, 100 %, 29 %, 42567 MiB, 81559 MiB
2026/08/05 17:32:38.505, NVIDIA H100 80GB HBM3, 28, 2 %, 1 %, 59905 MiB, 81559 MiB
2026/08/05 17:32:41.505, NVIDIA H100 80GB HBM3, 38, 100 %, 16 %, 63591 MiB, 81559 MiB
2026/08/05 17:32:44.505, NVIDIA H100 80GB HBM3, 39, 98 %, 26 %, 65709 MiB, 81559 MiB
2026/08/05 17:32:47.506, NVIDIA H100 80GB HBM3, 31, 100 %, 1 %, 53085 MiB, 81559 MiB
2026/08/05 17:32:50.508, NVIDIA H100 80GB HBM3, 40, 100 %, 12 %, 47851 MiB, 81559 MiB
2026/08/05 17:32:53.508, NVIDIA H100 80GB HBM3, 39, 51 %, 14 %, 32347 MiB, 81559 MiB
2026/08/05 17:32:56.509, NVIDIA H100 80GB HBM3, 33, 100 %, 2 %, 31341 MiB, 81559 MiB
2026/08/05 17:32:59.509, NVIDIA H100 80GB HBM3, 29, 100 %, 1 %, 31341 MiB, 81559 MiB
2026/08/05 17:33:02.510, NVIDIA H100 80GB HBM3, 42, 99 %, 48 %, 75123 MiB, 81559 MiB
2026/08/05 17:33:05.510, NVIDIA H100 80GB HBM3, 38, 75 %, 40 %, 75123 MiB, 81559 MiB
2026/08/05 17:33:08.510, NVIDIA H100 80GB HBM3, 43, 100 %, 53 %, 75123 MiB, 81559 MiB
2026/08/05 17:33:11.511, NVIDIA H100 80GB HBM3, 42, 100 %, 54 %, 75123 MiB, 81559 MiB
2026/08/05 17:33:14.511, NVIDIA H100 80GB HBM3, 43, 100 %, 54 %, 75123 MiB, 81559 MiB
2026/08/05 17:33:17.512, NVIDIA H100 80GB HBM3, 43, 100 %, 48 %, 75123 MiB, 81559 MiB
2026/08/05 17:33:20.512, NVIDIA H100 80GB HBM3, 43, 100 %, 49 %, 75123 MiB, 81559 MiB
2026/08/05 17:33:23.512, NVIDIA H100 80GB HBM3, 44, 100 %, 54 %, 75123 MiB, 81559 MiB
2026/08/05 17:33:26.513, NVIDIA H100 80GB HBM3, 45, 100 %, 57 %, 75123 MiB, 81559 MiB
2026/08/05 17:33:29.513, NVIDIA H100 80GB HBM3, 43, 100 %, 40 %, 75123 MiB, 81559 MiB
2026/08/05 17:33:32.514, NVIDIA H100 80GB HBM3, 43, 100 %, 48 %, 75123 MiB, 81559 MiB
2026/08/05 17:33:35.514, NVIDIA H100 80GB HBM3, 44, 100 %, 51 %, 75123 MiB, 81559 MiB
2026/08/05 17:33:38.514, NVIDIA H100 80GB HBM3, 46, 100 %, 52 %, 75123 MiB, 81559 MiB
2026/08/05 17:33:41.515, NVIDIA H100 80GB HBM3, 43, 100 %, 59 %, 75123 MiB, 81559 MiB
2026/08/05 17:33:44.515, NVIDIA H100 80GB HBM3, 44, 100 %, 57 %, 75123 MiB, 81559 MiB
2026/08/05 17:33:47.516, NVIDIA H100 80GB HBM3, 44, 100 %, 56 %, 75123 MiB, 81559 MiB
2026/08/05 17:33:50.516, NVIDIA H100 80GB HBM3, 44, 100 %, 53 %, 75123 MiB, 81559 MiB
2026/08/05 17:33:53.516, NVIDIA H100 80GB HBM3, 44, 100 %, 51 %, 75123 MiB, 81559 MiB
2026/08/05 17:33:56.517, NVIDIA H100 80GB HBM3, 44, 100 %, 43 %, 75123 MiB, 81559 MiB
2026/08/05 17:33:59.517, NVIDIA H100 80GB HBM3, 43, 100 %, 66 %, 75123 MiB, 81559 MiB
2026/08/05 17:34:02.518, NVIDIA H100 80GB HBM3, 44, 100 %, 56 %, 75123 MiB, 81559 MiB
2026/08/05 17:34:05.518, NVIDIA H100 80GB HBM3, 45, 100 %, 68 %, 75123 MiB, 81559 MiB
2026/08/05 17:34:08.518, NVIDIA H100 80GB HBM3, 43, 100 %, 64 %, 75123 MiB, 81559 MiB
2026/08/05 17:34:11.519, NVIDIA H100 80GB HBM3, 44, 98 %, 64 %, 75123 MiB, 81559 MiB
2026/08/05 17:34:14.519, NVIDIA H100 80GB HBM3, 44, 100 %, 51 %, 75123 MiB, 81559 MiB
2026/08/05 17:34:17.520, NVIDIA H100 80GB HBM3, 45, 100 %, 61 %, 75123 MiB, 81559 MiB
2026/08/05 17:34:20.520, NVIDIA H100 80GB HBM3, 44, 100 %, 54 %, 75123 MiB, 81559 MiB
2026/08/05 17:34:23.520, NVIDIA H100 80GB HBM3, 44, 100 %, 53 %, 75123 MiB, 81559 MiB
2026/08/05 17:34:26.521, NVIDIA H100 80GB HBM3, 45, 100 %, 53 %, 75123 MiB, 81559 MiB
2026/08/05 17:34:29.521, NVIDIA H100 80GB HBM3, 43, 100 %, 54 %, 75123 MiB, 81559 MiB
2026/08/05 17:34:32.522, NVIDIA H100 80GB HBM3, 45, 100 %, 57 %, 75123 MiB, 81559 MiB
2026/08/05 17:34:35.522, NVIDIA H100 80GB HBM3, 44, 100 %, 65 %, 75123 MiB, 81559 MiB
2026/08/05 17:34:38.522, NVIDIA H100 80GB HBM3, 38, 97 %, 34 %, 15179 MiB, 81559 MiB
2026/08/05 17:34:41.523, NVIDIA H100 80GB HBM3, 38, 100 %, 14 %, 45345 MiB, 81559 MiB
2026/08/05 17:34:44.523, NVIDIA H100 80GB HBM3, 40, 100 %, 22 %, 42381 MiB, 81559 MiB
2026/08/05 17:34:47.524, NVIDIA H100 80GB HBM3, 38, 88 %, 12 %, 33497 MiB, 81559 MiB
2026/08/05 17:34:50.524, NVIDIA H100 80GB HBM3, 39, 51 %, 9 %, 27217 MiB, 81559 MiB
2026/08/05 17:34:53.524, NVIDIA H100 80GB HBM3, 36, 100 %, 22 %, 23337 MiB, 81559 MiB
2026/08/05 17:34:56.525, NVIDIA H100 80GB HBM3, 31, 100 %, 0 %, 23337 MiB, 81559 MiB
2026/08/05 17:34:59.525, NVIDIA H100 80GB HBM3, 27, 0 %, 0 %, 15315 MiB, 81559 MiB
2026/08/05 17:35:02.526, NVIDIA H100 80GB HBM3, 26, 0 %, 0 %, 15315 MiB, 81559 MiB
2026/08/05 17:35:05.526, NVIDIA H100 80GB HBM3, 37, 39 %, 14 %, 30019 MiB, 81559 MiB
2026/08/05 17:35:08.526, NVIDIA H100 80GB HBM3, 37, 100 %, 21 %, 21909 MiB, 81559 MiB
2026/08/05 17:35:11.530, NVIDIA H100 80GB HBM3, 41, 100 %, 34 %, 10991 MiB, 81559 MiB
2026/08/05 17:35:14.530, NVIDIA H100 80GB HBM3, 27, 0 %, 0 %, 10991 MiB, 81559 MiB
2026/08/05 17:35:17.530, NVIDIA H100 80GB HBM3, 39, 100 %, 47 %, 74729 MiB, 81559 MiB
2026/08/05 17:35:20.531, NVIDIA H100 80GB HBM3, 38, 1 %, 1 %, 74729 MiB, 81559 MiB
2026/08/05 17:35:23.531, NVIDIA H100 80GB HBM3, 37, 100 %, 63 %, 74729 MiB, 81559 MiB
2026/08/05 17:35:26.532, NVIDIA H100 80GB HBM3, 38, 100 %, 67 %, 74729 MiB, 81559 MiB
2026/08/05 17:35:29.532, NVIDIA H100 80GB HBM3, 44, 100 %, 56 %, 74729 MiB, 81559 MiB
2026/08/05 17:35:32.532, NVIDIA H100 80GB HBM3, 42, 100 %, 59 %, 74729 MiB, 81559 MiB
2026/08/05 17:35:35.533, NVIDIA H100 80GB HBM3, 44, 100 %, 61 %, 74729 MiB, 81559 MiB
2026/08/05 17:35:38.533, NVIDIA H100 80GB HBM3, 37, 98 %, 56 %, 74729 MiB, 81559 MiB
2026/08/05 17:35:41.534, NVIDIA H100 80GB HBM3, 45, 100 %, 52 %, 74729 MiB, 81559 MiB
2026/08/05 17:35:44.534, NVIDIA H100 80GB HBM3, 44, 57 %, 28 %, 74729 MiB, 81559 MiB
2026/08/05 17:35:47.534, NVIDIA H100 80GB HBM3, 44, 99 %, 69 %, 74729 MiB, 81559 MiB
2026/08/05 17:35:50.535, NVIDIA H100 80GB HBM3, 44, 99 %, 66 %, 74729 MiB, 81559 MiB
2026/08/05 17:35:53.535, NVIDIA H100 80GB HBM3, 43, 100 %, 65 %, 74729 MiB, 81559 MiB
2026/08/05 17:35:56.536, NVIDIA H100 80GB HBM3, 42, 97 %, 51 %, 74729 MiB, 81559 MiB
2026/08/05 17:35:59.536, NVIDIA H100 80GB HBM3, 44, 100 %, 67 %, 74729 MiB, 81559 MiB
2026/08/05 17:36:02.537, NVIDIA H100 80GB HBM3, 43, 100 %, 68 %, 74729 MiB, 81559 MiB
2026/08/05 17:36:05.537, NVIDIA H100 80GB HBM3, 44, 99 %, 70 %, 74729 MiB, 81559 MiB
2026/08/05 17:36:08.537, NVIDIA H100 80GB HBM3, 44, 100 %, 69 %, 74729 MiB, 81559 MiB
2026/08/05 17:36:11.538, NVIDIA H100 80GB HBM3, 44, 100 %, 67 %, 74729 MiB, 81559 MiB
2026/08/05 17:36:14.538, NVIDIA H100 80GB HBM3, 37, 10 %, 3 %, 74729 MiB, 81559 MiB
2026/08/05 17:36:17.538, NVIDIA H100 80GB HBM3, 40, 100 %, 53 %, 74729 MiB, 81559 MiB
2026/08/05 17:36:20.539, NVIDIA H100 80GB HBM3, 39, 100 %, 59 %, 74729 MiB, 81559 MiB
2026/08/05 17:36:23.539, NVIDIA H100 80GB HBM3, 45, 79 %, 45 %, 74729 MiB, 81559 MiB
2026/08/05 17:36:26.540, NVIDIA H100 80GB HBM3, 43, 100 %, 65 %, 74729 MiB, 81559 MiB
2026/08/05 17:36:29.540, NVIDIA H100 80GB HBM3, 46, 100 %, 42 %, 74729 MiB, 81559 MiB
2026/08/05 17:36:32.541, NVIDIA H100 80GB HBM3, 44, 100 %, 56 %, 74729 MiB, 81559 MiB
2026/08/05 17:36:35.541, NVIDIA H100 80GB HBM3, 45, 100 %, 42 %, 74729 MiB, 81559 MiB
2026/08/05 17:36:38.541, NVIDIA H100 80GB HBM3, 43, 99 %, 61 %, 74729 MiB, 81559 MiB
2026/08/05 17:36:41.542, NVIDIA H100 80GB HBM3, 44, 100 %, 46 %, 74729 MiB, 81559 MiB
2026/08/05 17:36:44.542, NVIDIA H100 80GB HBM3, 45, 100 %, 55 %, 74729 MiB, 81559 MiB
2026/08/05 17:36:47.543, NVIDIA H100 80GB HBM3, 45, 100 %, 58 %, 74729 MiB, 81559 MiB
2026/08/05 17:36:50.543, NVIDIA H100 80GB HBM3, 44, 100 %, 67 %, 74729 MiB, 81559 MiB
2026/08/05 17:36:53.544, NVIDIA H100 80GB HBM3, 45, 100 %, 47 %, 74729 MiB, 81559 MiB
2026/08/05 17:36:56.544, NVIDIA H100 80GB HBM3, 29, 0 %, 0 %, 74729 MiB, 81559 MiB
2026/08/05 17:36:59.544, NVIDIA H100 80GB HBM3, 36, 0 %, 0 %, 74729 MiB, 81559 MiB
2026/08/05 17:37:02.545, NVIDIA H100 80GB HBM3, 43, 100 %, 64 %, 74729 MiB, 81559 MiB
2026/08/05 17:37:05.545, NVIDIA H100 80GB HBM3, 28, 0 %, 0 %, 74729 MiB, 81559 MiB
2026/08/05 17:37:08.545, NVIDIA H100 80GB HBM3, 28, 0 %, 0 %, 74729 MiB, 81559 MiB
2026/08/05 17:37:11.546, NVIDIA H100 80GB HBM3, 37, 79 %, 52 %, 74729 MiB, 81559 MiB
2026/08/05 17:37:14.546, NVIDIA H100 80GB HBM3, 42, 100 %, 65 %, 74729 MiB, 81559 MiB
2026/08/05 17:37:17.547, NVIDIA H100 80GB HBM3, 42, 31 %, 12 %, 74729 MiB, 81559 MiB
2026/08/05 17:37:20.547, NVIDIA H100 80GB HBM3, 44, 100 %, 68 %, 74729 MiB, 81559 MiB
2026/08/05 17:37:23.547, NVIDIA H100 80GB HBM3, 43, 83 %, 44 %, 74729 MiB, 81559 MiB
2026/08/05 17:37:26.548, NVIDIA H100 80GB HBM3, 43, 100 %, 63 %, 74729 MiB, 81559 MiB
2026/08/05 17:37:29.548, NVIDIA H100 80GB HBM3, 43, 98 %, 66 %, 74729 MiB, 81559 MiB
2026/08/05 17:37:32.549, NVIDIA H100 80GB HBM3, 43, 98 %, 62 %, 74729 MiB, 81559 MiB
2026/08/05 17:37:35.549, NVIDIA H100 80GB HBM3, 43, 98 %, 62 %, 74729 MiB, 81559 MiB
2026/08/05 17:37:38.550, NVIDIA H100 80GB HBM3, 43, 99 %, 63 %, 74729 MiB, 81559 MiB
2026/08/05 17:37:41.550, NVIDIA H100 80GB HBM3, 44, 98 %, 69 %, 74729 MiB, 81559 MiB
2026/08/05 17:37:44.550, NVIDIA H100 80GB HBM3, 42, 100 %, 64 %, 74729 MiB, 81559 MiB
2026/08/05 17:37:47.551, NVIDIA H100 80GB HBM3, 43, 83 %, 43 %, 74729 MiB, 81559 MiB
2026/08/05 17:37:50.551, NVIDIA H100 80GB HBM3, 44, 100 %, 60 %, 74729 MiB, 81559 MiB
2026/08/05 17:37:53.552, NVIDIA H100 80GB HBM3, 40, 41 %, 23 %, 74729 MiB, 81559 MiB
2026/08/05 17:37:56.552, NVIDIA H100 80GB HBM3, 39, 44 %, 26 %, 74729 MiB, 81559 MiB
2026/08/05 17:37:59.553, NVIDIA H100 80GB HBM3, 40, 86 %, 52 %, 74729 MiB, 81559 MiB
2026/08/05 17:38:02.553, NVIDIA H100 80GB HBM3, 44, 100 %, 64 %, 74729 MiB, 81559 MiB
2026/08/05 17:38:05.553, NVIDIA H100 80GB HBM3, 42, 100 %, 55 %, 74729 MiB, 81559 MiB
2026/08/05 17:38:08.554, NVIDIA H100 80GB HBM3, 41, 99 %, 55 %, 74729 MiB, 81559 MiB
2026/08/05 17:38:11.554, NVIDIA H100 80GB HBM3, 44, 93 %, 50 %, 74729 MiB, 81559 MiB
2026/08/05 17:38:14.555, NVIDIA H100 80GB HBM3, 44, 100 %, 62 %, 74729 MiB, 81559 MiB
2026/08/05 17:38:17.555, NVIDIA H100 80GB HBM3, 43, 84 %, 44 %, 74729 MiB, 81559 MiB
2026/08/05 17:38:20.555, NVIDIA H100 80GB HBM3, 44, 100 %, 62 %, 74729 MiB, 81559 MiB
2026/08/05 17:38:23.556, NVIDIA H100 80GB HBM3, 43, 100 %, 63 %, 74729 MiB, 81559 MiB
2026/08/05 17:38:26.556, NVIDIA H100 80GB HBM3, 44, 91 %, 49 %, 74729 MiB, 81559 MiB
2026/08/05 17:38:29.557, NVIDIA H100 80GB HBM3, 42, 20 %, 1 %, 74729 MiB, 81559 MiB
2026/08/05 17:38:32.557, NVIDIA H100 80GB HBM3, 41, 46 %, 15 %, 74729 MiB, 81559 MiB
2026/08/05 17:38:35.558, NVIDIA H100 80GB HBM3, 41, 10 %, 3 %, 74729 MiB, 81559 MiB
2026/08/05 17:38:38.558, NVIDIA H100 80GB HBM3, 44, 99 %, 42 %, 74729 MiB, 81559 MiB
2026/08/05 17:38:41.558, NVIDIA H100 80GB HBM3, 44, 98 %, 67 %, 74729 MiB, 81559 MiB
2026/08/05 17:38:44.559, NVIDIA H100 80GB HBM3, 45, 100 %, 51 %, 74729 MiB, 81559 MiB
2026/08/05 17:38:47.559, NVIDIA H100 80GB HBM3, 33, 0 %, 0 %, 74729 MiB, 81559 MiB
2026/08/05 17:38:50.560, NVIDIA H100 80GB HBM3, 36, 81 %, 43 %, 74729 MiB, 81559 MiB
2026/08/05 17:38:53.560, NVIDIA H100 80GB HBM3, 32, 0 %, 0 %, 74729 MiB, 81559 MiB
2026/08/05 17:38:56.561, NVIDIA H100 80GB HBM3, 30, 0 %, 0 %, 74729 MiB, 81559 MiB
2026/08/05 17:38:59.561, NVIDIA H100 80GB HBM3, 28, 0 %, 0 %, 74729 MiB, 81559 MiB
2026/08/05 17:39:02.561, NVIDIA H100 80GB HBM3, 44, 100 %, 53 %, 74729 MiB, 81559 MiB
2026/08/05 17:39:05.562, NVIDIA H100 80GB HBM3, 42, 97 %, 67 %, 74729 MiB, 81559 MiB
2026/08/05 17:39:08.562, NVIDIA H100 80GB HBM3, 45, 100 %, 53 %, 74729 MiB, 81559 MiB
2026/08/05 17:39:11.563, NVIDIA H100 80GB HBM3, 45, 100 %, 51 %, 74729 MiB, 81559 MiB
2026/08/05 17:39:14.563, NVIDIA H100 80GB HBM3, 44, 100 %, 53 %, 74729 MiB, 81559 MiB
2026/08/05 17:39:17.563, NVIDIA H100 80GB HBM3, 46, 100 %, 55 %, 74729 MiB, 81559 MiB
2026/08/05 17:39:20.564, NVIDIA H100 80GB HBM3, 45, 100 %, 56 %, 74729 MiB, 81559 MiB
2026/08/05 17:39:23.564, NVIDIA H100 80GB HBM3, 45, 100 %, 56 %, 74729 MiB, 81559 MiB
2026/08/05 17:39:26.565, NVIDIA H100 80GB HBM3, 44, 100 %, 54 %, 74729 MiB, 81559 MiB
2026/08/05 17:39:29.565, NVIDIA H100 80GB HBM3, 44, 100 %, 57 %, 74729 MiB, 81559 MiB
2026/08/05 17:39:32.566, NVIDIA H100 80GB HBM3, 45, 64 %, 29 %, 74729 MiB, 81559 MiB
2026/08/05 17:39:35.566, NVIDIA H100 80GB HBM3, 42, 42 %, 21 %, 74729 MiB, 81559 MiB
2026/08/05 17:39:38.566, NVIDIA H100 80GB HBM3, 41, 100 %, 59 %, 74729 MiB, 81559 MiB
2026/08/05 17:39:41.567, NVIDIA H100 80GB HBM3, 46, 100 %, 53 %, 74729 MiB, 81559 MiB
2026/08/05 17:39:44.567, NVIDIA H100 80GB HBM3, 44, 100 %, 51 %, 74729 MiB, 81559 MiB
2026/08/05 17:39:47.568, NVIDIA H100 80GB HBM3, 45, 100 %, 46 %, 74729 MiB, 81559 MiB
2026/08/05 17:39:50.568, NVIDIA H100 80GB HBM3, 47, 100 %, 54 %, 74729 MiB, 81559 MiB
2026/08/05 17:39:53.568, NVIDIA H100 80GB HBM3, 45, 100 %, 59 %, 74729 MiB, 81559 MiB
2026/08/05 17:39:56.569, NVIDIA H100 80GB HBM3, 39, 52 %, 29 %, 74729 MiB, 81559 MiB
2026/08/05 17:39:59.569, NVIDIA H100 80GB HBM3, 44, 94 %, 39 %, 74729 MiB, 81559 MiB
2026/08/05 17:40:02.570, NVIDIA H100 80GB HBM3, 42, 73 %, 39 %, 74729 MiB, 81559 MiB
2026/08/05 17:40:05.570, NVIDIA H100 80GB HBM3, 44, 69 %, 30 %, 74729 MiB, 81559 MiB
2026/08/05 17:40:08.570, NVIDIA H100 80GB HBM3, 39, 55 %, 29 %, 74729 MiB, 81559 MiB
2026/08/05 17:40:11.571, NVIDIA H100 80GB HBM3, 45, 82 %, 43 %, 74729 MiB, 81559 MiB
2026/08/05 17:40:14.571, NVIDIA H100 80GB HBM3, 45, 98 %, 65 %, 74729 MiB, 81559 MiB
2026/08/05 17:40:17.572, NVIDIA H100 80GB HBM3, 45, 100 %, 52 %, 74729 MiB, 81559 MiB
2026/08/05 17:40:20.572, NVIDIA H100 80GB HBM3, 45, 100 %, 54 %, 74729 MiB, 81559 MiB
2026/08/05 17:40:23.572, NVIDIA H100 80GB HBM3, 45, 100 %, 51 %, 74729 MiB, 81559 MiB
2026/08/05 17:40:26.573, NVIDIA H100 80GB HBM3, 45, 100 %, 41 %, 74729 MiB, 81559 MiB
2026/08/05 17:40:29.573, NVIDIA H100 80GB HBM3, 45, 100 %, 42 %, 74729 MiB, 81559 MiB
2026/08/05 17:40:32.574, NVIDIA H100 80GB HBM3, 46, 100 %, 56 %, 74729 MiB, 81559 MiB
2026/08/05 17:40:35.574, NVIDIA H100 80GB HBM3, 45, 98 %, 43 %, 74729 MiB, 81559 MiB
2026/08/05 17:40:38.574, NVIDIA H100 80GB HBM3, 32, 0 %, 0 %, 74729 MiB, 81559 MiB
2026/08/05 17:40:41.575, NVIDIA H100 80GB HBM3, 32, 14 %, 5 %, 74729 MiB, 81559 MiB
2026/08/05 17:40:44.575, NVIDIA H100 80GB HBM3, 40, 65 %, 31 %, 74729 MiB, 81559 MiB
2026/08/05 17:40:47.576, NVIDIA H100 80GB HBM3, 29, 0 %, 0 %, 74729 MiB, 81559 MiB
2026/08/05 17:40:50.576, NVIDIA H100 80GB HBM3, 28, 0 %, 0 %, 74729 MiB, 81559 MiB
2026/08/05 17:40:53.576, NVIDIA H100 80GB HBM3, 43, 100 %, 66 %, 74729 MiB, 81559 MiB
2026/08/05 17:40:56.577, NVIDIA H100 80GB HBM3, 43, 100 %, 62 %, 74729 MiB, 81559 MiB
2026/08/05 17:40:59.577, NVIDIA H100 80GB HBM3, 43, 100 %, 62 %, 74729 MiB, 81559 MiB
2026/08/05 17:41:02.647, NVIDIA H100 80GB HBM3, 45, 98 %, 68 %, 74729 MiB, 81559 MiB
2026/08/05 17:41:05.647, NVIDIA H100 80GB HBM3, 43, 100 %, 65 %, 74729 MiB, 81559 MiB
2026/08/05 17:41:08.648, NVIDIA H100 80GB HBM3, 42, 68 %, 35 %, 74729 MiB, 81559 MiB
2026/08/05 17:41:11.648, NVIDIA H100 80GB HBM3, 44, 38 %, 15 %, 74729 MiB, 81559 MiB
2026/08/05 17:41:14.649, NVIDIA H100 80GB HBM3, 45, 65 %, 31 %, 74729 MiB, 81559 MiB
2026/08/05 17:41:17.649, NVIDIA H100 80GB HBM3, 41, 100 %, 54 %, 74729 MiB, 81559 MiB
2026/08/05 17:41:20.650, NVIDIA H100 80GB HBM3, 43, 100 %, 57 %, 74729 MiB, 81559 MiB
2026/08/05 17:41:23.650, NVIDIA H100 80GB HBM3, 45, 100 %, 64 %, 74729 MiB, 81559 MiB
2026/08/05 17:41:26.650, NVIDIA H100 80GB HBM3, 45, 100 %, 67 %, 74729 MiB, 81559 MiB
2026/08/05 17:41:29.651, NVIDIA H100 80GB HBM3, 46, 100 %, 65 %, 74729 MiB, 81559 MiB
2026/08/05 17:41:32.651, NVIDIA H100 80GB HBM3, 45, 100 %, 61 %, 74729 MiB, 81559 MiB
2026/08/05 17:41:35.652, NVIDIA H100 80GB HBM3, 44, 76 %, 40 %, 74729 MiB, 81559 MiB
2026/08/05 17:41:38.652, NVIDIA H100 80GB HBM3, 45, 100 %, 61 %, 74729 MiB, 81559 MiB
2026/08/05 17:41:41.652, NVIDIA H100 80GB HBM3, 45, 98 %, 71 %, 74729 MiB, 81559 MiB
2026/08/05 17:41:44.653, NVIDIA H100 80GB HBM3, 45, 100 %, 43 %, 74729 MiB, 81559 MiB
2026/08/05 17:41:47.653, NVIDIA H100 80GB HBM3, 45, 100 %, 55 %, 74729 MiB, 81559 MiB
2026/08/05 17:41:50.654, NVIDIA H100 80GB HBM3, 44, 100 %, 41 %, 74729 MiB, 81559 MiB
2026/08/05 17:41:53.654, NVIDIA H100 80GB HBM3, 44, 98 %, 61 %, 74729 MiB, 81559 MiB
2026/08/05 17:41:56.654, NVIDIA H100 80GB HBM3, 45, 100 %, 68 %, 74729 MiB, 81559 MiB
2026/08/05 17:41:59.655, NVIDIA H100 80GB HBM3, 44, 100 %, 56 %, 74729 MiB, 81559 MiB
2026/08/05 17:42:02.655, NVIDIA H100 80GB HBM3, 43, 100 %, 64 %, 74729 MiB, 81559 MiB
2026/08/05 17:42:05.656, NVIDIA H100 80GB HBM3, 45, 99 %, 59 %, 74729 MiB, 81559 MiB
2026/08/05 17:42:08.656, NVIDIA H100 80GB HBM3, 45, 100 %, 56 %, 74729 MiB, 81559 MiB
2026/08/05 17:42:11.656, NVIDIA H100 80GB HBM3, 44, 98 %, 61 %, 74729 MiB, 81559 MiB
2026/08/05 17:42:14.657, NVIDIA H100 80GB HBM3, 44, 98 %, 64 %, 74729 MiB, 81559 MiB
2026/08/05 17:42:17.657, NVIDIA H100 80GB HBM3, 43, 100 %, 62 %, 74729 MiB, 81559 MiB
2026/08/05 17:42:20.658, NVIDIA H100 80GB HBM3, 45, 100 %, 43 %, 74729 MiB, 81559 MiB
2026/08/05 17:42:23.658, NVIDIA H100 80GB HBM3, 46, 100 %, 53 %, 74729 MiB, 81559 MiB
2026/08/05 17:42:26.659, NVIDIA H100 80GB HBM3, 47, 98 %, 51 %, 74729 MiB, 81559 MiB
2026/08/05 17:42:29.659, NVIDIA H100 80GB HBM3, 32, 0 %, 0 %, 74729 MiB, 81559 MiB
2026/08/05 17:42:32.660, NVIDIA H100 80GB HBM3, 29, 0 %, 0 %, 74729 MiB, 81559 MiB
2026/08/05 17:42:35.660, NVIDIA H100 80GB HBM3, 43, 100 %, 63 %, 74729 MiB, 81559 MiB
2026/08/05 17:42:38.661, NVIDIA H100 80GB HBM3, 29, 0 %, 0 %, 74729 MiB, 81559 MiB
2026/08/05 17:42:41.661, NVIDIA H100 80GB HBM3, 28, 0 %, 0 %, 74729 MiB, 81559 MiB
2026/08/05 17:42:44.661, NVIDIA H100 80GB HBM3, 28, 0 %, 0 %, 74729 MiB, 81559 MiB
2026/08/05 17:42:47.662, NVIDIA H100 80GB HBM3, 37, 100 %, 62 %, 74729 MiB, 81559 MiB
2026/08/05 17:42:50.662, NVIDIA H100 80GB HBM3, 42, 100 %, 53 %, 74729 MiB, 81559 MiB
2026/08/05 17:42:53.663, NVIDIA H100 80GB HBM3, 44, 100 %, 53 %, 74729 MiB, 81559 MiB
2026/08/05 17:42:56.663, NVIDIA H100 80GB HBM3, 44, 100 %, 64 %, 74729 MiB, 81559 MiB
2026/08/05 17:42:59.663, NVIDIA H100 80GB HBM3, 46, 100 %, 61 %, 74729 MiB, 81559 MiB
2026/08/05 17:43:02.664, NVIDIA H100 80GB HBM3, 45, 100 %, 54 %, 74729 MiB, 81559 MiB
2026/08/05 17:43:05.664, NVIDIA H100 80GB HBM3, 44, 97 %, 70 %, 74729 MiB, 81559 MiB
2026/08/05 17:43:08.665, NVIDIA H100 80GB HBM3, 45, 98 %, 67 %, 74729 MiB, 81559 MiB
2026/08/05 17:43:11.665, NVIDIA H100 80GB HBM3, 45, 100 %, 63 %, 74729 MiB, 81559 MiB
2026/08/05 17:43:14.666, NVIDIA H100 80GB HBM3, 45, 100 %, 62 %, 74729 MiB, 81559 MiB
2026/08/05 17:43:17.666, NVIDIA H100 80GB HBM3, 45, 82 %, 43 %, 74729 MiB, 81559 MiB
2026/08/05 17:43:20.667, NVIDIA H100 80GB HBM3, 44, 42 %, 15 %, 74729 MiB, 81559 MiB
2026/08/05 17:43:23.667, NVIDIA H100 80GB HBM3, 42, 16 %, 0 %, 74729 MiB, 81559 MiB
2026/08/05 17:43:26.667, NVIDIA H100 80GB HBM3, 46, 96 %, 51 %, 74729 MiB, 81559 MiB
2026/08/05 17:43:29.668, NVIDIA H100 80GB HBM3, 40, 52 %, 30 %, 74729 MiB, 81559 MiB
2026/08/05 17:43:32.668, NVIDIA H100 80GB HBM3, 45, 100 %, 61 %, 74729 MiB, 81559 MiB
2026/08/05 17:43:35.669, NVIDIA H100 80GB HBM3, 45, 100 %, 54 %, 74729 MiB, 81559 MiB
2026/08/05 17:43:38.669, NVIDIA H100 80GB HBM3, 45, 100 %, 55 %, 74729 MiB, 81559 MiB
2026/08/05 17:43:41.670, NVIDIA H100 80GB HBM3, 45, 100 %, 51 %, 74729 MiB, 81559 MiB
2026/08/05 17:43:44.670, NVIDIA H100 80GB HBM3, 43, 100 %, 57 %, 74729 MiB, 81559 MiB
2026/08/05 17:43:47.670, NVIDIA H100 80GB HBM3, 45, 60 %, 26 %, 74729 MiB, 81559 MiB
2026/08/05 17:43:50.671, NVIDIA H100 80GB HBM3, 45, 98 %, 43 %, 74729 MiB, 81559 MiB
2026/08/05 17:43:53.671, NVIDIA H100 80GB HBM3, 40, 84 %, 50 %, 74729 MiB, 81559 MiB
2026/08/05 17:43:56.672, NVIDIA H100 80GB HBM3, 41, 82 %, 47 %, 74729 MiB, 81559 MiB
2026/08/05 17:43:59.672, NVIDIA H100 80GB HBM3, 44, 100 %, 56 %, 74729 MiB, 81559 MiB
2026/08/05 17:44:02.672, NVIDIA H100 80GB HBM3, 44, 100 %, 53 %, 74729 MiB, 81559 MiB
2026/08/05 17:44:05.673, NVIDIA H100 80GB HBM3, 45, 100 %, 54 %, 74729 MiB, 81559 MiB
2026/08/05 17:44:08.673, NVIDIA H100 80GB HBM3, 44, 100 %, 53 %, 74729 MiB, 81559 MiB
2026/08/05 17:44:11.674, NVIDIA H100 80GB HBM3, 45, 100 %, 55 %, 74729 MiB, 81559 MiB
2026/08/05 17:44:14.674, NVIDIA H100 80GB HBM3, 46, 100 %, 58 %, 74729 MiB, 81559 MiB
2026/08/05 17:44:17.675, NVIDIA H100 80GB HBM3, 46, 99 %, 45 %, 74729 MiB, 81559 MiB
2026/08/05 17:44:20.675, NVIDIA H100 80GB HBM3, 45, 98 %, 69 %, 74729 MiB, 81559 MiB
2026/08/05 17:44:23.676, NVIDIA H100 80GB HBM3, 45, 100 %, 56 %, 74729 MiB, 81559 MiB
2026/08/05 17:44:26.676, NVIDIA H100 80GB HBM3, 29, 0 %, 0 %, 74729 MiB, 81559 MiB
2026/08/05 17:44:29.676, NVIDIA H100 80GB HBM3, 35, 48 %, 29 %, 74729 MiB, 81559 MiB
2026/08/05 17:44:32.677, NVIDIA H100 80GB HBM3, 35, 0 %, 0 %, 74729 MiB, 81559 MiB
2026/08/05 17:44:35.677, NVIDIA H100 80GB HBM3, 29, 0 %, 0 %, 74729 MiB, 81559 MiB
2026/08/05 17:44:38.678, NVIDIA H100 80GB HBM3, 36, 38 %, 23 %, 74729 MiB, 81559 MiB
2026/08/05 17:44:41.678, NVIDIA H100 80GB HBM3, 44, 100 %, 53 %, 74729 MiB, 81559 MiB
2026/08/05 17:44:44.678, NVIDIA H100 80GB HBM3, 46, 100 %, 57 %, 74729 MiB, 81559 MiB
2026/08/05 17:44:47.679, NVIDIA H100 80GB HBM3, 46, 100 %, 55 %, 74729 MiB, 81559 MiB
2026/08/05 17:44:50.679, NVIDIA H100 80GB HBM3, 47, 100 %, 57 %, 74729 MiB, 81559 MiB
2026/08/05 17:44:53.680, NVIDIA H100 80GB HBM3, 45, 100 %, 57 %, 74729 MiB, 81559 MiB
2026/08/05 17:44:56.680, NVIDIA H100 80GB HBM3, 44, 98 %, 66 %, 74729 MiB, 81559 MiB
2026/08/05 17:44:59.680, NVIDIA H100 80GB HBM3, 43, 48 %, 21 %, 74729 MiB, 81559 MiB
2026/08/05 17:45:02.681, NVIDIA H100 80GB HBM3, 44, 99 %, 70 %, 74729 MiB, 81559 MiB
2026/08/05 17:45:05.681, NVIDIA H100 80GB HBM3, 46, 100 %, 52 %, 74729 MiB, 81559 MiB
2026/08/05 17:45:08.682, NVIDIA H100 80GB HBM3, 47, 100 %, 54 %, 74729 MiB, 81559 MiB
2026/08/05 17:45:11.682, NVIDIA H100 80GB HBM3, 46, 100 %, 56 %, 74729 MiB, 81559 MiB
2026/08/05 17:45:14.683, NVIDIA H100 80GB HBM3, 46, 100 %, 58 %, 74729 MiB, 81559 MiB
2026/08/05 17:45:17.683, NVIDIA H100 80GB HBM3, 45, 100 %, 53 %, 74729 MiB, 81559 MiB
2026/08/05 17:45:20.683, NVIDIA H100 80GB HBM3, 47, 100 %, 55 %, 74729 MiB, 81559 MiB
2026/08/05 17:45:23.684, NVIDIA H100 80GB HBM3, 47, 100 %, 52 %, 74729 MiB, 81559 MiB
2026/08/05 17:45:26.684, NVIDIA H100 80GB HBM3, 45, 77 %, 43 %, 74729 MiB, 81559 MiB
2026/08/05 17:45:29.685, NVIDIA H100 80GB HBM3, 47, 100 %, 66 %, 74729 MiB, 81559 MiB
2026/08/05 17:45:32.685, NVIDIA H100 80GB HBM3, 46, 100 %, 67 %, 74729 MiB, 81559 MiB
2026/08/05 17:45:35.686, NVIDIA H100 80GB HBM3, 45, 53 %, 29 %, 74729 MiB, 81559 MiB
2026/08/05 17:45:38.686, NVIDIA H100 80GB HBM3, 44, 100 %, 58 %, 74729 MiB, 81559 MiB
2026/08/05 17:45:41.686, NVIDIA H100 80GB HBM3, 44, 100 %, 56 %, 74729 MiB, 81559 MiB
2026/08/05 17:45:44.687, NVIDIA H100 80GB HBM3, 46, 100 %, 57 %, 74729 MiB, 81559 MiB
2026/08/05 17:45:47.687, NVIDIA H100 80GB HBM3, 46, 100 %, 56 %, 74729 MiB, 81559 MiB
2026/08/05 17:45:50.688, NVIDIA H100 80GB HBM3, 46, 100 %, 65 %, 74729 MiB, 81559 MiB
2026/08/05 17:45:53.688, NVIDIA H100 80GB HBM3, 47, 100 %, 62 %, 74729 MiB, 81559 MiB
2026/08/05 17:45:56.688, NVIDIA H100 80GB HBM3, 40, 89 %, 47 %, 74729 MiB, 81559 MiB
2026/08/05 17:45:59.689, NVIDIA H100 80GB HBM3, 41, 63 %, 31 %, 74729 MiB, 81559 MiB
2026/08/05 17:46:02.723, NVIDIA H100 80GB HBM3, 40, 35 %, 12 %, 74729 MiB, 81559 MiB
2026/08/05 17:46:05.723, NVIDIA H100 80GB HBM3, 47, 100 %, 64 %, 74729 MiB, 81559 MiB
2026/08/05 17:46:08.724, NVIDIA H100 80GB HBM3, 44, 100 %, 41 %, 74729 MiB, 81559 MiB
2026/08/05 17:46:11.724, NVIDIA H100 80GB HBM3, 47, 100 %, 59 %, 74729 MiB, 81559 MiB
2026/08/05 17:46:14.725, NVIDIA H100 80GB HBM3, 38, 0 %, 0 %, 74729 MiB, 81559 MiB
2026/08/05 17:46:17.725, NVIDIA H100 80GB HBM3, 29, 0 %, 0 %, 74729 MiB, 81559 MiB
2026/08/05 17:46:20.725, NVIDIA H100 80GB HBM3, 34, 97 %, 52 %, 74729 MiB, 81559 MiB
2026/08/05 17:46:23.726, NVIDIA H100 80GB HBM3, 44, 100 %, 63 %, 74729 MiB, 81559 MiB
2026/08/05 17:46:26.726, NVIDIA H100 80GB HBM3, 29, 0 %, 0 %, 74729 MiB, 81559 MiB
2026/08/05 17:46:29.727, NVIDIA H100 80GB HBM3, 38, 27 %, 21 %, 74729 MiB, 81559 MiB
2026/08/05 17:46:32.727, NVIDIA H100 80GB HBM3, 42, 99 %, 59 %, 74729 MiB, 81559 MiB
2026/08/05 17:46:35.727, NVIDIA H100 80GB HBM3, 43, 100 %, 57 %, 74729 MiB, 81559 MiB
2026/08/05 17:46:38.728, NVIDIA H100 80GB HBM3, 43, 98 %, 66 %, 74729 MiB, 81559 MiB
2026/08/05 17:46:41.728, NVIDIA H100 80GB HBM3, 44, 98 %, 62 %, 74729 MiB, 81559 MiB
2026/08/05 17:46:44.729, NVIDIA H100 80GB HBM3, 45, 99 %, 59 %, 74729 MiB, 81559 MiB
2026/08/05 17:46:47.729, NVIDIA H100 80GB HBM3, 46, 100 %, 52 %, 74729 MiB, 81559 MiB
2026/08/05 17:46:50.730, NVIDIA H100 80GB HBM3, 46, 100 %, 52 %, 74729 MiB, 81559 MiB
2026/08/05 17:46:53.730, NVIDIA H100 80GB HBM3, 45, 100 %, 57 %, 74729 MiB, 81559 MiB
2026/08/05 17:46:56.730, NVIDIA H100 80GB HBM3, 46, 100 %, 59 %, 74729 MiB, 81559 MiB
2026/08/05 17:46:59.731, NVIDIA H100 80GB HBM3, 47, 100 %, 52 %, 74729 MiB, 81559 MiB
2026/08/05 17:47:02.731, NVIDIA H100 80GB HBM3, 45, 99 %, 58 %, 74729 MiB, 81559 MiB
2026/08/05 17:47:05.732, NVIDIA H100 80GB HBM3, 43, 98 %, 68 %, 74729 MiB, 81559 MiB
2026/08/05 17:47:08.732, NVIDIA H100 80GB HBM3, 45, 98 %, 61 %, 74729 MiB, 81559 MiB
2026/08/05 17:47:11.733, NVIDIA H100 80GB HBM3, 45, 100 %, 57 %, 74729 MiB, 81559 MiB
2026/08/05 17:47:14.733, NVIDIA H100 80GB HBM3, 44, 98 %, 63 %, 74729 MiB, 81559 MiB
2026/08/05 17:47:17.733, NVIDIA H100 80GB HBM3, 43, 98 %, 65 %, 74729 MiB, 81559 MiB
2026/08/05 17:47:20.734, NVIDIA H100 80GB HBM3, 44, 99 %, 68 %, 74729 MiB, 81559 MiB
2026/08/05 17:47:23.734, NVIDIA H100 80GB HBM3, 43, 100 %, 65 %, 74729 MiB, 81559 MiB
2026/08/05 17:47:26.735, NVIDIA H100 80GB HBM3, 44, 98 %, 67 %, 74729 MiB, 81559 MiB
2026/08/05 17:47:29.735, NVIDIA H100 80GB HBM3, 46, 100 %, 56 %, 74729 MiB, 81559 MiB
2026/08/05 17:47:32.735, NVIDIA H100 80GB HBM3, 46, 100 %, 53 %, 74729 MiB, 81559 MiB
2026/08/05 17:47:35.736, NVIDIA H100 80GB HBM3, 45, 100 %, 53 %, 74729 MiB, 81559 MiB
2026/08/05 17:47:38.736, NVIDIA H100 80GB HBM3, 47, 100 %, 54 %, 74729 MiB, 81559 MiB
2026/08/05 17:47:41.737, NVIDIA H100 80GB HBM3, 45, 100 %, 54 %, 74729 MiB, 81559 MiB
2026/08/05 17:47:44.737, NVIDIA H100 80GB HBM3, 45, 100 %, 40 %, 74729 MiB, 81559 MiB
2026/08/05 17:47:47.738, NVIDIA H100 80GB HBM3, 44, 100 %, 67 %, 74729 MiB, 81559 MiB
2026/08/05 17:47:50.738, NVIDIA H100 80GB HBM3, 46, 100 %, 63 %, 74729 MiB, 81559 MiB
2026/08/05 17:47:53.738, NVIDIA H100 80GB HBM3, 44, 99 %, 69 %, 74729 MiB, 81559 MiB
2026/08/05 17:47:56.739, NVIDIA H100 80GB HBM3, 43, 82 %, 55 %, 74729 MiB, 81559 MiB
2026/08/05 17:47:59.739, NVIDIA H100 80GB HBM3, 46, 100 %, 52 %, 74729 MiB, 81559 MiB
2026/08/05 17:48:02.740, NVIDIA H100 80GB HBM3, 45, 100 %, 54 %, 74729 MiB, 81559 MiB
2026/08/05 17:48:05.740, NVIDIA H100 80GB HBM3, 46, 99 %, 52 %, 74729 MiB, 81559 MiB
2026/08/05 17:48:08.741, NVIDIA H100 80GB HBM3, 31, 0 %, 0 %, 74729 MiB, 81559 MiB
2026/08/05 17:48:11.741, NVIDIA H100 80GB HBM3, 32, 28 %, 22 %, 74729 MiB, 81559 MiB
2026/08/05 17:48:14.741, NVIDIA H100 80GB HBM3, 44, 99 %, 52 %, 74729 MiB, 81559 MiB
2026/08/05 17:48:17.742, NVIDIA H100 80GB HBM3, 29, 0 %, 0 %, 74729 MiB, 81559 MiB
2026/08/05 17:48:20.742, NVIDIA H100 80GB HBM3, 35, 63 %, 43 %, 74729 MiB, 81559 MiB
2026/08/05 17:48:23.743, NVIDIA H100 80GB HBM3, 41, 100 %, 42 %, 74729 MiB, 81559 MiB
2026/08/05 17:48:26.743, NVIDIA H100 80GB HBM3, 43, 98 %, 66 %, 74729 MiB, 81559 MiB
2026/08/05 17:48:29.743, NVIDIA H100 80GB HBM3, 44, 100 %, 63 %, 74729 MiB, 81559 MiB
2026/08/05 17:48:32.744, NVIDIA H100 80GB HBM3, 45, 100 %, 63 %, 74729 MiB, 81559 MiB
2026/08/05 17:48:35.744, NVIDIA H100 80GB HBM3, 42, 12 %, 0 %, 74729 MiB, 81559 MiB
2026/08/05 17:48:38.744, NVIDIA H100 80GB HBM3, 44, 64 %, 26 %, 74729 MiB, 81559 MiB
2026/08/05 17:48:41.745, NVIDIA H100 80GB HBM3, 40, 67 %, 32 %, 74729 MiB, 81559 MiB
2026/08/05 17:48:44.745, NVIDIA H100 80GB HBM3, 42, 100 %, 61 %, 74729 MiB, 81559 MiB
2026/08/05 17:48:47.746, NVIDIA H100 80GB HBM3, 43, 100 %, 53 %, 74729 MiB, 81559 MiB
2026/08/05 17:48:50.746, NVIDIA H100 80GB HBM3, 45, 100 %, 58 %, 74729 MiB, 81559 MiB
2026/08/05 17:48:53.746, NVIDIA H100 80GB HBM3, 45, 92 %, 38 %, 74729 MiB, 81559 MiB
2026/08/05 17:48:56.747, NVIDIA H100 80GB HBM3, 45, 62 %, 30 %, 74729 MiB, 81559 MiB
2026/08/05 17:48:59.747, NVIDIA H100 80GB HBM3, 44, 72 %, 30 %, 74729 MiB, 81559 MiB
2026/08/05 17:49:02.748, NVIDIA H100 80GB HBM3, 47, 99 %, 52 %, 74729 MiB, 81559 MiB
2026/08/05 17:49:05.748, NVIDIA H100 80GB HBM3, 40, 20 %, 1 %, 74729 MiB, 81559 MiB
2026/08/05 17:49:08.748, NVIDIA H100 80GB HBM3, 44, 98 %, 52 %, 74729 MiB, 81559 MiB
2026/08/05 17:49:11.749, NVIDIA H100 80GB HBM3, 45, 100 %, 56 %, 74729 MiB, 81559 MiB
2026/08/05 17:49:14.749, NVIDIA H100 80GB HBM3, 46, 100 %, 50 %, 74729 MiB, 81559 MiB
2026/08/05 17:49:17.750, NVIDIA H100 80GB HBM3, 46, 100 %, 58 %, 74729 MiB, 81559 MiB
2026/08/05 17:49:20.750, NVIDIA H100 80GB HBM3, 46, 100 %, 57 %, 74729 MiB, 81559 MiB
2026/08/05 17:49:23.750, NVIDIA H100 80GB HBM3, 44, 100 %, 53 %, 74729 MiB, 81559 MiB
2026/08/05 17:49:26.751, NVIDIA H100 80GB HBM3, 46, 100 %, 55 %, 74729 MiB, 81559 MiB
2026/08/05 17:49:29.751, NVIDIA H100 80GB HBM3, 45, 100 %, 51 %, 74729 MiB, 81559 MiB
2026/08/05 17:49:32.751, NVIDIA H100 80GB HBM3, 45, 100 %, 53 %, 74729 MiB, 81559 MiB
2026/08/05 17:49:35.752, NVIDIA H100 80GB HBM3, 45, 100 %, 50 %, 74729 MiB, 81559 MiB
2026/08/05 17:49:38.752, NVIDIA H100 80GB HBM3, 45, 100 %, 53 %, 74729 MiB, 81559 MiB
2026/08/05 17:49:41.753, NVIDIA H100 80GB HBM3, 45, 100 %, 56 %, 74729 MiB, 81559 MiB
2026/08/05 17:49:44.753, NVIDIA H100 80GB HBM3, 46, 100 %, 53 %, 74729 MiB, 81559 MiB
2026/08/05 17:49:47.753, NVIDIA H100 80GB HBM3, 45, 100 %, 52 %, 74729 MiB, 81559 MiB
2026/08/05 17:49:50.754, NVIDIA H100 80GB HBM3, 45, 99 %, 52 %, 74729 MiB, 81559 MiB
2026/08/05 17:49:53.754, NVIDIA H100 80GB HBM3, 46, 98 %, 72 %, 74729 MiB, 81559 MiB
2026/08/05 17:49:56.755, NVIDIA H100 80GB HBM3, 47, 100 %, 54 %, 74729 MiB, 81559 MiB
2026/08/05 17:49:59.755, NVIDIA H100 80GB HBM3, 32, 0 %, 0 %, 74729 MiB, 81559 MiB
2026/08/05 17:50:02.756, NVIDIA H100 80GB HBM3, 29, 0 %, 0 %, 74729 MiB, 81559 MiB
2026/08/05 17:50:05.756, NVIDIA H100 80GB HBM3, 36, 86 %, 45 %, 74729 MiB, 81559 MiB
2026/08/05 17:50:08.756, NVIDIA H100 80GB HBM3, 31, 0 %, 0 %, 74729 MiB, 81559 MiB
2026/08/05 17:50:11.757, NVIDIA H100 80GB HBM3, 33, 0 %, 0 %, 74729 MiB, 81559 MiB
2026/08/05 17:50:14.757, NVIDIA H100 80GB HBM3, 39, 0 %, 0 %, 74729 MiB, 81559 MiB
2026/08/05 17:50:17.758, NVIDIA H100 80GB HBM3, 44, 87 %, 52 %, 74729 MiB, 81559 MiB
2026/08/05 17:50:20.758, NVIDIA H100 80GB HBM3, 44, 58 %, 27 %, 74729 MiB, 81559 MiB
2026/08/05 17:50:23.758, NVIDIA H100 80GB HBM3, 45, 72 %, 37 %, 74729 MiB, 81559 MiB
2026/08/05 17:50:26.759, NVIDIA H100 80GB HBM3, 41, 100 %, 55 %, 74729 MiB, 81559 MiB
2026/08/05 17:50:29.759, NVIDIA H100 80GB HBM3, 45, 100 %, 57 %, 74729 MiB, 81559 MiB
2026/08/05 17:50:32.760, NVIDIA H100 80GB HBM3, 44, 100 %, 54 %, 74729 MiB, 81559 MiB
2026/08/05 17:50:35.760, NVIDIA H100 80GB HBM3, 46, 100 %, 62 %, 74729 MiB, 81559 MiB
2026/08/05 17:50:38.760, NVIDIA H100 80GB HBM3, 45, 100 %, 54 %, 74729 MiB, 81559 MiB
2026/08/05 17:50:41.761, NVIDIA H100 80GB HBM3, 43, 85 %, 50 %, 74729 MiB, 81559 MiB
2026/08/05 17:50:44.761, NVIDIA H100 80GB HBM3, 42, 100 %, 53 %, 74729 MiB, 81559 MiB
2026/08/05 17:50:47.762, NVIDIA H100 80GB HBM3, 47, 100 %, 48 %, 74729 MiB, 81559 MiB
2026/08/05 17:50:50.762, NVIDIA H100 80GB HBM3, 45, 98 %, 62 %, 74729 MiB, 81559 MiB
2026/08/05 17:50:53.763, NVIDIA H100 80GB HBM3, 44, 99 %, 66 %, 74729 MiB, 81559 MiB
2026/08/05 17:50:56.763, NVIDIA H100 80GB HBM3, 47, 100 %, 43 %, 74729 MiB, 81559 MiB
2026/08/05 17:50:59.763, NVIDIA H100 80GB HBM3, 46, 100 %, 51 %, 74729 MiB, 81559 MiB
2026/08/05 17:51:02.764, NVIDIA H100 80GB HBM3, 46, 98 %, 54 %, 74729 MiB, 81559 MiB
2026/08/05 17:51:05.764, NVIDIA H100 80GB HBM3, 46, 94 %, 43 %, 74729 MiB, 81559 MiB
2026/08/05 17:51:08.765, NVIDIA H100 80GB HBM3, 45, 78 %, 39 %, 74729 MiB, 81559 MiB
2026/08/05 17:51:11.765, NVIDIA H100 80GB HBM3, 39, 91 %, 53 %, 74729 MiB, 81559 MiB
2026/08/05 17:51:14.766, NVIDIA H100 80GB HBM3, 45, 100 %, 55 %, 74729 MiB, 81559 MiB
2026/08/05 17:51:17.766, NVIDIA H100 80GB HBM3, 45, 99 %, 53 %, 74729 MiB, 81559 MiB
2026/08/05 17:51:20.766, NVIDIA H100 80GB HBM3, 45, 100 %, 65 %, 74729 MiB, 81559 MiB
2026/08/05 17:51:23.767, NVIDIA H100 80GB HBM3, 45, 98 %, 62 %, 74729 MiB, 81559 MiB
2026/08/05 17:51:26.767, NVIDIA H100 80GB HBM3, 44, 100 %, 68 %, 74729 MiB, 81559 MiB
2026/08/05 17:51:29.768, NVIDIA H100 80GB HBM3, 44, 0 %, 0 %, 74729 MiB, 81559 MiB
2026/08/05 17:51:32.768, NVIDIA H100 80GB HBM3, 46, 100 %, 58 %, 74729 MiB, 81559 MiB
2026/08/05 17:51:35.769, NVIDIA H100 80GB HBM3, 42, 100 %, 53 %, 74729 MiB, 81559 MiB
2026/08/05 17:51:38.769, NVIDIA H100 80GB HBM3, 46, 100 %, 56 %, 74729 MiB, 81559 MiB
2026/08/05 17:51:41.769, NVIDIA H100 80GB HBM3, 46, 100 %, 60 %, 74729 MiB, 81559 MiB
2026/08/05 17:51:44.770, NVIDIA H100 80GB HBM3, 45, 100 %, 62 %, 74729 MiB, 81559 MiB
2026/08/05 17:51:47.770, NVIDIA H100 80GB HBM3, 47, 100 %, 42 %, 74729 MiB, 81559 MiB
2026/08/05 17:51:50.771, NVIDIA H100 80GB HBM3, 31, 0 %, 0 %, 74729 MiB, 81559 MiB
2026/08/05 17:51:53.771, NVIDIA H100 80GB HBM3, 31, 0 %, 0 %, 74729 MiB, 81559 MiB
2026/08/05 17:51:56.772, NVIDIA H100 80GB HBM3, 37, 74 %, 46 %, 74729 MiB, 81559 MiB
2026/08/05 17:51:59.772, NVIDIA H100 80GB HBM3, 29, 0 %, 0 %, 74729 MiB, 81559 MiB
2026/08/05 17:52:02.772, NVIDIA H100 80GB HBM3, 28, 0 %, 0 %, 74729 MiB, 81559 MiB
2026/08/05 17:52:05.773, NVIDIA H100 80GB HBM3, 37, 100 %, 62 %, 74729 MiB, 81559 MiB
2026/08/05 17:52:08.773, NVIDIA H100 80GB HBM3, 42, 21 %, 13 %, 74729 MiB, 81559 MiB
2026/08/05 17:52:11.774, NVIDIA H100 80GB HBM3, 42, 100 %, 65 %, 74729 MiB, 81559 MiB
2026/08/05 17:52:14.774, NVIDIA H100 80GB HBM3, 44, 73 %, 38 %, 74729 MiB, 81559 MiB
2026/08/05 17:52:17.774, NVIDIA H100 80GB HBM3, 46, 97 %, 56 %, 74729 MiB, 81559 MiB
2026/08/05 17:52:20.775, NVIDIA H100 80GB HBM3, 38, 91 %, 53 %, 74729 MiB, 81559 MiB
2026/08/05 17:52:23.775, NVIDIA H100 80GB HBM3, 46, 87 %, 53 %, 74729 MiB, 81559 MiB
2026/08/05 17:52:26.776, NVIDIA H100 80GB HBM3, 44, 100 %, 55 %, 74729 MiB, 81559 MiB
2026/08/05 17:52:29.776, NVIDIA H100 80GB HBM3, 45, 100 %, 67 %, 74729 MiB, 81559 MiB
2026/08/05 17:52:32.776, NVIDIA H100 80GB HBM3, 43, 17 %, 0 %, 74729 MiB, 81559 MiB
2026/08/05 17:52:35.777, NVIDIA H100 80GB HBM3, 45, 34 %, 23 %, 74729 MiB, 81559 MiB
2026/08/05 17:52:38.777, NVIDIA H100 80GB HBM3, 45, 75 %, 39 %, 74729 MiB, 81559 MiB
2026/08/05 17:52:41.778, NVIDIA H100 80GB HBM3, 45, 72 %, 37 %, 74729 MiB, 81559 MiB
2026/08/05 17:52:44.778, NVIDIA H100 80GB HBM3, 45, 100 %, 68 %, 74729 MiB, 81559 MiB
2026/08/05 17:52:47.778, NVIDIA H100 80GB HBM3, 46, 100 %, 39 %, 74729 MiB, 81559 MiB
2026/08/05 17:52:50.779, NVIDIA H100 80GB HBM3, 45, 99 %, 60 %, 74729 MiB, 81559 MiB
2026/08/05 17:52:53.779, NVIDIA H100 80GB HBM3, 45, 100 %, 53 %, 74729 MiB, 81559 MiB
2026/08/05 17:52:56.780, NVIDIA H100 80GB HBM3, 45, 98 %, 68 %, 74729 MiB, 81559 MiB
2026/08/05 17:52:59.780, NVIDIA H100 80GB HBM3, 45, 100 %, 67 %, 74729 MiB, 81559 MiB
2026/08/05 17:53:02.780, NVIDIA H100 80GB HBM3, 45, 100 %, 62 %, 74729 MiB, 81559 MiB
2026/08/05 17:53:05.781, NVIDIA H100 80GB HBM3, 44, 97 %, 61 %, 74729 MiB, 81559 MiB
2026/08/05 17:53:08.781, NVIDIA H100 80GB HBM3, 45, 99 %, 59 %, 74729 MiB, 81559 MiB
2026/08/05 17:53:11.782, NVIDIA H100 80GB HBM3, 44, 99 %, 62 %, 74729 MiB, 81559 MiB
2026/08/05 17:53:14.782, NVIDIA H100 80GB HBM3, 44, 98 %, 63 %, 74729 MiB, 81559 MiB
2026/08/05 17:53:17.783, NVIDIA H100 80GB HBM3, 43, 99 %, 68 %, 74729 MiB, 81559 MiB
2026/08/05 17:53:20.783, NVIDIA H100 80GB HBM3, 45, 98 %, 72 %, 74729 MiB, 81559 MiB
2026/08/05 17:53:23.783, NVIDIA H100 80GB HBM3, 45, 100 %, 42 %, 74729 MiB, 81559 MiB
2026/08/05 17:53:26.784, NVIDIA H100 80GB HBM3, 48, 100 %, 53 %, 74729 MiB, 81559 MiB
2026/08/05 17:53:29.784, NVIDIA H100 80GB HBM3, 45, 100 %, 61 %, 74729 MiB, 81559 MiB
2026/08/05 17:53:32.785, NVIDIA H100 80GB HBM3, 45, 100 %, 57 %, 74729 MiB, 81559 MiB
2026/08/05 17:53:35.785, NVIDIA H100 80GB HBM3, 47, 100 %, 69 %, 74729 MiB, 81559 MiB
2026/08/05 17:53:38.786, NVIDIA H100 80GB HBM3, 46, 100 %, 43 %, 74729 MiB, 81559 MiB
2026/08/05 17:53:41.786, NVIDIA H100 80GB HBM3, 34, 0 %, 0 %, 74729 MiB, 81559 MiB
2026/08/05 17:53:44.786, NVIDIA H100 80GB HBM3, 29, 0 %, 0 %, 74729 MiB, 81559 MiB
2026/08/05 17:53:47.787, NVIDIA H100 80GB HBM3, 39, 100 %, 64 %, 74729 MiB, 81559 MiB
2026/08/05 17:53:50.787, NVIDIA H100 80GB HBM3, 35, 0 %, 0 %, 74729 MiB, 81559 MiB
2026/08/05 17:53:53.788, NVIDIA H100 80GB HBM3, 29, 0 %, 0 %, 74729 MiB, 81559 MiB
2026/08/05 17:53:56.788, NVIDIA H100 80GB HBM3, 39, 100 %, 63 %, 74729 MiB, 81559 MiB
2026/08/05 17:53:59.788, NVIDIA H100 80GB HBM3, 44, 100 %, 53 %, 74729 MiB, 81559 MiB
2026/08/05 17:54:02.789, NVIDIA H100 80GB HBM3, 45, 100 %, 54 %, 74729 MiB, 81559 MiB
2026/08/05 17:54:05.789, NVIDIA H100 80GB HBM3, 46, 100 %, 50 %, 74729 MiB, 81559 MiB
2026/08/05 17:54:08.790, NVIDIA H100 80GB HBM3, 45, 100 %, 54 %, 74729 MiB, 81559 MiB
2026/08/05 17:54:11.790, NVIDIA H100 80GB HBM3, 44, 100 %, 53 %, 74729 MiB, 81559 MiB
2026/08/05 17:54:14.791, NVIDIA H100 80GB HBM3, 45, 100 %, 62 %, 74729 MiB, 81559 MiB
2026/08/05 17:54:17.791, NVIDIA H100 80GB HBM3, 45, 100 %, 57 %, 74729 MiB, 81559 MiB
2026/08/05 17:54:20.791, NVIDIA H100 80GB HBM3, 46, 100 %, 57 %, 74729 MiB, 81559 MiB
2026/08/05 17:54:23.792, NVIDIA H100 80GB HBM3, 45, 100 %, 57 %, 74729 MiB, 81559 MiB
2026/08/05 17:54:26.792, NVIDIA H100 80GB HBM3, 44, 100 %, 59 %, 74729 MiB, 81559 MiB
2026/08/05 17:54:29.793, NVIDIA H100 80GB HBM3, 46, 100 %, 45 %, 74729 MiB, 81559 MiB
2026/08/05 17:54:32.793, NVIDIA H100 80GB HBM3, 45, 100 %, 60 %, 74729 MiB, 81559 MiB
2026/08/05 17:54:35.794, NVIDIA H100 80GB HBM3, 45, 100 %, 42 %, 74729 MiB, 81559 MiB
2026/08/05 17:54:38.794, NVIDIA H100 80GB HBM3, 44, 98 %, 62 %, 74729 MiB, 81559 MiB
2026/08/05 17:54:41.795, NVIDIA H100 80GB HBM3, 44, 100 %, 65 %, 74729 MiB, 81559 MiB
2026/08/05 17:54:44.795, NVIDIA H100 80GB HBM3, 46, 98 %, 42 %, 74729 MiB, 81559 MiB
2026/08/05 17:54:47.795, NVIDIA H100 80GB HBM3, 44, 99 %, 51 %, 74729 MiB, 81559 MiB
2026/08/05 17:54:50.796, NVIDIA H100 80GB HBM3, 44, 100 %, 61 %, 74729 MiB, 81559 MiB
2026/08/05 17:54:53.796, NVIDIA H100 80GB HBM3, 46, 98 %, 68 %, 74729 MiB, 81559 MiB
2026/08/05 17:54:56.797, NVIDIA H100 80GB HBM3, 45, 99 %, 63 %, 74729 MiB, 81559 MiB
2026/08/05 17:54:59.797, NVIDIA H100 80GB HBM3, 45, 98 %, 67 %, 74729 MiB, 81559 MiB
2026/08/05 17:55:02.797, NVIDIA H100 80GB HBM3, 43, 100 %, 68 %, 74729 MiB, 81559 MiB
2026/08/05 17:55:05.798, NVIDIA H100 80GB HBM3, 45, 100 %, 63 %, 74729 MiB, 81559 MiB
2026/08/05 17:55:08.798, NVIDIA H100 80GB HBM3, 45, 100 %, 68 %, 74729 MiB, 81559 MiB
2026/08/05 17:55:11.799, NVIDIA H100 80GB HBM3, 44, 100 %, 64 %, 74729 MiB, 81559 MiB
2026/08/05 17:55:14.799, NVIDIA H100 80GB HBM3, 44, 100 %, 60 %, 74729 MiB, 81559 MiB
2026/08/05 17:55:17.800, NVIDIA H100 80GB HBM3, 45, 100 %, 62 %, 74729 MiB, 81559 MiB
2026/08/05 17:55:20.800, NVIDIA H100 80GB HBM3, 44, 0 %, 0 %, 74729 MiB, 81559 MiB
2026/08/05 17:55:23.800, NVIDIA H100 80GB HBM3, 46, 98 %, 42 %, 74729 MiB, 81559 MiB
2026/08/05 17:55:26.801, NVIDIA H100 80GB HBM3, 46, 99 %, 68 %, 74729 MiB, 81559 MiB
2026/08/05 17:55:29.801, NVIDIA H100 80GB HBM3, 47, 100 %, 52 %, 74729 MiB, 81559 MiB
2026/08/05 17:55:32.802, NVIDIA H100 80GB HBM3, 45, 100 %, 53 %, 74729 MiB, 81559 MiB
2026/08/05 17:55:35.802, NVIDIA H100 80GB HBM3, 30, 0 %, 0 %, 74729 MiB, 81559 MiB
2026/08/05 17:55:38.803, NVIDIA H100 80GB HBM3, 37, 100 %, 63 %, 74729 MiB, 81559 MiB
2026/08/05 17:55:41.803, NVIDIA H100 80GB HBM3, 33, 0 %, 0 %, 74729 MiB, 81559 MiB
2026/08/05 17:55:44.804, NVIDIA H100 80GB HBM3, 28, 0 %, 0 %, 74729 MiB, 81559 MiB
2026/08/05 17:55:47.804, NVIDIA H100 80GB HBM3, 42, 100 %, 56 %, 74729 MiB, 81559 MiB
2026/08/05 17:55:50.804, NVIDIA H100 80GB HBM3, 44, 97 %, 61 %, 74729 MiB, 81559 MiB
2026/08/05 17:55:53.805, NVIDIA H100 80GB HBM3, 46, 100 %, 52 %, 74729 MiB, 81559 MiB
2026/08/05 17:55:56.805, NVIDIA H100 80GB HBM3, 46, 100 %, 52 %, 74729 MiB, 81559 MiB
2026/08/05 17:55:59.806, NVIDIA H100 80GB HBM3, 44, 98 %, 65 %, 74729 MiB, 81559 MiB
2026/08/05 17:56:02.863, NVIDIA H100 80GB HBM3, 43, 100 %, 64 %, 74729 MiB, 81559 MiB
2026/08/05 17:56:05.863, NVIDIA H100 80GB HBM3, 45, 89 %, 53 %, 74729 MiB, 81559 MiB
2026/08/05 17:56:08.863, NVIDIA H100 80GB HBM3, 45, 99 %, 57 %, 74729 MiB, 81559 MiB
2026/08/05 17:56:11.864, NVIDIA H100 80GB HBM3, 44, 100 %, 64 %, 74729 MiB, 81559 MiB
2026/08/05 17:56:14.864, NVIDIA H100 80GB HBM3, 45, 99 %, 59 %, 74729 MiB, 81559 MiB
2026/08/05 17:56:17.865, NVIDIA H100 80GB HBM3, 47, 100 %, 48 %, 74729 MiB, 81559 MiB
2026/08/05 17:56:20.865, NVIDIA H100 80GB HBM3, 46, 100 %, 51 %, 74729 MiB, 81559 MiB
2026/08/05 17:56:23.865, NVIDIA H100 80GB HBM3, 46, 100 %, 52 %, 74729 MiB, 81559 MiB
2026/08/05 17:56:26.866, NVIDIA H100 80GB HBM3, 44, 100 %, 50 %, 74729 MiB, 81559 MiB
2026/08/05 17:56:29.866, NVIDIA H100 80GB HBM3, 45, 100 %, 53 %, 74729 MiB, 81559 MiB
2026/08/05 17:56:32.867, NVIDIA H100 80GB HBM3, 46, 100 %, 43 %, 74729 MiB, 81559 MiB
2026/08/05 17:56:35.867, NVIDIA H100 80GB HBM3, 46, 100 %, 52 %, 74729 MiB, 81559 MiB
2026/08/05 17:56:38.868, NVIDIA H100 80GB HBM3, 44, 100 %, 53 %, 74729 MiB, 81559 MiB
2026/08/05 17:56:41.868, NVIDIA H100 80GB HBM3, 45, 100 %, 50 %, 74729 MiB, 81559 MiB
2026/08/05 17:56:44.868, NVIDIA H100 80GB HBM3, 46, 100 %, 51 %, 74729 MiB, 81559 MiB
2026/08/05 17:56:47.869, NVIDIA H100 80GB HBM3, 43, 100 %, 63 %, 74729 MiB, 81559 MiB
2026/08/05 17:56:50.869, NVIDIA H100 80GB HBM3, 43, 100 %, 61 %, 74729 MiB, 81559 MiB
2026/08/05 17:56:53.870, NVIDIA H100 80GB HBM3, 45, 100 %, 67 %, 74729 MiB, 81559 MiB
2026/08/05 17:56:56.870, NVIDIA H100 80GB HBM3, 44, 100 %, 64 %, 74729 MiB, 81559 MiB
2026/08/05 17:56:59.871, NVIDIA H100 80GB HBM3, 45, 99 %, 59 %, 74729 MiB, 81559 MiB
2026/08/05 17:57:02.871, NVIDIA H100 80GB HBM3, 44, 100 %, 51 %, 74729 MiB, 81559 MiB
2026/08/05 17:57:05.872, NVIDIA H100 80GB HBM3, 39, 100 %, 49 %, 74729 MiB, 81559 MiB
2026/08/05 17:57:08.872, NVIDIA H100 80GB HBM3, 41, 100 %, 54 %, 74729 MiB, 81559 MiB
2026/08/05 17:57:11.872, NVIDIA H100 80GB HBM3, 42, 100 %, 59 %, 74729 MiB, 81559 MiB
2026/08/05 17:57:14.873, NVIDIA H100 80GB HBM3, 45, 100 %, 57 %, 74729 MiB, 81559 MiB
2026/08/05 17:57:17.873, NVIDIA H100 80GB HBM3, 45, 99 %, 63 %, 74729 MiB, 81559 MiB
2026/08/05 17:57:20.874, NVIDIA H100 80GB HBM3, 47, 100 %, 54 %, 74729 MiB, 81559 MiB
2026/08/05 17:57:23.874, NVIDIA H100 80GB HBM3, 33, 0 %, 0 %, 74729 MiB, 81559 MiB
2026/08/05 17:57:26.875, NVIDIA H100 80GB HBM3, 34, 34 %, 12 %, 74729 MiB, 81559 MiB
2026/08/05 17:57:29.875, NVIDIA H100 80GB HBM3, 34, 0 %, 0 %, 74729 MiB, 81559 MiB
2026/08/05 17:57:32.876, NVIDIA H100 80GB HBM3, 32, 0 %, 0 %, 74729 MiB, 81559 MiB
2026/08/05 17:57:35.876, NVIDIA H100 80GB HBM3, 28, 0 %, 0 %, 74729 MiB, 81559 MiB
2026/08/05 17:57:38.876, NVIDIA H100 80GB HBM3, 42, 100 %, 54 %, 74729 MiB, 81559 MiB
2026/08/05 17:57:41.877, NVIDIA H100 80GB HBM3, 43, 99 %, 63 %, 74729 MiB, 81559 MiB
2026/08/05 17:57:44.877, NVIDIA H100 80GB HBM3, 44, 99 %, 59 %, 74729 MiB, 81559 MiB
2026/08/05 17:57:47.878, NVIDIA H100 80GB HBM3, 45, 100 %, 51 %, 74729 MiB, 81559 MiB
2026/08/05 17:57:50.878, NVIDIA H100 80GB HBM3, 45, 100 %, 49 %, 74729 MiB, 81559 MiB
2026/08/05 17:57:53.879, NVIDIA H100 80GB HBM3, 45, 100 %, 43 %, 74729 MiB, 81559 MiB
2026/08/05 17:57:56.879, NVIDIA H100 80GB HBM3, 45, 100 %, 42 %, 74729 MiB, 81559 MiB
2026/08/05 17:57:59.879, NVIDIA H100 80GB HBM3, 44, 100 %, 42 %, 74729 MiB, 81559 MiB
2026/08/05 17:58:02.880, NVIDIA H100 80GB HBM3, 45, 100 %, 56 %, 74729 MiB, 81559 MiB
2026/08/05 17:58:05.880, NVIDIA H100 80GB HBM3, 46, 100 %, 52 %, 74729 MiB, 81559 MiB
2026/08/05 17:58:08.881, NVIDIA H100 80GB HBM3, 46, 100 %, 58 %, 74729 MiB, 81559 MiB
2026/08/05 17:58:11.881, NVIDIA H100 80GB HBM3, 44, 100 %, 53 %, 74729 MiB, 81559 MiB
2026/08/05 17:58:14.882, NVIDIA H100 80GB HBM3, 44, 100 %, 55 %, 74729 MiB, 81559 MiB
2026/08/05 17:58:17.882, NVIDIA H100 80GB HBM3, 43, 97 %, 59 %, 74729 MiB, 81559 MiB
2026/08/05 17:58:20.882, NVIDIA H100 80GB HBM3, 44, 98 %, 72 %, 74729 MiB, 81559 MiB
2026/08/05 17:58:23.883, NVIDIA H100 80GB HBM3, 44, 100 %, 42 %, 74729 MiB, 81559 MiB
2026/08/05 17:58:26.883, NVIDIA H100 80GB HBM3, 46, 100 %, 63 %, 74729 MiB, 81559 MiB
2026/08/05 17:58:29.883, NVIDIA H100 80GB HBM3, 46, 100 %, 64 %, 74729 MiB, 81559 MiB
2026/08/05 17:58:32.884, NVIDIA H100 80GB HBM3, 46, 100 %, 59 %, 74729 MiB, 81559 MiB
2026/08/05 17:58:35.884, NVIDIA H100 80GB HBM3, 46, 100 %, 51 %, 74729 MiB, 81559 MiB
2026/08/05 17:58:38.885, NVIDIA H100 80GB HBM3, 46, 100 %, 54 %, 74729 MiB, 81559 MiB
2026/08/05 17:58:41.885, NVIDIA H100 80GB HBM3, 45, 100 %, 58 %, 74729 MiB, 81559 MiB
2026/08/05 17:58:44.886, NVIDIA H100 80GB HBM3, 47, 100 %, 48 %, 74729 MiB, 81559 MiB
2026/08/05 17:58:47.886, NVIDIA H100 80GB HBM3, 47, 100 %, 51 %, 74729 MiB, 81559 MiB
2026/08/05 17:58:50.886, NVIDIA H100 80GB HBM3, 46, 100 %, 58 %, 74729 MiB, 81559 MiB
2026/08/05 17:58:53.887, NVIDIA H100 80GB HBM3, 44, 100 %, 54 %, 74729 MiB, 81559 MiB
2026/08/05 17:58:56.887, NVIDIA H100 80GB HBM3, 46, 100 %, 53 %, 74729 MiB, 81559 MiB
2026/08/05 17:58:59.888, NVIDIA H100 80GB HBM3, 45, 100 %, 57 %, 74729 MiB, 81559 MiB
2026/08/05 17:59:02.888, NVIDIA H100 80GB HBM3, 44, 100 %, 66 %, 74729 MiB, 81559 MiB
2026/08/05 17:59:05.888, NVIDIA H100 80GB HBM3, 44, 100 %, 67 %, 74729 MiB, 81559 MiB
2026/08/05 17:59:08.889, NVIDIA H100 80GB HBM3, 45, 100 %, 51 %, 74729 MiB, 81559 MiB
2026/08/05 17:59:11.889, NVIDIA H100 80GB HBM3, 44, 100 %, 50 %, 74729 MiB, 81559 MiB
2026/08/05 17:59:14.890, NVIDIA H100 80GB HBM3, 45, 99 %, 52 %, 74729 MiB, 81559 MiB
2026/08/05 17:59:17.890, NVIDIA H100 80GB HBM3, 32, 32 %, 22 %, 74729 MiB, 81559 MiB
2026/08/05 17:59:20.891, NVIDIA H100 80GB HBM3, 40, 72 %, 50 %, 74729 MiB, 81559 MiB
2026/08/05 17:59:23.891, NVIDIA H100 80GB HBM3, 31, 0 %, 0 %, 74729 MiB, 81559 MiB
2026/08/05 17:59:26.891, NVIDIA H100 80GB HBM3, 28, 0 %, 0 %, 74729 MiB, 81559 MiB
2026/08/05 17:59:29.892, NVIDIA H100 80GB HBM3, 39, 57 %, 30 %, 74729 MiB, 81559 MiB
2026/08/05 17:59:32.892, NVIDIA H100 80GB HBM3, 45, 100 %, 58 %, 74729 MiB, 81559 MiB
2026/08/05 17:59:35.893, NVIDIA H100 80GB HBM3, 39, 69 %, 33 %, 74729 MiB, 81559 MiB
2026/08/05 17:59:38.893, NVIDIA H100 80GB HBM3, 42, 100 %, 56 %, 74729 MiB, 81559 MiB
2026/08/05 17:59:41.894, NVIDIA H100 80GB HBM3, 44, 100 %, 56 %, 74729 MiB, 81559 MiB
2026/08/05 17:59:44.894, NVIDIA H100 80GB HBM3, 44, 100 %, 51 %, 74729 MiB, 81559 MiB
2026/08/05 17:59:47.894, NVIDIA H100 80GB HBM3, 44, 98 %, 61 %, 74729 MiB, 81559 MiB
2026/08/05 17:59:50.895, NVIDIA H100 80GB HBM3, 46, 100 %, 42 %, 74729 MiB, 81559 MiB
2026/08/05 17:59:53.895, NVIDIA H100 80GB HBM3, 46, 100 %, 50 %, 74729 MiB, 81559 MiB
2026/08/05 17:59:56.896, NVIDIA H100 80GB HBM3, 46, 100 %, 44 %, 74729 MiB, 81559 MiB
2026/08/05 17:59:59.896, NVIDIA H100 80GB HBM3, 46, 100 %, 44 %, 74729 MiB, 81559 MiB
2026/08/05 18:00:02.896, NVIDIA H100 80GB HBM3, 44, 100 %, 51 %, 74729 MiB, 81559 MiB
2026/08/05 18:00:05.897, NVIDIA H100 80GB HBM3, 45, 99 %, 58 %, 74729 MiB, 81559 MiB
2026/08/05 18:00:08.897, NVIDIA H100 80GB HBM3, 45, 100 %, 44 %, 74729 MiB, 81559 MiB
2026/08/05 18:00:11.898, NVIDIA H100 80GB HBM3, 45, 100 %, 55 %, 74729 MiB, 81559 MiB
2026/08/05 18:00:14.898, NVIDIA H100 80GB HBM3, 44, 100 %, 55 %, 74729 MiB, 81559 MiB
2026/08/05 18:00:17.898, NVIDIA H100 80GB HBM3, 44, 100 %, 41 %, 74729 MiB, 81559 MiB
2026/08/05 18:00:20.899, NVIDIA H100 80GB HBM3, 45, 100 %, 42 %, 74729 MiB, 81559 MiB
2026/08/05 18:00:23.899, NVIDIA H100 80GB HBM3, 45, 98 %, 70 %, 74729 MiB, 81559 MiB
2026/08/05 18:00:26.900, NVIDIA H100 80GB HBM3, 44, 56 %, 28 %, 74729 MiB, 81559 MiB
2026/08/05 18:00:29.900, NVIDIA H100 80GB HBM3, 43, 62 %, 30 %, 74729 MiB, 81559 MiB
2026/08/05 18:00:32.900, NVIDIA H100 80GB HBM3, 41, 45 %, 27 %, 74729 MiB, 81559 MiB
2026/08/05 18:00:35.901, NVIDIA H100 80GB HBM3, 40, 0 %, 0 %, 74729 MiB, 81559 MiB
2026/08/05 18:00:38.901, NVIDIA H100 80GB HBM3, 40, 64 %, 31 %, 74729 MiB, 81559 MiB
2026/08/05 18:00:41.902, NVIDIA H100 80GB HBM3, 42, 100 %, 56 %, 74729 MiB, 81559 MiB
2026/08/05 18:00:44.902, NVIDIA H100 80GB HBM3, 44, 100 %, 53 %, 74729 MiB, 81559 MiB
2026/08/05 18:00:47.903, NVIDIA H100 80GB HBM3, 44, 100 %, 52 %, 74729 MiB, 81559 MiB
2026/08/05 18:00:50.903, NVIDIA H100 80GB HBM3, 45, 100 %, 57 %, 74729 MiB, 81559 MiB
2026/08/05 18:00:53.903, NVIDIA H100 80GB HBM3, 44, 100 %, 51 %, 74729 MiB, 81559 MiB
2026/08/05 18:00:56.904, NVIDIA H100 80GB HBM3, 46, 99 %, 53 %, 74729 MiB, 81559 MiB
2026/08/05 18:00:59.904, NVIDIA H100 80GB HBM3, 45, 98 %, 66 %, 74729 MiB, 81559 MiB
2026/08/05 18:01:02.905, NVIDIA H100 80GB HBM3, 46, 100 %, 53 %, 74729 MiB, 81559 MiB
2026/08/05 18:01:05.905, NVIDIA H100 80GB HBM3, 46, 100 %, 63 %, 74729 MiB, 81559 MiB
2026/08/05 18:01:08.905, NVIDIA H100 80GB HBM3, 29, 0 %, 0 %, 74729 MiB, 81559 MiB
2026/08/05 18:01:11.906, NVIDIA H100 80GB HBM3, 37, 100 %, 64 %, 74729 MiB, 81559 MiB
2026/08/05 18:01:14.906, NVIDIA H100 80GB HBM3, 42, 99 %, 50 %, 74729 MiB, 81559 MiB
2026/08/05 18:01:17.907, NVIDIA H100 80GB HBM3, 28, 0 %, 0 %, 74729 MiB, 81559 MiB
2026/08/05 18:01:20.907, NVIDIA H100 80GB HBM3, 28, 0 %, 0 %, 74729 MiB, 81559 MiB
2026/08/05 18:01:23.907, NVIDIA H100 80GB HBM3, 36, 84 %, 50 %, 74729 MiB, 81559 MiB
2026/08/05 18:01:26.908, NVIDIA H100 80GB HBM3, 42, 100 %, 55 %, 74729 MiB, 81559 MiB
2026/08/05 18:01:29.908, NVIDIA H100 80GB HBM3, 44, 100 %, 52 %, 74729 MiB, 81559 MiB
2026/08/05 18:01:32.908, NVIDIA H100 80GB HBM3, 43, 100 %, 48 %, 74729 MiB, 81559 MiB
2026/08/05 18:01:35.909, NVIDIA H100 80GB HBM3, 44, 100 %, 53 %, 74729 MiB, 81559 MiB
2026/08/05 18:01:38.909, NVIDIA H100 80GB HBM3, 45, 100 %, 55 %, 74729 MiB, 81559 MiB
2026/08/05 18:01:41.910, NVIDIA H100 80GB HBM3, 46, 100 %, 57 %, 74729 MiB, 81559 MiB
2026/08/05 18:01:44.910, NVIDIA H100 80GB HBM3, 44, 100 %, 56 %, 74729 MiB, 81559 MiB
2026/08/05 18:01:47.911, NVIDIA H100 80GB HBM3, 44, 100 %, 52 %, 74729 MiB, 81559 MiB
2026/08/05 18:01:50.911, NVIDIA H100 80GB HBM3, 45, 100 %, 59 %, 74729 MiB, 81559 MiB
2026/08/05 18:01:53.911, NVIDIA H100 80GB HBM3, 45, 100 %, 52 %, 74729 MiB, 81559 MiB
2026/08/05 18:01:56.912, NVIDIA H100 80GB HBM3, 45, 100 %, 56 %, 74729 MiB, 81559 MiB
2026/08/05 18:01:59.912, NVIDIA H100 80GB HBM3, 45, 100 %, 54 %, 74729 MiB, 81559 MiB
2026/08/05 18:02:02.913, NVIDIA H100 80GB HBM3, 44, 100 %, 63 %, 74729 MiB, 81559 MiB
2026/08/05 18:02:05.913, NVIDIA H100 80GB HBM3, 44, 100 %, 58 %, 74729 MiB, 81559 MiB
2026/08/05 18:02:08.913, NVIDIA H100 80GB HBM3, 44, 100 %, 56 %, 74729 MiB, 81559 MiB
2026/08/05 18:02:11.914, NVIDIA H100 80GB HBM3, 44, 100 %, 48 %, 74729 MiB, 81559 MiB
2026/08/05 18:02:14.914, NVIDIA H100 80GB HBM3, 45, 100 %, 50 %, 74729 MiB, 81559 MiB
2026/08/05 18:02:17.915, NVIDIA H100 80GB HBM3, 45, 100 %, 58 %, 74729 MiB, 81559 MiB
2026/08/05 18:02:20.915, NVIDIA H100 80GB HBM3, 45, 100 %, 53 %, 74729 MiB, 81559 MiB
2026/08/05 18:02:23.916, NVIDIA H100 80GB HBM3, 45, 100 %, 57 %, 74729 MiB, 81559 MiB
2026/08/05 18:02:26.916, NVIDIA H100 80GB HBM3, 46, 100 %, 53 %, 74729 MiB, 81559 MiB
2026/08/05 18:02:29.916, NVIDIA H100 80GB HBM3, 46, 100 %, 54 %, 74729 MiB, 81559 MiB
2026/08/05 18:02:32.917, NVIDIA H100 80GB HBM3, 45, 100 %, 60 %, 74729 MiB, 81559 MiB
2026/08/05 18:02:35.917, NVIDIA H100 80GB HBM3, 44, 100 %, 54 %, 74729 MiB, 81559 MiB
2026/08/05 18:02:38.918, NVIDIA H100 80GB HBM3, 43, 100 %, 39 %, 74729 MiB, 81559 MiB
2026/08/05 18:02:41.918, NVIDIA H100 80GB HBM3, 44, 100 %, 51 %, 74729 MiB, 81559 MiB
2026/08/05 18:02:44.918, NVIDIA H100 80GB HBM3, 45, 100 %, 51 %, 74729 MiB, 81559 MiB
2026/08/05 18:02:47.919, NVIDIA H100 80GB HBM3, 45, 100 %, 50 %, 74729 MiB, 81559 MiB
2026/08/05 18:02:50.919, NVIDIA H100 80GB HBM3, 44, 100 %, 42 %, 74729 MiB, 81559 MiB
2026/08/05 18:02:53.920, NVIDIA H100 80GB HBM3, 45, 100 %, 58 %, 74729 MiB, 81559 MiB
2026/08/05 18:02:56.920, NVIDIA H100 80GB HBM3, 45, 98 %, 46 %, 74729 MiB, 81559 MiB
2026/08/05 18:02:59.920, NVIDIA H100 80GB HBM3, 45, 98 %, 58 %, 74729 MiB, 81559 MiB
2026/08/05 18:03:02.921, NVIDIA H100 80GB HBM3, 29, 0 %, 0 %, 74729 MiB, 81559 MiB
2026/08/05 18:03:05.921, NVIDIA H100 80GB HBM3, 40, 100 %, 65 %, 74729 MiB, 81559 MiB
2026/08/05 18:03:08.922, NVIDIA H100 80GB HBM3, 32, 0 %, 0 %, 74729 MiB, 81559 MiB
2026/08/05 18:03:11.922, NVIDIA H100 80GB HBM3, 36, 63 %, 32 %, 74729 MiB, 81559 MiB
2026/08/05 18:03:14.922, NVIDIA H100 80GB HBM3, 43, 100 %, 52 %, 74729 MiB, 81559 MiB
2026/08/05 18:03:17.923, NVIDIA H100 80GB HBM3, 43, 98 %, 72 %, 74729 MiB, 81559 MiB
2026/08/05 18:03:20.923, NVIDIA H100 80GB HBM3, 44, 98 %, 61 %, 74729 MiB, 81559 MiB
2026/08/05 18:03:23.924, NVIDIA H100 80GB HBM3, 43, 98 %, 71 %, 74729 MiB, 81559 MiB
2026/08/05 18:03:26.924, NVIDIA H100 80GB HBM3, 44, 82 %, 44 %, 74729 MiB, 81559 MiB
2026/08/05 18:03:29.924, NVIDIA H100 80GB HBM3, 42, 100 %, 53 %, 74729 MiB, 81559 MiB
2026/08/05 18:03:32.925, NVIDIA H100 80GB HBM3, 44, 100 %, 54 %, 74729 MiB, 81559 MiB
2026/08/05 18:03:35.925, NVIDIA H100 80GB HBM3, 45, 100 %, 57 %, 74729 MiB, 81559 MiB
2026/08/05 18:03:38.926, NVIDIA H100 80GB HBM3, 44, 100 %, 57 %, 74729 MiB, 81559 MiB
2026/08/05 18:03:41.926, NVIDIA H100 80GB HBM3, 46, 99 %, 53 %, 74729 MiB, 81559 MiB
2026/08/05 18:03:44.927, NVIDIA H100 80GB HBM3, 43, 99 %, 63 %, 74729 MiB, 81559 MiB
2026/08/05 18:03:47.927, NVIDIA H100 80GB HBM3, 43, 100 %, 64 %, 74729 MiB, 81559 MiB
2026/08/05 18:03:50.927, NVIDIA H100 80GB HBM3, 44, 100 %, 69 %, 74729 MiB, 81559 MiB
2026/08/05 18:03:53.928, NVIDIA H100 80GB HBM3, 44, 96 %, 51 %, 74729 MiB, 81559 MiB
2026/08/05 18:03:56.929, NVIDIA H100 80GB HBM3, 45, 100 %, 52 %, 74729 MiB, 81559 MiB
2026/08/05 18:03:59.930, NVIDIA H100 80GB HBM3, 45, 100 %, 62 %, 74729 MiB, 81559 MiB
2026/08/05 18:04:02.930, NVIDIA H100 80GB HBM3, 45, 99 %, 60 %, 74729 MiB, 81559 MiB
2026/08/05 18:04:05.931, NVIDIA H100 80GB HBM3, 45, 100 %, 50 %, 74729 MiB, 81559 MiB
2026/08/05 18:04:08.931, NVIDIA H100 80GB HBM3, 44, 98 %, 62 %, 74729 MiB, 81559 MiB
2026/08/05 18:04:11.931, NVIDIA H100 80GB HBM3, 44, 73 %, 38 %, 74729 MiB, 81559 MiB
2026/08/05 18:04:14.932, NVIDIA H100 80GB HBM3, 43, 100 %, 55 %, 74729 MiB, 81559 MiB
2026/08/05 18:04:17.932, NVIDIA H100 80GB HBM3, 43, 82 %, 45 %, 74729 MiB, 81559 MiB
2026/08/05 18:04:20.933, NVIDIA H100 80GB HBM3, 47, 98 %, 57 %, 74729 MiB, 81559 MiB
2026/08/05 18:04:23.933, NVIDIA H100 80GB HBM3, 45, 100 %, 60 %, 74729 MiB, 81559 MiB
2026/08/05 18:04:26.934, NVIDIA H100 80GB HBM3, 45, 99 %, 66 %, 74729 MiB, 81559 MiB
2026/08/05 18:04:29.934, NVIDIA H100 80GB HBM3, 43, 98 %, 67 %, 74729 MiB, 81559 MiB
2026/08/05 18:04:32.935, NVIDIA H100 80GB HBM3, 44, 98 %, 65 %, 74729 MiB, 81559 MiB
2026/08/05 18:04:35.935, NVIDIA H100 80GB HBM3, 42, 99 %, 63 %, 74729 MiB, 81559 MiB
2026/08/05 18:04:38.936, NVIDIA H100 80GB HBM3, 43, 98 %, 66 %, 74729 MiB, 81559 MiB
2026/08/05 18:04:41.936, NVIDIA H100 80GB HBM3, 45, 100 %, 50 %, 74729 MiB, 81559 MiB
2026/08/05 18:04:44.937, NVIDIA H100 80GB HBM3, 44, 100 %, 54 %, 74729 MiB, 81559 MiB
2026/08/05 18:04:47.937, NVIDIA H100 80GB HBM3, 46, 98 %, 49 %, 74729 MiB, 81559 MiB
2026/08/05 18:04:50.937, NVIDIA H100 80GB HBM3, 31, 0 %, 0 %, 74729 MiB, 81559 MiB
2026/08/05 18:04:53.938, NVIDIA H100 80GB HBM3, 38, 71 %, 33 %, 74729 MiB, 81559 MiB
2026/08/05 18:04:56.939, NVIDIA H100 80GB HBM3, 36, 100 %, 65 %, 74729 MiB, 81559 MiB
2026/08/05 18:04:59.940, NVIDIA H100 80GB HBM3, 29, 0 %, 0 %, 74729 MiB, 81559 MiB
2026/08/05 18:05:02.940, NVIDIA H100 80GB HBM3, 40, 98 %, 53 %, 74729 MiB, 81559 MiB
2026/08/05 18:05:05.941, NVIDIA H100 80GB HBM3, 42, 100 %, 50 %, 74729 MiB, 81559 MiB
2026/08/05 18:05:08.941, NVIDIA H100 80GB HBM3, 45, 100 %, 61 %, 74729 MiB, 81559 MiB
2026/08/05 18:05:11.941, NVIDIA H100 80GB HBM3, 43, 100 %, 42 %, 74729 MiB, 81559 MiB
2026/08/05 18:05:14.942, NVIDIA H100 80GB HBM3, 45, 100 %, 57 %, 74729 MiB, 81559 MiB
2026/08/05 18:05:17.942, NVIDIA H100 80GB HBM3, 44, 100 %, 54 %, 74729 MiB, 81559 MiB
2026/08/05 18:05:20.943, NVIDIA H100 80GB HBM3, 46, 100 %, 53 %, 74729 MiB, 81559 MiB
2026/08/05 18:05:23.943, NVIDIA H100 80GB HBM3, 42, 86 %, 44 %, 74729 MiB, 81559 MiB
2026/08/05 18:05:26.944, NVIDIA H100 80GB HBM3, 37, 81 %, 42 %, 74729 MiB, 81559 MiB
2026/08/05 18:05:29.945, NVIDIA H100 80GB HBM3, 39, 55 %, 27 %, 74729 MiB, 81559 MiB
2026/08/05 18:05:32.945, NVIDIA H100 80GB HBM3, 43, 100 %, 60 %, 74729 MiB, 81559 MiB
2026/08/05 18:05:35.945, NVIDIA H100 80GB HBM3, 45, 100 %, 64 %, 74729 MiB, 81559 MiB
2026/08/05 18:05:38.946, NVIDIA H100 80GB HBM3, 45, 100 %, 50 %, 74729 MiB, 81559 MiB
2026/08/05 18:05:41.946, NVIDIA H100 80GB HBM3, 43, 100 %, 63 %, 74729 MiB, 81559 MiB
2026/08/05 18:05:44.947, NVIDIA H100 80GB HBM3, 47, 100 %, 54 %, 74729 MiB, 81559 MiB
2026/08/05 18:05:47.947, NVIDIA H100 80GB HBM3, 45, 100 %, 63 %, 74729 MiB, 81559 MiB
2026/08/05 18:05:50.948, NVIDIA H100 80GB HBM3, 45, 100 %, 57 %, 74729 MiB, 81559 MiB
2026/08/05 18:05:53.948, NVIDIA H100 80GB HBM3, 45, 100 %, 63 %, 74729 MiB, 81559 MiB
2026/08/05 18:05:56.949, NVIDIA H100 80GB HBM3, 46, 100 %, 53 %, 74729 MiB, 81559 MiB
2026/08/05 18:05:59.949, NVIDIA H100 80GB HBM3, 45, 100 %, 51 %, 74729 MiB, 81559 MiB
2026/08/05 18:06:02.950, NVIDIA H100 80GB HBM3, 42, 94 %, 51 %, 74729 MiB, 81559 MiB
2026/08/05 18:06:05.950, NVIDIA H100 80GB HBM3, 46, 98 %, 65 %, 74729 MiB, 81559 MiB
2026/08/05 18:06:08.950, NVIDIA H100 80GB HBM3, 43, 99 %, 64 %, 74729 MiB, 81559 MiB
2026/08/05 18:06:11.951, NVIDIA H100 80GB HBM3, 45, 98 %, 71 %, 74729 MiB, 81559 MiB
2026/08/05 18:06:14.951, NVIDIA H100 80GB HBM3, 41, 100 %, 64 %, 74729 MiB, 81559 MiB
2026/08/05 18:06:17.952, NVIDIA H100 80GB HBM3, 44, 100 %, 67 %, 74729 MiB, 81559 MiB
2026/08/05 18:06:20.952, NVIDIA H100 80GB HBM3, 38, 70 %, 36 %, 74729 MiB, 81559 MiB
2026/08/05 18:06:23.952, NVIDIA H100 80GB HBM3, 44, 100 %, 59 %, 74729 MiB, 81559 MiB
2026/08/05 18:06:26.955, NVIDIA H100 80GB HBM3, 45, 100 %, 63 %, 74729 MiB, 81559 MiB
2026/08/05 18:06:29.955, NVIDIA H100 80GB HBM3, 45, 100 %, 67 %, 74729 MiB, 81559 MiB
2026/08/05 18:06:32.956, NVIDIA H100 80GB HBM3, 44, 100 %, 50 %, 74729 MiB, 81559 MiB
2026/08/05 18:06:35.956, NVIDIA H100 80GB HBM3, 46, 100 %, 50 %, 74729 MiB, 81559 MiB
2026/08/05 18:06:38.956, NVIDIA H100 80GB HBM3, 45, 99 %, 50 %, 74729 MiB, 81559 MiB
2026/08/05 18:06:41.957, NVIDIA H100 80GB HBM3, 36, 92 %, 50 %, 74729 MiB, 81559 MiB
2026/08/05 18:06:44.957, NVIDIA H100 80GB HBM3, 35, 52 %, 33 %, 74729 MiB, 81559 MiB
2026/08/05 18:06:47.958, NVIDIA H100 80GB HBM3, 33, 0 %, 0 %, 74729 MiB, 81559 MiB
2026/08/05 18:06:50.958, NVIDIA H100 80GB HBM3, 28, 0 %, 0 %, 74729 MiB, 81559 MiB
2026/08/05 18:06:53.958, NVIDIA H100 80GB HBM3, 42, 100 %, 67 %, 74729 MiB, 81559 MiB
2026/08/05 18:06:56.959, NVIDIA H100 80GB HBM3, 44, 100 %, 63 %, 74729 MiB, 81559 MiB
2026/08/05 18:06:59.959, NVIDIA H100 80GB HBM3, 43, 100 %, 54 %, 74729 MiB, 81559 MiB
2026/08/05 18:07:02.960, NVIDIA H100 80GB HBM3, 43, 100 %, 53 %, 74729 MiB, 81559 MiB
2026/08/05 18:07:05.960, NVIDIA H100 80GB HBM3, 45, 100 %, 52 %, 74729 MiB, 81559 MiB
2026/08/05 18:07:08.961, NVIDIA H100 80GB HBM3, 40, 100 %, 54 %, 74729 MiB, 81559 MiB
2026/08/05 18:07:11.961, NVIDIA H100 80GB HBM3, 43, 100 %, 57 %, 74729 MiB, 81559 MiB
2026/08/05 18:07:14.961, NVIDIA H100 80GB HBM3, 44, 100 %, 53 %, 74729 MiB, 81559 MiB
2026/08/05 18:07:17.962, NVIDIA H100 80GB HBM3, 46, 100 %, 48 %, 74729 MiB, 81559 MiB
2026/08/05 18:07:20.962, NVIDIA H100 80GB HBM3, 45, 100 %, 50 %, 74729 MiB, 81559 MiB
2026/08/05 18:07:23.963, NVIDIA H100 80GB HBM3, 46, 100 %, 49 %, 74729 MiB, 81559 MiB
2026/08/05 18:07:26.964, NVIDIA H100 80GB HBM3, 45, 100 %, 57 %, 74729 MiB, 81559 MiB
2026/08/05 18:07:29.965, NVIDIA H100 80GB HBM3, 44, 100 %, 55 %, 74729 MiB, 81559 MiB
2026/08/05 18:07:32.965, NVIDIA H100 80GB HBM3, 40, 100 %, 54 %, 74729 MiB, 81559 MiB
2026/08/05 18:07:35.966, NVIDIA H100 80GB HBM3, 41, 100 %, 54 %, 74729 MiB, 81559 MiB
2026/08/05 18:07:38.966, NVIDIA H100 80GB HBM3, 42, 100 %, 55 %, 74729 MiB, 81559 MiB
2026/08/05 18:07:41.967, NVIDIA H100 80GB HBM3, 43, 100 %, 54 %, 74729 MiB, 81559 MiB
2026/08/05 18:07:44.967, NVIDIA H100 80GB HBM3, 44, 100 %, 54 %, 74729 MiB, 81559 MiB
2026/08/05 18:07:47.967, NVIDIA H100 80GB HBM3, 44, 100 %, 64 %, 74729 MiB, 81559 MiB
2026/08/05 18:07:50.968, NVIDIA H100 80GB HBM3, 44, 100 %, 53 %, 74729 MiB, 81559 MiB
2026/08/05 18:07:53.968, NVIDIA H100 80GB HBM3, 44, 100 %, 53 %, 74729 MiB, 81559 MiB
2026/08/05 18:07:56.969, NVIDIA H100 80GB HBM3, 46, 100 %, 51 %, 74729 MiB, 81559 MiB
2026/08/05 18:07:59.970, NVIDIA H100 80GB HBM3, 44, 99 %, 59 %, 74729 MiB, 81559 MiB
2026/08/05 18:08:02.970, NVIDIA H100 80GB HBM3, 45, 100 %, 57 %, 74729 MiB, 81559 MiB
2026/08/05 18:08:05.970, NVIDIA H100 80GB HBM3, 45, 100 %, 42 %, 74729 MiB, 81559 MiB
2026/08/05 18:08:08.971, NVIDIA H100 80GB HBM3, 45, 100 %, 54 %, 74729 MiB, 81559 MiB
2026/08/05 18:08:11.971, NVIDIA H100 80GB HBM3, 43, 100 %, 55 %, 74729 MiB, 81559 MiB
2026/08/05 18:08:14.972, NVIDIA H100 80GB HBM3, 44, 20 %, 13 %, 74729 MiB, 81559 MiB
2026/08/05 18:08:17.972, NVIDIA H100 80GB HBM3, 44, 65 %, 31 %, 74729 MiB, 81559 MiB
2026/08/05 18:08:20.972, NVIDIA H100 80GB HBM3, 44, 99 %, 50 %, 74729 MiB, 81559 MiB
2026/08/05 18:08:23.973, NVIDIA H100 80GB HBM3, 45, 99 %, 61 %, 74729 MiB, 81559 MiB
2026/08/05 18:08:26.974, NVIDIA H100 80GB HBM3, 45, 100 %, 63 %, 74729 MiB, 81559 MiB
2026/08/05 18:08:29.975, NVIDIA H100 80GB HBM3, 36, 0 %, 0 %, 74729 MiB, 81559 MiB
2026/08/05 18:08:32.975, NVIDIA H100 80GB HBM3, 33, 0 %, 0 %, 74729 MiB, 81559 MiB
2026/08/05 18:08:35.976, NVIDIA H100 80GB HBM3, 39, 1 %, 1 %, 74729 MiB, 81559 MiB
2026/08/05 18:08:38.976, NVIDIA H100 80GB HBM3, 39, 99 %, 57 %, 74729 MiB, 81559 MiB
2026/08/05 18:08:41.976, NVIDIA H100 80GB HBM3, 28, 0 %, 0 %, 74729 MiB, 81559 MiB
2026/08/05 18:08:44.977, NVIDIA H100 80GB HBM3, 40, 100 %, 54 %, 74729 MiB, 81559 MiB
2026/08/05 18:08:47.978, NVIDIA H100 80GB HBM3, 44, 97 %, 65 %, 74729 MiB, 81559 MiB
2026/08/05 18:08:50.978, NVIDIA H100 80GB HBM3, 45, 100 %, 57 %, 74729 MiB, 81559 MiB
2026/08/05 18:08:53.979, NVIDIA H100 80GB HBM3, 45, 100 %, 53 %, 74729 MiB, 81559 MiB
2026/08/05 18:08:56.980, NVIDIA H100 80GB HBM3, 45, 100 %, 59 %, 74729 MiB, 81559 MiB
2026/08/05 18:08:59.980, NVIDIA H100 80GB HBM3, 45, 100 %, 51 %, 74729 MiB, 81559 MiB
2026/08/05 18:09:02.981, NVIDIA H100 80GB HBM3, 45, 100 %, 52 %, 74729 MiB, 81559 MiB
2026/08/05 18:09:05.981, NVIDIA H100 80GB HBM3, 46, 100 %, 49 %, 74729 MiB, 81559 MiB
2026/08/05 18:09:08.982, NVIDIA H100 80GB HBM3, 45, 100 %, 51 %, 74729 MiB, 81559 MiB
2026/08/05 18:09:11.982, NVIDIA H100 80GB HBM3, 44, 100 %, 51 %, 74729 MiB, 81559 MiB
2026/08/05 18:09:14.982, NVIDIA H100 80GB HBM3, 43, 100 %, 57 %, 74729 MiB, 81559 MiB
2026/08/05 18:09:17.983, NVIDIA H100 80GB HBM3, 42, 100 %, 54 %, 74729 MiB, 81559 MiB
2026/08/05 18:09:20.983, NVIDIA H100 80GB HBM3, 44, 100 %, 52 %, 74729 MiB, 81559 MiB
2026/08/05 18:09:23.984, NVIDIA H100 80GB HBM3, 46, 100 %, 63 %, 74729 MiB, 81559 MiB
2026/08/05 18:09:26.985, NVIDIA H100 80GB HBM3, 42, 98 %, 71 %, 74729 MiB, 81559 MiB
2026/08/05 18:09:29.986, NVIDIA H100 80GB HBM3, 45, 100 %, 57 %, 74729 MiB, 81559 MiB
2026/08/05 18:09:32.986, NVIDIA H100 80GB HBM3, 45, 100 %, 55 %, 74729 MiB, 81559 MiB
2026/08/05 18:09:35.987, NVIDIA H100 80GB HBM3, 44, 100 %, 54 %, 74729 MiB, 81559 MiB
2026/08/05 18:09:38.987, NVIDIA H100 80GB HBM3, 43, 100 %, 53 %, 74729 MiB, 81559 MiB
2026/08/05 18:09:41.987, NVIDIA H100 80GB HBM3, 45, 100 %, 59 %, 74729 MiB, 81559 MiB
2026/08/05 18:09:44.988, NVIDIA H100 80GB HBM3, 45, 100 %, 51 %, 74729 MiB, 81559 MiB
2026/08/05 18:09:47.988, NVIDIA H100 80GB HBM3, 45, 100 %, 55 %, 74729 MiB, 81559 MiB
2026/08/05 18:09:50.989, NVIDIA H100 80GB HBM3, 45, 100 %, 58 %, 74729 MiB, 81559 MiB
2026/08/05 18:09:53.989, NVIDIA H100 80GB HBM3, 44, 96 %, 53 %, 74729 MiB, 81559 MiB
2026/08/05 18:09:56.991, NVIDIA H100 80GB HBM3, 45, 100 %, 61 %, 74729 MiB, 81559 MiB
2026/08/05 18:09:59.992, NVIDIA H100 80GB HBM3, 42, 39 %, 14 %, 74729 MiB, 81559 MiB
2026/08/05 18:10:02.992, NVIDIA H100 80GB HBM3, 43, 100 %, 49 %, 74729 MiB, 81559 MiB
2026/08/05 18:10:05.993, NVIDIA H100 80GB HBM3, 43, 100 %, 54 %, 74729 MiB, 81559 MiB
2026/08/05 18:10:08.993, NVIDIA H100 80GB HBM3, 44, 100 %, 54 %, 74729 MiB, 81559 MiB
2026/08/05 18:10:11.993, NVIDIA H100 80GB HBM3, 44, 100 %, 50 %, 74729 MiB, 81559 MiB
2026/08/05 18:10:14.994, NVIDIA H100 80GB HBM3, 45, 100 %, 57 %, 74729 MiB, 81559 MiB
2026/08/05 18:10:17.994, NVIDIA H100 80GB HBM3, 47, 99 %, 56 %, 74729 MiB, 81559 MiB
2026/08/05 18:10:20.995, NVIDIA H100 80GB HBM3, 45, 100 %, 45 %, 74729 MiB, 81559 MiB
2026/08/05 18:10:23.995, NVIDIA H100 80GB HBM3, 37, 100 %, 65 %, 74729 MiB, 81559 MiB
2026/08/05 18:10:26.997, NVIDIA H100 80GB HBM3, 32, 0 %, 0 %, 74729 MiB, 81559 MiB
2026/08/05 18:10:29.997, NVIDIA H100 80GB HBM3, 30, 0 %, 0 %, 74729 MiB, 81559 MiB
2026/08/05 18:10:32.997, NVIDIA H100 80GB HBM3, 28, 0 %, 0 %, 74729 MiB, 81559 MiB
2026/08/05 18:10:35.998, NVIDIA H100 80GB HBM3, 27, 0 %, 0 %, 74729 MiB, 81559 MiB
2026/08/05 18:10:38.998, NVIDIA H100 80GB HBM3, 38, 100 %, 42 %, 74729 MiB, 81559 MiB
2026/08/05 18:10:41.999, NVIDIA H100 80GB HBM3, 43, 98 %, 42 %, 74729 MiB, 81559 MiB
2026/08/05 18:10:44.999, NVIDIA H100 80GB HBM3, 43, 79 %, 31 %, 74729 MiB, 81559 MiB
2026/08/05 18:10:47.999, NVIDIA H100 80GB HBM3, 45, 100 %, 54 %, 74729 MiB, 81559 MiB
2026/08/05 18:10:51.000, NVIDIA H100 80GB HBM3, 40, 100 %, 53 %, 74729 MiB, 81559 MiB
2026/08/05 18:10:54.000, NVIDIA H100 80GB HBM3, 41, 100 %, 54 %, 74729 MiB, 81559 MiB
2026/08/05 18:10:57.002, NVIDIA H100 80GB HBM3, 46, 100 %, 56 %, 74729 MiB, 81559 MiB
2026/08/05 18:11:00.003, NVIDIA H100 80GB HBM3, 38, 57 %, 30 %, 74729 MiB, 81559 MiB
2026/08/05 18:11:03.051, NVIDIA H100 80GB HBM3, 44, 100 %, 62 %, 74729 MiB, 81559 MiB
2026/08/05 18:11:06.052, NVIDIA H100 80GB HBM3, 40, 100 %, 60 %, 74729 MiB, 81559 MiB
2026/08/05 18:11:09.052, NVIDIA H100 80GB HBM3, 39, 100 %, 62 %, 74729 MiB, 81559 MiB
2026/08/05 18:11:12.053, NVIDIA H100 80GB HBM3, 38, 100 %, 60 %, 74729 MiB, 81559 MiB
2026/08/05 18:11:15.053, NVIDIA H100 80GB HBM3, 46, 99 %, 42 %, 74729 MiB, 81559 MiB
2026/08/05 18:11:18.053, NVIDIA H100 80GB HBM3, 43, 100 %, 63 %, 74729 MiB, 81559 MiB
2026/08/05 18:11:21.054, NVIDIA H100 80GB HBM3, 44, 100 %, 63 %, 74729 MiB, 81559 MiB
2026/08/05 18:11:24.054, NVIDIA H100 80GB HBM3, 42, 100 %, 53 %, 74729 MiB, 81559 MiB
2026/08/05 18:11:27.055, NVIDIA H100 80GB HBM3, 43, 100 %, 63 %, 74729 MiB, 81559 MiB
2026/08/05 18:11:30.055, NVIDIA H100 80GB HBM3, 44, 94 %, 48 %, 74729 MiB, 81559 MiB
2026/08/05 18:11:33.056, NVIDIA H100 80GB HBM3, 44, 22 %, 2 %, 74729 MiB, 81559 MiB
2026/08/05 18:11:36.056, NVIDIA H100 80GB HBM3, 43, 22 %, 2 %, 74729 MiB, 81559 MiB
2026/08/05 18:11:39.056, NVIDIA H100 80GB HBM3, 44, 100 %, 65 %, 74729 MiB, 81559 MiB
2026/08/05 18:11:42.057, NVIDIA H100 80GB HBM3, 44, 45 %, 19 %, 74729 MiB, 81559 MiB
2026/08/05 18:11:45.057, NVIDIA H100 80GB HBM3, 43, 100 %, 60 %, 74729 MiB, 81559 MiB
2026/08/05 18:11:48.057, NVIDIA H100 80GB HBM3, 43, 23 %, 3 %, 74729 MiB, 81559 MiB
2026/08/05 18:11:51.058, NVIDIA H100 80GB HBM3, 44, 100 %, 63 %, 74729 MiB, 81559 MiB
2026/08/05 18:11:54.058, NVIDIA H100 80GB HBM3, 46, 99 %, 69 %, 74729 MiB, 81559 MiB
2026/08/05 18:11:57.058, NVIDIA H100 80GB HBM3, 45, 99 %, 61 %, 74729 MiB, 81559 MiB
2026/08/05 18:12:00.059, NVIDIA H100 80GB HBM3, 44, 99 %, 66 %, 74729 MiB, 81559 MiB
2026/08/05 18:12:03.059, NVIDIA H100 80GB HBM3, 44, 98 %, 71 %, 74729 MiB, 81559 MiB
2026/08/05 18:12:06.060, NVIDIA H100 80GB HBM3, 44, 98 %, 63 %, 74729 MiB, 81559 MiB
2026/08/05 18:12:09.060, NVIDIA H100 80GB HBM3, 45, 100 %, 57 %, 74729 MiB, 81559 MiB
2026/08/05 18:12:12.061, NVIDIA H100 80GB HBM3, 47, 100 %, 51 %, 74729 MiB, 81559 MiB
2026/08/05 18:12:15.061, NVIDIA H100 80GB HBM3, 45, 98 %, 65 %, 74729 MiB, 81559 MiB
2026/08/05 18:12:18.061, NVIDIA H100 80GB HBM3, 29, 0 %, 0 %, 74729 MiB, 81559 MiB
2026/08/05 18:12:21.062, NVIDIA H100 80GB HBM3, 33, 100 %, 64 %, 74729 MiB, 81559 MiB
2026/08/05 18:12:24.062, NVIDIA H100 80GB HBM3, 43, 99 %, 64 %, 74729 MiB, 81559 MiB
2026/08/05 18:12:27.062, NVIDIA H100 80GB HBM3, 37, 44 %, 17 %, 74729 MiB, 81559 MiB
2026/08/05 18:12:30.063, NVIDIA H100 80GB HBM3, 42, 100 %, 54 %, 74729 MiB, 81559 MiB
2026/08/05 18:12:33.063, NVIDIA H100 80GB HBM3, 42, 19 %, 14 %, 74729 MiB, 81559 MiB
2026/08/05 18:12:36.064, NVIDIA H100 80GB HBM3, 45, 98 %, 71 %, 74729 MiB, 81559 MiB
2026/08/05 18:12:39.064, NVIDIA H100 80GB HBM3, 45, 99 %, 58 %, 74729 MiB, 81559 MiB
2026/08/05 18:12:42.064, NVIDIA H100 80GB HBM3, 45, 100 %, 41 %, 74729 MiB, 81559 MiB
2026/08/05 18:12:45.065, NVIDIA H100 80GB HBM3, 44, 99 %, 59 %, 74729 MiB, 81559 MiB
2026/08/05 18:12:48.065, NVIDIA H100 80GB HBM3, 45, 100 %, 51 %, 74729 MiB, 81559 MiB
2026/08/05 18:12:51.066, NVIDIA H100 80GB HBM3, 44, 98 %, 70 %, 74729 MiB, 81559 MiB
2026/08/05 18:12:54.066, NVIDIA H100 80GB HBM3, 45, 98 %, 61 %, 74729 MiB, 81559 MiB
2026/08/05 18:12:57.067, NVIDIA H100 80GB HBM3, 46, 100 %, 44 %, 74729 MiB, 81559 MiB
2026/08/05 18:13:00.067, NVIDIA H100 80GB HBM3, 46, 100 %, 39 %, 74729 MiB, 81559 MiB
2026/08/05 18:13:03.067, NVIDIA H100 80GB HBM3, 42, 100 %, 60 %, 74729 MiB, 81559 MiB
2026/08/05 18:13:06.068, NVIDIA H100 80GB HBM3, 43, 100 %, 64 %, 74729 MiB, 81559 MiB
2026/08/05 18:13:09.068, NVIDIA H100 80GB HBM3, 45, 37 %, 23 %, 74729 MiB, 81559 MiB
2026/08/05 18:13:12.069, NVIDIA H100 80GB HBM3, 39, 100 %, 50 %, 74729 MiB, 81559 MiB
2026/08/05 18:13:15.069, NVIDIA H100 80GB HBM3, 39, 64 %, 30 %, 74729 MiB, 81559 MiB
2026/08/05 18:13:18.069, NVIDIA H100 80GB HBM3, 46, 100 %, 64 %, 74729 MiB, 81559 MiB
2026/08/05 18:13:21.070, NVIDIA H100 80GB HBM3, 43, 97 %, 66 %, 74729 MiB, 81559 MiB
2026/08/05 18:13:24.070, NVIDIA H100 80GB HBM3, 45, 99 %, 60 %, 74729 MiB, 81559 MiB
2026/08/05 18:13:27.071, NVIDIA H100 80GB HBM3, 44, 98 %, 62 %, 74729 MiB, 81559 MiB
2026/08/05 18:13:30.071, NVIDIA H100 80GB HBM3, 44, 98 %, 60 %, 74729 MiB, 81559 MiB
2026/08/05 18:13:33.071, NVIDIA H100 80GB HBM3, 45, 98 %, 68 %, 74729 MiB, 81559 MiB
2026/08/05 18:13:36.072, NVIDIA H100 80GB HBM3, 44, 99 %, 63 %, 74729 MiB, 81559 MiB
2026/08/05 18:13:39.072, NVIDIA H100 80GB HBM3, 45, 100 %, 40 %, 74729 MiB, 81559 MiB
2026/08/05 18:13:42.073, NVIDIA H100 80GB HBM3, 47, 100 %, 54 %, 74729 MiB, 81559 MiB
2026/08/05 18:13:45.073, NVIDIA H100 80GB HBM3, 45, 100 %, 51 %, 74729 MiB, 81559 MiB
2026/08/05 18:13:48.073, NVIDIA H100 80GB HBM3, 44, 100 %, 67 %, 74729 MiB, 81559 MiB
2026/08/05 18:13:51.074, NVIDIA H100 80GB HBM3, 43, 85 %, 44 %, 74729 MiB, 81559 MiB
2026/08/05 18:13:54.074, NVIDIA H100 80GB HBM3, 43, 66 %, 30 %, 74729 MiB, 81559 MiB
2026/08/05 18:13:57.075, NVIDIA H100 80GB HBM3, 46, 100 %, 65 %, 74729 MiB, 81559 MiB
2026/08/05 18:14:00.075, NVIDIA H100 80GB HBM3, 45, 100 %, 42 %, 74729 MiB, 81559 MiB
2026/08/05 18:14:03.075, NVIDIA H100 80GB HBM3, 45, 100 %, 54 %, 74729 MiB, 81559 MiB
2026/08/05 18:14:06.076, NVIDIA H100 80GB HBM3, 32, 0 %, 0 %, 74729 MiB, 81559 MiB
2026/08/05 18:14:09.076, NVIDIA H100 80GB HBM3, 40, 81 %, 41 %, 74729 MiB, 81559 MiB
2026/08/05 18:14:12.077, NVIDIA H100 80GB HBM3, 35, 0 %, 0 %, 74729 MiB, 81559 MiB
2026/08/05 18:14:15.077, NVIDIA H100 80GB HBM3, 32, 0 %, 0 %, 74729 MiB, 81559 MiB
2026/08/05 18:14:18.077, NVIDIA H100 80GB HBM3, 43, 100 %, 63 %, 74729 MiB, 81559 MiB
2026/08/05 18:14:21.078, NVIDIA H100 80GB HBM3, 43, 100 %, 58 %, 74729 MiB, 81559 MiB
2026/08/05 18:14:24.078, NVIDIA H100 80GB HBM3, 41, 99 %, 55 %, 74729 MiB, 81559 MiB
2026/08/05 18:14:27.078, NVIDIA H100 80GB HBM3, 44, 100 %, 57 %, 74729 MiB, 81559 MiB
2026/08/05 18:14:30.079, NVIDIA H100 80GB HBM3, 45, 100 %, 59 %, 74729 MiB, 81559 MiB
2026/08/05 18:14:33.079, NVIDIA H100 80GB HBM3, 45, 100 %, 57 %, 74729 MiB, 81559 MiB
2026/08/05 18:14:36.079, NVIDIA H100 80GB HBM3, 44, 98 %, 63 %, 74729 MiB, 81559 MiB
2026/08/05 18:14:39.080, NVIDIA H100 80GB HBM3, 44, 44 %, 18 %, 74729 MiB, 81559 MiB
2026/08/05 18:14:42.080, NVIDIA H100 80GB HBM3, 45, 66 %, 34 %, 74729 MiB, 81559 MiB
2026/08/05 18:14:45.081, NVIDIA H100 80GB HBM3, 44, 100 %, 64 %, 74729 MiB, 81559 MiB
2026/08/05 18:14:48.081, NVIDIA H100 80GB HBM3, 45, 98 %, 62 %, 74729 MiB, 81559 MiB
2026/08/05 18:14:51.081, NVIDIA H100 80GB HBM3, 44, 99 %, 70 %, 74729 MiB, 81559 MiB
2026/08/05 18:14:54.082, NVIDIA H100 80GB HBM3, 45, 99 %, 64 %, 74729 MiB, 81559 MiB
2026/08/05 18:14:57.082, NVIDIA H100 80GB HBM3, 45, 98 %, 67 %, 74729 MiB, 81559 MiB
2026/08/05 18:15:00.083, NVIDIA H100 80GB HBM3, 43, 100 %, 61 %, 74729 MiB, 81559 MiB
2026/08/05 18:15:03.083, NVIDIA H100 80GB HBM3, 45, 98 %, 62 %, 74729 MiB, 81559 MiB
2026/08/05 18:15:06.083, NVIDIA H100 80GB HBM3, 46, 100 %, 56 %, 74729 MiB, 81559 MiB
2026/08/05 18:15:09.084, NVIDIA H100 80GB HBM3, 43, 100 %, 54 %, 74729 MiB, 81559 MiB
2026/08/05 18:15:12.084, NVIDIA H100 80GB HBM3, 40, 100 %, 63 %, 74729 MiB, 81559 MiB
2026/08/05 18:15:15.085, NVIDIA H100 80GB HBM3, 44, 100 %, 53 %, 74729 MiB, 81559 MiB
2026/08/05 18:15:18.085, NVIDIA H100 80GB HBM3, 46, 100 %, 53 %, 74729 MiB, 81559 MiB
2026/08/05 18:15:21.085, NVIDIA H100 80GB HBM3, 47, 100 %, 51 %, 74729 MiB, 81559 MiB
2026/08/05 18:15:24.086, NVIDIA H100 80GB HBM3, 45, 96 %, 69 %, 74729 MiB, 81559 MiB
2026/08/05 18:15:27.086, NVIDIA H100 80GB HBM3, 46, 99 %, 58 %, 74729 MiB, 81559 MiB
2026/08/05 18:15:30.087, NVIDIA H100 80GB HBM3, 46, 100 %, 53 %, 74729 MiB, 81559 MiB
2026/08/05 18:15:33.087, NVIDIA H100 80GB HBM3, 45, 100 %, 55 %, 74729 MiB, 81559 MiB
2026/08/05 18:15:36.087, NVIDIA H100 80GB HBM3, 44, 100 %, 50 %, 74729 MiB, 81559 MiB
2026/08/05 18:15:39.088, NVIDIA H100 80GB HBM3, 45, 100 %, 54 %, 74729 MiB, 81559 MiB
2026/08/05 18:15:42.088, NVIDIA H100 80GB HBM3, 44, 100 %, 55 %, 74729 MiB, 81559 MiB
2026/08/05 18:15:45.089, NVIDIA H100 80GB HBM3, 47, 100 %, 49 %, 74729 MiB, 81559 MiB
2026/08/05 18:15:48.089, NVIDIA H100 80GB HBM3, 44, 100 %, 63 %, 74729 MiB, 81559 MiB
2026/08/05 18:15:51.089, NVIDIA H100 80GB HBM3, 47, 100 %, 42 %, 74729 MiB, 81559 MiB
2026/08/05 18:15:54.090, NVIDIA H100 80GB HBM3, 31, 0 %, 0 %, 74729 MiB, 81559 MiB
2026/08/05 18:15:57.090, NVIDIA H100 80GB HBM3, 36, 0 %, 0 %, 74729 MiB, 81559 MiB
2026/08/05 18:16:00.091, NVIDIA H100 80GB HBM3, 39, 99 %, 53 %, 74729 MiB, 81559 MiB
2026/08/05 18:16:03.091, NVIDIA H100 80GB HBM3, 29, 0 %, 0 %, 74729 MiB, 81559 MiB
2026/08/05 18:16:06.091, NVIDIA H100 80GB HBM3, 28, 0 %, 0 %, 74729 MiB, 81559 MiB
2026/08/05 18:16:09.092, NVIDIA H100 80GB HBM3, 41, 100 %, 56 %, 74729 MiB, 81559 MiB
2026/08/05 18:16:12.092, NVIDIA H100 80GB HBM3, 45, 99 %, 70 %, 74729 MiB, 81559 MiB
2026/08/05 18:16:15.093, NVIDIA H100 80GB HBM3, 45, 98 %, 70 %, 74729 MiB, 81559 MiB
2026/08/05 18:16:18.093, NVIDIA H100 80GB HBM3, 45, 98 %, 70 %, 74729 MiB, 81559 MiB
2026/08/05 18:16:21.093, NVIDIA H100 80GB HBM3, 45, 97 %, 67 %, 74729 MiB, 81559 MiB
2026/08/05 18:16:24.094, NVIDIA H100 80GB HBM3, 43, 69 %, 36 %, 74729 MiB, 81559 MiB
2026/08/05 18:16:27.094, NVIDIA H100 80GB HBM3, 44, 100 %, 65 %, 74729 MiB, 81559 MiB
2026/08/05 18:16:30.095, NVIDIA H100 80GB HBM3, 46, 100 %, 46 %, 74729 MiB, 81559 MiB
2026/08/05 18:16:33.095, NVIDIA H100 80GB HBM3, 47, 100 %, 56 %, 74729 MiB, 81559 MiB
2026/08/05 18:16:36.095, NVIDIA H100 80GB HBM3, 45, 100 %, 55 %, 74729 MiB, 81559 MiB
2026/08/05 18:16:39.096, NVIDIA H100 80GB HBM3, 46, 100 %, 50 %, 74729 MiB, 81559 MiB
2026/08/05 18:16:42.096, NVIDIA H100 80GB HBM3, 47, 100 %, 56 %, 74729 MiB, 81559 MiB
2026/08/05 18:16:45.096, NVIDIA H100 80GB HBM3, 43, 98 %, 62 %, 74729 MiB, 81559 MiB
2026/08/05 18:16:48.097, NVIDIA H100 80GB HBM3, 44, 96 %, 67 %, 74729 MiB, 81559 MiB
2026/08/05 18:16:51.097, NVIDIA H100 80GB HBM3, 44, 98 %, 68 %, 74729 MiB, 81559 MiB
2026/08/05 18:16:54.098, NVIDIA H100 80GB HBM3, 44, 98 %, 60 %, 74729 MiB, 81559 MiB
2026/08/05 18:16:57.098, NVIDIA H100 80GB HBM3, 45, 100 %, 50 %, 74729 MiB, 81559 MiB
2026/08/05 18:17:00.098, NVIDIA H100 80GB HBM3, 45, 100 %, 49 %, 74729 MiB, 81559 MiB
2026/08/05 18:17:03.099, NVIDIA H100 80GB HBM3, 45, 100 %, 41 %, 74729 MiB, 81559 MiB
2026/08/05 18:17:06.099, NVIDIA H100 80GB HBM3, 43, 99 %, 67 %, 74729 MiB, 81559 MiB
2026/08/05 18:17:09.100, NVIDIA H100 80GB HBM3, 45, 98 %, 70 %, 74729 MiB, 81559 MiB
2026/08/05 18:17:12.100, NVIDIA H100 80GB HBM3, 45, 99 %, 59 %, 74729 MiB, 81559 MiB
2026/08/05 18:17:15.100, NVIDIA H100 80GB HBM3, 46, 100 %, 50 %, 74729 MiB, 81559 MiB
2026/08/05 18:17:18.101, NVIDIA H100 80GB HBM3, 45, 98 %, 53 %, 74729 MiB, 81559 MiB
2026/08/05 18:17:21.101, NVIDIA H100 80GB HBM3, 45, 81 %, 48 %, 74729 MiB, 81559 MiB
2026/08/05 18:17:24.101, NVIDIA H100 80GB HBM3, 45, 100 %, 58 %, 74729 MiB, 81559 MiB
2026/08/05 18:17:27.102, NVIDIA H100 80GB HBM3, 45, 100 %, 57 %, 74729 MiB, 81559 MiB
2026/08/05 18:17:30.102, NVIDIA H100 80GB HBM3, 45, 100 %, 50 %, 74729 MiB, 81559 MiB
2026/08/05 18:17:33.103, NVIDIA H100 80GB HBM3, 45, 100 %, 53 %, 74729 MiB, 81559 MiB
2026/08/05 18:17:36.103, NVIDIA H100 80GB HBM3, 45, 100 %, 50 %, 74729 MiB, 81559 MiB
2026/08/05 18:17:39.103, NVIDIA H100 80GB HBM3, 48, 100 %, 54 %, 74729 MiB, 81559 MiB
2026/08/05 18:17:42.104, NVIDIA H100 80GB HBM3, 44, 99 %, 55 %, 74729 MiB, 81559 MiB
2026/08/05 18:17:45.104, NVIDIA H100 80GB HBM3, 36, 0 %, 0 %, 74729 MiB, 81559 MiB
2026/08/05 18:17:48.105, NVIDIA H100 80GB HBM3, 30, 49 %, 22 %, 74729 MiB, 81559 MiB
2026/08/05 18:17:51.105, NVIDIA H100 80GB HBM3, 34, 0 %, 0 %, 74729 MiB, 81559 MiB
2026/08/05 18:17:54.105, NVIDIA H100 80GB HBM3, 30, 0 %, 0 %, 74729 MiB, 81559 MiB
2026/08/05 18:17:57.106, NVIDIA H100 80GB HBM3, 40, 100 %, 46 %, 74729 MiB, 81559 MiB
2026/08/05 18:18:00.106, NVIDIA H100 80GB HBM3, 43, 43 %, 25 %, 74729 MiB, 81559 MiB
2026/08/05 18:18:03.107, NVIDIA H100 80GB HBM3, 40, 100 %, 54 %, 74729 MiB, 81559 MiB
2026/08/05 18:18:06.107, NVIDIA H100 80GB HBM3, 43, 100 %, 63 %, 74729 MiB, 81559 MiB
2026/08/05 18:18:09.107, NVIDIA H100 80GB HBM3, 44, 100 %, 67 %, 74729 MiB, 81559 MiB
2026/08/05 18:18:12.108, NVIDIA H100 80GB HBM3, 39, 58 %, 28 %, 74729 MiB, 81559 MiB
2026/08/05 18:18:15.108, NVIDIA H100 80GB HBM3, 43, 100 %, 63 %, 74729 MiB, 81559 MiB
2026/08/05 18:18:18.109, NVIDIA H100 80GB HBM3, 45, 99 %, 69 %, 74729 MiB, 81559 MiB
2026/08/05 18:18:21.109, NVIDIA H100 80GB HBM3, 45, 100 %, 41 %, 74729 MiB, 81559 MiB
2026/08/05 18:18:24.109, NVIDIA H100 80GB HBM3, 43, 99 %, 61 %, 74729 MiB, 81559 MiB
2026/08/05 18:18:27.110, NVIDIA H100 80GB HBM3, 43, 98 %, 62 %, 74729 MiB, 81559 MiB
2026/08/05 18:18:30.110, NVIDIA H100 80GB HBM3, 46, 97 %, 67 %, 74729 MiB, 81559 MiB
2026/08/05 18:18:33.111, NVIDIA H100 80GB HBM3, 44, 98 %, 62 %, 74729 MiB, 81559 MiB
2026/08/05 18:18:36.111, NVIDIA H100 80GB HBM3, 43, 100 %, 67 %, 74729 MiB, 81559 MiB
2026/08/05 18:18:39.111, NVIDIA H100 80GB HBM3, 45, 100 %, 65 %, 74729 MiB, 81559 MiB
2026/08/05 18:18:42.112, NVIDIA H100 80GB HBM3, 45, 100 %, 66 %, 74729 MiB, 81559 MiB
2026/08/05 18:18:45.112, NVIDIA H100 80GB HBM3, 43, 37 %, 12 %, 74729 MiB, 81559 MiB
2026/08/05 18:18:48.113, NVIDIA H100 80GB HBM3, 39, 40 %, 24 %, 74729 MiB, 81559 MiB
2026/08/05 18:18:51.113, NVIDIA H100 80GB HBM3, 40, 84 %, 51 %, 74729 MiB, 81559 MiB
2026/08/05 18:18:54.114, NVIDIA H100 80GB HBM3, 42, 100 %, 62 %, 74729 MiB, 81559 MiB
2026/08/05 18:18:57.114, NVIDIA H100 80GB HBM3, 44, 51 %, 23 %, 74729 MiB, 81559 MiB
2026/08/05 18:19:00.114, NVIDIA H100 80GB HBM3, 47, 100 %, 67 %, 74729 MiB, 81559 MiB
2026/08/05 18:19:03.115, NVIDIA H100 80GB HBM3, 46, 100 %, 56 %, 74729 MiB, 81559 MiB
2026/08/05 18:19:06.115, NVIDIA H100 80GB HBM3, 43, 98 %, 70 %, 74729 MiB, 81559 MiB
2026/08/05 18:19:09.116, NVIDIA H100 80GB HBM3, 44, 99 %, 70 %, 74729 MiB, 81559 MiB
2026/08/05 18:19:12.116, NVIDIA H100 80GB HBM3, 44, 98 %, 67 %, 74729 MiB, 81559 MiB
2026/08/05 18:19:15.116, NVIDIA H100 80GB HBM3, 43, 98 %, 70 %, 74729 MiB, 81559 MiB
2026/08/05 18:19:18.117, NVIDIA H100 80GB HBM3, 46, 100 %, 57 %, 74729 MiB, 81559 MiB
2026/08/05 18:19:21.117, NVIDIA H100 80GB HBM3, 46, 100 %, 47 %, 74729 MiB, 81559 MiB
2026/08/05 18:19:24.117, NVIDIA H100 80GB HBM3, 42, 74 %, 49 %, 74729 MiB, 81559 MiB
2026/08/05 18:19:27.118, NVIDIA H100 80GB HBM3, 47, 100 %, 54 %, 74729 MiB, 81559 MiB
2026/08/05 18:19:30.118, NVIDIA H100 80GB HBM3, 45, 100 %, 57 %, 74729 MiB, 81559 MiB
2026/08/05 18:19:33.119, NVIDIA H100 80GB HBM3, 47, 100 %, 64 %, 74729 MiB, 81559 MiB
2026/08/05 18:19:36.119, NVIDIA H100 80GB HBM3, 30, 0 %, 0 %, 74729 MiB, 81559 MiB
2026/08/05 18:19:39.119, NVIDIA H100 80GB HBM3, 36, 100 %, 69 %, 74729 MiB, 81559 MiB
2026/08/05 18:19:42.120, NVIDIA H100 80GB HBM3, 43, 100 %, 62 %, 74729 MiB, 81559 MiB
2026/08/05 18:19:45.120, NVIDIA H100 80GB HBM3, 29, 0 %, 0 %, 74729 MiB, 81559 MiB
2026/08/05 18:19:48.121, NVIDIA H100 80GB HBM3, 28, 0 %, 0 %, 74729 MiB, 81559 MiB
2026/08/05 18:19:51.121, NVIDIA H100 80GB HBM3, 40, 99 %, 59 %, 74729 MiB, 81559 MiB
2026/08/05 18:19:54.122, NVIDIA H100 80GB HBM3, 43, 100 %, 56 %, 74729 MiB, 81559 MiB
2026/08/05 18:19:57.122, NVIDIA H100 80GB HBM3, 44, 100 %, 54 %, 74729 MiB, 81559 MiB
2026/08/05 18:20:00.122, NVIDIA H100 80GB HBM3, 45, 99 %, 43 %, 74729 MiB, 81559 MiB
2026/08/05 18:20:03.123, NVIDIA H100 80GB HBM3, 45, 99 %, 49 %, 74729 MiB, 81559 MiB
2026/08/05 18:20:06.123, NVIDIA H100 80GB HBM3, 44, 100 %, 58 %, 74729 MiB, 81559 MiB
2026/08/05 18:20:09.124, NVIDIA H100 80GB HBM3, 46, 100 %, 50 %, 74729 MiB, 81559 MiB
2026/08/05 18:20:12.124, NVIDIA H100 80GB HBM3, 44, 100 %, 42 %, 74729 MiB, 81559 MiB
2026/08/05 18:20:15.124, NVIDIA H100 80GB HBM3, 44, 97 %, 68 %, 74729 MiB, 81559 MiB
2026/08/05 18:20:18.125, NVIDIA H100 80GB HBM3, 44, 98 %, 60 %, 74729 MiB, 81559 MiB
2026/08/05 18:20:21.125, NVIDIA H100 80GB HBM3, 45, 100 %, 49 %, 74729 MiB, 81559 MiB
2026/08/05 18:20:24.126, NVIDIA H100 80GB HBM3, 46, 100 %, 64 %, 74729 MiB, 81559 MiB
2026/08/05 18:20:27.126, NVIDIA H100 80GB HBM3, 45, 100 %, 54 %, 74729 MiB, 81559 MiB
2026/08/05 18:20:30.126, NVIDIA H100 80GB HBM3, 46, 100 %, 59 %, 74729 MiB, 81559 MiB
2026/08/05 18:20:33.127, NVIDIA H100 80GB HBM3, 43, 100 %, 42 %, 74729 MiB, 81559 MiB
2026/08/05 18:20:36.127, NVIDIA H100 80GB HBM3, 46, 100 %, 52 %, 74729 MiB, 81559 MiB
2026/08/05 18:20:39.128, NVIDIA H100 80GB HBM3, 46, 100 %, 51 %, 74729 MiB, 81559 MiB
2026/08/05 18:20:42.128, NVIDIA H100 80GB HBM3, 45, 100 %, 51 %, 74729 MiB, 81559 MiB
2026/08/05 18:20:45.128, NVIDIA H100 80GB HBM3, 46, 98 %, 52 %, 74729 MiB, 81559 MiB
2026/08/05 18:20:48.129, NVIDIA H100 80GB HBM3, 43, 61 %, 29 %, 74729 MiB, 81559 MiB
2026/08/05 18:20:51.129, NVIDIA H100 80GB HBM3, 40, 60 %, 30 %, 74729 MiB, 81559 MiB
2026/08/05 18:20:54.130, NVIDIA H100 80GB HBM3, 46, 100 %, 53 %, 74729 MiB, 81559 MiB
2026/08/05 18:20:57.130, NVIDIA H100 80GB HBM3, 47, 100 %, 53 %, 74729 MiB, 81559 MiB
2026/08/05 18:21:00.130, NVIDIA H100 80GB HBM3, 45, 100 %, 57 %, 74729 MiB, 81559 MiB
2026/08/05 18:21:03.131, NVIDIA H100 80GB HBM3, 45, 100 %, 57 %, 74729 MiB, 81559 MiB
2026/08/05 18:21:06.131, NVIDIA H100 80GB HBM3, 42, 100 %, 59 %, 74729 MiB, 81559 MiB
2026/08/05 18:21:09.132, NVIDIA H100 80GB HBM3, 44, 100 %, 60 %, 74729 MiB, 81559 MiB
2026/08/05 18:21:12.132, NVIDIA H100 80GB HBM3, 44, 100 %, 57 %, 74729 MiB, 81559 MiB
2026/08/05 18:21:15.132, NVIDIA H100 80GB HBM3, 44, 100 %, 54 %, 74729 MiB, 81559 MiB
2026/08/05 18:21:18.133, NVIDIA H100 80GB HBM3, 44, 100 %, 57 %, 74729 MiB, 81559 MiB
2026/08/05 18:21:21.133, NVIDIA H100 80GB HBM3, 46, 99 %, 65 %, 74729 MiB, 81559 MiB
2026/08/05 18:21:24.134, NVIDIA H100 80GB HBM3, 46, 100 %, 49 %, 74729 MiB, 81559 MiB
2026/08/05 18:21:27.134, NVIDIA H100 80GB HBM3, 48, 100 %, 54 %, 74729 MiB, 81559 MiB
2026/08/05 18:21:30.134, NVIDIA H100 80GB HBM3, 30, 0 %, 0 %, 74729 MiB, 81559 MiB
2026/08/05 18:21:33.135, NVIDIA H100 80GB HBM3, 40, 64 %, 30 %, 74729 MiB, 81559 MiB
2026/08/05 18:21:36.135, NVIDIA H100 80GB HBM3, 31, 0 %, 0 %, 74729 MiB, 81559 MiB
2026/08/05 18:21:39.136, NVIDIA H100 80GB HBM3, 36, 0 %, 0 %, 74729 MiB, 81559 MiB
2026/08/05 18:21:42.136, NVIDIA H100 80GB HBM3, 44, 100 %, 55 %, 74729 MiB, 81559 MiB
2026/08/05 18:21:45.136, NVIDIA H100 80GB HBM3, 42, 97 %, 53 %, 74729 MiB, 81559 MiB
2026/08/05 18:21:48.137, NVIDIA H100 80GB HBM3, 44, 84 %, 50 %, 74729 MiB, 81559 MiB
2026/08/05 18:21:51.137, NVIDIA H100 80GB HBM3, 45, 100 %, 52 %, 74729 MiB, 81559 MiB
2026/08/05 18:21:54.137, NVIDIA H100 80GB HBM3, 45, 100 %, 51 %, 74729 MiB, 81559 MiB
2026/08/05 18:21:57.138, NVIDIA H100 80GB HBM3, 46, 100 %, 53 %, 74729 MiB, 81559 MiB
2026/08/05 18:22:00.138, NVIDIA H100 80GB HBM3, 45, 100 %, 51 %, 74729 MiB, 81559 MiB
2026/08/05 18:22:03.139, NVIDIA H100 80GB HBM3, 45, 100 %, 50 %, 74729 MiB, 81559 MiB
2026/08/05 18:22:06.139, NVIDIA H100 80GB HBM3, 46, 100 %, 50 %, 74729 MiB, 81559 MiB
2026/08/05 18:22:09.139, NVIDIA H100 80GB HBM3, 46, 100 %, 51 %, 74729 MiB, 81559 MiB
2026/08/05 18:22:12.140, NVIDIA H100 80GB HBM3, 46, 100 %, 63 %, 74729 MiB, 81559 MiB
2026/08/05 18:22:15.140, NVIDIA H100 80GB HBM3, 47, 100 %, 53 %, 74729 MiB, 81559 MiB
2026/08/05 18:22:18.141, NVIDIA H100 80GB HBM3, 46, 100 %, 53 %, 74729 MiB, 81559 MiB
2026/08/05 18:22:21.141, NVIDIA H100 80GB HBM3, 47, 100 %, 55 %, 74729 MiB, 81559 MiB
2026/08/05 18:22:24.141, NVIDIA H100 80GB HBM3, 46, 100 %, 52 %, 74729 MiB, 81559 MiB
2026/08/05 18:22:27.142, NVIDIA H100 80GB HBM3, 47, 100 %, 53 %, 74729 MiB, 81559 MiB
2026/08/05 18:22:30.142, NVIDIA H100 80GB HBM3, 45, 100 %, 51 %, 74729 MiB, 81559 MiB
2026/08/05 18:22:33.143, NVIDIA H100 80GB HBM3, 45, 100 %, 50 %, 74729 MiB, 81559 MiB
2026/08/05 18:22:36.143, NVIDIA H100 80GB HBM3, 47, 100 %, 54 %, 74729 MiB, 81559 MiB
2026/08/05 18:22:39.144, NVIDIA H100 80GB HBM3, 45, 100 %, 51 %, 74729 MiB, 81559 MiB
2026/08/05 18:22:42.144, NVIDIA H100 80GB HBM3, 45, 100 %, 56 %, 74729 MiB, 81559 MiB
2026/08/05 18:22:45.144, NVIDIA H100 80GB HBM3, 46, 100 %, 41 %, 74729 MiB, 81559 MiB
2026/08/05 18:22:48.145, NVIDIA H100 80GB HBM3, 46, 100 %, 53 %, 74729 MiB, 81559 MiB
2026/08/05 18:22:51.145, NVIDIA H100 80GB HBM3, 45, 100 %, 60 %, 74729 MiB, 81559 MiB
2026/08/05 18:22:54.146, NVIDIA H100 80GB HBM3, 46, 98 %, 55 %, 74729 MiB, 81559 MiB
2026/08/05 18:22:57.146, NVIDIA H100 80GB HBM3, 46, 100 %, 55 %, 74729 MiB, 81559 MiB
2026/08/05 18:23:00.146, NVIDIA H100 80GB HBM3, 45, 100 %, 57 %, 74729 MiB, 81559 MiB
2026/08/05 18:23:03.147, NVIDIA H100 80GB HBM3, 39, 100 %, 58 %, 74729 MiB, 81559 MiB
2026/08/05 18:23:06.147, NVIDIA H100 80GB HBM3, 44, 100 %, 54 %, 74729 MiB, 81559 MiB
2026/08/05 18:23:09.148, NVIDIA H100 80GB HBM3, 46, 100 %, 56 %, 74729 MiB, 81559 MiB
2026/08/05 18:23:12.148, NVIDIA H100 80GB HBM3, 45, 100 %, 61 %, 74729 MiB, 81559 MiB
2026/08/05 18:23:15.148, NVIDIA H100 80GB HBM3, 46, 100 %, 42 %, 74729 MiB, 81559 MiB
2026/08/05 18:23:18.149, NVIDIA H100 80GB HBM3, 31, 0 %, 0 %, 74729 MiB, 81559 MiB
2026/08/05 18:23:21.149, NVIDIA H100 80GB HBM3, 36, 100 %, 63 %, 74729 MiB, 81559 MiB
2026/08/05 18:23:24.150, NVIDIA H100 80GB HBM3, 37, 99 %, 65 %, 74729 MiB, 81559 MiB
2026/08/05 18:23:27.150, NVIDIA H100 80GB HBM3, 29, 0 %, 0 %, 74729 MiB, 81559 MiB
2026/08/05 18:23:30.151, NVIDIA H100 80GB HBM3, 39, 0 %, 0 %, 74729 MiB, 81559 MiB
2026/08/05 18:23:33.151, NVIDIA H100 80GB HBM3, 44, 100 %, 59 %, 74729 MiB, 81559 MiB
2026/08/05 18:23:36.151, NVIDIA H100 80GB HBM3, 43, 82 %, 48 %, 74729 MiB, 81559 MiB
2026/08/05 18:23:39.152, NVIDIA H100 80GB HBM3, 39, 100 %, 57 %, 74729 MiB, 81559 MiB
2026/08/05 18:23:42.152, NVIDIA H100 80GB HBM3, 40, 100 %, 58 %, 74729 MiB, 81559 MiB
2026/08/05 18:23:45.153, NVIDIA H100 80GB HBM3, 45, 100 %, 54 %, 74729 MiB, 81559 MiB
2026/08/05 18:23:48.153, NVIDIA H100 80GB HBM3, 40, 100 %, 57 %, 74729 MiB, 81559 MiB
2026/08/05 18:23:51.153, NVIDIA H100 80GB HBM3, 45, 100 %, 62 %, 74729 MiB, 81559 MiB
2026/08/05 18:23:54.154, NVIDIA H100 80GB HBM3, 45, 20 %, 10 %, 74729 MiB, 81559 MiB
2026/08/05 18:23:57.154, NVIDIA H100 80GB HBM3, 46, 61 %, 30 %, 74729 MiB, 81559 MiB
2026/08/05 18:24:00.154, NVIDIA H100 80GB HBM3, 42, 100 %, 55 %, 74729 MiB, 81559 MiB
2026/08/05 18:24:03.155, NVIDIA H100 80GB HBM3, 45, 100 %, 53 %, 74729 MiB, 81559 MiB
2026/08/05 18:24:06.155, NVIDIA H100 80GB HBM3, 46, 100 %, 51 %, 74729 MiB, 81559 MiB
2026/08/05 18:24:09.156, NVIDIA H100 80GB HBM3, 45, 100 %, 41 %, 74729 MiB, 81559 MiB
2026/08/05 18:24:12.156, NVIDIA H100 80GB HBM3, 45, 100 %, 51 %, 74729 MiB, 81559 MiB
2026/08/05 18:24:15.156, NVIDIA H100 80GB HBM3, 45, 100 %, 51 %, 74729 MiB, 81559 MiB
2026/08/05 18:24:18.157, NVIDIA H100 80GB HBM3, 45, 79 %, 45 %, 74729 MiB, 81559 MiB
2026/08/05 18:24:21.157, NVIDIA H100 80GB HBM3, 47, 100 %, 51 %, 74729 MiB, 81559 MiB
2026/08/05 18:24:24.158, NVIDIA H100 80GB HBM3, 39, 93 %, 53 %, 74729 MiB, 81559 MiB
2026/08/05 18:24:27.158, NVIDIA H100 80GB HBM3, 38, 76 %, 41 %, 74729 MiB, 81559 MiB
2026/08/05 18:24:30.158, NVIDIA H100 80GB HBM3, 43, 80 %, 46 %, 74729 MiB, 81559 MiB
2026/08/05 18:24:33.159, NVIDIA H100 80GB HBM3, 45, 69 %, 30 %, 74729 MiB, 81559 MiB
2026/08/05 18:24:36.159, NVIDIA H100 80GB HBM3, 45, 100 %, 67 %, 74729 MiB, 81559 MiB
2026/08/05 18:24:39.160, NVIDIA H100 80GB HBM3, 45, 56 %, 27 %, 74729 MiB, 81559 MiB
2026/08/05 18:24:42.160, NVIDIA H100 80GB HBM3, 45, 72 %, 36 %, 74729 MiB, 81559 MiB
2026/08/05 18:24:45.160, NVIDIA H100 80GB HBM3, 40, 100 %, 62 %, 74729 MiB, 81559 MiB
2026/08/05 18:24:48.161, NVIDIA H100 80GB HBM3, 46, 100 %, 52 %, 74729 MiB, 81559 MiB
2026/08/05 18:24:51.161, NVIDIA H100 80GB HBM3, 47, 100 %, 48 %, 74729 MiB, 81559 MiB
2026/08/05 18:24:54.162, NVIDIA H100 80GB HBM3, 45, 100 %, 63 %, 74729 MiB, 81559 MiB
2026/08/05 18:24:57.162, NVIDIA H100 80GB HBM3, 44, 100 %, 54 %, 74729 MiB, 81559 MiB
2026/08/05 18:25:00.162, NVIDIA H100 80GB HBM3, 44, 99 %, 50 %, 74729 MiB, 81559 MiB
2026/08/05 18:25:03.163, NVIDIA H100 80GB HBM3, 46, 98 %, 62 %, 74729 MiB, 81559 MiB
2026/08/05 18:25:06.163, NVIDIA H100 80GB HBM3, 40, 100 %, 55 %, 74729 MiB, 81559 MiB
2026/08/05 18:25:09.164, NVIDIA H100 80GB HBM3, 30, 0 %, 0 %, 74729 MiB, 81559 MiB
2026/08/05 18:25:12.164, NVIDIA H100 80GB HBM3, 38, 100 %, 60 %, 74729 MiB, 81559 MiB
2026/08/05 18:25:15.165, NVIDIA H100 80GB HBM3, 31, 0 %, 0 %, 74729 MiB, 81559 MiB
2026/08/05 18:25:18.165, NVIDIA H100 80GB HBM3, 32, 0 %, 0 %, 74729 MiB, 81559 MiB
2026/08/05 18:25:21.165, NVIDIA H100 80GB HBM3, 41, 60 %, 42 %, 74729 MiB, 81559 MiB
2026/08/05 18:25:24.166, NVIDIA H100 80GB HBM3, 44, 100 %, 69 %, 74729 MiB, 81559 MiB
2026/08/05 18:25:27.166, NVIDIA H100 80GB HBM3, 43, 98 %, 64 %, 74729 MiB, 81559 MiB
2026/08/05 18:25:30.167, NVIDIA H100 80GB HBM3, 43, 100 %, 63 %, 74729 MiB, 81559 MiB
2026/08/05 18:25:33.167, NVIDIA H100 80GB HBM3, 46, 100 %, 63 %, 74729 MiB, 81559 MiB
2026/08/05 18:25:36.167, NVIDIA H100 80GB HBM3, 45, 100 %, 60 %, 74729 MiB, 81559 MiB
2026/08/05 18:25:39.168, NVIDIA H100 80GB HBM3, 46, 100 %, 66 %, 74729 MiB, 81559 MiB
2026/08/05 18:25:42.168, NVIDIA H100 80GB HBM3, 45, 61 %, 31 %, 74729 MiB, 81559 MiB
2026/08/05 18:25:45.168, NVIDIA H100 80GB HBM3, 46, 96 %, 49 %, 74729 MiB, 81559 MiB
2026/08/05 18:25:48.169, NVIDIA H100 80GB HBM3, 39, 43 %, 24 %, 74729 MiB, 81559 MiB
2026/08/05 18:25:51.169, NVIDIA H100 80GB HBM3, 41, 93 %, 53 %, 74729 MiB, 81559 MiB
2026/08/05 18:25:54.170, NVIDIA H100 80GB HBM3, 44, 68 %, 30 %, 74729 MiB, 81559 MiB
2026/08/05 18:25:57.170, NVIDIA H100 80GB HBM3, 45, 100 %, 63 %, 74729 MiB, 81559 MiB
2026/08/05 18:26:00.170, NVIDIA H100 80GB HBM3, 45, 100 %, 62 %, 74729 MiB, 81559 MiB
2026/08/05 18:26:03.171, NVIDIA H100 80GB HBM3, 44, 100 %, 64 %, 74729 MiB, 81559 MiB
2026/08/05 18:26:06.171, NVIDIA H100 80GB HBM3, 46, 100 %, 66 %, 74729 MiB, 81559 MiB
2026/08/05 18:26:09.172, NVIDIA H100 80GB HBM3, 45, 100 %, 65 %, 74729 MiB, 81559 MiB
2026/08/05 18:26:12.172, NVIDIA H100 80GB HBM3, 39, 24 %, 17 %, 74729 MiB, 81559 MiB
2026/08/05 18:26:15.172, NVIDIA H100 80GB HBM3, 45, 100 %, 56 %, 74729 MiB, 81559 MiB
2026/08/05 18:26:18.173, NVIDIA H100 80GB HBM3, 46, 100 %, 50 %, 74729 MiB, 81559 MiB
2026/08/05 18:26:21.173, NVIDIA H100 80GB HBM3, 47, 100 %, 55 %, 74729 MiB, 81559 MiB
2026/08/05 18:26:24.174, NVIDIA H100 80GB HBM3, 45, 100 %, 52 %, 74729 MiB, 81559 MiB
2026/08/05 18:26:27.174, NVIDIA H100 80GB HBM3, 45, 100 %, 50 %, 74729 MiB, 81559 MiB
2026/08/05 18:26:30.174, NVIDIA H100 80GB HBM3, 45, 100 %, 56 %, 74729 MiB, 81559 MiB
2026/08/05 18:26:33.175, NVIDIA H100 80GB HBM3, 44, 100 %, 50 %, 74729 MiB, 81559 MiB
2026/08/05 18:26:36.175, NVIDIA H100 80GB HBM3, 46, 100 %, 52 %, 74729 MiB, 81559 MiB
2026/08/05 18:26:39.176, NVIDIA H100 80GB HBM3, 46, 100 %, 54 %, 74729 MiB, 81559 MiB
2026/08/05 18:26:42.176, NVIDIA H100 80GB HBM3, 46, 100 %, 48 %, 74729 MiB, 81559 MiB
2026/08/05 18:26:45.176, NVIDIA H100 80GB HBM3, 46, 100 %, 51 %, 74729 MiB, 81559 MiB
2026/08/05 18:26:48.177, NVIDIA H100 80GB HBM3, 45, 100 %, 53 %, 74729 MiB, 81559 MiB
2026/08/05 18:26:51.177, NVIDIA H100 80GB HBM3, 45, 100 %, 55 %, 74729 MiB, 81559 MiB
2026/08/05 18:26:54.178, NVIDIA H100 80GB HBM3, 45, 98 %, 63 %, 74729 MiB, 81559 MiB
2026/08/05 18:26:57.178, NVIDIA H100 80GB HBM3, 34, 0 %, 0 %, 74729 MiB, 81559 MiB
2026/08/05 18:27:00.179, NVIDIA H100 80GB HBM3, 33, 100 %, 65 %, 74729 MiB, 81559 MiB
2026/08/05 18:27:03.180, NVIDIA H100 80GB HBM3, 40, 27 %, 13 %, 74729 MiB, 81559 MiB
2026/08/05 18:27:06.180, NVIDIA H100 80GB HBM3, 32, 0 %, 0 %, 74729 MiB, 81559 MiB
2026/08/05 18:27:09.180, NVIDIA H100 80GB HBM3, 31, 0 %, 0 %, 74729 MiB, 81559 MiB
2026/08/05 18:27:12.181, NVIDIA H100 80GB HBM3, 38, 96 %, 51 %, 74729 MiB, 81559 MiB
2026/08/05 18:27:15.181, NVIDIA H100 80GB HBM3, 43, 100 %, 54 %, 74729 MiB, 81559 MiB
2026/08/05 18:27:18.182, NVIDIA H100 80GB HBM3, 41, 100 %, 63 %, 74729 MiB, 81559 MiB
2026/08/05 18:27:21.182, NVIDIA H100 80GB HBM3, 46, 99 %, 43 %, 74729 MiB, 81559 MiB
2026/08/05 18:27:24.182, NVIDIA H100 80GB HBM3, 43, 90 %, 48 %, 74729 MiB, 81559 MiB
2026/08/05 18:27:27.183, NVIDIA H100 80GB HBM3, 46, 50 %, 19 %, 74729 MiB, 81559 MiB
2026/08/05 18:27:30.183, NVIDIA H100 80GB HBM3, 45, 78 %, 44 %, 74729 MiB, 81559 MiB
2026/08/05 18:27:33.184, NVIDIA H100 80GB HBM3, 45, 51 %, 29 %, 74729 MiB, 81559 MiB
2026/08/05 18:27:36.184, NVIDIA H100 80GB HBM3, 45, 69 %, 34 %, 74729 MiB, 81559 MiB
2026/08/05 18:27:39.185, NVIDIA H100 80GB HBM3, 45, 100 %, 62 %, 74729 MiB, 81559 MiB
2026/08/05 18:27:42.185, NVIDIA H100 80GB HBM3, 46, 100 %, 49 %, 74729 MiB, 81559 MiB
2026/08/05 18:27:45.185, NVIDIA H100 80GB HBM3, 41, 100 %, 53 %, 74729 MiB, 81559 MiB
2026/08/05 18:27:48.186, NVIDIA H100 80GB HBM3, 44, 100 %, 53 %, 74729 MiB, 81559 MiB
2026/08/05 18:27:51.186, NVIDIA H100 80GB HBM3, 47, 100 %, 49 %, 74729 MiB, 81559 MiB
2026/08/05 18:27:54.187, NVIDIA H100 80GB HBM3, 47, 100 %, 49 %, 74729 MiB, 81559 MiB
2026/08/05 18:27:57.187, NVIDIA H100 80GB HBM3, 47, 100 %, 49 %, 74729 MiB, 81559 MiB
2026/08/05 18:28:00.187, NVIDIA H100 80GB HBM3, 45, 100 %, 53 %, 74729 MiB, 81559 MiB
2026/08/05 18:28:03.188, NVIDIA H100 80GB HBM3, 47, 100 %, 51 %, 74729 MiB, 81559 MiB
2026/08/05 18:28:06.188, NVIDIA H100 80GB HBM3, 44, 100 %, 57 %, 74729 MiB, 81559 MiB
2026/08/05 18:28:09.189, NVIDIA H100 80GB HBM3, 45, 100 %, 58 %, 74729 MiB, 81559 MiB
2026/08/05 18:28:12.189, NVIDIA H100 80GB HBM3, 41, 100 %, 57 %, 74729 MiB, 81559 MiB
2026/08/05 18:28:15.189, NVIDIA H100 80GB HBM3, 40, 100 %, 63 %, 74729 MiB, 81559 MiB
2026/08/05 18:28:18.190, NVIDIA H100 80GB HBM3, 45, 100 %, 61 %, 74729 MiB, 81559 MiB
2026/08/05 18:28:21.190, NVIDIA H100 80GB HBM3, 46, 55 %, 27 %, 74729 MiB, 81559 MiB
2026/08/05 18:28:24.191, NVIDIA H100 80GB HBM3, 43, 90 %, 48 %, 74729 MiB, 81559 MiB
2026/08/05 18:28:27.191, NVIDIA H100 80GB HBM3, 46, 98 %, 53 %, 74729 MiB, 81559 MiB
2026/08/05 18:28:30.192, NVIDIA H100 80GB HBM3, 38, 76 %, 42 %, 74729 MiB, 81559 MiB
2026/08/05 18:28:33.192, NVIDIA H100 80GB HBM3, 45, 100 %, 52 %, 74729 MiB, 81559 MiB
2026/08/05 18:28:36.192, NVIDIA H100 80GB HBM3, 47, 100 %, 57 %, 74729 MiB, 81559 MiB
2026/08/05 18:28:39.193, NVIDIA H100 80GB HBM3, 45, 100 %, 52 %, 74729 MiB, 81559 MiB
2026/08/05 18:28:42.193, NVIDIA H100 80GB HBM3, 47, 100 %, 65 %, 74729 MiB, 81559 MiB
2026/08/05 18:28:45.194, NVIDIA H100 80GB HBM3, 45, 100 %, 42 %, 74729 MiB, 81559 MiB
2026/08/05 18:28:48.194, NVIDIA H100 80GB HBM3, 34, 0 %, 0 %, 74729 MiB, 81559 MiB
2026/08/05 18:28:51.194, NVIDIA H100 80GB HBM3, 39, 75 %, 38 %, 74729 MiB, 81559 MiB
2026/08/05 18:28:54.195, NVIDIA H100 80GB HBM3, 36, 0 %, 0 %, 74729 MiB, 81559 MiB
2026/08/05 18:28:57.195, NVIDIA H100 80GB HBM3, 29, 4 %, 0 %, 74733 MiB, 81559 MiB
2026/08/05 18:29:00.196, NVIDIA H100 80GB HBM3, 28, 0 %, 0 %, 74733 MiB, 81559 MiB
2026/08/05 18:29:03.196, NVIDIA H100 80GB HBM3, 28, 0 %, 0 %, 74733 MiB, 81559 MiB
2026/08/05 18:29:06.196, NVIDIA H100 80GB HBM3, 28, 0 %, 0 %, 74733 MiB, 81559 MiB
2026/08/05 18:29:09.197, NVIDIA H100 80GB HBM3, 28, 0 %, 0 %, 74733 MiB, 81559 MiB
2026/08/05 18:29:12.197, NVIDIA H100 80GB HBM3, 28, 0 %, 0 %, 74677 MiB, 81559 MiB
2026/08/05 18:29:15.198, NVIDIA H100 80GB HBM3, 28, 0 %, 0 %, 0 MiB, 81559 MiB
