SBATCH Run: biapy-v1-no-aug.yaml, mode: train, job-name: biapy-v1-no-aug, run-id: 0
SLURM_CPUS_PER_TASK=16
running BiaPy/run_biapy-py.py
Mode overrides (train): TRAIN.ENABLE=True, TEST.ENABLE=False, MODEL.LOAD_CHECKPOINT=False
CPU overrides: SYSTEM.NUM_CPUS=16, SYSTEM.NUM_WORKERS=16
Date     : 2026-08-06 22:23:41
Arguments: Namespace(config={'SYSTEM': {'NUM_CPUS': 16, 'NUM_WORKERS': -1}, 'PROBLEM': {'TYPE': 'INSTANCE_SEG', 'NDIM': '3D', 'INSTANCE_SEG': {'DATA_CHANNELS': ['F', 'C', 'Db', 'Dn'], 'WATERSHED': {'SEED_CHANNELS': ['C'], 'SEED_CHANNELS_THRESH': [0.3], 'SEED_MORPH_SEQUENCE': ['erode', 'dilate'], 'TOPOGRAPHIC_SURFACE_CHANNEL': 'Db', 'GROWTH_MASK_CHANNELS': ['F'], 'GROWTH_MASK_CHANNELS_THRESH': ['auto'], 'DATA_REMOVE_BEFORE_MW': True, 'DATA_REMOVE_SMALL_OBJ_BEFORE': 50, 'SEED_MORPH_RADIUS': [1, 1], 'ERODE_AND_DILATE_GROWTH_MASK': True, 'FORE_EROSION_RADIUS': 1, 'FORE_DILATION_RADIUS': 1, 'DATA_CHECK_MW': True}}}, 'DATA': {'PATCH_SIZE': '(20, 128, 128, 3)', 'TRAIN': {'PATH': 'fisbe/biapy-no-aug/train/raw', 'GT_PATH': 'fisbe/biapy-no-aug/train/label', 'IN_MEMORY': True}, 'VAL': {'PATH': 'fisbe/biapy-no-aug/val/raw', 'GT_PATH': 'fisbe/biapy-no-aug/val/label'}, 'TEST': {'PATH': 'fisbe/biapy-no-aug/test/raw', 'GT_PATH': 'fisbe/biapy-no-aug/test/label', 'IN_MEMORY': True, 'LOAD_GT': True, 'PADDING': '(4,16,16)'}}, 'AUGMENTOR': {'ENABLE': False, 'RANDOM_ROT': False, 'VFLIP': False, 'HFLIP': False, 'ZFLIP': False}, 'PATHS': {'CHECKPOINT_FILE': 'metrics/biapy/biapy-v1-no-aug/checkpoints/biapy-v1-no-aug_0-checkpoint-best.pth'}, 'MODEL': {'ARCHITECTURE': 'unet', 'FEATURE_MAPS': [16, 32, 64, 128, 256], 'Z_DOWN': [1, 1, 1, 1], 'LOAD_CHECKPOINT': False}, 'TRAIN': {'ENABLE': True, 'OPTIMIZER': 'ADAMW', 'LR': 0.003, 'BATCH_SIZE': 105, 'EPOCHS': 30, 'PATIENCE': 10, 'LR_SCHEDULER': {'NAME': 'onecycle'}}, 'TEST': {'ENABLE': False, 'AUGMENTATION': False, 'FULL_IMG': False, 'POST_PROCESSING': {'INSTANCE_REFINEMENT': {'ENABLE': True, 'OPERATIONS': ['remove_small_objects'], 'VALUES': [50]}}}}, result_dir='metrics/biapy', name='biapy-v1-no-aug', run_id='0', gpu='0', world_size=1, local_rank=-1, dist_on_itp=False, dist_url='env://', dist_backend='nccl')
Job      : biapy-v1-no-aug_0
BiaPy    : 3.7.0
Python   : 3.11.15 | packaged by conda-forge | (main, Jun 11 2026, 03:34:02) [GCC 14.3.0]
PyTorch  : 2.12.1+cu130
The following changes were made in order to adapt the input configuration:
Not using distributed mode
[22:23:42.016902] **** Using GPU: 'cuda' for training
[22:23:42.106045] CPU budget(total)=16 | per_rank=16 | main_threads=4 | num_workers(per_rank)=8 | world_size=1
[22:23:42.128382] Configuration details:
[22:23:42.128410] AUGMENTOR:
  AFFINE_MODE: reflect
  AUG_NUM_SAMPLES: 10
  AUG_SAMPLES: True
  BRIGHTNESS: False
  BRIGHTNESS_FACTOR: (-0.1, 0.1)
  BRIGHTNESS_PROB: 0.5
  CBLUR_DOWN_RANGE: (2, 8)
  CBLUR_INSIDE: True
  CBLUR_SIZE: (0.2, 0.4)
  CHANNEL_SHUFFLE: False
  CHANNEL_SHUFFLE_PROB: 0.5
  CMIX_SIZE: (0.2, 0.4)
  CNOISE_NB_ITERATIONS: (1, 3)
  CNOISE_SCALE: (0.05, 0.1)
  CNOISE_SIZE: (0.2, 0.4)
  CONTRAST: False
  CONTRAST_FACTOR: (-0.1, 0.1)
  CONTRAST_PROB: 0.5
  COUT_APPLY_TO_MASK: False
  COUT_CVAL: 0.0
  COUT_NB_ITERATIONS: (1, 3)
  COUT_SIZE: (0.05, 0.3)
  CUTBLUR: False
  CUTBLUR_PROB: 0.5
  CUTMIX: False
  CUTMIX_PROB: 0.5
  CUTNOISE: False
  CUTNOISE_PROB: 0.5
  CUTOUT: False
  CUTOUT_PROB: 0.5
  DRAW_GRID: True
  DROPOUT: False
  DROPOUT_PROB: 0.5
  DROP_RANGE: (0, 0.2)
  ELASTIC: False
  ELASTIC_PROB: 0.5
  ENABLE: False
  E_ALPHA: (12, 16)
  E_MODE: constant
  E_SIGMA: 4
  GAMMA_CONTRAST: False
  GAMMA_CONTRAST_PROB: 0.5
  GAUSSIAN_NOISE: False
  GAUSSIAN_NOISE_MEAN: 0.0
  GAUSSIAN_NOISE_PROB: 0.5
  GAUSSIAN_NOISE_USE_INPUT_IMG_MEAN_AND_VAR: False
  GAUSSIAN_NOISE_VAR: 0.05
  GC_GAMMA: (1.25, 1.75)
  GRAYSCALE: False
  GRAYSCALE_PROB: 0.5
  GRIDMASK: False
  GRIDMASK_PROB: 0.5
  GRID_D_RANGE: (0.4, 1)
  GRID_INVERT: False
  GRID_RATIO: 0.6
  GRID_ROTATE: 1.0
  G_BLUR: False
  G_BLUR_PROB: 0.5
  G_SIGMA: (1.0, 2.0)
  HFLIP: False
  HFLIP_PROB: 0.5
  MB_KERNEL: (3, 7)
  MEDIAN_BLUR: False
  MEDIAN_BLUR_PROB: 0.5
  MISALIGNMENT: False
  MISALIGNMENT_PROB: 0.5
  MISSING_SECTIONS: False
  MISSING_SECTIONS_PROB: 0.5
  MISSP_CHANNEL_PB: 0.5
  MISSP_ITERATIONS: (10, 30)
  MOTB_K_RANGE: (8, 12)
  MOTION_BLUR: False
  MOTION_BLUR_PROB: 0.5
  MS_DISPLACEMENT: 16
  MS_ROTATE_RATIO: 0.5
  PEPPER: False
  PEPPER_AMOUNT: 0.05
  PEPPER_PROB: 0.5
  POISSON_NOISE: False
  POISSON_NOISE_PROB: 0.5
  RANDOM_ROT: False
  RANDOM_ROT_PROB: 0.5
  RANDOM_ROT_RANGE: (-180, 180)
  ROT90: False
  ROT90_PROB: 0.5
  SALT: False
  SALT_AMOUNT: 0.05
  SALT_AND_PEPPER: False
  SALT_AND_PEPPER_AMOUNT: 0.05
  SALT_AND_PEPPER_PROB: 0.5
  SALT_AND_PEPPER_PROP: 0.5
  SALT_PROB: 0.5
  SHEAR: False
  SHEAR_PROB: 0.5
  SHEAR_RANGE: (-20, 20)
  SHIFT: False
  SHIFT_PROB: 0.5
  SHIFT_RANGE: (0.1, 0.2)
  SHUFFLE_TRAIN_DATA_EACH_EPOCH: True
  SHUFFLE_VAL_DATA_EACH_EPOCH: False
  VFLIP: False
  VFLIP_PROB: 0.5
  ZFLIP: False
  ZFLIP_PROB: 0.5
  ZOOM: False
  ZOOM_IN_Z: False
  ZOOM_PROB: 0.5
  ZOOM_RANGE: (0.5, 1.5)
DATA:
  CHECK_GENERATORS: False
  FILTER_BY_IMAGE: False
  FORCE_RGB: False
  NORMALIZATION:
    PERC_CLIP:
      ENABLE: False
      LOWER_PERC: -1.0
      LOWER_VALUE: [-1.0]
      UPPER_PERC: -1.0
      UPPER_VALUE: [-1.0]
    TYPE: zero_mean_unit_variance
    ZERO_MEAN_UNIT_VAR:
      MEAN_VAL: [-1.0]
      STD_VAL: [-1.0]
  N_CLASSES: 2
  PATCH_SIZE: (20, 128, 128, 3)
  PREPROCESS:
    CANNY:
      ENABLE: False
      HIGH_THRESHOLD: None
      LOW_THRESHOLD: None
    CLAHE:
      CLIP_LIMIT: 0.01
      ENABLE: False
      KERNEL_SIZE: None
    GAUSSIAN_BLUR:
      CHANNEL_AXIS: None
      ENABLE: False
      MODE: nearest
      SIGMA: 1
    MATCH_HISTOGRAM:
      ENABLE: False
      REFERENCE_PATH: user_data/test/x
    MEDIAN_BLUR:
      ENABLE: False
      KERNEL_SIZE: (3, 3, 1)
    RESIZE:
      ANTI_ALIASING: False
      CLIP: True
      CVAL: 0.0
      ENABLE: False
      MODE: reflect
      ORDER: 1
      OUTPUT_SHAPE: (512, 512)
      PRESERVE_RANGE: True
    TEST: False
    TRAIN: False
    VAL: False
    ZOOM:
      ENABLE: False
      ZOOM_FACTOR: [1, 1, 1, 1, 1]
  REFLECT_TO_COMPLETE_SHAPE: True
  SAVE_FILTERED_IMAGES: False
  SAVE_FILTERED_IMAGES_NUM: 3
  TEST:
    BINARY_MASKS: fisbe/biapy-no-aug/test/raw/../bin_mask
    CHECK_DATA: True
    DETECTION_MASK_DIR: fisbe/biapy-no-aug/test/label_detection_masks_2
    FILTER_SAMPLES:
      ENABLE: False
      NORM_BEFORE: False
      PROPS: []
      SIGNS: []
      VALUES: []
    GT_PATH: fisbe/biapy-no-aug/test/label
    INPUT_IMG_AXES_ORDER: TZCYX
    INPUT_MASK_AXES_ORDER: TZCYX
    INPUT_ZARR_MULTIPLE_DATA: False
    INPUT_ZARR_MULTIPLE_DATA_GT_PATH: 
    INPUT_ZARR_MULTIPLE_DATA_ID_PATH: annotations.ids
    INPUT_ZARR_MULTIPLE_DATA_LOCATIONS_PATH: annotations.locations
    INPUT_ZARR_MULTIPLE_DATA_PARTNERS_PATH: annotations.presynaptic_site.partners
    INPUT_ZARR_MULTIPLE_DATA_RAW_PATH: 
    INPUT_ZARR_MULTIPLE_DATA_RESOLUTION_PATH: volumes.raw
    INSTANCE_CHANNELS_MASK_DIR: fisbe/biapy-no-aug/test/label_F.erosion-0.dilation-0_C.mode-thick_Db.val_type-norm.act-sigmoid.mask_values-True_Dn.closing_size-3.norm-True.mask_values-True.decline_power-3
    IN_MEMORY: True
    LOAD_GT: True
    MEDIAN_PADDING: False
    OVERLAP: (0, 0, 0)
    PADDING: (4, 16, 16)
    PATH: fisbe/biapy-no-aug/test/raw
    RESOLUTION: (1, 1, 1)
    SSL_SOURCE_DIR: fisbe/biapy-no-aug/test/raw_ssl_source
    USE_VAL_AS_TEST: False
  TRAIN:
    CHECK_DATA: True
    DETECTION_MASK_DIR: fisbe/biapy-no-aug/train/label_detection_masks_2
    EXTRACT_RANDOM_PATCH: False
    FILTER_SAMPLES:
      ENABLE: False
      NORM_BEFORE: False
      PROPS: []
      SIGNS: []
      VALUES: []
    GT_PATH: fisbe/biapy-no-aug/train/label
    INPUT_IMG_AXES_ORDER: TZCYX
    INPUT_MASK_AXES_ORDER: TZCYX
    INPUT_ZARR_MULTIPLE_DATA: False
    INPUT_ZARR_MULTIPLE_DATA_GT_PATH: 
    INPUT_ZARR_MULTIPLE_DATA_ID_PATH: annotations.ids
    INPUT_ZARR_MULTIPLE_DATA_LOCATIONS_PATH: annotations.locations
    INPUT_ZARR_MULTIPLE_DATA_PARTNERS_PATH: annotations.presynaptic_site.partners
    INPUT_ZARR_MULTIPLE_DATA_RAW_PATH: 
    INPUT_ZARR_MULTIPLE_DATA_RESOLUTION_PATH: volumes.raw
    INSTANCE_CHANNELS_MASK_DIR: fisbe/biapy-no-aug/train/label_F.erosion-0.dilation-0_C.mode-thick_Db.val_type-norm.act-sigmoid.mask_values-True_Dn.closing_size-3.norm-True.mask_values-True.decline_power-3
    IN_MEMORY: True
    OVERLAP: (0, 0, 0)
    PADDING: (0, 0, 0)
    PATH: fisbe/biapy-no-aug/train/raw
    PROBABILITY_MAP: False
    REPLICATE: 0
    RESOLUTION: (1, 1, 1)
    SSL_SOURCE_DIR: fisbe/biapy-no-aug/train/raw_ssl_source
    W_BACKGROUND: 0.06
    W_FOREGROUND: 0.94
  VAL:
    CROSS_VAL: False
    CROSS_VAL_FOLD: 1
    CROSS_VAL_NFOLD: 5
    DETECTION_MASK_DIR: fisbe/biapy-no-aug/val/label_detection_masks_2
    DIST_EVAL: True
    FILTER_SAMPLES:
      ENABLE: False
      NORM_BEFORE: False
      PROPS: []
      SIGNS: []
      VALUES: []
    FROM_TRAIN: True
    GT_PATH: fisbe/biapy-no-aug/val/label
    INPUT_IMG_AXES_ORDER: TZCYX
    INPUT_MASK_AXES_ORDER: TZCYX
    INPUT_ZARR_MULTIPLE_DATA: False
    INPUT_ZARR_MULTIPLE_DATA_GT_PATH: 
    INPUT_ZARR_MULTIPLE_DATA_ID_PATH: annotations.ids
    INPUT_ZARR_MULTIPLE_DATA_LOCATIONS_PATH: annotations.locations
    INPUT_ZARR_MULTIPLE_DATA_PARTNERS_PATH: annotations.presynaptic_site.partners
    INPUT_ZARR_MULTIPLE_DATA_RAW_PATH: 
    INPUT_ZARR_MULTIPLE_DATA_RESOLUTION_PATH: volumes.raw
    INSTANCE_CHANNELS_MASK_DIR: fisbe/biapy-no-aug/val/label_F.erosion-0.dilation-0_C.mode-thick_Db.val_type-norm.act-sigmoid.mask_values-True_Dn.closing_size-3.norm-True.mask_values-True.decline_power-3
    IN_MEMORY: True
    OVERLAP: (0, 0, 0)
    PADDING: (0, 0, 0)
    PATH: fisbe/biapy-no-aug/val/raw
    RANDOM: True
    RESOLUTION: (1, 1, 1)
    SPLIT_TRAIN: 0.1
    SSL_SOURCE_DIR: fisbe/biapy-no-aug/val/raw_ssl_source
LOG:
  CHART_CREATION_FREQ: 5
  LOG_DIR: metrics/biapy/biapy-v1-no-aug/logs
  LOG_FILE_PREFIX: biapy-v1-no-aug_0
  TENSORBOARD_LOG_DIR: metrics/biapy/biapy-v1-no-aug/results/biapy-v1-no-aug_0/tensorboard
LOSS:
  CLASS_REBALANCE: none
  CLASS_WEIGHTS: []
  CONTRAST:
    ENABLE: False
    MEMORY_SIZE: 5000
    PIXEL_UPD_FREQ: 10
    PROJ_DIM: 256
  CYCLEGAN:
    ALPHA_PERCEPTUAL: 0.0
    DELTA_MSE: 0.0
    GAMMA_SSIM: 1.0
    LAMBDA_GAN: 1.0
    LAMBDA_RECON: 10.0
  IGNORE_INDEX: -1
  TYPE: 
  WEIGHTS: [1.0, 1.0]
MODEL:
  ACTIVATION: elu
  ARCHITECTURE: unet
  BMZ:
    EXPORT:
      AUTHORS: []
      CITE: []
      DATASET_INFO: [{}]
      DESCRIPTION: 
      DOCUMENTATION: 
      ENABLE: False
      LICENSE: CC-BY-4.0
      MODEL_NAME: 
      MODEL_VERSION: 0.1.0
      REUSE_BMZ_CONFIG: False
      TAGS: []
    SOURCE_MODEL_ID: 
  CONVNEXT_LAYER_SCALE: 1e-06
  CONVNEXT_SD_PROB: 0.1
  CONVNEXT_STEM_K_SIZE: 2
  CONV_BLOCK_ORDER: conv_norm_act
  CONV_LAYERS: [2, 2, 2, 2, 2]
  DROPOUT_VALUES: [0.0, 0.0, 0.0, 0.0, 0.0]
  FEATURE_MAPS: [16, 32, 64, 128, 256]
  FREEZE_LAYERS_MATCHING: []
  HRNET:
    BLOCK_TYPE: BASIC
    HEAD_TYPE: FCN
    NUM_BLOCKS: [[4, 4], [4, 4, 4], [4, 4, 4, 4]]
    NUM_BRANCHES: [2, 3, 4]
    NUM_CHANNELS: [[18, 36], [18, 36, 72], [18, 36, 72, 144]]
    NUM_MODULES: [1, 4, 3]
    NUM_STAGES: 3
    VARIANT: W48
    YX_DOWN: [0, 0, 0]
    Z_DOWN: [0, 0, 0]
  ISOTROPY: [True, True, True, True, True]
  ITEMS_TO_LOAD_FROM_CHECKPOINT: ['weights', 'norm', 'model_arch']
  KERNEL_SIZE: 3
  LARGER_IO: False
  LOAD_CHECKPOINT: False
  LOAD_CHECKPOINT_EPOCH: best_on_val
  MAE_DEC_HIDDEN_SIZE: 512
  MAE_DEC_MLP_DIMS: 2048
  MAE_DEC_NUM_HEADS: 16
  MAE_DEC_NUM_LAYERS: 8
  MAE_MASK_RATIO: 0.5
  MAE_MASK_TYPE: grid
  NAFNET:
    ARCHITECTURE_D: patchgan
    DEC_BLK_NUMS: [2, 2, 2, 2]
    DW_EXPAND: 2
    ENC_BLK_NUMS: [2, 2, 4, 8]
    FFN_EXPAND: 2
    MIDDLE_BLK_NUM: 12
    PATCHGAN:
      BASE_FILTERS: 64
    WIDTH: 16
  NORMALIZATION: in
  OUT_CHECKPOINT_FORMAT: pth
  RCAN_CONV_FILTERS: 16
  RCAN_RCAB_BLOCK_NUM: 20
  RCAN_REDUCTION_RATIO: 16
  RCAN_RG_BLOCK_NUM: 10
  RCAN_UPSCALING_LAYER: True
  SAVE_CKPT_FREQ: -1
  SKIP_UNMATCHED_LAYERS: False
  SOURCE: biapy
  STUNET:
    PRETRAINED: False
    VARIANT: base
  TORCHVISION_MODEL_NAME: 
  UNETR_VIT_HIDD_MULT: -1
  UNETR_VIT_MODEL: custom
  UNETR_VIT_NUM_FILTERS: 16
  UNET_SR_UPSAMPLE_POSITION: pre
  UPSAMPLE_LAYER: convtranspose
  VIT_EMBED_DIM: 768
  VIT_MLP_RATIO: 4.0
  VIT_MODEL: custom
  VIT_NORM_EPS: 1e-06
  VIT_NUM_HEADS: 12
  VIT_NUM_LAYERS: 12
  VIT_PRETRAINED_WEIGHTS: 
  VIT_TOKEN_SIZE: 16
  YX_DOWN: [2, 2, 2, 2]
  Z_DOWN: [1, 1, 1, 1]
PATHS:
  BMZ_EXPORT_PATH: metrics/biapy/biapy-v1-no-aug/results/biapy-v1-no-aug_0/BMZ_files
  CHARTS: metrics/biapy/biapy-v1-no-aug/results/biapy-v1-no-aug_0/charts
  CHECKPOINT: metrics/biapy/biapy-v1-no-aug/checkpoints
  CHECKPOINT_FILE: metrics/biapy/biapy-v1-no-aug/checkpoints/biapy-v1-no-aug_0-checkpoint-best.pth
  DA_SAMPLES: metrics/biapy/biapy-v1-no-aug/results/biapy-v1-no-aug_0/aug
  FIL_SAMPLES_DIR: metrics/biapy/biapy-v1-no-aug/results/biapy-v1-no-aug_0/filtering_information
  GEN_CHECKS: metrics/biapy/biapy-v1-no-aug/results/biapy-v1-no-aug_0/gen_check
  GEN_MASK_CHECKS: metrics/biapy/biapy-v1-no-aug/results/biapy-v1-no-aug_0/gen_mask_check
  MAE_OUT_DIR: metrics/biapy/biapy-v1-no-aug/results/biapy-v1-no-aug_0/MAE_checks
  PROB_MAP_DIR: metrics/biapy/biapy-v1-no-aug/prob_map
  PROB_MAP_FILENAME: prob_map.npy
  PROFILER: metrics/biapy/biapy-v1-no-aug/results/biapy-v1-no-aug_0/profiler
  RESULT_DIR:
    AS_3D_STACK: metrics/biapy/biapy-v1-no-aug/results/biapy-v1-no-aug_0/as_3d_stack
    AS_3D_STACK_BIN: metrics/biapy/biapy-v1-no-aug/results/biapy-v1-no-aug_0/as_3d_stack_binarized
    AS_3D_STACK_POST_PROCESSING: metrics/biapy/biapy-v1-no-aug/results/biapy-v1-no-aug_0/as_3d_stack_post_processing
    DET_ASSOC_POINTS: metrics/biapy/biapy-v1-no-aug/results/biapy-v1-no-aug_0/point_associations
    DET_LOCAL_MAX_COORDS_CHECK: metrics/biapy/biapy-v1-no-aug/results/biapy-v1-no-aug_0/per_image_local_max_check
    DET_LOCAL_MAX_COORDS_CHECK_POST_PROCESSING: metrics/biapy/biapy-v1-no-aug/results/biapy-v1-no-aug_0/per_image_local_max_check_post_processing
    FULL_IMAGE: metrics/biapy/biapy-v1-no-aug/results/biapy-v1-no-aug_0/full_image
    FULL_IMAGE_BIN: metrics/biapy/biapy-v1-no-aug/results/biapy-v1-no-aug_0/full_image_binarized
    FULL_IMAGE_INSTANCES: metrics/biapy/biapy-v1-no-aug/results/biapy-v1-no-aug_0/full_image_instances
    FULL_IMAGE_POST_PROCESSING: metrics/biapy/biapy-v1-no-aug/results/biapy-v1-no-aug_0/full_image_post_processing
    INST_ASSOC_POINTS: metrics/biapy/biapy-v1-no-aug/results/biapy-v1-no-aug_0/instance_associations
    PATH: metrics/biapy/biapy-v1-no-aug/results/biapy-v1-no-aug_0
    PER_IMAGE: metrics/biapy/biapy-v1-no-aug/results/biapy-v1-no-aug_0/per_image
    PER_IMAGE_BIN: metrics/biapy/biapy-v1-no-aug/results/biapy-v1-no-aug_0/per_image_binarized
    PER_IMAGE_INSTANCES: metrics/biapy/biapy-v1-no-aug/results/biapy-v1-no-aug_0/per_image_instances
    PER_IMAGE_POST_PROCESSING: metrics/biapy/biapy-v1-no-aug/results/biapy-v1-no-aug_0/per_image_post_processing
  TEST_FULL_GT_H5: fisbe/biapy-no-aug/test/label/h5
  TEST_INSTANCE_CHANNELS_CHECK: metrics/biapy/biapy-v1-no-aug/results/biapy-v1-no-aug_0/test_FCDbDn_instance_channels
  TRAIN_INSTANCE_CHANNELS_CHECK: metrics/biapy/biapy-v1-no-aug/results/biapy-v1-no-aug_0/train_FCDbDn_instance_channels
  VAL_INSTANCE_CHANNELS_CHECK: metrics/biapy/biapy-v1-no-aug/results/biapy-v1-no-aug_0/val_FCDbDn_instance_channels
  WATERSHED_DIR: metrics/biapy/biapy-v1-no-aug/results/biapy-v1-no-aug_0/watershed
PROBLEM:
  DENOISING:
    LOAD_GT_DATA: False
    N2V_MANIPULATOR: uniform_withCP
    N2V_NEIGHBORHOOD_RADIUS: 5
    N2V_PERC_PIX: 0.198
    N2V_STRUCTMASK: False
  DETECTION:
    CENTRAL_POINT_DILATION: [2]
    CHECK_POINTS_CREATED: True
    CLASS_REBALANCE_WITHIN_CHANNELS: True
    DATA_CHANNEL_WEIGHTS: (1, 1)
    DATA_CHECK_MW: False
    SEPARATED_DECODERS_DIVIDE_FEATURE_MAPS: False
    SEPARATED_DECODERS_PER_HEAD: False
  IMAGE_TO_IMAGE:
    CHANNELS_PER_HEAD_INFO: []
    MULTIPLE_RAW_ONE_TARGET_LOADER: False
    OUTPUT_CHANNELS: 1
    OUTPUT_CHANNEL_ACT: []
    SEPARATED_DECODERS_DIVIDE_FEATURE_MAPS: False
    SEPARATED_DECODERS_PER_HEAD: False
  INSTANCE_SEG:
    BORDER_EXTRA_WEIGHTS: 
    CELLPOSE:
      DIAMETER: 0.0
      DIAM_MEAN: 30.0
      FG_THRESH: 0.5
      FLOW_THRESHOLD: 0.4
      N_STEPS: 200
      SCALE_RANGE: 0.5
      TEST_DOUBLE_INFERENCE: True
    CHANNELS_PER_HEAD_INFO: []
    CLASS_REBALANCE_WITHIN_CHANNELS: True
    DATA_CHANNELS: ['F', 'C', 'Db', 'Dn']
    DATA_CHANNELS_EXTRA_OPTS: [{'F': {'erosion': 0, 'dilation': 0}, 'C': {'mode': 'thick'}, 'Db': {'val_type': 'norm', 'act': 'sigmoid', 'mask_values': True}, 'Dn': {'closing_size': 3, 'norm': True, 'mask_values': True, 'decline_power': 3}}]
    DATA_CHANNELS_LOSSES: ['bce', 'bce', 'l1', 'l1']
    DATA_CHANNEL_WEIGHTS: (1, 1, 1, 1)
    EMBEDSEG:
      FG_THRESH: 0.5
      GRID_SIZE: -1
      MIN_MASK_SUM: 0
      MIN_UNCLUSTERED_SUM: 0
      SEED_THRESH: 0.9
    INSTANCE_CREATION_PROCESS: watershed
    OMNIPOSE:
      FLOW_THRESHOLD: 0.4
      MASK_THRESHOLD: 0.0
      NITER: 0
    SEPARATED_DECODERS_DIVIDE_FEATURE_MAPS: False
    SEPARATED_DECODERS_PER_HEAD: False
    STARDIST:
      GRID: []
      NMS_IOU_THRESH: 0.3
      PROB_THRESH: 0.4
    SYNAPSES:
      BLOB_LOG_MAX_SIGMA: 10
      BLOB_LOG_MIN_SIGMA: 5
      BLOB_LOG_NUM_SIGMA: 2
      EXCLUDE_BORDER: False
      MIN_TH_TO_BE_PEAK: 0.2
      PEAK_LOCAL_MAX_MIN_DISTANCE: 1
      POINT_CREATION_FUNCTION: peak_local_max
      REMOVE_CLOSE_POINTS_RADIUS_BY_MASK: False
      REMOVE_CLOSE_POST_POINTS_RADIUS: 0
      REMOVE_CLOSE_PRE_POINTS_RADIUS: 0
      TH_TYPE: auto
    TYPE: regular
    WATERSHED:
      BY_2D_SLICES: False
      DATA_CHECK_MW: True
      DATA_REMOVE_BEFORE_MW: True
      DATA_REMOVE_SMALL_OBJ_BEFORE: 50
      ERODE_AND_DILATE_GROWTH_MASK: True
      FORE_DILATION_RADIUS: 1
      FORE_EROSION_RADIUS: 1
      GROWTH_MASK_CHANNELS: ['F']
      GROWTH_MASK_CHANNELS_THRESH: ['auto']
      SEED_CHANNELS: ['C']
      SEED_CHANNELS_THRESH: [0.3]
      SEED_MORPH_RADIUS: [1, 1]
      SEED_MORPH_SEQUENCE: ['erode', 'dilate']
      TOPOGRAPHIC_SURFACE_CHANNEL: Db
  NDIM: 3D
  PRINT_OLD_KEY_CHANGES: True
  SELF_SUPERVISED:
    NOISE: 0.2
    PRETEXT_TASK: crappify
    RESIZING_FACTOR: 4
  SEMANTIC_SEG:
    IGNORE_CLASS_ID: 0
  SUPER_RESOLUTION:
    UPSCALING: (1, 1, 1)
  TYPE: INSTANCE_SEG
SYSTEM:
  DEVICE: cpu
  NUM_CPUS: 16
  NUM_GPUS: 1
  NUM_WORKERS: -1
  PIN_MEM: True
  SEED: 0
TEST:
  ANALIZE_2D_IMGS_AS_3D_STACK: False
  AUGMENTATION: False
  AUGMENTATION_GROUP: auto
  AUGMENTATION_MODE: mean
  BY_CHUNKS:
    ENABLE: False
    FLUSH_EACH: 100
    PHASES: ['prediction', 'instance_creation', 'instance_merging']
    SAVE_OUT_TIF: False
    WORKFLOW_PROCESS:
      ENABLE: True
      INSTANCE_SEG_HALO: -1
      INSTANCE_SEG_MERGE_IOU_TH: 0.3
      TYPE: chunk_by_chunk
    Z_END: -1
    Z_START: -1
  DET_BLOB_LOG_MAX_SIGMA: 10
  DET_BLOB_LOG_MIN_SIGMA: 5
  DET_BLOB_LOG_NUM_SIGMA: 2
  DET_EXCLUDE_BORDER: False
  DET_IGNORE_POINTS_OUTSIDE_BOX: []
  DET_MIN_TH_TO_BE_PEAK: 0.2
  DET_PEAK_LOCAL_MAX_MIN_DISTANCE: 1
  DET_POINT_CREATION_FUNCTION: peak_local_max
  DET_TH_TYPE: manual
  DET_TOLERANCE: 10
  ENABLE: False
  FULL_IMG: False
  MATCHING_STATS: True
  MATCHING_STATS_BY_IMAGE: True
  MATCHING_STATS_THS: [0.3, 0.5, 0.75]
  MATCHING_STATS_THS_COLORED_IMG: []
  METRICS: ['iou']
  METRICS_IN_CPU: False
  POST_PROCESSING:
    APPLY_MASK: False
    DET_WATERSHED: False
    DET_WATERSHED_DONUTS_CLASSES: [-1]
    DET_WATERSHED_DONUTS_NUCLEUS_DIAMETER: 30
    DET_WATERSHED_DONUTS_PATCH: [13, 120, 120]
    DET_WATERSHED_FIRST_DILATION: [-1, -1]
    INSTANCE_REFINEMENT:
      ENABLE: True
      OPERATIONS: ['remove_small_objects']
      VALUES: [50]
    MEASURE_PROPERTIES:
      ENABLE: False
      EXTRA_PROPS: []
      REMOVE_BY_PROPERTIES:
        ENABLE: False
        PROPS: []
        SIGNS: []
        VALUES: []
    MEDIAN_FILTER: False
    MEDIAN_FILTER_AXIS: []
    MEDIAN_FILTER_SIZE: []
    REMOVE_CLOSE_POINTS: False
    REMOVE_CLOSE_POINTS_RADIUS: 0
    REPARE_LARGE_BLOBS_SIZE: -1
    VORONOI_ON_MASK: False
    VORONOI_TH: 0.0
  REDUCE_MEMORY: False
  REUSE_PREDICTIONS: False
  SAVE_MODEL_RAW_OUTPUT: True
  VERBOSE: True
TRAIN:
  BATCH_SIZE: 105
  CHECKPOINT_MONITOR: val_loss
  ENABLE: True
  EPOCHS: 30
  GRADIENT_CLIP_NORM: 0.0
  LR: [0.003]
  LR_SCHEDULER:
    MIN_LR: [-1.0]
    NAME: onecycle
    REDUCEONPLATEAU_FACTOR: 0.5
    REDUCEONPLATEAU_PATIENCE: -1
    WARMUP_COSINE_DECAY_EPOCHS: -1
  METRICS: ['iou']
  OPTIMIZER: ['ADAMW']
  OPT_BETAS: [[0.9, 0.999]]
  PATIENCE: 10
  VERBOSE: False
  W_DECAY: 0.02
[22:23:42.260635] *~~~~~~~~~~~~~~~~~~~~~~~~~~~~~~~~~~~~~~~~~~~~~~~~~~*
[22:23:42.260682] Initializing Instance_Segmentation_Workflow
[22:23:42.260697] *~~~~~~~~~~~~~~~~~~~~~~~~~~~~~~~~~~~~~~~~~~~~~~~~~~*

[22:23:42.557691] Creating normalization module . . .
[22:23:42.557764] Normalization module created with the following configuration:
[22:23:42.557778]   type: zero_mean_unit_variance
[22:23:42.557790]   target_type: mask
[22:23:42.557802]   out_dtype: float32
[22:23:42.557814]   norm_target: False
[22:23:42.557825]   percentile_clip: False
[22:23:42.557839]   per_lower_bound: -1.0
[22:23:42.557851]   per_upper_bound: -1.0
[22:23:42.557870]   lower_bound_val: [-1.0]
[22:23:42.557882]   upper_bound_val: [-1.0]
[22:23:42.557893]   mean: [-1.0]
[22:23:42.557905]   std: [-1.0]
[22:23:42.557936] ###########################
[22:23:42.557948] #  PREPARE INSTANCE DATA  #
[22:23:42.557959] ###########################
[22:23:42.559169] DATA.TRAIN.GT_PATH changed from fisbe/biapy-no-aug/train/label to fisbe/biapy-no-aug/train/label_F.erosion-0.dilation-0_C.mode-thick_Db.val_type-norm.act-sigmoid.mask_values-True_Dn.closing_size-3.norm-True.mask_values-True.decline_power-3
[22:23:42.559557] Staging train pairs from PATH=fisbe/biapy-no-aug/train/raw GT_PATH=fisbe/biapy-no-aug/train/label_F.erosion-0.dilation-0_C.mode-thick_Db.val_type-norm.act-sigmoid.mask_values-True_Dn.closing_size-3.norm-True.mask_values-True.decline_power-3
[22:23:42.582177] Train partitions: 1 chunk(s) from 18 sample(s), max size 18
[22:23:42.582460] Staging 18 train pair(s) → /state/partition1/job-15450036/biapy_train_parts_biapy-v1-no-aug_0/part_0 (16 workers)
[22:23:47.433645] Finished staging 18 pair(s) to /state/partition1/job-15450036/biapy_train_parts_biapy-v1-no-aug_0/part_0
[22:23:47.434116] Partition 1/1: 18 sample(s), LOAD_CHECKPOINT=False
[22:23:47.434621] *~~~~~~~~~~~~~~~~~~~~~~~~~~~~~~~~~~~~~~~~~~~~~~~~~~*
[22:23:47.434639] Initializing Instance_Segmentation_Workflow
[22:23:47.434651] *~~~~~~~~~~~~~~~~~~~~~~~~~~~~~~~~~~~~~~~~~~~~~~~~~~*

[22:23:47.436327] Creating normalization module . . .
[22:23:47.436362] Normalization module created with the following configuration:
[22:23:47.436376]   type: zero_mean_unit_variance
[22:23:47.436388]   target_type: mask
[22:23:47.436398]   out_dtype: float32
[22:23:47.436409]   norm_target: False
[22:23:47.436420]   percentile_clip: False
[22:23:47.436432]   per_lower_bound: -1.0
[22:23:47.436443]   per_upper_bound: -1.0
[22:23:47.436455]   lower_bound_val: [-1.0]
[22:23:47.436466]   upper_bound_val: [-1.0]
[22:23:47.436477]   mean: [-1.0]
[22:23:47.436488]   std: [-1.0]
[22:23:47.436515] ###########################
[22:23:47.436526] #  PREPARE INSTANCE DATA  #
[22:23:47.436537] ###########################
[22:23:47.436754] ##########################
[22:23:47.436770] #   LOAD TRAINING DATA   #
[22:23:47.436781] ##########################
[22:23:47.436866] ### LOAD ###
[22:23:47.437215] Gathering raw images for training data . . .
[22:24:47.265504] Gathering labels for training data . . .
[22:25:17.139968] Checking training raw and label images' shapes . . .
[22:25:17.154771] Creating validation data from train . . .
[22:25:17.766137] Raw images chosen for training: ['/state/partition1/job-15450036/biapy_train_parts_biapy-v1-no-aug_0/part_0/raw/R38F04-20181005_63_G3.tif', '/state/partition1/job-15450036/biapy_train_parts_biapy-v1-no-aug_0/part_0/raw/R38F04-20181005_63_H1.tif', '/state/partition1/job-15450036/biapy_train_parts_biapy-v1-no-aug_0/part_0/raw/R53A10-20181019_64_A4.tif', '/state/partition1/job-15450036/biapy_train_parts_biapy-v1-no-aug_0/part_0/raw/R75E01-20181030_64_D1.tif', '/state/partition1/job-15450036/biapy_train_parts_biapy-v1-no-aug_0/part_0/raw/VT008647-20171222_63_D1.tif', '/state/partition1/job-15450036/biapy_train_parts_biapy-v1-no-aug_0/part_0/raw/VT008647-20171222_63_E1.tif', '/state/partition1/job-15450036/biapy_train_parts_biapy-v1-no-aug_0/part_0/raw/VT019303-20171013_65_B6.tif', '/state/partition1/job-15450036/biapy_train_parts_biapy-v1-no-aug_0/part_0/raw/VT019307-20171013_65_F1.tif', '/state/partition1/job-15450036/biapy_train_parts_biapy-v1-no-aug_0/part_0/raw/VT033051-20171128_61_E2.tif', '/state/partition1/job-15450036/biapy_train_parts_biapy-v1-no-aug_0/part_0/raw/VT033051-20171128_61_E4.tif', '/state/partition1/job-15450036/biapy_train_parts_biapy-v1-no-aug_0/part_0/raw/VT040433-20170919_63_D6.tif', '/state/partition1/job-15450036/biapy_train_parts_biapy-v1-no-aug_0/part_0/raw/VT047848-20171020_66_I2.tif', '/state/partition1/job-15450036/biapy_train_parts_biapy-v1-no-aug_0/part_0/raw/VT047848-20171020_66_I3.tif', '/state/partition1/job-15450036/biapy_train_parts_biapy-v1-no-aug_0/part_0/raw/VT047848-20171020_66_I5.tif', '/state/partition1/job-15450036/biapy_train_parts_biapy-v1-no-aug_0/part_0/raw/VT047848-20171020_66_J2.tif', '/state/partition1/job-15450036/biapy_train_parts_biapy-v1-no-aug_0/part_0/raw/VT061467-20180911_62_E5.tif']
[22:25:17.766227] Raw images chosen for validation: ['/state/partition1/job-15450036/biapy_train_parts_biapy-v1-no-aug_0/part_0/raw/R38F04-20181005_63_G5.tif', '/state/partition1/job-15450036/biapy_train_parts_biapy-v1-no-aug_0/part_0/raw/VT008647-20171222_63_D2.tif']
[22:25:17.766240] * Loading train images . . .
[22:25:27.325290] *** Loaded data shape is (13724, 20, 128, 128)
[22:25:27.325328] * Loading train GT . . .
[22:25:34.918352] *** Loaded data shape is (13724, 20, 128, 128)
[22:25:34.918391] * Loading validation images . . .
[22:25:36.251870] *** Loaded data shape is (1548, 20, 128, 128)
[22:25:36.251902] * Loading validation GT . . .
[22:25:37.078300] *** Loaded data shape is (1548, 20, 128, 128)
[22:25:37.078330] ### LOAD RESULTS ###
[22:25:37.078348] *** Loaded train data shape is: (13724, 20, 128, 128)
[22:25:37.078363] *** Loaded train GT shape is: (13724, 20, 128, 128)
[22:25:37.078378] *** Loaded validation data shape is: (1548, 20, 128, 128)
[22:25:37.078390] *** Loaded validation GT shape is: (1548, 20, 128, 128)
[22:25:37.078402] ### END LOAD ###
[22:25:37.078444] ###############
[22:25:37.078456] # Build model #
[22:25:37.078467] ###############
[22:25:37.091213] Selected output channels:
[22:25:37.091240]   - 0 channel for F+C+Db+Dn output
[22:25:40.382855] ============================================================================================================================================
Layer (type:depth-idx)                                            Input Shape               Output Shape              Param #
============================================================================================================================================
U_Net                                                             [1, 3, 20, 128, 128]      [1, 4, 20, 128, 128]      --
├─ModuleList: 1-7                                                 --                        --                        (recursive)
│    └─ConvBlock: 2-1                                             [1, 3, 20, 128, 128]      [1, 16, 20, 128, 128]     --
│    │    └─Sequential: 3-1                                       [1, 3, 20, 128, 128]      [1, 16, 20, 128, 128]     --
│    │    │    └─ConvBlock: 4-1                                   [1, 3, 20, 128, 128]      [1, 16, 20, 128, 128]     --
│    │    │    │    └─Sequential: 5-1                             [1, 3, 20, 128, 128]      [1, 16, 20, 128, 128]     --
│    │    │    │    │    └─Conv3d: 6-1                            [1, 3, 20, 128, 128]      [1, 16, 20, 128, 128]     1,312
│    │    │    │    │    └─InstanceNorm3d: 6-2                    [1, 16, 20, 128, 128]     [1, 16, 20, 128, 128]     32
│    │    │    │    │    └─ELU: 6-3                               [1, 16, 20, 128, 128]     [1, 16, 20, 128, 128]     --
│    │    │    └─ConvBlock: 4-2                                   [1, 16, 20, 128, 128]     [1, 16, 20, 128, 128]     --
│    │    │    │    └─Sequential: 5-2                             [1, 16, 20, 128, 128]     [1, 16, 20, 128, 128]     --
│    │    │    │    │    └─Conv3d: 6-4                            [1, 16, 20, 128, 128]     [1, 16, 20, 128, 128]     6,928
│    │    │    │    │    └─InstanceNorm3d: 6-5                    [1, 16, 20, 128, 128]     [1, 16, 20, 128, 128]     32
│    │    │    │    │    └─ELU: 6-6                               [1, 16, 20, 128, 128]     [1, 16, 20, 128, 128]     --
├─ModuleList: 1-8                                                 --                        --                        --
│    └─MaxPool3d: 2-2                                             [1, 16, 20, 128, 128]     [1, 16, 20, 64, 64]       --
├─ModuleList: 1-7                                                 --                        --                        (recursive)
│    └─ConvBlock: 2-3                                             [1, 16, 20, 64, 64]       [1, 32, 20, 64, 64]       --
│    │    └─Sequential: 3-2                                       [1, 16, 20, 64, 64]       [1, 32, 20, 64, 64]       --
│    │    │    └─ConvBlock: 4-3                                   [1, 16, 20, 64, 64]       [1, 32, 20, 64, 64]       --
│    │    │    │    └─Sequential: 5-3                             [1, 16, 20, 64, 64]       [1, 32, 20, 64, 64]       --
│    │    │    │    │    └─Conv3d: 6-7                            [1, 16, 20, 64, 64]       [1, 32, 20, 64, 64]       13,856
│    │    │    │    │    └─InstanceNorm3d: 6-8                    [1, 32, 20, 64, 64]       [1, 32, 20, 64, 64]       64
│    │    │    │    │    └─ELU: 6-9                               [1, 32, 20, 64, 64]       [1, 32, 20, 64, 64]       --
│    │    │    └─ConvBlock: 4-4                                   [1, 32, 20, 64, 64]       [1, 32, 20, 64, 64]       --
│    │    │    │    └─Sequential: 5-4                             [1, 32, 20, 64, 64]       [1, 32, 20, 64, 64]       --
│    │    │    │    │    └─Conv3d: 6-10                           [1, 32, 20, 64, 64]       [1, 32, 20, 64, 64]       27,680
│    │    │    │    │    └─InstanceNorm3d: 6-11                   [1, 32, 20, 64, 64]       [1, 32, 20, 64, 64]       64
│    │    │    │    │    └─ELU: 6-12                              [1, 32, 20, 64, 64]       [1, 32, 20, 64, 64]       --
├─ModuleList: 1-8                                                 --                        --                        --
│    └─MaxPool3d: 2-4                                             [1, 32, 20, 64, 64]       [1, 32, 20, 32, 32]       --
├─ModuleList: 1-7                                                 --                        --                        (recursive)
│    └─ConvBlock: 2-5                                             [1, 32, 20, 32, 32]       [1, 64, 20, 32, 32]       --
│    │    └─Sequential: 3-3                                       [1, 32, 20, 32, 32]       [1, 64, 20, 32, 32]       --
│    │    │    └─ConvBlock: 4-5                                   [1, 32, 20, 32, 32]       [1, 64, 20, 32, 32]       --
│    │    │    │    └─Sequential: 5-5                             [1, 32, 20, 32, 32]       [1, 64, 20, 32, 32]       --
│    │    │    │    │    └─Conv3d: 6-13                           [1, 32, 20, 32, 32]       [1, 64, 20, 32, 32]       55,360
│    │    │    │    │    └─InstanceNorm3d: 6-14                   [1, 64, 20, 32, 32]       [1, 64, 20, 32, 32]       128
│    │    │    │    │    └─ELU: 6-15                              [1, 64, 20, 32, 32]       [1, 64, 20, 32, 32]       --
│    │    │    └─ConvBlock: 4-6                                   [1, 64, 20, 32, 32]       [1, 64, 20, 32, 32]       --
│    │    │    │    └─Sequential: 5-6                             [1, 64, 20, 32, 32]       [1, 64, 20, 32, 32]       --
│    │    │    │    │    └─Conv3d: 6-16                           [1, 64, 20, 32, 32]       [1, 64, 20, 32, 32]       110,656
│    │    │    │    │    └─InstanceNorm3d: 6-17                   [1, 64, 20, 32, 32]       [1, 64, 20, 32, 32]       128
│    │    │    │    │    └─ELU: 6-18                              [1, 64, 20, 32, 32]       [1, 64, 20, 32, 32]       --
├─ModuleList: 1-8                                                 --                        --                        --
│    └─MaxPool3d: 2-6                                             [1, 64, 20, 32, 32]       [1, 64, 20, 16, 16]       --
├─ModuleList: 1-7                                                 --                        --                        (recursive)
│    └─ConvBlock: 2-7                                             [1, 64, 20, 16, 16]       [1, 128, 20, 16, 16]      --
│    │    └─Sequential: 3-4                                       [1, 64, 20, 16, 16]       [1, 128, 20, 16, 16]      --
│    │    │    └─ConvBlock: 4-7                                   [1, 64, 20, 16, 16]       [1, 128, 20, 16, 16]      --
│    │    │    │    └─Sequential: 5-7                             [1, 64, 20, 16, 16]       [1, 128, 20, 16, 16]      --
│    │    │    │    │    └─Conv3d: 6-19                           [1, 64, 20, 16, 16]       [1, 128, 20, 16, 16]      221,312
│    │    │    │    │    └─InstanceNorm3d: 6-20                   [1, 128, 20, 16, 16]      [1, 128, 20, 16, 16]      256
│    │    │    │    │    └─ELU: 6-21                              [1, 128, 20, 16, 16]      [1, 128, 20, 16, 16]      --
│    │    │    └─ConvBlock: 4-8                                   [1, 128, 20, 16, 16]      [1, 128, 20, 16, 16]      --
│    │    │    │    └─Sequential: 5-8                             [1, 128, 20, 16, 16]      [1, 128, 20, 16, 16]      --
│    │    │    │    │    └─Conv3d: 6-22                           [1, 128, 20, 16, 16]      [1, 128, 20, 16, 16]      442,496
│    │    │    │    │    └─InstanceNorm3d: 6-23                   [1, 128, 20, 16, 16]      [1, 128, 20, 16, 16]      256
│    │    │    │    │    └─ELU: 6-24                              [1, 128, 20, 16, 16]      [1, 128, 20, 16, 16]      --
├─ModuleList: 1-8                                                 --                        --                        --
│    └─MaxPool3d: 2-8                                             [1, 128, 20, 16, 16]      [1, 128, 20, 8, 8]        --
├─ConvBlock: 1-9                                                  [1, 128, 20, 8, 8]        [1, 256, 20, 8, 8]        --
│    └─Sequential: 2-9                                            [1, 128, 20, 8, 8]        [1, 256, 20, 8, 8]        --
│    │    └─ConvBlock: 3-5                                        [1, 128, 20, 8, 8]        [1, 256, 20, 8, 8]        --
│    │    │    └─Sequential: 4-9                                  [1, 128, 20, 8, 8]        [1, 256, 20, 8, 8]        --
│    │    │    │    └─Conv3d: 5-9                                 [1, 128, 20, 8, 8]        [1, 256, 20, 8, 8]        884,992
│    │    │    │    └─InstanceNorm3d: 5-10                        [1, 256, 20, 8, 8]        [1, 256, 20, 8, 8]        512
│    │    │    │    └─ELU: 5-11                                   [1, 256, 20, 8, 8]        [1, 256, 20, 8, 8]        --
│    │    └─ConvBlock: 3-6                                        [1, 256, 20, 8, 8]        [1, 256, 20, 8, 8]        --
│    │    │    └─Sequential: 4-10                                 [1, 256, 20, 8, 8]        [1, 256, 20, 8, 8]        --
│    │    │    │    └─Conv3d: 5-12                                [1, 256, 20, 8, 8]        [1, 256, 20, 8, 8]        1,769,728
│    │    │    │    └─InstanceNorm3d: 5-13                        [1, 256, 20, 8, 8]        [1, 256, 20, 8, 8]        512
│    │    │    │    └─ELU: 5-14                                   [1, 256, 20, 8, 8]        [1, 256, 20, 8, 8]        --
├─ModuleList: 1-10                                                --                        --                        --
│    └─ModuleList: 2-10                                           --                        --                        --
│    │    └─UpBlock: 3-7                                          [1, 256, 20, 8, 8]        [1, 128, 20, 16, 16]      --
│    │    │    └─Sequential: 4-11                                 [1, 256, 20, 8, 8]        [1, 128, 20, 16, 16]      --
│    │    │    │    └─ConvTranspose3d: 5-15                       [1, 256, 20, 8, 8]        [1, 128, 20, 16, 16]      131,200
│    │    │    │    └─InstanceNorm3d: 5-16                        [1, 128, 20, 16, 16]      [1, 128, 20, 16, 16]      256
│    │    │    │    └─ELU: 5-17                                   [1, 128, 20, 16, 16]      [1, 128, 20, 16, 16]      --
│    │    │    └─ConvBlock: 4-12                                  [1, 256, 20, 16, 16]      [1, 128, 20, 16, 16]      --
│    │    │    │    └─Sequential: 5-18                            [1, 256, 20, 16, 16]      [1, 128, 20, 16, 16]      --
│    │    │    │    │    └─ConvBlock: 6-25                        [1, 256, 20, 16, 16]      [1, 128, 20, 16, 16]      --
│    │    │    │    │    │    └─Sequential: 7-1                   [1, 256, 20, 16, 16]      [1, 128, 20, 16, 16]      --
│    │    │    │    │    │    │    └─Conv3d: 8-1                  [1, 256, 20, 16, 16]      [1, 128, 20, 16, 16]      884,864
│    │    │    │    │    │    │    └─InstanceNorm3d: 8-2          [1, 128, 20, 16, 16]      [1, 128, 20, 16, 16]      256
│    │    │    │    │    │    │    └─ELU: 8-3                     [1, 128, 20, 16, 16]      [1, 128, 20, 16, 16]      --
│    │    │    │    │    └─ConvBlock: 6-26                        [1, 128, 20, 16, 16]      [1, 128, 20, 16, 16]      --
│    │    │    │    │    │    └─Sequential: 7-2                   [1, 128, 20, 16, 16]      [1, 128, 20, 16, 16]      --
│    │    │    │    │    │    │    └─Conv3d: 8-4                  [1, 128, 20, 16, 16]      [1, 128, 20, 16, 16]      442,496
│    │    │    │    │    │    │    └─InstanceNorm3d: 8-5          [1, 128, 20, 16, 16]      [1, 128, 20, 16, 16]      256
│    │    │    │    │    │    │    └─ELU: 8-6                     [1, 128, 20, 16, 16]      [1, 128, 20, 16, 16]      --
│    │    └─UpBlock: 3-8                                          [1, 128, 20, 16, 16]      [1, 64, 20, 32, 32]       --
│    │    │    └─Sequential: 4-13                                 [1, 128, 20, 16, 16]      [1, 64, 20, 32, 32]       --
│    │    │    │    └─ConvTranspose3d: 5-19                       [1, 128, 20, 16, 16]      [1, 64, 20, 32, 32]       32,832
│    │    │    │    └─InstanceNorm3d: 5-20                        [1, 64, 20, 32, 32]       [1, 64, 20, 32, 32]       128
│    │    │    │    └─ELU: 5-21                                   [1, 64, 20, 32, 32]       [1, 64, 20, 32, 32]       --
│    │    │    └─ConvBlock: 4-14                                  [1, 128, 20, 32, 32]      [1, 64, 20, 32, 32]       --
│    │    │    │    └─Sequential: 5-22                            [1, 128, 20, 32, 32]      [1, 64, 20, 32, 32]       --
│    │    │    │    │    └─ConvBlock: 6-27                        [1, 128, 20, 32, 32]      [1, 64, 20, 32, 32]       --
│    │    │    │    │    │    └─Sequential: 7-3                   [1, 128, 20, 32, 32]      [1, 64, 20, 32, 32]       --
│    │    │    │    │    │    │    └─Conv3d: 8-7                  [1, 128, 20, 32, 32]      [1, 64, 20, 32, 32]       221,248
│    │    │    │    │    │    │    └─InstanceNorm3d: 8-8          [1, 64, 20, 32, 32]       [1, 64, 20, 32, 32]       128
│    │    │    │    │    │    │    └─ELU: 8-9                     [1, 64, 20, 32, 32]       [1, 64, 20, 32, 32]       --
│    │    │    │    │    └─ConvBlock: 6-28                        [1, 64, 20, 32, 32]       [1, 64, 20, 32, 32]       --
│    │    │    │    │    │    └─Sequential: 7-4                   [1, 64, 20, 32, 32]       [1, 64, 20, 32, 32]       --
│    │    │    │    │    │    │    └─Conv3d: 8-10                 [1, 64, 20, 32, 32]       [1, 64, 20, 32, 32]       110,656
│    │    │    │    │    │    │    └─InstanceNorm3d: 8-11         [1, 64, 20, 32, 32]       [1, 64, 20, 32, 32]       128
│    │    │    │    │    │    │    └─ELU: 8-12                    [1, 64, 20, 32, 32]       [1, 64, 20, 32, 32]       --
│    │    └─UpBlock: 3-9                                          [1, 64, 20, 32, 32]       [1, 32, 20, 64, 64]       --
│    │    │    └─Sequential: 4-15                                 [1, 64, 20, 32, 32]       [1, 32, 20, 64, 64]       --
│    │    │    │    └─ConvTranspose3d: 5-23                       [1, 64, 20, 32, 32]       [1, 32, 20, 64, 64]       8,224
│    │    │    │    └─InstanceNorm3d: 5-24                        [1, 32, 20, 64, 64]       [1, 32, 20, 64, 64]       64
│    │    │    │    └─ELU: 5-25                                   [1, 32, 20, 64, 64]       [1, 32, 20, 64, 64]       --
│    │    │    └─ConvBlock: 4-16                                  [1, 64, 20, 64, 64]       [1, 32, 20, 64, 64]       --
│    │    │    │    └─Sequential: 5-26                            [1, 64, 20, 64, 64]       [1, 32, 20, 64, 64]       --
│    │    │    │    │    └─ConvBlock: 6-29                        [1, 64, 20, 64, 64]       [1, 32, 20, 64, 64]       --
│    │    │    │    │    │    └─Sequential: 7-5                   [1, 64, 20, 64, 64]       [1, 32, 20, 64, 64]       --
│    │    │    │    │    │    │    └─Conv3d: 8-13                 [1, 64, 20, 64, 64]       [1, 32, 20, 64, 64]       55,328
│    │    │    │    │    │    │    └─InstanceNorm3d: 8-14         [1, 32, 20, 64, 64]       [1, 32, 20, 64, 64]       64
│    │    │    │    │    │    │    └─ELU: 8-15                    [1, 32, 20, 64, 64]       [1, 32, 20, 64, 64]       --
│    │    │    │    │    └─ConvBlock: 6-30                        [1, 32, 20, 64, 64]       [1, 32, 20, 64, 64]       --
│    │    │    │    │    │    └─Sequential: 7-6                   [1, 32, 20, 64, 64]       [1, 32, 20, 64, 64]       --
│    │    │    │    │    │    │    └─Conv3d: 8-16                 [1, 32, 20, 64, 64]       [1, 32, 20, 64, 64]       27,680
│    │    │    │    │    │    │    └─InstanceNorm3d: 8-17         [1, 32, 20, 64, 64]       [1, 32, 20, 64, 64]       64
│    │    │    │    │    │    │    └─ELU: 8-18                    [1, 32, 20, 64, 64]       [1, 32, 20, 64, 64]       --
│    │    └─UpBlock: 3-10                                         [1, 32, 20, 64, 64]       [1, 16, 20, 128, 128]     --
│    │    │    └─Sequential: 4-17                                 [1, 32, 20, 64, 64]       [1, 16, 20, 128, 128]     --
│    │    │    │    └─ConvTranspose3d: 5-27                       [1, 32, 20, 64, 64]       [1, 16, 20, 128, 128]     2,064
│    │    │    │    └─InstanceNorm3d: 5-28                        [1, 16, 20, 128, 128]     [1, 16, 20, 128, 128]     32
│    │    │    │    └─ELU: 5-29                                   [1, 16, 20, 128, 128]     [1, 16, 20, 128, 128]     --
│    │    │    └─ConvBlock: 4-18                                  [1, 32, 20, 128, 128]     [1, 16, 20, 128, 128]     --
│    │    │    │    └─Sequential: 5-30                            [1, 32, 20, 128, 128]     [1, 16, 20, 128, 128]     --
│    │    │    │    │    └─ConvBlock: 6-31                        [1, 32, 20, 128, 128]     [1, 16, 20, 128, 128]     --
│    │    │    │    │    │    └─Sequential: 7-7                   [1, 32, 20, 128, 128]     [1, 16, 20, 128, 128]     --
│    │    │    │    │    │    │    └─Conv3d: 8-19                 [1, 32, 20, 128, 128]     [1, 16, 20, 128, 128]     13,840
│    │    │    │    │    │    │    └─InstanceNorm3d: 8-20         [1, 16, 20, 128, 128]     [1, 16, 20, 128, 128]     32
│    │    │    │    │    │    │    └─ELU: 8-21                    [1, 16, 20, 128, 128]     [1, 16, 20, 128, 128]     --
│    │    │    │    │    └─ConvBlock: 6-32                        [1, 16, 20, 128, 128]     [1, 16, 20, 128, 128]     --
│    │    │    │    │    │    └─Sequential: 7-8                   [1, 16, 20, 128, 128]     [1, 16, 20, 128, 128]     --
│    │    │    │    │    │    │    └─Conv3d: 8-22                 [1, 16, 20, 128, 128]     [1, 16, 20, 128, 128]     6,928
│    │    │    │    │    │    │    └─InstanceNorm3d: 8-23         [1, 16, 20, 128, 128]     [1, 16, 20, 128, 128]     32
│    │    │    │    │    │    │    └─ELU: 8-24                    [1, 16, 20, 128, 128]     [1, 16, 20, 128, 128]     --
├─Sequential: 1-11                                                --                        --                        --
│    └─Conv3d: 2-11                                               [1, 16, 20, 128, 128]     [1, 4, 20, 128, 128]      68
============================================================================================================================================
Total params: 5,475,172
Trainable params: 5,475,172
Non-trainable params: 0
Total mult-adds (Units.GIGABYTES): 46.21
============================================================================================================================================
Input size (MB): 3.93
Forward/backward pass size (MB): 807.40
Params size (MB): 21.90
Estimated Total Size (MB): 833.24
============================================================================================================================================
[22:25:40.659886] ##############################
[22:25:40.659946] #  PREPARE TRAIN GENERATORS  #
[22:25:40.659957] ##############################
[22:25:40.660122] Initializing train data generator . . .
[22:25:40.669508] Checking which channel of the mask needs normalization . . .
[22:25:40.683121] Normalization config used for X (first sample): {'type': 'zero_mean_unit_variance', 'percentile_clip': False, 'orig_dtype': 'uint16', 'out_dtype': 'float32', 'per_channel_info': {'0': {'mean': 11.583572387695312, 'std': 29.775192260742188}, '1': {'mean': 14.236202239990234, 'std': 22.730344772338867}, '2': {'mean': 8.931414604187012, 'std': 20.761493682861328}}}
[22:25:40.683163] Normalization config used for Y: {'target_type': 'mask', 'orig_dtype': 'float32', 'per_channel_info': {0: {'type': 'bin', 'div': False}, 1: {'type': 'bin', 'div': False}, 2: {'type': 'bin', 'div': False}, 3: {'type': 'bin', 'div': False}}}
[22:25:40.684595] Initializing val data generator . . .
[22:25:40.693085] Checking which channel of the mask needs normalization . . .
[22:25:40.705656] Normalization config used for X (first sample): {'type': 'zero_mean_unit_variance', 'percentile_clip': False, 'orig_dtype': 'uint16', 'out_dtype': 'float32', 'per_channel_info': {'0': {'mean': 15.214138984680176, 'std': 32.789772033691406}, '1': {'mean': 122.04827880859375, 'std': 157.21343994140625}, '2': {'mean': 8.255851745605469, 'std': 11.738826751708984}}}
[22:25:40.705693] Normalization config used for Y: {'target_type': 'mask', 'orig_dtype': 'float32', 'per_channel_info': {0: {'type': 'bin', 'div': False}, 1: {'type': 'bin', 'div': False}, 2: {'type': 'bin', 'div': False}, 3: {'type': 'bin', 'div': False}}}
[22:25:40.707090] Train/val generators with 8 workers
[22:25:40.707111] Effective batch size: 105
[22:25:40.707123] Sampler_train = None
[22:25:40.717772] #######################
[22:25:40.717801] # Prepare logging tool #
[22:25:40.717814] #######################
[22:25:40.733060] AdamW (
Parameter Group 0
    amsgrad: False
    betas: (0.9, 0.999)
    capturable: False
    decoupled_weight_decay: True
    differentiable: False
    eps: 1e-08
    foreach: None
    fused: None
    lr: 0.003
    maximize: False
    weight_decay: 0.02
)
[22:25:40.733173] #####################
[22:25:40.733187] #  TRAIN THE MODEL  #
[22:25:40.733197] #####################
[22:25:40.733209] Start training in epoch 1 - Total: 30
[22:25:40.733227] ~~~ Epoch 1/30 ~~~

[22:26:25.271879] Epoch: [1]  [  0/131]  eta: 1:37:08  loss: 6.4140 (6.4140)  IoU (F channel): 0.0023 (0.0023)  IoU (C channel): 0.0030 (0.0030)  L1 (Db channel): 0.9354 (0.9354)  L1 (Dn channel): 0.7252 (0.7252)  lr: 0.000120  iter-time: 44.4924
[22:26:32.263550] Epoch: [1]  [ 10/131]  eta: 0:09:26  loss: 4.9571 (5.0302)  IoU (F channel): 0.0023 (0.0022)  IoU (C channel): 0.0020 (0.0021)  L1 (Db channel): 0.8838 (0.8800)  L1 (Dn channel): 0.7090 (0.7081)  lr: 0.000121  iter-time: 4.6803
[22:26:39.250906] Epoch: [1]  [ 20/131]  eta: 0:05:09  loss: 4.1477 (4.4112)  IoU (F channel): 0.0017 (0.0019)  IoU (C channel): 0.0016 (0.0017)  L1 (Db channel): 0.8220 (0.8214)  L1 (Dn channel): 0.6880 (0.6779)  lr: 0.000122  iter-time: 0.6989
[22:26:46.234287] Epoch: [1]  [ 30/131]  eta: 0:03:33  loss: 3.4044 (4.0040)  IoU (F channel): 0.0015 (0.0019)  IoU (C channel): 0.0014 (0.0017)  L1 (Db channel): 0.6780 (0.7584)  L1 (Dn channel): 0.5976 (0.6408)  lr: 0.000125  iter-time: 0.6985
[22:26:53.220240] Epoch: [1]  [ 40/131]  eta: 0:02:40  loss: 2.8738 (3.6877)  IoU (F channel): 0.0019 (0.0020)  IoU (C channel): 0.0017 (0.0018)  L1 (Db channel): 0.5742 (0.7075)  L1 (Dn channel): 0.5315 (0.6074)  lr: 0.000129  iter-time: 0.6984
[22:27:00.206397] Epoch: [1]  [ 50/131]  eta: 0:02:06  loss: 2.5830 (3.4520)  IoU (F channel): 0.0019 (0.0020)  IoU (C channel): 0.0018 (0.0018)  L1 (Db channel): 0.5287 (0.6685)  L1 (Dn channel): 0.4716 (0.5772)  lr: 0.000133  iter-time: 0.6985
[22:27:07.193749] Epoch: [1]  [ 60/131]  eta: 0:01:40  loss: 2.4180 (3.2776)  IoU (F channel): 0.0016 (0.0019)  IoU (C channel): 0.0017 (0.0017)  L1 (Db channel): 0.4915 (0.6377)  L1 (Dn channel): 0.4314 (0.5519)  lr: 0.000139  iter-time: 0.6986
[22:27:14.196125] Epoch: [1]  [ 70/131]  eta: 0:01:20  loss: 2.3018 (3.1302)  IoU (F channel): 0.0016 (0.0018)  IoU (C channel): 0.0016 (0.0017)  L1 (Db channel): 0.4652 (0.6126)  L1 (Dn channel): 0.4138 (0.5314)  lr: 0.000146  iter-time: 0.6994
[22:27:21.204109] Epoch: [1]  [ 80/131]  eta: 0:01:03  loss: 2.2228 (3.0155)  IoU (F channel): 0.0016 (0.0018)  IoU (C channel): 0.0018 (0.0017)  L1 (Db channel): 0.4527 (0.5918)  L1 (Dn channel): 0.3968 (0.5136)  lr: 0.000153  iter-time: 0.7004
[22:27:28.209415] Epoch: [1]  [ 90/131]  eta: 0:00:48  loss: 2.1627 (2.9149)  IoU (F channel): 0.0016 (0.0018)  IoU (C channel): 0.0016 (0.0017)  L1 (Db channel): 0.4248 (0.5729)  L1 (Dn channel): 0.3785 (0.4978)  lr: 0.000162  iter-time: 0.7005
[22:27:35.208451] Epoch: [1]  [100/131]  eta: 0:00:35  loss: 2.0406 (2.8247)  IoU (F channel): 0.0018 (0.0019)  IoU (C channel): 0.0019 (0.0018)  L1 (Db channel): 0.4180 (0.5575)  L1 (Dn channel): 0.3579 (0.4834)  lr: 0.000172  iter-time: 0.7001
[22:27:42.206566] Epoch: [1]  [110/131]  eta: 0:00:22  loss: 1.9815 (2.7494)  IoU (F channel): 0.0017 (0.0019)  IoU (C channel): 0.0019 (0.0018)  L1 (Db channel): 0.4112 (0.5438)  L1 (Dn channel): 0.3484 (0.4711)  lr: 0.000183  iter-time: 0.6997
[22:27:49.202416] Epoch: [1]  [120/131]  eta: 0:00:11  loss: 1.9540 (2.6810)  IoU (F channel): 0.0017 (0.0019)  IoU (C channel): 0.0020 (0.0019)  L1 (Db channel): 0.4091 (0.5328)  L1 (Dn channel): 0.3452 (0.4607)  lr: 0.000194  iter-time: 0.6996
[22:28:13.992052] Epoch: [1]  [130/131]  eta: 0:00:01  loss: 1.9012 (2.6213)  IoU (F channel): 0.0018 (0.0019)  IoU (C channel): 0.0024 (0.0019)  L1 (Db channel): 0.4062 (0.5223)  L1 (Dn channel): 0.3404 (0.4511)  lr: 0.000207  iter-time: 1.5891
[22:28:13.992293] Epoch: [1] Total time: 0:02:33 (1.1699 s / it)
[22:28:13.992388] [Train] averaged stats: loss: 1.9012 (2.6213)  IoU (F channel): 0.0018 (0.0019)  IoU (C channel): 0.0024 (0.0019)  L1 (Db channel): 0.4062 (0.5223)  L1 (Dn channel): 0.3404 (0.4511)  lr: 0.000207
[22:28:19.375123] Epoch: [1]  [ 0/15]  eta: 0:01:20  loss: 1.9549 (1.9549)  IoU (F channel): 0.0001 (0.0001)  IoU (C channel): 0.0001 (0.0001)  L1 (Db channel): 0.4192 (0.4192)  L1 (Dn channel): 0.3362 (0.3362)  iter-time: 5.3807
[22:28:22.092184] Epoch: [1]  [10/15]  eta: 0:00:03  loss: 1.8845 (1.8798)  IoU (F channel): 0.0018 (0.0039)  IoU (C channel): 0.0017 (0.0035)  L1 (Db channel): 0.3847 (0.3913)  L1 (Dn channel): 0.3313 (0.3317)  iter-time: 0.7361
[22:28:26.027308] Epoch: [1]  [14/15]  eta: 0:00:00  loss: 1.8845 (1.8690)  IoU (F channel): 0.0025 (0.0038)  IoU (C channel): 0.0039 (0.0038)  L1 (Db channel): 0.3849 (0.3921)  L1 (Dn channel): 0.3316 (0.3319)  iter-time: 0.8021
[22:28:26.027681] Epoch: [1] Total time: 0:00:12 (0.8022 s / it)
[22:28:26.027752] [Val] averaged stats: loss: 1.8845 (1.8690)  IoU (F channel): 0.0025 (0.0038)  IoU (C channel): 0.0039 (0.0038)  L1 (Db channel): 0.3849 (0.3921)  L1 (Dn channel): 0.3316 (0.3319)
[22:28:26.028163] Val loss improved from inf to 1.869038184483846, saving model to metrics/biapy/biapy-v1-no-aug/checkpoints/biapy-v1-no-aug_0-checkpoint-best.pth
[22:28:26.201423] [Val] best loss: 1.8690 best  IoU (F channel): 0.0038 IoU (C channel): 0.0038 L1 (Db channel): 0.3921 L1 (Dn channel): 0.3319 
[22:28:26.208324] [Time] 2.8m 2.8m/1.4h

[22:28:26.208367] ~~~ Epoch 2/30 ~~~

[22:28:30.227557] Epoch: [2]  [  0/131]  eta: 0:08:46  loss: 1.9030 (1.9030)  IoU (F channel): 0.0024 (0.0024)  IoU (C channel): 0.0035 (0.0035)  L1 (Db channel): 0.3893 (0.3893)  L1 (Dn channel): 0.3328 (0.3328)  lr: 0.000208  iter-time: 4.0171
[22:28:37.776986] Epoch: [2]  [ 10/131]  eta: 0:02:07  loss: 1.9030 (1.8995)  IoU (F channel): 0.0019 (0.0020)  IoU (C channel): 0.0026 (0.0026)  L1 (Db channel): 0.3904 (0.3905)  L1 (Dn channel): 0.3345 (0.3344)  lr: 0.000222  iter-time: 1.0514
[22:28:44.766726] Epoch: [2]  [ 20/131]  eta: 0:01:38  loss: 1.8263 (1.8622)  IoU (F channel): 0.0019 (0.0023)  IoU (C channel): 0.0026 (0.0029)  L1 (Db channel): 0.3866 (0.3864)  L1 (Dn channel): 0.3371 (0.3377)  lr: 0.000237  iter-time: 0.7269
[22:28:51.765547] Epoch: [2]  [ 30/131]  eta: 0:01:23  loss: 1.7823 (1.8332)  IoU (F channel): 0.0022 (0.0023)  IoU (C channel): 0.0028 (0.0030)  L1 (Db channel): 0.3800 (0.3851)  L1 (Dn channel): 0.3397 (0.3380)  lr: 0.000252  iter-time: 0.6993
[22:28:58.763681] Epoch: [2]  [ 40/131]  eta: 0:01:12  loss: 1.7583 (1.8175)  IoU (F channel): 0.0022 (0.0023)  IoU (C channel): 0.0030 (0.0032)  L1 (Db channel): 0.3784 (0.3832)  L1 (Dn channel): 0.3416 (0.3401)  lr: 0.000269  iter-time: 0.6997
[22:29:05.762364] Epoch: [2]  [ 50/131]  eta: 0:01:02  loss: 1.7394 (1.7993)  IoU (F channel): 0.0023 (0.0024)  IoU (C channel): 0.0032 (0.0033)  L1 (Db channel): 0.3779 (0.3809)  L1 (Dn channel): 0.3505 (0.3426)  lr: 0.000286  iter-time: 0.6997
[22:29:12.756810] Epoch: [2]  [ 60/131]  eta: 0:00:54  loss: 1.6968 (1.7818)  IoU (F channel): 0.0026 (0.0025)  IoU (C channel): 0.0038 (0.0035)  L1 (Db channel): 0.3525 (0.3754)  L1 (Dn channel): 0.3531 (0.3445)  lr: 0.000305  iter-time: 0.6995
[22:29:19.762201] Epoch: [2]  [ 70/131]  eta: 0:00:46  loss: 1.6850 (1.7623)  IoU (F channel): 0.0030 (0.0026)  IoU (C channel): 0.0040 (0.0036)  L1 (Db channel): 0.3360 (0.3687)  L1 (Dn channel): 0.3512 (0.3453)  lr: 0.000324  iter-time: 0.6999
[22:29:26.772429] Epoch: [2]  [ 80/131]  eta: 0:00:38  loss: 1.6067 (1.7470)  IoU (F channel): 0.0036 (0.0028)  IoU (C channel): 0.0049 (0.0039)  L1 (Db channel): 0.3135 (0.3612)  L1 (Dn channel): 0.3499 (0.3462)  lr: 0.000344  iter-time: 0.7006
[22:29:33.775523] Epoch: [2]  [ 90/131]  eta: 0:00:30  loss: 1.6067 (1.7395)  IoU (F channel): 0.0036 (0.0028)  IoU (C channel): 0.0051 (0.0040)  L1 (Db channel): 0.3062 (0.3548)  L1 (Dn channel): 0.3528 (0.3471)  lr: 0.000365  iter-time: 0.7005
[22:29:40.773510] Epoch: [2]  [100/131]  eta: 0:00:22  loss: 1.6026 (1.7281)  IoU (F channel): 0.0026 (0.0029)  IoU (C channel): 0.0043 (0.0041)  L1 (Db channel): 0.2892 (0.3473)  L1 (Dn channel): 0.3580 (0.3494)  lr: 0.000387  iter-time: 0.6999
[22:29:47.772214] Epoch: [2]  [110/131]  eta: 0:00:15  loss: 1.5954 (1.7161)  IoU (F channel): 0.0026 (0.0029)  IoU (C channel): 0.0052 (0.0042)  L1 (Db channel): 0.2682 (0.3400)  L1 (Dn channel): 0.3724 (0.3518)  lr: 0.000410  iter-time: 0.6997
[22:29:54.776188] Epoch: [2]  [120/131]  eta: 0:00:08  loss: 1.5452 (1.6999)  IoU (F channel): 0.0040 (0.0031)  IoU (C channel): 0.0061 (0.0045)  L1 (Db channel): 0.2610 (0.3329)  L1 (Dn channel): 0.3797 (0.3540)  lr: 0.000433  iter-time: 0.7000
[22:30:01.578946] Epoch: [2]  [130/131]  eta: 0:00:00  loss: 1.4877 (1.6827)  IoU (F channel): 0.0048 (0.0032)  IoU (C channel): 0.0080 (0.0049)  L1 (Db channel): 0.2490 (0.3263)  L1 (Dn channel): 0.3730 (0.3554)  lr: 0.000457  iter-time: 0.6902
[22:30:01.579212] Epoch: [2] Total time: 0:01:35 (0.7280 s / it)
[22:30:01.579264] [Train] averaged stats: loss: 1.4877 (1.6827)  IoU (F channel): 0.0048 (0.0032)  IoU (C channel): 0.0080 (0.0049)  L1 (Db channel): 0.2490 (0.3263)  L1 (Dn channel): 0.3730 (0.3554)  lr: 0.000457
[22:30:04.085121] Epoch: [2]  [ 0/15]  eta: 0:00:37  loss: 1.4719 (1.4719)  IoU (F channel): 0.0004 (0.0004)  IoU (C channel): 0.0006 (0.0006)  L1 (Db channel): 0.2598 (0.2598)  L1 (Dn channel): 0.3858 (0.3858)  iter-time: 2.5043
[22:30:08.364604] Epoch: [2]  [10/15]  eta: 0:00:03  loss: 1.4719 (1.4693)  IoU (F channel): 0.0055 (0.0105)  IoU (C channel): 0.0081 (0.0106)  L1 (Db channel): 0.2396 (0.2440)  L1 (Dn channel): 0.3790 (0.3802)  iter-time: 0.6167
[22:30:09.165397] Epoch: [2]  [14/15]  eta: 0:00:00  loss: 1.4719 (1.4643)  IoU (F channel): 0.0062 (0.0103)  IoU (C channel): 0.0081 (0.0114)  L1 (Db channel): 0.2396 (0.2443)  L1 (Dn channel): 0.3790 (0.3800)  iter-time: 0.5056
[22:30:09.165711] Epoch: [2] Total time: 0:00:07 (0.5057 s / it)
[22:30:09.165753] [Val] averaged stats: loss: 1.4719 (1.4643)  IoU (F channel): 0.0062 (0.0103)  IoU (C channel): 0.0081 (0.0114)  L1 (Db channel): 0.2396 (0.2443)  L1 (Dn channel): 0.3790 (0.3800)
[22:30:09.166148] Val loss improved from 1.869038184483846 to 1.4643025954564413, saving model to metrics/biapy/biapy-v1-no-aug/checkpoints/biapy-v1-no-aug_0-checkpoint-best.pth
[22:30:09.301433] [Val] best loss: 1.4643 best  IoU (F channel): 0.0103 IoU (C channel): 0.0114 L1 (Db channel): 0.2443 L1 (Dn channel): 0.3800 
[22:30:09.309549] [Time] 1.7m 4.5m/54.3m

[22:30:09.309593] ~~~ Epoch 3/30 ~~~

[22:30:12.705076] Epoch: [3]  [  0/131]  eta: 0:07:24  loss: 1.4593 (1.4593)  IoU (F channel): 0.0045 (0.0045)  IoU (C channel): 0.0097 (0.0097)  L1 (Db channel): 0.2433 (0.2433)  L1 (Dn channel): 0.3797 (0.3797)  lr: 0.000460  iter-time: 3.3936
[22:30:22.185841] Epoch: [3]  [ 10/131]  eta: 0:02:21  loss: 1.4443 (1.4652)  IoU (F channel): 0.0058 (0.0073)  IoU (C channel): 0.0106 (0.0113)  L1 (Db channel): 0.2454 (0.2440)  L1 (Dn channel): 0.3897 (0.3918)  lr: 0.000485  iter-time: 1.1703
[22:30:29.200503] Epoch: [3]  [ 20/131]  eta: 0:01:45  loss: 1.4184 (1.4428)  IoU (F channel): 0.0071 (0.0076)  IoU (C channel): 0.0141 (0.0130)  L1 (Db channel): 0.2393 (0.2394)  L1 (Dn channel): 0.3815 (0.3852)  lr: 0.000511  iter-time: 0.8246
[22:30:36.202618] Epoch: [3]  [ 30/131]  eta: 0:01:27  loss: 1.3802 (1.4335)  IoU (F channel): 0.0076 (0.0076)  IoU (C channel): 0.0141 (0.0132)  L1 (Db channel): 0.2315 (0.2365)  L1 (Dn channel): 0.3764 (0.3808)  lr: 0.000538  iter-time: 0.7007
[22:30:43.212382] Epoch: [3]  [ 40/131]  eta: 0:01:15  loss: 1.3751 (1.4157)  IoU (F channel): 0.0078 (0.0083)  IoU (C channel): 0.0133 (0.0137)  L1 (Db channel): 0.2281 (0.2339)  L1 (Dn channel): 0.3717 (0.3807)  lr: 0.000565  iter-time: 0.7005
[22:30:50.210445] Epoch: [3]  [ 50/131]  eta: 0:01:04  loss: 1.3485 (1.3989)  IoU (F channel): 0.0105 (0.0093)  IoU (C channel): 0.0149 (0.0147)  L1 (Db channel): 0.2281 (0.2332)  L1 (Dn channel): 0.3699 (0.3785)  lr: 0.000593  iter-time: 0.7003
[22:30:57.209430] Epoch: [3]  [ 60/131]  eta: 0:00:55  loss: 1.2922 (1.3803)  IoU (F channel): 0.0125 (0.0105)  IoU (C channel): 0.0198 (0.0156)  L1 (Db channel): 0.2299 (0.2327)  L1 (Dn channel): 0.3714 (0.3793)  lr: 0.000622  iter-time: 0.6998
[22:31:04.216070] Epoch: [3]  [ 70/131]  eta: 0:00:47  loss: 1.2622 (1.3681)  IoU (F channel): 0.0169 (0.0126)  IoU (C channel): 0.0228 (0.0172)  L1 (Db channel): 0.2322 (0.2333)  L1 (Dn channel): 0.3783 (0.3789)  lr: 0.000651  iter-time: 0.7002
[22:31:11.231204] Epoch: [3]  [ 80/131]  eta: 0:00:38  loss: 1.2948 (1.3609)  IoU (F channel): 0.0247 (0.0136)  IoU (C channel): 0.0206 (0.0173)  L1 (Db channel): 0.2354 (0.2335)  L1 (Dn channel): 0.3756 (0.3806)  lr: 0.000682  iter-time: 0.7009
[22:31:18.246686] Epoch: [3]  [ 90/131]  eta: 0:00:31  loss: 1.2484 (1.3444)  IoU (F channel): 0.0242 (0.0147)  IoU (C channel): 0.0162 (0.0174)  L1 (Db channel): 0.2327 (0.2330)  L1 (Dn channel): 0.3712 (0.3786)  lr: 0.000712  iter-time: 0.7014
[22:31:25.256757] Epoch: [3]  [100/131]  eta: 0:00:23  loss: 1.1680 (1.3279)  IoU (F channel): 0.0307 (0.0165)  IoU (C channel): 0.0164 (0.0176)  L1 (Db channel): 0.2333 (0.2343)  L1 (Dn channel): 0.3644 (0.3786)  lr: 0.000744  iter-time: 0.7011
[22:31:32.264630] Epoch: [3]  [110/131]  eta: 0:00:15  loss: 1.1625 (1.3110)  IoU (F channel): 0.0349 (0.0183)  IoU (C channel): 0.0148 (0.0174)  L1 (Db channel): 0.2454 (0.2354)  L1 (Dn channel): 0.3746 (0.3777)  lr: 0.000776  iter-time: 0.7008
[22:31:39.275584] Epoch: [3]  [120/131]  eta: 0:00:08  loss: 1.1345 (1.2995)  IoU (F channel): 0.0410 (0.0205)  IoU (C channel): 0.0169 (0.0176)  L1 (Db channel): 0.2447 (0.2360)  L1 (Dn channel): 0.3699 (0.3774)  lr: 0.000808  iter-time: 0.7008
[22:31:46.082243] Epoch: [3]  [130/131]  eta: 0:00:00  loss: 1.1339 (1.2855)  IoU (F channel): 0.0506 (0.0230)  IoU (C channel): 0.0261 (0.0193)  L1 (Db channel): 0.2464 (0.2379)  L1 (Dn channel): 0.3774 (0.3778)  lr: 0.000841  iter-time: 0.6908
[22:31:46.082482] Epoch: [3] Total time: 0:01:36 (0.7387 s / it)
[22:31:46.082534] [Train] averaged stats: loss: 1.1339 (1.2855)  IoU (F channel): 0.0506 (0.0230)  IoU (C channel): 0.0261 (0.0193)  L1 (Db channel): 0.2464 (0.2379)  L1 (Dn channel): 0.3774 (0.3778)  lr: 0.000841
[22:31:48.458073] Epoch: [3]  [ 0/15]  eta: 0:00:35  loss: 1.1791 (1.1791)  IoU (F channel): 0.0069 (0.0069)  IoU (C channel): 0.0009 (0.0009)  L1 (Db channel): 0.2897 (0.2897)  L1 (Dn channel): 0.3929 (0.3929)  iter-time: 2.3742
[22:31:51.869394] Epoch: [3]  [10/15]  eta: 0:00:02  loss: 1.1791 (1.1455)  IoU (F channel): 0.0440 (0.0617)  IoU (C channel): 0.0010 (0.0021)  L1 (Db channel): 0.2872 (0.2870)  L1 (Dn channel): 0.4004 (0.3993)  iter-time: 0.5259
[22:31:52.674010] Epoch: [3]  [14/15]  eta: 0:00:00  loss: 1.1710 (1.1357)  IoU (F channel): 0.0440 (0.0615)  IoU (C channel): 0.0010 (0.0035)  L1 (Db channel): 0.2869 (0.2866)  L1 (Dn channel): 0.3997 (0.3986)  iter-time: 0.4393
[22:31:52.674188] Epoch: [3] Total time: 0:00:06 (0.4394 s / it)
[22:31:52.674216] [Val] averaged stats: loss: 1.1710 (1.1357)  IoU (F channel): 0.0440 (0.0615)  IoU (C channel): 0.0010 (0.0035)  L1 (Db channel): 0.2869 (0.2866)  L1 (Dn channel): 0.3997 (0.3986)
[22:31:52.674452] Val loss improved from 1.4643025954564413 to 1.1356853604316712, saving model to metrics/biapy/biapy-v1-no-aug/checkpoints/biapy-v1-no-aug_0-checkpoint-best.pth
[22:31:52.788572] [Val] best loss: 1.1357 best  IoU (F channel): 0.0615 IoU (C channel): 0.0035 L1 (Db channel): 0.2866 L1 (Dn channel): 0.3986 
[22:31:52.794751] [Time] 1.7m 6.2m/54.5m

[22:31:52.794779] ~~~ Epoch 4/30 ~~~

[22:31:56.374433] Epoch: [4]  [  0/131]  eta: 0:07:48  loss: 1.1241 (1.1241)  IoU (F channel): 0.0672 (0.0672)  IoU (C channel): 0.0061 (0.0061)  L1 (Db channel): 0.2867 (0.2867)  L1 (Dn channel): 0.3984 (0.3984)  lr: 0.000844  iter-time: 3.5781
[22:32:04.423313] Epoch: [4]  [ 10/131]  eta: 0:02:07  loss: 1.0865 (1.1030)  IoU (F channel): 0.0491 (0.0532)  IoU (C channel): 0.0153 (0.0155)  L1 (Db channel): 0.2715 (0.2728)  L1 (Dn channel): 0.3873 (0.3877)  lr: 0.000878  iter-time: 1.0569
[22:32:11.458771] Epoch: [4]  [ 20/131]  eta: 0:01:38  loss: 1.0506 (1.0864)  IoU (F channel): 0.0403 (0.0482)  IoU (C channel): 0.0150 (0.0145)  L1 (Db channel): 0.2622 (0.2678)  L1 (Dn channel): 0.3854 (0.3890)  lr: 0.000912  iter-time: 0.7541
[22:32:18.493465] Epoch: [4]  [ 30/131]  eta: 0:01:23  loss: 1.0461 (1.0767)  IoU (F channel): 0.0414 (0.0485)  IoU (C channel): 0.0148 (0.0147)  L1 (Db channel): 0.2599 (0.2639)  L1 (Dn channel): 0.3846 (0.3900)  lr: 0.000947  iter-time: 0.7033
[22:32:25.523978] Epoch: [4]  [ 40/131]  eta: 0:01:12  loss: 0.9828 (1.0546)  IoU (F channel): 0.0537 (0.0514)  IoU (C channel): 0.0151 (0.0147)  L1 (Db channel): 0.2595 (0.2628)  L1 (Dn channel): 0.3909 (0.3902)  lr: 0.000982  iter-time: 0.7031
[22:32:32.556975] Epoch: [4]  [ 50/131]  eta: 0:01:03  loss: 0.9352 (1.0338)  IoU (F channel): 0.0555 (0.0541)  IoU (C channel): 0.0178 (0.0186)  L1 (Db channel): 0.2616 (0.2641)  L1 (Dn channel): 0.3843 (0.3873)  lr: 0.001017  iter-time: 0.7030
[22:32:39.579905] Epoch: [4]  [ 60/131]  eta: 0:00:54  loss: 0.9146 (1.0225)  IoU (F channel): 0.0666 (0.0575)  IoU (C channel): 0.0271 (0.0194)  L1 (Db channel): 0.2726 (0.2659)  L1 (Dn channel): 0.3843 (0.3881)  lr: 0.001053  iter-time: 0.7027
[22:32:46.631568] Epoch: [4]  [ 70/131]  eta: 0:00:46  loss: 0.8943 (1.0011)  IoU (F channel): 0.0814 (0.0640)  IoU (C channel): 0.0327 (0.0238)  L1 (Db channel): 0.2705 (0.2661)  L1 (Dn channel): 0.3958 (0.3899)  lr: 0.001089  iter-time: 0.7036
[22:32:53.675692] Epoch: [4]  [ 80/131]  eta: 0:00:38  loss: 0.8451 (0.9791)  IoU (F channel): 0.0885 (0.0668)  IoU (C channel): 0.0440 (0.0272)  L1 (Db channel): 0.2704 (0.2683)  L1 (Dn channel): 0.4016 (0.3915)  lr: 0.001125  iter-time: 0.7046
[22:33:00.702803] Epoch: [4]  [ 90/131]  eta: 0:00:30  loss: 0.8410 (0.9630)  IoU (F channel): 0.0828 (0.0695)  IoU (C channel): 0.0331 (0.0268)  L1 (Db channel): 0.2884 (0.2707)  L1 (Dn channel): 0.4103 (0.3941)  lr: 0.001162  iter-time: 0.7034
[22:33:07.724094] Epoch: [4]  [100/131]  eta: 0:00:22  loss: 0.8389 (0.9514)  IoU (F channel): 0.1170 (0.0772)  IoU (C channel): 0.0368 (0.0319)  L1 (Db channel): 0.2905 (0.2741)  L1 (Dn channel): 0.4163 (0.3976)  lr: 0.001199  iter-time: 0.7023
[22:33:14.742169] Epoch: [4]  [110/131]  eta: 0:00:15  loss: 0.7864 (0.9354)  IoU (F channel): 0.1066 (0.0790)  IoU (C channel): 0.0860 (0.0381)  L1 (Db channel): 0.2996 (0.2763)  L1 (Dn channel): 0.4326 (0.4009)  lr: 0.001236  iter-time: 0.7019
[22:33:21.805010] Epoch: [4]  [120/131]  eta: 0:00:08  loss: 0.7434 (0.9214)  IoU (F channel): 0.0977 (0.0822)  IoU (C channel): 0.0921 (0.0418)  L1 (Db channel): 0.2913 (0.2770)  L1 (Dn channel): 0.4279 (0.4027)  lr: 0.001274  iter-time: 0.7039
[22:33:28.621418] Epoch: [4]  [130/131]  eta: 0:00:00  loss: 0.7311 (0.9052)  IoU (F channel): 0.1176 (0.0851)  IoU (C channel): 0.0986 (0.0472)  L1 (Db channel): 0.2854 (0.2781)  L1 (Dn channel): 0.4174 (0.4036)  lr: 0.001312  iter-time: 0.6938
[22:33:28.621649] Epoch: [4] Total time: 0:01:35 (0.7315 s / it)
[22:33:28.621693] [Train] averaged stats: loss: 0.7311 (0.9052)  IoU (F channel): 0.1176 (0.0851)  IoU (C channel): 0.0986 (0.0472)  L1 (Db channel): 0.2854 (0.2781)  L1 (Dn channel): 0.4174 (0.4036)  lr: 0.001312
[22:33:31.091075] Epoch: [4]  [ 0/15]  eta: 0:00:37  loss: 0.6764 (0.6764)  IoU (F channel): 0.0273 (0.0273)  IoU (C channel): 0.0281 (0.0281)  L1 (Db channel): 0.3269 (0.3269)  L1 (Dn channel): 0.4426 (0.4426)  iter-time: 2.4678
[22:33:35.052357] Epoch: [4]  [10/15]  eta: 0:00:02  loss: 0.7355 (0.7391)  IoU (F channel): 0.1351 (0.1502)  IoU (C channel): 0.0866 (0.0853)  L1 (Db channel): 0.3039 (0.3071)  L1 (Dn channel): 0.4241 (0.4271)  iter-time: 0.5844
[22:33:35.859239] Epoch: [4]  [14/15]  eta: 0:00:00  loss: 0.7355 (0.7403)  IoU (F channel): 0.1351 (0.1408)  IoU (C channel): 0.0866 (0.0849)  L1 (Db channel): 0.3039 (0.3070)  L1 (Dn channel): 0.4241 (0.4270)  iter-time: 0.4823
[22:33:35.859507] Epoch: [4] Total time: 0:00:07 (0.4824 s / it)
[22:33:35.859563] [Val] averaged stats: loss: 0.7355 (0.7403)  IoU (F channel): 0.1351 (0.1408)  IoU (C channel): 0.0866 (0.0849)  L1 (Db channel): 0.3039 (0.3070)  L1 (Dn channel): 0.4241 (0.4270)
[22:33:35.859899] Val loss improved from 1.1356853604316712 to 0.740336012840271, saving model to metrics/biapy/biapy-v1-no-aug/checkpoints/biapy-v1-no-aug_0-checkpoint-best.pth
[22:33:35.991197] [Val] best loss: 0.7403 best  IoU (F channel): 0.1408 IoU (C channel): 0.0849 L1 (Db channel): 0.3070 L1 (Dn channel): 0.4270 
[22:33:35.998499] [Time] 1.7m 7.9m/54.4m

[22:33:35.998529] ~~~ Epoch 5/30 ~~~

[22:33:40.990380] Epoch: [5]  [  0/131]  eta: 0:10:53  loss: 0.6768 (0.6768)  IoU (F channel): 0.2108 (0.2108)  IoU (C channel): 0.1980 (0.1980)  L1 (Db channel): 0.3036 (0.3036)  L1 (Dn channel): 0.4245 (0.4245)  lr: 0.001315  iter-time: 4.9891
[22:33:49.618486] Epoch: [5]  [ 10/131]  eta: 0:02:29  loss: 0.6832 (0.6921)  IoU (F channel): 0.1371 (0.1350)  IoU (C channel): 0.1273 (0.1364)  L1 (Db channel): 0.3046 (0.3082)  L1 (Dn channel): 0.4349 (0.4351)  lr: 0.001353  iter-time: 1.2378
[22:33:56.647322] Epoch: [5]  [ 20/131]  eta: 0:01:49  loss: 0.7160 (0.7134)  IoU (F channel): 0.1371 (0.1484)  IoU (C channel): 0.1205 (0.1298)  L1 (Db channel): 0.3058 (0.3081)  L1 (Dn channel): 0.4351 (0.4380)  lr: 0.001391  iter-time: 0.7827
[22:34:03.679801] Epoch: [5]  [ 30/131]  eta: 0:01:30  loss: 0.7160 (0.6999)  IoU (F channel): 0.1095 (0.1346)  IoU (C channel): 0.1184 (0.1230)  L1 (Db channel): 0.3029 (0.3049)  L1 (Dn channel): 0.4410 (0.4392)  lr: 0.001430  iter-time: 0.7029
[22:34:10.705306] Epoch: [5]  [ 40/131]  eta: 0:01:17  loss: 0.6110 (0.6781)  IoU (F channel): 0.1170 (0.1347)  IoU (C channel): 0.1174 (0.1283)  L1 (Db channel): 0.2953 (0.3028)  L1 (Dn channel): 0.4366 (0.4374)  lr: 0.001468  iter-time: 0.7028
[22:34:17.731154] Epoch: [5]  [ 50/131]  eta: 0:01:06  loss: 0.6110 (0.6704)  IoU (F channel): 0.1401 (0.1375)  IoU (C channel): 0.1406 (0.1346)  L1 (Db channel): 0.3005 (0.3025)  L1 (Dn channel): 0.4358 (0.4382)  lr: 0.001506  iter-time: 0.7025
[22:34:24.750410] Epoch: [5]  [ 60/131]  eta: 0:00:56  loss: 0.6096 (0.6547)  IoU (F channel): 0.1528 (0.1423)  IoU (C channel): 0.1681 (0.1391)  L1 (Db channel): 0.3028 (0.3033)  L1 (Dn channel): 0.4406 (0.4380)  lr: 0.001545  iter-time: 0.7022
[22:34:31.779575] Epoch: [5]  [ 70/131]  eta: 0:00:47  loss: 0.5800 (0.6463)  IoU (F channel): 0.1224 (0.1413)  IoU (C channel): 0.1379 (0.1324)  L1 (Db channel): 0.3077 (0.3034)  L1 (Dn channel): 0.4457 (0.4402)  lr: 0.001583  iter-time: 0.7023
[22:34:38.814911] Epoch: [5]  [ 80/131]  eta: 0:00:39  loss: 0.5786 (0.6399)  IoU (F channel): 0.1521 (0.1448)  IoU (C channel): 0.1475 (0.1396)  L1 (Db channel): 0.2848 (0.3004)  L1 (Dn channel): 0.4318 (0.4384)  lr: 0.001621  iter-time: 0.7031
[22:34:45.851315] Epoch: [5]  [ 90/131]  eta: 0:00:31  loss: 0.5410 (0.6276)  IoU (F channel): 0.1632 (0.1485)  IoU (C channel): 0.1907 (0.1467)  L1 (Db channel): 0.2907 (0.3005)  L1 (Dn channel): 0.4313 (0.4380)  lr: 0.001660  iter-time: 0.7034
[22:34:52.882255] Epoch: [5]  [100/131]  eta: 0:00:23  loss: 0.5300 (0.6176)  IoU (F channel): 0.1766 (0.1517)  IoU (C channel): 0.2239 (0.1546)  L1 (Db channel): 0.2978 (0.2998)  L1 (Dn channel): 0.4388 (0.4387)  lr: 0.001698  iter-time: 0.7032
[22:34:59.913512] Epoch: [5]  [110/131]  eta: 0:00:15  loss: 0.5358 (0.6092)  IoU (F channel): 0.1766 (0.1528)  IoU (C channel): 0.2007 (0.1574)  L1 (Db channel): 0.3012 (0.3005)  L1 (Dn channel): 0.4438 (0.4392)  lr: 0.001736  iter-time: 0.7030
[22:35:06.945966] Epoch: [5]  [120/131]  eta: 0:00:08  loss: 0.5047 (0.6019)  IoU (F channel): 0.1506 (0.1547)  IoU (C channel): 0.1795 (0.1591)  L1 (Db channel): 0.3116 (0.3020)  L1 (Dn channel): 0.4448 (0.4399)  lr: 0.001774  iter-time: 0.7031
[22:35:13.765716] Epoch: [5]  [130/131]  eta: 0:00:00  loss: 0.4808 (0.5931)  IoU (F channel): 0.1717 (0.1551)  IoU (C channel): 0.1676 (0.1607)  L1 (Db channel): 0.3152 (0.3026)  L1 (Dn channel): 0.4419 (0.4395)  lr: 0.001812  iter-time: 0.6925
[22:35:13.765943] Epoch: [5] Total time: 0:01:37 (0.7463 s / it)
[22:35:13.765996] [Train] averaged stats: loss: 0.4808 (0.5931)  IoU (F channel): 0.1717 (0.1551)  IoU (C channel): 0.1676 (0.1607)  L1 (Db channel): 0.3152 (0.3026)  L1 (Dn channel): 0.4419 (0.4395)  lr: 0.001812
[22:35:16.054034] Epoch: [5]  [ 0/15]  eta: 0:00:34  loss: 0.3777 (0.3777)  IoU (F channel): 0.1522 (0.1522)  IoU (C channel): 0.1143 (0.1143)  L1 (Db channel): 0.3401 (0.3401)  L1 (Dn channel): 0.4325 (0.4325)  iter-time: 2.2867
[22:35:19.779021] Epoch: [5]  [10/15]  eta: 0:00:02  loss: 0.5218 (0.5349)  IoU (F channel): 0.2759 (0.2445)  IoU (C channel): 0.1226 (0.1408)  L1 (Db channel): 0.3248 (0.3268)  L1 (Dn channel): 0.4269 (0.4270)  iter-time: 0.5465
[22:35:20.584624] Epoch: [5]  [14/15]  eta: 0:00:00  loss: 0.5218 (0.5467)  IoU (F channel): 0.2735 (0.2178)  IoU (C channel): 0.1226 (0.1335)  L1 (Db channel): 0.3248 (0.3272)  L1 (Dn channel): 0.4269 (0.4273)  iter-time: 0.4544
[22:35:20.584843] Epoch: [5] Total time: 0:00:06 (0.4545 s / it)
[22:35:20.584881] [Val] averaged stats: loss: 0.5218 (0.5467)  IoU (F channel): 0.2735 (0.2178)  IoU (C channel): 0.1226 (0.1335)  L1 (Db channel): 0.3248 (0.3272)  L1 (Dn channel): 0.4269 (0.4273)
[22:35:20.585124] Val loss improved from 0.740336012840271 to 0.5467106441656748, saving model to metrics/biapy/biapy-v1-no-aug/checkpoints/biapy-v1-no-aug_0-checkpoint-best.pth
[22:35:20.701839] [Val] best loss: 0.5467 best  IoU (F channel): 0.2178 IoU (C channel): 0.1335 L1 (Db channel): 0.3272 L1 (Dn channel): 0.4273 
[22:35:20.707563] Creating training plots . . .
[22:35:25.088132] [Time] 1.8m 9.7m/57.0m

[22:35:25.088192] ~~~ Epoch 6/30 ~~~

[22:35:28.383728] Epoch: [6]  [  0/131]  eta: 0:07:11  loss: 0.3894 (0.3894)  IoU (F channel): 0.2528 (0.2528)  IoU (C channel): 0.2121 (0.2121)  L1 (Db channel): 0.3248 (0.3248)  L1 (Dn channel): 0.4253 (0.4253)  lr: 0.001816  iter-time: 3.2939
[22:35:36.745745] Epoch: [6]  [ 10/131]  eta: 0:02:08  loss: 0.4503 (0.4673)  IoU (F channel): 0.2401 (0.2152)  IoU (C channel): 0.2121 (0.2241)  L1 (Db channel): 0.3118 (0.3133)  L1 (Dn channel): 0.4249 (0.4270)  lr: 0.001854  iter-time: 1.0595
[22:35:45.044395] Epoch: [6]  [ 20/131]  eta: 0:01:45  loss: 0.4503 (0.4743)  IoU (F channel): 0.2176 (0.2146)  IoU (C channel): 0.2621 (0.2382)  L1 (Db channel): 0.3067 (0.3082)  L1 (Dn channel): 0.4344 (0.4321)  lr: 0.001891  iter-time: 0.8329
[22:35:52.077959] Epoch: [6]  [ 30/131]  eta: 0:01:27  loss: 0.4657 (0.4862)  IoU (F channel): 0.2003 (0.1988)  IoU (C channel): 0.2054 (0.2172)  L1 (Db channel): 0.3043 (0.3097)  L1 (Dn channel): 0.4400 (0.4417)  lr: 0.001928  iter-time: 0.7665
[22:35:59.109191] Epoch: [6]  [ 40/131]  eta: 0:01:15  loss: 0.4915 (0.4818)  IoU (F channel): 0.1783 (0.1910)  IoU (C channel): 0.1824 (0.2108)  L1 (Db channel): 0.3122 (0.3109)  L1 (Dn channel): 0.4673 (0.4482)  lr: 0.001965  iter-time: 0.7031
[22:36:06.147670] Epoch: [6]  [ 50/131]  eta: 0:01:05  loss: 0.4536 (0.4715)  IoU (F channel): 0.1914 (0.1942)  IoU (C channel): 0.2394 (0.2182)  L1 (Db channel): 0.3146 (0.3128)  L1 (Dn channel): 0.4721 (0.4535)  lr: 0.002002  iter-time: 0.7033
[22:36:13.193561] Epoch: [6]  [ 60/131]  eta: 0:00:55  loss: 0.4019 (0.4605)  IoU (F channel): 0.1982 (0.1978)  IoU (C channel): 0.2647 (0.2211)  L1 (Db channel): 0.3021 (0.3099)  L1 (Dn channel): 0.4532 (0.4524)  lr: 0.002038  iter-time: 0.7041
[22:36:20.226215] Epoch: [6]  [ 70/131]  eta: 0:00:47  loss: 0.4009 (0.4517)  IoU (F channel): 0.2190 (0.2005)  IoU (C channel): 0.2282 (0.2248)  L1 (Db channel): 0.2898 (0.3066)  L1 (Dn channel): 0.4532 (0.4535)  lr: 0.002074  iter-time: 0.7038
[22:36:27.264999] Epoch: [6]  [ 80/131]  eta: 0:00:39  loss: 0.3877 (0.4506)  IoU (F channel): 0.2334 (0.2029)  IoU (C channel): 0.2436 (0.2268)  L1 (Db channel): 0.2889 (0.3057)  L1 (Dn channel): 0.4506 (0.4521)  lr: 0.002110  iter-time: 0.7034
[22:36:34.295604] Epoch: [6]  [ 90/131]  eta: 0:00:31  loss: 0.3646 (0.4420)  IoU (F channel): 0.2003 (0.2046)  IoU (C channel): 0.2565 (0.2316)  L1 (Db channel): 0.2899 (0.3039)  L1 (Dn channel): 0.4399 (0.4508)  lr: 0.002145  iter-time: 0.7034
[22:36:41.318065] Epoch: [6]  [100/131]  eta: 0:00:23  loss: 0.3550 (0.4336)  IoU (F channel): 0.2003 (0.2054)  IoU (C channel): 0.2353 (0.2315)  L1 (Db channel): 0.2881 (0.3023)  L1 (Dn channel): 0.4368 (0.4491)  lr: 0.002180  iter-time: 0.7025
[22:36:48.334392] Epoch: [6]  [110/131]  eta: 0:00:15  loss: 0.3334 (0.4263)  IoU (F channel): 0.2076 (0.2077)  IoU (C channel): 0.2419 (0.2329)  L1 (Db channel): 0.2899 (0.3015)  L1 (Dn channel): 0.4310 (0.4468)  lr: 0.002215  iter-time: 0.7018
[22:36:55.402852] Epoch: [6]  [120/131]  eta: 0:00:08  loss: 0.3371 (0.4198)  IoU (F channel): 0.1958 (0.2069)  IoU (C channel): 0.2419 (0.2319)  L1 (Db channel): 0.2918 (0.3000)  L1 (Dn channel): 0.4244 (0.4452)  lr: 0.002249  iter-time: 0.7041
[22:37:02.219110] Epoch: [6]  [130/131]  eta: 0:00:00  loss: 0.3445 (0.4176)  IoU (F channel): 0.2115 (0.2079)  IoU (C channel): 0.2551 (0.2353)  L1 (Db channel): 0.2732 (0.2977)  L1 (Dn channel): 0.4308 (0.4443)  lr: 0.002282  iter-time: 0.6941
[22:37:02.219354] Epoch: [6] Total time: 0:01:37 (0.7415 s / it)
[22:37:02.219408] [Train] averaged stats: loss: 0.3445 (0.4176)  IoU (F channel): 0.2115 (0.2079)  IoU (C channel): 0.2551 (0.2353)  L1 (Db channel): 0.2732 (0.2977)  L1 (Dn channel): 0.4308 (0.4443)  lr: 0.002282
[22:37:05.159524] Epoch: [6]  [ 0/15]  eta: 0:00:44  loss: 0.3223 (0.3223)  IoU (F channel): 0.0845 (0.0845)  IoU (C channel): 0.0554 (0.0554)  L1 (Db channel): 0.2861 (0.2861)  L1 (Dn channel): 0.4411 (0.4411)  iter-time: 2.9388
[22:37:08.879395] Epoch: [6]  [10/15]  eta: 0:00:03  loss: 0.3773 (0.3899)  IoU (F channel): 0.3987 (0.3252)  IoU (C channel): 0.2834 (0.2343)  L1 (Db channel): 0.2590 (0.2631)  L1 (Dn channel): 0.4311 (0.4308)  iter-time: 0.6053
[22:37:09.686685] Epoch: [6]  [14/15]  eta: 0:00:00  loss: 0.3773 (0.4071)  IoU (F channel): 0.3041 (0.2747)  IoU (C channel): 0.2542 (0.2057)  L1 (Db channel): 0.2590 (0.2635)  L1 (Dn channel): 0.4311 (0.4308)  iter-time: 0.4976
[22:37:09.686936] Epoch: [6] Total time: 0:00:07 (0.4978 s / it)
[22:37:09.686969] [Val] averaged stats: loss: 0.3773 (0.4071)  IoU (F channel): 0.3041 (0.2747)  IoU (C channel): 0.2542 (0.2057)  L1 (Db channel): 0.2590 (0.2635)  L1 (Dn channel): 0.4311 (0.4308)
[22:37:09.687286] Val loss improved from 0.5467106441656748 to 0.4071025172869364, saving model to metrics/biapy/biapy-v1-no-aug/checkpoints/biapy-v1-no-aug_0-checkpoint-best.pth
[22:37:09.828239] [Val] best loss: 0.4071 best  IoU (F channel): 0.2747 IoU (C channel): 0.2057 L1 (Db channel): 0.2635 L1 (Dn channel): 0.4308 
[22:37:09.836640] [Time] 1.7m 11.5m/55.1m

[22:37:09.836685] ~~~ Epoch 7/30 ~~~

[22:37:12.877358] Epoch: [7]  [  0/131]  eta: 0:06:38  loss: 0.4632 (0.4632)  IoU (F channel): 0.2799 (0.2799)  IoU (C channel): 0.3670 (0.3670)  L1 (Db channel): 0.2597 (0.2597)  L1 (Dn channel): 0.4317 (0.4317)  lr: 0.002286  iter-time: 3.0387
[22:37:22.208823] Epoch: [7]  [ 10/131]  eta: 0:02:16  loss: 0.3479 (0.3569)  IoU (F channel): 0.2648 (0.2481)  IoU (C channel): 0.3172 (0.2752)  L1 (Db channel): 0.2668 (0.2679)  L1 (Dn channel): 0.4368 (0.4375)  lr: 0.002318  iter-time: 1.1244
[22:37:29.234762] Epoch: [7]  [ 20/131]  eta: 0:01:42  loss: 0.3338 (0.3670)  IoU (F channel): 0.2498 (0.2403)  IoU (C channel): 0.2998 (0.2813)  L1 (Db channel): 0.2691 (0.2702)  L1 (Dn channel): 0.4365 (0.4338)  lr: 0.002351  iter-time: 0.8177
[22:37:36.267532] Epoch: [7]  [ 30/131]  eta: 0:01:26  loss: 0.3494 (0.3667)  IoU (F channel): 0.2232 (0.2370)  IoU (C channel): 0.3048 (0.2873)  L1 (Db channel): 0.2745 (0.2726)  L1 (Dn channel): 0.4200 (0.4281)  lr: 0.002383  iter-time: 0.7028
[22:37:43.294922] Epoch: [7]  [ 40/131]  eta: 0:01:14  loss: 0.3340 (0.3624)  IoU (F channel): 0.2232 (0.2344)  IoU (C channel): 0.2865 (0.2851)  L1 (Db channel): 0.2696 (0.2705)  L1 (Dn channel): 0.4168 (0.4256)  lr: 0.002414  iter-time: 0.7029
[22:37:50.320351] Epoch: [7]  [ 50/131]  eta: 0:01:04  loss: 0.3212 (0.3614)  IoU (F channel): 0.1850 (0.2284)  IoU (C channel): 0.2333 (0.2750)  L1 (Db channel): 0.2620 (0.2687)  L1 (Dn channel): 0.4147 (0.4214)  lr: 0.002444  iter-time: 0.7025
[22:37:57.342342] Epoch: [7]  [ 60/131]  eta: 0:00:55  loss: 0.3487 (0.3648)  IoU (F channel): 0.2046 (0.2301)  IoU (C channel): 0.2403 (0.2749)  L1 (Db channel): 0.2620 (0.2669)  L1 (Dn channel): 0.4098 (0.4200)  lr: 0.002474  iter-time: 0.7023
[22:38:04.362530] Epoch: [7]  [ 70/131]  eta: 0:00:46  loss: 0.3182 (0.3565)  IoU (F channel): 0.2434 (0.2326)  IoU (C channel): 0.3204 (0.2805)  L1 (Db channel): 0.2386 (0.2626)  L1 (Dn channel): 0.4144 (0.4193)  lr: 0.002504  iter-time: 0.7020
[22:38:11.390763] Epoch: [7]  [ 80/131]  eta: 0:00:38  loss: 0.3092 (0.3549)  IoU (F channel): 0.2219 (0.2304)  IoU (C channel): 0.2954 (0.2805)  L1 (Db channel): 0.2354 (0.2591)  L1 (Dn channel): 0.4070 (0.4174)  lr: 0.002532  iter-time: 0.7023
[22:38:18.425666] Epoch: [7]  [ 90/131]  eta: 0:00:30  loss: 0.3340 (0.3511)  IoU (F channel): 0.2258 (0.2358)  IoU (C channel): 0.3020 (0.2854)  L1 (Db channel): 0.2356 (0.2568)  L1 (Dn channel): 0.3982 (0.4146)  lr: 0.002560  iter-time: 0.7030
[22:38:25.461595] Epoch: [7]  [100/131]  eta: 0:00:23  loss: 0.3120 (0.3465)  IoU (F channel): 0.2423 (0.2338)  IoU (C channel): 0.3107 (0.2832)  L1 (Db channel): 0.2399 (0.2553)  L1 (Dn channel): 0.3968 (0.4133)  lr: 0.002588  iter-time: 0.7034
[22:38:32.492431] Epoch: [7]  [110/131]  eta: 0:00:15  loss: 0.3120 (0.3443)  IoU (F channel): 0.2037 (0.2360)  IoU (C channel): 0.2456 (0.2809)  L1 (Db channel): 0.2390 (0.2530)  L1 (Dn channel): 0.3878 (0.4106)  lr: 0.002614  iter-time: 0.7032
[22:38:39.585773] Epoch: [7]  [120/131]  eta: 0:00:08  loss: 0.2980 (0.3398)  IoU (F channel): 0.2181 (0.2365)  IoU (C channel): 0.2545 (0.2813)  L1 (Db channel): 0.2239 (0.2505)  L1 (Dn channel): 0.3819 (0.4080)  lr: 0.002640  iter-time: 0.7061
[22:38:46.407170] Epoch: [7]  [130/131]  eta: 0:00:00  loss: 0.2940 (0.3398)  IoU (F channel): 0.2355 (0.2374)  IoU (C channel): 0.3198 (0.2834)  L1 (Db channel): 0.2275 (0.2490)  L1 (Dn channel): 0.3906 (0.4071)  lr: 0.002665  iter-time: 0.6956
[22:38:46.407358] Epoch: [7] Total time: 0:01:36 (0.7372 s / it)
[22:38:46.407406] [Train] averaged stats: loss: 0.2940 (0.3398)  IoU (F channel): 0.2355 (0.2374)  IoU (C channel): 0.3198 (0.2834)  L1 (Db channel): 0.2275 (0.2490)  L1 (Dn channel): 0.3906 (0.4071)  lr: 0.002665
[22:38:49.014870] Epoch: [7]  [ 0/15]  eta: 0:00:39  loss: 0.2723 (0.2723)  IoU (F channel): 0.1943 (0.1943)  IoU (C channel): 0.1621 (0.1621)  L1 (Db channel): 0.2507 (0.2507)  L1 (Dn channel): 0.4076 (0.4076)  iter-time: 2.6062
[22:38:52.209000] Epoch: [7]  [10/15]  eta: 0:00:02  loss: 0.3126 (0.3142)  IoU (F channel): 0.2721 (0.2557)  IoU (C channel): 0.2808 (0.2303)  L1 (Db channel): 0.2402 (0.2424)  L1 (Dn channel): 0.3952 (0.3983)  iter-time: 0.5273
[22:38:53.014115] Epoch: [7]  [14/15]  eta: 0:00:00  loss: 0.3126 (0.3438)  IoU (F channel): 0.2262 (0.2224)  IoU (C channel): 0.2336 (0.2018)  L1 (Db channel): 0.2402 (0.2427)  L1 (Dn channel): 0.3955 (0.3991)  iter-time: 0.4403
[22:38:53.014289] Epoch: [7] Total time: 0:00:06 (0.4404 s / it)
[22:38:53.014317] [Val] averaged stats: loss: 0.3126 (0.3438)  IoU (F channel): 0.2262 (0.2224)  IoU (C channel): 0.2336 (0.2018)  L1 (Db channel): 0.2402 (0.2427)  L1 (Dn channel): 0.3955 (0.3991)
[22:38:53.014574] Val loss improved from 0.4071025172869364 to 0.3437602383395036, saving model to metrics/biapy/biapy-v1-no-aug/checkpoints/biapy-v1-no-aug_0-checkpoint-best.pth
[22:38:53.133793] [Val] best loss: 0.3438 best  IoU (F channel): 0.2224 IoU (C channel): 0.2018 L1 (Db channel): 0.2427 L1 (Dn channel): 0.3991 
[22:38:53.139514] [Time] 1.7m 13.2m/54.5m

[22:38:53.139540] ~~~ Epoch 8/30 ~~~

[22:38:57.615153] Epoch: [8]  [  0/131]  eta: 0:09:46  loss: 0.2046 (0.2046)  IoU (F channel): 0.1558 (0.1558)  IoU (C channel): 0.1805 (0.1805)  L1 (Db channel): 0.2399 (0.2399)  L1 (Dn channel): 0.3968 (0.3968)  lr: 0.002667  iter-time: 4.4738
[22:39:05.761834] Epoch: [8]  [ 10/131]  eta: 0:02:18  loss: 0.2706 (0.2814)  IoU (F channel): 0.2398 (0.2347)  IoU (C channel): 0.2990 (0.3007)  L1 (Db channel): 0.2367 (0.2349)  L1 (Dn channel): 0.3956 (0.3954)  lr: 0.002692  iter-time: 1.1472
[22:39:12.932635] Epoch: [8]  [ 20/131]  eta: 0:01:44  loss: 0.2862 (0.2902)  IoU (F channel): 0.2285 (0.2439)  IoU (C channel): 0.2981 (0.3067)  L1 (Db channel): 0.2355 (0.2339)  L1 (Dn channel): 0.3904 (0.3898)  lr: 0.002715  iter-time: 0.7658
[22:39:19.960988] Epoch: [8]  [ 30/131]  eta: 0:01:27  loss: 0.2905 (0.2986)  IoU (F channel): 0.2277 (0.2459)  IoU (C channel): 0.2981 (0.3055)  L1 (Db channel): 0.2259 (0.2304)  L1 (Dn channel): 0.3742 (0.3842)  lr: 0.002737  iter-time: 0.7098
[22:39:27.024719] Epoch: [8]  [ 40/131]  eta: 0:01:15  loss: 0.2900 (0.2975)  IoU (F channel): 0.2625 (0.2563)  IoU (C channel): 0.3518 (0.3219)  L1 (Db channel): 0.2275 (0.2309)  L1 (Dn channel): 0.3738 (0.3825)  lr: 0.002759  iter-time: 0.7045
[22:39:34.157190] Epoch: [8]  [ 50/131]  eta: 0:01:05  loss: 0.2930 (0.3025)  IoU (F channel): 0.2722 (0.2550)  IoU (C channel): 0.3611 (0.3206)  L1 (Db channel): 0.2319 (0.2309)  L1 (Dn channel): 0.3825 (0.3829)  lr: 0.002780  iter-time: 0.7097
[22:39:41.198462] Epoch: [8]  [ 60/131]  eta: 0:00:55  loss: 0.3031 (0.3048)  IoU (F channel): 0.2476 (0.2579)  IoU (C channel): 0.3207 (0.3255)  L1 (Db channel): 0.2232 (0.2288)  L1 (Dn channel): 0.3870 (0.3837)  lr: 0.002800  iter-time: 0.7085
[22:39:48.218621] Epoch: [8]  [ 70/131]  eta: 0:00:47  loss: 0.3079 (0.3108)  IoU (F channel): 0.2476 (0.2546)  IoU (C channel): 0.2966 (0.3192)  L1 (Db channel): 0.2184 (0.2276)  L1 (Dn channel): 0.3883 (0.3844)  lr: 0.002819  iter-time: 0.7030
[22:39:55.239371] Epoch: [8]  [ 80/131]  eta: 0:00:39  loss: 0.2580 (0.3071)  IoU (F channel): 0.2630 (0.2587)  IoU (C channel): 0.3114 (0.3235)  L1 (Db channel): 0.2261 (0.2299)  L1 (Dn channel): 0.3901 (0.3854)  lr: 0.002837  iter-time: 0.7019
[22:40:02.262876] Epoch: [8]  [ 90/131]  eta: 0:00:31  loss: 0.2557 (0.3062)  IoU (F channel): 0.2553 (0.2556)  IoU (C channel): 0.3223 (0.3198)  L1 (Db channel): 0.2259 (0.2273)  L1 (Dn channel): 0.3853 (0.3847)  lr: 0.002855  iter-time: 0.7021
[22:40:09.287096] Epoch: [8]  [100/131]  eta: 0:00:23  loss: 0.2682 (0.3061)  IoU (F channel): 0.2476 (0.2577)  IoU (C channel): 0.3098 (0.3217)  L1 (Db channel): 0.2029 (0.2248)  L1 (Dn channel): 0.3865 (0.3855)  lr: 0.002871  iter-time: 0.7023
[22:40:16.313597] Epoch: [8]  [110/131]  eta: 0:00:15  loss: 0.2598 (0.3017)  IoU (F channel): 0.2350 (0.2540)  IoU (C channel): 0.3091 (0.3163)  L1 (Db channel): 0.2048 (0.2233)  L1 (Dn channel): 0.3908 (0.3853)  lr: 0.002886  iter-time: 0.7024
[22:40:23.418084] Epoch: [8]  [120/131]  eta: 0:00:08  loss: 0.2735 (0.3026)  IoU (F channel): 0.2217 (0.2527)  IoU (C channel): 0.2906 (0.3160)  L1 (Db channel): 0.2082 (0.2224)  L1 (Dn channel): 0.3690 (0.3835)  lr: 0.002901  iter-time: 0.7064
[22:40:30.242518] Epoch: [8]  [130/131]  eta: 0:00:00  loss: 0.2866 (0.3017)  IoU (F channel): 0.2314 (0.2525)  IoU (C channel): 0.3192 (0.3161)  L1 (Db channel): 0.2155 (0.2222)  L1 (Dn channel): 0.3607 (0.3817)  lr: 0.002914  iter-time: 0.6963
[22:40:30.242867] Epoch: [8] Total time: 0:01:37 (0.7412 s / it)
[22:40:30.242928] [Train] averaged stats: loss: 0.2866 (0.3017)  IoU (F channel): 0.2314 (0.2525)  IoU (C channel): 0.3192 (0.3161)  L1 (Db channel): 0.2155 (0.2222)  L1 (Dn channel): 0.3607 (0.3817)  lr: 0.002914
[22:40:33.251032] Epoch: [8]  [ 0/15]  eta: 0:00:45  loss: 0.2385 (0.2385)  IoU (F channel): 0.0809 (0.0809)  IoU (C channel): 0.0997 (0.0997)  L1 (Db channel): 0.2253 (0.2253)  L1 (Dn channel): 0.3761 (0.3761)  iter-time: 3.0065
[22:40:37.246417] Epoch: [8]  [10/15]  eta: 0:00:03  loss: 0.3247 (0.2986)  IoU (F channel): 0.3062 (0.2649)  IoU (C channel): 0.2841 (0.2411)  L1 (Db channel): 0.2161 (0.2172)  L1 (Dn channel): 0.3643 (0.3665)  iter-time: 0.6365
[22:40:38.053922] Epoch: [8]  [14/15]  eta: 0:00:00  loss: 0.3247 (0.3262)  IoU (F channel): 0.2535 (0.2415)  IoU (C channel): 0.2600 (0.2189)  L1 (Db channel): 0.2161 (0.2172)  L1 (Dn channel): 0.3643 (0.3668)  iter-time: 0.5205
[22:40:38.054138] Epoch: [8] Total time: 0:00:07 (0.5207 s / it)
[22:40:38.054165] [Val] averaged stats: loss: 0.3247 (0.3262)  IoU (F channel): 0.2535 (0.2415)  IoU (C channel): 0.2600 (0.2189)  L1 (Db channel): 0.2161 (0.2172)  L1 (Dn channel): 0.3643 (0.3668)
[22:40:38.054480] Val loss improved from 0.3437602383395036 to 0.3261655129492283, saving model to metrics/biapy/biapy-v1-no-aug/checkpoints/biapy-v1-no-aug_0-checkpoint-best.pth
[22:40:38.196480] [Val] best loss: 0.3262 best  IoU (F channel): 0.2415 IoU (C channel): 0.2189 L1 (Db channel): 0.2172 L1 (Dn channel): 0.3668 
[22:40:38.202519] [Time] 1.8m 15.0m/55.2m

[22:40:38.202555] ~~~ Epoch 9/30 ~~~

[22:40:43.035307] Epoch: [9]  [  0/131]  eta: 0:10:32  loss: 0.2105 (0.2105)  IoU (F channel): 0.2228 (0.2228)  IoU (C channel): 0.3309 (0.3309)  L1 (Db channel): 0.2157 (0.2157)  L1 (Dn channel): 0.3646 (0.3646)  lr: 0.002916  iter-time: 4.8298
[22:40:51.510987] Epoch: [9]  [ 10/131]  eta: 0:02:26  loss: 0.2786 (0.2782)  IoU (F channel): 0.2811 (0.2736)  IoU (C channel): 0.3352 (0.3521)  L1 (Db channel): 0.2059 (0.2033)  L1 (Dn channel): 0.3737 (0.3737)  lr: 0.002928  iter-time: 1.2094
[22:40:58.588444] Epoch: [9]  [ 20/131]  eta: 0:01:47  loss: 0.2786 (0.2929)  IoU (F channel): 0.2776 (0.2678)  IoU (C channel): 0.3340 (0.3379)  L1 (Db channel): 0.1938 (0.1982)  L1 (Dn channel): 0.3720 (0.3726)  lr: 0.002940  iter-time: 0.7775
[22:41:05.620498] Epoch: [9]  [ 30/131]  eta: 0:01:29  loss: 0.2765 (0.2879)  IoU (F channel): 0.2613 (0.2655)  IoU (C channel): 0.3349 (0.3436)  L1 (Db channel): 0.1937 (0.1974)  L1 (Dn channel): 0.3693 (0.3717)  lr: 0.002950  iter-time: 0.7054
[22:41:12.651708] Epoch: [9]  [ 40/131]  eta: 0:01:16  loss: 0.2445 (0.2825)  IoU (F channel): 0.2463 (0.2632)  IoU (C channel): 0.3370 (0.3408)  L1 (Db channel): 0.1965 (0.1979)  L1 (Dn channel): 0.3693 (0.3712)  lr: 0.002960  iter-time: 0.7030
[22:41:19.680125] Epoch: [9]  [ 50/131]  eta: 0:01:05  loss: 0.2505 (0.2826)  IoU (F channel): 0.2344 (0.2608)  IoU (C channel): 0.3353 (0.3393)  L1 (Db channel): 0.1955 (0.1973)  L1 (Dn channel): 0.3734 (0.3726)  lr: 0.002968  iter-time: 0.7028
[22:41:26.706539] Epoch: [9]  [ 60/131]  eta: 0:00:56  loss: 0.2611 (0.2828)  IoU (F channel): 0.2691 (0.2674)  IoU (C channel): 0.3469 (0.3420)  L1 (Db channel): 0.1947 (0.1969)  L1 (Dn channel): 0.3768 (0.3731)  lr: 0.002976  iter-time: 0.7026
[22:41:33.725220] Epoch: [9]  [ 70/131]  eta: 0:00:47  loss: 0.2899 (0.2854)  IoU (F channel): 0.2554 (0.2614)  IoU (C channel): 0.3087 (0.3332)  L1 (Db channel): 0.1957 (0.1960)  L1 (Dn channel): 0.3647 (0.3713)  lr: 0.002982  iter-time: 0.7022
[22:41:40.752110] Epoch: [9]  [ 80/131]  eta: 0:00:39  loss: 0.2828 (0.2837)  IoU (F channel): 0.2214 (0.2578)  IoU (C channel): 0.2949 (0.3283)  L1 (Db channel): 0.1954 (0.1960)  L1 (Dn channel): 0.3754 (0.3731)  lr: 0.002988  iter-time: 0.7022
[22:41:47.786915] Epoch: [9]  [ 90/131]  eta: 0:00:31  loss: 0.2577 (0.2829)  IoU (F channel): 0.2562 (0.2581)  IoU (C channel): 0.3096 (0.3293)  L1 (Db channel): 0.1802 (0.1937)  L1 (Dn channel): 0.3740 (0.3724)  lr: 0.002992  iter-time: 0.7030
[22:41:54.820530] Epoch: [9]  [100/131]  eta: 0:00:23  loss: 0.3055 (0.2879)  IoU (F channel): 0.2719 (0.2598)  IoU (C channel): 0.3629 (0.3328)  L1 (Db channel): 0.1686 (0.1906)  L1 (Dn channel): 0.3629 (0.3713)  lr: 0.002996  iter-time: 0.7033
[22:42:01.857003] Epoch: [9]  [110/131]  eta: 0:00:15  loss: 0.3055 (0.2875)  IoU (F channel): 0.2719 (0.2616)  IoU (C channel): 0.3435 (0.3327)  L1 (Db channel): 0.1662 (0.1888)  L1 (Dn channel): 0.3626 (0.3713)  lr: 0.002998  iter-time: 0.7034
[22:42:08.995142] Epoch: [9]  [120/131]  eta: 0:00:08  loss: 0.2484 (0.2848)  IoU (F channel): 0.2544 (0.2592)  IoU (C channel): 0.3220 (0.3313)  L1 (Db channel): 0.1684 (0.1869)  L1 (Dn channel): 0.3752 (0.3719)  lr: 0.003000  iter-time: 0.7086
[22:42:15.813368] Epoch: [9]  [130/131]  eta: 0:00:00  loss: 0.2728 (0.2869)  IoU (F channel): 0.2544 (0.2617)  IoU (C channel): 0.3366 (0.3327)  L1 (Db channel): 0.1669 (0.1852)  L1 (Dn channel): 0.3677 (0.3711)  lr: 0.003000  iter-time: 0.6977
[22:42:15.813573] Epoch: [9] Total time: 0:01:37 (0.7451 s / it)
[22:42:15.813616] [Train] averaged stats: loss: 0.2728 (0.2869)  IoU (F channel): 0.2544 (0.2617)  IoU (C channel): 0.3366 (0.3327)  L1 (Db channel): 0.1669 (0.1852)  L1 (Dn channel): 0.3677 (0.3711)  lr: 0.003000
[22:42:18.349545] Epoch: [9]  [ 0/15]  eta: 0:00:38  loss: 0.2697 (0.2697)  IoU (F channel): 0.0210 (0.0210)  IoU (C channel): 0.1022 (0.1022)  L1 (Db channel): 0.1693 (0.1693)  L1 (Dn channel): 0.3548 (0.3548)  iter-time: 2.5346
[22:42:21.416619] Epoch: [9]  [10/15]  eta: 0:00:02  loss: 0.2697 (0.3032)  IoU (F channel): 0.4257 (0.3402)  IoU (C channel): 0.3674 (0.2974)  L1 (Db channel): 0.1638 (0.1643)  L1 (Dn channel): 0.3518 (0.3522)  iter-time: 0.5092
[22:42:22.222148] Epoch: [9]  [14/15]  eta: 0:00:00  loss: 0.2780 (0.3338)  IoU (F channel): 0.3686 (0.2982)  IoU (C channel): 0.2995 (0.2612)  L1 (Db channel): 0.1638 (0.1642)  L1 (Dn channel): 0.3518 (0.3525)  iter-time: 0.4271
[22:42:22.222369] Epoch: [9] Total time: 0:00:06 (0.4272 s / it)
[22:42:22.222395] [Val] averaged stats: loss: 0.2780 (0.3338)  IoU (F channel): 0.3686 (0.2982)  IoU (C channel): 0.2995 (0.2612)  L1 (Db channel): 0.1638 (0.1642)  L1 (Dn channel): 0.3518 (0.3525)
[22:42:22.222641] [Val] best loss: 0.3262 best  IoU (F channel): 0.2415 IoU (C channel): 0.2189 L1 (Db channel): 0.2172 L1 (Dn channel): 0.3668 
EarlyStopping counter: 1 out of 10
[22:42:22.230425] [Time] 1.7m 16.7m/54.8m

[22:42:22.230448] ~~~ Epoch 10/30 ~~~

[22:42:26.982644] Epoch: [10]  [  0/131]  eta: 0:10:22  loss: 0.2662 (0.2662)  IoU (F channel): 0.3754 (0.3754)  IoU (C channel): 0.4934 (0.4934)  L1 (Db channel): 0.1623 (0.1623)  L1 (Dn channel): 0.3514 (0.3514)  lr: 0.003000  iter-time: 4.7502
[22:42:34.145439] Epoch: [10]  [ 10/131]  eta: 0:02:11  loss: 0.2838 (0.2789)  IoU (F channel): 0.2707 (0.2586)  IoU (C channel): 0.3661 (0.3345)  L1 (Db channel): 0.1628 (0.1628)  L1 (Dn channel): 0.3489 (0.3502)  lr: 0.003000  iter-time: 1.0829
[22:42:41.168779] Epoch: [10]  [ 20/131]  eta: 0:01:40  loss: 0.2770 (0.2826)  IoU (F channel): 0.2482 (0.2602)  IoU (C channel): 0.3268 (0.3326)  L1 (Db channel): 0.1607 (0.1581)  L1 (Dn channel): 0.3561 (0.3545)  lr: 0.003000  iter-time: 0.7092
[22:42:48.192853] Epoch: [10]  [ 30/131]  eta: 0:01:24  loss: 0.2606 (0.2709)  IoU (F channel): 0.2505 (0.2646)  IoU (C channel): 0.3186 (0.3294)  L1 (Db channel): 0.1544 (0.1578)  L1 (Dn channel): 0.3610 (0.3601)  lr: 0.002999  iter-time: 0.7022
[22:42:55.245584] Epoch: [10]  [ 40/131]  eta: 0:01:13  loss: 0.2430 (0.2690)  IoU (F channel): 0.2605 (0.2619)  IoU (C channel): 0.3201 (0.3284)  L1 (Db channel): 0.1520 (0.1562)  L1 (Dn channel): 0.3741 (0.3640)  lr: 0.002998  iter-time: 0.7037
[22:43:02.283539] Epoch: [10]  [ 50/131]  eta: 0:01:03  loss: 0.2326 (0.2684)  IoU (F channel): 0.2429 (0.2644)  IoU (C channel): 0.3431 (0.3319)  L1 (Db channel): 0.1513 (0.1552)  L1 (Dn channel): 0.3677 (0.3630)  lr: 0.002997  iter-time: 0.7044
[22:43:09.313504] Epoch: [10]  [ 60/131]  eta: 0:00:54  loss: 0.2636 (0.2726)  IoU (F channel): 0.2535 (0.2632)  IoU (C channel): 0.3570 (0.3331)  L1 (Db channel): 0.1517 (0.1546)  L1 (Dn channel): 0.3521 (0.3611)  lr: 0.002996  iter-time: 0.7032
[22:43:16.333399] Epoch: [10]  [ 70/131]  eta: 0:00:46  loss: 0.2636 (0.2741)  IoU (F channel): 0.2743 (0.2672)  IoU (C channel): 0.3507 (0.3350)  L1 (Db channel): 0.1518 (0.1543)  L1 (Dn channel): 0.3535 (0.3606)  lr: 0.002995  iter-time: 0.7024
[22:43:23.353457] Epoch: [10]  [ 80/131]  eta: 0:00:38  loss: 0.2577 (0.2704)  IoU (F channel): 0.3008 (0.2715)  IoU (C channel): 0.3837 (0.3421)  L1 (Db channel): 0.1513 (0.1540)  L1 (Dn channel): 0.3547 (0.3597)  lr: 0.002993  iter-time: 0.7019
[22:43:30.378622] Epoch: [10]  [ 90/131]  eta: 0:00:30  loss: 0.2371 (0.2668)  IoU (F channel): 0.2761 (0.2688)  IoU (C channel): 0.3360 (0.3388)  L1 (Db channel): 0.1436 (0.1526)  L1 (Dn channel): 0.3496 (0.3578)  lr: 0.002992  iter-time: 0.7021
[22:43:37.401821] Epoch: [10]  [100/131]  eta: 0:00:23  loss: 0.2670 (0.2701)  IoU (F channel): 0.2646 (0.2720)  IoU (C channel): 0.3253 (0.3418)  L1 (Db channel): 0.1419 (0.1522)  L1 (Dn channel): 0.3397 (0.3560)  lr: 0.002990  iter-time: 0.7023
[22:43:44.427564] Epoch: [10]  [110/131]  eta: 0:00:15  loss: 0.2750 (0.2744)  IoU (F channel): 0.2955 (0.2726)  IoU (C channel): 0.3581 (0.3406)  L1 (Db channel): 0.1411 (0.1512)  L1 (Dn channel): 0.3404 (0.3551)  lr: 0.002988  iter-time: 0.7023
[22:43:51.558071] Epoch: [10]  [120/131]  eta: 0:00:08  loss: 0.3168 (0.2795)  IoU (F channel): 0.2643 (0.2705)  IoU (C channel): 0.3110 (0.3316)  L1 (Db channel): 0.1417 (0.1513)  L1 (Dn channel): 0.3556 (0.3568)  lr: 0.002985  iter-time: 0.7077
[22:43:58.382151] Epoch: [10]  [130/131]  eta: 0:00:00  loss: 0.3168 (0.2853)  IoU (F channel): 0.2311 (0.2675)  IoU (C channel): 0.1965 (0.3221)  L1 (Db channel): 0.1392 (0.1492)  L1 (Dn channel): 0.3334 (0.3548)  lr: 0.002983  iter-time: 0.6976
[22:43:58.382338] Epoch: [10] Total time: 0:01:36 (0.7340 s / it)
[22:43:58.382387] [Train] averaged stats: loss: 0.3168 (0.2853)  IoU (F channel): 0.2311 (0.2675)  IoU (C channel): 0.1965 (0.3221)  L1 (Db channel): 0.1392 (0.1492)  L1 (Dn channel): 0.3334 (0.3548)  lr: 0.002983
[22:44:01.431688] Epoch: [10]  [ 0/15]  eta: 0:00:45  loss: 0.3138 (0.3138)  IoU (F channel): 0.0264 (0.0264)  IoU (C channel): 0.0266 (0.0266)  L1 (Db channel): 0.1064 (0.1064)  L1 (Dn channel): 0.3344 (0.3344)  iter-time: 3.0476
[22:44:05.378555] Epoch: [10]  [10/15]  eta: 0:00:03  loss: 0.3384 (0.3739)  IoU (F channel): 0.0782 (0.1126)  IoU (C channel): 0.0574 (0.0806)  L1 (Db channel): 0.0979 (0.0994)  L1 (Dn channel): 0.3249 (0.3279)  iter-time: 0.6358
[22:44:06.182907] Epoch: [10]  [14/15]  eta: 0:00:00  loss: 0.3640 (0.3749)  IoU (F channel): 0.0900 (0.1090)  IoU (C channel): 0.0831 (0.0833)  L1 (Db channel): 0.0980 (0.0997)  L1 (Dn channel): 0.3249 (0.3277)  iter-time: 0.5199
[22:44:06.183109] Epoch: [10] Total time: 0:00:07 (0.5199 s / it)
[22:44:06.183136] [Val] averaged stats: loss: 0.3640 (0.3749)  IoU (F channel): 0.0900 (0.1090)  IoU (C channel): 0.0831 (0.0833)  L1 (Db channel): 0.0980 (0.0997)  L1 (Dn channel): 0.3249 (0.3277)
[22:44:06.183352] [Val] best loss: 0.3262 best  IoU (F channel): 0.2415 IoU (C channel): 0.2189 L1 (Db channel): 0.2172 L1 (Dn channel): 0.3668 
[22:44:06.190042] Creating training plots . . .
EarlyStopping counter: 2 out of 10
[22:44:09.095418] [Time] 1.8m 18.5m/55.9m

[22:44:09.095447] ~~~ Epoch 11/30 ~~~

[22:44:12.674943] Epoch: [11]  [  0/131]  eta: 0:07:48  loss: 0.4879 (0.4879)  IoU (F channel): 0.1358 (0.1358)  IoU (C channel): 0.1482 (0.1482)  L1 (Db channel): 0.0994 (0.0994)  L1 (Dn channel): 0.3247 (0.3247)  lr: 0.002983  iter-time: 3.5776
[22:44:21.049747] Epoch: [11]  [ 10/131]  eta: 0:02:11  loss: 0.2930 (0.3124)  IoU (F channel): 0.2037 (0.2314)  IoU (C channel): 0.2070 (0.2158)  L1 (Db channel): 0.1064 (0.1111)  L1 (Dn channel): 0.3221 (0.3227)  lr: 0.002980  iter-time: 1.0865
[22:44:28.422016] Epoch: [11]  [ 20/131]  eta: 0:01:42  loss: 0.2744 (0.2847)  IoU (F channel): 0.2316 (0.2330)  IoU (C channel): 0.2618 (0.2509)  L1 (Db channel): 0.0988 (0.1036)  L1 (Dn channel): 0.3275 (0.3306)  lr: 0.002977  iter-time: 0.7873
[22:44:35.444388] Epoch: [11]  [ 30/131]  eta: 0:01:25  loss: 0.2744 (0.2886)  IoU (F channel): 0.2316 (0.2314)  IoU (C channel): 0.2670 (0.2514)  L1 (Db channel): 0.0950 (0.1026)  L1 (Dn channel): 0.3335 (0.3259)  lr: 0.002974  iter-time: 0.7196
[22:44:42.479124] Epoch: [11]  [ 40/131]  eta: 0:01:14  loss: 0.2740 (0.2852)  IoU (F channel): 0.2430 (0.2382)  IoU (C channel): 0.2587 (0.2610)  L1 (Db channel): 0.0984 (0.1013)  L1 (Dn channel): 0.3047 (0.3206)  lr: 0.002971  iter-time: 0.7027
[22:44:49.512551] Epoch: [11]  [ 50/131]  eta: 0:01:04  loss: 0.2609 (0.2836)  IoU (F channel): 0.2500 (0.2447)  IoU (C channel): 0.3135 (0.2726)  L1 (Db channel): 0.0943 (0.0995)  L1 (Dn channel): 0.3058 (0.3181)  lr: 0.002967  iter-time: 0.7033
[22:44:56.547978] Epoch: [11]  [ 60/131]  eta: 0:00:55  loss: 0.2538 (0.2879)  IoU (F channel): 0.2500 (0.2548)  IoU (C channel): 0.3136 (0.2813)  L1 (Db channel): 0.0935 (0.0989)  L1 (Dn channel): 0.3103 (0.3173)  lr: 0.002964  iter-time: 0.7033
[22:45:03.571253] Epoch: [11]  [ 70/131]  eta: 0:00:46  loss: 0.2760 (0.2897)  IoU (F channel): 0.2474 (0.2563)  IoU (C channel): 0.2898 (0.2825)  L1 (Db channel): 0.0992 (0.0999)  L1 (Dn channel): 0.3128 (0.3170)  lr: 0.002960  iter-time: 0.7028
[22:45:10.599252] Epoch: [11]  [ 80/131]  eta: 0:00:38  loss: 0.2798 (0.2915)  IoU (F channel): 0.2413 (0.2553)  IoU (C channel): 0.2649 (0.2825)  L1 (Db channel): 0.1056 (0.1015)  L1 (Dn channel): 0.3166 (0.3171)  lr: 0.002956  iter-time: 0.7024
[22:45:17.624912] Epoch: [11]  [ 90/131]  eta: 0:00:30  loss: 0.2542 (0.2848)  IoU (F channel): 0.2666 (0.2587)  IoU (C channel): 0.3323 (0.2890)  L1 (Db channel): 0.1003 (0.1004)  L1 (Dn channel): 0.3175 (0.3177)  lr: 0.002952  iter-time: 0.7026
[22:45:24.652593] Epoch: [11]  [100/131]  eta: 0:00:23  loss: 0.2542 (0.2866)  IoU (F channel): 0.2742 (0.2591)  IoU (C channel): 0.3321 (0.2914)  L1 (Db channel): 0.0909 (0.0997)  L1 (Dn channel): 0.3079 (0.3158)  lr: 0.002947  iter-time: 0.7026
[22:45:31.675591] Epoch: [11]  [110/131]  eta: 0:00:15  loss: 0.2746 (0.2846)  IoU (F channel): 0.2526 (0.2605)  IoU (C channel): 0.2952 (0.2947)  L1 (Db channel): 0.0844 (0.0980)  L1 (Dn channel): 0.3079 (0.3161)  lr: 0.002943  iter-time: 0.7024
[22:45:38.729113] Epoch: [11]  [120/131]  eta: 0:00:08  loss: 0.2375 (0.2810)  IoU (F channel): 0.2450 (0.2595)  IoU (C channel): 0.3153 (0.2954)  L1 (Db channel): 0.0815 (0.0968)  L1 (Dn channel): 0.3124 (0.3155)  lr: 0.002938  iter-time: 0.7037
[22:45:45.556125] Epoch: [11]  [130/131]  eta: 0:00:00  loss: 0.2487 (0.2804)  IoU (F channel): 0.2658 (0.2610)  IoU (C channel): 0.3153 (0.2990)  L1 (Db channel): 0.0863 (0.0962)  L1 (Dn channel): 0.3087 (0.3151)  lr: 0.002933  iter-time: 0.6939
[22:45:45.556396] Epoch: [11] Total time: 0:01:36 (0.7363 s / it)
[22:45:45.556461] [Train] averaged stats: loss: 0.2487 (0.2804)  IoU (F channel): 0.2658 (0.2610)  IoU (C channel): 0.3153 (0.2990)  L1 (Db channel): 0.0863 (0.0962)  L1 (Dn channel): 0.3087 (0.3151)  lr: 0.002933
[22:45:48.256753] Epoch: [11]  [ 0/15]  eta: 0:00:40  loss: 0.2259 (0.2259)  IoU (F channel): 0.0083 (0.0083)  IoU (C channel): 0.0147 (0.0147)  L1 (Db channel): 0.0953 (0.0953)  L1 (Dn channel): 0.3184 (0.3184)  iter-time: 2.6987
[22:45:52.362881] Epoch: [11]  [10/15]  eta: 0:00:03  loss: 0.2754 (0.2929)  IoU (F channel): 0.4219 (0.3438)  IoU (C channel): 0.3400 (0.2776)  L1 (Db channel): 0.1023 (0.1013)  L1 (Dn channel): 0.3273 (0.3262)  iter-time: 0.6186
[22:45:53.169500] Epoch: [11]  [14/15]  eta: 0:00:00  loss: 0.2754 (0.3327)  IoU (F channel): 0.3129 (0.2917)  IoU (C channel): 0.3291 (0.2409)  L1 (Db channel): 0.1021 (0.1016)  L1 (Dn channel): 0.3275 (0.3264)  iter-time: 0.5073
[22:45:53.169678] Epoch: [11] Total time: 0:00:07 (0.5075 s / it)
[22:45:53.169713] [Val] averaged stats: loss: 0.2754 (0.3327)  IoU (F channel): 0.3129 (0.2917)  IoU (C channel): 0.3291 (0.2409)  L1 (Db channel): 0.1021 (0.1016)  L1 (Dn channel): 0.3275 (0.3264)
[22:45:53.169959] [Val] best loss: 0.3262 best  IoU (F channel): 0.2415 IoU (C channel): 0.2189 L1 (Db channel): 0.2172 L1 (Dn channel): 0.3668 
EarlyStopping counter: 3 out of 10
[22:45:53.177995] [Time] 1.7m 20.2m/54.9m

[22:45:53.178029] ~~~ Epoch 12/30 ~~~

[22:45:58.533563] Epoch: [12]  [  0/131]  eta: 0:11:41  loss: 0.3494 (0.3494)  IoU (F channel): 0.2829 (0.2829)  IoU (C channel): 0.4055 (0.4055)  L1 (Db channel): 0.1016 (0.1016)  L1 (Dn channel): 0.3287 (0.3287)  lr: 0.002932  iter-time: 5.3528
[22:46:07.374969] Epoch: [12]  [ 10/131]  eta: 0:02:36  loss: 0.2890 (0.3124)  IoU (F channel): 0.2829 (0.2832)  IoU (C channel): 0.3221 (0.3472)  L1 (Db channel): 0.1054 (0.1057)  L1 (Dn channel): 0.3493 (0.3475)  lr: 0.002927  iter-time: 1.2903
[22:46:14.881247] Epoch: [12]  [ 20/131]  eta: 0:01:54  loss: 0.2890 (0.3085)  IoU (F channel): 0.2724 (0.2777)  IoU (C channel): 0.3221 (0.3306)  L1 (Db channel): 0.0864 (0.0957)  L1 (Dn channel): 0.3511 (0.3507)  lr: 0.002922  iter-time: 0.8172
[22:46:21.922595] Epoch: [12]  [ 30/131]  eta: 0:01:33  loss: 0.2695 (0.3054)  IoU (F channel): 0.2712 (0.2812)  IoU (C channel): 0.3351 (0.3265)  L1 (Db channel): 0.0842 (0.0922)  L1 (Dn channel): 0.3387 (0.3456)  lr: 0.002916  iter-time: 0.7272
[22:46:28.957352] Epoch: [12]  [ 40/131]  eta: 0:01:19  loss: 0.2457 (0.2996)  IoU (F channel): 0.3273 (0.2926)  IoU (C channel): 0.3476 (0.3301)  L1 (Db channel): 0.0872 (0.0931)  L1 (Dn channel): 0.3398 (0.3473)  lr: 0.002911  iter-time: 0.7037
[22:46:35.983738] Epoch: [12]  [ 50/131]  eta: 0:01:07  loss: 0.2764 (0.2999)  IoU (F channel): 0.2783 (0.2903)  IoU (C channel): 0.3476 (0.3361)  L1 (Db channel): 0.0952 (0.0936)  L1 (Dn channel): 0.3476 (0.3457)  lr: 0.002905  iter-time: 0.7029
[22:46:43.002836] Epoch: [12]  [ 60/131]  eta: 0:00:57  loss: 0.2752 (0.2935)  IoU (F channel): 0.2595 (0.2838)  IoU (C channel): 0.3207 (0.3297)  L1 (Db channel): 0.0888 (0.0927)  L1 (Dn channel): 0.3307 (0.3430)  lr: 0.002898  iter-time: 0.7022
[22:46:50.023562] Epoch: [12]  [ 70/131]  eta: 0:00:48  loss: 0.2492 (0.2867)  IoU (F channel): 0.2517 (0.2835)  IoU (C channel): 0.3165 (0.3314)  L1 (Db channel): 0.0902 (0.0923)  L1 (Dn channel): 0.3232 (0.3393)  lr: 0.002892  iter-time: 0.7019
[22:46:57.045964] Epoch: [12]  [ 80/131]  eta: 0:00:40  loss: 0.2451 (0.2835)  IoU (F channel): 0.3043 (0.2843)  IoU (C channel): 0.3587 (0.3314)  L1 (Db channel): 0.0894 (0.0916)  L1 (Dn channel): 0.3259 (0.3378)  lr: 0.002886  iter-time: 0.7020
[22:47:04.071293] Epoch: [12]  [ 90/131]  eta: 0:00:31  loss: 0.2451 (0.2813)  IoU (F channel): 0.2670 (0.2826)  IoU (C channel): 0.3378 (0.3334)  L1 (Db channel): 0.0862 (0.0911)  L1 (Dn channel): 0.3277 (0.3368)  lr: 0.002879  iter-time: 0.7023
[22:47:11.100617] Epoch: [12]  [100/131]  eta: 0:00:23  loss: 0.2543 (0.2777)  IoU (F channel): 0.2743 (0.2837)  IoU (C channel): 0.3713 (0.3341)  L1 (Db channel): 0.0830 (0.0902)  L1 (Dn channel): 0.3285 (0.3361)  lr: 0.002872  iter-time: 0.7026
[22:47:18.127485] Epoch: [12]  [110/131]  eta: 0:00:16  loss: 0.2355 (0.2768)  IoU (F channel): 0.2756 (0.2826)  IoU (C channel): 0.3269 (0.3298)  L1 (Db channel): 0.0810 (0.0894)  L1 (Dn channel): 0.3305 (0.3357)  lr: 0.002865  iter-time: 0.7027
[22:47:25.264092] Epoch: [12]  [120/131]  eta: 0:00:08  loss: 0.2355 (0.2744)  IoU (F channel): 0.2701 (0.2807)  IoU (C channel): 0.3269 (0.3282)  L1 (Db channel): 0.0801 (0.0886)  L1 (Dn channel): 0.3325 (0.3355)  lr: 0.002858  iter-time: 0.7081
[22:47:32.085485] Epoch: [12]  [130/131]  eta: 0:00:00  loss: 0.2620 (0.2737)  IoU (F channel): 0.2860 (0.2816)  IoU (C channel): 0.3478 (0.3305)  L1 (Db channel): 0.0792 (0.0879)  L1 (Dn channel): 0.3334 (0.3353)  lr: 0.002851  iter-time: 0.6978
[22:47:32.085673] Epoch: [12] Total time: 0:01:38 (0.7550 s / it)
[22:47:32.085739] [Train] averaged stats: loss: 0.2620 (0.2737)  IoU (F channel): 0.2860 (0.2816)  IoU (C channel): 0.3478 (0.3305)  L1 (Db channel): 0.0792 (0.0879)  L1 (Dn channel): 0.3334 (0.3353)  lr: 0.002851
[22:47:34.601261] Epoch: [12]  [ 0/15]  eta: 0:00:37  loss: 0.1997 (0.1997)  IoU (F channel): 0.3745 (0.3745)  IoU (C channel): 0.3760 (0.3760)  L1 (Db channel): 0.0714 (0.0714)  L1 (Dn channel): 0.3165 (0.3165)  iter-time: 2.5141
[22:47:38.148805] Epoch: [12]  [10/15]  eta: 0:00:02  loss: 0.2703 (0.2791)  IoU (F channel): 0.3358 (0.3247)  IoU (C channel): 0.3525 (0.2708)  L1 (Db channel): 0.0721 (0.0721)  L1 (Dn channel): 0.3165 (0.3162)  iter-time: 0.5510
[22:47:38.953957] Epoch: [12]  [14/15]  eta: 0:00:00  loss: 0.2703 (0.3049)  IoU (F channel): 0.3235 (0.2847)  IoU (C channel): 0.2666 (0.2393)  L1 (Db channel): 0.0721 (0.0721)  L1 (Dn channel): 0.3165 (0.3159)  iter-time: 0.4577
[22:47:38.954134] Epoch: [12] Total time: 0:00:06 (0.4578 s / it)
[22:47:38.954164] [Val] averaged stats: loss: 0.2703 (0.3049)  IoU (F channel): 0.3235 (0.2847)  IoU (C channel): 0.2666 (0.2393)  L1 (Db channel): 0.0721 (0.0721)  L1 (Dn channel): 0.3165 (0.3159)
[22:47:38.954448] Val loss improved from 0.3261655129492283 to 0.3048608474433422, saving model to metrics/biapy/biapy-v1-no-aug/checkpoints/biapy-v1-no-aug_0-checkpoint-best.pth
[22:47:39.163552] [Val] best loss: 0.3049 best  IoU (F channel): 0.2847 IoU (C channel): 0.2393 L1 (Db channel): 0.0721 L1 (Dn channel): 0.3159 
[22:47:39.169466] [Time] 1.8m 22.0m/55.5m

[22:47:39.169495] ~~~ Epoch 13/30 ~~~

[22:47:44.170692] Epoch: [13]  [  0/131]  eta: 0:10:54  loss: 0.1800 (0.1800)  IoU (F channel): 0.2868 (0.2868)  IoU (C channel): 0.3330 (0.3330)  L1 (Db channel): 0.0732 (0.0732)  L1 (Dn channel): 0.3128 (0.3128)  lr: 0.002850  iter-time: 4.9994
[22:47:51.351652] Epoch: [13]  [ 10/131]  eta: 0:02:13  loss: 0.2434 (0.2203)  IoU (F channel): 0.3288 (0.3099)  IoU (C channel): 0.3652 (0.3523)  L1 (Db channel): 0.0752 (0.0754)  L1 (Dn channel): 0.3171 (0.3167)  lr: 0.002842  iter-time: 1.1072
[22:47:58.369132] Epoch: [13]  [ 20/131]  eta: 0:01:41  loss: 0.2434 (0.2522)  IoU (F channel): 0.2806 (0.2949)  IoU (C channel): 0.3496 (0.3260)  L1 (Db channel): 0.0752 (0.0757)  L1 (Dn channel): 0.3168 (0.3169)  lr: 0.002835  iter-time: 0.7098
[22:48:05.407630] Epoch: [13]  [ 30/131]  eta: 0:01:25  loss: 0.2527 (0.2631)  IoU (F channel): 0.2774 (0.2981)  IoU (C channel): 0.3183 (0.3387)  L1 (Db channel): 0.0750 (0.0768)  L1 (Dn channel): 0.3157 (0.3154)  lr: 0.002827  iter-time: 0.7027
[22:48:12.449022] Epoch: [13]  [ 40/131]  eta: 0:01:13  loss: 0.2517 (0.2595)  IoU (F channel): 0.2883 (0.2995)  IoU (C channel): 0.3552 (0.3442)  L1 (Db channel): 0.0786 (0.0774)  L1 (Dn channel): 0.3085 (0.3130)  lr: 0.002819  iter-time: 0.7039
[22:48:19.493305] Epoch: [13]  [ 50/131]  eta: 0:01:04  loss: 0.2437 (0.2618)  IoU (F channel): 0.2959 (0.2990)  IoU (C channel): 0.3530 (0.3454)  L1 (Db channel): 0.0789 (0.0776)  L1 (Dn channel): 0.3041 (0.3109)  lr: 0.002810  iter-time: 0.7042
[22:48:26.527656] Epoch: [13]  [ 60/131]  eta: 0:00:55  loss: 0.2388 (0.2597)  IoU (F channel): 0.2673 (0.2933)  IoU (C channel): 0.3257 (0.3395)  L1 (Db channel): 0.0837 (0.0788)  L1 (Dn channel): 0.3099 (0.3147)  lr: 0.002802  iter-time: 0.7038
[22:48:33.547933] Epoch: [13]  [ 70/131]  eta: 0:00:46  loss: 0.2388 (0.2637)  IoU (F channel): 0.2741 (0.2938)  IoU (C channel): 0.3134 (0.3397)  L1 (Db channel): 0.0847 (0.0804)  L1 (Dn channel): 0.3325 (0.3170)  lr: 0.002793  iter-time: 0.7026
[22:48:40.580716] Epoch: [13]  [ 80/131]  eta: 0:00:38  loss: 0.2367 (0.2616)  IoU (F channel): 0.2926 (0.2911)  IoU (C channel): 0.3206 (0.3388)  L1 (Db channel): 0.1015 (0.0839)  L1 (Dn channel): 0.3062 (0.3146)  lr: 0.002785  iter-time: 0.7025
[22:48:47.605831] Epoch: [13]  [ 90/131]  eta: 0:00:30  loss: 0.2278 (0.2589)  IoU (F channel): 0.2642 (0.2939)  IoU (C channel): 0.3206 (0.3435)  L1 (Db channel): 0.0878 (0.0834)  L1 (Dn channel): 0.3038 (0.3137)  lr: 0.002776  iter-time: 0.7028
[22:48:54.632523] Epoch: [13]  [100/131]  eta: 0:00:23  loss: 0.2207 (0.2584)  IoU (F channel): 0.2933 (0.2928)  IoU (C channel): 0.3743 (0.3445)  L1 (Db channel): 0.0735 (0.0818)  L1 (Dn channel): 0.3068 (0.3133)  lr: 0.002767  iter-time: 0.7025
[22:49:01.653439] Epoch: [13]  [110/131]  eta: 0:00:15  loss: 0.2514 (0.2599)  IoU (F channel): 0.2735 (0.2901)  IoU (C channel): 0.3374 (0.3421)  L1 (Db channel): 0.0676 (0.0804)  L1 (Dn channel): 0.3085 (0.3130)  lr: 0.002757  iter-time: 0.7023
[22:49:08.756670] Epoch: [13]  [120/131]  eta: 0:00:08  loss: 0.2416 (0.2593)  IoU (F channel): 0.2651 (0.2890)  IoU (C channel): 0.3348 (0.3426)  L1 (Db channel): 0.0684 (0.0796)  L1 (Dn channel): 0.3122 (0.3132)  lr: 0.002748  iter-time: 0.7061
[22:49:15.582265] Epoch: [13]  [130/131]  eta: 0:00:00  loss: 0.2419 (0.2605)  IoU (F channel): 0.2822 (0.2903)  IoU (C channel): 0.3783 (0.3464)  L1 (Db channel): 0.0693 (0.0786)  L1 (Dn channel): 0.3199 (0.3140)  lr: 0.002738  iter-time: 0.6963
[22:49:15.582516] Epoch: [13] Total time: 0:01:36 (0.7360 s / it)
[22:49:15.582592] [Train] averaged stats: loss: 0.2419 (0.2605)  IoU (F channel): 0.2822 (0.2903)  IoU (C channel): 0.3783 (0.3464)  L1 (Db channel): 0.0693 (0.0786)  L1 (Dn channel): 0.3199 (0.3140)  lr: 0.002738
[22:49:18.264347] Epoch: [13]  [ 0/15]  eta: 0:00:40  loss: 0.2132 (0.2132)  IoU (F channel): 0.0410 (0.0410)  IoU (C channel): 0.0781 (0.0781)  L1 (Db channel): 0.0703 (0.0703)  L1 (Dn channel): 0.3283 (0.3283)  iter-time: 2.6801
[22:49:22.254371] Epoch: [13]  [10/15]  eta: 0:00:03  loss: 0.3152 (0.2927)  IoU (F channel): 0.4488 (0.3718)  IoU (C channel): 0.3981 (0.3208)  L1 (Db channel): 0.0741 (0.0742)  L1 (Dn channel): 0.3283 (0.3279)  iter-time: 0.6063
[22:49:23.061602] Epoch: [13]  [14/15]  eta: 0:00:00  loss: 0.3152 (0.3336)  IoU (F channel): 0.3764 (0.3258)  IoU (C channel): 0.3494 (0.2813)  L1 (Db channel): 0.0741 (0.0743)  L1 (Dn channel): 0.3283 (0.3281)  iter-time: 0.4984
[22:49:23.061818] Epoch: [13] Total time: 0:00:07 (0.4985 s / it)
[22:49:23.061846] [Val] averaged stats: loss: 0.3152 (0.3336)  IoU (F channel): 0.3764 (0.3258)  IoU (C channel): 0.3494 (0.2813)  L1 (Db channel): 0.0741 (0.0743)  L1 (Dn channel): 0.3283 (0.3281)
[22:49:23.062087] [Val] best loss: 0.3049 best  IoU (F channel): 0.2847 IoU (C channel): 0.2393 L1 (Db channel): 0.0721 L1 (Dn channel): 0.3159 
EarlyStopping counter: 1 out of 10
[22:49:23.070559] [Time] 1.7m 23.7m/54.9m

[22:49:23.070584] ~~~ Epoch 14/30 ~~~

[22:49:28.608430] Epoch: [14]  [  0/131]  eta: 0:12:05  loss: 0.1625 (0.1625)  IoU (F channel): 0.3325 (0.3325)  IoU (C channel): 0.4578 (0.4578)  L1 (Db channel): 0.0757 (0.0757)  L1 (Dn channel): 0.3265 (0.3265)  lr: 0.002737  iter-time: 5.5349
[22:49:36.707095] Epoch: [14]  [ 10/131]  eta: 0:02:29  loss: 0.2361 (0.2393)  IoU (F channel): 0.2954 (0.2950)  IoU (C channel): 0.3603 (0.3804)  L1 (Db channel): 0.0682 (0.0686)  L1 (Dn channel): 0.3233 (0.3238)  lr: 0.002728  iter-time: 1.2393
[22:49:43.734891] Epoch: [14]  [ 20/131]  eta: 0:01:49  loss: 0.2387 (0.2460)  IoU (F channel): 0.2954 (0.3037)  IoU (C channel): 0.3858 (0.3875)  L1 (Db channel): 0.0622 (0.0648)  L1 (Dn channel): 0.3208 (0.3220)  lr: 0.002718  iter-time: 0.7562
[22:49:50.765356] Epoch: [14]  [ 30/131]  eta: 0:01:30  loss: 0.2462 (0.2566)  IoU (F channel): 0.3004 (0.3030)  IoU (C channel): 0.3881 (0.3747)  L1 (Db channel): 0.0612 (0.0638)  L1 (Dn channel): 0.3179 (0.3191)  lr: 0.002708  iter-time: 0.7028
[22:49:57.792421] Epoch: [14]  [ 40/131]  eta: 0:01:17  loss: 0.2659 (0.2594)  IoU (F channel): 0.3148 (0.3057)  IoU (C channel): 0.3696 (0.3694)  L1 (Db channel): 0.0635 (0.0651)  L1 (Dn channel): 0.3091 (0.3163)  lr: 0.002697  iter-time: 0.7027
[22:50:04.817596] Epoch: [14]  [ 50/131]  eta: 0:01:06  loss: 0.2725 (0.2620)  IoU (F channel): 0.3012 (0.3014)  IoU (C channel): 0.3447 (0.3634)  L1 (Db channel): 0.0757 (0.0734)  L1 (Dn channel): 0.3090 (0.3164)  lr: 0.002687  iter-time: 0.7024
[22:50:11.834313] Epoch: [14]  [ 60/131]  eta: 0:00:56  loss: 0.2565 (0.2609)  IoU (F channel): 0.3012 (0.3038)  IoU (C channel): 0.3486 (0.3649)  L1 (Db channel): 0.0994 (0.0758)  L1 (Dn channel): 0.3261 (0.3194)  lr: 0.002676  iter-time: 0.7019
[22:50:18.859421] Epoch: [14]  [ 70/131]  eta: 0:00:47  loss: 0.2528 (0.2625)  IoU (F channel): 0.3041 (0.3016)  IoU (C channel): 0.3588 (0.3602)  L1 (Db channel): 0.0679 (0.0742)  L1 (Dn channel): 0.3364 (0.3219)  lr: 0.002666  iter-time: 0.7020
[22:50:25.884842] Epoch: [14]  [ 80/131]  eta: 0:00:39  loss: 0.2506 (0.2662)  IoU (F channel): 0.3225 (0.3049)  IoU (C channel): 0.3632 (0.3619)  L1 (Db channel): 0.0659 (0.0735)  L1 (Dn channel): 0.3348 (0.3227)  lr: 0.002655  iter-time: 0.7024
[22:50:32.930849] Epoch: [14]  [ 90/131]  eta: 0:00:31  loss: 0.2555 (0.2645)  IoU (F channel): 0.3072 (0.3019)  IoU (C channel): 0.3594 (0.3600)  L1 (Db channel): 0.0697 (0.0739)  L1 (Dn channel): 0.3151 (0.3211)  lr: 0.002644  iter-time: 0.7034
[22:50:39.969857] Epoch: [14]  [100/131]  eta: 0:00:23  loss: 0.2258 (0.2585)  IoU (F channel): 0.2629 (0.2982)  IoU (C channel): 0.3579 (0.3566)  L1 (Db channel): 0.0680 (0.0731)  L1 (Dn channel): 0.3102 (0.3204)  lr: 0.002633  iter-time: 0.7041
[22:50:46.997046] Epoch: [14]  [110/131]  eta: 0:00:15  loss: 0.2144 (0.2579)  IoU (F channel): 0.2917 (0.2959)  IoU (C channel): 0.3703 (0.3563)  L1 (Db channel): 0.0675 (0.0731)  L1 (Dn channel): 0.3214 (0.3207)  lr: 0.002621  iter-time: 0.7032
[22:50:54.138663] Epoch: [14]  [120/131]  eta: 0:00:08  loss: 0.2363 (0.2575)  IoU (F channel): 0.2917 (0.2963)  IoU (C channel): 0.3659 (0.3584)  L1 (Db channel): 0.0673 (0.0723)  L1 (Dn channel): 0.3243 (0.3209)  lr: 0.002610  iter-time: 0.7083
[22:51:00.957754] Epoch: [14]  [130/131]  eta: 0:00:00  loss: 0.2363 (0.2582)  IoU (F channel): 0.2660 (0.2932)  IoU (C channel): 0.3567 (0.3547)  L1 (Db channel): 0.0618 (0.0714)  L1 (Dn channel): 0.3199 (0.3204)  lr: 0.002598  iter-time: 0.6979
[22:51:00.958009] Epoch: [14] Total time: 0:01:37 (0.7472 s / it)
[22:51:00.958055] [Train] averaged stats: loss: 0.2363 (0.2582)  IoU (F channel): 0.2660 (0.2932)  IoU (C channel): 0.3567 (0.3547)  L1 (Db channel): 0.0618 (0.0714)  L1 (Dn channel): 0.3199 (0.3204)  lr: 0.002598
[22:51:03.485802] Epoch: [14]  [ 0/15]  eta: 0:00:37  loss: 0.1906 (0.1906)  IoU (F channel): 0.0083 (0.0083)  IoU (C channel): 0.0206 (0.0206)  L1 (Db channel): 0.0593 (0.0593)  L1 (Dn channel): 0.3040 (0.3040)  iter-time: 2.5250
[22:51:06.351663] Epoch: [14]  [10/15]  eta: 0:00:02  loss: 0.3163 (0.2786)  IoU (F channel): 0.4016 (0.3216)  IoU (C channel): 0.3235 (0.2677)  L1 (Db channel): 0.0631 (0.0635)  L1 (Dn channel): 0.3053 (0.3054)  iter-time: 0.4900
[22:51:07.194013] Epoch: [14]  [14/15]  eta: 0:00:00  loss: 0.3163 (0.3170)  IoU (F channel): 0.3203 (0.2844)  IoU (C channel): 0.3005 (0.2400)  L1 (Db channel): 0.0631 (0.0637)  L1 (Dn channel): 0.3053 (0.3053)  iter-time: 0.4155
[22:51:07.194188] Epoch: [14] Total time: 0:00:06 (0.4156 s / it)
[22:51:07.194215] [Val] averaged stats: loss: 0.3163 (0.3170)  IoU (F channel): 0.3203 (0.2844)  IoU (C channel): 0.3005 (0.2400)  L1 (Db channel): 0.0631 (0.0637)  L1 (Dn channel): 0.3053 (0.3053)
[22:51:07.194443] [Val] best loss: 0.3049 best  IoU (F channel): 0.2847 IoU (C channel): 0.2393 L1 (Db channel): 0.0721 L1 (Dn channel): 0.3159 
EarlyStopping counter: 2 out of 10
[22:51:07.201420] [Time] 1.7m 25.4m/54.9m

[22:51:07.201446] ~~~ Epoch 15/30 ~~~

[22:51:10.819457] Epoch: [15]  [  0/131]  eta: 0:07:53  loss: 0.3429 (0.3429)  IoU (F channel): 0.3059 (0.3059)  IoU (C channel): 0.3881 (0.3881)  L1 (Db channel): 0.0648 (0.0648)  L1 (Dn channel): 0.3046 (0.3046)  lr: 0.002597  iter-time: 3.6166
[22:51:19.511118] Epoch: [15]  [ 10/131]  eta: 0:02:15  loss: 0.2286 (0.2406)  IoU (F channel): 0.3010 (0.2991)  IoU (C channel): 0.3728 (0.3639)  L1 (Db channel): 0.0593 (0.0604)  L1 (Dn channel): 0.3048 (0.3043)  lr: 0.002585  iter-time: 1.1189
[22:51:27.612186] Epoch: [15]  [ 20/131]  eta: 0:01:47  loss: 0.2386 (0.2499)  IoU (F channel): 0.2995 (0.3065)  IoU (C channel): 0.3639 (0.3592)  L1 (Db channel): 0.0582 (0.0594)  L1 (Dn channel): 0.3003 (0.3019)  lr: 0.002574  iter-time: 0.8395
[22:51:34.953299] Epoch: [15]  [ 30/131]  eta: 0:01:30  loss: 0.2567 (0.2529)  IoU (F channel): 0.2903 (0.3076)  IoU (C channel): 0.3639 (0.3690)  L1 (Db channel): 0.0567 (0.0580)  L1 (Dn channel): 0.2988 (0.3013)  lr: 0.002562  iter-time: 0.7720
[22:51:41.981306] Epoch: [15]  [ 40/131]  eta: 0:01:17  loss: 0.2467 (0.2593)  IoU (F channel): 0.2884 (0.3057)  IoU (C channel): 0.3549 (0.3652)  L1 (Db channel): 0.0554 (0.0572)  L1 (Dn channel): 0.3037 (0.3044)  lr: 0.002549  iter-time: 0.7183
[22:51:49.005915] Epoch: [15]  [ 50/131]  eta: 0:01:06  loss: 0.2528 (0.2608)  IoU (F channel): 0.2885 (0.3072)  IoU (C channel): 0.3488 (0.3674)  L1 (Db channel): 0.0531 (0.0565)  L1 (Dn channel): 0.3175 (0.3074)  lr: 0.002537  iter-time: 0.7025
[22:51:56.019276] Epoch: [15]  [ 60/131]  eta: 0:00:56  loss: 0.2526 (0.2562)  IoU (F channel): 0.3126 (0.3074)  IoU (C channel): 0.3515 (0.3651)  L1 (Db channel): 0.0548 (0.0564)  L1 (Dn channel): 0.3218 (0.3108)  lr: 0.002525  iter-time: 0.7018
[22:52:03.031818] Epoch: [15]  [ 70/131]  eta: 0:00:47  loss: 0.2270 (0.2588)  IoU (F channel): 0.2964 (0.3060)  IoU (C channel): 0.3656 (0.3656)  L1 (Db channel): 0.0554 (0.0562)  L1 (Dn channel): 0.3223 (0.3116)  lr: 0.002512  iter-time: 0.7012
[22:52:10.042309] Epoch: [15]  [ 80/131]  eta: 0:00:39  loss: 0.2209 (0.2570)  IoU (F channel): 0.3161 (0.3085)  IoU (C channel): 0.3764 (0.3672)  L1 (Db channel): 0.0557 (0.0564)  L1 (Dn channel): 0.3094 (0.3110)  lr: 0.002499  iter-time: 0.7010
[22:52:17.053523] Epoch: [15]  [ 90/131]  eta: 0:00:31  loss: 0.2323 (0.2568)  IoU (F channel): 0.3190 (0.3097)  IoU (C channel): 0.3928 (0.3694)  L1 (Db channel): 0.0586 (0.0568)  L1 (Dn channel): 0.3086 (0.3109)  lr: 0.002487  iter-time: 0.7010
[22:52:24.058685] Epoch: [15]  [100/131]  eta: 0:00:23  loss: 0.2474 (0.2575)  IoU (F channel): 0.3060 (0.3067)  IoU (C channel): 0.3763 (0.3670)  L1 (Db channel): 0.0615 (0.0574)  L1 (Dn channel): 0.3119 (0.3114)  lr: 0.002474  iter-time: 0.7007
[22:52:31.068207] Epoch: [15]  [110/131]  eta: 0:00:15  loss: 0.2474 (0.2564)  IoU (F channel): 0.2508 (0.3047)  IoU (C channel): 0.3280 (0.3652)  L1 (Db channel): 0.0631 (0.0586)  L1 (Dn channel): 0.3151 (0.3116)  lr: 0.002460  iter-time: 0.7006
[22:52:38.089358] Epoch: [15]  [120/131]  eta: 0:00:08  loss: 0.2312 (0.2549)  IoU (F channel): 0.2797 (0.3049)  IoU (C channel): 0.3280 (0.3648)  L1 (Db channel): 0.0615 (0.0585)  L1 (Dn channel): 0.3121 (0.3113)  lr: 0.002447  iter-time: 0.7014
[22:52:44.896105] Epoch: [15]  [130/131]  eta: 0:00:00  loss: 0.2312 (0.2535)  IoU (F channel): 0.3223 (0.3059)  IoU (C channel): 0.3809 (0.3650)  L1 (Db channel): 0.0580 (0.0585)  L1 (Dn channel): 0.2993 (0.3103)  lr: 0.002434  iter-time: 0.6912
[22:52:44.896293] Epoch: [15] Total time: 0:01:37 (0.7458 s / it)
[22:52:44.896346] [Train] averaged stats: loss: 0.2312 (0.2535)  IoU (F channel): 0.3223 (0.3059)  IoU (C channel): 0.3809 (0.3650)  L1 (Db channel): 0.0580 (0.0585)  L1 (Dn channel): 0.2993 (0.3103)  lr: 0.002434
[22:52:47.747967] Epoch: [15]  [ 0/15]  eta: 0:00:42  loss: 0.1990 (0.1990)  IoU (F channel): 0.0071 (0.0071)  IoU (C channel): 0.0143 (0.0143)  L1 (Db channel): 0.0587 (0.0587)  L1 (Dn channel): 0.2963 (0.2963)  iter-time: 2.8503
[22:52:51.365611] Epoch: [15]  [10/15]  eta: 0:00:02  loss: 0.2929 (0.2748)  IoU (F channel): 0.4521 (0.3663)  IoU (C channel): 0.3814 (0.3026)  L1 (Db channel): 0.0589 (0.0588)  L1 (Dn channel): 0.2975 (0.2969)  iter-time: 0.5879
[22:52:52.171159] Epoch: [15]  [14/15]  eta: 0:00:00  loss: 0.2929 (0.3164)  IoU (F channel): 0.3941 (0.3212)  IoU (C channel): 0.3476 (0.2686)  L1 (Db channel): 0.0589 (0.0588)  L1 (Dn channel): 0.2973 (0.2969)  iter-time: 0.4848
[22:52:52.171376] Epoch: [15] Total time: 0:00:07 (0.4849 s / it)
[22:52:52.171405] [Val] averaged stats: loss: 0.2929 (0.3164)  IoU (F channel): 0.3941 (0.3212)  IoU (C channel): 0.3476 (0.2686)  L1 (Db channel): 0.0589 (0.0588)  L1 (Dn channel): 0.2973 (0.2969)
[22:52:52.171633] [Val] best loss: 0.3049 best  IoU (F channel): 0.2847 IoU (C channel): 0.2393 L1 (Db channel): 0.0721 L1 (Dn channel): 0.3159 
[22:52:52.179004] Creating training plots . . .
EarlyStopping counter: 3 out of 10
[22:52:55.345956] [Time] 1.8m 27.2m/56.1m

[22:52:55.345993] ~~~ Epoch 16/30 ~~~

[22:53:00.081040] Epoch: [16]  [  0/131]  eta: 0:10:19  loss: 0.1301 (0.1301)  IoU (F channel): 0.3233 (0.3233)  IoU (C channel): 0.3677 (0.3677)  L1 (Db channel): 0.0593 (0.0593)  L1 (Dn channel): 0.2975 (0.2975)  lr: 0.002433  iter-time: 4.7327
[22:53:07.224204] Epoch: [16]  [ 10/131]  eta: 0:02:10  loss: 0.2103 (0.2419)  IoU (F channel): 0.3233 (0.3081)  IoU (C channel): 0.3677 (0.3498)  L1 (Db channel): 0.0586 (0.0593)  L1 (Dn channel): 0.2984 (0.2988)  lr: 0.002419  iter-time: 1.0795
[22:53:14.251891] Epoch: [16]  [ 20/131]  eta: 0:01:39  loss: 0.2341 (0.2511)  IoU (F channel): 0.3142 (0.3201)  IoU (C channel): 0.3565 (0.3704)  L1 (Db channel): 0.0583 (0.0585)  L1 (Dn channel): 0.3027 (0.3019)  lr: 0.002405  iter-time: 0.7084
[22:53:21.278810] Epoch: [16]  [ 30/131]  eta: 0:01:24  loss: 0.2473 (0.2535)  IoU (F channel): 0.3409 (0.3333)  IoU (C channel): 0.3726 (0.3721)  L1 (Db channel): 0.0576 (0.0584)  L1 (Dn channel): 0.3053 (0.3029)  lr: 0.002392  iter-time: 0.7026
[22:53:28.305282] Epoch: [16]  [ 40/131]  eta: 0:01:13  loss: 0.2473 (0.2578)  IoU (F channel): 0.2588 (0.3160)  IoU (C channel): 0.3315 (0.3569)  L1 (Db channel): 0.0566 (0.0577)  L1 (Dn channel): 0.2969 (0.2995)  lr: 0.002378  iter-time: 0.7025
[22:53:35.330203] Epoch: [16]  [ 50/131]  eta: 0:01:03  loss: 0.2469 (0.2553)  IoU (F channel): 0.2545 (0.3145)  IoU (C channel): 0.3100 (0.3589)  L1 (Db channel): 0.0552 (0.0573)  L1 (Dn channel): 0.2831 (0.2953)  lr: 0.002364  iter-time: 0.7024
[22:53:42.351830] Epoch: [16]  [ 60/131]  eta: 0:00:54  loss: 0.2373 (0.2518)  IoU (F channel): 0.2545 (0.3084)  IoU (C channel): 0.3281 (0.3573)  L1 (Db channel): 0.0579 (0.0583)  L1 (Dn channel): 0.2819 (0.2949)  lr: 0.002350  iter-time: 0.7022
[22:53:49.378461] Epoch: [16]  [ 70/131]  eta: 0:00:46  loss: 0.2208 (0.2519)  IoU (F channel): 0.2647 (0.3040)  IoU (C channel): 0.3273 (0.3557)  L1 (Db channel): 0.0650 (0.0593)  L1 (Dn channel): 0.3098 (0.2995)  lr: 0.002336  iter-time: 0.7023
[22:53:56.406489] Epoch: [16]  [ 80/131]  eta: 0:00:38  loss: 0.2204 (0.2500)  IoU (F channel): 0.2665 (0.3031)  IoU (C channel): 0.3268 (0.3552)  L1 (Db channel): 0.0634 (0.0596)  L1 (Dn channel): 0.3386 (0.3049)  lr: 0.002321  iter-time: 0.7026
[22:54:03.433632] Epoch: [16]  [ 90/131]  eta: 0:00:30  loss: 0.2196 (0.2526)  IoU (F channel): 0.3010 (0.3057)  IoU (C channel): 0.3561 (0.3550)  L1 (Db channel): 0.0613 (0.0600)  L1 (Dn channel): 0.3415 (0.3089)  lr: 0.002307  iter-time: 0.7026
[22:54:10.454191] Epoch: [16]  [100/131]  eta: 0:00:23  loss: 0.2224 (0.2511)  IoU (F channel): 0.3208 (0.3067)  IoU (C channel): 0.3666 (0.3578)  L1 (Db channel): 0.0659 (0.0609)  L1 (Dn channel): 0.3334 (0.3108)  lr: 0.002293  iter-time: 0.7023
[22:54:17.483464] Epoch: [16]  [110/131]  eta: 0:00:15  loss: 0.2224 (0.2500)  IoU (F channel): 0.3110 (0.3085)  IoU (C channel): 0.3994 (0.3609)  L1 (Db channel): 0.0671 (0.0612)  L1 (Dn channel): 0.3250 (0.3117)  lr: 0.002278  iter-time: 0.7024
[22:54:24.530659] Epoch: [16]  [120/131]  eta: 0:00:08  loss: 0.2395 (0.2525)  IoU (F channel): 0.2950 (0.3078)  IoU (C channel): 0.3831 (0.3609)  L1 (Db channel): 0.0623 (0.0612)  L1 (Dn channel): 0.3092 (0.3110)  lr: 0.002263  iter-time: 0.7037
[22:54:31.351709] Epoch: [16]  [130/131]  eta: 0:00:00  loss: 0.2560 (0.2517)  IoU (F channel): 0.2950 (0.3089)  IoU (C channel): 0.3642 (0.3625)  L1 (Db channel): 0.0623 (0.0612)  L1 (Dn channel): 0.3027 (0.3106)  lr: 0.002249  iter-time: 0.6933
[22:54:31.351913] Epoch: [16] Total time: 0:01:36 (0.7329 s / it)
[22:54:31.351966] [Train] averaged stats: loss: 0.2560 (0.2517)  IoU (F channel): 0.2950 (0.3089)  IoU (C channel): 0.3642 (0.3625)  L1 (Db channel): 0.0623 (0.0612)  L1 (Dn channel): 0.3027 (0.3106)  lr: 0.002249
[22:54:34.242380] Epoch: [16]  [ 0/15]  eta: 0:00:43  loss: 0.1707 (0.1707)  IoU (F channel): 0.0058 (0.0058)  IoU (C channel): 0.0203 (0.0203)  L1 (Db channel): 0.0673 (0.0673)  L1 (Dn channel): 0.3201 (0.3201)  iter-time: 2.8891
[22:54:37.877923] Epoch: [16]  [10/15]  eta: 0:00:02  loss: 0.3024 (0.2728)  IoU (F channel): 0.3967 (0.3382)  IoU (C channel): 0.3384 (0.2723)  L1 (Db channel): 0.0670 (0.0668)  L1 (Dn channel): 0.3176 (0.3168)  iter-time: 0.5931
[22:54:38.682487] Epoch: [16]  [14/15]  eta: 0:00:00  loss: 0.3024 (0.3064)  IoU (F channel): 0.3211 (0.3019)  IoU (C channel): 0.3126 (0.2472)  L1 (Db channel): 0.0669 (0.0666)  L1 (Dn channel): 0.3176 (0.3168)  iter-time: 0.4886
[22:54:38.682633] Epoch: [16] Total time: 0:00:07 (0.4886 s / it)
[22:54:38.682664] [Val] averaged stats: loss: 0.3024 (0.3064)  IoU (F channel): 0.3211 (0.3019)  IoU (C channel): 0.3126 (0.2472)  L1 (Db channel): 0.0669 (0.0666)  L1 (Dn channel): 0.3176 (0.3168)
[22:54:38.682892] [Val] best loss: 0.3049 best  IoU (F channel): 0.2847 IoU (C channel): 0.2393 L1 (Db channel): 0.0721 L1 (Dn channel): 0.3159 
EarlyStopping counter: 4 out of 10
[22:54:38.692470] [Time] 1.7m 29.0m/54.8m

[22:54:38.692496] ~~~ Epoch 17/30 ~~~

[22:54:43.396208] Epoch: [17]  [  0/131]  eta: 0:10:16  loss: 0.1322 (0.1322)  IoU (F channel): 0.3160 (0.3160)  IoU (C channel): 0.4060 (0.4060)  L1 (Db channel): 0.0660 (0.0660)  L1 (Dn channel): 0.3152 (0.3152)  lr: 0.002247  iter-time: 4.7025
[22:54:50.631623] Epoch: [17]  [ 10/131]  eta: 0:02:11  loss: 0.2319 (0.2293)  IoU (F channel): 0.3160 (0.3450)  IoU (C channel): 0.3766 (0.3865)  L1 (Db channel): 0.0650 (0.0662)  L1 (Dn channel): 0.3192 (0.3177)  lr: 0.002232  iter-time: 1.0852
[22:54:57.656149] Epoch: [17]  [ 20/131]  eta: 0:01:40  loss: 0.2319 (0.2399)  IoU (F channel): 0.3068 (0.3141)  IoU (C channel): 0.3621 (0.3462)  L1 (Db channel): 0.0665 (0.0698)  L1 (Dn channel): 0.3015 (0.3087)  lr: 0.002217  iter-time: 0.7129
[22:55:04.681527] Epoch: [17]  [ 30/131]  eta: 0:01:24  loss: 0.2576 (0.2554)  IoU (F channel): 0.2801 (0.3065)  IoU (C channel): 0.3085 (0.3384)  L1 (Db channel): 0.0682 (0.0692)  L1 (Dn channel): 0.3004 (0.3064)  lr: 0.002202  iter-time: 0.7024
[22:55:11.707428] Epoch: [17]  [ 40/131]  eta: 0:01:13  loss: 0.2625 (0.2540)  IoU (F channel): 0.2801 (0.3008)  IoU (C channel): 0.3424 (0.3463)  L1 (Db channel): 0.0628 (0.0665)  L1 (Dn channel): 0.3046 (0.3083)  lr: 0.002187  iter-time: 0.7024
[22:55:18.726418] Epoch: [17]  [ 50/131]  eta: 0:01:03  loss: 0.2406 (0.2551)  IoU (F channel): 0.2664 (0.2979)  IoU (C channel): 0.3607 (0.3432)  L1 (Db channel): 0.0628 (0.0663)  L1 (Dn channel): 0.3213 (0.3113)  lr: 0.002172  iter-time: 0.7021
[22:55:25.749913] Epoch: [17]  [ 60/131]  eta: 0:00:54  loss: 0.2406 (0.2532)  IoU (F channel): 0.2852 (0.3011)  IoU (C channel): 0.3439 (0.3454)  L1 (Db channel): 0.0653 (0.0663)  L1 (Dn channel): 0.3201 (0.3120)  lr: 0.002156  iter-time: 0.7020
[22:55:32.775578] Epoch: [17]  [ 70/131]  eta: 0:00:46  loss: 0.2386 (0.2560)  IoU (F channel): 0.2852 (0.3025)  IoU (C channel): 0.3490 (0.3492)  L1 (Db channel): 0.0672 (0.0670)  L1 (Dn channel): 0.3147 (0.3125)  lr: 0.002141  iter-time: 0.7023
[22:55:39.800137] Epoch: [17]  [ 80/131]  eta: 0:00:38  loss: 0.2436 (0.2528)  IoU (F channel): 0.2788 (0.3011)  IoU (C channel): 0.3483 (0.3476)  L1 (Db channel): 0.0714 (0.0676)  L1 (Dn channel): 0.3122 (0.3110)  lr: 0.002125  iter-time: 0.7024
[22:55:46.825172] Epoch: [17]  [ 90/131]  eta: 0:00:30  loss: 0.2438 (0.2525)  IoU (F channel): 0.2787 (0.3006)  IoU (C channel): 0.3452 (0.3472)  L1 (Db channel): 0.0814 (0.0693)  L1 (Dn channel): 0.2977 (0.3097)  lr: 0.002110  iter-time: 0.7024
[22:55:53.843995] Epoch: [17]  [100/131]  eta: 0:00:23  loss: 0.2597 (0.2528)  IoU (F channel): 0.2897 (0.3019)  IoU (C channel): 0.3433 (0.3502)  L1 (Db channel): 0.0815 (0.0700)  L1 (Dn channel): 0.3037 (0.3093)  lr: 0.002094  iter-time: 0.7021
[22:56:00.870280] Epoch: [17]  [110/131]  eta: 0:00:15  loss: 0.2493 (0.2521)  IoU (F channel): 0.3004 (0.3011)  IoU (C channel): 0.3615 (0.3521)  L1 (Db channel): 0.0675 (0.0694)  L1 (Dn channel): 0.3037 (0.3086)  lr: 0.002078  iter-time: 0.7021
[22:56:07.912568] Epoch: [17]  [120/131]  eta: 0:00:08  loss: 0.2622 (0.2554)  IoU (F channel): 0.2872 (0.3027)  IoU (C channel): 0.3705 (0.3534)  L1 (Db channel): 0.0627 (0.0689)  L1 (Dn channel): 0.3004 (0.3079)  lr: 0.002062  iter-time: 0.7033
[22:56:14.731966] Epoch: [17]  [130/131]  eta: 0:00:00  loss: 0.2556 (0.2524)  IoU (F channel): 0.2865 (0.3014)  IoU (C channel): 0.3588 (0.3523)  L1 (Db channel): 0.0592 (0.0681)  L1 (Dn channel): 0.2972 (0.3070)  lr: 0.002046  iter-time: 0.6930
[22:56:14.732163] Epoch: [17] Total time: 0:01:36 (0.7331 s / it)
[22:56:14.732213] [Train] averaged stats: loss: 0.2556 (0.2524)  IoU (F channel): 0.2865 (0.3014)  IoU (C channel): 0.3588 (0.3523)  L1 (Db channel): 0.0592 (0.0681)  L1 (Dn channel): 0.2972 (0.3070)  lr: 0.002046
[22:56:17.678938] Epoch: [17]  [ 0/15]  eta: 0:00:44  loss: 0.2080 (0.2080)  IoU (F channel): 0.0168 (0.0168)  IoU (C channel): 0.0384 (0.0384)  L1 (Db channel): 0.0598 (0.0598)  L1 (Dn channel): 0.3070 (0.3070)  iter-time: 2.9454
[22:56:21.056800] Epoch: [17]  [10/15]  eta: 0:00:02  loss: 0.2756 (0.2762)  IoU (F channel): 0.4274 (0.3448)  IoU (C channel): 0.3099 (0.2761)  L1 (Db channel): 0.0588 (0.0587)  L1 (Dn channel): 0.3066 (0.3054)  iter-time: 0.5748
[22:56:21.861578] Epoch: [17]  [14/15]  eta: 0:00:00  loss: 0.2756 (0.3141)  IoU (F channel): 0.3657 (0.3025)  IoU (C channel): 0.3090 (0.2462)  L1 (Db channel): 0.0588 (0.0586)  L1 (Dn channel): 0.3066 (0.3055)  iter-time: 0.4751
[22:56:21.861735] Epoch: [17] Total time: 0:00:07 (0.4752 s / it)
[22:56:21.861762] [Val] averaged stats: loss: 0.2756 (0.3141)  IoU (F channel): 0.3657 (0.3025)  IoU (C channel): 0.3090 (0.2462)  L1 (Db channel): 0.0588 (0.0586)  L1 (Dn channel): 0.3066 (0.3055)
[22:56:21.861987] [Val] best loss: 0.3049 best  IoU (F channel): 0.2847 IoU (C channel): 0.2393 L1 (Db channel): 0.0721 L1 (Dn channel): 0.3159 
EarlyStopping counter: 5 out of 10
[22:56:21.868388] [Time] 1.7m 30.7m/54.8m

[22:56:21.868413] ~~~ Epoch 18/30 ~~~

[22:56:26.880576] Epoch: [18]  [  0/131]  eta: 0:10:56  loss: 0.1749 (0.1749)  IoU (F channel): 0.2933 (0.2933)  IoU (C channel): 0.4040 (0.4040)  L1 (Db channel): 0.0583 (0.0583)  L1 (Dn channel): 0.3040 (0.3040)  lr: 0.002045  iter-time: 5.0109
[22:56:34.958179] Epoch: [18]  [ 10/131]  eta: 0:02:23  loss: 0.2791 (0.2502)  IoU (F channel): 0.3204 (0.3122)  IoU (C channel): 0.4040 (0.3907)  L1 (Db channel): 0.0585 (0.0586)  L1 (Dn channel): 0.3165 (0.3158)  lr: 0.002029  iter-time: 1.1897
[22:56:41.982877] Epoch: [18]  [ 20/131]  eta: 0:01:46  loss: 0.2330 (0.2562)  IoU (F channel): 0.2993 (0.3020)  IoU (C channel): 0.3687 (0.3812)  L1 (Db channel): 0.0578 (0.0580)  L1 (Dn channel): 0.3218 (0.3197)  lr: 0.002013  iter-time: 0.7550
[22:56:49.007802] Epoch: [18]  [ 30/131]  eta: 0:01:28  loss: 0.2264 (0.2457)  IoU (F channel): 0.3013 (0.3186)  IoU (C channel): 0.3737 (0.3860)  L1 (Db channel): 0.0567 (0.0569)  L1 (Dn channel): 0.3146 (0.3151)  lr: 0.001997  iter-time: 0.7024
[22:56:56.028327] Epoch: [18]  [ 40/131]  eta: 0:01:15  loss: 0.2153 (0.2446)  IoU (F channel): 0.3331 (0.3131)  IoU (C channel): 0.3520 (0.3768)  L1 (Db channel): 0.0525 (0.0555)  L1 (Dn channel): 0.2980 (0.3106)  lr: 0.001980  iter-time: 0.7022
[22:57:03.048641] Epoch: [18]  [ 50/131]  eta: 0:01:05  loss: 0.2308 (0.2443)  IoU (F channel): 0.2559 (0.3036)  IoU (C channel): 0.2984 (0.3618)  L1 (Db channel): 0.0542 (0.0577)  L1 (Dn channel): 0.2964 (0.3077)  lr: 0.001964  iter-time: 0.7019
[22:57:10.071404] Epoch: [18]  [ 60/131]  eta: 0:00:56  loss: 0.2437 (0.2470)  IoU (F channel): 0.2559 (0.3055)  IoU (C channel): 0.3227 (0.3653)  L1 (Db channel): 0.0595 (0.0572)  L1 (Dn channel): 0.2960 (0.3063)  lr: 0.001948  iter-time: 0.7021
[22:57:17.095965] Epoch: [18]  [ 70/131]  eta: 0:00:47  loss: 0.2381 (0.2441)  IoU (F channel): 0.3097 (0.3066)  IoU (C channel): 0.3771 (0.3679)  L1 (Db channel): 0.0609 (0.0580)  L1 (Dn channel): 0.2984 (0.3052)  lr: 0.001931  iter-time: 0.7023
[22:57:24.120961] Epoch: [18]  [ 80/131]  eta: 0:00:39  loss: 0.2221 (0.2422)  IoU (F channel): 0.3153 (0.3092)  IoU (C channel): 0.3771 (0.3687)  L1 (Db channel): 0.0594 (0.0579)  L1 (Dn channel): 0.2970 (0.3039)  lr: 0.001915  iter-time: 0.7024
[22:57:31.138219] Epoch: [18]  [ 90/131]  eta: 0:00:31  loss: 0.2146 (0.2420)  IoU (F channel): 0.3191 (0.3114)  IoU (C channel): 0.3824 (0.3722)  L1 (Db channel): 0.0577 (0.0583)  L1 (Dn channel): 0.2991 (0.3039)  lr: 0.001899  iter-time: 0.7020
[22:57:38.160073] Epoch: [18]  [100/131]  eta: 0:00:23  loss: 0.2007 (0.2393)  IoU (F channel): 0.3252 (0.3135)  IoU (C channel): 0.3858 (0.3727)  L1 (Db channel): 0.0695 (0.0596)  L1 (Dn channel): 0.3038 (0.3038)  lr: 0.001882  iter-time: 0.7019
[22:57:45.184365] Epoch: [18]  [110/131]  eta: 0:00:15  loss: 0.2228 (0.2429)  IoU (F channel): 0.2946 (0.3126)  IoU (C channel): 0.3615 (0.3711)  L1 (Db channel): 0.0636 (0.0593)  L1 (Dn channel): 0.3015 (0.3035)  lr: 0.001865  iter-time: 0.7022
[22:57:52.241227] Epoch: [18]  [120/131]  eta: 0:00:08  loss: 0.2739 (0.2451)  IoU (F channel): 0.3139 (0.3148)  IoU (C channel): 0.3615 (0.3715)  L1 (Db channel): 0.0587 (0.0594)  L1 (Dn channel): 0.3007 (0.3034)  lr: 0.001849  iter-time: 0.7039
[22:57:59.057075] Epoch: [18]  [130/131]  eta: 0:00:00  loss: 0.2335 (0.2449)  IoU (F channel): 0.3356 (0.3168)  IoU (C channel): 0.3774 (0.3723)  L1 (Db channel): 0.0580 (0.0592)  L1 (Dn channel): 0.3043 (0.3036)  lr: 0.001832  iter-time: 0.6935
[22:57:59.057330] Epoch: [18] Total time: 0:01:37 (0.7419 s / it)
[22:57:59.057384] [Train] averaged stats: loss: 0.2335 (0.2449)  IoU (F channel): 0.3356 (0.3168)  IoU (C channel): 0.3774 (0.3723)  L1 (Db channel): 0.0580 (0.0592)  L1 (Dn channel): 0.3043 (0.3036)  lr: 0.001832
[22:58:01.911137] Epoch: [18]  [ 0/15]  eta: 0:00:42  loss: 0.1809 (0.1809)  IoU (F channel): 0.0172 (0.0172)  IoU (C channel): 0.0459 (0.0459)  L1 (Db channel): 0.0540 (0.0540)  L1 (Dn channel): 0.3037 (0.3037)  iter-time: 2.8524
[22:58:05.059820] Epoch: [18]  [10/15]  eta: 0:00:02  loss: 0.2415 (0.2552)  IoU (F channel): 0.3926 (0.3438)  IoU (C channel): 0.3780 (0.3015)  L1 (Db channel): 0.0546 (0.0545)  L1 (Dn channel): 0.3067 (0.3065)  iter-time: 0.5455
[22:58:05.864443] Epoch: [18]  [14/15]  eta: 0:00:00  loss: 0.2739 (0.2989)  IoU (F channel): 0.3295 (0.3100)  IoU (C channel): 0.3389 (0.2705)  L1 (Db channel): 0.0546 (0.0544)  L1 (Dn channel): 0.3067 (0.3067)  iter-time: 0.4537
[22:58:05.864581] Epoch: [18] Total time: 0:00:06 (0.4537 s / it)
[22:58:05.864603] [Val] averaged stats: loss: 0.2739 (0.2989)  IoU (F channel): 0.3295 (0.3100)  IoU (C channel): 0.3389 (0.2705)  L1 (Db channel): 0.0546 (0.0544)  L1 (Dn channel): 0.3067 (0.3067)
[22:58:05.864815] Val loss improved from 0.3048608474433422 to 0.2989341196293632, saving model to metrics/biapy/biapy-v1-no-aug/checkpoints/biapy-v1-no-aug_0-checkpoint-best.pth
[22:58:06.084001] [Val] best loss: 0.2989 best  IoU (F channel): 0.3100 IoU (C channel): 0.2705 L1 (Db channel): 0.0544 L1 (Dn channel): 0.3067 
[22:58:06.089781] [Time] 1.7m 32.4m/55.0m

[22:58:06.089806] ~~~ Epoch 19/30 ~~~

[22:58:10.806862] Epoch: [19]  [  0/131]  eta: 0:10:17  loss: 0.2299 (0.2299)  IoU (F channel): 0.3148 (0.3148)  IoU (C channel): 0.4092 (0.4092)  L1 (Db channel): 0.0542 (0.0542)  L1 (Dn channel): 0.3066 (0.3066)  lr: 0.001830  iter-time: 4.7153
[22:58:18.089275] Epoch: [19]  [ 10/131]  eta: 0:02:11  loss: 0.2299 (0.2248)  IoU (F channel): 0.3228 (0.3352)  IoU (C channel): 0.4208 (0.4102)  L1 (Db channel): 0.0579 (0.0579)  L1 (Dn channel): 0.3085 (0.3080)  lr: 0.001814  iter-time: 1.0906
[22:58:25.115782] Epoch: [19]  [ 20/131]  eta: 0:01:40  loss: 0.1971 (0.2158)  IoU (F channel): 0.2811 (0.3005)  IoU (C channel): 0.3537 (0.3665)  L1 (Db channel): 0.0597 (0.0593)  L1 (Dn channel): 0.3079 (0.3077)  lr: 0.001797  iter-time: 0.7153
[22:58:32.140620] Epoch: [19]  [ 30/131]  eta: 0:01:24  loss: 0.2073 (0.2171)  IoU (F channel): 0.2600 (0.2972)  IoU (C channel): 0.3085 (0.3580)  L1 (Db channel): 0.0597 (0.0591)  L1 (Dn channel): 0.3091 (0.3092)  lr: 0.001780  iter-time: 0.7024
[22:58:39.164289] Epoch: [19]  [ 40/131]  eta: 0:01:13  loss: 0.2334 (0.2318)  IoU (F channel): 0.2893 (0.3078)  IoU (C channel): 0.3396 (0.3614)  L1 (Db channel): 0.0580 (0.0586)  L1 (Dn channel): 0.3100 (0.3083)  lr: 0.001763  iter-time: 0.7023
[22:58:46.183128] Epoch: [19]  [ 50/131]  eta: 0:01:03  loss: 0.2433 (0.2322)  IoU (F channel): 0.3144 (0.3098)  IoU (C channel): 0.3779 (0.3603)  L1 (Db channel): 0.0586 (0.0590)  L1 (Dn channel): 0.3038 (0.3074)  lr: 0.001746  iter-time: 0.7020
[22:58:53.210264] Epoch: [19]  [ 60/131]  eta: 0:00:54  loss: 0.2315 (0.2339)  IoU (F channel): 0.2978 (0.3087)  IoU (C channel): 0.3438 (0.3595)  L1 (Db channel): 0.0590 (0.0584)  L1 (Dn channel): 0.3026 (0.3064)  lr: 0.001729  iter-time: 0.7022
[22:59:00.237739] Epoch: [19]  [ 70/131]  eta: 0:00:46  loss: 0.2268 (0.2336)  IoU (F channel): 0.2978 (0.3114)  IoU (C channel): 0.3534 (0.3619)  L1 (Db channel): 0.0557 (0.0582)  L1 (Dn channel): 0.2971 (0.3048)  lr: 0.001713  iter-time: 0.7026
[22:59:07.263022] Epoch: [19]  [ 80/131]  eta: 0:00:38  loss: 0.2432 (0.2368)  IoU (F channel): 0.2990 (0.3109)  IoU (C channel): 0.3627 (0.3610)  L1 (Db channel): 0.0574 (0.0581)  L1 (Dn channel): 0.2958 (0.3037)  lr: 0.001696  iter-time: 0.7025
[22:59:14.284334] Epoch: [19]  [ 90/131]  eta: 0:00:30  loss: 0.2452 (0.2381)  IoU (F channel): 0.3224 (0.3116)  IoU (C channel): 0.3424 (0.3584)  L1 (Db channel): 0.0571 (0.0579)  L1 (Dn channel): 0.2987 (0.3036)  lr: 0.001679  iter-time: 0.7022
[22:59:21.305257] Epoch: [19]  [100/131]  eta: 0:00:23  loss: 0.2483 (0.2390)  IoU (F channel): 0.3224 (0.3123)  IoU (C channel): 0.3409 (0.3583)  L1 (Db channel): 0.0557 (0.0576)  L1 (Dn channel): 0.3021 (0.3033)  lr: 0.001662  iter-time: 0.7020
[22:59:28.330430] Epoch: [19]  [110/131]  eta: 0:00:15  loss: 0.2483 (0.2397)  IoU (F channel): 0.3009 (0.3137)  IoU (C channel): 0.3396 (0.3565)  L1 (Db channel): 0.0563 (0.0576)  L1 (Dn channel): 0.2935 (0.3021)  lr: 0.001645  iter-time: 0.7022
[22:59:35.390527] Epoch: [19]  [120/131]  eta: 0:00:08  loss: 0.2396 (0.2398)  IoU (F channel): 0.3315 (0.3144)  IoU (C channel): 0.3587 (0.3583)  L1 (Db channel): 0.0572 (0.0577)  L1 (Dn channel): 0.2860 (0.3006)  lr: 0.001627  iter-time: 0.7041
[22:59:42.212728] Epoch: [19]  [130/131]  eta: 0:00:00  loss: 0.2388 (0.2408)  IoU (F channel): 0.3051 (0.3161)  IoU (C channel): 0.3981 (0.3607)  L1 (Db channel): 0.0559 (0.0575)  L1 (Dn channel): 0.2881 (0.2998)  lr: 0.001610  iter-time: 0.6940
[22:59:42.212909] Epoch: [19] Total time: 0:01:36 (0.7338 s / it)
[22:59:42.212957] [Train] averaged stats: loss: 0.2388 (0.2408)  IoU (F channel): 0.3051 (0.3161)  IoU (C channel): 0.3981 (0.3607)  L1 (Db channel): 0.0559 (0.0575)  L1 (Dn channel): 0.2881 (0.2998)  lr: 0.001610
[22:59:45.101953] Epoch: [19]  [ 0/15]  eta: 0:00:43  loss: 0.2055 (0.2055)  IoU (F channel): 0.0091 (0.0091)  IoU (C channel): 0.0274 (0.0274)  L1 (Db channel): 0.0590 (0.0590)  L1 (Dn channel): 0.2906 (0.2906)  iter-time: 2.8878
[22:59:48.515394] Epoch: [19]  [10/15]  eta: 0:00:02  loss: 0.3058 (0.2829)  IoU (F channel): 0.4468 (0.3524)  IoU (C channel): 0.3446 (0.2821)  L1 (Db channel): 0.0561 (0.0564)  L1 (Dn channel): 0.2922 (0.2919)  iter-time: 0.5728
[22:59:49.320234] Epoch: [19]  [14/15]  eta: 0:00:00  loss: 0.3058 (0.3333)  IoU (F channel): 0.3577 (0.3019)  IoU (C channel): 0.3122 (0.2469)  L1 (Db channel): 0.0561 (0.0566)  L1 (Dn channel): 0.2926 (0.2921)  iter-time: 0.4737
[22:59:49.320378] Epoch: [19] Total time: 0:00:07 (0.4738 s / it)
[22:59:49.320408] [Val] averaged stats: loss: 0.3058 (0.3333)  IoU (F channel): 0.3577 (0.3019)  IoU (C channel): 0.3122 (0.2469)  L1 (Db channel): 0.0561 (0.0566)  L1 (Dn channel): 0.2926 (0.2921)
[22:59:49.320626] [Val] best loss: 0.2989 best  IoU (F channel): 0.3100 IoU (C channel): 0.2705 L1 (Db channel): 0.0544 L1 (Dn channel): 0.3067 
EarlyStopping counter: 1 out of 10
[22:59:49.328791] [Time] 1.7m 34.1m/54.8m

[22:59:49.328815] ~~~ Epoch 20/30 ~~~

[22:59:54.309360] Epoch: [20]  [  0/131]  eta: 0:10:52  loss: 0.4000 (0.4000)  IoU (F channel): 0.3465 (0.3465)  IoU (C channel): 0.4289 (0.4289)  L1 (Db channel): 0.0567 (0.0567)  L1 (Dn channel): 0.2913 (0.2913)  lr: 0.001609  iter-time: 4.9793
[23:00:01.511884] Epoch: [20]  [ 10/131]  eta: 0:02:13  loss: 0.2391 (0.2615)  IoU (F channel): 0.2978 (0.3151)  IoU (C channel): 0.3503 (0.3671)  L1 (Db channel): 0.0633 (0.0628)  L1 (Dn channel): 0.2937 (0.2942)  lr: 0.001592  iter-time: 1.1074
[23:00:08.534173] Epoch: [20]  [ 20/131]  eta: 0:01:41  loss: 0.2311 (0.2428)  IoU (F channel): 0.2978 (0.3216)  IoU (C channel): 0.3503 (0.3656)  L1 (Db channel): 0.0605 (0.0608)  L1 (Dn channel): 0.2992 (0.2976)  lr: 0.001574  iter-time: 0.7111
[23:00:15.557029] Epoch: [20]  [ 30/131]  eta: 0:01:25  loss: 0.2348 (0.2446)  IoU (F channel): 0.3247 (0.3158)  IoU (C channel): 0.3545 (0.3630)  L1 (Db channel): 0.0584 (0.0604)  L1 (Dn channel): 0.3020 (0.2990)  lr: 0.001557  iter-time: 0.7022
[23:00:22.574553] Epoch: [20]  [ 40/131]  eta: 0:01:13  loss: 0.2159 (0.2390)  IoU (F channel): 0.3182 (0.3216)  IoU (C channel): 0.3550 (0.3708)  L1 (Db channel): 0.0593 (0.0602)  L1 (Dn channel): 0.3025 (0.2999)  lr: 0.001540  iter-time: 0.7019
[23:00:29.598872] Epoch: [20]  [ 50/131]  eta: 0:01:03  loss: 0.2052 (0.2360)  IoU (F channel): 0.3116 (0.3256)  IoU (C channel): 0.3749 (0.3717)  L1 (Db channel): 0.0578 (0.0596)  L1 (Dn channel): 0.3006 (0.2997)  lr: 0.001523  iter-time: 0.7020
[23:00:36.621831] Epoch: [20]  [ 60/131]  eta: 0:00:55  loss: 0.2254 (0.2377)  IoU (F channel): 0.3116 (0.3209)  IoU (C channel): 0.3638 (0.3675)  L1 (Db channel): 0.0554 (0.0587)  L1 (Dn channel): 0.2966 (0.2986)  lr: 0.001506  iter-time: 0.7023
[23:00:43.647500] Epoch: [20]  [ 70/131]  eta: 0:00:46  loss: 0.2272 (0.2379)  IoU (F channel): 0.3031 (0.3188)  IoU (C channel): 0.3525 (0.3670)  L1 (Db channel): 0.0550 (0.0584)  L1 (Dn channel): 0.2917 (0.2975)  lr: 0.001489  iter-time: 0.7023
[23:00:50.669588] Epoch: [20]  [ 80/131]  eta: 0:00:38  loss: 0.2163 (0.2361)  IoU (F channel): 0.3112 (0.3195)  IoU (C channel): 0.3594 (0.3682)  L1 (Db channel): 0.0598 (0.0590)  L1 (Dn channel): 0.2923 (0.2976)  lr: 0.001472  iter-time: 0.7023
[23:00:57.686825] Epoch: [20]  [ 90/131]  eta: 0:00:30  loss: 0.2201 (0.2361)  IoU (F channel): 0.3314 (0.3245)  IoU (C channel): 0.3845 (0.3732)  L1 (Db channel): 0.0597 (0.0590)  L1 (Dn channel): 0.2964 (0.2974)  lr: 0.001455  iter-time: 0.7019
[23:01:04.714073] Epoch: [20]  [100/131]  eta: 0:00:23  loss: 0.2191 (0.2344)  IoU (F channel): 0.3328 (0.3233)  IoU (C channel): 0.3845 (0.3708)  L1 (Db channel): 0.0568 (0.0586)  L1 (Dn channel): 0.2958 (0.2973)  lr: 0.001438  iter-time: 0.7021
[23:01:11.740979] Epoch: [20]  [110/131]  eta: 0:00:15  loss: 0.2191 (0.2354)  IoU (F channel): 0.3011 (0.3234)  IoU (C channel): 0.3344 (0.3679)  L1 (Db channel): 0.0545 (0.0582)  L1 (Dn channel): 0.2980 (0.2974)  lr: 0.001420  iter-time: 0.7026
[23:01:18.795135] Epoch: [20]  [120/131]  eta: 0:00:08  loss: 0.2241 (0.2332)  IoU (F channel): 0.3230 (0.3243)  IoU (C channel): 0.3486 (0.3689)  L1 (Db channel): 0.0529 (0.0576)  L1 (Dn channel): 0.2974 (0.2973)  lr: 0.001403  iter-time: 0.7039
[23:01:25.607306] Epoch: [20]  [130/131]  eta: 0:00:00  loss: 0.2284 (0.2348)  IoU (F channel): 0.3286 (0.3245)  IoU (C channel): 0.3808 (0.3718)  L1 (Db channel): 0.0500 (0.0570)  L1 (Dn channel): 0.2952 (0.2972)  lr: 0.001386  iter-time: 0.6932
[23:01:25.607486] Epoch: [20] Total time: 0:01:36 (0.7349 s / it)
[23:01:25.607528] [Train] averaged stats: loss: 0.2284 (0.2348)  IoU (F channel): 0.3286 (0.3245)  IoU (C channel): 0.3808 (0.3718)  L1 (Db channel): 0.0500 (0.0570)  L1 (Dn channel): 0.2952 (0.2972)  lr: 0.001386
[23:01:28.465016] Epoch: [20]  [ 0/15]  eta: 0:00:42  loss: 0.1861 (0.1861)  IoU (F channel): 0.0309 (0.0309)  IoU (C channel): 0.0631 (0.0631)  L1 (Db channel): 0.0503 (0.0503)  L1 (Dn channel): 0.2919 (0.2919)  iter-time: 2.8565
[23:01:31.553149] Epoch: [20]  [10/15]  eta: 0:00:02  loss: 0.2305 (0.2542)  IoU (F channel): 0.3718 (0.3298)  IoU (C channel): 0.3216 (0.2753)  L1 (Db channel): 0.0494 (0.0494)  L1 (Dn channel): 0.2959 (0.2957)  iter-time: 0.5404
[23:01:32.358459] Epoch: [20]  [14/15]  eta: 0:00:00  loss: 0.2717 (0.2910)  IoU (F channel): 0.3496 (0.3015)  IoU (C channel): 0.3117 (0.2546)  L1 (Db channel): 0.0494 (0.0494)  L1 (Dn channel): 0.2959 (0.2959)  iter-time: 0.4499
[23:01:32.358635] Epoch: [20] Total time: 0:00:06 (0.4500 s / it)
[23:01:32.358664] [Val] averaged stats: loss: 0.2717 (0.2910)  IoU (F channel): 0.3496 (0.3015)  IoU (C channel): 0.3117 (0.2546)  L1 (Db channel): 0.0494 (0.0494)  L1 (Dn channel): 0.2959 (0.2959)
[23:01:32.358920] Val loss improved from 0.2989341196293632 to 0.29097512206062676, saving model to metrics/biapy/biapy-v1-no-aug/checkpoints/biapy-v1-no-aug_0-checkpoint-best.pth
[23:01:32.470885] [Val] best loss: 0.2910 best  IoU (F channel): 0.3015 IoU (C channel): 0.2546 L1 (Db channel): 0.0494 L1 (Dn channel): 0.2959 
[23:01:32.476645] Creating training plots . . .
[23:01:35.955118] [Time] 1.8m 35.9m/55.5m

[23:01:35.955203] ~~~ Epoch 21/30 ~~~

[23:01:40.689322] Epoch: [21]  [  0/131]  eta: 0:10:19  loss: 0.2105 (0.2105)  IoU (F channel): 0.2364 (0.2364)  IoU (C channel): 0.3234 (0.3234)  L1 (Db channel): 0.0486 (0.0486)  L1 (Dn channel): 0.2957 (0.2957)  lr: 0.001384  iter-time: 4.7323
[23:01:48.069817] Epoch: [21]  [ 10/131]  eta: 0:02:13  loss: 0.2105 (0.2253)  IoU (F channel): 0.3377 (0.3408)  IoU (C channel): 0.3711 (0.3777)  L1 (Db channel): 0.0543 (0.0535)  L1 (Dn channel): 0.2959 (0.2961)  lr: 0.001367  iter-time: 1.1011
[23:01:55.093981] Epoch: [21]  [ 20/131]  eta: 0:01:41  loss: 0.2014 (0.2280)  IoU (F channel): 0.3333 (0.3400)  IoU (C channel): 0.3887 (0.3906)  L1 (Db channel): 0.0560 (0.0550)  L1 (Dn channel): 0.2945 (0.2941)  lr: 0.001350  iter-time: 0.7201
[23:02:02.121328] Epoch: [21]  [ 30/131]  eta: 0:01:25  loss: 0.2163 (0.2301)  IoU (F channel): 0.3161 (0.3371)  IoU (C channel): 0.3958 (0.3912)  L1 (Db channel): 0.0576 (0.0565)  L1 (Dn channel): 0.2902 (0.2925)  lr: 0.001333  iter-time: 0.7024
[23:02:09.139906] Epoch: [21]  [ 40/131]  eta: 0:01:13  loss: 0.2207 (0.2382)  IoU (F channel): 0.3125 (0.3339)  IoU (C channel): 0.4071 (0.3915)  L1 (Db channel): 0.0610 (0.0579)  L1 (Dn channel): 0.2907 (0.2925)  lr: 0.001316  iter-time: 0.7022
[23:02:16.165276] Epoch: [21]  [ 50/131]  eta: 0:01:03  loss: 0.2207 (0.2341)  IoU (F channel): 0.3121 (0.3324)  IoU (C channel): 0.3978 (0.3900)  L1 (Db channel): 0.0610 (0.0581)  L1 (Dn channel): 0.2936 (0.2935)  lr: 0.001299  iter-time: 0.7021
[23:02:23.192340] Epoch: [21]  [ 60/131]  eta: 0:00:54  loss: 0.1951 (0.2285)  IoU (F channel): 0.3365 (0.3326)  IoU (C channel): 0.3978 (0.3894)  L1 (Db channel): 0.0578 (0.0578)  L1 (Dn channel): 0.3008 (0.2961)  lr: 0.001282  iter-time: 0.7025
[23:02:30.218457] Epoch: [21]  [ 70/131]  eta: 0:00:46  loss: 0.2161 (0.2312)  IoU (F channel): 0.3236 (0.3269)  IoU (C channel): 0.3787 (0.3844)  L1 (Db channel): 0.0524 (0.0568)  L1 (Dn channel): 0.3086 (0.2980)  lr: 0.001265  iter-time: 0.7025
[23:02:37.242226] Epoch: [21]  [ 80/131]  eta: 0:00:38  loss: 0.2250 (0.2315)  IoU (F channel): 0.3475 (0.3333)  IoU (C channel): 0.3880 (0.3883)  L1 (Db channel): 0.0518 (0.0566)  L1 (Dn channel): 0.3030 (0.2974)  lr: 0.001249  iter-time: 0.7024
[23:02:44.264170] Epoch: [21]  [ 90/131]  eta: 0:00:30  loss: 0.2198 (0.2313)  IoU (F channel): 0.3569 (0.3320)  IoU (C channel): 0.3984 (0.3825)  L1 (Db channel): 0.0594 (0.0573)  L1 (Dn channel): 0.2865 (0.2961)  lr: 0.001232  iter-time: 0.7021
[23:02:51.288973] Epoch: [21]  [100/131]  eta: 0:00:23  loss: 0.2207 (0.2340)  IoU (F channel): 0.3464 (0.3342)  IoU (C channel): 0.3553 (0.3851)  L1 (Db channel): 0.0580 (0.0572)  L1 (Dn channel): 0.2851 (0.2949)  lr: 0.001215  iter-time: 0.7021
[23:02:58.314831] Epoch: [21]  [110/131]  eta: 0:00:15  loss: 0.2147 (0.2336)  IoU (F channel): 0.3319 (0.3363)  IoU (C channel): 0.4213 (0.3857)  L1 (Db channel): 0.0563 (0.0571)  L1 (Dn channel): 0.2866 (0.2944)  lr: 0.001198  iter-time: 0.7024
[23:03:05.358179] Epoch: [21]  [120/131]  eta: 0:00:08  loss: 0.2112 (0.2346)  IoU (F channel): 0.2956 (0.3342)  IoU (C channel): 0.3686 (0.3837)  L1 (Db channel): 0.0560 (0.0570)  L1 (Dn channel): 0.2905 (0.2944)  lr: 0.001181  iter-time: 0.7033
[23:03:12.173894] Epoch: [21]  [130/131]  eta: 0:00:00  loss: 0.2126 (0.2315)  IoU (F channel): 0.3357 (0.3358)  IoU (C channel): 0.3734 (0.3854)  L1 (Db channel): 0.0554 (0.0569)  L1 (Dn channel): 0.2984 (0.2950)  lr: 0.001165  iter-time: 0.6928
[23:03:12.174074] Epoch: [21] Total time: 0:01:36 (0.7345 s / it)
[23:03:12.174118] [Train] averaged stats: loss: 0.2126 (0.2315)  IoU (F channel): 0.3357 (0.3358)  IoU (C channel): 0.3734 (0.3854)  L1 (Db channel): 0.0554 (0.0569)  L1 (Dn channel): 0.2984 (0.2950)  lr: 0.001165
[23:03:15.030566] Epoch: [21]  [ 0/15]  eta: 0:00:42  loss: 0.1602 (0.1602)  IoU (F channel): 0.0483 (0.0483)  IoU (C channel): 0.0725 (0.0725)  L1 (Db channel): 0.0551 (0.0551)  L1 (Dn channel): 0.2972 (0.2972)  iter-time: 2.8554
[23:03:18.120235] Epoch: [21]  [10/15]  eta: 0:00:02  loss: 0.2667 (0.2595)  IoU (F channel): 0.2240 (0.2383)  IoU (C channel): 0.2072 (0.1941)  L1 (Db channel): 0.0539 (0.0538)  L1 (Dn channel): 0.3031 (0.3031)  iter-time: 0.5404
[23:03:18.927093] Epoch: [21]  [14/15]  eta: 0:00:00  loss: 0.2818 (0.2938)  IoU (F channel): 0.2240 (0.2259)  IoU (C channel): 0.2072 (0.1891)  L1 (Db channel): 0.0539 (0.0538)  L1 (Dn channel): 0.3036 (0.3034)  iter-time: 0.4501
[23:03:18.927252] Epoch: [21] Total time: 0:00:06 (0.4502 s / it)
[23:03:18.927280] [Val] averaged stats: loss: 0.2818 (0.2938)  IoU (F channel): 0.2240 (0.2259)  IoU (C channel): 0.2072 (0.1891)  L1 (Db channel): 0.0539 (0.0538)  L1 (Dn channel): 0.3036 (0.3034)
[23:03:18.927487] [Val] best loss: 0.2910 best  IoU (F channel): 0.3015 IoU (C channel): 0.2546 L1 (Db channel): 0.0494 L1 (Dn channel): 0.2959 
EarlyStopping counter: 1 out of 10
[23:03:18.935333] [Time] 1.7m 37.6m/54.8m

[23:03:18.935359] ~~~ Epoch 22/30 ~~~

[23:03:23.940221] Epoch: [22]  [  0/131]  eta: 0:10:55  loss: 0.2391 (0.2391)  IoU (F channel): 0.2818 (0.2818)  IoU (C channel): 0.2892 (0.2892)  L1 (Db channel): 0.0540 (0.0540)  L1 (Dn channel): 0.3023 (0.3023)  lr: 0.001163  iter-time: 5.0028
[23:03:31.532264] Epoch: [22]  [ 10/131]  eta: 0:02:18  loss: 0.2376 (0.2245)  IoU (F channel): 0.3120 (0.3076)  IoU (C channel): 0.3780 (0.3720)  L1 (Db channel): 0.0514 (0.0516)  L1 (Dn channel): 0.3080 (0.3073)  lr: 0.001146  iter-time: 1.1449
[23:03:38.555663] Epoch: [22]  [ 20/131]  eta: 0:01:43  loss: 0.2293 (0.2207)  IoU (F channel): 0.3120 (0.3175)  IoU (C channel): 0.3783 (0.3760)  L1 (Db channel): 0.0516 (0.0518)  L1 (Dn channel): 0.3059 (0.3048)  lr: 0.001130  iter-time: 0.7307
[23:03:45.578943] Epoch: [22]  [ 30/131]  eta: 0:01:26  loss: 0.2185 (0.2230)  IoU (F channel): 0.3112 (0.3239)  IoU (C channel): 0.3860 (0.3812)  L1 (Db channel): 0.0526 (0.0527)  L1 (Dn channel): 0.2971 (0.3014)  lr: 0.001113  iter-time: 0.7022
[23:03:52.597430] Epoch: [22]  [ 40/131]  eta: 0:01:14  loss: 0.2185 (0.2309)  IoU (F channel): 0.3331 (0.3291)  IoU (C channel): 0.3908 (0.3842)  L1 (Db channel): 0.0548 (0.0534)  L1 (Dn channel): 0.2936 (0.2995)  lr: 0.001096  iter-time: 0.7020
[23:03:59.622338] Epoch: [22]  [ 50/131]  eta: 0:01:04  loss: 0.2279 (0.2309)  IoU (F channel): 0.3742 (0.3389)  IoU (C channel): 0.4201 (0.3906)  L1 (Db channel): 0.0561 (0.0541)  L1 (Dn channel): 0.2947 (0.2995)  lr: 0.001080  iter-time: 0.7021
[23:04:06.645078] Epoch: [22]  [ 60/131]  eta: 0:00:55  loss: 0.2149 (0.2298)  IoU (F channel): 0.2962 (0.3252)  IoU (C channel): 0.3515 (0.3735)  L1 (Db channel): 0.0580 (0.0548)  L1 (Dn channel): 0.3016 (0.3003)  lr: 0.001064  iter-time: 0.7023
[23:04:13.669176] Epoch: [22]  [ 70/131]  eta: 0:00:47  loss: 0.2212 (0.2302)  IoU (F channel): 0.3110 (0.3285)  IoU (C channel): 0.3886 (0.3837)  L1 (Db channel): 0.0580 (0.0553)  L1 (Dn channel): 0.3049 (0.3015)  lr: 0.001047  iter-time: 0.7022
[23:04:20.687782] Epoch: [22]  [ 80/131]  eta: 0:00:38  loss: 0.2212 (0.2289)  IoU (F channel): 0.3477 (0.3300)  IoU (C channel): 0.4140 (0.3824)  L1 (Db channel): 0.0574 (0.0554)  L1 (Dn channel): 0.3021 (0.3014)  lr: 0.001031  iter-time: 0.7020
[23:04:27.710108] Epoch: [22]  [ 90/131]  eta: 0:00:30  loss: 0.1932 (0.2296)  IoU (F channel): 0.3198 (0.3313)  IoU (C channel): 0.3884 (0.3839)  L1 (Db channel): 0.0546 (0.0551)  L1 (Dn channel): 0.3023 (0.3024)  lr: 0.001015  iter-time: 0.7020
[23:04:34.736032] Epoch: [22]  [100/131]  eta: 0:00:23  loss: 0.2280 (0.2330)  IoU (F channel): 0.3703 (0.3363)  IoU (C channel): 0.4196 (0.3898)  L1 (Db channel): 0.0534 (0.0552)  L1 (Dn channel): 0.3083 (0.3030)  lr: 0.000999  iter-time: 0.7023
[23:04:41.761350] Epoch: [22]  [110/131]  eta: 0:00:15  loss: 0.2269 (0.2313)  IoU (F channel): 0.3548 (0.3350)  IoU (C channel): 0.3689 (0.3848)  L1 (Db channel): 0.0597 (0.0560)  L1 (Dn channel): 0.3074 (0.3034)  lr: 0.000982  iter-time: 0.7024
[23:04:48.819151] Epoch: [22]  [120/131]  eta: 0:00:08  loss: 0.2035 (0.2305)  IoU (F channel): 0.3104 (0.3336)  IoU (C channel): 0.3601 (0.3842)  L1 (Db channel): 0.0635 (0.0566)  L1 (Dn channel): 0.3066 (0.3035)  lr: 0.000966  iter-time: 0.7040
[23:04:55.628932] Epoch: [22]  [130/131]  eta: 0:00:00  loss: 0.2040 (0.2287)  IoU (F channel): 0.3085 (0.3304)  IoU (C channel): 0.3624 (0.3799)  L1 (Db channel): 0.0622 (0.0570)  L1 (Dn channel): 0.3017 (0.3032)  lr: 0.000950  iter-time: 0.6933
[23:04:55.629168] Epoch: [22] Total time: 0:01:36 (0.7381 s / it)
[23:04:55.629224] [Train] averaged stats: loss: 0.2040 (0.2287)  IoU (F channel): 0.3085 (0.3304)  IoU (C channel): 0.3624 (0.3799)  L1 (Db channel): 0.0622 (0.0570)  L1 (Dn channel): 0.3017 (0.3032)  lr: 0.000950
[23:04:58.470981] Epoch: [22]  [ 0/15]  eta: 0:00:42  loss: 0.1755 (0.1755)  IoU (F channel): 0.0205 (0.0205)  IoU (C channel): 0.0448 (0.0448)  L1 (Db channel): 0.0572 (0.0572)  L1 (Dn channel): 0.2977 (0.2977)  iter-time: 2.8404
[23:05:01.845302] Epoch: [22]  [10/15]  eta: 0:00:02  loss: 0.2862 (0.2602)  IoU (F channel): 0.4387 (0.3554)  IoU (C channel): 0.3334 (0.2849)  L1 (Db channel): 0.0563 (0.0564)  L1 (Dn channel): 0.3006 (0.3006)  iter-time: 0.5649
[23:05:02.650739] Epoch: [22]  [14/15]  eta: 0:00:00  loss: 0.2862 (0.3088)  IoU (F channel): 0.3852 (0.3150)  IoU (C channel): 0.3211 (0.2563)  L1 (Db channel): 0.0563 (0.0564)  L1 (Dn channel): 0.3008 (0.3009)  iter-time: 0.4679
[23:05:02.650905] Epoch: [22] Total time: 0:00:07 (0.4680 s / it)
[23:05:02.650934] [Val] averaged stats: loss: 0.2862 (0.3088)  IoU (F channel): 0.3852 (0.3150)  IoU (C channel): 0.3211 (0.2563)  L1 (Db channel): 0.0563 (0.0564)  L1 (Dn channel): 0.3008 (0.3009)
[23:05:02.651136] [Val] best loss: 0.2910 best  IoU (F channel): 0.3015 IoU (C channel): 0.2546 L1 (Db channel): 0.0494 L1 (Dn channel): 0.2959 
EarlyStopping counter: 2 out of 10
[23:05:02.657967] [Time] 1.7m 39.4m/54.9m

[23:05:02.657991] ~~~ Epoch 23/30 ~~~

[23:05:07.677128] Epoch: [23]  [  0/131]  eta: 0:10:57  loss: 0.2960 (0.2960)  IoU (F channel): 0.3688 (0.3688)  IoU (C channel): 0.4395 (0.4395)  L1 (Db channel): 0.0565 (0.0565)  L1 (Dn channel): 0.2990 (0.2990)  lr: 0.000949  iter-time: 5.0171
[23:05:15.264496] Epoch: [23]  [ 10/131]  eta: 0:02:18  loss: 0.2424 (0.2377)  IoU (F channel): 0.3667 (0.3503)  IoU (C channel): 0.4197 (0.3951)  L1 (Db channel): 0.0543 (0.0543)  L1 (Dn channel): 0.3013 (0.3013)  lr: 0.000933  iter-time: 1.1458
[23:05:22.290047] Epoch: [23]  [ 20/131]  eta: 0:01:43  loss: 0.2177 (0.2319)  IoU (F channel): 0.3363 (0.3566)  IoU (C channel): 0.4050 (0.3970)  L1 (Db channel): 0.0556 (0.0558)  L1 (Dn channel): 0.3028 (0.3023)  lr: 0.000917  iter-time: 0.7305
[23:05:29.312491] Epoch: [23]  [ 30/131]  eta: 0:01:26  loss: 0.1961 (0.2265)  IoU (F channel): 0.3354 (0.3527)  IoU (C channel): 0.3949 (0.3925)  L1 (Db channel): 0.0572 (0.0564)  L1 (Dn channel): 0.3029 (0.3025)  lr: 0.000901  iter-time: 0.7023
[23:05:36.333832] Epoch: [23]  [ 40/131]  eta: 0:01:14  loss: 0.2170 (0.2301)  IoU (F channel): 0.3517 (0.3611)  IoU (C channel): 0.4040 (0.4013)  L1 (Db channel): 0.0575 (0.0567)  L1 (Dn channel): 0.3017 (0.3020)  lr: 0.000886  iter-time: 0.7021
[23:05:43.359480] Epoch: [23]  [ 50/131]  eta: 0:01:04  loss: 0.2170 (0.2298)  IoU (F channel): 0.3517 (0.3550)  IoU (C channel): 0.4034 (0.3951)  L1 (Db channel): 0.0595 (0.0577)  L1 (Dn channel): 0.2982 (0.3007)  lr: 0.000870  iter-time: 0.7022
[23:05:50.384531] Epoch: [23]  [ 60/131]  eta: 0:00:55  loss: 0.2123 (0.2281)  IoU (F channel): 0.3578 (0.3569)  IoU (C channel): 0.3772 (0.3971)  L1 (Db channel): 0.0620 (0.0584)  L1 (Dn channel): 0.2960 (0.3003)  lr: 0.000855  iter-time: 0.7024
[23:05:57.411695] Epoch: [23]  [ 70/131]  eta: 0:00:47  loss: 0.2123 (0.2232)  IoU (F channel): 0.3219 (0.3499)  IoU (C channel): 0.3810 (0.3940)  L1 (Db channel): 0.0628 (0.0592)  L1 (Dn channel): 0.2985 (0.3001)  lr: 0.000839  iter-time: 0.7025
[23:06:04.429359] Epoch: [23]  [ 80/131]  eta: 0:00:38  loss: 0.2026 (0.2217)  IoU (F channel): 0.3080 (0.3454)  IoU (C channel): 0.3899 (0.3911)  L1 (Db channel): 0.0651 (0.0602)  L1 (Dn channel): 0.2966 (0.2993)  lr: 0.000824  iter-time: 0.7021
[23:06:11.458579] Epoch: [23]  [ 90/131]  eta: 0:00:30  loss: 0.2026 (0.2204)  IoU (F channel): 0.3245 (0.3478)  IoU (C channel): 0.3956 (0.3953)  L1 (Db channel): 0.0628 (0.0602)  L1 (Dn channel): 0.2943 (0.2989)  lr: 0.000809  iter-time: 0.7022
[23:06:18.487275] Epoch: [23]  [100/131]  eta: 0:00:23  loss: 0.1936 (0.2184)  IoU (F channel): 0.3245 (0.3455)  IoU (C channel): 0.3885 (0.3936)  L1 (Db channel): 0.0597 (0.0601)  L1 (Dn channel): 0.2971 (0.2988)  lr: 0.000793  iter-time: 0.7028
[23:06:25.512606] Epoch: [23]  [110/131]  eta: 0:00:15  loss: 0.1929 (0.2180)  IoU (F channel): 0.3270 (0.3460)  IoU (C channel): 0.3847 (0.3953)  L1 (Db channel): 0.0598 (0.0602)  L1 (Dn channel): 0.2981 (0.2988)  lr: 0.000778  iter-time: 0.7026
[23:06:32.581565] Epoch: [23]  [120/131]  eta: 0:00:08  loss: 0.1938 (0.2208)  IoU (F channel): 0.3727 (0.3499)  IoU (C channel): 0.4303 (0.3973)  L1 (Db channel): 0.0574 (0.0598)  L1 (Dn channel): 0.3008 (0.2993)  lr: 0.000763  iter-time: 0.7046
[23:06:39.397126] Epoch: [23]  [130/131]  eta: 0:00:00  loss: 0.2060 (0.2200)  IoU (F channel): 0.3083 (0.3406)  IoU (C channel): 0.3660 (0.3863)  L1 (Db channel): 0.0560 (0.0595)  L1 (Dn channel): 0.3064 (0.3002)  lr: 0.000749  iter-time: 0.6941
[23:06:39.397318] Epoch: [23] Total time: 0:01:36 (0.7385 s / it)
[23:06:39.397375] [Train] averaged stats: loss: 0.2060 (0.2200)  IoU (F channel): 0.3083 (0.3406)  IoU (C channel): 0.3660 (0.3863)  L1 (Db channel): 0.0560 (0.0595)  L1 (Dn channel): 0.3064 (0.3002)  lr: 0.000749
[23:06:42.346425] Epoch: [23]  [ 0/15]  eta: 0:00:44  loss: 0.2309 (0.2309)  IoU (F channel): 0.1259 (0.1259)  IoU (C channel): 0.3235 (0.3235)  L1 (Db channel): 0.0558 (0.0558)  L1 (Dn channel): 0.3097 (0.3097)  iter-time: 2.9475
[23:06:45.619951] Epoch: [23]  [10/15]  eta: 0:00:02  loss: 0.2747 (0.2829)  IoU (F channel): 0.5160 (0.3919)  IoU (C channel): 0.3235 (0.2946)  L1 (Db channel): 0.0526 (0.0531)  L1 (Dn channel): 0.3132 (0.3130)  iter-time: 0.5655
[23:06:46.425224] Epoch: [23]  [14/15]  eta: 0:00:00  loss: 0.2747 (0.3251)  IoU (F channel): 0.4095 (0.3355)  IoU (C channel): 0.3009 (0.2567)  L1 (Db channel): 0.0526 (0.0531)  L1 (Dn channel): 0.3132 (0.3132)  iter-time: 0.4684
[23:06:46.425413] Epoch: [23] Total time: 0:00:07 (0.4684 s / it)
[23:06:46.425442] [Val] averaged stats: loss: 0.2747 (0.3251)  IoU (F channel): 0.4095 (0.3355)  IoU (C channel): 0.3009 (0.2567)  L1 (Db channel): 0.0526 (0.0531)  L1 (Dn channel): 0.3132 (0.3132)
[23:06:46.425660] [Val] best loss: 0.2910 best  IoU (F channel): 0.3015 IoU (C channel): 0.2546 L1 (Db channel): 0.0494 L1 (Dn channel): 0.2959 
EarlyStopping counter: 3 out of 10
[23:06:46.433757] [Time] 1.7m 41.1m/54.9m

[23:06:46.433782] ~~~ Epoch 24/30 ~~~

[23:06:51.191534] Epoch: [24]  [  0/131]  eta: 0:10:23  loss: 0.1783 (0.1783)  IoU (F channel): 0.2828 (0.2828)  IoU (C channel): 0.3147 (0.3147)  L1 (Db channel): 0.0533 (0.0533)  L1 (Dn channel): 0.3124 (0.3124)  lr: 0.000747  iter-time: 4.7563
[23:06:59.347365] Epoch: [24]  [ 10/131]  eta: 0:02:22  loss: 0.2294 (0.2375)  IoU (F channel): 0.2828 (0.3003)  IoU (C channel): 0.3491 (0.3356)  L1 (Db channel): 0.0510 (0.0515)  L1 (Dn channel): 0.3026 (0.3037)  lr: 0.000732  iter-time: 1.1737
[23:07:07.512271] Epoch: [24]  [ 20/131]  eta: 0:01:51  loss: 0.2183 (0.2197)  IoU (F channel): 0.3377 (0.3140)  IoU (C channel): 0.3596 (0.3483)  L1 (Db channel): 0.0510 (0.0516)  L1 (Dn channel): 0.2973 (0.3002)  lr: 0.000718  iter-time: 0.8159
[23:07:15.748247] Epoch: [24]  [ 30/131]  eta: 0:01:35  loss: 0.2011 (0.2139)  IoU (F channel): 0.3308 (0.3177)  IoU (C channel): 0.3710 (0.3528)  L1 (Db channel): 0.0527 (0.0520)  L1 (Dn channel): 0.2968 (0.2993)  lr: 0.000703  iter-time: 0.8199
[23:07:23.973840] Epoch: [24]  [ 40/131]  eta: 0:01:23  loss: 0.1972 (0.2181)  IoU (F channel): 0.3112 (0.3202)  IoU (C channel): 0.3686 (0.3534)  L1 (Db channel): 0.0519 (0.0519)  L1 (Dn channel): 0.2986 (0.2999)  lr: 0.000689  iter-time: 0.8230
[23:07:31.121042] Epoch: [24]  [ 50/131]  eta: 0:01:10  loss: 0.2091 (0.2184)  IoU (F channel): 0.3626 (0.3337)  IoU (C channel): 0.4165 (0.3746)  L1 (Db channel): 0.0515 (0.0517)  L1 (Dn channel): 0.3035 (0.3008)  lr: 0.000674  iter-time: 0.7685
[23:07:38.146590] Epoch: [24]  [ 60/131]  eta: 0:01:00  loss: 0.2017 (0.2168)  IoU (F channel): 0.3470 (0.3295)  IoU (C channel): 0.4232 (0.3741)  L1 (Db channel): 0.0536 (0.0524)  L1 (Dn channel): 0.3044 (0.3013)  lr: 0.000660  iter-time: 0.7085
[23:07:45.167206] Epoch: [24]  [ 70/131]  eta: 0:00:50  loss: 0.2174 (0.2216)  IoU (F channel): 0.3280 (0.3358)  IoU (C channel): 0.3783 (0.3764)  L1 (Db channel): 0.0552 (0.0528)  L1 (Dn channel): 0.3030 (0.3015)  lr: 0.000646  iter-time: 0.7022
[23:07:52.189730] Epoch: [24]  [ 80/131]  eta: 0:00:41  loss: 0.2156 (0.2172)  IoU (F channel): 0.3502 (0.3372)  IoU (C channel): 0.4078 (0.3817)  L1 (Db channel): 0.0546 (0.0529)  L1 (Dn channel): 0.3034 (0.3020)  lr: 0.000632  iter-time: 0.7021
[23:07:59.212372] Epoch: [24]  [ 90/131]  eta: 0:00:32  loss: 0.1792 (0.2151)  IoU (F channel): 0.3295 (0.3348)  IoU (C channel): 0.3937 (0.3809)  L1 (Db channel): 0.0539 (0.0531)  L1 (Dn channel): 0.3065 (0.3026)  lr: 0.000618  iter-time: 0.7021
[23:08:06.236227] Epoch: [24]  [100/131]  eta: 0:00:24  loss: 0.1898 (0.2142)  IoU (F channel): 0.3333 (0.3372)  IoU (C channel): 0.3836 (0.3832)  L1 (Db channel): 0.0521 (0.0528)  L1 (Dn channel): 0.3066 (0.3029)  lr: 0.000604  iter-time: 0.7022
[23:08:13.262052] Epoch: [24]  [110/131]  eta: 0:00:16  loss: 0.2105 (0.2164)  IoU (F channel): 0.3370 (0.3403)  IoU (C channel): 0.3961 (0.3836)  L1 (Db channel): 0.0510 (0.0529)  L1 (Dn channel): 0.3040 (0.3029)  lr: 0.000590  iter-time: 0.7024
[23:08:20.306146] Epoch: [24]  [120/131]  eta: 0:00:08  loss: 0.2127 (0.2156)  IoU (F channel): 0.3574 (0.3414)  IoU (C channel): 0.3915 (0.3837)  L1 (Db channel): 0.0571 (0.0533)  L1 (Dn channel): 0.3025 (0.3029)  lr: 0.000577  iter-time: 0.7034
[23:08:27.122464] Epoch: [24]  [130/131]  eta: 0:00:00  loss: 0.2127 (0.2159)  IoU (F channel): 0.3574 (0.3430)  IoU (C channel): 0.4019 (0.3866)  L1 (Db channel): 0.0581 (0.0537)  L1 (Dn channel): 0.3021 (0.3028)  lr: 0.000563  iter-time: 0.6929
[23:08:27.122721] Epoch: [24] Total time: 0:01:40 (0.7686 s / it)
[23:08:27.122776] [Train] averaged stats: loss: 0.2127 (0.2159)  IoU (F channel): 0.3574 (0.3430)  IoU (C channel): 0.4019 (0.3866)  L1 (Db channel): 0.0581 (0.0537)  L1 (Dn channel): 0.3021 (0.3028)  lr: 0.000563
[23:08:29.491774] Epoch: [24]  [ 0/15]  eta: 0:00:35  loss: 0.2117 (0.2117)  IoU (F channel): 0.0256 (0.0256)  IoU (C channel): 0.0539 (0.0539)  L1 (Db channel): 0.0578 (0.0578)  L1 (Dn channel): 0.2999 (0.2999)  iter-time: 2.3676
[23:08:33.336878] Epoch: [24]  [10/15]  eta: 0:00:02  loss: 0.2891 (0.2638)  IoU (F channel): 0.3112 (0.2909)  IoU (C channel): 0.2596 (0.2242)  L1 (Db channel): 0.0570 (0.0570)  L1 (Dn channel): 0.2981 (0.2981)  iter-time: 0.5647
[23:08:34.142871] Epoch: [24]  [14/15]  eta: 0:00:00  loss: 0.2891 (0.3043)  IoU (F channel): 0.3081 (0.2662)  IoU (C channel): 0.2551 (0.2102)  L1 (Db channel): 0.0570 (0.0570)  L1 (Dn channel): 0.2981 (0.2985)  iter-time: 0.4679
[23:08:34.143046] Epoch: [24] Total time: 0:00:07 (0.4679 s / it)
[23:08:34.143077] [Val] averaged stats: loss: 0.2891 (0.3043)  IoU (F channel): 0.3081 (0.2662)  IoU (C channel): 0.2551 (0.2102)  L1 (Db channel): 0.0570 (0.0570)  L1 (Dn channel): 0.2981 (0.2985)
[23:08:34.143302] [Val] best loss: 0.2910 best  IoU (F channel): 0.3015 IoU (C channel): 0.2546 L1 (Db channel): 0.0494 L1 (Dn channel): 0.2959 
EarlyStopping counter: 4 out of 10
[23:08:34.150269] [Time] 1.8m 42.9m/55.5m

[23:08:34.150295] ~~~ Epoch 25/30 ~~~

[23:08:38.606785] Epoch: [25]  [  0/131]  eta: 0:09:43  loss: 0.1566 (0.1566)  IoU (F channel): 0.2414 (0.2414)  IoU (C channel): 0.2887 (0.2887)  L1 (Db channel): 0.0572 (0.0572)  L1 (Dn channel): 0.2958 (0.2958)  lr: 0.000562  iter-time: 4.4542
[23:08:46.587020] Epoch: [25]  [ 10/131]  eta: 0:02:16  loss: 0.2026 (0.2194)  IoU (F channel): 0.3364 (0.3330)  IoU (C channel): 0.3796 (0.3715)  L1 (Db channel): 0.0566 (0.0561)  L1 (Dn channel): 0.2969 (0.2970)  lr: 0.000549  iter-time: 1.1303
[23:08:53.611066] Epoch: [25]  [ 20/131]  eta: 0:01:42  loss: 0.2026 (0.2252)  IoU (F channel): 0.3427 (0.3536)  IoU (C channel): 0.3957 (0.3919)  L1 (Db channel): 0.0535 (0.0541)  L1 (Dn channel): 0.2991 (0.2986)  lr: 0.000536  iter-time: 0.7501
[23:09:00.632903] Epoch: [25]  [ 30/131]  eta: 0:01:26  loss: 0.1982 (0.2182)  IoU (F channel): 0.3427 (0.3496)  IoU (C channel): 0.3960 (0.3893)  L1 (Db channel): 0.0521 (0.0542)  L1 (Dn channel): 0.2997 (0.2979)  lr: 0.000523  iter-time: 0.7022
[23:09:07.659127] Epoch: [25]  [ 40/131]  eta: 0:01:14  loss: 0.2105 (0.2220)  IoU (F channel): 0.3043 (0.3351)  IoU (C channel): 0.3519 (0.3736)  L1 (Db channel): 0.0563 (0.0550)  L1 (Dn channel): 0.2933 (0.2965)  lr: 0.000510  iter-time: 0.7023
[23:09:14.683929] Epoch: [25]  [ 50/131]  eta: 0:01:04  loss: 0.2200 (0.2187)  IoU (F channel): 0.3313 (0.3464)  IoU (C channel): 0.3625 (0.3851)  L1 (Db channel): 0.0542 (0.0546)  L1 (Dn channel): 0.2933 (0.2961)  lr: 0.000497  iter-time: 0.7024
[23:09:21.710025] Epoch: [25]  [ 60/131]  eta: 0:00:55  loss: 0.2024 (0.2167)  IoU (F channel): 0.3804 (0.3478)  IoU (C channel): 0.4353 (0.3880)  L1 (Db channel): 0.0524 (0.0543)  L1 (Dn channel): 0.2957 (0.2964)  lr: 0.000484  iter-time: 0.7024
[23:09:28.729164] Epoch: [25]  [ 70/131]  eta: 0:00:46  loss: 0.2038 (0.2153)  IoU (F channel): 0.2915 (0.3370)  IoU (C channel): 0.3325 (0.3775)  L1 (Db channel): 0.0544 (0.0546)  L1 (Dn channel): 0.2992 (0.2970)  lr: 0.000472  iter-time: 0.7022
[23:09:35.745832] Epoch: [25]  [ 80/131]  eta: 0:00:38  loss: 0.1909 (0.2153)  IoU (F channel): 0.2929 (0.3411)  IoU (C channel): 0.3458 (0.3804)  L1 (Db channel): 0.0578 (0.0551)  L1 (Dn channel): 0.3005 (0.2974)  lr: 0.000459  iter-time: 0.7017
[23:09:42.764580] Epoch: [25]  [ 90/131]  eta: 0:00:30  loss: 0.1909 (0.2138)  IoU (F channel): 0.3390 (0.3420)  IoU (C channel): 0.4190 (0.3843)  L1 (Db channel): 0.0562 (0.0550)  L1 (Dn channel): 0.3001 (0.2976)  lr: 0.000447  iter-time: 0.7016
[23:09:49.790053] Epoch: [25]  [100/131]  eta: 0:00:23  loss: 0.1960 (0.2142)  IoU (F channel): 0.3465 (0.3457)  IoU (C channel): 0.4233 (0.3889)  L1 (Db channel): 0.0535 (0.0549)  L1 (Dn channel): 0.2987 (0.2977)  lr: 0.000435  iter-time: 0.7021
[23:09:56.813974] Epoch: [25]  [110/131]  eta: 0:00:15  loss: 0.2061 (0.2142)  IoU (F channel): 0.3398 (0.3445)  IoU (C channel): 0.4145 (0.3885)  L1 (Db channel): 0.0535 (0.0549)  L1 (Dn channel): 0.2980 (0.2977)  lr: 0.000423  iter-time: 0.7024
[23:10:03.855629] Epoch: [25]  [120/131]  eta: 0:00:08  loss: 0.1941 (0.2113)  IoU (F channel): 0.3278 (0.3428)  IoU (C channel): 0.3957 (0.3869)  L1 (Db channel): 0.0547 (0.0549)  L1 (Dn channel): 0.2969 (0.2976)  lr: 0.000411  iter-time: 0.7032
[23:10:10.675790] Epoch: [25]  [130/131]  eta: 0:00:00  loss: 0.1807 (0.2123)  IoU (F channel): 0.3393 (0.3442)  IoU (C channel): 0.4043 (0.3897)  L1 (Db channel): 0.0543 (0.0548)  L1 (Dn channel): 0.2973 (0.2976)  lr: 0.000399  iter-time: 0.6930
[23:10:10.675978] Epoch: [25] Total time: 0:01:36 (0.7368 s / it)
[23:10:10.676032] [Train] averaged stats: loss: 0.1807 (0.2123)  IoU (F channel): 0.3393 (0.3442)  IoU (C channel): 0.4043 (0.3897)  L1 (Db channel): 0.0543 (0.0548)  L1 (Dn channel): 0.2973 (0.2976)  lr: 0.000399
[23:10:13.018147] Epoch: [25]  [ 0/15]  eta: 0:00:35  loss: 0.1724 (0.1724)  IoU (F channel): 0.0354 (0.0354)  IoU (C channel): 0.0523 (0.0523)  L1 (Db channel): 0.0555 (0.0555)  L1 (Dn channel): 0.2965 (0.2965)  iter-time: 2.3406
[23:10:16.565075] Epoch: [25]  [10/15]  eta: 0:00:02  loss: 0.2840 (0.2521)  IoU (F channel): 0.4600 (0.3777)  IoU (C channel): 0.3857 (0.3132)  L1 (Db channel): 0.0529 (0.0532)  L1 (Dn channel): 0.2999 (0.2995)  iter-time: 0.5352
[23:10:17.370253] Epoch: [25]  [14/15]  eta: 0:00:00  loss: 0.2840 (0.2954)  IoU (F channel): 0.3871 (0.3401)  IoU (C channel): 0.3539 (0.2827)  L1 (Db channel): 0.0529 (0.0533)  L1 (Dn channel): 0.2999 (0.2999)  iter-time: 0.4461
[23:10:17.370419] Epoch: [25] Total time: 0:00:06 (0.4462 s / it)
[23:10:17.370449] [Val] averaged stats: loss: 0.2840 (0.2954)  IoU (F channel): 0.3871 (0.3401)  IoU (C channel): 0.3539 (0.2827)  L1 (Db channel): 0.0529 (0.0533)  L1 (Dn channel): 0.2999 (0.2999)
[23:10:17.370668] [Val] best loss: 0.2910 best  IoU (F channel): 0.3015 IoU (C channel): 0.2546 L1 (Db channel): 0.0494 L1 (Dn channel): 0.2959 
[23:10:17.388239] Creating training plots . . .
EarlyStopping counter: 5 out of 10
[23:10:20.555610] [Time] 1.8m 44.7m/55.3m

[23:10:20.555667] ~~~ Epoch 26/30 ~~~

[23:10:24.511561] Epoch: [26]  [  0/131]  eta: 0:08:37  loss: 0.1788 (0.1788)  IoU (F channel): 0.4024 (0.4024)  IoU (C channel): 0.4552 (0.4552)  L1 (Db channel): 0.0533 (0.0533)  L1 (Dn channel): 0.3002 (0.3002)  lr: 0.000398  iter-time: 3.9538
[23:10:32.769040] Epoch: [26]  [ 10/131]  eta: 0:02:14  loss: 0.1788 (0.1935)  IoU (F channel): 0.3583 (0.3713)  IoU (C channel): 0.4117 (0.4113)  L1 (Db channel): 0.0537 (0.0537)  L1 (Dn channel): 0.2997 (0.2996)  lr: 0.000387  iter-time: 1.1100
[23:10:40.126158] Epoch: [26]  [ 20/131]  eta: 0:01:43  loss: 0.1886 (0.1990)  IoU (F channel): 0.3422 (0.3561)  IoU (C channel): 0.4018 (0.4003)  L1 (Db channel): 0.0550 (0.0550)  L1 (Dn channel): 0.2995 (0.2995)  lr: 0.000375  iter-time: 0.7806
[23:10:47.148921] Epoch: [26]  [ 30/131]  eta: 0:01:26  loss: 0.1886 (0.1978)  IoU (F channel): 0.3492 (0.3644)  IoU (C channel): 0.3936 (0.4015)  L1 (Db channel): 0.0561 (0.0554)  L1 (Dn channel): 0.2989 (0.2992)  lr: 0.000364  iter-time: 0.7189
[23:10:54.175777] Epoch: [26]  [ 40/131]  eta: 0:01:14  loss: 0.1943 (0.2014)  IoU (F channel): 0.3675 (0.3651)  IoU (C channel): 0.4157 (0.4005)  L1 (Db channel): 0.0543 (0.0550)  L1 (Dn channel): 0.2991 (0.2995)  lr: 0.000353  iter-time: 0.7024
[23:11:01.200212] Epoch: [26]  [ 50/131]  eta: 0:01:04  loss: 0.1943 (0.2006)  IoU (F channel): 0.3372 (0.3537)  IoU (C channel): 0.3864 (0.3924)  L1 (Db channel): 0.0532 (0.0546)  L1 (Dn channel): 0.3009 (0.2999)  lr: 0.000342  iter-time: 0.7025
[23:11:08.225845] Epoch: [26]  [ 60/131]  eta: 0:00:55  loss: 0.1997 (0.2046)  IoU (F channel): 0.3590 (0.3610)  IoU (C channel): 0.3981 (0.4001)  L1 (Db channel): 0.0530 (0.0543)  L1 (Dn channel): 0.3027 (0.3004)  lr: 0.000331  iter-time: 0.7024
[23:11:15.243890] Epoch: [26]  [ 70/131]  eta: 0:00:46  loss: 0.1973 (0.2010)  IoU (F channel): 0.3723 (0.3590)  IoU (C channel): 0.4180 (0.4004)  L1 (Db channel): 0.0532 (0.0542)  L1 (Dn channel): 0.3027 (0.3006)  lr: 0.000320  iter-time: 0.7021
[23:11:22.266957] Epoch: [26]  [ 80/131]  eta: 0:00:38  loss: 0.1904 (0.2040)  IoU (F channel): 0.3348 (0.3540)  IoU (C channel): 0.3744 (0.3925)  L1 (Db channel): 0.0540 (0.0543)  L1 (Dn channel): 0.3008 (0.3006)  lr: 0.000310  iter-time: 0.7019
[23:11:29.290957] Epoch: [26]  [ 90/131]  eta: 0:00:30  loss: 0.2183 (0.2044)  IoU (F channel): 0.3617 (0.3563)  IoU (C channel): 0.4047 (0.3958)  L1 (Db channel): 0.0546 (0.0543)  L1 (Dn channel): 0.3009 (0.3008)  lr: 0.000300  iter-time: 0.7022
[23:11:36.314401] Epoch: [26]  [100/131]  eta: 0:00:23  loss: 0.2183 (0.2054)  IoU (F channel): 0.3656 (0.3587)  IoU (C channel): 0.4342 (0.4006)  L1 (Db channel): 0.0543 (0.0543)  L1 (Dn channel): 0.3034 (0.3011)  lr: 0.000289  iter-time: 0.7023
[23:11:43.334451] Epoch: [26]  [110/131]  eta: 0:00:15  loss: 0.1937 (0.2053)  IoU (F channel): 0.3476 (0.3546)  IoU (C channel): 0.4275 (0.3992)  L1 (Db channel): 0.0537 (0.0542)  L1 (Dn channel): 0.3035 (0.3013)  lr: 0.000279  iter-time: 0.7021
[23:11:50.377511] Epoch: [26]  [120/131]  eta: 0:00:08  loss: 0.1937 (0.2066)  IoU (F channel): 0.2922 (0.3496)  IoU (C channel): 0.3497 (0.3939)  L1 (Db channel): 0.0533 (0.0541)  L1 (Dn channel): 0.3012 (0.3012)  lr: 0.000269  iter-time: 0.7031
[23:11:57.194637] Epoch: [26]  [130/131]  eta: 0:00:00  loss: 0.1908 (0.2058)  IoU (F channel): 0.3180 (0.3506)  IoU (C channel): 0.3772 (0.3956)  L1 (Db channel): 0.0515 (0.0539)  L1 (Dn channel): 0.3020 (0.3013)  lr: 0.000260  iter-time: 0.6929
[23:11:57.194831] Epoch: [26] Total time: 0:01:36 (0.7377 s / it)
[23:11:57.194876] [Train] averaged stats: loss: 0.1908 (0.2058)  IoU (F channel): 0.3180 (0.3506)  IoU (C channel): 0.3772 (0.3956)  L1 (Db channel): 0.0515 (0.0539)  L1 (Dn channel): 0.3020 (0.3013)  lr: 0.000260
[23:11:59.574836] Epoch: [26]  [ 0/15]  eta: 0:00:35  loss: 0.1768 (0.1768)  IoU (F channel): 0.0258 (0.0258)  IoU (C channel): 0.0446 (0.0446)  L1 (Db channel): 0.0525 (0.0525)  L1 (Dn channel): 0.3009 (0.3009)  iter-time: 2.3786
[23:12:03.463309] Epoch: [26]  [10/15]  eta: 0:00:02  loss: 0.2820 (0.2567)  IoU (F channel): 0.5101 (0.3923)  IoU (C channel): 0.3936 (0.3089)  L1 (Db channel): 0.0507 (0.0509)  L1 (Dn channel): 0.3041 (0.3038)  iter-time: 0.5697
[23:12:04.271282] Epoch: [26]  [14/15]  eta: 0:00:00  loss: 0.2820 (0.3077)  IoU (F channel): 0.4275 (0.3467)  IoU (C channel): 0.3116 (0.2757)  L1 (Db channel): 0.0507 (0.0510)  L1 (Dn channel): 0.3041 (0.3041)  iter-time: 0.4716
[23:12:04.271459] Epoch: [26] Total time: 0:00:07 (0.4717 s / it)
[23:12:04.271492] [Val] averaged stats: loss: 0.2820 (0.3077)  IoU (F channel): 0.4275 (0.3467)  IoU (C channel): 0.3116 (0.2757)  L1 (Db channel): 0.0507 (0.0510)  L1 (Dn channel): 0.3041 (0.3041)
[23:12:04.271740] [Val] best loss: 0.2910 best  IoU (F channel): 0.3015 IoU (C channel): 0.2546 L1 (Db channel): 0.0494 L1 (Dn channel): 0.2959 
EarlyStopping counter: 6 out of 10
[23:12:04.278328] [Time] 1.7m 46.4m/55.0m

[23:12:04.278353] ~~~ Epoch 27/30 ~~~

[23:12:08.737317] Epoch: [27]  [  0/131]  eta: 0:09:43  loss: 0.1886 (0.1886)  IoU (F channel): 0.4419 (0.4419)  IoU (C channel): 0.5224 (0.5224)  L1 (Db channel): 0.0513 (0.0513)  L1 (Dn channel): 0.3019 (0.3019)  lr: 0.000259  iter-time: 4.4570
[23:12:16.055351] Epoch: [27]  [ 10/131]  eta: 0:02:09  loss: 0.1886 (0.1909)  IoU (F channel): 0.4010 (0.3956)  IoU (C channel): 0.4593 (0.4602)  L1 (Db channel): 0.0513 (0.0513)  L1 (Dn channel): 0.3026 (0.3026)  lr: 0.000249  iter-time: 1.0703
[23:12:23.073381] Epoch: [27]  [ 20/131]  eta: 0:01:39  loss: 0.1836 (0.1978)  IoU (F channel): 0.3593 (0.3748)  IoU (C channel): 0.4218 (0.4329)  L1 (Db channel): 0.0524 (0.0521)  L1 (Dn channel): 0.3021 (0.3021)  lr: 0.000240  iter-time: 0.7167
[23:12:30.100092] Epoch: [27]  [ 30/131]  eta: 0:01:24  loss: 0.1865 (0.2024)  IoU (F channel): 0.3468 (0.3682)  IoU (C channel): 0.3946 (0.4152)  L1 (Db channel): 0.0533 (0.0527)  L1 (Dn channel): 0.3013 (0.3016)  lr: 0.000231  iter-time: 0.7021
[23:12:37.113974] Epoch: [27]  [ 40/131]  eta: 0:01:12  loss: 0.1905 (0.2012)  IoU (F channel): 0.3483 (0.3685)  IoU (C channel): 0.3988 (0.4167)  L1 (Db channel): 0.0541 (0.0531)  L1 (Dn channel): 0.3016 (0.3019)  lr: 0.000222  iter-time: 0.7019
[23:12:44.124793] Epoch: [27]  [ 50/131]  eta: 0:01:03  loss: 0.1857 (0.1983)  IoU (F channel): 0.3547 (0.3679)  IoU (C channel): 0.4251 (0.4169)  L1 (Db channel): 0.0526 (0.0529)  L1 (Dn channel): 0.3027 (0.3020)  lr: 0.000213  iter-time: 0.7011
[23:12:51.136727] Epoch: [27]  [ 60/131]  eta: 0:00:54  loss: 0.1728 (0.1966)  IoU (F channel): 0.3658 (0.3690)  IoU (C channel): 0.4134 (0.4137)  L1 (Db channel): 0.0525 (0.0530)  L1 (Dn channel): 0.3000 (0.3016)  lr: 0.000204  iter-time: 0.7010
[23:12:58.144860] Epoch: [27]  [ 70/131]  eta: 0:00:46  loss: 0.2076 (0.2023)  IoU (F channel): 0.3341 (0.3620)  IoU (C channel): 0.3675 (0.4062)  L1 (Db channel): 0.0545 (0.0533)  L1 (Dn channel): 0.2992 (0.3012)  lr: 0.000195  iter-time: 0.7009
[23:13:05.157535] Epoch: [27]  [ 80/131]  eta: 0:00:38  loss: 0.2046 (0.2013)  IoU (F channel): 0.3367 (0.3618)  IoU (C channel): 0.3711 (0.4066)  L1 (Db channel): 0.0555 (0.0536)  L1 (Dn channel): 0.3001 (0.3012)  lr: 0.000187  iter-time: 0.7009
[23:13:12.170196] Epoch: [27]  [ 90/131]  eta: 0:00:30  loss: 0.1924 (0.2000)  IoU (F channel): 0.3615 (0.3606)  IoU (C channel): 0.4072 (0.4079)  L1 (Db channel): 0.0556 (0.0538)  L1 (Dn channel): 0.3022 (0.3014)  lr: 0.000179  iter-time: 0.7011
[23:13:19.181014] Epoch: [27]  [100/131]  eta: 0:00:22  loss: 0.1926 (0.2000)  IoU (F channel): 0.3691 (0.3633)  IoU (C channel): 0.4342 (0.4093)  L1 (Db channel): 0.0547 (0.0538)  L1 (Dn channel): 0.3039 (0.3017)  lr: 0.000171  iter-time: 0.7011
[23:13:26.184662] Epoch: [27]  [110/131]  eta: 0:00:15  loss: 0.1838 (0.2001)  IoU (F channel): 0.3732 (0.3637)  IoU (C channel): 0.4174 (0.4084)  L1 (Db channel): 0.0548 (0.0540)  L1 (Dn channel): 0.3039 (0.3019)  lr: 0.000163  iter-time: 0.7006
[23:13:33.219143] Epoch: [27]  [120/131]  eta: 0:00:08  loss: 0.1882 (0.2022)  IoU (F channel): 0.3347 (0.3603)  IoU (C channel): 0.3930 (0.4048)  L1 (Db channel): 0.0553 (0.0541)  L1 (Dn channel): 0.3034 (0.3020)  lr: 0.000155  iter-time: 0.7018
[23:13:40.034301] Epoch: [27]  [130/131]  eta: 0:00:00  loss: 0.1975 (0.2027)  IoU (F channel): 0.3318 (0.3586)  IoU (C channel): 0.3779 (0.4027)  L1 (Db channel): 0.0568 (0.0544)  L1 (Dn channel): 0.3029 (0.3020)  lr: 0.000148  iter-time: 0.6924
[23:13:40.034493] Epoch: [27] Total time: 0:01:35 (0.7310 s / it)
[23:13:40.034552] [Train] averaged stats: loss: 0.1975 (0.2027)  IoU (F channel): 0.3318 (0.3586)  IoU (C channel): 0.3779 (0.4027)  L1 (Db channel): 0.0568 (0.0544)  L1 (Dn channel): 0.3029 (0.3020)  lr: 0.000148
[23:13:42.603325] Epoch: [27]  [ 0/15]  eta: 0:00:38  loss: 0.1831 (0.1831)  IoU (F channel): 0.0362 (0.0362)  IoU (C channel): 0.0556 (0.0556)  L1 (Db channel): 0.0584 (0.0584)  L1 (Dn channel): 0.3025 (0.3025)  iter-time: 2.5673
[23:13:45.850302] Epoch: [27]  [10/15]  eta: 0:00:02  loss: 0.2645 (0.2446)  IoU (F channel): 0.3932 (0.3485)  IoU (C channel): 0.3254 (0.2840)  L1 (Db channel): 0.0559 (0.0562)  L1 (Dn channel): 0.3035 (0.3034)  iter-time: 0.5285
[23:13:46.655812] Epoch: [27]  [14/15]  eta: 0:00:00  loss: 0.2712 (0.2842)  IoU (F channel): 0.3633 (0.3220)  IoU (C channel): 0.3194 (0.2640)  L1 (Db channel): 0.0559 (0.0563)  L1 (Dn channel): 0.3037 (0.3038)  iter-time: 0.4413
[23:13:46.656038] Epoch: [27] Total time: 0:00:06 (0.4414 s / it)
[23:13:46.656066] [Val] averaged stats: loss: 0.2712 (0.2842)  IoU (F channel): 0.3633 (0.3220)  IoU (C channel): 0.3194 (0.2640)  L1 (Db channel): 0.0559 (0.0563)  L1 (Dn channel): 0.3037 (0.3038)
[23:13:46.656332] Val loss improved from 0.29097512206062676 to 0.28420705512786903, saving model to metrics/biapy/biapy-v1-no-aug/checkpoints/biapy-v1-no-aug_0-checkpoint-best.pth
[23:13:46.865596] [Val] best loss: 0.2842 best  IoU (F channel): 0.3220 IoU (C channel): 0.2640 L1 (Db channel): 0.0563 L1 (Dn channel): 0.3038 
[23:13:46.872279] [Time] 1.7m 48.1m/54.9m

[23:13:46.872308] ~~~ Epoch 28/30 ~~~

[23:13:50.153930] Epoch: [28]  [  0/131]  eta: 0:07:09  loss: 0.2146 (0.2146)  IoU (F channel): 0.3004 (0.3004)  IoU (C channel): 0.3274 (0.3274)  L1 (Db channel): 0.0562 (0.0562)  L1 (Dn channel): 0.3026 (0.3026)  lr: 0.000147  iter-time: 3.2798
[23:13:58.040841] Epoch: [28]  [ 10/131]  eta: 0:02:02  loss: 0.2147 (0.2120)  IoU (F channel): 0.3209 (0.3571)  IoU (C channel): 0.4166 (0.4115)  L1 (Db channel): 0.0562 (0.0561)  L1 (Dn channel): 0.3040 (0.3039)  lr: 0.000140  iter-time: 1.0151
[23:14:05.057503] Epoch: [28]  [ 20/131]  eta: 0:01:36  loss: 0.2147 (0.2109)  IoU (F channel): 0.3498 (0.3651)  IoU (C channel): 0.4228 (0.4213)  L1 (Db channel): 0.0558 (0.0558)  L1 (Dn channel): 0.3045 (0.3044)  lr: 0.000133  iter-time: 0.7451
[23:14:12.082827] Epoch: [28]  [ 30/131]  eta: 0:01:22  loss: 0.1956 (0.2055)  IoU (F channel): 0.3648 (0.3590)  IoU (C channel): 0.4228 (0.4131)  L1 (Db channel): 0.0547 (0.0554)  L1 (Dn channel): 0.3048 (0.3045)  lr: 0.000126  iter-time: 0.7020
[23:14:19.105237] Epoch: [28]  [ 40/131]  eta: 0:01:11  loss: 0.1869 (0.2029)  IoU (F channel): 0.3527 (0.3594)  IoU (C channel): 0.3949 (0.4075)  L1 (Db channel): 0.0543 (0.0551)  L1 (Dn channel): 0.3043 (0.3043)  lr: 0.000119  iter-time: 0.7023
[23:14:26.130520] Epoch: [28]  [ 50/131]  eta: 0:01:02  loss: 0.2186 (0.2076)  IoU (F channel): 0.3321 (0.3531)  IoU (C channel): 0.3832 (0.4003)  L1 (Db channel): 0.0540 (0.0548)  L1 (Dn channel): 0.3039 (0.3042)  lr: 0.000112  iter-time: 0.7023
[23:14:33.151391] Epoch: [28]  [ 60/131]  eta: 0:00:53  loss: 0.2187 (0.2051)  IoU (F channel): 0.3572 (0.3587)  IoU (C channel): 0.4041 (0.4041)  L1 (Db channel): 0.0543 (0.0548)  L1 (Dn channel): 0.3043 (0.3043)  lr: 0.000106  iter-time: 0.7022
[23:14:40.171260] Epoch: [28]  [ 70/131]  eta: 0:00:45  loss: 0.1879 (0.2040)  IoU (F channel): 0.3786 (0.3614)  IoU (C channel): 0.4172 (0.4076)  L1 (Db channel): 0.0551 (0.0549)  L1 (Dn channel): 0.3049 (0.3045)  lr: 0.000100  iter-time: 0.7019
[23:14:47.195461] Epoch: [28]  [ 80/131]  eta: 0:00:37  loss: 0.1934 (0.2039)  IoU (F channel): 0.3586 (0.3623)  IoU (C channel): 0.4204 (0.4097)  L1 (Db channel): 0.0551 (0.0549)  L1 (Dn channel): 0.3057 (0.3047)  lr: 0.000094  iter-time: 0.7021
[23:14:54.218803] Epoch: [28]  [ 90/131]  eta: 0:00:30  loss: 0.1740 (0.2028)  IoU (F channel): 0.3654 (0.3640)  IoU (C channel): 0.4291 (0.4136)  L1 (Db channel): 0.0549 (0.0549)  L1 (Dn channel): 0.3058 (0.3048)  lr: 0.000088  iter-time: 0.7023
[23:15:01.242521] Epoch: [28]  [100/131]  eta: 0:00:22  loss: 0.1722 (0.2013)  IoU (F channel): 0.3654 (0.3659)  IoU (C channel): 0.4231 (0.4099)  L1 (Db channel): 0.0543 (0.0548)  L1 (Dn channel): 0.3056 (0.3049)  lr: 0.000082  iter-time: 0.7022
[23:15:08.259104] Epoch: [28]  [110/131]  eta: 0:00:15  loss: 0.1865 (0.2002)  IoU (F channel): 0.3534 (0.3633)  IoU (C channel): 0.3722 (0.4082)  L1 (Db channel): 0.0542 (0.0547)  L1 (Dn channel): 0.3046 (0.3048)  lr: 0.000077  iter-time: 0.7019
[23:15:15.303813] Epoch: [28]  [120/131]  eta: 0:00:08  loss: 0.1956 (0.2009)  IoU (F channel): 0.3465 (0.3611)  IoU (C channel): 0.3846 (0.4062)  L1 (Db channel): 0.0544 (0.0547)  L1 (Dn channel): 0.3044 (0.3048)  lr: 0.000071  iter-time: 0.7030
[23:15:22.121995] Epoch: [28]  [130/131]  eta: 0:00:00  loss: 0.1961 (0.2004)  IoU (F channel): 0.3461 (0.3607)  IoU (C channel): 0.3953 (0.4051)  L1 (Db channel): 0.0548 (0.0548)  L1 (Dn channel): 0.3044 (0.3048)  lr: 0.000066  iter-time: 0.6930
[23:15:22.122250] Epoch: [28] Total time: 0:01:35 (0.7271 s / it)
[23:15:22.122306] [Train] averaged stats: loss: 0.1961 (0.2004)  IoU (F channel): 0.3461 (0.3607)  IoU (C channel): 0.3953 (0.4051)  L1 (Db channel): 0.0548 (0.0548)  L1 (Dn channel): 0.3044 (0.3048)  lr: 0.000066
[23:15:24.949818] Epoch: [28]  [ 0/15]  eta: 0:00:42  loss: 0.1694 (0.1694)  IoU (F channel): 0.0299 (0.0299)  IoU (C channel): 0.0467 (0.0467)  L1 (Db channel): 0.0563 (0.0563)  L1 (Dn channel): 0.3032 (0.3032)  iter-time: 2.8261
[23:15:27.965573] Epoch: [28]  [10/15]  eta: 0:00:02  loss: 0.2910 (0.2523)  IoU (F channel): 0.4021 (0.3497)  IoU (C channel): 0.3160 (0.2817)  L1 (Db channel): 0.0547 (0.0548)  L1 (Dn channel): 0.3046 (0.3047)  iter-time: 0.5310
[23:15:28.771461] Epoch: [28]  [14/15]  eta: 0:00:00  loss: 0.2910 (0.2909)  IoU (F channel): 0.3598 (0.3218)  IoU (C channel): 0.3108 (0.2611)  L1 (Db channel): 0.0547 (0.0549)  L1 (Dn channel): 0.3047 (0.3050)  iter-time: 0.4431
[23:15:28.771634] Epoch: [28] Total time: 0:00:06 (0.4432 s / it)
[23:15:28.771665] [Val] averaged stats: loss: 0.2910 (0.2909)  IoU (F channel): 0.3598 (0.3218)  IoU (C channel): 0.3108 (0.2611)  L1 (Db channel): 0.0547 (0.0549)  L1 (Dn channel): 0.3047 (0.3050)
[23:15:28.771892] [Val] best loss: 0.2842 best  IoU (F channel): 0.3220 IoU (C channel): 0.2640 L1 (Db channel): 0.0563 L1 (Dn channel): 0.3038 
EarlyStopping counter: 1 out of 10
[23:15:28.777930] [Time] 1.7m 49.8m/54.9m

[23:15:28.777954] ~~~ Epoch 29/30 ~~~

[23:15:32.436371] Epoch: [29]  [  0/131]  eta: 0:07:59  loss: 0.2791 (0.2791)  IoU (F channel): 0.2903 (0.2903)  IoU (C channel): 0.3540 (0.3540)  L1 (Db channel): 0.0545 (0.0545)  L1 (Dn channel): 0.3048 (0.3048)  lr: 0.000066  iter-time: 3.6570
[23:15:39.983805] Epoch: [29]  [ 10/131]  eta: 0:02:03  loss: 0.1886 (0.2030)  IoU (F channel): 0.2941 (0.3131)  IoU (C channel): 0.3839 (0.3648)  L1 (Db channel): 0.0547 (0.0547)  L1 (Dn channel): 0.3043 (0.3043)  lr: 0.000061  iter-time: 1.0185
[23:15:47.004024] Epoch: [29]  [ 20/131]  eta: 0:01:36  loss: 0.1886 (0.2036)  IoU (F channel): 0.3509 (0.3382)  IoU (C channel): 0.3954 (0.3887)  L1 (Db channel): 0.0548 (0.0549)  L1 (Dn channel): 0.3041 (0.3039)  lr: 0.000056  iter-time: 0.7283
[23:15:54.029819] Epoch: [29]  [ 30/131]  eta: 0:01:22  loss: 0.2004 (0.2007)  IoU (F channel): 0.3543 (0.3415)  IoU (C channel): 0.3959 (0.3902)  L1 (Db channel): 0.0548 (0.0549)  L1 (Dn channel): 0.3040 (0.3040)  lr: 0.000051  iter-time: 0.7022
[23:16:01.055494] Epoch: [29]  [ 40/131]  eta: 0:01:11  loss: 0.2004 (0.2027)  IoU (F channel): 0.3482 (0.3498)  IoU (C channel): 0.4132 (0.3967)  L1 (Db channel): 0.0544 (0.0546)  L1 (Dn channel): 0.3037 (0.3039)  lr: 0.000047  iter-time: 0.7025
[23:16:08.084328] Epoch: [29]  [ 50/131]  eta: 0:01:02  loss: 0.1993 (0.2013)  IoU (F channel): 0.3441 (0.3443)  IoU (C channel): 0.4066 (0.3964)  L1 (Db channel): 0.0538 (0.0544)  L1 (Dn channel): 0.3037 (0.3039)  lr: 0.000043  iter-time: 0.7026
[23:16:15.104376] Epoch: [29]  [ 60/131]  eta: 0:00:53  loss: 0.1772 (0.2003)  IoU (F channel): 0.3362 (0.3498)  IoU (C channel): 0.4222 (0.4017)  L1 (Db channel): 0.0537 (0.0543)  L1 (Dn channel): 0.3038 (0.3038)  lr: 0.000039  iter-time: 0.7023
[23:16:22.132159] Epoch: [29]  [ 70/131]  eta: 0:00:45  loss: 0.1764 (0.2007)  IoU (F channel): 0.3537 (0.3535)  IoU (C channel): 0.4316 (0.4049)  L1 (Db channel): 0.0539 (0.0543)  L1 (Dn channel): 0.3042 (0.3039)  lr: 0.000035  iter-time: 0.7023
[23:16:29.157245] Epoch: [29]  [ 80/131]  eta: 0:00:38  loss: 0.1865 (0.2009)  IoU (F channel): 0.3709 (0.3552)  IoU (C channel): 0.4316 (0.4094)  L1 (Db channel): 0.0538 (0.0542)  L1 (Dn channel): 0.3044 (0.3039)  lr: 0.000032  iter-time: 0.7025
[23:16:36.184811] Epoch: [29]  [ 90/131]  eta: 0:00:30  loss: 0.1981 (0.2027)  IoU (F channel): 0.3693 (0.3573)  IoU (C channel): 0.4382 (0.4102)  L1 (Db channel): 0.0539 (0.0542)  L1 (Dn channel): 0.3039 (0.3040)  lr: 0.000028  iter-time: 0.7025
[23:16:43.209978] Epoch: [29]  [100/131]  eta: 0:00:22  loss: 0.1956 (0.2015)  IoU (F channel): 0.3588 (0.3577)  IoU (C channel): 0.4081 (0.4091)  L1 (Db channel): 0.0540 (0.0542)  L1 (Dn channel): 0.3041 (0.3040)  lr: 0.000025  iter-time: 0.7025
[23:16:50.229096] Epoch: [29]  [110/131]  eta: 0:00:15  loss: 0.1785 (0.1997)  IoU (F channel): 0.3458 (0.3567)  IoU (C channel): 0.3959 (0.4062)  L1 (Db channel): 0.0540 (0.0542)  L1 (Dn channel): 0.3041 (0.3040)  lr: 0.000022  iter-time: 0.7021
[23:16:57.269079] Epoch: [29]  [120/131]  eta: 0:00:08  loss: 0.1767 (0.1981)  IoU (F channel): 0.3477 (0.3590)  IoU (C channel): 0.3950 (0.4059)  L1 (Db channel): 0.0545 (0.0542)  L1 (Dn channel): 0.3038 (0.3040)  lr: 0.000019  iter-time: 0.7028
[23:17:04.088917] Epoch: [29]  [130/131]  eta: 0:00:00  loss: 0.1783 (0.1987)  IoU (F channel): 0.3530 (0.3589)  IoU (C channel): 0.4054 (0.4051)  L1 (Db channel): 0.0545 (0.0542)  L1 (Dn channel): 0.3036 (0.3040)  lr: 0.000017  iter-time: 0.6929
[23:17:04.089093] Epoch: [29] Total time: 0:01:35 (0.7276 s / it)
[23:17:04.089144] [Train] averaged stats: loss: 0.1783 (0.1987)  IoU (F channel): 0.3530 (0.3589)  IoU (C channel): 0.4054 (0.4051)  L1 (Db channel): 0.0545 (0.0542)  L1 (Dn channel): 0.3036 (0.3040)  lr: 0.000017
[23:17:07.016545] Epoch: [29]  [ 0/15]  eta: 0:00:43  loss: 0.1701 (0.1701)  IoU (F channel): 0.0238 (0.0238)  IoU (C channel): 0.0417 (0.0417)  L1 (Db channel): 0.0556 (0.0556)  L1 (Dn channel): 0.3024 (0.3024)  iter-time: 2.9261
[23:17:10.114518] Epoch: [29]  [10/15]  eta: 0:00:02  loss: 0.2796 (0.2481)  IoU (F channel): 0.4035 (0.3491)  IoU (C channel): 0.3267 (0.2826)  L1 (Db channel): 0.0543 (0.0543)  L1 (Dn channel): 0.3033 (0.3039)  iter-time: 0.5476
[23:17:10.921560] Epoch: [29]  [14/15]  eta: 0:00:00  loss: 0.2796 (0.2918)  IoU (F channel): 0.3561 (0.3193)  IoU (C channel): 0.3164 (0.2602)  L1 (Db channel): 0.0543 (0.0544)  L1 (Dn channel): 0.3043 (0.3042)  iter-time: 0.4553
[23:17:10.921743] Epoch: [29] Total time: 0:00:06 (0.4554 s / it)
[23:17:10.921772] [Val] averaged stats: loss: 0.2796 (0.2918)  IoU (F channel): 0.3561 (0.3193)  IoU (C channel): 0.3164 (0.2602)  L1 (Db channel): 0.0543 (0.0544)  L1 (Dn channel): 0.3043 (0.3042)
[23:17:10.921994] [Val] best loss: 0.2842 best  IoU (F channel): 0.3220 IoU (C channel): 0.2640 L1 (Db channel): 0.0563 L1 (Dn channel): 0.3038 
EarlyStopping counter: 2 out of 10
[23:17:10.928772] [Time] 1.7m 51.5m/54.9m

[23:17:10.928797] ~~~ Epoch 30/30 ~~~

[23:17:15.456535] Epoch: [30]  [  0/131]  eta: 0:09:52  loss: 0.2934 (0.2934)  IoU (F channel): 0.3143 (0.3143)  IoU (C channel): 0.3925 (0.3925)  L1 (Db channel): 0.0541 (0.0541)  L1 (Dn channel): 0.3040 (0.3040)  lr: 0.000016  iter-time: 4.5261
[23:17:22.696458] Epoch: [30]  [ 10/131]  eta: 0:02:09  loss: 0.2134 (0.2094)  IoU (F channel): 0.3499 (0.3440)  IoU (C channel): 0.3971 (0.3851)  L1 (Db channel): 0.0546 (0.0545)  L1 (Dn channel): 0.3038 (0.3035)  lr: 0.000014  iter-time: 1.0696
[23:17:29.715735] Epoch: [30]  [ 20/131]  eta: 0:01:39  loss: 0.2134 (0.2094)  IoU (F channel): 0.3528 (0.3534)  IoU (C channel): 0.4081 (0.3986)  L1 (Db channel): 0.0546 (0.0546)  L1 (Dn channel): 0.3033 (0.3034)  lr: 0.000012  iter-time: 0.7129
[23:17:36.743325] Epoch: [30]  [ 30/131]  eta: 0:01:24  loss: 0.1940 (0.2017)  IoU (F channel): 0.3595 (0.3576)  IoU (C channel): 0.3980 (0.3974)  L1 (Db channel): 0.0546 (0.0546)  L1 (Dn channel): 0.3035 (0.3035)  lr: 0.000010  iter-time: 0.7022
[23:17:43.768953] Epoch: [30]  [ 40/131]  eta: 0:01:12  loss: 0.1789 (0.1966)  IoU (F channel): 0.3486 (0.3601)  IoU (C channel): 0.3918 (0.3996)  L1 (Db channel): 0.0548 (0.0547)  L1 (Dn channel): 0.3038 (0.3035)  lr: 0.000008  iter-time: 0.7025
[23:17:50.794744] Epoch: [30]  [ 50/131]  eta: 0:01:03  loss: 0.1893 (0.1999)  IoU (F channel): 0.3613 (0.3637)  IoU (C channel): 0.3987 (0.3995)  L1 (Db channel): 0.0551 (0.0548)  L1 (Dn channel): 0.3036 (0.3036)  lr: 0.000006  iter-time: 0.7025
[23:17:57.812771] Epoch: [30]  [ 60/131]  eta: 0:00:54  loss: 0.1963 (0.1974)  IoU (F channel): 0.3522 (0.3592)  IoU (C channel): 0.3851 (0.3985)  L1 (Db channel): 0.0551 (0.0548)  L1 (Dn channel): 0.3039 (0.3036)  lr: 0.000005  iter-time: 0.7021
[23:18:04.838231] Epoch: [30]  [ 70/131]  eta: 0:00:46  loss: 0.1912 (0.1971)  IoU (F channel): 0.3418 (0.3581)  IoU (C channel): 0.3935 (0.3999)  L1 (Db channel): 0.0551 (0.0548)  L1 (Dn channel): 0.3041 (0.3037)  lr: 0.000003  iter-time: 0.7021
[23:18:11.861820] Epoch: [30]  [ 80/131]  eta: 0:00:38  loss: 0.1921 (0.1976)  IoU (F channel): 0.3442 (0.3584)  IoU (C channel): 0.4020 (0.4030)  L1 (Db channel): 0.0550 (0.0548)  L1 (Dn channel): 0.3042 (0.3038)  lr: 0.000002  iter-time: 0.7023
[23:18:18.887277] Epoch: [30]  [ 90/131]  eta: 0:00:30  loss: 0.1821 (0.1964)  IoU (F channel): 0.3383 (0.3570)  IoU (C channel): 0.3970 (0.4017)  L1 (Db channel): 0.0549 (0.0549)  L1 (Dn channel): 0.3042 (0.3038)  lr: 0.000001  iter-time: 0.7023
[23:18:25.907692] Epoch: [30]  [100/131]  eta: 0:00:23  loss: 0.1810 (0.1963)  IoU (F channel): 0.3427 (0.3560)  IoU (C channel): 0.4072 (0.4009)  L1 (Db channel): 0.0549 (0.0549)  L1 (Dn channel): 0.3040 (0.3038)  lr: 0.000001  iter-time: 0.7022
[23:18:32.927344] Epoch: [30]  [110/131]  eta: 0:00:15  loss: 0.1651 (0.1940)  IoU (F channel): 0.3511 (0.3566)  IoU (C channel): 0.4119 (0.4021)  L1 (Db channel): 0.0549 (0.0549)  L1 (Dn channel): 0.3040 (0.3038)  lr: 0.000000  iter-time: 0.7019
[23:18:39.981558] Epoch: [30]  [120/131]  eta: 0:00:08  loss: 0.1687 (0.1938)  IoU (F channel): 0.3596 (0.3575)  IoU (C channel): 0.4054 (0.4040)  L1 (Db channel): 0.0550 (0.0549)  L1 (Dn channel): 0.3037 (0.3038)  lr: 0.000000  iter-time: 0.7036
[23:18:46.800798] Epoch: [30]  [130/131]  eta: 0:00:00  loss: 0.1830 (0.1943)  IoU (F channel): 0.3452 (0.3569)  IoU (C channel): 0.4052 (0.4045)  L1 (Db channel): 0.0549 (0.0549)  L1 (Dn channel): 0.3038 (0.3039)  lr: 0.000000  iter-time: 0.6935
[23:18:46.801053] Epoch: [30] Total time: 0:01:35 (0.7318 s / it)
[23:18:46.801100] [Train] averaged stats: loss: 0.1830 (0.1943)  IoU (F channel): 0.3452 (0.3569)  IoU (C channel): 0.4052 (0.4045)  L1 (Db channel): 0.0549 (0.0549)  L1 (Dn channel): 0.3038 (0.3039)  lr: 0.000000
[23:18:49.656604] Epoch: [30]  [ 0/15]  eta: 0:00:42  loss: 0.1700 (0.1700)  IoU (F channel): 0.0230 (0.0230)  IoU (C channel): 0.0394 (0.0394)  L1 (Db channel): 0.0563 (0.0563)  L1 (Dn channel): 0.3026 (0.3026)  iter-time: 2.8542
[23:18:53.035563] Epoch: [30]  [10/15]  eta: 0:00:02  loss: 0.2873 (0.2505)  IoU (F channel): 0.4150 (0.3541)  IoU (C channel): 0.3338 (0.2856)  L1 (Db channel): 0.0548 (0.0549)  L1 (Dn channel): 0.3036 (0.3042)  iter-time: 0.5666
[23:18:53.840896] Epoch: [30]  [14/15]  eta: 0:00:00  loss: 0.2873 (0.2953)  IoU (F channel): 0.3632 (0.3215)  IoU (C channel): 0.3155 (0.2612)  L1 (Db channel): 0.0548 (0.0550)  L1 (Dn channel): 0.3045 (0.3044)  iter-time: 0.4692
[23:18:53.841060] Epoch: [30] Total time: 0:00:07 (0.4693 s / it)
[23:18:53.841089] [Val] averaged stats: loss: 0.2873 (0.2953)  IoU (F channel): 0.3632 (0.3215)  IoU (C channel): 0.3155 (0.2612)  L1 (Db channel): 0.0548 (0.0550)  L1 (Dn channel): 0.3045 (0.3044)
[23:18:53.841312] [Val] best loss: 0.2842 best  IoU (F channel): 0.3220 IoU (C channel): 0.2640 L1 (Db channel): 0.0563 L1 (Dn channel): 0.3038 
[23:18:53.849390] Creating training plots . . .
EarlyStopping counter: 3 out of 10
[23:18:57.057954] [Time] 1.8m 53.3m/55.0m

[23:18:57.058004] Training time: 0:53:16
[23:18:57.058064] Train loss: 0.1943199701664102
[23:18:57.058076] Train IoU (F channel): 0.3569254604459719
[23:18:57.058087] Train IoU (C channel): 0.4045275376953241
[23:18:57.058098] Train L1 (Db channel): 0.05488476137282284
[23:18:57.058114] Train L1 (Dn channel): 0.3038621447013535
[23:18:57.058124] Validation loss: 0.28420705512786903
[23:18:57.058135] Validation IoU (F channel): 0.32195472717285156
[23:18:57.058145] Validation IoU (C channel): 0.2640106976032257
[23:18:57.058156] Validation L1 (Db channel): 0.05629042536020279
[23:18:57.058166] Validation L1 (Dn channel): 0.30378249287605286
[23:18:57.058176] 
[23:18:57.058186] Finished Training
[23:18:57.060633] Loading checkpoint from file metrics/biapy/biapy-v1-no-aug/checkpoints/biapy-v1-no-aug_0-checkpoint-best.pth
[23:18:57.221885] Model weights loaded!
[23:18:57.233104] Normalization used in when creating BMZ data: {'type': 'zero_mean_unit_variance', 'percentile_clip': False, 'orig_dtype': 'float32', 'out_dtype': 'float32', 'per_channel_info': {'0': {'mean': 1.42852783203125, 'std': 0.5219665765762329}, '1': {'mean': 3.8770415782928467, 'std': 0.7838022112846375}, '2': {'mean': 1.0, 'std': 0.0}}}
[23:18:57.241372] Releasing memory . . .
