SBATCH Run: biapy-v2-channel-scale.yaml, mode: train, job-name: biapy-v2-channel-scale, run-id: 0
SLURM_CPUS_PER_TASK=16
running BiaPy/run_biapy-py.py
Mode overrides (train): TRAIN.ENABLE=True, TEST.ENABLE=False, MODEL.LOAD_CHECKPOINT=False
CPU overrides: SYSTEM.NUM_CPUS=16, SYSTEM.NUM_WORKERS=16
Date     : 2026-08-07 22:12:18
Arguments: Namespace(config={'SYSTEM': {'NUM_CPUS': 16, 'NUM_WORKERS': -1}, 'PROBLEM': {'TYPE': 'INSTANCE_SEG', 'NDIM': '3D', 'INSTANCE_SEG': {'DATA_CHANNELS': ['F', 'C', 'Db', 'Dn'], 'WATERSHED': {'SEED_CHANNELS': ['C'], 'SEED_CHANNELS_THRESH': [0.3], 'SEED_MORPH_SEQUENCE': ['erode', 'dilate'], 'TOPOGRAPHIC_SURFACE_CHANNEL': 'Db', 'GROWTH_MASK_CHANNELS': ['F'], 'GROWTH_MASK_CHANNELS_THRESH': ['auto'], 'DATA_REMOVE_BEFORE_MW': True, 'DATA_REMOVE_SMALL_OBJ_BEFORE': 50, 'SEED_MORPH_RADIUS': [1, 1], 'ERODE_AND_DILATE_GROWTH_MASK': True, 'FORE_EROSION_RADIUS': 1, 'FORE_DILATION_RADIUS': 1, 'DATA_CHECK_MW': True}}}, 'DATA': {'PATCH_SIZE': '(20, 128, 128, 3)', 'TRAIN': {'PATH': 'fisbe/biapy-channel-scale/train/raw', 'GT_PATH': 'fisbe/biapy-channel-scale/train/label', 'IN_MEMORY': True}, 'VAL': {'PATH': 'fisbe/biapy-no-aug/val/raw', 'GT_PATH': 'fisbe/biapy-no-aug/val/label'}, 'TEST': {'PATH': 'fisbe/biapy-no-aug/test/raw', 'GT_PATH': 'fisbe/biapy-no-aug/test/label', 'IN_MEMORY': True, 'LOAD_GT': True, 'PADDING': '(4,16,16)'}}, 'AUGMENTOR': {'ENABLE': False, 'RANDOM_ROT': False, 'VFLIP': False, 'HFLIP': False, 'ZFLIP': False}, 'PATHS': {'CHECKPOINT_FILE': 'metrics/biapy/biapy-v2-channel-scale/checkpoints/biapy-v2-channel-scale_0-checkpoint-best.pth'}, 'MODEL': {'ARCHITECTURE': 'unet', 'FEATURE_MAPS': [16, 32, 64, 128, 256], 'Z_DOWN': [1, 1, 1, 1], 'LOAD_CHECKPOINT': False}, 'TRAIN': {'ENABLE': True, 'OPTIMIZER': 'ADAMW', 'LR': 0.002, 'BATCH_SIZE': 60, 'EPOCHS': 30, 'PATIENCE': 10, 'LR_SCHEDULER': {'NAME': 'onecycle'}}, 'TEST': {'ENABLE': False, 'AUGMENTATION': False, 'FULL_IMG': False, 'POST_PROCESSING': {'INSTANCE_REFINEMENT': {'ENABLE': True, 'OPERATIONS': ['remove_small_objects'], 'VALUES': [50]}}}}, result_dir='metrics/biapy', name='biapy-v2-channel-scale', run_id='0', gpu='0', world_size=1, local_rank=-1, dist_on_itp=False, dist_url='env://', dist_backend='nccl')
Job      : biapy-v2-channel-scale_0
BiaPy    : 3.7.0
Python   : 3.11.15 | packaged by conda-forge | (main, Jun 11 2026, 03:34:02) [GCC 14.3.0]
PyTorch  : 2.12.1+cu130
The following changes were made in order to adapt the input configuration:
Not using distributed mode
[22:12:18.538828] **** Using GPU: 'cuda' for training
[22:12:18.661472] CPU budget(total)=16 | per_rank=16 | main_threads=4 | num_workers(per_rank)=8 | world_size=1
[22:12:18.692616] Configuration details:
[22:12:18.692641] AUGMENTOR:
  AFFINE_MODE: reflect
  AUG_NUM_SAMPLES: 10
  AUG_SAMPLES: True
  BRIGHTNESS: False
  BRIGHTNESS_FACTOR: (-0.1, 0.1)
  BRIGHTNESS_PROB: 0.5
  CBLUR_DOWN_RANGE: (2, 8)
  CBLUR_INSIDE: True
  CBLUR_SIZE: (0.2, 0.4)
  CHANNEL_SHUFFLE: False
  CHANNEL_SHUFFLE_PROB: 0.5
  CMIX_SIZE: (0.2, 0.4)
  CNOISE_NB_ITERATIONS: (1, 3)
  CNOISE_SCALE: (0.05, 0.1)
  CNOISE_SIZE: (0.2, 0.4)
  CONTRAST: False
  CONTRAST_FACTOR: (-0.1, 0.1)
  CONTRAST_PROB: 0.5
  COUT_APPLY_TO_MASK: False
  COUT_CVAL: 0.0
  COUT_NB_ITERATIONS: (1, 3)
  COUT_SIZE: (0.05, 0.3)
  CUTBLUR: False
  CUTBLUR_PROB: 0.5
  CUTMIX: False
  CUTMIX_PROB: 0.5
  CUTNOISE: False
  CUTNOISE_PROB: 0.5
  CUTOUT: False
  CUTOUT_PROB: 0.5
  DRAW_GRID: True
  DROPOUT: False
  DROPOUT_PROB: 0.5
  DROP_RANGE: (0, 0.2)
  ELASTIC: False
  ELASTIC_PROB: 0.5
  ENABLE: False
  E_ALPHA: (12, 16)
  E_MODE: constant
  E_SIGMA: 4
  GAMMA_CONTRAST: False
  GAMMA_CONTRAST_PROB: 0.5
  GAUSSIAN_NOISE: False
  GAUSSIAN_NOISE_MEAN: 0.0
  GAUSSIAN_NOISE_PROB: 0.5
  GAUSSIAN_NOISE_USE_INPUT_IMG_MEAN_AND_VAR: False
  GAUSSIAN_NOISE_VAR: 0.05
  GC_GAMMA: (1.25, 1.75)
  GRAYSCALE: False
  GRAYSCALE_PROB: 0.5
  GRIDMASK: False
  GRIDMASK_PROB: 0.5
  GRID_D_RANGE: (0.4, 1)
  GRID_INVERT: False
  GRID_RATIO: 0.6
  GRID_ROTATE: 1.0
  G_BLUR: False
  G_BLUR_PROB: 0.5
  G_SIGMA: (1.0, 2.0)
  HFLIP: False
  HFLIP_PROB: 0.5
  MB_KERNEL: (3, 7)
  MEDIAN_BLUR: False
  MEDIAN_BLUR_PROB: 0.5
  MISALIGNMENT: False
  MISALIGNMENT_PROB: 0.5
  MISSING_SECTIONS: False
  MISSING_SECTIONS_PROB: 0.5
  MISSP_CHANNEL_PB: 0.5
  MISSP_ITERATIONS: (10, 30)
  MOTB_K_RANGE: (8, 12)
  MOTION_BLUR: False
  MOTION_BLUR_PROB: 0.5
  MS_DISPLACEMENT: 16
  MS_ROTATE_RATIO: 0.5
  PEPPER: False
  PEPPER_AMOUNT: 0.05
  PEPPER_PROB: 0.5
  POISSON_NOISE: False
  POISSON_NOISE_PROB: 0.5
  RANDOM_ROT: False
  RANDOM_ROT_PROB: 0.5
  RANDOM_ROT_RANGE: (-180, 180)
  ROT90: False
  ROT90_PROB: 0.5
  SALT: False
  SALT_AMOUNT: 0.05
  SALT_AND_PEPPER: False
  SALT_AND_PEPPER_AMOUNT: 0.05
  SALT_AND_PEPPER_PROB: 0.5
  SALT_AND_PEPPER_PROP: 0.5
  SALT_PROB: 0.5
  SHEAR: False
  SHEAR_PROB: 0.5
  SHEAR_RANGE: (-20, 20)
  SHIFT: False
  SHIFT_PROB: 0.5
  SHIFT_RANGE: (0.1, 0.2)
  SHUFFLE_TRAIN_DATA_EACH_EPOCH: True
  SHUFFLE_VAL_DATA_EACH_EPOCH: False
  VFLIP: False
  VFLIP_PROB: 0.5
  ZFLIP: False
  ZFLIP_PROB: 0.5
  ZOOM: False
  ZOOM_IN_Z: False
  ZOOM_PROB: 0.5
  ZOOM_RANGE: (0.5, 1.5)
DATA:
  CHECK_GENERATORS: False
  FILTER_BY_IMAGE: False
  FORCE_RGB: False
  NORMALIZATION:
    PERC_CLIP:
      ENABLE: False
      LOWER_PERC: -1.0
      LOWER_VALUE: [-1.0]
      UPPER_PERC: -1.0
      UPPER_VALUE: [-1.0]
    TYPE: zero_mean_unit_variance
    ZERO_MEAN_UNIT_VAR:
      MEAN_VAL: [-1.0]
      STD_VAL: [-1.0]
  N_CLASSES: 2
  PATCH_SIZE: (20, 128, 128, 3)
  PREPROCESS:
    CANNY:
      ENABLE: False
      HIGH_THRESHOLD: None
      LOW_THRESHOLD: None
    CLAHE:
      CLIP_LIMIT: 0.01
      ENABLE: False
      KERNEL_SIZE: None
    GAUSSIAN_BLUR:
      CHANNEL_AXIS: None
      ENABLE: False
      MODE: nearest
      SIGMA: 1
    MATCH_HISTOGRAM:
      ENABLE: False
      REFERENCE_PATH: user_data/test/x
    MEDIAN_BLUR:
      ENABLE: False
      KERNEL_SIZE: (3, 3, 1)
    RESIZE:
      ANTI_ALIASING: False
      CLIP: True
      CVAL: 0.0
      ENABLE: False
      MODE: reflect
      ORDER: 1
      OUTPUT_SHAPE: (512, 512)
      PRESERVE_RANGE: True
    TEST: False
    TRAIN: False
    VAL: False
    ZOOM:
      ENABLE: False
      ZOOM_FACTOR: [1, 1, 1, 1, 1]
  REFLECT_TO_COMPLETE_SHAPE: True
  SAVE_FILTERED_IMAGES: False
  SAVE_FILTERED_IMAGES_NUM: 3
  TEST:
    BINARY_MASKS: fisbe/biapy-no-aug/test/raw/../bin_mask
    CHECK_DATA: True
    DETECTION_MASK_DIR: fisbe/biapy-no-aug/test/label_detection_masks_2
    FILTER_SAMPLES:
      ENABLE: False
      NORM_BEFORE: False
      PROPS: []
      SIGNS: []
      VALUES: []
    GT_PATH: fisbe/biapy-no-aug/test/label
    INPUT_IMG_AXES_ORDER: TZCYX
    INPUT_MASK_AXES_ORDER: TZCYX
    INPUT_ZARR_MULTIPLE_DATA: False
    INPUT_ZARR_MULTIPLE_DATA_GT_PATH: 
    INPUT_ZARR_MULTIPLE_DATA_ID_PATH: annotations.ids
    INPUT_ZARR_MULTIPLE_DATA_LOCATIONS_PATH: annotations.locations
    INPUT_ZARR_MULTIPLE_DATA_PARTNERS_PATH: annotations.presynaptic_site.partners
    INPUT_ZARR_MULTIPLE_DATA_RAW_PATH: 
    INPUT_ZARR_MULTIPLE_DATA_RESOLUTION_PATH: volumes.raw
    INSTANCE_CHANNELS_MASK_DIR: fisbe/biapy-no-aug/test/label_F.erosion-0.dilation-0_C.mode-thick_Db.val_type-norm.act-sigmoid.mask_values-True_Dn.closing_size-3.norm-True.mask_values-True.decline_power-3
    IN_MEMORY: True
    LOAD_GT: True
    MEDIAN_PADDING: False
    OVERLAP: (0, 0, 0)
    PADDING: (4, 16, 16)
    PATH: fisbe/biapy-no-aug/test/raw
    RESOLUTION: (1, 1, 1)
    SSL_SOURCE_DIR: fisbe/biapy-no-aug/test/raw_ssl_source
    USE_VAL_AS_TEST: False
  TRAIN:
    CHECK_DATA: True
    DETECTION_MASK_DIR: fisbe/biapy-channel-scale/train/label_detection_masks_2
    EXTRACT_RANDOM_PATCH: False
    FILTER_SAMPLES:
      ENABLE: False
      NORM_BEFORE: False
      PROPS: []
      SIGNS: []
      VALUES: []
    GT_PATH: fisbe/biapy-channel-scale/train/label
    INPUT_IMG_AXES_ORDER: TZCYX
    INPUT_MASK_AXES_ORDER: TZCYX
    INPUT_ZARR_MULTIPLE_DATA: False
    INPUT_ZARR_MULTIPLE_DATA_GT_PATH: 
    INPUT_ZARR_MULTIPLE_DATA_ID_PATH: annotations.ids
    INPUT_ZARR_MULTIPLE_DATA_LOCATIONS_PATH: annotations.locations
    INPUT_ZARR_MULTIPLE_DATA_PARTNERS_PATH: annotations.presynaptic_site.partners
    INPUT_ZARR_MULTIPLE_DATA_RAW_PATH: 
    INPUT_ZARR_MULTIPLE_DATA_RESOLUTION_PATH: volumes.raw
    INSTANCE_CHANNELS_MASK_DIR: fisbe/biapy-channel-scale/train/label_F.erosion-0.dilation-0_C.mode-thick_Db.val_type-norm.act-sigmoid.mask_values-True_Dn.closing_size-3.norm-True.mask_values-True.decline_power-3
    IN_MEMORY: True
    OVERLAP: (0, 0, 0)
    PADDING: (0, 0, 0)
    PATH: fisbe/biapy-channel-scale/train/raw
    PROBABILITY_MAP: False
    REPLICATE: 0
    RESOLUTION: (1, 1, 1)
    SSL_SOURCE_DIR: fisbe/biapy-channel-scale/train/raw_ssl_source
    W_BACKGROUND: 0.06
    W_FOREGROUND: 0.94
  VAL:
    CROSS_VAL: False
    CROSS_VAL_FOLD: 1
    CROSS_VAL_NFOLD: 5
    DETECTION_MASK_DIR: fisbe/biapy-no-aug/val/label_detection_masks_2
    DIST_EVAL: True
    FILTER_SAMPLES:
      ENABLE: False
      NORM_BEFORE: False
      PROPS: []
      SIGNS: []
      VALUES: []
    FROM_TRAIN: True
    GT_PATH: fisbe/biapy-no-aug/val/label
    INPUT_IMG_AXES_ORDER: TZCYX
    INPUT_MASK_AXES_ORDER: TZCYX
    INPUT_ZARR_MULTIPLE_DATA: False
    INPUT_ZARR_MULTIPLE_DATA_GT_PATH: 
    INPUT_ZARR_MULTIPLE_DATA_ID_PATH: annotations.ids
    INPUT_ZARR_MULTIPLE_DATA_LOCATIONS_PATH: annotations.locations
    INPUT_ZARR_MULTIPLE_DATA_PARTNERS_PATH: annotations.presynaptic_site.partners
    INPUT_ZARR_MULTIPLE_DATA_RAW_PATH: 
    INPUT_ZARR_MULTIPLE_DATA_RESOLUTION_PATH: volumes.raw
    INSTANCE_CHANNELS_MASK_DIR: fisbe/biapy-no-aug/val/label_F.erosion-0.dilation-0_C.mode-thick_Db.val_type-norm.act-sigmoid.mask_values-True_Dn.closing_size-3.norm-True.mask_values-True.decline_power-3
    IN_MEMORY: True
    OVERLAP: (0, 0, 0)
    PADDING: (0, 0, 0)
    PATH: fisbe/biapy-no-aug/val/raw
    RANDOM: True
    RESOLUTION: (1, 1, 1)
    SPLIT_TRAIN: 0.1
    SSL_SOURCE_DIR: fisbe/biapy-no-aug/val/raw_ssl_source
LOG:
  CHART_CREATION_FREQ: 5
  LOG_DIR: metrics/biapy/biapy-v2-channel-scale/logs
  LOG_FILE_PREFIX: biapy-v2-channel-scale_0
  TENSORBOARD_LOG_DIR: metrics/biapy/biapy-v2-channel-scale/results/biapy-v2-channel-scale_0/tensorboard
LOSS:
  CLASS_REBALANCE: none
  CLASS_WEIGHTS: []
  CONTRAST:
    ENABLE: False
    MEMORY_SIZE: 5000
    PIXEL_UPD_FREQ: 10
    PROJ_DIM: 256
  CYCLEGAN:
    ALPHA_PERCEPTUAL: 0.0
    DELTA_MSE: 0.0
    GAMMA_SSIM: 1.0
    LAMBDA_GAN: 1.0
    LAMBDA_RECON: 10.0
  IGNORE_INDEX: -1
  TYPE: 
  WEIGHTS: [1.0, 1.0]
MODEL:
  ACTIVATION: elu
  ARCHITECTURE: unet
  BMZ:
    EXPORT:
      AUTHORS: []
      CITE: []
      DATASET_INFO: [{}]
      DESCRIPTION: 
      DOCUMENTATION: 
      ENABLE: False
      LICENSE: CC-BY-4.0
      MODEL_NAME: 
      MODEL_VERSION: 0.1.0
      REUSE_BMZ_CONFIG: False
      TAGS: []
    SOURCE_MODEL_ID: 
  CONVNEXT_LAYER_SCALE: 1e-06
  CONVNEXT_SD_PROB: 0.1
  CONVNEXT_STEM_K_SIZE: 2
  CONV_BLOCK_ORDER: conv_norm_act
  CONV_LAYERS: [2, 2, 2, 2, 2]
  DROPOUT_VALUES: [0.0, 0.0, 0.0, 0.0, 0.0]
  FEATURE_MAPS: [16, 32, 64, 128, 256]
  FREEZE_LAYERS_MATCHING: []
  HRNET:
    BLOCK_TYPE: BASIC
    HEAD_TYPE: FCN
    NUM_BLOCKS: [[4, 4], [4, 4, 4], [4, 4, 4, 4]]
    NUM_BRANCHES: [2, 3, 4]
    NUM_CHANNELS: [[18, 36], [18, 36, 72], [18, 36, 72, 144]]
    NUM_MODULES: [1, 4, 3]
    NUM_STAGES: 3
    VARIANT: W48
    YX_DOWN: [0, 0, 0]
    Z_DOWN: [0, 0, 0]
  ISOTROPY: [True, True, True, True, True]
  ITEMS_TO_LOAD_FROM_CHECKPOINT: ['weights', 'norm', 'model_arch']
  KERNEL_SIZE: 3
  LARGER_IO: False
  LOAD_CHECKPOINT: False
  LOAD_CHECKPOINT_EPOCH: best_on_val
  MAE_DEC_HIDDEN_SIZE: 512
  MAE_DEC_MLP_DIMS: 2048
  MAE_DEC_NUM_HEADS: 16
  MAE_DEC_NUM_LAYERS: 8
  MAE_MASK_RATIO: 0.5
  MAE_MASK_TYPE: grid
  NAFNET:
    ARCHITECTURE_D: patchgan
    DEC_BLK_NUMS: [2, 2, 2, 2]
    DW_EXPAND: 2
    ENC_BLK_NUMS: [2, 2, 4, 8]
    FFN_EXPAND: 2
    MIDDLE_BLK_NUM: 12
    PATCHGAN:
      BASE_FILTERS: 64
    WIDTH: 16
  NORMALIZATION: in
  OUT_CHECKPOINT_FORMAT: pth
  RCAN_CONV_FILTERS: 16
  RCAN_RCAB_BLOCK_NUM: 20
  RCAN_REDUCTION_RATIO: 16
  RCAN_RG_BLOCK_NUM: 10
  RCAN_UPSCALING_LAYER: True
  SAVE_CKPT_FREQ: -1
  SKIP_UNMATCHED_LAYERS: False
  SOURCE: biapy
  STUNET:
    PRETRAINED: False
    VARIANT: base
  TORCHVISION_MODEL_NAME: 
  UNETR_VIT_HIDD_MULT: -1
  UNETR_VIT_MODEL: custom
  UNETR_VIT_NUM_FILTERS: 16
  UNET_SR_UPSAMPLE_POSITION: pre
  UPSAMPLE_LAYER: convtranspose
  VIT_EMBED_DIM: 768
  VIT_MLP_RATIO: 4.0
  VIT_MODEL: custom
  VIT_NORM_EPS: 1e-06
  VIT_NUM_HEADS: 12
  VIT_NUM_LAYERS: 12
  VIT_PRETRAINED_WEIGHTS: 
  VIT_TOKEN_SIZE: 16
  YX_DOWN: [2, 2, 2, 2]
  Z_DOWN: [1, 1, 1, 1]
PATHS:
  BMZ_EXPORT_PATH: metrics/biapy/biapy-v2-channel-scale/results/biapy-v2-channel-scale_0/BMZ_files
  CHARTS: metrics/biapy/biapy-v2-channel-scale/results/biapy-v2-channel-scale_0/charts
  CHECKPOINT: metrics/biapy/biapy-v2-channel-scale/checkpoints
  CHECKPOINT_FILE: metrics/biapy/biapy-v2-channel-scale/checkpoints/biapy-v2-channel-scale_0-checkpoint-best.pth
  DA_SAMPLES: metrics/biapy/biapy-v2-channel-scale/results/biapy-v2-channel-scale_0/aug
  FIL_SAMPLES_DIR: metrics/biapy/biapy-v2-channel-scale/results/biapy-v2-channel-scale_0/filtering_information
  GEN_CHECKS: metrics/biapy/biapy-v2-channel-scale/results/biapy-v2-channel-scale_0/gen_check
  GEN_MASK_CHECKS: metrics/biapy/biapy-v2-channel-scale/results/biapy-v2-channel-scale_0/gen_mask_check
  MAE_OUT_DIR: metrics/biapy/biapy-v2-channel-scale/results/biapy-v2-channel-scale_0/MAE_checks
  PROB_MAP_DIR: metrics/biapy/biapy-v2-channel-scale/prob_map
  PROB_MAP_FILENAME: prob_map.npy
  PROFILER: metrics/biapy/biapy-v2-channel-scale/results/biapy-v2-channel-scale_0/profiler
  RESULT_DIR:
    AS_3D_STACK: metrics/biapy/biapy-v2-channel-scale/results/biapy-v2-channel-scale_0/as_3d_stack
    AS_3D_STACK_BIN: metrics/biapy/biapy-v2-channel-scale/results/biapy-v2-channel-scale_0/as_3d_stack_binarized
    AS_3D_STACK_POST_PROCESSING: metrics/biapy/biapy-v2-channel-scale/results/biapy-v2-channel-scale_0/as_3d_stack_post_processing
    DET_ASSOC_POINTS: metrics/biapy/biapy-v2-channel-scale/results/biapy-v2-channel-scale_0/point_associations
    DET_LOCAL_MAX_COORDS_CHECK: metrics/biapy/biapy-v2-channel-scale/results/biapy-v2-channel-scale_0/per_image_local_max_check
    DET_LOCAL_MAX_COORDS_CHECK_POST_PROCESSING: metrics/biapy/biapy-v2-channel-scale/results/biapy-v2-channel-scale_0/per_image_local_max_check_post_processing
    FULL_IMAGE: metrics/biapy/biapy-v2-channel-scale/results/biapy-v2-channel-scale_0/full_image
    FULL_IMAGE_BIN: metrics/biapy/biapy-v2-channel-scale/results/biapy-v2-channel-scale_0/full_image_binarized
    FULL_IMAGE_INSTANCES: metrics/biapy/biapy-v2-channel-scale/results/biapy-v2-channel-scale_0/full_image_instances
    FULL_IMAGE_POST_PROCESSING: metrics/biapy/biapy-v2-channel-scale/results/biapy-v2-channel-scale_0/full_image_post_processing
    INST_ASSOC_POINTS: metrics/biapy/biapy-v2-channel-scale/results/biapy-v2-channel-scale_0/instance_associations
    PATH: metrics/biapy/biapy-v2-channel-scale/results/biapy-v2-channel-scale_0
    PER_IMAGE: metrics/biapy/biapy-v2-channel-scale/results/biapy-v2-channel-scale_0/per_image
    PER_IMAGE_BIN: metrics/biapy/biapy-v2-channel-scale/results/biapy-v2-channel-scale_0/per_image_binarized
    PER_IMAGE_INSTANCES: metrics/biapy/biapy-v2-channel-scale/results/biapy-v2-channel-scale_0/per_image_instances
    PER_IMAGE_POST_PROCESSING: metrics/biapy/biapy-v2-channel-scale/results/biapy-v2-channel-scale_0/per_image_post_processing
  TEST_FULL_GT_H5: fisbe/biapy-no-aug/test/label/h5
  TEST_INSTANCE_CHANNELS_CHECK: metrics/biapy/biapy-v2-channel-scale/results/biapy-v2-channel-scale_0/test_FCDbDn_instance_channels
  TRAIN_INSTANCE_CHANNELS_CHECK: metrics/biapy/biapy-v2-channel-scale/results/biapy-v2-channel-scale_0/train_FCDbDn_instance_channels
  VAL_INSTANCE_CHANNELS_CHECK: metrics/biapy/biapy-v2-channel-scale/results/biapy-v2-channel-scale_0/val_FCDbDn_instance_channels
  WATERSHED_DIR: metrics/biapy/biapy-v2-channel-scale/results/biapy-v2-channel-scale_0/watershed
PROBLEM:
  DENOISING:
    LOAD_GT_DATA: False
    N2V_MANIPULATOR: uniform_withCP
    N2V_NEIGHBORHOOD_RADIUS: 5
    N2V_PERC_PIX: 0.198
    N2V_STRUCTMASK: False
  DETECTION:
    CENTRAL_POINT_DILATION: [2]
    CHECK_POINTS_CREATED: True
    CLASS_REBALANCE_WITHIN_CHANNELS: True
    DATA_CHANNEL_WEIGHTS: (1, 1)
    DATA_CHECK_MW: False
    SEPARATED_DECODERS_DIVIDE_FEATURE_MAPS: False
    SEPARATED_DECODERS_PER_HEAD: False
  IMAGE_TO_IMAGE:
    CHANNELS_PER_HEAD_INFO: []
    MULTIPLE_RAW_ONE_TARGET_LOADER: False
    OUTPUT_CHANNELS: 1
    OUTPUT_CHANNEL_ACT: []
    SEPARATED_DECODERS_DIVIDE_FEATURE_MAPS: False
    SEPARATED_DECODERS_PER_HEAD: False
  INSTANCE_SEG:
    BORDER_EXTRA_WEIGHTS: 
    CELLPOSE:
      DIAMETER: 0.0
      DIAM_MEAN: 30.0
      FG_THRESH: 0.5
      FLOW_THRESHOLD: 0.4
      N_STEPS: 200
      SCALE_RANGE: 0.5
      TEST_DOUBLE_INFERENCE: True
    CHANNELS_PER_HEAD_INFO: []
    CLASS_REBALANCE_WITHIN_CHANNELS: True
    DATA_CHANNELS: ['F', 'C', 'Db', 'Dn']
    DATA_CHANNELS_EXTRA_OPTS: [{'F': {'erosion': 0, 'dilation': 0}, 'C': {'mode': 'thick'}, 'Db': {'val_type': 'norm', 'act': 'sigmoid', 'mask_values': True}, 'Dn': {'closing_size': 3, 'norm': True, 'mask_values': True, 'decline_power': 3}}]
    DATA_CHANNELS_LOSSES: ['bce', 'bce', 'l1', 'l1']
    DATA_CHANNEL_WEIGHTS: (1, 1, 1, 1)
    EMBEDSEG:
      FG_THRESH: 0.5
      GRID_SIZE: -1
      MIN_MASK_SUM: 0
      MIN_UNCLUSTERED_SUM: 0
      SEED_THRESH: 0.9
    INSTANCE_CREATION_PROCESS: watershed
    OMNIPOSE:
      FLOW_THRESHOLD: 0.4
      MASK_THRESHOLD: 0.0
      NITER: 0
    SEPARATED_DECODERS_DIVIDE_FEATURE_MAPS: False
    SEPARATED_DECODERS_PER_HEAD: False
    STARDIST:
      GRID: []
      NMS_IOU_THRESH: 0.3
      PROB_THRESH: 0.4
    SYNAPSES:
      BLOB_LOG_MAX_SIGMA: 10
      BLOB_LOG_MIN_SIGMA: 5
      BLOB_LOG_NUM_SIGMA: 2
      EXCLUDE_BORDER: False
      MIN_TH_TO_BE_PEAK: 0.2
      PEAK_LOCAL_MAX_MIN_DISTANCE: 1
      POINT_CREATION_FUNCTION: peak_local_max
      REMOVE_CLOSE_POINTS_RADIUS_BY_MASK: False
      REMOVE_CLOSE_POST_POINTS_RADIUS: 0
      REMOVE_CLOSE_PRE_POINTS_RADIUS: 0
      TH_TYPE: auto
    TYPE: regular
    WATERSHED:
      BY_2D_SLICES: False
      DATA_CHECK_MW: True
      DATA_REMOVE_BEFORE_MW: True
      DATA_REMOVE_SMALL_OBJ_BEFORE: 50
      ERODE_AND_DILATE_GROWTH_MASK: True
      FORE_DILATION_RADIUS: 1
      FORE_EROSION_RADIUS: 1
      GROWTH_MASK_CHANNELS: ['F']
      GROWTH_MASK_CHANNELS_THRESH: ['auto']
      SEED_CHANNELS: ['C']
      SEED_CHANNELS_THRESH: [0.3]
      SEED_MORPH_RADIUS: [1, 1]
      SEED_MORPH_SEQUENCE: ['erode', 'dilate']
      TOPOGRAPHIC_SURFACE_CHANNEL: Db
  NDIM: 3D
  PRINT_OLD_KEY_CHANGES: True
  SELF_SUPERVISED:
    NOISE: 0.2
    PRETEXT_TASK: crappify
    RESIZING_FACTOR: 4
  SEMANTIC_SEG:
    IGNORE_CLASS_ID: 0
  SUPER_RESOLUTION:
    UPSCALING: (1, 1, 1)
  TYPE: INSTANCE_SEG
SYSTEM:
  DEVICE: cpu
  NUM_CPUS: 16
  NUM_GPUS: 1
  NUM_WORKERS: -1
  PIN_MEM: True
  SEED: 0
TEST:
  ANALIZE_2D_IMGS_AS_3D_STACK: False
  AUGMENTATION: False
  AUGMENTATION_GROUP: auto
  AUGMENTATION_MODE: mean
  BY_CHUNKS:
    ENABLE: False
    FLUSH_EACH: 100
    PHASES: ['prediction', 'instance_creation', 'instance_merging']
    SAVE_OUT_TIF: False
    WORKFLOW_PROCESS:
      ENABLE: True
      INSTANCE_SEG_HALO: -1
      INSTANCE_SEG_MERGE_IOU_TH: 0.3
      TYPE: chunk_by_chunk
    Z_END: -1
    Z_START: -1
  DET_BLOB_LOG_MAX_SIGMA: 10
  DET_BLOB_LOG_MIN_SIGMA: 5
  DET_BLOB_LOG_NUM_SIGMA: 2
  DET_EXCLUDE_BORDER: False
  DET_IGNORE_POINTS_OUTSIDE_BOX: []
  DET_MIN_TH_TO_BE_PEAK: 0.2
  DET_PEAK_LOCAL_MAX_MIN_DISTANCE: 1
  DET_POINT_CREATION_FUNCTION: peak_local_max
  DET_TH_TYPE: manual
  DET_TOLERANCE: 10
  ENABLE: False
  FULL_IMG: False
  MATCHING_STATS: True
  MATCHING_STATS_BY_IMAGE: True
  MATCHING_STATS_THS: [0.3, 0.5, 0.75]
  MATCHING_STATS_THS_COLORED_IMG: []
  METRICS: ['iou']
  METRICS_IN_CPU: False
  POST_PROCESSING:
    APPLY_MASK: False
    DET_WATERSHED: False
    DET_WATERSHED_DONUTS_CLASSES: [-1]
    DET_WATERSHED_DONUTS_NUCLEUS_DIAMETER: 30
    DET_WATERSHED_DONUTS_PATCH: [13, 120, 120]
    DET_WATERSHED_FIRST_DILATION: [-1, -1]
    INSTANCE_REFINEMENT:
      ENABLE: True
      OPERATIONS: ['remove_small_objects']
      VALUES: [50]
    MEASURE_PROPERTIES:
      ENABLE: False
      EXTRA_PROPS: []
      REMOVE_BY_PROPERTIES:
        ENABLE: False
        PROPS: []
        SIGNS: []
        VALUES: []
    MEDIAN_FILTER: False
    MEDIAN_FILTER_AXIS: []
    MEDIAN_FILTER_SIZE: []
    REMOVE_CLOSE_POINTS: False
    REMOVE_CLOSE_POINTS_RADIUS: 0
    REPARE_LARGE_BLOBS_SIZE: -1
    VORONOI_ON_MASK: False
    VORONOI_TH: 0.0
  REDUCE_MEMORY: False
  REUSE_PREDICTIONS: False
  SAVE_MODEL_RAW_OUTPUT: True
  VERBOSE: True
TRAIN:
  BATCH_SIZE: 60
  CHECKPOINT_MONITOR: val_loss
  ENABLE: True
  EPOCHS: 30
  GRADIENT_CLIP_NORM: 0.0
  LR: [0.002]
  LR_SCHEDULER:
    MIN_LR: [-1.0]
    NAME: onecycle
    REDUCEONPLATEAU_FACTOR: 0.5
    REDUCEONPLATEAU_PATIENCE: -1
    WARMUP_COSINE_DECAY_EPOCHS: -1
  METRICS: ['iou']
  OPTIMIZER: ['ADAMW']
  OPT_BETAS: [[0.9, 0.999]]
  PATIENCE: 10
  VERBOSE: False
  W_DECAY: 0.02
[22:12:18.900818] *~~~~~~~~~~~~~~~~~~~~~~~~~~~~~~~~~~~~~~~~~~~~~~~~~~*
[22:12:18.900845] Initializing Instance_Segmentation_Workflow
[22:12:18.900852] *~~~~~~~~~~~~~~~~~~~~~~~~~~~~~~~~~~~~~~~~~~~~~~~~~~*

[22:12:19.170066] Creating normalization module . . .
[22:12:19.170102] Normalization module created with the following configuration:
[22:12:19.170110]   type: zero_mean_unit_variance
[22:12:19.170116]   target_type: mask
[22:12:19.170121]   out_dtype: float32
[22:12:19.170127]   norm_target: False
[22:12:19.170132]   percentile_clip: False
[22:12:19.170139]   per_lower_bound: -1.0
[22:12:19.170145]   per_upper_bound: -1.0
[22:12:19.170158]   lower_bound_val: [-1.0]
[22:12:19.170164]   upper_bound_val: [-1.0]
[22:12:19.170169]   mean: [-1.0]
[22:12:19.170175]   std: [-1.0]
[22:12:19.170195] ###########################
[22:12:19.170200] #  PREPARE INSTANCE DATA  #
[22:12:19.170205] ###########################
[22:12:19.171115] DATA.TRAIN.GT_PATH changed from fisbe/biapy-channel-scale/train/label to fisbe/biapy-channel-scale/train/label_F.erosion-0.dilation-0_C.mode-thick_Db.val_type-norm.act-sigmoid.mask_values-True_Dn.closing_size-3.norm-True.mask_values-True.decline_power-3
[22:12:19.171376] Staging train pairs from PATH=fisbe/biapy-channel-scale/train/raw GT_PATH=fisbe/biapy-channel-scale/train/label_F.erosion-0.dilation-0_C.mode-thick_Db.val_type-norm.act-sigmoid.mask_values-True_Dn.closing_size-3.norm-True.mask_values-True.decline_power-3
[22:12:19.193843] Train partitions: 1 chunk(s) from 18 sample(s), max size 18
[22:12:19.194073] Staging 18 train pair(s) → /state/partition1/job-15503123/biapy_train_parts_biapy-v2-channel-scale_0/part_0 (16 workers)
[22:12:28.541880] Finished staging 18 pair(s) to /state/partition1/job-15503123/biapy_train_parts_biapy-v2-channel-scale_0/part_0
[22:12:28.542212] Partition 1/1: 18 sample(s), LOAD_CHECKPOINT=False
[22:12:28.542681] *~~~~~~~~~~~~~~~~~~~~~~~~~~~~~~~~~~~~~~~~~~~~~~~~~~*
[22:12:28.542692] Initializing Instance_Segmentation_Workflow
[22:12:28.542698] *~~~~~~~~~~~~~~~~~~~~~~~~~~~~~~~~~~~~~~~~~~~~~~~~~~*

[22:12:28.544240] Creating normalization module . . .
[22:12:28.544270] Normalization module created with the following configuration:
[22:12:28.544278]   type: zero_mean_unit_variance
[22:12:28.544284]   target_type: mask
[22:12:28.544289]   out_dtype: float32
[22:12:28.544295]   norm_target: False
[22:12:28.544300]   percentile_clip: False
[22:12:28.544307]   per_lower_bound: -1.0
[22:12:28.544312]   per_upper_bound: -1.0
[22:12:28.544318]   lower_bound_val: [-1.0]
[22:12:28.544323]   upper_bound_val: [-1.0]
[22:12:28.544329]   mean: [-1.0]
[22:12:28.544335]   std: [-1.0]
[22:12:28.544356] ###########################
[22:12:28.544363] #  PREPARE INSTANCE DATA  #
[22:12:28.544369] ###########################
[22:12:28.544586] ##########################
[22:12:28.544595] #   LOAD TRAINING DATA   #
[22:12:28.544600] ##########################
[22:12:28.544676] ### LOAD ###
[22:12:28.545063] Gathering raw images for training data . . .
[22:13:51.324178] Gathering labels for training data . . .
[22:15:08.230040] Checking training raw and label images' shapes . . .
[22:15:08.244651] Creating validation data from train . . .
[22:15:08.910900] Raw images chosen for training: ['/state/partition1/job-15503123/biapy_train_parts_biapy-v2-channel-scale_0/part_0/raw/R38F04-20181005_63_G3_cs1.44_1.49_1.37.tif', '/state/partition1/job-15503123/biapy_train_parts_biapy-v2-channel-scale_0/part_0/raw/R38F04-20181005_63_H1_cs1.03_1.14_1.06.tif', '/state/partition1/job-15503123/biapy_train_parts_biapy-v2-channel-scale_0/part_0/raw/R53A10-20181019_64_A4_cs0.27_1.36_0.30.tif', '/state/partition1/job-15503123/biapy_train_parts_biapy-v2-channel-scale_0/part_0/raw/R75E01-20181030_64_D1_cs0.50_0.59_0.68.tif', '/state/partition1/job-15503123/biapy_train_parts_biapy-v2-channel-scale_0/part_0/raw/VT008647-20171222_63_D1_cs1.05_0.38_0.41.tif', '/state/partition1/job-15503123/biapy_train_parts_biapy-v2-channel-scale_0/part_0/raw/VT008647-20171222_63_E1_cs1.31_0.67_1.18.tif', '/state/partition1/job-15503123/biapy_train_parts_biapy-v2-channel-scale_0/part_0/raw/VT019303-20171013_65_B6_cs0.32_0.99_0.85.tif', '/state/partition1/job-15503123/biapy_train_parts_biapy-v2-channel-scale_0/part_0/raw/VT019307-20171013_65_F1_cs0.72_0.74_0.96.tif', '/state/partition1/job-15503123/biapy_train_parts_biapy-v2-channel-scale_0/part_0/raw/VT033051-20171128_61_E2_cs1.23_1.49_0.74.tif', '/state/partition1/job-15503123/biapy_train_parts_biapy-v2-channel-scale_0/part_0/raw/VT033051-20171128_61_E4_cs0.35_0.34_0.32.tif', '/state/partition1/job-15503123/biapy_train_parts_biapy-v2-channel-scale_0/part_0/raw/VT040433-20170919_63_D6_cs0.27_1.40_0.97.tif', '/state/partition1/job-15503123/biapy_train_parts_biapy-v2-channel-scale_0/part_0/raw/VT047848-20171020_66_I2_cs0.86_1.33_0.71.tif', '/state/partition1/job-15503123/biapy_train_parts_biapy-v2-channel-scale_0/part_0/raw/VT047848-20171020_66_I3_cs0.74_0.44_0.97.tif', '/state/partition1/job-15503123/biapy_train_parts_biapy-v2-channel-scale_0/part_0/raw/VT047848-20171020_66_I5_cs1.22_1.03_0.46.tif', '/state/partition1/job-15503123/biapy_train_parts_biapy-v2-channel-scale_0/part_0/raw/VT047848-20171020_66_J2_cs0.39_0.63_0.39.tif', '/state/partition1/job-15503123/biapy_train_parts_biapy-v2-channel-scale_0/part_0/raw/VT061467-20180911_62_E5_cs0.92_0.93_0.87.tif']
[22:15:08.910948] Raw images chosen for validation: ['/state/partition1/job-15503123/biapy_train_parts_biapy-v2-channel-scale_0/part_0/raw/R38F04-20181005_63_G5_cs0.88_0.55_0.36.tif', '/state/partition1/job-15503123/biapy_train_parts_biapy-v2-channel-scale_0/part_0/raw/VT008647-20171222_63_D2_cs0.83_1.48_1.17.tif']
[22:15:08.910958] * Loading train images . . .
[22:15:20.780614] *** Loaded data shape is (13724, 20, 128, 128)
[22:15:20.780652] * Loading train GT . . .
[22:15:58.760950] *** Loaded data shape is (13724, 20, 128, 128)
[22:15:58.760990] * Loading validation images . . .
[22:16:04.398843] *** Loaded data shape is (1548, 20, 128, 128)
[22:16:04.398876] * Loading validation GT . . .
[22:16:10.247991] *** Loaded data shape is (1548, 20, 128, 128)
[22:16:10.248019] ### LOAD RESULTS ###
[22:16:10.248031] *** Loaded train data shape is: (13724, 20, 128, 128)
[22:16:10.248040] *** Loaded train GT shape is: (13724, 20, 128, 128)
[22:16:10.248049] *** Loaded validation data shape is: (1548, 20, 128, 128)
[22:16:10.248056] *** Loaded validation GT shape is: (1548, 20, 128, 128)
[22:16:10.248061] ### END LOAD ###
[22:16:10.248150] ###############
[22:16:10.248157] # Build model #
[22:16:10.248162] ###############
[22:16:10.279999] Selected output channels:
[22:16:10.280026]   - 0 channel for F+C+Db+Dn output
[22:16:14.336468] ============================================================================================================================================
Layer (type:depth-idx)                                            Input Shape               Output Shape              Param #
============================================================================================================================================
U_Net                                                             [1, 3, 20, 128, 128]      [1, 4, 20, 128, 128]      --
├─ModuleList: 1-7                                                 --                        --                        (recursive)
│    └─ConvBlock: 2-1                                             [1, 3, 20, 128, 128]      [1, 16, 20, 128, 128]     --
│    │    └─Sequential: 3-1                                       [1, 3, 20, 128, 128]      [1, 16, 20, 128, 128]     --
│    │    │    └─ConvBlock: 4-1                                   [1, 3, 20, 128, 128]      [1, 16, 20, 128, 128]     --
│    │    │    │    └─Sequential: 5-1                             [1, 3, 20, 128, 128]      [1, 16, 20, 128, 128]     --
│    │    │    │    │    └─Conv3d: 6-1                            [1, 3, 20, 128, 128]      [1, 16, 20, 128, 128]     1,312
│    │    │    │    │    └─InstanceNorm3d: 6-2                    [1, 16, 20, 128, 128]     [1, 16, 20, 128, 128]     32
│    │    │    │    │    └─ELU: 6-3                               [1, 16, 20, 128, 128]     [1, 16, 20, 128, 128]     --
│    │    │    └─ConvBlock: 4-2                                   [1, 16, 20, 128, 128]     [1, 16, 20, 128, 128]     --
│    │    │    │    └─Sequential: 5-2                             [1, 16, 20, 128, 128]     [1, 16, 20, 128, 128]     --
│    │    │    │    │    └─Conv3d: 6-4                            [1, 16, 20, 128, 128]     [1, 16, 20, 128, 128]     6,928
│    │    │    │    │    └─InstanceNorm3d: 6-5                    [1, 16, 20, 128, 128]     [1, 16, 20, 128, 128]     32
│    │    │    │    │    └─ELU: 6-6                               [1, 16, 20, 128, 128]     [1, 16, 20, 128, 128]     --
├─ModuleList: 1-8                                                 --                        --                        --
│    └─MaxPool3d: 2-2                                             [1, 16, 20, 128, 128]     [1, 16, 20, 64, 64]       --
├─ModuleList: 1-7                                                 --                        --                        (recursive)
│    └─ConvBlock: 2-3                                             [1, 16, 20, 64, 64]       [1, 32, 20, 64, 64]       --
│    │    └─Sequential: 3-2                                       [1, 16, 20, 64, 64]       [1, 32, 20, 64, 64]       --
│    │    │    └─ConvBlock: 4-3                                   [1, 16, 20, 64, 64]       [1, 32, 20, 64, 64]       --
│    │    │    │    └─Sequential: 5-3                             [1, 16, 20, 64, 64]       [1, 32, 20, 64, 64]       --
│    │    │    │    │    └─Conv3d: 6-7                            [1, 16, 20, 64, 64]       [1, 32, 20, 64, 64]       13,856
│    │    │    │    │    └─InstanceNorm3d: 6-8                    [1, 32, 20, 64, 64]       [1, 32, 20, 64, 64]       64
│    │    │    │    │    └─ELU: 6-9                               [1, 32, 20, 64, 64]       [1, 32, 20, 64, 64]       --
│    │    │    └─ConvBlock: 4-4                                   [1, 32, 20, 64, 64]       [1, 32, 20, 64, 64]       --
│    │    │    │    └─Sequential: 5-4                             [1, 32, 20, 64, 64]       [1, 32, 20, 64, 64]       --
│    │    │    │    │    └─Conv3d: 6-10                           [1, 32, 20, 64, 64]       [1, 32, 20, 64, 64]       27,680
│    │    │    │    │    └─InstanceNorm3d: 6-11                   [1, 32, 20, 64, 64]       [1, 32, 20, 64, 64]       64
│    │    │    │    │    └─ELU: 6-12                              [1, 32, 20, 64, 64]       [1, 32, 20, 64, 64]       --
├─ModuleList: 1-8                                                 --                        --                        --
│    └─MaxPool3d: 2-4                                             [1, 32, 20, 64, 64]       [1, 32, 20, 32, 32]       --
├─ModuleList: 1-7                                                 --                        --                        (recursive)
│    └─ConvBlock: 2-5                                             [1, 32, 20, 32, 32]       [1, 64, 20, 32, 32]       --
│    │    └─Sequential: 3-3                                       [1, 32, 20, 32, 32]       [1, 64, 20, 32, 32]       --
│    │    │    └─ConvBlock: 4-5                                   [1, 32, 20, 32, 32]       [1, 64, 20, 32, 32]       --
│    │    │    │    └─Sequential: 5-5                             [1, 32, 20, 32, 32]       [1, 64, 20, 32, 32]       --
│    │    │    │    │    └─Conv3d: 6-13                           [1, 32, 20, 32, 32]       [1, 64, 20, 32, 32]       55,360
│    │    │    │    │    └─InstanceNorm3d: 6-14                   [1, 64, 20, 32, 32]       [1, 64, 20, 32, 32]       128
│    │    │    │    │    └─ELU: 6-15                              [1, 64, 20, 32, 32]       [1, 64, 20, 32, 32]       --
│    │    │    └─ConvBlock: 4-6                                   [1, 64, 20, 32, 32]       [1, 64, 20, 32, 32]       --
│    │    │    │    └─Sequential: 5-6                             [1, 64, 20, 32, 32]       [1, 64, 20, 32, 32]       --
│    │    │    │    │    └─Conv3d: 6-16                           [1, 64, 20, 32, 32]       [1, 64, 20, 32, 32]       110,656
│    │    │    │    │    └─InstanceNorm3d: 6-17                   [1, 64, 20, 32, 32]       [1, 64, 20, 32, 32]       128
│    │    │    │    │    └─ELU: 6-18                              [1, 64, 20, 32, 32]       [1, 64, 20, 32, 32]       --
├─ModuleList: 1-8                                                 --                        --                        --
│    └─MaxPool3d: 2-6                                             [1, 64, 20, 32, 32]       [1, 64, 20, 16, 16]       --
├─ModuleList: 1-7                                                 --                        --                        (recursive)
│    └─ConvBlock: 2-7                                             [1, 64, 20, 16, 16]       [1, 128, 20, 16, 16]      --
│    │    └─Sequential: 3-4                                       [1, 64, 20, 16, 16]       [1, 128, 20, 16, 16]      --
│    │    │    └─ConvBlock: 4-7                                   [1, 64, 20, 16, 16]       [1, 128, 20, 16, 16]      --
│    │    │    │    └─Sequential: 5-7                             [1, 64, 20, 16, 16]       [1, 128, 20, 16, 16]      --
│    │    │    │    │    └─Conv3d: 6-19                           [1, 64, 20, 16, 16]       [1, 128, 20, 16, 16]      221,312
│    │    │    │    │    └─InstanceNorm3d: 6-20                   [1, 128, 20, 16, 16]      [1, 128, 20, 16, 16]      256
│    │    │    │    │    └─ELU: 6-21                              [1, 128, 20, 16, 16]      [1, 128, 20, 16, 16]      --
│    │    │    └─ConvBlock: 4-8                                   [1, 128, 20, 16, 16]      [1, 128, 20, 16, 16]      --
│    │    │    │    └─Sequential: 5-8                             [1, 128, 20, 16, 16]      [1, 128, 20, 16, 16]      --
│    │    │    │    │    └─Conv3d: 6-22                           [1, 128, 20, 16, 16]      [1, 128, 20, 16, 16]      442,496
│    │    │    │    │    └─InstanceNorm3d: 6-23                   [1, 128, 20, 16, 16]      [1, 128, 20, 16, 16]      256
│    │    │    │    │    └─ELU: 6-24                              [1, 128, 20, 16, 16]      [1, 128, 20, 16, 16]      --
├─ModuleList: 1-8                                                 --                        --                        --
│    └─MaxPool3d: 2-8                                             [1, 128, 20, 16, 16]      [1, 128, 20, 8, 8]        --
├─ConvBlock: 1-9                                                  [1, 128, 20, 8, 8]        [1, 256, 20, 8, 8]        --
│    └─Sequential: 2-9                                            [1, 128, 20, 8, 8]        [1, 256, 20, 8, 8]        --
│    │    └─ConvBlock: 3-5                                        [1, 128, 20, 8, 8]        [1, 256, 20, 8, 8]        --
│    │    │    └─Sequential: 4-9                                  [1, 128, 20, 8, 8]        [1, 256, 20, 8, 8]        --
│    │    │    │    └─Conv3d: 5-9                                 [1, 128, 20, 8, 8]        [1, 256, 20, 8, 8]        884,992
│    │    │    │    └─InstanceNorm3d: 5-10                        [1, 256, 20, 8, 8]        [1, 256, 20, 8, 8]        512
│    │    │    │    └─ELU: 5-11                                   [1, 256, 20, 8, 8]        [1, 256, 20, 8, 8]        --
│    │    └─ConvBlock: 3-6                                        [1, 256, 20, 8, 8]        [1, 256, 20, 8, 8]        --
│    │    │    └─Sequential: 4-10                                 [1, 256, 20, 8, 8]        [1, 256, 20, 8, 8]        --
│    │    │    │    └─Conv3d: 5-12                                [1, 256, 20, 8, 8]        [1, 256, 20, 8, 8]        1,769,728
│    │    │    │    └─InstanceNorm3d: 5-13                        [1, 256, 20, 8, 8]        [1, 256, 20, 8, 8]        512
│    │    │    │    └─ELU: 5-14                                   [1, 256, 20, 8, 8]        [1, 256, 20, 8, 8]        --
├─ModuleList: 1-10                                                --                        --                        --
│    └─ModuleList: 2-10                                           --                        --                        --
│    │    └─UpBlock: 3-7                                          [1, 256, 20, 8, 8]        [1, 128, 20, 16, 16]      --
│    │    │    └─Sequential: 4-11                                 [1, 256, 20, 8, 8]        [1, 128, 20, 16, 16]      --
│    │    │    │    └─ConvTranspose3d: 5-15                       [1, 256, 20, 8, 8]        [1, 128, 20, 16, 16]      131,200
│    │    │    │    └─InstanceNorm3d: 5-16                        [1, 128, 20, 16, 16]      [1, 128, 20, 16, 16]      256
│    │    │    │    └─ELU: 5-17                                   [1, 128, 20, 16, 16]      [1, 128, 20, 16, 16]      --
│    │    │    └─ConvBlock: 4-12                                  [1, 256, 20, 16, 16]      [1, 128, 20, 16, 16]      --
│    │    │    │    └─Sequential: 5-18                            [1, 256, 20, 16, 16]      [1, 128, 20, 16, 16]      --
│    │    │    │    │    └─ConvBlock: 6-25                        [1, 256, 20, 16, 16]      [1, 128, 20, 16, 16]      --
│    │    │    │    │    │    └─Sequential: 7-1                   [1, 256, 20, 16, 16]      [1, 128, 20, 16, 16]      --
│    │    │    │    │    │    │    └─Conv3d: 8-1                  [1, 256, 20, 16, 16]      [1, 128, 20, 16, 16]      884,864
│    │    │    │    │    │    │    └─InstanceNorm3d: 8-2          [1, 128, 20, 16, 16]      [1, 128, 20, 16, 16]      256
│    │    │    │    │    │    │    └─ELU: 8-3                     [1, 128, 20, 16, 16]      [1, 128, 20, 16, 16]      --
│    │    │    │    │    └─ConvBlock: 6-26                        [1, 128, 20, 16, 16]      [1, 128, 20, 16, 16]      --
│    │    │    │    │    │    └─Sequential: 7-2                   [1, 128, 20, 16, 16]      [1, 128, 20, 16, 16]      --
│    │    │    │    │    │    │    └─Conv3d: 8-4                  [1, 128, 20, 16, 16]      [1, 128, 20, 16, 16]      442,496
│    │    │    │    │    │    │    └─InstanceNorm3d: 8-5          [1, 128, 20, 16, 16]      [1, 128, 20, 16, 16]      256
│    │    │    │    │    │    │    └─ELU: 8-6                     [1, 128, 20, 16, 16]      [1, 128, 20, 16, 16]      --
│    │    └─UpBlock: 3-8                                          [1, 128, 20, 16, 16]      [1, 64, 20, 32, 32]       --
│    │    │    └─Sequential: 4-13                                 [1, 128, 20, 16, 16]      [1, 64, 20, 32, 32]       --
│    │    │    │    └─ConvTranspose3d: 5-19                       [1, 128, 20, 16, 16]      [1, 64, 20, 32, 32]       32,832
│    │    │    │    └─InstanceNorm3d: 5-20                        [1, 64, 20, 32, 32]       [1, 64, 20, 32, 32]       128
│    │    │    │    └─ELU: 5-21                                   [1, 64, 20, 32, 32]       [1, 64, 20, 32, 32]       --
│    │    │    └─ConvBlock: 4-14                                  [1, 128, 20, 32, 32]      [1, 64, 20, 32, 32]       --
│    │    │    │    └─Sequential: 5-22                            [1, 128, 20, 32, 32]      [1, 64, 20, 32, 32]       --
│    │    │    │    │    └─ConvBlock: 6-27                        [1, 128, 20, 32, 32]      [1, 64, 20, 32, 32]       --
│    │    │    │    │    │    └─Sequential: 7-3                   [1, 128, 20, 32, 32]      [1, 64, 20, 32, 32]       --
│    │    │    │    │    │    │    └─Conv3d: 8-7                  [1, 128, 20, 32, 32]      [1, 64, 20, 32, 32]       221,248
│    │    │    │    │    │    │    └─InstanceNorm3d: 8-8          [1, 64, 20, 32, 32]       [1, 64, 20, 32, 32]       128
│    │    │    │    │    │    │    └─ELU: 8-9                     [1, 64, 20, 32, 32]       [1, 64, 20, 32, 32]       --
│    │    │    │    │    └─ConvBlock: 6-28                        [1, 64, 20, 32, 32]       [1, 64, 20, 32, 32]       --
│    │    │    │    │    │    └─Sequential: 7-4                   [1, 64, 20, 32, 32]       [1, 64, 20, 32, 32]       --
│    │    │    │    │    │    │    └─Conv3d: 8-10                 [1, 64, 20, 32, 32]       [1, 64, 20, 32, 32]       110,656
│    │    │    │    │    │    │    └─InstanceNorm3d: 8-11         [1, 64, 20, 32, 32]       [1, 64, 20, 32, 32]       128
│    │    │    │    │    │    │    └─ELU: 8-12                    [1, 64, 20, 32, 32]       [1, 64, 20, 32, 32]       --
│    │    └─UpBlock: 3-9                                          [1, 64, 20, 32, 32]       [1, 32, 20, 64, 64]       --
│    │    │    └─Sequential: 4-15                                 [1, 64, 20, 32, 32]       [1, 32, 20, 64, 64]       --
│    │    │    │    └─ConvTranspose3d: 5-23                       [1, 64, 20, 32, 32]       [1, 32, 20, 64, 64]       8,224
│    │    │    │    └─InstanceNorm3d: 5-24                        [1, 32, 20, 64, 64]       [1, 32, 20, 64, 64]       64
│    │    │    │    └─ELU: 5-25                                   [1, 32, 20, 64, 64]       [1, 32, 20, 64, 64]       --
│    │    │    └─ConvBlock: 4-16                                  [1, 64, 20, 64, 64]       [1, 32, 20, 64, 64]       --
│    │    │    │    └─Sequential: 5-26                            [1, 64, 20, 64, 64]       [1, 32, 20, 64, 64]       --
│    │    │    │    │    └─ConvBlock: 6-29                        [1, 64, 20, 64, 64]       [1, 32, 20, 64, 64]       --
│    │    │    │    │    │    └─Sequential: 7-5                   [1, 64, 20, 64, 64]       [1, 32, 20, 64, 64]       --
│    │    │    │    │    │    │    └─Conv3d: 8-13                 [1, 64, 20, 64, 64]       [1, 32, 20, 64, 64]       55,328
│    │    │    │    │    │    │    └─InstanceNorm3d: 8-14         [1, 32, 20, 64, 64]       [1, 32, 20, 64, 64]       64
│    │    │    │    │    │    │    └─ELU: 8-15                    [1, 32, 20, 64, 64]       [1, 32, 20, 64, 64]       --
│    │    │    │    │    └─ConvBlock: 6-30                        [1, 32, 20, 64, 64]       [1, 32, 20, 64, 64]       --
│    │    │    │    │    │    └─Sequential: 7-6                   [1, 32, 20, 64, 64]       [1, 32, 20, 64, 64]       --
│    │    │    │    │    │    │    └─Conv3d: 8-16                 [1, 32, 20, 64, 64]       [1, 32, 20, 64, 64]       27,680
│    │    │    │    │    │    │    └─InstanceNorm3d: 8-17         [1, 32, 20, 64, 64]       [1, 32, 20, 64, 64]       64
│    │    │    │    │    │    │    └─ELU: 8-18                    [1, 32, 20, 64, 64]       [1, 32, 20, 64, 64]       --
│    │    └─UpBlock: 3-10                                         [1, 32, 20, 64, 64]       [1, 16, 20, 128, 128]     --
│    │    │    └─Sequential: 4-17                                 [1, 32, 20, 64, 64]       [1, 16, 20, 128, 128]     --
│    │    │    │    └─ConvTranspose3d: 5-27                       [1, 32, 20, 64, 64]       [1, 16, 20, 128, 128]     2,064
│    │    │    │    └─InstanceNorm3d: 5-28                        [1, 16, 20, 128, 128]     [1, 16, 20, 128, 128]     32
│    │    │    │    └─ELU: 5-29                                   [1, 16, 20, 128, 128]     [1, 16, 20, 128, 128]     --
│    │    │    └─ConvBlock: 4-18                                  [1, 32, 20, 128, 128]     [1, 16, 20, 128, 128]     --
│    │    │    │    └─Sequential: 5-30                            [1, 32, 20, 128, 128]     [1, 16, 20, 128, 128]     --
│    │    │    │    │    └─ConvBlock: 6-31                        [1, 32, 20, 128, 128]     [1, 16, 20, 128, 128]     --
│    │    │    │    │    │    └─Sequential: 7-7                   [1, 32, 20, 128, 128]     [1, 16, 20, 128, 128]     --
│    │    │    │    │    │    │    └─Conv3d: 8-19                 [1, 32, 20, 128, 128]     [1, 16, 20, 128, 128]     13,840
│    │    │    │    │    │    │    └─InstanceNorm3d: 8-20         [1, 16, 20, 128, 128]     [1, 16, 20, 128, 128]     32
│    │    │    │    │    │    │    └─ELU: 8-21                    [1, 16, 20, 128, 128]     [1, 16, 20, 128, 128]     --
│    │    │    │    │    └─ConvBlock: 6-32                        [1, 16, 20, 128, 128]     [1, 16, 20, 128, 128]     --
│    │    │    │    │    │    └─Sequential: 7-8                   [1, 16, 20, 128, 128]     [1, 16, 20, 128, 128]     --
│    │    │    │    │    │    │    └─Conv3d: 8-22                 [1, 16, 20, 128, 128]     [1, 16, 20, 128, 128]     6,928
│    │    │    │    │    │    │    └─InstanceNorm3d: 8-23         [1, 16, 20, 128, 128]     [1, 16, 20, 128, 128]     32
│    │    │    │    │    │    │    └─ELU: 8-24                    [1, 16, 20, 128, 128]     [1, 16, 20, 128, 128]     --
├─Sequential: 1-11                                                --                        --                        --
│    └─Conv3d: 2-11                                               [1, 16, 20, 128, 128]     [1, 4, 20, 128, 128]      68
============================================================================================================================================
Total params: 5,475,172
Trainable params: 5,475,172
Non-trainable params: 0
Total mult-adds (Units.GIGABYTES): 46.21
============================================================================================================================================
Input size (MB): 3.93
Forward/backward pass size (MB): 807.40
Params size (MB): 21.90
Estimated Total Size (MB): 833.24
============================================================================================================================================
[22:16:14.564239] ##############################
[22:16:14.564276] #  PREPARE TRAIN GENERATORS  #
[22:16:14.564283] ##############################
[22:16:14.564417] Initializing train data generator . . .
[22:16:14.575411] Checking which channel of the mask needs normalization . . .
[22:16:14.587976] Normalization config used for X (first sample): {'type': 'zero_mean_unit_variance', 'percentile_clip': False, 'orig_dtype': 'uint16', 'out_dtype': 'float32', 'per_channel_info': {'0': {'mean': 16.07439613342285, 'std': 42.89789962768555}, '1': {'mean': 20.504304885864258, 'std': 33.88324737548828}, '2': {'mean': 11.780086517333984, 'std': 28.353044509887695}}}
[22:16:14.588004] Normalization config used for Y: {'target_type': 'mask', 'orig_dtype': 'float32', 'per_channel_info': {0: {'type': 'bin', 'div': False}, 1: {'type': 'bin', 'div': False}, 2: {'type': 'bin', 'div': False}, 3: {'type': 'bin', 'div': False}}}
[22:16:14.588888] Initializing val data generator . . .
[22:16:14.596120] Checking which channel of the mask needs normalization . . .
[22:16:14.607759] Normalization config used for X (first sample): {'type': 'zero_mean_unit_variance', 'percentile_clip': False, 'orig_dtype': 'uint16', 'out_dtype': 'float32', 'per_channel_info': {'0': {'mean': 12.73965835571289, 'std': 28.850692749023438}, '1': {'mean': 66.59685516357422, 'std': 86.42796325683594}, '2': {'mean': 2.5409066677093506, 'std': 4.220891952514648}}}
[22:16:14.607780] Normalization config used for Y: {'target_type': 'mask', 'orig_dtype': 'float32', 'per_channel_info': {0: {'type': 'bin', 'div': False}, 1: {'type': 'bin', 'div': False}, 2: {'type': 'bin', 'div': False}, 3: {'type': 'bin', 'div': False}}}
[22:16:14.608342] Train/val generators with 8 workers
[22:16:14.608355] Effective batch size: 60
[22:16:14.608362] Sampler_train = None
[22:16:14.624636] #######################
[22:16:14.624661] # Prepare logging tool #
[22:16:14.624667] #######################
[22:16:14.641929] AdamW (
Parameter Group 0
    amsgrad: False
    betas: (0.9, 0.999)
    capturable: False
    decoupled_weight_decay: True
    differentiable: False
    eps: 1e-08
    foreach: None
    fused: None
    lr: 0.002
    maximize: False
    weight_decay: 0.02
)
[22:16:14.642037] #####################
[22:16:14.642046] #  TRAIN THE MODEL  #
[22:16:14.642051] #####################
[22:16:14.642058] Start training in epoch 1 - Total: 30
[22:16:14.642072] ~~~ Epoch 1/30 ~~~

[22:16:47.749134] Epoch: [1]  [  0/229]  eta: 2:06:06  loss: 5.9870 (5.9870)  IoU (F channel): 0.0032 (0.0032)  IoU (C channel): 0.0041 (0.0041)  L1 (Db channel): 0.9365 (0.9365)  L1 (Dn channel): 0.7273 (0.7273)  lr: 0.000080  iter-time: 33.0429
[22:16:58.826149] Epoch: [1]  [ 10/229]  eta: 0:14:38  loss: 5.1330 (5.4152)  IoU (F channel): 0.0018 (0.0022)  IoU (C channel): 0.0018 (0.0022)  L1 (Db channel): 0.8988 (0.8971)  L1 (Dn channel): 0.7140 (0.7132)  lr: 0.000080  iter-time: 4.0108
[22:17:09.676805] Epoch: [1]  [ 20/229]  eta: 0:09:07  loss: 4.6027 (4.8598)  IoU (F channel): 0.0018 (0.0022)  IoU (C channel): 0.0017 (0.0020)  L1 (Db channel): 0.8535 (0.8646)  L1 (Dn channel): 0.7033 (0.7011)  lr: 0.000080  iter-time: 1.0963
[22:17:20.547668] Epoch: [1]  [ 30/229]  eta: 0:07:02  loss: 3.7953 (4.4784)  IoU (F channel): 0.0017 (0.0021)  IoU (C channel): 0.0015 (0.0018)  L1 (Db channel): 0.7803 (0.8262)  L1 (Dn channel): 0.6521 (0.6799)  lr: 0.000081  iter-time: 1.0860
[22:17:31.429021] Epoch: [1]  [ 40/229]  eta: 0:05:53  loss: 3.5050 (4.2053)  IoU (F channel): 0.0013 (0.0019)  IoU (C channel): 0.0012 (0.0017)  L1 (Db channel): 0.7036 (0.7839)  L1 (Dn channel): 0.6125 (0.6576)  lr: 0.000082  iter-time: 1.0875
[22:17:42.326989] Epoch: [1]  [ 50/229]  eta: 0:05:07  loss: 3.1749 (3.9739)  IoU (F channel): 0.0013 (0.0019)  IoU (C channel): 0.0013 (0.0017)  L1 (Db channel): 0.6032 (0.7453)  L1 (Dn channel): 0.5654 (0.6370)  lr: 0.000083  iter-time: 1.0889
[22:17:53.236168] Epoch: [1]  [ 60/229]  eta: 0:04:32  loss: 2.8156 (3.7712)  IoU (F channel): 0.0018 (0.0020)  IoU (C channel): 0.0013 (0.0017)  L1 (Db channel): 0.5565 (0.7122)  L1 (Dn channel): 0.5367 (0.6183)  lr: 0.000084  iter-time: 1.0903
[22:18:04.141443] Epoch: [1]  [ 70/229]  eta: 0:04:05  loss: 2.6492 (3.5979)  IoU (F channel): 0.0018 (0.0020)  IoU (C channel): 0.0017 (0.0017)  L1 (Db channel): 0.5306 (0.6851)  L1 (Dn channel): 0.5028 (0.6006)  lr: 0.000086  iter-time: 1.0906
[22:18:15.045824] Epoch: [1]  [ 80/229]  eta: 0:03:41  loss: 2.4629 (3.4585)  IoU (F channel): 0.0016 (0.0020)  IoU (C channel): 0.0017 (0.0017)  L1 (Db channel): 0.5113 (0.6625)  L1 (Dn channel): 0.4756 (0.5841)  lr: 0.000087  iter-time: 1.0904
[22:18:25.950031] Epoch: [1]  [ 90/229]  eta: 0:03:20  loss: 2.3687 (3.3334)  IoU (F channel): 0.0016 (0.0020)  IoU (C channel): 0.0016 (0.0017)  L1 (Db channel): 0.4942 (0.6431)  L1 (Dn channel): 0.4539 (0.5688)  lr: 0.000089  iter-time: 1.0903
[22:18:36.873253] Epoch: [1]  [100/229]  eta: 0:03:01  loss: 2.3529 (3.2355)  IoU (F channel): 0.0013 (0.0019)  IoU (C channel): 0.0014 (0.0017)  L1 (Db channel): 0.4806 (0.6265)  L1 (Dn channel): 0.4370 (0.5547)  lr: 0.000091  iter-time: 1.0912
[22:18:47.783549] Epoch: [1]  [110/229]  eta: 0:02:44  loss: 2.2659 (3.1462)  IoU (F channel): 0.0013 (0.0019)  IoU (C channel): 0.0013 (0.0017)  L1 (Db channel): 0.4709 (0.6122)  L1 (Dn channel): 0.4197 (0.5421)  lr: 0.000094  iter-time: 1.0916
[22:18:58.696013] Epoch: [1]  [120/229]  eta: 0:02:27  loss: 2.2174 (3.0662)  IoU (F channel): 0.0012 (0.0018)  IoU (C channel): 0.0013 (0.0016)  L1 (Db channel): 0.4643 (0.5999)  L1 (Dn channel): 0.4128 (0.5310)  lr: 0.000096  iter-time: 1.0910
[22:19:09.620297] Epoch: [1]  [130/229]  eta: 0:02:12  loss: 2.1548 (2.9950)  IoU (F channel): 0.0014 (0.0018)  IoU (C channel): 0.0015 (0.0017)  L1 (Db channel): 0.4615 (0.5889)  L1 (Dn channel): 0.3984 (0.5207)  lr: 0.000099  iter-time: 1.0917
[22:19:20.533848] Epoch: [1]  [140/229]  eta: 0:01:57  loss: 2.1309 (2.9348)  IoU (F channel): 0.0017 (0.0018)  IoU (C channel): 0.0018 (0.0017)  L1 (Db channel): 0.4487 (0.5782)  L1 (Dn channel): 0.3940 (0.5115)  lr: 0.000102  iter-time: 1.0918
[22:19:31.460660] Epoch: [1]  [150/229]  eta: 0:01:42  loss: 2.0786 (2.8764)  IoU (F channel): 0.0016 (0.0018)  IoU (C channel): 0.0017 (0.0017)  L1 (Db channel): 0.4314 (0.5684)  L1 (Dn channel): 0.3878 (0.5031)  lr: 0.000105  iter-time: 1.0919
[22:19:42.374111] Epoch: [1]  [160/229]  eta: 0:01:28  loss: 2.0428 (2.8263)  IoU (F channel): 0.0014 (0.0018)  IoU (C channel): 0.0018 (0.0017)  L1 (Db channel): 0.4274 (0.5595)  L1 (Dn channel): 0.3770 (0.4949)  lr: 0.000109  iter-time: 1.0919
[22:19:53.306054] Epoch: [1]  [170/229]  eta: 0:01:15  loss: 1.9765 (2.7765)  IoU (F channel): 0.0016 (0.0019)  IoU (C channel): 0.0021 (0.0018)  L1 (Db channel): 0.4158 (0.5506)  L1 (Dn channel): 0.3625 (0.4871)  lr: 0.000112  iter-time: 1.0921
[22:20:04.232473] Epoch: [1]  [180/229]  eta: 0:01:02  loss: 1.9565 (2.7322)  IoU (F channel): 0.0015 (0.0019)  IoU (C channel): 0.0021 (0.0018)  L1 (Db channel): 0.4107 (0.5431)  L1 (Dn channel): 0.3625 (0.4803)  lr: 0.000116  iter-time: 1.0928
[22:20:15.161821] Epoch: [1]  [190/229]  eta: 0:00:49  loss: 1.9457 (2.6912)  IoU (F channel): 0.0013 (0.0019)  IoU (C channel): 0.0018 (0.0018)  L1 (Db channel): 0.4133 (0.5363)  L1 (Dn channel): 0.3663 (0.4744)  lr: 0.000120  iter-time: 1.0927
[22:20:26.091533] Epoch: [1]  [200/229]  eta: 0:00:36  loss: 1.9247 (2.6537)  IoU (F channel): 0.0018 (0.0019)  IoU (C channel): 0.0019 (0.0018)  L1 (Db channel): 0.4068 (0.5297)  L1 (Dn channel): 0.3671 (0.4692)  lr: 0.000125  iter-time: 1.0927
[22:20:37.012797] Epoch: [1]  [210/229]  eta: 0:00:23  loss: 1.8847 (2.6175)  IoU (F channel): 0.0025 (0.0019)  IoU (C channel): 0.0027 (0.0019)  L1 (Db channel): 0.3996 (0.5233)  L1 (Dn channel): 0.3679 (0.4644)  lr: 0.000129  iter-time: 1.0923
[22:20:47.946905] Epoch: [1]  [220/229]  eta: 0:00:11  loss: 1.8659 (2.5843)  IoU (F channel): 0.0025 (0.0019)  IoU (C channel): 0.0028 (0.0019)  L1 (Db channel): 0.3877 (0.5171)  L1 (Dn channel): 0.3633 (0.4597)  lr: 0.000134  iter-time: 1.0926
[22:21:14.682068] Epoch: [1]  [228/229]  eta: 0:00:01  loss: 1.8314 (2.5579)  IoU (F channel): 0.0018 (0.0019)  IoU (C channel): 0.0024 (0.0019)  L1 (Db channel): 0.3849 (0.5124)  L1 (Dn channel): 0.3632 (0.4564)  lr: 0.000138  iter-time: 1.9924
[22:21:14.682187] Epoch: [1] Total time: 0:05:00 (1.3102 s / it)
[22:21:14.682232] [Train] averaged stats: loss: 1.8314 (2.5579)  IoU (F channel): 0.0018 (0.0019)  IoU (C channel): 0.0024 (0.0019)  L1 (Db channel): 0.3849 (0.5124)  L1 (Dn channel): 0.3632 (0.4564)  lr: 0.000138
[22:21:17.781376] Epoch: [1]  [ 0/26]  eta: 0:01:20  loss: 1.5349 (1.5349)  IoU (F channel): 0.0000 (0.0000)  IoU (C channel): 0.0000 (0.0000)  L1 (Db channel): 0.4192 (0.4192)  L1 (Dn channel): 0.3782 (0.3782)  iter-time: 3.0978
[22:21:21.322298] Epoch: [1]  [10/26]  eta: 0:00:09  loss: 1.8154 (1.8208)  IoU (F channel): 0.0023 (0.0049)  IoU (C channel): 0.0028 (0.0037)  L1 (Db channel): 0.3724 (0.3840)  L1 (Dn channel): 0.3674 (0.3706)  iter-time: 0.6035
[22:21:24.787667] Epoch: [1]  [20/26]  eta: 0:00:02  loss: 1.8248 (1.8220)  IoU (F channel): 0.0023 (0.0043)  IoU (C channel): 0.0028 (0.0038)  L1 (Db channel): 0.3775 (0.3854)  L1 (Dn channel): 0.3696 (0.3718)  iter-time: 0.3503
[22:21:30.291532] Epoch: [1]  [25/26]  eta: 0:00:00  loss: 1.8154 (1.8137)  IoU (F channel): 0.0026 (0.0041)  IoU (C channel): 0.0037 (0.0040)  L1 (Db channel): 0.3775 (0.3868)  L1 (Dn channel): 0.3696 (0.3725)  iter-time: 0.5356
[22:21:30.291696] Epoch: [1] Total time: 0:00:15 (0.6003 s / it)
[22:21:30.291726] [Val] averaged stats: loss: 1.8154 (1.8137)  IoU (F channel): 0.0026 (0.0041)  IoU (C channel): 0.0037 (0.0040)  L1 (Db channel): 0.3775 (0.3868)  L1 (Dn channel): 0.3696 (0.3725)
[22:21:30.291939] Val loss improved from inf to 1.8136710891356835, saving model to metrics/biapy/biapy-v2-channel-scale/checkpoints/biapy-v2-channel-scale_0-checkpoint-best.pth
[22:21:30.745354] [Val] best loss: 1.8137 best  IoU (F channel): 0.0041 IoU (C channel): 0.0040 L1 (Db channel): 0.3868 L1 (Dn channel): 0.3725 
[22:21:30.753798] [Time] 5.3m 5.3m/2.7h

[22:21:30.753827] ~~~ Epoch 2/30 ~~~

[22:21:33.718035] Epoch: [2]  [  0/229]  eta: 0:11:18  loss: 1.8596 (1.8596)  IoU (F channel): 0.0032 (0.0032)  IoU (C channel): 0.0047 (0.0047)  L1 (Db channel): 0.3846 (0.3846)  L1 (Dn channel): 0.3723 (0.3723)  lr: 0.000138  iter-time: 2.9630
[22:21:44.647979] Epoch: [2]  [ 10/229]  eta: 0:04:36  loss: 1.8397 (1.8151)  IoU (F channel): 0.0020 (0.0020)  IoU (C channel): 0.0025 (0.0026)  L1 (Db channel): 0.3846 (0.3845)  L1 (Dn channel): 0.3746 (0.3752)  lr: 0.000144  iter-time: 1.2629
[22:21:55.562716] Epoch: [2]  [ 20/229]  eta: 0:04:06  loss: 1.8240 (1.8418)  IoU (F channel): 0.0020 (0.0022)  IoU (C channel): 0.0025 (0.0027)  L1 (Db channel): 0.3774 (0.3790)  L1 (Dn channel): 0.3746 (0.3754)  lr: 0.000149  iter-time: 1.0921
[22:22:06.476615] Epoch: [2]  [ 30/229]  eta: 0:03:49  loss: 1.7817 (1.8222)  IoU (F channel): 0.0021 (0.0025)  IoU (C channel): 0.0026 (0.0030)  L1 (Db channel): 0.3724 (0.3771)  L1 (Dn channel): 0.3786 (0.3777)  lr: 0.000154  iter-time: 1.0913
[22:22:17.395165] Epoch: [2]  [ 40/229]  eta: 0:03:34  loss: 1.7279 (1.7983)  IoU (F channel): 0.0020 (0.0025)  IoU (C channel): 0.0029 (0.0030)  L1 (Db channel): 0.3700 (0.3745)  L1 (Dn channel): 0.3767 (0.3761)  lr: 0.000160  iter-time: 1.0915
[22:22:28.325673] Epoch: [2]  [ 50/229]  eta: 0:03:22  loss: 1.7170 (1.7837)  IoU (F channel): 0.0019 (0.0025)  IoU (C channel): 0.0029 (0.0031)  L1 (Db channel): 0.3592 (0.3708)  L1 (Dn channel): 0.3729 (0.3769)  lr: 0.000166  iter-time: 1.0923
[22:22:39.246889] Epoch: [2]  [ 60/229]  eta: 0:03:09  loss: 1.6907 (1.7731)  IoU (F channel): 0.0023 (0.0026)  IoU (C channel): 0.0030 (0.0033)  L1 (Db channel): 0.3529 (0.3673)  L1 (Dn channel): 0.3869 (0.3802)  lr: 0.000172  iter-time: 1.0925
[22:22:50.164415] Epoch: [2]  [ 70/229]  eta: 0:02:57  loss: 1.6905 (1.7641)  IoU (F channel): 0.0018 (0.0026)  IoU (C channel): 0.0026 (0.0033)  L1 (Db channel): 0.3455 (0.3640)  L1 (Dn channel): 0.3959 (0.3822)  lr: 0.000179  iter-time: 1.0918
[22:23:01.092172] Epoch: [2]  [ 80/229]  eta: 0:02:46  loss: 1.6769 (1.7501)  IoU (F channel): 0.0025 (0.0027)  IoU (C channel): 0.0035 (0.0034)  L1 (Db channel): 0.3441 (0.3616)  L1 (Dn channel): 0.3971 (0.3843)  lr: 0.000185  iter-time: 1.0921
[22:23:12.019270] Epoch: [2]  [ 90/229]  eta: 0:02:34  loss: 1.6292 (1.7377)  IoU (F channel): 0.0028 (0.0028)  IoU (C channel): 0.0035 (0.0035)  L1 (Db channel): 0.3350 (0.3582)  L1 (Dn channel): 0.4007 (0.3866)  lr: 0.000192  iter-time: 1.0926
[22:23:22.935988] Epoch: [2]  [100/229]  eta: 0:02:23  loss: 1.6112 (1.7278)  IoU (F channel): 0.0037 (0.0029)  IoU (C channel): 0.0045 (0.0036)  L1 (Db channel): 0.3211 (0.3544)  L1 (Dn channel): 0.4069 (0.3887)  lr: 0.000199  iter-time: 1.0920
[22:23:33.866245] Epoch: [2]  [110/229]  eta: 0:02:11  loss: 1.5821 (1.7159)  IoU (F channel): 0.0037 (0.0030)  IoU (C channel): 0.0049 (0.0037)  L1 (Db channel): 0.3183 (0.3509)  L1 (Dn channel): 0.4046 (0.3900)  lr: 0.000206  iter-time: 1.0922
[22:23:44.801652] Epoch: [2]  [120/229]  eta: 0:02:00  loss: 1.5737 (1.7053)  IoU (F channel): 0.0031 (0.0030)  IoU (C channel): 0.0048 (0.0039)  L1 (Db channel): 0.3162 (0.3481)  L1 (Dn channel): 0.4076 (0.3919)  lr: 0.000214  iter-time: 1.0931
[22:23:55.725821] Epoch: [2]  [130/229]  eta: 0:01:49  loss: 1.5452 (1.6947)  IoU (F channel): 0.0034 (0.0031)  IoU (C channel): 0.0050 (0.0039)  L1 (Db channel): 0.3161 (0.3458)  L1 (Dn channel): 0.4186 (0.3947)  lr: 0.000221  iter-time: 1.0929
[22:24:06.655910] Epoch: [2]  [140/229]  eta: 0:01:38  loss: 1.5235 (1.6835)  IoU (F channel): 0.0044 (0.0033)  IoU (C channel): 0.0055 (0.0042)  L1 (Db channel): 0.3151 (0.3434)  L1 (Dn channel): 0.4279 (0.3970)  lr: 0.000229  iter-time: 1.0926
[22:24:17.595056] Epoch: [2]  [150/229]  eta: 0:01:27  loss: 1.5320 (1.6770)  IoU (F channel): 0.0050 (0.0034)  IoU (C channel): 0.0061 (0.0043)  L1 (Db channel): 0.3100 (0.3415)  L1 (Dn channel): 0.4232 (0.3983)  lr: 0.000237  iter-time: 1.0933
[22:24:28.521464] Epoch: [2]  [160/229]  eta: 0:01:16  loss: 1.5320 (1.6720)  IoU (F channel): 0.0039 (0.0034)  IoU (C channel): 0.0055 (0.0043)  L1 (Db channel): 0.3046 (0.3389)  L1 (Dn channel): 0.4137 (0.3992)  lr: 0.000245  iter-time: 1.0931
[22:24:39.453624] Epoch: [2]  [170/229]  eta: 0:01:05  loss: 1.5227 (1.6661)  IoU (F channel): 0.0038 (0.0035)  IoU (C channel): 0.0050 (0.0043)  L1 (Db channel): 0.3010 (0.3368)  L1 (Dn channel): 0.4162 (0.4007)  lr: 0.000253  iter-time: 1.0928
[22:24:50.386272] Epoch: [2]  [180/229]  eta: 0:00:54  loss: 1.5054 (1.6578)  IoU (F channel): 0.0046 (0.0036)  IoU (C channel): 0.0051 (0.0044)  L1 (Db channel): 0.3062 (0.3354)  L1 (Dn channel): 0.4327 (0.4027)  lr: 0.000262  iter-time: 1.0931
[22:25:01.317514] Epoch: [2]  [190/229]  eta: 0:00:42  loss: 1.4976 (1.6487)  IoU (F channel): 0.0046 (0.0036)  IoU (C channel): 0.0068 (0.0046)  L1 (Db channel): 0.3091 (0.3338)  L1 (Dn channel): 0.4396 (0.4050)  lr: 0.000270  iter-time: 1.0931
[22:25:12.255576] Epoch: [2]  [200/229]  eta: 0:00:31  loss: 1.4789 (1.6400)  IoU (F channel): 0.0054 (0.0038)  IoU (C channel): 0.0068 (0.0048)  L1 (Db channel): 0.3002 (0.3320)  L1 (Dn channel): 0.4303 (0.4062)  lr: 0.000279  iter-time: 1.0933
[22:25:23.187850] Epoch: [2]  [210/229]  eta: 0:00:20  loss: 1.4154 (1.6316)  IoU (F channel): 0.0064 (0.0039)  IoU (C channel): 0.0097 (0.0050)  L1 (Db channel): 0.2927 (0.3300)  L1 (Dn channel): 0.4299 (0.4074)  lr: 0.000288  iter-time: 1.0934
[22:25:34.105440] Epoch: [2]  [220/229]  eta: 0:00:09  loss: 1.4095 (1.6206)  IoU (F channel): 0.0060 (0.0040)  IoU (C channel): 0.0097 (0.0053)  L1 (Db channel): 0.2927 (0.3286)  L1 (Dn channel): 0.4250 (0.4080)  lr: 0.000297  iter-time: 1.0924
[22:25:42.574978] Epoch: [2]  [228/229]  eta: 0:00:01  loss: 1.3946 (1.6137)  IoU (F channel): 0.0060 (0.0042)  IoU (C channel): 0.0096 (0.0056)  L1 (Db channel): 0.2994 (0.3276)  L1 (Dn channel): 0.4242 (0.4087)  lr: 0.000305  iter-time: 1.0787
[22:25:42.575166] Epoch: [2] Total time: 0:04:11 (1.0997 s / it)
[22:25:42.575218] [Train] averaged stats: loss: 1.3946 (1.6137)  IoU (F channel): 0.0060 (0.0042)  IoU (C channel): 0.0096 (0.0056)  L1 (Db channel): 0.2994 (0.3276)  L1 (Dn channel): 0.4242 (0.4087)  lr: 0.000305
[22:25:44.403681] Epoch: [2]  [ 0/26]  eta: 0:00:47  loss: 1.1328 (1.1328)  IoU (F channel): 0.0000 (0.0000)  IoU (C channel): 0.0000 (0.0000)  L1 (Db channel): 0.3221 (0.3221)  L1 (Dn channel): 0.4607 (0.4607)  iter-time: 1.8273
[22:25:48.004413] Epoch: [2]  [10/26]  eta: 0:00:07  loss: 1.3811 (1.3732)  IoU (F channel): 0.0101 (0.0169)  IoU (C channel): 0.0105 (0.0099)  L1 (Db channel): 0.2883 (0.2962)  L1 (Dn channel): 0.4270 (0.4346)  iter-time: 0.4934
[22:25:51.476722] Epoch: [2]  [20/26]  eta: 0:00:02  loss: 1.3934 (1.3849)  IoU (F channel): 0.0086 (0.0150)  IoU (C channel): 0.0091 (0.0116)  L1 (Db channel): 0.2883 (0.2959)  L1 (Dn channel): 0.4281 (0.4337)  iter-time: 0.3536
[22:25:53.136302] Epoch: [2]  [25/26]  eta: 0:00:00  loss: 1.3811 (1.3806)  IoU (F channel): 0.0101 (0.0141)  IoU (C channel): 0.0105 (0.0108)  L1 (Db channel): 0.2880 (0.2967)  L1 (Dn channel): 0.4281 (0.4343)  iter-time: 0.3449
[22:25:53.136431] Epoch: [2] Total time: 0:00:10 (0.4062 s / it)
[22:25:53.136453] [Val] averaged stats: loss: 1.3811 (1.3806)  IoU (F channel): 0.0101 (0.0141)  IoU (C channel): 0.0105 (0.0108)  L1 (Db channel): 0.2880 (0.2967)  L1 (Dn channel): 0.4281 (0.4343)
[22:25:53.136679] Val loss improved from 1.8136710891356835 to 1.3806436016009405, saving model to metrics/biapy/biapy-v2-channel-scale/checkpoints/biapy-v2-channel-scale_0-checkpoint-best.pth
[22:25:53.233940] [Val] best loss: 1.3806 best  IoU (F channel): 0.0141 IoU (C channel): 0.0108 L1 (Db channel): 0.2967 L1 (Dn channel): 0.4343 
[22:25:53.241661] [Time] 4.4m 9.6m/2.3h

[22:25:53.241692] ~~~ Epoch 3/30 ~~~

[22:25:55.837752] Epoch: [3]  [  0/229]  eta: 0:09:54  loss: 1.3357 (1.3357)  IoU (F channel): 0.0052 (0.0052)  IoU (C channel): 0.0093 (0.0093)  L1 (Db channel): 0.2950 (0.2950)  L1 (Dn channel): 0.4296 (0.4296)  lr: 0.000306  iter-time: 2.5948
[22:26:06.764251] Epoch: [3]  [ 10/229]  eta: 0:04:29  loss: 1.3695 (1.3864)  IoU (F channel): 0.0079 (0.0096)  IoU (C channel): 0.0159 (0.0176)  L1 (Db channel): 0.2969 (0.2969)  L1 (Dn channel): 0.4265 (0.4269)  lr: 0.000315  iter-time: 1.2291
[22:26:17.694122] Epoch: [3]  [ 20/229]  eta: 0:04:03  loss: 1.3503 (1.3681)  IoU (F channel): 0.0081 (0.0105)  IoU (C channel): 0.0194 (0.0188)  L1 (Db channel): 0.2983 (0.3000)  L1 (Dn channel): 0.4202 (0.4222)  lr: 0.000325  iter-time: 1.0927
[22:26:28.630523] Epoch: [3]  [ 30/229]  eta: 0:03:47  loss: 1.3227 (1.3620)  IoU (F channel): 0.0109 (0.0112)  IoU (C channel): 0.0213 (0.0214)  L1 (Db channel): 0.3046 (0.3019)  L1 (Dn channel): 0.4162 (0.4205)  lr: 0.000335  iter-time: 1.0932
[22:26:39.558040] Epoch: [3]  [ 40/229]  eta: 0:03:33  loss: 1.3042 (1.3482)  IoU (F channel): 0.0098 (0.0110)  IoU (C channel): 0.0223 (0.0209)  L1 (Db channel): 0.3053 (0.3025)  L1 (Dn channel): 0.4154 (0.4188)  lr: 0.000345  iter-time: 1.0931
[22:26:50.476828] Epoch: [3]  [ 50/229]  eta: 0:03:20  loss: 1.3213 (1.3549)  IoU (F channel): 0.0100 (0.0114)  IoU (C channel): 0.0202 (0.0213)  L1 (Db channel): 0.3057 (0.3032)  L1 (Dn channel): 0.4175 (0.4191)  lr: 0.000355  iter-time: 1.0922
[22:27:01.436010] Epoch: [3]  [ 60/229]  eta: 0:03:08  loss: 1.3263 (1.3488)  IoU (F channel): 0.0100 (0.0112)  IoU (C channel): 0.0177 (0.0204)  L1 (Db channel): 0.3086 (0.3045)  L1 (Dn channel): 0.4303 (0.4226)  lr: 0.000365  iter-time: 1.0938
[22:27:12.363464] Epoch: [3]  [ 70/229]  eta: 0:02:57  loss: 1.2666 (1.3358)  IoU (F channel): 0.0103 (0.0114)  IoU (C channel): 0.0172 (0.0207)  L1 (Db channel): 0.3168 (0.3065)  L1 (Dn channel): 0.4316 (0.4220)  lr: 0.000376  iter-time: 1.0942
[22:27:23.289066] Epoch: [3]  [ 80/229]  eta: 0:02:45  loss: 1.2460 (1.3299)  IoU (F channel): 0.0140 (0.0124)  IoU (C channel): 0.0272 (0.0232)  L1 (Db channel): 0.3182 (0.3079)  L1 (Dn channel): 0.4133 (0.4200)  lr: 0.000386  iter-time: 1.0926
[22:27:34.226512] Epoch: [3]  [ 90/229]  eta: 0:02:34  loss: 1.2402 (1.3208)  IoU (F channel): 0.0149 (0.0130)  IoU (C channel): 0.0292 (0.0233)  L1 (Db channel): 0.3199 (0.3095)  L1 (Dn channel): 0.4159 (0.4213)  lr: 0.000397  iter-time: 1.0930
[22:27:45.166896] Epoch: [3]  [100/229]  eta: 0:02:22  loss: 1.2279 (1.3118)  IoU (F channel): 0.0182 (0.0143)  IoU (C channel): 0.0283 (0.0246)  L1 (Db channel): 0.3232 (0.3110)  L1 (Dn channel): 0.4294 (0.4220)  lr: 0.000408  iter-time: 1.0937
[22:27:56.097406] Epoch: [3]  [110/229]  eta: 0:02:11  loss: 1.2317 (1.3082)  IoU (F channel): 0.0209 (0.0152)  IoU (C channel): 0.0298 (0.0251)  L1 (Db channel): 0.3315 (0.3138)  L1 (Dn channel): 0.4326 (0.4237)  lr: 0.000419  iter-time: 1.0934
[22:28:07.035303] Epoch: [3]  [120/229]  eta: 0:02:00  loss: 1.2419 (1.3045)  IoU (F channel): 0.0248 (0.0170)  IoU (C channel): 0.0280 (0.0252)  L1 (Db channel): 0.3411 (0.3161)  L1 (Dn channel): 0.4418 (0.4254)  lr: 0.000431  iter-time: 1.0933
[22:28:17.978987] Epoch: [3]  [130/229]  eta: 0:01:49  loss: 1.1967 (1.2948)  IoU (F channel): 0.0300 (0.0184)  IoU (C channel): 0.0256 (0.0255)  L1 (Db channel): 0.3351 (0.3173)  L1 (Dn channel): 0.4278 (0.4253)  lr: 0.000442  iter-time: 1.0939
[22:28:28.911654] Epoch: [3]  [140/229]  eta: 0:01:38  loss: 1.1967 (1.2914)  IoU (F channel): 0.0242 (0.0195)  IoU (C channel): 0.0222 (0.0253)  L1 (Db channel): 0.3342 (0.3188)  L1 (Dn channel): 0.4263 (0.4264)  lr: 0.000453  iter-time: 1.0937
[22:28:39.843984] Epoch: [3]  [150/229]  eta: 0:01:27  loss: 1.2223 (1.2828)  IoU (F channel): 0.0444 (0.0218)  IoU (C channel): 0.0247 (0.0265)  L1 (Db channel): 0.3376 (0.3202)  L1 (Dn channel): 0.4211 (0.4256)  lr: 0.000465  iter-time: 1.0931
[22:28:50.786432] Epoch: [3]  [160/229]  eta: 0:01:16  loss: 1.1240 (1.2712)  IoU (F channel): 0.0478 (0.0226)  IoU (C channel): 0.0361 (0.0267)  L1 (Db channel): 0.3406 (0.3216)  L1 (Dn channel): 0.4111 (0.4246)  lr: 0.000477  iter-time: 1.0936
[22:29:01.725406] Epoch: [3]  [170/229]  eta: 0:01:05  loss: 1.0668 (1.2612)  IoU (F channel): 0.0393 (0.0240)  IoU (C channel): 0.0386 (0.0274)  L1 (Db channel): 0.3378 (0.3225)  L1 (Dn channel): 0.4079 (0.4235)  lr: 0.000489  iter-time: 1.0939
[22:29:12.657023] Epoch: [3]  [180/229]  eta: 0:00:53  loss: 1.0845 (1.2511)  IoU (F channel): 0.0469 (0.0256)  IoU (C channel): 0.0346 (0.0277)  L1 (Db channel): 0.3383 (0.3237)  L1 (Dn channel): 0.4097 (0.4232)  lr: 0.000501  iter-time: 1.0934
[22:29:23.593223] Epoch: [3]  [190/229]  eta: 0:00:42  loss: 1.0335 (1.2393)  IoU (F channel): 0.0567 (0.0276)  IoU (C channel): 0.0356 (0.0285)  L1 (Db channel): 0.3389 (0.3244)  L1 (Dn channel): 0.4164 (0.4226)  lr: 0.000513  iter-time: 1.0933
[22:29:34.525792] Epoch: [3]  [200/229]  eta: 0:00:31  loss: 1.0236 (1.2301)  IoU (F channel): 0.0624 (0.0295)  IoU (C channel): 0.0415 (0.0292)  L1 (Db channel): 0.3387 (0.3252)  L1 (Dn channel): 0.4208 (0.4228)  lr: 0.000525  iter-time: 1.0933
[22:29:45.464986] Epoch: [3]  [210/229]  eta: 0:00:20  loss: 1.0288 (1.2220)  IoU (F channel): 0.0616 (0.0312)  IoU (C channel): 0.0638 (0.0317)  L1 (Db channel): 0.3387 (0.3258)  L1 (Dn channel): 0.4150 (0.4221)  lr: 0.000538  iter-time: 1.0934
[22:29:56.395390] Epoch: [3]  [220/229]  eta: 0:00:09  loss: 1.0191 (1.2133)  IoU (F channel): 0.0509 (0.0326)  IoU (C channel): 0.0697 (0.0329)  L1 (Db channel): 0.3410 (0.3266)  L1 (Dn channel): 0.4129 (0.4223)  lr: 0.000550  iter-time: 1.0933
[22:30:04.834942] Epoch: [3]  [228/229]  eta: 0:00:01  loss: 1.0191 (1.2073)  IoU (F channel): 0.0715 (0.0343)  IoU (C channel): 0.0566 (0.0345)  L1 (Db channel): 0.3452 (0.3274)  L1 (Dn channel): 0.4243 (0.4226)  lr: 0.000560  iter-time: 1.0777
[22:30:04.835051] Epoch: [3] Total time: 0:04:11 (1.0987 s / it)
[22:30:04.835084] [Train] averaged stats: loss: 1.0191 (1.2073)  IoU (F channel): 0.0715 (0.0343)  IoU (C channel): 0.0566 (0.0345)  L1 (Db channel): 0.3452 (0.3274)  L1 (Dn channel): 0.4243 (0.4226)  lr: 0.000560
[22:30:06.393880] Epoch: [3]  [ 0/26]  eta: 0:00:40  loss: 0.7418 (0.7418)  IoU (F channel): 0.0000 (0.0000)  IoU (C channel): 0.0000 (0.0000)  L1 (Db channel): 0.3647 (0.3647)  L1 (Dn channel): 0.4619 (0.4619)  iter-time: 1.5578
[22:30:10.258618] Epoch: [3]  [10/26]  eta: 0:00:07  loss: 1.0427 (1.1256)  IoU (F channel): 0.0928 (0.0928)  IoU (C channel): 0.0125 (0.0142)  L1 (Db channel): 0.3424 (0.3469)  L1 (Dn channel): 0.4515 (0.4530)  iter-time: 0.4929
[22:30:13.739355] Epoch: [3]  [20/26]  eta: 0:00:02  loss: 1.0669 (1.0915)  IoU (F channel): 0.0487 (0.0871)  IoU (C channel): 0.0125 (0.0202)  L1 (Db channel): 0.3435 (0.3469)  L1 (Dn channel): 0.4515 (0.4529)  iter-time: 0.3672
[22:30:15.404350] Epoch: [3]  [25/26]  eta: 0:00:00  loss: 1.0669 (1.0719)  IoU (F channel): 0.0928 (0.0794)  IoU (C channel): 0.0145 (0.0189)  L1 (Db channel): 0.3437 (0.3481)  L1 (Dn channel): 0.4515 (0.4535)  iter-time: 0.3445
[22:30:15.404476] Epoch: [3] Total time: 0:00:10 (0.4065 s / it)
[22:30:15.404504] [Val] averaged stats: loss: 1.0669 (1.0719)  IoU (F channel): 0.0928 (0.0794)  IoU (C channel): 0.0145 (0.0189)  L1 (Db channel): 0.3437 (0.3481)  L1 (Dn channel): 0.4515 (0.4535)
[22:30:15.404948] Val loss improved from 1.3806436016009405 to 1.0718816954355974, saving model to metrics/biapy/biapy-v2-channel-scale/checkpoints/biapy-v2-channel-scale_0-checkpoint-best.pth
[22:30:15.532037] [Val] best loss: 1.0719 best  IoU (F channel): 0.0794 IoU (C channel): 0.0189 L1 (Db channel): 0.3481 L1 (Dn channel): 0.4535 
[22:30:15.541316] [Time] 4.4m 14.0m/2.3h

[22:30:15.541348] ~~~ Epoch 4/30 ~~~

[22:30:18.295615] Epoch: [4]  [  0/229]  eta: 0:10:30  loss: 1.0005 (1.0005)  IoU (F channel): 0.0427 (0.0427)  IoU (C channel): 0.0214 (0.0214)  L1 (Db channel): 0.3451 (0.3451)  L1 (Dn channel): 0.4506 (0.4506)  lr: 0.000562  iter-time: 2.7524
[22:30:29.230084] Epoch: [4]  [ 10/229]  eta: 0:04:32  loss: 1.0072 (1.0340)  IoU (F channel): 0.0740 (0.0719)  IoU (C channel): 0.0423 (0.0458)  L1 (Db channel): 0.3451 (0.3429)  L1 (Dn channel): 0.4274 (0.4329)  lr: 0.000574  iter-time: 1.2441
[22:30:40.152996] Epoch: [4]  [ 20/229]  eta: 0:04:04  loss: 0.9451 (0.9930)  IoU (F channel): 0.0731 (0.0669)  IoU (C channel): 0.0437 (0.0515)  L1 (Db channel): 0.3463 (0.3459)  L1 (Dn channel): 0.4256 (0.4298)  lr: 0.000587  iter-time: 1.0928
[22:30:51.087752] Epoch: [4]  [ 30/229]  eta: 0:03:48  loss: 0.9310 (0.9762)  IoU (F channel): 0.0682 (0.0682)  IoU (C channel): 0.0422 (0.0493)  L1 (Db channel): 0.3423 (0.3426)  L1 (Dn channel): 0.4276 (0.4292)  lr: 0.000600  iter-time: 1.0927
[22:31:02.022755] Epoch: [4]  [ 40/229]  eta: 0:03:34  loss: 0.9274 (0.9795)  IoU (F channel): 0.0670 (0.0707)  IoU (C channel): 0.0393 (0.0469)  L1 (Db channel): 0.3423 (0.3437)  L1 (Dn channel): 0.4389 (0.4339)  lr: 0.000613  iter-time: 1.0933
[22:31:12.952831] Epoch: [4]  [ 50/229]  eta: 0:03:21  loss: 0.9288 (0.9766)  IoU (F channel): 0.0652 (0.0732)  IoU (C channel): 0.0465 (0.0494)  L1 (Db channel): 0.3460 (0.3441)  L1 (Dn channel): 0.4371 (0.4336)  lr: 0.000626  iter-time: 1.0931
[22:31:23.874503] Epoch: [4]  [ 60/229]  eta: 0:03:09  loss: 0.9168 (0.9677)  IoU (F channel): 0.0868 (0.0758)  IoU (C channel): 0.0492 (0.0496)  L1 (Db channel): 0.3460 (0.3446)  L1 (Dn channel): 0.4375 (0.4362)  lr: 0.000640  iter-time: 1.0925
[22:31:34.820517] Epoch: [4]  [ 70/229]  eta: 0:02:57  loss: 0.8912 (0.9565)  IoU (F channel): 0.0993 (0.0803)  IoU (C channel): 0.0723 (0.0579)  L1 (Db channel): 0.3473 (0.3452)  L1 (Dn channel): 0.4446 (0.4363)  lr: 0.000653  iter-time: 1.0932
[22:31:45.750445] Epoch: [4]  [ 80/229]  eta: 0:02:45  loss: 0.8640 (0.9476)  IoU (F channel): 0.0921 (0.0820)  IoU (C channel): 0.0882 (0.0609)  L1 (Db channel): 0.3474 (0.3457)  L1 (Dn channel): 0.4382 (0.4367)  lr: 0.000667  iter-time: 1.0937
[22:31:56.674990] Epoch: [4]  [ 90/229]  eta: 0:02:34  loss: 0.8217 (0.9337)  IoU (F channel): 0.0959 (0.0855)  IoU (C channel): 0.0792 (0.0653)  L1 (Db channel): 0.3454 (0.3455)  L1 (Dn channel): 0.4377 (0.4369)  lr: 0.000680  iter-time: 1.0926
[22:32:07.606739] Epoch: [4]  [100/229]  eta: 0:02:23  loss: 0.8927 (0.9359)  IoU (F channel): 0.1164 (0.0890)  IoU (C channel): 0.0744 (0.0653)  L1 (Db channel): 0.3441 (0.3452)  L1 (Dn channel): 0.4442 (0.4397)  lr: 0.000694  iter-time: 1.0927
[22:32:18.550694] Epoch: [4]  [110/229]  eta: 0:02:11  loss: 0.8742 (0.9245)  IoU (F channel): 0.1070 (0.0897)  IoU (C channel): 0.0754 (0.0700)  L1 (Db channel): 0.3411 (0.3441)  L1 (Dn channel): 0.4603 (0.4408)  lr: 0.000707  iter-time: 1.0937
[22:32:29.470791] Epoch: [4]  [120/229]  eta: 0:02:00  loss: 0.8163 (0.9162)  IoU (F channel): 0.1088 (0.0925)  IoU (C channel): 0.1063 (0.0724)  L1 (Db channel): 0.3249 (0.3427)  L1 (Dn channel): 0.4470 (0.4414)  lr: 0.000721  iter-time: 1.0931
[22:32:40.403703] Epoch: [4]  [130/229]  eta: 0:01:49  loss: 0.7584 (0.9023)  IoU (F channel): 0.1088 (0.0943)  IoU (C channel): 0.1087 (0.0757)  L1 (Db channel): 0.3347 (0.3424)  L1 (Dn channel): 0.4428 (0.4413)  lr: 0.000735  iter-time: 1.0925
[22:32:51.338560] Epoch: [4]  [140/229]  eta: 0:01:38  loss: 0.7253 (0.8924)  IoU (F channel): 0.0964 (0.0951)  IoU (C channel): 0.0768 (0.0752)  L1 (Db channel): 0.3409 (0.3428)  L1 (Dn channel): 0.4511 (0.4425)  lr: 0.000749  iter-time: 1.0933
[22:33:02.259362] Epoch: [4]  [150/229]  eta: 0:01:27  loss: 0.7460 (0.8842)  IoU (F channel): 0.1090 (0.0973)  IoU (C channel): 0.0557 (0.0742)  L1 (Db channel): 0.3372 (0.3420)  L1 (Dn channel): 0.4548 (0.4431)  lr: 0.000763  iter-time: 1.0927
[22:33:13.187820] Epoch: [4]  [160/229]  eta: 0:01:16  loss: 0.7392 (0.8764)  IoU (F channel): 0.1263 (0.1005)  IoU (C channel): 0.0985 (0.0780)  L1 (Db channel): 0.3337 (0.3416)  L1 (Dn channel): 0.4461 (0.4433)  lr: 0.000777  iter-time: 1.0923
[22:33:24.122224] Epoch: [4]  [170/229]  eta: 0:01:05  loss: 0.7302 (0.8701)  IoU (F channel): 0.1439 (0.1036)  IoU (C channel): 0.1498 (0.0829)  L1 (Db channel): 0.3402 (0.3420)  L1 (Dn channel): 0.4498 (0.4439)  lr: 0.000791  iter-time: 1.0930
[22:33:35.052217] Epoch: [4]  [180/229]  eta: 0:00:54  loss: 0.6891 (0.8598)  IoU (F channel): 0.1188 (0.1031)  IoU (C channel): 0.1286 (0.0845)  L1 (Db channel): 0.3472 (0.3422)  L1 (Dn channel): 0.4580 (0.4449)  lr: 0.000805  iter-time: 1.0931
[22:33:45.981063] Epoch: [4]  [190/229]  eta: 0:00:42  loss: 0.6934 (0.8528)  IoU (F channel): 0.0821 (0.1035)  IoU (C channel): 0.1075 (0.0875)  L1 (Db channel): 0.3367 (0.3417)  L1 (Dn channel): 0.4608 (0.4457)  lr: 0.000819  iter-time: 1.0928
[22:33:56.910271] Epoch: [4]  [200/229]  eta: 0:00:31  loss: 0.6746 (0.8431)  IoU (F channel): 0.1286 (0.1051)  IoU (C channel): 0.1519 (0.0910)  L1 (Db channel): 0.3328 (0.3413)  L1 (Dn channel): 0.4681 (0.4471)  lr: 0.000834  iter-time: 1.0928
[22:34:07.836191] Epoch: [4]  [210/229]  eta: 0:00:20  loss: 0.6542 (0.8364)  IoU (F channel): 0.1473 (0.1084)  IoU (C channel): 0.1688 (0.0948)  L1 (Db channel): 0.3374 (0.3412)  L1 (Dn channel): 0.4734 (0.4483)  lr: 0.000848  iter-time: 1.0926
[22:34:18.779036] Epoch: [4]  [220/229]  eta: 0:00:09  loss: 0.6597 (0.8279)  IoU (F channel): 0.1826 (0.1109)  IoU (C channel): 0.1687 (0.0977)  L1 (Db channel): 0.3374 (0.3409)  L1 (Dn channel): 0.4685 (0.4489)  lr: 0.000862  iter-time: 1.0933
[22:34:27.223858] Epoch: [4]  [228/229]  eta: 0:00:01  loss: 0.5919 (0.8196)  IoU (F channel): 0.1496 (0.1119)  IoU (C channel): 0.1431 (0.1000)  L1 (Db channel): 0.3385 (0.3409)  L1 (Dn channel): 0.4622 (0.4496)  lr: 0.000874  iter-time: 1.0788
[22:34:27.223949] Epoch: [4] Total time: 0:04:11 (1.0990 s / it)
[22:34:27.223981] [Train] averaged stats: loss: 0.5919 (0.8196)  IoU (F channel): 0.1496 (0.1119)  IoU (C channel): 0.1431 (0.1000)  L1 (Db channel): 0.3385 (0.3409)  L1 (Dn channel): 0.4622 (0.4496)  lr: 0.000874
[22:34:29.354121] Epoch: [4]  [ 0/26]  eta: 0:00:55  loss: 0.3432 (0.3432)  IoU (F channel): 0.0000 (0.0000)  IoU (C channel): 0.0000 (0.0000)  L1 (Db channel): 0.3565 (0.3565)  L1 (Dn channel): 0.5005 (0.5005)  iter-time: 2.1293
[22:34:32.935707] Epoch: [4]  [10/26]  eta: 0:00:08  loss: 0.6508 (0.6716)  IoU (F channel): 0.2413 (0.2022)  IoU (C channel): 0.1220 (0.1258)  L1 (Db channel): 0.3303 (0.3362)  L1 (Dn channel): 0.4693 (0.4764)  iter-time: 0.5191
[22:34:36.408978] Epoch: [4]  [20/26]  eta: 0:00:02  loss: 0.6508 (0.6633)  IoU (F channel): 0.1870 (0.1909)  IoU (C channel): 0.1371 (0.1348)  L1 (Db channel): 0.3303 (0.3364)  L1 (Dn channel): 0.4702 (0.4760)  iter-time: 0.3527
[22:34:38.070102] Epoch: [4]  [25/26]  eta: 0:00:00  loss: 0.6549 (0.6720)  IoU (F channel): 0.1793 (0.1680)  IoU (C channel): 0.1220 (0.1201)  L1 (Db channel): 0.3297 (0.3374)  L1 (Dn channel): 0.4702 (0.4774)  iter-time: 0.3451
[22:34:38.070219] Epoch: [4] Total time: 0:00:10 (0.4171 s / it)
[22:34:38.070242] [Val] averaged stats: loss: 0.6549 (0.6720)  IoU (F channel): 0.1793 (0.1680)  IoU (C channel): 0.1220 (0.1201)  L1 (Db channel): 0.3297 (0.3374)  L1 (Dn channel): 0.4702 (0.4774)
[22:34:38.070462] Val loss improved from 1.0718816954355974 to 0.6719878017902374, saving model to metrics/biapy/biapy-v2-channel-scale/checkpoints/biapy-v2-channel-scale_0-checkpoint-best.pth
[22:34:38.177148] [Val] best loss: 0.6720 best  IoU (F channel): 0.1680 IoU (C channel): 0.1201 L1 (Db channel): 0.3374 L1 (Dn channel): 0.4774 
[22:34:38.185092] [Time] 4.4m 18.4m/2.3h

[22:34:38.185121] ~~~ Epoch 5/30 ~~~

[22:34:40.377948] Epoch: [5]  [  0/229]  eta: 0:08:21  loss: 0.5442 (0.5442)  IoU (F channel): 0.3058 (0.3058)  IoU (C channel): 0.2904 (0.2904)  L1 (Db channel): 0.3339 (0.3339)  L1 (Dn channel): 0.4737 (0.4737)  lr: 0.000875  iter-time: 2.1914
[22:34:51.313653] Epoch: [5]  [ 10/229]  eta: 0:04:21  loss: 0.5531 (0.6088)  IoU (F channel): 0.0879 (0.1204)  IoU (C channel): 0.1254 (0.1514)  L1 (Db channel): 0.3242 (0.3253)  L1 (Dn channel): 0.4687 (0.4693)  lr: 0.000890  iter-time: 1.1932
[22:35:02.239920] Epoch: [5]  [ 20/229]  eta: 0:03:59  loss: 0.5951 (0.6069)  IoU (F channel): 0.0915 (0.1306)  IoU (C channel): 0.1254 (0.1456)  L1 (Db channel): 0.3217 (0.3233)  L1 (Dn channel): 0.4685 (0.4679)  lr: 0.000904  iter-time: 1.0929
[22:35:13.165648] Epoch: [5]  [ 30/229]  eta: 0:03:44  loss: 0.6130 (0.6217)  IoU (F channel): 0.1468 (0.1484)  IoU (C channel): 0.1454 (0.1525)  L1 (Db channel): 0.3229 (0.3254)  L1 (Dn channel): 0.4709 (0.4714)  lr: 0.000919  iter-time: 1.0925
[22:35:24.088803] Epoch: [5]  [ 40/229]  eta: 0:03:31  loss: 0.6498 (0.6305)  IoU (F channel): 0.1689 (0.1517)  IoU (C channel): 0.1506 (0.1565)  L1 (Db channel): 0.3273 (0.3255)  L1 (Dn channel): 0.4713 (0.4716)  lr: 0.000933  iter-time: 1.0923
[22:35:35.027811] Epoch: [5]  [ 50/229]  eta: 0:03:19  loss: 0.6006 (0.6131)  IoU (F channel): 0.1647 (0.1560)  IoU (C channel): 0.1922 (0.1681)  L1 (Db channel): 0.3238 (0.3257)  L1 (Dn channel): 0.4713 (0.4716)  lr: 0.000948  iter-time: 1.0929
[22:35:45.953234] Epoch: [5]  [ 60/229]  eta: 0:03:07  loss: 0.5093 (0.6013)  IoU (F channel): 0.1724 (0.1579)  IoU (C channel): 0.2207 (0.1732)  L1 (Db channel): 0.3230 (0.3260)  L1 (Dn channel): 0.4693 (0.4707)  lr: 0.000962  iter-time: 1.0931
[22:35:56.887373] Epoch: [5]  [ 70/229]  eta: 0:02:56  loss: 0.5070 (0.5922)  IoU (F channel): 0.1387 (0.1601)  IoU (C channel): 0.2067 (0.1768)  L1 (Db channel): 0.3215 (0.3251)  L1 (Dn channel): 0.4615 (0.4684)  lr: 0.000977  iter-time: 1.0929
[22:36:07.820100] Epoch: [5]  [ 80/229]  eta: 0:02:44  loss: 0.5182 (0.5885)  IoU (F channel): 0.1591 (0.1631)  IoU (C channel): 0.2067 (0.1808)  L1 (Db channel): 0.3135 (0.3226)  L1 (Dn channel): 0.4524 (0.4663)  lr: 0.000992  iter-time: 1.0932
[22:36:18.749777] Epoch: [5]  [ 90/229]  eta: 0:02:33  loss: 0.5592 (0.5833)  IoU (F channel): 0.1751 (0.1639)  IoU (C channel): 0.2269 (0.1851)  L1 (Db channel): 0.3052 (0.3207)  L1 (Dn channel): 0.4535 (0.4664)  lr: 0.001006  iter-time: 1.0929
[22:36:29.677487] Epoch: [5]  [100/229]  eta: 0:02:22  loss: 0.5157 (0.5771)  IoU (F channel): 0.1935 (0.1710)  IoU (C channel): 0.2303 (0.1886)  L1 (Db channel): 0.3014 (0.3192)  L1 (Dn channel): 0.4739 (0.4673)  lr: 0.001021  iter-time: 1.0927
[22:36:40.605637] Epoch: [5]  [110/229]  eta: 0:02:11  loss: 0.4851 (0.5684)  IoU (F channel): 0.1935 (0.1708)  IoU (C channel): 0.2144 (0.1886)  L1 (Db channel): 0.3134 (0.3190)  L1 (Dn channel): 0.4758 (0.4681)  lr: 0.001036  iter-time: 1.0927
[22:36:51.539740] Epoch: [5]  [120/229]  eta: 0:02:00  loss: 0.4663 (0.5664)  IoU (F channel): 0.1595 (0.1691)  IoU (C channel): 0.1831 (0.1888)  L1 (Db channel): 0.3170 (0.3193)  L1 (Dn channel): 0.4812 (0.4701)  lr: 0.001050  iter-time: 1.0930
[22:37:02.473284] Epoch: [5]  [130/229]  eta: 0:01:49  loss: 0.5227 (0.5646)  IoU (F channel): 0.1676 (0.1724)  IoU (C channel): 0.1917 (0.1919)  L1 (Db channel): 0.3022 (0.3171)  L1 (Dn channel): 0.4738 (0.4692)  lr: 0.001065  iter-time: 1.0933
[22:37:13.405880] Epoch: [5]  [140/229]  eta: 0:01:37  loss: 0.5280 (0.5627)  IoU (F channel): 0.2174 (0.1783)  IoU (C channel): 0.2295 (0.1961)  L1 (Db channel): 0.2993 (0.3163)  L1 (Dn channel): 0.4538 (0.4681)  lr: 0.001080  iter-time: 1.0932
[22:37:24.341757] Epoch: [5]  [150/229]  eta: 0:01:26  loss: 0.4904 (0.5555)  IoU (F channel): 0.2143 (0.1799)  IoU (C channel): 0.2441 (0.2010)  L1 (Db channel): 0.3095 (0.3160)  L1 (Dn channel): 0.4525 (0.4670)  lr: 0.001094  iter-time: 1.0933
[22:37:35.276542] Epoch: [5]  [160/229]  eta: 0:01:15  loss: 0.4182 (0.5471)  IoU (F channel): 0.1732 (0.1798)  IoU (C channel): 0.2370 (0.2016)  L1 (Db channel): 0.3100 (0.3154)  L1 (Dn channel): 0.4535 (0.4661)  lr: 0.001109  iter-time: 1.0934
[22:37:46.210896] Epoch: [5]  [170/229]  eta: 0:01:04  loss: 0.4663 (0.5462)  IoU (F channel): 0.1732 (0.1809)  IoU (C channel): 0.1940 (0.2022)  L1 (Db channel): 0.3018 (0.3146)  L1 (Dn channel): 0.4538 (0.4657)  lr: 0.001123  iter-time: 1.0933
[22:37:57.135135] Epoch: [5]  [180/229]  eta: 0:00:53  loss: 0.4713 (0.5420)  IoU (F channel): 0.1680 (0.1809)  IoU (C channel): 0.1935 (0.2021)  L1 (Db channel): 0.3171 (0.3150)  L1 (Dn channel): 0.4654 (0.4660)  lr: 0.001138  iter-time: 1.0928
[22:38:08.066655] Epoch: [5]  [190/229]  eta: 0:00:42  loss: 0.4462 (0.5379)  IoU (F channel): 0.1680 (0.1803)  IoU (C channel): 0.1850 (0.2009)  L1 (Db channel): 0.3171 (0.3149)  L1 (Dn channel): 0.4635 (0.4657)  lr: 0.001152  iter-time: 1.0927
[22:38:19.009783] Epoch: [5]  [200/229]  eta: 0:00:31  loss: 0.4371 (0.5359)  IoU (F channel): 0.1664 (0.1802)  IoU (C channel): 0.1810 (0.2010)  L1 (Db channel): 0.3073 (0.3141)  L1 (Dn channel): 0.4688 (0.4663)  lr: 0.001167  iter-time: 1.0936
[22:38:29.938372] Epoch: [5]  [210/229]  eta: 0:00:20  loss: 0.4179 (0.5296)  IoU (F channel): 0.1673 (0.1795)  IoU (C channel): 0.1895 (0.2010)  L1 (Db channel): 0.3001 (0.3136)  L1 (Dn channel): 0.4692 (0.4660)  lr: 0.001181  iter-time: 1.0935
[22:38:40.866416] Epoch: [5]  [220/229]  eta: 0:00:09  loss: 0.4136 (0.5267)  IoU (F channel): 0.1673 (0.1796)  IoU (C channel): 0.2069 (0.2003)  L1 (Db channel): 0.2986 (0.3126)  L1 (Dn channel): 0.4545 (0.4652)  lr: 0.001196  iter-time: 1.0927
[22:38:49.338663] Epoch: [5]  [228/229]  eta: 0:00:01  loss: 0.4217 (0.5226)  IoU (F channel): 0.1828 (0.1803)  IoU (C channel): 0.2120 (0.2014)  L1 (Db channel): 0.2886 (0.3117)  L1 (Dn channel): 0.4467 (0.4645)  lr: 0.001208  iter-time: 1.0793
[22:38:49.338841] Epoch: [5] Total time: 0:04:11 (1.0967 s / it)
[22:38:49.338884] [Train] averaged stats: loss: 0.4217 (0.5226)  IoU (F channel): 0.1828 (0.1803)  IoU (C channel): 0.2120 (0.2014)  L1 (Db channel): 0.2886 (0.3117)  L1 (Dn channel): 0.4467 (0.4645)  lr: 0.001208
[22:38:51.214659] Epoch: [5]  [ 0/26]  eta: 0:00:48  loss: 0.1351 (0.1351)  IoU (F channel): 0.0000 (0.0000)  IoU (C channel): 0.0000 (0.0000)  L1 (Db channel): 0.3099 (0.3099)  L1 (Dn channel): 0.4674 (0.4674)  iter-time: 1.8746
[22:38:54.817373] Epoch: [5]  [10/26]  eta: 0:00:07  loss: 0.4273 (0.4881)  IoU (F channel): 0.2946 (0.2803)  IoU (C channel): 0.2653 (0.2174)  L1 (Db channel): 0.2797 (0.2876)  L1 (Dn channel): 0.4401 (0.4473)  iter-time: 0.4979
[22:38:58.293147] Epoch: [5]  [20/26]  eta: 0:00:02  loss: 0.4306 (0.4716)  IoU (F channel): 0.2717 (0.2280)  IoU (C channel): 0.2502 (0.1952)  L1 (Db channel): 0.2797 (0.2875)  L1 (Dn channel): 0.4404 (0.4477)  iter-time: 0.3539
[22:38:59.956123] Epoch: [5]  [25/26]  eta: 0:00:00  loss: 0.4729 (0.4776)  IoU (F channel): 0.2100 (0.2010)  IoU (C channel): 0.2087 (0.1707)  L1 (Db channel): 0.2792 (0.2886)  L1 (Dn channel): 0.4404 (0.4492)  iter-time: 0.3441
[22:38:59.956196] Epoch: [5] Total time: 0:00:10 (0.4083 s / it)
[22:38:59.956223] [Val] averaged stats: loss: 0.4729 (0.4776)  IoU (F channel): 0.2100 (0.2010)  IoU (C channel): 0.2087 (0.1707)  L1 (Db channel): 0.2792 (0.2886)  L1 (Dn channel): 0.4404 (0.4492)
[22:38:59.956437] Val loss improved from 0.6719878017902374 to 0.477584703037372, saving model to metrics/biapy/biapy-v2-channel-scale/checkpoints/biapy-v2-channel-scale_0-checkpoint-best.pth
[22:39:00.094571] [Val] best loss: 0.4776 best  IoU (F channel): 0.2010 IoU (C channel): 0.1707 L1 (Db channel): 0.2886 L1 (Dn channel): 0.4492 
[22:39:00.103079] Creating training plots . . .
[22:39:08.305581] [Time] 4.5m 22.9m/2.3h

[22:39:08.305618] ~~~ Epoch 6/30 ~~~

[22:39:11.183504] Epoch: [6]  [  0/229]  eta: 0:10:58  loss: 0.3765 (0.3765)  IoU (F channel): 0.1704 (0.1704)  IoU (C channel): 0.2150 (0.2150)  L1 (Db channel): 0.2830 (0.2830)  L1 (Dn channel): 0.4426 (0.4426)  lr: 0.001209  iter-time: 2.8768
[22:39:22.109347] Epoch: [6]  [ 10/229]  eta: 0:04:34  loss: 0.3765 (0.3978)  IoU (F channel): 0.1975 (0.2190)  IoU (C channel): 0.2477 (0.2692)  L1 (Db channel): 0.2856 (0.2912)  L1 (Dn channel): 0.4526 (0.4547)  lr: 0.001223  iter-time: 1.2546
[22:39:33.050012] Epoch: [6]  [ 20/229]  eta: 0:04:06  loss: 0.4100 (0.4134)  IoU (F channel): 0.1975 (0.2138)  IoU (C channel): 0.2546 (0.2689)  L1 (Db channel): 0.2983 (0.2939)  L1 (Dn channel): 0.4600 (0.4571)  lr: 0.001238  iter-time: 1.0932
[22:39:43.996156] Epoch: [6]  [ 30/229]  eta: 0:03:49  loss: 0.4149 (0.4177)  IoU (F channel): 0.2204 (0.2266)  IoU (C channel): 0.2712 (0.2808)  L1 (Db channel): 0.2983 (0.2947)  L1 (Dn channel): 0.4585 (0.4567)  lr: 0.001252  iter-time: 1.0942
[22:39:54.931613] Epoch: [6]  [ 40/229]  eta: 0:03:34  loss: 0.3995 (0.4199)  IoU (F channel): 0.2289 (0.2248)  IoU (C channel): 0.3129 (0.2735)  L1 (Db channel): 0.2948 (0.2950)  L1 (Dn channel): 0.4541 (0.4558)  lr: 0.001266  iter-time: 1.0939
[22:40:05.892161] Epoch: [6]  [ 50/229]  eta: 0:03:22  loss: 0.3995 (0.4229)  IoU (F channel): 0.1555 (0.2127)  IoU (C channel): 0.2057 (0.2557)  L1 (Db channel): 0.2893 (0.2922)  L1 (Dn channel): 0.4518 (0.4551)  lr: 0.001280  iter-time: 1.0946
[22:40:16.810349] Epoch: [6]  [ 60/229]  eta: 0:03:09  loss: 0.3996 (0.4245)  IoU (F channel): 0.1571 (0.2127)  IoU (C channel): 0.2012 (0.2536)  L1 (Db channel): 0.2749 (0.2888)  L1 (Dn channel): 0.4548 (0.4554)  lr: 0.001295  iter-time: 1.0938
[22:40:27.728747] Epoch: [6]  [ 70/229]  eta: 0:02:57  loss: 0.3960 (0.4192)  IoU (F channel): 0.1913 (0.2081)  IoU (C channel): 0.2270 (0.2506)  L1 (Db channel): 0.2718 (0.2874)  L1 (Dn channel): 0.4452 (0.4533)  lr: 0.001309  iter-time: 1.0917
[22:40:38.660117] Epoch: [6]  [ 80/229]  eta: 0:02:46  loss: 0.3626 (0.4115)  IoU (F channel): 0.1990 (0.2104)  IoU (C channel): 0.2756 (0.2552)  L1 (Db channel): 0.2810 (0.2870)  L1 (Dn channel): 0.4399 (0.4515)  lr: 0.001323  iter-time: 1.0924
[22:40:49.595790] Epoch: [6]  [ 90/229]  eta: 0:02:34  loss: 0.3350 (0.4041)  IoU (F channel): 0.1990 (0.2097)  IoU (C channel): 0.3018 (0.2589)  L1 (Db channel): 0.2754 (0.2856)  L1 (Dn channel): 0.4450 (0.4514)  lr: 0.001337  iter-time: 1.0932
[22:41:00.518058] Epoch: [6]  [100/229]  eta: 0:02:23  loss: 0.3247 (0.4005)  IoU (F channel): 0.2039 (0.2117)  IoU (C channel): 0.2873 (0.2610)  L1 (Db channel): 0.2666 (0.2831)  L1 (Dn channel): 0.4463 (0.4507)  lr: 0.001351  iter-time: 1.0928
[22:41:11.457797] Epoch: [6]  [110/229]  eta: 0:02:12  loss: 0.3587 (0.3994)  IoU (F channel): 0.2006 (0.2097)  IoU (C channel): 0.2589 (0.2588)  L1 (Db channel): 0.2609 (0.2816)  L1 (Dn channel): 0.4450 (0.4504)  lr: 0.001364  iter-time: 1.0930
[22:41:22.387998] Epoch: [6]  [120/229]  eta: 0:02:00  loss: 0.3587 (0.3978)  IoU (F channel): 0.2006 (0.2103)  IoU (C channel): 0.2247 (0.2587)  L1 (Db channel): 0.2601 (0.2794)  L1 (Dn channel): 0.4371 (0.4480)  lr: 0.001378  iter-time: 1.0934
[22:41:33.320725] Epoch: [6]  [130/229]  eta: 0:01:49  loss: 0.3389 (0.3960)  IoU (F channel): 0.2287 (0.2134)  IoU (C channel): 0.2538 (0.2606)  L1 (Db channel): 0.2495 (0.2772)  L1 (Dn channel): 0.4178 (0.4458)  lr: 0.001392  iter-time: 1.0930
[22:41:44.260935] Epoch: [6]  [140/229]  eta: 0:01:38  loss: 0.3421 (0.3942)  IoU (F channel): 0.2235 (0.2139)  IoU (C channel): 0.2636 (0.2610)  L1 (Db channel): 0.2537 (0.2766)  L1 (Dn channel): 0.4222 (0.4451)  lr: 0.001405  iter-time: 1.0935
[22:41:55.185162] Epoch: [6]  [150/229]  eta: 0:01:27  loss: 0.3158 (0.3893)  IoU (F channel): 0.2043 (0.2134)  IoU (C channel): 0.2696 (0.2620)  L1 (Db channel): 0.2685 (0.2760)  L1 (Dn channel): 0.4353 (0.4444)  lr: 0.001419  iter-time: 1.0931
[22:42:06.119337] Epoch: [6]  [160/229]  eta: 0:01:16  loss: 0.3080 (0.3867)  IoU (F channel): 0.2035 (0.2129)  IoU (C channel): 0.2858 (0.2629)  L1 (Db channel): 0.2670 (0.2754)  L1 (Dn channel): 0.4226 (0.4428)  lr: 0.001432  iter-time: 1.0928
[22:42:17.052641] Epoch: [6]  [170/229]  eta: 0:01:05  loss: 0.3128 (0.3828)  IoU (F channel): 0.2429 (0.2154)  IoU (C channel): 0.2959 (0.2653)  L1 (Db channel): 0.2591 (0.2743)  L1 (Dn channel): 0.4183 (0.4414)  lr: 0.001446  iter-time: 1.0932
[22:42:27.975622] Epoch: [6]  [180/229]  eta: 0:00:54  loss: 0.3029 (0.3798)  IoU (F channel): 0.2415 (0.2163)  IoU (C channel): 0.2699 (0.2641)  L1 (Db channel): 0.2538 (0.2731)  L1 (Dn channel): 0.4148 (0.4396)  lr: 0.001459  iter-time: 1.0927
[22:42:38.906196] Epoch: [6]  [190/229]  eta: 0:00:42  loss: 0.3145 (0.3780)  IoU (F channel): 0.2124 (0.2165)  IoU (C channel): 0.2237 (0.2629)  L1 (Db channel): 0.2524 (0.2718)  L1 (Dn channel): 0.4027 (0.4376)  lr: 0.001472  iter-time: 1.0926
[22:42:49.849701] Epoch: [6]  [200/229]  eta: 0:00:31  loss: 0.3153 (0.3760)  IoU (F channel): 0.1863 (0.2159)  IoU (C channel): 0.2237 (0.2621)  L1 (Db channel): 0.2460 (0.2705)  L1 (Dn channel): 0.4028 (0.4360)  lr: 0.001485  iter-time: 1.0936
[22:43:00.779489] Epoch: [6]  [210/229]  eta: 0:00:20  loss: 0.3202 (0.3737)  IoU (F channel): 0.1542 (0.2136)  IoU (C channel): 0.2129 (0.2592)  L1 (Db channel): 0.2420 (0.2691)  L1 (Dn channel): 0.4075 (0.4349)  lr: 0.001498  iter-time: 1.0935
[22:43:11.707989] Epoch: [6]  [220/229]  eta: 0:00:09  loss: 0.3394 (0.3732)  IoU (F channel): 0.1532 (0.2146)  IoU (C channel): 0.2129 (0.2595)  L1 (Db channel): 0.2334 (0.2676)  L1 (Dn channel): 0.4181 (0.4344)  lr: 0.001511  iter-time: 1.0928
[22:43:20.158040] Epoch: [6]  [228/229]  eta: 0:00:01  loss: 0.3846 (0.3747)  IoU (F channel): 0.1654 (0.2152)  IoU (C channel): 0.2230 (0.2597)  L1 (Db channel): 0.2294 (0.2662)  L1 (Dn channel): 0.4203 (0.4336)  lr: 0.001521  iter-time: 1.0779
[22:43:20.158343] Epoch: [6] Total time: 0:04:11 (1.0998 s / it)
[22:43:20.158414] [Train] averaged stats: loss: 0.3846 (0.3747)  IoU (F channel): 0.1654 (0.2152)  IoU (C channel): 0.2230 (0.2597)  L1 (Db channel): 0.2294 (0.2662)  L1 (Dn channel): 0.4203 (0.4336)  lr: 0.001521
[22:43:22.795567] Epoch: [6]  [ 0/26]  eta: 0:01:08  loss: 0.0593 (0.0593)  IoU (F channel): 0.0000 (0.0000)  IoU (C channel): 0.0000 (0.0000)  L1 (Db channel): 0.2548 (0.2548)  L1 (Dn channel): 0.4121 (0.4121)  iter-time: 2.6353
[22:43:26.292280] Epoch: [6]  [10/26]  eta: 0:00:08  loss: 0.4422 (0.4346)  IoU (F channel): 0.3022 (0.2921)  IoU (C channel): 0.2187 (0.1817)  L1 (Db channel): 0.2260 (0.2328)  L1 (Dn channel): 0.3927 (0.3974)  iter-time: 0.5574
[22:43:29.773689] Epoch: [6]  [20/26]  eta: 0:00:02  loss: 0.4045 (0.4107)  IoU (F channel): 0.3022 (0.2626)  IoU (C channel): 0.2244 (0.1988)  L1 (Db channel): 0.2260 (0.2325)  L1 (Dn channel): 0.3927 (0.3974)  iter-time: 0.3489
[22:43:31.438412] Epoch: [6]  [25/26]  eta: 0:00:00  loss: 0.4045 (0.4388)  IoU (F channel): 0.2833 (0.2268)  IoU (C channel): 0.2244 (0.1733)  L1 (Db channel): 0.2259 (0.2336)  L1 (Dn channel): 0.3925 (0.3981)  iter-time: 0.3446
[22:43:31.438551] Epoch: [6] Total time: 0:00:11 (0.4338 s / it)
[22:43:31.438574] [Val] averaged stats: loss: 0.4045 (0.4388)  IoU (F channel): 0.2833 (0.2268)  IoU (C channel): 0.2244 (0.1733)  L1 (Db channel): 0.2259 (0.2336)  L1 (Dn channel): 0.3925 (0.3981)
[22:43:31.438807] Val loss improved from 0.477584703037372 to 0.4388073022262408, saving model to metrics/biapy/biapy-v2-channel-scale/checkpoints/biapy-v2-channel-scale_0-checkpoint-best.pth
[22:43:31.537105] [Val] best loss: 0.4388 best  IoU (F channel): 0.2268 IoU (C channel): 0.1733 L1 (Db channel): 0.2336 L1 (Dn channel): 0.3981 
[22:43:31.544690] [Time] 4.4m 27.3m/2.3h

[22:43:31.544707] ~~~ Epoch 7/30 ~~~

[22:43:34.032991] Epoch: [7]  [  0/229]  eta: 0:09:29  loss: 0.5324 (0.5324)  IoU (F channel): 0.2951 (0.2951)  IoU (C channel): 0.3993 (0.3993)  L1 (Db channel): 0.2271 (0.2271)  L1 (Dn channel): 0.3944 (0.3944)  lr: 0.001522  iter-time: 2.4871
[22:43:44.987347] Epoch: [7]  [ 10/229]  eta: 0:04:27  loss: 0.3535 (0.3742)  IoU (F channel): 0.2504 (0.2478)  IoU (C channel): 0.2851 (0.2491)  L1 (Db channel): 0.2182 (0.2165)  L1 (Dn channel): 0.3957 (0.3967)  lr: 0.001535  iter-time: 1.2219
[22:43:55.918590] Epoch: [7]  [ 20/229]  eta: 0:04:02  loss: 0.3422 (0.3615)  IoU (F channel): 0.2265 (0.2419)  IoU (C channel): 0.2615 (0.2540)  L1 (Db channel): 0.2279 (0.2272)  L1 (Dn channel): 0.4000 (0.3993)  lr: 0.001547  iter-time: 1.0942
[22:44:06.843378] Epoch: [7]  [ 30/229]  eta: 0:03:46  loss: 0.3340 (0.3655)  IoU (F channel): 0.2265 (0.2418)  IoU (C channel): 0.2726 (0.2646)  L1 (Db channel): 0.2430 (0.2338)  L1 (Dn channel): 0.3933 (0.3962)  lr: 0.001560  iter-time: 1.0926
[22:44:17.763925] Epoch: [7]  [ 40/229]  eta: 0:03:33  loss: 0.3384 (0.3591)  IoU (F channel): 0.2001 (0.2298)  IoU (C channel): 0.2726 (0.2607)  L1 (Db channel): 0.2479 (0.2375)  L1 (Dn channel): 0.3844 (0.3924)  lr: 0.001572  iter-time: 1.0921
[22:44:28.698603] Epoch: [7]  [ 50/229]  eta: 0:03:20  loss: 0.3317 (0.3510)  IoU (F channel): 0.1959 (0.2331)  IoU (C channel): 0.2781 (0.2737)  L1 (Db channel): 0.2278 (0.2339)  L1 (Dn channel): 0.3774 (0.3893)  lr: 0.001584  iter-time: 1.0926
[22:44:39.635133] Epoch: [7]  [ 60/229]  eta: 0:03:08  loss: 0.3613 (0.3621)  IoU (F channel): 0.2255 (0.2327)  IoU (C channel): 0.3218 (0.2770)  L1 (Db channel): 0.2147 (0.2299)  L1 (Dn channel): 0.3878 (0.3908)  lr: 0.001596  iter-time: 1.0934
[22:44:50.560499] Epoch: [7]  [ 70/229]  eta: 0:02:56  loss: 0.3613 (0.3577)  IoU (F channel): 0.2627 (0.2385)  IoU (C channel): 0.3218 (0.2805)  L1 (Db channel): 0.2199 (0.2295)  L1 (Dn channel): 0.3963 (0.3916)  lr: 0.001608  iter-time: 1.0929
[22:45:01.498738] Epoch: [7]  [ 80/229]  eta: 0:02:45  loss: 0.2824 (0.3534)  IoU (F channel): 0.2478 (0.2365)  IoU (C channel): 0.2803 (0.2752)  L1 (Db channel): 0.2204 (0.2280)  L1 (Dn channel): 0.3986 (0.3926)  lr: 0.001620  iter-time: 1.0931
[22:45:12.427487] Epoch: [7]  [ 90/229]  eta: 0:02:34  loss: 0.2869 (0.3496)  IoU (F channel): 0.2517 (0.2401)  IoU (C channel): 0.3003 (0.2828)  L1 (Db channel): 0.2134 (0.2258)  L1 (Dn channel): 0.3986 (0.3931)  lr: 0.001631  iter-time: 1.0932
[22:45:23.360349] Epoch: [7]  [100/229]  eta: 0:02:22  loss: 0.3402 (0.3525)  IoU (F channel): 0.2480 (0.2406)  IoU (C channel): 0.3389 (0.2825)  L1 (Db channel): 0.2077 (0.2239)  L1 (Dn channel): 0.3921 (0.3928)  lr: 0.001643  iter-time: 1.0930
[22:45:34.295668] Epoch: [7]  [110/229]  eta: 0:02:11  loss: 0.3424 (0.3535)  IoU (F channel): 0.2480 (0.2475)  IoU (C channel): 0.3238 (0.2882)  L1 (Db channel): 0.1976 (0.2212)  L1 (Dn channel): 0.3898 (0.3925)  lr: 0.001654  iter-time: 1.0933
[22:45:45.223659] Epoch: [7]  [120/229]  eta: 0:02:00  loss: 0.3198 (0.3472)  IoU (F channel): 0.2450 (0.2442)  IoU (C channel): 0.3045 (0.2871)  L1 (Db channel): 0.2050 (0.2204)  L1 (Dn channel): 0.3906 (0.3924)  lr: 0.001665  iter-time: 1.0930
[22:45:56.156781] Epoch: [7]  [130/229]  eta: 0:01:49  loss: 0.2846 (0.3428)  IoU (F channel): 0.2132 (0.2451)  IoU (C channel): 0.2751 (0.2898)  L1 (Db channel): 0.2062 (0.2190)  L1 (Dn channel): 0.3841 (0.3914)  lr: 0.001676  iter-time: 1.0929
[22:46:07.098029] Epoch: [7]  [140/229]  eta: 0:01:38  loss: 0.2884 (0.3435)  IoU (F channel): 0.2465 (0.2433)  IoU (C channel): 0.3130 (0.2899)  L1 (Db channel): 0.1947 (0.2172)  L1 (Dn channel): 0.3799 (0.3907)  lr: 0.001687  iter-time: 1.0935
[22:46:18.029009] Epoch: [7]  [150/229]  eta: 0:01:27  loss: 0.3125 (0.3416)  IoU (F channel): 0.2257 (0.2425)  IoU (C channel): 0.2924 (0.2890)  L1 (Db channel): 0.1910 (0.2156)  L1 (Dn channel): 0.3730 (0.3892)  lr: 0.001698  iter-time: 1.0935
[22:46:28.956114] Epoch: [7]  [160/229]  eta: 0:01:16  loss: 0.2951 (0.3382)  IoU (F channel): 0.2722 (0.2447)  IoU (C channel): 0.3244 (0.2922)  L1 (Db channel): 0.1933 (0.2143)  L1 (Dn channel): 0.3617 (0.3874)  lr: 0.001708  iter-time: 1.0928
[22:46:39.893465] Epoch: [7]  [170/229]  eta: 0:01:04  loss: 0.2629 (0.3336)  IoU (F channel): 0.2882 (0.2448)  IoU (C channel): 0.3457 (0.2932)  L1 (Db channel): 0.1939 (0.2129)  L1 (Dn channel): 0.3638 (0.3863)  lr: 0.001719  iter-time: 1.0931
[22:46:50.829583] Epoch: [7]  [180/229]  eta: 0:00:53  loss: 0.2428 (0.3312)  IoU (F channel): 0.2201 (0.2450)  IoU (C channel): 0.3023 (0.2944)  L1 (Db channel): 0.1887 (0.2116)  L1 (Dn channel): 0.3690 (0.3853)  lr: 0.001729  iter-time: 1.0935
[22:47:01.760707] Epoch: [7]  [190/229]  eta: 0:00:42  loss: 0.2712 (0.3291)  IoU (F channel): 0.2182 (0.2444)  IoU (C channel): 0.3022 (0.2941)  L1 (Db channel): 0.1849 (0.2101)  L1 (Dn channel): 0.3634 (0.3841)  lr: 0.001739  iter-time: 1.0932
[22:47:12.692230] Epoch: [7]  [200/229]  eta: 0:00:31  loss: 0.2611 (0.3264)  IoU (F channel): 0.2182 (0.2452)  IoU (C channel): 0.2844 (0.2938)  L1 (Db channel): 0.1817 (0.2088)  L1 (Dn channel): 0.3632 (0.3831)  lr: 0.001749  iter-time: 1.0930
[22:47:23.640850] Epoch: [7]  [210/229]  eta: 0:00:20  loss: 0.2411 (0.3231)  IoU (F channel): 0.2660 (0.2458)  IoU (C channel): 0.3314 (0.2956)  L1 (Db channel): 0.1884 (0.2079)  L1 (Dn channel): 0.3669 (0.3826)  lr: 0.001759  iter-time: 1.0939
[22:47:34.567620] Epoch: [7]  [220/229]  eta: 0:00:09  loss: 0.2411 (0.3226)  IoU (F channel): 0.2660 (0.2461)  IoU (C channel): 0.3454 (0.2962)  L1 (Db channel): 0.1862 (0.2069)  L1 (Dn channel): 0.3708 (0.3820)  lr: 0.001769  iter-time: 1.0936
[22:47:43.014832] Epoch: [7]  [228/229]  eta: 0:00:01  loss: 0.2797 (0.3209)  IoU (F channel): 0.2684 (0.2478)  IoU (C channel): 0.3363 (0.2986)  L1 (Db channel): 0.1850 (0.2062)  L1 (Dn channel): 0.3682 (0.3814)  lr: 0.001776  iter-time: 1.0778
[22:47:43.015422] Epoch: [7] Total time: 0:04:11 (1.0981 s / it)
[22:47:43.015487] [Train] averaged stats: loss: 0.2797 (0.3209)  IoU (F channel): 0.2684 (0.2478)  IoU (C channel): 0.3363 (0.2986)  L1 (Db channel): 0.1850 (0.2062)  L1 (Dn channel): 0.3682 (0.3814)  lr: 0.001776
[22:47:45.307739] Epoch: [7]  [ 0/26]  eta: 0:00:59  loss: 0.0275 (0.0275)  IoU (F channel): 0.0000 (0.0000)  IoU (C channel): 0.0000 (0.0000)  L1 (Db channel): 0.1921 (0.1921)  L1 (Dn channel): 0.3728 (0.3728)  iter-time: 2.2909
[22:47:48.834447] Epoch: [7]  [10/26]  eta: 0:00:08  loss: 0.3308 (0.2934)  IoU (F channel): 0.3117 (0.2901)  IoU (C channel): 0.2920 (0.2150)  L1 (Db channel): 0.1876 (0.1887)  L1 (Dn channel): 0.3703 (0.3701)  iter-time: 0.5288
[22:47:52.309921] Epoch: [7]  [20/26]  eta: 0:00:02  loss: 0.3155 (0.3027)  IoU (F channel): 0.2874 (0.2497)  IoU (C channel): 0.2844 (0.2138)  L1 (Db channel): 0.1876 (0.1886)  L1 (Dn channel): 0.3708 (0.3707)  iter-time: 0.3501
[22:47:53.974518] Epoch: [7]  [25/26]  eta: 0:00:00  loss: 0.3155 (0.3358)  IoU (F channel): 0.2397 (0.2188)  IoU (C channel): 0.2400 (0.1874)  L1 (Db channel): 0.1872 (0.1889)  L1 (Dn channel): 0.3711 (0.3712)  iter-time: 0.3457
[22:47:53.974676] Epoch: [7] Total time: 0:00:10 (0.4215 s / it)
[22:47:53.974707] [Val] averaged stats: loss: 0.3155 (0.3358)  IoU (F channel): 0.2397 (0.2188)  IoU (C channel): 0.2400 (0.1874)  L1 (Db channel): 0.1872 (0.1889)  L1 (Dn channel): 0.3711 (0.3712)
[22:47:53.974990] Val loss improved from 0.4388073022262408 to 0.3357714702590154, saving model to metrics/biapy/biapy-v2-channel-scale/checkpoints/biapy-v2-channel-scale_0-checkpoint-best.pth
[22:47:54.110671] [Val] best loss: 0.3358 best  IoU (F channel): 0.2188 IoU (C channel): 0.1874 L1 (Db channel): 0.1889 L1 (Dn channel): 0.3712 
[22:47:54.121044] [Time] 4.4m 31.7m/2.3h

[22:47:54.121100] ~~~ Epoch 8/30 ~~~

[22:47:57.267044] Epoch: [8]  [  0/229]  eta: 0:12:00  loss: 0.1881 (0.1881)  IoU (F channel): 0.2249 (0.2249)  IoU (C channel): 0.2550 (0.2550)  L1 (Db channel): 0.1882 (0.1882)  L1 (Dn channel): 0.3719 (0.3719)  lr: 0.001777  iter-time: 3.1442
[22:48:08.200663] Epoch: [8]  [ 10/229]  eta: 0:04:40  loss: 0.2638 (0.2579)  IoU (F channel): 0.2249 (0.2133)  IoU (C channel): 0.2572 (0.2850)  L1 (Db channel): 0.1869 (0.1856)  L1 (Dn channel): 0.3737 (0.3745)  lr: 0.001786  iter-time: 1.2797
[22:48:19.127729] Epoch: [8]  [ 20/229]  eta: 0:04:08  loss: 0.2638 (0.2745)  IoU (F channel): 0.2328 (0.2230)  IoU (C channel): 0.3193 (0.3005)  L1 (Db channel): 0.1814 (0.1834)  L1 (Dn channel): 0.3707 (0.3701)  lr: 0.001795  iter-time: 1.0929
[22:48:30.052176] Epoch: [8]  [ 30/229]  eta: 0:03:50  loss: 0.2935 (0.2776)  IoU (F channel): 0.2391 (0.2367)  IoU (C channel): 0.3209 (0.3096)  L1 (Db channel): 0.1785 (0.1809)  L1 (Dn channel): 0.3614 (0.3658)  lr: 0.001804  iter-time: 1.0924
[22:48:40.983856] Epoch: [8]  [ 40/229]  eta: 0:03:35  loss: 0.2657 (0.2789)  IoU (F channel): 0.2694 (0.2494)  IoU (C channel): 0.3134 (0.3135)  L1 (Db channel): 0.1767 (0.1803)  L1 (Dn channel): 0.3543 (0.3628)  lr: 0.001813  iter-time: 1.0927
[22:48:51.914145] Epoch: [8]  [ 50/229]  eta: 0:03:22  loss: 0.2673 (0.2821)  IoU (F channel): 0.2752 (0.2471)  IoU (C channel): 0.3289 (0.3126)  L1 (Db channel): 0.1767 (0.1789)  L1 (Dn channel): 0.3497 (0.3598)  lr: 0.001822  iter-time: 1.0930
[22:49:02.841677] Epoch: [8]  [ 60/229]  eta: 0:03:10  loss: 0.2673 (0.2824)  IoU (F channel): 0.2752 (0.2493)  IoU (C channel): 0.3289 (0.3145)  L1 (Db channel): 0.1738 (0.1783)  L1 (Dn channel): 0.3489 (0.3589)  lr: 0.001830  iter-time: 1.0928
[22:49:13.765593] Epoch: [8]  [ 70/229]  eta: 0:02:58  loss: 0.2387 (0.2799)  IoU (F channel): 0.2741 (0.2530)  IoU (C channel): 0.3542 (0.3206)  L1 (Db channel): 0.1762 (0.1781)  L1 (Dn channel): 0.3543 (0.3583)  lr: 0.001838  iter-time: 1.0924
[22:49:24.712531] Epoch: [8]  [ 80/229]  eta: 0:02:46  loss: 0.2941 (0.2853)  IoU (F channel): 0.2751 (0.2589)  IoU (C channel): 0.3812 (0.3260)  L1 (Db channel): 0.1781 (0.1779)  L1 (Dn channel): 0.3549 (0.3585)  lr: 0.001846  iter-time: 1.0934
[22:49:35.639954] Epoch: [8]  [ 90/229]  eta: 0:02:35  loss: 0.3007 (0.2873)  IoU (F channel): 0.2928 (0.2598)  IoU (C channel): 0.3468 (0.3251)  L1 (Db channel): 0.1742 (0.1776)  L1 (Dn channel): 0.3674 (0.3607)  lr: 0.001854  iter-time: 1.0936
[22:49:46.568940] Epoch: [8]  [100/229]  eta: 0:02:23  loss: 0.2835 (0.2889)  IoU (F channel): 0.2474 (0.2569)  IoU (C channel): 0.2912 (0.3210)  L1 (Db channel): 0.1715 (0.1772)  L1 (Dn channel): 0.3667 (0.3608)  lr: 0.001862  iter-time: 1.0927
[22:49:57.517138] Epoch: [8]  [110/229]  eta: 0:02:12  loss: 0.2719 (0.2905)  IoU (F channel): 0.2269 (0.2585)  IoU (C channel): 0.2912 (0.3185)  L1 (Db channel): 0.1690 (0.1761)  L1 (Dn channel): 0.3560 (0.3599)  lr: 0.001869  iter-time: 1.0937
[22:50:08.445801] Epoch: [8]  [120/229]  eta: 0:02:00  loss: 0.2765 (0.2971)  IoU (F channel): 0.2269 (0.2539)  IoU (C channel): 0.2372 (0.3123)  L1 (Db channel): 0.1614 (0.1741)  L1 (Dn channel): 0.3481 (0.3588)  lr: 0.001877  iter-time: 1.0936
[22:50:19.379114] Epoch: [8]  [130/229]  eta: 0:01:49  loss: 0.2765 (0.2942)  IoU (F channel): 0.2267 (0.2537)  IoU (C channel): 0.2687 (0.3110)  L1 (Db channel): 0.1474 (0.1721)  L1 (Dn channel): 0.3497 (0.3586)  lr: 0.001884  iter-time: 1.0930
[22:50:30.317140] Epoch: [8]  [140/229]  eta: 0:01:38  loss: 0.2530 (0.2940)  IoU (F channel): 0.2436 (0.2554)  IoU (C channel): 0.3161 (0.3137)  L1 (Db channel): 0.1471 (0.1703)  L1 (Dn channel): 0.3548 (0.3583)  lr: 0.001891  iter-time: 1.0934
[22:50:41.258175] Epoch: [8]  [150/229]  eta: 0:01:27  loss: 0.2669 (0.2950)  IoU (F channel): 0.2411 (0.2542)  IoU (C channel): 0.2930 (0.3107)  L1 (Db channel): 0.1462 (0.1688)  L1 (Dn channel): 0.3418 (0.3571)  lr: 0.001897  iter-time: 1.0938
[22:50:52.189388] Epoch: [8]  [160/229]  eta: 0:01:16  loss: 0.2458 (0.2919)  IoU (F channel): 0.2334 (0.2540)  IoU (C channel): 0.2828 (0.3093)  L1 (Db channel): 0.1487 (0.1679)  L1 (Dn channel): 0.3444 (0.3570)  lr: 0.001904  iter-time: 1.0935
[22:51:03.122299] Epoch: [8]  [170/229]  eta: 0:01:05  loss: 0.2758 (0.2955)  IoU (F channel): 0.2334 (0.2529)  IoU (C channel): 0.2828 (0.3095)  L1 (Db channel): 0.1546 (0.1669)  L1 (Dn channel): 0.3611 (0.3574)  lr: 0.001910  iter-time: 1.0931
[22:51:14.076667] Epoch: [8]  [180/229]  eta: 0:00:54  loss: 0.3131 (0.2943)  IoU (F channel): 0.2579 (0.2547)  IoU (C channel): 0.3019 (0.3104)  L1 (Db channel): 0.1451 (0.1656)  L1 (Dn channel): 0.3623 (0.3568)  lr: 0.001916  iter-time: 1.0942
[22:51:25.003065] Epoch: [8]  [190/229]  eta: 0:00:43  loss: 0.2706 (0.2925)  IoU (F channel): 0.2332 (0.2515)  IoU (C channel): 0.2793 (0.3063)  L1 (Db channel): 0.1424 (0.1643)  L1 (Dn channel): 0.3313 (0.3553)  lr: 0.001922  iter-time: 1.0939
[22:51:35.937388] Epoch: [8]  [200/229]  eta: 0:00:31  loss: 0.2680 (0.2918)  IoU (F channel): 0.2071 (0.2511)  IoU (C channel): 0.2656 (0.3056)  L1 (Db channel): 0.1440 (0.1636)  L1 (Dn channel): 0.3258 (0.3537)  lr: 0.001928  iter-time: 1.0929
[22:51:46.877152] Epoch: [8]  [210/229]  eta: 0:00:20  loss: 0.2593 (0.2916)  IoU (F channel): 0.2320 (0.2516)  IoU (C channel): 0.3071 (0.3073)  L1 (Db channel): 0.1386 (0.1623)  L1 (Dn channel): 0.3272 (0.3528)  lr: 0.001933  iter-time: 1.0936
[22:51:57.806947] Epoch: [8]  [220/229]  eta: 0:00:09  loss: 0.2742 (0.2916)  IoU (F channel): 0.2431 (0.2527)  IoU (C channel): 0.3405 (0.3094)  L1 (Db channel): 0.1337 (0.1610)  L1 (Dn channel): 0.3355 (0.3521)  lr: 0.001938  iter-time: 1.0934
[22:52:06.259263] Epoch: [8]  [228/229]  eta: 0:00:01  loss: 0.2851 (0.2904)  IoU (F channel): 0.2657 (0.2529)  IoU (C channel): 0.3493 (0.3095)  L1 (Db channel): 0.1325 (0.1601)  L1 (Dn channel): 0.3357 (0.3515)  lr: 0.001943  iter-time: 1.0783
[22:52:06.259428] Epoch: [8] Total time: 0:04:12 (1.1010 s / it)
[22:52:06.259472] [Train] averaged stats: loss: 0.2851 (0.2904)  IoU (F channel): 0.2657 (0.2529)  IoU (C channel): 0.3493 (0.3095)  L1 (Db channel): 0.1325 (0.1601)  L1 (Dn channel): 0.3357 (0.3515)  lr: 0.001943
[22:52:08.585816] Epoch: [8]  [ 0/26]  eta: 0:01:00  loss: 0.0162 (0.0162)  IoU (F channel): 0.0000 (0.0000)  IoU (C channel): 0.0000 (0.0000)  L1 (Db channel): 0.1434 (0.1434)  L1 (Dn channel): 0.3361 (0.3361)  iter-time: 2.3251
[22:52:12.170690] Epoch: [8]  [10/26]  eta: 0:00:08  loss: 0.2926 (0.2703)  IoU (F channel): 0.3954 (0.3372)  IoU (C channel): 0.3725 (0.2546)  L1 (Db channel): 0.1387 (0.1398)  L1 (Dn channel): 0.3359 (0.3352)  iter-time: 0.5372
[22:52:15.655415] Epoch: [8]  [20/26]  eta: 0:00:02  loss: 0.2926 (0.2770)  IoU (F channel): 0.3245 (0.2877)  IoU (C channel): 0.3233 (0.2467)  L1 (Db channel): 0.1387 (0.1397)  L1 (Dn channel): 0.3358 (0.3356)  iter-time: 0.3534
[22:52:17.320901] Epoch: [8]  [25/26]  eta: 0:00:00  loss: 0.3148 (0.3164)  IoU (F channel): 0.2749 (0.2514)  IoU (C channel): 0.2652 (0.2149)  L1 (Db channel): 0.1383 (0.1399)  L1 (Dn channel): 0.3357 (0.3360)  iter-time: 0.3462
[22:52:17.321003] Epoch: [8] Total time: 0:00:11 (0.4254 s / it)
[22:52:17.321024] [Val] averaged stats: loss: 0.3148 (0.3164)  IoU (F channel): 0.2749 (0.2514)  IoU (C channel): 0.2652 (0.2149)  L1 (Db channel): 0.1383 (0.1399)  L1 (Dn channel): 0.3357 (0.3360)
[22:52:17.321243] Val loss improved from 0.3357714702590154 to 0.3164224808032696, saving model to metrics/biapy/biapy-v2-channel-scale/checkpoints/biapy-v2-channel-scale_0-checkpoint-best.pth
[22:52:17.417716] [Val] best loss: 0.3164 best  IoU (F channel): 0.2514 IoU (C channel): 0.2149 L1 (Db channel): 0.1399 L1 (Dn channel): 0.3360 
[22:52:17.425306] [Time] 4.4m 36.0m/2.3h

[22:52:17.425337] ~~~ Epoch 9/30 ~~~

[22:52:20.365797] Epoch: [9]  [  0/229]  eta: 0:11:12  loss: 0.2101 (0.2101)  IoU (F channel): 0.2882 (0.2882)  IoU (C channel): 0.4329 (0.4329)  L1 (Db channel): 0.1387 (0.1387)  L1 (Dn channel): 0.3350 (0.3350)  lr: 0.001943  iter-time: 2.9376
[22:52:31.300585] Epoch: [9]  [ 10/229]  eta: 0:04:36  loss: 0.2371 (0.2635)  IoU (F channel): 0.2807 (0.2734)  IoU (C channel): 0.3549 (0.3432)  L1 (Db channel): 0.1488 (0.1471)  L1 (Dn channel): 0.3397 (0.3396)  lr: 0.001948  iter-time: 1.2610
[22:52:42.231885] Epoch: [9]  [ 20/229]  eta: 0:04:06  loss: 0.2415 (0.2817)  IoU (F channel): 0.2767 (0.2776)  IoU (C channel): 0.3572 (0.3514)  L1 (Db channel): 0.1433 (0.1440)  L1 (Dn channel): 0.3397 (0.3395)  lr: 0.001953  iter-time: 1.0932
[22:52:53.165093] Epoch: [9]  [ 30/229]  eta: 0:03:49  loss: 0.2790 (0.2797)  IoU (F channel): 0.2767 (0.2653)  IoU (C channel): 0.3574 (0.3330)  L1 (Db channel): 0.1386 (0.1419)  L1 (Dn channel): 0.3336 (0.3370)  lr: 0.001957  iter-time: 1.0931
[22:53:04.082587] Epoch: [9]  [ 40/229]  eta: 0:03:35  loss: 0.2613 (0.2776)  IoU (F channel): 0.2279 (0.2696)  IoU (C channel): 0.3574 (0.3350)  L1 (Db channel): 0.1372 (0.1410)  L1 (Dn channel): 0.3324 (0.3364)  lr: 0.001961  iter-time: 1.0924
[22:53:15.026372] Epoch: [9]  [ 50/229]  eta: 0:03:22  loss: 0.2532 (0.2776)  IoU (F channel): 0.2437 (0.2701)  IoU (C channel): 0.3663 (0.3353)  L1 (Db channel): 0.1346 (0.1396)  L1 (Dn channel): 0.3373 (0.3379)  lr: 0.001965  iter-time: 1.0930
[22:53:25.957787] Epoch: [9]  [ 60/229]  eta: 0:03:09  loss: 0.2365 (0.2758)  IoU (F channel): 0.2336 (0.2606)  IoU (C channel): 0.2846 (0.3243)  L1 (Db channel): 0.1337 (0.1386)  L1 (Dn channel): 0.3444 (0.3394)  lr: 0.001969  iter-time: 1.0937
[22:53:36.880434] Epoch: [9]  [ 70/229]  eta: 0:02:57  loss: 0.2365 (0.2715)  IoU (F channel): 0.2334 (0.2632)  IoU (C channel): 0.3140 (0.3262)  L1 (Db channel): 0.1290 (0.1365)  L1 (Dn channel): 0.3462 (0.3406)  lr: 0.001973  iter-time: 1.0926
[22:53:47.814339] Epoch: [9]  [ 80/229]  eta: 0:02:46  loss: 0.2365 (0.2734)  IoU (F channel): 0.2370 (0.2620)  IoU (C channel): 0.3071 (0.3230)  L1 (Db channel): 0.1272 (0.1361)  L1 (Dn channel): 0.3365 (0.3393)  lr: 0.001976  iter-time: 1.0927
[22:53:58.753489] Epoch: [9]  [ 90/229]  eta: 0:02:34  loss: 0.2365 (0.2708)  IoU (F channel): 0.2370 (0.2607)  IoU (C channel): 0.3071 (0.3239)  L1 (Db channel): 0.1264 (0.1348)  L1 (Dn channel): 0.3292 (0.3382)  lr: 0.001979  iter-time: 1.0935
[22:54:09.682152] Epoch: [9]  [100/229]  eta: 0:02:23  loss: 0.2542 (0.2725)  IoU (F channel): 0.2598 (0.2639)  IoU (C channel): 0.3330 (0.3268)  L1 (Db channel): 0.1264 (0.1342)  L1 (Dn channel): 0.3297 (0.3378)  lr: 0.001982  iter-time: 1.0933
[22:54:20.614052] Epoch: [9]  [110/229]  eta: 0:02:12  loss: 0.2594 (0.2711)  IoU (F channel): 0.2008 (0.2599)  IoU (C channel): 0.2719 (0.3207)  L1 (Db channel): 0.1307 (0.1342)  L1 (Dn channel): 0.3303 (0.3372)  lr: 0.001985  iter-time: 1.0929
[22:54:31.550293] Epoch: [9]  [120/229]  eta: 0:02:00  loss: 0.2755 (0.2734)  IoU (F channel): 0.2019 (0.2622)  IoU (C channel): 0.3128 (0.3226)  L1 (Db channel): 0.1215 (0.1330)  L1 (Dn channel): 0.3235 (0.3359)  lr: 0.001987  iter-time: 1.0932
[22:54:42.502759] Epoch: [9]  [130/229]  eta: 0:01:49  loss: 0.2508 (0.2715)  IoU (F channel): 0.2490 (0.2602)  IoU (C channel): 0.3184 (0.3211)  L1 (Db channel): 0.1210 (0.1323)  L1 (Dn channel): 0.3234 (0.3351)  lr: 0.001990  iter-time: 1.0943
[22:54:53.434884] Epoch: [9]  [140/229]  eta: 0:01:38  loss: 0.2326 (0.2717)  IoU (F channel): 0.2490 (0.2599)  IoU (C channel): 0.3101 (0.3208)  L1 (Db channel): 0.1270 (0.1321)  L1 (Dn channel): 0.3285 (0.3355)  lr: 0.001992  iter-time: 1.0941
[22:55:04.370043] Epoch: [9]  [150/229]  eta: 0:01:27  loss: 0.2544 (0.2706)  IoU (F channel): 0.2576 (0.2597)  IoU (C channel): 0.3155 (0.3214)  L1 (Db channel): 0.1307 (0.1323)  L1 (Dn channel): 0.3396 (0.3356)  lr: 0.001993  iter-time: 1.0932
[22:55:15.315641] Epoch: [9]  [160/229]  eta: 0:01:16  loss: 0.2662 (0.2724)  IoU (F channel): 0.2746 (0.2615)  IoU (C channel): 0.3155 (0.3233)  L1 (Db channel): 0.1278 (0.1317)  L1 (Dn channel): 0.3367 (0.3357)  lr: 0.001995  iter-time: 1.0939
[22:55:26.247815] Epoch: [9]  [170/229]  eta: 0:01:05  loss: 0.3228 (0.2769)  IoU (F channel): 0.2746 (0.2621)  IoU (C channel): 0.3397 (0.3251)  L1 (Db channel): 0.1201 (0.1309)  L1 (Dn channel): 0.3417 (0.3361)  lr: 0.001996  iter-time: 1.0938
[22:55:37.183772] Epoch: [9]  [180/229]  eta: 0:00:54  loss: 0.3023 (0.2767)  IoU (F channel): 0.2724 (0.2632)  IoU (C channel): 0.3397 (0.3259)  L1 (Db channel): 0.1120 (0.1298)  L1 (Dn channel): 0.3411 (0.3361)  lr: 0.001998  iter-time: 1.0933
[22:55:48.119986] Epoch: [9]  [190/229]  eta: 0:00:43  loss: 0.2725 (0.2782)  IoU (F channel): 0.2724 (0.2641)  IoU (C channel): 0.3063 (0.3240)  L1 (Db channel): 0.1115 (0.1291)  L1 (Dn channel): 0.3423 (0.3373)  lr: 0.001998  iter-time: 1.0935
[22:55:59.059415] Epoch: [9]  [200/229]  eta: 0:00:31  loss: 0.2675 (0.2766)  IoU (F channel): 0.2409 (0.2624)  IoU (C channel): 0.2818 (0.3222)  L1 (Db channel): 0.1163 (0.1287)  L1 (Dn channel): 0.3354 (0.3352)  lr: 0.001999  iter-time: 1.0937
[22:56:09.995648] Epoch: [9]  [210/229]  eta: 0:00:20  loss: 0.2265 (0.2769)  IoU (F channel): 0.2409 (0.2626)  IoU (C channel): 0.2872 (0.3221)  L1 (Db channel): 0.1401 (0.1295)  L1 (Dn channel): 0.2756 (0.3322)  lr: 0.002000  iter-time: 1.0937
[22:56:20.922039] Epoch: [9]  [220/229]  eta: 0:00:09  loss: 0.2403 (0.2780)  IoU (F channel): 0.2662 (0.2651)  IoU (C channel): 0.3088 (0.3230)  L1 (Db channel): 0.1344 (0.1291)  L1 (Dn channel): 0.2742 (0.3298)  lr: 0.002000  iter-time: 1.0930
[22:56:29.387754] Epoch: [9]  [228/229]  eta: 0:00:01  loss: 0.2808 (0.2786)  IoU (F channel): 0.2662 (0.2644)  IoU (C channel): 0.3012 (0.3224)  L1 (Db channel): 0.1164 (0.1284)  L1 (Dn channel): 0.2734 (0.3275)  lr: 0.002000  iter-time: 1.0787
[22:56:29.388023] Epoch: [9] Total time: 0:04:11 (1.1003 s / it)
[22:56:29.388083] [Train] averaged stats: loss: 0.2808 (0.2786)  IoU (F channel): 0.2662 (0.2644)  IoU (C channel): 0.3012 (0.3224)  L1 (Db channel): 0.1164 (0.1284)  L1 (Dn channel): 0.2734 (0.3275)  lr: 0.002000
[22:56:31.890966] Epoch: [9]  [ 0/26]  eta: 0:01:05  loss: 0.0120 (0.0120)  IoU (F channel): 0.0000 (0.0000)  IoU (C channel): 0.0000 (0.0000)  L1 (Db channel): 0.1192 (0.1192)  L1 (Dn channel): 0.2805 (0.2805)  iter-time: 2.5012
[22:56:35.449577] Epoch: [9]  [10/26]  eta: 0:00:08  loss: 0.2824 (0.2626)  IoU (F channel): 0.4016 (0.3491)  IoU (C channel): 0.3747 (0.2707)  L1 (Db channel): 0.1169 (0.1175)  L1 (Dn channel): 0.2805 (0.2805)  iter-time: 0.5508
[22:56:38.926877] Epoch: [9]  [20/26]  eta: 0:00:02  loss: 0.2871 (0.2822)  IoU (F channel): 0.3689 (0.3024)  IoU (C channel): 0.3511 (0.2575)  L1 (Db channel): 0.1168 (0.1175)  L1 (Dn channel): 0.2812 (0.2809)  iter-time: 0.3518
[22:56:40.589774] Epoch: [9]  [25/26]  eta: 0:00:00  loss: 0.3036 (0.3300)  IoU (F channel): 0.2976 (0.2608)  IoU (C channel): 0.2715 (0.2225)  L1 (Db channel): 0.1164 (0.1178)  L1 (Dn channel): 0.2812 (0.2814)  iter-time: 0.3442
[22:56:40.589920] Epoch: [9] Total time: 0:00:11 (0.4308 s / it)
[22:56:40.589944] [Val] averaged stats: loss: 0.3036 (0.3300)  IoU (F channel): 0.2976 (0.2608)  IoU (C channel): 0.2715 (0.2225)  L1 (Db channel): 0.1164 (0.1178)  L1 (Dn channel): 0.2812 (0.2814)
[22:56:40.590153] [Val] best loss: 0.3164 best  IoU (F channel): 0.2514 IoU (C channel): 0.2149 L1 (Db channel): 0.1399 L1 (Dn channel): 0.3360 
EarlyStopping counter: 1 out of 10
[22:56:40.602702] [Time] 4.4m 40.4m/2.3h

[22:56:40.602720] ~~~ Epoch 10/30 ~~~

[22:56:43.526609] Epoch: [10]  [  0/229]  eta: 0:11:08  loss: 0.2515 (0.2515)  IoU (F channel): 0.3330 (0.3330)  IoU (C channel): 0.4211 (0.4211)  L1 (Db channel): 0.1165 (0.1165)  L1 (Dn channel): 0.2799 (0.2799)  lr: 0.002000  iter-time: 2.9205
[22:56:54.473671] Epoch: [10]  [ 10/229]  eta: 0:04:36  loss: 0.2993 (0.2895)  IoU (F channel): 0.2453 (0.2422)  IoU (C channel): 0.3326 (0.3144)  L1 (Db channel): 0.1325 (0.1304)  L1 (Dn channel): 0.3049 (0.3028)  lr: 0.002000  iter-time: 1.2606
[22:57:05.393237] Epoch: [10]  [ 20/229]  eta: 0:04:06  loss: 0.2606 (0.2759)  IoU (F channel): 0.2453 (0.2545)  IoU (C channel): 0.3068 (0.3204)  L1 (Db channel): 0.1228 (0.1246)  L1 (Dn channel): 0.3142 (0.3105)  lr: 0.002000  iter-time: 1.0932
[22:57:16.334141] Epoch: [10]  [ 30/229]  eta: 0:03:49  loss: 0.2455 (0.2774)  IoU (F channel): 0.2454 (0.2563)  IoU (C channel): 0.3068 (0.3155)  L1 (Db channel): 0.1218 (0.1238)  L1 (Dn channel): 0.3193 (0.3133)  lr: 0.002000  iter-time: 1.0929
[22:57:27.271501] Epoch: [10]  [ 40/229]  eta: 0:03:35  loss: 0.2218 (0.2661)  IoU (F channel): 0.2543 (0.2594)  IoU (C channel): 0.2771 (0.3188)  L1 (Db channel): 0.1187 (0.1221)  L1 (Dn channel): 0.3199 (0.3166)  lr: 0.002000  iter-time: 1.0938
[22:57:38.200149] Epoch: [10]  [ 50/229]  eta: 0:03:22  loss: 0.2388 (0.2659)  IoU (F channel): 0.2836 (0.2649)  IoU (C channel): 0.3305 (0.3238)  L1 (Db channel): 0.1154 (0.1206)  L1 (Dn channel): 0.3295 (0.3196)  lr: 0.001999  iter-time: 1.0932
[22:57:49.148690] Epoch: [10]  [ 60/229]  eta: 0:03:09  loss: 0.2179 (0.2673)  IoU (F channel): 0.2988 (0.2675)  IoU (C channel): 0.3305 (0.3270)  L1 (Db channel): 0.1153 (0.1202)  L1 (Dn channel): 0.3302 (0.3213)  lr: 0.001999  iter-time: 1.0937
[22:58:00.078773] Epoch: [10]  [ 70/229]  eta: 0:02:57  loss: 0.2179 (0.2654)  IoU (F channel): 0.2607 (0.2686)  IoU (C channel): 0.3316 (0.3286)  L1 (Db channel): 0.1182 (0.1197)  L1 (Dn channel): 0.3293 (0.3224)  lr: 0.001999  iter-time: 1.0938
[22:58:11.000951] Epoch: [10]  [ 80/229]  eta: 0:02:46  loss: 0.2263 (0.2635)  IoU (F channel): 0.2607 (0.2716)  IoU (C channel): 0.3538 (0.3329)  L1 (Db channel): 0.1161 (0.1193)  L1 (Dn channel): 0.3292 (0.3232)  lr: 0.001999  iter-time: 1.0925
[22:58:21.944593] Epoch: [10]  [ 90/229]  eta: 0:02:34  loss: 0.2245 (0.2659)  IoU (F channel): 0.2432 (0.2700)  IoU (C channel): 0.3589 (0.3322)  L1 (Db channel): 0.1143 (0.1187)  L1 (Dn channel): 0.3258 (0.3232)  lr: 0.001998  iter-time: 1.0932
[22:58:32.880597] Epoch: [10]  [100/229]  eta: 0:02:23  loss: 0.2434 (0.2654)  IoU (F channel): 0.2427 (0.2684)  IoU (C channel): 0.3556 (0.3312)  L1 (Db channel): 0.1119 (0.1176)  L1 (Dn channel): 0.3169 (0.3217)  lr: 0.001998  iter-time: 1.0938
[22:58:43.807528] Epoch: [10]  [110/229]  eta: 0:02:12  loss: 0.2434 (0.2679)  IoU (F channel): 0.2427 (0.2704)  IoU (C channel): 0.3224 (0.3307)  L1 (Db channel): 0.1104 (0.1171)  L1 (Dn channel): 0.3106 (0.3214)  lr: 0.001997  iter-time: 1.0930
[22:58:54.754820] Epoch: [10]  [120/229]  eta: 0:02:00  loss: 0.2442 (0.2670)  IoU (F channel): 0.2721 (0.2734)  IoU (C channel): 0.3372 (0.3335)  L1 (Db channel): 0.1028 (0.1157)  L1 (Dn channel): 0.3253 (0.3218)  lr: 0.001997  iter-time: 1.0936
[22:59:05.691584] Epoch: [10]  [130/229]  eta: 0:01:49  loss: 0.2440 (0.2667)  IoU (F channel): 0.2898 (0.2746)  IoU (C channel): 0.3577 (0.3361)  L1 (Db channel): 0.1028 (0.1152)  L1 (Dn channel): 0.3272 (0.3224)  lr: 0.001996  iter-time: 1.0940
[22:59:16.630093] Epoch: [10]  [140/229]  eta: 0:01:38  loss: 0.2415 (0.2656)  IoU (F channel): 0.3073 (0.2777)  IoU (C channel): 0.3769 (0.3399)  L1 (Db channel): 0.1062 (0.1144)  L1 (Dn channel): 0.3287 (0.3228)  lr: 0.001996  iter-time: 1.0936
[22:59:27.557555] Epoch: [10]  [150/229]  eta: 0:01:27  loss: 0.2307 (0.2634)  IoU (F channel): 0.3149 (0.2795)  IoU (C channel): 0.3828 (0.3411)  L1 (Db channel): 0.1039 (0.1136)  L1 (Dn channel): 0.3229 (0.3221)  lr: 0.001995  iter-time: 1.0932
[22:59:38.489963] Epoch: [10]  [160/229]  eta: 0:01:16  loss: 0.2464 (0.2626)  IoU (F channel): 0.2510 (0.2766)  IoU (C channel): 0.3287 (0.3378)  L1 (Db channel): 0.0992 (0.1127)  L1 (Dn channel): 0.2916 (0.3193)  lr: 0.001994  iter-time: 1.0929
[22:59:49.431481] Epoch: [10]  [170/229]  eta: 0:01:05  loss: 0.2533 (0.2625)  IoU (F channel): 0.2483 (0.2774)  IoU (C channel): 0.3168 (0.3395)  L1 (Db channel): 0.0984 (0.1118)  L1 (Dn channel): 0.2850 (0.3174)  lr: 0.001994  iter-time: 1.0936
[23:00:00.363817] Epoch: [10]  [180/229]  eta: 0:00:54  loss: 0.3004 (0.2662)  IoU (F channel): 0.2690 (0.2797)  IoU (C channel): 0.3256 (0.3406)  L1 (Db channel): 0.0975 (0.1110)  L1 (Dn channel): 0.2868 (0.3158)  lr: 0.001993  iter-time: 1.0935
[23:00:11.300699] Epoch: [10]  [190/229]  eta: 0:00:43  loss: 0.2593 (0.2661)  IoU (F channel): 0.3194 (0.2809)  IoU (C channel): 0.3868 (0.3412)  L1 (Db channel): 0.0981 (0.1105)  L1 (Dn channel): 0.2903 (0.3149)  lr: 0.001992  iter-time: 1.0933
[23:00:22.225397] Epoch: [10]  [200/229]  eta: 0:00:31  loss: 0.2297 (0.2675)  IoU (F channel): 0.2871 (0.2811)  IoU (C channel): 0.3703 (0.3411)  L1 (Db channel): 0.1045 (0.1104)  L1 (Dn channel): 0.3153 (0.3155)  lr: 0.001991  iter-time: 1.0929
[23:00:33.162393] Epoch: [10]  [210/229]  eta: 0:00:20  loss: 0.2312 (0.2659)  IoU (F channel): 0.2720 (0.2804)  IoU (C channel): 0.3446 (0.3416)  L1 (Db channel): 0.1059 (0.1101)  L1 (Dn channel): 0.3186 (0.3153)  lr: 0.001990  iter-time: 1.0929
[23:00:44.101002] Epoch: [10]  [220/229]  eta: 0:00:09  loss: 0.2311 (0.2669)  IoU (F channel): 0.2615 (0.2814)  IoU (C channel): 0.3621 (0.3417)  L1 (Db channel): 0.1013 (0.1095)  L1 (Dn channel): 0.3081 (0.3149)  lr: 0.001990  iter-time: 1.0936
[23:00:52.537650] Epoch: [10]  [228/229]  eta: 0:00:01  loss: 0.2430 (0.2672)  IoU (F channel): 0.2959 (0.2804)  IoU (C channel): 0.3233 (0.3386)  L1 (Db channel): 0.0989 (0.1093)  L1 (Dn channel): 0.3062 (0.3146)  lr: 0.001989  iter-time: 1.0780
[23:00:52.537786] Epoch: [10] Total time: 0:04:11 (1.1002 s / it)
[23:00:52.537825] [Train] averaged stats: loss: 0.2430 (0.2672)  IoU (F channel): 0.2959 (0.2804)  IoU (C channel): 0.3233 (0.3386)  L1 (Db channel): 0.0989 (0.1093)  L1 (Dn channel): 0.3062 (0.3146)  lr: 0.001989
[23:00:54.369862] Epoch: [10]  [ 0/26]  eta: 0:00:47  loss: 0.0077 (0.0077)  IoU (F channel): 0.0000 (0.0000)  IoU (C channel): 0.0000 (0.0000)  L1 (Db channel): 0.1001 (0.1001)  L1 (Dn channel): 0.3039 (0.3039)  iter-time: 1.8310
[23:00:58.006156] Epoch: [10]  [10/26]  eta: 0:00:07  loss: 0.2721 (0.2778)  IoU (F channel): 0.5632 (0.4262)  IoU (C channel): 0.3467 (0.2817)  L1 (Db channel): 0.0999 (0.0999)  L1 (Dn channel): 0.3104 (0.3098)  iter-time: 0.4970
[23:01:01.484764] Epoch: [10]  [20/26]  eta: 0:00:02  loss: 0.2721 (0.2879)  IoU (F channel): 0.4621 (0.3780)  IoU (C channel): 0.3467 (0.2724)  L1 (Db channel): 0.0999 (0.1000)  L1 (Dn channel): 0.3104 (0.3101)  iter-time: 0.3557
[23:01:03.150441] Epoch: [10]  [25/26]  eta: 0:00:00  loss: 0.3110 (0.3194)  IoU (F channel): 0.4109 (0.3340)  IoU (C channel): 0.2577 (0.2398)  L1 (Db channel): 0.0999 (0.1001)  L1 (Dn channel): 0.3104 (0.3103)  iter-time: 0.3444
[23:01:03.150614] Epoch: [10] Total time: 0:00:10 (0.4082 s / it)
[23:01:03.150668] [Val] averaged stats: loss: 0.3110 (0.3194)  IoU (F channel): 0.4109 (0.3340)  IoU (C channel): 0.2577 (0.2398)  L1 (Db channel): 0.0999 (0.1001)  L1 (Dn channel): 0.3104 (0.3103)
[23:01:03.151037] [Val] best loss: 0.3164 best  IoU (F channel): 0.2514 IoU (C channel): 0.2149 L1 (Db channel): 0.1399 L1 (Dn channel): 0.3360 
[23:01:03.162385] Creating training plots . . .
EarlyStopping counter: 2 out of 10
[23:01:09.137064] [Time] 4.5m 44.9m/2.3h

[23:01:09.137083] ~~~ Epoch 11/30 ~~~

[23:01:12.060442] Epoch: [11]  [  0/229]  eta: 0:11:09  loss: 0.1972 (0.1972)  IoU (F channel): 0.3105 (0.3105)  IoU (C channel): 0.4012 (0.4012)  L1 (Db channel): 0.0991 (0.0991)  L1 (Dn channel): 0.3080 (0.3080)  lr: 0.001989  iter-time: 2.9221
[23:01:22.977853] Epoch: [11]  [ 10/229]  eta: 0:04:35  loss: 0.2185 (0.2401)  IoU (F channel): 0.3230 (0.3192)  IoU (C channel): 0.3490 (0.3569)  L1 (Db channel): 0.0991 (0.0992)  L1 (Dn channel): 0.3218 (0.3205)  lr: 0.001988  iter-time: 1.2580
[23:01:33.896889] Epoch: [11]  [ 20/229]  eta: 0:04:06  loss: 0.2185 (0.2511)  IoU (F channel): 0.3230 (0.3159)  IoU (C channel): 0.3316 (0.3504)  L1 (Db channel): 0.1006 (0.1014)  L1 (Dn channel): 0.3255 (0.3243)  lr: 0.001987  iter-time: 1.0917
[23:01:44.823995] Epoch: [11]  [ 30/229]  eta: 0:03:49  loss: 0.2130 (0.2417)  IoU (F channel): 0.3160 (0.3115)  IoU (C channel): 0.3323 (0.3617)  L1 (Db channel): 0.1017 (0.1011)  L1 (Dn channel): 0.3249 (0.3233)  lr: 0.001985  iter-time: 1.0921
[23:01:55.750362] Epoch: [11]  [ 40/229]  eta: 0:03:34  loss: 0.2144 (0.2449)  IoU (F channel): 0.2909 (0.3043)  IoU (C channel): 0.3497 (0.3549)  L1 (Db channel): 0.0982 (0.1000)  L1 (Dn channel): 0.3153 (0.3211)  lr: 0.001984  iter-time: 1.0925
[23:02:06.669881] Epoch: [11]  [ 50/229]  eta: 0:03:21  loss: 0.2348 (0.2499)  IoU (F channel): 0.2970 (0.3121)  IoU (C channel): 0.3767 (0.3656)  L1 (Db channel): 0.0954 (0.0985)  L1 (Dn channel): 0.3150 (0.3207)  lr: 0.001983  iter-time: 1.0922
[23:02:17.601426] Epoch: [11]  [ 60/229]  eta: 0:03:09  loss: 0.2559 (0.2532)  IoU (F channel): 0.3252 (0.3067)  IoU (C channel): 0.4035 (0.3623)  L1 (Db channel): 0.0947 (0.0985)  L1 (Dn channel): 0.3187 (0.3201)  lr: 0.001982  iter-time: 1.0924
[23:02:28.552149] Epoch: [11]  [ 70/229]  eta: 0:02:57  loss: 0.2566 (0.2539)  IoU (F channel): 0.2580 (0.3005)  IoU (C channel): 0.3526 (0.3536)  L1 (Db channel): 0.0926 (0.0970)  L1 (Dn channel): 0.3107 (0.3183)  lr: 0.001981  iter-time: 1.0940
[23:02:39.472080] Epoch: [11]  [ 80/229]  eta: 0:02:46  loss: 0.2354 (0.2521)  IoU (F channel): 0.2514 (0.2996)  IoU (C channel): 0.3596 (0.3567)  L1 (Db channel): 0.0861 (0.0958)  L1 (Dn channel): 0.3066 (0.3169)  lr: 0.001979  iter-time: 1.0934
[23:02:50.394154] Epoch: [11]  [ 90/229]  eta: 0:02:34  loss: 0.2416 (0.2560)  IoU (F channel): 0.3155 (0.3021)  IoU (C channel): 0.3797 (0.3592)  L1 (Db channel): 0.0917 (0.0959)  L1 (Dn channel): 0.3104 (0.3164)  lr: 0.001978  iter-time: 1.0920
[23:03:01.343625] Epoch: [11]  [100/229]  eta: 0:02:23  loss: 0.2331 (0.2572)  IoU (F channel): 0.3147 (0.3036)  IoU (C channel): 0.3717 (0.3612)  L1 (Db channel): 0.0917 (0.0953)  L1 (Dn channel): 0.3124 (0.3160)  lr: 0.001977  iter-time: 1.0934
[23:03:12.270524] Epoch: [11]  [110/229]  eta: 0:02:11  loss: 0.2340 (0.2583)  IoU (F channel): 0.2856 (0.3059)  IoU (C channel): 0.3893 (0.3637)  L1 (Db channel): 0.0872 (0.0943)  L1 (Dn channel): 0.3127 (0.3162)  lr: 0.001975  iter-time: 1.0937
[23:03:23.194929] Epoch: [11]  [120/229]  eta: 0:02:00  loss: 0.2340 (0.2593)  IoU (F channel): 0.3050 (0.3057)  IoU (C channel): 0.3806 (0.3631)  L1 (Db channel): 0.0859 (0.0939)  L1 (Dn channel): 0.3249 (0.3176)  lr: 0.001974  iter-time: 1.0924
[23:03:34.134752] Epoch: [11]  [130/229]  eta: 0:01:49  loss: 0.2602 (0.2622)  IoU (F channel): 0.2896 (0.3035)  IoU (C channel): 0.3338 (0.3588)  L1 (Db channel): 0.0907 (0.0938)  L1 (Dn channel): 0.3160 (0.3164)  lr: 0.001972  iter-time: 1.0931
[23:03:45.068523] Epoch: [11]  [140/229]  eta: 0:01:38  loss: 0.2809 (0.2652)  IoU (F channel): 0.2752 (0.3023)  IoU (C channel): 0.3068 (0.3557)  L1 (Db channel): 0.0935 (0.0940)  L1 (Dn channel): 0.3111 (0.3174)  lr: 0.001971  iter-time: 1.0936
[23:03:55.997607] Epoch: [11]  [150/229]  eta: 0:01:27  loss: 0.2597 (0.2639)  IoU (F channel): 0.2821 (0.3004)  IoU (C channel): 0.3369 (0.3526)  L1 (Db channel): 0.1049 (0.0954)  L1 (Dn channel): 0.3461 (0.3199)  lr: 0.001969  iter-time: 1.0930
[23:04:06.943649] Epoch: [11]  [160/229]  eta: 0:01:16  loss: 0.1918 (0.2616)  IoU (F channel): 0.2715 (0.2994)  IoU (C channel): 0.3467 (0.3526)  L1 (Db channel): 0.1029 (0.0954)  L1 (Dn channel): 0.3402 (0.3197)  lr: 0.001968  iter-time: 1.0936
[23:04:17.871095] Epoch: [11]  [170/229]  eta: 0:01:05  loss: 0.2403 (0.2627)  IoU (F channel): 0.2612 (0.2987)  IoU (C channel): 0.3467 (0.3516)  L1 (Db channel): 0.0882 (0.0949)  L1 (Dn channel): 0.2885 (0.3177)  lr: 0.001966  iter-time: 1.0935
[23:04:28.819953] Epoch: [11]  [180/229]  eta: 0:00:54  loss: 0.2774 (0.2649)  IoU (F channel): 0.2623 (0.2981)  IoU (C channel): 0.3448 (0.3522)  L1 (Db channel): 0.0867 (0.0945)  L1 (Dn channel): 0.2872 (0.3162)  lr: 0.001964  iter-time: 1.0937
[23:04:39.752936] Epoch: [11]  [190/229]  eta: 0:00:42  loss: 0.2364 (0.2628)  IoU (F channel): 0.2581 (0.2956)  IoU (C channel): 0.3480 (0.3493)  L1 (Db channel): 0.0893 (0.0943)  L1 (Dn channel): 0.2934 (0.3151)  lr: 0.001962  iter-time: 1.0940
[23:04:50.680262] Epoch: [11]  [200/229]  eta: 0:00:31  loss: 0.1904 (0.2611)  IoU (F channel): 0.2540 (0.2949)  IoU (C channel): 0.3480 (0.3496)  L1 (Db channel): 0.0900 (0.0941)  L1 (Dn channel): 0.2960 (0.3146)  lr: 0.001961  iter-time: 1.0929
[23:05:01.630585] Epoch: [11]  [210/229]  eta: 0:00:20  loss: 0.1962 (0.2588)  IoU (F channel): 0.2645 (0.2928)  IoU (C channel): 0.3544 (0.3482)  L1 (Db channel): 0.0911 (0.0940)  L1 (Dn channel): 0.3109 (0.3145)  lr: 0.001959  iter-time: 1.0938
[23:05:12.561705] Epoch: [11]  [220/229]  eta: 0:00:09  loss: 0.2250 (0.2585)  IoU (F channel): 0.2726 (0.2923)  IoU (C channel): 0.3385 (0.3477)  L1 (Db channel): 0.0901 (0.0938)  L1 (Dn channel): 0.3132 (0.3146)  lr: 0.001957  iter-time: 1.0939
[23:05:21.010540] Epoch: [11]  [228/229]  eta: 0:00:01  loss: 0.2563 (0.2585)  IoU (F channel): 0.2811 (0.2925)  IoU (C channel): 0.3340 (0.3479)  L1 (Db channel): 0.0900 (0.0936)  L1 (Dn channel): 0.3197 (0.3151)  lr: 0.001955  iter-time: 1.0783
[23:05:21.010700] Epoch: [11] Total time: 0:04:11 (1.0999 s / it)
[23:05:21.010741] [Train] averaged stats: loss: 0.2563 (0.2585)  IoU (F channel): 0.2811 (0.2925)  IoU (C channel): 0.3340 (0.3479)  L1 (Db channel): 0.0900 (0.0936)  L1 (Dn channel): 0.3197 (0.3151)  lr: 0.001955
[23:05:23.027786] Epoch: [11]  [ 0/26]  eta: 0:00:52  loss: 0.0058 (0.0058)  IoU (F channel): 0.0000 (0.0000)  IoU (C channel): 0.0000 (0.0000)  L1 (Db channel): 0.0782 (0.0782)  L1 (Dn channel): 0.3208 (0.3208)  iter-time: 2.0160
[23:05:26.637660] Epoch: [11]  [10/26]  eta: 0:00:08  loss: 0.2640 (0.2623)  IoU (F channel): 0.6112 (0.4298)  IoU (C channel): 0.3856 (0.2850)  L1 (Db channel): 0.0782 (0.0780)  L1 (Dn channel): 0.3253 (0.3247)  iter-time: 0.5114
[23:05:30.122220] Epoch: [11]  [20/26]  eta: 0:00:02  loss: 0.2640 (0.2738)  IoU (F channel): 0.4783 (0.3842)  IoU (C channel): 0.3870 (0.2915)  L1 (Db channel): 0.0779 (0.0779)  L1 (Dn channel): 0.3254 (0.3248)  iter-time: 0.3547
[23:05:31.789158] Epoch: [11]  [25/26]  eta: 0:00:00  loss: 0.2971 (0.3262)  IoU (F channel): 0.3796 (0.3295)  IoU (C channel): 0.2964 (0.2508)  L1 (Db channel): 0.0780 (0.0779)  L1 (Dn channel): 0.3255 (0.3249)  iter-time: 0.3450
[23:05:31.789324] Epoch: [11] Total time: 0:00:10 (0.4145 s / it)
[23:05:31.789350] [Val] averaged stats: loss: 0.2971 (0.3262)  IoU (F channel): 0.3796 (0.3295)  IoU (C channel): 0.2964 (0.2508)  L1 (Db channel): 0.0780 (0.0779)  L1 (Dn channel): 0.3255 (0.3249)
[23:05:31.789554] [Val] best loss: 0.3164 best  IoU (F channel): 0.2514 IoU (C channel): 0.2149 L1 (Db channel): 0.1399 L1 (Dn channel): 0.3360 
EarlyStopping counter: 3 out of 10
[23:05:31.801007] [Time] 4.4m 49.3m/2.3h

[23:05:31.801026] ~~~ Epoch 12/30 ~~~

[23:05:34.418452] Epoch: [12]  [  0/229]  eta: 0:09:58  loss: 0.3285 (0.3285)  IoU (F channel): 0.3375 (0.3375)  IoU (C channel): 0.4995 (0.4995)  L1 (Db channel): 0.0776 (0.0776)  L1 (Dn channel): 0.3246 (0.3246)  lr: 0.001955  iter-time: 2.6157
[23:05:45.390176] Epoch: [12]  [ 10/229]  eta: 0:04:30  loss: 0.2829 (0.3251)  IoU (F channel): 0.3375 (0.3528)  IoU (C channel): 0.3963 (0.4115)  L1 (Db channel): 0.0753 (0.0755)  L1 (Dn channel): 0.3147 (0.3163)  lr: 0.001953  iter-time: 1.2351
[23:05:56.332497] Epoch: [12]  [ 20/229]  eta: 0:04:04  loss: 0.2771 (0.2976)  IoU (F channel): 0.3264 (0.3192)  IoU (C channel): 0.3555 (0.3788)  L1 (Db channel): 0.0761 (0.0765)  L1 (Dn channel): 0.3117 (0.3134)  lr: 0.001951  iter-time: 1.0956
[23:06:07.273948] Epoch: [12]  [ 30/229]  eta: 0:03:47  loss: 0.2593 (0.2913)  IoU (F channel): 0.3031 (0.3233)  IoU (C channel): 0.3728 (0.3835)  L1 (Db channel): 0.0772 (0.0768)  L1 (Dn channel): 0.3110 (0.3124)  lr: 0.001949  iter-time: 1.0941
[23:06:18.218644] Epoch: [12]  [ 40/229]  eta: 0:03:33  loss: 0.2270 (0.2758)  IoU (F channel): 0.3021 (0.3112)  IoU (C channel): 0.3869 (0.3695)  L1 (Db channel): 0.0768 (0.0766)  L1 (Dn channel): 0.3058 (0.3103)  lr: 0.001947  iter-time: 1.0942
[23:06:29.144792] Epoch: [12]  [ 50/229]  eta: 0:03:21  loss: 0.2021 (0.2781)  IoU (F channel): 0.2900 (0.3150)  IoU (C channel): 0.3540 (0.3684)  L1 (Db channel): 0.0779 (0.0771)  L1 (Dn channel): 0.3056 (0.3108)  lr: 0.001945  iter-time: 1.0934
[23:06:40.080249] Epoch: [12]  [ 60/229]  eta: 0:03:09  loss: 0.2065 (0.2679)  IoU (F channel): 0.3253 (0.3194)  IoU (C channel): 0.3810 (0.3703)  L1 (Db channel): 0.0811 (0.0781)  L1 (Dn channel): 0.3181 (0.3129)  lr: 0.001943  iter-time: 1.0930
[23:06:51.013031] Epoch: [12]  [ 70/229]  eta: 0:02:57  loss: 0.2107 (0.2696)  IoU (F channel): 0.3143 (0.3145)  IoU (C channel): 0.3611 (0.3632)  L1 (Db channel): 0.0833 (0.0789)  L1 (Dn channel): 0.3167 (0.3124)  lr: 0.001941  iter-time: 1.0933
[23:07:01.951584] Epoch: [12]  [ 80/229]  eta: 0:02:45  loss: 0.2671 (0.2688)  IoU (F channel): 0.2378 (0.3075)  IoU (C channel): 0.3038 (0.3566)  L1 (Db channel): 0.0817 (0.0790)  L1 (Dn channel): 0.3063 (0.3112)  lr: 0.001938  iter-time: 1.0935
[23:07:12.888881] Epoch: [12]  [ 90/229]  eta: 0:02:34  loss: 0.2678 (0.2731)  IoU (F channel): 0.2662 (0.3050)  IoU (C channel): 0.3210 (0.3548)  L1 (Db channel): 0.0831 (0.0800)  L1 (Dn channel): 0.3109 (0.3131)  lr: 0.001936  iter-time: 1.0937
[23:07:23.821166] Epoch: [12]  [100/229]  eta: 0:02:23  loss: 0.2949 (0.2750)  IoU (F channel): 0.2572 (0.2987)  IoU (C channel): 0.3142 (0.3485)  L1 (Db channel): 0.0825 (0.0799)  L1 (Dn channel): 0.3321 (0.3149)  lr: 0.001934  iter-time: 1.0934
[23:07:34.765376] Epoch: [12]  [110/229]  eta: 0:02:11  loss: 0.2698 (0.2734)  IoU (F channel): 0.2533 (0.2995)  IoU (C channel): 0.3031 (0.3465)  L1 (Db channel): 0.0782 (0.0797)  L1 (Dn channel): 0.3174 (0.3142)  lr: 0.001931  iter-time: 1.0937
[23:07:45.695550] Epoch: [12]  [120/229]  eta: 0:02:00  loss: 0.2405 (0.2710)  IoU (F channel): 0.2383 (0.2932)  IoU (C channel): 0.3048 (0.3410)  L1 (Db channel): 0.0782 (0.0799)  L1 (Dn channel): 0.3049 (0.3135)  lr: 0.001929  iter-time: 1.0936
[23:07:56.627068] Epoch: [12]  [130/229]  eta: 0:01:49  loss: 0.2209 (0.2673)  IoU (F channel): 0.2407 (0.2917)  IoU (C channel): 0.3211 (0.3389)  L1 (Db channel): 0.0748 (0.0796)  L1 (Dn channel): 0.3115 (0.3138)  lr: 0.001927  iter-time: 1.0929
[23:08:07.556636] Epoch: [12]  [140/229]  eta: 0:01:38  loss: 0.2263 (0.2651)  IoU (F channel): 0.2676 (0.2915)  IoU (C channel): 0.3494 (0.3408)  L1 (Db channel): 0.0729 (0.0790)  L1 (Dn channel): 0.3160 (0.3139)  lr: 0.001924  iter-time: 1.0929
[23:08:18.496313] Epoch: [12]  [150/229]  eta: 0:01:27  loss: 0.2182 (0.2626)  IoU (F channel): 0.2544 (0.2910)  IoU (C channel): 0.3388 (0.3415)  L1 (Db channel): 0.0748 (0.0790)  L1 (Dn channel): 0.3166 (0.3145)  lr: 0.001922  iter-time: 1.0933
[23:08:29.439147] Epoch: [12]  [160/229]  eta: 0:01:16  loss: 0.2250 (0.2635)  IoU (F channel): 0.2719 (0.2903)  IoU (C channel): 0.3389 (0.3432)  L1 (Db channel): 0.0770 (0.0787)  L1 (Dn channel): 0.3286 (0.3154)  lr: 0.001919  iter-time: 1.0940
[23:08:40.372928] Epoch: [12]  [170/229]  eta: 0:01:05  loss: 0.2297 (0.2621)  IoU (F channel): 0.2886 (0.2938)  IoU (C channel): 0.3767 (0.3464)  L1 (Db channel): 0.0702 (0.0781)  L1 (Dn channel): 0.3294 (0.3163)  lr: 0.001916  iter-time: 1.0937
[23:08:51.293883] Epoch: [12]  [180/229]  eta: 0:00:53  loss: 0.2066 (0.2583)  IoU (F channel): 0.2886 (0.2931)  IoU (C channel): 0.3822 (0.3458)  L1 (Db channel): 0.0700 (0.0779)  L1 (Dn channel): 0.3335 (0.3176)  lr: 0.001914  iter-time: 1.0926
[23:09:02.247473] Epoch: [12]  [190/229]  eta: 0:00:42  loss: 0.1860 (0.2564)  IoU (F channel): 0.2505 (0.2915)  IoU (C channel): 0.3064 (0.3423)  L1 (Db channel): 0.0771 (0.0781)  L1 (Dn channel): 0.3416 (0.3190)  lr: 0.001911  iter-time: 1.0936
[23:09:13.173534] Epoch: [12]  [200/229]  eta: 0:00:31  loss: 0.2046 (0.2572)  IoU (F channel): 0.2595 (0.2940)  IoU (C channel): 0.3214 (0.3445)  L1 (Db channel): 0.0749 (0.0777)  L1 (Dn channel): 0.3382 (0.3199)  lr: 0.001908  iter-time: 1.0939
[23:09:24.108689] Epoch: [12]  [210/229]  eta: 0:00:20  loss: 0.2220 (0.2571)  IoU (F channel): 0.3121 (0.2938)  IoU (C channel): 0.3680 (0.3443)  L1 (Db channel): 0.0713 (0.0775)  L1 (Dn channel): 0.3294 (0.3202)  lr: 0.001906  iter-time: 1.0929
[23:09:35.056932] Epoch: [12]  [220/229]  eta: 0:00:09  loss: 0.2220 (0.2571)  IoU (F channel): 0.2959 (0.2940)  IoU (C channel): 0.3680 (0.3452)  L1 (Db channel): 0.0713 (0.0773)  L1 (Dn channel): 0.3281 (0.3208)  lr: 0.001903  iter-time: 1.0940
[23:09:43.509715] Epoch: [12]  [228/229]  eta: 0:00:01  loss: 0.2232 (0.2565)  IoU (F channel): 0.2887 (0.2917)  IoU (C channel): 0.3509 (0.3428)  L1 (Db channel): 0.0686 (0.0773)  L1 (Dn channel): 0.3316 (0.3212)  lr: 0.001901  iter-time: 1.0791
[23:09:43.509824] Epoch: [12] Total time: 0:04:11 (1.0992 s / it)
[23:09:43.509861] [Train] averaged stats: loss: 0.2232 (0.2565)  IoU (F channel): 0.2887 (0.2917)  IoU (C channel): 0.3509 (0.3428)  L1 (Db channel): 0.0686 (0.0773)  L1 (Dn channel): 0.3316 (0.3212)  lr: 0.001901
[23:09:45.517838] Epoch: [12]  [ 0/26]  eta: 0:00:52  loss: 0.0048 (0.0048)  IoU (F channel): 0.0000 (0.0000)  IoU (C channel): 0.0000 (0.0000)  L1 (Db channel): 0.0689 (0.0689)  L1 (Dn channel): 0.3216 (0.3216)  iter-time: 2.0072
[23:09:49.122171] Epoch: [12]  [10/26]  eta: 0:00:08  loss: 0.2600 (0.2864)  IoU (F channel): 0.5864 (0.4257)  IoU (C channel): 0.3761 (0.2826)  L1 (Db channel): 0.0710 (0.0715)  L1 (Dn channel): 0.3249 (0.3246)  iter-time: 0.5101
[23:09:52.604167] Epoch: [12]  [20/26]  eta: 0:00:02  loss: 0.2935 (0.2866)  IoU (F channel): 0.4375 (0.3715)  IoU (C channel): 0.3761 (0.2853)  L1 (Db channel): 0.0708 (0.0717)  L1 (Dn channel): 0.3249 (0.3246)  iter-time: 0.3543
[23:09:54.269522] Epoch: [12]  [25/26]  eta: 0:00:00  loss: 0.2980 (0.3254)  IoU (F channel): 0.3572 (0.3257)  IoU (C channel): 0.3005 (0.2484)  L1 (Db channel): 0.0710 (0.0716)  L1 (Dn channel): 0.3248 (0.3249)  iter-time: 0.3447
[23:09:54.269625] Epoch: [12] Total time: 0:00:10 (0.4138 s / it)
[23:09:54.269647] [Val] averaged stats: loss: 0.2980 (0.3254)  IoU (F channel): 0.3572 (0.3257)  IoU (C channel): 0.3005 (0.2484)  L1 (Db channel): 0.0710 (0.0716)  L1 (Dn channel): 0.3248 (0.3249)
[23:09:54.269827] [Val] best loss: 0.3164 best  IoU (F channel): 0.2514 IoU (C channel): 0.2149 L1 (Db channel): 0.1399 L1 (Dn channel): 0.3360 
EarlyStopping counter: 4 out of 10
[23:09:54.280235] [Time] 4.4m 53.7m/2.3h

[23:09:54.280254] ~~~ Epoch 13/30 ~~~

[23:09:56.894070] Epoch: [13]  [  0/229]  eta: 0:09:58  loss: 0.2512 (0.2512)  IoU (F channel): 0.4263 (0.4263)  IoU (C channel): 0.4261 (0.4261)  L1 (Db channel): 0.0730 (0.0730)  L1 (Dn channel): 0.3234 (0.3234)  lr: 0.001900  iter-time: 2.6124
[23:10:07.862673] Epoch: [13]  [ 10/229]  eta: 0:04:30  loss: 0.2348 (0.2470)  IoU (F channel): 0.3261 (0.2985)  IoU (C channel): 0.3920 (0.3318)  L1 (Db channel): 0.0804 (0.0802)  L1 (Dn channel): 0.3173 (0.3171)  lr: 0.001898  iter-time: 1.2345
[23:10:18.810550] Epoch: [13]  [ 20/229]  eta: 0:04:04  loss: 0.2348 (0.2539)  IoU (F channel): 0.2699 (0.2856)  IoU (C channel): 0.2957 (0.3143)  L1 (Db channel): 0.0821 (0.0819)  L1 (Dn channel): 0.3178 (0.3183)  lr: 0.001895  iter-time: 1.0957
[23:10:29.740901] Epoch: [13]  [ 30/229]  eta: 0:03:47  loss: 0.2387 (0.2623)  IoU (F channel): 0.2587 (0.2700)  IoU (C channel): 0.2730 (0.2940)  L1 (Db channel): 0.0835 (0.0826)  L1 (Dn channel): 0.3238 (0.3231)  lr: 0.001892  iter-time: 1.0938
[23:10:40.668452] Epoch: [13]  [ 40/229]  eta: 0:03:33  loss: 0.2366 (0.2574)  IoU (F channel): 0.2824 (0.2829)  IoU (C channel): 0.3162 (0.3105)  L1 (Db channel): 0.0831 (0.0827)  L1 (Dn channel): 0.3365 (0.3271)  lr: 0.001889  iter-time: 1.0927
[23:10:51.610143] Epoch: [13]  [ 50/229]  eta: 0:03:21  loss: 0.2429 (0.2587)  IoU (F channel): 0.2998 (0.2832)  IoU (C channel): 0.3489 (0.3154)  L1 (Db channel): 0.0825 (0.0835)  L1 (Dn channel): 0.3359 (0.3281)  lr: 0.001886  iter-time: 1.0933
[23:11:02.537935] Epoch: [13]  [ 60/229]  eta: 0:03:09  loss: 0.2163 (0.2566)  IoU (F channel): 0.2945 (0.2897)  IoU (C channel): 0.3367 (0.3205)  L1 (Db channel): 0.0764 (0.0816)  L1 (Dn channel): 0.3310 (0.3285)  lr: 0.001883  iter-time: 1.0934
[23:11:13.475077] Epoch: [13]  [ 70/229]  eta: 0:02:57  loss: 0.2163 (0.2570)  IoU (F channel): 0.3032 (0.2921)  IoU (C channel): 0.3475 (0.3270)  L1 (Db channel): 0.0740 (0.0809)  L1 (Dn channel): 0.3278 (0.3281)  lr: 0.001880  iter-time: 1.0931
[23:11:24.407403] Epoch: [13]  [ 80/229]  eta: 0:02:45  loss: 0.2248 (0.2573)  IoU (F channel): 0.3026 (0.2919)  IoU (C channel): 0.3759 (0.3305)  L1 (Db channel): 0.0740 (0.0800)  L1 (Dn channel): 0.3260 (0.3279)  lr: 0.001876  iter-time: 1.0934
[23:11:35.337609] Epoch: [13]  [ 90/229]  eta: 0:02:34  loss: 0.2315 (0.2551)  IoU (F channel): 0.3026 (0.2932)  IoU (C channel): 0.3554 (0.3327)  L1 (Db channel): 0.0731 (0.0792)  L1 (Dn channel): 0.3263 (0.3276)  lr: 0.001873  iter-time: 1.0930
[23:11:46.280043] Epoch: [13]  [100/229]  eta: 0:02:23  loss: 0.2169 (0.2525)  IoU (F channel): 0.2523 (0.2898)  IoU (C channel): 0.3136 (0.3285)  L1 (Db channel): 0.0738 (0.0789)  L1 (Dn channel): 0.3264 (0.3277)  lr: 0.001870  iter-time: 1.0935
[23:11:57.212127] Epoch: [13]  [110/229]  eta: 0:02:11  loss: 0.2169 (0.2547)  IoU (F channel): 0.2727 (0.2925)  IoU (C channel): 0.3136 (0.3326)  L1 (Db channel): 0.0744 (0.0784)  L1 (Dn channel): 0.3233 (0.3271)  lr: 0.001867  iter-time: 1.0936
[23:12:08.134212] Epoch: [13]  [120/229]  eta: 0:02:00  loss: 0.2332 (0.2590)  IoU (F channel): 0.3002 (0.2941)  IoU (C channel): 0.3374 (0.3343)  L1 (Db channel): 0.0729 (0.0781)  L1 (Dn channel): 0.3223 (0.3274)  lr: 0.001864  iter-time: 1.0926
[23:12:19.089981] Epoch: [13]  [130/229]  eta: 0:01:49  loss: 0.2673 (0.2611)  IoU (F channel): 0.3031 (0.2965)  IoU (C channel): 0.3374 (0.3358)  L1 (Db channel): 0.0705 (0.0774)  L1 (Dn channel): 0.3263 (0.3269)  lr: 0.001860  iter-time: 1.0937
[23:12:30.015577] Epoch: [13]  [140/229]  eta: 0:01:38  loss: 0.2203 (0.2583)  IoU (F channel): 0.2613 (0.2928)  IoU (C channel): 0.3140 (0.3337)  L1 (Db channel): 0.0682 (0.0766)  L1 (Dn channel): 0.3149 (0.3258)  lr: 0.001857  iter-time: 1.0940
[23:12:40.945189] Epoch: [13]  [150/229]  eta: 0:01:27  loss: 0.2116 (0.2552)  IoU (F channel): 0.2613 (0.2947)  IoU (C channel): 0.3306 (0.3369)  L1 (Db channel): 0.0691 (0.0764)  L1 (Dn channel): 0.3130 (0.3250)  lr: 0.001854  iter-time: 1.0927
[23:12:51.892070] Epoch: [13]  [160/229]  eta: 0:01:16  loss: 0.1988 (0.2546)  IoU (F channel): 0.3274 (0.2960)  IoU (C channel): 0.3751 (0.3394)  L1 (Db channel): 0.0729 (0.0762)  L1 (Dn channel): 0.3129 (0.3242)  lr: 0.001850  iter-time: 1.0937
[23:13:02.822393] Epoch: [13]  [170/229]  eta: 0:01:05  loss: 0.2730 (0.2560)  IoU (F channel): 0.2961 (0.2957)  IoU (C channel): 0.3993 (0.3401)  L1 (Db channel): 0.0746 (0.0762)  L1 (Dn channel): 0.3050 (0.3229)  lr: 0.001847  iter-time: 1.0937
[23:13:13.757883] Epoch: [13]  [180/229]  eta: 0:00:53  loss: 0.2028 (0.2543)  IoU (F channel): 0.2882 (0.2967)  IoU (C channel): 0.3695 (0.3419)  L1 (Db channel): 0.0746 (0.0760)  L1 (Dn channel): 0.3050 (0.3228)  lr: 0.001843  iter-time: 1.0932
[23:13:24.692473] Epoch: [13]  [190/229]  eta: 0:00:42  loss: 0.2158 (0.2556)  IoU (F channel): 0.2806 (0.2942)  IoU (C channel): 0.3329 (0.3384)  L1 (Db channel): 0.0714 (0.0757)  L1 (Dn channel): 0.3194 (0.3226)  lr: 0.001840  iter-time: 1.0934
[23:13:35.640102] Epoch: [13]  [200/229]  eta: 0:00:31  loss: 0.2471 (0.2563)  IoU (F channel): 0.2253 (0.2926)  IoU (C channel): 0.2542 (0.3377)  L1 (Db channel): 0.0715 (0.0757)  L1 (Dn channel): 0.3158 (0.3222)  lr: 0.001836  iter-time: 1.0940
[23:13:46.575541] Epoch: [13]  [210/229]  eta: 0:00:20  loss: 0.2437 (0.2564)  IoU (F channel): 0.2710 (0.2941)  IoU (C channel): 0.3477 (0.3397)  L1 (Db channel): 0.0758 (0.0758)  L1 (Dn channel): 0.3157 (0.3220)  lr: 0.001832  iter-time: 1.0940
[23:13:57.513001] Epoch: [13]  [220/229]  eta: 0:00:09  loss: 0.2427 (0.2563)  IoU (F channel): 0.3143 (0.2945)  IoU (C channel): 0.3880 (0.3416)  L1 (Db channel): 0.0758 (0.0757)  L1 (Dn channel): 0.3199 (0.3220)  lr: 0.001829  iter-time: 1.0935
[23:14:05.970341] Epoch: [13]  [228/229]  eta: 0:00:01  loss: 0.2476 (0.2559)  IoU (F channel): 0.3061 (0.2961)  IoU (C channel): 0.3880 (0.3440)  L1 (Db channel): 0.0699 (0.0755)  L1 (Dn channel): 0.3236 (0.3221)  lr: 0.001826  iter-time: 1.0792
[23:14:05.970530] Epoch: [13] Total time: 0:04:11 (1.0991 s / it)
[23:14:05.970591] [Train] averaged stats: loss: 0.2476 (0.2559)  IoU (F channel): 0.3061 (0.2961)  IoU (C channel): 0.3880 (0.3440)  L1 (Db channel): 0.0699 (0.0755)  L1 (Dn channel): 0.3236 (0.3221)  lr: 0.001826
[23:14:08.114747] Epoch: [13]  [ 0/26]  eta: 0:00:55  loss: 0.0039 (0.0039)  IoU (F channel): 0.0000 (0.0000)  IoU (C channel): 0.0000 (0.0000)  L1 (Db channel): 0.0780 (0.0780)  L1 (Dn channel): 0.3250 (0.3250)  iter-time: 2.1429
[23:14:11.792169] Epoch: [13]  [10/26]  eta: 0:00:08  loss: 0.2744 (0.2552)  IoU (F channel): 0.3922 (0.3455)  IoU (C channel): 0.3815 (0.2740)  L1 (Db channel): 0.0796 (0.0803)  L1 (Dn channel): 0.3261 (0.3254)  iter-time: 0.5291
[23:14:15.271757] Epoch: [13]  [20/26]  eta: 0:00:02  loss: 0.2744 (0.2613)  IoU (F channel): 0.3444 (0.2938)  IoU (C channel): 0.3306 (0.2536)  L1 (Db channel): 0.0796 (0.0803)  L1 (Dn channel): 0.3262 (0.3258)  iter-time: 0.3578
[23:14:16.934347] Epoch: [13]  [25/26]  eta: 0:00:00  loss: 0.2919 (0.2928)  IoU (F channel): 0.3327 (0.2714)  IoU (C channel): 0.3038 (0.2320)  L1 (Db channel): 0.0801 (0.0802)  L1 (Dn channel): 0.3268 (0.3265)  iter-time: 0.3498
[23:14:16.934484] Epoch: [13] Total time: 0:00:10 (0.4216 s / it)
[23:14:16.934510] [Val] averaged stats: loss: 0.2919 (0.2928)  IoU (F channel): 0.3327 (0.2714)  IoU (C channel): 0.3038 (0.2320)  L1 (Db channel): 0.0801 (0.0802)  L1 (Dn channel): 0.3268 (0.3265)
[23:14:16.934771] Val loss improved from 0.3164224808032696 to 0.29278597930589545, saving model to metrics/biapy/biapy-v2-channel-scale/checkpoints/biapy-v2-channel-scale_0-checkpoint-best.pth
[23:14:17.318327] [Val] best loss: 0.2928 best  IoU (F channel): 0.2714 IoU (C channel): 0.2320 L1 (Db channel): 0.0802 L1 (Dn channel): 0.3265 
[23:14:17.326153] [Time] 4.4m 58.0m/2.3h

[23:14:17.326183] ~~~ Epoch 14/30 ~~~

[23:14:20.272817] Epoch: [14]  [  0/229]  eta: 0:11:14  loss: 0.1827 (0.1827)  IoU (F channel): 0.3105 (0.3105)  IoU (C channel): 0.3584 (0.3584)  L1 (Db channel): 0.0792 (0.0792)  L1 (Dn channel): 0.3245 (0.3245)  lr: 0.001826  iter-time: 2.9453
[23:14:31.207685] Epoch: [14]  [ 10/229]  eta: 0:04:36  loss: 0.2481 (0.2492)  IoU (F channel): 0.3105 (0.3434)  IoU (C channel): 0.3915 (0.3977)  L1 (Db channel): 0.0667 (0.0696)  L1 (Dn channel): 0.3275 (0.3256)  lr: 0.001822  iter-time: 1.2617
[23:14:42.145632] Epoch: [14]  [ 20/229]  eta: 0:04:06  loss: 0.2353 (0.2409)  IoU (F channel): 0.3361 (0.3403)  IoU (C channel): 0.4269 (0.4053)  L1 (Db channel): 0.0675 (0.0703)  L1 (Dn channel): 0.3175 (0.3205)  lr: 0.001818  iter-time: 1.0935
[23:14:53.077064] Epoch: [14]  [ 30/229]  eta: 0:03:49  loss: 0.2413 (0.2559)  IoU (F channel): 0.3111 (0.3339)  IoU (C channel): 0.4052 (0.4007)  L1 (Db channel): 0.0645 (0.0668)  L1 (Dn channel): 0.3127 (0.3171)  lr: 0.001814  iter-time: 1.0934
[23:15:04.016982] Epoch: [14]  [ 40/229]  eta: 0:03:35  loss: 0.2500 (0.2600)  IoU (F channel): 0.3083 (0.3324)  IoU (C channel): 0.3804 (0.3980)  L1 (Db channel): 0.0602 (0.0659)  L1 (Dn channel): 0.3104 (0.3162)  lr: 0.001810  iter-time: 1.0934
[23:15:14.953644] Epoch: [14]  [ 50/229]  eta: 0:03:22  loss: 0.2558 (0.2614)  IoU (F channel): 0.3144 (0.3233)  IoU (C channel): 0.3439 (0.3790)  L1 (Db channel): 0.0676 (0.0669)  L1 (Dn channel): 0.3148 (0.3160)  lr: 0.001807  iter-time: 1.0937
[23:15:25.877317] Epoch: [14]  [ 60/229]  eta: 0:03:09  loss: 0.2241 (0.2548)  IoU (F channel): 0.2966 (0.3149)  IoU (C channel): 0.2824 (0.3696)  L1 (Db channel): 0.0701 (0.0674)  L1 (Dn channel): 0.3164 (0.3164)  lr: 0.001803  iter-time: 1.0929
[23:15:36.831384] Epoch: [14]  [ 70/229]  eta: 0:02:58  loss: 0.2494 (0.2614)  IoU (F channel): 0.2697 (0.3131)  IoU (C channel): 0.3003 (0.3623)  L1 (Db channel): 0.0716 (0.0681)  L1 (Dn channel): 0.3176 (0.3164)  lr: 0.001799  iter-time: 1.0937
[23:15:47.762226] Epoch: [14]  [ 80/229]  eta: 0:02:46  loss: 0.2942 (0.2651)  IoU (F channel): 0.2762 (0.3092)  IoU (C channel): 0.3171 (0.3559)  L1 (Db channel): 0.0729 (0.0703)  L1 (Dn channel): 0.3075 (0.3146)  lr: 0.001795  iter-time: 1.0941
[23:15:58.694688] Epoch: [14]  [ 90/229]  eta: 0:02:34  loss: 0.2546 (0.2641)  IoU (F channel): 0.2980 (0.3114)  IoU (C channel): 0.3337 (0.3574)  L1 (Db channel): 0.0681 (0.0698)  L1 (Dn channel): 0.3055 (0.3140)  lr: 0.001791  iter-time: 1.0931
[23:16:09.640430] Epoch: [14]  [100/229]  eta: 0:02:23  loss: 0.2531 (0.2638)  IoU (F channel): 0.3077 (0.3107)  IoU (C channel): 0.3505 (0.3553)  L1 (Db channel): 0.0695 (0.0699)  L1 (Dn channel): 0.3112 (0.3143)  lr: 0.001787  iter-time: 1.0937
[23:16:20.591789] Epoch: [14]  [110/229]  eta: 0:02:12  loss: 0.2611 (0.2662)  IoU (F channel): 0.2664 (0.3055)  IoU (C channel): 0.3137 (0.3499)  L1 (Db channel): 0.0702 (0.0699)  L1 (Dn channel): 0.3162 (0.3146)  lr: 0.001783  iter-time: 1.0947
[23:16:31.519046] Epoch: [14]  [120/229]  eta: 0:02:00  loss: 0.2535 (0.2642)  IoU (F channel): 0.2664 (0.3030)  IoU (C channel): 0.3137 (0.3471)  L1 (Db channel): 0.0679 (0.0696)  L1 (Dn channel): 0.3126 (0.3142)  lr: 0.001779  iter-time: 1.0938
[23:16:42.459860] Epoch: [14]  [130/229]  eta: 0:01:49  loss: 0.2392 (0.2671)  IoU (F channel): 0.2892 (0.3054)  IoU (C channel): 0.3459 (0.3483)  L1 (Db channel): 0.0662 (0.0694)  L1 (Dn channel): 0.3116 (0.3141)  lr: 0.001775  iter-time: 1.0933
[23:16:53.410954] Epoch: [14]  [140/229]  eta: 0:01:38  loss: 0.2627 (0.2685)  IoU (F channel): 0.3051 (0.3040)  IoU (C channel): 0.3532 (0.3469)  L1 (Db channel): 0.0653 (0.0691)  L1 (Dn channel): 0.3111 (0.3138)  lr: 0.001771  iter-time: 1.0945
[23:17:04.341496] Epoch: [14]  [150/229]  eta: 0:01:27  loss: 0.2426 (0.2676)  IoU (F channel): 0.2789 (0.3020)  IoU (C channel): 0.3359 (0.3447)  L1 (Db channel): 0.0646 (0.0688)  L1 (Dn channel): 0.3109 (0.3143)  lr: 0.001766  iter-time: 1.0939
[23:17:15.295324] Epoch: [14]  [160/229]  eta: 0:01:16  loss: 0.2325 (0.2649)  IoU (F channel): 0.2789 (0.3004)  IoU (C channel): 0.3359 (0.3433)  L1 (Db channel): 0.0658 (0.0686)  L1 (Dn channel): 0.3220 (0.3148)  lr: 0.001762  iter-time: 1.0941
[23:17:26.232705] Epoch: [14]  [170/229]  eta: 0:01:05  loss: 0.2227 (0.2622)  IoU (F channel): 0.2798 (0.2986)  IoU (C channel): 0.3238 (0.3416)  L1 (Db channel): 0.0658 (0.0685)  L1 (Dn channel): 0.3187 (0.3149)  lr: 0.001758  iter-time: 1.0944
[23:17:37.178889] Epoch: [14]  [180/229]  eta: 0:00:54  loss: 0.2179 (0.2596)  IoU (F channel): 0.2996 (0.2984)  IoU (C channel): 0.3536 (0.3429)  L1 (Db channel): 0.0662 (0.0684)  L1 (Dn channel): 0.3178 (0.3150)  lr: 0.001754  iter-time: 1.0941
[23:17:48.114749] Epoch: [14]  [190/229]  eta: 0:00:43  loss: 0.2086 (0.2567)  IoU (F channel): 0.3025 (0.2988)  IoU (C channel): 0.3770 (0.3455)  L1 (Db channel): 0.0652 (0.0681)  L1 (Dn channel): 0.3162 (0.3147)  lr: 0.001749  iter-time: 1.0940
[23:17:59.065920] Epoch: [14]  [200/229]  eta: 0:00:31  loss: 0.2055 (0.2560)  IoU (F channel): 0.2925 (0.2980)  IoU (C channel): 0.3770 (0.3444)  L1 (Db channel): 0.0636 (0.0679)  L1 (Dn channel): 0.3041 (0.3140)  lr: 0.001745  iter-time: 1.0942
[23:18:10.002236] Epoch: [14]  [210/229]  eta: 0:00:20  loss: 0.1821 (0.2550)  IoU (F channel): 0.2717 (0.2969)  IoU (C channel): 0.3418 (0.3433)  L1 (Db channel): 0.0655 (0.0680)  L1 (Dn channel): 0.3041 (0.3137)  lr: 0.001741  iter-time: 1.0942
[23:18:20.947285] Epoch: [14]  [220/229]  eta: 0:00:09  loss: 0.2272 (0.2549)  IoU (F channel): 0.2717 (0.2959)  IoU (C channel): 0.3093 (0.3421)  L1 (Db channel): 0.0657 (0.0679)  L1 (Dn channel): 0.3061 (0.3133)  lr: 0.001736  iter-time: 1.0939
[23:18:29.402717] Epoch: [14]  [228/229]  eta: 0:00:01  loss: 0.2704 (0.2571)  IoU (F channel): 0.2740 (0.2950)  IoU (C channel): 0.3093 (0.3412)  L1 (Db channel): 0.0639 (0.0676)  L1 (Dn channel): 0.3061 (0.3133)  lr: 0.001733  iter-time: 1.0793
[23:18:29.402887] Epoch: [14] Total time: 0:04:12 (1.1008 s / it)
[23:18:29.403050] [Train] averaged stats: loss: 0.2704 (0.2571)  IoU (F channel): 0.2740 (0.2950)  IoU (C channel): 0.3093 (0.3412)  L1 (Db channel): 0.0639 (0.0676)  L1 (Dn channel): 0.3061 (0.3133)  lr: 0.001733
[23:18:30.838292] Epoch: [14]  [ 0/26]  eta: 0:00:37  loss: 0.0036 (0.0036)  IoU (F channel): 0.0000 (0.0000)  IoU (C channel): 0.0000 (0.0000)  L1 (Db channel): 0.0535 (0.0535)  L1 (Dn channel): 0.3071 (0.3071)  iter-time: 1.4340
[23:18:34.886780] Epoch: [14]  [10/26]  eta: 0:00:07  loss: 0.2855 (0.3195)  IoU (F channel): 0.5126 (0.3505)  IoU (C channel): 0.2194 (0.2008)  L1 (Db channel): 0.0553 (0.0551)  L1 (Dn channel): 0.3091 (0.3093)  iter-time: 0.4984
[23:18:38.369216] Epoch: [14]  [20/26]  eta: 0:00:02  loss: 0.2855 (0.3129)  IoU (F channel): 0.3702 (0.3285)  IoU (C channel): 0.2862 (0.2298)  L1 (Db channel): 0.0549 (0.0550)  L1 (Dn channel): 0.3094 (0.3096)  iter-time: 0.3765
[23:18:40.031695] Epoch: [14]  [25/26]  eta: 0:00:00  loss: 0.2984 (0.3548)  IoU (F channel): 0.3249 (0.2834)  IoU (C channel): 0.2818 (0.2007)  L1 (Db channel): 0.0545 (0.0549)  L1 (Dn channel): 0.3093 (0.3098)  iter-time: 0.3447
[23:18:40.031794] Epoch: [14] Total time: 0:00:10 (0.4088 s / it)
[23:18:40.031817] [Val] averaged stats: loss: 0.2984 (0.3548)  IoU (F channel): 0.3249 (0.2834)  IoU (C channel): 0.2818 (0.2007)  L1 (Db channel): 0.0545 (0.0549)  L1 (Dn channel): 0.3093 (0.3098)
[23:18:40.031993] [Val] best loss: 0.2928 best  IoU (F channel): 0.2714 IoU (C channel): 0.2320 L1 (Db channel): 0.0802 L1 (Dn channel): 0.3265 
EarlyStopping counter: 1 out of 10
[23:18:40.041583] [Time] 4.4m 1.0h/2.3h

[23:18:40.041603] ~~~ Epoch 15/30 ~~~

[23:18:43.220582] Epoch: [15]  [  0/229]  eta: 0:12:07  loss: 0.3949 (0.3949)  IoU (F channel): 0.4105 (0.4105)  IoU (C channel): 0.4388 (0.4388)  L1 (Db channel): 0.0548 (0.0548)  L1 (Dn channel): 0.3087 (0.3087)  lr: 0.001732  iter-time: 3.1780
[23:18:54.205522] Epoch: [15]  [ 10/229]  eta: 0:04:41  loss: 0.2741 (0.2597)  IoU (F channel): 0.2772 (0.2993)  IoU (C channel): 0.3354 (0.3422)  L1 (Db channel): 0.0570 (0.0568)  L1 (Dn channel): 0.2959 (0.2974)  lr: 0.001728  iter-time: 1.2874
[23:19:05.143777] Epoch: [15]  [ 20/229]  eta: 0:04:09  loss: 0.2139 (0.2447)  IoU (F channel): 0.2701 (0.2832)  IoU (C channel): 0.3220 (0.3209)  L1 (Db channel): 0.0589 (0.0600)  L1 (Dn channel): 0.2903 (0.2930)  lr: 0.001723  iter-time: 1.0960
[23:19:16.076812] Epoch: [15]  [ 30/229]  eta: 0:03:51  loss: 0.2328 (0.2437)  IoU (F channel): 0.3020 (0.3062)  IoU (C channel): 0.3507 (0.3381)  L1 (Db channel): 0.0638 (0.0617)  L1 (Dn channel): 0.2882 (0.2915)  lr: 0.001719  iter-time: 1.0934
[23:19:27.017104] Epoch: [15]  [ 40/229]  eta: 0:03:36  loss: 0.2532 (0.2555)  IoU (F channel): 0.3198 (0.3003)  IoU (C channel): 0.3624 (0.3365)  L1 (Db channel): 0.0643 (0.0628)  L1 (Dn channel): 0.2892 (0.2919)  lr: 0.001714  iter-time: 1.0935
[23:19:37.962612] Epoch: [15]  [ 50/229]  eta: 0:03:23  loss: 0.2389 (0.2512)  IoU (F channel): 0.3082 (0.3050)  IoU (C channel): 0.3517 (0.3469)  L1 (Db channel): 0.0641 (0.0628)  L1 (Dn channel): 0.2944 (0.2934)  lr: 0.001710  iter-time: 1.0941
[23:19:48.894976] Epoch: [15]  [ 60/229]  eta: 0:03:10  loss: 0.2155 (0.2499)  IoU (F channel): 0.3325 (0.3120)  IoU (C channel): 0.3958 (0.3564)  L1 (Db channel): 0.0649 (0.0632)  L1 (Dn channel): 0.3114 (0.2985)  lr: 0.001705  iter-time: 1.0938
[23:19:59.848077] Epoch: [15]  [ 70/229]  eta: 0:02:58  loss: 0.2196 (0.2511)  IoU (F channel): 0.3343 (0.3151)  IoU (C channel): 0.3925 (0.3599)  L1 (Db channel): 0.0611 (0.0623)  L1 (Dn channel): 0.3157 (0.3005)  lr: 0.001700  iter-time: 1.0942
[23:20:10.797432] Epoch: [15]  [ 80/229]  eta: 0:02:46  loss: 0.2234 (0.2516)  IoU (F channel): 0.3013 (0.3079)  IoU (C channel): 0.3572 (0.3529)  L1 (Db channel): 0.0584 (0.0628)  L1 (Dn channel): 0.3157 (0.3036)  lr: 0.001696  iter-time: 1.0950
[23:20:21.730915] Epoch: [15]  [ 90/229]  eta: 0:02:35  loss: 0.2394 (0.2506)  IoU (F channel): 0.2876 (0.3104)  IoU (C channel): 0.3317 (0.3529)  L1 (Db channel): 0.0645 (0.0630)  L1 (Dn channel): 0.3230 (0.3052)  lr: 0.001691  iter-time: 1.0940
[23:20:32.667048] Epoch: [15]  [100/229]  eta: 0:02:23  loss: 0.2150 (0.2518)  IoU (F channel): 0.3136 (0.3090)  IoU (C channel): 0.3662 (0.3520)  L1 (Db channel): 0.0645 (0.0634)  L1 (Dn channel): 0.3209 (0.3074)  lr: 0.001686  iter-time: 1.0934
[23:20:43.614401] Epoch: [15]  [110/229]  eta: 0:02:12  loss: 0.2209 (0.2518)  IoU (F channel): 0.3054 (0.3096)  IoU (C channel): 0.3499 (0.3530)  L1 (Db channel): 0.0661 (0.0636)  L1 (Dn channel): 0.3348 (0.3116)  lr: 0.001681  iter-time: 1.0940
[23:20:54.550362] Epoch: [15]  [120/229]  eta: 0:02:01  loss: 0.2216 (0.2527)  IoU (F channel): 0.2751 (0.3082)  IoU (C channel): 0.3416 (0.3525)  L1 (Db channel): 0.0677 (0.0644)  L1 (Dn channel): 0.3580 (0.3152)  lr: 0.001677  iter-time: 1.0940
[23:21:05.485071] Epoch: [15]  [130/229]  eta: 0:01:49  loss: 0.2130 (0.2509)  IoU (F channel): 0.2554 (0.3060)  IoU (C channel): 0.3385 (0.3494)  L1 (Db channel): 0.0716 (0.0655)  L1 (Dn channel): 0.3376 (0.3155)  lr: 0.001672  iter-time: 1.0934
[23:21:16.431833] Epoch: [15]  [140/229]  eta: 0:01:38  loss: 0.2151 (0.2521)  IoU (F channel): 0.2801 (0.3050)  IoU (C channel): 0.2989 (0.3444)  L1 (Db channel): 0.0722 (0.0660)  L1 (Dn channel): 0.3098 (0.3144)  lr: 0.001667  iter-time: 1.0939
[23:21:27.370578] Epoch: [15]  [150/229]  eta: 0:01:27  loss: 0.2380 (0.2545)  IoU (F channel): 0.4038 (0.3104)  IoU (C channel): 0.3580 (0.3471)  L1 (Db channel): 0.0700 (0.0661)  L1 (Dn channel): 0.3020 (0.3137)  lr: 0.001662  iter-time: 1.0941
[23:21:38.314139] Epoch: [15]  [160/229]  eta: 0:01:16  loss: 0.2570 (0.2533)  IoU (F channel): 0.3181 (0.3095)  IoU (C channel): 0.3658 (0.3463)  L1 (Db channel): 0.0675 (0.0661)  L1 (Dn channel): 0.2955 (0.3125)  lr: 0.001657  iter-time: 1.0940
[23:21:49.248296] Epoch: [15]  [170/229]  eta: 0:01:05  loss: 0.2592 (0.2550)  IoU (F channel): 0.2398 (0.3050)  IoU (C channel): 0.2854 (0.3417)  L1 (Db channel): 0.0678 (0.0664)  L1 (Dn channel): 0.2897 (0.3110)  lr: 0.001652  iter-time: 1.0937
[23:22:00.194705] Epoch: [15]  [180/229]  eta: 0:00:54  loss: 0.2521 (0.2546)  IoU (F channel): 0.2365 (0.3036)  IoU (C channel): 0.2980 (0.3410)  L1 (Db channel): 0.0705 (0.0666)  L1 (Dn channel): 0.2897 (0.3103)  lr: 0.001647  iter-time: 1.0939
[23:22:11.142192] Epoch: [15]  [190/229]  eta: 0:00:43  loss: 0.2258 (0.2537)  IoU (F channel): 0.2761 (0.3040)  IoU (C channel): 0.3697 (0.3432)  L1 (Db channel): 0.0701 (0.0667)  L1 (Dn channel): 0.2980 (0.3097)  lr: 0.001642  iter-time: 1.0946
[23:22:22.094247] Epoch: [15]  [200/229]  eta: 0:00:32  loss: 0.2297 (0.2536)  IoU (F channel): 0.2897 (0.3031)  IoU (C channel): 0.3789 (0.3425)  L1 (Db channel): 0.0655 (0.0666)  L1 (Dn channel): 0.2847 (0.3081)  lr: 0.001637  iter-time: 1.0948
[23:22:33.026975] Epoch: [15]  [210/229]  eta: 0:00:20  loss: 0.2323 (0.2539)  IoU (F channel): 0.3099 (0.3040)  IoU (C channel): 0.3318 (0.3419)  L1 (Db channel): 0.0638 (0.0665)  L1 (Dn channel): 0.2782 (0.3067)  lr: 0.001632  iter-time: 1.0941
[23:22:43.982389] Epoch: [15]  [220/229]  eta: 0:00:09  loss: 0.2244 (0.2542)  IoU (F channel): 0.3055 (0.3053)  IoU (C channel): 0.3409 (0.3426)  L1 (Db channel): 0.0650 (0.0664)  L1 (Dn channel): 0.2796 (0.3055)  lr: 0.001627  iter-time: 1.0942
[23:22:52.432563] Epoch: [15]  [228/229]  eta: 0:00:01  loss: 0.2015 (0.2525)  IoU (F channel): 0.3246 (0.3066)  IoU (C channel): 0.3811 (0.3441)  L1 (Db channel): 0.0677 (0.0667)  L1 (Dn channel): 0.2819 (0.3048)  lr: 0.001623  iter-time: 1.0795
[23:22:52.432755] Epoch: [15] Total time: 0:04:12 (1.1021 s / it)
[23:22:52.432801] [Train] averaged stats: loss: 0.2015 (0.2525)  IoU (F channel): 0.3246 (0.3066)  IoU (C channel): 0.3811 (0.3441)  L1 (Db channel): 0.0677 (0.0667)  L1 (Dn channel): 0.2819 (0.3048)  lr: 0.001623
[23:22:53.991260] Epoch: [15]  [ 0/26]  eta: 0:00:40  loss: 0.0029 (0.0029)  IoU (F channel): 0.0000 (0.0000)  IoU (C channel): 0.0000 (0.0000)  L1 (Db channel): 0.0695 (0.0695)  L1 (Dn channel): 0.2823 (0.2823)  iter-time: 1.5573
[23:22:57.648922] Epoch: [15]  [10/26]  eta: 0:00:07  loss: 0.2723 (0.2655)  IoU (F channel): 0.4598 (0.3875)  IoU (C channel): 0.3835 (0.2754)  L1 (Db channel): 0.0685 (0.0681)  L1 (Dn channel): 0.2820 (0.2809)  iter-time: 0.4740
[23:23:01.129108] Epoch: [15]  [20/26]  eta: 0:00:02  loss: 0.2999 (0.2786)  IoU (F channel): 0.4359 (0.3397)  IoU (C channel): 0.3459 (0.2722)  L1 (Db channel): 0.0684 (0.0682)  L1 (Dn channel): 0.2820 (0.2814)  iter-time: 0.3568
[23:23:02.792527] Epoch: [15]  [25/26]  eta: 0:00:00  loss: 0.3109 (0.3160)  IoU (F channel): 0.3321 (0.2998)  IoU (C channel): 0.3018 (0.2400)  L1 (Db channel): 0.0685 (0.0683)  L1 (Dn channel): 0.2812 (0.2818)  iter-time: 0.3458
[23:23:02.792603] Epoch: [15] Total time: 0:00:10 (0.3984 s / it)
[23:23:02.792625] [Val] averaged stats: loss: 0.3109 (0.3160)  IoU (F channel): 0.3321 (0.2998)  IoU (C channel): 0.3018 (0.2400)  L1 (Db channel): 0.0685 (0.0683)  L1 (Dn channel): 0.2812 (0.2818)
[23:23:02.792808] [Val] best loss: 0.2928 best  IoU (F channel): 0.2714 IoU (C channel): 0.2320 L1 (Db channel): 0.0802 L1 (Dn channel): 0.3265 
[23:23:02.804105] Creating training plots . . .
EarlyStopping counter: 2 out of 10
[23:23:08.715981] [Time] 4.5m 1.1h/2.3h

[23:23:08.716000] ~~~ Epoch 16/30 ~~~

[23:23:11.164543] Epoch: [16]  [  0/229]  eta: 0:09:20  loss: 0.1173 (0.1173)  IoU (F channel): 0.3418 (0.3418)  IoU (C channel): 0.3785 (0.3785)  L1 (Db channel): 0.0690 (0.0690)  L1 (Dn channel): 0.2829 (0.2829)  lr: 0.001622  iter-time: 2.4475
[23:23:22.108805] Epoch: [16]  [ 10/229]  eta: 0:04:26  loss: 0.1998 (0.2063)  IoU (F channel): 0.2504 (0.2834)  IoU (C channel): 0.2996 (0.3279)  L1 (Db channel): 0.0683 (0.0676)  L1 (Dn channel): 0.2777 (0.2779)  lr: 0.001617  iter-time: 1.2173
[23:23:33.060600] Epoch: [16]  [ 20/229]  eta: 0:04:02  loss: 0.1998 (0.2375)  IoU (F channel): 0.2731 (0.2987)  IoU (C channel): 0.3180 (0.3333)  L1 (Db channel): 0.0648 (0.0660)  L1 (Dn channel): 0.2803 (0.2802)  lr: 0.001612  iter-time: 1.0947
[23:23:43.994830] Epoch: [16]  [ 30/229]  eta: 0:03:46  loss: 0.1952 (0.2366)  IoU (F channel): 0.3218 (0.3117)  IoU (C channel): 0.3704 (0.3525)  L1 (Db channel): 0.0647 (0.0656)  L1 (Dn channel): 0.2837 (0.2817)  lr: 0.001607  iter-time: 1.0942
[23:23:54.924746] Epoch: [16]  [ 40/229]  eta: 0:03:32  loss: 0.2314 (0.2527)  IoU (F channel): 0.3428 (0.3245)  IoU (C channel): 0.3842 (0.3577)  L1 (Db channel): 0.0650 (0.0656)  L1 (Dn channel): 0.2901 (0.2868)  lr: 0.001602  iter-time: 1.0931
[23:24:05.873421] Epoch: [16]  [ 50/229]  eta: 0:03:20  loss: 0.2438 (0.2578)  IoU (F channel): 0.3358 (0.3260)  IoU (C channel): 0.3793 (0.3613)  L1 (Db channel): 0.0647 (0.0652)  L1 (Dn channel): 0.3038 (0.2901)  lr: 0.001597  iter-time: 1.0938
[23:24:16.795079] Epoch: [16]  [ 60/229]  eta: 0:03:08  loss: 0.2182 (0.2515)  IoU (F channel): 0.3095 (0.3289)  IoU (C channel): 0.3672 (0.3593)  L1 (Db channel): 0.0609 (0.0645)  L1 (Dn channel): 0.3017 (0.2918)  lr: 0.001591  iter-time: 1.0934
[23:24:27.740987] Epoch: [16]  [ 70/229]  eta: 0:02:56  loss: 0.2239 (0.2553)  IoU (F channel): 0.2863 (0.3167)  IoU (C channel): 0.3224 (0.3474)  L1 (Db channel): 0.0654 (0.0651)  L1 (Dn channel): 0.2999 (0.2928)  lr: 0.001586  iter-time: 1.0933
[23:24:38.680571] Epoch: [16]  [ 80/229]  eta: 0:02:45  loss: 0.2424 (0.2522)  IoU (F channel): 0.2806 (0.3170)  IoU (C channel): 0.3115 (0.3487)  L1 (Db channel): 0.0671 (0.0648)  L1 (Dn channel): 0.2941 (0.2926)  lr: 0.001581  iter-time: 1.0942
[23:24:49.630060] Epoch: [16]  [ 90/229]  eta: 0:02:34  loss: 0.2394 (0.2496)  IoU (F channel): 0.3147 (0.3176)  IoU (C channel): 0.3851 (0.3545)  L1 (Db channel): 0.0590 (0.0641)  L1 (Dn channel): 0.2938 (0.2932)  lr: 0.001575  iter-time: 1.0943
[23:25:00.568772] Epoch: [16]  [100/229]  eta: 0:02:22  loss: 0.2090 (0.2464)  IoU (F channel): 0.2939 (0.3144)  IoU (C channel): 0.3723 (0.3520)  L1 (Db channel): 0.0592 (0.0637)  L1 (Dn channel): 0.2944 (0.2933)  lr: 0.001570  iter-time: 1.0943
[23:25:11.508382] Epoch: [16]  [110/229]  eta: 0:02:11  loss: 0.2090 (0.2435)  IoU (F channel): 0.2933 (0.3114)  IoU (C channel): 0.3618 (0.3528)  L1 (Db channel): 0.0589 (0.0633)  L1 (Dn channel): 0.2941 (0.2935)  lr: 0.001565  iter-time: 1.0938
[23:25:22.465920] Epoch: [16]  [120/229]  eta: 0:02:00  loss: 0.2192 (0.2436)  IoU (F channel): 0.2903 (0.3104)  IoU (C channel): 0.3618 (0.3524)  L1 (Db channel): 0.0581 (0.0628)  L1 (Dn channel): 0.2978 (0.2944)  lr: 0.001559  iter-time: 1.0947
[23:25:33.398789] Epoch: [16]  [130/229]  eta: 0:01:49  loss: 0.2146 (0.2416)  IoU (F channel): 0.2926 (0.3148)  IoU (C channel): 0.3735 (0.3584)  L1 (Db channel): 0.0598 (0.0628)  L1 (Dn channel): 0.3070 (0.2953)  lr: 0.001554  iter-time: 1.0944
[23:25:44.347930] Epoch: [16]  [140/229]  eta: 0:01:38  loss: 0.1941 (0.2414)  IoU (F channel): 0.2748 (0.3104)  IoU (C channel): 0.3711 (0.3549)  L1 (Db channel): 0.0636 (0.0629)  L1 (Dn channel): 0.3079 (0.2964)  lr: 0.001548  iter-time: 1.0940
[23:25:55.278965] Epoch: [16]  [150/229]  eta: 0:01:27  loss: 0.1941 (0.2428)  IoU (F channel): 0.2701 (0.3144)  IoU (C channel): 0.3191 (0.3558)  L1 (Db channel): 0.0634 (0.0628)  L1 (Dn channel): 0.3133 (0.2976)  lr: 0.001543  iter-time: 1.0939
[23:26:06.233735] Epoch: [16]  [160/229]  eta: 0:01:16  loss: 0.2416 (0.2439)  IoU (F channel): 0.3646 (0.3170)  IoU (C channel): 0.3869 (0.3563)  L1 (Db channel): 0.0584 (0.0626)  L1 (Dn channel): 0.3116 (0.2980)  lr: 0.001537  iter-time: 1.0942
[23:26:17.169500] Epoch: [16]  [170/229]  eta: 0:01:05  loss: 0.2416 (0.2446)  IoU (F channel): 0.3094 (0.3149)  IoU (C channel): 0.3175 (0.3538)  L1 (Db channel): 0.0596 (0.0627)  L1 (Dn channel): 0.3011 (0.2981)  lr: 0.001532  iter-time: 1.0944
[23:26:28.117418] Epoch: [16]  [180/229]  eta: 0:00:53  loss: 0.2225 (0.2439)  IoU (F channel): 0.2779 (0.3173)  IoU (C channel): 0.3175 (0.3573)  L1 (Db channel): 0.0666 (0.0629)  L1 (Dn channel): 0.3087 (0.2990)  lr: 0.001526  iter-time: 1.0941
[23:26:39.056160] Epoch: [16]  [190/229]  eta: 0:00:42  loss: 0.2250 (0.2445)  IoU (F channel): 0.2791 (0.3157)  IoU (C channel): 0.3155 (0.3549)  L1 (Db channel): 0.0649 (0.0629)  L1 (Dn channel): 0.3154 (0.2999)  lr: 0.001521  iter-time: 1.0942
[23:26:50.001423] Epoch: [16]  [200/229]  eta: 0:00:31  loss: 0.2292 (0.2447)  IoU (F channel): 0.3143 (0.3169)  IoU (C channel): 0.3825 (0.3582)  L1 (Db channel): 0.0622 (0.0628)  L1 (Dn channel): 0.3173 (0.3009)  lr: 0.001515  iter-time: 1.0941
[23:27:00.935173] Epoch: [16]  [210/229]  eta: 0:00:20  loss: 0.2498 (0.2465)  IoU (F channel): 0.3312 (0.3192)  IoU (C channel): 0.4063 (0.3598)  L1 (Db channel): 0.0575 (0.0625)  L1 (Dn channel): 0.3111 (0.3011)  lr: 0.001510  iter-time: 1.0939
[23:27:11.869812] Epoch: [16]  [220/229]  eta: 0:00:09  loss: 0.2498 (0.2465)  IoU (F channel): 0.3284 (0.3180)  IoU (C channel): 0.3515 (0.3582)  L1 (Db channel): 0.0592 (0.0624)  L1 (Dn channel): 0.3007 (0.3008)  lr: 0.001504  iter-time: 1.0933
[23:27:20.334666] Epoch: [16]  [228/229]  eta: 0:00:01  loss: 0.2420 (0.2460)  IoU (F channel): 0.3374 (0.3192)  IoU (C channel): 0.3600 (0.3595)  L1 (Db channel): 0.0608 (0.0624)  L1 (Dn channel): 0.2897 (0.3003)  lr: 0.001499  iter-time: 1.0792
[23:27:20.334830] Epoch: [16] Total time: 0:04:11 (1.0988 s / it)
[23:27:20.334884] [Train] averaged stats: loss: 0.2420 (0.2460)  IoU (F channel): 0.3374 (0.3192)  IoU (C channel): 0.3600 (0.3595)  L1 (Db channel): 0.0608 (0.0624)  L1 (Dn channel): 0.2897 (0.3003)  lr: 0.001499
[23:27:22.029253] Epoch: [16]  [ 0/26]  eta: 0:00:44  loss: 0.0028 (0.0028)  IoU (F channel): 0.0000 (0.0000)  IoU (C channel): 0.0000 (0.0000)  L1 (Db channel): 0.0618 (0.0618)  L1 (Dn channel): 0.2827 (0.2827)  iter-time: 1.6931
[23:27:25.592006] Epoch: [16]  [10/26]  eta: 0:00:07  loss: 0.2653 (0.2283)  IoU (F channel): 0.3217 (0.3034)  IoU (C channel): 0.2449 (0.2205)  L1 (Db channel): 0.0624 (0.0624)  L1 (Dn channel): 0.2802 (0.2798)  iter-time: 0.4778
[23:27:29.070713] Epoch: [16]  [20/26]  eta: 0:00:02  loss: 0.2653 (0.2449)  IoU (F channel): 0.2540 (0.2466)  IoU (C channel): 0.2274 (0.2009)  L1 (Db channel): 0.0624 (0.0623)  L1 (Dn channel): 0.2802 (0.2802)  iter-time: 0.3520
[23:27:30.733813] Epoch: [16]  [25/26]  eta: 0:00:00  loss: 0.2761 (0.2673)  IoU (F channel): 0.2540 (0.2332)  IoU (C channel): 0.2274 (0.1938)  L1 (Db channel): 0.0623 (0.0623)  L1 (Dn channel): 0.2784 (0.2808)  iter-time: 0.3444
[23:27:30.733940] Epoch: [16] Total time: 0:00:10 (0.3999 s / it)
[23:27:30.733962] [Val] averaged stats: loss: 0.2761 (0.2673)  IoU (F channel): 0.2540 (0.2332)  IoU (C channel): 0.2274 (0.1938)  L1 (Db channel): 0.0623 (0.0623)  L1 (Dn channel): 0.2784 (0.2808)
[23:27:30.734192] Val loss improved from 0.29278597930589545 to 0.2673493687582847, saving model to metrics/biapy/biapy-v2-channel-scale/checkpoints/biapy-v2-channel-scale_0-checkpoint-best.pth
[23:27:31.136778] [Val] best loss: 0.2673 best  IoU (F channel): 0.2332 IoU (C channel): 0.1938 L1 (Db channel): 0.0623 L1 (Dn channel): 0.2808 
[23:27:31.146453] [Time] 4.4m 1.2h/2.3h

[23:27:31.146484] ~~~ Epoch 17/30 ~~~

[23:27:33.526881] Epoch: [17]  [  0/229]  eta: 0:09:04  loss: 0.1365 (0.1365)  IoU (F channel): 0.2270 (0.2270)  IoU (C channel): 0.2667 (0.2667)  L1 (Db channel): 0.0623 (0.0623)  L1 (Dn channel): 0.2796 (0.2796)  lr: 0.001499  iter-time: 2.3785
[23:27:44.498108] Epoch: [17]  [ 10/229]  eta: 0:04:25  loss: 0.2155 (0.2260)  IoU (F channel): 0.2797 (0.3352)  IoU (C channel): 0.3139 (0.3261)  L1 (Db channel): 0.0570 (0.0579)  L1 (Dn channel): 0.2803 (0.2805)  lr: 0.001493  iter-time: 1.2135
[23:27:55.434521] Epoch: [17]  [ 20/229]  eta: 0:04:01  loss: 0.2227 (0.2256)  IoU (F channel): 0.3270 (0.3344)  IoU (C channel): 0.3655 (0.3563)  L1 (Db channel): 0.0563 (0.0572)  L1 (Dn channel): 0.2822 (0.2817)  lr: 0.001488  iter-time: 1.0952
[23:28:06.384269] Epoch: [17]  [ 30/229]  eta: 0:03:46  loss: 0.2104 (0.2230)  IoU (F channel): 0.3074 (0.3133)  IoU (C channel): 0.3338 (0.3301)  L1 (Db channel): 0.0585 (0.0588)  L1 (Dn channel): 0.2873 (0.2860)  lr: 0.001482  iter-time: 1.0942
[23:28:17.317796] Epoch: [17]  [ 40/229]  eta: 0:03:32  loss: 0.1966 (0.2238)  IoU (F channel): 0.2911 (0.3233)  IoU (C channel): 0.3263 (0.3410)  L1 (Db channel): 0.0628 (0.0599)  L1 (Dn channel): 0.2988 (0.2897)  lr: 0.001476  iter-time: 1.0940
[23:28:28.262070] Epoch: [17]  [ 50/229]  eta: 0:03:20  loss: 0.2336 (0.2397)  IoU (F channel): 0.3305 (0.3238)  IoU (C channel): 0.3766 (0.3450)  L1 (Db channel): 0.0613 (0.0596)  L1 (Dn channel): 0.3021 (0.2927)  lr: 0.001470  iter-time: 1.0938
[23:28:39.208092] Epoch: [17]  [ 60/229]  eta: 0:03:08  loss: 0.2358 (0.2364)  IoU (F channel): 0.3355 (0.3300)  IoU (C channel): 0.3868 (0.3577)  L1 (Db channel): 0.0558 (0.0589)  L1 (Dn channel): 0.3004 (0.2937)  lr: 0.001465  iter-time: 1.0944
[23:28:50.146250] Epoch: [17]  [ 70/229]  eta: 0:02:56  loss: 0.1911 (0.2380)  IoU (F channel): 0.3253 (0.3263)  IoU (C channel): 0.3576 (0.3566)  L1 (Db channel): 0.0568 (0.0596)  L1 (Dn channel): 0.3004 (0.2949)  lr: 0.001459  iter-time: 1.0941
[23:29:01.091888] Epoch: [17]  [ 80/229]  eta: 0:02:45  loss: 0.1911 (0.2359)  IoU (F channel): 0.3123 (0.3270)  IoU (C channel): 0.3487 (0.3565)  L1 (Db channel): 0.0645 (0.0601)  L1 (Dn channel): 0.3035 (0.2960)  lr: 0.001453  iter-time: 1.0941
[23:29:12.037105] Epoch: [17]  [ 90/229]  eta: 0:02:34  loss: 0.2014 (0.2363)  IoU (F channel): 0.3103 (0.3239)  IoU (C channel): 0.3596 (0.3546)  L1 (Db channel): 0.0645 (0.0607)  L1 (Dn channel): 0.2996 (0.2962)  lr: 0.001447  iter-time: 1.0944
[23:29:22.983804] Epoch: [17]  [100/229]  eta: 0:02:22  loss: 0.2311 (0.2375)  IoU (F channel): 0.2925 (0.3230)  IoU (C channel): 0.3237 (0.3538)  L1 (Db channel): 0.0592 (0.0603)  L1 (Dn channel): 0.2933 (0.2952)  lr: 0.001441  iter-time: 1.0945
[23:29:33.918979] Epoch: [17]  [110/229]  eta: 0:02:11  loss: 0.2401 (0.2372)  IoU (F channel): 0.2791 (0.3200)  IoU (C channel): 0.3142 (0.3499)  L1 (Db channel): 0.0589 (0.0603)  L1 (Dn channel): 0.2862 (0.2943)  lr: 0.001435  iter-time: 1.0940
[23:29:44.862002] Epoch: [17]  [120/229]  eta: 0:02:00  loss: 0.2394 (0.2387)  IoU (F channel): 0.2683 (0.3161)  IoU (C channel): 0.3206 (0.3470)  L1 (Db channel): 0.0588 (0.0600)  L1 (Dn channel): 0.2895 (0.2940)  lr: 0.001429  iter-time: 1.0938
[23:29:55.802762] Epoch: [17]  [130/229]  eta: 0:01:49  loss: 0.2134 (0.2382)  IoU (F channel): 0.3005 (0.3184)  IoU (C channel): 0.3303 (0.3476)  L1 (Db channel): 0.0542 (0.0595)  L1 (Dn channel): 0.2885 (0.2931)  lr: 0.001424  iter-time: 1.0940
[23:30:06.755030] Epoch: [17]  [140/229]  eta: 0:01:38  loss: 0.2312 (0.2374)  IoU (F channel): 0.3334 (0.3202)  IoU (C channel): 0.3493 (0.3461)  L1 (Db channel): 0.0587 (0.0596)  L1 (Dn channel): 0.2792 (0.2920)  lr: 0.001418  iter-time: 1.0945
[23:30:17.689997] Epoch: [17]  [150/229]  eta: 0:01:27  loss: 0.2385 (0.2378)  IoU (F channel): 0.3257 (0.3191)  IoU (C channel): 0.3202 (0.3444)  L1 (Db channel): 0.0612 (0.0597)  L1 (Dn channel): 0.2792 (0.2913)  lr: 0.001412  iter-time: 1.0942
[23:30:28.630774] Epoch: [17]  [160/229]  eta: 0:01:16  loss: 0.2385 (0.2379)  IoU (F channel): 0.3302 (0.3213)  IoU (C channel): 0.3570 (0.3473)  L1 (Db channel): 0.0619 (0.0601)  L1 (Dn channel): 0.2886 (0.2921)  lr: 0.001406  iter-time: 1.0937
[23:30:39.582492] Epoch: [17]  [170/229]  eta: 0:01:05  loss: 0.2047 (0.2383)  IoU (F channel): 0.3466 (0.3211)  IoU (C channel): 0.3835 (0.3481)  L1 (Db channel): 0.0652 (0.0604)  L1 (Dn channel): 0.3118 (0.2933)  lr: 0.001400  iter-time: 1.0945
[23:30:50.538960] Epoch: [17]  [180/229]  eta: 0:00:53  loss: 0.2366 (0.2403)  IoU (F channel): 0.3032 (0.3209)  IoU (C channel): 0.3660 (0.3486)  L1 (Db channel): 0.0624 (0.0605)  L1 (Dn channel): 0.3118 (0.2942)  lr: 0.001394  iter-time: 1.0953
[23:31:01.464484] Epoch: [17]  [190/229]  eta: 0:00:42  loss: 0.2257 (0.2381)  IoU (F channel): 0.2842 (0.3211)  IoU (C channel): 0.3556 (0.3499)  L1 (Db channel): 0.0628 (0.0609)  L1 (Dn channel): 0.3107 (0.2951)  lr: 0.001388  iter-time: 1.0940
[23:31:12.422701] Epoch: [17]  [200/229]  eta: 0:00:31  loss: 0.2163 (0.2393)  IoU (F channel): 0.2750 (0.3183)  IoU (C channel): 0.3343 (0.3490)  L1 (Db channel): 0.0715 (0.0615)  L1 (Dn channel): 0.3166 (0.2963)  lr: 0.001382  iter-time: 1.0940
[23:31:23.365639] Epoch: [17]  [210/229]  eta: 0:00:20  loss: 0.2617 (0.2415)  IoU (F channel): 0.3108 (0.3211)  IoU (C channel): 0.3696 (0.3504)  L1 (Db channel): 0.0641 (0.0615)  L1 (Dn channel): 0.3160 (0.2970)  lr: 0.001376  iter-time: 1.0949
[23:31:34.301495] Epoch: [17]  [220/229]  eta: 0:00:09  loss: 0.2066 (0.2395)  IoU (F channel): 0.3108 (0.3199)  IoU (C channel): 0.3746 (0.3508)  L1 (Db channel): 0.0636 (0.0618)  L1 (Dn channel): 0.3114 (0.2977)  lr: 0.001370  iter-time: 1.0938
[23:31:42.759111] Epoch: [17]  [228/229]  eta: 0:00:01  loss: 0.1968 (0.2388)  IoU (F channel): 0.3044 (0.3197)  IoU (C channel): 0.3594 (0.3503)  L1 (Db channel): 0.0698 (0.0624)  L1 (Dn channel): 0.3110 (0.2982)  lr: 0.001365  iter-time: 1.0790
[23:31:42.759219] Epoch: [17] Total time: 0:04:11 (1.0987 s / it)
[23:31:42.759256] [Train] averaged stats: loss: 0.1968 (0.2388)  IoU (F channel): 0.3044 (0.3197)  IoU (C channel): 0.3594 (0.3503)  L1 (Db channel): 0.0698 (0.0624)  L1 (Dn channel): 0.3110 (0.2982)  lr: 0.001365
[23:31:44.470319] Epoch: [17]  [ 0/26]  eta: 0:00:44  loss: 0.0021 (0.0021)  IoU (F channel): 0.0000 (0.0000)  IoU (C channel): 0.0000 (0.0000)  L1 (Db channel): 0.0705 (0.0705)  L1 (Dn channel): 0.3078 (0.3078)  iter-time: 1.7099
[23:31:48.068162] Epoch: [17]  [10/26]  eta: 0:00:07  loss: 0.2471 (0.2301)  IoU (F channel): 0.4076 (0.3636)  IoU (C channel): 0.3887 (0.2745)  L1 (Db channel): 0.0704 (0.0703)  L1 (Dn channel): 0.3149 (0.3138)  iter-time: 0.4825
[23:31:51.554599] Epoch: [17]  [20/26]  eta: 0:00:02  loss: 0.2472 (0.2489)  IoU (F channel): 0.3800 (0.3178)  IoU (C channel): 0.3563 (0.2676)  L1 (Db channel): 0.0705 (0.0704)  L1 (Dn channel): 0.3151 (0.3144)  iter-time: 0.3542
[23:31:53.222342] Epoch: [17]  [25/26]  eta: 0:00:00  loss: 0.2690 (0.2838)  IoU (F channel): 0.3354 (0.2871)  IoU (C channel): 0.3332 (0.2413)  L1 (Db channel): 0.0707 (0.0704)  L1 (Dn channel): 0.3156 (0.3144)  iter-time: 0.3450
[23:31:53.222584] Epoch: [17] Total time: 0:00:10 (0.4024 s / it)
[23:31:53.222634] [Val] averaged stats: loss: 0.2690 (0.2838)  IoU (F channel): 0.3354 (0.2871)  IoU (C channel): 0.3332 (0.2413)  L1 (Db channel): 0.0707 (0.0704)  L1 (Dn channel): 0.3156 (0.3144)
[23:31:53.223004] [Val] best loss: 0.2673 best  IoU (F channel): 0.2332 IoU (C channel): 0.1938 L1 (Db channel): 0.0623 L1 (Dn channel): 0.2808 
EarlyStopping counter: 1 out of 10
[23:31:53.235072] [Time] 4.4m 1.3h/2.3h

[23:31:53.235090] ~~~ Epoch 18/30 ~~~

[23:31:56.125001] Epoch: [18]  [  0/229]  eta: 0:11:01  loss: 0.1481 (0.1481)  IoU (F channel): 0.2853 (0.2853)  IoU (C channel): 0.3973 (0.3973)  L1 (Db channel): 0.0708 (0.0708)  L1 (Dn channel): 0.3127 (0.3127)  lr: 0.001364  iter-time: 2.8879
[23:32:07.053979] Epoch: [18]  [ 10/229]  eta: 0:04:35  loss: 0.2109 (0.2428)  IoU (F channel): 0.2931 (0.3026)  IoU (C channel): 0.3786 (0.3788)  L1 (Db channel): 0.0660 (0.0662)  L1 (Dn channel): 0.3193 (0.3188)  lr: 0.001358  iter-time: 1.2560
[23:32:17.995942] Epoch: [18]  [ 20/229]  eta: 0:04:06  loss: 0.2061 (0.2327)  IoU (F channel): 0.2978 (0.3197)  IoU (C channel): 0.3818 (0.3886)  L1 (Db channel): 0.0641 (0.0648)  L1 (Dn channel): 0.3180 (0.3182)  lr: 0.001352  iter-time: 1.0934
[23:32:28.934671] Epoch: [18]  [ 30/229]  eta: 0:03:49  loss: 0.2009 (0.2338)  IoU (F channel): 0.3160 (0.3182)  IoU (C channel): 0.3862 (0.3826)  L1 (Db channel): 0.0631 (0.0643)  L1 (Dn channel): 0.3147 (0.3164)  lr: 0.001346  iter-time: 1.0939
[23:32:39.888736] Epoch: [18]  [ 40/229]  eta: 0:03:35  loss: 0.2028 (0.2446)  IoU (F channel): 0.3120 (0.3183)  IoU (C channel): 0.3552 (0.3769)  L1 (Db channel): 0.0642 (0.0665)  L1 (Dn channel): 0.3085 (0.3124)  lr: 0.001340  iter-time: 1.0945
[23:32:50.828921] Epoch: [18]  [ 50/229]  eta: 0:03:22  loss: 0.2197 (0.2421)  IoU (F channel): 0.3309 (0.3264)  IoU (C channel): 0.3473 (0.3723)  L1 (Db channel): 0.0650 (0.0653)  L1 (Dn channel): 0.2911 (0.3079)  lr: 0.001334  iter-time: 1.0946
[23:33:01.774143] Epoch: [18]  [ 60/229]  eta: 0:03:09  loss: 0.2063 (0.2378)  IoU (F channel): 0.3373 (0.3236)  IoU (C channel): 0.3449 (0.3668)  L1 (Db channel): 0.0648 (0.0653)  L1 (Dn channel): 0.2897 (0.3052)  lr: 0.001327  iter-time: 1.0941
[23:33:12.718439] Epoch: [18]  [ 70/229]  eta: 0:02:57  loss: 0.2063 (0.2362)  IoU (F channel): 0.2808 (0.3171)  IoU (C channel): 0.2970 (0.3568)  L1 (Db channel): 0.0664 (0.0661)  L1 (Dn channel): 0.2916 (0.3034)  lr: 0.001321  iter-time: 1.0943
[23:33:23.659622] Epoch: [18]  [ 80/229]  eta: 0:02:46  loss: 0.2033 (0.2349)  IoU (F channel): 0.2860 (0.3171)  IoU (C channel): 0.3382 (0.3598)  L1 (Db channel): 0.0707 (0.0666)  L1 (Dn channel): 0.2952 (0.3028)  lr: 0.001315  iter-time: 1.0941
[23:33:34.608197] Epoch: [18]  [ 90/229]  eta: 0:02:34  loss: 0.2046 (0.2338)  IoU (F channel): 0.2860 (0.3100)  IoU (C channel): 0.3329 (0.3516)  L1 (Db channel): 0.0667 (0.0664)  L1 (Dn channel): 0.3005 (0.3027)  lr: 0.001309  iter-time: 1.0944
[23:33:45.534951] Epoch: [18]  [100/229]  eta: 0:02:23  loss: 0.2088 (0.2330)  IoU (F channel): 0.2884 (0.3158)  IoU (C channel): 0.3328 (0.3577)  L1 (Db channel): 0.0652 (0.0664)  L1 (Dn channel): 0.3005 (0.3023)  lr: 0.001303  iter-time: 1.0937
[23:33:56.493016] Epoch: [18]  [110/229]  eta: 0:02:12  loss: 0.2300 (0.2348)  IoU (F channel): 0.3016 (0.3125)  IoU (C channel): 0.3782 (0.3571)  L1 (Db channel): 0.0675 (0.0666)  L1 (Dn channel): 0.2991 (0.3021)  lr: 0.001296  iter-time: 1.0941
[23:34:07.437943] Epoch: [18]  [120/229]  eta: 0:02:00  loss: 0.2038 (0.2323)  IoU (F channel): 0.3381 (0.3191)  IoU (C channel): 0.3973 (0.3629)  L1 (Db channel): 0.0674 (0.0665)  L1 (Dn channel): 0.3008 (0.3020)  lr: 0.001290  iter-time: 1.0950
[23:34:18.379083] Epoch: [18]  [130/229]  eta: 0:01:49  loss: 0.1910 (0.2313)  IoU (F channel): 0.3381 (0.3173)  IoU (C channel): 0.3926 (0.3611)  L1 (Db channel): 0.0672 (0.0666)  L1 (Dn channel): 0.3002 (0.3017)  lr: 0.001284  iter-time: 1.0942
[23:34:29.320286] Epoch: [18]  [140/229]  eta: 0:01:38  loss: 0.1982 (0.2288)  IoU (F channel): 0.3122 (0.3205)  IoU (C channel): 0.3466 (0.3623)  L1 (Db channel): 0.0675 (0.0667)  L1 (Dn channel): 0.2975 (0.3015)  lr: 0.001278  iter-time: 1.0940
[23:34:40.271255] Epoch: [18]  [150/229]  eta: 0:01:27  loss: 0.2286 (0.2313)  IoU (F channel): 0.3279 (0.3197)  IoU (C channel): 0.3874 (0.3627)  L1 (Db channel): 0.0700 (0.0672)  L1 (Dn channel): 0.3041 (0.3019)  lr: 0.001271  iter-time: 1.0945
[23:34:51.203897] Epoch: [18]  [160/229]  eta: 0:01:16  loss: 0.1997 (0.2277)  IoU (F channel): 0.3334 (0.3228)  IoU (C channel): 0.3874 (0.3660)  L1 (Db channel): 0.0710 (0.0672)  L1 (Dn channel): 0.3047 (0.3018)  lr: 0.001265  iter-time: 1.0941
[23:35:02.152043] Epoch: [18]  [170/229]  eta: 0:01:05  loss: 0.1841 (0.2263)  IoU (F channel): 0.3189 (0.3213)  IoU (C channel): 0.3759 (0.3641)  L1 (Db channel): 0.0645 (0.0670)  L1 (Dn channel): 0.2974 (0.3014)  lr: 0.001259  iter-time: 1.0939
[23:35:13.098497] Epoch: [18]  [180/229]  eta: 0:00:54  loss: 0.2076 (0.2264)  IoU (F channel): 0.3104 (0.3236)  IoU (C channel): 0.3465 (0.3661)  L1 (Db channel): 0.0612 (0.0666)  L1 (Dn channel): 0.2945 (0.3010)  lr: 0.001252  iter-time: 1.0946
[23:35:24.046068] Epoch: [18]  [190/229]  eta: 0:00:43  loss: 0.2083 (0.2284)  IoU (F channel): 0.3275 (0.3234)  IoU (C channel): 0.3843 (0.3657)  L1 (Db channel): 0.0604 (0.0663)  L1 (Dn channel): 0.2937 (0.3006)  lr: 0.001246  iter-time: 1.0946
[23:35:34.983687] Epoch: [18]  [200/229]  eta: 0:00:31  loss: 0.2335 (0.2298)  IoU (F channel): 0.3173 (0.3249)  IoU (C channel): 0.3698 (0.3676)  L1 (Db channel): 0.0621 (0.0662)  L1 (Dn channel): 0.2946 (0.3005)  lr: 0.001240  iter-time: 1.0941
[23:35:45.938329] Epoch: [18]  [210/229]  eta: 0:00:20  loss: 0.2232 (0.2297)  IoU (F channel): 0.3173 (0.3256)  IoU (C channel): 0.3698 (0.3674)  L1 (Db channel): 0.0683 (0.0664)  L1 (Dn channel): 0.2996 (0.3004)  lr: 0.001233  iter-time: 1.0944
[23:35:56.876583] Epoch: [18]  [220/229]  eta: 0:00:09  loss: 0.2215 (0.2298)  IoU (F channel): 0.3718 (0.3273)  IoU (C channel): 0.3911 (0.3693)  L1 (Db channel): 0.0682 (0.0663)  L1 (Dn channel): 0.3001 (0.3004)  lr: 0.001227  iter-time: 1.0945
[23:36:05.340953] Epoch: [18]  [228/229]  eta: 0:00:01  loss: 0.2071 (0.2304)  IoU (F channel): 0.3221 (0.3274)  IoU (C channel): 0.3869 (0.3682)  L1 (Db channel): 0.0660 (0.0663)  L1 (Dn channel): 0.3004 (0.3005)  lr: 0.001222  iter-time: 1.0794
[23:36:05.341148] Epoch: [18] Total time: 0:04:12 (1.1009 s / it)
[23:36:05.341193] [Train] averaged stats: loss: 0.2071 (0.2304)  IoU (F channel): 0.3221 (0.3274)  IoU (C channel): 0.3869 (0.3682)  L1 (Db channel): 0.0660 (0.0663)  L1 (Dn channel): 0.3004 (0.3005)  lr: 0.001222
[23:36:07.048621] Epoch: [18]  [ 0/26]  eta: 0:00:44  loss: 0.0020 (0.0020)  IoU (F channel): 0.0000 (0.0000)  IoU (C channel): 0.0000 (0.0000)  L1 (Db channel): 0.0708 (0.0708)  L1 (Dn channel): 0.2991 (0.2991)  iter-time: 1.7063
[23:36:10.764383] Epoch: [18]  [10/26]  eta: 0:00:07  loss: 0.2495 (0.2255)  IoU (F channel): 0.3694 (0.3500)  IoU (C channel): 0.3285 (0.2625)  L1 (Db channel): 0.0708 (0.0707)  L1 (Dn channel): 0.2991 (0.2986)  iter-time: 0.4929
[23:36:14.245832] Epoch: [18]  [20/26]  eta: 0:00:02  loss: 0.2495 (0.2377)  IoU (F channel): 0.3250 (0.2965)  IoU (C channel): 0.3057 (0.2429)  L1 (Db channel): 0.0705 (0.0707)  L1 (Dn channel): 0.2996 (0.2994)  iter-time: 0.3598
[23:36:15.909869] Epoch: [18]  [25/26]  eta: 0:00:00  loss: 0.2589 (0.2613)  IoU (F channel): 0.3414 (0.2817)  IoU (C channel): 0.3057 (0.2330)  L1 (Db channel): 0.0704 (0.0707)  L1 (Dn channel): 0.2998 (0.2999)  iter-time: 0.3446
[23:36:15.910009] Epoch: [18] Total time: 0:00:10 (0.4065 s / it)
[23:36:15.910031] [Val] averaged stats: loss: 0.2589 (0.2613)  IoU (F channel): 0.3414 (0.2817)  IoU (C channel): 0.3057 (0.2330)  L1 (Db channel): 0.0704 (0.0707)  L1 (Dn channel): 0.2998 (0.2999)
[23:36:15.910245] Val loss improved from 0.2673493687582847 to 0.26129346260299474, saving model to metrics/biapy/biapy-v2-channel-scale/checkpoints/biapy-v2-channel-scale_0-checkpoint-best.pth
[23:36:16.012218] [Val] best loss: 0.2613 best  IoU (F channel): 0.2817 IoU (C channel): 0.2330 L1 (Db channel): 0.0707 L1 (Dn channel): 0.2999 
[23:36:16.019980] [Time] 4.4m 1.3h/2.3h

[23:36:16.020003] ~~~ Epoch 19/30 ~~~

[23:36:18.357051] Epoch: [19]  [  0/229]  eta: 0:08:54  loss: 0.2083 (0.2083)  IoU (F channel): 0.2955 (0.2955)  IoU (C channel): 0.3572 (0.3572)  L1 (Db channel): 0.0702 (0.0702)  L1 (Dn channel): 0.2999 (0.2999)  lr: 0.001221  iter-time: 2.3357
[23:36:29.299995] Epoch: [19]  [ 10/229]  eta: 0:04:24  loss: 0.2106 (0.2183)  IoU (F channel): 0.3737 (0.3737)  IoU (C channel): 0.4673 (0.4535)  L1 (Db channel): 0.0747 (0.0746)  L1 (Dn channel): 0.3003 (0.3005)  lr: 0.001215  iter-time: 1.2070
[23:36:40.238046] Epoch: [19]  [ 20/229]  eta: 0:04:00  loss: 0.1942 (0.2039)  IoU (F channel): 0.3323 (0.3437)  IoU (C channel): 0.4078 (0.4102)  L1 (Db channel): 0.0735 (0.0737)  L1 (Dn channel): 0.3028 (0.3026)  lr: 0.001208  iter-time: 1.0939
[23:36:51.175120] Epoch: [19]  [ 30/229]  eta: 0:03:45  loss: 0.1843 (0.2011)  IoU (F channel): 0.3320 (0.3343)  IoU (C channel): 0.3652 (0.3903)  L1 (Db channel): 0.0718 (0.0730)  L1 (Dn channel): 0.3052 (0.3044)  lr: 0.001202  iter-time: 1.0936
[23:37:02.125516] Epoch: [19]  [ 40/229]  eta: 0:03:32  loss: 0.1755 (0.1965)  IoU (F channel): 0.3039 (0.3263)  IoU (C channel): 0.3541 (0.3839)  L1 (Db channel): 0.0699 (0.0722)  L1 (Dn channel): 0.3154 (0.3098)  lr: 0.001196  iter-time: 1.0943
[23:37:13.062031] Epoch: [19]  [ 50/229]  eta: 0:03:20  loss: 0.1778 (0.2046)  IoU (F channel): 0.2906 (0.3240)  IoU (C channel): 0.3455 (0.3765)  L1 (Db channel): 0.0692 (0.0714)  L1 (Dn channel): 0.3222 (0.3122)  lr: 0.001189  iter-time: 1.0942
[23:37:24.008611] Epoch: [19]  [ 60/229]  eta: 0:03:08  loss: 0.2066 (0.2133)  IoU (F channel): 0.3337 (0.3331)  IoU (C channel): 0.3488 (0.3750)  L1 (Db channel): 0.0649 (0.0701)  L1 (Dn channel): 0.3182 (0.3130)  lr: 0.001183  iter-time: 1.0940
[23:37:34.945951] Epoch: [19]  [ 70/229]  eta: 0:02:56  loss: 0.2400 (0.2198)  IoU (F channel): 0.3337 (0.3328)  IoU (C channel): 0.3730 (0.3735)  L1 (Db channel): 0.0634 (0.0692)  L1 (Dn channel): 0.3113 (0.3119)  lr: 0.001176  iter-time: 1.0941
[23:37:45.896334] Epoch: [19]  [ 80/229]  eta: 0:02:45  loss: 0.2437 (0.2203)  IoU (F channel): 0.2936 (0.3331)  IoU (C channel): 0.3730 (0.3747)  L1 (Db channel): 0.0589 (0.0677)  L1 (Dn channel): 0.3064 (0.3115)  lr: 0.001170  iter-time: 1.0942
[23:37:56.842090] Epoch: [19]  [ 90/229]  eta: 0:02:33  loss: 0.2058 (0.2227)  IoU (F channel): 0.3071 (0.3317)  IoU (C channel): 0.3452 (0.3716)  L1 (Db channel): 0.0593 (0.0670)  L1 (Dn channel): 0.3080 (0.3111)  lr: 0.001164  iter-time: 1.0947
[23:38:07.789579] Epoch: [19]  [100/229]  eta: 0:02:22  loss: 0.2211 (0.2262)  IoU (F channel): 0.3071 (0.3297)  IoU (C channel): 0.3470 (0.3722)  L1 (Db channel): 0.0596 (0.0660)  L1 (Dn channel): 0.3051 (0.3092)  lr: 0.001157  iter-time: 1.0945
[23:38:18.727879] Epoch: [19]  [110/229]  eta: 0:02:11  loss: 0.1891 (0.2217)  IoU (F channel): 0.3120 (0.3287)  IoU (C channel): 0.3875 (0.3718)  L1 (Db channel): 0.0602 (0.0658)  L1 (Dn channel): 0.2800 (0.3064)  lr: 0.001151  iter-time: 1.0941
[23:38:29.699028] Epoch: [19]  [120/229]  eta: 0:02:00  loss: 0.1878 (0.2241)  IoU (F channel): 0.3402 (0.3304)  IoU (C channel): 0.3904 (0.3736)  L1 (Db channel): 0.0600 (0.0651)  L1 (Dn channel): 0.2791 (0.3042)  lr: 0.001144  iter-time: 1.0953
[23:38:40.634732] Epoch: [19]  [130/229]  eta: 0:01:49  loss: 0.2132 (0.2235)  IoU (F channel): 0.3493 (0.3349)  IoU (C channel): 0.4183 (0.3773)  L1 (Db channel): 0.0562 (0.0643)  L1 (Dn channel): 0.2801 (0.3023)  lr: 0.001138  iter-time: 1.0952
[23:38:51.573910] Epoch: [19]  [140/229]  eta: 0:01:38  loss: 0.2273 (0.2256)  IoU (F channel): 0.3253 (0.3309)  IoU (C channel): 0.3762 (0.3721)  L1 (Db channel): 0.0562 (0.0645)  L1 (Dn channel): 0.2794 (0.3007)  lr: 0.001131  iter-time: 1.0936
[23:39:02.515031] Epoch: [19]  [150/229]  eta: 0:01:27  loss: 0.2373 (0.2262)  IoU (F channel): 0.3648 (0.3348)  IoU (C channel): 0.3272 (0.3726)  L1 (Db channel): 0.0699 (0.0648)  L1 (Dn channel): 0.2809 (0.2995)  lr: 0.001125  iter-time: 1.0939
[23:39:13.469389] Epoch: [19]  [160/229]  eta: 0:01:16  loss: 0.2339 (0.2276)  IoU (F channel): 0.3067 (0.3299)  IoU (C channel): 0.3272 (0.3675)  L1 (Db channel): 0.0642 (0.0646)  L1 (Dn channel): 0.2836 (0.2985)  lr: 0.001118  iter-time: 1.0946
[23:39:24.405911] Epoch: [19]  [170/229]  eta: 0:01:04  loss: 0.2327 (0.2283)  IoU (F channel): 0.2912 (0.3307)  IoU (C channel): 0.3460 (0.3679)  L1 (Db channel): 0.0560 (0.0640)  L1 (Dn channel): 0.2848 (0.2978)  lr: 0.001112  iter-time: 1.0944
[23:39:35.346976] Epoch: [19]  [180/229]  eta: 0:00:53  loss: 0.2147 (0.2288)  IoU (F channel): 0.3009 (0.3284)  IoU (C channel): 0.3608 (0.3651)  L1 (Db channel): 0.0562 (0.0640)  L1 (Dn channel): 0.2898 (0.2974)  lr: 0.001105  iter-time: 1.0937
[23:39:46.300703] Epoch: [19]  [190/229]  eta: 0:00:42  loss: 0.2024 (0.2287)  IoU (F channel): 0.3126 (0.3311)  IoU (C channel): 0.3405 (0.3659)  L1 (Db channel): 0.0643 (0.0640)  L1 (Dn channel): 0.2920 (0.2972)  lr: 0.001099  iter-time: 1.0946
[23:39:57.243259] Epoch: [19]  [200/229]  eta: 0:00:31  loss: 0.2254 (0.2294)  IoU (F channel): 0.3306 (0.3313)  IoU (C channel): 0.3678 (0.3660)  L1 (Db channel): 0.0595 (0.0637)  L1 (Dn channel): 0.2937 (0.2971)  lr: 0.001092  iter-time: 1.0947
[23:40:08.188907] Epoch: [19]  [210/229]  eta: 0:00:20  loss: 0.2254 (0.2307)  IoU (F channel): 0.3375 (0.3324)  IoU (C channel): 0.3933 (0.3678)  L1 (Db channel): 0.0588 (0.0636)  L1 (Dn channel): 0.3020 (0.2980)  lr: 0.001086  iter-time: 1.0943
[23:40:19.127181] Epoch: [19]  [220/229]  eta: 0:00:09  loss: 0.2366 (0.2319)  IoU (F channel): 0.3465 (0.3331)  IoU (C channel): 0.4104 (0.3681)  L1 (Db channel): 0.0596 (0.0634)  L1 (Dn channel): 0.3105 (0.2986)  lr: 0.001079  iter-time: 1.0940
[23:40:27.588992] Epoch: [19]  [228/229]  eta: 0:00:01  loss: 0.2020 (0.2317)  IoU (F channel): 0.3400 (0.3342)  IoU (C channel): 0.4299 (0.3702)  L1 (Db channel): 0.0592 (0.0632)  L1 (Dn channel): 0.3094 (0.2988)  lr: 0.001074  iter-time: 1.0795
[23:40:27.589093] Epoch: [19] Total time: 0:04:11 (1.0986 s / it)
[23:40:27.589124] [Train] averaged stats: loss: 0.2020 (0.2317)  IoU (F channel): 0.3400 (0.3342)  IoU (C channel): 0.4299 (0.3702)  L1 (Db channel): 0.0592 (0.0632)  L1 (Dn channel): 0.3094 (0.2988)  lr: 0.001074
[23:40:28.909029] Epoch: [19]  [ 0/26]  eta: 0:00:34  loss: 0.0020 (0.0020)  IoU (F channel): 0.0000 (0.0000)  IoU (C channel): 0.0000 (0.0000)  L1 (Db channel): 0.0677 (0.0677)  L1 (Dn channel): 0.3019 (0.3019)  iter-time: 1.3189
[23:40:32.683830] Epoch: [19]  [10/26]  eta: 0:00:07  loss: 0.2797 (0.2475)  IoU (F channel): 0.4597 (0.3960)  IoU (C channel): 0.4207 (0.2940)  L1 (Db channel): 0.0685 (0.0683)  L1 (Dn channel): 0.3019 (0.3020)  iter-time: 0.4630
[23:40:36.164610] Epoch: [19]  [20/26]  eta: 0:00:02  loss: 0.2797 (0.2558)  IoU (F channel): 0.4415 (0.3504)  IoU (C channel): 0.3665 (0.2855)  L1 (Db channel): 0.0685 (0.0685)  L1 (Dn channel): 0.3023 (0.3027)  iter-time: 0.3627
[23:40:37.829524] Epoch: [19]  [25/26]  eta: 0:00:00  loss: 0.3030 (0.2937)  IoU (F channel): 0.3658 (0.3146)  IoU (C channel): 0.3365 (0.2567)  L1 (Db channel): 0.0682 (0.0685)  L1 (Dn channel): 0.3019 (0.3032)  iter-time: 0.3478
[23:40:37.829620] Epoch: [19] Total time: 0:00:10 (0.3938 s / it)
[23:40:37.829642] [Val] averaged stats: loss: 0.3030 (0.2937)  IoU (F channel): 0.3658 (0.3146)  IoU (C channel): 0.3365 (0.2567)  L1 (Db channel): 0.0682 (0.0685)  L1 (Dn channel): 0.3019 (0.3032)
[23:40:37.829832] [Val] best loss: 0.2613 best  IoU (F channel): 0.2817 IoU (C channel): 0.2330 L1 (Db channel): 0.0707 L1 (Dn channel): 0.2999 
EarlyStopping counter: 1 out of 10
[23:40:37.839596] [Time] 4.4m 1.4h/2.3h

[23:40:37.839614] ~~~ Epoch 20/30 ~~~

[23:40:40.338932] Epoch: [20]  [  0/229]  eta: 0:09:24  loss: 0.3921 (0.3921)  IoU (F channel): 0.3907 (0.3907)  IoU (C channel): 0.4309 (0.4309)  L1 (Db channel): 0.0689 (0.0689)  L1 (Dn channel): 0.3022 (0.3022)  lr: 0.001073  iter-time: 2.4630
[23:40:51.300977] Epoch: [20]  [ 10/229]  eta: 0:04:27  loss: 0.2608 (0.2626)  IoU (F channel): 0.3105 (0.3140)  IoU (C channel): 0.3185 (0.3277)  L1 (Db channel): 0.0687 (0.0669)  L1 (Dn channel): 0.2992 (0.2995)  lr: 0.001067  iter-time: 1.2203
[23:41:02.240984] Epoch: [20]  [ 20/229]  eta: 0:04:02  loss: 0.2225 (0.2479)  IoU (F channel): 0.3324 (0.3388)  IoU (C channel): 0.3891 (0.3833)  L1 (Db channel): 0.0621 (0.0644)  L1 (Dn channel): 0.3000 (0.3008)  lr: 0.001060  iter-time: 1.0949
[23:41:13.178076] Epoch: [20]  [ 30/229]  eta: 0:03:46  loss: 0.2052 (0.2362)  IoU (F channel): 0.3347 (0.3228)  IoU (C channel): 0.3818 (0.3512)  L1 (Db channel): 0.0614 (0.0637)  L1 (Dn channel): 0.2998 (0.2997)  lr: 0.001054  iter-time: 1.0937
[23:41:24.126056] Epoch: [20]  [ 40/229]  eta: 0:03:33  loss: 0.2077 (0.2350)  IoU (F channel): 0.3334 (0.3335)  IoU (C channel): 0.3462 (0.3672)  L1 (Db channel): 0.0563 (0.0616)  L1 (Dn channel): 0.3024 (0.3015)  lr: 0.001047  iter-time: 1.0941
[23:41:35.059442] Epoch: [20]  [ 50/229]  eta: 0:03:20  loss: 0.2218 (0.2390)  IoU (F channel): 0.2736 (0.3170)  IoU (C channel): 0.3462 (0.3499)  L1 (Db channel): 0.0565 (0.0619)  L1 (Dn channel): 0.3066 (0.3023)  lr: 0.001041  iter-time: 1.0939
[23:41:46.005464] Epoch: [20]  [ 60/229]  eta: 0:03:08  loss: 0.1983 (0.2339)  IoU (F channel): 0.3537 (0.3321)  IoU (C channel): 0.4224 (0.3685)  L1 (Db channel): 0.0624 (0.0618)  L1 (Dn channel): 0.3062 (0.3033)  lr: 0.001034  iter-time: 1.0938
[23:41:56.950804] Epoch: [20]  [ 70/229]  eta: 0:02:57  loss: 0.1981 (0.2330)  IoU (F channel): 0.3699 (0.3290)  IoU (C channel): 0.4312 (0.3633)  L1 (Db channel): 0.0619 (0.0618)  L1 (Dn channel): 0.3070 (0.3036)  lr: 0.001028  iter-time: 1.0944
[23:42:07.882725] Epoch: [20]  [ 80/229]  eta: 0:02:45  loss: 0.1853 (0.2296)  IoU (F channel): 0.3009 (0.3323)  IoU (C channel): 0.3246 (0.3641)  L1 (Db channel): 0.0582 (0.0611)  L1 (Dn channel): 0.3017 (0.3031)  lr: 0.001021  iter-time: 1.0938
[23:42:18.840443] Epoch: [20]  [ 90/229]  eta: 0:02:34  loss: 0.1853 (0.2277)  IoU (F channel): 0.3434 (0.3315)  IoU (C channel): 0.3755 (0.3649)  L1 (Db channel): 0.0580 (0.0610)  L1 (Dn channel): 0.2998 (0.3029)  lr: 0.001015  iter-time: 1.0944
[23:42:29.789859] Epoch: [20]  [100/229]  eta: 0:02:22  loss: 0.1979 (0.2293)  IoU (F channel): 0.3085 (0.3292)  IoU (C channel): 0.3665 (0.3645)  L1 (Db channel): 0.0620 (0.0613)  L1 (Dn channel): 0.2995 (0.3022)  lr: 0.001008  iter-time: 1.0952
[23:42:40.727715] Epoch: [20]  [110/229]  eta: 0:02:11  loss: 0.1906 (0.2254)  IoU (F channel): 0.3180 (0.3319)  IoU (C channel): 0.3825 (0.3676)  L1 (Db channel): 0.0623 (0.0612)  L1 (Dn channel): 0.2954 (0.3018)  lr: 0.001002  iter-time: 1.0942
[23:42:51.657862] Epoch: [20]  [120/229]  eta: 0:02:00  loss: 0.1906 (0.2266)  IoU (F channel): 0.2884 (0.3268)  IoU (C channel): 0.3583 (0.3636)  L1 (Db channel): 0.0620 (0.0613)  L1 (Dn channel): 0.3025 (0.3021)  lr: 0.000995  iter-time: 1.0933
[23:43:02.618623] Epoch: [20]  [130/229]  eta: 0:01:49  loss: 0.2084 (0.2284)  IoU (F channel): 0.2587 (0.3272)  IoU (C channel): 0.3235 (0.3651)  L1 (Db channel): 0.0626 (0.0614)  L1 (Dn channel): 0.3058 (0.3024)  lr: 0.000989  iter-time: 1.0944
[23:43:13.550019] Epoch: [20]  [140/229]  eta: 0:01:38  loss: 0.1887 (0.2258)  IoU (F channel): 0.3470 (0.3289)  IoU (C channel): 0.4173 (0.3677)  L1 (Db channel): 0.0650 (0.0617)  L1 (Dn channel): 0.3053 (0.3026)  lr: 0.000982  iter-time: 1.0945
[23:43:24.495282] Epoch: [20]  [150/229]  eta: 0:01:27  loss: 0.1662 (0.2245)  IoU (F channel): 0.3470 (0.3304)  IoU (C channel): 0.4168 (0.3706)  L1 (Db channel): 0.0649 (0.0618)  L1 (Dn channel): 0.3044 (0.3027)  lr: 0.000976  iter-time: 1.0937
[23:43:35.435534] Epoch: [20]  [160/229]  eta: 0:01:16  loss: 0.2106 (0.2243)  IoU (F channel): 0.3486 (0.3335)  IoU (C channel): 0.4168 (0.3732)  L1 (Db channel): 0.0613 (0.0616)  L1 (Dn channel): 0.3054 (0.3029)  lr: 0.000969  iter-time: 1.0941
[23:43:46.400088] Epoch: [20]  [170/229]  eta: 0:01:05  loss: 0.2063 (0.2229)  IoU (F channel): 0.3486 (0.3342)  IoU (C channel): 0.3882 (0.3734)  L1 (Db channel): 0.0621 (0.0620)  L1 (Dn channel): 0.3067 (0.3032)  lr: 0.000962  iter-time: 1.0951
[23:43:57.328772] Epoch: [20]  [180/229]  eta: 0:00:53  loss: 0.1749 (0.2213)  IoU (F channel): 0.3202 (0.3335)  IoU (C channel): 0.3712 (0.3732)  L1 (Db channel): 0.0646 (0.0621)  L1 (Dn channel): 0.3060 (0.3033)  lr: 0.000956  iter-time: 1.0946
[23:44:08.282378] Epoch: [20]  [190/229]  eta: 0:00:42  loss: 0.1947 (0.2234)  IoU (F channel): 0.3114 (0.3344)  IoU (C channel): 0.3366 (0.3717)  L1 (Db channel): 0.0622 (0.0621)  L1 (Dn channel): 0.3040 (0.3032)  lr: 0.000949  iter-time: 1.0940
[23:44:19.223480] Epoch: [20]  [200/229]  eta: 0:00:31  loss: 0.2286 (0.2225)  IoU (F channel): 0.3342 (0.3361)  IoU (C channel): 0.3368 (0.3724)  L1 (Db channel): 0.0617 (0.0621)  L1 (Dn channel): 0.3039 (0.3033)  lr: 0.000943  iter-time: 1.0946
[23:44:30.166871] Epoch: [20]  [210/229]  eta: 0:00:20  loss: 0.2014 (0.2214)  IoU (F channel): 0.3273 (0.3350)  IoU (C channel): 0.3368 (0.3717)  L1 (Db channel): 0.0627 (0.0621)  L1 (Dn channel): 0.3056 (0.3035)  lr: 0.000936  iter-time: 1.0941
[23:44:41.104878] Epoch: [20]  [220/229]  eta: 0:00:09  loss: 0.2094 (0.2229)  IoU (F channel): 0.3296 (0.3361)  IoU (C channel): 0.3850 (0.3742)  L1 (Db channel): 0.0621 (0.0621)  L1 (Dn channel): 0.3056 (0.3036)  lr: 0.000930  iter-time: 1.0939
[23:44:49.563721] Epoch: [20]  [228/229]  eta: 0:00:01  loss: 0.2404 (0.2229)  IoU (F channel): 0.3184 (0.3349)  IoU (C channel): 0.3866 (0.3739)  L1 (Db channel): 0.0617 (0.0621)  L1 (Dn channel): 0.3037 (0.3035)  lr: 0.000925  iter-time: 1.0789
[23:44:49.563835] Epoch: [20] Total time: 0:04:11 (1.0992 s / it)
[23:44:49.563872] [Train] averaged stats: loss: 0.2404 (0.2229)  IoU (F channel): 0.3184 (0.3349)  IoU (C channel): 0.3866 (0.3739)  L1 (Db channel): 0.0617 (0.0621)  L1 (Dn channel): 0.3037 (0.3035)  lr: 0.000925
[23:44:50.873077] Epoch: [20]  [ 0/26]  eta: 0:00:34  loss: 0.0016 (0.0016)  IoU (F channel): 0.0000 (0.0000)  IoU (C channel): 0.0000 (0.0000)  L1 (Db channel): 0.0639 (0.0639)  L1 (Dn channel): 0.3048 (0.3048)  iter-time: 1.3084
[23:44:54.587219] Epoch: [20]  [10/26]  eta: 0:00:07  loss: 0.2434 (0.2288)  IoU (F channel): 0.3927 (0.3810)  IoU (C channel): 0.3502 (0.2827)  L1 (Db channel): 0.0633 (0.0633)  L1 (Dn channel): 0.3086 (0.3080)  iter-time: 0.4566
[23:44:58.074426] Epoch: [20]  [20/26]  eta: 0:00:02  loss: 0.2434 (0.2396)  IoU (F channel): 0.3586 (0.3256)  IoU (C channel): 0.3309 (0.2676)  L1 (Db channel): 0.0630 (0.0632)  L1 (Dn channel): 0.3089 (0.3086)  iter-time: 0.3600
[23:44:59.741191] Epoch: [20]  [25/26]  eta: 0:00:00  loss: 0.2741 (0.2688)  IoU (F channel): 0.3418 (0.3032)  IoU (C channel): 0.3252 (0.2505)  L1 (Db channel): 0.0627 (0.0633)  L1 (Dn channel): 0.3086 (0.3089)  iter-time: 0.3468
[23:44:59.741296] Epoch: [20] Total time: 0:00:10 (0.3914 s / it)
[23:44:59.741343] [Val] averaged stats: loss: 0.2741 (0.2688)  IoU (F channel): 0.3418 (0.3032)  IoU (C channel): 0.3252 (0.2505)  L1 (Db channel): 0.0627 (0.0633)  L1 (Dn channel): 0.3086 (0.3089)
[23:44:59.741706] [Val] best loss: 0.2613 best  IoU (F channel): 0.2817 IoU (C channel): 0.2330 L1 (Db channel): 0.0707 L1 (Dn channel): 0.2999 
[23:44:59.753098] Creating training plots . . .
EarlyStopping counter: 2 out of 10
[23:45:06.394781] [Time] 4.5m 1.5h/2.3h

[23:45:06.394805] ~~~ Epoch 21/30 ~~~

[23:45:09.370158] Epoch: [21]  [  0/229]  eta: 0:11:20  loss: 0.2058 (0.2058)  IoU (F channel): 0.2881 (0.2881)  IoU (C channel): 0.3561 (0.3561)  L1 (Db channel): 0.0626 (0.0626)  L1 (Dn channel): 0.3098 (0.3098)  lr: 0.000924  iter-time: 2.9734
[23:45:20.288255] Epoch: [21]  [ 10/229]  eta: 0:04:36  loss: 0.2058 (0.2110)  IoU (F channel): 0.3440 (0.3531)  IoU (C channel): 0.3995 (0.4005)  L1 (Db channel): 0.0645 (0.0647)  L1 (Dn channel): 0.3118 (0.3118)  lr: 0.000917  iter-time: 1.2628
[23:45:31.207849] Epoch: [21]  [ 20/229]  eta: 0:04:06  loss: 0.1809 (0.2113)  IoU (F channel): 0.3392 (0.3637)  IoU (C channel): 0.3973 (0.3914)  L1 (Db channel): 0.0645 (0.0649)  L1 (Dn channel): 0.3128 (0.3125)  lr: 0.000911  iter-time: 1.0918
[23:45:42.148500] Epoch: [21]  [ 30/229]  eta: 0:03:49  loss: 0.1852 (0.2228)  IoU (F channel): 0.3904 (0.3763)  IoU (C channel): 0.4349 (0.4103)  L1 (Db channel): 0.0627 (0.0639)  L1 (Dn channel): 0.3124 (0.3117)  lr: 0.000904  iter-time: 1.0929
[23:45:53.080992] Epoch: [21]  [ 40/229]  eta: 0:03:35  loss: 0.2109 (0.2223)  IoU (F channel): 0.3149 (0.3514)  IoU (C channel): 0.3923 (0.3891)  L1 (Db channel): 0.0644 (0.0653)  L1 (Dn channel): 0.3069 (0.3096)  lr: 0.000898  iter-time: 1.0935
[23:46:04.008259] Epoch: [21]  [ 50/229]  eta: 0:03:22  loss: 0.2122 (0.2238)  IoU (F channel): 0.3149 (0.3556)  IoU (C channel): 0.3908 (0.3968)  L1 (Db channel): 0.0680 (0.0654)  L1 (Dn channel): 0.2987 (0.3068)  lr: 0.000891  iter-time: 1.0929
[23:46:14.948394] Epoch: [21]  [ 60/229]  eta: 0:03:09  loss: 0.2198 (0.2289)  IoU (F channel): 0.3617 (0.3551)  IoU (C channel): 0.3961 (0.3934)  L1 (Db channel): 0.0631 (0.0650)  L1 (Dn channel): 0.2921 (0.3039)  lr: 0.000885  iter-time: 1.0933
[23:46:25.885544] Epoch: [21]  [ 70/229]  eta: 0:02:57  loss: 0.2198 (0.2299)  IoU (F channel): 0.3452 (0.3543)  IoU (C channel): 0.3823 (0.3935)  L1 (Db channel): 0.0631 (0.0648)  L1 (Dn channel): 0.2919 (0.3024)  lr: 0.000878  iter-time: 1.0937
[23:46:36.829520] Epoch: [21]  [ 80/229]  eta: 0:02:46  loss: 0.1936 (0.2271)  IoU (F channel): 0.3505 (0.3514)  IoU (C channel): 0.3973 (0.3907)  L1 (Db channel): 0.0653 (0.0652)  L1 (Dn channel): 0.2941 (0.3021)  lr: 0.000872  iter-time: 1.0939
[23:46:47.764770] Epoch: [21]  [ 90/229]  eta: 0:02:34  loss: 0.1851 (0.2243)  IoU (F channel): 0.3579 (0.3466)  IoU (C channel): 0.3774 (0.3848)  L1 (Db channel): 0.0653 (0.0651)  L1 (Dn channel): 0.3077 (0.3034)  lr: 0.000866  iter-time: 1.0938
[23:46:58.717009] Epoch: [21]  [100/229]  eta: 0:02:23  loss: 0.1703 (0.2215)  IoU (F channel): 0.3389 (0.3459)  IoU (C channel): 0.3837 (0.3860)  L1 (Db channel): 0.0628 (0.0647)  L1 (Dn channel): 0.3152 (0.3047)  lr: 0.000859  iter-time: 1.0942
[23:47:09.658911] Epoch: [21]  [110/229]  eta: 0:02:12  loss: 0.1650 (0.2172)  IoU (F channel): 0.2962 (0.3383)  IoU (C channel): 0.3507 (0.3765)  L1 (Db channel): 0.0603 (0.0643)  L1 (Dn channel): 0.3160 (0.3057)  lr: 0.000853  iter-time: 1.0946
[23:47:20.595728] Epoch: [21]  [120/229]  eta: 0:02:00  loss: 0.1877 (0.2200)  IoU (F channel): 0.2829 (0.3353)  IoU (C channel): 0.3224 (0.3735)  L1 (Db channel): 0.0607 (0.0641)  L1 (Dn channel): 0.3138 (0.3063)  lr: 0.000846  iter-time: 1.0938
[23:47:31.546808] Epoch: [21]  [130/229]  eta: 0:01:49  loss: 0.2326 (0.2207)  IoU (F channel): 0.3495 (0.3423)  IoU (C channel): 0.4079 (0.3794)  L1 (Db channel): 0.0638 (0.0643)  L1 (Dn channel): 0.3109 (0.3061)  lr: 0.000840  iter-time: 1.0942
[23:47:42.489479] Epoch: [21]  [140/229]  eta: 0:01:38  loss: 0.1928 (0.2195)  IoU (F channel): 0.3473 (0.3393)  IoU (C channel): 0.3313 (0.3736)  L1 (Db channel): 0.0677 (0.0645)  L1 (Dn channel): 0.2969 (0.3051)  lr: 0.000833  iter-time: 1.0945
[23:47:53.427171] Epoch: [21]  [150/229]  eta: 0:01:27  loss: 0.1855 (0.2192)  IoU (F channel): 0.2803 (0.3411)  IoU (C channel): 0.3056 (0.3730)  L1 (Db channel): 0.0656 (0.0645)  L1 (Dn channel): 0.2929 (0.3045)  lr: 0.000827  iter-time: 1.0939
[23:48:04.367282] Epoch: [21]  [160/229]  eta: 0:01:16  loss: 0.2065 (0.2196)  IoU (F channel): 0.4133 (0.3488)  IoU (C channel): 0.4223 (0.3798)  L1 (Db channel): 0.0632 (0.0644)  L1 (Dn channel): 0.3003 (0.3044)  lr: 0.000820  iter-time: 1.0938
[23:48:15.319457] Epoch: [21]  [170/229]  eta: 0:01:05  loss: 0.1835 (0.2195)  IoU (F channel): 0.3810 (0.3461)  IoU (C channel): 0.3941 (0.3760)  L1 (Db channel): 0.0649 (0.0647)  L1 (Dn channel): 0.3056 (0.3045)  lr: 0.000814  iter-time: 1.0944
[23:48:26.249934] Epoch: [21]  [180/229]  eta: 0:00:54  loss: 0.1963 (0.2213)  IoU (F channel): 0.3130 (0.3440)  IoU (C channel): 0.3581 (0.3754)  L1 (Db channel): 0.0710 (0.0651)  L1 (Dn channel): 0.3061 (0.3046)  lr: 0.000808  iter-time: 1.0940
[23:48:37.192963] Epoch: [21]  [190/229]  eta: 0:00:43  loss: 0.1974 (0.2213)  IoU (F channel): 0.3245 (0.3444)  IoU (C channel): 0.3861 (0.3762)  L1 (Db channel): 0.0710 (0.0653)  L1 (Dn channel): 0.3029 (0.3044)  lr: 0.000801  iter-time: 1.0936
[23:48:48.132907] Epoch: [21]  [200/229]  eta: 0:00:31  loss: 0.2187 (0.2226)  IoU (F channel): 0.3411 (0.3432)  IoU (C channel): 0.3859 (0.3748)  L1 (Db channel): 0.0686 (0.0655)  L1 (Dn channel): 0.3013 (0.3044)  lr: 0.000795  iter-time: 1.0940
[23:48:59.077393] Epoch: [21]  [210/229]  eta: 0:00:20  loss: 0.2019 (0.2210)  IoU (F channel): 0.3329 (0.3452)  IoU (C channel): 0.3741 (0.3764)  L1 (Db channel): 0.0677 (0.0656)  L1 (Dn channel): 0.3071 (0.3047)  lr: 0.000788  iter-time: 1.0941
[23:49:10.019815] Epoch: [21]  [220/229]  eta: 0:00:09  loss: 0.1726 (0.2191)  IoU (F channel): 0.3430 (0.3431)  IoU (C channel): 0.3400 (0.3737)  L1 (Db channel): 0.0685 (0.0658)  L1 (Dn channel): 0.3046 (0.3045)  lr: 0.000782  iter-time: 1.0942
[23:49:18.472762] Epoch: [21]  [228/229]  eta: 0:00:01  loss: 0.1726 (0.2193)  IoU (F channel): 0.3068 (0.3428)  IoU (C channel): 0.3024 (0.3731)  L1 (Db channel): 0.0693 (0.0659)  L1 (Dn channel): 0.2994 (0.3043)  lr: 0.000777  iter-time: 1.0790
[23:49:18.472854] Epoch: [21] Total time: 0:04:12 (1.1008 s / it)
[23:49:18.472885] [Train] averaged stats: loss: 0.1726 (0.2193)  IoU (F channel): 0.3068 (0.3428)  IoU (C channel): 0.3024 (0.3731)  L1 (Db channel): 0.0693 (0.0659)  L1 (Dn channel): 0.2994 (0.3043)  lr: 0.000777
[23:49:20.203475] Epoch: [21]  [ 0/26]  eta: 0:00:44  loss: 0.0016 (0.0016)  IoU (F channel): 0.0000 (0.0000)  IoU (C channel): 0.0000 (0.0000)  L1 (Db channel): 0.0677 (0.0677)  L1 (Dn channel): 0.2959 (0.2959)  iter-time: 1.7296
[23:49:23.904190] Epoch: [21]  [10/26]  eta: 0:00:07  loss: 0.2609 (0.2537)  IoU (F channel): 0.4591 (0.3661)  IoU (C channel): 0.3317 (0.2365)  L1 (Db channel): 0.0656 (0.0660)  L1 (Dn channel): 0.2962 (0.2967)  iter-time: 0.4936
[23:49:27.382778] Epoch: [21]  [20/26]  eta: 0:00:02  loss: 0.2609 (0.2566)  IoU (F channel): 0.4043 (0.3347)  IoU (C channel): 0.3297 (0.2494)  L1 (Db channel): 0.0655 (0.0659)  L1 (Dn channel): 0.2984 (0.2977)  iter-time: 0.3589
[23:49:29.047090] Epoch: [21]  [25/26]  eta: 0:00:00  loss: 0.2897 (0.2880)  IoU (F channel): 0.3450 (0.3037)  IoU (C channel): 0.2660 (0.2283)  L1 (Db channel): 0.0649 (0.0661)  L1 (Dn channel): 0.2984 (0.2981)  iter-time: 0.3444
[23:49:29.047185] Epoch: [21] Total time: 0:00:10 (0.4067 s / it)
[23:49:29.047206] [Val] averaged stats: loss: 0.2897 (0.2880)  IoU (F channel): 0.3450 (0.3037)  IoU (C channel): 0.2660 (0.2283)  L1 (Db channel): 0.0649 (0.0661)  L1 (Dn channel): 0.2984 (0.2981)
[23:49:29.047413] [Val] best loss: 0.2613 best  IoU (F channel): 0.2817 IoU (C channel): 0.2330 L1 (Db channel): 0.0707 L1 (Dn channel): 0.2999 
EarlyStopping counter: 3 out of 10
[23:49:29.058624] [Time] 4.4m 1.6h/2.3h

[23:49:29.058643] ~~~ Epoch 22/30 ~~~

[23:49:31.780149] Epoch: [22]  [  0/229]  eta: 0:10:22  loss: 0.2575 (0.2575)  IoU (F channel): 0.4532 (0.4532)  IoU (C channel): 0.4069 (0.4069)  L1 (Db channel): 0.0667 (0.0667)  L1 (Dn channel): 0.2984 (0.2984)  lr: 0.000776  iter-time: 2.7199
[23:49:42.712833] Epoch: [22]  [ 10/229]  eta: 0:04:31  loss: 0.2157 (0.2132)  IoU (F channel): 0.3442 (0.3795)  IoU (C channel): 0.4161 (0.4167)  L1 (Db channel): 0.0671 (0.0671)  L1 (Dn channel): 0.3026 (0.3021)  lr: 0.000770  iter-time: 1.2410
[23:49:53.646693] Epoch: [22]  [ 20/229]  eta: 0:04:04  loss: 0.2157 (0.2232)  IoU (F channel): 0.3302 (0.3369)  IoU (C channel): 0.3849 (0.3681)  L1 (Db channel): 0.0671 (0.0672)  L1 (Dn channel): 0.3013 (0.3014)  lr: 0.000763  iter-time: 1.0932
[23:50:04.581804] Epoch: [22]  [ 30/229]  eta: 0:03:48  loss: 0.2080 (0.2140)  IoU (F channel): 0.3085 (0.3438)  IoU (C channel): 0.3436 (0.3789)  L1 (Db channel): 0.0656 (0.0658)  L1 (Dn channel): 0.2999 (0.3004)  lr: 0.000757  iter-time: 1.0934
[23:50:15.520955] Epoch: [22]  [ 40/229]  eta: 0:03:34  loss: 0.1870 (0.2117)  IoU (F channel): 0.3542 (0.3479)  IoU (C channel): 0.4062 (0.3872)  L1 (Db channel): 0.0636 (0.0664)  L1 (Dn channel): 0.2969 (0.2990)  lr: 0.000751  iter-time: 1.0936
[23:50:26.472167] Epoch: [22]  [ 50/229]  eta: 0:03:21  loss: 0.2090 (0.2116)  IoU (F channel): 0.3059 (0.3380)  IoU (C channel): 0.3599 (0.3746)  L1 (Db channel): 0.0700 (0.0675)  L1 (Dn channel): 0.2939 (0.2983)  lr: 0.000745  iter-time: 1.0944
[23:50:37.400257] Epoch: [22]  [ 60/229]  eta: 0:03:09  loss: 0.2267 (0.2207)  IoU (F channel): 0.3326 (0.3435)  IoU (C channel): 0.3685 (0.3811)  L1 (Db channel): 0.0709 (0.0679)  L1 (Dn channel): 0.2984 (0.2986)  lr: 0.000738  iter-time: 1.0939
[23:50:48.346122] Epoch: [22]  [ 70/229]  eta: 0:02:57  loss: 0.2111 (0.2189)  IoU (F channel): 0.3299 (0.3414)  IoU (C channel): 0.3816 (0.3784)  L1 (Db channel): 0.0670 (0.0677)  L1 (Dn channel): 0.3010 (0.2992)  lr: 0.000732  iter-time: 1.0936
[23:50:59.290830] Epoch: [22]  [ 80/229]  eta: 0:02:45  loss: 0.1703 (0.2168)  IoU (F channel): 0.3438 (0.3529)  IoU (C channel): 0.4099 (0.3869)  L1 (Db channel): 0.0670 (0.0680)  L1 (Dn channel): 0.3029 (0.2998)  lr: 0.000726  iter-time: 1.0944
[23:51:10.222116] Epoch: [22]  [ 90/229]  eta: 0:02:34  loss: 0.1781 (0.2194)  IoU (F channel): 0.3194 (0.3464)  IoU (C channel): 0.3509 (0.3780)  L1 (Db channel): 0.0720 (0.0685)  L1 (Dn channel): 0.3022 (0.2999)  lr: 0.000719  iter-time: 1.0937
[23:51:21.163580] Epoch: [22]  [100/229]  eta: 0:02:23  loss: 0.1977 (0.2213)  IoU (F channel): 0.2970 (0.3430)  IoU (C channel): 0.3368 (0.3743)  L1 (Db channel): 0.0726 (0.0689)  L1 (Dn channel): 0.2990 (0.2997)  lr: 0.000713  iter-time: 1.0935
[23:51:32.101684] Epoch: [22]  [110/229]  eta: 0:02:11  loss: 0.2007 (0.2203)  IoU (F channel): 0.3187 (0.3466)  IoU (C channel): 0.3687 (0.3793)  L1 (Db channel): 0.0718 (0.0688)  L1 (Dn channel): 0.2987 (0.2997)  lr: 0.000707  iter-time: 1.0938
[23:51:43.039953] Epoch: [22]  [120/229]  eta: 0:02:00  loss: 0.2010 (0.2200)  IoU (F channel): 0.3489 (0.3471)  IoU (C channel): 0.4124 (0.3822)  L1 (Db channel): 0.0665 (0.0686)  L1 (Dn channel): 0.3005 (0.2998)  lr: 0.000701  iter-time: 1.0937
[23:51:53.979593] Epoch: [22]  [130/229]  eta: 0:01:49  loss: 0.2101 (0.2191)  IoU (F channel): 0.3773 (0.3491)  IoU (C channel): 0.4314 (0.3842)  L1 (Db channel): 0.0694 (0.0688)  L1 (Dn channel): 0.3007 (0.2999)  lr: 0.000694  iter-time: 1.0937
[23:52:04.925322] Epoch: [22]  [140/229]  eta: 0:01:38  loss: 0.2147 (0.2204)  IoU (F channel): 0.3678 (0.3455)  IoU (C channel): 0.3728 (0.3793)  L1 (Db channel): 0.0704 (0.0687)  L1 (Dn channel): 0.2980 (0.2995)  lr: 0.000688  iter-time: 1.0941
[23:52:15.867090] Epoch: [22]  [150/229]  eta: 0:01:27  loss: 0.2008 (0.2181)  IoU (F channel): 0.3798 (0.3496)  IoU (C channel): 0.3886 (0.3834)  L1 (Db channel): 0.0644 (0.0684)  L1 (Dn channel): 0.2980 (0.3000)  lr: 0.000682  iter-time: 1.0943
[23:52:26.817038] Epoch: [22]  [160/229]  eta: 0:01:16  loss: 0.2140 (0.2210)  IoU (F channel): 0.3750 (0.3484)  IoU (C channel): 0.3890 (0.3827)  L1 (Db channel): 0.0664 (0.0685)  L1 (Dn channel): 0.3167 (0.3013)  lr: 0.000676  iter-time: 1.0945
[23:52:37.757822] Epoch: [22]  [170/229]  eta: 0:01:05  loss: 0.2366 (0.2214)  IoU (F channel): 0.3735 (0.3521)  IoU (C channel): 0.3890 (0.3866)  L1 (Db channel): 0.0727 (0.0688)  L1 (Dn channel): 0.3167 (0.3019)  lr: 0.000670  iter-time: 1.0944
[23:52:48.697934] Epoch: [22]  [180/229]  eta: 0:00:54  loss: 0.2398 (0.2226)  IoU (F channel): 0.3975 (0.3540)  IoU (C channel): 0.4155 (0.3861)  L1 (Db channel): 0.0693 (0.0687)  L1 (Dn channel): 0.3069 (0.3021)  lr: 0.000663  iter-time: 1.0939
[23:52:59.650488] Epoch: [22]  [190/229]  eta: 0:00:42  loss: 0.1942 (0.2227)  IoU (F channel): 0.3320 (0.3518)  IoU (C channel): 0.3387 (0.3828)  L1 (Db channel): 0.0675 (0.0687)  L1 (Dn channel): 0.3032 (0.3019)  lr: 0.000657  iter-time: 1.0945
[23:53:10.597831] Epoch: [22]  [200/229]  eta: 0:00:31  loss: 0.1862 (0.2215)  IoU (F channel): 0.3401 (0.3520)  IoU (C channel): 0.3801 (0.3842)  L1 (Db channel): 0.0673 (0.0686)  L1 (Dn channel): 0.2929 (0.3014)  lr: 0.000651  iter-time: 1.0949
[23:53:21.535402] Epoch: [22]  [210/229]  eta: 0:00:20  loss: 0.2004 (0.2210)  IoU (F channel): 0.3401 (0.3504)  IoU (C channel): 0.3905 (0.3832)  L1 (Db channel): 0.0678 (0.0686)  L1 (Dn channel): 0.2933 (0.3010)  lr: 0.000645  iter-time: 1.0941
[23:53:32.478581] Epoch: [22]  [220/229]  eta: 0:00:09  loss: 0.1966 (0.2189)  IoU (F channel): 0.3266 (0.3504)  IoU (C channel): 0.3831 (0.3833)  L1 (Db channel): 0.0677 (0.0685)  L1 (Dn channel): 0.2959 (0.3010)  lr: 0.000639  iter-time: 1.0939
[23:53:40.939567] Epoch: [22]  [228/229]  eta: 0:00:01  loss: 0.1884 (0.2189)  IoU (F channel): 0.3348 (0.3506)  IoU (C channel): 0.3916 (0.3838)  L1 (Db channel): 0.0664 (0.0684)  L1 (Dn channel): 0.2993 (0.3009)  lr: 0.000634  iter-time: 1.0796
[23:53:40.939683] Epoch: [22] Total time: 0:04:11 (1.0999 s / it)
[23:53:40.939726] [Train] averaged stats: loss: 0.1884 (0.2189)  IoU (F channel): 0.3348 (0.3506)  IoU (C channel): 0.3916 (0.3838)  L1 (Db channel): 0.0664 (0.0684)  L1 (Dn channel): 0.2993 (0.3009)  lr: 0.000634
[23:53:42.693758] Epoch: [22]  [ 0/26]  eta: 0:00:45  loss: 0.0014 (0.0014)  IoU (F channel): 0.0000 (0.0000)  IoU (C channel): 0.0000 (0.0000)  L1 (Db channel): 0.0679 (0.0679)  L1 (Dn channel): 0.2949 (0.2949)  iter-time: 1.7529
[23:53:46.510274] Epoch: [22]  [10/26]  eta: 0:00:08  loss: 0.2448 (0.2366)  IoU (F channel): 0.4830 (0.4027)  IoU (C channel): 0.4031 (0.2914)  L1 (Db channel): 0.0655 (0.0659)  L1 (Dn channel): 0.2972 (0.2968)  iter-time: 0.5063
[23:53:49.985539] Epoch: [22]  [20/26]  eta: 0:00:02  loss: 0.2448 (0.2472)  IoU (F channel): 0.4666 (0.3583)  IoU (C channel): 0.3589 (0.2859)  L1 (Db channel): 0.0653 (0.0659)  L1 (Dn channel): 0.2978 (0.2977)  iter-time: 0.3646
[23:53:51.648046] Epoch: [22]  [25/26]  eta: 0:00:00  loss: 0.2930 (0.2843)  IoU (F channel): 0.3758 (0.3264)  IoU (C channel): 0.3436 (0.2606)  L1 (Db channel): 0.0648 (0.0661)  L1 (Dn channel): 0.2978 (0.2981)  iter-time: 0.3441
[23:53:51.648148] Epoch: [22] Total time: 0:00:10 (0.4118 s / it)
[23:53:51.648171] [Val] averaged stats: loss: 0.2930 (0.2843)  IoU (F channel): 0.3758 (0.3264)  IoU (C channel): 0.3436 (0.2606)  L1 (Db channel): 0.0648 (0.0661)  L1 (Dn channel): 0.2978 (0.2981)
[23:53:51.648347] [Val] best loss: 0.2613 best  IoU (F channel): 0.2817 IoU (C channel): 0.2330 L1 (Db channel): 0.0707 L1 (Dn channel): 0.2999 
EarlyStopping counter: 4 out of 10
[23:53:51.658967] [Time] 4.4m 1.6h/2.3h

[23:53:51.658993] ~~~ Epoch 23/30 ~~~

[23:53:54.283245] Epoch: [23]  [  0/229]  eta: 0:10:00  loss: 0.4025 (0.4025)  IoU (F channel): 0.3158 (0.3158)  IoU (C channel): 0.3986 (0.3986)  L1 (Db channel): 0.0664 (0.0664)  L1 (Dn channel): 0.2971 (0.2971)  lr: 0.000633  iter-time: 2.6235
[23:54:05.248192] Epoch: [23]  [ 10/229]  eta: 0:04:30  loss: 0.2370 (0.2458)  IoU (F channel): 0.3635 (0.3648)  IoU (C channel): 0.3582 (0.3630)  L1 (Db channel): 0.0656 (0.0655)  L1 (Dn channel): 0.2968 (0.2969)  lr: 0.000627  iter-time: 1.2351
[23:54:16.206660] Epoch: [23]  [ 20/229]  eta: 0:04:04  loss: 0.2294 (0.2380)  IoU (F channel): 0.3635 (0.3675)  IoU (C channel): 0.3689 (0.3722)  L1 (Db channel): 0.0655 (0.0656)  L1 (Dn channel): 0.2975 (0.2976)  lr: 0.000621  iter-time: 1.0960
[23:54:27.134988] Epoch: [23]  [ 30/229]  eta: 0:03:47  loss: 0.2065 (0.2246)  IoU (F channel): 0.3309 (0.3671)  IoU (C channel): 0.3996 (0.3823)  L1 (Db channel): 0.0675 (0.0664)  L1 (Dn channel): 0.2984 (0.2981)  lr: 0.000615  iter-time: 1.0942
[23:54:38.078812] Epoch: [23]  [ 40/229]  eta: 0:03:33  loss: 0.2110 (0.2266)  IoU (F channel): 0.3458 (0.3690)  IoU (C channel): 0.4009 (0.3886)  L1 (Db channel): 0.0665 (0.0660)  L1 (Dn channel): 0.2994 (0.2984)  lr: 0.000609  iter-time: 1.0935
[23:54:49.021500] Epoch: [23]  [ 50/229]  eta: 0:03:21  loss: 0.2104 (0.2259)  IoU (F channel): 0.3994 (0.3745)  IoU (C channel): 0.4209 (0.3957)  L1 (Db channel): 0.0625 (0.0650)  L1 (Dn channel): 0.2986 (0.2983)  lr: 0.000603  iter-time: 1.0942
[23:54:59.956013] Epoch: [23]  [ 60/229]  eta: 0:03:09  loss: 0.2030 (0.2261)  IoU (F channel): 0.3796 (0.3707)  IoU (C channel): 0.4209 (0.3942)  L1 (Db channel): 0.0609 (0.0645)  L1 (Dn channel): 0.2979 (0.2985)  lr: 0.000597  iter-time: 1.0937
[23:55:10.906907] Epoch: [23]  [ 70/229]  eta: 0:02:57  loss: 0.2030 (0.2216)  IoU (F channel): 0.3718 (0.3760)  IoU (C channel): 0.4036 (0.3992)  L1 (Db channel): 0.0634 (0.0646)  L1 (Dn channel): 0.3043 (0.2999)  lr: 0.000591  iter-time: 1.0942
[23:55:21.839582] Epoch: [23]  [ 80/229]  eta: 0:02:45  loss: 0.1934 (0.2224)  IoU (F channel): 0.3718 (0.3682)  IoU (C channel): 0.3908 (0.3902)  L1 (Db channel): 0.0671 (0.0650)  L1 (Dn channel): 0.3078 (0.3008)  lr: 0.000585  iter-time: 1.0941
[23:55:32.794241] Epoch: [23]  [ 90/229]  eta: 0:02:34  loss: 0.2031 (0.2221)  IoU (F channel): 0.3683 (0.3707)  IoU (C channel): 0.3743 (0.3948)  L1 (Db channel): 0.0674 (0.0653)  L1 (Dn channel): 0.3085 (0.3020)  lr: 0.000579  iter-time: 1.0942
[23:55:43.731202] Epoch: [23]  [100/229]  eta: 0:02:23  loss: 0.1986 (0.2217)  IoU (F channel): 0.3647 (0.3679)  IoU (C channel): 0.3771 (0.3901)  L1 (Db channel): 0.0671 (0.0654)  L1 (Dn channel): 0.3114 (0.3029)  lr: 0.000573  iter-time: 1.0945
[23:55:54.678369] Epoch: [23]  [110/229]  eta: 0:02:11  loss: 0.1781 (0.2178)  IoU (F channel): 0.3388 (0.3664)  IoU (C channel): 0.3824 (0.3921)  L1 (Db channel): 0.0626 (0.0650)  L1 (Dn channel): 0.3060 (0.3031)  lr: 0.000568  iter-time: 1.0941
[23:56:05.613164] Epoch: [23]  [120/229]  eta: 0:02:00  loss: 0.1781 (0.2163)  IoU (F channel): 0.3577 (0.3671)  IoU (C channel): 0.4138 (0.3933)  L1 (Db channel): 0.0618 (0.0650)  L1 (Dn channel): 0.3042 (0.3029)  lr: 0.000562  iter-time: 1.0940
[23:56:16.569975] Epoch: [23]  [130/229]  eta: 0:01:49  loss: 0.1896 (0.2149)  IoU (F channel): 0.2855 (0.3589)  IoU (C channel): 0.3428 (0.3854)  L1 (Db channel): 0.0683 (0.0654)  L1 (Dn channel): 0.2956 (0.3022)  lr: 0.000556  iter-time: 1.0944
[23:56:27.507224] Epoch: [23]  [140/229]  eta: 0:01:38  loss: 0.1873 (0.2135)  IoU (F channel): 0.3397 (0.3617)  IoU (C channel): 0.3715 (0.3897)  L1 (Db channel): 0.0685 (0.0656)  L1 (Dn channel): 0.2922 (0.3015)  lr: 0.000550  iter-time: 1.0946
[23:56:38.452022] Epoch: [23]  [150/229]  eta: 0:01:27  loss: 0.1860 (0.2143)  IoU (F channel): 0.3591 (0.3595)  IoU (C channel): 0.4001 (0.3875)  L1 (Db channel): 0.0678 (0.0657)  L1 (Dn channel): 0.2942 (0.3011)  lr: 0.000544  iter-time: 1.0940
[23:56:49.399431] Epoch: [23]  [160/229]  eta: 0:01:16  loss: 0.1860 (0.2132)  IoU (F channel): 0.3378 (0.3607)  IoU (C channel): 0.3823 (0.3893)  L1 (Db channel): 0.0666 (0.0658)  L1 (Dn channel): 0.2977 (0.3011)  lr: 0.000538  iter-time: 1.0945
[23:57:00.356382] Epoch: [23]  [170/229]  eta: 0:01:05  loss: 0.1751 (0.2123)  IoU (F channel): 0.3572 (0.3597)  IoU (C channel): 0.4047 (0.3891)  L1 (Db channel): 0.0658 (0.0657)  L1 (Dn channel): 0.2992 (0.3008)  lr: 0.000533  iter-time: 1.0950
[23:57:11.288529] Epoch: [23]  [180/229]  eta: 0:00:54  loss: 0.1892 (0.2126)  IoU (F channel): 0.3096 (0.3580)  IoU (C channel): 0.3615 (0.3872)  L1 (Db channel): 0.0644 (0.0656)  L1 (Dn channel): 0.2931 (0.3003)  lr: 0.000527  iter-time: 1.0943
[23:57:22.231444] Epoch: [23]  [190/229]  eta: 0:00:42  loss: 0.1892 (0.2109)  IoU (F channel): 0.3434 (0.3595)  IoU (C channel): 0.3727 (0.3894)  L1 (Db channel): 0.0643 (0.0656)  L1 (Dn channel): 0.2932 (0.3000)  lr: 0.000521  iter-time: 1.0936
[23:57:33.179009] Epoch: [23]  [200/229]  eta: 0:00:31  loss: 0.1815 (0.2090)  IoU (F channel): 0.3541 (0.3608)  IoU (C channel): 0.4029 (0.3896)  L1 (Db channel): 0.0647 (0.0656)  L1 (Dn channel): 0.2954 (0.2998)  lr: 0.000515  iter-time: 1.0944
[23:57:44.133449] Epoch: [23]  [210/229]  eta: 0:00:20  loss: 0.1926 (0.2118)  IoU (F channel): 0.3335 (0.3578)  IoU (C channel): 0.3673 (0.3857)  L1 (Db channel): 0.0675 (0.0657)  L1 (Dn channel): 0.2983 (0.2998)  lr: 0.000510  iter-time: 1.0950
[23:57:55.069018] Epoch: [23]  [220/229]  eta: 0:00:09  loss: 0.2468 (0.2125)  IoU (F channel): 0.2618 (0.3555)  IoU (C channel): 0.3002 (0.3826)  L1 (Db channel): 0.0678 (0.0658)  L1 (Dn channel): 0.2995 (0.2998)  lr: 0.000504  iter-time: 1.0944
[23:58:03.539689] Epoch: [23]  [228/229]  eta: 0:00:01  loss: 0.2134 (0.2127)  IoU (F channel): 0.3321 (0.3598)  IoU (C channel): 0.3954 (0.3864)  L1 (Db channel): 0.0674 (0.0658)  L1 (Dn channel): 0.3002 (0.2998)  lr: 0.000499  iter-time: 1.0796
[23:58:03.539991] Epoch: [23] Total time: 0:04:11 (1.0999 s / it)
[23:58:03.540071] [Train] averaged stats: loss: 0.2134 (0.2127)  IoU (F channel): 0.3321 (0.3598)  IoU (C channel): 0.3954 (0.3864)  L1 (Db channel): 0.0674 (0.0658)  L1 (Dn channel): 0.3002 (0.2998)  lr: 0.000499
[23:58:05.172749] Epoch: [23]  [ 0/26]  eta: 0:00:42  loss: 0.0015 (0.0015)  IoU (F channel): 0.0000 (0.0000)  IoU (C channel): 0.0000 (0.0000)  L1 (Db channel): 0.0645 (0.0645)  L1 (Dn channel): 0.2954 (0.2954)  iter-time: 1.6310
[23:58:09.541975] Epoch: [23]  [10/26]  eta: 0:00:08  loss: 0.2730 (0.2682)  IoU (F channel): 0.6559 (0.4698)  IoU (C channel): 0.4067 (0.3220)  L1 (Db channel): 0.0633 (0.0634)  L1 (Dn channel): 0.2994 (0.2990)  iter-time: 0.5454
[23:58:13.021161] Epoch: [23]  [20/26]  eta: 0:00:02  loss: 0.2730 (0.2758)  IoU (F channel): 0.5185 (0.4102)  IoU (C channel): 0.3924 (0.3086)  L1 (Db channel): 0.0634 (0.0637)  L1 (Dn channel): 0.2994 (0.2992)  iter-time: 0.3924
[23:58:14.683978] Epoch: [23]  [25/26]  eta: 0:00:00  loss: 0.3262 (0.3159)  IoU (F channel): 0.4135 (0.3596)  IoU (C channel): 0.3204 (0.2703)  L1 (Db channel): 0.0634 (0.0639)  L1 (Dn channel): 0.2990 (0.2993)  iter-time: 0.3483
[23:58:14.684054] Epoch: [23] Total time: 0:00:11 (0.4286 s / it)
[23:58:14.684074] [Val] averaged stats: loss: 0.3262 (0.3159)  IoU (F channel): 0.4135 (0.3596)  IoU (C channel): 0.3204 (0.2703)  L1 (Db channel): 0.0634 (0.0639)  L1 (Dn channel): 0.2990 (0.2993)
[23:58:14.684240] [Val] best loss: 0.2613 best  IoU (F channel): 0.2817 IoU (C channel): 0.2330 L1 (Db channel): 0.0707 L1 (Dn channel): 0.2999 
EarlyStopping counter: 5 out of 10
[23:58:14.695185] [Time] 4.4m 1.7h/2.3h

[23:58:14.695203] ~~~ Epoch 24/30 ~~~

[23:58:17.348106] Epoch: [24]  [  0/229]  eta: 0:10:07  loss: 0.2032 (0.2032)  IoU (F channel): 0.3367 (0.3367)  IoU (C channel): 0.3525 (0.3525)  L1 (Db channel): 0.0649 (0.0649)  L1 (Dn channel): 0.2980 (0.2980)  lr: 0.000499  iter-time: 2.6516
[23:58:28.321137] Epoch: [24]  [ 10/229]  eta: 0:04:31  loss: 0.2303 (0.2359)  IoU (F channel): 0.3367 (0.3262)  IoU (C channel): 0.3467 (0.3333)  L1 (Db channel): 0.0649 (0.0649)  L1 (Dn channel): 0.2942 (0.2952)  lr: 0.000493  iter-time: 1.2385
[23:58:39.250903] Epoch: [24]  [ 20/229]  eta: 0:04:04  loss: 0.2345 (0.2547)  IoU (F channel): 0.2992 (0.3073)  IoU (C channel): 0.2864 (0.3126)  L1 (Db channel): 0.0668 (0.0661)  L1 (Dn channel): 0.2964 (0.2962)  lr: 0.000488  iter-time: 1.0950
[23:58:50.194851] Epoch: [24]  [ 30/229]  eta: 0:03:47  loss: 0.2061 (0.2343)  IoU (F channel): 0.3049 (0.3250)  IoU (C channel): 0.2992 (0.3345)  L1 (Db channel): 0.0668 (0.0661)  L1 (Dn channel): 0.2968 (0.2960)  lr: 0.000482  iter-time: 1.0936
[23:59:01.135696] Epoch: [24]  [ 40/229]  eta: 0:03:34  loss: 0.1848 (0.2321)  IoU (F channel): 0.3022 (0.3224)  IoU (C channel): 0.3741 (0.3446)  L1 (Db channel): 0.0661 (0.0663)  L1 (Dn channel): 0.2927 (0.2950)  lr: 0.000476  iter-time: 1.0941
[23:59:12.080058] Epoch: [24]  [ 50/229]  eta: 0:03:21  loss: 0.1798 (0.2264)  IoU (F channel): 0.3022 (0.3291)  IoU (C channel): 0.3637 (0.3497)  L1 (Db channel): 0.0653 (0.0664)  L1 (Dn channel): 0.2917 (0.2943)  lr: 0.000471  iter-time: 1.0941
[23:59:23.021988] Epoch: [24]  [ 60/229]  eta: 0:03:09  loss: 0.2084 (0.2300)  IoU (F channel): 0.3278 (0.3336)  IoU (C channel): 0.3637 (0.3535)  L1 (Db channel): 0.0636 (0.0659)  L1 (Dn channel): 0.2919 (0.2942)  lr: 0.000465  iter-time: 1.0942
[23:59:33.965360] Epoch: [24]  [ 70/229]  eta: 0:02:57  loss: 0.2084 (0.2314)  IoU (F channel): 0.3100 (0.3377)  IoU (C channel): 0.3604 (0.3559)  L1 (Db channel): 0.0626 (0.0652)  L1 (Dn channel): 0.2946 (0.2942)  lr: 0.000460  iter-time: 1.0941
[23:59:44.911014] Epoch: [24]  [ 80/229]  eta: 0:02:45  loss: 0.2054 (0.2305)  IoU (F channel): 0.3384 (0.3402)  IoU (C channel): 0.3690 (0.3634)  L1 (Db channel): 0.0612 (0.0649)  L1 (Dn channel): 0.2964 (0.2953)  lr: 0.000454  iter-time: 1.0943
[23:59:55.840731] Epoch: [24]  [ 90/229]  eta: 0:02:34  loss: 0.1962 (0.2272)  IoU (F channel): 0.3765 (0.3465)  IoU (C channel): 0.4300 (0.3744)  L1 (Db channel): 0.0636 (0.0648)  L1 (Dn channel): 0.3058 (0.2966)  lr: 0.000449  iter-time: 1.0937
[00:00:06.798264] Epoch: [24]  [100/229]  eta: 0:02:23  loss: 0.1886 (0.2236)  IoU (F channel): 0.3653 (0.3440)  IoU (C channel): 0.4170 (0.3731)  L1 (Db channel): 0.0646 (0.0648)  L1 (Dn channel): 0.3063 (0.2975)  lr: 0.000443  iter-time: 1.0942
[00:00:17.731545] Epoch: [24]  [110/229]  eta: 0:02:11  loss: 0.1871 (0.2235)  IoU (F channel): 0.3314 (0.3453)  IoU (C channel): 0.3794 (0.3736)  L1 (Db channel): 0.0630 (0.0646)  L1 (Dn channel): 0.3050 (0.2982)  lr: 0.000438  iter-time: 1.0944
[00:00:28.667950] Epoch: [24]  [120/229]  eta: 0:02:00  loss: 0.2092 (0.2245)  IoU (F channel): 0.3535 (0.3517)  IoU (C channel): 0.4080 (0.3786)  L1 (Db channel): 0.0627 (0.0645)  L1 (Dn channel): 0.3040 (0.2986)  lr: 0.000433  iter-time: 1.0934
[00:00:39.604067] Epoch: [24]  [130/229]  eta: 0:01:49  loss: 0.1973 (0.2203)  IoU (F channel): 0.3557 (0.3520)  IoU (C channel): 0.3961 (0.3799)  L1 (Db channel): 0.0662 (0.0648)  L1 (Dn channel): 0.3046 (0.2991)  lr: 0.000427  iter-time: 1.0935
[00:00:50.547937] Epoch: [24]  [140/229]  eta: 0:01:38  loss: 0.1634 (0.2184)  IoU (F channel): 0.3422 (0.3514)  IoU (C channel): 0.3846 (0.3804)  L1 (Db channel): 0.0668 (0.0649)  L1 (Dn channel): 0.3048 (0.2995)  lr: 0.000422  iter-time: 1.0939
[00:01:01.489698] Epoch: [24]  [150/229]  eta: 0:01:27  loss: 0.1650 (0.2181)  IoU (F channel): 0.3176 (0.3473)  IoU (C channel): 0.3654 (0.3769)  L1 (Db channel): 0.0648 (0.0648)  L1 (Dn channel): 0.3044 (0.2998)  lr: 0.000417  iter-time: 1.0942
[00:01:12.422938] Epoch: [24]  [160/229]  eta: 0:01:16  loss: 0.1855 (0.2162)  IoU (F channel): 0.3332 (0.3500)  IoU (C channel): 0.3869 (0.3809)  L1 (Db channel): 0.0606 (0.0645)  L1 (Dn channel): 0.3020 (0.2999)  lr: 0.000411  iter-time: 1.0937
[00:01:23.385661] Epoch: [24]  [170/229]  eta: 0:01:05  loss: 0.1873 (0.2158)  IoU (F channel): 0.4074 (0.3533)  IoU (C channel): 0.4381 (0.3834)  L1 (Db channel): 0.0605 (0.0644)  L1 (Dn channel): 0.3021 (0.3001)  lr: 0.000406  iter-time: 1.0946
[00:01:34.320035] Epoch: [24]  [180/229]  eta: 0:00:54  loss: 0.2030 (0.2151)  IoU (F channel): 0.3792 (0.3547)  IoU (C channel): 0.4085 (0.3821)  L1 (Db channel): 0.0676 (0.0647)  L1 (Dn channel): 0.2998 (0.3000)  lr: 0.000401  iter-time: 1.0947
[00:01:45.264938] Epoch: [24]  [190/229]  eta: 0:00:42  loss: 0.1945 (0.2144)  IoU (F channel): 0.3053 (0.3513)  IoU (C channel): 0.3399 (0.3792)  L1 (Db channel): 0.0688 (0.0649)  L1 (Dn channel): 0.3000 (0.3001)  lr: 0.000396  iter-time: 1.0939
[00:01:56.201347] Epoch: [24]  [200/229]  eta: 0:00:31  loss: 0.2008 (0.2158)  IoU (F channel): 0.3063 (0.3516)  IoU (C channel): 0.3521 (0.3803)  L1 (Db channel): 0.0657 (0.0648)  L1 (Dn channel): 0.3030 (0.3003)  lr: 0.000390  iter-time: 1.0940
[00:02:07.149514] Epoch: [24]  [210/229]  eta: 0:00:20  loss: 0.1933 (0.2138)  IoU (F channel): 0.3820 (0.3567)  IoU (C channel): 0.4415 (0.3837)  L1 (Db channel): 0.0619 (0.0647)  L1 (Dn channel): 0.3035 (0.3005)  lr: 0.000385  iter-time: 1.0941
[00:02:18.078074] Epoch: [24]  [220/229]  eta: 0:00:09  loss: 0.1782 (0.2136)  IoU (F channel): 0.3820 (0.3548)  IoU (C channel): 0.4393 (0.3817)  L1 (Db channel): 0.0620 (0.0646)  L1 (Dn channel): 0.3020 (0.3004)  lr: 0.000380  iter-time: 1.0937
[00:02:26.539531] Epoch: [24]  [228/229]  eta: 0:00:01  loss: 0.2142 (0.2140)  IoU (F channel): 0.2850 (0.3516)  IoU (C channel): 0.3288 (0.3780)  L1 (Db channel): 0.0636 (0.0646)  L1 (Dn channel): 0.2986 (0.3003)  lr: 0.000376  iter-time: 1.0787
[00:02:26.539727] Epoch: [24] Total time: 0:04:11 (1.0998 s / it)
[00:02:26.539775] [Train] averaged stats: loss: 0.2142 (0.2140)  IoU (F channel): 0.2850 (0.3516)  IoU (C channel): 0.3288 (0.3780)  L1 (Db channel): 0.0636 (0.0646)  L1 (Dn channel): 0.2986 (0.3003)  lr: 0.000376
[00:02:27.960960] Epoch: [24]  [ 0/26]  eta: 0:00:36  loss: 0.0013 (0.0013)  IoU (F channel): 0.0000 (0.0000)  IoU (C channel): 0.0000 (0.0000)  L1 (Db channel): 0.0639 (0.0639)  L1 (Dn channel): 0.2973 (0.2973)  iter-time: 1.4200
[00:02:31.855845] Epoch: [24]  [10/26]  eta: 0:00:07  loss: 0.2499 (0.2335)  IoU (F channel): 0.4421 (0.4124)  IoU (C channel): 0.3800 (0.2937)  L1 (Db channel): 0.0644 (0.0644)  L1 (Dn channel): 0.2973 (0.2968)  iter-time: 0.4831
[00:02:35.334700] Epoch: [24]  [20/26]  eta: 0:00:02  loss: 0.2499 (0.2357)  IoU (F channel): 0.4107 (0.3458)  IoU (C channel): 0.3345 (0.2698)  L1 (Db channel): 0.0643 (0.0643)  L1 (Dn channel): 0.2976 (0.2976)  iter-time: 0.3686
[00:02:36.997260] Epoch: [24]  [25/26]  eta: 0:00:00  loss: 0.2713 (0.2650)  IoU (F channel): 0.3632 (0.3189)  IoU (C channel): 0.3272 (0.2505)  L1 (Db channel): 0.0640 (0.0644)  L1 (Dn channel): 0.2976 (0.2982)  iter-time: 0.3444
[00:02:36.997342] Epoch: [24] Total time: 0:00:10 (0.4022 s / it)
[00:02:36.997368] [Val] averaged stats: loss: 0.2713 (0.2650)  IoU (F channel): 0.3632 (0.3189)  IoU (C channel): 0.3272 (0.2505)  L1 (Db channel): 0.0640 (0.0644)  L1 (Dn channel): 0.2976 (0.2982)
[00:02:36.997545] [Val] best loss: 0.2613 best  IoU (F channel): 0.2817 IoU (C channel): 0.2330 L1 (Db channel): 0.0707 L1 (Dn channel): 0.2999 
EarlyStopping counter: 6 out of 10
[00:02:37.008382] [Time] 4.4m 1.8h/2.3h

[00:02:37.008402] ~~~ Epoch 25/30 ~~~

[00:02:39.934366] Epoch: [25]  [  0/229]  eta: 0:11:09  loss: 0.1328 (0.1328)  IoU (F channel): 0.2996 (0.2996)  IoU (C channel): 0.3556 (0.3556)  L1 (Db channel): 0.0650 (0.0650)  L1 (Dn channel): 0.2976 (0.2976)  lr: 0.000375  iter-time: 2.9245
[00:02:50.865983] Epoch: [25]  [ 10/229]  eta: 0:04:35  loss: 0.2026 (0.2065)  IoU (F channel): 0.3486 (0.3710)  IoU (C channel): 0.4175 (0.4139)  L1 (Db channel): 0.0650 (0.0651)  L1 (Dn channel): 0.3014 (0.3023)  lr: 0.000370  iter-time: 1.2595
[00:03:01.801286] Epoch: [25]  [ 20/229]  eta: 0:04:06  loss: 0.1912 (0.2027)  IoU (F channel): 0.3545 (0.3823)  IoU (C channel): 0.4310 (0.4172)  L1 (Db channel): 0.0643 (0.0643)  L1 (Dn channel): 0.3053 (0.3043)  lr: 0.000365  iter-time: 1.0932
[00:03:12.740249] Epoch: [25]  [ 30/229]  eta: 0:03:49  loss: 0.1776 (0.2056)  IoU (F channel): 0.3460 (0.3752)  IoU (C channel): 0.3989 (0.3959)  L1 (Db channel): 0.0636 (0.0641)  L1 (Dn channel): 0.3064 (0.3050)  lr: 0.000360  iter-time: 1.0936
[00:03:23.682584] Epoch: [25]  [ 40/229]  eta: 0:03:35  loss: 0.1967 (0.2100)  IoU (F channel): 0.3355 (0.3700)  IoU (C channel): 0.3441 (0.3928)  L1 (Db channel): 0.0646 (0.0645)  L1 (Dn channel): 0.3040 (0.3044)  lr: 0.000355  iter-time: 1.0939
[00:03:34.627802] Epoch: [25]  [ 50/229]  eta: 0:03:22  loss: 0.1933 (0.2064)  IoU (F channel): 0.3547 (0.3667)  IoU (C channel): 0.3803 (0.3889)  L1 (Db channel): 0.0669 (0.0650)  L1 (Dn channel): 0.2997 (0.3032)  lr: 0.000350  iter-time: 1.0942
[00:03:45.553728] Epoch: [25]  [ 60/229]  eta: 0:03:09  loss: 0.1884 (0.2073)  IoU (F channel): 0.3800 (0.3754)  IoU (C channel): 0.4055 (0.3992)  L1 (Db channel): 0.0673 (0.0655)  L1 (Dn channel): 0.2997 (0.3032)  lr: 0.000345  iter-time: 1.0934
[00:03:56.493222] Epoch: [25]  [ 70/229]  eta: 0:02:57  loss: 0.2185 (0.2111)  IoU (F channel): 0.3823 (0.3723)  IoU (C channel): 0.4254 (0.3964)  L1 (Db channel): 0.0661 (0.0652)  L1 (Dn channel): 0.3056 (0.3038)  lr: 0.000340  iter-time: 1.0932
[00:04:07.444524] Epoch: [25]  [ 80/229]  eta: 0:02:46  loss: 0.2001 (0.2095)  IoU (F channel): 0.3579 (0.3685)  IoU (C channel): 0.3932 (0.3929)  L1 (Db channel): 0.0618 (0.0648)  L1 (Dn channel): 0.3073 (0.3042)  lr: 0.000336  iter-time: 1.0944
[00:04:18.380438] Epoch: [25]  [ 90/229]  eta: 0:02:34  loss: 0.1960 (0.2108)  IoU (F channel): 0.3684 (0.3720)  IoU (C channel): 0.4093 (0.3963)  L1 (Db channel): 0.0620 (0.0646)  L1 (Dn channel): 0.3053 (0.3042)  lr: 0.000331  iter-time: 1.0942
[00:04:29.330016] Epoch: [25]  [100/229]  eta: 0:02:23  loss: 0.1924 (0.2094)  IoU (F channel): 0.3921 (0.3719)  IoU (C channel): 0.4214 (0.3976)  L1 (Db channel): 0.0652 (0.0649)  L1 (Dn channel): 0.3013 (0.3036)  lr: 0.000326  iter-time: 1.0941
[00:04:40.269951] Epoch: [25]  [110/229]  eta: 0:02:12  loss: 0.1889 (0.2063)  IoU (F channel): 0.3074 (0.3660)  IoU (C channel): 0.3568 (0.3915)  L1 (Db channel): 0.0687 (0.0653)  L1 (Dn channel): 0.2940 (0.3024)  lr: 0.000321  iter-time: 1.0943
[00:04:51.220731] Epoch: [25]  [120/229]  eta: 0:02:00  loss: 0.1908 (0.2073)  IoU (F channel): 0.3046 (0.3643)  IoU (C channel): 0.3623 (0.3912)  L1 (Db channel): 0.0682 (0.0654)  L1 (Dn channel): 0.2908 (0.3014)  lr: 0.000316  iter-time: 1.0944
[00:05:02.145103] Epoch: [25]  [130/229]  eta: 0:01:49  loss: 0.2137 (0.2067)  IoU (F channel): 0.3218 (0.3601)  IoU (C channel): 0.3756 (0.3884)  L1 (Db channel): 0.0636 (0.0652)  L1 (Dn channel): 0.2921 (0.3009)  lr: 0.000311  iter-time: 1.0936
[00:05:13.092494] Epoch: [25]  [140/229]  eta: 0:01:38  loss: 0.1951 (0.2063)  IoU (F channel): 0.3447 (0.3625)  IoU (C channel): 0.3942 (0.3897)  L1 (Db channel): 0.0618 (0.0649)  L1 (Dn channel): 0.2958 (0.3007)  lr: 0.000307  iter-time: 1.0935
[00:05:24.034154] Epoch: [25]  [150/229]  eta: 0:01:27  loss: 0.1837 (0.2044)  IoU (F channel): 0.3706 (0.3648)  IoU (C channel): 0.4217 (0.3928)  L1 (Db channel): 0.0626 (0.0648)  L1 (Dn channel): 0.2995 (0.3007)  lr: 0.000302  iter-time: 1.0943
[00:05:34.972060] Epoch: [25]  [160/229]  eta: 0:01:16  loss: 0.1774 (0.2036)  IoU (F channel): 0.3851 (0.3665)  IoU (C channel): 0.4251 (0.3951)  L1 (Db channel): 0.0655 (0.0650)  L1 (Dn channel): 0.3019 (0.3009)  lr: 0.000297  iter-time: 1.0939
[00:05:45.911155] Epoch: [25]  [170/229]  eta: 0:01:05  loss: 0.1936 (0.2042)  IoU (F channel): 0.3862 (0.3683)  IoU (C channel): 0.4251 (0.3967)  L1 (Db channel): 0.0663 (0.0650)  L1 (Dn channel): 0.3019 (0.3008)  lr: 0.000293  iter-time: 1.0937
[00:05:56.847279] Epoch: [25]  [180/229]  eta: 0:00:54  loss: 0.1948 (0.2041)  IoU (F channel): 0.3719 (0.3664)  IoU (C channel): 0.4041 (0.3932)  L1 (Db channel): 0.0633 (0.0649)  L1 (Dn channel): 0.2952 (0.3003)  lr: 0.000288  iter-time: 1.0937
[00:06:07.787058] Epoch: [25]  [190/229]  eta: 0:00:43  loss: 0.1832 (0.2024)  IoU (F channel): 0.3424 (0.3651)  IoU (C channel): 0.3829 (0.3928)  L1 (Db channel): 0.0633 (0.0649)  L1 (Dn channel): 0.2897 (0.2997)  lr: 0.000284  iter-time: 1.0937
[00:06:18.726916] Epoch: [25]  [200/229]  eta: 0:00:31  loss: 0.1832 (0.2027)  IoU (F channel): 0.3675 (0.3674)  IoU (C channel): 0.4087 (0.3947)  L1 (Db channel): 0.0640 (0.0648)  L1 (Dn channel): 0.2886 (0.2992)  lr: 0.000279  iter-time: 1.0938
[00:06:29.677094] Epoch: [25]  [210/229]  eta: 0:00:20  loss: 0.1749 (0.2006)  IoU (F channel): 0.3675 (0.3666)  IoU (C channel): 0.4103 (0.3951)  L1 (Db channel): 0.0632 (0.0647)  L1 (Dn channel): 0.2907 (0.2988)  lr: 0.000275  iter-time: 1.0944
[00:06:40.609692] Epoch: [25]  [220/229]  eta: 0:00:09  loss: 0.1492 (0.2010)  IoU (F channel): 0.3501 (0.3678)  IoU (C channel): 0.4103 (0.3963)  L1 (Db channel): 0.0634 (0.0647)  L1 (Dn channel): 0.2921 (0.2986)  lr: 0.000270  iter-time: 1.0940
[00:06:49.075264] Epoch: [25]  [228/229]  eta: 0:00:01  loss: 0.1926 (0.2011)  IoU (F channel): 0.3432 (0.3666)  IoU (C channel): 0.3934 (0.3960)  L1 (Db channel): 0.0644 (0.0647)  L1 (Dn channel): 0.2953 (0.2985)  lr: 0.000267  iter-time: 1.0793
[00:06:49.075445] Epoch: [25] Total time: 0:04:12 (1.1007 s / it)
[00:06:49.075489] [Train] averaged stats: loss: 0.1926 (0.2011)  IoU (F channel): 0.3432 (0.3666)  IoU (C channel): 0.3934 (0.3960)  L1 (Db channel): 0.0644 (0.0647)  L1 (Dn channel): 0.2953 (0.2985)  lr: 0.000267
[00:06:50.639825] Epoch: [25]  [ 0/26]  eta: 0:00:40  loss: 0.0013 (0.0013)  IoU (F channel): 0.0000 (0.0000)  IoU (C channel): 0.0000 (0.0000)  L1 (Db channel): 0.0671 (0.0671)  L1 (Dn channel): 0.2944 (0.2944)  iter-time: 1.5632
[00:06:54.256548] Epoch: [25]  [10/26]  eta: 0:00:07  loss: 0.2664 (0.2480)  IoU (F channel): 0.4679 (0.4178)  IoU (C channel): 0.3992 (0.2977)  L1 (Db channel): 0.0671 (0.0671)  L1 (Dn channel): 0.2951 (0.2949)  iter-time: 0.4709
[00:06:57.736867] Epoch: [25]  [20/26]  eta: 0:00:02  loss: 0.2664 (0.2430)  IoU (F channel): 0.4578 (0.3665)  IoU (C channel): 0.3465 (0.2852)  L1 (Db channel): 0.0670 (0.0671)  L1 (Dn channel): 0.2954 (0.2958)  iter-time: 0.3548
[00:06:59.400502] Epoch: [25]  [25/26]  eta: 0:00:00  loss: 0.2838 (0.2775)  IoU (F channel): 0.3635 (0.3306)  IoU (C channel): 0.3379 (0.2591)  L1 (Db channel): 0.0665 (0.0672)  L1 (Dn channel): 0.2961 (0.2963)  iter-time: 0.3462
[00:06:59.400597] Epoch: [25] Total time: 0:00:10 (0.3971 s / it)
[00:06:59.400618] [Val] averaged stats: loss: 0.2838 (0.2775)  IoU (F channel): 0.3635 (0.3306)  IoU (C channel): 0.3379 (0.2591)  L1 (Db channel): 0.0665 (0.0672)  L1 (Dn channel): 0.2961 (0.2963)
[00:06:59.400802] [Val] best loss: 0.2613 best  IoU (F channel): 0.2817 IoU (C channel): 0.2330 L1 (Db channel): 0.0707 L1 (Dn channel): 0.2999 
[00:06:59.412108] Creating training plots . . .
EarlyStopping counter: 7 out of 10
[00:07:05.221778] [Time] 4.5m 1.8h/2.3h

[00:07:05.221803] ~~~ Epoch 26/30 ~~~

[00:07:07.984710] Epoch: [26]  [  0/229]  eta: 0:10:32  loss: 0.1846 (0.1846)  IoU (F channel): 0.4090 (0.4090)  IoU (C channel): 0.4432 (0.4432)  L1 (Db channel): 0.0676 (0.0676)  L1 (Dn channel): 0.2982 (0.2982)  lr: 0.000266  iter-time: 2.7612
[00:07:18.901655] Epoch: [26]  [ 10/229]  eta: 0:04:32  loss: 0.2030 (0.2041)  IoU (F channel): 0.3597 (0.3711)  IoU (C channel): 0.4044 (0.4094)  L1 (Db channel): 0.0677 (0.0678)  L1 (Dn channel): 0.2970 (0.2971)  lr: 0.000262  iter-time: 1.2433
[00:07:29.828413] Epoch: [26]  [ 20/229]  eta: 0:04:04  loss: 0.1757 (0.1889)  IoU (F channel): 0.3472 (0.3723)  IoU (C channel): 0.3862 (0.3926)  L1 (Db channel): 0.0675 (0.0676)  L1 (Dn channel): 0.2958 (0.2958)  lr: 0.000257  iter-time: 1.0920
[00:07:40.762938] Epoch: [26]  [ 30/229]  eta: 0:03:48  loss: 0.1799 (0.2037)  IoU (F channel): 0.3192 (0.3548)  IoU (C channel): 0.3673 (0.3789)  L1 (Db channel): 0.0673 (0.0675)  L1 (Dn channel): 0.2934 (0.2947)  lr: 0.000253  iter-time: 1.0929
[00:07:51.674667] Epoch: [26]  [ 40/229]  eta: 0:03:34  loss: 0.2185 (0.2001)  IoU (F channel): 0.3192 (0.3624)  IoU (C channel): 0.3796 (0.3869)  L1 (Db channel): 0.0666 (0.0671)  L1 (Dn channel): 0.2922 (0.2940)  lr: 0.000249  iter-time: 1.0922
[00:08:02.628091] Epoch: [26]  [ 50/229]  eta: 0:03:21  loss: 0.1732 (0.1962)  IoU (F channel): 0.4099 (0.3767)  IoU (C channel): 0.4378 (0.3999)  L1 (Db channel): 0.0656 (0.0667)  L1 (Dn channel): 0.2937 (0.2944)  lr: 0.000244  iter-time: 1.0931
[00:08:13.563442] Epoch: [26]  [ 60/229]  eta: 0:03:09  loss: 0.1732 (0.1939)  IoU (F channel): 0.4220 (0.3853)  IoU (C channel): 0.4227 (0.4033)  L1 (Db channel): 0.0653 (0.0665)  L1 (Dn channel): 0.2972 (0.2950)  lr: 0.000240  iter-time: 1.0943
[00:08:24.488581] Epoch: [26]  [ 70/229]  eta: 0:02:57  loss: 0.1773 (0.1939)  IoU (F channel): 0.3498 (0.3750)  IoU (C channel): 0.3988 (0.3938)  L1 (Db channel): 0.0649 (0.0662)  L1 (Dn channel): 0.2981 (0.2955)  lr: 0.000236  iter-time: 1.0929
[00:08:35.439726] Epoch: [26]  [ 80/229]  eta: 0:02:45  loss: 0.1657 (0.1915)  IoU (F channel): 0.3476 (0.3709)  IoU (C channel): 0.3808 (0.3925)  L1 (Db channel): 0.0639 (0.0659)  L1 (Dn channel): 0.2978 (0.2958)  lr: 0.000232  iter-time: 1.0937
[00:08:46.374899] Epoch: [26]  [ 90/229]  eta: 0:02:34  loss: 0.1758 (0.1929)  IoU (F channel): 0.3630 (0.3715)  IoU (C channel): 0.3933 (0.3922)  L1 (Db channel): 0.0636 (0.0656)  L1 (Dn channel): 0.2972 (0.2959)  lr: 0.000227  iter-time: 1.0941
[00:08:57.310115] Epoch: [26]  [100/229]  eta: 0:02:23  loss: 0.2067 (0.1955)  IoU (F channel): 0.3833 (0.3774)  IoU (C channel): 0.4027 (0.3956)  L1 (Db channel): 0.0640 (0.0656)  L1 (Dn channel): 0.2960 (0.2959)  lr: 0.000223  iter-time: 1.0934
[00:09:08.248065] Epoch: [26]  [110/229]  eta: 0:02:11  loss: 0.1832 (0.1942)  IoU (F channel): 0.3748 (0.3739)  IoU (C channel): 0.3888 (0.3940)  L1 (Db channel): 0.0667 (0.0658)  L1 (Dn channel): 0.2947 (0.2957)  lr: 0.000219  iter-time: 1.0935
[00:09:19.195032] Epoch: [26]  [120/229]  eta: 0:02:00  loss: 0.1778 (0.1927)  IoU (F channel): 0.3248 (0.3703)  IoU (C channel): 0.3845 (0.3914)  L1 (Db channel): 0.0680 (0.0660)  L1 (Dn channel): 0.2943 (0.2956)  lr: 0.000215  iter-time: 1.0941
[00:09:30.135101] Epoch: [26]  [130/229]  eta: 0:01:49  loss: 0.1807 (0.1959)  IoU (F channel): 0.3598 (0.3702)  IoU (C channel): 0.3917 (0.3920)  L1 (Db channel): 0.0663 (0.0660)  L1 (Dn channel): 0.2960 (0.2957)  lr: 0.000211  iter-time: 1.0942
[00:09:41.071006] Epoch: [26]  [140/229]  eta: 0:01:38  loss: 0.2188 (0.1954)  IoU (F channel): 0.3598 (0.3702)  IoU (C channel): 0.3893 (0.3910)  L1 (Db channel): 0.0648 (0.0658)  L1 (Dn channel): 0.2968 (0.2958)  lr: 0.000207  iter-time: 1.0937
[00:09:52.016072] Epoch: [26]  [150/229]  eta: 0:01:27  loss: 0.1701 (0.1948)  IoU (F channel): 0.3483 (0.3715)  IoU (C channel): 0.3715 (0.3913)  L1 (Db channel): 0.0636 (0.0656)  L1 (Dn channel): 0.2963 (0.2958)  lr: 0.000203  iter-time: 1.0939
[00:10:02.954424] Epoch: [26]  [160/229]  eta: 0:01:16  loss: 0.1744 (0.1948)  IoU (F channel): 0.3639 (0.3707)  IoU (C channel): 0.3961 (0.3924)  L1 (Db channel): 0.0636 (0.0655)  L1 (Dn channel): 0.2965 (0.2958)  lr: 0.000199  iter-time: 1.0940
[00:10:13.902528] Epoch: [26]  [170/229]  eta: 0:01:05  loss: 0.1692 (0.1946)  IoU (F channel): 0.3558 (0.3693)  IoU (C channel): 0.4009 (0.3921)  L1 (Db channel): 0.0641 (0.0655)  L1 (Dn channel): 0.2971 (0.2959)  lr: 0.000195  iter-time: 1.0942
[00:10:24.832244] Epoch: [26]  [180/229]  eta: 0:00:54  loss: 0.1837 (0.1950)  IoU (F channel): 0.3441 (0.3673)  IoU (C channel): 0.4009 (0.3908)  L1 (Db channel): 0.0647 (0.0654)  L1 (Dn channel): 0.2976 (0.2960)  lr: 0.000191  iter-time: 1.0938
[00:10:35.766430] Epoch: [26]  [190/229]  eta: 0:00:42  loss: 0.1877 (0.1948)  IoU (F channel): 0.3495 (0.3681)  IoU (C channel): 0.4036 (0.3919)  L1 (Db channel): 0.0650 (0.0654)  L1 (Dn channel): 0.2963 (0.2960)  lr: 0.000188  iter-time: 1.0931
[00:10:46.712606] Epoch: [26]  [200/229]  eta: 0:00:31  loss: 0.1918 (0.1957)  IoU (F channel): 0.3574 (0.3664)  IoU (C channel): 0.4036 (0.3903)  L1 (Db channel): 0.0640 (0.0653)  L1 (Dn channel): 0.2951 (0.2959)  lr: 0.000184  iter-time: 1.0939
[00:10:57.644871] Epoch: [26]  [210/229]  eta: 0:00:20  loss: 0.2254 (0.1972)  IoU (F channel): 0.3507 (0.3642)  IoU (C channel): 0.3710 (0.3883)  L1 (Db channel): 0.0619 (0.0651)  L1 (Dn channel): 0.2928 (0.2957)  lr: 0.000180  iter-time: 1.0938
[00:11:08.577839] Epoch: [26]  [220/229]  eta: 0:00:09  loss: 0.1956 (0.1973)  IoU (F channel): 0.3182 (0.3625)  IoU (C channel): 0.3710 (0.3874)  L1 (Db channel): 0.0616 (0.0650)  L1 (Dn channel): 0.2932 (0.2956)  lr: 0.000176  iter-time: 1.0931
[00:11:17.036474] Epoch: [26]  [228/229]  eta: 0:00:01  loss: 0.1690 (0.1958)  IoU (F channel): 0.3416 (0.3638)  IoU (C channel): 0.3855 (0.3886)  L1 (Db channel): 0.0622 (0.0649)  L1 (Dn channel): 0.2951 (0.2957)  lr: 0.000173  iter-time: 1.0787
[00:11:17.036667] Epoch: [26] Total time: 0:04:11 (1.0996 s / it)
[00:11:17.036714] [Train] averaged stats: loss: 0.1690 (0.1958)  IoU (F channel): 0.3416 (0.3638)  IoU (C channel): 0.3855 (0.3886)  L1 (Db channel): 0.0622 (0.0649)  L1 (Dn channel): 0.2951 (0.2957)  lr: 0.000173
[00:11:18.349118] Epoch: [26]  [ 0/26]  eta: 0:00:34  loss: 0.0013 (0.0013)  IoU (F channel): 0.0000 (0.0000)  IoU (C channel): 0.0000 (0.0000)  L1 (Db channel): 0.0642 (0.0642)  L1 (Dn channel): 0.2956 (0.2956)  iter-time: 1.3112
[00:11:22.107088] Epoch: [26]  [10/26]  eta: 0:00:07  loss: 0.2444 (0.2435)  IoU (F channel): 0.5452 (0.4138)  IoU (C channel): 0.4206 (0.3060)  L1 (Db channel): 0.0632 (0.0632)  L1 (Dn channel): 0.2976 (0.2969)  iter-time: 0.4608
[00:11:25.585905] Epoch: [26]  [20/26]  eta: 0:00:02  loss: 0.2444 (0.2462)  IoU (F channel): 0.5020 (0.3765)  IoU (C channel): 0.3882 (0.3004)  L1 (Db channel): 0.0630 (0.0633)  L1 (Dn channel): 0.2977 (0.2977)  iter-time: 0.3618
[00:11:27.250344] Epoch: [26]  [25/26]  eta: 0:00:00  loss: 0.3049 (0.2934)  IoU (F channel): 0.3952 (0.3332)  IoU (C channel): 0.3447 (0.2659)  L1 (Db channel): 0.0630 (0.0634)  L1 (Dn channel): 0.2976 (0.2980)  iter-time: 0.3445
[00:11:27.250487] Epoch: [26] Total time: 0:00:10 (0.3928 s / it)
[00:11:27.250511] [Val] averaged stats: loss: 0.3049 (0.2934)  IoU (F channel): 0.3952 (0.3332)  IoU (C channel): 0.3447 (0.2659)  L1 (Db channel): 0.0630 (0.0634)  L1 (Dn channel): 0.2976 (0.2980)
[00:11:27.250712] [Val] best loss: 0.2613 best  IoU (F channel): 0.2817 IoU (C channel): 0.2330 L1 (Db channel): 0.0707 L1 (Dn channel): 0.2999 
EarlyStopping counter: 8 out of 10
[00:11:27.261898] [Time] 4.4m 1.9h/2.3h

[00:11:27.261918] ~~~ Epoch 27/30 ~~~

[00:11:30.147108] Epoch: [27]  [  0/229]  eta: 0:11:00  loss: 0.1603 (0.1603)  IoU (F channel): 0.4579 (0.4579)  IoU (C channel): 0.5161 (0.5161)  L1 (Db channel): 0.0643 (0.0643)  L1 (Dn channel): 0.2967 (0.2967)  lr: 0.000173  iter-time: 2.8843
[00:11:41.079223] Epoch: [27]  [ 10/229]  eta: 0:04:35  loss: 0.1920 (0.1938)  IoU (F channel): 0.3524 (0.3647)  IoU (C channel): 0.4134 (0.4148)  L1 (Db channel): 0.0644 (0.0644)  L1 (Dn channel): 0.2985 (0.2982)  lr: 0.000169  iter-time: 1.2559
[00:11:52.013218] Epoch: [27]  [ 20/229]  eta: 0:04:06  loss: 0.1844 (0.1908)  IoU (F channel): 0.3352 (0.3665)  IoU (C channel): 0.3845 (0.3980)  L1 (Db channel): 0.0643 (0.0642)  L1 (Dn channel): 0.2970 (0.2972)  lr: 0.000166  iter-time: 1.0931
[00:12:02.965141] Epoch: [27]  [ 30/229]  eta: 0:03:49  loss: 0.1632 (0.1877)  IoU (F channel): 0.3788 (0.3709)  IoU (C channel): 0.3844 (0.3964)  L1 (Db channel): 0.0632 (0.0637)  L1 (Dn channel): 0.2966 (0.2971)  lr: 0.000162  iter-time: 1.0941
[00:12:13.894024] Epoch: [27]  [ 40/229]  eta: 0:03:34  loss: 0.1950 (0.1972)  IoU (F channel): 0.3703 (0.3681)  IoU (C channel): 0.4061 (0.3996)  L1 (Db channel): 0.0627 (0.0635)  L1 (Dn channel): 0.2983 (0.2977)  lr: 0.000159  iter-time: 1.0939
[00:12:24.826408] Epoch: [27]  [ 50/229]  eta: 0:03:22  loss: 0.1935 (0.2011)  IoU (F channel): 0.3823 (0.3882)  IoU (C channel): 0.4403 (0.4118)  L1 (Db channel): 0.0633 (0.0636)  L1 (Dn channel): 0.2994 (0.2980)  lr: 0.000155  iter-time: 1.0930
[00:12:35.778771] Epoch: [27]  [ 60/229]  eta: 0:03:09  loss: 0.1860 (0.2004)  IoU (F channel): 0.3823 (0.3862)  IoU (C channel): 0.4403 (0.4146)  L1 (Db channel): 0.0639 (0.0637)  L1 (Dn channel): 0.2986 (0.2980)  lr: 0.000152  iter-time: 1.0941
[00:12:46.708030] Epoch: [27]  [ 70/229]  eta: 0:02:57  loss: 0.1622 (0.1954)  IoU (F channel): 0.3478 (0.3795)  IoU (C channel): 0.4036 (0.4065)  L1 (Db channel): 0.0644 (0.0638)  L1 (Dn channel): 0.2965 (0.2977)  lr: 0.000148  iter-time: 1.0940
[00:12:57.648377] Epoch: [27]  [ 80/229]  eta: 0:02:46  loss: 0.1593 (0.1923)  IoU (F channel): 0.3478 (0.3779)  IoU (C channel): 0.4030 (0.4064)  L1 (Db channel): 0.0644 (0.0639)  L1 (Dn channel): 0.2963 (0.2975)  lr: 0.000145  iter-time: 1.0934
[00:13:08.582094] Epoch: [27]  [ 90/229]  eta: 0:02:34  loss: 0.1702 (0.1931)  IoU (F channel): 0.3403 (0.3729)  IoU (C channel): 0.4065 (0.4026)  L1 (Db channel): 0.0648 (0.0640)  L1 (Dn channel): 0.2958 (0.2973)  lr: 0.000141  iter-time: 1.0935
[00:13:19.542732] Epoch: [27]  [100/229]  eta: 0:02:23  loss: 0.1846 (0.1912)  IoU (F channel): 0.3724 (0.3763)  IoU (C channel): 0.4073 (0.4053)  L1 (Db channel): 0.0645 (0.0640)  L1 (Dn channel): 0.2951 (0.2970)  lr: 0.000138  iter-time: 1.0946
[00:13:30.476119] Epoch: [27]  [110/229]  eta: 0:02:12  loss: 0.1709 (0.1895)  IoU (F channel): 0.4050 (0.3782)  IoU (C channel): 0.4301 (0.4056)  L1 (Db channel): 0.0643 (0.0641)  L1 (Dn channel): 0.2936 (0.2966)  lr: 0.000135  iter-time: 1.0946
[00:13:41.423539] Epoch: [27]  [120/229]  eta: 0:02:00  loss: 0.1882 (0.1927)  IoU (F channel): 0.3870 (0.3765)  IoU (C channel): 0.3926 (0.4027)  L1 (Db channel): 0.0656 (0.0643)  L1 (Dn channel): 0.2916 (0.2962)  lr: 0.000132  iter-time: 1.0939
[00:13:52.361813] Epoch: [27]  [130/229]  eta: 0:01:49  loss: 0.2178 (0.1938)  IoU (F channel): 0.3653 (0.3743)  IoU (C channel): 0.3724 (0.4001)  L1 (Db channel): 0.0660 (0.0644)  L1 (Dn channel): 0.2922 (0.2959)  lr: 0.000128  iter-time: 1.0942
[00:14:03.302509] Epoch: [27]  [140/229]  eta: 0:01:38  loss: 0.1779 (0.1923)  IoU (F channel): 0.3610 (0.3744)  IoU (C channel): 0.4019 (0.4007)  L1 (Db channel): 0.0653 (0.0644)  L1 (Dn channel): 0.2922 (0.2957)  lr: 0.000125  iter-time: 1.0938
[00:14:14.246892] Epoch: [27]  [150/229]  eta: 0:01:27  loss: 0.1590 (0.1910)  IoU (F channel): 0.3610 (0.3722)  IoU (C channel): 0.4062 (0.4009)  L1 (Db channel): 0.0650 (0.0645)  L1 (Dn channel): 0.2931 (0.2955)  lr: 0.000122  iter-time: 1.0941
[00:14:25.182590] Epoch: [27]  [160/229]  eta: 0:01:16  loss: 0.1794 (0.1923)  IoU (F channel): 0.3606 (0.3728)  IoU (C channel): 0.4115 (0.4016)  L1 (Db channel): 0.0648 (0.0645)  L1 (Dn channel): 0.2940 (0.2955)  lr: 0.000119  iter-time: 1.0939
[00:14:36.142028] Epoch: [27]  [170/229]  eta: 0:01:05  loss: 0.1794 (0.1908)  IoU (F channel): 0.3757 (0.3719)  IoU (C channel): 0.4115 (0.4002)  L1 (Db channel): 0.0649 (0.0645)  L1 (Dn channel): 0.2947 (0.2954)  lr: 0.000116  iter-time: 1.0946
[00:14:47.077000] Epoch: [27]  [180/229]  eta: 0:00:54  loss: 0.1805 (0.1911)  IoU (F channel): 0.3574 (0.3717)  IoU (C channel): 0.3626 (0.3974)  L1 (Db channel): 0.0649 (0.0645)  L1 (Dn channel): 0.2947 (0.2954)  lr: 0.000113  iter-time: 1.0946
[00:14:58.018825] Epoch: [27]  [190/229]  eta: 0:00:43  loss: 0.2025 (0.1920)  IoU (F channel): 0.3574 (0.3726)  IoU (C channel): 0.3854 (0.3976)  L1 (Db channel): 0.0653 (0.0646)  L1 (Dn channel): 0.2934 (0.2953)  lr: 0.000110  iter-time: 1.0937
[00:15:08.954332] Epoch: [27]  [200/229]  eta: 0:00:31  loss: 0.1828 (0.1911)  IoU (F channel): 0.3429 (0.3722)  IoU (C channel): 0.3902 (0.3963)  L1 (Db channel): 0.0648 (0.0646)  L1 (Dn channel): 0.2928 (0.2951)  lr: 0.000107  iter-time: 1.0938
[00:15:19.906868] Epoch: [27]  [210/229]  eta: 0:00:20  loss: 0.1828 (0.1924)  IoU (F channel): 0.3504 (0.3716)  IoU (C channel): 0.3915 (0.3967)  L1 (Db channel): 0.0647 (0.0646)  L1 (Dn channel): 0.2931 (0.2950)  lr: 0.000104  iter-time: 1.0943
[00:15:30.832116] Epoch: [27]  [220/229]  eta: 0:00:09  loss: 0.2201 (0.1935)  IoU (F channel): 0.3530 (0.3726)  IoU (C channel): 0.4018 (0.3969)  L1 (Db channel): 0.0649 (0.0646)  L1 (Dn channel): 0.2931 (0.2950)  lr: 0.000101  iter-time: 1.0938
[00:15:39.286236] Epoch: [27]  [228/229]  eta: 0:00:01  loss: 0.2065 (0.1934)  IoU (F channel): 0.3504 (0.3721)  IoU (C channel): 0.3984 (0.3971)  L1 (Db channel): 0.0650 (0.0646)  L1 (Dn channel): 0.2926 (0.2949)  lr: 0.000099  iter-time: 1.0784
[00:15:39.286555] Epoch: [27] Total time: 0:04:12 (1.1005 s / it)
[00:15:39.286636] [Train] averaged stats: loss: 0.2065 (0.1934)  IoU (F channel): 0.3504 (0.3721)  IoU (C channel): 0.3984 (0.3971)  L1 (Db channel): 0.0650 (0.0646)  L1 (Dn channel): 0.2926 (0.2949)  lr: 0.000099
[00:15:41.545025] Epoch: [27]  [ 0/26]  eta: 0:00:58  loss: 0.0013 (0.0013)  IoU (F channel): 0.0000 (0.0000)  IoU (C channel): 0.0000 (0.0000)  L1 (Db channel): 0.0647 (0.0647)  L1 (Dn channel): 0.2919 (0.2919)  iter-time: 2.2573
[00:15:45.100353] Epoch: [27]  [10/26]  eta: 0:00:08  loss: 0.2388 (0.2310)  IoU (F channel): 0.4740 (0.4233)  IoU (C channel): 0.4131 (0.3117)  L1 (Db channel): 0.0642 (0.0641)  L1 (Dn channel): 0.2903 (0.2899)  iter-time: 0.5284
[00:15:48.587943] Epoch: [27]  [20/26]  eta: 0:00:02  loss: 0.2388 (0.2333)  IoU (F channel): 0.4643 (0.3687)  IoU (C channel): 0.3635 (0.2928)  L1 (Db channel): 0.0638 (0.0641)  L1 (Dn channel): 0.2903 (0.2908)  iter-time: 0.3521
[00:15:50.253291] Epoch: [27]  [25/26]  eta: 0:00:00  loss: 0.2887 (0.2669)  IoU (F channel): 0.3918 (0.3367)  IoU (C channel): 0.3576 (0.2687)  L1 (Db channel): 0.0639 (0.0643)  L1 (Dn channel): 0.2905 (0.2913)  iter-time: 0.3449
[00:15:50.253550] Epoch: [27] Total time: 0:00:10 (0.4218 s / it)
[00:15:50.253572] [Val] averaged stats: loss: 0.2887 (0.2669)  IoU (F channel): 0.3918 (0.3367)  IoU (C channel): 0.3576 (0.2687)  L1 (Db channel): 0.0639 (0.0643)  L1 (Dn channel): 0.2905 (0.2913)
[00:15:50.253802] [Val] best loss: 0.2613 best  IoU (F channel): 0.2817 IoU (C channel): 0.2330 L1 (Db channel): 0.0707 L1 (Dn channel): 0.2999 
EarlyStopping counter: 9 out of 10
[00:15:50.264535] [Time] 4.4m 2.0h/2.3h

[00:15:50.264573] ~~~ Epoch 28/30 ~~~

[00:15:53.166286] Epoch: [28]  [  0/229]  eta: 0:11:03  loss: 0.2410 (0.2410)  IoU (F channel): 0.3203 (0.3203)  IoU (C channel): 0.3865 (0.3865)  L1 (Db channel): 0.0647 (0.0647)  L1 (Dn channel): 0.2919 (0.2919)  lr: 0.000098  iter-time: 2.8981
[00:16:04.120257] Epoch: [28]  [ 10/229]  eta: 0:04:35  loss: 0.2176 (0.2036)  IoU (F channel): 0.3789 (0.3872)  IoU (C channel): 0.4170 (0.4237)  L1 (Db channel): 0.0647 (0.0647)  L1 (Dn channel): 0.2933 (0.2930)  lr: 0.000096  iter-time: 1.2592
[00:16:15.050845] Epoch: [28]  [ 20/229]  eta: 0:04:06  loss: 0.1882 (0.1901)  IoU (F channel): 0.3789 (0.3794)  IoU (C channel): 0.4170 (0.4088)  L1 (Db channel): 0.0648 (0.0649)  L1 (Dn channel): 0.2928 (0.2929)  lr: 0.000093  iter-time: 1.0941
[00:16:25.994424] Epoch: [28]  [ 30/229]  eta: 0:03:49  loss: 0.1649 (0.1827)  IoU (F channel): 0.3761 (0.3748)  IoU (C channel): 0.4273 (0.4114)  L1 (Db channel): 0.0648 (0.0648)  L1 (Dn channel): 0.2930 (0.2930)  lr: 0.000090  iter-time: 1.0936
[00:16:36.936466] Epoch: [28]  [ 40/229]  eta: 0:03:35  loss: 0.1652 (0.1885)  IoU (F channel): 0.3615 (0.3781)  IoU (C channel): 0.4289 (0.4113)  L1 (Db channel): 0.0649 (0.0649)  L1 (Dn channel): 0.2935 (0.2930)  lr: 0.000087  iter-time: 1.0941
[00:16:47.873164] Epoch: [28]  [ 50/229]  eta: 0:03:22  loss: 0.1978 (0.1922)  IoU (F channel): 0.3357 (0.3672)  IoU (C channel): 0.3819 (0.4016)  L1 (Db channel): 0.0655 (0.0650)  L1 (Dn channel): 0.2927 (0.2929)  lr: 0.000085  iter-time: 1.0938
[00:16:58.805000] Epoch: [28]  [ 60/229]  eta: 0:03:09  loss: 0.1816 (0.1895)  IoU (F channel): 0.3672 (0.3771)  IoU (C channel): 0.4053 (0.4035)  L1 (Db channel): 0.0652 (0.0650)  L1 (Dn channel): 0.2924 (0.2927)  lr: 0.000082  iter-time: 1.0933
[00:17:09.765196] Epoch: [28]  [ 70/229]  eta: 0:02:58  loss: 0.1706 (0.1874)  IoU (F channel): 0.3837 (0.3766)  IoU (C channel): 0.4090 (0.3999)  L1 (Db channel): 0.0642 (0.0648)  L1 (Dn channel): 0.2913 (0.2925)  lr: 0.000080  iter-time: 1.0945
[00:17:20.701138] Epoch: [28]  [ 80/229]  eta: 0:02:46  loss: 0.1730 (0.1903)  IoU (F channel): 0.3254 (0.3756)  IoU (C channel): 0.3868 (0.3993)  L1 (Db channel): 0.0637 (0.0647)  L1 (Dn channel): 0.2913 (0.2925)  lr: 0.000077  iter-time: 1.0947
[00:17:31.644032] Epoch: [28]  [ 90/229]  eta: 0:02:34  loss: 0.1730 (0.1892)  IoU (F channel): 0.3637 (0.3759)  IoU (C channel): 0.4125 (0.4014)  L1 (Db channel): 0.0640 (0.0647)  L1 (Dn channel): 0.2919 (0.2924)  lr: 0.000075  iter-time: 1.0938
[00:17:42.587768] Epoch: [28]  [100/229]  eta: 0:02:23  loss: 0.1750 (0.1896)  IoU (F channel): 0.3831 (0.3764)  IoU (C channel): 0.4125 (0.4010)  L1 (Db channel): 0.0650 (0.0648)  L1 (Dn channel): 0.2919 (0.2924)  lr: 0.000072  iter-time: 1.0942
[00:17:53.524238] Epoch: [28]  [110/229]  eta: 0:02:12  loss: 0.1757 (0.1875)  IoU (F channel): 0.3749 (0.3775)  IoU (C channel): 0.4132 (0.4023)  L1 (Db channel): 0.0666 (0.0650)  L1 (Dn channel): 0.2922 (0.2924)  lr: 0.000070  iter-time: 1.0939
[00:18:04.467552] Epoch: [28]  [120/229]  eta: 0:02:00  loss: 0.1565 (0.1886)  IoU (F channel): 0.3567 (0.3754)  IoU (C channel): 0.3913 (0.3997)  L1 (Db channel): 0.0671 (0.0651)  L1 (Dn channel): 0.2932 (0.2925)  lr: 0.000067  iter-time: 1.0938
[00:18:15.403017] Epoch: [28]  [130/229]  eta: 0:01:49  loss: 0.1704 (0.1874)  IoU (F channel): 0.3374 (0.3743)  IoU (C channel): 0.3887 (0.4002)  L1 (Db channel): 0.0666 (0.0652)  L1 (Dn channel): 0.2940 (0.2927)  lr: 0.000065  iter-time: 1.0938
[00:18:26.355307] Epoch: [28]  [140/229]  eta: 0:01:38  loss: 0.1730 (0.1885)  IoU (F channel): 0.3467 (0.3751)  IoU (C channel): 0.4059 (0.4012)  L1 (Db channel): 0.0660 (0.0653)  L1 (Dn channel): 0.2936 (0.2927)  lr: 0.000063  iter-time: 1.0942
[00:18:37.292056] Epoch: [28]  [150/229]  eta: 0:01:27  loss: 0.1730 (0.1880)  IoU (F channel): 0.4041 (0.3801)  IoU (C channel): 0.4425 (0.4064)  L1 (Db channel): 0.0654 (0.0653)  L1 (Dn channel): 0.2934 (0.2928)  lr: 0.000060  iter-time: 1.0943
[00:18:48.236900] Epoch: [28]  [160/229]  eta: 0:01:16  loss: 0.1566 (0.1867)  IoU (F channel): 0.4041 (0.3818)  IoU (C channel): 0.4356 (0.4066)  L1 (Db channel): 0.0648 (0.0652)  L1 (Dn channel): 0.2933 (0.2928)  lr: 0.000058  iter-time: 1.0940
[00:18:59.164647] Epoch: [28]  [170/229]  eta: 0:01:05  loss: 0.1642 (0.1851)  IoU (F channel): 0.3801 (0.3827)  IoU (C channel): 0.4197 (0.4058)  L1 (Db channel): 0.0644 (0.0652)  L1 (Dn channel): 0.2929 (0.2928)  lr: 0.000056  iter-time: 1.0935
[00:19:10.120030] Epoch: [28]  [180/229]  eta: 0:00:54  loss: 0.1904 (0.1870)  IoU (F channel): 0.3555 (0.3792)  IoU (C channel): 0.4015 (0.4036)  L1 (Db channel): 0.0645 (0.0651)  L1 (Dn channel): 0.2929 (0.2928)  lr: 0.000054  iter-time: 1.0940
[00:19:21.057486] Epoch: [28]  [190/229]  eta: 0:00:43  loss: 0.1977 (0.1872)  IoU (F channel): 0.3187 (0.3779)  IoU (C channel): 0.3740 (0.4026)  L1 (Db channel): 0.0651 (0.0651)  L1 (Dn channel): 0.2921 (0.2927)  lr: 0.000052  iter-time: 1.0945
[00:19:31.995012] Epoch: [28]  [200/229]  eta: 0:00:31  loss: 0.1831 (0.1875)  IoU (F channel): 0.3292 (0.3761)  IoU (C channel): 0.3823 (0.4013)  L1 (Db channel): 0.0653 (0.0652)  L1 (Dn channel): 0.2918 (0.2927)  lr: 0.000050  iter-time: 1.0936
[00:19:42.945272] Epoch: [28]  [210/229]  eta: 0:00:20  loss: 0.1826 (0.1875)  IoU (F channel): 0.3632 (0.3757)  IoU (C channel): 0.4004 (0.4009)  L1 (Db channel): 0.0654 (0.0652)  L1 (Dn channel): 0.2926 (0.2927)  lr: 0.000048  iter-time: 1.0942
[00:19:53.888511] Epoch: [28]  [220/229]  eta: 0:00:09  loss: 0.1589 (0.1862)  IoU (F channel): 0.3665 (0.3759)  IoU (C channel): 0.4094 (0.4008)  L1 (Db channel): 0.0654 (0.0652)  L1 (Dn channel): 0.2927 (0.2927)  lr: 0.000046  iter-time: 1.0945
[00:20:02.338854] Epoch: [28]  [228/229]  eta: 0:00:01  loss: 0.1589 (0.1868)  IoU (F channel): 0.3945 (0.3771)  IoU (C channel): 0.4094 (0.4018)  L1 (Db channel): 0.0654 (0.0652)  L1 (Dn channel): 0.2930 (0.2927)  lr: 0.000044  iter-time: 1.0792
[00:20:02.339049] Epoch: [28] Total time: 0:04:12 (1.1008 s / it)
[00:20:02.339098] [Train] averaged stats: loss: 0.1589 (0.1868)  IoU (F channel): 0.3945 (0.3771)  IoU (C channel): 0.4094 (0.4018)  L1 (Db channel): 0.0654 (0.0652)  L1 (Dn channel): 0.2930 (0.2927)  lr: 0.000044
[00:20:03.781861] Epoch: [28]  [ 0/26]  eta: 0:00:37  loss: 0.0013 (0.0013)  IoU (F channel): 0.0000 (0.0000)  IoU (C channel): 0.0000 (0.0000)  L1 (Db channel): 0.0658 (0.0658)  L1 (Dn channel): 0.2921 (0.2921)  iter-time: 1.4416
[00:20:07.733014] Epoch: [28]  [10/26]  eta: 0:00:07  loss: 0.2435 (0.2379)  IoU (F channel): 0.4633 (0.4175)  IoU (C channel): 0.4079 (0.3024)  L1 (Db channel): 0.0648 (0.0648)  L1 (Dn channel): 0.2907 (0.2902)  iter-time: 0.4902
[00:20:11.211997] Epoch: [28]  [20/26]  eta: 0:00:02  loss: 0.2435 (0.2327)  IoU (F channel): 0.4595 (0.3608)  IoU (C channel): 0.3526 (0.2834)  L1 (Db channel): 0.0642 (0.0648)  L1 (Dn channel): 0.2909 (0.2915)  iter-time: 0.3715
[00:20:12.875376] Epoch: [28]  [25/26]  eta: 0:00:00  loss: 0.2853 (0.2656)  IoU (F channel): 0.3830 (0.3316)  IoU (C channel): 0.3482 (0.2616)  L1 (Db channel): 0.0645 (0.0650)  L1 (Dn channel): 0.2919 (0.2920)  iter-time: 0.3444
[00:20:12.875470] Epoch: [28] Total time: 0:00:10 (0.4052 s / it)
[00:20:12.875491] [Val] averaged stats: loss: 0.2853 (0.2656)  IoU (F channel): 0.3830 (0.3316)  IoU (C channel): 0.3482 (0.2616)  L1 (Db channel): 0.0645 (0.0650)  L1 (Dn channel): 0.2919 (0.2920)
[00:20:12.875670] [Val] best loss: 0.2613 best  IoU (F channel): 0.2817 IoU (C channel): 0.2330 L1 (Db channel): 0.0707 L1 (Dn channel): 0.2999 
EarlyStopping counter: 10 out of 10
[00:20:12.890782] Early stopping
[00:20:12.890812] Training time: 2:03:58
[00:20:12.890865] Train loss: 0.18682807911691707
[00:20:12.890873] Train IoU (F channel): 0.3771121714052675
[00:20:12.890878] Train IoU (C channel): 0.40178427900549624
[00:20:12.890884] Train L1 (Db channel): 0.06519380888564097
[00:20:12.890889] Train L1 (Dn channel): 0.2927236812083482
[00:20:12.890894] Validation loss: 0.26129346260299474
[00:20:12.890904] Validation IoU (F channel): 0.28170809149742126
[00:20:12.890909] Validation IoU (C channel): 0.23299312591552734
[00:20:12.890914] Validation L1 (Db channel): 0.0707087591290474
[00:20:12.890919] Validation L1 (Dn channel): 0.29991182684898376
[00:20:12.890924] 
[00:20:12.890929] Finished Training
[00:20:12.892926] Loading checkpoint from file metrics/biapy/biapy-v2-channel-scale/checkpoints/biapy-v2-channel-scale_0-checkpoint-best.pth
[00:20:13.020805] Model weights loaded!
[00:20:13.053667] Normalization used in when creating BMZ data: {'type': 'zero_mean_unit_variance', 'percentile_clip': False, 'orig_dtype': 'float32', 'out_dtype': 'float32', 'per_channel_info': {'0': {'mean': 1.4288727045059204, 'std': 0.5233332514762878}, '1': {'mean': 4.911599636077881, 'std': 1.0978665351867676}, '2': {'mean': 1.0, 'std': 0.0}}}
[00:20:13.060914] Releasing memory . . .
