Output Data to fisbe/biapy-channel-rot
running BiaPy/biapy_prep_main.py
2026-08-06 14:10:16,667 - INFO     - main                     : source: /scratch/wmz2007/neuroinfo_fruitfly/fisbe/completely
2026-08-06 14:10:16,667 - INFO     - main                     : output: /scratch/wmz2007/neuroinfo_fruitfly/fisbe/biapy-channel-rot
2026-08-06 14:10:16,672 - INFO     - main                     : Converting train, Found (18 volumes), Processing None
2026-08-06 14:10:16,683 - INFO     - convert_split            : Save workers: 12
2026-08-06 14:10:16,683 - INFO     - convert_split            : Augmentations enabled: True
2026-08-06 14:10:16,684 - INFO     - process_samples          : /// Processing Sample [1 / 18]: R38F04-20181005_63_G3.zarr ///
2026-08-06 14:10:20,505 - INFO     - process_samples          : Number of augmentation jobs: 27
2026-08-06 14:10:20,961 - INFO     - save_and_log_data        : Saving raw to file: R38F04-20181005_63_G3_c201_r2_k0 , Dir: /scratch/wmz2007/neuroinfo_fruitfly/fisbe/biapy-channel-rot/train/raw
2026-08-06 14:10:20,961 - INFO     - save_and_log_data        : Saving label to file: R38F04-20181005_63_G3_c201_r2_k0, Dir: /scratch/wmz2007/neuroinfo_fruitfly/fisbe/biapy-channel-rot/train/label
2026-08-06 14:10:21,421 - INFO     - save_and_log_data        : Saving raw to file: R38F04-20181005_63_G3_c201_r2_k1 , Dir: /scratch/wmz2007/neuroinfo_fruitfly/fisbe/biapy-channel-rot/train/raw
2026-08-06 14:10:21,421 - INFO     - save_and_log_data        : Saving label to file: R38F04-20181005_63_G3_c201_r2_k1, Dir: /scratch/wmz2007/neuroinfo_fruitfly/fisbe/biapy-channel-rot/train/label
2026-08-06 14:10:21,876 - INFO     - save_and_log_data        : Saving raw to file: R38F04-20181005_63_G3_c201_r2_k2 , Dir: /scratch/wmz2007/neuroinfo_fruitfly/fisbe/biapy-channel-rot/train/raw
2026-08-06 14:10:21,876 - INFO     - save_and_log_data        : Saving label to file: R38F04-20181005_63_G3_c201_r2_k2, Dir: /scratch/wmz2007/neuroinfo_fruitfly/fisbe/biapy-channel-rot/train/label
2026-08-06 14:10:22,638 - INFO     - save_and_log_data        : Saving raw to file: R38F04-20181005_63_G3_c201_r1_k0 , Dir: /scratch/wmz2007/neuroinfo_fruitfly/fisbe/biapy-channel-rot/train/raw
2026-08-06 14:10:22,639 - INFO     - save_and_log_data        : Saving label to file: R38F04-20181005_63_G3_c201_r1_k0, Dir: /scratch/wmz2007/neuroinfo_fruitfly/fisbe/biapy-channel-rot/train/label
2026-08-06 14:10:23,122 - INFO     - save_and_log_data        : Saving raw to file: R38F04-20181005_63_G3_c201_r1_k1 , Dir: /scratch/wmz2007/neuroinfo_fruitfly/fisbe/biapy-channel-rot/train/raw
2026-08-06 14:10:23,122 - INFO     - save_and_log_data        : Saving label to file: R38F04-20181005_63_G3_c201_r1_k1, Dir: /scratch/wmz2007/neuroinfo_fruitfly/fisbe/biapy-channel-rot/train/label
2026-08-06 14:10:24,824 - INFO     - save_and_log_data        : Saving raw to file: R38F04-20181005_63_G3_c201_r1_k2 , Dir: /scratch/wmz2007/neuroinfo_fruitfly/fisbe/biapy-channel-rot/train/raw
2026-08-06 14:10:24,844 - INFO     - save_and_log_data        : Saving label to file: R38F04-20181005_63_G3_c201_r1_k2, Dir: /scratch/wmz2007/neuroinfo_fruitfly/fisbe/biapy-channel-rot/train/label
2026-08-06 14:10:25,304 - INFO     - save_and_log_data        : Saving raw to file: R38F04-20181005_63_G3_c201_r0_k0 , Dir: /scratch/wmz2007/neuroinfo_fruitfly/fisbe/biapy-channel-rot/train/raw
2026-08-06 14:10:25,304 - INFO     - save_and_log_data        : Saving label to file: R38F04-20181005_63_G3_c201_r0_k0, Dir: /scratch/wmz2007/neuroinfo_fruitfly/fisbe/biapy-channel-rot/train/label
2026-08-06 14:10:25,798 - INFO     - save_and_log_data        : Saving raw to file: R38F04-20181005_63_G3_c201_r0_k1 , Dir: /scratch/wmz2007/neuroinfo_fruitfly/fisbe/biapy-channel-rot/train/raw
2026-08-06 14:10:25,798 - INFO     - save_and_log_data        : Saving label to file: R38F04-20181005_63_G3_c201_r0_k1, Dir: /scratch/wmz2007/neuroinfo_fruitfly/fisbe/biapy-channel-rot/train/label
2026-08-06 14:10:26,280 - INFO     - save_and_log_data        : Saving raw to file: R38F04-20181005_63_G3_c201_r0_k2 , Dir: /scratch/wmz2007/neuroinfo_fruitfly/fisbe/biapy-channel-rot/train/raw
2026-08-06 14:10:26,280 - INFO     - save_and_log_data        : Saving label to file: R38F04-20181005_63_G3_c201_r0_k2, Dir: /scratch/wmz2007/neuroinfo_fruitfly/fisbe/biapy-channel-rot/train/label
2026-08-06 14:10:27,632 - INFO     - save_and_log_data        : Saving raw to file: R38F04-20181005_63_G3_c012_r2_k0 , Dir: /scratch/wmz2007/neuroinfo_fruitfly/fisbe/biapy-channel-rot/train/raw
2026-08-06 14:10:28,171 - INFO     - save_and_log_data        : Saving label to file: R38F04-20181005_63_G3_c012_r2_k0, Dir: /scratch/wmz2007/neuroinfo_fruitfly/fisbe/biapy-channel-rot/train/label
2026-08-06 14:10:28,174 - INFO     - save_and_log_data        : Saving raw to file: R38F04-20181005_63_G3_c012_r2_k1 , Dir: /scratch/wmz2007/neuroinfo_fruitfly/fisbe/biapy-channel-rot/train/raw
2026-08-06 14:10:28,174 - INFO     - save_and_log_data        : Saving label to file: R38F04-20181005_63_G3_c012_r2_k1, Dir: /scratch/wmz2007/neuroinfo_fruitfly/fisbe/biapy-channel-rot/train/label
2026-08-06 14:10:30,209 - INFO     - save_and_log_data        : Saving raw to file: R38F04-20181005_63_G3_c012_r2_k2 , Dir: /scratch/wmz2007/neuroinfo_fruitfly/fisbe/biapy-channel-rot/train/raw
2026-08-06 14:10:30,209 - INFO     - save_and_log_data        : Saving raw to file: R38F04-20181005_63_G3_c012_r1_k0 , Dir: /scratch/wmz2007/neuroinfo_fruitfly/fisbe/biapy-channel-rot/train/raw
2026-08-06 14:10:30,687 - INFO     - save_and_log_data        : Saving label to file: R38F04-20181005_63_G3_c012_r2_k2, Dir: /scratch/wmz2007/neuroinfo_fruitfly/fisbe/biapy-channel-rot/train/label
2026-08-06 14:10:30,689 - INFO     - save_and_log_data        : Saving label to file: R38F04-20181005_63_G3_c012_r1_k0, Dir: /scratch/wmz2007/neuroinfo_fruitfly/fisbe/biapy-channel-rot/train/label
2026-08-06 14:10:31,195 - INFO     - save_and_log_data        : Saving raw to file: R38F04-20181005_63_G3_c012_r1_k1 , Dir: /scratch/wmz2007/neuroinfo_fruitfly/fisbe/biapy-channel-rot/train/raw
2026-08-06 14:10:31,195 - INFO     - save_and_log_data        : Saving label to file: R38F04-20181005_63_G3_c012_r1_k1, Dir: /scratch/wmz2007/neuroinfo_fruitfly/fisbe/biapy-channel-rot/train/label
2026-08-06 14:10:32,690 - INFO     - save_and_log_data        : Saving raw to file: R38F04-20181005_63_G3_c012_r1_k2 , Dir: /scratch/wmz2007/neuroinfo_fruitfly/fisbe/biapy-channel-rot/train/raw
2026-08-06 14:10:32,702 - INFO     - save_and_log_data        : Saving raw to file: R38F04-20181005_63_G3_c012_r0_k0 , Dir: /scratch/wmz2007/neuroinfo_fruitfly/fisbe/biapy-channel-rot/train/raw
2026-08-06 14:10:32,722 - INFO     - save_and_log_data        : Saving label to file: R38F04-20181005_63_G3_c012_r1_k2, Dir: /scratch/wmz2007/neuroinfo_fruitfly/fisbe/biapy-channel-rot/train/label
2026-08-06 14:10:32,722 - INFO     - save_and_log_data        : Saving label to file: R38F04-20181005_63_G3_c012_r0_k0, Dir: /scratch/wmz2007/neuroinfo_fruitfly/fisbe/biapy-channel-rot/train/label
2026-08-06 14:10:33,236 - INFO     - save_and_log_data        : Saving raw to file: R38F04-20181005_63_G3_c012_r0_k1 , Dir: /scratch/wmz2007/neuroinfo_fruitfly/fisbe/biapy-channel-rot/train/raw
2026-08-06 14:10:33,236 - INFO     - save_and_log_data        : Saving label to file: R38F04-20181005_63_G3_c012_r0_k1, Dir: /scratch/wmz2007/neuroinfo_fruitfly/fisbe/biapy-channel-rot/train/label
2026-08-06 14:10:34,050 - INFO     - save_and_log_data        : Saving raw to file: R38F04-20181005_63_G3_c012_r0_k2 , Dir: /scratch/wmz2007/neuroinfo_fruitfly/fisbe/biapy-channel-rot/train/raw
2026-08-06 14:10:34,050 - INFO     - save_and_log_data        : Saving label to file: R38F04-20181005_63_G3_c012_r0_k2, Dir: /scratch/wmz2007/neuroinfo_fruitfly/fisbe/biapy-channel-rot/train/label
2026-08-06 14:10:34,705 - INFO     - save_and_log_data        : Saving raw to file: R38F04-20181005_63_G3_c120_r2_k0 , Dir: /scratch/wmz2007/neuroinfo_fruitfly/fisbe/biapy-channel-rot/train/raw
2026-08-06 14:10:34,705 - INFO     - save_and_log_data        : Saving label to file: R38F04-20181005_63_G3_c120_r2_k0, Dir: /scratch/wmz2007/neuroinfo_fruitfly/fisbe/biapy-channel-rot/train/label
2026-08-06 14:10:36,714 - INFO     - save_and_log_data        : Saving raw to file: R38F04-20181005_63_G3_c120_r2_k1 , Dir: /scratch/wmz2007/neuroinfo_fruitfly/fisbe/biapy-channel-rot/train/raw
2026-08-06 14:10:36,738 - INFO     - save_and_log_data        : Saving label to file: R38F04-20181005_63_G3_c120_r2_k1, Dir: /scratch/wmz2007/neuroinfo_fruitfly/fisbe/biapy-channel-rot/train/label
2026-08-06 14:10:36,969 - INFO     - save_and_log_data        : Saving raw to file: R38F04-20181005_63_G3_c120_r2_k2 , Dir: /scratch/wmz2007/neuroinfo_fruitfly/fisbe/biapy-channel-rot/train/raw
2026-08-06 14:10:36,969 - INFO     - save_and_log_data        : Saving label to file: R38F04-20181005_63_G3_c120_r2_k2, Dir: /scratch/wmz2007/neuroinfo_fruitfly/fisbe/biapy-channel-rot/train/label
2026-08-06 14:10:38,236 - INFO     - save_and_log_data        : Saving raw to file: R38F04-20181005_63_G3_c120_r1_k0 , Dir: /scratch/wmz2007/neuroinfo_fruitfly/fisbe/biapy-channel-rot/train/raw
2026-08-06 14:10:38,237 - INFO     - save_and_log_data        : Saving label to file: R38F04-20181005_63_G3_c120_r1_k0, Dir: /scratch/wmz2007/neuroinfo_fruitfly/fisbe/biapy-channel-rot/train/label
2026-08-06 14:10:38,776 - INFO     - save_and_log_data        : Saving raw to file: R38F04-20181005_63_G3_c120_r1_k1 , Dir: /scratch/wmz2007/neuroinfo_fruitfly/fisbe/biapy-channel-rot/train/raw
2026-08-06 14:10:38,776 - INFO     - save_and_log_data        : Saving label to file: R38F04-20181005_63_G3_c120_r1_k1, Dir: /scratch/wmz2007/neuroinfo_fruitfly/fisbe/biapy-channel-rot/train/label
2026-08-06 14:10:40,899 - INFO     - save_and_log_data        : Saving raw to file: R38F04-20181005_63_G3_c120_r1_k2 , Dir: /scratch/wmz2007/neuroinfo_fruitfly/fisbe/biapy-channel-rot/train/raw
2026-08-06 14:10:40,900 - INFO     - save_and_log_data        : Saving label to file: R38F04-20181005_63_G3_c120_r1_k2, Dir: /scratch/wmz2007/neuroinfo_fruitfly/fisbe/biapy-channel-rot/train/label
2026-08-06 14:10:41,433 - INFO     - save_and_log_data        : Saving raw to file: R38F04-20181005_63_G3_c120_r0_k0 , Dir: /scratch/wmz2007/neuroinfo_fruitfly/fisbe/biapy-channel-rot/train/raw
2026-08-06 14:10:41,433 - INFO     - save_and_log_data        : Saving label to file: R38F04-20181005_63_G3_c120_r0_k0, Dir: /scratch/wmz2007/neuroinfo_fruitfly/fisbe/biapy-channel-rot/train/label
2026-08-06 14:10:41,973 - INFO     - save_and_log_data        : Saving raw to file: R38F04-20181005_63_G3_c120_r0_k1 , Dir: /scratch/wmz2007/neuroinfo_fruitfly/fisbe/biapy-channel-rot/train/raw
2026-08-06 14:10:41,973 - INFO     - save_and_log_data        : Saving label to file: R38F04-20181005_63_G3_c120_r0_k1, Dir: /scratch/wmz2007/neuroinfo_fruitfly/fisbe/biapy-channel-rot/train/label
2026-08-06 14:10:42,507 - INFO     - save_and_log_data        : Saving raw to file: R38F04-20181005_63_G3_c120_r0_k2 , Dir: /scratch/wmz2007/neuroinfo_fruitfly/fisbe/biapy-channel-rot/train/raw
2026-08-06 14:10:42,507 - INFO     - save_and_log_data        : Saving label to file: R38F04-20181005_63_G3_c120_r0_k2, Dir: /scratch/wmz2007/neuroinfo_fruitfly/fisbe/biapy-channel-rot/train/label
2026-08-06 14:10:42,508 - INFO     - process_samples          : /// Processing Sample [2 / 18]: R38F04-20181005_63_G5.zarr ///
2026-08-06 14:10:50,257 - INFO     - process_samples          : Number of augmentation jobs: 27
2026-08-06 14:10:50,731 - INFO     - save_and_log_data        : Saving raw to file: R38F04-20181005_63_G5_c120_r0_k2 , Dir: /scratch/wmz2007/neuroinfo_fruitfly/fisbe/biapy-channel-rot/train/raw
2026-08-06 14:10:50,731 - INFO     - save_and_log_data        : Saving label to file: R38F04-20181005_63_G5_c120_r0_k2, Dir: /scratch/wmz2007/neuroinfo_fruitfly/fisbe/biapy-channel-rot/train/label
2026-08-06 14:10:51,196 - INFO     - save_and_log_data        : Saving raw to file: R38F04-20181005_63_G5_c120_r0_k0 , Dir: /scratch/wmz2007/neuroinfo_fruitfly/fisbe/biapy-channel-rot/train/raw
2026-08-06 14:10:51,197 - INFO     - save_and_log_data        : Saving label to file: R38F04-20181005_63_G5_c120_r0_k0, Dir: /scratch/wmz2007/neuroinfo_fruitfly/fisbe/biapy-channel-rot/train/label
2026-08-06 14:10:51,851 - INFO     - save_and_log_data        : Saving raw to file: R38F04-20181005_63_G5_c120_r0_k3 , Dir: /scratch/wmz2007/neuroinfo_fruitfly/fisbe/biapy-channel-rot/train/raw
2026-08-06 14:10:51,852 - INFO     - save_and_log_data        : Saving label to file: R38F04-20181005_63_G5_c120_r0_k3, Dir: /scratch/wmz2007/neuroinfo_fruitfly/fisbe/biapy-channel-rot/train/label
2026-08-06 14:10:53,126 - INFO     - save_and_log_data        : Saving raw to file: R38F04-20181005_63_G5_c120_r1_k2 , Dir: /scratch/wmz2007/neuroinfo_fruitfly/fisbe/biapy-channel-rot/train/raw
2026-08-06 14:10:53,127 - INFO     - save_and_log_data        : Saving label to file: R38F04-20181005_63_G5_c120_r1_k2, Dir: /scratch/wmz2007/neuroinfo_fruitfly/fisbe/biapy-channel-rot/train/label
2026-08-06 14:10:54,283 - INFO     - save_and_log_data        : Saving raw to file: R38F04-20181005_63_G5_c120_r1_k0 , Dir: /scratch/wmz2007/neuroinfo_fruitfly/fisbe/biapy-channel-rot/train/raw
2026-08-06 14:10:54,290 - INFO     - save_and_log_data        : Saving label to file: R38F04-20181005_63_G5_c120_r1_k0, Dir: /scratch/wmz2007/neuroinfo_fruitfly/fisbe/biapy-channel-rot/train/label
2026-08-06 14:10:55,071 - INFO     - save_and_log_data        : Saving raw to file: R38F04-20181005_63_G5_c120_r1_k3 , Dir: /scratch/wmz2007/neuroinfo_fruitfly/fisbe/biapy-channel-rot/train/raw
2026-08-06 14:10:55,071 - INFO     - save_and_log_data        : Saving label to file: R38F04-20181005_63_G5_c120_r1_k3, Dir: /scratch/wmz2007/neuroinfo_fruitfly/fisbe/biapy-channel-rot/train/label
2026-08-06 14:10:56,493 - INFO     - save_and_log_data        : Saving raw to file: R38F04-20181005_63_G5_c120_r2_k2 , Dir: /scratch/wmz2007/neuroinfo_fruitfly/fisbe/biapy-channel-rot/train/raw
2026-08-06 14:10:56,493 - INFO     - save_and_log_data        : Saving label to file: R38F04-20181005_63_G5_c120_r2_k2, Dir: /scratch/wmz2007/neuroinfo_fruitfly/fisbe/biapy-channel-rot/train/label
2026-08-06 14:10:57,187 - INFO     - save_and_log_data        : Saving raw to file: R38F04-20181005_63_G5_c120_r2_k0 , Dir: /scratch/wmz2007/neuroinfo_fruitfly/fisbe/biapy-channel-rot/train/raw
2026-08-06 14:10:57,188 - INFO     - save_and_log_data        : Saving label to file: R38F04-20181005_63_G5_c120_r2_k0, Dir: /scratch/wmz2007/neuroinfo_fruitfly/fisbe/biapy-channel-rot/train/label
2026-08-06 14:10:58,778 - INFO     - save_and_log_data        : Saving raw to file: R38F04-20181005_63_G5_c120_r2_k3 , Dir: /scratch/wmz2007/neuroinfo_fruitfly/fisbe/biapy-channel-rot/train/raw
2026-08-06 14:10:58,779 - INFO     - save_and_log_data        : Saving label to file: R38F04-20181005_63_G5_c120_r2_k3, Dir: /scratch/wmz2007/neuroinfo_fruitfly/fisbe/biapy-channel-rot/train/label
2026-08-06 14:11:00,017 - INFO     - save_and_log_data        : Saving raw to file: R38F04-20181005_63_G5_c012_r0_k2 , Dir: /scratch/wmz2007/neuroinfo_fruitfly/fisbe/biapy-channel-rot/train/raw
2026-08-06 14:11:00,024 - INFO     - save_and_log_data        : Saving label to file: R38F04-20181005_63_G5_c012_r0_k2, Dir: /scratch/wmz2007/neuroinfo_fruitfly/fisbe/biapy-channel-rot/train/label
2026-08-06 14:11:00,569 - INFO     - save_and_log_data        : Saving raw to file: R38F04-20181005_63_G5_c012_r0_k0 , Dir: /scratch/wmz2007/neuroinfo_fruitfly/fisbe/biapy-channel-rot/train/raw
2026-08-06 14:11:00,569 - INFO     - save_and_log_data        : Saving label to file: R38F04-20181005_63_G5_c012_r0_k0, Dir: /scratch/wmz2007/neuroinfo_fruitfly/fisbe/biapy-channel-rot/train/label
2026-08-06 14:11:02,192 - INFO     - save_and_log_data        : Saving raw to file: R38F04-20181005_63_G5_c012_r0_k3 , Dir: /scratch/wmz2007/neuroinfo_fruitfly/fisbe/biapy-channel-rot/train/raw
2026-08-06 14:11:02,193 - INFO     - save_and_log_data        : Saving label to file: R38F04-20181005_63_G5_c012_r0_k3, Dir: /scratch/wmz2007/neuroinfo_fruitfly/fisbe/biapy-channel-rot/train/label
2026-08-06 14:11:04,099 - INFO     - save_and_log_data        : Saving raw to file: R38F04-20181005_63_G5_c012_r1_k2 , Dir: /scratch/wmz2007/neuroinfo_fruitfly/fisbe/biapy-channel-rot/train/raw
2026-08-06 14:11:04,104 - INFO     - save_and_log_data        : Saving label to file: R38F04-20181005_63_G5_c012_r1_k2, Dir: /scratch/wmz2007/neuroinfo_fruitfly/fisbe/biapy-channel-rot/train/label
2026-08-06 14:11:04,275 - INFO     - save_and_log_data        : Saving raw to file: R38F04-20181005_63_G5_c012_r1_k0 , Dir: /scratch/wmz2007/neuroinfo_fruitfly/fisbe/biapy-channel-rot/train/raw
2026-08-06 14:11:04,275 - INFO     - save_and_log_data        : Saving label to file: R38F04-20181005_63_G5_c012_r1_k0, Dir: /scratch/wmz2007/neuroinfo_fruitfly/fisbe/biapy-channel-rot/train/label
2026-08-06 14:11:05,354 - INFO     - save_and_log_data        : Saving raw to file: R38F04-20181005_63_G5_c012_r1_k3 , Dir: /scratch/wmz2007/neuroinfo_fruitfly/fisbe/biapy-channel-rot/train/raw
2026-08-06 14:11:05,355 - INFO     - save_and_log_data        : Saving label to file: R38F04-20181005_63_G5_c012_r1_k3, Dir: /scratch/wmz2007/neuroinfo_fruitfly/fisbe/biapy-channel-rot/train/label
2026-08-06 14:11:06,038 - INFO     - save_and_log_data        : Saving raw to file: R38F04-20181005_63_G5_c012_r2_k2 , Dir: /scratch/wmz2007/neuroinfo_fruitfly/fisbe/biapy-channel-rot/train/raw
2026-08-06 14:11:06,038 - INFO     - save_and_log_data        : Saving label to file: R38F04-20181005_63_G5_c012_r2_k2, Dir: /scratch/wmz2007/neuroinfo_fruitfly/fisbe/biapy-channel-rot/train/label
2026-08-06 14:11:07,386 - INFO     - save_and_log_data        : Saving raw to file: R38F04-20181005_63_G5_c012_r2_k0 , Dir: /scratch/wmz2007/neuroinfo_fruitfly/fisbe/biapy-channel-rot/train/raw
2026-08-06 14:11:07,386 - INFO     - save_and_log_data        : Saving label to file: R38F04-20181005_63_G5_c012_r2_k0, Dir: /scratch/wmz2007/neuroinfo_fruitfly/fisbe/biapy-channel-rot/train/label
2026-08-06 14:11:08,056 - INFO     - save_and_log_data        : Saving raw to file: R38F04-20181005_63_G5_c012_r2_k3 , Dir: /scratch/wmz2007/neuroinfo_fruitfly/fisbe/biapy-channel-rot/train/raw
2026-08-06 14:11:08,057 - INFO     - save_and_log_data        : Saving label to file: R38F04-20181005_63_G5_c012_r2_k3, Dir: /scratch/wmz2007/neuroinfo_fruitfly/fisbe/biapy-channel-rot/train/label
2026-08-06 14:11:09,355 - INFO     - save_and_log_data        : Saving raw to file: R38F04-20181005_63_G5_c201_r0_k2 , Dir: /scratch/wmz2007/neuroinfo_fruitfly/fisbe/biapy-channel-rot/train/raw
2026-08-06 14:11:09,356 - INFO     - save_and_log_data        : Saving label to file: R38F04-20181005_63_G5_c201_r0_k2, Dir: /scratch/wmz2007/neuroinfo_fruitfly/fisbe/biapy-channel-rot/train/label
2026-08-06 14:11:09,907 - INFO     - save_and_log_data        : Saving raw to file: R38F04-20181005_63_G5_c201_r0_k0 , Dir: /scratch/wmz2007/neuroinfo_fruitfly/fisbe/biapy-channel-rot/train/raw
2026-08-06 14:11:09,907 - INFO     - save_and_log_data        : Saving label to file: R38F04-20181005_63_G5_c201_r0_k0, Dir: /scratch/wmz2007/neuroinfo_fruitfly/fisbe/biapy-channel-rot/train/label
2026-08-06 14:11:11,484 - INFO     - save_and_log_data        : Saving raw to file: R38F04-20181005_63_G5_c201_r0_k3 , Dir: /scratch/wmz2007/neuroinfo_fruitfly/fisbe/biapy-channel-rot/train/raw
2026-08-06 14:11:11,486 - INFO     - save_and_log_data        : Saving label to file: R38F04-20181005_63_G5_c201_r0_k3, Dir: /scratch/wmz2007/neuroinfo_fruitfly/fisbe/biapy-channel-rot/train/label
2026-08-06 14:11:13,357 - INFO     - save_and_log_data        : Saving raw to file: R38F04-20181005_63_G5_c201_r1_k2 , Dir: /scratch/wmz2007/neuroinfo_fruitfly/fisbe/biapy-channel-rot/train/raw
2026-08-06 14:11:13,377 - INFO     - save_and_log_data        : Saving label to file: R38F04-20181005_63_G5_c201_r1_k2, Dir: /scratch/wmz2007/neuroinfo_fruitfly/fisbe/biapy-channel-rot/train/label
2026-08-06 14:11:13,864 - INFO     - save_and_log_data        : Saving raw to file: R38F04-20181005_63_G5_c201_r1_k0 , Dir: /scratch/wmz2007/neuroinfo_fruitfly/fisbe/biapy-channel-rot/train/raw
2026-08-06 14:11:13,864 - INFO     - save_and_log_data        : Saving label to file: R38F04-20181005_63_G5_c201_r1_k0, Dir: /scratch/wmz2007/neuroinfo_fruitfly/fisbe/biapy-channel-rot/train/label
2026-08-06 14:11:14,711 - INFO     - save_and_log_data        : Saving raw to file: R38F04-20181005_63_G5_c201_r1_k3 , Dir: /scratch/wmz2007/neuroinfo_fruitfly/fisbe/biapy-channel-rot/train/raw
2026-08-06 14:11:14,711 - INFO     - save_and_log_data        : Saving label to file: R38F04-20181005_63_G5_c201_r1_k3, Dir: /scratch/wmz2007/neuroinfo_fruitfly/fisbe/biapy-channel-rot/train/label
2026-08-06 14:11:16,354 - INFO     - save_and_log_data        : Saving raw to file: R38F04-20181005_63_G5_c201_r2_k2 , Dir: /scratch/wmz2007/neuroinfo_fruitfly/fisbe/biapy-channel-rot/train/raw
2026-08-06 14:11:16,354 - INFO     - save_and_log_data        : Saving label to file: R38F04-20181005_63_G5_c201_r2_k2, Dir: /scratch/wmz2007/neuroinfo_fruitfly/fisbe/biapy-channel-rot/train/label
2026-08-06 14:11:17,049 - INFO     - save_and_log_data        : Saving raw to file: R38F04-20181005_63_G5_c201_r2_k0 , Dir: /scratch/wmz2007/neuroinfo_fruitfly/fisbe/biapy-channel-rot/train/raw
2026-08-06 14:11:17,049 - INFO     - save_and_log_data        : Saving label to file: R38F04-20181005_63_G5_c201_r2_k0, Dir: /scratch/wmz2007/neuroinfo_fruitfly/fisbe/biapy-channel-rot/train/label
2026-08-06 14:11:17,595 - INFO     - save_and_log_data        : Saving raw to file: R38F04-20181005_63_G5_c201_r2_k3 , Dir: /scratch/wmz2007/neuroinfo_fruitfly/fisbe/biapy-channel-rot/train/raw
2026-08-06 14:11:17,595 - INFO     - save_and_log_data        : Saving label to file: R38F04-20181005_63_G5_c201_r2_k3, Dir: /scratch/wmz2007/neuroinfo_fruitfly/fisbe/biapy-channel-rot/train/label
2026-08-06 14:11:17,596 - INFO     - process_samples          : /// Processing Sample [3 / 18]: R38F04-20181005_63_H1.zarr ///
2026-08-06 14:11:24,796 - INFO     - process_samples          : Number of augmentation jobs: 27
2026-08-06 14:11:25,244 - INFO     - save_and_log_data        : Saving raw to file: R38F04-20181005_63_H1_c210_r0_k2 , Dir: /scratch/wmz2007/neuroinfo_fruitfly/fisbe/biapy-channel-rot/train/raw
2026-08-06 14:11:25,244 - INFO     - save_and_log_data        : Saving label to file: R38F04-20181005_63_H1_c210_r0_k2, Dir: /scratch/wmz2007/neuroinfo_fruitfly/fisbe/biapy-channel-rot/train/label
2026-08-06 14:11:25,698 - INFO     - save_and_log_data        : Saving raw to file: R38F04-20181005_63_H1_c210_r0_k0 , Dir: /scratch/wmz2007/neuroinfo_fruitfly/fisbe/biapy-channel-rot/train/raw
2026-08-06 14:11:25,699 - INFO     - save_and_log_data        : Saving label to file: R38F04-20181005_63_H1_c210_r0_k0, Dir: /scratch/wmz2007/neuroinfo_fruitfly/fisbe/biapy-channel-rot/train/label
2026-08-06 14:11:26,667 - INFO     - save_and_log_data        : Saving raw to file: R38F04-20181005_63_H1_c210_r0_k1 , Dir: /scratch/wmz2007/neuroinfo_fruitfly/fisbe/biapy-channel-rot/train/raw
2026-08-06 14:11:26,667 - INFO     - save_and_log_data        : Saving label to file: R38F04-20181005_63_H1_c210_r0_k1, Dir: /scratch/wmz2007/neuroinfo_fruitfly/fisbe/biapy-channel-rot/train/label
2026-08-06 14:11:28,026 - INFO     - save_and_log_data        : Saving raw to file: R38F04-20181005_63_H1_c210_r1_k2 , Dir: /scratch/wmz2007/neuroinfo_fruitfly/fisbe/biapy-channel-rot/train/raw
2026-08-06 14:11:28,026 - INFO     - save_and_log_data        : Saving label to file: R38F04-20181005_63_H1_c210_r1_k2, Dir: /scratch/wmz2007/neuroinfo_fruitfly/fisbe/biapy-channel-rot/train/label
2026-08-06 14:11:28,752 - INFO     - save_and_log_data        : Saving raw to file: R38F04-20181005_63_H1_c210_r1_k0 , Dir: /scratch/wmz2007/neuroinfo_fruitfly/fisbe/biapy-channel-rot/train/raw
2026-08-06 14:11:28,752 - INFO     - save_and_log_data        : Saving label to file: R38F04-20181005_63_H1_c210_r1_k0, Dir: /scratch/wmz2007/neuroinfo_fruitfly/fisbe/biapy-channel-rot/train/label
2026-08-06 14:11:29,288 - INFO     - save_and_log_data        : Saving raw to file: R38F04-20181005_63_H1_c210_r1_k1 , Dir: /scratch/wmz2007/neuroinfo_fruitfly/fisbe/biapy-channel-rot/train/raw
2026-08-06 14:11:29,288 - INFO     - save_and_log_data        : Saving label to file: R38F04-20181005_63_H1_c210_r1_k1, Dir: /scratch/wmz2007/neuroinfo_fruitfly/fisbe/biapy-channel-rot/train/label
2026-08-06 14:11:31,195 - INFO     - save_and_log_data        : Saving raw to file: R38F04-20181005_63_H1_c210_r2_k2 , Dir: /scratch/wmz2007/neuroinfo_fruitfly/fisbe/biapy-channel-rot/train/raw
2026-08-06 14:11:31,195 - INFO     - save_and_log_data        : Saving label to file: R38F04-20181005_63_H1_c210_r2_k2, Dir: /scratch/wmz2007/neuroinfo_fruitfly/fisbe/biapy-channel-rot/train/label
2026-08-06 14:11:31,684 - INFO     - save_and_log_data        : Saving raw to file: R38F04-20181005_63_H1_c210_r2_k0 , Dir: /scratch/wmz2007/neuroinfo_fruitfly/fisbe/biapy-channel-rot/train/raw
2026-08-06 14:11:31,684 - INFO     - save_and_log_data        : Saving label to file: R38F04-20181005_63_H1_c210_r2_k0, Dir: /scratch/wmz2007/neuroinfo_fruitfly/fisbe/biapy-channel-rot/train/label
2026-08-06 14:11:32,423 - INFO     - save_and_log_data        : Saving raw to file: R38F04-20181005_63_H1_c210_r2_k1 , Dir: /scratch/wmz2007/neuroinfo_fruitfly/fisbe/biapy-channel-rot/train/raw
2026-08-06 14:11:32,423 - INFO     - save_and_log_data        : Saving label to file: R38F04-20181005_63_H1_c210_r2_k1, Dir: /scratch/wmz2007/neuroinfo_fruitfly/fisbe/biapy-channel-rot/train/label
2026-08-06 14:11:33,332 - INFO     - save_and_log_data        : Saving raw to file: R38F04-20181005_63_H1_c021_r0_k2 , Dir: /scratch/wmz2007/neuroinfo_fruitfly/fisbe/biapy-channel-rot/train/raw
2026-08-06 14:11:33,332 - INFO     - save_and_log_data        : Saving label to file: R38F04-20181005_63_H1_c021_r0_k2, Dir: /scratch/wmz2007/neuroinfo_fruitfly/fisbe/biapy-channel-rot/train/label
2026-08-06 14:11:34,146 - INFO     - save_and_log_data        : Saving raw to file: R38F04-20181005_63_H1_c021_r0_k0 , Dir: /scratch/wmz2007/neuroinfo_fruitfly/fisbe/biapy-channel-rot/train/raw
2026-08-06 14:11:34,146 - INFO     - save_and_log_data        : Saving label to file: R38F04-20181005_63_H1_c021_r0_k0, Dir: /scratch/wmz2007/neuroinfo_fruitfly/fisbe/biapy-channel-rot/train/label
2026-08-06 14:11:35,780 - INFO     - save_and_log_data        : Saving raw to file: R38F04-20181005_63_H1_c021_r0_k1 , Dir: /scratch/wmz2007/neuroinfo_fruitfly/fisbe/biapy-channel-rot/train/raw
2026-08-06 14:11:35,780 - INFO     - save_and_log_data        : Saving label to file: R38F04-20181005_63_H1_c021_r0_k1, Dir: /scratch/wmz2007/neuroinfo_fruitfly/fisbe/biapy-channel-rot/train/label
2026-08-06 14:11:37,533 - INFO     - save_and_log_data        : Saving raw to file: R38F04-20181005_63_H1_c021_r1_k2 , Dir: /scratch/wmz2007/neuroinfo_fruitfly/fisbe/biapy-channel-rot/train/raw
2026-08-06 14:11:37,533 - INFO     - save_and_log_data        : Saving label to file: R38F04-20181005_63_H1_c021_r1_k2, Dir: /scratch/wmz2007/neuroinfo_fruitfly/fisbe/biapy-channel-rot/train/label
2026-08-06 14:11:37,999 - INFO     - save_and_log_data        : Saving raw to file: R38F04-20181005_63_H1_c021_r1_k0 , Dir: /scratch/wmz2007/neuroinfo_fruitfly/fisbe/biapy-channel-rot/train/raw
2026-08-06 14:11:37,999 - INFO     - save_and_log_data        : Saving label to file: R38F04-20181005_63_H1_c021_r1_k0, Dir: /scratch/wmz2007/neuroinfo_fruitfly/fisbe/biapy-channel-rot/train/label
2026-08-06 14:11:38,837 - INFO     - save_and_log_data        : Saving raw to file: R38F04-20181005_63_H1_c021_r1_k1 , Dir: /scratch/wmz2007/neuroinfo_fruitfly/fisbe/biapy-channel-rot/train/raw
2026-08-06 14:11:38,837 - INFO     - save_and_log_data        : Saving label to file: R38F04-20181005_63_H1_c021_r1_k1, Dir: /scratch/wmz2007/neuroinfo_fruitfly/fisbe/biapy-channel-rot/train/label
2026-08-06 14:11:39,428 - INFO     - save_and_log_data        : Saving raw to file: R38F04-20181005_63_H1_c021_r2_k2 , Dir: /scratch/wmz2007/neuroinfo_fruitfly/fisbe/biapy-channel-rot/train/raw
2026-08-06 14:11:39,428 - INFO     - save_and_log_data        : Saving label to file: R38F04-20181005_63_H1_c021_r2_k2, Dir: /scratch/wmz2007/neuroinfo_fruitfly/fisbe/biapy-channel-rot/train/label
2026-08-06 14:11:40,539 - INFO     - save_and_log_data        : Saving raw to file: R38F04-20181005_63_H1_c021_r2_k0 , Dir: /scratch/wmz2007/neuroinfo_fruitfly/fisbe/biapy-channel-rot/train/raw
2026-08-06 14:11:40,539 - INFO     - save_and_log_data        : Saving label to file: R38F04-20181005_63_H1_c021_r2_k0, Dir: /scratch/wmz2007/neuroinfo_fruitfly/fisbe/biapy-channel-rot/train/label
2026-08-06 14:11:41,147 - INFO     - save_and_log_data        : Saving raw to file: R38F04-20181005_63_H1_c021_r2_k1 , Dir: /scratch/wmz2007/neuroinfo_fruitfly/fisbe/biapy-channel-rot/train/raw
2026-08-06 14:11:41,147 - INFO     - save_and_log_data        : Saving label to file: R38F04-20181005_63_H1_c021_r2_k1, Dir: /scratch/wmz2007/neuroinfo_fruitfly/fisbe/biapy-channel-rot/train/label
2026-08-06 14:11:42,308 - INFO     - save_and_log_data        : Saving raw to file: R38F04-20181005_63_H1_c120_r0_k2 , Dir: /scratch/wmz2007/neuroinfo_fruitfly/fisbe/biapy-channel-rot/train/raw
2026-08-06 14:11:42,309 - INFO     - save_and_log_data        : Saving label to file: R38F04-20181005_63_H1_c120_r0_k2, Dir: /scratch/wmz2007/neuroinfo_fruitfly/fisbe/biapy-channel-rot/train/label
2026-08-06 14:11:43,078 - INFO     - save_and_log_data        : Saving raw to file: R38F04-20181005_63_H1_c120_r0_k0 , Dir: /scratch/wmz2007/neuroinfo_fruitfly/fisbe/biapy-channel-rot/train/raw
2026-08-06 14:11:43,078 - INFO     - save_and_log_data        : Saving label to file: R38F04-20181005_63_H1_c120_r0_k0, Dir: /scratch/wmz2007/neuroinfo_fruitfly/fisbe/biapy-channel-rot/train/label
2026-08-06 14:11:44,423 - INFO     - save_and_log_data        : Saving raw to file: R38F04-20181005_63_H1_c120_r0_k1 , Dir: /scratch/wmz2007/neuroinfo_fruitfly/fisbe/biapy-channel-rot/train/raw
2026-08-06 14:11:44,430 - INFO     - save_and_log_data        : Saving label to file: R38F04-20181005_63_H1_c120_r0_k1, Dir: /scratch/wmz2007/neuroinfo_fruitfly/fisbe/biapy-channel-rot/train/label
2026-08-06 14:11:45,118 - INFO     - save_and_log_data        : Saving raw to file: R38F04-20181005_63_H1_c120_r1_k2 , Dir: /scratch/wmz2007/neuroinfo_fruitfly/fisbe/biapy-channel-rot/train/raw
2026-08-06 14:11:45,119 - INFO     - save_and_log_data        : Saving label to file: R38F04-20181005_63_H1_c120_r1_k2, Dir: /scratch/wmz2007/neuroinfo_fruitfly/fisbe/biapy-channel-rot/train/label
2026-08-06 14:11:46,159 - INFO     - save_and_log_data        : Saving raw to file: R38F04-20181005_63_H1_c120_r1_k0 , Dir: /scratch/wmz2007/neuroinfo_fruitfly/fisbe/biapy-channel-rot/train/raw
2026-08-06 14:11:46,162 - INFO     - save_and_log_data        : Saving label to file: R38F04-20181005_63_H1_c120_r1_k0, Dir: /scratch/wmz2007/neuroinfo_fruitfly/fisbe/biapy-channel-rot/train/label
2026-08-06 14:11:46,709 - INFO     - save_and_log_data        : Saving raw to file: R38F04-20181005_63_H1_c120_r1_k1 , Dir: /scratch/wmz2007/neuroinfo_fruitfly/fisbe/biapy-channel-rot/train/raw
2026-08-06 14:11:46,709 - INFO     - save_and_log_data        : Saving label to file: R38F04-20181005_63_H1_c120_r1_k1, Dir: /scratch/wmz2007/neuroinfo_fruitfly/fisbe/biapy-channel-rot/train/label
2026-08-06 14:11:48,548 - INFO     - save_and_log_data        : Saving raw to file: R38F04-20181005_63_H1_c120_r2_k2 , Dir: /scratch/wmz2007/neuroinfo_fruitfly/fisbe/biapy-channel-rot/train/raw
2026-08-06 14:11:48,561 - INFO     - save_and_log_data        : Saving label to file: R38F04-20181005_63_H1_c120_r2_k2, Dir: /scratch/wmz2007/neuroinfo_fruitfly/fisbe/biapy-channel-rot/train/label
2026-08-06 14:11:48,747 - INFO     - save_and_log_data        : Saving raw to file: R38F04-20181005_63_H1_c120_r2_k0 , Dir: /scratch/wmz2007/neuroinfo_fruitfly/fisbe/biapy-channel-rot/train/raw
2026-08-06 14:11:48,747 - INFO     - save_and_log_data        : Saving label to file: R38F04-20181005_63_H1_c120_r2_k0, Dir: /scratch/wmz2007/neuroinfo_fruitfly/fisbe/biapy-channel-rot/train/label
2026-08-06 14:11:49,718 - INFO     - save_and_log_data        : Saving raw to file: R38F04-20181005_63_H1_c120_r2_k1 , Dir: /scratch/wmz2007/neuroinfo_fruitfly/fisbe/biapy-channel-rot/train/raw
2026-08-06 14:11:49,719 - INFO     - save_and_log_data        : Saving label to file: R38F04-20181005_63_H1_c120_r2_k1, Dir: /scratch/wmz2007/neuroinfo_fruitfly/fisbe/biapy-channel-rot/train/label
2026-08-06 14:11:49,719 - INFO     - process_samples          : /// Processing Sample [4 / 18]: R53A10-20181019_64_A4.zarr ///
2026-08-06 14:11:55,040 - INFO     - process_samples          : Number of augmentation jobs: 27
2026-08-06 14:11:55,497 - INFO     - save_and_log_data        : Saving raw to file: R53A10-20181019_64_A4_c102_r2_k1 , Dir: /scratch/wmz2007/neuroinfo_fruitfly/fisbe/biapy-channel-rot/train/raw
2026-08-06 14:11:55,497 - INFO     - save_and_log_data        : Saving label to file: R53A10-20181019_64_A4_c102_r2_k1, Dir: /scratch/wmz2007/neuroinfo_fruitfly/fisbe/biapy-channel-rot/train/label
2026-08-06 14:11:55,957 - INFO     - save_and_log_data        : Saving raw to file: R53A10-20181019_64_A4_c102_r2_k2 , Dir: /scratch/wmz2007/neuroinfo_fruitfly/fisbe/biapy-channel-rot/train/raw
2026-08-06 14:11:55,957 - INFO     - save_and_log_data        : Saving label to file: R53A10-20181019_64_A4_c102_r2_k2, Dir: /scratch/wmz2007/neuroinfo_fruitfly/fisbe/biapy-channel-rot/train/label
2026-08-06 14:11:56,429 - INFO     - save_and_log_data        : Saving raw to file: R53A10-20181019_64_A4_c102_r2_k0 , Dir: /scratch/wmz2007/neuroinfo_fruitfly/fisbe/biapy-channel-rot/train/raw
2026-08-06 14:11:56,430 - INFO     - save_and_log_data        : Saving label to file: R53A10-20181019_64_A4_c102_r2_k0, Dir: /scratch/wmz2007/neuroinfo_fruitfly/fisbe/biapy-channel-rot/train/label
2026-08-06 14:11:57,629 - INFO     - save_and_log_data        : Saving raw to file: R53A10-20181019_64_A4_c102_r1_k1 , Dir: /scratch/wmz2007/neuroinfo_fruitfly/fisbe/biapy-channel-rot/train/raw
2026-08-06 14:11:57,629 - INFO     - save_and_log_data        : Saving label to file: R53A10-20181019_64_A4_c102_r1_k1, Dir: /scratch/wmz2007/neuroinfo_fruitfly/fisbe/biapy-channel-rot/train/label
2026-08-06 14:11:58,898 - INFO     - save_and_log_data        : Saving raw to file: R53A10-20181019_64_A4_c102_r1_k2 , Dir: /scratch/wmz2007/neuroinfo_fruitfly/fisbe/biapy-channel-rot/train/raw
2026-08-06 14:11:58,898 - INFO     - save_and_log_data        : Saving label to file: R53A10-20181019_64_A4_c102_r1_k2, Dir: /scratch/wmz2007/neuroinfo_fruitfly/fisbe/biapy-channel-rot/train/label
2026-08-06 14:12:00,088 - INFO     - save_and_log_data        : Saving raw to file: R53A10-20181019_64_A4_c102_r1_k0 , Dir: /scratch/wmz2007/neuroinfo_fruitfly/fisbe/biapy-channel-rot/train/raw
2026-08-06 14:12:00,088 - INFO     - save_and_log_data        : Saving label to file: R53A10-20181019_64_A4_c102_r1_k0, Dir: /scratch/wmz2007/neuroinfo_fruitfly/fisbe/biapy-channel-rot/train/label
2026-08-06 14:12:00,564 - INFO     - save_and_log_data        : Saving raw to file: R53A10-20181019_64_A4_c102_r0_k1 , Dir: /scratch/wmz2007/neuroinfo_fruitfly/fisbe/biapy-channel-rot/train/raw
2026-08-06 14:12:00,564 - INFO     - save_and_log_data        : Saving label to file: R53A10-20181019_64_A4_c102_r0_k1, Dir: /scratch/wmz2007/neuroinfo_fruitfly/fisbe/biapy-channel-rot/train/label
2026-08-06 14:12:02,186 - INFO     - save_and_log_data        : Saving raw to file: R53A10-20181019_64_A4_c102_r0_k2 , Dir: /scratch/wmz2007/neuroinfo_fruitfly/fisbe/biapy-channel-rot/train/raw
2026-08-06 14:12:02,199 - INFO     - save_and_log_data        : Saving label to file: R53A10-20181019_64_A4_c102_r0_k2, Dir: /scratch/wmz2007/neuroinfo_fruitfly/fisbe/biapy-channel-rot/train/label
2026-08-06 14:12:02,592 - INFO     - save_and_log_data        : Saving raw to file: R53A10-20181019_64_A4_c102_r0_k0 , Dir: /scratch/wmz2007/neuroinfo_fruitfly/fisbe/biapy-channel-rot/train/raw
2026-08-06 14:12:02,594 - INFO     - save_and_log_data        : Saving label to file: R53A10-20181019_64_A4_c102_r0_k0, Dir: /scratch/wmz2007/neuroinfo_fruitfly/fisbe/biapy-channel-rot/train/label
2026-08-06 14:12:03,540 - INFO     - save_and_log_data        : Saving raw to file: R53A10-20181019_64_A4_c120_r2_k1 , Dir: /scratch/wmz2007/neuroinfo_fruitfly/fisbe/biapy-channel-rot/train/raw
2026-08-06 14:12:03,540 - INFO     - save_and_log_data        : Saving label to file: R53A10-20181019_64_A4_c120_r2_k1, Dir: /scratch/wmz2007/neuroinfo_fruitfly/fisbe/biapy-channel-rot/train/label
2026-08-06 14:12:05,438 - INFO     - save_and_log_data        : Saving raw to file: R53A10-20181019_64_A4_c120_r2_k2 , Dir: /scratch/wmz2007/neuroinfo_fruitfly/fisbe/biapy-channel-rot/train/raw
2026-08-06 14:12:05,447 - INFO     - save_and_log_data        : Saving label to file: R53A10-20181019_64_A4_c120_r2_k2, Dir: /scratch/wmz2007/neuroinfo_fruitfly/fisbe/biapy-channel-rot/train/label
2026-08-06 14:12:05,827 - INFO     - save_and_log_data        : Saving raw to file: R53A10-20181019_64_A4_c120_r2_k0 , Dir: /scratch/wmz2007/neuroinfo_fruitfly/fisbe/biapy-channel-rot/train/raw
2026-08-06 14:12:05,827 - INFO     - save_and_log_data        : Saving label to file: R53A10-20181019_64_A4_c120_r2_k0, Dir: /scratch/wmz2007/neuroinfo_fruitfly/fisbe/biapy-channel-rot/train/label
2026-08-06 14:12:06,643 - INFO     - save_and_log_data        : Saving raw to file: R53A10-20181019_64_A4_c120_r1_k1 , Dir: /scratch/wmz2007/neuroinfo_fruitfly/fisbe/biapy-channel-rot/train/raw
2026-08-06 14:12:06,643 - INFO     - save_and_log_data        : Saving label to file: R53A10-20181019_64_A4_c120_r1_k1, Dir: /scratch/wmz2007/neuroinfo_fruitfly/fisbe/biapy-channel-rot/train/label
2026-08-06 14:12:08,410 - INFO     - save_and_log_data        : Saving raw to file: R53A10-20181019_64_A4_c120_r1_k2 , Dir: /scratch/wmz2007/neuroinfo_fruitfly/fisbe/biapy-channel-rot/train/raw
2026-08-06 14:12:08,427 - INFO     - save_and_log_data        : Saving label to file: R53A10-20181019_64_A4_c120_r1_k2, Dir: /scratch/wmz2007/neuroinfo_fruitfly/fisbe/biapy-channel-rot/train/label
2026-08-06 14:12:08,836 - INFO     - save_and_log_data        : Saving raw to file: R53A10-20181019_64_A4_c120_r1_k0 , Dir: /scratch/wmz2007/neuroinfo_fruitfly/fisbe/biapy-channel-rot/train/raw
2026-08-06 14:12:08,836 - INFO     - save_and_log_data        : Saving label to file: R53A10-20181019_64_A4_c120_r1_k0, Dir: /scratch/wmz2007/neuroinfo_fruitfly/fisbe/biapy-channel-rot/train/label
2026-08-06 14:12:09,346 - INFO     - save_and_log_data        : Saving raw to file: R53A10-20181019_64_A4_c120_r0_k1 , Dir: /scratch/wmz2007/neuroinfo_fruitfly/fisbe/biapy-channel-rot/train/raw
2026-08-06 14:12:09,346 - INFO     - save_and_log_data        : Saving label to file: R53A10-20181019_64_A4_c120_r0_k1, Dir: /scratch/wmz2007/neuroinfo_fruitfly/fisbe/biapy-channel-rot/train/label
2026-08-06 14:12:11,085 - INFO     - save_and_log_data        : Saving raw to file: R53A10-20181019_64_A4_c120_r0_k2 , Dir: /scratch/wmz2007/neuroinfo_fruitfly/fisbe/biapy-channel-rot/train/raw
2026-08-06 14:12:11,087 - INFO     - save_and_log_data        : Saving label to file: R53A10-20181019_64_A4_c120_r0_k2, Dir: /scratch/wmz2007/neuroinfo_fruitfly/fisbe/biapy-channel-rot/train/label
2026-08-06 14:12:12,394 - INFO     - save_and_log_data        : Saving raw to file: R53A10-20181019_64_A4_c120_r0_k0 , Dir: /scratch/wmz2007/neuroinfo_fruitfly/fisbe/biapy-channel-rot/train/raw
2026-08-06 14:12:12,404 - INFO     - save_and_log_data        : Saving label to file: R53A10-20181019_64_A4_c120_r0_k0, Dir: /scratch/wmz2007/neuroinfo_fruitfly/fisbe/biapy-channel-rot/train/label
2026-08-06 14:12:13,704 - INFO     - save_and_log_data        : Saving raw to file: R53A10-20181019_64_A4_c012_r2_k1 , Dir: /scratch/wmz2007/neuroinfo_fruitfly/fisbe/biapy-channel-rot/train/raw
2026-08-06 14:12:14,228 - INFO     - save_and_log_data        : Saving label to file: R53A10-20181019_64_A4_c012_r2_k1, Dir: /scratch/wmz2007/neuroinfo_fruitfly/fisbe/biapy-channel-rot/train/label
2026-08-06 14:12:14,466 - INFO     - save_and_log_data        : Saving raw to file: R53A10-20181019_64_A4_c012_r2_k2 , Dir: /scratch/wmz2007/neuroinfo_fruitfly/fisbe/biapy-channel-rot/train/raw
2026-08-06 14:12:14,466 - INFO     - save_and_log_data        : Saving label to file: R53A10-20181019_64_A4_c012_r2_k2, Dir: /scratch/wmz2007/neuroinfo_fruitfly/fisbe/biapy-channel-rot/train/label
2026-08-06 14:12:15,356 - INFO     - save_and_log_data        : Saving raw to file: R53A10-20181019_64_A4_c012_r2_k0 , Dir: /scratch/wmz2007/neuroinfo_fruitfly/fisbe/biapy-channel-rot/train/raw
2026-08-06 14:12:15,364 - INFO     - save_and_log_data        : Saving label to file: R53A10-20181019_64_A4_c012_r2_k0, Dir: /scratch/wmz2007/neuroinfo_fruitfly/fisbe/biapy-channel-rot/train/label
2026-08-06 14:12:16,110 - INFO     - save_and_log_data        : Saving raw to file: R53A10-20181019_64_A4_c012_r1_k1 , Dir: /scratch/wmz2007/neuroinfo_fruitfly/fisbe/biapy-channel-rot/train/raw
2026-08-06 14:12:16,110 - INFO     - save_and_log_data        : Saving label to file: R53A10-20181019_64_A4_c012_r1_k1, Dir: /scratch/wmz2007/neuroinfo_fruitfly/fisbe/biapy-channel-rot/train/label
2026-08-06 14:12:16,746 - INFO     - save_and_log_data        : Saving raw to file: R53A10-20181019_64_A4_c012_r1_k2 , Dir: /scratch/wmz2007/neuroinfo_fruitfly/fisbe/biapy-channel-rot/train/raw
2026-08-06 14:12:16,746 - INFO     - save_and_log_data        : Saving label to file: R53A10-20181019_64_A4_c012_r1_k2, Dir: /scratch/wmz2007/neuroinfo_fruitfly/fisbe/biapy-channel-rot/train/label
2026-08-06 14:12:17,988 - INFO     - save_and_log_data        : Saving raw to file: R53A10-20181019_64_A4_c012_r1_k0 , Dir: /scratch/wmz2007/neuroinfo_fruitfly/fisbe/biapy-channel-rot/train/raw
2026-08-06 14:12:17,989 - INFO     - save_and_log_data        : Saving label to file: R53A10-20181019_64_A4_c012_r1_k0, Dir: /scratch/wmz2007/neuroinfo_fruitfly/fisbe/biapy-channel-rot/train/label
2026-08-06 14:12:18,754 - INFO     - save_and_log_data        : Saving raw to file: R53A10-20181019_64_A4_c012_r0_k1 , Dir: /scratch/wmz2007/neuroinfo_fruitfly/fisbe/biapy-channel-rot/train/raw
2026-08-06 14:12:18,754 - INFO     - save_and_log_data        : Saving label to file: R53A10-20181019_64_A4_c012_r0_k1, Dir: /scratch/wmz2007/neuroinfo_fruitfly/fisbe/biapy-channel-rot/train/label
2026-08-06 14:12:20,191 - INFO     - save_and_log_data        : Saving raw to file: R53A10-20181019_64_A4_c012_r0_k2 , Dir: /scratch/wmz2007/neuroinfo_fruitfly/fisbe/biapy-channel-rot/train/raw
2026-08-06 14:12:20,191 - INFO     - save_and_log_data        : Saving label to file: R53A10-20181019_64_A4_c012_r0_k2, Dir: /scratch/wmz2007/neuroinfo_fruitfly/fisbe/biapy-channel-rot/train/label
2026-08-06 14:12:20,766 - INFO     - save_and_log_data        : Saving raw to file: R53A10-20181019_64_A4_c012_r0_k0 , Dir: /scratch/wmz2007/neuroinfo_fruitfly/fisbe/biapy-channel-rot/train/raw
2026-08-06 14:12:20,766 - INFO     - save_and_log_data        : Saving label to file: R53A10-20181019_64_A4_c012_r0_k0, Dir: /scratch/wmz2007/neuroinfo_fruitfly/fisbe/biapy-channel-rot/train/label
2026-08-06 14:12:20,768 - INFO     - process_samples          : /// Processing Sample [5 / 18]: R75E01-20181030_64_D1.zarr ///
2026-08-06 14:12:27,424 - INFO     - process_samples          : Number of augmentation jobs: 27
2026-08-06 14:12:27,833 - INFO     - save_and_log_data        : Saving raw to file: R75E01-20181030_64_D1_c210_r0_k2 , Dir: /scratch/wmz2007/neuroinfo_fruitfly/fisbe/biapy-channel-rot/train/raw
2026-08-06 14:12:27,833 - INFO     - save_and_log_data        : Saving label to file: R75E01-20181030_64_D1_c210_r0_k2, Dir: /scratch/wmz2007/neuroinfo_fruitfly/fisbe/biapy-channel-rot/train/label
2026-08-06 14:12:28,240 - INFO     - save_and_log_data        : Saving raw to file: R75E01-20181030_64_D1_c210_r0_k3 , Dir: /scratch/wmz2007/neuroinfo_fruitfly/fisbe/biapy-channel-rot/train/raw
2026-08-06 14:12:28,240 - INFO     - save_and_log_data        : Saving label to file: R75E01-20181030_64_D1_c210_r0_k3, Dir: /scratch/wmz2007/neuroinfo_fruitfly/fisbe/biapy-channel-rot/train/label
2026-08-06 14:12:28,688 - INFO     - save_and_log_data        : Saving raw to file: R75E01-20181030_64_D1_c210_r0_k1 , Dir: /scratch/wmz2007/neuroinfo_fruitfly/fisbe/biapy-channel-rot/train/raw
2026-08-06 14:12:28,688 - INFO     - save_and_log_data        : Saving label to file: R75E01-20181030_64_D1_c210_r0_k1, Dir: /scratch/wmz2007/neuroinfo_fruitfly/fisbe/biapy-channel-rot/train/label
2026-08-06 14:12:29,554 - INFO     - save_and_log_data        : Saving raw to file: R75E01-20181030_64_D1_c210_r2_k2 , Dir: /scratch/wmz2007/neuroinfo_fruitfly/fisbe/biapy-channel-rot/train/raw
2026-08-06 14:12:29,554 - INFO     - save_and_log_data        : Saving label to file: R75E01-20181030_64_D1_c210_r2_k2, Dir: /scratch/wmz2007/neuroinfo_fruitfly/fisbe/biapy-channel-rot/train/label
2026-08-06 14:12:30,659 - INFO     - save_and_log_data        : Saving raw to file: R75E01-20181030_64_D1_c210_r2_k3 , Dir: /scratch/wmz2007/neuroinfo_fruitfly/fisbe/biapy-channel-rot/train/raw
2026-08-06 14:12:30,666 - INFO     - save_and_log_data        : Saving label to file: R75E01-20181030_64_D1_c210_r2_k3, Dir: /scratch/wmz2007/neuroinfo_fruitfly/fisbe/biapy-channel-rot/train/label
2026-08-06 14:12:32,239 - INFO     - save_and_log_data        : Saving raw to file: R75E01-20181030_64_D1_c210_r2_k1 , Dir: /scratch/wmz2007/neuroinfo_fruitfly/fisbe/biapy-channel-rot/train/raw
2026-08-06 14:12:32,246 - INFO     - save_and_log_data        : Saving label to file: R75E01-20181030_64_D1_c210_r2_k1, Dir: /scratch/wmz2007/neuroinfo_fruitfly/fisbe/biapy-channel-rot/train/label
2026-08-06 14:12:32,658 - INFO     - save_and_log_data        : Saving raw to file: R75E01-20181030_64_D1_c210_r1_k2 , Dir: /scratch/wmz2007/neuroinfo_fruitfly/fisbe/biapy-channel-rot/train/raw
2026-08-06 14:12:32,658 - INFO     - save_and_log_data        : Saving label to file: R75E01-20181030_64_D1_c210_r1_k2, Dir: /scratch/wmz2007/neuroinfo_fruitfly/fisbe/biapy-channel-rot/train/label
2026-08-06 14:12:33,110 - INFO     - save_and_log_data        : Saving raw to file: R75E01-20181030_64_D1_c210_r1_k3 , Dir: /scratch/wmz2007/neuroinfo_fruitfly/fisbe/biapy-channel-rot/train/raw
2026-08-06 14:12:33,110 - INFO     - save_and_log_data        : Saving label to file: R75E01-20181030_64_D1_c210_r1_k3, Dir: /scratch/wmz2007/neuroinfo_fruitfly/fisbe/biapy-channel-rot/train/label
2026-08-06 14:12:34,100 - INFO     - save_and_log_data        : Saving raw to file: R75E01-20181030_64_D1_c210_r1_k1 , Dir: /scratch/wmz2007/neuroinfo_fruitfly/fisbe/biapy-channel-rot/train/raw
2026-08-06 14:12:34,100 - INFO     - save_and_log_data        : Saving label to file: R75E01-20181030_64_D1_c210_r1_k1, Dir: /scratch/wmz2007/neuroinfo_fruitfly/fisbe/biapy-channel-rot/train/label
2026-08-06 14:12:35,951 - INFO     - save_and_log_data        : Saving raw to file: R75E01-20181030_64_D1_c120_r0_k2 , Dir: /scratch/wmz2007/neuroinfo_fruitfly/fisbe/biapy-channel-rot/train/raw
2026-08-06 14:12:35,957 - INFO     - save_and_log_data        : Saving label to file: R75E01-20181030_64_D1_c120_r0_k2, Dir: /scratch/wmz2007/neuroinfo_fruitfly/fisbe/biapy-channel-rot/train/label
2026-08-06 14:12:36,361 - INFO     - save_and_log_data        : Saving raw to file: R75E01-20181030_64_D1_c120_r0_k3 , Dir: /scratch/wmz2007/neuroinfo_fruitfly/fisbe/biapy-channel-rot/train/raw
2026-08-06 14:12:36,361 - INFO     - save_and_log_data        : Saving label to file: R75E01-20181030_64_D1_c120_r0_k3, Dir: /scratch/wmz2007/neuroinfo_fruitfly/fisbe/biapy-channel-rot/train/label
2026-08-06 14:12:37,163 - INFO     - save_and_log_data        : Saving raw to file: R75E01-20181030_64_D1_c120_r0_k1 , Dir: /scratch/wmz2007/neuroinfo_fruitfly/fisbe/biapy-channel-rot/train/raw
2026-08-06 14:12:37,163 - INFO     - save_and_log_data        : Saving label to file: R75E01-20181030_64_D1_c120_r0_k1, Dir: /scratch/wmz2007/neuroinfo_fruitfly/fisbe/biapy-channel-rot/train/label
2026-08-06 14:12:38,435 - INFO     - save_and_log_data        : Saving raw to file: R75E01-20181030_64_D1_c120_r2_k2 , Dir: /scratch/wmz2007/neuroinfo_fruitfly/fisbe/biapy-channel-rot/train/raw
2026-08-06 14:12:38,441 - INFO     - save_and_log_data        : Saving label to file: R75E01-20181030_64_D1_c120_r2_k2, Dir: /scratch/wmz2007/neuroinfo_fruitfly/fisbe/biapy-channel-rot/train/label
2026-08-06 14:12:39,581 - INFO     - save_and_log_data        : Saving raw to file: R75E01-20181030_64_D1_c120_r2_k3 , Dir: /scratch/wmz2007/neuroinfo_fruitfly/fisbe/biapy-channel-rot/train/raw
2026-08-06 14:12:39,581 - INFO     - save_and_log_data        : Saving label to file: R75E01-20181030_64_D1_c120_r2_k3, Dir: /scratch/wmz2007/neuroinfo_fruitfly/fisbe/biapy-channel-rot/train/label
2026-08-06 14:12:40,317 - INFO     - save_and_log_data        : Saving raw to file: R75E01-20181030_64_D1_c120_r2_k1 , Dir: /scratch/wmz2007/neuroinfo_fruitfly/fisbe/biapy-channel-rot/train/raw
2026-08-06 14:12:40,317 - INFO     - save_and_log_data        : Saving label to file: R75E01-20181030_64_D1_c120_r2_k1, Dir: /scratch/wmz2007/neuroinfo_fruitfly/fisbe/biapy-channel-rot/train/label
2026-08-06 14:12:41,593 - INFO     - save_and_log_data        : Saving raw to file: R75E01-20181030_64_D1_c120_r1_k2 , Dir: /scratch/wmz2007/neuroinfo_fruitfly/fisbe/biapy-channel-rot/train/raw
2026-08-06 14:12:41,593 - INFO     - save_and_log_data        : Saving label to file: R75E01-20181030_64_D1_c120_r1_k2, Dir: /scratch/wmz2007/neuroinfo_fruitfly/fisbe/biapy-channel-rot/train/label
2026-08-06 14:12:42,163 - INFO     - save_and_log_data        : Saving raw to file: R75E01-20181030_64_D1_c120_r1_k3 , Dir: /scratch/wmz2007/neuroinfo_fruitfly/fisbe/biapy-channel-rot/train/raw
2026-08-06 14:12:42,163 - INFO     - save_and_log_data        : Saving label to file: R75E01-20181030_64_D1_c120_r1_k3, Dir: /scratch/wmz2007/neuroinfo_fruitfly/fisbe/biapy-channel-rot/train/label
2026-08-06 14:12:43,492 - INFO     - save_and_log_data        : Saving raw to file: R75E01-20181030_64_D1_c120_r1_k1 , Dir: /scratch/wmz2007/neuroinfo_fruitfly/fisbe/biapy-channel-rot/train/raw
2026-08-06 14:12:43,493 - INFO     - save_and_log_data        : Saving label to file: R75E01-20181030_64_D1_c120_r1_k1, Dir: /scratch/wmz2007/neuroinfo_fruitfly/fisbe/biapy-channel-rot/train/label
2026-08-06 14:12:44,056 - INFO     - save_and_log_data        : Saving raw to file: R75E01-20181030_64_D1_c021_r0_k2 , Dir: /scratch/wmz2007/neuroinfo_fruitfly/fisbe/biapy-channel-rot/train/raw
2026-08-06 14:12:44,057 - INFO     - save_and_log_data        : Saving label to file: R75E01-20181030_64_D1_c021_r0_k2, Dir: /scratch/wmz2007/neuroinfo_fruitfly/fisbe/biapy-channel-rot/train/label
2026-08-06 14:12:45,515 - INFO     - save_and_log_data        : Saving raw to file: R75E01-20181030_64_D1_c021_r0_k3 , Dir: /scratch/wmz2007/neuroinfo_fruitfly/fisbe/biapy-channel-rot/train/raw
2026-08-06 14:12:45,515 - INFO     - save_and_log_data        : Saving label to file: R75E01-20181030_64_D1_c021_r0_k3, Dir: /scratch/wmz2007/neuroinfo_fruitfly/fisbe/biapy-channel-rot/train/label
2026-08-06 14:12:46,206 - INFO     - save_and_log_data        : Saving raw to file: R75E01-20181030_64_D1_c021_r0_k1 , Dir: /scratch/wmz2007/neuroinfo_fruitfly/fisbe/biapy-channel-rot/train/raw
2026-08-06 14:12:46,206 - INFO     - save_and_log_data        : Saving label to file: R75E01-20181030_64_D1_c021_r0_k1, Dir: /scratch/wmz2007/neuroinfo_fruitfly/fisbe/biapy-channel-rot/train/label
2026-08-06 14:12:47,035 - INFO     - save_and_log_data        : Saving raw to file: R75E01-20181030_64_D1_c021_r2_k2 , Dir: /scratch/wmz2007/neuroinfo_fruitfly/fisbe/biapy-channel-rot/train/raw
2026-08-06 14:12:47,035 - INFO     - save_and_log_data        : Saving label to file: R75E01-20181030_64_D1_c021_r2_k2, Dir: /scratch/wmz2007/neuroinfo_fruitfly/fisbe/biapy-channel-rot/train/label
2026-08-06 14:12:48,725 - INFO     - save_and_log_data        : Saving raw to file: R75E01-20181030_64_D1_c021_r2_k3 , Dir: /scratch/wmz2007/neuroinfo_fruitfly/fisbe/biapy-channel-rot/train/raw
2026-08-06 14:12:49,158 - INFO     - save_and_log_data        : Saving label to file: R75E01-20181030_64_D1_c021_r2_k3, Dir: /scratch/wmz2007/neuroinfo_fruitfly/fisbe/biapy-channel-rot/train/label
2026-08-06 14:12:49,377 - INFO     - save_and_log_data        : Saving raw to file: R75E01-20181030_64_D1_c021_r2_k1 , Dir: /scratch/wmz2007/neuroinfo_fruitfly/fisbe/biapy-channel-rot/train/raw
2026-08-06 14:12:49,377 - INFO     - save_and_log_data        : Saving label to file: R75E01-20181030_64_D1_c021_r2_k1, Dir: /scratch/wmz2007/neuroinfo_fruitfly/fisbe/biapy-channel-rot/train/label
2026-08-06 14:12:50,865 - INFO     - save_and_log_data        : Saving raw to file: R75E01-20181030_64_D1_c021_r1_k2 , Dir: /scratch/wmz2007/neuroinfo_fruitfly/fisbe/biapy-channel-rot/train/raw
2026-08-06 14:12:50,865 - INFO     - save_and_log_data        : Saving label to file: R75E01-20181030_64_D1_c021_r1_k2, Dir: /scratch/wmz2007/neuroinfo_fruitfly/fisbe/biapy-channel-rot/train/label
2026-08-06 14:12:51,319 - INFO     - save_and_log_data        : Saving raw to file: R75E01-20181030_64_D1_c021_r1_k3 , Dir: /scratch/wmz2007/neuroinfo_fruitfly/fisbe/biapy-channel-rot/train/raw
2026-08-06 14:12:51,320 - INFO     - save_and_log_data        : Saving label to file: R75E01-20181030_64_D1_c021_r1_k3, Dir: /scratch/wmz2007/neuroinfo_fruitfly/fisbe/biapy-channel-rot/train/label
2026-08-06 14:12:51,771 - INFO     - save_and_log_data        : Saving raw to file: R75E01-20181030_64_D1_c021_r1_k1 , Dir: /scratch/wmz2007/neuroinfo_fruitfly/fisbe/biapy-channel-rot/train/raw
2026-08-06 14:12:51,771 - INFO     - save_and_log_data        : Saving label to file: R75E01-20181030_64_D1_c021_r1_k1, Dir: /scratch/wmz2007/neuroinfo_fruitfly/fisbe/biapy-channel-rot/train/label
2026-08-06 14:12:51,774 - INFO     - process_samples          : /// Processing Sample [6 / 18]: VT008647-20171222_63_D1.zarr ///
2026-08-06 14:13:02,175 - INFO     - process_samples          : Number of augmentation jobs: 27
2026-08-06 14:13:02,601 - INFO     - save_and_log_data        : Saving raw to file: VT008647-20171222_63_D1_c021_r1_k3 , Dir: /scratch/wmz2007/neuroinfo_fruitfly/fisbe/biapy-channel-rot/train/raw
2026-08-06 14:13:02,601 - INFO     - save_and_log_data        : Saving label to file: VT008647-20171222_63_D1_c021_r1_k3, Dir: /scratch/wmz2007/neuroinfo_fruitfly/fisbe/biapy-channel-rot/train/label
2026-08-06 14:13:03,038 - INFO     - save_and_log_data        : Saving raw to file: VT008647-20171222_63_D1_c021_r1_k0 , Dir: /scratch/wmz2007/neuroinfo_fruitfly/fisbe/biapy-channel-rot/train/raw
2026-08-06 14:13:03,038 - INFO     - save_and_log_data        : Saving label to file: VT008647-20171222_63_D1_c021_r1_k0, Dir: /scratch/wmz2007/neuroinfo_fruitfly/fisbe/biapy-channel-rot/train/label
2026-08-06 14:13:03,704 - INFO     - save_and_log_data        : Saving raw to file: VT008647-20171222_63_D1_c021_r1_k1 , Dir: /scratch/wmz2007/neuroinfo_fruitfly/fisbe/biapy-channel-rot/train/raw
2026-08-06 14:13:03,705 - INFO     - save_and_log_data        : Saving label to file: VT008647-20171222_63_D1_c021_r1_k1, Dir: /scratch/wmz2007/neuroinfo_fruitfly/fisbe/biapy-channel-rot/train/label
2026-08-06 14:13:05,146 - INFO     - save_and_log_data        : Saving raw to file: VT008647-20171222_63_D1_c021_r0_k3 , Dir: /scratch/wmz2007/neuroinfo_fruitfly/fisbe/biapy-channel-rot/train/raw
2026-08-06 14:13:05,146 - INFO     - save_and_log_data        : Saving label to file: VT008647-20171222_63_D1_c021_r0_k3, Dir: /scratch/wmz2007/neuroinfo_fruitfly/fisbe/biapy-channel-rot/train/label
2026-08-06 14:13:05,931 - INFO     - save_and_log_data        : Saving raw to file: VT008647-20171222_63_D1_c021_r0_k0 , Dir: /scratch/wmz2007/neuroinfo_fruitfly/fisbe/biapy-channel-rot/train/raw
2026-08-06 14:13:05,932 - INFO     - save_and_log_data        : Saving label to file: VT008647-20171222_63_D1_c021_r0_k0, Dir: /scratch/wmz2007/neuroinfo_fruitfly/fisbe/biapy-channel-rot/train/label
2026-08-06 14:13:07,426 - INFO     - save_and_log_data        : Saving raw to file: VT008647-20171222_63_D1_c021_r0_k1 , Dir: /scratch/wmz2007/neuroinfo_fruitfly/fisbe/biapy-channel-rot/train/raw
2026-08-06 14:13:07,426 - INFO     - save_and_log_data        : Saving label to file: VT008647-20171222_63_D1_c021_r0_k1, Dir: /scratch/wmz2007/neuroinfo_fruitfly/fisbe/biapy-channel-rot/train/label
2026-08-06 14:13:08,909 - INFO     - save_and_log_data        : Saving raw to file: VT008647-20171222_63_D1_c021_r2_k3 , Dir: /scratch/wmz2007/neuroinfo_fruitfly/fisbe/biapy-channel-rot/train/raw
2026-08-06 14:13:08,909 - INFO     - save_and_log_data        : Saving label to file: VT008647-20171222_63_D1_c021_r2_k3, Dir: /scratch/wmz2007/neuroinfo_fruitfly/fisbe/biapy-channel-rot/train/label
2026-08-06 14:13:09,432 - INFO     - save_and_log_data        : Saving raw to file: VT008647-20171222_63_D1_c021_r2_k0 , Dir: /scratch/wmz2007/neuroinfo_fruitfly/fisbe/biapy-channel-rot/train/raw
2026-08-06 14:13:09,432 - INFO     - save_and_log_data        : Saving label to file: VT008647-20171222_63_D1_c021_r2_k0, Dir: /scratch/wmz2007/neuroinfo_fruitfly/fisbe/biapy-channel-rot/train/label
2026-08-06 14:13:10,908 - INFO     - save_and_log_data        : Saving raw to file: VT008647-20171222_63_D1_c021_r2_k1 , Dir: /scratch/wmz2007/neuroinfo_fruitfly/fisbe/biapy-channel-rot/train/raw
2026-08-06 14:13:10,908 - INFO     - save_and_log_data        : Saving label to file: VT008647-20171222_63_D1_c021_r2_k1, Dir: /scratch/wmz2007/neuroinfo_fruitfly/fisbe/biapy-channel-rot/train/label
2026-08-06 14:13:12,982 - INFO     - save_and_log_data        : Saving raw to file: VT008647-20171222_63_D1_c201_r1_k3 , Dir: /scratch/wmz2007/neuroinfo_fruitfly/fisbe/biapy-channel-rot/train/raw
2026-08-06 14:13:12,983 - INFO     - save_and_log_data        : Saving label to file: VT008647-20171222_63_D1_c201_r1_k3, Dir: /scratch/wmz2007/neuroinfo_fruitfly/fisbe/biapy-channel-rot/train/label
2026-08-06 14:13:13,206 - INFO     - save_and_log_data        : Saving raw to file: VT008647-20171222_63_D1_c201_r1_k0 , Dir: /scratch/wmz2007/neuroinfo_fruitfly/fisbe/biapy-channel-rot/train/raw
2026-08-06 14:13:13,206 - INFO     - save_and_log_data        : Saving label to file: VT008647-20171222_63_D1_c201_r1_k0, Dir: /scratch/wmz2007/neuroinfo_fruitfly/fisbe/biapy-channel-rot/train/label
2026-08-06 14:13:13,821 - INFO     - save_and_log_data        : Saving raw to file: VT008647-20171222_63_D1_c201_r1_k1 , Dir: /scratch/wmz2007/neuroinfo_fruitfly/fisbe/biapy-channel-rot/train/raw
2026-08-06 14:13:13,822 - INFO     - save_and_log_data        : Saving label to file: VT008647-20171222_63_D1_c201_r1_k1, Dir: /scratch/wmz2007/neuroinfo_fruitfly/fisbe/biapy-channel-rot/train/label
2026-08-06 14:13:14,307 - INFO     - save_and_log_data        : Saving raw to file: VT008647-20171222_63_D1_c201_r0_k3 , Dir: /scratch/wmz2007/neuroinfo_fruitfly/fisbe/biapy-channel-rot/train/raw
2026-08-06 14:13:14,309 - INFO     - save_and_log_data        : Saving label to file: VT008647-20171222_63_D1_c201_r0_k3, Dir: /scratch/wmz2007/neuroinfo_fruitfly/fisbe/biapy-channel-rot/train/label
2026-08-06 14:13:14,805 - INFO     - save_and_log_data        : Saving raw to file: VT008647-20171222_63_D1_c201_r0_k0 , Dir: /scratch/wmz2007/neuroinfo_fruitfly/fisbe/biapy-channel-rot/train/raw
2026-08-06 14:13:14,806 - INFO     - save_and_log_data        : Saving label to file: VT008647-20171222_63_D1_c201_r0_k0, Dir: /scratch/wmz2007/neuroinfo_fruitfly/fisbe/biapy-channel-rot/train/label
2026-08-06 14:13:16,123 - INFO     - save_and_log_data        : Saving raw to file: VT008647-20171222_63_D1_c201_r0_k1 , Dir: /scratch/wmz2007/neuroinfo_fruitfly/fisbe/biapy-channel-rot/train/raw
2026-08-06 14:13:16,123 - INFO     - save_and_log_data        : Saving label to file: VT008647-20171222_63_D1_c201_r0_k1, Dir: /scratch/wmz2007/neuroinfo_fruitfly/fisbe/biapy-channel-rot/train/label
2026-08-06 14:13:16,779 - INFO     - save_and_log_data        : Saving raw to file: VT008647-20171222_63_D1_c201_r2_k3 , Dir: /scratch/wmz2007/neuroinfo_fruitfly/fisbe/biapy-channel-rot/train/raw
2026-08-06 14:13:16,779 - INFO     - save_and_log_data        : Saving label to file: VT008647-20171222_63_D1_c201_r2_k3, Dir: /scratch/wmz2007/neuroinfo_fruitfly/fisbe/biapy-channel-rot/train/label
2026-08-06 14:13:17,939 - INFO     - save_and_log_data        : Saving raw to file: VT008647-20171222_63_D1_c201_r2_k0 , Dir: /scratch/wmz2007/neuroinfo_fruitfly/fisbe/biapy-channel-rot/train/raw
2026-08-06 14:13:17,940 - INFO     - save_and_log_data        : Saving label to file: VT008647-20171222_63_D1_c201_r2_k0, Dir: /scratch/wmz2007/neuroinfo_fruitfly/fisbe/biapy-channel-rot/train/label
2026-08-06 14:13:18,652 - INFO     - save_and_log_data        : Saving raw to file: VT008647-20171222_63_D1_c201_r2_k1 , Dir: /scratch/wmz2007/neuroinfo_fruitfly/fisbe/biapy-channel-rot/train/raw
2026-08-06 14:13:18,662 - INFO     - save_and_log_data        : Saving label to file: VT008647-20171222_63_D1_c201_r2_k1, Dir: /scratch/wmz2007/neuroinfo_fruitfly/fisbe/biapy-channel-rot/train/label
2026-08-06 14:13:20,976 - INFO     - save_and_log_data        : Saving raw to file: VT008647-20171222_63_D1_c120_r1_k3 , Dir: /scratch/wmz2007/neuroinfo_fruitfly/fisbe/biapy-channel-rot/train/raw
2026-08-06 14:13:20,981 - INFO     - save_and_log_data        : Saving label to file: VT008647-20171222_63_D1_c120_r1_k3, Dir: /scratch/wmz2007/neuroinfo_fruitfly/fisbe/biapy-channel-rot/train/label
2026-08-06 14:13:21,152 - INFO     - save_and_log_data        : Saving raw to file: VT008647-20171222_63_D1_c120_r1_k0 , Dir: /scratch/wmz2007/neuroinfo_fruitfly/fisbe/biapy-channel-rot/train/raw
2026-08-06 14:13:21,152 - INFO     - save_and_log_data        : Saving label to file: VT008647-20171222_63_D1_c120_r1_k0, Dir: /scratch/wmz2007/neuroinfo_fruitfly/fisbe/biapy-channel-rot/train/label
2026-08-06 14:13:21,680 - INFO     - save_and_log_data        : Saving raw to file: VT008647-20171222_63_D1_c120_r1_k1 , Dir: /scratch/wmz2007/neuroinfo_fruitfly/fisbe/biapy-channel-rot/train/raw
2026-08-06 14:13:21,680 - INFO     - save_and_log_data        : Saving label to file: VT008647-20171222_63_D1_c120_r1_k1, Dir: /scratch/wmz2007/neuroinfo_fruitfly/fisbe/biapy-channel-rot/train/label
2026-08-06 14:13:23,300 - INFO     - save_and_log_data        : Saving raw to file: VT008647-20171222_63_D1_c120_r0_k3 , Dir: /scratch/wmz2007/neuroinfo_fruitfly/fisbe/biapy-channel-rot/train/raw
2026-08-06 14:13:23,304 - INFO     - save_and_log_data        : Saving label to file: VT008647-20171222_63_D1_c120_r0_k3, Dir: /scratch/wmz2007/neuroinfo_fruitfly/fisbe/biapy-channel-rot/train/label
2026-08-06 14:13:23,853 - INFO     - save_and_log_data        : Saving raw to file: VT008647-20171222_63_D1_c120_r0_k0 , Dir: /scratch/wmz2007/neuroinfo_fruitfly/fisbe/biapy-channel-rot/train/raw
2026-08-06 14:13:23,854 - INFO     - save_and_log_data        : Saving label to file: VT008647-20171222_63_D1_c120_r0_k0, Dir: /scratch/wmz2007/neuroinfo_fruitfly/fisbe/biapy-channel-rot/train/label
2026-08-06 14:13:24,410 - INFO     - save_and_log_data        : Saving raw to file: VT008647-20171222_63_D1_c120_r0_k1 , Dir: /scratch/wmz2007/neuroinfo_fruitfly/fisbe/biapy-channel-rot/train/raw
2026-08-06 14:13:24,410 - INFO     - save_and_log_data        : Saving label to file: VT008647-20171222_63_D1_c120_r0_k1, Dir: /scratch/wmz2007/neuroinfo_fruitfly/fisbe/biapy-channel-rot/train/label
2026-08-06 14:13:25,832 - INFO     - save_and_log_data        : Saving raw to file: VT008647-20171222_63_D1_c120_r2_k3 , Dir: /scratch/wmz2007/neuroinfo_fruitfly/fisbe/biapy-channel-rot/train/raw
2026-08-06 14:13:25,832 - INFO     - save_and_log_data        : Saving label to file: VT008647-20171222_63_D1_c120_r2_k3, Dir: /scratch/wmz2007/neuroinfo_fruitfly/fisbe/biapy-channel-rot/train/label
2026-08-06 14:13:26,455 - INFO     - save_and_log_data        : Saving raw to file: VT008647-20171222_63_D1_c120_r2_k0 , Dir: /scratch/wmz2007/neuroinfo_fruitfly/fisbe/biapy-channel-rot/train/raw
2026-08-06 14:13:26,456 - INFO     - save_and_log_data        : Saving label to file: VT008647-20171222_63_D1_c120_r2_k0, Dir: /scratch/wmz2007/neuroinfo_fruitfly/fisbe/biapy-channel-rot/train/label
2026-08-06 14:13:27,147 - INFO     - save_and_log_data        : Saving raw to file: VT008647-20171222_63_D1_c120_r2_k1 , Dir: /scratch/wmz2007/neuroinfo_fruitfly/fisbe/biapy-channel-rot/train/raw
2026-08-06 14:13:27,147 - INFO     - save_and_log_data        : Saving label to file: VT008647-20171222_63_D1_c120_r2_k1, Dir: /scratch/wmz2007/neuroinfo_fruitfly/fisbe/biapy-channel-rot/train/label
2026-08-06 14:13:27,148 - INFO     - process_samples          : /// Processing Sample [7 / 18]: VT008647-20171222_63_D2.zarr ///
2026-08-06 14:13:36,724 - INFO     - process_samples          : Number of augmentation jobs: 27
2026-08-06 14:13:37,143 - INFO     - save_and_log_data        : Saving raw to file: VT008647-20171222_63_D2_c102_r2_k1 , Dir: /scratch/wmz2007/neuroinfo_fruitfly/fisbe/biapy-channel-rot/train/raw
2026-08-06 14:13:37,143 - INFO     - save_and_log_data        : Saving label to file: VT008647-20171222_63_D2_c102_r2_k1, Dir: /scratch/wmz2007/neuroinfo_fruitfly/fisbe/biapy-channel-rot/train/label
2026-08-06 14:13:37,560 - INFO     - save_and_log_data        : Saving raw to file: VT008647-20171222_63_D2_c102_r2_k3 , Dir: /scratch/wmz2007/neuroinfo_fruitfly/fisbe/biapy-channel-rot/train/raw
2026-08-06 14:13:37,560 - INFO     - save_and_log_data        : Saving label to file: VT008647-20171222_63_D2_c102_r2_k3, Dir: /scratch/wmz2007/neuroinfo_fruitfly/fisbe/biapy-channel-rot/train/label
2026-08-06 14:13:37,976 - INFO     - save_and_log_data        : Saving raw to file: VT008647-20171222_63_D2_c102_r2_k0 , Dir: /scratch/wmz2007/neuroinfo_fruitfly/fisbe/biapy-channel-rot/train/raw
2026-08-06 14:13:37,976 - INFO     - save_and_log_data        : Saving label to file: VT008647-20171222_63_D2_c102_r2_k0, Dir: /scratch/wmz2007/neuroinfo_fruitfly/fisbe/biapy-channel-rot/train/label
2026-08-06 14:13:38,413 - INFO     - save_and_log_data        : Saving raw to file: VT008647-20171222_63_D2_c102_r0_k1 , Dir: /scratch/wmz2007/neuroinfo_fruitfly/fisbe/biapy-channel-rot/train/raw
2026-08-06 14:13:38,413 - INFO     - save_and_log_data        : Saving label to file: VT008647-20171222_63_D2_c102_r0_k1, Dir: /scratch/wmz2007/neuroinfo_fruitfly/fisbe/biapy-channel-rot/train/label
2026-08-06 14:13:39,730 - INFO     - save_and_log_data        : Saving raw to file: VT008647-20171222_63_D2_c102_r0_k3 , Dir: /scratch/wmz2007/neuroinfo_fruitfly/fisbe/biapy-channel-rot/train/raw
2026-08-06 14:13:39,730 - INFO     - save_and_log_data        : Saving label to file: VT008647-20171222_63_D2_c102_r0_k3, Dir: /scratch/wmz2007/neuroinfo_fruitfly/fisbe/biapy-channel-rot/train/label
2026-08-06 14:13:41,826 - INFO     - save_and_log_data        : Saving raw to file: VT008647-20171222_63_D2_c102_r0_k0 , Dir: /scratch/wmz2007/neuroinfo_fruitfly/fisbe/biapy-channel-rot/train/raw
2026-08-06 14:13:41,831 - INFO     - save_and_log_data        : Saving label to file: VT008647-20171222_63_D2_c102_r0_k0, Dir: /scratch/wmz2007/neuroinfo_fruitfly/fisbe/biapy-channel-rot/train/label
2026-08-06 14:13:41,953 - INFO     - save_and_log_data        : Saving raw to file: VT008647-20171222_63_D2_c102_r1_k1 , Dir: /scratch/wmz2007/neuroinfo_fruitfly/fisbe/biapy-channel-rot/train/raw
2026-08-06 14:13:41,954 - INFO     - save_and_log_data        : Saving label to file: VT008647-20171222_63_D2_c102_r1_k1, Dir: /scratch/wmz2007/neuroinfo_fruitfly/fisbe/biapy-channel-rot/train/label
2026-08-06 14:13:43,727 - INFO     - save_and_log_data        : Saving raw to file: VT008647-20171222_63_D2_c102_r1_k3 , Dir: /scratch/wmz2007/neuroinfo_fruitfly/fisbe/biapy-channel-rot/train/raw
2026-08-06 14:13:43,911 - INFO     - save_and_log_data        : Saving raw to file: VT008647-20171222_63_D2_c102_r1_k0 , Dir: /scratch/wmz2007/neuroinfo_fruitfly/fisbe/biapy-channel-rot/train/raw
2026-08-06 14:13:43,911 - INFO     - save_and_log_data        : Saving label to file: VT008647-20171222_63_D2_c102_r1_k3, Dir: /scratch/wmz2007/neuroinfo_fruitfly/fisbe/biapy-channel-rot/train/label
2026-08-06 14:13:43,913 - INFO     - save_and_log_data        : Saving label to file: VT008647-20171222_63_D2_c102_r1_k0, Dir: /scratch/wmz2007/neuroinfo_fruitfly/fisbe/biapy-channel-rot/train/label
2026-08-06 14:13:44,391 - INFO     - save_and_log_data        : Saving raw to file: VT008647-20171222_63_D2_c021_r2_k1 , Dir: /scratch/wmz2007/neuroinfo_fruitfly/fisbe/biapy-channel-rot/train/raw
2026-08-06 14:13:44,391 - INFO     - save_and_log_data        : Saving label to file: VT008647-20171222_63_D2_c021_r2_k1, Dir: /scratch/wmz2007/neuroinfo_fruitfly/fisbe/biapy-channel-rot/train/label
2026-08-06 14:13:44,867 - INFO     - save_and_log_data        : Saving raw to file: VT008647-20171222_63_D2_c021_r2_k3 , Dir: /scratch/wmz2007/neuroinfo_fruitfly/fisbe/biapy-channel-rot/train/raw
2026-08-06 14:13:44,867 - INFO     - save_and_log_data        : Saving label to file: VT008647-20171222_63_D2_c021_r2_k3, Dir: /scratch/wmz2007/neuroinfo_fruitfly/fisbe/biapy-channel-rot/train/label
2026-08-06 14:13:45,596 - INFO     - save_and_log_data        : Saving raw to file: VT008647-20171222_63_D2_c021_r2_k0 , Dir: /scratch/wmz2007/neuroinfo_fruitfly/fisbe/biapy-channel-rot/train/raw
2026-08-06 14:13:45,596 - INFO     - save_and_log_data        : Saving label to file: VT008647-20171222_63_D2_c021_r2_k0, Dir: /scratch/wmz2007/neuroinfo_fruitfly/fisbe/biapy-channel-rot/train/label
2026-08-06 14:13:46,496 - INFO     - save_and_log_data        : Saving raw to file: VT008647-20171222_63_D2_c021_r0_k1 , Dir: /scratch/wmz2007/neuroinfo_fruitfly/fisbe/biapy-channel-rot/train/raw
2026-08-06 14:13:46,496 - INFO     - save_and_log_data        : Saving label to file: VT008647-20171222_63_D2_c021_r0_k1, Dir: /scratch/wmz2007/neuroinfo_fruitfly/fisbe/biapy-channel-rot/train/label
2026-08-06 14:13:48,760 - INFO     - save_and_log_data        : Saving raw to file: VT008647-20171222_63_D2_c021_r0_k3 , Dir: /scratch/wmz2007/neuroinfo_fruitfly/fisbe/biapy-channel-rot/train/raw
2026-08-06 14:13:48,768 - INFO     - save_and_log_data        : Saving label to file: VT008647-20171222_63_D2_c021_r0_k3, Dir: /scratch/wmz2007/neuroinfo_fruitfly/fisbe/biapy-channel-rot/train/label
2026-08-06 14:13:49,240 - INFO     - save_and_log_data        : Saving raw to file: VT008647-20171222_63_D2_c021_r0_k0 , Dir: /scratch/wmz2007/neuroinfo_fruitfly/fisbe/biapy-channel-rot/train/raw
2026-08-06 14:13:49,240 - INFO     - save_and_log_data        : Saving label to file: VT008647-20171222_63_D2_c021_r0_k0, Dir: /scratch/wmz2007/neuroinfo_fruitfly/fisbe/biapy-channel-rot/train/label
2026-08-06 14:13:50,542 - INFO     - save_and_log_data        : Saving raw to file: VT008647-20171222_63_D2_c021_r1_k1 , Dir: /scratch/wmz2007/neuroinfo_fruitfly/fisbe/biapy-channel-rot/train/raw
2026-08-06 14:13:50,542 - INFO     - save_and_log_data        : Saving label to file: VT008647-20171222_63_D2_c021_r1_k1, Dir: /scratch/wmz2007/neuroinfo_fruitfly/fisbe/biapy-channel-rot/train/label
2026-08-06 14:13:51,125 - INFO     - save_and_log_data        : Saving raw to file: VT008647-20171222_63_D2_c021_r1_k3 , Dir: /scratch/wmz2007/neuroinfo_fruitfly/fisbe/biapy-channel-rot/train/raw
2026-08-06 14:13:51,126 - INFO     - save_and_log_data        : Saving label to file: VT008647-20171222_63_D2_c021_r1_k3, Dir: /scratch/wmz2007/neuroinfo_fruitfly/fisbe/biapy-channel-rot/train/label
2026-08-06 14:13:52,884 - INFO     - save_and_log_data        : Saving raw to file: VT008647-20171222_63_D2_c021_r1_k0 , Dir: /scratch/wmz2007/neuroinfo_fruitfly/fisbe/biapy-channel-rot/train/raw
2026-08-06 14:13:52,895 - INFO     - save_and_log_data        : Saving label to file: VT008647-20171222_63_D2_c021_r1_k0, Dir: /scratch/wmz2007/neuroinfo_fruitfly/fisbe/biapy-channel-rot/train/label
2026-08-06 14:13:53,526 - INFO     - save_and_log_data        : Saving raw to file: VT008647-20171222_63_D2_c012_r2_k1 , Dir: /scratch/wmz2007/neuroinfo_fruitfly/fisbe/biapy-channel-rot/train/raw
2026-08-06 14:13:53,527 - INFO     - save_and_log_data        : Saving label to file: VT008647-20171222_63_D2_c012_r2_k1, Dir: /scratch/wmz2007/neuroinfo_fruitfly/fisbe/biapy-channel-rot/train/label
2026-08-06 14:13:54,081 - INFO     - save_and_log_data        : Saving raw to file: VT008647-20171222_63_D2_c012_r2_k3 , Dir: /scratch/wmz2007/neuroinfo_fruitfly/fisbe/biapy-channel-rot/train/raw
2026-08-06 14:13:54,082 - INFO     - save_and_log_data        : Saving label to file: VT008647-20171222_63_D2_c012_r2_k3, Dir: /scratch/wmz2007/neuroinfo_fruitfly/fisbe/biapy-channel-rot/train/label
2026-08-06 14:13:54,738 - INFO     - save_and_log_data        : Saving raw to file: VT008647-20171222_63_D2_c012_r2_k0 , Dir: /scratch/wmz2007/neuroinfo_fruitfly/fisbe/biapy-channel-rot/train/raw
2026-08-06 14:13:54,744 - INFO     - save_and_log_data        : Saving label to file: VT008647-20171222_63_D2_c012_r2_k0, Dir: /scratch/wmz2007/neuroinfo_fruitfly/fisbe/biapy-channel-rot/train/label
2026-08-06 14:13:55,530 - INFO     - save_and_log_data        : Saving raw to file: VT008647-20171222_63_D2_c012_r0_k1 , Dir: /scratch/wmz2007/neuroinfo_fruitfly/fisbe/biapy-channel-rot/train/raw
2026-08-06 14:13:55,530 - INFO     - save_and_log_data        : Saving label to file: VT008647-20171222_63_D2_c012_r0_k1, Dir: /scratch/wmz2007/neuroinfo_fruitfly/fisbe/biapy-channel-rot/train/label
2026-08-06 14:13:57,615 - INFO     - save_and_log_data        : Saving raw to file: VT008647-20171222_63_D2_c012_r0_k3 , Dir: /scratch/wmz2007/neuroinfo_fruitfly/fisbe/biapy-channel-rot/train/raw
2026-08-06 14:13:57,629 - INFO     - save_and_log_data        : Saving label to file: VT008647-20171222_63_D2_c012_r0_k3, Dir: /scratch/wmz2007/neuroinfo_fruitfly/fisbe/biapy-channel-rot/train/label
2026-08-06 14:13:58,293 - INFO     - save_and_log_data        : Saving raw to file: VT008647-20171222_63_D2_c012_r0_k0 , Dir: /scratch/wmz2007/neuroinfo_fruitfly/fisbe/biapy-channel-rot/train/raw
2026-08-06 14:13:58,293 - INFO     - save_and_log_data        : Saving label to file: VT008647-20171222_63_D2_c012_r0_k0, Dir: /scratch/wmz2007/neuroinfo_fruitfly/fisbe/biapy-channel-rot/train/label
2026-08-06 14:13:59,950 - INFO     - save_and_log_data        : Saving raw to file: VT008647-20171222_63_D2_c012_r1_k1 , Dir: /scratch/wmz2007/neuroinfo_fruitfly/fisbe/biapy-channel-rot/train/raw
2026-08-06 14:13:59,960 - INFO     - save_and_log_data        : Saving label to file: VT008647-20171222_63_D2_c012_r1_k1, Dir: /scratch/wmz2007/neuroinfo_fruitfly/fisbe/biapy-channel-rot/train/label
2026-08-06 14:14:00,359 - INFO     - save_and_log_data        : Saving raw to file: VT008647-20171222_63_D2_c012_r1_k3 , Dir: /scratch/wmz2007/neuroinfo_fruitfly/fisbe/biapy-channel-rot/train/raw
2026-08-06 14:14:00,359 - INFO     - save_and_log_data        : Saving label to file: VT008647-20171222_63_D2_c012_r1_k3, Dir: /scratch/wmz2007/neuroinfo_fruitfly/fisbe/biapy-channel-rot/train/label
2026-08-06 14:14:01,717 - INFO     - save_and_log_data        : Saving raw to file: VT008647-20171222_63_D2_c012_r1_k0 , Dir: /scratch/wmz2007/neuroinfo_fruitfly/fisbe/biapy-channel-rot/train/raw
2026-08-06 14:14:01,717 - INFO     - process_samples          : /// Processing Sample [8 / 18]: VT008647-20171222_63_E1.zarr ///
2026-08-06 14:14:01,718 - INFO     - save_and_log_data        : Saving label to file: VT008647-20171222_63_D2_c012_r1_k0, Dir: /scratch/wmz2007/neuroinfo_fruitfly/fisbe/biapy-channel-rot/train/label
2026-08-06 14:14:10,413 - INFO     - process_samples          : Number of augmentation jobs: 27
2026-08-06 14:14:10,806 - INFO     - save_and_log_data        : Saving raw to file: VT008647-20171222_63_E1_c120_r1_k3 , Dir: /scratch/wmz2007/neuroinfo_fruitfly/fisbe/biapy-channel-rot/train/raw
2026-08-06 14:14:10,806 - INFO     - save_and_log_data        : Saving label to file: VT008647-20171222_63_E1_c120_r1_k3, Dir: /scratch/wmz2007/neuroinfo_fruitfly/fisbe/biapy-channel-rot/train/label
2026-08-06 14:14:11,198 - INFO     - save_and_log_data        : Saving raw to file: VT008647-20171222_63_E1_c120_r1_k2 , Dir: /scratch/wmz2007/neuroinfo_fruitfly/fisbe/biapy-channel-rot/train/raw
2026-08-06 14:14:11,198 - INFO     - save_and_log_data        : Saving label to file: VT008647-20171222_63_E1_c120_r1_k2, Dir: /scratch/wmz2007/neuroinfo_fruitfly/fisbe/biapy-channel-rot/train/label
2026-08-06 14:14:11,560 - INFO     - save_and_log_data        : Saving raw to file: VT008647-20171222_63_E1_c120_r1_k0 , Dir: /scratch/wmz2007/neuroinfo_fruitfly/fisbe/biapy-channel-rot/train/raw
2026-08-06 14:14:11,560 - INFO     - save_and_log_data        : Saving label to file: VT008647-20171222_63_E1_c120_r1_k0, Dir: /scratch/wmz2007/neuroinfo_fruitfly/fisbe/biapy-channel-rot/train/label
2026-08-06 14:14:11,917 - INFO     - save_and_log_data        : Saving raw to file: VT008647-20171222_63_E1_c120_r0_k3 , Dir: /scratch/wmz2007/neuroinfo_fruitfly/fisbe/biapy-channel-rot/train/raw
2026-08-06 14:14:11,917 - INFO     - save_and_log_data        : Saving label to file: VT008647-20171222_63_E1_c120_r0_k3, Dir: /scratch/wmz2007/neuroinfo_fruitfly/fisbe/biapy-channel-rot/train/label
2026-08-06 14:14:13,513 - INFO     - save_and_log_data        : Saving raw to file: VT008647-20171222_63_E1_c120_r0_k2 , Dir: /scratch/wmz2007/neuroinfo_fruitfly/fisbe/biapy-channel-rot/train/raw
2026-08-06 14:14:13,517 - INFO     - save_and_log_data        : Saving label to file: VT008647-20171222_63_E1_c120_r0_k2, Dir: /scratch/wmz2007/neuroinfo_fruitfly/fisbe/biapy-channel-rot/train/label
2026-08-06 14:14:13,881 - INFO     - save_and_log_data        : Saving raw to file: VT008647-20171222_63_E1_c120_r0_k0 , Dir: /scratch/wmz2007/neuroinfo_fruitfly/fisbe/biapy-channel-rot/train/raw
2026-08-06 14:14:13,881 - INFO     - save_and_log_data        : Saving label to file: VT008647-20171222_63_E1_c120_r0_k0, Dir: /scratch/wmz2007/neuroinfo_fruitfly/fisbe/biapy-channel-rot/train/label
2026-08-06 14:14:14,702 - INFO     - save_and_log_data        : Saving raw to file: VT008647-20171222_63_E1_c120_r2_k3 , Dir: /scratch/wmz2007/neuroinfo_fruitfly/fisbe/biapy-channel-rot/train/raw
2026-08-06 14:14:14,702 - INFO     - save_and_log_data        : Saving label to file: VT008647-20171222_63_E1_c120_r2_k3, Dir: /scratch/wmz2007/neuroinfo_fruitfly/fisbe/biapy-channel-rot/train/label
2026-08-06 14:14:15,194 - INFO     - save_and_log_data        : Saving raw to file: VT008647-20171222_63_E1_c120_r2_k2 , Dir: /scratch/wmz2007/neuroinfo_fruitfly/fisbe/biapy-channel-rot/train/raw
2026-08-06 14:14:15,194 - INFO     - save_and_log_data        : Saving label to file: VT008647-20171222_63_E1_c120_r2_k2, Dir: /scratch/wmz2007/neuroinfo_fruitfly/fisbe/biapy-channel-rot/train/label
2026-08-06 14:14:16,705 - INFO     - save_and_log_data        : Saving raw to file: VT008647-20171222_63_E1_c120_r2_k0 , Dir: /scratch/wmz2007/neuroinfo_fruitfly/fisbe/biapy-channel-rot/train/raw
2026-08-06 14:14:16,719 - INFO     - save_and_log_data        : Saving label to file: VT008647-20171222_63_E1_c120_r2_k0, Dir: /scratch/wmz2007/neuroinfo_fruitfly/fisbe/biapy-channel-rot/train/label
2026-08-06 14:14:16,933 - INFO     - save_and_log_data        : Saving raw to file: VT008647-20171222_63_E1_c201_r1_k3 , Dir: /scratch/wmz2007/neuroinfo_fruitfly/fisbe/biapy-channel-rot/train/raw
2026-08-06 14:14:16,934 - INFO     - save_and_log_data        : Saving label to file: VT008647-20171222_63_E1_c201_r1_k3, Dir: /scratch/wmz2007/neuroinfo_fruitfly/fisbe/biapy-channel-rot/train/label
2026-08-06 14:14:19,097 - INFO     - save_and_log_data        : Saving raw to file: VT008647-20171222_63_E1_c201_r1_k2 , Dir: /scratch/wmz2007/neuroinfo_fruitfly/fisbe/biapy-channel-rot/train/raw
2026-08-06 14:14:19,097 - INFO     - save_and_log_data        : Saving label to file: VT008647-20171222_63_E1_c201_r1_k2, Dir: /scratch/wmz2007/neuroinfo_fruitfly/fisbe/biapy-channel-rot/train/label
2026-08-06 14:14:19,257 - INFO     - save_and_log_data        : Saving raw to file: VT008647-20171222_63_E1_c201_r1_k0 , Dir: /scratch/wmz2007/neuroinfo_fruitfly/fisbe/biapy-channel-rot/train/raw
2026-08-06 14:14:19,257 - INFO     - save_and_log_data        : Saving label to file: VT008647-20171222_63_E1_c201_r1_k0, Dir: /scratch/wmz2007/neuroinfo_fruitfly/fisbe/biapy-channel-rot/train/label
2026-08-06 14:14:19,694 - INFO     - save_and_log_data        : Saving raw to file: VT008647-20171222_63_E1_c201_r0_k3 , Dir: /scratch/wmz2007/neuroinfo_fruitfly/fisbe/biapy-channel-rot/train/raw
2026-08-06 14:14:19,695 - INFO     - save_and_log_data        : Saving label to file: VT008647-20171222_63_E1_c201_r0_k3, Dir: /scratch/wmz2007/neuroinfo_fruitfly/fisbe/biapy-channel-rot/train/label
2026-08-06 14:14:20,253 - INFO     - save_and_log_data        : Saving raw to file: VT008647-20171222_63_E1_c201_r0_k2 , Dir: /scratch/wmz2007/neuroinfo_fruitfly/fisbe/biapy-channel-rot/train/raw
2026-08-06 14:14:20,253 - INFO     - save_and_log_data        : Saving label to file: VT008647-20171222_63_E1_c201_r0_k2, Dir: /scratch/wmz2007/neuroinfo_fruitfly/fisbe/biapy-channel-rot/train/label
2026-08-06 14:14:21,421 - INFO     - save_and_log_data        : Saving raw to file: VT008647-20171222_63_E1_c201_r0_k0 , Dir: /scratch/wmz2007/neuroinfo_fruitfly/fisbe/biapy-channel-rot/train/raw
2026-08-06 14:14:21,912 - INFO     - save_and_log_data        : Saving label to file: VT008647-20171222_63_E1_c201_r0_k0, Dir: /scratch/wmz2007/neuroinfo_fruitfly/fisbe/biapy-channel-rot/train/label
2026-08-06 14:14:22,193 - INFO     - save_and_log_data        : Saving raw to file: VT008647-20171222_63_E1_c201_r2_k3 , Dir: /scratch/wmz2007/neuroinfo_fruitfly/fisbe/biapy-channel-rot/train/raw
2026-08-06 14:14:22,193 - INFO     - save_and_log_data        : Saving label to file: VT008647-20171222_63_E1_c201_r2_k3, Dir: /scratch/wmz2007/neuroinfo_fruitfly/fisbe/biapy-channel-rot/train/label
2026-08-06 14:14:23,625 - INFO     - save_and_log_data        : Saving raw to file: VT008647-20171222_63_E1_c201_r2_k2 , Dir: /scratch/wmz2007/neuroinfo_fruitfly/fisbe/biapy-channel-rot/train/raw
2026-08-06 14:14:23,634 - INFO     - save_and_log_data        : Saving label to file: VT008647-20171222_63_E1_c201_r2_k2, Dir: /scratch/wmz2007/neuroinfo_fruitfly/fisbe/biapy-channel-rot/train/label
2026-08-06 14:14:24,182 - INFO     - save_and_log_data        : Saving raw to file: VT008647-20171222_63_E1_c201_r2_k0 , Dir: /scratch/wmz2007/neuroinfo_fruitfly/fisbe/biapy-channel-rot/train/raw
2026-08-06 14:14:24,183 - INFO     - save_and_log_data        : Saving label to file: VT008647-20171222_63_E1_c201_r2_k0, Dir: /scratch/wmz2007/neuroinfo_fruitfly/fisbe/biapy-channel-rot/train/label
2026-08-06 14:14:25,221 - INFO     - save_and_log_data        : Saving raw to file: VT008647-20171222_63_E1_c210_r1_k3 , Dir: /scratch/wmz2007/neuroinfo_fruitfly/fisbe/biapy-channel-rot/train/raw
2026-08-06 14:14:25,221 - INFO     - save_and_log_data        : Saving label to file: VT008647-20171222_63_E1_c210_r1_k3, Dir: /scratch/wmz2007/neuroinfo_fruitfly/fisbe/biapy-channel-rot/train/label
2026-08-06 14:14:25,746 - INFO     - save_and_log_data        : Saving raw to file: VT008647-20171222_63_E1_c210_r1_k2 , Dir: /scratch/wmz2007/neuroinfo_fruitfly/fisbe/biapy-channel-rot/train/raw
2026-08-06 14:14:25,747 - INFO     - save_and_log_data        : Saving label to file: VT008647-20171222_63_E1_c210_r1_k2, Dir: /scratch/wmz2007/neuroinfo_fruitfly/fisbe/biapy-channel-rot/train/label
2026-08-06 14:14:26,989 - INFO     - save_and_log_data        : Saving raw to file: VT008647-20171222_63_E1_c210_r1_k0 , Dir: /scratch/wmz2007/neuroinfo_fruitfly/fisbe/biapy-channel-rot/train/raw
2026-08-06 14:14:26,990 - INFO     - save_and_log_data        : Saving label to file: VT008647-20171222_63_E1_c210_r1_k0, Dir: /scratch/wmz2007/neuroinfo_fruitfly/fisbe/biapy-channel-rot/train/label
2026-08-06 14:14:27,362 - INFO     - save_and_log_data        : Saving raw to file: VT008647-20171222_63_E1_c210_r0_k3 , Dir: /scratch/wmz2007/neuroinfo_fruitfly/fisbe/biapy-channel-rot/train/raw
2026-08-06 14:14:27,363 - INFO     - save_and_log_data        : Saving label to file: VT008647-20171222_63_E1_c210_r0_k3, Dir: /scratch/wmz2007/neuroinfo_fruitfly/fisbe/biapy-channel-rot/train/label
2026-08-06 14:14:27,776 - INFO     - save_and_log_data        : Saving raw to file: VT008647-20171222_63_E1_c210_r0_k2 , Dir: /scratch/wmz2007/neuroinfo_fruitfly/fisbe/biapy-channel-rot/train/raw
2026-08-06 14:14:27,776 - INFO     - save_and_log_data        : Saving label to file: VT008647-20171222_63_E1_c210_r0_k2, Dir: /scratch/wmz2007/neuroinfo_fruitfly/fisbe/biapy-channel-rot/train/label
2026-08-06 14:14:28,912 - INFO     - save_and_log_data        : Saving raw to file: VT008647-20171222_63_E1_c210_r0_k0 , Dir: /scratch/wmz2007/neuroinfo_fruitfly/fisbe/biapy-channel-rot/train/raw
2026-08-06 14:14:28,912 - INFO     - save_and_log_data        : Saving label to file: VT008647-20171222_63_E1_c210_r0_k0, Dir: /scratch/wmz2007/neuroinfo_fruitfly/fisbe/biapy-channel-rot/train/label
2026-08-06 14:14:30,569 - INFO     - save_and_log_data        : Saving raw to file: VT008647-20171222_63_E1_c210_r2_k3 , Dir: /scratch/wmz2007/neuroinfo_fruitfly/fisbe/biapy-channel-rot/train/raw
2026-08-06 14:14:30,569 - INFO     - save_and_log_data        : Saving label to file: VT008647-20171222_63_E1_c210_r2_k3, Dir: /scratch/wmz2007/neuroinfo_fruitfly/fisbe/biapy-channel-rot/train/label
2026-08-06 14:14:31,158 - INFO     - save_and_log_data        : Saving raw to file: VT008647-20171222_63_E1_c210_r2_k2 , Dir: /scratch/wmz2007/neuroinfo_fruitfly/fisbe/biapy-channel-rot/train/raw
2026-08-06 14:14:31,158 - INFO     - save_and_log_data        : Saving label to file: VT008647-20171222_63_E1_c210_r2_k2, Dir: /scratch/wmz2007/neuroinfo_fruitfly/fisbe/biapy-channel-rot/train/label
2026-08-06 14:14:32,272 - INFO     - process_samples          : /// Processing Sample [9 / 18]: VT019303-20171013_65_B6.zarr ///
2026-08-06 14:14:32,272 - INFO     - save_and_log_data        : Saving raw to file: VT008647-20171222_63_E1_c210_r2_k0 , Dir: /scratch/wmz2007/neuroinfo_fruitfly/fisbe/biapy-channel-rot/train/raw
2026-08-06 14:14:32,287 - INFO     - save_and_log_data        : Saving label to file: VT008647-20171222_63_E1_c210_r2_k0, Dir: /scratch/wmz2007/neuroinfo_fruitfly/fisbe/biapy-channel-rot/train/label
2026-08-06 14:14:37,404 - INFO     - process_samples          : Number of augmentation jobs: 27
2026-08-06 14:14:37,751 - INFO     - save_and_log_data        : Saving raw to file: VT019303-20171013_65_B6_c102_r1_k2 , Dir: /scratch/wmz2007/neuroinfo_fruitfly/fisbe/biapy-channel-rot/train/raw
2026-08-06 14:14:37,751 - INFO     - save_and_log_data        : Saving label to file: VT019303-20171013_65_B6_c102_r1_k2, Dir: /scratch/wmz2007/neuroinfo_fruitfly/fisbe/biapy-channel-rot/train/label
2026-08-06 14:14:38,096 - INFO     - save_and_log_data        : Saving raw to file: VT019303-20171013_65_B6_c102_r1_k0 , Dir: /scratch/wmz2007/neuroinfo_fruitfly/fisbe/biapy-channel-rot/train/raw
2026-08-06 14:14:38,096 - INFO     - save_and_log_data        : Saving label to file: VT019303-20171013_65_B6_c102_r1_k0, Dir: /scratch/wmz2007/neuroinfo_fruitfly/fisbe/biapy-channel-rot/train/label
2026-08-06 14:14:38,424 - INFO     - save_and_log_data        : Saving raw to file: VT019303-20171013_65_B6_c102_r1_k3 , Dir: /scratch/wmz2007/neuroinfo_fruitfly/fisbe/biapy-channel-rot/train/raw
2026-08-06 14:14:38,424 - INFO     - save_and_log_data        : Saving label to file: VT019303-20171013_65_B6_c102_r1_k3, Dir: /scratch/wmz2007/neuroinfo_fruitfly/fisbe/biapy-channel-rot/train/label
2026-08-06 14:14:38,755 - INFO     - save_and_log_data        : Saving raw to file: VT019303-20171013_65_B6_c102_r2_k2 , Dir: /scratch/wmz2007/neuroinfo_fruitfly/fisbe/biapy-channel-rot/train/raw
2026-08-06 14:14:38,755 - INFO     - save_and_log_data        : Saving label to file: VT019303-20171013_65_B6_c102_r2_k2, Dir: /scratch/wmz2007/neuroinfo_fruitfly/fisbe/biapy-channel-rot/train/label
2026-08-06 14:14:39,772 - INFO     - save_and_log_data        : Saving raw to file: VT019303-20171013_65_B6_c102_r2_k0 , Dir: /scratch/wmz2007/neuroinfo_fruitfly/fisbe/biapy-channel-rot/train/raw
2026-08-06 14:14:39,773 - INFO     - save_and_log_data        : Saving label to file: VT019303-20171013_65_B6_c102_r2_k0, Dir: /scratch/wmz2007/neuroinfo_fruitfly/fisbe/biapy-channel-rot/train/label
2026-08-06 14:14:40,186 - INFO     - save_and_log_data        : Saving raw to file: VT019303-20171013_65_B6_c102_r2_k3 , Dir: /scratch/wmz2007/neuroinfo_fruitfly/fisbe/biapy-channel-rot/train/raw
2026-08-06 14:14:40,186 - INFO     - save_and_log_data        : Saving label to file: VT019303-20171013_65_B6_c102_r2_k3, Dir: /scratch/wmz2007/neuroinfo_fruitfly/fisbe/biapy-channel-rot/train/label
2026-08-06 14:14:40,666 - INFO     - save_and_log_data        : Saving raw to file: VT019303-20171013_65_B6_c102_r0_k2 , Dir: /scratch/wmz2007/neuroinfo_fruitfly/fisbe/biapy-channel-rot/train/raw
2026-08-06 14:14:40,666 - INFO     - save_and_log_data        : Saving label to file: VT019303-20171013_65_B6_c102_r0_k2, Dir: /scratch/wmz2007/neuroinfo_fruitfly/fisbe/biapy-channel-rot/train/label
2026-08-06 14:14:41,581 - INFO     - save_and_log_data        : Saving raw to file: VT019303-20171013_65_B6_c102_r0_k0 , Dir: /scratch/wmz2007/neuroinfo_fruitfly/fisbe/biapy-channel-rot/train/raw
2026-08-06 14:14:41,581 - INFO     - save_and_log_data        : Saving label to file: VT019303-20171013_65_B6_c102_r0_k0, Dir: /scratch/wmz2007/neuroinfo_fruitfly/fisbe/biapy-channel-rot/train/label
2026-08-06 14:14:42,857 - INFO     - save_and_log_data        : Saving raw to file: VT019303-20171013_65_B6_c102_r0_k3 , Dir: /scratch/wmz2007/neuroinfo_fruitfly/fisbe/biapy-channel-rot/train/raw
2026-08-06 14:14:42,858 - INFO     - save_and_log_data        : Saving label to file: VT019303-20171013_65_B6_c102_r0_k3, Dir: /scratch/wmz2007/neuroinfo_fruitfly/fisbe/biapy-channel-rot/train/label
2026-08-06 14:14:43,376 - INFO     - save_and_log_data        : Saving raw to file: VT019303-20171013_65_B6_c120_r1_k2 , Dir: /scratch/wmz2007/neuroinfo_fruitfly/fisbe/biapy-channel-rot/train/raw
2026-08-06 14:14:43,376 - INFO     - save_and_log_data        : Saving label to file: VT019303-20171013_65_B6_c120_r1_k2, Dir: /scratch/wmz2007/neuroinfo_fruitfly/fisbe/biapy-channel-rot/train/label
2026-08-06 14:14:44,119 - INFO     - save_and_log_data        : Saving raw to file: VT019303-20171013_65_B6_c120_r1_k0 , Dir: /scratch/wmz2007/neuroinfo_fruitfly/fisbe/biapy-channel-rot/train/raw
2026-08-06 14:14:44,119 - INFO     - save_and_log_data        : Saving label to file: VT019303-20171013_65_B6_c120_r1_k0, Dir: /scratch/wmz2007/neuroinfo_fruitfly/fisbe/biapy-channel-rot/train/label
2026-08-06 14:14:44,471 - INFO     - save_and_log_data        : Saving raw to file: VT019303-20171013_65_B6_c120_r1_k3 , Dir: /scratch/wmz2007/neuroinfo_fruitfly/fisbe/biapy-channel-rot/train/raw
2026-08-06 14:14:44,471 - INFO     - save_and_log_data        : Saving label to file: VT019303-20171013_65_B6_c120_r1_k3, Dir: /scratch/wmz2007/neuroinfo_fruitfly/fisbe/biapy-channel-rot/train/label
2026-08-06 14:14:46,013 - INFO     - save_and_log_data        : Saving raw to file: VT019303-20171013_65_B6_c120_r2_k2 , Dir: /scratch/wmz2007/neuroinfo_fruitfly/fisbe/biapy-channel-rot/train/raw
2026-08-06 14:14:46,039 - INFO     - save_and_log_data        : Saving label to file: VT019303-20171013_65_B6_c120_r2_k2, Dir: /scratch/wmz2007/neuroinfo_fruitfly/fisbe/biapy-channel-rot/train/label
2026-08-06 14:14:46,946 - INFO     - save_and_log_data        : Saving raw to file: VT019303-20171013_65_B6_c120_r2_k0 , Dir: /scratch/wmz2007/neuroinfo_fruitfly/fisbe/biapy-channel-rot/train/raw
2026-08-06 14:14:46,947 - INFO     - save_and_log_data        : Saving label to file: VT019303-20171013_65_B6_c120_r2_k0, Dir: /scratch/wmz2007/neuroinfo_fruitfly/fisbe/biapy-channel-rot/train/label
2026-08-06 14:14:47,271 - INFO     - save_and_log_data        : Saving raw to file: VT019303-20171013_65_B6_c120_r2_k3 , Dir: /scratch/wmz2007/neuroinfo_fruitfly/fisbe/biapy-channel-rot/train/raw
2026-08-06 14:14:47,273 - INFO     - save_and_log_data        : Saving label to file: VT019303-20171013_65_B6_c120_r2_k3, Dir: /scratch/wmz2007/neuroinfo_fruitfly/fisbe/biapy-channel-rot/train/label
2026-08-06 14:14:48,318 - INFO     - save_and_log_data        : Saving raw to file: VT019303-20171013_65_B6_c120_r0_k2 , Dir: /scratch/wmz2007/neuroinfo_fruitfly/fisbe/biapy-channel-rot/train/raw
2026-08-06 14:14:48,329 - INFO     - save_and_log_data        : Saving label to file: VT019303-20171013_65_B6_c120_r0_k2, Dir: /scratch/wmz2007/neuroinfo_fruitfly/fisbe/biapy-channel-rot/train/label
2026-08-06 14:14:48,821 - INFO     - save_and_log_data        : Saving raw to file: VT019303-20171013_65_B6_c120_r0_k0 , Dir: /scratch/wmz2007/neuroinfo_fruitfly/fisbe/biapy-channel-rot/train/raw
2026-08-06 14:14:48,821 - INFO     - save_and_log_data        : Saving label to file: VT019303-20171013_65_B6_c120_r0_k0, Dir: /scratch/wmz2007/neuroinfo_fruitfly/fisbe/biapy-channel-rot/train/label
2026-08-06 14:14:49,786 - INFO     - save_and_log_data        : Saving raw to file: VT019303-20171013_65_B6_c120_r0_k3 , Dir: /scratch/wmz2007/neuroinfo_fruitfly/fisbe/biapy-channel-rot/train/raw
2026-08-06 14:14:49,786 - INFO     - save_and_log_data        : Saving label to file: VT019303-20171013_65_B6_c120_r0_k3, Dir: /scratch/wmz2007/neuroinfo_fruitfly/fisbe/biapy-channel-rot/train/label
2026-08-06 14:14:51,102 - INFO     - save_and_log_data        : Saving raw to file: VT019303-20171013_65_B6_c201_r1_k2 , Dir: /scratch/wmz2007/neuroinfo_fruitfly/fisbe/biapy-channel-rot/train/raw
2026-08-06 14:14:51,117 - INFO     - save_and_log_data        : Saving label to file: VT019303-20171013_65_B6_c201_r1_k2, Dir: /scratch/wmz2007/neuroinfo_fruitfly/fisbe/biapy-channel-rot/train/label
2026-08-06 14:14:51,263 - INFO     - save_and_log_data        : Saving raw to file: VT019303-20171013_65_B6_c201_r1_k0 , Dir: /scratch/wmz2007/neuroinfo_fruitfly/fisbe/biapy-channel-rot/train/raw
2026-08-06 14:14:51,263 - INFO     - save_and_log_data        : Saving label to file: VT019303-20171013_65_B6_c201_r1_k0, Dir: /scratch/wmz2007/neuroinfo_fruitfly/fisbe/biapy-channel-rot/train/label
2026-08-06 14:14:52,298 - INFO     - save_and_log_data        : Saving raw to file: VT019303-20171013_65_B6_c201_r1_k3 , Dir: /scratch/wmz2007/neuroinfo_fruitfly/fisbe/biapy-channel-rot/train/raw
2026-08-06 14:14:52,300 - INFO     - save_and_log_data        : Saving label to file: VT019303-20171013_65_B6_c201_r1_k3, Dir: /scratch/wmz2007/neuroinfo_fruitfly/fisbe/biapy-channel-rot/train/label
2026-08-06 14:14:52,461 - INFO     - save_and_log_data        : Saving raw to file: VT019303-20171013_65_B6_c201_r2_k2 , Dir: /scratch/wmz2007/neuroinfo_fruitfly/fisbe/biapy-channel-rot/train/raw
2026-08-06 14:14:52,461 - INFO     - save_and_log_data        : Saving label to file: VT019303-20171013_65_B6_c201_r2_k2, Dir: /scratch/wmz2007/neuroinfo_fruitfly/fisbe/biapy-channel-rot/train/label
2026-08-06 14:14:53,249 - INFO     - save_and_log_data        : Saving raw to file: VT019303-20171013_65_B6_c201_r2_k0 , Dir: /scratch/wmz2007/neuroinfo_fruitfly/fisbe/biapy-channel-rot/train/raw
2026-08-06 14:14:53,656 - INFO     - save_and_log_data        : Saving label to file: VT019303-20171013_65_B6_c201_r2_k0, Dir: /scratch/wmz2007/neuroinfo_fruitfly/fisbe/biapy-channel-rot/train/label
2026-08-06 14:14:53,753 - INFO     - save_and_log_data        : Saving raw to file: VT019303-20171013_65_B6_c201_r2_k3 , Dir: /scratch/wmz2007/neuroinfo_fruitfly/fisbe/biapy-channel-rot/train/raw
2026-08-06 14:14:53,753 - INFO     - save_and_log_data        : Saving label to file: VT019303-20171013_65_B6_c201_r2_k3, Dir: /scratch/wmz2007/neuroinfo_fruitfly/fisbe/biapy-channel-rot/train/label
2026-08-06 14:14:55,005 - INFO     - save_and_log_data        : Saving raw to file: VT019303-20171013_65_B6_c201_r0_k2 , Dir: /scratch/wmz2007/neuroinfo_fruitfly/fisbe/biapy-channel-rot/train/raw
2026-08-06 14:14:55,008 - INFO     - save_and_log_data        : Saving label to file: VT019303-20171013_65_B6_c201_r0_k2, Dir: /scratch/wmz2007/neuroinfo_fruitfly/fisbe/biapy-channel-rot/train/label
2026-08-06 14:14:55,428 - INFO     - save_and_log_data        : Saving raw to file: VT019303-20171013_65_B6_c201_r0_k0 , Dir: /scratch/wmz2007/neuroinfo_fruitfly/fisbe/biapy-channel-rot/train/raw
2026-08-06 14:14:55,430 - INFO     - save_and_log_data        : Saving label to file: VT019303-20171013_65_B6_c201_r0_k0, Dir: /scratch/wmz2007/neuroinfo_fruitfly/fisbe/biapy-channel-rot/train/label
2026-08-06 14:14:56,650 - INFO     - process_samples          : /// Processing Sample [10 / 18]: VT019307-20171013_65_F1.zarr ///
2026-08-06 14:14:56,650 - INFO     - save_and_log_data        : Saving raw to file: VT019303-20171013_65_B6_c201_r0_k3 , Dir: /scratch/wmz2007/neuroinfo_fruitfly/fisbe/biapy-channel-rot/train/raw
2026-08-06 14:14:56,651 - INFO     - save_and_log_data        : Saving label to file: VT019303-20171013_65_B6_c201_r0_k3, Dir: /scratch/wmz2007/neuroinfo_fruitfly/fisbe/biapy-channel-rot/train/label
2026-08-06 14:15:02,066 - INFO     - process_samples          : Number of augmentation jobs: 27
2026-08-06 14:15:02,441 - INFO     - save_and_log_data        : Saving raw to file: VT019307-20171013_65_F1_c201_r1_k0 , Dir: /scratch/wmz2007/neuroinfo_fruitfly/fisbe/biapy-channel-rot/train/raw
2026-08-06 14:15:02,442 - INFO     - save_and_log_data        : Saving label to file: VT019307-20171013_65_F1_c201_r1_k0, Dir: /scratch/wmz2007/neuroinfo_fruitfly/fisbe/biapy-channel-rot/train/label
2026-08-06 14:15:02,817 - INFO     - save_and_log_data        : Saving raw to file: VT019307-20171013_65_F1_c201_r1_k3 , Dir: /scratch/wmz2007/neuroinfo_fruitfly/fisbe/biapy-channel-rot/train/raw
2026-08-06 14:15:02,817 - INFO     - save_and_log_data        : Saving label to file: VT019307-20171013_65_F1_c201_r1_k3, Dir: /scratch/wmz2007/neuroinfo_fruitfly/fisbe/biapy-channel-rot/train/label
2026-08-06 14:15:03,197 - INFO     - save_and_log_data        : Saving raw to file: VT019307-20171013_65_F1_c201_r1_k2 , Dir: /scratch/wmz2007/neuroinfo_fruitfly/fisbe/biapy-channel-rot/train/raw
2026-08-06 14:15:03,197 - INFO     - save_and_log_data        : Saving label to file: VT019307-20171013_65_F1_c201_r1_k2, Dir: /scratch/wmz2007/neuroinfo_fruitfly/fisbe/biapy-channel-rot/train/label
2026-08-06 14:15:03,731 - INFO     - save_and_log_data        : Saving raw to file: VT019307-20171013_65_F1_c201_r0_k0 , Dir: /scratch/wmz2007/neuroinfo_fruitfly/fisbe/biapy-channel-rot/train/raw
2026-08-06 14:15:03,735 - INFO     - save_and_log_data        : Saving label to file: VT019307-20171013_65_F1_c201_r0_k0, Dir: /scratch/wmz2007/neuroinfo_fruitfly/fisbe/biapy-channel-rot/train/label
2026-08-06 14:15:04,252 - INFO     - save_and_log_data        : Saving raw to file: VT019307-20171013_65_F1_c201_r0_k3 , Dir: /scratch/wmz2007/neuroinfo_fruitfly/fisbe/biapy-channel-rot/train/raw
2026-08-06 14:15:04,252 - INFO     - save_and_log_data        : Saving label to file: VT019307-20171013_65_F1_c201_r0_k3, Dir: /scratch/wmz2007/neuroinfo_fruitfly/fisbe/biapy-channel-rot/train/label
2026-08-06 14:15:05,574 - INFO     - save_and_log_data        : Saving raw to file: VT019307-20171013_65_F1_c201_r0_k2 , Dir: /scratch/wmz2007/neuroinfo_fruitfly/fisbe/biapy-channel-rot/train/raw
2026-08-06 14:15:05,574 - INFO     - save_and_log_data        : Saving label to file: VT019307-20171013_65_F1_c201_r0_k2, Dir: /scratch/wmz2007/neuroinfo_fruitfly/fisbe/biapy-channel-rot/train/label
2026-08-06 14:15:06,019 - INFO     - save_and_log_data        : Saving raw to file: VT019307-20171013_65_F1_c201_r2_k0 , Dir: /scratch/wmz2007/neuroinfo_fruitfly/fisbe/biapy-channel-rot/train/raw
2026-08-06 14:15:06,020 - INFO     - save_and_log_data        : Saving label to file: VT019307-20171013_65_F1_c201_r2_k0, Dir: /scratch/wmz2007/neuroinfo_fruitfly/fisbe/biapy-channel-rot/train/label
2026-08-06 14:15:06,720 - INFO     - save_and_log_data        : Saving raw to file: VT019307-20171013_65_F1_c201_r2_k3 , Dir: /scratch/wmz2007/neuroinfo_fruitfly/fisbe/biapy-channel-rot/train/raw
2026-08-06 14:15:06,721 - INFO     - save_and_log_data        : Saving label to file: VT019307-20171013_65_F1_c201_r2_k3, Dir: /scratch/wmz2007/neuroinfo_fruitfly/fisbe/biapy-channel-rot/train/label
2026-08-06 14:15:07,966 - INFO     - save_and_log_data        : Saving raw to file: VT019307-20171013_65_F1_c201_r2_k2 , Dir: /scratch/wmz2007/neuroinfo_fruitfly/fisbe/biapy-channel-rot/train/raw
2026-08-06 14:15:07,966 - INFO     - save_and_log_data        : Saving label to file: VT019307-20171013_65_F1_c201_r2_k2, Dir: /scratch/wmz2007/neuroinfo_fruitfly/fisbe/biapy-channel-rot/train/label
2026-08-06 14:15:08,598 - INFO     - save_and_log_data        : Saving raw to file: VT019307-20171013_65_F1_c102_r1_k0 , Dir: /scratch/wmz2007/neuroinfo_fruitfly/fisbe/biapy-channel-rot/train/raw
2026-08-06 14:15:08,598 - INFO     - save_and_log_data        : Saving label to file: VT019307-20171013_65_F1_c102_r1_k0, Dir: /scratch/wmz2007/neuroinfo_fruitfly/fisbe/biapy-channel-rot/train/label
2026-08-06 14:15:08,914 - INFO     - save_and_log_data        : Saving raw to file: VT019307-20171013_65_F1_c102_r1_k3 , Dir: /scratch/wmz2007/neuroinfo_fruitfly/fisbe/biapy-channel-rot/train/raw
2026-08-06 14:15:08,916 - INFO     - save_and_log_data        : Saving label to file: VT019307-20171013_65_F1_c102_r1_k3, Dir: /scratch/wmz2007/neuroinfo_fruitfly/fisbe/biapy-channel-rot/train/label
2026-08-06 14:15:10,330 - INFO     - save_and_log_data        : Saving raw to file: VT019307-20171013_65_F1_c102_r1_k2 , Dir: /scratch/wmz2007/neuroinfo_fruitfly/fisbe/biapy-channel-rot/train/raw
2026-08-06 14:15:10,342 - INFO     - save_and_log_data        : Saving label to file: VT019307-20171013_65_F1_c102_r1_k2, Dir: /scratch/wmz2007/neuroinfo_fruitfly/fisbe/biapy-channel-rot/train/label
2026-08-06 14:15:10,805 - INFO     - save_and_log_data        : Saving raw to file: VT019307-20171013_65_F1_c102_r0_k0 , Dir: /scratch/wmz2007/neuroinfo_fruitfly/fisbe/biapy-channel-rot/train/raw
2026-08-06 14:15:10,808 - INFO     - save_and_log_data        : Saving label to file: VT019307-20171013_65_F1_c102_r0_k0, Dir: /scratch/wmz2007/neuroinfo_fruitfly/fisbe/biapy-channel-rot/train/label
2026-08-06 14:15:11,190 - INFO     - save_and_log_data        : Saving raw to file: VT019307-20171013_65_F1_c102_r0_k3 , Dir: /scratch/wmz2007/neuroinfo_fruitfly/fisbe/biapy-channel-rot/train/raw
2026-08-06 14:15:11,190 - INFO     - save_and_log_data        : Saving label to file: VT019307-20171013_65_F1_c102_r0_k3, Dir: /scratch/wmz2007/neuroinfo_fruitfly/fisbe/biapy-channel-rot/train/label
2026-08-06 14:15:12,554 - INFO     - save_and_log_data        : Saving raw to file: VT019307-20171013_65_F1_c102_r0_k2 , Dir: /scratch/wmz2007/neuroinfo_fruitfly/fisbe/biapy-channel-rot/train/raw
2026-08-06 14:15:12,560 - INFO     - save_and_log_data        : Saving label to file: VT019307-20171013_65_F1_c102_r0_k2, Dir: /scratch/wmz2007/neuroinfo_fruitfly/fisbe/biapy-channel-rot/train/label
2026-08-06 14:15:13,023 - INFO     - save_and_log_data        : Saving raw to file: VT019307-20171013_65_F1_c102_r2_k0 , Dir: /scratch/wmz2007/neuroinfo_fruitfly/fisbe/biapy-channel-rot/train/raw
2026-08-06 14:15:13,023 - INFO     - save_and_log_data        : Saving label to file: VT019307-20171013_65_F1_c102_r2_k0, Dir: /scratch/wmz2007/neuroinfo_fruitfly/fisbe/biapy-channel-rot/train/label
2026-08-06 14:15:14,239 - INFO     - save_and_log_data        : Saving raw to file: VT019307-20171013_65_F1_c102_r2_k3 , Dir: /scratch/wmz2007/neuroinfo_fruitfly/fisbe/biapy-channel-rot/train/raw
2026-08-06 14:15:14,240 - INFO     - save_and_log_data        : Saving label to file: VT019307-20171013_65_F1_c102_r2_k3, Dir: /scratch/wmz2007/neuroinfo_fruitfly/fisbe/biapy-channel-rot/train/label
2026-08-06 14:15:15,423 - INFO     - save_and_log_data        : Saving raw to file: VT019307-20171013_65_F1_c102_r2_k2 , Dir: /scratch/wmz2007/neuroinfo_fruitfly/fisbe/biapy-channel-rot/train/raw
2026-08-06 14:15:15,425 - INFO     - save_and_log_data        : Saving label to file: VT019307-20171013_65_F1_c102_r2_k2, Dir: /scratch/wmz2007/neuroinfo_fruitfly/fisbe/biapy-channel-rot/train/label
2026-08-06 14:15:15,971 - INFO     - save_and_log_data        : Saving raw to file: VT019307-20171013_65_F1_c012_r1_k0 , Dir: /scratch/wmz2007/neuroinfo_fruitfly/fisbe/biapy-channel-rot/train/raw
2026-08-06 14:15:15,973 - INFO     - save_and_log_data        : Saving label to file: VT019307-20171013_65_F1_c012_r1_k0, Dir: /scratch/wmz2007/neuroinfo_fruitfly/fisbe/biapy-channel-rot/train/label
2026-08-06 14:15:16,351 - INFO     - save_and_log_data        : Saving raw to file: VT019307-20171013_65_F1_c012_r1_k3 , Dir: /scratch/wmz2007/neuroinfo_fruitfly/fisbe/biapy-channel-rot/train/raw
2026-08-06 14:15:16,351 - INFO     - save_and_log_data        : Saving label to file: VT019307-20171013_65_F1_c012_r1_k3, Dir: /scratch/wmz2007/neuroinfo_fruitfly/fisbe/biapy-channel-rot/train/label
2026-08-06 14:15:17,915 - INFO     - save_and_log_data        : Saving raw to file: VT019307-20171013_65_F1_c012_r1_k2 , Dir: /scratch/wmz2007/neuroinfo_fruitfly/fisbe/biapy-channel-rot/train/raw
2026-08-06 14:15:17,915 - INFO     - save_and_log_data        : Saving label to file: VT019307-20171013_65_F1_c012_r1_k2, Dir: /scratch/wmz2007/neuroinfo_fruitfly/fisbe/biapy-channel-rot/train/label
2026-08-06 14:15:18,500 - INFO     - save_and_log_data        : Saving raw to file: VT019307-20171013_65_F1_c012_r0_k0 , Dir: /scratch/wmz2007/neuroinfo_fruitfly/fisbe/biapy-channel-rot/train/raw
2026-08-06 14:15:18,500 - INFO     - save_and_log_data        : Saving label to file: VT019307-20171013_65_F1_c012_r0_k0, Dir: /scratch/wmz2007/neuroinfo_fruitfly/fisbe/biapy-channel-rot/train/label
2026-08-06 14:15:18,759 - INFO     - save_and_log_data        : Saving raw to file: VT019307-20171013_65_F1_c012_r0_k3 , Dir: /scratch/wmz2007/neuroinfo_fruitfly/fisbe/biapy-channel-rot/train/raw
2026-08-06 14:15:18,760 - INFO     - save_and_log_data        : Saving label to file: VT019307-20171013_65_F1_c012_r0_k3, Dir: /scratch/wmz2007/neuroinfo_fruitfly/fisbe/biapy-channel-rot/train/label
2026-08-06 14:15:20,746 - INFO     - save_and_log_data        : Saving raw to file: VT019307-20171013_65_F1_c012_r0_k2 , Dir: /scratch/wmz2007/neuroinfo_fruitfly/fisbe/biapy-channel-rot/train/raw
2026-08-06 14:15:20,757 - INFO     - save_and_log_data        : Saving label to file: VT019307-20171013_65_F1_c012_r0_k2, Dir: /scratch/wmz2007/neuroinfo_fruitfly/fisbe/biapy-channel-rot/train/label
2026-08-06 14:15:21,119 - INFO     - save_and_log_data        : Saving raw to file: VT019307-20171013_65_F1_c012_r2_k0 , Dir: /scratch/wmz2007/neuroinfo_fruitfly/fisbe/biapy-channel-rot/train/raw
2026-08-06 14:15:21,119 - INFO     - save_and_log_data        : Saving label to file: VT019307-20171013_65_F1_c012_r2_k0, Dir: /scratch/wmz2007/neuroinfo_fruitfly/fisbe/biapy-channel-rot/train/label
2026-08-06 14:15:22,375 - INFO     - save_and_log_data        : Saving raw to file: VT019307-20171013_65_F1_c012_r2_k3 , Dir: /scratch/wmz2007/neuroinfo_fruitfly/fisbe/biapy-channel-rot/train/raw
2026-08-06 14:15:22,376 - INFO     - save_and_log_data        : Saving label to file: VT019307-20171013_65_F1_c012_r2_k3, Dir: /scratch/wmz2007/neuroinfo_fruitfly/fisbe/biapy-channel-rot/train/label
2026-08-06 14:15:23,847 - INFO     - save_and_log_data        : Saving raw to file: VT019307-20171013_65_F1_c012_r2_k2 , Dir: /scratch/wmz2007/neuroinfo_fruitfly/fisbe/biapy-channel-rot/train/raw
2026-08-06 14:15:23,847 - INFO     - process_samples          : /// Processing Sample [11 / 18]: VT033051-20171128_61_E2.zarr ///
2026-08-06 14:15:24,013 - INFO     - save_and_log_data        : Saving label to file: VT019307-20171013_65_F1_c012_r2_k2, Dir: /scratch/wmz2007/neuroinfo_fruitfly/fisbe/biapy-channel-rot/train/label
2026-08-06 14:15:28,487 - INFO     - process_samples          : Number of augmentation jobs: 27
2026-08-06 14:15:28,746 - INFO     - save_and_log_data        : Saving raw to file: VT033051-20171128_61_E2_c201_r0_k2 , Dir: /scratch/wmz2007/neuroinfo_fruitfly/fisbe/biapy-channel-rot/train/raw
2026-08-06 14:15:28,746 - INFO     - save_and_log_data        : Saving label to file: VT033051-20171128_61_E2_c201_r0_k2, Dir: /scratch/wmz2007/neuroinfo_fruitfly/fisbe/biapy-channel-rot/train/label
2026-08-06 14:15:29,010 - INFO     - save_and_log_data        : Saving raw to file: VT033051-20171128_61_E2_c201_r0_k3 , Dir: /scratch/wmz2007/neuroinfo_fruitfly/fisbe/biapy-channel-rot/train/raw
2026-08-06 14:15:29,010 - INFO     - save_and_log_data        : Saving label to file: VT033051-20171128_61_E2_c201_r0_k3, Dir: /scratch/wmz2007/neuroinfo_fruitfly/fisbe/biapy-channel-rot/train/label
2026-08-06 14:15:29,321 - INFO     - save_and_log_data        : Saving raw to file: VT033051-20171128_61_E2_c201_r0_k0 , Dir: /scratch/wmz2007/neuroinfo_fruitfly/fisbe/biapy-channel-rot/train/raw
2026-08-06 14:15:29,321 - INFO     - save_and_log_data        : Saving label to file: VT033051-20171128_61_E2_c201_r0_k0, Dir: /scratch/wmz2007/neuroinfo_fruitfly/fisbe/biapy-channel-rot/train/label
2026-08-06 14:15:30,273 - INFO     - save_and_log_data        : Saving raw to file: VT033051-20171128_61_E2_c201_r1_k2 , Dir: /scratch/wmz2007/neuroinfo_fruitfly/fisbe/biapy-channel-rot/train/raw
2026-08-06 14:15:30,273 - INFO     - save_and_log_data        : Saving label to file: VT033051-20171128_61_E2_c201_r1_k2, Dir: /scratch/wmz2007/neuroinfo_fruitfly/fisbe/biapy-channel-rot/train/label
2026-08-06 14:15:31,096 - INFO     - save_and_log_data        : Saving raw to file: VT033051-20171128_61_E2_c201_r1_k3 , Dir: /scratch/wmz2007/neuroinfo_fruitfly/fisbe/biapy-channel-rot/train/raw
2026-08-06 14:15:31,100 - INFO     - save_and_log_data        : Saving label to file: VT033051-20171128_61_E2_c201_r1_k3, Dir: /scratch/wmz2007/neuroinfo_fruitfly/fisbe/biapy-channel-rot/train/label
2026-08-06 14:15:31,419 - INFO     - save_and_log_data        : Saving raw to file: VT033051-20171128_61_E2_c201_r1_k0 , Dir: /scratch/wmz2007/neuroinfo_fruitfly/fisbe/biapy-channel-rot/train/raw
2026-08-06 14:15:31,419 - INFO     - save_and_log_data        : Saving label to file: VT033051-20171128_61_E2_c201_r1_k0, Dir: /scratch/wmz2007/neuroinfo_fruitfly/fisbe/biapy-channel-rot/train/label
2026-08-06 14:15:31,957 - INFO     - save_and_log_data        : Saving raw to file: VT033051-20171128_61_E2_c201_r2_k2 , Dir: /scratch/wmz2007/neuroinfo_fruitfly/fisbe/biapy-channel-rot/train/raw
2026-08-06 14:15:31,957 - INFO     - save_and_log_data        : Saving label to file: VT033051-20171128_61_E2_c201_r2_k2, Dir: /scratch/wmz2007/neuroinfo_fruitfly/fisbe/biapy-channel-rot/train/label
2026-08-06 14:15:32,965 - INFO     - save_and_log_data        : Saving raw to file: VT033051-20171128_61_E2_c201_r2_k3 , Dir: /scratch/wmz2007/neuroinfo_fruitfly/fisbe/biapy-channel-rot/train/raw
2026-08-06 14:15:32,965 - INFO     - save_and_log_data        : Saving label to file: VT033051-20171128_61_E2_c201_r2_k3, Dir: /scratch/wmz2007/neuroinfo_fruitfly/fisbe/biapy-channel-rot/train/label
2026-08-06 14:15:33,253 - INFO     - save_and_log_data        : Saving raw to file: VT033051-20171128_61_E2_c201_r2_k0 , Dir: /scratch/wmz2007/neuroinfo_fruitfly/fisbe/biapy-channel-rot/train/raw
2026-08-06 14:15:33,253 - INFO     - save_and_log_data        : Saving label to file: VT033051-20171128_61_E2_c201_r2_k0, Dir: /scratch/wmz2007/neuroinfo_fruitfly/fisbe/biapy-channel-rot/train/label
2026-08-06 14:15:33,809 - INFO     - save_and_log_data        : Saving raw to file: VT033051-20171128_61_E2_c012_r0_k2 , Dir: /scratch/wmz2007/neuroinfo_fruitfly/fisbe/biapy-channel-rot/train/raw
2026-08-06 14:15:33,809 - INFO     - save_and_log_data        : Saving label to file: VT033051-20171128_61_E2_c012_r0_k2, Dir: /scratch/wmz2007/neuroinfo_fruitfly/fisbe/biapy-channel-rot/train/label
2026-08-06 14:15:35,639 - INFO     - save_and_log_data        : Saving raw to file: VT033051-20171128_61_E2_c012_r0_k3 , Dir: /scratch/wmz2007/neuroinfo_fruitfly/fisbe/biapy-channel-rot/train/raw
2026-08-06 14:15:35,646 - INFO     - save_and_log_data        : Saving label to file: VT033051-20171128_61_E2_c012_r0_k3, Dir: /scratch/wmz2007/neuroinfo_fruitfly/fisbe/biapy-channel-rot/train/label
2026-08-06 14:15:36,000 - INFO     - save_and_log_data        : Saving raw to file: VT033051-20171128_61_E2_c012_r0_k0 , Dir: /scratch/wmz2007/neuroinfo_fruitfly/fisbe/biapy-channel-rot/train/raw
2026-08-06 14:15:36,000 - INFO     - save_and_log_data        : Saving label to file: VT033051-20171128_61_E2_c012_r0_k0, Dir: /scratch/wmz2007/neuroinfo_fruitfly/fisbe/biapy-channel-rot/train/label
2026-08-06 14:15:37,187 - INFO     - save_and_log_data        : Saving raw to file: VT033051-20171128_61_E2_c012_r1_k2 , Dir: /scratch/wmz2007/neuroinfo_fruitfly/fisbe/biapy-channel-rot/train/raw
2026-08-06 14:15:37,189 - INFO     - save_and_log_data        : Saving label to file: VT033051-20171128_61_E2_c012_r1_k2, Dir: /scratch/wmz2007/neuroinfo_fruitfly/fisbe/biapy-channel-rot/train/label
2026-08-06 14:15:38,057 - INFO     - save_and_log_data        : Saving raw to file: VT033051-20171128_61_E2_c012_r1_k3 , Dir: /scratch/wmz2007/neuroinfo_fruitfly/fisbe/biapy-channel-rot/train/raw
2026-08-06 14:15:38,061 - INFO     - save_and_log_data        : Saving label to file: VT033051-20171128_61_E2_c012_r1_k3, Dir: /scratch/wmz2007/neuroinfo_fruitfly/fisbe/biapy-channel-rot/train/label
2026-08-06 14:15:38,329 - INFO     - save_and_log_data        : Saving raw to file: VT033051-20171128_61_E2_c012_r1_k0 , Dir: /scratch/wmz2007/neuroinfo_fruitfly/fisbe/biapy-channel-rot/train/raw
2026-08-06 14:15:38,329 - INFO     - save_and_log_data        : Saving label to file: VT033051-20171128_61_E2_c012_r1_k0, Dir: /scratch/wmz2007/neuroinfo_fruitfly/fisbe/biapy-channel-rot/train/label
2026-08-06 14:15:38,806 - INFO     - save_and_log_data        : Saving raw to file: VT033051-20171128_61_E2_c012_r2_k2 , Dir: /scratch/wmz2007/neuroinfo_fruitfly/fisbe/biapy-channel-rot/train/raw
2026-08-06 14:15:38,807 - INFO     - save_and_log_data        : Saving label to file: VT033051-20171128_61_E2_c012_r2_k2, Dir: /scratch/wmz2007/neuroinfo_fruitfly/fisbe/biapy-channel-rot/train/label
2026-08-06 14:15:39,769 - INFO     - save_and_log_data        : Saving raw to file: VT033051-20171128_61_E2_c012_r2_k3 , Dir: /scratch/wmz2007/neuroinfo_fruitfly/fisbe/biapy-channel-rot/train/raw
2026-08-06 14:15:39,770 - INFO     - save_and_log_data        : Saving label to file: VT033051-20171128_61_E2_c012_r2_k3, Dir: /scratch/wmz2007/neuroinfo_fruitfly/fisbe/biapy-channel-rot/train/label
2026-08-06 14:15:40,066 - INFO     - save_and_log_data        : Saving raw to file: VT033051-20171128_61_E2_c012_r2_k0 , Dir: /scratch/wmz2007/neuroinfo_fruitfly/fisbe/biapy-channel-rot/train/raw
2026-08-06 14:15:40,067 - INFO     - save_and_log_data        : Saving label to file: VT033051-20171128_61_E2_c012_r2_k0, Dir: /scratch/wmz2007/neuroinfo_fruitfly/fisbe/biapy-channel-rot/train/label
2026-08-06 14:15:40,595 - INFO     - save_and_log_data        : Saving raw to file: VT033051-20171128_61_E2_c210_r0_k2 , Dir: /scratch/wmz2007/neuroinfo_fruitfly/fisbe/biapy-channel-rot/train/raw
2026-08-06 14:15:40,595 - INFO     - save_and_log_data        : Saving label to file: VT033051-20171128_61_E2_c210_r0_k2, Dir: /scratch/wmz2007/neuroinfo_fruitfly/fisbe/biapy-channel-rot/train/label
2026-08-06 14:15:42,453 - INFO     - save_and_log_data        : Saving raw to file: VT033051-20171128_61_E2_c210_r0_k3 , Dir: /scratch/wmz2007/neuroinfo_fruitfly/fisbe/biapy-channel-rot/train/raw
2026-08-06 14:15:42,462 - INFO     - save_and_log_data        : Saving label to file: VT033051-20171128_61_E2_c210_r0_k3, Dir: /scratch/wmz2007/neuroinfo_fruitfly/fisbe/biapy-channel-rot/train/label
2026-08-06 14:15:42,726 - INFO     - save_and_log_data        : Saving raw to file: VT033051-20171128_61_E2_c210_r0_k0 , Dir: /scratch/wmz2007/neuroinfo_fruitfly/fisbe/biapy-channel-rot/train/raw
2026-08-06 14:15:42,726 - INFO     - save_and_log_data        : Saving label to file: VT033051-20171128_61_E2_c210_r0_k0, Dir: /scratch/wmz2007/neuroinfo_fruitfly/fisbe/biapy-channel-rot/train/label
2026-08-06 14:15:43,412 - INFO     - save_and_log_data        : Saving raw to file: VT033051-20171128_61_E2_c210_r1_k2 , Dir: /scratch/wmz2007/neuroinfo_fruitfly/fisbe/biapy-channel-rot/train/raw
2026-08-06 14:15:43,429 - INFO     - save_and_log_data        : Saving label to file: VT033051-20171128_61_E2_c210_r1_k2, Dir: /scratch/wmz2007/neuroinfo_fruitfly/fisbe/biapy-channel-rot/train/label
2026-08-06 14:15:43,830 - INFO     - save_and_log_data        : Saving raw to file: VT033051-20171128_61_E2_c210_r1_k3 , Dir: /scratch/wmz2007/neuroinfo_fruitfly/fisbe/biapy-channel-rot/train/raw
2026-08-06 14:15:43,831 - INFO     - save_and_log_data        : Saving label to file: VT033051-20171128_61_E2_c210_r1_k3, Dir: /scratch/wmz2007/neuroinfo_fruitfly/fisbe/biapy-channel-rot/train/label
2026-08-06 14:15:44,635 - INFO     - save_and_log_data        : Saving raw to file: VT033051-20171128_61_E2_c210_r1_k0 , Dir: /scratch/wmz2007/neuroinfo_fruitfly/fisbe/biapy-channel-rot/train/raw
2026-08-06 14:15:44,645 - INFO     - save_and_log_data        : Saving label to file: VT033051-20171128_61_E2_c210_r1_k0, Dir: /scratch/wmz2007/neuroinfo_fruitfly/fisbe/biapy-channel-rot/train/label
2026-08-06 14:15:45,561 - INFO     - save_and_log_data        : Saving raw to file: VT033051-20171128_61_E2_c210_r2_k2 , Dir: /scratch/wmz2007/neuroinfo_fruitfly/fisbe/biapy-channel-rot/train/raw
2026-08-06 14:15:45,562 - INFO     - save_and_log_data        : Saving label to file: VT033051-20171128_61_E2_c210_r2_k2, Dir: /scratch/wmz2007/neuroinfo_fruitfly/fisbe/biapy-channel-rot/train/label
2026-08-06 14:15:45,877 - INFO     - save_and_log_data        : Saving raw to file: VT033051-20171128_61_E2_c210_r2_k3 , Dir: /scratch/wmz2007/neuroinfo_fruitfly/fisbe/biapy-channel-rot/train/raw
2026-08-06 14:15:45,877 - INFO     - save_and_log_data        : Saving label to file: VT033051-20171128_61_E2_c210_r2_k3, Dir: /scratch/wmz2007/neuroinfo_fruitfly/fisbe/biapy-channel-rot/train/label
2026-08-06 14:15:46,558 - INFO     - save_and_log_data        : Saving raw to file: VT033051-20171128_61_E2_c210_r2_k0 , Dir: /scratch/wmz2007/neuroinfo_fruitfly/fisbe/biapy-channel-rot/train/raw
2026-08-06 14:15:46,558 - INFO     - save_and_log_data        : Saving label to file: VT033051-20171128_61_E2_c210_r2_k0, Dir: /scratch/wmz2007/neuroinfo_fruitfly/fisbe/biapy-channel-rot/train/label
2026-08-06 14:15:46,559 - INFO     - process_samples          : /// Processing Sample [12 / 18]: VT033051-20171128_61_E4.zarr ///
2026-08-06 14:15:51,529 - INFO     - process_samples          : Number of augmentation jobs: 27
2026-08-06 14:15:51,816 - INFO     - save_and_log_data        : Saving raw to file: VT033051-20171128_61_E4_c012_r1_k2 , Dir: /scratch/wmz2007/neuroinfo_fruitfly/fisbe/biapy-channel-rot/train/raw
2026-08-06 14:15:51,816 - INFO     - save_and_log_data        : Saving label to file: VT033051-20171128_61_E4_c012_r1_k2, Dir: /scratch/wmz2007/neuroinfo_fruitfly/fisbe/biapy-channel-rot/train/label
2026-08-06 14:15:52,100 - INFO     - save_and_log_data        : Saving raw to file: VT033051-20171128_61_E4_c012_r1_k1 , Dir: /scratch/wmz2007/neuroinfo_fruitfly/fisbe/biapy-channel-rot/train/raw
2026-08-06 14:15:52,100 - INFO     - save_and_log_data        : Saving label to file: VT033051-20171128_61_E4_c012_r1_k1, Dir: /scratch/wmz2007/neuroinfo_fruitfly/fisbe/biapy-channel-rot/train/label
2026-08-06 14:15:52,398 - INFO     - save_and_log_data        : Saving raw to file: VT033051-20171128_61_E4_c012_r1_k0 , Dir: /scratch/wmz2007/neuroinfo_fruitfly/fisbe/biapy-channel-rot/train/raw
2026-08-06 14:15:52,398 - INFO     - save_and_log_data        : Saving label to file: VT033051-20171128_61_E4_c012_r1_k0, Dir: /scratch/wmz2007/neuroinfo_fruitfly/fisbe/biapy-channel-rot/train/label
2026-08-06 14:15:53,459 - INFO     - save_and_log_data        : Saving raw to file: VT033051-20171128_61_E4_c012_r0_k2 , Dir: /scratch/wmz2007/neuroinfo_fruitfly/fisbe/biapy-channel-rot/train/raw
2026-08-06 14:15:53,466 - INFO     - save_and_log_data        : Saving label to file: VT033051-20171128_61_E4_c012_r0_k2, Dir: /scratch/wmz2007/neuroinfo_fruitfly/fisbe/biapy-channel-rot/train/label
2026-08-06 14:15:53,964 - INFO     - save_and_log_data        : Saving raw to file: VT033051-20171128_61_E4_c012_r0_k1 , Dir: /scratch/wmz2007/neuroinfo_fruitfly/fisbe/biapy-channel-rot/train/raw
2026-08-06 14:15:53,964 - INFO     - save_and_log_data        : Saving label to file: VT033051-20171128_61_E4_c012_r0_k1, Dir: /scratch/wmz2007/neuroinfo_fruitfly/fisbe/biapy-channel-rot/train/label
2026-08-06 14:15:54,520 - INFO     - save_and_log_data        : Saving raw to file: VT033051-20171128_61_E4_c012_r0_k0 , Dir: /scratch/wmz2007/neuroinfo_fruitfly/fisbe/biapy-channel-rot/train/raw
2026-08-06 14:15:54,521 - INFO     - save_and_log_data        : Saving label to file: VT033051-20171128_61_E4_c012_r0_k0, Dir: /scratch/wmz2007/neuroinfo_fruitfly/fisbe/biapy-channel-rot/train/label
2026-08-06 14:15:55,824 - INFO     - save_and_log_data        : Saving raw to file: VT033051-20171128_61_E4_c012_r2_k2 , Dir: /scratch/wmz2007/neuroinfo_fruitfly/fisbe/biapy-channel-rot/train/raw
2026-08-06 14:15:55,829 - INFO     - save_and_log_data        : Saving label to file: VT033051-20171128_61_E4_c012_r2_k2, Dir: /scratch/wmz2007/neuroinfo_fruitfly/fisbe/biapy-channel-rot/train/label
2026-08-06 14:15:57,390 - INFO     - save_and_log_data        : Saving raw to file: VT033051-20171128_61_E4_c012_r2_k1 , Dir: /scratch/wmz2007/neuroinfo_fruitfly/fisbe/biapy-channel-rot/train/raw
2026-08-06 14:15:57,391 - INFO     - save_and_log_data        : Saving label to file: VT033051-20171128_61_E4_c012_r2_k1, Dir: /scratch/wmz2007/neuroinfo_fruitfly/fisbe/biapy-channel-rot/train/label
2026-08-06 14:15:57,542 - INFO     - save_and_log_data        : Saving raw to file: VT033051-20171128_61_E4_c012_r2_k0 , Dir: /scratch/wmz2007/neuroinfo_fruitfly/fisbe/biapy-channel-rot/train/raw
2026-08-06 14:15:57,542 - INFO     - save_and_log_data        : Saving label to file: VT033051-20171128_61_E4_c012_r2_k0, Dir: /scratch/wmz2007/neuroinfo_fruitfly/fisbe/biapy-channel-rot/train/label
2026-08-06 14:15:57,998 - INFO     - save_and_log_data        : Saving raw to file: VT033051-20171128_61_E4_c210_r1_k2 , Dir: /scratch/wmz2007/neuroinfo_fruitfly/fisbe/biapy-channel-rot/train/raw
2026-08-06 14:15:57,999 - INFO     - save_and_log_data        : Saving label to file: VT033051-20171128_61_E4_c210_r1_k2, Dir: /scratch/wmz2007/neuroinfo_fruitfly/fisbe/biapy-channel-rot/train/label
2026-08-06 14:15:59,132 - INFO     - save_and_log_data        : Saving raw to file: VT033051-20171128_61_E4_c210_r1_k1 , Dir: /scratch/wmz2007/neuroinfo_fruitfly/fisbe/biapy-channel-rot/train/raw
2026-08-06 14:15:59,132 - INFO     - save_and_log_data        : Saving label to file: VT033051-20171128_61_E4_c210_r1_k1, Dir: /scratch/wmz2007/neuroinfo_fruitfly/fisbe/biapy-channel-rot/train/label
2026-08-06 14:15:59,607 - INFO     - save_and_log_data        : Saving raw to file: VT033051-20171128_61_E4_c210_r1_k0 , Dir: /scratch/wmz2007/neuroinfo_fruitfly/fisbe/biapy-channel-rot/train/raw
2026-08-06 14:15:59,607 - INFO     - save_and_log_data        : Saving label to file: VT033051-20171128_61_E4_c210_r1_k0, Dir: /scratch/wmz2007/neuroinfo_fruitfly/fisbe/biapy-channel-rot/train/label
2026-08-06 14:16:00,092 - INFO     - save_and_log_data        : Saving raw to file: VT033051-20171128_61_E4_c210_r0_k2 , Dir: /scratch/wmz2007/neuroinfo_fruitfly/fisbe/biapy-channel-rot/train/raw
2026-08-06 14:16:00,093 - INFO     - save_and_log_data        : Saving label to file: VT033051-20171128_61_E4_c210_r0_k2, Dir: /scratch/wmz2007/neuroinfo_fruitfly/fisbe/biapy-channel-rot/train/label
2026-08-06 14:16:01,343 - INFO     - save_and_log_data        : Saving raw to file: VT033051-20171128_61_E4_c210_r0_k1 , Dir: /scratch/wmz2007/neuroinfo_fruitfly/fisbe/biapy-channel-rot/train/raw
2026-08-06 14:16:01,344 - INFO     - save_and_log_data        : Saving label to file: VT033051-20171128_61_E4_c210_r0_k1, Dir: /scratch/wmz2007/neuroinfo_fruitfly/fisbe/biapy-channel-rot/train/label
2026-08-06 14:16:01,813 - INFO     - save_and_log_data        : Saving raw to file: VT033051-20171128_61_E4_c210_r0_k0 , Dir: /scratch/wmz2007/neuroinfo_fruitfly/fisbe/biapy-channel-rot/train/raw
2026-08-06 14:16:01,813 - INFO     - save_and_log_data        : Saving label to file: VT033051-20171128_61_E4_c210_r0_k0, Dir: /scratch/wmz2007/neuroinfo_fruitfly/fisbe/biapy-channel-rot/train/label
2026-08-06 14:16:02,410 - INFO     - save_and_log_data        : Saving raw to file: VT033051-20171128_61_E4_c210_r2_k2 , Dir: /scratch/wmz2007/neuroinfo_fruitfly/fisbe/biapy-channel-rot/train/raw
2026-08-06 14:16:02,411 - INFO     - save_and_log_data        : Saving label to file: VT033051-20171128_61_E4_c210_r2_k2, Dir: /scratch/wmz2007/neuroinfo_fruitfly/fisbe/biapy-channel-rot/train/label
2026-08-06 14:16:03,667 - INFO     - save_and_log_data        : Saving raw to file: VT033051-20171128_61_E4_c210_r2_k1 , Dir: /scratch/wmz2007/neuroinfo_fruitfly/fisbe/biapy-channel-rot/train/raw
2026-08-06 14:16:03,667 - INFO     - save_and_log_data        : Saving label to file: VT033051-20171128_61_E4_c210_r2_k1, Dir: /scratch/wmz2007/neuroinfo_fruitfly/fisbe/biapy-channel-rot/train/label
2026-08-06 14:16:04,080 - INFO     - save_and_log_data        : Saving raw to file: VT033051-20171128_61_E4_c210_r2_k0 , Dir: /scratch/wmz2007/neuroinfo_fruitfly/fisbe/biapy-channel-rot/train/raw
2026-08-06 14:16:04,080 - INFO     - save_and_log_data        : Saving label to file: VT033051-20171128_61_E4_c210_r2_k0, Dir: /scratch/wmz2007/neuroinfo_fruitfly/fisbe/biapy-channel-rot/train/label
2026-08-06 14:16:05,347 - INFO     - save_and_log_data        : Saving raw to file: VT033051-20171128_61_E4_c120_r1_k2 , Dir: /scratch/wmz2007/neuroinfo_fruitfly/fisbe/biapy-channel-rot/train/raw
2026-08-06 14:16:05,353 - INFO     - save_and_log_data        : Saving label to file: VT033051-20171128_61_E4_c120_r1_k2, Dir: /scratch/wmz2007/neuroinfo_fruitfly/fisbe/biapy-channel-rot/train/label
2026-08-06 14:16:06,947 - INFO     - save_and_log_data        : Saving raw to file: VT033051-20171128_61_E4_c120_r1_k1 , Dir: /scratch/wmz2007/neuroinfo_fruitfly/fisbe/biapy-channel-rot/train/raw
2026-08-06 14:16:06,947 - INFO     - save_and_log_data        : Saving label to file: VT033051-20171128_61_E4_c120_r1_k1, Dir: /scratch/wmz2007/neuroinfo_fruitfly/fisbe/biapy-channel-rot/train/label
2026-08-06 14:16:07,423 - INFO     - save_and_log_data        : Saving raw to file: VT033051-20171128_61_E4_c120_r1_k0 , Dir: /scratch/wmz2007/neuroinfo_fruitfly/fisbe/biapy-channel-rot/train/raw
2026-08-06 14:16:07,423 - INFO     - save_and_log_data        : Saving label to file: VT033051-20171128_61_E4_c120_r1_k0, Dir: /scratch/wmz2007/neuroinfo_fruitfly/fisbe/biapy-channel-rot/train/label
2026-08-06 14:16:08,073 - INFO     - save_and_log_data        : Saving raw to file: VT033051-20171128_61_E4_c120_r0_k2 , Dir: /scratch/wmz2007/neuroinfo_fruitfly/fisbe/biapy-channel-rot/train/raw
2026-08-06 14:16:08,080 - INFO     - save_and_log_data        : Saving label to file: VT033051-20171128_61_E4_c120_r0_k2, Dir: /scratch/wmz2007/neuroinfo_fruitfly/fisbe/biapy-channel-rot/train/label
2026-08-06 14:16:08,467 - INFO     - save_and_log_data        : Saving raw to file: VT033051-20171128_61_E4_c120_r0_k1 , Dir: /scratch/wmz2007/neuroinfo_fruitfly/fisbe/biapy-channel-rot/train/raw
2026-08-06 14:16:08,467 - INFO     - save_and_log_data        : Saving label to file: VT033051-20171128_61_E4_c120_r0_k1, Dir: /scratch/wmz2007/neuroinfo_fruitfly/fisbe/biapy-channel-rot/train/label
2026-08-06 14:16:09,517 - INFO     - save_and_log_data        : Saving raw to file: VT033051-20171128_61_E4_c120_r0_k0 , Dir: /scratch/wmz2007/neuroinfo_fruitfly/fisbe/biapy-channel-rot/train/raw
2026-08-06 14:16:09,517 - INFO     - save_and_log_data        : Saving label to file: VT033051-20171128_61_E4_c120_r0_k0, Dir: /scratch/wmz2007/neuroinfo_fruitfly/fisbe/biapy-channel-rot/train/label
2026-08-06 14:16:09,918 - INFO     - save_and_log_data        : Saving raw to file: VT033051-20171128_61_E4_c120_r2_k2 , Dir: /scratch/wmz2007/neuroinfo_fruitfly/fisbe/biapy-channel-rot/train/raw
2026-08-06 14:16:09,918 - INFO     - save_and_log_data        : Saving label to file: VT033051-20171128_61_E4_c120_r2_k2, Dir: /scratch/wmz2007/neuroinfo_fruitfly/fisbe/biapy-channel-rot/train/label
2026-08-06 14:16:11,060 - INFO     - save_and_log_data        : Saving raw to file: VT033051-20171128_61_E4_c120_r2_k1 , Dir: /scratch/wmz2007/neuroinfo_fruitfly/fisbe/biapy-channel-rot/train/raw
2026-08-06 14:16:11,060 - INFO     - save_and_log_data        : Saving label to file: VT033051-20171128_61_E4_c120_r2_k1, Dir: /scratch/wmz2007/neuroinfo_fruitfly/fisbe/biapy-channel-rot/train/label
2026-08-06 14:16:12,995 - INFO     - save_and_log_data        : Saving raw to file: VT033051-20171128_61_E4_c120_r2_k0 , Dir: /scratch/wmz2007/neuroinfo_fruitfly/fisbe/biapy-channel-rot/train/raw
2026-08-06 14:16:13,000 - INFO     - process_samples          : /// Processing Sample [13 / 18]: VT040433-20170919_63_D6.zarr ///
2026-08-06 14:16:13,001 - INFO     - save_and_log_data        : Saving label to file: VT033051-20171128_61_E4_c120_r2_k0, Dir: /scratch/wmz2007/neuroinfo_fruitfly/fisbe/biapy-channel-rot/train/label
2026-08-06 14:16:21,339 - INFO     - process_samples          : Number of augmentation jobs: 27
2026-08-06 14:16:21,700 - INFO     - save_and_log_data        : Saving raw to file: VT040433-20170919_63_D6_c210_r1_k2 , Dir: /scratch/wmz2007/neuroinfo_fruitfly/fisbe/biapy-channel-rot/train/raw
2026-08-06 14:16:21,700 - INFO     - save_and_log_data        : Saving label to file: VT040433-20170919_63_D6_c210_r1_k2, Dir: /scratch/wmz2007/neuroinfo_fruitfly/fisbe/biapy-channel-rot/train/label
2026-08-06 14:16:22,056 - INFO     - save_and_log_data        : Saving raw to file: VT040433-20170919_63_D6_c210_r1_k3 , Dir: /scratch/wmz2007/neuroinfo_fruitfly/fisbe/biapy-channel-rot/train/raw
2026-08-06 14:16:22,056 - INFO     - save_and_log_data        : Saving label to file: VT040433-20170919_63_D6_c210_r1_k3, Dir: /scratch/wmz2007/neuroinfo_fruitfly/fisbe/biapy-channel-rot/train/label
2026-08-06 14:16:22,425 - INFO     - save_and_log_data        : Saving raw to file: VT040433-20170919_63_D6_c210_r1_k1 , Dir: /scratch/wmz2007/neuroinfo_fruitfly/fisbe/biapy-channel-rot/train/raw
2026-08-06 14:16:22,425 - INFO     - save_and_log_data        : Saving label to file: VT040433-20170919_63_D6_c210_r1_k1, Dir: /scratch/wmz2007/neuroinfo_fruitfly/fisbe/biapy-channel-rot/train/label
2026-08-06 14:16:23,698 - INFO     - save_and_log_data        : Saving raw to file: VT040433-20170919_63_D6_c210_r2_k2 , Dir: /scratch/wmz2007/neuroinfo_fruitfly/fisbe/biapy-channel-rot/train/raw
2026-08-06 14:16:23,703 - INFO     - save_and_log_data        : Saving label to file: VT040433-20170919_63_D6_c210_r2_k2, Dir: /scratch/wmz2007/neuroinfo_fruitfly/fisbe/biapy-channel-rot/train/label
2026-08-06 14:16:24,563 - INFO     - save_and_log_data        : Saving raw to file: VT040433-20170919_63_D6_c210_r2_k3 , Dir: /scratch/wmz2007/neuroinfo_fruitfly/fisbe/biapy-channel-rot/train/raw
2026-08-06 14:16:24,563 - INFO     - save_and_log_data        : Saving label to file: VT040433-20170919_63_D6_c210_r2_k3, Dir: /scratch/wmz2007/neuroinfo_fruitfly/fisbe/biapy-channel-rot/train/label
2026-08-06 14:16:25,786 - INFO     - save_and_log_data        : Saving raw to file: VT040433-20170919_63_D6_c210_r2_k1 , Dir: /scratch/wmz2007/neuroinfo_fruitfly/fisbe/biapy-channel-rot/train/raw
2026-08-06 14:16:25,791 - INFO     - save_and_log_data        : Saving label to file: VT040433-20170919_63_D6_c210_r2_k1, Dir: /scratch/wmz2007/neuroinfo_fruitfly/fisbe/biapy-channel-rot/train/label
2026-08-06 14:16:26,561 - INFO     - save_and_log_data        : Saving raw to file: VT040433-20170919_63_D6_c210_r0_k2 , Dir: /scratch/wmz2007/neuroinfo_fruitfly/fisbe/biapy-channel-rot/train/raw
2026-08-06 14:16:26,561 - INFO     - save_and_log_data        : Saving label to file: VT040433-20170919_63_D6_c210_r0_k2, Dir: /scratch/wmz2007/neuroinfo_fruitfly/fisbe/biapy-channel-rot/train/label
2026-08-06 14:16:27,939 - INFO     - save_and_log_data        : Saving raw to file: VT040433-20170919_63_D6_c210_r0_k3 , Dir: /scratch/wmz2007/neuroinfo_fruitfly/fisbe/biapy-channel-rot/train/raw
2026-08-06 14:16:27,939 - INFO     - save_and_log_data        : Saving label to file: VT040433-20170919_63_D6_c210_r0_k3, Dir: /scratch/wmz2007/neuroinfo_fruitfly/fisbe/biapy-channel-rot/train/label
2026-08-06 14:16:30,103 - INFO     - save_and_log_data        : Saving raw to file: VT040433-20170919_63_D6_c210_r0_k1 , Dir: /scratch/wmz2007/neuroinfo_fruitfly/fisbe/biapy-channel-rot/train/raw
2026-08-06 14:16:30,116 - INFO     - save_and_log_data        : Saving label to file: VT040433-20170919_63_D6_c210_r0_k1, Dir: /scratch/wmz2007/neuroinfo_fruitfly/fisbe/biapy-channel-rot/train/label
2026-08-06 14:16:30,129 - INFO     - save_and_log_data        : Saving raw to file: VT040433-20170919_63_D6_c102_r1_k2 , Dir: /scratch/wmz2007/neuroinfo_fruitfly/fisbe/biapy-channel-rot/train/raw
2026-08-06 14:16:30,130 - INFO     - save_and_log_data        : Saving label to file: VT040433-20170919_63_D6_c102_r1_k2, Dir: /scratch/wmz2007/neuroinfo_fruitfly/fisbe/biapy-channel-rot/train/label
2026-08-06 14:16:31,395 - INFO     - save_and_log_data        : Saving raw to file: VT040433-20170919_63_D6_c102_r1_k3 , Dir: /scratch/wmz2007/neuroinfo_fruitfly/fisbe/biapy-channel-rot/train/raw
2026-08-06 14:16:31,401 - INFO     - save_and_log_data        : Saving label to file: VT040433-20170919_63_D6_c102_r1_k3, Dir: /scratch/wmz2007/neuroinfo_fruitfly/fisbe/biapy-channel-rot/train/label
2026-08-06 14:16:31,903 - INFO     - save_and_log_data        : Saving raw to file: VT040433-20170919_63_D6_c102_r1_k1 , Dir: /scratch/wmz2007/neuroinfo_fruitfly/fisbe/biapy-channel-rot/train/raw
2026-08-06 14:16:31,904 - INFO     - save_and_log_data        : Saving label to file: VT040433-20170919_63_D6_c102_r1_k1, Dir: /scratch/wmz2007/neuroinfo_fruitfly/fisbe/biapy-channel-rot/train/label
2026-08-06 14:16:32,838 - INFO     - save_and_log_data        : Saving raw to file: VT040433-20170919_63_D6_c102_r2_k2 , Dir: /scratch/wmz2007/neuroinfo_fruitfly/fisbe/biapy-channel-rot/train/raw
2026-08-06 14:16:32,838 - INFO     - save_and_log_data        : Saving raw to file: VT040433-20170919_63_D6_c102_r2_k3 , Dir: /scratch/wmz2007/neuroinfo_fruitfly/fisbe/biapy-channel-rot/train/raw
2026-08-06 14:16:32,838 - INFO     - save_and_log_data        : Saving label to file: VT040433-20170919_63_D6_c102_r2_k2, Dir: /scratch/wmz2007/neuroinfo_fruitfly/fisbe/biapy-channel-rot/train/label
2026-08-06 14:16:32,843 - INFO     - save_and_log_data        : Saving label to file: VT040433-20170919_63_D6_c102_r2_k3, Dir: /scratch/wmz2007/neuroinfo_fruitfly/fisbe/biapy-channel-rot/train/label
2026-08-06 14:16:33,253 - INFO     - save_and_log_data        : Saving raw to file: VT040433-20170919_63_D6_c102_r2_k1 , Dir: /scratch/wmz2007/neuroinfo_fruitfly/fisbe/biapy-channel-rot/train/raw
2026-08-06 14:16:33,253 - INFO     - save_and_log_data        : Saving label to file: VT040433-20170919_63_D6_c102_r2_k1, Dir: /scratch/wmz2007/neuroinfo_fruitfly/fisbe/biapy-channel-rot/train/label
2026-08-06 14:16:34,023 - INFO     - save_and_log_data        : Saving raw to file: VT040433-20170919_63_D6_c102_r0_k2 , Dir: /scratch/wmz2007/neuroinfo_fruitfly/fisbe/biapy-channel-rot/train/raw
2026-08-06 14:16:34,023 - INFO     - save_and_log_data        : Saving label to file: VT040433-20170919_63_D6_c102_r0_k2, Dir: /scratch/wmz2007/neuroinfo_fruitfly/fisbe/biapy-channel-rot/train/label
2026-08-06 14:16:35,359 - INFO     - save_and_log_data        : Saving raw to file: VT040433-20170919_63_D6_c102_r0_k3 , Dir: /scratch/wmz2007/neuroinfo_fruitfly/fisbe/biapy-channel-rot/train/raw
2026-08-06 14:16:35,374 - INFO     - save_and_log_data        : Saving label to file: VT040433-20170919_63_D6_c102_r0_k3, Dir: /scratch/wmz2007/neuroinfo_fruitfly/fisbe/biapy-channel-rot/train/label
2026-08-06 14:16:37,496 - INFO     - save_and_log_data        : Saving raw to file: VT040433-20170919_63_D6_c102_r0_k1 , Dir: /scratch/wmz2007/neuroinfo_fruitfly/fisbe/biapy-channel-rot/train/raw
2026-08-06 14:16:37,497 - INFO     - save_and_log_data        : Saving label to file: VT040433-20170919_63_D6_c102_r0_k1, Dir: /scratch/wmz2007/neuroinfo_fruitfly/fisbe/biapy-channel-rot/train/label
2026-08-06 14:16:37,639 - INFO     - save_and_log_data        : Saving raw to file: VT040433-20170919_63_D6_c120_r1_k2 , Dir: /scratch/wmz2007/neuroinfo_fruitfly/fisbe/biapy-channel-rot/train/raw
2026-08-06 14:16:37,639 - INFO     - save_and_log_data        : Saving label to file: VT040433-20170919_63_D6_c120_r1_k2, Dir: /scratch/wmz2007/neuroinfo_fruitfly/fisbe/biapy-channel-rot/train/label
2026-08-06 14:16:39,243 - INFO     - save_and_log_data        : Saving raw to file: VT040433-20170919_63_D6_c120_r1_k3 , Dir: /scratch/wmz2007/neuroinfo_fruitfly/fisbe/biapy-channel-rot/train/raw
2026-08-06 14:16:39,254 - INFO     - save_and_log_data        : Saving label to file: VT040433-20170919_63_D6_c120_r1_k3, Dir: /scratch/wmz2007/neuroinfo_fruitfly/fisbe/biapy-channel-rot/train/label
2026-08-06 14:16:39,294 - INFO     - save_and_log_data        : Saving raw to file: VT040433-20170919_63_D6_c120_r1_k1 , Dir: /scratch/wmz2007/neuroinfo_fruitfly/fisbe/biapy-channel-rot/train/raw
2026-08-06 14:16:39,294 - INFO     - save_and_log_data        : Saving label to file: VT040433-20170919_63_D6_c120_r1_k1, Dir: /scratch/wmz2007/neuroinfo_fruitfly/fisbe/biapy-channel-rot/train/label
2026-08-06 14:16:39,716 - INFO     - save_and_log_data        : Saving raw to file: VT040433-20170919_63_D6_c120_r2_k2 , Dir: /scratch/wmz2007/neuroinfo_fruitfly/fisbe/biapy-channel-rot/train/raw
2026-08-06 14:16:39,716 - INFO     - save_and_log_data        : Saving label to file: VT040433-20170919_63_D6_c120_r2_k2, Dir: /scratch/wmz2007/neuroinfo_fruitfly/fisbe/biapy-channel-rot/train/label
2026-08-06 14:16:40,276 - INFO     - save_and_log_data        : Saving raw to file: VT040433-20170919_63_D6_c120_r2_k3 , Dir: /scratch/wmz2007/neuroinfo_fruitfly/fisbe/biapy-channel-rot/train/raw
2026-08-06 14:16:41,472 - INFO     - save_and_log_data        : Saving raw to file: VT040433-20170919_63_D6_c120_r2_k1 , Dir: /scratch/wmz2007/neuroinfo_fruitfly/fisbe/biapy-channel-rot/train/raw
2026-08-06 14:16:41,472 - INFO     - save_and_log_data        : Saving label to file: VT040433-20170919_63_D6_c120_r2_k3, Dir: /scratch/wmz2007/neuroinfo_fruitfly/fisbe/biapy-channel-rot/train/label
2026-08-06 14:16:41,472 - INFO     - save_and_log_data        : Saving label to file: VT040433-20170919_63_D6_c120_r2_k1, Dir: /scratch/wmz2007/neuroinfo_fruitfly/fisbe/biapy-channel-rot/train/label
2026-08-06 14:16:42,275 - INFO     - save_and_log_data        : Saving raw to file: VT040433-20170919_63_D6_c120_r0_k2 , Dir: /scratch/wmz2007/neuroinfo_fruitfly/fisbe/biapy-channel-rot/train/raw
2026-08-06 14:16:42,277 - INFO     - save_and_log_data        : Saving label to file: VT040433-20170919_63_D6_c120_r0_k2, Dir: /scratch/wmz2007/neuroinfo_fruitfly/fisbe/biapy-channel-rot/train/label
2026-08-06 14:16:42,673 - INFO     - save_and_log_data        : Saving raw to file: VT040433-20170919_63_D6_c120_r0_k3 , Dir: /scratch/wmz2007/neuroinfo_fruitfly/fisbe/biapy-channel-rot/train/raw
2026-08-06 14:16:42,673 - INFO     - save_and_log_data        : Saving label to file: VT040433-20170919_63_D6_c120_r0_k3, Dir: /scratch/wmz2007/neuroinfo_fruitfly/fisbe/biapy-channel-rot/train/label
2026-08-06 14:16:44,341 - INFO     - save_and_log_data        : Saving raw to file: VT040433-20170919_63_D6_c120_r0_k1 , Dir: /scratch/wmz2007/neuroinfo_fruitfly/fisbe/biapy-channel-rot/train/raw
2026-08-06 14:16:44,341 - INFO     - save_and_log_data        : Saving label to file: VT040433-20170919_63_D6_c120_r0_k1, Dir: /scratch/wmz2007/neuroinfo_fruitfly/fisbe/biapy-channel-rot/train/label
2026-08-06 14:16:44,349 - INFO     - process_samples          : /// Processing Sample [14 / 18]: VT047848-20171020_66_I2.zarr ///
2026-08-06 14:16:53,647 - INFO     - process_samples          : Number of augmentation jobs: 27
2026-08-06 14:16:54,247 - INFO     - save_and_log_data        : Saving raw to file: VT047848-20171020_66_I2_c210_r2_k2 , Dir: /scratch/wmz2007/neuroinfo_fruitfly/fisbe/biapy-channel-rot/train/raw
2026-08-06 14:16:54,247 - INFO     - save_and_log_data        : Saving label to file: VT047848-20171020_66_I2_c210_r2_k2, Dir: /scratch/wmz2007/neuroinfo_fruitfly/fisbe/biapy-channel-rot/train/label
2026-08-06 14:16:54,861 - INFO     - save_and_log_data        : Saving raw to file: VT047848-20171020_66_I2_c210_r2_k1 , Dir: /scratch/wmz2007/neuroinfo_fruitfly/fisbe/biapy-channel-rot/train/raw
2026-08-06 14:16:54,861 - INFO     - save_and_log_data        : Saving label to file: VT047848-20171020_66_I2_c210_r2_k1, Dir: /scratch/wmz2007/neuroinfo_fruitfly/fisbe/biapy-channel-rot/train/label
2026-08-06 14:16:56,531 - INFO     - save_and_log_data        : Saving raw to file: VT047848-20171020_66_I2_c210_r2_k3 , Dir: /scratch/wmz2007/neuroinfo_fruitfly/fisbe/biapy-channel-rot/train/raw
2026-08-06 14:16:56,531 - INFO     - save_and_log_data        : Saving label to file: VT047848-20171020_66_I2_c210_r2_k3, Dir: /scratch/wmz2007/neuroinfo_fruitfly/fisbe/biapy-channel-rot/train/label
2026-08-06 14:16:57,546 - INFO     - save_and_log_data        : Saving raw to file: VT047848-20171020_66_I2_c210_r0_k2 , Dir: /scratch/wmz2007/neuroinfo_fruitfly/fisbe/biapy-channel-rot/train/raw
2026-08-06 14:16:57,546 - INFO     - save_and_log_data        : Saving label to file: VT047848-20171020_66_I2_c210_r0_k2, Dir: /scratch/wmz2007/neuroinfo_fruitfly/fisbe/biapy-channel-rot/train/label
2026-08-06 14:16:59,003 - INFO     - save_and_log_data        : Saving raw to file: VT047848-20171020_66_I2_c210_r0_k1 , Dir: /scratch/wmz2007/neuroinfo_fruitfly/fisbe/biapy-channel-rot/train/raw
2026-08-06 14:16:59,003 - INFO     - save_and_log_data        : Saving label to file: VT047848-20171020_66_I2_c210_r0_k1, Dir: /scratch/wmz2007/neuroinfo_fruitfly/fisbe/biapy-channel-rot/train/label
2026-08-06 14:17:01,591 - INFO     - save_and_log_data        : Saving raw to file: VT047848-20171020_66_I2_c210_r0_k3 , Dir: /scratch/wmz2007/neuroinfo_fruitfly/fisbe/biapy-channel-rot/train/raw
2026-08-06 14:17:01,600 - INFO     - save_and_log_data        : Saving label to file: VT047848-20171020_66_I2_c210_r0_k3, Dir: /scratch/wmz2007/neuroinfo_fruitfly/fisbe/biapy-channel-rot/train/label
2026-08-06 14:17:02,416 - INFO     - save_and_log_data        : Saving raw to file: VT047848-20171020_66_I2_c210_r1_k2 , Dir: /scratch/wmz2007/neuroinfo_fruitfly/fisbe/biapy-channel-rot/train/raw
2026-08-06 14:17:02,416 - INFO     - save_and_log_data        : Saving label to file: VT047848-20171020_66_I2_c210_r1_k2, Dir: /scratch/wmz2007/neuroinfo_fruitfly/fisbe/biapy-channel-rot/train/label
2026-08-06 14:17:03,401 - INFO     - save_and_log_data        : Saving raw to file: VT047848-20171020_66_I2_c210_r1_k1 , Dir: /scratch/wmz2007/neuroinfo_fruitfly/fisbe/biapy-channel-rot/train/raw
2026-08-06 14:17:03,415 - INFO     - save_and_log_data        : Saving label to file: VT047848-20171020_66_I2_c210_r1_k1, Dir: /scratch/wmz2007/neuroinfo_fruitfly/fisbe/biapy-channel-rot/train/label
2026-08-06 14:17:04,699 - INFO     - save_and_log_data        : Saving raw to file: VT047848-20171020_66_I2_c210_r1_k3 , Dir: /scratch/wmz2007/neuroinfo_fruitfly/fisbe/biapy-channel-rot/train/raw
2026-08-06 14:17:04,699 - INFO     - save_and_log_data        : Saving label to file: VT047848-20171020_66_I2_c210_r1_k3, Dir: /scratch/wmz2007/neuroinfo_fruitfly/fisbe/biapy-channel-rot/train/label
2026-08-06 14:17:06,473 - INFO     - save_and_log_data        : Saving raw to file: VT047848-20171020_66_I2_c012_r2_k2 , Dir: /scratch/wmz2007/neuroinfo_fruitfly/fisbe/biapy-channel-rot/train/raw
2026-08-06 14:17:06,486 - INFO     - save_and_log_data        : Saving label to file: VT047848-20171020_66_I2_c012_r2_k2, Dir: /scratch/wmz2007/neuroinfo_fruitfly/fisbe/biapy-channel-rot/train/label
2026-08-06 14:17:07,547 - INFO     - save_and_log_data        : Saving raw to file: VT047848-20171020_66_I2_c012_r2_k1 , Dir: /scratch/wmz2007/neuroinfo_fruitfly/fisbe/biapy-channel-rot/train/raw
2026-08-06 14:17:07,548 - INFO     - save_and_log_data        : Saving label to file: VT047848-20171020_66_I2_c012_r2_k1, Dir: /scratch/wmz2007/neuroinfo_fruitfly/fisbe/biapy-channel-rot/train/label
2026-08-06 14:17:08,725 - INFO     - save_and_log_data        : Saving raw to file: VT047848-20171020_66_I2_c012_r2_k3 , Dir: /scratch/wmz2007/neuroinfo_fruitfly/fisbe/biapy-channel-rot/train/raw
2026-08-06 14:17:08,725 - INFO     - save_and_log_data        : Saving label to file: VT047848-20171020_66_I2_c012_r2_k3, Dir: /scratch/wmz2007/neuroinfo_fruitfly/fisbe/biapy-channel-rot/train/label
2026-08-06 14:17:10,613 - INFO     - save_and_log_data        : Saving raw to file: VT047848-20171020_66_I2_c012_r0_k2 , Dir: /scratch/wmz2007/neuroinfo_fruitfly/fisbe/biapy-channel-rot/train/raw
2026-08-06 14:17:10,613 - INFO     - save_and_log_data        : Saving label to file: VT047848-20171020_66_I2_c012_r0_k2, Dir: /scratch/wmz2007/neuroinfo_fruitfly/fisbe/biapy-channel-rot/train/label
2026-08-06 14:17:12,803 - INFO     - save_and_log_data        : Saving raw to file: VT047848-20171020_66_I2_c012_r0_k1 , Dir: /scratch/wmz2007/neuroinfo_fruitfly/fisbe/biapy-channel-rot/train/raw
2026-08-06 14:17:12,820 - INFO     - save_and_log_data        : Saving label to file: VT047848-20171020_66_I2_c012_r0_k1, Dir: /scratch/wmz2007/neuroinfo_fruitfly/fisbe/biapy-channel-rot/train/label
2026-08-06 14:17:13,846 - INFO     - save_and_log_data        : Saving raw to file: VT047848-20171020_66_I2_c012_r0_k3 , Dir: /scratch/wmz2007/neuroinfo_fruitfly/fisbe/biapy-channel-rot/train/raw
2026-08-06 14:17:15,584 - INFO     - save_and_log_data        : Saving raw to file: VT047848-20171020_66_I2_c012_r1_k2 , Dir: /scratch/wmz2007/neuroinfo_fruitfly/fisbe/biapy-channel-rot/train/raw
2026-08-06 14:17:16,353 - INFO     - save_and_log_data        : Saving label to file: VT047848-20171020_66_I2_c012_r0_k3, Dir: /scratch/wmz2007/neuroinfo_fruitfly/fisbe/biapy-channel-rot/train/label
2026-08-06 14:17:16,364 - INFO     - save_and_log_data        : Saving label to file: VT047848-20171020_66_I2_c012_r1_k2, Dir: /scratch/wmz2007/neuroinfo_fruitfly/fisbe/biapy-channel-rot/train/label
2026-08-06 14:17:16,571 - INFO     - save_and_log_data        : Saving raw to file: VT047848-20171020_66_I2_c012_r1_k1 , Dir: /scratch/wmz2007/neuroinfo_fruitfly/fisbe/biapy-channel-rot/train/raw
2026-08-06 14:17:16,572 - INFO     - save_and_log_data        : Saving label to file: VT047848-20171020_66_I2_c012_r1_k1, Dir: /scratch/wmz2007/neuroinfo_fruitfly/fisbe/biapy-channel-rot/train/label
2026-08-06 14:17:17,404 - INFO     - save_and_log_data        : Saving raw to file: VT047848-20171020_66_I2_c012_r1_k3 , Dir: /scratch/wmz2007/neuroinfo_fruitfly/fisbe/biapy-channel-rot/train/raw
2026-08-06 14:17:17,405 - INFO     - save_and_log_data        : Saving label to file: VT047848-20171020_66_I2_c012_r1_k3, Dir: /scratch/wmz2007/neuroinfo_fruitfly/fisbe/biapy-channel-rot/train/label
2026-08-06 14:17:19,232 - INFO     - save_and_log_data        : Saving raw to file: VT047848-20171020_66_I2_c201_r2_k2 , Dir: /scratch/wmz2007/neuroinfo_fruitfly/fisbe/biapy-channel-rot/train/raw
2026-08-06 14:17:19,236 - INFO     - save_and_log_data        : Saving label to file: VT047848-20171020_66_I2_c201_r2_k2, Dir: /scratch/wmz2007/neuroinfo_fruitfly/fisbe/biapy-channel-rot/train/label
2026-08-06 14:17:20,019 - INFO     - save_and_log_data        : Saving raw to file: VT047848-20171020_66_I2_c201_r2_k1 , Dir: /scratch/wmz2007/neuroinfo_fruitfly/fisbe/biapy-channel-rot/train/raw
2026-08-06 14:17:20,020 - INFO     - save_and_log_data        : Saving label to file: VT047848-20171020_66_I2_c201_r2_k1, Dir: /scratch/wmz2007/neuroinfo_fruitfly/fisbe/biapy-channel-rot/train/label
2026-08-06 14:17:20,998 - INFO     - save_and_log_data        : Saving raw to file: VT047848-20171020_66_I2_c201_r2_k3 , Dir: /scratch/wmz2007/neuroinfo_fruitfly/fisbe/biapy-channel-rot/train/raw
2026-08-06 14:17:20,998 - INFO     - save_and_log_data        : Saving label to file: VT047848-20171020_66_I2_c201_r2_k3, Dir: /scratch/wmz2007/neuroinfo_fruitfly/fisbe/biapy-channel-rot/train/label
2026-08-06 14:17:22,737 - INFO     - save_and_log_data        : Saving raw to file: VT047848-20171020_66_I2_c201_r0_k2 , Dir: /scratch/wmz2007/neuroinfo_fruitfly/fisbe/biapy-channel-rot/train/raw
2026-08-06 14:17:22,737 - INFO     - save_and_log_data        : Saving label to file: VT047848-20171020_66_I2_c201_r0_k2, Dir: /scratch/wmz2007/neuroinfo_fruitfly/fisbe/biapy-channel-rot/train/label
2026-08-06 14:17:23,614 - INFO     - save_and_log_data        : Saving raw to file: VT047848-20171020_66_I2_c201_r0_k1 , Dir: /scratch/wmz2007/neuroinfo_fruitfly/fisbe/biapy-channel-rot/train/raw
2026-08-06 14:17:23,614 - INFO     - save_and_log_data        : Saving label to file: VT047848-20171020_66_I2_c201_r0_k1, Dir: /scratch/wmz2007/neuroinfo_fruitfly/fisbe/biapy-channel-rot/train/label
2026-08-06 14:17:25,648 - INFO     - save_and_log_data        : Saving raw to file: VT047848-20171020_66_I2_c201_r0_k3 , Dir: /scratch/wmz2007/neuroinfo_fruitfly/fisbe/biapy-channel-rot/train/raw
2026-08-06 14:17:25,656 - INFO     - save_and_log_data        : Saving label to file: VT047848-20171020_66_I2_c201_r0_k3, Dir: /scratch/wmz2007/neuroinfo_fruitfly/fisbe/biapy-channel-rot/train/label
2026-08-06 14:17:27,025 - INFO     - save_and_log_data        : Saving raw to file: VT047848-20171020_66_I2_c201_r1_k2 , Dir: /scratch/wmz2007/neuroinfo_fruitfly/fisbe/biapy-channel-rot/train/raw
2026-08-06 14:17:27,952 - INFO     - save_and_log_data        : Saving label to file: VT047848-20171020_66_I2_c201_r1_k2, Dir: /scratch/wmz2007/neuroinfo_fruitfly/fisbe/biapy-channel-rot/train/label
2026-08-06 14:17:28,212 - INFO     - save_and_log_data        : Saving raw to file: VT047848-20171020_66_I2_c201_r1_k1 , Dir: /scratch/wmz2007/neuroinfo_fruitfly/fisbe/biapy-channel-rot/train/raw
2026-08-06 14:17:28,212 - INFO     - save_and_log_data        : Saving label to file: VT047848-20171020_66_I2_c201_r1_k1, Dir: /scratch/wmz2007/neuroinfo_fruitfly/fisbe/biapy-channel-rot/train/label
2026-08-06 14:17:29,776 - INFO     - process_samples          : /// Processing Sample [15 / 18]: VT047848-20171020_66_I3.zarr ///
2026-08-06 14:17:29,776 - INFO     - save_and_log_data        : Saving raw to file: VT047848-20171020_66_I2_c201_r1_k3 , Dir: /scratch/wmz2007/neuroinfo_fruitfly/fisbe/biapy-channel-rot/train/raw
2026-08-06 14:17:30,496 - INFO     - save_and_log_data        : Saving label to file: VT047848-20171020_66_I2_c201_r1_k3, Dir: /scratch/wmz2007/neuroinfo_fruitfly/fisbe/biapy-channel-rot/train/label
2026-08-06 14:17:39,053 - INFO     - process_samples          : Number of augmentation jobs: 27
2026-08-06 14:17:39,791 - INFO     - save_and_log_data        : Saving raw to file: VT047848-20171020_66_I3_c201_r1_k1 , Dir: /scratch/wmz2007/neuroinfo_fruitfly/fisbe/biapy-channel-rot/train/raw
2026-08-06 14:17:39,791 - INFO     - save_and_log_data        : Saving label to file: VT047848-20171020_66_I3_c201_r1_k1, Dir: /scratch/wmz2007/neuroinfo_fruitfly/fisbe/biapy-channel-rot/train/label
2026-08-06 14:17:40,574 - INFO     - save_and_log_data        : Saving raw to file: VT047848-20171020_66_I3_c201_r1_k3 , Dir: /scratch/wmz2007/neuroinfo_fruitfly/fisbe/biapy-channel-rot/train/raw
2026-08-06 14:17:40,574 - INFO     - save_and_log_data        : Saving label to file: VT047848-20171020_66_I3_c201_r1_k3, Dir: /scratch/wmz2007/neuroinfo_fruitfly/fisbe/biapy-channel-rot/train/label
2026-08-06 14:17:41,366 - INFO     - save_and_log_data        : Saving raw to file: VT047848-20171020_66_I3_c201_r1_k2 , Dir: /scratch/wmz2007/neuroinfo_fruitfly/fisbe/biapy-channel-rot/train/raw
2026-08-06 14:17:41,366 - INFO     - save_and_log_data        : Saving label to file: VT047848-20171020_66_I3_c201_r1_k2, Dir: /scratch/wmz2007/neuroinfo_fruitfly/fisbe/biapy-channel-rot/train/label
2026-08-06 14:17:43,333 - INFO     - save_and_log_data        : Saving raw to file: VT047848-20171020_66_I3_c201_r0_k1 , Dir: /scratch/wmz2007/neuroinfo_fruitfly/fisbe/biapy-channel-rot/train/raw
2026-08-06 14:17:43,333 - INFO     - save_and_log_data        : Saving label to file: VT047848-20171020_66_I3_c201_r0_k1, Dir: /scratch/wmz2007/neuroinfo_fruitfly/fisbe/biapy-channel-rot/train/label
2026-08-06 14:17:45,608 - INFO     - save_and_log_data        : Saving raw to file: VT047848-20171020_66_I3_c201_r0_k3 , Dir: /scratch/wmz2007/neuroinfo_fruitfly/fisbe/biapy-channel-rot/train/raw
2026-08-06 14:17:45,608 - INFO     - save_and_log_data        : Saving label to file: VT047848-20171020_66_I3_c201_r0_k3, Dir: /scratch/wmz2007/neuroinfo_fruitfly/fisbe/biapy-channel-rot/train/label
2026-08-06 14:17:48,823 - INFO     - save_and_log_data        : Saving raw to file: VT047848-20171020_66_I3_c201_r0_k2 , Dir: /scratch/wmz2007/neuroinfo_fruitfly/fisbe/biapy-channel-rot/train/raw
2026-08-06 14:17:48,823 - INFO     - save_and_log_data        : Saving label to file: VT047848-20171020_66_I3_c201_r0_k2, Dir: /scratch/wmz2007/neuroinfo_fruitfly/fisbe/biapy-channel-rot/train/label
2026-08-06 14:17:50,827 - INFO     - save_and_log_data        : Saving raw to file: VT047848-20171020_66_I3_c201_r2_k1 , Dir: /scratch/wmz2007/neuroinfo_fruitfly/fisbe/biapy-channel-rot/train/raw
2026-08-06 14:17:50,836 - INFO     - save_and_log_data        : Saving label to file: VT047848-20171020_66_I3_c201_r2_k1, Dir: /scratch/wmz2007/neuroinfo_fruitfly/fisbe/biapy-channel-rot/train/label
2026-08-06 14:17:53,614 - INFO     - save_and_log_data        : Saving raw to file: VT047848-20171020_66_I3_c201_r2_k3 , Dir: /scratch/wmz2007/neuroinfo_fruitfly/fisbe/biapy-channel-rot/train/raw
2026-08-06 14:17:53,647 - INFO     - save_and_log_data        : Saving label to file: VT047848-20171020_66_I3_c201_r2_k3, Dir: /scratch/wmz2007/neuroinfo_fruitfly/fisbe/biapy-channel-rot/train/label
2026-08-06 14:17:54,551 - INFO     - save_and_log_data        : Saving raw to file: VT047848-20171020_66_I3_c201_r2_k2 , Dir: /scratch/wmz2007/neuroinfo_fruitfly/fisbe/biapy-channel-rot/train/raw
2026-08-06 14:17:54,554 - INFO     - save_and_log_data        : Saving label to file: VT047848-20171020_66_I3_c201_r2_k2, Dir: /scratch/wmz2007/neuroinfo_fruitfly/fisbe/biapy-channel-rot/train/label
2026-08-06 14:17:57,083 - INFO     - save_and_log_data        : Saving raw to file: VT047848-20171020_66_I3_c012_r1_k1 , Dir: /scratch/wmz2007/neuroinfo_fruitfly/fisbe/biapy-channel-rot/train/raw
2026-08-06 14:17:57,087 - INFO     - save_and_log_data        : Saving label to file: VT047848-20171020_66_I3_c012_r1_k1, Dir: /scratch/wmz2007/neuroinfo_fruitfly/fisbe/biapy-channel-rot/train/label
2026-08-06 14:17:57,821 - INFO     - save_and_log_data        : Saving raw to file: VT047848-20171020_66_I3_c012_r1_k3 , Dir: /scratch/wmz2007/neuroinfo_fruitfly/fisbe/biapy-channel-rot/train/raw
2026-08-06 14:17:57,821 - INFO     - save_and_log_data        : Saving label to file: VT047848-20171020_66_I3_c012_r1_k3, Dir: /scratch/wmz2007/neuroinfo_fruitfly/fisbe/biapy-channel-rot/train/label
2026-08-06 14:18:00,143 - INFO     - save_and_log_data        : Saving raw to file: VT047848-20171020_66_I3_c012_r1_k2 , Dir: /scratch/wmz2007/neuroinfo_fruitfly/fisbe/biapy-channel-rot/train/raw
2026-08-06 14:18:00,158 - INFO     - save_and_log_data        : Saving label to file: VT047848-20171020_66_I3_c012_r1_k2, Dir: /scratch/wmz2007/neuroinfo_fruitfly/fisbe/biapy-channel-rot/train/label
2026-08-06 14:18:00,937 - INFO     - save_and_log_data        : Saving raw to file: VT047848-20171020_66_I3_c012_r0_k1 , Dir: /scratch/wmz2007/neuroinfo_fruitfly/fisbe/biapy-channel-rot/train/raw
2026-08-06 14:18:00,937 - INFO     - save_and_log_data        : Saving label to file: VT047848-20171020_66_I3_c012_r0_k1, Dir: /scratch/wmz2007/neuroinfo_fruitfly/fisbe/biapy-channel-rot/train/label
2026-08-06 14:18:02,182 - INFO     - save_and_log_data        : Saving raw to file: VT047848-20171020_66_I3_c012_r0_k3 , Dir: /scratch/wmz2007/neuroinfo_fruitfly/fisbe/biapy-channel-rot/train/raw
2026-08-06 14:18:02,182 - INFO     - save_and_log_data        : Saving label to file: VT047848-20171020_66_I3_c012_r0_k3, Dir: /scratch/wmz2007/neuroinfo_fruitfly/fisbe/biapy-channel-rot/train/label
2026-08-06 14:18:05,108 - INFO     - save_and_log_data        : Saving raw to file: VT047848-20171020_66_I3_c012_r0_k2 , Dir: /scratch/wmz2007/neuroinfo_fruitfly/fisbe/biapy-channel-rot/train/raw
2026-08-06 14:18:05,133 - INFO     - save_and_log_data        : Saving label to file: VT047848-20171020_66_I3_c012_r0_k2, Dir: /scratch/wmz2007/neuroinfo_fruitfly/fisbe/biapy-channel-rot/train/label
2026-08-06 14:18:08,344 - INFO     - save_and_log_data        : Saving raw to file: VT047848-20171020_66_I3_c012_r2_k1 , Dir: /scratch/wmz2007/neuroinfo_fruitfly/fisbe/biapy-channel-rot/train/raw
2026-08-06 14:18:08,360 - INFO     - save_and_log_data        : Saving label to file: VT047848-20171020_66_I3_c012_r2_k1, Dir: /scratch/wmz2007/neuroinfo_fruitfly/fisbe/biapy-channel-rot/train/label
2026-08-06 14:18:09,314 - INFO     - save_and_log_data        : Saving raw to file: VT047848-20171020_66_I3_c012_r2_k3 , Dir: /scratch/wmz2007/neuroinfo_fruitfly/fisbe/biapy-channel-rot/train/raw
2026-08-06 14:18:09,315 - INFO     - save_and_log_data        : Saving label to file: VT047848-20171020_66_I3_c012_r2_k3, Dir: /scratch/wmz2007/neuroinfo_fruitfly/fisbe/biapy-channel-rot/train/label
2026-08-06 14:18:11,591 - INFO     - save_and_log_data        : Saving raw to file: VT047848-20171020_66_I3_c012_r2_k2 , Dir: /scratch/wmz2007/neuroinfo_fruitfly/fisbe/biapy-channel-rot/train/raw
2026-08-06 14:18:11,594 - INFO     - save_and_log_data        : Saving label to file: VT047848-20171020_66_I3_c012_r2_k2, Dir: /scratch/wmz2007/neuroinfo_fruitfly/fisbe/biapy-channel-rot/train/label
2026-08-06 14:18:12,573 - INFO     - save_and_log_data        : Saving raw to file: VT047848-20171020_66_I3_c210_r1_k1 , Dir: /scratch/wmz2007/neuroinfo_fruitfly/fisbe/biapy-channel-rot/train/raw
2026-08-06 14:18:12,573 - INFO     - save_and_log_data        : Saving label to file: VT047848-20171020_66_I3_c210_r1_k1, Dir: /scratch/wmz2007/neuroinfo_fruitfly/fisbe/biapy-channel-rot/train/label
2026-08-06 14:18:15,394 - INFO     - save_and_log_data        : Saving raw to file: VT047848-20171020_66_I3_c210_r1_k3 , Dir: /scratch/wmz2007/neuroinfo_fruitfly/fisbe/biapy-channel-rot/train/raw
2026-08-06 14:18:15,418 - INFO     - save_and_log_data        : Saving label to file: VT047848-20171020_66_I3_c210_r1_k3, Dir: /scratch/wmz2007/neuroinfo_fruitfly/fisbe/biapy-channel-rot/train/label
2026-08-06 14:18:16,472 - INFO     - save_and_log_data        : Saving raw to file: VT047848-20171020_66_I3_c210_r1_k2 , Dir: /scratch/wmz2007/neuroinfo_fruitfly/fisbe/biapy-channel-rot/train/raw
2026-08-06 14:18:16,491 - INFO     - save_and_log_data        : Saving label to file: VT047848-20171020_66_I3_c210_r1_k2, Dir: /scratch/wmz2007/neuroinfo_fruitfly/fisbe/biapy-channel-rot/train/label
2026-08-06 14:18:17,844 - INFO     - save_and_log_data        : Saving raw to file: VT047848-20171020_66_I3_c210_r0_k1 , Dir: /scratch/wmz2007/neuroinfo_fruitfly/fisbe/biapy-channel-rot/train/raw
2026-08-06 14:18:17,844 - INFO     - save_and_log_data        : Saving label to file: VT047848-20171020_66_I3_c210_r0_k1, Dir: /scratch/wmz2007/neuroinfo_fruitfly/fisbe/biapy-channel-rot/train/label
2026-08-06 14:18:18,689 - INFO     - save_and_log_data        : Saving raw to file: VT047848-20171020_66_I3_c210_r0_k3 , Dir: /scratch/wmz2007/neuroinfo_fruitfly/fisbe/biapy-channel-rot/train/raw
2026-08-06 14:18:18,689 - INFO     - save_and_log_data        : Saving label to file: VT047848-20171020_66_I3_c210_r0_k3, Dir: /scratch/wmz2007/neuroinfo_fruitfly/fisbe/biapy-channel-rot/train/label
2026-08-06 14:18:21,694 - INFO     - save_and_log_data        : Saving raw to file: VT047848-20171020_66_I3_c210_r0_k2 , Dir: /scratch/wmz2007/neuroinfo_fruitfly/fisbe/biapy-channel-rot/train/raw
2026-08-06 14:18:21,694 - INFO     - save_and_log_data        : Saving label to file: VT047848-20171020_66_I3_c210_r0_k2, Dir: /scratch/wmz2007/neuroinfo_fruitfly/fisbe/biapy-channel-rot/train/label
2026-08-06 14:18:24,847 - INFO     - save_and_log_data        : Saving raw to file: VT047848-20171020_66_I3_c210_r2_k1 , Dir: /scratch/wmz2007/neuroinfo_fruitfly/fisbe/biapy-channel-rot/train/raw
2026-08-06 14:18:24,847 - INFO     - save_and_log_data        : Saving label to file: VT047848-20171020_66_I3_c210_r2_k1, Dir: /scratch/wmz2007/neuroinfo_fruitfly/fisbe/biapy-channel-rot/train/label
2026-08-06 14:18:27,573 - INFO     - save_and_log_data        : Saving raw to file: VT047848-20171020_66_I3_c210_r2_k3 , Dir: /scratch/wmz2007/neuroinfo_fruitfly/fisbe/biapy-channel-rot/train/raw
2026-08-06 14:18:27,574 - INFO     - save_and_log_data        : Saving label to file: VT047848-20171020_66_I3_c210_r2_k3, Dir: /scratch/wmz2007/neuroinfo_fruitfly/fisbe/biapy-channel-rot/train/label
2026-08-06 14:18:28,544 - INFO     - process_samples          : /// Processing Sample [16 / 18]: VT047848-20171020_66_I5.zarr ///
2026-08-06 14:18:28,544 - INFO     - save_and_log_data        : Saving raw to file: VT047848-20171020_66_I3_c210_r2_k2 , Dir: /scratch/wmz2007/neuroinfo_fruitfly/fisbe/biapy-channel-rot/train/raw
2026-08-06 14:18:28,545 - INFO     - save_and_log_data        : Saving label to file: VT047848-20171020_66_I3_c210_r2_k2, Dir: /scratch/wmz2007/neuroinfo_fruitfly/fisbe/biapy-channel-rot/train/label
2026-08-06 14:18:47,885 - INFO     - process_samples          : Number of augmentation jobs: 27
2026-08-06 14:18:48,428 - INFO     - save_and_log_data        : Saving raw to file: VT047848-20171020_66_I5_c012_r1_k1 , Dir: /scratch/wmz2007/neuroinfo_fruitfly/fisbe/biapy-channel-rot/train/raw
2026-08-06 14:18:48,429 - INFO     - save_and_log_data        : Saving label to file: VT047848-20171020_66_I5_c012_r1_k1, Dir: /scratch/wmz2007/neuroinfo_fruitfly/fisbe/biapy-channel-rot/train/label
2026-08-06 14:18:48,969 - INFO     - save_and_log_data        : Saving raw to file: VT047848-20171020_66_I5_c012_r1_k0 , Dir: /scratch/wmz2007/neuroinfo_fruitfly/fisbe/biapy-channel-rot/train/raw
2026-08-06 14:18:48,970 - INFO     - save_and_log_data        : Saving label to file: VT047848-20171020_66_I5_c012_r1_k0, Dir: /scratch/wmz2007/neuroinfo_fruitfly/fisbe/biapy-channel-rot/train/label
2026-08-06 14:18:50,016 - INFO     - save_and_log_data        : Saving raw to file: VT047848-20171020_66_I5_c012_r1_k3 , Dir: /scratch/wmz2007/neuroinfo_fruitfly/fisbe/biapy-channel-rot/train/raw
2026-08-06 14:18:50,016 - INFO     - save_and_log_data        : Saving label to file: VT047848-20171020_66_I5_c012_r1_k3, Dir: /scratch/wmz2007/neuroinfo_fruitfly/fisbe/biapy-channel-rot/train/label
2026-08-06 14:18:51,858 - INFO     - save_and_log_data        : Saving raw to file: VT047848-20171020_66_I5_c012_r0_k1 , Dir: /scratch/wmz2007/neuroinfo_fruitfly/fisbe/biapy-channel-rot/train/raw
2026-08-06 14:18:51,858 - INFO     - save_and_log_data        : Saving label to file: VT047848-20171020_66_I5_c012_r0_k1, Dir: /scratch/wmz2007/neuroinfo_fruitfly/fisbe/biapy-channel-rot/train/label
2026-08-06 14:18:52,658 - INFO     - save_and_log_data        : Saving raw to file: VT047848-20171020_66_I5_c012_r0_k0 , Dir: /scratch/wmz2007/neuroinfo_fruitfly/fisbe/biapy-channel-rot/train/raw
2026-08-06 14:18:52,658 - INFO     - save_and_log_data        : Saving label to file: VT047848-20171020_66_I5_c012_r0_k0, Dir: /scratch/wmz2007/neuroinfo_fruitfly/fisbe/biapy-channel-rot/train/label
2026-08-06 14:18:55,011 - INFO     - save_and_log_data        : Saving raw to file: VT047848-20171020_66_I5_c012_r0_k3 , Dir: /scratch/wmz2007/neuroinfo_fruitfly/fisbe/biapy-channel-rot/train/raw
2026-08-06 14:18:55,011 - INFO     - save_and_log_data        : Saving label to file: VT047848-20171020_66_I5_c012_r0_k3, Dir: /scratch/wmz2007/neuroinfo_fruitfly/fisbe/biapy-channel-rot/train/label
2026-08-06 14:18:59,001 - INFO     - save_and_log_data        : Saving raw to file: VT047848-20171020_66_I5_c012_r2_k1 , Dir: /scratch/wmz2007/neuroinfo_fruitfly/fisbe/biapy-channel-rot/train/raw
2026-08-06 14:18:59,001 - INFO     - save_and_log_data        : Saving label to file: VT047848-20171020_66_I5_c012_r2_k1, Dir: /scratch/wmz2007/neuroinfo_fruitfly/fisbe/biapy-channel-rot/train/label
2026-08-06 14:18:59,525 - INFO     - save_and_log_data        : Saving raw to file: VT047848-20171020_66_I5_c012_r2_k0 , Dir: /scratch/wmz2007/neuroinfo_fruitfly/fisbe/biapy-channel-rot/train/raw
2026-08-06 14:18:59,525 - INFO     - save_and_log_data        : Saving label to file: VT047848-20171020_66_I5_c012_r2_k0, Dir: /scratch/wmz2007/neuroinfo_fruitfly/fisbe/biapy-channel-rot/train/label
2026-08-06 14:19:01,728 - INFO     - save_and_log_data        : Saving raw to file: VT047848-20171020_66_I5_c012_r2_k3 , Dir: /scratch/wmz2007/neuroinfo_fruitfly/fisbe/biapy-channel-rot/train/raw
2026-08-06 14:19:01,728 - INFO     - save_and_log_data        : Saving label to file: VT047848-20171020_66_I5_c012_r2_k3, Dir: /scratch/wmz2007/neuroinfo_fruitfly/fisbe/biapy-channel-rot/train/label
2026-08-06 14:19:02,477 - INFO     - save_and_log_data        : Saving raw to file: VT047848-20171020_66_I5_c201_r1_k1 , Dir: /scratch/wmz2007/neuroinfo_fruitfly/fisbe/biapy-channel-rot/train/raw
2026-08-06 14:19:02,477 - INFO     - save_and_log_data        : Saving label to file: VT047848-20171020_66_I5_c201_r1_k1, Dir: /scratch/wmz2007/neuroinfo_fruitfly/fisbe/biapy-channel-rot/train/label
2026-08-06 14:19:04,358 - INFO     - save_and_log_data        : Saving raw to file: VT047848-20171020_66_I5_c201_r1_k0 , Dir: /scratch/wmz2007/neuroinfo_fruitfly/fisbe/biapy-channel-rot/train/raw
2026-08-06 14:19:04,358 - INFO     - save_and_log_data        : Saving label to file: VT047848-20171020_66_I5_c201_r1_k0, Dir: /scratch/wmz2007/neuroinfo_fruitfly/fisbe/biapy-channel-rot/train/label
2026-08-06 14:19:04,966 - INFO     - save_and_log_data        : Saving raw to file: VT047848-20171020_66_I5_c201_r1_k3 , Dir: /scratch/wmz2007/neuroinfo_fruitfly/fisbe/biapy-channel-rot/train/raw
2026-08-06 14:19:04,966 - INFO     - save_and_log_data        : Saving label to file: VT047848-20171020_66_I5_c201_r1_k3, Dir: /scratch/wmz2007/neuroinfo_fruitfly/fisbe/biapy-channel-rot/train/label
2026-08-06 14:19:07,139 - INFO     - save_and_log_data        : Saving raw to file: VT047848-20171020_66_I5_c201_r0_k1 , Dir: /scratch/wmz2007/neuroinfo_fruitfly/fisbe/biapy-channel-rot/train/raw
2026-08-06 14:19:07,147 - INFO     - save_and_log_data        : Saving label to file: VT047848-20171020_66_I5_c201_r0_k1, Dir: /scratch/wmz2007/neuroinfo_fruitfly/fisbe/biapy-channel-rot/train/label
2026-08-06 14:19:07,721 - INFO     - save_and_log_data        : Saving raw to file: VT047848-20171020_66_I5_c201_r0_k0 , Dir: /scratch/wmz2007/neuroinfo_fruitfly/fisbe/biapy-channel-rot/train/raw
2026-08-06 14:19:07,722 - INFO     - save_and_log_data        : Saving label to file: VT047848-20171020_66_I5_c201_r0_k0, Dir: /scratch/wmz2007/neuroinfo_fruitfly/fisbe/biapy-channel-rot/train/label
2026-08-06 14:19:08,441 - INFO     - save_and_log_data        : Saving raw to file: VT047848-20171020_66_I5_c201_r0_k3 , Dir: /scratch/wmz2007/neuroinfo_fruitfly/fisbe/biapy-channel-rot/train/raw
2026-08-06 14:19:08,441 - INFO     - save_and_log_data        : Saving label to file: VT047848-20171020_66_I5_c201_r0_k3, Dir: /scratch/wmz2007/neuroinfo_fruitfly/fisbe/biapy-channel-rot/train/label
2026-08-06 14:19:11,198 - INFO     - save_and_log_data        : Saving raw to file: VT047848-20171020_66_I5_c201_r2_k1 , Dir: /scratch/wmz2007/neuroinfo_fruitfly/fisbe/biapy-channel-rot/train/raw
2026-08-06 14:19:11,199 - INFO     - save_and_log_data        : Saving label to file: VT047848-20171020_66_I5_c201_r2_k1, Dir: /scratch/wmz2007/neuroinfo_fruitfly/fisbe/biapy-channel-rot/train/label
2026-08-06 14:19:11,970 - INFO     - save_and_log_data        : Saving raw to file: VT047848-20171020_66_I5_c201_r2_k0 , Dir: /scratch/wmz2007/neuroinfo_fruitfly/fisbe/biapy-channel-rot/train/raw
2026-08-06 14:19:11,970 - INFO     - save_and_log_data        : Saving label to file: VT047848-20171020_66_I5_c201_r2_k0, Dir: /scratch/wmz2007/neuroinfo_fruitfly/fisbe/biapy-channel-rot/train/label
2026-08-06 14:19:14,208 - INFO     - save_and_log_data        : Saving raw to file: VT047848-20171020_66_I5_c201_r2_k3 , Dir: /scratch/wmz2007/neuroinfo_fruitfly/fisbe/biapy-channel-rot/train/raw
2026-08-06 14:19:14,211 - INFO     - save_and_log_data        : Saving label to file: VT047848-20171020_66_I5_c201_r2_k3, Dir: /scratch/wmz2007/neuroinfo_fruitfly/fisbe/biapy-channel-rot/train/label
2026-08-06 14:19:15,887 - INFO     - save_and_log_data        : Saving raw to file: VT047848-20171020_66_I5_c210_r1_k1 , Dir: /scratch/wmz2007/neuroinfo_fruitfly/fisbe/biapy-channel-rot/train/raw
2026-08-06 14:19:16,978 - INFO     - save_and_log_data        : Saving label to file: VT047848-20171020_66_I5_c210_r1_k1, Dir: /scratch/wmz2007/neuroinfo_fruitfly/fisbe/biapy-channel-rot/train/label
2026-08-06 14:19:17,114 - INFO     - save_and_log_data        : Saving raw to file: VT047848-20171020_66_I5_c210_r1_k0 , Dir: /scratch/wmz2007/neuroinfo_fruitfly/fisbe/biapy-channel-rot/train/raw
2026-08-06 14:19:17,115 - INFO     - save_and_log_data        : Saving label to file: VT047848-20171020_66_I5_c210_r1_k0, Dir: /scratch/wmz2007/neuroinfo_fruitfly/fisbe/biapy-channel-rot/train/label
2026-08-06 14:19:17,747 - INFO     - save_and_log_data        : Saving raw to file: VT047848-20171020_66_I5_c210_r1_k3 , Dir: /scratch/wmz2007/neuroinfo_fruitfly/fisbe/biapy-channel-rot/train/raw
2026-08-06 14:19:17,747 - INFO     - save_and_log_data        : Saving label to file: VT047848-20171020_66_I5_c210_r1_k3, Dir: /scratch/wmz2007/neuroinfo_fruitfly/fisbe/biapy-channel-rot/train/label
2026-08-06 14:19:19,776 - INFO     - save_and_log_data        : Saving raw to file: VT047848-20171020_66_I5_c210_r0_k1 , Dir: /scratch/wmz2007/neuroinfo_fruitfly/fisbe/biapy-channel-rot/train/raw
2026-08-06 14:19:19,776 - INFO     - save_and_log_data        : Saving label to file: VT047848-20171020_66_I5_c210_r0_k1, Dir: /scratch/wmz2007/neuroinfo_fruitfly/fisbe/biapy-channel-rot/train/label
2026-08-06 14:19:20,266 - INFO     - save_and_log_data        : Saving raw to file: VT047848-20171020_66_I5_c210_r0_k0 , Dir: /scratch/wmz2007/neuroinfo_fruitfly/fisbe/biapy-channel-rot/train/raw
2026-08-06 14:19:20,266 - INFO     - save_and_log_data        : Saving label to file: VT047848-20171020_66_I5_c210_r0_k0, Dir: /scratch/wmz2007/neuroinfo_fruitfly/fisbe/biapy-channel-rot/train/label
2026-08-06 14:19:21,143 - INFO     - save_and_log_data        : Saving raw to file: VT047848-20171020_66_I5_c210_r0_k3 , Dir: /scratch/wmz2007/neuroinfo_fruitfly/fisbe/biapy-channel-rot/train/raw
2026-08-06 14:19:21,143 - INFO     - save_and_log_data        : Saving label to file: VT047848-20171020_66_I5_c210_r0_k3, Dir: /scratch/wmz2007/neuroinfo_fruitfly/fisbe/biapy-channel-rot/train/label
2026-08-06 14:19:23,880 - INFO     - save_and_log_data        : Saving raw to file: VT047848-20171020_66_I5_c210_r2_k1 , Dir: /scratch/wmz2007/neuroinfo_fruitfly/fisbe/biapy-channel-rot/train/raw
2026-08-06 14:19:23,884 - INFO     - save_and_log_data        : Saving label to file: VT047848-20171020_66_I5_c210_r2_k1, Dir: /scratch/wmz2007/neuroinfo_fruitfly/fisbe/biapy-channel-rot/train/label
2026-08-06 14:19:24,369 - INFO     - save_and_log_data        : Saving raw to file: VT047848-20171020_66_I5_c210_r2_k0 , Dir: /scratch/wmz2007/neuroinfo_fruitfly/fisbe/biapy-channel-rot/train/raw
2026-08-06 14:19:24,369 - INFO     - save_and_log_data        : Saving label to file: VT047848-20171020_66_I5_c210_r2_k0, Dir: /scratch/wmz2007/neuroinfo_fruitfly/fisbe/biapy-channel-rot/train/label
2026-08-06 14:19:26,908 - INFO     - save_and_log_data        : Saving raw to file: VT047848-20171020_66_I5_c210_r2_k3 , Dir: /scratch/wmz2007/neuroinfo_fruitfly/fisbe/biapy-channel-rot/train/raw
2026-08-06 14:19:26,908 - INFO     - save_and_log_data        : Saving label to file: VT047848-20171020_66_I5_c210_r2_k3, Dir: /scratch/wmz2007/neuroinfo_fruitfly/fisbe/biapy-channel-rot/train/label
2026-08-06 14:19:26,910 - INFO     - process_samples          : /// Processing Sample [17 / 18]: VT047848-20171020_66_J2.zarr ///
2026-08-06 14:19:38,029 - INFO     - process_samples          : Number of augmentation jobs: 27
2026-08-06 14:19:38,529 - INFO     - save_and_log_data        : Saving raw to file: VT047848-20171020_66_J2_c102_r2_k1 , Dir: /scratch/wmz2007/neuroinfo_fruitfly/fisbe/biapy-channel-rot/train/raw
2026-08-06 14:19:38,529 - INFO     - save_and_log_data        : Saving label to file: VT047848-20171020_66_J2_c102_r2_k1, Dir: /scratch/wmz2007/neuroinfo_fruitfly/fisbe/biapy-channel-rot/train/label
2026-08-06 14:19:39,013 - INFO     - save_and_log_data        : Saving raw to file: VT047848-20171020_66_J2_c102_r2_k3 , Dir: /scratch/wmz2007/neuroinfo_fruitfly/fisbe/biapy-channel-rot/train/raw
2026-08-06 14:19:39,013 - INFO     - save_and_log_data        : Saving label to file: VT047848-20171020_66_J2_c102_r2_k3, Dir: /scratch/wmz2007/neuroinfo_fruitfly/fisbe/biapy-channel-rot/train/label
2026-08-06 14:19:39,504 - INFO     - save_and_log_data        : Saving raw to file: VT047848-20171020_66_J2_c102_r2_k2 , Dir: /scratch/wmz2007/neuroinfo_fruitfly/fisbe/biapy-channel-rot/train/raw
2026-08-06 14:19:39,504 - INFO     - save_and_log_data        : Saving label to file: VT047848-20171020_66_J2_c102_r2_k2, Dir: /scratch/wmz2007/neuroinfo_fruitfly/fisbe/biapy-channel-rot/train/label
2026-08-06 14:19:41,170 - INFO     - save_and_log_data        : Saving raw to file: VT047848-20171020_66_J2_c102_r1_k1 , Dir: /scratch/wmz2007/neuroinfo_fruitfly/fisbe/biapy-channel-rot/train/raw
2026-08-06 14:19:41,170 - INFO     - save_and_log_data        : Saving label to file: VT047848-20171020_66_J2_c102_r1_k1, Dir: /scratch/wmz2007/neuroinfo_fruitfly/fisbe/biapy-channel-rot/train/label
2026-08-06 14:19:42,367 - INFO     - save_and_log_data        : Saving raw to file: VT047848-20171020_66_J2_c102_r1_k3 , Dir: /scratch/wmz2007/neuroinfo_fruitfly/fisbe/biapy-channel-rot/train/raw
2026-08-06 14:19:42,367 - INFO     - save_and_log_data        : Saving label to file: VT047848-20171020_66_J2_c102_r1_k3, Dir: /scratch/wmz2007/neuroinfo_fruitfly/fisbe/biapy-channel-rot/train/label
2026-08-06 14:19:44,620 - INFO     - save_and_log_data        : Saving raw to file: VT047848-20171020_66_J2_c102_r1_k2 , Dir: /scratch/wmz2007/neuroinfo_fruitfly/fisbe/biapy-channel-rot/train/raw
2026-08-06 14:19:44,620 - INFO     - save_and_log_data        : Saving label to file: VT047848-20171020_66_J2_c102_r1_k2, Dir: /scratch/wmz2007/neuroinfo_fruitfly/fisbe/biapy-channel-rot/train/label
2026-08-06 14:19:45,494 - INFO     - save_and_log_data        : Saving raw to file: VT047848-20171020_66_J2_c102_r0_k1 , Dir: /scratch/wmz2007/neuroinfo_fruitfly/fisbe/biapy-channel-rot/train/raw
2026-08-06 14:19:45,495 - INFO     - save_and_log_data        : Saving label to file: VT047848-20171020_66_J2_c102_r0_k1, Dir: /scratch/wmz2007/neuroinfo_fruitfly/fisbe/biapy-channel-rot/train/label
2026-08-06 14:19:46,020 - INFO     - save_and_log_data        : Saving raw to file: VT047848-20171020_66_J2_c102_r0_k3 , Dir: /scratch/wmz2007/neuroinfo_fruitfly/fisbe/biapy-channel-rot/train/raw
2026-08-06 14:19:46,021 - INFO     - save_and_log_data        : Saving label to file: VT047848-20171020_66_J2_c102_r0_k3, Dir: /scratch/wmz2007/neuroinfo_fruitfly/fisbe/biapy-channel-rot/train/label
2026-08-06 14:19:48,500 - INFO     - save_and_log_data        : Saving raw to file: VT047848-20171020_66_J2_c102_r0_k2 , Dir: /scratch/wmz2007/neuroinfo_fruitfly/fisbe/biapy-channel-rot/train/raw
2026-08-06 14:19:48,513 - INFO     - save_and_log_data        : Saving label to file: VT047848-20171020_66_J2_c102_r0_k2, Dir: /scratch/wmz2007/neuroinfo_fruitfly/fisbe/biapy-channel-rot/train/label
2026-08-06 14:19:50,346 - INFO     - save_and_log_data        : Saving raw to file: VT047848-20171020_66_J2_c210_r2_k1 , Dir: /scratch/wmz2007/neuroinfo_fruitfly/fisbe/biapy-channel-rot/train/raw
2026-08-06 14:19:50,363 - INFO     - save_and_log_data        : Saving label to file: VT047848-20171020_66_J2_c210_r2_k1, Dir: /scratch/wmz2007/neuroinfo_fruitfly/fisbe/biapy-channel-rot/train/label
2026-08-06 14:19:51,110 - INFO     - save_and_log_data        : Saving raw to file: VT047848-20171020_66_J2_c210_r2_k3 , Dir: /scratch/wmz2007/neuroinfo_fruitfly/fisbe/biapy-channel-rot/train/raw
2026-08-06 14:19:51,112 - INFO     - save_and_log_data        : Saving label to file: VT047848-20171020_66_J2_c210_r2_k3, Dir: /scratch/wmz2007/neuroinfo_fruitfly/fisbe/biapy-channel-rot/train/label
2026-08-06 14:19:53,598 - INFO     - save_and_log_data        : Saving raw to file: VT047848-20171020_66_J2_c210_r2_k2 , Dir: /scratch/wmz2007/neuroinfo_fruitfly/fisbe/biapy-channel-rot/train/raw
2026-08-06 14:19:53,613 - INFO     - save_and_log_data        : Saving label to file: VT047848-20171020_66_J2_c210_r2_k2, Dir: /scratch/wmz2007/neuroinfo_fruitfly/fisbe/biapy-channel-rot/train/label
2026-08-06 14:19:54,385 - INFO     - save_and_log_data        : Saving raw to file: VT047848-20171020_66_J2_c210_r1_k1 , Dir: /scratch/wmz2007/neuroinfo_fruitfly/fisbe/biapy-channel-rot/train/raw
2026-08-06 14:19:54,385 - INFO     - save_and_log_data        : Saving label to file: VT047848-20171020_66_J2_c210_r1_k1, Dir: /scratch/wmz2007/neuroinfo_fruitfly/fisbe/biapy-channel-rot/train/label
2026-08-06 14:19:56,080 - INFO     - save_and_log_data        : Saving raw to file: VT047848-20171020_66_J2_c210_r1_k3 , Dir: /scratch/wmz2007/neuroinfo_fruitfly/fisbe/biapy-channel-rot/train/raw
2026-08-06 14:19:56,080 - INFO     - save_and_log_data        : Saving label to file: VT047848-20171020_66_J2_c210_r1_k3, Dir: /scratch/wmz2007/neuroinfo_fruitfly/fisbe/biapy-channel-rot/train/label
2026-08-06 14:19:58,030 - INFO     - save_and_log_data        : Saving raw to file: VT047848-20171020_66_J2_c210_r1_k2 , Dir: /scratch/wmz2007/neuroinfo_fruitfly/fisbe/biapy-channel-rot/train/raw
2026-08-06 14:19:58,033 - INFO     - save_and_log_data        : Saving label to file: VT047848-20171020_66_J2_c210_r1_k2, Dir: /scratch/wmz2007/neuroinfo_fruitfly/fisbe/biapy-channel-rot/train/label
2026-08-06 14:19:58,308 - INFO     - save_and_log_data        : Saving raw to file: VT047848-20171020_66_J2_c210_r0_k1 , Dir: /scratch/wmz2007/neuroinfo_fruitfly/fisbe/biapy-channel-rot/train/raw
2026-08-06 14:19:58,308 - INFO     - save_and_log_data        : Saving label to file: VT047848-20171020_66_J2_c210_r0_k1, Dir: /scratch/wmz2007/neuroinfo_fruitfly/fisbe/biapy-channel-rot/train/label
2026-08-06 14:19:59,070 - INFO     - save_and_log_data        : Saving raw to file: VT047848-20171020_66_J2_c210_r0_k3 , Dir: /scratch/wmz2007/neuroinfo_fruitfly/fisbe/biapy-channel-rot/train/raw
2026-08-06 14:19:59,070 - INFO     - save_and_log_data        : Saving label to file: VT047848-20171020_66_J2_c210_r0_k3, Dir: /scratch/wmz2007/neuroinfo_fruitfly/fisbe/biapy-channel-rot/train/label
2026-08-06 14:20:01,573 - INFO     - save_and_log_data        : Saving raw to file: VT047848-20171020_66_J2_c210_r0_k2 , Dir: /scratch/wmz2007/neuroinfo_fruitfly/fisbe/biapy-channel-rot/train/raw
2026-08-06 14:20:01,582 - INFO     - save_and_log_data        : Saving label to file: VT047848-20171020_66_J2_c210_r0_k2, Dir: /scratch/wmz2007/neuroinfo_fruitfly/fisbe/biapy-channel-rot/train/label
2026-08-06 14:20:03,488 - INFO     - save_and_log_data        : Saving raw to file: VT047848-20171020_66_J2_c120_r2_k1 , Dir: /scratch/wmz2007/neuroinfo_fruitfly/fisbe/biapy-channel-rot/train/raw
2026-08-06 14:20:03,488 - INFO     - save_and_log_data        : Saving label to file: VT047848-20171020_66_J2_c120_r2_k1, Dir: /scratch/wmz2007/neuroinfo_fruitfly/fisbe/biapy-channel-rot/train/label
2026-08-06 14:20:04,289 - INFO     - save_and_log_data        : Saving raw to file: VT047848-20171020_66_J2_c120_r2_k3 , Dir: /scratch/wmz2007/neuroinfo_fruitfly/fisbe/biapy-channel-rot/train/raw
2026-08-06 14:20:04,289 - INFO     - save_and_log_data        : Saving label to file: VT047848-20171020_66_J2_c120_r2_k3, Dir: /scratch/wmz2007/neuroinfo_fruitfly/fisbe/biapy-channel-rot/train/label
2026-08-06 14:20:06,147 - INFO     - save_and_log_data        : Saving raw to file: VT047848-20171020_66_J2_c120_r2_k2 , Dir: /scratch/wmz2007/neuroinfo_fruitfly/fisbe/biapy-channel-rot/train/raw
2026-08-06 14:20:06,156 - INFO     - save_and_log_data        : Saving label to file: VT047848-20171020_66_J2_c120_r2_k2, Dir: /scratch/wmz2007/neuroinfo_fruitfly/fisbe/biapy-channel-rot/train/label
2026-08-06 14:20:08,592 - INFO     - save_and_log_data        : Saving raw to file: VT047848-20171020_66_J2_c120_r1_k1 , Dir: /scratch/wmz2007/neuroinfo_fruitfly/fisbe/biapy-channel-rot/train/raw
2026-08-06 14:20:08,605 - INFO     - save_and_log_data        : Saving label to file: VT047848-20171020_66_J2_c120_r1_k1, Dir: /scratch/wmz2007/neuroinfo_fruitfly/fisbe/biapy-channel-rot/train/label
2026-08-06 14:20:09,177 - INFO     - save_and_log_data        : Saving raw to file: VT047848-20171020_66_J2_c120_r1_k3 , Dir: /scratch/wmz2007/neuroinfo_fruitfly/fisbe/biapy-channel-rot/train/raw
2026-08-06 14:20:09,177 - INFO     - save_and_log_data        : Saving label to file: VT047848-20171020_66_J2_c120_r1_k3, Dir: /scratch/wmz2007/neuroinfo_fruitfly/fisbe/biapy-channel-rot/train/label
2026-08-06 14:20:11,638 - INFO     - save_and_log_data        : Saving raw to file: VT047848-20171020_66_J2_c120_r1_k2 , Dir: /scratch/wmz2007/neuroinfo_fruitfly/fisbe/biapy-channel-rot/train/raw
2026-08-06 14:20:11,639 - INFO     - save_and_log_data        : Saving label to file: VT047848-20171020_66_J2_c120_r1_k2, Dir: /scratch/wmz2007/neuroinfo_fruitfly/fisbe/biapy-channel-rot/train/label
2026-08-06 14:20:12,157 - INFO     - save_and_log_data        : Saving raw to file: VT047848-20171020_66_J2_c120_r0_k1 , Dir: /scratch/wmz2007/neuroinfo_fruitfly/fisbe/biapy-channel-rot/train/raw
2026-08-06 14:20:12,157 - INFO     - save_and_log_data        : Saving label to file: VT047848-20171020_66_J2_c120_r0_k1, Dir: /scratch/wmz2007/neuroinfo_fruitfly/fisbe/biapy-channel-rot/train/label
2026-08-06 14:20:12,774 - INFO     - save_and_log_data        : Saving raw to file: VT047848-20171020_66_J2_c120_r0_k3 , Dir: /scratch/wmz2007/neuroinfo_fruitfly/fisbe/biapy-channel-rot/train/raw
2026-08-06 14:20:12,774 - INFO     - save_and_log_data        : Saving label to file: VT047848-20171020_66_J2_c120_r0_k3, Dir: /scratch/wmz2007/neuroinfo_fruitfly/fisbe/biapy-channel-rot/train/label
2026-08-06 14:20:15,344 - INFO     - save_and_log_data        : Saving raw to file: VT047848-20171020_66_J2_c120_r0_k2 , Dir: /scratch/wmz2007/neuroinfo_fruitfly/fisbe/biapy-channel-rot/train/raw
2026-08-06 14:20:15,344 - INFO     - process_samples          : /// Processing Sample [18 / 18]: VT061467-20180911_62_E5.zarr ///
2026-08-06 14:20:15,344 - INFO     - save_and_log_data        : Saving label to file: VT047848-20171020_66_J2_c120_r0_k2, Dir: /scratch/wmz2007/neuroinfo_fruitfly/fisbe/biapy-channel-rot/train/label
2026-08-06 14:20:23,285 - INFO     - process_samples          : Number of augmentation jobs: 27
2026-08-06 14:20:23,582 - INFO     - save_and_log_data        : Saving raw to file: VT061467-20180911_62_E5_c201_r1_k0 , Dir: /scratch/wmz2007/neuroinfo_fruitfly/fisbe/biapy-channel-rot/train/raw
2026-08-06 14:20:23,582 - INFO     - save_and_log_data        : Saving label to file: VT061467-20180911_62_E5_c201_r1_k0, Dir: /scratch/wmz2007/neuroinfo_fruitfly/fisbe/biapy-channel-rot/train/label
2026-08-06 14:20:23,880 - INFO     - save_and_log_data        : Saving raw to file: VT061467-20180911_62_E5_c201_r1_k3 , Dir: /scratch/wmz2007/neuroinfo_fruitfly/fisbe/biapy-channel-rot/train/raw
2026-08-06 14:20:23,880 - INFO     - save_and_log_data        : Saving label to file: VT061467-20180911_62_E5_c201_r1_k3, Dir: /scratch/wmz2007/neuroinfo_fruitfly/fisbe/biapy-channel-rot/train/label
2026-08-06 14:20:24,173 - INFO     - save_and_log_data        : Saving raw to file: VT061467-20180911_62_E5_c201_r1_k2 , Dir: /scratch/wmz2007/neuroinfo_fruitfly/fisbe/biapy-channel-rot/train/raw
2026-08-06 14:20:24,173 - INFO     - save_and_log_data        : Saving label to file: VT061467-20180911_62_E5_c201_r1_k2, Dir: /scratch/wmz2007/neuroinfo_fruitfly/fisbe/biapy-channel-rot/train/label
2026-08-06 14:20:24,813 - INFO     - save_and_log_data        : Saving raw to file: VT061467-20180911_62_E5_c201_r2_k0 , Dir: /scratch/wmz2007/neuroinfo_fruitfly/fisbe/biapy-channel-rot/train/raw
2026-08-06 14:20:24,813 - INFO     - save_and_log_data        : Saving label to file: VT061467-20180911_62_E5_c201_r2_k0, Dir: /scratch/wmz2007/neuroinfo_fruitfly/fisbe/biapy-channel-rot/train/label
2026-08-06 14:20:25,302 - INFO     - save_and_log_data        : Saving raw to file: VT061467-20180911_62_E5_c201_r2_k3 , Dir: /scratch/wmz2007/neuroinfo_fruitfly/fisbe/biapy-channel-rot/train/raw
2026-08-06 14:20:25,303 - INFO     - save_and_log_data        : Saving label to file: VT061467-20180911_62_E5_c201_r2_k3, Dir: /scratch/wmz2007/neuroinfo_fruitfly/fisbe/biapy-channel-rot/train/label
2026-08-06 14:20:26,613 - INFO     - save_and_log_data        : Saving raw to file: VT061467-20180911_62_E5_c201_r2_k2 , Dir: /scratch/wmz2007/neuroinfo_fruitfly/fisbe/biapy-channel-rot/train/raw
2026-08-06 14:20:26,613 - INFO     - save_and_log_data        : Saving label to file: VT061467-20180911_62_E5_c201_r2_k2, Dir: /scratch/wmz2007/neuroinfo_fruitfly/fisbe/biapy-channel-rot/train/label
2026-08-06 14:20:26,982 - INFO     - save_and_log_data        : Saving raw to file: VT061467-20180911_62_E5_c201_r0_k0 , Dir: /scratch/wmz2007/neuroinfo_fruitfly/fisbe/biapy-channel-rot/train/raw
2026-08-06 14:20:26,982 - INFO     - save_and_log_data        : Saving label to file: VT061467-20180911_62_E5_c201_r0_k0, Dir: /scratch/wmz2007/neuroinfo_fruitfly/fisbe/biapy-channel-rot/train/label
2026-08-06 14:20:28,302 - INFO     - save_and_log_data        : Saving raw to file: VT061467-20180911_62_E5_c201_r0_k3 , Dir: /scratch/wmz2007/neuroinfo_fruitfly/fisbe/biapy-channel-rot/train/raw
2026-08-06 14:20:28,307 - INFO     - save_and_log_data        : Saving label to file: VT061467-20180911_62_E5_c201_r0_k3, Dir: /scratch/wmz2007/neuroinfo_fruitfly/fisbe/biapy-channel-rot/train/label
2026-08-06 14:20:29,843 - INFO     - save_and_log_data        : Saving raw to file: VT061467-20180911_62_E5_c201_r0_k2 , Dir: /scratch/wmz2007/neuroinfo_fruitfly/fisbe/biapy-channel-rot/train/raw
2026-08-06 14:20:29,845 - INFO     - save_and_log_data        : Saving label to file: VT061467-20180911_62_E5_c201_r0_k2, Dir: /scratch/wmz2007/neuroinfo_fruitfly/fisbe/biapy-channel-rot/train/label
2026-08-06 14:20:30,872 - INFO     - save_and_log_data        : Saving raw to file: VT061467-20180911_62_E5_c021_r1_k0 , Dir: /scratch/wmz2007/neuroinfo_fruitfly/fisbe/biapy-channel-rot/train/raw
2026-08-06 14:20:30,878 - INFO     - save_and_log_data        : Saving raw to file: VT061467-20180911_62_E5_c021_r1_k3 , Dir: /scratch/wmz2007/neuroinfo_fruitfly/fisbe/biapy-channel-rot/train/raw
2026-08-06 14:20:30,879 - INFO     - save_and_log_data        : Saving label to file: VT061467-20180911_62_E5_c021_r1_k0, Dir: /scratch/wmz2007/neuroinfo_fruitfly/fisbe/biapy-channel-rot/train/label
2026-08-06 14:20:30,879 - INFO     - save_and_log_data        : Saving label to file: VT061467-20180911_62_E5_c021_r1_k3, Dir: /scratch/wmz2007/neuroinfo_fruitfly/fisbe/biapy-channel-rot/train/label
2026-08-06 14:20:31,348 - INFO     - save_and_log_data        : Saving raw to file: VT061467-20180911_62_E5_c021_r1_k2 , Dir: /scratch/wmz2007/neuroinfo_fruitfly/fisbe/biapy-channel-rot/train/raw
2026-08-06 14:20:31,348 - INFO     - save_and_log_data        : Saving label to file: VT061467-20180911_62_E5_c021_r1_k2, Dir: /scratch/wmz2007/neuroinfo_fruitfly/fisbe/biapy-channel-rot/train/label
2026-08-06 14:20:31,918 - INFO     - save_and_log_data        : Saving raw to file: VT061467-20180911_62_E5_c021_r2_k0 , Dir: /scratch/wmz2007/neuroinfo_fruitfly/fisbe/biapy-channel-rot/train/raw
2026-08-06 14:20:31,918 - INFO     - save_and_log_data        : Saving label to file: VT061467-20180911_62_E5_c021_r2_k0, Dir: /scratch/wmz2007/neuroinfo_fruitfly/fisbe/biapy-channel-rot/train/label
2026-08-06 14:20:32,818 - INFO     - save_and_log_data        : Saving raw to file: VT061467-20180911_62_E5_c021_r2_k3 , Dir: /scratch/wmz2007/neuroinfo_fruitfly/fisbe/biapy-channel-rot/train/raw
2026-08-06 14:20:32,818 - INFO     - save_and_log_data        : Saving label to file: VT061467-20180911_62_E5_c021_r2_k3, Dir: /scratch/wmz2007/neuroinfo_fruitfly/fisbe/biapy-channel-rot/train/label
2026-08-06 14:20:33,156 - INFO     - save_and_log_data        : Saving raw to file: VT061467-20180911_62_E5_c021_r2_k2 , Dir: /scratch/wmz2007/neuroinfo_fruitfly/fisbe/biapy-channel-rot/train/raw
2026-08-06 14:20:33,156 - INFO     - save_and_log_data        : Saving label to file: VT061467-20180911_62_E5_c021_r2_k2, Dir: /scratch/wmz2007/neuroinfo_fruitfly/fisbe/biapy-channel-rot/train/label
2026-08-06 14:20:34,712 - INFO     - save_and_log_data        : Saving raw to file: VT061467-20180911_62_E5_c021_r0_k0 , Dir: /scratch/wmz2007/neuroinfo_fruitfly/fisbe/biapy-channel-rot/train/raw
2026-08-06 14:20:34,716 - INFO     - save_and_log_data        : Saving label to file: VT061467-20180911_62_E5_c021_r0_k0, Dir: /scratch/wmz2007/neuroinfo_fruitfly/fisbe/biapy-channel-rot/train/label
2026-08-06 14:20:35,074 - INFO     - save_and_log_data        : Saving raw to file: VT061467-20180911_62_E5_c021_r0_k3 , Dir: /scratch/wmz2007/neuroinfo_fruitfly/fisbe/biapy-channel-rot/train/raw
2026-08-06 14:20:35,075 - INFO     - save_and_log_data        : Saving label to file: VT061467-20180911_62_E5_c021_r0_k3, Dir: /scratch/wmz2007/neuroinfo_fruitfly/fisbe/biapy-channel-rot/train/label
2026-08-06 14:20:37,123 - INFO     - save_and_log_data        : Saving raw to file: VT061467-20180911_62_E5_c021_r0_k2 , Dir: /scratch/wmz2007/neuroinfo_fruitfly/fisbe/biapy-channel-rot/train/raw
2026-08-06 14:20:37,127 - INFO     - save_and_log_data        : Saving label to file: VT061467-20180911_62_E5_c021_r0_k2, Dir: /scratch/wmz2007/neuroinfo_fruitfly/fisbe/biapy-channel-rot/train/label
2026-08-06 14:20:37,639 - INFO     - save_and_log_data        : Saving raw to file: VT061467-20180911_62_E5_c012_r1_k0 , Dir: /scratch/wmz2007/neuroinfo_fruitfly/fisbe/biapy-channel-rot/train/raw
2026-08-06 14:20:37,640 - INFO     - save_and_log_data        : Saving label to file: VT061467-20180911_62_E5_c012_r1_k0, Dir: /scratch/wmz2007/neuroinfo_fruitfly/fisbe/biapy-channel-rot/train/label
2026-08-06 14:20:38,146 - INFO     - save_and_log_data        : Saving raw to file: VT061467-20180911_62_E5_c012_r1_k3 , Dir: /scratch/wmz2007/neuroinfo_fruitfly/fisbe/biapy-channel-rot/train/raw
2026-08-06 14:20:38,688 - INFO     - save_and_log_data        : Saving raw to file: VT061467-20180911_62_E5_c012_r1_k2 , Dir: /scratch/wmz2007/neuroinfo_fruitfly/fisbe/biapy-channel-rot/train/raw
2026-08-06 14:20:38,689 - INFO     - save_and_log_data        : Saving label to file: VT061467-20180911_62_E5_c012_r1_k3, Dir: /scratch/wmz2007/neuroinfo_fruitfly/fisbe/biapy-channel-rot/train/label
2026-08-06 14:20:38,689 - INFO     - save_and_log_data        : Saving label to file: VT061467-20180911_62_E5_c012_r1_k2, Dir: /scratch/wmz2007/neuroinfo_fruitfly/fisbe/biapy-channel-rot/train/label
2026-08-06 14:20:39,172 - INFO     - save_and_log_data        : Saving raw to file: VT061467-20180911_62_E5_c012_r2_k0 , Dir: /scratch/wmz2007/neuroinfo_fruitfly/fisbe/biapy-channel-rot/train/raw
2026-08-06 14:20:39,287 - INFO     - save_and_log_data        : Saving label to file: VT061467-20180911_62_E5_c012_r2_k0, Dir: /scratch/wmz2007/neuroinfo_fruitfly/fisbe/biapy-channel-rot/train/label
2026-08-06 14:20:39,538 - INFO     - save_and_log_data        : Saving raw to file: VT061467-20180911_62_E5_c012_r2_k3 , Dir: /scratch/wmz2007/neuroinfo_fruitfly/fisbe/biapy-channel-rot/train/raw
2026-08-06 14:20:39,538 - INFO     - save_and_log_data        : Saving label to file: VT061467-20180911_62_E5_c012_r2_k3, Dir: /scratch/wmz2007/neuroinfo_fruitfly/fisbe/biapy-channel-rot/train/label
2026-08-06 14:20:40,734 - INFO     - save_and_log_data        : Saving raw to file: VT061467-20180911_62_E5_c012_r2_k2 , Dir: /scratch/wmz2007/neuroinfo_fruitfly/fisbe/biapy-channel-rot/train/raw
2026-08-06 14:20:40,734 - INFO     - save_and_log_data        : Saving label to file: VT061467-20180911_62_E5_c012_r2_k2, Dir: /scratch/wmz2007/neuroinfo_fruitfly/fisbe/biapy-channel-rot/train/label
2026-08-06 14:20:41,129 - INFO     - save_and_log_data        : Saving raw to file: VT061467-20180911_62_E5_c012_r0_k0 , Dir: /scratch/wmz2007/neuroinfo_fruitfly/fisbe/biapy-channel-rot/train/raw
2026-08-06 14:20:41,129 - INFO     - save_and_log_data        : Saving label to file: VT061467-20180911_62_E5_c012_r0_k0, Dir: /scratch/wmz2007/neuroinfo_fruitfly/fisbe/biapy-channel-rot/train/label
2026-08-06 14:20:42,723 - INFO     - save_and_log_data        : Saving raw to file: VT061467-20180911_62_E5_c012_r0_k3 , Dir: /scratch/wmz2007/neuroinfo_fruitfly/fisbe/biapy-channel-rot/train/raw
2026-08-06 14:20:42,729 - INFO     - save_and_log_data        : Saving label to file: VT061467-20180911_62_E5_c012_r0_k3, Dir: /scratch/wmz2007/neuroinfo_fruitfly/fisbe/biapy-channel-rot/train/label
2026-08-06 14:20:43,076 - INFO     - save_and_log_data        : Saving raw to file: VT061467-20180911_62_E5_c012_r0_k2 , Dir: /scratch/wmz2007/neuroinfo_fruitfly/fisbe/biapy-channel-rot/train/raw
2026-08-06 14:20:43,076 - INFO     - save_and_log_data        : Saving label to file: VT061467-20180911_62_E5_c012_r0_k2, Dir: /scratch/wmz2007/neuroinfo_fruitfly/fisbe/biapy-channel-rot/train/label
2026-08-06 14:20:46,653 - INFO     - main                     : Converting val, Found (5 volumes), Processing None
2026-08-06 14:20:46,661 - INFO     - convert_split            : Save workers: 12
2026-08-06 14:20:46,661 - INFO     - convert_split            : Augmentations enabled: True
2026-08-06 14:20:46,662 - INFO     - process_samples          : /// Processing Sample [1 / 5]: R22C03-20180918_66_J2.zarr ///
2026-08-06 14:20:48,345 - INFO     - process_samples          : Number of augmentation jobs: 27
2026-08-06 14:20:48,616 - INFO     - save_and_log_data        : Saving raw to file: R22C03-20180918_66_J2_c210_r1_k3 , Dir: /scratch/wmz2007/neuroinfo_fruitfly/fisbe/biapy-channel-rot/val/raw
2026-08-06 14:20:48,616 - INFO     - save_and_log_data        : Saving label to file: R22C03-20180918_66_J2_c210_r1_k3, Dir: /scratch/wmz2007/neuroinfo_fruitfly/fisbe/biapy-channel-rot/val/label
2026-08-06 14:20:48,892 - INFO     - save_and_log_data        : Saving raw to file: R22C03-20180918_66_J2_c210_r1_k1 , Dir: /scratch/wmz2007/neuroinfo_fruitfly/fisbe/biapy-channel-rot/val/raw
2026-08-06 14:20:48,893 - INFO     - save_and_log_data        : Saving label to file: R22C03-20180918_66_J2_c210_r1_k1, Dir: /scratch/wmz2007/neuroinfo_fruitfly/fisbe/biapy-channel-rot/val/label
2026-08-06 14:20:49,173 - INFO     - save_and_log_data        : Saving raw to file: R22C03-20180918_66_J2_c210_r1_k0 , Dir: /scratch/wmz2007/neuroinfo_fruitfly/fisbe/biapy-channel-rot/val/raw
2026-08-06 14:20:49,173 - INFO     - save_and_log_data        : Saving label to file: R22C03-20180918_66_J2_c210_r1_k0, Dir: /scratch/wmz2007/neuroinfo_fruitfly/fisbe/biapy-channel-rot/val/label
2026-08-06 14:20:49,468 - INFO     - save_and_log_data        : Saving raw to file: R22C03-20180918_66_J2_c210_r2_k3 , Dir: /scratch/wmz2007/neuroinfo_fruitfly/fisbe/biapy-channel-rot/val/raw
2026-08-06 14:20:49,469 - INFO     - save_and_log_data        : Saving label to file: R22C03-20180918_66_J2_c210_r2_k3, Dir: /scratch/wmz2007/neuroinfo_fruitfly/fisbe/biapy-channel-rot/val/label
2026-08-06 14:20:50,387 - INFO     - save_and_log_data        : Saving raw to file: R22C03-20180918_66_J2_c210_r2_k1 , Dir: /scratch/wmz2007/neuroinfo_fruitfly/fisbe/biapy-channel-rot/val/raw
2026-08-06 14:20:50,387 - INFO     - save_and_log_data        : Saving label to file: R22C03-20180918_66_J2_c210_r2_k1, Dir: /scratch/wmz2007/neuroinfo_fruitfly/fisbe/biapy-channel-rot/val/label
2026-08-06 14:20:52,178 - INFO     - save_and_log_data        : Saving raw to file: R22C03-20180918_66_J2_c210_r2_k0 , Dir: /scratch/wmz2007/neuroinfo_fruitfly/fisbe/biapy-channel-rot/val/raw
2026-08-06 14:20:52,182 - INFO     - save_and_log_data        : Saving label to file: R22C03-20180918_66_J2_c210_r2_k0, Dir: /scratch/wmz2007/neuroinfo_fruitfly/fisbe/biapy-channel-rot/val/label
2026-08-06 14:20:53,220 - INFO     - save_and_log_data        : Saving raw to file: R22C03-20180918_66_J2_c210_r0_k3 , Dir: /scratch/wmz2007/neuroinfo_fruitfly/fisbe/biapy-channel-rot/val/raw
2026-08-06 14:20:53,224 - INFO     - save_and_log_data        : Saving label to file: R22C03-20180918_66_J2_c210_r0_k3, Dir: /scratch/wmz2007/neuroinfo_fruitfly/fisbe/biapy-channel-rot/val/label
2026-08-06 14:20:54,189 - INFO     - save_and_log_data        : Saving raw to file: R22C03-20180918_66_J2_c210_r0_k1 , Dir: /scratch/wmz2007/neuroinfo_fruitfly/fisbe/biapy-channel-rot/val/raw
2026-08-06 14:20:54,189 - INFO     - save_and_log_data        : Saving label to file: R22C03-20180918_66_J2_c210_r0_k1, Dir: /scratch/wmz2007/neuroinfo_fruitfly/fisbe/biapy-channel-rot/val/label
2026-08-06 14:20:54,256 - INFO     - save_and_log_data        : Saving raw to file: R22C03-20180918_66_J2_c210_r0_k0 , Dir: /scratch/wmz2007/neuroinfo_fruitfly/fisbe/biapy-channel-rot/val/raw
2026-08-06 14:20:54,256 - INFO     - save_and_log_data        : Saving label to file: R22C03-20180918_66_J2_c210_r0_k0, Dir: /scratch/wmz2007/neuroinfo_fruitfly/fisbe/biapy-channel-rot/val/label
2026-08-06 14:20:55,001 - INFO     - save_and_log_data        : Saving raw to file: R22C03-20180918_66_J2_c021_r1_k3 , Dir: /scratch/wmz2007/neuroinfo_fruitfly/fisbe/biapy-channel-rot/val/raw
2026-08-06 14:20:55,006 - INFO     - save_and_log_data        : Saving label to file: R22C03-20180918_66_J2_c021_r1_k3, Dir: /scratch/wmz2007/neuroinfo_fruitfly/fisbe/biapy-channel-rot/val/label
2026-08-06 14:20:55,418 - INFO     - save_and_log_data        : Saving raw to file: R22C03-20180918_66_J2_c021_r1_k1 , Dir: /scratch/wmz2007/neuroinfo_fruitfly/fisbe/biapy-channel-rot/val/raw
2026-08-06 14:20:55,418 - INFO     - save_and_log_data        : Saving label to file: R22C03-20180918_66_J2_c021_r1_k1, Dir: /scratch/wmz2007/neuroinfo_fruitfly/fisbe/biapy-channel-rot/val/label
2026-08-06 14:20:56,672 - INFO     - save_and_log_data        : Saving raw to file: R22C03-20180918_66_J2_c021_r1_k0 , Dir: /scratch/wmz2007/neuroinfo_fruitfly/fisbe/biapy-channel-rot/val/raw
2026-08-06 14:20:56,680 - INFO     - save_and_log_data        : Saving label to file: R22C03-20180918_66_J2_c021_r1_k0, Dir: /scratch/wmz2007/neuroinfo_fruitfly/fisbe/biapy-channel-rot/val/label
2026-08-06 14:20:57,192 - INFO     - save_and_log_data        : Saving raw to file: R22C03-20180918_66_J2_c021_r2_k3 , Dir: /scratch/wmz2007/neuroinfo_fruitfly/fisbe/biapy-channel-rot/val/raw
2026-08-06 14:20:57,192 - INFO     - save_and_log_data        : Saving label to file: R22C03-20180918_66_J2_c021_r2_k3, Dir: /scratch/wmz2007/neuroinfo_fruitfly/fisbe/biapy-channel-rot/val/label
2026-08-06 14:20:57,573 - INFO     - save_and_log_data        : Saving raw to file: R22C03-20180918_66_J2_c021_r2_k1 , Dir: /scratch/wmz2007/neuroinfo_fruitfly/fisbe/biapy-channel-rot/val/raw
2026-08-06 14:20:57,573 - INFO     - save_and_log_data        : Saving label to file: R22C03-20180918_66_J2_c021_r2_k1, Dir: /scratch/wmz2007/neuroinfo_fruitfly/fisbe/biapy-channel-rot/val/label
2026-08-06 14:20:58,957 - INFO     - save_and_log_data        : Saving raw to file: R22C03-20180918_66_J2_c021_r2_k0 , Dir: /scratch/wmz2007/neuroinfo_fruitfly/fisbe/biapy-channel-rot/val/raw
2026-08-06 14:20:58,964 - INFO     - save_and_log_data        : Saving label to file: R22C03-20180918_66_J2_c021_r2_k0, Dir: /scratch/wmz2007/neuroinfo_fruitfly/fisbe/biapy-channel-rot/val/label
2026-08-06 14:20:59,309 - INFO     - save_and_log_data        : Saving raw to file: R22C03-20180918_66_J2_c021_r0_k3 , Dir: /scratch/wmz2007/neuroinfo_fruitfly/fisbe/biapy-channel-rot/val/raw
2026-08-06 14:20:59,309 - INFO     - save_and_log_data        : Saving label to file: R22C03-20180918_66_J2_c021_r0_k3, Dir: /scratch/wmz2007/neuroinfo_fruitfly/fisbe/biapy-channel-rot/val/label
2026-08-06 14:21:01,723 - INFO     - save_and_log_data        : Saving raw to file: R22C03-20180918_66_J2_c021_r0_k1 , Dir: /scratch/wmz2007/neuroinfo_fruitfly/fisbe/biapy-channel-rot/val/raw
2026-08-06 14:21:01,727 - INFO     - save_and_log_data        : Saving label to file: R22C03-20180918_66_J2_c021_r0_k1, Dir: /scratch/wmz2007/neuroinfo_fruitfly/fisbe/biapy-channel-rot/val/label
2026-08-06 14:21:02,173 - INFO     - save_and_log_data        : Saving raw to file: R22C03-20180918_66_J2_c021_r0_k0 , Dir: /scratch/wmz2007/neuroinfo_fruitfly/fisbe/biapy-channel-rot/val/raw
2026-08-06 14:21:02,518 - INFO     - save_and_log_data        : Saving label to file: R22C03-20180918_66_J2_c021_r0_k0, Dir: /scratch/wmz2007/neuroinfo_fruitfly/fisbe/biapy-channel-rot/val/label
2026-08-06 14:21:02,655 - INFO     - save_and_log_data        : Saving raw to file: R22C03-20180918_66_J2_c012_r1_k3 , Dir: /scratch/wmz2007/neuroinfo_fruitfly/fisbe/biapy-channel-rot/val/raw
2026-08-06 14:21:02,655 - INFO     - save_and_log_data        : Saving label to file: R22C03-20180918_66_J2_c012_r1_k3, Dir: /scratch/wmz2007/neuroinfo_fruitfly/fisbe/biapy-channel-rot/val/label
2026-08-06 14:21:03,908 - INFO     - save_and_log_data        : Saving raw to file: R22C03-20180918_66_J2_c012_r1_k1 , Dir: /scratch/wmz2007/neuroinfo_fruitfly/fisbe/biapy-channel-rot/val/raw
2026-08-06 14:21:03,915 - INFO     - save_and_log_data        : Saving label to file: R22C03-20180918_66_J2_c012_r1_k1, Dir: /scratch/wmz2007/neuroinfo_fruitfly/fisbe/biapy-channel-rot/val/label
2026-08-06 14:21:04,058 - INFO     - save_and_log_data        : Saving raw to file: R22C03-20180918_66_J2_c012_r1_k0 , Dir: /scratch/wmz2007/neuroinfo_fruitfly/fisbe/biapy-channel-rot/val/raw
2026-08-06 14:21:04,058 - INFO     - save_and_log_data        : Saving label to file: R22C03-20180918_66_J2_c012_r1_k0, Dir: /scratch/wmz2007/neuroinfo_fruitfly/fisbe/biapy-channel-rot/val/label
2026-08-06 14:21:04,469 - INFO     - save_and_log_data        : Saving raw to file: R22C03-20180918_66_J2_c012_r2_k3 , Dir: /scratch/wmz2007/neuroinfo_fruitfly/fisbe/biapy-channel-rot/val/raw
2026-08-06 14:21:04,469 - INFO     - save_and_log_data        : Saving label to file: R22C03-20180918_66_J2_c012_r2_k3, Dir: /scratch/wmz2007/neuroinfo_fruitfly/fisbe/biapy-channel-rot/val/label
2026-08-06 14:21:05,910 - INFO     - save_and_log_data        : Saving raw to file: R22C03-20180918_66_J2_c012_r2_k1 , Dir: /scratch/wmz2007/neuroinfo_fruitfly/fisbe/biapy-channel-rot/val/raw
2026-08-06 14:21:05,910 - INFO     - save_and_log_data        : Saving label to file: R22C03-20180918_66_J2_c012_r2_k1, Dir: /scratch/wmz2007/neuroinfo_fruitfly/fisbe/biapy-channel-rot/val/label
2026-08-06 14:21:06,227 - INFO     - save_and_log_data        : Saving raw to file: R22C03-20180918_66_J2_c012_r2_k0 , Dir: /scratch/wmz2007/neuroinfo_fruitfly/fisbe/biapy-channel-rot/val/raw
2026-08-06 14:21:06,227 - INFO     - save_and_log_data        : Saving label to file: R22C03-20180918_66_J2_c012_r2_k0, Dir: /scratch/wmz2007/neuroinfo_fruitfly/fisbe/biapy-channel-rot/val/label
2026-08-06 14:21:07,357 - INFO     - save_and_log_data        : Saving raw to file: R22C03-20180918_66_J2_c012_r0_k3 , Dir: /scratch/wmz2007/neuroinfo_fruitfly/fisbe/biapy-channel-rot/val/raw
2026-08-06 14:21:07,359 - INFO     - save_and_log_data        : Saving label to file: R22C03-20180918_66_J2_c012_r0_k3, Dir: /scratch/wmz2007/neuroinfo_fruitfly/fisbe/biapy-channel-rot/val/label
2026-08-06 14:21:07,769 - INFO     - save_and_log_data        : Saving raw to file: R22C03-20180918_66_J2_c012_r0_k1 , Dir: /scratch/wmz2007/neuroinfo_fruitfly/fisbe/biapy-channel-rot/val/raw
2026-08-06 14:21:07,769 - INFO     - save_and_log_data        : Saving label to file: R22C03-20180918_66_J2_c012_r0_k1, Dir: /scratch/wmz2007/neuroinfo_fruitfly/fisbe/biapy-channel-rot/val/label
2026-08-06 14:21:09,112 - INFO     - save_and_log_data        : Saving raw to file: R22C03-20180918_66_J2_c012_r0_k0 , Dir: /scratch/wmz2007/neuroinfo_fruitfly/fisbe/biapy-channel-rot/val/raw
2026-08-06 14:21:09,113 - INFO     - process_samples          : /// Processing Sample [2 / 5]: VT012403-20171128_61_B2.zarr ///
2026-08-06 14:21:09,113 - INFO     - save_and_log_data        : Saving label to file: R22C03-20180918_66_J2_c012_r0_k0, Dir: /scratch/wmz2007/neuroinfo_fruitfly/fisbe/biapy-channel-rot/val/label
2026-08-06 14:21:14,998 - INFO     - process_samples          : Number of augmentation jobs: 27
2026-08-06 14:21:15,292 - INFO     - save_and_log_data        : Saving raw to file: VT012403-20171128_61_B2_c012_r0_k2 , Dir: /scratch/wmz2007/neuroinfo_fruitfly/fisbe/biapy-channel-rot/val/raw
2026-08-06 14:21:15,292 - INFO     - save_and_log_data        : Saving label to file: VT012403-20171128_61_B2_c012_r0_k2, Dir: /scratch/wmz2007/neuroinfo_fruitfly/fisbe/biapy-channel-rot/val/label
2026-08-06 14:21:15,587 - INFO     - save_and_log_data        : Saving raw to file: VT012403-20171128_61_B2_c012_r0_k0 , Dir: /scratch/wmz2007/neuroinfo_fruitfly/fisbe/biapy-channel-rot/val/raw
2026-08-06 14:21:15,587 - INFO     - save_and_log_data        : Saving label to file: VT012403-20171128_61_B2_c012_r0_k0, Dir: /scratch/wmz2007/neuroinfo_fruitfly/fisbe/biapy-channel-rot/val/label
2026-08-06 14:21:15,909 - INFO     - save_and_log_data        : Saving raw to file: VT012403-20171128_61_B2_c012_r0_k1 , Dir: /scratch/wmz2007/neuroinfo_fruitfly/fisbe/biapy-channel-rot/val/raw
2026-08-06 14:21:15,909 - INFO     - save_and_log_data        : Saving label to file: VT012403-20171128_61_B2_c012_r0_k1, Dir: /scratch/wmz2007/neuroinfo_fruitfly/fisbe/biapy-channel-rot/val/label
2026-08-06 14:21:16,947 - INFO     - save_and_log_data        : Saving raw to file: VT012403-20171128_61_B2_c012_r2_k2 , Dir: /scratch/wmz2007/neuroinfo_fruitfly/fisbe/biapy-channel-rot/val/raw
2026-08-06 14:21:16,947 - INFO     - save_and_log_data        : Saving label to file: VT012403-20171128_61_B2_c012_r2_k2, Dir: /scratch/wmz2007/neuroinfo_fruitfly/fisbe/biapy-channel-rot/val/label
2026-08-06 14:21:17,351 - INFO     - save_and_log_data        : Saving raw to file: VT012403-20171128_61_B2_c012_r2_k0 , Dir: /scratch/wmz2007/neuroinfo_fruitfly/fisbe/biapy-channel-rot/val/raw
2026-08-06 14:21:17,353 - INFO     - save_and_log_data        : Saving label to file: VT012403-20171128_61_B2_c012_r2_k0, Dir: /scratch/wmz2007/neuroinfo_fruitfly/fisbe/biapy-channel-rot/val/label
2026-08-06 14:21:17,845 - INFO     - save_and_log_data        : Saving raw to file: VT012403-20171128_61_B2_c012_r2_k1 , Dir: /scratch/wmz2007/neuroinfo_fruitfly/fisbe/biapy-channel-rot/val/raw
2026-08-06 14:21:17,847 - INFO     - save_and_log_data        : Saving label to file: VT012403-20171128_61_B2_c012_r2_k1, Dir: /scratch/wmz2007/neuroinfo_fruitfly/fisbe/biapy-channel-rot/val/label
2026-08-06 14:21:19,232 - INFO     - save_and_log_data        : Saving raw to file: VT012403-20171128_61_B2_c012_r1_k2 , Dir: /scratch/wmz2007/neuroinfo_fruitfly/fisbe/biapy-channel-rot/val/raw
2026-08-06 14:21:19,232 - INFO     - save_and_log_data        : Saving label to file: VT012403-20171128_61_B2_c012_r1_k2, Dir: /scratch/wmz2007/neuroinfo_fruitfly/fisbe/biapy-channel-rot/val/label
2026-08-06 14:21:19,727 - INFO     - save_and_log_data        : Saving raw to file: VT012403-20171128_61_B2_c012_r1_k0 , Dir: /scratch/wmz2007/neuroinfo_fruitfly/fisbe/biapy-channel-rot/val/raw
2026-08-06 14:21:19,729 - INFO     - save_and_log_data        : Saving label to file: VT012403-20171128_61_B2_c012_r1_k0, Dir: /scratch/wmz2007/neuroinfo_fruitfly/fisbe/biapy-channel-rot/val/label
2026-08-06 14:21:20,017 - INFO     - save_and_log_data        : Saving raw to file: VT012403-20171128_61_B2_c012_r1_k1 , Dir: /scratch/wmz2007/neuroinfo_fruitfly/fisbe/biapy-channel-rot/val/raw
2026-08-06 14:21:20,017 - INFO     - save_and_log_data        : Saving label to file: VT012403-20171128_61_B2_c012_r1_k1, Dir: /scratch/wmz2007/neuroinfo_fruitfly/fisbe/biapy-channel-rot/val/label
2026-08-06 14:21:21,361 - INFO     - save_and_log_data        : Saving raw to file: VT012403-20171128_61_B2_c102_r0_k2 , Dir: /scratch/wmz2007/neuroinfo_fruitfly/fisbe/biapy-channel-rot/val/raw
2026-08-06 14:21:21,368 - INFO     - save_and_log_data        : Saving label to file: VT012403-20171128_61_B2_c102_r0_k2, Dir: /scratch/wmz2007/neuroinfo_fruitfly/fisbe/biapy-channel-rot/val/label
2026-08-06 14:21:21,712 - INFO     - save_and_log_data        : Saving raw to file: VT012403-20171128_61_B2_c102_r0_k0 , Dir: /scratch/wmz2007/neuroinfo_fruitfly/fisbe/biapy-channel-rot/val/raw
2026-08-06 14:21:21,712 - INFO     - save_and_log_data        : Saving label to file: VT012403-20171128_61_B2_c102_r0_k0, Dir: /scratch/wmz2007/neuroinfo_fruitfly/fisbe/biapy-channel-rot/val/label
2026-08-06 14:21:22,317 - INFO     - save_and_log_data        : Saving raw to file: VT012403-20171128_61_B2_c102_r0_k1 , Dir: /scratch/wmz2007/neuroinfo_fruitfly/fisbe/biapy-channel-rot/val/raw
2026-08-06 14:21:22,317 - INFO     - save_and_log_data        : Saving label to file: VT012403-20171128_61_B2_c102_r0_k1, Dir: /scratch/wmz2007/neuroinfo_fruitfly/fisbe/biapy-channel-rot/val/label
2026-08-06 14:21:22,850 - INFO     - save_and_log_data        : Saving raw to file: VT012403-20171128_61_B2_c102_r2_k2 , Dir: /scratch/wmz2007/neuroinfo_fruitfly/fisbe/biapy-channel-rot/val/raw
2026-08-06 14:21:22,850 - INFO     - save_and_log_data        : Saving label to file: VT012403-20171128_61_B2_c102_r2_k2, Dir: /scratch/wmz2007/neuroinfo_fruitfly/fisbe/biapy-channel-rot/val/label
2026-08-06 14:21:23,755 - INFO     - save_and_log_data        : Saving raw to file: VT012403-20171128_61_B2_c102_r2_k0 , Dir: /scratch/wmz2007/neuroinfo_fruitfly/fisbe/biapy-channel-rot/val/raw
2026-08-06 14:21:23,755 - INFO     - save_and_log_data        : Saving label to file: VT012403-20171128_61_B2_c102_r2_k0, Dir: /scratch/wmz2007/neuroinfo_fruitfly/fisbe/biapy-channel-rot/val/label
2026-08-06 14:21:24,359 - INFO     - save_and_log_data        : Saving raw to file: VT012403-20171128_61_B2_c102_r2_k1 , Dir: /scratch/wmz2007/neuroinfo_fruitfly/fisbe/biapy-channel-rot/val/raw
2026-08-06 14:21:24,360 - INFO     - save_and_log_data        : Saving label to file: VT012403-20171128_61_B2_c102_r2_k1, Dir: /scratch/wmz2007/neuroinfo_fruitfly/fisbe/biapy-channel-rot/val/label
2026-08-06 14:21:25,961 - INFO     - save_and_log_data        : Saving raw to file: VT012403-20171128_61_B2_c102_r1_k2 , Dir: /scratch/wmz2007/neuroinfo_fruitfly/fisbe/biapy-channel-rot/val/raw
2026-08-06 14:21:25,962 - INFO     - save_and_log_data        : Saving label to file: VT012403-20171128_61_B2_c102_r1_k2, Dir: /scratch/wmz2007/neuroinfo_fruitfly/fisbe/biapy-channel-rot/val/label
2026-08-06 14:21:26,367 - INFO     - save_and_log_data        : Saving raw to file: VT012403-20171128_61_B2_c102_r1_k0 , Dir: /scratch/wmz2007/neuroinfo_fruitfly/fisbe/biapy-channel-rot/val/raw
2026-08-06 14:21:26,367 - INFO     - save_and_log_data        : Saving label to file: VT012403-20171128_61_B2_c102_r1_k0, Dir: /scratch/wmz2007/neuroinfo_fruitfly/fisbe/biapy-channel-rot/val/label
2026-08-06 14:21:27,215 - INFO     - save_and_log_data        : Saving raw to file: VT012403-20171128_61_B2_c102_r1_k1 , Dir: /scratch/wmz2007/neuroinfo_fruitfly/fisbe/biapy-channel-rot/val/raw
2026-08-06 14:21:27,215 - INFO     - save_and_log_data        : Saving label to file: VT012403-20171128_61_B2_c102_r1_k1, Dir: /scratch/wmz2007/neuroinfo_fruitfly/fisbe/biapy-channel-rot/val/label
2026-08-06 14:21:27,624 - INFO     - save_and_log_data        : Saving raw to file: VT012403-20171128_61_B2_c120_r0_k2 , Dir: /scratch/wmz2007/neuroinfo_fruitfly/fisbe/biapy-channel-rot/val/raw
2026-08-06 14:21:27,624 - INFO     - save_and_log_data        : Saving label to file: VT012403-20171128_61_B2_c120_r0_k2, Dir: /scratch/wmz2007/neuroinfo_fruitfly/fisbe/biapy-channel-rot/val/label
2026-08-06 14:21:28,555 - INFO     - save_and_log_data        : Saving raw to file: VT012403-20171128_61_B2_c120_r0_k0 , Dir: /scratch/wmz2007/neuroinfo_fruitfly/fisbe/biapy-channel-rot/val/raw
2026-08-06 14:21:28,555 - INFO     - save_and_log_data        : Saving label to file: VT012403-20171128_61_B2_c120_r0_k0, Dir: /scratch/wmz2007/neuroinfo_fruitfly/fisbe/biapy-channel-rot/val/label
2026-08-06 14:21:28,957 - INFO     - save_and_log_data        : Saving raw to file: VT012403-20171128_61_B2_c120_r0_k1 , Dir: /scratch/wmz2007/neuroinfo_fruitfly/fisbe/biapy-channel-rot/val/raw
2026-08-06 14:21:28,957 - INFO     - save_and_log_data        : Saving label to file: VT012403-20171128_61_B2_c120_r0_k1, Dir: /scratch/wmz2007/neuroinfo_fruitfly/fisbe/biapy-channel-rot/val/label
2026-08-06 14:21:29,463 - INFO     - save_and_log_data        : Saving raw to file: VT012403-20171128_61_B2_c120_r2_k2 , Dir: /scratch/wmz2007/neuroinfo_fruitfly/fisbe/biapy-channel-rot/val/raw
2026-08-06 14:21:29,463 - INFO     - save_and_log_data        : Saving label to file: VT012403-20171128_61_B2_c120_r2_k2, Dir: /scratch/wmz2007/neuroinfo_fruitfly/fisbe/biapy-channel-rot/val/label
2026-08-06 14:21:30,564 - INFO     - save_and_log_data        : Saving raw to file: VT012403-20171128_61_B2_c120_r2_k0 , Dir: /scratch/wmz2007/neuroinfo_fruitfly/fisbe/biapy-channel-rot/val/raw
2026-08-06 14:21:30,564 - INFO     - save_and_log_data        : Saving label to file: VT012403-20171128_61_B2_c120_r2_k0, Dir: /scratch/wmz2007/neuroinfo_fruitfly/fisbe/biapy-channel-rot/val/label
2026-08-06 14:21:31,516 - INFO     - save_and_log_data        : Saving raw to file: VT012403-20171128_61_B2_c120_r2_k1 , Dir: /scratch/wmz2007/neuroinfo_fruitfly/fisbe/biapy-channel-rot/val/raw
2026-08-06 14:21:31,889 - INFO     - save_and_log_data        : Saving label to file: VT012403-20171128_61_B2_c120_r2_k1, Dir: /scratch/wmz2007/neuroinfo_fruitfly/fisbe/biapy-channel-rot/val/label
2026-08-06 14:21:32,090 - INFO     - save_and_log_data        : Saving raw to file: VT012403-20171128_61_B2_c120_r1_k2 , Dir: /scratch/wmz2007/neuroinfo_fruitfly/fisbe/biapy-channel-rot/val/raw
2026-08-06 14:21:32,090 - INFO     - save_and_log_data        : Saving label to file: VT012403-20171128_61_B2_c120_r1_k2, Dir: /scratch/wmz2007/neuroinfo_fruitfly/fisbe/biapy-channel-rot/val/label
2026-08-06 14:21:33,494 - INFO     - save_and_log_data        : Saving raw to file: VT012403-20171128_61_B2_c120_r1_k0 , Dir: /scratch/wmz2007/neuroinfo_fruitfly/fisbe/biapy-channel-rot/val/raw
2026-08-06 14:21:33,494 - INFO     - save_and_log_data        : Saving label to file: VT012403-20171128_61_B2_c120_r1_k0, Dir: /scratch/wmz2007/neuroinfo_fruitfly/fisbe/biapy-channel-rot/val/label
2026-08-06 14:21:33,867 - INFO     - save_and_log_data        : Saving raw to file: VT012403-20171128_61_B2_c120_r1_k1 , Dir: /scratch/wmz2007/neuroinfo_fruitfly/fisbe/biapy-channel-rot/val/raw
2026-08-06 14:21:33,867 - INFO     - save_and_log_data        : Saving label to file: VT012403-20171128_61_B2_c120_r1_k1, Dir: /scratch/wmz2007/neuroinfo_fruitfly/fisbe/biapy-channel-rot/val/label
2026-08-06 14:21:33,867 - INFO     - process_samples          : /// Processing Sample [3 / 5]: VT033614-20171124_64_H1.zarr ///
2026-08-06 14:21:40,186 - INFO     - process_samples          : Number of augmentation jobs: 27
2026-08-06 14:21:40,545 - INFO     - save_and_log_data        : Saving raw to file: VT033614-20171124_64_H1_c021_r2_k1 , Dir: /scratch/wmz2007/neuroinfo_fruitfly/fisbe/biapy-channel-rot/val/raw
2026-08-06 14:21:40,545 - INFO     - save_and_log_data        : Saving label to file: VT033614-20171124_64_H1_c021_r2_k1, Dir: /scratch/wmz2007/neuroinfo_fruitfly/fisbe/biapy-channel-rot/val/label
2026-08-06 14:21:40,906 - INFO     - save_and_log_data        : Saving raw to file: VT033614-20171124_64_H1_c021_r2_k0 , Dir: /scratch/wmz2007/neuroinfo_fruitfly/fisbe/biapy-channel-rot/val/raw
2026-08-06 14:21:40,906 - INFO     - save_and_log_data        : Saving label to file: VT033614-20171124_64_H1_c021_r2_k0, Dir: /scratch/wmz2007/neuroinfo_fruitfly/fisbe/biapy-channel-rot/val/label
2026-08-06 14:21:41,281 - INFO     - save_and_log_data        : Saving raw to file: VT033614-20171124_64_H1_c021_r2_k2 , Dir: /scratch/wmz2007/neuroinfo_fruitfly/fisbe/biapy-channel-rot/val/raw
2026-08-06 14:21:41,281 - INFO     - save_and_log_data        : Saving label to file: VT033614-20171124_64_H1_c021_r2_k2, Dir: /scratch/wmz2007/neuroinfo_fruitfly/fisbe/biapy-channel-rot/val/label
2026-08-06 14:21:42,878 - INFO     - save_and_log_data        : Saving raw to file: VT033614-20171124_64_H1_c021_r0_k1 , Dir: /scratch/wmz2007/neuroinfo_fruitfly/fisbe/biapy-channel-rot/val/raw
2026-08-06 14:21:42,878 - INFO     - save_and_log_data        : Saving label to file: VT033614-20171124_64_H1_c021_r0_k1, Dir: /scratch/wmz2007/neuroinfo_fruitfly/fisbe/biapy-channel-rot/val/label
2026-08-06 14:21:43,301 - INFO     - save_and_log_data        : Saving raw to file: VT033614-20171124_64_H1_c021_r0_k0 , Dir: /scratch/wmz2007/neuroinfo_fruitfly/fisbe/biapy-channel-rot/val/raw
2026-08-06 14:21:43,301 - INFO     - save_and_log_data        : Saving label to file: VT033614-20171124_64_H1_c021_r0_k0, Dir: /scratch/wmz2007/neuroinfo_fruitfly/fisbe/biapy-channel-rot/val/label
2026-08-06 14:21:44,429 - INFO     - save_and_log_data        : Saving raw to file: VT033614-20171124_64_H1_c021_r0_k2 , Dir: /scratch/wmz2007/neuroinfo_fruitfly/fisbe/biapy-channel-rot/val/raw
2026-08-06 14:21:44,429 - INFO     - save_and_log_data        : Saving label to file: VT033614-20171124_64_H1_c021_r0_k2, Dir: /scratch/wmz2007/neuroinfo_fruitfly/fisbe/biapy-channel-rot/val/label
2026-08-06 14:21:45,430 - INFO     - save_and_log_data        : Saving raw to file: VT033614-20171124_64_H1_c021_r1_k1 , Dir: /scratch/wmz2007/neuroinfo_fruitfly/fisbe/biapy-channel-rot/val/raw
2026-08-06 14:21:45,432 - INFO     - save_and_log_data        : Saving label to file: VT033614-20171124_64_H1_c021_r1_k1, Dir: /scratch/wmz2007/neuroinfo_fruitfly/fisbe/biapy-channel-rot/val/label
2026-08-06 14:21:45,818 - INFO     - save_and_log_data        : Saving raw to file: VT033614-20171124_64_H1_c021_r1_k0 , Dir: /scratch/wmz2007/neuroinfo_fruitfly/fisbe/biapy-channel-rot/val/raw
2026-08-06 14:21:45,818 - INFO     - save_and_log_data        : Saving label to file: VT033614-20171124_64_H1_c021_r1_k0, Dir: /scratch/wmz2007/neuroinfo_fruitfly/fisbe/biapy-channel-rot/val/label
2026-08-06 14:21:46,565 - INFO     - save_and_log_data        : Saving raw to file: VT033614-20171124_64_H1_c021_r1_k2 , Dir: /scratch/wmz2007/neuroinfo_fruitfly/fisbe/biapy-channel-rot/val/raw
2026-08-06 14:21:46,565 - INFO     - save_and_log_data        : Saving label to file: VT033614-20171124_64_H1_c021_r1_k2, Dir: /scratch/wmz2007/neuroinfo_fruitfly/fisbe/biapy-channel-rot/val/label
2026-08-06 14:21:47,783 - INFO     - save_and_log_data        : Saving raw to file: VT033614-20171124_64_H1_c012_r2_k1 , Dir: /scratch/wmz2007/neuroinfo_fruitfly/fisbe/biapy-channel-rot/val/raw
2026-08-06 14:21:47,783 - INFO     - save_and_log_data        : Saving label to file: VT033614-20171124_64_H1_c012_r2_k1, Dir: /scratch/wmz2007/neuroinfo_fruitfly/fisbe/biapy-channel-rot/val/label
2026-08-06 14:21:48,180 - INFO     - save_and_log_data        : Saving raw to file: VT033614-20171124_64_H1_c012_r2_k0 , Dir: /scratch/wmz2007/neuroinfo_fruitfly/fisbe/biapy-channel-rot/val/raw
2026-08-06 14:21:48,180 - INFO     - save_and_log_data        : Saving label to file: VT033614-20171124_64_H1_c012_r2_k0, Dir: /scratch/wmz2007/neuroinfo_fruitfly/fisbe/biapy-channel-rot/val/label
2026-08-06 14:21:49,211 - INFO     - save_and_log_data        : Saving raw to file: VT033614-20171124_64_H1_c012_r2_k2 , Dir: /scratch/wmz2007/neuroinfo_fruitfly/fisbe/biapy-channel-rot/val/raw
2026-08-06 14:21:49,217 - INFO     - save_and_log_data        : Saving label to file: VT033614-20171124_64_H1_c012_r2_k2, Dir: /scratch/wmz2007/neuroinfo_fruitfly/fisbe/biapy-channel-rot/val/label
2026-08-06 14:21:50,688 - INFO     - save_and_log_data        : Saving raw to file: VT033614-20171124_64_H1_c012_r0_k1 , Dir: /scratch/wmz2007/neuroinfo_fruitfly/fisbe/biapy-channel-rot/val/raw
2026-08-06 14:21:50,845 - INFO     - save_and_log_data        : Saving label to file: VT033614-20171124_64_H1_c012_r0_k1, Dir: /scratch/wmz2007/neuroinfo_fruitfly/fisbe/biapy-channel-rot/val/label
2026-08-06 14:21:51,060 - INFO     - save_and_log_data        : Saving raw to file: VT033614-20171124_64_H1_c012_r0_k0 , Dir: /scratch/wmz2007/neuroinfo_fruitfly/fisbe/biapy-channel-rot/val/raw
2026-08-06 14:21:51,061 - INFO     - save_and_log_data        : Saving label to file: VT033614-20171124_64_H1_c012_r0_k0, Dir: /scratch/wmz2007/neuroinfo_fruitfly/fisbe/biapy-channel-rot/val/label
2026-08-06 14:21:52,633 - INFO     - save_and_log_data        : Saving raw to file: VT033614-20171124_64_H1_c012_r0_k2 , Dir: /scratch/wmz2007/neuroinfo_fruitfly/fisbe/biapy-channel-rot/val/raw
2026-08-06 14:21:52,652 - INFO     - save_and_log_data        : Saving label to file: VT033614-20171124_64_H1_c012_r0_k2, Dir: /scratch/wmz2007/neuroinfo_fruitfly/fisbe/biapy-channel-rot/val/label
2026-08-06 14:21:52,917 - INFO     - save_and_log_data        : Saving raw to file: VT033614-20171124_64_H1_c012_r1_k1 , Dir: /scratch/wmz2007/neuroinfo_fruitfly/fisbe/biapy-channel-rot/val/raw
2026-08-06 14:21:52,917 - INFO     - save_and_log_data        : Saving label to file: VT033614-20171124_64_H1_c012_r1_k1, Dir: /scratch/wmz2007/neuroinfo_fruitfly/fisbe/biapy-channel-rot/val/label
2026-08-06 14:21:54,345 - INFO     - save_and_log_data        : Saving raw to file: VT033614-20171124_64_H1_c012_r1_k0 , Dir: /scratch/wmz2007/neuroinfo_fruitfly/fisbe/biapy-channel-rot/val/raw
2026-08-06 14:21:54,352 - INFO     - save_and_log_data        : Saving label to file: VT033614-20171124_64_H1_c012_r1_k0, Dir: /scratch/wmz2007/neuroinfo_fruitfly/fisbe/biapy-channel-rot/val/label
2026-08-06 14:21:54,943 - INFO     - save_and_log_data        : Saving raw to file: VT033614-20171124_64_H1_c012_r1_k2 , Dir: /scratch/wmz2007/neuroinfo_fruitfly/fisbe/biapy-channel-rot/val/raw
2026-08-06 14:21:54,943 - INFO     - save_and_log_data        : Saving label to file: VT033614-20171124_64_H1_c012_r1_k2, Dir: /scratch/wmz2007/neuroinfo_fruitfly/fisbe/biapy-channel-rot/val/label
2026-08-06 14:21:55,398 - INFO     - save_and_log_data        : Saving raw to file: VT033614-20171124_64_H1_c120_r2_k1 , Dir: /scratch/wmz2007/neuroinfo_fruitfly/fisbe/biapy-channel-rot/val/raw
2026-08-06 14:21:55,404 - INFO     - save_and_log_data        : Saving label to file: VT033614-20171124_64_H1_c120_r2_k1, Dir: /scratch/wmz2007/neuroinfo_fruitfly/fisbe/biapy-channel-rot/val/label
2026-08-06 14:21:55,981 - INFO     - save_and_log_data        : Saving raw to file: VT033614-20171124_64_H1_c120_r2_k0 , Dir: /scratch/wmz2007/neuroinfo_fruitfly/fisbe/biapy-channel-rot/val/raw
2026-08-06 14:21:55,981 - INFO     - save_and_log_data        : Saving label to file: VT033614-20171124_64_H1_c120_r2_k0, Dir: /scratch/wmz2007/neuroinfo_fruitfly/fisbe/biapy-channel-rot/val/label
2026-08-06 14:21:56,617 - INFO     - save_and_log_data        : Saving raw to file: VT033614-20171124_64_H1_c120_r2_k2 , Dir: /scratch/wmz2007/neuroinfo_fruitfly/fisbe/biapy-channel-rot/val/raw
2026-08-06 14:21:56,617 - INFO     - save_and_log_data        : Saving label to file: VT033614-20171124_64_H1_c120_r2_k2, Dir: /scratch/wmz2007/neuroinfo_fruitfly/fisbe/biapy-channel-rot/val/label
2026-08-06 14:21:57,218 - INFO     - save_and_log_data        : Saving raw to file: VT033614-20171124_64_H1_c120_r0_k1 , Dir: /scratch/wmz2007/neuroinfo_fruitfly/fisbe/biapy-channel-rot/val/raw
2026-08-06 14:21:57,218 - INFO     - save_and_log_data        : Saving label to file: VT033614-20171124_64_H1_c120_r0_k1, Dir: /scratch/wmz2007/neuroinfo_fruitfly/fisbe/biapy-channel-rot/val/label
2026-08-06 14:21:58,771 - INFO     - save_and_log_data        : Saving raw to file: VT033614-20171124_64_H1_c120_r0_k0 , Dir: /scratch/wmz2007/neuroinfo_fruitfly/fisbe/biapy-channel-rot/val/raw
2026-08-06 14:21:58,771 - INFO     - save_and_log_data        : Saving label to file: VT033614-20171124_64_H1_c120_r0_k0, Dir: /scratch/wmz2007/neuroinfo_fruitfly/fisbe/biapy-channel-rot/val/label
2026-08-06 14:21:59,188 - INFO     - save_and_log_data        : Saving raw to file: VT033614-20171124_64_H1_c120_r0_k2 , Dir: /scratch/wmz2007/neuroinfo_fruitfly/fisbe/biapy-channel-rot/val/raw
2026-08-06 14:21:59,188 - INFO     - save_and_log_data        : Saving label to file: VT033614-20171124_64_H1_c120_r0_k2, Dir: /scratch/wmz2007/neuroinfo_fruitfly/fisbe/biapy-channel-rot/val/label
2026-08-06 14:22:00,424 - INFO     - save_and_log_data        : Saving raw to file: VT033614-20171124_64_H1_c120_r1_k1 , Dir: /scratch/wmz2007/neuroinfo_fruitfly/fisbe/biapy-channel-rot/val/raw
2026-08-06 14:22:01,291 - INFO     - save_and_log_data        : Saving raw to file: VT033614-20171124_64_H1_c120_r1_k0 , Dir: /scratch/wmz2007/neuroinfo_fruitfly/fisbe/biapy-channel-rot/val/raw
2026-08-06 14:22:01,310 - INFO     - save_and_log_data        : Saving label to file: VT033614-20171124_64_H1_c120_r1_k1, Dir: /scratch/wmz2007/neuroinfo_fruitfly/fisbe/biapy-channel-rot/val/label
2026-08-06 14:22:01,310 - INFO     - save_and_log_data        : Saving label to file: VT033614-20171124_64_H1_c120_r1_k0, Dir: /scratch/wmz2007/neuroinfo_fruitfly/fisbe/biapy-channel-rot/val/label
2026-08-06 14:22:01,719 - INFO     - save_and_log_data        : Saving raw to file: VT033614-20171124_64_H1_c120_r1_k2 , Dir: /scratch/wmz2007/neuroinfo_fruitfly/fisbe/biapy-channel-rot/val/raw
2026-08-06 14:22:01,719 - INFO     - save_and_log_data        : Saving label to file: VT033614-20171124_64_H1_c120_r1_k2, Dir: /scratch/wmz2007/neuroinfo_fruitfly/fisbe/biapy-channel-rot/val/label
2026-08-06 14:22:01,720 - INFO     - process_samples          : /// Processing Sample [4 / 5]: VT033614-20171124_64_H5.zarr ///
2026-08-06 14:22:08,072 - INFO     - process_samples          : Number of augmentation jobs: 27
2026-08-06 14:22:08,454 - INFO     - save_and_log_data        : Saving raw to file: VT033614-20171124_64_H5_c201_r2_k3 , Dir: /scratch/wmz2007/neuroinfo_fruitfly/fisbe/biapy-channel-rot/val/raw
2026-08-06 14:22:08,455 - INFO     - save_and_log_data        : Saving label to file: VT033614-20171124_64_H5_c201_r2_k3, Dir: /scratch/wmz2007/neuroinfo_fruitfly/fisbe/biapy-channel-rot/val/label
2026-08-06 14:22:08,837 - INFO     - save_and_log_data        : Saving raw to file: VT033614-20171124_64_H5_c201_r2_k1 , Dir: /scratch/wmz2007/neuroinfo_fruitfly/fisbe/biapy-channel-rot/val/raw
2026-08-06 14:22:08,837 - INFO     - save_and_log_data        : Saving label to file: VT033614-20171124_64_H5_c201_r2_k1, Dir: /scratch/wmz2007/neuroinfo_fruitfly/fisbe/biapy-channel-rot/val/label
2026-08-06 14:22:09,310 - INFO     - save_and_log_data        : Saving raw to file: VT033614-20171124_64_H5_c201_r2_k0 , Dir: /scratch/wmz2007/neuroinfo_fruitfly/fisbe/biapy-channel-rot/val/raw
2026-08-06 14:22:09,310 - INFO     - save_and_log_data        : Saving label to file: VT033614-20171124_64_H5_c201_r2_k0, Dir: /scratch/wmz2007/neuroinfo_fruitfly/fisbe/biapy-channel-rot/val/label
2026-08-06 14:22:10,198 - INFO     - save_and_log_data        : Saving raw to file: VT033614-20171124_64_H5_c201_r1_k3 , Dir: /scratch/wmz2007/neuroinfo_fruitfly/fisbe/biapy-channel-rot/val/raw
2026-08-06 14:22:10,198 - INFO     - save_and_log_data        : Saving label to file: VT033614-20171124_64_H5_c201_r1_k3, Dir: /scratch/wmz2007/neuroinfo_fruitfly/fisbe/biapy-channel-rot/val/label
2026-08-06 14:22:11,293 - INFO     - save_and_log_data        : Saving raw to file: VT033614-20171124_64_H5_c201_r1_k1 , Dir: /scratch/wmz2007/neuroinfo_fruitfly/fisbe/biapy-channel-rot/val/raw
2026-08-06 14:22:11,294 - INFO     - save_and_log_data        : Saving label to file: VT033614-20171124_64_H5_c201_r1_k1, Dir: /scratch/wmz2007/neuroinfo_fruitfly/fisbe/biapy-channel-rot/val/label
2026-08-06 14:22:11,777 - INFO     - save_and_log_data        : Saving raw to file: VT033614-20171124_64_H5_c201_r1_k0 , Dir: /scratch/wmz2007/neuroinfo_fruitfly/fisbe/biapy-channel-rot/val/raw
2026-08-06 14:22:11,777 - INFO     - save_and_log_data        : Saving label to file: VT033614-20171124_64_H5_c201_r1_k0, Dir: /scratch/wmz2007/neuroinfo_fruitfly/fisbe/biapy-channel-rot/val/label
2026-08-06 14:22:12,643 - INFO     - save_and_log_data        : Saving raw to file: VT033614-20171124_64_H5_c201_r0_k3 , Dir: /scratch/wmz2007/neuroinfo_fruitfly/fisbe/biapy-channel-rot/val/raw
2026-08-06 14:22:12,648 - INFO     - save_and_log_data        : Saving label to file: VT033614-20171124_64_H5_c201_r0_k3, Dir: /scratch/wmz2007/neuroinfo_fruitfly/fisbe/biapy-channel-rot/val/label
2026-08-06 14:22:12,968 - INFO     - save_and_log_data        : Saving raw to file: VT033614-20171124_64_H5_c201_r0_k1 , Dir: /scratch/wmz2007/neuroinfo_fruitfly/fisbe/biapy-channel-rot/val/raw
2026-08-06 14:22:12,968 - INFO     - save_and_log_data        : Saving label to file: VT033614-20171124_64_H5_c201_r0_k1, Dir: /scratch/wmz2007/neuroinfo_fruitfly/fisbe/biapy-channel-rot/val/label
2026-08-06 14:22:13,829 - INFO     - save_and_log_data        : Saving raw to file: VT033614-20171124_64_H5_c201_r0_k0 , Dir: /scratch/wmz2007/neuroinfo_fruitfly/fisbe/biapy-channel-rot/val/raw
2026-08-06 14:22:13,829 - INFO     - save_and_log_data        : Saving label to file: VT033614-20171124_64_H5_c201_r0_k0, Dir: /scratch/wmz2007/neuroinfo_fruitfly/fisbe/biapy-channel-rot/val/label
2026-08-06 14:22:15,314 - INFO     - save_and_log_data        : Saving raw to file: VT033614-20171124_64_H5_c120_r2_k3 , Dir: /scratch/wmz2007/neuroinfo_fruitfly/fisbe/biapy-channel-rot/val/raw
2026-08-06 14:22:15,316 - INFO     - save_and_log_data        : Saving label to file: VT033614-20171124_64_H5_c120_r2_k3, Dir: /scratch/wmz2007/neuroinfo_fruitfly/fisbe/biapy-channel-rot/val/label
2026-08-06 14:22:16,900 - INFO     - save_and_log_data        : Saving raw to file: VT033614-20171124_64_H5_c120_r2_k1 , Dir: /scratch/wmz2007/neuroinfo_fruitfly/fisbe/biapy-channel-rot/val/raw
2026-08-06 14:22:16,903 - INFO     - save_and_log_data        : Saving label to file: VT033614-20171124_64_H5_c120_r2_k1, Dir: /scratch/wmz2007/neuroinfo_fruitfly/fisbe/biapy-channel-rot/val/label
2026-08-06 14:22:17,260 - INFO     - save_and_log_data        : Saving raw to file: VT033614-20171124_64_H5_c120_r2_k0 , Dir: /scratch/wmz2007/neuroinfo_fruitfly/fisbe/biapy-channel-rot/val/raw
2026-08-06 14:22:17,260 - INFO     - save_and_log_data        : Saving label to file: VT033614-20171124_64_H5_c120_r2_k0, Dir: /scratch/wmz2007/neuroinfo_fruitfly/fisbe/biapy-channel-rot/val/label
2026-08-06 14:22:18,384 - INFO     - save_and_log_data        : Saving raw to file: VT033614-20171124_64_H5_c120_r1_k3 , Dir: /scratch/wmz2007/neuroinfo_fruitfly/fisbe/biapy-channel-rot/val/raw
2026-08-06 14:22:18,384 - INFO     - save_and_log_data        : Saving label to file: VT033614-20171124_64_H5_c120_r1_k3, Dir: /scratch/wmz2007/neuroinfo_fruitfly/fisbe/biapy-channel-rot/val/label
2026-08-06 14:22:18,773 - INFO     - save_and_log_data        : Saving raw to file: VT033614-20171124_64_H5_c120_r1_k1 , Dir: /scratch/wmz2007/neuroinfo_fruitfly/fisbe/biapy-channel-rot/val/raw
2026-08-06 14:22:18,773 - INFO     - save_and_log_data        : Saving label to file: VT033614-20171124_64_H5_c120_r1_k1, Dir: /scratch/wmz2007/neuroinfo_fruitfly/fisbe/biapy-channel-rot/val/label
2026-08-06 14:22:20,008 - INFO     - save_and_log_data        : Saving raw to file: VT033614-20171124_64_H5_c120_r1_k0 , Dir: /scratch/wmz2007/neuroinfo_fruitfly/fisbe/biapy-channel-rot/val/raw
2026-08-06 14:22:20,009 - INFO     - save_and_log_data        : Saving label to file: VT033614-20171124_64_H5_c120_r1_k0, Dir: /scratch/wmz2007/neuroinfo_fruitfly/fisbe/biapy-channel-rot/val/label
2026-08-06 14:22:20,487 - INFO     - save_and_log_data        : Saving raw to file: VT033614-20171124_64_H5_c120_r0_k3 , Dir: /scratch/wmz2007/neuroinfo_fruitfly/fisbe/biapy-channel-rot/val/raw
2026-08-06 14:22:20,487 - INFO     - save_and_log_data        : Saving label to file: VT033614-20171124_64_H5_c120_r0_k3, Dir: /scratch/wmz2007/neuroinfo_fruitfly/fisbe/biapy-channel-rot/val/label
2026-08-06 14:22:20,858 - INFO     - save_and_log_data        : Saving raw to file: VT033614-20171124_64_H5_c120_r0_k1 , Dir: /scratch/wmz2007/neuroinfo_fruitfly/fisbe/biapy-channel-rot/val/raw
2026-08-06 14:22:20,858 - INFO     - save_and_log_data        : Saving label to file: VT033614-20171124_64_H5_c120_r0_k1, Dir: /scratch/wmz2007/neuroinfo_fruitfly/fisbe/biapy-channel-rot/val/label
2026-08-06 14:22:22,227 - INFO     - save_and_log_data        : Saving raw to file: VT033614-20171124_64_H5_c120_r0_k0 , Dir: /scratch/wmz2007/neuroinfo_fruitfly/fisbe/biapy-channel-rot/val/raw
2026-08-06 14:22:22,232 - INFO     - save_and_log_data        : Saving label to file: VT033614-20171124_64_H5_c120_r0_k0, Dir: /scratch/wmz2007/neuroinfo_fruitfly/fisbe/biapy-channel-rot/val/label
2026-08-06 14:22:22,756 - INFO     - save_and_log_data        : Saving raw to file: VT033614-20171124_64_H5_c012_r2_k3 , Dir: /scratch/wmz2007/neuroinfo_fruitfly/fisbe/biapy-channel-rot/val/raw
2026-08-06 14:22:22,756 - INFO     - save_and_log_data        : Saving label to file: VT033614-20171124_64_H5_c012_r2_k3, Dir: /scratch/wmz2007/neuroinfo_fruitfly/fisbe/biapy-channel-rot/val/label
2026-08-06 14:22:24,642 - INFO     - save_and_log_data        : Saving raw to file: VT033614-20171124_64_H5_c012_r2_k1 , Dir: /scratch/wmz2007/neuroinfo_fruitfly/fisbe/biapy-channel-rot/val/raw
2026-08-06 14:22:24,646 - INFO     - save_and_log_data        : Saving label to file: VT033614-20171124_64_H5_c012_r2_k1, Dir: /scratch/wmz2007/neuroinfo_fruitfly/fisbe/biapy-channel-rot/val/label
2026-08-06 14:22:25,013 - INFO     - save_and_log_data        : Saving raw to file: VT033614-20171124_64_H5_c012_r2_k0 , Dir: /scratch/wmz2007/neuroinfo_fruitfly/fisbe/biapy-channel-rot/val/raw
2026-08-06 14:22:25,013 - INFO     - save_and_log_data        : Saving label to file: VT033614-20171124_64_H5_c012_r2_k0, Dir: /scratch/wmz2007/neuroinfo_fruitfly/fisbe/biapy-channel-rot/val/label
2026-08-06 14:22:26,457 - INFO     - save_and_log_data        : Saving raw to file: VT033614-20171124_64_H5_c012_r1_k3 , Dir: /scratch/wmz2007/neuroinfo_fruitfly/fisbe/biapy-channel-rot/val/raw
2026-08-06 14:22:26,460 - INFO     - save_and_log_data        : Saving label to file: VT033614-20171124_64_H5_c012_r1_k3, Dir: /scratch/wmz2007/neuroinfo_fruitfly/fisbe/biapy-channel-rot/val/label
2026-08-06 14:22:26,842 - INFO     - save_and_log_data        : Saving raw to file: VT033614-20171124_64_H5_c012_r1_k1 , Dir: /scratch/wmz2007/neuroinfo_fruitfly/fisbe/biapy-channel-rot/val/raw
2026-08-06 14:22:26,842 - INFO     - save_and_log_data        : Saving label to file: VT033614-20171124_64_H5_c012_r1_k1, Dir: /scratch/wmz2007/neuroinfo_fruitfly/fisbe/biapy-channel-rot/val/label
2026-08-06 14:22:28,255 - INFO     - save_and_log_data        : Saving raw to file: VT033614-20171124_64_H5_c012_r1_k0 , Dir: /scratch/wmz2007/neuroinfo_fruitfly/fisbe/biapy-channel-rot/val/raw
2026-08-06 14:22:28,258 - INFO     - save_and_log_data        : Saving label to file: VT033614-20171124_64_H5_c012_r1_k0, Dir: /scratch/wmz2007/neuroinfo_fruitfly/fisbe/biapy-channel-rot/val/label
2026-08-06 14:22:28,382 - INFO     - save_and_log_data        : Saving raw to file: VT033614-20171124_64_H5_c012_r0_k3 , Dir: /scratch/wmz2007/neuroinfo_fruitfly/fisbe/biapy-channel-rot/val/raw
2026-08-06 14:22:28,382 - INFO     - save_and_log_data        : Saving label to file: VT033614-20171124_64_H5_c012_r0_k3, Dir: /scratch/wmz2007/neuroinfo_fruitfly/fisbe/biapy-channel-rot/val/label
2026-08-06 14:22:28,796 - INFO     - save_and_log_data        : Saving raw to file: VT033614-20171124_64_H5_c012_r0_k1 , Dir: /scratch/wmz2007/neuroinfo_fruitfly/fisbe/biapy-channel-rot/val/raw
2026-08-06 14:22:28,796 - INFO     - save_and_log_data        : Saving label to file: VT033614-20171124_64_H5_c012_r0_k1, Dir: /scratch/wmz2007/neuroinfo_fruitfly/fisbe/biapy-channel-rot/val/label
2026-08-06 14:22:29,335 - INFO     - save_and_log_data        : Saving raw to file: VT033614-20171124_64_H5_c012_r0_k0 , Dir: /scratch/wmz2007/neuroinfo_fruitfly/fisbe/biapy-channel-rot/val/raw
2026-08-06 14:22:29,336 - INFO     - save_and_log_data        : Saving label to file: VT033614-20171124_64_H5_c012_r0_k0, Dir: /scratch/wmz2007/neuroinfo_fruitfly/fisbe/biapy-channel-rot/val/label
2026-08-06 14:22:29,336 - INFO     - process_samples          : /// Processing Sample [5 / 5]: VT041298-20171114_63_C3.zarr ///
2026-08-06 14:22:38,291 - INFO     - process_samples          : Number of augmentation jobs: 27
2026-08-06 14:22:38,601 - INFO     - save_and_log_data        : Saving raw to file: VT041298-20171114_63_C3_c102_r2_k3 , Dir: /scratch/wmz2007/neuroinfo_fruitfly/fisbe/biapy-channel-rot/val/raw
2026-08-06 14:22:38,601 - INFO     - save_and_log_data        : Saving label to file: VT041298-20171114_63_C3_c102_r2_k3, Dir: /scratch/wmz2007/neuroinfo_fruitfly/fisbe/biapy-channel-rot/val/label
2026-08-06 14:22:38,921 - INFO     - save_and_log_data        : Saving raw to file: VT041298-20171114_63_C3_c102_r2_k0 , Dir: /scratch/wmz2007/neuroinfo_fruitfly/fisbe/biapy-channel-rot/val/raw
2026-08-06 14:22:38,922 - INFO     - save_and_log_data        : Saving label to file: VT041298-20171114_63_C3_c102_r2_k0, Dir: /scratch/wmz2007/neuroinfo_fruitfly/fisbe/biapy-channel-rot/val/label
2026-08-06 14:22:39,393 - INFO     - save_and_log_data        : Saving raw to file: VT041298-20171114_63_C3_c102_r2_k1 , Dir: /scratch/wmz2007/neuroinfo_fruitfly/fisbe/biapy-channel-rot/val/raw
2026-08-06 14:22:39,393 - INFO     - save_and_log_data        : Saving label to file: VT041298-20171114_63_C3_c102_r2_k1, Dir: /scratch/wmz2007/neuroinfo_fruitfly/fisbe/biapy-channel-rot/val/label
2026-08-06 14:22:40,802 - INFO     - save_and_log_data        : Saving raw to file: VT041298-20171114_63_C3_c102_r1_k3 , Dir: /scratch/wmz2007/neuroinfo_fruitfly/fisbe/biapy-channel-rot/val/raw
2026-08-06 14:22:40,812 - INFO     - save_and_log_data        : Saving label to file: VT041298-20171114_63_C3_c102_r1_k3, Dir: /scratch/wmz2007/neuroinfo_fruitfly/fisbe/biapy-channel-rot/val/label
2026-08-06 14:22:41,199 - INFO     - save_and_log_data        : Saving raw to file: VT041298-20171114_63_C3_c102_r1_k0 , Dir: /scratch/wmz2007/neuroinfo_fruitfly/fisbe/biapy-channel-rot/val/raw
2026-08-06 14:22:41,199 - INFO     - save_and_log_data        : Saving label to file: VT041298-20171114_63_C3_c102_r1_k0, Dir: /scratch/wmz2007/neuroinfo_fruitfly/fisbe/biapy-channel-rot/val/label
2026-08-06 14:22:41,761 - INFO     - save_and_log_data        : Saving raw to file: VT041298-20171114_63_C3_c102_r1_k1 , Dir: /scratch/wmz2007/neuroinfo_fruitfly/fisbe/biapy-channel-rot/val/raw
2026-08-06 14:22:41,761 - INFO     - save_and_log_data        : Saving label to file: VT041298-20171114_63_C3_c102_r1_k1, Dir: /scratch/wmz2007/neuroinfo_fruitfly/fisbe/biapy-channel-rot/val/label
2026-08-06 14:22:42,804 - INFO     - save_and_log_data        : Saving raw to file: VT041298-20171114_63_C3_c102_r0_k3 , Dir: /scratch/wmz2007/neuroinfo_fruitfly/fisbe/biapy-channel-rot/val/raw
2026-08-06 14:22:42,804 - INFO     - save_and_log_data        : Saving label to file: VT041298-20171114_63_C3_c102_r0_k3, Dir: /scratch/wmz2007/neuroinfo_fruitfly/fisbe/biapy-channel-rot/val/label
2026-08-06 14:22:43,821 - INFO     - save_and_log_data        : Saving raw to file: VT041298-20171114_63_C3_c102_r0_k0 , Dir: /scratch/wmz2007/neuroinfo_fruitfly/fisbe/biapy-channel-rot/val/raw
2026-08-06 14:22:43,821 - INFO     - save_and_log_data        : Saving label to file: VT041298-20171114_63_C3_c102_r0_k0, Dir: /scratch/wmz2007/neuroinfo_fruitfly/fisbe/biapy-channel-rot/val/label
2026-08-06 14:22:44,211 - INFO     - save_and_log_data        : Saving raw to file: VT041298-20171114_63_C3_c102_r0_k1 , Dir: /scratch/wmz2007/neuroinfo_fruitfly/fisbe/biapy-channel-rot/val/raw
2026-08-06 14:22:44,211 - INFO     - save_and_log_data        : Saving label to file: VT041298-20171114_63_C3_c102_r0_k1, Dir: /scratch/wmz2007/neuroinfo_fruitfly/fisbe/biapy-channel-rot/val/label
2026-08-06 14:22:45,358 - INFO     - save_and_log_data        : Saving raw to file: VT041298-20171114_63_C3_c021_r2_k3 , Dir: /scratch/wmz2007/neuroinfo_fruitfly/fisbe/biapy-channel-rot/val/raw
2026-08-06 14:22:45,358 - INFO     - save_and_log_data        : Saving label to file: VT041298-20171114_63_C3_c021_r2_k3, Dir: /scratch/wmz2007/neuroinfo_fruitfly/fisbe/biapy-channel-rot/val/label
2026-08-06 14:22:45,974 - INFO     - save_and_log_data        : Saving raw to file: VT041298-20171114_63_C3_c021_r2_k0 , Dir: /scratch/wmz2007/neuroinfo_fruitfly/fisbe/biapy-channel-rot/val/raw
2026-08-06 14:22:45,974 - INFO     - save_and_log_data        : Saving label to file: VT041298-20171114_63_C3_c021_r2_k0, Dir: /scratch/wmz2007/neuroinfo_fruitfly/fisbe/biapy-channel-rot/val/label
2026-08-06 14:22:47,252 - INFO     - save_and_log_data        : Saving raw to file: VT041298-20171114_63_C3_c021_r2_k1 , Dir: /scratch/wmz2007/neuroinfo_fruitfly/fisbe/biapy-channel-rot/val/raw
2026-08-06 14:22:47,263 - INFO     - save_and_log_data        : Saving label to file: VT041298-20171114_63_C3_c021_r2_k1, Dir: /scratch/wmz2007/neuroinfo_fruitfly/fisbe/biapy-channel-rot/val/label
2026-08-06 14:22:48,770 - INFO     - save_and_log_data        : Saving raw to file: VT041298-20171114_63_C3_c021_r1_k3 , Dir: /scratch/wmz2007/neuroinfo_fruitfly/fisbe/biapy-channel-rot/val/raw
2026-08-06 14:22:49,276 - INFO     - save_and_log_data        : Saving raw to file: VT041298-20171114_63_C3_c021_r1_k0 , Dir: /scratch/wmz2007/neuroinfo_fruitfly/fisbe/biapy-channel-rot/val/raw
2026-08-06 14:22:49,276 - INFO     - save_and_log_data        : Saving label to file: VT041298-20171114_63_C3_c021_r1_k3, Dir: /scratch/wmz2007/neuroinfo_fruitfly/fisbe/biapy-channel-rot/val/label
2026-08-06 14:22:49,281 - INFO     - save_and_log_data        : Saving label to file: VT041298-20171114_63_C3_c021_r1_k0, Dir: /scratch/wmz2007/neuroinfo_fruitfly/fisbe/biapy-channel-rot/val/label
2026-08-06 14:22:50,092 - INFO     - save_and_log_data        : Saving raw to file: VT041298-20171114_63_C3_c021_r1_k1 , Dir: /scratch/wmz2007/neuroinfo_fruitfly/fisbe/biapy-channel-rot/val/raw
2026-08-06 14:22:50,093 - INFO     - save_and_log_data        : Saving label to file: VT041298-20171114_63_C3_c021_r1_k1, Dir: /scratch/wmz2007/neuroinfo_fruitfly/fisbe/biapy-channel-rot/val/label
2026-08-06 14:22:51,301 - INFO     - save_and_log_data        : Saving raw to file: VT041298-20171114_63_C3_c021_r0_k3 , Dir: /scratch/wmz2007/neuroinfo_fruitfly/fisbe/biapy-channel-rot/val/raw
2026-08-06 14:22:51,301 - INFO     - save_and_log_data        : Saving label to file: VT041298-20171114_63_C3_c021_r0_k3, Dir: /scratch/wmz2007/neuroinfo_fruitfly/fisbe/biapy-channel-rot/val/label
2026-08-06 14:22:51,713 - INFO     - save_and_log_data        : Saving raw to file: VT041298-20171114_63_C3_c021_r0_k0 , Dir: /scratch/wmz2007/neuroinfo_fruitfly/fisbe/biapy-channel-rot/val/raw
2026-08-06 14:22:51,714 - INFO     - save_and_log_data        : Saving label to file: VT041298-20171114_63_C3_c021_r0_k0, Dir: /scratch/wmz2007/neuroinfo_fruitfly/fisbe/biapy-channel-rot/val/label
2026-08-06 14:22:52,212 - INFO     - save_and_log_data        : Saving raw to file: VT041298-20171114_63_C3_c021_r0_k1 , Dir: /scratch/wmz2007/neuroinfo_fruitfly/fisbe/biapy-channel-rot/val/raw
2026-08-06 14:22:52,213 - INFO     - save_and_log_data        : Saving label to file: VT041298-20171114_63_C3_c021_r0_k1, Dir: /scratch/wmz2007/neuroinfo_fruitfly/fisbe/biapy-channel-rot/val/label
2026-08-06 14:22:53,343 - INFO     - save_and_log_data        : Saving raw to file: VT041298-20171114_63_C3_c012_r2_k3 , Dir: /scratch/wmz2007/neuroinfo_fruitfly/fisbe/biapy-channel-rot/val/raw
2026-08-06 14:22:53,343 - INFO     - save_and_log_data        : Saving label to file: VT041298-20171114_63_C3_c012_r2_k3, Dir: /scratch/wmz2007/neuroinfo_fruitfly/fisbe/biapy-channel-rot/val/label
2026-08-06 14:22:54,024 - INFO     - save_and_log_data        : Saving raw to file: VT041298-20171114_63_C3_c012_r2_k0 , Dir: /scratch/wmz2007/neuroinfo_fruitfly/fisbe/biapy-channel-rot/val/raw
2026-08-06 14:22:54,024 - INFO     - save_and_log_data        : Saving label to file: VT041298-20171114_63_C3_c012_r2_k0, Dir: /scratch/wmz2007/neuroinfo_fruitfly/fisbe/biapy-channel-rot/val/label
2026-08-06 14:22:54,749 - INFO     - save_and_log_data        : Saving raw to file: VT041298-20171114_63_C3_c012_r2_k1 , Dir: /scratch/wmz2007/neuroinfo_fruitfly/fisbe/biapy-channel-rot/val/raw
2026-08-06 14:22:54,749 - INFO     - save_and_log_data        : Saving label to file: VT041298-20171114_63_C3_c012_r2_k1, Dir: /scratch/wmz2007/neuroinfo_fruitfly/fisbe/biapy-channel-rot/val/label
2026-08-06 14:22:56,361 - INFO     - save_and_log_data        : Saving raw to file: VT041298-20171114_63_C3_c012_r1_k3 , Dir: /scratch/wmz2007/neuroinfo_fruitfly/fisbe/biapy-channel-rot/val/raw
2026-08-06 14:22:56,362 - INFO     - save_and_log_data        : Saving label to file: VT041298-20171114_63_C3_c012_r1_k3, Dir: /scratch/wmz2007/neuroinfo_fruitfly/fisbe/biapy-channel-rot/val/label
2026-08-06 14:22:56,720 - INFO     - save_and_log_data        : Saving raw to file: VT041298-20171114_63_C3_c012_r1_k0 , Dir: /scratch/wmz2007/neuroinfo_fruitfly/fisbe/biapy-channel-rot/val/raw
2026-08-06 14:22:56,720 - INFO     - save_and_log_data        : Saving label to file: VT041298-20171114_63_C3_c012_r1_k0, Dir: /scratch/wmz2007/neuroinfo_fruitfly/fisbe/biapy-channel-rot/val/label
2026-08-06 14:22:57,962 - INFO     - save_and_log_data        : Saving raw to file: VT041298-20171114_63_C3_c012_r1_k1 , Dir: /scratch/wmz2007/neuroinfo_fruitfly/fisbe/biapy-channel-rot/val/raw
2026-08-06 14:22:57,973 - INFO     - save_and_log_data        : Saving label to file: VT041298-20171114_63_C3_c012_r1_k1, Dir: /scratch/wmz2007/neuroinfo_fruitfly/fisbe/biapy-channel-rot/val/label
2026-08-06 14:22:58,425 - INFO     - save_and_log_data        : Saving raw to file: VT041298-20171114_63_C3_c012_r0_k3 , Dir: /scratch/wmz2007/neuroinfo_fruitfly/fisbe/biapy-channel-rot/val/raw
2026-08-06 14:22:58,425 - INFO     - save_and_log_data        : Saving label to file: VT041298-20171114_63_C3_c012_r0_k3, Dir: /scratch/wmz2007/neuroinfo_fruitfly/fisbe/biapy-channel-rot/val/label
2026-08-06 14:22:59,296 - INFO     - save_and_log_data        : Saving raw to file: VT041298-20171114_63_C3_c012_r0_k0 , Dir: /scratch/wmz2007/neuroinfo_fruitfly/fisbe/biapy-channel-rot/val/raw
2026-08-06 14:22:59,296 - INFO     - save_and_log_data        : Saving label to file: VT041298-20171114_63_C3_c012_r0_k0, Dir: /scratch/wmz2007/neuroinfo_fruitfly/fisbe/biapy-channel-rot/val/label
2026-08-06 14:22:59,790 - INFO     - save_and_log_data        : Saving raw to file: VT041298-20171114_63_C3_c012_r0_k1 , Dir: /scratch/wmz2007/neuroinfo_fruitfly/fisbe/biapy-channel-rot/val/raw
2026-08-06 14:22:59,790 - INFO     - save_and_log_data        : Saving label to file: VT041298-20171114_63_C3_c012_r0_k1, Dir: /scratch/wmz2007/neuroinfo_fruitfly/fisbe/biapy-channel-rot/val/label
2026-08-06 14:23:05,203 - INFO     - main                     : Converting test, Found (7 volumes), Processing None
2026-08-06 14:23:05,211 - INFO     - convert_split            : Save workers: 12
2026-08-06 14:23:05,211 - INFO     - convert_split            : Augmentations enabled: True
2026-08-06 14:23:05,212 - INFO     - process_samples          : /// Processing Sample [1 / 7]: JRC_SS04989-20160318_24_A2.zarr ///
2026-08-06 14:23:08,797 - INFO     - process_samples          : Number of augmentation jobs: 27
2026-08-06 14:23:09,184 - INFO     - save_and_log_data        : Saving raw to file: JRC_SS04989-20160318_24_A2_c210_r2_k0 , Dir: /scratch/wmz2007/neuroinfo_fruitfly/fisbe/biapy-channel-rot/test/raw
2026-08-06 14:23:09,185 - INFO     - save_and_log_data        : Saving label to file: JRC_SS04989-20160318_24_A2_c210_r2_k0, Dir: /scratch/wmz2007/neuroinfo_fruitfly/fisbe/biapy-channel-rot/test/label
2026-08-06 14:23:09,573 - INFO     - save_and_log_data        : Saving raw to file: JRC_SS04989-20160318_24_A2_c210_r2_k2 , Dir: /scratch/wmz2007/neuroinfo_fruitfly/fisbe/biapy-channel-rot/test/raw
2026-08-06 14:23:09,573 - INFO     - save_and_log_data        : Saving label to file: JRC_SS04989-20160318_24_A2_c210_r2_k2, Dir: /scratch/wmz2007/neuroinfo_fruitfly/fisbe/biapy-channel-rot/test/label
2026-08-06 14:23:10,661 - INFO     - save_and_log_data        : Saving raw to file: JRC_SS04989-20160318_24_A2_c210_r2_k3 , Dir: /scratch/wmz2007/neuroinfo_fruitfly/fisbe/biapy-channel-rot/test/raw
2026-08-06 14:23:10,661 - INFO     - save_and_log_data        : Saving label to file: JRC_SS04989-20160318_24_A2_c210_r2_k3, Dir: /scratch/wmz2007/neuroinfo_fruitfly/fisbe/biapy-channel-rot/test/label
2026-08-06 14:23:11,185 - INFO     - save_and_log_data        : Saving raw to file: JRC_SS04989-20160318_24_A2_c210_r0_k0 , Dir: /scratch/wmz2007/neuroinfo_fruitfly/fisbe/biapy-channel-rot/test/raw
2026-08-06 14:23:11,185 - INFO     - save_and_log_data        : Saving label to file: JRC_SS04989-20160318_24_A2_c210_r0_k0, Dir: /scratch/wmz2007/neuroinfo_fruitfly/fisbe/biapy-channel-rot/test/label
2026-08-06 14:23:12,550 - INFO     - save_and_log_data        : Saving raw to file: JRC_SS04989-20160318_24_A2_c210_r0_k2 , Dir: /scratch/wmz2007/neuroinfo_fruitfly/fisbe/biapy-channel-rot/test/raw
2026-08-06 14:23:12,550 - INFO     - save_and_log_data        : Saving label to file: JRC_SS04989-20160318_24_A2_c210_r0_k2, Dir: /scratch/wmz2007/neuroinfo_fruitfly/fisbe/biapy-channel-rot/test/label
2026-08-06 14:23:13,585 - INFO     - save_and_log_data        : Saving raw to file: JRC_SS04989-20160318_24_A2_c210_r0_k3 , Dir: /scratch/wmz2007/neuroinfo_fruitfly/fisbe/biapy-channel-rot/test/raw
2026-08-06 14:23:13,587 - INFO     - save_and_log_data        : Saving label to file: JRC_SS04989-20160318_24_A2_c210_r0_k3, Dir: /scratch/wmz2007/neuroinfo_fruitfly/fisbe/biapy-channel-rot/test/label
2026-08-06 14:23:14,070 - INFO     - save_and_log_data        : Saving raw to file: JRC_SS04989-20160318_24_A2_c210_r1_k0 , Dir: /scratch/wmz2007/neuroinfo_fruitfly/fisbe/biapy-channel-rot/test/raw
2026-08-06 14:23:14,070 - INFO     - save_and_log_data        : Saving label to file: JRC_SS04989-20160318_24_A2_c210_r1_k0, Dir: /scratch/wmz2007/neuroinfo_fruitfly/fisbe/biapy-channel-rot/test/label
2026-08-06 14:23:14,868 - INFO     - save_and_log_data        : Saving raw to file: JRC_SS04989-20160318_24_A2_c210_r1_k2 , Dir: /scratch/wmz2007/neuroinfo_fruitfly/fisbe/biapy-channel-rot/test/raw
2026-08-06 14:23:14,869 - INFO     - save_and_log_data        : Saving label to file: JRC_SS04989-20160318_24_A2_c210_r1_k2, Dir: /scratch/wmz2007/neuroinfo_fruitfly/fisbe/biapy-channel-rot/test/label
2026-08-06 14:23:16,309 - INFO     - save_and_log_data        : Saving raw to file: JRC_SS04989-20160318_24_A2_c210_r1_k3 , Dir: /scratch/wmz2007/neuroinfo_fruitfly/fisbe/biapy-channel-rot/test/raw
2026-08-06 14:23:16,316 - INFO     - save_and_log_data        : Saving label to file: JRC_SS04989-20160318_24_A2_c210_r1_k3, Dir: /scratch/wmz2007/neuroinfo_fruitfly/fisbe/biapy-channel-rot/test/label
2026-08-06 14:23:16,686 - INFO     - save_and_log_data        : Saving raw to file: JRC_SS04989-20160318_24_A2_c102_r2_k0 , Dir: /scratch/wmz2007/neuroinfo_fruitfly/fisbe/biapy-channel-rot/test/raw
2026-08-06 14:23:16,687 - INFO     - save_and_log_data        : Saving label to file: JRC_SS04989-20160318_24_A2_c102_r2_k0, Dir: /scratch/wmz2007/neuroinfo_fruitfly/fisbe/biapy-channel-rot/test/label
2026-08-06 14:23:17,508 - INFO     - save_and_log_data        : Saving raw to file: JRC_SS04989-20160318_24_A2_c102_r2_k2 , Dir: /scratch/wmz2007/neuroinfo_fruitfly/fisbe/biapy-channel-rot/test/raw
2026-08-06 14:23:17,515 - INFO     - save_and_log_data        : Saving label to file: JRC_SS04989-20160318_24_A2_c102_r2_k2, Dir: /scratch/wmz2007/neuroinfo_fruitfly/fisbe/biapy-channel-rot/test/label
2026-08-06 14:23:18,699 - INFO     - save_and_log_data        : Saving raw to file: JRC_SS04989-20160318_24_A2_c102_r2_k3 , Dir: /scratch/wmz2007/neuroinfo_fruitfly/fisbe/biapy-channel-rot/test/raw
2026-08-06 14:23:18,699 - INFO     - save_and_log_data        : Saving label to file: JRC_SS04989-20160318_24_A2_c102_r2_k3, Dir: /scratch/wmz2007/neuroinfo_fruitfly/fisbe/biapy-channel-rot/test/label
2026-08-06 14:23:19,125 - INFO     - save_and_log_data        : Saving raw to file: JRC_SS04989-20160318_24_A2_c102_r0_k0 , Dir: /scratch/wmz2007/neuroinfo_fruitfly/fisbe/biapy-channel-rot/test/raw
2026-08-06 14:23:19,125 - INFO     - save_and_log_data        : Saving label to file: JRC_SS04989-20160318_24_A2_c102_r0_k0, Dir: /scratch/wmz2007/neuroinfo_fruitfly/fisbe/biapy-channel-rot/test/label
2026-08-06 14:23:20,137 - INFO     - save_and_log_data        : Saving raw to file: JRC_SS04989-20160318_24_A2_c102_r0_k2 , Dir: /scratch/wmz2007/neuroinfo_fruitfly/fisbe/biapy-channel-rot/test/raw
2026-08-06 14:23:20,137 - INFO     - save_and_log_data        : Saving label to file: JRC_SS04989-20160318_24_A2_c102_r0_k2, Dir: /scratch/wmz2007/neuroinfo_fruitfly/fisbe/biapy-channel-rot/test/label
2026-08-06 14:23:21,725 - INFO     - save_and_log_data        : Saving raw to file: JRC_SS04989-20160318_24_A2_c102_r0_k3 , Dir: /scratch/wmz2007/neuroinfo_fruitfly/fisbe/biapy-channel-rot/test/raw
2026-08-06 14:23:21,733 - INFO     - save_and_log_data        : Saving label to file: JRC_SS04989-20160318_24_A2_c102_r0_k3, Dir: /scratch/wmz2007/neuroinfo_fruitfly/fisbe/biapy-channel-rot/test/label
2026-08-06 14:23:22,275 - INFO     - save_and_log_data        : Saving raw to file: JRC_SS04989-20160318_24_A2_c102_r1_k0 , Dir: /scratch/wmz2007/neuroinfo_fruitfly/fisbe/biapy-channel-rot/test/raw
2026-08-06 14:23:22,275 - INFO     - save_and_log_data        : Saving label to file: JRC_SS04989-20160318_24_A2_c102_r1_k0, Dir: /scratch/wmz2007/neuroinfo_fruitfly/fisbe/biapy-channel-rot/test/label
2026-08-06 14:23:23,125 - INFO     - save_and_log_data        : Saving raw to file: JRC_SS04989-20160318_24_A2_c102_r1_k2 , Dir: /scratch/wmz2007/neuroinfo_fruitfly/fisbe/biapy-channel-rot/test/raw
2026-08-06 14:23:23,125 - INFO     - save_and_log_data        : Saving label to file: JRC_SS04989-20160318_24_A2_c102_r1_k2, Dir: /scratch/wmz2007/neuroinfo_fruitfly/fisbe/biapy-channel-rot/test/label
2026-08-06 14:23:24,431 - INFO     - save_and_log_data        : Saving raw to file: JRC_SS04989-20160318_24_A2_c102_r1_k3 , Dir: /scratch/wmz2007/neuroinfo_fruitfly/fisbe/biapy-channel-rot/test/raw
2026-08-06 14:23:24,442 - INFO     - save_and_log_data        : Saving label to file: JRC_SS04989-20160318_24_A2_c102_r1_k3, Dir: /scratch/wmz2007/neuroinfo_fruitfly/fisbe/biapy-channel-rot/test/label
2026-08-06 14:23:25,013 - INFO     - save_and_log_data        : Saving raw to file: JRC_SS04989-20160318_24_A2_c201_r2_k0 , Dir: /scratch/wmz2007/neuroinfo_fruitfly/fisbe/biapy-channel-rot/test/raw
2026-08-06 14:23:25,013 - INFO     - save_and_log_data        : Saving label to file: JRC_SS04989-20160318_24_A2_c201_r2_k0, Dir: /scratch/wmz2007/neuroinfo_fruitfly/fisbe/biapy-channel-rot/test/label
2026-08-06 14:23:25,867 - INFO     - save_and_log_data        : Saving raw to file: JRC_SS04989-20160318_24_A2_c201_r2_k2 , Dir: /scratch/wmz2007/neuroinfo_fruitfly/fisbe/biapy-channel-rot/test/raw
2026-08-06 14:23:25,873 - INFO     - save_and_log_data        : Saving label to file: JRC_SS04989-20160318_24_A2_c201_r2_k2, Dir: /scratch/wmz2007/neuroinfo_fruitfly/fisbe/biapy-channel-rot/test/label
2026-08-06 14:23:27,046 - INFO     - save_and_log_data        : Saving raw to file: JRC_SS04989-20160318_24_A2_c201_r2_k3 , Dir: /scratch/wmz2007/neuroinfo_fruitfly/fisbe/biapy-channel-rot/test/raw
2026-08-06 14:23:27,053 - INFO     - save_and_log_data        : Saving label to file: JRC_SS04989-20160318_24_A2_c201_r2_k3, Dir: /scratch/wmz2007/neuroinfo_fruitfly/fisbe/biapy-channel-rot/test/label
2026-08-06 14:23:27,493 - INFO     - save_and_log_data        : Saving raw to file: JRC_SS04989-20160318_24_A2_c201_r0_k0 , Dir: /scratch/wmz2007/neuroinfo_fruitfly/fisbe/biapy-channel-rot/test/raw
2026-08-06 14:23:27,493 - INFO     - save_and_log_data        : Saving label to file: JRC_SS04989-20160318_24_A2_c201_r0_k0, Dir: /scratch/wmz2007/neuroinfo_fruitfly/fisbe/biapy-channel-rot/test/label
2026-08-06 14:23:28,451 - INFO     - save_and_log_data        : Saving raw to file: JRC_SS04989-20160318_24_A2_c201_r0_k2 , Dir: /scratch/wmz2007/neuroinfo_fruitfly/fisbe/biapy-channel-rot/test/raw
2026-08-06 14:23:28,451 - INFO     - save_and_log_data        : Saving label to file: JRC_SS04989-20160318_24_A2_c201_r0_k2, Dir: /scratch/wmz2007/neuroinfo_fruitfly/fisbe/biapy-channel-rot/test/label
2026-08-06 14:23:29,052 - INFO     - save_and_log_data        : Saving raw to file: JRC_SS04989-20160318_24_A2_c201_r0_k3 , Dir: /scratch/wmz2007/neuroinfo_fruitfly/fisbe/biapy-channel-rot/test/raw
2026-08-06 14:23:29,052 - INFO     - save_and_log_data        : Saving label to file: JRC_SS04989-20160318_24_A2_c201_r0_k3, Dir: /scratch/wmz2007/neuroinfo_fruitfly/fisbe/biapy-channel-rot/test/label
2026-08-06 14:23:30,356 - INFO     - save_and_log_data        : Saving raw to file: JRC_SS04989-20160318_24_A2_c201_r1_k0 , Dir: /scratch/wmz2007/neuroinfo_fruitfly/fisbe/biapy-channel-rot/test/raw
2026-08-06 14:23:30,773 - INFO     - save_and_log_data        : Saving label to file: JRC_SS04989-20160318_24_A2_c201_r1_k0, Dir: /scratch/wmz2007/neuroinfo_fruitfly/fisbe/biapy-channel-rot/test/label
2026-08-06 14:23:31,548 - INFO     - save_and_log_data        : Saving raw to file: JRC_SS04989-20160318_24_A2_c201_r1_k2 , Dir: /scratch/wmz2007/neuroinfo_fruitfly/fisbe/biapy-channel-rot/test/raw
2026-08-06 14:23:31,550 - INFO     - save_and_log_data        : Saving label to file: JRC_SS04989-20160318_24_A2_c201_r1_k2, Dir: /scratch/wmz2007/neuroinfo_fruitfly/fisbe/biapy-channel-rot/test/label
2026-08-06 14:23:32,247 - INFO     - save_and_log_data        : Saving raw to file: JRC_SS04989-20160318_24_A2_c201_r1_k3 , Dir: /scratch/wmz2007/neuroinfo_fruitfly/fisbe/biapy-channel-rot/test/raw
2026-08-06 14:23:32,247 - INFO     - process_samples          : /// Processing Sample [2 / 7]: R14A02-20180905_65_A6.zarr ///
2026-08-06 14:23:32,248 - INFO     - save_and_log_data        : Saving label to file: JRC_SS04989-20160318_24_A2_c201_r1_k3, Dir: /scratch/wmz2007/neuroinfo_fruitfly/fisbe/biapy-channel-rot/test/label
2026-08-06 14:23:40,806 - INFO     - process_samples          : Number of augmentation jobs: 27
2026-08-06 14:23:41,418 - INFO     - save_and_log_data        : Saving raw to file: R14A02-20180905_65_A6_c201_r2_k3 , Dir: /scratch/wmz2007/neuroinfo_fruitfly/fisbe/biapy-channel-rot/test/raw
2026-08-06 14:23:41,418 - INFO     - save_and_log_data        : Saving label to file: R14A02-20180905_65_A6_c201_r2_k3, Dir: /scratch/wmz2007/neuroinfo_fruitfly/fisbe/biapy-channel-rot/test/label
2026-08-06 14:23:41,903 - INFO     - save_and_log_data        : Saving raw to file: R14A02-20180905_65_A6_c201_r2_k2 , Dir: /scratch/wmz2007/neuroinfo_fruitfly/fisbe/biapy-channel-rot/test/raw
2026-08-06 14:23:41,903 - INFO     - save_and_log_data        : Saving label to file: R14A02-20180905_65_A6_c201_r2_k2, Dir: /scratch/wmz2007/neuroinfo_fruitfly/fisbe/biapy-channel-rot/test/label
2026-08-06 14:23:42,924 - INFO     - save_and_log_data        : Saving raw to file: R14A02-20180905_65_A6_c201_r2_k0 , Dir: /scratch/wmz2007/neuroinfo_fruitfly/fisbe/biapy-channel-rot/test/raw
2026-08-06 14:23:42,924 - INFO     - save_and_log_data        : Saving label to file: R14A02-20180905_65_A6_c201_r2_k0, Dir: /scratch/wmz2007/neuroinfo_fruitfly/fisbe/biapy-channel-rot/test/label
2026-08-06 14:23:44,817 - INFO     - save_and_log_data        : Saving raw to file: R14A02-20180905_65_A6_c201_r0_k3 , Dir: /scratch/wmz2007/neuroinfo_fruitfly/fisbe/biapy-channel-rot/test/raw
2026-08-06 14:23:44,829 - INFO     - save_and_log_data        : Saving label to file: R14A02-20180905_65_A6_c201_r0_k3, Dir: /scratch/wmz2007/neuroinfo_fruitfly/fisbe/biapy-channel-rot/test/label
2026-08-06 14:23:45,968 - INFO     - save_and_log_data        : Saving raw to file: R14A02-20180905_65_A6_c201_r0_k2 , Dir: /scratch/wmz2007/neuroinfo_fruitfly/fisbe/biapy-channel-rot/test/raw
2026-08-06 14:23:45,969 - INFO     - save_and_log_data        : Saving label to file: R14A02-20180905_65_A6_c201_r0_k2, Dir: /scratch/wmz2007/neuroinfo_fruitfly/fisbe/biapy-channel-rot/test/label
2026-08-06 14:23:46,460 - INFO     - save_and_log_data        : Saving raw to file: R14A02-20180905_65_A6_c201_r0_k0 , Dir: /scratch/wmz2007/neuroinfo_fruitfly/fisbe/biapy-channel-rot/test/raw
2026-08-06 14:23:46,460 - INFO     - save_and_log_data        : Saving label to file: R14A02-20180905_65_A6_c201_r0_k0, Dir: /scratch/wmz2007/neuroinfo_fruitfly/fisbe/biapy-channel-rot/test/label
2026-08-06 14:23:47,043 - INFO     - save_and_log_data        : Saving raw to file: R14A02-20180905_65_A6_c201_r1_k3 , Dir: /scratch/wmz2007/neuroinfo_fruitfly/fisbe/biapy-channel-rot/test/raw
2026-08-06 14:23:47,044 - INFO     - save_and_log_data        : Saving label to file: R14A02-20180905_65_A6_c201_r1_k3, Dir: /scratch/wmz2007/neuroinfo_fruitfly/fisbe/biapy-channel-rot/test/label
2026-08-06 14:23:48,481 - INFO     - save_and_log_data        : Saving raw to file: R14A02-20180905_65_A6_c201_r1_k2 , Dir: /scratch/wmz2007/neuroinfo_fruitfly/fisbe/biapy-channel-rot/test/raw
2026-08-06 14:23:48,491 - INFO     - save_and_log_data        : Saving label to file: R14A02-20180905_65_A6_c201_r1_k2, Dir: /scratch/wmz2007/neuroinfo_fruitfly/fisbe/biapy-channel-rot/test/label
2026-08-06 14:23:48,853 - INFO     - save_and_log_data        : Saving raw to file: R14A02-20180905_65_A6_c201_r1_k0 , Dir: /scratch/wmz2007/neuroinfo_fruitfly/fisbe/biapy-channel-rot/test/raw
2026-08-06 14:23:48,853 - INFO     - save_and_log_data        : Saving label to file: R14A02-20180905_65_A6_c201_r1_k0, Dir: /scratch/wmz2007/neuroinfo_fruitfly/fisbe/biapy-channel-rot/test/label
2026-08-06 14:23:49,298 - INFO     - save_and_log_data        : Saving raw to file: R14A02-20180905_65_A6_c120_r2_k3 , Dir: /scratch/wmz2007/neuroinfo_fruitfly/fisbe/biapy-channel-rot/test/raw
2026-08-06 14:23:49,298 - INFO     - save_and_log_data        : Saving label to file: R14A02-20180905_65_A6_c120_r2_k3, Dir: /scratch/wmz2007/neuroinfo_fruitfly/fisbe/biapy-channel-rot/test/label
2026-08-06 14:23:50,787 - INFO     - save_and_log_data        : Saving raw to file: R14A02-20180905_65_A6_c120_r2_k2 , Dir: /scratch/wmz2007/neuroinfo_fruitfly/fisbe/biapy-channel-rot/test/raw
2026-08-06 14:23:50,797 - INFO     - save_and_log_data        : Saving label to file: R14A02-20180905_65_A6_c120_r2_k2, Dir: /scratch/wmz2007/neuroinfo_fruitfly/fisbe/biapy-channel-rot/test/label
2026-08-06 14:23:51,246 - INFO     - save_and_log_data        : Saving raw to file: R14A02-20180905_65_A6_c120_r2_k0 , Dir: /scratch/wmz2007/neuroinfo_fruitfly/fisbe/biapy-channel-rot/test/raw
2026-08-06 14:23:51,246 - INFO     - save_and_log_data        : Saving label to file: R14A02-20180905_65_A6_c120_r2_k0, Dir: /scratch/wmz2007/neuroinfo_fruitfly/fisbe/biapy-channel-rot/test/label
2026-08-06 14:23:52,245 - INFO     - save_and_log_data        : Saving raw to file: R14A02-20180905_65_A6_c120_r0_k3 , Dir: /scratch/wmz2007/neuroinfo_fruitfly/fisbe/biapy-channel-rot/test/raw
2026-08-06 14:23:52,254 - INFO     - save_and_log_data        : Saving label to file: R14A02-20180905_65_A6_c120_r0_k3, Dir: /scratch/wmz2007/neuroinfo_fruitfly/fisbe/biapy-channel-rot/test/label
2026-08-06 14:23:53,960 - INFO     - save_and_log_data        : Saving raw to file: R14A02-20180905_65_A6_c120_r0_k2 , Dir: /scratch/wmz2007/neuroinfo_fruitfly/fisbe/biapy-channel-rot/test/raw
2026-08-06 14:23:54,223 - INFO     - save_and_log_data        : Saving label to file: R14A02-20180905_65_A6_c120_r0_k2, Dir: /scratch/wmz2007/neuroinfo_fruitfly/fisbe/biapy-channel-rot/test/label
2026-08-06 14:23:54,289 - INFO     - save_and_log_data        : Saving raw to file: R14A02-20180905_65_A6_c120_r0_k0 , Dir: /scratch/wmz2007/neuroinfo_fruitfly/fisbe/biapy-channel-rot/test/raw
2026-08-06 14:23:54,289 - INFO     - save_and_log_data        : Saving label to file: R14A02-20180905_65_A6_c120_r0_k0, Dir: /scratch/wmz2007/neuroinfo_fruitfly/fisbe/biapy-channel-rot/test/label
2026-08-06 14:23:54,730 - INFO     - save_and_log_data        : Saving raw to file: R14A02-20180905_65_A6_c120_r1_k3 , Dir: /scratch/wmz2007/neuroinfo_fruitfly/fisbe/biapy-channel-rot/test/raw
2026-08-06 14:23:54,731 - INFO     - save_and_log_data        : Saving label to file: R14A02-20180905_65_A6_c120_r1_k3, Dir: /scratch/wmz2007/neuroinfo_fruitfly/fisbe/biapy-channel-rot/test/label
2026-08-06 14:23:56,360 - INFO     - save_and_log_data        : Saving raw to file: R14A02-20180905_65_A6_c120_r1_k2 , Dir: /scratch/wmz2007/neuroinfo_fruitfly/fisbe/biapy-channel-rot/test/raw
2026-08-06 14:23:56,362 - INFO     - save_and_log_data        : Saving label to file: R14A02-20180905_65_A6_c120_r1_k2, Dir: /scratch/wmz2007/neuroinfo_fruitfly/fisbe/biapy-channel-rot/test/label
2026-08-06 14:23:57,111 - INFO     - save_and_log_data        : Saving raw to file: R14A02-20180905_65_A6_c120_r1_k0 , Dir: /scratch/wmz2007/neuroinfo_fruitfly/fisbe/biapy-channel-rot/test/raw
2026-08-06 14:23:57,111 - INFO     - save_and_log_data        : Saving label to file: R14A02-20180905_65_A6_c120_r1_k0, Dir: /scratch/wmz2007/neuroinfo_fruitfly/fisbe/biapy-channel-rot/test/label
2026-08-06 14:23:57,534 - INFO     - save_and_log_data        : Saving raw to file: R14A02-20180905_65_A6_c102_r2_k3 , Dir: /scratch/wmz2007/neuroinfo_fruitfly/fisbe/biapy-channel-rot/test/raw
2026-08-06 14:23:57,534 - INFO     - save_and_log_data        : Saving label to file: R14A02-20180905_65_A6_c102_r2_k3, Dir: /scratch/wmz2007/neuroinfo_fruitfly/fisbe/biapy-channel-rot/test/label
2026-08-06 14:23:58,245 - INFO     - save_and_log_data        : Saving raw to file: R14A02-20180905_65_A6_c102_r2_k2 , Dir: /scratch/wmz2007/neuroinfo_fruitfly/fisbe/biapy-channel-rot/test/raw
2026-08-06 14:23:58,245 - INFO     - save_and_log_data        : Saving label to file: R14A02-20180905_65_A6_c102_r2_k2, Dir: /scratch/wmz2007/neuroinfo_fruitfly/fisbe/biapy-channel-rot/test/label
2026-08-06 14:23:59,280 - INFO     - save_and_log_data        : Saving raw to file: R14A02-20180905_65_A6_c102_r2_k0 , Dir: /scratch/wmz2007/neuroinfo_fruitfly/fisbe/biapy-channel-rot/test/raw
2026-08-06 14:23:59,280 - INFO     - save_and_log_data        : Saving label to file: R14A02-20180905_65_A6_c102_r2_k0, Dir: /scratch/wmz2007/neuroinfo_fruitfly/fisbe/biapy-channel-rot/test/label
2026-08-06 14:23:59,892 - INFO     - save_and_log_data        : Saving raw to file: R14A02-20180905_65_A6_c102_r0_k3 , Dir: /scratch/wmz2007/neuroinfo_fruitfly/fisbe/biapy-channel-rot/test/raw
2026-08-06 14:23:59,892 - INFO     - save_and_log_data        : Saving label to file: R14A02-20180905_65_A6_c102_r0_k3, Dir: /scratch/wmz2007/neuroinfo_fruitfly/fisbe/biapy-channel-rot/test/label
2026-08-06 14:24:00,932 - INFO     - save_and_log_data        : Saving raw to file: R14A02-20180905_65_A6_c102_r0_k2 , Dir: /scratch/wmz2007/neuroinfo_fruitfly/fisbe/biapy-channel-rot/test/raw
2026-08-06 14:24:00,934 - INFO     - save_and_log_data        : Saving label to file: R14A02-20180905_65_A6_c102_r0_k2, Dir: /scratch/wmz2007/neuroinfo_fruitfly/fisbe/biapy-channel-rot/test/label
2026-08-06 14:24:03,095 - INFO     - save_and_log_data        : Saving raw to file: R14A02-20180905_65_A6_c102_r0_k0 , Dir: /scratch/wmz2007/neuroinfo_fruitfly/fisbe/biapy-channel-rot/test/raw
2026-08-06 14:24:03,096 - INFO     - save_and_log_data        : Saving label to file: R14A02-20180905_65_A6_c102_r0_k0, Dir: /scratch/wmz2007/neuroinfo_fruitfly/fisbe/biapy-channel-rot/test/label
2026-08-06 14:24:03,734 - INFO     - save_and_log_data        : Saving raw to file: R14A02-20180905_65_A6_c102_r1_k3 , Dir: /scratch/wmz2007/neuroinfo_fruitfly/fisbe/biapy-channel-rot/test/raw
2026-08-06 14:24:03,737 - INFO     - save_and_log_data        : Saving label to file: R14A02-20180905_65_A6_c102_r1_k3, Dir: /scratch/wmz2007/neuroinfo_fruitfly/fisbe/biapy-channel-rot/test/label
2026-08-06 14:24:04,206 - INFO     - save_and_log_data        : Saving raw to file: R14A02-20180905_65_A6_c102_r1_k2 , Dir: /scratch/wmz2007/neuroinfo_fruitfly/fisbe/biapy-channel-rot/test/raw
2026-08-06 14:24:04,212 - INFO     - save_and_log_data        : Saving label to file: R14A02-20180905_65_A6_c102_r1_k2, Dir: /scratch/wmz2007/neuroinfo_fruitfly/fisbe/biapy-channel-rot/test/label
2026-08-06 14:24:04,935 - INFO     - save_and_log_data        : Saving raw to file: R14A02-20180905_65_A6_c102_r1_k0 , Dir: /scratch/wmz2007/neuroinfo_fruitfly/fisbe/biapy-channel-rot/test/raw
2026-08-06 14:24:04,936 - INFO     - save_and_log_data        : Saving label to file: R14A02-20180905_65_A6_c102_r1_k0, Dir: /scratch/wmz2007/neuroinfo_fruitfly/fisbe/biapy-channel-rot/test/label
2026-08-06 14:24:04,937 - INFO     - process_samples          : /// Processing Sample [3 / 7]: R54A09-20181019_64_H1.zarr ///
2026-08-06 14:24:08,950 - INFO     - process_samples          : Number of augmentation jobs: 27
2026-08-06 14:24:09,397 - INFO     - save_and_log_data        : Saving raw to file: R54A09-20181019_64_H1_c102_r1_k2 , Dir: /scratch/wmz2007/neuroinfo_fruitfly/fisbe/biapy-channel-rot/test/raw
2026-08-06 14:24:09,397 - INFO     - save_and_log_data        : Saving label to file: R54A09-20181019_64_H1_c102_r1_k2, Dir: /scratch/wmz2007/neuroinfo_fruitfly/fisbe/biapy-channel-rot/test/label
2026-08-06 14:24:09,926 - INFO     - save_and_log_data        : Saving raw to file: R54A09-20181019_64_H1_c102_r1_k1 , Dir: /scratch/wmz2007/neuroinfo_fruitfly/fisbe/biapy-channel-rot/test/raw
2026-08-06 14:24:09,927 - INFO     - save_and_log_data        : Saving label to file: R54A09-20181019_64_H1_c102_r1_k1, Dir: /scratch/wmz2007/neuroinfo_fruitfly/fisbe/biapy-channel-rot/test/label
2026-08-06 14:24:10,367 - INFO     - save_and_log_data        : Saving raw to file: R54A09-20181019_64_H1_c102_r1_k3 , Dir: /scratch/wmz2007/neuroinfo_fruitfly/fisbe/biapy-channel-rot/test/raw
2026-08-06 14:24:10,367 - INFO     - save_and_log_data        : Saving label to file: R54A09-20181019_64_H1_c102_r1_k3, Dir: /scratch/wmz2007/neuroinfo_fruitfly/fisbe/biapy-channel-rot/test/label
2026-08-06 14:24:11,702 - INFO     - save_and_log_data        : Saving raw to file: R54A09-20181019_64_H1_c102_r2_k2 , Dir: /scratch/wmz2007/neuroinfo_fruitfly/fisbe/biapy-channel-rot/test/raw
2026-08-06 14:24:11,703 - INFO     - save_and_log_data        : Saving label to file: R54A09-20181019_64_H1_c102_r2_k2, Dir: /scratch/wmz2007/neuroinfo_fruitfly/fisbe/biapy-channel-rot/test/label
2026-08-06 14:24:12,754 - INFO     - save_and_log_data        : Saving raw to file: R54A09-20181019_64_H1_c102_r2_k1 , Dir: /scratch/wmz2007/neuroinfo_fruitfly/fisbe/biapy-channel-rot/test/raw
2026-08-06 14:24:12,754 - INFO     - save_and_log_data        : Saving label to file: R54A09-20181019_64_H1_c102_r2_k1, Dir: /scratch/wmz2007/neuroinfo_fruitfly/fisbe/biapy-channel-rot/test/label
2026-08-06 14:24:14,237 - INFO     - save_and_log_data        : Saving raw to file: R54A09-20181019_64_H1_c102_r2_k3 , Dir: /scratch/wmz2007/neuroinfo_fruitfly/fisbe/biapy-channel-rot/test/raw
2026-08-06 14:24:14,245 - INFO     - save_and_log_data        : Saving label to file: R54A09-20181019_64_H1_c102_r2_k3, Dir: /scratch/wmz2007/neuroinfo_fruitfly/fisbe/biapy-channel-rot/test/label
2026-08-06 14:24:15,149 - INFO     - save_and_log_data        : Saving raw to file: R54A09-20181019_64_H1_c102_r0_k2 , Dir: /scratch/wmz2007/neuroinfo_fruitfly/fisbe/biapy-channel-rot/test/raw
2026-08-06 14:24:15,149 - INFO     - save_and_log_data        : Saving label to file: R54A09-20181019_64_H1_c102_r0_k2, Dir: /scratch/wmz2007/neuroinfo_fruitfly/fisbe/biapy-channel-rot/test/label
2026-08-06 14:24:16,761 - INFO     - save_and_log_data        : Saving raw to file: R54A09-20181019_64_H1_c102_r0_k1 , Dir: /scratch/wmz2007/neuroinfo_fruitfly/fisbe/biapy-channel-rot/test/raw
2026-08-06 14:24:16,779 - INFO     - save_and_log_data        : Saving label to file: R54A09-20181019_64_H1_c102_r0_k1, Dir: /scratch/wmz2007/neuroinfo_fruitfly/fisbe/biapy-channel-rot/test/label
2026-08-06 14:24:18,972 - INFO     - save_and_log_data        : Saving raw to file: R54A09-20181019_64_H1_c102_r0_k3 , Dir: /scratch/wmz2007/neuroinfo_fruitfly/fisbe/biapy-channel-rot/test/raw
2026-08-06 14:24:18,990 - INFO     - save_and_log_data        : Saving label to file: R54A09-20181019_64_H1_c102_r0_k3, Dir: /scratch/wmz2007/neuroinfo_fruitfly/fisbe/biapy-channel-rot/test/label
2026-08-06 14:24:20,281 - INFO     - save_and_log_data        : Saving raw to file: R54A09-20181019_64_H1_c021_r1_k2 , Dir: /scratch/wmz2007/neuroinfo_fruitfly/fisbe/biapy-channel-rot/test/raw
2026-08-06 14:24:20,284 - INFO     - save_and_log_data        : Saving label to file: R54A09-20181019_64_H1_c021_r1_k2, Dir: /scratch/wmz2007/neuroinfo_fruitfly/fisbe/biapy-channel-rot/test/label
2026-08-06 14:24:20,286 - INFO     - save_and_log_data        : Saving raw to file: R54A09-20181019_64_H1_c021_r1_k1 , Dir: /scratch/wmz2007/neuroinfo_fruitfly/fisbe/biapy-channel-rot/test/raw
2026-08-06 14:24:20,298 - INFO     - save_and_log_data        : Saving label to file: R54A09-20181019_64_H1_c021_r1_k1, Dir: /scratch/wmz2007/neuroinfo_fruitfly/fisbe/biapy-channel-rot/test/label
2026-08-06 14:24:20,929 - INFO     - save_and_log_data        : Saving raw to file: R54A09-20181019_64_H1_c021_r1_k3 , Dir: /scratch/wmz2007/neuroinfo_fruitfly/fisbe/biapy-channel-rot/test/raw
2026-08-06 14:24:20,929 - INFO     - save_and_log_data        : Saving label to file: R54A09-20181019_64_H1_c021_r1_k3, Dir: /scratch/wmz2007/neuroinfo_fruitfly/fisbe/biapy-channel-rot/test/label
2026-08-06 14:24:21,626 - INFO     - save_and_log_data        : Saving raw to file: R54A09-20181019_64_H1_c021_r2_k2 , Dir: /scratch/wmz2007/neuroinfo_fruitfly/fisbe/biapy-channel-rot/test/raw
2026-08-06 14:24:21,626 - INFO     - save_and_log_data        : Saving label to file: R54A09-20181019_64_H1_c021_r2_k2, Dir: /scratch/wmz2007/neuroinfo_fruitfly/fisbe/biapy-channel-rot/test/label
2026-08-06 14:24:22,265 - INFO     - save_and_log_data        : Saving raw to file: R54A09-20181019_64_H1_c021_r2_k1 , Dir: /scratch/wmz2007/neuroinfo_fruitfly/fisbe/biapy-channel-rot/test/raw
2026-08-06 14:24:22,265 - INFO     - save_and_log_data        : Saving label to file: R54A09-20181019_64_H1_c021_r2_k1, Dir: /scratch/wmz2007/neuroinfo_fruitfly/fisbe/biapy-channel-rot/test/label
2026-08-06 14:24:23,211 - INFO     - save_and_log_data        : Saving raw to file: R54A09-20181019_64_H1_c021_r2_k3 , Dir: /scratch/wmz2007/neuroinfo_fruitfly/fisbe/biapy-channel-rot/test/raw
2026-08-06 14:24:23,211 - INFO     - save_and_log_data        : Saving label to file: R54A09-20181019_64_H1_c021_r2_k3, Dir: /scratch/wmz2007/neuroinfo_fruitfly/fisbe/biapy-channel-rot/test/label
2026-08-06 14:24:24,398 - INFO     - save_and_log_data        : Saving raw to file: R54A09-20181019_64_H1_c021_r0_k2 , Dir: /scratch/wmz2007/neuroinfo_fruitfly/fisbe/biapy-channel-rot/test/raw
2026-08-06 14:24:24,398 - INFO     - save_and_log_data        : Saving label to file: R54A09-20181019_64_H1_c021_r0_k2, Dir: /scratch/wmz2007/neuroinfo_fruitfly/fisbe/biapy-channel-rot/test/label
2026-08-06 14:24:25,079 - INFO     - save_and_log_data        : Saving raw to file: R54A09-20181019_64_H1_c021_r0_k1 , Dir: /scratch/wmz2007/neuroinfo_fruitfly/fisbe/biapy-channel-rot/test/raw
2026-08-06 14:24:25,079 - INFO     - save_and_log_data        : Saving label to file: R54A09-20181019_64_H1_c021_r0_k1, Dir: /scratch/wmz2007/neuroinfo_fruitfly/fisbe/biapy-channel-rot/test/label
2026-08-06 14:24:26,322 - INFO     - save_and_log_data        : Saving raw to file: R54A09-20181019_64_H1_c021_r0_k3 , Dir: /scratch/wmz2007/neuroinfo_fruitfly/fisbe/biapy-channel-rot/test/raw
2026-08-06 14:24:26,322 - INFO     - save_and_log_data        : Saving label to file: R54A09-20181019_64_H1_c021_r0_k3, Dir: /scratch/wmz2007/neuroinfo_fruitfly/fisbe/biapy-channel-rot/test/label
2026-08-06 14:24:29,342 - INFO     - save_and_log_data        : Saving raw to file: R54A09-20181019_64_H1_c012_r1_k2 , Dir: /scratch/wmz2007/neuroinfo_fruitfly/fisbe/biapy-channel-rot/test/raw
2026-08-06 14:24:29,351 - INFO     - save_and_log_data        : Saving label to file: R54A09-20181019_64_H1_c012_r1_k2, Dir: /scratch/wmz2007/neuroinfo_fruitfly/fisbe/biapy-channel-rot/test/label
2026-08-06 14:24:29,839 - INFO     - save_and_log_data        : Saving raw to file: R54A09-20181019_64_H1_c012_r1_k1 , Dir: /scratch/wmz2007/neuroinfo_fruitfly/fisbe/biapy-channel-rot/test/raw
2026-08-06 14:24:29,840 - INFO     - save_and_log_data        : Saving label to file: R54A09-20181019_64_H1_c012_r1_k1, Dir: /scratch/wmz2007/neuroinfo_fruitfly/fisbe/biapy-channel-rot/test/label
2026-08-06 14:24:30,880 - INFO     - save_and_log_data        : Saving raw to file: R54A09-20181019_64_H1_c012_r1_k3 , Dir: /scratch/wmz2007/neuroinfo_fruitfly/fisbe/biapy-channel-rot/test/raw
2026-08-06 14:24:30,891 - INFO     - save_and_log_data        : Saving label to file: R54A09-20181019_64_H1_c012_r1_k3, Dir: /scratch/wmz2007/neuroinfo_fruitfly/fisbe/biapy-channel-rot/test/label
2026-08-06 14:24:32,205 - INFO     - save_and_log_data        : Saving raw to file: R54A09-20181019_64_H1_c012_r2_k2 , Dir: /scratch/wmz2007/neuroinfo_fruitfly/fisbe/biapy-channel-rot/test/raw
2026-08-06 14:24:32,214 - INFO     - save_and_log_data        : Saving label to file: R54A09-20181019_64_H1_c012_r2_k2, Dir: /scratch/wmz2007/neuroinfo_fruitfly/fisbe/biapy-channel-rot/test/label
2026-08-06 14:24:32,680 - INFO     - save_and_log_data        : Saving raw to file: R54A09-20181019_64_H1_c012_r2_k1 , Dir: /scratch/wmz2007/neuroinfo_fruitfly/fisbe/biapy-channel-rot/test/raw
2026-08-06 14:24:32,680 - INFO     - save_and_log_data        : Saving label to file: R54A09-20181019_64_H1_c012_r2_k1, Dir: /scratch/wmz2007/neuroinfo_fruitfly/fisbe/biapy-channel-rot/test/label
2026-08-06 14:24:33,261 - INFO     - save_and_log_data        : Saving raw to file: R54A09-20181019_64_H1_c012_r2_k3 , Dir: /scratch/wmz2007/neuroinfo_fruitfly/fisbe/biapy-channel-rot/test/raw
2026-08-06 14:24:33,262 - INFO     - save_and_log_data        : Saving label to file: R54A09-20181019_64_H1_c012_r2_k3, Dir: /scratch/wmz2007/neuroinfo_fruitfly/fisbe/biapy-channel-rot/test/label
2026-08-06 14:24:34,454 - INFO     - save_and_log_data        : Saving raw to file: R54A09-20181019_64_H1_c012_r0_k2 , Dir: /scratch/wmz2007/neuroinfo_fruitfly/fisbe/biapy-channel-rot/test/raw
2026-08-06 14:24:34,455 - INFO     - save_and_log_data        : Saving label to file: R54A09-20181019_64_H1_c012_r0_k2, Dir: /scratch/wmz2007/neuroinfo_fruitfly/fisbe/biapy-channel-rot/test/label
2026-08-06 14:24:35,900 - INFO     - save_and_log_data        : Saving raw to file: R54A09-20181019_64_H1_c012_r0_k1 , Dir: /scratch/wmz2007/neuroinfo_fruitfly/fisbe/biapy-channel-rot/test/raw
2026-08-06 14:24:35,911 - INFO     - save_and_log_data        : Saving label to file: R54A09-20181019_64_H1_c012_r0_k1, Dir: /scratch/wmz2007/neuroinfo_fruitfly/fisbe/biapy-channel-rot/test/label
2026-08-06 14:24:38,237 - INFO     - process_samples          : /// Processing Sample [4 / 7]: VT011145-20171222_63_I1.zarr ///
2026-08-06 14:24:38,243 - INFO     - save_and_log_data        : Saving raw to file: R54A09-20181019_64_H1_c012_r0_k3 , Dir: /scratch/wmz2007/neuroinfo_fruitfly/fisbe/biapy-channel-rot/test/raw
2026-08-06 14:24:38,737 - INFO     - save_and_log_data        : Saving label to file: R54A09-20181019_64_H1_c012_r0_k3, Dir: /scratch/wmz2007/neuroinfo_fruitfly/fisbe/biapy-channel-rot/test/label
2026-08-06 14:24:49,160 - INFO     - process_samples          : Number of augmentation jobs: 27
2026-08-06 14:24:49,585 - INFO     - save_and_log_data        : Saving raw to file: VT011145-20171222_63_I1_c120_r1_k2 , Dir: /scratch/wmz2007/neuroinfo_fruitfly/fisbe/biapy-channel-rot/test/raw
2026-08-06 14:24:49,585 - INFO     - save_and_log_data        : Saving label to file: VT011145-20171222_63_I1_c120_r1_k2, Dir: /scratch/wmz2007/neuroinfo_fruitfly/fisbe/biapy-channel-rot/test/label
2026-08-06 14:24:50,004 - INFO     - save_and_log_data        : Saving raw to file: VT011145-20171222_63_I1_c120_r1_k0 , Dir: /scratch/wmz2007/neuroinfo_fruitfly/fisbe/biapy-channel-rot/test/raw
2026-08-06 14:24:50,004 - INFO     - save_and_log_data        : Saving label to file: VT011145-20171222_63_I1_c120_r1_k0, Dir: /scratch/wmz2007/neuroinfo_fruitfly/fisbe/biapy-channel-rot/test/label
2026-08-06 14:24:50,534 - INFO     - save_and_log_data        : Saving raw to file: VT011145-20171222_63_I1_c120_r1_k3 , Dir: /scratch/wmz2007/neuroinfo_fruitfly/fisbe/biapy-channel-rot/test/raw
2026-08-06 14:24:50,534 - INFO     - save_and_log_data        : Saving label to file: VT011145-20171222_63_I1_c120_r1_k3, Dir: /scratch/wmz2007/neuroinfo_fruitfly/fisbe/biapy-channel-rot/test/label
2026-08-06 14:24:52,286 - INFO     - save_and_log_data        : Saving raw to file: VT011145-20171222_63_I1_c120_r2_k2 , Dir: /scratch/wmz2007/neuroinfo_fruitfly/fisbe/biapy-channel-rot/test/raw
2026-08-06 14:24:52,286 - INFO     - save_and_log_data        : Saving label to file: VT011145-20171222_63_I1_c120_r2_k2, Dir: /scratch/wmz2007/neuroinfo_fruitfly/fisbe/biapy-channel-rot/test/label
2026-08-06 14:24:52,739 - INFO     - save_and_log_data        : Saving raw to file: VT011145-20171222_63_I1_c120_r2_k0 , Dir: /scratch/wmz2007/neuroinfo_fruitfly/fisbe/biapy-channel-rot/test/raw
2026-08-06 14:24:52,739 - INFO     - save_and_log_data        : Saving label to file: VT011145-20171222_63_I1_c120_r2_k0, Dir: /scratch/wmz2007/neuroinfo_fruitfly/fisbe/biapy-channel-rot/test/label
2026-08-06 14:24:53,341 - INFO     - save_and_log_data        : Saving raw to file: VT011145-20171222_63_I1_c120_r2_k3 , Dir: /scratch/wmz2007/neuroinfo_fruitfly/fisbe/biapy-channel-rot/test/raw
2026-08-06 14:24:53,341 - INFO     - save_and_log_data        : Saving label to file: VT011145-20171222_63_I1_c120_r2_k3, Dir: /scratch/wmz2007/neuroinfo_fruitfly/fisbe/biapy-channel-rot/test/label
2026-08-06 14:24:54,437 - INFO     - save_and_log_data        : Saving raw to file: VT011145-20171222_63_I1_c120_r0_k2 , Dir: /scratch/wmz2007/neuroinfo_fruitfly/fisbe/biapy-channel-rot/test/raw
2026-08-06 14:24:54,437 - INFO     - save_and_log_data        : Saving label to file: VT011145-20171222_63_I1_c120_r0_k2, Dir: /scratch/wmz2007/neuroinfo_fruitfly/fisbe/biapy-channel-rot/test/label
2026-08-06 14:24:55,681 - INFO     - save_and_log_data        : Saving raw to file: VT011145-20171222_63_I1_c120_r0_k0 , Dir: /scratch/wmz2007/neuroinfo_fruitfly/fisbe/biapy-channel-rot/test/raw
2026-08-06 14:24:55,681 - INFO     - save_and_log_data        : Saving label to file: VT011145-20171222_63_I1_c120_r0_k0, Dir: /scratch/wmz2007/neuroinfo_fruitfly/fisbe/biapy-channel-rot/test/label
2026-08-06 14:24:56,113 - INFO     - save_and_log_data        : Saving raw to file: VT011145-20171222_63_I1_c120_r0_k3 , Dir: /scratch/wmz2007/neuroinfo_fruitfly/fisbe/biapy-channel-rot/test/raw
2026-08-06 14:24:56,113 - INFO     - save_and_log_data        : Saving label to file: VT011145-20171222_63_I1_c120_r0_k3, Dir: /scratch/wmz2007/neuroinfo_fruitfly/fisbe/biapy-channel-rot/test/label
2026-08-06 14:24:58,370 - INFO     - save_and_log_data        : Saving raw to file: VT011145-20171222_63_I1_c210_r1_k2 , Dir: /scratch/wmz2007/neuroinfo_fruitfly/fisbe/biapy-channel-rot/test/raw
2026-08-06 14:24:58,386 - INFO     - save_and_log_data        : Saving label to file: VT011145-20171222_63_I1_c210_r1_k2, Dir: /scratch/wmz2007/neuroinfo_fruitfly/fisbe/biapy-channel-rot/test/label
2026-08-06 14:24:58,975 - INFO     - save_and_log_data        : Saving raw to file: VT011145-20171222_63_I1_c210_r1_k0 , Dir: /scratch/wmz2007/neuroinfo_fruitfly/fisbe/biapy-channel-rot/test/raw
2026-08-06 14:24:58,975 - INFO     - save_and_log_data        : Saving label to file: VT011145-20171222_63_I1_c210_r1_k0, Dir: /scratch/wmz2007/neuroinfo_fruitfly/fisbe/biapy-channel-rot/test/label
2026-08-06 14:24:59,909 - INFO     - save_and_log_data        : Saving raw to file: VT011145-20171222_63_I1_c210_r1_k3 , Dir: /scratch/wmz2007/neuroinfo_fruitfly/fisbe/biapy-channel-rot/test/raw
2026-08-06 14:24:59,910 - INFO     - save_and_log_data        : Saving label to file: VT011145-20171222_63_I1_c210_r1_k3, Dir: /scratch/wmz2007/neuroinfo_fruitfly/fisbe/biapy-channel-rot/test/label
2026-08-06 14:25:00,581 - INFO     - save_and_log_data        : Saving raw to file: VT011145-20171222_63_I1_c210_r2_k2 , Dir: /scratch/wmz2007/neuroinfo_fruitfly/fisbe/biapy-channel-rot/test/raw
2026-08-06 14:25:00,581 - INFO     - save_and_log_data        : Saving label to file: VT011145-20171222_63_I1_c210_r2_k2, Dir: /scratch/wmz2007/neuroinfo_fruitfly/fisbe/biapy-channel-rot/test/label
2026-08-06 14:25:01,661 - INFO     - save_and_log_data        : Saving raw to file: VT011145-20171222_63_I1_c210_r2_k0 , Dir: /scratch/wmz2007/neuroinfo_fruitfly/fisbe/biapy-channel-rot/test/raw
2026-08-06 14:25:01,667 - INFO     - save_and_log_data        : Saving label to file: VT011145-20171222_63_I1_c210_r2_k0, Dir: /scratch/wmz2007/neuroinfo_fruitfly/fisbe/biapy-channel-rot/test/label
2026-08-06 14:25:02,220 - INFO     - save_and_log_data        : Saving raw to file: VT011145-20171222_63_I1_c210_r2_k3 , Dir: /scratch/wmz2007/neuroinfo_fruitfly/fisbe/biapy-channel-rot/test/raw
2026-08-06 14:25:02,220 - INFO     - save_and_log_data        : Saving label to file: VT011145-20171222_63_I1_c210_r2_k3, Dir: /scratch/wmz2007/neuroinfo_fruitfly/fisbe/biapy-channel-rot/test/label
2026-08-06 14:25:03,783 - INFO     - save_and_log_data        : Saving raw to file: VT011145-20171222_63_I1_c210_r0_k2 , Dir: /scratch/wmz2007/neuroinfo_fruitfly/fisbe/biapy-channel-rot/test/raw
2026-08-06 14:25:03,789 - INFO     - save_and_log_data        : Saving label to file: VT011145-20171222_63_I1_c210_r0_k2, Dir: /scratch/wmz2007/neuroinfo_fruitfly/fisbe/biapy-channel-rot/test/label
2026-08-06 14:25:04,307 - INFO     - save_and_log_data        : Saving raw to file: VT011145-20171222_63_I1_c210_r0_k0 , Dir: /scratch/wmz2007/neuroinfo_fruitfly/fisbe/biapy-channel-rot/test/raw
2026-08-06 14:25:04,307 - INFO     - save_and_log_data        : Saving label to file: VT011145-20171222_63_I1_c210_r0_k0, Dir: /scratch/wmz2007/neuroinfo_fruitfly/fisbe/biapy-channel-rot/test/label
2026-08-06 14:25:04,990 - INFO     - save_and_log_data        : Saving raw to file: VT011145-20171222_63_I1_c210_r0_k3 , Dir: /scratch/wmz2007/neuroinfo_fruitfly/fisbe/biapy-channel-rot/test/raw
2026-08-06 14:25:04,990 - INFO     - save_and_log_data        : Saving label to file: VT011145-20171222_63_I1_c210_r0_k3, Dir: /scratch/wmz2007/neuroinfo_fruitfly/fisbe/biapy-channel-rot/test/label
2026-08-06 14:25:06,921 - INFO     - save_and_log_data        : Saving raw to file: VT011145-20171222_63_I1_c021_r1_k2 , Dir: /scratch/wmz2007/neuroinfo_fruitfly/fisbe/biapy-channel-rot/test/raw
2026-08-06 14:25:06,921 - INFO     - save_and_log_data        : Saving label to file: VT011145-20171222_63_I1_c021_r1_k2, Dir: /scratch/wmz2007/neuroinfo_fruitfly/fisbe/biapy-channel-rot/test/label
2026-08-06 14:25:07,480 - INFO     - save_and_log_data        : Saving raw to file: VT011145-20171222_63_I1_c021_r1_k0 , Dir: /scratch/wmz2007/neuroinfo_fruitfly/fisbe/biapy-channel-rot/test/raw
2026-08-06 14:25:07,482 - INFO     - save_and_log_data        : Saving label to file: VT011145-20171222_63_I1_c021_r1_k0, Dir: /scratch/wmz2007/neuroinfo_fruitfly/fisbe/biapy-channel-rot/test/label
2026-08-06 14:25:08,226 - INFO     - save_and_log_data        : Saving raw to file: VT011145-20171222_63_I1_c021_r1_k3 , Dir: /scratch/wmz2007/neuroinfo_fruitfly/fisbe/biapy-channel-rot/test/raw
2026-08-06 14:25:08,236 - INFO     - save_and_log_data        : Saving label to file: VT011145-20171222_63_I1_c021_r1_k3, Dir: /scratch/wmz2007/neuroinfo_fruitfly/fisbe/biapy-channel-rot/test/label
2026-08-06 14:25:08,842 - INFO     - save_and_log_data        : Saving raw to file: VT011145-20171222_63_I1_c021_r2_k2 , Dir: /scratch/wmz2007/neuroinfo_fruitfly/fisbe/biapy-channel-rot/test/raw
2026-08-06 14:25:08,843 - INFO     - save_and_log_data        : Saving label to file: VT011145-20171222_63_I1_c021_r2_k2, Dir: /scratch/wmz2007/neuroinfo_fruitfly/fisbe/biapy-channel-rot/test/label
2026-08-06 14:25:10,219 - INFO     - save_and_log_data        : Saving raw to file: VT011145-20171222_63_I1_c021_r2_k0 , Dir: /scratch/wmz2007/neuroinfo_fruitfly/fisbe/biapy-channel-rot/test/raw
2026-08-06 14:25:10,221 - INFO     - save_and_log_data        : Saving label to file: VT011145-20171222_63_I1_c021_r2_k0, Dir: /scratch/wmz2007/neuroinfo_fruitfly/fisbe/biapy-channel-rot/test/label
2026-08-06 14:25:10,614 - INFO     - save_and_log_data        : Saving raw to file: VT011145-20171222_63_I1_c021_r2_k3 , Dir: /scratch/wmz2007/neuroinfo_fruitfly/fisbe/biapy-channel-rot/test/raw
2026-08-06 14:25:10,615 - INFO     - save_and_log_data        : Saving label to file: VT011145-20171222_63_I1_c021_r2_k3, Dir: /scratch/wmz2007/neuroinfo_fruitfly/fisbe/biapy-channel-rot/test/label
2026-08-06 14:25:11,775 - INFO     - save_and_log_data        : Saving raw to file: VT011145-20171222_63_I1_c021_r0_k2 , Dir: /scratch/wmz2007/neuroinfo_fruitfly/fisbe/biapy-channel-rot/test/raw
2026-08-06 14:25:11,786 - INFO     - save_and_log_data        : Saving label to file: VT011145-20171222_63_I1_c021_r0_k2, Dir: /scratch/wmz2007/neuroinfo_fruitfly/fisbe/biapy-channel-rot/test/label
2026-08-06 14:25:12,151 - INFO     - save_and_log_data        : Saving raw to file: VT011145-20171222_63_I1_c021_r0_k0 , Dir: /scratch/wmz2007/neuroinfo_fruitfly/fisbe/biapy-channel-rot/test/raw
2026-08-06 14:25:12,152 - INFO     - save_and_log_data        : Saving label to file: VT011145-20171222_63_I1_c021_r0_k0, Dir: /scratch/wmz2007/neuroinfo_fruitfly/fisbe/biapy-channel-rot/test/label
2026-08-06 14:25:13,229 - INFO     - save_and_log_data        : Saving raw to file: VT011145-20171222_63_I1_c021_r0_k3 , Dir: /scratch/wmz2007/neuroinfo_fruitfly/fisbe/biapy-channel-rot/test/raw
2026-08-06 14:25:13,229 - INFO     - save_and_log_data        : Saving label to file: VT011145-20171222_63_I1_c021_r0_k3, Dir: /scratch/wmz2007/neuroinfo_fruitfly/fisbe/biapy-channel-rot/test/label
2026-08-06 14:25:13,230 - INFO     - process_samples          : /// Processing Sample [5 / 7]: VT027175-20171031_62_H3.zarr ///
2026-08-06 14:25:20,125 - INFO     - process_samples          : Number of augmentation jobs: 27
2026-08-06 14:25:20,557 - INFO     - save_and_log_data        : Saving raw to file: VT027175-20171031_62_H3_c210_r1_k3 , Dir: /scratch/wmz2007/neuroinfo_fruitfly/fisbe/biapy-channel-rot/test/raw
2026-08-06 14:25:20,557 - INFO     - save_and_log_data        : Saving label to file: VT027175-20171031_62_H3_c210_r1_k3, Dir: /scratch/wmz2007/neuroinfo_fruitfly/fisbe/biapy-channel-rot/test/label
2026-08-06 14:25:20,991 - INFO     - save_and_log_data        : Saving raw to file: VT027175-20171031_62_H3_c210_r1_k2 , Dir: /scratch/wmz2007/neuroinfo_fruitfly/fisbe/biapy-channel-rot/test/raw
2026-08-06 14:25:20,992 - INFO     - save_and_log_data        : Saving label to file: VT027175-20171031_62_H3_c210_r1_k2, Dir: /scratch/wmz2007/neuroinfo_fruitfly/fisbe/biapy-channel-rot/test/label
2026-08-06 14:25:21,427 - INFO     - save_and_log_data        : Saving raw to file: VT027175-20171031_62_H3_c210_r1_k1 , Dir: /scratch/wmz2007/neuroinfo_fruitfly/fisbe/biapy-channel-rot/test/raw
2026-08-06 14:25:21,427 - INFO     - save_and_log_data        : Saving label to file: VT027175-20171031_62_H3_c210_r1_k1, Dir: /scratch/wmz2007/neuroinfo_fruitfly/fisbe/biapy-channel-rot/test/label
2026-08-06 14:25:21,946 - INFO     - save_and_log_data        : Saving raw to file: VT027175-20171031_62_H3_c210_r2_k3 , Dir: /scratch/wmz2007/neuroinfo_fruitfly/fisbe/biapy-channel-rot/test/raw
2026-08-06 14:25:21,946 - INFO     - save_and_log_data        : Saving label to file: VT027175-20171031_62_H3_c210_r2_k3, Dir: /scratch/wmz2007/neuroinfo_fruitfly/fisbe/biapy-channel-rot/test/label
2026-08-06 14:25:23,292 - INFO     - save_and_log_data        : Saving raw to file: VT027175-20171031_62_H3_c210_r2_k2 , Dir: /scratch/wmz2007/neuroinfo_fruitfly/fisbe/biapy-channel-rot/test/raw
2026-08-06 14:25:23,297 - INFO     - save_and_log_data        : Saving label to file: VT027175-20171031_62_H3_c210_r2_k2, Dir: /scratch/wmz2007/neuroinfo_fruitfly/fisbe/biapy-channel-rot/test/label
2026-08-06 14:25:24,189 - INFO     - save_and_log_data        : Saving raw to file: VT027175-20171031_62_H3_c210_r2_k1 , Dir: /scratch/wmz2007/neuroinfo_fruitfly/fisbe/biapy-channel-rot/test/raw
2026-08-06 14:25:24,189 - INFO     - save_and_log_data        : Saving label to file: VT027175-20171031_62_H3_c210_r2_k1, Dir: /scratch/wmz2007/neuroinfo_fruitfly/fisbe/biapy-channel-rot/test/label
2026-08-06 14:25:25,904 - INFO     - save_and_log_data        : Saving raw to file: VT027175-20171031_62_H3_c210_r0_k3 , Dir: /scratch/wmz2007/neuroinfo_fruitfly/fisbe/biapy-channel-rot/test/raw
2026-08-06 14:25:25,912 - INFO     - save_and_log_data        : Saving label to file: VT027175-20171031_62_H3_c210_r0_k3, Dir: /scratch/wmz2007/neuroinfo_fruitfly/fisbe/biapy-channel-rot/test/label
2026-08-06 14:25:27,906 - INFO     - save_and_log_data        : Saving raw to file: VT027175-20171031_62_H3_c210_r0_k2 , Dir: /scratch/wmz2007/neuroinfo_fruitfly/fisbe/biapy-channel-rot/test/raw
2026-08-06 14:25:27,911 - INFO     - save_and_log_data        : Saving label to file: VT027175-20171031_62_H3_c210_r0_k2, Dir: /scratch/wmz2007/neuroinfo_fruitfly/fisbe/biapy-channel-rot/test/label
2026-08-06 14:25:28,376 - INFO     - save_and_log_data        : Saving raw to file: VT027175-20171031_62_H3_c210_r0_k1 , Dir: /scratch/wmz2007/neuroinfo_fruitfly/fisbe/biapy-channel-rot/test/raw
2026-08-06 14:25:28,377 - INFO     - save_and_log_data        : Saving label to file: VT027175-20171031_62_H3_c210_r0_k1, Dir: /scratch/wmz2007/neuroinfo_fruitfly/fisbe/biapy-channel-rot/test/label
2026-08-06 14:25:29,691 - INFO     - save_and_log_data        : Saving raw to file: VT027175-20171031_62_H3_c102_r1_k3 , Dir: /scratch/wmz2007/neuroinfo_fruitfly/fisbe/biapy-channel-rot/test/raw
2026-08-06 14:25:29,706 - INFO     - save_and_log_data        : Saving label to file: VT027175-20171031_62_H3_c102_r1_k3, Dir: /scratch/wmz2007/neuroinfo_fruitfly/fisbe/biapy-channel-rot/test/label
2026-08-06 14:25:30,322 - INFO     - save_and_log_data        : Saving raw to file: VT027175-20171031_62_H3_c102_r1_k2 , Dir: /scratch/wmz2007/neuroinfo_fruitfly/fisbe/biapy-channel-rot/test/raw
2026-08-06 14:25:30,322 - INFO     - save_and_log_data        : Saving label to file: VT027175-20171031_62_H3_c102_r1_k2, Dir: /scratch/wmz2007/neuroinfo_fruitfly/fisbe/biapy-channel-rot/test/label
2026-08-06 14:25:31,314 - INFO     - save_and_log_data        : Saving raw to file: VT027175-20171031_62_H3_c102_r1_k1 , Dir: /scratch/wmz2007/neuroinfo_fruitfly/fisbe/biapy-channel-rot/test/raw
2026-08-06 14:25:31,517 - INFO     - save_and_log_data        : Saving label to file: VT027175-20171031_62_H3_c102_r1_k1, Dir: /scratch/wmz2007/neuroinfo_fruitfly/fisbe/biapy-channel-rot/test/label
2026-08-06 14:25:31,807 - INFO     - save_and_log_data        : Saving raw to file: VT027175-20171031_62_H3_c102_r2_k3 , Dir: /scratch/wmz2007/neuroinfo_fruitfly/fisbe/biapy-channel-rot/test/raw
2026-08-06 14:25:31,807 - INFO     - save_and_log_data        : Saving label to file: VT027175-20171031_62_H3_c102_r2_k3, Dir: /scratch/wmz2007/neuroinfo_fruitfly/fisbe/biapy-channel-rot/test/label
2026-08-06 14:25:32,791 - INFO     - save_and_log_data        : Saving raw to file: VT027175-20171031_62_H3_c102_r2_k2 , Dir: /scratch/wmz2007/neuroinfo_fruitfly/fisbe/biapy-channel-rot/test/raw
2026-08-06 14:25:32,798 - INFO     - save_and_log_data        : Saving label to file: VT027175-20171031_62_H3_c102_r2_k2, Dir: /scratch/wmz2007/neuroinfo_fruitfly/fisbe/biapy-channel-rot/test/label
2026-08-06 14:25:33,327 - INFO     - save_and_log_data        : Saving raw to file: VT027175-20171031_62_H3_c102_r2_k1 , Dir: /scratch/wmz2007/neuroinfo_fruitfly/fisbe/biapy-channel-rot/test/raw
2026-08-06 14:25:33,327 - INFO     - save_and_log_data        : Saving label to file: VT027175-20171031_62_H3_c102_r2_k1, Dir: /scratch/wmz2007/neuroinfo_fruitfly/fisbe/biapy-channel-rot/test/label
2026-08-06 14:25:35,218 - INFO     - save_and_log_data        : Saving raw to file: VT027175-20171031_62_H3_c102_r0_k3 , Dir: /scratch/wmz2007/neuroinfo_fruitfly/fisbe/biapy-channel-rot/test/raw
2026-08-06 14:25:35,218 - INFO     - save_and_log_data        : Saving label to file: VT027175-20171031_62_H3_c102_r0_k3, Dir: /scratch/wmz2007/neuroinfo_fruitfly/fisbe/biapy-channel-rot/test/label
2026-08-06 14:25:37,035 - INFO     - save_and_log_data        : Saving raw to file: VT027175-20171031_62_H3_c102_r0_k2 , Dir: /scratch/wmz2007/neuroinfo_fruitfly/fisbe/biapy-channel-rot/test/raw
2026-08-06 14:25:37,051 - INFO     - save_and_log_data        : Saving label to file: VT027175-20171031_62_H3_c102_r0_k2, Dir: /scratch/wmz2007/neuroinfo_fruitfly/fisbe/biapy-channel-rot/test/label
2026-08-06 14:25:37,234 - INFO     - save_and_log_data        : Saving raw to file: VT027175-20171031_62_H3_c102_r0_k1 , Dir: /scratch/wmz2007/neuroinfo_fruitfly/fisbe/biapy-channel-rot/test/raw
2026-08-06 14:25:37,234 - INFO     - save_and_log_data        : Saving label to file: VT027175-20171031_62_H3_c102_r0_k1, Dir: /scratch/wmz2007/neuroinfo_fruitfly/fisbe/biapy-channel-rot/test/label
2026-08-06 14:25:38,748 - INFO     - save_and_log_data        : Saving raw to file: VT027175-20171031_62_H3_c012_r1_k3 , Dir: /scratch/wmz2007/neuroinfo_fruitfly/fisbe/biapy-channel-rot/test/raw
2026-08-06 14:25:38,748 - INFO     - save_and_log_data        : Saving label to file: VT027175-20171031_62_H3_c012_r1_k3, Dir: /scratch/wmz2007/neuroinfo_fruitfly/fisbe/biapy-channel-rot/test/label
2026-08-06 14:25:39,391 - INFO     - save_and_log_data        : Saving raw to file: VT027175-20171031_62_H3_c012_r1_k2 , Dir: /scratch/wmz2007/neuroinfo_fruitfly/fisbe/biapy-channel-rot/test/raw
2026-08-06 14:25:39,391 - INFO     - save_and_log_data        : Saving label to file: VT027175-20171031_62_H3_c012_r1_k2, Dir: /scratch/wmz2007/neuroinfo_fruitfly/fisbe/biapy-channel-rot/test/label
2026-08-06 14:25:40,396 - INFO     - save_and_log_data        : Saving raw to file: VT027175-20171031_62_H3_c012_r1_k1 , Dir: /scratch/wmz2007/neuroinfo_fruitfly/fisbe/biapy-channel-rot/test/raw
2026-08-06 14:25:40,397 - INFO     - save_and_log_data        : Saving label to file: VT027175-20171031_62_H3_c012_r1_k1, Dir: /scratch/wmz2007/neuroinfo_fruitfly/fisbe/biapy-channel-rot/test/label
2026-08-06 14:25:41,202 - INFO     - save_and_log_data        : Saving raw to file: VT027175-20171031_62_H3_c012_r2_k3 , Dir: /scratch/wmz2007/neuroinfo_fruitfly/fisbe/biapy-channel-rot/test/raw
2026-08-06 14:25:41,202 - INFO     - save_and_log_data        : Saving label to file: VT027175-20171031_62_H3_c012_r2_k3, Dir: /scratch/wmz2007/neuroinfo_fruitfly/fisbe/biapy-channel-rot/test/label
2026-08-06 14:25:41,729 - INFO     - save_and_log_data        : Saving raw to file: VT027175-20171031_62_H3_c012_r2_k2 , Dir: /scratch/wmz2007/neuroinfo_fruitfly/fisbe/biapy-channel-rot/test/raw
2026-08-06 14:25:41,729 - INFO     - save_and_log_data        : Saving label to file: VT027175-20171031_62_H3_c012_r2_k2, Dir: /scratch/wmz2007/neuroinfo_fruitfly/fisbe/biapy-channel-rot/test/label
2026-08-06 14:25:42,612 - INFO     - save_and_log_data        : Saving raw to file: VT027175-20171031_62_H3_c012_r2_k1 , Dir: /scratch/wmz2007/neuroinfo_fruitfly/fisbe/biapy-channel-rot/test/raw
2026-08-06 14:25:42,612 - INFO     - save_and_log_data        : Saving label to file: VT027175-20171031_62_H3_c012_r2_k1, Dir: /scratch/wmz2007/neuroinfo_fruitfly/fisbe/biapy-channel-rot/test/label
2026-08-06 14:25:44,340 - INFO     - save_and_log_data        : Saving raw to file: VT027175-20171031_62_H3_c012_r0_k3 , Dir: /scratch/wmz2007/neuroinfo_fruitfly/fisbe/biapy-channel-rot/test/raw
2026-08-06 14:25:44,340 - INFO     - save_and_log_data        : Saving label to file: VT027175-20171031_62_H3_c012_r0_k3, Dir: /scratch/wmz2007/neuroinfo_fruitfly/fisbe/biapy-channel-rot/test/label
2026-08-06 14:25:44,874 - INFO     - save_and_log_data        : Saving raw to file: VT027175-20171031_62_H3_c012_r0_k2 , Dir: /scratch/wmz2007/neuroinfo_fruitfly/fisbe/biapy-channel-rot/test/raw
2026-08-06 14:25:44,874 - INFO     - save_and_log_data        : Saving label to file: VT027175-20171031_62_H3_c012_r0_k2, Dir: /scratch/wmz2007/neuroinfo_fruitfly/fisbe/biapy-channel-rot/test/label
2026-08-06 14:25:46,226 - INFO     - save_and_log_data        : Saving raw to file: VT027175-20171031_62_H3_c012_r0_k1 , Dir: /scratch/wmz2007/neuroinfo_fruitfly/fisbe/biapy-channel-rot/test/raw
2026-08-06 14:25:46,226 - INFO     - save_and_log_data        : Saving label to file: VT027175-20171031_62_H3_c012_r0_k1, Dir: /scratch/wmz2007/neuroinfo_fruitfly/fisbe/biapy-channel-rot/test/label
2026-08-06 14:25:46,228 - INFO     - process_samples          : /// Processing Sample [6 / 7]: VT027175-20171031_62_H4.zarr ///
2026-08-06 14:25:56,015 - INFO     - process_samples          : Number of augmentation jobs: 27
2026-08-06 14:25:56,471 - INFO     - save_and_log_data        : Saving raw to file: VT027175-20171031_62_H4_c012_r1_k0 , Dir: /scratch/wmz2007/neuroinfo_fruitfly/fisbe/biapy-channel-rot/test/raw
2026-08-06 14:25:56,471 - INFO     - save_and_log_data        : Saving label to file: VT027175-20171031_62_H4_c012_r1_k0, Dir: /scratch/wmz2007/neuroinfo_fruitfly/fisbe/biapy-channel-rot/test/label
2026-08-06 14:25:56,943 - INFO     - save_and_log_data        : Saving raw to file: VT027175-20171031_62_H4_c012_r1_k1 , Dir: /scratch/wmz2007/neuroinfo_fruitfly/fisbe/biapy-channel-rot/test/raw
2026-08-06 14:25:56,943 - INFO     - save_and_log_data        : Saving label to file: VT027175-20171031_62_H4_c012_r1_k1, Dir: /scratch/wmz2007/neuroinfo_fruitfly/fisbe/biapy-channel-rot/test/label
2026-08-06 14:25:57,426 - INFO     - save_and_log_data        : Saving raw to file: VT027175-20171031_62_H4_c012_r1_k3 , Dir: /scratch/wmz2007/neuroinfo_fruitfly/fisbe/biapy-channel-rot/test/raw
2026-08-06 14:25:57,426 - INFO     - save_and_log_data        : Saving label to file: VT027175-20171031_62_H4_c012_r1_k3, Dir: /scratch/wmz2007/neuroinfo_fruitfly/fisbe/biapy-channel-rot/test/label
2026-08-06 14:25:58,278 - INFO     - save_and_log_data        : Saving raw to file: VT027175-20171031_62_H4_c012_r2_k0 , Dir: /scratch/wmz2007/neuroinfo_fruitfly/fisbe/biapy-channel-rot/test/raw
2026-08-06 14:25:58,278 - INFO     - save_and_log_data        : Saving label to file: VT027175-20171031_62_H4_c012_r2_k0, Dir: /scratch/wmz2007/neuroinfo_fruitfly/fisbe/biapy-channel-rot/test/label
2026-08-06 14:25:59,046 - INFO     - save_and_log_data        : Saving raw to file: VT027175-20171031_62_H4_c012_r2_k1 , Dir: /scratch/wmz2007/neuroinfo_fruitfly/fisbe/biapy-channel-rot/test/raw
2026-08-06 14:25:59,047 - INFO     - save_and_log_data        : Saving label to file: VT027175-20171031_62_H4_c012_r2_k1, Dir: /scratch/wmz2007/neuroinfo_fruitfly/fisbe/biapy-channel-rot/test/label
2026-08-06 14:26:00,482 - INFO     - save_and_log_data        : Saving raw to file: VT027175-20171031_62_H4_c012_r2_k3 , Dir: /scratch/wmz2007/neuroinfo_fruitfly/fisbe/biapy-channel-rot/test/raw
2026-08-06 14:26:00,482 - INFO     - save_and_log_data        : Saving label to file: VT027175-20171031_62_H4_c012_r2_k3, Dir: /scratch/wmz2007/neuroinfo_fruitfly/fisbe/biapy-channel-rot/test/label
2026-08-06 14:26:02,193 - INFO     - save_and_log_data        : Saving raw to file: VT027175-20171031_62_H4_c012_r0_k0 , Dir: /scratch/wmz2007/neuroinfo_fruitfly/fisbe/biapy-channel-rot/test/raw
2026-08-06 14:26:02,199 - INFO     - save_and_log_data        : Saving label to file: VT027175-20171031_62_H4_c012_r0_k0, Dir: /scratch/wmz2007/neuroinfo_fruitfly/fisbe/biapy-channel-rot/test/label
2026-08-06 14:26:04,745 - INFO     - save_and_log_data        : Saving raw to file: VT027175-20171031_62_H4_c012_r0_k1 , Dir: /scratch/wmz2007/neuroinfo_fruitfly/fisbe/biapy-channel-rot/test/raw
2026-08-06 14:26:04,760 - INFO     - save_and_log_data        : Saving label to file: VT027175-20171031_62_H4_c012_r0_k1, Dir: /scratch/wmz2007/neuroinfo_fruitfly/fisbe/biapy-channel-rot/test/label
2026-08-06 14:26:05,251 - INFO     - save_and_log_data        : Saving raw to file: VT027175-20171031_62_H4_c012_r0_k3 , Dir: /scratch/wmz2007/neuroinfo_fruitfly/fisbe/biapy-channel-rot/test/raw
2026-08-06 14:26:05,251 - INFO     - save_and_log_data        : Saving label to file: VT027175-20171031_62_H4_c012_r0_k3, Dir: /scratch/wmz2007/neuroinfo_fruitfly/fisbe/biapy-channel-rot/test/label
2026-08-06 14:26:06,636 - INFO     - save_and_log_data        : Saving raw to file: VT027175-20171031_62_H4_c120_r1_k0 , Dir: /scratch/wmz2007/neuroinfo_fruitfly/fisbe/biapy-channel-rot/test/raw
2026-08-06 14:26:06,639 - INFO     - save_and_log_data        : Saving label to file: VT027175-20171031_62_H4_c120_r1_k0, Dir: /scratch/wmz2007/neuroinfo_fruitfly/fisbe/biapy-channel-rot/test/label
2026-08-06 14:26:07,375 - INFO     - save_and_log_data        : Saving raw to file: VT027175-20171031_62_H4_c120_r1_k1 , Dir: /scratch/wmz2007/neuroinfo_fruitfly/fisbe/biapy-channel-rot/test/raw
2026-08-06 14:26:07,376 - INFO     - save_and_log_data        : Saving label to file: VT027175-20171031_62_H4_c120_r1_k1, Dir: /scratch/wmz2007/neuroinfo_fruitfly/fisbe/biapy-channel-rot/test/label
2026-08-06 14:26:07,971 - INFO     - save_and_log_data        : Saving raw to file: VT027175-20171031_62_H4_c120_r1_k3 , Dir: /scratch/wmz2007/neuroinfo_fruitfly/fisbe/biapy-channel-rot/test/raw
2026-08-06 14:26:07,973 - INFO     - save_and_log_data        : Saving label to file: VT027175-20171031_62_H4_c120_r1_k3, Dir: /scratch/wmz2007/neuroinfo_fruitfly/fisbe/biapy-channel-rot/test/label
2026-08-06 14:26:09,167 - INFO     - save_and_log_data        : Saving raw to file: VT027175-20171031_62_H4_c120_r2_k0 , Dir: /scratch/wmz2007/neuroinfo_fruitfly/fisbe/biapy-channel-rot/test/raw
2026-08-06 14:26:09,173 - INFO     - save_and_log_data        : Saving label to file: VT027175-20171031_62_H4_c120_r2_k0, Dir: /scratch/wmz2007/neuroinfo_fruitfly/fisbe/biapy-channel-rot/test/label
2026-08-06 14:26:09,931 - INFO     - save_and_log_data        : Saving raw to file: VT027175-20171031_62_H4_c120_r2_k1 , Dir: /scratch/wmz2007/neuroinfo_fruitfly/fisbe/biapy-channel-rot/test/raw
2026-08-06 14:26:09,931 - INFO     - save_and_log_data        : Saving label to file: VT027175-20171031_62_H4_c120_r2_k1, Dir: /scratch/wmz2007/neuroinfo_fruitfly/fisbe/biapy-channel-rot/test/label
2026-08-06 14:26:11,122 - INFO     - save_and_log_data        : Saving raw to file: VT027175-20171031_62_H4_c120_r2_k3 , Dir: /scratch/wmz2007/neuroinfo_fruitfly/fisbe/biapy-channel-rot/test/raw
2026-08-06 14:26:11,128 - INFO     - save_and_log_data        : Saving label to file: VT027175-20171031_62_H4_c120_r2_k3, Dir: /scratch/wmz2007/neuroinfo_fruitfly/fisbe/biapy-channel-rot/test/label
2026-08-06 14:26:11,778 - INFO     - save_and_log_data        : Saving raw to file: VT027175-20171031_62_H4_c120_r0_k0 , Dir: /scratch/wmz2007/neuroinfo_fruitfly/fisbe/biapy-channel-rot/test/raw
2026-08-06 14:26:11,778 - INFO     - save_and_log_data        : Saving label to file: VT027175-20171031_62_H4_c120_r0_k0, Dir: /scratch/wmz2007/neuroinfo_fruitfly/fisbe/biapy-channel-rot/test/label
2026-08-06 14:26:12,963 - INFO     - save_and_log_data        : Saving raw to file: VT027175-20171031_62_H4_c120_r0_k1 , Dir: /scratch/wmz2007/neuroinfo_fruitfly/fisbe/biapy-channel-rot/test/raw
2026-08-06 14:26:12,963 - INFO     - save_and_log_data        : Saving label to file: VT027175-20171031_62_H4_c120_r0_k1, Dir: /scratch/wmz2007/neuroinfo_fruitfly/fisbe/biapy-channel-rot/test/label
2026-08-06 14:26:14,765 - INFO     - save_and_log_data        : Saving raw to file: VT027175-20171031_62_H4_c120_r0_k3 , Dir: /scratch/wmz2007/neuroinfo_fruitfly/fisbe/biapy-channel-rot/test/raw
2026-08-06 14:26:14,767 - INFO     - save_and_log_data        : Saving label to file: VT027175-20171031_62_H4_c120_r0_k3, Dir: /scratch/wmz2007/neuroinfo_fruitfly/fisbe/biapy-channel-rot/test/label
2026-08-06 14:26:15,323 - INFO     - save_and_log_data        : Saving raw to file: VT027175-20171031_62_H4_c210_r1_k0 , Dir: /scratch/wmz2007/neuroinfo_fruitfly/fisbe/biapy-channel-rot/test/raw
2026-08-06 14:26:15,323 - INFO     - save_and_log_data        : Saving label to file: VT027175-20171031_62_H4_c210_r1_k0, Dir: /scratch/wmz2007/neuroinfo_fruitfly/fisbe/biapy-channel-rot/test/label
2026-08-06 14:26:16,669 - INFO     - save_and_log_data        : Saving raw to file: VT027175-20171031_62_H4_c210_r1_k1 , Dir: /scratch/wmz2007/neuroinfo_fruitfly/fisbe/biapy-channel-rot/test/raw
2026-08-06 14:26:16,679 - INFO     - save_and_log_data        : Saving label to file: VT027175-20171031_62_H4_c210_r1_k1, Dir: /scratch/wmz2007/neuroinfo_fruitfly/fisbe/biapy-channel-rot/test/label
2026-08-06 14:26:17,319 - INFO     - save_and_log_data        : Saving raw to file: VT027175-20171031_62_H4_c210_r1_k3 , Dir: /scratch/wmz2007/neuroinfo_fruitfly/fisbe/biapy-channel-rot/test/raw
2026-08-06 14:26:17,319 - INFO     - save_and_log_data        : Saving label to file: VT027175-20171031_62_H4_c210_r1_k3, Dir: /scratch/wmz2007/neuroinfo_fruitfly/fisbe/biapy-channel-rot/test/label
2026-08-06 14:26:18,399 - INFO     - save_and_log_data        : Saving raw to file: VT027175-20171031_62_H4_c210_r2_k0 , Dir: /scratch/wmz2007/neuroinfo_fruitfly/fisbe/biapy-channel-rot/test/raw
2026-08-06 14:26:18,400 - INFO     - save_and_log_data        : Saving label to file: VT027175-20171031_62_H4_c210_r2_k0, Dir: /scratch/wmz2007/neuroinfo_fruitfly/fisbe/biapy-channel-rot/test/label
2026-08-06 14:26:19,231 - INFO     - save_and_log_data        : Saving raw to file: VT027175-20171031_62_H4_c210_r2_k1 , Dir: /scratch/wmz2007/neuroinfo_fruitfly/fisbe/biapy-channel-rot/test/raw
2026-08-06 14:26:19,231 - INFO     - save_and_log_data        : Saving label to file: VT027175-20171031_62_H4_c210_r2_k1, Dir: /scratch/wmz2007/neuroinfo_fruitfly/fisbe/biapy-channel-rot/test/label
2026-08-06 14:26:19,690 - INFO     - save_and_log_data        : Saving raw to file: VT027175-20171031_62_H4_c210_r2_k3 , Dir: /scratch/wmz2007/neuroinfo_fruitfly/fisbe/biapy-channel-rot/test/raw
2026-08-06 14:26:19,690 - INFO     - save_and_log_data        : Saving label to file: VT027175-20171031_62_H4_c210_r2_k3, Dir: /scratch/wmz2007/neuroinfo_fruitfly/fisbe/biapy-channel-rot/test/label
2026-08-06 14:26:20,540 - INFO     - save_and_log_data        : Saving raw to file: VT027175-20171031_62_H4_c210_r0_k0 , Dir: /scratch/wmz2007/neuroinfo_fruitfly/fisbe/biapy-channel-rot/test/raw
2026-08-06 14:26:20,540 - INFO     - save_and_log_data        : Saving label to file: VT027175-20171031_62_H4_c210_r0_k0, Dir: /scratch/wmz2007/neuroinfo_fruitfly/fisbe/biapy-channel-rot/test/label
2026-08-06 14:26:21,398 - INFO     - save_and_log_data        : Saving raw to file: VT027175-20171031_62_H4_c210_r0_k1 , Dir: /scratch/wmz2007/neuroinfo_fruitfly/fisbe/biapy-channel-rot/test/raw
2026-08-06 14:26:21,398 - INFO     - save_and_log_data        : Saving label to file: VT027175-20171031_62_H4_c210_r0_k1, Dir: /scratch/wmz2007/neuroinfo_fruitfly/fisbe/biapy-channel-rot/test/label
2026-08-06 14:26:22,750 - INFO     - save_and_log_data        : Saving raw to file: VT027175-20171031_62_H4_c210_r0_k3 , Dir: /scratch/wmz2007/neuroinfo_fruitfly/fisbe/biapy-channel-rot/test/raw
2026-08-06 14:26:22,750 - INFO     - save_and_log_data        : Saving label to file: VT027175-20171031_62_H4_c210_r0_k3, Dir: /scratch/wmz2007/neuroinfo_fruitfly/fisbe/biapy-channel-rot/test/label
2026-08-06 14:26:22,751 - INFO     - process_samples          : /// Processing Sample [7 / 7]: VT050157-20171110_61_C1.zarr ///
2026-08-06 14:26:31,653 - INFO     - process_samples          : Number of augmentation jobs: 27
2026-08-06 14:26:32,034 - INFO     - save_and_log_data        : Saving raw to file: VT050157-20171110_61_C1_c012_r0_k1 , Dir: /scratch/wmz2007/neuroinfo_fruitfly/fisbe/biapy-channel-rot/test/raw
2026-08-06 14:26:32,034 - INFO     - save_and_log_data        : Saving label to file: VT050157-20171110_61_C1_c012_r0_k1, Dir: /scratch/wmz2007/neuroinfo_fruitfly/fisbe/biapy-channel-rot/test/label
2026-08-06 14:26:32,413 - INFO     - save_and_log_data        : Saving raw to file: VT050157-20171110_61_C1_c012_r0_k3 , Dir: /scratch/wmz2007/neuroinfo_fruitfly/fisbe/biapy-channel-rot/test/raw
2026-08-06 14:26:32,413 - INFO     - save_and_log_data        : Saving label to file: VT050157-20171110_61_C1_c012_r0_k3, Dir: /scratch/wmz2007/neuroinfo_fruitfly/fisbe/biapy-channel-rot/test/label
2026-08-06 14:26:32,797 - INFO     - save_and_log_data        : Saving raw to file: VT050157-20171110_61_C1_c012_r0_k2 , Dir: /scratch/wmz2007/neuroinfo_fruitfly/fisbe/biapy-channel-rot/test/raw
2026-08-06 14:26:32,797 - INFO     - save_and_log_data        : Saving label to file: VT050157-20171110_61_C1_c012_r0_k2, Dir: /scratch/wmz2007/neuroinfo_fruitfly/fisbe/biapy-channel-rot/test/label
2026-08-06 14:26:33,541 - INFO     - save_and_log_data        : Saving raw to file: VT050157-20171110_61_C1_c012_r1_k1 , Dir: /scratch/wmz2007/neuroinfo_fruitfly/fisbe/biapy-channel-rot/test/raw
2026-08-06 14:26:33,980 - INFO     - save_and_log_data        : Saving label to file: VT050157-20171110_61_C1_c012_r1_k1, Dir: /scratch/wmz2007/neuroinfo_fruitfly/fisbe/biapy-channel-rot/test/label
2026-08-06 14:26:34,074 - INFO     - save_and_log_data        : Saving raw to file: VT050157-20171110_61_C1_c012_r1_k3 , Dir: /scratch/wmz2007/neuroinfo_fruitfly/fisbe/biapy-channel-rot/test/raw
2026-08-06 14:26:34,074 - INFO     - save_and_log_data        : Saving label to file: VT050157-20171110_61_C1_c012_r1_k3, Dir: /scratch/wmz2007/neuroinfo_fruitfly/fisbe/biapy-channel-rot/test/label
2026-08-06 14:26:35,103 - INFO     - save_and_log_data        : Saving raw to file: VT050157-20171110_61_C1_c012_r1_k2 , Dir: /scratch/wmz2007/neuroinfo_fruitfly/fisbe/biapy-channel-rot/test/raw
2026-08-06 14:26:35,104 - INFO     - save_and_log_data        : Saving label to file: VT050157-20171110_61_C1_c012_r1_k2, Dir: /scratch/wmz2007/neuroinfo_fruitfly/fisbe/biapy-channel-rot/test/label
2026-08-06 14:26:35,681 - INFO     - save_and_log_data        : Saving raw to file: VT050157-20171110_61_C1_c012_r2_k1 , Dir: /scratch/wmz2007/neuroinfo_fruitfly/fisbe/biapy-channel-rot/test/raw
2026-08-06 14:26:35,681 - INFO     - save_and_log_data        : Saving label to file: VT050157-20171110_61_C1_c012_r2_k1, Dir: /scratch/wmz2007/neuroinfo_fruitfly/fisbe/biapy-channel-rot/test/label
2026-08-06 14:26:36,095 - INFO     - save_and_log_data        : Saving raw to file: VT050157-20171110_61_C1_c012_r2_k3 , Dir: /scratch/wmz2007/neuroinfo_fruitfly/fisbe/biapy-channel-rot/test/raw
2026-08-06 14:26:36,095 - INFO     - save_and_log_data        : Saving label to file: VT050157-20171110_61_C1_c012_r2_k3, Dir: /scratch/wmz2007/neuroinfo_fruitfly/fisbe/biapy-channel-rot/test/label
2026-08-06 14:26:37,232 - INFO     - save_and_log_data        : Saving raw to file: VT050157-20171110_61_C1_c012_r2_k2 , Dir: /scratch/wmz2007/neuroinfo_fruitfly/fisbe/biapy-channel-rot/test/raw
2026-08-06 14:26:37,238 - INFO     - save_and_log_data        : Saving label to file: VT050157-20171110_61_C1_c012_r2_k2, Dir: /scratch/wmz2007/neuroinfo_fruitfly/fisbe/biapy-channel-rot/test/label
2026-08-06 14:26:38,659 - INFO     - save_and_log_data        : Saving raw to file: VT050157-20171110_61_C1_c210_r0_k1 , Dir: /scratch/wmz2007/neuroinfo_fruitfly/fisbe/biapy-channel-rot/test/raw
2026-08-06 14:26:38,661 - INFO     - save_and_log_data        : Saving label to file: VT050157-20171110_61_C1_c210_r0_k1, Dir: /scratch/wmz2007/neuroinfo_fruitfly/fisbe/biapy-channel-rot/test/label
2026-08-06 14:26:39,298 - INFO     - save_and_log_data        : Saving raw to file: VT050157-20171110_61_C1_c210_r0_k3 , Dir: /scratch/wmz2007/neuroinfo_fruitfly/fisbe/biapy-channel-rot/test/raw
2026-08-06 14:26:39,298 - INFO     - save_and_log_data        : Saving label to file: VT050157-20171110_61_C1_c210_r0_k3, Dir: /scratch/wmz2007/neuroinfo_fruitfly/fisbe/biapy-channel-rot/test/label
2026-08-06 14:26:40,386 - INFO     - save_and_log_data        : Saving raw to file: VT050157-20171110_61_C1_c210_r0_k2 , Dir: /scratch/wmz2007/neuroinfo_fruitfly/fisbe/biapy-channel-rot/test/raw
2026-08-06 14:26:40,386 - INFO     - save_and_log_data        : Saving label to file: VT050157-20171110_61_C1_c210_r0_k2, Dir: /scratch/wmz2007/neuroinfo_fruitfly/fisbe/biapy-channel-rot/test/label
2026-08-06 14:26:41,951 - INFO     - save_and_log_data        : Saving raw to file: VT050157-20171110_61_C1_c210_r1_k1 , Dir: /scratch/wmz2007/neuroinfo_fruitfly/fisbe/biapy-channel-rot/test/raw
2026-08-06 14:26:42,982 - INFO     - save_and_log_data        : Saving label to file: VT050157-20171110_61_C1_c210_r1_k1, Dir: /scratch/wmz2007/neuroinfo_fruitfly/fisbe/biapy-channel-rot/test/label
2026-08-06 14:26:42,983 - INFO     - save_and_log_data        : Saving raw to file: VT050157-20171110_61_C1_c210_r1_k3 , Dir: /scratch/wmz2007/neuroinfo_fruitfly/fisbe/biapy-channel-rot/test/raw
2026-08-06 14:26:42,997 - INFO     - save_and_log_data        : Saving label to file: VT050157-20171110_61_C1_c210_r1_k3, Dir: /scratch/wmz2007/neuroinfo_fruitfly/fisbe/biapy-channel-rot/test/label
2026-08-06 14:26:43,750 - INFO     - save_and_log_data        : Saving raw to file: VT050157-20171110_61_C1_c210_r1_k2 , Dir: /scratch/wmz2007/neuroinfo_fruitfly/fisbe/biapy-channel-rot/test/raw
2026-08-06 14:26:44,201 - INFO     - save_and_log_data        : Saving label to file: VT050157-20171110_61_C1_c210_r1_k2, Dir: /scratch/wmz2007/neuroinfo_fruitfly/fisbe/biapy-channel-rot/test/label
2026-08-06 14:26:44,208 - INFO     - save_and_log_data        : Saving raw to file: VT050157-20171110_61_C1_c210_r2_k1 , Dir: /scratch/wmz2007/neuroinfo_fruitfly/fisbe/biapy-channel-rot/test/raw
2026-08-06 14:26:44,209 - INFO     - save_and_log_data        : Saving label to file: VT050157-20171110_61_C1_c210_r2_k1, Dir: /scratch/wmz2007/neuroinfo_fruitfly/fisbe/biapy-channel-rot/test/label
2026-08-06 14:26:44,908 - INFO     - save_and_log_data        : Saving raw to file: VT050157-20171110_61_C1_c210_r2_k3 , Dir: /scratch/wmz2007/neuroinfo_fruitfly/fisbe/biapy-channel-rot/test/raw
2026-08-06 14:26:44,909 - INFO     - save_and_log_data        : Saving label to file: VT050157-20171110_61_C1_c210_r2_k3, Dir: /scratch/wmz2007/neuroinfo_fruitfly/fisbe/biapy-channel-rot/test/label
2026-08-06 14:26:45,337 - INFO     - save_and_log_data        : Saving raw to file: VT050157-20171110_61_C1_c210_r2_k2 , Dir: /scratch/wmz2007/neuroinfo_fruitfly/fisbe/biapy-channel-rot/test/raw
2026-08-06 14:26:45,337 - INFO     - save_and_log_data        : Saving label to file: VT050157-20171110_61_C1_c210_r2_k2, Dir: /scratch/wmz2007/neuroinfo_fruitfly/fisbe/biapy-channel-rot/test/label
2026-08-06 14:26:46,882 - INFO     - save_and_log_data        : Saving raw to file: VT050157-20171110_61_C1_c021_r0_k1 , Dir: /scratch/wmz2007/neuroinfo_fruitfly/fisbe/biapy-channel-rot/test/raw
2026-08-06 14:26:46,889 - INFO     - save_and_log_data        : Saving label to file: VT050157-20171110_61_C1_c021_r0_k1, Dir: /scratch/wmz2007/neuroinfo_fruitfly/fisbe/biapy-channel-rot/test/label
2026-08-06 14:26:47,206 - INFO     - save_and_log_data        : Saving raw to file: VT050157-20171110_61_C1_c021_r0_k3 , Dir: /scratch/wmz2007/neuroinfo_fruitfly/fisbe/biapy-channel-rot/test/raw
2026-08-06 14:26:47,207 - INFO     - save_and_log_data        : Saving label to file: VT050157-20171110_61_C1_c021_r0_k3, Dir: /scratch/wmz2007/neuroinfo_fruitfly/fisbe/biapy-channel-rot/test/label
2026-08-06 14:26:48,889 - INFO     - save_and_log_data        : Saving raw to file: VT050157-20171110_61_C1_c021_r0_k2 , Dir: /scratch/wmz2007/neuroinfo_fruitfly/fisbe/biapy-channel-rot/test/raw
2026-08-06 14:26:48,898 - INFO     - save_and_log_data        : Saving label to file: VT050157-20171110_61_C1_c021_r0_k2, Dir: /scratch/wmz2007/neuroinfo_fruitfly/fisbe/biapy-channel-rot/test/label
