timestamp, name, temperature.gpu, utilization.gpu [%], utilization.memory [%], memory.used [MiB], memory.total [MiB]
2026/06/25 15:03:47.406, NVIDIA L40S, 44, 0 %, 0 %, 0 MiB, 46068 MiB
2026/06/25 15:03:50.407, NVIDIA L40S, 43, 0 %, 0 %, 0 MiB, 46068 MiB
2026/06/25 15:03:53.408, NVIDIA L40S, 43, 0 %, 0 %, 0 MiB, 46068 MiB
2026/06/25 15:03:56.408, NVIDIA L40S, 42, 0 %, 0 %, 0 MiB, 46068 MiB
2026/06/25 15:03:59.409, NVIDIA L40S, 42, 0 %, 0 %, 0 MiB, 46068 MiB
2026/06/25 15:04:02.410, NVIDIA L40S, 42, 0 %, 0 %, 0 MiB, 46068 MiB
2026/06/25 15:04:05.410, NVIDIA L40S, 41, 0 %, 0 %, 0 MiB, 46068 MiB
2026/06/25 15:04:08.411, NVIDIA L40S, 41, 0 %, 0 %, 0 MiB, 46068 MiB
2026/06/25 15:04:11.411, NVIDIA L40S, 41, 0 %, 0 %, 0 MiB, 46068 MiB
2026/06/25 15:04:14.412, NVIDIA L40S, 40, 0 %, 0 %, 0 MiB, 46068 MiB
2026/06/25 15:04:17.413, NVIDIA L40S, 40, 0 %, 0 %, 0 MiB, 46068 MiB
2026/06/25 15:04:20.414, NVIDIA L40S, 40, 0 %, 0 %, 0 MiB, 46068 MiB
2026/06/25 15:04:23.414, NVIDIA L40S, 40, 0 %, 0 %, 0 MiB, 46068 MiB
2026/06/25 15:04:26.414, NVIDIA L40S, 39, 0 %, 0 %, 0 MiB, 46068 MiB
2026/06/25 15:04:29.415, NVIDIA L40S, 39, 0 %, 0 %, 0 MiB, 46068 MiB
2026/06/25 15:04:32.415, NVIDIA L40S, 39, 0 %, 0 %, 0 MiB, 46068 MiB
2026/06/25 15:04:35.416, NVIDIA L40S, 38, 0 %, 0 %, 0 MiB, 46068 MiB
2026/06/25 15:04:38.416, NVIDIA L40S, 38, 0 %, 0 %, 0 MiB, 46068 MiB
2026/06/25 15:04:41.417, NVIDIA L40S, 38, 0 %, 0 %, 0 MiB, 46068 MiB
2026/06/25 15:04:44.417, NVIDIA L40S, 38, 0 %, 0 %, 0 MiB, 46068 MiB
2026/06/25 15:04:47.420, NVIDIA L40S, 37, 0 %, 0 %, 0 MiB, 46068 MiB
2026/06/25 15:04:50.420, NVIDIA L40S, 37, 0 %, 0 %, 0 MiB, 46068 MiB
2026/06/25 15:04:53.421, NVIDIA L40S, 37, 0 %, 0 %, 0 MiB, 46068 MiB
2026/06/25 15:04:56.422, NVIDIA L40S, 36, 0 %, 0 %, 0 MiB, 46068 MiB
2026/06/25 15:04:59.422, NVIDIA L40S, 36, 0 %, 0 %, 0 MiB, 46068 MiB
2026/06/25 15:05:02.423, NVIDIA L40S, 36, 0 %, 0 %, 0 MiB, 46068 MiB
2026/06/25 15:05:05.423, NVIDIA L40S, 36, 0 %, 0 %, 0 MiB, 46068 MiB
2026/06/25 15:05:08.424, NVIDIA L40S, 35, 0 %, 0 %, 0 MiB, 46068 MiB
2026/06/25 15:05:11.425, NVIDIA L40S, 35, 0 %, 0 %, 0 MiB, 46068 MiB
2026/06/25 15:05:14.425, NVIDIA L40S, 35, 0 %, 0 %, 0 MiB, 46068 MiB
2026/06/25 15:05:17.426, NVIDIA L40S, 35, 0 %, 0 %, 0 MiB, 46068 MiB
2026/06/25 15:05:20.427, NVIDIA L40S, 35, 0 %, 0 %, 0 MiB, 46068 MiB
2026/06/25 15:05:23.427, NVIDIA L40S, 34, 0 %, 0 %, 0 MiB, 46068 MiB
2026/06/25 15:05:26.428, NVIDIA L40S, 34, 0 %, 0 %, 0 MiB, 46068 MiB
2026/06/25 15:05:29.429, NVIDIA L40S, 34, 0 %, 0 %, 0 MiB, 46068 MiB
2026/06/25 15:05:32.429, NVIDIA L40S, 34, 0 %, 0 %, 0 MiB, 46068 MiB
2026/06/25 15:05:35.430, NVIDIA L40S, 34, 0 %, 0 %, 0 MiB, 46068 MiB
2026/06/25 15:05:38.430, NVIDIA L40S, 34, 0 %, 0 %, 0 MiB, 46068 MiB
2026/06/25 15:05:41.431, NVIDIA L40S, 34, 0 %, 0 %, 0 MiB, 46068 MiB
2026/06/25 15:05:44.431, NVIDIA L40S, 34, 0 %, 0 %, 0 MiB, 46068 MiB
2026/06/25 15:05:47.432, NVIDIA L40S, 34, 0 %, 0 %, 0 MiB, 46068 MiB
2026/06/25 15:05:50.432, NVIDIA L40S, 34, 0 %, 0 %, 0 MiB, 46068 MiB
2026/06/25 15:05:53.433, NVIDIA L40S, 33, 0 %, 0 %, 0 MiB, 46068 MiB
2026/06/25 15:05:56.434, NVIDIA L40S, 33, 0 %, 0 %, 0 MiB, 46068 MiB
2026/06/25 15:05:59.434, NVIDIA L40S, 33, 0 %, 0 %, 0 MiB, 46068 MiB
2026/06/25 15:06:02.435, NVIDIA L40S, 33, 0 %, 0 %, 0 MiB, 46068 MiB
2026/06/25 15:06:05.436, NVIDIA L40S, 33, 0 %, 0 %, 0 MiB, 46068 MiB
2026/06/25 15:06:08.436, NVIDIA L40S, 33, 0 %, 0 %, 0 MiB, 46068 MiB
2026/06/25 15:06:11.437, NVIDIA L40S, 33, 0 %, 0 %, 0 MiB, 46068 MiB
2026/06/25 15:06:14.437, NVIDIA L40S, 33, 0 %, 0 %, 0 MiB, 46068 MiB
2026/06/25 15:06:17.438, NVIDIA L40S, 33, 0 %, 0 %, 0 MiB, 46068 MiB
2026/06/25 15:06:20.438, NVIDIA L40S, 33, 0 %, 0 %, 0 MiB, 46068 MiB
2026/06/25 15:06:23.439, NVIDIA L40S, 33, 0 %, 0 %, 0 MiB, 46068 MiB
2026/06/25 15:06:26.440, NVIDIA L40S, 33, 0 %, 0 %, 0 MiB, 46068 MiB
2026/06/25 15:06:29.441, NVIDIA L40S, 33, 0 %, 0 %, 0 MiB, 46068 MiB
2026/06/25 15:06:32.441, NVIDIA L40S, 33, 0 %, 0 %, 0 MiB, 46068 MiB
2026/06/25 15:06:35.442, NVIDIA L40S, 33, 0 %, 0 %, 0 MiB, 46068 MiB
2026/06/25 15:06:38.442, NVIDIA L40S, 33, 0 %, 0 %, 0 MiB, 46068 MiB
2026/06/25 15:06:41.443, NVIDIA L40S, 33, 0 %, 0 %, 0 MiB, 46068 MiB
2026/06/25 15:06:44.443, NVIDIA L40S, 33, 0 %, 0 %, 0 MiB, 46068 MiB
2026/06/25 15:06:47.444, NVIDIA L40S, 33, 0 %, 0 %, 0 MiB, 46068 MiB
2026/06/25 15:06:50.445, NVIDIA L40S, 33, 0 %, 0 %, 0 MiB, 46068 MiB
2026/06/25 15:06:53.445, NVIDIA L40S, 33, 0 %, 0 %, 0 MiB, 46068 MiB
2026/06/25 15:06:56.446, NVIDIA L40S, 33, 0 %, 0 %, 0 MiB, 46068 MiB
2026/06/25 15:06:59.447, NVIDIA L40S, 33, 0 %, 0 %, 0 MiB, 46068 MiB
2026/06/25 15:07:02.447, NVIDIA L40S, 33, 0 %, 0 %, 0 MiB, 46068 MiB
2026/06/25 15:07:05.448, NVIDIA L40S, 33, 0 %, 0 %, 0 MiB, 46068 MiB
2026/06/25 15:07:08.448, NVIDIA L40S, 33, 0 %, 0 %, 0 MiB, 46068 MiB
2026/06/25 15:07:11.449, NVIDIA L40S, 33, 0 %, 0 %, 0 MiB, 46068 MiB
2026/06/25 15:07:14.449, NVIDIA L40S, 33, 0 %, 0 %, 0 MiB, 46068 MiB
2026/06/25 15:07:17.450, NVIDIA L40S, 33, 0 %, 0 %, 0 MiB, 46068 MiB
2026/06/25 15:07:20.451, NVIDIA L40S, 33, 0 %, 0 %, 0 MiB, 46068 MiB
2026/06/25 15:07:23.451, NVIDIA L40S, 33, 0 %, 0 %, 0 MiB, 46068 MiB
2026/06/25 15:07:26.452, NVIDIA L40S, 33, 0 %, 0 %, 0 MiB, 46068 MiB
2026/06/25 15:07:29.452, NVIDIA L40S, 33, 0 %, 0 %, 0 MiB, 46068 MiB
2026/06/25 15:07:32.453, NVIDIA L40S, 33, 0 %, 0 %, 0 MiB, 46068 MiB
2026/06/25 15:07:35.454, NVIDIA L40S, 33, 0 %, 0 %, 0 MiB, 46068 MiB
2026/06/25 15:07:38.454, NVIDIA L40S, 33, 0 %, 0 %, 0 MiB, 46068 MiB
2026/06/25 15:07:41.455, NVIDIA L40S, 33, 0 %, 0 %, 0 MiB, 46068 MiB
2026/06/25 15:07:44.455, NVIDIA L40S, 33, 0 %, 0 %, 0 MiB, 46068 MiB
2026/06/25 15:07:47.456, NVIDIA L40S, 36, 0 %, 0 %, 1455 MiB, 46068 MiB
2026/06/25 15:07:50.457, NVIDIA L40S, 52, 100 %, 0 %, 3171 MiB, 46068 MiB
2026/06/25 15:07:53.457, NVIDIA L40S, 41, 0 %, 0 %, 1449 MiB, 46068 MiB
2026/06/25 15:07:56.458, NVIDIA L40S, 40, 0 %, 0 %, 1449 MiB, 46068 MiB
2026/06/25 15:07:59.459, NVIDIA L40S, 51, 100 %, 8 %, 11003 MiB, 46068 MiB
2026/06/25 15:08:02.459, NVIDIA L40S, 58, 100 %, 0 %, 10943 MiB, 46068 MiB
2026/06/25 15:08:05.460, NVIDIA L40S, 56, 100 %, 22 %, 14745 MiB, 46068 MiB
2026/06/25 15:08:08.461, NVIDIA L40S, 47, 0 %, 0 %, 13323 MiB, 46068 MiB
2026/06/25 15:08:11.461, NVIDIA L40S, 46, 0 %, 0 %, 23143 MiB, 46068 MiB
2026/06/25 15:08:14.462, NVIDIA L40S, 45, 0 %, 0 %, 23143 MiB, 46068 MiB
2026/06/25 15:08:17.462, NVIDIA L40S, 44, 9 %, 0 %, 24783 MiB, 46068 MiB
2026/06/25 15:08:20.463, NVIDIA L40S, 44, 0 %, 0 %, 24783 MiB, 46068 MiB
2026/06/25 15:08:23.463, NVIDIA L40S, 45, 9 %, 0 %, 26423 MiB, 46068 MiB
2026/06/25 15:08:26.464, NVIDIA L40S, 43, 0 %, 0 %, 26423 MiB, 46068 MiB
2026/06/25 15:08:29.464, NVIDIA L40S, 43, 0 %, 0 %, 26423 MiB, 46068 MiB
2026/06/25 15:08:32.465, NVIDIA L40S, 43, 0 %, 0 %, 26423 MiB, 46068 MiB
2026/06/25 15:08:35.466, NVIDIA L40S, 42, 0 %, 0 %, 26423 MiB, 46068 MiB
2026/06/25 15:08:38.466, NVIDIA L40S, 42, 0 %, 0 %, 26423 MiB, 46068 MiB
2026/06/25 15:08:41.467, NVIDIA L40S, 42, 0 %, 0 %, 26423 MiB, 46068 MiB
2026/06/25 15:08:44.467, NVIDIA L40S, 50, 100 %, 44 %, 28063 MiB, 46068 MiB
2026/06/25 15:08:47.468, NVIDIA L40S, 42, 0 %, 0 %, 28063 MiB, 46068 MiB
2026/06/25 15:08:50.468, NVIDIA L40S, 42, 0 %, 0 %, 28063 MiB, 46068 MiB
2026/06/25 15:08:53.469, NVIDIA L40S, 42, 0 %, 0 %, 28063 MiB, 46068 MiB
2026/06/25 15:08:56.470, NVIDIA L40S, 42, 0 %, 0 %, 28063 MiB, 46068 MiB
2026/06/25 15:08:59.470, NVIDIA L40S, 42, 8 %, 0 %, 28063 MiB, 46068 MiB
2026/06/25 15:09:02.471, NVIDIA L40S, 43, 0 %, 0 %, 28063 MiB, 46068 MiB
2026/06/25 15:09:05.471, NVIDIA L40S, 47, 75 %, 45 %, 28063 MiB, 46068 MiB
2026/06/25 15:09:08.472, NVIDIA L40S, 43, 8 %, 0 %, 28063 MiB, 46068 MiB
2026/06/25 15:09:11.473, NVIDIA L40S, 43, 0 %, 0 %, 28063 MiB, 46068 MiB
2026/06/25 15:09:14.473, NVIDIA L40S, 43, 0 %, 0 %, 28063 MiB, 46068 MiB
2026/06/25 15:09:17.474, NVIDIA L40S, 44, 6 %, 0 %, 28063 MiB, 46068 MiB
2026/06/25 15:09:20.475, NVIDIA L40S, 44, 8 %, 0 %, 28063 MiB, 46068 MiB
2026/06/25 15:09:23.475, NVIDIA L40S, 50, 91 %, 63 %, 28063 MiB, 46068 MiB
2026/06/25 15:09:26.476, NVIDIA L40S, 45, 2 %, 0 %, 28063 MiB, 46068 MiB
2026/06/25 15:09:29.476, NVIDIA L40S, 45, 0 %, 0 %, 28063 MiB, 46068 MiB
2026/06/25 15:09:32.477, NVIDIA L40S, 46, 32 %, 16 %, 28063 MiB, 46068 MiB
2026/06/25 15:09:35.477, NVIDIA L40S, 45, 8 %, 0 %, 28063 MiB, 46068 MiB
2026/06/25 15:09:38.478, NVIDIA L40S, 45, 0 %, 0 %, 28063 MiB, 46068 MiB
2026/06/25 15:09:41.478, NVIDIA L40S, 45, 0 %, 0 %, 28063 MiB, 46068 MiB
2026/06/25 15:09:44.479, NVIDIA L40S, 45, 0 %, 0 %, 28063 MiB, 46068 MiB
2026/06/25 15:09:47.479, NVIDIA L40S, 45, 0 %, 0 %, 28063 MiB, 46068 MiB
2026/06/25 15:09:50.480, NVIDIA L40S, 45, 0 %, 0 %, 28063 MiB, 46068 MiB
2026/06/25 15:09:53.480, NVIDIA L40S, 45, 0 %, 0 %, 28063 MiB, 46068 MiB
2026/06/25 15:09:56.481, NVIDIA L40S, 45, 0 %, 0 %, 28063 MiB, 46068 MiB
2026/06/25 15:09:59.482, NVIDIA L40S, 45, 0 %, 0 %, 28063 MiB, 46068 MiB
2026/06/25 15:10:02.482, NVIDIA L40S, 45, 0 %, 0 %, 28063 MiB, 46068 MiB
2026/06/25 15:10:05.483, NVIDIA L40S, 45, 0 %, 0 %, 28063 MiB, 46068 MiB
2026/06/25 15:10:08.484, NVIDIA L40S, 45, 0 %, 0 %, 28063 MiB, 46068 MiB
2026/06/25 15:10:11.484, NVIDIA L40S, 45, 0 %, 0 %, 28063 MiB, 46068 MiB
2026/06/25 15:10:14.485, NVIDIA L40S, 45, 0 %, 0 %, 28063 MiB, 46068 MiB
2026/06/25 15:10:17.485, NVIDIA L40S, 45, 8 %, 0 %, 28063 MiB, 46068 MiB
2026/06/25 15:10:20.486, NVIDIA L40S, 45, 6 %, 0 %, 28063 MiB, 46068 MiB
2026/06/25 15:10:23.486, NVIDIA L40S, 47, 59 %, 23 %, 28063 MiB, 46068 MiB
2026/06/25 15:10:26.487, NVIDIA L40S, 45, 0 %, 0 %, 28063 MiB, 46068 MiB
2026/06/25 15:10:29.487, NVIDIA L40S, 45, 0 %, 0 %, 28063 MiB, 46068 MiB
2026/06/25 15:10:32.488, NVIDIA L40S, 45, 0 %, 0 %, 28063 MiB, 46068 MiB
2026/06/25 15:10:35.488, NVIDIA L40S, 50, 99 %, 35 %, 28063 MiB, 46068 MiB
2026/06/25 15:10:38.489, NVIDIA L40S, 45, 0 %, 0 %, 28063 MiB, 46068 MiB
2026/06/25 15:10:41.489, NVIDIA L40S, 45, 0 %, 0 %, 28063 MiB, 46068 MiB
2026/06/25 15:10:44.490, NVIDIA L40S, 47, 8 %, 0 %, 28063 MiB, 46068 MiB
2026/06/25 15:10:47.490, NVIDIA L40S, 45, 0 %, 0 %, 28063 MiB, 46068 MiB
2026/06/25 15:10:50.491, NVIDIA L40S, 45, 0 %, 0 %, 28063 MiB, 46068 MiB
2026/06/25 15:10:53.492, NVIDIA L40S, 46, 0 %, 0 %, 28063 MiB, 46068 MiB
2026/06/25 15:10:56.492, NVIDIA L40S, 45, 0 %, 0 %, 28063 MiB, 46068 MiB
2026/06/25 15:10:59.493, NVIDIA L40S, 45, 0 %, 0 %, 28063 MiB, 46068 MiB
2026/06/25 15:11:02.494, NVIDIA L40S, 46, 0 %, 0 %, 28063 MiB, 46068 MiB
2026/06/25 15:11:05.494, NVIDIA L40S, 47, 5 %, 0 %, 28063 MiB, 46068 MiB
2026/06/25 15:11:08.495, NVIDIA L40S, 46, 0 %, 0 %, 28063 MiB, 46068 MiB
2026/06/25 15:11:11.495, NVIDIA L40S, 46, 0 %, 0 %, 28063 MiB, 46068 MiB
2026/06/25 15:11:14.496, NVIDIA L40S, 47, 0 %, 0 %, 28063 MiB, 46068 MiB
2026/06/25 15:11:17.496, NVIDIA L40S, 46, 0 %, 0 %, 28063 MiB, 46068 MiB
2026/06/25 15:11:20.497, NVIDIA L40S, 46, 0 %, 0 %, 28063 MiB, 46068 MiB
2026/06/25 15:11:23.497, NVIDIA L40S, 47, 0 %, 0 %, 28063 MiB, 46068 MiB
2026/06/25 15:11:26.498, NVIDIA L40S, 46, 0 %, 0 %, 28063 MiB, 46068 MiB
2026/06/25 15:11:29.499, NVIDIA L40S, 47, 0 %, 0 %, 28063 MiB, 46068 MiB
2026/06/25 15:11:32.499, NVIDIA L40S, 47, 0 %, 0 %, 28063 MiB, 46068 MiB
2026/06/25 15:11:35.500, NVIDIA L40S, 50, 100 %, 45 %, 28063 MiB, 46068 MiB
2026/06/25 15:11:38.500, NVIDIA L40S, 47, 0 %, 0 %, 28063 MiB, 46068 MiB
2026/06/25 15:11:41.501, NVIDIA L40S, 47, 0 %, 0 %, 28063 MiB, 46068 MiB
2026/06/25 15:11:44.502, NVIDIA L40S, 47, 0 %, 0 %, 28063 MiB, 46068 MiB
2026/06/25 15:11:47.502, NVIDIA L40S, 52, 39 %, 22 %, 28063 MiB, 46068 MiB
2026/06/25 15:11:50.503, NVIDIA L40S, 47, 1 %, 0 %, 28063 MiB, 46068 MiB
2026/06/25 15:11:53.503, NVIDIA L40S, 47, 0 %, 0 %, 28063 MiB, 46068 MiB
2026/06/25 15:11:56.504, NVIDIA L40S, 47, 0 %, 0 %, 28063 MiB, 46068 MiB
2026/06/25 15:11:59.504, NVIDIA L40S, 47, 0 %, 0 %, 28063 MiB, 46068 MiB
2026/06/25 15:12:02.505, NVIDIA L40S, 47, 0 %, 0 %, 28063 MiB, 46068 MiB
2026/06/25 15:12:05.505, NVIDIA L40S, 47, 0 %, 0 %, 28063 MiB, 46068 MiB
2026/06/25 15:12:08.506, NVIDIA L40S, 50, 100 %, 20 %, 28063 MiB, 46068 MiB
2026/06/25 15:12:11.506, NVIDIA L40S, 47, 9 %, 0 %, 28063 MiB, 46068 MiB
2026/06/25 15:12:14.507, NVIDIA L40S, 46, 0 %, 0 %, 28063 MiB, 46068 MiB
2026/06/25 15:12:17.507, NVIDIA L40S, 46, 0 %, 0 %, 28063 MiB, 46068 MiB
2026/06/25 15:12:20.508, NVIDIA L40S, 45, 0 %, 0 %, 28063 MiB, 46068 MiB
2026/06/25 15:12:23.508, NVIDIA L40S, 45, 0 %, 0 %, 28063 MiB, 46068 MiB
2026/06/25 15:12:26.509, NVIDIA L40S, 44, 0 %, 0 %, 28063 MiB, 46068 MiB
2026/06/25 15:12:29.509, NVIDIA L40S, 44, 0 %, 0 %, 28063 MiB, 46068 MiB
2026/06/25 15:12:32.510, NVIDIA L40S, 43, 0 %, 0 %, 28063 MiB, 46068 MiB
2026/06/25 15:12:35.511, NVIDIA L40S, 43, 4 %, 0 %, 28063 MiB, 46068 MiB
2026/06/25 15:12:38.511, NVIDIA L40S, 44, 9 %, 0 %, 28063 MiB, 46068 MiB
2026/06/25 15:12:41.512, NVIDIA L40S, 42, 0 %, 0 %, 28063 MiB, 46068 MiB
2026/06/25 15:12:44.512, NVIDIA L40S, 42, 0 %, 0 %, 28063 MiB, 46068 MiB
2026/06/25 15:12:47.513, NVIDIA L40S, 42, 0 %, 0 %, 28063 MiB, 46068 MiB
2026/06/25 15:12:50.513, NVIDIA L40S, 41, 0 %, 0 %, 28063 MiB, 46068 MiB
2026/06/25 15:12:53.514, NVIDIA L40S, 41, 0 %, 0 %, 28063 MiB, 46068 MiB
2026/06/25 15:12:56.515, NVIDIA L40S, 41, 0 %, 0 %, 28063 MiB, 46068 MiB
2026/06/25 15:12:59.515, NVIDIA L40S, 40, 0 %, 0 %, 28063 MiB, 46068 MiB
2026/06/25 15:13:02.516, NVIDIA L40S, 40, 0 %, 0 %, 28063 MiB, 46068 MiB
2026/06/25 15:13:05.516, NVIDIA L40S, 40, 0 %, 0 %, 28063 MiB, 46068 MiB
2026/06/25 15:13:08.517, NVIDIA L40S, 48, 100 %, 65 %, 28063 MiB, 46068 MiB
2026/06/25 15:13:11.518, NVIDIA L40S, 40, 9 %, 0 %, 28063 MiB, 46068 MiB
2026/06/25 15:13:14.519, NVIDIA L40S, 40, 7 %, 0 %, 28063 MiB, 46068 MiB
2026/06/25 15:13:17.519, NVIDIA L40S, 42, 35 %, 22 %, 28063 MiB, 46068 MiB
2026/06/25 15:13:20.520, NVIDIA L40S, 40, 8 %, 0 %, 28063 MiB, 46068 MiB
2026/06/25 15:13:23.520, NVIDIA L40S, 41, 0 %, 0 %, 28063 MiB, 46068 MiB
2026/06/25 15:13:26.521, NVIDIA L40S, 41, 0 %, 0 %, 28063 MiB, 46068 MiB
2026/06/25 15:13:29.521, NVIDIA L40S, 41, 0 %, 0 %, 28063 MiB, 46068 MiB
2026/06/25 15:13:32.522, NVIDIA L40S, 41, 0 %, 0 %, 28063 MiB, 46068 MiB
2026/06/25 15:13:35.523, NVIDIA L40S, 41, 0 %, 0 %, 28063 MiB, 46068 MiB
2026/06/25 15:13:38.523, NVIDIA L40S, 42, 6 %, 0 %, 28063 MiB, 46068 MiB
2026/06/25 15:13:41.523, NVIDIA L40S, 42, 0 %, 0 %, 28063 MiB, 46068 MiB
2026/06/25 15:13:44.524, NVIDIA L40S, 42, 0 %, 0 %, 28063 MiB, 46068 MiB
2026/06/25 15:13:47.525, NVIDIA L40S, 42, 0 %, 0 %, 28063 MiB, 46068 MiB
2026/06/25 15:13:50.525, NVIDIA L40S, 41, 0 %, 0 %, 28063 MiB, 46068 MiB
2026/06/25 15:13:53.526, NVIDIA L40S, 41, 1 %, 0 %, 28063 MiB, 46068 MiB
2026/06/25 15:13:56.527, NVIDIA L40S, 41, 0 %, 0 %, 28063 MiB, 46068 MiB
2026/06/25 15:13:59.527, NVIDIA L40S, 41, 0 %, 0 %, 28063 MiB, 46068 MiB
2026/06/25 15:14:02.527, NVIDIA L40S, 41, 0 %, 0 %, 28063 MiB, 46068 MiB
2026/06/25 15:14:05.528, NVIDIA L40S, 41, 0 %, 0 %, 28063 MiB, 46068 MiB
2026/06/25 15:14:08.529, NVIDIA L40S, 41, 0 %, 0 %, 28063 MiB, 46068 MiB
2026/06/25 15:14:11.529, NVIDIA L40S, 40, 0 %, 0 %, 28063 MiB, 46068 MiB
2026/06/25 15:14:14.530, NVIDIA L40S, 40, 0 %, 0 %, 28063 MiB, 46068 MiB
2026/06/25 15:14:17.530, NVIDIA L40S, 41, 0 %, 0 %, 28063 MiB, 46068 MiB
2026/06/25 15:14:20.531, NVIDIA L40S, 40, 0 %, 0 %, 28063 MiB, 46068 MiB
2026/06/25 15:14:23.531, NVIDIA L40S, 40, 0 %, 0 %, 28063 MiB, 46068 MiB
2026/06/25 15:14:26.532, NVIDIA L40S, 41, 0 %, 0 %, 28063 MiB, 46068 MiB
2026/06/25 15:14:29.533, NVIDIA L40S, 40, 0 %, 0 %, 28063 MiB, 46068 MiB
2026/06/25 15:14:32.533, NVIDIA L40S, 41, 0 %, 0 %, 28063 MiB, 46068 MiB
2026/06/25 15:14:35.534, NVIDIA L40S, 41, 0 %, 0 %, 28063 MiB, 46068 MiB
2026/06/25 15:14:38.534, NVIDIA L40S, 43, 0 %, 0 %, 28063 MiB, 46068 MiB
2026/06/25 15:14:41.535, NVIDIA L40S, 41, 0 %, 0 %, 28063 MiB, 46068 MiB
2026/06/25 15:14:44.535, NVIDIA L40S, 41, 7 %, 0 %, 28063 MiB, 46068 MiB
2026/06/25 15:14:47.536, NVIDIA L40S, 49, 53 %, 22 %, 28063 MiB, 46068 MiB
2026/06/25 15:14:50.536, NVIDIA L40S, 41, 9 %, 0 %, 28063 MiB, 46068 MiB
2026/06/25 15:14:53.537, NVIDIA L40S, 41, 0 %, 0 %, 28063 MiB, 46068 MiB
2026/06/25 15:14:56.538, NVIDIA L40S, 43, 9 %, 0 %, 28063 MiB, 46068 MiB
2026/06/25 15:14:59.538, NVIDIA L40S, 41, 8 %, 0 %, 28063 MiB, 46068 MiB
2026/06/25 15:15:02.539, NVIDIA L40S, 42, 0 %, 0 %, 28063 MiB, 46068 MiB
2026/06/25 15:15:05.539, NVIDIA L40S, 44, 92 %, 39 %, 28063 MiB, 46068 MiB
2026/06/25 15:15:08.540, NVIDIA L40S, 42, 0 %, 0 %, 28063 MiB, 46068 MiB
2026/06/25 15:15:11.540, NVIDIA L40S, 42, 8 %, 0 %, 28063 MiB, 46068 MiB
2026/06/25 15:15:14.541, NVIDIA L40S, 48, 100 %, 49 %, 28063 MiB, 46068 MiB
2026/06/25 15:15:17.541, NVIDIA L40S, 43, 0 %, 0 %, 28063 MiB, 46068 MiB
2026/06/25 15:15:20.541, NVIDIA L40S, 43, 0 %, 0 %, 28063 MiB, 46068 MiB
2026/06/25 15:15:23.542, NVIDIA L40S, 43, 0 %, 0 %, 28063 MiB, 46068 MiB
2026/06/25 15:15:26.542, NVIDIA L40S, 44, 0 %, 0 %, 28063 MiB, 46068 MiB
2026/06/25 15:15:29.543, NVIDIA L40S, 43, 0 %, 0 %, 28063 MiB, 46068 MiB
2026/06/25 15:15:32.543, NVIDIA L40S, 44, 0 %, 0 %, 28063 MiB, 46068 MiB
2026/06/25 15:15:35.544, NVIDIA L40S, 44, 0 %, 0 %, 28063 MiB, 46068 MiB
2026/06/25 15:15:38.545, NVIDIA L40S, 49, 90 %, 67 %, 28063 MiB, 46068 MiB
2026/06/25 15:15:41.545, NVIDIA L40S, 44, 0 %, 0 %, 28063 MiB, 46068 MiB
2026/06/25 15:15:44.546, NVIDIA L40S, 44, 0 %, 0 %, 28063 MiB, 46068 MiB
2026/06/25 15:15:47.546, NVIDIA L40S, 44, 0 %, 0 %, 28063 MiB, 46068 MiB
2026/06/25 15:15:50.547, NVIDIA L40S, 44, 0 %, 0 %, 28063 MiB, 46068 MiB
2026/06/25 15:15:53.547, NVIDIA L40S, 44, 9 %, 0 %, 28063 MiB, 46068 MiB
2026/06/25 15:15:56.548, NVIDIA L40S, 44, 0 %, 0 %, 28063 MiB, 46068 MiB
2026/06/25 15:15:59.549, NVIDIA L40S, 44, 0 %, 0 %, 28063 MiB, 46068 MiB
2026/06/25 15:16:02.549, NVIDIA L40S, 45, 0 %, 0 %, 28063 MiB, 46068 MiB
2026/06/25 15:16:05.550, NVIDIA L40S, 45, 0 %, 0 %, 28063 MiB, 46068 MiB
2026/06/25 15:16:08.550, NVIDIA L40S, 45, 0 %, 0 %, 28063 MiB, 46068 MiB
2026/06/25 15:16:11.550, NVIDIA L40S, 45, 0 %, 0 %, 28063 MiB, 46068 MiB
2026/06/25 15:16:14.551, NVIDIA L40S, 46, 0 %, 0 %, 28063 MiB, 46068 MiB
2026/06/25 15:16:17.551, NVIDIA L40S, 45, 0 %, 0 %, 28063 MiB, 46068 MiB
2026/06/25 15:16:20.552, NVIDIA L40S, 45, 0 %, 0 %, 28063 MiB, 46068 MiB
2026/06/25 15:16:23.552, NVIDIA L40S, 45, 0 %, 0 %, 28063 MiB, 46068 MiB
2026/06/25 15:16:26.552, NVIDIA L40S, 44, 0 %, 0 %, 28063 MiB, 46068 MiB
2026/06/25 15:16:29.553, NVIDIA L40S, 44, 0 %, 0 %, 28063 MiB, 46068 MiB
2026/06/25 15:16:32.553, NVIDIA L40S, 44, 0 %, 0 %, 28063 MiB, 46068 MiB
2026/06/25 15:16:35.554, NVIDIA L40S, 44, 0 %, 0 %, 28063 MiB, 46068 MiB
2026/06/25 15:16:38.555, NVIDIA L40S, 43, 0 %, 0 %, 28063 MiB, 46068 MiB
2026/06/25 15:16:41.555, NVIDIA L40S, 44, 0 %, 0 %, 28063 MiB, 46068 MiB
2026/06/25 15:16:44.556, NVIDIA L40S, 43, 0 %, 0 %, 28063 MiB, 46068 MiB
2026/06/25 15:16:47.556, NVIDIA L40S, 43, 0 %, 0 %, 28063 MiB, 46068 MiB
2026/06/25 15:16:50.557, NVIDIA L40S, 43, 0 %, 0 %, 28063 MiB, 46068 MiB
2026/06/25 15:16:53.557, NVIDIA L40S, 43, 0 %, 0 %, 28063 MiB, 46068 MiB
2026/06/25 15:16:56.558, NVIDIA L40S, 43, 0 %, 0 %, 28063 MiB, 46068 MiB
2026/06/25 15:16:59.559, NVIDIA L40S, 43, 0 %, 0 %, 28063 MiB, 46068 MiB
2026/06/25 15:17:02.559, NVIDIA L40S, 43, 0 %, 0 %, 28063 MiB, 46068 MiB
2026/06/25 15:17:05.560, NVIDIA L40S, 43, 0 %, 0 %, 28063 MiB, 46068 MiB
2026/06/25 15:17:08.560, NVIDIA L40S, 44, 0 %, 0 %, 28063 MiB, 46068 MiB
2026/06/25 15:17:11.561, NVIDIA L40S, 43, 0 %, 0 %, 28063 MiB, 46068 MiB
2026/06/25 15:17:14.561, NVIDIA L40S, 44, 0 %, 0 %, 28063 MiB, 46068 MiB
2026/06/25 15:17:17.561, NVIDIA L40S, 44, 0 %, 0 %, 28063 MiB, 46068 MiB
2026/06/25 15:17:20.562, NVIDIA L40S, 44, 0 %, 0 %, 28063 MiB, 46068 MiB
2026/06/25 15:17:23.562, NVIDIA L40S, 44, 5 %, 0 %, 28063 MiB, 46068 MiB
2026/06/25 15:17:26.563, NVIDIA L40S, 44, 0 %, 0 %, 28063 MiB, 46068 MiB
2026/06/25 15:17:29.564, NVIDIA L40S, 44, 8 %, 0 %, 28063 MiB, 46068 MiB
2026/06/25 15:17:32.564, NVIDIA L40S, 45, 8 %, 0 %, 28063 MiB, 46068 MiB
2026/06/25 15:17:35.565, NVIDIA L40S, 45, 0 %, 0 %, 28063 MiB, 46068 MiB
2026/06/25 15:17:38.566, NVIDIA L40S, 45, 0 %, 0 %, 28063 MiB, 46068 MiB
2026/06/25 15:17:41.566, NVIDIA L40S, 45, 0 %, 0 %, 28063 MiB, 46068 MiB
2026/06/25 15:17:44.567, NVIDIA L40S, 45, 0 %, 0 %, 28063 MiB, 46068 MiB
2026/06/25 15:17:47.567, NVIDIA L40S, 46, 9 %, 0 %, 28063 MiB, 46068 MiB
2026/06/25 15:17:50.568, NVIDIA L40S, 45, 0 %, 0 %, 28063 MiB, 46068 MiB
2026/06/25 15:17:53.569, NVIDIA L40S, 46, 0 %, 0 %, 28063 MiB, 46068 MiB
2026/06/25 15:17:56.569, NVIDIA L40S, 46, 0 %, 0 %, 28063 MiB, 46068 MiB
2026/06/25 15:17:59.570, NVIDIA L40S, 45, 0 %, 0 %, 28063 MiB, 46068 MiB
2026/06/25 15:18:02.570, NVIDIA L40S, 45, 0 %, 0 %, 28063 MiB, 46068 MiB
2026/06/25 15:18:05.571, NVIDIA L40S, 49, 92 %, 39 %, 28063 MiB, 46068 MiB
2026/06/25 15:18:08.571, NVIDIA L40S, 44, 0 %, 0 %, 28063 MiB, 46068 MiB
2026/06/25 15:18:11.572, NVIDIA L40S, 45, 0 %, 0 %, 28063 MiB, 46068 MiB
2026/06/25 15:18:14.572, NVIDIA L40S, 44, 0 %, 0 %, 28063 MiB, 46068 MiB
2026/06/25 15:18:17.573, NVIDIA L40S, 44, 0 %, 0 %, 28063 MiB, 46068 MiB
2026/06/25 15:18:20.573, NVIDIA L40S, 46, 8 %, 0 %, 28063 MiB, 46068 MiB
2026/06/25 15:18:23.574, NVIDIA L40S, 44, 0 %, 0 %, 28063 MiB, 46068 MiB
2026/06/25 15:18:26.574, NVIDIA L40S, 44, 0 %, 0 %, 28063 MiB, 46068 MiB
2026/06/25 15:18:29.575, NVIDIA L40S, 43, 0 %, 0 %, 28063 MiB, 46068 MiB
2026/06/25 15:18:32.575, NVIDIA L40S, 43, 0 %, 0 %, 28063 MiB, 46068 MiB
2026/06/25 15:18:35.576, NVIDIA L40S, 43, 0 %, 0 %, 28063 MiB, 46068 MiB
2026/06/25 15:18:38.576, NVIDIA L40S, 43, 0 %, 0 %, 28063 MiB, 46068 MiB
2026/06/25 15:18:41.577, NVIDIA L40S, 44, 0 %, 0 %, 28063 MiB, 46068 MiB
2026/06/25 15:18:44.577, NVIDIA L40S, 43, 0 %, 0 %, 28063 MiB, 46068 MiB
2026/06/25 15:18:47.578, NVIDIA L40S, 44, 0 %, 0 %, 28063 MiB, 46068 MiB
2026/06/25 15:18:50.578, NVIDIA L40S, 44, 0 %, 0 %, 28063 MiB, 46068 MiB
2026/06/25 15:18:53.579, NVIDIA L40S, 43, 0 %, 0 %, 28063 MiB, 46068 MiB
2026/06/25 15:18:56.579, NVIDIA L40S, 43, 0 %, 0 %, 28063 MiB, 46068 MiB
2026/06/25 15:18:59.580, NVIDIA L40S, 43, 0 %, 0 %, 28063 MiB, 46068 MiB
2026/06/25 15:19:02.580, NVIDIA L40S, 43, 0 %, 0 %, 28063 MiB, 46068 MiB
2026/06/25 15:19:05.581, NVIDIA L40S, 43, 0 %, 0 %, 28063 MiB, 46068 MiB
2026/06/25 15:19:08.581, NVIDIA L40S, 43, 0 %, 0 %, 28063 MiB, 46068 MiB
2026/06/25 15:19:11.582, NVIDIA L40S, 43, 0 %, 0 %, 28063 MiB, 46068 MiB
2026/06/25 15:19:14.582, NVIDIA L40S, 43, 0 %, 0 %, 28063 MiB, 46068 MiB
2026/06/25 15:19:17.583, NVIDIA L40S, 43, 0 %, 0 %, 28063 MiB, 46068 MiB
2026/06/25 15:19:20.583, NVIDIA L40S, 43, 0 %, 0 %, 28063 MiB, 46068 MiB
2026/06/25 15:19:23.584, NVIDIA L40S, 43, 0 %, 0 %, 28063 MiB, 46068 MiB
2026/06/25 15:19:26.584, NVIDIA L40S, 44, 8 %, 0 %, 28063 MiB, 46068 MiB
2026/06/25 15:19:29.585, NVIDIA L40S, 43, 0 %, 0 %, 28063 MiB, 46068 MiB
2026/06/25 15:19:32.585, NVIDIA L40S, 44, 0 %, 0 %, 28063 MiB, 46068 MiB
2026/06/25 15:19:35.586, NVIDIA L40S, 51, 100 %, 66 %, 28063 MiB, 46068 MiB
2026/06/25 15:19:38.586, NVIDIA L40S, 44, 0 %, 0 %, 28063 MiB, 46068 MiB
2026/06/25 15:19:41.587, NVIDIA L40S, 44, 0 %, 0 %, 28063 MiB, 46068 MiB
2026/06/25 15:19:44.587, NVIDIA L40S, 50, 89 %, 67 %, 28063 MiB, 46068 MiB
2026/06/25 15:19:47.588, NVIDIA L40S, 45, 0 %, 0 %, 28063 MiB, 46068 MiB
2026/06/25 15:19:50.588, NVIDIA L40S, 45, 0 %, 0 %, 28063 MiB, 46068 MiB
2026/06/25 15:19:53.589, NVIDIA L40S, 45, 0 %, 0 %, 28063 MiB, 46068 MiB
2026/06/25 15:19:56.589, NVIDIA L40S, 45, 0 %, 0 %, 28063 MiB, 46068 MiB
2026/06/25 15:19:59.590, NVIDIA L40S, 47, 16 %, 9 %, 28063 MiB, 46068 MiB
2026/06/25 15:20:02.590, NVIDIA L40S, 46, 0 %, 0 %, 28063 MiB, 46068 MiB
2026/06/25 15:20:05.591, NVIDIA L40S, 46, 2 %, 0 %, 28063 MiB, 46068 MiB
2026/06/25 15:20:08.591, NVIDIA L40S, 46, 0 %, 0 %, 28063 MiB, 46068 MiB
2026/06/25 15:20:11.592, NVIDIA L40S, 47, 0 %, 0 %, 28063 MiB, 46068 MiB
2026/06/25 15:20:14.592, NVIDIA L40S, 47, 0 %, 0 %, 28063 MiB, 46068 MiB
2026/06/25 15:20:17.593, NVIDIA L40S, 47, 0 %, 0 %, 28063 MiB, 46068 MiB
2026/06/25 15:20:20.593, NVIDIA L40S, 47, 0 %, 0 %, 28063 MiB, 46068 MiB
2026/06/25 15:20:23.594, NVIDIA L40S, 48, 9 %, 0 %, 28063 MiB, 46068 MiB
2026/06/25 15:20:26.594, NVIDIA L40S, 47, 0 %, 0 %, 28063 MiB, 46068 MiB
2026/06/25 15:20:29.595, NVIDIA L40S, 47, 0 %, 0 %, 28063 MiB, 46068 MiB
2026/06/25 15:20:32.595, NVIDIA L40S, 47, 0 %, 0 %, 28063 MiB, 46068 MiB
2026/06/25 15:20:35.596, NVIDIA L40S, 47, 0 %, 0 %, 28063 MiB, 46068 MiB
2026/06/25 15:20:38.596, NVIDIA L40S, 48, 0 %, 0 %, 28063 MiB, 46068 MiB
2026/06/25 15:20:41.597, NVIDIA L40S, 48, 0 %, 0 %, 28063 MiB, 46068 MiB
2026/06/25 15:20:44.597, NVIDIA L40S, 48, 1 %, 0 %, 28063 MiB, 46068 MiB
2026/06/25 15:20:47.598, NVIDIA L40S, 48, 0 %, 0 %, 28063 MiB, 46068 MiB
2026/06/25 15:20:50.598, NVIDIA L40S, 48, 0 %, 0 %, 28063 MiB, 46068 MiB
2026/06/25 15:20:53.599, NVIDIA L40S, 48, 0 %, 0 %, 28063 MiB, 46068 MiB
2026/06/25 15:20:56.599, NVIDIA L40S, 47, 0 %, 0 %, 28063 MiB, 46068 MiB
2026/06/25 15:20:59.600, NVIDIA L40S, 47, 0 %, 0 %, 28063 MiB, 46068 MiB
2026/06/25 15:21:02.601, NVIDIA L40S, 47, 0 %, 0 %, 28063 MiB, 46068 MiB
2026/06/25 15:21:05.601, NVIDIA L40S, 47, 0 %, 0 %, 28063 MiB, 46068 MiB
2026/06/25 15:21:08.602, NVIDIA L40S, 47, 0 %, 0 %, 28063 MiB, 46068 MiB
2026/06/25 15:21:11.602, NVIDIA L40S, 54, 100 %, 42 %, 28063 MiB, 46068 MiB
2026/06/25 15:21:14.603, NVIDIA L40S, 46, 0 %, 0 %, 28063 MiB, 46068 MiB
2026/06/25 15:21:17.604, NVIDIA L40S, 46, 0 %, 0 %, 28063 MiB, 46068 MiB
2026/06/25 15:21:20.605, NVIDIA L40S, 46, 0 %, 0 %, 28063 MiB, 46068 MiB
2026/06/25 15:21:23.605, NVIDIA L40S, 46, 0 %, 0 %, 28063 MiB, 46068 MiB
2026/06/25 15:21:26.606, NVIDIA L40S, 45, 0 %, 0 %, 28063 MiB, 46068 MiB
2026/06/25 15:21:29.606, NVIDIA L40S, 45, 0 %, 0 %, 28063 MiB, 46068 MiB
2026/06/25 15:21:32.607, NVIDIA L40S, 45, 0 %, 0 %, 28063 MiB, 46068 MiB
2026/06/25 15:21:35.608, NVIDIA L40S, 45, 0 %, 0 %, 28063 MiB, 46068 MiB
2026/06/25 15:21:38.609, NVIDIA L40S, 45, 0 %, 0 %, 28063 MiB, 46068 MiB
2026/06/25 15:21:41.609, NVIDIA L40S, 44, 0 %, 0 %, 28063 MiB, 46068 MiB
2026/06/25 15:21:44.610, NVIDIA L40S, 44, 0 %, 0 %, 28063 MiB, 46068 MiB
2026/06/25 15:21:47.610, NVIDIA L40S, 44, 0 %, 0 %, 28063 MiB, 46068 MiB
2026/06/25 15:21:50.611, NVIDIA L40S, 43, 0 %, 0 %, 28063 MiB, 46068 MiB
2026/06/25 15:21:53.611, NVIDIA L40S, 43, 8 %, 0 %, 28063 MiB, 46068 MiB
2026/06/25 15:21:56.612, NVIDIA L40S, 44, 7 %, 0 %, 28063 MiB, 46068 MiB
2026/06/25 15:21:59.613, NVIDIA L40S, 43, 0 %, 0 %, 28063 MiB, 46068 MiB
2026/06/25 15:22:02.613, NVIDIA L40S, 43, 0 %, 0 %, 28063 MiB, 46068 MiB
2026/06/25 15:22:05.614, NVIDIA L40S, 42, 0 %, 0 %, 28063 MiB, 46068 MiB
2026/06/25 15:22:08.614, NVIDIA L40S, 42, 0 %, 0 %, 28063 MiB, 46068 MiB
2026/06/25 15:22:11.615, NVIDIA L40S, 47, 100 %, 67 %, 28063 MiB, 46068 MiB
2026/06/25 15:22:14.616, NVIDIA L40S, 42, 0 %, 0 %, 28063 MiB, 46068 MiB
2026/06/25 15:22:17.616, NVIDIA L40S, 43, 0 %, 0 %, 28063 MiB, 46068 MiB
2026/06/25 15:22:20.617, NVIDIA L40S, 42, 0 %, 0 %, 28063 MiB, 46068 MiB
2026/06/25 15:22:23.619, NVIDIA L40S, 42, 0 %, 0 %, 28063 MiB, 46068 MiB
2026/06/25 15:22:26.619, NVIDIA L40S, 42, 0 %, 0 %, 28063 MiB, 46068 MiB
2026/06/25 15:22:29.620, NVIDIA L40S, 43, 0 %, 0 %, 28063 MiB, 46068 MiB
2026/06/25 15:22:32.621, NVIDIA L40S, 42, 0 %, 0 %, 28063 MiB, 46068 MiB
2026/06/25 15:22:35.621, NVIDIA L40S, 43, 0 %, 0 %, 28063 MiB, 46068 MiB
2026/06/25 15:22:38.622, NVIDIA L40S, 44, 2 %, 0 %, 28063 MiB, 46068 MiB
2026/06/25 15:22:41.623, NVIDIA L40S, 43, 0 %, 0 %, 28063 MiB, 46068 MiB
2026/06/25 15:22:44.623, NVIDIA L40S, 43, 0 %, 0 %, 28063 MiB, 46068 MiB
2026/06/25 15:22:47.624, NVIDIA L40S, 43, 0 %, 0 %, 28063 MiB, 46068 MiB
2026/06/25 15:22:50.624, NVIDIA L40S, 44, 0 %, 0 %, 28063 MiB, 46068 MiB
2026/06/25 15:22:53.625, NVIDIA L40S, 48, 77 %, 53 %, 28063 MiB, 46068 MiB
2026/06/25 15:22:56.625, NVIDIA L40S, 44, 3 %, 0 %, 28063 MiB, 46068 MiB
2026/06/25 15:22:59.626, NVIDIA L40S, 44, 0 %, 0 %, 28063 MiB, 46068 MiB
2026/06/25 15:23:02.627, NVIDIA L40S, 43, 0 %, 0 %, 28063 MiB, 46068 MiB
2026/06/25 15:23:05.627, NVIDIA L40S, 43, 0 %, 0 %, 28063 MiB, 46068 MiB
2026/06/25 15:23:08.628, NVIDIA L40S, 43, 0 %, 0 %, 28063 MiB, 46068 MiB
2026/06/25 15:23:11.628, NVIDIA L40S, 43, 0 %, 0 %, 28063 MiB, 46068 MiB
2026/06/25 15:23:14.629, NVIDIA L40S, 43, 0 %, 0 %, 28063 MiB, 46068 MiB
2026/06/25 15:23:17.629, NVIDIA L40S, 49, 15 %, 10 %, 28063 MiB, 46068 MiB
2026/06/25 15:23:20.630, NVIDIA L40S, 43, 0 %, 0 %, 28063 MiB, 46068 MiB
2026/06/25 15:23:23.630, NVIDIA L40S, 43, 9 %, 0 %, 28063 MiB, 46068 MiB
2026/06/25 15:23:26.631, NVIDIA L40S, 45, 99 %, 37 %, 28063 MiB, 46068 MiB
2026/06/25 15:23:29.632, NVIDIA L40S, 43, 0 %, 0 %, 28063 MiB, 46068 MiB
2026/06/25 15:23:32.632, NVIDIA L40S, 43, 0 %, 0 %, 28063 MiB, 46068 MiB
2026/06/25 15:23:35.633, NVIDIA L40S, 44, 9 %, 0 %, 28063 MiB, 46068 MiB
2026/06/25 15:23:38.633, NVIDIA L40S, 44, 0 %, 0 %, 28063 MiB, 46068 MiB
2026/06/25 15:23:41.634, NVIDIA L40S, 44, 0 %, 0 %, 28063 MiB, 46068 MiB
2026/06/25 15:23:44.634, NVIDIA L40S, 45, 7 %, 0 %, 28063 MiB, 46068 MiB
2026/06/25 15:23:47.635, NVIDIA L40S, 44, 0 %, 0 %, 28063 MiB, 46068 MiB
2026/06/25 15:23:50.635, NVIDIA L40S, 44, 9 %, 0 %, 28063 MiB, 46068 MiB
2026/06/25 15:23:53.636, NVIDIA L40S, 49, 0 %, 0 %, 28063 MiB, 46068 MiB
2026/06/25 15:23:56.637, NVIDIA L40S, 44, 0 %, 0 %, 28063 MiB, 46068 MiB
2026/06/25 15:23:59.638, NVIDIA L40S, 44, 0 %, 0 %, 28063 MiB, 46068 MiB
2026/06/25 15:24:02.638, NVIDIA L40S, 43, 0 %, 0 %, 28063 MiB, 46068 MiB
2026/06/25 15:24:05.639, NVIDIA L40S, 43, 0 %, 0 %, 28063 MiB, 46068 MiB
2026/06/25 15:24:08.639, NVIDIA L40S, 43, 9 %, 0 %, 28063 MiB, 46068 MiB
2026/06/25 15:24:11.640, NVIDIA L40S, 42, 0 %, 0 %, 28063 MiB, 46068 MiB
2026/06/25 15:24:14.640, NVIDIA L40S, 42, 0 %, 0 %, 28063 MiB, 46068 MiB
2026/06/25 15:24:17.641, NVIDIA L40S, 42, 0 %, 0 %, 28063 MiB, 46068 MiB
2026/06/25 15:24:20.641, NVIDIA L40S, 42, 0 %, 0 %, 28063 MiB, 46068 MiB
2026/06/25 15:24:23.642, NVIDIA L40S, 43, 0 %, 0 %, 28063 MiB, 46068 MiB
2026/06/25 15:24:26.643, NVIDIA L40S, 42, 8 %, 0 %, 28063 MiB, 46068 MiB
2026/06/25 15:24:29.643, NVIDIA L40S, 42, 0 %, 0 %, 28063 MiB, 46068 MiB
2026/06/25 15:24:32.644, NVIDIA L40S, 42, 0 %, 0 %, 28063 MiB, 46068 MiB
2026/06/25 15:24:35.644, NVIDIA L40S, 42, 0 %, 0 %, 29603 MiB, 46068 MiB
2026/06/25 15:24:38.645, NVIDIA L40S, 43, 0 %, 0 %, 29603 MiB, 46068 MiB
2026/06/25 15:24:41.645, NVIDIA L40S, 43, 0 %, 0 %, 29603 MiB, 46068 MiB
2026/06/25 15:24:44.646, NVIDIA L40S, 43, 0 %, 0 %, 29603 MiB, 46068 MiB
2026/06/25 15:24:47.646, NVIDIA L40S, 44, 39 %, 17 %, 29603 MiB, 46068 MiB
2026/06/25 15:24:50.647, NVIDIA L40S, 43, 0 %, 0 %, 29603 MiB, 46068 MiB
2026/06/25 15:24:53.648, NVIDIA L40S, 43, 0 %, 0 %, 29603 MiB, 46068 MiB
2026/06/25 15:24:56.648, NVIDIA L40S, 43, 0 %, 0 %, 29603 MiB, 46068 MiB
2026/06/25 15:24:59.649, NVIDIA L40S, 44, 0 %, 0 %, 29603 MiB, 46068 MiB
2026/06/25 15:25:02.649, NVIDIA L40S, 45, 9 %, 0 %, 29603 MiB, 46068 MiB
2026/06/25 15:25:05.650, NVIDIA L40S, 44, 0 %, 0 %, 29603 MiB, 46068 MiB
2026/06/25 15:25:08.651, NVIDIA L40S, 44, 0 %, 0 %, 29603 MiB, 46068 MiB
2026/06/25 15:25:11.651, NVIDIA L40S, 44, 0 %, 0 %, 29603 MiB, 46068 MiB
2026/06/25 15:25:14.652, NVIDIA L40S, 44, 0 %, 0 %, 29603 MiB, 46068 MiB
2026/06/25 15:25:17.653, NVIDIA L40S, 45, 91 %, 34 %, 29603 MiB, 46068 MiB
2026/06/25 15:25:20.653, NVIDIA L40S, 43, 6 %, 0 %, 29603 MiB, 46068 MiB
2026/06/25 15:25:23.654, NVIDIA L40S, 44, 0 %, 0 %, 29603 MiB, 46068 MiB
2026/06/25 15:25:26.654, NVIDIA L40S, 44, 0 %, 0 %, 29603 MiB, 46068 MiB
2026/06/25 15:25:29.655, NVIDIA L40S, 43, 0 %, 0 %, 29603 MiB, 46068 MiB
2026/06/25 15:25:32.655, NVIDIA L40S, 44, 0 %, 0 %, 29603 MiB, 46068 MiB
2026/06/25 15:25:35.656, NVIDIA L40S, 44, 0 %, 0 %, 29603 MiB, 46068 MiB
2026/06/25 15:25:38.656, NVIDIA L40S, 43, 0 %, 0 %, 29603 MiB, 46068 MiB
2026/06/25 15:25:41.657, NVIDIA L40S, 44, 0 %, 0 %, 29603 MiB, 46068 MiB
2026/06/25 15:25:44.658, NVIDIA L40S, 44, 0 %, 0 %, 29603 MiB, 46068 MiB
2026/06/25 15:25:47.658, NVIDIA L40S, 44, 0 %, 0 %, 29603 MiB, 46068 MiB
2026/06/25 15:25:50.659, NVIDIA L40S, 44, 0 %, 0 %, 29603 MiB, 46068 MiB
2026/06/25 15:25:53.660, NVIDIA L40S, 44, 0 %, 0 %, 29603 MiB, 46068 MiB
2026/06/25 15:25:56.660, NVIDIA L40S, 44, 0 %, 0 %, 29603 MiB, 46068 MiB
2026/06/25 15:25:59.661, NVIDIA L40S, 44, 0 %, 0 %, 29603 MiB, 46068 MiB
2026/06/25 15:26:02.662, NVIDIA L40S, 45, 0 %, 0 %, 29603 MiB, 46068 MiB
2026/06/25 15:26:05.662, NVIDIA L40S, 44, 8 %, 0 %, 29603 MiB, 46068 MiB
2026/06/25 15:26:08.663, NVIDIA L40S, 45, 0 %, 0 %, 29603 MiB, 46068 MiB
2026/06/25 15:26:11.663, NVIDIA L40S, 45, 0 %, 0 %, 29603 MiB, 46068 MiB
2026/06/25 15:26:14.664, NVIDIA L40S, 45, 0 %, 0 %, 29603 MiB, 46068 MiB
2026/06/25 15:26:17.665, NVIDIA L40S, 48, 100 %, 21 %, 29603 MiB, 46068 MiB
2026/06/25 15:26:20.665, NVIDIA L40S, 45, 0 %, 0 %, 29603 MiB, 46068 MiB
2026/06/25 15:26:23.666, NVIDIA L40S, 46, 0 %, 0 %, 29603 MiB, 46068 MiB
2026/06/25 15:26:26.666, NVIDIA L40S, 45, 0 %, 0 %, 29603 MiB, 46068 MiB
2026/06/25 15:26:29.667, NVIDIA L40S, 45, 0 %, 0 %, 29603 MiB, 46068 MiB
2026/06/25 15:26:32.668, NVIDIA L40S, 47, 73 %, 34 %, 29603 MiB, 46068 MiB
2026/06/25 15:26:35.669, NVIDIA L40S, 45, 0 %, 0 %, 29603 MiB, 46068 MiB
2026/06/25 15:26:38.669, NVIDIA L40S, 45, 9 %, 0 %, 29603 MiB, 46068 MiB
2026/06/25 15:26:41.670, NVIDIA L40S, 44, 0 %, 0 %, 29603 MiB, 46068 MiB
2026/06/25 15:26:44.670, NVIDIA L40S, 44, 0 %, 0 %, 29603 MiB, 46068 MiB
2026/06/25 15:26:47.671, NVIDIA L40S, 44, 0 %, 0 %, 29603 MiB, 46068 MiB
2026/06/25 15:26:50.672, NVIDIA L40S, 43, 0 %, 0 %, 29603 MiB, 46068 MiB
2026/06/25 15:26:53.673, NVIDIA L40S, 43, 0 %, 0 %, 29603 MiB, 46068 MiB
2026/06/25 15:26:56.673, NVIDIA L40S, 45, 71 %, 31 %, 29603 MiB, 46068 MiB
2026/06/25 15:26:59.674, NVIDIA L40S, 43, 3 %, 0 %, 29603 MiB, 46068 MiB
2026/06/25 15:27:02.674, NVIDIA L40S, 43, 9 %, 0 %, 29603 MiB, 46068 MiB
2026/06/25 15:27:05.675, NVIDIA L40S, 46, 0 %, 0 %, 29603 MiB, 46068 MiB
2026/06/25 15:27:08.676, NVIDIA L40S, 43, 0 %, 0 %, 29603 MiB, 46068 MiB
2026/06/25 15:27:11.676, NVIDIA L40S, 43, 0 %, 0 %, 29603 MiB, 46068 MiB
2026/06/25 15:27:14.677, NVIDIA L40S, 43, 0 %, 0 %, 29603 MiB, 46068 MiB
2026/06/25 15:27:17.677, NVIDIA L40S, 43, 0 %, 0 %, 29603 MiB, 46068 MiB
2026/06/25 15:27:20.678, NVIDIA L40S, 44, 0 %, 0 %, 29603 MiB, 46068 MiB
2026/06/25 15:27:23.678, NVIDIA L40S, 47, 0 %, 0 %, 29603 MiB, 46068 MiB
2026/06/25 15:27:26.679, NVIDIA L40S, 44, 3 %, 0 %, 29603 MiB, 46068 MiB
2026/06/25 15:27:29.679, NVIDIA L40S, 44, 0 %, 0 %, 29603 MiB, 46068 MiB
2026/06/25 15:27:32.680, NVIDIA L40S, 44, 0 %, 0 %, 29603 MiB, 46068 MiB
2026/06/25 15:27:35.681, NVIDIA L40S, 44, 0 %, 0 %, 29603 MiB, 46068 MiB
2026/06/25 15:27:38.681, NVIDIA L40S, 44, 0 %, 0 %, 29603 MiB, 46068 MiB
2026/06/25 15:27:41.682, NVIDIA L40S, 44, 0 %, 0 %, 29603 MiB, 46068 MiB
2026/06/25 15:27:44.682, NVIDIA L40S, 45, 0 %, 0 %, 29603 MiB, 46068 MiB
2026/06/25 15:27:47.683, NVIDIA L40S, 45, 0 %, 0 %, 29603 MiB, 46068 MiB
2026/06/25 15:27:50.684, NVIDIA L40S, 45, 9 %, 0 %, 29603 MiB, 46068 MiB
2026/06/25 15:27:53.684, NVIDIA L40S, 46, 5 %, 0 %, 29603 MiB, 46068 MiB
2026/06/25 15:27:56.685, NVIDIA L40S, 49, 100 %, 60 %, 29603 MiB, 46068 MiB
2026/06/25 15:27:59.685, NVIDIA L40S, 46, 0 %, 0 %, 29603 MiB, 46068 MiB
2026/06/25 15:28:02.686, NVIDIA L40S, 47, 0 %, 0 %, 29603 MiB, 46068 MiB
2026/06/25 15:28:05.686, NVIDIA L40S, 46, 0 %, 0 %, 29603 MiB, 46068 MiB
2026/06/25 15:28:08.687, NVIDIA L40S, 46, 0 %, 0 %, 29603 MiB, 46068 MiB
2026/06/25 15:28:11.687, NVIDIA L40S, 50, 0 %, 0 %, 29603 MiB, 46068 MiB
2026/06/25 15:28:14.688, NVIDIA L40S, 46, 0 %, 0 %, 29603 MiB, 46068 MiB
2026/06/25 15:28:17.688, NVIDIA L40S, 46, 0 %, 0 %, 29603 MiB, 46068 MiB
2026/06/25 15:28:20.689, NVIDIA L40S, 45, 0 %, 0 %, 29603 MiB, 46068 MiB
2026/06/25 15:28:23.689, NVIDIA L40S, 45, 9 %, 0 %, 29603 MiB, 46068 MiB
2026/06/25 15:28:26.690, NVIDIA L40S, 45, 0 %, 0 %, 29603 MiB, 46068 MiB
2026/06/25 15:28:29.690, NVIDIA L40S, 45, 0 %, 0 %, 29603 MiB, 46068 MiB
2026/06/25 15:28:32.691, NVIDIA L40S, 45, 0 %, 0 %, 29603 MiB, 46068 MiB
2026/06/25 15:28:35.692, NVIDIA L40S, 44, 0 %, 0 %, 29603 MiB, 46068 MiB
2026/06/25 15:28:38.692, NVIDIA L40S, 45, 0 %, 0 %, 29603 MiB, 46068 MiB
2026/06/25 15:28:41.693, NVIDIA L40S, 45, 0 %, 0 %, 29603 MiB, 46068 MiB
2026/06/25 15:28:44.693, NVIDIA L40S, 49, 0 %, 0 %, 29603 MiB, 46068 MiB
2026/06/25 15:28:47.694, NVIDIA L40S, 45, 0 %, 0 %, 29603 MiB, 46068 MiB
2026/06/25 15:28:50.695, NVIDIA L40S, 45, 0 %, 0 %, 29603 MiB, 46068 MiB
2026/06/25 15:28:53.695, NVIDIA L40S, 49, 92 %, 65 %, 29603 MiB, 46068 MiB
2026/06/25 15:28:56.696, NVIDIA L40S, 45, 0 %, 0 %, 29603 MiB, 46068 MiB
2026/06/25 15:28:59.696, NVIDIA L40S, 45, 0 %, 0 %, 29603 MiB, 46068 MiB
2026/06/25 15:29:02.696, NVIDIA L40S, 45, 0 %, 0 %, 29603 MiB, 46068 MiB
2026/06/25 15:29:05.697, NVIDIA L40S, 45, 0 %, 0 %, 29603 MiB, 46068 MiB
2026/06/25 15:29:08.698, NVIDIA L40S, 46, 0 %, 0 %, 29603 MiB, 46068 MiB
2026/06/25 15:29:11.698, NVIDIA L40S, 50, 0 %, 0 %, 29603 MiB, 46068 MiB
2026/06/25 15:29:14.699, NVIDIA L40S, 46, 0 %, 0 %, 29603 MiB, 46068 MiB
2026/06/25 15:29:17.699, NVIDIA L40S, 46, 0 %, 0 %, 29603 MiB, 46068 MiB
2026/06/25 15:29:20.700, NVIDIA L40S, 51, 0 %, 0 %, 29603 MiB, 46068 MiB
2026/06/25 15:29:23.700, NVIDIA L40S, 47, 0 %, 0 %, 29603 MiB, 46068 MiB
2026/06/25 15:29:26.701, NVIDIA L40S, 47, 0 %, 0 %, 29603 MiB, 46068 MiB
2026/06/25 15:29:29.702, NVIDIA L40S, 47, 0 %, 0 %, 21419 MiB, 46068 MiB
2026/06/25 15:29:32.702, NVIDIA L40S, 47, 0 %, 0 %, 21419 MiB, 46068 MiB
2026/06/25 15:29:35.703, NVIDIA L40S, 48, 0 %, 0 %, 21419 MiB, 46068 MiB
2026/06/25 15:29:38.703, NVIDIA L40S, 48, 0 %, 0 %, 21419 MiB, 46068 MiB
2026/06/25 15:29:41.704, NVIDIA L40S, 48, 0 %, 0 %, 21419 MiB, 46068 MiB
2026/06/25 15:29:44.705, NVIDIA L40S, 48, 0 %, 0 %, 21419 MiB, 46068 MiB
2026/06/25 15:29:47.705, NVIDIA L40S, 48, 0 %, 0 %, 21419 MiB, 46068 MiB
2026/06/25 15:29:50.706, NVIDIA L40S, 47, 0 %, 0 %, 21419 MiB, 46068 MiB
2026/06/25 15:29:53.706, NVIDIA L40S, 50, 95 %, 54 %, 23059 MiB, 46068 MiB
2026/06/25 15:29:56.707, NVIDIA L40S, 47, 9 %, 0 %, 23059 MiB, 46068 MiB
2026/06/25 15:29:59.707, NVIDIA L40S, 47, 8 %, 0 %, 25127 MiB, 46068 MiB
2026/06/25 15:30:02.708, NVIDIA L40S, 50, 100 %, 23 %, 26667 MiB, 46068 MiB
2026/06/25 15:30:05.708, NVIDIA L40S, 47, 0 %, 0 %, 26667 MiB, 46068 MiB
2026/06/25 15:30:08.709, NVIDIA L40S, 47, 0 %, 0 %, 26667 MiB, 46068 MiB
2026/06/25 15:30:11.710, NVIDIA L40S, 47, 0 %, 0 %, 26667 MiB, 46068 MiB
2026/06/25 15:30:14.710, NVIDIA L40S, 47, 0 %, 0 %, 26667 MiB, 46068 MiB
2026/06/25 15:30:17.711, NVIDIA L40S, 47, 0 %, 0 %, 28207 MiB, 46068 MiB
2026/06/25 15:30:20.711, NVIDIA L40S, 47, 0 %, 0 %, 28207 MiB, 46068 MiB
2026/06/25 15:30:23.712, NVIDIA L40S, 47, 0 %, 0 %, 28207 MiB, 46068 MiB
2026/06/25 15:30:26.713, NVIDIA L40S, 47, 0 %, 0 %, 28207 MiB, 46068 MiB
2026/06/25 15:30:29.713, NVIDIA L40S, 48, 0 %, 0 %, 28207 MiB, 46068 MiB
2026/06/25 15:30:32.714, NVIDIA L40S, 47, 0 %, 0 %, 28207 MiB, 46068 MiB
2026/06/25 15:30:35.714, NVIDIA L40S, 47, 9 %, 0 %, 28207 MiB, 46068 MiB
2026/06/25 15:30:38.714, NVIDIA L40S, 48, 0 %, 0 %, 28207 MiB, 46068 MiB
2026/06/25 15:30:41.715, NVIDIA L40S, 47, 0 %, 0 %, 28207 MiB, 46068 MiB
2026/06/25 15:30:44.716, NVIDIA L40S, 47, 0 %, 0 %, 28207 MiB, 46068 MiB
2026/06/25 15:30:47.716, NVIDIA L40S, 48, 0 %, 0 %, 28207 MiB, 46068 MiB
2026/06/25 15:30:50.717, NVIDIA L40S, 47, 0 %, 0 %, 28207 MiB, 46068 MiB
2026/06/25 15:30:53.717, NVIDIA L40S, 47, 0 %, 0 %, 28207 MiB, 46068 MiB
2026/06/25 15:30:56.718, NVIDIA L40S, 51, 100 %, 67 %, 28207 MiB, 46068 MiB
2026/06/25 15:30:59.718, NVIDIA L40S, 47, 0 %, 0 %, 28207 MiB, 46068 MiB
2026/06/25 15:31:02.719, NVIDIA L40S, 48, 0 %, 0 %, 28207 MiB, 46068 MiB
2026/06/25 15:31:05.720, NVIDIA L40S, 47, 0 %, 0 %, 28207 MiB, 46068 MiB
2026/06/25 15:31:08.720, NVIDIA L40S, 47, 4 %, 0 %, 28207 MiB, 46068 MiB
2026/06/25 15:31:11.720, NVIDIA L40S, 49, 100 %, 21 %, 28207 MiB, 46068 MiB
2026/06/25 15:31:14.721, NVIDIA L40S, 47, 0 %, 0 %, 28207 MiB, 46068 MiB
2026/06/25 15:31:17.721, NVIDIA L40S, 48, 10 %, 2 %, 28207 MiB, 46068 MiB
2026/06/25 15:31:20.722, NVIDIA L40S, 48, 0 %, 0 %, 28207 MiB, 46068 MiB
2026/06/25 15:31:23.722, NVIDIA L40S, 48, 9 %, 0 %, 28207 MiB, 46068 MiB
2026/06/25 15:31:26.723, NVIDIA L40S, 48, 0 %, 0 %, 28207 MiB, 46068 MiB
2026/06/25 15:31:29.724, NVIDIA L40S, 48, 7 %, 0 %, 28207 MiB, 46068 MiB
2026/06/25 15:31:32.724, NVIDIA L40S, 49, 100 %, 37 %, 28207 MiB, 46068 MiB
2026/06/25 15:31:35.725, NVIDIA L40S, 48, 9 %, 0 %, 28207 MiB, 46068 MiB
2026/06/25 15:31:38.725, NVIDIA L40S, 48, 0 %, 0 %, 28207 MiB, 46068 MiB
2026/06/25 15:31:41.726, NVIDIA L40S, 48, 0 %, 0 %, 28207 MiB, 46068 MiB
2026/06/25 15:31:44.727, NVIDIA L40S, 49, 9 %, 0 %, 28207 MiB, 46068 MiB
2026/06/25 15:31:47.727, NVIDIA L40S, 49, 5 %, 0 %, 28207 MiB, 46068 MiB
2026/06/25 15:31:50.728, NVIDIA L40S, 49, 9 %, 0 %, 28207 MiB, 46068 MiB
2026/06/25 15:31:53.728, NVIDIA L40S, 49, 0 %, 0 %, 28207 MiB, 46068 MiB
2026/06/25 15:31:56.729, NVIDIA L40S, 56, 86 %, 69 %, 28207 MiB, 46068 MiB
2026/06/25 15:31:59.729, NVIDIA L40S, 49, 9 %, 0 %, 28207 MiB, 46068 MiB
2026/06/25 15:32:02.730, NVIDIA L40S, 49, 9 %, 0 %, 28207 MiB, 46068 MiB
2026/06/25 15:32:05.730, NVIDIA L40S, 50, 34 %, 17 %, 28207 MiB, 46068 MiB
2026/06/25 15:32:08.731, NVIDIA L40S, 48, 0 %, 0 %, 28207 MiB, 46068 MiB
2026/06/25 15:32:11.731, NVIDIA L40S, 49, 9 %, 0 %, 28207 MiB, 46068 MiB
2026/06/25 15:32:14.732, NVIDIA L40S, 49, 9 %, 0 %, 28207 MiB, 46068 MiB
2026/06/25 15:32:17.732, NVIDIA L40S, 49, 0 %, 0 %, 28207 MiB, 46068 MiB
2026/06/25 15:32:20.733, NVIDIA L40S, 49, 0 %, 0 %, 28207 MiB, 46068 MiB
2026/06/25 15:32:23.734, NVIDIA L40S, 49, 0 %, 0 %, 28207 MiB, 46068 MiB
2026/06/25 15:32:26.734, NVIDIA L40S, 49, 0 %, 0 %, 28207 MiB, 46068 MiB
2026/06/25 15:32:29.734, NVIDIA L40S, 49, 0 %, 0 %, 28207 MiB, 46068 MiB
2026/06/25 15:32:32.735, NVIDIA L40S, 50, 0 %, 0 %, 28207 MiB, 46068 MiB
2026/06/25 15:32:35.735, NVIDIA L40S, 50, 0 %, 0 %, 28207 MiB, 46068 MiB
2026/06/25 15:32:38.736, NVIDIA L40S, 50, 0 %, 0 %, 28207 MiB, 46068 MiB
2026/06/25 15:32:41.736, NVIDIA L40S, 55, 0 %, 0 %, 28207 MiB, 46068 MiB
2026/06/25 15:32:44.737, NVIDIA L40S, 50, 0 %, 0 %, 28207 MiB, 46068 MiB
2026/06/25 15:32:47.738, NVIDIA L40S, 51, 6 %, 0 %, 28207 MiB, 46068 MiB
2026/06/25 15:32:50.738, NVIDIA L40S, 50, 0 %, 0 %, 28207 MiB, 46068 MiB
2026/06/25 15:32:53.739, NVIDIA L40S, 50, 0 %, 0 %, 28207 MiB, 46068 MiB
2026/06/25 15:32:56.739, NVIDIA L40S, 50, 0 %, 0 %, 28207 MiB, 46068 MiB
2026/06/25 15:32:59.740, NVIDIA L40S, 51, 9 %, 0 %, 28207 MiB, 46068 MiB
2026/06/25 15:33:02.741, NVIDIA L40S, 52, 9 %, 0 %, 28207 MiB, 46068 MiB
2026/06/25 15:33:05.742, NVIDIA L40S, 51, 0 %, 0 %, 28207 MiB, 46068 MiB
2026/06/25 15:33:08.742, NVIDIA L40S, 51, 0 %, 0 %, 28207 MiB, 46068 MiB
2026/06/25 15:33:11.743, NVIDIA L40S, 51, 0 %, 0 %, 28207 MiB, 46068 MiB
2026/06/25 15:33:14.743, NVIDIA L40S, 51, 0 %, 0 %, 28207 MiB, 46068 MiB
2026/06/25 15:33:17.744, NVIDIA L40S, 51, 0 %, 0 %, 28207 MiB, 46068 MiB
2026/06/25 15:33:20.745, NVIDIA L40S, 51, 0 %, 0 %, 28207 MiB, 46068 MiB
2026/06/25 15:33:23.745, NVIDIA L40S, 51, 0 %, 0 %, 28207 MiB, 46068 MiB
2026/06/25 15:33:26.745, NVIDIA L40S, 51, 0 %, 0 %, 28207 MiB, 46068 MiB
2026/06/25 15:33:29.746, NVIDIA L40S, 51, 0 %, 0 %, 28207 MiB, 46068 MiB
2026/06/25 15:33:32.746, NVIDIA L40S, 51, 0 %, 0 %, 28207 MiB, 46068 MiB
2026/06/25 15:33:35.747, NVIDIA L40S, 51, 0 %, 0 %, 28207 MiB, 46068 MiB
2026/06/25 15:33:38.747, NVIDIA L40S, 51, 0 %, 0 %, 28207 MiB, 46068 MiB
2026/06/25 15:33:41.748, NVIDIA L40S, 52, 0 %, 0 %, 28207 MiB, 46068 MiB
2026/06/25 15:33:44.748, NVIDIA L40S, 51, 0 %, 0 %, 28207 MiB, 46068 MiB
2026/06/25 15:33:47.749, NVIDIA L40S, 52, 0 %, 0 %, 28207 MiB, 46068 MiB
2026/06/25 15:33:50.749, NVIDIA L40S, 51, 8 %, 0 %, 28207 MiB, 46068 MiB
2026/06/25 15:33:53.750, NVIDIA L40S, 52, 0 %, 0 %, 28207 MiB, 46068 MiB
2026/06/25 15:33:56.750, NVIDIA L40S, 52, 0 %, 0 %, 28207 MiB, 46068 MiB
2026/06/25 15:33:59.751, NVIDIA L40S, 52, 0 %, 0 %, 28207 MiB, 46068 MiB
2026/06/25 15:34:02.751, NVIDIA L40S, 53, 7 %, 0 %, 28207 MiB, 46068 MiB
2026/06/25 15:34:05.751, NVIDIA L40S, 52, 0 %, 0 %, 28207 MiB, 46068 MiB
2026/06/25 15:34:08.752, NVIDIA L40S, 52, 0 %, 0 %, 28207 MiB, 46068 MiB
2026/06/25 15:34:11.752, NVIDIA L40S, 53, 6 %, 0 %, 28207 MiB, 46068 MiB
2026/06/25 15:34:14.753, NVIDIA L40S, 52, 0 %, 0 %, 28207 MiB, 46068 MiB
2026/06/25 15:34:17.753, NVIDIA L40S, 52, 0 %, 0 %, 28207 MiB, 46068 MiB
2026/06/25 15:34:20.754, NVIDIA L40S, 57, 100 %, 45 %, 28207 MiB, 46068 MiB
2026/06/25 15:34:23.754, NVIDIA L40S, 51, 0 %, 0 %, 28207 MiB, 46068 MiB
2026/06/25 15:34:26.754, NVIDIA L40S, 51, 0 %, 0 %, 28207 MiB, 46068 MiB
2026/06/25 15:34:29.755, NVIDIA L40S, 50, 0 %, 0 %, 28207 MiB, 46068 MiB
2026/06/25 15:34:32.755, NVIDIA L40S, 50, 9 %, 0 %, 28207 MiB, 46068 MiB
2026/06/25 15:34:35.756, NVIDIA L40S, 50, 0 %, 0 %, 28207 MiB, 46068 MiB
2026/06/25 15:34:38.757, NVIDIA L40S, 49, 0 %, 0 %, 28207 MiB, 46068 MiB
2026/06/25 15:34:41.757, NVIDIA L40S, 49, 0 %, 0 %, 28207 MiB, 46068 MiB
2026/06/25 15:34:44.758, NVIDIA L40S, 49, 0 %, 0 %, 28207 MiB, 46068 MiB
2026/06/25 15:34:47.758, NVIDIA L40S, 49, 0 %, 0 %, 28207 MiB, 46068 MiB
2026/06/25 15:34:50.759, NVIDIA L40S, 53, 0 %, 0 %, 28207 MiB, 46068 MiB
2026/06/25 15:34:53.759, NVIDIA L40S, 48, 0 %, 0 %, 28207 MiB, 46068 MiB
2026/06/25 15:34:56.760, NVIDIA L40S, 47, 0 %, 0 %, 28207 MiB, 46068 MiB
2026/06/25 15:34:59.760, NVIDIA L40S, 46, 0 %, 0 %, 28207 MiB, 46068 MiB
2026/06/25 15:35:02.761, NVIDIA L40S, 46, 0 %, 0 %, 28207 MiB, 46068 MiB
2026/06/25 15:35:05.761, NVIDIA L40S, 45, 0 %, 0 %, 28207 MiB, 46068 MiB
2026/06/25 15:35:08.762, NVIDIA L40S, 44, 0 %, 0 %, 28207 MiB, 46068 MiB
2026/06/25 15:35:11.762, NVIDIA L40S, 44, 8 %, 0 %, 28207 MiB, 46068 MiB
2026/06/25 15:35:14.763, NVIDIA L40S, 43, 0 %, 0 %, 28207 MiB, 46068 MiB
2026/06/25 15:35:17.763, NVIDIA L40S, 43, 0 %, 0 %, 28207 MiB, 46068 MiB
2026/06/25 15:35:20.764, NVIDIA L40S, 43, 0 %, 0 %, 28207 MiB, 46068 MiB
2026/06/25 15:35:23.764, NVIDIA L40S, 42, 0 %, 0 %, 28207 MiB, 46068 MiB
2026/06/25 15:35:26.765, NVIDIA L40S, 42, 0 %, 0 %, 28207 MiB, 46068 MiB
2026/06/25 15:35:29.766, NVIDIA L40S, 42, 0 %, 0 %, 28207 MiB, 46068 MiB
2026/06/25 15:35:32.766, NVIDIA L40S, 42, 8 %, 0 %, 28207 MiB, 46068 MiB
2026/06/25 15:35:35.767, NVIDIA L40S, 42, 0 %, 0 %, 28207 MiB, 46068 MiB
2026/06/25 15:35:38.767, NVIDIA L40S, 42, 0 %, 0 %, 28207 MiB, 46068 MiB
2026/06/25 15:35:41.768, NVIDIA L40S, 43, 100 %, 46 %, 28207 MiB, 46068 MiB
2026/06/25 15:35:44.769, NVIDIA L40S, 42, 0 %, 0 %, 28207 MiB, 46068 MiB
2026/06/25 15:35:47.769, NVIDIA L40S, 42, 5 %, 0 %, 28207 MiB, 46068 MiB
2026/06/25 15:35:50.770, NVIDIA L40S, 41, 0 %, 0 %, 28207 MiB, 46068 MiB
2026/06/25 15:35:53.771, NVIDIA L40S, 42, 0 %, 0 %, 28207 MiB, 46068 MiB
2026/06/25 15:35:56.771, NVIDIA L40S, 41, 0 %, 0 %, 28207 MiB, 46068 MiB
2026/06/25 15:35:59.772, NVIDIA L40S, 41, 0 %, 0 %, 28207 MiB, 46068 MiB
2026/06/25 15:36:02.772, NVIDIA L40S, 41, 0 %, 0 %, 28207 MiB, 46068 MiB
2026/06/25 15:36:05.773, NVIDIA L40S, 41, 0 %, 0 %, 29747 MiB, 46068 MiB
2026/06/25 15:36:08.773, NVIDIA L40S, 42, 0 %, 0 %, 29747 MiB, 46068 MiB
2026/06/25 15:36:11.773, NVIDIA L40S, 41, 0 %, 0 %, 29747 MiB, 46068 MiB
2026/06/25 15:36:14.774, NVIDIA L40S, 42, 0 %, 0 %, 29747 MiB, 46068 MiB
2026/06/25 15:36:17.775, NVIDIA L40S, 42, 0 %, 0 %, 29747 MiB, 46068 MiB
2026/06/25 15:36:20.775, NVIDIA L40S, 42, 0 %, 0 %, 29747 MiB, 46068 MiB
2026/06/25 15:36:23.776, NVIDIA L40S, 42, 0 %, 0 %, 29747 MiB, 46068 MiB
2026/06/25 15:36:26.776, NVIDIA L40S, 42, 0 %, 0 %, 29747 MiB, 46068 MiB
2026/06/25 15:36:29.777, NVIDIA L40S, 42, 2 %, 0 %, 29747 MiB, 46068 MiB
2026/06/25 15:36:32.777, NVIDIA L40S, 48, 56 %, 2 %, 29747 MiB, 46068 MiB
2026/06/25 15:36:35.778, NVIDIA L40S, 43, 0 %, 0 %, 29747 MiB, 46068 MiB
2026/06/25 15:36:38.778, NVIDIA L40S, 50, 69 %, 35 %, 29747 MiB, 46068 MiB
2026/06/25 15:36:41.779, NVIDIA L40S, 43, 4 %, 0 %, 29747 MiB, 46068 MiB
2026/06/25 15:36:44.779, NVIDIA L40S, 44, 0 %, 0 %, 29747 MiB, 46068 MiB
2026/06/25 15:36:47.780, NVIDIA L40S, 44, 0 %, 0 %, 29747 MiB, 46068 MiB
2026/06/25 15:36:50.780, NVIDIA L40S, 44, 0 %, 0 %, 29747 MiB, 46068 MiB
2026/06/25 15:36:53.781, NVIDIA L40S, 44, 0 %, 0 %, 29747 MiB, 46068 MiB
2026/06/25 15:36:56.781, NVIDIA L40S, 45, 0 %, 0 %, 29747 MiB, 46068 MiB
2026/06/25 15:36:59.782, NVIDIA L40S, 50, 0 %, 0 %, 29747 MiB, 46068 MiB
2026/06/25 15:37:02.783, NVIDIA L40S, 45, 0 %, 0 %, 29747 MiB, 46068 MiB
2026/06/25 15:37:05.783, NVIDIA L40S, 46, 8 %, 0 %, 29747 MiB, 46068 MiB
2026/06/25 15:37:08.784, NVIDIA L40S, 45, 0 %, 0 %, 29747 MiB, 46068 MiB
2026/06/25 15:37:11.784, NVIDIA L40S, 45, 0 %, 0 %, 29747 MiB, 46068 MiB
2026/06/25 15:37:14.785, NVIDIA L40S, 45, 0 %, 0 %, 29747 MiB, 46068 MiB
2026/06/25 15:37:17.786, NVIDIA L40S, 46, 0 %, 0 %, 29747 MiB, 46068 MiB
2026/06/25 15:37:20.786, NVIDIA L40S, 46, 0 %, 0 %, 29747 MiB, 46068 MiB
2026/06/25 15:37:23.787, NVIDIA L40S, 46, 0 %, 0 %, 29747 MiB, 46068 MiB
2026/06/25 15:37:26.787, NVIDIA L40S, 54, 100 %, 53 %, 29747 MiB, 46068 MiB
2026/06/25 15:37:29.787, NVIDIA L40S, 46, 0 %, 0 %, 29747 MiB, 46068 MiB
2026/06/25 15:37:32.788, NVIDIA L40S, 47, 0 %, 0 %, 29747 MiB, 46068 MiB
2026/06/25 15:37:35.788, NVIDIA L40S, 46, 0 %, 0 %, 29747 MiB, 46068 MiB
2026/06/25 15:37:38.789, NVIDIA L40S, 47, 0 %, 0 %, 29747 MiB, 46068 MiB
2026/06/25 15:37:41.790, NVIDIA L40S, 46, 0 %, 0 %, 29747 MiB, 46068 MiB
2026/06/25 15:37:44.790, NVIDIA L40S, 47, 8 %, 0 %, 29747 MiB, 46068 MiB
2026/06/25 15:37:47.790, NVIDIA L40S, 47, 0 %, 0 %, 29747 MiB, 46068 MiB
2026/06/25 15:37:50.791, NVIDIA L40S, 47, 0 %, 0 %, 29747 MiB, 46068 MiB
2026/06/25 15:37:53.791, NVIDIA L40S, 47, 0 %, 0 %, 29747 MiB, 46068 MiB
2026/06/25 15:37:56.792, NVIDIA L40S, 47, 0 %, 0 %, 29747 MiB, 46068 MiB
2026/06/25 15:37:59.793, NVIDIA L40S, 48, 6 %, 0 %, 29747 MiB, 46068 MiB
2026/06/25 15:38:02.793, NVIDIA L40S, 47, 0 %, 0 %, 29747 MiB, 46068 MiB
2026/06/25 15:38:05.794, NVIDIA L40S, 54, 96 %, 60 %, 29747 MiB, 46068 MiB
2026/06/25 15:38:08.794, NVIDIA L40S, 47, 0 %, 0 %, 29747 MiB, 46068 MiB
2026/06/25 15:38:11.795, NVIDIA L40S, 47, 0 %, 0 %, 29747 MiB, 46068 MiB
2026/06/25 15:38:14.795, NVIDIA L40S, 47, 0 %, 0 %, 29747 MiB, 46068 MiB
2026/06/25 15:38:17.796, NVIDIA L40S, 47, 0 %, 0 %, 29747 MiB, 46068 MiB
2026/06/25 15:38:20.796, NVIDIA L40S, 47, 0 %, 0 %, 29747 MiB, 46068 MiB
2026/06/25 15:38:23.797, NVIDIA L40S, 47, 0 %, 0 %, 29747 MiB, 46068 MiB
2026/06/25 15:38:26.797, NVIDIA L40S, 48, 41 %, 20 %, 29747 MiB, 46068 MiB
2026/06/25 15:38:29.798, NVIDIA L40S, 47, 0 %, 0 %, 29747 MiB, 46068 MiB
2026/06/25 15:38:32.799, NVIDIA L40S, 48, 0 %, 0 %, 29747 MiB, 46068 MiB
2026/06/25 15:38:35.799, NVIDIA L40S, 47, 0 %, 0 %, 29747 MiB, 46068 MiB
2026/06/25 15:38:38.800, NVIDIA L40S, 47, 0 %, 0 %, 29747 MiB, 46068 MiB
2026/06/25 15:38:41.801, NVIDIA L40S, 47, 0 %, 0 %, 29747 MiB, 46068 MiB
2026/06/25 15:38:44.801, NVIDIA L40S, 47, 0 %, 0 %, 29747 MiB, 46068 MiB
2026/06/25 15:38:47.802, NVIDIA L40S, 48, 0 %, 0 %, 29747 MiB, 46068 MiB
2026/06/25 15:38:50.802, NVIDIA L40S, 47, 0 %, 0 %, 29747 MiB, 46068 MiB
2026/06/25 15:38:53.803, NVIDIA L40S, 47, 0 %, 0 %, 29747 MiB, 46068 MiB
2026/06/25 15:38:56.803, NVIDIA L40S, 47, 0 %, 0 %, 29747 MiB, 46068 MiB
2026/06/25 15:38:59.804, NVIDIA L40S, 47, 0 %, 0 %, 29747 MiB, 46068 MiB
2026/06/25 15:39:02.804, NVIDIA L40S, 47, 0 %, 0 %, 29747 MiB, 46068 MiB
2026/06/25 15:39:05.805, NVIDIA L40S, 47, 8 %, 0 %, 29747 MiB, 46068 MiB
2026/06/25 15:39:08.806, NVIDIA L40S, 47, 0 %, 0 %, 29747 MiB, 46068 MiB
2026/06/25 15:39:11.806, NVIDIA L40S, 47, 0 %, 0 %, 29747 MiB, 46068 MiB
2026/06/25 15:39:14.806, NVIDIA L40S, 47, 0 %, 0 %, 29747 MiB, 46068 MiB
2026/06/25 15:39:17.807, NVIDIA L40S, 47, 0 %, 0 %, 29747 MiB, 46068 MiB
2026/06/25 15:39:20.807, NVIDIA L40S, 47, 0 %, 0 %, 29747 MiB, 46068 MiB
2026/06/25 15:39:23.808, NVIDIA L40S, 47, 7 %, 0 %, 29747 MiB, 46068 MiB
2026/06/25 15:39:26.809, NVIDIA L40S, 47, 9 %, 0 %, 29747 MiB, 46068 MiB
2026/06/25 15:39:29.809, NVIDIA L40S, 47, 0 %, 0 %, 29747 MiB, 46068 MiB
2026/06/25 15:39:32.810, NVIDIA L40S, 47, 0 %, 0 %, 29747 MiB, 46068 MiB
2026/06/25 15:39:35.810, NVIDIA L40S, 47, 0 %, 0 %, 29747 MiB, 46068 MiB
2026/06/25 15:39:38.811, NVIDIA L40S, 48, 0 %, 0 %, 29747 MiB, 46068 MiB
2026/06/25 15:39:41.811, NVIDIA L40S, 56, 95 %, 55 %, 29747 MiB, 46068 MiB
2026/06/25 15:39:44.812, NVIDIA L40S, 48, 0 %, 0 %, 29747 MiB, 46068 MiB
2026/06/25 15:39:47.812, NVIDIA L40S, 49, 0 %, 0 %, 29747 MiB, 46068 MiB
2026/06/25 15:39:50.813, NVIDIA L40S, 48, 8 %, 0 %, 29747 MiB, 46068 MiB
2026/06/25 15:39:53.813, NVIDIA L40S, 49, 0 %, 0 %, 29747 MiB, 46068 MiB
2026/06/25 15:39:56.814, NVIDIA L40S, 48, 0 %, 0 %, 29747 MiB, 46068 MiB
2026/06/25 15:39:59.814, NVIDIA L40S, 48, 0 %, 0 %, 29747 MiB, 46068 MiB
2026/06/25 15:40:02.815, NVIDIA L40S, 47, 0 %, 0 %, 29747 MiB, 46068 MiB
2026/06/25 15:40:05.815, NVIDIA L40S, 47, 0 %, 0 %, 29747 MiB, 46068 MiB
2026/06/25 15:40:08.816, NVIDIA L40S, 46, 0 %, 0 %, 29747 MiB, 46068 MiB
2026/06/25 15:40:11.817, NVIDIA L40S, 46, 0 %, 0 %, 29747 MiB, 46068 MiB
2026/06/25 15:40:14.817, NVIDIA L40S, 45, 0 %, 0 %, 29747 MiB, 46068 MiB
2026/06/25 15:40:17.818, NVIDIA L40S, 45, 0 %, 0 %, 29747 MiB, 46068 MiB
2026/06/25 15:40:20.819, NVIDIA L40S, 51, 89 %, 69 %, 29747 MiB, 46068 MiB
2026/06/25 15:40:23.819, NVIDIA L40S, 44, 0 %, 0 %, 29747 MiB, 46068 MiB
2026/06/25 15:40:26.820, NVIDIA L40S, 45, 100 %, 37 %, 29747 MiB, 46068 MiB
2026/06/25 15:40:29.820, NVIDIA L40S, 43, 0 %, 0 %, 29747 MiB, 46068 MiB
2026/06/25 15:40:32.821, NVIDIA L40S, 43, 0 %, 0 %, 29747 MiB, 46068 MiB
2026/06/25 15:40:35.821, NVIDIA L40S, 43, 0 %, 0 %, 29747 MiB, 46068 MiB
2026/06/25 15:40:38.822, NVIDIA L40S, 43, 7 %, 0 %, 29747 MiB, 46068 MiB
2026/06/25 15:40:41.823, NVIDIA L40S, 42, 0 %, 0 %, 29747 MiB, 46068 MiB
2026/06/25 15:40:44.823, NVIDIA L40S, 42, 0 %, 0 %, 29747 MiB, 46068 MiB
2026/06/25 15:40:47.823, NVIDIA L40S, 42, 0 %, 0 %, 29747 MiB, 46068 MiB
2026/06/25 15:40:50.824, NVIDIA L40S, 43, 1 %, 0 %, 29747 MiB, 46068 MiB
2026/06/25 15:40:53.824, NVIDIA L40S, 42, 8 %, 0 %, 29747 MiB, 46068 MiB
2026/06/25 15:40:56.825, NVIDIA L40S, 42, 0 %, 0 %, 29747 MiB, 46068 MiB
2026/06/25 15:40:59.825, NVIDIA L40S, 42, 0 %, 0 %, 29747 MiB, 46068 MiB
2026/06/25 15:41:02.826, NVIDIA L40S, 43, 0 %, 0 %, 29747 MiB, 46068 MiB
2026/06/25 15:41:05.826, NVIDIA L40S, 42, 0 %, 0 %, 29747 MiB, 46068 MiB
2026/06/25 15:41:08.827, NVIDIA L40S, 43, 0 %, 0 %, 29747 MiB, 46068 MiB
2026/06/25 15:41:11.827, NVIDIA L40S, 43, 0 %, 0 %, 29747 MiB, 46068 MiB
2026/06/25 15:41:14.828, NVIDIA L40S, 43, 0 %, 0 %, 29747 MiB, 46068 MiB
2026/06/25 15:41:17.829, NVIDIA L40S, 44, 0 %, 0 %, 29747 MiB, 46068 MiB
2026/06/25 15:41:20.829, NVIDIA L40S, 43, 0 %, 0 %, 29747 MiB, 46068 MiB
2026/06/25 15:41:23.830, NVIDIA L40S, 43, 0 %, 0 %, 29747 MiB, 46068 MiB
2026/06/25 15:41:26.830, NVIDIA L40S, 43, 0 %, 0 %, 29747 MiB, 46068 MiB
2026/06/25 15:41:29.831, NVIDIA L40S, 44, 0 %, 0 %, 29747 MiB, 46068 MiB
2026/06/25 15:41:32.831, NVIDIA L40S, 44, 0 %, 0 %, 29747 MiB, 46068 MiB
2026/06/25 15:41:35.832, NVIDIA L40S, 44, 0 %, 0 %, 29747 MiB, 46068 MiB
2026/06/25 15:41:38.832, NVIDIA L40S, 44, 0 %, 0 %, 29747 MiB, 46068 MiB
2026/06/25 15:41:41.833, NVIDIA L40S, 44, 0 %, 0 %, 29747 MiB, 46068 MiB
2026/06/25 15:41:44.834, NVIDIA L40S, 45, 21 %, 15 %, 29747 MiB, 46068 MiB
2026/06/25 15:41:47.834, NVIDIA L40S, 43, 0 %, 0 %, 29747 MiB, 46068 MiB
2026/06/25 15:41:50.835, NVIDIA L40S, 43, 0 %, 0 %, 29747 MiB, 46068 MiB
2026/06/25 15:41:53.835, NVIDIA L40S, 43, 8 %, 0 %, 29747 MiB, 46068 MiB
2026/06/25 15:41:56.836, NVIDIA L40S, 43, 0 %, 0 %, 29747 MiB, 46068 MiB
2026/06/25 15:41:59.837, NVIDIA L40S, 43, 0 %, 0 %, 29747 MiB, 46068 MiB
2026/06/25 15:42:02.837, NVIDIA L40S, 42, 0 %, 0 %, 29747 MiB, 46068 MiB
2026/06/25 15:42:05.838, NVIDIA L40S, 42, 0 %, 0 %, 29747 MiB, 46068 MiB
2026/06/25 15:42:08.839, NVIDIA L40S, 42, 0 %, 0 %, 29747 MiB, 46068 MiB
2026/06/25 15:42:11.839, NVIDIA L40S, 42, 0 %, 0 %, 29747 MiB, 46068 MiB
2026/06/25 15:42:14.840, NVIDIA L40S, 42, 0 %, 0 %, 29747 MiB, 46068 MiB
2026/06/25 15:42:17.840, NVIDIA L40S, 42, 0 %, 0 %, 29747 MiB, 46068 MiB
2026/06/25 15:42:20.841, NVIDIA L40S, 42, 0 %, 0 %, 29747 MiB, 46068 MiB
2026/06/25 15:42:23.841, NVIDIA L40S, 42, 0 %, 0 %, 29747 MiB, 46068 MiB
2026/06/25 15:42:26.842, NVIDIA L40S, 42, 0 %, 0 %, 29747 MiB, 46068 MiB
2026/06/25 15:42:29.842, NVIDIA L40S, 47, 92 %, 65 %, 29747 MiB, 46068 MiB
2026/06/25 15:42:32.843, NVIDIA L40S, 42, 0 %, 0 %, 29747 MiB, 46068 MiB
2026/06/25 15:42:35.843, NVIDIA L40S, 42, 0 %, 0 %, 29747 MiB, 46068 MiB
2026/06/25 15:42:38.844, NVIDIA L40S, 43, 0 %, 0 %, 29747 MiB, 46068 MiB
2026/06/25 15:42:41.844, NVIDIA L40S, 43, 0 %, 0 %, 29747 MiB, 46068 MiB
2026/06/25 15:42:44.845, NVIDIA L40S, 43, 0 %, 0 %, 29747 MiB, 46068 MiB
2026/06/25 15:42:47.845, NVIDIA L40S, 44, 0 %, 0 %, 29747 MiB, 46068 MiB
2026/06/25 15:42:50.846, NVIDIA L40S, 43, 0 %, 0 %, 29747 MiB, 46068 MiB
2026/06/25 15:42:53.846, NVIDIA L40S, 43, 0 %, 0 %, 29747 MiB, 46068 MiB
2026/06/25 15:42:56.846, NVIDIA L40S, 43, 0 %, 0 %, 29747 MiB, 46068 MiB
2026/06/25 15:42:59.847, NVIDIA L40S, 43, 0 %, 0 %, 29747 MiB, 46068 MiB
2026/06/25 15:43:02.848, NVIDIA L40S, 43, 0 %, 0 %, 29747 MiB, 46068 MiB
2026/06/25 15:43:05.848, NVIDIA L40S, 43, 0 %, 0 %, 29747 MiB, 46068 MiB
2026/06/25 15:43:08.848, NVIDIA L40S, 44, 19 %, 13 %, 29747 MiB, 46068 MiB
2026/06/25 15:43:11.849, NVIDIA L40S, 42, 0 %, 0 %, 29747 MiB, 46068 MiB
2026/06/25 15:43:14.850, NVIDIA L40S, 43, 0 %, 0 %, 29747 MiB, 46068 MiB
2026/06/25 15:43:17.850, NVIDIA L40S, 42, 0 %, 0 %, 29747 MiB, 46068 MiB
2026/06/25 15:43:20.851, NVIDIA L40S, 43, 0 %, 0 %, 29747 MiB, 46068 MiB
2026/06/25 15:43:23.851, NVIDIA L40S, 43, 0 %, 0 %, 29747 MiB, 46068 MiB
2026/06/25 15:43:26.852, NVIDIA L40S, 43, 8 %, 0 %, 29747 MiB, 46068 MiB
2026/06/25 15:43:29.852, NVIDIA L40S, 43, 0 %, 0 %, 29747 MiB, 46068 MiB
2026/06/25 15:43:32.853, NVIDIA L40S, 43, 0 %, 0 %, 29747 MiB, 46068 MiB
2026/06/25 15:43:35.853, NVIDIA L40S, 51, 89 %, 70 %, 29747 MiB, 46068 MiB
2026/06/25 15:43:38.854, NVIDIA L40S, 43, 0 %, 0 %, 29747 MiB, 46068 MiB
2026/06/25 15:43:41.854, NVIDIA L40S, 43, 0 %, 0 %, 29747 MiB, 46068 MiB
2026/06/25 15:43:44.855, NVIDIA L40S, 43, 0 %, 0 %, 29747 MiB, 46068 MiB
2026/06/25 15:43:47.855, NVIDIA L40S, 47, 100 %, 64 %, 29747 MiB, 46068 MiB
2026/06/25 15:43:50.856, NVIDIA L40S, 43, 0 %, 0 %, 29747 MiB, 46068 MiB
2026/06/25 15:43:53.856, NVIDIA L40S, 43, 0 %, 0 %, 29747 MiB, 46068 MiB
2026/06/25 15:43:56.856, NVIDIA L40S, 43, 0 %, 0 %, 29747 MiB, 46068 MiB
2026/06/25 15:43:59.857, NVIDIA L40S, 44, 100 %, 42 %, 29747 MiB, 46068 MiB
2026/06/25 15:44:02.858, NVIDIA L40S, 42, 0 %, 0 %, 29747 MiB, 46068 MiB
2026/06/25 15:44:05.858, NVIDIA L40S, 42, 0 %, 0 %, 29747 MiB, 46068 MiB
2026/06/25 15:44:08.859, NVIDIA L40S, 42, 0 %, 0 %, 29747 MiB, 46068 MiB
2026/06/25 15:44:11.859, NVIDIA L40S, 42, 0 %, 0 %, 29747 MiB, 46068 MiB
2026/06/25 15:44:14.860, NVIDIA L40S, 42, 0 %, 0 %, 29747 MiB, 46068 MiB
2026/06/25 15:44:17.860, NVIDIA L40S, 41, 0 %, 0 %, 29747 MiB, 46068 MiB
2026/06/25 15:44:20.861, NVIDIA L40S, 41, 0 %, 0 %, 29747 MiB, 46068 MiB
2026/06/25 15:44:23.861, NVIDIA L40S, 41, 0 %, 0 %, 29747 MiB, 46068 MiB
2026/06/25 15:44:26.862, NVIDIA L40S, 41, 8 %, 0 %, 29747 MiB, 46068 MiB
2026/06/25 15:44:29.862, NVIDIA L40S, 47, 54 %, 2 %, 29747 MiB, 46068 MiB
2026/06/25 15:44:32.863, NVIDIA L40S, 42, 0 %, 0 %, 29747 MiB, 46068 MiB
2026/06/25 15:44:35.863, NVIDIA L40S, 42, 0 %, 0 %, 29747 MiB, 46068 MiB
2026/06/25 15:44:38.864, NVIDIA L40S, 42, 0 %, 0 %, 29747 MiB, 46068 MiB
2026/06/25 15:44:41.864, NVIDIA L40S, 43, 8 %, 0 %, 29747 MiB, 46068 MiB
2026/06/25 15:44:44.865, NVIDIA L40S, 42, 0 %, 0 %, 29747 MiB, 46068 MiB
2026/06/25 15:44:47.865, NVIDIA L40S, 49, 100 %, 50 %, 29747 MiB, 46068 MiB
2026/06/25 15:44:50.865, NVIDIA L40S, 42, 0 %, 0 %, 29747 MiB, 46068 MiB
2026/06/25 15:44:53.866, NVIDIA L40S, 42, 0 %, 0 %, 29747 MiB, 46068 MiB
2026/06/25 15:44:56.867, NVIDIA L40S, 42, 0 %, 0 %, 29747 MiB, 46068 MiB
2026/06/25 15:44:59.867, NVIDIA L40S, 42, 0 %, 0 %, 29747 MiB, 46068 MiB
2026/06/25 15:45:02.868, NVIDIA L40S, 42, 7 %, 0 %, 29747 MiB, 46068 MiB
2026/06/25 15:45:05.869, NVIDIA L40S, 42, 0 %, 0 %, 29747 MiB, 46068 MiB
2026/06/25 15:45:08.870, NVIDIA L40S, 42, 0 %, 0 %, 29747 MiB, 46068 MiB
2026/06/25 15:45:11.870, NVIDIA L40S, 43, 7 %, 0 %, 29747 MiB, 46068 MiB
2026/06/25 15:45:14.871, NVIDIA L40S, 41, 0 %, 0 %, 29747 MiB, 46068 MiB
2026/06/25 15:45:17.871, NVIDIA L40S, 43, 61 %, 26 %, 29747 MiB, 46068 MiB
2026/06/25 15:45:20.872, NVIDIA L40S, 41, 0 %, 0 %, 29747 MiB, 46068 MiB
2026/06/25 15:45:23.872, NVIDIA L40S, 42, 0 %, 0 %, 29747 MiB, 46068 MiB
2026/06/25 15:45:26.873, NVIDIA L40S, 41, 0 %, 0 %, 29747 MiB, 46068 MiB
2026/06/25 15:45:29.873, NVIDIA L40S, 42, 0 %, 0 %, 29747 MiB, 46068 MiB
2026/06/25 15:45:32.874, NVIDIA L40S, 41, 0 %, 0 %, 29747 MiB, 46068 MiB
2026/06/25 15:45:35.874, NVIDIA L40S, 42, 0 %, 0 %, 29747 MiB, 46068 MiB
2026/06/25 15:45:38.875, NVIDIA L40S, 41, 0 %, 0 %, 29747 MiB, 46068 MiB
2026/06/25 15:45:41.876, NVIDIA L40S, 42, 0 %, 0 %, 29747 MiB, 46068 MiB
2026/06/25 15:45:44.876, NVIDIA L40S, 42, 0 %, 0 %, 29747 MiB, 46068 MiB
2026/06/25 15:45:47.877, NVIDIA L40S, 42, 0 %, 0 %, 29747 MiB, 46068 MiB
2026/06/25 15:45:50.877, NVIDIA L40S, 42, 7 %, 0 %, 29747 MiB, 46068 MiB
2026/06/25 15:45:53.878, NVIDIA L40S, 42, 0 %, 0 %, 29747 MiB, 46068 MiB
2026/06/25 15:45:56.878, NVIDIA L40S, 43, 9 %, 0 %, 29747 MiB, 46068 MiB
2026/06/25 15:45:59.879, NVIDIA L40S, 43, 0 %, 0 %, 29747 MiB, 46068 MiB
2026/06/25 15:46:02.879, NVIDIA L40S, 43, 0 %, 0 %, 29747 MiB, 46068 MiB
2026/06/25 15:46:05.880, NVIDIA L40S, 51, 95 %, 59 %, 29747 MiB, 46068 MiB
2026/06/25 15:46:08.880, NVIDIA L40S, 43, 0 %, 0 %, 29747 MiB, 46068 MiB
2026/06/25 15:46:11.881, NVIDIA L40S, 43, 0 %, 0 %, 29747 MiB, 46068 MiB
2026/06/25 15:46:14.881, NVIDIA L40S, 42, 0 %, 0 %, 29747 MiB, 46068 MiB
2026/06/25 15:46:17.882, NVIDIA L40S, 42, 0 %, 0 %, 29747 MiB, 46068 MiB
2026/06/25 15:46:20.882, NVIDIA L40S, 42, 3 %, 0 %, 29747 MiB, 46068 MiB
2026/06/25 15:46:23.883, NVIDIA L40S, 42, 0 %, 0 %, 29747 MiB, 46068 MiB
2026/06/25 15:46:26.883, NVIDIA L40S, 41, 3 %, 0 %, 29747 MiB, 46068 MiB
2026/06/25 15:46:29.884, NVIDIA L40S, 41, 0 %, 0 %, 29747 MiB, 46068 MiB
2026/06/25 15:46:32.884, NVIDIA L40S, 41, 0 %, 0 %, 29747 MiB, 46068 MiB
2026/06/25 15:46:35.885, NVIDIA L40S, 47, 17 %, 11 %, 29747 MiB, 46068 MiB
2026/06/25 15:46:38.885, NVIDIA L40S, 41, 0 %, 0 %, 29747 MiB, 46068 MiB
2026/06/25 15:46:41.886, NVIDIA L40S, 41, 0 %, 0 %, 29747 MiB, 46068 MiB
2026/06/25 15:46:44.886, NVIDIA L40S, 41, 0 %, 0 %, 29747 MiB, 46068 MiB
2026/06/25 15:46:47.887, NVIDIA L40S, 40, 0 %, 0 %, 29747 MiB, 46068 MiB
2026/06/25 15:46:50.887, NVIDIA L40S, 40, 0 %, 0 %, 29747 MiB, 46068 MiB
2026/06/25 15:46:53.888, NVIDIA L40S, 40, 0 %, 0 %, 29747 MiB, 46068 MiB
2026/06/25 15:46:56.888, NVIDIA L40S, 41, 0 %, 0 %, 29747 MiB, 46068 MiB
2026/06/25 15:46:59.888, NVIDIA L40S, 47, 98 %, 65 %, 29747 MiB, 46068 MiB
2026/06/25 15:47:02.889, NVIDIA L40S, 41, 0 %, 0 %, 29747 MiB, 46068 MiB
2026/06/25 15:47:05.889, NVIDIA L40S, 46, 100 %, 71 %, 29747 MiB, 46068 MiB
2026/06/25 15:47:08.890, NVIDIA L40S, 41, 0 %, 0 %, 29747 MiB, 46068 MiB
2026/06/25 15:47:11.891, NVIDIA L40S, 41, 0 %, 0 %, 29747 MiB, 46068 MiB
2026/06/25 15:47:14.891, NVIDIA L40S, 41, 0 %, 0 %, 29747 MiB, 46068 MiB
2026/06/25 15:47:17.892, NVIDIA L40S, 42, 0 %, 0 %, 29747 MiB, 46068 MiB
2026/06/25 15:47:20.892, NVIDIA L40S, 41, 7 %, 0 %, 29747 MiB, 46068 MiB
2026/06/25 15:47:23.893, NVIDIA L40S, 42, 0 %, 0 %, 29747 MiB, 46068 MiB
2026/06/25 15:47:26.893, NVIDIA L40S, 41, 0 %, 0 %, 29747 MiB, 46068 MiB
2026/06/25 15:47:29.894, NVIDIA L40S, 41, 9 %, 0 %, 29747 MiB, 46068 MiB
2026/06/25 15:47:32.894, NVIDIA L40S, 41, 0 %, 0 %, 29747 MiB, 46068 MiB
2026/06/25 15:47:35.895, NVIDIA L40S, 41, 0 %, 0 %, 29747 MiB, 46068 MiB
2026/06/25 15:47:38.895, NVIDIA L40S, 42, 0 %, 0 %, 29747 MiB, 46068 MiB
2026/06/25 15:47:41.896, NVIDIA L40S, 41, 0 %, 0 %, 29747 MiB, 46068 MiB
2026/06/25 15:47:44.897, NVIDIA L40S, 42, 0 %, 0 %, 29747 MiB, 46068 MiB
2026/06/25 15:47:47.897, NVIDIA L40S, 41, 0 %, 0 %, 29747 MiB, 46068 MiB
2026/06/25 15:47:50.897, NVIDIA L40S, 41, 0 %, 0 %, 29747 MiB, 46068 MiB
2026/06/25 15:47:53.898, NVIDIA L40S, 41, 0 %, 0 %, 29747 MiB, 46068 MiB
2026/06/25 15:47:56.899, NVIDIA L40S, 41, 0 %, 0 %, 29747 MiB, 46068 MiB
2026/06/25 15:47:59.899, NVIDIA L40S, 41, 0 %, 0 %, 29747 MiB, 46068 MiB
2026/06/25 15:48:02.900, NVIDIA L40S, 41, 0 %, 0 %, 29747 MiB, 46068 MiB
2026/06/25 15:48:05.900, NVIDIA L40S, 42, 0 %, 0 %, 29747 MiB, 46068 MiB
2026/06/25 15:48:08.901, NVIDIA L40S, 41, 0 %, 0 %, 29747 MiB, 46068 MiB
2026/06/25 15:48:11.901, NVIDIA L40S, 42, 0 %, 0 %, 29747 MiB, 46068 MiB
2026/06/25 15:48:14.902, NVIDIA L40S, 42, 0 %, 0 %, 29747 MiB, 46068 MiB
2026/06/25 15:48:17.902, NVIDIA L40S, 42, 0 %, 0 %, 29747 MiB, 46068 MiB
2026/06/25 15:48:20.903, NVIDIA L40S, 42, 0 %, 0 %, 29747 MiB, 46068 MiB
2026/06/25 15:48:23.903, NVIDIA L40S, 42, 0 %, 0 %, 29747 MiB, 46068 MiB
2026/06/25 15:48:26.904, NVIDIA L40S, 42, 0 %, 0 %, 29747 MiB, 46068 MiB
2026/06/25 15:48:29.904, NVIDIA L40S, 42, 0 %, 0 %, 29747 MiB, 46068 MiB
2026/06/25 15:48:32.905, NVIDIA L40S, 42, 9 %, 0 %, 29747 MiB, 46068 MiB
2026/06/25 15:48:35.905, NVIDIA L40S, 42, 0 %, 0 %, 29747 MiB, 46068 MiB
2026/06/25 15:48:38.906, NVIDIA L40S, 42, 0 %, 0 %, 29747 MiB, 46068 MiB
2026/06/25 15:48:41.906, NVIDIA L40S, 42, 0 %, 0 %, 29747 MiB, 46068 MiB
2026/06/25 15:48:44.907, NVIDIA L40S, 42, 0 %, 0 %, 29747 MiB, 46068 MiB
2026/06/25 15:48:47.907, NVIDIA L40S, 49, 100 %, 46 %, 29747 MiB, 46068 MiB
2026/06/25 15:48:50.908, NVIDIA L40S, 42, 8 %, 0 %, 29747 MiB, 46068 MiB
2026/06/25 15:48:53.908, NVIDIA L40S, 42, 0 %, 0 %, 29747 MiB, 46068 MiB
2026/06/25 15:48:56.909, NVIDIA L40S, 42, 8 %, 0 %, 29747 MiB, 46068 MiB
2026/06/25 15:48:59.909, NVIDIA L40S, 42, 0 %, 0 %, 29747 MiB, 46068 MiB
2026/06/25 15:49:02.910, NVIDIA L40S, 41, 0 %, 0 %, 29747 MiB, 46068 MiB
2026/06/25 15:49:05.910, NVIDIA L40S, 42, 0 %, 0 %, 29747 MiB, 46068 MiB
2026/06/25 15:49:08.911, NVIDIA L40S, 41, 0 %, 0 %, 29747 MiB, 46068 MiB
2026/06/25 15:49:11.911, NVIDIA L40S, 42, 9 %, 0 %, 29747 MiB, 46068 MiB
2026/06/25 15:49:14.912, NVIDIA L40S, 41, 0 %, 0 %, 29747 MiB, 46068 MiB
2026/06/25 15:49:17.912, NVIDIA L40S, 42, 0 %, 0 %, 29747 MiB, 46068 MiB
2026/06/25 15:49:20.913, NVIDIA L40S, 46, 73 %, 37 %, 29747 MiB, 46068 MiB
2026/06/25 15:49:23.914, NVIDIA L40S, 42, 0 %, 0 %, 29747 MiB, 46068 MiB
2026/06/25 15:49:26.914, NVIDIA L40S, 43, 100 %, 44 %, 29747 MiB, 46068 MiB
2026/06/25 15:49:29.914, NVIDIA L40S, 42, 0 %, 0 %, 29747 MiB, 46068 MiB
2026/06/25 15:49:32.915, NVIDIA L40S, 42, 3 %, 0 %, 29747 MiB, 46068 MiB
2026/06/25 15:49:35.916, NVIDIA L40S, 42, 0 %, 0 %, 29747 MiB, 46068 MiB
2026/06/25 15:49:38.916, NVIDIA L40S, 42, 0 %, 0 %, 29747 MiB, 46068 MiB
2026/06/25 15:49:41.917, NVIDIA L40S, 41, 0 %, 0 %, 29747 MiB, 46068 MiB
2026/06/25 15:49:44.917, NVIDIA L40S, 42, 0 %, 0 %, 29747 MiB, 46068 MiB
2026/06/25 15:49:47.918, NVIDIA L40S, 41, 0 %, 0 %, 29747 MiB, 46068 MiB
2026/06/25 15:49:50.918, NVIDIA L40S, 42, 0 %, 0 %, 29747 MiB, 46068 MiB
2026/06/25 15:49:53.919, NVIDIA L40S, 41, 0 %, 0 %, 29747 MiB, 46068 MiB
2026/06/25 15:49:56.919, NVIDIA L40S, 41, 0 %, 0 %, 29747 MiB, 46068 MiB
2026/06/25 15:49:59.920, NVIDIA L40S, 41, 0 %, 0 %, 29747 MiB, 46068 MiB
2026/06/25 15:50:02.920, NVIDIA L40S, 42, 0 %, 0 %, 29747 MiB, 46068 MiB
2026/06/25 15:50:05.921, NVIDIA L40S, 42, 0 %, 0 %, 29747 MiB, 46068 MiB
2026/06/25 15:50:08.921, NVIDIA L40S, 42, 0 %, 0 %, 29747 MiB, 46068 MiB
2026/06/25 15:50:11.922, NVIDIA L40S, 43, 8 %, 0 %, 29747 MiB, 46068 MiB
2026/06/25 15:50:14.922, NVIDIA L40S, 42, 0 %, 0 %, 29747 MiB, 46068 MiB
2026/06/25 15:50:17.923, NVIDIA L40S, 46, 100 %, 62 %, 29747 MiB, 46068 MiB
2026/06/25 15:50:20.923, NVIDIA L40S, 43, 0 %, 0 %, 29747 MiB, 46068 MiB
2026/06/25 15:50:23.924, NVIDIA L40S, 43, 0 %, 0 %, 29747 MiB, 46068 MiB
2026/06/25 15:50:26.924, NVIDIA L40S, 43, 0 %, 0 %, 29747 MiB, 46068 MiB
2026/06/25 15:50:29.925, NVIDIA L40S, 44, 0 %, 0 %, 29747 MiB, 46068 MiB
2026/06/25 15:50:32.925, NVIDIA L40S, 44, 0 %, 0 %, 29747 MiB, 46068 MiB
2026/06/25 15:50:35.926, NVIDIA L40S, 44, 0 %, 0 %, 29747 MiB, 46068 MiB
2026/06/25 15:50:38.926, NVIDIA L40S, 45, 0 %, 0 %, 29747 MiB, 46068 MiB
2026/06/25 15:50:41.927, NVIDIA L40S, 45, 0 %, 0 %, 29747 MiB, 46068 MiB
2026/06/25 15:50:44.928, NVIDIA L40S, 45, 0 %, 0 %, 29747 MiB, 46068 MiB
2026/06/25 15:50:47.928, NVIDIA L40S, 46, 0 %, 0 %, 29747 MiB, 46068 MiB
2026/06/25 15:50:50.929, NVIDIA L40S, 46, 0 %, 0 %, 29747 MiB, 46068 MiB
2026/06/25 15:50:53.929, NVIDIA L40S, 47, 0 %, 0 %, 29747 MiB, 46068 MiB
2026/06/25 15:50:56.930, NVIDIA L40S, 47, 0 %, 0 %, 29747 MiB, 46068 MiB
2026/06/25 15:50:59.930, NVIDIA L40S, 47, 0 %, 0 %, 29747 MiB, 46068 MiB
2026/06/25 15:51:02.931, NVIDIA L40S, 47, 0 %, 0 %, 29747 MiB, 46068 MiB
2026/06/25 15:51:05.931, NVIDIA L40S, 48, 6 %, 0 %, 29747 MiB, 46068 MiB
2026/06/25 15:51:08.932, NVIDIA L40S, 53, 0 %, 0 %, 29747 MiB, 46068 MiB
2026/06/25 15:51:11.932, NVIDIA L40S, 48, 0 %, 0 %, 29747 MiB, 46068 MiB
2026/06/25 15:51:14.933, NVIDIA L40S, 50, 100 %, 46 %, 29747 MiB, 46068 MiB
2026/06/25 15:51:17.933, NVIDIA L40S, 48, 0 %, 0 %, 29747 MiB, 46068 MiB
2026/06/25 15:51:20.934, NVIDIA L40S, 51, 0 %, 0 %, 29747 MiB, 46068 MiB
2026/06/25 15:51:23.935, NVIDIA L40S, 49, 0 %, 0 %, 29747 MiB, 46068 MiB
2026/06/25 15:51:26.935, NVIDIA L40S, 49, 0 %, 0 %, 29747 MiB, 46068 MiB
2026/06/25 15:51:29.936, NVIDIA L40S, 49, 0 %, 0 %, 29747 MiB, 46068 MiB
2026/06/25 15:51:32.936, NVIDIA L40S, 49, 0 %, 0 %, 29747 MiB, 46068 MiB
2026/06/25 15:51:35.937, NVIDIA L40S, 49, 0 %, 0 %, 29747 MiB, 46068 MiB
2026/06/25 15:51:38.937, NVIDIA L40S, 48, 0 %, 0 %, 29747 MiB, 46068 MiB
2026/06/25 15:51:41.938, NVIDIA L40S, 48, 0 %, 0 %, 29747 MiB, 46068 MiB
2026/06/25 15:51:44.938, NVIDIA L40S, 48, 9 %, 0 %, 29747 MiB, 46068 MiB
2026/06/25 15:51:47.939, NVIDIA L40S, 53, 55 %, 4 %, 29747 MiB, 46068 MiB
2026/06/25 15:51:50.939, NVIDIA L40S, 47, 0 %, 0 %, 29747 MiB, 46068 MiB
2026/06/25 15:51:53.940, NVIDIA L40S, 47, 0 %, 0 %, 29747 MiB, 46068 MiB
2026/06/25 15:51:56.940, NVIDIA L40S, 46, 0 %, 0 %, 29747 MiB, 46068 MiB
2026/06/25 15:51:59.941, NVIDIA L40S, 45, 0 %, 0 %, 29747 MiB, 46068 MiB
2026/06/25 15:52:02.941, NVIDIA L40S, 45, 0 %, 0 %, 29747 MiB, 46068 MiB
2026/06/25 15:52:05.942, NVIDIA L40S, 44, 0 %, 0 %, 29747 MiB, 46068 MiB
2026/06/25 15:52:08.942, NVIDIA L40S, 48, 96 %, 60 %, 29747 MiB, 46068 MiB
2026/06/25 15:52:11.943, NVIDIA L40S, 44, 0 %, 0 %, 29747 MiB, 46068 MiB
2026/06/25 15:52:14.943, NVIDIA L40S, 43, 0 %, 0 %, 29747 MiB, 46068 MiB
2026/06/25 15:52:17.944, NVIDIA L40S, 43, 0 %, 0 %, 29747 MiB, 46068 MiB
2026/06/25 15:52:20.944, NVIDIA L40S, 43, 0 %, 0 %, 29747 MiB, 46068 MiB
2026/06/25 15:52:23.945, NVIDIA L40S, 48, 100 %, 46 %, 29747 MiB, 46068 MiB
2026/06/25 15:52:26.945, NVIDIA L40S, 42, 0 %, 0 %, 29747 MiB, 46068 MiB
2026/06/25 15:52:29.946, NVIDIA L40S, 42, 0 %, 0 %, 29747 MiB, 46068 MiB
2026/06/25 15:52:32.946, NVIDIA L40S, 42, 0 %, 0 %, 29747 MiB, 46068 MiB
2026/06/25 15:52:35.947, NVIDIA L40S, 42, 0 %, 0 %, 29747 MiB, 46068 MiB
2026/06/25 15:52:38.947, NVIDIA L40S, 42, 0 %, 0 %, 29747 MiB, 46068 MiB
2026/06/25 15:52:41.948, NVIDIA L40S, 42, 0 %, 0 %, 29747 MiB, 46068 MiB
2026/06/25 15:52:44.948, NVIDIA L40S, 42, 0 %, 0 %, 29747 MiB, 46068 MiB
2026/06/25 15:52:47.949, NVIDIA L40S, 42, 0 %, 0 %, 29747 MiB, 46068 MiB
2026/06/25 15:52:50.949, NVIDIA L40S, 42, 8 %, 0 %, 29747 MiB, 46068 MiB
2026/06/25 15:52:53.950, NVIDIA L40S, 42, 0 %, 0 %, 29747 MiB, 46068 MiB
2026/06/25 15:52:56.950, NVIDIA L40S, 42, 0 %, 0 %, 29747 MiB, 46068 MiB
2026/06/25 15:52:59.951, NVIDIA L40S, 42, 0 %, 0 %, 29747 MiB, 46068 MiB
2026/06/25 15:53:02.951, NVIDIA L40S, 42, 0 %, 0 %, 29747 MiB, 46068 MiB
2026/06/25 15:53:05.952, NVIDIA L40S, 43, 0 %, 0 %, 29747 MiB, 46068 MiB
2026/06/25 15:53:08.952, NVIDIA L40S, 42, 0 %, 0 %, 29747 MiB, 46068 MiB
2026/06/25 15:53:11.953, NVIDIA L40S, 43, 0 %, 0 %, 29747 MiB, 46068 MiB
2026/06/25 15:53:14.953, NVIDIA L40S, 42, 0 %, 0 %, 29747 MiB, 46068 MiB
2026/06/25 15:53:17.953, NVIDIA L40S, 42, 1 %, 0 %, 29747 MiB, 46068 MiB
2026/06/25 15:53:20.954, NVIDIA L40S, 42, 0 %, 0 %, 29747 MiB, 46068 MiB
2026/06/25 15:53:23.954, NVIDIA L40S, 42, 0 %, 0 %, 29747 MiB, 46068 MiB
2026/06/25 15:53:26.955, NVIDIA L40S, 42, 0 %, 0 %, 29747 MiB, 46068 MiB
2026/06/25 15:53:29.955, NVIDIA L40S, 42, 0 %, 0 %, 29747 MiB, 46068 MiB
2026/06/25 15:53:32.956, NVIDIA L40S, 42, 0 %, 0 %, 29747 MiB, 46068 MiB
2026/06/25 15:53:35.956, NVIDIA L40S, 42, 0 %, 0 %, 29747 MiB, 46068 MiB
2026/06/25 15:53:38.957, NVIDIA L40S, 49, 95 %, 59 %, 29747 MiB, 46068 MiB
2026/06/25 15:53:41.957, NVIDIA L40S, 41, 0 %, 0 %, 29747 MiB, 46068 MiB
2026/06/25 15:53:44.958, NVIDIA L40S, 42, 0 %, 0 %, 29747 MiB, 46068 MiB
2026/06/25 15:53:47.958, NVIDIA L40S, 41, 0 %, 0 %, 29747 MiB, 46068 MiB
2026/06/25 15:53:50.959, NVIDIA L40S, 42, 8 %, 0 %, 29747 MiB, 46068 MiB
2026/06/25 15:53:53.959, NVIDIA L40S, 41, 2 %, 0 %, 29747 MiB, 46068 MiB
2026/06/25 15:53:56.960, NVIDIA L40S, 42, 0 %, 0 %, 29747 MiB, 46068 MiB
2026/06/25 15:53:59.960, NVIDIA L40S, 41, 0 %, 0 %, 29747 MiB, 46068 MiB
2026/06/25 15:54:02.961, NVIDIA L40S, 42, 0 %, 0 %, 29747 MiB, 46068 MiB
2026/06/25 15:54:05.961, NVIDIA L40S, 45, 0 %, 0 %, 29747 MiB, 46068 MiB
2026/06/25 15:54:08.962, NVIDIA L40S, 42, 0 %, 0 %, 29747 MiB, 46068 MiB
2026/06/25 15:54:11.962, NVIDIA L40S, 42, 0 %, 0 %, 29747 MiB, 46068 MiB
2026/06/25 15:54:14.963, NVIDIA L40S, 42, 8 %, 0 %, 29747 MiB, 46068 MiB
2026/06/25 15:54:17.963, NVIDIA L40S, 42, 5 %, 0 %, 29747 MiB, 46068 MiB
2026/06/25 15:54:20.964, NVIDIA L40S, 44, 100 %, 41 %, 29747 MiB, 46068 MiB
2026/06/25 15:54:23.964, NVIDIA L40S, 43, 0 %, 0 %, 29747 MiB, 46068 MiB
2026/06/25 15:54:26.965, NVIDIA L40S, 43, 8 %, 0 %, 29747 MiB, 46068 MiB
2026/06/25 15:54:29.966, NVIDIA L40S, 42, 0 %, 0 %, 29747 MiB, 46068 MiB
2026/06/25 15:54:32.966, NVIDIA L40S, 43, 0 %, 0 %, 29747 MiB, 46068 MiB
2026/06/25 15:54:35.967, NVIDIA L40S, 42, 0 %, 0 %, 29747 MiB, 46068 MiB
2026/06/25 15:54:38.967, NVIDIA L40S, 43, 0 %, 0 %, 29747 MiB, 46068 MiB
2026/06/25 15:54:41.968, NVIDIA L40S, 43, 0 %, 0 %, 29747 MiB, 46068 MiB
2026/06/25 15:54:44.968, NVIDIA L40S, 42, 0 %, 0 %, 29747 MiB, 46068 MiB
2026/06/25 15:54:47.969, NVIDIA L40S, 42, 0 %, 0 %, 29747 MiB, 46068 MiB
2026/06/25 15:54:50.969, NVIDIA L40S, 43, 0 %, 0 %, 29747 MiB, 46068 MiB
2026/06/25 15:54:53.970, NVIDIA L40S, 42, 0 %, 0 %, 29747 MiB, 46068 MiB
2026/06/25 15:54:56.970, NVIDIA L40S, 42, 0 %, 0 %, 29747 MiB, 46068 MiB
2026/06/25 15:54:59.971, NVIDIA L40S, 42, 0 %, 0 %, 29747 MiB, 46068 MiB
2026/06/25 15:55:02.972, NVIDIA L40S, 42, 0 %, 0 %, 29747 MiB, 46068 MiB
2026/06/25 15:55:05.972, NVIDIA L40S, 43, 8 %, 0 %, 29747 MiB, 46068 MiB
2026/06/25 15:55:08.973, NVIDIA L40S, 42, 0 %, 0 %, 29747 MiB, 46068 MiB
2026/06/25 15:55:11.973, NVIDIA L40S, 42, 0 %, 0 %, 29747 MiB, 46068 MiB
2026/06/25 15:55:14.974, NVIDIA L40S, 43, 0 %, 0 %, 29747 MiB, 46068 MiB
2026/06/25 15:55:17.974, NVIDIA L40S, 43, 0 %, 0 %, 29747 MiB, 46068 MiB
2026/06/25 15:55:20.975, NVIDIA L40S, 43, 0 %, 0 %, 29747 MiB, 46068 MiB
2026/06/25 15:55:23.976, NVIDIA L40S, 43, 0 %, 0 %, 29747 MiB, 46068 MiB
2026/06/25 15:55:26.976, NVIDIA L40S, 44, 9 %, 0 %, 29747 MiB, 46068 MiB
2026/06/25 15:55:29.977, NVIDIA L40S, 43, 0 %, 0 %, 29747 MiB, 46068 MiB
2026/06/25 15:55:32.977, NVIDIA L40S, 43, 0 %, 0 %, 29747 MiB, 46068 MiB
2026/06/25 15:55:35.978, NVIDIA L40S, 43, 0 %, 0 %, 29747 MiB, 46068 MiB
2026/06/25 15:55:38.978, NVIDIA L40S, 43, 0 %, 0 %, 29747 MiB, 46068 MiB
2026/06/25 15:55:41.979, NVIDIA L40S, 43, 0 %, 0 %, 29747 MiB, 46068 MiB
2026/06/25 15:55:44.979, NVIDIA L40S, 43, 0 %, 0 %, 29747 MiB, 46068 MiB
2026/06/25 15:55:47.980, NVIDIA L40S, 42, 0 %, 0 %, 29747 MiB, 46068 MiB
2026/06/25 15:55:50.981, NVIDIA L40S, 42, 9 %, 0 %, 29747 MiB, 46068 MiB
2026/06/25 15:55:53.981, NVIDIA L40S, 42, 0 %, 0 %, 29747 MiB, 46068 MiB
2026/06/25 15:55:56.982, NVIDIA L40S, 42, 0 %, 0 %, 29747 MiB, 46068 MiB
2026/06/25 15:55:59.982, NVIDIA L40S, 41, 0 %, 0 %, 29747 MiB, 46068 MiB
2026/06/25 15:56:02.983, NVIDIA L40S, 41, 9 %, 0 %, 29747 MiB, 46068 MiB
2026/06/25 15:56:05.983, NVIDIA L40S, 41, 0 %, 0 %, 29747 MiB, 46068 MiB
2026/06/25 15:56:08.984, NVIDIA L40S, 40, 0 %, 0 %, 29747 MiB, 46068 MiB
2026/06/25 15:56:11.985, NVIDIA L40S, 40, 5 %, 0 %, 29747 MiB, 46068 MiB
2026/06/25 15:56:14.985, NVIDIA L40S, 44, 100 %, 42 %, 29747 MiB, 46068 MiB
2026/06/25 15:56:17.986, NVIDIA L40S, 40, 0 %, 0 %, 29747 MiB, 46068 MiB
2026/06/25 15:56:20.986, NVIDIA L40S, 39, 0 %, 0 %, 29747 MiB, 46068 MiB
2026/06/25 15:56:23.987, NVIDIA L40S, 47, 55 %, 28 %, 29747 MiB, 46068 MiB
2026/06/25 15:56:26.987, NVIDIA L40S, 39, 0 %, 0 %, 29747 MiB, 46068 MiB
2026/06/25 15:56:29.988, NVIDIA L40S, 39, 0 %, 0 %, 29747 MiB, 46068 MiB
2026/06/25 15:56:32.988, NVIDIA L40S, 41, 9 %, 0 %, 29747 MiB, 46068 MiB
2026/06/25 15:56:35.989, NVIDIA L40S, 38, 9 %, 0 %, 29747 MiB, 46068 MiB
2026/06/25 15:56:38.991, NVIDIA L40S, 38, 0 %, 0 %, 29747 MiB, 46068 MiB
2026/06/25 15:56:41.991, NVIDIA L40S, 39, 0 %, 0 %, 29747 MiB, 46068 MiB
2026/06/25 15:56:44.991, NVIDIA L40S, 38, 0 %, 0 %, 29747 MiB, 46068 MiB
2026/06/25 15:56:47.992, NVIDIA L40S, 38, 0 %, 0 %, 29747 MiB, 46068 MiB
2026/06/25 15:56:50.992, NVIDIA L40S, 39, 0 %, 0 %, 29747 MiB, 46068 MiB
2026/06/25 15:56:53.993, NVIDIA L40S, 38, 0 %, 0 %, 29747 MiB, 46068 MiB
2026/06/25 15:56:56.994, NVIDIA L40S, 38, 0 %, 0 %, 29747 MiB, 46068 MiB
2026/06/25 15:56:59.994, NVIDIA L40S, 39, 0 %, 0 %, 29747 MiB, 46068 MiB
2026/06/25 15:57:02.995, NVIDIA L40S, 47, 100 %, 47 %, 29747 MiB, 46068 MiB
2026/06/25 15:57:05.995, NVIDIA L40S, 38, 0 %, 0 %, 29747 MiB, 46068 MiB
2026/06/25 15:57:08.996, NVIDIA L40S, 38, 0 %, 0 %, 29747 MiB, 46068 MiB
2026/06/25 15:57:11.997, NVIDIA L40S, 39, 0 %, 0 %, 29747 MiB, 46068 MiB
2026/06/25 15:57:14.997, NVIDIA L40S, 38, 0 %, 0 %, 29747 MiB, 46068 MiB
2026/06/25 15:57:17.998, NVIDIA L40S, 38, 4 %, 0 %, 29747 MiB, 46068 MiB
2026/06/25 15:57:20.998, NVIDIA L40S, 38, 9 %, 0 %, 29747 MiB, 46068 MiB
2026/06/25 15:57:23.999, NVIDIA L40S, 39, 8 %, 0 %, 29747 MiB, 46068 MiB
2026/06/25 15:57:27.000, NVIDIA L40S, 38, 0 %, 0 %, 29747 MiB, 46068 MiB
2026/06/25 15:57:30.000, NVIDIA L40S, 38, 0 %, 0 %, 29747 MiB, 46068 MiB
2026/06/25 15:57:33.001, NVIDIA L40S, 39, 0 %, 0 %, 29747 MiB, 46068 MiB
2026/06/25 15:57:36.002, NVIDIA L40S, 46, 100 %, 46 %, 29747 MiB, 46068 MiB
2026/06/25 15:57:39.002, NVIDIA L40S, 38, 9 %, 0 %, 29747 MiB, 46068 MiB
2026/06/25 15:57:42.003, NVIDIA L40S, 38, 0 %, 0 %, 29747 MiB, 46068 MiB
2026/06/25 15:57:45.003, NVIDIA L40S, 38, 0 %, 0 %, 29747 MiB, 46068 MiB
2026/06/25 15:57:48.004, NVIDIA L40S, 38, 0 %, 0 %, 29747 MiB, 46068 MiB
2026/06/25 15:57:51.004, NVIDIA L40S, 38, 0 %, 0 %, 29747 MiB, 46068 MiB
2026/06/25 15:57:54.005, NVIDIA L40S, 38, 0 %, 0 %, 29747 MiB, 46068 MiB
2026/06/25 15:57:57.005, NVIDIA L40S, 38, 0 %, 0 %, 29747 MiB, 46068 MiB
2026/06/25 15:58:00.006, NVIDIA L40S, 38, 0 %, 0 %, 29747 MiB, 46068 MiB
2026/06/25 15:58:03.006, NVIDIA L40S, 38, 0 %, 0 %, 29747 MiB, 46068 MiB
2026/06/25 15:58:06.007, NVIDIA L40S, 38, 0 %, 0 %, 29747 MiB, 46068 MiB
2026/06/25 15:58:09.007, NVIDIA L40S, 38, 0 %, 0 %, 29747 MiB, 46068 MiB
2026/06/25 15:58:12.008, NVIDIA L40S, 38, 9 %, 0 %, 29747 MiB, 46068 MiB
2026/06/25 15:58:15.008, NVIDIA L40S, 41, 54 %, 2 %, 29747 MiB, 46068 MiB
2026/06/25 15:58:18.009, NVIDIA L40S, 38, 0 %, 0 %, 29747 MiB, 46068 MiB
2026/06/25 15:58:21.009, NVIDIA L40S, 39, 0 %, 0 %, 29747 MiB, 46068 MiB
2026/06/25 15:58:24.010, NVIDIA L40S, 38, 0 %, 0 %, 29747 MiB, 46068 MiB
2026/06/25 15:58:27.010, NVIDIA L40S, 39, 0 %, 0 %, 29747 MiB, 46068 MiB
2026/06/25 15:58:30.011, NVIDIA L40S, 39, 0 %, 0 %, 29747 MiB, 46068 MiB
2026/06/25 15:58:33.011, NVIDIA L40S, 39, 0 %, 0 %, 29747 MiB, 46068 MiB
2026/06/25 15:58:36.012, NVIDIA L40S, 39, 0 %, 0 %, 29747 MiB, 46068 MiB
2026/06/25 15:58:39.012, NVIDIA L40S, 39, 0 %, 0 %, 29747 MiB, 46068 MiB
2026/06/25 15:58:42.013, NVIDIA L40S, 39, 0 %, 0 %, 29747 MiB, 46068 MiB
2026/06/25 15:58:45.013, NVIDIA L40S, 39, 0 %, 0 %, 29747 MiB, 46068 MiB
2026/06/25 15:58:48.014, NVIDIA L40S, 39, 0 %, 0 %, 29747 MiB, 46068 MiB
2026/06/25 15:58:51.015, NVIDIA L40S, 39, 0 %, 0 %, 29747 MiB, 46068 MiB
2026/06/25 15:58:54.015, NVIDIA L40S, 39, 4 %, 0 %, 29747 MiB, 46068 MiB
2026/06/25 15:58:57.016, NVIDIA L40S, 39, 9 %, 0 %, 29747 MiB, 46068 MiB
2026/06/25 15:59:00.016, NVIDIA L40S, 41, 71 %, 31 %, 29747 MiB, 46068 MiB
2026/06/25 15:59:03.017, NVIDIA L40S, 39, 0 %, 0 %, 29747 MiB, 46068 MiB
2026/06/25 15:59:06.017, NVIDIA L40S, 39, 0 %, 0 %, 29747 MiB, 46068 MiB
2026/06/25 15:59:09.017, NVIDIA L40S, 39, 0 %, 0 %, 29747 MiB, 46068 MiB
2026/06/25 15:59:12.018, NVIDIA L40S, 43, 100 %, 22 %, 29747 MiB, 46068 MiB
2026/06/25 15:59:15.018, NVIDIA L40S, 39, 6 %, 0 %, 29747 MiB, 46068 MiB
2026/06/25 15:59:18.019, NVIDIA L40S, 39, 0 %, 0 %, 29747 MiB, 46068 MiB
2026/06/25 15:59:21.019, NVIDIA L40S, 42, 100 %, 39 %, 29747 MiB, 46068 MiB
2026/06/25 15:59:24.020, NVIDIA L40S, 39, 0 %, 0 %, 29747 MiB, 46068 MiB
2026/06/25 15:59:27.020, NVIDIA L40S, 39, 0 %, 0 %, 29747 MiB, 46068 MiB
2026/06/25 15:59:30.021, NVIDIA L40S, 40, 0 %, 0 %, 29747 MiB, 46068 MiB
2026/06/25 15:59:33.021, NVIDIA L40S, 39, 0 %, 0 %, 29747 MiB, 46068 MiB
2026/06/25 15:59:36.022, NVIDIA L40S, 39, 0 %, 0 %, 29747 MiB, 46068 MiB
2026/06/25 15:59:39.022, NVIDIA L40S, 40, 2 %, 0 %, 29747 MiB, 46068 MiB
2026/06/25 15:59:42.023, NVIDIA L40S, 39, 0 %, 0 %, 29747 MiB, 46068 MiB
2026/06/25 15:59:45.023, NVIDIA L40S, 39, 3 %, 0 %, 29747 MiB, 46068 MiB
2026/06/25 15:59:48.024, NVIDIA L40S, 42, 100 %, 45 %, 29747 MiB, 46068 MiB
2026/06/25 15:59:51.024, NVIDIA L40S, 39, 0 %, 0 %, 29747 MiB, 46068 MiB
2026/06/25 15:59:54.025, NVIDIA L40S, 40, 0 %, 0 %, 29747 MiB, 46068 MiB
2026/06/25 15:59:57.026, NVIDIA L40S, 39, 0 %, 0 %, 29747 MiB, 46068 MiB
2026/06/25 16:00:00.026, NVIDIA L40S, 39, 0 %, 0 %, 29747 MiB, 46068 MiB
2026/06/25 16:00:03.027, NVIDIA L40S, 41, 1 %, 0 %, 29747 MiB, 46068 MiB
2026/06/25 16:00:06.027, NVIDIA L40S, 39, 0 %, 0 %, 29747 MiB, 46068 MiB
2026/06/25 16:00:09.028, NVIDIA L40S, 40, 6 %, 0 %, 29747 MiB, 46068 MiB
2026/06/25 16:00:12.029, NVIDIA L40S, 39, 0 %, 0 %, 29747 MiB, 46068 MiB
2026/06/25 16:00:15.029, NVIDIA L40S, 39, 0 %, 0 %, 29747 MiB, 46068 MiB
2026/06/25 16:00:18.030, NVIDIA L40S, 40, 0 %, 0 %, 29747 MiB, 46068 MiB
2026/06/25 16:00:21.030, NVIDIA L40S, 39, 0 %, 0 %, 29747 MiB, 46068 MiB
2026/06/25 16:00:24.031, NVIDIA L40S, 40, 0 %, 0 %, 29747 MiB, 46068 MiB
2026/06/25 16:00:27.031, NVIDIA L40S, 39, 0 %, 0 %, 29747 MiB, 46068 MiB
2026/06/25 16:00:30.032, NVIDIA L40S, 39, 0 %, 0 %, 29747 MiB, 46068 MiB
2026/06/25 16:00:33.032, NVIDIA L40S, 40, 0 %, 0 %, 29747 MiB, 46068 MiB
2026/06/25 16:00:36.033, NVIDIA L40S, 39, 0 %, 0 %, 29747 MiB, 46068 MiB
2026/06/25 16:00:39.033, NVIDIA L40S, 40, 0 %, 0 %, 29747 MiB, 46068 MiB
2026/06/25 16:00:42.033, NVIDIA L40S, 40, 3 %, 0 %, 29747 MiB, 46068 MiB
2026/06/25 16:00:45.034, NVIDIA L40S, 40, 0 %, 0 %, 29747 MiB, 46068 MiB
2026/06/25 16:00:48.035, NVIDIA L40S, 40, 0 %, 0 %, 29747 MiB, 46068 MiB
2026/06/25 16:00:51.035, NVIDIA L40S, 40, 0 %, 0 %, 29747 MiB, 46068 MiB
2026/06/25 16:00:54.036, NVIDIA L40S, 40, 9 %, 0 %, 29747 MiB, 46068 MiB
2026/06/25 16:00:57.036, NVIDIA L40S, 40, 0 %, 0 %, 29747 MiB, 46068 MiB
2026/06/25 16:01:00.037, NVIDIA L40S, 40, 0 %, 0 %, 29747 MiB, 46068 MiB
2026/06/25 16:01:03.037, NVIDIA L40S, 40, 0 %, 0 %, 29747 MiB, 46068 MiB
2026/06/25 16:01:06.038, NVIDIA L40S, 40, 0 %, 0 %, 29747 MiB, 46068 MiB
2026/06/25 16:01:09.038, NVIDIA L40S, 40, 0 %, 0 %, 29747 MiB, 46068 MiB
2026/06/25 16:01:12.039, NVIDIA L40S, 40, 0 %, 0 %, 29747 MiB, 46068 MiB
2026/06/25 16:01:15.040, NVIDIA L40S, 40, 5 %, 0 %, 29747 MiB, 46068 MiB
2026/06/25 16:01:18.040, NVIDIA L40S, 40, 9 %, 0 %, 29747 MiB, 46068 MiB
2026/06/25 16:01:21.041, NVIDIA L40S, 40, 0 %, 0 %, 29747 MiB, 46068 MiB
2026/06/25 16:01:24.041, NVIDIA L40S, 40, 0 %, 0 %, 29747 MiB, 46068 MiB
2026/06/25 16:01:27.042, NVIDIA L40S, 40, 0 %, 0 %, 29747 MiB, 46068 MiB
2026/06/25 16:01:30.042, NVIDIA L40S, 40, 0 %, 0 %, 29747 MiB, 46068 MiB
2026/06/25 16:01:33.042, NVIDIA L40S, 40, 0 %, 0 %, 29747 MiB, 46068 MiB
2026/06/25 16:01:36.043, NVIDIA L40S, 47, 100 %, 67 %, 29747 MiB, 46068 MiB
2026/06/25 16:01:39.043, NVIDIA L40S, 40, 0 %, 0 %, 29747 MiB, 46068 MiB
2026/06/25 16:01:42.043, NVIDIA L40S, 40, 0 %, 0 %, 29747 MiB, 46068 MiB
2026/06/25 16:01:45.044, NVIDIA L40S, 40, 0 %, 0 %, 29747 MiB, 46068 MiB
2026/06/25 16:01:48.044, NVIDIA L40S, 40, 0 %, 0 %, 29747 MiB, 46068 MiB
2026/06/25 16:01:51.045, NVIDIA L40S, 40, 0 %, 0 %, 29747 MiB, 46068 MiB
2026/06/25 16:01:54.045, NVIDIA L40S, 40, 0 %, 0 %, 29747 MiB, 46068 MiB
2026/06/25 16:01:57.045, NVIDIA L40S, 40, 0 %, 0 %, 29747 MiB, 46068 MiB
2026/06/25 16:02:00.046, NVIDIA L40S, 40, 0 %, 0 %, 29747 MiB, 46068 MiB
2026/06/25 16:02:03.047, NVIDIA L40S, 40, 0 %, 0 %, 29747 MiB, 46068 MiB
2026/06/25 16:02:06.047, NVIDIA L40S, 40, 0 %, 0 %, 29747 MiB, 46068 MiB
2026/06/25 16:02:09.048, NVIDIA L40S, 40, 9 %, 0 %, 29747 MiB, 46068 MiB
2026/06/25 16:02:12.048, NVIDIA L40S, 40, 9 %, 0 %, 29747 MiB, 46068 MiB
2026/06/25 16:02:15.049, NVIDIA L40S, 48, 100 %, 53 %, 29747 MiB, 46068 MiB
2026/06/25 16:02:18.050, NVIDIA L40S, 40, 0 %, 0 %, 29747 MiB, 46068 MiB
2026/06/25 16:02:21.050, NVIDIA L40S, 40, 0 %, 0 %, 29747 MiB, 46068 MiB
2026/06/25 16:02:24.051, NVIDIA L40S, 40, 0 %, 0 %, 29747 MiB, 46068 MiB
2026/06/25 16:02:27.051, NVIDIA L40S, 40, 0 %, 0 %, 29747 MiB, 46068 MiB
2026/06/25 16:02:30.052, NVIDIA L40S, 41, 7 %, 0 %, 29747 MiB, 46068 MiB
2026/06/25 16:02:33.052, NVIDIA L40S, 40, 6 %, 0 %, 29747 MiB, 46068 MiB
2026/06/25 16:02:36.052, NVIDIA L40S, 40, 0 %, 0 %, 29747 MiB, 46068 MiB
2026/06/25 16:02:39.053, NVIDIA L40S, 41, 0 %, 0 %, 29747 MiB, 46068 MiB
2026/06/25 16:02:42.053, NVIDIA L40S, 40, 8 %, 0 %, 29747 MiB, 46068 MiB
2026/06/25 16:02:45.054, NVIDIA L40S, 40, 0 %, 0 %, 29747 MiB, 46068 MiB
2026/06/25 16:02:48.054, NVIDIA L40S, 40, 0 %, 0 %, 29747 MiB, 46068 MiB
2026/06/25 16:02:51.055, NVIDIA L40S, 40, 0 %, 0 %, 29747 MiB, 46068 MiB
2026/06/25 16:02:54.055, NVIDIA L40S, 40, 0 %, 0 %, 29747 MiB, 46068 MiB
2026/06/25 16:02:57.056, NVIDIA L40S, 41, 0 %, 0 %, 29747 MiB, 46068 MiB
2026/06/25 16:03:00.056, NVIDIA L40S, 40, 0 %, 0 %, 29747 MiB, 46068 MiB
2026/06/25 16:03:03.056, NVIDIA L40S, 40, 0 %, 0 %, 29747 MiB, 46068 MiB
2026/06/25 16:03:06.057, NVIDIA L40S, 40, 0 %, 0 %, 29747 MiB, 46068 MiB
2026/06/25 16:03:09.057, NVIDIA L40S, 40, 0 %, 0 %, 29747 MiB, 46068 MiB
2026/06/25 16:03:12.058, NVIDIA L40S, 40, 0 %, 0 %, 29747 MiB, 46068 MiB
2026/06/25 16:03:15.058, NVIDIA L40S, 41, 2 %, 0 %, 29747 MiB, 46068 MiB
2026/06/25 16:03:18.059, NVIDIA L40S, 40, 0 %, 0 %, 29747 MiB, 46068 MiB
2026/06/25 16:03:21.060, NVIDIA L40S, 40, 0 %, 0 %, 29747 MiB, 46068 MiB
2026/06/25 16:03:24.060, NVIDIA L40S, 40, 0 %, 0 %, 29747 MiB, 46068 MiB
2026/06/25 16:03:27.061, NVIDIA L40S, 40, 0 %, 0 %, 29747 MiB, 46068 MiB
2026/06/25 16:03:30.061, NVIDIA L40S, 41, 0 %, 0 %, 29747 MiB, 46068 MiB
2026/06/25 16:03:33.061, NVIDIA L40S, 40, 0 %, 0 %, 29747 MiB, 46068 MiB
2026/06/25 16:03:36.062, NVIDIA L40S, 41, 0 %, 0 %, 29747 MiB, 46068 MiB
2026/06/25 16:03:39.062, NVIDIA L40S, 40, 0 %, 0 %, 29747 MiB, 46068 MiB
2026/06/25 16:03:42.063, NVIDIA L40S, 40, 0 %, 0 %, 29747 MiB, 46068 MiB
2026/06/25 16:03:45.063, NVIDIA L40S, 42, 4 %, 0 %, 29747 MiB, 46068 MiB
2026/06/25 16:03:48.064, NVIDIA L40S, 40, 8 %, 0 %, 29747 MiB, 46068 MiB
2026/06/25 16:03:51.064, NVIDIA L40S, 41, 0 %, 0 %, 29747 MiB, 46068 MiB
2026/06/25 16:03:54.065, NVIDIA L40S, 46, 36 %, 22 %, 29747 MiB, 46068 MiB
2026/06/25 16:03:57.065, NVIDIA L40S, 40, 0 %, 0 %, 29747 MiB, 46068 MiB
2026/06/25 16:04:00.066, NVIDIA L40S, 41, 0 %, 0 %, 29747 MiB, 46068 MiB
2026/06/25 16:04:03.066, NVIDIA L40S, 40, 0 %, 0 %, 29747 MiB, 46068 MiB
2026/06/25 16:04:06.067, NVIDIA L40S, 41, 0 %, 0 %, 29747 MiB, 46068 MiB
2026/06/25 16:04:09.067, NVIDIA L40S, 41, 0 %, 0 %, 29747 MiB, 46068 MiB
2026/06/25 16:04:12.067, NVIDIA L40S, 40, 5 %, 0 %, 29747 MiB, 46068 MiB
2026/06/25 16:04:15.068, NVIDIA L40S, 41, 0 %, 0 %, 29747 MiB, 46068 MiB
2026/06/25 16:04:18.068, NVIDIA L40S, 42, 25 %, 20 %, 29747 MiB, 46068 MiB
2026/06/25 16:04:21.069, NVIDIA L40S, 41, 0 %, 0 %, 29747 MiB, 46068 MiB
2026/06/25 16:04:24.070, NVIDIA L40S, 41, 0 %, 0 %, 29747 MiB, 46068 MiB
2026/06/25 16:04:27.070, NVIDIA L40S, 40, 0 %, 0 %, 29747 MiB, 46068 MiB
2026/06/25 16:04:30.071, NVIDIA L40S, 40, 0 %, 0 %, 29747 MiB, 46068 MiB
2026/06/25 16:04:33.071, NVIDIA L40S, 41, 0 %, 0 %, 29747 MiB, 46068 MiB
2026/06/25 16:04:36.072, NVIDIA L40S, 40, 0 %, 0 %, 29747 MiB, 46068 MiB
2026/06/25 16:04:39.072, NVIDIA L40S, 40, 0 %, 0 %, 29747 MiB, 46068 MiB
2026/06/25 16:04:42.073, NVIDIA L40S, 41, 0 %, 0 %, 29747 MiB, 46068 MiB
2026/06/25 16:04:45.073, NVIDIA L40S, 41, 0 %, 0 %, 29747 MiB, 46068 MiB
2026/06/25 16:04:48.074, NVIDIA L40S, 41, 0 %, 0 %, 29747 MiB, 46068 MiB
2026/06/25 16:04:51.075, NVIDIA L40S, 41, 0 %, 0 %, 29747 MiB, 46068 MiB
2026/06/25 16:04:54.075, NVIDIA L40S, 41, 0 %, 0 %, 29747 MiB, 46068 MiB
2026/06/25 16:04:57.076, NVIDIA L40S, 41, 0 %, 0 %, 29747 MiB, 46068 MiB
2026/06/25 16:05:00.076, NVIDIA L40S, 41, 0 %, 0 %, 29747 MiB, 46068 MiB
2026/06/25 16:05:03.077, NVIDIA L40S, 41, 0 %, 0 %, 29747 MiB, 46068 MiB
2026/06/25 16:05:06.077, NVIDIA L40S, 41, 0 %, 0 %, 29747 MiB, 46068 MiB
2026/06/25 16:05:09.078, NVIDIA L40S, 41, 0 %, 0 %, 29747 MiB, 46068 MiB
2026/06/25 16:05:12.078, NVIDIA L40S, 41, 0 %, 0 %, 29747 MiB, 46068 MiB
2026/06/25 16:05:15.079, NVIDIA L40S, 41, 0 %, 0 %, 29747 MiB, 46068 MiB
2026/06/25 16:05:18.079, NVIDIA L40S, 41, 0 %, 0 %, 29747 MiB, 46068 MiB
2026/06/25 16:05:21.080, NVIDIA L40S, 41, 0 %, 0 %, 29747 MiB, 46068 MiB
2026/06/25 16:05:24.080, NVIDIA L40S, 41, 0 %, 0 %, 29747 MiB, 46068 MiB
2026/06/25 16:05:27.081, NVIDIA L40S, 41, 0 %, 0 %, 29747 MiB, 46068 MiB
2026/06/25 16:05:30.081, NVIDIA L40S, 41, 0 %, 0 %, 29747 MiB, 46068 MiB
2026/06/25 16:05:33.082, NVIDIA L40S, 48, 100 %, 57 %, 29747 MiB, 46068 MiB
2026/06/25 16:05:36.082, NVIDIA L40S, 41, 0 %, 0 %, 29747 MiB, 46068 MiB
2026/06/25 16:05:39.083, NVIDIA L40S, 42, 9 %, 0 %, 29747 MiB, 46068 MiB
2026/06/25 16:05:42.083, NVIDIA L40S, 41, 4 %, 0 %, 29747 MiB, 46068 MiB
2026/06/25 16:05:45.084, NVIDIA L40S, 41, 0 %, 0 %, 29747 MiB, 46068 MiB
2026/06/25 16:05:48.084, NVIDIA L40S, 41, 0 %, 0 %, 29747 MiB, 46068 MiB
2026/06/25 16:05:51.085, NVIDIA L40S, 41, 0 %, 0 %, 29747 MiB, 46068 MiB
2026/06/25 16:05:54.085, NVIDIA L40S, 42, 1 %, 0 %, 29747 MiB, 46068 MiB
2026/06/25 16:05:57.086, NVIDIA L40S, 41, 0 %, 0 %, 29747 MiB, 46068 MiB
2026/06/25 16:06:00.086, NVIDIA L40S, 41, 0 %, 0 %, 29747 MiB, 46068 MiB
2026/06/25 16:06:03.087, NVIDIA L40S, 41, 0 %, 0 %, 29747 MiB, 46068 MiB
2026/06/25 16:06:06.088, NVIDIA L40S, 41, 0 %, 0 %, 29747 MiB, 46068 MiB
2026/06/25 16:06:09.088, NVIDIA L40S, 41, 0 %, 0 %, 29747 MiB, 46068 MiB
2026/06/25 16:06:12.089, NVIDIA L40S, 41, 0 %, 0 %, 29747 MiB, 46068 MiB
2026/06/25 16:06:15.089, NVIDIA L40S, 41, 0 %, 0 %, 29747 MiB, 46068 MiB
2026/06/25 16:06:18.090, NVIDIA L40S, 40, 0 %, 0 %, 29747 MiB, 46068 MiB
2026/06/25 16:06:21.090, NVIDIA L40S, 40, 0 %, 0 %, 29747 MiB, 46068 MiB
2026/06/25 16:06:24.091, NVIDIA L40S, 47, 100 %, 46 %, 29747 MiB, 46068 MiB
2026/06/25 16:06:27.091, NVIDIA L40S, 40, 0 %, 0 %, 29747 MiB, 46068 MiB
2026/06/25 16:06:30.092, NVIDIA L40S, 41, 0 %, 0 %, 29747 MiB, 46068 MiB
2026/06/25 16:06:33.092, NVIDIA L40S, 40, 0 %, 0 %, 29747 MiB, 46068 MiB
2026/06/25 16:06:36.093, NVIDIA L40S, 40, 0 %, 0 %, 29747 MiB, 46068 MiB
2026/06/25 16:06:39.093, NVIDIA L40S, 41, 0 %, 0 %, 29747 MiB, 46068 MiB
2026/06/25 16:06:42.094, NVIDIA L40S, 40, 0 %, 0 %, 29747 MiB, 46068 MiB
2026/06/25 16:06:45.094, NVIDIA L40S, 40, 0 %, 0 %, 29747 MiB, 46068 MiB
2026/06/25 16:06:48.095, NVIDIA L40S, 41, 0 %, 0 %, 29747 MiB, 46068 MiB
2026/06/25 16:06:51.096, NVIDIA L40S, 40, 0 %, 0 %, 29747 MiB, 46068 MiB
2026/06/25 16:06:54.096, NVIDIA L40S, 41, 0 %, 0 %, 29747 MiB, 46068 MiB
2026/06/25 16:06:57.097, NVIDIA L40S, 41, 0 %, 0 %, 29747 MiB, 46068 MiB
2026/06/25 16:07:00.097, NVIDIA L40S, 46, 83 %, 33 %, 29747 MiB, 46068 MiB
2026/06/25 16:07:03.098, NVIDIA L40S, 41, 9 %, 0 %, 29747 MiB, 46068 MiB
2026/06/25 16:07:06.098, NVIDIA L40S, 41, 0 %, 0 %, 29747 MiB, 46068 MiB
2026/06/25 16:07:09.099, NVIDIA L40S, 41, 0 %, 0 %, 29747 MiB, 46068 MiB
2026/06/25 16:07:12.099, NVIDIA L40S, 41, 0 %, 0 %, 29747 MiB, 46068 MiB
2026/06/25 16:07:15.099, NVIDIA L40S, 41, 0 %, 0 %, 29747 MiB, 46068 MiB
2026/06/25 16:07:18.100, NVIDIA L40S, 40, 0 %, 0 %, 29747 MiB, 46068 MiB
2026/06/25 16:07:21.101, NVIDIA L40S, 41, 4 %, 0 %, 29747 MiB, 46068 MiB
2026/06/25 16:07:24.101, NVIDIA L40S, 41, 0 %, 0 %, 29747 MiB, 46068 MiB
2026/06/25 16:07:27.102, NVIDIA L40S, 40, 0 %, 0 %, 29747 MiB, 46068 MiB
2026/06/25 16:07:30.102, NVIDIA L40S, 41, 0 %, 0 %, 29747 MiB, 46068 MiB
2026/06/25 16:07:33.102, NVIDIA L40S, 44, 100 %, 20 %, 29747 MiB, 46068 MiB
2026/06/25 16:07:36.103, NVIDIA L40S, 40, 9 %, 0 %, 29747 MiB, 46068 MiB
2026/06/25 16:07:39.103, NVIDIA L40S, 41, 0 %, 0 %, 29747 MiB, 46068 MiB
2026/06/25 16:07:42.104, NVIDIA L40S, 40, 0 %, 0 %, 29747 MiB, 46068 MiB
2026/06/25 16:07:45.104, NVIDIA L40S, 40, 0 %, 0 %, 29747 MiB, 46068 MiB
2026/06/25 16:07:48.104, NVIDIA L40S, 46, 100 %, 42 %, 29747 MiB, 46068 MiB
2026/06/25 16:07:51.105, NVIDIA L40S, 40, 0 %, 0 %, 29747 MiB, 46068 MiB
2026/06/25 16:07:54.106, NVIDIA L40S, 42, 8 %, 0 %, 29747 MiB, 46068 MiB
2026/06/25 16:07:57.106, NVIDIA L40S, 40, 0 %, 0 %, 29747 MiB, 46068 MiB
2026/06/25 16:08:00.107, NVIDIA L40S, 41, 0 %, 0 %, 29747 MiB, 46068 MiB
2026/06/25 16:08:03.108, NVIDIA L40S, 41, 0 %, 0 %, 29747 MiB, 46068 MiB
2026/06/25 16:08:06.108, NVIDIA L40S, 41, 0 %, 0 %, 29747 MiB, 46068 MiB
2026/06/25 16:08:09.109, NVIDIA L40S, 41, 0 %, 0 %, 29747 MiB, 46068 MiB
2026/06/25 16:08:12.109, NVIDIA L40S, 41, 0 %, 0 %, 29747 MiB, 46068 MiB
2026/06/25 16:08:15.110, NVIDIA L40S, 42, 8 %, 0 %, 29747 MiB, 46068 MiB
2026/06/25 16:08:18.110, NVIDIA L40S, 41, 0 %, 0 %, 29747 MiB, 46068 MiB
2026/06/25 16:08:21.111, NVIDIA L40S, 41, 0 %, 0 %, 29747 MiB, 46068 MiB
2026/06/25 16:08:24.111, NVIDIA L40S, 41, 0 %, 0 %, 29747 MiB, 46068 MiB
2026/06/25 16:08:27.112, NVIDIA L40S, 41, 0 %, 0 %, 29747 MiB, 46068 MiB
2026/06/25 16:08:30.113, NVIDIA L40S, 41, 0 %, 0 %, 29747 MiB, 46068 MiB
2026/06/25 16:08:33.113, NVIDIA L40S, 40, 0 %, 0 %, 29747 MiB, 46068 MiB
2026/06/25 16:08:36.114, NVIDIA L40S, 40, 0 %, 0 %, 29747 MiB, 46068 MiB
2026/06/25 16:08:39.114, NVIDIA L40S, 41, 5 %, 0 %, 29747 MiB, 46068 MiB
2026/06/25 16:08:42.115, NVIDIA L40S, 40, 9 %, 0 %, 29747 MiB, 46068 MiB
2026/06/25 16:08:45.115, NVIDIA L40S, 40, 0 %, 0 %, 29747 MiB, 46068 MiB
2026/06/25 16:08:48.116, NVIDIA L40S, 41, 2 %, 0 %, 29747 MiB, 46068 MiB
2026/06/25 16:08:51.116, NVIDIA L40S, 40, 9 %, 0 %, 29747 MiB, 46068 MiB
2026/06/25 16:08:54.117, NVIDIA L40S, 40, 5 %, 0 %, 29747 MiB, 46068 MiB
2026/06/25 16:08:57.117, NVIDIA L40S, 41, 0 %, 0 %, 29747 MiB, 46068 MiB
2026/06/25 16:09:00.118, NVIDIA L40S, 40, 0 %, 0 %, 29747 MiB, 46068 MiB
2026/06/25 16:09:03.118, NVIDIA L40S, 40, 1 %, 0 %, 29747 MiB, 46068 MiB
2026/06/25 16:09:06.119, NVIDIA L40S, 40, 9 %, 0 %, 29747 MiB, 46068 MiB
2026/06/25 16:09:09.119, NVIDIA L40S, 40, 0 %, 0 %, 29747 MiB, 46068 MiB
2026/06/25 16:09:12.120, NVIDIA L40S, 40, 0 %, 0 %, 29747 MiB, 46068 MiB
2026/06/25 16:09:15.121, NVIDIA L40S, 40, 0 %, 0 %, 29747 MiB, 46068 MiB
2026/06/25 16:09:18.121, NVIDIA L40S, 40, 0 %, 0 %, 29747 MiB, 46068 MiB
2026/06/25 16:09:21.122, NVIDIA L40S, 40, 0 %, 0 %, 29747 MiB, 46068 MiB
2026/06/25 16:09:24.122, NVIDIA L40S, 41, 0 %, 0 %, 29747 MiB, 46068 MiB
2026/06/25 16:09:27.123, NVIDIA L40S, 40, 0 %, 0 %, 29747 MiB, 46068 MiB
2026/06/25 16:09:30.123, NVIDIA L40S, 40, 0 %, 0 %, 29747 MiB, 46068 MiB
2026/06/25 16:09:33.124, NVIDIA L40S, 43, 88 %, 34 %, 29747 MiB, 46068 MiB
2026/06/25 16:09:36.124, NVIDIA L40S, 41, 0 %, 0 %, 29747 MiB, 46068 MiB
2026/06/25 16:09:39.125, NVIDIA L40S, 41, 9 %, 0 %, 29747 MiB, 46068 MiB
2026/06/25 16:09:42.126, NVIDIA L40S, 41, 0 %, 0 %, 29747 MiB, 46068 MiB
2026/06/25 16:09:45.126, NVIDIA L40S, 41, 0 %, 0 %, 29747 MiB, 46068 MiB
2026/06/25 16:09:48.127, NVIDIA L40S, 41, 0 %, 0 %, 29747 MiB, 46068 MiB
2026/06/25 16:09:51.127, NVIDIA L40S, 41, 0 %, 0 %, 29747 MiB, 46068 MiB
2026/06/25 16:09:54.128, NVIDIA L40S, 41, 0 %, 0 %, 29747 MiB, 46068 MiB
2026/06/25 16:09:57.128, NVIDIA L40S, 45, 96 %, 59 %, 29747 MiB, 46068 MiB
2026/06/25 16:10:00.129, NVIDIA L40S, 41, 0 %, 0 %, 29747 MiB, 46068 MiB
2026/06/25 16:10:03.129, NVIDIA L40S, 41, 0 %, 0 %, 29747 MiB, 46068 MiB
2026/06/25 16:10:06.130, NVIDIA L40S, 41, 8 %, 0 %, 29747 MiB, 46068 MiB
2026/06/25 16:10:09.130, NVIDIA L40S, 41, 0 %, 0 %, 29747 MiB, 46068 MiB
2026/06/25 16:10:12.131, NVIDIA L40S, 41, 0 %, 0 %, 29747 MiB, 46068 MiB
2026/06/25 16:10:15.131, NVIDIA L40S, 41, 9 %, 0 %, 29747 MiB, 46068 MiB
2026/06/25 16:10:18.132, NVIDIA L40S, 41, 0 %, 0 %, 29747 MiB, 46068 MiB
2026/06/25 16:10:21.132, NVIDIA L40S, 41, 0 %, 0 %, 29747 MiB, 46068 MiB
2026/06/25 16:10:24.133, NVIDIA L40S, 46, 100 %, 38 %, 29747 MiB, 46068 MiB
2026/06/25 16:10:27.133, NVIDIA L40S, 41, 0 %, 0 %, 29747 MiB, 46068 MiB
2026/06/25 16:10:30.134, NVIDIA L40S, 41, 0 %, 0 %, 29747 MiB, 46068 MiB
2026/06/25 16:10:33.134, NVIDIA L40S, 41, 0 %, 0 %, 29747 MiB, 46068 MiB
2026/06/25 16:10:36.135, NVIDIA L40S, 41, 0 %, 0 %, 29747 MiB, 46068 MiB
2026/06/25 16:10:39.135, NVIDIA L40S, 41, 0 %, 0 %, 29747 MiB, 46068 MiB
2026/06/25 16:10:42.136, NVIDIA L40S, 41, 0 %, 0 %, 29747 MiB, 46068 MiB
2026/06/25 16:10:45.136, NVIDIA L40S, 41, 0 %, 0 %, 29747 MiB, 46068 MiB
2026/06/25 16:10:48.137, NVIDIA L40S, 49, 76 %, 37 %, 29747 MiB, 46068 MiB
2026/06/25 16:10:51.137, NVIDIA L40S, 41, 0 %, 0 %, 29747 MiB, 46068 MiB
2026/06/25 16:10:54.138, NVIDIA L40S, 41, 0 %, 0 %, 29747 MiB, 46068 MiB
2026/06/25 16:10:57.138, NVIDIA L40S, 41, 0 %, 0 %, 29747 MiB, 46068 MiB
2026/06/25 16:11:00.139, NVIDIA L40S, 41, 9 %, 0 %, 29747 MiB, 46068 MiB
2026/06/25 16:11:03.140, NVIDIA L40S, 41, 9 %, 0 %, 29747 MiB, 46068 MiB
2026/06/25 16:11:06.140, NVIDIA L40S, 42, 5 %, 0 %, 29747 MiB, 46068 MiB
2026/06/25 16:11:09.141, NVIDIA L40S, 41, 0 %, 0 %, 29747 MiB, 46068 MiB
2026/06/25 16:11:12.141, NVIDIA L40S, 41, 0 %, 0 %, 29747 MiB, 46068 MiB
2026/06/25 16:11:15.142, NVIDIA L40S, 42, 3 %, 0 %, 29747 MiB, 46068 MiB
2026/06/25 16:11:18.142, NVIDIA L40S, 41, 0 %, 0 %, 29747 MiB, 46068 MiB
2026/06/25 16:11:21.143, NVIDIA L40S, 41, 0 %, 0 %, 29747 MiB, 46068 MiB
2026/06/25 16:11:24.143, NVIDIA L40S, 43, 9 %, 0 %, 29747 MiB, 46068 MiB
2026/06/25 16:11:27.143, NVIDIA L40S, 41, 0 %, 0 %, 29747 MiB, 46068 MiB
2026/06/25 16:11:30.144, NVIDIA L40S, 41, 2 %, 0 %, 29747 MiB, 46068 MiB
2026/06/25 16:11:33.145, NVIDIA L40S, 41, 0 %, 0 %, 29747 MiB, 46068 MiB
2026/06/25 16:11:36.145, NVIDIA L40S, 41, 0 %, 0 %, 29747 MiB, 46068 MiB
2026/06/25 16:11:39.146, NVIDIA L40S, 42, 5 %, 0 %, 29747 MiB, 46068 MiB
2026/06/25 16:11:42.146, NVIDIA L40S, 41, 0 %, 0 %, 29747 MiB, 46068 MiB
2026/06/25 16:11:45.147, NVIDIA L40S, 41, 9 %, 0 %, 29747 MiB, 46068 MiB
2026/06/25 16:11:48.147, NVIDIA L40S, 43, 0 %, 0 %, 29747 MiB, 46068 MiB
2026/06/25 16:11:51.148, NVIDIA L40S, 41, 9 %, 0 %, 29747 MiB, 46068 MiB
2026/06/25 16:11:54.148, NVIDIA L40S, 41, 0 %, 0 %, 29747 MiB, 46068 MiB
2026/06/25 16:11:57.149, NVIDIA L40S, 41, 0 %, 0 %, 29747 MiB, 46068 MiB
2026/06/25 16:12:00.149, NVIDIA L40S, 41, 0 %, 0 %, 29747 MiB, 46068 MiB
2026/06/25 16:12:03.150, NVIDIA L40S, 41, 0 %, 0 %, 29747 MiB, 46068 MiB
2026/06/25 16:12:06.150, NVIDIA L40S, 41, 0 %, 0 %, 29747 MiB, 46068 MiB
2026/06/25 16:12:09.151, NVIDIA L40S, 41, 3 %, 0 %, 29747 MiB, 46068 MiB
2026/06/25 16:12:12.151, NVIDIA L40S, 41, 0 %, 0 %, 29747 MiB, 46068 MiB
2026/06/25 16:12:15.152, NVIDIA L40S, 41, 1 %, 0 %, 29747 MiB, 46068 MiB
2026/06/25 16:12:18.152, NVIDIA L40S, 41, 0 %, 0 %, 29747 MiB, 46068 MiB
2026/06/25 16:12:21.153, NVIDIA L40S, 41, 0 %, 0 %, 29747 MiB, 46068 MiB
2026/06/25 16:12:24.154, NVIDIA L40S, 41, 0 %, 0 %, 29747 MiB, 46068 MiB
2026/06/25 16:12:27.154, NVIDIA L40S, 41, 0 %, 0 %, 29747 MiB, 46068 MiB
2026/06/25 16:12:30.155, NVIDIA L40S, 41, 0 %, 0 %, 29747 MiB, 46068 MiB
2026/06/25 16:12:33.155, NVIDIA L40S, 41, 3 %, 0 %, 29747 MiB, 46068 MiB
2026/06/25 16:12:36.156, NVIDIA L40S, 48, 100 %, 54 %, 29747 MiB, 46068 MiB
2026/06/25 16:12:39.156, NVIDIA L40S, 41, 0 %, 0 %, 29747 MiB, 46068 MiB
2026/06/25 16:12:42.157, NVIDIA L40S, 41, 0 %, 0 %, 29747 MiB, 46068 MiB
2026/06/25 16:12:45.157, NVIDIA L40S, 41, 0 %, 0 %, 29747 MiB, 46068 MiB
2026/06/25 16:12:48.158, NVIDIA L40S, 41, 0 %, 0 %, 29747 MiB, 46068 MiB
2026/06/25 16:12:51.158, NVIDIA L40S, 41, 0 %, 0 %, 29747 MiB, 46068 MiB
2026/06/25 16:12:54.159, NVIDIA L40S, 41, 0 %, 0 %, 29747 MiB, 46068 MiB
2026/06/25 16:12:57.160, NVIDIA L40S, 41, 7 %, 0 %, 29747 MiB, 46068 MiB
2026/06/25 16:13:00.160, NVIDIA L40S, 41, 0 %, 0 %, 29747 MiB, 46068 MiB
2026/06/25 16:13:03.161, NVIDIA L40S, 45, 95 %, 58 %, 29747 MiB, 46068 MiB
2026/06/25 16:13:06.161, NVIDIA L40S, 41, 8 %, 0 %, 29747 MiB, 46068 MiB
2026/06/25 16:13:09.162, NVIDIA L40S, 41, 0 %, 0 %, 29747 MiB, 46068 MiB
2026/06/25 16:13:12.162, NVIDIA L40S, 41, 0 %, 0 %, 29747 MiB, 46068 MiB
2026/06/25 16:13:15.163, NVIDIA L40S, 41, 0 %, 0 %, 29747 MiB, 46068 MiB
2026/06/25 16:13:18.163, NVIDIA L40S, 41, 0 %, 0 %, 29747 MiB, 46068 MiB
2026/06/25 16:13:21.164, NVIDIA L40S, 41, 0 %, 0 %, 29747 MiB, 46068 MiB
2026/06/25 16:13:24.164, NVIDIA L40S, 41, 0 %, 0 %, 29747 MiB, 46068 MiB
2026/06/25 16:13:27.165, NVIDIA L40S, 41, 9 %, 0 %, 29747 MiB, 46068 MiB
2026/06/25 16:13:30.166, NVIDIA L40S, 42, 0 %, 0 %, 29747 MiB, 46068 MiB
2026/06/25 16:13:33.166, NVIDIA L40S, 41, 0 %, 0 %, 29747 MiB, 46068 MiB
2026/06/25 16:13:36.166, NVIDIA L40S, 41, 0 %, 0 %, 29747 MiB, 46068 MiB
2026/06/25 16:13:39.167, NVIDIA L40S, 42, 8 %, 0 %, 29747 MiB, 46068 MiB
2026/06/25 16:13:42.167, NVIDIA L40S, 41, 0 %, 0 %, 29747 MiB, 46068 MiB
2026/06/25 16:13:45.168, NVIDIA L40S, 41, 0 %, 0 %, 29747 MiB, 46068 MiB
2026/06/25 16:13:48.169, NVIDIA L40S, 41, 0 %, 0 %, 29747 MiB, 46068 MiB
2026/06/25 16:13:51.169, NVIDIA L40S, 41, 0 %, 0 %, 29747 MiB, 46068 MiB
2026/06/25 16:13:54.170, NVIDIA L40S, 42, 0 %, 0 %, 29747 MiB, 46068 MiB
2026/06/25 16:13:57.170, NVIDIA L40S, 41, 9 %, 0 %, 29747 MiB, 46068 MiB
2026/06/25 16:14:00.171, NVIDIA L40S, 41, 0 %, 0 %, 29747 MiB, 46068 MiB
2026/06/25 16:14:03.171, NVIDIA L40S, 45, 95 %, 55 %, 29747 MiB, 46068 MiB
2026/06/25 16:14:06.172, NVIDIA L40S, 41, 0 %, 0 %, 29747 MiB, 46068 MiB
2026/06/25 16:14:09.172, NVIDIA L40S, 41, 0 %, 0 %, 29747 MiB, 46068 MiB
2026/06/25 16:14:12.173, NVIDIA L40S, 41, 0 %, 0 %, 29747 MiB, 46068 MiB
2026/06/25 16:14:15.173, NVIDIA L40S, 41, 0 %, 0 %, 29747 MiB, 46068 MiB
2026/06/25 16:14:18.174, NVIDIA L40S, 41, 0 %, 0 %, 29747 MiB, 46068 MiB
2026/06/25 16:14:21.174, NVIDIA L40S, 41, 7 %, 0 %, 29747 MiB, 46068 MiB
2026/06/25 16:14:24.175, NVIDIA L40S, 41, 0 %, 0 %, 29747 MiB, 46068 MiB
2026/06/25 16:14:27.175, NVIDIA L40S, 45, 94 %, 59 %, 29747 MiB, 46068 MiB
2026/06/25 16:14:30.176, NVIDIA L40S, 41, 0 %, 0 %, 29747 MiB, 46068 MiB
2026/06/25 16:14:33.176, NVIDIA L40S, 42, 0 %, 0 %, 29747 MiB, 46068 MiB
2026/06/25 16:14:36.177, NVIDIA L40S, 41, 0 %, 0 %, 29747 MiB, 46068 MiB
2026/06/25 16:14:39.177, NVIDIA L40S, 41, 0 %, 0 %, 29747 MiB, 46068 MiB
2026/06/25 16:14:42.178, NVIDIA L40S, 48, 75 %, 33 %, 29747 MiB, 46068 MiB
2026/06/25 16:14:45.178, NVIDIA L40S, 41, 0 %, 0 %, 29747 MiB, 46068 MiB
2026/06/25 16:14:48.179, NVIDIA L40S, 41, 0 %, 0 %, 29747 MiB, 46068 MiB
2026/06/25 16:14:51.179, NVIDIA L40S, 41, 0 %, 0 %, 29747 MiB, 46068 MiB
2026/06/25 16:14:54.180, NVIDIA L40S, 41, 0 %, 0 %, 29747 MiB, 46068 MiB
2026/06/25 16:14:57.180, NVIDIA L40S, 41, 0 %, 0 %, 29747 MiB, 46068 MiB
2026/06/25 16:15:00.181, NVIDIA L40S, 46, 35 %, 20 %, 29747 MiB, 46068 MiB
2026/06/25 16:15:03.181, NVIDIA L40S, 41, 0 %, 0 %, 29747 MiB, 46068 MiB
2026/06/25 16:15:06.181, NVIDIA L40S, 41, 0 %, 0 %, 29747 MiB, 46068 MiB
2026/06/25 16:15:09.182, NVIDIA L40S, 42, 0 %, 0 %, 29747 MiB, 46068 MiB
2026/06/25 16:15:12.182, NVIDIA L40S, 42, 0 %, 0 %, 29747 MiB, 46068 MiB
2026/06/25 16:15:15.183, NVIDIA L40S, 42, 0 %, 0 %, 29747 MiB, 46068 MiB
2026/06/25 16:15:18.183, NVIDIA L40S, 42, 0 %, 0 %, 29747 MiB, 46068 MiB
2026/06/25 16:15:21.184, NVIDIA L40S, 42, 0 %, 0 %, 29747 MiB, 46068 MiB
2026/06/25 16:15:24.184, NVIDIA L40S, 42, 0 %, 0 %, 29747 MiB, 46068 MiB
2026/06/25 16:15:27.185, NVIDIA L40S, 42, 0 %, 0 %, 29747 MiB, 46068 MiB
2026/06/25 16:15:30.185, NVIDIA L40S, 43, 5 %, 0 %, 29747 MiB, 46068 MiB
2026/06/25 16:15:33.185, NVIDIA L40S, 42, 0 %, 0 %, 29747 MiB, 46068 MiB
2026/06/25 16:15:36.186, NVIDIA L40S, 42, 8 %, 0 %, 29747 MiB, 46068 MiB
2026/06/25 16:15:39.186, NVIDIA L40S, 41, 0 %, 0 %, 29747 MiB, 46068 MiB
2026/06/25 16:15:42.187, NVIDIA L40S, 41, 0 %, 0 %, 29747 MiB, 46068 MiB
2026/06/25 16:15:45.187, NVIDIA L40S, 41, 0 %, 0 %, 29747 MiB, 46068 MiB
2026/06/25 16:15:48.188, NVIDIA L40S, 41, 0 %, 0 %, 29747 MiB, 46068 MiB
2026/06/25 16:15:51.188, NVIDIA L40S, 41, 0 %, 0 %, 29747 MiB, 46068 MiB
2026/06/25 16:15:54.189, NVIDIA L40S, 47, 55 %, 38 %, 29747 MiB, 46068 MiB
2026/06/25 16:15:57.189, NVIDIA L40S, 40, 0 %, 0 %, 29747 MiB, 46068 MiB
2026/06/25 16:16:00.190, NVIDIA L40S, 42, 18 %, 12 %, 29747 MiB, 46068 MiB
2026/06/25 16:16:03.190, NVIDIA L40S, 40, 0 %, 0 %, 29747 MiB, 46068 MiB
2026/06/25 16:16:06.191, NVIDIA L40S, 41, 9 %, 0 %, 29747 MiB, 46068 MiB
2026/06/25 16:16:09.192, NVIDIA L40S, 40, 0 %, 0 %, 29747 MiB, 46068 MiB
2026/06/25 16:16:12.192, NVIDIA L40S, 40, 0 %, 0 %, 29747 MiB, 46068 MiB
2026/06/25 16:16:15.193, NVIDIA L40S, 40, 0 %, 0 %, 29747 MiB, 46068 MiB
2026/06/25 16:16:18.193, NVIDIA L40S, 40, 0 %, 0 %, 29747 MiB, 46068 MiB
2026/06/25 16:16:21.194, NVIDIA L40S, 41, 8 %, 0 %, 29747 MiB, 46068 MiB
2026/06/25 16:16:24.194, NVIDIA L40S, 40, 9 %, 0 %, 29747 MiB, 46068 MiB
2026/06/25 16:16:27.195, NVIDIA L40S, 40, 0 %, 0 %, 29747 MiB, 46068 MiB
2026/06/25 16:16:30.195, NVIDIA L40S, 40, 0 %, 0 %, 29747 MiB, 46068 MiB
2026/06/25 16:16:33.196, NVIDIA L40S, 40, 0 %, 0 %, 29747 MiB, 46068 MiB
2026/06/25 16:16:36.196, NVIDIA L40S, 40, 0 %, 0 %, 29747 MiB, 46068 MiB
2026/06/25 16:16:39.197, NVIDIA L40S, 40, 9 %, 0 %, 29747 MiB, 46068 MiB
2026/06/25 16:16:42.197, NVIDIA L40S, 40, 0 %, 0 %, 29747 MiB, 46068 MiB
2026/06/25 16:16:45.198, NVIDIA L40S, 40, 0 %, 0 %, 29747 MiB, 46068 MiB
2026/06/25 16:16:48.198, NVIDIA L40S, 41, 0 %, 0 %, 29747 MiB, 46068 MiB
2026/06/25 16:16:51.199, NVIDIA L40S, 40, 0 %, 0 %, 29747 MiB, 46068 MiB
2026/06/25 16:16:54.200, NVIDIA L40S, 41, 0 %, 0 %, 29747 MiB, 46068 MiB
2026/06/25 16:16:57.200, NVIDIA L40S, 41, 0 %, 0 %, 29747 MiB, 46068 MiB
2026/06/25 16:17:00.200, NVIDIA L40S, 41, 0 %, 0 %, 29747 MiB, 46068 MiB
2026/06/25 16:17:03.201, NVIDIA L40S, 41, 0 %, 0 %, 29747 MiB, 46068 MiB
2026/06/25 16:17:06.201, NVIDIA L40S, 41, 0 %, 0 %, 29747 MiB, 46068 MiB
2026/06/25 16:17:09.202, NVIDIA L40S, 41, 0 %, 0 %, 29747 MiB, 46068 MiB
2026/06/25 16:17:12.203, NVIDIA L40S, 41, 0 %, 0 %, 29747 MiB, 46068 MiB
2026/06/25 16:17:15.203, NVIDIA L40S, 41, 0 %, 0 %, 29747 MiB, 46068 MiB
2026/06/25 16:17:18.204, NVIDIA L40S, 41, 0 %, 0 %, 29747 MiB, 46068 MiB
2026/06/25 16:17:21.204, NVIDIA L40S, 44, 96 %, 60 %, 29747 MiB, 46068 MiB
2026/06/25 16:17:24.205, NVIDIA L40S, 40, 9 %, 0 %, 29747 MiB, 46068 MiB
2026/06/25 16:17:27.205, NVIDIA L40S, 40, 0 %, 0 %, 29747 MiB, 46068 MiB
2026/06/25 16:17:30.205, NVIDIA L40S, 39, 0 %, 0 %, 29747 MiB, 46068 MiB
2026/06/25 16:17:33.206, NVIDIA L40S, 39, 0 %, 0 %, 29747 MiB, 46068 MiB
2026/06/25 16:17:36.206, NVIDIA L40S, 39, 0 %, 0 %, 29747 MiB, 46068 MiB
2026/06/25 16:17:39.207, NVIDIA L40S, 39, 0 %, 0 %, 29747 MiB, 46068 MiB
2026/06/25 16:17:42.207, NVIDIA L40S, 39, 0 %, 0 %, 29747 MiB, 46068 MiB
2026/06/25 16:17:45.208, NVIDIA L40S, 39, 0 %, 0 %, 29747 MiB, 46068 MiB
2026/06/25 16:17:48.208, NVIDIA L40S, 39, 0 %, 0 %, 29747 MiB, 46068 MiB
2026/06/25 16:17:51.208, NVIDIA L40S, 39, 0 %, 0 %, 29747 MiB, 46068 MiB
2026/06/25 16:17:54.209, NVIDIA L40S, 39, 0 %, 0 %, 29747 MiB, 46068 MiB
2026/06/25 16:17:57.210, NVIDIA L40S, 39, 0 %, 0 %, 29747 MiB, 46068 MiB
2026/06/25 16:18:00.210, NVIDIA L40S, 39, 0 %, 0 %, 29747 MiB, 46068 MiB
2026/06/25 16:18:03.211, NVIDIA L40S, 41, 9 %, 0 %, 29747 MiB, 46068 MiB
2026/06/25 16:18:06.211, NVIDIA L40S, 39, 5 %, 0 %, 29747 MiB, 46068 MiB
2026/06/25 16:18:09.212, NVIDIA L40S, 39, 0 %, 0 %, 29747 MiB, 46068 MiB
2026/06/25 16:18:12.212, NVIDIA L40S, 41, 95 %, 58 %, 29747 MiB, 46068 MiB
2026/06/25 16:18:15.212, NVIDIA L40S, 39, 0 %, 0 %, 29747 MiB, 46068 MiB
2026/06/25 16:18:18.213, NVIDIA L40S, 40, 0 %, 0 %, 29747 MiB, 46068 MiB
2026/06/25 16:18:21.213, NVIDIA L40S, 40, 0 %, 0 %, 29747 MiB, 46068 MiB
2026/06/25 16:18:24.214, NVIDIA L40S, 40, 5 %, 0 %, 29747 MiB, 46068 MiB
2026/06/25 16:18:27.215, NVIDIA L40S, 40, 0 %, 0 %, 29747 MiB, 46068 MiB
2026/06/25 16:18:30.215, NVIDIA L40S, 40, 0 %, 0 %, 29747 MiB, 46068 MiB
2026/06/25 16:18:33.216, NVIDIA L40S, 40, 0 %, 0 %, 29747 MiB, 46068 MiB
2026/06/25 16:18:36.216, NVIDIA L40S, 40, 0 %, 0 %, 29747 MiB, 46068 MiB
2026/06/25 16:18:39.216, NVIDIA L40S, 40, 9 %, 0 %, 29747 MiB, 46068 MiB
2026/06/25 16:18:42.217, NVIDIA L40S, 40, 86 %, 67 %, 29747 MiB, 46068 MiB
2026/06/25 16:18:45.217, NVIDIA L40S, 40, 0 %, 0 %, 29747 MiB, 46068 MiB
2026/06/25 16:18:48.218, NVIDIA L40S, 41, 0 %, 0 %, 29747 MiB, 46068 MiB
2026/06/25 16:18:51.218, NVIDIA L40S, 40, 0 %, 0 %, 29747 MiB, 46068 MiB
2026/06/25 16:18:54.219, NVIDIA L40S, 40, 0 %, 0 %, 29747 MiB, 46068 MiB
2026/06/25 16:18:57.219, NVIDIA L40S, 40, 0 %, 0 %, 29747 MiB, 46068 MiB
2026/06/25 16:19:00.220, NVIDIA L40S, 40, 0 %, 0 %, 29747 MiB, 46068 MiB
2026/06/25 16:19:03.220, NVIDIA L40S, 40, 0 %, 0 %, 29747 MiB, 46068 MiB
2026/06/25 16:19:06.221, NVIDIA L40S, 39, 0 %, 0 %, 29747 MiB, 46068 MiB
2026/06/25 16:19:09.221, NVIDIA L40S, 39, 0 %, 0 %, 29747 MiB, 46068 MiB
2026/06/25 16:19:12.222, NVIDIA L40S, 41, 8 %, 0 %, 29747 MiB, 46068 MiB
2026/06/25 16:19:15.223, NVIDIA L40S, 39, 0 %, 0 %, 29747 MiB, 46068 MiB
2026/06/25 16:19:18.223, NVIDIA L40S, 39, 9 %, 0 %, 29747 MiB, 46068 MiB
2026/06/25 16:19:21.224, NVIDIA L40S, 43, 95 %, 58 %, 29747 MiB, 46068 MiB
2026/06/25 16:19:24.224, NVIDIA L40S, 39, 0 %, 0 %, 29747 MiB, 46068 MiB
2026/06/25 16:19:27.225, NVIDIA L40S, 39, 0 %, 0 %, 29747 MiB, 46068 MiB
2026/06/25 16:19:30.225, NVIDIA L40S, 39, 0 %, 0 %, 29747 MiB, 46068 MiB
2026/06/25 16:19:33.226, NVIDIA L40S, 39, 0 %, 0 %, 29747 MiB, 46068 MiB
2026/06/25 16:19:36.227, NVIDIA L40S, 40, 1 %, 0 %, 29747 MiB, 46068 MiB
2026/06/25 16:19:39.227, NVIDIA L40S, 39, 0 %, 0 %, 29747 MiB, 46068 MiB
2026/06/25 16:19:42.228, NVIDIA L40S, 39, 3 %, 0 %, 29747 MiB, 46068 MiB
2026/06/25 16:19:45.228, NVIDIA L40S, 41, 64 %, 32 %, 29747 MiB, 46068 MiB
2026/06/25 16:19:48.228, NVIDIA L40S, 39, 9 %, 0 %, 29747 MiB, 46068 MiB
2026/06/25 16:19:51.229, NVIDIA L40S, 39, 0 %, 0 %, 29747 MiB, 46068 MiB
2026/06/25 16:19:54.229, NVIDIA L40S, 39, 0 %, 0 %, 29747 MiB, 46068 MiB
2026/06/25 16:19:57.230, NVIDIA L40S, 39, 0 %, 0 %, 29747 MiB, 46068 MiB
2026/06/25 16:20:00.230, NVIDIA L40S, 45, 100 %, 36 %, 29747 MiB, 46068 MiB
2026/06/25 16:20:03.230, NVIDIA L40S, 39, 0 %, 0 %, 29747 MiB, 46068 MiB
2026/06/25 16:20:06.231, NVIDIA L40S, 40, 0 %, 0 %, 29747 MiB, 46068 MiB
2026/06/25 16:20:09.232, NVIDIA L40S, 39, 0 %, 0 %, 29747 MiB, 46068 MiB
2026/06/25 16:20:12.232, NVIDIA L40S, 39, 7 %, 0 %, 29747 MiB, 46068 MiB
2026/06/25 16:20:15.232, NVIDIA L40S, 39, 0 %, 0 %, 29747 MiB, 46068 MiB
2026/06/25 16:20:18.233, NVIDIA L40S, 39, 3 %, 0 %, 29747 MiB, 46068 MiB
2026/06/25 16:20:21.233, NVIDIA L40S, 39, 0 %, 0 %, 29747 MiB, 46068 MiB
2026/06/25 16:20:24.234, NVIDIA L40S, 39, 0 %, 0 %, 29747 MiB, 46068 MiB
2026/06/25 16:20:27.234, NVIDIA L40S, 39, 0 %, 0 %, 29747 MiB, 46068 MiB
2026/06/25 16:20:30.235, NVIDIA L40S, 39, 0 %, 0 %, 29747 MiB, 46068 MiB
2026/06/25 16:20:33.235, NVIDIA L40S, 41, 38 %, 22 %, 29747 MiB, 46068 MiB
2026/06/25 16:20:36.236, NVIDIA L40S, 39, 0 %, 0 %, 29747 MiB, 46068 MiB
2026/06/25 16:20:39.236, NVIDIA L40S, 40, 0 %, 0 %, 29747 MiB, 46068 MiB
2026/06/25 16:20:42.237, NVIDIA L40S, 39, 0 %, 0 %, 29747 MiB, 46068 MiB
2026/06/25 16:20:45.237, NVIDIA L40S, 40, 3 %, 0 %, 29747 MiB, 46068 MiB
2026/06/25 16:20:48.237, NVIDIA L40S, 43, 0 %, 0 %, 29747 MiB, 46068 MiB
2026/06/25 16:20:51.238, NVIDIA L40S, 40, 9 %, 0 %, 29747 MiB, 46068 MiB
2026/06/25 16:20:54.239, NVIDIA L40S, 40, 0 %, 0 %, 29747 MiB, 46068 MiB
2026/06/25 16:20:57.239, NVIDIA L40S, 45, 100 %, 24 %, 29747 MiB, 46068 MiB
2026/06/25 16:21:00.240, NVIDIA L40S, 40, 8 %, 0 %, 29747 MiB, 46068 MiB
2026/06/25 16:21:03.240, NVIDIA L40S, 41, 0 %, 0 %, 29747 MiB, 46068 MiB
2026/06/25 16:21:06.241, NVIDIA L40S, 41, 0 %, 0 %, 29747 MiB, 46068 MiB
2026/06/25 16:21:09.241, NVIDIA L40S, 41, 0 %, 0 %, 29747 MiB, 46068 MiB
2026/06/25 16:21:12.242, NVIDIA L40S, 41, 0 %, 0 %, 29747 MiB, 46068 MiB
2026/06/25 16:21:15.242, NVIDIA L40S, 41, 0 %, 0 %, 29747 MiB, 46068 MiB
2026/06/25 16:21:18.242, NVIDIA L40S, 41, 0 %, 0 %, 29747 MiB, 46068 MiB
2026/06/25 16:21:21.243, NVIDIA L40S, 42, 6 %, 0 %, 29747 MiB, 46068 MiB
2026/06/25 16:21:24.243, NVIDIA L40S, 41, 9 %, 0 %, 29747 MiB, 46068 MiB
2026/06/25 16:21:27.244, NVIDIA L40S, 41, 9 %, 0 %, 29747 MiB, 46068 MiB
2026/06/25 16:21:30.244, NVIDIA L40S, 48, 100 %, 65 %, 29747 MiB, 46068 MiB
2026/06/25 16:21:33.245, NVIDIA L40S, 41, 0 %, 0 %, 29747 MiB, 46068 MiB
2026/06/25 16:21:36.245, NVIDIA L40S, 41, 0 %, 0 %, 29747 MiB, 46068 MiB
2026/06/25 16:21:39.246, NVIDIA L40S, 40, 0 %, 0 %, 29747 MiB, 46068 MiB
2026/06/25 16:21:42.246, NVIDIA L40S, 40, 0 %, 0 %, 29747 MiB, 46068 MiB
2026/06/25 16:21:45.247, NVIDIA L40S, 40, 0 %, 0 %, 29747 MiB, 46068 MiB
2026/06/25 16:21:48.247, NVIDIA L40S, 40, 0 %, 0 %, 29747 MiB, 46068 MiB
2026/06/25 16:21:51.248, NVIDIA L40S, 41, 0 %, 0 %, 29747 MiB, 46068 MiB
2026/06/25 16:21:54.249, NVIDIA L40S, 40, 0 %, 0 %, 29747 MiB, 46068 MiB
2026/06/25 16:21:57.249, NVIDIA L40S, 40, 0 %, 0 %, 29747 MiB, 46068 MiB
2026/06/25 16:22:00.249, NVIDIA L40S, 40, 0 %, 0 %, 29747 MiB, 46068 MiB
2026/06/25 16:22:03.250, NVIDIA L40S, 40, 9 %, 0 %, 29747 MiB, 46068 MiB
2026/06/25 16:22:06.250, NVIDIA L40S, 39, 0 %, 0 %, 29747 MiB, 46068 MiB
2026/06/25 16:22:09.251, NVIDIA L40S, 40, 0 %, 0 %, 29747 MiB, 46068 MiB
2026/06/25 16:22:12.251, NVIDIA L40S, 40, 0 %, 0 %, 29747 MiB, 46068 MiB
2026/06/25 16:22:15.252, NVIDIA L40S, 39, 0 %, 0 %, 29747 MiB, 46068 MiB
2026/06/25 16:22:18.252, NVIDIA L40S, 40, 0 %, 0 %, 29747 MiB, 46068 MiB
2026/06/25 16:22:21.253, NVIDIA L40S, 39, 0 %, 0 %, 29747 MiB, 46068 MiB
2026/06/25 16:22:24.253, NVIDIA L40S, 40, 0 %, 0 %, 29747 MiB, 46068 MiB
2026/06/25 16:22:27.254, NVIDIA L40S, 39, 92 %, 68 %, 29747 MiB, 46068 MiB
2026/06/25 16:22:30.254, NVIDIA L40S, 39, 0 %, 0 %, 29747 MiB, 46068 MiB
2026/06/25 16:22:33.255, NVIDIA L40S, 41, 8 %, 0 %, 29747 MiB, 46068 MiB
2026/06/25 16:22:36.255, NVIDIA L40S, 39, 0 %, 0 %, 29747 MiB, 46068 MiB
2026/06/25 16:22:39.255, NVIDIA L40S, 40, 0 %, 0 %, 29747 MiB, 46068 MiB
2026/06/25 16:22:42.256, NVIDIA L40S, 39, 0 %, 0 %, 29747 MiB, 46068 MiB
2026/06/25 16:22:45.256, NVIDIA L40S, 40, 0 %, 0 %, 29747 MiB, 46068 MiB
2026/06/25 16:22:48.257, NVIDIA L40S, 40, 0 %, 0 %, 29747 MiB, 46068 MiB
2026/06/25 16:22:51.257, NVIDIA L40S, 40, 0 %, 0 %, 29747 MiB, 46068 MiB
2026/06/25 16:22:54.258, NVIDIA L40S, 40, 0 %, 0 %, 29747 MiB, 46068 MiB
2026/06/25 16:22:57.258, NVIDIA L40S, 40, 0 %, 0 %, 29747 MiB, 46068 MiB
2026/06/25 16:23:00.259, NVIDIA L40S, 40, 0 %, 0 %, 29747 MiB, 46068 MiB
2026/06/25 16:23:03.259, NVIDIA L40S, 40, 1 %, 0 %, 29747 MiB, 46068 MiB
2026/06/25 16:23:06.260, NVIDIA L40S, 45, 100 %, 35 %, 29747 MiB, 46068 MiB
2026/06/25 16:23:09.260, NVIDIA L40S, 40, 6 %, 0 %, 29747 MiB, 46068 MiB
2026/06/25 16:23:12.260, NVIDIA L40S, 40, 0 %, 0 %, 29747 MiB, 46068 MiB
2026/06/25 16:23:15.261, NVIDIA L40S, 40, 0 %, 0 %, 29747 MiB, 46068 MiB
2026/06/25 16:23:18.262, NVIDIA L40S, 40, 0 %, 0 %, 29747 MiB, 46068 MiB
2026/06/25 16:23:21.262, NVIDIA L40S, 41, 8 %, 0 %, 29747 MiB, 46068 MiB
2026/06/25 16:23:24.262, NVIDIA L40S, 40, 0 %, 0 %, 29747 MiB, 46068 MiB
2026/06/25 16:23:27.263, NVIDIA L40S, 40, 0 %, 0 %, 29747 MiB, 46068 MiB
2026/06/25 16:23:30.264, NVIDIA L40S, 40, 0 %, 0 %, 29747 MiB, 46068 MiB
2026/06/25 16:23:33.264, NVIDIA L40S, 40, 0 %, 0 %, 29747 MiB, 46068 MiB
2026/06/25 16:23:36.265, NVIDIA L40S, 45, 95 %, 59 %, 29747 MiB, 46068 MiB
2026/06/25 16:23:39.265, NVIDIA L40S, 40, 0 %, 0 %, 29747 MiB, 46068 MiB
2026/06/25 16:23:42.266, NVIDIA L40S, 41, 0 %, 0 %, 29747 MiB, 46068 MiB
2026/06/25 16:23:45.266, NVIDIA L40S, 40, 0 %, 0 %, 29747 MiB, 46068 MiB
2026/06/25 16:23:48.267, NVIDIA L40S, 40, 0 %, 0 %, 29747 MiB, 46068 MiB
2026/06/25 16:23:51.267, NVIDIA L40S, 40, 0 %, 0 %, 29747 MiB, 46068 MiB
2026/06/25 16:23:54.268, NVIDIA L40S, 40, 9 %, 0 %, 29747 MiB, 46068 MiB
2026/06/25 16:23:57.268, NVIDIA L40S, 40, 0 %, 0 %, 29747 MiB, 46068 MiB
2026/06/25 16:24:00.269, NVIDIA L40S, 40, 0 %, 0 %, 29747 MiB, 46068 MiB
2026/06/25 16:24:03.269, NVIDIA L40S, 41, 0 %, 0 %, 29747 MiB, 46068 MiB
2026/06/25 16:24:06.270, NVIDIA L40S, 40, 3 %, 0 %, 29747 MiB, 46068 MiB
2026/06/25 16:24:09.271, NVIDIA L40S, 41, 9 %, 0 %, 29747 MiB, 46068 MiB
2026/06/25 16:24:12.271, NVIDIA L40S, 41, 0 %, 0 %, 29747 MiB, 46068 MiB
2026/06/25 16:24:15.272, NVIDIA L40S, 41, 0 %, 0 %, 29747 MiB, 46068 MiB
2026/06/25 16:24:18.272, NVIDIA L40S, 44, 93 %, 34 %, 29747 MiB, 46068 MiB
2026/06/25 16:24:21.273, NVIDIA L40S, 41, 0 %, 0 %, 29747 MiB, 46068 MiB
2026/06/25 16:24:24.273, NVIDIA L40S, 42, 0 %, 0 %, 29747 MiB, 46068 MiB
2026/06/25 16:24:27.274, NVIDIA L40S, 42, 0 %, 0 %, 29747 MiB, 46068 MiB
2026/06/25 16:24:30.274, NVIDIA L40S, 42, 0 %, 0 %, 29747 MiB, 46068 MiB
2026/06/25 16:24:33.275, NVIDIA L40S, 42, 0 %, 0 %, 29747 MiB, 46068 MiB
2026/06/25 16:24:36.275, NVIDIA L40S, 41, 0 %, 0 %, 29747 MiB, 46068 MiB
2026/06/25 16:24:39.275, NVIDIA L40S, 41, 0 %, 0 %, 29747 MiB, 46068 MiB
2026/06/25 16:24:42.276, NVIDIA L40S, 41, 0 %, 0 %, 29747 MiB, 46068 MiB
2026/06/25 16:24:45.276, NVIDIA L40S, 40, 0 %, 0 %, 29747 MiB, 46068 MiB
2026/06/25 16:24:48.277, NVIDIA L40S, 40, 0 %, 0 %, 29747 MiB, 46068 MiB
2026/06/25 16:24:51.277, NVIDIA L40S, 40, 0 %, 0 %, 29747 MiB, 46068 MiB
2026/06/25 16:24:54.278, NVIDIA L40S, 40, 0 %, 0 %, 29747 MiB, 46068 MiB
2026/06/25 16:24:57.278, NVIDIA L40S, 40, 0 %, 0 %, 29747 MiB, 46068 MiB
2026/06/25 16:25:00.279, NVIDIA L40S, 40, 0 %, 0 %, 29747 MiB, 46068 MiB
2026/06/25 16:25:03.279, NVIDIA L40S, 41, 0 %, 0 %, 29747 MiB, 46068 MiB
2026/06/25 16:25:06.280, NVIDIA L40S, 40, 0 %, 0 %, 29747 MiB, 46068 MiB
2026/06/25 16:25:09.280, NVIDIA L40S, 40, 0 %, 0 %, 29747 MiB, 46068 MiB
2026/06/25 16:25:12.281, NVIDIA L40S, 40, 7 %, 0 %, 29747 MiB, 46068 MiB
2026/06/25 16:25:15.281, NVIDIA L40S, 40, 0 %, 0 %, 29747 MiB, 46068 MiB
2026/06/25 16:25:18.282, NVIDIA L40S, 40, 0 %, 0 %, 29747 MiB, 46068 MiB
2026/06/25 16:25:21.282, NVIDIA L40S, 40, 0 %, 0 %, 29747 MiB, 46068 MiB
2026/06/25 16:25:24.283, NVIDIA L40S, 45, 100 %, 65 %, 29747 MiB, 46068 MiB
2026/06/25 16:25:27.284, NVIDIA L40S, 40, 0 %, 0 %, 29747 MiB, 46068 MiB
2026/06/25 16:25:30.284, NVIDIA L40S, 40, 0 %, 0 %, 29747 MiB, 46068 MiB
2026/06/25 16:25:33.285, NVIDIA L40S, 40, 0 %, 0 %, 29747 MiB, 46068 MiB
2026/06/25 16:25:36.285, NVIDIA L40S, 40, 0 %, 0 %, 29747 MiB, 46068 MiB
2026/06/25 16:25:39.286, NVIDIA L40S, 40, 0 %, 0 %, 29747 MiB, 46068 MiB
2026/06/25 16:25:42.286, NVIDIA L40S, 41, 9 %, 0 %, 29747 MiB, 46068 MiB
2026/06/25 16:25:45.287, NVIDIA L40S, 41, 0 %, 0 %, 29747 MiB, 46068 MiB
2026/06/25 16:25:48.287, NVIDIA L40S, 41, 8 %, 0 %, 29747 MiB, 46068 MiB
2026/06/25 16:25:51.288, NVIDIA L40S, 41, 84 %, 57 %, 29747 MiB, 46068 MiB
2026/06/25 16:25:54.289, NVIDIA L40S, 41, 0 %, 0 %, 29747 MiB, 46068 MiB
2026/06/25 16:25:57.289, NVIDIA L40S, 42, 0 %, 0 %, 29747 MiB, 46068 MiB
2026/06/25 16:26:00.290, NVIDIA L40S, 41, 7 %, 0 %, 29747 MiB, 46068 MiB
2026/06/25 16:26:03.290, NVIDIA L40S, 41, 0 %, 0 %, 29747 MiB, 46068 MiB
2026/06/25 16:26:06.291, NVIDIA L40S, 41, 0 %, 0 %, 29747 MiB, 46068 MiB
2026/06/25 16:26:09.291, NVIDIA L40S, 41, 0 %, 0 %, 29747 MiB, 46068 MiB
2026/06/25 16:26:12.292, NVIDIA L40S, 47, 100 %, 57 %, 29747 MiB, 46068 MiB
2026/06/25 16:26:15.292, NVIDIA L40S, 41, 0 %, 0 %, 29747 MiB, 46068 MiB
2026/06/25 16:26:18.293, NVIDIA L40S, 41, 0 %, 0 %, 29747 MiB, 46068 MiB
2026/06/25 16:26:21.294, NVIDIA L40S, 41, 0 %, 0 %, 29747 MiB, 46068 MiB
2026/06/25 16:26:24.294, NVIDIA L40S, 41, 2 %, 0 %, 29747 MiB, 46068 MiB
2026/06/25 16:26:27.295, NVIDIA L40S, 43, 3 %, 0 %, 29747 MiB, 46068 MiB
2026/06/25 16:26:30.295, NVIDIA L40S, 41, 0 %, 0 %, 29747 MiB, 46068 MiB
2026/06/25 16:26:33.296, NVIDIA L40S, 41, 2 %, 0 %, 29747 MiB, 46068 MiB
2026/06/25 16:26:36.296, NVIDIA L40S, 46, 33 %, 22 %, 29747 MiB, 46068 MiB
2026/06/25 16:26:39.297, NVIDIA L40S, 42, 0 %, 0 %, 29747 MiB, 46068 MiB
2026/06/25 16:26:42.297, NVIDIA L40S, 42, 0 %, 0 %, 29747 MiB, 46068 MiB
2026/06/25 16:26:45.298, NVIDIA L40S, 42, 0 %, 0 %, 29747 MiB, 46068 MiB
2026/06/25 16:26:48.298, NVIDIA L40S, 42, 5 %, 0 %, 29747 MiB, 46068 MiB
2026/06/25 16:26:51.299, NVIDIA L40S, 42, 0 %, 0 %, 29747 MiB, 46068 MiB
2026/06/25 16:26:54.300, NVIDIA L40S, 42, 0 %, 0 %, 29747 MiB, 46068 MiB
2026/06/25 16:26:57.300, NVIDIA L40S, 43, 6 %, 0 %, 29747 MiB, 46068 MiB
2026/06/25 16:27:00.301, NVIDIA L40S, 42, 0 %, 0 %, 29747 MiB, 46068 MiB
2026/06/25 16:27:03.301, NVIDIA L40S, 42, 0 %, 0 %, 29747 MiB, 46068 MiB
2026/06/25 16:27:06.302, NVIDIA L40S, 41, 0 %, 0 %, 29747 MiB, 46068 MiB
2026/06/25 16:27:09.303, NVIDIA L40S, 41, 0 %, 0 %, 29747 MiB, 46068 MiB
2026/06/25 16:27:12.303, NVIDIA L40S, 41, 0 %, 0 %, 29747 MiB, 46068 MiB
2026/06/25 16:27:15.304, NVIDIA L40S, 41, 0 %, 0 %, 29747 MiB, 46068 MiB
2026/06/25 16:27:18.304, NVIDIA L40S, 42, 58 %, 26 %, 29747 MiB, 46068 MiB
2026/06/25 16:27:21.305, NVIDIA L40S, 41, 0 %, 0 %, 29747 MiB, 46068 MiB
2026/06/25 16:27:24.305, NVIDIA L40S, 41, 0 %, 0 %, 29747 MiB, 46068 MiB
2026/06/25 16:27:27.306, NVIDIA L40S, 40, 8 %, 0 %, 29747 MiB, 46068 MiB
2026/06/25 16:27:30.306, NVIDIA L40S, 41, 0 %, 0 %, 29747 MiB, 46068 MiB
2026/06/25 16:27:33.307, NVIDIA L40S, 40, 0 %, 0 %, 29747 MiB, 46068 MiB
2026/06/25 16:27:36.307, NVIDIA L40S, 41, 0 %, 0 %, 29747 MiB, 46068 MiB
2026/06/25 16:27:39.308, NVIDIA L40S, 41, 0 %, 0 %, 29747 MiB, 46068 MiB
2026/06/25 16:27:42.308, NVIDIA L40S, 41, 8 %, 0 %, 29747 MiB, 46068 MiB
2026/06/25 16:27:45.309, NVIDIA L40S, 41, 0 %, 0 %, 29747 MiB, 46068 MiB
2026/06/25 16:27:48.309, NVIDIA L40S, 41, 0 %, 0 %, 29747 MiB, 46068 MiB
2026/06/25 16:27:51.310, NVIDIA L40S, 49, 100 %, 65 %, 29747 MiB, 46068 MiB
2026/06/25 16:27:54.310, NVIDIA L40S, 41, 0 %, 0 %, 29747 MiB, 46068 MiB
2026/06/25 16:27:57.311, NVIDIA L40S, 42, 0 %, 0 %, 29747 MiB, 46068 MiB
2026/06/25 16:28:00.311, NVIDIA L40S, 41, 0 %, 0 %, 29747 MiB, 46068 MiB
2026/06/25 16:28:03.312, NVIDIA L40S, 42, 0 %, 0 %, 29747 MiB, 46068 MiB
2026/06/25 16:28:06.312, NVIDIA L40S, 41, 0 %, 0 %, 29747 MiB, 46068 MiB
2026/06/25 16:28:09.313, NVIDIA L40S, 42, 4 %, 0 %, 29747 MiB, 46068 MiB
2026/06/25 16:28:12.314, NVIDIA L40S, 41, 0 %, 0 %, 29747 MiB, 46068 MiB
2026/06/25 16:28:15.314, NVIDIA L40S, 42, 0 %, 0 %, 29747 MiB, 46068 MiB
2026/06/25 16:28:18.315, NVIDIA L40S, 42, 0 %, 0 %, 29747 MiB, 46068 MiB
2026/06/25 16:28:21.316, NVIDIA L40S, 42, 0 %, 0 %, 29747 MiB, 46068 MiB
2026/06/25 16:28:24.316, NVIDIA L40S, 42, 0 %, 0 %, 29747 MiB, 46068 MiB
2026/06/25 16:28:27.317, NVIDIA L40S, 42, 0 %, 0 %, 29747 MiB, 46068 MiB
2026/06/25 16:28:30.317, NVIDIA L40S, 42, 0 %, 0 %, 29747 MiB, 46068 MiB
2026/06/25 16:28:33.318, NVIDIA L40S, 42, 0 %, 0 %, 29747 MiB, 46068 MiB
2026/06/25 16:28:36.318, NVIDIA L40S, 46, 80 %, 53 %, 29747 MiB, 46068 MiB
2026/06/25 16:28:39.319, NVIDIA L40S, 42, 0 %, 0 %, 29747 MiB, 46068 MiB
2026/06/25 16:28:42.319, NVIDIA L40S, 42, 0 %, 0 %, 29747 MiB, 46068 MiB
2026/06/25 16:28:45.320, NVIDIA L40S, 42, 0 %, 0 %, 29747 MiB, 46068 MiB
2026/06/25 16:28:48.320, NVIDIA L40S, 42, 9 %, 0 %, 29747 MiB, 46068 MiB
2026/06/25 16:28:51.321, NVIDIA L40S, 42, 0 %, 0 %, 29747 MiB, 46068 MiB
2026/06/25 16:28:54.321, NVIDIA L40S, 42, 0 %, 0 %, 29747 MiB, 46068 MiB
2026/06/25 16:28:57.322, NVIDIA L40S, 42, 0 %, 0 %, 29747 MiB, 46068 MiB
2026/06/25 16:29:00.322, NVIDIA L40S, 42, 9 %, 0 %, 29747 MiB, 46068 MiB
2026/06/25 16:29:03.323, NVIDIA L40S, 42, 0 %, 0 %, 29747 MiB, 46068 MiB
2026/06/25 16:29:06.323, NVIDIA L40S, 41, 0 %, 0 %, 29747 MiB, 46068 MiB
2026/06/25 16:29:09.324, NVIDIA L40S, 42, 0 %, 0 %, 29747 MiB, 46068 MiB
2026/06/25 16:29:12.324, NVIDIA L40S, 41, 0 %, 0 %, 29747 MiB, 46068 MiB
2026/06/25 16:29:15.325, NVIDIA L40S, 41, 0 %, 0 %, 29747 MiB, 46068 MiB
2026/06/25 16:29:18.325, NVIDIA L40S, 41, 0 %, 0 %, 29747 MiB, 46068 MiB
2026/06/25 16:29:21.326, NVIDIA L40S, 41, 0 %, 0 %, 29747 MiB, 46068 MiB
2026/06/25 16:29:24.326, NVIDIA L40S, 43, 8 %, 0 %, 29747 MiB, 46068 MiB
2026/06/25 16:29:27.327, NVIDIA L40S, 41, 0 %, 0 %, 29747 MiB, 46068 MiB
2026/06/25 16:29:30.328, NVIDIA L40S, 42, 0 %, 0 %, 29747 MiB, 46068 MiB
2026/06/25 16:29:33.328, NVIDIA L40S, 41, 0 %, 0 %, 29747 MiB, 46068 MiB
2026/06/25 16:29:36.329, NVIDIA L40S, 42, 0 %, 0 %, 29747 MiB, 46068 MiB
2026/06/25 16:29:39.329, NVIDIA L40S, 42, 0 %, 0 %, 29747 MiB, 46068 MiB
2026/06/25 16:29:42.330, NVIDIA L40S, 42, 9 %, 0 %, 29747 MiB, 46068 MiB
2026/06/25 16:29:45.330, NVIDIA L40S, 42, 0 %, 0 %, 29747 MiB, 46068 MiB
2026/06/25 16:29:48.331, NVIDIA L40S, 42, 0 %, 0 %, 29747 MiB, 46068 MiB
2026/06/25 16:29:51.331, NVIDIA L40S, 45, 21 %, 15 %, 29747 MiB, 46068 MiB
2026/06/25 16:29:54.332, NVIDIA L40S, 42, 0 %, 0 %, 29747 MiB, 46068 MiB
2026/06/25 16:29:57.332, NVIDIA L40S, 43, 0 %, 0 %, 29747 MiB, 46068 MiB
2026/06/25 16:30:00.333, NVIDIA L40S, 42, 0 %, 0 %, 29747 MiB, 46068 MiB
2026/06/25 16:30:03.334, NVIDIA L40S, 42, 9 %, 0 %, 29747 MiB, 46068 MiB
2026/06/25 16:30:06.334, NVIDIA L40S, 42, 0 %, 0 %, 29747 MiB, 46068 MiB
2026/06/25 16:30:09.334, NVIDIA L40S, 42, 0 %, 0 %, 29747 MiB, 46068 MiB
2026/06/25 16:30:12.335, NVIDIA L40S, 43, 0 %, 0 %, 29747 MiB, 46068 MiB
2026/06/25 16:30:15.335, NVIDIA L40S, 42, 0 %, 0 %, 29747 MiB, 46068 MiB
2026/06/25 16:30:18.336, NVIDIA L40S, 42, 0 %, 0 %, 29747 MiB, 46068 MiB
2026/06/25 16:30:21.336, NVIDIA L40S, 44, 9 %, 0 %, 29747 MiB, 46068 MiB
2026/06/25 16:30:24.337, NVIDIA L40S, 42, 9 %, 0 %, 29747 MiB, 46068 MiB
2026/06/25 16:30:27.337, NVIDIA L40S, 42, 0 %, 0 %, 29747 MiB, 46068 MiB
2026/06/25 16:30:30.337, NVIDIA L40S, 42, 0 %, 0 %, 29747 MiB, 46068 MiB
2026/06/25 16:30:33.338, NVIDIA L40S, 42, 0 %, 0 %, 29747 MiB, 46068 MiB
2026/06/25 16:30:36.339, NVIDIA L40S, 42, 0 %, 0 %, 29747 MiB, 46068 MiB
2026/06/25 16:30:39.339, NVIDIA L40S, 42, 0 %, 0 %, 29747 MiB, 46068 MiB
2026/06/25 16:30:42.340, NVIDIA L40S, 44, 62 %, 28 %, 29747 MiB, 46068 MiB
2026/06/25 16:30:45.340, NVIDIA L40S, 42, 0 %, 0 %, 29747 MiB, 46068 MiB
2026/06/25 16:30:48.341, NVIDIA L40S, 42, 0 %, 0 %, 29747 MiB, 46068 MiB
2026/06/25 16:30:51.341, NVIDIA L40S, 42, 0 %, 0 %, 29747 MiB, 46068 MiB
2026/06/25 16:30:54.342, NVIDIA L40S, 42, 0 %, 0 %, 29747 MiB, 46068 MiB
2026/06/25 16:30:57.342, NVIDIA L40S, 42, 0 %, 0 %, 29747 MiB, 46068 MiB
2026/06/25 16:31:00.343, NVIDIA L40S, 43, 0 %, 0 %, 29747 MiB, 46068 MiB
2026/06/25 16:31:03.343, NVIDIA L40S, 44, 19 %, 13 %, 29747 MiB, 46068 MiB
2026/06/25 16:31:06.344, NVIDIA L40S, 43, 0 %, 0 %, 29747 MiB, 46068 MiB
2026/06/25 16:31:09.344, NVIDIA L40S, 44, 0 %, 0 %, 29747 MiB, 46068 MiB
2026/06/25 16:31:12.345, NVIDIA L40S, 43, 9 %, 0 %, 29747 MiB, 46068 MiB
2026/06/25 16:31:15.345, NVIDIA L40S, 43, 0 %, 0 %, 29747 MiB, 46068 MiB
2026/06/25 16:31:18.346, NVIDIA L40S, 42, 0 %, 0 %, 29747 MiB, 46068 MiB
2026/06/25 16:31:21.346, NVIDIA L40S, 42, 0 %, 0 %, 29747 MiB, 46068 MiB
2026/06/25 16:31:24.347, NVIDIA L40S, 50, 100 %, 43 %, 29747 MiB, 46068 MiB
2026/06/25 16:31:27.347, NVIDIA L40S, 42, 0 %, 0 %, 29747 MiB, 46068 MiB
2026/06/25 16:31:30.348, NVIDIA L40S, 42, 0 %, 0 %, 29747 MiB, 46068 MiB
2026/06/25 16:31:33.348, NVIDIA L40S, 42, 0 %, 0 %, 29747 MiB, 46068 MiB
2026/06/25 16:31:36.349, NVIDIA L40S, 42, 9 %, 0 %, 29747 MiB, 46068 MiB
2026/06/25 16:31:39.349, NVIDIA L40S, 42, 0 %, 0 %, 29747 MiB, 46068 MiB
2026/06/25 16:31:42.350, NVIDIA L40S, 42, 0 %, 0 %, 29747 MiB, 46068 MiB
2026/06/25 16:31:45.350, NVIDIA L40S, 43, 16 %, 9 %, 29747 MiB, 46068 MiB
2026/06/25 16:31:48.351, NVIDIA L40S, 42, 9 %, 0 %, 29747 MiB, 46068 MiB
2026/06/25 16:31:51.352, NVIDIA L40S, 42, 0 %, 0 %, 29747 MiB, 46068 MiB
2026/06/25 16:31:54.352, NVIDIA L40S, 42, 0 %, 0 %, 29747 MiB, 46068 MiB
2026/06/25 16:31:57.352, NVIDIA L40S, 42, 7 %, 0 %, 29747 MiB, 46068 MiB
2026/06/25 16:32:00.353, NVIDIA L40S, 42, 0 %, 0 %, 29747 MiB, 46068 MiB
2026/06/25 16:32:03.353, NVIDIA L40S, 42, 0 %, 0 %, 29747 MiB, 46068 MiB
2026/06/25 16:32:06.354, NVIDIA L40S, 44, 21 %, 15 %, 29747 MiB, 46068 MiB
2026/06/25 16:32:09.355, NVIDIA L40S, 43, 0 %, 0 %, 29747 MiB, 46068 MiB
2026/06/25 16:32:12.355, NVIDIA L40S, 43, 0 %, 0 %, 29747 MiB, 46068 MiB
2026/06/25 16:32:15.356, NVIDIA L40S, 44, 0 %, 0 %, 29747 MiB, 46068 MiB
2026/06/25 16:32:18.356, NVIDIA L40S, 43, 0 %, 0 %, 29747 MiB, 46068 MiB
2026/06/25 16:32:21.357, NVIDIA L40S, 44, 0 %, 0 %, 29747 MiB, 46068 MiB
2026/06/25 16:32:24.357, NVIDIA L40S, 44, 0 %, 0 %, 29747 MiB, 46068 MiB
2026/06/25 16:32:27.358, NVIDIA L40S, 44, 0 %, 0 %, 29747 MiB, 46068 MiB
2026/06/25 16:32:30.358, NVIDIA L40S, 53, 100 %, 44 %, 29747 MiB, 46068 MiB
2026/06/25 16:32:33.359, NVIDIA L40S, 45, 0 %, 0 %, 29747 MiB, 46068 MiB
2026/06/25 16:32:36.359, NVIDIA L40S, 46, 2 %, 0 %, 29747 MiB, 46068 MiB
2026/06/25 16:32:39.360, NVIDIA L40S, 45, 9 %, 0 %, 29747 MiB, 46068 MiB
2026/06/25 16:32:42.361, NVIDIA L40S, 46, 0 %, 0 %, 29747 MiB, 46068 MiB
2026/06/25 16:32:45.361, NVIDIA L40S, 46, 0 %, 0 %, 29747 MiB, 46068 MiB
2026/06/25 16:32:48.362, NVIDIA L40S, 46, 0 %, 0 %, 29747 MiB, 46068 MiB
2026/06/25 16:32:51.362, NVIDIA L40S, 46, 0 %, 0 %, 29747 MiB, 46068 MiB
2026/06/25 16:32:54.363, NVIDIA L40S, 47, 0 %, 0 %, 29747 MiB, 46068 MiB
2026/06/25 16:32:57.363, NVIDIA L40S, 47, 0 %, 0 %, 29747 MiB, 46068 MiB
2026/06/25 16:33:00.364, NVIDIA L40S, 47, 0 %, 0 %, 29747 MiB, 46068 MiB
2026/06/25 16:33:03.364, NVIDIA L40S, 48, 0 %, 0 %, 29747 MiB, 46068 MiB
2026/06/25 16:33:06.365, NVIDIA L40S, 47, 0 %, 0 %, 29747 MiB, 46068 MiB
2026/06/25 16:33:09.365, NVIDIA L40S, 47, 0 %, 0 %, 29747 MiB, 46068 MiB
2026/06/25 16:33:12.366, NVIDIA L40S, 47, 0 %, 0 %, 29747 MiB, 46068 MiB
2026/06/25 16:33:15.366, NVIDIA L40S, 47, 9 %, 0 %, 29747 MiB, 46068 MiB
2026/06/25 16:33:18.367, NVIDIA L40S, 47, 0 %, 0 %, 29747 MiB, 46068 MiB
2026/06/25 16:33:21.367, NVIDIA L40S, 48, 0 %, 0 %, 29747 MiB, 46068 MiB
2026/06/25 16:33:24.367, NVIDIA L40S, 51, 21 %, 15 %, 29747 MiB, 46068 MiB
2026/06/25 16:33:27.368, NVIDIA L40S, 48, 0 %, 0 %, 29747 MiB, 46068 MiB
2026/06/25 16:33:30.368, NVIDIA L40S, 49, 0 %, 0 %, 29747 MiB, 46068 MiB
2026/06/25 16:33:33.369, NVIDIA L40S, 48, 0 %, 0 %, 29747 MiB, 46068 MiB
2026/06/25 16:33:36.369, NVIDIA L40S, 49, 0 %, 0 %, 29747 MiB, 46068 MiB
2026/06/25 16:33:39.369, NVIDIA L40S, 49, 0 %, 0 %, 29747 MiB, 46068 MiB
2026/06/25 16:33:42.370, NVIDIA L40S, 49, 0 %, 0 %, 29747 MiB, 46068 MiB
2026/06/25 16:33:45.370, NVIDIA L40S, 51, 95 %, 57 %, 29747 MiB, 46068 MiB
2026/06/25 16:33:48.371, NVIDIA L40S, 50, 0 %, 0 %, 29747 MiB, 46068 MiB
2026/06/25 16:33:51.371, NVIDIA L40S, 50, 0 %, 0 %, 29747 MiB, 46068 MiB
2026/06/25 16:33:54.371, NVIDIA L40S, 50, 2 %, 0 %, 29747 MiB, 46068 MiB
2026/06/25 16:33:57.372, NVIDIA L40S, 50, 0 %, 0 %, 29747 MiB, 46068 MiB
2026/06/25 16:34:00.372, NVIDIA L40S, 50, 0 %, 0 %, 29747 MiB, 46068 MiB
2026/06/25 16:34:03.373, NVIDIA L40S, 51, 9 %, 0 %, 29747 MiB, 46068 MiB
2026/06/25 16:34:06.373, NVIDIA L40S, 52, 0 %, 0 %, 29747 MiB, 46068 MiB
2026/06/25 16:34:09.373, NVIDIA L40S, 51, 0 %, 0 %, 29747 MiB, 46068 MiB
2026/06/25 16:34:12.374, NVIDIA L40S, 51, 0 %, 0 %, 29747 MiB, 46068 MiB
2026/06/25 16:34:15.374, NVIDIA L40S, 52, 1 %, 0 %, 29747 MiB, 46068 MiB
2026/06/25 16:34:18.374, NVIDIA L40S, 51, 0 %, 0 %, 29747 MiB, 46068 MiB
2026/06/25 16:34:21.375, NVIDIA L40S, 51, 0 %, 0 %, 29747 MiB, 46068 MiB
2026/06/25 16:34:24.375, NVIDIA L40S, 51, 0 %, 0 %, 29747 MiB, 46068 MiB
2026/06/25 16:34:27.376, NVIDIA L40S, 51, 5 %, 0 %, 29747 MiB, 46068 MiB
2026/06/25 16:34:30.376, NVIDIA L40S, 51, 0 %, 0 %, 29747 MiB, 46068 MiB
2026/06/25 16:34:33.377, NVIDIA L40S, 51, 0 %, 0 %, 29747 MiB, 46068 MiB
2026/06/25 16:34:36.377, NVIDIA L40S, 52, 0 %, 0 %, 29747 MiB, 46068 MiB
2026/06/25 16:34:39.378, NVIDIA L40S, 51, 1 %, 0 %, 29747 MiB, 46068 MiB
2026/06/25 16:34:42.378, NVIDIA L40S, 52, 0 %, 0 %, 29747 MiB, 46068 MiB
2026/06/25 16:34:45.379, NVIDIA L40S, 52, 0 %, 0 %, 29747 MiB, 46068 MiB
2026/06/25 16:34:48.379, NVIDIA L40S, 52, 0 %, 0 %, 29747 MiB, 46068 MiB
2026/06/25 16:34:51.380, NVIDIA L40S, 53, 39 %, 23 %, 29747 MiB, 46068 MiB
2026/06/25 16:34:54.380, NVIDIA L40S, 52, 0 %, 0 %, 29747 MiB, 46068 MiB
2026/06/25 16:34:57.381, NVIDIA L40S, 52, 0 %, 0 %, 29747 MiB, 46068 MiB
2026/06/25 16:35:00.381, NVIDIA L40S, 52, 0 %, 0 %, 29747 MiB, 46068 MiB
2026/06/25 16:35:03.382, NVIDIA L40S, 52, 0 %, 0 %, 29747 MiB, 46068 MiB
2026/06/25 16:35:06.382, NVIDIA L40S, 52, 0 %, 0 %, 29747 MiB, 46068 MiB
2026/06/25 16:35:09.383, NVIDIA L40S, 52, 0 %, 0 %, 29747 MiB, 46068 MiB
2026/06/25 16:35:12.384, NVIDIA L40S, 53, 0 %, 0 %, 29747 MiB, 46068 MiB
2026/06/25 16:35:15.384, NVIDIA L40S, 52, 0 %, 0 %, 29747 MiB, 46068 MiB
2026/06/25 16:35:18.385, NVIDIA L40S, 52, 0 %, 0 %, 29747 MiB, 46068 MiB
2026/06/25 16:35:21.385, NVIDIA L40S, 52, 0 %, 0 %, 29747 MiB, 46068 MiB
2026/06/25 16:35:24.385, NVIDIA L40S, 53, 0 %, 0 %, 29747 MiB, 46068 MiB
2026/06/25 16:35:27.386, NVIDIA L40S, 54, 2 %, 0 %, 29747 MiB, 46068 MiB
2026/06/25 16:35:30.386, NVIDIA L40S, 53, 0 %, 0 %, 29747 MiB, 46068 MiB
2026/06/25 16:35:33.387, NVIDIA L40S, 53, 0 %, 0 %, 29747 MiB, 46068 MiB
2026/06/25 16:35:36.387, NVIDIA L40S, 53, 0 %, 0 %, 29747 MiB, 46068 MiB
2026/06/25 16:35:39.388, NVIDIA L40S, 54, 0 %, 0 %, 29747 MiB, 46068 MiB
2026/06/25 16:35:42.388, NVIDIA L40S, 54, 0 %, 0 %, 29747 MiB, 46068 MiB
2026/06/25 16:35:45.389, NVIDIA L40S, 54, 0 %, 0 %, 29747 MiB, 46068 MiB
2026/06/25 16:35:48.390, NVIDIA L40S, 54, 0 %, 0 %, 29747 MiB, 46068 MiB
2026/06/25 16:35:51.390, NVIDIA L40S, 54, 0 %, 0 %, 29747 MiB, 46068 MiB
2026/06/25 16:35:54.391, NVIDIA L40S, 56, 79 %, 38 %, 29747 MiB, 46068 MiB
2026/06/25 16:35:57.391, NVIDIA L40S, 55, 0 %, 0 %, 29747 MiB, 46068 MiB
2026/06/25 16:36:00.392, NVIDIA L40S, 55, 0 %, 0 %, 29747 MiB, 46068 MiB
2026/06/25 16:36:03.393, NVIDIA L40S, 55, 0 %, 0 %, 29747 MiB, 46068 MiB
2026/06/25 16:36:06.393, NVIDIA L40S, 55, 0 %, 0 %, 29747 MiB, 46068 MiB
2026/06/25 16:36:09.394, NVIDIA L40S, 55, 0 %, 0 %, 29747 MiB, 46068 MiB
2026/06/25 16:36:12.394, NVIDIA L40S, 55, 0 %, 0 %, 29747 MiB, 46068 MiB
2026/06/25 16:36:15.395, NVIDIA L40S, 55, 4 %, 0 %, 29747 MiB, 46068 MiB
2026/06/25 16:36:18.395, NVIDIA L40S, 54, 0 %, 0 %, 29747 MiB, 46068 MiB
2026/06/25 16:36:21.396, NVIDIA L40S, 54, 0 %, 0 %, 29747 MiB, 46068 MiB
2026/06/25 16:36:24.396, NVIDIA L40S, 54, 0 %, 0 %, 29747 MiB, 46068 MiB
2026/06/25 16:36:27.397, NVIDIA L40S, 54, 0 %, 0 %, 29747 MiB, 46068 MiB
2026/06/25 16:36:30.397, NVIDIA L40S, 59, 100 %, 51 %, 29747 MiB, 46068 MiB
2026/06/25 16:36:33.398, NVIDIA L40S, 54, 0 %, 0 %, 29747 MiB, 46068 MiB
2026/06/25 16:36:36.398, NVIDIA L40S, 55, 31 %, 21 %, 29747 MiB, 46068 MiB
2026/06/25 16:36:39.399, NVIDIA L40S, 54, 0 %, 0 %, 29747 MiB, 46068 MiB
2026/06/25 16:36:42.399, NVIDIA L40S, 54, 0 %, 0 %, 29747 MiB, 46068 MiB
2026/06/25 16:36:45.400, NVIDIA L40S, 54, 0 %, 0 %, 29747 MiB, 46068 MiB
2026/06/25 16:36:48.400, NVIDIA L40S, 54, 0 %, 0 %, 29747 MiB, 46068 MiB
2026/06/25 16:36:51.401, NVIDIA L40S, 54, 0 %, 0 %, 29747 MiB, 46068 MiB
2026/06/25 16:36:54.401, NVIDIA L40S, 54, 0 %, 0 %, 29747 MiB, 46068 MiB
2026/06/25 16:36:57.402, NVIDIA L40S, 54, 0 %, 0 %, 29747 MiB, 46068 MiB
2026/06/25 16:37:00.402, NVIDIA L40S, 54, 0 %, 0 %, 29747 MiB, 46068 MiB
2026/06/25 16:37:03.402, NVIDIA L40S, 54, 0 %, 0 %, 29747 MiB, 46068 MiB
2026/06/25 16:37:06.403, NVIDIA L40S, 54, 0 %, 0 %, 29747 MiB, 46068 MiB
2026/06/25 16:37:09.403, NVIDIA L40S, 54, 0 %, 0 %, 29747 MiB, 46068 MiB
2026/06/25 16:37:12.404, NVIDIA L40S, 55, 0 %, 0 %, 29747 MiB, 46068 MiB
2026/06/25 16:37:15.404, NVIDIA L40S, 62, 60 %, 22 %, 29747 MiB, 46068 MiB
2026/06/25 16:37:18.405, NVIDIA L40S, 55, 0 %, 0 %, 29747 MiB, 46068 MiB
2026/06/25 16:37:21.405, NVIDIA L40S, 55, 0 %, 0 %, 29747 MiB, 46068 MiB
2026/06/25 16:37:24.406, NVIDIA L40S, 55, 0 %, 0 %, 29747 MiB, 46068 MiB
2026/06/25 16:37:27.406, NVIDIA L40S, 55, 0 %, 0 %, 29747 MiB, 46068 MiB
2026/06/25 16:37:30.406, NVIDIA L40S, 55, 0 %, 0 %, 29747 MiB, 46068 MiB
2026/06/25 16:37:33.407, NVIDIA L40S, 56, 0 %, 0 %, 29747 MiB, 46068 MiB
2026/06/25 16:37:36.407, NVIDIA L40S, 58, 9 %, 0 %, 29747 MiB, 46068 MiB
2026/06/25 16:37:39.407, NVIDIA L40S, 56, 0 %, 0 %, 29747 MiB, 46068 MiB
2026/06/25 16:37:42.408, NVIDIA L40S, 56, 0 %, 0 %, 29747 MiB, 46068 MiB
2026/06/25 16:37:45.408, NVIDIA L40S, 56, 0 %, 0 %, 29747 MiB, 46068 MiB
2026/06/25 16:37:48.409, NVIDIA L40S, 56, 9 %, 0 %, 29747 MiB, 46068 MiB
2026/06/25 16:37:51.409, NVIDIA L40S, 56, 0 %, 0 %, 29747 MiB, 46068 MiB
2026/06/25 16:37:54.409, NVIDIA L40S, 56, 0 %, 0 %, 29747 MiB, 46068 MiB
2026/06/25 16:37:57.410, NVIDIA L40S, 57, 0 %, 0 %, 29747 MiB, 46068 MiB
2026/06/25 16:38:00.410, NVIDIA L40S, 56, 0 %, 0 %, 29747 MiB, 46068 MiB
2026/06/25 16:38:03.411, NVIDIA L40S, 56, 0 %, 0 %, 0 MiB, 46068 MiB
2026/06/25 16:38:06.411, NVIDIA L40S, 53, 0 %, 0 %, 0 MiB, 46068 MiB
2026/06/25 16:38:09.412, NVIDIA L40S, 52, 0 %, 0 %, 0 MiB, 46068 MiB
2026/06/25 16:38:12.412, NVIDIA L40S, 51, 0 %, 0 %, 0 MiB, 46068 MiB
2026/06/25 16:38:15.412, NVIDIA L40S, 51, 0 %, 0 %, 0 MiB, 46068 MiB
2026/06/25 16:38:18.413, NVIDIA L40S, 51, 0 %, 0 %, 0 MiB, 46068 MiB
2026/06/25 16:38:21.413, NVIDIA L40S, 50, 0 %, 0 %, 0 MiB, 46068 MiB
2026/06/25 16:38:24.414, NVIDIA L40S, 50, 0 %, 0 %, 0 MiB, 46068 MiB
2026/06/25 16:38:27.414, NVIDIA L40S, 49, 0 %, 0 %, 0 MiB, 46068 MiB
2026/06/25 16:38:30.415, NVIDIA L40S, 49, 0 %, 0 %, 0 MiB, 46068 MiB
2026/06/25 16:38:33.415, NVIDIA L40S, 49, 0 %, 0 %, 0 MiB, 46068 MiB
2026/06/25 16:38:36.416, NVIDIA L40S, 48, 0 %, 0 %, 0 MiB, 46068 MiB
2026/06/25 16:38:39.416, NVIDIA L40S, 48, 0 %, 0 %, 0 MiB, 46068 MiB
2026/06/25 16:38:42.417, NVIDIA L40S, 48, 0 %, 0 %, 0 MiB, 46068 MiB
2026/06/25 16:38:45.417, NVIDIA L40S, 47, 0 %, 0 %, 0 MiB, 46068 MiB
2026/06/25 16:38:48.417, NVIDIA L40S, 47, 0 %, 0 %, 0 MiB, 46068 MiB
2026/06/25 16:38:51.418, NVIDIA L40S, 47, 0 %, 0 %, 0 MiB, 46068 MiB
2026/06/25 16:38:54.419, NVIDIA L40S, 47, 0 %, 0 %, 0 MiB, 46068 MiB
2026/06/25 16:38:57.420, NVIDIA L40S, 46, 0 %, 0 %, 0 MiB, 46068 MiB
2026/06/25 16:39:00.420, NVIDIA L40S, 46, 0 %, 0 %, 0 MiB, 46068 MiB
2026/06/25 16:39:03.420, NVIDIA L40S, 45, 0 %, 0 %, 0 MiB, 46068 MiB
2026/06/25 16:39:06.421, NVIDIA L40S, 44, 0 %, 0 %, 0 MiB, 46068 MiB
2026/06/25 16:39:09.421, NVIDIA L40S, 43, 0 %, 0 %, 0 MiB, 46068 MiB
2026/06/25 16:39:12.421, NVIDIA L40S, 42, 0 %, 0 %, 0 MiB, 46068 MiB
2026/06/25 16:39:15.422, NVIDIA L40S, 41, 0 %, 0 %, 0 MiB, 46068 MiB
2026/06/25 16:39:18.422, NVIDIA L40S, 41, 0 %, 0 %, 0 MiB, 46068 MiB
2026/06/25 16:39:21.422, NVIDIA L40S, 40, 0 %, 0 %, 0 MiB, 46068 MiB
2026/06/25 16:39:24.422, NVIDIA L40S, 39, 0 %, 0 %, 0 MiB, 46068 MiB
2026/06/25 16:39:27.423, NVIDIA L40S, 38, 0 %, 0 %, 0 MiB, 46068 MiB
2026/06/25 16:39:30.423, NVIDIA L40S, 38, 0 %, 0 %, 0 MiB, 46068 MiB
2026/06/25 16:39:33.424, NVIDIA L40S, 37, 0 %, 0 %, 0 MiB, 46068 MiB
2026/06/25 16:39:36.424, NVIDIA L40S, 37, 0 %, 0 %, 0 MiB, 46068 MiB
2026/06/25 16:39:39.424, NVIDIA L40S, 36, 0 %, 0 %, 0 MiB, 46068 MiB
2026/06/25 16:39:42.425, NVIDIA L40S, 36, 0 %, 0 %, 0 MiB, 46068 MiB
2026/06/25 16:39:45.425, NVIDIA L40S, 36, 0 %, 0 %, 435 MiB, 46068 MiB
2026/06/25 16:39:48.426, NVIDIA L40S, 39, 0 %, 0 %, 435 MiB, 46068 MiB
2026/06/25 16:39:51.426, NVIDIA L40S, 39, 0 %, 0 %, 435 MiB, 46068 MiB
2026/06/25 16:39:54.426, NVIDIA L40S, 39, 0 %, 0 %, 437 MiB, 46068 MiB
2026/06/25 16:39:57.427, NVIDIA L40S, 39, 0 %, 0 %, 437 MiB, 46068 MiB
2026/06/25 16:40:00.427, NVIDIA L40S, 40, 0 %, 0 %, 437 MiB, 46068 MiB
2026/06/25 16:40:03.427, NVIDIA L40S, 40, 0 %, 0 %, 437 MiB, 46068 MiB
2026/06/25 16:40:06.428, NVIDIA L40S, 40, 0 %, 0 %, 437 MiB, 46068 MiB
2026/06/25 16:40:09.428, NVIDIA L40S, 40, 0 %, 0 %, 437 MiB, 46068 MiB
2026/06/25 16:40:12.429, NVIDIA L40S, 41, 0 %, 0 %, 437 MiB, 46068 MiB
2026/06/25 16:40:15.429, NVIDIA L40S, 41, 0 %, 0 %, 437 MiB, 46068 MiB
2026/06/25 16:40:18.430, NVIDIA L40S, 41, 0 %, 0 %, 437 MiB, 46068 MiB
2026/06/25 16:40:21.436, NVIDIA L40S, 41, 0 %, 0 %, 437 MiB, 46068 MiB
2026/06/25 16:40:24.442, NVIDIA L40S, 42, 0 %, 0 %, 437 MiB, 46068 MiB
2026/06/25 16:40:27.447, NVIDIA L40S, 42, 0 %, 0 %, 437 MiB, 46068 MiB
2026/06/25 16:40:30.453, NVIDIA L40S, 42, 0 %, 0 %, 437 MiB, 46068 MiB
2026/06/25 16:40:33.458, NVIDIA L40S, 43, 0 %, 0 %, 437 MiB, 46068 MiB
2026/06/25 16:40:36.462, NVIDIA L40S, 43, 0 %, 0 %, 437 MiB, 46068 MiB
2026/06/25 16:40:39.466, NVIDIA L40S, 43, 0 %, 0 %, 437 MiB, 46068 MiB
2026/06/25 16:40:42.470, NVIDIA L40S, 44, 0 %, 0 %, 437 MiB, 46068 MiB
2026/06/25 16:40:45.475, NVIDIA L40S, 44, 0 %, 0 %, 437 MiB, 46068 MiB
2026/06/25 16:40:48.480, NVIDIA L40S, 44, 0 %, 0 %, 437 MiB, 46068 MiB
2026/06/25 16:40:51.484, NVIDIA L40S, 45, 0 %, 0 %, 437 MiB, 46068 MiB
2026/06/25 16:40:54.489, NVIDIA L40S, 45, 0 %, 0 %, 437 MiB, 46068 MiB
2026/06/25 16:40:57.493, NVIDIA L40S, 45, 0 %, 0 %, 437 MiB, 46068 MiB
2026/06/25 16:41:00.498, NVIDIA L40S, 45, 0 %, 0 %, 437 MiB, 46068 MiB
2026/06/25 16:41:03.501, NVIDIA L40S, 45, 0 %, 0 %, 437 MiB, 46068 MiB
2026/06/25 16:41:06.506, NVIDIA L40S, 46, 0 %, 0 %, 437 MiB, 46068 MiB
2026/06/25 16:41:09.510, NVIDIA L40S, 46, 0 %, 0 %, 437 MiB, 46068 MiB
2026/06/25 16:41:12.515, NVIDIA L40S, 46, 0 %, 0 %, 437 MiB, 46068 MiB
2026/06/25 16:41:15.520, NVIDIA L40S, 46, 0 %, 0 %, 437 MiB, 46068 MiB
2026/06/25 16:41:18.522, NVIDIA L40S, 46, 0 %, 0 %, 1205 MiB, 46068 MiB
2026/06/25 16:41:21.523, NVIDIA L40S, 46, 0 %, 0 %, 547 MiB, 46068 MiB
2026/06/25 16:41:24.523, NVIDIA L40S, 46, 0 %, 0 %, 545 MiB, 46068 MiB
2026/06/25 16:41:27.524, NVIDIA L40S, 46, 0 %, 0 %, 545 MiB, 46068 MiB
2026/06/25 16:41:30.524, NVIDIA L40S, 46, 0 %, 0 %, 547 MiB, 46068 MiB
2026/06/25 16:41:33.524, NVIDIA L40S, 46, 0 %, 0 %, 7715 MiB, 46068 MiB
2026/06/25 16:41:36.525, NVIDIA L40S, 46, 33 %, 1 %, 4765 MiB, 46068 MiB
2026/06/25 16:41:39.525, NVIDIA L40S, 46, 93 %, 1 %, 1911 MiB, 46068 MiB
2026/06/25 16:41:42.526, NVIDIA L40S, 46, 0 %, 0 %, 513 MiB, 46068 MiB
2026/06/25 16:41:45.526, NVIDIA L40S, 46, 0 %, 0 %, 513 MiB, 46068 MiB
2026/06/25 16:41:48.527, NVIDIA L40S, 46, 0 %, 0 %, 515 MiB, 46068 MiB
2026/06/25 16:41:51.527, NVIDIA L40S, 45, 0 %, 0 %, 6019 MiB, 46068 MiB
2026/06/25 16:41:54.527, NVIDIA L40S, 45, 0 %, 0 %, 4735 MiB, 46068 MiB
2026/06/25 16:41:57.528, NVIDIA L40S, 44, 0 %, 0 %, 449 MiB, 46068 MiB
2026/06/25 16:42:00.528, NVIDIA L40S, 44, 0 %, 0 %, 449 MiB, 46068 MiB
2026/06/25 16:42:03.529, NVIDIA L40S, 43, 0 %, 0 %, 451 MiB, 46068 MiB
2026/06/25 16:42:06.529, NVIDIA L40S, 43, 100 %, 2 %, 13635 MiB, 46068 MiB
2026/06/25 16:42:09.530, NVIDIA L40S, 42, 0 %, 0 %, 447 MiB, 46068 MiB
2026/06/25 16:42:12.531, NVIDIA L40S, 42, 0 %, 0 %, 447 MiB, 46068 MiB
2026/06/25 16:42:15.531, NVIDIA L40S, 42, 0 %, 0 %, 447 MiB, 46068 MiB
2026/06/25 16:42:18.531, NVIDIA L40S, 41, 0 %, 0 %, 449 MiB, 46068 MiB
2026/06/25 16:42:21.532, NVIDIA L40S, 41, 0 %, 0 %, 1217 MiB, 46068 MiB
2026/06/25 16:42:24.532, NVIDIA L40S, 41, 0 %, 0 %, 1223 MiB, 46068 MiB
2026/06/25 16:42:27.533, NVIDIA L40S, 41, 0 %, 0 %, 531 MiB, 46068 MiB
2026/06/25 16:42:30.533, NVIDIA L40S, 41, 0 %, 0 %, 531 MiB, 46068 MiB
2026/06/25 16:42:33.534, NVIDIA L40S, 41, 0 %, 0 %, 533 MiB, 46068 MiB
2026/06/25 16:42:36.534, NVIDIA L40S, 41, 100 %, 0 %, 5525 MiB, 46068 MiB
2026/06/25 16:42:39.535, NVIDIA L40S, 41, 0 %, 0 %, 533 MiB, 46068 MiB
2026/06/25 16:42:42.535, NVIDIA L40S, 41, 0 %, 0 %, 533 MiB, 46068 MiB
2026/06/25 16:42:45.536, NVIDIA L40S, 41, 0 %, 0 %, 535 MiB, 46068 MiB
2026/06/25 16:42:48.536, NVIDIA L40S, 41, 0 %, 0 %, 535 MiB, 46068 MiB
2026/06/25 16:42:51.537, NVIDIA L40S, 41, 0 %, 0 %, 491 MiB, 46068 MiB
2026/06/25 16:42:54.537, NVIDIA L40S, 41, 0 %, 0 %, 485 MiB, 46068 MiB
2026/06/25 16:42:57.538, NVIDIA L40S, 41, 0 %, 0 %, 485 MiB, 46068 MiB
2026/06/25 16:43:00.538, NVIDIA L40S, 41, 0 %, 0 %, 487 MiB, 46068 MiB
2026/06/25 16:43:03.538, NVIDIA L40S, 41, 100 %, 3 %, 12007 MiB, 46068 MiB
2026/06/25 16:43:06.539, NVIDIA L40S, 41, 0 %, 0 %, 491 MiB, 46068 MiB
2026/06/25 16:43:09.539, NVIDIA L40S, 41, 0 %, 0 %, 491 MiB, 46068 MiB
2026/06/25 16:43:12.540, NVIDIA L40S, 41, 0 %, 0 %, 493 MiB, 46068 MiB
2026/06/25 16:43:15.540, NVIDIA L40S, 41, 0 %, 0 %, 493 MiB, 46068 MiB
2026/06/25 16:43:18.541, NVIDIA L40S, 41, 0 %, 0 %, 481 MiB, 46068 MiB
2026/06/25 16:43:21.541, NVIDIA L40S, 41, 0 %, 0 %, 481 MiB, 46068 MiB
2026/06/25 16:43:24.542, NVIDIA L40S, 41, 0 %, 0 %, 483 MiB, 46068 MiB
2026/06/25 16:43:27.542, NVIDIA L40S, 41, 0 %, 0 %, 483 MiB, 46068 MiB
2026/06/25 16:43:30.543, NVIDIA L40S, 41, 0 %, 0 %, 471 MiB, 46068 MiB
2026/06/25 16:43:33.543, NVIDIA L40S, 41, 0 %, 0 %, 471 MiB, 46068 MiB
2026/06/25 16:43:36.543, NVIDIA L40S, 40, 0 %, 0 %, 473 MiB, 46068 MiB
2026/06/25 16:43:39.544, NVIDIA L40S, 40, 0 %, 0 %, 6873 MiB, 46068 MiB
2026/06/25 16:43:42.544, NVIDIA L40S, 40, 0 %, 0 %, 537 MiB, 46068 MiB
2026/06/25 16:43:45.545, NVIDIA L40S, 40, 0 %, 0 %, 537 MiB, 46068 MiB
2026/06/25 16:43:48.545, NVIDIA L40S, 40, 0 %, 0 %, 539 MiB, 46068 MiB
2026/06/25 16:43:51.546, NVIDIA L40S, 40, 0 %, 0 %, 6811 MiB, 46068 MiB
2026/06/25 16:43:54.546, NVIDIA L40S, 40, 0 %, 0 %, 465 MiB, 46068 MiB
2026/06/25 16:43:57.546, NVIDIA L40S, 40, 0 %, 0 %, 465 MiB, 46068 MiB
2026/06/25 16:44:00.547, NVIDIA L40S, 40, 0 %, 0 %, 467 MiB, 46068 MiB
2026/06/25 16:44:03.547, NVIDIA L40S, 40, 0 %, 0 %, 467 MiB, 46068 MiB
2026/06/25 16:44:06.548, NVIDIA L40S, 40, 0 %, 0 %, 465 MiB, 46068 MiB
2026/06/25 16:44:09.548, NVIDIA L40S, 40, 0 %, 0 %, 465 MiB, 46068 MiB
2026/06/25 16:44:12.548, NVIDIA L40S, 40, 0 %, 0 %, 467 MiB, 46068 MiB
2026/06/25 16:44:15.549, NVIDIA L40S, 40, 0 %, 0 %, 467 MiB, 46068 MiB
2026/06/25 16:44:18.549, NVIDIA L40S, 40, 0 %, 0 %, 455 MiB, 46068 MiB
2026/06/25 16:44:21.550, NVIDIA L40S, 40, 0 %, 0 %, 455 MiB, 46068 MiB
2026/06/25 16:44:24.550, NVIDIA L40S, 40, 0 %, 0 %, 457 MiB, 46068 MiB
2026/06/25 16:44:27.551, NVIDIA L40S, 40, 0 %, 0 %, 1225 MiB, 46068 MiB
2026/06/25 16:44:30.551, NVIDIA L40S, 40, 0 %, 0 %, 537 MiB, 46068 MiB
2026/06/25 16:44:33.551, NVIDIA L40S, 40, 0 %, 0 %, 537 MiB, 46068 MiB
2026/06/25 16:44:36.552, NVIDIA L40S, 41, 0 %, 0 %, 539 MiB, 46068 MiB
2026/06/25 16:44:39.552, NVIDIA L40S, 41, 0 %, 0 %, 539 MiB, 46068 MiB
2026/06/25 16:44:42.553, NVIDIA L40S, 41, 0 %, 0 %, 5371 MiB, 46068 MiB
2026/06/25 16:44:45.553, NVIDIA L40S, 41, 0 %, 0 %, 499 MiB, 46068 MiB
2026/06/25 16:44:48.553, NVIDIA L40S, 41, 0 %, 0 %, 499 MiB, 46068 MiB
2026/06/25 16:44:51.554, NVIDIA L40S, 41, 0 %, 0 %, 501 MiB, 46068 MiB
2026/06/25 16:44:54.554, NVIDIA L40S, 41, 0 %, 0 %, 11637 MiB, 46068 MiB
2026/06/25 16:44:57.555, NVIDIA L40S, 41, 0 %, 0 %, 503 MiB, 46068 MiB
2026/06/25 16:45:00.555, NVIDIA L40S, 41, 0 %, 0 %, 503 MiB, 46068 MiB
2026/06/25 16:45:03.556, NVIDIA L40S, 41, 0 %, 0 %, 505 MiB, 46068 MiB
2026/06/25 16:45:06.556, NVIDIA L40S, 41, 0 %, 0 %, 505 MiB, 46068 MiB
2026/06/25 16:45:09.556, NVIDIA L40S, 41, 0 %, 0 %, 493 MiB, 46068 MiB
2026/06/25 16:45:12.557, NVIDIA L40S, 41, 0 %, 0 %, 493 MiB, 46068 MiB
2026/06/25 16:45:15.557, NVIDIA L40S, 41, 0 %, 0 %, 495 MiB, 46068 MiB
2026/06/25 16:45:18.558, NVIDIA L40S, 41, 0 %, 0 %, 495 MiB, 46068 MiB
2026/06/25 16:45:21.558, NVIDIA L40S, 41, 26 %, 1 %, 1569 MiB, 46068 MiB
2026/06/25 16:45:24.559, NVIDIA L40S, 41, 0 %, 0 %, 503 MiB, 46068 MiB
2026/06/25 16:45:27.559, NVIDIA L40S, 41, 0 %, 0 %, 505 MiB, 46068 MiB
2026/06/25 16:45:30.560, NVIDIA L40S, 41, 0 %, 0 %, 505 MiB, 46068 MiB
2026/06/25 16:45:33.560, NVIDIA L40S, 41, 0 %, 0 %, 591 MiB, 46068 MiB
2026/06/25 16:45:36.560, NVIDIA L40S, 41, 0 %, 0 %, 517 MiB, 46068 MiB
2026/06/25 16:45:39.561, NVIDIA L40S, 41, 0 %, 0 %, 517 MiB, 46068 MiB
2026/06/25 16:45:42.562, NVIDIA L40S, 41, 0 %, 0 %, 519 MiB, 46068 MiB
2026/06/25 16:45:45.562, NVIDIA L40S, 41, 3 %, 0 %, 5767 MiB, 46068 MiB
2026/06/25 16:45:48.562, NVIDIA L40S, 41, 0 %, 0 %, 437 MiB, 46068 MiB
2026/06/25 16:45:51.563, NVIDIA L40S, 41, 0 %, 0 %, 437 MiB, 46068 MiB
2026/06/25 16:45:54.563, NVIDIA L40S, 41, 0 %, 0 %, 439 MiB, 46068 MiB
2026/06/25 16:45:57.564, NVIDIA L40S, 41, 0 %, 0 %, 439 MiB, 46068 MiB
2026/06/25 16:46:00.564, NVIDIA L40S, 41, 52 %, 4 %, 3407 MiB, 46068 MiB
2026/06/25 16:46:03.565, NVIDIA L40S, 41, 0 %, 0 %, 473 MiB, 46068 MiB
2026/06/25 16:46:06.565, NVIDIA L40S, 41, 0 %, 0 %, 473 MiB, 46068 MiB
2026/06/25 16:46:09.566, NVIDIA L40S, 41, 0 %, 0 %, 475 MiB, 46068 MiB
2026/06/25 16:46:12.567, NVIDIA L40S, 41, 14 %, 0 %, 1243 MiB, 46068 MiB
2026/06/25 16:46:15.567, NVIDIA L40S, 41, 0 %, 0 %, 465 MiB, 46068 MiB
2026/06/25 16:46:18.567, NVIDIA L40S, 41, 0 %, 0 %, 465 MiB, 46068 MiB
2026/06/25 16:46:21.568, NVIDIA L40S, 41, 0 %, 0 %, 467 MiB, 46068 MiB
2026/06/25 16:46:24.568, NVIDIA L40S, 41, 0 %, 0 %, 467 MiB, 46068 MiB
2026/06/25 16:46:27.569, NVIDIA L40S, 41, 0 %, 0 %, 455 MiB, 46068 MiB
2026/06/25 16:46:30.569, NVIDIA L40S, 41, 0 %, 0 %, 455 MiB, 46068 MiB
2026/06/25 16:46:33.570, NVIDIA L40S, 41, 0 %, 0 %, 457 MiB, 46068 MiB
2026/06/25 16:46:36.570, NVIDIA L40S, 41, 0 %, 0 %, 457 MiB, 46068 MiB
2026/06/25 16:46:39.571, NVIDIA L40S, 40, 0 %, 0 %, 445 MiB, 46068 MiB
2026/06/25 16:46:42.571, NVIDIA L40S, 40, 0 %, 0 %, 445 MiB, 46068 MiB
2026/06/25 16:46:45.571, NVIDIA L40S, 40, 0 %, 0 %, 447 MiB, 46068 MiB
2026/06/25 16:46:48.572, NVIDIA L40S, 41, 0 %, 0 %, 447 MiB, 46068 MiB
2026/06/25 16:46:51.572, NVIDIA L40S, 41, 0 %, 0 %, 7733 MiB, 46068 MiB
2026/06/25 16:46:54.573, NVIDIA L40S, 41, 0 %, 0 %, 493 MiB, 46068 MiB
2026/06/25 16:46:57.573, NVIDIA L40S, 41, 0 %, 0 %, 495 MiB, 46068 MiB
2026/06/25 16:47:00.573, NVIDIA L40S, 41, 0 %, 0 %, 495 MiB, 46068 MiB
2026/06/25 16:47:03.574, NVIDIA L40S, 41, 100 %, 3 %, 14449 MiB, 46068 MiB
2026/06/25 16:47:06.574, NVIDIA L40S, 41, 0 %, 0 %, 5225 MiB, 46068 MiB
2026/06/25 16:47:09.575, NVIDIA L40S, 41, 0 %, 0 %, 449 MiB, 46068 MiB
2026/06/25 16:47:12.575, NVIDIA L40S, 41, 0 %, 0 %, 449 MiB, 46068 MiB
2026/06/25 16:47:15.576, NVIDIA L40S, 41, 0 %, 0 %, 451 MiB, 46068 MiB
2026/06/25 16:47:18.576, NVIDIA L40S, 41, 0 %, 0 %, 9923 MiB, 46068 MiB
2026/06/25 16:47:21.577, NVIDIA L40S, 41, 0 %, 0 %, 557 MiB, 46068 MiB
2026/06/25 16:47:24.577, NVIDIA L40S, 41, 0 %, 0 %, 557 MiB, 46068 MiB
2026/06/25 16:47:27.577, NVIDIA L40S, 41, 0 %, 0 %, 559 MiB, 46068 MiB
2026/06/25 16:47:30.578, NVIDIA L40S, 41, 0 %, 0 %, 1199 MiB, 46068 MiB
2026/06/25 16:47:33.578, NVIDIA L40S, 41, 0 %, 0 %, 463 MiB, 46068 MiB
2026/06/25 16:47:36.579, NVIDIA L40S, 41, 0 %, 0 %, 463 MiB, 46068 MiB
2026/06/25 16:47:39.579, NVIDIA L40S, 41, 0 %, 0 %, 465 MiB, 46068 MiB
2026/06/25 16:47:42.580, NVIDIA L40S, 41, 0 %, 0 %, 465 MiB, 46068 MiB
2026/06/25 16:47:45.580, NVIDIA L40S, 41, 0 %, 0 %, 453 MiB, 46068 MiB
2026/06/25 16:47:48.580, NVIDIA L40S, 41, 0 %, 0 %, 453 MiB, 46068 MiB
2026/06/25 16:47:51.581, NVIDIA L40S, 41, 0 %, 0 %, 455 MiB, 46068 MiB
2026/06/25 16:47:54.581, NVIDIA L40S, 41, 0 %, 0 %, 1607 MiB, 46068 MiB
2026/06/25 16:47:57.582, NVIDIA L40S, 41, 0 %, 0 %, 1599 MiB, 46068 MiB
2026/06/25 16:48:00.582, NVIDIA L40S, 41, 0 %, 0 %, 507 MiB, 46068 MiB
2026/06/25 16:48:03.582, NVIDIA L40S, 41, 0 %, 0 %, 509 MiB, 46068 MiB
2026/06/25 16:48:06.583, NVIDIA L40S, 41, 0 %, 0 %, 509 MiB, 46068 MiB
2026/06/25 16:48:09.583, NVIDIA L40S, 41, 0 %, 0 %, 465 MiB, 46068 MiB
2026/06/25 16:48:12.584, NVIDIA L40S, 41, 0 %, 0 %, 465 MiB, 46068 MiB
2026/06/25 16:48:15.584, NVIDIA L40S, 41, 0 %, 0 %, 467 MiB, 46068 MiB
2026/06/25 16:48:18.585, NVIDIA L40S, 41, 0 %, 0 %, 1235 MiB, 46068 MiB
2026/06/25 16:48:21.585, NVIDIA L40S, 41, 0 %, 0 %, 481 MiB, 46068 MiB
2026/06/25 16:48:24.585, NVIDIA L40S, 41, 0 %, 0 %, 481 MiB, 46068 MiB
2026/06/25 16:48:27.586, NVIDIA L40S, 41, 0 %, 0 %, 483 MiB, 46068 MiB
2026/06/25 16:48:30.586, NVIDIA L40S, 41, 0 %, 0 %, 6883 MiB, 46068 MiB
2026/06/25 16:48:33.587, NVIDIA L40S, 41, 0 %, 0 %, 447 MiB, 46068 MiB
2026/06/25 16:48:36.587, NVIDIA L40S, 41, 0 %, 0 %, 447 MiB, 46068 MiB
2026/06/25 16:48:39.587, NVIDIA L40S, 41, 0 %, 0 %, 447 MiB, 46068 MiB
2026/06/25 16:48:42.588, NVIDIA L40S, 40, 0 %, 0 %, 449 MiB, 46068 MiB
2026/06/25 16:48:45.588, NVIDIA L40S, 40, 0 %, 0 %, 449 MiB, 46068 MiB
2026/06/25 16:48:48.589, NVIDIA L40S, 41, 18 %, 2 %, 4367 MiB, 46068 MiB
2026/06/25 16:48:51.589, NVIDIA L40S, 41, 0 %, 0 %, 487 MiB, 46068 MiB
2026/06/25 16:48:54.590, NVIDIA L40S, 41, 0 %, 0 %, 487 MiB, 46068 MiB
2026/06/25 16:48:57.590, NVIDIA L40S, 41, 0 %, 0 %, 489 MiB, 46068 MiB
2026/06/25 16:49:00.591, NVIDIA L40S, 41, 100 %, 3 %, 11497 MiB, 46068 MiB
2026/06/25 16:49:03.591, NVIDIA L40S, 41, 0 %, 0 %, 521 MiB, 46068 MiB
2026/06/25 16:49:06.592, NVIDIA L40S, 41, 0 %, 0 %, 521 MiB, 46068 MiB
2026/06/25 16:49:09.592, NVIDIA L40S, 41, 0 %, 0 %, 523 MiB, 46068 MiB
2026/06/25 16:49:12.593, NVIDIA L40S, 41, 0 %, 0 %, 523 MiB, 46068 MiB
2026/06/25 16:49:15.593, NVIDIA L40S, 41, 33 %, 3 %, 2561 MiB, 46068 MiB
2026/06/25 16:49:18.594, NVIDIA L40S, 41, 0 %, 0 %, 539 MiB, 46068 MiB
2026/06/25 16:49:21.594, NVIDIA L40S, 41, 0 %, 0 %, 539 MiB, 46068 MiB
2026/06/25 16:49:24.595, NVIDIA L40S, 41, 0 %, 0 %, 541 MiB, 46068 MiB
2026/06/25 16:49:27.595, NVIDIA L40S, 41, 0 %, 0 %, 541 MiB, 46068 MiB
2026/06/25 16:49:30.595, NVIDIA L40S, 41, 0 %, 0 %, 529 MiB, 46068 MiB
2026/06/25 16:49:33.596, NVIDIA L40S, 41, 0 %, 0 %, 531 MiB, 46068 MiB
2026/06/25 16:49:36.596, NVIDIA L40S, 41, 0 %, 0 %, 531 MiB, 46068 MiB
2026/06/25 16:49:39.597, NVIDIA L40S, 41, 0 %, 0 %, 519 MiB, 46068 MiB
2026/06/25 16:49:42.597, NVIDIA L40S, 41, 0 %, 0 %, 519 MiB, 46068 MiB
2026/06/25 16:49:45.597, NVIDIA L40S, 40, 0 %, 0 %, 521 MiB, 46068 MiB
2026/06/25 16:49:48.598, NVIDIA L40S, 40, 0 %, 0 %, 521 MiB, 46068 MiB
2026/06/25 16:49:51.598, NVIDIA L40S, 41, 0 %, 0 %, 8859 MiB, 46068 MiB
2026/06/25 16:49:54.599, NVIDIA L40S, 40, 0 %, 0 %, 515 MiB, 46068 MiB
2026/06/25 16:49:57.599, NVIDIA L40S, 40, 0 %, 0 %, 515 MiB, 46068 MiB
2026/06/25 16:50:00.600, NVIDIA L40S, 41, 0 %, 0 %, 517 MiB, 46068 MiB
2026/06/25 16:50:03.600, NVIDIA L40S, 41, 0 %, 0 %, 8581 MiB, 46068 MiB
2026/06/25 16:50:06.600, NVIDIA L40S, 41, 0 %, 0 %, 435 MiB, 46068 MiB
2026/06/25 16:50:09.601, NVIDIA L40S, 41, 0 %, 0 %, 435 MiB, 46068 MiB
2026/06/25 16:50:12.601, NVIDIA L40S, 41, 0 %, 0 %, 437 MiB, 46068 MiB
2026/06/25 16:50:15.602, NVIDIA L40S, 41, 86 %, 2 %, 2229 MiB, 46068 MiB
2026/06/25 16:50:18.602, NVIDIA L40S, 41, 11 %, 1 %, 507 MiB, 46068 MiB
2026/06/25 16:50:21.602, NVIDIA L40S, 41, 0 %, 0 %, 505 MiB, 46068 MiB
2026/06/25 16:50:24.603, NVIDIA L40S, 41, 0 %, 0 %, 507 MiB, 46068 MiB
2026/06/25 16:50:27.603, NVIDIA L40S, 41, 0 %, 0 %, 507 MiB, 46068 MiB
2026/06/25 16:50:30.604, NVIDIA L40S, 41, 0 %, 0 %, 1557 MiB, 46068 MiB
2026/06/25 16:50:33.604, NVIDIA L40S, 41, 0 %, 0 %, 519 MiB, 46068 MiB
2026/06/25 16:50:36.604, NVIDIA L40S, 41, 0 %, 0 %, 521 MiB, 46068 MiB
2026/06/25 16:50:39.605, NVIDIA L40S, 41, 0 %, 0 %, 521 MiB, 46068 MiB
2026/06/25 16:50:42.605, NVIDIA L40S, 41, 0 %, 0 %, 509 MiB, 46068 MiB
2026/06/25 16:50:45.606, NVIDIA L40S, 41, 0 %, 0 %, 509 MiB, 46068 MiB
2026/06/25 16:50:48.606, NVIDIA L40S, 41, 0 %, 0 %, 511 MiB, 46068 MiB
2026/06/25 16:50:51.607, NVIDIA L40S, 41, 0 %, 0 %, 511 MiB, 46068 MiB
2026/06/25 16:50:54.607, NVIDIA L40S, 41, 0 %, 0 %, 499 MiB, 46068 MiB
2026/06/25 16:50:57.608, NVIDIA L40S, 41, 0 %, 0 %, 499 MiB, 46068 MiB
2026/06/25 16:51:00.608, NVIDIA L40S, 41, 0 %, 0 %, 501 MiB, 46068 MiB
2026/06/25 16:51:03.609, NVIDIA L40S, 41, 0 %, 0 %, 1141 MiB, 46068 MiB
2026/06/25 16:51:06.609, NVIDIA L40S, 41, 0 %, 0 %, 453 MiB, 46068 MiB
2026/06/25 16:51:09.610, NVIDIA L40S, 41, 0 %, 0 %, 453 MiB, 46068 MiB
2026/06/25 16:51:12.610, NVIDIA L40S, 41, 0 %, 0 %, 455 MiB, 46068 MiB
2026/06/25 16:51:15.611, NVIDIA L40S, 41, 0 %, 0 %, 455 MiB, 46068 MiB
2026/06/25 16:51:18.611, NVIDIA L40S, 41, 0 %, 0 %, 451 MiB, 46068 MiB
2026/06/25 16:51:21.612, NVIDIA L40S, 40, 0 %, 0 %, 449 MiB, 46068 MiB
2026/06/25 16:51:24.612, NVIDIA L40S, 40, 0 %, 0 %, 451 MiB, 46068 MiB
2026/06/25 16:51:27.613, NVIDIA L40S, 40, 0 %, 0 %, 451 MiB, 46068 MiB
2026/06/25 16:51:30.613, NVIDIA L40S, 40, 0 %, 0 %, 439 MiB, 46068 MiB
2026/06/25 16:51:33.614, NVIDIA L40S, 40, 0 %, 0 %, 439 MiB, 46068 MiB
2026/06/25 16:51:36.614, NVIDIA L40S, 40, 0 %, 0 %, 441 MiB, 46068 MiB
2026/06/25 16:51:39.615, NVIDIA L40S, 40, 0 %, 0 %, 569 MiB, 46068 MiB
2026/06/25 16:51:42.615, NVIDIA L40S, 40, 0 %, 0 %, 557 MiB, 46068 MiB
2026/06/25 16:51:45.616, NVIDIA L40S, 40, 0 %, 0 %, 557 MiB, 46068 MiB
2026/06/25 16:51:48.616, NVIDIA L40S, 40, 0 %, 0 %, 559 MiB, 46068 MiB
2026/06/25 16:51:51.617, NVIDIA L40S, 40, 0 %, 0 %, 6703 MiB, 46068 MiB
2026/06/25 16:51:54.617, NVIDIA L40S, 40, 0 %, 0 %, 513 MiB, 46068 MiB
2026/06/25 16:51:57.618, NVIDIA L40S, 40, 0 %, 0 %, 513 MiB, 46068 MiB
2026/06/25 16:52:00.618, NVIDIA L40S, 41, 0 %, 0 %, 515 MiB, 46068 MiB
2026/06/25 16:52:03.619, NVIDIA L40S, 41, 55 %, 1 %, 10627 MiB, 46068 MiB
2026/06/25 16:52:06.619, NVIDIA L40S, 41, 0 %, 0 %, 507 MiB, 46068 MiB
2026/06/25 16:52:09.620, NVIDIA L40S, 41, 0 %, 0 %, 507 MiB, 46068 MiB
2026/06/25 16:52:12.620, NVIDIA L40S, 41, 0 %, 0 %, 509 MiB, 46068 MiB
2026/06/25 16:52:15.621, NVIDIA L40S, 41, 0 %, 0 %, 509 MiB, 46068 MiB
2026/06/25 16:52:18.621, NVIDIA L40S, 41, 0 %, 0 %, 497 MiB, 46068 MiB
2026/06/25 16:52:21.622, NVIDIA L40S, 41, 0 %, 0 %, 497 MiB, 46068 MiB
2026/06/25 16:52:24.622, NVIDIA L40S, 41, 0 %, 0 %, 499 MiB, 46068 MiB
2026/06/25 16:52:27.623, NVIDIA L40S, 41, 1 %, 0 %, 499 MiB, 46068 MiB
2026/06/25 16:52:30.623, NVIDIA L40S, 41, 0 %, 0 %, 487 MiB, 46068 MiB
2026/06/25 16:52:33.624, NVIDIA L40S, 41, 0 %, 0 %, 487 MiB, 46068 MiB
2026/06/25 16:52:36.625, NVIDIA L40S, 41, 0 %, 0 %, 489 MiB, 46068 MiB
2026/06/25 16:52:39.625, NVIDIA L40S, 41, 0 %, 0 %, 477 MiB, 46068 MiB
2026/06/25 16:52:42.626, NVIDIA L40S, 41, 0 %, 0 %, 477 MiB, 46068 MiB
2026/06/25 16:52:45.626, NVIDIA L40S, 41, 0 %, 0 %, 479 MiB, 46068 MiB
2026/06/25 16:52:48.626, NVIDIA L40S, 41, 0 %, 0 %, 479 MiB, 46068 MiB
2026/06/25 16:52:51.627, NVIDIA L40S, 40, 0 %, 0 %, 7647 MiB, 46068 MiB
2026/06/25 16:52:54.627, NVIDIA L40S, 40, 0 %, 0 %, 561 MiB, 46068 MiB
2026/06/25 16:52:57.628, NVIDIA L40S, 40, 0 %, 0 %, 561 MiB, 46068 MiB
2026/06/25 16:53:00.628, NVIDIA L40S, 40, 0 %, 0 %, 563 MiB, 46068 MiB
2026/06/25 16:53:03.629, NVIDIA L40S, 40, 0 %, 0 %, 6067 MiB, 46068 MiB
2026/06/25 16:53:06.629, NVIDIA L40S, 40, 0 %, 0 %, 561 MiB, 46068 MiB
2026/06/25 16:53:09.630, NVIDIA L40S, 40, 0 %, 0 %, 561 MiB, 46068 MiB
2026/06/25 16:53:12.630, NVIDIA L40S, 40, 0 %, 0 %, 563 MiB, 46068 MiB
2026/06/25 16:53:15.631, NVIDIA L40S, 41, 0 %, 0 %, 4531 MiB, 46068 MiB
2026/06/25 16:53:18.631, NVIDIA L40S, 41, 0 %, 0 %, 489 MiB, 46068 MiB
2026/06/25 16:53:21.632, NVIDIA L40S, 41, 0 %, 0 %, 489 MiB, 46068 MiB
2026/06/25 16:53:24.632, NVIDIA L40S, 41, 0 %, 0 %, 491 MiB, 46068 MiB
2026/06/25 16:53:27.633, NVIDIA L40S, 41, 0 %, 0 %, 491 MiB, 46068 MiB
2026/06/25 16:53:30.634, NVIDIA L40S, 41, 0 %, 0 %, 479 MiB, 46068 MiB
2026/06/25 16:53:33.634, NVIDIA L40S, 41, 0 %, 0 %, 479 MiB, 46068 MiB
2026/06/25 16:53:36.635, NVIDIA L40S, 40, 0 %, 0 %, 479 MiB, 46068 MiB
2026/06/25 16:53:39.635, NVIDIA L40S, 40, 0 %, 0 %, 481 MiB, 46068 MiB
2026/06/25 16:53:42.636, NVIDIA L40S, 40, 0 %, 0 %, 481 MiB, 46068 MiB
2026/06/25 16:53:45.637, NVIDIA L40S, 40, 0 %, 0 %, 511 MiB, 46068 MiB
2026/06/25 16:53:48.637, NVIDIA L40S, 41, 0 %, 0 %, 511 MiB, 46068 MiB
2026/06/25 16:53:51.638, NVIDIA L40S, 41, 0 %, 0 %, 513 MiB, 46068 MiB
2026/06/25 16:53:54.638, NVIDIA L40S, 41, 0 %, 0 %, 3969 MiB, 46068 MiB
2026/06/25 16:53:57.639, NVIDIA L40S, 41, 0 %, 0 %, 4089 MiB, 46068 MiB
2026/06/25 16:54:00.639, NVIDIA L40S, 41, 0 %, 0 %, 443 MiB, 46068 MiB
2026/06/25 16:54:03.640, NVIDIA L40S, 40, 0 %, 0 %, 443 MiB, 46068 MiB
2026/06/25 16:54:06.640, NVIDIA L40S, 40, 0 %, 0 %, 445 MiB, 46068 MiB
2026/06/25 16:54:09.641, NVIDIA L40S, 41, 100 %, 3 %, 13501 MiB, 46068 MiB
2026/06/25 16:54:12.641, NVIDIA L40S, 40, 100 %, 0 %, 5179 MiB, 46068 MiB
2026/06/25 16:54:15.642, NVIDIA L40S, 40, 0 %, 0 %, 467 MiB, 46068 MiB
2026/06/25 16:54:18.643, NVIDIA L40S, 40, 0 %, 0 %, 469 MiB, 46068 MiB
2026/06/25 16:54:21.643, NVIDIA L40S, 40, 0 %, 0 %, 469 MiB, 46068 MiB
2026/06/25 16:54:24.644, NVIDIA L40S, 40, 0 %, 0 %, 10133 MiB, 46068 MiB
2026/06/25 16:54:27.644, NVIDIA L40S, 40, 0 %, 0 %, 541 MiB, 46068 MiB
2026/06/25 16:54:30.645, NVIDIA L40S, 40, 0 %, 0 %, 543 MiB, 46068 MiB
2026/06/25 16:54:33.645, NVIDIA L40S, 40, 0 %, 0 %, 543 MiB, 46068 MiB
2026/06/25 16:54:36.645, NVIDIA L40S, 41, 0 %, 0 %, 531 MiB, 46068 MiB
2026/06/25 16:54:39.646, NVIDIA L40S, 41, 0 %, 0 %, 531 MiB, 46068 MiB
2026/06/25 16:54:42.646, NVIDIA L40S, 41, 0 %, 0 %, 533 MiB, 46068 MiB
2026/06/25 16:54:45.647, NVIDIA L40S, 41, 0 %, 0 %, 9237 MiB, 46068 MiB
2026/06/25 16:54:48.647, NVIDIA L40S, 41, 0 %, 0 %, 499 MiB, 46068 MiB
2026/06/25 16:54:51.647, NVIDIA L40S, 41, 0 %, 0 %, 501 MiB, 46068 MiB
2026/06/25 16:54:54.648, NVIDIA L40S, 41, 0 %, 0 %, 501 MiB, 46068 MiB
2026/06/25 16:54:57.648, NVIDIA L40S, 41, 0 %, 0 %, 461 MiB, 46068 MiB
2026/06/25 16:55:00.649, NVIDIA L40S, 41, 0 %, 0 %, 461 MiB, 46068 MiB
2026/06/25 16:55:03.649, NVIDIA L40S, 41, 0 %, 0 %, 463 MiB, 46068 MiB
2026/06/25 16:55:06.650, NVIDIA L40S, 41, 48 %, 1 %, 6351 MiB, 46068 MiB
2026/06/25 16:55:09.650, NVIDIA L40S, 41, 0 %, 0 %, 529 MiB, 46068 MiB
2026/06/25 16:55:12.650, NVIDIA L40S, 41, 0 %, 0 %, 531 MiB, 46068 MiB
2026/06/25 16:55:15.651, NVIDIA L40S, 41, 0 %, 0 %, 531 MiB, 46068 MiB
2026/06/25 16:55:18.651, NVIDIA L40S, 41, 0 %, 0 %, 3757 MiB, 46068 MiB
2026/06/25 16:55:21.652, NVIDIA L40S, 41, 0 %, 0 %, 557 MiB, 46068 MiB
2026/06/25 16:55:24.652, NVIDIA L40S, 41, 0 %, 0 %, 559 MiB, 46068 MiB
2026/06/25 16:55:27.652, NVIDIA L40S, 41, 40 %, 1 %, 1967 MiB, 46068 MiB
2026/06/25 16:55:30.653, NVIDIA L40S, 41, 0 %, 0 %, 6567 MiB, 46068 MiB
2026/06/25 16:55:33.653, NVIDIA L40S, 41, 0 %, 0 %, 465 MiB, 46068 MiB
2026/06/25 16:55:36.653, NVIDIA L40S, 41, 34 %, 0 %, 701 MiB, 46068 MiB
2026/06/25 16:55:39.654, NVIDIA L40S, 41, 0 %, 0 %, 447 MiB, 46068 MiB
2026/06/25 16:55:42.654, NVIDIA L40S, 41, 0 %, 0 %, 655 MiB, 46068 MiB
2026/06/25 16:55:45.655, NVIDIA L40S, 41, 0 %, 0 %, 863 MiB, 46068 MiB
2026/06/25 16:55:48.655, NVIDIA L40S, 41, 0 %, 0 %, 535 MiB, 46068 MiB
2026/06/25 16:55:51.656, NVIDIA L40S, 41, 0 %, 0 %, 1177 MiB, 46068 MiB
2026/06/25 16:55:54.656, NVIDIA L40S, 41, 0 %, 0 %, 555 MiB, 46068 MiB
2026/06/25 16:55:57.657, NVIDIA L40S, 41, 20 %, 1 %, 837 MiB, 46068 MiB
2026/06/25 16:56:00.657, NVIDIA L40S, 41, 0 %, 0 %, 581 MiB, 46068 MiB
2026/06/25 16:56:03.658, NVIDIA L40S, 41, 0 %, 0 %, 459 MiB, 46068 MiB
2026/06/25 16:56:06.658, NVIDIA L40S, 41, 0 %, 0 %, 631 MiB, 46068 MiB
2026/06/25 16:56:09.659, NVIDIA L40S, 41, 0 %, 0 %, 619 MiB, 46068 MiB
2026/06/25 16:56:12.659, NVIDIA L40S, 41, 0 %, 0 %, 437 MiB, 46068 MiB
2026/06/25 16:56:15.659, NVIDIA L40S, 41, 0 %, 0 %, 583 MiB, 46068 MiB
2026/06/25 16:56:18.660, NVIDIA L40S, 41, 0 %, 0 %, 551 MiB, 46068 MiB
2026/06/25 16:56:21.660, NVIDIA L40S, 41, 0 %, 0 %, 507 MiB, 46068 MiB
2026/06/25 16:56:24.660, NVIDIA L40S, 41, 0 %, 0 %, 1917 MiB, 46068 MiB
2026/06/25 16:56:27.661, NVIDIA L40S, 41, 0 %, 0 %, 451 MiB, 46068 MiB
2026/06/25 16:56:30.661, NVIDIA L40S, 41, 0 %, 0 %, 713 MiB, 46068 MiB
2026/06/25 16:56:33.662, NVIDIA L40S, 41, 0 %, 0 %, 561 MiB, 46068 MiB
2026/06/25 16:56:36.662, NVIDIA L40S, 41, 0 %, 0 %, 1159 MiB, 46068 MiB
2026/06/25 16:56:39.662, NVIDIA L40S, 41, 0 %, 0 %, 567 MiB, 46068 MiB
2026/06/25 16:56:42.663, NVIDIA L40S, 41, 0 %, 0 %, 521 MiB, 46068 MiB
2026/06/25 16:56:45.663, NVIDIA L40S, 41, 6 %, 0 %, 607 MiB, 46068 MiB
2026/06/25 16:56:48.663, NVIDIA L40S, 41, 0 %, 0 %, 601 MiB, 46068 MiB
2026/06/25 16:56:51.664, NVIDIA L40S, 41, 0 %, 0 %, 455 MiB, 46068 MiB
2026/06/25 16:56:54.664, NVIDIA L40S, 41, 0 %, 0 %, 455 MiB, 46068 MiB
2026/06/25 16:56:57.664, NVIDIA L40S, 41, 0 %, 0 %, 455 MiB, 46068 MiB
2026/06/25 16:57:00.665, NVIDIA L40S, 41, 0 %, 0 %, 455 MiB, 46068 MiB
2026/06/25 16:57:03.665, NVIDIA L40S, 41, 0 %, 0 %, 455 MiB, 46068 MiB
2026/06/25 16:57:06.666, NVIDIA L40S, 41, 0 %, 0 %, 455 MiB, 46068 MiB
2026/06/25 16:57:09.666, NVIDIA L40S, 41, 0 %, 0 %, 455 MiB, 46068 MiB
2026/06/25 16:57:12.667, NVIDIA L40S, 41, 0 %, 0 %, 455 MiB, 46068 MiB
2026/06/25 16:57:15.667, NVIDIA L40S, 41, 0 %, 0 %, 455 MiB, 46068 MiB
2026/06/25 16:57:18.667, NVIDIA L40S, 41, 0 %, 0 %, 455 MiB, 46068 MiB
2026/06/25 16:57:21.668, NVIDIA L40S, 41, 0 %, 0 %, 455 MiB, 46068 MiB
2026/06/25 16:57:24.668, NVIDIA L40S, 41, 0 %, 0 %, 455 MiB, 46068 MiB
2026/06/25 16:57:27.668, NVIDIA L40S, 41, 0 %, 0 %, 455 MiB, 46068 MiB
2026/06/25 16:57:30.669, NVIDIA L40S, 41, 0 %, 0 %, 455 MiB, 46068 MiB
2026/06/25 16:57:33.669, NVIDIA L40S, 41, 0 %, 0 %, 455 MiB, 46068 MiB
2026/06/25 16:57:36.670, NVIDIA L40S, 41, 0 %, 0 %, 455 MiB, 46068 MiB
2026/06/25 16:57:39.671, NVIDIA L40S, 41, 0 %, 0 %, 455 MiB, 46068 MiB
2026/06/25 16:57:42.671, NVIDIA L40S, 40, 0 %, 0 %, 455 MiB, 46068 MiB
2026/06/25 16:57:45.671, NVIDIA L40S, 40, 0 %, 0 %, 455 MiB, 46068 MiB
2026/06/25 16:57:48.672, NVIDIA L40S, 40, 0 %, 0 %, 455 MiB, 46068 MiB
2026/06/25 16:57:51.672, NVIDIA L40S, 40, 0 %, 0 %, 455 MiB, 46068 MiB
2026/06/25 16:57:54.673, NVIDIA L40S, 40, 0 %, 0 %, 455 MiB, 46068 MiB
2026/06/25 16:57:57.674, NVIDIA L40S, 40, 0 %, 0 %, 455 MiB, 46068 MiB
2026/06/25 16:58:00.674, NVIDIA L40S, 40, 0 %, 0 %, 455 MiB, 46068 MiB
2026/06/25 16:58:03.674, NVIDIA L40S, 40, 0 %, 0 %, 455 MiB, 46068 MiB
2026/06/25 16:58:06.675, NVIDIA L40S, 40, 0 %, 0 %, 455 MiB, 46068 MiB
2026/06/25 16:58:09.675, NVIDIA L40S, 40, 0 %, 0 %, 455 MiB, 46068 MiB
2026/06/25 16:58:12.676, NVIDIA L40S, 40, 0 %, 0 %, 455 MiB, 46068 MiB
2026/06/25 16:58:15.676, NVIDIA L40S, 40, 0 %, 0 %, 455 MiB, 46068 MiB
2026/06/25 16:58:18.676, NVIDIA L40S, 40, 0 %, 0 %, 455 MiB, 46068 MiB
2026/06/25 16:58:21.677, NVIDIA L40S, 40, 0 %, 0 %, 455 MiB, 46068 MiB
2026/06/25 16:58:24.677, NVIDIA L40S, 40, 0 %, 0 %, 455 MiB, 46068 MiB
2026/06/25 16:58:27.678, NVIDIA L40S, 40, 0 %, 0 %, 455 MiB, 46068 MiB
2026/06/25 16:58:30.678, NVIDIA L40S, 40, 0 %, 0 %, 455 MiB, 46068 MiB
2026/06/25 16:58:33.679, NVIDIA L40S, 41, 0 %, 0 %, 455 MiB, 46068 MiB
2026/06/25 16:58:36.679, NVIDIA L40S, 41, 0 %, 0 %, 455 MiB, 46068 MiB
2026/06/25 16:58:39.679, NVIDIA L40S, 41, 0 %, 0 %, 455 MiB, 46068 MiB
2026/06/25 16:58:42.680, NVIDIA L40S, 41, 0 %, 0 %, 455 MiB, 46068 MiB
2026/06/25 16:58:45.680, NVIDIA L40S, 41, 0 %, 0 %, 455 MiB, 46068 MiB
2026/06/25 16:58:48.681, NVIDIA L40S, 41, 0 %, 0 %, 453 MiB, 46068 MiB
2026/06/25 16:58:51.681, NVIDIA L40S, 41, 0 %, 0 %, 21 MiB, 46068 MiB
2026/06/25 16:58:54.681, NVIDIA L40S, 37, 0 %, 0 %, 21 MiB, 46068 MiB
2026/06/25 16:58:57.682, NVIDIA L40S, 37, 0 %, 0 %, 21 MiB, 46068 MiB
2026/06/25 16:59:00.682, NVIDIA L40S, 36, 0 %, 0 %, 0 MiB, 46068 MiB
2026/06/25 16:59:03.683, NVIDIA L40S, 36, 0 %, 0 %, 0 MiB, 46068 MiB
2026/06/25 16:59:06.683, NVIDIA L40S, 35, 0 %, 0 %, 0 MiB, 46068 MiB
2026/06/25 16:59:09.683, NVIDIA L40S, 35, 0 %, 0 %, 0 MiB, 46068 MiB
2026/06/25 16:59:12.684, NVIDIA L40S, 34, 0 %, 0 %, 0 MiB, 46068 MiB
2026/06/25 16:59:15.684, NVIDIA L40S, 34, 0 %, 0 %, 0 MiB, 46068 MiB
2026/06/25 16:59:18.685, NVIDIA L40S, 34, 0 %, 0 %, 0 MiB, 46068 MiB
2026/06/25 16:59:21.685, NVIDIA L40S, 33, 0 %, 0 %, 0 MiB, 46068 MiB
2026/06/25 16:59:24.686, NVIDIA L40S, 33, 0 %, 0 %, 0 MiB, 46068 MiB
2026/06/25 16:59:27.686, NVIDIA L40S, 33, 0 %, 0 %, 0 MiB, 46068 MiB
2026/06/25 16:59:30.687, NVIDIA L40S, 33, 0 %, 0 %, 0 MiB, 46068 MiB
2026/06/25 16:59:33.687, NVIDIA L40S, 32, 0 %, 0 %, 0 MiB, 46068 MiB
2026/06/25 16:59:36.688, NVIDIA L40S, 32, 0 %, 0 %, 0 MiB, 46068 MiB
2026/06/25 16:59:39.688, NVIDIA L40S, 32, 0 %, 0 %, 0 MiB, 46068 MiB
2026/06/25 16:59:42.688, NVIDIA L40S, 32, 0 %, 0 %, 0 MiB, 46068 MiB
2026/06/25 16:59:45.689, NVIDIA L40S, 32, 0 %, 0 %, 0 MiB, 46068 MiB
2026/06/25 16:59:48.689, NVIDIA L40S, 31, 0 %, 0 %, 0 MiB, 46068 MiB
2026/06/25 16:59:51.689, NVIDIA L40S, 31, 0 %, 0 %, 0 MiB, 46068 MiB
2026/06/25 16:59:54.690, NVIDIA L40S, 31, 0 %, 0 %, 0 MiB, 46068 MiB
2026/06/25 16:59:57.690, NVIDIA L40S, 31, 0 %, 0 %, 0 MiB, 46068 MiB
2026/06/25 17:00:00.691, NVIDIA L40S, 31, 0 %, 0 %, 0 MiB, 46068 MiB
2026/06/25 17:00:03.691, NVIDIA L40S, 31, 0 %, 0 %, 0 MiB, 46068 MiB
2026/06/25 17:00:06.691, NVIDIA L40S, 31, 0 %, 0 %, 0 MiB, 46068 MiB
2026/06/25 17:00:09.692, NVIDIA L40S, 30, 0 %, 0 %, 0 MiB, 46068 MiB
2026/06/25 17:00:12.692, NVIDIA L40S, 30, 0 %, 0 %, 0 MiB, 46068 MiB
2026/06/25 17:00:15.693, NVIDIA L40S, 30, 0 %, 0 %, 0 MiB, 46068 MiB
2026/06/25 17:00:18.693, NVIDIA L40S, 30, 0 %, 0 %, 0 MiB, 46068 MiB
2026/06/25 17:00:21.693, NVIDIA L40S, 30, 0 %, 0 %, 0 MiB, 46068 MiB
2026/06/25 17:00:24.694, NVIDIA L40S, 30, 0 %, 0 %, 0 MiB, 46068 MiB
2026/06/25 17:00:27.694, NVIDIA L40S, 30, 0 %, 0 %, 0 MiB, 46068 MiB
2026/06/25 17:00:30.695, NVIDIA L40S, 30, 0 %, 0 %, 0 MiB, 46068 MiB
2026/06/25 17:00:33.695, NVIDIA L40S, 30, 0 %, 0 %, 0 MiB, 46068 MiB
2026/06/25 17:00:36.695, NVIDIA L40S, 30, 0 %, 0 %, 0 MiB, 46068 MiB
2026/06/25 17:00:39.696, NVIDIA L40S, 30, 0 %, 0 %, 0 MiB, 46068 MiB
2026/06/25 17:00:42.696, NVIDIA L40S, 29, 0 %, 0 %, 0 MiB, 46068 MiB
2026/06/25 17:00:45.697, NVIDIA L40S, 29, 0 %, 0 %, 0 MiB, 46068 MiB
2026/06/25 17:00:48.697, NVIDIA L40S, 29, 0 %, 0 %, 0 MiB, 46068 MiB
2026/06/25 17:00:51.698, NVIDIA L40S, 29, 0 %, 0 %, 0 MiB, 46068 MiB
2026/06/25 17:00:54.698, NVIDIA L40S, 29, 0 %, 0 %, 0 MiB, 46068 MiB
2026/06/25 17:00:57.699, NVIDIA L40S, 29, 0 %, 0 %, 0 MiB, 46068 MiB
2026/06/25 17:01:00.700, NVIDIA L40S, 32, 0 %, 0 %, 435 MiB, 46068 MiB
2026/06/25 17:01:03.700, NVIDIA L40S, 33, 0 %, 0 %, 435 MiB, 46068 MiB
2026/06/25 17:01:06.700, NVIDIA L40S, 33, 0 %, 0 %, 435 MiB, 46068 MiB
2026/06/25 17:01:09.701, NVIDIA L40S, 34, 0 %, 0 %, 435 MiB, 46068 MiB
2026/06/25 17:01:12.701, NVIDIA L40S, 34, 0 %, 0 %, 435 MiB, 46068 MiB
2026/06/25 17:01:15.702, NVIDIA L40S, 34, 0 %, 0 %, 437 MiB, 46068 MiB
2026/06/25 17:01:18.702, NVIDIA L40S, 35, 0 %, 0 %, 437 MiB, 46068 MiB
2026/06/25 17:01:21.703, NVIDIA L40S, 35, 0 %, 0 %, 489 MiB, 46068 MiB
2026/06/25 17:01:24.703, NVIDIA L40S, 35, 0 %, 0 %, 489 MiB, 46068 MiB
2026/06/25 17:01:27.703, NVIDIA L40S, 36, 0 %, 0 %, 489 MiB, 46068 MiB
2026/06/25 17:01:30.704, NVIDIA L40S, 36, 0 %, 0 %, 491 MiB, 46068 MiB
2026/06/25 17:01:33.704, NVIDIA L40S, 36, 17 %, 0 %, 11627 MiB, 46068 MiB
2026/06/25 17:01:36.705, NVIDIA L40S, 36, 0 %, 0 %, 453 MiB, 46068 MiB
2026/06/25 17:01:39.705, NVIDIA L40S, 37, 0 %, 0 %, 453 MiB, 46068 MiB
2026/06/25 17:01:42.705, NVIDIA L40S, 37, 0 %, 0 %, 455 MiB, 46068 MiB
2026/06/25 17:01:45.706, NVIDIA L40S, 37, 3 %, 0 %, 1863 MiB, 46068 MiB
2026/06/25 17:01:48.706, NVIDIA L40S, 37, 0 %, 0 %, 541 MiB, 46068 MiB
2026/06/25 17:01:51.707, NVIDIA L40S, 37, 0 %, 0 %, 541 MiB, 46068 MiB
2026/06/25 17:01:54.707, NVIDIA L40S, 38, 0 %, 0 %, 543 MiB, 46068 MiB
2026/06/25 17:01:57.708, NVIDIA L40S, 38, 0 %, 0 %, 543 MiB, 46068 MiB
2026/06/25 17:02:00.708, NVIDIA L40S, 38, 0 %, 0 %, 531 MiB, 46068 MiB
2026/06/25 17:02:03.708, NVIDIA L40S, 38, 0 %, 0 %, 531 MiB, 46068 MiB
2026/06/25 17:02:06.709, NVIDIA L40S, 38, 0 %, 0 %, 531 MiB, 46068 MiB
2026/06/25 17:02:09.709, NVIDIA L40S, 38, 0 %, 0 %, 531 MiB, 46068 MiB
2026/06/25 17:02:12.710, NVIDIA L40S, 38, 0 %, 0 %, 531 MiB, 46068 MiB
2026/06/25 17:02:15.710, NVIDIA L40S, 38, 0 %, 0 %, 533 MiB, 46068 MiB
2026/06/25 17:02:18.711, NVIDIA L40S, 38, 0 %, 0 %, 533 MiB, 46068 MiB
2026/06/25 17:02:21.711, NVIDIA L40S, 38, 0 %, 0 %, 533 MiB, 46068 MiB
2026/06/25 17:02:24.711, NVIDIA L40S, 38, 0 %, 0 %, 521 MiB, 46068 MiB
2026/06/25 17:02:27.712, NVIDIA L40S, 39, 0 %, 0 %, 523 MiB, 46068 MiB
2026/06/25 17:02:30.712, NVIDIA L40S, 39, 0 %, 0 %, 523 MiB, 46068 MiB
2026/06/25 17:02:33.713, NVIDIA L40S, 39, 0 %, 0 %, 6579 MiB, 46068 MiB
2026/06/25 17:02:36.713, NVIDIA L40S, 39, 0 %, 0 %, 443 MiB, 46068 MiB
2026/06/25 17:02:39.713, NVIDIA L40S, 39, 0 %, 0 %, 443 MiB, 46068 MiB
2026/06/25 17:02:42.714, NVIDIA L40S, 39, 0 %, 0 %, 445 MiB, 46068 MiB
2026/06/25 17:02:45.714, NVIDIA L40S, 39, 0 %, 0 %, 445 MiB, 46068 MiB
2026/06/25 17:02:48.715, NVIDIA L40S, 39, 0 %, 0 %, 561 MiB, 46068 MiB
2026/06/25 17:02:51.715, NVIDIA L40S, 40, 0 %, 0 %, 563 MiB, 46068 MiB
2026/06/25 17:02:54.715, NVIDIA L40S, 40, 0 %, 0 %, 563 MiB, 46068 MiB
2026/06/25 17:02:57.716, NVIDIA L40S, 40, 0 %, 0 %, 563 MiB, 46068 MiB
2026/06/25 17:03:00.717, NVIDIA L40S, 40, 0 %, 0 %, 551 MiB, 46068 MiB
2026/06/25 17:03:03.717, NVIDIA L40S, 40, 0 %, 0 %, 551 MiB, 46068 MiB
2026/06/25 17:03:06.718, NVIDIA L40S, 40, 0 %, 0 %, 553 MiB, 46068 MiB
2026/06/25 17:03:09.718, NVIDIA L40S, 40, 0 %, 0 %, 553 MiB, 46068 MiB
2026/06/25 17:03:12.719, NVIDIA L40S, 40, 0 %, 0 %, 541 MiB, 46068 MiB
2026/06/25 17:03:15.719, NVIDIA L40S, 40, 0 %, 0 %, 541 MiB, 46068 MiB
2026/06/25 17:03:18.719, NVIDIA L40S, 40, 0 %, 0 %, 543 MiB, 46068 MiB
2026/06/25 17:03:21.720, NVIDIA L40S, 40, 0 %, 0 %, 543 MiB, 46068 MiB
2026/06/25 17:03:24.720, NVIDIA L40S, 40, 0 %, 0 %, 533 MiB, 46068 MiB
2026/06/25 17:03:27.721, NVIDIA L40S, 40, 0 %, 0 %, 533 MiB, 46068 MiB
2026/06/25 17:03:30.721, NVIDIA L40S, 40, 0 %, 0 %, 535 MiB, 46068 MiB
2026/06/25 17:03:33.722, NVIDIA L40S, 40, 0 %, 0 %, 535 MiB, 46068 MiB
2026/06/25 17:03:36.722, NVIDIA L40S, 40, 21 %, 2 %, 525 MiB, 46068 MiB
2026/06/25 17:03:39.723, NVIDIA L40S, 40, 0 %, 0 %, 443 MiB, 46068 MiB
2026/06/25 17:03:42.723, NVIDIA L40S, 40, 0 %, 0 %, 445 MiB, 46068 MiB
2026/06/25 17:03:45.724, NVIDIA L40S, 40, 0 %, 0 %, 445 MiB, 46068 MiB
2026/06/25 17:03:48.724, NVIDIA L40S, 40, 0 %, 0 %, 561 MiB, 46068 MiB
2026/06/25 17:03:51.725, NVIDIA L40S, 40, 0 %, 0 %, 561 MiB, 46068 MiB
2026/06/25 17:03:54.725, NVIDIA L40S, 40, 0 %, 0 %, 563 MiB, 46068 MiB
2026/06/25 17:03:57.726, NVIDIA L40S, 40, 0 %, 0 %, 563 MiB, 46068 MiB
2026/06/25 17:04:00.726, NVIDIA L40S, 40, 0 %, 0 %, 551 MiB, 46068 MiB
2026/06/25 17:04:03.726, NVIDIA L40S, 40, 0 %, 0 %, 551 MiB, 46068 MiB
2026/06/25 17:04:06.727, NVIDIA L40S, 40, 0 %, 0 %, 553 MiB, 46068 MiB
2026/06/25 17:04:09.727, NVIDIA L40S, 40, 0 %, 0 %, 553 MiB, 46068 MiB
2026/06/25 17:04:12.728, NVIDIA L40S, 40, 0 %, 0 %, 14437 MiB, 46068 MiB
2026/06/25 17:04:15.728, NVIDIA L40S, 40, 0 %, 0 %, 5029 MiB, 46068 MiB
2026/06/25 17:04:18.728, NVIDIA L40S, 40, 100 %, 0 %, 6567 MiB, 46068 MiB
2026/06/25 17:04:21.729, NVIDIA L40S, 40, 0 %, 0 %, 485 MiB, 46068 MiB
2026/06/25 17:04:24.729, NVIDIA L40S, 40, 0 %, 0 %, 485 MiB, 46068 MiB
2026/06/25 17:04:27.730, NVIDIA L40S, 40, 0 %, 0 %, 487 MiB, 46068 MiB
2026/06/25 17:04:30.730, NVIDIA L40S, 40, 100 %, 1 %, 4327 MiB, 46068 MiB
2026/06/25 17:04:33.730, NVIDIA L40S, 40, 0 %, 0 %, 4323 MiB, 46068 MiB
2026/06/25 17:04:36.731, NVIDIA L40S, 40, 0 %, 0 %, 489 MiB, 46068 MiB
2026/06/25 17:04:39.731, NVIDIA L40S, 40, 0 %, 0 %, 491 MiB, 46068 MiB
2026/06/25 17:04:42.732, NVIDIA L40S, 40, 0 %, 0 %, 491 MiB, 46068 MiB
2026/06/25 17:04:45.732, NVIDIA L40S, 40, 0 %, 0 %, 11115 MiB, 46068 MiB
2026/06/25 17:04:48.733, NVIDIA L40S, 40, 0 %, 0 %, 435 MiB, 46068 MiB
2026/06/25 17:04:51.733, NVIDIA L40S, 40, 0 %, 0 %, 435 MiB, 46068 MiB
2026/06/25 17:04:54.734, NVIDIA L40S, 40, 0 %, 0 %, 435 MiB, 46068 MiB
2026/06/25 17:04:57.734, NVIDIA L40S, 40, 0 %, 0 %, 437 MiB, 46068 MiB
2026/06/25 17:05:00.734, NVIDIA L40S, 40, 0 %, 0 %, 437 MiB, 46068 MiB
2026/06/25 17:05:03.735, NVIDIA L40S, 40, 0 %, 0 %, 11317 MiB, 46068 MiB
2026/06/25 17:05:06.735, NVIDIA L40S, 40, 0 %, 0 %, 537 MiB, 46068 MiB
2026/06/25 17:05:09.736, NVIDIA L40S, 40, 0 %, 0 %, 537 MiB, 46068 MiB
2026/06/25 17:05:12.736, NVIDIA L40S, 40, 0 %, 0 %, 539 MiB, 46068 MiB
2026/06/25 17:05:15.737, NVIDIA L40S, 40, 0 %, 0 %, 6683 MiB, 46068 MiB
2026/06/25 17:05:18.737, NVIDIA L40S, 40, 0 %, 0 %, 493 MiB, 46068 MiB
2026/06/25 17:05:21.737, NVIDIA L40S, 40, 0 %, 0 %, 493 MiB, 46068 MiB
2026/06/25 17:05:24.738, NVIDIA L40S, 40, 0 %, 0 %, 495 MiB, 46068 MiB
2026/06/25 17:05:27.738, NVIDIA L40S, 40, 0 %, 0 %, 495 MiB, 46068 MiB
2026/06/25 17:05:30.739, NVIDIA L40S, 40, 0 %, 0 %, 483 MiB, 46068 MiB
2026/06/25 17:05:33.739, NVIDIA L40S, 40, 0 %, 0 %, 483 MiB, 46068 MiB
2026/06/25 17:05:36.740, NVIDIA L40S, 40, 0 %, 0 %, 485 MiB, 46068 MiB
2026/06/25 17:05:39.740, NVIDIA L40S, 40, 0 %, 0 %, 485 MiB, 46068 MiB
2026/06/25 17:05:42.740, NVIDIA L40S, 40, 0 %, 0 %, 465 MiB, 46068 MiB
2026/06/25 17:05:45.741, NVIDIA L40S, 40, 0 %, 0 %, 463 MiB, 46068 MiB
2026/06/25 17:05:48.741, NVIDIA L40S, 40, 0 %, 0 %, 465 MiB, 46068 MiB
2026/06/25 17:05:51.742, NVIDIA L40S, 40, 0 %, 0 %, 465 MiB, 46068 MiB
2026/06/25 17:05:54.743, NVIDIA L40S, 41, 70 %, 6 %, 2257 MiB, 46068 MiB
2026/06/25 17:05:57.743, NVIDIA L40S, 40, 0 %, 0 %, 501 MiB, 46068 MiB
2026/06/25 17:06:00.743, NVIDIA L40S, 40, 0 %, 0 %, 503 MiB, 46068 MiB
2026/06/25 17:06:03.744, NVIDIA L40S, 40, 0 %, 0 %, 503 MiB, 46068 MiB
2026/06/25 17:06:06.744, NVIDIA L40S, 40, 0 %, 0 %, 9975 MiB, 46068 MiB
2026/06/25 17:06:09.770, NVIDIA L40S, 40, 0 %, 0 %, 497 MiB, 46068 MiB
2026/06/25 17:06:12.770, NVIDIA L40S, 40, 0 %, 0 %, 497 MiB, 46068 MiB
2026/06/25 17:06:15.771, NVIDIA L40S, 40, 0 %, 0 %, 497 MiB, 46068 MiB
2026/06/25 17:06:18.771, NVIDIA L40S, 40, 0 %, 0 %, 499 MiB, 46068 MiB
2026/06/25 17:06:21.771, NVIDIA L40S, 40, 0 %, 0 %, 499 MiB, 46068 MiB
2026/06/25 17:06:24.772, NVIDIA L40S, 40, 0 %, 0 %, 6003 MiB, 46068 MiB
2026/06/25 17:06:27.772, NVIDIA L40S, 40, 0 %, 0 %, 503 MiB, 46068 MiB
2026/06/25 17:06:30.773, NVIDIA L40S, 40, 0 %, 0 %, 505 MiB, 46068 MiB
2026/06/25 17:06:33.774, NVIDIA L40S, 40, 0 %, 0 %, 505 MiB, 46068 MiB
2026/06/25 17:06:36.775, NVIDIA L40S, 40, 0 %, 0 %, 6649 MiB, 46068 MiB
2026/06/25 17:06:39.776, NVIDIA L40S, 40, 0 %, 0 %, 455 MiB, 46068 MiB
2026/06/25 17:06:42.776, NVIDIA L40S, 40, 0 %, 0 %, 455 MiB, 46068 MiB
2026/06/25 17:06:45.777, NVIDIA L40S, 40, 0 %, 0 %, 457 MiB, 46068 MiB
2026/06/25 17:06:48.777, NVIDIA L40S, 40, 0 %, 0 %, 457 MiB, 46068 MiB
2026/06/25 17:06:51.778, NVIDIA L40S, 40, 0 %, 0 %, 445 MiB, 46068 MiB
2026/06/25 17:06:54.778, NVIDIA L40S, 41, 0 %, 0 %, 445 MiB, 46068 MiB
2026/06/25 17:06:57.778, NVIDIA L40S, 41, 0 %, 0 %, 447 MiB, 46068 MiB
2026/06/25 17:07:00.779, NVIDIA L40S, 41, 25 %, 0 %, 4799 MiB, 46068 MiB
2026/06/25 17:07:03.780, NVIDIA L40S, 41, 0 %, 0 %, 475 MiB, 46068 MiB
2026/06/25 17:07:06.780, NVIDIA L40S, 41, 0 %, 0 %, 475 MiB, 46068 MiB
2026/06/25 17:07:09.780, NVIDIA L40S, 41, 0 %, 0 %, 477 MiB, 46068 MiB
2026/06/25 17:07:12.781, NVIDIA L40S, 41, 0 %, 0 %, 2013 MiB, 46068 MiB
2026/06/25 17:07:15.781, NVIDIA L40S, 41, 10 %, 1 %, 515 MiB, 46068 MiB
2026/06/25 17:07:18.782, NVIDIA L40S, 41, 0 %, 0 %, 513 MiB, 46068 MiB
2026/06/25 17:07:21.782, NVIDIA L40S, 41, 0 %, 0 %, 513 MiB, 46068 MiB
2026/06/25 17:07:24.782, NVIDIA L40S, 40, 0 %, 0 %, 513 MiB, 46068 MiB
2026/06/25 17:07:27.783, NVIDIA L40S, 40, 0 %, 0 %, 513 MiB, 46068 MiB
2026/06/25 17:07:30.783, NVIDIA L40S, 40, 0 %, 0 %, 515 MiB, 46068 MiB
2026/06/25 17:07:33.784, NVIDIA L40S, 40, 0 %, 0 %, 515 MiB, 46068 MiB
2026/06/25 17:07:36.784, NVIDIA L40S, 41, 0 %, 0 %, 503 MiB, 46068 MiB
2026/06/25 17:07:39.785, NVIDIA L40S, 41, 0 %, 0 %, 503 MiB, 46068 MiB
2026/06/25 17:07:42.785, NVIDIA L40S, 41, 0 %, 0 %, 503 MiB, 46068 MiB
2026/06/25 17:07:45.785, NVIDIA L40S, 41, 0 %, 0 %, 503 MiB, 46068 MiB
2026/06/25 17:07:48.786, NVIDIA L40S, 41, 0 %, 0 %, 505 MiB, 46068 MiB
2026/06/25 17:07:51.786, NVIDIA L40S, 41, 69 %, 2 %, 8697 MiB, 46068 MiB
2026/06/25 17:07:54.787, NVIDIA L40S, 41, 0 %, 0 %, 501 MiB, 46068 MiB
2026/06/25 17:07:57.787, NVIDIA L40S, 41, 0 %, 0 %, 501 MiB, 46068 MiB
2026/06/25 17:08:00.788, NVIDIA L40S, 41, 0 %, 0 %, 503 MiB, 46068 MiB
2026/06/25 17:08:03.788, NVIDIA L40S, 41, 0 %, 0 %, 503 MiB, 46068 MiB
2026/06/25 17:08:06.789, NVIDIA L40S, 41, 70 %, 6 %, 6235 MiB, 46068 MiB
2026/06/25 17:08:09.789, NVIDIA L40S, 41, 0 %, 0 %, 437 MiB, 46068 MiB
2026/06/25 17:08:12.789, NVIDIA L40S, 41, 0 %, 0 %, 437 MiB, 46068 MiB
2026/06/25 17:08:15.792, NVIDIA L40S, 41, 0 %, 0 %, 439 MiB, 46068 MiB
2026/06/25 17:08:18.792, NVIDIA L40S, 41, 0 %, 0 %, 7991 MiB, 46068 MiB
2026/06/25 17:08:21.793, NVIDIA L40S, 41, 0 %, 0 %, 499 MiB, 46068 MiB
2026/06/25 17:08:24.793, NVIDIA L40S, 41, 0 %, 0 %, 499 MiB, 46068 MiB
2026/06/25 17:08:27.794, NVIDIA L40S, 41, 0 %, 0 %, 501 MiB, 46068 MiB
2026/06/25 17:08:30.794, NVIDIA L40S, 41, 0 %, 0 %, 501 MiB, 46068 MiB
2026/06/25 17:08:33.795, NVIDIA L40S, 41, 0 %, 0 %, 489 MiB, 46068 MiB
2026/06/25 17:08:36.795, NVIDIA L40S, 41, 0 %, 0 %, 489 MiB, 46068 MiB
2026/06/25 17:08:39.795, NVIDIA L40S, 41, 0 %, 0 %, 489 MiB, 46068 MiB
2026/06/25 17:08:42.796, NVIDIA L40S, 41, 0 %, 0 %, 489 MiB, 46068 MiB
2026/06/25 17:08:45.796, NVIDIA L40S, 41, 0 %, 0 %, 489 MiB, 46068 MiB
2026/06/25 17:08:48.797, NVIDIA L40S, 41, 0 %, 0 %, 491 MiB, 46068 MiB
2026/06/25 17:08:51.797, NVIDIA L40S, 41, 0 %, 0 %, 491 MiB, 46068 MiB
2026/06/25 17:08:54.797, NVIDIA L40S, 41, 0 %, 0 %, 479 MiB, 46068 MiB
2026/06/25 17:08:57.798, NVIDIA L40S, 41, 0 %, 0 %, 479 MiB, 46068 MiB
2026/06/25 17:09:00.798, NVIDIA L40S, 41, 0 %, 0 %, 481 MiB, 46068 MiB
2026/06/25 17:09:03.799, NVIDIA L40S, 41, 0 %, 0 %, 481 MiB, 46068 MiB
2026/06/25 17:09:06.799, NVIDIA L40S, 41, 0 %, 0 %, 1651 MiB, 46068 MiB
2026/06/25 17:09:09.800, NVIDIA L40S, 41, 0 %, 0 %, 551 MiB, 46068 MiB
2026/06/25 17:09:12.800, NVIDIA L40S, 41, 0 %, 0 %, 553 MiB, 46068 MiB
2026/06/25 17:09:15.800, NVIDIA L40S, 41, 0 %, 0 %, 553 MiB, 46068 MiB
2026/06/25 17:09:18.801, NVIDIA L40S, 41, 0 %, 0 %, 541 MiB, 46068 MiB
2026/06/25 17:09:21.801, NVIDIA L40S, 41, 0 %, 0 %, 541 MiB, 46068 MiB
2026/06/25 17:09:24.802, NVIDIA L40S, 41, 0 %, 0 %, 543 MiB, 46068 MiB
2026/06/25 17:09:27.802, NVIDIA L40S, 41, 0 %, 0 %, 543 MiB, 46068 MiB
2026/06/25 17:09:30.803, NVIDIA L40S, 41, 0 %, 0 %, 531 MiB, 46068 MiB
2026/06/25 17:09:33.803, NVIDIA L40S, 41, 0 %, 0 %, 531 MiB, 46068 MiB
2026/06/25 17:09:36.804, NVIDIA L40S, 40, 0 %, 0 %, 531 MiB, 46068 MiB
2026/06/25 17:09:39.804, NVIDIA L40S, 40, 0 %, 0 %, 531 MiB, 46068 MiB
2026/06/25 17:09:42.804, NVIDIA L40S, 40, 0 %, 0 %, 531 MiB, 46068 MiB
2026/06/25 17:09:45.805, NVIDIA L40S, 40, 0 %, 0 %, 531 MiB, 46068 MiB
2026/06/25 17:09:48.805, NVIDIA L40S, 40, 0 %, 0 %, 531 MiB, 46068 MiB
2026/06/25 17:09:51.806, NVIDIA L40S, 40, 0 %, 0 %, 531 MiB, 46068 MiB
2026/06/25 17:09:54.806, NVIDIA L40S, 40, 0 %, 0 %, 533 MiB, 46068 MiB
2026/06/25 17:09:57.807, NVIDIA L40S, 40, 0 %, 0 %, 7701 MiB, 46068 MiB
2026/06/25 17:10:00.807, NVIDIA L40S, 40, 0 %, 0 %, 517 MiB, 46068 MiB
2026/06/25 17:10:03.808, NVIDIA L40S, 40, 0 %, 0 %, 517 MiB, 46068 MiB
2026/06/25 17:10:06.808, NVIDIA L40S, 41, 0 %, 0 %, 519 MiB, 46068 MiB
2026/06/25 17:10:09.809, NVIDIA L40S, 41, 0 %, 0 %, 519 MiB, 46068 MiB
2026/06/25 17:10:12.809, NVIDIA L40S, 41, 0 %, 0 %, 457 MiB, 46068 MiB
2026/06/25 17:10:15.809, NVIDIA L40S, 41, 0 %, 0 %, 457 MiB, 46068 MiB
2026/06/25 17:10:18.810, NVIDIA L40S, 41, 0 %, 0 %, 459 MiB, 46068 MiB
2026/06/25 17:10:21.810, NVIDIA L40S, 41, 0 %, 0 %, 459 MiB, 46068 MiB
2026/06/25 17:10:24.811, NVIDIA L40S, 41, 40 %, 1 %, 1059 MiB, 46068 MiB
2026/06/25 17:10:27.811, NVIDIA L40S, 41, 0 %, 0 %, 541 MiB, 46068 MiB
2026/06/25 17:10:30.812, NVIDIA L40S, 41, 0 %, 0 %, 543 MiB, 46068 MiB
2026/06/25 17:10:33.812, NVIDIA L40S, 41, 0 %, 0 %, 543 MiB, 46068 MiB
2026/06/25 17:10:36.812, NVIDIA L40S, 41, 0 %, 0 %, 11679 MiB, 46068 MiB
2026/06/25 17:10:39.813, NVIDIA L40S, 41, 0 %, 0 %, 527 MiB, 46068 MiB
2026/06/25 17:10:42.813, NVIDIA L40S, 41, 0 %, 0 %, 527 MiB, 46068 MiB
2026/06/25 17:10:45.814, NVIDIA L40S, 41, 0 %, 0 %, 527 MiB, 46068 MiB
2026/06/25 17:10:48.814, NVIDIA L40S, 41, 0 %, 0 %, 527 MiB, 46068 MiB
2026/06/25 17:10:51.815, NVIDIA L40S, 41, 0 %, 0 %, 527 MiB, 46068 MiB
2026/06/25 17:10:54.815, NVIDIA L40S, 41, 0 %, 0 %, 529 MiB, 46068 MiB
2026/06/25 17:10:57.815, NVIDIA L40S, 41, 0 %, 0 %, 1169 MiB, 46068 MiB
2026/06/25 17:11:00.816, NVIDIA L40S, 41, 0 %, 0 %, 535 MiB, 46068 MiB
2026/06/25 17:11:03.816, NVIDIA L40S, 41, 0 %, 0 %, 535 MiB, 46068 MiB
2026/06/25 17:11:06.817, NVIDIA L40S, 41, 0 %, 0 %, 537 MiB, 46068 MiB
2026/06/25 17:11:09.817, NVIDIA L40S, 41, 46 %, 1 %, 1433 MiB, 46068 MiB
2026/06/25 17:11:12.818, NVIDIA L40S, 41, 0 %, 0 %, 445 MiB, 46068 MiB
2026/06/25 17:11:15.818, NVIDIA L40S, 41, 0 %, 0 %, 445 MiB, 46068 MiB
2026/06/25 17:11:18.819, NVIDIA L40S, 41, 0 %, 0 %, 447 MiB, 46068 MiB
2026/06/25 17:11:21.819, NVIDIA L40S, 41, 0 %, 0 %, 447 MiB, 46068 MiB
2026/06/25 17:11:24.819, NVIDIA L40S, 41, 0 %, 0 %, 435 MiB, 46068 MiB
2026/06/25 17:11:27.820, NVIDIA L40S, 41, 0 %, 0 %, 435 MiB, 46068 MiB
2026/06/25 17:11:30.820, NVIDIA L40S, 41, 0 %, 0 %, 437 MiB, 46068 MiB
2026/06/25 17:11:33.821, NVIDIA L40S, 41, 0 %, 0 %, 565 MiB, 46068 MiB
2026/06/25 17:11:36.821, NVIDIA L40S, 41, 0 %, 0 %, 553 MiB, 46068 MiB
2026/06/25 17:11:39.821, NVIDIA L40S, 41, 0 %, 0 %, 553 MiB, 46068 MiB
2026/06/25 17:11:42.822, NVIDIA L40S, 41, 0 %, 0 %, 553 MiB, 46068 MiB
2026/06/25 17:11:45.822, NVIDIA L40S, 41, 0 %, 0 %, 555 MiB, 46068 MiB
2026/06/25 17:11:48.822, NVIDIA L40S, 41, 0 %, 0 %, 555 MiB, 46068 MiB
2026/06/25 17:11:51.823, NVIDIA L40S, 41, 0 %, 0 %, 545 MiB, 46068 MiB
2026/06/25 17:11:54.823, NVIDIA L40S, 41, 0 %, 0 %, 545 MiB, 46068 MiB
2026/06/25 17:11:57.824, NVIDIA L40S, 41, 0 %, 0 %, 547 MiB, 46068 MiB
2026/06/25 17:12:00.824, NVIDIA L40S, 41, 0 %, 0 %, 6947 MiB, 46068 MiB
2026/06/25 17:12:03.825, NVIDIA L40S, 41, 0 %, 0 %, 515 MiB, 46068 MiB
2026/06/25 17:12:06.825, NVIDIA L40S, 41, 0 %, 0 %, 515 MiB, 46068 MiB
2026/06/25 17:12:09.825, NVIDIA L40S, 41, 0 %, 0 %, 517 MiB, 46068 MiB
2026/06/25 17:12:12.826, NVIDIA L40S, 41, 0 %, 0 %, 517 MiB, 46068 MiB
2026/06/25 17:12:15.826, NVIDIA L40S, 41, 0 %, 0 %, 505 MiB, 46068 MiB
2026/06/25 17:12:18.827, NVIDIA L40S, 41, 0 %, 0 %, 507 MiB, 46068 MiB
2026/06/25 17:12:21.827, NVIDIA L40S, 40, 0 %, 0 %, 507 MiB, 46068 MiB
2026/06/25 17:12:24.827, NVIDIA L40S, 41, 70 %, 6 %, 1809 MiB, 46068 MiB
2026/06/25 17:12:27.828, NVIDIA L40S, 40, 0 %, 0 %, 485 MiB, 46068 MiB
2026/06/25 17:12:30.828, NVIDIA L40S, 40, 0 %, 0 %, 487 MiB, 46068 MiB
2026/06/25 17:12:33.832, NVIDIA L40S, 40, 0 %, 0 %, 487 MiB, 46068 MiB
2026/06/25 17:12:36.832, NVIDIA L40S, 40, 2 %, 0 %, 12007 MiB, 46068 MiB
2026/06/25 17:12:39.833, NVIDIA L40S, 40, 0 %, 0 %, 525 MiB, 46068 MiB
2026/06/25 17:12:42.833, NVIDIA L40S, 40, 0 %, 0 %, 525 MiB, 46068 MiB
2026/06/25 17:12:45.834, NVIDIA L40S, 40, 0 %, 0 %, 527 MiB, 46068 MiB
2026/06/25 17:12:48.834, NVIDIA L40S, 40, 0 %, 0 %, 10127 MiB, 46068 MiB
2026/06/25 17:12:51.834, NVIDIA L40S, 40, 0 %, 0 %, 557 MiB, 46068 MiB
2026/06/25 17:12:54.835, NVIDIA L40S, 41, 0 %, 0 %, 557 MiB, 46068 MiB
2026/06/25 17:12:57.835, NVIDIA L40S, 41, 0 %, 0 %, 557 MiB, 46068 MiB
2026/06/25 17:13:00.836, NVIDIA L40S, 41, 0 %, 0 %, 557 MiB, 46068 MiB
2026/06/25 17:13:03.836, NVIDIA L40S, 40, 0 %, 0 %, 557 MiB, 46068 MiB
2026/06/25 17:13:06.836, NVIDIA L40S, 40, 0 %, 0 %, 559 MiB, 46068 MiB
2026/06/25 17:13:09.837, NVIDIA L40S, 40, 0 %, 0 %, 559 MiB, 46068 MiB
2026/06/25 17:13:12.837, NVIDIA L40S, 40, 0 %, 0 %, 547 MiB, 46068 MiB
2026/06/25 17:13:15.838, NVIDIA L40S, 40, 0 %, 0 %, 547 MiB, 46068 MiB
2026/06/25 17:13:18.838, NVIDIA L40S, 40, 0 %, 0 %, 549 MiB, 46068 MiB
2026/06/25 17:13:21.838, NVIDIA L40S, 40, 0 %, 0 %, 549 MiB, 46068 MiB
2026/06/25 17:13:24.839, NVIDIA L40S, 40, 0 %, 0 %, 537 MiB, 46068 MiB
2026/06/25 17:13:27.839, NVIDIA L40S, 41, 0 %, 0 %, 539 MiB, 46068 MiB
2026/06/25 17:13:30.840, NVIDIA L40S, 41, 0 %, 0 %, 539 MiB, 46068 MiB
2026/06/25 17:13:33.840, NVIDIA L40S, 41, 29 %, 2 %, 2297 MiB, 46068 MiB
2026/06/25 17:13:36.840, NVIDIA L40S, 41, 0 %, 0 %, 535 MiB, 46068 MiB
2026/06/25 17:13:39.841, NVIDIA L40S, 41, 0 %, 0 %, 535 MiB, 46068 MiB
2026/06/25 17:13:42.841, NVIDIA L40S, 41, 0 %, 0 %, 537 MiB, 46068 MiB
2026/06/25 17:13:45.842, NVIDIA L40S, 41, 0 %, 0 %, 6681 MiB, 46068 MiB
2026/06/25 17:13:48.842, NVIDIA L40S, 41, 0 %, 0 %, 519 MiB, 46068 MiB
2026/06/25 17:13:51.842, NVIDIA L40S, 41, 0 %, 0 %, 521 MiB, 46068 MiB
2026/06/25 17:13:54.849, NVIDIA L40S, 41, 0 %, 0 %, 521 MiB, 46068 MiB
2026/06/25 17:13:57.849, NVIDIA L40S, 41, 0 %, 0 %, 12169 MiB, 46068 MiB
2026/06/25 17:14:00.850, NVIDIA L40S, 41, 0 %, 0 %, 453 MiB, 46068 MiB
2026/06/25 17:14:03.850, NVIDIA L40S, 41, 0 %, 0 %, 453 MiB, 46068 MiB
2026/06/25 17:14:06.851, NVIDIA L40S, 40, 0 %, 0 %, 455 MiB, 46068 MiB
2026/06/25 17:14:09.851, NVIDIA L40S, 40, 0 %, 0 %, 455 MiB, 46068 MiB
2026/06/25 17:14:12.852, NVIDIA L40S, 40, 0 %, 0 %, 443 MiB, 46068 MiB
2026/06/25 17:14:15.852, NVIDIA L40S, 40, 6 %, 0 %, 445 MiB, 46068 MiB
2026/06/25 17:14:18.852, NVIDIA L40S, 40, 0 %, 0 %, 445 MiB, 46068 MiB
2026/06/25 17:14:21.853, NVIDIA L40S, 41, 0 %, 0 %, 9149 MiB, 46068 MiB
2026/06/25 17:14:24.853, NVIDIA L40S, 41, 0 %, 0 %, 437 MiB, 46068 MiB
2026/06/25 17:14:27.854, NVIDIA L40S, 41, 0 %, 0 %, 437 MiB, 46068 MiB
2026/06/25 17:14:30.854, NVIDIA L40S, 41, 0 %, 0 %, 439 MiB, 46068 MiB
2026/06/25 17:14:33.855, NVIDIA L40S, 41, 17 %, 0 %, 2615 MiB, 46068 MiB
2026/06/25 17:14:36.855, NVIDIA L40S, 41, 0 %, 0 %, 435 MiB, 46068 MiB
2026/06/25 17:14:39.856, NVIDIA L40S, 41, 0 %, 0 %, 435 MiB, 46068 MiB
2026/06/25 17:14:42.856, NVIDIA L40S, 41, 0 %, 0 %, 437 MiB, 46068 MiB
2026/06/25 17:14:45.856, NVIDIA L40S, 41, 0 %, 0 %, 565 MiB, 46068 MiB
2026/06/25 17:14:48.857, NVIDIA L40S, 41, 0 %, 0 %, 553 MiB, 46068 MiB
2026/06/25 17:14:51.857, NVIDIA L40S, 41, 0 %, 0 %, 553 MiB, 46068 MiB
2026/06/25 17:14:54.858, NVIDIA L40S, 41, 0 %, 0 %, 555 MiB, 46068 MiB
2026/06/25 17:14:57.858, NVIDIA L40S, 41, 0 %, 0 %, 555 MiB, 46068 MiB
2026/06/25 17:15:00.858, NVIDIA L40S, 41, 0 %, 0 %, 543 MiB, 46068 MiB
2026/06/25 17:15:03.859, NVIDIA L40S, 41, 0 %, 0 %, 543 MiB, 46068 MiB
2026/06/25 17:15:06.859, NVIDIA L40S, 41, 0 %, 0 %, 545 MiB, 46068 MiB
2026/06/25 17:15:09.860, NVIDIA L40S, 41, 0 %, 0 %, 545 MiB, 46068 MiB
2026/06/25 17:15:12.860, NVIDIA L40S, 40, 0 %, 0 %, 533 MiB, 46068 MiB
2026/06/25 17:15:15.860, NVIDIA L40S, 40, 0 %, 0 %, 535 MiB, 46068 MiB
2026/06/25 17:15:18.861, NVIDIA L40S, 40, 0 %, 0 %, 535 MiB, 46068 MiB
2026/06/25 17:15:21.861, NVIDIA L40S, 41, 43 %, 4 %, 1601 MiB, 46068 MiB
2026/06/25 17:15:24.862, NVIDIA L40S, 40, 0 %, 0 %, 501 MiB, 46068 MiB
2026/06/25 17:15:27.862, NVIDIA L40S, 40, 0 %, 0 %, 503 MiB, 46068 MiB
2026/06/25 17:15:30.863, NVIDIA L40S, 40, 0 %, 0 %, 503 MiB, 46068 MiB
2026/06/25 17:15:33.863, NVIDIA L40S, 40, 0 %, 0 %, 491 MiB, 46068 MiB
2026/06/25 17:15:36.863, NVIDIA L40S, 40, 0 %, 0 %, 491 MiB, 46068 MiB
2026/06/25 17:15:39.864, NVIDIA L40S, 40, 0 %, 0 %, 491 MiB, 46068 MiB
2026/06/25 17:15:42.864, NVIDIA L40S, 40, 0 %, 0 %, 491 MiB, 46068 MiB
2026/06/25 17:15:45.864, NVIDIA L40S, 40, 0 %, 0 %, 493 MiB, 46068 MiB
2026/06/25 17:15:48.865, NVIDIA L40S, 41, 100 %, 2 %, 8429 MiB, 46068 MiB
2026/06/25 17:15:51.865, NVIDIA L40S, 41, 0 %, 0 %, 547 MiB, 46068 MiB
2026/06/25 17:15:54.866, NVIDIA L40S, 41, 0 %, 0 %, 547 MiB, 46068 MiB
2026/06/25 17:15:57.867, NVIDIA L40S, 41, 0 %, 0 %, 547 MiB, 46068 MiB
2026/06/25 17:16:00.867, NVIDIA L40S, 41, 0 %, 0 %, 549 MiB, 46068 MiB
2026/06/25 17:16:03.868, NVIDIA L40S, 41, 0 %, 0 %, 549 MiB, 46068 MiB
2026/06/25 17:16:06.868, NVIDIA L40S, 41, 0 %, 0 %, 549 MiB, 46068 MiB
2026/06/25 17:16:09.869, NVIDIA L40S, 41, 0 %, 0 %, 537 MiB, 46068 MiB
2026/06/25 17:16:12.870, NVIDIA L40S, 41, 0 %, 0 %, 539 MiB, 46068 MiB
2026/06/25 17:16:15.870, NVIDIA L40S, 41, 0 %, 0 %, 539 MiB, 46068 MiB
2026/06/25 17:16:18.871, NVIDIA L40S, 41, 43 %, 1 %, 14491 MiB, 46068 MiB
2026/06/25 17:16:21.872, NVIDIA L40S, 41, 100 %, 0 %, 6037 MiB, 46068 MiB
2026/06/25 17:16:24.872, NVIDIA L40S, 41, 0 %, 0 %, 503 MiB, 46068 MiB
2026/06/25 17:16:27.873, NVIDIA L40S, 41, 0 %, 0 %, 505 MiB, 46068 MiB
2026/06/25 17:16:30.874, NVIDIA L40S, 41, 0 %, 0 %, 505 MiB, 46068 MiB
2026/06/25 17:16:33.875, NVIDIA L40S, 41, 1 %, 0 %, 11897 MiB, 46068 MiB
2026/06/25 17:16:36.875, NVIDIA L40S, 41, 0 %, 0 %, 461 MiB, 46068 MiB
2026/06/25 17:16:39.876, NVIDIA L40S, 41, 0 %, 0 %, 461 MiB, 46068 MiB
2026/06/25 17:16:42.876, NVIDIA L40S, 41, 0 %, 0 %, 461 MiB, 46068 MiB
2026/06/25 17:16:45.877, NVIDIA L40S, 41, 0 %, 0 %, 463 MiB, 46068 MiB
2026/06/25 17:16:48.878, NVIDIA L40S, 41, 0 %, 0 %, 463 MiB, 46068 MiB
2026/06/25 17:16:51.879, NVIDIA L40S, 41, 0 %, 0 %, 7089 MiB, 46068 MiB
2026/06/25 17:16:54.879, NVIDIA L40S, 41, 0 %, 0 %, 469 MiB, 46068 MiB
2026/06/25 17:16:57.880, NVIDIA L40S, 41, 0 %, 0 %, 469 MiB, 46068 MiB
2026/06/25 17:17:00.881, NVIDIA L40S, 41, 0 %, 0 %, 469 MiB, 46068 MiB
2026/06/25 17:17:03.881, NVIDIA L40S, 41, 0 %, 0 %, 469 MiB, 46068 MiB
2026/06/25 17:17:06.882, NVIDIA L40S, 41, 0 %, 0 %, 469 MiB, 46068 MiB
2026/06/25 17:17:09.883, NVIDIA L40S, 41, 0 %, 0 %, 469 MiB, 46068 MiB
2026/06/25 17:17:12.883, NVIDIA L40S, 41, 0 %, 0 %, 471 MiB, 46068 MiB
2026/06/25 17:17:15.884, NVIDIA L40S, 41, 0 %, 0 %, 471 MiB, 46068 MiB
2026/06/25 17:17:18.885, NVIDIA L40S, 41, 0 %, 0 %, 13911 MiB, 46068 MiB
2026/06/25 17:17:21.886, NVIDIA L40S, 41, 0 %, 0 %, 507 MiB, 46068 MiB
2026/06/25 17:17:24.886, NVIDIA L40S, 41, 0 %, 0 %, 507 MiB, 46068 MiB
2026/06/25 17:17:27.887, NVIDIA L40S, 41, 0 %, 0 %, 509 MiB, 46068 MiB
2026/06/25 17:17:30.888, NVIDIA L40S, 41, 0 %, 0 %, 4221 MiB, 46068 MiB
2026/06/25 17:17:33.888, NVIDIA L40S, 41, 0 %, 0 %, 473 MiB, 46068 MiB
2026/06/25 17:17:36.889, NVIDIA L40S, 41, 0 %, 0 %, 473 MiB, 46068 MiB
2026/06/25 17:17:39.889, NVIDIA L40S, 41, 0 %, 0 %, 473 MiB, 46068 MiB
2026/06/25 17:17:42.890, NVIDIA L40S, 41, 0 %, 0 %, 473 MiB, 46068 MiB
2026/06/25 17:17:45.891, NVIDIA L40S, 41, 0 %, 0 %, 473 MiB, 46068 MiB
2026/06/25 17:17:48.891, NVIDIA L40S, 41, 0 %, 0 %, 473 MiB, 46068 MiB
2026/06/25 17:17:51.892, NVIDIA L40S, 41, 0 %, 0 %, 473 MiB, 46068 MiB
2026/06/25 17:17:54.893, NVIDIA L40S, 41, 0 %, 0 %, 473 MiB, 46068 MiB
2026/06/25 17:17:57.893, NVIDIA L40S, 41, 0 %, 0 %, 473 MiB, 46068 MiB
2026/06/25 17:18:00.894, NVIDIA L40S, 41, 0 %, 0 %, 473 MiB, 46068 MiB
2026/06/25 17:18:03.894, NVIDIA L40S, 41, 0 %, 0 %, 475 MiB, 46068 MiB
2026/06/25 17:18:06.895, NVIDIA L40S, 41, 0 %, 0 %, 475 MiB, 46068 MiB
2026/06/25 17:18:09.895, NVIDIA L40S, 41, 13 %, 1 %, 12507 MiB, 46068 MiB
2026/06/25 17:18:12.896, NVIDIA L40S, 41, 0 %, 0 %, 453 MiB, 46068 MiB
2026/06/25 17:18:15.896, NVIDIA L40S, 41, 0 %, 0 %, 453 MiB, 46068 MiB
2026/06/25 17:18:18.897, NVIDIA L40S, 41, 0 %, 0 %, 455 MiB, 46068 MiB
2026/06/25 17:18:21.898, NVIDIA L40S, 41, 0 %, 0 %, 455 MiB, 46068 MiB
2026/06/25 17:18:24.899, NVIDIA L40S, 41, 70 %, 6 %, 4553 MiB, 46068 MiB
2026/06/25 17:18:27.899, NVIDIA L40S, 41, 0 %, 0 %, 495 MiB, 46068 MiB
2026/06/25 17:18:30.900, NVIDIA L40S, 41, 0 %, 0 %, 495 MiB, 46068 MiB
2026/06/25 17:18:33.900, NVIDIA L40S, 41, 0 %, 0 %, 497 MiB, 46068 MiB
2026/06/25 17:18:36.901, NVIDIA L40S, 41, 0 %, 0 %, 6897 MiB, 46068 MiB
2026/06/25 17:18:39.901, NVIDIA L40S, 41, 0 %, 0 %, 5065 MiB, 46068 MiB
2026/06/25 17:18:42.902, NVIDIA L40S, 41, 0 %, 0 %, 533 MiB, 46068 MiB
2026/06/25 17:18:45.903, NVIDIA L40S, 41, 0 %, 0 %, 533 MiB, 46068 MiB
2026/06/25 17:18:48.904, NVIDIA L40S, 41, 0 %, 0 %, 533 MiB, 46068 MiB
2026/06/25 17:18:51.904, NVIDIA L40S, 41, 0 %, 0 %, 533 MiB, 46068 MiB
2026/06/25 17:18:54.905, NVIDIA L40S, 41, 0 %, 0 %, 533 MiB, 46068 MiB
2026/06/25 17:18:57.906, NVIDIA L40S, 41, 0 %, 0 %, 533 MiB, 46068 MiB
2026/06/25 17:19:00.906, NVIDIA L40S, 41, 0 %, 0 %, 535 MiB, 46068 MiB
2026/06/25 17:19:03.907, NVIDIA L40S, 41, 0 %, 0 %, 535 MiB, 46068 MiB
2026/06/25 17:19:06.907, NVIDIA L40S, 41, 0 %, 0 %, 12055 MiB, 46068 MiB
2026/06/25 17:19:09.908, NVIDIA L40S, 41, 0 %, 0 %, 537 MiB, 46068 MiB
2026/06/25 17:19:12.908, NVIDIA L40S, 41, 0 %, 0 %, 537 MiB, 46068 MiB
2026/06/25 17:19:15.909, NVIDIA L40S, 41, 0 %, 0 %, 539 MiB, 46068 MiB
2026/06/25 17:19:18.909, NVIDIA L40S, 41, 100 %, 2 %, 10395 MiB, 46068 MiB
2026/06/25 17:19:21.909, NVIDIA L40S, 41, 0 %, 0 %, 543 MiB, 46068 MiB
2026/06/25 17:19:24.910, NVIDIA L40S, 41, 0 %, 0 %, 543 MiB, 46068 MiB
2026/06/25 17:19:27.911, NVIDIA L40S, 41, 0 %, 0 %, 545 MiB, 46068 MiB
2026/06/25 17:19:30.912, NVIDIA L40S, 41, 100 %, 1 %, 3361 MiB, 46068 MiB
2026/06/25 17:19:33.912, NVIDIA L40S, 41, 0 %, 0 %, 455 MiB, 46068 MiB
2026/06/25 17:19:36.913, NVIDIA L40S, 41, 0 %, 0 %, 453 MiB, 46068 MiB
2026/06/25 17:19:39.914, NVIDIA L40S, 41, 0 %, 0 %, 455 MiB, 46068 MiB
2026/06/25 17:19:42.914, NVIDIA L40S, 41, 0 %, 0 %, 455 MiB, 46068 MiB
2026/06/25 17:19:45.915, NVIDIA L40S, 41, 0 %, 0 %, 443 MiB, 46068 MiB
2026/06/25 17:19:48.916, NVIDIA L40S, 41, 0 %, 0 %, 443 MiB, 46068 MiB
2026/06/25 17:19:51.916, NVIDIA L40S, 41, 0 %, 0 %, 443 MiB, 46068 MiB
2026/06/25 17:19:54.917, NVIDIA L40S, 41, 0 %, 0 %, 443 MiB, 46068 MiB
2026/06/25 17:19:57.917, NVIDIA L40S, 41, 0 %, 0 %, 443 MiB, 46068 MiB
2026/06/25 17:20:00.918, NVIDIA L40S, 41, 0 %, 0 %, 445 MiB, 46068 MiB
2026/06/25 17:20:03.919, NVIDIA L40S, 41, 0 %, 0 %, 445 MiB, 46068 MiB
2026/06/25 17:20:06.919, NVIDIA L40S, 41, 0 %, 0 %, 561 MiB, 46068 MiB
2026/06/25 17:20:09.919, NVIDIA L40S, 41, 0 %, 0 %, 561 MiB, 46068 MiB
2026/06/25 17:20:12.920, NVIDIA L40S, 41, 0 %, 0 %, 563 MiB, 46068 MiB
2026/06/25 17:20:15.920, NVIDIA L40S, 41, 0 %, 0 %, 6707 MiB, 46068 MiB
2026/06/25 17:20:18.921, NVIDIA L40S, 41, 0 %, 0 %, 519 MiB, 46068 MiB
2026/06/25 17:20:21.921, NVIDIA L40S, 41, 0 %, 0 %, 519 MiB, 46068 MiB
2026/06/25 17:20:24.922, NVIDIA L40S, 41, 0 %, 0 %, 521 MiB, 46068 MiB
2026/06/25 17:20:27.922, NVIDIA L40S, 41, 43 %, 1 %, 3337 MiB, 46068 MiB
2026/06/25 17:20:30.922, NVIDIA L40S, 41, 23 %, 2 %, 437 MiB, 46068 MiB
2026/06/25 17:20:33.923, NVIDIA L40S, 41, 0 %, 0 %, 437 MiB, 46068 MiB
2026/06/25 17:20:36.923, NVIDIA L40S, 41, 0 %, 0 %, 439 MiB, 46068 MiB
2026/06/25 17:20:39.924, NVIDIA L40S, 41, 100 %, 1 %, 1591 MiB, 46068 MiB
2026/06/25 17:20:42.924, NVIDIA L40S, 41, 0 %, 0 %, 551 MiB, 46068 MiB
2026/06/25 17:20:45.925, NVIDIA L40S, 41, 0 %, 0 %, 551 MiB, 46068 MiB
2026/06/25 17:20:48.925, NVIDIA L40S, 41, 0 %, 0 %, 553 MiB, 46068 MiB
2026/06/25 17:20:51.926, NVIDIA L40S, 41, 25 %, 0 %, 2985 MiB, 46068 MiB
2026/06/25 17:20:54.926, NVIDIA L40S, 41, 0 %, 0 %, 493 MiB, 46068 MiB
2026/06/25 17:20:57.926, NVIDIA L40S, 41, 0 %, 0 %, 493 MiB, 46068 MiB
2026/06/25 17:21:00.927, NVIDIA L40S, 41, 0 %, 0 %, 493 MiB, 46068 MiB
2026/06/25 17:21:03.927, NVIDIA L40S, 41, 1 %, 0 %, 495 MiB, 46068 MiB
2026/06/25 17:21:06.928, NVIDIA L40S, 41, 0 %, 0 %, 495 MiB, 46068 MiB
2026/06/25 17:21:09.928, NVIDIA L40S, 41, 0 %, 0 %, 13295 MiB, 46068 MiB
2026/06/25 17:21:12.929, NVIDIA L40S, 41, 0 %, 0 %, 501 MiB, 46068 MiB
2026/06/25 17:21:15.929, NVIDIA L40S, 41, 0 %, 0 %, 501 MiB, 46068 MiB
2026/06/25 17:21:18.929, NVIDIA L40S, 41, 0 %, 0 %, 503 MiB, 46068 MiB
2026/06/25 17:21:21.930, NVIDIA L40S, 41, 0 %, 0 %, 503 MiB, 46068 MiB
2026/06/25 17:21:24.930, NVIDIA L40S, 41, 81 %, 1 %, 3781 MiB, 46068 MiB
2026/06/25 17:21:27.931, NVIDIA L40S, 41, 0 %, 0 %, 493 MiB, 46068 MiB
2026/06/25 17:21:30.932, NVIDIA L40S, 41, 0 %, 0 %, 493 MiB, 46068 MiB
2026/06/25 17:21:33.932, NVIDIA L40S, 41, 0 %, 0 %, 495 MiB, 46068 MiB
2026/06/25 17:21:36.932, NVIDIA L40S, 41, 100 %, 3 %, 11887 MiB, 46068 MiB
2026/06/25 17:21:39.933, NVIDIA L40S, 41, 0 %, 0 %, 479 MiB, 46068 MiB
2026/06/25 17:21:42.933, NVIDIA L40S, 41, 0 %, 0 %, 479 MiB, 46068 MiB
2026/06/25 17:21:45.934, NVIDIA L40S, 41, 0 %, 0 %, 481 MiB, 46068 MiB
2026/06/25 17:21:48.934, NVIDIA L40S, 41, 0 %, 0 %, 481 MiB, 46068 MiB
2026/06/25 17:21:51.935, NVIDIA L40S, 41, 0 %, 0 %, 469 MiB, 46068 MiB
2026/06/25 17:21:54.935, NVIDIA L40S, 40, 0 %, 0 %, 469 MiB, 46068 MiB
2026/06/25 17:21:57.935, NVIDIA L40S, 40, 0 %, 0 %, 471 MiB, 46068 MiB
2026/06/25 17:22:00.936, NVIDIA L40S, 41, 0 %, 0 %, 9815 MiB, 46068 MiB
2026/06/25 17:22:03.936, NVIDIA L40S, 41, 0 %, 0 %, 465 MiB, 46068 MiB
2026/06/25 17:22:06.937, NVIDIA L40S, 41, 0 %, 0 %, 465 MiB, 46068 MiB
2026/06/25 17:22:09.937, NVIDIA L40S, 41, 0 %, 0 %, 467 MiB, 46068 MiB
2026/06/25 17:22:12.938, NVIDIA L40S, 41, 100 %, 1 %, 6227 MiB, 46068 MiB
2026/06/25 17:22:15.938, NVIDIA L40S, 41, 0 %, 0 %, 4687 MiB, 46068 MiB
2026/06/25 17:22:18.938, NVIDIA L40S, 41, 0 %, 0 %, 489 MiB, 46068 MiB
2026/06/25 17:22:21.939, NVIDIA L40S, 41, 0 %, 0 %, 491 MiB, 46068 MiB
2026/06/25 17:22:24.939, NVIDIA L40S, 41, 0 %, 0 %, 491 MiB, 46068 MiB
2026/06/25 17:22:27.940, NVIDIA L40S, 41, 0 %, 0 %, 8685 MiB, 46068 MiB
2026/06/25 17:22:30.940, NVIDIA L40S, 41, 0 %, 0 %, 459 MiB, 46068 MiB
2026/06/25 17:22:33.941, NVIDIA L40S, 41, 0 %, 0 %, 459 MiB, 46068 MiB
2026/06/25 17:22:36.941, NVIDIA L40S, 41, 0 %, 0 %, 461 MiB, 46068 MiB
2026/06/25 17:22:39.941, NVIDIA L40S, 41, 0 %, 0 %, 6861 MiB, 46068 MiB
2026/06/25 17:22:42.942, NVIDIA L40S, 41, 8 %, 0 %, 4219 MiB, 46068 MiB
2026/06/25 17:22:45.942, NVIDIA L40S, 41, 0 %, 0 %, 559 MiB, 46068 MiB
2026/06/25 17:22:48.943, NVIDIA L40S, 41, 0 %, 0 %, 561 MiB, 46068 MiB
2026/06/25 17:22:51.943, NVIDIA L40S, 41, 0 %, 0 %, 561 MiB, 46068 MiB
2026/06/25 17:22:54.944, NVIDIA L40S, 41, 0 %, 0 %, 561 MiB, 46068 MiB
2026/06/25 17:22:57.944, NVIDIA L40S, 41, 0 %, 0 %, 549 MiB, 46068 MiB
2026/06/25 17:23:00.945, NVIDIA L40S, 41, 0 %, 0 %, 549 MiB, 46068 MiB
2026/06/25 17:23:03.945, NVIDIA L40S, 41, 0 %, 0 %, 549 MiB, 46068 MiB
2026/06/25 17:23:06.945, NVIDIA L40S, 41, 0 %, 0 %, 551 MiB, 46068 MiB
2026/06/25 17:23:09.946, NVIDIA L40S, 41, 0 %, 0 %, 551 MiB, 46068 MiB
2026/06/25 17:23:12.946, NVIDIA L40S, 41, 9 %, 1 %, 555 MiB, 46068 MiB
2026/06/25 17:23:15.947, NVIDIA L40S, 41, 0 %, 0 %, 553 MiB, 46068 MiB
2026/06/25 17:23:18.947, NVIDIA L40S, 41, 0 %, 0 %, 555 MiB, 46068 MiB
2026/06/25 17:23:21.948, NVIDIA L40S, 41, 0 %, 0 %, 555 MiB, 46068 MiB
2026/06/25 17:23:24.948, NVIDIA L40S, 41, 24 %, 0 %, 1689 MiB, 46068 MiB
2026/06/25 17:23:27.949, NVIDIA L40S, 41, 0 %, 0 %, 519 MiB, 46068 MiB
2026/06/25 17:23:30.949, NVIDIA L40S, 41, 0 %, 0 %, 521 MiB, 46068 MiB
2026/06/25 17:23:33.950, NVIDIA L40S, 41, 0 %, 0 %, 521 MiB, 46068 MiB
2026/06/25 17:23:36.950, NVIDIA L40S, 41, 0 %, 0 %, 13193 MiB, 46068 MiB
2026/06/25 17:23:39.950, NVIDIA L40S, 41, 0 %, 0 %, 449 MiB, 46068 MiB
2026/06/25 17:23:42.951, NVIDIA L40S, 41, 0 %, 0 %, 449 MiB, 46068 MiB
2026/06/25 17:23:45.951, NVIDIA L40S, 41, 0 %, 0 %, 451 MiB, 46068 MiB
2026/06/25 17:23:48.952, NVIDIA L40S, 41, 4 %, 0 %, 10947 MiB, 46068 MiB
2026/06/25 17:23:51.952, NVIDIA L40S, 41, 0 %, 0 %, 463 MiB, 46068 MiB
2026/06/25 17:23:54.953, NVIDIA L40S, 41, 0 %, 0 %, 463 MiB, 46068 MiB
2026/06/25 17:23:57.953, NVIDIA L40S, 41, 0 %, 0 %, 465 MiB, 46068 MiB
2026/06/25 17:24:00.954, NVIDIA L40S, 41, 32 %, 0 %, 4049 MiB, 46068 MiB
2026/06/25 17:24:03.954, NVIDIA L40S, 41, 0 %, 0 %, 485 MiB, 46068 MiB
2026/06/25 17:24:06.955, NVIDIA L40S, 41, 0 %, 0 %, 485 MiB, 46068 MiB
2026/06/25 17:24:09.955, NVIDIA L40S, 41, 0 %, 0 %, 487 MiB, 46068 MiB
2026/06/25 17:24:12.956, NVIDIA L40S, 41, 0 %, 0 %, 487 MiB, 46068 MiB
2026/06/25 17:24:15.956, NVIDIA L40S, 41, 0 %, 0 %, 475 MiB, 46068 MiB
2026/06/25 17:24:18.957, NVIDIA L40S, 41, 0 %, 0 %, 475 MiB, 46068 MiB
2026/06/25 17:24:21.957, NVIDIA L40S, 41, 0 %, 0 %, 477 MiB, 46068 MiB
2026/06/25 17:24:24.958, NVIDIA L40S, 41, 0 %, 0 %, 477 MiB, 46068 MiB
2026/06/25 17:24:27.958, NVIDIA L40S, 41, 0 %, 0 %, 465 MiB, 46068 MiB
2026/06/25 17:24:30.959, NVIDIA L40S, 41, 0 %, 0 %, 465 MiB, 46068 MiB
2026/06/25 17:24:33.959, NVIDIA L40S, 41, 0 %, 0 %, 467 MiB, 46068 MiB
2026/06/25 17:24:36.960, NVIDIA L40S, 41, 81 %, 2 %, 5075 MiB, 46068 MiB
2026/06/25 17:24:39.961, NVIDIA L40S, 41, 1 %, 0 %, 5069 MiB, 46068 MiB
2026/06/25 17:24:42.961, NVIDIA L40S, 41, 0 %, 0 %, 447 MiB, 46068 MiB
2026/06/25 17:24:45.962, NVIDIA L40S, 41, 0 %, 0 %, 447 MiB, 46068 MiB
2026/06/25 17:24:48.962, NVIDIA L40S, 41, 0 %, 0 %, 449 MiB, 46068 MiB
2026/06/25 17:24:51.963, NVIDIA L40S, 41, 65 %, 1 %, 8385 MiB, 46068 MiB
2026/06/25 17:24:54.963, NVIDIA L40S, 41, 0 %, 0 %, 5053 MiB, 46068 MiB
2026/06/25 17:24:57.964, NVIDIA L40S, 41, 0 %, 0 %, 495 MiB, 46068 MiB
2026/06/25 17:25:00.964, NVIDIA L40S, 41, 0 %, 0 %, 495 MiB, 46068 MiB
2026/06/25 17:25:03.964, NVIDIA L40S, 41, 0 %, 0 %, 497 MiB, 46068 MiB
2026/06/25 17:25:06.965, NVIDIA L40S, 41, 0 %, 0 %, 497 MiB, 46068 MiB
2026/06/25 17:25:09.965, NVIDIA L40S, 41, 6 %, 0 %, 3051 MiB, 46068 MiB
2026/06/25 17:25:12.966, NVIDIA L40S, 41, 0 %, 0 %, 457 MiB, 46068 MiB
2026/06/25 17:25:15.966, NVIDIA L40S, 41, 0 %, 0 %, 459 MiB, 46068 MiB
2026/06/25 17:25:18.967, NVIDIA L40S, 41, 0 %, 0 %, 459 MiB, 46068 MiB
2026/06/25 17:25:21.968, NVIDIA L40S, 41, 20 %, 2 %, 553 MiB, 46068 MiB
2026/06/25 17:25:24.968, NVIDIA L40S, 41, 0 %, 0 %, 551 MiB, 46068 MiB
2026/06/25 17:25:27.969, NVIDIA L40S, 41, 0 %, 0 %, 551 MiB, 46068 MiB
2026/06/25 17:25:30.969, NVIDIA L40S, 41, 0 %, 0 %, 551 MiB, 46068 MiB
2026/06/25 17:25:33.970, NVIDIA L40S, 41, 0 %, 0 %, 551 MiB, 46068 MiB
2026/06/25 17:25:36.970, NVIDIA L40S, 41, 0 %, 0 %, 551 MiB, 46068 MiB
2026/06/25 17:25:39.971, NVIDIA L40S, 41, 1 %, 0 %, 553 MiB, 46068 MiB
2026/06/25 17:25:42.972, NVIDIA L40S, 41, 0 %, 0 %, 553 MiB, 46068 MiB
2026/06/25 17:25:45.972, NVIDIA L40S, 41, 8 %, 0 %, 14633 MiB, 46068 MiB
2026/06/25 17:25:48.973, NVIDIA L40S, 41, 0 %, 0 %, 495 MiB, 46068 MiB
2026/06/25 17:25:51.973, NVIDIA L40S, 41, 0 %, 0 %, 495 MiB, 46068 MiB
2026/06/25 17:25:54.974, NVIDIA L40S, 41, 0 %, 0 %, 497 MiB, 46068 MiB
2026/06/25 17:25:57.974, NVIDIA L40S, 41, 0 %, 0 %, 3953 MiB, 46068 MiB
2026/06/25 17:26:00.975, NVIDIA L40S, 41, 0 %, 0 %, 483 MiB, 46068 MiB
2026/06/25 17:26:03.975, NVIDIA L40S, 41, 0 %, 0 %, 483 MiB, 46068 MiB
2026/06/25 17:26:06.976, NVIDIA L40S, 41, 0 %, 0 %, 485 MiB, 46068 MiB
2026/06/25 17:26:09.976, NVIDIA L40S, 41, 0 %, 0 %, 485 MiB, 46068 MiB
2026/06/25 17:26:12.977, NVIDIA L40S, 41, 0 %, 0 %, 473 MiB, 46068 MiB
2026/06/25 17:26:15.978, NVIDIA L40S, 41, 0 %, 0 %, 473 MiB, 46068 MiB
2026/06/25 17:26:18.978, NVIDIA L40S, 41, 0 %, 0 %, 475 MiB, 46068 MiB
2026/06/25 17:26:21.979, NVIDIA L40S, 41, 0 %, 0 %, 475 MiB, 46068 MiB
2026/06/25 17:26:24.979, NVIDIA L40S, 41, 0 %, 0 %, 465 MiB, 46068 MiB
2026/06/25 17:26:27.980, NVIDIA L40S, 41, 0 %, 0 %, 595 MiB, 46068 MiB
2026/06/25 17:26:30.980, NVIDIA L40S, 41, 0 %, 0 %, 489 MiB, 46068 MiB
2026/06/25 17:26:33.981, NVIDIA L40S, 41, 0 %, 0 %, 1131 MiB, 46068 MiB
2026/06/25 17:26:36.982, NVIDIA L40S, 41, 0 %, 0 %, 473 MiB, 46068 MiB
2026/06/25 17:26:39.982, NVIDIA L40S, 41, 0 %, 0 %, 467 MiB, 46068 MiB
2026/06/25 17:26:42.983, NVIDIA L40S, 41, 0 %, 0 %, 723 MiB, 46068 MiB
2026/06/25 17:26:45.983, NVIDIA L40S, 41, 0 %, 0 %, 511 MiB, 46068 MiB
2026/06/25 17:26:48.984, NVIDIA L40S, 41, 0 %, 0 %, 607 MiB, 46068 MiB
2026/06/25 17:26:51.985, NVIDIA L40S, 41, 0 %, 0 %, 707 MiB, 46068 MiB
2026/06/25 17:26:54.985, NVIDIA L40S, 41, 0 %, 0 %, 545 MiB, 46068 MiB
2026/06/25 17:26:57.986, NVIDIA L40S, 41, 0 %, 0 %, 803 MiB, 46068 MiB
2026/06/25 17:27:00.987, NVIDIA L40S, 41, 0 %, 0 %, 459 MiB, 46068 MiB
2026/06/25 17:27:03.987, NVIDIA L40S, 41, 0 %, 0 %, 679 MiB, 46068 MiB
2026/06/25 17:27:06.988, NVIDIA L40S, 41, 0 %, 0 %, 639 MiB, 46068 MiB
2026/06/25 17:27:09.988, NVIDIA L40S, 41, 0 %, 0 %, 457 MiB, 46068 MiB
2026/06/25 17:27:12.989, NVIDIA L40S, 41, 0 %, 0 %, 513 MiB, 46068 MiB
2026/06/25 17:27:15.990, NVIDIA L40S, 41, 0 %, 0 %, 567 MiB, 46068 MiB
2026/06/25 17:27:18.990, NVIDIA L40S, 41, 0 %, 0 %, 505 MiB, 46068 MiB
2026/06/25 17:27:21.991, NVIDIA L40S, 41, 0 %, 0 %, 633 MiB, 46068 MiB
2026/06/25 17:27:24.992, NVIDIA L40S, 41, 0 %, 0 %, 459 MiB, 46068 MiB
2026/06/25 17:27:27.992, NVIDIA L40S, 41, 62 %, 1 %, 1019 MiB, 46068 MiB
2026/06/25 17:27:30.993, NVIDIA L40S, 41, 0 %, 0 %, 733 MiB, 46068 MiB
2026/06/25 17:27:33.994, NVIDIA L40S, 41, 0 %, 0 %, 439 MiB, 46068 MiB
2026/06/25 17:27:36.994, NVIDIA L40S, 41, 27 %, 0 %, 825 MiB, 46068 MiB
2026/06/25 17:27:39.995, NVIDIA L40S, 41, 0 %, 0 %, 559 MiB, 46068 MiB
2026/06/25 17:27:42.995, NVIDIA L40S, 41, 0 %, 0 %, 1713 MiB, 46068 MiB
2026/06/25 17:27:45.996, NVIDIA L40S, 41, 0 %, 0 %, 437 MiB, 46068 MiB
2026/06/25 17:27:48.997, NVIDIA L40S, 41, 0 %, 0 %, 1335 MiB, 46068 MiB
2026/06/25 17:27:51.997, NVIDIA L40S, 41, 0 %, 0 %, 477 MiB, 46068 MiB
2026/06/25 17:27:54.998, NVIDIA L40S, 41, 0 %, 0 %, 647 MiB, 46068 MiB
2026/06/25 17:27:57.999, NVIDIA L40S, 41, 0 %, 0 %, 571 MiB, 46068 MiB
2026/06/25 17:28:00.999, NVIDIA L40S, 41, 0 %, 0 %, 543 MiB, 46068 MiB
2026/06/25 17:28:04.000, NVIDIA L40S, 41, 0 %, 0 %, 801 MiB, 46068 MiB
2026/06/25 17:28:07.000, NVIDIA L40S, 41, 0 %, 0 %, 515 MiB, 46068 MiB
2026/06/25 17:28:10.001, NVIDIA L40S, 41, 0 %, 0 %, 463 MiB, 46068 MiB
2026/06/25 17:28:13.002, NVIDIA L40S, 41, 0 %, 0 %, 591 MiB, 46068 MiB
2026/06/25 17:28:16.002, NVIDIA L40S, 41, 0 %, 0 %, 437 MiB, 46068 MiB
2026/06/25 17:28:19.003, NVIDIA L40S, 41, 0 %, 0 %, 581 MiB, 46068 MiB
2026/06/25 17:28:22.003, NVIDIA L40S, 41, 0 %, 0 %, 609 MiB, 46068 MiB
2026/06/25 17:28:25.004, NVIDIA L40S, 41, 0 %, 0 %, 463 MiB, 46068 MiB
2026/06/25 17:28:28.005, NVIDIA L40S, 41, 0 %, 0 %, 849 MiB, 46068 MiB
2026/06/25 17:28:31.005, NVIDIA L40S, 40, 0 %, 0 %, 581 MiB, 46068 MiB
2026/06/25 17:28:34.006, NVIDIA L40S, 41, 3 %, 0 %, 543 MiB, 46068 MiB
2026/06/25 17:28:37.006, NVIDIA L40S, 41, 0 %, 0 %, 545 MiB, 46068 MiB
2026/06/25 17:28:40.007, NVIDIA L40S, 41, 0 %, 0 %, 519 MiB, 46068 MiB
2026/06/25 17:28:43.007, NVIDIA L40S, 41, 0 %, 0 %, 697 MiB, 46068 MiB
2026/06/25 17:28:46.008, NVIDIA L40S, 41, 0 %, 0 %, 923 MiB, 46068 MiB
2026/06/25 17:28:49.009, NVIDIA L40S, 41, 0 %, 0 %, 435 MiB, 46068 MiB
2026/06/25 17:28:52.009, NVIDIA L40S, 41, 0 %, 0 %, 565 MiB, 46068 MiB
2026/06/25 17:28:55.009, NVIDIA L40S, 41, 0 %, 0 %, 551 MiB, 46068 MiB
2026/06/25 17:28:58.010, NVIDIA L40S, 41, 0 %, 0 %, 547 MiB, 46068 MiB
2026/06/25 17:29:01.010, NVIDIA L40S, 41, 0 %, 0 %, 677 MiB, 46068 MiB
2026/06/25 17:29:04.011, NVIDIA L40S, 41, 0 %, 0 %, 507 MiB, 46068 MiB
2026/06/25 17:29:07.011, NVIDIA L40S, 41, 0 %, 0 %, 509 MiB, 46068 MiB
2026/06/25 17:29:10.011, NVIDIA L40S, 41, 0 %, 0 %, 639 MiB, 46068 MiB
2026/06/25 17:29:13.012, NVIDIA L40S, 41, 0 %, 0 %, 611 MiB, 46068 MiB
2026/06/25 17:29:16.012, NVIDIA L40S, 41, 0 %, 0 %, 535 MiB, 46068 MiB
2026/06/25 17:29:19.013, NVIDIA L40S, 41, 0 %, 0 %, 663 MiB, 46068 MiB
2026/06/25 17:29:22.013, NVIDIA L40S, 41, 0 %, 0 %, 455 MiB, 46068 MiB
2026/06/25 17:29:25.014, NVIDIA L40S, 41, 0 %, 0 %, 723 MiB, 46068 MiB
2026/06/25 17:29:28.014, NVIDIA L40S, 41, 0 %, 0 %, 1079 MiB, 46068 MiB
2026/06/25 17:29:31.015, NVIDIA L40S, 41, 0 %, 0 %, 1129 MiB, 46068 MiB
2026/06/25 17:29:34.015, NVIDIA L40S, 41, 0 %, 0 %, 507 MiB, 46068 MiB
2026/06/25 17:29:37.016, NVIDIA L40S, 41, 0 %, 0 %, 1917 MiB, 46068 MiB
2026/06/25 17:29:40.017, NVIDIA L40S, 41, 0 %, 0 %, 527 MiB, 46068 MiB
2026/06/25 17:29:43.017, NVIDIA L40S, 41, 0 %, 0 %, 657 MiB, 46068 MiB
2026/06/25 17:29:46.018, NVIDIA L40S, 41, 0 %, 0 %, 529 MiB, 46068 MiB
2026/06/25 17:29:49.018, NVIDIA L40S, 41, 0 %, 0 %, 1683 MiB, 46068 MiB
2026/06/25 17:29:52.019, NVIDIA L40S, 40, 0 %, 0 %, 477 MiB, 46068 MiB
2026/06/25 17:29:55.019, NVIDIA L40S, 40, 0 %, 0 %, 637 MiB, 46068 MiB
2026/06/25 17:29:58.020, NVIDIA L40S, 40, 0 %, 0 %, 529 MiB, 46068 MiB
2026/06/25 17:30:01.020, NVIDIA L40S, 40, 0 %, 0 %, 475 MiB, 46068 MiB
2026/06/25 17:30:04.021, NVIDIA L40S, 40, 0 %, 0 %, 513 MiB, 46068 MiB
2026/06/25 17:30:07.022, NVIDIA L40S, 40, 0 %, 0 %, 499 MiB, 46068 MiB
2026/06/25 17:30:10.022, NVIDIA L40S, 40, 0 %, 0 %, 1083 MiB, 46068 MiB
2026/06/25 17:30:13.023, NVIDIA L40S, 40, 0 %, 0 %, 517 MiB, 46068 MiB
2026/06/25 17:30:16.024, NVIDIA L40S, 41, 0 %, 0 %, 1543 MiB, 46068 MiB
2026/06/25 17:30:19.024, NVIDIA L40S, 41, 100 %, 0 %, 469 MiB, 46068 MiB
2026/06/25 17:30:22.025, NVIDIA L40S, 41, 0 %, 0 %, 725 MiB, 46068 MiB
2026/06/25 17:30:25.025, NVIDIA L40S, 41, 0 %, 0 %, 445 MiB, 46068 MiB
2026/06/25 17:30:28.026, NVIDIA L40S, 41, 0 %, 0 %, 915 MiB, 46068 MiB
2026/06/25 17:30:31.027, NVIDIA L40S, 41, 0 %, 0 %, 491 MiB, 46068 MiB
2026/06/25 17:30:34.027, NVIDIA L40S, 41, 0 %, 0 %, 491 MiB, 46068 MiB
2026/06/25 17:30:37.028, NVIDIA L40S, 41, 0 %, 0 %, 491 MiB, 46068 MiB
2026/06/25 17:30:40.029, NVIDIA L40S, 41, 0 %, 0 %, 491 MiB, 46068 MiB
2026/06/25 17:30:43.029, NVIDIA L40S, 41, 0 %, 0 %, 491 MiB, 46068 MiB
2026/06/25 17:30:46.030, NVIDIA L40S, 41, 0 %, 0 %, 491 MiB, 46068 MiB
2026/06/25 17:30:49.030, NVIDIA L40S, 41, 0 %, 0 %, 491 MiB, 46068 MiB
2026/06/25 17:30:52.031, NVIDIA L40S, 41, 0 %, 0 %, 491 MiB, 46068 MiB
2026/06/25 17:30:55.032, NVIDIA L40S, 41, 0 %, 0 %, 491 MiB, 46068 MiB
2026/06/25 17:30:58.032, NVIDIA L40S, 41, 0 %, 0 %, 491 MiB, 46068 MiB
2026/06/25 17:31:01.033, NVIDIA L40S, 41, 0 %, 0 %, 491 MiB, 46068 MiB
2026/06/25 17:31:04.033, NVIDIA L40S, 41, 0 %, 0 %, 491 MiB, 46068 MiB
2026/06/25 17:31:07.034, NVIDIA L40S, 41, 0 %, 0 %, 491 MiB, 46068 MiB
2026/06/25 17:31:10.034, NVIDIA L40S, 41, 0 %, 0 %, 491 MiB, 46068 MiB
2026/06/25 17:31:13.035, NVIDIA L40S, 41, 0 %, 0 %, 491 MiB, 46068 MiB
2026/06/25 17:31:16.035, NVIDIA L40S, 40, 0 %, 0 %, 491 MiB, 46068 MiB
2026/06/25 17:31:19.036, NVIDIA L40S, 40, 0 %, 0 %, 491 MiB, 46068 MiB
2026/06/25 17:31:22.037, NVIDIA L40S, 40, 0 %, 0 %, 491 MiB, 46068 MiB
2026/06/25 17:31:25.037, NVIDIA L40S, 40, 0 %, 0 %, 491 MiB, 46068 MiB
2026/06/25 17:31:28.038, NVIDIA L40S, 40, 0 %, 0 %, 491 MiB, 46068 MiB
2026/06/25 17:31:31.038, NVIDIA L40S, 40, 0 %, 0 %, 491 MiB, 46068 MiB
2026/06/25 17:31:34.039, NVIDIA L40S, 40, 0 %, 0 %, 491 MiB, 46068 MiB
2026/06/25 17:31:37.039, NVIDIA L40S, 40, 0 %, 0 %, 491 MiB, 46068 MiB
2026/06/25 17:31:40.040, NVIDIA L40S, 40, 0 %, 0 %, 491 MiB, 46068 MiB
2026/06/25 17:31:43.041, NVIDIA L40S, 41, 0 %, 0 %, 491 MiB, 46068 MiB
2026/06/25 17:31:46.041, NVIDIA L40S, 41, 0 %, 0 %, 491 MiB, 46068 MiB
2026/06/25 17:31:49.042, NVIDIA L40S, 41, 0 %, 0 %, 491 MiB, 46068 MiB
2026/06/25 17:31:52.042, NVIDIA L40S, 41, 0 %, 0 %, 491 MiB, 46068 MiB
2026/06/25 17:31:55.043, NVIDIA L40S, 41, 0 %, 0 %, 491 MiB, 46068 MiB
2026/06/25 17:31:58.044, NVIDIA L40S, 41, 0 %, 0 %, 491 MiB, 46068 MiB
2026/06/25 17:32:01.044, NVIDIA L40S, 41, 0 %, 0 %, 491 MiB, 46068 MiB
2026/06/25 17:32:04.045, NVIDIA L40S, 41, 0 %, 0 %, 491 MiB, 46068 MiB
2026/06/25 17:32:07.046, NVIDIA L40S, 41, 0 %, 0 %, 491 MiB, 46068 MiB
2026/06/25 17:32:10.046, NVIDIA L40S, 41, 0 %, 0 %, 491 MiB, 46068 MiB
2026/06/25 17:32:13.047, NVIDIA L40S, 41, 0 %, 0 %, 491 MiB, 46068 MiB
2026/06/25 17:32:16.047, NVIDIA L40S, 41, 0 %, 0 %, 491 MiB, 46068 MiB
2026/06/25 17:32:19.048, NVIDIA L40S, 41, 0 %, 0 %, 491 MiB, 46068 MiB
2026/06/25 17:32:22.048, NVIDIA L40S, 41, 0 %, 0 %, 491 MiB, 46068 MiB
2026/06/25 17:32:25.049, NVIDIA L40S, 41, 0 %, 0 %, 491 MiB, 46068 MiB
2026/06/25 17:32:28.050, NVIDIA L40S, 41, 0 %, 0 %, 491 MiB, 46068 MiB
2026/06/25 17:32:31.050, NVIDIA L40S, 41, 0 %, 0 %, 491 MiB, 46068 MiB
2026/06/25 17:32:34.051, NVIDIA L40S, 41, 0 %, 0 %, 491 MiB, 46068 MiB
2026/06/25 17:32:37.051, NVIDIA L40S, 41, 0 %, 0 %, 491 MiB, 46068 MiB
2026/06/25 17:32:40.052, NVIDIA L40S, 41, 0 %, 0 %, 491 MiB, 46068 MiB
2026/06/25 17:32:43.052, NVIDIA L40S, 41, 0 %, 0 %, 491 MiB, 46068 MiB
2026/06/25 17:32:46.053, NVIDIA L40S, 41, 0 %, 0 %, 491 MiB, 46068 MiB
2026/06/25 17:32:49.053, NVIDIA L40S, 40, 0 %, 0 %, 491 MiB, 46068 MiB
2026/06/25 17:32:52.054, NVIDIA L40S, 41, 0 %, 0 %, 491 MiB, 46068 MiB
2026/06/25 17:32:55.054, NVIDIA L40S, 41, 0 %, 0 %, 491 MiB, 46068 MiB
2026/06/25 17:32:58.055, NVIDIA L40S, 41, 0 %, 0 %, 491 MiB, 46068 MiB
2026/06/25 17:33:01.055, NVIDIA L40S, 41, 0 %, 0 %, 491 MiB, 46068 MiB
2026/06/25 17:33:04.056, NVIDIA L40S, 41, 0 %, 0 %, 491 MiB, 46068 MiB
2026/06/25 17:33:07.056, NVIDIA L40S, 41, 0 %, 0 %, 491 MiB, 46068 MiB
2026/06/25 17:33:10.057, NVIDIA L40S, 41, 0 %, 0 %, 491 MiB, 46068 MiB
2026/06/25 17:33:13.058, NVIDIA L40S, 41, 0 %, 0 %, 491 MiB, 46068 MiB
2026/06/25 17:33:16.058, NVIDIA L40S, 41, 0 %, 0 %, 491 MiB, 46068 MiB
2026/06/25 17:33:19.059, NVIDIA L40S, 41, 0 %, 0 %, 491 MiB, 46068 MiB
2026/06/25 17:33:22.059, NVIDIA L40S, 41, 0 %, 0 %, 491 MiB, 46068 MiB
2026/06/25 17:33:25.060, NVIDIA L40S, 41, 0 %, 0 %, 489 MiB, 46068 MiB
2026/06/25 17:33:28.060, NVIDIA L40S, 41, 0 %, 0 %, 489 MiB, 46068 MiB
2026/06/25 17:33:31.061, NVIDIA L40S, 40, 0 %, 0 %, 0 MiB, 46068 MiB
2026/06/25 17:33:34.061, NVIDIA L40S, 37, 0 %, 0 %, 0 MiB, 46068 MiB
2026/06/25 17:33:37.062, NVIDIA L40S, 37, 0 %, 0 %, 0 MiB, 46068 MiB
2026/06/25 17:33:40.062, NVIDIA L40S, 36, 0 %, 0 %, 0 MiB, 46068 MiB
2026/06/25 17:33:43.063, NVIDIA L40S, 36, 0 %, 0 %, 0 MiB, 46068 MiB
2026/06/25 17:33:46.063, NVIDIA L40S, 35, 0 %, 0 %, 0 MiB, 46068 MiB
2026/06/25 17:33:49.063, NVIDIA L40S, 35, 0 %, 0 %, 0 MiB, 46068 MiB
2026/06/25 17:33:52.064, NVIDIA L40S, 35, 0 %, 0 %, 0 MiB, 46068 MiB
2026/06/25 17:33:55.065, NVIDIA L40S, 34, 0 %, 0 %, 0 MiB, 46068 MiB
2026/06/25 17:33:58.065, NVIDIA L40S, 34, 0 %, 0 %, 0 MiB, 46068 MiB
2026/06/25 17:34:01.066, NVIDIA L40S, 33, 0 %, 0 %, 0 MiB, 46068 MiB
2026/06/25 17:34:04.067, NVIDIA L40S, 33, 0 %, 0 %, 0 MiB, 46068 MiB
2026/06/25 17:34:07.067, NVIDIA L40S, 33, 0 %, 0 %, 0 MiB, 46068 MiB
2026/06/25 17:34:10.068, NVIDIA L40S, 33, 0 %, 0 %, 0 MiB, 46068 MiB
2026/06/25 17:34:13.069, NVIDIA L40S, 32, 0 %, 0 %, 0 MiB, 46068 MiB
2026/06/25 17:34:16.069, NVIDIA L40S, 32, 0 %, 0 %, 0 MiB, 46068 MiB
2026/06/25 17:34:19.070, NVIDIA L40S, 32, 0 %, 0 %, 0 MiB, 46068 MiB
2026/06/25 17:34:22.070, NVIDIA L40S, 32, 0 %, 0 %, 0 MiB, 46068 MiB
2026/06/25 17:34:25.071, NVIDIA L40S, 32, 0 %, 0 %, 0 MiB, 46068 MiB
2026/06/25 17:34:28.071, NVIDIA L40S, 31, 0 %, 0 %, 0 MiB, 46068 MiB
2026/06/25 17:34:31.072, NVIDIA L40S, 31, 0 %, 0 %, 0 MiB, 46068 MiB
2026/06/25 17:34:34.073, NVIDIA L40S, 31, 0 %, 0 %, 0 MiB, 46068 MiB
2026/06/25 17:34:37.073, NVIDIA L40S, 31, 0 %, 0 %, 0 MiB, 46068 MiB
2026/06/25 17:34:40.074, NVIDIA L40S, 31, 0 %, 0 %, 0 MiB, 46068 MiB
2026/06/25 17:34:43.074, NVIDIA L40S, 31, 0 %, 0 %, 0 MiB, 46068 MiB
2026/06/25 17:34:46.075, NVIDIA L40S, 31, 0 %, 0 %, 0 MiB, 46068 MiB
2026/06/25 17:34:49.075, NVIDIA L40S, 30, 0 %, 0 %, 0 MiB, 46068 MiB
2026/06/25 17:34:52.076, NVIDIA L40S, 30, 0 %, 0 %, 0 MiB, 46068 MiB
2026/06/25 17:34:55.076, NVIDIA L40S, 30, 0 %, 0 %, 0 MiB, 46068 MiB
2026/06/25 17:34:58.077, NVIDIA L40S, 30, 0 %, 0 %, 0 MiB, 46068 MiB
2026/06/25 17:35:01.077, NVIDIA L40S, 30, 0 %, 0 %, 0 MiB, 46068 MiB
2026/06/25 17:35:04.078, NVIDIA L40S, 30, 0 %, 0 %, 0 MiB, 46068 MiB
2026/06/25 17:35:07.079, NVIDIA L40S, 30, 0 %, 0 %, 0 MiB, 46068 MiB
2026/06/25 17:35:10.079, NVIDIA L40S, 30, 0 %, 0 %, 0 MiB, 46068 MiB
2026/06/25 17:35:13.080, NVIDIA L40S, 30, 0 %, 0 %, 0 MiB, 46068 MiB
2026/06/25 17:35:16.080, NVIDIA L40S, 30, 0 %, 0 %, 0 MiB, 46068 MiB
2026/06/25 17:35:19.081, NVIDIA L40S, 30, 0 %, 0 %, 0 MiB, 46068 MiB
2026/06/25 17:35:22.081, NVIDIA L40S, 30, 0 %, 0 %, 0 MiB, 46068 MiB
2026/06/25 17:35:25.082, NVIDIA L40S, 30, 0 %, 0 %, 0 MiB, 46068 MiB
2026/06/25 17:35:28.082, NVIDIA L40S, 29, 0 %, 0 %, 0 MiB, 46068 MiB
2026/06/25 17:35:31.083, NVIDIA L40S, 29, 0 %, 0 %, 0 MiB, 46068 MiB
2026/06/25 17:35:34.083, NVIDIA L40S, 29, 0 %, 0 %, 0 MiB, 46068 MiB
2026/06/25 17:35:37.084, NVIDIA L40S, 29, 0 %, 0 %, 0 MiB, 46068 MiB
2026/06/25 17:35:40.084, NVIDIA L40S, 29, 0 %, 0 %, 0 MiB, 46068 MiB
2026/06/25 17:35:43.085, NVIDIA L40S, 29, 0 %, 0 %, 0 MiB, 46068 MiB
2026/06/25 17:35:46.085, NVIDIA L40S, 29, 0 %, 0 %, 0 MiB, 46068 MiB
2026/06/25 17:35:49.086, NVIDIA L40S, 29, 0 %, 0 %, 0 MiB, 46068 MiB
2026/06/25 17:35:52.086, NVIDIA L40S, 29, 0 %, 0 %, 0 MiB, 46068 MiB
2026/06/25 17:35:55.087, NVIDIA L40S, 30, 0 %, 0 %, 435 MiB, 46068 MiB
2026/06/25 17:35:58.087, NVIDIA L40S, 32, 0 %, 0 %, 435 MiB, 46068 MiB
2026/06/25 17:36:01.088, NVIDIA L40S, 33, 0 %, 0 %, 435 MiB, 46068 MiB
2026/06/25 17:36:04.089, NVIDIA L40S, 33, 0 %, 0 %, 437 MiB, 46068 MiB
2026/06/25 17:36:07.089, NVIDIA L40S, 34, 0 %, 0 %, 565 MiB, 46068 MiB
2026/06/25 17:36:10.090, NVIDIA L40S, 34, 0 %, 0 %, 553 MiB, 46068 MiB
2026/06/25 17:36:13.091, NVIDIA L40S, 35, 0 %, 0 %, 553 MiB, 46068 MiB
2026/06/25 17:36:16.091, NVIDIA L40S, 35, 0 %, 0 %, 555 MiB, 46068 MiB
2026/06/25 17:36:19.092, NVIDIA L40S, 35, 0 %, 0 %, 555 MiB, 46068 MiB
2026/06/25 17:36:22.092, NVIDIA L40S, 35, 0 %, 0 %, 543 MiB, 46068 MiB
2026/06/25 17:36:25.093, NVIDIA L40S, 36, 0 %, 0 %, 543 MiB, 46068 MiB
2026/06/25 17:36:28.094, NVIDIA L40S, 36, 0 %, 0 %, 545 MiB, 46068 MiB
2026/06/25 17:36:31.094, NVIDIA L40S, 36, 0 %, 0 %, 1185 MiB, 46068 MiB
2026/06/25 17:36:34.095, NVIDIA L40S, 37, 0 %, 0 %, 499 MiB, 46068 MiB
2026/06/25 17:36:37.096, NVIDIA L40S, 37, 0 %, 0 %, 499 MiB, 46068 MiB
2026/06/25 17:36:40.096, NVIDIA L40S, 37, 0 %, 0 %, 501 MiB, 46068 MiB
2026/06/25 17:36:43.097, NVIDIA L40S, 37, 0 %, 0 %, 501 MiB, 46068 MiB
2026/06/25 17:36:46.097, NVIDIA L40S, 37, 50 %, 1 %, 15093 MiB, 46068 MiB
2026/06/25 17:36:49.098, NVIDIA L40S, 37, 9 %, 0 %, 6639 MiB, 46068 MiB
2026/06/25 17:36:52.098, NVIDIA L40S, 37, 0 %, 0 %, 547 MiB, 46068 MiB
2026/06/25 17:36:55.098, NVIDIA L40S, 38, 0 %, 0 %, 547 MiB, 46068 MiB
2026/06/25 17:36:58.099, NVIDIA L40S, 38, 0 %, 0 %, 549 MiB, 46068 MiB
2026/06/25 17:37:01.099, NVIDIA L40S, 38, 100 %, 2 %, 5029 MiB, 46068 MiB
2026/06/25 17:37:04.100, NVIDIA L40S, 38, 70 %, 6 %, 5287 MiB, 46068 MiB
2026/06/25 17:37:07.100, NVIDIA L40S, 38, 0 %, 0 %, 5279 MiB, 46068 MiB
2026/06/25 17:37:10.100, NVIDIA L40S, 38, 0 %, 0 %, 449 MiB, 46068 MiB
2026/06/25 17:37:13.101, NVIDIA L40S, 38, 0 %, 0 %, 449 MiB, 46068 MiB
2026/06/25 17:37:16.101, NVIDIA L40S, 38, 0 %, 0 %, 449 MiB, 46068 MiB
2026/06/25 17:37:19.102, NVIDIA L40S, 38, 0 %, 0 %, 451 MiB, 46068 MiB
2026/06/25 17:37:22.102, NVIDIA L40S, 38, 0 %, 0 %, 451 MiB, 46068 MiB
2026/06/25 17:37:25.103, NVIDIA L40S, 39, 0 %, 0 %, 439 MiB, 46068 MiB
2026/06/25 17:37:28.103, NVIDIA L40S, 39, 0 %, 0 %, 439 MiB, 46068 MiB
2026/06/25 17:37:31.104, NVIDIA L40S, 39, 0 %, 0 %, 439 MiB, 46068 MiB
2026/06/25 17:37:34.104, NVIDIA L40S, 39, 0 %, 0 %, 439 MiB, 46068 MiB
2026/06/25 17:37:37.105, NVIDIA L40S, 39, 0 %, 0 %, 439 MiB, 46068 MiB
2026/06/25 17:37:40.105, NVIDIA L40S, 39, 0 %, 0 %, 441 MiB, 46068 MiB
2026/06/25 17:37:43.106, NVIDIA L40S, 39, 0 %, 0 %, 441 MiB, 46068 MiB
2026/06/25 17:37:46.106, NVIDIA L40S, 39, 0 %, 0 %, 491 MiB, 46068 MiB
2026/06/25 17:37:49.107, NVIDIA L40S, 39, 0 %, 0 %, 491 MiB, 46068 MiB
2026/06/25 17:37:52.107, NVIDIA L40S, 39, 0 %, 0 %, 493 MiB, 46068 MiB
2026/06/25 17:37:55.108, NVIDIA L40S, 40, 0 %, 0 %, 493 MiB, 46068 MiB
2026/06/25 17:37:58.108, NVIDIA L40S, 40, 5 %, 0 %, 465 MiB, 46068 MiB
2026/06/25 17:38:01.108, NVIDIA L40S, 40, 0 %, 0 %, 465 MiB, 46068 MiB
2026/06/25 17:38:04.109, NVIDIA L40S, 40, 0 %, 0 %, 465 MiB, 46068 MiB
2026/06/25 17:38:07.109, NVIDIA L40S, 40, 0 %, 0 %, 467 MiB, 46068 MiB
2026/06/25 17:38:10.110, NVIDIA L40S, 40, 0 %, 0 %, 2515 MiB, 46068 MiB
2026/06/25 17:38:13.110, NVIDIA L40S, 40, 0 %, 0 %, 467 MiB, 46068 MiB
2026/06/25 17:38:16.111, NVIDIA L40S, 40, 0 %, 0 %, 467 MiB, 46068 MiB
2026/06/25 17:38:19.111, NVIDIA L40S, 40, 0 %, 0 %, 469 MiB, 46068 MiB
2026/06/25 17:38:22.112, NVIDIA L40S, 40, 0 %, 0 %, 469 MiB, 46068 MiB
2026/06/25 17:38:25.112, NVIDIA L40S, 40, 0 %, 0 %, 467 MiB, 46068 MiB
2026/06/25 17:38:28.113, NVIDIA L40S, 40, 0 %, 0 %, 457 MiB, 46068 MiB
2026/06/25 17:38:31.113, NVIDIA L40S, 40, 0 %, 0 %, 459 MiB, 46068 MiB
2026/06/25 17:38:34.114, NVIDIA L40S, 40, 0 %, 0 %, 459 MiB, 46068 MiB
2026/06/25 17:38:37.114, NVIDIA L40S, 40, 0 %, 0 %, 4085 MiB, 46068 MiB
2026/06/25 17:38:40.115, NVIDIA L40S, 40, 0 %, 0 %, 465 MiB, 46068 MiB
2026/06/25 17:38:43.115, NVIDIA L40S, 40, 0 %, 0 %, 467 MiB, 46068 MiB
2026/06/25 17:38:46.116, NVIDIA L40S, 40, 0 %, 0 %, 467 MiB, 46068 MiB
2026/06/25 17:38:49.116, NVIDIA L40S, 40, 0 %, 0 %, 467 MiB, 46068 MiB
2026/06/25 17:38:52.117, NVIDIA L40S, 40, 0 %, 0 %, 455 MiB, 46068 MiB
2026/06/25 17:38:55.117, NVIDIA L40S, 40, 0 %, 0 %, 457 MiB, 46068 MiB
2026/06/25 17:38:58.118, NVIDIA L40S, 40, 0 %, 0 %, 457 MiB, 46068 MiB
2026/06/25 17:39:01.118, NVIDIA L40S, 40, 1 %, 0 %, 445 MiB, 46068 MiB
2026/06/25 17:39:04.118, NVIDIA L40S, 40, 0 %, 0 %, 445 MiB, 46068 MiB
2026/06/25 17:39:07.119, NVIDIA L40S, 40, 0 %, 0 %, 445 MiB, 46068 MiB
2026/06/25 17:39:10.119, NVIDIA L40S, 40, 0 %, 0 %, 447 MiB, 46068 MiB
2026/06/25 17:39:13.120, NVIDIA L40S, 40, 0 %, 0 %, 9023 MiB, 46068 MiB
2026/06/25 17:39:16.120, NVIDIA L40S, 40, 84 %, 2 %, 1257 MiB, 46068 MiB
2026/06/25 17:39:19.121, NVIDIA L40S, 40, 0 %, 0 %, 459 MiB, 46068 MiB
2026/06/25 17:39:22.121, NVIDIA L40S, 40, 0 %, 0 %, 461 MiB, 46068 MiB
2026/06/25 17:39:25.121, NVIDIA L40S, 40, 0 %, 0 %, 461 MiB, 46068 MiB
2026/06/25 17:39:28.122, NVIDIA L40S, 40, 0 %, 0 %, 449 MiB, 46068 MiB
2026/06/25 17:39:31.122, NVIDIA L40S, 40, 0 %, 0 %, 449 MiB, 46068 MiB
2026/06/25 17:39:34.123, NVIDIA L40S, 40, 0 %, 0 %, 449 MiB, 46068 MiB
2026/06/25 17:39:37.123, NVIDIA L40S, 40, 0 %, 0 %, 451 MiB, 46068 MiB
2026/06/25 17:39:40.124, NVIDIA L40S, 40, 0 %, 0 %, 451 MiB, 46068 MiB
2026/06/25 17:39:43.124, NVIDIA L40S, 40, 0 %, 0 %, 451 MiB, 46068 MiB
2026/06/25 17:39:46.125, NVIDIA L40S, 40, 0 %, 0 %, 439 MiB, 46068 MiB
2026/06/25 17:39:49.125, NVIDIA L40S, 40, 0 %, 0 %, 439 MiB, 46068 MiB
2026/06/25 17:39:52.126, NVIDIA L40S, 40, 0 %, 0 %, 439 MiB, 46068 MiB
2026/06/25 17:39:55.126, NVIDIA L40S, 40, 0 %, 0 %, 439 MiB, 46068 MiB
2026/06/25 17:39:58.127, NVIDIA L40S, 40, 0 %, 0 %, 441 MiB, 46068 MiB
2026/06/25 17:40:01.127, NVIDIA L40S, 40, 0 %, 0 %, 1465 MiB, 46068 MiB
2026/06/25 17:40:04.128, NVIDIA L40S, 40, 5 %, 0 %, 1387 MiB, 46068 MiB
2026/06/25 17:40:07.128, NVIDIA L40S, 40, 0 %, 0 %, 473 MiB, 46068 MiB
2026/06/25 17:40:10.129, NVIDIA L40S, 40, 0 %, 0 %, 473 MiB, 46068 MiB
2026/06/25 17:40:13.129, NVIDIA L40S, 40, 0 %, 0 %, 473 MiB, 46068 MiB
2026/06/25 17:40:16.130, NVIDIA L40S, 40, 0 %, 0 %, 475 MiB, 46068 MiB
2026/06/25 17:40:19.130, NVIDIA L40S, 40, 0 %, 0 %, 475 MiB, 46068 MiB
2026/06/25 17:40:22.131, NVIDIA L40S, 40, 0 %, 0 %, 465 MiB, 46068 MiB
2026/06/25 17:40:25.131, NVIDIA L40S, 40, 0 %, 0 %, 465 MiB, 46068 MiB
2026/06/25 17:40:28.132, NVIDIA L40S, 40, 0 %, 0 %, 465 MiB, 46068 MiB
2026/06/25 17:40:31.132, NVIDIA L40S, 40, 0 %, 0 %, 465 MiB, 46068 MiB
2026/06/25 17:40:34.132, NVIDIA L40S, 40, 0 %, 0 %, 465 MiB, 46068 MiB
2026/06/25 17:40:37.133, NVIDIA L40S, 40, 0 %, 0 %, 467 MiB, 46068 MiB
2026/06/25 17:40:40.133, NVIDIA L40S, 41, 0 %, 0 %, 467 MiB, 46068 MiB
2026/06/25 17:40:43.134, NVIDIA L40S, 41, 0 %, 0 %, 455 MiB, 46068 MiB
2026/06/25 17:40:46.134, NVIDIA L40S, 41, 0 %, 0 %, 455 MiB, 46068 MiB
2026/06/25 17:40:49.135, NVIDIA L40S, 41, 0 %, 0 %, 457 MiB, 46068 MiB
2026/06/25 17:40:52.135, NVIDIA L40S, 41, 0 %, 0 %, 457 MiB, 46068 MiB
2026/06/25 17:40:55.136, NVIDIA L40S, 41, 0 %, 0 %, 445 MiB, 46068 MiB
2026/06/25 17:40:58.136, NVIDIA L40S, 41, 0 %, 0 %, 445 MiB, 46068 MiB
2026/06/25 17:41:01.137, NVIDIA L40S, 40, 0 %, 0 %, 447 MiB, 46068 MiB
2026/06/25 17:41:04.137, NVIDIA L40S, 40, 0 %, 0 %, 447 MiB, 46068 MiB
2026/06/25 17:41:07.138, NVIDIA L40S, 40, 0 %, 0 %, 435 MiB, 46068 MiB
2026/06/25 17:41:10.138, NVIDIA L40S, 40, 0 %, 0 %, 435 MiB, 46068 MiB
2026/06/25 17:41:13.139, NVIDIA L40S, 40, 0 %, 0 %, 437 MiB, 46068 MiB
2026/06/25 17:41:16.139, NVIDIA L40S, 40, 0 %, 0 %, 2997 MiB, 46068 MiB
2026/06/25 17:41:19.140, NVIDIA L40S, 40, 57 %, 1 %, 463 MiB, 46068 MiB
2026/06/25 17:41:22.140, NVIDIA L40S, 40, 0 %, 0 %, 461 MiB, 46068 MiB
2026/06/25 17:41:25.140, NVIDIA L40S, 40, 0 %, 0 %, 463 MiB, 46068 MiB
2026/06/25 17:41:28.141, NVIDIA L40S, 40, 0 %, 0 %, 463 MiB, 46068 MiB
2026/06/25 17:41:31.141, NVIDIA L40S, 40, 0 %, 0 %, 10703 MiB, 46068 MiB
2026/06/25 17:41:34.142, NVIDIA L40S, 40, 0 %, 0 %, 543 MiB, 46068 MiB
2026/06/25 17:41:37.142, NVIDIA L40S, 40, 0 %, 0 %, 543 MiB, 46068 MiB
2026/06/25 17:41:40.143, NVIDIA L40S, 40, 0 %, 0 %, 545 MiB, 46068 MiB
2026/06/25 17:41:43.143, NVIDIA L40S, 40, 0 %, 0 %, 545 MiB, 46068 MiB
2026/06/25 17:41:46.144, NVIDIA L40S, 40, 0 %, 0 %, 533 MiB, 46068 MiB
2026/06/25 17:41:49.144, NVIDIA L40S, 40, 0 %, 0 %, 533 MiB, 46068 MiB
2026/06/25 17:41:52.144, NVIDIA L40S, 40, 0 %, 0 %, 533 MiB, 46068 MiB
2026/06/25 17:41:55.145, NVIDIA L40S, 40, 0 %, 0 %, 533 MiB, 46068 MiB
2026/06/25 17:41:58.145, NVIDIA L40S, 40, 0 %, 0 %, 535 MiB, 46068 MiB
2026/06/25 17:42:01.145, NVIDIA L40S, 41, 100 %, 3 %, 12183 MiB, 46068 MiB
2026/06/25 17:42:04.146, NVIDIA L40S, 41, 0 %, 0 %, 501 MiB, 46068 MiB
2026/06/25 17:42:07.146, NVIDIA L40S, 41, 0 %, 0 %, 501 MiB, 46068 MiB
2026/06/25 17:42:10.147, NVIDIA L40S, 41, 0 %, 0 %, 503 MiB, 46068 MiB
2026/06/25 17:42:13.147, NVIDIA L40S, 41, 95 %, 1 %, 1271 MiB, 46068 MiB
2026/06/25 17:42:16.147, NVIDIA L40S, 41, 0 %, 0 %, 559 MiB, 46068 MiB
2026/06/25 17:42:19.148, NVIDIA L40S, 41, 0 %, 0 %, 559 MiB, 46068 MiB
2026/06/25 17:42:22.148, NVIDIA L40S, 41, 0 %, 0 %, 561 MiB, 46068 MiB
2026/06/25 17:42:25.149, NVIDIA L40S, 41, 0 %, 0 %, 561 MiB, 46068 MiB
2026/06/25 17:42:28.149, NVIDIA L40S, 41, 70 %, 6 %, 3635 MiB, 46068 MiB
2026/06/25 17:42:31.150, NVIDIA L40S, 41, 0 %, 0 %, 489 MiB, 46068 MiB
2026/06/25 17:42:34.150, NVIDIA L40S, 41, 0 %, 0 %, 489 MiB, 46068 MiB
2026/06/25 17:42:37.150, NVIDIA L40S, 40, 0 %, 0 %, 491 MiB, 46068 MiB
2026/06/25 17:42:40.151, NVIDIA L40S, 40, 0 %, 0 %, 491 MiB, 46068 MiB
2026/06/25 17:42:43.151, NVIDIA L40S, 40, 3 %, 0 %, 479 MiB, 46068 MiB
2026/06/25 17:42:46.152, NVIDIA L40S, 40, 0 %, 0 %, 479 MiB, 46068 MiB
2026/06/25 17:42:49.152, NVIDIA L40S, 40, 0 %, 0 %, 481 MiB, 46068 MiB
2026/06/25 17:42:52.153, NVIDIA L40S, 40, 0 %, 0 %, 481 MiB, 46068 MiB
2026/06/25 17:42:55.153, NVIDIA L40S, 40, 0 %, 0 %, 469 MiB, 46068 MiB
2026/06/25 17:42:58.154, NVIDIA L40S, 40, 0 %, 0 %, 469 MiB, 46068 MiB
2026/06/25 17:43:01.154, NVIDIA L40S, 41, 0 %, 0 %, 471 MiB, 46068 MiB
2026/06/25 17:43:04.155, NVIDIA L40S, 41, 0 %, 0 %, 471 MiB, 46068 MiB
2026/06/25 17:43:07.155, NVIDIA L40S, 41, 0 %, 0 %, 521 MiB, 46068 MiB
2026/06/25 17:43:10.156, NVIDIA L40S, 41, 0 %, 0 %, 519 MiB, 46068 MiB
2026/06/25 17:43:13.156, NVIDIA L40S, 41, 0 %, 0 %, 521 MiB, 46068 MiB
2026/06/25 17:43:16.157, NVIDIA L40S, 41, 0 %, 0 %, 521 MiB, 46068 MiB
2026/06/25 17:43:19.157, NVIDIA L40S, 41, 0 %, 0 %, 13449 MiB, 46068 MiB
2026/06/25 17:43:22.158, NVIDIA L40S, 41, 0 %, 0 %, 497 MiB, 46068 MiB
2026/06/25 17:43:25.158, NVIDIA L40S, 41, 0 %, 0 %, 497 MiB, 46068 MiB
2026/06/25 17:43:28.158, NVIDIA L40S, 41, 0 %, 0 %, 499 MiB, 46068 MiB
2026/06/25 17:43:31.159, NVIDIA L40S, 41, 73 %, 0 %, 2931 MiB, 46068 MiB
2026/06/25 17:43:34.159, NVIDIA L40S, 41, 84 %, 1 %, 455 MiB, 46068 MiB
2026/06/25 17:43:37.160, NVIDIA L40S, 41, 0 %, 0 %, 453 MiB, 46068 MiB
2026/06/25 17:43:40.160, NVIDIA L40S, 41, 0 %, 0 %, 453 MiB, 46068 MiB
2026/06/25 17:43:43.161, NVIDIA L40S, 41, 0 %, 0 %, 455 MiB, 46068 MiB
2026/06/25 17:43:46.161, NVIDIA L40S, 41, 0 %, 0 %, 8775 MiB, 46068 MiB
2026/06/25 17:43:49.162, NVIDIA L40S, 41, 0 %, 0 %, 439 MiB, 46068 MiB
2026/06/25 17:43:52.162, NVIDIA L40S, 41, 0 %, 0 %, 439 MiB, 46068 MiB
2026/06/25 17:43:55.162, NVIDIA L40S, 41, 0 %, 0 %, 441 MiB, 46068 MiB
2026/06/25 17:43:58.163, NVIDIA L40S, 41, 0 %, 0 %, 441 MiB, 46068 MiB
2026/06/25 17:44:01.163, NVIDIA L40S, 41, 0 %, 0 %, 1029 MiB, 46068 MiB
2026/06/25 17:44:04.164, NVIDIA L40S, 41, 0 %, 0 %, 545 MiB, 46068 MiB
2026/06/25 17:44:07.164, NVIDIA L40S, 40, 0 %, 0 %, 547 MiB, 46068 MiB
2026/06/25 17:44:10.164, NVIDIA L40S, 40, 0 %, 0 %, 547 MiB, 46068 MiB
2026/06/25 17:44:13.165, NVIDIA L40S, 40, 49 %, 4 %, 1655 MiB, 46068 MiB
2026/06/25 17:44:16.166, NVIDIA L40S, 40, 0 %, 0 %, 539 MiB, 46068 MiB
2026/06/25 17:44:19.166, NVIDIA L40S, 40, 0 %, 0 %, 541 MiB, 46068 MiB
2026/06/25 17:44:22.167, NVIDIA L40S, 40, 0 %, 0 %, 541 MiB, 46068 MiB
2026/06/25 17:44:25.167, NVIDIA L40S, 40, 0 %, 0 %, 529 MiB, 46068 MiB
2026/06/25 17:44:28.168, NVIDIA L40S, 40, 0 %, 0 %, 529 MiB, 46068 MiB
2026/06/25 17:44:31.168, NVIDIA L40S, 40, 0 %, 0 %, 531 MiB, 46068 MiB
2026/06/25 17:44:34.169, NVIDIA L40S, 40, 0 %, 0 %, 531 MiB, 46068 MiB
2026/06/25 17:44:37.169, NVIDIA L40S, 40, 0 %, 0 %, 519 MiB, 46068 MiB
2026/06/25 17:44:40.169, NVIDIA L40S, 40, 0 %, 0 %, 519 MiB, 46068 MiB
2026/06/25 17:44:43.170, NVIDIA L40S, 40, 0 %, 0 %, 521 MiB, 46068 MiB
2026/06/25 17:44:46.170, NVIDIA L40S, 40, 0 %, 0 %, 521 MiB, 46068 MiB
2026/06/25 17:44:49.171, NVIDIA L40S, 40, 31 %, 1 %, 2719 MiB, 46068 MiB
2026/06/25 17:44:52.171, NVIDIA L40S, 40, 0 %, 0 %, 543 MiB, 46068 MiB
2026/06/25 17:44:55.172, NVIDIA L40S, 40, 0 %, 0 %, 545 MiB, 46068 MiB
2026/06/25 17:44:58.172, NVIDIA L40S, 41, 0 %, 0 %, 545 MiB, 46068 MiB
2026/06/25 17:45:01.173, NVIDIA L40S, 41, 0 %, 0 %, 3509 MiB, 46068 MiB
2026/06/25 17:45:04.173, NVIDIA L40S, 41, 0 %, 0 %, 479 MiB, 46068 MiB
2026/06/25 17:45:07.174, NVIDIA L40S, 41, 0 %, 0 %, 481 MiB, 46068 MiB
2026/06/25 17:45:10.174, NVIDIA L40S, 41, 0 %, 0 %, 1633 MiB, 46068 MiB
2026/06/25 17:45:13.174, NVIDIA L40S, 41, 0 %, 0 %, 517 MiB, 46068 MiB
2026/06/25 17:45:16.175, NVIDIA L40S, 41, 0 %, 0 %, 517 MiB, 46068 MiB
2026/06/25 17:45:19.175, NVIDIA L40S, 41, 0 %, 0 %, 517 MiB, 46068 MiB
2026/06/25 17:45:22.176, NVIDIA L40S, 41, 0 %, 0 %, 517 MiB, 46068 MiB
2026/06/25 17:45:25.176, NVIDIA L40S, 40, 0 %, 0 %, 517 MiB, 46068 MiB
2026/06/25 17:45:28.177, NVIDIA L40S, 40, 0 %, 0 %, 519 MiB, 46068 MiB
2026/06/25 17:45:31.177, NVIDIA L40S, 40, 0 %, 0 %, 519 MiB, 46068 MiB
2026/06/25 17:45:34.178, NVIDIA L40S, 40, 0 %, 0 %, 507 MiB, 46068 MiB
2026/06/25 17:45:37.178, NVIDIA L40S, 40, 0 %, 0 %, 507 MiB, 46068 MiB
2026/06/25 17:45:40.179, NVIDIA L40S, 40, 0 %, 0 %, 509 MiB, 46068 MiB
2026/06/25 17:45:43.179, NVIDIA L40S, 41, 0 %, 0 %, 509 MiB, 46068 MiB
2026/06/25 17:45:46.180, NVIDIA L40S, 41, 0 %, 0 %, 497 MiB, 46068 MiB
2026/06/25 17:45:49.180, NVIDIA L40S, 41, 0 %, 0 %, 497 MiB, 46068 MiB
2026/06/25 17:45:52.180, NVIDIA L40S, 41, 0 %, 0 %, 499 MiB, 46068 MiB
2026/06/25 17:45:55.181, NVIDIA L40S, 41, 0 %, 0 %, 499 MiB, 46068 MiB
2026/06/25 17:45:58.181, NVIDIA L40S, 41, 0 %, 0 %, 487 MiB, 46068 MiB
2026/06/25 17:46:01.182, NVIDIA L40S, 41, 0 %, 0 %, 487 MiB, 46068 MiB
2026/06/25 17:46:04.182, NVIDIA L40S, 41, 0 %, 0 %, 487 MiB, 46068 MiB
2026/06/25 17:46:07.182, NVIDIA L40S, 41, 0 %, 0 %, 487 MiB, 46068 MiB
2026/06/25 17:46:10.183, NVIDIA L40S, 41, 0 %, 0 %, 487 MiB, 46068 MiB
2026/06/25 17:46:13.183, NVIDIA L40S, 41, 0 %, 0 %, 489 MiB, 46068 MiB
2026/06/25 17:46:16.184, NVIDIA L40S, 41, 0 %, 0 %, 489 MiB, 46068 MiB
2026/06/25 17:46:19.184, NVIDIA L40S, 41, 1 %, 0 %, 477 MiB, 46068 MiB
2026/06/25 17:46:22.185, NVIDIA L40S, 41, 0 %, 0 %, 477 MiB, 46068 MiB
2026/06/25 17:46:25.185, NVIDIA L40S, 41, 0 %, 0 %, 477 MiB, 46068 MiB
2026/06/25 17:46:28.186, NVIDIA L40S, 41, 0 %, 0 %, 477 MiB, 46068 MiB
2026/06/25 17:46:31.186, NVIDIA L40S, 41, 0 %, 0 %, 479 MiB, 46068 MiB
2026/06/25 17:46:34.186, NVIDIA L40S, 41, 2 %, 0 %, 1247 MiB, 46068 MiB
2026/06/25 17:46:37.187, NVIDIA L40S, 41, 0 %, 0 %, 515 MiB, 46068 MiB
2026/06/25 17:46:40.187, NVIDIA L40S, 41, 0 %, 0 %, 515 MiB, 46068 MiB
2026/06/25 17:46:43.188, NVIDIA L40S, 41, 0 %, 0 %, 517 MiB, 46068 MiB
2026/06/25 17:46:46.188, NVIDIA L40S, 41, 0 %, 0 %, 517 MiB, 46068 MiB
2026/06/25 17:46:49.188, NVIDIA L40S, 41, 0 %, 0 %, 521 MiB, 46068 MiB
2026/06/25 17:46:52.189, NVIDIA L40S, 41, 0 %, 0 %, 521 MiB, 46068 MiB
2026/06/25 17:46:55.189, NVIDIA L40S, 41, 0 %, 0 %, 523 MiB, 46068 MiB
2026/06/25 17:46:58.190, NVIDIA L40S, 41, 0 %, 0 %, 523 MiB, 46068 MiB
2026/06/25 17:47:01.190, NVIDIA L40S, 41, 0 %, 0 %, 511 MiB, 46068 MiB
2026/06/25 17:47:04.191, NVIDIA L40S, 41, 0 %, 0 %, 511 MiB, 46068 MiB
2026/06/25 17:47:07.191, NVIDIA L40S, 41, 0 %, 0 %, 513 MiB, 46068 MiB
2026/06/25 17:47:10.191, NVIDIA L40S, 41, 0 %, 0 %, 513 MiB, 46068 MiB
2026/06/25 17:47:13.192, NVIDIA L40S, 41, 0 %, 0 %, 501 MiB, 46068 MiB
2026/06/25 17:47:16.192, NVIDIA L40S, 41, 0 %, 0 %, 501 MiB, 46068 MiB
2026/06/25 17:47:19.193, NVIDIA L40S, 41, 0 %, 0 %, 503 MiB, 46068 MiB
2026/06/25 17:47:22.193, NVIDIA L40S, 41, 0 %, 0 %, 503 MiB, 46068 MiB
2026/06/25 17:47:25.193, NVIDIA L40S, 41, 0 %, 0 %, 491 MiB, 46068 MiB
2026/06/25 17:47:28.194, NVIDIA L40S, 41, 0 %, 0 %, 491 MiB, 46068 MiB
2026/06/25 17:47:31.194, NVIDIA L40S, 41, 0 %, 0 %, 493 MiB, 46068 MiB
2026/06/25 17:47:34.195, NVIDIA L40S, 41, 100 %, 2 %, 10733 MiB, 46068 MiB
2026/06/25 17:47:37.195, NVIDIA L40S, 41, 0 %, 0 %, 509 MiB, 46068 MiB
2026/06/25 17:47:40.196, NVIDIA L40S, 41, 0 %, 0 %, 509 MiB, 46068 MiB
2026/06/25 17:47:43.196, NVIDIA L40S, 41, 0 %, 0 %, 511 MiB, 46068 MiB
2026/06/25 17:47:46.196, NVIDIA L40S, 41, 72 %, 1 %, 4351 MiB, 46068 MiB
2026/06/25 17:47:49.197, NVIDIA L40S, 41, 5 %, 0 %, 475 MiB, 46068 MiB
2026/06/25 17:47:52.197, NVIDIA L40S, 41, 0 %, 0 %, 475 MiB, 46068 MiB
2026/06/25 17:47:55.198, NVIDIA L40S, 41, 0 %, 0 %, 477 MiB, 46068 MiB
2026/06/25 17:47:58.198, NVIDIA L40S, 41, 0 %, 0 %, 477 MiB, 46068 MiB
2026/06/25 17:48:01.199, NVIDIA L40S, 41, 0 %, 0 %, 465 MiB, 46068 MiB
2026/06/25 17:48:04.199, NVIDIA L40S, 41, 0 %, 0 %, 465 MiB, 46068 MiB
2026/06/25 17:48:07.199, NVIDIA L40S, 41, 0 %, 0 %, 467 MiB, 46068 MiB
2026/06/25 17:48:10.200, NVIDIA L40S, 41, 0 %, 0 %, 467 MiB, 46068 MiB
2026/06/25 17:48:13.200, NVIDIA L40S, 41, 0 %, 0 %, 467 MiB, 46068 MiB
2026/06/25 17:48:16.200, NVIDIA L40S, 41, 0 %, 0 %, 455 MiB, 46068 MiB
2026/06/25 17:48:19.201, NVIDIA L40S, 41, 0 %, 0 %, 457 MiB, 46068 MiB
2026/06/25 17:48:22.201, NVIDIA L40S, 41, 0 %, 0 %, 457 MiB, 46068 MiB
2026/06/25 17:48:25.202, NVIDIA L40S, 41, 0 %, 0 %, 445 MiB, 46068 MiB
2026/06/25 17:48:28.202, NVIDIA L40S, 40, 0 %, 0 %, 445 MiB, 46068 MiB
2026/06/25 17:48:31.202, NVIDIA L40S, 40, 0 %, 0 %, 447 MiB, 46068 MiB
2026/06/25 17:48:34.203, NVIDIA L40S, 40, 100 %, 2 %, 9151 MiB, 46068 MiB
2026/06/25 17:48:37.203, NVIDIA L40S, 40, 0 %, 0 %, 515 MiB, 46068 MiB
2026/06/25 17:48:40.204, NVIDIA L40S, 40, 0 %, 0 %, 515 MiB, 46068 MiB
2026/06/25 17:48:43.204, NVIDIA L40S, 40, 0 %, 0 %, 517 MiB, 46068 MiB
2026/06/25 17:48:46.205, NVIDIA L40S, 40, 0 %, 0 %, 10117 MiB, 46068 MiB
2026/06/25 17:48:49.205, NVIDIA L40S, 40, 0 %, 0 %, 4737 MiB, 46068 MiB
2026/06/25 17:48:52.205, NVIDIA L40S, 41, 0 %, 0 %, 485 MiB, 46068 MiB
2026/06/25 17:48:55.206, NVIDIA L40S, 41, 0 %, 0 %, 487 MiB, 46068 MiB
2026/06/25 17:48:58.206, NVIDIA L40S, 41, 0 %, 0 %, 487 MiB, 46068 MiB
2026/06/25 17:49:01.207, NVIDIA L40S, 41, 0 %, 0 %, 10215 MiB, 46068 MiB
2026/06/25 17:49:04.207, NVIDIA L40S, 41, 0 %, 0 %, 533 MiB, 46068 MiB
2026/06/25 17:49:07.208, NVIDIA L40S, 41, 0 %, 0 %, 533 MiB, 46068 MiB
2026/06/25 17:49:10.208, NVIDIA L40S, 41, 0 %, 0 %, 535 MiB, 46068 MiB
2026/06/25 17:49:13.208, NVIDIA L40S, 41, 0 %, 0 %, 535 MiB, 46068 MiB
2026/06/25 17:49:16.209, NVIDIA L40S, 41, 0 %, 0 %, 525 MiB, 46068 MiB
2026/06/25 17:49:19.209, NVIDIA L40S, 41, 0 %, 0 %, 525 MiB, 46068 MiB
2026/06/25 17:49:22.210, NVIDIA L40S, 41, 0 %, 0 %, 527 MiB, 46068 MiB
2026/06/25 17:49:25.210, NVIDIA L40S, 41, 0 %, 0 %, 10383 MiB, 46068 MiB
2026/06/25 17:49:28.211, NVIDIA L40S, 41, 0 %, 0 %, 477 MiB, 46068 MiB
2026/06/25 17:49:31.211, NVIDIA L40S, 41, 0 %, 0 %, 477 MiB, 46068 MiB
2026/06/25 17:49:34.211, NVIDIA L40S, 41, 0 %, 0 %, 479 MiB, 46068 MiB
2026/06/25 17:49:37.212, NVIDIA L40S, 41, 0 %, 0 %, 10335 MiB, 46068 MiB
2026/06/25 17:49:40.212, NVIDIA L40S, 41, 0 %, 0 %, 437 MiB, 46068 MiB
2026/06/25 17:49:43.213, NVIDIA L40S, 41, 0 %, 0 %, 437 MiB, 46068 MiB
2026/06/25 17:49:46.213, NVIDIA L40S, 41, 0 %, 0 %, 437 MiB, 46068 MiB
2026/06/25 17:49:49.214, NVIDIA L40S, 41, 0 %, 0 %, 439 MiB, 46068 MiB
2026/06/25 17:49:52.214, NVIDIA L40S, 41, 0 %, 0 %, 9399 MiB, 46068 MiB
2026/06/25 17:49:55.214, NVIDIA L40S, 41, 0 %, 0 %, 469 MiB, 46068 MiB
2026/06/25 17:49:58.215, NVIDIA L40S, 41, 0 %, 0 %, 469 MiB, 46068 MiB
2026/06/25 17:50:01.215, NVIDIA L40S, 40, 0 %, 0 %, 469 MiB, 46068 MiB
2026/06/25 17:50:04.216, NVIDIA L40S, 40, 0 %, 0 %, 469 MiB, 46068 MiB
2026/06/25 17:50:07.216, NVIDIA L40S, 40, 0 %, 0 %, 471 MiB, 46068 MiB
2026/06/25 17:50:10.216, NVIDIA L40S, 40, 0 %, 0 %, 471 MiB, 46068 MiB
2026/06/25 17:50:13.217, NVIDIA L40S, 40, 0 %, 0 %, 461 MiB, 46068 MiB
2026/06/25 17:50:16.217, NVIDIA L40S, 40, 0 %, 0 %, 463 MiB, 46068 MiB
2026/06/25 17:50:19.218, NVIDIA L40S, 40, 0 %, 0 %, 463 MiB, 46068 MiB
2026/06/25 17:50:22.218, NVIDIA L40S, 40, 0 %, 0 %, 453 MiB, 46068 MiB
2026/06/25 17:50:25.218, NVIDIA L40S, 41, 0 %, 0 %, 455 MiB, 46068 MiB
2026/06/25 17:50:28.219, NVIDIA L40S, 41, 0 %, 0 %, 455 MiB, 46068 MiB
2026/06/25 17:50:31.219, NVIDIA L40S, 41, 0 %, 0 %, 445 MiB, 46068 MiB
2026/06/25 17:50:34.220, NVIDIA L40S, 41, 0 %, 0 %, 447 MiB, 46068 MiB
2026/06/25 17:50:37.220, NVIDIA L40S, 41, 0 %, 0 %, 447 MiB, 46068 MiB
2026/06/25 17:50:40.221, NVIDIA L40S, 41, 0 %, 0 %, 437 MiB, 46068 MiB
2026/06/25 17:50:43.221, NVIDIA L40S, 41, 0 %, 0 %, 437 MiB, 46068 MiB
2026/06/25 17:50:46.222, NVIDIA L40S, 41, 0 %, 0 %, 439 MiB, 46068 MiB
2026/06/25 17:50:49.222, NVIDIA L40S, 41, 1 %, 0 %, 557 MiB, 46068 MiB
2026/06/25 17:50:52.223, NVIDIA L40S, 41, 0 %, 0 %, 557 MiB, 46068 MiB
2026/06/25 17:50:55.223, NVIDIA L40S, 41, 0 %, 0 %, 559 MiB, 46068 MiB
2026/06/25 17:50:58.224, NVIDIA L40S, 41, 0 %, 0 %, 549 MiB, 46068 MiB
2026/06/25 17:51:01.224, NVIDIA L40S, 41, 0 %, 0 %, 549 MiB, 46068 MiB
2026/06/25 17:51:04.224, NVIDIA L40S, 41, 0 %, 0 %, 551 MiB, 46068 MiB
2026/06/25 17:51:07.225, NVIDIA L40S, 41, 0 %, 0 %, 541 MiB, 46068 MiB
2026/06/25 17:51:10.225, NVIDIA L40S, 41, 0 %, 0 %, 541 MiB, 46068 MiB
2026/06/25 17:51:13.226, NVIDIA L40S, 41, 0 %, 0 %, 543 MiB, 46068 MiB
2026/06/25 17:51:16.226, NVIDIA L40S, 41, 0 %, 0 %, 533 MiB, 46068 MiB
2026/06/25 17:51:19.227, NVIDIA L40S, 41, 0 %, 0 %, 533 MiB, 46068 MiB
2026/06/25 17:51:22.227, NVIDIA L40S, 41, 0 %, 0 %, 533 MiB, 46068 MiB
2026/06/25 17:51:25.228, NVIDIA L40S, 41, 0 %, 0 %, 533 MiB, 46068 MiB
2026/06/25 17:51:28.228, NVIDIA L40S, 41, 0 %, 0 %, 535 MiB, 46068 MiB
2026/06/25 17:51:31.229, NVIDIA L40S, 41, 0 %, 0 %, 525 MiB, 46068 MiB
2026/06/25 17:51:34.229, NVIDIA L40S, 41, 0 %, 0 %, 525 MiB, 46068 MiB
2026/06/25 17:51:37.229, NVIDIA L40S, 41, 0 %, 0 %, 527 MiB, 46068 MiB
2026/06/25 17:51:40.230, NVIDIA L40S, 41, 0 %, 0 %, 517 MiB, 46068 MiB
2026/06/25 17:51:43.230, NVIDIA L40S, 41, 0 %, 0 %, 517 MiB, 46068 MiB
2026/06/25 17:51:46.231, NVIDIA L40S, 41, 0 %, 0 %, 517 MiB, 46068 MiB
2026/06/25 17:51:49.231, NVIDIA L40S, 41, 0 %, 0 %, 519 MiB, 46068 MiB
2026/06/25 17:51:52.232, NVIDIA L40S, 41, 0 %, 0 %, 519 MiB, 46068 MiB
2026/06/25 17:51:55.232, NVIDIA L40S, 41, 0 %, 0 %, 509 MiB, 46068 MiB
2026/06/25 17:51:58.233, NVIDIA L40S, 40, 0 %, 0 %, 511 MiB, 46068 MiB
2026/06/25 17:52:01.233, NVIDIA L40S, 40, 0 %, 0 %, 511 MiB, 46068 MiB
2026/06/25 17:52:04.233, NVIDIA L40S, 40, 0 %, 0 %, 501 MiB, 46068 MiB
2026/06/25 17:52:07.234, NVIDIA L40S, 40, 0 %, 0 %, 501 MiB, 46068 MiB
2026/06/25 17:52:10.234, NVIDIA L40S, 40, 0 %, 0 %, 503 MiB, 46068 MiB
2026/06/25 17:52:13.235, NVIDIA L40S, 40, 0 %, 0 %, 493 MiB, 46068 MiB
2026/06/25 17:52:16.235, NVIDIA L40S, 40, 0 %, 0 %, 493 MiB, 46068 MiB
2026/06/25 17:52:19.235, NVIDIA L40S, 40, 0 %, 0 %, 495 MiB, 46068 MiB
2026/06/25 17:52:22.236, NVIDIA L40S, 41, 0 %, 0 %, 485 MiB, 46068 MiB
2026/06/25 17:52:25.236, NVIDIA L40S, 41, 0 %, 0 %, 485 MiB, 46068 MiB
2026/06/25 17:52:28.237, NVIDIA L40S, 41, 0 %, 0 %, 487 MiB, 46068 MiB
2026/06/25 17:52:31.237, NVIDIA L40S, 41, 0 %, 0 %, 477 MiB, 46068 MiB
2026/06/25 17:52:34.238, NVIDIA L40S, 41, 0 %, 0 %, 477 MiB, 46068 MiB
2026/06/25 17:52:37.238, NVIDIA L40S, 41, 0 %, 0 %, 479 MiB, 46068 MiB
2026/06/25 17:52:40.238, NVIDIA L40S, 41, 0 %, 0 %, 469 MiB, 46068 MiB
2026/06/25 17:52:43.239, NVIDIA L40S, 41, 0 %, 0 %, 469 MiB, 46068 MiB
2026/06/25 17:52:46.240, NVIDIA L40S, 41, 0 %, 0 %, 469 MiB, 46068 MiB
2026/06/25 17:52:49.240, NVIDIA L40S, 41, 0 %, 0 %, 469 MiB, 46068 MiB
2026/06/25 17:52:52.241, NVIDIA L40S, 41, 0 %, 0 %, 471 MiB, 46068 MiB
2026/06/25 17:52:55.241, NVIDIA L40S, 41, 0 %, 0 %, 469 MiB, 46068 MiB
2026/06/25 17:52:58.242, NVIDIA L40S, 40, 0 %, 0 %, 461 MiB, 46068 MiB
2026/06/25 17:53:01.242, NVIDIA L40S, 40, 0 %, 0 %, 461 MiB, 46068 MiB
2026/06/25 17:53:04.242, NVIDIA L40S, 40, 0 %, 0 %, 461 MiB, 46068 MiB
2026/06/25 17:53:07.243, NVIDIA L40S, 40, 0 %, 0 %, 461 MiB, 46068 MiB
2026/06/25 17:53:10.243, NVIDIA L40S, 40, 0 %, 0 %, 461 MiB, 46068 MiB
2026/06/25 17:53:13.244, NVIDIA L40S, 40, 0 %, 0 %, 463 MiB, 46068 MiB
2026/06/25 17:53:16.244, NVIDIA L40S, 40, 6 %, 0 %, 563 MiB, 46068 MiB
2026/06/25 17:53:19.245, NVIDIA L40S, 40, 0 %, 0 %, 691 MiB, 46068 MiB
2026/06/25 17:53:22.245, NVIDIA L40S, 40, 1 %, 0 %, 747 MiB, 46068 MiB
2026/06/25 17:53:25.246, NVIDIA L40S, 40, 0 %, 0 %, 513 MiB, 46068 MiB
2026/06/25 17:53:28.246, NVIDIA L40S, 40, 0 %, 0 %, 2051 MiB, 46068 MiB
2026/06/25 17:53:31.246, NVIDIA L40S, 40, 100 %, 1 %, 2401 MiB, 46068 MiB
2026/06/25 17:53:34.247, NVIDIA L40S, 40, 0 %, 0 %, 635 MiB, 46068 MiB
2026/06/25 17:53:37.247, NVIDIA L40S, 40, 0 %, 0 %, 533 MiB, 46068 MiB
2026/06/25 17:53:40.248, NVIDIA L40S, 40, 0 %, 0 %, 1175 MiB, 46068 MiB
2026/06/25 17:53:43.248, NVIDIA L40S, 40, 0 %, 0 %, 477 MiB, 46068 MiB
2026/06/25 17:53:46.249, NVIDIA L40S, 40, 0 %, 0 %, 1759 MiB, 46068 MiB
2026/06/25 17:53:49.249, NVIDIA L40S, 40, 0 %, 0 %, 521 MiB, 46068 MiB
2026/06/25 17:53:52.250, NVIDIA L40S, 40, 0 %, 0 %, 493 MiB, 46068 MiB
2026/06/25 17:53:55.250, NVIDIA L40S, 40, 0 %, 0 %, 621 MiB, 46068 MiB
2026/06/25 17:53:58.251, NVIDIA L40S, 40, 1 %, 0 %, 541 MiB, 46068 MiB
2026/06/25 17:54:01.251, NVIDIA L40S, 40, 22 %, 0 %, 479 MiB, 46068 MiB
2026/06/25 17:54:04.252, NVIDIA L40S, 40, 0 %, 0 %, 737 MiB, 46068 MiB
2026/06/25 17:54:07.252, NVIDIA L40S, 40, 0 %, 0 %, 607 MiB, 46068 MiB
2026/06/25 17:54:10.253, NVIDIA L40S, 40, 0 %, 0 %, 533 MiB, 46068 MiB
2026/06/25 17:54:13.253, NVIDIA L40S, 40, 0 %, 0 %, 789 MiB, 46068 MiB
2026/06/25 17:54:16.254, NVIDIA L40S, 40, 0 %, 0 %, 559 MiB, 46068 MiB
2026/06/25 17:54:19.254, NVIDIA L40S, 41, 0 %, 0 %, 729 MiB, 46068 MiB
2026/06/25 17:54:22.255, NVIDIA L40S, 41, 0 %, 0 %, 713 MiB, 46068 MiB
2026/06/25 17:54:25.255, NVIDIA L40S, 41, 0 %, 0 %, 465 MiB, 46068 MiB
2026/06/25 17:54:28.256, NVIDIA L40S, 41, 0 %, 0 %, 593 MiB, 46068 MiB
2026/06/25 17:54:31.256, NVIDIA L40S, 41, 25 %, 0 %, 735 MiB, 46068 MiB
2026/06/25 17:54:34.256, NVIDIA L40S, 41, 0 %, 0 %, 533 MiB, 46068 MiB
2026/06/25 17:54:37.257, NVIDIA L40S, 41, 0 %, 0 %, 917 MiB, 46068 MiB
2026/06/25 17:54:40.257, NVIDIA L40S, 41, 0 %, 0 %, 451 MiB, 46068 MiB
2026/06/25 17:54:43.258, NVIDIA L40S, 41, 0 %, 0 %, 585 MiB, 46068 MiB
2026/06/25 17:54:46.258, NVIDIA L40S, 41, 0 %, 0 %, 579 MiB, 46068 MiB
2026/06/25 17:54:49.259, NVIDIA L40S, 41, 0 %, 0 %, 479 MiB, 46068 MiB
2026/06/25 17:54:52.259, NVIDIA L40S, 41, 0 %, 0 %, 537 MiB, 46068 MiB
2026/06/25 17:54:55.260, NVIDIA L40S, 41, 0 %, 0 %, 729 MiB, 46068 MiB
2026/06/25 17:54:58.260, NVIDIA L40S, 41, 0 %, 0 %, 557 MiB, 46068 MiB
2026/06/25 17:55:01.261, NVIDIA L40S, 41, 0 %, 0 %, 687 MiB, 46068 MiB
2026/06/25 17:55:04.261, NVIDIA L40S, 41, 0 %, 0 %, 491 MiB, 46068 MiB
2026/06/25 17:55:07.262, NVIDIA L40S, 41, 0 %, 0 %, 759 MiB, 46068 MiB
2026/06/25 17:55:10.262, NVIDIA L40S, 41, 0 %, 0 %, 509 MiB, 46068 MiB
2026/06/25 17:55:13.263, NVIDIA L40S, 41, 0 %, 0 %, 473 MiB, 46068 MiB
2026/06/25 17:55:16.263, NVIDIA L40S, 40, 0 %, 0 %, 741 MiB, 46068 MiB
2026/06/25 17:55:19.264, NVIDIA L40S, 40, 0 %, 0 %, 779 MiB, 46068 MiB
2026/06/25 17:55:22.264, NVIDIA L40S, 40, 0 %, 0 %, 469 MiB, 46068 MiB
2026/06/25 17:55:25.265, NVIDIA L40S, 40, 0 %, 0 %, 599 MiB, 46068 MiB
2026/06/25 17:55:28.265, NVIDIA L40S, 40, 0 %, 0 %, 467 MiB, 46068 MiB
2026/06/25 17:55:31.266, NVIDIA L40S, 40, 0 %, 0 %, 467 MiB, 46068 MiB
2026/06/25 17:55:34.266, NVIDIA L40S, 40, 0 %, 0 %, 467 MiB, 46068 MiB
2026/06/25 17:55:37.266, NVIDIA L40S, 40, 0 %, 0 %, 467 MiB, 46068 MiB
2026/06/25 17:55:40.267, NVIDIA L40S, 40, 0 %, 0 %, 467 MiB, 46068 MiB
2026/06/25 17:55:43.267, NVIDIA L40S, 40, 0 %, 0 %, 467 MiB, 46068 MiB
2026/06/25 17:55:46.267, NVIDIA L40S, 40, 0 %, 0 %, 467 MiB, 46068 MiB
2026/06/25 17:55:49.268, NVIDIA L40S, 40, 0 %, 0 %, 467 MiB, 46068 MiB
2026/06/25 17:55:52.268, NVIDIA L40S, 40, 0 %, 0 %, 467 MiB, 46068 MiB
2026/06/25 17:55:55.269, NVIDIA L40S, 40, 0 %, 0 %, 467 MiB, 46068 MiB
2026/06/25 17:55:58.269, NVIDIA L40S, 40, 0 %, 0 %, 467 MiB, 46068 MiB
2026/06/25 17:56:01.269, NVIDIA L40S, 40, 0 %, 0 %, 467 MiB, 46068 MiB
2026/06/25 17:56:04.270, NVIDIA L40S, 40, 0 %, 0 %, 467 MiB, 46068 MiB
2026/06/25 17:56:07.270, NVIDIA L40S, 40, 0 %, 0 %, 467 MiB, 46068 MiB
2026/06/25 17:56:10.271, NVIDIA L40S, 41, 0 %, 0 %, 467 MiB, 46068 MiB
2026/06/25 17:56:13.271, NVIDIA L40S, 41, 0 %, 0 %, 467 MiB, 46068 MiB
2026/06/25 17:56:16.271, NVIDIA L40S, 41, 0 %, 0 %, 467 MiB, 46068 MiB
2026/06/25 17:56:19.272, NVIDIA L40S, 41, 0 %, 0 %, 467 MiB, 46068 MiB
2026/06/25 17:56:22.272, NVIDIA L40S, 41, 0 %, 0 %, 467 MiB, 46068 MiB
2026/06/25 17:56:25.273, NVIDIA L40S, 41, 0 %, 0 %, 467 MiB, 46068 MiB
2026/06/25 17:56:28.273, NVIDIA L40S, 41, 0 %, 0 %, 467 MiB, 46068 MiB
2026/06/25 17:56:31.274, NVIDIA L40S, 41, 0 %, 0 %, 467 MiB, 46068 MiB
2026/06/25 17:56:34.274, NVIDIA L40S, 41, 0 %, 0 %, 467 MiB, 46068 MiB
2026/06/25 17:56:37.274, NVIDIA L40S, 41, 0 %, 0 %, 467 MiB, 46068 MiB
2026/06/25 17:56:40.275, NVIDIA L40S, 41, 0 %, 0 %, 467 MiB, 46068 MiB
2026/06/25 17:56:43.275, NVIDIA L40S, 41, 0 %, 0 %, 467 MiB, 46068 MiB
2026/06/25 17:56:46.275, NVIDIA L40S, 41, 0 %, 0 %, 467 MiB, 46068 MiB
2026/06/25 17:56:49.276, NVIDIA L40S, 41, 0 %, 0 %, 467 MiB, 46068 MiB
2026/06/25 17:56:52.276, NVIDIA L40S, 41, 0 %, 0 %, 467 MiB, 46068 MiB
2026/06/25 17:56:55.277, NVIDIA L40S, 41, 0 %, 0 %, 467 MiB, 46068 MiB
2026/06/25 17:56:58.277, NVIDIA L40S, 41, 0 %, 0 %, 467 MiB, 46068 MiB
2026/06/25 17:57:01.277, NVIDIA L40S, 41, 0 %, 0 %, 467 MiB, 46068 MiB
2026/06/25 17:57:04.278, NVIDIA L40S, 41, 0 %, 0 %, 467 MiB, 46068 MiB
2026/06/25 17:57:07.278, NVIDIA L40S, 41, 0 %, 0 %, 467 MiB, 46068 MiB
2026/06/25 17:57:10.279, NVIDIA L40S, 41, 0 %, 0 %, 467 MiB, 46068 MiB
2026/06/25 17:57:13.279, NVIDIA L40S, 41, 0 %, 0 %, 467 MiB, 46068 MiB
2026/06/25 17:57:16.279, NVIDIA L40S, 41, 0 %, 0 %, 467 MiB, 46068 MiB
2026/06/25 17:57:19.280, NVIDIA L40S, 41, 0 %, 0 %, 467 MiB, 46068 MiB
2026/06/25 17:57:22.280, NVIDIA L40S, 41, 0 %, 0 %, 467 MiB, 46068 MiB
2026/06/25 17:57:25.280, NVIDIA L40S, 41, 0 %, 0 %, 467 MiB, 46068 MiB
2026/06/25 17:57:28.281, NVIDIA L40S, 41, 0 %, 0 %, 467 MiB, 46068 MiB
2026/06/25 17:57:31.281, NVIDIA L40S, 41, 0 %, 0 %, 465 MiB, 46068 MiB
2026/06/25 17:57:34.282, NVIDIA L40S, 40, 0 %, 0 %, 0 MiB, 46068 MiB
2026/06/25 17:57:37.282, NVIDIA L40S, 37, 0 %, 0 %, 0 MiB, 46068 MiB
2026/06/25 17:57:40.283, NVIDIA L40S, 36, 0 %, 0 %, 0 MiB, 46068 MiB
2026/06/25 17:57:43.283, NVIDIA L40S, 36, 0 %, 0 %, 0 MiB, 46068 MiB
2026/06/25 17:57:46.284, NVIDIA L40S, 35, 0 %, 0 %, 0 MiB, 46068 MiB
2026/06/25 17:57:49.284, NVIDIA L40S, 35, 0 %, 0 %, 0 MiB, 46068 MiB
2026/06/25 17:57:52.285, NVIDIA L40S, 35, 0 %, 0 %, 0 MiB, 46068 MiB
2026/06/25 17:57:55.285, NVIDIA L40S, 34, 0 %, 0 %, 0 MiB, 46068 MiB
2026/06/25 17:57:58.286, NVIDIA L40S, 34, 0 %, 0 %, 0 MiB, 46068 MiB
2026/06/25 17:58:01.286, NVIDIA L40S, 34, 0 %, 0 %, 0 MiB, 46068 MiB
2026/06/25 17:58:04.287, NVIDIA L40S, 33, 0 %, 0 %, 0 MiB, 46068 MiB
2026/06/25 17:58:07.287, NVIDIA L40S, 33, 0 %, 0 %, 0 MiB, 46068 MiB
2026/06/25 17:58:10.287, NVIDIA L40S, 33, 0 %, 0 %, 0 MiB, 46068 MiB
2026/06/25 17:58:13.288, NVIDIA L40S, 33, 0 %, 0 %, 0 MiB, 46068 MiB
2026/06/25 17:58:16.288, NVIDIA L40S, 32, 0 %, 0 %, 0 MiB, 46068 MiB
2026/06/25 17:58:19.289, NVIDIA L40S, 32, 0 %, 0 %, 0 MiB, 46068 MiB
2026/06/25 17:58:22.289, NVIDIA L40S, 32, 0 %, 0 %, 0 MiB, 46068 MiB
2026/06/25 17:58:25.289, NVIDIA L40S, 32, 0 %, 0 %, 0 MiB, 46068 MiB
2026/06/25 17:58:28.290, NVIDIA L40S, 31, 0 %, 0 %, 0 MiB, 46068 MiB
2026/06/25 17:58:31.290, NVIDIA L40S, 31, 0 %, 0 %, 0 MiB, 46068 MiB
2026/06/25 17:58:34.291, NVIDIA L40S, 31, 0 %, 0 %, 0 MiB, 46068 MiB
2026/06/25 17:58:37.291, NVIDIA L40S, 31, 0 %, 0 %, 0 MiB, 46068 MiB
2026/06/25 17:58:40.291, NVIDIA L40S, 31, 0 %, 0 %, 0 MiB, 46068 MiB
2026/06/25 17:58:43.292, NVIDIA L40S, 31, 0 %, 0 %, 0 MiB, 46068 MiB
2026/06/25 17:58:46.292, NVIDIA L40S, 31, 0 %, 0 %, 0 MiB, 46068 MiB
2026/06/25 17:58:49.293, NVIDIA L40S, 31, 0 %, 0 %, 0 MiB, 46068 MiB
2026/06/25 17:58:52.294, NVIDIA L40S, 30, 0 %, 0 %, 0 MiB, 46068 MiB
2026/06/25 17:58:55.294, NVIDIA L40S, 30, 0 %, 0 %, 0 MiB, 46068 MiB
2026/06/25 17:58:58.294, NVIDIA L40S, 30, 0 %, 0 %, 0 MiB, 46068 MiB
2026/06/25 17:59:01.295, NVIDIA L40S, 30, 0 %, 0 %, 0 MiB, 46068 MiB
2026/06/25 17:59:04.295, NVIDIA L40S, 30, 0 %, 0 %, 0 MiB, 46068 MiB
2026/06/25 17:59:07.296, NVIDIA L40S, 30, 0 %, 0 %, 0 MiB, 46068 MiB
2026/06/25 17:59:10.296, NVIDIA L40S, 30, 0 %, 0 %, 0 MiB, 46068 MiB
2026/06/25 17:59:13.297, NVIDIA L40S, 30, 0 %, 0 %, 0 MiB, 46068 MiB
2026/06/25 17:59:16.297, NVIDIA L40S, 30, 0 %, 0 %, 0 MiB, 46068 MiB
2026/06/25 17:59:19.298, NVIDIA L40S, 32, 0 %, 0 %, 435 MiB, 46068 MiB
2026/06/25 17:59:22.298, NVIDIA L40S, 33, 0 %, 0 %, 435 MiB, 46068 MiB
2026/06/25 17:59:25.299, NVIDIA L40S, 33, 0 %, 0 %, 435 MiB, 46068 MiB
2026/06/25 17:59:28.299, NVIDIA L40S, 34, 0 %, 0 %, 435 MiB, 46068 MiB
2026/06/25 17:59:31.300, NVIDIA L40S, 34, 0 %, 0 %, 435 MiB, 46068 MiB
2026/06/25 17:59:34.300, NVIDIA L40S, 35, 0 %, 0 %, 437 MiB, 46068 MiB
2026/06/25 17:59:37.300, NVIDIA L40S, 35, 0 %, 0 %, 437 MiB, 46068 MiB
2026/06/25 17:59:40.301, NVIDIA L40S, 35, 0 %, 0 %, 9525 MiB, 46068 MiB
2026/06/25 17:59:43.301, NVIDIA L40S, 35, 0 %, 0 %, 487 MiB, 46068 MiB
2026/06/25 17:59:46.302, NVIDIA L40S, 36, 0 %, 0 %, 487 MiB, 46068 MiB
2026/06/25 17:59:49.302, NVIDIA L40S, 36, 0 %, 0 %, 489 MiB, 46068 MiB
2026/06/25 17:59:52.303, NVIDIA L40S, 36, 100 %, 3 %, 2665 MiB, 46068 MiB
2026/06/25 17:59:55.303, NVIDIA L40S, 36, 28 %, 0 %, 2323 MiB, 46068 MiB
2026/06/25 17:59:58.303, NVIDIA L40S, 37, 0 %, 0 %, 553 MiB, 46068 MiB
2026/06/25 18:00:01.304, NVIDIA L40S, 37, 0 %, 0 %, 555 MiB, 46068 MiB
2026/06/25 18:00:04.304, NVIDIA L40S, 37, 0 %, 0 %, 555 MiB, 46068 MiB
2026/06/25 18:00:07.305, NVIDIA L40S, 37, 0 %, 0 %, 12075 MiB, 46068 MiB
2026/06/25 18:00:10.305, NVIDIA L40S, 38, 0 %, 0 %, 459 MiB, 46068 MiB
2026/06/25 18:00:13.306, NVIDIA L40S, 38, 0 %, 0 %, 459 MiB, 46068 MiB
2026/06/25 18:00:16.306, NVIDIA L40S, 38, 0 %, 0 %, 461 MiB, 46068 MiB
2026/06/25 18:00:19.307, NVIDIA L40S, 38, 0 %, 0 %, 2253 MiB, 46068 MiB
2026/06/25 18:00:22.307, NVIDIA L40S, 38, 0 %, 0 %, 461 MiB, 46068 MiB
2026/06/25 18:00:25.308, NVIDIA L40S, 38, 0 %, 0 %, 461 MiB, 46068 MiB
2026/06/25 18:00:28.308, NVIDIA L40S, 38, 0 %, 0 %, 461 MiB, 46068 MiB
2026/06/25 18:00:31.309, NVIDIA L40S, 39, 0 %, 0 %, 463 MiB, 46068 MiB
2026/06/25 18:00:34.309, NVIDIA L40S, 39, 0 %, 0 %, 8783 MiB, 46068 MiB
2026/06/25 18:00:37.310, NVIDIA L40S, 39, 0 %, 0 %, 523 MiB, 46068 MiB
2026/06/25 18:00:40.310, NVIDIA L40S, 39, 0 %, 0 %, 523 MiB, 46068 MiB
2026/06/25 18:00:43.311, NVIDIA L40S, 39, 0 %, 0 %, 523 MiB, 46068 MiB
2026/06/25 18:00:46.311, NVIDIA L40S, 39, 0 %, 0 %, 525 MiB, 46068 MiB
2026/06/25 18:00:49.311, NVIDIA L40S, 39, 0 %, 0 %, 525 MiB, 46068 MiB
2026/06/25 18:00:52.312, NVIDIA L40S, 39, 0 %, 0 %, 11917 MiB, 46068 MiB
2026/06/25 18:00:55.312, NVIDIA L40S, 39, 0 %, 0 %, 467 MiB, 46068 MiB
2026/06/25 18:00:58.313, NVIDIA L40S, 39, 0 %, 0 %, 467 MiB, 46068 MiB
2026/06/25 18:01:01.313, NVIDIA L40S, 39, 0 %, 0 %, 469 MiB, 46068 MiB
2026/06/25 18:01:04.313, NVIDIA L40S, 39, 100 %, 3 %, 6869 MiB, 46068 MiB
2026/06/25 18:01:07.314, NVIDIA L40S, 39, 0 %, 0 %, 499 MiB, 46068 MiB
2026/06/25 18:01:10.314, NVIDIA L40S, 39, 0 %, 0 %, 499 MiB, 46068 MiB
2026/06/25 18:01:13.314, NVIDIA L40S, 39, 0 %, 0 %, 501 MiB, 46068 MiB
2026/06/25 18:01:16.315, NVIDIA L40S, 39, 0 %, 0 %, 501 MiB, 46068 MiB
2026/06/25 18:01:19.315, NVIDIA L40S, 39, 35 %, 3 %, 10113 MiB, 46068 MiB
2026/06/25 18:01:22.316, NVIDIA L40S, 39, 0 %, 0 %, 445 MiB, 46068 MiB
2026/06/25 18:01:25.316, NVIDIA L40S, 39, 0 %, 0 %, 445 MiB, 46068 MiB
2026/06/25 18:01:28.317, NVIDIA L40S, 39, 0 %, 0 %, 447 MiB, 46068 MiB
2026/06/25 18:01:31.317, NVIDIA L40S, 39, 0 %, 0 %, 3263 MiB, 46068 MiB
2026/06/25 18:01:34.318, NVIDIA L40S, 39, 0 %, 0 %, 451 MiB, 46068 MiB
2026/06/25 18:01:37.318, NVIDIA L40S, 39, 0 %, 0 %, 451 MiB, 46068 MiB
2026/06/25 18:01:40.318, NVIDIA L40S, 39, 0 %, 0 %, 453 MiB, 46068 MiB
2026/06/25 18:01:43.319, NVIDIA L40S, 39, 0 %, 0 %, 453 MiB, 46068 MiB
2026/06/25 18:01:46.319, NVIDIA L40S, 40, 70 %, 6 %, 1861 MiB, 46068 MiB
2026/06/25 18:01:49.320, NVIDIA L40S, 40, 0 %, 0 %, 545 MiB, 46068 MiB
2026/06/25 18:01:52.320, NVIDIA L40S, 40, 0 %, 0 %, 545 MiB, 46068 MiB
2026/06/25 18:01:55.321, NVIDIA L40S, 40, 0 %, 0 %, 547 MiB, 46068 MiB
2026/06/25 18:01:58.321, NVIDIA L40S, 40, 70 %, 2 %, 9379 MiB, 46068 MiB
2026/06/25 18:02:01.322, NVIDIA L40S, 40, 0 %, 0 %, 445 MiB, 46068 MiB
2026/06/25 18:02:04.322, NVIDIA L40S, 40, 0 %, 0 %, 445 MiB, 46068 MiB
2026/06/25 18:02:07.322, NVIDIA L40S, 40, 0 %, 0 %, 447 MiB, 46068 MiB
2026/06/25 18:02:10.323, NVIDIA L40S, 40, 0 %, 0 %, 1343 MiB, 46068 MiB
2026/06/25 18:02:13.323, NVIDIA L40S, 40, 0 %, 0 %, 529 MiB, 46068 MiB
2026/06/25 18:02:16.324, NVIDIA L40S, 40, 0 %, 0 %, 529 MiB, 46068 MiB
2026/06/25 18:02:19.324, NVIDIA L40S, 40, 0 %, 0 %, 531 MiB, 46068 MiB
2026/06/25 18:02:22.325, NVIDIA L40S, 40, 0 %, 0 %, 531 MiB, 46068 MiB
2026/06/25 18:02:25.325, NVIDIA L40S, 40, 0 %, 0 %, 2059 MiB, 46068 MiB
2026/06/25 18:02:28.326, NVIDIA L40S, 40, 0 %, 0 %, 479 MiB, 46068 MiB
2026/06/25 18:02:31.327, NVIDIA L40S, 40, 0 %, 0 %, 481 MiB, 46068 MiB
2026/06/25 18:02:34.327, NVIDIA L40S, 40, 0 %, 0 %, 481 MiB, 46068 MiB
2026/06/25 18:02:37.328, NVIDIA L40S, 40, 2 %, 0 %, 12513 MiB, 46068 MiB
2026/06/25 18:02:40.328, NVIDIA L40S, 40, 0 %, 0 %, 489 MiB, 46068 MiB
2026/06/25 18:02:43.328, NVIDIA L40S, 40, 0 %, 0 %, 489 MiB, 46068 MiB
2026/06/25 18:02:46.329, NVIDIA L40S, 40, 0 %, 0 %, 491 MiB, 46068 MiB
2026/06/25 18:02:49.329, NVIDIA L40S, 40, 100 %, 3 %, 2795 MiB, 46068 MiB
2026/06/25 18:02:52.330, NVIDIA L40S, 40, 0 %, 0 %, 3303 MiB, 46068 MiB
2026/06/25 18:02:55.330, NVIDIA L40S, 40, 0 %, 0 %, 521 MiB, 46068 MiB
2026/06/25 18:02:58.332, NVIDIA L40S, 40, 0 %, 0 %, 523 MiB, 46068 MiB
2026/06/25 18:03:01.332, NVIDIA L40S, 40, 0 %, 0 %, 523 MiB, 46068 MiB
2026/06/25 18:03:04.333, NVIDIA L40S, 40, 1 %, 0 %, 12299 MiB, 46068 MiB
2026/06/25 18:03:07.333, NVIDIA L40S, 40, 0 %, 0 %, 543 MiB, 46068 MiB
2026/06/25 18:03:10.334, NVIDIA L40S, 40, 0 %, 0 %, 543 MiB, 46068 MiB
2026/06/25 18:03:13.334, NVIDIA L40S, 40, 0 %, 0 %, 545 MiB, 46068 MiB
2026/06/25 18:03:16.334, NVIDIA L40S, 40, 100 %, 3 %, 2081 MiB, 46068 MiB
2026/06/25 18:03:19.335, NVIDIA L40S, 40, 0 %, 0 %, 2075 MiB, 46068 MiB
2026/06/25 18:03:22.335, NVIDIA L40S, 40, 0 %, 0 %, 503 MiB, 46068 MiB
2026/06/25 18:03:25.336, NVIDIA L40S, 40, 0 %, 0 %, 503 MiB, 46068 MiB
2026/06/25 18:03:28.336, NVIDIA L40S, 40, 0 %, 0 %, 505 MiB, 46068 MiB
2026/06/25 18:03:31.337, NVIDIA L40S, 40, 0 %, 0 %, 11129 MiB, 46068 MiB
2026/06/25 18:03:34.337, NVIDIA L40S, 40, 0 %, 0 %, 535 MiB, 46068 MiB
2026/06/25 18:03:37.337, NVIDIA L40S, 40, 0 %, 0 %, 535 MiB, 46068 MiB
2026/06/25 18:03:40.338, NVIDIA L40S, 40, 0 %, 0 %, 537 MiB, 46068 MiB
2026/06/25 18:03:43.338, NVIDIA L40S, 40, 57 %, 1 %, 2969 MiB, 46068 MiB
2026/06/25 18:03:46.339, NVIDIA L40S, 40, 66 %, 2 %, 3155 MiB, 46068 MiB
2026/06/25 18:03:49.339, NVIDIA L40S, 40, 0 %, 0 %, 541 MiB, 46068 MiB
2026/06/25 18:03:52.340, NVIDIA L40S, 40, 0 %, 0 %, 543 MiB, 46068 MiB
2026/06/25 18:03:55.340, NVIDIA L40S, 40, 0 %, 0 %, 543 MiB, 46068 MiB
2026/06/25 18:03:58.340, NVIDIA L40S, 40, 0 %, 0 %, 12319 MiB, 46068 MiB
2026/06/25 18:04:01.341, NVIDIA L40S, 40, 0 %, 0 %, 461 MiB, 46068 MiB
2026/06/25 18:04:04.341, NVIDIA L40S, 40, 0 %, 0 %, 461 MiB, 46068 MiB
2026/06/25 18:04:07.342, NVIDIA L40S, 40, 0 %, 0 %, 463 MiB, 46068 MiB
2026/06/25 18:04:10.342, NVIDIA L40S, 40, 67 %, 1 %, 3151 MiB, 46068 MiB
2026/06/25 18:04:13.343, NVIDIA L40S, 40, 0 %, 0 %, 4095 MiB, 46068 MiB
2026/06/25 18:04:16.343, NVIDIA L40S, 40, 0 %, 0 %, 465 MiB, 46068 MiB
2026/06/25 18:04:19.343, NVIDIA L40S, 40, 0 %, 0 %, 467 MiB, 46068 MiB
2026/06/25 18:04:22.344, NVIDIA L40S, 40, 0 %, 0 %, 467 MiB, 46068 MiB
2026/06/25 18:04:25.344, NVIDIA L40S, 40, 3 %, 0 %, 12115 MiB, 46068 MiB
2026/06/25 18:04:28.345, NVIDIA L40S, 40, 0 %, 0 %, 495 MiB, 46068 MiB
2026/06/25 18:04:31.345, NVIDIA L40S, 40, 0 %, 0 %, 495 MiB, 46068 MiB
2026/06/25 18:04:34.346, NVIDIA L40S, 40, 0 %, 0 %, 497 MiB, 46068 MiB
2026/06/25 18:04:37.346, NVIDIA L40S, 40, 64 %, 2 %, 2161 MiB, 46068 MiB
2026/06/25 18:04:40.346, NVIDIA L40S, 40, 0 %, 0 %, 1177 MiB, 46068 MiB
2026/06/25 18:04:43.347, NVIDIA L40S, 40, 0 %, 0 %, 477 MiB, 46068 MiB
2026/06/25 18:04:46.347, NVIDIA L40S, 41, 0 %, 0 %, 479 MiB, 46068 MiB
2026/06/25 18:04:49.348, NVIDIA L40S, 41, 0 %, 0 %, 479 MiB, 46068 MiB
2026/06/25 18:04:52.348, NVIDIA L40S, 41, 0 %, 0 %, 12895 MiB, 46068 MiB
2026/06/25 18:04:55.348, NVIDIA L40S, 41, 0 %, 0 %, 457 MiB, 46068 MiB
2026/06/25 18:04:58.349, NVIDIA L40S, 40, 0 %, 0 %, 457 MiB, 46068 MiB
2026/06/25 18:05:01.349, NVIDIA L40S, 40, 0 %, 0 %, 459 MiB, 46068 MiB
2026/06/25 18:05:04.350, NVIDIA L40S, 40, 0 %, 0 %, 459 MiB, 46068 MiB
2026/06/25 18:05:07.350, NVIDIA L40S, 41, 32 %, 2 %, 755 MiB, 46068 MiB
2026/06/25 18:05:10.350, NVIDIA L40S, 40, 0 %, 0 %, 551 MiB, 46068 MiB
2026/06/25 18:05:13.351, NVIDIA L40S, 41, 0 %, 0 %, 551 MiB, 46068 MiB
2026/06/25 18:05:16.351, NVIDIA L40S, 41, 0 %, 0 %, 553 MiB, 46068 MiB
2026/06/25 18:05:19.352, NVIDIA L40S, 41, 100 %, 3 %, 11177 MiB, 46068 MiB
2026/06/25 18:05:22.352, NVIDIA L40S, 41, 0 %, 0 %, 439 MiB, 46068 MiB
2026/06/25 18:05:25.353, NVIDIA L40S, 41, 0 %, 0 %, 439 MiB, 46068 MiB
2026/06/25 18:05:28.353, NVIDIA L40S, 41, 0 %, 0 %, 441 MiB, 46068 MiB
2026/06/25 18:05:31.353, NVIDIA L40S, 41, 0 %, 0 %, 441 MiB, 46068 MiB
2026/06/25 18:05:34.354, NVIDIA L40S, 41, 0 %, 0 %, 12345 MiB, 46068 MiB
2026/06/25 18:05:37.354, NVIDIA L40S, 41, 0 %, 0 %, 531 MiB, 46068 MiB
2026/06/25 18:05:40.355, NVIDIA L40S, 41, 0 %, 0 %, 531 MiB, 46068 MiB
2026/06/25 18:05:43.355, NVIDIA L40S, 41, 0 %, 0 %, 533 MiB, 46068 MiB
2026/06/25 18:05:46.356, NVIDIA L40S, 41, 0 %, 0 %, 5013 MiB, 46068 MiB
2026/06/25 18:05:49.356, NVIDIA L40S, 41, 67 %, 2 %, 3777 MiB, 46068 MiB
2026/06/25 18:05:52.357, NVIDIA L40S, 41, 0 %, 0 %, 445 MiB, 46068 MiB
2026/06/25 18:05:55.357, NVIDIA L40S, 41, 0 %, 0 %, 447 MiB, 46068 MiB
2026/06/25 18:05:58.358, NVIDIA L40S, 41, 0 %, 0 %, 447 MiB, 46068 MiB
2026/06/25 18:06:01.358, NVIDIA L40S, 41, 0 %, 0 %, 12351 MiB, 46068 MiB
2026/06/25 18:06:04.359, NVIDIA L40S, 41, 0 %, 0 %, 503 MiB, 46068 MiB
2026/06/25 18:06:07.359, NVIDIA L40S, 41, 0 %, 0 %, 503 MiB, 46068 MiB
2026/06/25 18:06:10.359, NVIDIA L40S, 41, 0 %, 0 %, 505 MiB, 46068 MiB
2026/06/25 18:06:13.360, NVIDIA L40S, 41, 100 %, 3 %, 3449 MiB, 46068 MiB
2026/06/25 18:06:16.360, NVIDIA L40S, 41, 100 %, 2 %, 4723 MiB, 46068 MiB
2026/06/25 18:06:19.361, NVIDIA L40S, 41, 0 %, 0 %, 469 MiB, 46068 MiB
2026/06/25 18:06:22.361, NVIDIA L40S, 41, 0 %, 0 %, 469 MiB, 46068 MiB
2026/06/25 18:06:25.361, NVIDIA L40S, 41, 0 %, 0 %, 471 MiB, 46068 MiB
2026/06/25 18:06:28.362, NVIDIA L40S, 41, 0 %, 0 %, 5719 MiB, 46068 MiB
2026/06/25 18:06:31.362, NVIDIA L40S, 41, 49 %, 4 %, 493 MiB, 46068 MiB
2026/06/25 18:06:34.363, NVIDIA L40S, 41, 0 %, 0 %, 491 MiB, 46068 MiB
2026/06/25 18:06:37.363, NVIDIA L40S, 41, 0 %, 0 %, 493 MiB, 46068 MiB
2026/06/25 18:06:40.364, NVIDIA L40S, 41, 0 %, 0 %, 493 MiB, 46068 MiB
2026/06/25 18:06:43.364, NVIDIA L40S, 41, 0 %, 0 %, 10733 MiB, 46068 MiB
2026/06/25 18:06:46.364, NVIDIA L40S, 41, 0 %, 0 %, 445 MiB, 46068 MiB
2026/06/25 18:06:49.365, NVIDIA L40S, 41, 0 %, 0 %, 445 MiB, 46068 MiB
2026/06/25 18:06:52.365, NVIDIA L40S, 41, 0 %, 0 %, 447 MiB, 46068 MiB
2026/06/25 18:06:55.366, NVIDIA L40S, 41, 100 %, 3 %, 12095 MiB, 46068 MiB
2026/06/25 18:06:58.366, NVIDIA L40S, 41, 0 %, 0 %, 497 MiB, 46068 MiB
2026/06/25 18:07:01.366, NVIDIA L40S, 41, 0 %, 0 %, 497 MiB, 46068 MiB
2026/06/25 18:07:04.367, NVIDIA L40S, 41, 0 %, 0 %, 499 MiB, 46068 MiB
2026/06/25 18:07:07.367, NVIDIA L40S, 41, 0 %, 0 %, 499 MiB, 46068 MiB
2026/06/25 18:07:10.368, NVIDIA L40S, 41, 70 %, 6 %, 4723 MiB, 46068 MiB
2026/06/25 18:07:13.368, NVIDIA L40S, 41, 0 %, 0 %, 449 MiB, 46068 MiB
2026/06/25 18:07:16.368, NVIDIA L40S, 41, 0 %, 0 %, 449 MiB, 46068 MiB
2026/06/25 18:07:19.369, NVIDIA L40S, 41, 0 %, 0 %, 451 MiB, 46068 MiB
2026/06/25 18:07:22.369, NVIDIA L40S, 41, 100 %, 3 %, 7875 MiB, 46068 MiB
2026/06/25 18:07:25.370, NVIDIA L40S, 40, 74 %, 1 %, 4071 MiB, 46068 MiB
2026/06/25 18:07:28.370, NVIDIA L40S, 40, 0 %, 0 %, 515 MiB, 46068 MiB
2026/06/25 18:07:31.371, NVIDIA L40S, 40, 0 %, 0 %, 517 MiB, 46068 MiB
2026/06/25 18:07:34.371, NVIDIA L40S, 40, 0 %, 0 %, 517 MiB, 46068 MiB
2026/06/25 18:07:37.371, NVIDIA L40S, 40, 1 %, 0 %, 13701 MiB, 46068 MiB
2026/06/25 18:07:40.372, NVIDIA L40S, 40, 0 %, 0 %, 495 MiB, 46068 MiB
2026/06/25 18:07:43.372, NVIDIA L40S, 40, 0 %, 0 %, 495 MiB, 46068 MiB
2026/06/25 18:07:46.373, NVIDIA L40S, 40, 0 %, 0 %, 497 MiB, 46068 MiB
2026/06/25 18:07:49.373, NVIDIA L40S, 40, 0 %, 0 %, 497 MiB, 46068 MiB
2026/06/25 18:07:52.373, NVIDIA L40S, 40, 40 %, 1 %, 3563 MiB, 46068 MiB
2026/06/25 18:07:55.374, NVIDIA L40S, 40, 0 %, 0 %, 511 MiB, 46068 MiB
2026/06/25 18:07:58.374, NVIDIA L40S, 40, 0 %, 0 %, 513 MiB, 46068 MiB
2026/06/25 18:08:01.375, NVIDIA L40S, 40, 0 %, 0 %, 513 MiB, 46068 MiB
2026/06/25 18:08:04.375, NVIDIA L40S, 41, 3 %, 0 %, 12417 MiB, 46068 MiB
2026/06/25 18:08:07.375, NVIDIA L40S, 41, 0 %, 0 %, 441 MiB, 46068 MiB
2026/06/25 18:08:10.376, NVIDIA L40S, 41, 0 %, 0 %, 441 MiB, 46068 MiB
2026/06/25 18:08:13.376, NVIDIA L40S, 41, 0 %, 0 %, 443 MiB, 46068 MiB
2026/06/25 18:08:16.377, NVIDIA L40S, 41, 0 %, 0 %, 1339 MiB, 46068 MiB
2026/06/25 18:08:19.377, NVIDIA L40S, 41, 0 %, 0 %, 507 MiB, 46068 MiB
2026/06/25 18:08:22.378, NVIDIA L40S, 41, 0 %, 0 %, 507 MiB, 46068 MiB
2026/06/25 18:08:25.378, NVIDIA L40S, 41, 0 %, 0 %, 509 MiB, 46068 MiB
2026/06/25 18:08:28.379, NVIDIA L40S, 41, 0 %, 0 %, 509 MiB, 46068 MiB
2026/06/25 18:08:31.379, NVIDIA L40S, 41, 0 %, 0 %, 12541 MiB, 46068 MiB
2026/06/25 18:08:34.379, NVIDIA L40S, 41, 0 %, 0 %, 533 MiB, 46068 MiB
2026/06/25 18:08:37.380, NVIDIA L40S, 41, 0 %, 0 %, 533 MiB, 46068 MiB
2026/06/25 18:08:40.380, NVIDIA L40S, 41, 0 %, 0 %, 535 MiB, 46068 MiB
2026/06/25 18:08:43.381, NVIDIA L40S, 41, 69 %, 2 %, 10903 MiB, 46068 MiB
2026/06/25 18:08:46.381, NVIDIA L40S, 41, 18 %, 2 %, 441 MiB, 46068 MiB
2026/06/25 18:08:49.381, NVIDIA L40S, 41, 0 %, 0 %, 439 MiB, 46068 MiB
2026/06/25 18:08:52.382, NVIDIA L40S, 41, 0 %, 0 %, 441 MiB, 46068 MiB
2026/06/25 18:08:55.382, NVIDIA L40S, 41, 0 %, 0 %, 441 MiB, 46068 MiB
2026/06/25 18:08:58.383, NVIDIA L40S, 41, 0 %, 0 %, 13497 MiB, 46068 MiB
2026/06/25 18:09:01.383, NVIDIA L40S, 41, 0 %, 0 %, 515 MiB, 46068 MiB
2026/06/25 18:09:04.383, NVIDIA L40S, 41, 0 %, 0 %, 515 MiB, 46068 MiB
2026/06/25 18:09:07.384, NVIDIA L40S, 41, 0 %, 0 %, 517 MiB, 46068 MiB
2026/06/25 18:09:10.384, NVIDIA L40S, 41, 0 %, 0 %, 517 MiB, 46068 MiB
2026/06/25 18:09:13.385, NVIDIA L40S, 41, 0 %, 0 %, 14315 MiB, 46068 MiB
2026/06/25 18:09:16.385, NVIDIA L40S, 41, 0 %, 0 %, 535 MiB, 46068 MiB
2026/06/25 18:09:19.386, NVIDIA L40S, 41, 0 %, 0 %, 535 MiB, 46068 MiB
2026/06/25 18:09:22.386, NVIDIA L40S, 41, 0 %, 0 %, 537 MiB, 46068 MiB
2026/06/25 18:09:25.386, NVIDIA L40S, 41, 0 %, 0 %, 665 MiB, 46068 MiB
2026/06/25 18:09:28.387, NVIDIA L40S, 41, 0 %, 0 %, 2707 MiB, 46068 MiB
2026/06/25 18:09:31.387, NVIDIA L40S, 41, 0 %, 0 %, 483 MiB, 46068 MiB
2026/06/25 18:09:34.388, NVIDIA L40S, 41, 0 %, 0 %, 485 MiB, 46068 MiB
2026/06/25 18:09:37.388, NVIDIA L40S, 41, 0 %, 0 %, 485 MiB, 46068 MiB
2026/06/25 18:09:40.388, NVIDIA L40S, 41, 0 %, 0 %, 11749 MiB, 46068 MiB
2026/06/25 18:09:43.389, NVIDIA L40S, 41, 0 %, 0 %, 519 MiB, 46068 MiB
2026/06/25 18:09:46.389, NVIDIA L40S, 41, 0 %, 0 %, 519 MiB, 46068 MiB
2026/06/25 18:09:49.390, NVIDIA L40S, 41, 0 %, 0 %, 519 MiB, 46068 MiB
2026/06/25 18:09:52.390, NVIDIA L40S, 40, 0 %, 0 %, 905 MiB, 46068 MiB
2026/06/25 18:09:55.391, NVIDIA L40S, 40, 15 %, 1 %, 539 MiB, 46068 MiB
2026/06/25 18:09:58.391, NVIDIA L40S, 40, 0 %, 0 %, 539 MiB, 46068 MiB
2026/06/25 18:10:01.392, NVIDIA L40S, 40, 0 %, 0 %, 457 MiB, 46068 MiB
2026/06/25 18:10:04.392, NVIDIA L40S, 40, 4 %, 0 %, 4043 MiB, 46068 MiB
2026/06/25 18:10:07.393, NVIDIA L40S, 40, 0 %, 0 %, 441 MiB, 46068 MiB
2026/06/25 18:10:10.393, NVIDIA L40S, 40, 0 %, 0 %, 491 MiB, 46068 MiB
2026/06/25 18:10:13.393, NVIDIA L40S, 40, 0 %, 0 %, 491 MiB, 46068 MiB
2026/06/25 18:10:16.394, NVIDIA L40S, 40, 0 %, 0 %, 491 MiB, 46068 MiB
2026/06/25 18:10:19.394, NVIDIA L40S, 41, 0 %, 0 %, 491 MiB, 46068 MiB
2026/06/25 18:10:22.395, NVIDIA L40S, 41, 0 %, 0 %, 491 MiB, 46068 MiB
2026/06/25 18:10:25.395, NVIDIA L40S, 41, 0 %, 0 %, 493 MiB, 46068 MiB
2026/06/25 18:10:28.396, NVIDIA L40S, 41, 0 %, 0 %, 493 MiB, 46068 MiB
2026/06/25 18:10:31.396, NVIDIA L40S, 41, 0 %, 0 %, 8173 MiB, 46068 MiB
2026/06/25 18:10:34.397, NVIDIA L40S, 41, 0 %, 0 %, 471 MiB, 46068 MiB
2026/06/25 18:10:37.397, NVIDIA L40S, 41, 0 %, 0 %, 471 MiB, 46068 MiB
2026/06/25 18:10:40.398, NVIDIA L40S, 41, 0 %, 0 %, 473 MiB, 46068 MiB
2026/06/25 18:10:43.398, NVIDIA L40S, 41, 0 %, 0 %, 2777 MiB, 46068 MiB
2026/06/25 18:10:46.398, NVIDIA L40S, 41, 18 %, 0 %, 3155 MiB, 46068 MiB
2026/06/25 18:10:49.399, NVIDIA L40S, 41, 0 %, 0 %, 501 MiB, 46068 MiB
2026/06/25 18:10:52.399, NVIDIA L40S, 41, 0 %, 0 %, 503 MiB, 46068 MiB
2026/06/25 18:10:55.400, NVIDIA L40S, 41, 0 %, 0 %, 503 MiB, 46068 MiB
2026/06/25 18:10:58.401, NVIDIA L40S, 41, 0 %, 0 %, 12279 MiB, 46068 MiB
2026/06/25 18:11:01.401, NVIDIA L40S, 41, 0 %, 0 %, 459 MiB, 46068 MiB
2026/06/25 18:11:04.401, NVIDIA L40S, 41, 0 %, 0 %, 459 MiB, 46068 MiB
2026/06/25 18:11:07.402, NVIDIA L40S, 41, 0 %, 0 %, 461 MiB, 46068 MiB
2026/06/25 18:11:10.402, NVIDIA L40S, 41, 100 %, 2 %, 3405 MiB, 46068 MiB
2026/06/25 18:11:13.403, NVIDIA L40S, 41, 0 %, 0 %, 3401 MiB, 46068 MiB
2026/06/25 18:11:16.403, NVIDIA L40S, 41, 0 %, 0 %, 465 MiB, 46068 MiB
2026/06/25 18:11:19.404, NVIDIA L40S, 40, 0 %, 0 %, 467 MiB, 46068 MiB
2026/06/25 18:11:22.404, NVIDIA L40S, 40, 0 %, 0 %, 467 MiB, 46068 MiB
2026/06/25 18:11:25.405, NVIDIA L40S, 40, 7 %, 0 %, 13779 MiB, 46068 MiB
2026/06/25 18:11:28.405, NVIDIA L40S, 40, 0 %, 0 %, 489 MiB, 46068 MiB
2026/06/25 18:11:31.405, NVIDIA L40S, 40, 0 %, 0 %, 489 MiB, 46068 MiB
2026/06/25 18:11:34.406, NVIDIA L40S, 40, 0 %, 0 %, 491 MiB, 46068 MiB
2026/06/25 18:11:37.406, NVIDIA L40S, 40, 0 %, 0 %, 491 MiB, 46068 MiB
2026/06/25 18:11:40.407, NVIDIA L40S, 41, 70 %, 6 %, 1555 MiB, 46068 MiB
2026/06/25 18:11:43.407, NVIDIA L40S, 41, 0 %, 0 %, 447 MiB, 46068 MiB
2026/06/25 18:11:46.408, NVIDIA L40S, 40, 0 %, 0 %, 447 MiB, 46068 MiB
2026/06/25 18:11:49.408, NVIDIA L40S, 40, 0 %, 0 %, 447 MiB, 46068 MiB
2026/06/25 18:11:52.409, NVIDIA L40S, 40, 0 %, 0 %, 449 MiB, 46068 MiB
2026/06/25 18:11:55.409, NVIDIA L40S, 40, 0 %, 0 %, 449 MiB, 46068 MiB
2026/06/25 18:11:58.409, NVIDIA L40S, 41, 54 %, 5 %, 3003 MiB, 46068 MiB
2026/06/25 18:12:01.410, NVIDIA L40S, 40, 0 %, 0 %, 483 MiB, 46068 MiB
2026/06/25 18:12:04.410, NVIDIA L40S, 40, 0 %, 0 %, 485 MiB, 46068 MiB
2026/06/25 18:12:07.411, NVIDIA L40S, 40, 0 %, 0 %, 485 MiB, 46068 MiB
2026/06/25 18:12:10.411, NVIDIA L40S, 41, 1 %, 0 %, 11877 MiB, 46068 MiB
2026/06/25 18:12:13.412, NVIDIA L40S, 41, 0 %, 0 %, 511 MiB, 46068 MiB
2026/06/25 18:12:16.412, NVIDIA L40S, 41, 0 %, 0 %, 511 MiB, 46068 MiB
2026/06/25 18:12:19.413, NVIDIA L40S, 41, 0 %, 0 %, 513 MiB, 46068 MiB
2026/06/25 18:12:22.413, NVIDIA L40S, 41, 34 %, 0 %, 4097 MiB, 46068 MiB
2026/06/25 18:12:25.413, NVIDIA L40S, 41, 36 %, 2 %, 3115 MiB, 46068 MiB
2026/06/25 18:12:28.414, NVIDIA L40S, 41, 0 %, 0 %, 555 MiB, 46068 MiB
2026/06/25 18:12:31.414, NVIDIA L40S, 41, 0 %, 0 %, 557 MiB, 46068 MiB
2026/06/25 18:12:34.415, NVIDIA L40S, 41, 0 %, 0 %, 557 MiB, 46068 MiB
2026/06/25 18:12:37.415, NVIDIA L40S, 41, 0 %, 0 %, 14381 MiB, 46068 MiB
2026/06/25 18:12:40.416, NVIDIA L40S, 41, 0 %, 0 %, 477 MiB, 46068 MiB
2026/06/25 18:12:43.416, NVIDIA L40S, 41, 0 %, 0 %, 477 MiB, 46068 MiB
2026/06/25 18:12:46.417, NVIDIA L40S, 41, 0 %, 0 %, 479 MiB, 46068 MiB
2026/06/25 18:12:49.417, NVIDIA L40S, 41, 0 %, 0 %, 479 MiB, 46068 MiB
2026/06/25 18:12:52.418, NVIDIA L40S, 41, 10 %, 1 %, 515 MiB, 46068 MiB
2026/06/25 18:12:55.418, NVIDIA L40S, 41, 0 %, 0 %, 513 MiB, 46068 MiB
2026/06/25 18:12:58.418, NVIDIA L40S, 40, 0 %, 0 %, 515 MiB, 46068 MiB
2026/06/25 18:13:01.419, NVIDIA L40S, 40, 0 %, 0 %, 515 MiB, 46068 MiB
2026/06/25 18:13:04.419, NVIDIA L40S, 40, 0 %, 0 %, 11907 MiB, 46068 MiB
2026/06/25 18:13:07.420, NVIDIA L40S, 40, 0 %, 0 %, 509 MiB, 46068 MiB
2026/06/25 18:13:10.420, NVIDIA L40S, 40, 0 %, 0 %, 509 MiB, 46068 MiB
2026/06/25 18:13:13.421, NVIDIA L40S, 41, 0 %, 0 %, 511 MiB, 46068 MiB
2026/06/25 18:13:16.421, NVIDIA L40S, 41, 100 %, 3 %, 2943 MiB, 46068 MiB
2026/06/25 18:13:19.422, NVIDIA L40S, 41, 33 %, 1 %, 3065 MiB, 46068 MiB
2026/06/25 18:13:22.422, NVIDIA L40S, 41, 0 %, 0 %, 525 MiB, 46068 MiB
2026/06/25 18:13:25.422, NVIDIA L40S, 41, 0 %, 0 %, 527 MiB, 46068 MiB
2026/06/25 18:13:28.423, NVIDIA L40S, 40, 0 %, 0 %, 527 MiB, 46068 MiB
2026/06/25 18:13:31.423, NVIDIA L40S, 41, 1 %, 0 %, 12047 MiB, 46068 MiB
2026/06/25 18:13:34.424, NVIDIA L40S, 41, 0 %, 0 %, 461 MiB, 46068 MiB
2026/06/25 18:13:37.424, NVIDIA L40S, 41, 0 %, 0 %, 461 MiB, 46068 MiB
2026/06/25 18:13:40.425, NVIDIA L40S, 41, 0 %, 0 %, 463 MiB, 46068 MiB
2026/06/25 18:13:43.425, NVIDIA L40S, 41, 0 %, 0 %, 3791 MiB, 46068 MiB
2026/06/25 18:13:46.425, NVIDIA L40S, 41, 0 %, 0 %, 3785 MiB, 46068 MiB
2026/06/25 18:13:49.426, NVIDIA L40S, 41, 0 %, 0 %, 473 MiB, 46068 MiB
2026/06/25 18:13:52.426, NVIDIA L40S, 41, 0 %, 0 %, 473 MiB, 46068 MiB
2026/06/25 18:13:55.427, NVIDIA L40S, 41, 0 %, 0 %, 475 MiB, 46068 MiB
2026/06/25 18:13:58.427, NVIDIA L40S, 41, 6 %, 0 %, 11739 MiB, 46068 MiB
2026/06/25 18:14:01.428, NVIDIA L40S, 41, 0 %, 0 %, 501 MiB, 46068 MiB
2026/06/25 18:14:04.428, NVIDIA L40S, 41, 0 %, 0 %, 501 MiB, 46068 MiB
2026/06/25 18:14:07.429, NVIDIA L40S, 40, 0 %, 0 %, 503 MiB, 46068 MiB
2026/06/25 18:14:10.429, NVIDIA L40S, 40, 5 %, 0 %, 2167 MiB, 46068 MiB
2026/06/25 18:14:13.429, NVIDIA L40S, 40, 0 %, 0 %, 515 MiB, 46068 MiB
2026/06/25 18:14:16.430, NVIDIA L40S, 40, 0 %, 0 %, 515 MiB, 46068 MiB
2026/06/25 18:14:19.430, NVIDIA L40S, 40, 0 %, 0 %, 517 MiB, 46068 MiB
2026/06/25 18:14:22.431, NVIDIA L40S, 40, 0 %, 0 %, 517 MiB, 46068 MiB
2026/06/25 18:14:25.431, NVIDIA L40S, 41, 37 %, 3 %, 7413 MiB, 46068 MiB
2026/06/25 18:14:28.432, NVIDIA L40S, 40, 0 %, 0 %, 555 MiB, 46068 MiB
2026/06/25 18:14:31.433, NVIDIA L40S, 40, 0 %, 0 %, 555 MiB, 46068 MiB
2026/06/25 18:14:34.433, NVIDIA L40S, 40, 0 %, 0 %, 557 MiB, 46068 MiB
2026/06/25 18:14:37.434, NVIDIA L40S, 40, 88 %, 2 %, 8749 MiB, 46068 MiB
2026/06/25 18:14:40.434, NVIDIA L40S, 40, 0 %, 0 %, 519 MiB, 46068 MiB
2026/06/25 18:14:43.434, NVIDIA L40S, 40, 0 %, 0 %, 519 MiB, 46068 MiB
2026/06/25 18:14:46.435, NVIDIA L40S, 40, 0 %, 0 %, 521 MiB, 46068 MiB
2026/06/25 18:14:49.435, NVIDIA L40S, 40, 0 %, 0 %, 521 MiB, 46068 MiB
2026/06/25 18:14:52.436, NVIDIA L40S, 40, 47 %, 4 %, 8607 MiB, 46068 MiB
2026/06/25 18:14:55.436, NVIDIA L40S, 40, 0 %, 0 %, 483 MiB, 46068 MiB
2026/06/25 18:14:58.437, NVIDIA L40S, 40, 0 %, 0 %, 483 MiB, 46068 MiB
2026/06/25 18:15:01.437, NVIDIA L40S, 40, 0 %, 0 %, 485 MiB, 46068 MiB
2026/06/25 18:15:04.438, NVIDIA L40S, 40, 0 %, 0 %, 3429 MiB, 46068 MiB
2026/06/25 18:15:07.438, NVIDIA L40S, 40, 0 %, 0 %, 545 MiB, 46068 MiB
2026/06/25 18:15:10.438, NVIDIA L40S, 40, 0 %, 0 %, 545 MiB, 46068 MiB
2026/06/25 18:15:13.439, NVIDIA L40S, 40, 0 %, 0 %, 547 MiB, 46068 MiB
2026/06/25 18:15:16.439, NVIDIA L40S, 40, 0 %, 0 %, 547 MiB, 46068 MiB
2026/06/25 18:15:19.440, NVIDIA L40S, 40, 0 %, 0 %, 717 MiB, 46068 MiB
2026/06/25 18:15:22.440, NVIDIA L40S, 40, 0 %, 0 %, 541 MiB, 46068 MiB
2026/06/25 18:15:25.440, NVIDIA L40S, 40, 0 %, 0 %, 543 MiB, 46068 MiB
2026/06/25 18:15:28.441, NVIDIA L40S, 41, 0 %, 0 %, 543 MiB, 46068 MiB
2026/06/25 18:15:31.441, NVIDIA L40S, 41, 0 %, 0 %, 12703 MiB, 46068 MiB
2026/06/25 18:15:34.442, NVIDIA L40S, 41, 0 %, 0 %, 555 MiB, 46068 MiB
2026/06/25 18:15:37.442, NVIDIA L40S, 41, 0 %, 0 %, 555 MiB, 46068 MiB
2026/06/25 18:15:40.443, NVIDIA L40S, 41, 0 %, 0 %, 557 MiB, 46068 MiB
2026/06/25 18:15:43.443, NVIDIA L40S, 41, 0 %, 0 %, 5805 MiB, 46068 MiB
2026/06/25 18:15:46.443, NVIDIA L40S, 41, 100 %, 0 %, 4119 MiB, 46068 MiB
2026/06/25 18:15:49.444, NVIDIA L40S, 41, 0 %, 0 %, 561 MiB, 46068 MiB
2026/06/25 18:15:52.444, NVIDIA L40S, 40, 0 %, 0 %, 563 MiB, 46068 MiB
2026/06/25 18:15:55.445, NVIDIA L40S, 40, 0 %, 0 %, 563 MiB, 46068 MiB
2026/06/25 18:15:58.445, NVIDIA L40S, 40, 0 %, 0 %, 11699 MiB, 46068 MiB
2026/06/25 18:16:01.446, NVIDIA L40S, 40, 0 %, 0 %, 509 MiB, 46068 MiB
2026/06/25 18:16:04.446, NVIDIA L40S, 40, 0 %, 0 %, 509 MiB, 46068 MiB
2026/06/25 18:16:07.447, NVIDIA L40S, 40, 0 %, 0 %, 511 MiB, 46068 MiB
2026/06/25 18:16:10.447, NVIDIA L40S, 41, 39 %, 1 %, 5375 MiB, 46068 MiB
2026/06/25 18:16:13.448, NVIDIA L40S, 41, 0 %, 0 %, 555 MiB, 46068 MiB
2026/06/25 18:16:16.448, NVIDIA L40S, 41, 0 %, 0 %, 555 MiB, 46068 MiB
2026/06/25 18:16:19.449, NVIDIA L40S, 41, 0 %, 0 %, 557 MiB, 46068 MiB
2026/06/25 18:16:22.449, NVIDIA L40S, 40, 0 %, 0 %, 557 MiB, 46068 MiB
2026/06/25 18:16:25.449, NVIDIA L40S, 40, 0 %, 0 %, 13229 MiB, 46068 MiB
2026/06/25 18:16:28.450, NVIDIA L40S, 40, 0 %, 0 %, 483 MiB, 46068 MiB
2026/06/25 18:16:31.450, NVIDIA L40S, 40, 0 %, 0 %, 483 MiB, 46068 MiB
2026/06/25 18:16:34.451, NVIDIA L40S, 40, 0 %, 0 %, 485 MiB, 46068 MiB
2026/06/25 18:16:37.451, NVIDIA L40S, 40, 0 %, 0 %, 1509 MiB, 46068 MiB
2026/06/25 18:16:40.451, NVIDIA L40S, 40, 26 %, 1 %, 3167 MiB, 46068 MiB
2026/06/25 18:16:43.452, NVIDIA L40S, 40, 0 %, 0 %, 437 MiB, 46068 MiB
2026/06/25 18:16:46.452, NVIDIA L40S, 40, 1 %, 0 %, 439 MiB, 46068 MiB
2026/06/25 18:16:49.453, NVIDIA L40S, 40, 0 %, 0 %, 439 MiB, 46068 MiB
2026/06/25 18:16:52.453, NVIDIA L40S, 40, 0 %, 0 %, 11319 MiB, 46068 MiB
2026/06/25 18:16:55.454, NVIDIA L40S, 40, 0 %, 0 %, 443 MiB, 46068 MiB
2026/06/25 18:16:58.454, NVIDIA L40S, 40, 0 %, 0 %, 443 MiB, 46068 MiB
2026/06/25 18:17:01.455, NVIDIA L40S, 40, 0 %, 0 %, 445 MiB, 46068 MiB
2026/06/25 18:17:04.455, NVIDIA L40S, 40, 100 %, 3 %, 9405 MiB, 46068 MiB
2026/06/25 18:17:07.455, NVIDIA L40S, 40, 0 %, 0 %, 493 MiB, 46068 MiB
2026/06/25 18:17:10.456, NVIDIA L40S, 40, 0 %, 0 %, 493 MiB, 46068 MiB
2026/06/25 18:17:13.456, NVIDIA L40S, 40, 0 %, 0 %, 495 MiB, 46068 MiB
2026/06/25 18:17:16.457, NVIDIA L40S, 40, 0 %, 0 %, 495 MiB, 46068 MiB
2026/06/25 18:17:19.457, NVIDIA L40S, 40, 0 %, 0 %, 14831 MiB, 46068 MiB
2026/06/25 18:17:22.458, NVIDIA L40S, 40, 100 %, 0 %, 6379 MiB, 46068 MiB
2026/06/25 18:17:25.458, NVIDIA L40S, 40, 0 %, 0 %, 555 MiB, 46068 MiB
2026/06/25 18:17:28.459, NVIDIA L40S, 40, 0 %, 0 %, 557 MiB, 46068 MiB
2026/06/25 18:17:31.459, NVIDIA L40S, 40, 0 %, 0 %, 557 MiB, 46068 MiB
2026/06/25 18:17:34.459, NVIDIA L40S, 40, 70 %, 2 %, 13997 MiB, 46068 MiB
2026/06/25 18:17:37.460, NVIDIA L40S, 40, 66 %, 6 %, 509 MiB, 46068 MiB
2026/06/25 18:17:40.460, NVIDIA L40S, 40, 0 %, 0 %, 507 MiB, 46068 MiB
2026/06/25 18:17:43.461, NVIDIA L40S, 40, 0 %, 0 %, 509 MiB, 46068 MiB
2026/06/25 18:17:46.461, NVIDIA L40S, 40, 0 %, 0 %, 509 MiB, 46068 MiB
2026/06/25 18:17:49.462, NVIDIA L40S, 40, 7 %, 0 %, 13053 MiB, 46068 MiB
2026/06/25 18:17:52.462, NVIDIA L40S, 40, 0 %, 0 %, 557 MiB, 46068 MiB
2026/06/25 18:17:55.462, NVIDIA L40S, 40, 0 %, 0 %, 557 MiB, 46068 MiB
2026/06/25 18:17:58.463, NVIDIA L40S, 41, 0 %, 0 %, 559 MiB, 46068 MiB
2026/06/25 18:18:01.463, NVIDIA L40S, 41, 52 %, 0 %, 4783 MiB, 46068 MiB
2026/06/25 18:18:04.464, NVIDIA L40S, 41, 3 %, 0 %, 4777 MiB, 46068 MiB
2026/06/25 18:18:07.464, NVIDIA L40S, 41, 0 %, 0 %, 513 MiB, 46068 MiB
2026/06/25 18:18:10.464, NVIDIA L40S, 41, 0 %, 0 %, 515 MiB, 46068 MiB
2026/06/25 18:18:13.465, NVIDIA L40S, 40, 0 %, 0 %, 515 MiB, 46068 MiB
2026/06/25 18:18:16.465, NVIDIA L40S, 41, 1 %, 0 %, 12803 MiB, 46068 MiB
2026/06/25 18:18:19.466, NVIDIA L40S, 41, 0 %, 0 %, 541 MiB, 46068 MiB
2026/06/25 18:18:22.466, NVIDIA L40S, 41, 0 %, 0 %, 541 MiB, 46068 MiB
2026/06/25 18:18:25.467, NVIDIA L40S, 41, 0 %, 0 %, 543 MiB, 46068 MiB
2026/06/25 18:18:28.467, NVIDIA L40S, 41, 7 %, 0 %, 4127 MiB, 46068 MiB
2026/06/25 18:18:31.468, NVIDIA L40S, 41, 0 %, 0 %, 453 MiB, 46068 MiB
2026/06/25 18:18:34.468, NVIDIA L40S, 41, 0 %, 0 %, 453 MiB, 46068 MiB
2026/06/25 18:18:37.468, NVIDIA L40S, 41, 0 %, 0 %, 455 MiB, 46068 MiB
2026/06/25 18:18:40.469, NVIDIA L40S, 41, 100 %, 3 %, 2119 MiB, 46068 MiB
2026/06/25 18:18:43.469, NVIDIA L40S, 41, 0 %, 0 %, 2111 MiB, 46068 MiB
2026/06/25 18:18:46.470, NVIDIA L40S, 41, 0 %, 0 %, 497 MiB, 46068 MiB
2026/06/25 18:18:49.470, NVIDIA L40S, 41, 0 %, 0 %, 499 MiB, 46068 MiB
2026/06/25 18:18:52.471, NVIDIA L40S, 41, 0 %, 0 %, 499 MiB, 46068 MiB
2026/06/25 18:18:55.471, NVIDIA L40S, 41, 0 %, 0 %, 13939 MiB, 46068 MiB
2026/06/25 18:18:58.472, NVIDIA L40S, 41, 0 %, 0 %, 529 MiB, 46068 MiB
2026/06/25 18:19:01.472, NVIDIA L40S, 41, 0 %, 0 %, 529 MiB, 46068 MiB
2026/06/25 18:19:04.472, NVIDIA L40S, 41, 0 %, 0 %, 531 MiB, 46068 MiB
2026/06/25 18:19:07.473, NVIDIA L40S, 41, 100 %, 2 %, 4883 MiB, 46068 MiB
2026/06/25 18:19:10.473, NVIDIA L40S, 41, 100 %, 2 %, 4877 MiB, 46068 MiB
2026/06/25 18:19:13.474, NVIDIA L40S, 41, 100 %, 0 %, 5917 MiB, 46068 MiB
2026/06/25 18:19:16.474, NVIDIA L40S, 41, 0 %, 0 %, 459 MiB, 46068 MiB
2026/06/25 18:19:19.475, NVIDIA L40S, 41, 0 %, 0 %, 461 MiB, 46068 MiB
2026/06/25 18:19:22.475, NVIDIA L40S, 41, 0 %, 0 %, 461 MiB, 46068 MiB
2026/06/25 18:19:25.476, NVIDIA L40S, 41, 3 %, 0 %, 12621 MiB, 46068 MiB
2026/06/25 18:19:28.476, NVIDIA L40S, 41, 0 %, 0 %, 515 MiB, 46068 MiB
2026/06/25 18:19:31.477, NVIDIA L40S, 41, 0 %, 0 %, 515 MiB, 46068 MiB
2026/06/25 18:19:34.477, NVIDIA L40S, 41, 0 %, 0 %, 517 MiB, 46068 MiB
2026/06/25 18:19:37.478, NVIDIA L40S, 41, 100 %, 3 %, 3717 MiB, 46068 MiB
2026/06/25 18:19:40.478, NVIDIA L40S, 41, 24 %, 1 %, 3711 MiB, 46068 MiB
2026/06/25 18:19:43.478, NVIDIA L40S, 41, 0 %, 0 %, 495 MiB, 46068 MiB
2026/06/25 18:19:46.479, NVIDIA L40S, 41, 0 %, 0 %, 497 MiB, 46068 MiB
2026/06/25 18:19:49.479, NVIDIA L40S, 41, 0 %, 0 %, 497 MiB, 46068 MiB
2026/06/25 18:19:52.480, NVIDIA L40S, 41, 0 %, 0 %, 11761 MiB, 46068 MiB
2026/06/25 18:19:55.480, NVIDIA L40S, 41, 0 %, 0 %, 539 MiB, 46068 MiB
2026/06/25 18:19:58.481, NVIDIA L40S, 41, 0 %, 0 %, 539 MiB, 46068 MiB
2026/06/25 18:20:01.481, NVIDIA L40S, 41, 0 %, 0 %, 541 MiB, 46068 MiB
2026/06/25 18:20:04.482, NVIDIA L40S, 41, 100 %, 3 %, 8989 MiB, 46068 MiB
2026/06/25 18:20:07.482, NVIDIA L40S, 41, 0 %, 0 %, 545 MiB, 46068 MiB
2026/06/25 18:20:10.483, NVIDIA L40S, 41, 0 %, 0 %, 545 MiB, 46068 MiB
2026/06/25 18:20:13.483, NVIDIA L40S, 41, 0 %, 0 %, 547 MiB, 46068 MiB
2026/06/25 18:20:16.484, NVIDIA L40S, 41, 0 %, 0 %, 2083 MiB, 46068 MiB
2026/06/25 18:20:19.484, NVIDIA L40S, 41, 3 %, 0 %, 539 MiB, 46068 MiB
2026/06/25 18:20:22.484, NVIDIA L40S, 41, 0 %, 0 %, 537 MiB, 46068 MiB
2026/06/25 18:20:25.485, NVIDIA L40S, 41, 0 %, 0 %, 539 MiB, 46068 MiB
2026/06/25 18:20:28.485, NVIDIA L40S, 41, 0 %, 0 %, 539 MiB, 46068 MiB
2026/06/25 18:20:31.486, NVIDIA L40S, 41, 18 %, 2 %, 10915 MiB, 46068 MiB
2026/06/25 18:20:34.486, NVIDIA L40S, 41, 0 %, 0 %, 557 MiB, 46068 MiB
2026/06/25 18:20:37.487, NVIDIA L40S, 41, 0 %, 0 %, 557 MiB, 46068 MiB
2026/06/25 18:20:40.487, NVIDIA L40S, 41, 0 %, 0 %, 559 MiB, 46068 MiB
2026/06/25 18:20:43.487, NVIDIA L40S, 41, 100 %, 3 %, 10415 MiB, 46068 MiB
2026/06/25 18:20:46.488, NVIDIA L40S, 41, 0 %, 0 %, 449 MiB, 46068 MiB
2026/06/25 18:20:49.488, NVIDIA L40S, 41, 0 %, 0 %, 447 MiB, 46068 MiB
2026/06/25 18:20:52.489, NVIDIA L40S, 41, 0 %, 0 %, 449 MiB, 46068 MiB
2026/06/25 18:20:55.489, NVIDIA L40S, 41, 0 %, 0 %, 449 MiB, 46068 MiB
2026/06/25 18:20:58.489, NVIDIA L40S, 41, 70 %, 6 %, 1839 MiB, 46068 MiB
2026/06/25 18:21:01.490, NVIDIA L40S, 41, 0 %, 0 %, 525 MiB, 46068 MiB
2026/06/25 18:21:04.491, NVIDIA L40S, 41, 0 %, 0 %, 519 MiB, 46068 MiB
2026/06/25 18:21:07.491, NVIDIA L40S, 41, 0 %, 0 %, 2435 MiB, 46068 MiB
2026/06/25 18:21:10.492, NVIDIA L40S, 41, 0 %, 0 %, 453 MiB, 46068 MiB
2026/06/25 18:21:13.492, NVIDIA L40S, 41, 0 %, 0 %, 535 MiB, 46068 MiB
2026/06/25 18:21:16.493, NVIDIA L40S, 41, 100 %, 2 %, 3609 MiB, 46068 MiB
2026/06/25 18:21:19.493, NVIDIA L40S, 41, 0 %, 0 %, 511 MiB, 46068 MiB
2026/06/25 18:21:22.493, NVIDIA L40S, 41, 0 %, 0 %, 471 MiB, 46068 MiB
2026/06/25 18:21:25.494, NVIDIA L40S, 41, 0 %, 0 %, 471 MiB, 46068 MiB
2026/06/25 18:21:28.494, NVIDIA L40S, 41, 0 %, 0 %, 471 MiB, 46068 MiB
2026/06/25 18:21:31.495, NVIDIA L40S, 40, 0 %, 0 %, 471 MiB, 46068 MiB
2026/06/25 18:21:34.495, NVIDIA L40S, 40, 0 %, 0 %, 471 MiB, 46068 MiB
2026/06/25 18:21:37.496, NVIDIA L40S, 40, 0 %, 0 %, 473 MiB, 46068 MiB
2026/06/25 18:21:40.496, NVIDIA L40S, 40, 0 %, 0 %, 2137 MiB, 46068 MiB
2026/06/25 18:21:43.497, NVIDIA L40S, 40, 0 %, 0 %, 465 MiB, 46068 MiB
2026/06/25 18:21:46.497, NVIDIA L40S, 40, 0 %, 0 %, 465 MiB, 46068 MiB
2026/06/25 18:21:49.498, NVIDIA L40S, 40, 0 %, 0 %, 467 MiB, 46068 MiB
2026/06/25 18:21:52.498, NVIDIA L40S, 40, 0 %, 0 %, 467 MiB, 46068 MiB
2026/06/25 18:21:55.498, NVIDIA L40S, 41, 0 %, 0 %, 13779 MiB, 46068 MiB
2026/06/25 18:21:58.499, NVIDIA L40S, 41, 0 %, 0 %, 457 MiB, 46068 MiB
2026/06/25 18:22:01.499, NVIDIA L40S, 41, 0 %, 0 %, 457 MiB, 46068 MiB
2026/06/25 18:22:04.500, NVIDIA L40S, 41, 0 %, 0 %, 459 MiB, 46068 MiB
2026/06/25 18:22:07.500, NVIDIA L40S, 41, 100 %, 3 %, 11339 MiB, 46068 MiB
2026/06/25 18:22:10.501, NVIDIA L40S, 41, 0 %, 0 %, 541 MiB, 46068 MiB
2026/06/25 18:22:13.501, NVIDIA L40S, 41, 0 %, 0 %, 541 MiB, 46068 MiB
2026/06/25 18:22:16.502, NVIDIA L40S, 41, 0 %, 0 %, 543 MiB, 46068 MiB
2026/06/25 18:22:19.502, NVIDIA L40S, 41, 0 %, 0 %, 543 MiB, 46068 MiB
2026/06/25 18:22:22.503, NVIDIA L40S, 41, 61 %, 5 %, 2455 MiB, 46068 MiB
2026/06/25 18:22:25.503, NVIDIA L40S, 41, 0 %, 0 %, 435 MiB, 46068 MiB
2026/06/25 18:22:28.503, NVIDIA L40S, 41, 0 %, 0 %, 435 MiB, 46068 MiB
2026/06/25 18:22:31.504, NVIDIA L40S, 41, 0 %, 0 %, 437 MiB, 46068 MiB
2026/06/25 18:22:34.504, NVIDIA L40S, 41, 100 %, 3 %, 11957 MiB, 46068 MiB
2026/06/25 18:22:37.505, NVIDIA L40S, 41, 0 %, 0 %, 467 MiB, 46068 MiB
2026/06/25 18:22:40.505, NVIDIA L40S, 41, 0 %, 0 %, 467 MiB, 46068 MiB
2026/06/25 18:22:43.506, NVIDIA L40S, 41, 0 %, 0 %, 469 MiB, 46068 MiB
2026/06/25 18:22:46.506, NVIDIA L40S, 41, 0 %, 0 %, 469 MiB, 46068 MiB
2026/06/25 18:22:49.506, NVIDIA L40S, 41, 0 %, 0 %, 457 MiB, 46068 MiB
2026/06/25 18:22:52.507, NVIDIA L40S, 41, 0 %, 0 %, 457 MiB, 46068 MiB
2026/06/25 18:22:55.507, NVIDIA L40S, 41, 0 %, 0 %, 457 MiB, 46068 MiB
2026/06/25 18:22:58.508, NVIDIA L40S, 41, 0 %, 0 %, 457 MiB, 46068 MiB
2026/06/25 18:23:01.508, NVIDIA L40S, 41, 0 %, 0 %, 459 MiB, 46068 MiB
2026/06/25 18:23:04.509, NVIDIA L40S, 41, 0 %, 0 %, 11339 MiB, 46068 MiB
2026/06/25 18:23:07.509, NVIDIA L40S, 41, 0 %, 0 %, 473 MiB, 46068 MiB
2026/06/25 18:23:10.509, NVIDIA L40S, 41, 0 %, 0 %, 473 MiB, 46068 MiB
2026/06/25 18:23:13.510, NVIDIA L40S, 41, 0 %, 0 %, 475 MiB, 46068 MiB
2026/06/25 18:23:16.510, NVIDIA L40S, 41, 100 %, 3 %, 4955 MiB, 46068 MiB
2026/06/25 18:23:19.510, NVIDIA L40S, 41, 49 %, 1 %, 4949 MiB, 46068 MiB
2026/06/25 18:23:22.511, NVIDIA L40S, 41, 100 %, 0 %, 5381 MiB, 46068 MiB
2026/06/25 18:23:25.511, NVIDIA L40S, 41, 0 %, 0 %, 519 MiB, 46068 MiB
2026/06/25 18:23:28.512, NVIDIA L40S, 41, 0 %, 0 %, 521 MiB, 46068 MiB
2026/06/25 18:23:31.512, NVIDIA L40S, 41, 0 %, 0 %, 521 MiB, 46068 MiB
2026/06/25 18:23:34.512, NVIDIA L40S, 41, 1 %, 0 %, 14601 MiB, 46068 MiB
2026/06/25 18:23:37.513, NVIDIA L40S, 41, 0 %, 0 %, 483 MiB, 46068 MiB
2026/06/25 18:23:40.513, NVIDIA L40S, 41, 0 %, 0 %, 483 MiB, 46068 MiB
2026/06/25 18:23:43.514, NVIDIA L40S, 41, 0 %, 0 %, 485 MiB, 46068 MiB
2026/06/25 18:23:46.514, NVIDIA L40S, 41, 100 %, 3 %, 3941 MiB, 46068 MiB
2026/06/25 18:23:49.514, NVIDIA L40S, 41, 39 %, 1 %, 3933 MiB, 46068 MiB
2026/06/25 18:23:52.515, NVIDIA L40S, 41, 0 %, 0 %, 519 MiB, 46068 MiB
2026/06/25 18:23:55.515, NVIDIA L40S, 41, 0 %, 0 %, 519 MiB, 46068 MiB
2026/06/25 18:23:58.516, NVIDIA L40S, 41, 0 %, 0 %, 521 MiB, 46068 MiB
2026/06/25 18:24:01.516, NVIDIA L40S, 41, 0 %, 0 %, 11913 MiB, 46068 MiB
2026/06/25 18:24:04.517, NVIDIA L40S, 41, 0 %, 0 %, 463 MiB, 46068 MiB
2026/06/25 18:24:07.517, NVIDIA L40S, 41, 0 %, 0 %, 463 MiB, 46068 MiB
2026/06/25 18:24:10.517, NVIDIA L40S, 41, 0 %, 0 %, 465 MiB, 46068 MiB
2026/06/25 18:24:13.518, NVIDIA L40S, 41, 0 %, 0 %, 1361 MiB, 46068 MiB
2026/06/25 18:24:16.518, NVIDIA L40S, 41, 0 %, 0 %, 469 MiB, 46068 MiB
2026/06/25 18:24:19.519, NVIDIA L40S, 41, 0 %, 0 %, 469 MiB, 46068 MiB
2026/06/25 18:24:22.519, NVIDIA L40S, 41, 0 %, 0 %, 471 MiB, 46068 MiB
2026/06/25 18:24:25.519, NVIDIA L40S, 41, 0 %, 0 %, 471 MiB, 46068 MiB
2026/06/25 18:24:28.520, NVIDIA L40S, 41, 0 %, 0 %, 513 MiB, 46068 MiB
2026/06/25 18:24:31.520, NVIDIA L40S, 41, 0 %, 0 %, 507 MiB, 46068 MiB
2026/06/25 18:24:34.520, NVIDIA L40S, 41, 0 %, 0 %, 509 MiB, 46068 MiB
2026/06/25 18:24:37.521, NVIDIA L40S, 41, 0 %, 0 %, 509 MiB, 46068 MiB
2026/06/25 18:24:40.521, NVIDIA L40S, 41, 0 %, 0 %, 13949 MiB, 46068 MiB
2026/06/25 18:24:43.522, NVIDIA L40S, 41, 0 %, 0 %, 501 MiB, 46068 MiB
2026/06/25 18:24:46.522, NVIDIA L40S, 41, 0 %, 0 %, 501 MiB, 46068 MiB
2026/06/25 18:24:49.522, NVIDIA L40S, 41, 0 %, 0 %, 503 MiB, 46068 MiB
2026/06/25 18:24:52.523, NVIDIA L40S, 41, 100 %, 2 %, 4471 MiB, 46068 MiB
2026/06/25 18:24:55.523, NVIDIA L40S, 41, 52 %, 0 %, 4465 MiB, 46068 MiB
2026/06/25 18:24:58.524, NVIDIA L40S, 41, 0 %, 0 %, 485 MiB, 46068 MiB
2026/06/25 18:25:01.524, NVIDIA L40S, 41, 0 %, 0 %, 485 MiB, 46068 MiB
2026/06/25 18:25:04.525, NVIDIA L40S, 41, 0 %, 0 %, 487 MiB, 46068 MiB
2026/06/25 18:25:07.525, NVIDIA L40S, 41, 0 %, 0 %, 3431 MiB, 46068 MiB
2026/06/25 18:25:10.525, NVIDIA L40S, 41, 0 %, 0 %, 3427 MiB, 46068 MiB
2026/06/25 18:25:13.526, NVIDIA L40S, 41, 0 %, 0 %, 547 MiB, 46068 MiB
2026/06/25 18:25:16.526, NVIDIA L40S, 41, 1 %, 0 %, 549 MiB, 46068 MiB
2026/06/25 18:25:19.527, NVIDIA L40S, 41, 0 %, 0 %, 549 MiB, 46068 MiB
2026/06/25 18:25:22.527, NVIDIA L40S, 41, 0 %, 0 %, 13477 MiB, 46068 MiB
2026/06/25 18:25:25.528, NVIDIA L40S, 41, 0 %, 0 %, 559 MiB, 46068 MiB
2026/06/25 18:25:28.528, NVIDIA L40S, 41, 0 %, 0 %, 559 MiB, 46068 MiB
2026/06/25 18:25:31.529, NVIDIA L40S, 41, 0 %, 0 %, 561 MiB, 46068 MiB
2026/06/25 18:25:34.529, NVIDIA L40S, 41, 0 %, 0 %, 1329 MiB, 46068 MiB
2026/06/25 18:25:37.530, NVIDIA L40S, 41, 6 %, 0 %, 2987 MiB, 46068 MiB
2026/06/25 18:25:40.530, NVIDIA L40S, 41, 0 %, 0 %, 531 MiB, 46068 MiB
2026/06/25 18:25:43.531, NVIDIA L40S, 41, 0 %, 0 %, 531 MiB, 46068 MiB
2026/06/25 18:25:46.531, NVIDIA L40S, 41, 0 %, 0 %, 533 MiB, 46068 MiB
2026/06/25 18:25:49.532, NVIDIA L40S, 41, 0 %, 0 %, 4885 MiB, 46068 MiB
2026/06/25 18:25:52.532, NVIDIA L40S, 41, 0 %, 0 %, 521 MiB, 46068 MiB
2026/06/25 18:25:55.532, NVIDIA L40S, 40, 0 %, 0 %, 521 MiB, 46068 MiB
2026/06/25 18:25:58.533, NVIDIA L40S, 40, 0 %, 0 %, 523 MiB, 46068 MiB
2026/06/25 18:26:01.533, NVIDIA L40S, 40, 0 %, 0 %, 523 MiB, 46068 MiB
2026/06/25 18:26:04.534, NVIDIA L40S, 40, 0 %, 0 %, 14091 MiB, 46068 MiB
2026/06/25 18:26:07.535, NVIDIA L40S, 40, 0 %, 0 %, 491 MiB, 46068 MiB
2026/06/25 18:26:10.535, NVIDIA L40S, 40, 0 %, 0 %, 491 MiB, 46068 MiB
2026/06/25 18:26:13.535, NVIDIA L40S, 40, 0 %, 0 %, 493 MiB, 46068 MiB
2026/06/25 18:26:16.536, NVIDIA L40S, 41, 100 %, 3 %, 5229 MiB, 46068 MiB
2026/06/25 18:26:19.536, NVIDIA L40S, 41, 51 %, 2 %, 5231 MiB, 46068 MiB
2026/06/25 18:26:22.537, NVIDIA L40S, 40, 100 %, 0 %, 7017 MiB, 46068 MiB
2026/06/25 18:26:25.537, NVIDIA L40S, 40, 0 %, 0 %, 473 MiB, 46068 MiB
2026/06/25 18:26:28.538, NVIDIA L40S, 40, 0 %, 0 %, 475 MiB, 46068 MiB
2026/06/25 18:26:31.538, NVIDIA L40S, 40, 0 %, 0 %, 475 MiB, 46068 MiB
2026/06/25 18:26:34.539, NVIDIA L40S, 40, 0 %, 0 %, 12123 MiB, 46068 MiB
2026/06/25 18:26:37.539, NVIDIA L40S, 40, 0 %, 0 %, 475 MiB, 46068 MiB
2026/06/25 18:26:40.539, NVIDIA L40S, 40, 0 %, 0 %, 475 MiB, 46068 MiB
2026/06/25 18:26:43.540, NVIDIA L40S, 40, 0 %, 0 %, 477 MiB, 46068 MiB
2026/06/25 18:26:46.540, NVIDIA L40S, 41, 0 %, 0 %, 4573 MiB, 46068 MiB
2026/06/25 18:26:49.541, NVIDIA L40S, 41, 0 %, 0 %, 2753 MiB, 46068 MiB
2026/06/25 18:26:52.541, NVIDIA L40S, 41, 0 %, 0 %, 451 MiB, 46068 MiB
2026/06/25 18:26:55.542, NVIDIA L40S, 41, 0 %, 0 %, 453 MiB, 46068 MiB
2026/06/25 18:26:58.542, NVIDIA L40S, 41, 0 %, 0 %, 453 MiB, 46068 MiB
2026/06/25 18:27:01.543, NVIDIA L40S, 41, 6 %, 0 %, 13637 MiB, 46068 MiB
2026/06/25 18:27:04.543, NVIDIA L40S, 41, 0 %, 0 %, 561 MiB, 46068 MiB
2026/06/25 18:27:07.543, NVIDIA L40S, 41, 0 %, 0 %, 561 MiB, 46068 MiB
2026/06/25 18:27:10.544, NVIDIA L40S, 41, 0 %, 0 %, 563 MiB, 46068 MiB
2026/06/25 18:27:13.545, NVIDIA L40S, 41, 100 %, 3 %, 2355 MiB, 46068 MiB
2026/06/25 18:27:16.545, NVIDIA L40S, 41, 0 %, 0 %, 1245 MiB, 46068 MiB
2026/06/25 18:27:19.545, NVIDIA L40S, 41, 0 %, 0 %, 515 MiB, 46068 MiB
2026/06/25 18:27:22.546, NVIDIA L40S, 41, 0 %, 0 %, 515 MiB, 46068 MiB
2026/06/25 18:27:25.547, NVIDIA L40S, 41, 0 %, 0 %, 517 MiB, 46068 MiB
2026/06/25 18:27:28.547, NVIDIA L40S, 41, 100 %, 3 %, 12165 MiB, 46068 MiB
2026/06/25 18:27:31.548, NVIDIA L40S, 41, 0 %, 0 %, 475 MiB, 46068 MiB
2026/06/25 18:27:34.548, NVIDIA L40S, 41, 0 %, 0 %, 475 MiB, 46068 MiB
2026/06/25 18:27:37.549, NVIDIA L40S, 41, 0 %, 0 %, 477 MiB, 46068 MiB
2026/06/25 18:27:40.549, NVIDIA L40S, 41, 0 %, 0 %, 477 MiB, 46068 MiB
2026/06/25 18:27:43.550, NVIDIA L40S, 41, 0 %, 0 %, 12125 MiB, 46068 MiB
2026/06/25 18:27:46.550, NVIDIA L40S, 41, 0 %, 0 %, 465 MiB, 46068 MiB
2026/06/25 18:27:49.551, NVIDIA L40S, 41, 0 %, 0 %, 465 MiB, 46068 MiB
2026/06/25 18:27:52.551, NVIDIA L40S, 41, 0 %, 0 %, 467 MiB, 46068 MiB
2026/06/25 18:27:55.552, NVIDIA L40S, 41, 100 %, 3 %, 11091 MiB, 46068 MiB
2026/06/25 18:27:58.552, NVIDIA L40S, 41, 0 %, 0 %, 461 MiB, 46068 MiB
2026/06/25 18:28:01.553, NVIDIA L40S, 41, 0 %, 0 %, 461 MiB, 46068 MiB
2026/06/25 18:28:04.553, NVIDIA L40S, 41, 0 %, 0 %, 463 MiB, 46068 MiB
2026/06/25 18:28:07.553, NVIDIA L40S, 41, 0 %, 0 %, 463 MiB, 46068 MiB
2026/06/25 18:28:10.554, NVIDIA L40S, 41, 0 %, 0 %, 13903 MiB, 46068 MiB
2026/06/25 18:28:13.554, NVIDIA L40S, 41, 0 %, 0 %, 547 MiB, 46068 MiB
2026/06/25 18:28:16.555, NVIDIA L40S, 41, 0 %, 0 %, 547 MiB, 46068 MiB
2026/06/25 18:28:19.555, NVIDIA L40S, 41, 0 %, 0 %, 549 MiB, 46068 MiB
2026/06/25 18:28:22.555, NVIDIA L40S, 41, 100 %, 2 %, 4005 MiB, 46068 MiB
2026/06/25 18:28:25.556, NVIDIA L40S, 41, 13 %, 1 %, 3997 MiB, 46068 MiB
2026/06/25 18:28:28.556, NVIDIA L40S, 41, 0 %, 0 %, 517 MiB, 46068 MiB
2026/06/25 18:28:31.557, NVIDIA L40S, 41, 0 %, 0 %, 517 MiB, 46068 MiB
2026/06/25 18:28:34.557, NVIDIA L40S, 41, 0 %, 0 %, 519 MiB, 46068 MiB
2026/06/25 18:28:37.558, NVIDIA L40S, 41, 76 %, 1 %, 7559 MiB, 46068 MiB
2026/06/25 18:28:40.558, NVIDIA L40S, 41, 0 %, 0 %, 4609 MiB, 46068 MiB
2026/06/25 18:28:43.558, NVIDIA L40S, 41, 0 %, 0 %, 529 MiB, 46068 MiB
2026/06/25 18:28:46.559, NVIDIA L40S, 41, 0 %, 0 %, 529 MiB, 46068 MiB
2026/06/25 18:28:49.559, NVIDIA L40S, 41, 0 %, 0 %, 531 MiB, 46068 MiB
2026/06/25 18:28:52.560, NVIDIA L40S, 41, 0 %, 0 %, 6803 MiB, 46068 MiB
2026/06/25 18:28:55.560, NVIDIA L40S, 41, 100 %, 0 %, 5647 MiB, 46068 MiB
2026/06/25 18:28:58.560, NVIDIA L40S, 41, 0 %, 0 %, 547 MiB, 46068 MiB
2026/06/25 18:29:01.561, NVIDIA L40S, 41, 0 %, 0 %, 549 MiB, 46068 MiB
2026/06/25 18:29:04.561, NVIDIA L40S, 41, 0 %, 0 %, 549 MiB, 46068 MiB
2026/06/25 18:29:07.562, NVIDIA L40S, 41, 6 %, 0 %, 12965 MiB, 46068 MiB
2026/06/25 18:29:10.562, NVIDIA L40S, 41, 0 %, 0 %, 489 MiB, 46068 MiB
2026/06/25 18:29:13.563, NVIDIA L40S, 40, 0 %, 0 %, 489 MiB, 46068 MiB
2026/06/25 18:29:16.563, NVIDIA L40S, 40, 0 %, 0 %, 491 MiB, 46068 MiB
2026/06/25 18:29:19.564, NVIDIA L40S, 40, 100 %, 3 %, 2795 MiB, 46068 MiB
2026/06/25 18:29:22.564, NVIDIA L40S, 40, 0 %, 0 %, 3559 MiB, 46068 MiB
2026/06/25 18:29:25.564, NVIDIA L40S, 40, 0 %, 0 %, 507 MiB, 46068 MiB
2026/06/25 18:29:28.565, NVIDIA L40S, 40, 0 %, 0 %, 509 MiB, 46068 MiB
2026/06/25 18:29:31.565, NVIDIA L40S, 40, 0 %, 0 %, 509 MiB, 46068 MiB
2026/06/25 18:29:34.566, NVIDIA L40S, 40, 14 %, 1 %, 14077 MiB, 46068 MiB
2026/06/25 18:29:37.566, NVIDIA L40S, 40, 0 %, 0 %, 451 MiB, 46068 MiB
2026/06/25 18:29:40.567, NVIDIA L40S, 40, 0 %, 0 %, 451 MiB, 46068 MiB
2026/06/25 18:29:43.567, NVIDIA L40S, 40, 0 %, 0 %, 453 MiB, 46068 MiB
2026/06/25 18:29:46.568, NVIDIA L40S, 40, 0 %, 0 %, 453 MiB, 46068 MiB
2026/06/25 18:29:49.568, NVIDIA L40S, 41, 35 %, 3 %, 8361 MiB, 46068 MiB
2026/06/25 18:29:52.569, NVIDIA L40S, 41, 0 %, 0 %, 461 MiB, 46068 MiB
2026/06/25 18:29:55.569, NVIDIA L40S, 40, 0 %, 0 %, 461 MiB, 46068 MiB
2026/06/25 18:29:58.570, NVIDIA L40S, 41, 0 %, 0 %, 463 MiB, 46068 MiB
2026/06/25 18:30:01.570, NVIDIA L40S, 41, 100 %, 3 %, 13263 MiB, 46068 MiB
2026/06/25 18:30:04.571, NVIDIA L40S, 41, 0 %, 0 %, 487 MiB, 46068 MiB
2026/06/25 18:30:07.571, NVIDIA L40S, 41, 0 %, 0 %, 487 MiB, 46068 MiB
2026/06/25 18:30:10.571, NVIDIA L40S, 41, 0 %, 0 %, 489 MiB, 46068 MiB
2026/06/25 18:30:13.572, NVIDIA L40S, 41, 0 %, 0 %, 617 MiB, 46068 MiB
2026/06/25 18:30:16.573, NVIDIA L40S, 41, 0 %, 0 %, 3043 MiB, 46068 MiB
2026/06/25 18:30:19.573, NVIDIA L40S, 41, 0 %, 0 %, 491 MiB, 46068 MiB
2026/06/25 18:30:22.573, NVIDIA L40S, 41, 0 %, 0 %, 493 MiB, 46068 MiB
2026/06/25 18:30:25.574, NVIDIA L40S, 41, 0 %, 0 %, 493 MiB, 46068 MiB
2026/06/25 18:30:28.574, NVIDIA L40S, 41, 12 %, 0 %, 14445 MiB, 46068 MiB
2026/06/25 18:30:31.575, NVIDIA L40S, 41, 0 %, 0 %, 493 MiB, 46068 MiB
2026/06/25 18:30:34.575, NVIDIA L40S, 41, 0 %, 0 %, 493 MiB, 46068 MiB
2026/06/25 18:30:37.576, NVIDIA L40S, 41, 0 %, 0 %, 495 MiB, 46068 MiB
2026/06/25 18:30:40.576, NVIDIA L40S, 41, 0 %, 0 %, 495 MiB, 46068 MiB
2026/06/25 18:30:43.577, NVIDIA L40S, 41, 32 %, 1 %, 3179 MiB, 46068 MiB
2026/06/25 18:30:46.577, NVIDIA L40S, 41, 0 %, 0 %, 493 MiB, 46068 MiB
2026/06/25 18:30:49.577, NVIDIA L40S, 41, 0 %, 0 %, 493 MiB, 46068 MiB
2026/06/25 18:30:52.578, NVIDIA L40S, 41, 0 %, 0 %, 495 MiB, 46068 MiB
2026/06/25 18:30:55.578, NVIDIA L40S, 41, 100 %, 3 %, 10223 MiB, 46068 MiB
2026/06/25 18:30:58.579, NVIDIA L40S, 41, 0 %, 0 %, 515 MiB, 46068 MiB
2026/06/25 18:31:01.579, NVIDIA L40S, 41, 0 %, 0 %, 513 MiB, 46068 MiB
2026/06/25 18:31:04.580, NVIDIA L40S, 41, 0 %, 0 %, 515 MiB, 46068 MiB
2026/06/25 18:31:07.580, NVIDIA L40S, 41, 0 %, 0 %, 515 MiB, 46068 MiB
2026/06/25 18:31:10.580, NVIDIA L40S, 41, 0 %, 0 %, 13207 MiB, 46068 MiB
2026/06/25 18:31:13.581, NVIDIA L40S, 41, 0 %, 0 %, 511 MiB, 46068 MiB
2026/06/25 18:31:16.581, NVIDIA L40S, 41, 0 %, 0 %, 511 MiB, 46068 MiB
2026/06/25 18:31:19.582, NVIDIA L40S, 41, 0 %, 0 %, 513 MiB, 46068 MiB
2026/06/25 18:31:22.582, NVIDIA L40S, 41, 100 %, 3 %, 8193 MiB, 46068 MiB
2026/06/25 18:31:25.583, NVIDIA L40S, 41, 16 %, 1 %, 473 MiB, 46068 MiB
2026/06/25 18:31:28.583, NVIDIA L40S, 41, 0 %, 0 %, 471 MiB, 46068 MiB
2026/06/25 18:31:31.584, NVIDIA L40S, 40, 0 %, 0 %, 473 MiB, 46068 MiB
2026/06/25 18:31:34.584, NVIDIA L40S, 40, 0 %, 0 %, 473 MiB, 46068 MiB
2026/06/25 18:31:37.585, NVIDIA L40S, 40, 0 %, 0 %, 13657 MiB, 46068 MiB
2026/06/25 18:31:40.585, NVIDIA L40S, 40, 0 %, 0 %, 435 MiB, 46068 MiB
2026/06/25 18:31:43.585, NVIDIA L40S, 40, 0 %, 0 %, 435 MiB, 46068 MiB
2026/06/25 18:31:46.586, NVIDIA L40S, 41, 0 %, 0 %, 437 MiB, 46068 MiB
2026/06/25 18:31:49.586, NVIDIA L40S, 41, 0 %, 0 %, 437 MiB, 46068 MiB
2026/06/25 18:31:52.587, NVIDIA L40S, 41, 0 %, 0 %, 14099 MiB, 46068 MiB
2026/06/25 18:31:55.587, NVIDIA L40S, 41, 0 %, 0 %, 449 MiB, 46068 MiB
2026/06/25 18:31:58.588, NVIDIA L40S, 41, 0 %, 0 %, 449 MiB, 46068 MiB
2026/06/25 18:32:01.588, NVIDIA L40S, 41, 0 %, 0 %, 451 MiB, 46068 MiB
2026/06/25 18:32:04.589, NVIDIA L40S, 41, 100 %, 2 %, 4291 MiB, 46068 MiB
2026/06/25 18:32:07.589, NVIDIA L40S, 41, 21 %, 1 %, 4285 MiB, 46068 MiB
2026/06/25 18:32:10.590, NVIDIA L40S, 41, 0 %, 0 %, 479 MiB, 46068 MiB
2026/06/25 18:32:13.590, NVIDIA L40S, 41, 0 %, 0 %, 479 MiB, 46068 MiB
2026/06/25 18:32:16.591, NVIDIA L40S, 41, 0 %, 0 %, 481 MiB, 46068 MiB
2026/06/25 18:32:19.591, NVIDIA L40S, 41, 20 %, 0 %, 7905 MiB, 46068 MiB
2026/06/25 18:32:22.591, NVIDIA L40S, 41, 0 %, 0 %, 561 MiB, 46068 MiB
2026/06/25 18:32:25.592, NVIDIA L40S, 41, 0 %, 0 %, 561 MiB, 46068 MiB
2026/06/25 18:32:28.592, NVIDIA L40S, 41, 0 %, 0 %, 559 MiB, 46068 MiB
2026/06/25 18:32:31.593, NVIDIA L40S, 41, 0 %, 0 %, 553 MiB, 46068 MiB
2026/06/25 18:32:34.593, NVIDIA L40S, 41, 17 %, 1 %, 543 MiB, 46068 MiB
2026/06/25 18:32:37.594, NVIDIA L40S, 41, 0 %, 0 %, 543 MiB, 46068 MiB
2026/06/25 18:32:40.594, NVIDIA L40S, 41, 0 %, 0 %, 477 MiB, 46068 MiB
2026/06/25 18:32:43.595, NVIDIA L40S, 41, 0 %, 0 %, 1119 MiB, 46068 MiB
2026/06/25 18:32:46.595, NVIDIA L40S, 41, 0 %, 0 %, 473 MiB, 46068 MiB
2026/06/25 18:32:49.595, NVIDIA L40S, 41, 0 %, 0 %, 473 MiB, 46068 MiB
2026/06/25 18:32:52.596, NVIDIA L40S, 41, 0 %, 0 %, 473 MiB, 46068 MiB
2026/06/25 18:32:55.596, NVIDIA L40S, 41, 0 %, 0 %, 473 MiB, 46068 MiB
2026/06/25 18:32:58.597, NVIDIA L40S, 41, 0 %, 0 %, 473 MiB, 46068 MiB
2026/06/25 18:33:01.597, NVIDIA L40S, 40, 1 %, 0 %, 475 MiB, 46068 MiB
2026/06/25 18:33:04.598, NVIDIA L40S, 40, 0 %, 0 %, 473 MiB, 46068 MiB
2026/06/25 18:33:07.598, NVIDIA L40S, 40, 0 %, 0 %, 465 MiB, 46068 MiB
2026/06/25 18:33:10.598, NVIDIA L40S, 40, 0 %, 0 %, 467 MiB, 46068 MiB
2026/06/25 18:33:13.599, NVIDIA L40S, 40, 0 %, 0 %, 469 MiB, 46068 MiB
2026/06/25 18:33:16.599, NVIDIA L40S, 40, 0 %, 0 %, 469 MiB, 46068 MiB
2026/06/25 18:33:19.600, NVIDIA L40S, 40, 0 %, 0 %, 1367 MiB, 46068 MiB
2026/06/25 18:33:22.600, NVIDIA L40S, 40, 0 %, 0 %, 515 MiB, 46068 MiB
2026/06/25 18:33:25.601, NVIDIA L40S, 40, 0 %, 0 %, 517 MiB, 46068 MiB
2026/06/25 18:33:28.601, NVIDIA L40S, 40, 0 %, 0 %, 2053 MiB, 46068 MiB
2026/06/25 18:33:31.601, NVIDIA L40S, 40, 0 %, 0 %, 521 MiB, 46068 MiB
2026/06/25 18:33:34.602, NVIDIA L40S, 40, 0 %, 0 %, 523 MiB, 46068 MiB
2026/06/25 18:33:37.602, NVIDIA L40S, 40, 6 %, 0 %, 5515 MiB, 46068 MiB
2026/06/25 18:33:40.603, NVIDIA L40S, 40, 0 %, 0 %, 559 MiB, 46068 MiB
2026/06/25 18:33:43.603, NVIDIA L40S, 40, 0 %, 0 %, 559 MiB, 46068 MiB
2026/06/25 18:33:46.603, NVIDIA L40S, 40, 0 %, 0 %, 559 MiB, 46068 MiB
2026/06/25 18:33:49.604, NVIDIA L40S, 40, 0 %, 0 %, 561 MiB, 46068 MiB
2026/06/25 18:33:52.604, NVIDIA L40S, 41, 55 %, 5 %, 1221 MiB, 46068 MiB
2026/06/25 18:33:55.605, NVIDIA L40S, 40, 0 %, 0 %, 467 MiB, 46068 MiB
2026/06/25 18:33:58.605, NVIDIA L40S, 41, 0 %, 0 %, 469 MiB, 46068 MiB
2026/06/25 18:34:01.606, NVIDIA L40S, 41, 29 %, 2 %, 547 MiB, 46068 MiB
2026/06/25 18:34:04.606, NVIDIA L40S, 41, 0 %, 0 %, 545 MiB, 46068 MiB
2026/06/25 18:34:07.607, NVIDIA L40S, 41, 100 %, 2 %, 2979 MiB, 46068 MiB
2026/06/25 18:34:10.607, NVIDIA L40S, 41, 100 %, 0 %, 1887 MiB, 46068 MiB
2026/06/25 18:34:13.607, NVIDIA L40S, 41, 0 %, 0 %, 491 MiB, 46068 MiB
2026/06/25 18:34:16.608, NVIDIA L40S, 41, 100 %, 3 %, 2157 MiB, 46068 MiB
2026/06/25 18:34:19.608, NVIDIA L40S, 41, 0 %, 0 %, 451 MiB, 46068 MiB
2026/06/25 18:34:22.609, NVIDIA L40S, 41, 0 %, 0 %, 453 MiB, 46068 MiB
2026/06/25 18:34:25.609, NVIDIA L40S, 41, 0 %, 0 %, 1477 MiB, 46068 MiB
2026/06/25 18:34:28.609, NVIDIA L40S, 41, 0 %, 0 %, 451 MiB, 46068 MiB
2026/06/25 18:34:31.610, NVIDIA L40S, 40, 0 %, 0 %, 451 MiB, 46068 MiB
2026/06/25 18:34:34.610, NVIDIA L40S, 40, 0 %, 0 %, 453 MiB, 46068 MiB
2026/06/25 18:34:37.611, NVIDIA L40S, 40, 0 %, 0 %, 453 MiB, 46068 MiB
2026/06/25 18:34:40.611, NVIDIA L40S, 40, 0 %, 0 %, 443 MiB, 46068 MiB
2026/06/25 18:34:43.612, NVIDIA L40S, 40, 0 %, 0 %, 445 MiB, 46068 MiB
2026/06/25 18:34:46.612, NVIDIA L40S, 41, 0 %, 0 %, 3281 MiB, 46068 MiB
2026/06/25 18:34:49.613, NVIDIA L40S, 41, 0 %, 0 %, 499 MiB, 46068 MiB
2026/06/25 18:34:52.613, NVIDIA L40S, 41, 0 %, 0 %, 501 MiB, 46068 MiB
2026/06/25 18:34:55.614, NVIDIA L40S, 41, 70 %, 6 %, 2441 MiB, 46068 MiB
2026/06/25 18:34:58.614, NVIDIA L40S, 41, 0 %, 0 %, 527 MiB, 46068 MiB
2026/06/25 18:35:01.614, NVIDIA L40S, 41, 0 %, 0 %, 529 MiB, 46068 MiB
2026/06/25 18:35:04.615, NVIDIA L40S, 41, 31 %, 1 %, 2981 MiB, 46068 MiB
2026/06/25 18:35:07.615, NVIDIA L40S, 41, 0 %, 0 %, 547 MiB, 46068 MiB
2026/06/25 18:35:10.616, NVIDIA L40S, 41, 0 %, 0 %, 549 MiB, 46068 MiB
2026/06/25 18:35:13.616, NVIDIA L40S, 41, 1 %, 0 %, 1977 MiB, 46068 MiB
2026/06/25 18:35:16.617, NVIDIA L40S, 41, 0 %, 0 %, 507 MiB, 46068 MiB
2026/06/25 18:35:19.617, NVIDIA L40S, 41, 0 %, 0 %, 509 MiB, 46068 MiB
2026/06/25 18:35:22.618, NVIDIA L40S, 41, 0 %, 0 %, 445 MiB, 46068 MiB
2026/06/25 18:35:25.618, NVIDIA L40S, 40, 0 %, 0 %, 445 MiB, 46068 MiB
2026/06/25 18:35:28.618, NVIDIA L40S, 40, 0 %, 0 %, 1215 MiB, 46068 MiB
2026/06/25 18:35:31.619, NVIDIA L40S, 40, 0 %, 0 %, 491 MiB, 46068 MiB
2026/06/25 18:35:34.619, NVIDIA L40S, 40, 0 %, 0 %, 493 MiB, 46068 MiB
2026/06/25 18:35:37.620, NVIDIA L40S, 40, 99 %, 2 %, 8557 MiB, 46068 MiB
2026/06/25 18:35:40.620, NVIDIA L40S, 40, 0 %, 0 %, 493 MiB, 46068 MiB
2026/06/25 18:35:43.621, NVIDIA L40S, 40, 0 %, 0 %, 495 MiB, 46068 MiB
2026/06/25 18:35:46.621, NVIDIA L40S, 40, 0 %, 0 %, 7791 MiB, 46068 MiB
2026/06/25 18:35:49.622, NVIDIA L40S, 40, 0 %, 0 %, 439 MiB, 46068 MiB
2026/06/25 18:35:52.622, NVIDIA L40S, 40, 0 %, 0 %, 441 MiB, 46068 MiB
2026/06/25 18:35:55.622, NVIDIA L40S, 40, 0 %, 0 %, 5989 MiB, 46068 MiB
2026/06/25 18:35:58.623, NVIDIA L40S, 40, 0 %, 0 %, 507 MiB, 46068 MiB
2026/06/25 18:36:01.623, NVIDIA L40S, 40, 0 %, 0 %, 509 MiB, 46068 MiB
2026/06/25 18:36:04.624, NVIDIA L40S, 40, 14 %, 1 %, 4531 MiB, 46068 MiB
2026/06/25 18:36:07.624, NVIDIA L40S, 40, 0 %, 0 %, 451 MiB, 46068 MiB
2026/06/25 18:36:10.625, NVIDIA L40S, 40, 0 %, 0 %, 453 MiB, 46068 MiB
2026/06/25 18:36:13.625, NVIDIA L40S, 40, 6 %, 0 %, 1497 MiB, 46068 MiB
2026/06/25 18:36:16.625, NVIDIA L40S, 40, 0 %, 0 %, 499 MiB, 46068 MiB
2026/06/25 18:36:19.626, NVIDIA L40S, 40, 0 %, 0 %, 501 MiB, 46068 MiB
2026/06/25 18:36:22.626, NVIDIA L40S, 40, 0 %, 0 %, 481 MiB, 46068 MiB
2026/06/25 18:36:25.627, NVIDIA L40S, 40, 0 %, 0 %, 483 MiB, 46068 MiB
2026/06/25 18:36:28.627, NVIDIA L40S, 40, 0 %, 0 %, 1891 MiB, 46068 MiB
2026/06/25 18:36:31.628, NVIDIA L40S, 40, 0 %, 0 %, 553 MiB, 46068 MiB
2026/06/25 18:36:34.628, NVIDIA L40S, 40, 0 %, 0 %, 555 MiB, 46068 MiB
2026/06/25 18:36:37.629, NVIDIA L40S, 41, 100 %, 2 %, 7979 MiB, 46068 MiB
2026/06/25 18:36:40.629, NVIDIA L40S, 40, 0 %, 0 %, 493 MiB, 46068 MiB
2026/06/25 18:36:43.629, NVIDIA L40S, 41, 0 %, 0 %, 495 MiB, 46068 MiB
2026/06/25 18:36:46.630, NVIDIA L40S, 41, 0 %, 0 %, 8431 MiB, 46068 MiB
2026/06/25 18:36:49.630, NVIDIA L40S, 41, 0 %, 0 %, 493 MiB, 46068 MiB
2026/06/25 18:36:52.631, NVIDIA L40S, 41, 0 %, 0 %, 495 MiB, 46068 MiB
2026/06/25 18:36:55.631, NVIDIA L40S, 41, 98 %, 2 %, 7151 MiB, 46068 MiB
2026/06/25 18:36:58.632, NVIDIA L40S, 41, 0 %, 0 %, 489 MiB, 46068 MiB
2026/06/25 18:37:01.632, NVIDIA L40S, 41, 0 %, 0 %, 491 MiB, 46068 MiB
2026/06/25 18:37:04.632, NVIDIA L40S, 41, 0 %, 0 %, 2411 MiB, 46068 MiB
2026/06/25 18:37:07.633, NVIDIA L40S, 41, 0 %, 0 %, 521 MiB, 46068 MiB
2026/06/25 18:37:10.633, NVIDIA L40S, 41, 0 %, 0 %, 523 MiB, 46068 MiB
2026/06/25 18:37:13.634, NVIDIA L40S, 41, 100 %, 2 %, 7307 MiB, 46068 MiB
2026/06/25 18:37:16.634, NVIDIA L40S, 41, 0 %, 0 %, 539 MiB, 46068 MiB
2026/06/25 18:37:19.634, NVIDIA L40S, 40, 0 %, 0 %, 541 MiB, 46068 MiB
2026/06/25 18:37:22.635, NVIDIA L40S, 40, 0 %, 0 %, 3869 MiB, 46068 MiB
2026/06/25 18:37:25.635, NVIDIA L40S, 40, 0 %, 0 %, 471 MiB, 46068 MiB
2026/06/25 18:37:28.636, NVIDIA L40S, 40, 0 %, 0 %, 473 MiB, 46068 MiB
2026/06/25 18:37:31.636, NVIDIA L40S, 40, 0 %, 0 %, 5751 MiB, 46068 MiB
2026/06/25 18:37:34.636, NVIDIA L40S, 40, 0 %, 0 %, 553 MiB, 46068 MiB
2026/06/25 18:37:37.637, NVIDIA L40S, 40, 0 %, 0 %, 555 MiB, 46068 MiB
2026/06/25 18:37:40.637, NVIDIA L40S, 40, 63 %, 0 %, 3393 MiB, 46068 MiB
2026/06/25 18:37:43.637, NVIDIA L40S, 40, 0 %, 0 %, 513 MiB, 46068 MiB
2026/06/25 18:37:46.638, NVIDIA L40S, 40, 0 %, 0 %, 515 MiB, 46068 MiB
2026/06/25 18:37:49.638, NVIDIA L40S, 41, 0 %, 0 %, 3223 MiB, 46068 MiB
2026/06/25 18:37:52.639, NVIDIA L40S, 41, 0 %, 0 %, 441 MiB, 46068 MiB
2026/06/25 18:37:55.639, NVIDIA L40S, 41, 0 %, 0 %, 443 MiB, 46068 MiB
2026/06/25 18:37:58.640, NVIDIA L40S, 41, 0 %, 0 %, 4233 MiB, 46068 MiB
2026/06/25 18:38:01.640, NVIDIA L40S, 41, 0 %, 0 %, 553 MiB, 46068 MiB
2026/06/25 18:38:04.640, NVIDIA L40S, 41, 0 %, 0 %, 555 MiB, 46068 MiB
2026/06/25 18:38:07.641, NVIDIA L40S, 41, 2 %, 0 %, 2495 MiB, 46068 MiB
2026/06/25 18:38:10.641, NVIDIA L40S, 41, 0 %, 0 %, 561 MiB, 46068 MiB
2026/06/25 18:38:13.642, NVIDIA L40S, 41, 0 %, 0 %, 563 MiB, 46068 MiB
2026/06/25 18:38:16.642, NVIDIA L40S, 41, 0 %, 0 %, 509 MiB, 46068 MiB
2026/06/25 18:38:19.642, NVIDIA L40S, 41, 0 %, 0 %, 509 MiB, 46068 MiB
2026/06/25 18:38:22.643, NVIDIA L40S, 40, 0 %, 0 %, 511 MiB, 46068 MiB
2026/06/25 18:38:25.643, NVIDIA L40S, 40, 0 %, 0 %, 547 MiB, 46068 MiB
2026/06/25 18:38:28.644, NVIDIA L40S, 40, 0 %, 0 %, 549 MiB, 46068 MiB
2026/06/25 18:38:31.644, NVIDIA L40S, 41, 70 %, 6 %, 1849 MiB, 46068 MiB
2026/06/25 18:38:34.645, NVIDIA L40S, 40, 0 %, 0 %, 507 MiB, 46068 MiB
2026/06/25 18:38:37.645, NVIDIA L40S, 40, 0 %, 0 %, 509 MiB, 46068 MiB
2026/06/25 18:38:40.645, NVIDIA L40S, 40, 98 %, 0 %, 905 MiB, 46068 MiB
2026/06/25 18:38:43.646, NVIDIA L40S, 40, 0 %, 0 %, 499 MiB, 46068 MiB
2026/06/25 18:38:46.646, NVIDIA L40S, 40, 0 %, 0 %, 2421 MiB, 46068 MiB
2026/06/25 18:38:49.647, NVIDIA L40S, 40, 52 %, 5 %, 491 MiB, 46068 MiB
2026/06/25 18:38:52.647, NVIDIA L40S, 40, 0 %, 0 %, 491 MiB, 46068 MiB
2026/06/25 18:38:55.648, NVIDIA L40S, 40, 0 %, 0 %, 2925 MiB, 46068 MiB
2026/06/25 18:38:58.648, NVIDIA L40S, 40, 0 %, 0 %, 459 MiB, 46068 MiB
2026/06/25 18:39:01.648, NVIDIA L40S, 40, 0 %, 0 %, 461 MiB, 46068 MiB
2026/06/25 18:39:04.649, NVIDIA L40S, 40, 0 %, 0 %, 7501 MiB, 46068 MiB
2026/06/25 18:39:07.649, NVIDIA L40S, 40, 0 %, 0 %, 487 MiB, 46068 MiB
2026/06/25 18:39:10.650, NVIDIA L40S, 40, 0 %, 0 %, 489 MiB, 46068 MiB
2026/06/25 18:39:13.650, NVIDIA L40S, 40, 0 %, 0 %, 817 MiB, 46068 MiB
2026/06/25 18:39:16.651, NVIDIA L40S, 40, 0 %, 0 %, 437 MiB, 46068 MiB
2026/06/25 18:39:19.651, NVIDIA L40S, 41, 0 %, 0 %, 439 MiB, 46068 MiB
2026/06/25 18:39:22.651, NVIDIA L40S, 41, 0 %, 0 %, 447 MiB, 46068 MiB
2026/06/25 18:39:25.652, NVIDIA L40S, 41, 0 %, 0 %, 705 MiB, 46068 MiB
2026/06/25 18:39:28.652, NVIDIA L40S, 41, 0 %, 0 %, 715 MiB, 46068 MiB
2026/06/25 18:39:31.652, NVIDIA L40S, 41, 23 %, 0 %, 2287 MiB, 46068 MiB
2026/06/25 18:39:34.653, NVIDIA L40S, 41, 18 %, 0 %, 769 MiB, 46068 MiB
2026/06/25 18:39:37.653, NVIDIA L40S, 41, 0 %, 0 %, 519 MiB, 46068 MiB
2026/06/25 18:39:40.654, NVIDIA L40S, 41, 0 %, 0 %, 521 MiB, 46068 MiB
2026/06/25 18:39:43.654, NVIDIA L40S, 41, 0 %, 0 %, 901 MiB, 46068 MiB
2026/06/25 18:39:46.654, NVIDIA L40S, 41, 0 %, 0 %, 573 MiB, 46068 MiB
2026/06/25 18:39:49.655, NVIDIA L40S, 40, 0 %, 0 %, 555 MiB, 46068 MiB
2026/06/25 18:39:52.655, NVIDIA L40S, 40, 0 %, 0 %, 545 MiB, 46068 MiB
2026/06/25 18:39:55.655, NVIDIA L40S, 40, 0 %, 0 %, 497 MiB, 46068 MiB
2026/06/25 18:39:58.656, NVIDIA L40S, 40, 0 %, 0 %, 499 MiB, 46068 MiB
2026/06/25 18:40:01.656, NVIDIA L40S, 40, 0 %, 0 %, 535 MiB, 46068 MiB
2026/06/25 18:40:04.657, NVIDIA L40S, 40, 0 %, 0 %, 457 MiB, 46068 MiB
2026/06/25 18:40:07.657, NVIDIA L40S, 40, 0 %, 0 %, 843 MiB, 46068 MiB
2026/06/25 18:40:10.657, NVIDIA L40S, 40, 0 %, 0 %, 435 MiB, 46068 MiB
2026/06/25 18:40:13.658, NVIDIA L40S, 40, 36 %, 1 %, 579 MiB, 46068 MiB
2026/06/25 18:40:16.658, NVIDIA L40S, 40, 0 %, 0 %, 461 MiB, 46068 MiB
2026/06/25 18:40:19.658, NVIDIA L40S, 40, 0 %, 0 %, 471 MiB, 46068 MiB
2026/06/25 18:40:22.659, NVIDIA L40S, 40, 0 %, 0 %, 615 MiB, 46068 MiB
2026/06/25 18:40:25.659, NVIDIA L40S, 40, 0 %, 0 %, 537 MiB, 46068 MiB
2026/06/25 18:40:28.660, NVIDIA L40S, 40, 0 %, 0 %, 445 MiB, 46068 MiB
2026/06/25 18:40:31.660, NVIDIA L40S, 41, 0 %, 0 %, 831 MiB, 46068 MiB
2026/06/25 18:40:34.661, NVIDIA L40S, 41, 0 %, 0 %, 561 MiB, 46068 MiB
2026/06/25 18:40:37.661, NVIDIA L40S, 41, 0 %, 0 %, 453 MiB, 46068 MiB
2026/06/25 18:40:40.661, NVIDIA L40S, 41, 0 %, 0 %, 583 MiB, 46068 MiB
2026/06/25 18:40:43.662, NVIDIA L40S, 41, 0 %, 0 %, 493 MiB, 46068 MiB
2026/06/25 18:40:46.662, NVIDIA L40S, 41, 0 %, 0 %, 1007 MiB, 46068 MiB
2026/06/25 18:40:49.663, NVIDIA L40S, 41, 0 %, 0 %, 473 MiB, 46068 MiB
2026/06/25 18:40:52.663, NVIDIA L40S, 41, 20 %, 0 %, 729 MiB, 46068 MiB
2026/06/25 18:40:55.663, NVIDIA L40S, 41, 3 %, 0 %, 533 MiB, 46068 MiB
2026/06/25 18:40:58.664, NVIDIA L40S, 41, 0 %, 0 %, 439 MiB, 46068 MiB
2026/06/25 18:41:01.665, NVIDIA L40S, 41, 0 %, 0 %, 951 MiB, 46068 MiB
2026/06/25 18:41:04.665, NVIDIA L40S, 41, 0 %, 0 %, 449 MiB, 46068 MiB
2026/06/25 18:41:07.665, NVIDIA L40S, 41, 0 %, 0 %, 579 MiB, 46068 MiB
2026/06/25 18:41:10.666, NVIDIA L40S, 41, 0 %, 0 %, 581 MiB, 46068 MiB
2026/06/25 18:41:13.666, NVIDIA L40S, 41, 0 %, 0 %, 617 MiB, 46068 MiB
2026/06/25 18:41:16.666, NVIDIA L40S, 41, 0 %, 0 %, 437 MiB, 46068 MiB
2026/06/25 18:41:19.667, NVIDIA L40S, 41, 0 %, 0 %, 589 MiB, 46068 MiB
2026/06/25 18:41:22.667, NVIDIA L40S, 41, 0 %, 0 %, 683 MiB, 46068 MiB
2026/06/25 18:41:25.667, NVIDIA L40S, 41, 0 %, 0 %, 489 MiB, 46068 MiB
2026/06/25 18:41:28.668, NVIDIA L40S, 41, 25 %, 1 %, 627 MiB, 46068 MiB
2026/06/25 18:41:31.668, NVIDIA L40S, 41, 0 %, 0 %, 509 MiB, 46068 MiB
2026/06/25 18:41:34.669, NVIDIA L40S, 41, 63 %, 1 %, 1311 MiB, 46068 MiB
2026/06/25 18:41:37.669, NVIDIA L40S, 41, 0 %, 0 %, 541 MiB, 46068 MiB
2026/06/25 18:41:40.670, NVIDIA L40S, 41, 0 %, 0 %, 471 MiB, 46068 MiB
2026/06/25 18:41:43.671, NVIDIA L40S, 40, 0 %, 0 %, 727 MiB, 46068 MiB
2026/06/25 18:41:46.671, NVIDIA L40S, 40, 0 %, 0 %, 505 MiB, 46068 MiB
2026/06/25 18:41:49.671, NVIDIA L40S, 40, 0 %, 0 %, 1403 MiB, 46068 MiB
2026/06/25 18:41:52.672, NVIDIA L40S, 40, 16 %, 0 %, 593 MiB, 46068 MiB
2026/06/25 18:41:55.672, NVIDIA L40S, 40, 0 %, 0 %, 477 MiB, 46068 MiB
2026/06/25 18:41:58.672, NVIDIA L40S, 40, 0 %, 0 %, 863 MiB, 46068 MiB
2026/06/25 18:42:01.672, NVIDIA L40S, 40, 0 %, 0 %, 443 MiB, 46068 MiB
2026/06/25 18:42:04.673, NVIDIA L40S, 40, 0 %, 0 %, 1213 MiB, 46068 MiB
2026/06/25 18:42:07.673, NVIDIA L40S, 40, 0 %, 0 %, 493 MiB, 46068 MiB
2026/06/25 18:42:10.674, NVIDIA L40S, 41, 0 %, 0 %, 1005 MiB, 46068 MiB
2026/06/25 18:42:13.674, NVIDIA L40S, 41, 0 %, 0 %, 495 MiB, 46068 MiB
2026/06/25 18:42:16.675, NVIDIA L40S, 41, 0 %, 0 %, 881 MiB, 46068 MiB
2026/06/25 18:42:19.675, NVIDIA L40S, 41, 0 %, 0 %, 511 MiB, 46068 MiB
2026/06/25 18:42:22.675, NVIDIA L40S, 41, 0 %, 0 %, 437 MiB, 46068 MiB
2026/06/25 18:42:25.676, NVIDIA L40S, 41, 0 %, 0 %, 547 MiB, 46068 MiB
2026/06/25 18:42:28.676, NVIDIA L40S, 41, 0 %, 0 %, 593 MiB, 46068 MiB
2026/06/25 18:42:31.676, NVIDIA L40S, 41, 0 %, 0 %, 441 MiB, 46068 MiB
2026/06/25 18:42:34.677, NVIDIA L40S, 41, 0 %, 0 %, 441 MiB, 46068 MiB
2026/06/25 18:42:37.677, NVIDIA L40S, 41, 0 %, 0 %, 1721 MiB, 46068 MiB
2026/06/25 18:42:40.678, NVIDIA L40S, 41, 0 %, 0 %, 527 MiB, 46068 MiB
2026/06/25 18:42:43.678, NVIDIA L40S, 41, 0 %, 0 %, 657 MiB, 46068 MiB
2026/06/25 18:42:46.679, NVIDIA L40S, 41, 6 %, 0 %, 577 MiB, 46068 MiB
2026/06/25 18:42:49.679, NVIDIA L40S, 41, 0 %, 0 %, 477 MiB, 46068 MiB
2026/06/25 18:42:52.680, NVIDIA L40S, 41, 2 %, 0 %, 607 MiB, 46068 MiB
2026/06/25 18:42:55.680, NVIDIA L40S, 41, 0 %, 0 %, 489 MiB, 46068 MiB
2026/06/25 18:42:58.680, NVIDIA L40S, 40, 0 %, 0 %, 625 MiB, 46068 MiB
2026/06/25 18:43:01.681, NVIDIA L40S, 40, 0 %, 0 %, 537 MiB, 46068 MiB
2026/06/25 18:43:04.682, NVIDIA L40S, 40, 0 %, 0 %, 525 MiB, 46068 MiB
2026/06/25 18:43:07.682, NVIDIA L40S, 40, 0 %, 0 %, 783 MiB, 46068 MiB
2026/06/25 18:43:10.682, NVIDIA L40S, 40, 0 %, 0 %, 499 MiB, 46068 MiB
2026/06/25 18:43:13.683, NVIDIA L40S, 40, 0 %, 0 %, 625 MiB, 46068 MiB
2026/06/25 18:43:16.683, NVIDIA L40S, 40, 0 %, 0 %, 849 MiB, 46068 MiB
2026/06/25 18:43:19.684, NVIDIA L40S, 40, 0 %, 0 %, 499 MiB, 46068 MiB
2026/06/25 18:43:22.684, NVIDIA L40S, 40, 0 %, 0 %, 489 MiB, 46068 MiB
2026/06/25 18:43:25.685, NVIDIA L40S, 41, 0 %, 0 %, 1003 MiB, 46068 MiB
2026/06/25 18:43:28.686, NVIDIA L40S, 41, 0 %, 0 %, 545 MiB, 46068 MiB
2026/06/25 18:43:31.687, NVIDIA L40S, 41, 0 %, 0 %, 625 MiB, 46068 MiB
2026/06/25 18:43:34.687, NVIDIA L40S, 41, 0 %, 0 %, 541 MiB, 46068 MiB
2026/06/25 18:43:37.688, NVIDIA L40S, 41, 0 %, 0 %, 465 MiB, 46068 MiB
2026/06/25 18:43:40.688, NVIDIA L40S, 41, 0 %, 0 %, 469 MiB, 46068 MiB
2026/06/25 18:43:43.688, NVIDIA L40S, 41, 0 %, 0 %, 565 MiB, 46068 MiB
2026/06/25 18:43:46.689, NVIDIA L40S, 41, 0 %, 0 %, 463 MiB, 46068 MiB
2026/06/25 18:43:49.689, NVIDIA L40S, 41, 0 %, 0 %, 625 MiB, 46068 MiB
2026/06/25 18:43:52.689, NVIDIA L40S, 41, 0 %, 0 %, 513 MiB, 46068 MiB
2026/06/25 18:43:55.690, NVIDIA L40S, 41, 0 %, 0 %, 511 MiB, 46068 MiB
2026/06/25 18:43:58.690, NVIDIA L40S, 41, 0 %, 0 %, 611 MiB, 46068 MiB
2026/06/25 18:44:01.690, NVIDIA L40S, 41, 0 %, 0 %, 507 MiB, 46068 MiB
2026/06/25 18:44:04.691, NVIDIA L40S, 41, 0 %, 0 %, 491 MiB, 46068 MiB
2026/06/25 18:44:07.691, NVIDIA L40S, 41, 0 %, 0 %, 455 MiB, 46068 MiB
2026/06/25 18:44:10.692, NVIDIA L40S, 41, 0 %, 0 %, 585 MiB, 46068 MiB
2026/06/25 18:44:13.692, NVIDIA L40S, 41, 0 %, 0 %, 523 MiB, 46068 MiB
2026/06/25 18:44:16.692, NVIDIA L40S, 41, 52 %, 1 %, 907 MiB, 46068 MiB
2026/06/25 18:44:19.693, NVIDIA L40S, 41, 0 %, 0 %, 917 MiB, 46068 MiB
2026/06/25 18:44:22.693, NVIDIA L40S, 41, 25 %, 0 %, 817 MiB, 46068 MiB
2026/06/25 18:44:25.693, NVIDIA L40S, 41, 0 %, 0 %, 465 MiB, 46068 MiB
2026/06/25 18:44:28.694, NVIDIA L40S, 41, 0 %, 0 %, 593 MiB, 46068 MiB
2026/06/25 18:44:31.694, NVIDIA L40S, 41, 0 %, 0 %, 479 MiB, 46068 MiB
2026/06/25 18:44:34.695, NVIDIA L40S, 41, 0 %, 0 %, 481 MiB, 46068 MiB
2026/06/25 18:44:37.695, NVIDIA L40S, 41, 0 %, 0 %, 479 MiB, 46068 MiB
2026/06/25 18:44:40.696, NVIDIA L40S, 41, 48 %, 1 %, 2785 MiB, 46068 MiB
2026/06/25 18:44:43.696, NVIDIA L40S, 40, 0 %, 0 %, 501 MiB, 46068 MiB
2026/06/25 18:44:46.697, NVIDIA L40S, 40, 4 %, 0 %, 507 MiB, 46068 MiB
2026/06/25 18:44:49.697, NVIDIA L40S, 40, 0 %, 0 %, 487 MiB, 46068 MiB
2026/06/25 18:44:52.697, NVIDIA L40S, 40, 0 %, 0 %, 531 MiB, 46068 MiB
2026/06/25 18:44:55.698, NVIDIA L40S, 40, 0 %, 0 %, 657 MiB, 46068 MiB
2026/06/25 18:44:58.698, NVIDIA L40S, 40, 0 %, 0 %, 639 MiB, 46068 MiB
2026/06/25 18:45:01.699, NVIDIA L40S, 40, 0 %, 0 %, 463 MiB, 46068 MiB
2026/06/25 18:45:04.699, NVIDIA L40S, 40, 8 %, 0 %, 581 MiB, 46068 MiB
2026/06/25 18:45:07.700, NVIDIA L40S, 40, 0 %, 0 %, 557 MiB, 46068 MiB
2026/06/25 18:45:10.700, NVIDIA L40S, 41, 78 %, 2 %, 2861 MiB, 46068 MiB
2026/06/25 18:45:13.700, NVIDIA L40S, 41, 0 %, 0 %, 599 MiB, 46068 MiB
2026/06/25 18:45:16.701, NVIDIA L40S, 41, 0 %, 0 %, 445 MiB, 46068 MiB
2026/06/25 18:45:19.702, NVIDIA L40S, 41, 0 %, 0 %, 831 MiB, 46068 MiB
2026/06/25 18:45:22.702, NVIDIA L40S, 41, 0 %, 0 %, 457 MiB, 46068 MiB
2026/06/25 18:45:25.702, NVIDIA L40S, 41, 73 %, 1 %, 2379 MiB, 46068 MiB
2026/06/25 18:45:28.703, NVIDIA L40S, 41, 0 %, 0 %, 451 MiB, 46068 MiB
2026/06/25 18:45:31.703, NVIDIA L40S, 41, 21 %, 2 %, 1059 MiB, 46068 MiB
2026/06/25 18:45:34.704, NVIDIA L40S, 41, 0 %, 0 %, 481 MiB, 46068 MiB
2026/06/25 18:45:37.704, NVIDIA L40S, 41, 0 %, 0 %, 487 MiB, 46068 MiB
2026/06/25 18:45:40.705, NVIDIA L40S, 41, 59 %, 1 %, 707 MiB, 46068 MiB
2026/06/25 18:45:43.705, NVIDIA L40S, 41, 1 %, 0 %, 537 MiB, 46068 MiB
2026/06/25 18:45:46.706, NVIDIA L40S, 41, 60 %, 1 %, 2841 MiB, 46068 MiB
2026/06/25 18:45:49.706, NVIDIA L40S, 41, 0 %, 0 %, 541 MiB, 46068 MiB
2026/06/25 18:45:52.707, NVIDIA L40S, 41, 0 %, 0 %, 933 MiB, 46068 MiB
2026/06/25 18:45:55.707, NVIDIA L40S, 41, 0 %, 0 %, 511 MiB, 46068 MiB
2026/06/25 18:45:58.707, NVIDIA L40S, 41, 0 %, 0 %, 2175 MiB, 46068 MiB
2026/06/25 18:46:01.708, NVIDIA L40S, 41, 0 %, 0 %, 525 MiB, 46068 MiB
2026/06/25 18:46:04.708, NVIDIA L40S, 41, 0 %, 0 %, 591 MiB, 46068 MiB
2026/06/25 18:46:07.709, NVIDIA L40S, 41, 58 %, 0 %, 589 MiB, 46068 MiB
2026/06/25 18:46:10.709, NVIDIA L40S, 41, 0 %, 0 %, 507 MiB, 46068 MiB
2026/06/25 18:46:13.709, NVIDIA L40S, 40, 0 %, 0 %, 1021 MiB, 46068 MiB
2026/06/25 18:46:16.710, NVIDIA L40S, 40, 0 %, 0 %, 475 MiB, 46068 MiB
2026/06/25 18:46:19.710, NVIDIA L40S, 40, 0 %, 0 %, 649 MiB, 46068 MiB
2026/06/25 18:46:22.710, NVIDIA L40S, 40, 0 %, 0 %, 885 MiB, 46068 MiB
2026/06/25 18:46:25.711, NVIDIA L40S, 40, 0 %, 0 %, 447 MiB, 46068 MiB
2026/06/25 18:46:28.711, NVIDIA L40S, 40, 0 %, 0 %, 833 MiB, 46068 MiB
2026/06/25 18:46:31.711, NVIDIA L40S, 40, 0 %, 0 %, 439 MiB, 46068 MiB
2026/06/25 18:46:34.712, NVIDIA L40S, 40, 0 %, 0 %, 2105 MiB, 46068 MiB
2026/06/25 18:46:37.712, NVIDIA L40S, 40, 18 %, 0 %, 565 MiB, 46068 MiB
2026/06/25 18:46:40.713, NVIDIA L40S, 40, 0 %, 0 %, 481 MiB, 46068 MiB
2026/06/25 18:46:43.713, NVIDIA L40S, 40, 0 %, 0 %, 739 MiB, 46068 MiB
2026/06/25 18:46:46.714, NVIDIA L40S, 41, 0 %, 0 %, 565 MiB, 46068 MiB
2026/06/25 18:46:49.714, NVIDIA L40S, 41, 0 %, 0 %, 519 MiB, 46068 MiB
2026/06/25 18:46:52.715, NVIDIA L40S, 41, 0 %, 0 %, 649 MiB, 46068 MiB
2026/06/25 18:46:55.715, NVIDIA L40S, 41, 0 %, 0 %, 545 MiB, 46068 MiB
2026/06/25 18:46:58.716, NVIDIA L40S, 41, 0 %, 0 %, 543 MiB, 46068 MiB
2026/06/25 18:47:01.716, NVIDIA L40S, 41, 0 %, 0 %, 1185 MiB, 46068 MiB
2026/06/25 18:47:04.716, NVIDIA L40S, 41, 0 %, 0 %, 491 MiB, 46068 MiB
2026/06/25 18:47:07.717, NVIDIA L40S, 41, 0 %, 0 %, 567 MiB, 46068 MiB
2026/06/25 18:47:10.717, NVIDIA L40S, 40, 0 %, 0 %, 681 MiB, 46068 MiB
2026/06/25 18:47:13.718, NVIDIA L40S, 40, 0 %, 0 %, 461 MiB, 46068 MiB
2026/06/25 18:47:16.718, NVIDIA L40S, 40, 0 %, 0 %, 463 MiB, 46068 MiB
2026/06/25 18:47:19.719, NVIDIA L40S, 40, 0 %, 0 %, 1661 MiB, 46068 MiB
2026/06/25 18:47:22.719, NVIDIA L40S, 40, 0 %, 0 %, 463 MiB, 46068 MiB
2026/06/25 18:47:25.719, NVIDIA L40S, 40, 0 %, 0 %, 467 MiB, 46068 MiB
2026/06/25 18:47:28.720, NVIDIA L40S, 40, 0 %, 0 %, 579 MiB, 46068 MiB
2026/06/25 18:47:31.720, NVIDIA L40S, 40, 0 %, 0 %, 661 MiB, 46068 MiB
2026/06/25 18:47:34.720, NVIDIA L40S, 40, 0 %, 0 %, 551 MiB, 46068 MiB
2026/06/25 18:47:37.721, NVIDIA L40S, 40, 0 %, 0 %, 501 MiB, 46068 MiB
2026/06/25 18:47:40.721, NVIDIA L40S, 40, 0 %, 0 %, 709 MiB, 46068 MiB
2026/06/25 18:47:43.722, NVIDIA L40S, 41, 0 %, 0 %, 523 MiB, 46068 MiB
2026/06/25 18:47:46.722, NVIDIA L40S, 41, 0 %, 0 %, 523 MiB, 46068 MiB
2026/06/25 18:47:49.722, NVIDIA L40S, 41, 0 %, 0 %, 527 MiB, 46068 MiB
2026/06/25 18:47:52.723, NVIDIA L40S, 41, 0 %, 0 %, 673 MiB, 46068 MiB
2026/06/25 18:47:55.723, NVIDIA L40S, 41, 0 %, 0 %, 511 MiB, 46068 MiB
2026/06/25 18:47:58.724, NVIDIA L40S, 41, 1 %, 0 %, 641 MiB, 46068 MiB
2026/06/25 18:48:01.724, NVIDIA L40S, 41, 0 %, 0 %, 563 MiB, 46068 MiB
2026/06/25 18:48:04.725, NVIDIA L40S, 41, 0 %, 0 %, 949 MiB, 46068 MiB
2026/06/25 18:48:07.725, NVIDIA L40S, 41, 0 %, 0 %, 475 MiB, 46068 MiB
2026/06/25 18:48:10.726, NVIDIA L40S, 41, 0 %, 0 %, 1757 MiB, 46068 MiB
2026/06/25 18:48:13.726, NVIDIA L40S, 41, 0 %, 0 %, 527 MiB, 46068 MiB
2026/06/25 18:48:16.727, NVIDIA L40S, 41, 0 %, 0 %, 1167 MiB, 46068 MiB
2026/06/25 18:48:19.727, NVIDIA L40S, 41, 0 %, 0 %, 1255 MiB, 46068 MiB
2026/06/25 18:48:22.728, NVIDIA L40S, 41, 0 %, 0 %, 653 MiB, 46068 MiB
2026/06/25 18:48:25.728, NVIDIA L40S, 41, 0 %, 0 %, 533 MiB, 46068 MiB
2026/06/25 18:48:28.729, NVIDIA L40S, 41, 80 %, 1 %, 2071 MiB, 46068 MiB
2026/06/25 18:48:31.729, NVIDIA L40S, 41, 0 %, 0 %, 923 MiB, 46068 MiB
2026/06/25 18:48:34.730, NVIDIA L40S, 41, 0 %, 0 %, 1035 MiB, 46068 MiB
2026/06/25 18:48:37.730, NVIDIA L40S, 40, 0 %, 0 %, 645 MiB, 46068 MiB
2026/06/25 18:48:40.730, NVIDIA L40S, 40, 0 %, 0 %, 485 MiB, 46068 MiB
2026/06/25 18:48:43.731, NVIDIA L40S, 40, 0 %, 0 %, 811 MiB, 46068 MiB
2026/06/25 18:48:46.732, NVIDIA L40S, 40, 0 %, 0 %, 473 MiB, 46068 MiB
2026/06/25 18:48:49.732, NVIDIA L40S, 40, 0 %, 0 %, 483 MiB, 46068 MiB
2026/06/25 18:48:52.732, NVIDIA L40S, 40, 0 %, 0 %, 997 MiB, 46068 MiB
2026/06/25 18:48:55.733, NVIDIA L40S, 40, 0 %, 0 %, 451 MiB, 46068 MiB
2026/06/25 18:48:58.733, NVIDIA L40S, 40, 4 %, 0 %, 459 MiB, 46068 MiB
2026/06/25 18:49:01.734, NVIDIA L40S, 40, 0 %, 0 %, 845 MiB, 46068 MiB
2026/06/25 18:49:04.734, NVIDIA L40S, 40, 0 %, 0 %, 499 MiB, 46068 MiB
2026/06/25 18:49:07.735, NVIDIA L40S, 40, 0 %, 0 %, 1269 MiB, 46068 MiB
2026/06/25 18:49:10.735, NVIDIA L40S, 40, 0 %, 0 %, 439 MiB, 46068 MiB
2026/06/25 18:49:13.736, NVIDIA L40S, 41, 0 %, 0 %, 953 MiB, 46068 MiB
2026/06/25 18:49:16.736, NVIDIA L40S, 41, 0 %, 0 %, 557 MiB, 46068 MiB
2026/06/25 18:49:19.737, NVIDIA L40S, 41, 0 %, 0 %, 487 MiB, 46068 MiB
2026/06/25 18:49:22.737, NVIDIA L40S, 41, 0 %, 0 %, 513 MiB, 46068 MiB
2026/06/25 18:49:25.738, NVIDIA L40S, 41, 0 %, 0 %, 513 MiB, 46068 MiB
2026/06/25 18:49:28.738, NVIDIA L40S, 41, 0 %, 0 %, 643 MiB, 46068 MiB
2026/06/25 18:49:31.739, NVIDIA L40S, 41, 0 %, 0 %, 471 MiB, 46068 MiB
2026/06/25 18:49:34.739, NVIDIA L40S, 41, 0 %, 0 %, 791 MiB, 46068 MiB
2026/06/25 18:49:37.740, NVIDIA L40S, 40, 0 %, 0 %, 475 MiB, 46068 MiB
2026/06/25 18:49:40.741, NVIDIA L40S, 40, 0 %, 0 %, 497 MiB, 46068 MiB
2026/06/25 18:49:43.741, NVIDIA L40S, 40, 0 %, 0 %, 563 MiB, 46068 MiB
2026/06/25 18:49:46.742, NVIDIA L40S, 40, 0 %, 0 %, 473 MiB, 46068 MiB
2026/06/25 18:49:49.742, NVIDIA L40S, 40, 0 %, 0 %, 557 MiB, 46068 MiB
2026/06/25 18:49:52.742, NVIDIA L40S, 40, 0 %, 0 %, 507 MiB, 46068 MiB
2026/06/25 18:49:55.743, NVIDIA L40S, 40, 0 %, 0 %, 525 MiB, 46068 MiB
2026/06/25 18:49:58.743, NVIDIA L40S, 40, 0 %, 0 %, 1167 MiB, 46068 MiB
2026/06/25 18:50:01.744, NVIDIA L40S, 40, 0 %, 0 %, 519 MiB, 46068 MiB
2026/06/25 18:50:04.744, NVIDIA L40S, 40, 8 %, 0 %, 1929 MiB, 46068 MiB
2026/06/25 18:50:07.745, NVIDIA L40S, 40, 0 %, 0 %, 525 MiB, 46068 MiB
2026/06/25 18:50:10.745, NVIDIA L40S, 40, 0 %, 0 %, 573 MiB, 46068 MiB
2026/06/25 18:50:13.746, NVIDIA L40S, 40, 0 %, 0 %, 879 MiB, 46068 MiB
2026/06/25 18:50:16.746, NVIDIA L40S, 40, 0 %, 0 %, 507 MiB, 46068 MiB
2026/06/25 18:50:19.747, NVIDIA L40S, 40, 0 %, 0 %, 537 MiB, 46068 MiB
2026/06/25 18:50:22.748, NVIDIA L40S, 40, 0 %, 0 %, 685 MiB, 46068 MiB
2026/06/25 18:50:25.748, NVIDIA L40S, 40, 0 %, 0 %, 533 MiB, 46068 MiB
2026/06/25 18:50:28.749, NVIDIA L40S, 40, 0 %, 0 %, 1047 MiB, 46068 MiB
2026/06/25 18:50:31.749, NVIDIA L40S, 40, 0 %, 0 %, 447 MiB, 46068 MiB
2026/06/25 18:50:34.749, NVIDIA L40S, 40, 0 %, 0 %, 1345 MiB, 46068 MiB
2026/06/25 18:50:37.750, NVIDIA L40S, 40, 0 %, 0 %, 549 MiB, 46068 MiB
2026/06/25 18:50:40.750, NVIDIA L40S, 40, 0 %, 0 %, 551 MiB, 46068 MiB
2026/06/25 18:50:43.751, NVIDIA L40S, 40, 0 %, 0 %, 553 MiB, 46068 MiB
2026/06/25 18:50:46.751, NVIDIA L40S, 40, 0 %, 0 %, 503 MiB, 46068 MiB
2026/06/25 18:50:49.752, NVIDIA L40S, 40, 0 %, 0 %, 1273 MiB, 46068 MiB
2026/06/25 18:50:52.752, NVIDIA L40S, 40, 0 %, 0 %, 441 MiB, 46068 MiB
2026/06/25 18:50:55.753, NVIDIA L40S, 40, 0 %, 0 %, 493 MiB, 46068 MiB
2026/06/25 18:50:58.753, NVIDIA L40S, 40, 34 %, 1 %, 2669 MiB, 46068 MiB
2026/06/25 18:51:01.754, NVIDIA L40S, 40, 0 %, 0 %, 473 MiB, 46068 MiB
2026/06/25 18:51:04.754, NVIDIA L40S, 40, 0 %, 0 %, 987 MiB, 46068 MiB
2026/06/25 18:51:07.755, NVIDIA L40S, 40, 0 %, 0 %, 489 MiB, 46068 MiB
2026/06/25 18:51:10.755, NVIDIA L40S, 40, 2 %, 0 %, 547 MiB, 46068 MiB
2026/06/25 18:51:13.756, NVIDIA L40S, 40, 0 %, 0 %, 497 MiB, 46068 MiB
2026/06/25 18:51:16.756, NVIDIA L40S, 40, 0 %, 0 %, 2419 MiB, 46068 MiB
2026/06/25 18:51:19.757, NVIDIA L40S, 40, 0 %, 0 %, 483 MiB, 46068 MiB
2026/06/25 18:51:22.757, NVIDIA L40S, 40, 0 %, 0 %, 1253 MiB, 46068 MiB
2026/06/25 18:51:25.758, NVIDIA L40S, 40, 0 %, 0 %, 485 MiB, 46068 MiB
2026/06/25 18:51:28.758, NVIDIA L40S, 40, 0 %, 0 %, 1255 MiB, 46068 MiB
2026/06/25 18:51:31.758, NVIDIA L40S, 40, 27 %, 0 %, 767 MiB, 46068 MiB
2026/06/25 18:51:34.759, NVIDIA L40S, 40, 0 %, 0 %, 471 MiB, 46068 MiB
2026/06/25 18:51:37.759, NVIDIA L40S, 40, 0 %, 0 %, 473 MiB, 46068 MiB
2026/06/25 18:51:40.760, NVIDIA L40S, 40, 0 %, 0 %, 1189 MiB, 46068 MiB
2026/06/25 18:51:43.760, NVIDIA L40S, 40, 0 %, 0 %, 511 MiB, 46068 MiB
2026/06/25 18:51:46.761, NVIDIA L40S, 40, 0 %, 0 %, 1663 MiB, 46068 MiB
2026/06/25 18:51:49.761, NVIDIA L40S, 40, 0 %, 0 %, 455 MiB, 46068 MiB
2026/06/25 18:51:52.762, NVIDIA L40S, 40, 0 %, 0 %, 677 MiB, 46068 MiB
2026/06/25 18:51:55.762, NVIDIA L40S, 40, 3 %, 0 %, 505 MiB, 46068 MiB
2026/06/25 18:51:58.762, NVIDIA L40S, 40, 0 %, 0 %, 527 MiB, 46068 MiB
2026/06/25 18:52:01.763, NVIDIA L40S, 40, 0 %, 0 %, 681 MiB, 46068 MiB
2026/06/25 18:52:04.764, NVIDIA L40S, 40, 0 %, 0 %, 753 MiB, 46068 MiB
2026/06/25 18:52:07.764, NVIDIA L40S, 40, 0 %, 0 %, 455 MiB, 46068 MiB
2026/06/25 18:52:10.765, NVIDIA L40S, 40, 0 %, 0 %, 969 MiB, 46068 MiB
2026/06/25 18:52:13.765, NVIDIA L40S, 40, 0 %, 0 %, 511 MiB, 46068 MiB
2026/06/25 18:52:16.765, NVIDIA L40S, 40, 0 %, 0 %, 551 MiB, 46068 MiB
2026/06/25 18:52:19.766, NVIDIA L40S, 40, 0 %, 0 %, 1833 MiB, 46068 MiB
2026/06/25 18:52:22.766, NVIDIA L40S, 40, 0 %, 0 %, 1885 MiB, 46068 MiB
2026/06/25 18:52:25.767, NVIDIA L40S, 40, 0 %, 0 %, 733 MiB, 46068 MiB
2026/06/25 18:52:28.767, NVIDIA L40S, 40, 0 %, 0 %, 461 MiB, 46068 MiB
2026/06/25 18:52:31.768, NVIDIA L40S, 40, 100 %, 2 %, 1871 MiB, 46068 MiB
2026/06/25 18:52:34.769, NVIDIA L40S, 40, 0 %, 0 %, 1839 MiB, 46068 MiB
2026/06/25 18:52:37.769, NVIDIA L40S, 40, 0 %, 0 %, 551 MiB, 46068 MiB
2026/06/25 18:52:40.769, NVIDIA L40S, 40, 0 %, 0 %, 459 MiB, 46068 MiB
2026/06/25 18:52:43.770, NVIDIA L40S, 40, 0 %, 0 %, 1357 MiB, 46068 MiB
2026/06/25 18:52:46.770, NVIDIA L40S, 40, 0 %, 0 %, 651 MiB, 46068 MiB
2026/06/25 18:52:49.771, NVIDIA L40S, 40, 0 %, 0 %, 527 MiB, 46068 MiB
2026/06/25 18:52:52.771, NVIDIA L40S, 41, 0 %, 0 %, 913 MiB, 46068 MiB
2026/06/25 18:52:55.772, NVIDIA L40S, 41, 17 %, 1 %, 471 MiB, 46068 MiB
2026/06/25 18:52:58.772, NVIDIA L40S, 41, 0 %, 0 %, 601 MiB, 46068 MiB
2026/06/25 18:53:01.773, NVIDIA L40S, 40, 0 %, 0 %, 501 MiB, 46068 MiB
2026/06/25 18:53:04.773, NVIDIA L40S, 40, 0 %, 0 %, 513 MiB, 46068 MiB
2026/06/25 18:53:07.774, NVIDIA L40S, 40, 0 %, 0 %, 587 MiB, 46068 MiB
2026/06/25 18:53:10.774, NVIDIA L40S, 40, 0 %, 0 %, 513 MiB, 46068 MiB
2026/06/25 18:53:13.775, NVIDIA L40S, 40, 0 %, 0 %, 529 MiB, 46068 MiB
2026/06/25 18:53:16.775, NVIDIA L40S, 40, 0 %, 0 %, 591 MiB, 46068 MiB
2026/06/25 18:53:19.776, NVIDIA L40S, 40, 0 %, 0 %, 1019 MiB, 46068 MiB
2026/06/25 18:53:22.776, NVIDIA L40S, 40, 57 %, 0 %, 557 MiB, 46068 MiB
2026/06/25 18:53:25.777, NVIDIA L40S, 40, 0 %, 0 %, 561 MiB, 46068 MiB
2026/06/25 18:53:28.777, NVIDIA L40S, 40, 100 %, 2 %, 2227 MiB, 46068 MiB
2026/06/25 18:53:31.778, NVIDIA L40S, 41, 70 %, 6 %, 2185 MiB, 46068 MiB
2026/06/25 18:53:34.778, NVIDIA L40S, 41, 0 %, 0 %, 495 MiB, 46068 MiB
2026/06/25 18:53:37.779, NVIDIA L40S, 41, 0 %, 0 %, 655 MiB, 46068 MiB
2026/06/25 18:53:40.779, NVIDIA L40S, 40, 0 %, 0 %, 531 MiB, 46068 MiB
2026/06/25 18:53:43.780, NVIDIA L40S, 40, 0 %, 0 %, 2069 MiB, 46068 MiB
2026/06/25 18:53:46.780, NVIDIA L40S, 40, 0 %, 0 %, 563 MiB, 46068 MiB
2026/06/25 18:53:49.781, NVIDIA L40S, 40, 0 %, 0 %, 819 MiB, 46068 MiB
2026/06/25 18:53:52.781, NVIDIA L40S, 40, 0 %, 0 %, 489 MiB, 46068 MiB
2026/06/25 18:53:55.782, NVIDIA L40S, 40, 0 %, 0 %, 515 MiB, 46068 MiB
2026/06/25 18:53:58.782, NVIDIA L40S, 40, 0 %, 0 %, 609 MiB, 46068 MiB
2026/06/25 18:54:01.783, NVIDIA L40S, 40, 0 %, 0 %, 565 MiB, 46068 MiB
2026/06/25 18:54:04.783, NVIDIA L40S, 41, 10 %, 0 %, 483 MiB, 46068 MiB
2026/06/25 18:54:07.783, NVIDIA L40S, 41, 0 %, 0 %, 869 MiB, 46068 MiB
2026/06/25 18:54:10.784, NVIDIA L40S, 41, 0 %, 0 %, 463 MiB, 46068 MiB
2026/06/25 18:54:13.785, NVIDIA L40S, 41, 0 %, 0 %, 1361 MiB, 46068 MiB
2026/06/25 18:54:16.785, NVIDIA L40S, 41, 0 %, 0 %, 469 MiB, 46068 MiB
2026/06/25 18:54:19.786, NVIDIA L40S, 41, 0 %, 0 %, 1239 MiB, 46068 MiB
2026/06/25 18:54:22.786, NVIDIA L40S, 41, 0 %, 0 %, 441 MiB, 46068 MiB
2026/06/25 18:54:25.786, NVIDIA L40S, 40, 0 %, 0 %, 581 MiB, 46068 MiB
2026/06/25 18:54:28.787, NVIDIA L40S, 40, 0 %, 0 %, 599 MiB, 46068 MiB
2026/06/25 18:54:31.788, NVIDIA L40S, 40, 2 %, 0 %, 501 MiB, 46068 MiB
2026/06/25 18:54:34.788, NVIDIA L40S, 40, 0 %, 0 %, 627 MiB, 46068 MiB
2026/06/25 18:54:37.788, NVIDIA L40S, 40, 0 %, 0 %, 441 MiB, 46068 MiB
2026/06/25 18:54:40.789, NVIDIA L40S, 40, 0 %, 0 %, 1337 MiB, 46068 MiB
2026/06/25 18:54:43.789, NVIDIA L40S, 40, 86 %, 0 %, 503 MiB, 46068 MiB
2026/06/25 18:54:46.790, NVIDIA L40S, 40, 0 %, 0 %, 759 MiB, 46068 MiB
2026/06/25 18:54:49.790, NVIDIA L40S, 40, 0 %, 0 %, 515 MiB, 46068 MiB
2026/06/25 18:54:52.791, NVIDIA L40S, 40, 0 %, 0 %, 573 MiB, 46068 MiB
2026/06/25 18:54:55.791, NVIDIA L40S, 40, 0 %, 0 %, 543 MiB, 46068 MiB
2026/06/25 18:54:58.792, NVIDIA L40S, 40, 0 %, 0 %, 469 MiB, 46068 MiB
2026/06/25 18:55:01.792, NVIDIA L40S, 40, 0 %, 0 %, 1239 MiB, 46068 MiB
2026/06/25 18:55:04.793, NVIDIA L40S, 40, 0 %, 0 %, 485 MiB, 46068 MiB
2026/06/25 18:55:07.793, NVIDIA L40S, 40, 0 %, 0 %, 615 MiB, 46068 MiB
2026/06/25 18:55:10.793, NVIDIA L40S, 40, 0 %, 0 %, 517 MiB, 46068 MiB
2026/06/25 18:55:13.794, NVIDIA L40S, 40, 21 %, 2 %, 979 MiB, 46068 MiB
2026/06/25 18:55:16.794, NVIDIA L40S, 40, 0 %, 0 %, 529 MiB, 46068 MiB
2026/06/25 18:55:19.795, NVIDIA L40S, 40, 0 %, 0 %, 1035 MiB, 46068 MiB
2026/06/25 18:55:22.795, NVIDIA L40S, 40, 9 %, 0 %, 771 MiB, 46068 MiB
2026/06/25 18:55:25.796, NVIDIA L40S, 40, 8 %, 0 %, 547 MiB, 46068 MiB
2026/06/25 18:55:28.796, NVIDIA L40S, 40, 0 %, 0 %, 547 MiB, 46068 MiB
2026/06/25 18:55:31.797, NVIDIA L40S, 40, 2 %, 0 %, 493 MiB, 46068 MiB
2026/06/25 18:55:34.797, NVIDIA L40S, 40, 0 %, 0 %, 621 MiB, 46068 MiB
2026/06/25 18:55:37.798, NVIDIA L40S, 40, 0 %, 0 %, 539 MiB, 46068 MiB
2026/06/25 18:55:40.798, NVIDIA L40S, 40, 0 %, 0 %, 521 MiB, 46068 MiB
2026/06/25 18:55:43.799, NVIDIA L40S, 40, 0 %, 0 %, 1675 MiB, 46068 MiB
2026/06/25 18:55:46.799, NVIDIA L40S, 40, 0 %, 0 %, 533 MiB, 46068 MiB
2026/06/25 18:55:49.800, NVIDIA L40S, 40, 0 %, 0 %, 1303 MiB, 46068 MiB
2026/06/25 18:55:52.800, NVIDIA L40S, 40, 0 %, 0 %, 527 MiB, 46068 MiB
2026/06/25 18:55:55.801, NVIDIA L40S, 40, 0 %, 0 %, 599 MiB, 46068 MiB
2026/06/25 18:55:58.801, NVIDIA L40S, 40, 0 %, 0 %, 895 MiB, 46068 MiB
2026/06/25 18:56:01.802, NVIDIA L40S, 40, 0 %, 0 %, 439 MiB, 46068 MiB
2026/06/25 18:56:04.802, NVIDIA L40S, 40, 0 %, 0 %, 1335 MiB, 46068 MiB
2026/06/25 18:56:07.803, NVIDIA L40S, 40, 17 %, 1 %, 485 MiB, 46068 MiB
2026/06/25 18:56:10.803, NVIDIA L40S, 40, 0 %, 0 %, 487 MiB, 46068 MiB
2026/06/25 18:56:13.804, NVIDIA L40S, 40, 2 %, 0 %, 443 MiB, 46068 MiB
2026/06/25 18:56:16.804, NVIDIA L40S, 40, 0 %, 0 %, 571 MiB, 46068 MiB
2026/06/25 18:56:19.805, NVIDIA L40S, 40, 13 %, 0 %, 695 MiB, 46068 MiB
2026/06/25 18:56:22.805, NVIDIA L40S, 40, 0 %, 0 %, 563 MiB, 46068 MiB
2026/06/25 18:56:25.806, NVIDIA L40S, 40, 0 %, 0 %, 693 MiB, 46068 MiB
2026/06/25 18:56:28.806, NVIDIA L40S, 40, 0 %, 0 %, 455 MiB, 46068 MiB
2026/06/25 18:56:31.807, NVIDIA L40S, 40, 0 %, 0 %, 555 MiB, 46068 MiB
2026/06/25 18:56:34.807, NVIDIA L40S, 40, 0 %, 0 %, 509 MiB, 46068 MiB
2026/06/25 18:56:37.808, NVIDIA L40S, 40, 6 %, 0 %, 481 MiB, 46068 MiB
2026/06/25 18:56:40.808, NVIDIA L40S, 40, 0 %, 0 %, 449 MiB, 46068 MiB
2026/06/25 18:56:43.808, NVIDIA L40S, 40, 0 %, 0 %, 833 MiB, 46068 MiB
2026/06/25 18:56:46.809, NVIDIA L40S, 40, 0 %, 0 %, 519 MiB, 46068 MiB
2026/06/25 18:56:49.809, NVIDIA L40S, 40, 0 %, 0 %, 519 MiB, 46068 MiB
2026/06/25 18:56:52.810, NVIDIA L40S, 40, 0 %, 0 %, 4487 MiB, 46068 MiB
2026/06/25 18:56:55.810, NVIDIA L40S, 40, 0 %, 0 %, 495 MiB, 46068 MiB
2026/06/25 18:56:58.811, NVIDIA L40S, 40, 0 %, 0 %, 1137 MiB, 46068 MiB
2026/06/25 18:57:01.811, NVIDIA L40S, 40, 0 %, 0 %, 533 MiB, 46068 MiB
2026/06/25 18:57:04.812, NVIDIA L40S, 40, 0 %, 0 %, 479 MiB, 46068 MiB
2026/06/25 18:57:07.812, NVIDIA L40S, 40, 0 %, 0 %, 479 MiB, 46068 MiB
2026/06/25 18:57:10.812, NVIDIA L40S, 41, 100 %, 2 %, 4319 MiB, 46068 MiB
2026/06/25 18:57:13.813, NVIDIA L40S, 41, 0 %, 0 %, 809 MiB, 46068 MiB
2026/06/25 18:57:16.813, NVIDIA L40S, 41, 0 %, 0 %, 555 MiB, 46068 MiB
2026/06/25 18:57:19.814, NVIDIA L40S, 41, 0 %, 0 %, 1197 MiB, 46068 MiB
2026/06/25 18:57:22.814, NVIDIA L40S, 41, 0 %, 0 %, 497 MiB, 46068 MiB
2026/06/25 18:57:25.815, NVIDIA L40S, 41, 0 %, 0 %, 627 MiB, 46068 MiB
2026/06/25 18:57:28.815, NVIDIA L40S, 41, 0 %, 0 %, 831 MiB, 46068 MiB
2026/06/25 18:57:31.816, NVIDIA L40S, 41, 0 %, 0 %, 531 MiB, 46068 MiB
2026/06/25 18:57:34.816, NVIDIA L40S, 41, 32 %, 0 %, 1045 MiB, 46068 MiB
2026/06/25 18:57:37.817, NVIDIA L40S, 41, 0 %, 0 %, 469 MiB, 46068 MiB
2026/06/25 18:57:40.818, NVIDIA L40S, 41, 0 %, 0 %, 853 MiB, 46068 MiB
2026/06/25 18:57:43.818, NVIDIA L40S, 41, 0 %, 0 %, 487 MiB, 46068 MiB
2026/06/25 18:57:46.819, NVIDIA L40S, 41, 0 %, 0 %, 745 MiB, 46068 MiB
2026/06/25 18:57:49.819, NVIDIA L40S, 41, 0 %, 0 %, 673 MiB, 46068 MiB
2026/06/25 18:57:52.819, NVIDIA L40S, 41, 0 %, 0 %, 503 MiB, 46068 MiB
2026/06/25 18:57:55.820, NVIDIA L40S, 41, 7 %, 0 %, 631 MiB, 46068 MiB
2026/06/25 18:57:58.820, NVIDIA L40S, 41, 0 %, 0 %, 465 MiB, 46068 MiB
2026/06/25 18:58:01.821, NVIDIA L40S, 40, 0 %, 0 %, 1875 MiB, 46068 MiB
2026/06/25 18:58:04.821, NVIDIA L40S, 40, 0 %, 0 %, 1891 MiB, 46068 MiB
2026/06/25 18:58:07.822, NVIDIA L40S, 40, 0 %, 0 %, 627 MiB, 46068 MiB
2026/06/25 18:58:10.822, NVIDIA L40S, 40, 0 %, 0 %, 507 MiB, 46068 MiB
2026/06/25 18:58:13.823, NVIDIA L40S, 40, 0 %, 0 %, 507 MiB, 46068 MiB
2026/06/25 18:58:16.823, NVIDIA L40S, 40, 3 %, 0 %, 1861 MiB, 46068 MiB
2026/06/25 18:58:19.823, NVIDIA L40S, 40, 3 %, 0 %, 487 MiB, 46068 MiB
2026/06/25 18:58:22.824, NVIDIA L40S, 40, 62 %, 1 %, 1335 MiB, 46068 MiB
2026/06/25 18:58:25.824, NVIDIA L40S, 40, 0 %, 0 %, 471 MiB, 46068 MiB
2026/06/25 18:58:28.825, NVIDIA L40S, 41, 9 %, 0 %, 3031 MiB, 46068 MiB
2026/06/25 18:58:31.825, NVIDIA L40S, 41, 0 %, 0 %, 479 MiB, 46068 MiB
2026/06/25 18:58:34.826, NVIDIA L40S, 41, 49 %, 1 %, 1645 MiB, 46068 MiB
2026/06/25 18:58:37.826, NVIDIA L40S, 41, 0 %, 0 %, 789 MiB, 46068 MiB
2026/06/25 18:58:40.827, NVIDIA L40S, 41, 0 %, 0 %, 491 MiB, 46068 MiB
2026/06/25 18:58:43.827, NVIDIA L40S, 41, 0 %, 0 %, 1003 MiB, 46068 MiB
2026/06/25 18:58:46.828, NVIDIA L40S, 40, 1 %, 0 %, 549 MiB, 46068 MiB
2026/06/25 18:58:49.828, NVIDIA L40S, 40, 0 %, 0 %, 551 MiB, 46068 MiB
2026/06/25 18:58:52.829, NVIDIA L40S, 40, 0 %, 0 %, 481 MiB, 46068 MiB
2026/06/25 18:58:55.829, NVIDIA L40S, 40, 0 %, 0 %, 493 MiB, 46068 MiB
2026/06/25 18:58:58.829, NVIDIA L40S, 40, 0 %, 0 %, 575 MiB, 46068 MiB
2026/06/25 18:59:01.830, NVIDIA L40S, 40, 0 %, 0 %, 519 MiB, 46068 MiB
2026/06/25 18:59:04.830, NVIDIA L40S, 40, 0 %, 0 %, 469 MiB, 46068 MiB
2026/06/25 18:59:07.831, NVIDIA L40S, 40, 0 %, 0 %, 579 MiB, 46068 MiB
2026/06/25 18:59:10.831, NVIDIA L40S, 40, 0 %, 0 %, 623 MiB, 46068 MiB
2026/06/25 18:59:13.832, NVIDIA L40S, 40, 0 %, 0 %, 469 MiB, 46068 MiB
2026/06/25 18:59:16.832, NVIDIA L40S, 40, 42 %, 1 %, 561 MiB, 46068 MiB
2026/06/25 18:59:19.832, NVIDIA L40S, 40, 0 %, 0 %, 827 MiB, 46068 MiB
2026/06/25 18:59:22.832, NVIDIA L40S, 40, 0 %, 0 %, 551 MiB, 46068 MiB
2026/06/25 18:59:25.833, NVIDIA L40S, 40, 0 %, 0 %, 553 MiB, 46068 MiB
2026/06/25 18:59:28.833, NVIDIA L40S, 41, 0 %, 0 %, 605 MiB, 46068 MiB
2026/06/25 18:59:31.834, NVIDIA L40S, 41, 0 %, 0 %, 445 MiB, 46068 MiB
2026/06/25 18:59:34.834, NVIDIA L40S, 41, 0 %, 0 %, 445 MiB, 46068 MiB
2026/06/25 18:59:37.835, NVIDIA L40S, 41, 0 %, 0 %, 445 MiB, 46068 MiB
2026/06/25 18:59:40.835, NVIDIA L40S, 41, 0 %, 0 %, 445 MiB, 46068 MiB
2026/06/25 18:59:43.835, NVIDIA L40S, 41, 0 %, 0 %, 445 MiB, 46068 MiB
2026/06/25 18:59:46.836, NVIDIA L40S, 41, 0 %, 0 %, 445 MiB, 46068 MiB
2026/06/25 18:59:49.836, NVIDIA L40S, 41, 0 %, 0 %, 445 MiB, 46068 MiB
2026/06/25 18:59:52.837, NVIDIA L40S, 41, 0 %, 0 %, 445 MiB, 46068 MiB
2026/06/25 18:59:55.837, NVIDIA L40S, 41, 0 %, 0 %, 445 MiB, 46068 MiB
2026/06/25 18:59:58.837, NVIDIA L40S, 41, 0 %, 0 %, 445 MiB, 46068 MiB
2026/06/25 19:00:01.838, NVIDIA L40S, 41, 0 %, 0 %, 445 MiB, 46068 MiB
2026/06/25 19:00:04.838, NVIDIA L40S, 41, 0 %, 0 %, 445 MiB, 46068 MiB
2026/06/25 19:00:07.839, NVIDIA L40S, 40, 0 %, 0 %, 445 MiB, 46068 MiB
2026/06/25 19:00:10.839, NVIDIA L40S, 40, 0 %, 0 %, 445 MiB, 46068 MiB
2026/06/25 19:00:13.839, NVIDIA L40S, 40, 0 %, 0 %, 445 MiB, 46068 MiB
2026/06/25 19:00:16.840, NVIDIA L40S, 41, 0 %, 0 %, 445 MiB, 46068 MiB
2026/06/25 19:00:19.840, NVIDIA L40S, 41, 0 %, 0 %, 445 MiB, 46068 MiB
2026/06/25 19:00:22.841, NVIDIA L40S, 41, 0 %, 0 %, 445 MiB, 46068 MiB
2026/06/25 19:00:25.841, NVIDIA L40S, 41, 0 %, 0 %, 445 MiB, 46068 MiB
2026/06/25 19:00:28.842, NVIDIA L40S, 41, 0 %, 0 %, 445 MiB, 46068 MiB
2026/06/25 19:00:31.842, NVIDIA L40S, 41, 0 %, 0 %, 445 MiB, 46068 MiB
2026/06/25 19:00:34.843, NVIDIA L40S, 41, 0 %, 0 %, 445 MiB, 46068 MiB
2026/06/25 19:00:37.843, NVIDIA L40S, 41, 0 %, 0 %, 445 MiB, 46068 MiB
2026/06/25 19:00:40.844, NVIDIA L40S, 41, 0 %, 0 %, 445 MiB, 46068 MiB
2026/06/25 19:00:43.844, NVIDIA L40S, 41, 0 %, 0 %, 445 MiB, 46068 MiB
2026/06/25 19:00:46.844, NVIDIA L40S, 41, 0 %, 0 %, 445 MiB, 46068 MiB
2026/06/25 19:00:49.845, NVIDIA L40S, 41, 0 %, 0 %, 445 MiB, 46068 MiB
2026/06/25 19:00:52.845, NVIDIA L40S, 41, 0 %, 0 %, 445 MiB, 46068 MiB
2026/06/25 19:00:55.846, NVIDIA L40S, 41, 0 %, 0 %, 445 MiB, 46068 MiB
2026/06/25 19:00:58.846, NVIDIA L40S, 41, 0 %, 0 %, 445 MiB, 46068 MiB
2026/06/25 19:01:01.847, NVIDIA L40S, 41, 0 %, 0 %, 445 MiB, 46068 MiB
2026/06/25 19:01:04.847, NVIDIA L40S, 41, 0 %, 0 %, 445 MiB, 46068 MiB
2026/06/25 19:01:07.848, NVIDIA L40S, 41, 0 %, 0 %, 445 MiB, 46068 MiB
2026/06/25 19:01:10.848, NVIDIA L40S, 41, 0 %, 0 %, 445 MiB, 46068 MiB
2026/06/25 19:01:13.849, NVIDIA L40S, 41, 0 %, 0 %, 445 MiB, 46068 MiB
2026/06/25 19:01:16.849, NVIDIA L40S, 41, 0 %, 0 %, 445 MiB, 46068 MiB
2026/06/25 19:01:19.849, NVIDIA L40S, 41, 0 %, 0 %, 445 MiB, 46068 MiB
2026/06/25 19:01:22.850, NVIDIA L40S, 41, 0 %, 0 %, 445 MiB, 46068 MiB
2026/06/25 19:01:25.850, NVIDIA L40S, 41, 0 %, 0 %, 445 MiB, 46068 MiB
2026/06/25 19:01:28.851, NVIDIA L40S, 41, 0 %, 0 %, 445 MiB, 46068 MiB
2026/06/25 19:01:31.851, NVIDIA L40S, 41, 0 %, 0 %, 445 MiB, 46068 MiB
2026/06/25 19:01:34.852, NVIDIA L40S, 40, 0 %, 0 %, 445 MiB, 46068 MiB
2026/06/25 19:01:37.852, NVIDIA L40S, 40, 0 %, 0 %, 445 MiB, 46068 MiB
2026/06/25 19:01:40.853, NVIDIA L40S, 40, 0 %, 0 %, 445 MiB, 46068 MiB
2026/06/25 19:01:43.853, NVIDIA L40S, 40, 0 %, 0 %, 445 MiB, 46068 MiB
2026/06/25 19:01:46.854, NVIDIA L40S, 40, 0 %, 0 %, 445 MiB, 46068 MiB
2026/06/25 19:01:49.854, NVIDIA L40S, 40, 0 %, 0 %, 445 MiB, 46068 MiB
2026/06/25 19:01:52.854, NVIDIA L40S, 41, 0 %, 0 %, 445 MiB, 46068 MiB
2026/06/25 19:01:55.855, NVIDIA L40S, 41, 0 %, 0 %, 445 MiB, 46068 MiB
2026/06/25 19:01:58.855, NVIDIA L40S, 41, 0 %, 0 %, 445 MiB, 46068 MiB
2026/06/25 19:02:01.856, NVIDIA L40S, 41, 0 %, 0 %, 445 MiB, 46068 MiB
2026/06/25 19:02:04.856, NVIDIA L40S, 41, 0 %, 0 %, 445 MiB, 46068 MiB
2026/06/25 19:02:07.857, NVIDIA L40S, 41, 0 %, 0 %, 445 MiB, 46068 MiB
2026/06/25 19:02:10.857, NVIDIA L40S, 41, 0 %, 0 %, 445 MiB, 46068 MiB
2026/06/25 19:02:13.857, NVIDIA L40S, 41, 0 %, 0 %, 445 MiB, 46068 MiB
2026/06/25 19:02:16.858, NVIDIA L40S, 41, 0 %, 0 %, 445 MiB, 46068 MiB
2026/06/25 19:02:19.858, NVIDIA L40S, 41, 0 %, 0 %, 445 MiB, 46068 MiB
2026/06/25 19:02:22.859, NVIDIA L40S, 41, 0 %, 0 %, 445 MiB, 46068 MiB
2026/06/25 19:02:25.859, NVIDIA L40S, 41, 0 %, 0 %, 445 MiB, 46068 MiB
2026/06/25 19:02:28.860, NVIDIA L40S, 41, 0 %, 0 %, 445 MiB, 46068 MiB
2026/06/25 19:02:31.860, NVIDIA L40S, 41, 0 %, 0 %, 445 MiB, 46068 MiB
2026/06/25 19:02:34.861, NVIDIA L40S, 41, 0 %, 0 %, 445 MiB, 46068 MiB
2026/06/25 19:02:37.861, NVIDIA L40S, 41, 0 %, 0 %, 445 MiB, 46068 MiB
2026/06/25 19:02:40.861, NVIDIA L40S, 41, 0 %, 0 %, 445 MiB, 46068 MiB
2026/06/25 19:02:43.862, NVIDIA L40S, 41, 0 %, 0 %, 445 MiB, 46068 MiB
2026/06/25 19:02:46.862, NVIDIA L40S, 41, 0 %, 0 %, 445 MiB, 46068 MiB
2026/06/25 19:02:49.863, NVIDIA L40S, 41, 0 %, 0 %, 445 MiB, 46068 MiB
2026/06/25 19:02:52.863, NVIDIA L40S, 41, 0 %, 0 %, 445 MiB, 46068 MiB
2026/06/25 19:02:55.864, NVIDIA L40S, 41, 0 %, 0 %, 445 MiB, 46068 MiB
2026/06/25 19:02:58.864, NVIDIA L40S, 41, 0 %, 0 %, 445 MiB, 46068 MiB
2026/06/25 19:03:01.865, NVIDIA L40S, 41, 0 %, 0 %, 445 MiB, 46068 MiB
2026/06/25 19:03:04.865, NVIDIA L40S, 40, 0 %, 0 %, 445 MiB, 46068 MiB
2026/06/25 19:03:07.866, NVIDIA L40S, 40, 0 %, 0 %, 445 MiB, 46068 MiB
2026/06/25 19:03:10.866, NVIDIA L40S, 40, 0 %, 0 %, 445 MiB, 46068 MiB
2026/06/25 19:03:13.867, NVIDIA L40S, 40, 0 %, 0 %, 445 MiB, 46068 MiB
2026/06/25 19:03:16.867, NVIDIA L40S, 40, 0 %, 0 %, 445 MiB, 46068 MiB
2026/06/25 19:03:19.868, NVIDIA L40S, 40, 0 %, 0 %, 445 MiB, 46068 MiB
2026/06/25 19:03:22.868, NVIDIA L40S, 40, 0 %, 0 %, 445 MiB, 46068 MiB
2026/06/25 19:03:25.869, NVIDIA L40S, 40, 0 %, 0 %, 445 MiB, 46068 MiB
2026/06/25 19:03:28.869, NVIDIA L40S, 40, 0 %, 0 %, 445 MiB, 46068 MiB
2026/06/25 19:03:31.869, NVIDIA L40S, 40, 0 %, 0 %, 445 MiB, 46068 MiB
2026/06/25 19:03:34.870, NVIDIA L40S, 40, 0 %, 0 %, 445 MiB, 46068 MiB
2026/06/25 19:03:37.870, NVIDIA L40S, 40, 0 %, 0 %, 445 MiB, 46068 MiB
2026/06/25 19:03:40.871, NVIDIA L40S, 40, 0 %, 0 %, 445 MiB, 46068 MiB
2026/06/25 19:03:43.871, NVIDIA L40S, 40, 0 %, 0 %, 445 MiB, 46068 MiB
2026/06/25 19:03:46.872, NVIDIA L40S, 40, 0 %, 0 %, 445 MiB, 46068 MiB
2026/06/25 19:03:49.872, NVIDIA L40S, 40, 0 %, 0 %, 445 MiB, 46068 MiB
2026/06/25 19:03:52.873, NVIDIA L40S, 40, 0 %, 0 %, 445 MiB, 46068 MiB
2026/06/25 19:03:55.873, NVIDIA L40S, 40, 0 %, 0 %, 445 MiB, 46068 MiB
2026/06/25 19:03:58.874, NVIDIA L40S, 40, 0 %, 0 %, 445 MiB, 46068 MiB
2026/06/25 19:04:01.874, NVIDIA L40S, 40, 0 %, 0 %, 445 MiB, 46068 MiB
2026/06/25 19:04:04.875, NVIDIA L40S, 40, 0 %, 0 %, 445 MiB, 46068 MiB
2026/06/25 19:04:07.875, NVIDIA L40S, 40, 0 %, 0 %, 445 MiB, 46068 MiB
2026/06/25 19:04:10.876, NVIDIA L40S, 40, 0 %, 0 %, 445 MiB, 46068 MiB
2026/06/25 19:04:13.876, NVIDIA L40S, 41, 0 %, 0 %, 445 MiB, 46068 MiB
2026/06/25 19:04:16.877, NVIDIA L40S, 41, 0 %, 0 %, 445 MiB, 46068 MiB
2026/06/25 19:04:19.877, NVIDIA L40S, 41, 0 %, 0 %, 445 MiB, 46068 MiB
2026/06/25 19:04:22.878, NVIDIA L40S, 41, 0 %, 0 %, 445 MiB, 46068 MiB
2026/06/25 19:04:25.878, NVIDIA L40S, 41, 0 %, 0 %, 445 MiB, 46068 MiB
2026/06/25 19:04:28.879, NVIDIA L40S, 41, 0 %, 0 %, 445 MiB, 46068 MiB
2026/06/25 19:04:31.879, NVIDIA L40S, 41, 0 %, 0 %, 445 MiB, 46068 MiB
2026/06/25 19:04:34.880, NVIDIA L40S, 41, 0 %, 0 %, 445 MiB, 46068 MiB
2026/06/25 19:04:37.881, NVIDIA L40S, 41, 0 %, 0 %, 445 MiB, 46068 MiB
2026/06/25 19:04:40.881, NVIDIA L40S, 40, 0 %, 0 %, 445 MiB, 46068 MiB
2026/06/25 19:04:43.882, NVIDIA L40S, 40, 0 %, 0 %, 445 MiB, 46068 MiB
2026/06/25 19:04:46.882, NVIDIA L40S, 40, 0 %, 0 %, 445 MiB, 46068 MiB
2026/06/25 19:04:49.883, NVIDIA L40S, 40, 0 %, 0 %, 445 MiB, 46068 MiB
2026/06/25 19:04:52.884, NVIDIA L40S, 40, 0 %, 0 %, 445 MiB, 46068 MiB
2026/06/25 19:04:55.884, NVIDIA L40S, 40, 0 %, 0 %, 445 MiB, 46068 MiB
2026/06/25 19:04:58.885, NVIDIA L40S, 40, 0 %, 0 %, 445 MiB, 46068 MiB
2026/06/25 19:05:01.885, NVIDIA L40S, 40, 0 %, 0 %, 445 MiB, 46068 MiB
2026/06/25 19:05:04.886, NVIDIA L40S, 40, 0 %, 0 %, 445 MiB, 46068 MiB
2026/06/25 19:05:07.886, NVIDIA L40S, 40, 0 %, 0 %, 445 MiB, 46068 MiB
2026/06/25 19:05:10.887, NVIDIA L40S, 40, 0 %, 0 %, 445 MiB, 46068 MiB
2026/06/25 19:05:13.887, NVIDIA L40S, 40, 0 %, 0 %, 445 MiB, 46068 MiB
2026/06/25 19:05:16.888, NVIDIA L40S, 40, 0 %, 0 %, 445 MiB, 46068 MiB
2026/06/25 19:05:19.888, NVIDIA L40S, 40, 0 %, 0 %, 445 MiB, 46068 MiB
2026/06/25 19:05:22.889, NVIDIA L40S, 40, 0 %, 0 %, 445 MiB, 46068 MiB
2026/06/25 19:05:25.890, NVIDIA L40S, 40, 0 %, 0 %, 445 MiB, 46068 MiB
2026/06/25 19:05:28.890, NVIDIA L40S, 40, 0 %, 0 %, 445 MiB, 46068 MiB
2026/06/25 19:05:31.891, NVIDIA L40S, 40, 0 %, 0 %, 445 MiB, 46068 MiB
2026/06/25 19:05:34.891, NVIDIA L40S, 40, 0 %, 0 %, 445 MiB, 46068 MiB
2026/06/25 19:05:37.892, NVIDIA L40S, 41, 0 %, 0 %, 445 MiB, 46068 MiB
2026/06/25 19:05:40.892, NVIDIA L40S, 41, 0 %, 0 %, 445 MiB, 46068 MiB
2026/06/25 19:05:43.893, NVIDIA L40S, 41, 0 %, 0 %, 445 MiB, 46068 MiB
2026/06/25 19:05:46.893, NVIDIA L40S, 41, 0 %, 0 %, 445 MiB, 46068 MiB
2026/06/25 19:05:49.894, NVIDIA L40S, 41, 0 %, 0 %, 445 MiB, 46068 MiB
2026/06/25 19:05:52.894, NVIDIA L40S, 41, 0 %, 0 %, 445 MiB, 46068 MiB
2026/06/25 19:05:55.895, NVIDIA L40S, 41, 0 %, 0 %, 445 MiB, 46068 MiB
2026/06/25 19:05:58.895, NVIDIA L40S, 40, 0 %, 0 %, 445 MiB, 46068 MiB
2026/06/25 19:06:01.896, NVIDIA L40S, 40, 0 %, 0 %, 445 MiB, 46068 MiB
2026/06/25 19:06:04.896, NVIDIA L40S, 40, 0 %, 0 %, 445 MiB, 46068 MiB
2026/06/25 19:06:07.896, NVIDIA L40S, 40, 0 %, 0 %, 445 MiB, 46068 MiB
2026/06/25 19:06:10.897, NVIDIA L40S, 40, 0 %, 0 %, 445 MiB, 46068 MiB
2026/06/25 19:06:13.898, NVIDIA L40S, 40, 0 %, 0 %, 445 MiB, 46068 MiB
2026/06/25 19:06:16.898, NVIDIA L40S, 40, 0 %, 0 %, 445 MiB, 46068 MiB
2026/06/25 19:06:19.899, NVIDIA L40S, 40, 0 %, 0 %, 445 MiB, 46068 MiB
2026/06/25 19:06:22.899, NVIDIA L40S, 40, 0 %, 0 %, 445 MiB, 46068 MiB
2026/06/25 19:06:25.900, NVIDIA L40S, 40, 0 %, 0 %, 445 MiB, 46068 MiB
2026/06/25 19:06:28.901, NVIDIA L40S, 40, 0 %, 0 %, 445 MiB, 46068 MiB
2026/06/25 19:06:31.901, NVIDIA L40S, 40, 0 %, 0 %, 445 MiB, 46068 MiB
2026/06/25 19:06:34.902, NVIDIA L40S, 40, 0 %, 0 %, 445 MiB, 46068 MiB
2026/06/25 19:06:37.902, NVIDIA L40S, 40, 0 %, 0 %, 445 MiB, 46068 MiB
2026/06/25 19:06:40.903, NVIDIA L40S, 40, 0 %, 0 %, 445 MiB, 46068 MiB
2026/06/25 19:06:43.903, NVIDIA L40S, 40, 0 %, 0 %, 445 MiB, 46068 MiB
2026/06/25 19:06:46.904, NVIDIA L40S, 40, 0 %, 0 %, 445 MiB, 46068 MiB
2026/06/25 19:06:49.904, NVIDIA L40S, 40, 0 %, 0 %, 445 MiB, 46068 MiB
2026/06/25 19:06:52.905, NVIDIA L40S, 40, 0 %, 0 %, 445 MiB, 46068 MiB
2026/06/25 19:06:55.905, NVIDIA L40S, 40, 0 %, 0 %, 445 MiB, 46068 MiB
2026/06/25 19:06:58.906, NVIDIA L40S, 40, 0 %, 0 %, 445 MiB, 46068 MiB
2026/06/25 19:07:01.906, NVIDIA L40S, 40, 0 %, 0 %, 445 MiB, 46068 MiB
2026/06/25 19:07:04.907, NVIDIA L40S, 40, 0 %, 0 %, 445 MiB, 46068 MiB
2026/06/25 19:07:07.908, NVIDIA L40S, 40, 0 %, 0 %, 445 MiB, 46068 MiB
2026/06/25 19:07:10.908, NVIDIA L40S, 40, 0 %, 0 %, 445 MiB, 46068 MiB
2026/06/25 19:07:13.909, NVIDIA L40S, 40, 0 %, 0 %, 445 MiB, 46068 MiB
2026/06/25 19:07:16.909, NVIDIA L40S, 40, 0 %, 0 %, 445 MiB, 46068 MiB
2026/06/25 19:07:19.910, NVIDIA L40S, 40, 0 %, 0 %, 445 MiB, 46068 MiB
2026/06/25 19:07:22.910, NVIDIA L40S, 40, 0 %, 0 %, 445 MiB, 46068 MiB
2026/06/25 19:07:25.911, NVIDIA L40S, 40, 0 %, 0 %, 445 MiB, 46068 MiB
2026/06/25 19:07:28.911, NVIDIA L40S, 40, 0 %, 0 %, 445 MiB, 46068 MiB
2026/06/25 19:07:31.912, NVIDIA L40S, 40, 0 %, 0 %, 445 MiB, 46068 MiB
2026/06/25 19:07:34.912, NVIDIA L40S, 40, 0 %, 0 %, 445 MiB, 46068 MiB
2026/06/25 19:07:37.913, NVIDIA L40S, 40, 0 %, 0 %, 445 MiB, 46068 MiB
2026/06/25 19:07:40.913, NVIDIA L40S, 41, 0 %, 0 %, 445 MiB, 46068 MiB
2026/06/25 19:07:43.914, NVIDIA L40S, 41, 0 %, 0 %, 445 MiB, 46068 MiB
2026/06/25 19:07:46.914, NVIDIA L40S, 41, 0 %, 0 %, 445 MiB, 46068 MiB
2026/06/25 19:07:49.915, NVIDIA L40S, 41, 0 %, 0 %, 445 MiB, 46068 MiB
2026/06/25 19:07:52.915, NVIDIA L40S, 41, 0 %, 0 %, 443 MiB, 46068 MiB
2026/06/25 19:07:55.916, NVIDIA L40S, 41, 0 %, 0 %, 443 MiB, 46068 MiB
2026/06/25 19:07:58.916, NVIDIA L40S, 41, 6 %, 1 %, 11 MiB, 46068 MiB
2026/06/25 19:08:01.917, NVIDIA L40S, 39, 0 %, 0 %, 0 MiB, 46068 MiB
2026/06/25 19:08:04.917, NVIDIA L40S, 37, 0 %, 0 %, 0 MiB, 46068 MiB
2026/06/25 19:08:07.918, NVIDIA L40S, 37, 0 %, 0 %, 0 MiB, 46068 MiB
2026/06/25 19:08:10.918, NVIDIA L40S, 36, 0 %, 0 %, 0 MiB, 46068 MiB
2026/06/25 19:08:13.918, NVIDIA L40S, 36, 0 %, 0 %, 0 MiB, 46068 MiB
2026/06/25 19:08:16.919, NVIDIA L40S, 35, 0 %, 0 %, 0 MiB, 46068 MiB
2026/06/25 19:08:19.919, NVIDIA L40S, 35, 0 %, 0 %, 0 MiB, 46068 MiB
2026/06/25 19:08:22.920, NVIDIA L40S, 35, 0 %, 0 %, 0 MiB, 46068 MiB
2026/06/25 19:08:25.920, NVIDIA L40S, 34, 0 %, 0 %, 0 MiB, 46068 MiB
2026/06/25 19:08:28.920, NVIDIA L40S, 34, 0 %, 0 %, 0 MiB, 46068 MiB
2026/06/25 19:08:31.921, NVIDIA L40S, 34, 0 %, 0 %, 0 MiB, 46068 MiB
2026/06/25 19:08:34.921, NVIDIA L40S, 33, 0 %, 0 %, 0 MiB, 46068 MiB
2026/06/25 19:08:37.922, NVIDIA L40S, 33, 0 %, 0 %, 0 MiB, 46068 MiB
2026/06/25 19:08:40.922, NVIDIA L40S, 33, 0 %, 0 %, 0 MiB, 46068 MiB
2026/06/25 19:08:43.923, NVIDIA L40S, 32, 0 %, 0 %, 0 MiB, 46068 MiB
2026/06/25 19:08:46.923, NVIDIA L40S, 32, 0 %, 0 %, 0 MiB, 46068 MiB
2026/06/25 19:08:49.924, NVIDIA L40S, 32, 0 %, 0 %, 0 MiB, 46068 MiB
2026/06/25 19:08:52.925, NVIDIA L40S, 32, 0 %, 0 %, 0 MiB, 46068 MiB
2026/06/25 19:08:55.925, NVIDIA L40S, 31, 0 %, 0 %, 0 MiB, 46068 MiB
2026/06/25 19:08:58.925, NVIDIA L40S, 31, 0 %, 0 %, 0 MiB, 46068 MiB
2026/06/25 19:09:01.926, NVIDIA L40S, 31, 0 %, 0 %, 0 MiB, 46068 MiB
2026/06/25 19:09:04.926, NVIDIA L40S, 31, 0 %, 0 %, 0 MiB, 46068 MiB
2026/06/25 19:09:07.927, NVIDIA L40S, 31, 0 %, 0 %, 0 MiB, 46068 MiB
2026/06/25 19:09:10.927, NVIDIA L40S, 31, 0 %, 0 %, 0 MiB, 46068 MiB
2026/06/25 19:09:13.928, NVIDIA L40S, 30, 0 %, 0 %, 0 MiB, 46068 MiB
2026/06/25 19:09:16.928, NVIDIA L40S, 30, 0 %, 0 %, 0 MiB, 46068 MiB
2026/06/25 19:09:19.929, NVIDIA L40S, 30, 0 %, 0 %, 0 MiB, 46068 MiB
2026/06/25 19:09:22.929, NVIDIA L40S, 30, 0 %, 0 %, 0 MiB, 46068 MiB
2026/06/25 19:09:25.929, NVIDIA L40S, 30, 0 %, 0 %, 0 MiB, 46068 MiB
2026/06/25 19:09:28.930, NVIDIA L40S, 30, 0 %, 0 %, 0 MiB, 46068 MiB
2026/06/25 19:09:31.930, NVIDIA L40S, 30, 0 %, 0 %, 0 MiB, 46068 MiB
2026/06/25 19:09:34.931, NVIDIA L40S, 30, 0 %, 0 %, 0 MiB, 46068 MiB
2026/06/25 19:09:37.931, NVIDIA L40S, 33, 0 %, 0 %, 435 MiB, 46068 MiB
2026/06/25 19:09:40.932, NVIDIA L40S, 34, 0 %, 0 %, 435 MiB, 46068 MiB
2026/06/25 19:09:43.932, NVIDIA L40S, 34, 0 %, 0 %, 435 MiB, 46068 MiB
2026/06/25 19:09:46.933, NVIDIA L40S, 34, 0 %, 0 %, 435 MiB, 46068 MiB
2026/06/25 19:09:49.933, NVIDIA L40S, 35, 0 %, 0 %, 435 MiB, 46068 MiB
2026/06/25 19:09:52.934, NVIDIA L40S, 35, 0 %, 0 %, 437 MiB, 46068 MiB
2026/06/25 19:09:55.934, NVIDIA L40S, 35, 0 %, 0 %, 437 MiB, 46068 MiB
2026/06/25 19:09:58.935, NVIDIA L40S, 36, 0 %, 0 %, 553 MiB, 46068 MiB
2026/06/25 19:10:01.936, NVIDIA L40S, 36, 0 %, 0 %, 553 MiB, 46068 MiB
2026/06/25 19:10:04.936, NVIDIA L40S, 36, 0 %, 0 %, 553 MiB, 46068 MiB
2026/06/25 19:10:07.937, NVIDIA L40S, 36, 0 %, 0 %, 553 MiB, 46068 MiB
2026/06/25 19:10:10.937, NVIDIA L40S, 37, 0 %, 0 %, 555 MiB, 46068 MiB
2026/06/25 19:10:13.938, NVIDIA L40S, 37, 84 %, 1 %, 4907 MiB, 46068 MiB
2026/06/25 19:10:16.938, NVIDIA L40S, 37, 0 %, 0 %, 435 MiB, 46068 MiB
2026/06/25 19:10:19.939, NVIDIA L40S, 37, 0 %, 0 %, 435 MiB, 46068 MiB
2026/06/25 19:10:22.939, NVIDIA L40S, 37, 0 %, 0 %, 437 MiB, 46068 MiB
2026/06/25 19:10:25.940, NVIDIA L40S, 37, 0 %, 0 %, 437 MiB, 46068 MiB
2026/06/25 19:10:28.940, NVIDIA L40S, 38, 51 %, 2 %, 2949 MiB, 46068 MiB
2026/06/25 19:10:31.941, NVIDIA L40S, 38, 0 %, 0 %, 453 MiB, 46068 MiB
2026/06/25 19:10:34.941, NVIDIA L40S, 38, 0 %, 0 %, 453 MiB, 46068 MiB
2026/06/25 19:10:37.942, NVIDIA L40S, 38, 0 %, 0 %, 453 MiB, 46068 MiB
2026/06/25 19:10:40.942, NVIDIA L40S, 38, 0 %, 0 %, 453 MiB, 46068 MiB
2026/06/25 19:10:43.943, NVIDIA L40S, 38, 0 %, 0 %, 453 MiB, 46068 MiB
2026/06/25 19:10:46.944, NVIDIA L40S, 38, 0 %, 0 %, 453 MiB, 46068 MiB
2026/06/25 19:10:49.944, NVIDIA L40S, 38, 0 %, 0 %, 455 MiB, 46068 MiB
2026/06/25 19:10:52.945, NVIDIA L40S, 38, 2 %, 0 %, 8263 MiB, 46068 MiB
2026/06/25 19:10:55.945, NVIDIA L40S, 38, 0 %, 0 %, 547 MiB, 46068 MiB
2026/06/25 19:10:58.946, NVIDIA L40S, 39, 0 %, 0 %, 547 MiB, 46068 MiB
2026/06/25 19:11:01.946, NVIDIA L40S, 39, 0 %, 0 %, 547 MiB, 46068 MiB
2026/06/25 19:11:04.947, NVIDIA L40S, 39, 0 %, 0 %, 549 MiB, 46068 MiB
2026/06/25 19:11:07.947, NVIDIA L40S, 39, 0 %, 0 %, 549 MiB, 46068 MiB
2026/06/25 19:11:10.948, NVIDIA L40S, 39, 0 %, 0 %, 6959 MiB, 46068 MiB
2026/06/25 19:11:13.948, NVIDIA L40S, 39, 0 %, 0 %, 499 MiB, 46068 MiB
2026/06/25 19:11:16.949, NVIDIA L40S, 39, 0 %, 0 %, 499 MiB, 46068 MiB
2026/06/25 19:11:19.950, NVIDIA L40S, 39, 0 %, 0 %, 499 MiB, 46068 MiB
2026/06/25 19:11:22.950, NVIDIA L40S, 39, 0 %, 0 %, 501 MiB, 46068 MiB
2026/06/25 19:11:25.951, NVIDIA L40S, 39, 0 %, 0 %, 501 MiB, 46068 MiB
2026/06/25 19:11:28.951, NVIDIA L40S, 39, 0 %, 0 %, 489 MiB, 46068 MiB
2026/06/25 19:11:31.952, NVIDIA L40S, 40, 0 %, 0 %, 489 MiB, 46068 MiB
2026/06/25 19:11:34.952, NVIDIA L40S, 40, 0 %, 0 %, 489 MiB, 46068 MiB
2026/06/25 19:11:37.953, NVIDIA L40S, 40, 0 %, 0 %, 491 MiB, 46068 MiB
2026/06/25 19:11:40.953, NVIDIA L40S, 40, 0 %, 0 %, 1899 MiB, 46068 MiB
2026/06/25 19:11:43.954, NVIDIA L40S, 40, 0 %, 0 %, 487 MiB, 46068 MiB
2026/06/25 19:11:46.954, NVIDIA L40S, 39, 0 %, 0 %, 487 MiB, 46068 MiB
2026/06/25 19:11:49.955, NVIDIA L40S, 39, 0 %, 0 %, 489 MiB, 46068 MiB
2026/06/25 19:11:52.955, NVIDIA L40S, 39, 0 %, 0 %, 489 MiB, 46068 MiB
2026/06/25 19:11:55.955, NVIDIA L40S, 39, 55 %, 5 %, 2787 MiB, 46068 MiB
2026/06/25 19:11:58.956, NVIDIA L40S, 39, 0 %, 0 %, 489 MiB, 46068 MiB
2026/06/25 19:12:01.956, NVIDIA L40S, 39, 0 %, 0 %, 491 MiB, 46068 MiB
2026/06/25 19:12:04.957, NVIDIA L40S, 39, 0 %, 0 %, 491 MiB, 46068 MiB
2026/06/25 19:12:07.958, NVIDIA L40S, 39, 0 %, 0 %, 8683 MiB, 46068 MiB
2026/06/25 19:12:10.958, NVIDIA L40S, 39, 0 %, 0 %, 483 MiB, 46068 MiB
2026/06/25 19:12:13.958, NVIDIA L40S, 39, 0 %, 0 %, 485 MiB, 46068 MiB
2026/06/25 19:12:16.959, NVIDIA L40S, 39, 2 %, 0 %, 485 MiB, 46068 MiB
2026/06/25 19:12:19.959, NVIDIA L40S, 40, 0 %, 0 %, 483 MiB, 46068 MiB
2026/06/25 19:12:22.960, NVIDIA L40S, 40, 0 %, 0 %, 475 MiB, 46068 MiB
2026/06/25 19:12:25.960, NVIDIA L40S, 40, 0 %, 0 %, 477 MiB, 46068 MiB
2026/06/25 19:12:28.961, NVIDIA L40S, 40, 0 %, 0 %, 477 MiB, 46068 MiB
2026/06/25 19:12:31.961, NVIDIA L40S, 40, 2 %, 0 %, 465 MiB, 46068 MiB
2026/06/25 19:12:34.962, NVIDIA L40S, 40, 0 %, 0 %, 465 MiB, 46068 MiB
2026/06/25 19:12:37.962, NVIDIA L40S, 40, 0 %, 0 %, 465 MiB, 46068 MiB
2026/06/25 19:12:40.963, NVIDIA L40S, 40, 0 %, 0 %, 465 MiB, 46068 MiB
2026/06/25 19:12:43.963, NVIDIA L40S, 40, 0 %, 0 %, 467 MiB, 46068 MiB
2026/06/25 19:12:46.964, NVIDIA L40S, 40, 0 %, 0 %, 467 MiB, 46068 MiB
2026/06/25 19:12:49.964, NVIDIA L40S, 40, 0 %, 0 %, 455 MiB, 46068 MiB
2026/06/25 19:12:52.965, NVIDIA L40S, 40, 0 %, 0 %, 455 MiB, 46068 MiB
2026/06/25 19:12:55.965, NVIDIA L40S, 40, 0 %, 0 %, 455 MiB, 46068 MiB
2026/06/25 19:12:58.966, NVIDIA L40S, 40, 0 %, 0 %, 455 MiB, 46068 MiB
2026/06/25 19:13:01.966, NVIDIA L40S, 40, 0 %, 0 %, 455 MiB, 46068 MiB
2026/06/25 19:13:04.967, NVIDIA L40S, 40, 0 %, 0 %, 455 MiB, 46068 MiB
2026/06/25 19:13:07.967, NVIDIA L40S, 40, 0 %, 0 %, 455 MiB, 46068 MiB
2026/06/25 19:13:10.967, NVIDIA L40S, 40, 0 %, 0 %, 457 MiB, 46068 MiB
2026/06/25 19:13:13.968, NVIDIA L40S, 40, 100 %, 1 %, 3657 MiB, 46068 MiB
2026/06/25 19:13:16.968, NVIDIA L40S, 40, 82 %, 0 %, 3463 MiB, 46068 MiB
2026/06/25 19:13:19.969, NVIDIA L40S, 40, 0 %, 0 %, 543 MiB, 46068 MiB
2026/06/25 19:13:22.969, NVIDIA L40S, 40, 0 %, 0 %, 543 MiB, 46068 MiB
2026/06/25 19:13:25.969, NVIDIA L40S, 40, 0 %, 0 %, 543 MiB, 46068 MiB
2026/06/25 19:13:28.970, NVIDIA L40S, 40, 0 %, 0 %, 545 MiB, 46068 MiB
2026/06/25 19:13:31.970, NVIDIA L40S, 40, 5 %, 0 %, 7073 MiB, 46068 MiB
2026/06/25 19:13:34.971, NVIDIA L40S, 40, 0 %, 0 %, 525 MiB, 46068 MiB
2026/06/25 19:13:37.971, NVIDIA L40S, 40, 0 %, 0 %, 525 MiB, 46068 MiB
2026/06/25 19:13:40.972, NVIDIA L40S, 40, 0 %, 0 %, 527 MiB, 46068 MiB
2026/06/25 19:13:43.972, NVIDIA L40S, 40, 0 %, 0 %, 527 MiB, 46068 MiB
2026/06/25 19:13:46.972, NVIDIA L40S, 40, 0 %, 0 %, 515 MiB, 46068 MiB
2026/06/25 19:13:49.973, NVIDIA L40S, 40, 0 %, 0 %, 515 MiB, 46068 MiB
2026/06/25 19:13:52.973, NVIDIA L40S, 40, 0 %, 0 %, 515 MiB, 46068 MiB
2026/06/25 19:13:55.974, NVIDIA L40S, 40, 0 %, 0 %, 517 MiB, 46068 MiB
2026/06/25 19:13:58.974, NVIDIA L40S, 40, 0 %, 0 %, 517 MiB, 46068 MiB
2026/06/25 19:14:01.974, NVIDIA L40S, 40, 0 %, 0 %, 505 MiB, 46068 MiB
2026/06/25 19:14:04.975, NVIDIA L40S, 40, 0 %, 0 %, 507 MiB, 46068 MiB
2026/06/25 19:14:07.975, NVIDIA L40S, 40, 0 %, 0 %, 507 MiB, 46068 MiB
2026/06/25 19:14:10.976, NVIDIA L40S, 40, 0 %, 0 %, 9595 MiB, 46068 MiB
2026/06/25 19:14:13.976, NVIDIA L40S, 40, 0 %, 0 %, 557 MiB, 46068 MiB
2026/06/25 19:14:16.977, NVIDIA L40S, 40, 0 %, 0 %, 557 MiB, 46068 MiB
2026/06/25 19:14:19.977, NVIDIA L40S, 40, 0 %, 0 %, 557 MiB, 46068 MiB
2026/06/25 19:14:22.978, NVIDIA L40S, 40, 0 %, 0 %, 557 MiB, 46068 MiB
2026/06/25 19:14:25.978, NVIDIA L40S, 40, 0 %, 0 %, 557 MiB, 46068 MiB
2026/06/25 19:14:28.979, NVIDIA L40S, 40, 0 %, 0 %, 557 MiB, 46068 MiB
2026/06/25 19:14:31.979, NVIDIA L40S, 40, 0 %, 0 %, 557 MiB, 46068 MiB
2026/06/25 19:14:34.980, NVIDIA L40S, 40, 0 %, 0 %, 557 MiB, 46068 MiB
2026/06/25 19:14:37.980, NVIDIA L40S, 40, 0 %, 0 %, 559 MiB, 46068 MiB
2026/06/25 19:14:40.981, NVIDIA L40S, 40, 0 %, 0 %, 559 MiB, 46068 MiB
2026/06/25 19:14:43.981, NVIDIA L40S, 40, 16 %, 1 %, 13487 MiB, 46068 MiB
2026/06/25 19:14:46.981, NVIDIA L40S, 40, 0 %, 0 %, 451 MiB, 46068 MiB
2026/06/25 19:14:49.982, NVIDIA L40S, 40, 0 %, 0 %, 451 MiB, 46068 MiB
2026/06/25 19:14:52.982, NVIDIA L40S, 40, 0 %, 0 %, 453 MiB, 46068 MiB
2026/06/25 19:14:55.983, NVIDIA L40S, 41, 0 %, 0 %, 5317 MiB, 46068 MiB
2026/06/25 19:14:58.983, NVIDIA L40S, 41, 0 %, 0 %, 553 MiB, 46068 MiB
2026/06/25 19:15:01.984, NVIDIA L40S, 41, 0 %, 0 %, 553 MiB, 46068 MiB
2026/06/25 19:15:04.984, NVIDIA L40S, 41, 0 %, 0 %, 553 MiB, 46068 MiB
2026/06/25 19:15:07.985, NVIDIA L40S, 41, 0 %, 0 %, 553 MiB, 46068 MiB
2026/06/25 19:15:10.985, NVIDIA L40S, 41, 0 %, 0 %, 553 MiB, 46068 MiB
2026/06/25 19:15:13.986, NVIDIA L40S, 41, 0 %, 0 %, 553 MiB, 46068 MiB
2026/06/25 19:15:16.986, NVIDIA L40S, 41, 0 %, 0 %, 553 MiB, 46068 MiB
2026/06/25 19:15:19.987, NVIDIA L40S, 41, 0 %, 0 %, 553 MiB, 46068 MiB
2026/06/25 19:15:22.987, NVIDIA L40S, 40, 0 %, 0 %, 553 MiB, 46068 MiB
2026/06/25 19:15:25.987, NVIDIA L40S, 40, 0 %, 0 %, 555 MiB, 46068 MiB
2026/06/25 19:15:28.988, NVIDIA L40S, 40, 0 %, 0 %, 555 MiB, 46068 MiB
2026/06/25 19:15:31.988, NVIDIA L40S, 40, 0 %, 0 %, 555 MiB, 46068 MiB
2026/06/25 19:15:34.989, NVIDIA L40S, 41, 0 %, 0 %, 555 MiB, 46068 MiB
2026/06/25 19:15:37.989, NVIDIA L40S, 41, 44 %, 1 %, 2859 MiB, 46068 MiB
2026/06/25 19:15:40.990, NVIDIA L40S, 41, 15 %, 1 %, 525 MiB, 46068 MiB
2026/06/25 19:15:43.990, NVIDIA L40S, 41, 0 %, 0 %, 523 MiB, 46068 MiB
2026/06/25 19:15:46.990, NVIDIA L40S, 41, 0 %, 0 %, 525 MiB, 46068 MiB
2026/06/25 19:15:49.991, NVIDIA L40S, 41, 0 %, 0 %, 525 MiB, 46068 MiB
2026/06/25 19:15:52.991, NVIDIA L40S, 41, 8 %, 0 %, 14861 MiB, 46068 MiB
2026/06/25 19:15:55.992, NVIDIA L40S, 41, 49 %, 4 %, 453 MiB, 46068 MiB
2026/06/25 19:15:58.992, NVIDIA L40S, 41, 0 %, 0 %, 451 MiB, 46068 MiB
2026/06/25 19:16:01.992, NVIDIA L40S, 41, 0 %, 0 %, 451 MiB, 46068 MiB
2026/06/25 19:16:04.993, NVIDIA L40S, 41, 0 %, 0 %, 451 MiB, 46068 MiB
2026/06/25 19:16:07.993, NVIDIA L40S, 41, 0 %, 0 %, 451 MiB, 46068 MiB
2026/06/25 19:16:10.994, NVIDIA L40S, 41, 0 %, 0 %, 451 MiB, 46068 MiB
2026/06/25 19:16:13.994, NVIDIA L40S, 41, 0 %, 0 %, 451 MiB, 46068 MiB
2026/06/25 19:16:16.995, NVIDIA L40S, 40, 0 %, 0 %, 451 MiB, 46068 MiB
2026/06/25 19:16:19.995, NVIDIA L40S, 40, 0 %, 0 %, 451 MiB, 46068 MiB
2026/06/25 19:16:22.995, NVIDIA L40S, 40, 0 %, 0 %, 453 MiB, 46068 MiB
2026/06/25 19:16:25.996, NVIDIA L40S, 40, 0 %, 0 %, 453 MiB, 46068 MiB
2026/06/25 19:16:28.996, NVIDIA L40S, 40, 0 %, 0 %, 11845 MiB, 46068 MiB
2026/06/25 19:16:31.997, NVIDIA L40S, 40, 0 %, 0 %, 503 MiB, 46068 MiB
2026/06/25 19:16:34.997, NVIDIA L40S, 40, 0 %, 0 %, 503 MiB, 46068 MiB
2026/06/25 19:16:37.997, NVIDIA L40S, 40, 0 %, 0 %, 503 MiB, 46068 MiB
2026/06/25 19:16:40.998, NVIDIA L40S, 40, 0 %, 0 %, 503 MiB, 46068 MiB
2026/06/25 19:16:43.999, NVIDIA L40S, 41, 0 %, 0 %, 503 MiB, 46068 MiB
2026/06/25 19:16:46.999, NVIDIA L40S, 41, 0 %, 0 %, 503 MiB, 46068 MiB
2026/06/25 19:16:49.999, NVIDIA L40S, 41, 0 %, 0 %, 503 MiB, 46068 MiB
2026/06/25 19:16:53.000, NVIDIA L40S, 41, 0 %, 0 %, 503 MiB, 46068 MiB
2026/06/25 19:16:56.000, NVIDIA L40S, 41, 0 %, 0 %, 503 MiB, 46068 MiB
2026/06/25 19:16:59.001, NVIDIA L40S, 41, 0 %, 0 %, 503 MiB, 46068 MiB
2026/06/25 19:17:02.001, NVIDIA L40S, 41, 0 %, 0 %, 503 MiB, 46068 MiB
2026/06/25 19:17:05.002, NVIDIA L40S, 41, 0 %, 0 %, 505 MiB, 46068 MiB
2026/06/25 19:17:08.002, NVIDIA L40S, 41, 0 %, 0 %, 505 MiB, 46068 MiB
2026/06/25 19:17:11.003, NVIDIA L40S, 41, 0 %, 0 %, 493 MiB, 46068 MiB
2026/06/25 19:17:14.003, NVIDIA L40S, 41, 0 %, 0 %, 493 MiB, 46068 MiB
2026/06/25 19:17:17.003, NVIDIA L40S, 41, 0 %, 0 %, 493 MiB, 46068 MiB
2026/06/25 19:17:20.004, NVIDIA L40S, 41, 0 %, 0 %, 493 MiB, 46068 MiB
2026/06/25 19:17:23.004, NVIDIA L40S, 40, 0 %, 0 %, 493 MiB, 46068 MiB
2026/06/25 19:17:26.005, NVIDIA L40S, 40, 0 %, 0 %, 495 MiB, 46068 MiB
2026/06/25 19:17:29.005, NVIDIA L40S, 41, 38 %, 1 %, 13039 MiB, 46068 MiB
2026/06/25 19:17:32.006, NVIDIA L40S, 41, 0 %, 0 %, 5223 MiB, 46068 MiB
2026/06/25 19:17:35.006, NVIDIA L40S, 41, 0 %, 0 %, 485 MiB, 46068 MiB
2026/06/25 19:17:38.007, NVIDIA L40S, 41, 0 %, 0 %, 485 MiB, 46068 MiB
2026/06/25 19:17:41.007, NVIDIA L40S, 41, 0 %, 0 %, 487 MiB, 46068 MiB
2026/06/25 19:17:44.007, NVIDIA L40S, 41, 0 %, 0 %, 7271 MiB, 46068 MiB
2026/06/25 19:17:47.008, NVIDIA L40S, 41, 0 %, 0 %, 4447 MiB, 46068 MiB
2026/06/25 19:17:50.008, NVIDIA L40S, 41, 0 %, 0 %, 471 MiB, 46068 MiB
2026/06/25 19:17:53.009, NVIDIA L40S, 41, 1 %, 0 %, 473 MiB, 46068 MiB
2026/06/25 19:17:56.009, NVIDIA L40S, 41, 0 %, 0 %, 473 MiB, 46068 MiB
2026/06/25 19:17:59.010, NVIDIA L40S, 41, 0 %, 0 %, 8409 MiB, 46068 MiB
2026/06/25 19:18:02.010, NVIDIA L40S, 41, 0 %, 0 %, 453 MiB, 46068 MiB
2026/06/25 19:18:05.011, NVIDIA L40S, 41, 0 %, 0 %, 453 MiB, 46068 MiB
2026/06/25 19:18:08.011, NVIDIA L40S, 41, 0 %, 0 %, 453 MiB, 46068 MiB
2026/06/25 19:18:11.011, NVIDIA L40S, 41, 0 %, 0 %, 453 MiB, 46068 MiB
2026/06/25 19:18:14.012, NVIDIA L40S, 41, 0 %, 0 %, 455 MiB, 46068 MiB
2026/06/25 19:18:17.012, NVIDIA L40S, 41, 0 %, 0 %, 455 MiB, 46068 MiB
2026/06/25 19:18:20.013, NVIDIA L40S, 41, 2 %, 0 %, 3879 MiB, 46068 MiB
2026/06/25 19:18:23.013, NVIDIA L40S, 41, 0 %, 0 %, 539 MiB, 46068 MiB
2026/06/25 19:18:26.014, NVIDIA L40S, 41, 0 %, 0 %, 541 MiB, 46068 MiB
2026/06/25 19:18:29.014, NVIDIA L40S, 41, 0 %, 0 %, 541 MiB, 46068 MiB
2026/06/25 19:18:32.015, NVIDIA L40S, 41, 7 %, 0 %, 13853 MiB, 46068 MiB
2026/06/25 19:18:35.015, NVIDIA L40S, 41, 0 %, 0 %, 539 MiB, 46068 MiB
2026/06/25 19:18:38.015, NVIDIA L40S, 41, 0 %, 0 %, 539 MiB, 46068 MiB
2026/06/25 19:18:41.016, NVIDIA L40S, 41, 0 %, 0 %, 541 MiB, 46068 MiB
2026/06/25 19:18:44.017, NVIDIA L40S, 41, 39 %, 1 %, 5021 MiB, 46068 MiB
2026/06/25 19:18:47.017, NVIDIA L40S, 41, 0 %, 0 %, 483 MiB, 46068 MiB
2026/06/25 19:18:50.018, NVIDIA L40S, 41, 0 %, 0 %, 483 MiB, 46068 MiB
2026/06/25 19:18:53.018, NVIDIA L40S, 41, 0 %, 0 %, 485 MiB, 46068 MiB
2026/06/25 19:18:56.019, NVIDIA L40S, 40, 0 %, 0 %, 2021 MiB, 46068 MiB
2026/06/25 19:18:59.019, NVIDIA L40S, 40, 0 %, 0 %, 4037 MiB, 46068 MiB
2026/06/25 19:19:02.020, NVIDIA L40S, 40, 0 %, 0 %, 519 MiB, 46068 MiB
2026/06/25 19:19:05.020, NVIDIA L40S, 40, 0 %, 0 %, 519 MiB, 46068 MiB
2026/06/25 19:19:08.021, NVIDIA L40S, 40, 0 %, 0 %, 519 MiB, 46068 MiB
2026/06/25 19:19:11.021, NVIDIA L40S, 40, 0 %, 0 %, 519 MiB, 46068 MiB
2026/06/25 19:19:14.022, NVIDIA L40S, 40, 0 %, 0 %, 521 MiB, 46068 MiB
2026/06/25 19:19:17.022, NVIDIA L40S, 40, 100 %, 2 %, 3977 MiB, 46068 MiB
2026/06/25 19:19:20.023, NVIDIA L40S, 40, 0 %, 0 %, 3895 MiB, 46068 MiB
2026/06/25 19:19:23.023, NVIDIA L40S, 41, 0 %, 0 %, 507 MiB, 46068 MiB
2026/06/25 19:19:26.024, NVIDIA L40S, 41, 0 %, 0 %, 507 MiB, 46068 MiB
2026/06/25 19:19:29.024, NVIDIA L40S, 41, 0 %, 0 %, 507 MiB, 46068 MiB
2026/06/25 19:19:32.025, NVIDIA L40S, 41, 0 %, 0 %, 509 MiB, 46068 MiB
2026/06/25 19:19:35.025, NVIDIA L40S, 41, 48 %, 1 %, 3837 MiB, 46068 MiB
2026/06/25 19:19:38.025, NVIDIA L40S, 41, 0 %, 0 %, 3849 MiB, 46068 MiB
2026/06/25 19:19:41.026, NVIDIA L40S, 41, 0 %, 0 %, 497 MiB, 46068 MiB
2026/06/25 19:19:44.026, NVIDIA L40S, 41, 0 %, 0 %, 499 MiB, 46068 MiB
2026/06/25 19:19:47.027, NVIDIA L40S, 41, 0 %, 0 %, 499 MiB, 46068 MiB
2026/06/25 19:19:50.027, NVIDIA L40S, 41, 0 %, 0 %, 14451 MiB, 46068 MiB
2026/06/25 19:19:53.028, NVIDIA L40S, 41, 100 %, 0 %, 5021 MiB, 46068 MiB
2026/06/25 19:19:56.028, NVIDIA L40S, 41, 0 %, 0 %, 543 MiB, 46068 MiB
2026/06/25 19:19:59.029, NVIDIA L40S, 41, 0 %, 0 %, 543 MiB, 46068 MiB
2026/06/25 19:20:02.029, NVIDIA L40S, 41, 0 %, 0 %, 543 MiB, 46068 MiB
2026/06/25 19:20:05.030, NVIDIA L40S, 41, 0 %, 0 %, 543 MiB, 46068 MiB
2026/06/25 19:20:08.030, NVIDIA L40S, 41, 0 %, 0 %, 543 MiB, 46068 MiB
2026/06/25 19:20:11.031, NVIDIA L40S, 41, 0 %, 0 %, 543 MiB, 46068 MiB
2026/06/25 19:20:14.031, NVIDIA L40S, 41, 0 %, 0 %, 543 MiB, 46068 MiB
2026/06/25 19:20:17.032, NVIDIA L40S, 41, 0 %, 0 %, 545 MiB, 46068 MiB
2026/06/25 19:20:20.032, NVIDIA L40S, 41, 0 %, 0 %, 7457 MiB, 46068 MiB
2026/06/25 19:20:23.033, NVIDIA L40S, 40, 0 %, 0 %, 541 MiB, 46068 MiB
2026/06/25 19:20:26.033, NVIDIA L40S, 40, 0 %, 0 %, 541 MiB, 46068 MiB
2026/06/25 19:20:29.033, NVIDIA L40S, 40, 0 %, 0 %, 543 MiB, 46068 MiB
2026/06/25 19:20:32.034, NVIDIA L40S, 40, 34 %, 1 %, 6687 MiB, 46068 MiB
2026/06/25 19:20:35.035, NVIDIA L40S, 40, 0 %, 0 %, 4249 MiB, 46068 MiB
2026/06/25 19:20:38.035, NVIDIA L40S, 40, 0 %, 0 %, 499 MiB, 46068 MiB
2026/06/25 19:20:41.035, NVIDIA L40S, 40, 0 %, 0 %, 499 MiB, 46068 MiB
2026/06/25 19:20:44.036, NVIDIA L40S, 40, 0 %, 0 %, 501 MiB, 46068 MiB
2026/06/25 19:20:47.036, NVIDIA L40S, 40, 0 %, 0 %, 501 MiB, 46068 MiB
2026/06/25 19:20:50.037, NVIDIA L40S, 41, 0 %, 0 %, 501 MiB, 46068 MiB
2026/06/25 19:20:53.037, NVIDIA L40S, 41, 0 %, 0 %, 501 MiB, 46068 MiB
2026/06/25 19:20:56.037, NVIDIA L40S, 41, 0 %, 0 %, 501 MiB, 46068 MiB
2026/06/25 19:20:59.038, NVIDIA L40S, 41, 0 %, 0 %, 501 MiB, 46068 MiB
2026/06/25 19:21:02.038, NVIDIA L40S, 41, 0 %, 0 %, 501 MiB, 46068 MiB
2026/06/25 19:21:05.039, NVIDIA L40S, 41, 0 %, 0 %, 501 MiB, 46068 MiB
2026/06/25 19:21:08.039, NVIDIA L40S, 41, 0 %, 0 %, 501 MiB, 46068 MiB
2026/06/25 19:21:11.040, NVIDIA L40S, 41, 0 %, 0 %, 501 MiB, 46068 MiB
2026/06/25 19:21:14.040, NVIDIA L40S, 41, 0 %, 0 %, 501 MiB, 46068 MiB
2026/06/25 19:21:17.041, NVIDIA L40S, 41, 0 %, 0 %, 501 MiB, 46068 MiB
2026/06/25 19:21:20.041, NVIDIA L40S, 41, 0 %, 0 %, 503 MiB, 46068 MiB
2026/06/25 19:21:23.042, NVIDIA L40S, 41, 0 %, 0 %, 503 MiB, 46068 MiB
2026/06/25 19:21:26.042, NVIDIA L40S, 41, 0 %, 0 %, 501 MiB, 46068 MiB
2026/06/25 19:21:29.042, NVIDIA L40S, 40, 0 %, 0 %, 491 MiB, 46068 MiB
2026/06/25 19:21:32.043, NVIDIA L40S, 40, 0 %, 0 %, 493 MiB, 46068 MiB
2026/06/25 19:21:35.043, NVIDIA L40S, 40, 1 %, 0 %, 11245 MiB, 46068 MiB
2026/06/25 19:21:38.044, NVIDIA L40S, 40, 0 %, 0 %, 455 MiB, 46068 MiB
2026/06/25 19:21:41.044, NVIDIA L40S, 40, 0 %, 0 %, 455 MiB, 46068 MiB
2026/06/25 19:21:44.045, NVIDIA L40S, 40, 0 %, 0 %, 457 MiB, 46068 MiB
2026/06/25 19:21:47.045, NVIDIA L40S, 40, 0 %, 0 %, 3121 MiB, 46068 MiB
2026/06/25 19:21:50.045, NVIDIA L40S, 40, 0 %, 0 %, 491 MiB, 46068 MiB
2026/06/25 19:21:53.046, NVIDIA L40S, 40, 0 %, 0 %, 493 MiB, 46068 MiB
2026/06/25 19:21:56.046, NVIDIA L40S, 40, 0 %, 0 %, 493 MiB, 46068 MiB
2026/06/25 19:21:59.046, NVIDIA L40S, 40, 0 %, 0 %, 481 MiB, 46068 MiB
2026/06/25 19:22:02.047, NVIDIA L40S, 40, 0 %, 0 %, 481 MiB, 46068 MiB
2026/06/25 19:22:05.047, NVIDIA L40S, 40, 0 %, 0 %, 481 MiB, 46068 MiB
2026/06/25 19:22:08.048, NVIDIA L40S, 40, 0 %, 0 %, 483 MiB, 46068 MiB
2026/06/25 19:22:11.048, NVIDIA L40S, 40, 41 %, 2 %, 1911 MiB, 46068 MiB
2026/06/25 19:22:14.049, NVIDIA L40S, 40, 0 %, 0 %, 513 MiB, 46068 MiB
2026/06/25 19:22:17.049, NVIDIA L40S, 41, 0 %, 0 %, 515 MiB, 46068 MiB
2026/06/25 19:22:20.049, NVIDIA L40S, 41, 0 %, 0 %, 503 MiB, 46068 MiB
2026/06/25 19:22:23.050, NVIDIA L40S, 41, 0 %, 0 %, 503 MiB, 46068 MiB
2026/06/25 19:22:26.050, NVIDIA L40S, 41, 0 %, 0 %, 505 MiB, 46068 MiB
2026/06/25 19:22:29.051, NVIDIA L40S, 41, 49 %, 1 %, 3085 MiB, 46068 MiB
2026/06/25 19:22:32.051, NVIDIA L40S, 41, 0 %, 0 %, 515 MiB, 46068 MiB
2026/06/25 19:22:35.052, NVIDIA L40S, 41, 0 %, 0 %, 517 MiB, 46068 MiB
2026/06/25 19:22:38.052, NVIDIA L40S, 41, 0 %, 0 %, 7429 MiB, 46068 MiB
2026/06/25 19:22:41.053, NVIDIA L40S, 40, 0 %, 0 %, 497 MiB, 46068 MiB
2026/06/25 19:22:44.053, NVIDIA L40S, 40, 0 %, 0 %, 499 MiB, 46068 MiB
2026/06/25 19:22:47.054, NVIDIA L40S, 40, 33 %, 0 %, 6643 MiB, 46068 MiB
2026/06/25 19:22:50.054, NVIDIA L40S, 40, 0 %, 0 %, 453 MiB, 46068 MiB
2026/06/25 19:22:53.054, NVIDIA L40S, 40, 0 %, 0 %, 455 MiB, 46068 MiB
2026/06/25 19:22:56.055, NVIDIA L40S, 40, 0 %, 0 %, 455 MiB, 46068 MiB
2026/06/25 19:22:59.055, NVIDIA L40S, 40, 0 %, 0 %, 447 MiB, 46068 MiB
2026/06/25 19:23:02.056, NVIDIA L40S, 41, 0 %, 0 %, 449 MiB, 46068 MiB
2026/06/25 19:23:05.056, NVIDIA L40S, 41, 0 %, 0 %, 3905 MiB, 46068 MiB
2026/06/25 19:23:08.057, NVIDIA L40S, 41, 0 %, 0 %, 443 MiB, 46068 MiB
2026/06/25 19:23:11.057, NVIDIA L40S, 41, 1 %, 0 %, 445 MiB, 46068 MiB
2026/06/25 19:23:14.058, NVIDIA L40S, 41, 0 %, 0 %, 445 MiB, 46068 MiB
2026/06/25 19:23:17.058, NVIDIA L40S, 41, 0 %, 0 %, 2947 MiB, 46068 MiB
2026/06/25 19:23:20.059, NVIDIA L40S, 41, 0 %, 0 %, 465 MiB, 46068 MiB
2026/06/25 19:23:23.059, NVIDIA L40S, 40, 0 %, 0 %, 467 MiB, 46068 MiB
2026/06/25 19:23:26.060, NVIDIA L40S, 40, 22 %, 1 %, 11603 MiB, 46068 MiB
2026/06/25 19:23:29.060, NVIDIA L40S, 40, 100 %, 0 %, 5437 MiB, 46068 MiB
2026/06/25 19:23:32.060, NVIDIA L40S, 40, 0 %, 0 %, 515 MiB, 46068 MiB
2026/06/25 19:23:35.061, NVIDIA L40S, 40, 0 %, 0 %, 517 MiB, 46068 MiB
2026/06/25 19:23:38.061, NVIDIA L40S, 40, 0 %, 0 %, 10629 MiB, 46068 MiB
2026/06/25 19:23:41.062, NVIDIA L40S, 40, 0 %, 0 %, 491 MiB, 46068 MiB
2026/06/25 19:23:44.062, NVIDIA L40S, 40, 0 %, 0 %, 493 MiB, 46068 MiB
2026/06/25 19:23:47.062, NVIDIA L40S, 40, 0 %, 0 %, 6893 MiB, 46068 MiB
2026/06/25 19:23:50.063, NVIDIA L40S, 40, 0 %, 0 %, 445 MiB, 46068 MiB
2026/06/25 19:23:53.063, NVIDIA L40S, 40, 0 %, 0 %, 447 MiB, 46068 MiB
2026/06/25 19:23:56.064, NVIDIA L40S, 40, 0 %, 0 %, 439 MiB, 46068 MiB
2026/06/25 19:23:59.064, NVIDIA L40S, 40, 0 %, 0 %, 439 MiB, 46068 MiB
2026/06/25 19:24:02.064, NVIDIA L40S, 40, 0 %, 0 %, 439 MiB, 46068 MiB
2026/06/25 19:24:05.065, NVIDIA L40S, 40, 0 %, 0 %, 441 MiB, 46068 MiB
2026/06/25 19:24:08.065, NVIDIA L40S, 40, 23 %, 0 %, 1977 MiB, 46068 MiB
2026/06/25 19:24:11.066, NVIDIA L40S, 40, 0 %, 0 %, 449 MiB, 46068 MiB
2026/06/25 19:24:14.066, NVIDIA L40S, 40, 0 %, 0 %, 451 MiB, 46068 MiB
2026/06/25 19:24:17.067, NVIDIA L40S, 40, 0 %, 0 %, 3267 MiB, 46068 MiB
2026/06/25 19:24:20.067, NVIDIA L40S, 41, 90 %, 0 %, 527 MiB, 46068 MiB
2026/06/25 19:24:23.067, NVIDIA L40S, 40, 0 %, 0 %, 525 MiB, 46068 MiB
2026/06/25 19:24:26.068, NVIDIA L40S, 41, 0 %, 0 %, 527 MiB, 46068 MiB
2026/06/25 19:24:29.068, NVIDIA L40S, 41, 0 %, 0 %, 5705 MiB, 46068 MiB
2026/06/25 19:24:32.069, NVIDIA L40S, 41, 0 %, 0 %, 465 MiB, 46068 MiB
2026/06/25 19:24:35.069, NVIDIA L40S, 41, 0 %, 0 %, 465 MiB, 46068 MiB
2026/06/25 19:24:38.070, NVIDIA L40S, 41, 0 %, 0 %, 467 MiB, 46068 MiB
2026/06/25 19:24:41.070, NVIDIA L40S, 41, 0 %, 0 %, 467 MiB, 46068 MiB
2026/06/25 19:24:44.070, NVIDIA L40S, 41, 0 %, 0 %, 455 MiB, 46068 MiB
2026/06/25 19:24:47.071, NVIDIA L40S, 40, 0 %, 0 %, 457 MiB, 46068 MiB
2026/06/25 19:24:50.071, NVIDIA L40S, 40, 0 %, 0 %, 445 MiB, 46068 MiB
2026/06/25 19:24:53.072, NVIDIA L40S, 40, 0 %, 0 %, 445 MiB, 46068 MiB
2026/06/25 19:24:56.072, NVIDIA L40S, 40, 0 %, 0 %, 447 MiB, 46068 MiB
2026/06/25 19:24:59.072, NVIDIA L40S, 40, 0 %, 0 %, 447 MiB, 46068 MiB
2026/06/25 19:25:02.073, NVIDIA L40S, 40, 0 %, 0 %, 435 MiB, 46068 MiB
2026/06/25 19:25:05.073, NVIDIA L40S, 40, 0 %, 0 %, 437 MiB, 46068 MiB
2026/06/25 19:25:08.074, NVIDIA L40S, 40, 0 %, 0 %, 2997 MiB, 46068 MiB
2026/06/25 19:25:11.074, NVIDIA L40S, 40, 100 %, 0 %, 633 MiB, 46068 MiB
2026/06/25 19:25:14.075, NVIDIA L40S, 40, 0 %, 0 %, 547 MiB, 46068 MiB
2026/06/25 19:25:17.075, NVIDIA L40S, 40, 72 %, 1 %, 7331 MiB, 46068 MiB
2026/06/25 19:25:20.075, NVIDIA L40S, 40, 0 %, 0 %, 451 MiB, 46068 MiB
2026/06/25 19:25:23.076, NVIDIA L40S, 40, 0 %, 0 %, 649 MiB, 46068 MiB
2026/06/25 19:25:26.076, NVIDIA L40S, 40, 0 %, 0 %, 709 MiB, 46068 MiB
2026/06/25 19:25:29.077, NVIDIA L40S, 40, 0 %, 0 %, 499 MiB, 46068 MiB
2026/06/25 19:25:32.077, NVIDIA L40S, 40, 0 %, 0 %, 757 MiB, 46068 MiB
2026/06/25 19:25:35.077, NVIDIA L40S, 40, 0 %, 0 %, 667 MiB, 46068 MiB
2026/06/25 19:25:38.078, NVIDIA L40S, 40, 9 %, 0 %, 447 MiB, 46068 MiB
2026/06/25 19:25:41.078, NVIDIA L40S, 40, 0 %, 0 %, 959 MiB, 46068 MiB
2026/06/25 19:25:44.079, NVIDIA L40S, 40, 0 %, 0 %, 541 MiB, 46068 MiB
2026/06/25 19:25:47.079, NVIDIA L40S, 40, 0 %, 0 %, 605 MiB, 46068 MiB
2026/06/25 19:25:50.079, NVIDIA L40S, 41, 0 %, 0 %, 693 MiB, 46068 MiB
2026/06/25 19:25:53.080, NVIDIA L40S, 41, 0 %, 0 %, 487 MiB, 46068 MiB
2026/06/25 19:25:56.080, NVIDIA L40S, 41, 0 %, 0 %, 1129 MiB, 46068 MiB
2026/06/25 19:25:59.081, NVIDIA L40S, 41, 0 %, 0 %, 517 MiB, 46068 MiB
2026/06/25 19:26:02.081, NVIDIA L40S, 41, 0 %, 0 %, 775 MiB, 46068 MiB
2026/06/25 19:26:05.082, NVIDIA L40S, 41, 32 %, 0 %, 731 MiB, 46068 MiB
2026/06/25 19:26:08.082, NVIDIA L40S, 41, 4 %, 0 %, 551 MiB, 46068 MiB
2026/06/25 19:26:11.083, NVIDIA L40S, 41, 0 %, 0 %, 935 MiB, 46068 MiB
2026/06/25 19:26:14.083, NVIDIA L40S, 40, 0 %, 0 %, 491 MiB, 46068 MiB
2026/06/25 19:26:17.084, NVIDIA L40S, 40, 0 %, 0 %, 1517 MiB, 46068 MiB
2026/06/25 19:26:20.084, NVIDIA L40S, 40, 24 %, 2 %, 451 MiB, 46068 MiB
2026/06/25 19:26:23.085, NVIDIA L40S, 40, 0 %, 0 %, 707 MiB, 46068 MiB
2026/06/25 19:26:26.085, NVIDIA L40S, 40, 0 %, 0 %, 435 MiB, 46068 MiB
2026/06/25 19:26:29.086, NVIDIA L40S, 40, 0 %, 0 %, 2229 MiB, 46068 MiB
2026/06/25 19:26:32.086, NVIDIA L40S, 40, 2 %, 0 %, 615 MiB, 46068 MiB
2026/06/25 19:26:35.087, NVIDIA L40S, 41, 0 %, 0 %, 509 MiB, 46068 MiB
2026/06/25 19:26:38.087, NVIDIA L40S, 41, 5 %, 0 %, 893 MiB, 46068 MiB
2026/06/25 19:26:41.088, NVIDIA L40S, 41, 0 %, 0 %, 635 MiB, 46068 MiB
2026/06/25 19:26:44.088, NVIDIA L40S, 41, 0 %, 0 %, 547 MiB, 46068 MiB
2026/06/25 19:26:47.088, NVIDIA L40S, 41, 0 %, 0 %, 1189 MiB, 46068 MiB
2026/06/25 19:26:50.089, NVIDIA L40S, 41, 62 %, 0 %, 457 MiB, 46068 MiB
2026/06/25 19:26:53.089, NVIDIA L40S, 41, 53 %, 0 %, 1225 MiB, 46068 MiB
2026/06/25 19:26:56.090, NVIDIA L40S, 40, 0 %, 0 %, 1349 MiB, 46068 MiB
2026/06/25 19:26:59.090, NVIDIA L40S, 40, 0 %, 0 %, 935 MiB, 46068 MiB
2026/06/25 19:27:02.091, NVIDIA L40S, 40, 4 %, 0 %, 493 MiB, 46068 MiB
2026/06/25 19:27:05.091, NVIDIA L40S, 40, 0 %, 0 %, 877 MiB, 46068 MiB
2026/06/25 19:27:08.091, NVIDIA L40S, 40, 0 %, 0 %, 543 MiB, 46068 MiB
2026/06/25 19:27:11.092, NVIDIA L40S, 40, 75 %, 1 %, 925 MiB, 46068 MiB
2026/06/25 19:27:14.092, NVIDIA L40S, 40, 0 %, 0 %, 749 MiB, 46068 MiB
2026/06/25 19:27:17.093, NVIDIA L40S, 40, 0 %, 0 %, 455 MiB, 46068 MiB
2026/06/25 19:27:20.093, NVIDIA L40S, 40, 0 %, 0 %, 713 MiB, 46068 MiB
2026/06/25 19:27:23.094, NVIDIA L40S, 40, 0 %, 0 %, 631 MiB, 46068 MiB
2026/06/25 19:27:26.094, NVIDIA L40S, 40, 0 %, 0 %, 489 MiB, 46068 MiB
2026/06/25 19:27:29.095, NVIDIA L40S, 40, 0 %, 0 %, 1131 MiB, 46068 MiB
2026/06/25 19:27:32.095, NVIDIA L40S, 40, 0 %, 0 %, 547 MiB, 46068 MiB
2026/06/25 19:27:35.095, NVIDIA L40S, 40, 0 %, 0 %, 1445 MiB, 46068 MiB
2026/06/25 19:27:38.096, NVIDIA L40S, 40, 100 %, 0 %, 1641 MiB, 46068 MiB
2026/06/25 19:27:41.096, NVIDIA L40S, 40, 0 %, 0 %, 1263 MiB, 46068 MiB
2026/06/25 19:27:44.097, NVIDIA L40S, 40, 0 %, 0 %, 457 MiB, 46068 MiB
2026/06/25 19:27:47.097, NVIDIA L40S, 40, 0 %, 0 %, 715 MiB, 46068 MiB
2026/06/25 19:27:50.098, NVIDIA L40S, 40, 0 %, 0 %, 527 MiB, 46068 MiB
2026/06/25 19:27:53.098, NVIDIA L40S, 40, 0 %, 0 %, 607 MiB, 46068 MiB
2026/06/25 19:27:56.099, NVIDIA L40S, 40, 0 %, 0 %, 657 MiB, 46068 MiB
2026/06/25 19:27:59.099, NVIDIA L40S, 40, 0 %, 0 %, 475 MiB, 46068 MiB
2026/06/25 19:28:02.100, NVIDIA L40S, 40, 32 %, 3 %, 1335 MiB, 46068 MiB
2026/06/25 19:28:05.100, NVIDIA L40S, 40, 0 %, 0 %, 719 MiB, 46068 MiB
2026/06/25 19:28:08.101, NVIDIA L40S, 40, 0 %, 0 %, 503 MiB, 46068 MiB
2026/06/25 19:28:11.101, NVIDIA L40S, 40, 0 %, 0 %, 549 MiB, 46068 MiB
2026/06/25 19:28:14.102, NVIDIA L40S, 40, 0 %, 0 %, 1703 MiB, 46068 MiB
2026/06/25 19:28:17.102, NVIDIA L40S, 40, 31 %, 3 %, 521 MiB, 46068 MiB
2026/06/25 19:28:20.102, NVIDIA L40S, 40, 0 %, 0 %, 907 MiB, 46068 MiB
2026/06/25 19:28:23.103, NVIDIA L40S, 40, 0 %, 0 %, 601 MiB, 46068 MiB
2026/06/25 19:28:26.104, NVIDIA L40S, 40, 19 %, 0 %, 479 MiB, 46068 MiB
2026/06/25 19:28:29.104, NVIDIA L40S, 41, 0 %, 0 %, 991 MiB, 46068 MiB
2026/06/25 19:28:32.104, NVIDIA L40S, 41, 0 %, 0 %, 493 MiB, 46068 MiB
2026/06/25 19:28:35.105, NVIDIA L40S, 41, 0 %, 0 %, 637 MiB, 46068 MiB
2026/06/25 19:28:38.105, NVIDIA L40S, 41, 0 %, 0 %, 503 MiB, 46068 MiB
2026/06/25 19:28:41.105, NVIDIA L40S, 41, 0 %, 0 %, 465 MiB, 46068 MiB
2026/06/25 19:28:44.106, NVIDIA L40S, 41, 0 %, 0 %, 657 MiB, 46068 MiB
2026/06/25 19:28:47.106, NVIDIA L40S, 41, 48 %, 0 %, 923 MiB, 46068 MiB
2026/06/25 19:28:50.107, NVIDIA L40S, 41, 45 %, 0 %, 525 MiB, 46068 MiB
2026/06/25 19:28:53.107, NVIDIA L40S, 41, 0 %, 0 %, 781 MiB, 46068 MiB
2026/06/25 19:28:56.108, NVIDIA L40S, 41, 0 %, 0 %, 557 MiB, 46068 MiB
2026/06/25 19:28:59.108, NVIDIA L40S, 41, 0 %, 0 %, 551 MiB, 46068 MiB
2026/06/25 19:29:02.109, NVIDIA L40S, 40, 0 %, 0 %, 529 MiB, 46068 MiB
2026/06/25 19:29:05.109, NVIDIA L40S, 40, 0 %, 0 %, 529 MiB, 46068 MiB
2026/06/25 19:29:08.110, NVIDIA L40S, 40, 0 %, 0 %, 529 MiB, 46068 MiB
2026/06/25 19:29:11.110, NVIDIA L40S, 40, 0 %, 0 %, 529 MiB, 46068 MiB
2026/06/25 19:29:14.111, NVIDIA L40S, 40, 0 %, 0 %, 529 MiB, 46068 MiB
2026/06/25 19:29:17.111, NVIDIA L40S, 40, 0 %, 0 %, 529 MiB, 46068 MiB
2026/06/25 19:29:20.111, NVIDIA L40S, 40, 0 %, 0 %, 529 MiB, 46068 MiB
2026/06/25 19:29:23.112, NVIDIA L40S, 40, 0 %, 0 %, 529 MiB, 46068 MiB
2026/06/25 19:29:26.112, NVIDIA L40S, 40, 0 %, 0 %, 529 MiB, 46068 MiB
2026/06/25 19:29:29.113, NVIDIA L40S, 41, 0 %, 0 %, 529 MiB, 46068 MiB
2026/06/25 19:29:32.113, NVIDIA L40S, 41, 0 %, 0 %, 529 MiB, 46068 MiB
2026/06/25 19:29:35.114, NVIDIA L40S, 41, 0 %, 0 %, 529 MiB, 46068 MiB
2026/06/25 19:29:38.114, NVIDIA L40S, 41, 0 %, 0 %, 529 MiB, 46068 MiB
2026/06/25 19:29:41.114, NVIDIA L40S, 41, 0 %, 0 %, 529 MiB, 46068 MiB
2026/06/25 19:29:44.115, NVIDIA L40S, 41, 0 %, 0 %, 529 MiB, 46068 MiB
2026/06/25 19:29:47.115, NVIDIA L40S, 41, 0 %, 0 %, 529 MiB, 46068 MiB
2026/06/25 19:29:50.116, NVIDIA L40S, 41, 0 %, 0 %, 529 MiB, 46068 MiB
2026/06/25 19:29:53.116, NVIDIA L40S, 41, 0 %, 0 %, 529 MiB, 46068 MiB
2026/06/25 19:29:56.116, NVIDIA L40S, 41, 0 %, 0 %, 529 MiB, 46068 MiB
2026/06/25 19:29:59.117, NVIDIA L40S, 41, 0 %, 0 %, 529 MiB, 46068 MiB
2026/06/25 19:30:02.117, NVIDIA L40S, 41, 0 %, 0 %, 529 MiB, 46068 MiB
2026/06/25 19:30:05.118, NVIDIA L40S, 41, 0 %, 0 %, 529 MiB, 46068 MiB
2026/06/25 19:30:08.118, NVIDIA L40S, 41, 0 %, 0 %, 529 MiB, 46068 MiB
2026/06/25 19:30:11.119, NVIDIA L40S, 41, 0 %, 0 %, 529 MiB, 46068 MiB
2026/06/25 19:30:14.119, NVIDIA L40S, 41, 0 %, 0 %, 529 MiB, 46068 MiB
2026/06/25 19:30:17.119, NVIDIA L40S, 41, 0 %, 0 %, 529 MiB, 46068 MiB
2026/06/25 19:30:20.120, NVIDIA L40S, 41, 0 %, 0 %, 529 MiB, 46068 MiB
2026/06/25 19:30:23.120, NVIDIA L40S, 41, 0 %, 0 %, 529 MiB, 46068 MiB
2026/06/25 19:30:26.121, NVIDIA L40S, 41, 0 %, 0 %, 529 MiB, 46068 MiB
2026/06/25 19:30:29.121, NVIDIA L40S, 41, 0 %, 0 %, 529 MiB, 46068 MiB
2026/06/25 19:30:32.122, NVIDIA L40S, 41, 0 %, 0 %, 529 MiB, 46068 MiB
2026/06/25 19:30:35.122, NVIDIA L40S, 40, 0 %, 0 %, 529 MiB, 46068 MiB
2026/06/25 19:30:38.122, NVIDIA L40S, 40, 0 %, 0 %, 529 MiB, 46068 MiB
2026/06/25 19:30:41.123, NVIDIA L40S, 40, 0 %, 0 %, 529 MiB, 46068 MiB
2026/06/25 19:30:44.123, NVIDIA L40S, 40, 0 %, 0 %, 529 MiB, 46068 MiB
2026/06/25 19:30:47.124, NVIDIA L40S, 40, 0 %, 0 %, 529 MiB, 46068 MiB
2026/06/25 19:30:50.124, NVIDIA L40S, 40, 0 %, 0 %, 529 MiB, 46068 MiB
2026/06/25 19:30:53.125, NVIDIA L40S, 40, 0 %, 0 %, 529 MiB, 46068 MiB
2026/06/25 19:30:56.125, NVIDIA L40S, 40, 0 %, 0 %, 529 MiB, 46068 MiB
2026/06/25 19:30:59.126, NVIDIA L40S, 40, 0 %, 0 %, 529 MiB, 46068 MiB
2026/06/25 19:31:02.126, NVIDIA L40S, 40, 0 %, 0 %, 529 MiB, 46068 MiB
2026/06/25 19:31:05.127, NVIDIA L40S, 40, 0 %, 0 %, 529 MiB, 46068 MiB
2026/06/25 19:31:08.127, NVIDIA L40S, 40, 0 %, 0 %, 529 MiB, 46068 MiB
2026/06/25 19:31:11.128, NVIDIA L40S, 40, 0 %, 0 %, 529 MiB, 46068 MiB
2026/06/25 19:31:14.128, NVIDIA L40S, 40, 0 %, 0 %, 529 MiB, 46068 MiB
2026/06/25 19:31:17.129, NVIDIA L40S, 40, 0 %, 0 %, 529 MiB, 46068 MiB
2026/06/25 19:31:20.129, NVIDIA L40S, 41, 0 %, 0 %, 529 MiB, 46068 MiB
2026/06/25 19:31:23.130, NVIDIA L40S, 41, 0 %, 0 %, 529 MiB, 46068 MiB
2026/06/25 19:31:26.130, NVIDIA L40S, 41, 0 %, 0 %, 529 MiB, 46068 MiB
2026/06/25 19:31:29.131, NVIDIA L40S, 41, 0 %, 0 %, 529 MiB, 46068 MiB
2026/06/25 19:31:32.131, NVIDIA L40S, 41, 0 %, 0 %, 529 MiB, 46068 MiB
2026/06/25 19:31:35.132, NVIDIA L40S, 41, 0 %, 0 %, 529 MiB, 46068 MiB
2026/06/25 19:31:38.132, NVIDIA L40S, 41, 0 %, 0 %, 529 MiB, 46068 MiB
2026/06/25 19:31:41.133, NVIDIA L40S, 41, 0 %, 0 %, 527 MiB, 46068 MiB
2026/06/25 19:31:44.133, NVIDIA L40S, 41, 0 %, 0 %, 0 MiB, 46068 MiB
2026/06/25 19:31:47.134, NVIDIA L40S, 38, 0 %, 0 %, 0 MiB, 46068 MiB
2026/06/25 19:31:50.134, NVIDIA L40S, 37, 0 %, 0 %, 0 MiB, 46068 MiB
2026/06/25 19:31:53.135, NVIDIA L40S, 36, 0 %, 0 %, 0 MiB, 46068 MiB
2026/06/25 19:31:56.135, NVIDIA L40S, 36, 0 %, 0 %, 0 MiB, 46068 MiB
2026/06/25 19:31:59.136, NVIDIA L40S, 35, 0 %, 0 %, 0 MiB, 46068 MiB
2026/06/25 19:32:02.136, NVIDIA L40S, 35, 0 %, 0 %, 0 MiB, 46068 MiB
2026/06/25 19:32:05.136, NVIDIA L40S, 35, 0 %, 0 %, 0 MiB, 46068 MiB
2026/06/25 19:32:08.137, NVIDIA L40S, 34, 0 %, 0 %, 0 MiB, 46068 MiB
2026/06/25 19:32:11.137, NVIDIA L40S, 34, 0 %, 0 %, 0 MiB, 46068 MiB
2026/06/25 19:32:14.138, NVIDIA L40S, 34, 0 %, 0 %, 0 MiB, 46068 MiB
2026/06/25 19:32:17.138, NVIDIA L40S, 33, 0 %, 0 %, 0 MiB, 46068 MiB
2026/06/25 19:32:20.138, NVIDIA L40S, 33, 0 %, 0 %, 0 MiB, 46068 MiB
2026/06/25 19:32:23.139, NVIDIA L40S, 33, 0 %, 0 %, 0 MiB, 46068 MiB
2026/06/25 19:32:26.139, NVIDIA L40S, 33, 0 %, 0 %, 0 MiB, 46068 MiB
2026/06/25 19:32:29.140, NVIDIA L40S, 32, 0 %, 0 %, 0 MiB, 46068 MiB
2026/06/25 19:32:32.140, NVIDIA L40S, 32, 0 %, 0 %, 0 MiB, 46068 MiB
2026/06/25 19:32:35.141, NVIDIA L40S, 32, 0 %, 0 %, 0 MiB, 46068 MiB
2026/06/25 19:32:38.141, NVIDIA L40S, 32, 0 %, 0 %, 0 MiB, 46068 MiB
2026/06/25 19:32:41.141, NVIDIA L40S, 32, 0 %, 0 %, 0 MiB, 46068 MiB
2026/06/25 19:32:44.142, NVIDIA L40S, 31, 0 %, 0 %, 0 MiB, 46068 MiB
2026/06/25 19:32:47.142, NVIDIA L40S, 31, 0 %, 0 %, 0 MiB, 46068 MiB
2026/06/25 19:32:50.143, NVIDIA L40S, 31, 0 %, 0 %, 0 MiB, 46068 MiB
2026/06/25 19:32:53.143, NVIDIA L40S, 31, 0 %, 0 %, 0 MiB, 46068 MiB
2026/06/25 19:32:56.143, NVIDIA L40S, 31, 0 %, 0 %, 0 MiB, 46068 MiB
2026/06/25 19:32:59.144, NVIDIA L40S, 31, 0 %, 0 %, 0 MiB, 46068 MiB
2026/06/25 19:33:02.144, NVIDIA L40S, 31, 0 %, 0 %, 0 MiB, 46068 MiB
2026/06/25 19:33:05.145, NVIDIA L40S, 30, 0 %, 0 %, 0 MiB, 46068 MiB
2026/06/25 19:33:08.145, NVIDIA L40S, 30, 0 %, 0 %, 0 MiB, 46068 MiB
2026/06/25 19:33:11.146, NVIDIA L40S, 33, 0 %, 0 %, 435 MiB, 46068 MiB
2026/06/25 19:33:14.146, NVIDIA L40S, 34, 0 %, 0 %, 435 MiB, 46068 MiB
2026/06/25 19:33:17.147, NVIDIA L40S, 34, 0 %, 0 %, 435 MiB, 46068 MiB
2026/06/25 19:33:20.147, NVIDIA L40S, 35, 0 %, 0 %, 435 MiB, 46068 MiB
2026/06/25 19:33:23.148, NVIDIA L40S, 35, 0 %, 0 %, 435 MiB, 46068 MiB
2026/06/25 19:33:26.148, NVIDIA L40S, 35, 0 %, 0 %, 435 MiB, 46068 MiB
2026/06/25 19:33:29.149, NVIDIA L40S, 36, 0 %, 0 %, 435 MiB, 46068 MiB
2026/06/25 19:33:32.149, NVIDIA L40S, 36, 0 %, 0 %, 435 MiB, 46068 MiB
2026/06/25 19:33:35.149, NVIDIA L40S, 36, 0 %, 0 %, 435 MiB, 46068 MiB
2026/06/25 19:33:38.150, NVIDIA L40S, 36, 0 %, 0 %, 435 MiB, 46068 MiB
2026/06/25 19:33:41.151, NVIDIA L40S, 37, 0 %, 0 %, 435 MiB, 46068 MiB
2026/06/25 19:33:44.151, NVIDIA L40S, 37, 0 %, 0 %, 435 MiB, 46068 MiB
2026/06/25 19:33:47.151, NVIDIA L40S, 37, 0 %, 0 %, 435 MiB, 46068 MiB
2026/06/25 19:33:50.152, NVIDIA L40S, 37, 0 %, 0 %, 435 MiB, 46068 MiB
2026/06/25 19:33:53.152, NVIDIA L40S, 38, 0 %, 0 %, 435 MiB, 46068 MiB
2026/06/25 19:33:56.153, NVIDIA L40S, 38, 0 %, 0 %, 435 MiB, 46068 MiB
2026/06/25 19:33:59.153, NVIDIA L40S, 38, 0 %, 0 %, 435 MiB, 46068 MiB
2026/06/25 19:34:02.154, NVIDIA L40S, 38, 0 %, 0 %, 437 MiB, 46068 MiB
2026/06/25 19:34:05.154, NVIDIA L40S, 38, 0 %, 0 %, 565 MiB, 46068 MiB
2026/06/25 19:34:08.154, NVIDIA L40S, 38, 0 %, 0 %, 553 MiB, 46068 MiB
2026/06/25 19:34:11.155, NVIDIA L40S, 38, 0 %, 0 %, 553 MiB, 46068 MiB
2026/06/25 19:34:14.155, NVIDIA L40S, 38, 0 %, 0 %, 555 MiB, 46068 MiB
2026/06/25 19:34:17.156, NVIDIA L40S, 39, 0 %, 0 %, 555 MiB, 46068 MiB
2026/06/25 19:34:20.156, NVIDIA L40S, 39, 0 %, 0 %, 543 MiB, 46068 MiB
2026/06/25 19:34:23.156, NVIDIA L40S, 39, 0 %, 0 %, 543 MiB, 46068 MiB
2026/06/25 19:34:26.157, NVIDIA L40S, 39, 0 %, 0 %, 543 MiB, 46068 MiB
2026/06/25 19:34:29.157, NVIDIA L40S, 39, 0 %, 0 %, 543 MiB, 46068 MiB
2026/06/25 19:34:32.158, NVIDIA L40S, 39, 0 %, 0 %, 543 MiB, 46068 MiB
2026/06/25 19:34:35.158, NVIDIA L40S, 39, 0 %, 0 %, 543 MiB, 46068 MiB
2026/06/25 19:34:38.159, NVIDIA L40S, 39, 0 %, 0 %, 545 MiB, 46068 MiB
2026/06/25 19:34:41.159, NVIDIA L40S, 39, 10 %, 0 %, 1185 MiB, 46068 MiB
2026/06/25 19:34:44.159, NVIDIA L40S, 39, 0 %, 0 %, 501 MiB, 46068 MiB
2026/06/25 19:34:47.160, NVIDIA L40S, 39, 0 %, 0 %, 501 MiB, 46068 MiB
2026/06/25 19:34:50.160, NVIDIA L40S, 39, 0 %, 0 %, 503 MiB, 46068 MiB
2026/06/25 19:34:53.161, NVIDIA L40S, 39, 100 %, 2 %, 3447 MiB, 46068 MiB
2026/06/25 19:34:56.161, NVIDIA L40S, 39, 3 %, 0 %, 1399 MiB, 46068 MiB
2026/06/25 19:34:59.162, NVIDIA L40S, 39, 0 %, 0 %, 441 MiB, 46068 MiB
2026/06/25 19:35:02.162, NVIDIA L40S, 39, 0 %, 0 %, 443 MiB, 46068 MiB
2026/06/25 19:35:05.163, NVIDIA L40S, 40, 0 %, 0 %, 443 MiB, 46068 MiB
2026/06/25 19:35:08.163, NVIDIA L40S, 40, 0 %, 0 %, 10491 MiB, 46068 MiB
2026/06/25 19:35:11.163, NVIDIA L40S, 40, 0 %, 0 %, 547 MiB, 46068 MiB
2026/06/25 19:35:14.164, NVIDIA L40S, 40, 0 %, 0 %, 547 MiB, 46068 MiB
2026/06/25 19:35:17.164, NVIDIA L40S, 40, 0 %, 0 %, 547 MiB, 46068 MiB
2026/06/25 19:35:20.165, NVIDIA L40S, 40, 0 %, 0 %, 547 MiB, 46068 MiB
2026/06/25 19:35:23.165, NVIDIA L40S, 40, 0 %, 0 %, 549 MiB, 46068 MiB
2026/06/25 19:35:26.166, NVIDIA L40S, 40, 0 %, 0 %, 549 MiB, 46068 MiB
2026/06/25 19:35:29.167, NVIDIA L40S, 40, 0 %, 0 %, 13221 MiB, 46068 MiB
2026/06/25 19:35:32.167, NVIDIA L40S, 40, 0 %, 0 %, 545 MiB, 46068 MiB
2026/06/25 19:35:35.167, NVIDIA L40S, 40, 0 %, 0 %, 545 MiB, 46068 MiB
2026/06/25 19:35:38.168, NVIDIA L40S, 40, 0 %, 0 %, 547 MiB, 46068 MiB
2026/06/25 19:35:41.168, NVIDIA L40S, 40, 44 %, 0 %, 6563 MiB, 46068 MiB
2026/06/25 19:35:44.169, NVIDIA L40S, 40, 37 %, 1 %, 5277 MiB, 46068 MiB
2026/06/25 19:35:47.169, NVIDIA L40S, 40, 100 %, 0 %, 7071 MiB, 46068 MiB
2026/06/25 19:35:50.169, NVIDIA L40S, 40, 0 %, 0 %, 527 MiB, 46068 MiB
2026/06/25 19:35:53.170, NVIDIA L40S, 40, 0 %, 0 %, 529 MiB, 46068 MiB
2026/06/25 19:35:56.170, NVIDIA L40S, 40, 0 %, 0 %, 529 MiB, 46068 MiB
2026/06/25 19:35:59.171, NVIDIA L40S, 40, 0 %, 0 %, 4911 MiB, 46068 MiB
2026/06/25 19:36:02.171, NVIDIA L40S, 40, 0 %, 0 %, 479 MiB, 46068 MiB
2026/06/25 19:36:05.172, NVIDIA L40S, 40, 0 %, 0 %, 481 MiB, 46068 MiB
2026/06/25 19:36:08.172, NVIDIA L40S, 40, 0 %, 0 %, 481 MiB, 46068 MiB
2026/06/25 19:36:11.173, NVIDIA L40S, 40, 0 %, 0 %, 4195 MiB, 46068 MiB
2026/06/25 19:36:14.173, NVIDIA L40S, 40, 0 %, 0 %, 533 MiB, 46068 MiB
2026/06/25 19:36:17.174, NVIDIA L40S, 40, 0 %, 0 %, 533 MiB, 46068 MiB
2026/06/25 19:36:20.174, NVIDIA L40S, 40, 0 %, 0 %, 533 MiB, 46068 MiB
2026/06/25 19:36:23.175, NVIDIA L40S, 40, 0 %, 0 %, 533 MiB, 46068 MiB
2026/06/25 19:36:26.175, NVIDIA L40S, 40, 0 %, 0 %, 535 MiB, 46068 MiB
2026/06/25 19:36:29.176, NVIDIA L40S, 40, 0 %, 0 %, 535 MiB, 46068 MiB
2026/06/25 19:36:32.176, NVIDIA L40S, 40, 2 %, 0 %, 13335 MiB, 46068 MiB
2026/06/25 19:36:35.176, NVIDIA L40S, 40, 0 %, 0 %, 505 MiB, 46068 MiB
2026/06/25 19:36:38.177, NVIDIA L40S, 40, 0 %, 0 %, 505 MiB, 46068 MiB
2026/06/25 19:36:41.177, NVIDIA L40S, 40, 0 %, 0 %, 507 MiB, 46068 MiB
2026/06/25 19:36:44.178, NVIDIA L40S, 40, 14 %, 0 %, 12411 MiB, 46068 MiB
2026/06/25 19:36:47.178, NVIDIA L40S, 40, 0 %, 0 %, 4853 MiB, 46068 MiB
2026/06/25 19:36:50.178, NVIDIA L40S, 40, 0 %, 0 %, 557 MiB, 46068 MiB
2026/06/25 19:36:53.179, NVIDIA L40S, 40, 0 %, 0 %, 557 MiB, 46068 MiB
2026/06/25 19:36:56.179, NVIDIA L40S, 40, 0 %, 0 %, 559 MiB, 46068 MiB
2026/06/25 19:36:59.180, NVIDIA L40S, 40, 0 %, 0 %, 559 MiB, 46068 MiB
2026/06/25 19:37:02.180, NVIDIA L40S, 40, 0 %, 0 %, 547 MiB, 46068 MiB
2026/06/25 19:37:05.181, NVIDIA L40S, 40, 0 %, 0 %, 549 MiB, 46068 MiB
2026/06/25 19:37:08.181, NVIDIA L40S, 41, 0 %, 0 %, 549 MiB, 46068 MiB
2026/06/25 19:37:11.182, NVIDIA L40S, 41, 0 %, 0 %, 509 MiB, 46068 MiB
2026/06/25 19:37:14.182, NVIDIA L40S, 41, 0 %, 0 %, 507 MiB, 46068 MiB
2026/06/25 19:37:17.182, NVIDIA L40S, 41, 0 %, 0 %, 507 MiB, 46068 MiB
2026/06/25 19:37:20.183, NVIDIA L40S, 41, 0 %, 0 %, 507 MiB, 46068 MiB
2026/06/25 19:37:23.183, NVIDIA L40S, 41, 0 %, 0 %, 507 MiB, 46068 MiB
2026/06/25 19:37:26.184, NVIDIA L40S, 41, 0 %, 0 %, 509 MiB, 46068 MiB
2026/06/25 19:37:29.184, NVIDIA L40S, 41, 0 %, 0 %, 509 MiB, 46068 MiB
2026/06/25 19:37:32.184, NVIDIA L40S, 41, 0 %, 0 %, 497 MiB, 46068 MiB
2026/06/25 19:37:35.185, NVIDIA L40S, 41, 0 %, 0 %, 497 MiB, 46068 MiB
2026/06/25 19:37:38.185, NVIDIA L40S, 41, 0 %, 0 %, 499 MiB, 46068 MiB
2026/06/25 19:37:41.186, NVIDIA L40S, 41, 0 %, 0 %, 11507 MiB, 46068 MiB
2026/06/25 19:37:44.186, NVIDIA L40S, 41, 82 %, 2 %, 885 MiB, 46068 MiB
2026/06/25 19:37:47.187, NVIDIA L40S, 40, 0 %, 0 %, 551 MiB, 46068 MiB
2026/06/25 19:37:50.187, NVIDIA L40S, 40, 0 %, 0 %, 553 MiB, 46068 MiB
2026/06/25 19:37:53.188, NVIDIA L40S, 40, 0 %, 0 %, 553 MiB, 46068 MiB
2026/06/25 19:37:56.188, NVIDIA L40S, 41, 0 %, 0 %, 503 MiB, 46068 MiB
2026/06/25 19:37:59.188, NVIDIA L40S, 41, 0 %, 0 %, 503 MiB, 46068 MiB
2026/06/25 19:38:02.189, NVIDIA L40S, 41, 0 %, 0 %, 505 MiB, 46068 MiB
2026/06/25 19:38:05.189, NVIDIA L40S, 41, 8 %, 0 %, 505 MiB, 46068 MiB
2026/06/25 19:38:08.190, NVIDIA L40S, 41, 0 %, 0 %, 493 MiB, 46068 MiB
2026/06/25 19:38:11.190, NVIDIA L40S, 41, 0 %, 0 %, 493 MiB, 46068 MiB
2026/06/25 19:38:14.191, NVIDIA L40S, 41, 0 %, 0 %, 493 MiB, 46068 MiB
2026/06/25 19:38:17.191, NVIDIA L40S, 41, 0 %, 0 %, 495 MiB, 46068 MiB
2026/06/25 19:38:20.192, NVIDIA L40S, 41, 0 %, 0 %, 495 MiB, 46068 MiB
2026/06/25 19:38:23.192, NVIDIA L40S, 41, 0 %, 0 %, 483 MiB, 46068 MiB
2026/06/25 19:38:26.192, NVIDIA L40S, 41, 0 %, 0 %, 483 MiB, 46068 MiB
2026/06/25 19:38:29.193, NVIDIA L40S, 41, 0 %, 0 %, 485 MiB, 46068 MiB
2026/06/25 19:38:32.193, NVIDIA L40S, 41, 0 %, 0 %, 485 MiB, 46068 MiB
2026/06/25 19:38:35.194, NVIDIA L40S, 41, 0 %, 0 %, 473 MiB, 46068 MiB
2026/06/25 19:38:38.194, NVIDIA L40S, 41, 0 %, 0 %, 473 MiB, 46068 MiB
2026/06/25 19:38:41.194, NVIDIA L40S, 41, 0 %, 0 %, 475 MiB, 46068 MiB
2026/06/25 19:38:44.195, NVIDIA L40S, 41, 0 %, 0 %, 475 MiB, 46068 MiB
2026/06/25 19:38:47.195, NVIDIA L40S, 41, 0 %, 0 %, 463 MiB, 46068 MiB
2026/06/25 19:38:50.196, NVIDIA L40S, 41, 0 %, 0 %, 463 MiB, 46068 MiB
2026/06/25 19:38:53.196, NVIDIA L40S, 41, 0 %, 0 %, 465 MiB, 46068 MiB
2026/06/25 19:38:56.196, NVIDIA L40S, 41, 0 %, 0 %, 465 MiB, 46068 MiB
2026/06/25 19:38:59.197, NVIDIA L40S, 41, 0 %, 0 %, 453 MiB, 46068 MiB
2026/06/25 19:39:02.197, NVIDIA L40S, 41, 0 %, 0 %, 455 MiB, 46068 MiB
2026/06/25 19:39:05.198, NVIDIA L40S, 40, 0 %, 0 %, 455 MiB, 46068 MiB
2026/06/25 19:39:08.198, NVIDIA L40S, 40, 0 %, 0 %, 455 MiB, 46068 MiB
2026/06/25 19:39:11.198, NVIDIA L40S, 40, 0 %, 0 %, 443 MiB, 46068 MiB
2026/06/25 19:39:14.199, NVIDIA L40S, 40, 0 %, 0 %, 443 MiB, 46068 MiB
2026/06/25 19:39:17.199, NVIDIA L40S, 40, 0 %, 0 %, 443 MiB, 46068 MiB
2026/06/25 19:39:20.200, NVIDIA L40S, 40, 0 %, 0 %, 445 MiB, 46068 MiB
2026/06/25 19:39:23.200, NVIDIA L40S, 40, 0 %, 0 %, 445 MiB, 46068 MiB
2026/06/25 19:39:26.201, NVIDIA L40S, 40, 0 %, 0 %, 561 MiB, 46068 MiB
2026/06/25 19:39:29.201, NVIDIA L40S, 40, 0 %, 0 %, 561 MiB, 46068 MiB
2026/06/25 19:39:32.201, NVIDIA L40S, 40, 0 %, 0 %, 561 MiB, 46068 MiB
2026/06/25 19:39:35.202, NVIDIA L40S, 40, 0 %, 0 %, 561 MiB, 46068 MiB
2026/06/25 19:39:38.202, NVIDIA L40S, 40, 0 %, 0 %, 563 MiB, 46068 MiB
2026/06/25 19:39:41.203, NVIDIA L40S, 40, 0 %, 0 %, 563 MiB, 46068 MiB
2026/06/25 19:39:44.203, NVIDIA L40S, 41, 12 %, 0 %, 621 MiB, 46068 MiB
2026/06/25 19:39:47.204, NVIDIA L40S, 41, 0 %, 0 %, 497 MiB, 46068 MiB
2026/06/25 19:39:50.204, NVIDIA L40S, 41, 0 %, 0 %, 499 MiB, 46068 MiB
2026/06/25 19:39:53.205, NVIDIA L40S, 41, 0 %, 0 %, 499 MiB, 46068 MiB
2026/06/25 19:39:56.205, NVIDIA L40S, 41, 0 %, 0 %, 487 MiB, 46068 MiB
2026/06/25 19:39:59.206, NVIDIA L40S, 41, 0 %, 0 %, 487 MiB, 46068 MiB
2026/06/25 19:40:02.206, NVIDIA L40S, 41, 0 %, 0 %, 487 MiB, 46068 MiB
2026/06/25 19:40:05.206, NVIDIA L40S, 41, 0 %, 0 %, 487 MiB, 46068 MiB
2026/06/25 19:40:08.207, NVIDIA L40S, 41, 0 %, 0 %, 487 MiB, 46068 MiB
2026/06/25 19:40:11.207, NVIDIA L40S, 41, 0 %, 0 %, 487 MiB, 46068 MiB
2026/06/25 19:40:14.208, NVIDIA L40S, 41, 0 %, 0 %, 487 MiB, 46068 MiB
2026/06/25 19:40:17.208, NVIDIA L40S, 41, 0 %, 0 %, 487 MiB, 46068 MiB
2026/06/25 19:40:20.209, NVIDIA L40S, 41, 0 %, 0 %, 489 MiB, 46068 MiB
2026/06/25 19:40:23.209, NVIDIA L40S, 41, 100 %, 3 %, 12009 MiB, 46068 MiB
2026/06/25 19:40:26.210, NVIDIA L40S, 41, 0 %, 0 %, 435 MiB, 46068 MiB
2026/06/25 19:40:29.211, NVIDIA L40S, 41, 0 %, 0 %, 435 MiB, 46068 MiB
2026/06/25 19:40:32.211, NVIDIA L40S, 41, 0 %, 0 %, 437 MiB, 46068 MiB
2026/06/25 19:40:35.211, NVIDIA L40S, 41, 0 %, 0 %, 8501 MiB, 46068 MiB
2026/06/25 19:40:38.212, NVIDIA L40S, 41, 0 %, 0 %, 435 MiB, 46068 MiB
2026/06/25 19:40:41.212, NVIDIA L40S, 41, 0 %, 0 %, 435 MiB, 46068 MiB
2026/06/25 19:40:44.213, NVIDIA L40S, 41, 0 %, 0 %, 435 MiB, 46068 MiB
2026/06/25 19:40:47.213, NVIDIA L40S, 41, 0 %, 0 %, 435 MiB, 46068 MiB
2026/06/25 19:40:50.213, NVIDIA L40S, 41, 0 %, 0 %, 435 MiB, 46068 MiB
2026/06/25 19:40:53.214, NVIDIA L40S, 41, 0 %, 0 %, 437 MiB, 46068 MiB
2026/06/25 19:40:56.214, NVIDIA L40S, 41, 22 %, 0 %, 2741 MiB, 46068 MiB
2026/06/25 19:40:59.215, NVIDIA L40S, 41, 0 %, 0 %, 473 MiB, 46068 MiB
2026/06/25 19:41:02.215, NVIDIA L40S, 41, 0 %, 0 %, 473 MiB, 46068 MiB
2026/06/25 19:41:05.216, NVIDIA L40S, 41, 0 %, 0 %, 475 MiB, 46068 MiB
2026/06/25 19:41:08.216, NVIDIA L40S, 41, 0 %, 0 %, 3547 MiB, 46068 MiB
2026/06/25 19:41:11.216, NVIDIA L40S, 41, 10 %, 1 %, 541 MiB, 46068 MiB
2026/06/25 19:41:14.217, NVIDIA L40S, 41, 0 %, 0 %, 541 MiB, 46068 MiB
2026/06/25 19:41:17.217, NVIDIA L40S, 41, 0 %, 0 %, 543 MiB, 46068 MiB
2026/06/25 19:41:20.218, NVIDIA L40S, 40, 0 %, 0 %, 543 MiB, 46068 MiB
2026/06/25 19:41:23.218, NVIDIA L40S, 40, 0 %, 0 %, 531 MiB, 46068 MiB
2026/06/25 19:41:26.219, NVIDIA L40S, 40, 0 %, 0 %, 531 MiB, 46068 MiB
2026/06/25 19:41:29.219, NVIDIA L40S, 40, 0 %, 0 %, 533 MiB, 46068 MiB
2026/06/25 19:41:32.220, NVIDIA L40S, 40, 1 %, 0 %, 533 MiB, 46068 MiB
2026/06/25 19:41:35.220, NVIDIA L40S, 40, 0 %, 0 %, 521 MiB, 46068 MiB
2026/06/25 19:41:38.220, NVIDIA L40S, 40, 0 %, 0 %, 521 MiB, 46068 MiB
2026/06/25 19:41:41.221, NVIDIA L40S, 40, 0 %, 0 %, 521 MiB, 46068 MiB
2026/06/25 19:41:44.221, NVIDIA L40S, 40, 0 %, 0 %, 523 MiB, 46068 MiB
2026/06/25 19:41:47.222, NVIDIA L40S, 40, 0 %, 0 %, 523 MiB, 46068 MiB
2026/06/25 19:41:50.222, NVIDIA L40S, 40, 0 %, 0 %, 457 MiB, 46068 MiB
2026/06/25 19:41:53.223, NVIDIA L40S, 40, 0 %, 0 %, 457 MiB, 46068 MiB
2026/06/25 19:41:56.223, NVIDIA L40S, 40, 0 %, 0 %, 459 MiB, 46068 MiB
2026/06/25 19:41:59.223, NVIDIA L40S, 40, 0 %, 0 %, 6987 MiB, 46068 MiB
2026/06/25 19:42:02.224, NVIDIA L40S, 40, 0 %, 0 %, 519 MiB, 46068 MiB
2026/06/25 19:42:05.224, NVIDIA L40S, 40, 0 %, 0 %, 521 MiB, 46068 MiB
2026/06/25 19:42:08.225, NVIDIA L40S, 40, 0 %, 0 %, 521 MiB, 46068 MiB
2026/06/25 19:42:11.225, NVIDIA L40S, 41, 5 %, 0 %, 13449 MiB, 46068 MiB
2026/06/25 19:42:14.226, NVIDIA L40S, 41, 0 %, 0 %, 543 MiB, 46068 MiB
2026/06/25 19:42:17.226, NVIDIA L40S, 41, 0 %, 0 %, 543 MiB, 46068 MiB
2026/06/25 19:42:20.227, NVIDIA L40S, 41, 0 %, 0 %, 545 MiB, 46068 MiB
2026/06/25 19:42:23.227, NVIDIA L40S, 41, 37 %, 0 %, 1185 MiB, 46068 MiB
2026/06/25 19:42:26.227, NVIDIA L40S, 41, 0 %, 0 %, 499 MiB, 46068 MiB
2026/06/25 19:42:29.228, NVIDIA L40S, 41, 0 %, 0 %, 499 MiB, 46068 MiB
2026/06/25 19:42:32.228, NVIDIA L40S, 41, 0 %, 0 %, 501 MiB, 46068 MiB
2026/06/25 19:42:35.229, NVIDIA L40S, 41, 0 %, 0 %, 501 MiB, 46068 MiB
2026/06/25 19:42:38.229, NVIDIA L40S, 41, 0 %, 0 %, 489 MiB, 46068 MiB
2026/06/25 19:42:41.229, NVIDIA L40S, 41, 0 %, 0 %, 489 MiB, 46068 MiB
2026/06/25 19:42:44.230, NVIDIA L40S, 41, 0 %, 0 %, 489 MiB, 46068 MiB
2026/06/25 19:42:47.230, NVIDIA L40S, 41, 0 %, 0 %, 489 MiB, 46068 MiB
2026/06/25 19:42:50.231, NVIDIA L40S, 41, 0 %, 0 %, 491 MiB, 46068 MiB
2026/06/25 19:42:53.231, NVIDIA L40S, 41, 0 %, 0 %, 491 MiB, 46068 MiB
2026/06/25 19:42:56.231, NVIDIA L40S, 41, 0 %, 0 %, 479 MiB, 46068 MiB
2026/06/25 19:42:59.232, NVIDIA L40S, 41, 0 %, 0 %, 479 MiB, 46068 MiB
2026/06/25 19:43:02.232, NVIDIA L40S, 41, 0 %, 0 %, 481 MiB, 46068 MiB
2026/06/25 19:43:05.233, NVIDIA L40S, 41, 1 %, 0 %, 481 MiB, 46068 MiB
2026/06/25 19:43:08.233, NVIDIA L40S, 41, 0 %, 0 %, 469 MiB, 46068 MiB
2026/06/25 19:43:11.234, NVIDIA L40S, 41, 0 %, 0 %, 471 MiB, 46068 MiB
2026/06/25 19:43:14.234, NVIDIA L40S, 41, 0 %, 0 %, 471 MiB, 46068 MiB
2026/06/25 19:43:17.235, NVIDIA L40S, 41, 0 %, 0 %, 459 MiB, 46068 MiB
2026/06/25 19:43:20.235, NVIDIA L40S, 41, 0 %, 0 %, 459 MiB, 46068 MiB
2026/06/25 19:43:23.236, NVIDIA L40S, 41, 0 %, 0 %, 461 MiB, 46068 MiB
2026/06/25 19:43:26.236, NVIDIA L40S, 41, 1 %, 0 %, 1229 MiB, 46068 MiB
2026/06/25 19:43:29.236, NVIDIA L40S, 41, 0 %, 0 %, 511 MiB, 46068 MiB
2026/06/25 19:43:32.237, NVIDIA L40S, 41, 0 %, 0 %, 511 MiB, 46068 MiB
2026/06/25 19:43:35.237, NVIDIA L40S, 41, 0 %, 0 %, 511 MiB, 46068 MiB
2026/06/25 19:43:38.238, NVIDIA L40S, 41, 0 %, 0 %, 511 MiB, 46068 MiB
2026/06/25 19:43:41.238, NVIDIA L40S, 41, 0 %, 0 %, 511 MiB, 46068 MiB
2026/06/25 19:43:44.239, NVIDIA L40S, 41, 0 %, 0 %, 513 MiB, 46068 MiB
2026/06/25 19:43:47.239, NVIDIA L40S, 41, 0 %, 0 %, 513 MiB, 46068 MiB
2026/06/25 19:43:50.240, NVIDIA L40S, 41, 0 %, 0 %, 501 MiB, 46068 MiB
2026/06/25 19:43:53.240, NVIDIA L40S, 41, 0 %, 0 %, 501 MiB, 46068 MiB
2026/06/25 19:43:56.241, NVIDIA L40S, 41, 0 %, 0 %, 503 MiB, 46068 MiB
2026/06/25 19:43:59.241, NVIDIA L40S, 41, 0 %, 0 %, 503 MiB, 46068 MiB
2026/06/25 19:44:02.242, NVIDIA L40S, 41, 0 %, 0 %, 491 MiB, 46068 MiB
2026/06/25 19:44:05.242, NVIDIA L40S, 41, 0 %, 0 %, 491 MiB, 46068 MiB
2026/06/25 19:44:08.243, NVIDIA L40S, 41, 0 %, 0 %, 493 MiB, 46068 MiB
2026/06/25 19:44:11.243, NVIDIA L40S, 41, 44 %, 1 %, 11885 MiB, 46068 MiB
2026/06/25 19:44:14.243, NVIDIA L40S, 41, 0 %, 0 %, 467 MiB, 46068 MiB
2026/06/25 19:44:17.244, NVIDIA L40S, 41, 0 %, 0 %, 467 MiB, 46068 MiB
2026/06/25 19:44:20.244, NVIDIA L40S, 41, 0 %, 0 %, 469 MiB, 46068 MiB
2026/06/25 19:44:23.245, NVIDIA L40S, 41, 100 %, 2 %, 4949 MiB, 46068 MiB
2026/06/25 19:44:26.245, NVIDIA L40S, 41, 100 %, 2 %, 5073 MiB, 46068 MiB
2026/06/25 19:44:29.245, NVIDIA L40S, 41, 0 %, 0 %, 447 MiB, 46068 MiB
2026/06/25 19:44:32.246, NVIDIA L40S, 41, 0 %, 0 %, 447 MiB, 46068 MiB
2026/06/25 19:44:35.246, NVIDIA L40S, 41, 0 %, 0 %, 447 MiB, 46068 MiB
2026/06/25 19:44:38.247, NVIDIA L40S, 41, 0 %, 0 %, 449 MiB, 46068 MiB
2026/06/25 19:44:41.247, NVIDIA L40S, 41, 0 %, 0 %, 449 MiB, 46068 MiB
2026/06/25 19:44:44.248, NVIDIA L40S, 41, 0 %, 0 %, 447 MiB, 46068 MiB
2026/06/25 19:44:47.248, NVIDIA L40S, 41, 0 %, 0 %, 437 MiB, 46068 MiB
2026/06/25 19:44:50.249, NVIDIA L40S, 41, 0 %, 0 %, 439 MiB, 46068 MiB
2026/06/25 19:44:53.249, NVIDIA L40S, 41, 0 %, 0 %, 439 MiB, 46068 MiB
2026/06/25 19:44:56.249, NVIDIA L40S, 41, 0 %, 0 %, 525 MiB, 46068 MiB
2026/06/25 19:44:59.250, NVIDIA L40S, 41, 0 %, 0 %, 525 MiB, 46068 MiB
2026/06/25 19:45:02.250, NVIDIA L40S, 41, 0 %, 0 %, 525 MiB, 46068 MiB
2026/06/25 19:45:05.251, NVIDIA L40S, 41, 0 %, 0 %, 527 MiB, 46068 MiB
2026/06/25 19:45:08.251, NVIDIA L40S, 41, 0 %, 0 %, 527 MiB, 46068 MiB
2026/06/25 19:45:11.252, NVIDIA L40S, 41, 0 %, 0 %, 12047 MiB, 46068 MiB
2026/06/25 19:45:14.252, NVIDIA L40S, 41, 0 %, 0 %, 559 MiB, 46068 MiB
2026/06/25 19:45:17.253, NVIDIA L40S, 41, 0 %, 0 %, 561 MiB, 46068 MiB
2026/06/25 19:45:20.253, NVIDIA L40S, 41, 0 %, 0 %, 561 MiB, 46068 MiB
2026/06/25 19:45:23.253, NVIDIA L40S, 41, 0 %, 0 %, 11697 MiB, 46068 MiB
2026/06/25 19:45:26.254, NVIDIA L40S, 41, 0 %, 0 %, 445 MiB, 46068 MiB
2026/06/25 19:45:29.254, NVIDIA L40S, 41, 0 %, 0 %, 445 MiB, 46068 MiB
2026/06/25 19:45:32.255, NVIDIA L40S, 41, 0 %, 0 %, 445 MiB, 46068 MiB
2026/06/25 19:45:35.255, NVIDIA L40S, 41, 0 %, 0 %, 445 MiB, 46068 MiB
2026/06/25 19:45:38.256, NVIDIA L40S, 41, 0 %, 0 %, 445 MiB, 46068 MiB
2026/06/25 19:45:41.256, NVIDIA L40S, 41, 0 %, 0 %, 445 MiB, 46068 MiB
2026/06/25 19:45:44.257, NVIDIA L40S, 41, 0 %, 0 %, 445 MiB, 46068 MiB
2026/06/25 19:45:47.257, NVIDIA L40S, 41, 0 %, 0 %, 445 MiB, 46068 MiB
2026/06/25 19:45:50.258, NVIDIA L40S, 41, 0 %, 0 %, 445 MiB, 46068 MiB
2026/06/25 19:45:53.258, NVIDIA L40S, 41, 0 %, 0 %, 445 MiB, 46068 MiB
2026/06/25 19:45:56.259, NVIDIA L40S, 41, 0 %, 0 %, 447 MiB, 46068 MiB
2026/06/25 19:45:59.259, NVIDIA L40S, 41, 0 %, 0 %, 447 MiB, 46068 MiB
2026/06/25 19:46:02.260, NVIDIA L40S, 41, 2 %, 0 %, 11327 MiB, 46068 MiB
2026/06/25 19:46:05.260, NVIDIA L40S, 41, 0 %, 0 %, 449 MiB, 46068 MiB
2026/06/25 19:46:08.260, NVIDIA L40S, 41, 0 %, 0 %, 449 MiB, 46068 MiB
2026/06/25 19:46:11.261, NVIDIA L40S, 41, 0 %, 0 %, 451 MiB, 46068 MiB
2026/06/25 19:46:14.261, NVIDIA L40S, 41, 0 %, 0 %, 7619 MiB, 46068 MiB
2026/06/25 19:46:17.262, NVIDIA L40S, 41, 0 %, 0 %, 497 MiB, 46068 MiB
2026/06/25 19:46:20.262, NVIDIA L40S, 41, 0 %, 0 %, 499 MiB, 46068 MiB
2026/06/25 19:46:23.263, NVIDIA L40S, 41, 0 %, 0 %, 499 MiB, 46068 MiB
2026/06/25 19:46:26.263, NVIDIA L40S, 41, 0 %, 0 %, 8051 MiB, 46068 MiB
2026/06/25 19:46:29.264, NVIDIA L40S, 41, 0 %, 0 %, 471 MiB, 46068 MiB
2026/06/25 19:46:32.264, NVIDIA L40S, 41, 0 %, 0 %, 471 MiB, 46068 MiB
2026/06/25 19:46:35.265, NVIDIA L40S, 41, 0 %, 0 %, 473 MiB, 46068 MiB
2026/06/25 19:46:38.265, NVIDIA L40S, 41, 0 %, 0 %, 6233 MiB, 46068 MiB
2026/06/25 19:46:41.266, NVIDIA L40S, 41, 0 %, 0 %, 535 MiB, 46068 MiB
2026/06/25 19:46:44.266, NVIDIA L40S, 41, 0 %, 0 %, 537 MiB, 46068 MiB
2026/06/25 19:46:47.266, NVIDIA L40S, 41, 0 %, 0 %, 537 MiB, 46068 MiB
2026/06/25 19:46:50.267, NVIDIA L40S, 41, 13 %, 1 %, 7439 MiB, 46068 MiB
2026/06/25 19:46:53.267, NVIDIA L40S, 41, 0 %, 0 %, 559 MiB, 46068 MiB
2026/06/25 19:46:56.268, NVIDIA L40S, 41, 0 %, 0 %, 559 MiB, 46068 MiB
2026/06/25 19:46:59.268, NVIDIA L40S, 41, 0 %, 0 %, 559 MiB, 46068 MiB
2026/06/25 19:47:02.269, NVIDIA L40S, 41, 0 %, 0 %, 561 MiB, 46068 MiB
2026/06/25 19:47:05.269, NVIDIA L40S, 41, 0 %, 0 %, 561 MiB, 46068 MiB
2026/06/25 19:47:08.269, NVIDIA L40S, 41, 0 %, 0 %, 4011 MiB, 46068 MiB
2026/06/25 19:47:11.270, NVIDIA L40S, 41, 0 %, 0 %, 471 MiB, 46068 MiB
2026/06/25 19:47:14.270, NVIDIA L40S, 41, 0 %, 0 %, 473 MiB, 46068 MiB
2026/06/25 19:47:17.271, NVIDIA L40S, 41, 0 %, 0 %, 473 MiB, 46068 MiB
2026/06/25 19:47:20.271, NVIDIA L40S, 41, 12 %, 0 %, 12761 MiB, 46068 MiB
2026/06/25 19:47:23.272, NVIDIA L40S, 41, 0 %, 0 %, 475 MiB, 46068 MiB
2026/06/25 19:47:26.272, NVIDIA L40S, 41, 0 %, 0 %, 475 MiB, 46068 MiB
2026/06/25 19:47:29.273, NVIDIA L40S, 41, 0 %, 0 %, 477 MiB, 46068 MiB
2026/06/25 19:47:32.273, NVIDIA L40S, 41, 40 %, 1 %, 6493 MiB, 46068 MiB
2026/06/25 19:47:35.273, NVIDIA L40S, 41, 0 %, 0 %, 531 MiB, 46068 MiB
2026/06/25 19:47:38.274, NVIDIA L40S, 41, 0 %, 0 %, 531 MiB, 46068 MiB
2026/06/25 19:47:41.274, NVIDIA L40S, 41, 0 %, 0 %, 531 MiB, 46068 MiB
2026/06/25 19:47:44.275, NVIDIA L40S, 41, 0 %, 0 %, 533 MiB, 46068 MiB
2026/06/25 19:47:47.275, NVIDIA L40S, 41, 0 %, 0 %, 1173 MiB, 46068 MiB
2026/06/25 19:47:50.276, NVIDIA L40S, 41, 0 %, 0 %, 523 MiB, 46068 MiB
2026/06/25 19:47:53.276, NVIDIA L40S, 41, 0 %, 0 %, 523 MiB, 46068 MiB
2026/06/25 19:47:56.277, NVIDIA L40S, 41, 0 %, 0 %, 525 MiB, 46068 MiB
2026/06/25 19:47:59.277, NVIDIA L40S, 41, 0 %, 0 %, 525 MiB, 46068 MiB
2026/06/25 19:48:02.278, NVIDIA L40S, 41, 0 %, 0 %, 513 MiB, 46068 MiB
2026/06/25 19:48:05.278, NVIDIA L40S, 41, 0 %, 0 %, 513 MiB, 46068 MiB
2026/06/25 19:48:08.279, NVIDIA L40S, 41, 0 %, 0 %, 515 MiB, 46068 MiB
2026/06/25 19:48:11.279, NVIDIA L40S, 41, 4 %, 0 %, 11651 MiB, 46068 MiB
2026/06/25 19:48:14.280, NVIDIA L40S, 41, 0 %, 0 %, 531 MiB, 46068 MiB
2026/06/25 19:48:17.280, NVIDIA L40S, 41, 0 %, 0 %, 531 MiB, 46068 MiB
2026/06/25 19:48:20.281, NVIDIA L40S, 41, 0 %, 0 %, 531 MiB, 46068 MiB
2026/06/25 19:48:23.281, NVIDIA L40S, 41, 0 %, 0 %, 533 MiB, 46068 MiB
2026/06/25 19:48:26.282, NVIDIA L40S, 41, 1 %, 0 %, 533 MiB, 46068 MiB
2026/06/25 19:48:29.282, NVIDIA L40S, 41, 0 %, 0 %, 521 MiB, 46068 MiB
2026/06/25 19:48:32.282, NVIDIA L40S, 41, 0 %, 0 %, 523 MiB, 46068 MiB
2026/06/25 19:48:35.283, NVIDIA L40S, 41, 0 %, 0 %, 523 MiB, 46068 MiB
2026/06/25 19:48:38.283, NVIDIA L40S, 41, 0 %, 0 %, 523 MiB, 46068 MiB
2026/06/25 19:48:41.284, NVIDIA L40S, 41, 0 %, 0 %, 511 MiB, 46068 MiB
2026/06/25 19:48:44.284, NVIDIA L40S, 41, 0 %, 0 %, 513 MiB, 46068 MiB
2026/06/25 19:48:47.285, NVIDIA L40S, 41, 0 %, 0 %, 513 MiB, 46068 MiB
2026/06/25 19:48:50.285, NVIDIA L40S, 41, 0 %, 0 %, 501 MiB, 46068 MiB
2026/06/25 19:48:53.286, NVIDIA L40S, 41, 0 %, 0 %, 501 MiB, 46068 MiB
2026/06/25 19:48:56.286, NVIDIA L40S, 41, 0 %, 0 %, 503 MiB, 46068 MiB
2026/06/25 19:48:59.287, NVIDIA L40S, 41, 0 %, 0 %, 9079 MiB, 46068 MiB
2026/06/25 19:49:02.287, NVIDIA L40S, 41, 0 %, 0 %, 555 MiB, 46068 MiB
2026/06/25 19:49:05.287, NVIDIA L40S, 41, 0 %, 0 %, 555 MiB, 46068 MiB
2026/06/25 19:49:08.288, NVIDIA L40S, 41, 0 %, 0 %, 555 MiB, 46068 MiB
2026/06/25 19:49:11.288, NVIDIA L40S, 41, 0 %, 0 %, 557 MiB, 46068 MiB
2026/06/25 19:49:14.289, NVIDIA L40S, 41, 0 %, 0 %, 557 MiB, 46068 MiB
2026/06/25 19:49:17.289, NVIDIA L40S, 41, 0 %, 0 %, 545 MiB, 46068 MiB
2026/06/25 19:49:20.289, NVIDIA L40S, 41, 0 %, 0 %, 545 MiB, 46068 MiB
2026/06/25 19:49:23.290, NVIDIA L40S, 41, 0 %, 0 %, 545 MiB, 46068 MiB
2026/06/25 19:49:26.290, NVIDIA L40S, 41, 0 %, 0 %, 547 MiB, 46068 MiB
2026/06/25 19:49:29.291, NVIDIA L40S, 41, 0 %, 0 %, 547 MiB, 46068 MiB
2026/06/25 19:49:32.291, NVIDIA L40S, 41, 0 %, 0 %, 535 MiB, 46068 MiB
2026/06/25 19:49:35.292, NVIDIA L40S, 41, 0 %, 0 %, 537 MiB, 46068 MiB
2026/06/25 19:49:38.292, NVIDIA L40S, 41, 0 %, 0 %, 6169 MiB, 46068 MiB
2026/06/25 19:49:41.292, NVIDIA L40S, 41, 0 %, 0 %, 467 MiB, 46068 MiB
2026/06/25 19:49:44.293, NVIDIA L40S, 41, 0 %, 0 %, 469 MiB, 46068 MiB
2026/06/25 19:49:47.293, NVIDIA L40S, 41, 0 %, 0 %, 2133 MiB, 46068 MiB
2026/06/25 19:49:50.294, NVIDIA L40S, 41, 0 %, 0 %, 507 MiB, 46068 MiB
2026/06/25 19:49:53.294, NVIDIA L40S, 41, 0 %, 0 %, 507 MiB, 46068 MiB
2026/06/25 19:49:56.295, NVIDIA L40S, 41, 0 %, 0 %, 507 MiB, 46068 MiB
2026/06/25 19:49:59.295, NVIDIA L40S, 41, 0 %, 0 %, 507 MiB, 46068 MiB
2026/06/25 19:50:02.296, NVIDIA L40S, 41, 0 %, 0 %, 509 MiB, 46068 MiB
2026/06/25 19:50:05.296, NVIDIA L40S, 41, 0 %, 0 %, 509 MiB, 46068 MiB
2026/06/25 19:50:08.297, NVIDIA L40S, 41, 0 %, 0 %, 497 MiB, 46068 MiB
2026/06/25 19:50:11.297, NVIDIA L40S, 41, 0 %, 0 %, 499 MiB, 46068 MiB
2026/06/25 19:50:14.298, NVIDIA L40S, 41, 0 %, 0 %, 499 MiB, 46068 MiB
2026/06/25 19:50:17.298, NVIDIA L40S, 41, 0 %, 0 %, 487 MiB, 46068 MiB
2026/06/25 19:50:20.299, NVIDIA L40S, 41, 0 %, 0 %, 489 MiB, 46068 MiB
2026/06/25 19:50:23.299, NVIDIA L40S, 41, 0 %, 0 %, 489 MiB, 46068 MiB
2026/06/25 19:50:26.299, NVIDIA L40S, 41, 0 %, 0 %, 477 MiB, 46068 MiB
2026/06/25 19:50:29.300, NVIDIA L40S, 41, 0 %, 0 %, 479 MiB, 46068 MiB
2026/06/25 19:50:32.300, NVIDIA L40S, 41, 0 %, 0 %, 479 MiB, 46068 MiB
2026/06/25 19:50:35.301, NVIDIA L40S, 41, 0 %, 0 %, 467 MiB, 46068 MiB
2026/06/25 19:50:38.301, NVIDIA L40S, 41, 0 %, 0 %, 467 MiB, 46068 MiB
2026/06/25 19:50:41.302, NVIDIA L40S, 40, 0 %, 0 %, 469 MiB, 46068 MiB
2026/06/25 19:50:44.302, NVIDIA L40S, 40, 0 %, 0 %, 469 MiB, 46068 MiB
2026/06/25 19:50:47.303, NVIDIA L40S, 40, 44 %, 4 %, 1279 MiB, 46068 MiB
2026/06/25 19:50:50.304, NVIDIA L40S, 40, 0 %, 0 %, 487 MiB, 46068 MiB
2026/06/25 19:50:53.304, NVIDIA L40S, 40, 0 %, 0 %, 489 MiB, 46068 MiB
2026/06/25 19:50:56.304, NVIDIA L40S, 40, 0 %, 0 %, 7401 MiB, 46068 MiB
2026/06/25 19:50:59.305, NVIDIA L40S, 40, 0 %, 0 %, 543 MiB, 46068 MiB
2026/06/25 19:51:02.305, NVIDIA L40S, 40, 0 %, 0 %, 545 MiB, 46068 MiB
2026/06/25 19:51:05.306, NVIDIA L40S, 41, 0 %, 0 %, 1185 MiB, 46068 MiB
2026/06/25 19:51:08.306, NVIDIA L40S, 41, 0 %, 0 %, 499 MiB, 46068 MiB
2026/06/25 19:51:11.307, NVIDIA L40S, 41, 0 %, 0 %, 501 MiB, 46068 MiB
2026/06/25 19:51:14.307, NVIDIA L40S, 41, 0 %, 0 %, 501 MiB, 46068 MiB
2026/06/25 19:51:17.308, NVIDIA L40S, 41, 0 %, 0 %, 1097 MiB, 46068 MiB
2026/06/25 19:51:20.308, NVIDIA L40S, 41, 0 %, 0 %, 453 MiB, 46068 MiB
2026/06/25 19:51:23.309, NVIDIA L40S, 41, 0 %, 0 %, 455 MiB, 46068 MiB
2026/06/25 19:51:26.309, NVIDIA L40S, 41, 0 %, 0 %, 455 MiB, 46068 MiB
2026/06/25 19:51:29.309, NVIDIA L40S, 41, 0 %, 0 %, 443 MiB, 46068 MiB
2026/06/25 19:51:32.310, NVIDIA L40S, 41, 0 %, 0 %, 445 MiB, 46068 MiB
2026/06/25 19:51:35.310, NVIDIA L40S, 41, 32 %, 1 %, 7741 MiB, 46068 MiB
2026/06/25 19:51:38.311, NVIDIA L40S, 41, 0 %, 0 %, 487 MiB, 46068 MiB
2026/06/25 19:51:41.311, NVIDIA L40S, 41, 0 %, 0 %, 489 MiB, 46068 MiB
2026/06/25 19:51:44.312, NVIDIA L40S, 41, 0 %, 0 %, 489 MiB, 46068 MiB
2026/06/25 19:51:47.312, NVIDIA L40S, 41, 0 %, 0 %, 531 MiB, 46068 MiB
2026/06/25 19:51:50.312, NVIDIA L40S, 41, 0 %, 0 %, 533 MiB, 46068 MiB
2026/06/25 19:51:53.313, NVIDIA L40S, 41, 0 %, 0 %, 533 MiB, 46068 MiB
2026/06/25 19:51:56.313, NVIDIA L40S, 41, 70 %, 6 %, 1251 MiB, 46068 MiB
2026/06/25 19:51:59.314, NVIDIA L40S, 41, 0 %, 0 %, 557 MiB, 46068 MiB
2026/06/25 19:52:02.314, NVIDIA L40S, 41, 0 %, 0 %, 559 MiB, 46068 MiB
2026/06/25 19:52:05.315, NVIDIA L40S, 41, 0 %, 0 %, 559 MiB, 46068 MiB
2026/06/25 19:52:08.315, NVIDIA L40S, 41, 0 %, 0 %, 547 MiB, 46068 MiB
2026/06/25 19:52:11.316, NVIDIA L40S, 41, 0 %, 0 %, 549 MiB, 46068 MiB
2026/06/25 19:52:14.316, NVIDIA L40S, 41, 0 %, 0 %, 549 MiB, 46068 MiB
2026/06/25 19:52:17.317, NVIDIA L40S, 41, 0 %, 0 %, 537 MiB, 46068 MiB
2026/06/25 19:52:20.317, NVIDIA L40S, 41, 0 %, 0 %, 539 MiB, 46068 MiB
2026/06/25 19:52:23.318, NVIDIA L40S, 41, 0 %, 0 %, 539 MiB, 46068 MiB
2026/06/25 19:52:26.318, NVIDIA L40S, 41, 0 %, 0 %, 527 MiB, 46068 MiB
2026/06/25 19:52:29.319, NVIDIA L40S, 41, 0 %, 0 %, 529 MiB, 46068 MiB
2026/06/25 19:52:32.319, NVIDIA L40S, 41, 0 %, 0 %, 529 MiB, 46068 MiB
2026/06/25 19:52:35.319, NVIDIA L40S, 41, 48 %, 1 %, 3805 MiB, 46068 MiB
2026/06/25 19:52:38.320, NVIDIA L40S, 41, 0 %, 0 %, 519 MiB, 46068 MiB
2026/06/25 19:52:41.320, NVIDIA L40S, 41, 0 %, 0 %, 521 MiB, 46068 MiB
2026/06/25 19:52:44.321, NVIDIA L40S, 41, 0 %, 0 %, 521 MiB, 46068 MiB
2026/06/25 19:52:47.321, NVIDIA L40S, 41, 0 %, 0 %, 509 MiB, 46068 MiB
2026/06/25 19:52:50.322, NVIDIA L40S, 41, 0 %, 0 %, 511 MiB, 46068 MiB
2026/06/25 19:52:53.322, NVIDIA L40S, 41, 0 %, 0 %, 511 MiB, 46068 MiB
2026/06/25 19:52:56.323, NVIDIA L40S, 41, 0 %, 0 %, 499 MiB, 46068 MiB
2026/06/25 19:52:59.323, NVIDIA L40S, 41, 0 %, 0 %, 501 MiB, 46068 MiB
2026/06/25 19:53:02.324, NVIDIA L40S, 41, 0 %, 0 %, 501 MiB, 46068 MiB
2026/06/25 19:53:05.324, NVIDIA L40S, 41, 0 %, 0 %, 1149 MiB, 46068 MiB
2026/06/25 19:53:08.324, NVIDIA L40S, 41, 0 %, 0 %, 459 MiB, 46068 MiB
2026/06/25 19:53:11.326, NVIDIA L40S, 40, 0 %, 0 %, 461 MiB, 46068 MiB
2026/06/25 19:53:14.326, NVIDIA L40S, 40, 0 %, 0 %, 6861 MiB, 46068 MiB
2026/06/25 19:53:17.327, NVIDIA L40S, 40, 0 %, 0 %, 549 MiB, 46068 MiB
2026/06/25 19:53:20.327, NVIDIA L40S, 40, 0 %, 0 %, 551 MiB, 46068 MiB
2026/06/25 19:53:23.328, NVIDIA L40S, 40, 0 %, 0 %, 551 MiB, 46068 MiB
2026/06/25 19:53:26.328, NVIDIA L40S, 40, 0 %, 0 %, 539 MiB, 46068 MiB
2026/06/25 19:53:29.329, NVIDIA L40S, 40, 0 %, 0 %, 541 MiB, 46068 MiB
2026/06/25 19:53:32.329, NVIDIA L40S, 40, 0 %, 0 %, 541 MiB, 46068 MiB
2026/06/25 19:53:35.330, NVIDIA L40S, 40, 0 %, 0 %, 2219 MiB, 46068 MiB
2026/06/25 19:53:38.330, NVIDIA L40S, 40, 0 %, 0 %, 451 MiB, 46068 MiB
2026/06/25 19:53:41.331, NVIDIA L40S, 40, 0 %, 0 %, 453 MiB, 46068 MiB
2026/06/25 19:53:44.331, NVIDIA L40S, 40, 0 %, 0 %, 453 MiB, 46068 MiB
2026/06/25 19:53:47.332, NVIDIA L40S, 40, 0 %, 0 %, 441 MiB, 46068 MiB
2026/06/25 19:53:50.332, NVIDIA L40S, 41, 0 %, 0 %, 443 MiB, 46068 MiB
2026/06/25 19:53:53.333, NVIDIA L40S, 41, 0 %, 0 %, 443 MiB, 46068 MiB
2026/06/25 19:53:56.333, NVIDIA L40S, 41, 0 %, 0 %, 559 MiB, 46068 MiB
2026/06/25 19:53:59.334, NVIDIA L40S, 41, 0 %, 0 %, 561 MiB, 46068 MiB
2026/06/25 19:54:02.334, NVIDIA L40S, 41, 0 %, 0 %, 561 MiB, 46068 MiB
2026/06/25 19:54:05.335, NVIDIA L40S, 41, 0 %, 0 %, 549 MiB, 46068 MiB
2026/06/25 19:54:08.335, NVIDIA L40S, 41, 0 %, 0 %, 551 MiB, 46068 MiB
2026/06/25 19:54:11.336, NVIDIA L40S, 41, 0 %, 0 %, 6183 MiB, 46068 MiB
2026/06/25 19:54:14.336, NVIDIA L40S, 41, 0 %, 0 %, 481 MiB, 46068 MiB
2026/06/25 19:54:17.337, NVIDIA L40S, 41, 0 %, 0 %, 483 MiB, 46068 MiB
2026/06/25 19:54:20.337, NVIDIA L40S, 41, 0 %, 0 %, 6627 MiB, 46068 MiB
2026/06/25 19:54:23.338, NVIDIA L40S, 41, 0 %, 0 %, 557 MiB, 46068 MiB
2026/06/25 19:54:26.338, NVIDIA L40S, 41, 0 %, 0 %, 473 MiB, 46068 MiB
2026/06/25 19:54:29.338, NVIDIA L40S, 41, 0 %, 0 %, 985 MiB, 46068 MiB
2026/06/25 19:54:32.339, NVIDIA L40S, 41, 0 %, 0 %, 457 MiB, 46068 MiB
2026/06/25 19:54:35.340, NVIDIA L40S, 41, 92 %, 1 %, 841 MiB, 46068 MiB
2026/06/25 19:54:38.340, NVIDIA L40S, 41, 0 %, 0 %, 505 MiB, 46068 MiB
2026/06/25 19:54:41.340, NVIDIA L40S, 41, 0 %, 0 %, 1659 MiB, 46068 MiB
2026/06/25 19:54:44.341, NVIDIA L40S, 41, 66 %, 2 %, 469 MiB, 46068 MiB
2026/06/25 19:54:47.341, NVIDIA L40S, 41, 3 %, 0 %, 1367 MiB, 46068 MiB
2026/06/25 19:54:50.342, NVIDIA L40S, 41, 0 %, 0 %, 1433 MiB, 46068 MiB
2026/06/25 19:54:53.342, NVIDIA L40S, 41, 0 %, 0 %, 679 MiB, 46068 MiB
2026/06/25 19:54:56.343, NVIDIA L40S, 40, 0 %, 0 %, 525 MiB, 46068 MiB
2026/06/25 19:54:59.343, NVIDIA L40S, 40, 0 %, 0 %, 537 MiB, 46068 MiB
2026/06/25 19:55:02.343, NVIDIA L40S, 40, 0 %, 0 %, 665 MiB, 46068 MiB
2026/06/25 19:55:05.344, NVIDIA L40S, 40, 0 %, 0 %, 645 MiB, 46068 MiB
2026/06/25 19:55:08.345, NVIDIA L40S, 40, 0 %, 0 %, 543 MiB, 46068 MiB
2026/06/25 19:55:11.345, NVIDIA L40S, 40, 0 %, 0 %, 673 MiB, 46068 MiB
2026/06/25 19:55:14.345, NVIDIA L40S, 40, 0 %, 0 %, 609 MiB, 46068 MiB
2026/06/25 19:55:17.346, NVIDIA L40S, 40, 0 %, 0 %, 537 MiB, 46068 MiB
2026/06/25 19:55:20.347, NVIDIA L40S, 40, 0 %, 0 %, 1435 MiB, 46068 MiB
2026/06/25 19:55:23.347, NVIDIA L40S, 40, 0 %, 0 %, 451 MiB, 46068 MiB
2026/06/25 19:55:26.348, NVIDIA L40S, 40, 0 %, 0 %, 585 MiB, 46068 MiB
2026/06/25 19:55:29.348, NVIDIA L40S, 41, 0 %, 0 %, 805 MiB, 46068 MiB
2026/06/25 19:55:32.349, NVIDIA L40S, 41, 0 %, 0 %, 555 MiB, 46068 MiB
2026/06/25 19:55:35.349, NVIDIA L40S, 41, 0 %, 0 %, 685 MiB, 46068 MiB
2026/06/25 19:55:38.350, NVIDIA L40S, 41, 0 %, 0 %, 453 MiB, 46068 MiB
2026/06/25 19:55:41.350, NVIDIA L40S, 41, 0 %, 0 %, 817 MiB, 46068 MiB
2026/06/25 19:55:44.351, NVIDIA L40S, 41, 0 %, 0 %, 703 MiB, 46068 MiB
2026/06/25 19:55:47.351, NVIDIA L40S, 41, 0 %, 0 %, 459 MiB, 46068 MiB
2026/06/25 19:55:50.352, NVIDIA L40S, 41, 0 %, 0 %, 1229 MiB, 46068 MiB
2026/06/25 19:55:53.353, NVIDIA L40S, 41, 0 %, 0 %, 545 MiB, 46068 MiB
2026/06/25 19:55:56.353, NVIDIA L40S, 41, 11 %, 0 %, 443 MiB, 46068 MiB
2026/06/25 19:55:59.353, NVIDIA L40S, 41, 0 %, 0 %, 699 MiB, 46068 MiB
2026/06/25 19:56:02.354, NVIDIA L40S, 41, 0 %, 0 %, 531 MiB, 46068 MiB
2026/06/25 19:56:05.354, NVIDIA L40S, 41, 0 %, 0 %, 539 MiB, 46068 MiB
2026/06/25 19:56:08.355, NVIDIA L40S, 41, 0 %, 0 %, 669 MiB, 46068 MiB
2026/06/25 19:56:11.355, NVIDIA L40S, 41, 13 %, 0 %, 723 MiB, 46068 MiB
2026/06/25 19:56:14.356, NVIDIA L40S, 41, 0 %, 0 %, 535 MiB, 46068 MiB
2026/06/25 19:56:17.356, NVIDIA L40S, 41, 0 %, 0 %, 1047 MiB, 46068 MiB
2026/06/25 19:56:20.357, NVIDIA L40S, 41, 0 %, 0 %, 561 MiB, 46068 MiB
2026/06/25 19:56:23.357, NVIDIA L40S, 41, 0 %, 0 %, 691 MiB, 46068 MiB
2026/06/25 19:56:26.358, NVIDIA L40S, 41, 0 %, 0 %, 651 MiB, 46068 MiB
2026/06/25 19:56:29.358, NVIDIA L40S, 41, 0 %, 0 %, 479 MiB, 46068 MiB
2026/06/25 19:56:32.359, NVIDIA L40S, 41, 0 %, 0 %, 479 MiB, 46068 MiB
2026/06/25 19:56:35.359, NVIDIA L40S, 41, 16 %, 1 %, 4703 MiB, 46068 MiB
2026/06/25 19:56:38.360, NVIDIA L40S, 41, 0 %, 0 %, 469 MiB, 46068 MiB
2026/06/25 19:56:41.360, NVIDIA L40S, 41, 0 %, 0 %, 849 MiB, 46068 MiB
2026/06/25 19:56:44.361, NVIDIA L40S, 41, 0 %, 0 %, 561 MiB, 46068 MiB
2026/06/25 19:56:47.361, NVIDIA L40S, 41, 0 %, 0 %, 505 MiB, 46068 MiB
2026/06/25 19:56:50.362, NVIDIA L40S, 41, 0 %, 0 %, 679 MiB, 46068 MiB
2026/06/25 19:56:53.362, NVIDIA L40S, 41, 0 %, 0 %, 509 MiB, 46068 MiB
2026/06/25 19:56:56.363, NVIDIA L40S, 40, 0 %, 0 %, 509 MiB, 46068 MiB
2026/06/25 19:56:59.363, NVIDIA L40S, 40, 0 %, 0 %, 509 MiB, 46068 MiB
2026/06/25 19:57:02.363, NVIDIA L40S, 40, 0 %, 0 %, 509 MiB, 46068 MiB
2026/06/25 19:57:05.364, NVIDIA L40S, 40, 0 %, 0 %, 509 MiB, 46068 MiB
2026/06/25 19:57:08.364, NVIDIA L40S, 40, 0 %, 0 %, 509 MiB, 46068 MiB
2026/06/25 19:57:11.365, NVIDIA L40S, 40, 0 %, 0 %, 509 MiB, 46068 MiB
2026/06/25 19:57:14.365, NVIDIA L40S, 40, 0 %, 0 %, 509 MiB, 46068 MiB
2026/06/25 19:57:17.365, NVIDIA L40S, 40, 0 %, 0 %, 509 MiB, 46068 MiB
2026/06/25 19:57:20.366, NVIDIA L40S, 40, 0 %, 0 %, 509 MiB, 46068 MiB
2026/06/25 19:57:23.366, NVIDIA L40S, 40, 0 %, 0 %, 509 MiB, 46068 MiB
2026/06/25 19:57:26.367, NVIDIA L40S, 40, 0 %, 0 %, 509 MiB, 46068 MiB
2026/06/25 19:57:29.367, NVIDIA L40S, 40, 0 %, 0 %, 509 MiB, 46068 MiB
2026/06/25 19:57:32.368, NVIDIA L40S, 40, 0 %, 0 %, 509 MiB, 46068 MiB
2026/06/25 19:57:35.368, NVIDIA L40S, 40, 0 %, 0 %, 509 MiB, 46068 MiB
2026/06/25 19:57:38.369, NVIDIA L40S, 40, 0 %, 0 %, 507 MiB, 46068 MiB
2026/06/25 19:57:41.369, NVIDIA L40S, 40, 0 %, 0 %, 507 MiB, 46068 MiB
2026/06/25 19:57:44.369, NVIDIA L40S, 40, 0 %, 0 %, 507 MiB, 46068 MiB
2026/06/25 19:57:47.370, NVIDIA L40S, 40, 0 %, 0 %, 507 MiB, 46068 MiB
2026/06/25 19:57:50.370, NVIDIA L40S, 40, 0 %, 0 %, 507 MiB, 46068 MiB
2026/06/25 19:57:53.371, NVIDIA L40S, 40, 0 %, 0 %, 507 MiB, 46068 MiB
2026/06/25 19:57:56.371, NVIDIA L40S, 40, 0 %, 0 %, 507 MiB, 46068 MiB
2026/06/25 19:57:59.372, NVIDIA L40S, 40, 0 %, 0 %, 507 MiB, 46068 MiB
2026/06/25 19:58:02.372, NVIDIA L40S, 41, 0 %, 0 %, 507 MiB, 46068 MiB
2026/06/25 19:58:05.372, NVIDIA L40S, 41, 0 %, 0 %, 507 MiB, 46068 MiB
2026/06/25 19:58:08.373, NVIDIA L40S, 41, 0 %, 0 %, 507 MiB, 46068 MiB
2026/06/25 19:58:11.373, NVIDIA L40S, 41, 0 %, 0 %, 507 MiB, 46068 MiB
2026/06/25 19:58:14.374, NVIDIA L40S, 41, 0 %, 0 %, 507 MiB, 46068 MiB
2026/06/25 19:58:17.374, NVIDIA L40S, 41, 0 %, 0 %, 507 MiB, 46068 MiB
2026/06/25 19:58:20.375, NVIDIA L40S, 41, 0 %, 0 %, 507 MiB, 46068 MiB
2026/06/25 19:58:23.375, NVIDIA L40S, 41, 0 %, 0 %, 507 MiB, 46068 MiB
2026/06/25 19:58:26.376, NVIDIA L40S, 41, 0 %, 0 %, 507 MiB, 46068 MiB
2026/06/25 19:58:29.376, NVIDIA L40S, 41, 0 %, 0 %, 507 MiB, 46068 MiB
2026/06/25 19:58:32.376, NVIDIA L40S, 41, 0 %, 0 %, 507 MiB, 46068 MiB
2026/06/25 19:58:35.377, NVIDIA L40S, 41, 0 %, 0 %, 507 MiB, 46068 MiB
2026/06/25 19:58:38.377, NVIDIA L40S, 41, 0 %, 0 %, 507 MiB, 46068 MiB
2026/06/25 19:58:41.378, NVIDIA L40S, 41, 0 %, 0 %, 507 MiB, 46068 MiB
2026/06/25 19:58:44.378, NVIDIA L40S, 41, 0 %, 0 %, 507 MiB, 46068 MiB
2026/06/25 19:58:47.379, NVIDIA L40S, 41, 0 %, 0 %, 507 MiB, 46068 MiB
2026/06/25 19:58:50.379, NVIDIA L40S, 41, 0 %, 0 %, 507 MiB, 46068 MiB
2026/06/25 19:58:53.379, NVIDIA L40S, 41, 0 %, 0 %, 507 MiB, 46068 MiB
2026/06/25 19:58:56.380, NVIDIA L40S, 41, 0 %, 0 %, 507 MiB, 46068 MiB
2026/06/25 19:58:59.380, NVIDIA L40S, 38, 0 %, 0 %, 0 MiB, 46068 MiB
2026/06/25 19:59:02.381, NVIDIA L40S, 37, 0 %, 0 %, 0 MiB, 46068 MiB
2026/06/25 19:59:05.381, NVIDIA L40S, 36, 0 %, 0 %, 0 MiB, 46068 MiB
2026/06/25 19:59:08.382, NVIDIA L40S, 36, 0 %, 0 %, 0 MiB, 46068 MiB
2026/06/25 19:59:11.382, NVIDIA L40S, 35, 0 %, 0 %, 0 MiB, 46068 MiB
2026/06/25 19:59:14.382, NVIDIA L40S, 35, 0 %, 0 %, 0 MiB, 46068 MiB
2026/06/25 19:59:17.383, NVIDIA L40S, 35, 0 %, 0 %, 0 MiB, 46068 MiB
2026/06/25 19:59:20.383, NVIDIA L40S, 34, 0 %, 0 %, 0 MiB, 46068 MiB
2026/06/25 19:59:23.384, NVIDIA L40S, 34, 0 %, 0 %, 0 MiB, 46068 MiB
2026/06/25 19:59:26.384, NVIDIA L40S, 34, 0 %, 0 %, 0 MiB, 46068 MiB
2026/06/25 19:59:29.385, NVIDIA L40S, 33, 0 %, 0 %, 0 MiB, 46068 MiB
2026/06/25 19:59:32.385, NVIDIA L40S, 33, 0 %, 0 %, 0 MiB, 46068 MiB
2026/06/25 19:59:35.385, NVIDIA L40S, 33, 0 %, 0 %, 0 MiB, 46068 MiB
2026/06/25 19:59:38.386, NVIDIA L40S, 33, 0 %, 0 %, 0 MiB, 46068 MiB
2026/06/25 19:59:41.386, NVIDIA L40S, 32, 0 %, 0 %, 0 MiB, 46068 MiB
2026/06/25 19:59:44.387, NVIDIA L40S, 32, 0 %, 0 %, 0 MiB, 46068 MiB
2026/06/25 19:59:47.387, NVIDIA L40S, 32, 0 %, 0 %, 0 MiB, 46068 MiB
2026/06/25 19:59:50.387, NVIDIA L40S, 32, 0 %, 0 %, 0 MiB, 46068 MiB
2026/06/25 19:59:53.388, NVIDIA L40S, 31, 0 %, 0 %, 0 MiB, 46068 MiB
2026/06/25 19:59:56.388, NVIDIA L40S, 31, 0 %, 0 %, 0 MiB, 46068 MiB
2026/06/25 19:59:59.389, NVIDIA L40S, 31, 0 %, 0 %, 0 MiB, 46068 MiB
2026/06/25 20:00:02.389, NVIDIA L40S, 31, 0 %, 0 %, 0 MiB, 46068 MiB
2026/06/25 20:00:05.389, NVIDIA L40S, 31, 0 %, 0 %, 0 MiB, 46068 MiB
2026/06/25 20:00:08.390, NVIDIA L40S, 31, 0 %, 0 %, 0 MiB, 46068 MiB
2026/06/25 20:00:11.390, NVIDIA L40S, 31, 0 %, 0 %, 0 MiB, 46068 MiB
2026/06/25 20:00:14.390, NVIDIA L40S, 31, 0 %, 0 %, 0 MiB, 46068 MiB
2026/06/25 20:00:17.391, NVIDIA L40S, 31, 0 %, 0 %, 0 MiB, 46068 MiB
2026/06/25 20:00:20.391, NVIDIA L40S, 30, 0 %, 0 %, 0 MiB, 46068 MiB
2026/06/25 20:00:23.392, NVIDIA L40S, 30, 0 %, 0 %, 0 MiB, 46068 MiB
2026/06/25 20:00:26.392, NVIDIA L40S, 30, 0 %, 0 %, 0 MiB, 46068 MiB
2026/06/25 20:00:29.392, NVIDIA L40S, 30, 0 %, 0 %, 0 MiB, 46068 MiB
2026/06/25 20:00:32.393, NVIDIA L40S, 30, 0 %, 0 %, 0 MiB, 46068 MiB
2026/06/25 20:00:35.393, NVIDIA L40S, 30, 0 %, 0 %, 0 MiB, 46068 MiB
2026/06/25 20:00:38.393, NVIDIA L40S, 30, 0 %, 0 %, 0 MiB, 46068 MiB
2026/06/25 20:00:41.394, NVIDIA L40S, 30, 0 %, 0 %, 0 MiB, 46068 MiB
2026/06/25 20:00:44.394, NVIDIA L40S, 29, 0 %, 0 %, 0 MiB, 46068 MiB
2026/06/25 20:00:47.395, NVIDIA L40S, 29, 0 %, 0 %, 0 MiB, 46068 MiB
2026/06/25 20:00:50.395, NVIDIA L40S, 29, 0 %, 0 %, 0 MiB, 46068 MiB
2026/06/25 20:00:53.395, NVIDIA L40S, 29, 0 %, 0 %, 0 MiB, 46068 MiB
